latitude;longitude;altitude;azimuth;slope;dvdone;dvrest;kmdone;kmto;cpnumero;cptype;sumcategory
45.100981;6.008939;712.22;99.9;0;0;5450;0;170.81;5;real;
45.101158;6.008897;712.16;99.9;0;0;5450;0.02;170.79;;;
45.101336;6.008858;712.25;99;0;0;5450;0.04;170.77;;;
45.101514;6.008817;712.26;98.6;0;0;5450;0.06;170.75;;;
45.101692;6.008775;712.23;98.6;0;0;5450;0.08;170.73;;;
45.101869;6.008733;712.2;99.1;0;0;5450;0.1;170.71;;;
45.102047;6.008692;712.22;98.6;0;0;5450;0.12;170.69;;;
45.1024;6.008608;712.15;99;0;0;5450;0.16;170.65;;;
45.102578;6.008567;712.11;99.9;0;0;5450;0.18;170.63;;;
45.102756;6.008528;712.07;98.6;0;0;5450;0.2;170.61;;;
45.102933;6.008486;712.07;99.9;0;0;5450;0.22;170.59;;;
45.103111;6.008444;712.09;99;0;0;5450;0.24;170.57;;;
45.103289;6.0084;712.01;99.9;0;0;5450;0.26;170.55;;;
45.103644;6.008314;711.97;100;0;0;5450;0.3;170.51;;;
45.103822;6.008272;711.92;99;0;0;5450;0.32;170.49;;;
45.104;6.008233;711.88;99;0;0;5450;0.34;170.47;;;
45.104175;6.008192;711.85;98.9;0;0;5450;0.36;170.45;;;
45.104353;6.00815;711.8;98.6;0;0;5450;0.38;170.43;;;
45.104531;6.008106;711.77;99.9;0;0;5450;0.4;170.41;;;
45.104708;6.008064;711.82;99.9;0;0;5450;0.42;170.39;;;
45.104886;6.008022;711.77;99;0;0;5450;0.44;170.37;;;
45.105064;6.007978;711.74;99.9;0;0;5450;0.46;170.35;;;
45.105242;6.007933;711.77;100.3;0;0;5450;0.48;170.33;;;
45.105417;6.007889;711.77;99.9;0;0;5450;0.5;170.31;;;
45.105597;6.007853;711.79;97.1;0;0;5450;0.52;170.29;;;
45.105772;6.007811;711.8;99.9;0;0;5450;0.54;170.27;;;
45.106306;6.007686;711.71;99;0;0;5450;0.6;170.21;;;
45.106483;6.007644;711.7;100.3;0;0;5450;0.62;170.19;;;
45.106661;6.007603;711.71;99.9;0;0;5450;0.64;170.17;;;
45.106839;6.007561;711.74;99;0;0;5450;0.66;170.15;;;
45.107017;6.007519;711.72;100.3;0;0;5450;0.68;170.13;;;
45.107194;6.007478;711.74;100;0;0;5450;0.7;170.11;;;
45.107372;6.007439;711.75;98.6;0;0;5450;0.72;170.09;;;
45.10755;6.007397;711.69;99;0;0;5450;0.74;170.07;6;;
45.107728;6.007356;711.74;98.6;0;0;5450;0.76;170.05;;;
45.107903;6.007311;711.75;99.9;0;0;5450;0.78;170.03;;;
45.108081;6.007269;711.72;100.3;0;0;5450;0.8;170.01;;;
45.108258;6.007228;711.69;98.6;0;0;5450;0.82;169.99;;;
45.108436;6.007183;711.62;100.3;0;0;5450;0.84;169.97;;;
45.108614;6.007142;711.63;99.9;0;0;5450;0.86;169.95;;;
45.108792;6.0071;711.64;99.9;0;0;5450;0.88;169.93;;;
45.108969;6.007058;711.62;100.5;0;0;5450;0.9;169.91;;;
45.109147;6.007017;711.6;99.9;0;0;5450;0.92;169.89;;;
45.109322;6.006975;711.59;100.2;0;0;5450;0.94;169.87;;;
45.1095;6.006933;711.54;99;0;0;5450;0.96;169.85;;;
45.109678;6.006892;711.6;98.6;0;0;5450;0.98;169.83;;;
45.109856;6.00685;711.6;98.6;0;0;5450;1;169.81;;;
45.110033;6.006808;711.61;99;0;0;5450;1.02;169.79;;;
45.110211;6.006764;711.64;99.9;0;0;5450;1.04;169.77;;;
45.110389;6.006722;711.61;99.9;0;0;5450;1.06;169.75;;;
45.110567;6.006681;711.62;98.6;0;0;5450;1.08;169.73;;;
45.111453;6.006469;711.56;100.3;0;0;5450;1.18;169.63;;;
45.111631;6.006428;711.57;99.9;0;0;5450;1.2;169.61;;;
45.111808;6.006386;711.53;99;0;0;5450;1.22;169.59;;;
45.111986;6.006342;711.47;99.9;0;0;5450;1.24;169.57;;;
45.112164;6.006297;711.42;99.9;0;0;5450;1.26;169.55;;;
45.112339;6.006253;711.38;99.9;0;0;5450;1.28;169.53;;;
45.112517;6.006211;711.33;99;0;0;5450;1.3;169.51;;;
45.112697;6.006178;711.3;97.1;0;0;5450;1.32;169.49;7;;
45.112875;6.006139;711.33;98.6;0;0;5450;1.34;169.47;;;
45.113053;6.0061;711.34;98.6;0;0;5450;1.36;169.45;;;
45.113228;6.006058;711.44;100.7;0;0;5450;1.38;169.43;;;
45.113406;6.006014;711.52;99.9;0;0;5450;1.4;169.41;;;
45.113583;6.005964;711.51;102.5;0;0;5450;1.42;169.39;;;
45.113758;6.005906;711.54;103.4;0;0;5450;1.44;169.37;;;
45.113928;6.005822;711.61;110.7;0;0;5450;1.46;169.35;;;
45.114089;6.005711;711.77;116;0;0;5450;1.48;169.33;;;
45.114231;6.005564;711.85;124.8;-1;18;5432;1.5;169.31;;;
45.1143;6.0058;711.69;21.5;-1;18;5432;1.52;169.29;;;
45.11435;6.006042;711.28;16.1;-1;18;5432;1.54;169.27;;;
45.114392;6.006289;711.04;13.1;-1;18;5432;1.56;169.25;;;
45.114425;6.006539;711.08;9;-1;18;5432;1.58;169.23;;;
45.11445;6.006792;711.13;9;0;18;5432;1.6;169.21;;;
45.114475;6.007042;711.01;7.1;0;18;5432;1.62;169.19;;;
45.114497;6.007294;711.19;7.1;0;18;5432;1.64;169.17;;;
45.114519;6.007547;711.05;7.1;0;18;5432;1.66;169.15;;;
45.114542;6.0078;710.75;6.9;0;18;5432;1.68;169.13;;;
45.114564;6.008053;711.24;6.9;0;18;5432;1.7;169.11;;;
45.114589;6.008303;711.09;7.1;0;18;5432;1.72;169.09;;;
45.114614;6.008556;711.27;7.1;0;18;5432;1.74;169.07;;;
45.114642;6.008806;711.13;9;0;18;5432;1.76;169.05;;;
45.114667;6.009058;711.11;9;0;18;5432;1.78;169.03;;;
45.114692;6.009311;711.21;8.8;0;18;5432;1.8;169.01;;;
45.114717;6.009561;711.06;7.1;0;18;5432;1.82;168.99;;;
45.114744;6.009814;711.34;8.2;0;18;5432;1.84;168.97;;;
45.114769;6.010064;711.29;8.4;0;18;5432;1.86;168.95;;;
45.114797;6.010317;711.41;8.8;0;18;5432;1.88;168.93;;;
45.114822;6.010567;711.47;9;0;18;5432;1.9;168.91;;;
45.114847;6.010819;711.26;7;0;18;5432;1.92;168.89;;;
45.114872;6.011069;711.55;7.1;0;18;5432;1.94;168.87;;;
45.114897;6.011322;711.42;7.1;0;18;5432;1.96;168.85;;;
45.114922;6.011575;711.61;8.8;1;18;5432;1.98;168.83;;;
45.114947;6.011825;711.87;9;1;18;5432;2;168.81;;;
45.114997;6.012069;712.26;18;2;19;5431;2.02;168.79;;;
45.115058;6.012308;712.35;22;2;19;5431;2.04;168.77;;;
45.115142;6.012533;712.85;27.6;1;19;5431;2.06;168.75;;;
45.11525;6.012736;713.15;39.4;0;20;5430;2.08;168.73;;;
45.115369;6.012922;713.6;46.1;0;20;5430;2.1;168.71;;;
45.115511;6.013081;713.92;52.6;-1;20;5430;2.12;168.69;;;
45.115656;6.013233;708.85;53.3;-2;20;5430;2.14;168.67;;;
45.115797;6.013389;708.84;52.6;-1;20;5430;2.16;168.65;;;
45.117072;6.014797;712.36;50.7;0;20;5430;2.34;168.47;;;
45.117208;6.014961;712.49;49.5;0;20;5430;2.36;168.45;;;
45.117344;6.015133;712.53;48.7;0;20;5430;2.38;168.43;;;
45.117478;6.0153;712.61;48.8;0;20;5430;2.4;168.41;;;
45.117614;6.015467;712.66;48.5;0;20;5430;2.42;168.39;;;
45.11775;6.015631;712.77;49.5;0;21;5429;2.44;168.37;;;
45.117889;6.015797;712.89;50.1;0;21;5429;2.46;168.35;;;
45.118025;6.015961;713.04;49.7;0;21;5429;2.48;168.33;;;
45.118161;6.016125;713.17;49.5;0;21;5429;2.5;168.31;;;
45.1183;6.016292;713.26;49.3;0;21;5429;2.52;168.29;;;
45.118436;6.016456;713.27;49.3;0;21;5429;2.54;168.27;;;
45.118572;6.016625;713.32;48.7;0;21;5429;2.56;168.25;;;
45.118708;6.016792;713.42;49.3;0;21;5429;2.58;168.23;;;
45.118842;6.016958;713.44;48.8;1;21;5429;2.6;168.21;;;
45.118978;6.017125;713.57;48.8;1;21;5429;2.62;168.19;;;
45.119114;6.017292;713.73;49.7;1;21;5429;2.64;168.17;8;;
45.119247;6.017464;713.83;46.4;1;22;5428;2.66;168.15;;;
45.119367;6.017653;713.9;40.8;1;22;5428;2.68;168.13;;;
45.119481;6.01785;714.12;39.9;1;22;5428;2.7;168.11;;;
45.119594;6.018047;714.31;37.9;1;22;5428;2.72;168.09;;;
45.119697;6.018256;714.51;35.3;1;22;5428;2.74;168.07;;;
45.1198;6.018461;714.71;34.5;1;23;5427;2.76;168.05;;;
45.119903;6.018672;714.95;34;1;23;5427;2.78;168.03;;;
45.119994;6.018892;715.37;31;1;23;5427;2.8;168.01;;;
45.120083;6.019111;715.73;29.3;1;23;5427;2.82;167.99;;;
45.120172;6.019333;715.95;29.3;1;24;5426;2.84;167.97;;;
45.120261;6.019556;716.11;29.1;1;24;5426;2.86;167.95;;;
45.120347;6.019775;716.23;28.3;1;24;5426;2.88;167.93;;;
45.120439;6.019997;716.36;31;0;24;5426;2.9;167.91;;;
45.120528;6.020217;716.46;30.3;0;24;5426;2.92;167.89;;;
45.120622;6.020433;716.45;31.7;0;24;5426;2.94;167.87;;;
45.120711;6.020653;716.38;28.2;0;24;5426;2.96;167.85;;;
45.120806;6.020872;716.47;31.5;1;24;5426;2.98;167.83;;;
45.120875;6.021106;716.71;20.1;1;25;5425;3;167.81;;;
45.120931;6.021347;716.84;18;2;25;5425;3.02;167.79;;;
45.120975;6.021592;717.18;14.2;2;25;5425;3.04;167.77;;;
45.121025;6.021836;717.46;16.2;2;26;5424;3.06;167.75;;;
45.1211;6.022064;718.09;33.8;2;26;5424;3.08;167.73;;;
45.1212;6.022275;718.57;36.1;1;26;5424;3.1;167.71;;;
45.121328;6.022453;719.02;50.8;1;27;5423;3.12;167.69;;;
45.121478;6.022589;719.31;61.1;1;27;5423;3.14;167.67;;;
45.12165;6.022669;717.58;73.5;1;27;5423;3.16;167.65;;;
45.121825;6.022725;715.25;78.8;0;27;5423;3.18;167.63;;;
45.121997;6.022794;719.46;72.7;0;27;5423;3.2;167.61;;;
45.122153;6.022922;719.33;59.2;-1;27;5423;3.22;167.59;;;
45.122272;6.023108;719.13;38.8;-1;27;5423;3.24;167.57;;;
45.122353;6.023336;718.76;23.6;-1;27;5423;3.26;167.55;;;
45.122417;6.023575;718.33;22;-1;27;5423;3.28;167.53;;;
45.122475;6.023814;717.97;20.1;0;27;5423;3.3;167.51;;;
45.122531;6.024056;717.84;18.3;0;27;5423;3.32;167.49;;;
45.122606;6.024286;717.69;25.9;0;27;5423;3.34;167.47;;;
45.122694;6.024508;717.5;29.3;0;27;5423;3.36;167.45;;;
45.122786;6.024725;717.83;30;0;27;5423;3.38;167.43;;;
45.122878;6.024944;717.91;29.9;0;27;5423;3.4;167.41;;;
45.122967;6.025167;718.04;29.9;0;27;5423;3.42;167.39;;;
45.123053;6.025389;718.15;28.2;0;28;5422;3.44;167.37;;;
45.123142;6.025611;718.12;29.9;0;28;5422;3.46;167.35;;;
45.123231;6.025831;718.28;30.3;0;28;5422;3.48;167.33;;;
45.123317;6.026056;718.28;28;0;28;5422;3.5;167.31;;;
45.1234;6.026281;718.3;28;0;28;5422;3.52;167.29;;;
45.123483;6.026506;718.47;27.4;0;28;5422;3.54;167.27;;;
45.123572;6.026728;718.63;29.3;0;28;5422;3.56;167.25;;;
45.123658;6.02695;718.8;29.3;0;28;5422;3.58;167.23;;;
45.123747;6.027169;718.73;29.3;0;28;5422;3.6;167.21;;;
45.123836;6.027392;718.72;29.3;0;28;5422;3.62;167.19;;;
45.123928;6.027611;718.85;29.9;0;28;5422;3.64;167.17;;;
45.124019;6.027831;718.9;29.1;0;28;5422;3.66;167.15;;;
45.124111;6.028047;718.95;30;0;28;5422;3.68;167.13;;;
45.124203;6.028267;718.84;30.3;0;28;5422;3.7;167.11;;;
45.124292;6.028489;718.99;29.9;0;28;5422;3.72;167.09;;;
45.124381;6.028708;719.08;29.9;0;29;5421;3.74;167.07;;;
45.124469;6.028931;719.19;29.1;0;29;5421;3.76;167.05;;;
45.124553;6.029156;719.29;25.9;0;29;5421;3.78;167.03;;;
45.124642;6.029375;719.44;29.9;1;29;5421;3.8;167.01;;;
45.124733;6.029597;719.55;29.3;1;29;5421;3.82;166.99;;;
45.124822;6.029817;719.68;29.3;1;29;5421;3.84;166.97;;;
45.124911;6.030036;719.85;30;1;29;5421;3.86;166.95;;;
45.125003;6.030256;719.99;31.4;1;30;5420;3.88;166.93;;;
45.125092;6.030478;720.18;29.9;1;30;5420;3.9;166.91;;;
45.125181;6.030697;720.23;29.9;1;30;5420;3.92;166.89;;;
45.125272;6.030917;720.16;31.4;1;30;5420;3.94;166.87;;;
45.125361;6.031136;720.45;30;1;30;5420;3.96;166.85;;;
45.125453;6.031356;720.88;30.3;1;30;5420;3.98;166.83;;;
45.125544;6.031575;721.08;31.7;1;31;5419;4;166.81;;;
45.125725;6.032014;721.38;30;1;31;5419;4.04;166.77;;;
45.125903;6.032458;721.52;29.9;1;31;5419;4.08;166.73;;;
45.126081;6.0329;721.73;31.5;0;31;5419;4.12;166.69;;;
45.126258;6.033342;721.87;29.3;0;31;5419;4.16;166.65;;;
45.126347;6.033561;721.96;29.3;0;31;5419;4.18;166.63;;;
45.126439;6.033781;722.05;30.3;0;31;5419;4.2;166.61;;;
45.126528;6.034003;722.22;29.9;0;31;5419;4.22;166.59;;;
45.126617;6.034222;722.04;30.6;0;31;5419;4.24;166.57;;;
45.126706;6.034444;722.1;29.9;0;31;5419;4.26;166.55;;;
45.126794;6.034664;722.11;27.6;0;31;5419;4.28;166.53;;;
45.126883;6.034886;722.12;29.3;1;32;5418;4.3;166.51;;;
45.126972;6.035108;722.28;29.3;1;32;5418;4.32;166.49;;;
45.127061;6.035328;722.69;29.3;1;32;5418;4.34;166.47;;;
45.127242;6.035769;723.14;32.2;1;33;5417;4.38;166.43;;;
45.127425;6.036206;723.6;29.8;2;33;5417;4.42;166.39;;;
45.1276;6.03665;724.52;29.3;1;34;5416;4.46;166.35;;;
45.127778;6.037092;725.43;29.9;0;35;5415;4.5;166.31;;;
45.127919;6.037556;725.24;10.3;-1;35;5415;4.54;166.27;;;
45.127844;6.038047;723.72;-3.9;1;35;5415;4.58;166.23;;;
45.127983;6.038508;724.51;30;2;36;5414;4.62;166.19;;;
45.128156;6.038956;725.62;27.6;3;37;5413;4.66;166.15;;;
45.12825;6.039172;726.07;33.3;3;37;5413;4.68;166.13;;;
45.12835;6.039381;726.66;33.8;3;38;5412;4.7;166.11;;;
45.128456;6.039586;727.28;34.5;3;38;5412;4.72;166.09;;;
45.128556;6.0398;727.85;33.3;3;39;5411;4.74;166.07;;;
45.12865;6.040014;728.31;32.1;3;39;5411;4.76;166.05;;;
45.128747;6.040228;728.87;33.8;3;40;5410;4.78;166.03;;;
45.128842;6.040447;729.31;31.5;2;40;5410;4.8;166.01;;;
45.128933;6.040664;729.73;31.7;2;41;5409;4.82;165.99;;;
45.129028;6.040881;730.13;31.4;2;41;5409;4.84;165.97;;;
45.129203;6.041325;730.53;25.3;3;41;5409;4.88;165.93;;;
45.129192;6.041817;731.24;-17.7;4;43;5407;4.92;165.89;;;
45.128992;6.042239;733;-34.5;4;45;5405;4.96;165.85;;;
45.128789;6.042661;735.94;-34;5;47;5403;5;165.81;;;
45.128583;6.043078;737.44;-35.3;5;49;5401;5.04;165.77;;;
45.128378;6.043492;739.78;-36.9;6;51;5399;5.08;165.73;;;
45.128083;6.043767;739.36;-68;7;53;5397;5.12;165.69;;;
45.127992;6.043964;742.17;-14.9;7;55;5395;5.14;165.67;;;
45.128106;6.044133;745.69;62.3;7;56;5394;5.16;165.65;;;
45.128264;6.044039;746.02;127.4;6;57;5393;5.18;165.63;;;
45.128397;6.043869;746.91;132.9;6;58;5392;5.2;165.61;;;
45.128528;6.043694;747.69;134.5;5;60;5390;5.22;165.59;;;
45.128661;6.043525;750.17;131.2;5;61;5389;5.24;165.57;;;
45.128794;6.043356;751.34;131.6;6;62;5388;5.26;165.55;;;
45.128931;6.043186;751.94;131.2;6;63;5387;5.28;165.53;;;
45.129064;6.043017;753.06;131.2;7;65;5385;5.3;165.51;;;
45.129197;6.042847;754.57;131.9;7;66;5384;5.32;165.49;;;
45.129333;6.042678;756;130.3;8;67;5383;5.34;165.47;;;
45.129467;6.042508;757.23;131.5;8;68;5382;5.36;165.45;;;
45.1296;6.042339;758.24;131.2;8;70;5380;5.38;165.43;;;
45.129733;6.042169;759.51;131.9;7;71;5379;5.4;165.41;;;
45.129869;6.042;762.04;131.6;7;73;5377;5.42;165.39;;;
45.130003;6.041831;763.39;131.2;7;74;5376;5.44;165.37;;;
45.130139;6.041664;764.48;131.2;7;76;5374;5.46;165.35;;;
45.130272;6.041494;766.6;132.9;7;77;5373;5.48;165.33;;;
45.130364;6.041275;767.2;154.1;6;79;5371;5.5;165.31;;;
45.130436;6.041042;769.41;158.5;6;79;5371;5.52;165.29;;;
45.130503;6.040808;768.73;155.9;6;80;5370;5.54;165.27;;;
45.13065;6.040758;772.98;90;4;81;5369;5.56;165.25;;;
45.130747;6.040931;773.2;25.9;3;82;5368;5.58;165.23;;;
45.130692;6.041161;771.8;-31.7;1;83;5367;5.6;165.21;;;
45.130575;6.041356;771.24;-40;0;83;5367;5.62;165.19;;;
45.130456;6.041544;770.5;-41.2;-2;83;5367;5.64;165.17;;;
45.130336;6.041736;770.6;-42.6;-2;83;5367;5.66;165.15;;;
45.130217;6.041928;770.69;-41.7;-2;83;5367;5.68;165.13;;;
45.1301;6.042119;770.51;-40.3;-1;83;5367;5.7;165.11;;;
45.129981;6.042308;770.7;-41.2;-1;83;5367;5.72;165.09;;;
45.129861;6.0425;770.5;-42.6;-1;83;5367;5.74;165.07;;;
45.129744;6.042692;770.13;-41.4;-1;83;5367;5.76;165.05;;;
45.129625;6.042886;770.26;-41.7;-1;83;5367;5.78;165.03;;;
45.129508;6.043078;769.9;-40.8;0;83;5367;5.8;165.01;;;
45.129392;6.043269;769.89;-41.2;0;83;5367;5.82;164.99;;;
45.129275;6.043464;770.1;-40.3;0;83;5367;5.84;164.97;;;
45.129156;6.043656;770.56;-41.4;0;83;5367;5.86;164.95;;;
45.129039;6.043847;770.02;-41.2;0;83;5367;5.88;164.93;;;
45.128922;6.044039;770.2;-41.4;1;83;5367;5.9;164.91;;;
45.128803;6.044233;769.8;-40.3;1;83;5367;5.92;164.89;;;
45.128686;6.044425;770.87;-40.3;1;83;5367;5.94;164.87;;;
45.128569;6.044617;770.36;-41.4;2;84;5366;5.96;164.85;;;
45.12845;6.044811;770.53;-41.7;3;84;5366;5.98;164.83;;;
45.128333;6.045003;770.96;-40.8;3;84;5366;6;164.81;;;
45.128214;6.045192;770.54;-42.3;4;85;5365;6.02;164.79;;;
45.128094;6.045381;772.91;-41.4;5;87;5363;6.04;164.77;;;
45.128114;6.045586;775.61;34;4;88;5362;6.06;164.75;;;
45.128228;6.045781;776.08;41.4;3;89;5361;6.08;164.73;;;
45.128344;6.045975;776.45;40.3;2;89;5361;6.1;164.71;;;
45.128464;6.046164;775.42;42.3;1;89;5361;6.12;164.69;;;
45.128586;6.046353;773.68;42.3;0;90;5360;6.14;164.67;;;
45.128706;6.046542;774.77;42.8;0;90;5360;6.16;164.65;;;
45.128825;6.046731;778.28;40.9;-1;90;5360;6.18;164.63;;;
45.128944;6.046922;776.87;42.6;-1;90;5360;6.2;164.61;;;
45.129064;6.047111;776.34;41.2;-2;90;5360;6.22;164.59;;;
45.129186;6.0473;776.79;42.6;-2;90;5360;6.24;164.57;;;
45.129303;6.047492;776.58;40.5;-2;90;5360;6.26;164.55;;;
45.129439;6.047656;773.76;53.7;-3;90;5360;6.28;164.53;;;
45.129594;6.047783;772.28;66.2;-3;90;5360;6.3;164.51;;;
45.129767;6.04785;769.66;80.1;-4;90;5360;6.32;164.49;;;
45.129944;6.047894;769.83;80;-4;90;5360;6.34;164.47;;;
45.130122;6.047936;770;81.4;-3;90;5360;6.36;164.45;;;
45.130294;6.047997;770.17;76.2;-2;90;5360;6.38;164.43;;;
45.130469;6.048064;770.34;74.9;-1;90;5360;6.4;164.41;;;
45.130644;6.048125;770.51;76;0;90;5360;6.42;164.39;;;
45.130819;6.048181;770.68;77.1;1;90;5360;6.44;164.37;;;
45.130994;6.048239;770.85;77.1;1;90;5360;6.46;164.35;;;
45.131169;6.048297;771.03;76.2;1;91;5359;6.48;164.33;;;
45.131344;6.048353;771.2;77.1;1;91;5359;6.5;164.31;;;
45.131522;6.048411;771.37;77.5;1;91;5359;6.52;164.29;;;
45.131697;6.048464;771.54;78.8;1;91;5359;6.54;164.27;;;
45.131872;6.048517;771.71;78.4;1;91;5359;6.56;164.25;9;;
45.13205;6.048569;771.88;77.9;1;91;5359;6.58;164.23;;;
45.132225;6.048619;772.05;78.8;1;91;5359;6.6;164.21;;;
45.132403;6.048672;772.22;78.8;1;92;5358;6.62;164.19;;;
45.132578;6.048725;772.4;77.5;1;92;5358;6.64;164.17;;;
45.132753;6.048775;772.57;78.4;1;92;5358;6.66;164.15;;;
45.132931;6.048819;772.74;80.1;1;92;5358;6.68;164.13;;;
45.133108;6.048867;772.91;79.7;1;92;5358;6.7;164.11;;;
45.133286;6.048911;773.08;80.1;1;93;5357;6.72;164.09;;;
45.133461;6.048958;773.25;80.1;1;93;5357;6.74;164.07;;;
45.133639;6.049003;773.42;80.1;1;93;5357;6.76;164.05;;;
45.133817;6.049047;773.6;80.1;1;93;5357;6.78;164.03;;;
45.133994;6.049089;773.77;80;1;93;5357;6.8;164.01;;;
45.134172;6.049128;773.94;81;1;93;5357;6.82;163.99;;;
45.13435;6.049169;774.11;81.4;1;94;5356;6.84;163.97;;;
45.134528;6.049211;774.28;81.4;1;94;5356;6.86;163.95;;;
45.134706;6.049253;774.45;80.1;1;94;5356;6.88;163.93;;;
45.134883;6.049292;774.62;81;1;94;5356;6.9;163.91;;;
45.135058;6.049336;774.79;80.1;1;94;5356;6.92;163.89;;;
45.135236;6.049378;774.97;80.1;1;95;5355;6.94;163.87;;;
45.135414;6.049417;775.14;82.3;1;95;5355;6.96;163.85;;;
45.135592;6.049453;775.31;82.3;1;95;5355;6.98;163.83;;;
45.135772;6.049492;775.48;81.2;1;95;5355;7;163.81;;;
45.13595;6.049528;775.65;81;1;95;5355;7.02;163.79;;;
45.136128;6.049536;775.82;90;1;96;5354;7.04;163.77;;;
45.136306;6.049492;775.99;103.4;1;96;5354;7.06;163.75;;;
45.136472;6.0494;776.16;117.1;2;96;5354;7.08;163.73;;;
45.136628;6.049278;776.82;118.9;2;96;5354;7.1;163.71;;;
45.136786;6.049153;778.06;118.9;3;96;5354;7.12;163.69;;;
45.136942;6.049025;778.62;120.1;3;96;5354;7.14;163.67;10;;
45.137097;6.0489;779.82;120.1;1;96;5354;7.16;163.65;;;
45.137256;6.048775;778.82;118.9;-2;96;5354;7.18;163.63;;;
45.137414;6.048658;775.64;117.2;-4;96;5354;7.2;163.61;;;
45.137581;6.048558;776.18;108.8;-7;96;5354;7.22;163.59;;;
45.13775;6.048483;772.82;105.6;-9;96;5354;7.24;163.57;;;
45.137928;6.048436;771.15;97.7;-6;96;5354;7.26;163.55;;;
45.138108;6.048419;770.97;90;-4;96;5354;7.28;163.53;;;
45.138286;6.048444;769.09;81.4;-1;97;5353;7.3;163.51;;;
45.138461;6.0485;775;72.3;1;98;5352;7.32;163.49;;;
45.138628;6.048589;779.78;68.5;4;99;5351;7.34;163.47;;;
45.138794;6.048692;779.53;65.8;2;100;5350;7.36;163.45;;;
45.138958;6.048792;776.53;67.8;0;100;5350;7.38;163.43;;;
45.139128;6.048875;773.7;73.5;-2;101;5349;7.4;163.41;;;
45.139306;6.048925;773.51;80.1;-4;101;5349;7.42;163.39;;;
45.139483;6.048958;770.26;85;-6;101;5349;7.44;163.37;;;
45.139664;6.048961;772.51;92.6;-5;101;5349;7.46;163.35;;;
45.139842;6.048939;768.19;95;-4;101;5349;7.48;163.33;;;
45.140022;6.048919;768.07;95.3;-2;101;5349;7.5;163.31;;;
45.1402;6.048928;768.03;88.6;-1;101;5349;7.52;163.29;;;
45.140381;6.04895;768;83.7;0;101;5349;7.54;163.27;;;
45.140558;6.048981;768;83.7;0;101;5349;7.56;163.25;;;
45.140736;6.049014;768;81;0;101;5349;7.58;163.23;;;
45.140914;6.049061;768;80.1;0;101;5349;7.6;163.21;;;
45.141089;6.049122;768;73.5;0;101;5349;7.62;163.19;;;
45.141258;6.049203;768;70.4;0;101;5349;7.64;163.17;;;
45.141428;6.049286;768;69.7;0;101;5349;7.66;163.15;;;
45.141597;6.049375;768;69.5;0;101;5349;7.68;163.13;;;
45.141767;6.049464;768;69.7;0;101;5349;7.7;163.11;;;
45.141933;6.049558;768;67;0;101;5349;7.72;163.09;;;
45.1421;6.049658;768;67;0;101;5349;7.74;163.07;;;
45.142264;6.049761;768;65.8;0;101;5349;7.76;163.05;;;
45.142425;6.049875;768;63.2;0;101;5349;7.78;163.03;;;
45.142586;6.049983;768;65.4;0;101;5349;7.8;163.01;;;
45.14275;6.050092;768;65.2;0;101;5349;7.82;162.99;;;
45.142911;6.050203;768;63.7;0;101;5349;7.84;162.97;;;
45.143075;6.050314;768;63.2;4;102;5348;7.86;162.95;;;
45.143233;6.050433;768.03;61.7;7;102;5348;7.88;162.93;;;
45.143386;6.050561;768.99;57.8;11;103;5347;7.9;162.91;;;
45.143528;6.050722;779.65;51.1;14;107;5343;7.92;162.89;;;
45.143667;6.050881;780.6;51.8;18;110;5340;7.94;162.87;;;
45.143808;6.051039;785.9;50.4;14;113;5337;7.96;162.85;;;
45.143964;6.051167;787.11;59.9;9;116;5334;7.98;162.83;;;
45.144128;6.051272;784.87;69.7;5;118;5332;8;162.81;;;
45.144294;6.051364;783.37;68.2;0;118;5332;8.02;162.79;;;
45.144572;6.051664;781.11;30;-1;118;5332;8.06;162.75;;;
45.144608;6.051908;781.82;3.2;2;118;5332;8.08;162.73;;;
45.144569;6.052156;785.04;-16.1;5;119;5331;8.1;162.71;;;
45.144433;6.052628;794.22;-23.6;11;122;5328;8.14;162.67;;;
45.144394;6.052875;796.56;-12.8;10;124;5326;8.16;162.65;;;
45.144414;6.053125;793.41;9;10;126;5324;8.18;162.63;;;
45.144517;6.053875;798.2;18;8;131;5319;8.24;162.57;;;
45.1446;6.054097;800.37;31.7;7;132;5318;8.26;162.55;;;
45.145039;6.054494;798.92;78.4;4;136;5314;8.32;162.49;;;
45.145217;6.054483;794.37;97.9;3;137;5313;8.34;162.47;;;
45.145381;6.054378;795.81;120.1;4;138;5312;8.36;162.45;;;
45.145636;6.054025;806.18;143.9;5;140;5310;8.4;162.41;11;;
45.145719;6.0538;808.38;154.7;6;141;5309;8.42;162.39;;;
45.145783;6.053564;809.24;162.2;7;143;5307;8.44;162.37;;;
45.145856;6.053067;812.1;171;4;145;5305;8.48;162.33;;;
45.145883;6.052814;813.27;171;2;146;5304;8.5;162.31;;;
45.145914;6.052564;813.93;171;1;146;5304;8.52;162.29;;;
45.145978;6.052064;812.43;167.2;-1;146;5304;8.56;162.25;;;
45.146033;6.051822;810.77;158.2;-1;146;5304;8.58;162.23;;;
45.146136;6.051614;811.09;140.6;0;146;5304;8.6;162.21;;;
45.146394;6.051261;811.49;130.3;0;146;5304;8.64;162.17;;;
45.146533;6.0511;810.41;127.4;0;146;5304;8.66;162.15;;;
45.146675;6.050947;810.9;125.2;-1;146;5304;8.68;162.13;;;
45.147194;6.050758;811.4;102.6;-2;146;5304;8.74;162.07;;;
45.147353;6.050647;810.5;118.9;-3;146;5304;8.76;162.05;;;
45.147753;6.050133;806.62;134.4;-8;146;5304;8.82;161.99;;;
45.147881;6.049953;805.22;135.1;-9;146;5304;8.84;161.97;;;
45.147994;6.049758;803.59;144.4;-8;146;5304;8.86;161.95;;;
45.148108;6.049278;800.18;163.4;-6;146;5304;8.9;161.91;;;
45.148169;6.049039;798.54;160;-5;146;5304;8.92;161.89;;;
45.148258;6.048819;797.4;145.5;-4;146;5304;8.94;161.87;;;
45.148561;6.048553;796.36;114.2;0;146;5304;8.98;161.83;;;
45.148731;6.048467;796.5;108.4;1;147;5303;9;161.81;;;
45.148906;6.048403;797.28;103.4;3;148;5302;9.02;161.79;;;
45.149261;6.048339;799.19;95;3;150;5300;9.06;161.75;;;
45.149442;6.048331;800.98;90.9;1;151;5299;9.08;161.73;;;
45.149619;6.048306;801.39;95.9;0;151;5299;9.1;161.71;;;
45.149964;6.048164;800.9;114.2;-4;151;5299;9.14;161.67;;;
45.150128;6.048058;798.98;114;-3;151;5299;9.16;161.65;;;
45.150292;6.047953;798.49;112.8;-2;151;5299;9.18;161.63;;;
45.150783;6.047642;797.49;113;0;151;5299;9.24;161.57;;;
45.150947;6.047536;796.82;115;0;151;5299;9.26;161.55;;;
45.151436;6.047214;796.44;115.9;-2;151;5299;9.32;161.49;;;
45.1516;6.047103;796.88;116.8;-2;151;5299;9.34;161.47;;;
45.15175;6.046967;797.61;123;-2;151;5299;9.36;161.45;;;
45.152019;6.046628;794.81;128.1;-1;151;5299;9.4;161.41;;;
45.152169;6.046489;793.54;120.4;0;151;5299;9.42;161.39;;;
45.152336;6.0464;793.87;109.6;0;151;5299;9.44;161.37;;;
45.152683;6.046264;794.78;109;1;151;5299;9.48;161.33;;;
45.152844;6.046153;793.69;120.4;2;152;5298;9.5;161.31;;;
45.152992;6.046006;792.57;125.2;2;153;5297;9.52;161.29;;;
45.153286;6.045714;792.5;123;5;155;5295;9.56;161.25;;;
45.153442;6.045592;795.39;115.6;7;157;5293;9.58;161.23;;;
45.153614;6.045522;799.78;101.6;8;158;5292;9.6;161.21;;;
45.153972;6.045469;805.87;95.4;12;163;5287;9.64;161.17;;;
45.154153;6.045447;808.66;94.8;12;166;5284;9.66;161.15;;;
45.154331;6.045431;811.79;93.6;12;168;5282;9.68;161.13;;;
45.154858;6.045281;816.21;106.4;13;176;5274;9.74;161.07;;;
45.155033;6.045225;821.7;99.9;13;179;5271;9.76;161.05;;;
45.155519;6.044936;830;132.6;13;188;5262;9.82;160.99;;;
45.155647;6.044758;833.2;134.4;13;191;5259;9.84;160.97;;;
45.155789;6.0446;836.73;126.3;13;195;5255;9.86;160.95;;;
45.156108;6.044367;842.65;115.9;12;201;5249;9.9;160.91;;;
45.156275;6.044278;841.63;109.2;12;202;5248;9.92;160.89;;;
45.156442;6.044183;841.83;116;12;203;5247;9.94;160.87;;;
45.156753;6.043931;846.35;120.6;11;205;5245;9.98;160.83;;;
45.156908;6.0438;848.43;120.4;11;207;5243;10;160.81;;;
45.157064;6.043672;848.89;120.1;10;209;5241;10.02;160.79;;;
45.157389;6.043464;852.86;106.4;10;213;5237;10.06;160.75;;;
45.157567;6.043411;852.48;102.5;10;215;5235;10.08;160.73;;;
45.157742;6.043367;858.08;100.2;9;216;5234;10.1;160.71;;;
45.158097;6.043272;862.4;102.5;9;216;5234;10.14;160.67;;;
45.158261;6.043169;858.01;116.3;9;216;5234;10.16;160.65;;;
45.158419;6.043053;859.79;119.2;9;216;5234;10.18;160.63;;;
45.158947;6.042925;865.45;93.6;8;224;5226;10.24;160.57;;;
45.159125;6.042889;867.23;100.2;8;227;5223;10.26;160.55;;;
45.159297;6.042811;870.84;109.6;8;231;5219;10.28;160.53;;;
45.159467;6.042731;874.05;109;7;233;5217;10.3;160.51;;;
45.159636;6.042644;875.78;110.9;7;235;5215;10.32;160.49;;;
45.159803;6.042547;878.28;113.5;7;236;5214;10.34;160.47;;;
45.159967;6.042439;878.88;115.6;7;238;5212;10.36;160.45;;;
45.160128;6.042325;879.81;116.8;7;239;5211;10.38;160.43;;;
45.160289;6.042217;881.83;114.4;6;241;5209;10.4;160.41;;;
45.160458;6.042125;882.05;109.8;6;242;5208;10.42;160.39;;;
45.160633;6.042067;882.3;101.2;6;243;5207;10.44;160.37;;;
45.160811;6.042031;883.83;97.2;6;244;5206;10.46;160.35;;;
45.160992;6.042019;886.02;92.6;6;246;5204;10.48;160.33;;;
45.161172;6.042011;887.83;90;6;247;5203;10.5;160.31;;;
45.16135;6.042019;889.2;86.4;6;247;5203;10.52;160.29;;;
45.161531;6.042047;890.7;83;6;248;5202;10.54;160.27;;;
45.161708;6.042089;891.42;80.1;5;249;5201;10.56;160.25;;;
45.161883;6.042131;891.48;79.7;5;250;5200;10.58;160.23;;;
45.162061;6.042172;892.04;80.1;5;251;5199;10.6;160.21;;;
45.162242;6.042203;895.39;85.2;5;253;5197;10.62;160.19;;;
45.162419;6.042219;898.63;87.7;5;255;5195;10.64;160.17;;;
45.1626;6.042217;898.69;90.9;5;257;5193;10.66;160.15;;;
45.162781;6.042206;899.49;92.2;5;259;5191;10.68;160.13;;;
45.162958;6.042192;901.2;92.3;5;260;5190;10.7;160.11;;;
45.163139;6.042178;903.07;92.3;5;260;5190;10.72;160.09;;;
45.163319;6.042161;901.52;93.5;5;261;5189;10.74;160.07;;;
45.163497;6.042144;900.14;94.1;5;262;5188;10.76;160.05;;;
45.163678;6.042133;903.56;92.7;5;262;5188;10.78;160.03;;;
45.163858;6.042139;904.37;86.5;5;264;5186;10.8;160.01;;;
45.164036;6.042158;905;86.4;5;265;5185;10.82;159.99;;;
45.164217;6.042131;910.55;97.2;5;267;5183;10.84;159.97;;;
45.164394;6.042103;911.33;96.4;5;269;5181;10.86;159.95;;;
45.164572;6.042069;913.82;97.7;6;271;5179;10.88;159.93;;;
45.16475;6.042033;913.49;99;6;272;5178;10.9;159.91;;;
45.164931;6.042006;911.45;95;6;273;5177;10.92;159.89;;;
45.165108;6.041989;912.22;93.6;7;274;5176;10.94;159.87;;;
45.165289;6.041972;917.88;94.1;7;274;5176;10.96;159.85;;;
45.165469;6.041956;917.91;93.5;7;275;5175;10.98;159.83;;;
45.165644;6.041914;917.12;101.6;7;277;5173;11;159.81;;;
45.165822;6.041861;919.16;101.2;8;279;5171;11.02;159.79;;;
45.165997;6.041808;922.55;102.9;8;282;5168;11.04;159.77;;;
45.166175;6.041778;924.92;93.6;8;284;5166;11.06;159.75;;;
45.166356;6.041756;925.14;95;8;287;5163;11.08;159.73;;;
45.166536;6.04175;929.95;90;8;288;5162;11.1;159.71;;;
45.166714;6.041744;930.58;92.7;8;288;5162;11.12;159.69;;;
45.166894;6.041728;927.72;93.7;8;288;5162;11.14;159.67;;;
45.167072;6.041689;931.86;98.6;8;288;5162;11.16;159.65;;;
45.16725;6.041642;931.86;102.1;8;288;5162;11.18;159.63;;;
45.167422;6.041578;928.18;103.8;8;289;5161;11.2;159.61;;;
45.167594;6.041506;924.43;107;8;292;5158;11.22;159.59;;;
45.167767;6.041428;929.68;107.7;8;295;5155;11.24;159.57;;;
45.167939;6.041347;934.96;107.7;8;297;5153;11.26;159.55;;;
45.168108;6.041264;939.01;109;7;300;5150;11.28;159.53;;;
45.168275;6.041167;940.94;113.8;7;301;5149;11.3;159.51;;;
45.168425;6.041036;942.52;128.6;6;301;5149;11.32;159.49;;;
45.168561;6.040867;943.55;134.4;6;301;5149;11.34;159.47;;;
45.168681;6.040678;939.25;139.2;6;301;5149;11.36;159.45;;;
45.168775;6.040461;937.4;148.3;5;301;5149;11.38;159.43;;;
45.168875;6.04025;937.29;143.9;5;302;5148;11.4;159.41;;;
45.168994;6.040064;945.2;133.9;4;305;5145;11.42;159.39;;;
45.169142;6.039914;943.1;120;4;308;5142;11.44;159.37;;;
45.169303;6.039814;951.2;108.1;5;311;5139;11.46;159.35;;;
45.169481;6.039764;950.57;99.9;5;314;5136;11.48;159.33;;;
45.169658;6.039722;951.97;101.2;6;317;5133;11.5;159.31;;;
45.169828;6.039644;951.62;110.7;6;320;5130;11.52;159.29;;;
45.169994;6.039544;951;113;7;323;5127;11.54;159.27;;;
45.170156;6.039433;957.39;116;7;325;5125;11.56;159.25;;;
45.170317;6.039322;961.78;116;8;328;5122;11.58;159.23;;;
45.170478;6.039208;965.86;116;8;330;5120;11.6;159.21;;;
45.170639;6.039094;965.48;117.2;9;330;5120;11.62;159.19;;;
45.170803;6.038983;968.08;115.2;9;331;5119;11.64;159.17;;;
45.170967;6.038881;966.81;113.6;8;331;5119;11.66;159.15;;;
45.171133;6.038786;968.57;110.9;8;331;5119;11.68;159.13;;;
45.1713;6.038689;967.73;114.2;7;332;5118;11.7;159.11;;;
45.171461;6.038581;966.69;114.6;7;333;5117;11.72;159.09;;;
45.171625;6.038472;968.94;116;6;334;5116;11.74;159.07;;;
45.171786;6.038358;972.35;117.5;5;336;5114;11.76;159.05;;;
45.171947;6.038247;973.18;116.3;5;337;5113;11.78;159.03;;;
45.172114;6.038147;973.66;111.8;4;337;5113;11.8;159.01;;;
45.172289;6.038089;974.03;103.4;4;337;5113;11.82;158.99;;;
45.172464;6.038028;972.59;103.4;3;337;5113;11.84;158.97;;;
45.172639;6.037969;972.84;103.8;4;337;5113;11.86;158.95;;;
45.172814;6.037911;972.2;102.5;5;337;5113;11.88;158.93;;;
45.172989;6.03785;972.27;103.8;6;338;5112;11.9;158.91;;;
45.173167;6.037808;972.66;100.3;7;339;5111;11.92;158.89;;;
45.173344;6.037786;974.31;91.4;9;340;5110;11.94;158.87;;;
45.173525;6.037781;974.7;90.9;10;341;5109;11.96;158.85;;;
45.173703;6.037764;975.44;95;11;342;5108;11.98;158.83;;;
45.173881;6.037717;977.41;105;12;344;5106;12;158.81;;;
45.174047;6.037628;982.22;115.9;13;348;5102;12.02;158.79;;;
45.174206;6.037508;983.15;118.9;14;351;5099;12.04;158.77;;;
45.174364;6.037389;987.34;118.9;13;355;5095;12.06;158.75;;;
45.174522;6.037264;991.78;118.9;12;358;5092;12.08;158.73;;;
45.174686;6.037164;995.08;111.8;10;361;5089;12.1;158.71;;;
45.174861;6.037106;999.48;101.6;9;363;5087;12.12;158.69;;;
45.175039;6.037067;1001.6;96.3;8;365;5085;12.14;158.67;;;
45.175219;6.037056;1000.82;92.2;7;367;5083;12.16;158.65;;;
45.175397;6.037022;1001.98;102.5;6;368;5082;12.18;158.63;;;
45.175569;6.036958;1004.08;104.3;4;369;5081;12.2;158.61;;;
45.175744;6.036897;1008.9;104.3;3;370;5080;12.22;158.59;;;
45.175925;6.036892;1010.1;86.1;2;371;5079;12.24;158.57;;;
45.176103;6.036917;1008.84;85.9;3;371;5079;12.26;158.55;;;
45.176283;6.036928;1008;88.7;3;372;5078;12.28;158.53;;;
45.176458;6.036872;1006.63;107.7;4;372;5078;12.3;158.51;;;
45.176622;6.036772;1006.52;116.3;5;374;5076;12.32;158.49;;;
45.176775;6.036636;1005.88;124.1;6;375;5075;12.34;158.47;;;
45.176919;6.036489;1007.88;126.3;6;376;5074;12.36;158.45;12;;
45.177069;6.036344;1008.39;121.5;7;378;5072;12.38;158.43;;;
45.177233;6.036319;1013.28;77.1;8;379;5071;12.4;158.41;;;
45.177386;6.036447;1014.64;53.7;8;380;5070;12.42;158.39;;;
45.177536;6.036586;1013.79;57.8;9;380;5070;12.44;158.37;;;
45.177694;6.036708;1012.74;64.1;10;381;5069;12.46;158.35;;;
45.177869;6.036753;1013.17;88.6;10;382;5068;12.48;158.33;;;
45.178036;6.036669;1016.89;113;11;383;5067;12.5;158.31;;;
45.178206;6.036586;1020.31;106.3;11;386;5064;12.52;158.29;;;
45.178383;6.03655;1024.62;95;12;389;5061;12.54;158.27;;;
45.178561;6.036575;1026.91;78.4;12;391;5059;12.56;158.25;;;
45.178739;6.036614;1028.2;82.3;13;394;5056;12.58;158.23;;;
45.178919;6.036611;1029.96;93.5;13;397;5053;12.6;158.21;;;
45.179092;6.036544;1034.57;107.7;13;401;5049;12.62;158.19;;;
45.179258;6.036453;1036.88;115;13;405;5045;12.64;158.17;;;
45.179414;6.036322;1040.65;127.4;13;408;5042;12.66;158.15;;;
45.179556;6.036169;1046.04;128.1;13;412;5038;12.68;158.13;;;
45.179703;6.036022;1048.56;124.1;13;415;5035;12.7;158.11;;;
45.179858;6.035894;1053;119.6;13;417;5033;12.72;158.09;;;
45.180025;6.035803;1054.57;109.2;12;418;5032;12.74;158.07;;;
45.180197;6.035725;1056.35;106.4;12;420;5030;12.76;158.05;;;
45.180369;6.035647;1058.26;107.7;11;422;5028;12.78;158.03;;;
45.180542;6.035572;1057.67;106.4;11;424;5026;12.8;158.01;;;
45.180714;6.035497;1060.27;106.4;10;427;5023;12.82;157.99;;;
45.180883;6.035419;1063.44;107.7;10;429;5021;12.84;157.97;;;
45.181056;6.035344;1066.45;107.5;10;431;5019;12.86;157.95;;;
45.181228;6.035269;1069.47;107.7;9;434;5016;12.88;157.93;;;
45.1814;6.035194;1069.74;106.9;9;436;5014;12.9;157.91;;;
45.181572;6.035125;1073.59;105.1;8;439;5011;12.92;157.89;;;
45.181747;6.035061;1074.87;104.3;8;441;5009;12.94;157.87;;;
45.181925;6.035011;1080.42;99.9;8;444;5006;12.96;157.85;;;
45.182103;6.034969;1083.12;99;7;447;5003;12.98;157.83;;;
45.182281;6.034936;1082.65;96.3;7;448;5002;13;157.81;;;
45.182458;6.034922;1085.47;92.7;6;448;5002;13.02;157.79;;;
45.182639;6.034933;1081.31;86.4;6;448;5002;13.04;157.77;;;
45.182819;6.034939;1080.66;90;6;448;5002;13.06;157.75;;;
45.182997;6.034925;1082.92;93.6;6;448;5002;13.08;157.73;;;
45.183178;6.034894;1081.96;97.7;6;449;5001;13.1;157.71;;;
45.183356;6.034858;1084.78;99;6;451;4999;13.12;157.69;;;
45.183533;6.034822;1087.76;99;7;453;4997;13.14;157.67;;;
45.183711;6.034789;1090.44;97.7;7;455;4995;13.16;157.65;;;
45.183889;6.034753;1092.92;97.2;7;458;4992;13.18;157.63;;;
45.184069;6.034717;1092.63;97.1;7;459;4991;13.2;157.61;;;
45.184247;6.034683;1094.84;97.7;7;461;4989;13.22;157.59;;;
45.184425;6.03465;1096.86;97.7;7;462;4988;13.24;157.57;;;
45.184603;6.034617;1098.93;97.2;7;464;4986;13.26;157.55;;;
45.184781;6.034583;1100.63;97.7;7;465;4985;13.28;157.53;;;
45.184961;6.03455;1100.03;97.4;8;467;4983;13.3;157.51;;;
45.185139;6.034522;1101.49;95;8;469;4981;13.32;157.49;;;
45.185319;6.034514;1102.01;91.3;8;470;4980;13.34;157.47;;;
45.185497;6.0345;1102.36;95;8;472;4978;13.36;157.45;;;
45.185675;6.034444;1105.59;105.1;8;474;4976;13.38;157.43;;;
45.185839;6.03435;1108.6;114.8;9;476;4974;13.4;157.41;;;
45.186003;6.034244;1111.64;114.8;9;478;4972;13.42;157.39;;;
45.186169;6.034142;1116.79;113;9;481;4969;13.44;157.37;;;
45.186336;6.034053;1119.85;109.2;9;483;4967;13.46;157.35;;;
45.186508;6.033978;1121.99;106.4;10;486;4964;13.48;157.33;;;
45.186681;6.033908;1120.76;105.4;10;487;4963;13.5;157.31;;;
45.186856;6.033836;1120.86;106.3;10;489;4961;13.52;157.29;;;
45.187031;6.033789;1120.45;96.3;11;490;4960;13.54;157.27;;;
45.187206;6.033839;1119.92;75;11;491;4959;13.56;157.25;;;
45.187369;6.033942;1122.39;62.5;11;492;4958;13.58;157.23;;;
45.187528;6.034067;1126.46;61.1;11;494;4956;13.6;157.21;;;
45.187686;6.034189;1131.28;61.7;12;497;4953;13.62;157.19;;;
45.187844;6.034308;1134.7;62.9;12;500;4950;13.64;157.17;;;
45.188003;6.034431;1135.74;61.7;12;503;4947;13.66;157.15;;;
45.188161;6.034553;1138.26;61.7;11;505;4945;13.68;157.13;;;
45.188317;6.034675;1140.81;61.1;11;508;4942;13.7;157.11;;;
45.188475;6.034797;1143.05;61.1;10;510;4940;13.72;157.09;;;
45.188636;6.034911;1144.99;64.1;10;512;4938;13.74;157.07;;;
45.188803;6.035011;1148.08;68.5;9;514;4936;13.76;157.05;;;
45.188969;6.0351;1147.95;69.5;9;516;4934;13.78;157.03;;;
45.189142;6.035181;1151.17;72.3;8;518;4932;13.8;157.01;;;
45.189314;6.03525;1152.19;74.9;8;519;4931;13.82;156.99;;;
45.189486;6.035319;1153.09;74.9;7;520;4930;13.84;156.97;;;
45.189661;6.035392;1156.36;72.3;8;522;4928;13.86;156.95;;;
45.189828;6.035481;1157.97;68.1;8;523;4927;13.88;156.93;;;
45.189994;6.035581;1157.17;67;9;525;4925;13.9;156.91;;;
45.190161;6.035678;1158.24;68.9;9;527;4923;13.92;156.89;;;
45.190331;6.035753;1159.46;74.6;10;530;4920;13.94;156.87;;;
45.190506;6.035811;1163.2;77.2;10;532;4918;13.96;156.85;;;
45.190683;6.035869;1167.42;77.9;11;535;4915;13.98;156.83;;;
45.190858;6.035928;1170.01;77.5;11;538;4912;14;156.81;;;
45.191033;6.035981;1174.39;77.5;12;540;4910;14.02;156.79;;;
45.191208;6.036036;1177.7;77.1;12;543;4907;14.04;156.77;;;
45.191386;6.036086;1180.64;78.8;12;546;4904;14.06;156.75;;;
45.191564;6.036128;1183.57;80.1;11;549;4901;14.08;156.73;;;
45.191739;6.036181;1184.5;75.7;11;551;4899;14.1;156.71;;;
45.191903;6.036281;1185.52;64;10;552;4898;14.12;156.69;;;
45.192061;6.036403;1184.44;61.1;10;554;4896;14.14;156.67;;;
45.192231;6.036486;1184.84;75;10;555;4895;14.16;156.65;;;
45.192411;6.036508;1188.9;86.5;9;556;4894;14.18;156.63;;;
45.192589;6.036525;1190.55;86.4;9;558;4892;14.2;156.61;;;
45.192767;6.036578;1193.87;76.2;8;560;4890;14.22;156.59;;;
45.192933;6.036672;1196.45;65;8;561;4889;14.24;156.57;;;
45.193089;6.0368;1198.8;58.1;9;563;4887;14.26;156.55;;;
45.193233;6.03695;1198.73;52.6;9;565;4885;14.28;156.53;;;
45.193369;6.037114;1199.98;49.1;10;567;4883;14.3;156.51;;;
45.193511;6.037272;1200.86;52.6;10;568;4882;14.32;156.49;;;
45.193667;6.037403;1200.79;62;11;569;4881;14.34;156.47;;;
45.193831;6.037508;1201.54;67.2;12;570;4880;14.36;156.45;;;
45.193994;6.037614;1203.73;65.8;12;572;4878;14.38;156.43;;;
45.194158;6.037711;1206.05;68.2;13;574;4876;14.4;156.41;;;
45.194328;6.037797;1208.57;71;13;577;4873;14.42;156.39;;;
45.1945;6.037869;1210.88;73.6;14;580;4870;14.44;156.37;;;
45.194678;6.037925;1215.22;78.8;13;584;4866;14.46;156.35;;;
45.194856;6.037956;1218.85;84.6;12;587;4863;14.48;156.33;;;
45.195033;6.037983;1222.52;83.7;11;590;4860;14.5;156.31;;;
45.195211;6.038036;1226.59;74.1;10;592;4858;14.52;156.29;;;
45.195372;6.038142;1228.82;61.9;10;594;4856;14.54;156.27;;;
45.195528;6.038269;1230.02;60.4;9;596;4854;14.56;156.25;;;
45.195683;6.0384;1231.52;58.5;8;598;4852;14.58;156.23;;;
45.195836;6.038536;1232.67;58.1;7;599;4851;14.6;156.21;;;
45.195994;6.038658;1233.13;65;6;600;4850;14.62;156.19;;;
45.196164;6.038731;1232.12;77.1;5;601;4849;14.64;156.17;;;
45.196344;6.038761;1233.13;83.8;5;602;4848;14.66;156.15;;;
45.196522;6.038789;1236.4;83.7;5;603;4847;14.68;156.13;;;
45.1967;6.038817;1236.97;83.7;6;604;4846;14.7;156.11;;;
45.196881;6.038853;1237.56;81;6;606;4844;14.72;156.09;;;
45.197058;6.038894;1238.23;80.1;6;608;4842;14.74;156.07;;;
45.197236;6.038919;1238.9;85;6;610;4840;14.76;156.05;;;
45.197414;6.038944;1244.15;84.1;6;612;4838;14.78;156.03;;;
45.197594;6.038978;1247.21;80.9;7;614;4836;14.8;156.01;;;
45.197769;6.039022;1250.61;79.8;7;616;4834;14.82;155.99;;;
45.197947;6.039078;1253.69;77.5;7;618;4832;14.84;155.97;;;
45.198122;6.039131;1256.09;78.8;7;620;4830;14.86;155.95;;;
45.198297;6.039186;1255.9;76.2;6;622;4828;14.88;155.93;;;
45.198469;6.039261;1256.99;71;6;623;4827;14.9;155.91;;;
45.198642;6.039342;1254.72;72.3;5;623;4827;14.92;155.89;;;
45.198817;6.039364;1253;91.4;5;623;4827;14.94;155.87;;;
45.198992;6.039294;1256.47;107.7;5;623;4827;14.96;155.85;;;
45.199167;6.039239;1257.31;98.6;4;623;4827;14.98;155.83;;;
45.199344;6.039219;1255.65;96.4;4;624;4826;15;155.81;;;
45.199514;6.039139;1257.12;106.4;3;625;4825;15.02;155.79;;;
45.199689;6.039081;1259.66;99.9;3;626;4824;15.04;155.77;;;
45.199869;6.039089;1260.16;86.5;3;626;4824;15.06;155.75;;;
45.200047;6.039125;1260.08;81.4;3;627;4823;15.08;155.73;13;;
45.200225;6.039172;1260.34;77.5;3;628;4822;15.1;155.71;;;
45.200397;6.039236;1259.36;72.3;3;628;4822;15.12;155.69;;;
45.200567;6.039325;1258.06;70.2;3;628;4822;15.14;155.67;;;
45.200736;6.039403;1257.42;73.6;3;628;4822;15.16;155.65;;;
45.200911;6.039464;1258.87;75.7;3;628;4822;15.18;155.63;;;
45.201089;6.039489;1259.66;90;3;628;4822;15.2;155.61;;;
45.201269;6.039489;1261.74;90;3;629;4821;15.22;155.59;;;
45.20145;6.039506;1264.55;84.7;3;630;4820;15.24;155.57;;;
45.201625;6.039558;1265.82;74.9;3;631;4819;15.26;155.55;;;
45.201778;6.039689;1264.84;53.7;3;632;4818;15.28;155.53;;;
45.201914;6.039856;1263.7;49.8;3;632;4818;15.3;155.51;;;
45.20205;6.040022;1264.63;49.7;3;632;4818;15.32;155.49;;;
45.202197;6.040169;1263.73;57;3;633;4817;15.34;155.47;;;
45.202353;6.040292;1263.08;65.2;2;633;4817;15.36;155.45;;;
45.202528;6.040331;1264.24;90;2;633;4817;15.38;155.43;;;
45.202706;6.040278;1265.39;103.4;2;634;4816;15.4;155.41;;;
45.202881;6.040228;1264.01;99.9;2;634;4816;15.42;155.39;;;
45.203061;6.040233;1265.19;83.9;2;635;4815;15.44;155.37;;;
45.203222;6.040342;1266.17;58.8;2;635;4815;15.46;155.35;;;
45.20335;6.040517;1267.07;43.3;2;635;4815;15.48;155.33;;;
45.203475;6.0407;1267.38;45.6;2;636;4814;15.5;155.31;;;
45.203611;6.040867;1267.46;49.4;2;637;4813;15.52;155.29;;;
45.203758;6.041014;1268.38;55.9;3;638;4812;15.54;155.27;;;
45.203908;6.041156;1269.54;55.6;3;639;4811;15.56;155.25;;;
45.204058;6.041297;1270.39;55.9;3;640;4810;15.58;155.23;;;
45.204206;6.041439;1272.1;56.7;3;640;4810;15.6;155.21;;;
45.20435;6.041589;1272.16;51.5;3;641;4809;15.62;155.19;;;
45.204486;6.041756;1272;48.5;3;641;4809;15.64;155.17;;;
45.204597;6.041958;1272.96;37.4;3;641;4809;15.66;155.15;;;
45.204697;6.042169;1272.68;29.4;2;641;4809;15.68;155.13;;;
45.204781;6.042392;1273.02;28.2;2;641;4809;15.7;155.11;;;
45.204867;6.042617;1274.43;28.2;2;641;4809;15.72;155.09;;;
45.204956;6.042839;1273.74;29.9;2;641;4809;15.74;155.07;;;
45.205044;6.043061;1273.42;29.4;1;642;4808;15.76;155.05;;;
45.205144;6.043272;1273.58;35.6;1;642;4808;15.78;155.03;;;
45.205286;6.043425;1273.49;58.8;1;642;4808;15.8;155.01;;;
45.20545;6.043522;1274.56;68.2;0;643;4807;15.82;154.99;;;
45.205622;6.043594;1275.53;74.9;0;643;4807;15.84;154.97;;;
45.205797;6.043661;1274.89;73.6;0;644;4806;15.86;154.95;;;
45.205969;6.043728;1275.66;74.4;1;644;4806;15.88;154.93;;;
45.206142;6.043808;1276.5;70.2;1;645;4805;15.9;154.91;;;
45.2063;6.043925;1274.82;57;1;645;4805;15.92;154.89;;;
45.206447;6.044072;1274.14;52.6;2;645;4805;15.94;154.87;;;
45.206586;6.044233;1275.61;50.8;2;645;4805;15.96;154.85;;;
45.206731;6.044386;1277.62;55.9;2;646;4804;15.98;154.83;;;
45.206886;6.044511;1277.46;64.2;2;646;4804;16;154.81;;;
45.20705;6.044614;1278.74;68.2;3;646;4804;16.02;154.79;;;
45.207219;6.044697;1278.72;71.7;3;646;4804;16.04;154.77;;;
45.207931;6.044819;1278.75;86.4;1;646;4804;16.12;154.69;;;
45.208106;6.044867;1280.08;73.7;1;646;4804;16.14;154.67;;;
45.208253;6.045011;1279.58;48.9;1;646;4804;16.16;154.65;;;
45.208356;6.045219;1278.8;34.1;0;646;4804;16.18;154.63;;;
45.208469;6.045414;1276.42;43.3;0;647;4803;16.2;154.61;;;
45.208633;6.045511;1276.23;74.9;-1;648;4802;16.22;154.59;;;
45.209136;6.045256;1284.63;117.1;-1;652;4798;16.28;154.53;;;
45.209308;6.045217;1283.4;88.6;-2;653;4797;16.3;154.51;;;
45.20945;6.045364;1279.85;42.3;-2;653;4797;16.32;154.49;;;
45.209467;6.045614;1277.72;-1.3;-2;653;4797;16.34;154.47;;;
45.209447;6.045867;1275.99;-7;-2;653;4797;16.36;154.45;;;
45.209425;6.046119;1270.78;-7;-2;653;4797;16.38;154.43;;;
45.209933;6.046592;1280.98;77.1;-3;657;4793;16.46;154.35;;;
45.210083;6.046731;1277.7;51.5;-3;659;4791;16.48;154.33;;;
45.210219;6.046897;1273.98;48.5;-2;659;4791;16.5;154.31;;;
45.210372;6.047028;1271.53;63.7;-2;659;4791;16.52;154.29;;;
45.210547;6.047094;1272.1;74.9;-2;659;4791;16.54;154.27;;;
45.2112;6.047514;1271.75;54.8;-1;660;4790;16.62;154.19;;;
45.211281;6.047731;1276.93;14.9;-1;661;4789;16.64;154.17;;;
45.211222;6.047964;1286.98;-31.7;-1;662;4788;16.66;154.15;;;
45.211089;6.048133;1283.1;-51.8;-1;663;4787;16.68;154.13;;;
45.210947;6.048292;1275.26;-50.8;-1;663;4787;16.7;154.11;;;
45.210858;6.048511;1271.72;-23.6;-1;663;4787;16.72;154.09;;;
45.210769;6.049264;1271.77;-8.8;-1;663;4787;16.78;154.03;;;
45.210764;6.049517;1271.75;1.9;-1;663;4787;16.8;154.01;;;
45.210856;6.049731;1271.84;38.5;-1;664;4786;16.82;153.99;;;
45.210978;6.049919;1272.23;42.6;-1;664;4786;16.84;153.97;;;
45.2111;6.050108;1270.01;41.8;-1;664;4786;16.86;153.95;;;
45.211183;6.050331;1270.31;21.3;-2;664;4786;16.88;153.93;;;
45.210817;6.051139;1266.06;-35.6;-3;664;4786;16.96;153.85;;;
45.210781;6.051386;1263.28;-5.1;-4;664;4786;16.98;153.83;;;
45.210803;6.051639;1263.95;7;-4;664;4786;17;153.81;;;
45.210833;6.051889;1259.23;10.3;-5;664;4786;17.02;153.79;;;
45.210869;6.052139;1259.47;10.3;-5;664;4786;17.04;153.77;;;
45.210931;6.053147;1260.79;-3.2;-5;664;4786;17.12;153.69;;;
45.210919;6.0534;1258.77;-3.9;-6;664;4786;17.14;153.67;;;
45.210906;6.053656;1259.99;-3.2;-6;664;4786;17.16;153.65;;;
45.210894;6.053908;1260.37;-3.9;-6;664;4786;17.18;153.63;;;
45.210878;6.054164;1258.68;-5.1;-6;664;4786;17.2;153.61;;;
45.210861;6.054417;1260.45;-5.1;-6;664;4786;17.22;153.59;;;
45.210847;6.055175;1256.77;9;-6;664;4786;17.28;153.53;;;
45.210889;6.055425;1253.7;12.8;-7;664;4786;17.3;153.51;;;
45.210911;6.055675;1250.11;3.2;-7;664;4786;17.32;153.49;;;
45.210886;6.055928;1247.34;-9;-7;664;4786;17.34;153.47;;;
45.210856;6.056178;1247.11;-8.4;-7;664;4786;17.36;153.45;;;
45.210839;6.056431;1243.96;-3.2;-7;664;4786;17.38;153.43;;;
45.210656;6.056517;1235.96;-166;-8;664;4786;17.46;153.35;;;
45.210614;6.056269;1234.67;-167.8;-9;664;4786;17.48;153.33;;;
45.210578;6.056019;1232.55;-169.7;-9;664;4786;17.5;153.31;;;
45.210556;6.055767;1231.63;-173;-10;664;4786;17.52;153.29;;;
45.210533;6.055514;1231.01;-171.2;-10;664;4786;17.54;153.27;;;
45.210275;6.056347;1220.26;-18;-12;664;4786;17.62;153.19;;;
45.210219;6.056589;1220.1;-18;-12;664;4786;17.64;153.17;;;
45.210189;6.056839;1215.59;-7;-12;664;4786;17.66;153.15;;;
45.210189;6.057094;1213.58;0;-12;664;4786;17.68;153.13;;;
45.210117;6.0573;1210.77;-48.3;-12;664;4786;17.7;153.11;;;
45.209992;6.057144;1208.4;-150.2;-12;664;4786;17.72;153.09;;;
45.209819;6.056422;1201.52;-163.8;-11;664;4786;17.78;153.03;;;
45.209778;6.056175;1199.17;-167.5;-11;664;4786;17.8;153.01;;;
45.209739;6.055925;1196.03;-167.8;-11;664;4786;17.82;152.99;;;
45.209733;6.055672;1193.2;178.7;-11;664;4786;17.84;152.97;;;
45.209772;6.055422;1192.34;166;-10;664;4786;17.86;152.95;;;
45.209808;6.055178;1189.59;174.8;-9;664;4786;17.88;152.93;;;
45.209469;6.055867;1180.69;-12.8;-5;664;4786;17.96;152.85;;;
45.209428;6.056114;1181.84;-12.2;-4;664;4786;17.98;152.83;;;
45.209394;6.056364;1179.95;-10.9;-3;664;4786;18;152.81;;;
45.209367;6.056617;1178.18;-7;-2;664;4786;18.02;152.79;;;
45.209342;6.056867;1178.45;-7.1;-1;664;4786;18.04;152.77;;;
45.208961;6.057647;1174.74;-65.3;4;668;4782;18.12;152.69;;;
45.208819;6.057794;1181.32;-46.6;5;670;4780;18.14;152.67;;;
45.208733;6.058019;1184.95;-25.5;6;673;4777;18.16;152.65;;;
45.208678;6.058261;1185.87;-16.2;7;675;4775;18.18;152.63;;;
45.208628;6.058506;1186.92;-16.1;9;678;4772;18.2;152.61;;;
45.208583;6.058753;1188.64;-14.6;10;681;4769;18.22;152.59;;;
45.208478;6.0595;1199.89;-10.5;11;689;4761;18.28;152.53;;;
45.208442;6.05975;1201.42;-12.2;12;692;4758;18.3;152.51;;;
45.2084;6.059997;1204.47;-14.4;12;695;4755;18.32;152.49;;;
45.208356;6.060244;1204.08;-16.2;12;698;4752;18.34;152.47;;;
45.208311;6.060492;1208.16;-14.2;12;700;4750;18.36;152.45;;;
45.208267;6.060739;1212.13;-14;12;703;4747;18.38;152.43;;;
45.2081;6.061728;1218.75;-12.5;13;710;4740;18.46;152.35;;;
45.208061;6.061978;1220.23;-12.8;13;712;4738;18.48;152.33;;;
45.208022;6.062225;1223.25;-13.1;13;714;4736;18.5;152.31;;;
45.207989;6.062475;1225.99;-10.9;13;716;4734;18.52;152.29;;;
45.207958;6.062728;1229.47;-8.8;13;719;4731;18.54;152.27;;;
45.207892;6.063742;1233.96;-5.1;12;727;4723;18.62;152.19;;;
45.20785;6.063986;1235.68;-18.5;12;728;4722;18.64;152.17;;;
45.207783;6.064222;1238.58;-23.8;12;729;4721;18.66;152.15;;;
45.207708;6.064456;1240.61;-23.6;12;730;4720;18.68;152.13;;;
45.207625;6.064681;1241.27;-29.1;11;732;4718;18.7;152.11;;;
45.207514;6.064878;1248.77;-40.9;11;736;4714;18.72;152.09;;;
45.207242;6.065531;1251.83;-27;11;745;4705;18.78;152.03;;;
45.207136;6.065736;1257.32;-38.5;10;748;4702;18.8;152.01;;;
45.207017;6.065925;1260.43;-41.2;10;751;4699;18.82;151.99;;;
45.206897;6.066117;1261.54;-41.4;10;753;4697;18.84;151.97;;;
45.206783;6.066314;1264.79;-38.5;10;756;4694;18.86;151.95;;;
45.206675;6.066517;1268.16;-36.1;10;758;4692;18.88;151.93;;;
45.206258;6.067347;1274.45;-34.1;9;764;4686;18.96;151.85;;;
45.206153;6.067553;1277.52;-36.1;9;766;4684;18.98;151.83;;;
45.20605;6.067761;1276.66;-34.6;8;767;4683;19;151.81;;;
45.205947;6.067972;1280.37;-34.1;8;769;4681;19.02;151.79;;;
45.205861;6.068194;1282.11;-26.1;8;770;4680;19.04;151.77;;;
45.205617;6.069147;1286.96;-27;6;777;4673;19.12;151.69;;;
45.205533;6.069372;1289.41;-27.6;6;779;4671;19.14;151.67;;;
45.20545;6.069597;1291.75;-28.2;5;782;4668;19.16;151.65;;;
45.205367;6.069822;1293.76;-27.7;5;784;4666;19.18;151.63;;;
45.205283;6.07005;1295.14;-27.6;4;785;4665;19.2;151.61;;;
45.2052;6.070275;1295.63;-27.6;4;785;4665;19.22;151.59;;;
45.204944;6.07095;1296.02;-29.9;3;786;4664;19.28;151.53;;;
45.204856;6.071169;1296.68;-29.4;4;786;4664;19.3;151.51;;;
45.204786;6.071403;1297.14;-20.1;4;786;4664;19.32;151.49;;;
45.204744;6.07165;1295.08;-13.1;4;786;4664;19.34;151.47;;;
45.2047;6.071897;1294.25;-16.2;4;786;4664;19.36;151.45;;;
45.204622;6.072128;1294.23;-29.9;4;786;4664;19.38;151.43;;;
45.204308;6.072983;1290.74;12.5;6;789;4661;19.46;151.35;;;
45.204381;6.073217;1293.26;25.9;6;789;4661;19.48;151.33;;;
45.204403;6.073464;1297.09;-3.2;7;791;4659;19.5;151.31;;;
45.204319;6.073686;1299.65;-34.6;7;795;4655;19.52;151.29;;;
45.204206;6.073886;1305.65;-39.5;8;798;4652;19.54;151.27;;;
45.203806;6.0747;1319.93;-8.4;10;809;4641;19.62;151.19;;;
45.203772;6.07495;1319.76;-13.1;11;811;4639;19.64;151.17;;;
45.203675;6.075161;1319.99;-40.3;11;812;4638;19.66;151.15;;;
45.203544;6.075336;1320.99;-48.9;11;814;4636;19.68;151.13;;;
45.2034;6.075489;1322.23;-53.7;11;816;4634;19.7;151.11;;;
45.20325;6.075628;1324.46;-57.8;11;819;4631;19.72;151.09;;;
45.202803;6.076056;1335.83;-51.5;11;826;4624;19.78;151.03;;;
45.202683;6.076244;1335.08;-38.5;11;828;4622;19.8;151.01;;;
45.202569;6.076442;1336.33;-40.5;11;830;4620;19.82;150.99;;;
45.202442;6.076619;1339.61;-48.5;11;832;4618;19.84;150.97;;;
45.202281;6.076731;1343.83;-70.4;11;833;4617;19.86;150.95;;;
45.202106;6.076706;1342.45;-102.5;11;835;4615;19.88;150.93;;;
45.202228;6.077067;1350.92;71;11;845;4605;19.96;150.85;;;
45.202406;6.077075;1353.92;96.3;11;847;4603;19.98;150.83;;;
45.202578;6.077006;1356.34;107.7;11;850;4600;20;150.81;;;
45.202744;6.076911;1358.58;113;11;851;4599;20.02;150.79;;;
45.202911;6.076811;1359.93;113;11;853;4597;20.04;150.77;;;
45.203558;6.076369;1366.07;123.3;11;860;4590;20.12;150.69;;;
45.203722;6.076322;1371.75;84.7;11;863;4587;20.14;150.67;;;
45.203694;6.076533;1374.66;-40.2;11;866;4584;20.16;150.65;;;
45.20355;6.076681;1373.97;-54.5;11;868;4582;20.18;150.63;;;
45.203403;6.076831;1377.08;-53.7;11;870;4580;20.2;150.61;;;
45.203261;6.076989;1381.22;-51.6;11;872;4578;20.22;150.59;;;
45.202842;6.077467;1385.91;-50.4;11;878;4572;20.28;150.53;;;
45.2027;6.077622;1386.33;-51.5;11;880;4570;20.3;150.51;;;
45.202556;6.077775;1388.43;-52.6;11;882;4568;20.32;150.49;;;
45.202408;6.077925;1393.45;-54.1;12;885;4565;20.34;150.47;;;
45.202264;6.078078;1397.31;-52.6;12;887;4563;20.36;150.45;;;
45.202122;6.078233;1396.9;-53;12;889;4561;20.38;150.43;;;
45.201539;6.078822;1396.97;-45.6;11;898;4552;20.46;150.35;;;
45.201475;6.079058;1398.69;-14;10;900;4550;20.48;150.33;;;
45.201458;6.079311;1408.92;-5.7;10;903;4547;20.5;150.31;;;
45.201444;6.079564;1407.49;-3.9;9;905;4545;20.52;150.29;;;
45.201428;6.079817;1418.01;-5.2;8;908;4542;20.54;150.27;;;
45.201392;6.080067;1416.99;-14.2;7;910;4540;20.56;150.25;;;
45.201344;6.080314;1418.84;-15.8;6;912;4538;20.58;150.23;;;
45.201286;6.080553;1421.23;-18.3;6;914;4536;20.6;150.21;;;
45.201231;6.080797;1421.62;-17.4;5;915;4535;20.62;150.19;;;
45.201194;6.081044;1422.36;-10.9;4;917;4533;20.64;150.17;;;
45.201169;6.081297;1422.35;-5.7;5;918;4532;20.66;150.15;;;
45.201178;6.08155;1424.49;5.8;5;919;4531;20.68;150.13;;;
45.2012;6.081803;1426.8;9;6;920;4530;20.7;150.11;;;
45.201236;6.082053;1427.04;12.2;6;921;4529;20.72;150.09;;;
45.201269;6.082303;1425.44;8.4;7;922;4528;20.74;150.07;;;
45.201294;6.082556;1425.3;7;8;923;4527;20.76;150.05;;;
45.201311;6.082808;1427.3;3.2;8;924;4526;20.78;150.03;;;
45.2013;6.083061;1432.34;-5.2;9;926;4524;20.8;150.01;;;
45.201261;6.083308;1435.96;-18.5;9;927;4523;20.82;149.99;;;
45.201175;6.083531;1437.54;-31.5;10;929;4521;20.84;149.97;;;
45.201092;6.083756;1436.46;-23.6;10;931;4519;20.86;149.95;;;
45.201042;6.084;1437.27;-12.2;10;933;4517;20.88;149.93;;;
45.201022;6.084253;1440.93;-5.7;9;935;4515;20.9;149.91;;;
45.201042;6.084503;1438.53;15;9;937;4513;20.92;149.89;;;
45.201111;6.084736;1444.84;23.6;9;940;4510;20.94;149.87;;;
45.201181;6.084972;1444.16;22.1;9;942;4508;20.96;149.85;;;
45.201253;6.085206;1453.99;27.6;9;945;4505;20.98;149.83;;;
45.201344;6.085422;1453.84;32.4;8;946;4504;21;149.81;;;
45.201447;6.085633;1455.17;34.1;8;947;4503;21.02;149.79;;;
45.201556;6.085833;1453.86;39.3;8;947;4503;21.04;149.77;;;
45.201672;6.086031;1456.7;40;7;947;4503;21.06;149.75;;;
45.201792;6.086219;1453.84;44.9;7;947;4503;21.08;149.73;;;
45.201914;6.086406;1455.05;43.3;6;949;4501;21.1;149.71;;;
45.20205;6.086572;1460.76;50.8;5;951;4499;21.12;149.69;;;
45.202186;6.086736;1460.58;49.9;5;954;4496;21.14;149.67;;;
45.202328;6.086894;1463.68;52.2;4;956;4494;21.16;149.65;;;
45.202469;6.087053;1463.89;52.6;3;959;4491;21.18;149.63;;;
45.202611;6.087208;1467.73;53;2;960;4490;21.2;149.61;;;
45.202758;6.087358;1467.71;54.8;2;960;4490;21.22;149.59;;;
45.202903;6.087511;1463.96;53.7;1;960;4490;21.24;149.57;;;
45.203042;6.087669;1468.54;51.2;2;960;4490;21.26;149.55;;;
45.203181;6.087833;1469.08;47.9;3;960;4490;21.28;149.53;;;
45.203306;6.088017;1465.96;42.8;5;960;4490;21.3;149.51;;;
45.203411;6.088219;1463.46;34.1;6;960;4490;21.32;149.49;;;
45.203503;6.088439;1461.67;28.2;7;960;4490;21.34;149.47;;;
45.203581;6.088669;1461.3;24.4;8;960;4490;21.36;149.45;;;
45.203656;6.0889;1464.74;24.2;9;960;4490;21.38;149.43;;;
45.203725;6.089133;1465.3;22;11;961;4489;21.4;149.41;;;
45.203794;6.089369;1465.87;22;12;963;4487;21.42;149.39;;;
45.203847;6.089614;1467.56;14;13;966;4484;21.44;149.37;;;
45.203828;6.089864;1472.88;-10.3;12;968;4482;21.46;149.35;;;
45.203772;6.090106;1476.05;-20.1;12;970;4480;21.48;149.33;;;
45.203736;6.090353;1476.05;-7.1;11;972;4478;21.5;149.31;;;
45.20375;6.090606;1480.54;12.2;10;973;4477;21.52;149.29;;;
45.203817;6.090839;1487.19;29.9;10;975;4475;21.54;149.27;;;
45.203917;6.09105;1487.92;38.5;9;977;4473;21.56;149.25;;;
45.204011;6.091267;1487.8;29.4;8;978;4472;21.58;149.23;;;
45.204056;6.091511;1484.14;15;7;980;4470;21.6;149.21;;;
45.204086;6.091764;1483.3;10.9;7;982;4468;21.62;149.19;;;
45.204131;6.092008;1486.55;15;6;983;4467;21.64;149.17;;;
45.204186;6.092253;1488.81;19.2;6;985;4465;21.66;149.15;;;
45.204247;6.092492;1492.2;19.5;6;987;4463;21.68;149.13;;;
45.204308;6.092731;1492.62;19.5;7;989;4461;21.7;149.11;;;
45.204381;6.092964;1495.88;24.2;7;991;4459;21.72;149.09;;;
45.204453;6.093197;1499.46;25.5;7;993;4457;21.74;149.07;;;
45.204528;6.093428;1498.46;23.6;7;995;4455;21.76;149.05;;;
45.204592;6.093664;1500.78;18.3;7;997;4453;21.78;149.03;;;
45.204642;6.093908;1503.27;16.2;8;999;4451;21.8;149.01;;;
45.204675;6.094158;1503.36;10.9;8;1001;4449;21.82;148.99;;;
45.204697;6.094411;1502.18;3.2;8;1002;4448;21.84;148.97;;;
45.204708;6.094667;1507.11;1.3;8;1004;4446;21.86;148.95;;;
45.204694;6.094919;1508.04;-5.7;8;1005;4445;21.88;148.93;;;
45.204672;6.095172;1510.95;-7;9;1007;4443;21.9;148.91;;;
45.204653;6.095425;1511.95;-7;9;1009;4441;21.92;148.89;;;
45.204631;6.095678;1514.85;-7;9;1011;4439;21.94;148.87;;;
45.204603;6.095928;1516.07;-9;9;1013;4437;21.96;148.85;;;
45.204572;6.096181;1517.82;-9;9;1015;4435;21.98;148.83;;;
45.204547;6.096433;1521.02;-7;10;1017;4433;22;148.81;;;
45.204544;6.096686;1522.75;1.3;10;1019;4431;22.02;148.79;;;
45.204572;6.096936;1523.22;10.3;10;1020;4430;22.04;148.77;;;
45.204586;6.097192;1525.79;1.9;10;1022;4428;22.06;148.75;;;
45.204575;6.097444;1526.34;-7;10;1023;4427;22.08;148.73;;;
45.204525;6.097689;1529.15;-16.2;9;1025;4425;22.1;148.71;;;
45.204472;6.097931;1532.06;-16.1;9;1027;4423;22.12;148.69;;;
45.204419;6.098175;1534.36;-16.2;9;1029;4421;22.14;148.67;;;
45.204372;6.098419;1535.23;-13.1;9;1031;4419;22.16;148.65;;;
45.20435;6.098672;1536.78;-3.8;9;1033;4417;22.18;148.63;;;
45.204356;6.098925;1538.67;3.8;8;1035;4415;22.2;148.61;;;
45.204361;6.099181;1539.43;1.9;8;1036;4414;22.22;148.59;;;
45.204369;6.099433;1542.36;1.3;8;1038;4412;22.24;148.57;;;
45.204392;6.099686;1543.98;7.1;8;1040;4410;22.26;148.55;;;
45.204417;6.099939;1546.32;9;8;1042;4408;22.28;148.53;;;
45.204439;6.100192;1547.49;7.1;8;1043;4407;22.3;148.51;;;
45.204458;6.100444;1550.52;7.1;8;1045;4405;22.32;148.49;;;
45.204475;6.100697;1550.88;5.2;8;1047;4403;22.34;148.47;;;
45.204492;6.100953;1555.31;5.7;8;1049;4401;22.36;148.45;;;
45.204506;6.101206;1555.45;3.8;8;1051;4399;22.38;148.43;;;
45.204519;6.101458;1557.41;3.2;8;1053;4397;22.4;148.41;;;
45.204544;6.101711;1558.95;8.4;8;1054;4396;22.42;148.39;;;
45.204594;6.101956;1559.82;19.5;8;1055;4395;22.44;148.37;;;
45.204678;6.102181;1562;29.7;8;1056;4394;22.46;148.35;;;
45.204772;6.102397;1562.61;34.1;8;1057;4393;22.48;148.33;;;
45.204875;6.102606;1562.66;36.1;8;1059;4391;22.5;148.31;;;
45.204964;6.102825;1565.46;30.6;8;1061;4389;22.52;148.29;;;
45.205047;6.103053;1566.59;27;9;1063;4387;22.54;148.27;;;
45.205125;6.103283;1570.43;25.5;9;1066;4384;22.56;148.25;;;
45.2052;6.103514;1573.02;23.6;9;1068;4382;22.58;148.23;;;
45.205275;6.103744;1573.88;23.8;9;1070;4380;22.6;148.21;;;
45.205342;6.103981;1572.5;22.4;9;1072;4378;22.62;148.19;;;
45.205403;6.104219;1576;20.3;9;1074;4376;22.64;148.17;;;
45.205453;6.104464;1577.53;16.2;9;1075;4375;22.66;148.15;;;
45.205506;6.104708;1579.18;16.2;9;1077;4373;22.68;148.13;;;
45.205567;6.104947;1583.23;22.6;9;1079;4371;22.7;148.11;;;
45.205642;6.105178;1583.29;25.9;9;1080;4370;22.72;148.09;;;
45.205725;6.105403;1585.32;28.2;9;1082;4368;22.74;148.07;;;
45.205811;6.105628;1585.89;28.2;8;1083;4367;22.76;148.05;;;
45.205894;6.105853;1586.66;27.7;8;1084;4366;22.78;148.03;;;
45.205981;6.106078;1589.8;27.6;8;1086;4364;22.8;148.01;;;
45.206069;6.106297;1591.18;30;8;1087;4363;22.82;147.99;;;
45.206167;6.106511;1594.13;33;8;1089;4361;22.84;147.97;;;
45.206267;6.106725;1595.74;33.8;8;1091;4359;22.86;147.95;;;
45.206358;6.106942;1596.7;29.8;7;1092;4358;22.88;147.93;;;
45.206444;6.107167;1598.17;27.7;7;1094;4356;22.9;147.91;;;
45.206522;6.107397;1599.34;23.8;7;1095;4355;22.92;147.89;;;
45.206589;6.107633;1600.32;21.5;7;1095;4355;22.94;147.87;;;
45.206653;6.107869;1602.79;20.3;6;1096;4354;22.96;147.85;;;
45.206708;6.108111;1603.03;17.9;6;1097;4353;22.98;147.83;;;
45.206744;6.108361;1602.5;7.1;6;1098;4352;23;147.81;;;
45.20675;6.108614;1600.64;0;5;1100;4350;23.02;147.79;;;
45.206775;6.108864;1600.7;16.2;5;1101;4349;23.04;147.77;;;
45.206925;6.108889;1607.13;110.1;5;1103;4347;23.06;147.75;;;
45.206928;6.10865;1609.59;-165.6;5;1104;4346;23.08;147.73;;;
45.206861;6.108414;1609.77;-159.7;6;1106;4344;23.1;147.71;;;
45.206806;6.108172;1607.14;-162.6;6;1107;4343;23.12;147.69;;;
45.206769;6.107922;1610.52;-169.1;6;1108;4342;23.14;147.67;;;
45.20675;6.107669;1609.17;-176.2;6;1109;4341;23.16;147.65;;;
45.206733;6.107417;1612.44;-174.3;6;1110;4340;23.18;147.63;;;
45.206706;6.107164;1615.85;-169.9;7;1112;4338;23.2;147.61;;;
45.206658;6.106919;1617.83;-163.9;7;1113;4337;23.22;147.59;;;
45.206608;6.106675;1619.27;-163.8;7;1114;4336;23.24;147.57;;;
45.206561;6.106431;1619.7;-163.8;7;1116;4334;23.26;147.55;;;
45.206533;6.106178;1619.26;-171;6;1117;4333;23.28;147.53;;;
45.206511;6.105925;1622.34;-174.9;6;1118;4332;23.3;147.51;;;
45.206489;6.105675;1623.59;-171;6;1120;4330;23.32;147.49;;;
45.206419;6.105439;1624.63;-152.4;6;1122;4328;23.34;147.47;;;
45.206322;6.105225;1627;-146.2;5;1124;4326;23.36;147.45;;;
45.206236;6.105003;1630.16;-154.5;5;1126;4324;23.38;147.43;;;
45.206178;6.104761;1631.93;-162;5;1127;4323;23.4;147.41;;;
45.206136;6.104514;1633.34;-167.2;4;1127;4323;23.42;147.39;;;
45.206089;6.104269;1633.5;-163.9;4;1127;4323;23.44;147.37;;;
45.206014;6.104039;1631.53;-152.4;4;1127;4323;23.46;147.35;;;
45.205914;6.103828;1632.57;-145.9;5;1127;4323;23.48;147.33;;;
45.205808;6.103622;1631.96;-143.9;5;1128;4322;23.5;147.31;;;
45.205703;6.103414;1632.29;-144.4;6;1129;4321;23.52;147.29;;;
45.205711;6.103183;1633.47;159;6;1131;4319;23.54;147.27;;;
45.205853;6.103258;1641.03;42.6;6;1132;4318;23.56;147.25;;;
45.205886;6.103508;1638.98;10.9;7;1134;4316;23.58;147.23;;;
45.205961;6.103736;1639.54;31.7;7;1135;4315;23.6;147.21;;;
45.206058;6.10395;1640.44;33.8;8;1136;4314;23.62;147.19;;;
45.206158;6.104164;1638.81;33.3;8;1137;4313;23.64;147.17;;;
45.20625;6.104381;1639.87;31.5;8;1139;4311;23.66;147.15;;;
45.206317;6.104617;1643.27;22.4;8;1140;4310;23.68;147.13;;;
45.206414;6.104833;1645.02;35.6;8;1141;4309;23.7;147.11;;;
45.206528;6.105028;1646.3;43.3;8;1143;4307;23.72;147.09;;;
45.206653;6.105211;1648.5;45.6;8;1144;4306;23.74;147.07;;;
45.206781;6.105392;1650.94;44.6;8;1146;4304;23.76;147.05;;;
45.206872;6.105608;1650.48;27.7;8;1148;4302;23.78;147.03;;;
45.206942;6.105844;1653.43;22.1;8;1150;4300;23.8;147.01;;;
45.207003;6.106083;1654.39;20.3;8;1153;4297;23.82;146.99;;;
45.207069;6.106319;1657.97;21.5;8;1156;4294;23.84;146.97;;;
45.207144;6.10655;1659.35;25.3;8;1159;4291;23.86;146.95;;;
45.207233;6.106772;1663.42;29.4;8;1162;4288;23.88;146.93;;;
45.207328;6.106989;1668.23;31.7;8;1163;4287;23.9;146.91;;;
45.207411;6.107214;1668.67;25.9;8;1163;4287;23.92;146.89;;;
45.207464;6.107456;1665.37;10.9;8;1163;4287;23.94;146.87;;;
45.207489;6.107706;1664.15;9;8;1163;4287;23.96;146.85;;;
45.207519;6.107958;1665.75;8.4;8;1163;4287;23.98;146.83;;;
45.207564;6.108203;1667.81;18.3;8;1164;4286;24;146.81;;;
45.207636;6.108436;1670.21;28.2;8;1166;4284;24.02;146.79;;;
45.207722;6.108658;1672.69;29.4;8;1167;4283;24.04;146.77;;;
45.207786;6.108897;1672.9;19.7;7;1169;4281;24.06;146.75;;;
45.207847;6.109136;1672.08;18.5;6;1171;4279;24.08;146.73;;;
45.207892;6.109383;1675.7;14.6;6;1172;4278;24.1;146.71;;;
45.207892;6.109636;1678.6;-3.2;5;1174;4276;24.12;146.69;;;
45.207864;6.109889;1681.89;-10.7;4;1175;4275;24.14;146.67;;;
45.207839;6.110139;1682.63;-7.1;3;1177;4273;24.16;146.65;;;
45.207831;6.110394;1683.67;-1.3;2;1178;4272;24.18;146.63;;;
45.207831;6.110647;1683.2;0;2;1179;4271;24.2;146.61;;;
45.207822;6.110903;1684.87;-5.7;1;1180;4270;24.22;146.59;;;
45.207797;6.111156;1689.83;-10.7;0;1181;4269;24.24;146.57;;;
45.207769;6.111406;1689.66;-9;1;1182;4268;24.26;146.55;;;
45.20775;6.111658;1683.48;-1.9;2;1182;4268;24.28;146.53;;;
45.207756;6.111911;1687.13;3.9;3;1183;4267;24.3;146.51;;;
45.207786;6.112161;1683.6;11.2;4;1184;4266;24.32;146.49;;;
45.207839;6.112406;1682.3;16.1;5;1185;4265;24.34;146.47;;;
45.207892;6.11265;1688.84;18;5;1186;4264;24.36;146.45;;;
45.207931;6.112897;1688.37;10.9;6;1186;4264;24.38;146.43;;;
45.207922;6.11315;1691.36;-10.9;7;1187;4263;24.4;146.41;;;
45.207886;6.113397;1696.55;-10.9;8;1188;4262;24.42;146.39;;;
45.207878;6.11365;1693.57;5.7;9;1189;4261;24.44;146.37;;;
45.207931;6.113892;1695.63;20.1;9;1190;4260;24.46;146.35;;;
45.207997;6.114128;1694.86;19.5;8;1191;4259;24.48;146.33;;;
45.208047;6.114372;1696.43;14.4;8;1193;4257;24.5;146.31;;;
45.208083;6.114622;1697.43;14;7;1195;4255;24.52;146.29;;;
45.208156;6.114853;1700.58;29.9;7;1197;4253;24.54;146.27;;;
45.208239;6.115078;1703.77;25.9;6;1199;4251;24.56;146.25;;;
45.208306;6.115314;1702.39;20.1;6;1201;4249;24.58;146.23;;;
45.208356;6.115558;1706.8;12.8;5;1203;4247;24.6;146.21;;;
45.208397;6.115806;1708.37;14.2;5;1203;4247;24.62;146.19;;;
45.208428;6.116056;1704.39;9;4;1204;4246;24.64;146.17;;;
45.208456;6.116308;1707.96;7.8;3;1205;4245;24.66;146.15;;;
45.208475;6.116561;1710.09;5.2;3;1205;4245;24.68;146.13;;;
45.208492;6.116814;1710.08;5.8;2;1206;4244;24.7;146.11;;;
45.208508;6.117069;1709.05;5.1;2;1206;4244;24.72;146.09;14;;
45.208511;6.117322;1708.11;0;1;1206;4244;24.74;146.07;;;
45.208492;6.117575;1708.96;-5.2;0;1206;4244;24.76;146.05;;;
45.208472;6.117828;1705.55;-5.8;0;1206;4244;24.78;146.03;;;
45.20845;6.118083;1706.28;-7;-1;1206;4244;24.8;146.01;;;
45.208447;6.118336;1705.64;1.9;-1;1206;4244;24.82;145.99;;;
45.208503;6.118575;1703.96;22.4;-2;1206;4244;24.84;145.97;;;
45.208581;6.118806;1706.05;24.2;-2;1206;4244;24.86;145.95;;;
45.208622;6.11905;1705.82;9;-1;1206;4244;24.88;145.93;;;
45.208628;6.119306;1705.55;-1.9;-1;1206;4244;24.9;145.91;;;
45.208606;6.119558;1703.01;-7;0;1206;4244;24.92;145.89;;;
45.208592;6.119811;1704.46;-3.2;0;1206;4244;24.94;145.87;;;
45.208594;6.120067;1705.03;1.3;0;1206;4244;24.96;145.85;;;
45.208614;6.120319;1705.63;8.9;1;1206;4244;24.98;145.83;;;
45.208653;6.120567;1703.89;16.1;1;1206;4244;25;145.81;;;
45.208703;6.120811;1703.71;16.2;2;1207;4243;25.02;145.79;;;
45.208761;6.12105;1705.31;19.7;2;1208;4242;25.04;145.77;;;
45.208825;6.121289;1706.33;20.1;3;1208;4242;25.06;145.75;;;
45.208883;6.121531;1708.2;17.7;3;1209;4241;25.08;145.73;;;
45.208947;6.121769;1707.74;21.5;4;1210;4240;25.1;145.71;;;
45.209025;6.121997;1708.72;27.6;4;1212;4238;25.12;145.69;;;
45.209117;6.122217;1707.69;30.4;5;1213;4237;25.14;145.67;;;
45.209211;6.122433;1707.99;31.7;6;1215;4235;25.16;145.65;;;
45.209308;6.122647;1714.6;31.7;6;1216;4234;25.18;145.63;;;
45.209406;6.122861;1715;32.2;7;1217;4233;25.2;145.61;;;
45.209494;6.123083;1716.14;29.4;7;1218;4232;25.22;145.59;;;
45.209583;6.123306;1715.56;29.1;8;1219;4231;25.24;145.57;;;
45.209669;6.123528;1716.4;29.4;8;1219;4231;25.26;145.55;;;
45.209756;6.123753;1717.45;29.9;7;1220;4230;25.28;145.53;;;
45.209836;6.123981;1718.42;27.6;7;1221;4229;25.3;145.51;;;
45.209914;6.124208;1719.68;25.9;6;1222;4228;25.32;145.49;;;
45.209989;6.124442;1722.98;23.1;6;1223;4227;25.34;145.47;;;
45.210056;6.124675;1721.49;22.4;6;1224;4226;25.36;145.45;;;
45.210114;6.124917;1723.53;17.9;5;1226;4224;25.38;145.43;;;
45.210169;6.125158;1724.31;17.9;5;1227;4223;25.4;145.41;;;
45.210231;6.1254;1724.81;19.8;4;1228;4222;25.42;145.39;;;
45.210289;6.125639;1727.02;18.3;4;1229;4221;25.44;145.37;;;
45.210358;6.125875;1726.45;23.6;4;1230;4220;25.46;145.35;;;
45.210447;6.126094;1727.42;31.7;4;1231;4219;25.48;145.33;;;
45.210547;6.126306;1729.22;34.6;4;1232;4218;25.5;145.31;;;
45.210653;6.126514;1729.5;36.1;4;1232;4218;25.52;145.29;;;
45.210756;6.126722;1730.19;35.6;5;1233;4217;25.54;145.27;;;
45.210864;6.126928;1731.54;37.7;5;1234;4216;25.56;145.25;;;
45.210969;6.127131;1732.43;35.6;5;1235;4215;25.58;145.23;;;
45.211081;6.127331;1733.51;40.5;5;1236;4214;25.6;145.21;;;
45.211222;6.127489;1734.37;55.9;5;1237;4213;25.62;145.19;;;
45.211386;6.127586;1735.37;71;5;1238;4212;25.64;145.17;;;
45.211558;6.127658;1736.38;73.6;5;1239;4211;25.66;145.15;;;
45.211719;6.127769;1737.51;60;5;1240;4210;25.68;145.13;;;
45.211856;6.127936;1738.46;45.6;5;1241;4209;25.7;145.11;;;
45.211961;6.128142;1739.53;33.8;5;1242;4208;25.72;145.09;;;
45.212053;6.128361;1740.66;29.9;5;1243;4207;25.74;145.07;;;
45.212153;6.128572;1741.65;36.1;5;1244;4206;25.76;145.05;;;
45.212278;6.128756;1742.64;45.6;5;1245;4205;25.78;145.03;;;
45.212417;6.128917;1743.65;50.8;5;1246;4204;25.8;145.01;;;
45.212558;6.129075;1744.43;50.4;5;1247;4203;25.82;144.99;;;
45.2127;6.129233;1745.48;51.9;5;1248;4202;25.84;144.97;;;
45.212839;6.129392;1746.32;50.8;5;1249;4201;25.86;144.95;;;
45.212981;6.12955;1747.19;50.8;5;1250;4200;25.88;144.93;;;
45.213122;6.129708;1748.56;53;5;1251;4199;25.9;144.91;;;
45.213264;6.129864;1749.34;52.7;5;1252;4198;25.92;144.89;;;
45.213408;6.130017;1750.3;54.8;5;1253;4197;25.94;144.87;;;
45.213556;6.130158;1751.42;57.1;5;1254;4196;25.96;144.85;;;
45.213708;6.130297;1752.24;57.1;5;1255;4195;25.98;144.83;;;
45.213861;6.130433;1753.36;58.1;5;1256;4194;26;144.81;;;
45.214006;6.130581;1754.29;54.1;5;1257;4193;26.02;144.79;;;
45.214144;6.130747;1755.19;48.7;5;1258;4192;26.04;144.77;;;
45.214278;6.130914;1756.82;48.9;5;1260;4190;26.06;144.75;;;
45.214419;6.131069;1757.38;53.7;5;1261;4189;26.08;144.73;;;
45.214581;6.131186;1759.51;67.3;5;1262;4188;26.1;144.71;;;
45.21475;6.131275;1759.51;71;5;1263;4187;26.12;144.69;;;
45.214919;6.131361;1760.31;71;5;1263;4187;26.14;144.67;;;
45.215086;6.131447;1761.25;70.8;5;1264;4186;26.16;144.65;;;
45.215256;6.131536;1762.43;69.7;5;1265;4185;26.18;144.63;;;
45.215422;6.131631;1763.41;67.8;5;1266;4184;26.2;144.61;;;
45.215586;6.131736;1764.36;64.2;5;1267;4183;26.22;144.59;;;
45.215747;6.131853;1765.6;62.5;5;1268;4182;26.24;144.57;;;
45.215906;6.131975;1766.31;62.1;5;1269;4181;26.26;144.55;;;
45.216064;6.132094;1767.39;61.1;5;1270;4180;26.28;144.53;;;
45.216222;6.132211;1768.5;62.4;5;1271;4179;26.3;144.51;;;
45.216381;6.132336;1769.74;60;5;1272;4178;26.32;144.49;;;
45.216536;6.132461;1770.51;60;5;1273;4177;26.34;144.47;;;
45.216692;6.132594;1771.59;58.1;5;1274;4176;26.36;144.45;;;
45.216842;6.132731;1772.31;56.7;5;1275;4175;26.38;144.43;;;
45.216992;6.132875;1773.37;55.9;5;1276;4174;26.4;144.41;;;
45.217142;6.133017;1774.37;55.6;5;1277;4173;26.42;144.39;;;
45.217292;6.133158;1776.17;55.9;5;1278;4172;26.44;144.37;;;
45.217444;6.133289;1776.36;59.7;5;1279;4171;26.46;144.35;;;
45.2176;6.133414;1777.42;61.2;5;1280;4170;26.48;144.33;;;
45.217761;6.133533;1778.52;61.8;5;1281;4169;26.5;144.31;;;
45.217919;6.13365;1779.33;62.9;5;1282;4168;26.52;144.29;;;
45.218081;6.133767;1780.37;62.8;5;1283;4167;26.54;144.27;;;
45.218239;6.133883;1781.29;62.4;4;1284;4166;26.56;144.25;;;
45.2184;6.134;1782.31;63.2;4;1285;4165;26.58;144.23;;;
45.218558;6.134119;1783.12;60.8;4;1286;4164;26.6;144.21;;;
45.218717;6.134244;1784.11;61.3;4;1286;4164;26.62;144.19;;;
45.218869;6.134375;1785.1;57.8;4;1287;4163;26.64;144.17;;;
45.219022;6.134514;1785.78;57.7;4;1288;4162;26.66;144.15;;;
45.219172;6.134653;1786.87;56.7;3;1289;4161;26.68;144.13;;;
45.219319;6.134797;1787.36;55.9;3;1290;4160;26.7;144.11;;;
45.219469;6.134942;1788.01;55.6;3;1290;4160;26.72;144.09;;;
45.219617;6.135083;1788.66;57.1;3;1291;4159;26.74;144.07;;;
45.219767;6.135228;1789.17;55.9;2;1291;4159;26.76;144.05;;;
45.219914;6.135372;1789.62;55.9;2;1292;4158;26.78;144.03;;;
45.220069;6.135503;1789.97;60.6;2;1292;4158;26.8;144.01;;;
45.220231;6.135614;1790.4;66;1;1292;4158;26.82;143.99;;;
45.220397;6.135708;1790.76;69.5;1;1292;4158;26.84;143.97;;;
45.220567;6.135794;1790.93;69.7;1;1293;4157;26.86;143.95;;;
45.220733;6.135889;1790.98;67;0;1293;4157;26.88;143.93;;;
45.220897;6.135997;1790.87;64.2;0;1293;4157;26.9;143.91;;;
45.221053;6.136122;1790.9;60;-1;1293;4157;26.92;143.89;;;
45.221206;6.136256;1790.59;57.8;-1;1293;4157;26.94;143.87;;;
45.221361;6.136383;1790.34;61.2;-1;1293;4157;26.96;143.85;;;
45.221525;6.136492;1790.09;67;-2;1293;4157;26.98;143.83;;;
45.221694;6.136578;1789.56;72.3;-2;1293;4157;27;143.81;;;
45.221861;6.136667;1789.03;67.8;-3;1293;4157;27.02;143.79;;;
45.222022;6.136781;1788.39;60.8;-3;1293;4157;27.04;143.77;;;
45.222169;6.136931;1787.77;50.4;-3;1293;4157;27.06;143.75;;;
45.222297;6.137106;1786.98;43.3;-3;1293;4157;27.08;143.73;;;
45.2224;6.137314;1786.2;31.7;-3;1293;4157;27.1;143.71;;;
45.222489;6.137539;1785.54;29.3;-3;1293;4157;27.12;143.69;;;
45.222572;6.137761;1784.7;27.7;-4;1293;4157;27.14;143.67;;;
45.222661;6.137986;1783.77;28.7;-4;1293;4157;27.16;143.65;;;
45.222744;6.138208;1782.95;27.7;-4;1293;4157;27.18;143.63;;;
45.222839;6.138428;1782.21;33.1;-4;1293;4157;27.2;143.61;;;
45.222958;6.138617;1781.3;44.6;-4;1293;4157;27.22;143.59;;;
45.223108;6.138758;1780.62;58.9;-4;1293;4157;27.24;143.57;;;
45.223281;6.138822;1779.77;81.4;-4;1293;4157;27.26;143.55;;;
45.223461;6.138817;1778.78;96.1;-4;1293;4157;27.28;143.53;;;
45.223631;6.138742;1778.22;110.3;-4;1293;4157;27.3;143.51;;;
45.223797;6.138642;1777.36;113;-4;1293;4157;27.32;143.49;;;
45.223967;6.138569;1776.46;102.9;-4;1293;4157;27.34;143.47;;;
45.224142;6.138617;1775.66;71.9;-4;1293;4157;27.36;143.45;;;
45.224278;6.138781;1775.21;42.4;-4;1293;4157;27.38;143.43;;;
45.224383;6.138989;1764.78;34.9;-4;1293;4157;27.4;143.41;;;
45.224475;6.139206;1765.64;29.8;-4;1294;4156;27.42;143.39;;;
45.224575;6.139419;1772.6;34.1;-4;1295;4155;27.44;143.37;;;
45.224672;6.139633;1771.7;33.3;-4;1296;4154;27.46;143.35;;;
45.224764;6.139853;1770.74;29.9;-4;1297;4153;27.48;143.33;;;
45.224842;6.140081;1769.62;23.6;-4;1298;4152;27.5;143.31;;;
45.224911;6.140317;1768.67;21.3;-4;1298;4152;27.52;143.29;;;
45.224972;6.140556;1767.59;18.3;-5;1298;4152;27.54;143.27;16;;
45.225025;6.140797;1766.75;16.6;-5;1298;4152;27.56;143.25;;;
45.225078;6.141042;1765.7;16.1;-5;1298;4152;27.58;143.23;;;
45.225125;6.141289;1764.63;16.2;-5;1298;4152;27.6;143.21;;;
45.225175;6.141533;1763.59;16.2;-5;1298;4152;27.62;143.19;;;
45.225239;6.141769;1762.63;22;-5;1298;4152;27.64;143.17;;;
45.225317;6.142;1761.88;25.9;-5;1298;4152;27.66;143.15;;;
45.225406;6.142222;1760.52;32.3;-5;1298;4152;27.68;143.13;;;
45.225489;6.142447;1759.49;27.6;-5;1298;4152;27.7;143.11;;;
45.225572;6.142672;1758.56;27.7;-5;1298;4152;27.72;143.09;;;
45.225658;6.142897;1757.59;28.7;-5;1298;4152;27.74;143.07;;;
45.225747;6.143119;1756.53;29.4;-5;1298;4152;27.76;143.05;;;
45.225836;6.143339;1755.5;31.7;-5;1298;4152;27.78;143.03;;;
45.225931;6.143556;1754.54;32;-5;1298;4152;27.8;143.01;;;
45.226014;6.143781;1753.6;28;-5;1298;4152;27.82;142.99;;;
45.226078;6.144019;1752.46;20.3;-5;1298;4152;27.84;142.97;;;
45.226139;6.144258;1751.71;25.5;-5;1298;4152;27.86;142.95;;;
45.226228;6.144481;1750.77;29.3;-5;1298;4152;27.88;142.93;;;
45.226306;6.144708;1749.5;25.9;-5;1298;4152;27.9;142.91;;;
45.226386;6.144936;1748.57;27.6;-5;1298;4152;27.92;142.89;;;
45.226456;6.145169;1747.62;20.3;-5;1298;4152;27.94;142.87;;;
45.226506;6.145414;1746.53;16.2;-5;1298;4152;27.96;142.85;;;
45.226539;6.145664;1745.64;9;-5;1298;4152;27.98;142.83;;;
45.226561;6.145917;1744.63;7.1;-5;1298;4152;28;142.81;;;
45.226583;6.146169;1743.59;7.1;-5;1298;4152;28.02;142.79;;;
45.226611;6.146422;1742.71;9;-5;1298;4152;28.04;142.77;;;
45.226639;6.146675;1742.67;8.8;-5;1298;4152;28.06;142.75;;;
45.226656;6.146928;1741.03;5.7;-5;1298;4152;28.08;142.73;;;
45.226678;6.147181;1737.02;7;-5;1298;4152;28.1;142.71;;;
45.226703;6.147433;1739.08;7;-5;1298;4152;28.12;142.69;;;
45.226717;6.147686;1737.81;5.7;-5;1298;4152;28.14;142.67;;;
45.226719;6.147942;1736.7;0;-5;1298;4152;28.16;142.65;;;
45.226703;6.148194;1735.71;-5.1;-5;1298;4152;28.18;142.63;;;
45.226683;6.148447;1734.88;-7.1;-5;1298;4152;28.2;142.61;;;
45.226661;6.1487;1733.57;-5.1;-5;1298;4152;28.22;142.59;;;
45.226689;6.14895;1732.83;13.1;-5;1298;4152;28.24;142.57;;;
45.226761;6.149183;1731.57;27.6;-5;1298;4152;28.26;142.55;;;
45.226872;6.149383;1730.46;40.3;-4;1298;4152;28.28;142.53;;;
45.227006;6.149556;1729.52;47.6;-4;1298;4152;28.3;142.51;;;
45.227147;6.149714;1728.7;50.4;-4;1298;4152;28.32;142.49;;;
45.227269;6.149897;1727.76;41.2;-4;1298;4152;28.34;142.47;;;
45.227353;6.150119;1726.44;22.6;-3;1298;4152;28.36;142.45;;;
45.227394;6.150369;1725.73;10.3;-3;1298;4152;28.38;142.43;;;
45.227419;6.150619;1724.9;7.1;-3;1298;4152;28.4;142.41;;;
45.227442;6.150872;1723.79;9;-2;1298;4152;28.42;142.39;;;
45.227492;6.151117;1723.11;20.1;-2;1298;4152;28.44;142.37;;;
45.227594;6.151325;1722.59;40.3;-1;1298;4152;28.46;142.35;;;
45.227742;6.151469;1722.37;59.2;0;1298;4152;28.48;142.33;;;
45.227869;6.151647;1722.33;40.3;0;1298;4152;28.5;142.31;;;
45.227947;6.151872;1722.48;22;1;1299;4151;28.52;142.29;;;
45.227989;6.152122;1723.04;10.7;2;1299;4151;28.54;142.27;;;
45.228025;6.152369;1723.41;14.4;3;1300;4150;28.56;142.25;;;
45.228094;6.152606;1724.13;24.8;4;1300;4150;28.58;142.23;;;
45.228186;6.152822;1725.38;31.7;4;1301;4149;28.6;142.21;;;
45.228278;6.153042;1726.55;29.9;5;1303;4147;28.62;142.19;;;
45.228358;6.153269;1728.12;23.8;6;1304;4146;28.64;142.17;;;
45.228428;6.153506;1729.06;21.9;6;1306;4144;28.66;142.15;;;
45.228486;6.153744;1730.64;18.5;6;1307;4143;28.68;142.13;;;
45.228544;6.153986;1732.13;17.9;7;1308;4142;28.7;142.11;;;
45.228581;6.154236;1733.73;7.6;7;1310;4140;28.72;142.09;;;
45.228539;6.154481;1734.86;-21.3;7;1312;4138;28.74;142.07;;;
45.228481;6.154719;1736.65;-17.9;7;1313;4137;28.76;142.05;;;
45.228444;6.154969;1738.18;-10.9;7;1315;4135;28.78;142.03;;;
45.22845;6.155222;1740.09;7.1;8;1316;4134;28.8;142.01;;;
45.228533;6.155447;1741.44;31.7;8;1318;4132;28.82;141.99;;;
45.228639;6.155653;1743.11;36.2;8;1319;4131;28.84;141.97;;;
45.228739;6.155864;1744.58;31.7;8;1321;4129;28.86;141.95;;;
45.228839;6.156078;1746.06;33.8;8;1322;4128;28.88;141.93;;;
45.228944;6.156281;1747.3;36.4;8;1324;4126;28.9;141.91;;;
45.229058;6.156481;1748.81;40;8;1325;4125;28.92;141.89;;;
45.229175;6.156675;1750.28;41.8;8;1326;4124;28.94;141.87;;;
45.229297;6.156861;1751.84;43.3;7;1328;4122;28.96;141.85;;;
45.229422;6.157042;1753.01;44.2;7;1329;4121;28.98;141.83;;;
45.229544;6.157231;1754.48;40;7;1331;4119;29;141.81;;;
45.229644;6.157439;1756.19;30;7;1332;4118;29.02;141.79;;;
45.229719;6.157672;1757.73;21.5;7;1334;4116;29.04;141.77;;;
45.229756;6.157922;1759.21;10.9;7;1336;4114;29.06;141.75;;;
45.229803;6.158167;1760.98;18.3;7;1337;4113;29.08;141.73;;;
45.229872;6.158403;1762.46;23.6;7;1339;4111;29.1;141.71;;;
45.22995;6.158631;1763.58;25.9;7;1340;4110;29.12;141.69;;;
45.230031;6.158858;1764.75;27.6;7;1341;4109;29.14;141.67;;;
45.230114;6.159083;1766.2;28.2;6;1343;4107;29.16;141.65;;;
45.230233;6.159272;1767.54;47.5;6;1344;4106;29.18;141.63;;;
45.230389;6.159397;1769.04;61.2;6;1345;4105;29.2;141.61;;;
45.230542;6.159533;1770.23;55.9;6;1346;4104;29.22;141.59;;;
45.230658;6.159725;1771.12;35.6;6;1347;4103;29.24;141.57;;;
45.23075;6.159942;1772.27;29.8;6;1348;4102;29.26;141.55;;;
45.230858;6.160147;1773.24;40.3;6;1349;4101;29.28;141.53;;;
45.230981;6.160333;1774.44;44.1;7;1351;4099;29.3;141.51;;;
45.2311;6.160522;1775.57;39.3;7;1352;4098;29.32;141.49;;;
45.231192;6.160742;1777.01;28.2;7;1354;4096;29.34;141.47;;;
45.231275;6.160967;1778.68;29.4;7;1355;4095;29.36;141.45;;;
45.2314;6.16115;1780.36;49.7;7;1357;4093;29.38;141.43;;;
45.23155;6.161292;1782.01;55.6;8;1358;4092;29.4;141.41;;;
45.231672;6.161472;1783.59;38.8;8;1360;4090;29.42;141.39;;;
45.231758;6.161694;1785.14;27.7;8;1362;4088;29.44;141.37;;;
45.231844;6.161919;1786.74;27.7;8;1363;4087;29.46;141.35;;;
45.231922;6.16215;1788.39;25.3;8;1365;4085;29.48;141.33;;;
45.231967;6.162397;1790.08;12.8;8;1367;4083;29.5;141.31;;;
45.232003;6.162644;1791.69;12.8;8;1368;4082;29.52;141.29;;;
45.232047;6.162892;1793.25;14.3;8;1370;4080;29.54;141.27;;;
45.232092;6.163139;1794.72;15;7;1371;4079;29.56;141.25;;;
45.232131;6.163389;1796.31;12.8;7;1373;4077;29.58;141.23;;;
45.232175;6.163636;1798.06;14;7;1374;4076;29.6;141.21;;;
45.232231;6.163878;1799.16;20.1;7;1376;4074;29.62;141.19;;;
45.2323;6.164111;1800.72;23.6;7;1377;4073;29.64;141.17;;;
45.232372;6.164344;1802.21;23.8;7;1379;4071;29.66;141.15;;;
45.232447;6.164575;1803.92;24.2;7;1380;4070;29.68;141.13;;;
45.232519;6.164808;1805.39;23.8;7;1382;4068;29.7;141.11;;;
45.232586;6.165047;1806.67;21.5;7;1383;4067;29.72;141.09;;;
45.232644;6.165286;1807.74;17.9;7;1384;4066;29.74;141.07;;;
45.232703;6.165528;1809.57;20.1;7;1386;4064;29.76;141.05;;;
45.232772;6.165764;1810.8;23.6;7;1387;4063;29.78;141.03;;;
45.232847;6.165994;1812.24;26.1;7;1389;4061;29.8;141.01;;;
45.232931;6.166219;1813.38;29.9;7;1390;4060;29.82;140.99;;;
45.233008;6.16645;1814.52;23.6;7;1391;4059;29.84;140.97;;;
45.23305;6.166697;1815.77;10.9;7;1392;4058;29.86;140.95;;;
45.233089;6.166944;1817.43;14.4;7;1393;4057;29.88;140.93;;;
45.233139;6.167189;1818.34;18.3;7;1395;4055;29.9;140.91;;;
45.233203;6.167428;1820.48;21.9;7;1396;4054;29.92;140.89;;;
45.233283;6.167656;1821.13;27.1;8;1398;4052;29.94;140.87;;;
45.233372;6.167878;1822.52;29.4;8;1399;4051;29.96;140.85;;;
45.233458;6.1681;1823.97;27.1;8;1400;4050;29.98;140.83;;;
45.233517;6.168339;1825.58;16.2;8;1402;4048;30;140.81;;;
45.233556;6.168589;1827.3;12.8;8;1404;4046;30.02;140.79;17;;
45.233614;6.168831;1828.91;23.1;8;1406;4044;30.04;140.77;;;
45.233697;6.169053;1830.56;29.8;8;1407;4043;30.06;140.75;;;
45.233789;6.169275;1832.28;31;8;1409;4041;30.08;140.73;;;
45.233897;6.169475;1834.18;38.8;8;1410;4040;30.1;140.71;;;
45.234014;6.169669;1835.28;40.3;8;1412;4038;30.12;140.69;;;
45.234114;6.169881;1836.57;31.5;8;1413;4037;30.14;140.67;;;
45.234181;6.170119;1837.89;22.1;8;1414;4036;30.16;140.65;;;
45.234236;6.170361;1839.34;18.1;8;1416;4034;30.18;140.63;;;
45.234292;6.170603;1840.63;18.1;8;1417;4033;30.2;140.61;;;
45.234358;6.170839;1842.01;23.6;8;1419;4031;30.22;140.59;;;
45.234442;6.171067;1843.86;29.3;8;1420;4030;30.24;140.57;;;
45.234531;6.171286;1845.42;32.3;8;1422;4028;30.26;140.55;;;
45.234622;6.171506;1847.45;31.5;8;1424;4026;30.28;140.53;;;
45.234719;6.171719;1848.85;33.3;8;1425;4025;30.3;140.51;;;
45.234817;6.171933;1850.58;34.1;8;1427;4023;30.32;140.49;;;
45.234947;6.172108;1852.12;50.8;8;1428;4022;30.34;140.47;;;
45.235108;6.172219;1853.4;67;7;1429;4021;30.36;140.45;;;
45.235278;6.172306;1854.48;69.3;7;1431;4019;30.38;140.43;;;
45.235444;6.172406;1855.65;67;7;1432;4018;30.4;140.41;;;
45.235597;6.172536;1856.87;55.9;7;1433;4017;30.42;140.39;;;
45.235717;6.172722;1858.35;38.5;7;1435;4015;30.44;140.37;;;
45.235819;6.172933;1859.6;31.7;7;1436;4014;30.46;140.35;;;
45.235897;6.173161;1861.05;27.7;8;1438;4012;30.48;140.33;;;
45.236014;6.173353;1862.9;47.9;8;1439;4011;30.5;140.31;;;
45.236172;6.173472;1864.91;64.2;8;1441;4009;30.52;140.29;;;
45.236333;6.173586;1866.33;59.7;9;1443;4007;30.54;140.27;;;
45.236444;6.173778;1868.23;29.8;9;1445;4005;30.56;140.25;;;
45.2365;6.174019;1870.08;16.6;9;1447;4003;30.58;140.23;;;
45.236572;6.174253;1871.76;27.7;9;1449;4001;30.6;140.21;;;
45.236667;6.174467;1873.38;38.5;10;1451;3999;30.62;140.19;;;
45.236794;6.174644;1875.21;48.5;10;1453;3997;30.64;140.17;;;
45.236956;6.174758;1877.62;67.3;10;1455;3995;30.66;140.15;;;
45.237125;6.174839;1879.82;72.3;10;1457;3993;30.68;140.13;;;
45.237289;6.174944;1882.06;64.4;9;1459;3991;30.7;140.11;;;
45.237444;6.175072;1883.76;59.7;9;1460;3990;30.72;140.09;;;
45.237614;6.175156;1885.63;74.4;9;1462;3988;30.74;140.07;;;
45.237786;6.175231;1887.34;72.3;9;1464;3986;30.76;140.05;;;
45.237956;6.175311;1888.8;70.6;9;1465;3985;30.78;140.03;;;
45.238125;6.1754;1890.42;68.3;8;1467;3983;30.8;140.01;;;
45.238281;6.175531;1892.21;57.7;8;1469;3981;30.82;139.99;;;
45.238417;6.175694;1893.94;45;8;1470;3980;30.84;139.97;;;
45.238489;6.175919;1895.6;16.6;8;1472;3978;30.86;139.95;;;
45.238489;6.176175;1897.23;0;8;1474;3976;30.88;139.93;;;
45.238508;6.176428;1898.81;9;7;1475;3975;30.9;139.91;;;
45.238564;6.176669;1900.15;20.3;7;1477;3973;30.92;139.89;;;
45.238631;6.176906;1901.96;22.4;7;1478;3972;30.94;139.87;;;
45.238692;6.177144;1903.07;18.5;7;1480;3970;30.96;139.85;;;
45.238711;6.177397;1904.85;0;7;1481;3969;30.98;139.83;;;
45.238692;6.17765;1906.2;-5.1;6;1483;3967;31;139.81;;;
45.238761;6.177875;1907.17;33.8;6;1484;3966;31.02;139.79;18;;
45.238781;6.178125;1907.95;7.8;6;1485;3965;31.04;139.77;;;
45.238806;6.178378;1909;8.8;6;1486;3964;31.06;139.75;;;
45.23885;6.178622;1910.31;18.5;6;1487;3963;31.08;139.73;;;
45.238906;6.178864;1911.16;16.2;6;1488;3962;31.1;139.71;;;
45.238947;6.179114;1912.36;12.2;6;1489;3961;31.12;139.69;;;
45.238975;6.179364;1913.75;7.1;6;1490;3960;31.14;139.67;;;
45.238981;6.179619;1914.85;0;6;1491;3959;31.16;139.65;;;
45.238981;6.179872;1915.98;0;6;1492;3958;31.18;139.63;;;
45.238994;6.180128;1916.95;3.2;6;1493;3957;31.2;139.61;;;
45.239031;6.180375;1918.42;15;6;1495;3955;31.22;139.59;;;
45.239072;6.180622;1919.41;18.5;6;1496;3954;31.24;139.57;;;
45.239089;6.180875;1921.31;1.9;6;1497;3953;31.26;139.55;;;
45.239081;6.181131;1922.03;-5.1;6;1498;3952;31.28;139.53;;;
45.239081;6.181383;1922.9;0;6;1499;3951;31.3;139.51;;;
45.239061;6.181636;1924.5;-9;6;1501;3949;31.32;139.49;;;
45.239006;6.181878;1925.67;-16.2;6;1502;3948;31.34;139.47;;;
45.238956;6.182122;1926.73;-10.3;6;1503;3947;31.36;139.45;;;
45.238922;6.182372;1927.69;-10.9;6;1504;3946;31.38;139.43;;;
45.238911;6.182625;1929.08;-2;6;1506;3944;31.4;139.41;;;
45.238919;6.182881;1930.27;1.3;6;1507;3943;31.42;139.39;;;
45.238936;6.183133;1931.36;9;6;1508;3942;31.44;139.37;;;
45.238944;6.183386;1932.62;3.3;6;1509;3941;31.46;139.35;;;
45.238939;6.183642;1933.7;-5.1;6;1510;3940;31.48;139.33;;;
45.238919;6.183894;1935.16;-10.8;6;1512;3938;31.5;139.31;;;
45.238878;6.184142;1936.05;-14;6;1513;3937;31.52;139.29;;;
45.238869;6.184394;1937.63;0;7;1514;3936;31.54;139.27;;;
45.238936;6.184631;1938.58;25.9;7;1515;3935;31.56;139.25;;;
45.239053;6.184822;1939.62;39.3;7;1516;3934;31.58;139.23;;;
45.239169;6.185017;1940.97;38;7;1518;3932;31.6;139.21;;;
45.239253;6.185242;1941.87;23.6;7;1519;3931;31.62;139.19;;;
45.239219;6.185483;1943.21;-22.6;7;1521;3929;31.64;139.17;;;
45.239097;6.185661;1945.17;-54.8;7;1522;3928;31.66;139.15;;;
45.238925;6.185728;1946.79;-80.1;7;1524;3926;31.68;139.13;;;
45.238753;6.185792;1948.48;-69.1;7;1525;3925;31.7;139.11;;;
45.238603;6.185931;1949.66;-50.4;7;1526;3924;31.72;139.09;;;
45.238467;6.1861;1950.7;-46.5;7;1527;3923;31.74;139.07;;;
45.238364;6.186306;1951.17;-31.5;6;1528;3922;31.76;139.05;;;
45.238281;6.186531;1953.32;-27.1;6;1529;3921;31.78;139.03;;;
45.238189;6.18675;1954.12;-31.7;6;1531;3919;31.8;139.01;;;
45.2381;6.186972;1955.4;-29.4;6;1532;3918;31.82;138.99;;;
45.238011;6.187194;1957.26;-29.5;6;1533;3917;31.84;138.97;;;
45.237922;6.187414;1957.95;-31.7;6;1534;3916;31.86;138.95;;;
45.237828;6.187631;1959.32;-33.8;6;1536;3914;31.88;138.93;;;
45.237717;6.187831;1960.34;-38;6;1537;3913;31.9;138.91;;;
45.237628;6.18805;1962.5;-25.9;6;1538;3912;31.92;138.89;;;
45.237572;6.188292;1963.05;-14.3;6;1539;3911;31.94;138.87;;;
45.237533;6.188539;1964.02;-15;6;1540;3910;31.96;138.85;;;
45.237475;6.188781;1965.05;-20.1;6;1542;3908;31.98;138.83;;;
45.237392;6.189006;1966.22;-29.2;6;1543;3907;32;138.81;;;
45.237239;6.189469;1968.83;-23.8;6;1545;3905;32.04;138.77;;;
45.237175;6.189706;1970;-20.1;6;1546;3904;32.06;138.75;;;
45.237122;6.18995;1971.3;-14;6;1548;3902;32.08;138.73;;;
45.237061;6.190189;1972.32;-20.1;6;1549;3901;32.1;138.71;;;
45.236947;6.190669;1975.6;-22.1;6;1552;3898;32.14;138.67;;;
45.236731;6.191075;1977.97;-42.7;6;1554;3896;32.18;138.63;;;
45.236486;6.191447;1980.43;-43.6;6;1557;3893;32.22;138.59;;;
45.236358;6.191628;1981.62;-45.6;6;1558;3892;32.24;138.57;;;
45.236231;6.191808;1982.58;-44.5;6;1559;3891;32.26;138.55;;;
45.236108;6.191994;1983.86;-42.7;6;1560;3890;32.28;138.53;;;
45.235858;6.192358;1986.28;-43.6;6;1563;3887;32.32;138.49;;;
45.235603;6.192717;1989.05;-46.6;5;1565;3885;32.36;138.45;;;
45.235278;6.192928;1990.83;-69.1;5;1567;3883;32.4;138.41;;;
45.235106;6.193008;1992.05;-70.2;5;1569;3881;32.42;138.39;;;
45.234939;6.193097;1992.41;-68.3;5;1570;3880;32.44;138.37;;;
45.234767;6.193178;1994.76;-72.3;5;1571;3879;32.46;138.35;;;
45.234408;6.193219;1996.88;-89.1;5;1573;3877;32.5;138.31;;;
45.234094;6.193403;1997.81;-45.6;6;1575;3875;32.54;138.27;;;
45.234008;6.193625;1994.03;-25.9;6;1575;3875;32.56;138.25;;;
45.233933;6.193856;2000.26;-25.9;6;1576;3874;32.58;138.23;;;
45.233853;6.194083;2000.45;-27.1;6;1577;3873;32.6;138.21;;;
45.233686;6.194536;2002.97;-29.9;6;1579;3871;32.64;138.17;;;
45.233481;6.194953;2005.46;-33.8;6;1582;3868;32.68;138.13;;;
45.233325;6.195408;2007.56;-18.5;6;1584;3866;32.72;138.09;;;
45.233275;6.195653;2009.08;-14.4;6;1585;3865;32.74;138.07;;;
45.233253;6.195906;2009.72;-7.1;6;1587;3863;32.76;138.05;;;
45.233219;6.196156;2010.96;-14.9;6;1588;3862;32.78;138.03;;;
45.233053;6.196606;2014.04;-31.5;6;1590;3860;32.82;137.99;;;
45.232831;6.197008;2016.3;-38;6;1593;3857;32.86;137.95;;;
45.232589;6.197381;2018.68;-50.4;6;1595;3855;32.9;137.91;;;
45.232436;6.197514;2019.94;-60;6;1596;3854;32.92;137.89;;;
45.232294;6.197672;2021.1;-48.9;6;1598;3852;32.94;137.87;;;
45.232161;6.197844;2022.35;-47.9;6;1599;3851;32.96;137.85;;;
45.231897;6.198192;2024.86;-46.9;6;1601;3849;33;137.81;;;
45.231656;6.198567;2027.52;-34.9;6;1604;3846;33.04;137.77;;;
45.231558;6.198781;2028.8;-33.1;6;1605;3845;33.06;137.75;;;
45.231461;6.198994;2030.09;-34.1;6;1606;3844;33.08;137.73;;;
45.231367;6.199211;2031.19;-31.7;6;1608;3842;33.1;137.71;;;
45.231172;6.199639;2033.43;-33.8;6;1610;3840;33.14;137.67;;;
45.230969;6.200061;2036.24;-35.6;6;1613;3837;33.18;137.63;;;
45.230744;6.200456;2038.56;-40.5;6;1615;3835;33.22;137.59;;;
45.230628;6.200653;2039.91;-40.3;6;1616;3834;33.24;137.57;;;
45.230514;6.200847;2041.27;-40.3;6;1618;3832;33.26;137.55;;;
45.230389;6.201033;2042.45;-45;6;1619;3831;33.28;137.53;;;
45.230133;6.201389;2044.91;-45.6;6;1622;3828;33.32;137.49;;;
45.229875;6.201744;2047.58;-45.9;6;1624;3826;33.36;137.45;;;
45.229611;6.202089;2049.87;-51.9;6;1626;3824;33.4;137.41;;;
45.229447;6.202192;2051.2;-70.6;6;1628;3822;33.42;137.39;;;
45.229267;6.202225;2052.3;-83.8;6;1629;3821;33.44;137.37;;;
45.229089;6.202253;2053.57;-83.7;6;1630;3820;33.46;137.35;;;
45.228733;6.202331;2056.1;-79.7;5;1633;3817;33.5;137.31;;;
45.228383;6.20245;2058.33;-74.9;4;1635;3815;33.54;137.27;;;
45.228208;6.202514;2059.3;-75.4;4;1636;3814;33.56;137.25;;;
45.228036;6.202581;2060.76;-73.1;3;1637;3813;33.58;137.23;;;
45.227864;6.202661;2062.11;-70.2;3;1638;3812;33.6;137.21;;;
45.227578;6.202947;2064.66;-37;2;1639;3811;33.64;137.17;;;
45.227469;6.203425;2064.95;-5.8;0;1640;3810;33.68;137.13;;;
45.227481;6.203933;2063.24;8.9;-2;1641;3809;33.72;137.09;19;summit;H
45.227519;6.204181;2062.94;14.2;-3;1641;3809;33.74;137.07;;;
45.227608;6.204397;2060.71;38.8;-4;1641;3809;33.76;137.05;;;
45.227758;6.204539;2058.84;61.8;-5;1641;3809;33.78;137.03;;;
45.228111;6.204619;2054.5;86.4;-7;1641;3809;33.82;136.99;;;
45.228436;6.204803;2052.23;48.6;-8;1641;3809;33.86;136.95;;;
45.228661;6.2052;2048.98;38;-8;1641;3809;33.9;136.91;;;
45.228772;6.2054;2047.92;38;-8;1641;3809;33.92;136.89;;;
45.228881;6.205603;2045.63;38.5;-8;1641;3809;33.94;136.87;;;
45.228986;6.205808;2044.51;34.1;-8;1641;3809;33.96;136.85;;;
45.229181;6.206239;2041.3;32.3;-8;1641;3809;34;136.81;;;
45.229356;6.206681;2038.05;28;-8;1641;3809;34.04;136.77;;;
45.229453;6.206897;2036.34;31.7;-8;1641;3809;34.06;136.75;;;
45.22955;6.207111;2034.77;32.4;-8;1641;3809;34.08;136.73;;;
45.229658;6.207314;2033.42;35.6;-9;1641;3809;34.1;136.71;;;
45.229869;6.207728;2029.9;35.6;-9;1641;3809;34.14;136.67;;;
45.230083;6.208136;2025.98;38;-9;1641;3809;34.18;136.63;;;
45.230303;6.208542;2022.7;37.7;-10;1641;3809;34.22;136.59;;;
45.230408;6.208747;2020.51;35.1;-10;1641;3809;34.24;136.57;;;
45.230506;6.208961;2019.44;32.3;-9;1641;3809;34.26;136.55;;;
45.230592;6.209183;2017.8;27.6;-8;1641;3809;34.28;136.53;;;
45.230669;6.209678;2013.2;3.2;-6;1641;3809;34.32;136.49;;;
45.2307;6.210186;2011.76;3.8;-5;1641;3809;34.36;136.45;;;
45.23065;6.210639;2009.46;-50.5;-6;1641;3809;34.4;136.41;;;
45.230586;6.210442;2008.61;178;-7;1641;3809;34.42;136.39;;;
45.2306;6.210186;2007.14;176.2;-7;1641;3809;34.44;136.37;;;
45.230558;6.209942;2005.85;-161.5;-7;1641;3809;34.46;136.35;;;
45.230344;6.209547;2002.41;-125.9;-8;1641;3809;34.5;136.31;;;
45.230017;6.209336;1999.33;-114.2;-8;1641;3809;34.54;136.27;;;
45.229853;6.209236;1997.68;-113.8;-8;1641;3809;34.56;136.25;;;
45.229686;6.209133;1996.42;-113;-8;1641;3809;34.58;136.23;;;
45.229522;6.209033;1995.99;-112.7;-9;1641;3809;34.6;136.21;;;
45.229192;6.208831;1990.95;-114.6;-9;1641;3809;34.64;136.17;;;
45.228953;6.208981;1987.46;-3.3;-9;1641;3809;34.68;136.13;;;
45.228989;6.209486;1983.71;0;-9;1641;3809;34.72;136.09;;;
45.228986;6.209739;1982.87;-2;-9;1641;3809;34.74;136.07;;;
45.228981;6.209994;1980.87;-1.3;-9;1641;3809;34.76;136.05;;;
45.228975;6.21025;1978.85;-1.9;-9;1641;3809;34.78;136.03;;;
45.228917;6.21075;1975.47;-14;-9;1641;3809;34.82;135.99;;;
45.228864;6.21125;1971.24;1.9;-9;1641;3809;34.86;135.95;;;
45.228942;6.211747;1967.81;8.8;-9;1641;3809;34.9;135.91;;;
45.22895;6.212;1965.74;0;-9;1641;3809;34.92;135.89;;;
45.228936;6.212253;1964.53;-7.1;-9;1641;3809;34.94;135.87;;;
45.228897;6.2125;1962.31;-18.5;-9;1641;3809;34.96;135.85;;;
45.228703;6.212928;1958.84;-33.8;-10;1641;3809;35;135.81;;;
45.22855;6.213383;1954.84;-10.9;-10;1641;3809;35.04;135.77;;;
45.228625;6.213603;1952.91;38.5;-9;1641;3809;35.06;135.75;;;
45.228775;6.213742;1951.36;59;-8;1641;3809;35.08;135.73;;;
45.228933;6.213864;1949.57;60.8;-8;1641;3809;35.1;135.71;;;
45.229147;6.21425;1946.89;18.5;-6;1641;3809;35.14;135.67;;;
45.229194;6.21475;1944.65;16.6;-7;1641;3809;35.18;135.63;;;
45.229478;6.215031;1941.53;70.6;-8;1641;3809;35.22;135.59;;;
45.229656;6.215086;1939.46;77.5;-8;1641;3809;35.24;135.57;;;
45.229831;6.215139;1937.84;77.5;-8;1641;3809;35.26;135.55;;;
45.230006;6.215189;1936.56;78.6;-8;1641;3809;35.28;135.53;;;
45.230336;6.215392;1933.44;61.8;-9;1641;3809;35.32;135.49;;;
45.230617;6.215708;1929.95;45;-8;1641;3809;35.36;135.45;;;
45.230836;6.216111;1926.74;36.2;-7;1641;3809;35.4;135.41;;;
45.230942;6.216314;1926.01;37;-7;1641;3809;35.42;135.39;;;
45.23105;6.216519;1925.14;36.4;-6;1641;3809;35.44;135.37;;;
45.231011;6.216706;1923.64;-52.4;-6;1641;3809;35.46;135.35;;;
45.230772;6.216333;1920.96;-141.5;-7;1641;3809;35.5;135.31;;;
45.230467;6.216083;1918.15;-106.4;-7;1641;3809;35.54;135.27;;;
45.230289;6.216058;1916.96;-95;-7;1641;3809;35.56;135.25;;;
45.230108;6.216039;1914.68;-94.8;-8;1641;3809;35.58;135.23;;;
45.229931;6.216019;1913.45;-94.1;-8;1641;3809;35.6;135.21;;;
45.229569;6.215994;1910.33;-95.2;-9;1641;3809;35.64;135.17;;;
45.229222;6.215872;1906.82;-112.7;-9;1641;3809;35.68;135.13;;;
45.228936;6.215567;1902.96;-127.8;-8;1641;3809;35.72;135.09;;;
45.228786;6.215425;1901.81;-122.9;-8;1641;3809;35.74;135.07;;;
45.228625;6.215317;1900.02;-114.3;-8;1641;3809;35.76;135.05;;;
45.228453;6.215233;1898.62;-109;-8;1641;3809;35.78;135.03;;;
45.228111;6.215083;1896.39;-108.3;-9;1641;3809;35.82;134.99;;;
45.2278;6.214831;1891.75;-127;-10;1641;3809;35.86;134.95;;;
45.2276;6.214417;1887.63;-155.8;-11;1641;3809;35.9;134.91;;;
45.227531;6.214181;1885.55;-156.2;-11;1641;3809;35.92;134.89;;;
45.227461;6.213944;1885.12;-156.4;-12;1641;3809;35.94;134.87;;;
45.227381;6.213717;1882.2;-152.9;-10;1641;3809;35.96;134.85;;;
45.227142;6.213342;1878.54;-131.5;-7;1641;3809;36;134.81;;;
45.226819;6.213114;1875.32;-109.6;-4;1641;3809;36.04;134.77;;;
45.22665;6.213028;1873.64;-108.6;-5;1641;3809;36.06;134.75;;;
45.226483;6.212942;1872.11;-109;-6;1641;3809;36.08;134.73;;;
45.226317;6.212839;1870.92;-114.2;-8;1641;3809;36.1;134.71;;;
45.226017;6.212558;1866.78;-124.4;-10;1641;3809;36.14;134.67;;;
45.225881;6.2127;1863.97;40.2;-9;1641;3809;36.18;134.63;;;
45.226175;6.212992;1860.73;51.5;-8;1641;3809;36.22;134.59;;;
45.226308;6.213164;1859.2;46.6;-7;1641;3809;36.24;134.57;;;
45.226442;6.213336;1857.91;47.9;-7;1641;3809;36.26;134.55;;;
45.226575;6.213508;1856.01;47.9;-7;1641;3809;36.28;134.53;;;
45.226817;6.213883;1853.43;38.5;-8;1641;3809;36.32;134.49;;;
45.227019;6.214306;1849.46;34.9;-8;1641;3809;36.36;134.45;;;
45.227225;6.214722;1846.62;34.1;-8;1641;3809;36.4;134.41;;;
45.227328;6.214933;1846.45;35.6;-8;1641;3809;36.42;134.39;;;
45.227425;6.215144;1843.56;34.1;-8;1641;3809;36.44;134.37;;;
45.227519;6.215364;1841.41;31;-8;1641;3809;36.46;134.35;;;
45.227683;6.215817;1837.97;25.3;-7;1641;3809;36.5;134.31;;;
45.227836;6.216278;1836.39;25.3;-6;1641;3809;36.54;134.27;;;
45.227911;6.216508;1835.09;23.8;-6;1641;3809;36.56;134.25;;;
45.227953;6.216744;1834;2;-6;1641;3809;36.58;134.23;;;
45.227825;6.216678;1832.57;-143;-7;1641;3809;36.6;134.21;;;
45.227678;6.216217;1830.32;-155.8;-7;1641;3809;36.64;134.17;;;
45.2275;6.215775;1827.16;-143.8;-6;1641;3809;36.68;134.13;;;
45.227267;6.215383;1823.87;-137.6;-5;1641;3809;36.72;134.09;;;
45.227133;6.215214;1822.85;-129.9;-4;1641;3809;36.74;134.07;;;
45.226992;6.215058;1821.07;-126.3;-6;1641;3809;36.76;134.05;;;
45.226847;6.214906;1819.69;-126.3;-7;1641;3809;36.78;134.03;;;
45.226561;6.2146;1816.33;-126.3;-10;1641;3809;36.82;133.99;;;
45.226253;6.214336;1813.97;-118.8;-11;1641;3809;36.86;133.95;;;
45.225933;6.2141;1809.25;-117.9;-10;1641;3809;36.9;133.91;;;
45.225775;6.213983;1807.22;-118;-10;1641;3809;36.92;133.89;;;
45.225608;6.213883;1807.46;-111.9;-9;1641;3809;36.94;133.87;;;
45.225439;6.213794;1805.49;-109;-9;1641;3809;36.96;133.85;;;
45.225111;6.213589;1801.06;-116.8;-8;1641;3809;37;133.81;;;
45.224803;6.213322;1797.6;-122.3;-8;1641;3809;37.04;133.77;;;
45.224653;6.213186;1795.91;-122.2;-8;1641;3809;37.06;133.75;;;
45.224503;6.213044;1794.77;-124.4;-8;1641;3809;37.08;133.73;;;
45.224364;6.212883;1793.66;-131.4;-8;1641;3809;37.1;133.71;;;
45.224122;6.212508;1789.77;-138.6;-8;1641;3809;37.14;133.67;;;
45.223867;6.21215;1786.68;-130.8;-8;1641;3809;37.18;133.63;;;
45.223561;6.211883;1783.29;-116;-8;1641;3809;37.22;133.59;;;
45.223392;6.211794;1781.58;-109;-8;1641;3809;37.24;133.57;;;
45.223219;6.211728;1780.06;-105;-8;1641;3809;37.26;133.55;;;
45.223042;6.211672;1778.53;-101.2;-8;1641;3809;37.28;133.53;;;
45.222683;6.21165;1775.6;-86.5;-7;1641;3809;37.32;133.49;;;
45.222328;6.211717;1772.93;-81;-7;1641;3809;37.36;133.45;;;
45.221978;6.211842;1769.89;-72.3;-8;1641;3809;37.4;133.41;;;
45.221814;6.211939;1768.48;-65;-8;1641;3809;37.42;133.39;;;
45.22165;6.21205;1766.62;-64;-8;1641;3809;37.44;133.37;;;
45.221489;6.212161;1765.44;-64.2;-8;1641;3809;37.46;133.35;;;
45.221308;6.212467;1761.73;28.3;-9;1641;3809;37.5;133.31;;;
45.221658;6.212378;1758.29;99.9;-9;1641;3809;37.54;133.27;;;
45.221836;6.212378;1756.64;85.9;-9;1641;3809;37.56;133.25;;;
45.222014;6.212422;1754.88;77.5;-9;1641;3809;37.58;133.23;;;
45.222186;6.212494;1753.21;73.6;-8;1641;3809;37.6;133.21;;;
45.222514;6.212703;1750.05;62;-8;1641;3809;37.64;133.17;;;
45.222822;6.212967;1746.48;56.7;-8;1641;3809;37.68;133.13;;;
45.223117;6.213258;1743.87;54.1;-7;1641;3809;37.72;133.09;;;
45.223261;6.213411;1742.19;53.7;-7;1641;3809;37.74;133.07;;;
45.2234;6.213572;1740.65;50.8;-8;1641;3809;37.76;133.05;;;
45.223536;6.213742;1739.05;47.9;-8;1641;3809;37.78;133.03;;;
45.223792;6.214097;1735.92;43.6;-9;1641;3809;37.82;132.99;;;
45.224003;6.214508;1732.35;27.6;-9;1641;3809;37.86;132.95;;;
45.224075;6.215006;1729;8.8;-8;1641;3809;37.9;132.91;;;
45.224103;6.215256;1727.51;10.9;-8;1641;3809;37.92;132.89;;;
45.224194;6.215472;1726.52;35.6;-7;1641;3809;37.94;132.87;;;
45.224317;6.215658;1724.01;43.6;-7;1641;3809;37.96;132.85;;;
45.224564;6.216028;1721.17;40.9;-7;1641;3809;38;132.81;;;
45.224808;6.216403;1718.51;43.3;-7;1641;3809;38.04;132.77;;;
45.224931;6.216592;1716.61;42.8;-7;1641;3809;38.06;132.75;;;
45.225053;6.216778;1715.35;43.3;-7;1641;3809;38.08;132.73;;;
45.225175;6.216967;1714.15;42.4;-7;1641;3809;38.1;132.71;;;
45.225094;6.217203;1711.71;-112.2;-7;1641;3809;38.14;132.67;;;
45.224825;6.216869;1708.49;-123.3;-8;1641;3809;38.18;132.63;;;
45.2245;6.21665;1704.83;-114.7;-9;1641;3809;38.22;132.59;;;
45.224336;6.216542;1702.94;-113.8;-10;1641;3809;38.24;132.57;;;
45.224175;6.216433;1700.79;-114.7;-10;1641;3809;38.26;132.55;;;
45.224011;6.216325;1698.66;-114.7;-10;1641;3809;38.28;132.53;;;
45.223675;6.216147;1695.73;-108.3;-9;1641;3809;38.32;132.49;;;
45.223319;6.216086;1690.58;-91.4;-9;1641;3809;38.36;132.45;;;
45.222997;6.215872;1687.36;-112.7;-10;1641;3809;38.4;132.41;;;
45.222819;6.215872;1685.8;-85;-10;1641;3809;38.42;132.39;;;
45.222644;6.215936;1683.64;-72.5;-10;1641;3809;38.44;132.37;;;
45.222483;6.216047;1681.73;-63.2;-10;1641;3809;38.46;132.35;;;
45.222175;6.216308;1677.71;-58.2;-10;1641;3809;38.5;132.31;;;
45.221856;6.216542;1673.5;-67;-10;1641;3809;38.54;132.27;;;
45.221686;6.216628;1671.41;-70.4;-10;1641;3809;38.56;132.25;;;
45.221517;6.216714;1669.4;-69.1;-10;1641;3809;38.58;132.23;;;
45.221353;6.216822;1667.1;-62.9;-10;1641;3809;38.6;132.21;;;
45.221078;6.217147;1663.07;-47.5;-10;1641;3809;38.64;132.17;;;
45.220747;6.217319;1658.94;-85;-10;1641;3809;38.68;132.13;;;
45.220406;6.217178;1654.62;-113;-10;1641;3809;38.72;132.09;;;
45.220231;6.217122;1652.73;-99.1;-10;1641;3809;38.74;132.07;;;
45.22005;6.217094;1651.03;-96.1;-10;1641;3809;38.76;132.05;;;
45.219872;6.217089;1649.47;-86.4;-10;1641;3809;38.78;132.03;;;
45.220031;6.217353;1646.08;80.1;-9;1641;3809;38.82;131.99;;;
45.220322;6.217619;1642.68;37.4;-9;1641;3809;38.86;131.95;;;
45.22045;6.218092;1638.39;18.3;-10;1641;3809;38.9;131.91;;;
45.220503;6.218336;1636.42;16.2;-10;1641;3809;38.92;131.89;;;
45.220561;6.218578;1634.33;19.5;-10;1641;3809;38.94;131.87;;;
45.220617;6.218819;1632.47;18.5;-10;1641;3809;38.96;131.85;;;
45.220728;6.219306;1627.89;17.9;-11;1641;3809;39;131.81;20;;
45.220844;6.219786;1623.65;21.5;-11;1641;3809;39.04;131.77;;;
45.220939;6.220003;1621.39;35.4;-11;1641;3809;39.06;131.75;;;
45.221081;6.220153;1619.47;57.8;-11;1641;3809;39.08;131.73;;;
45.221242;6.220264;1617.38;64;-11;1641;3809;39.1;131.71;;;
45.221461;6.220619;1613.47;9;-11;1641;3809;39.14;131.67;;;
45.221483;6.221125;1609.19;14.4;-11;1641;3809;39.18;131.63;;;
45.221667;6.221561;1605.09;38.5;-10;1641;3809;39.22;131.59;;;
45.221778;6.221758;1603.31;39.3;-10;1641;3809;39.24;131.57;;;
45.221892;6.221958;1601.12;40;-9;1641;3809;39.26;131.55;;;
45.221997;6.222161;1599.35;34.6;-9;1641;3809;39.28;131.53;;;
45.222097;6.22265;1596.28;8.8;-8;1641;3809;39.32;131.49;;;
45.222125;6.223156;1593.01;1.9;-7;1641;3809;39.36;131.45;;;
45.222114;6.223664;1591.04;-9;-6;1641;3809;39.4;131.41;;;
45.221989;6.223789;1589.22;-83.2;-5;1641;3809;39.42;131.39;;;
45.221933;6.223556;1588.34;-171.1;-5;1641;3809;39.44;131.37;;;
45.221917;6.223303;1588.18;-174.9;-6;1641;3809;39.46;131.35;;;
45.221781;6.22285;1584.85;-134.9;-8;1641;3809;39.5;131.31;;;
45.221436;6.222811;1581.23;-77.1;-10;1641;3809;39.54;131.27;;;
45.221264;6.222892;1579.14;-71;-10;1641;3809;39.56;131.25;;;
45.2211;6.222997;1577.48;-63.2;-10;1641;3809;39.58;131.23;;;
45.220942;6.223117;1575.6;-61.8;-9;1641;3809;39.6;131.21;;;
45.220608;6.223303;1571.93;-77.5;-9;1641;3809;39.64;131.17;;;
45.220336;6.223492;1568.04;-11.1;-9;1641;3809;39.68;131.13;;;
45.220606;6.223783;1564.67;69.7;-8;1641;3809;39.72;131.09;;;
45.220775;6.223875;1563.11;70.2;-8;1641;3809;39.74;131.07;;;
45.220939;6.223978;1561.5;65.8;-8;1641;3809;39.76;131.05;;;
45.2211;6.224089;1560.22;63.2;-8;1641;3809;39.78;131.03;;;
45.221161;6.224564;1556.97;-10.9;-8;1641;3809;39.82;130.99;;;
45.221072;6.225056;1553.58;-14.2;-8;1641;3809;39.86;130.95;;;
45.221042;6.225564;1550.1;0;-9;1641;3809;39.9;130.91;;;
45.221047;6.225817;1548.19;1.9;-10;1641;3809;39.92;130.89;;;
45.22105;6.226072;1546.72;0;-10;1641;3809;39.94;130.87;;;
45.221064;6.226325;1544.64;7.1;-10;1641;3809;39.96;130.85;;;
45.221258;6.226739;1540.42;45.6;-10;1641;3809;40;130.81;;;
45.221389;6.227194;1536.51;7;-10;1641;3809;40.04;130.77;;;
45.2214;6.227447;1534.47;3.8;-10;1641;3809;40.06;130.75;;;
45.221408;6.227703;1532.82;3.2;-10;1641;3809;40.08;130.73;;;
45.221419;6.227956;1530.76;3.2;-9;1641;3809;40.1;130.71;;;
45.221433;6.228464;1526.91;1.3;-9;1641;3809;40.14;130.67;;;
45.221439;6.228972;1523.33;0;-9;1641;3809;40.18;130.63;;;
45.221439;6.229483;1520.08;0;-8;1641;3809;40.22;130.59;;;
45.221439;6.229736;1518.57;0;-8;1641;3809;40.24;130.57;;;
45.221439;6.229992;1517.11;0;-8;1641;3809;40.26;130.55;;;
45.221439;6.230247;1515.68;0;-7;1641;3809;40.28;130.53;;;
45.221419;6.230756;1512.95;-3.8;-6;1641;3809;40.32;130.49;;;
45.221411;6.231264;1510.77;0;-5;1641;3809;40.36;130.45;;;
45.221419;6.231772;1509.26;3.2;-2;1641;3809;40.4;130.41;;;
45.221456;6.232022;1509.45;12.8;0;1641;3809;40.42;130.39;;;
45.221497;6.232269;1509.77;14.4;1;1641;3809;40.44;130.37;;;
45.221547;6.232514;1510.62;14.4;1;1642;3808;40.46;130.35;;;
45.221458;6.232994;1510.73;-22.1;0;1642;3808;40.5;130.31;;;
45.221336;6.233472;1510.12;-20.3;-1;1642;3808;40.54;130.27;;;
45.221272;6.233711;1509.79;-22.1;-1;1642;3808;40.56;130.25;;;
45.221228;6.233958;1509.52;-12.2;-1;1642;3808;40.58;130.23;;;
45.221175;6.2342;1509.49;-18.5;0;1642;3808;40.6;130.21;;;
45.221083;6.234692;1509.35;-9;0;1642;3808;40.64;130.17;;;
45.221036;6.235194;1509.09;-7.1;-1;1642;3808;40.68;130.13;;;
45.221014;6.235703;1508.96;-7.1;-2;1642;3808;40.72;130.09;;;
45.220967;6.23595;1508.47;-15.9;-2;1642;3808;40.74;130.07;;;
45.220917;6.236192;1507.98;-16.5;-2;1642;3808;40.76;130.05;;;
45.220872;6.236439;1507.46;-14.4;-3;1642;3808;40.78;130.03;;;
45.220786;6.236933;1506.44;-14.4;-4;1642;3808;40.82;129.99;;;
45.220606;6.237361;1504.97;-45.1;-4;1642;3808;40.86;129.95;;;
45.220353;6.237722;1503.09;-41.2;-4;1642;3808;40.9;129.91;;;
45.220217;6.23785;1502.12;-68.5;-4;1642;3808;40.92;129.89;;;
45.220264;6.238056;1501.82;23.4;-4;1642;3808;40.94;129.87;;;
45.220242;6.238308;1500.98;-7.1;-4;1642;3808;40.96;129.85;;;
45.220219;6.238561;1500.12;-7.8;-4;1642;3808;40.98;129.83;;;
45.220192;6.238814;1499.35;-12.2;-4;1642;3808;41;129.81;;;
45.220169;6.239064;1498.66;-3.9;-4;1642;3808;41.02;129.79;;;
45.220136;6.239314;1497.73;-13.1;-4;1642;3808;41.04;129.77;;;
45.220094;6.239561;1497.03;-15;-4;1642;3808;41.06;129.75;;;
45.220019;6.239792;1496.43;-30.4;-4;1642;3808;41.08;129.73;;;
45.219922;6.240008;1495.94;-33.3;-4;1642;3808;41.1;129.71;;;
45.219828;6.240222;1495.37;-32.4;-4;1642;3808;41.12;129.69;;;
45.219733;6.240439;1494.84;-32.3;-4;1642;3808;41.14;129.67;;;
45.219647;6.240664;1493.79;-28.2;-4;1642;3808;41.16;129.65;;;
45.219561;6.240886;1492.95;-29.9;-4;1642;3808;41.18;129.63;;;
45.219464;6.241103;1492.02;-35.4;-3;1642;3808;41.2;129.61;;;
45.219336;6.241281;1491.38;-44.6;-3;1642;3808;41.22;129.59;;;
45.219203;6.241453;1490.68;-49.4;-3;1642;3808;41.24;129.57;;;
45.219081;6.241639;1490.13;-40.3;-3;1642;3808;41.26;129.55;;;
45.218981;6.241847;1489.7;-30;-3;1642;3808;41.28;129.53;;;
45.218892;6.242069;1489.36;-29.4;-2;1642;3808;41.3;129.51;;;
45.218808;6.242294;1489.02;-28.2;-2;1642;3808;41.32;129.49;;;
45.218725;6.242519;1488.61;-26.1;-2;1642;3808;41.34;129.47;;;
45.218636;6.242742;1488.23;-30.4;-2;1642;3808;41.36;129.45;;;
45.218553;6.242969;1487.93;-27.3;-2;1642;3808;41.38;129.43;;;
45.218464;6.243189;1487.57;-31.7;-2;1642;3808;41.4;129.41;;;
45.218358;6.243394;1487.27;-38.5;-2;1642;3808;41.42;129.39;;;
45.218233;6.243578;1486.96;-45.6;-2;1642;3808;41.44;129.37;;;
45.2181;6.243747;1486.73;-48.9;-2;1642;3808;41.46;129.35;;;
45.217969;6.243922;1486.49;-46.6;-3;1642;3808;41.48;129.33;;;
45.217856;6.244119;1486.01;-38;-3;1642;3808;41.5;129.31;;;
45.217753;6.244331;1485.58;-33.8;-4;1642;3808;41.52;129.29;;;
45.217669;6.244553;1485.04;-24.7;-4;1642;3808;41.54;129.27;;;
45.217636;6.244803;1483.92;-5.1;-5;1642;3808;41.56;129.25;;;
45.217636;6.245056;1483.07;3.3;-5;1642;3808;41.58;129.23;;;
45.217639;6.245311;1482.17;0;-6;1642;3808;41.6;129.21;;;
45.217633;6.245564;1481.21;-3.9;-6;1642;3808;41.62;129.19;;;
45.217608;6.245817;1479.52;-10.9;-7;1642;3808;41.64;129.17;;;
45.217531;6.246044;1477.79;-25.5;-7;1642;3808;41.66;129.15;;;
45.217425;6.24625;1476.37;-38.5;-7;1642;3808;41.68;129.13;;;
45.217317;6.246453;1474.9;-36.4;-6;1642;3808;41.7;129.11;;;
45.217208;6.246656;1473.84;-37;-6;1642;3808;41.72;129.09;;;
45.217097;6.246856;1472.53;-39;-6;1642;3808;41.74;129.07;;;
45.216986;6.247056;1471.72;-37;-5;1642;3808;41.76;129.05;;;
45.216878;6.247261;1470.45;-36.1;-4;1642;3808;41.78;129.03;;;
45.216772;6.247467;1470.06;-36.1;-4;1642;3808;41.8;129.01;;;
45.216667;6.247672;1469.27;-35.6;-3;1642;3808;41.82;128.99;;;
45.216558;6.247875;1469.19;-38.5;-2;1642;3808;41.84;128.97;;;
45.216428;6.248053;1468.43;-46.5;-2;1642;3808;41.86;128.95;;;
45.216275;6.248186;1467.95;-58.8;-2;1642;3808;41.88;128.93;;;
45.216111;6.248294;1467.55;-66.2;-1;1642;3808;41.9;128.91;;;
45.21595;6.248403;1467.42;-64;-1;1642;3808;41.92;128.89;;;
45.215786;6.248508;1467.29;-65.7;-1;1642;3808;41.94;128.87;;;
45.215631;6.248633;1467.14;-57.1;-2;1642;3808;41.96;128.85;;;
45.215489;6.248789;1466.82;-50.4;-2;1642;3808;41.98;128.83;;;
45.215356;6.248961;1466.64;-44.2;-3;1642;3808;42;128.81;;;
45.215236;6.24915;1465.78;-41.2;-3;1642;3808;42.02;128.79;;;
45.215136;6.249364;1465.26;-31.7;-4;1642;3808;42.04;128.77;;;
45.215061;6.249594;1464.11;-21.5;-5;1642;3808;42.06;128.75;;;
45.215014;6.249839;1462.87;-12.2;-6;1642;3808;42.08;128.73;;;
45.215;6.250092;1461.06;-3.8;-7;1642;3808;42.1;128.71;;;
45.214989;6.250347;1459.47;-3.2;-8;1642;3808;42.12;128.69;;;
45.214978;6.2506;1457.99;-3.2;-9;1642;3808;42.14;128.67;;;
45.214969;6.250856;1456.31;-3.8;-8;1642;3808;42.16;128.65;;;
45.214964;6.251108;1454.99;-1.9;-8;1642;3808;42.18;128.63;;;
45.214953;6.251364;1453.73;-3.2;-7;1642;3808;42.2;128.61;;;
45.214939;6.251617;1452.79;-5.1;-7;1642;3808;42.22;128.59;;;
45.214883;6.251858;1451.83;-22.6;-6;1642;3808;42.24;128.57;;;
45.214761;6.252039;1450.1;-53.7;-6;1642;3808;42.26;128.55;;;
45.214592;6.252125;1448.39;-70.4;-6;1642;3808;42.28;128.53;;;
45.214414;6.252175;1447.18;-80.1;-5;1642;3808;42.3;128.51;;;
45.214239;6.252219;1446.26;-80.1;-5;1642;3808;42.32;128.49;;;
45.214061;6.252269;1444.97;-78.8;-5;1642;3808;42.34;128.47;;;
45.213886;6.252319;1443.96;-78.4;-5;1642;3808;42.36;128.45;;;
45.213708;6.252375;1442.86;-77.5;-5;1642;3808;42.38;128.43;;;
45.213536;6.252439;1441.97;-74.9;-5;1642;3808;42.4;128.41;;;
45.213361;6.252503;1440.98;-74.4;-5;1642;3808;42.42;128.39;;;
45.213189;6.252572;1439.98;-72.3;-5;1642;3808;42.44;128.37;;;
45.213028;6.252686;1438.99;-60;-5;1642;3808;42.46;128.35;;;
45.2129;6.252864;1437.87;-45.6;-5;1642;3808;42.48;128.33;;;
45.212789;6.253067;1436.52;-39.5;-6;1642;3808;42.5;128.31;;;
45.212672;6.253258;1435.41;-40.8;-6;1642;3808;42.52;128.29;;;
45.212564;6.253461;1434.76;-36.1;-6;1642;3808;42.54;128.27;;;
45.212486;6.253692;1433.46;-23.1;-6;1642;3808;42.56;128.25;;;
45.212425;6.253931;1431.89;-20.1;-6;1642;3808;42.58;128.23;;;
45.212372;6.254172;1430.79;-18;-6;1642;3808;42.6;128.21;;;
45.212303;6.254406;1429.71;-25.9;-6;1642;3808;42.62;128.19;;;
45.212214;6.254628;1427.49;-29.4;-6;1642;3808;42.64;128.17;;;
45.212117;6.254842;1426.66;-33.8;-5;1642;3808;42.66;128.15;;;
45.212025;6.255061;1425.72;-29.4;-5;1642;3808;42.68;128.13;;;
45.211931;6.255278;1424.69;-31.5;-4;1642;3808;42.7;128.11;;;
45.211839;6.255497;1423.93;-31.7;-4;1642;3808;42.72;128.09;;;
45.211744;6.255714;1422.9;-32.2;-3;1642;3808;42.74;128.07;;;
45.211653;6.255933;1422.31;-31;-3;1642;3808;42.76;128.05;;;
45.211558;6.25615;1422.01;-32.2;-2;1642;3808;42.78;128.03;;;
45.211467;6.256369;1421.81;-31;-2;1642;3808;42.8;128.01;;;
45.211375;6.256586;1421.59;-30;-1;1642;3808;42.82;127.99;;;
45.211281;6.256806;1421.6;-30.8;-1;1642;3808;42.84;127.97;;;
45.211189;6.257022;1421.61;-31.7;-1;1642;3808;42.86;127.95;;;
45.211083;6.257231;1421.17;-36.1;-1;1642;3808;42.88;127.93;;;
45.210961;6.257417;1420.99;-42.3;-1;1642;3808;42.9;127.91;;;
45.210811;6.257558;1420.7;-57.1;-1;1642;3808;42.92;127.89;;;
45.210647;6.257661;1420.28;-67.2;-1;1642;3808;42.94;127.87;;;
45.210483;6.257764;1420.14;-65.3;-1;1642;3808;42.96;127.85;;;
45.210317;6.257864;1420.14;-67;-1;1642;3808;42.98;127.83;;;
45.210158;6.257981;1420.13;-60;-1;1642;3808;43;127.81;;;
45.210022;6.25815;1419.91;-46.9;-1;1642;3808;43.02;127.79;;;
45.209903;6.258339;1419.76;-40.3;-1;1642;3808;43.04;127.77;;;
45.209786;6.258533;1419.53;-40.3;-1;1642;3808;43.06;127.75;;;
45.209672;6.258728;1419.14;-39.3;-1;1642;3808;43.08;127.73;;;
45.209567;6.258933;1419.36;-31.7;-2;1642;3808;43.1;127.71;;;
45.209478;6.259153;1419.18;-29.8;-2;1642;3808;43.12;127.69;;;
45.209392;6.259378;1419.27;-27.7;-2;1642;3808;43.14;127.67;;;
45.209308;6.259603;1418.68;-28.2;-2;1642;3808;43.16;127.65;;;
45.209228;6.259831;1417.84;-25.9;-2;1642;3808;43.18;127.63;;;
45.209144;6.260056;1417.16;-28;-3;1642;3808;43.2;127.61;;;
45.209056;6.260278;1416.68;-27.7;-3;1642;3808;43.22;127.59;;;
45.208986;6.260514;1415.73;-20.1;-3;1642;3808;43.24;127.57;;;
45.208925;6.260753;1415.28;-20.1;-3;1642;3808;43.26;127.55;;;
45.208861;6.260992;1414.05;-21.3;-4;1642;3808;43.28;127.53;;;
45.208797;6.261228;1413.68;-22.4;-4;1642;3808;43.3;127.51;;;
45.208733;6.261467;1412.31;-21.9;-5;1642;3808;43.32;127.49;;;
45.208656;6.261694;1412.5;-29.4;-5;1642;3808;43.34;127.47;;;
45.208542;6.261892;1410.79;-42.3;-5;1642;3808;43.36;127.45;;;
45.208408;6.262061;1410.12;-47.9;-4;1642;3808;43.38;127.43;;;
45.208272;6.262228;1409.52;-50.8;-4;1642;3808;43.4;127.41;;;
45.208128;6.262381;1408.04;-53.7;-3;1642;3808;43.42;127.39;;;
45.207978;6.262522;1407.48;-59.2;-3;1642;3808;43.44;127.37;;;
45.207811;6.262614;1406.98;-68.3;-3;1642;3808;43.46;127.35;;;
45.207642;6.262697;1406.81;-70.8;-3;1642;3808;43.48;127.33;;;
45.207469;6.262775;1406.81;-72.5;-2;1642;3808;43.5;127.31;21;;
45.207297;6.26285;1406.31;-72.3;-2;1642;3808;43.52;127.29;;;
45.207128;6.262931;1405.83;-70.4;-2;1642;3808;43.54;127.27;;;
45.206956;6.263011;1405.73;-72.3;-2;1642;3808;43.56;127.25;;;
45.206789;6.263106;1405.44;-63.7;-2;1642;3808;43.58;127.23;;;
45.206636;6.263239;1404.79;-53.7;-3;1642;3808;43.6;127.21;;;
45.206497;6.2634;1404.19;-47.9;-3;1642;3808;43.62;127.19;;;
45.206369;6.263578;1403.8;-43.7;-3;1642;3808;43.64;127.17;;;
45.206242;6.263756;1403.43;-45.6;-3;1642;3808;43.66;127.15;;;
45.206119;6.263942;1402.95;-40.5;-4;1642;3808;43.68;127.13;;;
45.206039;6.264169;1402.76;-26.1;-4;1642;3808;43.7;127.11;;;
45.205964;6.2644;1400.68;-27.6;-5;1642;3808;43.72;127.09;;;
45.205828;6.264561;1399.37;-57;-5;1642;3808;43.74;127.07;;;
45.205681;6.264706;1398.41;-55.6;-5;1642;3808;43.76;127.05;;;
45.205525;6.264839;1397.99;-60.9;-5;1642;3808;43.78;127.03;;;
45.205369;6.264964;1397.41;-60;-4;1642;3808;43.8;127.01;;;
45.205214;6.265092;1396.83;-60;-4;1642;3808;43.82;126.99;;;
45.205064;6.265231;1396.36;-54.5;-4;1642;3808;43.84;126.97;;;
45.204922;6.265389;1395.99;-50.8;-4;1642;3808;43.86;126.95;;;
45.204772;6.265531;1394.78;-56.7;-4;1642;3808;43.88;126.93;;;
45.204617;6.265656;1393.71;-62.5;-5;1642;3808;43.9;126.91;;;
45.204444;6.265725;1392.69;-78.8;-5;1642;3808;43.92;126.89;;;
45.204267;6.265764;1391.82;-81;-5;1642;3808;43.94;126.87;;;
45.204092;6.265819;1390.83;-76.6;-5;1642;3808;43.96;126.85;;;
45.203925;6.265917;1389.79;-64.6;-6;1642;3808;43.98;126.83;;;
45.203772;6.266047;1388.72;-57;-6;1642;3808;44;126.81;;;
45.203628;6.2662;1386.93;-52.6;-7;1642;3808;44.02;126.79;;;
45.203511;6.266389;1385.96;-31.7;-7;1642;3808;44.04;126.77;;;
45.203422;6.266608;1384.57;-30.6;-7;1642;3808;44.06;126.75;;;
45.203353;6.266844;1383.06;-23.8;-7;1642;3808;44.08;126.73;;;
45.203278;6.267075;1381.54;-27;-6;1642;3808;44.1;126.71;;;
45.203189;6.267297;1380.54;-31;-6;1642;3808;44.12;126.69;;;
45.203086;6.267506;1379.74;-37.7;-6;1642;3808;44.14;126.67;;;
45.202972;6.267703;1377.86;-39.9;-6;1642;3808;44.16;126.65;;;
45.202853;6.267892;1376.24;-44.6;-6;1642;3808;44.18;126.63;;;
45.202708;6.268039;1375.26;-57.8;-5;1642;3808;44.2;126.61;;;
45.20255;6.268161;1374.83;-62;-5;1642;3808;44.22;126.59;;;
45.202411;6.268322;1373.97;-46.9;-5;1642;3808;44.24;126.57;;;
45.202306;6.268528;1373.11;-33.8;-5;1642;3808;44.26;126.55;;;
45.202194;6.268728;1371.84;-37.7;-5;1642;3808;44.28;126.53;;;
45.202061;6.268897;1370.7;-51.2;-6;1642;3808;44.3;126.51;;;
45.201919;6.269053;1369.57;-54.1;-6;1642;3808;44.32;126.49;;;
45.201778;6.269211;1368.11;-50.8;-6;1642;3808;44.34;126.47;;;
45.201678;6.269422;1366.84;-31.7;-6;1642;3808;44.36;126.45;;;
45.201611;6.269658;1365.68;-21.5;-6;1642;3808;44.38;126.43;;;
45.201547;6.269897;1364.65;-19.8;-6;1642;3808;44.4;126.41;;;
45.201489;6.270136;1363.78;-19.7;-6;1642;3808;44.42;126.39;;;
45.201428;6.270375;1362.29;-19.7;-6;1642;3808;44.44;126.37;;;
45.201369;6.270617;1361.48;-18.3;-6;1642;3808;44.46;126.35;;;
45.201314;6.270858;1360.2;-18.5;-6;1642;3808;44.48;126.33;;;
45.201267;6.271106;1359.01;-12.2;-5;1642;3808;44.5;126.31;;;
45.201228;6.271353;1357.98;-10.3;-5;1642;3808;44.52;126.29;;;
45.201189;6.2716;1357.75;-12.5;-5;1642;3808;44.54;126.27;;;
45.201158;6.271853;1356.09;-8.8;-4;1642;3808;44.56;126.25;;;
45.201117;6.2721;1355.08;-16.2;-3;1642;3808;44.58;126.23;;;
45.201044;6.272331;1354.54;-28;-3;1642;3808;44.6;126.21;;;
45.200944;6.272542;1354.18;-36.1;-2;1642;3808;44.62;126.19;;;
45.200836;6.272747;1353.9;-35.6;-1;1642;3808;44.64;126.17;;;
45.200758;6.272969;1353.87;-18.9;-1;1642;3808;44.66;126.15;;;
45.200783;6.273214;1353.68;20;-1;1642;3808;44.68;126.13;;;
45.200897;6.273411;1353.61;41.2;0;1642;3808;44.7;126.11;;;
45.201028;6.273589;1353.54;45.6;0;1642;3808;44.72;126.09;;;
45.201136;6.273789;1353.52;33.8;0;1642;3808;44.74;126.07;;;
45.201175;6.274036;1353.16;10.9;0;1642;3808;44.76;126.05;;;
45.201156;6.274283;1353.5;-16.6;0;1642;3808;44.78;126.03;;;
45.201072;6.274506;1353.21;-34.6;-1;1642;3808;44.8;126.01;;;
45.200958;6.274706;1353.19;-39.9;-1;1642;3808;44.82;125.99;;;
45.200828;6.274881;1352.96;-49.4;-1;1642;3808;44.84;125.97;;;
45.200703;6.275061;1352.58;-43.3;-1;1642;3808;44.86;125.95;;;
45.200583;6.275253;1352.07;-40.8;-2;1642;3808;44.88;125.93;;;
45.200483;6.275464;1351.74;-32.2;-2;1642;3808;44.9;125.91;;;
45.200367;6.275656;1351.03;-44.6;-3;1642;3808;44.92;125.89;;;
45.200222;6.275803;1350.32;-60;-3;1642;3808;44.94;125.87;;;
45.200067;6.275933;1349.61;-57;-3;1642;3808;44.96;125.85;;;
45.199933;6.276103;1348.9;-45.6;-4;1642;3808;44.98;125.83;;;
45.199817;6.276297;1348.86;-40.3;-4;1642;3808;45;125.81;;;
45.1997;6.276489;1347.67;-40.3;-5;1642;3808;45.02;125.79;;;
45.199567;6.276661;1344.61;-47.4;-5;1642;3808;45.04;125.77;;;
45.199417;6.276797;1345.86;-60.8;-5;1642;3808;45.06;125.75;;;
45.199286;6.276969;1344.5;-41.2;-5;1642;3808;45.08;125.73;;;
45.199178;6.277175;1343.22;-37.2;-6;1642;3808;45.1;125.71;;;
45.199106;6.277406;1341.95;-25.3;-6;1642;3808;45.12;125.69;;;
45.199014;6.277625;1340.66;-31.7;-6;1642;3808;45.14;125.67;;;
45.198883;6.2778;1339.76;-50.1;-6;1642;3808;45.16;125.65;;;
45.198739;6.27795;1338.03;-55.9;-6;1642;3808;45.18;125.63;;;
45.198589;6.278092;1336.65;-56.7;-7;1642;3808;45.2;125.61;;;
45.198444;6.278244;1335.42;-54.1;-7;1642;3808;45.22;125.59;;;
45.198311;6.278411;1333.9;-45.6;-7;1642;3808;45.24;125.57;;;
45.198203;6.278614;1332.5;-33.3;-7;1642;3808;45.26;125.55;;;
45.198136;6.27885;1330.87;-20.3;-7;1642;3808;45.28;125.53;;;
45.198067;6.279083;1329.45;-23.8;-8;1642;3808;45.3;125.51;;;
45.197972;6.279297;1328.5;-36.9;-8;1642;3808;45.32;125.49;;;
45.197842;6.279475;1326.69;-45.6;-8;1642;3808;45.34;125.47;;;
45.197708;6.279642;1324.73;-54.1;-8;1642;3808;45.36;125.45;;;
45.19755;6.279761;1323.71;-66.5;-8;1642;3808;45.38;125.43;;;
45.197383;6.279858;1322.06;-68.5;-8;1642;3808;45.4;125.41;;;
45.197228;6.279983;1320.44;-54.8;-8;1642;3808;45.42;125.39;;;
45.197117;6.280183;1319.15;-34;-8;1642;3808;45.44;125.37;;;
45.197039;6.280411;1317.31;-21.8;-8;1642;3808;45.46;125.35;;;
45.196969;6.280647;1315.59;-22.6;-8;1642;3808;45.48;125.33;;;
45.196903;6.280883;1314.45;-22;-7;1642;3808;45.5;125.31;;;
45.196839;6.281122;1312.42;-19.7;-7;1642;3808;45.52;125.29;;;
45.196756;6.281347;1310.73;-33.3;-7;1642;3808;45.54;125.27;;;
45.196656;6.281556;1309.26;-35.6;-6;1642;3808;45.56;125.25;;;
45.196544;6.281756;1307.71;-40.5;-6;1642;3808;45.58;125.23;;;
45.196411;6.281925;1306.72;-51.9;-5;1642;3808;45.6;125.21;;;
45.196242;6.281903;1302.28;-112.5;-5;1642;3808;45.62;125.19;;;
45.196114;6.281725;1304.07;-134.4;-4;1642;3808;45.64;125.17;;;
45.195944;6.281756;1305.13;-67.2;-4;1642;3808;45.66;125.15;;;
45.195819;6.281939;1304.25;-44.6;-5;1642;3808;45.68;125.13;;;
45.195697;6.282125;1302.88;-42.6;-5;1642;3808;45.7;125.11;;;
45.195581;6.282317;1302.03;-40.9;-6;1642;3808;45.72;125.09;;;
45.195472;6.282519;1300.85;-36.9;-6;1642;3808;45.74;125.07;;;
45.195364;6.282725;1299.54;-36.1;-6;1642;3808;45.76;125.05;;;
45.195256;6.282928;1298.59;-38;-5;1642;3808;45.78;125.03;;;
45.195144;6.283128;1297.43;-39.3;-5;1642;3808;45.8;125.01;;;
45.195022;6.283317;1296.43;-42.3;-4;1642;3808;45.82;124.99;;;
45.194903;6.283506;1295.42;-42.3;-4;1642;3808;45.84;124.97;;;
45.194772;6.283683;1294.82;-46.9;-4;1642;3808;45.86;124.95;;;
45.194639;6.28385;1294.02;-50.4;-4;1642;3808;45.88;124.93;;;
45.194486;6.283983;1293.05;-60;-4;1642;3808;45.9;124.91;;;
45.194325;6.2841;1292.47;-64;-4;1642;3808;45.92;124.89;;;
45.194158;6.284189;1291.69;-73.6;-4;1642;3808;45.94;124.87;;;
45.193986;6.284264;1290.81;-72.3;-4;1642;3808;45.96;124.85;;;
45.193817;6.284356;1289.67;-68.5;-4;1642;3808;45.98;124.83;;;
45.193658;6.284475;1289.13;-62;-5;1642;3808;46;124.81;;;
45.193508;6.284611;1287.77;-57;-5;1642;3808;46.02;124.79;;;
45.193361;6.284758;1286.94;-54.8;-5;1642;3808;46.04;124.77;;;
45.193222;6.284922;1285.91;-47.9;-5;1642;3808;46.06;124.75;;;
45.193089;6.285092;1284.94;-47.9;-5;1642;3808;46.08;124.73;;;
45.192956;6.285261;1283.8;-48.5;-5;1642;3808;46.1;124.71;;;
45.192819;6.285428;1282.58;-48.5;-5;1642;3808;46.12;124.69;;;
45.192681;6.285592;1282.05;-50.4;-5;1642;3808;46.14;124.67;;;
45.192544;6.285758;1280.98;-47.9;-5;1642;3808;46.16;124.65;;;
45.192481;6.285986;1279.7;-10.3;-4;1642;3808;46.18;124.63;22;;
45.192544;6.286217;1273.84;31.5;-4;1642;3808;46.2;124.61;;;
45.19265;6.286422;1278.78;36.1;-3;1643;3807;46.22;124.59;;;
45.192722;6.286653;1278.03;19.5;-3;1643;3807;46.24;124.57;;;
45.192739;6.286906;1277.7;0;-3;1643;3807;46.26;124.55;;;
45.192706;6.287153;1276.56;-14.4;-3;1644;3806;46.28;124.53;;;
45.192617;6.287372;1275.84;-34;-3;1644;3806;46.3;124.51;;;
45.192494;6.287558;1275.18;-45.6;-3;1644;3806;46.32;124.49;;;
45.192369;6.287742;1274.71;-42.8;-3;1644;3806;46.34;124.47;;;
45.192272;6.287956;1273.98;-29.7;-3;1644;3806;46.36;124.45;;;
45.192222;6.2882;1273.32;-12.8;-3;1644;3806;46.38;124.43;;;
45.192219;6.288453;1272.27;0;-4;1644;3806;46.4;124.41;;;
45.192231;6.288708;1271.28;1.9;-4;1644;3806;46.42;124.39;;;
45.192225;6.288961;1270.48;-3.8;-4;1644;3806;46.44;124.37;;;
45.192211;6.289214;1269.75;-5.2;-4;1644;3806;46.46;124.35;;;
45.192261;6.289453;1269;28.2;-4;1644;3806;46.48;124.33;;;
45.192381;6.289642;1268.17;47.9;-4;1644;3806;46.5;124.31;;;
45.192522;6.289797;1267.37;53.7;-4;1644;3806;46.52;124.29;;;
45.192658;6.289961;1266.36;45.6;-4;1644;3806;46.54;124.27;;;
45.192775;6.290153;1265.36;40.9;-4;1644;3806;46.56;124.25;;;
45.192867;6.290372;1264.89;28.2;-4;1644;3806;46.58;124.23;;;
45.192897;6.290619;1263.79;0;-4;1644;3806;46.6;124.21;;;
45.192836;6.290856;1263.25;-27.6;-4;1644;3806;46.62;124.19;;;
45.192728;6.291058;1262.47;-38;-4;1644;3806;46.64;124.17;;;
45.192619;6.291261;1262.16;-36.1;-4;1644;3806;46.66;124.15;;;
45.192528;6.291481;1261.39;-27;-4;1644;3806;46.68;124.13;;;
45.192456;6.291711;1260.16;-23.6;-5;1644;3806;46.7;124.11;;;
45.192411;6.291958;1259.44;-14;-5;1644;3806;46.72;124.09;;;
45.192375;6.292208;1258.11;-10.9;-5;1644;3806;46.74;124.07;;;
45.192342;6.292458;1257.15;-10.3;-5;1644;3806;46.76;124.05;;;
45.19235;6.292711;1255.82;7.1;-5;1644;3806;46.78;124.03;;;
45.192436;6.292931;1255.14;36.1;-6;1644;3806;46.8;124.01;;;
45.192556;6.293119;1253.02;48.9;-6;1644;3806;46.82;123.99;;;
45.192694;6.293281;1252.34;52.6;-6;1644;3806;46.84;123.97;;;
45.192814;6.293469;1251.55;38.5;-6;1644;3806;46.86;123.95;;;
45.192897;6.293694;1250.21;26.1;-6;1644;3806;46.88;123.93;;;
45.192975;6.293922;1249.09;25.9;-6;1644;3806;46.9;123.91;;;
45.193053;6.294153;1248.01;25.3;-6;1644;3806;46.92;123.89;;;
45.193131;6.294381;1246.83;25.9;-6;1644;3806;46.94;123.87;;;
45.193208;6.294611;1245.22;25.9;-6;1644;3806;46.96;123.85;;;
45.193283;6.294842;1243.84;23.6;-5;1644;3806;46.98;123.83;;;
45.19335;6.295081;1243.15;21.3;-5;1644;3806;47;123.81;;;
45.193386;6.295328;1242.34;10.9;-4;1644;3806;47.02;123.79;;;
45.193417;6.295578;1241.19;3.8;-4;1644;3806;47.04;123.77;;;
45.193433;6.295831;1240.89;5.2;-4;1644;3806;47.06;123.75;;;
45.193478;6.296078;1239.87;16.2;-4;1644;3806;47.08;123.73;;;
45.193533;6.296319;1238.96;17.4;-5;1644;3806;47.1;123.71;;;
45.1936;6.296556;1238.08;21.8;-5;1644;3806;47.12;123.69;;;
45.193678;6.296786;1236.99;25.9;-5;1644;3806;47.14;123.67;;;
45.193758;6.297011;1236.12;27.7;-5;1644;3806;47.16;123.65;;;
45.19385;6.297231;1235.14;31.5;-5;1644;3806;47.18;123.63;;;
45.193967;6.297425;1234.48;43.3;-4;1644;3806;47.2;123.61;;;
45.194097;6.297597;1233.54;49.5;-4;1644;3806;47.22;123.59;;;
45.194247;6.297736;1232.74;61.1;-4;1644;3806;47.24;123.57;;;
45.194406;6.297861;1231.95;61.1;-4;1644;3806;47.26;123.55;;;
45.194569;6.297967;1230.89;67;-4;1644;3806;47.28;123.53;;;
45.194733;6.298069;1230.01;67;-3;1644;3806;47.3;123.51;;;
45.194903;6.298158;1228.99;71.4;-3;1644;3806;47.32;123.49;;;
45.195072;6.298242;1228.24;71;-3;1644;3806;47.34;123.47;;;
45.195242;6.298322;1227.88;71;-3;1644;3806;47.36;123.45;;;
45.195414;6.298406;1227.62;71;-2;1644;3806;47.38;123.43;;;
45.195581;6.298492;1227.35;70.6;-2;1644;3806;47.4;123.41;;;
45.195747;6.298592;1227.42;63.7;-1;1644;3806;47.42;123.39;;;
45.195886;6.298747;1226.99;46.6;-1;1644;3806;47.44;123.37;;;
45.195939;6.298986;1226.41;11.2;-1;1644;3806;47.46;123.35;;;
45.195961;6.299239;1227.61;9;-1;1644;3806;47.48;123.33;;;
45.195992;6.299489;1226;10.9;0;1644;3806;47.5;123.31;;;
45.196039;6.299733;1226.62;20.3;0;1644;3806;47.52;123.29;;;
45.1961;6.299972;1226.15;20.3;0;1644;3806;47.54;123.27;;;
45.196164;6.300211;1225.77;21.5;0;1644;3806;47.56;123.25;;;
45.196267;6.300414;1226.14;42.3;0;1644;3806;47.58;123.23;;;
45.196431;6.300522;1226.34;65.2;1;1644;3806;47.6;123.21;;;
45.196569;6.300681;1226.49;45.8;1;1645;3805;47.62;123.19;;;
45.196703;6.300856;1225.92;47.5;1;1645;3805;47.64;123.17;;;
45.196828;6.301036;1226.86;43.3;2;1645;3805;47.66;123.15;;;
45.196972;6.301181;1226.36;63.7;3;1645;3805;47.68;123.13;;;
45.19715;6.301183;1227.23;92.7;3;1646;3804;47.7;123.11;;;
45.197331;6.301161;1228.08;94.8;4;1647;3803;47.72;123.09;;;
45.197508;6.301131;1229.63;95.9;5;1648;3802;47.74;123.07;;;
45.197689;6.301147;1230.2;85.2;5;1649;3801;47.76;123.05;;;
45.197861;6.301214;1231.42;69.8;5;1650;3800;47.78;123.03;;;
45.197992;6.301378;1232.55;41.4;5;1651;3799;47.8;123.01;;;
45.198061;6.301614;1233.98;21.3;5;1652;3798;47.82;122.99;;;
45.198094;6.301864;1233.85;7;5;1653;3797;47.84;122.97;;;
45.198089;6.302117;1235.22;-7;5;1654;3796;47.86;122.95;;;
45.198058;6.302367;1236.84;-10.9;5;1655;3795;47.88;122.93;;;
45.198008;6.302611;1237.58;-18.5;5;1656;3794;47.9;122.91;;;
45.197981;6.302861;1239.09;-1.3;5;1657;3793;47.92;122.89;;;
45.198014;6.303108;1239.94;16.2;5;1658;3792;47.94;122.87;;;
45.198139;6.303283;1240.89;57;5;1659;3791;47.96;122.85;;;
45.198314;6.303292;1241.84;97.2;5;1660;3790;47.98;122.83;;;
45.198489;6.303233;1242.8;104.3;5;1661;3789;48;122.81;;;
45.198664;6.303181;1243.75;100.2;5;1662;3788;48.02;122.79;;;
45.198842;6.303136;1244.7;99.9;5;1663;3787;48.04;122.77;;;
45.199017;6.303078;1245.65;103.8;5;1664;3786;48.06;122.75;;;
45.199189;6.303003;1246.61;110.5;5;1665;3785;48.08;122.73;;;
45.199356;6.302911;1247.56;111.5;5;1666;3784;48.1;122.71;;;
45.199519;6.302806;1248.51;114.6;5;1667;3783;48.12;122.69;;;
45.199683;6.3027;1249.46;115;5;1668;3782;48.14;122.67;;;
45.199847;6.302594;1250.42;115;5;1669;3781;48.16;122.65;;;
45.200011;6.302492;1251.37;113.8;5;1670;3780;48.18;122.63;;;
45.200183;6.302414;1252.32;103.8;5;1671;3779;48.2;122.61;;;
45.200361;6.302392;1253.27;92.3;5;1672;3778;48.22;122.59;;;
45.200542;6.302419;1254.22;82.8;5;1673;3777;48.24;122.57;;;
45.200719;6.302447;1255.18;83.6;5;1674;3776;48.26;122.55;;;
45.200894;6.302511;1256.13;74.9;5;1675;3775;48.28;122.53;;;
45.201056;6.302622;1257.08;61.1;5;1676;3774;48.3;122.51;;;
45.201214;6.302744;1258.03;62;5;1677;3773;48.32;122.49;;;
45.201358;6.302894;1258.99;53.7;5;1678;3772;48.34;122.47;;;
45.201489;6.303069;1259.94;44.9;5;1678;3772;48.36;122.45;23;;
45.201614;6.303253;1260.89;44.6;5;1679;3771;48.38;122.43;;;
45.201731;6.303447;1261.84;40.8;5;1680;3770;48.4;122.41;;;
45.201844;6.303644;1262.8;38;5;1681;3769;48.42;122.39;;;
45.201953;6.303844;1263.75;37;5;1682;3768;48.44;122.37;;;
45.202058;6.304053;1264.7;33.8;5;1683;3767;48.46;122.35;;;
45.202158;6.304264;1265.65;33.8;5;1684;3766;48.48;122.33;;;
45.202239;6.304492;1266.61;25.9;5;1685;3765;48.5;122.31;;;
45.202281;6.304739;1267.56;8.8;5;1686;3764;48.52;122.29;;;
45.202278;6.304992;1268.51;-1.9;5;1687;3763;48.54;122.27;;;
45.202272;6.305247;1269.46;-1.9;5;1688;3762;48.56;122.25;;;
45.202269;6.3055;1270.41;0;5;1689;3761;48.58;122.23;;;
45.202264;6.305756;1271.37;-1.9;5;1690;3760;48.6;122.21;;;
45.20225;6.306008;1272.32;-7.1;5;1691;3759;48.62;122.19;;;
45.2023;6.30625;1273.27;25.9;5;1692;3758;48.64;122.17;;;
45.20245;6.306381;1274.22;65.8;5;1693;3757;48.66;122.15;;;
45.202622;6.306456;1274.95;74.4;5;1694;3756;48.68;122.13;;;
45.202794;6.306522;1275.95;74.9;4;1694;3756;48.7;122.11;;;
45.202969;6.306589;1276.68;74.9;4;1695;3755;48.72;122.09;;;
45.203144;6.306644;1277.67;77.8;4;1696;3754;48.74;122.07;;;
45.203322;6.306681;1278.38;84.6;4;1697;3753;48.76;122.05;;;
45.203503;6.3067;1278.95;85.2;3;1697;3753;48.78;122.03;;;
45.203681;6.306728;1279.57;82.3;3;1698;3752;48.8;122.01;;;
45.203853;6.306803;1279.86;71;2;1698;3752;48.82;121.99;;;
45.204014;6.306914;1279.91;64;2;1698;3752;48.84;121.97;;;
45.204175;6.307025;1280.24;64;2;1699;3751;48.86;121.95;;;
45.204336;6.307136;1280.85;64.2;2;1699;3751;48.88;121.93;;;
45.204503;6.307239;1280.93;66;3;1699;3751;48.9;121.91;;;
45.204656;6.307369;1280.91;54.1;3;1700;3750;48.92;121.89;;;
45.204794;6.307531;1282.33;49.4;3;1700;3750;48.94;121.87;;;
45.204944;6.307667;1282.74;59;3;1701;3749;48.96;121.85;;;
45.205114;6.307753;1283.42;71.7;3;1702;3748;48.98;121.83;;;
45.205286;6.307831;1283.64;73.1;3;1702;3748;49;121.81;;;
45.205461;6.307897;1284.34;75.4;3;1703;3747;49.02;121.79;;;
45.205631;6.307978;1284.89;69.3;3;1703;3747;49.04;121.77;;;
45.2058;6.308064;1285.42;71;3;1704;3746;49.06;121.75;;;
45.205969;6.308153;1285.97;69.8;3;1705;3745;49.08;121.73;;;
45.206133;6.308253;1286.69;67;3;1705;3745;49.1;121.71;;;
45.2063;6.308347;1287.25;69.5;3;1706;3744;49.12;121.69;;;
45.206475;6.3084;1287.85;79.8;3;1706;3744;49.14;121.67;;;
45.206656;6.308436;1288.39;81.4;3;1707;3743;49.16;121.65;;;
45.206833;6.308472;1288.88;82.8;3;1708;3742;49.18;121.63;;;
45.207011;6.308508;1289.8;82.8;3;1708;3742;49.2;121.61;;;
45.207189;6.308544;1290.03;81.4;3;1709;3741;49.22;121.59;;;
45.207367;6.308589;1290.81;80.1;3;1709;3741;49.24;121.57;;;
45.207539;6.308653;1291.78;73.6;3;1710;3740;49.26;121.55;;;
45.207708;6.308747;1292.15;67;2;1711;3739;49.28;121.53;;;
45.207861;6.308881;1292.67;55.6;2;1711;3739;49.3;121.51;;;
45.208003;6.309036;1293.03;51.2;1;1711;3739;49.32;121.49;;;
45.208158;6.309156;1293.68;66.2;1;1711;3739;49.34;121.47;;;
45.208339;6.309156;1293.98;94.8;0;1711;3739;49.36;121.45;;;
45.208514;6.309106;1293.61;102.1;-1;1711;3739;49.38;121.43;;;
45.208689;6.30905;1292.88;104.2;-2;1711;3739;49.4;121.41;;;
45.208864;6.308986;1291.94;106.4;-3;1711;3739;49.42;121.39;;;
45.209014;6.30885;1290.89;129.2;-4;1711;3739;49.44;121.37;;;
45.209106;6.308633;1290.2;150.1;-4;1711;3739;49.46;121.35;;;
45.209186;6.308406;1289.63;153.9;-4;1711;3739;49.48;121.33;;;
45.209269;6.308181;1288.89;150.6;-3;1711;3739;49.5;121.31;;;
45.209378;6.307978;1288.4;139.2;-3;1711;3739;49.52;121.29;;;
45.209506;6.3078;1287.79;134.4;-3;1711;3739;49.54;121.27;;;
45.209642;6.307633;1287.04;130.2;-3;1711;3739;49.56;121.25;;;
45.209781;6.307472;1286.31;129.2;-3;1711;3739;49.58;121.23;;;
45.209922;6.307314;1285.57;127.4;-3;1711;3739;49.6;121.21;;;
45.210061;6.307156;1284.85;128.2;-3;1711;3739;49.62;121.19;;;
45.210203;6.306997;1284.13;128.1;-3;1711;3739;49.64;121.17;;;
45.210344;6.306839;1283.55;128.5;-3;1711;3739;49.66;121.15;;;
45.210486;6.306683;1282.99;128.5;-3;1711;3739;49.68;121.13;;;
45.210633;6.306536;1282.38;125.2;-3;1711;3739;49.7;121.11;;;
45.2108;6.306439;1281.5;110.5;-3;1711;3739;49.72;121.09;;;
45.210975;6.306411;1280.03;85;-3;1711;3739;49.74;121.07;;;
45.211153;6.306439;1279.53;77.5;-2;1711;3739;49.76;121.05;;;
45.211308;6.306561;1279.31;57.8;-1;1711;3739;49.78;121.03;;;
45.211447;6.306725;1279.42;47.4;-1;1711;3739;49.8;121.01;;;
45.211606;6.306844;1279.52;67.2;0;1711;3739;49.82;120.99;;;
45.211783;6.306828;1279.63;96.3;1;1711;3739;49.84;120.97;;;
45.211961;6.306789;1279.73;98.6;1;1711;3739;49.86;120.95;24;;
45.212139;6.306753;1279.84;97.2;1;1712;3738;49.88;120.93;;;
45.212317;6.306717;1279.94;98.6;1;1712;3738;49.9;120.91;;;
45.212494;6.306683;1280.05;97.7;1;1712;3738;49.92;120.89;;;
45.212675;6.306647;1280.15;97.7;1;1712;3738;49.94;120.87;;;
45.212853;6.306614;1280.26;97.7;1;1712;3738;49.96;120.85;;;
45.213031;6.306578;1280.36;97.2;1;1712;3738;49.98;120.83;;;
45.213208;6.306542;1280.47;98.6;1;1712;3738;50;120.81;;;
45.213386;6.306508;1280.57;97.7;1;1712;3738;50.02;120.79;;;
45.213567;6.306472;1280.68;98.7;1;1712;3738;50.04;120.77;;;
45.213744;6.306439;1280.78;97.7;1;1712;3738;50.06;120.75;;;
45.213922;6.306403;1280.89;97.2;1;1713;3737;50.08;120.73;;;
45.2141;6.306367;1280.99;98.6;1;1713;3737;50.1;120.71;;;
45.214278;6.306333;1281.1;97.7;1;1713;3737;50.12;120.69;;;
45.214456;6.306297;1281.2;99;1;1713;3737;50.14;120.67;;;
45.214636;6.306264;1281.31;97.4;1;1713;3737;50.16;120.65;;;
45.214814;6.306231;1281.41;97.2;1;1713;3737;50.18;120.63;;;
45.214992;6.306197;1281.52;97.7;1;1713;3737;50.2;120.61;;;
45.215169;6.306164;1281.62;97.7;1;1713;3737;50.22;120.59;;;
45.215347;6.306131;1281.73;97.2;1;1713;3737;50.24;120.57;;;
45.215528;6.306097;1281.83;97.7;1;1713;3737;50.26;120.55;;;
45.215706;6.306067;1281.94;96.3;1;1714;3736;50.28;120.53;;;
45.215883;6.306033;1282.04;97.7;1;1714;3736;50.3;120.51;;;
45.216064;6.306003;1282.15;97;1;1714;3736;50.32;120.49;;;
45.216242;6.305964;1282.25;98.6;1;1714;3736;50.34;120.47;;;
45.216417;6.305919;1282.36;100.7;1;1714;3736;50.36;120.45;;;
45.216594;6.305878;1282.46;98.6;1;1714;3736;50.38;120.43;;;
45.216772;6.305836;1282.57;99;1;1714;3736;50.4;120.41;;;
45.21695;6.305792;1282.67;99.9;1;1714;3736;50.42;120.39;25;;
45.217128;6.30575;1282.78;99.9;1;1714;3736;50.44;120.37;;;
45.217306;6.305708;1282.88;99;1;1714;3736;50.46;120.35;;;
45.217481;6.305658;1282.99;102.8;1;1715;3735;50.48;120.33;;;
45.217656;6.3056;1283.09;104.1;1;1715;3735;50.5;120.31;;;
45.217833;6.305561;1283.2;99;1;1715;3735;50.52;120.29;;;
45.218014;6.305533;1283.3;95;1;1715;3735;50.54;120.27;;;
45.218186;6.305594;1283.41;73.6;1;1715;3735;50.56;120.25;;;
45.218344;6.305714;1283.51;62;1;1715;3735;50.58;120.23;;;
45.218506;6.305828;1283.62;66.5;0;1715;3735;50.6;120.21;;;
45.218681;6.305886;1283.72;78.8;0;1715;3735;50.62;120.19;;;
45.218861;6.305908;1283.83;86.5;0;1715;3735;50.64;120.17;;;
45.219039;6.305897;1283.79;92.7;0;1715;3735;50.66;120.15;;;
45.219219;6.305869;1283.85;99.1;0;1715;3735;50.68;120.13;;;
45.219394;6.305828;1283.78;100.2;-1;1715;3735;50.7;120.11;;;
45.219572;6.305772;1283.22;102.5;-1;1715;3735;50.72;120.09;;;
45.219747;6.305722;1283.45;99.9;-1;1715;3735;50.74;120.07;;;
45.219922;6.305667;1283.28;105.1;-2;1715;3735;50.76;120.05;;;
45.220089;6.305569;1282.76;114.7;-2;1715;3735;50.78;120.03;;;
45.220247;6.305447;1282.35;118.2;-3;1715;3735;50.8;120.01;;;
45.220397;6.305311;1282.02;122.2;-3;1715;3735;50.82;119.99;;;
45.220531;6.305139;1281.31;132.1;-4;1715;3735;50.84;119.97;;;
45.220653;6.304953;1279.91;141.5;-4;1715;3735;50.86;119.95;;;
45.220756;6.304744;1279.23;147.3;-5;1715;3735;50.88;119.93;;;
45.220833;6.304517;1278.45;154.1;-5;1715;3735;50.9;119.91;;;
45.220942;6.304314;1277.22;143;-6;1715;3735;50.92;119.89;;;
45.221075;6.304142;1275.98;129.2;-6;1715;3735;50.94;119.87;;;
45.221222;6.303994;1274.75;123.3;-6;1715;3735;50.96;119.85;;;
45.221375;6.303858;1273.51;122.3;-6;1715;3735;50.98;119.83;26;;
45.221522;6.303717;1272.28;125.2;-6;1715;3735;51;119.81;;;
45.221683;6.303606;1271.04;106.4;-6;1715;3735;51.02;119.79;;;
45.221856;6.303642;1269.81;70.6;-6;1715;3735;51.04;119.77;;;
45.222003;6.303783;1268.57;51.2;-6;1715;3735;51.06;119.75;;;
45.222144;6.303939;1267.34;54.8;-6;1715;3735;51.08;119.73;;;
45.222306;6.30405;1266.1;70.4;-5;1715;3735;51.1;119.71;;;
45.222481;6.304042;1264.87;101.2;-5;1715;3735;51.12;119.69;;;
45.222636;6.303919;1264.35;121;-5;1715;3735;51.14;119.67;;;
45.222769;6.30375;1263.23;131.5;-5;1715;3735;51.16;119.65;;;
45.222928;6.303628;1262.17;114;-6;1715;3735;51.18;119.63;;;
45.223097;6.303683;1261.02;67.5;-6;1715;3735;51.2;119.61;;;
45.223219;6.303869;1259.43;38;-7;1715;3735;51.22;119.59;;;
45.223347;6.304042;1257.78;52.6;-7;1715;3735;51.24;119.57;;;
45.223525;6.304069;1256.05;90;-7;1715;3735;51.26;119.55;;;
45.223706;6.304081;1254.65;86.1;-7;1715;3735;51.28;119.53;;;
45.223883;6.304078;1253.31;95;-7;1715;3735;51.3;119.51;;;
45.224058;6.304011;1251.85;109;-7;1715;3735;51.32;119.49;;;
45.224222;6.303911;1251.19;113.8;-7;1715;3735;51.34;119.47;;;
45.224386;6.303808;1249.27;115;-8;1715;3735;51.36;119.45;;;
45.224558;6.303733;1248.06;106.4;-8;1715;3735;51.38;119.43;;;
45.224736;6.303686;1246.58;96.3;-9;1715;3735;51.4;119.41;;;
45.224914;6.303706;1244.45;82.3;-9;1715;3735;51.42;119.39;;;
45.225086;6.303778;1242.37;68.3;-10;1715;3735;51.44;119.37;;;
45.22525;6.303881;1240.26;65.3;-10;1715;3735;51.46;119.35;;;
45.225414;6.303986;1238.6;64.4;-10;1715;3735;51.48;119.33;;;
45.225564;6.304122;1236.81;51.9;-9;1715;3735;51.5;119.31;;;
45.225711;6.304272;1234.83;57.1;-9;1715;3735;51.52;119.29;;;
45.225883;6.304331;1233;84.6;-9;1715;3735;51.54;119.27;;;
45.226061;6.304292;1231.23;102.1;-9;1715;3735;51.56;119.25;;;
45.226233;6.304233;1229.33;104.2;-9;1715;3735;51.58;119.23;;;
45.226411;6.304181;1227.48;101.2;-10;1715;3735;51.6;119.21;;;
45.226586;6.304125;1225.5;101.2;-10;1715;3735;51.62;119.19;;;
45.226767;6.304111;1223.28;90;-10;1715;3735;51.64;119.17;;;
45.226944;6.304094;1221.53;96.4;-10;1715;3735;51.66;119.15;;;
45.227108;6.303997;1220.17;119.2;-10;1715;3735;51.68;119.13;;;
45.227228;6.303806;1218.19;139.2;-10;1715;3735;51.7;119.11;;;
45.227328;6.303597;1215.66;148.5;-10;1715;3735;51.72;119.09;;;
45.227417;6.303375;1213.67;149.4;-10;1715;3735;51.74;119.07;;;
45.227517;6.303161;1212.03;144.6;-10;1715;3735;51.76;119.05;;;
45.227631;6.302967;1209.8;136.9;-10;1715;3735;51.78;119.03;;;
45.227747;6.302772;1208.69;139.7;-10;1715;3735;51.8;119.01;;;
45.227889;6.302614;1206.08;128.8;-10;1715;3735;51.82;118.99;;;
45.228064;6.302597;1204.07;82.8;-10;1715;3735;51.84;118.97;;;
45.228175;6.302789;1201.91;28.2;-10;1715;3735;51.86;118.95;;;
45.228244;6.303025;1199.9;21.5;-10;1715;3735;51.88;118.93;;;
45.228306;6.303264;1197.69;20.1;-10;1715;3735;51.9;118.91;;;
45.228375;6.303497;1196.02;23.8;-10;1715;3735;51.92;118.89;;;
45.228467;6.303717;1194.14;36.2;-10;1715;3735;51.94;118.87;;;
45.228619;6.30385;1191.82;65.8;-10;1715;3735;51.96;118.85;;;
45.228789;6.303931;1189.76;71;-10;1715;3735;51.98;118.83;;;
45.228958;6.304014;1187.87;70.4;-10;1715;3735;52;118.81;;;
45.229111;6.303919;1185.54;132.4;-10;1715;3735;52.02;118.79;;;
45.229181;6.303686;1183.75;161.7;-10;1715;3735;52.04;118.77;;;
45.22925;6.303453;1181.98;151.8;-10;1715;3735;52.06;118.75;;;
45.2294;6.303331;1179.45;109.2;-10;1715;3735;52.08;118.73;;;
45.229556;6.303433;1179.08;48.9;-10;1715;3735;52.1;118.71;;;
45.229597;6.303678;1174.83;5.1;-10;1715;3735;52.12;118.69;;;
45.229625;6.303928;1174.39;12.5;-10;1715;3735;52.14;118.67;;;
45.229697;6.304161;1172.57;27.1;-10;1715;3735;52.16;118.65;;;
45.229794;6.304372;1170.17;36.4;-10;1715;3735;52.18;118.63;;;
45.229939;6.304519;1168.22;62.1;-11;1715;3735;52.2;118.61;;;
45.230103;6.304622;1165.83;65.3;-11;1715;3735;52.22;118.59;;;
45.230272;6.304708;1163.93;73.6;-11;1715;3735;52.24;118.57;;;
45.230447;6.304767;1161.95;78.8;-11;1715;3735;52.26;118.55;;;
45.230625;6.304772;1159.83;94.1;-11;1715;3735;52.28;118.53;;;
45.2308;6.304717;1157.27;106.4;-10;1715;3735;52.3;118.51;;;
45.230956;6.304594;1155.32;124;-10;1715;3735;52.32;118.49;;;
45.231114;6.304469;1152.97;114.7;-10;1715;3735;52.34;118.47;;;
45.231289;6.304467;1151.32;82.3;-10;1715;3735;52.36;118.45;;;
45.231461;6.304547;1149.36;70.2;-10;1715;3735;52.38;118.43;;;
45.231636;6.304592;1147.4;85;-10;1715;3735;52.4;118.41;;;
45.231817;6.304597;1145.52;90;-10;1715;3735;52.42;118.39;;;
45.231994;6.304592;1143.99;90.9;-10;1715;3735;52.44;118.37;;;
45.232175;6.304625;1141.58;82.3;-10;1715;3735;52.46;118.35;;;
45.232353;6.304661;1139.82;80.1;-10;1715;3735;52.48;118.33;;;
45.232522;6.304736;1138.13;70.4;-9;1715;3735;52.5;118.31;;;
45.232697;6.304803;1136.14;74.4;-9;1715;3735;52.52;118.29;;;
45.232872;6.304861;1134.63;76.2;-9;1715;3735;52.54;118.27;;;
45.23305;6.304889;1132.74;86.4;-9;1715;3735;52.56;118.25;;;
45.233231;6.304897;1130.97;86.4;-9;1715;3735;52.58;118.23;;;
45.233261;6.305094;1129.15;-19.4;-8;1715;3735;52.6;118.21;;;
45.233089;6.305111;1127.75;-93.6;-8;1715;3735;52.62;118.19;;;
45.232908;6.305075;1126.38;-98.5;-8;1715;3735;52.64;118.17;;;
45.232731;6.305044;1124.71;-96.4;-8;1715;3735;52.66;118.15;;;
45.23255;6.305039;1122.67;-90;-8;1715;3735;52.68;118.13;;;
45.232372;6.305058;1120.96;-85;-9;1715;3735;52.7;118.11;;;
45.232194;6.305094;1119.3;-81.5;-9;1715;3735;52.72;118.09;;;
45.232025;6.305181;1117.46;-67;-9;1715;3735;52.74;118.07;;;
45.231864;6.305292;1115.99;-63.8;-9;1715;3735;52.76;118.05;;;
45.231694;6.305381;1113.66;-71.2;-9;1715;3735;52.78;118.03;;;
45.231517;6.305389;1111.97;-90;-9;1715;3735;52.8;118.01;;;
45.231339;6.305419;1110.43;-78.4;-9;1715;3735;52.82;117.99;;;
45.231211;6.305592;1109.39;-36.2;-9;1715;3735;52.84;117.97;;;
45.231106;6.305797;1107.39;-38;-9;1715;3735;52.86;117.95;;;
45.230961;6.305947;1105.12;-60;-9;1715;3735;52.88;117.93;;;
45.230794;6.306042;1103.43;-70.6;-9;1715;3735;52.9;117.91;;;
45.230625;6.306122;1101.56;-71.7;-9;1715;3735;52.92;117.89;;;
45.230447;6.30615;1099.65;-92.7;-9;1715;3735;52.94;117.87;;;
45.230292;6.306033;1098.38;-125.5;-9;1715;3735;52.96;117.85;27;;
45.230169;6.305844;1096.61;-139.5;-9;1715;3735;52.98;117.83;;;
45.230033;6.305678;1095.24;-129.9;-8;1715;3735;53;117.81;;;
45.229878;6.305556;1093.44;-111.7;-8;1715;3735;53.02;117.79;;;
45.229719;6.305622;1092.53;-55.2;-8;1715;3735;53.04;117.77;;;
45.229678;6.305864;1092.79;-3.2;-9;1715;3735;53.06;117.75;;;
45.229653;6.306117;1087.65;-8.8;-9;1715;3735;53.08;117.73;;;
45.229586;6.30635;1086.34;-28.2;-10;1715;3735;53.1;117.71;;;
45.229442;6.306486;1083.6;-70.4;-10;1715;3735;53.12;117.69;;;
45.229264;6.306475;1081.64;-98.6;-11;1715;3735;53.14;117.67;;;
45.229094;6.306386;1079.64;-111.5;-11;1715;3735;53.16;117.65;;;
45.228928;6.306294;1077.51;-113;-10;1715;3735;53.18;117.63;;;
45.228761;6.306197;1075.4;-109;-10;1715;3735;53.2;117.61;;;
45.228589;6.306214;1073.8;-74.4;-9;1715;3735;53.22;117.59;;;
45.228519;6.306436;1073;-9;-9;1715;3735;53.24;117.57;;;
45.228567;6.306681;1070.43;20.1;-9;1715;3735;53.26;117.55;;;
45.228642;6.306911;1068.39;25.9;-10;1715;3735;53.28;117.53;;;
45.228756;6.307108;1065.96;43.1;-10;1715;3735;53.3;117.51;;;
45.228817;6.307336;1063.97;9.3;-11;1715;3735;53.32;117.49;;;
45.228694;6.307508;1061.29;-57.1;-11;1715;3735;53.34;117.47;;;
45.228539;6.307633;1059.34;-58.2;-11;1715;3735;53.36;117.45;;;
45.228394;6.307786;1057.27;-51.2;-10;1715;3735;53.38;117.43;;;
45.228242;6.307919;1055.57;-60.8;-10;1715;3735;53.4;117.41;;;
45.228083;6.308044;1053.42;-59.2;-9;1715;3735;53.42;117.39;;;
45.227933;6.308183;1051.88;-55.9;-9;1715;3735;53.44;117.37;;;
45.227781;6.308314;1049.97;-60.8;-9;1715;3735;53.46;117.35;;;
45.227603;6.308361;1048.32;-85.1;-9;1715;3735;53.48;117.33;;;
45.227431;6.308306;1046.78;-107.9;-8;1715;3735;53.5;117.31;;;
45.227256;6.308261;1044.82;-92.7;-8;1715;3735;53.52;117.29;;;
45.227081;6.308308;1043.17;-71.7;-8;1715;3735;53.54;117.27;;;
45.226925;6.308436;1041.7;-54.8;-8;1715;3735;53.56;117.25;;;
45.226808;6.308631;1039.92;-38.5;-8;1715;3735;53.58;117.23;;;
45.226697;6.308828;1038.53;-41.4;-9;1715;3735;53.6;117.21;;;
45.226544;6.308961;1036.72;-60;-9;1715;3735;53.62;117.19;;;
45.226397;6.309108;1035.62;-53;-9;1715;3735;53.64;117.17;;;
45.226267;6.309281;1033.7;-46.2;-9;1715;3735;53.66;117.15;;;
45.226139;6.309461;1030.92;-43.3;-9;1715;3735;53.68;117.13;;;
45.226;6.309622;1029.69;-53.7;-8;1715;3735;53.7;117.11;28;;
45.225825;6.309661;1028.28;-90;-8;1715;3735;53.72;117.09;;;
45.225661;6.309569;1026.86;-119.2;-8;1715;3735;53.74;117.07;;;
45.2255;6.309453;1024.63;-115.6;-8;1715;3735;53.76;117.05;;;
45.225333;6.309358;1023.27;-110.7;-8;1715;3735;53.78;117.03;;;
45.225167;6.309264;1021.18;-111.7;-9;1715;3735;53.8;117.01;;;
45.225014;6.309128;1019.87;-125.2;-9;1715;3735;53.82;116.99;;;
45.224883;6.308956;1018.48;-134.1;-9;1715;3735;53.84;116.97;;;
45.224753;6.308781;1017.08;-132.5;-9;1715;3735;53.86;116.95;;;
45.224603;6.308639;1014.73;-122.9;-9;1715;3735;53.88;116.93;;;
45.224444;6.308517;1012.78;-115.6;-8;1715;3735;53.9;116.91;;;
45.224283;6.308403;1011.78;-115.6;-8;1715;3735;53.92;116.89;;;
45.224119;6.3083;1009.65;-112.7;-8;1715;3735;53.94;116.87;;;
45.22395;6.308219;1007.84;-105.6;-8;1715;3735;53.96;116.85;;;
45.223769;6.308189;1006.33;-94.8;-8;1715;3735;53.98;116.83;;;
45.223592;6.308189;1005.06;-90;-7;1715;3735;54;116.81;;;
45.223411;6.308189;1003.07;-90;-7;1715;3735;54.02;116.79;;;
45.223236;6.308233;1001.37;-72.3;-7;1715;3735;54.04;116.77;;;
45.223292;6.308417;999.54;53;-7;1715;3735;54.06;116.75;;;
45.223469;6.30845;998.68;86.3;-7;1715;3735;54.08;116.73;;;
45.22365;6.30845;997.89;90;-6;1715;3735;54.1;116.71;;;
45.223831;6.308458;997;86.5;-6;1715;3735;54.12;116.69;;;
45.224003;6.308519;995.89;73.6;-6;1715;3735;54.14;116.67;;;
45.224156;6.308656;994.72;56.7;-6;1715;3735;54.16;116.65;;;
45.224297;6.308814;993.07;48.7;-6;1715;3735;54.18;116.63;;;
45.224425;6.308989;991.86;45.6;-5;1715;3735;54.2;116.61;;;
45.22455;6.309175;991.03;43.3;-5;1715;3735;54.22;116.59;;;
45.224664;6.309372;989.62;37.7;-5;1715;3735;54.24;116.57;;;
45.224742;6.309597;987.93;18.5;-5;1715;3735;54.26;116.55;;;
45.224814;6.309831;987.39;23.6;-6;1715;3735;54.28;116.53;;;
45.224908;6.310047;986;37.2;-6;1715;3735;54.3;116.51;;;
45.225053;6.310197;984.45;57.1;-7;1715;3735;54.32;116.49;;;
45.225214;6.310306;983.27;67.8;-7;1715;3735;54.34;116.47;;;
45.225375;6.310417;981.58;65.3;-7;1715;3735;54.36;116.45;;;
45.225528;6.310556;980.33;56.7;-7;1715;3735;54.38;116.43;;;
45.225669;6.310711;979.07;53.7;-7;1715;3735;54.4;116.41;;;
45.225828;6.310819;978.59;71;-7;1715;3735;54.42;116.39;;;
45.225997;6.310747;976.36;115;-7;1715;3735;54.44;116.37;;;
45.226153;6.310614;976.09;119.1;-8;1715;3735;54.46;116.35;;;
45.226322;6.310536;972.82;106.4;-8;1715;3735;54.48;116.33;;;
45.226492;6.31045;971.36;114;-9;1715;3735;54.5;116.31;;;
45.226633;6.3103;969.83;128.5;-9;1715;3735;54.52;116.29;;;
45.226775;6.310142;966.98;128.2;-10;1715;3735;54.54;116.27;;;
45.226925;6.310003;965.4;118.8;-10;1715;3735;54.56;116.25;;;
45.227086;6.309883;963.18;117.4;-10;1715;3735;54.58;116.23;;;
45.227242;6.309761;960.83;112.7;-10;1715;3735;54.6;116.21;;;
45.227419;6.309739;959.15;87.3;-10;1715;3735;54.62;116.19;;;
45.227594;6.309786;957.25;74.9;-10;1715;3735;54.64;116.17;;;
45.227769;6.30985;955.28;76.1;-10;1715;3735;54.66;116.15;;;
45.227942;6.309925;953.56;72.3;-10;1715;3735;54.68;116.13;;;
45.228089;6.310067;951.25;52.7;-9;1715;3735;54.7;116.11;;;
45.228222;6.310239;948.93;47.5;-9;1715;3735;54.72;116.09;;;
45.228353;6.310414;947.4;45.6;-9;1715;3735;54.74;116.07;;;
45.228517;6.310492;945.81;85;-9;1715;3735;54.76;116.05;;;
45.228686;6.310417;944.07;109.2;-10;1715;3735;54.78;116.03;;;
45.228861;6.310353;942.28;99.9;-10;1715;3735;54.8;116.01;;;
45.229039;6.310319;940.1;100.3;-11;1715;3735;54.82;115.99;;;
45.229186;6.310181;937.46;129.2;-11;1715;3735;54.84;115.97;;;
45.2293;6.309983;935.67;141.5;-11;1715;3735;54.86;115.95;;;
45.229439;6.309825;933.73;121.2;-11;1715;3735;54.88;115.93;;;
45.229611;6.309847;931.67;73.6;-10;1715;3735;54.9;115.91;;;
45.229753;6.310003;929.97;47.9;-10;1715;3735;54.92;115.89;;;
45.229892;6.310161;927.93;55.2;-10;1715;3735;54.94;115.87;;;
45.230047;6.310292;925.64;61.8;-10;1715;3735;54.96;115.85;;;
45.230214;6.310386;923.38;71;-9;1715;3735;54.98;115.83;;;
45.230386;6.31045;921.95;77.1;-9;1715;3735;55;115.81;;;
45.230564;6.310497;920.38;78.8;-8;1715;3735;55.02;115.79;;;
45.230744;6.310483;918.8;94;-8;1715;3735;55.04;115.77;;;
45.230914;6.310406;917.7;111.7;-8;1715;3735;55.06;115.75;;;
45.231061;6.310267;915.42;131.1;-9;1715;3735;55.08;115.73;;;
45.231203;6.310114;913.47;122.2;-9;1715;3735;55.1;115.71;;;
45.231369;6.31015;911.39;63.8;-10;1715;3735;55.12;115.69;;;
45.231469;6.310358;909.62;27.1;-10;1715;3735;55.14;115.67;;;
45.23155;6.310583;907.18;28.2;-10;1715;3735;55.16;115.65;;;
45.231633;6.310808;905.25;32.4;-10;1715;3735;55.18;115.63;;;
45.231769;6.310969;903.1;60;-10;1715;3735;55.2;115.61;;;
45.231947;6.311011;901.09;85.1;-10;1715;3735;55.22;115.59;;;
45.232119;6.311061;899.08;71.7;-10;1715;3735;55.24;115.57;;;
45.232286;6.311158;897.37;68.3;-10;1715;3735;55.26;115.55;;;
45.232464;6.311208;895.57;82.8;-10;1715;3735;55.28;115.53;;;
45.232631;6.311292;893.71;64;-10;1715;3735;55.3;115.51;;;
45.232753;6.311478;891.47;36.2;-10;1715;3735;55.32;115.49;;;
45.232889;6.311631;889.49;65.3;-10;1715;3735;55.34;115.47;;;
45.233067;6.311636;887.39;96.3;-10;1715;3735;55.36;115.45;;;
45.233244;6.3116;885.63;96.4;-10;1715;3735;55.38;115.43;;;
45.233425;6.311594;883.43;92.6;-10;1715;3735;55.4;115.41;;;
45.233603;6.311581;881.35;92.3;-10;1715;3735;55.42;115.39;;;
45.233783;6.3116;879.48;82.3;-10;1715;3735;55.44;115.37;;;
45.233958;6.311644;877.62;77.5;-10;1715;3735;55.46;115.35;;;
45.234128;6.311733;875.36;68.5;-10;1715;3735;55.48;115.33;;;
45.234292;6.311836;873.07;65.3;-9;1715;3735;55.5;115.31;;;
45.234458;6.311939;871.01;65.8;-9;1715;3735;55.52;115.29;;;
45.234619;6.31205;869.27;63.8;-9;1715;3735;55.54;115.27;;;
45.234786;6.312142;867.9;69.1;-9;1715;3735;55.56;115.25;;;
45.234961;6.312208;866.29;78.8;-9;1715;3735;55.58;115.23;;;
45.235139;6.312242;864.02;82.3;-8;1715;3735;55.6;115.21;;;
45.235317;6.312275;862.13;82.3;-8;1715;3735;55.62;115.19;;;
45.235494;6.312306;860.33;83.6;-8;1715;3735;55.64;115.17;;;
45.235675;6.312339;858.44;81;-8;1715;3735;55.66;115.15;;;
45.23585;6.312386;857.16;78.8;-8;1715;3735;55.68;115.13;;;
45.236031;6.3124;855.62;90;-9;1715;3735;55.7;115.11;;;
45.236208;6.312383;853.61;95;-9;1715;3735;55.72;115.09;;;
45.236389;6.312361;852.74;95;-9;1715;3735;55.74;115.07;;;
45.236569;6.312361;850.18;90;-9;1715;3735;55.76;115.05;;;
45.236747;6.312389;849.54;82.3;-9;1715;3735;55.78;115.03;;;
45.236922;6.31245;849.17;76.2;-9;1715;3735;55.8;115.01;;;
45.237094;6.312528;845.07;72.3;-9;1715;3735;55.82;114.99;;;
45.237258;6.312625;843.33;66.2;-9;1715;3735;55.84;114.97;;;
45.237422;6.312736;841.5;63;-9;1715;3735;55.86;114.95;;;
45.237572;6.312872;839.86;54.8;-10;1715;3735;55.88;114.93;;;
45.237717;6.313028;837.79;52;-10;1715;3735;55.9;114.91;;;
45.237856;6.313189;836.16;52;-11;1715;3735;55.92;114.89;;;
45.238022;6.31325;833.64;88.6;-11;1715;3735;55.94;114.87;;;
45.238144;6.313083;831.15;146.2;-11;1715;3735;55.96;114.85;;;
45.238239;6.312867;829.19;145.9;-10;1715;3735;55.98;114.83;;;
45.2383;6.312633;827.9;169.1;-10;1715;3735;56;114.81;;;
45.238297;6.312381;825.61;-172.9;-9;1715;3735;56.02;114.79;;;
45.238281;6.312128;822.94;180;-9;1715;3735;56.04;114.77;;;
45.238281;6.311872;821.19;180;-9;1715;3735;56.06;114.75;;;
45.238283;6.311619;819.47;178.7;-9;1715;3735;56.08;114.73;;;
45.238294;6.311364;817.98;176.8;-10;1715;3735;56.1;114.71;;;
45.238328;6.311117;815.7;165.6;-10;1715;3735;56.12;114.69;;;
45.238386;6.310875;813.84;160.3;-10;1715;3735;56.14;114.67;;;
45.238436;6.310631;811.5;161.9;-9;1715;3735;56.16;114.65;;;
45.238494;6.310392;809.44;155.8;-8;1715;3735;56.18;114.63;;;
45.238611;6.310203;807.53;133.4;-8;1715;3735;56.2;114.61;;;
45.238758;6.310061;802.28;119.2;-7;1715;3735;56.22;114.59;;;
45.238933;6.310011;781.64;97.9;-6;1715;3735;56.24;114.57;;;
45.239114;6.310011;782.02;90;-5;1715;3735;56.26;114.55;;;
45.239292;6.310039;796.91;79.8;-4;1715;3735;56.28;114.53;;;
45.239439;6.310181;802.36;47.6;-4;1715;3735;56.3;114.51;;;
45.239511;6.310411;801.72;18.5;-3;1715;3735;56.32;114.49;;;
45.239511;6.310667;801.17;0;-2;1715;3735;56.34;114.47;;;
45.2395;6.310919;800.99;-5.2;-2;1715;3735;56.36;114.45;;;
45.239458;6.311169;800.92;-14.6;-1;1715;3735;56.38;114.43;;;
45.239444;6.311422;800.9;-5.7;-1;1715;3735;56.4;114.41;;;
45.239439;6.311675;800.84;0;0;1715;3735;56.42;114.39;;;
45.239447;6.311931;800.7;5.1;0;1716;3734;56.44;114.37;;;
45.239472;6.312183;800.93;8.9;0;1716;3734;56.46;114.35;;;
45.239508;6.312431;801.06;12.4;0;1716;3734;56.48;114.33;;;
45.239558;6.312678;801.38;16.2;1;1716;3734;56.5;114.31;;;
45.239614;6.312919;801.46;18.1;1;1716;3734;56.52;114.29;;;
45.239656;6.313167;801.63;8.8;1;1717;3733;56.54;114.27;;;
45.239669;6.313419;802.2;3.2;2;1717;3733;56.56;114.25;;;
45.239658;6.313672;802.43;-3.9;2;1717;3733;56.58;114.23;;;
45.23965;6.313928;802.77;-1.9;3;1718;3732;56.6;114.21;;;
45.23965;6.314183;803.09;0;3;1719;3731;56.62;114.19;;;
45.23965;6.314436;803.57;0;4;1720;3730;56.64;114.17;;;
45.239644;6.314692;804.88;-3.8;5;1721;3729;56.66;114.15;;;
45.239661;6.314944;806.1;8.9;6;1722;3728;56.68;114.13;;;
45.239697;6.315192;807.94;14.3;6;1723;3727;56.7;114.11;;;
45.239764;6.315431;807.85;23.6;7;1725;3725;56.72;114.09;;;
45.239886;6.315614;811;49.7;8;1726;3724;56.74;114.07;;;
45.240047;6.315725;812.91;65.8;8;1728;3722;56.76;114.05;;;
45.240214;6.315822;814.43;69;8;1729;3721;56.78;114.03;;;
45.240378;6.315919;815.75;68.5;7;1731;3719;56.8;114.01;;;
45.240544;6.316017;817.01;67.8;7;1732;3718;56.82;113.99;;;
45.240719;6.316081;818.38;74.4;7;1734;3716;56.84;113.97;;;
45.240897;6.316061;819.79;97.7;7;1735;3715;56.86;113.95;;;
45.241069;6.315986;821.39;107.7;7;1737;3713;56.88;113.93;29;;
45.241247;6.315983;823.26;80.1;7;1738;3712;56.9;113.91;;;
45.241403;6.316103;825.68;56.7;7;1740;3710;56.92;113.89;;;
45.241572;6.316169;827.89;85;7;1741;3709;56.94;113.87;;;
45.241725;6.316047;828.77;128.5;6;1742;3708;56.96;113.85;;;
45.24185;6.315864;829.24;135.3;5;1744;3706;56.98;113.83;;;
45.241997;6.315717;829.98;120;3;1744;3706;57;113.81;;;
45.242172;6.315675;830.64;95;2;1745;3705;57.02;113.79;;;
45.242353;6.315675;830.8;87.3;1;1745;3705;57.04;113.77;;;
45.242533;6.315681;830.6;90;1;1745;3705;57.06;113.75;;;
45.242711;6.315703;830.52;80.1;2;1745;3705;57.08;113.73;;;
45.242883;6.315769;830.48;73.6;2;1745;3705;57.1;113.71;;;
45.243056;6.315853;830.86;71.2;3;1746;3704;57.12;113.69;;;
45.243222;6.315947;831.51;68.3;3;1746;3704;57.14;113.67;;;
45.243389;6.316039;832.11;68.3;3;1747;3703;57.16;113.65;;;
45.243561;6.316111;832.86;74.9;3;1748;3702;57.18;113.63;;;
45.243742;6.316139;833.34;85.2;2;1748;3702;57.2;113.61;;;
45.243919;6.316175;833.66;80;2;1748;3702;57.22;113.59;;;
45.244081;6.316281;834.02;57.7;2;1749;3701;57.24;113.57;;;
45.244231;6.316417;834.6;57.8;2;1749;3701;57.26;113.55;;;
45.244386;6.316547;835.07;61.2;2;1750;3700;57.28;113.53;;;
45.24455;6.316653;835.66;67;2;1750;3700;57.3;113.51;;;
45.244719;6.316733;836.14;72.3;2;1751;3699;57.32;113.49;;;
45.244894;6.316797;836.72;78.7;2;1751;3699;57.34;113.47;;;
45.245069;6.316761;837.41;106.4;2;1752;3698;57.36;113.45;;;
45.245217;6.316614;837.77;127;3;1752;3698;57.38;113.43;;;
45.245364;6.316467;837.73;125.1;3;1753;3697;57.4;113.41;;;
45.245528;6.316369;838.37;107.7;4;1753;3697;57.42;113.39;;;
45.245708;6.316369;839.19;90;4;1754;3696;57.44;113.37;;;
45.245869;6.316475;840;55.9;4;1755;3695;57.46;113.35;;;
45.245972;6.316681;840.61;31.5;3;1755;3695;57.48;113.33;;;
45.246025;6.316925;841.08;15.9;3;1756;3694;57.5;113.31;;;
45.246056;6.317175;841.92;7.6;2;1756;3694;57.52;113.29;;;
45.246122;6.317403;842.56;32.2;2;1757;3693;57.54;113.27;;;
45.246289;6.317472;842.94;86.3;1;1757;3693;57.56;113.25;;;
45.246453;6.317369;843.15;120;0;1757;3693;57.58;113.23;;;
45.246586;6.3172;843.06;134.4;0;1758;3692;57.6;113.21;;;
45.2467;6.317003;842.71;141.5;-1;1758;3692;57.62;113.19;;;
45.246817;6.316808;841.87;141.5;-2;1758;3692;57.64;113.17;;;
45.246933;6.316617;842.4;138.8;-2;1758;3692;57.66;113.15;;;
45.24705;6.316422;841.73;139.7;-3;1758;3692;57.68;113.13;;;
45.247158;6.316217;841.23;145.9;-3;1758;3692;57.7;113.11;;;
45.247272;6.316022;841.63;139.1;-4;1758;3692;57.72;113.09;;;
45.247411;6.315864;839.83;120;-4;1758;3692;57.74;113.07;;;
45.247578;6.315769;839.27;110.7;-4;1758;3692;57.76;113.05;;;
45.247728;6.315633;838.58;128.1;-4;1758;3692;57.78;113.03;;;
45.247886;6.315514;837.34;113;-3;1758;3692;57.8;113.01;;;
45.248064;6.315503;837.29;88.6;-3;1758;3692;57.82;112.99;;;
45.248244;6.315519;836.67;89.1;-3;1758;3692;57.84;112.97;;;
45.248422;6.315503;836.15;97.2;-2;1758;3692;57.86;112.95;;;
45.248594;6.315439;835.44;106.4;-1;1758;3692;57.88;112.93;;;
45.248775;6.315436;835.36;87.7;0;1758;3692;57.9;112.91;;;
45.248939;6.315539;835.62;62.1;1;1758;3692;57.92;112.89;;;
45.249089;6.315678;836.45;58.8;2;1759;3691;57.94;112.87;;;
45.249242;6.315814;835.77;56.7;2;1760;3690;57.96;112.85;;;
45.249389;6.315958;837.02;54.9;2;1760;3690;57.98;112.83;;;
45.249522;6.316128;838.13;48.1;1;1760;3690;58;112.81;30;;
45.249683;6.316242;839.13;71;1;1760;3690;58.02;112.79;;;
45.249861;6.316247;839.62;95;1;1760;3690;58.04;112.77;;;
45.250031;6.316167;839.24;111.5;0;1760;3690;58.06;112.75;;;
45.250197;6.316075;838.39;111.7;0;1760;3690;58.08;112.73;;;
45.25035;6.315942;837.84;128.2;-1;1760;3690;58.1;112.71;;;
45.250514;6.315844;836.85;105.6;-1;1760;3690;58.12;112.69;;;
45.250675;6.315922;836.02;56;-2;1760;3690;58.14;112.67;;;
45.250739;6.316147;835.62;7.3;-1;1760;3690;58.16;112.65;;;
45.250739;6.316403;835.69;0;1;1760;3690;58.18;112.63;;;
45.250744;6.316658;835.92;3.2;2;1761;3689;58.2;112.61;;;
45.250808;6.316894;836.39;23.8;4;1762;3688;58.22;112.59;;;
45.250925;6.317086;837.04;45.6;5;1763;3687;58.24;112.57;;;
45.251083;6.3172;838.25;69.5;6;1764;3686;58.26;112.55;;;
45.251261;6.317236;839.58;87.7;6;1765;3685;58.28;112.53;;;
45.251442;6.317239;841.4;90;7;1767;3683;58.3;112.51;;;
45.251619;6.317208;842.86;101.3;7;1768;3682;58.32;112.49;;;
45.251792;6.317139;844.25;107.7;8;1770;3680;58.34;112.47;;;
45.251939;6.316994;845.74;129.2;8;1771;3679;58.36;112.45;;;
45.252061;6.316806;847.29;140.5;8;1773;3677;58.38;112.43;;;
45.252156;6.316592;848.88;145.9;8;1774;3676;58.4;112.41;;;
45.2523;6.31645;850.96;114.7;8;1776;3674;58.42;112.39;;;
45.252472;6.316508;852.55;67;8;1777;3673;58.44;112.37;;;
45.252636;6.316614;853.75;68.3;8;1779;3671;58.46;112.35;;;
45.252808;6.316686;855.27;75.4;8;1780;3670;58.48;112.33;;;
45.252981;6.316753;856.59;74.6;7;1782;3668;58.5;112.31;;;
45.25315;6.316836;858.1;68.3;7;1783;3667;58.52;112.29;;;
45.253297;6.316981;860.13;46.5;7;1784;3666;58.54;112.27;;;
45.253389;6.317197;861.65;25.9;6;1786;3664;58.56;112.25;;;
45.253436;6.317442;862.51;18.3;5;1787;3663;58.58;112.23;;;
45.253569;6.317572;862.91;78;4;1788;3662;58.6;112.21;31;;
45.253669;6.317783;863.34;35.9;3;1788;3662;58.62;112.19;;;
45.253794;6.317967;863.82;45.2;2;1788;3662;58.64;112.17;;;
45.253933;6.318128;864.2;49.4;1;1788;3662;58.66;112.15;;;
45.254075;6.318286;864.37;52.7;0;1789;3661;58.68;112.13;;;
45.254222;6.318431;864.41;55.6;-1;1789;3661;58.7;112.11;;;
45.254386;6.318533;864.02;71.4;-2;1789;3661;58.72;112.09;;;
45.254561;6.318589;863.57;81;-3;1789;3661;58.74;112.07;;;
45.254739;6.318611;863.1;86.4;-3;1789;3661;58.76;112.05;;;
45.254914;6.31855;862.36;106.4;-4;1789;3661;58.78;112.03;;;
45.255069;6.318422;861.3;127.3;-4;1789;3661;58.8;112.01;;;
45.255194;6.318242;860.33;137.3;-5;1789;3661;58.82;111.99;;;
45.255328;6.318072;859.32;131.4;-5;1789;3661;58.84;111.97;;;
45.255497;6.318;857.84;98.5;-5;1789;3661;58.86;111.95;;;
45.255658;6.318097;856.98;54.9;-6;1789;3661;58.88;111.93;;;
45.25575;6.318314;856.04;25.9;-6;1789;3661;58.9;111.91;;;
45.255819;6.31855;855.25;24.8;-7;1789;3661;58.92;111.89;;;
45.255922;6.318756;853.78;40.1;-7;1789;3661;58.94;111.87;;;
45.256061;6.318919;852.17;49.7;-7;1789;3661;58.96;111.85;;;
45.256208;6.319067;850.23;55.6;-8;1789;3661;58.98;111.83;;;
45.256358;6.319208;848.37;56;-8;1789;3661;59;111.81;;;
45.256503;6.319358;846.82;53.7;-9;1789;3661;59.02;111.79;;;
45.256644;6.319514;844.8;52.7;-9;1789;3661;59.04;111.77;;;
45.256786;6.319669;843.35;51.8;-9;1789;3661;59.06;111.75;;;
45.256931;6.319822;841.6;54.1;-9;1789;3661;59.08;111.73;;;
45.257075;6.319975;839.54;52.7;-9;1789;3661;59.1;111.71;;;
45.257217;6.320133;837.82;51.2;-9;1789;3661;59.12;111.69;;;
45.25735;6.320303;836.1;47.9;-9;1789;3661;59.14;111.67;;;
45.257475;6.320483;834.24;43.6;-9;1789;3661;59.16;111.65;;;
45.257597;6.320675;832.02;41.8;-9;1789;3661;59.18;111.63;;;
45.257717;6.320864;830.2;42.4;-9;1789;3661;59.2;111.61;;;
45.257831;6.321061;828.27;40.8;-9;1789;3661;59.22;111.59;;;
45.257956;6.321244;826.53;44.1;-9;1789;3661;59.24;111.57;;;
45.258075;6.321436;824.78;41.8;-9;1789;3661;59.26;111.55;;;
45.2582;6.321617;823.16;44.7;-9;1789;3661;59.28;111.53;;;
45.258333;6.321789;821.46;47.5;-9;1789;3661;59.3;111.51;;;
45.258464;6.321961;819.73;46.6;-9;1789;3661;59.32;111.49;;;
45.258597;6.322133;818.05;47.5;-9;1789;3661;59.34;111.47;;;
45.258731;6.322306;816.19;47.6;-9;1789;3661;59.36;111.45;;;
45.258864;6.322478;814.46;47.9;-9;1789;3661;59.38;111.43;;;
45.259;6.322644;812.53;50.8;-9;1789;3661;59.4;111.41;;;
45.259133;6.322814;810.85;47.5;-9;1789;3661;59.42;111.39;;;
45.259269;6.322981;809.03;48.1;-9;1789;3661;59.44;111.37;;;
45.259406;6.32315;807.21;47.9;-9;1789;3661;59.46;111.35;;;
45.259536;6.323325;805.48;45.6;-9;1789;3661;59.48;111.33;;;
45.259658;6.323511;803.73;39.5;-9;1789;3661;59.5;111.31;;;
45.259772;6.323708;801.69;39.5;-9;1789;3661;59.52;111.29;;;
45.259878;6.323914;800.35;36.2;-9;1789;3661;59.54;111.27;;;
45.259981;6.324122;798.65;34.6;-9;1789;3661;59.56;111.25;;;
45.2601;6.324314;796.65;42.4;-9;1789;3661;59.58;111.23;;;
45.260225;6.324497;794.94;45;-9;1789;3661;59.6;111.21;;;
45.26035;6.324681;793.17;44.7;-9;1789;3661;59.62;111.19;;;
45.260481;6.324856;791.51;45.6;-9;1789;3661;59.64;111.17;;;
45.260603;6.325042;789.52;41.4;-9;1789;3661;59.66;111.15;;;
45.260719;6.325239;787.8;39.5;-9;1789;3661;59.68;111.13;;;
45.260825;6.325442;786;34.6;-9;1789;3661;59.7;111.11;;;
45.260928;6.325653;784.12;33.8;-9;1789;3661;59.72;111.09;;;
45.261039;6.32585;782.57;42.7;-9;1789;3661;59.74;111.07;;;
45.261175;6.326017;780.77;50.4;-9;1789;3661;59.76;111.05;;;
45.261317;6.326172;778.8;51.9;-9;1789;3661;59.78;111.03;;;
45.261464;6.326319;777.38;57.1;-9;1789;3661;59.8;111.01;;;
45.261611;6.326469;775.67;53;-9;1789;3661;59.82;110.99;;;
45.26175;6.326631;773.73;50.4;-9;1789;3661;59.84;110.97;;;
45.261886;6.326797;771.94;49.7;-9;1789;3661;59.86;110.95;;;
45.262022;6.326961;770.37;49.5;-9;1789;3661;59.88;110.93;;;
45.262158;6.327128;768.59;48.1;-9;1789;3661;59.9;110.91;;;
45.262294;6.3273;766.8;48.7;-9;1789;3661;59.92;110.89;;;
45.262428;6.327467;764.72;48.6;-9;1789;3661;59.94;110.87;;;
45.262564;6.327633;762.73;48.9;-9;1789;3661;59.96;110.85;;;
45.262697;6.327806;760.96;47.1;-9;1789;3661;59.98;110.83;;;
45.262833;6.327972;759.13;50.8;-9;1789;3661;60;110.81;;;
45.262989;6.3281;757.06;65.8;-9;1789;3661;60.02;110.79;;;
45.263153;6.328203;755.67;67.3;-9;1789;3661;60.04;110.77;;;
45.263322;6.328289;753.99;69.8;-9;1789;3661;60.06;110.75;;;
45.263492;6.328367;752.34;70.6;-9;1789;3661;60.08;110.73;;;
45.263664;6.32845;750.61;71;-9;1789;3661;60.1;110.71;;;
45.263825;6.328564;748.73;62.1;-9;1789;3661;60.12;110.69;;;
45.263983;6.328683;746.86;59.7;-9;1789;3661;60.14;110.67;;;
45.264131;6.328831;745.26;54.9;-9;1789;3661;60.16;110.65;;;
45.264269;6.328989;743.38;50.4;-9;1789;3661;60.18;110.63;;;
45.264414;6.329142;741.54;53.8;-9;1789;3661;60.2;110.61;;;
45.264558;6.329294;739.58;53;-9;1789;3661;60.22;110.59;;;
45.264703;6.329444;737.65;53.8;-9;1789;3661;60.24;110.57;;;
45.26485;6.329592;735.85;53.8;-9;1789;3661;60.26;110.55;;;
45.264997;6.329736;734.26;54.9;-9;1789;3661;60.28;110.53;;;
45.265147;6.329881;732.4;55.6;-9;1789;3661;60.3;110.51;;;
45.265294;6.330025;730.64;54.9;-9;1789;3661;60.32;110.49;;;
45.265444;6.330167;728.66;56.7;-9;1789;3661;60.34;110.47;;;
45.265594;6.330308;727.09;57.1;-9;1789;3661;60.36;110.45;;;
45.265747;6.330442;725;60;-9;1789;3661;60.38;110.43;32;;
45.265919;6.330511;723.26;77.1;-8;1789;3661;60.4;110.41;;;
45.2661;6.330511;721.7;90;-8;1789;3661;60.42;110.39;;;
45.266281;6.330531;719.93;83.9;-8;1789;3661;60.44;110.37;;;
45.26645;6.330603;718.48;68.3;-8;1789;3661;60.46;110.35;;;
45.266614;6.330711;716.61;64.5;-8;1789;3661;60.48;110.33;;;
45.266778;6.330822;715;65.3;-9;1789;3661;60.5;110.31;;;
45.266939;6.330931;713.2;64.1;-9;1789;3661;60.52;110.29;;;
45.267078;6.331089;711.2;45.6;-9;1789;3661;60.54;110.27;;;
45.267183;6.331294;709.84;31.7;-9;1789;3661;60.56;110.25;;;
45.267244;6.331533;708.1;16.2;-9;1789;3661;60.58;110.23;;;
45.267303;6.331775;706.29;19.9;-8;1789;3661;60.6;110.21;;;
45.267356;6.332017;704.81;18.3;-8;1789;3661;60.62;110.19;;;
45.267417;6.332258;703.16;19.9;-8;1789;3661;60.64;110.17;;;
45.267481;6.332494;701.75;20.3;-8;1789;3661;60.66;110.15;;;
45.26755;6.332731;700.01;21.8;-8;1789;3661;60.68;110.13;;;
45.267622;6.332964;698.57;23.6;-8;1789;3661;60.7;110.11;;;
45.267694;6.333197;696.87;23.8;-8;1789;3661;60.72;110.09;;;
45.267764;6.333433;695.34;23.8;-8;1789;3661;60.74;110.07;;;
45.267853;6.333656;693.84;30.8;-7;1789;3661;60.76;110.05;;;
45.267958;6.333858;692.43;38;-7;1789;3661;60.78;110.03;;;
45.268078;6.33405;690.71;43.3;-6;1789;3661;60.8;110.01;;;
45.2682;6.334236;689.43;43.3;-6;1789;3661;60.82;109.99;;;
45.268325;6.334422;688.31;42.7;-5;1789;3661;60.84;109.97;;;
45.268453;6.334597;687.57;46.6;-5;1789;3661;60.86;109.95;;;
45.268575;6.334789;686.89;40.4;-4;1789;3661;60.88;109.93;;;
45.268675;6.335;686.47;31.7;-4;1789;3661;60.9;109.91;;;
45.268758;6.335225;686.08;25.3;-3;1789;3661;60.92;109.89;;;
45.268833;6.335456;685.64;25.9;-3;1789;3661;60.94;109.87;;;
45.268919;6.335678;685.01;29.8;-4;1789;3661;60.96;109.85;;;
45.269039;6.335869;683.99;45;-4;1789;3661;60.98;109.83;;;
45.269186;6.336011;683.05;61.2;-5;1789;3661;61;109.81;;;
45.26935;6.336117;681.82;67.9;-5;1789;3661;61.02;109.79;;;
45.269522;6.336181;680.53;74.5;-6;1789;3661;61.04;109.77;;;
45.269697;6.336236;679.32;79.8;-7;1789;3661;61.06;109.75;;;
45.269875;6.336278;678.04;81;-7;1789;3661;61.08;109.73;;;
45.270056;6.336308;676.78;83.9;-8;1789;3661;61.1;109.71;;;
45.270233;6.336347;675.18;82.9;-8;1789;3661;61.12;109.69;33;;
45.270411;6.336381;672.97;82.3;-9;1789;3661;61.14;109.67;;;
45.270589;6.336422;671.17;80.1;-9;1789;3661;61.16;109.65;;;
45.270767;6.336456;669.3;83.7;-9;1789;3661;61.18;109.63;;;
45.270939;6.336525;667.82;69.5;-9;1789;3661;61.2;109.61;;;
45.27105;6.336717;666.05;29.4;-9;1789;3661;61.22;109.59;;;
45.271061;6.336972;663.46;0;-9;1789;3661;61.24;109.57;;;
45.271069;6.337225;662.25;0;-9;1789;3661;61.26;109.55;;;
45.271042;6.337475;660.84;-12.5;-9;1789;3661;61.28;109.53;;;
45.270944;6.337689;658.81;-36.2;-9;1789;3661;61.3;109.51;;;
45.270839;6.337897;656.83;-34.1;-9;1789;3661;61.32;109.49;;;
45.270753;6.338119;655.11;-25.5;-9;1789;3661;61.34;109.47;;;
45.270683;6.338353;653.16;-23.6;-9;1789;3661;61.36;109.45;;;
45.270583;6.338561;651.47;-43.3;-9;1789;3661;61.38;109.43;;;
45.270428;6.338683;649.52;-70.2;-8;1789;3661;61.4;109.41;;;
45.27025;6.338689;647.82;-95;-8;1789;3661;61.42;109.39;;;
45.270078;6.338614;646.29;-107.7;-8;1789;3661;61.44;109.37;;;
45.269903;6.338586;644.94;-88.6;-8;1789;3661;61.46;109.35;;;
45.269861;6.338781;643.37;17.3;-8;1789;3661;61.48;109.33;;;
45.270022;6.338881;642.12;72.3;-9;1789;3661;61.5;109.31;;;
45.270194;6.338956;640.4;73.2;-9;1789;3661;61.52;109.29;;;
45.270364;6.339042;638.54;69.1;-9;1789;3661;61.54;109.27;;;
45.270533;6.339128;636.69;69.1;-9;1789;3661;61.56;109.25;;;
45.2707;6.339225;634.72;65.8;-9;1789;3661;61.58;109.23;34;;
45.270867;6.339325;623.72;67.3;-8;1789;3661;61.6;109.21;;;
45.271031;6.339425;629.93;67.3;-8;1789;3661;61.62;109.19;;;
45.271197;6.339525;629.55;67;-8;1789;3661;61.64;109.17;;;
45.271361;6.339631;627.69;65.8;-8;1790;3660;61.66;109.15;;;
45.271525;6.339733;626.31;66.2;-8;1790;3660;61.68;109.13;;;
45.271689;6.339839;624.7;65.8;-9;1790;3660;61.7;109.11;;;
45.271853;6.339942;622.94;65.3;-9;1790;3660;61.72;109.09;;;
45.272014;6.340056;621.13;60.8;-9;1790;3660;61.74;109.07;;;
45.272161;6.340197;619.55;48.9;-9;1790;3660;61.76;109.05;;;
45.272281;6.340389;617.95;37.7;-9;1790;3660;61.78;109.03;;;
45.272369;6.340608;616.31;25;-9;1790;3660;61.8;109.01;;;
45.272419;6.340853;614.56;14;-9;1790;3660;61.82;108.99;;;
45.272419;6.341108;612.68;0;-9;1790;3660;61.84;108.97;;;
45.272403;6.341361;610.9;-7;-9;1790;3660;61.86;108.95;;;
45.272383;6.341614;609.06;-5.8;-9;1790;3660;61.88;108.93;;;
45.272361;6.341867;607.3;-7.1;-9;1790;3660;61.9;108.91;;;
45.272342;6.342119;605.51;-5.2;-9;1790;3660;61.92;108.89;;;
45.272319;6.342375;603.69;-7.6;-9;1790;3660;61.94;108.87;;;
45.2723;6.342628;602.22;-5.1;-8;1790;3660;61.96;108.85;;;
45.272269;6.342878;600.32;-12.8;-8;1790;3660;61.98;108.83;;;
45.272236;6.343128;598.37;-10.9;-7;1790;3660;62;108.81;;;
45.272214;6.343381;596.52;-3.2;-7;1790;3660;62.02;108.79;;;
45.2722;6.343617;595.19;-8.2;-6;1790;3660;62.04;108.77;;;
45.272069;6.343739;594.64;-32.6;-6;1790;3660;62.06;108.75;;;
45.272175;6.343919;593.61;60.2;-6;1790;3660;62.08;108.73;;;
45.272275;6.344083;592.7;22;-6;1790;3660;62.1;108.71;;;
45.272386;6.344283;590.83;42.7;-6;1790;3660;62.12;108.69;;;
45.272506;6.344472;589.84;43.1;-6;1790;3660;62.14;108.67;;;
45.272631;6.344656;588.55;44.7;-6;1790;3660;62.16;108.65;;;
45.272756;6.344836;587.48;45.6;-6;1790;3660;62.18;108.63;;;
45.272792;6.345033;586.7;-14.7;-6;1790;3660;62.2;108.61;;;
45.272792;6.345236;585.79;-30.5;-6;1790;3660;62.22;108.59;;;
45.272692;6.34545;584.52;-31.7;-6;1790;3660;62.24;108.57;;;
45.2726;6.345669;583.08;-31;-6;1790;3660;62.26;108.55;;;
45.272506;6.345886;581.83;-34.1;-5;1790;3660;62.28;108.53;;;
45.2724;6.346092;580.68;-38.5;-5;1790;3660;62.3;108.51;;;
45.272278;6.346281;579.65;-44.7;-4;1790;3660;62.32;108.49;;;
45.272144;6.34645;578.82;-47.9;-4;1790;3660;62.34;108.47;;;
45.272008;6.346614;578.1;-48.9;-4;1790;3660;62.36;108.45;;;
45.271869;6.346778;577.3;-49.8;-5;1790;3660;62.38;108.43;;;
45.271736;6.346947;576.42;-45.6;-5;1790;3660;62.4;108.41;;;
45.271617;6.347133;575.77;-38.9;-6;1790;3660;62.42;108.39;;;
45.271594;6.347386;574.61;-1.9;-6;1790;3660;62.44;108.37;;;
45.271589;6.347639;573.07;0;-6;1790;3660;62.46;108.35;;;
45.271589;6.347894;571.47;0;-7;1790;3660;62.48;108.33;;;
45.271594;6.34815;569.86;3.2;-7;1790;3660;62.5;108.31;;;
45.271611;6.348403;568.24;5.1;-8;1790;3660;62.52;108.29;;;
45.271622;6.348658;566.64;7;-8;1790;3660;62.54;108.27;;;
45.27165;6.348908;565.07;12.2;-8;1790;3660;62.56;108.25;;;
45.271694;6.349156;563.45;14;-8;1790;3660;62.58;108.23;;;
45.271742;6.3494;562.02;15;-8;1790;3660;62.6;108.21;;;
45.271803;6.349642;560.34;21.9;-8;1790;3660;62.62;108.19;;;
45.271864;6.349881;558.94;20.2;-8;1790;3660;62.64;108.17;;;
45.271925;6.350119;557.22;20.3;-7;1790;3660;62.66;108.15;;;
45.271983;6.350361;555.6;17.5;-6;1790;3660;62.68;108.13;;;
45.272053;6.350594;554.58;24.4;-5;1790;3660;62.7;108.11;;;
45.272083;6.3508;553.91;-11.9;-4;1790;3660;62.72;108.09;;;
45.271956;6.350981;553.22;-44.2;-3;1790;3660;62.74;108.07;;;
45.271825;6.351158;552.72;-46.9;-3;1790;3660;62.76;108.05;;;
45.271708;6.35135;552.37;-40.8;-3;1790;3660;62.78;108.03;;;
45.271592;6.351542;552.02;-40.9;-2;1790;3660;62.8;108.01;;;
45.271481;6.351744;551.67;-38;-2;1790;3660;62.82;107.99;;;
45.271372;6.351947;551.32;-38.5;-2;1790;3660;62.84;107.97;;;
45.271264;6.35215;550.97;-37;-2;1790;3660;62.86;107.95;;;
45.271156;6.352356;550.61;-37.2;-2;1790;3660;62.88;107.93;;;
45.271053;6.352564;550.26;-33.8;-2;1790;3660;62.9;107.91;;;
45.270983;6.352797;549.91;-18.5;-2;1790;3660;62.92;107.89;;;
45.270939;6.353044;549.56;-12.2;-2;1790;3660;62.94;107.87;;;
45.270903;6.353294;549.29;-10.3;-2;1790;3660;62.96;107.85;;;
45.270867;6.353544;549.03;-10.3;-2;1790;3660;62.98;107.83;;;
45.270831;6.353792;548.78;-10.3;-1;1790;3660;63;107.81;;;
45.270792;6.354042;548.59;-12.2;-1;1790;3660;63.02;107.79;;;
45.270744;6.354289;548.34;-16.2;-1;1790;3660;63.04;107.77;;;
45.270694;6.354533;548.07;-16.2;-1;1790;3660;63.06;107.75;;;
45.270644;6.354778;547.73;-16.2;-1;1790;3660;63.08;107.73;;;
45.270603;6.355025;547.52;-12.2;-1;1790;3660;63.1;107.71;;;
45.270561;6.355272;547.27;-13.1;-1;1790;3660;63.12;107.69;;;
45.270519;6.355522;547.01;-12.8;-1;1790;3660;63.14;107.67;;;
45.270503;6.355775;546.8;-5.1;-1;1790;3660;63.16;107.65;;;
45.270508;6.356028;546.95;3.3;-1;1790;3660;63.18;107.63;;;
45.270519;6.356283;547.15;3.2;-1;1790;3660;63.2;107.61;;;
45.270528;6.356539;547.36;3.8;-1;1790;3660;63.22;107.59;;;
45.270539;6.356792;547.35;3.8;-1;1790;3660;63.24;107.57;;;
45.270539;6.357047;546.81;0;-1;1790;3660;63.26;107.55;;;
45.270539;6.357303;546.36;0;-1;1790;3660;63.28;107.53;;;
45.270519;6.357556;545.84;-8.8;-2;1790;3660;63.3;107.51;;;
45.270486;6.357806;545.32;-10.9;-2;1790;3660;63.32;107.49;;;
45.270439;6.35805;544.9;-16.2;-2;1790;3660;63.34;107.47;;;
45.270389;6.358297;544.59;-15.9;-2;1790;3660;63.36;107.45;;;
45.270339;6.358542;544.3;-16.1;-2;1790;3660;63.38;107.43;;;
45.270292;6.358786;543.95;-16.2;-1;1790;3660;63.4;107.41;;;
45.270236;6.359028;543.65;-18.3;-1;1790;3660;63.42;107.39;;;
45.270181;6.359272;543.45;-17.5;-1;1790;3660;63.44;107.37;;;
45.270133;6.359517;543.24;-12.8;-1;1790;3660;63.46;107.35;;;
45.2701;6.359767;543.08;-10.9;0;1790;3660;63.48;107.33;;;
45.270067;6.360017;543.02;-10.3;0;1790;3660;63.5;107.31;;;
45.270039;6.360269;543.05;-9;1;1790;3660;63.52;107.29;;;
45.270008;6.360519;543.11;-9;1;1790;3660;63.54;107.27;;;
45.269958;6.360764;543.22;-16.2;1;1790;3660;63.56;107.25;;;
45.269903;6.361008;543.45;-18.1;1;1791;3659;63.58;107.23;;;
45.269844;6.36125;543.8;-19.9;1;1791;3659;63.6;107.21;;;
45.269786;6.361489;544.4;-20.2;1;1791;3659;63.62;107.19;;;
45.269728;6.361731;545.04;-19.6;1;1791;3659;63.64;107.17;;;
45.269669;6.361972;545.07;-20.3;0;1791;3659;63.66;107.15;;;
45.269606;6.362211;544.71;-21.5;-1;1791;3659;63.68;107.13;;;
45.269542;6.362447;543.87;-19.7;-1;1791;3659;63.7;107.11;;;
45.269478;6.362686;543.09;-19.7;-2;1791;3659;63.72;107.09;;;
45.269408;6.362922;542.36;-23.8;-3;1791;3659;63.74;107.07;;;
45.269342;6.363158;541.71;-21.5;-2;1791;3659;63.76;107.05;;;
45.269278;6.363397;541.31;-19.7;-2;1791;3659;63.78;107.03;;;
45.269219;6.363636;541.2;-18.5;-1;1791;3659;63.8;107.01;;;
45.269158;6.363878;541.28;-20.2;-1;1791;3659;63.82;106.99;;;
45.2691;6.364119;541.33;-18.1;0;1791;3659;63.84;106.97;;;
45.269039;6.364358;541.36;-19.7;0;1791;3659;63.86;106.95;;;
45.268978;6.364597;541.46;-21.5;0;1791;3659;63.88;106.93;;;
45.268917;6.364839;541.67;-19.3;1;1791;3659;63.9;106.91;;;
45.268856;6.365078;541.97;-19.6;1;1792;3658;63.92;106.89;;;
45.268794;6.365317;542.16;-20.2;1;1792;3658;63.94;106.87;;;
45.268731;6.365556;542.41;-21.3;1;1792;3658;63.96;106.85;;;
45.268669;6.365794;542.65;-20.3;1;1792;3658;63.98;106.83;;;
45.268606;6.366033;542.91;-19.7;0;1793;3657;64;106.81;;;
45.268542;6.366272;542.98;-21.5;0;1793;3657;64.02;106.79;;;
45.268425;6.366753;542.68;-20.2;0;1793;3657;64.06;106.75;;;
45.268364;6.366992;542.49;-20;0;1793;3657;64.08;106.73;;;
45.268378;6.367478;542.39;25.3;0;1793;3657;64.12;106.69;;;
45.268319;6.367669;542.43;-31.3;0;1793;3657;64.14;106.67;;;
45.268322;6.367917;542.41;7.2;0;1793;3657;64.16;106.65;;;
45.268217;6.368403;542.61;-21.3;0;1793;3657;64.2;106.61;;;
45.268156;6.368642;542.56;-19.6;0;1793;3657;64.22;106.59;;;
45.267947;6.369297;542.08;10.3;0;1793;3657;64.28;106.53;;;
45.267883;6.369517;542.2;-29.9;1;1793;3657;64.3;106.51;;;
45.267742;6.369986;542.79;-23.6;1;1794;3656;64.34;106.47;;;
45.267678;6.370222;543.02;-22;1;1794;3656;64.36;106.45;;;
45.267614;6.370461;543.33;-19.7;1;1794;3656;64.38;106.43;;;
45.267483;6.370936;544.02;-20.3;2;1795;3655;64.42;106.39;;;
45.267414;6.371172;544.4;-23.8;2;1795;3655;64.44;106.37;;;
45.267283;6.371647;545.34;-19.9;2;1796;3654;64.48;106.33;;;
45.267228;6.371889;546.04;-18.1;3;1797;3653;64.5;106.31;;;
45.267172;6.372131;546.62;-18.3;3;1798;3652;64.52;106.29;;;
45.267069;6.372619;547.6;-18.1;2;1799;3651;64.56;106.25;;;
45.267014;6.372861;548.25;-18.5;2;1799;3651;64.58;106.23;;;
45.2669;6.373347;549.22;-19.9;1;1800;3650;64.62;106.19;;;
45.266844;6.373589;548.58;-18.1;0;1800;3650;64.64;106.17;;;
45.266789;6.373831;549.27;-17.9;0;1800;3650;64.66;106.15;;;
45.266675;6.374314;547.73;-20.2;0;1800;3650;64.7;106.11;;;
45.266569;6.3745;547.73;-57.1;0;1800;3650;64.72;106.09;;;
45.266328;6.375003;548.2;37.7;0;1800;3650;64.78;106.03;;;
45.266475;6.375061;547.89;62.3;-1;1800;3650;64.8;106.01;;;
45.266661;6.3755;551.5;31;-1;1800;3650;64.84;105.97;;;
45.266747;6.375722;547.51;27.1;0;1800;3650;64.86;105.95;;;
45.266833;6.375947;547.42;27.1;0;1800;3650;64.88;105.93;;;
45.266969;6.376417;548.36;17.3;1;1800;3650;64.92;105.89;;;
45.266989;6.376653;548.34;-3.6;2;1801;3649;64.94;105.87;;;
45.266775;6.377061;548.93;-34.1;4;1801;3649;64.98;105.83;;;
45.266681;6.377278;549.48;-31.5;6;1802;3648;65;105.81;;;
45.266586;6.377494;554;-31.7;7;1804;3646;65.02;105.79;;;
45.266461;6.377964;555.96;-7;7;1807;3643;65.06;105.75;;;
45.266447;6.378217;556.94;0;6;1809;3641;65.08;105.73;;;
45.266447;6.378725;558.9;0;4;1811;3639;65.12;105.69;;;
45.266444;6.378981;559.88;0;3;1812;3638;65.14;105.67;;;
45.266442;6.379236;560.45;0;3;1812;3638;65.16;105.65;;;
45.266433;6.379744;560.93;-1.9;2;1813;3637;65.2;105.61;;;
45.266431;6.38;561.18;-1.3;1;1813;3637;65.22;105.59;;;
45.266425;6.380764;561.75;3.8;1;1814;3636;65.28;105.53;;;
45.266442;6.381017;562.07;7.1;1;1814;3636;65.3;105.51;35;;
45.266469;6.381433;562.61;-4.5;1;1815;3635;65.34;105.47;;;
45.266431;6.381681;562.76;-10.5;1;1815;3635;65.36;105.45;;;
45.266408;6.381933;562.91;-5.8;1;1815;3635;65.38;105.43;;;
45.266389;6.382444;563.21;-3.2;1;1815;3635;65.42;105.39;;;
45.266389;6.382697;563.36;0;1;1815;3635;65.44;105.37;;;
45.266369;6.383208;563.65;-3.8;1;1816;3634;65.48;105.33;;;
45.266344;6.383458;563.8;-10.9;1;1816;3634;65.5;105.31;;;
45.266294;6.383703;563.95;-21.9;1;1816;3634;65.52;105.29;;;
45.266114;6.384139;564.25;-34.6;1;1817;3633;65.56;105.25;;;
45.265986;6.384319;564.63;-50.2;1;1817;3633;65.58;105.23;;;
45.265686;6.384594;565.51;-64.5;2;1818;3632;65.62;105.19;;;
45.265522;6.3847;565.9;-67.3;2;1818;3632;65.64;105.17;;;
45.265353;6.384792;566.26;-69.8;2;1819;3631;65.66;105.15;;;
45.265017;6.384972;567.12;-68.3;3;1820;3630;65.7;105.11;;;
45.26485;6.385069;567.59;-67;3;1820;3630;65.72;105.09;;;
45.264358;6.385381;569.5;-64.1;3;1822;3628;65.78;105.03;;;
45.264192;6.385481;570.08;-67.9;4;1823;3627;65.8;105.01;;;
45.263858;6.385669;571.68;-68.5;4;1824;3626;65.84;104.97;;;
45.263692;6.385767;572.55;-67.9;4;1825;3625;65.86;104.95;;;
45.263525;6.385861;573.38;-68.3;4;1826;3624;65.88;104.93;;;
45.263189;6.386044;574.98;-69.5;4;1827;3623;65.92;104.89;;;
45.263017;6.386122;575.8;-74.1;4;1828;3622;65.94;104.87;;;
45.262669;6.386247;577.3;-77.2;4;1830;3620;65.98;104.83;;;
45.262494;6.3863;577.96;-78.6;3;1830;3620;66;104.81;;;
45.262317;6.386356;578.61;-77.5;3;1831;3619;66.02;104.79;;;
45.261961;6.386422;579.86;-82.8;3;1832;3618;66.06;104.75;;;
45.261781;6.386439;580.52;-86.3;3;1833;3617;66.08;104.73;;;
45.261422;6.386469;581.61;-86.4;3;1834;3616;66.12;104.69;;;
45.261242;6.386483;582.13;-87.7;3;1835;3615;66.14;104.67;;;
45.261061;6.386497;582.67;-87.8;3;1835;3615;66.16;104.65;;;
45.260703;6.386517;583.89;-87.3;3;1836;3614;66.2;104.61;;;
45.260522;6.386533;584.39;-85.2;3;1837;3613;66.22;104.59;;;
45.259986;6.386628;585.96;-81;3;1838;3612;66.28;104.53;;;
45.259811;6.386681;586.55;-74.9;3;1839;3611;66.3;104.51;;;
45.259467;6.386831;587.73;-71;3;1840;3610;66.34;104.47;;;
45.259297;6.386911;588.4;-71;3;1841;3609;66.36;104.45;;;
45.259131;6.387006;589.06;-67.8;3;1842;3608;66.38;104.43;;;
45.258803;6.387219;590.78;-66.2;4;1843;3607;66.42;104.39;;;
45.25865;6.387353;591.53;-58.8;4;1844;3606;66.44;104.37;36;sprint;
45.258353;6.387639;592.79;-54.9;4;1845;3605;66.48;104.33;;;
45.258206;6.387786;593.65;-53.7;4;1846;3604;66.5;104.31;;;
45.258058;6.387931;594.28;-54.9;4;1847;3603;66.52;104.29;;;
45.257764;6.388225;595.83;-56;4;1848;3602;66.56;104.25;;;
45.257617;6.388372;596.59;-56;4;1849;3601;66.58;104.23;;;
45.257325;6.388672;598.01;-53.7;4;1851;3599;66.62;104.19;;;
45.257181;6.388822;598.87;-53.7;4;1851;3599;66.64;104.17;;;
45.257033;6.388969;599.52;-54.1;4;1852;3598;66.66;104.15;;;
45.256739;6.389264;601.07;-56.7;4;1854;3596;66.7;104.11;;;
45.256592;6.389408;601.72;-56;4;1854;3596;66.72;104.09;;;
45.256156;6.389861;604.08;-52;4;1857;3593;66.78;104.03;;;
45.256017;6.390019;604.84;-50.8;4;1857;3593;66.8;104.01;;;
45.255728;6.390322;606.38;-54.9;4;1859;3591;66.84;103.97;;;
45.255589;6.390483;607.08;-48.9;4;1860;3590;66.86;103.95;;;
45.255453;6.39065;607.8;-48.5;4;1860;3590;66.88;103.93;;;
45.255208;6.391025;609.43;-40.8;4;1862;3588;66.92;103.89;;;
45.2551;6.391231;610.07;-35.4;4;1863;3587;66.94;103.87;;;
45.254911;6.391661;611.82;-28.3;4;1864;3586;66.98;103.83;;;
45.254839;6.391894;612.59;-22;4;1865;3585;67;103.81;;;
45.254769;6.392131;613.36;-21.9;4;1866;3584;67.02;103.79;;;
45.25465;6.392608;614.89;-16.6;4;1867;3583;67.06;103.75;;;
45.254597;6.392853;615.66;-18.3;4;1868;3582;67.08;103.73;;;
45.254494;6.393342;617.19;-16.1;4;1870;3580;67.12;103.69;;;
45.254447;6.393589;617.96;-15.9;4;1870;3580;67.14;103.67;;;
45.254397;6.393833;618.73;-16.2;4;1871;3579;67.16;103.65;;;
45.254264;6.394261;620.05;-49.6;3;1873;3577;67.2;103.61;;;
45.2541;6.394328;620.36;-60.2;3;1873;3577;67.22;103.59;;;
45.254094;6.394992;622.53;-17.9;3;1875;3575;67.28;103.53;;;
45.254033;6.395231;623.16;-20.2;4;1876;3574;67.3;103.51;;;
45.2539;6.395703;624.62;-21.8;4;1877;3573;67.34;103.47;;;
45.253833;6.395942;625.44;-21.9;4;1878;3572;67.36;103.45;;;
45.253767;6.396178;626.09;-21.3;4;1879;3571;67.38;103.43;;;
45.253636;6.396653;627.5;-21.3;4;1880;3570;67.42;103.39;;;
45.253569;6.396889;628.3;-22.4;4;1881;3569;67.44;103.37;;;
45.253433;6.397361;629.9;-22.1;4;1882;3568;67.48;103.33;;;
45.253364;6.397594;630.69;-22;4;1883;3567;67.5;103.31;;;
45.253294;6.397831;631.59;-24.2;4;1884;3566;67.52;103.29;;;
45.253167;6.398308;633.32;-19.7;4;1886;3564;67.56;103.25;;;
45.253103;6.398544;634.12;-21.5;4;1887;3563;67.58;103.23;;;
45.252972;6.399019;635.59;-20.3;3;1888;3562;67.62;103.19;;;
45.252914;6.399261;636.13;-16.2;3;1888;3562;67.64;103.17;;;
45.252861;6.399506;636.67;-17.9;3;1889;3561;67.66;103.15;;;
45.252767;6.399994;637.76;-14.4;3;1890;3560;67.7;103.11;;;
45.252725;6.400244;638.3;-12.2;3;1891;3559;67.72;103.09;;;
45.252639;6.400997;639.94;-9;2;1892;3558;67.78;103.03;;;
45.252619;6.40125;640.1;-5.8;2;1892;3558;67.8;103.01;;;
45.252589;6.401758;640.62;-3.2;1;1893;3557;67.84;102.97;;;
45.252578;6.402014;640.81;-3.2;1;1893;3557;67.86;102.95;;;
45.252567;6.402267;640.94;-3.2;1;1893;3557;67.88;102.93;;;
45.252561;6.402778;641.22;0;1;1893;3557;67.92;102.89;;;
45.252561;6.403031;641.23;0;1;1894;3556;67.94;102.87;;;
45.252561;6.403542;641.47;0;1;1894;3556;67.98;102.83;;;
45.252561;6.403794;641.73;0;1;1894;3556;68;102.81;;;
45.252561;6.40405;641.9;0;1;1894;3556;68.02;102.79;;;
45.252556;6.404561;642.23;0;1;1894;3556;68.06;102.75;;;
45.252553;6.404814;642.4;0;1;1895;3555;68.08;102.73;;;
45.25255;6.405325;642.86;0;2;1895;3555;68.12;102.69;;;
45.25255;6.405578;643.21;0;2;1896;3554;68.14;102.67;;;
45.25255;6.405833;643.63;0;2;1896;3554;68.16;102.65;;;
45.25255;6.406344;644.62;0;3;1897;3553;68.2;102.61;;;
45.252519;6.406592;645.22;-9;4;1898;3552;68.22;102.59;;;
45.252517;6.407358;647.53;-1.3;4;1900;3550;68.28;102.53;;;
45.252511;6.407611;648.22;-1.9;4;1901;3549;68.3;102.51;;;
45.252472;6.408119;649.93;-7;4;1902;3548;68.34;102.47;;;
45.252444;6.408369;650.74;-9;4;1903;3547;68.36;102.45;;;
45.252414;6.408619;651.55;-11.2;4;1904;3546;68.38;102.43;;;
45.252333;6.409117;653.16;-14.9;4;1906;3544;68.42;102.39;;;
45.252286;6.409364;653.97;-16.2;4;1906;3544;68.44;102.37;;;
45.252164;6.409842;655.59;-21.3;4;1908;3542;68.48;102.33;;;
45.252094;6.410078;656.39;-24.2;4;1909;3541;68.5;102.31;;;
45.252019;6.410308;657.2;-25.9;4;1910;3540;68.52;102.29;;;
45.251861;6.410764;658.82;-29.9;4;1911;3539;68.56;102.25;;;
45.251772;6.410986;659.53;-30.6;4;1912;3538;68.58;102.23;;;
45.251581;6.411417;661.16;-32.2;4;1914;3536;68.62;102.19;;;
45.251481;6.411631;662.01;-34.9;4;1914;3536;68.64;102.17;;;
45.251378;6.411839;662.83;-36.2;4;1915;3535;68.66;102.15;;;
45.251175;6.412261;664.46;-34.1;4;1917;3533;68.7;102.11;;;
45.251075;6.412472;665.28;-34.1;4;1918;3532;68.72;102.09;;;
45.250772;6.413103;667.71;-34.6;4;1920;3530;68.78;102.03;;;
45.250669;6.413314;668.52;-33.8;4;1921;3529;68.8;102.01;;;
45.250467;6.413736;670.05;-35.1;4;1922;3528;68.84;101.97;;;
45.250364;6.413944;670.87;-36.4;4;1923;3527;68.86;101.95;;;
45.250264;6.414156;671.64;-33.8;4;1924;3526;68.88;101.93;;;
45.250061;6.414578;671.37;-33.1;3;1925;3525;68.92;101.89;;;
45.249989;6.414803;673.56;-29.8;3;1926;3524;68.94;101.87;;;
45.249781;6.415219;674.88;-35.9;3;1927;3523;68.98;101.83;;;
45.249675;6.415428;675.45;-36.2;2;1928;3522;69;101.81;;;
45.249572;6.415636;675.92;-36.2;2;1928;3522;69.02;101.79;;;
45.249369;6.416058;676.67;-35.6;2;1929;3521;69.06;101.75;;;
45.249269;6.416269;676.94;-34.1;2;1929;3521;69.08;101.73;;;
45.249064;6.416686;677.47;-34.1;1;1930;3520;69.12;101.69;;;
45.248961;6.416897;677.73;-35.6;1;1930;3520;69.14;101.67;;;
45.248867;6.417111;678;-31.7;1;1930;3520;69.16;101.65;;;
45.248678;6.417547;678.53;-31;0;1931;3519;69.2;101.61;;;
45.248586;6.417764;678.63;-30.6;0;1931;3519;69.22;101.59;;;
45.248336;6.418442;678.67;-25.9;0;1931;3519;69.28;101.53;;;
45.248261;6.418675;678.58;-25.3;-1;1931;3519;69.3;101.51;;;
45.248131;6.419081;678.34;-24.6;-1;1931;3519;69.34;101.47;;;
45.248042;6.419372;678.09;-23.8;-1;1931;3519;69.36;101.45;;;
45.247972;6.419608;677.95;-23.8;-1;1931;3519;69.38;101.43;;;
45.247833;6.420078;677.46;-22.4;-1;1931;3519;69.42;101.39;;;
45.247767;6.420314;677.3;-21.3;-1;1931;3519;69.44;101.37;;;
45.247631;6.420786;676.91;-21.5;-1;1931;3519;69.48;101.33;;;
45.247564;6.421022;676.7;-21.5;-1;1931;3519;69.5;101.31;;;
45.247494;6.421258;676.55;-22.1;-1;1931;3519;69.52;101.29;;;
45.247358;6.421731;676.1;-21.9;-1;1931;3519;69.56;101.25;;;
45.247292;6.421967;675.96;-21.3;-1;1931;3519;69.58;101.23;;;
45.247156;6.422439;675.52;-23.1;-1;1931;3519;69.62;101.19;;;
45.247089;6.422675;675.31;-21.5;-1;1931;3519;69.64;101.17;;;
45.247019;6.422908;675.09;-22.6;-1;1931;3519;69.66;101.15;;;
45.246883;6.423381;674.64;-21.9;-1;1931;3519;69.7;101.11;;;
45.246814;6.423617;669.68;-21.3;-1;1931;3519;69.72;101.09;;;
45.246608;6.424322;673.89;-22.6;-1;1931;3519;69.78;101.03;;;
45.246542;6.424558;673.62;-21.5;-1;1931;3519;69.8;101.01;;;
45.246403;6.425028;673.27;-21.8;-1;1931;3519;69.84;100.97;;;
45.246333;6.425264;673.05;-22.4;-1;1931;3519;69.86;100.95;;;
45.246264;6.4255;672.93;-21.5;-1;1931;3519;69.88;100.93;;;
45.246128;6.425972;672.84;-21.5;0;1931;3519;69.92;100.89;;;
45.246061;6.426208;672.85;-21.5;0;1931;3519;69.94;100.87;;;
45.245928;6.426681;673.14;-21.3;0;1931;3519;69.98;100.83;;;
45.245858;6.426917;673.32;-21.9;1;1931;3519;70;100.81;;;
45.245792;6.427153;673.48;-21.3;1;1932;3518;70.02;100.79;;;
45.245658;6.427625;673.92;-22.1;1;1932;3518;70.06;100.75;;;
45.245592;6.427861;674.12;-21.8;1;1932;3518;70.08;100.73;;;
45.245453;6.428331;674.48;-21.8;1;1933;3517;70.12;100.69;;;
45.245381;6.428567;674.73;-23.1;1;1933;3517;70.14;100.67;;;
45.2453;6.428794;674.88;-27.8;1;1933;3517;70.16;100.65;;;
45.245136;6.429247;675.35;-27.6;1;1933;3517;70.2;100.61;;;
45.245056;6.429472;675.51;-27.7;1;1933;3517;70.22;100.59;;;
45.244758;6.430111;676.07;-36.2;1;1934;3516;70.28;100.53;;;
45.244653;6.430317;676.24;-34.6;1;1934;3516;70.3;100.51;;;
45.244442;6.430733;676.53;-35.1;1;1934;3516;70.34;100.47;;;
45.244325;6.430925;676.55;-40.3;1;1934;3516;70.36;100.45;;;
45.244203;6.431108;676.58;-44.2;1;1934;3516;70.38;100.43;;;
45.243953;6.431475;676.63;-44.2;0;1935;3515;70.42;100.39;;;
45.243828;6.431658;676.65;-43.6;0;1935;3515;70.44;100.37;;;
45.243564;6.432008;676.5;-48.7;0;1935;3515;70.48;100.33;;;
45.243428;6.432172;676.44;-50.8;0;1935;3515;70.5;100.31;;;
45.243286;6.432331;676.31;-52.7;0;1935;3515;70.52;100.29;;;
45.242994;6.432631;676.19;-55.6;0;1935;3515;70.56;100.25;;;
45.242844;6.432769;676.16;-57.1;0;1935;3515;70.58;100.23;;;
45.242542;6.433047;675.94;-58.9;0;1935;3515;70.62;100.19;;;
45.242389;6.433181;675.88;-58.8;0;1935;3515;70.64;100.17;;;
45.242236;6.433311;675.82;-57.8;0;1935;3515;70.66;100.15;;;
45.241931;6.433581;675.83;-57.8;0;1935;3515;70.7;100.11;37;;
45.241778;6.433714;675.71;-57.8;0;1935;3515;70.72;100.09;;;
45.241328;6.434136;675.66;-54.8;0;1935;3515;70.78;100.03;;;
45.241178;6.434281;675.77;-55.6;1;1935;3515;70.8;100.01;;;
45.240878;6.434561;676.35;-55.9;1;1935;3515;70.84;99.97;;;
45.240728;6.4347;676.63;-57.1;1;1936;3514;70.86;99.95;;;
45.240578;6.434842;677.01;-56.7;1;1936;3514;70.88;99.93;;;
45.240278;6.435122;677.69;-58.2;2;1937;3513;70.92;99.89;;;
45.240125;6.435256;678;-57.8;2;1937;3513;70.94;99.87;;;
45.239819;6.435528;678.7;-56.7;2;1938;3512;70.98;99.83;;;
45.239669;6.435667;679.03;-56.7;2;1938;3512;71;99.81;;;
45.239514;6.435797;679.38;-61.2;2;1938;3512;71.02;99.79;;;
45.239192;6.436025;680.13;-69;2;1939;3511;71.06;99.75;;;
45.239025;6.436117;680.5;-67.8;2;1940;3510;71.08;99.73;;;
45.238678;6.436253;681.16;-74.4;2;1940;3510;71.12;99.69;;;
45.238506;6.436319;681.69;-74.9;2;1941;3509;71.14;99.67;;;
45.238333;6.436392;682.1;-73.6;2;1941;3509;71.16;99.65;;;
45.237992;6.436558;682.71;-70.2;1;1942;3508;71.2;99.61;;;
45.237828;6.436661;682.94;-65;1;1942;3508;71.22;99.59;;;
45.237378;6.437078;683.27;-51.5;0;1942;3508;71.28;99.53;;;
45.237242;6.437247;683.07;-45;-1;1942;3508;71.3;99.51;;;
45.237008;6.437633;682.46;-35.6;-2;1942;3508;71.34;99.47;;;
45.236906;6.437842;682.01;-33.8;-2;1942;3508;71.36;99.45;;;
45.236822;6.438067;681.62;-25.9;-1;1942;3508;71.38;99.43;;;
45.236689;6.438539;680.63;-19.5;0;1942;3508;71.42;99.39;;;
45.236642;6.438786;680.63;-14;0;1942;3508;71.44;99.37;;;
45.236553;6.439278;681.42;-14.4;1;1943;3507;71.48;99.33;;;
45.236522;6.439531;681.86;-9;1;1943;3507;71.5;99.31;;;
45.236483;6.439778;682.32;-12.8;2;1943;3507;71.52;99.29;;;
45.236403;6.440275;683.11;-14.4;2;1944;3506;71.56;99.25;;;
45.236361;6.440522;683.65;-14.4;2;1945;3505;71.58;99.23;;;
45.236258;6.441011;684.59;-18.1;2;1945;3505;71.62;99.19;;;
45.236192;6.441247;684.85;-22;2;1946;3504;71.64;99.17;;;
45.236125;6.441483;685.43;-22;2;1946;3504;71.66;99.15;;;
45.235942;6.441922;685.79;-31.7;1;1947;3503;71.7;99.11;;;
45.235839;6.442131;686.05;-38;0;1947;3503;71.72;99.09;;;
45.235475;6.442692;686.17;-46.6;0;1947;3503;71.78;99.03;;;
45.235336;6.442856;686.15;-50.8;0;1947;3503;71.8;99.01;;;
45.235061;6.443183;686.36;-52.2;0;1947;3503;71.84;98.97;;;
45.234917;6.443333;686.3;-53.7;0;1947;3503;71.86;98.95;;;
45.234769;6.443481;686.33;-54.8;0;1947;3503;71.88;98.93;;;
45.234467;6.443756;686.38;-57.8;0;1947;3503;71.92;98.89;;;
45.234311;6.443886;686.35;-60;0;1947;3503;71.94;98.87;;;
45.234008;6.444161;686.39;-57.1;0;1947;3503;71.98;98.83;;;
45.233858;6.4443;686.39;-57.1;0;1947;3503;72;98.81;;;
45.233708;6.444442;686.42;-55.6;0;1947;3503;72.02;98.79;;;
45.233411;6.444728;686.46;-54.8;0;1947;3503;72.06;98.75;;;
45.233261;6.444869;686.49;-55.9;0;1947;3503;72.08;98.73;;;
45.232972;6.445172;686.44;-52.7;0;1947;3503;72.12;98.69;;;
45.232828;6.445325;686.47;-52.7;0;1947;3503;72.14;98.67;;;
45.232686;6.445483;686.44;-51.2;0;1947;3503;72.16;98.65;;;
45.232406;6.4458;686.39;-50.4;0;1947;3503;72.2;98.61;;;
45.232267;6.445964;686.42;-50.4;0;1947;3503;72.22;98.59;;;
45.231869;6.446478;686.09;-43.7;0;1947;3503;72.28;98.53;;;
45.231747;6.446667;685.9;-42.4;1;1947;3503;72.3;98.51;;;
45.2315;6.447036;685.83;-43.3;1;1947;3503;72.34;98.47;;;
45.231369;6.447214;685.89;-46.9;1;1947;3503;72.36;98.45;;;
45.231244;6.447394;685.95;-44.1;1;1947;3503;72.38;98.43;;;
45.230997;6.447767;686.24;-43.3;0;1948;3502;72.42;98.39;;;
45.230875;6.447953;686.36;-43.3;0;1948;3502;72.44;98.37;;;
45.230628;6.448322;689.1;-45;0;1948;3502;72.48;98.33;;;
45.2305;6.448503;686.56;-45.6;0;1948;3502;72.5;98.31;;;
45.230364;6.448667;686.6;-50.4;0;1948;3502;72.52;98.29;;;
45.230067;6.448953;686.93;-56.7;0;1948;3502;72.56;98.25;;;
45.229914;6.449089;687.06;-57.8;0;1948;3502;72.58;98.23;;;
45.229597;6.449333;687.34;-64.4;1;1949;3501;72.62;98.19;;;
45.229433;6.449439;687.43;-66;1;1949;3501;72.64;98.17;;;
45.229269;6.449544;687.59;-66.4;1;1949;3501;72.66;98.15;;;
45.228936;6.449736;687.76;-71;0;1949;3501;72.7;98.11;;;
45.228767;6.449817;687.86;-72.3;0;1949;3501;72.72;98.09;;;
45.228247;6.450031;688;-73.1;0;1949;3501;72.78;98.03;;;
45.228072;6.450075;687.97;-79.8;0;1949;3501;72.8;98.01;;;
45.227714;6.45015;687.96;-82.6;0;1949;3501;72.84;97.97;;;
45.227536;6.450183;687.99;-82.8;0;1949;3501;72.86;97.95;;;
45.227358;6.450217;687.94;-82.3;0;1949;3501;72.88;97.93;;;
45.227;6.450267;688.17;-85;1;1950;3500;72.92;97.89;;;
45.226819;6.450286;688.25;-85.2;1;1950;3500;72.94;97.87;;;
45.226461;6.450328;688.58;-85.2;1;1950;3500;72.98;97.83;;;
45.226283;6.45035;688.75;-85;1;1950;3500;73;97.81;;;
45.226103;6.450367;688.95;-85.9;1;1950;3500;73.02;97.79;;;
45.225744;6.450397;689.39;-86.4;1;1951;3499;73.06;97.75;;;
45.225564;6.450417;689.6;-85.2;1;1951;3499;73.08;97.73;;;
45.225206;6.450447;689.99;-86.3;2;1952;3498;73.12;97.69;;;
45.225025;6.450461;690.18;-86.5;2;1952;3498;73.14;97.67;;;
45.224847;6.450481;690.51;-84.6;3;1953;3497;73.16;97.65;;;
45.224489;6.450539;691.8;-82.3;4;1954;3496;73.2;97.61;;;
45.224311;6.450575;692.67;-80.1;4;1955;3495;73.22;97.59;;;
45.223789;6.450764;695.65;-69.1;4;1958;3492;73.28;97.53;;;
45.223619;6.45085;696.58;-69.7;4;1958;3492;73.3;97.51;;;
45.223283;6.451028;698.02;-61.2;3;1959;3491;73.34;97.47;;;
45.223131;6.451161;698.33;-53.7;2;1959;3491;73.36;97.45;;;
45.222992;6.451322;698.51;-48.5;1;1960;3490;73.38;97.43;;;
45.222778;6.451728;691.28;-27;-1;1960;3490;73.42;97.39;;;
45.222697;6.451956;697.17;-25.9;-2;1960;3490;73.44;97.37;;;
45.222536;6.452411;696.84;-27.6;-2;1960;3490;73.48;97.33;;;
45.22245;6.452633;696.31;-30;-3;1960;3490;73.5;97.31;;;
45.222347;6.452844;695.75;-35.6;-3;1960;3490;73.52;97.29;;;
45.222119;6.453236;694.38;-41.7;-2;1960;3490;73.56;97.25;;;
45.222003;6.453431;694.05;-40;-2;1960;3490;73.58;97.23;;;
45.221767;6.453817;694.01;-42.4;-1;1960;3490;73.62;97.19;;;
45.221647;6.454006;694.03;-42.4;0;1960;3490;73.64;97.17;;;
45.221525;6.454194;694.04;-42.7;0;1960;3490;73.66;97.15;;;
45.221306;6.454594;694.03;-35.9;0;1960;3490;73.7;97.11;;;
45.221208;6.454808;694.06;-29.9;0;1960;3490;73.72;97.09;;;
45.220967;6.455492;694.36;-21.3;0;1960;3490;73.78;97.03;;;
45.220908;6.455731;694.44;-16.1;1;1960;3490;73.8;97.01;;;
45.220825;6.456225;695;-9;1;1961;3489;73.84;96.97;;;
45.220797;6.456478;695.11;-8.8;1;1961;3489;73.86;96.95;;;
45.220772;6.456728;695.29;-7.1;1;1961;3489;73.88;96.93;;;
45.220719;6.457233;695.63;-9;1;1962;3488;73.92;96.89;;;
45.220694;6.457486;695.82;-7.6;1;1962;3488;73.94;96.87;;;
45.22065;6.457989;696.1;-9;1;1962;3488;73.98;96.83;;;
45.220622;6.458242;696.22;-9;0;1962;3488;74;96.81;;;
45.220594;6.458494;696.42;-8.9;0;1962;3488;74.02;96.79;;;
45.220539;6.458997;696.78;-9;0;1963;3487;74.06;96.75;;;
45.220517;6.45925;696.71;-7;1;1963;3487;74.08;96.73;;;
45.220481;6.459756;697.32;-3.2;2;1963;3487;74.12;96.69;;;
45.220481;6.460011;697.72;0;2;1964;3486;74.14;96.67;;;
45.220481;6.460264;698.26;0;2;1964;3486;74.16;96.65;;;
45.220406;6.460689;698.57;4.1;1;1965;3485;74.2;96.61;;;
45.220383;6.460878;698.58;-32;0;1965;3485;74.22;96.59;;;
45.220214;6.461594;698.61;-12.5;0;1965;3485;74.28;96.53;;;
45.220175;6.461844;698.73;-12.2;1;1965;3485;74.3;96.51;;;
45.2201;6.462342;699.18;-9;1;1965;3485;74.34;96.47;;;
45.220072;6.462594;699.41;-8.9;1;1965;3485;74.36;96.45;;;
45.220047;6.462844;699.65;-7.1;1;1966;3484;74.38;96.43;;;
45.22;6.46335;699.9;-7.1;1;1966;3484;74.42;96.39;;;
45.219975;6.463603;700.2;-7.1;1;1966;3484;74.44;96.37;;;
45.219917;6.464106;700.8;-10.3;1;1967;3483;74.48;96.33;;;
45.219886;6.464356;701.09;-9;1;1967;3483;74.5;96.31;;;
45.219853;6.464606;701.44;-10.3;1;1967;3483;74.52;96.29;;;
45.219736;6.465;701.99;16.6;1;1968;3482;74.56;96.25;;;
45.219808;6.465183;702.08;1.5;1;1968;3482;74.58;96.23;;;
45.21975;6.465686;702.65;-9;2;1969;3481;74.62;96.19;;;
45.219722;6.465939;703.04;-8.8;2;1969;3481;74.64;96.17;;;
45.219697;6.466189;703.5;-7.1;2;1970;3480;74.66;96.15;;;
45.219644;6.466694;704.17;-8.9;2;1970;3480;74.7;96.11;;;
45.219619;6.466944;704.44;-7.8;2;1971;3479;74.72;96.09;;;
45.219536;6.4677;705.37;-9;2;1972;3478;74.78;96.03;;;
45.219508;6.467953;705.74;-8.8;2;1972;3478;74.8;96.01;;;
45.219456;6.468456;706.31;-8.4;2;1973;3477;74.84;95.97;;;
45.219425;6.468706;706.62;-9;2;1973;3477;74.86;95.95;;;
45.219383;6.468953;706.94;-16.5;2;1973;3477;74.88;95.93;;;
45.219178;6.469367;707.36;-40;1;1974;3476;74.92;95.89;;;
45.219058;6.469556;707.54;-42.4;1;1974;3476;74.94;95.87;;;
45.218811;6.469928;708;-43.3;1;1974;3476;74.98;95.83;;;
45.218689;6.470114;708.25;-43.3;1;1974;3476;75;95.81;;;
45.218564;6.470297;708.42;-45.6;1;1975;3475;75.02;95.79;;;
45.218308;6.470653;708.93;-45.6;1;1975;3475;75.06;95.75;;;
45.218181;6.470836;709.18;-44.2;1;1975;3475;75.08;95.73;;;
45.217922;6.471186;709.58;-51.2;1;1976;3474;75.12;95.69;;;
45.217769;6.471322;709.77;-57.1;1;1976;3474;75.14;95.67;;;
45.217625;6.471475;710;-50.4;1;1976;3474;75.16;95.65;;;
45.217414;6.471883;710.44;-34.1;1;1977;3473;75.2;95.61;;;
45.2173;6.472081;710.72;-39;1;1977;3473;75.22;95.59;;;
45.216956;6.472669;711.55;-40.3;1;1978;3472;75.28;95.53;;;
45.216842;6.472867;711.86;-38;2;1978;3472;75.3;95.51;;;
45.216614;6.473258;712.51;-38.8;2;1979;3471;75.34;95.47;;;
45.216497;6.473456;712.93;-40.5;2;1979;3471;75.36;95.45;;;
45.216389;6.473658;713.37;-36.4;2;1980;3470;75.38;95.43;;;
45.216175;6.474067;714;-37;1;1980;3470;75.42;95.39;;;
45.216069;6.474272;714.27;-36.1;1;1980;3470;75.44;95.37;;;
45.215842;6.474669;714.76;-39.5;2;1981;3469;75.48;95.33;;;
45.215722;6.474858;715.03;-42.7;3;1982;3468;75.5;95.31;;;
45.215578;6.474836;715.82;-120;3;1982;3468;75.52;95.29;38;;
45.215292;6.474533;717.41;-136.7;4;1984;3466;75.56;95.25;;;
45.215178;6.474336;718.2;-141.2;4;1985;3465;75.58;95.23;;;
45.214936;6.473958;719.79;-137.7;4;1986;3464;75.62;95.19;;;
45.214814;6.473772;720.59;-136.7;4;1987;3463;75.64;95.17;;;
45.214692;6.473583;721.38;-137.7;4;1988;3462;75.66;95.15;;;
45.21445;6.473208;722.97;-135.4;4;1990;3460;75.7;95.11;;;
45.214322;6.473028;723.76;-136.4;4;1991;3459;75.72;95.09;;;
45.213883;6.472586;726.14;-129.2;4;1994;3456;75.78;95.03;;;
45.213772;6.472389;727.95;-145.9;5;1994;3456;75.8;95.01;;;
45.213611;6.471933;731.2;-158.7;5;1995;3455;75.84;94.97;;;
45.213544;6.471697;731.9;-158.1;5;1995;3455;75.86;94.95;;;
45.213478;6.471461;732.33;-158.2;5;1995;3455;75.88;94.93;;;
45.213344;6.470986;733.83;-156.4;5;1998;3452;75.92;94.89;;;
45.213281;6.47075;734.64;-162.1;6;2000;3450;75.94;94.87;;;
45.213447;6.470381;736.3;106.4;6;2003;3447;75.98;94.83;;;
45.213625;6.470392;737.49;83.7;6;2004;3446;76;94.81;;;
45.213803;6.470422;738.8;83.7;6;2006;3444;76.02;94.79;;;
45.214131;6.470278;741.33;128.8;6;2008;3442;76.06;94.75;;;
45.214247;6.470083;742.76;143.9;6;2010;3440;76.08;94.73;;;
45.214356;6.469606;745.34;172.2;6;2012;3438;76.12;94.69;39;;
45.214356;6.46935;746.74;-176.8;6;2013;3437;76.14;94.67;;;
45.214333;6.469097;747.9;-171;6;2015;3435;76.16;94.65;;;
45.214164;6.468656;750.55;-142;6;2017;3433;76.2;94.61;;;
45.214042;6.468469;752.01;-136.7;6;2019;3431;76.22;94.59;;;
45.213636;6.467967;756.73;-127.8;6;2023;3427;76.28;94.53;;;
45.213486;6.467825;757.76;-122.2;6;2024;3426;76.3;94.51;;;
45.213147;6.467661;759.63;-101.2;6;2026;3424;76.34;94.47;;;
45.212969;6.467622;760.32;-97.7;6;2027;3423;76.36;94.45;;;
45.212792;6.467586;761.09;-97.7;6;2028;3422;76.38;94.43;;;
45.212533;6.467283;762.92;-157.6;6;2030;3420;76.42;94.39;;;
45.212519;6.467031;763.98;180;6;2032;3418;76.44;94.37;;;
45.212511;6.466519;767;-178.1;6;2034;3416;76.48;94.33;;;
45.212494;6.466267;768.77;-171.1;7;2036;3414;76.5;94.31;;;
45.212414;6.466044;770.45;-145.4;7;2037;3413;76.52;94.29;;;
45.212092;6.466022;773.57;-59;7;2041;3409;76.56;94.25;;;
45.211967;6.466206;775.54;-42.3;7;2042;3408;76.58;94.23;;;
45.211628;6.466356;778.71;-81;8;2046;3404;76.62;94.19;;;
45.211461;6.466442;780.35;-61.9;8;2047;3403;76.64;94.17;;;
45.211389;6.466664;782.21;-11.2;8;2049;3401;76.66;94.15;;;
45.211586;6.467061;785.31;55.9;8;2052;3398;76.7;94.11;;;
45.211736;6.467203;786.57;55.9;8;2054;3396;76.72;94.09;;;
45.211856;6.467825;791.67;-29.4;9;2060;3390;76.78;94.03;;;
45.211744;6.468025;794.52;-38.5;9;2061;3389;76.8;94.01;;;
45.211483;6.468375;797.45;-48.9;9;2065;3385;76.84;93.97;;;
45.211344;6.468536;799.15;-51.2;9;2066;3384;76.86;93.95;;;
45.211197;6.468681;800.61;-58.8;9;2068;3382;76.88;93.93;;;
45.210878;6.468911;804.5;-66.2;9;2072;3378;76.92;93.89;;;
45.210711;6.469011;806.36;-67;9;2073;3377;76.94;93.87;;;
45.210378;6.469208;809.81;-67;8;2077;3373;76.98;93.83;;;
45.210222;6.469328;811.79;-59;8;2079;3371;77;93.81;;;
45.210086;6.469494;813.75;-45.9;8;2080;3370;77.02;93.79;;;
45.209881;6.469314;817.22;176.1;8;2084;3366;77.06;93.75;;;
45.20995;6.469081;818.38;158;8;2085;3365;77.08;93.73;;;
45.210069;6.4686;821.54;163.8;8;2089;3361;77.12;93.69;;;
45.210128;6.468358;823.18;162.1;8;2090;3360;77.14;93.67;;;
45.210164;6.468108;824.96;169.1;8;2092;3358;77.16;93.65;;;
45.210181;6.4676;827.85;180;8;2095;3355;77.2;93.61;;;
45.2102;6.46735;828.97;172.9;8;2096;3354;77.22;93.59;;;
45.210031;6.4669;833.74;-57.8;8;2101;3349;77.28;93.53;;;
45.209978;6.467139;835.83;-12.2;8;2103;3347;77.3;93.51;;;
45.209911;6.467639;838.45;-12.8;8;2106;3344;77.34;93.47;;;
45.209853;6.467878;840.44;-20;8;2107;3343;77.36;93.45;;;
45.209756;6.468094;841.58;-31.7;8;2108;3342;77.38;93.43;;;
45.209503;6.468453;844.59;-52.6;8;2112;3338;77.42;93.39;;;
45.209344;6.468567;845.92;-65.3;8;2113;3337;77.44;93.37;;;
45.209003;6.468733;849.26;-74.9;8;2116;3334;77.48;93.33;;;
45.208828;6.468783;850.96;-80.1;8;2118;3332;77.5;93.31;;;
45.208653;6.468839;853.21;-75.8;8;2120;3330;77.52;93.29;;;
45.208319;6.469031;856.38;-61.7;7;2123;3327;77.56;93.25;;;
45.208169;6.469167;857.93;-55.6;7;2125;3325;77.58;93.23;;;
45.207856;6.469408;861.25;-76.5;7;2127;3323;77.62;93.19;;;
45.207733;6.469256;862.26;-147.9;7;2129;3321;77.64;93.17;;;
45.207797;6.469031;863.39;140.5;7;2130;3320;77.66;93.15;;;
45.208089;6.468736;865.87;123.3;7;2133;3317;77.7;93.11;;;
45.208239;6.468592;867.43;124.1;7;2134;3316;77.72;93.09;;;
45.208594;6.468033;872.31;154.7;8;2139;3311;77.78;93.03;;;
45.208672;6.467803;874.02;154.5;8;2141;3309;77.8;93.01;;;
45.208869;6.467378;877.6;150.6;8;2145;3305;77.84;92.97;;;
45.208906;6.467133;879.48;178.1;8;2146;3304;77.86;92.95;;;
45.208853;6.466892;880.96;-158.5;8;2148;3302;77.88;92.93;;;
45.208736;6.466414;883.95;-171;8;2151;3299;77.92;92.89;;;
45.208747;6.466161;885.21;171.2;9;2153;3297;77.94;92.87;;;
45.208761;6.465658;888.68;-171.2;9;2155;3295;77.98;92.83;;;
45.208706;6.465417;889.96;-162.6;9;2157;3293;78;92.81;;;
45.208669;6.465169;891.78;-172.2;9;2159;3291;78.02;92.79;;;
45.208681;6.464658;895.08;180;9;2162;3288;78.06;92.75;40;;
45.208653;6.464408;897.29;-167.8;9;2164;3286;78.08;92.73;;;
45.208394;6.464103;900.52;-107.5;9;2168;3282;78.12;92.69;;;
45.208219;6.464039;902.43;-104.6;9;2169;3281;78.14;92.67;;;
45.208047;6.463972;904.01;-105.6;8;2171;3279;78.16;92.65;;;
45.207839;6.463611;907.72;-169.1;8;2175;3275;78.2;92.61;;;
45.207878;6.463367;909.61;161.5;8;2176;3274;78.22;92.59;;;
45.208022;6.462642;913.87;176.8;8;2181;3269;78.28;92.53;;;
45.208031;6.462386;915.52;176.2;8;2183;3267;78.3;92.51;;;
45.207911;6.461917;918.81;-145.9;8;2186;3264;78.34;92.47;;;
45.207803;6.461714;920.14;-143.9;8;2188;3262;78.36;92.45;;;
45.207744;6.461475;922.09;-165.4;8;2190;3260;78.38;92.43;;;
45.207661;6.460981;926.11;-162;8;2193;3257;78.42;92.39;;;
45.207581;6.460756;927.66;-152.3;8;2195;3255;78.44;92.37;;;
45.207494;6.460264;930.86;-171;8;2199;3251;78.48;92.33;;;
45.2074;6.46005;933.23;-138.2;8;2200;3250;78.5;92.31;;;
45.207261;6.459894;934.32;-128.1;8;2202;3248;78.52;92.29;;;
45.207169;6.459442;935.54;167.5;9;2205;3245;78.56;92.25;;;
45.20725;6.459214;938.68;150.6;9;2206;3244;78.58;92.23;;;
45.207428;6.458772;942.42;150.1;9;2210;3240;78.62;92.19;;;
45.207517;6.45855;944.13;150.1;9;2212;3238;78.64;92.17;;;
45.207606;6.458331;945.86;150.1;9;2213;3237;78.66;92.15;;;
45.207847;6.457983;949.82;109;9;2217;3233;78.7;92.11;41;;
45.208025;6.457961;951.2;92.7;9;2219;3231;78.72;92.09;;;
45.208558;6.457886;956.1;105.1;9;2223;3227;78.78;92.03;;;
45.208736;6.457842;957.84;97.2;9;2225;3225;78.8;92.01;;;
45.209092;6.4579;961.37;83.7;9;2228;3222;78.84;91.97;;;
45.209269;6.457861;962.97;102.9;9;2230;3220;78.86;91.95;;;
45.209431;6.457747;964.79;118.9;9;2232;3218;78.88;91.93;;;
45.209744;6.457506;968.17;107.9;9;2235;3215;78.92;91.89;;;
45.209922;6.457461;969.79;96.3;9;2237;3213;78.94;91.87;;;
45.210281;6.457486;972.99;80.1;8;2240;3210;78.98;91.83;;;
45.210444;6.457578;975;60.8;8;2242;3208;79;91.81;;;
45.210608;6.457678;976.73;74.4;8;2244;3206;79.02;91.79;;;
45.210617;6.457317;979.77;-138.2;8;2247;3203;79.06;91.75;;;
45.210494;6.457133;981.74;-136.3;8;2249;3201;79.08;91.73;;;
45.210253;6.456756;984.65;-138.8;8;2252;3198;79.12;91.69;;;
45.21015;6.456547;986.73;-146.2;8;2254;3196;79.14;91.67;;;
45.210078;6.456314;987.91;-158.5;8;2255;3195;79.16;91.65;;;
45.210017;6.455817;991.42;180;8;2258;3192;79.2;91.61;;;
45.21005;6.455569;993.01;165.8;8;2260;3190;79.22;91.59;;;
45.210308;6.454903;997.83;144.9;8;2265;3185;79.28;91.53;;;
45.2104;6.454683;999.24;152.4;8;2266;3184;79.3;91.51;;;
45.210172;6.454558;1002.54;-54.8;8;2269;3181;79.34;91.47;;;
45.210072;6.454769;1003.89;-34.1;8;2271;3179;79.36;91.45;;;
45.209947;6.454953;1005.33;-49.8;8;2273;3177;79.38;91.43;;;
45.209656;6.455244;1008.79;-47.4;8;2276;3174;79.42;91.39;;;
45.209567;6.455464;1010.38;-23.6;8;2278;3172;79.44;91.37;;;
45.209503;6.455961;1014.08;-12.5;8;2281;3169;79.48;91.33;;;
45.209381;6.456128;1015.75;-63.7;8;2283;3167;79.5;91.31;;;
45.209203;6.456111;1017.23;-99;8;2284;3166;79.52;91.29;;;
45.208894;6.455892;1020.41;-141.5;8;2287;3163;79.56;91.25;;;
45.208819;6.455664;1022.14;-157.6;8;2289;3161;79.58;91.23;;;
45.208664;6.455203;1024.94;-148.3;8;2292;3158;79.62;91.19;;;
45.208572;6.454986;1026.49;-149.4;8;2294;3156;79.64;91.17;;;
45.208464;6.454781;1028.31;-142.6;8;2295;3155;79.66;91.15;;;
45.208256;6.454369;1031.51;-145.4;8;2299;3151;79.7;91.11;;;
45.20815;6.454161;1033.21;-143.9;8;2300;3150;79.72;91.09;;;
45.207825;6.453556;1037.82;-134.1;8;2305;3145;79.78;91.03;;;
45.207664;6.453447;1039.28;-111.7;8;2306;3144;79.8;91.01;;;
45.207308;6.453369;1042.45;-95.4;8;2309;3141;79.84;90.97;;;
45.207128;6.453378;1043.84;-86;8;2311;3139;79.86;90.95;;;
45.20695;6.453403;1045.4;-83.7;8;2312;3138;79.88;90.93;;;
45.206592;6.453436;1048.91;-88.6;8;2316;3134;79.92;90.89;;;
45.206411;6.453422;1050.55;-97.7;8;2317;3133;79.94;90.87;;;
45.206058;6.453319;1053.63;-103.8;8;2321;3129;79.98;90.83;;;
45.205883;6.453261;1055.28;-103.8;8;2322;3128;80;90.81;;;
45.205706;6.453222;1056.82;-96.2;8;2324;3126;80.02;90.79;;;
45.205347;6.453189;1060.17;-91.3;8;2327;3123;80.06;90.75;;;
45.205167;6.453189;1061.7;-90;8;2329;3121;80.08;90.73;;;
45.204808;6.453186;1065.01;-90;8;2332;3118;80.12;90.69;;;
45.204628;6.453183;1066.57;-90;8;2334;3116;80.14;90.67;;;
45.204447;6.453181;1068.25;-90.9;7;2335;3115;80.16;90.65;;;
45.204089;6.453203;1071.37;-80.1;7;2338;3112;80.2;90.61;;;
45.203917;6.453264;1072.9;-74.9;7;2340;3110;80.22;90.59;;;
45.203681;6.453922;1076.42;-12.2;7;2344;3106;80.28;90.53;;;
45.203628;6.454167;1078.09;-19.5;7;2345;3105;80.3;90.51;;;
45.203456;6.454608;1081.22;-34.1;7;2348;3102;80.34;90.47;;;
45.203336;6.4548;1082.51;-44.6;7;2350;3100;80.36;90.45;;;
45.203192;6.454947;1084.28;-60.8;7;2352;3098;80.38;90.43;;;
45.202864;6.455156;1087.33;-61.4;7;2354;3096;80.42;90.39;;;
45.202717;6.455303;1089.02;-55.9;7;2356;3094;80.44;90.37;;;
45.202408;6.455536;1091.9;-82.3;7;2359;3091;80.48;90.33;;;
45.202292;6.455372;1092.81;-153.5;7;2360;3090;80.5;90.31;;;
45.202372;6.455156;1093.45;139.7;7;2361;3089;80.52;90.29;;;
45.202636;6.454811;1096.05;134.4;6;2363;3087;80.56;90.25;;;
45.202769;6.454639;1097.06;130.3;6;2364;3086;80.58;90.23;;;
45.203053;6.454325;1098.7;129.2;6;2366;3084;80.62;90.19;;;
45.203081;6.454092;1100.04;-171.4;6;2367;3083;80.64;90.17;;;
45.202922;6.454017;1101.54;-90.9;6;2368;3082;80.66;90.15;;;
45.202667;6.454369;1103.41;-41.7;7;2370;3080;80.7;90.11;;;
45.202528;6.454531;1104.5;-50.4;7;2372;3078;80.72;90.09;;;
45.202039;6.454781;1108.87;-90;7;2376;3074;80.78;90.03;;;
45.201872;6.454861;1110.23;-60;8;2378;3072;80.8;90.01;;;
45.201817;6.455342;1113.48;9;8;2381;3069;80.84;89.97;;;
45.201869;6.455583;1114.85;19.7;8;2383;3067;80.86;89.95;;;
45.201944;6.455814;1117.16;27;8;2385;3065;80.88;89.93;;;
45.201992;6.456269;1121.2;-30;8;2388;3062;80.92;89.89;;;
45.201831;6.456381;1122.22;-71;8;2389;3061;80.94;89.87;;;
45.201472;6.456389;1125.78;-92.2;8;2392;3058;80.98;89.83;;;
45.201303;6.456447;1126.39;-65;8;2394;3056;81;89.81;;;
45.201231;6.456667;1127.69;-10.5;8;2395;3055;81.02;89.79;;;
45.201428;6.457072;1132.37;45.6;8;2399;3051;81.06;89.75;;;
45.201564;6.457239;1133.92;48.9;8;2401;3049;81.08;89.73;;;
45.201853;6.457536;1137.04;60;7;2404;3046;81.12;89.69;;;
45.202011;6.457661;1138.37;60;7;2405;3045;81.14;89.67;;;
45.202161;6.4578;1139.54;54.8;7;2407;3043;81.16;89.65;;;
45.202372;6.458211;1142.49;29.4;6;2409;3041;81.2;89.61;;;
45.202456;6.458436;1143.96;27.6;6;2411;3039;81.22;89.59;;;
45.202772;6.45905;1147.57;40.3;6;2415;3035;81.28;89.53;;;
45.202892;6.459239;1149.01;41.4;7;2416;3034;81.3;89.51;;;
45.203097;6.459656;1151.36;27.5;7;2419;3031;81.34;89.47;;;
45.203161;6.459892;1152.95;18.3;7;2420;3030;81.36;89.45;;;
45.203183;6.460144;1154.59;1.3;7;2422;3028;81.38;89.43;;;
45.203194;6.460653;1158.03;3.2;8;2425;3025;81.42;89.39;;;
45.203261;6.460889;1159.62;21.8;8;2427;3023;81.44;89.37;;;
45.203433;6.461333;1162.63;23.8;8;2430;3020;81.48;89.33;;;
45.203464;6.461583;1164.07;5.2;7;2431;3019;81.5;89.31;;;
45.203469;6.461839;1165.81;0;7;2433;3017;81.52;89.29;;;
45.203519;6.462342;1169.39;8.4;7;2437;3013;81.56;89.25;;;
45.203536;6.462594;1171.14;5.2;7;2439;3011;81.58;89.23;;;
45.203486;6.463086;1174.34;-24.1;6;2441;3009;81.62;89.19;;;
45.203342;6.463233;1175.5;-59.6;6;2442;3008;81.64;89.17;;;
45.203172;6.463319;1176.81;-72.7;6;2444;3006;81.66;89.15;;;
45.202844;6.463531;1178.95;-62.8;6;2446;3004;81.7;89.11;;;
45.202703;6.463686;1179.53;-50.8;6;2446;3004;81.72;89.09;;;
45.202364;6.464281;1181.46;-38;7;2448;3002;81.78;89.03;;;
45.202253;6.464481;1182.16;-38;7;2449;3001;81.8;89.01;;;
45.202033;6.464883;1185.34;-37;7;2452;2998;81.84;88.97;;;
45.201933;6.465094;1186.58;-34.1;7;2454;2996;81.86;88.95;;;
45.201861;6.465328;1188.05;-21.8;7;2455;2995;81.88;88.93;;;
45.201767;6.465819;1192.13;-10.3;8;2459;2991;81.92;88.89;;;
45.201739;6.466069;1194.7;-7.1;8;2461;2989;81.94;88.87;;;
45.201703;6.466317;1196.62;-16.5;8;2463;2987;81.96;88.85;;;
45.201614;6.466539;1198.86;-33.8;8;2466;2984;81.98;88.83;;;
45.2015;6.466736;1200.3;-40.3;9;2468;2982;82;88.81;;;
45.201375;6.466917;1202.33;-45.6;9;2469;2981;82.02;88.79;;;
45.201236;6.467078;1204.15;-50.8;9;2471;2979;82.04;88.77;;;
45.201094;6.467233;1206.22;-52.2;9;2473;2977;82.06;88.75;;;
45.200944;6.467378;1207.72;-56.7;8;2475;2975;82.08;88.73;;;
45.200783;6.467483;1209.52;-69.7;8;2477;2973;82.1;88.71;;;
45.200606;6.467522;1211.14;-86.3;8;2478;2972;82.12;88.69;;;
45.200428;6.467547;1212.92;-82.8;8;2480;2970;82.14;88.67;;;
45.20025;6.467583;1214.5;-81.4;7;2481;2969;82.16;88.65;;;
45.200075;6.467653;1215.62;-74.4;7;2482;2968;82.18;88.63;;;
45.199903;6.467728;1216.78;-73.6;7;2484;2966;82.2;88.61;;;
45.199731;6.467803;1217.76;-73.6;6;2485;2965;82.22;88.59;;;
45.199561;6.467883;1218.59;-69.5;6;2486;2964;82.24;88.57;;;
45.199406;6.468006;1219.78;-54.5;6;2487;2963;82.26;88.55;;;
45.199247;6.468128;1221.38;-64;6;2489;2961;82.28;88.53;;;
45.199072;6.468186;1222.73;-82.3;6;2490;2960;82.3;88.51;;;
45.1989;6.468133;1224.1;-108.3;6;2491;2959;82.32;88.49;;;
45.198725;6.468067;1225.75;-103.4;7;2493;2957;82.34;88.47;;;
45.198547;6.46805;1227.39;-87.3;7;2495;2955;82.36;88.45;;;
45.198383;6.468142;1228.85;-61.9;7;2496;2954;82.38;88.43;;;
45.198253;6.468317;1230.35;-42.3;7;2497;2953;82.4;88.41;;;
45.198144;6.468519;1231.4;-37.9;7;2499;2951;82.42;88.39;;;
45.198047;6.468733;1232.98;-31.7;7;2500;2950;82.44;88.37;;;
45.197964;6.468958;1234.26;-23.8;7;2501;2949;82.46;88.35;;;
45.197919;6.469203;1235.48;-9;7;2503;2947;82.48;88.33;;;
45.1979;6.469456;1236.9;-10.9;7;2504;2946;82.5;88.31;;;
45.197756;6.469556;1237.84;-84.4;7;2505;2945;82.52;88.29;;;
45.197678;6.469361;1239.21;-174.7;7;2506;2944;82.54;88.27;;;
45.197736;6.469119;1240.64;160.5;7;2508;2942;82.56;88.25;;;
45.1978;6.468883;1241.64;159.4;7;2509;2941;82.58;88.23;;;
45.197869;6.468647;1242.88;156.4;7;2510;2940;82.6;88.21;;;
45.197947;6.468417;1244.23;150.6;7;2512;2938;82.62;88.19;;;
45.198042;6.468203;1245.78;147.8;7;2513;2937;82.64;88.17;;;
45.198139;6.467989;1247.4;146;7;2515;2935;82.66;88.15;;;
45.198242;6.467778;1248.84;144.4;7;2516;2934;82.68;88.13;;;
45.198353;6.467581;1250.6;141.5;7;2518;2932;82.7;88.11;;;
45.1985;6.467433;1251.69;121.2;7;2519;2931;82.72;88.09;;;
45.198669;6.46735;1253.02;105.1;7;2521;2929;82.74;88.07;;;
45.198844;6.4673;1254.47;100;6;2522;2928;82.76;88.05;;;
45.199022;6.467261;1256.01;99;6;2523;2927;82.78;88.03;;;
45.1992;6.467228;1257.35;97.2;6;2524;2926;82.8;88.01;;;
45.199381;6.4672;1258.41;96.3;6;2525;2925;82.82;87.99;;;
45.199517;6.467058;1259.76;142.5;6;2526;2924;82.84;87.97;;;
45.199425;6.466869;1260.34;-125.6;6;2527;2923;82.86;87.95;;;
45.19925;6.466903;1260.75;-75.7;6;2528;2922;82.88;87.93;;;
45.199078;6.466978;1261.76;-74.4;6;2529;2921;82.9;87.91;;;
45.1989;6.467008;1263.22;-85;6;2531;2919;82.92;87.89;;;
45.198719;6.466994;1264.6;-93.9;7;2532;2918;82.94;87.87;;;
45.198539;6.466989;1266.14;-90;7;2534;2916;82.96;87.85;;;
45.198367;6.467056;1267.87;-72.3;7;2535;2915;82.98;87.83;;;
45.198203;6.467161;1269.61;-60;7;2537;2913;83;87.81;;;
45.198053;6.467297;1271.17;-54.8;7;2538;2912;83.02;87.79;;;
45.197914;6.467458;1272.4;-50.8;7;2540;2910;83.04;87.77;42;;
45.197789;6.467642;1273.86;-43.3;7;2541;2909;83.06;87.75;;;
45.197661;6.467822;1275.13;-45.6;7;2542;2908;83.08;87.73;;;
45.197536;6.468006;1276.52;-44.6;7;2544;2906;83.1;87.71;;;
45.197406;6.468181;1277.96;-47.1;7;2545;2905;83.12;87.69;;;
45.197247;6.4683;1279.42;-66;7;2547;2903;83.14;87.67;;;
45.197072;6.468342;1280.91;-85.9;7;2549;2901;83.16;87.65;;;
45.196892;6.468347;1282.86;-88.7;7;2550;2900;83.18;87.63;;;
45.196714;6.468364;1284.46;-85;7;2552;2898;83.2;87.61;;;
45.196539;6.468422;1286.1;-74.9;7;2553;2897;83.22;87.59;;;
45.196369;6.468511;1287.83;-68.5;7;2554;2896;83.24;87.57;;;
45.196211;6.468631;1289.07;-58.8;7;2556;2894;83.26;87.55;;;
45.19605;6.468733;1290.23;-71.7;7;2557;2893;83.28;87.53;;;
45.195914;6.468614;1291.36;-143.8;7;2558;2892;83.3;87.51;;;
45.195986;6.468403;1292.27;133.4;7;2559;2891;83.32;87.49;;;
45.196164;6.468372;1293.39;96.3;7;2560;2890;83.34;87.47;;;
45.196331;6.468286;1294.59;118;6;2561;2889;83.36;87.45;;;
45.196472;6.468133;1294.9;129.6;6;2562;2888;83.38;87.43;;;
45.196614;6.467975;1295.92;128.1;6;2563;2887;83.4;87.41;;;
45.196756;6.467817;1296.78;126.6;6;2564;2886;83.42;87.39;;;
45.196886;6.467642;1298.37;134.4;6;2565;2885;83.44;87.37;;;
45.197003;6.46745;1298.96;139.2;6;2566;2884;83.46;87.35;;;
45.197133;6.467275;1299.84;133.4;6;2567;2883;83.48;87.33;;;
45.197244;6.467078;1301.32;148.3;6;2569;2881;83.5;87.31;;;
45.197172;6.466889;1303.04;-127.1;6;2570;2880;83.52;87.29;;;
45.197022;6.467;1305.07;-47.6;6;2572;2878;83.54;87.27;;;
45.196906;6.467194;1305.91;-41.2;5;2573;2877;83.56;87.25;;;
45.196767;6.467356;1307.26;-51.5;5;2574;2876;83.58;87.23;;;
45.196614;6.467492;1308.66;-57.8;5;2576;2874;83.6;87.21;;;
45.19645;6.4676;1309.56;-67;5;2576;2874;83.62;87.19;;;
45.196283;6.467697;1310.05;-67.2;5;2577;2873;83.64;87.17;;;
45.196119;6.467794;1310.82;-67.2;5;2578;2872;83.66;87.15;;;
45.195953;6.467892;1311.59;-67.8;5;2579;2871;83.68;87.13;;;
45.195797;6.468022;1312.92;-55.9;6;2580;2870;83.7;87.11;;;
45.195658;6.468183;1314.26;-50.1;6;2582;2868;83.72;87.09;;;
45.195519;6.468342;1315.91;-54.1;6;2583;2867;83.74;87.07;;;
45.195364;6.468472;1317.04;-62.9;6;2584;2866;83.76;87.05;;;
45.195203;6.468586;1318.56;-62.9;6;2586;2864;83.78;87.03;;;
45.195044;6.468706;1319.98;-60.7;7;2587;2863;83.8;87.01;;;
45.1949;6.468858;1321.28;-53.7;7;2589;2861;83.82;86.99;;;
45.194744;6.468981;1323.03;-68.1;7;2590;2860;83.84;86.97;;;
45.194575;6.468925;1324.52;-113;7;2591;2859;83.86;86.95;;;
45.194431;6.468772;1325.59;-128.4;7;2593;2857;83.88;86.93;;;
45.1943;6.4686;1326.81;-134.4;7;2594;2856;83.9;86.91;;;
45.194158;6.468439;1327.96;-127.7;7;2595;2855;83.92;86.89;;;
45.194003;6.468314;1329.24;-117.1;7;2596;2854;83.94;86.87;;;
45.193833;6.468233;1330.42;-105.6;6;2597;2853;83.96;86.85;;;
45.193656;6.468211;1331.41;-91.4;6;2599;2851;83.98;86.83;;;
45.193481;6.468269;1332.48;-73.6;6;2600;2850;84;86.81;;;
45.193311;6.468253;1334.07;-111.8;6;2601;2849;84.02;86.79;;;
45.193333;6.468042;1335.14;146.3;6;2602;2848;84.04;86.77;;;
45.193508;6.468;1335.72;91.4;6;2603;2847;84.06;86.75;;;
45.193689;6.468;1336.72;90;6;2604;2846;84.08;86.73;;;
45.193869;6.467994;1337.93;91.4;6;2605;2845;84.1;86.71;43;;
45.19405;6.467986;1339.41;92.6;6;2606;2844;84.12;86.69;;;
45.194228;6.467981;1340.52;90.9;6;2608;2842;84.14;86.67;;;
45.194408;6.467967;1342.16;96.3;5;2609;2841;84.16;86.65;;;
45.194575;6.467881;1343.1;114.3;5;2610;2840;84.18;86.63;;;
45.194736;6.467767;1344.27;117.1;5;2611;2839;84.2;86.61;;;
45.1949;6.467656;1345.14;115;5;2612;2838;84.22;86.59;;;
45.195072;6.467589;1346.1;105.1;5;2613;2837;84.24;86.57;;;
45.195247;6.467525;1346.9;106.4;5;2614;2836;84.26;86.55;;;
45.195372;6.467353;1347.87;146;5;2615;2835;84.28;86.53;;;
45.195436;6.467114;1349.04;160.3;6;2616;2834;84.3;86.51;;;
45.195544;6.466917;1349.7;135.8;6;2617;2833;84.32;86.49;;;
45.195708;6.466806;1350.73;113.8;6;2618;2832;84.34;86.47;;;
45.195878;6.466725;1351.84;109;6;2619;2831;84.36;86.45;;;
45.196047;6.466642;1352.99;109.2;6;2620;2830;84.38;86.43;;;
45.196214;6.466542;1354.13;115.6;7;2621;2829;84.4;86.41;;;
45.196367;6.466411;1355.12;123.3;7;2623;2827;84.42;86.39;;;
45.196511;6.466261;1356.62;128.5;7;2624;2826;84.44;86.37;;;
45.196636;6.466078;1357.8;139.7;7;2625;2825;84.46;86.35;;;
45.196703;6.465844;1359.17;161.7;7;2627;2823;84.48;86.33;;;
45.196742;6.465594;1360.63;169.1;7;2628;2822;84.5;86.31;;;
45.196772;6.465344;1362.01;171;7;2629;2821;84.52;86.29;;;
45.196803;6.465094;1363.98;171;7;2631;2819;84.54;86.27;;;
45.196839;6.464844;1365.07;167.2;7;2632;2818;84.56;86.25;;;
45.196939;6.464633;1366.72;141.5;7;2634;2816;84.58;86.23;;;
45.197086;6.464486;1367.92;121.2;7;2635;2815;84.6;86.21;;;
45.197253;6.4644;1369.36;107.7;7;2637;2813;84.62;86.19;;;
45.197425;6.464331;1370.99;105.1;7;2638;2812;84.64;86.17;;;
45.1976;6.464269;1372.6;104.3;7;2640;2810;84.66;86.15;;;
45.197781;6.46425;1374.22;92.7;7;2641;2809;84.68;86.13;;;
45.197958;6.464272;1375.4;82.8;7;2643;2807;84.7;86.11;;;
45.198139;6.464278;1376.29;92.3;7;2644;2806;84.72;86.09;;;
45.198278;6.464133;1377.87;138.6;7;2645;2805;84.74;86.07;;;
45.198375;6.463917;1379.12;150.6;6;2646;2804;84.76;86.05;;;
45.198461;6.463694;1380.75;152;6;2648;2802;84.78;86.03;;;
45.19855;6.463472;1381.6;150.6;6;2649;2801;84.8;86.01;;;
45.198617;6.463236;1382.59;158.1;6;2650;2800;84.82;85.99;;;
45.198683;6.463;1384.47;158.5;6;2651;2799;84.84;85.97;;;
45.198761;6.462769;1385.87;152.4;6;2652;2798;84.86;85.95;;;
45.198853;6.462553;1386.54;145.4;6;2653;2797;84.88;85.93;;;
45.198958;6.462344;1387.32;142.8;6;2655;2795;84.9;85.91;;;
45.199072;6.462147;1388.74;140.5;6;2656;2794;84.92;85.89;;;
45.199203;6.461978;1390.32;128.8;7;2658;2792;84.94;85.87;;;
45.199339;6.461814;1391.85;137.4;7;2660;2790;84.96;85.85;;;
45.199353;6.461572;1393.65;-172.7;7;2661;2789;84.98;85.83;;;
45.199294;6.461331;1395.22;-157.9;7;2663;2787;85;85.81;;;
45.199228;6.461094;1396.35;-158.7;7;2664;2786;85.02;85.79;;;
45.199161;6.460858;1397.92;-158.2;7;2665;2785;85.04;85.77;;;
45.199086;6.460628;1399;-154.1;7;2667;2783;85.06;85.75;;;
45.198994;6.460408;1400.55;-146.2;7;2668;2782;85.08;85.73;;;
45.198869;6.460225;1402.32;-133.1;6;2670;2780;85.1;85.71;;;
45.198733;6.460064;1403.4;-128.1;6;2671;2779;85.12;85.69;;;
45.198592;6.459906;1404.6;-128.2;6;2672;2778;85.14;85.67;;;
45.198442;6.459761;1405.64;-122.6;6;2673;2777;85.16;85.65;;;
45.198289;6.459631;1406.6;-119.6;6;2674;2776;85.18;85.63;;;
45.198133;6.4595;1407.49;-120;5;2675;2775;85.2;85.61;;;
45.197978;6.459372;1407.96;-118.2;5;2676;2774;85.22;85.59;;;
45.197822;6.459247;1408.9;-120;5;2676;2774;85.24;85.57;;;
45.197658;6.459144;1409.88;-110.7;5;2677;2773;85.26;85.55;;;
45.197478;6.459131;1410.84;-90;6;2678;2772;85.28;85.53;;;
45.1973;6.459122;1411.85;-92.7;6;2679;2771;85.3;85.51;;;
45.197119;6.459106;1412.99;-95.9;6;2681;2769;85.32;85.49;;;
45.196939;6.459081;1413.99;-95.7;7;2682;2768;85.34;85.47;;;
45.196761;6.459044;1415.76;-100.3;7;2684;2766;85.36;85.45;;;
45.196586;6.458992;1417.7;-102.1;7;2685;2765;85.38;85.43;;;
45.196417;6.458911;1419.49;-109.6;7;2687;2763;85.4;85.41;;;
45.19625;6.458811;1421.39;-114.2;8;2689;2761;85.42;85.39;;;
45.196097;6.458681;1422.46;-124.1;8;2690;2760;85.44;85.37;;;
45.195967;6.458506;1424.05;-135.1;8;2692;2758;85.46;85.35;;;
45.195836;6.458331;1426.24;-128.8;8;2693;2757;85.48;85.33;;;
45.195667;6.458269;1427.57;-95.4;8;2695;2755;85.5;85.31;;;
45.195486;6.458261;1428.95;-93.5;8;2696;2754;85.52;85.29;;;
45.195311;6.458214;1430.08;-101.6;8;2698;2752;85.54;85.27;;;
45.195131;6.458181;1431.67;-95.7;7;2699;2751;85.56;85.25;;;
45.194953;6.458181;1433.04;-90;7;2701;2749;85.58;85.23;;;
45.194772;6.458167;1434.79;-95;7;2702;2748;85.6;85.21;;;
45.194639;6.458022;1435.78;-142.2;7;2704;2746;85.62;85.19;;;
45.194647;6.457778;1437.29;163.8;7;2705;2745;85.64;85.17;;;
45.194697;6.457533;1438.86;163.9;7;2706;2744;85.66;85.15;;;
45.19475;6.457289;1438.64;166;7;2708;2742;85.68;85.13;;;
45.194769;6.457039;1441.5;178.7;7;2709;2741;85.7;85.11;;;
45.194733;6.456792;1443.49;-163.4;7;2710;2740;85.72;85.09;;;
45.194656;6.456561;1444.7;-149;7;2711;2739;85.74;85.07;;;
45.194558;6.456347;1445.12;-146.9;6;2713;2737;85.76;85.05;;;
45.194478;6.456125;1446.39;-160;6;2714;2736;85.78;85.03;;;
45.194489;6.455875;1447.68;171;6;2715;2735;85.8;85.01;;;
45.194542;6.455631;1448.37;162;6;2716;2734;85.82;84.99;;;
45.194556;6.455378;1450.18;180;6;2717;2733;85.84;84.97;;;
45.194522;6.455131;1451.65;-165.6;6;2719;2731;85.86;84.95;;;
45.194469;6.454886;1452.49;-161.7;6;2720;2730;85.88;84.93;;;
45.194408;6.454647;1453.59;-159.9;6;2721;2729;85.9;84.91;;;
45.194314;6.454431;1455.96;-146;6;2723;2727;85.92;84.89;;;
45.194194;6.454242;1456.53;-135.1;7;2724;2726;85.94;84.87;;;
45.194069;6.454058;1457.78;-135.4;7;2726;2724;85.96;84.85;;;
45.193958;6.453858;1459.3;-143.9;7;2727;2723;85.98;84.83;;;
45.193875;6.453633;1461.22;-152.4;7;2729;2721;86;84.81;;;
45.193814;6.453394;1461.87;-160.5;7;2730;2720;86.02;84.79;;;
45.193711;6.453189;1463.9;-140.7;7;2731;2719;86.04;84.77;;;
45.193592;6.452997;1463.91;-139.7;7;2732;2718;86.06;84.75;;;
45.193525;6.452764;1465.41;-161.2;7;2733;2717;86.08;84.73;;;
45.193503;6.452511;1467.22;-176.8;7;2735;2715;86.1;84.71;;;
45.193533;6.452261;1468.3;167.8;7;2736;2714;86.12;84.69;;;
45.193578;6.452014;1469.74;166;7;2737;2713;86.14;84.67;;;
45.193639;6.451775;1470.95;158.5;7;2739;2711;86.16;84.65;;;
45.193717;6.451547;1472.52;154.1;7;2740;2710;86.18;84.63;;;
45.193814;6.451333;1474.01;146.2;7;2741;2709;86.2;84.61;;;
45.193922;6.451128;1475.3;143.9;7;2743;2707;86.22;84.59;;;
45.194028;6.450922;1476.92;143.9;7;2744;2706;86.24;84.57;;;
45.194136;6.450719;1478.51;142;7;2746;2704;86.26;84.55;;;
45.194244;6.450514;1480.15;142.8;7;2747;2703;86.28;84.53;;;
45.194353;6.450314;1481.53;141.5;7;2749;2701;86.3;84.51;;;
45.194461;6.450111;1483.06;143.1;7;2750;2700;86.32;84.49;;;
45.194569;6.449908;1484.38;143.6;7;2752;2698;86.34;84.47;;;
45.194681;6.449706;1485.63;141.5;7;2753;2697;86.36;84.45;;;
45.194786;6.4495;1487.22;143.9;7;2755;2695;86.38;84.43;;;
45.194892;6.449294;1488.99;145.4;7;2756;2694;86.4;84.41;;;
45.194967;6.449064;1490.54;157.6;7;2758;2692;86.42;84.39;;;
45.195008;6.448819;1491.98;171;7;2759;2691;86.44;84.37;;;
45.195019;6.448564;1493.3;180;7;2761;2689;86.46;84.35;;;
45.195003;6.448311;1495.03;-173;7;2762;2688;86.48;84.33;;;
45.195008;6.448058;1496.12;176.8;7;2764;2686;86.5;84.31;;;
45.195047;6.447811;1497.74;163.8;7;2765;2685;86.52;84.29;;;
45.195142;6.447594;1499.34;146.2;7;2767;2683;86.54;84.27;;;
45.195258;6.447403;1500.82;136.4;7;2768;2682;86.56;84.25;;;
45.195397;6.447242;1502.48;126.3;7;2770;2680;86.58;84.23;;;
45.195558;6.447125;1503.77;116.3;7;2771;2679;86.6;84.21;;;
45.195722;6.447019;1504.56;117.5;7;2772;2678;86.62;84.19;;;
45.195872;6.446886;1505.86;123.3;7;2774;2676;86.64;84.17;;;
45.195997;6.4467;1507.33;139.7;7;2775;2675;86.66;84.15;;;
45.196111;6.446503;1508.33;142;7;2776;2674;86.68;84.13;;;
45.196225;6.446306;1509.94;139.7;7;2778;2672;86.7;84.11;;;
45.196364;6.44615;1511.26;120;7;2779;2671;86.72;84.09;;;
45.196525;6.446036;1512.83;114.2;8;2781;2669;86.74;84.07;;;
45.196692;6.445939;1514.71;111.5;8;2783;2667;86.76;84.05;;;
45.196856;6.445839;1517.18;113.5;8;2785;2665;86.78;84.03;;;
45.197031;6.445775;1518.64;102.5;8;2786;2664;86.8;84.01;;;
45.197211;6.445769;1520.12;90;8;2788;2662;86.82;83.99;;;
45.197389;6.445775;1521.53;87.3;8;2789;2661;86.84;83.97;;;
45.197569;6.445789;1522.8;88.6;8;2790;2660;86.86;83.95;;;
45.19775;6.445775;1524.22;93.5;8;2792;2658;86.88;83.93;;;
45.197925;6.445733;1525.6;102.9;8;2793;2657;86.9;83.91;;;
45.1981;6.445675;1527.07;104.3;8;2795;2655;86.92;83.89;;;
45.198275;6.445617;1528.38;102.5;8;2796;2654;86.94;83.87;;;
45.198453;6.445567;1529.89;99.9;7;2797;2653;86.96;83.85;;;
45.198631;6.445572;1531.4;85;7;2799;2651;86.98;83.83;;;
45.1988;6.445656;1532.72;66.5;7;2800;2650;87;83.81;;;
45.198964;6.445758;1534.24;66.5;7;2802;2648;87.02;83.79;;;
45.199131;6.445861;1535.8;67.2;7;2803;2647;87.04;83.77;;;
45.199297;6.445956;1536.98;69.1;7;2805;2645;87.06;83.75;;;
45.199472;6.445989;1539.03;90;7;2807;2643;87.08;83.73;;;
45.199608;6.445831;1540.63;137.4;6;2808;2642;87.1;83.71;;;
45.1997;6.445614;1541.69;150;6;2809;2641;87.12;83.69;;;
45.199792;6.445392;1543.05;148.5;6;2811;2639;87.14;83.67;;;
45.199911;6.445208;1544.55;130.4;6;2812;2638;87.16;83.65;;;
45.200083;6.445156;1545.81;92.3;6;2813;2637;87.18;83.63;;;
45.200258;6.445197;1546.87;78.4;5;2814;2636;87.2;83.61;;;
45.200436;6.445247;1547.18;78.8;5;2815;2635;87.22;83.59;;;
45.200608;6.445317;1547.86;69.1;5;2816;2634;87.24;83.57;;;
45.200764;6.445444;1548.68;57;5;2816;2634;87.26;83.55;;;
45.200914;6.445581;1549.47;60;5;2817;2633;87.28;83.53;;;
45.201086;6.445583;1550.84;102.9;5;2818;2632;87.3;83.51;;;
45.201228;6.445428;1552.31;129.9;5;2820;2630;87.32;83.49;;;
45.201381;6.445308;1553.96;110.7;6;2821;2629;87.34;83.47;;;
45.201558;6.445325;1555.31;81.4;6;2823;2627;87.36;83.45;;;
45.201739;6.445347;1556.77;87.8;6;2824;2626;87.38;83.43;;;
45.201914;6.445311;1558.42;104.3;6;2826;2624;87.4;83.41;;;
45.202078;6.445203;1560.2;116.8;6;2828;2622;87.42;83.39;;;
45.202236;6.445086;1562.29;117.7;6;2829;2621;87.44;83.37;;;
45.202397;6.444969;1564.37;117.5;5;2831;2619;87.46;83.35;;;
45.202556;6.44485;1565.89;117.7;4;2833;2617;87.48;83.33;;;
45.202681;6.444678;1566.72;145.4;3;2834;2616;87.5;83.31;;;
45.20265;6.444439;1566.73;-154.1;2;2834;2616;87.52;83.29;44;summit;1
45.202503;6.444292;1566.61;-123;1;2834;2616;87.54;83.27;;;
45.202342;6.444189;1566.54;-109.6;0;2834;2616;87.56;83.25;;;
45.202167;6.444125;1566.26;-104.3;-1;2834;2616;87.58;83.23;;;
45.201992;6.444069;1566.13;-102.9;-2;2834;2616;87.6;83.21;;;
45.201817;6.444008;1565.94;-104.3;-3;2834;2616;87.62;83.19;;;
45.201647;6.443925;1565.49;-109.4;-4;2834;2616;87.64;83.17;;;
45.201472;6.443864;1564.58;-99.9;-5;2834;2616;87.66;83.15;;;
45.201297;6.443911;1563.24;-71;-5;2834;2616;87.68;83.13;;;
45.201128;6.443983;1561.63;-82.8;-6;2834;2616;87.7;83.11;;;
45.20095;6.443961;1560.35;-101.2;-6;2834;2616;87.72;83.09;;;
45.200781;6.443875;1558.64;-109;-7;2834;2616;87.74;83.07;;;
45.200611;6.443792;1557.26;-109.2;-6;2834;2616;87.76;83.05;;;
45.200442;6.443708;1556.11;-109.6;-5;2834;2616;87.78;83.03;;;
45.200269;6.443628;1555.19;-107.5;-3;2834;2616;87.8;83.01;;;
45.200097;6.443556;1554.49;-106.4;-2;2834;2616;87.82;82.99;;;
45.199925;6.443483;1554.15;-106.4;-1;2834;2616;87.84;82.97;;;
45.199753;6.443411;1553.99;-106.4;0;2834;2616;87.86;82.95;;;
45.199581;6.443339;1553.98;-106.4;1;2834;2616;87.88;82.93;;;
45.199408;6.443267;1554.61;-106.4;1;2834;2616;87.9;82.91;;;
45.199239;6.443181;1554.96;-110.5;2;2834;2616;87.92;82.89;;;
45.199069;6.443092;1555.66;-110.3;3;2835;2615;87.94;82.87;;;
45.1989;6.443003;1556.32;-109.8;3;2836;2614;87.96;82.85;;;
45.198731;6.442914;1556.98;-109.8;3;2836;2614;87.98;82.83;;;
45.198564;6.442825;1557.77;-110.5;3;2837;2613;88;82.81;;;
45.198394;6.442739;1558.44;-109.4;3;2838;2612;88.02;82.79;;;
45.198225;6.442656;1558.96;-109.2;3;2838;2612;88.04;82.77;;;
45.198047;6.4426;1559.49;-102.5;2;2839;2611;88.06;82.75;;;
45.197869;6.442581;1560.38;-95;1;2839;2611;88.08;82.73;;;
45.197689;6.442581;1560.73;-90;0;2840;2610;88.1;82.71;;;
45.197508;6.442569;1560.56;-92.6;-1;2840;2610;88.12;82.69;;;
45.197333;6.442517;1560.08;-102.1;-2;2840;2610;88.14;82.67;;;
45.197158;6.442464;1559.65;-102.9;-2;2840;2610;88.16;82.65;;;
45.196981;6.442417;1559.32;-100;-2;2840;2610;88.18;82.63;;;
45.196803;6.442392;1558.84;-95;-2;2840;2610;88.2;82.61;;;
45.196622;6.442403;1558.56;-87.3;-2;2840;2610;88.22;82.59;;;
45.196442;6.442417;1558.2;-87.3;-2;2840;2610;88.24;82.57;;;
45.196261;6.442408;1557.64;-93.9;-2;2840;2610;88.26;82.55;;;
45.196083;6.442383;1557.26;-97.7;-2;2840;2610;88.28;82.53;;;
45.195906;6.442344;1556.65;-100.4;-2;2840;2610;88.3;82.51;;;
45.195731;6.442281;1556.34;-103.5;-2;2840;2610;88.32;82.49;;;
45.195564;6.442194;1555.83;-112.2;-2;2840;2610;88.34;82.47;;;
45.195394;6.4421;1555.38;-110.8;-2;2840;2610;88.36;82.45;;;
45.195228;6.442006;1554.91;-111.8;-2;2840;2610;88.38;82.43;;;
45.195058;6.441922;1554.36;-106.4;-3;2840;2610;88.4;82.41;;;
45.194881;6.441883;1553.94;-95;-3;2840;2610;88.42;82.39;;;
45.1947;6.441878;1553.3;-90;-3;2840;2610;88.44;82.37;;;
45.194522;6.441875;1552.76;-90;-3;2840;2610;88.46;82.35;;;
45.194342;6.441872;1552.31;-90;-3;2840;2610;88.48;82.33;;;
45.194161;6.441864;1551.93;-92.2;-2;2840;2610;88.5;82.31;;;
45.193983;6.441833;1551.55;-99;-2;2840;2610;88.52;82.29;;;
45.193808;6.441778;1551.16;-103.8;-2;2840;2610;88.54;82.27;;;
45.193636;6.441703;1550.67;-106.4;-2;2840;2610;88.56;82.25;;;
45.193464;6.441622;1550.17;-107.7;-2;2840;2610;88.58;82.23;;;
45.193294;6.441542;1549.62;-108.4;-2;2840;2610;88.6;82.21;;;
45.193128;6.441444;1549.25;-113;-2;2840;2610;88.62;82.19;;;
45.192972;6.441319;1548.89;-120;-2;2840;2610;88.64;82.17;;;
45.192828;6.441167;1548.57;-127;-2;2840;2610;88.66;82.15;;;
45.192692;6.441;1547.92;-130.3;-2;2840;2610;88.68;82.13;;;
45.192539;6.440867;1547.25;-118.9;-3;2840;2610;88.7;82.11;;;
45.192375;6.440764;1546.57;-110.5;-3;2840;2610;88.72;82.09;;;
45.192203;6.440694;1546.11;-101.2;-3;2840;2610;88.74;82.07;;;
45.192025;6.440658;1545.58;-95;-3;2840;2610;88.76;82.05;;;
45.191844;6.440636;1545.1;-94.8;-3;2840;2610;88.78;82.03;;;
45.191667;6.440614;1544.58;-95;-3;2840;2610;88.8;82.01;;;
45.191486;6.440586;1543.53;-96.1;-3;2840;2610;88.82;81.99;;;
45.191311;6.440539;1542.9;-103.8;-3;2840;2610;88.84;81.97;;;
45.191136;6.440481;1542.54;-102.5;-3;2840;2610;88.86;81.95;;;
45.190958;6.440439;1542.33;-99.9;-3;2840;2610;88.88;81.93;;;
45.190778;6.440431;1541.95;-90.9;-2;2840;2610;88.9;81.91;;;
45.190597;6.440436;1541.6;-87.8;-2;2840;2610;88.92;81.89;;;
45.190419;6.440456;1541.07;-84.6;-2;2840;2610;88.94;81.87;;;
45.190242;6.440494;1540.58;-80.1;-2;2840;2610;88.96;81.85;;;
45.190064;6.440533;1540.43;-81.4;-2;2840;2610;88.98;81.83;;;
45.189886;6.440569;1540.14;-81.4;-2;2840;2610;89;81.81;;;
45.189706;6.44055;1539.34;-95;-2;2840;2610;89.02;81.79;;;
45.189528;6.440511;1538.76;-101.2;-2;2840;2610;89.04;81.77;;;
45.189358;6.440431;1538.6;-110.3;-2;2840;2610;89.06;81.75;;;
45.1892;6.440308;1538.62;-121.2;-2;2840;2610;89.08;81.73;;;
45.189047;6.440178;1538.45;-120;-1;2840;2610;89.1;81.71;;;
45.188889;6.440053;1538.34;-117.1;-1;2840;2610;89.12;81.69;;;
45.188728;6.439939;1538.06;-114.2;-1;2840;2610;89.14;81.67;;;
45.188556;6.439869;1537.7;-102.6;-1;2840;2610;89.16;81.65;;;
45.188381;6.439811;1537.33;-102.6;-1;2840;2610;89.18;81.63;;;
45.188206;6.439753;1537.09;-102.6;-2;2840;2610;89.2;81.61;;;
45.188031;6.439694;1536.61;-102.6;-2;2840;2610;89.22;81.59;;;
45.187856;6.439636;1536.27;-102.6;-2;2840;2610;89.24;81.57;;;
45.187681;6.439578;1536.09;-102.6;-2;2840;2610;89.26;81.55;;;
45.187506;6.439519;1535.4;-102.9;-2;2840;2610;89.28;81.53;;;
45.187331;6.439464;1534.98;-102.9;-1;2840;2610;89.3;81.51;;;
45.187153;6.439411;1534.71;-102.5;-1;2840;2610;89.32;81.49;;;
45.186975;6.439389;1534.38;-95;-1;2840;2610;89.34;81.47;;;
45.186794;6.439381;1534.25;-92.3;-1;2840;2610;89.36;81.45;;;
45.186614;6.439358;1533.92;-94.8;-1;2840;2610;89.38;81.43;;;
45.186439;6.439306;1533.81;-103.4;-1;2840;2610;89.4;81.41;;;
45.186267;6.439231;1533.78;-107.3;-1;2840;2610;89.42;81.39;;;
45.186097;6.439147;1533.97;-109;-1;2840;2610;89.44;81.37;;;
45.185931;6.439056;1533.35;-111.8;-1;2840;2610;89.46;81.35;;;
45.185764;6.438956;1533.21;-113.8;-1;2840;2610;89.48;81.33;;;
45.185603;6.438844;1533.18;-116.3;-1;2840;2610;89.5;81.31;;;
45.185453;6.438706;1533.02;-123;-1;2840;2610;89.52;81.29;;;
45.185297;6.438572;1532.73;-119.1;-1;2840;2610;89.54;81.27;;;
45.185131;6.438481;1532.52;-108.6;-1;2840;2610;89.56;81.25;;;
45.184956;6.438419;1532.53;-103.9;-1;2840;2610;89.58;81.23;;;
45.184781;6.438369;1532.45;-101.3;-1;2840;2610;89.6;81.21;;;
45.1846;6.438339;1532.46;-97.4;-1;2840;2610;89.62;81.19;;;
45.184422;6.438339;1532.13;-87.3;-1;2840;2610;89.64;81.17;;;
45.184244;6.438369;1531.93;-84.1;-1;2840;2610;89.66;81.15;;;
45.184064;6.438397;1531.79;-83.7;-1;2840;2610;89.68;81.13;;;
45.183889;6.438456;1531.65;-73.1;0;2840;2610;89.7;81.11;;;
45.183728;6.438564;1531.75;-62.3;0;2840;2610;89.72;81.09;;;
45.183583;6.438714;1531.63;-54.1;0;2840;2610;89.74;81.07;;;
45.183436;6.438864;1531.64;-53.7;0;2840;2610;89.76;81.05;;;
45.183275;6.438967;1531.37;-74.4;-1;2840;2610;89.78;81.03;;;
45.183097;6.438983;1531.2;-91.4;-1;2840;2610;89.8;81.01;;;
45.182919;6.438944;1530.89;-101.2;-2;2840;2610;89.82;80.99;;;
45.182742;6.4389;1530.71;-99.9;-2;2840;2610;89.84;80.97;;;
45.182564;6.438883;1530.52;-92.7;-3;2840;2610;89.86;80.95;;;
45.182386;6.438928;1529.58;-75.7;-3;2840;2610;89.88;80.93;;;
45.182211;6.438994;1528.55;-74.1;-4;2840;2610;89.9;80.91;;;
45.182039;6.439067;1527.33;-73.6;-4;2840;2610;89.92;80.89;;;
45.181867;6.439139;1526.21;-73.6;-5;2840;2610;89.94;80.87;;;
45.181697;6.439217;1525.29;-71.9;-5;2840;2610;89.96;80.85;;;
45.181525;6.439294;1524.26;-72.7;-5;2840;2610;89.98;80.83;;;
45.181353;6.439369;1523.14;-72.7;-5;2840;2610;90;80.81;;;
45.181181;6.439442;1522.01;-73.6;-5;2840;2610;90.02;80.79;;;
45.181008;6.439517;1520.9;-72.3;-5;2840;2610;90.04;80.77;;;
45.180836;6.439589;1519.88;-73.6;-5;2840;2610;90.06;80.75;;;
45.180661;6.439647;1518.91;-81.4;-5;2840;2610;90.08;80.73;;;
45.180483;6.439636;1518.18;-96.3;-5;2840;2610;90.1;80.71;;;
45.180331;6.439508;1517.36;-128.5;-5;2840;2610;90.12;80.69;;;
45.180189;6.43935;1516;-127.4;-5;2840;2610;90.14;80.67;;;
45.180017;6.439297;1514.76;-97.9;-5;2840;2610;90.16;80.65;;;
45.179836;6.439297;1513.71;-87.7;-5;2840;2610;90.18;80.63;;;
45.179656;6.439319;1512.7;-85.1;-5;2840;2610;90.2;80.61;;;
45.179478;6.439331;1511.61;-90;-5;2840;2610;90.22;80.59;;;
45.179297;6.439331;1510.39;-90;-5;2840;2610;90.24;80.57;;;
45.179117;6.439306;1509.31;-97.1;-5;2840;2610;90.26;80.55;;;
45.178939;6.439272;1508.37;-97.7;-5;2840;2610;90.28;80.53;;;
45.178761;6.439233;1507.58;-99;-6;2840;2610;90.3;80.51;;;
45.178583;6.439192;1506.42;-98.6;-6;2840;2610;90.32;80.49;;;
45.178414;6.439111;1505.19;-111.8;-6;2840;2610;90.34;80.47;;;
45.178267;6.438967;1503.84;-127;-6;2840;2610;90.36;80.45;;;
45.178136;6.438792;1502.79;-134.4;-6;2840;2610;90.38;80.43;;;
45.178008;6.438614;1501.65;-134.4;-5;2840;2610;90.4;80.41;;;
45.177878;6.438439;1500.61;-133.4;-5;2840;2610;90.42;80.39;;;
45.177747;6.438264;1499.77;-133.4;-5;2840;2610;90.44;80.37;;;
45.177617;6.438089;1498.85;-133.4;-5;2840;2610;90.46;80.35;;;
45.177489;6.437908;1497.68;-135.4;-5;2840;2610;90.48;80.33;;;
45.177361;6.437731;1496.45;-134.1;-6;2840;2610;90.5;80.31;;;
45.177244;6.437536;1494.86;-140.7;-6;2840;2610;90.52;80.29;;;
45.177136;6.437333;1493.19;-146.2;-6;2840;2610;90.54;80.27;;;
45.177053;6.437108;1492.17;-154.1;-6;2840;2610;90.56;80.25;;;
45.176994;6.436867;1491.78;-162;-6;2840;2610;90.58;80.23;;;
45.176944;6.436622;1490.85;-163.8;-6;2840;2610;90.6;80.21;;;
45.176903;6.436375;1489.68;-166;-6;2840;2610;90.62;80.19;;;
45.176864;6.436128;1488.6;-167.8;-6;2840;2610;90.64;80.17;45;;
45.176822;6.435881;1487.56;-165.7;-6;2840;2610;90.66;80.15;;;
45.176783;6.435631;1486.71;-167.2;-6;2840;2610;90.68;80.13;;;
45.176764;6.435378;1485.3;-174.9;-5;2840;2610;90.7;80.11;;;
45.176747;6.435125;1483.96;-174.3;-5;2840;2610;90.72;80.09;;;
45.176736;6.434872;1482.89;-178.1;-5;2840;2610;90.74;80.07;;;
45.176722;6.434617;1482.13;-174.3;-6;2840;2610;90.76;80.05;;;
45.1767;6.434367;1481.15;-171;-6;2840;2610;90.78;80.03;;;
45.176606;6.434158;1480.44;-138.2;-7;2840;2610;90.8;80.01;;;
45.176442;6.434058;1478.5;-106.4;-7;2840;2610;90.82;79.99;;;
45.176267;6.433997;1476.42;-104.3;-8;2840;2610;90.84;79.97;;;
45.176097;6.433917;1475.08;-111.5;-7;2840;2610;90.86;79.95;;;
45.175936;6.4338;1473.54;-120;-6;2840;2610;90.88;79.93;;;
45.175792;6.43365;1472.11;-128.6;-6;2840;2610;90.9;79.91;;;
45.175656;6.433486;1471.55;-131.6;-5;2840;2610;90.92;79.89;;;
45.175514;6.433325;1471.1;-127.4;-4;2840;2610;90.94;79.87;;;
45.175361;6.433194;1470.61;-119.3;-4;2840;2610;90.96;79.85;;;
45.175194;6.433097;1469.72;-108.8;-4;2840;2610;90.98;79.83;;;
45.175019;6.433044;1468.59;-102.8;-5;2840;2610;91;79.81;;;
45.174842;6.433003;1467.55;-98.6;-5;2840;2610;91.02;79.79;;;
45.174664;6.432967;1466.33;-97.2;-5;2840;2610;91.04;79.77;;;
45.174483;6.432931;1465.41;-98.3;-5;2840;2610;91.06;79.75;46;;
45.174308;6.432889;1464.39;-99.9;-5;2840;2610;91.08;79.73;;;
45.174131;6.432842;1463.3;-101.3;-6;2840;2610;91.1;79.71;;;
45.173953;6.432789;1461.76;-102.5;-6;2840;2610;91.12;79.69;;;
45.173778;6.432739;1460.43;-101.2;-6;2840;2610;91.14;79.67;;;
45.173597;6.432731;1459.25;-90;-6;2840;2610;91.16;79.65;;;
45.173422;6.432772;1458.34;-78.4;-6;2840;2610;91.18;79.63;;;
45.17325;6.432856;1457.22;-68.5;-5;2840;2610;91.2;79.61;;;
45.173086;6.432953;1456.26;-65.2;-5;2840;2610;91.22;79.59;;;
45.172933;6.433086;1455.1;-55.2;-5;2840;2610;91.24;79.57;;;
45.1728;6.433261;1454.03;-46.9;-5;2840;2610;91.26;79.55;;;
45.172681;6.433447;1452.88;-40.3;-5;2840;2610;91.28;79.53;;;
45.17255;6.433625;1451.84;-49.7;-6;2840;2610;91.3;79.51;;;
45.172397;6.433753;1450.73;-61.9;-6;2840;2610;91.32;79.49;;;
45.172222;6.433808;1449.45;-82.8;-6;2840;2610;91.34;79.47;;;
45.172042;6.433828;1448.12;-87.3;-6;2840;2610;91.36;79.45;;;
45.171864;6.433844;1447.04;-86.4;-5;2840;2610;91.38;79.43;;;
45.171683;6.433872;1446.06;-83.9;-5;2840;2610;91.4;79.41;;;
45.171508;6.433917;1445.12;-79.3;-4;2840;2610;91.42;79.39;;;
45.171336;6.433992;1443.95;-72.3;-4;2840;2610;91.44;79.37;;;
45.171161;6.434061;1442.91;-75.4;-4;2840;2610;91.46;79.35;;;
45.170983;6.434092;1442.35;-86.1;-5;2840;2610;91.48;79.33;;;
45.170806;6.434097;1441.72;-90;-5;2840;2610;91.5;79.31;;;
45.170625;6.434086;1440.66;-92.7;-6;2840;2610;91.52;79.29;;;
45.170444;6.434094;1439.36;-84.1;-6;2840;2610;91.54;79.27;;;
45.170278;6.434183;1437.93;-65.4;-6;2840;2610;91.56;79.25;;;
45.170128;6.434322;1437.02;-54.8;-6;2840;2610;91.58;79.23;;;
45.169978;6.434464;1435.63;-56.7;-5;2840;2610;91.6;79.21;;;
45.169831;6.434608;1435.09;-55.9;-5;2840;2610;91.62;79.19;;;
45.169667;6.434717;1433.64;-67.8;-5;2840;2610;91.64;79.17;;;
45.169492;6.434758;1432.78;-86.4;-5;2840;2610;91.66;79.15;;;
45.169317;6.434706;1431.92;-105.1;-5;2840;2610;91.68;79.13;;;
45.169147;6.434617;1430.87;-111.5;-5;2840;2610;91.7;79.11;;;
45.168981;6.434519;1429.83;-113;-5;2840;2610;91.72;79.09;;;
45.168814;6.434428;1428.79;-110.5;-5;2840;2610;91.74;79.07;;;
45.168642;6.434356;1427.73;-103.8;-5;2840;2610;91.76;79.05;;;
45.168461;6.434361;1426.72;-85;-5;2840;2610;91.78;79.03;;;
45.168283;6.434397;1425.78;-82.8;-5;2840;2610;91.8;79.01;;;
45.168103;6.434408;1424.85;-90;-5;2840;2610;91.82;78.99;;;
45.167925;6.434383;1423.65;-97.7;-5;2840;2610;91.84;78.97;;;
45.167753;6.434317;1422.69;-107;-5;2840;2610;91.86;78.95;;;
45.167586;6.434214;1421.91;-115;-5;2840;2610;91.88;78.93;;;
45.167428;6.434094;1421.13;-118.7;-5;2840;2610;91.9;78.91;;;
45.167272;6.433967;1420.33;-120.8;-5;2840;2610;91.92;78.89;;;
45.167125;6.433822;1419.26;-126.3;-5;2840;2610;91.94;78.87;;;
45.166992;6.433653;1417.89;-134.4;-5;2840;2610;91.96;78.85;;;
45.166889;6.433442;1416.94;-149;-5;2840;2610;91.98;78.83;;;
45.166806;6.433217;1415.39;-153;-6;2840;2610;92;78.81;;;
45.166697;6.433017;1414.41;-138.3;-6;2840;2610;92.02;78.79;;;
45.16655;6.432872;1412.93;-122.2;-6;2840;2610;92.04;78.77;;;
45.166389;6.432758;1412.05;-116.3;-6;2840;2610;92.06;78.75;;;
45.166225;6.432647;1410.85;-115.4;-6;2840;2610;92.08;78.73;;;
45.166061;6.432544;1409.93;-113;-5;2840;2610;92.1;78.71;;;
45.165897;6.432447;1408.67;-111.5;-5;2840;2610;92.12;78.69;;;
45.165728;6.432356;1407.61;-111.8;-5;2840;2610;92.14;78.67;;;
45.165561;6.432258;1406.67;-114.2;-5;2840;2610;92.16;78.65;;;
45.165403;6.432139;1405.74;-121.2;-4;2840;2610;92.18;78.63;;;
45.165267;6.431975;1404.97;-132.6;-4;2840;2610;92.2;78.61;;;
45.165197;6.431767;1404.46;-166.3;-3;2840;2610;92.22;78.59;;;
45.165197;6.431578;1403.93;158;-3;2840;2610;92.24;78.57;;;
45.165261;6.431339;1403.29;158.5;-2;2840;2610;92.26;78.55;;;
45.165317;6.431097;1402.55;162;-2;2840;2610;92.28;78.53;;;
45.165364;6.430853;1402.14;165.7;-1;2840;2610;92.3;78.51;;;
45.165411;6.430606;1399.86;165.7;-1;2840;2610;92.32;78.49;;;
45.16545;6.430358;1401.81;169.1;0;2840;2610;92.34;78.47;;;
45.165489;6.430108;1401.77;167.2;1;2840;2610;92.36;78.45;;;
45.165431;6.429986;1401.98;-90;2;2840;2610;92.38;78.43;;;
45.165253;6.430003;1402.62;-85.9;2;2841;2609;92.4;78.41;;;
45.165072;6.430017;1403.34;-85.9;3;2841;2609;92.42;78.39;;;
45.164892;6.430019;1403.91;-90;4;2842;2608;92.44;78.37;;;
45.164714;6.430014;1404.67;-92.3;4;2843;2607;92.46;78.35;;;
45.164533;6.430006;1405.75;-90.9;3;2844;2606;92.48;78.33;;;
45.164353;6.429994;1406.74;-92.7;3;2844;2606;92.5;78.31;;;
45.164233;6.429897;1407.5;-155.2;2;2845;2605;92.52;78.29;;;
45.164217;6.429642;1407.54;-174.9;2;2845;2605;92.54;78.27;;;
45.164203;6.429389;1407.72;-174.9;2;2845;2605;92.56;78.25;;;
45.164186;6.429136;1407.87;-174.9;2;2845;2605;92.58;78.23;;;
45.164169;6.428883;1408.03;-174.2;2;2846;2604;92.6;78.21;;;
45.164153;6.428631;1408.11;-174.8;2;2846;2604;92.62;78.19;;;
45.164139;6.428375;1408.41;-176.8;2;2847;2603;92.64;78.17;;;
45.164122;6.428122;1408.81;-174.3;3;2847;2603;92.66;78.15;;;
45.164117;6.427869;1409.27;-178.7;3;2847;2603;92.68;78.13;;;
45.164111;6.427614;1410.09;-178.1;4;2848;2602;92.7;78.11;;;
45.164103;6.427361;1410.97;-176.8;4;2849;2601;92.72;78.09;;;
45.164086;6.427106;1411.9;-174.9;5;2851;2599;92.74;78.07;;;
45.164067;6.426853;1412.99;-174.9;5;2852;2598;92.76;78.05;;;
45.16405;6.4266;1414.23;-174.9;5;2853;2597;92.78;78.03;;;
45.164033;6.426347;1415.75;-174.3;6;2854;2596;92.8;78.01;;;
45.164031;6.426092;1417.3;180;6;2856;2594;92.82;77.99;;;
45.164031;6.425839;1418.79;180;6;2857;2593;92.84;77.97;;;
45.164031;6.425583;1420.35;180;6;2859;2591;92.86;77.95;;;
45.164031;6.425331;1421.78;180;6;2860;2590;92.88;77.93;;;
45.164031;6.425075;1423.43;180;7;2862;2588;92.9;77.91;;;
45.164064;6.424828;1424.89;162;7;2863;2587;92.92;77.89;;;
45.164089;6.424617;1425.79;-164.9;7;2864;2586;92.94;77.87;;;
45.164047;6.424428;1426.52;-134.4;7;2866;2584;92.96;77.85;;;
45.163917;6.424256;1428.17;-133.5;7;2867;2583;92.98;77.83;;;
45.163806;6.424058;1429.94;-150.2;7;2868;2582;93;77.81;;;
45.163828;6.423814;1424.29;161.5;7;2870;2580;93.02;77.79;;;
45.163914;6.423589;1431.9;151.8;7;2872;2578;93.04;77.77;;;
45.163972;6.42335;1433.73;160.3;6;2873;2577;93.06;77.75;;;
45.163975;6.4231;1435.55;-171;6;2875;2575;93.08;77.73;;;
45.1639;6.422872;1437.77;-146.2;6;2876;2574;93.1;77.71;;;
45.163761;6.422714;1439.45;-122.2;6;2877;2573;93.12;77.69;47;;
45.163592;6.422633;1434.95;-108.3;6;2878;2572;93.14;77.67;;;
45.163419;6.422553;1440.57;-107.5;6;2878;2572;93.16;77.65;;;
45.163244;6.422494;1441.31;-102.5;6;2879;2571;93.18;77.63;;;
45.163069;6.422433;1442.07;-102.5;5;2880;2570;93.2;77.61;;;
45.162894;6.422372;1442.87;-103.8;5;2881;2569;93.22;77.59;;;
45.162722;6.4223;1443.83;-107.7;5;2882;2568;93.24;77.57;;;
45.16255;6.422222;1444.62;-107.7;5;2883;2567;93.26;77.55;;;
45.162381;6.422147;1445.51;-107;5;2883;2567;93.28;77.53;;;
45.162208;6.422069;1446.3;-107.7;4;2884;2566;93.3;77.51;;;
45.162036;6.422;1447.26;-104.3;4;2885;2565;93.32;77.49;;;
45.161858;6.421947;1447.97;-101.2;4;2886;2564;93.34;77.47;;;
45.161681;6.421911;1448.75;-99.1;4;2887;2563;93.36;77.45;;;
45.1615;6.421894;1449.55;-91.3;4;2888;2562;93.38;77.43;;;
45.161322;6.421875;1450.35;-95;4;2888;2562;93.4;77.41;;;
45.161142;6.42185;1451.37;-94.9;4;2889;2561;93.42;77.39;;;
45.160964;6.421825;1452.26;-95;5;2890;2560;93.44;77.37;;;
45.160786;6.421792;1453.11;-97.2;5;2891;2559;93.46;77.35;;;
45.160608;6.421756;1453.97;-98.6;5;2892;2558;93.48;77.33;;;
45.160428;6.421719;1454.9;-98.8;5;2893;2557;93.5;77.31;;;
45.160258;6.42165;1455.93;-110.3;5;2894;2556;93.52;77.29;;;
45.160189;6.421453;1457.1;-160.8;5;2895;2555;93.54;77.27;;;
45.160044;6.421508;1457.33;-48.8;5;2896;2554;93.56;77.25;;;
45.159869;6.421511;1458.26;-91.4;6;2897;2553;93.58;77.23;;;
45.159689;6.421503;1459.77;-93.5;6;2898;2552;93.6;77.21;;;
45.159511;6.421478;1461.63;-96.3;7;2900;2550;93.62;77.19;;;
45.159333;6.421447;1463.09;-96.3;7;2901;2549;93.64;77.17;;;
45.159153;6.421411;1464.48;-99;7;2903;2547;93.66;77.15;;;
45.158975;6.421375;1465.91;-98.6;8;2904;2546;93.68;77.13;;;
45.158797;6.421339;1467.33;-98.6;8;2906;2544;93.7;77.11;;;
45.158619;6.421297;1468.85;-99.9;9;2908;2542;93.72;77.09;;;
45.158444;6.42125;1470.61;-101.5;9;2910;2540;93.74;77.07;;;
45.158267;6.421211;1472.88;-99;9;2912;2538;93.76;77.05;;;
45.158089;6.421164;1474.73;-99.9;9;2913;2537;93.78;77.03;;;
45.157911;6.421122;1476.6;-99.9;9;2915;2535;93.8;77.01;;;
45.157733;6.421083;1478.44;-99;9;2917;2533;93.82;76.99;;;
45.157556;6.42105;1480.17;-97.8;9;2919;2531;93.84;76.97;;;
45.157378;6.421006;1481.83;-99.9;9;2921;2529;93.86;76.95;;;
45.1572;6.420961;1483.6;-99.9;9;2923;2527;93.88;76.93;;;
45.157022;6.420922;1485.81;-99;9;2924;2526;93.9;76.91;;;
45.156844;6.420881;1487.48;-98.6;9;2926;2524;93.92;76.89;;;
45.156667;6.420839;1489.05;-99.9;9;2928;2522;93.94;76.87;;;
45.156489;6.420797;1490.62;-99.9;9;2929;2521;93.96;76.85;;;
45.156311;6.420756;1492.19;-99.9;9;2931;2519;93.98;76.83;;;
45.156133;6.420717;1493.76;-98.6;9;2932;2518;94;76.81;;;
45.155956;6.420692;1495.39;-95;9;2934;2516;94.02;76.79;;;
45.155775;6.420672;1497.4;-93.9;9;2936;2514;94.04;76.77;;;
45.155597;6.420661;1499.09;-92.7;9;2938;2512;94.06;76.75;;;
45.155417;6.420678;1500.82;-85;9;2940;2510;94.08;76.73;;;
45.155236;6.420697;1502.55;-85.2;9;2941;2509;94.1;76.71;;;
45.155058;6.420728;1504.28;-82.3;9;2943;2507;94.12;76.69;;;
45.154881;6.420756;1506.47;-84.5;9;2945;2505;94.14;76.67;;;
45.1547;6.420775;1508.22;-86.5;9;2947;2503;94.16;76.65;;;
45.154522;6.420794;1510.06;-85;9;2949;2501;94.18;76.63;;;
45.154342;6.420808;1511.65;-87.7;9;2950;2500;94.2;76.61;;;
45.154161;6.420803;1512.99;-93.5;9;2952;2498;94.22;76.59;;;
45.153983;6.420778;1514.5;-96.3;9;2954;2496;94.24;76.57;;;
45.153803;6.420747;1516.35;-96.2;9;2955;2495;94.26;76.55;;;
45.153625;6.420717;1517.94;-96.3;9;2957;2493;94.28;76.53;;;
45.153447;6.420689;1519.61;-96.3;9;2958;2492;94.3;76.51;;;
45.153267;6.420672;1521.13;-92.7;9;2960;2490;94.32;76.49;;;
45.153089;6.420686;1522.7;-86.4;9;2962;2488;94.34;76.47;;;
45.152911;6.420739;1524.44;-76.2;9;2964;2486;94.36;76.45;;;
45.152733;6.420767;1526.68;-87.3;9;2965;2485;94.38;76.43;;;
45.152558;6.420719;1528.44;-105.6;9;2967;2483;94.4;76.41;;;
45.152389;6.420633;1530.26;-112.2;9;2969;2481;94.42;76.39;;;
45.152219;6.420544;1532.09;-110;9;2971;2479;94.44;76.37;;;
45.152053;6.420453;1533.62;-110.5;8;2973;2477;94.46;76.35;;;
45.151883;6.420361;1535.41;-111.5;8;2974;2476;94.48;76.33;;;
45.151714;6.420275;1537.31;-109;8;2976;2474;94.5;76.31;;;
45.151539;6.420219;1539.2;-100.3;8;2978;2472;94.52;76.29;;;
45.151361;6.420211;1541.07;-86.4;8;2979;2471;94.54;76.27;;;
45.151186;6.420269;1542.48;-74.9;8;2981;2469;94.56;76.25;;;
45.151017;6.420358;1544.3;-68.2;7;2983;2467;94.58;76.23;;;
45.150853;6.420461;1545.68;-65.8;7;2984;2466;94.6;76.21;;;
45.150678;6.420506;1547.28;-84.6;6;2985;2465;94.62;76.19;;;
45.150497;6.420489;1548.71;-97.7;6;2986;2464;94.64;76.17;;;
45.150319;6.420464;1547.5;-96.3;6;2987;2463;94.66;76.15;;;
45.150139;6.420444;1550.1;-93.9;5;2988;2462;94.68;76.13;;;
45.149961;6.420461;1550.69;-83.7;5;2989;2461;94.7;76.11;;;
45.149783;6.420492;1551.3;-82.3;4;2990;2460;94.72;76.09;;;
45.149603;6.420528;1551.91;-81;4;2991;2459;94.74;76.07;;;
45.149425;6.420539;1552.73;-88.6;4;2991;2459;94.76;76.05;;;
45.149244;6.420519;1553.64;-95.4;3;2992;2458;94.78;76.03;;;
45.149067;6.420486;1554.54;-95;3;2993;2457;94.8;76.01;;;
45.148886;6.420489;1555.35;-87.4;3;2993;2457;94.82;75.99;;;
45.148708;6.420525;1556.09;-81.4;3;2994;2456;94.84;75.97;;;
45.148533;6.420569;1556.24;-79.8;2;2994;2456;94.86;75.95;;;
45.148353;6.420544;1556.69;-97.7;2;2995;2455;94.88;75.93;;;
45.148183;6.420464;1556.82;-109.4;2;2995;2455;94.9;75.91;;;
45.148011;6.420381;1557.06;-108.6;1;2995;2455;94.92;75.89;;;
45.147842;6.420308;1556.78;-104.3;1;2995;2455;94.94;75.87;;;
45.147664;6.420272;1556.88;-96.3;1;2995;2455;94.96;75.85;;;
45.147483;6.42025;1557.41;-93.6;1;2995;2455;94.98;75.83;;;
45.147303;6.420256;1557.39;-87.3;1;2995;2455;95;75.81;;;
45.147125;6.420275;1557.33;-85;1;2995;2455;95.02;75.79;48;;
45.146944;6.420281;1557.43;-90;1;2996;2454;95.04;75.77;;;
45.146767;6.420258;1557.43;-95;1;2996;2454;95.06;75.75;;;
45.146586;6.420222;1557.36;-99.9;1;2996;2454;95.08;75.73;;;
45.146411;6.420169;1557.56;-102.5;1;2996;2454;95.1;75.71;;;
45.146233;6.420128;1557.86;-99.9;1;2996;2454;95.12;75.69;;;
45.146056;6.420086;1558.1;-100;1;2996;2454;95.14;75.67;;;
45.145878;6.42005;1558.43;-97.7;1;2997;2453;95.16;75.65;;;
45.1457;6.420011;1558.77;-99;1;2997;2453;95.18;75.63;;;
45.145522;6.419969;1559.17;-100.3;2;2997;2453;95.2;75.61;;;
45.145344;6.419931;1559.56;-98.6;2;2998;2452;95.22;75.59;;;
45.145167;6.419889;1559.91;-99.9;2;2998;2452;95.24;75.57;;;
45.144989;6.419853;1560.37;-97.2;2;2999;2451;95.26;75.55;;;
45.144811;6.419822;1560.8;-96.3;2;2999;2451;95.28;75.53;;;
45.144631;6.419806;1561.24;-90.9;3;3000;2450;95.3;75.51;;;
45.14445;6.419794;1561.72;-92.6;3;3000;2450;95.32;75.49;;;
45.144272;6.419794;1562.18;-87.7;3;3001;2449;95.34;75.47;;;
45.144092;6.4198;1562.69;-88.6;3;3001;2449;95.36;75.45;;;
45.143911;6.419794;1563.19;-91.3;3;3002;2448;95.38;75.43;;;
45.143731;6.419786;1563.77;-92.7;3;3002;2448;95.4;75.41;;;
45.143553;6.419781;1564.33;-90.9;3;3003;2447;95.42;75.39;;;
45.143372;6.419775;1564.93;-91.4;3;3003;2447;95.44;75.37;;;
45.143192;6.419772;1565.41;-91.3;2;3004;2446;95.46;75.35;;;
45.143011;6.419767;1565.8;-90.9;2;3004;2446;95.48;75.33;;;
45.142833;6.419764;1566.25;-91.4;2;3005;2445;95.5;75.31;;;
45.142653;6.419761;1566.7;-91.4;2;3005;2445;95.52;75.29;;;
45.142472;6.419758;1567.32;-90;2;3005;2445;95.54;75.27;;;
45.142292;6.419756;1567.7;-90;2;3006;2444;95.56;75.25;;;
45.142111;6.41975;1568.11;-91.3;2;3006;2444;95.58;75.23;;;
45.141933;6.419753;1568.48;-88.6;2;3007;2443;95.6;75.21;;;
45.141753;6.419758;1568.9;-89.1;2;3007;2443;95.62;75.19;;;
45.141572;6.419764;1569.41;-88.7;3;3008;2442;95.64;75.17;;;
45.141392;6.419775;1569.84;-87.3;3;3008;2442;95.66;75.15;;;
45.141214;6.419783;1570.27;-89.1;3;3008;2442;95.68;75.13;;;
45.141033;6.419794;1570.67;-87.7;3;3009;2441;95.7;75.11;;;
45.140853;6.419806;1571.09;-87.3;3;3009;2441;95.72;75.09;;;
45.140672;6.419817;1571.55;-87.4;3;3010;2440;95.74;75.07;;;
45.140494;6.419831;1571.93;-87.3;3;3010;2440;95.76;75.05;;;
45.140314;6.419842;1572.5;-87.3;3;3011;2439;95.78;75.03;;;
45.140133;6.419853;1573.19;-87.4;3;3012;2438;95.8;75.01;;;
45.139956;6.419864;1574.09;-87.2;3;3013;2437;95.82;74.99;;;
45.139775;6.419872;1575.19;-87.7;4;3014;2436;95.84;74.97;;;
45.139594;6.419881;1576.02;-88.6;4;3014;2436;95.86;74.95;;;
45.139414;6.419892;1576.92;-87.4;4;3015;2435;95.88;74.93;;;
45.139236;6.419906;1577.79;-85.9;4;3016;2434;95.9;74.91;;;
45.139056;6.419917;1578.73;-87.2;4;3017;2433;95.92;74.89;;;
45.138875;6.419919;1579.59;-90;4;3018;2432;95.94;74.87;;;
45.138697;6.419903;1580.65;-95;4;3019;2431;95.96;74.85;;;
45.138519;6.419861;1581.5;-99.9;3;3020;2430;95.98;74.83;;;
45.138342;6.419808;1582.26;-102.5;3;3021;2429;96;74.81;;;
45.138167;6.419753;1582.94;-102.5;3;3021;2429;96.02;74.79;;;
45.137992;6.419694;1583.78;-104.3;3;3022;2428;96.04;74.77;49;;
45.137819;6.419628;1584.58;-105;2;3023;2427;96.06;74.75;;;
45.137644;6.419556;1585.31;-107.1;2;3023;2427;96.08;74.73;;;
45.137472;6.419481;1585.71;-107.3;2;3024;2426;96.1;74.71;;;
45.137297;6.419431;1585.8;-95.7;1;3024;2426;96.12;74.69;;;
45.137136;6.419519;1584.77;-57;1;3024;2426;96.14;74.67;;;
45.137006;6.419697;1581.87;-44.5;1;3024;2426;96.16;74.65;;;
45.136856;6.419831;1586.09;-63.7;1;3025;2425;96.18;74.63;;;
45.136678;6.419844;1586.47;-92.7;1;3025;2425;96.2;74.61;;;
45.136497;6.419828;1586.11;-95;1;3025;2425;96.22;74.59;;;
45.136317;6.419803;1586.21;-94.9;1;3025;2425;96.24;74.57;;;
45.136139;6.419786;1586.24;-93.6;1;3025;2425;96.26;74.55;;;
45.135961;6.419753;1586.44;-98.6;1;3025;2425;96.28;74.53;;;
45.135783;6.419711;1586.59;-99.9;1;3025;2425;96.3;74.51;;;
45.135606;6.419667;1586.82;-100;1;3025;2425;96.32;74.49;;;
45.135431;6.419614;1586.85;-101.6;1;3025;2425;96.34;74.47;;;
45.135253;6.419564;1586.98;-101.2;1;3025;2425;96.36;74.45;;;
45.135075;6.419517;1587.19;-101.2;1;3025;2425;96.38;74.43;;;
45.1349;6.419467;1587.43;-101.2;2;3026;2424;96.4;74.41;;;
45.134725;6.419408;1587.75;-102.9;2;3026;2424;96.42;74.39;;;
45.134547;6.419358;1588.2;-101.2;2;3027;2423;96.44;74.37;;;
45.134372;6.419308;1588.64;-101.2;2;3027;2423;96.46;74.35;;;
45.134194;6.419256;1589.24;-102.1;2;3027;2423;96.48;74.33;;;
45.134019;6.419206;1589.65;-101.2;3;3028;2422;96.5;74.31;;;
45.133842;6.419153;1590.18;-101.2;3;3029;2421;96.52;74.29;;;
45.133667;6.419103;1590.71;-101.2;3;3029;2421;96.54;74.27;;;
45.133492;6.41905;1591.33;-101.6;3;3030;2420;96.56;74.25;;;
45.133314;6.418997;1591.96;-101.2;3;3030;2420;96.58;74.23;;;
45.133139;6.418944;1592.53;-101.2;3;3031;2419;96.6;74.21;;;
45.132964;6.418892;1593.19;-101.6;3;3032;2418;96.62;74.19;;;
45.132786;6.418836;1593.77;-102.5;3;3032;2418;96.64;74.17;;;
45.132611;6.418783;1594.44;-102.5;3;3033;2417;96.66;74.15;;;
45.132436;6.418731;1595.22;-101.6;3;3034;2416;96.68;74.13;;;
45.132258;6.418686;1595.91;-99;3;3034;2416;96.7;74.11;;;
45.132081;6.418647;1596.52;-99.1;3;3035;2415;96.72;74.09;;;
45.131903;6.418611;1597.08;-99;3;3035;2415;96.74;74.07;;;
45.131725;6.418572;1597.63;-99;3;3036;2414;96.76;74.05;;;
45.131544;6.418536;1598.18;-97.4;3;3037;2413;96.78;74.03;;;
45.131367;6.4185;1598.78;-97.7;3;3037;2413;96.8;74.01;;;
45.131189;6.418464;1599.56;-97.7;3;3038;2412;96.82;73.99;;;
45.131011;6.418428;1600.14;-98.6;4;3038;2412;96.84;73.97;;;
45.130833;6.418392;1600.63;-98.6;4;3039;2411;96.86;73.95;;;
45.130656;6.418358;1601.13;-97.8;4;3040;2410;96.88;73.93;;;
45.130475;6.418331;1601.69;-93.5;4;3040;2410;96.9;73.91;;;
45.130297;6.418311;1602.32;-93.6;4;3041;2409;96.92;73.89;;;
45.130117;6.418314;1603.19;-88.6;4;3042;2408;96.94;73.87;;;
45.129936;6.418319;1603.91;-89.1;4;3042;2408;96.96;73.85;;;
45.129756;6.418325;1604.67;-88.7;4;3043;2407;96.98;73.83;;;
45.129578;6.418328;1605.49;-88.6;4;3044;2406;97;73.81;;;
45.129397;6.418333;1606.31;-89.1;4;3045;2405;97.02;73.79;;;
45.129217;6.418336;1607.53;-90;4;3046;2404;97.04;73.77;;;
45.129036;6.418342;1608.4;-88.7;4;3047;2403;97.06;73.75;;;
45.128858;6.41835;1609.27;-87.3;4;3048;2402;97.08;73.73;;;
45.128678;6.418364;1610.18;-86.4;4;3049;2401;97.1;73.71;;;
45.128497;6.418378;1611.14;-86.1;4;3050;2400;97.12;73.69;;;
45.128319;6.418394;1611.95;-86.4;4;3050;2400;97.14;73.67;;;
45.128139;6.418422;1613.01;-83.7;4;3051;2399;97.16;73.65;;;
45.127961;6.41845;1613.65;-83.7;5;3052;2398;97.18;73.63;;;
45.127781;6.418478;1614.34;-83.8;5;3053;2397;97.2;73.61;;;
45.127603;6.418506;1615.09;-83.7;5;3054;2396;97.22;73.59;;;
45.127425;6.418531;1615.87;-84.6;6;3055;2395;97.24;73.57;;;
45.127244;6.418556;1616.79;-84.6;6;3056;2394;97.26;73.55;;;
45.127067;6.418583;1617.93;-83.7;6;3057;2393;97.28;73.53;;;
45.126886;6.418606;1618.92;-84.6;6;3058;2392;97.3;73.51;;;
45.126706;6.418625;1620.08;-85.1;7;3059;2391;97.32;73.49;;;
45.126528;6.418639;1621.51;-88.6;7;3061;2389;97.34;73.47;;;
45.126347;6.418639;1622.86;-90;7;3062;2388;97.36;73.45;;;
45.126167;6.418644;1624.71;-89.1;7;3064;2386;97.38;73.43;;;
45.125989;6.41865;1626.21;-88.6;8;3065;2385;97.4;73.41;;;
45.125808;6.418656;1627.68;-88.6;8;3067;2383;97.42;73.39;;;
45.125628;6.418661;1629.12;-88.6;8;3068;2382;97.44;73.37;;;
45.125447;6.418678;1630.57;-86.1;8;3070;2380;97.46;73.35;;;
45.125269;6.418681;1632.2;-90;8;3071;2379;97.48;73.33;;;
45.125089;6.418664;1633.74;-95;9;3073;2377;97.5;73.31;;;
45.124919;6.418586;1635.68;-114.8;9;3075;2375;97.52;73.29;;;
45.124775;6.418433;1637.37;-129.6;9;3077;2373;97.54;73.27;;;
45.124644;6.418261;1639.28;-132.2;9;3079;2371;97.56;73.25;;;
45.124511;6.418092;1641.19;-130.1;8;3081;2369;97.58;73.23;;;
45.124358;6.417956;1643.4;-119.7;8;3082;2368;97.6;73.21;;;
45.124194;6.41785;1645.4;-112.8;8;3084;2366;97.62;73.19;;;
45.124036;6.417728;1646.86;-118;8;3086;2364;97.64;73.17;;;
45.123875;6.417617;1648.77;-113;7;3087;2363;97.66;73.15;;;
45.123736;6.417719;1650.51;-38.6;7;3089;2361;97.68;73.13;;;
45.123781;6.417961;1651.64;22;7;3090;2360;97.7;73.11;;;
45.123844;6.418197;1652.82;17.8;6;3092;2358;97.72;73.09;;;
45.123903;6.418436;1654.45;23.6;6;3093;2357;97.74;73.07;;;
45.124008;6.418644;1655.61;35.1;6;3094;2356;97.76;73.05;;;
45.124028;6.418878;1656.73;-10.7;6;3095;2355;97.78;73.03;;;
45.123867;6.418897;1657.77;-105.6;6;3096;2354;97.8;73.01;;;
45.123719;6.418756;1658.79;-123;6;3098;2352;97.82;72.99;;;
45.123561;6.418631;1659.66;-118;7;3099;2351;97.84;72.97;;;
45.123397;6.418531;1660.87;-111.5;7;3100;2350;97.86;72.95;;;
45.123231;6.418433;1662.25;-112.2;7;3101;2349;97.88;72.93;;;
45.123067;6.418328;1663.66;-115.1;7;3102;2348;97.9;72.91;;;
45.1229;6.418233;1664.97;-112.2;7;3104;2346;97.92;72.89;;;
45.122733;6.418136;1666.19;-111.5;7;3105;2345;97.94;72.87;;;
45.122567;6.418036;1667.16;-113;7;3106;2344;97.96;72.85;;;
45.1224;6.417942;1668.41;-111.8;7;3107;2343;97.98;72.83;;;
45.122228;6.417869;1669.67;-106.9;7;3109;2341;98;72.81;;;
45.12205;6.417839;1671.53;-95;7;3110;2340;98.02;72.79;;;
45.121869;6.417844;1673.15;-89.1;8;3112;2338;98.04;72.77;;;
45.121689;6.41785;1674.76;-88.7;8;3114;2336;98.06;72.75;;;
45.121511;6.417867;1676.34;-85.9;8;3115;2335;98.08;72.73;;;
45.121331;6.417883;1677.92;-86.3;8;3117;2333;98.1;72.71;50;;
45.12115;6.417892;1679.74;-87.4;8;3118;2332;98.12;72.69;;;
45.120972;6.4179;1681.12;-87.3;8;3120;2330;98.14;72.67;;;
45.120792;6.417908;1682.6;-87.7;8;3121;2329;98.16;72.65;;;
45.120611;6.417914;1684.1;-88.6;8;3123;2327;98.18;72.63;;;
45.120431;6.417922;1685.57;-87.8;8;3125;2325;98.2;72.61;;;
45.120253;6.417928;1687.07;-88.6;8;3126;2324;98.22;72.59;;;
45.120072;6.417936;1689.11;-87.7;8;3128;2322;98.24;72.57;;;
45.119892;6.417944;1690.69;-89.1;7;3130;2320;98.26;72.55;;;
45.119711;6.417953;1692.29;-88.7;7;3131;2319;98.28;72.53;;;
45.119533;6.417961;1693.83;-87.7;7;3133;2317;98.3;72.51;;;
45.119353;6.417961;1695.49;-90;7;3134;2316;98.32;72.49;;;
45.119172;6.417969;1692.39;-87.7;7;3136;2314;98.34;72.47;;;
45.118994;6.418006;1699.08;-78.8;7;3137;2313;98.36;72.45;;;
45.118836;6.418119;1699.81;-55.9;7;3138;2312;98.38;72.43;;;
45.118706;6.418292;1700.89;-45.1;7;3140;2310;98.4;72.41;;;
45.118586;6.418483;1702.27;-40.3;7;3141;2309;98.42;72.39;;;
45.118472;6.418678;1703.68;-40.8;7;3143;2307;98.44;72.37;;;
45.118356;6.418872;1705.06;-40.3;7;3144;2306;98.46;72.35;;;
45.118239;6.419067;1706.56;-40;7;3145;2305;98.48;72.33;;;
45.118119;6.419258;1707.81;-43.1;7;3147;2303;98.5;72.31;;;
45.118003;6.41945;1709.19;-40.3;7;3148;2302;98.52;72.29;;;
45.117881;6.419639;1710.4;-42.3;7;3149;2301;98.54;72.27;;;
45.117739;6.419792;1711.63;-52.6;7;3151;2299;98.56;72.25;;;
45.117589;6.419936;1713;-55.9;7;3152;2298;98.58;72.23;;;
45.117442;6.420078;1714.29;-54.8;7;3153;2297;98.6;72.21;;;
45.117294;6.420225;1715.87;-55.2;7;3155;2295;98.62;72.19;;;
45.117156;6.420389;1717.14;-49.7;8;3156;2294;98.64;72.17;;;
45.117019;6.420553;1718.42;-50.8;8;3157;2293;98.66;72.15;;;
45.116883;6.420719;1719.78;-48.8;8;3159;2291;98.68;72.13;;;
45.116742;6.420875;1721.19;-53.7;8;3160;2290;98.7;72.11;;;
45.116589;6.421011;1722.7;-59.9;8;3162;2288;98.72;72.09;;;
45.116425;6.421114;1724.27;-65.2;8;3163;2287;98.74;72.07;;;
45.116258;6.421211;1725.72;-67.2;8;3165;2285;98.76;72.05;;;
45.116092;6.421308;1727.17;-67;8;3166;2284;98.78;72.03;;;
45.115931;6.421422;1728.9;-64.1;8;3168;2282;98.8;72.01;;;
45.115789;6.421575;1730.48;-51.4;8;3170;2280;98.82;71.99;;;
45.115656;6.421747;1732.46;-42.6;8;3171;2279;98.84;71.97;;;
45.115542;6.421942;1734.08;-35.6;8;3173;2277;98.86;71.95;;;
45.115444;6.422156;1735.68;-32;8;3175;2275;98.88;71.93;;;
45.115361;6.422381;1737.24;-28;8;3176;2274;98.9;71.91;;;
45.115281;6.422608;1738.69;-27;8;3178;2272;98.92;71.89;;;
45.115197;6.422833;1740.35;-29.9;8;3180;2270;98.94;71.87;;;
45.115097;6.423044;1742.07;-36.4;8;3181;2269;98.96;71.85;;;
45.114978;6.423236;1743.6;-42.6;8;3183;2267;98.98;71.83;;;
45.114847;6.423408;1745.32;-53;8;3184;2266;99;71.81;;;
45.114692;6.423531;1747.06;-63.7;8;3186;2264;99.02;71.79;;;
45.114517;6.423592;1748.66;-79.7;8;3188;2262;99.04;71.77;;;
45.114339;6.423611;1750.28;-86.4;8;3190;2260;99.06;71.75;;;
45.114158;6.423622;1751.97;-87.7;8;3191;2259;99.08;71.73;;;
45.113978;6.423639;1753.87;-86.4;8;3193;2257;99.1;71.71;;;
45.1138;6.423633;1755.31;-91.4;8;3194;2256;99.12;71.69;;;
45.113619;6.423642;1756.8;-85;8;3196;2254;99.14;71.67;;;
45.113439;6.423661;1758.26;-85.2;8;3197;2253;99.16;71.65;;;
45.113261;6.423692;1759.64;-81;8;3199;2251;99.18;71.63;;;
45.113083;6.423739;1761.03;-77.5;8;3200;2250;99.2;71.61;;;
45.112919;6.423836;1762.72;-64.4;8;3202;2248;99.22;71.59;;;
45.112781;6.423997;1764.53;-49.7;8;3203;2247;99.24;71.57;;;
45.112642;6.424158;1766.02;-53;7;3205;2245;99.26;71.55;;;
45.112486;6.424281;1767.53;-67.8;7;3207;2243;99.28;71.53;;;
45.112311;6.424325;1769;-85;7;3208;2242;99.3;71.51;;;
45.112131;6.424331;1770.64;-90;7;3210;2240;99.32;71.49;;;
45.11195;6.424325;1772;-91.3;7;3211;2239;99.34;71.47;;;
45.111769;6.424319;1773.36;-91.3;7;3212;2238;99.36;71.45;;;
45.111592;6.424319;1774.64;-90;7;3214;2236;99.38;71.43;;;
45.111411;6.424336;1776.02;-85;7;3215;2235;99.4;71.41;;;
45.111233;6.424375;1777.67;-77.5;7;3216;2234;99.42;71.39;;;
45.111067;6.424469;1778.69;-62.9;7;3218;2232;99.44;71.37;;;
45.110906;6.424581;1779.94;-63.7;7;3219;2231;99.46;71.35;;;
45.110744;6.424694;1781.21;-64.4;7;3220;2230;99.48;71.33;;;
45.110583;6.424808;1782.39;-63.2;7;3222;2228;99.5;71.31;;;
45.110417;6.424906;1783.92;-67;7;3223;2227;99.52;71.29;;;
45.11025;6.425003;1785.12;-67;7;3225;2225;99.54;71.27;;;
45.110083;6.425097;1786.73;-68.5;7;3226;2224;99.56;71.25;;;
45.109931;6.425231;1788.51;-55.5;7;3228;2222;99.58;71.23;;;
45.109794;6.425394;1789.92;-47.8;7;3229;2221;99.6;71.21;;;
45.109669;6.425578;1791.27;-44.6;7;3230;2220;99.62;71.19;;;
45.109544;6.425758;1792.74;-45.5;7;3232;2218;99.64;71.17;;;
45.109403;6.425914;1794.02;-53.7;7;3233;2217;99.66;71.15;;;
45.109239;6.426008;1795.43;-76.2;7;3234;2216;99.68;71.13;;;
45.109061;6.425967;1796.61;-103.8;7;3236;2214;99.7;71.11;;;
45.108889;6.425897;1797.75;-106.5;7;3237;2213;99.72;71.09;;;
45.108717;6.425822;1799;-106.5;7;3238;2212;99.74;71.07;;;
45.108539;6.425772;1800.25;-101.2;7;3240;2210;99.76;71.05;;;
45.108364;6.425725;1801.55;-101.6;7;3241;2209;99.78;71.03;;;
45.108186;6.425675;1803.14;-101.2;7;3242;2208;99.8;71.01;;;
45.108011;6.425622;1804.62;-101.6;7;3244;2206;99.82;70.99;;;
45.107833;6.425569;1805.97;-102.5;7;3245;2205;99.84;70.97;;;
45.107658;6.425517;1807.18;-102.1;7;3246;2204;99.86;70.95;;;
45.107483;6.425467;1808.44;-101.6;7;3248;2202;99.88;70.93;;;
45.107306;6.425417;1809.86;-101.3;7;3249;2201;99.9;70.91;;;
45.107128;6.425375;1811.4;-98.6;7;3250;2200;99.92;70.89;;;
45.10695;6.42535;1812.78;-96.3;7;3252;2198;99.94;70.87;;;
45.106769;6.425369;1814.6;-85;7;3253;2197;99.96;70.85;;;
45.106592;6.425403;1815.75;-81;7;3255;2195;99.98;70.83;;;
45.106414;6.425447;1817.11;-80.1;7;3256;2194;100;70.81;;;
45.106239;6.425497;1818.76;-77.1;7;3258;2192;100.02;70.79;;;
45.106061;6.425556;1820.23;-77.5;7;3259;2191;100.04;70.77;;;
45.105889;6.425622;1821.55;-74.8;7;3260;2190;100.06;70.75;;;
45.105717;6.4257;1822.84;-71;7;3262;2188;100.08;70.73;;;
45.10555;6.425797;1824.18;-67;7;3263;2187;100.1;70.71;;;
45.105392;6.425911;1825.71;-62;7;3265;2185;100.12;70.69;;;
45.105236;6.426042;1827.07;-59.9;7;3266;2184;100.14;70.67;;;
45.105083;6.426175;1828.68;-57.8;7;3268;2182;100.16;70.65;;;
45.104925;6.4263;1830.24;-59.9;7;3269;2181;100.18;70.63;;;
45.104769;6.426425;1831.47;-59.9;7;3271;2179;100.2;70.61;;;
45.104614;6.426553;1833.15;-59.9;7;3272;2178;100.22;70.59;;;
45.104461;6.426686;1834.71;-57.8;8;3274;2176;100.24;70.57;;;
45.104328;6.426853;1836.86;-43.2;8;3276;2174;100.26;70.55;;;
45.104228;6.427064;1838.52;-32.1;8;3277;2173;100.28;70.53;;;
45.104136;6.427283;1839.89;-31.7;8;3279;2171;100.3;70.51;;;
45.103994;6.427431;1841.48;-62.8;8;3281;2169;100.32;70.49;;;
45.103825;6.427511;1843.35;-71.7;8;3283;2167;100.34;70.47;;;
45.103653;6.427589;1845.03;-72.3;8;3284;2166;100.36;70.45;;;
45.103481;6.427669;1846.63;-71.4;8;3286;2164;100.38;70.43;;;
45.103311;6.427756;1848.24;-69.7;8;3287;2163;100.4;70.41;;;
45.103144;6.427853;1849.81;-67.2;8;3289;2161;100.42;70.39;;;
45.102983;6.427961;1851.33;-63.2;8;3291;2159;100.44;70.37;;;
45.102856;6.428139;1852.98;-40.3;8;3292;2158;100.46;70.35;;;
45.10275;6.428344;1854.67;-37.9;8;3294;2156;100.48;70.33;;;
45.102639;6.428544;1856.01;-37.9;8;3295;2155;100.5;70.31;;;
45.102525;6.428739;1857.52;-40.3;8;3297;2153;100.52;70.29;;;
45.102381;6.428892;1859.22;-55.5;8;3299;2151;100.54;70.27;;;
45.102214;6.428981;1860.98;-73.1;8;3300;2150;100.56;70.25;;;
45.102036;6.429028;1862.52;-82.3;8;3302;2148;100.58;70.23;;;
45.101864;6.429089;1864.16;-73.5;8;3304;2146;100.6;70.21;;;
45.101714;6.429233;1865.62;-53;8;3305;2145;100.62;70.19;;;
45.101572;6.429386;1867.67;-53.7;8;3307;2143;100.64;70.17;;;
45.101414;6.4295;1869.3;-69.5;8;3309;2141;100.66;70.15;;;
45.101239;6.429567;1870.82;-76.2;8;3310;2140;100.68;70.13;;;
45.101061;6.429608;1872.58;-83.7;8;3312;2138;100.7;70.11;;;
45.100883;6.429586;1874.35;-101.2;8;3314;2136;100.72;70.09;;;
45.100736;6.429447;1876.05;-128.2;8;3315;2135;100.74;70.07;;;
45.100606;6.429269;1877.62;-135.9;8;3317;2133;100.76;70.05;;;
45.100475;6.429094;1879.22;-133.2;8;3319;2131;100.78;70.03;;;
45.100328;6.428953;1880.91;-123;8;3320;2130;100.8;70.01;;;
45.100161;6.428861;1882.83;-105.2;8;3322;2128;100.82;69.99;;;
45.099981;6.428867;1884.36;-87.2;8;3324;2126;100.84;69.97;;;
45.099806;6.428917;1886.01;-78.7;8;3325;2125;100.86;69.95;;;
45.099625;6.428939;1887.76;-88.7;8;3327;2123;100.88;69.93;;;
45.099447;6.428931;1889.29;-92.3;8;3329;2121;100.9;69.91;;;
45.099267;6.428925;1890.87;-90;8;3330;2120;100.92;69.89;;;
45.099103;6.429019;1893.16;-62.3;8;3332;2118;100.94;69.87;;;
45.098978;6.429203;1894.68;-40.3;8;3334;2116;100.96;69.85;;;
45.098858;6.429392;1895.95;-45.5;8;3335;2115;100.98;69.83;;;
45.098708;6.429533;1897.51;-60.8;8;3337;2113;101;69.81;;;
45.098547;6.429642;1899.47;-67.2;8;3339;2111;101.02;69.79;;;
45.098372;6.429708;1901.07;-75.3;9;3341;2109;101.04;69.77;;;
45.098197;6.429756;1902.78;-78.8;9;3342;2108;101.06;69.75;;;
45.098019;6.429803;1904.66;-78.8;9;3344;2106;101.08;69.73;;;
45.097842;6.429847;1906.53;-80.1;9;3346;2104;101.1;69.71;;;
45.097667;6.429894;1908.22;-80.1;9;3348;2102;101.12;69.69;;;
45.097492;6.429953;1910.1;-77.1;9;3349;2101;101.14;69.67;;;
45.097319;6.430031;1912.04;-69.3;9;3351;2099;101.16;69.65;;;
45.097156;6.430136;1913.76;-62.9;9;3353;2097;101.18;69.63;;;
45.097006;6.430272;1915.13;-57;9;3354;2096;101.2;69.61;;;
45.096853;6.430406;1916.93;-59.9;9;3356;2094;101.22;69.59;;;
45.096683;6.430497;1918.68;-74.1;9;3358;2092;101.24;69.57;;;
45.096506;6.430528;1920.24;-87.3;8;3359;2091;101.26;69.55;;;
45.096328;6.430511;1921.84;-95;8;3361;2089;101.28;69.53;;;
45.096147;6.430506;1923.5;-90.9;8;3363;2087;101.3;69.51;;;
45.095967;6.4305;1925.1;-90;8;3364;2086;101.32;69.49;;;
45.095789;6.4305;1926.79;-90;8;3366;2084;101.34;69.47;;;
45.095608;6.430514;1928.87;-86.4;8;3368;2082;101.36;69.45;;;
45.095428;6.430517;1930.35;-90.9;7;3369;2081;101.38;69.43;;;
45.095247;6.430511;1931.79;-91.3;7;3371;2079;101.4;69.41;;;
45.095069;6.430511;1933.43;-90;6;3372;2078;101.42;69.39;;;
45.094892;6.430542;1935.1;-77.1;6;3374;2076;101.44;69.37;;;
45.094731;6.430653;1937.17;-59.6;6;3375;2075;101.46;69.35;;;
45.094586;6.430803;1937.95;-53.7;5;3377;2073;101.48;69.33;;;
45.094433;6.430942;1938.94;-58.8;5;3378;2072;101.5;69.31;;;
45.094283;6.431078;1939.89;-57.8;4;3379;2071;101.52;69.29;;;
45.094122;6.431192;1940.63;-64;4;3379;2071;101.54;69.27;;;
45.093961;6.431306;1941.66;-62.8;4;3380;2070;101.56;69.25;;;
45.093806;6.431431;1942.11;-60.4;4;3381;2069;101.58;69.23;;;
45.093647;6.431556;1942.64;-59.9;4;3382;2068;101.6;69.21;;;
45.093481;6.431647;1943.24;-69.5;4;3382;2068;101.62;69.19;;;
45.093311;6.431739;1943.81;-69.7;4;3383;2067;101.64;69.17;;;
45.093161;6.431875;1944.54;-53.7;3;3384;2066;101.66;69.15;;;
45.093042;6.432064;1945.38;-40.3;3;3384;2066;101.68;69.13;;;
45.092914;6.432244;1945.93;-47.8;3;3385;2065;101.7;69.11;;;
45.092758;6.432367;1946.59;-65.2;3;3385;2065;101.72;69.09;;;
45.092589;6.432447;1946.94;-73.5;3;3386;2064;101.74;69.07;;;
45.092419;6.432531;1947.49;-69.3;3;3387;2063;101.76;69.05;;;
45.092256;6.432633;1948.23;-64.1;3;3387;2063;101.78;69.03;;;
45.092103;6.432767;1948.94;-54.4;3;3388;2062;101.8;69.01;;;
45.091958;6.432922;1949.58;-51.1;3;3389;2061;101.82;68.99;;;
45.091844;6.433117;1950.33;-38.4;4;3390;2060;101.84;68.97;;;
45.091753;6.433336;1950.89;-31;4;3390;2060;101.86;68.95;;;
45.091653;6.433544;1951.68;-36.4;4;3391;2059;101.88;68.93;;;
45.091539;6.433742;1953.08;-40;4;3392;2058;101.9;68.91;;;
45.091433;6.433944;1953.45;-30.5;4;3393;2057;101.92;68.89;;;
45.091358;6.434178;1954.34;-21.9;4;3393;2057;101.94;68.87;;;
45.091314;6.434422;1954.93;-14.3;4;3394;2056;101.96;68.85;;;
45.091253;6.434661;1955.81;-21.8;4;3395;2055;101.98;68.83;;;
45.091164;6.434881;1956.54;-33.7;4;3396;2054;102;68.81;;;
45.091028;6.435044;1957.49;-53.7;4;3396;2054;102.02;68.79;;;
45.090867;6.435153;1958.25;-68.2;4;3397;2053;102.04;68.77;;;
45.090694;6.435233;1959.17;-73.7;4;3398;2052;102.06;68.75;;;
45.090519;6.435294;1960.14;-77.9;4;3399;2051;102.08;68.73;51;;
45.090344;6.43535;1960.7;-77.5;4;3400;2050;102.1;68.71;;;
45.090164;6.435358;1961.57;-87.8;4;3401;2049;102.12;68.69;;;
45.089986;6.435342;1962.88;-96.3;4;3401;2049;102.14;68.67;;;
45.089806;6.435311;1963.62;-97.5;4;3402;2048;102.16;68.65;;;
45.089628;6.435281;1964.21;-97.2;4;3403;2047;102.18;68.63;;;
45.089447;6.435289;1964.86;-87.4;4;3404;2046;102.2;68.61;;;
45.089269;6.435311;1965.43;-85;4;3405;2045;102.22;68.59;;;
45.089092;6.435353;1966.4;-81;5;3405;2045;102.24;68.57;;;
45.088914;6.435394;1967.18;-80.1;5;3406;2044;102.26;68.55;;;
45.088736;6.435433;1967.87;-81.4;5;3407;2043;102.28;68.53;;;
45.088558;6.435475;1968.51;-80.1;5;3408;2042;102.3;68.51;;;
45.088381;6.435517;1969.52;-79.5;5;3409;2041;102.32;68.49;;;
45.088206;6.435572;1970.51;-77.3;5;3410;2040;102.34;68.47;;;
45.088036;6.435658;1971.64;-70.1;5;3411;2039;102.36;68.45;;;
45.087869;6.435747;1972.66;-69.7;5;3412;2038;102.38;68.43;;;
45.087703;6.435844;1973.52;-66.2;5;3413;2037;102.4;68.41;;;
45.087542;6.435964;1974.86;-61.7;5;3414;2036;102.42;68.39;;;
45.087397;6.436114;1975.87;-52.6;5;3415;2035;102.44;68.37;;;
45.087256;6.436269;1976.92;-52.9;5;3416;2034;102.46;68.35;;;
45.087114;6.436425;1978.32;-51.4;5;3418;2032;102.48;68.33;;;
45.086972;6.436583;1979.6;-52.9;5;3419;2031;102.5;68.31;;;
45.086828;6.436736;1980.47;-52.6;5;3420;2030;102.52;68.29;;;
45.086683;6.436889;1981.73;-53;5;3421;2029;102.54;68.27;;;
45.086539;6.437039;1982.6;-54.8;5;3422;2028;102.56;68.25;;;
45.086389;6.437178;1984.17;-56.6;5;3423;2027;102.58;68.23;;;
45.086236;6.437308;1985;-61.1;6;3424;2026;102.6;68.21;;;
45.086069;6.437397;1985.88;-77.2;6;3425;2025;102.62;68.19;;;
45.085903;6.437314;1984.99;-118.9;6;3425;2025;102.64;68.17;;;
45.085775;6.437136;1985.09;-135.4;6;3426;2024;102.66;68.15;;;
45.085703;6.436911;1987.01;-165.7;6;3426;2024;102.68;68.13;;;
45.085717;6.436664;1987.66;165;7;3427;2023;102.7;68.11;;;
45.0858;6.436442;1988.93;150;7;3429;2021;102.72;68.09;;;
45.085903;6.436231;1990.14;146;7;3430;2020;102.74;68.07;;;
45.085989;6.436008;1992.06;151.8;7;3432;2018;102.76;68.05;;;
45.086058;6.435775;1993.81;158.2;8;3434;2016;102.78;68.03;;;
45.08615;6.435558;1995.75;145.5;8;3435;2015;102.8;68.01;;;
45.086267;6.435364;1997.86;137.4;8;3437;2013;102.82;67.99;;;
45.086389;6.435178;1999.72;137.4;9;3439;2011;102.84;67.97;;;
45.086514;6.434992;2001.39;136;9;3441;2009;102.86;67.95;;;
45.086636;6.434808;2003.92;137.7;9;3443;2007;102.88;67.93;;;
45.086758;6.434619;2005.67;137.7;9;3445;2005;102.9;67.91;;;
45.086881;6.434433;2007.66;135.4;10;3447;2003;102.92;67.89;;;
45.087014;6.434267;2009.32;127.8;10;3449;2001;102.94;67.87;;;
45.087161;6.434119;2013.44;124.5;10;3451;1999;102.96;67.85;;;
45.087311;6.433981;2013.4;123;10;3453;1997;102.98;67.83;;;
45.087464;6.433844;2015.76;123.4;10;3455;1995;103;67.81;;;
45.087619;6.433719;2017.25;120.4;10;3457;1993;103.02;67.79;;;
45.087778;6.433597;2019.34;118.9;10;3459;1991;103.04;67.77;;;
45.087922;6.433447;2020.93;131.9;9;3461;1989;103.06;67.75;;;
45.088042;6.433258;2023.3;141;9;3463;1987;103.08;67.73;;;
45.088131;6.433039;2024.66;154.1;9;3464;1986;103.1;67.71;;;
45.088181;6.432794;2027.13;167.2;9;3466;1984;103.12;67.69;;;
45.088233;6.432553;2027.99;160.3;9;3468;1982;103.14;67.67;;;
45.088364;6.432383;2030.17;123.4;9;3470;1980;103.16;67.65;;;
45.088525;6.432272;2032.54;116;9;3472;1978;103.18;67.63;;;
45.088678;6.432142;2034.21;123;9;3474;1976;103.2;67.61;;;
45.088822;6.431989;2036;126.3;9;3476;1974;103.22;67.59;;;
45.088972;6.431847;2038.11;121.2;9;3478;1972;103.24;67.57;;;
45.089133;6.431736;2039.67;111.8;8;3480;1970;103.26;67.55;;;
45.0893;6.431642;2041.5;111.8;8;3481;1969;103.28;67.53;;;
45.089464;6.431533;2043.52;117.2;8;3483;1967;103.3;67.51;;;
45.089625;6.431425;2045.7;113;8;3484;1966;103.32;67.49;;;
45.089792;6.431331;2047.53;110.3;8;3486;1964;103.34;67.47;;;
45.089956;6.431231;2048.55;116.5;8;3487;1963;103.36;67.45;;;
45.089953;6.431036;2049.01;-143.2;8;3488;1962;103.38;67.43;;;
45.089786;6.431106;2050;-60.7;8;3490;1960;103.4;67.41;;;
45.089622;6.431214;2051.91;-65.2;8;3491;1959;103.42;67.39;;;
45.089456;6.431306;2053.33;-69.1;9;3493;1957;103.44;67.37;;;
45.089281;6.431361;2055.11;-81.3;9;3495;1955;103.46;67.35;;;
45.0891;6.431361;2057.55;-92.7;9;3497;1953;103.48;67.33;;;
45.088919;6.431369;2058.86;-86.5;9;3499;1951;103.5;67.31;;;
45.088744;6.431369;2061.12;-96.5;9;3500;1950;103.52;67.29;;;
45.088739;6.431181;2061.7;143.9;9;3502;1948;103.54;67.27;;;
45.088917;6.431172;2063.11;85.2;9;3503;1947;103.56;67.25;;;
45.089094;6.431181;2065.07;90;8;3505;1945;103.58;67.23;;;
45.089272;6.431133;2066.88;106.5;8;3507;1943;103.6;67.21;;;
45.089431;6.431014;2069.14;120.1;8;3508;1942;103.62;67.19;;;
45.089583;6.430883;2070.34;120.4;8;3510;1940;103.64;67.17;;;
45.089753;6.430797;2072.1;107.8;7;3512;1938;103.66;67.15;;;
45.089928;6.430733;2073.73;105.6;7;3513;1937;103.68;67.13;;;
45.090089;6.430628;2075.28;118.9;7;3515;1935;103.7;67.11;;;
45.090239;6.430486;2076.55;124.1;6;3516;1934;103.72;67.09;;;
45.090389;6.430347;2078.72;122.2;6;3517;1933;103.74;67.07;;;
45.090542;6.430214;2079.38;121.1;6;3518;1932;103.76;67.05;;;
45.090608;6.430006;2080.52;178.6;7;3520;1930;103.78;67.03;;;
45.090444;6.430003;2081.51;-70.6;7;3521;1929;103.8;67.01;;;
45.090289;6.430131;2082.94;-57.8;7;3522;1928;103.82;66.99;;;
45.090125;6.430239;2083.28;-68.2;8;3524;1926;103.84;66.97;;;
45.08995;6.430294;2084.18;-80.1;8;3525;1925;103.86;66.95;;;
45.089772;6.430336;2086.23;-78.8;8;3527;1923;103.88;66.93;;;
45.089597;6.430389;2088.61;-77.5;8;3528;1922;103.9;66.91;;;
45.089419;6.430389;2089.98;-93.6;9;3530;1920;103.92;66.89;;;
45.089244;6.430322;2091.82;-107.6;9;3532;1918;103.94;66.87;;;
45.089072;6.43025;2093.78;-105.2;9;3534;1916;103.96;66.85;;;
45.088897;6.430194;2095.63;-101.2;9;3536;1914;103.98;66.83;;;
45.088719;6.430164;2097.8;-95;9;3538;1912;104;66.81;;;
45.088539;6.430181;2099.87;-84.6;9;3540;1910;104.02;66.79;;;
45.088361;6.430214;2102.26;-82.3;10;3542;1908;104.04;66.77;;;
45.088183;6.430239;2104.04;-86.4;10;3544;1906;104.06;66.75;;;
45.088003;6.430231;2106.08;-90.9;10;3546;1904;104.08;66.73;;;
45.087822;6.430231;2108.21;-90;10;3548;1902;104.1;66.71;;;
45.087644;6.430264;2110.08;-81;10;3550;1900;104.12;66.69;;;
45.087467;6.430308;2112.22;-80.1;10;3552;1898;104.14;66.67;;;
45.087289;6.43035;2114.58;-80.1;10;3554;1896;104.16;66.65;;;
45.087111;6.430392;2116.29;-81;10;3556;1894;104.18;66.63;;;
45.086944;6.430475;2118.26;-64;10;3558;1892;104.2;66.61;;;
45.086881;6.4307;2120.08;-7.3;10;3560;1890;104.22;66.59;;;
45.0869;6.430953;2122.15;5.2;10;3561;1889;104.24;66.57;;;
45.086894;6.431206;2123.67;-3.9;9;3563;1887;104.26;66.55;;;
45.086878;6.431458;2125.25;-7.1;9;3565;1885;104.28;66.53;;;
45.086844;6.431708;2126.96;-15;9;3567;1883;104.3;66.51;;;
45.086753;6.431925;2128.44;-36.1;9;3569;1881;104.32;66.49;;;
45.086619;6.432092;2130.29;-54;9;3570;1880;104.34;66.47;;;
45.086464;6.432222;2132.4;-61.7;9;3572;1878;104.36;66.45;;;
45.086306;6.432344;2134.14;-61.7;9;3574;1876;104.38;66.43;;;
45.086144;6.432456;2136.2;-66;9;3576;1874;104.4;66.41;;;
45.085972;6.432494;2137.83;-92.7;9;3578;1872;104.42;66.39;;;
45.085825;6.432358;2140.33;-131.5;9;3580;1870;104.44;66.37;;;
45.085736;6.432142;2141.85;-158.1;9;3582;1868;104.46;66.35;;;
45.085719;6.431889;2143.83;180;9;3584;1866;104.48;66.33;;;
45.085728;6.431636;2145.73;176.2;9;3585;1865;104.5;66.31;;;
45.085742;6.431383;2147.51;174.2;9;3587;1863;104.52;66.29;;;
45.085761;6.431131;2149.34;171;9;3589;1861;104.54;66.27;;;
45.085803;6.430883;2151.21;163.9;9;3591;1859;104.56;66.25;;;
45.085889;6.430664;2153.1;147.6;8;3593;1857;104.58;66.23;;;
45.086;6.430461;2154.77;142.4;8;3594;1856;104.6;66.21;;;
45.086103;6.430253;2156.74;144.4;8;3596;1854;104.62;66.19;;;
45.086211;6.430053;2158.2;141.2;8;3597;1853;104.64;66.17;;;
45.086344;6.429883;2159.8;126.3;7;3599;1851;104.66;66.15;;;
45.086503;6.429761;2161.21;118;7;3600;1850;104.68;66.13;;;
45.086647;6.429614;2162.21;132.6;7;3601;1849;104.7;66.11;;;
45.086644;6.429386;2162.79;-157.1;6;3602;1848;104.72;66.09;;;
45.086481;6.429383;2163.53;-70.8;6;3604;1846;104.74;66.07;;;
45.086342;6.429547;2164.33;-49.7;6;3605;1845;104.76;66.05;;;
45.086206;6.429711;2165.62;-53.7;7;3606;1844;104.78;66.03;;;
45.086053;6.429847;2167.45;-59.1;7;3607;1843;104.8;66.01;;;
45.085881;6.429908;2168.65;-78.4;7;3609;1841;104.82;65.99;;;
45.0857;6.429939;2171.1;-83.9;8;3610;1840;104.84;65.97;;;
45.085522;6.42995;2172.77;-88.6;8;3612;1838;104.86;65.95;;;
45.085344;6.429911;2174.04;-105;8;3614;1836;104.88;65.93;;;
45.085178;6.429814;2176.01;-114.3;8;3616;1834;104.9;65.91;;;
45.085042;6.429656;2178.08;-138.8;9;3618;1832;104.92;65.89;;;
45.084972;6.429422;2179.95;-157.6;9;3620;1830;104.94;65.87;;;
45.084894;6.429192;2181.64;-148.5;9;3622;1828;104.96;65.85;;;
45.084781;6.428997;2183.96;-139.7;9;3624;1826;104.98;65.83;;;
45.084661;6.428806;2185.82;-138.3;9;3626;1824;105;65.81;;;
45.08455;6.428608;2187.73;-141.6;9;3628;1822;105.02;65.79;;;
45.084444;6.428403;2189.96;-146;10;3630;1820;105.04;65.77;;;
45.084344;6.428192;2191.89;-146;10;3632;1818;105.06;65.75;;;
45.084222;6.428008;2193.76;-133.5;10;3634;1816;105.08;65.73;;;
45.084067;6.427878;2196.08;-117.1;10;3636;1814;105.1;65.71;;;
45.0839;6.427786;2197.69;-110.9;10;3638;1812;105.12;65.69;;;
45.083742;6.427664;2199.8;-120.4;10;3640;1810;105.14;65.67;;;
45.083603;6.427506;2201.88;-134.2;10;3641;1809;105.16;65.65;;;
45.083469;6.427336;2204.04;-129.2;10;3643;1807;105.18;65.63;;;
45.083314;6.427214;2205.47;-115.1;10;3645;1805;105.2;65.61;;;
45.083142;6.427133;2207.3;-107.8;10;3647;1803;105.22;65.59;;;
45.082972;6.427058;2209.18;-108.2;10;3649;1801;105.24;65.57;;;
45.0828;6.426981;2211.27;-107.3;10;3651;1799;105.26;65.55;;;
45.082628;6.426906;2213.08;-106.5;10;3653;1797;105.28;65.53;;;
45.082456;6.426831;2215.07;-106.5;10;3655;1795;105.3;65.51;;;
45.082283;6.426753;2217.26;-108.6;10;3657;1793;105.32;65.49;;;
45.082119;6.426653;2219;-112.8;10;3659;1791;105.34;65.47;;;
45.081956;6.42655;2221.31;-115.1;10;3661;1789;105.36;65.45;;;
45.081789;6.426447;2223.23;-114.3;10;3663;1787;105.38;65.43;;;
45.081625;6.426344;2224.83;-114.3;10;3665;1785;105.4;65.41;;;
45.081461;6.426239;2226.93;-114.3;10;3667;1783;105.42;65.39;;;
45.0813;6.426131;2229.08;-115.6;10;3668;1782;105.44;65.37;;;
45.081136;6.426025;2230.76;-114.8;9;3670;1780;105.46;65.35;;;
45.080967;6.425944;2232.88;-105.6;9;3672;1778;105.48;65.33;;;
45.080789;6.425967;2234.51;-77.1;9;3674;1776;105.5;65.31;;;
45.080642;6.426111;2234.67;-50.7;9;3676;1774;105.52;65.29;;;
45.080519;6.426297;2237.87;-44;9;3678;1772;105.54;65.27;;;
45.080389;6.426472;2239.5;-49.7;9;3679;1771;105.56;65.25;;;
45.080225;6.426569;2241.45;-72.7;9;3681;1769;105.58;65.23;;;
45.080047;6.426617;2243.19;-78.8;9;3683;1767;105.6;65.21;;;
45.079872;6.426661;2244.74;-79.8;9;3685;1765;105.62;65.19;;;
45.079694;6.426697;2246.58;-83.7;10;3687;1763;105.64;65.17;;;
45.079522;6.426631;2248.62;-110.3;10;3688;1762;105.66;65.15;;;
45.079364;6.426508;2250.14;-120.1;10;3690;1760;105.68;65.13;;;
45.079208;6.426381;2252.36;-120.9;10;3692;1758;105.7;65.11;;;
45.079058;6.426239;2253.9;-123;10;3694;1756;105.72;65.09;;;
45.078908;6.4261;2256.21;-123;10;3696;1754;105.74;65.07;;;
45.078756;6.425964;2258.14;-121.6;10;3698;1752;105.76;65.05;;;
45.078606;6.425825;2260.09;-123;10;3700;1750;105.78;65.03;;;
45.078453;6.425689;2262.11;-121.2;10;3702;1748;105.8;65.01;;;
45.0783;6.425553;2264.2;-120.9;10;3704;1746;105.82;64.99;;;
45.078153;6.425411;2266.07;-126.3;10;3706;1744;105.84;64.97;;;
45.078008;6.425258;2268.48;-126;9;3708;1742;105.86;64.95;;;
45.077906;6.425053;2270.05;-150.7;9;3710;1740;105.88;64.93;;;
45.077911;6.424806;2272.28;167.9;9;3712;1738;105.9;64.91;;;
45.078039;6.424644;2273.7;118.1;9;3714;1736;105.92;64.89;;;
45.078208;6.424556;2275.68;113;9;3716;1734;105.94;64.87;;;
45.078344;6.424392;2277.45;134.9;9;3717;1733;105.96;64.85;;;
45.078475;6.424217;2279.14;134.5;9;3719;1731;105.98;64.83;;;
45.078606;6.424042;2280.98;134.5;8;3721;1729;106;64.81;;;
45.078731;6.423858;2283.74;137.3;8;3722;1728;106.02;64.79;;;
45.078814;6.423639;2284.54;161.6;8;3724;1726;106.04;64.77;52;;
45.078842;6.423389;2286.22;171;8;3725;1725;106.06;64.75;;;
45.078872;6.423139;2287.5;171;8;3727;1723;106.08;64.73;;;
45.078925;6.422897;2288.81;159.9;7;3728;1722;106.1;64.71;;;
45.079008;6.422672;2290.06;150.2;7;3730;1720;106.12;64.69;;;
45.079133;6.422486;2291.26;135.4;7;3731;1719;106.14;64.67;;;
45.079264;6.422314;2292.73;132.2;7;3733;1717;106.16;64.65;;;
45.079397;6.422142;2294.44;132.6;7;3734;1716;106.18;64.63;;;
45.079531;6.421972;2295.8;131.5;7;3735;1715;106.2;64.61;;;
45.079686;6.421853;2297.1;110.5;7;3737;1713;106.22;64.59;;;
45.07985;6.421939;2298.49;59.9;7;3738;1712;106.24;64.57;;;
45.079931;6.422161;2299.51;20.6;6;3739;1711;106.26;64.55;;;
45.079947;6.422414;2301.1;5.2;6;3741;1709;106.28;64.53;;;
45.080047;6.422619;2302.25;43.5;6;3742;1708;106.3;64.51;;;
45.080172;6.4228;2303.84;40.3;6;3743;1707;106.32;64.49;;;
45.080244;6.423031;2305.07;19.5;6;3744;1706;106.34;64.47;;;
45.080253;6.423283;2306.65;-5.1;6;3746;1704;106.36;64.45;;;
45.0802;6.423522;2307.52;-21.9;6;3747;1703;106.38;64.43;;;
45.080164;6.423769;2308.58;-5.2;6;3748;1702;106.4;64.41;;;
45.080294;6.423897;2309.77;76.6;6;3750;1700;106.42;64.39;;;
45.080392;6.423708;2311.33;163.6;7;3751;1699;106.44;64.37;;;
45.080419;6.423456;2312.47;169.7;7;3752;1698;106.46;64.35;;;
45.080467;6.423211;2314.3;163.8;7;3754;1696;106.48;64.33;;;
45.080519;6.422969;2315.47;162.7;7;3755;1695;106.5;64.31;;;
45.080578;6.422728;2316.81;162;7;3757;1693;106.52;64.29;;;
45.080647;6.422494;2318.52;156.5;7;3758;1692;106.54;64.27;;;
45.080733;6.422272;2319.85;148.6;7;3759;1691;106.56;64.25;;;
45.080814;6.422047;2321.26;156.5;7;3761;1689;106.58;64.23;;;
45.080886;6.421814;2322.6;158.2;7;3762;1688;106.6;64.21;;;
45.080933;6.421569;2324.13;165.8;7;3764;1686;106.62;64.19;;;
45.080975;6.421322;2325.91;167.6;7;3765;1685;106.64;64.17;;;
45.081022;6.421075;2327.34;163.8;7;3767;1683;106.66;64.15;;;
45.081064;6.420831;2328.73;166.9;7;3768;1682;106.68;64.13;;;
45.081061;6.420578;2330.15;-174.8;7;3770;1680;106.7;64.11;;;
45.081022;6.420328;2331.52;-166;7;3771;1679;106.72;64.09;;;
45.080978;6.420083;2332.97;-165.8;7;3773;1677;106.74;64.07;;;
45.080931;6.419839;2334.21;-165.7;7;3774;1676;106.76;64.05;;;
45.080883;6.419594;2335.73;-165.2;7;3776;1674;106.78;64.03;;;
45.080842;6.419347;2337.4;-169.5;7;3777;1673;106.8;64.01;;;
45.080819;6.419094;2338.94;-172.3;7;3779;1671;106.82;63.99;;;
45.080814;6.418839;2340.57;-178.1;8;3780;1670;106.84;63.97;;;
45.080811;6.418586;2342.19;180;8;3782;1668;106.86;63.95;;;
45.0808;6.418333;2343.76;-176.1;8;3783;1667;106.88;63.93;;;
45.080789;6.418078;2345.05;-176.8;8;3785;1665;106.9;63.91;;;
45.080778;6.417825;2346.7;-176.8;8;3787;1663;106.92;63.89;;;
45.080756;6.417575;2348.25;-171.6;8;3788;1662;106.94;63.87;;;
45.080706;6.417331;2349.95;-160.4;8;3790;1660;106.96;63.85;;;
45.080628;6.417103;2351.62;-150.7;8;3791;1659;106.98;63.83;;;
45.080522;6.416897;2353.16;-141.6;8;3793;1657;107;63.81;;;
45.080392;6.416722;2354.66;-132.6;8;3794;1656;107.02;63.79;;;
45.080239;6.416589;2356.22;-121.2;8;3796;1654;107.04;63.77;;;
45.080078;6.416478;2357.83;-115.9;8;3798;1652;107.06;63.75;;;
45.079914;6.416372;2359.05;-115.1;8;3799;1651;107.08;63.73;;;
45.07975;6.416267;2360.71;-113.9;8;3801;1649;107.1;63.71;;;
45.079597;6.416136;2362.59;-125.2;8;3802;1648;107.12;63.69;;;
45.079478;6.415947;2363.89;-141.2;8;3804;1646;107.14;63.67;;;
45.079375;6.415739;2365.58;-145.5;8;3805;1645;107.16;63.65;;;
45.079281;6.415522;2367.22;-148.6;8;3807;1643;107.18;63.63;;;
45.079214;6.415289;2368.53;-165.7;8;3808;1642;107.2;63.61;;;
45.079178;6.415039;2369.91;-169.7;8;3810;1640;107.22;63.59;;;
45.079122;6.4148;2371.95;-157.6;8;3812;1638;107.24;63.57;;;
45.079022;6.414589;2373.81;-141.6;8;3814;1636;107.26;63.55;;;
45.078911;6.414392;2375.37;-140.7;8;3815;1635;107.28;63.53;;;
45.078792;6.414203;2377.19;-135.9;8;3817;1633;107.3;63.51;;;
45.07865;6.414042;2378.49;-127.1;8;3818;1632;107.32;63.49;;;
45.0785;6.413906;2380.47;-121.9;8;3820;1630;107.34;63.47;;;
45.078344;6.413775;2381.83;-121.2;8;3821;1629;107.36;63.45;;;
45.078189;6.41365;2383.36;-118.9;8;3823;1627;107.38;63.43;;;
45.078031;6.413528;2384.41;-119.2;8;3824;1626;107.4;63.41;;;
45.077875;6.413397;2386;-121.2;8;3826;1624;107.42;63.39;;;
45.077722;6.413264;2387.27;-121.2;8;3827;1623;107.44;63.37;;;
45.077575;6.413119;2388.86;-127.4;7;3828;1622;107.46;63.35;;;
45.077433;6.412967;2390.05;-127.8;7;3830;1620;107.48;63.33;;;
45.077297;6.412797;2391.18;-131.5;7;3831;1619;107.5;63.31;;;
45.077156;6.412642;2393.1;-124.1;7;3833;1617;107.52;63.29;;;
45.077006;6.412503;2394.22;-123;7;3834;1616;107.54;63.27;;;
45.076853;6.412367;2395.93;-123;7;3836;1614;107.56;63.25;;;
45.0767;6.412233;2397.1;-121.2;7;3837;1613;107.58;63.23;;;
45.076544;6.412106;2398.84;-119.7;7;3839;1611;107.6;63.21;;;
45.076386;6.411989;2400.6;-114.8;7;3841;1609;107.62;63.19;;;
45.076214;6.411911;2402.18;-102.5;8;3842;1608;107.64;63.17;;;
45.076044;6.411964;2403.74;-64;8;3844;1606;107.66;63.15;;;
45.075956;6.412175;2405.77;-19.6;8;3846;1604;107.68;63.13;;;
45.075936;6.412425;2407.41;-9.2;8;3847;1603;107.7;63.11;;;
45.075831;6.412628;2409.2;-43.2;8;3849;1601;107.72;63.09;;;
45.075675;6.412758;2410.62;-59.9;8;3850;1600;107.74;63.07;;;
45.075519;6.412883;2412.28;-59.9;8;3852;1598;107.76;63.05;;;
45.075361;6.413006;2413.51;-60.7;8;3854;1596;107.78;63.03;;;
45.0752;6.413119;2415.14;-63.2;8;3855;1595;107.8;63.01;;;
45.075036;6.413225;2416.87;-67;8;3857;1593;107.82;62.99;;;
45.074861;6.413272;2418.53;-82.8;8;3859;1591;107.84;62.97;;;
45.074681;6.413303;2420.39;-83.8;8;3860;1590;107.86;62.95;;;
45.074503;6.413328;2422.03;-85;8;3862;1588;107.88;62.93;;;
45.074325;6.413358;2423.77;-83.7;8;3864;1586;107.9;62.91;;;
45.074147;6.413325;2425.84;-101.6;8;3865;1585;107.92;62.89;;;
45.074006;6.413178;2427.42;-135.9;8;3867;1583;107.94;62.87;;;
45.073892;6.412978;2428.96;-142.1;8;3869;1581;107.96;62.85;;;
45.07375;6.412831;2430.6;-117.7;8;3870;1580;107.98;62.83;;;
45.073575;6.412783;2431.89;-95;7;3872;1578;108;62.81;;;
45.073397;6.412822;2433.86;-78.4;7;3873;1577;108.02;62.79;;;
45.073219;6.412856;2435.18;-84.6;7;3875;1575;108.04;62.77;;;
45.073039;6.412861;2437.03;-90;7;3877;1573;108.06;62.75;;;
45.072858;6.412872;2438.35;-85;7;3878;1572;108.08;62.73;;;
45.072683;6.412925;2439.82;-77.1;6;3879;1571;108.1;62.71;;;
45.072508;6.412981;2441.34;-77.1;6;3881;1569;108.12;62.69;;;
45.072331;6.413019;2442.62;-82.7;6;3882;1568;108.14;62.67;;;
45.072158;6.412967;2442.03;-111.6;6;3883;1567;108.16;62.65;;;
45.072078;6.412747;2443.8;-163.6;6;3884;1566;108.18;62.63;;;
45.072075;6.412494;2445.71;176.1;6;3886;1564;108.2;62.61;;;
45.072106;6.412244;2446.69;169.1;6;3887;1563;108.22;62.59;;;
45.072131;6.411992;2448.14;172.3;7;3888;1562;108.24;62.57;;;
45.072061;6.411764;2449.96;-147.6;7;3890;1560;108.26;62.55;;;
45.071906;6.411639;2451.71;-113;7;3891;1559;108.28;62.53;;;
45.071731;6.411592;2452.67;-98.7;7;3892;1558;108.3;62.51;;;
45.07155;6.411556;2454.07;-97;7;3893;1557;108.32;62.49;;;
45.071372;6.411533;2455.31;-95;7;3894;1556;108.34;62.47;;;
45.071192;6.411522;2456.96;-92.7;7;3895;1555;108.36;62.45;;;
45.071017;6.411472;2457.7;-104.3;7;3895;1555;108.38;62.43;;;
45.07085;6.411381;2456.6;-111.8;7;3897;1553;108.4;62.41;;;
45.070689;6.411261;2460.88;-117.1;7;3899;1551;108.42;62.39;;;
45.070528;6.411147;2462.56;-116.3;7;3901;1549;108.44;62.37;;;
45.070367;6.411036;2464.37;-115.1;7;3903;1547;108.46;62.35;;;
45.070203;6.410936;2465.96;-111.8;7;3905;1545;108.48;62.33;;;
45.070025;6.410889;2467.32;-98.6;7;3907;1543;108.5;62.31;;;
45.069847;6.410861;2468.7;-96.3;7;3909;1541;108.52;62.29;;;
45.069669;6.410825;2470.31;-98.6;7;3910;1540;108.54;62.27;;;
45.069497;6.410747;2471.81;-107.8;7;3912;1538;108.56;62.25;;;
45.069328;6.410658;2473.02;-111.5;7;3913;1537;108.58;62.23;;;
45.069197;6.410492;2474.65;-141.6;8;3914;1536;108.6;62.21;;;
45.069197;6.410244;2475.73;169.7;8;3916;1534;108.62;62.19;;;
45.069256;6.410006;2476.86;161.6;8;3918;1532;108.64;62.17;;;
45.069192;6.409794;2478.7;-137.3;8;3919;1531;108.66;62.15;;;
45.069028;6.409847;2480.55;-59.9;8;3921;1529;108.68;62.13;;;
45.068864;6.40995;2482.46;-71.6;9;3922;1528;108.7;62.11;;;
45.068686;6.409992;2483.97;-83.7;9;3924;1526;108.72;62.09;;;
45.068508;6.410042;2485.93;-76.2;9;3926;1524;108.74;62.07;;;
45.068356;6.410167;2487.97;-53.7;9;3928;1522;108.76;62.05;;;
45.068244;6.410364;2489.92;-29.9;9;3930;1520;108.78;62.03;;;
45.068211;6.410608;2491.67;-1.9;9;3931;1519;108.8;62.01;;;
45.068178;6.410856;2493;-16.4;9;3933;1517;108.82;61.99;;;
45.068022;6.410914;2494.68;-98.9;9;3934;1516;108.84;61.97;;;
45.067964;6.410697;2495.47;180;8;3936;1514;108.86;61.95;;;
45.068003;6.41045;2497.4;167.2;8;3937;1513;108.88;61.93;;;
45.068022;6.4102;2498.63;176.8;8;3938;1512;108.9;61.91;;;
45.068033;6.409944;2500.31;176.8;8;3940;1510;108.92;61.89;;;
45.068044;6.409692;2502.19;176.8;8;3941;1509;108.94;61.87;;;
45.068086;6.40945;2503.55;155.9;8;3943;1507;108.96;61.85;;;
45.068228;6.409311;2504.72;112.3;8;3944;1506;108.98;61.83;;;
45.068406;6.409275;2506.05;98.8;9;3946;1504;109;61.81;;;
45.068547;6.409128;2507.92;136.5;9;3948;1502;109.02;61.79;;;
45.06855;6.408883;2509.97;-167.7;9;3950;1500;109.04;61.77;;;
45.068433;6.408697;2512.02;-128.2;9;3952;1498;109.06;61.75;;;
45.068258;6.408667;2513.04;-90;9;3953;1497;109.08;61.73;;;
45.068083;6.408731;2515.31;-73.1;10;3955;1495;109.1;61.71;;;
45.067911;6.408806;2517.24;-72.2;10;3957;1493;109.12;61.69;;;
45.067742;6.408894;2519.4;-70.1;10;3960;1490;109.14;61.67;;;
45.067589;6.409025;2521.62;-53.7;10;3962;1488;109.16;61.65;;;
45.067486;6.409231;2523.51;-29.6;10;3964;1486;109.18;61.63;;;
45.067431;6.409472;2525.48;-17.4;9;3965;1485;109.2;61.61;;;
45.067386;6.409717;2527.35;-14.2;9;3967;1483;109.22;61.59;;;
45.067344;6.409964;2529.07;-13.1;9;3969;1481;109.24;61.57;;;
45.067311;6.410214;2531.07;-7.1;9;3971;1479;109.26;61.55;;;
45.067308;6.410467;2533.03;-1.9;9;3973;1477;109.28;61.53;;;
45.067247;6.4107;2534.27;-32.1;8;3974;1476;109.3;61.51;;;
45.067089;6.410661;2535.65;-121.1;8;3976;1474;109.32;61.49;;;
45.067044;6.410419;2536.97;-171;8;3977;1473;109.34;61.47;;;
45.067008;6.410169;2538.67;-167.2;8;3979;1471;109.36;61.45;;;
45.066969;6.409922;2540.32;-167.2;8;3980;1470;109.38;61.43;;;
45.066939;6.409672;2541.84;-172.9;9;3982;1468;109.4;61.41;;;
45.066931;6.409419;2543.45;-174.8;9;3983;1467;109.42;61.39;;;
45.066911;6.409167;2545.39;-172.9;9;3985;1465;109.44;61.37;;;
45.066783;6.409125;2545.93;-69;9;3987;1463;109.46;61.35;53;;
45.066644;6.409286;2548.18;-47.8;9;3988;1462;109.48;61.33;;;
45.066525;6.409478;2550.07;-42.3;10;3990;1460;109.5;61.31;;;
45.066361;6.409542;2552.71;-90;10;3992;1458;109.52;61.29;;;
45.066228;6.409383;2554.71;-140;10;3995;1455;109.54;61.27;;;
45.066142;6.409161;2556.65;-150.7;10;3997;1453;109.56;61.25;;;
45.065986;6.409147;2558.64;-69;10;3999;1451;109.58;61.23;;;
45.065953;6.409383;2560.8;3.9;10;4001;1449;109.6;61.21;;;
45.066025;6.409614;2562.67;25.8;10;4003;1447;109.62;61.19;;;
45.066117;6.409833;2564.78;29.9;11;4005;1445;109.64;61.17;;;
45.0662;6.410058;2567.03;28.2;11;4007;1443;109.66;61.15;;;
45.066278;6.410286;2568.85;23.5;11;4009;1441;109.68;61.13;;;
45.066344;6.410522;2570.69;21.9;11;4011;1439;109.7;61.11;;;
45.066417;6.410756;2573.1;27.5;11;4013;1437;109.72;61.09;;;
45.066519;6.410961;2575.67;36.4;11;4015;1435;109.74;61.07;;;
45.066633;6.411158;2577.9;38.8;11;4017;1433;109.76;61.05;;;
45.066711;6.411381;2579.43;16.4;11;4020;1430;109.78;61.03;;;
45.066644;6.411611;2581.61;-34;10;4022;1428;109.8;61.01;;;
45.066539;6.411814;2584.18;-36.9;10;4024;1426;109.82;60.99;;;
45.066447;6.412033;2586.42;-28.2;10;4027;1423;109.84;60.97;;;
45.066358;6.412256;2588.78;-29.6;10;4029;1421;109.86;60.95;;;
45.066267;6.412472;2590.88;-31.6;10;4031;1419;109.88;60.93;;;
45.066167;6.412683;2593.39;-35.8;9;4033;1417;109.9;60.91;;;
45.066061;6.412889;2594.98;-36.1;9;4035;1415;109.92;60.89;;;
45.065933;6.41305;2597.09;-59.5;9;4037;1413;109.94;60.87;;;
45.065919;6.412858;2599.09;154.1;9;4039;1411;109.96;60.85;;;
45.066011;6.412642;2600.59;152.5;9;4041;1409;109.98;60.83;;;
45.066078;6.412406;2602.66;159.8;9;4043;1407;110;60.81;;;
45.066122;6.412161;2603.96;167.9;9;4044;1406;110.02;60.79;;;
45.066142;6.411908;2605.06;174.3;9;4046;1404;110.04;60.77;;;
45.066147;6.411656;2606.58;178.1;8;4047;1403;110.06;60.75;;;
45.066142;6.411403;2608.02;-174.8;8;4049;1401;110.08;60.73;;;
45.066017;6.411233;2610.49;-120.4;8;4050;1400;110.1;60.71;;;
45.065853;6.411133;2611.74;-112.2;8;4052;1398;110.12;60.69;;;
45.065683;6.411042;2613.55;-110.3;8;4053;1397;110.14;60.67;;;
45.065519;6.410936;2613.43;-116.8;8;4054;1396;110.16;60.65;;;
45.065392;6.410761;2615.11;-137.7;8;4056;1394;110.18;60.63;;;
45.065297;6.410544;2617.23;-148.6;8;4057;1393;110.2;60.61;;;
45.065197;6.410336;2619.15;-143.9;8;4060;1390;110.22;60.59;;;
45.065092;6.410131;2621.74;-144.2;9;4062;1388;110.24;60.57;;;
45.064989;6.409922;2623.28;-146.3;9;4064;1386;110.26;60.55;;;
45.064878;6.409719;2626.08;-138.6;9;4066;1384;110.28;60.53;;;
45.06475;6.409544;2628.06;-129.7;9;4068;1382;110.3;60.51;;;
45.064608;6.409389;2629.28;-124.9;9;4070;1380;110.32;60.49;;;
45.064478;6.409217;2630.89;-139.7;9;4071;1379;110.34;60.47;;;
45.064378;6.409006;2632.84;-148.4;7;4073;1377;110.36;60.45;;;
45.064303;6.408775;2634.54;-154.2;5;4075;1375;110.38;60.43;;;
45.064233;6.408542;2636.45;-157.5;3;4076;1374;110.4;60.41;;;
45.0642;6.408292;2638.07;-174.9;1;4076;1374;110.42;60.39;;;
45.064189;6.408039;2639.58;-173.1;-1;4077;1373;110.44;60.37;;;
45.064075;6.407894;2640.87;-106.5;-2;4077;1373;110.46;60.35;54;summit;H
45.063972;6.408089;2637.43;-25.8;-4;4077;1373;110.48;60.33;;;
45.063903;6.408325;2638.59;-23.5;-6;4078;1372;110.5;60.31;;;
45.063842;6.408564;2632.76;-19.5;-8;4078;1372;110.52;60.29;;;
45.063778;6.4088;2631.41;-21.8;-10;4078;1372;110.54;60.27;;;
45.063669;6.408997;2629.68;-45.5;-10;4078;1372;110.56;60.25;;;
45.063531;6.409161;2628.17;-49.6;-10;4078;1372;110.58;60.23;;;
45.063414;6.409353;2625.45;-37.9;-11;4078;1372;110.6;60.21;;;
45.063344;6.409586;2623.71;-19.8;-11;4078;1372;110.62;60.19;;;
45.063283;6.409822;2620.69;-20.7;-11;4078;1372;110.64;60.17;;;
45.063189;6.410039;2618.45;-37.1;-11;4078;1372;110.66;60.15;;;
45.063061;6.410217;2616.46;-47.8;-11;4078;1372;110.68;60.13;;;
45.062947;6.410411;2614.09;-34;-11;4078;1372;110.7;60.11;;;
45.062872;6.410639;2611.79;-22.4;-11;4078;1372;110.72;60.09;;;
45.062828;6.410886;2609.06;-12.1;-11;4078;1372;110.74;60.07;;;
45.062781;6.411131;2606.96;-16.1;-10;4078;1372;110.76;60.05;;;
45.062736;6.411378;2605.16;-14;-10;4078;1372;110.78;60.03;;;
45.062664;6.411608;2604.1;-27.5;-9;4078;1372;110.8;60.01;;;
45.062531;6.411603;2602.51;-127.4;-9;4078;1372;110.82;59.99;;;
45.062581;6.411361;2599.88;158.1;-8;4078;1372;110.84;59.97;;;
45.0626;6.411108;2598.37;174.9;-8;4078;1372;110.86;59.95;;;
45.062528;6.410928;2597.63;-121.3;-8;4078;1372;110.88;59.93;;;
45.062472;6.411153;2595.63;-3.8;-8;4078;1372;110.9;59.91;;;
45.062414;6.411392;2594.15;-25.8;-8;4078;1372;110.92;59.89;;;
45.062319;6.4116;2592.57;-41.6;-8;4078;1372;110.94;59.87;;;
45.062256;6.411425;2591.08;174;-8;4078;1372;110.96;59.85;;;
45.0623;6.411178;2589.5;171;-8;4078;1372;110.98;59.83;;;
45.062281;6.410928;2588.04;-171.6;-8;4078;1372;111;59.81;;;
45.062247;6.410678;2585.84;-169.1;-8;4078;1372;111.02;59.79;;;
45.062231;6.410425;2584.38;-174.8;-8;4078;1372;111.04;59.77;;;
45.062231;6.410169;2583.04;180;-9;4078;1372;111.06;59.75;;;
45.062236;6.409917;2581.12;176.8;-9;4078;1372;111.08;59.73;;;
45.062289;6.409678;2579;158.1;-10;4078;1372;111.1;59.71;;;
45.062372;6.409453;2576.59;152.4;-10;4078;1372;111.12;59.69;;;
45.062467;6.409236;2574.45;147.8;-11;4078;1372;111.14;59.67;;;
45.062569;6.409028;2572.55;143.6;-10;4078;1372;111.16;59.65;;;
45.062683;6.408831;2570.68;137.4;-10;4078;1372;111.18;59.63;;;
45.062819;6.408667;2568.94;131.6;-9;4078;1372;111.2;59.61;;;
45.062922;6.408461;2567.65;153;-9;4078;1372;111.22;59.59;;;
45.062956;6.408214;2566.22;172.3;-8;4078;1372;111.24;59.57;;;
45.062956;6.407958;2564.29;-178.7;-8;4078;1372;111.26;59.55;;;
45.062953;6.407706;2562.41;-178.1;-8;4078;1372;111.28;59.53;;;
45.06295;6.407453;2559.8;180;-7;4078;1372;111.3;59.51;;;
45.0629;6.407208;2557.15;-158.7;-7;4078;1372;111.32;59.49;;;
45.062814;6.406986;2554.92;-150.7;-7;4078;1372;111.34;59.47;;;
45.062683;6.406817;2554.37;-126;-7;4078;1372;111.36;59.45;;;
45.062525;6.4067;2553.9;-114.8;-7;4078;1372;111.38;59.43;56;;
45.062367;6.406581;2553.21;-120;-7;4078;1372;111.4;59.41;;;
45.062222;6.406428;2550.92;-128.9;-7;4078;1372;111.42;59.39;;;
45.062117;6.406222;2549.58;-144.4;-7;4078;1372;111.44;59.37;;;
45.062014;6.406014;2548.6;-143.9;-7;4078;1372;111.46;59.35;;;
45.061892;6.405831;2547.76;-131.6;-7;4078;1372;111.48;59.33;;;
45.061722;6.40575;2546.53;-99.9;-6;4078;1372;111.5;59.31;;;
45.061558;6.405833;2545.41;-61.1;-6;4078;1372;111.52;59.29;;;
45.061469;6.406047;2544.11;-20.7;-6;4078;1372;111.54;59.27;;;
45.061503;6.406294;2542.99;18.4;-6;4078;1372;111.56;59.25;;;
45.061611;6.406494;2542.56;42.6;-6;4078;1372;111.58;59.23;;;
45.061742;6.406667;2541.08;48.5;-5;4078;1372;111.6;59.21;;;
45.061881;6.406828;2540.1;51.8;-5;4078;1372;111.62;59.19;;;
45.062039;6.406947;2538.64;65.2;-5;4078;1372;111.64;59.17;;;
45.062203;6.407053;2537.7;65.2;-5;4078;1372;111.66;59.15;;;
45.062364;6.407164;2536.72;64;-5;4078;1372;111.68;59.13;;;
45.062483;6.407347;2535.27;34.5;-5;4078;1372;111.7;59.11;;;
45.062506;6.407592;2534.91;-3.2;-5;4078;1372;111.72;59.09;;;
45.062436;6.407822;2534.19;-30.5;-5;4078;1372;111.74;59.07;;;
45.062297;6.407981;2533.21;-57.7;-5;4078;1372;111.76;59.05;;;
45.062133;6.408086;2532.07;-67.2;-5;4078;1372;111.78;59.03;;;
45.061967;6.408186;2530.97;-66.9;-4;4078;1372;111.8;59.01;;;
45.061803;6.408289;2529.87;-63.7;-4;4078;1372;111.82;58.99;;;
45.061658;6.408436;2529.06;-51.1;-4;4078;1372;111.84;58.97;;;
45.061556;6.408642;2528.4;-27.6;-5;4078;1372;111.86;58.95;;;
45.061511;6.408883;2527.86;-5.2;-6;4078;1372;111.88;58.93;;;
45.061503;6.409136;2526.26;1.9;-6;4078;1372;111.9;58.91;;;
45.061506;6.409389;2524.83;-1.3;-7;4078;1372;111.92;58.89;;;
45.061456;6.409631;2523.63;-23.5;-8;4078;1372;111.94;58.87;;;
45.061353;6.409839;2521.84;-40.2;-7;4078;1372;111.96;58.85;;;
45.061233;6.410031;2519.66;-41.4;-6;4078;1372;111.98;58.83;;;
45.061117;6.410222;2518.31;-40.2;-6;4078;1372;112;58.81;;;
45.061;6.410414;2517.37;-40.2;-5;4078;1372;112.02;58.79;;;
45.060889;6.410614;2516.79;-34.5;-4;4078;1372;112.04;58.77;;;
45.060792;6.410828;2516.05;-31.4;-4;4078;1372;112.06;58.75;;;
45.060719;6.411061;2515.34;-23.8;-4;4078;1372;112.08;58.73;;;
45.060667;6.411303;2514.57;-16.2;-4;4078;1372;112.1;58.71;;;
45.060603;6.411536;2514.33;-26.4;-4;4078;1372;112.12;58.69;;;
45.060444;6.411631;2513.46;-82.1;-4;4078;1372;112.14;58.67;;;
45.060317;6.411472;2512.38;-147.9;-5;4078;1372;112.16;58.65;;;
45.060342;6.411228;2511.19;159.8;-5;4078;1372;112.18;58.63;;;
45.060442;6.411017;2510.28;146;-6;4078;1372;112.2;58.61;;;
45.060542;6.410808;2508.04;145.5;-6;4078;1372;112.22;58.59;;;
45.060644;6.4106;2506.46;145.5;-7;4078;1372;112.24;58.57;;;
45.060744;6.410389;2505.13;147.6;-7;4078;1372;112.26;58.55;;;
45.060836;6.410169;2503.98;150.9;-6;4078;1372;112.28;58.53;;;
45.060906;6.409936;2503.35;161.7;-6;4078;1372;112.3;58.51;;;
45.060942;6.409689;2502.54;172.9;-5;4078;1372;112.32;58.49;;;
45.060961;6.409436;2501.36;172.9;-5;4078;1372;112.34;58.47;;;
45.060953;6.409181;2500.54;-178.1;-5;4078;1372;112.36;58.45;;;
45.060944;6.408928;2499.78;-178.1;-5;4078;1372;112.38;58.43;;;
45.060947;6.408675;2499.11;174.9;-5;4078;1372;112.4;58.41;;;
45.060964;6.408422;2497.38;174.8;-5;4078;1372;112.42;58.39;;;
45.060992;6.408172;2496.42;171;-5;4078;1372;112.44;58.37;;;
45.061019;6.407919;2494.97;171.6;-5;4078;1372;112.46;58.35;;;
45.061022;6.407667;2493.72;-176.2;-6;4078;1372;112.48;58.33;;;
45.060961;6.407433;2492.93;-154.2;-6;4078;1372;112.5;58.31;;;
45.060847;6.407239;2491.5;-136.8;-7;4078;1372;112.52;58.29;;;
45.060694;6.407106;2490.64;-115.6;-7;4078;1372;112.54;58.27;;;
45.060525;6.407019;2489.28;-107.8;-7;4078;1372;112.56;58.25;;;
45.060353;6.40695;2487.89;-105.2;-7;4078;1372;112.58;58.23;;;
45.060178;6.406897;2486.58;-101.2;-7;4078;1372;112.6;58.21;;;
45.059997;6.406881;2485.22;-93.6;-7;4078;1372;112.62;58.19;;;
45.059819;6.406897;2483.71;-86.4;-7;4078;1372;112.64;58.17;;;
45.059639;6.406931;2482.32;-79.7;-7;4078;1372;112.66;58.15;;;
45.059464;6.406978;2481.08;-77;-7;4078;1372;112.68;58.13;;;
45.059292;6.407047;2479.65;-74.8;-6;4078;1372;112.7;58.11;;;
45.059119;6.407122;2478.37;-71.8;-6;4078;1372;112.72;58.09;;;
45.058947;6.4072;2477.25;-72.2;-6;4078;1372;112.74;58.07;;;
45.058775;6.407269;2476.16;-76.2;-6;4078;1372;112.76;58.05;;;
45.0586;6.407331;2474.99;-75.7;-6;4078;1372;112.78;58.03;;;
45.058425;6.407392;2474.04;-75.7;-6;4078;1372;112.8;58.01;;;
45.058253;6.407472;2472.98;-70.1;-6;4078;1372;112.82;57.99;;;
45.058086;6.407561;2472.1;-69.5;-6;4078;1372;112.84;57.97;;;
45.057917;6.407647;2470.62;-70.8;-6;4078;1372;112.86;57.95;;;
45.057744;6.407722;2469.78;-75;-6;4078;1372;112.88;57.93;;;
45.057569;6.407783;2468.07;-76.6;-6;4078;1372;112.9;57.91;;;
45.057397;6.407856;2467.22;-72.2;-6;4078;1372;112.92;57.89;;;
45.057236;6.407964;2465.63;-58.8;-6;4078;1372;112.94;57.87;;;
45.057111;6.408144;2464.45;-40.2;-6;4078;1372;112.96;57.85;;;
45.057003;6.408347;2463.27;-36.1;-6;4078;1372;112.98;57.83;;;
45.056875;6.408525;2462.06;-48.8;-6;4078;1372;113;57.81;;;
45.056706;6.408586;2460.96;-86.3;-6;4078;1372;113.02;57.79;;;
45.056525;6.408575;2459.89;-93.5;-6;4078;1372;113.04;57.77;;;
45.056347;6.408556;2458.4;-95;-6;4078;1372;113.06;57.75;;;
45.056167;6.408542;2457.13;-92.2;-6;4078;1372;113.08;57.73;;;
45.055986;6.40855;2455.71;-88.7;-6;4078;1372;113.1;57.71;;;
45.055808;6.408553;2454.81;-91.4;-6;4078;1372;113.12;57.69;;;
45.055639;6.408472;2453.76;-116.3;-6;4078;1372;113.14;57.67;;;
45.055508;6.4083;2452.54;-137.4;-6;4078;1372;113.16;57.65;;;
45.055411;6.408089;2451.49;-150.1;-6;4078;1372;113.18;57.63;;;
45.055339;6.407856;2449.78;-158.6;-6;4078;1372;113.2;57.61;;;
45.055272;6.407619;2448.51;-158.1;-6;4078;1372;113.22;57.59;;;
45.055206;6.407383;2447.53;-158.7;-6;4078;1372;113.24;57.57;;;
45.055125;6.407158;2446.36;-151.8;-6;4078;1372;113.26;57.55;;;
45.055042;6.406933;2445.07;-152.4;-6;4078;1372;113.28;57.53;;;
45.05495;6.406714;2444.02;-150.7;-5;4078;1372;113.3;57.51;;;
45.054858;6.406494;2442.89;-150.4;-5;4078;1372;113.32;57.49;;;
45.054756;6.406286;2441.67;-140.6;-5;4078;1372;113.34;57.47;;;
45.054644;6.406089;2440.87;-141.6;-5;4078;1372;113.36;57.45;;;
45.054525;6.4059;2439.68;-136.8;-5;4078;1372;113.38;57.43;;;
45.054414;6.4057;2438.47;-146.3;-6;4078;1372;113.4;57.41;;;
45.054317;6.405489;2437.33;-147.6;-6;4078;1372;113.42;57.39;;;
45.054233;6.405261;2436.32;-152.5;-6;4078;1372;113.44;57.37;;;
45.05415;6.405036;2435.06;-152.5;-6;4078;1372;113.46;57.35;;;
45.054067;6.404811;2433.44;-153;-6;4078;1372;113.48;57.33;;;
45.053983;6.404586;2432.44;-152.5;-7;4078;1372;113.5;57.31;;;
45.0539;6.404361;2431.25;-152.5;-7;4078;1372;113.52;57.29;;;
45.053839;6.404125;2430.05;-163.8;-7;4078;1372;113.54;57.27;;;
45.053819;6.403875;2429.63;180;-7;4078;1372;113.56;57.25;;;
45.053836;6.403622;2427.44;172.9;-7;4078;1372;113.58;57.23;;;
45.053886;6.403378;2425.76;162;-7;4078;1372;113.6;57.21;;;
45.053931;6.403133;2424.66;167;-7;4078;1372;113.62;57.19;;;
45.053933;6.402881;2423.7;-176.2;-7;4078;1372;113.64;57.17;;;
45.053853;6.402658;2422.01;-143.9;-7;4078;1372;113.66;57.15;;;
45.053697;6.402547;2420.51;-106.5;-7;4078;1372;113.68;57.13;;;
45.053519;6.402558;2419.4;-83.7;-7;4078;1372;113.7;57.11;;;
45.053339;6.402581;2417.67;-88.7;-7;4078;1372;113.72;57.09;;;
45.053186;6.402461;2416.42;-131.2;-7;4078;1372;113.74;57.07;;;
45.053111;6.402233;2414.77;-162.1;-7;4078;1372;113.76;57.05;;;
45.0531;6.401981;2413.16;-178.1;-7;4078;1372;113.78;57.03;;;
45.0531;6.401728;2411.83;180;-7;4078;1372;113.8;57.01;;;
45.053069;6.401478;2410.14;-169.1;-7;4078;1372;113.82;56.99;;;
45.053028;6.401231;2408.87;-165.7;-7;4078;1372;113.84;56.97;;;
45.052975;6.400989;2407.36;-161.6;-7;4078;1372;113.86;56.95;;;
45.052919;6.400747;2406.18;-161.7;-7;4078;1372;113.88;56.93;;;
45.052883;6.4005;2404.57;-171;-8;4078;1372;113.9;56.91;;;
45.052903;6.400247;2402.49;171;-8;4078;1372;113.92;56.89;;;
45.052942;6.4;2400.94;163.8;-8;4078;1372;113.94;56.87;;;
45.053003;6.399761;2400.38;158.1;-8;4078;1372;113.96;56.85;;;
45.053069;6.399525;2397.81;156.5;-8;4078;1372;113.98;56.83;;;
45.053139;6.399292;2396.95;156.3;-8;4078;1372;114;56.81;;;
45.053197;6.399053;2395.09;161.6;-8;4078;1372;114.02;56.79;;;
45.053231;6.398803;2393.42;169.1;-8;4078;1372;114.04;56.77;;;
45.053264;6.398553;2392.72;169.1;-8;4078;1372;114.06;56.75;;;
45.053281;6.3983;2391;176.2;-8;4078;1372;114.08;56.73;;;
45.053292;6.398047;2389.31;176.2;-8;4078;1372;114.1;56.71;;;
45.053306;6.397794;2388.13;176.1;-8;4078;1372;114.12;56.69;;;
45.053319;6.397542;2386.29;176.8;-8;4078;1372;114.14;56.67;;;
45.053333;6.397289;2384.6;176.8;-8;4078;1372;114.16;56.65;;;
45.053339;6.397033;2383.06;180;-7;4078;1372;114.18;56.63;;;
45.053336;6.396781;2381.48;180;-7;4078;1372;114.2;56.61;;;
45.053333;6.396528;2379.95;180;-6;4078;1372;114.22;56.59;;;
45.053328;6.396272;2378.68;-178.1;-6;4078;1372;114.24;56.57;;;
45.053308;6.396019;2377.64;-174.3;-6;4078;1372;114.26;56.55;;;
45.053278;6.395769;2376.32;-167.9;-6;4078;1372;114.28;56.53;;;
45.053239;6.395522;2375.02;-167.9;-5;4078;1372;114.3;56.51;;;
45.053183;6.395281;2374.05;-162;-5;4078;1372;114.32;56.49;;;
45.053128;6.395039;2373.1;-160.4;-5;4078;1372;114.34;56.47;;;
45.053064;6.394803;2372.18;-158.1;-5;4078;1372;114.36;56.45;;;
45.052992;6.394569;2371.01;-154.2;-5;4078;1372;114.38;56.43;;;
45.052881;6.394372;2370.2;-134.9;-4;4078;1372;114.4;56.41;;;
45.052736;6.394225;2368.69;-123;-4;4078;1372;114.42;56.39;;;
45.052586;6.394086;2367.7;-123.4;-4;4078;1372;114.44;56.37;;;
45.05245;6.393922;2368.15;-135.9;-5;4078;1372;114.46;56.35;;;
45.052367;6.3937;2367.59;-158.2;-5;4078;1372;114.48;56.33;;;
45.052325;6.393453;2366.34;-167.9;-6;4078;1372;114.5;56.31;;;
45.052269;6.393211;2363.02;-159.9;-6;4078;1372;114.52;56.29;;;
45.052169;6.393;2361.32;-146.3;-7;4078;1372;114.54;56.27;;;
45.052028;6.392847;2359.89;-127.5;-7;4078;1372;114.56;56.25;;;
45.051872;6.392717;2359.41;-120.9;-6;4078;1372;114.58;56.23;;;
45.051731;6.392564;2359.91;-134.9;-6;4078;1372;114.6;56.21;;;
45.051658;6.392339;2358.05;-165.1;-5;4078;1372;114.62;56.19;;;
45.051664;6.392086;2354.96;173.1;-5;4078;1372;114.64;56.17;;;
45.051711;6.391842;2352.93;165.7;-5;4078;1372;114.66;56.15;;;
45.051781;6.391608;2354.47;157.6;-5;4078;1372;114.68;56.13;;;
45.05185;6.391372;2354.89;156.5;-4;4078;1372;114.7;56.11;;;
45.051917;6.391139;2352.98;157.6;-4;4078;1372;114.72;56.09;;;
45.051994;6.390908;2348.69;150.7;-4;4078;1372;114.74;56.07;;;
45.052092;6.390697;2350.35;143.1;-5;4078;1372;114.76;56.05;;;
45.052206;6.3905;2351.31;139.3;-6;4078;1372;114.78;56.03;;;
45.052331;6.390317;2351.01;135.1;-7;4078;1372;114.8;56.01;;;
45.052411;6.390094;2348.02;160.5;-8;4078;1372;114.82;55.99;;;
45.052383;6.389847;2343.26;-163.6;-9;4078;1372;114.84;55.97;;;
45.052267;6.389656;2335.88;-134.2;-9;4078;1372;114.86;55.95;;;
45.052111;6.389528;2339.23;-115.6;-8;4078;1372;114.88;55.93;;;
45.051936;6.389503;2342.07;-85.9;-8;4078;1372;114.9;55.91;;;
45.051786;6.389631;2341.47;-48.5;-7;4078;1372;114.92;55.89;;;
45.051669;6.389825;2340.45;-38.4;-7;4078;1372;114.94;55.87;;;
45.051558;6.390028;2338.07;-37.6;-7;4078;1372;114.96;55.85;;;
45.051453;6.390231;2335.38;-36.9;-7;4078;1372;114.98;55.83;;;
45.051347;6.390436;2334.62;-36.1;-6;4078;1372;115;55.81;;;
45.051242;6.390642;2332.71;-35.6;-6;4078;1372;115.02;55.79;;;
45.051136;6.390847;2331.41;-36.1;-6;4078;1372;115.04;55.77;;;
45.051017;6.391039;2330.51;-42.3;-6;4078;1372;115.06;55.75;;;
45.050881;6.3912;2329.85;-51.4;-6;4078;1372;115.08;55.73;;;
45.050739;6.391358;2328.25;-50.7;-7;4078;1372;115.1;55.71;;;
45.050597;6.391514;2326.78;-51.8;-7;4078;1372;115.12;55.69;;;
45.050456;6.391672;2325.83;-51.4;-7;4078;1372;115.14;55.67;;;
45.050317;6.391831;2324.13;-51.4;-8;4078;1372;115.16;55.65;;;
45.050186;6.392006;2323.07;-42.3;-8;4078;1372;115.18;55.63;;;
45.0501;6.392228;2321.13;-23.5;-9;4078;1372;115.2;55.61;;;
45.050069;6.392475;2320.14;-5.8;-9;4078;1372;115.22;55.59;;;
45.050089;6.392728;2317.1;7.1;-10;4078;1372;115.24;55.57;;;
45.050114;6.392978;2316.2;9;-9;4078;1372;115.26;55.55;;;
45.050117;6.393231;2313.68;-1.3;-8;4078;1372;115.28;55.53;;;
45.050033;6.393456;2312.58;-35.3;-8;4078;1372;115.3;55.51;;;
45.049889;6.393597;2311.54;-62.3;-7;4078;1372;115.32;55.49;;;
45.049722;6.393689;2310.13;-69.3;-6;4078;1372;115.34;55.47;;;
45.04955;6.393775;2307.82;-70.1;-6;4078;1372;115.36;55.45;;;
45.049386;6.393872;2306.29;-65.2;-7;4078;1372;115.38;55.43;;;
45.049233;6.394006;2304.4;-55.5;-7;4078;1372;115.4;55.41;;;
45.0491;6.394175;2302.97;-45.5;-8;4078;1372;115.42;55.39;;;
45.048978;6.394361;2302.86;-41.1;-8;4078;1372;115.44;55.37;;;
45.048864;6.394556;2302.12;-36.9;-8;4078;1372;115.46;55.35;;;
45.048772;6.394775;2298.46;-27.5;-8;4078;1372;115.48;55.33;;;
45.048719;6.395017;2297.09;-12.8;-7;4078;1372;115.5;55.31;;;
45.048689;6.395267;2296.53;-6.9;-7;4078;1372;115.52;55.29;;;
45.048675;6.395519;2295.07;-3.8;-7;4078;1372;115.54;55.27;;;
45.048644;6.395769;2294.51;-16.2;-7;4078;1372;115.56;55.25;;;
45.048594;6.396011;2292.54;-16.2;-8;4078;1372;115.58;55.23;;;
45.048522;6.396244;2291.32;-23.7;-8;4078;1372;115.6;55.21;;;
45.048419;6.396453;2288.98;-36.1;-9;4078;1372;115.62;55.19;;;
45.048297;6.396639;2288.06;-45.5;-9;4078;1372;115.64;55.17;;;
45.048167;6.396811;2286.01;-46.5;-8;4078;1372;115.66;55.15;;;
45.048033;6.396983;2283.55;-47.8;-7;4078;1372;115.68;55.13;;;
45.047903;6.397158;2282.04;-47.4;-7;4078;1372;115.7;55.11;;;
45.047778;6.397342;2280.71;-42.3;-6;4078;1372;115.72;55.09;;;
45.047656;6.397528;2279.28;-42.3;-5;4078;1372;115.74;55.07;;;
45.047539;6.397719;2279.79;-41.1;-5;4078;1372;115.76;55.05;;;
45.047422;6.397911;2277.46;-41.6;-5;4078;1372;115.78;55.03;;;
45.0473;6.3981;2276.61;-42.6;-6;4078;1372;115.8;55.01;;;
45.047181;6.398289;2275.04;-40.8;-6;4078;1372;115.82;54.99;;;
45.047058;6.398478;2272.36;-42.3;-6;4078;1372;115.84;54.97;;;
45.046933;6.398661;2272.78;-44.6;-6;4078;1372;115.86;54.95;;;
45.046811;6.398844;2272.88;-43.5;-7;4078;1372;115.88;54.93;;;
45.046678;6.399017;2271.75;-49.3;-7;4078;1372;115.9;54.91;;;
45.046544;6.399186;2269.42;-48.8;-8;4078;1372;115.92;54.89;;;
45.046406;6.399347;2266.31;-51.4;-8;4078;1372;115.94;54.87;;;
45.046264;6.399503;2264.21;-51.4;-8;4078;1372;115.96;54.85;;;
45.046122;6.399661;2265.68;-52.6;-9;4078;1372;115.98;54.83;;;
45.045981;6.399817;2261.91;-51.4;-9;4078;1372;116;54.81;;;
45.045836;6.399969;2258.71;-53.6;-10;4078;1372;116.02;54.79;;;
45.045689;6.400114;2258.1;-56.6;-10;4078;1372;116.04;54.77;;;
45.045542;6.400258;2256.29;-54.8;-9;4078;1372;116.06;54.75;;;
45.045394;6.400406;2254.55;-54.8;-8;4078;1372;116.08;54.73;;;
45.045247;6.400553;2253.61;-54.8;-7;4078;1372;116.1;54.71;;;
45.0451;6.4007;2252.74;-54.8;-6;4078;1372;116.12;54.69;;;
45.044942;6.400819;2252.12;-64.1;-5;4078;1372;116.14;54.67;;;
45.044769;6.400881;2249.57;-81;-5;4078;1372;116.16;54.65;;;
45.044592;6.400908;2248.81;-82.8;-5;4078;1372;116.18;54.63;;;
45.044417;6.400967;2247.09;-70.3;-6;4078;1372;116.2;54.61;;;
45.044264;6.4011;2246.56;-52.6;-6;4078;1372;116.22;54.59;;;
45.04415;6.401294;2246.03;-36.3;-6;4078;1372;116.24;54.57;;;
45.044047;6.401503;2243.59;-35.3;-6;4078;1372;116.26;54.55;;;
45.043939;6.401703;2243;-40.8;-6;4078;1372;116.28;54.53;;;
45.043789;6.401833;2241.52;-66.2;-6;4078;1372;116.3;54.51;;;
45.043611;6.401844;2240.06;-95.4;-6;4078;1372;116.32;54.49;;;
45.043458;6.401719;2238.85;-125.2;-6;4078;1372;116.34;54.47;;;
45.043342;6.401525;2236.18;-144.5;-6;4078;1372;116.36;54.45;;;
45.043244;6.401311;2235.69;-146.8;-6;4078;1372;116.38;54.43;;;
45.043147;6.401097;2235.12;-147;-7;4078;1372;116.4;54.41;;;
45.043053;6.400883;2233.17;-148.6;-7;4078;1372;116.42;54.39;;;
45.042953;6.400669;2229.75;-144.7;-7;4078;1372;116.44;54.37;;;
45.042847;6.400464;2230.47;-143.9;-7;4078;1372;116.46;54.35;;;
45.042733;6.400272;2227.88;-138.7;-7;4078;1372;116.48;54.33;;;
45.042611;6.400083;2226.19;-137.7;-8;4078;1372;116.5;54.31;;;
45.042492;6.399894;2226.54;-137.7;-8;4078;1372;116.52;54.29;;;
45.042369;6.399706;2225.87;-137;-8;4078;1372;116.54;54.27;;;
45.042247;6.399522;2224.15;-136.8;-8;4078;1372;116.56;54.25;;;
45.042114;6.39935;2222.48;-130.4;-8;4078;1372;116.58;54.23;;;
45.041972;6.399194;2219.5;-124.5;-8;4078;1372;116.6;54.21;;;
45.041819;6.399064;2217.4;-117.7;-8;4078;1372;116.62;54.19;;;
45.041658;6.398953;2215.37;-113.6;-8;4078;1372;116.64;54.17;;;
45.041494;6.398847;2215.17;-114.8;-8;4078;1372;116.66;54.15;;;
45.041328;6.398744;2214.42;-114.3;-8;4078;1372;116.68;54.13;;;
45.041167;6.398633;2211.99;-118.3;-8;4078;1372;116.7;54.11;;;
45.041017;6.398497;2208.75;-122.3;-8;4078;1372;116.72;54.09;;;
45.040864;6.398364;2208.48;-122.3;-8;4078;1372;116.74;54.07;;;
45.040711;6.398228;2206.52;-121.9;-8;4078;1372;116.76;54.05;;;
45.040558;6.398092;2205.41;-120.9;-8;4078;1372;116.78;54.03;;;
45.040408;6.397953;2202.48;-123;-7;4078;1372;116.8;54.01;;;
45.040256;6.397817;2202.54;-123;-7;4078;1372;116.82;53.99;;;
45.040106;6.397681;2200.16;-123;-7;4078;1372;116.84;53.97;;;
45.039953;6.397542;2198.17;-122;-7;4078;1372;116.86;53.95;;;
45.039817;6.397378;2197.64;-132.6;-7;4078;1372;116.88;53.93;;;
45.039689;6.3972;2194.8;-136.8;-8;4078;1372;116.9;53.91;;;
45.039567;6.397014;2192.6;-136.8;-8;4078;1372;116.92;53.89;;;
45.039444;6.396825;2193.97;-137;-8;4078;1372;116.94;53.87;;;
45.039328;6.396633;2191.83;-140.1;-8;4078;1372;116.96;53.85;;;
45.039214;6.396436;2189.84;-140.6;-7;4078;1372;116.98;53.83;;;
45.039097;6.396244;2188.49;-138.7;-7;4078;1372;117;53.81;;;
45.038978;6.396053;2185.63;-137.4;-6;4078;1372;117.02;53.79;;;
45.038858;6.395864;2183.42;-137.4;-6;4078;1372;117.04;53.77;;;
45.038739;6.395672;2183.27;-137.7;-7;4078;1372;117.06;53.75;;;
45.038622;6.395483;2183.17;-138.7;-7;4078;1372;117.08;53.73;;;
45.038517;6.395275;2183.32;-144.5;-8;4078;1372;117.1;53.71;;;
45.038436;6.39505;2181.33;-154.2;-8;4078;1372;117.12;53.69;;;
45.038389;6.394806;2178.78;-167.6;-9;4078;1372;117.14;53.67;;;
45.038361;6.394553;2175.96;-171.2;-8;4078;1372;117.16;53.65;;;
45.038333;6.394303;2175.74;-171;-7;4078;1372;117.18;53.63;;;
45.038306;6.394053;2174.14;-171.6;-6;4078;1372;117.2;53.61;;;
45.038278;6.3938;2171.98;-171.2;-5;4078;1372;117.22;53.59;;;
45.038275;6.393547;2171.85;178.1;-4;4078;1372;117.24;53.57;;;
45.038292;6.393294;2173.03;174.3;-5;4078;1372;117.26;53.55;;;
45.038311;6.393044;2171.49;180;-6;4078;1372;117.28;53.53;;;
45.038197;6.392867;2169.74;-121.1;-6;4078;1372;117.3;53.51;;;
45.038044;6.392958;2165.77;-49.8;-7;4078;1372;117.32;53.49;;;
45.038014;6.393203;2164.16;-1.9;-8;4078;1372;117.34;53.47;;;
45.038044;6.393453;2164.08;10.3;-8;4078;1372;117.36;53.45;;;
45.038056;6.393706;2162.83;1.9;-8;4078;1372;117.38;53.43;;;
45.03805;6.393961;2162.52;-6.9;-7;4078;1372;117.4;53.41;;;
45.038033;6.394211;2162.45;-5.8;-7;4078;1372;117.42;53.39;;;
45.038008;6.394464;2159.77;-10.9;-7;4078;1372;117.44;53.37;;;
45.037958;6.394708;2158.2;-18;-7;4078;1372;117.46;53.35;;;
45.037886;6.394939;2156.05;-27.5;-6;4078;1372;117.48;53.33;;;
45.0378;6.395161;2155.16;-29.3;-6;4078;1372;117.5;53.31;;;
45.037708;6.395381;2154.18;-29.6;-5;4078;1372;117.52;53.29;;;
45.037617;6.3956;2153.25;-30.9;-5;4078;1372;117.54;53.27;;;
45.037528;6.395819;2151.96;-29.3;-6;4078;1372;117.56;53.25;;;
45.037456;6.396053;2149.08;-21.3;-7;4078;1372;117.58;53.23;;;
45.037397;6.396292;2148.25;-17.9;-7;4078;1372;117.6;53.21;;;
45.037358;6.396539;2147.07;-12.8;-8;4078;1372;117.62;53.19;;;
45.037328;6.396789;2144.6;-9;-9;4078;1372;117.64;53.17;;;
45.037308;6.397042;2144.07;-5.7;-9;4078;1372;117.66;53.15;;;
45.037297;6.397294;2142.56;-1.9;-9;4078;1372;117.68;53.13;;;
45.037292;6.397547;2138.46;-1.3;-9;4078;1372;117.7;53.11;;;
45.037306;6.3978;2137.57;5.8;-9;4078;1372;117.72;53.09;;;
45.037361;6.398039;2135.33;25.8;-9;4078;1372;117.74;53.07;;;
45.037481;6.398225;2135.2;48.8;-8;4078;1372;117.76;53.05;;;
45.037642;6.398336;2133.23;68.4;-8;4078;1372;117.78;53.03;;;
45.037819;6.398361;2131.98;86.3;-7;4078;1372;117.8;53.01;;;
45.038;6.398356;2130.12;92.2;-7;4078;1372;117.82;52.99;;;
45.038178;6.398367;2129.17;83.7;-6;4078;1372;117.84;52.97;;;
45.03835;6.398444;2128.29;70.1;-6;4078;1372;117.86;52.95;;;
45.0385;6.398581;2128.45;51.4;-7;4078;1372;117.88;52.93;;;
45.038639;6.398744;2125.76;50;-7;4078;1372;117.9;52.91;;;
45.038769;6.398917;2123.56;47.4;-8;4078;1372;117.92;52.89;;;
45.0389;6.399092;2122.53;46.8;-8;4078;1372;117.94;52.87;;;
45.039033;6.399264;2120.81;47.4;-8;4078;1372;117.96;52.85;;;
45.039164;6.399436;2118.98;46.5;-8;4078;1372;117.98;52.83;;;
45.039297;6.399608;2117.75;47.4;-7;4078;1372;118;52.81;;;
45.039428;6.399781;2116.96;46.2;-7;4078;1372;118.02;52.79;;;
45.039561;6.399953;2116.11;47.8;-7;4078;1372;118.04;52.77;;;
45.039694;6.400125;2114.12;47.4;-6;4078;1372;118.06;52.75;;;
45.039825;6.400297;2112.02;47.8;-6;4078;1372;118.08;52.73;;;
45.039958;6.400469;2111.46;47.4;-5;4078;1372;118.1;52.71;;;
45.040092;6.400639;2109.82;47.8;-5;4078;1372;118.12;52.69;;;
45.040228;6.400806;2108.16;49.7;-4;4078;1372;118.14;52.67;;;
45.040372;6.400953;2106.4;56.6;-5;4078;1372;118.16;52.65;;;
45.040533;6.401067;2107.36;67.8;-6;4078;1372;118.18;52.63;;;
45.040703;6.401153;2107.61;69.7;-8;4078;1372;118.2;52.61;;;
45.040847;6.401294;2106.63;45.8;-9;4078;1372;118.22;52.59;;;
45.040864;6.401533;2103.34;-11.2;-10;4078;1372;118.24;52.57;;;
45.040725;6.401669;2099.11;-70.8;-9;4078;1372;118.26;52.55;;;
45.040558;6.401586;2098.85;-118.9;-8;4078;1372;118.28;52.53;;;
45.040417;6.401433;2097.27;-130.9;-7;4078;1372;118.3;52.51;;;
45.040264;6.401294;2098;-121.3;-6;4078;1372;118.32;52.49;;;
45.040106;6.401178;2095.84;-115.1;-5;4078;1372;118.34;52.47;;;
45.039944;6.401069;2094.86;-114.8;-5;4078;1372;118.36;52.45;;;
45.039781;6.400964;2092.97;-113.8;-6;4078;1372;118.38;52.43;;;
45.039611;6.400875;2092.47;-110.5;-6;4078;1372;118.4;52.41;;;
45.039442;6.400786;2091.6;-110.3;-7;4078;1372;118.42;52.39;;;
45.039269;6.400719;2091.07;-105.4;-7;4078;1372;118.44;52.37;;;
45.039092;6.400692;2088.94;-92.3;-7;4078;1372;118.46;52.35;;;
45.038914;6.400736;2086.62;-76.6;-7;4078;1372;118.48;52.33;;;
45.038758;6.400861;2084.7;-55.8;-8;4078;1372;118.5;52.31;;;
45.038642;6.401053;2082.39;-37.1;-8;4078;1372;118.52;52.29;;;
45.038558;6.401275;2080.54;-25.8;-8;4078;1372;118.54;52.27;;;
45.038489;6.401511;2080.32;-21.4;-8;4078;1372;118.56;52.25;;;
45.038428;6.401747;2078.53;-20.1;-8;4078;1372;118.58;52.23;;;
45.038364;6.401986;2076.19;-21.4;-8;4078;1372;118.6;52.21;;;
45.038303;6.402225;2074.5;-19.6;-8;4078;1372;118.62;52.19;;;
45.038239;6.402461;2072.19;-19.6;-8;4078;1372;118.64;52.17;;;
45.038167;6.402694;2071.51;-26;-7;4078;1372;118.66;52.15;;;
45.038036;6.402853;2069.43;-61.9;-7;4078;1372;118.68;52.13;;;
45.037856;6.40285;2068.08;-97.5;-6;4078;1372;118.7;52.11;;;
45.037678;6.402814;2066.06;-97.7;-6;4078;1372;118.72;52.09;;;
45.0375;6.402817;2064.89;-82.3;-5;4078;1372;118.74;52.07;;;
45.037342;6.402933;2063.43;-58.1;-5;4078;1372;118.76;52.05;;;
45.037225;6.403119;2064.17;-32.4;-4;4078;1372;118.78;52.03;;;
45.037136;6.403342;2064.11;-29.8;-4;4078;1372;118.8;52.01;;;
45.03705;6.403567;2063.54;-28.6;-3;4078;1372;118.82;51.99;;;
45.036947;6.403772;2063.27;-38.4;-3;4078;1372;118.84;51.97;;;
45.036833;6.403967;2060.89;-41.3;-3;4078;1372;118.86;51.95;;;
45.0367;6.404139;2060.58;-47.8;-3;4078;1372;118.88;51.93;;;
45.03655;6.404281;2060.64;-56.6;-3;4078;1372;118.9;51.91;;;
45.036389;6.404392;2059.7;-63.7;-3;4078;1372;118.92;51.89;;;
45.036228;6.4045;2058.94;-64.9;-3;4078;1372;118.94;51.87;;;
45.036064;6.404614;2058.39;-62.9;-3;4078;1372;118.96;51.85;;;
45.035906;6.404731;2058.25;-62.5;-3;4078;1372;118.98;51.83;57;;
45.035747;6.40485;2058.1;-61.1;-2;4078;1372;119;51.81;;;
45.035597;6.404992;2057.31;-52.6;-2;4078;1372;119.02;51.79;;;
45.035481;6.405183;2057.05;-40.2;-2;4078;1372;119.04;51.77;;;
45.035325;6.405144;2057.08;-111;-3;4078;1372;119.06;51.75;;;
45.03515;6.405086;2056.83;-99.9;-3;4078;1372;119.08;51.73;;;
45.034972;6.405044;2056.39;-100.3;-4;4078;1372;119.1;51.71;;;
45.034792;6.405019;2056.08;-95.3;-4;4078;1372;119.12;51.69;;;
45.034614;6.405044;2055.05;-81.4;-5;4078;1372;119.14;51.67;;;
45.034444;6.405125;2053.42;-69.7;-6;4078;1372;119.16;51.65;;;
45.034275;6.405217;2052.38;-69.7;-6;4078;1372;119.18;51.63;;;
45.034108;6.405303;2051.41;-70.5;-7;4078;1372;119.2;51.61;;;
45.033928;6.405317;2049.84;-90.9;-7;4078;1372;119.22;51.59;;;
45.033753;6.405261;2048.08;-109;-8;4078;1372;119.24;51.57;;;
45.033594;6.405144;2045.99;-118.4;-8;4078;1372;119.26;51.55;;;
45.033467;6.404969;2044.84;-139.2;-8;4078;1372;119.28;51.53;;;
45.033372;6.404756;2043.33;-151.8;-8;4078;1372;119.3;51.51;;;
45.033328;6.404511;2041.97;-169.5;-8;4078;1372;119.32;51.49;;;
45.033328;6.404258;2040.87;176.1;-8;4078;1372;119.34;51.47;;;
45.033353;6.404008;2038.78;172.9;-8;4078;1372;119.36;51.45;;;
45.033389;6.403758;2037.35;167.2;-8;4078;1372;119.38;51.43;;;
45.033433;6.403514;2035.48;165.7;-7;4078;1372;119.4;51.41;;;
45.033481;6.403267;2034.58;163.8;-7;4078;1372;119.42;51.39;;;
45.033531;6.403025;2033.39;163.8;-7;4078;1372;119.44;51.37;;;
45.033583;6.402781;2031.74;163.8;-7;4078;1372;119.46;51.35;;;
45.033633;6.402539;2029.85;163.4;-7;4078;1372;119.48;51.33;;;
45.033678;6.402292;2027.79;167.2;-7;4078;1372;119.5;51.31;;;
45.033717;6.402044;2024.88;167;-7;4078;1372;119.52;51.29;;;
45.033753;6.401794;2023.67;169.1;-7;4078;1372;119.54;51.27;;;
45.033786;6.401547;2025.1;168.8;-6;4078;1372;119.56;51.25;;;
45.033803;6.401294;2023.19;174.2;-5;4078;1372;119.58;51.23;;;
45.033819;6.401042;2022.31;174.8;-4;4078;1372;119.6;51.21;;;
45.033814;6.400786;2022.09;-178.1;-3;4078;1372;119.62;51.19;;;
45.0338;6.400533;2021.5;-174.9;-2;4078;1372;119.64;51.17;;;
45.033783;6.400281;2020.9;-174.3;-2;4078;1372;119.66;51.15;;;
45.03375;6.400033;2019.93;-167.7;-2;4078;1372;119.68;51.13;;;
45.033714;6.399783;2019.37;-167.9;-3;4078;1372;119.7;51.11;;;
45.033669;6.399539;2018.33;-165.1;-3;4078;1372;119.72;51.09;;;
45.033619;6.399294;2017.02;-164;-3;4078;1372;119.74;51.07;;;
45.033558;6.399056;2016.77;-158;-3;4078;1372;119.76;51.05;;;
45.033492;6.398819;2016.83;-158.2;-2;4078;1372;119.78;51.03;;;
45.033428;6.398583;2017.04;-158.2;-2;4078;1372;119.8;51.01;;;
45.033358;6.398347;2016.63;-156.5;-1;4078;1372;119.82;50.99;;;
45.033289;6.398114;2016.5;-156.5;-1;4078;1372;119.84;50.97;;;
45.033219;6.397881;2016.89;-155.7;-1;4078;1372;119.86;50.95;;;
45.033153;6.397644;2016.9;-158.7;-1;4078;1372;119.88;50.93;;;
45.033094;6.397406;2016.58;-161.6;-2;4078;1372;119.9;50.91;;;
45.03305;6.397158;2015.85;-167.9;-2;4078;1372;119.92;50.89;;;
45.033017;6.396908;2015.98;-171.2;-2;4078;1372;119.94;50.87;;;
45.032986;6.396658;2015.42;-171;-1;4078;1372;119.96;50.85;;;
45.032956;6.396408;2014.51;-171.6;0;4078;1372;119.98;50.83;;;
45.032928;6.396158;2014.5;-171;1;4078;1372;120;50.81;;;
45.0329;6.395908;2014.4;-171;2;4079;1371;120.02;50.79;;;
45.032872;6.395656;2014.92;-171.1;3;4079;1371;120.04;50.77;;;
45.032853;6.395406;2015.91;-176.8;2;4080;1370;120.06;50.75;;;
45.032839;6.395153;2016.87;-176.8;1;4080;1370;120.08;50.73;;;
45.032839;6.394897;2017.66;180;0;4081;1369;120.1;50.71;;;
45.032858;6.394647;2017.06;172.9;-1;4081;1369;120.12;50.69;;;
45.032883;6.394394;2017.02;172.9;-2;4081;1369;120.14;50.67;;;
45.032908;6.394144;2015.43;172.9;-2;4081;1369;120.16;50.65;;;
45.032931;6.393892;2015.43;172.3;-2;4081;1369;120.18;50.63;;;
45.032953;6.393639;2014.81;173.1;-1;4081;1369;120.2;50.61;;;
45.032969;6.393386;2015.7;174.9;-1;4081;1369;120.22;50.59;;;
45.032961;6.393133;2016.17;-176.2;-1;4081;1369;120.24;50.57;;;
45.032942;6.392881;2015.12;-173;-2;4081;1369;120.26;50.55;;;
45.0329;6.392633;2014.41;-166;-2;4081;1369;120.28;50.53;;;
45.03285;6.392392;2013.82;-161.6;-3;4081;1369;120.3;50.51;;;
45.032797;6.392147;2012.96;-162;-3;4081;1369;120.32;50.49;;;
45.032744;6.391906;2011.01;-163.8;-4;4081;1369;120.34;50.47;;;
45.032692;6.391664;2011.08;-163.4;-4;4081;1369;120.36;50.45;;;
45.032639;6.391419;2011.07;-164;-5;4081;1369;120.38;50.43;;;
45.032586;6.391178;2010.81;-163.8;-5;4081;1369;120.4;50.41;;;
45.032544;6.390931;2009.57;-169.1;-6;4081;1369;120.42;50.39;;;
45.032525;6.390678;2007.41;-174.9;-6;4081;1369;120.44;50.37;;;
45.032525;6.390425;2005.22;178.1;-6;4081;1369;120.46;50.35;;;
45.032542;6.390172;2005.12;173.1;-6;4081;1369;120.48;50.33;;;
45.032564;6.389922;2003.35;172.9;-6;4081;1369;120.5;50.31;;;
45.032597;6.389672;2002.38;169.7;-6;4081;1369;120.52;50.29;;;
45.032631;6.389422;2001.16;169.1;-6;4081;1369;120.54;50.27;;;
45.032664;6.389172;2000.06;169.1;-6;4081;1369;120.56;50.25;;;
45.0327;6.388925;1997.83;169.1;-6;4081;1369;120.58;50.23;;;
45.032736;6.388675;1997.33;169.1;-5;4081;1369;120.6;50.21;;;
45.032772;6.388428;1996.75;169.7;-5;4081;1369;120.62;50.19;;;
45.032811;6.388181;1995.67;167.6;-5;4081;1369;120.64;50.17;;;
45.032861;6.387936;1994.48;161.7;-5;4081;1369;120.66;50.15;;;
45.032911;6.387692;1993.4;163.8;-6;4081;1369;120.68;50.13;;;
45.032972;6.387453;1991.76;158.6;-6;4081;1369;120.7;50.11;;;
45.033033;6.387214;1989.46;160.4;-7;4081;1369;120.72;50.09;;;
45.033094;6.386978;1988.54;159.9;-7;4081;1369;120.74;50.07;;;
45.033158;6.386739;1986.52;160.4;-6;4081;1369;120.76;50.05;;;
45.033219;6.3865;1986.3;160.4;-5;4081;1369;120.78;50.03;;;
45.033281;6.386261;1985.89;159.9;-5;4081;1369;120.8;50.01;;;
45.033342;6.386022;1985.34;159.9;-4;4081;1369;120.82;49.99;;;
45.033397;6.385781;1984.97;163.8;-3;4081;1369;120.84;49.97;;;
45.033439;6.385533;1983.78;167.2;-4;4081;1369;120.86;49.95;;;
45.03345;6.385281;1982.83;180;-5;4081;1369;120.88;49.93;;;
45.033431;6.385031;1981.29;-171.6;-5;4081;1369;120.9;49.91;;;
45.033389;6.384783;1981.29;-164;-6;4081;1369;120.92;49.89;;;
45.033336;6.384542;1979.23;-163.4;-7;4081;1369;120.94;49.87;;;
45.033269;6.384306;1977.77;-157.5;-7;4081;1369;120.96;49.85;;;
45.033189;6.384081;1975.73;-148.4;-6;4081;1369;120.98;49.83;;;
45.033072;6.383889;1975.69;-135.9;-6;4081;1369;121;49.81;;;
45.032922;6.38375;1975.65;-118.9;-5;4081;1369;121.02;49.79;;;
45.032753;6.383658;1974.7;-109;-5;4081;1369;121.04;49.77;;;
45.032583;6.383578;1973.31;-107.8;-5;4081;1369;121.06;49.75;;;
45.032417;6.383486;1971.63;-112.5;-5;4081;1369;121.08;49.73;;;
45.032264;6.38335;1970.16;-124.2;-6;4081;1369;121.1;49.71;;;
45.032142;6.383164;1968.83;-138.9;-6;4081;1369;121.12;49.69;;;
45.032044;6.38295;1967.72;-150.2;-6;4081;1369;121.14;49.67;;;
45.031994;6.382708;1967.29;-165.2;-6;4081;1369;121.16;49.65;;;
45.031989;6.382456;1966.55;180;-6;4081;1369;121.18;49.63;;;
45.032011;6.382203;1964.29;173.1;-7;4081;1369;121.2;49.61;;;
45.032039;6.381953;1963.58;171;-7;4081;1369;121.22;49.59;;;
45.032067;6.381703;1963.32;171;-7;4081;1369;121.24;49.57;;;
45.032094;6.38145;1960.15;171.8;-7;4081;1369;121.26;49.55;;;
45.032125;6.3812;1958.9;169.1;-7;4081;1369;121.28;49.53;;;
45.032169;6.380956;1957.9;165.7;-7;4081;1369;121.3;49.51;;;
45.032214;6.380708;1956.68;165.8;-7;4081;1369;121.32;49.49;;;
45.032261;6.380464;1954.88;163.8;-7;4081;1369;121.34;49.47;;;
45.032319;6.380225;1953.99;160.4;-7;4081;1369;121.36;49.45;;;
45.032386;6.379989;1952.73;158.2;-7;4081;1369;121.38;49.43;;;
45.032453;6.379753;1951.7;157.5;-7;4081;1369;121.4;49.41;;;
45.032519;6.379517;1949.99;158.6;-7;4081;1369;121.42;49.39;;;
45.032586;6.379281;1949.5;158.6;-7;4081;1369;121.44;49.37;;;
45.032658;6.37905;1947.44;156.5;-7;4081;1369;121.46;49.35;;;
45.032731;6.378817;1945.9;155.7;-6;4081;1369;121.48;49.33;;;
45.032803;6.378583;1944.45;156.5;-6;4081;1369;121.5;49.31;;;
45.032883;6.378356;1944.08;152.8;-5;4081;1369;121.52;49.29;;;
45.032961;6.378128;1943.09;154.2;-5;4081;1369;121.54;49.27;;;
45.033044;6.377903;1941.52;152.4;-5;4081;1369;121.56;49.25;;;
45.033131;6.377681;1940.56;150.2;-6;4081;1369;121.58;49.23;;;
45.033219;6.377458;1938.99;150.7;-6;4081;1369;121.6;49.21;;;
45.033303;6.377233;1937.87;154.2;-7;4081;1369;121.62;49.19;;;
45.033383;6.377008;1935.42;154.2;-7;4081;1369;121.64;49.17;;;
45.033456;6.376778;1934.12;155.3;-7;4081;1369;121.66;49.15;;;
45.033528;6.376542;1933.49;158;-7;4081;1369;121.68;49.13;;;
45.033597;6.376311;1930.7;155.9;-7;4081;1369;121.7;49.11;;;
45.033683;6.376086;1930.16;152.4;-7;4081;1369;121.72;49.09;;;
45.033778;6.375872;1929.91;147.9;-7;4081;1369;121.74;49.07;;;
45.033883;6.375664;1927.37;142.1;-8;4081;1369;121.76;49.05;;;
45.033994;6.375464;1927.24;142.1;-8;4081;1369;121.78;49.03;;;
45.034103;6.375264;1925.09;143.1;-9;4081;1369;121.8;49.01;;;
45.034211;6.375058;1923.88;142.9;-9;4081;1369;121.82;48.99;;;
45.034314;6.374853;1921.66;143.9;-10;4081;1369;121.84;48.97;;;
45.034408;6.374636;1919.58;150.7;-9;4081;1369;121.86;48.95;;;
45.034481;6.374403;1917.13;158;-8;4081;1369;121.88;48.93;;;
45.0345;6.374153;1916.28;174.8;-6;4081;1369;121.9;48.91;;;
45.034508;6.373897;1916.83;178.7;-5;4081;1369;121.92;48.89;;;
45.034506;6.373644;1915.68;-178.7;-4;4081;1369;121.94;48.87;;;
45.034508;6.373392;1913.46;174.9;-5;4081;1369;121.96;48.85;;;
45.034539;6.373142;1911.58;167.2;-5;4081;1369;121.98;48.83;;;
45.034578;6.372894;1911.1;165.8;-6;4081;1369;122;48.81;;;
45.034636;6.372656;1910.77;158.1;-6;4081;1369;122.02;48.79;;;
45.034708;6.372422;1909.33;154.2;-7;4081;1369;122.04;48.77;;;
45.034803;6.372206;1908.29;146;-7;4081;1369;122.06;48.75;;;
45.034917;6.372011;1905.97;135.5;-6;4081;1369;122.08;48.73;;;
45.035047;6.371839;1904.4;131.6;-6;4081;1369;122.1;48.71;;;
45.035189;6.371681;1902.87;127.9;-5;4081;1369;122.12;48.69;;;
45.035328;6.371519;1903.24;129.3;-5;4081;1369;122.14;48.67;;;
45.035469;6.371364;1901.89;128.6;-5;4081;1369;122.16;48.65;;;
45.035608;6.371203;1900.29;129.3;-5;4081;1369;122.18;48.63;;;
45.035747;6.371039;1898.63;129.3;-6;4081;1369;122.2;48.61;;;
45.035886;6.370878;1898.16;129.3;-6;4081;1369;122.22;48.59;;;
45.036022;6.370711;1896.82;132.6;-6;4081;1369;122.24;48.57;;;
45.03615;6.370536;1895.79;135.9;-6;4081;1369;122.26;48.55;;;
45.036264;6.370339;1894.63;140.8;-6;4081;1369;122.28;48.53;;;
45.036367;6.370128;1892.81;146;-6;4081;1369;122.3;48.51;;;
45.036458;6.369911;1891.83;150.7;-6;4081;1369;122.32;48.49;;;
45.03655;6.369694;1890.1;150.3;-6;4081;1369;122.34;48.47;;;
45.036636;6.369469;1890.03;152.5;-6;4081;1369;122.36;48.45;;;
45.036719;6.369244;1889.09;152.6;-6;4081;1369;122.38;48.43;;;
45.036817;6.369031;1887.25;146.8;-7;4081;1369;122.4;48.41;;;
45.036922;6.368825;1886.24;142.9;-7;4081;1369;122.42;48.39;;;
45.037039;6.368631;1884.62;138.3;-7;4081;1369;122.44;48.37;;;
45.03715;6.368433;1882.39;143.9;-7;4081;1369;122.46;48.35;;;
45.03725;6.368222;1881.23;148.6;-6;4081;1369;122.48;48.33;;;
45.037317;6.367989;1880.15;159.8;-6;4081;1369;122.5;48.31;;;
45.037381;6.36775;1880.27;158;-5;4081;1369;122.52;48.29;;;
45.037456;6.367519;1877.82;152.5;-5;4081;1369;122.54;48.27;;;
45.037542;6.367297;1876.14;150.2;-5;4081;1369;122.56;48.25;;;
45.037636;6.367083;1874.66;147.9;-5;4081;1369;122.58;48.23;;;
45.037736;6.366869;1874.47;146.3;-6;4081;1369;122.6;48.21;;;
45.037847;6.366669;1873.29;140.6;-6;4081;1369;122.62;48.19;;;
45.037964;6.366478;1871.81;139.8;-6;4081;1369;122.64;48.17;;;
45.038086;6.366292;1871.41;136.5;-6;4081;1369;122.66;48.15;;;
45.038211;6.366108;1870.98;135.4;-6;4081;1369;122.68;48.13;;;
45.038331;6.365919;1868.15;138.7;-6;4081;1369;122.7;48.11;;;
45.038444;6.365722;1866.49;144.5;-6;4081;1369;122.72;48.09;;;
45.0385;6.365486;1865.67;169.1;-6;4081;1369;122.74;48.07;;;
45.038397;6.365297;1864.18;-126;-5;4081;1369;122.76;48.05;;;
45.038225;6.365294;1862.93;-78.4;-4;4081;1369;122.78;48.03;;;
45.038094;6.365461;1861.73;-41.6;-3;4081;1369;122.8;48.01;;;
45.038028;6.365697;1862.27;-21.9;-2;4081;1369;122.82;47.99;;;
45.03795;6.365925;1862.78;-29.3;-1;4081;1369;122.84;47.97;;;
45.037839;6.366125;1863.12;-40.2;-2;4081;1369;122.86;47.95;;;
45.037703;6.366289;1862.63;-48.4;-2;4081;1369;122.88;47.93;;;
45.037561;6.36645;1862.44;-52.6;-3;4082;1368;122.9;47.91;;;
45.037417;6.3666;1860.06;-53.6;-3;4082;1368;122.92;47.89;;;
45.037272;6.366747;1858.83;-54.8;-4;4082;1368;122.94;47.87;;;
45.037125;6.366897;1858.9;-53.6;-4;4082;1368;122.96;47.85;;;
45.036986;6.367056;1857.48;-50.7;-4;4082;1368;122.98;47.83;;;
45.036858;6.367236;1856.25;-40.7;-4;4082;1368;123;47.81;;;
45.036744;6.367431;1855.97;-39;-4;4082;1368;123.02;47.79;;;
45.036633;6.367631;1854.19;-38.4;-4;4082;1368;123.04;47.77;;;
45.036506;6.367808;1853.32;-47.4;-5;4082;1368;123.06;47.75;;;
45.036364;6.367967;1853.46;-52.6;-6;4082;1368;123.08;47.73;;;
45.036219;6.368119;1852.48;-53.3;-6;4082;1368;123.1;47.71;;;
45.036064;6.368242;1852.45;-61.9;-7;4082;1368;123.12;47.69;;;
45.035894;6.368222;1849.54;-112.3;-8;4082;1368;123.14;47.67;;;
45.035822;6.368003;1847.14;-171;-7;4082;1368;123.16;47.65;;;
45.035897;6.367781;1846.23;143.1;-7;4082;1368;123.18;47.63;;;
45.036042;6.367633;1844.7;120.1;-6;4082;1368;123.2;47.61;;;
45.036197;6.367506;1843.81;121.9;-6;4082;1368;123.22;47.59;;;
45.036336;6.367344;1841.97;132.5;-5;4082;1368;123.24;47.57;;;
45.036444;6.367142;1842.04;144.2;-5;4082;1368;123.26;47.55;;;
45.036531;6.366919;1840.47;152;-5;4082;1368;123.28;47.53;;;
45.036611;6.366692;1839.46;152.5;-6;4082;1368;123.3;47.51;;;
45.036692;6.366467;1837.28;151.8;-6;4082;1368;123.32;47.49;;;
45.036772;6.366239;1836.56;154.2;-6;4082;1368;123.34;47.47;;;
45.036853;6.366011;1835.49;154.2;-6;4082;1368;123.36;47.45;;;
45.036931;6.365783;1835.03;154.2;-6;4082;1368;123.38;47.43;;;
45.037011;6.365556;1834.31;154;-6;4082;1368;123.4;47.41;;;
45.037089;6.365328;1832.24;154.2;-6;4082;1368;123.42;47.39;;;
45.037167;6.365097;1830.68;154.2;-6;4082;1368;123.44;47.37;;;
45.037247;6.364872;1828.73;152.4;-6;4082;1368;123.46;47.35;;;
45.037333;6.364647;1827.86;150.7;-6;4082;1368;123.48;47.33;;;
45.037431;6.364436;1828.17;145.5;-5;4082;1368;123.5;47.31;;;
45.037556;6.364256;1826.86;130.2;-5;4082;1368;123.52;47.29;;;
45.037706;6.364117;1826.17;120.1;-5;4082;1368;123.54;47.27;;;
45.037869;6.364011;1826.08;111;-6;4082;1368;123.56;47.25;;;
45.038039;6.363925;1825.09;107.8;-6;4082;1368;123.58;47.23;;;
45.038208;6.363844;1821.88;107.8;-7;4082;1368;123.6;47.21;;;
45.038375;6.363744;1820.11;114.3;-7;4082;1368;123.62;47.19;;;
45.038539;6.363639;1821.02;114.3;-8;4082;1368;123.64;47.17;;;
45.038703;6.363533;1820.55;115.2;-8;4082;1368;123.66;47.15;;;
45.038858;6.363408;1819.4;120.4;-7;4082;1368;123.68;47.13;;;
45.038944;6.363194;1812.98;162.3;-7;4082;1368;123.7;47.11;;;
45.038944;6.362944;1814.15;-172.3;-6;4082;1368;123.72;47.09;;;
45.038864;6.362719;1813.92;-150.3;-6;4082;1368;123.74;47.07;;;
45.038756;6.362517;1813;-142.7;-6;4082;1368;123.76;47.05;;;
45.038658;6.362303;1810.05;-150.2;-6;4082;1368;123.78;47.03;;;
45.038592;6.362069;1809.6;-160.5;-6;4082;1368;123.8;47.01;;;
45.038581;6.361817;1808.98;-176.8;-6;4082;1368;123.82;46.99;;;
45.038597;6.361564;1807.33;174.8;-6;4082;1368;123.84;46.97;;;
45.038619;6.361311;1805.2;171.6;-6;4082;1368;123.86;46.95;;;
45.038664;6.361067;1804.1;159.8;-5;4082;1368;123.88;46.93;;;
45.038753;6.360847;1804.41;146.3;-5;4082;1368;123.9;46.91;;;
45.038864;6.36065;1802.84;137.4;-4;4082;1368;123.92;46.89;;;
45.039;6.360483;1801.57;127.4;-4;4082;1368;123.94;46.87;;;
45.03915;6.360344;1799.81;120.1;-5;4082;1368;123.96;46.85;;;
45.039306;6.360217;1798.86;120.9;-6;4082;1368;123.98;46.83;;;
45.039458;6.360083;1798.5;121.6;-6;4082;1368;124;46.81;;;
45.039594;6.359919;1796.83;133;-7;4082;1368;124.02;46.79;;;
45.039694;6.359708;1794.48;150.3;-8;4082;1368;124.04;46.77;;;
45.039767;6.359475;1793.36;156.8;-8;4082;1368;124.06;46.75;;;
45.039819;6.359233;1791.29;165.8;-9;4082;1368;124.08;46.73;;;
45.039867;6.358989;1790.15;165.1;-9;4082;1368;124.1;46.71;;;
45.039914;6.358744;1790.08;165.8;-10;4082;1368;124.12;46.69;;;
45.039961;6.3585;1788.65;165.7;-10;4082;1368;124.14;46.67;;;
45.040019;6.358258;1786.46;160.5;-8;4082;1368;124.16;46.65;;;
45.040097;6.358031;1782.92;146.8;-7;4082;1368;124.18;46.63;;;
45.040225;6.357858;1781.73;129.7;-5;4082;1368;124.2;46.61;;;
45.040367;6.3577;1781.43;127.1;-4;4082;1368;124.22;46.59;;;
45.040508;6.357544;1780.17;128.6;-2;4082;1368;124.24;46.57;;;
45.04065;6.357389;1780.6;128.6;-3;4082;1368;124.26;46.55;;;
45.040786;6.357222;1781.44;131.5;-3;4082;1368;124.28;46.53;;;
45.040908;6.357036;1781.32;139.8;-4;4082;1368;124.3;46.51;;;
45.041014;6.356831;1781.31;143.7;-4;4082;1368;124.32;46.49;;;
45.041117;6.356625;1782.68;145.5;-5;4082;1368;124.34;46.47;;;
45.041244;6.356444;1775.54;132;-6;4082;1368;124.36;46.45;;;
45.041403;6.356331;1774.58;110.3;-7;4082;1368;124.38;46.43;;;
45.041575;6.35625;1774.56;106.5;-7;4082;1368;124.4;46.41;;;
45.041747;6.356181;1772.32;105.2;-8;4082;1368;124.42;46.39;;;
45.041911;6.356075;1772.21;116.3;-9;4082;1368;124.44;46.37;;;
45.042064;6.355942;1771.69;124.1;-8;4082;1368;124.46;46.35;;;
45.0422;6.355778;1768.3;130.4;-7;4082;1368;124.48;46.33;;;
45.042319;6.355589;1765.22;138.9;-7;4082;1368;124.5;46.31;;;
45.042417;6.355378;1764.01;151.2;-6;4082;1368;124.52;46.29;;;
45.042431;6.355128;1762.05;-174.9;-5;4082;1368;124.54;46.27;;;
45.042367;6.354897;1761.79;-150.3;-6;4082;1368;124.56;46.25;;;
45.042239;6.354725;1761.72;-126.4;-6;4082;1368;124.58;46.23;;;
45.042094;6.354569;1760.42;-127.1;-7;4082;1368;124.6;46.21;;;
45.041953;6.354414;1759.26;-129.3;-7;4082;1368;124.62;46.19;;;
45.041828;6.354236;1756.9;-138.3;-8;4082;1368;124.64;46.17;;;
45.041717;6.354033;1755.08;-142.1;-7;4082;1368;124.66;46.15;;;
45.041622;6.353819;1753.26;-148.6;-6;4082;1368;124.68;46.13;;;
45.041539;6.353594;1753.96;-152;-5;4082;1368;124.7;46.11;;;
45.041481;6.353353;1753.27;-163.8;-4;4082;1368;124.72;46.09;;;
45.041431;6.353111;1752;-163.8;-3;4082;1368;124.74;46.07;;;
45.041392;6.352864;1750.73;-167.6;-4;4082;1368;124.76;46.05;;;
45.04135;6.352617;1749.95;-167.6;-5;4082;1368;124.78;46.03;;;
45.041308;6.352367;1748.4;-165.4;-5;4082;1368;124.8;46.01;;;
45.041267;6.352122;1746.75;-165.7;-6;4082;1368;124.82;45.99;;;
45.041203;6.351883;1745.57;-158.7;-7;4082;1368;124.84;45.97;;;
45.041144;6.351644;1743.7;-161.7;-7;4082;1368;124.86;45.95;;;
45.041111;6.351397;1742.84;-174.8;-7;4082;1368;124.88;45.93;;;
45.041136;6.351147;1741.53;167.6;-8;4082;1368;124.9;45.91;;;
45.0412;6.350911;1741.19;159.9;-8;4082;1368;124.92;45.89;;;
45.041256;6.350669;1740.15;164;-8;4082;1368;124.94;45.87;;;
45.041278;6.350419;1737.57;176.1;-8;4082;1368;124.96;45.85;;;
45.041269;6.350167;1735.83;-176.1;-8;4082;1368;124.98;45.83;;;
45.041242;6.349914;1735.41;-171;-8;4082;1368;125;45.81;;;
45.041222;6.349661;1733.38;-174.3;-8;4082;1368;125.02;45.79;;;
45.041203;6.349411;1732.2;-172.9;-8;4082;1368;125.04;45.77;;;
45.041192;6.349156;1729.19;-176.8;-7;4082;1368;125.06;45.75;;;
45.041186;6.348903;1727.78;-178.1;-6;4082;1368;125.08;45.73;;;
45.041181;6.34865;1727.03;-178.7;-6;4082;1368;125.1;45.71;;;
45.041181;6.348394;1726.92;180;-5;4082;1368;125.12;45.69;;;
45.041197;6.348144;1725.88;172.9;-4;4082;1368;125.14;45.67;;;
45.041256;6.347903;1724.92;159.8;-4;4082;1368;125.16;45.65;;;
45.041344;6.347683;1723.62;150.3;-5;4082;1368;125.18;45.63;;;
45.041431;6.347461;1721.42;151.8;-5;4082;1368;125.2;45.61;;;
45.041494;6.347222;1719.72;162.6;-6;4082;1368;125.22;45.59;;;
45.041511;6.346972;1720.5;176.8;-6;4082;1368;125.24;45.57;;;
45.041478;6.346722;1718.27;-169.7;-6;4082;1368;125.26;45.55;;;
45.041411;6.346486;1717.33;-156.5;-7;4082;1368;125.28;45.53;;;
45.041314;6.346272;1716.68;-146.3;-7;4082;1368;125.3;45.51;;;
45.041211;6.346064;1715.2;-144.5;-8;4082;1368;125.32;45.49;;;
45.041128;6.345839;1712.96;-154.2;-8;4082;1368;125.34;45.47;;;
45.041075;6.345597;1711.34;-165.7;-8;4082;1368;125.36;45.45;;;
45.041053;6.345347;1709.39;-172.9;-8;4082;1368;125.38;45.43;;;
45.041069;6.345094;1707.81;172.9;-7;4082;1368;125.4;45.41;;;
45.041111;6.344847;1706.07;165.7;-7;4082;1368;125.42;45.39;;;
45.041158;6.344603;1704.51;165.7;-7;4082;1368;125.44;45.37;;;
45.041219;6.344364;1703.11;160.4;-7;4082;1368;125.46;45.35;;;
45.041278;6.344122;1701.65;160.2;-7;4082;1368;125.48;45.33;;;
45.041331;6.343881;1701.5;163.8;-6;4082;1368;125.5;45.31;;;
45.041386;6.343639;1699.7;162;-6;4082;1368;125.52;45.29;;;
45.041431;6.343394;1697.61;167;-6;4082;1368;125.54;45.27;;;
45.041456;6.343144;1695.8;176.1;-6;4082;1368;125.56;45.25;;;
45.041447;6.342892;1695.74;-171;-6;4082;1368;125.58;45.23;;;
45.041422;6.342639;1695.64;-171;-6;4082;1368;125.6;45.21;;;
45.041394;6.342389;1693.53;-171;-6;4082;1368;125.62;45.19;;;
45.041361;6.342139;1692;-169.1;-6;4082;1368;125.64;45.17;;;
45.041325;6.341892;1690.69;-168.8;-7;4082;1368;125.66;45.15;;;
45.041294;6.341642;1690.33;-172.3;-7;4082;1368;125.68;45.13;;;
45.041306;6.341389;1689.73;172.3;-8;4082;1368;125.7;45.11;;;
45.041364;6.34115;1687.77;156.5;-8;4082;1368;125.72;45.09;;;
45.041456;6.340933;1686.14;147.3;-9;4082;1368;125.74;45.07;;;
45.041569;6.340736;1683.05;142.1;-9;4082;1368;125.76;45.05;;;
45.041672;6.340528;1682.61;146;-9;4082;1368;125.78;45.03;;;
45.041769;6.340314;1681.16;148.4;-8;4082;1368;125.8;45.01;;;
45.041872;6.340108;1680.11;142.1;-8;4082;1368;125.82;44.99;;;
45.042014;6.339953;1679.18;125.2;-8;4082;1368;125.84;44.97;;;
45.042175;6.339839;1676.51;115.6;-8;4082;1368;125.86;44.95;;;
45.042333;6.339714;1674.23;122.3;-7;4082;1368;125.88;44.93;;;
45.042464;6.339542;1673.01;135.1;-7;4082;1368;125.9;44.91;58;;
45.04255;6.339322;1672.07;153.6;-6;4082;1368;125.92;44.89;;;
45.042628;6.339092;1671.18;154.2;-6;4082;1368;125.94;44.87;;;
45.042708;6.338864;1669.98;153;-6;4082;1368;125.96;44.85;;;
45.042822;6.338669;1668.53;135.4;-7;4082;1368;125.98;44.83;;;
45.042967;6.338522;1667.04;123.4;-7;4082;1368;126;44.81;;;
45.043117;6.338383;1665.4;123.4;-8;4082;1368;126.02;44.79;;;
45.043267;6.338244;1662.96;125.2;-8;4082;1368;126.04;44.77;;;
45.043417;6.3381;1661.41;124.1;-7;4082;1368;126.06;44.75;;;
45.043564;6.337956;1660.78;126.4;-6;4082;1368;126.08;44.73;;;
45.043708;6.337806;1659.26;126.4;-6;4082;1368;126.1;44.71;;;
45.043847;6.337644;1658.23;133;-5;4082;1368;126.12;44.69;;;
45.043967;6.337456;1657.84;139.3;-4;4082;1368;126.14;44.67;;;
45.044064;6.337242;1657.21;146;-4;4082;1368;126.16;44.65;;;
45.04415;6.337017;1656.13;154.2;-4;4082;1368;126.18;44.63;;;
45.044217;6.336783;1655.29;161.7;-4;4082;1368;126.2;44.61;;;
45.044258;6.336536;1655.33;169.7;-4;4082;1368;126.22;44.59;;;
45.044272;6.336283;1654.94;178.1;-4;4082;1368;126.24;44.57;;;
45.044281;6.336031;1653.44;178.1;-5;4082;1368;126.26;44.55;;;
45.044281;6.335778;1651.8;180;-6;4082;1368;126.28;44.53;;;
45.044281;6.335522;1649.99;180;-7;4082;1368;126.3;44.51;;;
45.044303;6.335272;1648;171;-8;4082;1368;126.32;44.49;;;
45.044339;6.335025;1645.77;165.7;-9;4082;1368;126.34;44.47;;;
45.044411;6.334792;1643.53;152.5;-8;4082;1368;126.36;44.45;;;
45.044511;6.334583;1642.71;142.1;-7;4082;1368;126.38;44.43;;;
45.044636;6.3344;1641.37;134.5;-7;4082;1368;126.4;44.41;;;
45.044772;6.334236;1640.48;128.6;-6;4082;1368;126.42;44.39;;;
45.044911;6.334072;1639.38;130.7;-5;4082;1368;126.44;44.37;;;
45.045056;6.333925;1638.74;121.3;-6;4082;1368;126.46;44.35;;;
45.045217;6.333817;1637.51;109;-6;4082;1368;126.48;44.33;;;
45.045392;6.333761;1636.43;99;-7;4082;1368;126.5;44.31;;;
45.045572;6.333736;1635.72;93.6;-7;4082;1368;126.52;44.29;;;
45.04575;6.333711;1636;96.3;-8;4082;1368;126.54;44.27;;;
45.045881;6.333561;1631.71;145.5;-7;4082;1368;126.56;44.25;;;
45.045775;6.333389;1628.34;-118.7;-6;4082;1368;126.58;44.23;;;
45.045594;6.333369;1628.64;-90;-4;4082;1368;126.6;44.21;;;
45.045414;6.333378;1628.82;-87.4;-3;4082;1368;126.62;44.19;;;
45.045236;6.333389;1628.77;-87.3;-2;4082;1368;126.64;44.17;;;
45.045056;6.3334;1627.87;-87.2;-3;4082;1368;126.66;44.15;;;
45.044875;6.333411;1627.37;-87.8;-3;4082;1368;126.68;44.13;;;
45.044697;6.333417;1626.15;-88.6;-4;4082;1368;126.7;44.11;;;
45.044517;6.333425;1625.17;-88.6;-4;4082;1368;126.72;44.09;;;
45.044336;6.333428;1624.45;-90;-5;4082;1368;126.74;44.07;;;
45.044158;6.333397;1622.96;-101.2;-6;4082;1368;126.76;44.05;;;
45.043989;6.333311;1621.7;-113.1;-6;4082;1368;126.78;44.03;;;
45.043847;6.333161;1620.9;-130.5;-7;4082;1368;126.8;44.01;;;
45.043719;6.332981;1619.64;-136;-7;4082;1368;126.82;43.99;;;
45.043589;6.332808;1618.25;-132.2;-8;4082;1368;126.84;43.97;;;
45.043456;6.332633;1616.75;-133.6;-8;4082;1368;126.86;43.95;;;
45.043331;6.332453;1614.79;-135.6;-8;4082;1368;126.88;43.93;;;
45.043231;6.332244;1612.51;-153;-7;4082;1368;126.9;43.91;;;
45.04325;6.331994;1610.04;167.7;-7;4082;1368;126.92;43.89;;;
45.043325;6.331767;1608.38;148.4;-7;4082;1368;126.94;43.87;;;
45.043425;6.331556;1607.54;143.7;-6;4082;1368;126.96;43.85;;;
45.043544;6.331369;1606.88;134.3;-5;4082;1368;126.98;43.83;;;
45.043706;6.331261;1605.98;111.6;-5;4082;1368;127;43.81;;;
45.043886;6.33125;1603.91;86.5;-4;4082;1368;127.02;43.79;;;
45.044053;6.331336;1603.42;67.2;-3;4082;1368;127.04;43.77;;;
45.044217;6.331444;1603.46;64.4;-4;4082;1368;127.06;43.75;;;
45.044378;6.331553;1602.68;64;-4;4082;1368;127.08;43.73;;;
45.044539;6.331672;1603.01;63.2;-5;4082;1368;127.1;43.71;;;
45.044697;6.331786;1602.49;64.1;-5;4082;1368;127.12;43.69;;;
45.044864;6.331886;1601.26;66.9;-6;4082;1368;127.14;43.67;;;
45.045042;6.331928;1599.56;83.9;-6;4082;1368;127.16;43.65;;;
45.045219;6.331931;1598.09;90;-5;4082;1368;127.18;43.63;;;
45.0454;6.331917;1597.53;96.3;-5;4082;1368;127.2;43.61;;;
45.045578;6.331886;1596.42;97.7;-4;4082;1368;127.22;43.59;;;
45.045753;6.331828;1595.87;103.8;-4;4082;1368;127.24;43.57;;;
45.045914;6.331714;1594.66;121.3;-5;4082;1368;127.26;43.55;;;
45.04605;6.33155;1594.23;133.5;-6;4082;1368;127.28;43.53;;;
45.046139;6.331333;1593.05;156.5;-6;4082;1368;127.3;43.51;;;
45.046186;6.331089;1591.34;167.6;-7;4082;1368;127.32;43.49;;;
45.046208;6.330836;1588.81;173.1;-8;4082;1368;127.34;43.47;;;
45.046222;6.330583;1587.57;176.8;-7;4082;1368;127.36;43.45;;;
45.046233;6.330331;1586.35;176.8;-6;4082;1368;127.38;43.43;;;
45.046239;6.330078;1585.84;178.1;-4;4082;1368;127.4;43.41;;;
45.046253;6.329822;1585.2;176.2;-3;4082;1368;127.42;43.39;;;
45.046264;6.329569;1585.16;176.2;-2;4082;1368;127.44;43.37;;;
45.046269;6.329317;1584.58;178.7;-3;4082;1368;127.46;43.35;;;
45.046261;6.329064;1583.62;-174.8;-4;4082;1368;127.48;43.33;;;
45.046192;6.328836;1583.39;-149.6;-6;4082;1368;127.5;43.31;;;
45.046031;6.328739;1580.5;-101.3;-7;4082;1368;127.52;43.29;;;
45.0459;6.328894;1577.55;-36.9;-8;4082;1368;127.54;43.27;;;
45.045833;6.329133;1576.79;-22;-7;4082;1368;127.56;43.25;;;
45.045744;6.329344;1576.58;-41.6;-7;4082;1368;127.58;43.23;;;
45.045575;6.329319;1575.25;-112.7;-6;4082;1368;127.6;43.21;59;;
45.045525;6.329103;1574.09;178;-6;4082;1368;127.62;43.19;;;
45.0456;6.328872;1572.94;151.8;-5;4082;1368;127.64;43.17;;;
45.045694;6.328656;1571.97;146;-5;4082;1368;127.66;43.15;;;
45.045792;6.328442;1571;146.8;-5;4082;1368;127.68;43.13;;;
45.045889;6.328228;1570.03;146.8;-5;4082;1368;127.7;43.11;;;
45.045983;6.328014;1569.06;147.6;-5;4082;1368;127.72;43.09;;;
45.046081;6.3278;1568.09;147.3;-5;4082;1368;127.74;43.07;;;
45.046178;6.327586;1567.12;146.3;-5;4082;1368;127.76;43.05;;;
45.046275;6.327372;1566.15;146.3;-5;4082;1368;127.78;43.03;;;
45.046372;6.327158;1565.18;146.3;-5;4082;1368;127.8;43.01;;;
45.046469;6.326944;1564.21;146.3;-5;4082;1368;127.82;42.99;;;
45.046567;6.326731;1563.25;146;-5;4082;1368;127.84;42.97;;;
45.046664;6.326517;1562.28;146.8;-5;4082;1368;127.86;42.95;;;
45.046761;6.326303;1561.31;146.8;-5;4082;1368;127.88;42.93;;;
45.046858;6.326089;1560.34;146.8;-5;4082;1368;127.9;42.91;;;
45.046956;6.325878;1559.37;146;-5;4082;1368;127.92;42.89;;;
45.047053;6.325664;1558.4;147.6;-5;4082;1368;127.94;42.87;;;
45.04715;6.32545;1557.43;147.9;-5;4082;1368;127.96;42.85;;;
45.047247;6.325233;1556.46;147;-5;4082;1368;127.98;42.83;;;
45.047342;6.325019;1555.49;148.1;-5;4082;1368;128;42.81;;;
45.047533;6.324592;1553.56;147.6;-5;4082;1368;128.04;42.77;;;
45.047631;6.324375;1552.59;147.8;-5;4082;1368;128.06;42.75;;;
45.047822;6.323947;1550.65;147.9;-5;4082;1368;128.1;42.71;;;
45.047922;6.323736;1549.68;146.3;-5;4082;1368;128.12;42.69;;;
45.048122;6.323314;1547.74;146;-5;4082;1368;128.16;42.65;;;
45.048225;6.323103;1546.77;144.5;-5;4082;1368;128.18;42.63;;;
45.048339;6.322631;1544.83;174.9;-5;4082;1368;128.22;42.59;;;
45.048303;6.322383;1543.87;-164;-5;4082;1368;128.24;42.57;;;
45.048239;6.322147;1542.9;-156.5;-5;4082;1368;128.26;42.55;;;
45.048181;6.321906;1541.93;-162.6;-6;4082;1368;128.28;42.53;;;
45.048161;6.3214;1539.99;180;-7;4082;1368;128.32;42.49;;;
45.048153;6.321147;1539.02;-178.1;-7;4082;1368;128.34;42.47;;;
45.048169;6.320642;1536.54;176.8;-6;4082;1368;128.38;42.43;;;
45.048197;6.320392;1532.99;169.5;-5;4082;1368;128.4;42.41;;;
45.048306;6.319908;1524.13;161.7;-4;4082;1368;128.44;42.37;;;
45.048342;6.319658;1529.54;171;-5;4082;1368;128.46;42.35;;;
45.048331;6.319153;1530.6;-173.1;-7;4082;1368;128.5;42.31;;;
45.048244;6.318661;1531.16;-165.1;-9;4082;1368;128.54;42.27;;;
45.048197;6.318417;1528.1;-163.8;-9;4082;1368;128.56;42.25;;;
45.048017;6.317986;1520.5;-137.7;-8;4082;1368;128.6;42.21;;;
45.047875;6.317831;1519.53;-128.3;-7;4082;1368;128.62;42.19;;;
45.047711;6.317403;1517.25;-172.9;-6;4082;1368;128.66;42.15;;;
45.047733;6.317156;1514.24;165.3;-5;4082;1368;128.68;42.13;;;
45.047933;6.316739;1513.26;141.3;-2;4082;1368;128.72;42.09;;;
45.048056;6.31655;1517.44;137;-1;4083;1367;128.74;42.07;;;
45.048183;6.316372;1520.46;132;-2;4084;1366;128.76;42.05;;;
45.048322;6.316211;1510.83;128.6;-3;4084;1366;128.78;42.03;;;
45.048633;6.315956;1513.82;117.1;-6;4085;1365;128.82;41.99;;;
45.048792;6.315833;1509.78;118.9;-7;4085;1365;128.84;41.97;;;
45.049047;6.315486;1507.21;146.8;-7;4085;1365;128.88;41.93;;;
45.049075;6.315239;1505.58;178.1;-8;4085;1365;128.9;41.91;;;
45.048897;6.314814;1498.92;-135.4;-8;4085;1365;128.94;41.87;;;
45.048764;6.314644;1498.71;-132.5;-7;4085;1365;128.96;41.85;60;;
45.048497;6.314306;1498.29;-128.9;-4;4085;1365;129;41.81;;;
45.048233;6.313958;1497.86;-132.2;-1;4085;1365;129.04;41.77;;;
45.048103;6.313786;1497.65;-133.5;-1;4085;1365;129.06;41.75;;;
45.047836;6.313442;1497.23;-132.2;-1;4085;1365;129.1;41.71;;;
45.047706;6.313269;1497.02;-134.3;-1;4085;1365;129.12;41.69;;;
45.047436;6.312931;1496.59;-132.2;-1;4085;1365;129.16;41.65;;;
45.047303;6.312761;1496.38;-131.6;-1;4085;1365;129.18;41.63;;;
45.047036;6.312422;1495.96;-131.5;-1;4085;1365;129.22;41.59;;;
45.046903;6.31225;1495.75;-132.6;-1;4085;1365;129.24;41.57;;;
45.046769;6.312081;1495.54;-132.2;-2;4085;1365;129.26;41.55;;;
45.046642;6.311903;1495.33;-136.5;-2;4085;1365;129.28;41.53;;;
45.046589;6.311433;1494.9;165.8;-3;4085;1365;129.32;41.49;;;
45.046647;6.311192;1494.69;162;-4;4085;1365;129.34;41.47;;;
45.046722;6.310697;1491.76;171;-4;4085;1365;129.38;41.43;61;;
45.046736;6.310444;1493.13;174.8;-4;4085;1365;129.4;41.41;;;
45.046739;6.309936;1490.89;180;-4;4085;1365;129.44;41.37;;;
45.046719;6.309683;1488.08;-172.4;-4;4085;1365;129.46;41.35;;;
45.046644;6.309189;1484.51;-166.9;-3;4085;1365;129.5;41.31;;;
45.046558;6.308694;1483.85;-165.2;-2;4085;1365;129.54;41.27;;;
45.046517;6.308447;1483.98;-166;-2;4085;1365;129.56;41.25;;;
45.046422;6.307958;1483.46;-162.1;-2;4085;1365;129.6;41.21;;;
45.046372;6.307717;1484.1;-163.4;-2;4085;1365;129.62;41.19;;;
45.046156;6.307322;1482.71;-127.4;-1;4085;1365;129.66;41.15;;;
45.046;6.307197;1481.88;-118.9;-1;4085;1365;129.68;41.13;;;
45.045686;6.306947;1482.7;-120.1;0;4085;1365;129.72;41.09;;;
45.045531;6.306822;1482.9;-120.4;1;4085;1365;129.74;41.07;;;
45.045375;6.306694;1483.73;-119.3;1;4085;1365;129.76;41.05;;;
45.045219;6.306567;1483.52;-120.1;0;4085;1365;129.78;41.03;;;
45.045019;6.306181;1483.53;-171;-1;4085;1365;129.82;40.99;;;
45.045042;6.305931;1482.58;169.1;-1;4085;1365;129.84;40.97;;;
45.0451;6.305431;1482.74;176.2;-2;4085;1365;129.88;40.93;;;
45.045092;6.305178;1482.55;-176.8;-3;4085;1365;129.9;40.91;;;
45.045039;6.304678;1480.1;-176.8;-4;4085;1365;129.94;40.87;;;
45.045072;6.304428;1480.76;167.9;-4;4085;1365;129.96;40.85;;;
45.045264;6.304003;1477.18;139.8;-4;4085;1365;130;40.81;;;
45.045408;6.30355;1476.6;174.8;-4;4085;1365;130.04;40.77;;;
45.045342;6.303317;1476.45;-150.7;-4;4085;1365;130.06;40.75;;;
45.045083;6.302967;1474.04;-132.2;-3;4085;1365;130.1;40.71;;;
45.044958;6.302783;1473.35;-137.7;-3;4085;1365;130.12;40.69;;;
45.044728;6.302394;1472.94;-142.1;-3;4085;1365;130.16;40.65;;;
45.044628;6.302186;1471.85;-150;-3;4085;1365;130.18;40.63;;;
45.044472;6.301731;1470.95;-159.3;-3;4085;1365;130.22;40.59;;;
45.044425;6.301486;1470.28;-171;-3;4085;1365;130.24;40.57;;;
45.044397;6.301233;1469.37;-173.1;-3;4085;1365;130.26;40.55;;;
45.044392;6.300981;1469.07;-178.7;-4;4085;1365;130.28;40.53;;;
45.044428;6.300478;1468.73;171;-5;4085;1365;130.32;40.49;;;
45.044453;6.300225;1467.34;171;-5;4085;1365;130.34;40.47;;;
45.0445;6.299722;1465.12;172.9;-3;4085;1365;130.38;40.43;;;
45.0445;6.299467;1463.21;180;-2;4085;1365;130.4;40.41;;;
45.0445;6.298964;1459.49;172.9;0;4085;1365;130.44;40.37;;;
45.044539;6.298717;1459.21;166.9;-3;4085;1365;130.46;40.35;;;
45.044611;6.298219;1461.54;169.1;-8;4085;1365;130.5;40.31;;;
45.044611;6.297714;1453.18;-174.8;-14;4085;1365;130.54;40.27;;;
45.0446;6.297461;1451.68;-176.1;-13;4085;1365;130.56;40.25;;;
45.044592;6.296953;1450.09;180;-10;4085;1365;130.6;40.21;;;
45.044561;6.296703;1448.02;-169.1;-8;4085;1365;130.62;40.19;;;
45.044414;6.296239;1444.08;-152.5;-7;4085;1365;130.66;40.15;;;
45.044336;6.296014;1444.09;-153.6;-7;4085;1365;130.68;40.13;;;
45.044214;6.295536;1441.06;-163.8;-6;4085;1365;130.72;40.09;;;
45.044164;6.295292;1439.97;-163.8;-6;4085;1365;130.74;40.07;;;
45.044114;6.295047;1437.87;-163.8;-7;4085;1365;130.76;40.05;;;
45.044064;6.294803;1436.73;-163.8;-7;4085;1365;130.78;40.03;;;
45.04395;6.294322;1434.22;-158.7;-8;4085;1365;130.82;39.99;;;
45.043883;6.294086;1431.95;-158.1;-9;4085;1365;130.84;39.97;;;
45.043725;6.293633;1428.64;-151.8;-7;4085;1365;130.88;39.93;;;
45.043636;6.293411;1427.75;-150.2;-6;4085;1365;130.9;39.91;;;
45.043469;6.292961;1425.36;-154.2;-4;4085;1365;130.94;39.87;;;
45.043414;6.292719;1425.09;-162.1;-4;4085;1365;130.96;39.85;;;
45.04335;6.292222;1423.65;-172.9;-5;4085;1365;131;39.81;;;
45.043314;6.291717;1421.69;-174.8;-5;4085;1365;131.04;39.77;;;
45.043297;6.291464;1420.11;-174.2;-5;4085;1365;131.06;39.75;;;
45.043275;6.290956;1417.82;-178.1;-4;4085;1365;131.1;39.71;;;
45.043269;6.290703;1416.41;-178.1;-4;4085;1365;131.12;39.69;;;
45.043317;6.2902;1415.81;169.1;-5;4085;1365;131.16;39.65;;;
45.043347;6.28995;1415.85;171;-5;4085;1365;131.18;39.63;;;
45.043353;6.289444;1411.7;-176.8;-6;4085;1365;131.22;39.59;;;
45.043364;6.289192;1409.36;174.8;-7;4085;1365;131.24;39.57;;;
45.0434;6.288944;1409.33;167.7;-7;4085;1365;131.26;39.55;;;
45.043444;6.288697;1408.8;165.7;-7;4085;1365;131.28;39.53;;;
45.043503;6.288197;1405.79;172.9;-8;4085;1365;131.32;39.49;;;
45.043525;6.287944;1405.39;174.8;-8;4085;1365;131.34;39.47;;;
45.043539;6.287436;1400.05;180;-6;4085;1365;131.38;39.43;;;
45.043544;6.287183;1398.31;176.8;-6;4085;1365;131.4;39.41;;;
45.043619;6.286692;1396.89;158.1;-4;4085;1365;131.44;39.37;;;
45.043692;6.286458;1396.47;156.5;-5;4085;1365;131.46;39.35;;;
45.043842;6.285997;1393.49;154.2;-6;4085;1365;131.5;39.31;;;
45.043983;6.285531;1391.17;156.3;-8;4085;1365;131.54;39.27;;;
45.044056;6.285297;1390.52;155.9;-6;4085;1365;131.56;39.25;;;
45.044186;6.284825;1386.23;162;-3;4085;1365;131.6;39.21;;;
45.044214;6.284575;1384.95;171;-1;4086;1364;131.62;39.19;;;
45.044189;6.284069;1389.01;-169.1;1;4087;1363;131.66;39.15;;;
45.044128;6.283833;1388.8;-156.5;0;4087;1363;131.68;39.13;;;
45.043967;6.283381;1388.06;-150.7;-1;4087;1363;131.72;39.09;;;
45.043875;6.283161;1387.66;-150;-1;4087;1363;131.74;39.07;;;
45.043781;6.282944;1387.63;-148.6;-1;4087;1363;131.76;39.05;62;;
45.043694;6.282722;1387.22;-150.2;-2;4087;1363;131.78;39.03;;;
45.043561;6.28225;1387.38;-162;-3;4087;1363;131.82;38.99;;;
45.043514;6.282006;1385.83;-166;-3;4087;1363;131.84;38.97;;;
45.043442;6.281508;1385.21;-167.9;-4;4087;1363;131.88;38.93;;;
45.0434;6.281261;1385.02;-166;-4;4087;1363;131.9;38.91;;;
45.043292;6.280778;1382.63;-160.4;-5;4087;1363;131.94;38.87;;;
45.043228;6.280542;1382.07;-160.4;-5;4087;1363;131.96;38.85;;;
45.043136;6.28005;1380.42;-169.1;-4;4087;1363;132;38.81;;;
45.043081;6.27955;1376.88;-172.9;-4;4087;1363;132.04;38.77;;;
45.043069;6.279297;1376.27;-176.1;-4;4087;1363;132.06;38.75;;;
45.043139;6.278803;1375.4;163.4;-5;4087;1363;132.1;38.71;;;
45.043203;6.278564;1374.27;159.8;-5;4087;1363;132.12;38.69;;;
45.043267;6.278069;1372.82;180;-5;4087;1363;132.16;38.65;;;
45.04325;6.277817;1370.55;-174.9;-5;4087;1363;132.18;38.63;;;
45.043117;6.277347;1369.13;-154.7;-4;4087;1363;132.22;38.59;;;
45.043039;6.277117;1367.73;-154.6;-4;4087;1363;132.24;38.57;;;
45.042972;6.276883;1368.83;-161.7;-4;4087;1363;132.26;38.55;;;
45.042919;6.276642;1368.25;-165.1;-4;4087;1363;132.28;38.53;;;
45.042883;6.276139;1366.37;178.7;-5;4087;1363;132.32;38.49;;;
45.042889;6.275883;1365.58;178.1;-5;4087;1363;132.34;38.47;;;
45.042856;6.275378;1361.01;-173.1;-5;4087;1363;132.38;38.43;;;
45.042831;6.275128;1361.76;-171.6;-6;4087;1363;132.4;38.41;;;
45.042747;6.274633;1360.1;-162.1;-6;4087;1363;132.44;38.37;;;
45.042697;6.274392;1358.64;-163.8;-6;4087;1363;132.46;38.35;;;
45.042583;6.273908;1356.49;-159.9;-5;4087;1363;132.5;38.31;;;
45.042489;6.273419;1356.2;-165.8;-4;4087;1363;132.54;38.27;;;
45.042458;6.273169;1355.4;-171;-4;4087;1363;132.56;38.25;;;
45.042408;6.272667;1352.61;-172.9;-3;4087;1363;132.6;38.21;;;
45.0424;6.272414;1349.74;180;-3;4087;1363;132.62;38.19;;;
45.042411;6.271906;1351.67;176.8;-3;4087;1363;132.66;38.15;;;
45.042425;6.271653;1349.16;176.2;-3;4087;1363;132.68;38.13;;;
45.042458;6.271147;1348.61;174.9;-3;4087;1363;132.72;38.09;;;
45.042472;6.270894;1346.2;174.9;-3;4087;1363;132.74;38.07;;;
45.042494;6.270642;1345.64;171.8;-3;4087;1363;132.76;38.05;;;
45.042522;6.270392;1344.46;171;-3;4087;1363;132.78;38.03;;;
45.042589;6.269894;1344.72;168.9;-3;4087;1363;132.82;37.99;;;
45.042633;6.269647;1341.66;165.7;-3;4087;1363;132.84;37.97;;;
45.042725;6.269156;1343.57;166;-3;4087;1363;132.88;37.93;;;
45.042769;6.268911;1342.94;165.7;-4;4087;1363;132.9;37.91;;;
45.042833;6.268411;1342.03;171;-4;4087;1363;132.94;37.87;;;
45.042847;6.268158;1341.44;178.1;-4;4087;1363;132.96;37.85;;;
45.042814;6.267653;1339.43;-171.2;-4;4087;1363;133;37.81;;;
45.042747;6.267156;1341.12;-169.1;-4;4087;1363;133.04;37.77;;;
45.042711;6.266906;1339.61;-167.2;-4;4087;1363;133.06;37.75;;;
45.042628;6.266414;1334.16;-167.6;-4;4087;1363;133.1;37.71;;;
45.042583;6.266167;1333.93;-165.1;-4;4087;1363;133.12;37.69;;;
45.042494;6.265675;1332.45;-165.1;-4;4087;1363;133.16;37.65;;;
45.042439;6.265433;1331.76;-162.1;-4;4087;1363;133.18;37.63;;;
45.042331;6.26495;1330.64;-163.8;-3;4087;1363;133.22;37.59;;;
45.042275;6.264708;1330.51;-161.7;-3;4087;1363;133.24;37.57;;;
45.042222;6.264464;1330.19;-162;-3;4087;1363;133.26;37.55;;;
45.042169;6.264222;1329.13;-163.8;-2;4087;1363;133.28;37.53;;;
45.042061;6.263739;1328.47;-161.6;-1;4087;1363;133.32;37.49;;;
45.042008;6.263497;1329.04;-161.7;-1;4087;1363;133.34;37.47;;;
45.0419;6.263011;1327.99;-163.8;-1;4087;1363;133.38;37.43;;;
45.041844;6.262769;1327.47;-162.1;-1;4087;1363;133.4;37.41;;;
45.041744;6.262283;1326.68;-163.6;-1;4087;1363;133.44;37.37;;;
45.041692;6.262039;1326.51;-162.6;-1;4087;1363;133.46;37.35;;;
45.041581;6.261556;1326.89;-162.6;0;4087;1363;133.5;37.31;;;
45.041444;6.261089;1329.05;-154.2;1;4088;1362;133.54;37.27;;;
45.041356;6.260867;1328.83;-148.4;0;4088;1362;133.56;37.25;;;
45.041131;6.260472;1327.79;-135.9;-3;4088;1362;133.6;37.21;;;
45.040994;6.260308;1326.98;-127.1;-4;4088;1362;133.62;37.19;;;
45.040692;6.260036;1325.05;-119.2;-4;4088;1362;133.66;37.15;;;
45.040531;6.259922;1323.7;-116.3;-3;4088;1362;133.68;37.13;;;
45.040228;6.259656;1322.55;-128.3;-2;4088;1362;133.72;37.09;;;
45.040106;6.259469;1322.44;-142.1;-1;4088;1362;133.74;37.07;;;
45.040011;6.259256;1322.33;-154;-1;4088;1362;133.76;37.05;;;
45.039931;6.259028;1322.23;-154.7;-1;4088;1362;133.78;37.03;;;
45.0398;6.258556;1322.03;-159.8;-2;4088;1362;133.82;36.99;;;
45.039733;6.258319;1321.8;-158.2;-2;4088;1362;133.84;36.97;;;
45.0396;6.257847;1320.35;-158.7;-2;4088;1362;133.88;36.93;;;
45.039533;6.257614;1319.68;-157.6;-3;4088;1362;133.9;36.91;;;
45.039406;6.257139;1318.52;-162.2;-3;4088;1362;133.94;36.87;;;
45.039353;6.256897;1317.82;-167.6;-3;4088;1362;133.96;36.85;;;
45.039358;6.256392;1317.78;169.7;-2;4088;1362;134;36.81;;;
45.039419;6.255892;1317.39;171.6;-1;4088;1362;134.04;36.77;;;
45.039444;6.255642;1317.79;174.8;-1;4088;1362;134.06;36.75;;;
45.039433;6.255133;1315.22;-174.3;0;4088;1362;134.1;36.71;;;
45.0394;6.254886;1320.67;-167.9;0;4088;1362;134.12;36.69;;;
45.039319;6.254392;1324.86;-166.9;-1;4088;1362;134.16;36.65;;;
45.039283;6.254142;1322.48;-169.1;-2;4088;1362;134.18;36.63;;;
45.039222;6.253642;1311.45;-171;-5;4088;1362;134.22;36.59;;;
45.039192;6.253392;1314.61;-171;-6;4088;1362;134.24;36.57;;;
45.039164;6.253142;1312.39;-171;-6;4088;1362;134.26;36.55;;;
45.039136;6.252892;1311.49;-171;-5;4088;1362;134.28;36.53;;;
45.039078;6.252389;1309.69;-171;-4;4088;1362;134.32;36.49;63;;
45.039058;6.252136;1308.79;-174.3;-4;4088;1362;134.34;36.47;;;
45.039061;6.251631;1307;176.8;-4;4088;1362;134.38;36.43;;;
45.039078;6.251378;1306.1;174.2;-5;4088;1362;134.4;36.41;;;
45.038947;6.250922;1304.3;-138.7;-5;4088;1362;134.44;36.37;;;
45.038839;6.250719;1303.4;-143.9;-5;4088;1362;134.46;36.35;;;
45.038669;6.250275;1301.6;-155.3;-4;4088;1362;134.5;36.31;;;
45.038619;6.249772;1299.8;180;-4;4088;1362;134.54;36.27;;;
45.03865;6.249525;1298.91;167.6;-4;4088;1362;134.56;36.25;;;
45.038733;6.249031;1297.11;165.7;-5;4088;1362;134.6;36.21;;;
45.038767;6.248781;1296.21;171;-5;4088;1362;134.62;36.19;;;
45.038786;6.248275;1294.41;178.1;-5;4088;1362;134.66;36.15;;;
45.038789;6.248022;1293.51;180;-5;4088;1362;134.68;36.13;;;
45.038789;6.247514;1291.71;180;-4;4088;1362;134.72;36.09;;;
45.038783;6.247261;1290.81;-176.1;-4;4088;1362;134.74;36.07;;;
45.038775;6.247006;1289.92;-176.2;-4;4088;1362;134.76;36.05;;;
45.038772;6.246753;1289.02;178.1;-4;4088;1362;134.78;36.03;;;
45.038778;6.246244;1287.22;180;-5;4088;1362;134.82;35.99;;;
45.038772;6.245992;1286.32;180;-5;4088;1362;134.84;35.97;;;
45.038817;6.245489;1284.52;171;-5;4088;1362;134.88;35.93;;;
45.038836;6.245236;1283.62;174.8;-4;4088;1362;134.9;35.91;;;
45.038856;6.244731;1281.82;-178.7;-4;4088;1362;134.94;35.87;;;
45.038833;6.244478;1280.93;-169.1;-4;4088;1362;134.96;35.85;;;
45.038692;6.244017;1279.13;-146;-5;4088;1362;135;35.81;;;
45.038508;6.243581;1277.33;-151.8;-6;4088;1362;135.04;35.77;;;
45.038417;6.243364;1277.43;-150;-6;4088;1362;135.06;35.75;;;
45.038244;6.242919;1272.15;-151.4;-5;4088;1362;135.1;35.71;;;
45.038158;6.242694;1271;-152.5;-5;4088;1362;135.12;35.69;;;
45.037989;6.242247;1270.1;-152.5;-5;4088;1362;135.16;35.65;;;
45.037908;6.242019;1268.48;-154.2;-5;4088;1362;135.18;35.63;;;
45.037803;6.241536;1265.54;-167.6;-6;4088;1362;135.22;35.59;;;
45.037775;6.241283;1265.28;-171.2;-6;4088;1362;135.24;35.57;;;
45.037744;6.241036;1263.26;-168.8;-6;4088;1362;135.26;35.55;;;
45.037717;6.240783;1262.42;-172.9;-6;4088;1362;135.28;35.53;;;
45.037667;6.240281;1259.32;-173;-6;4088;1362;135.32;35.49;;;
45.037642;6.240031;1259.71;-172.9;-6;4088;1362;135.34;35.47;;;
45.037589;6.239528;1256.38;-171;-4;4088;1362;135.38;35.43;;;
45.037561;6.239278;1255.68;-171;-4;4088;1362;135.4;35.41;;;
45.037517;6.238772;1254.59;-173.1;-2;4088;1362;135.44;35.37;;;
45.037503;6.238519;1253.34;-174.9;-2;4088;1362;135.46;35.35;;;
45.037531;6.238017;1253.22;168.8;-3;4088;1362;135.5;35.31;;;
45.037625;6.237528;1250.12;161.6;-4;4088;1362;135.54;35.27;;;
45.037678;6.237283;1249.74;162.1;-4;4088;1362;135.56;35.25;;;
45.03775;6.236786;1248.78;171;-4;4088;1362;135.6;35.21;;;
45.037767;6.236533;1249.25;174.3;-4;4088;1362;135.62;35.19;;;
45.037786;6.236028;1247.27;176.8;-4;4088;1362;135.66;35.15;;;
45.037794;6.235775;1246.38;178.7;-4;4088;1362;135.68;35.13;;;
45.037814;6.235267;1244.93;176.2;-3;4088;1362;135.72;35.09;;;
45.037819;6.235014;1243.73;180;-3;4088;1362;135.74;35.07;;;
45.037806;6.234761;1242.47;-171.6;-3;4088;1362;135.76;35.05;;;
45.037778;6.234511;1242.78;-171;-3;4088;1362;135.78;35.03;;;
45.037664;6.234036;1243.45;-148.4;-3;4088;1362;135.82;34.99;;;
45.037561;6.233828;1241.32;-141.6;-3;4088;1362;135.84;34.97;;;
45.037325;6.233447;1239.21;-136.8;-5;4088;1362;135.88;34.93;;;
45.0372;6.233264;1239.06;-136.8;-5;4088;1362;135.9;34.91;;;
45.037006;6.232839;1238.8;-156.5;-7;4088;1362;135.94;34.87;;;
45.036947;6.2326;1236.43;-161.6;-7;4088;1362;135.96;34.85;;;
45.036875;6.232103;1232.67;-173.1;-6;4088;1362;136;34.81;;;
45.036803;6.231608;1231.56;-164;-6;4088;1362;136.04;34.77;;;
45.036753;6.231364;1231.06;-163.8;-6;4088;1362;136.06;34.75;;;
45.036658;6.230875;1227.28;-169.1;-5;4088;1362;136.1;34.71;;;
45.036633;6.230622;1225.01;-171.2;-5;4088;1362;136.12;34.69;;;
45.036622;6.230117;1224.53;-178.1;-5;4088;1362;136.16;34.65;;;
45.036628;6.229864;1222.69;176.1;-4;4088;1362;136.18;34.63;;;
45.036653;6.229356;1223.41;176.2;-3;4088;1362;136.22;34.59;;;
45.036661;6.229103;1222.56;178.1;-3;4088;1362;136.24;34.57;;;
45.036661;6.22885;1221.57;180;-4;4088;1362;136.26;34.55;;;
45.036633;6.228597;1219.19;-171;-6;4088;1362;136.28;34.53;;;
45.036544;6.228106;1214.44;-163.8;-9;4088;1362;136.32;34.49;;;
45.0365;6.227861;1213.38;-165.7;-10;4088;1362;136.34;34.47;;;
45.0364;6.227372;1210.28;-162;-9;4088;1362;136.38;34.43;;;
45.036344;6.227133;1208.85;-161.7;-8;4088;1362;136.4;34.41;;;
45.036233;6.22665;1207.51;-163.8;-7;4088;1362;136.44;34.37;;;
45.036186;6.226406;1207.61;-165.7;-7;4088;1362;136.46;34.35;;;
45.036092;6.225914;1203.14;-166;-6;4088;1362;136.5;34.31;;;
45.036011;6.225419;1198.62;-173.1;-6;4088;1362;136.54;34.27;;;
45.036006;6.225169;1198.35;178.1;-7;4088;1362;136.56;34.25;;;
45.036058;6.224667;1198.76;169.7;-8;4088;1362;136.6;34.21;;;
45.036094;6.224417;1198.51;169.7;-8;4088;1362;136.62;34.19;;;
45.036131;6.223914;1190.43;180;-8;4088;1362;136.66;34.15;;;
45.036103;6.223664;1190;-166;-7;4088;1362;136.68;34.13;;;
45.036033;6.223167;1188.07;-172.9;-4;4088;1362;136.72;34.09;;;
45.036044;6.222914;1185.25;174.9;-3;4088;1362;136.74;34.07;;;
45.036081;6.222667;1185.22;165.1;-3;4088;1362;136.76;34.05;;;
45.036125;6.222419;1183.73;166;-3;4088;1362;136.78;34.03;;;
45.036228;6.221933;1184.04;159.9;-3;4088;1362;136.82;33.99;;;
45.036289;6.221697;1183.87;159.9;-3;4088;1362;136.84;33.97;;;
45.036411;6.221217;1180.89;162;-5;4088;1362;136.88;33.93;;;
45.03645;6.220972;1179.89;171;-5;4088;1362;136.9;33.91;;;
45.036361;6.220489;1177.39;-154.2;-7;4088;1362;136.94;33.87;;;
45.036264;6.220278;1177.15;-145.5;-7;4088;1362;136.96;33.85;;;
45.036053;6.219867;1173.89;-150;-8;4088;1362;137;33.81;;;
45.035936;6.219386;1170.16;-162;-9;4088;1362;137.04;33.77;;;
45.035886;6.219144;1169.31;-164;-9;4088;1362;137.06;33.75;;;
45.035808;6.218647;1166.42;-169.1;-8;4088;1362;137.1;33.71;;;
45.035808;6.218394;1164.54;176.8;-8;4088;1362;137.12;33.69;;;
45.035856;6.217894;1161.24;168.9;-7;4088;1362;137.16;33.65;;;
45.035892;6.217644;1161.03;169.1;-6;4088;1362;137.18;33.63;;;
45.035972;6.21715;1159.42;167.9;-4;4088;1362;137.22;33.59;;;
45.036028;6.216908;1157.72;159.9;-3;4088;1362;137.24;33.57;;;
45.036094;6.216672;1156.85;158.7;-3;4088;1362;137.26;33.55;;;
45.036172;6.216444;1154.78;154.2;-3;4088;1362;137.28;33.53;;;
45.036364;6.216014;1156.73;141.6;-4;4088;1362;137.32;33.49;;;
45.036492;6.215839;1154;127.8;-4;4088;1362;137.34;33.47;;;
45.036778;6.215536;1150.71;127.1;-4;4088;1362;137.38;33.43;;;
45.036906;6.215358;1150.42;136.4;-5;4088;1362;137.4;33.41;;;
45.037094;6.214925;1147.67;153;-5;4088;1362;137.44;33.37;;;
45.037181;6.214703;1147.03;150.2;-5;4088;1362;137.46;33.35;;;
45.037347;6.214253;1144.75;153;-6;4088;1362;137.5;33.31;;;
45.037514;6.213803;1142.92;152.5;-6;4088;1362;137.54;33.27;;;
45.037597;6.213578;1141.7;153;-5;4088;1362;137.56;33.25;;;
45.037764;6.213128;1139.6;151.8;-3;4088;1362;137.6;33.21;;;
45.037847;6.212903;1139.4;152.4;-2;4088;1362;137.62;33.19;;;
45.038011;6.21245;1138.97;154.2;-2;4088;1362;137.66;33.15;;;
45.038081;6.212217;1138.72;157.5;-3;4088;1362;137.68;33.13;;;
45.038186;6.211731;1136.59;166;-4;4088;1362;137.72;33.09;;;
45.038225;6.211483;1135.99;167.9;-5;4088;1362;137.74;33.07;;;
45.038261;6.211236;1135.04;169.1;-4;4088;1362;137.76;33.05;;;
45.038292;6.210986;1134.21;169.1;-4;4088;1362;137.78;33.03;;;
45.038358;6.210486;1132.52;169.7;-3;4088;1362;137.82;32.99;;;
45.038394;6.210239;1132.13;169.5;-2;4088;1362;137.84;32.97;;;
45.038453;6.209739;1131.9;174.2;-2;4088;1362;137.88;32.93;;;
45.038456;6.209483;1131.77;-178.7;-3;4088;1362;137.9;32.91;;;
45.038394;6.208986;1129.91;-167.2;-3;4088;1362;137.94;32.87;;;
45.038356;6.208739;1129.56;-167.6;-3;4088;1362;137.96;32.85;;;
45.038283;6.208242;1128.93;-166.9;-2;4088;1362;138;32.81;;;
45.038208;6.207744;1128.24;-169.1;-2;4088;1362;138.04;32.77;;;
45.038167;6.207497;1127.84;-166;-2;4088;1362;138.06;32.75;;;
45.038089;6.207003;1126.64;-167.6;-3;4088;1362;138.1;32.71;;;
45.03805;6.206756;1126.07;-167.6;-4;4088;1362;138.12;32.69;;;
45.037972;6.206258;1123.58;-167.2;-3;4088;1362;138.16;32.65;;;
45.037936;6.206011;1122.61;-166.9;-2;4088;1362;138.18;32.63;;;
45.037864;6.205514;1123.93;-169.1;1;4089;1361;138.22;32.59;;;
45.037825;6.205264;1124.8;-167.9;2;4089;1361;138.24;32.57;;;
45.037786;6.205017;1124.88;-167.2;1;4089;1361;138.26;32.55;;;
45.03775;6.204769;1124.43;-167.7;0;4089;1361;138.28;32.53;;;
45.037678;6.204272;1123.94;-169.7;-1;4089;1361;138.32;32.49;;;
45.037661;6.204019;1124.11;-176.2;-2;4089;1361;138.34;32.47;;;
45.037672;6.203511;1123.04;178.1;-4;4089;1361;138.38;32.43;;;
45.037678;6.203258;1121.76;178.1;-5;4089;1361;138.4;32.41;;;
45.037692;6.20275;1121.84;176.2;-7;4089;1361;138.44;32.37;;;
45.0377;6.202497;1120.21;176.2;-5;4089;1361;138.46;32.35;;;
45.037719;6.201992;1115.13;176.8;-2;4090;1360;138.5;32.31;;;
45.037736;6.201483;1116.14;178.1;2;4091;1359;138.54;32.27;;;
45.037739;6.201231;1117.12;180;1;4091;1359;138.56;32.25;;;
45.037733;6.200722;1117.52;-176.2;0;4092;1358;138.6;32.21;;;
45.037722;6.200469;1116.93;-176.2;0;4092;1358;138.62;32.19;;;
45.037692;6.199964;1117.36;-174.8;-1;4092;1358;138.66;32.15;;;
45.037675;6.199711;1116.66;-174.8;-2;4092;1358;138.68;32.13;;;
45.037625;6.199208;1115.26;-171;-3;4092;1358;138.72;32.09;;;
45.0376;6.198956;1115.73;-171.1;-3;4092;1358;138.74;32.07;;;
45.037578;6.198706;1114.36;-172.9;-3;4092;1358;138.76;32.05;;;
45.037553;6.198453;1114.66;-171;-3;4092;1358;138.78;32.03;;;
45.037497;6.197953;1112.5;-171;-2;4092;1358;138.82;31.99;;;
45.037472;6.1977;1112.49;-171;-2;4092;1358;138.84;31.97;;;
45.037419;6.1972;1111.11;-172.3;-2;4092;1358;138.88;31.93;;;
45.037392;6.196947;1110.94;-171;-3;4092;1358;138.9;31.91;;;
45.037339;6.196444;1109.74;-171.2;-3;4092;1358;138.94;31.87;;;
45.037314;6.196194;1108.8;-171;-3;4092;1358;138.96;31.85;;;
45.037269;6.195692;1107.65;-174.2;-2;4092;1358;139;31.81;;;
45.037258;6.195186;1107.22;176.8;-2;4092;1358;139.04;31.77;;;
45.037306;6.194942;1106.42;161.6;-2;4092;1358;139.06;31.75;;;
45.037478;6.194497;1106.27;148.6;-1;4092;1358;139.1;31.71;;;
45.037572;6.194281;1106.06;148.4;-1;4092;1358;139.12;31.69;;;
45.037761;6.19385;1105.65;147.9;-1;4092;1358;139.16;31.65;;;
45.037856;6.193633;1105.45;148.1;-1;4092;1358;139.18;31.63;;;
45.038011;6.193175;1105.04;158.6;-1;4092;1358;139.22;31.59;;;
45.038067;6.192936;1104.83;163.6;-1;4092;1358;139.24;31.57;;;
45.038106;6.192686;1104.62;169.1;-1;4092;1358;139.26;31.55;;;
45.038142;6.192439;1104.42;169.1;-1;4092;1358;139.28;31.53;;;
45.038203;6.191939;1104.01;171;-1;4092;1358;139.32;31.49;;;
45.038231;6.191689;1103.8;168.8;-1;4092;1358;139.34;31.47;;;
45.038297;6.191189;1103.39;169.7;-1;4092;1358;139.38;31.43;;;
45.038331;6.190939;1103.19;167.2;-1;4092;1358;139.4;31.41;;;
45.038411;6.190444;1102.77;162.1;-1;4092;1358;139.44;31.37;;;
45.038489;6.190219;1102.57;147.9;-1;4092;1358;139.46;31.35;;;
45.038722;6.189833;1102.16;142.9;-1;4092;1358;139.5;31.31;;;
45.038892;6.189386;1101.75;152.5;-1;4092;1358;139.54;31.27;;;
45.038972;6.189161;1101.54;152.4;-1;4092;1358;139.56;31.25;;;
45.039128;6.188703;1101.13;155.9;-1;4092;1358;139.6;31.21;;;
45.039192;6.188467;1100.92;161.6;-1;4092;1358;139.62;31.19;;;
45.03925;6.187967;1100.51;174.9;-1;4092;1358;139.66;31.15;;;
45.039256;6.187714;1100.31;178.1;-1;4092;1358;139.68;31.13;;;
45.03925;6.187208;1099.9;-174.8;-1;4092;1358;139.72;31.09;;;
45.039183;6.186972;1099.69;-156.5;-1;4092;1358;139.74;31.07;;;
45.039108;6.186742;1099.48;-156.3;-1;4092;1358;139.76;31.05;;;
45.039042;6.186506;1099.28;-158.6;-1;4092;1358;139.78;31.03;;;
45.038981;6.186008;1098.87;-174.8;-1;4092;1358;139.82;30.99;;;
45.038961;6.185756;1098.66;-173;-1;4092;1358;139.84;30.97;;;
45.038919;6.185253;1098.25;-172.3;-1;4092;1358;139.88;30.93;;;
45.038897;6.185;1098.04;-172.9;-1;4092;1358;139.9;30.91;;;
45.038869;6.184494;1097.63;180;-1;4092;1358;139.94;30.87;;;
45.038897;6.184244;1097.43;167.9;-1;4092;1358;139.96;30.85;;;
45.039031;6.183775;1097.02;163.8;-1;4092;1358;140;30.81;;;
45.039078;6.183272;1096.61;167.2;-1;4092;1358;140.04;30.77;;;
45.039128;6.183028;1096.4;162;-1;4092;1358;140.06;30.75;;;
45.039222;6.182539;1095.99;167.9;-1;4092;1358;140.1;30.71;;;
45.03925;6.182289;1095.78;171;-1;4092;1358;140.12;30.69;;;
45.039244;6.181783;1095.37;-172.3;-1;4092;1358;140.16;30.65;;;
45.039208;6.181536;1095.17;-165.1;-1;4092;1358;140.18;30.63;;;
45.03915;6.181039;1094.75;180;-1;4092;1358;140.22;30.59;;;
45.039175;6.180786;1094.55;169.1;-1;4092;1358;140.24;30.57;;;
45.039219;6.180542;1094.34;165.7;-1;4092;1358;140.26;30.55;;;
45.039261;6.180294;1094.14;167.7;-1;4092;1358;140.28;30.53;;;
45.039286;6.179792;1093.73;-178.1;-1;4092;1358;140.32;30.49;;;
45.039269;6.179539;1093.52;-176.1;-1;4092;1358;140.34;30.47;;;
45.039303;6.179033;1093.11;171;-1;4092;1358;140.38;30.43;;;
45.039317;6.178781;1092.9;178.1;-1;4092;1358;140.4;30.41;;;
45.039211;6.1783;1092.49;-158.2;-1;4092;1358;140.44;30.37;;;
45.039164;6.178056;1092.29;-165.7;-1;4092;1358;140.46;30.35;;;
45.039167;6.17755;1091.88;173.1;-1;4092;1358;140.5;30.31;;;
45.039289;6.177078;1091.46;150.2;-1;4092;1358;140.54;30.27;;;
45.039386;6.176864;1091.26;148.4;-1;4092;1358;140.56;30.25;;;
45.039586;6.176442;1090.85;146;-1;4092;1358;140.6;30.21;;;
45.039689;6.176236;1090.64;143.1;-1;4092;1358;140.62;30.19;;;
45.039908;6.175831;1090.23;144.2;-1;4092;1358;140.66;30.15;;;
45.039997;6.175611;1090.03;150.7;-1;4092;1358;140.68;30.13;;;
45.040131;6.175139;1089.61;159.8;-1;4092;1358;140.72;30.09;;;
45.040189;6.1749;1089.41;161.6;-1;4092;1358;140.74;30.07;;;
45.04025;6.174661;1089.2;159.9;-1;4092;1358;140.76;30.05;;;
45.040308;6.174422;1089;162.3;-1;4092;1358;140.78;30.03;;;
45.040425;6.173942;1088.59;154.2;-1;4092;1358;140.82;29.99;;;
45.040514;6.173722;1088.38;146.3;-1;4092;1358;140.84;29.97;;;
45.040722;6.173308;1087.97;143.9;-1;4092;1358;140.88;29.93;;;
45.040825;6.1731;1087.76;143.9;-1;4092;1358;140.9;29.91;;;
45.041033;6.172689;1087.35;145.5;-1;4092;1358;140.94;29.87;;;
45.041139;6.172481;1087.15;143.7;-1;4092;1358;140.96;29.85;;;
45.041339;6.172061;1086.74;151.8;-1;4092;1358;141;29.81;;;
45.041475;6.171589;1086.32;158.6;-1;4092;1358;141.04;29.77;;;
45.041519;6.171344;1086.12;169.7;-1;4092;1358;141.06;29.75;;;
45.041603;6.17085;1085.71;166;-1;4092;1358;141.1;29.71;;;
45.041658;6.170611;1085.5;160.5;-1;4092;1358;141.12;29.69;;;
45.041869;6.170206;1085.09;134.6;-1;4092;1358;141.16;29.65;;;
45.042;6.170031;1084.88;134.2;-1;4092;1358;141.18;29.63;;;
45.042256;6.169675;1084.47;134.5;-1;4092;1358;141.22;29.59;;;
45.042383;6.169497;1084.27;134.5;-1;4092;1358;141.24;29.57;;;
45.042508;6.169311;1084.06;137.7;-1;4092;1358;141.26;29.55;;;
45.042631;6.169125;1083.86;137;-1;4092;1358;141.28;29.53;;;
45.042717;6.168664;1083.45;-170.8;-1;4092;1358;141.32;29.49;;;
45.042667;6.168419;1083.24;-165.8;-1;4092;1358;141.34;29.47;;;
45.042639;6.167914;1082.83;180;-1;4092;1358;141.38;29.43;;;
45.042639;6.167661;1082.62;180;-1;4092;1358;141.4;29.41;;;
45.042686;6.167161;1082.21;165.7;-1;4092;1358;141.44;29.37;;;
45.04275;6.166922;1082.01;156.5;-1;4092;1358;141.46;29.35;;;
45.042892;6.166456;1081.59;156.3;-1;4092;1358;141.5;29.31;;;
45.043022;6.165983;1081.18;160.5;-1;4092;1358;141.54;29.27;;;
45.043081;6.165744;1080.98;161.7;-1;4092;1358;141.56;29.25;;;
45.043203;6.165264;1080.57;154.7;-1;4092;1358;141.6;29.21;;;
45.043278;6.165036;1080.36;154.2;-1;4092;1358;141.62;29.19;;;
45.043422;6.164569;1079.95;158.2;-1;4092;1358;141.66;29.15;;;
45.043492;6.164336;1079.74;157.6;-1;4092;1358;141.68;29.13;;;
45.043619;6.163861;1079.33;162.6;-1;4092;1358;141.72;29.09;;;
45.043678;6.163622;1079.13;161.7;-1;4092;1358;141.74;29.07;;;
45.043736;6.163381;1078.92;162;-1;4092;1358;141.76;29.05;;;
45.043794;6.163142;1078.72;160.4;-1;4092;1358;141.78;29.03;;;
45.043914;6.162661;1078.3;159.9;-1;4092;1358;141.82;28.99;;;
45.043978;6.162425;1078.1;158;-1;4092;1358;141.84;28.97;;;
45.044172;6.162003;1077.69;152.4;-1;4092;1358;141.88;28.93;;;
45.044175;6.161753;1077.48;-172.9;-1;4092;1358;141.9;28.91;;;
45.043961;6.161361;1077.07;-133.5;-1;4092;1358;141.94;28.87;;;
45.04385;6.161158;1076.86;-143.9;-1;4092;1358;141.96;28.85;;;
45.043703;6.160697;1076.45;-163.8;-1;4092;1358;142;28.81;;;
45.043697;6.160192;1076.04;176.8;-1;4092;1358;142.04;28.77;;;
45.043706;6.159939;1075.84;176.2;-1;4092;1358;142.06;28.75;;;
45.043719;6.159431;1075.43;178.7;-1;4092;1358;142.1;28.71;;;
45.043728;6.159178;1075.22;178.1;-1;4092;1358;142.12;28.69;;;
45.043794;6.158681;1074.81;165.7;-1;4092;1358;142.16;28.65;;;
45.043842;6.158436;1074.6;165.1;-1;4092;1358;142.18;28.63;;;
45.043936;6.157944;1074.19;166;-1;4092;1358;142.22;28.59;;;
45.043983;6.1577;1073.99;163.8;-1;4092;1358;142.24;28.57;;;
45.044047;6.157464;1073.78;158.2;-1;4092;1358;142.26;28.55;;;
45.044128;6.157236;1073.57;152.5;-1;4092;1358;142.28;28.53;;;
45.044228;6.15675;1073.16;165.7;-1;4092;1358;142.32;28.49;;;
45.0443;6.156519;1072.96;150.3;-1;4092;1358;142.34;28.47;;;
45.044631;6.156422;1072.55;80.1;-1;4092;1358;142.38;28.43;;;
45.044808;6.156439;1072.34;91.4;-1;4092;1358;142.4;28.41;;;
45.045094;6.156161;1071.93;142.1;-1;4092;1358;142.44;28.37;;;
45.045181;6.155939;1071.72;152.5;-1;4092;1358;142.46;28.35;;;
45.045253;6.155444;1071.31;171;-1;4092;1358;142.5;28.31;65;;
45.045294;6.154939;1070.9;172.9;-1;4092;1358;142.54;28.27;;;
45.045314;6.154686;1070.7;174.9;-1;4092;1358;142.56;28.25;;;
45.045356;6.154183;1070.28;174.2;-1;4092;1358;142.6;28.21;;;
45.045378;6.153931;1070.08;172.9;-1;4092;1358;142.62;28.19;;;
45.045419;6.153425;1069.67;173.1;-1;4092;1358;142.66;28.15;;;
45.045439;6.153175;1069.46;172.9;-1;4092;1358;142.68;28.13;;;
45.045481;6.152669;1069.05;172.3;-1;4092;1358;142.72;28.09;;;
45.0455;6.152417;1068.85;174.9;-1;4092;1358;142.74;28.07;;;
45.045522;6.152164;1068.64;173.1;-1;4092;1358;142.76;28.05;;;
45.045542;6.151914;1068.43;174.2;-1;4092;1358;142.78;28.03;;;
45.045583;6.151408;1068.02;172.9;-1;4092;1358;142.82;27.99;;;
45.045603;6.151156;1067.82;174.3;-1;4092;1358;142.84;27.97;;;
45.045644;6.150653;1067.41;174.8;-1;4092;1358;142.88;27.93;;;
45.045667;6.1504;1067.2;172.9;-1;4092;1358;142.9;27.91;;;
45.045711;6.149897;1066.79;171;-1;4092;1358;142.94;27.87;;;
45.045744;6.149647;1066.58;169.7;-1;4092;1358;142.96;27.85;;;
45.045861;6.149167;1066.17;154.6;-1;4092;1358;143;27.81;;;
45.046017;6.148711;1065.76;151.8;-1;4092;1358;143.04;27.77;;;
45.046097;6.148483;1065.56;154.2;-1;4092;1358;143.06;27.75;;;
45.046261;6.148031;1065.14;152.3;-1;4092;1358;143.1;27.71;;;
45.046342;6.147806;1064.94;153.6;-1;4092;1358;143.12;27.69;;;
45.046506;6.147353;1064.53;152.5;-1;4092;1358;143.16;27.65;;;
45.046589;6.147125;1064.32;152.5;-1;4092;1358;143.18;27.63;;;
45.04675;6.146675;1063.91;153.6;-1;4092;1358;143.22;27.59;;;
45.046833;6.146447;1063.7;153;-1;4092;1358;143.24;27.57;;;
45.046914;6.146222;1063.5;153.6;-1;4092;1358;143.26;27.55;;;
45.046997;6.145997;1063.29;152.4;-1;4092;1358;143.28;27.53;;;
45.047164;6.145544;1062.88;152.5;-1;4092;1358;143.32;27.49;;;
45.047244;6.145319;1062.68;154.7;-1;4092;1358;143.34;27.47;;;
45.047411;6.144869;1062.27;152;-1;4092;1358;143.38;27.43;;;
45.047492;6.144642;1062.06;154.2;-1;4092;1358;143.4;27.41;;;
45.047656;6.144192;1061.65;153.6;-1;4092;1358;143.44;27.37;;;
45.047739;6.143964;1061.44;152.5;-1;4092;1358;143.46;27.35;;;
45.047869;6.143494;1061.03;167.9;0;4092;1358;143.5;27.31;;;
45.047867;6.142989;1060.62;-174.8;0;4092;1358;143.54;27.27;;;
45.047853;6.142736;1061.89;-174.8;-2;4092;1358;143.56;27.25;;;
45.047747;6.142253;1059.66;-156.3;-6;4092;1358;143.6;27.21;;;
45.047667;6.142025;1056.55;-154.2;-8;4092;1358;143.62;27.19;;;
45.047544;6.14155;1050.54;-169.1;-6;4092;1358;143.66;27.15;;;
45.047531;6.141297;1050.84;180;-2;4092;1358;143.68;27.13;;;
45.047644;6.140931;1064.05;-178;6;4097;1353;143.72;27.09;66;;
45.047631;6.140675;1061.86;-176.8;10;4101;1349;143.74;27.07;;;
45.047614;6.140422;1065.84;-174.9;10;4105;1345;143.76;27.05;;;
45.047614;6.140169;1069.38;178.1;11;4108;1342;143.78;27.03;;;
45.047619;6.139661;1072.45;180;11;4113;1337;143.82;26.99;;;
45.047578;6.139414;1073.44;-166;12;4115;1335;143.84;26.97;;;
45.047497;6.138919;1077.26;-167.2;12;4118;1332;143.88;26.93;;;
45.047478;6.138672;1079.39;178.1;12;4120;1330;143.9;26.91;;;
45.047661;6.138719;1086.37;16.6;13;4125;1325;143.94;26.87;;;
45.047697;6.138967;1086.98;12.3;13;4127;1323;143.96;26.85;;;
45.047872;6.139403;1091.39;14.3;12;4132;1318;144;26.81;;;
45.047981;6.139883;1098.7;26.4;12;4138;1312;144.04;26.77;;;
45.048072;6.140103;1104.57;29.3;11;4140;1310;144.06;26.75;;;
45.048108;6.140608;1104.36;3.2;11;4145;1305;144.1;26.71;;;
45.048119;6.140861;1105.76;3.2;10;4148;1302;144.12;26.69;;;
45.048233;6.141339;1106.98;29.3;10;4153;1297;144.16;26.65;;;
45.048333;6.14155;1113.68;35.5;10;4155;1295;144.18;26.63;;;
45.048494;6.142003;1116.56;23.5;10;4160;1290;144.22;26.59;;;
45.048564;6.142236;1119.56;23.5;11;4162;1288;144.24;26.57;;;
45.048633;6.142469;1122.62;21.9;11;4164;1286;144.26;26.55;;;
45.048706;6.142703;1122.89;24.1;11;4166;1284;144.28;26.53;;;
45.048775;6.143194;1125.46;-3.8;11;4169;1281;144.32;26.49;;;
45.04885;6.143358;1130.8;69.8;11;4171;1279;144.34;26.47;;;
45.048878;6.142869;1132.98;-176.8;11;4174;1276;144.38;26.43;;;
45.048867;6.142617;1135.31;-176.8;11;4176;1274;144.4;26.41;67;;
45.048853;6.142108;1142.2;-178.1;11;4182;1268;144.44;26.37;;;
45.048844;6.141856;1145.82;-176.2;11;4185;1265;144.46;26.35;;;
45.048858;6.14135;1150.34;174.8;11;4191;1259;144.5;26.31;;;
45.048978;6.140872;1155.34;157.6;11;4196;1254;144.54;26.27;;;
45.04905;6.140639;1155.82;156.5;11;4199;1251;144.56;26.25;;;
45.049272;6.140244;1163.29;133.8;10;4204;1246;144.6;26.21;;;
45.049411;6.140083;1163.23;126.4;10;4206;1244;144.62;26.19;;;
45.049522;6.140269;1170.58;-32.4;9;4211;1239;144.66;26.15;;;
45.0494;6.140453;1172.36;-39.8;9;4213;1237;144.68;26.13;;;
45.049306;6.140939;1175.35;-6.9;8;4216;1234;144.72;26.09;;;
45.049311;6.141183;1177.37;11.4;8;4217;1233;144.74;26.07;;;
45.049378;6.141419;1178.1;22.5;7;4218;1232;144.76;26.05;;;
45.049461;6.141644;1179.72;31.6;7;4220;1230;144.78;26.03;;;
45.049658;6.142067;1182.18;40;6;4221;1229;144.82;25.99;;;
45.049772;6.142264;1182.02;38.7;5;4222;1228;144.84;25.97;;;
45.049975;6.142678;1182.28;25.8;4;4223;1227;144.88;25.93;;;
45.050142;6.142767;1183.37;75.7;3;4223;1227;144.9;25.91;;;
45.050478;6.142942;1184.01;68;2;4225;1225;144.94;25.87;;;
45.050647;6.143033;1185;68.9;2;4225;1225;144.96;25.85;;;
45.050997;6.143042;1186.68;102.5;3;4226;1224;145;25.81;;;
45.051347;6.142922;1185.99;104.3;3;4226;1224;145.04;25.77;;;
45.051522;6.142864;1185.83;103.8;3;4226;1224;145.06;25.75;;;
45.051872;6.142747;1185.54;103;4;4227;1223;145.1;25.71;;;
45.05205;6.142714;1186.22;92.3;4;4229;1221;145.12;25.69;;;
45.052383;6.142867;1190.29;56.6;4;4232;1218;145.16;25.65;;;
45.052536;6.143006;1192.5;57.6;3;4234;1216;145.18;25.63;;;
45.052828;6.1433;1195.11;50.7;3;4235;1215;145.22;25.59;;;
45.05295;6.143486;1194.66;43.2;3;4235;1215;145.24;25.57;;;
45.053072;6.143675;1194.32;42.6;2;4235;1215;145.26;25.55;;;
45.053192;6.143861;1192.52;42.6;2;4235;1215;145.28;25.53;;;
45.053461;6.144192;1195.65;56.6;1;4236;1214;145.32;25.49;;;
45.053617;6.144325;1197.65;59.9;1;4236;1214;145.34;25.47;;;
45.05395;6.144497;1197.41;78.8;0;4237;1213;145.38;25.43;;;
45.054128;6.144544;1195.17;80.1;-1;4238;1212;145.4;25.41;;;
45.054436;6.144764;1196.42;52.6;-2;4240;1210;145.44;25.37;;;
45.054578;6.144922;1200.26;51.9;-3;4241;1209;145.46;25.35;;;
45.054894;6.145158;1199.73;66.1;-4;4242;1208;145.5;25.31;;;
45.055228;6.145347;1198.33;71.4;-5;4242;1208;145.54;25.27;;;
45.055397;6.145431;1196.87;70.3;-5;4242;1208;145.56;25.25;;;
45.055742;6.145578;1193.98;74.4;-5;4242;1208;145.6;25.21;;;
45.055919;6.145611;1190.6;90;-5;4242;1208;145.62;25.19;;;
45.056278;6.145619;1182.85;89.1;-5;4242;1208;145.66;25.15;;;
45.056456;6.145661;1176.27;80.1;-5;4242;1208;145.68;25.13;;;
45.056717;6.145997;1177;38.4;-5;4244;1206;145.72;25.09;;;
45.056828;6.146194;1175.38;39.3;-5;4245;1205;145.74;25.07;;;
45.056939;6.146394;1180.98;38.4;-4;4246;1204;145.76;25.05;;;
45.057069;6.146572;1180.39;47.4;-3;4247;1203;145.78;25.03;;;
45.057336;6.146914;1176.88;47.8;-1;4248;1202;145.82;24.99;;;
45.057467;6.147083;1176.38;47.5;0;4248;1202;145.84;24.97;;;
45.057814;6.147217;1171.09;76.2;2;4248;1202;145.88;24.93;;;
45.057975;6.147319;1170.63;55.9;3;4248;1202;145.9;24.91;;;
45.058258;6.147631;1171.75;51.4;5;4251;1199;145.94;24.87;;;
45.058406;6.147778;1171.43;55.9;6;4253;1197;145.96;24.85;;;
45.058714;6.148036;1177.8;59.9;7;4257;1193;146;24.81;;;
45.059025;6.148294;1186.22;60.3;8;4264;1186;146.04;24.77;;;
45.059181;6.148422;1191.53;59.9;9;4268;1182;146.06;24.75;;;
45.059478;6.1487;1196.39;48.8;10;4274;1176;146.1;24.71;;;
45.059597;6.148892;1197.79;42.3;10;4275;1175;146.12;24.69;;;
45.059781;6.149322;1195.4;24.3;11;4277;1173;146.16;24.65;;;
45.059911;6.149431;1196.12;87;11;4277;1173;146.18;24.63;;;
45.059833;6.148994;1204.59;-152;11;4282;1168;146.22;24.59;;;
45.059739;6.148781;1207.57;-147.6;11;4285;1165;146.24;24.57;;;
45.05965;6.148558;1208.88;-154.2;10;4288;1162;146.26;24.55;;;
45.059581;6.148325;1212.94;-156.5;10;4291;1159;146.28;24.53;;;
45.059444;6.147856;1217;-155.7;10;4294;1156;146.32;24.49;;;
45.059378;6.147619;1218.13;-158.2;10;4296;1154;146.34;24.47;;;
45.059236;6.147153;1222.06;-154.2;10;4299;1151;146.38;24.43;;;
45.059142;6.146939;1223.23;-147.6;10;4301;1149;146.4;24.41;;;
45.059075;6.146511;1228.36;140.8;10;4305;1145;146.44;24.37;;;
45.059203;6.146653;1229.89;36.1;9;4307;1143;146.46;24.35;;;
45.059483;6.146972;1232.34;55.9;9;4310;1140;146.5;24.31;;;
45.059778;6.147261;1233.56;57;9;4313;1137;146.54;24.27;;;
45.059936;6.147386;1235.51;61.7;9;4315;1135;146.56;24.25;;;
45.060247;6.147642;1239.72;59.9;9;4318;1132;146.6;24.21;;;
45.060403;6.147769;1242.59;60.3;9;4321;1129;146.62;24.19;;;
45.060714;6.148025;1247.79;59.9;10;4327;1123;146.66;24.15;;;
45.060869;6.14815;1250.55;59.6;10;4329;1121;146.68;24.13;;;
45.061203;6.148339;1256.46;68.4;10;4334;1116;146.72;24.09;;;
45.061372;6.148431;1259.1;69.7;10;4336;1114;146.74;24.07;;;
45.061539;6.148525;1259.62;68.2;10;4338;1112;146.76;24.05;;;
45.061706;6.148619;1262.13;67.2;10;4340;1110;146.78;24.03;;;
45.062036;6.148817;1264.96;66.9;10;4343;1107;146.82;23.99;;;
45.062203;6.148917;1264.89;67.2;11;4344;1106;146.84;23.97;;;
45.062533;6.149114;1267.97;68.2;11;4346;1104;146.88;23.93;;;
45.0627;6.149208;1269.73;68.2;11;4348;1102;146.9;23.91;;;
45.063028;6.149417;1274.19;61.1;11;4353;1097;146.94;23.87;;;
45.063186;6.149539;1277.19;61.1;11;4355;1095;146.96;23.85;;;
45.063486;6.149817;1281.14;54.4;10;4359;1091;147;23.81;;;
45.063781;6.150111;1286.55;54;9;4362;1088;147.04;23.77;;;
45.063928;6.150258;1287;54.8;8;4364;1086;147.06;23.75;;;
45.064222;6.15055;1288.92;55.9;7;4367;1083;147.1;23.71;;;
45.064369;6.150697;1289.53;55.9;7;4368;1082;147.12;23.69;;;
45.064678;6.150958;1292.53;59.9;6;4371;1079;147.16;23.65;68;;
45.064836;6.151081;1293.47;61.3;6;4372;1078;147.18;23.63;;;
45.065136;6.151356;1297.59;54.4;7;4375;1075;147.22;23.59;;;
45.065278;6.151511;1299.5;51.8;7;4377;1073;147.24;23.57;;;
45.065428;6.151656;1300.77;58.8;7;4379;1071;147.26;23.55;;;
45.065581;6.151786;1302.39;59.9;7;4380;1070;147.28;23.53;;;
45.065889;6.15205;1306.18;58.8;8;4384;1066;147.32;23.49;;;
45.066044;6.152181;1307.44;58.4;8;4386;1064;147.34;23.47;;;
45.06635;6.152442;1312.26;58.9;8;4390;1060;147.38;23.43;;;
45.066506;6.152572;1313.42;59.9;9;4391;1059;147.4;23.41;;;
45.066814;6.152836;1316.32;58.8;9;4395;1055;147.44;23.37;;;
45.066967;6.152967;1318.39;57.8;9;4396;1054;147.46;23.35;;;
45.067275;6.153231;1321.67;57.8;10;4400;1050;147.5;23.31;;;
45.067597;6.153422;1325.25;88.6;10;4404;1046;147.54;23.27;;;
45.067778;6.153425;1328.12;88.6;10;4407;1043;147.56;23.25;;;
45.068136;6.153442;1332.67;85;10;4411;1039;147.6;23.21;;;
45.068314;6.153492;1334.59;78.8;10;4413;1037;147.62;23.19;;;
45.068664;6.153606;1338.41;71;9;4417;1033;147.66;23.15;;;
45.068833;6.153689;1340.73;70.3;9;4419;1031;147.68;23.13;;;
45.069183;6.153803;1344.88;82.3;9;4423;1027;147.72;23.09;;;
45.069358;6.153769;1347.23;102.9;9;4425;1025;147.74;23.07;;;
45.069533;6.153711;1349.58;102.9;9;4427;1023;147.76;23.05;;;
45.069711;6.153656;1350.94;102.1;8;4429;1021;147.78;23.03;;;
45.070067;6.153611;1354.09;90;7;4432;1018;147.82;22.99;;;
45.070247;6.153614;1355.67;88.7;7;4434;1016;147.84;22.97;;;
45.070594;6.153708;1359.15;71.6;6;4437;1013;147.88;22.93;;;
45.070756;6.153819;1360.48;57;5;4438;1012;147.9;22.91;;;
45.071058;6.154092;1362.92;57.8;4;4439;1011;147.94;22.87;69;;
45.071206;6.154233;1364.24;52.9;4;4440;1010;147.96;22.85;;;
45.071336;6.154706;1363.68;21.3;4;4441;1009;148;22.81;;;
45.071467;6.155178;1362.9;22.4;4;4441;1009;148.04;22.77;;;
45.071553;6.155397;1362.45;32.9;3;4441;1009;148.06;22.75;;;
45.071828;6.155725;1363.87;51.8;3;4442;1008;148.1;22.71;;;
45.071978;6.155864;1364.9;56.6;3;4443;1007;148.12;22.69;;;
45.072281;6.156139;1367.02;59.9;3;4445;1005;148.16;22.65;;;
45.072436;6.156267;1367.53;59.9;3;4446;1004;148.18;22.63;;;
45.072747;6.156525;1369.28;59.9;3;4447;1003;148.22;22.59;;;
45.072908;6.156636;1368.99;67;3;4447;1003;148.24;22.57;;;
45.073072;6.156739;1370.22;67;3;4448;1002;148.26;22.55;;;
45.073236;6.156842;1371.13;66.2;3;4448;1002;148.28;22.53;;;
45.073544;6.157103;1370.51;53.7;3;4450;1000;148.32;22.49;;;
45.073692;6.157247;1370.98;55.1;3;4451;999;148.34;22.47;;;
45.074;6.157506;1373.48;66.4;3;4453;997;148.38;22.43;;;
45.074164;6.157611;1376.62;65.2;3;4454;996;148.4;22.41;;;
45.074456;6.157903;1375.14;51.8;3;4454;996;148.44;22.37;;;
45.074606;6.158047;1374.4;57;2;4454;996;148.46;22.35;;;
45.074953;6.158094;1376.84;95.4;2;4454;996;148.5;22.31;;;
45.075308;6.158044;1380.65;89.1;2;4455;995;148.54;22.27;;;
45.075483;6.158108;1379.04;76.2;2;4456;994;148.56;22.25;;;
45.075831;6.158236;1378.94;76.3;2;4456;994;148.6;22.21;;;
45.076006;6.1583;1379.28;75.9;2;4457;993;148.62;22.19;;;
45.076358;6.1583;1379.16;100.2;2;4457;993;148.66;22.15;;;
45.076531;6.158225;1378.33;110.3;2;4457;993;148.68;22.13;;;
45.076847;6.157983;1381.66;116.3;2;4458;992;148.72;22.09;;;
45.077019;6.157936;1381.21;91.4;2;4458;992;148.74;22.07;;;
45.0772;6.157939;1380.34;86.5;2;4458;992;148.76;22.05;;;
45.077378;6.157961;1381.01;85;2;4458;992;148.78;22.03;;;
45.077736;6.158003;1382.79;85;2;4459;991;148.82;21.99;;;
45.077917;6.158025;1383.33;85;2;4460;990;148.84;21.97;;;
45.078275;6.158069;1386.63;85;1;4462;988;148.88;21.93;;;
45.078433;6.158186;1384.88;60.8;1;4462;988;148.9;21.91;;;
45.078753;6.158422;1383.14;63.2;1;4462;988;148.94;21.87;;;
45.078911;6.158542;1381.33;61.9;1;4462;988;148.96;21.85;;;
45.079242;6.158742;1381.55;74.9;1;4462;988;149;21.81;;;
45.079586;6.158883;1385.3;73.5;1;4463;987;149.04;21.77;;;
45.07975;6.158986;1386.38;58;1;4464;986;149.06;21.75;;;
45.080047;6.159267;1384.04;56.6;1;4465;985;149.1;21.71;;;
45.080197;6.159408;1383.7;57;1;4465;985;149.12;21.69;;;
45.080497;6.159692;1384;55.5;1;4466;984;149.16;21.65;;;
45.080642;6.159842;1385.74;50.7;2;4466;984;149.18;21.63;;;
45.080925;6.160156;1386.17;52.6;2;4468;982;149.22;21.59;;;
45.081067;6.160314;1387.19;51.9;3;4468;982;149.24;21.57;;;
45.081206;6.160469;1388.22;52.2;3;4469;981;149.26;21.55;;;
45.081347;6.160628;1388.03;51.4;3;4470;980;149.28;21.53;;;
45.081661;6.160881;1390.92;61.3;4;4471;979;149.32;21.49;;;
45.081817;6.161008;1392.03;59.9;4;4472;978;149.34;21.47;;;
45.082128;6.161258;1391.96;61.1;5;4473;977;149.38;21.43;;;
45.082283;6.161392;1392.39;57.3;5;4474;976;149.4;21.41;70;;
45.082247;6.161183;1395.63;-121.2;6;4476;974;149.44;21.37;;;
45.082094;6.16105;1396.05;-122.2;6;4478;972;149.46;21.35;;;
45.081819;6.160728;1398.69;-133.5;6;4480;970;149.5;21.31;;;
45.081611;6.160317;1402.52;-154.1;7;4483;967;149.54;21.27;;;
45.081536;6.160086;1403.18;-154.1;7;4485;965;149.56;21.25;;;
45.081342;6.159664;1406.01;-134.5;7;4487;963;149.6;21.21;;;
45.081311;6.159467;1409.88;160.5;7;4488;962;149.62;21.19;;;
45.081572;6.159786;1408.86;41.1;8;4490;960;149.66;21.15;;;
45.081689;6.159978;1409.73;40.8;8;4491;959;149.68;21.13;;;
45.081994;6.160236;1413.74;69.5;8;4495;955;149.72;21.09;;;
45.082169;6.160297;1415.67;78.7;8;4497;953;149.74;21.07;;;
45.082347;6.160331;1417.03;83.7;8;4499;951;149.76;21.05;;;
45.082528;6.160331;1418.64;90;8;4501;949;149.78;21.03;;;
45.082883;6.160378;1423.41;75.7;7;4504;946;149.82;20.99;;;
45.083044;6.160489;1425.63;63.7;7;4505;945;149.84;20.97;;;
45.083344;6.160769;1427.5;51.9;7;4508;942;149.88;20.93;;;
45.083483;6.160928;1427.55;50.3;6;4509;941;149.9;20.91;;;
45.083797;6.161175;1429.46;62.9;6;4511;939;149.94;20.87;;;
45.083961;6.161272;1429.9;71.6;6;4513;937;149.96;20.85;;;
45.084319;6.161311;1433.74;86.3;6;4515;935;150;20.81;;;
45.084678;6.161258;1437.22;98.7;7;4518;932;150.04;20.77;;;
45.084856;6.161217;1438.65;98.6;7;4520;930;150.06;20.75;;;
45.085211;6.161139;1441.62;98.6;7;4523;927;150.1;20.71;;;
45.085389;6.1611;1442.88;98.6;7;4525;925;150.12;20.69;;;
45.085747;6.161108;1446.47;81.4;7;4528;922;150.16;20.65;;;
45.085925;6.161144;1448.65;81.4;7;4530;920;150.18;20.63;;;
45.08625;6.161347;1449.75;61.1;8;4534;916;150.22;20.59;;;
45.086428;6.161344;1451.31;97.7;8;4537;913;150.24;20.57;;;
45.0866;6.161281;1453.61;103.8;8;4539;911;150.26;20.55;;;
45.086775;6.161219;1458.04;102.9;8;4541;909;150.28;20.53;;;
45.087131;6.161211;1463.38;78.8;9;4545;905;150.32;20.49;;;
45.087308;6.161258;1465.56;78.8;9;4547;903;150.34;20.47;;;
45.087661;6.161353;1469.96;78.8;9;4550;900;150.38;20.43;;;
45.087831;6.161436;1470.41;69.7;9;4552;898;150.4;20.41;;;
45.088122;6.161719;1470.01;49.4;9;4553;897;150.44;20.37;;;
45.088261;6.161883;1470.6;50.7;8;4553;897;150.46;20.35;;;
45.088536;6.162211;1473.53;49.7;8;4555;895;150.5;20.31;;;
45.088811;6.162539;1474.69;48.8;8;4558;892;150.54;20.27;;;
45.088956;6.162689;1475.07;56.6;8;4559;891;150.56;20.25;;;
45.089258;6.162964;1480.21;56.6;8;4562;888;150.6;20.21;;;
45.089411;6.1631;1483.23;58.8;8;4564;886;150.62;20.19;;;
45.089736;6.163306;1488.11;72.2;9;4567;883;150.66;20.15;;;
45.089908;6.163386;1490.14;71;9;4569;881;150.68;20.13;;;
45.090178;6.163697;1487.68;65.2;9;4574;876;150.72;20.09;;;
45.090344;6.163639;1489.41;113.8;9;4576;874;150.74;20.07;;;
45.090475;6.163461;1494.29;133.2;9;4579;871;150.76;20.05;;;
45.090619;6.163314;1499.72;120.4;9;4582;868;150.78;20.03;;;
45.090953;6.163428;1501.53;66.5;9;4584;866;150.82;19.99;;;
45.091119;6.163528;1502.65;67;9;4585;865;150.84;19.97;;;
45.09145;6.163728;1504.28;67;8;4586;864;150.88;19.93;;;
45.091606;6.163853;1505.74;55.9;8;4588;862;150.9;19.91;;;
45.091911;6.164111;1509.81;67.5;8;4592;858;150.94;19.87;;;
45.092089;6.164161;1511.37;78.8;8;4594;856;150.96;19.85;;;
45.092325;6.163875;1516.21;159.7;8;4598;852;151;19.81;;;
45.092356;6.163375;1518.06;-176.8;8;4600;850;151.04;19.77;;;
45.092342;6.163122;1518.8;-174.9;7;4601;849;151.06;19.75;;;
45.092578;6.162994;1522.39;63.2;7;4604;846;151.1;19.71;;;
45.092728;6.163133;1523.3;57;7;4605;845;151.12;19.69;;;
45.093053;6.163328;1525.99;82.3;7;4608;842;151.16;19.65;;;
45.093231;6.163361;1527.18;82.3;7;4609;841;151.18;19.63;;;
45.093589;6.163431;1530.1;82.3;8;4612;838;151.22;19.59;;;
45.093764;6.163489;1531.54;76.2;8;4614;836;151.24;19.57;;;
45.093942;6.1635;1533.58;93.5;8;4616;834;151.26;19.55;;;
45.0941;6.163381;1534.97;119.7;8;4617;833;151.28;19.53;;;
45.094414;6.163144;1539.72;105.6;9;4621;829;151.32;19.49;;;
45.094592;6.163114;1541.87;92.2;9;4623;827;151.34;19.47;;;
45.09495;6.163153;1545.04;83.9;9;4626;824;151.38;19.43;;;
45.095128;6.163178;1546.4;85;9;4628;822;151.4;19.41;;;
45.095486;6.163231;1549.46;84.6;9;4631;819;151.44;19.37;;;
45.095664;6.163258;1551.31;83.7;8;4633;817;151.46;19.35;;;
45.096006;6.163414;1554.52;68.4;8;4636;814;151.5;19.31;;;
45.096322;6.163647;1557.87;59.9;8;4639;811;151.54;19.27;;;
45.096447;6.163831;1559.18;40;8;4640;810;151.56;19.25;;;
45.096747;6.164011;1560.96;100.2;8;4643;807;151.6;19.21;;;
45.096911;6.163906;1562.92;114.6;8;4644;806;151.62;19.19;;;
45.09725;6.163778;1567.79;83.7;8;4648;802;151.66;19.15;;;
45.097386;6.163936;1569.23;43.2;8;4650;800;151.68;19.13;;;
45.097617;6.164289;1570.6;70.6;8;4653;797;151.72;19.09;;;
45.097578;6.164075;1572.76;-152.4;8;4655;795;151.74;19.07;;;
45.097492;6.163853;1573.32;-152.4;8;4657;793;151.76;19.05;;;
45.097417;6.163622;1575.21;-160.5;8;4658;792;151.78;19.03;;;
45.097278;6.163156;1580.44;-150;8;4661;789;151.82;18.99;;;
45.097183;6.162939;1581.24;-147.8;8;4662;788;151.84;18.97;;;
45.096947;6.162556;1580.68;-132.8;8;4664;786;151.88;18.93;;;
45.097025;6.162411;1583.77;106.6;8;4665;785;151.9;18.91;;;
45.097286;6.162753;1586.15;44.6;8;4668;782;151.94;18.87;;;
45.097408;6.162939;1588.02;42.3;8;4670;780;151.96;18.85;;;
45.097667;6.163289;1591.48;51.8;8;4673;777;152;18.81;;;
45.09795;6.163603;1596.81;51.4;8;4676;774;152.04;18.77;;;
45.098092;6.163758;1598.75;52.2;7;4677;773;152.06;18.75;;;
45.098375;6.164072;1598.4;51.4;7;4680;770;152.1;18.71;;;
45.098522;6.164219;1598.93;59.2;7;4682;768;152.12;18.69;;;
45.098844;6.164442;1606.36;63.7;7;4686;764;152.16;18.65;;;
45.099006;6.164556;1608.31;62.8;7;4688;762;152.18;18.63;;;
45.099336;6.164744;1609.93;79.8;6;4691;759;152.22;18.59;;;
45.099517;6.164747;1611.23;94.8;6;4693;757;152.24;18.57;;;
45.099694;6.164722;1614.25;95;6;4694;756;152.26;18.55;71;;
45.099875;6.164714;1615.03;88.7;6;4696;754;152.28;18.53;;;
45.100008;6.164511;1618.32;-134.1;5;4698;752;152.32;18.49;;;
45.099836;6.164461;1619.08;-96.3;5;4698;752;152.34;18.47;;;
45.099475;6.164469;1618.47;-89.1;6;4700;750;152.38;18.43;;;
45.099306;6.164386;1619.09;-110.3;7;4701;749;152.4;18.41;;;
45.099019;6.164097;1620.25;-136.3;8;4704;746;152.44;18.37;;;
45.098994;6.16385;1622.47;-178.1;8;4706;744;152.46;18.35;;;
45.098858;6.163408;1627.44;-138.7;9;4709;741;152.5;18.31;;;
45.098633;6.163008;1630.72;-141.6;10;4712;738;152.54;18.27;;;
45.098522;6.162811;1632.23;-140.7;10;4714;736;152.56;18.25;;;
45.098297;6.162411;1635.15;-140.1;9;4717;733;152.6;18.21;;;
45.098211;6.162194;1636.83;-159.4;9;4718;732;152.62;18.19;;;
45.098122;6.161703;1640.35;-165.7;8;4720;730;152.66;18.15;;;
45.098056;6.161467;1639.97;-153;8;4722;728;152.68;18.13;;;
45.09815;6.161147;1644.48;88.5;7;4725;725;152.72;18.09;;;
45.098231;6.161353;1645.26;10.9;7;4726;724;152.74;18.07;;;
45.098267;6.161603;1646.37;10.9;7;4728;722;152.76;18.05;;;
45.098353;6.161817;1647.56;39;8;4729;721;152.78;18.03;;;
45.098639;6.162114;1652.18;61.1;9;4734;716;152.82;17.99;;;
45.098811;6.162178;1654.27;77.1;9;4737;713;152.84;17.97;;;
45.099153;6.162058;1660.41;114.8;10;4743;707;152.88;17.93;;;
45.099317;6.161953;1663.07;113.5;10;4745;705;152.9;17.91;;;
45.099672;6.161889;1663.79;90;11;4748;702;152.94;17.87;;;
45.099778;6.161769;1666.68;164;11;4750;700;152.96;17.85;;;
45.099458;6.161558;1671.64;-114.8;10;4754;696;153;17.81;;;
45.099181;6.161242;1675.76;-137.4;10;4757;693;153.04;17.77;;;
45.099058;6.161056;1677.26;-137.4;10;4759;691;153.06;17.75;;;
45.098767;6.160786;1680.73;-107.8;9;4763;687;153.1;17.71;;;
45.098597;6.1607;1680.9;-111.6;9;4764;686;153.12;17.69;;;
45.098689;6.160536;1686.19;64.4;9;4767;683;153.16;17.65;;;
45.098858;6.160589;1685.9;88.6;9;4769;681;153.18;17.63;;;
45.099203;6.160453;1691.78;103.8;9;4772;678;153.22;17.59;;;
45.099383;6.160436;1693.69;87.8;9;4773;677;153.24;17.57;;;
45.099556;6.160494;1695.04;69.7;8;4775;675;153.26;17.55;;;
45.099725;6.160581;1695.7;69.7;8;4776;674;153.28;17.53;;;
45.099864;6.160472;1699.73;-133.5;8;4780;670;153.32;17.49;;;
45.099703;6.160364;1701.13;-115.1;8;4781;669;153.34;17.47;;;
45.0994;6.160097;1704.05;-114.8;8;4785;665;153.38;17.43;;;
45.099231;6.160022;1704.51;-111.7;8;4786;664;153.4;17.41;;;
45.099422;6.159853;1710.17;71;9;4790;660;153.44;17.37;;;
45.099589;6.159944;1710.39;69.5;9;4791;659;153.46;17.35;;;
45.099925;6.160125;1712.95;69.5;9;4795;655;153.5;17.31;;;
45.099989;6.159889;1719.47;-133.5;9;4799;651;153.54;17.27;;;
45.099831;6.159764;1721.03;-119.5;9;4801;649;153.56;17.25;;;
45.099533;6.159486;1723.26;-130.5;10;4805;645;153.6;17.21;;;
45.099394;6.159322;1726.14;-129.2;10;4807;643;153.62;17.19;;;
45.099111;6.159008;1728.63;-123.4;10;4811;639;153.66;17.15;;;
45.098947;6.158914;1730.95;-103.8;10;4813;637;153.68;17.13;;;
45.098683;6.158617;1734.21;-157.5;11;4818;632;153.72;17.09;;;
45.098611;6.158383;1736.04;-156.4;11;4820;630;153.74;17.07;;;
45.098542;6.15815;1739.37;-156.4;11;4822;628;153.76;17.05;;;
45.098428;6.157956;1741.99;-136.5;10;4824;626;153.78;17.03;;;
45.09815;6.157633;1746.6;-127.4;10;4829;621;153.82;16.99;;;
45.098008;6.157478;1749.32;-128.2;10;4831;619;153.84;16.97;;;
45.097736;6.157144;1753.25;-135.4;9;4835;615;153.88;16.93;;;
45.097608;6.156969;1755.58;-133.8;9;4837;613;153.9;16.91;;;
45.097286;6.156739;1757.05;-116.8;8;4840;610;153.94;16.87;;;
45.097125;6.156625;1759.84;-116.8;8;4842;608;153.96;16.85;;;
45.096797;6.156425;1762.77;-101.2;9;4845;605;154;16.81;;;
45.096444;6.156339;1765.04;-102.8;10;4848;602;154.04;16.77;;;
45.096283;6.156225;1768.38;-116.8;10;4850;600;154.06;16.75;;;
45.095978;6.155961;1771.53;-126.3;10;4854;596;154.1;16.71;;;
45.095864;6.155767;1773.99;-143.6;11;4856;594;154.12;16.69;;;
45.095647;6.155358;1777.4;-142.4;11;4860;590;154.16;16.65;;;
45.095531;6.155169;1781.49;-134.9;11;4862;588;154.18;16.63;;;
45.095233;6.154883;1784.38;-121.2;11;4866;584;154.22;16.59;;;
45.095081;6.15475;1786.24;-121.6;11;4868;582;154.24;16.57;;;
45.094928;6.154614;1788.72;-122;10;4870;580;154.26;16.55;;;
45.094778;6.154475;1789.81;-124.1;10;4872;578;154.28;16.53;;;
45.094497;6.154158;1792.83;-129.2;10;4877;573;154.32;16.49;;;
45.094358;6.153997;1795.07;-131.5;10;4879;571;154.34;16.47;;;
45.094108;6.153631;1799.3;-135.1;10;4883;567;154.38;16.43;;;
45.093986;6.153447;1802.88;-136.8;10;4885;565;154.4;16.41;;;
45.093706;6.153131;1806.13;-123;10;4888;562;154.44;16.37;;;
45.093556;6.152992;1808.53;-123;9;4890;560;154.46;16.35;;;
45.093228;6.152794;1811.52;-104.3;9;4893;557;154.5;16.31;;;
45.093019;6.152603;1814.96;153.6;9;4897;553;154.54;16.27;;;
45.093194;6.152631;1816.9;74.4;9;4898;552;154.56;16.25;;;
45.093547;6.152717;1819.72;82.3;10;4902;548;154.6;16.21;;;
45.093725;6.15275;1821.6;82.3;10;4903;547;154.62;16.19;;;
45.094078;6.15285;1826.8;73.5;10;4907;543;154.66;16.15;;;
45.09425;6.152919;1828.2;74.8;10;4909;541;154.68;16.13;;;
45.094589;6.153092;1831.9;67.8;11;4914;536;154.72;16.09;;;
45.094758;6.153183;1834.87;68.9;11;4916;534;154.74;16.07;;;
45.094928;6.153258;1835.64;73.5;11;4919;531;154.76;16.05;;;
45.0951;6.153336;1837.54;72.2;11;4921;529;154.78;16.03;;;
45.095444;6.153486;1844.29;72.2;11;4926;524;154.82;15.99;;;
45.095617;6.153561;1845.74;73.5;11;4928;522;154.84;15.97;;;
45.095958;6.153711;1849.59;73;10;4933;517;154.88;15.93;;;
45.096131;6.153789;1853.31;72.4;10;4935;515;154.9;15.91;;;
45.096456;6.154;1856.04;61.1;10;4939;511;154.94;15.87;;;
45.096614;6.154122;1858.63;61.1;10;4941;509;154.96;15.85;;;
45.096947;6.154317;1863.2;67.8;9;4945;505;155;15.81;;;
45.097278;6.154472;1865.66;82.1;9;4948;502;155.04;15.77;;;
45.097206;6.154306;1869.88;-120.7;9;4950;500;155.06;15.75;;;
45.096906;6.154028;1871.7;-127.4;8;4953;497;155.1;15.71;;;
45.096764;6.153872;1872.92;-127.4;8;4955;495;155.12;15.69;;;
45.096472;6.153575;1875.7;-122.2;8;4957;493;155.16;15.65;;;
45.096319;6.153439;1877.65;-121.2;9;4958;492;155.18;15.63;;;
45.096031;6.153139;1880.81;-135.9;10;4962;488;155.22;15.59;;;
45.095914;6.152947;1881.88;-139.7;10;4964;486;155.24;15.57;;;
45.0958;6.15275;1886.04;-140.6;10;4966;484;155.26;15.55;;;
45.095672;6.152578;1888.61;-126.3;11;4968;482;155.28;15.53;;;
45.095397;6.152253;1891.39;-135.1;12;4974;476;155.32;15.49;;;
45.095272;6.152072;1893.85;-134.5;12;4977;473;155.34;15.47;;;
45.094967;6.151836;1897.77;-99;11;4983;467;155.38;15.43;;;
45.094803;6.151742;1902.98;-123;11;4985;465;155.4;15.41;;;
45.094489;6.151511;1905.44;-104.8;10;4988;462;155.44;15.37;;;
45.094311;6.151464;1906.59;-105.2;10;4989;461;155.46;15.35;;;
45.094011;6.151203;1910.37;-132.2;9;4992;458;155.5;15.31;;;
45.093697;6.151114;1912.96;-67.2;8;4995;455;155.54;15.27;;;
45.093531;6.151097;1913.62;-109;8;4997;453;155.56;15.25;;;
45.093256;6.150811;1918.17;-102.7;8;5000;450;155.6;15.21;;;
45.093083;6.150856;1916.66;-85.8;8;5002;448;155.62;15.19;;;
45.092803;6.150569;1925.45;-111.5;9;5005;445;155.66;15.15;;;
45.092628;6.150578;1927.1;-82.3;9;5007;443;155.68;15.13;;;
45.092278;6.150514;1929.43;-106.5;9;5011;439;155.72;15.09;;;
45.092106;6.150436;1931.14;-107.8;9;5013;437;155.74;15.07;;;
45.091958;6.150319;1931.18;-132.1;9;5015;435;155.76;15.05;;;
45.091881;6.150089;1932.79;-154.7;9;5017;433;155.78;15.03;;;
45.091689;6.149664;1938.15;-142.1;9;5021;429;155.82;14.99;;;
45.091556;6.1495;1941.35;-120.4;10;5023;427;155.84;14.97;;;
45.091278;6.149192;1944.6;-133.5;10;5027;423;155.88;14.93;;;
45.091125;6.149056;1947.13;-121.9;10;5029;421;155.9;14.91;;;
45.090792;6.148944;1952.58;-86.4;10;5033;417;155.94;14.87;;;
45.090625;6.149042;1952.39;-67.8;10;5035;415;155.96;14.85;;;
45.090278;6.149172;1956.37;-74.8;10;5038;412;156;14.81;;;
45.090008;6.149494;1960.67;-64.8;10;5043;407;156.04;14.77;;;
45.089944;6.149314;1964.33;-178.1;10;5045;405;156.06;14.75;;;
45.090189;6.148947;1967.14;126.3;10;5049;401;156.1;14.71;;;
45.090339;6.148808;1967.9;123.4;10;5051;399;156.12;14.69;;;
45.090169;6.148753;1972.7;-65.2;10;5055;395;156.16;14.65;;;
45.090006;6.148864;1975.51;-64.5;10;5057;393;156.18;14.63;;;
45.089697;6.149122;1978.15;-59.9;10;5060;390;156.22;14.59;;;
45.089536;6.149233;1979.94;-69.5;10;5062;388;156.24;14.57;;;
45.089364;6.149217;1981.42;-105.2;9;5064;386;156.26;14.55;;;
45.089189;6.149153;1983.76;-105.2;9;5066;384;156.28;14.53;;;
45.088858;6.149281;1985.85;-56.6;9;5069;381;156.32;14.49;;;
45.088706;6.149406;1987.24;-64.1;9;5070;380;156.34;14.47;;;
45.088353;6.149303;1991.05;-101.2;6;5073;377;156.38;14.43;;;
45.088178;6.149253;1993.08;-101.6;4;5075;375;156.4;14.41;;;
45.087825;6.14915;1997.21;-101.2;1;5077;373;156.44;14.37;;;
45.087647;6.149097;1998.96;-102.5;-1;5077;373;156.46;14.35;;;
45.087294;6.148997;1997.76;-101.2;-4;5079;371;156.5;14.31;72;summit;H
45.086944;6.148894;1993.73;-101.5;-7;5079;371;156.54;14.27;;;
45.086767;6.148842;1993.42;-101.2;-7;5079;371;156.56;14.25;;;
45.086456;6.1486;1990.57;-123;-7;5079;371;156.6;14.21;;;
45.086306;6.148461;1988.79;-123.4;-7;5079;371;156.62;14.19;;;
45.086036;6.148128;1986.66;-134.5;-7;5079;371;156.66;14.15;;;
45.085906;6.14795;1985.65;-134.9;-7;5079;371;156.68;14.13;;;
45.085642;6.147608;1983.43;-126.3;-6;5079;371;156.72;14.09;;;
45.085489;6.147475;1982.34;-122.2;-6;5079;371;156.74;14.07;;;
45.085333;6.147342;1981.41;-120.9;-6;5079;371;156.76;14.05;;;
45.085181;6.147211;1980.02;-121.6;-6;5079;371;156.78;14.03;;;
45.084922;6.146858;1976.63;-134.5;-7;5079;371;156.82;13.99;;;
45.084794;6.146678;1975.15;-136;-7;5079;371;156.84;13.97;;;
45.084544;6.146314;1972.85;-136.3;-6;5079;371;156.88;13.93;;;
45.084419;6.146131;1971.42;-136;-6;5079;371;156.9;13.91;;;
45.084169;6.145767;1969.02;-136;-5;5079;371;156.94;13.87;;;
45.084053;6.145572;1968.47;-142.1;-6;5079;371;156.96;13.85;;;
45.083828;6.145175;1965.57;-142.1;-7;5079;371;157;13.81;;;
45.083603;6.144778;1961.92;-142.1;-9;5079;371;157.04;13.77;;;
45.083492;6.144581;1960.75;-142.1;-9;5079;371;157.06;13.75;;;
45.08325;6.144203;1957.32;-135.1;-10;5079;371;157.1;13.71;;;
45.083125;6.144019;1955.52;-135.4;-11;5079;371;157.12;13.69;;;
45.082878;6.143653;1950.47;-136.5;-11;5079;371;157.16;13.65;;;
45.082756;6.143464;1948.82;-139.7;-11;5079;371;157.18;13.63;;;
45.082525;6.143075;1944.99;-139.7;-11;5079;371;157.22;13.59;;;
45.082408;6.142881;1941.61;-139.3;-11;5079;371;157.24;13.57;;;
45.082294;6.142686;1939.19;-139.3;-11;5079;371;157.26;13.55;;;
45.082178;6.142492;1937.2;-139.7;-10;5079;371;157.28;13.53;;;
45.081947;6.142103;1934.28;-139.3;-9;5079;371;157.32;13.49;;;
45.081858;6.141886;1932.26;-159.9;-9;5079;371;157.34;13.47;;;
45.081764;6.141397;1926.56;-165.7;-11;5079;371;157.38;13.43;;;
45.081714;6.141153;1924.5;-163.8;-12;5079;371;157.4;13.41;;;
45.081569;6.140689;1921.95;-154.1;-14;5079;371;157.44;13.37;;;
45.081494;6.140458;1919.12;-155.3;-13;5079;371;157.46;13.35;;;
45.081342;6.139997;1913.48;-154.1;-10;5079;371;157.5;13.31;;;
45.081189;6.139536;1910.7;-154.7;-8;5079;371;157.54;13.27;;;
45.081111;6.139308;1908.03;-154.2;-8;5079;371;157.56;13.25;;;
45.080994;6.138828;1903.62;-161.6;-9;5079;371;157.6;13.21;;;
45.080936;6.138586;1902.38;-162;-10;5079;371;157.62;13.19;;;
45.080836;6.1381;1899.19;-173.1;-10;5079;371;157.66;13.15;;;
45.080808;6.13785;1897.25;-171;-10;5079;371;157.68;13.13;;;
45.080756;6.137347;1893.12;-171.6;-11;5079;371;157.72;13.09;;;
45.080739;6.137094;1889.92;-174.9;-11;5079;371;157.74;13.07;;;
45.080725;6.136842;1887.28;-174.8;-11;5079;371;157.76;13.05;;;
45.080714;6.136589;1886.02;-176.8;-10;5079;371;157.78;13.03;;;
45.080686;6.136081;1881.78;-176.2;-9;5079;371;157.82;12.99;;;
45.080664;6.135831;1880.04;-169.1;-9;5079;371;157.84;12.97;;;
45.080578;6.135339;1875.84;-158.6;-9;5079;371;157.88;12.93;;;
45.080508;6.135106;1874.98;-156.3;-9;5079;371;157.9;12.91;;;
45.080372;6.134636;1870.31;-157.6;-9;5079;371;157.94;12.87;;;
45.080303;6.1344;1867.67;-156.5;-9;5079;371;157.96;12.85;;;
45.080167;6.133931;1864.5;-158.1;-8;5079;371;158;12.81;;;
45.080031;6.133461;1863.34;-158.2;-8;5079;371;158.04;12.77;;;
45.079961;6.133225;1860.56;-158.2;-8;5079;371;158.06;12.75;;;
45.079772;6.132794;1857.62;-148.6;-9;5079;371;158.1;12.71;;;
45.0797;6.132561;1855.07;-158.7;-9;5079;371;158.12;12.69;;;
45.079656;6.132067;1851.42;171;-9;5079;371;158.16;12.65;;;
45.079689;6.131817;1850.42;169.1;-9;5079;371;158.18;12.63;;;
45.079819;6.131344;1847.24;158.7;-8;5079;371;158.22;12.59;;;
45.079886;6.131108;1845.39;158.7;-8;5079;371;158.24;12.57;;;
45.079972;6.130892;1844.1;144.7;-8;5079;371;158.26;12.55;;;
45.080089;6.131;1841.62;24.4;-8;5079;371;158.28;12.53;;;
45.080194;6.131475;1837.24;31.6;-9;5079;371;158.32;12.49;;;
45.080294;6.131683;1834.86;34.8;-9;5079;371;158.34;12.47;;;
45.080533;6.132061;1832.77;46.5;-9;5079;371;158.38;12.43;;;
45.080706;6.132136;1831.5;72.4;-8;5079;371;158.4;12.41;;;
45.081053;6.132072;1828.52;110.7;-8;5079;371;158.44;12.37;;;
45.081206;6.131939;1827.3;122.2;-8;5079;371;158.46;12.35;;;
45.081514;6.131675;1824.19;120.1;-8;5079;371;158.5;12.31;;;
45.081494;6.131219;1820.44;-162.1;-8;5079;371;158.54;12.27;;;
45.081436;6.130981;1819.14;-161.6;-8;5079;371;158.56;12.25;;;
45.081422;6.130492;1816.48;167.9;-7;5079;371;158.6;12.21;;;
45.081514;6.130278;1814.95;143.9;-6;5079;371;158.62;12.19;;;
45.081725;6.129867;1812.65;143.7;-7;5079;371;158.66;12.15;;;
45.0818;6.129636;1811.52;154.1;-7;5079;371;158.68;12.13;;;
45.081825;6.129133;1808.5;-176.2;-8;5079;371;158.72;12.09;;;
45.081811;6.128881;1807.55;-176.2;-9;5079;371;158.74;12.07;;;
45.0818;6.128628;1805.61;-176.1;-8;5079;371;158.76;12.05;;;
45.081783;6.128375;1803.42;-172.9;-7;5079;371;158.78;12.03;;;
45.081656;6.1279;1801.33;-158.6;-6;5079;371;158.82;11.99;;;
45.081594;6.127661;1801.35;-159.9;-5;5079;371;158.84;11.97;;;
45.081467;6.127186;1798.4;-160.5;-7;5079;371;158.88;11.93;;;
45.081408;6.126947;1795.19;-161.7;-7;5079;371;158.9;11.91;;;
45.081283;6.126478;1793.07;-141.6;-9;5079;371;158.94;11.87;;;
45.081172;6.126278;1792.11;-141.6;-8;5079;371;158.96;11.85;;;
45.080947;6.125881;1786.95;-140.1;-7;5079;371;159;11.81;;;
45.080725;6.125481;1784.73;-141.6;-6;5079;371;159.04;11.77;;;
45.080614;6.125283;1782.82;-142.1;-6;5079;371;159.06;11.75;;;
45.080392;6.124883;1781.67;-142.1;-5;5079;371;159.1;11.71;;;
45.080281;6.124683;1779.93;-142.1;-4;5079;371;159.12;11.69;;;
45.080025;6.124325;1777.79;-134.5;-5;5079;371;159.16;11.65;;;
45.079897;6.124147;1777.39;-134.5;-6;5079;371;159.18;11.63;;;
45.079669;6.123756;1775.05;-141.6;-7;5079;371;159.22;11.59;;;
45.079608;6.123519;1774.88;-165.4;-8;5079;371;159.24;11.57;;;
45.079567;6.123272;1773;-167.9;-7;5079;371;159.26;11.55;;;
45.079522;6.123028;1769.1;-165.7;-7;5079;371;159.28;11.53;;;
45.079439;6.122533;1770.41;-167.7;-6;5079;371;159.32;11.49;;;
45.079403;6.122283;1768.95;-167.9;-5;5079;371;159.34;11.47;;;
45.079325;6.121789;1765.33;-167.6;-5;5079;371;159.38;11.43;;;
45.079286;6.121539;1765.05;-167.2;-4;5079;371;159.4;11.41;;;
45.079208;6.121044;1761.31;-167;-4;5079;371;159.44;11.37;;;
45.079169;6.120794;1761.54;-167.2;-3;5079;371;159.46;11.35;;;
45.079042;6.120322;1760.04;-160;-1;5079;371;159.5;11.31;;;
45.078922;6.119842;1763.04;-163.8;1;5079;371;159.54;11.27;;;
45.078872;6.119597;1760.75;-163.8;1;5079;371;159.56;11.25;;;
45.078781;6.119108;1759.86;-167.7;1;5079;371;159.6;11.21;;;
45.0788;6.118856;1761.86;174.9;1;5079;371;159.62;11.19;;;
45.0789;6.118372;1761.46;161.7;2;5080;370;159.66;11.15;;;
45.078931;6.118122;1762.55;169.1;2;5080;370;159.68;11.13;;;
45.078986;6.117619;1761.97;171.2;3;5082;368;159.72;11.09;;;
45.079025;6.117375;1762.6;163.4;4;5083;367;159.74;11.07;;;
45.079111;6.117153;1763.84;150.7;4;5084;366;159.76;11.05;;;
45.0792;6.116931;1764.8;150.7;4;5085;365;159.78;11.03;;;
45.079372;6.116486;1767.05;152.4;5;5087;363;159.82;10.99;;;
45.079433;6.116247;1765.95;160.5;5;5088;362;159.84;10.97;;;
45.079556;6.115769;1769.19;159.9;6;5091;359;159.88;10.93;;;
45.079617;6.115531;1772.25;159.7;6;5092;358;159.9;10.91;;;
45.079767;6.115067;1773.66;154.5;7;5094;356;159.94;10.87;;;
45.079842;6.114836;1775.42;154.7;6;5095;355;159.96;10.85;;;
45.080014;6.114392;1778.01;150.1;4;5097;353;160;10.81;;;
45.08015;6.113922;1777.14;162;2;5098;352;160.04;10.77;;;
45.080203;6.113681;1778.13;162;3;5099;351;160.06;10.75;;;
45.080311;6.113194;1780.5;162.1;4;5100;350;160.1;10.71;;;
45.080364;6.112953;1781.3;163.8;5;5101;349;160.12;10.69;;;
45.080314;6.112453;1782.77;-171;4;5102;348;160.16;10.65;;;
45.080311;6.1122;1784.76;180;2;5103;347;160.18;10.63;;;
45.080311;6.111692;1783.47;180;-2;5104;346;160.22;10.59;;;
45.080311;6.111439;1784.58;180;-4;5104;346;160.24;10.57;;;
45.080311;6.111183;1784.58;180;-2;5104;346;160.26;10.55;;;
45.080269;6.110939;1781.47;-163.4;0;5104;346;160.28;10.53;;;
45.080183;6.110447;1785.07;-174.2;5;5105;345;160.32;10.49;;;
45.080167;6.110194;1788.35;-174.8;7;5105;345;160.34;10.47;;;
45.080231;6.109747;1785.02;122.9;6;5107;343;160.38;10.43;;;
45.080381;6.109611;1787.26;128.2;6;5107;343;160.4;10.41;;;
45.080667;6.1093;1786.77;124.1;5;5110;340;160.44;10.37;;;
45.080825;6.109181;1789.12;116.8;5;5111;339;160.46;10.35;;;
45.081158;6.109006;1792.94;102.1;6;5113;337;160.5;10.31;;;
45.081517;6.109028;1795.05;85.9;7;5116;334;160.54;10.27;;;
45.081694;6.108997;1796.37;99.1;7;5117;333;160.56;10.25;;;
45.082017;6.108781;1799.8;118.9;8;5120;330;160.6;10.21;;;
45.082153;6.108614;1802.45;132.2;8;5122;328;160.62;10.19;;;
45.082428;6.108286;1804.39;127.4;8;5126;324;160.66;10.15;;;
45.082572;6.108136;1806.65;126.3;8;5128;322;160.68;10.13;;;
45.082861;6.107833;1810.23;126.3;8;5131;319;160.72;10.09;;;
45.083008;6.107689;1812.72;123;8;5132;318;160.74;10.07;;;
45.083167;6.107567;1812.49;118.9;8;5134;316;160.76;10.05;;;
45.083325;6.107444;1813.83;118.4;8;5135;315;160.78;10.03;;;
45.083661;6.107267;1817.1;108.6;9;5138;312;160.82;9.99;;;
45.083825;6.107175;1819.56;113.5;9;5139;311;160.84;9.97;;;
45.084056;6.1068;1822.54;132.5;8;5142;308;160.88;9.93;;;
45.084111;6.106558;1822.98;161.7;8;5143;307;160.9;9.91;;;
45.084344;6.106186;1828.39;125.2;7;5147;303;160.94;9.87;;;
45.0845;6.106064;1828.8;115.6;6;5148;302;160.96;9.85;;;
45.084847;6.105947;1830.68;100.2;5;5151;299;161;9.81;;;
45.085164;6.105753;1833.62;137.9;4;5153;297;161.04;9.77;;;
45.085167;6.105511;1835.54;-169.7;3;5153;297;161.06;9.75;;;
45.084967;6.105089;1834.88;-150.7;2;5155;295;161.1;9.71;;;
45.084881;6.104867;1834.71;-152.4;2;5156;294;161.12;9.69;;;
45.084703;6.104425;1835.71;-150.7;2;5157;293;161.16;9.65;;;
45.084736;6.104178;1836.49;167.9;3;5158;292;161.18;9.63;;;
45.084778;6.103675;1838.65;180;5;5159;291;161.22;9.59;;;
45.084775;6.103422;1838.39;180;6;5160;290;161.24;9.57;;;
45.084772;6.103169;1839.29;180;6;5161;289;161.26;9.55;;;
45.084767;6.102914;1841.01;-178.7;6;5162;288;161.28;9.53;;;
45.084761;6.102406;1843.58;-178.1;5;5163;287;161.32;9.49;;;
45.084758;6.102153;1845.49;-178.1;5;5164;286;161.34;9.47;;;
45.084753;6.101644;1845.68;180;3;5166;284;161.38;9.43;;;
45.08475;6.101392;1846.82;180;3;5167;283;161.4;9.41;;;
45.084742;6.100883;1848.85;-178.7;1;5167;283;161.44;9.37;;;
45.084739;6.100628;1848.73;-178.1;-1;5167;283;161.46;9.35;;;
45.084733;6.100119;1846.27;-178.1;-4;5167;283;161.5;9.31;;;
45.084697;6.099617;1843.01;-169.1;-8;5167;283;161.54;9.27;;;
45.084658;6.099369;1842.06;-167;-6;5167;283;161.56;9.25;;;
45.084633;6.098867;1840.78;174.9;-3;5167;283;161.6;9.21;;;
45.084647;6.098614;1839.13;176.8;-2;5167;283;161.62;9.19;;;
45.084708;6.098114;1837.73;171;0;5167;283;161.66;9.15;;;
45.084778;6.097878;1838.95;157.5;-1;5167;283;161.68;9.13;;;
45.084914;6.097408;1838.3;158.2;-2;5167;283;161.72;9.09;;;
45.084981;6.097172;1838.46;157.6;-2;5167;283;161.74;9.07;;;
45.08505;6.096936;1837.15;158.7;-2;5167;283;161.76;9.05;;;
45.085117;6.096703;1837.7;157.5;-3;5167;283;161.78;9.03;;;
45.085253;6.096231;1834.8;158;-4;5167;283;161.82;8.99;;;
45.085294;6.095986;1833.17;172.9;-4;5167;283;161.84;8.97;;;
45.085314;6.095478;1831.43;176.2;-3;5167;283;161.88;8.93;;;
45.085322;6.095225;1832.72;176.8;-2;5167;283;161.9;8.91;;;
45.085372;6.094725;1832.67;165.7;-1;5167;283;161.94;8.87;;;
45.085414;6.094478;1832.67;165.7;0;5167;283;161.96;8.85;;;
45.085494;6.093983;1832.95;167.7;1;5167;283;162;8.81;;;
45.085589;6.093492;1835.5;159.7;3;5167;283;162.04;8.77;;;
45.085653;6.093256;1835.64;159.7;2;5167;283;162.06;8.75;;;
45.085781;6.092781;1833.85;159.7;1;5168;282;162.1;8.71;;;
45.085831;6.092536;1833.65;165.4;1;5168;282;162.12;8.69;;;
45.085922;6.092044;1834.42;166;0;5168;282;162.16;8.65;;;
45.085964;6.091797;1834.93;166;0;5169;281;162.18;8.63;;;
45.086022;6.091297;1834.93;171;1;5169;281;162.22;8.59;;;
45.08605;6.091047;1835.2;171;1;5170;280;162.24;8.57;;;
45.086081;6.090794;1835.73;169.1;2;5170;280;162.26;8.55;;;
45.086047;6.090544;1836.67;-169.1;3;5171;279;162.28;8.53;;;
45.085983;6.090047;1837.95;-168.8;5;5173;277;162.32;8.49;;;
45.086025;6.089819;1838.89;147.1;6;5174;276;162.34;8.47;;;
45.086297;6.089953;1841.74;28;5;5176;274;162.38;8.43;;;
45.086353;6.090194;1842.94;18.4;5;5177;273;162.4;8.41;;;
45.086517;6.090639;1843.8;40.7;4;5179;271;162.44;8.37;;;
45.086633;6.090831;1845.23;40;4;5179;271;162.46;8.35;;;
45.086817;6.091267;1846.74;30.3;5;5181;269;162.5;8.31;;;
45.086933;6.091744;1848.33;14.3;5;5183;267;162.54;8.27;;;
45.086961;6.091997;1849.39;9;5;5185;265;162.56;8.25;;;
45.087175;6.092322;1852.6;79.8;4;5187;263;162.6;8.21;;;
45.087289;6.092167;1853.35;158.1;4;5187;263;162.62;8.19;;;
45.087275;6.091661;1853.97;176.1;5;5189;261;162.66;8.15;;;
45.087317;6.091411;1855.11;165.4;5;5190;260;162.68;8.13;;;
45.087419;6.090925;1858.29;162.6;6;5192;258;162.72;8.09;;;
45.087472;6.090683;1859.39;161.7;7;5194;256;162.74;8.07;;;
45.087569;6.090469;1861.16;148.6;7;5196;254;162.76;8.05;;;
45.087667;6.090256;1862.52;147.8;7;5197;253;162.78;8.03;;;
45.087861;6.089828;1864.84;146.7;6;5199;251;162.82;7.99;;;
45.087975;6.089633;1865.57;141;6;5200;250;162.84;7.97;;;
45.088206;6.089242;1868.37;139.3;5;5202;248;162.88;7.93;;;
45.088319;6.089044;1869.05;142.1;5;5203;247;162.9;7.91;;;
45.088539;6.088644;1871.82;143.1;4;5205;245;162.94;7.87;;;
45.088647;6.088439;1871.71;143.9;3;5205;245;162.96;7.85;;;
45.088861;6.088031;1872.25;143.6;0;5206;244;163;7.81;;;
45.08905;6.087606;1872.43;161.6;-2;5206;244;163.04;7.77;;;
45.089094;6.087358;1871.41;166;-3;5206;244;163.06;7.75;;;
45.089153;6.086858;1869.93;171;-4;5206;244;163.1;7.71;;;
45.089178;6.086606;1867.86;173;-4;5206;244;163.12;7.69;;;
45.089236;6.086106;1866.71;167.8;-5;5206;244;163.16;7.65;;;
45.089297;6.085867;1864.97;156.3;-4;5206;244;163.18;7.63;;;
45.089481;6.085431;1864.75;148.5;-3;5206;244;163.22;7.59;;;
45.089592;6.085233;1863.89;137.7;-3;5206;244;163.24;7.57;;;
45.089711;6.085042;1863.08;138.3;-3;5206;244;163.26;7.55;;;
45.089825;6.08485;1863.56;140.7;-3;5206;244;163.28;7.53;;;
45.089894;6.084358;1860.51;180;-4;5206;244;163.32;7.49;;;
45.089878;6.084106;1859.26;-174.9;-4;5206;244;163.34;7.47;;;
45.0898;6.083611;1858.44;-165.7;-5;5206;244;163.38;7.43;;;
45.089758;6.083364;1857.9;-165.4;-5;5206;244;163.4;7.41;;;
45.089644;6.082883;1854.78;-159.9;-6;5206;244;163.44;7.37;;;
45.089589;6.082642;1854.52;-161.6;-7;5206;244;163.46;7.35;;;
45.089472;6.082161;1851.45;-159.9;-8;5206;244;163.5;7.31;;;
45.08945;6.081664;1848.42;174.8;-9;5206;244;163.54;7.27;;;
45.089519;6.081428;1845.94;156.3;-8;5206;244;163.56;7.25;;;
45.089806;6.081144;1842.99;120.1;-7;5206;244;163.6;7.21;;;
45.089939;6.080975;1841.21;137.4;-6;5206;244;163.62;7.19;;;
45.090064;6.080508;1840.82;169.1;-5;5206;244;163.66;7.15;;;
45.090097;6.080261;1839.98;169.5;-6;5206;244;163.68;7.13;;;
45.090231;6.079794;1835.87;147;-7;5206;244;163.72;7.09;;;
45.090356;6.079614;1834.85;129.9;-7;5206;244;163.74;7.07;;;
45.090497;6.079461;1834.22;126.3;-7;5206;244;163.76;7.05;;;
45.09055;6.079233;1833.09;174.6;-7;5206;244;163.78;7.03;;;
45.090283;6.079006;1828.72;-84.6;-7;5206;244;163.82;6.99;;;
45.090114;6.079078;1827.3;-64.9;-7;5206;244;163.84;6.97;;;
45.089953;6.079194;1827.12;-62.9;-7;5206;244;163.86;6.95;;;
45.089806;6.079333;1826.12;-51.8;-6;5206;244;163.88;6.93;;;
45.089664;6.079489;1825.2;-51.4;-6;5206;244;163.9;6.91;;;
45.089531;6.079664;1824.24;-47.4;-5;5206;244;163.92;6.89;;;
45.089386;6.079811;1823.2;-57.8;-5;5206;244;163.94;6.87;73;;
45.089233;6.079944;1823.06;-58.1;-5;5206;244;163.96;6.85;;;
45.089061;6.080017;1821.18;-75.7;-6;5206;244;163.98;6.83;;;
45.088892;6.07995;1818.77;-111.2;-6;5206;244;164;6.81;;;
45.088783;6.079761;1816.54;-155.3;-7;5206;244;164.02;6.79;;;
45.088769;6.079514;1815.21;174.8;-7;5206;244;164.04;6.77;;;
45.088789;6.079261;1814.14;174.8;-7;5206;244;164.06;6.75;;;
45.088847;6.079022;1813.21;160.5;-6;5206;244;164.08;6.73;;;
45.088908;6.078781;1811.71;160.3;-6;5206;244;164.1;6.71;;;
45.089011;6.078572;1810.69;146.3;-5;5206;244;164.12;6.69;;;
45.089142;6.0784;1809.92;127;-5;5206;244;164.14;6.67;;;
45.089272;6.078233;1809.74;135.8;-5;5206;244;164.16;6.65;;;
45.089325;6.078;1808.65;172.5;-4;5206;244;164.18;6.63;;;
45.089278;6.077758;1807.4;-156.5;-4;5206;244;164.2;6.61;;;
45.089119;6.077681;1806.35;-95.1;-3;5206;244;164.22;6.59;;;
45.088944;6.077733;1806;-73.7;-3;5206;244;164.24;6.57;;;
45.088775;6.077817;1805.87;-71;-4;5206;244;164.26;6.55;;;
45.088622;6.077778;1805.28;-129.9;-5;5206;244;164.28;6.53;;;
45.088533;6.077561;1803.86;-157.6;-5;5206;244;164.3;6.51;;;
45.088511;6.077311;1802.97;-178.1;-6;5206;244;164.32;6.49;;;
45.088425;6.077136;1802.29;-119.9;-7;5206;244;164.34;6.47;;;
45.088369;6.076894;1800.87;-163.9;-7;5206;244;164.36;6.45;;;
45.088331;6.076647;1799.11;-167.9;-7;5206;244;164.38;6.43;;;
45.088286;6.0764;1797.2;-163.8;-7;5206;244;164.4;6.41;;;
45.088242;6.076153;1795.33;-166;-7;5206;244;164.42;6.39;;;
45.088253;6.075906;1792.97;165.7;-7;5206;244;164.44;6.37;;;
45.088333;6.075678;1791.51;151.3;-7;5206;244;164.46;6.35;;;
45.088417;6.075456;1790.8;151.8;-6;5206;244;164.48;6.33;;;
45.088497;6.075228;1791.55;154.1;-6;5206;244;164.5;6.31;;;
45.088572;6.074997;1791.12;155.9;-5;5206;244;164.52;6.29;;;
45.088678;6.074794;1792.1;134.5;-5;5206;244;164.54;6.27;;;
45.088583;6.074583;1790.18;-146.3;-6;5206;244;164.56;6.25;;;
45.088483;6.074369;1786.78;-146.3;-7;5206;244;164.58;6.23;;;
45.088375;6.074169;1784.79;-141.6;-9;5206;244;164.6;6.21;;;
45.088264;6.073967;1781.59;-142.6;-10;5206;244;164.62;6.19;;;
45.088144;6.073781;1778.44;-136;-11;5206;244;164.64;6.17;;;
45.088011;6.073608;1776.07;-129.2;-9;5206;244;164.66;6.15;;;
45.087867;6.073461;1775.37;-124.5;-8;5206;244;164.68;6.13;;;
45.087711;6.073328;1774.97;-118;-6;5206;244;164.7;6.11;;;
45.087553;6.073208;1774.53;-118.3;-5;5206;244;164.72;6.09;;;
45.087394;6.073086;1773.65;-118;-3;5206;244;164.74;6.07;;;
45.087233;6.072975;1772.63;-116;-4;5206;244;164.76;6.05;;;
45.087072;6.072867;1771.18;-114.4;-5;5206;244;164.78;6.03;;;
45.086906;6.072767;1772.22;-113;-5;5206;244;164.8;6.01;;;
45.086747;6.072647;1770.12;-121.2;-6;5206;244;164.82;5.99;;;
45.086631;6.072456;1767.21;-144.2;-7;5206;244;164.84;5.97;;;
45.086542;6.072236;1766.98;-150;-7;5206;244;164.86;5.95;;;
45.086439;6.072028;1767.38;-142.1;-6;5206;244;164.88;5.93;;;
45.086306;6.071856;1766.58;-128.1;-6;5206;244;164.9;5.91;;;
45.086144;6.071747;1766.26;-111.6;-5;5206;244;164.92;5.89;;;
45.085969;6.071703;1761.71;-97.2;-5;5206;244;164.94;5.87;;;
45.085811;6.071594;1755.52;-125.6;-5;5206;244;164.96;5.85;;;
45.085794;6.071356;1756.7;171.6;-5;5206;244;164.98;5.83;;;
45.085881;6.071133;1763.06;148;-5;5206;244;165;5.81;;;
45.085944;6.070897;1764.18;163.8;-5;5206;244;165.02;5.79;;;
45.085947;6.070644;1757.08;-178.1;-5;5206;244;165.04;5.77;;;
45.085928;6.070392;1755.73;-172.9;-6;5206;244;165.06;5.75;;;
45.085878;6.070147;1755.63;-162;-7;5206;244;165.08;5.73;;;
45.085811;6.069911;1752.58;-158.7;-8;5206;244;165.1;5.71;;;
45.085736;6.069681;1749.99;-153.9;-9;5206;244;165.12;5.69;;;
45.085628;6.069481;1749.78;-138.8;-10;5206;244;165.14;5.67;;;
45.085506;6.069294;1750.35;-136.8;-9;5206;244;165.16;5.65;;;
45.085378;6.069111;1747.89;-133.6;-9;5206;244;165.18;5.63;;;
45.085244;6.068944;1745.46;-129.2;-8;5206;244;165.2;5.61;;;
45.0851;6.068792;1741.23;-124.1;-8;5206;244;165.22;5.59;;;
45.084953;6.068644;1741.82;-124.5;-7;5206;244;165.24;5.57;;;
45.084814;6.068483;1741.4;-130.7;-7;5206;244;165.26;5.55;;;
45.084692;6.068297;1737.65;-137.7;-8;5206;244;165.28;5.53;;;
45.084606;6.068078;1736.56;-156.3;-8;5206;244;165.3;5.51;;;
45.084597;6.067828;1735.51;176.8;-9;5206;244;165.32;5.49;;;
45.084633;6.067578;1732.06;165.7;-9;5206;244;165.34;5.47;;;
45.084714;6.067353;1727.61;148.4;-9;5206;244;165.36;5.45;;;
45.084839;6.067175;1728.76;128.2;-9;5206;244;165.38;5.43;;;
45.084997;6.06705;1728.81;117.1;-9;5206;244;165.4;5.41;;;
45.085158;6.066942;1726.28;115.9;-9;5206;244;165.42;5.39;;;
45.085306;6.066794;1724.3;129.2;-9;5206;244;165.44;5.37;;;
45.085414;6.066592;1723.14;146.7;-8;5206;244;165.46;5.35;;;
45.085478;6.066356;1719.84;163.8;-8;5206;244;165.48;5.33;;;
45.085522;6.066111;1717.14;165.7;-7;5206;244;165.5;5.31;;;
45.085564;6.065864;1715.32;166.9;-7;5206;244;165.52;5.29;;;
45.085608;6.065617;1714.3;165.7;-6;5206;244;165.54;5.27;;;
45.085675;6.065381;1714.36;156.3;-6;5206;244;165.56;5.25;;;
45.08575;6.06515;1714.6;154.7;-7;5206;244;165.58;5.23;;;
45.085831;6.064922;1712.27;152.4;-7;5206;244;165.6;5.21;;;
45.085883;6.064683;1710;167.7;-8;5206;244;165.62;5.19;;;
45.085883;6.064428;1708.59;-176.2;-8;5206;244;165.64;5.17;;;
45.085883;6.064175;1707.39;178.7;-8;5206;244;165.66;5.15;;;
45.085936;6.063933;1705.37;160.5;-8;5206;244;165.68;5.13;;;
45.086019;6.063708;1703.96;152.4;-9;5206;244;165.7;5.11;;;
45.086106;6.063486;1701.74;150.1;-9;5206;244;165.72;5.09;;;
45.086194;6.063264;1700.19;150.7;-9;5206;244;165.74;5.07;;;
45.086294;6.063053;1697.68;142.9;-8;5206;244;165.76;5.05;;;
45.086422;6.062878;1696.39;131.6;-7;5206;244;165.78;5.03;;;
45.086561;6.062714;1695.4;129.3;-5;5206;244;165.8;5.01;;;
45.086703;6.062556;1693.06;127.1;-4;5206;244;165.82;4.99;;;
45.08685;6.062414;1691.55;120.1;-3;5206;244;165.84;4.97;;;
45.087014;6.062311;1691.85;107.8;-5;5206;244;165.86;4.95;;;
45.087192;6.062267;1693.31;98.6;-6;5206;244;165.88;4.93;;;
45.087369;6.062242;1693.96;96.4;-8;5206;244;165.9;4.91;;;
45.087506;6.062097;1690.61;143.1;-9;5206;244;165.92;4.89;;;
45.087444;6.061883;1684.79;-137.8;-11;5206;244;165.94;4.87;;;
45.087269;6.061892;1683.18;-75.9;-10;5206;244;165.96;4.85;;;
45.0871;6.061978;1682.88;-69.7;-9;5206;244;165.98;4.83;;;
45.086933;6.062067;1682.18;-69.3;-8;5206;244;166;4.81;;;
45.086764;6.062153;1681.64;-70.3;-7;5206;244;166.02;4.79;;;
45.086594;6.062239;1680.46;-69.3;-6;5206;244;166.04;4.77;;;
45.086422;6.062319;1678.44;-71.4;-6;5206;244;166.06;4.75;;;
45.086253;6.062397;1677.24;-72.2;-7;5206;244;166.08;4.73;;;
45.086083;6.062489;1675.42;-67.2;-7;5206;244;166.1;4.71;;;
45.085928;6.062608;1674.53;-58.9;-8;5206;244;166.12;4.69;;;
45.085789;6.062772;1672.85;-50.7;-8;5206;244;166.14;4.67;;;
45.085658;6.06295;1669.37;-46.8;-8;5206;244;166.16;4.65;;;
45.085531;6.063125;1670.58;-45.1;-8;5206;244;166.18;4.63;;;
45.085411;6.063317;1667.95;-39.4;-9;5206;244;166.2;4.61;;;
45.085328;6.063539;1666.78;-24.1;-9;5206;244;166.22;4.59;;;
45.085267;6.063778;1664.31;-19.5;-9;5206;244;166.24;4.57;;;
45.085192;6.064008;1663.79;-27.6;-8;5206;244;166.26;4.55;;;
45.0851;6.064225;1659.97;-31.6;-7;5206;244;166.28;4.53;;;
45.085;6.064436;1659.08;-34.5;-5;5206;244;166.3;4.51;;;
45.084897;6.064647;1657.84;-34;-4;5206;244;166.32;4.49;;;
45.0848;6.064861;1654.8;-31.6;-3;5206;244;166.34;4.47;;;
45.084708;6.065081;1654.01;-27.6;-4;5206;244;166.36;4.45;;;
45.084636;6.065311;1655.65;-21.8;-5;5206;244;166.38;4.43;;;
45.084575;6.06555;1658.3;-20.3;-6;5206;244;166.4;4.41;;;
45.084506;6.065783;1661.46;-24.1;-7;5206;244;166.42;4.39;;;
45.08435;6.065858;1656.72;-91.4;-8;5206;244;166.44;4.37;;;
45.084275;6.065661;1650.04;-176.1;-8;5206;244;166.46;4.35;;;
45.084367;6.065447;1648.49;141.6;-8;5206;244;166.48;4.33;;;
45.084469;6.065239;1648.54;148.4;-8;5206;244;166.5;4.31;;;
45.084561;6.065019;1647.77;150.9;-8;5206;244;166.52;4.29;;;
45.084617;6.064778;1644.72;162;-8;5206;244;166.54;4.27;;;
45.084667;6.064533;1642.27;163.9;-8;5206;244;166.56;4.25;;;
45.084711;6.064289;1640.87;165.7;-9;5206;244;166.58;4.23;;;
45.084756;6.064042;1638.61;167.2;-9;5206;244;166.6;4.21;;;
45.084792;6.063794;1636.4;171;-10;5206;244;166.62;4.19;;;
45.084811;6.063542;1635.83;174.8;-10;5206;244;166.64;4.17;;;
45.084828;6.063289;1633.26;174.2;-10;5206;244;166.66;4.15;;;
45.084856;6.063039;1632.81;166.9;-10;5206;244;166.68;4.13;;;
45.0849;6.062792;1630.98;165.7;-9;5206;244;166.7;4.11;;;
45.08495;6.062547;1628.87;163.8;-9;5206;244;166.72;4.09;;;
45.084997;6.062303;1628.11;165.7;-9;5206;244;166.74;4.07;;;
45.085036;6.062056;1626.68;167.6;-9;5206;244;166.76;4.05;;;
45.085086;6.061814;1622.98;160;-8;5206;244;166.78;4.03;;;
45.085175;6.061592;1621.08;148.4;-8;5206;244;166.8;4.01;;;
45.085294;6.061403;1619.5;136.5;-7;5206;244;166.82;3.99;;;
45.085417;6.061217;1618.56;137.4;-7;5206;244;166.84;3.97;;;
45.085539;6.061031;1617.6;137.4;-8;5206;244;166.86;3.95;;;
45.085656;6.060836;1614.62;139.3;-9;5206;244;166.88;3.93;;;
45.085769;6.060639;1614.07;139.7;-9;5206;244;166.9;3.91;;;
45.085867;6.060425;1611.4;147.8;-10;5206;244;166.92;3.89;;;
45.085961;6.060208;1610.58;148.6;-11;5206;244;166.94;3.87;;;
45.086056;6.059992;1608.44;147.8;-10;5206;244;166.96;3.85;;;
45.086156;6.059783;1605.94;143.9;-9;5206;244;166.98;3.83;;;
45.086281;6.059597;1604.28;133.2;-7;5206;244;167;3.81;;;
45.086422;6.059444;1604.51;124.5;-6;5206;244;167.02;3.79;;;
45.086575;6.059311;1606.21;123.4;-5;5206;244;167.04;3.77;;;
45.086703;6.059139;1605.87;140.7;-2;5206;244;167.06;3.75;;;
45.086692;6.058892;1601.86;-165.7;1;5206;244;167.08;3.73;;;
45.086664;6.058708;1598.42;162.2;5;5207;243;167.1;3.71;74;;
45.086825;6.058597;1601.3;116;8;5210;240;167.12;3.69;;;
45.086989;6.058486;1602.88;115.5;11;5212;238;167.14;3.67;;;
45.08715;6.058378;1605.96;114.8;10;5215;235;167.16;3.65;;;
45.087311;6.058261;1608.74;118.3;10;5217;233;167.18;3.63;;;
45.087458;6.058119;1610.51;126.3;9;5219;231;167.2;3.61;;;
45.0876;6.057961;1612.9;129.7;9;5221;229;167.22;3.59;;;
45.087733;6.057789;1614.37;134.5;8;5223;227;167.24;3.57;;;
45.087856;6.057603;1615.77;136.9;8;5224;226;167.26;3.55;;;
45.087969;6.057408;1616.61;140;8;5226;224;167.28;3.53;;;
45.088083;6.057211;1619.13;142.1;9;5228;222;167.3;3.51;;;
45.0882;6.057017;1621.63;139.7;9;5229;221;167.32;3.49;;;
45.0883;6.056808;1623.21;147.9;9;5231;219;167.34;3.47;;;
45.088361;6.056569;1624.46;163.9;9;5233;217;167.36;3.45;;;
45.088325;6.056322;1626.53;-161.7;9;5235;215;167.38;3.43;;;
45.088222;6.056114;1627.73;-141.6;8;5236;214;167.4;3.41;;;
45.088119;6.055908;1629.38;-149.7;8;5238;212;167.42;3.39;;;
45.08825;6.055869;1632.09;65.6;8;5240;210;167.44;3.37;;;
45.0884;6.056014;1631.2;56.6;8;5241;209;167.46;3.35;;;
45.088558;6.056133;1633.04;64.1;8;5243;207;167.48;3.33;;;
45.088722;6.056233;1636.19;67;9;5245;205;167.5;3.31;;;
45.088886;6.056342;1639.03;62.5;9;5247;203;167.52;3.29;;;
45.089011;6.056519;1640.24;36.4;9;5248;202;167.54;3.27;;;
45.089081;6.056753;1641.3;18;9;5250;200;167.56;3.25;;;
45.089119;6.057;1642.77;10.3;9;5252;198;167.58;3.23;;;
45.089142;6.057253;1645.02;5.7;10;5254;196;167.6;3.21;;;
45.089153;6.057506;1646.32;3.8;10;5256;194;167.62;3.19;;;
45.089164;6.057758;1647.79;3.9;10;5257;193;167.64;3.17;;;
45.089169;6.058014;1649.95;0;10;5259;191;167.66;3.15;;;
45.089147;6.058264;1652.49;-9;10;5261;189;167.68;3.13;;;
45.089106;6.058511;1654.46;-12.4;9;5263;187;167.7;3.11;;;
45.089061;6.058758;1656.74;-14;9;5265;185;167.72;3.09;;;
45.089017;6.059003;1658.58;-14.3;9;5267;183;167.74;3.07;;;
45.088972;6.05925;1659.88;-14.3;9;5268;182;167.76;3.05;;;
45.088928;6.059497;1661.67;-14;9;5270;180;167.78;3.03;;;
45.088883;6.059742;1663.37;-14.8;9;5272;178;167.8;3.01;;;
45.088825;6.059983;1664.32;-20.3;9;5274;176;167.82;2.99;;;
45.088739;6.060206;1665.74;-31.4;9;5275;175;167.84;2.97;;;
45.088706;6.060439;1667.86;6.1;9;5277;173;167.86;2.95;;;
45.088853;6.060381;1671.44;130.1;9;5279;171;167.88;2.93;;;
45.088989;6.060211;1671.9;129.2;9;5280;170;167.9;2.91;;;
45.089136;6.060069;1673.49;123.4;9;5282;168;167.92;2.89;;;
45.089286;6.059928;1674.78;123;9;5284;166;167.94;2.87;;;
45.089439;6.059789;1677.29;122;9;5285;165;167.96;2.85;;;
45.089586;6.059644;1678.27;124.5;9;5287;163;167.98;2.83;75;;
45.089728;6.059492;1680.09;127.8;10;5289;161;168;2.81;;;
45.089864;6.059322;1681.63;132.2;10;5291;159;168.02;2.79;;;
45.089992;6.059142;1683.47;135.1;10;5293;157;168.04;2.77;;;
45.090117;6.058961;1685.63;135.4;10;5295;155;168.06;2.75;;;
45.090242;6.058778;1687.81;135.1;10;5297;153;168.08;2.73;;;
45.090367;6.058594;1690.43;135.4;9;5299;151;168.1;2.71;;;
45.090492;6.058411;1692.64;135.4;9;5301;149;168.12;2.69;;;
45.090614;6.058225;1694.37;137.4;9;5304;146;168.14;2.67;;;
45.090728;6.058031;1697.14;140.7;9;5306;144;168.16;2.65;;;
45.090839;6.057831;1698.36;141.6;9;5308;142;168.18;2.63;;;
45.090944;6.057625;1701.39;144.4;9;5310;140;168.2;2.61;;;
45.09105;6.057419;1703.13;143.9;9;5311;139;168.22;2.59;;;
45.091164;6.057219;1706.05;140.6;9;5313;137;168.24;2.57;;;
45.091256;6.057006;1707.26;149.5;9;5315;135;168.26;2.55;;;
45.091331;6.056772;1708.73;155.9;8;5316;134;168.28;2.53;;;
45.091386;6.056531;1709.69;163.8;8;5318;132;168.3;2.51;;;
45.091414;6.056281;1713.53;172.9;7;5320;130;168.32;2.49;;;
45.091417;6.056028;1714.19;-178.7;7;5321;129;168.34;2.47;;;
45.091394;6.055775;1713.42;-171;7;5323;127;168.36;2.45;;;
45.091369;6.055525;1714.41;-172.3;8;5324;126;168.38;2.43;;;
45.091469;6.055353;1717.63;115.9;8;5326;124;168.4;2.41;;;
45.091592;6.055517;1721.36;28.2;9;5328;122;168.42;2.39;;;
45.091594;6.055769;1721.17;-3.8;9;5329;121;168.44;2.37;;;
45.0916;6.056022;1721.12;6.9;9;5331;119;168.46;2.35;;;
45.09165;6.056264;1722.51;18.3;9;5333;117;168.48;2.33;;;
45.091714;6.056503;1725.96;20.1;8;5334;116;168.5;2.31;;;
45.091775;6.056742;1726.63;20.1;8;5336;114;168.52;2.29;;;
45.091819;6.056989;1727.62;12.2;8;5337;113;168.54;2.27;;;
45.091839;6.057239;1729.62;5.2;8;5339;111;168.56;2.25;;;
45.091839;6.057494;1732.07;0;8;5340;110;168.58;2.23;;;
45.091819;6.057747;1733.16;-5.7;8;5342;108;168.6;2.21;;;
45.091803;6.058;1735.57;-5.1;8;5343;107;168.62;2.19;;;
45.091783;6.058253;1736.05;-5.7;8;5345;105;168.64;2.17;;;
45.091767;6.058506;1738.04;-5.1;8;5347;103;168.66;2.15;;;
45.091747;6.058758;1738.79;-7;8;5348;102;168.68;2.13;;;
45.091717;6.059008;1741.69;-10.3;7;5350;100;168.7;2.11;;;
45.091675;6.059256;1742.95;-14;7;5351;99;168.72;2.09;;;
45.091633;6.059503;1744.5;-16.2;7;5352;98;168.74;2.07;;;
45.091581;6.059744;1744.19;-17.8;8;5353;97;168.76;2.05;;;
45.091531;6.059989;1745.18;-16.2;9;5354;96;168.78;2.03;;;
45.091478;6.060231;1747.22;-16.4;10;5356;94;168.8;2.01;;;
45.091425;6.060475;1749.82;-16.2;11;5358;92;168.82;1.99;;;
45.091372;6.060717;1752;-16.1;12;5360;90;168.84;1.97;;;
45.091319;6.060961;1753.72;-16.2;11;5363;87;168.86;1.95;;;
45.091267;6.061203;1756.6;-16.2;10;5365;85;168.88;1.93;;;
45.091206;6.061442;1758.65;-23.5;9;5367;83;168.9;1.91;;;
45.091136;6.061675;1760.19;-23.5;8;5369;81;168.92;1.89;;;
45.091067;6.061908;1762.22;-21.9;7;5370;80;168.94;1.87;;;
45.090994;6.062142;1763.61;-24.1;8;5372;78;168.96;1.85;;;
45.090925;6.062378;1764.4;-21.3;8;5373;77;168.98;1.83;;;
45.090864;6.062617;1766.82;-19.5;9;5375;75;169;1.81;;;
45.090817;6.062861;1768.78;-14.3;9;5377;73;169.02;1.79;;;
45.090769;6.063106;1771.2;-14.8;10;5378;72;169.04;1.77;;;
45.090742;6.063356;1772.94;-3.2;8;5380;70;169.06;1.75;;;
45.090725;6.063608;1774.79;-5.2;6;5381;69;169.08;1.73;;;
45.090678;6.063853;1774.39;-21.3;4;5382;68;169.1;1.71;;;
45.090608;6.064086;1774.3;-25.3;2;5382;68;169.12;1.69;;;
45.090542;6.064322;1773.42;-19.7;0;5382;68;169.14;1.67;;;
45.090503;6.064569;1773.42;-14;2;5382;68;169.16;1.65;;;
45.090453;6.064814;1773.64;-16.2;4;5382;68;169.18;1.63;;;
45.090403;6.065056;1774.38;-16.4;5;5383;67;169.2;1.61;;;
45.090464;6.065275;1776.66;31.7;7;5384;66;169.22;1.59;;;
45.090581;6.065458;1780.31;54;9;5386;64;169.24;1.57;;;
45.090756;6.0655;1782.87;86.4;7;5388;62;169.26;1.55;;;
45.090922;6.065422;1783.71;118.1;6;5390;60;169.28;1.53;;;
45.090989;6.065192;1783;167.2;4;5391;59;169.3;1.51;;;
45.090989;6.064939;1782.01;180;3;5391;59;169.32;1.49;;;
45.091008;6.064686;1781.69;171;1;5392;58;169.34;1.47;;;
45.091058;6.064442;1782.34;163.8;2;5392;58;169.36;1.45;;;
45.091125;6.064206;1783.8;156.3;3;5392;58;169.38;1.43;;;
45.091206;6.063981;1785.12;150.1;5;5393;57;169.4;1.41;;;
45.091333;6.063803;1787.2;129.3;6;5394;56;169.42;1.39;;;
45.091469;6.063639;1789.24;131.6;7;5396;54;169.44;1.37;;;
45.091594;6.063456;1790.52;137.4;7;5397;53;169.46;1.35;;;
45.091706;6.063258;1790.71;143.1;6;5398;52;169.48;1.33;;;
45.091814;6.063053;1791.12;143.9;6;5399;51;169.5;1.31;;;
45.091917;6.062844;1790.84;146.3;5;5400;50;169.52;1.29;;;
45.092025;6.062642;1792.14;141.6;5;5401;49;169.54;1.27;;;
45.092142;6.062447;1794.06;139.3;5;5402;48;169.56;1.25;;;
45.092261;6.062258;1794.46;137.7;5;5404;46;169.58;1.23;;;
45.092394;6.062089;1796.59;131.6;6;5405;45;169.6;1.21;;;
45.092522;6.061911;1798.73;135.8;6;5407;43;169.62;1.19;;;
45.092622;6.0617;1800.57;152.4;6;5408;42;169.64;1.17;;;
45.092678;6.061458;1799.82;163.9;6;5410;40;169.66;1.15;;;
45.092744;6.061228;1800.41;151.7;7;5412;38;169.68;1.13;;;
45.092833;6.061372;1805.3;5.4;7;5413;37;169.7;1.11;;;
45.092769;6.061608;1804.18;-20.3;8;5414;36;169.72;1.09;;;
45.092725;6.061856;1805.31;-12.2;8;5415;35;169.74;1.07;;;
45.092697;6.062106;1806.48;-7.1;7;5416;34;169.76;1.05;;;
45.092675;6.062358;1808.94;-7.1;7;5417;33;169.78;1.03;;;
45.092653;6.062611;1809.97;-6.9;6;5418;32;169.8;1.01;;;
45.092633;6.062864;1811.74;-6.9;6;5420;30;169.82;0.99;;;
45.092614;6.063117;1813.52;-6.9;5;5421;29;169.84;0.97;;;
45.0926;6.063369;1813.73;-3.8;5;5422;28;169.86;0.95;;;
45.092606;6.063622;1814.82;3.9;5;5424;26;169.88;0.93;;;
45.092622;6.063875;1816.64;7.1;6;5425;25;169.9;0.91;;;
45.092647;6.064128;1817.19;8.8;6;5425;25;169.92;0.89;;;
45.092675;6.064378;1818.85;9;6;5426;24;169.94;0.87;;;
45.092703;6.064628;1820.16;9;6;5427;23;169.96;0.85;;;
45.092736;6.064878;1819.82;12.4;6;5428;22;169.98;0.83;;;
45.092775;6.065128;1820.39;12.2;6;5429;21;170;0.81;;;
45.092825;6.065372;1821.03;16.2;6;5430;20;170.02;0.79;;;
45.092872;6.065617;1823.14;14.2;6;5431;19;170.04;0.77;;;
45.092919;6.065861;1824.47;14.3;5;5432;18;170.06;0.75;;;
45.092953;6.066111;1825.16;9;4;5434;16;170.08;0.73;;;
45.092964;6.066364;1826.74;1.9;4;5435;15;170.1;0.71;;;
45.092972;6.066617;1826.58;3.2;3;5435;15;170.12;0.69;;;
45.093011;6.066864;1826.45;16.2;2;5435;15;170.14;0.67;;;
45.0931;6.067086;1826.91;31.7;1;5436;14;170.16;0.65;;;
45.093206;6.067292;1827.36;37.6;-1;5436;14;170.18;0.63;;;
45.093317;6.067492;1828.76;39.9;-2;5436;14;170.2;0.61;;;
45.093306;6.067703;1828.09;-29.8;-4;5436;14;170.22;0.59;;;
45.093214;6.067922;1826.55;-31.7;-5;5436;14;170.24;0.57;;;
45.093125;6.068142;1825.03;-29.8;-4;5436;14;170.26;0.55;;;
45.093008;6.068289;1824.29;-70.8;-3;5436;14;170.28;0.53;;;
45.092911;6.068464;1823.41;-14.6;-3;5436;14;170.3;0.51;;;
45.092936;6.068672;1823.91;-9.4;-2;5436;14;170.32;0.49;;;
45.092842;6.068889;1823.38;-31.7;-1;5436;14;170.34;0.47;;;
45.092747;6.069103;1822.91;-32.1;-1;5436;14;170.36;0.45;;;
45.09265;6.069319;1822.63;-31.7;-1;5436;14;170.38;0.43;;;
45.092561;6.069542;1822.61;-27.6;0;5436;14;170.4;0.41;;;
45.092497;6.069778;1822.89;-18;0;5436;14;170.42;0.39;;;
45.092461;6.070025;1822.87;-9;0;5437;13;170.44;0.37;;;
45.09245;6.070278;1822.93;-3.9;0;5437;13;170.46;0.35;;;
45.092458;6.070533;1822.88;1.3;0;5437;13;170.48;0.33;;;
45.092469;6.070786;1822.83;3.2;0;5437;13;170.5;0.31;;;
45.092483;6.071039;1823.18;5.2;0;5437;13;170.52;0.29;;;
45.0925;6.071292;1823.25;5.2;0;5437;13;170.54;0.27;;;
45.092517;6.071544;1823.38;5.8;1;5437;13;170.56;0.25;;;
45.092544;6.071797;1823.43;8.4;2;5437;13;170.58;0.23;;;
45.092503;6.072025;1822.51;-5.2;3;5437;13;170.6;0.21;;;
45.092642;6.072122;1823.1;88.6;4;5438;12;170.62;0.19;;;
45.092733;6.071931;1824.3;158;5;5440;10;170.64;0.17;;;
45.092892;6.071806;1825.87;118;5;5441;9;170.66;0.15;;;
45.093056;6.071703;1827.37;114;6;5442;8;170.68;0.13;;;
45.093219;6.0716;1828.68;113;6;5443;7;170.7;0.11;;;
45.093389;6.071517;1829.96;109.2;7;5445;5;170.72;0.09;;;
45.093561;6.071433;1831.26;109;7;5446;4;170.74;0.07;;;
45.093731;6.071353;1832.66;107.6;7;5448;2;170.76;0.05;;;
45.093903;6.071278;1834.07;107.8;7;5449;1;170.78;0.03;;;
45.094075;6.071203;1835.54;106.5;7;5450;0;170.8;0.01;;;
45.094078;6.0712;1835.54;125.2;7;5450;0;170.81;0;76;arrival;
