latitude;longitude;altitude;azimuth;slope;dvdone;dvrest;kmdone;kmto;cpnumero;cptype;sumcategory
48.868422;2.311839;32.58;154.6;0;1;621;0;88.7;6;real;
48.8685;2.311594;32.57;154.3;0;1;621;0.02;88.68;;;
48.868575;2.311347;32.61;155.8;0;1;621;0.04;88.66;;;
48.868653;2.3111;32.7;154.1;0;1;621;0.06;88.64;;;
48.868736;2.310858;32.81;154.3;0;2;620;0.08;88.62;;;
48.868811;2.310611;32.91;154.1;1;2;620;0.1;88.6;;;
48.868889;2.310367;33.09;151.8;1;2;620;0.12;88.58;;;
48.869058;2.309886;33.33;152.6;1;2;620;0.16;88.54;;;
48.869142;2.309644;33.47;154.3;1;3;619;0.18;88.52;;;
48.869217;2.309397;33.64;155.8;1;3;619;0.2;88.5;;;
48.869294;2.30915;33.75;154.7;1;3;619;0.22;88.48;;;
48.869369;2.308903;34;155.8;1;4;618;0.24;88.46;;;
48.869447;2.308656;34.25;154.6;1;4;618;0.26;88.44;;;
48.869606;2.308167;34.74;154.1;1;4;618;0.3;88.4;;;
48.869686;2.307922;35;154.1;1;5;617;0.32;88.38;;;
48.869767;2.307678;35.23;152.4;1;5;617;0.34;88.36;;;
48.869844;2.307433;35.45;154.8;1;5;617;0.36;88.34;;;
48.869925;2.307189;35.8;152.4;1;6;616;0.38;88.32;;;
48.870003;2.306942;36.07;154.6;1;6;616;0.4;88.3;;;
48.870078;2.306694;36.3;154.6;1;6;616;0.42;88.28;;;
48.87015;2.306447;36.54;156.4;1;7;615;0.44;88.26;;;
48.870225;2.306197;36.74;154.6;1;7;615;0.46;88.24;;;
48.8703;2.305953;37.06;155.8;1;8;614;0.48;88.22;;;
48.870378;2.305706;37.41;154.1;2;8;614;0.5;88.2;;;
48.870453;2.305458;37.74;154.3;2;8;614;0.52;88.18;;;
48.870528;2.305211;38.11;155.8;2;9;613;0.54;88.16;;;
48.870761;2.304472;39.26;154.1;2;10;612;0.6;88.1;;;
48.870836;2.304225;39.69;154.1;2;11;611;0.62;88.08;;;
48.870917;2.303981;40.06;152.4;2;11;611;0.64;88.06;;;
48.870994;2.303736;40.52;155.8;2;12;610;0.66;88.04;;;
48.871069;2.303486;40.95;155.2;2;12;610;0.68;88.02;;;
48.871147;2.303242;41.43;154.1;2;13;609;0.7;88;;;
48.871225;2.302997;41.91;154.1;2;13;609;0.72;87.98;;;
48.871306;2.30275;42.31;154.6;2;14;608;0.74;87.96;;;
48.871383;2.302508;42.83;153.7;2;14;608;0.76;87.94;;;
48.871458;2.302258;43.35;156.4;2;15;607;0.78;87.92;;;
48.871539;2.302014;43.9;154.1;3;15;607;0.8;87.9;;;
48.871619;2.301772;44.41;152.6;3;16;606;0.82;87.88;;;
48.8717;2.301528;44.99;154.1;3;17;605;0.84;87.86;;;
48.871781;2.301283;45.56;154.3;3;17;605;0.86;87.84;;;
48.871864;2.301042;45.98;152.4;3;18;604;0.88;87.82;;;
48.871947;2.3008;46.55;152.9;3;18;604;0.9;87.8;;;
48.872028;2.300556;47.08;152.4;3;19;603;0.92;87.78;;;
48.872106;2.300311;47.6;155.8;3;19;603;0.94;87.76;;;
48.872178;2.300061;48.13;156.4;3;20;602;0.96;87.74;;;
48.872258;2.299817;48.76;152.9;3;21;601;0.98;87.72;;;
48.872342;2.299575;49.34;152.4;3;21;601;1;87.7;;;
48.872425;2.299333;49.82;152.6;3;22;600;1.02;87.68;;;
48.872506;2.299092;50.31;154.1;3;22;600;1.04;87.66;;;
48.872583;2.298844;50.9;156.4;3;23;599;1.06;87.64;;;
48.872658;2.298597;51.44;154.1;3;23;599;1.08;87.62;;;
48.87305;2.297372;54.42;154.1;3;26;596;1.18;87.52;;;
48.873131;2.297128;54.98;153.5;3;26;596;1.2;87.5;;;
48.873206;2.296878;55.39;155.8;3;26;596;1.22;87.48;;;
48.873275;2.296628;55.87;158.1;3;26;596;1.24;87.46;;;
48.87335;2.296381;56.4;154.1;2;26;596;1.26;87.44;;;
48.873425;2.296131;56.92;154.6;2;26;596;1.28;87.42;;;
48.8735;2.295883;57.51;156.4;1;26;596;1.3;87.4;;;
48.873647;2.295883;57.64;72.6;1;26;596;1.32;87.38;;;
48.873822;2.295942;57.51;80.4;0;26;596;1.34;87.36;;;
48.874;2.295922;57.5;99.2;0;26;596;1.36;87.34;;;
48.874164;2.295817;57.33;116.3;0;26;596;1.38;87.32;;;
48.874286;2.295622;57.29;142.5;0;26;596;1.4;87.3;;;
48.874369;2.295381;57.29;154.7;0;26;596;1.42;87.28;;;
48.874422;2.295119;57.29;166;0;26;596;1.44;87.26;;;
48.874411;2.29485;57.27;-171.1;0;26;596;1.46;87.24;;;
48.874356;2.294594;57.24;-158.1;0;26;596;1.48;87.22;;;
48.874258;2.294367;57.37;-145.6;0;26;596;1.5;87.2;;;
48.874125;2.294181;57.48;-128.2;0;26;596;1.52;87.18;;;
48.873961;2.294078;57.41;-108.6;0;26;596;1.54;87.16;;;
48.873783;2.294047;57.43;-90;0;26;596;1.56;87.14;;;
48.873611;2.294119;57.43;-73.8;0;26;596;1.58;87.12;;;
48.87345;2.294228;57.53;-63.5;0;26;596;1.6;87.1;;;
48.873328;2.294428;57.7;-42.8;0;26;596;1.62;87.08;;;
48.873244;2.294669;57.74;-25.9;0;26;596;1.64;87.06;;;
48.873203;2.294936;57.72;-12.3;0;26;596;1.66;87.04;;;
48.873194;2.295203;57.57;3.2;0;26;596;1.68;87.02;;;
48.873261;2.295453;57.64;25.9;-1;26;596;1.7;87;;;
48.873378;2.295656;57.64;47.9;-1;26;596;1.72;86.98;;;
48.873519;2.295822;57.58;53.8;-1;26;596;1.74;86.96;;;
48.873444;2.296069;57;-24.2;-1;26;596;1.76;86.94;;;
48.873369;2.296317;56.51;-24.2;-2;26;596;1.78;86.92;;;
48.873294;2.296564;56.06;-24.8;-2;26;596;1.8;86.9;;;
48.873222;2.296814;55.54;-23.6;-3;26;596;1.82;86.88;;;
48.87315;2.297064;55.04;-23.6;-3;26;596;1.84;86.86;;;
48.873072;2.297308;54.55;-25.9;-3;26;596;1.86;86.84;;;
48.872992;2.297556;54;-25.4;-3;26;596;1.88;86.82;;;
48.872914;2.2978;53.39;-25.9;-3;26;596;1.9;86.8;;;
48.872836;2.298044;52.75;-25.9;-3;26;596;1.92;86.78;;;
48.872756;2.298289;52.13;-25.3;-3;26;596;1.94;86.76;;;
48.872678;2.298533;51.6;-25.9;-3;26;596;1.96;86.74;;;
48.872603;2.298783;51.04;-23.6;-3;26;596;1.98;86.72;;;
48.872528;2.299031;50.46;-23.6;-3;26;596;2;86.7;;;
48.872444;2.299272;49.96;-28.2;-3;26;596;2.02;86.68;;;
48.872361;2.299514;49.41;-28;-3;26;596;2.04;86.66;;;
48.872281;2.299756;48.84;-25.7;-3;26;596;2.06;86.64;;;
48.872197;2.3;48.3;-27.6;-3;26;596;2.08;86.62;;;
48.872125;2.300247;47.82;-23.6;-3;26;596;2.1;86.6;;;
48.872047;2.300494;47.22;-25.9;-3;26;596;2.12;86.58;;;
48.871964;2.300736;46.65;-28.2;-3;26;596;2.14;86.56;;;
48.871883;2.300981;46.2;-28;-3;26;596;2.16;86.54;;;
48.871167;2.303181;41.49;-25.7;-2;26;596;2.34;86.36;;;
48.871089;2.303425;41.08;-25.9;-2;26;596;2.36;86.34;;;
48.871014;2.303672;40.64;-23.6;-2;26;596;2.38;86.32;;;
48.870936;2.303919;40.18;-27.6;-2;26;596;2.4;86.3;;;
48.870856;2.304164;39.8;-27.1;-2;26;596;2.42;86.28;;;
48.870778;2.304408;39.37;-25.9;-2;26;596;2.44;86.26;;;
48.870703;2.304656;38.93;-25.7;-2;26;596;2.46;86.24;;;
48.870622;2.3049;38.59;-25.9;-2;26;596;2.48;86.22;;;
48.87055;2.305147;38.27;-24.2;-2;26;596;2.5;86.2;;;
48.870472;2.305394;37.84;-24.2;-2;26;596;2.52;86.18;;;
48.870397;2.305642;37.45;-24;-2;26;596;2.54;86.16;;;
48.870319;2.305889;37.1;-25.9;-2;26;596;2.56;86.14;;;
48.870244;2.306136;36.86;-25.9;-2;26;596;2.58;86.12;;;
48.870169;2.306383;36.63;-24.8;-1;26;596;2.6;86.1;;;
48.870097;2.306633;36.33;-23.6;-1;26;596;2.62;86.08;;;
48.870019;2.306881;36.1;-25.7;-1;26;596;2.64;86.06;;;
48.869944;2.307128;35.91;-25.4;-1;26;596;2.66;86.04;;;
48.869864;2.307372;35.58;-27.6;-1;26;596;2.68;86.02;;;
48.869786;2.307617;35.27;-25.7;-1;26;596;2.7;86;;;
48.869706;2.307861;35.03;-27.1;-1;26;596;2.72;85.98;;;
48.869625;2.308106;34.81;-27.4;-1;26;596;2.74;85.96;;;
48.869547;2.30835;34.54;-25.9;-1;26;596;2.76;85.94;;;
48.869467;2.308594;34.3;-25.9;-1;26;596;2.78;85.92;;;
48.869389;2.308842;34.09;-25.4;-1;26;596;2.8;85.9;;;
48.869314;2.309086;33.83;-25.9;-1;26;596;2.82;85.88;;;
48.869236;2.309333;33.66;-25.9;-1;26;596;2.84;85.86;;;
48.869161;2.309581;33.49;-24;-1;26;596;2.86;85.84;;;
48.869081;2.309825;33.39;-27.6;-1;26;596;2.88;85.82;;;
48.868994;2.310064;33.3;-29.7;-1;26;596;2.9;85.8;;;
48.868911;2.310306;33.14;-25.7;-1;26;596;2.92;85.78;;;
48.868831;2.31055;32.96;-24.8;-1;26;596;2.94;85.76;;;
48.868753;2.310797;32.82;-25.4;-1;26;596;2.96;85.74;;;
48.868675;2.311042;32.7;-27.4;-1;26;596;2.98;85.72;;;
48.868594;2.311283;32.61;-25.9;0;26;596;3;85.7;;;
48.868519;2.311531;32.57;-24.6;0;26;596;3.02;85.68;;;
48.868442;2.311778;32.57;-25.9;0;26;596;3.04;85.66;;;
48.868364;2.312022;32.57;-25.9;0;26;596;3.06;85.64;;;
48.868289;2.312272;32.53;-23.6;0;27;595;3.08;85.62;;;
48.868211;2.312517;32.52;-25.7;0;27;595;3.1;85.6;;;
48.868136;2.312764;32.56;-25.9;0;27;595;3.12;85.58;;;
48.868058;2.313011;32.58;-25.4;0;27;595;3.14;85.56;;;
48.867981;2.313256;32.6;-25.2;0;27;595;3.16;85.54;;;
48.8679;2.3135;32.63;-25.9;0;27;595;3.18;85.52;;;
48.867819;2.313744;32.79;-25.9;0;27;595;3.2;85.5;;;
48.867739;2.313989;32.87;-25.4;0;27;595;3.22;85.48;;;
48.867656;2.314231;32.86;-29.1;0;27;595;3.24;85.46;;;
48.867581;2.314475;32.72;-24.2;0;27;595;3.26;85.44;;;
48.867503;2.314722;32.73;-25.9;0;27;595;3.28;85.42;;;
48.867428;2.314969;32.73;-25.9;0;27;595;3.3;85.4;;;
48.867347;2.315214;32.66;-27.6;0;27;595;3.32;85.38;;;
48.867272;2.315461;32.58;-25.9;0;27;595;3.34;85.36;;;
48.867194;2.315708;32.62;-25.9;0;27;595;3.36;85.34;;;
48.867119;2.315956;32.7;-25.7;0;27;595;3.38;85.32;;;
48.867044;2.316203;32.7;-24.2;0;27;595;3.4;85.3;;;
48.866969;2.31645;32.64;-24.8;0;27;595;3.42;85.28;;;
48.866892;2.316697;32.63;-25.4;0;27;595;3.44;85.26;;;
48.866814;2.316942;32.67;-25.7;0;27;595;3.46;85.24;;;
48.866739;2.317189;32.68;-24.2;0;27;595;3.48;85.22;;;
48.866661;2.317436;32.64;-25.9;0;27;595;3.5;85.2;;;
48.866583;2.317683;32.61;-27.6;0;27;595;3.52;85.18;;;
48.866506;2.317928;32.61;-25.3;0;27;595;3.54;85.16;;;
48.866428;2.318175;32.63;-25.4;0;27;595;3.56;85.14;;;
48.86635;2.318419;32.61;-25.9;0;27;595;3.58;85.12;;;
48.866269;2.318664;32.62;-27.6;0;27;595;3.6;85.1;;;
48.866192;2.318908;32.64;-25.9;0;27;595;3.62;85.08;;;
48.866111;2.319153;32.65;-27.6;0;27;595;3.64;85.06;;;
48.866028;2.319394;32.61;-27.6;0;27;595;3.66;85.04;;;
48.865953;2.319642;32.62;-25.7;0;27;595;3.68;85.02;;;
48.865872;2.319886;32.63;-25.9;0;27;595;3.7;85;;;
48.865794;2.320133;32.55;-25.4;0;27;595;3.72;84.98;;;
48.865719;2.320381;32.42;-25.4;0;27;595;3.74;84.96;;;
48.865644;2.320628;32.56;-24.2;0;28;594;3.76;84.94;;;
48.865497;2.320567;32.62;-117.5;0;28;594;3.78;84.92;;;
48.865339;2.320442;32.65;-117.8;1;28;594;3.8;84.9;;;
48.865178;2.320319;32.63;-117;1;28;594;3.82;84.88;;;
48.865003;2.320264;32.72;-95.9;1;28;594;3.84;84.86;;;
48.864828;2.320289;32.92;-79.2;1;28;594;3.86;84.84;;;
48.864647;2.320289;33.2;-90;1;28;594;3.88;84.82;;;
48.864467;2.320306;33.74;-85;1;28;594;3.9;84.8;;;
48.864297;2.320253;34.22;-114.4;1;28;594;3.92;84.78;;;
48.864136;2.320136;34.7;-115.2;1;28;594;3.94;84.76;;;
48.864033;2.320272;34.67;-26.5;1;28;594;3.96;84.74;;;
48.86395;2.320517;34.31;-27.4;0;28;594;3.98;84.72;;;
48.863869;2.320758;33.86;-28.2;0;28;594;4;84.7;;;
48.863706;2.321244;33.18;-27.1;-1;28;594;4.04;84.66;;;
48.863547;2.321733;32.73;-25.9;-1;29;593;4.08;84.62;;;
48.863389;2.322225;32.24;-27.6;0;29;593;4.12;84.58;;;
48.863233;2.322717;32.29;-25.4;0;29;593;4.16;84.54;;;
48.863156;2.322961;32.38;-25.3;0;29;593;4.18;84.52;;;
48.863081;2.323208;32.48;-25.3;0;29;593;4.2;84.5;;;
48.863003;2.323456;32.55;-25.4;0;29;593;4.22;84.48;;;
48.862925;2.3237;32.65;-25.9;0;29;593;4.24;84.46;;;
48.862847;2.323947;32.69;-25.9;0;29;593;4.26;84.44;;;
48.862769;2.324192;32.89;-25.7;0;29;593;4.28;84.42;;;
48.862692;2.324436;32.97;-25.9;0;29;593;4.3;84.4;;;
48.862614;2.324683;33.03;-25.9;0;30;592;4.32;84.38;;;
48.862533;2.324928;33.08;-25.9;0;30;592;4.34;84.36;;;
48.862378;2.325417;33.17;-24;0;30;592;4.38;84.32;;;
48.862222;2.325911;33.43;-25.4;0;30;592;4.42;84.28;;;
48.862056;2.326394;33.53;-27.1;0;30;592;4.46;84.24;;;
48.8619;2.326883;33.73;-25.9;0;30;592;4.5;84.2;;;
48.861744;2.327375;33.9;-25.9;0;31;591;4.54;84.16;;;
48.861589;2.327867;34.04;-25.7;0;31;591;4.58;84.12;;;
48.861425;2.328353;34.25;-27.6;1;31;591;4.62;84.08;;;
48.861264;2.328839;34.51;-25.9;1;31;591;4.66;84.04;;;
48.861183;2.329083;34.72;-25.9;1;31;591;4.68;84.02;;;
48.861103;2.329328;34.83;-27.1;0;31;591;4.7;84;;;
48.861025;2.329572;34.9;-25.9;0;31;591;4.72;83.98;;;
48.860947;2.329819;34.99;-25.9;0;31;591;4.74;83.96;;;
48.860867;2.330064;35.18;-27.1;0;31;591;4.76;83.94;;;
48.860978;2.330092;34.9;86.1;0;31;591;4.78;83.92;;;
48.861139;2.330208;34.49;61.6;-1;31;591;4.8;83.9;;;
48.8613;2.330328;34.29;63.6;-1;31;591;4.82;83.88;;;
48.861461;2.33045;34.2;63.4;-1;31;591;4.84;83.86;;;
48.861783;2.330697;34.04;62.2;-1;31;591;4.88;83.82;;;
48.8621;2.330953;33.87;61.6;0;31;591;4.92;83.78;;;
48.862428;2.331178;33.7;64.4;0;32;590;4.96;83.74;;;
48.862756;2.331403;33.53;65.2;0;32;590;5;83.7;;;
48.863081;2.331631;33.37;64.4;0;32;590;5.04;83.66;;;
48.863406;2.331864;33.65;64.8;0;32;590;5.08;83.62;;;
48.863733;2.332094;33.74;63.4;0;32;590;5.12;83.58;;;
48.863814;2.331864;33.68;154.1;0;32;590;5.14;83.56;;;
48.863892;2.331619;33.62;154.3;0;32;590;5.16;83.54;;;
48.863972;2.331375;33.61;154.1;0;32;590;5.18;83.52;;;
48.864053;2.331131;33.6;152.4;0;32;590;5.2;83.5;;;
48.864131;2.330886;33.57;154.1;0;32;590;5.22;83.48;;;
48.864211;2.330642;33.52;152.4;0;32;590;5.24;83.46;;;
48.864289;2.330397;33.58;154.1;0;32;590;5.26;83.44;;;
48.864367;2.33015;33.61;154.6;0;32;590;5.28;83.42;;;
48.864447;2.329908;33.56;153.7;0;32;590;5.3;83.4;;;
48.864531;2.329664;33.49;152.4;0;32;590;5.32;83.38;;;
48.864611;2.329422;33.5;154.1;0;32;590;5.34;83.36;;;
48.864694;2.329178;33.44;152.9;0;32;590;5.36;83.34;;;
48.864772;2.328936;33.36;154.1;0;32;590;5.38;83.32;;;
48.864853;2.328692;33.33;154.1;0;32;590;5.4;83.3;;;
48.864933;2.328447;33.38;154.1;0;32;590;5.42;83.28;;;
48.865014;2.328203;33.37;152.4;0;32;590;5.44;83.26;;;
48.865092;2.327956;33.27;154.6;0;32;590;5.46;83.24;;;
48.865169;2.327711;33.26;154.7;0;32;590;5.48;83.22;;;
48.86525;2.327467;33.3;154.1;0;32;590;5.5;83.2;;;
48.865328;2.327222;33.34;154.1;0;32;590;5.52;83.18;;;
48.865408;2.326978;33.24;154.1;0;32;590;5.54;83.16;;;
48.865489;2.326733;33.22;152.6;0;32;590;5.56;83.14;;;
48.865567;2.326489;33.24;154.1;0;32;590;5.58;83.12;;;
48.865647;2.326244;33.31;154.3;0;32;590;5.6;83.1;;;
48.865725;2.326;33.33;154.1;0;32;590;5.62;83.08;;;
48.865803;2.325753;33.3;154.1;0;32;590;5.64;83.06;;;
48.865878;2.325506;33.34;154.1;0;32;590;5.66;83.04;;;
48.865953;2.325258;33.34;154.3;0;32;590;5.68;83.02;;;
48.866031;2.325011;33.23;154.1;0;32;590;5.7;83;;;
48.866111;2.324767;33.24;152.4;0;32;590;5.72;82.98;;;
48.866192;2.324525;33.24;152.4;0;32;590;5.74;82.96;;;
48.866272;2.324281;33.24;154.1;0;32;590;5.76;82.94;;;
48.866339;2.324031;33.12;163.3;0;32;590;5.78;82.92;;;
48.866369;2.323761;32.91;174.9;0;32;590;5.8;82.9;;;
48.86635;2.323492;32.78;-172.8;0;32;590;5.82;82.88;;;
48.866383;2.323231;32.82;160.2;0;32;590;5.84;82.86;;;
48.866444;2.322975;32.85;160.4;0;32;590;5.86;82.84;;;
48.866508;2.322719;32.89;158.6;0;32;590;5.88;82.82;;;
48.866572;2.322467;32.98;158.1;0;32;590;5.9;82.8;;;
48.866636;2.322211;33.03;160.4;0;32;590;5.92;82.78;;;
48.866664;2.321978;33.07;-175.9;0;32;590;5.94;82.76;;;
48.866511;2.321836;32.9;-125.5;0;32;590;5.96;82.74;;;
48.8664;2.321622;32.71;-142;0;32;590;5.98;82.72;;;
48.866294;2.321403;32.65;-146.3;0;32;590;6;82.7;;;
48.866206;2.321169;32.7;-147.5;0;32;590;6.02;82.68;;;
48.86605;2.321033;32.7;-119.5;0;32;590;6.04;82.66;;;
48.865894;2.320894;32.69;-120.6;0;32;590;6.06;82.64;;;
48.865739;2.320761;32.61;-118.4;0;32;590;6.08;82.62;;;
48.865653;2.320594;32.54;-173.1;0;32;590;6.1;82.6;;;
48.865731;2.320347;32.44;154.1;0;32;590;6.12;82.58;;;
48.865806;2.3201;32.57;154.1;0;32;590;6.14;82.56;;;
48.865883;2.319853;32.63;154.1;0;32;590;6.16;82.54;;;
48.865961;2.319608;32.63;154.3;0;32;590;6.18;82.52;;;
48.866039;2.319364;32.64;154.1;0;32;590;6.2;82.5;;;
48.866122;2.319122;32.66;152.6;0;32;590;6.22;82.48;;;
48.866203;2.318878;32.62;154.1;0;32;590;6.24;82.46;;;
48.866281;2.318631;32.62;154.6;0;32;590;6.26;82.44;;;
48.866358;2.318386;32.61;154.1;0;32;590;6.28;82.42;;;
48.866439;2.318142;32.62;154.1;0;32;590;6.3;82.4;;;
48.866517;2.317897;32.61;154.1;0;32;590;6.32;82.38;;;
48.866594;2.31765;32.61;154.7;0;32;590;6.34;82.36;;;
48.866672;2.317406;32.64;154.1;0;32;590;6.36;82.34;;;
48.866747;2.317158;32.69;156;0;32;590;6.38;82.32;;;
48.866825;2.316911;32.67;154.1;0;32;590;6.4;82.3;;;
48.8669;2.316664;32.63;154.1;0;32;590;6.42;82.28;;;
48.866978;2.316417;32.64;154.6;0;32;590;6.44;82.26;;;
48.867053;2.316169;32.71;156.4;0;32;590;6.46;82.24;;;
48.867131;2.315922;32.69;154.6;0;32;590;6.48;82.22;;;
48.867206;2.315675;32.62;154.6;0;32;590;6.5;82.2;;;
48.867283;2.315431;32.6;154.1;0;32;590;6.52;82.18;;;
48.867358;2.315183;32.65;154.3;0;32;590;6.54;82.16;;;
48.867439;2.314939;32.73;152.4;0;32;590;6.56;82.14;;;
48.867514;2.314689;32.73;154.6;0;32;590;6.58;82.12;;;
48.867589;2.314444;32.77;156;0;32;590;6.6;82.1;;;
48.867669;2.314197;32.82;152.9;0;32;590;6.62;82.08;;;
48.86775;2.313956;32.78;154.1;0;32;590;6.64;82.06;;;
48.867831;2.313711;32.8;152.4;0;32;590;6.66;82.04;;;
48.867911;2.313467;32.63;152.4;0;32;590;6.68;82.02;;;
48.867989;2.313222;32.59;154.1;0;32;590;6.7;82;;;
48.868067;2.312978;32.58;155.8;0;32;590;6.72;81.98;;;
48.868144;2.312731;32.56;155.2;0;33;589;6.74;81.96;;;
48.868222;2.312486;32.54;154.1;0;33;589;6.76;81.94;;;
48.8683;2.312239;32.53;154.1;0;33;589;6.78;81.92;;;
48.868422;2.311839;32.58;154.6;0;33;589;6.8;81.9;7;;
48.8685;2.311594;32.57;154.3;0;33;589;6.82;81.88;;;
48.868575;2.311347;32.61;155.8;0;33;589;6.84;81.86;;;
48.868653;2.3111;32.7;154.1;0;33;589;6.86;81.84;;;
48.868736;2.310858;32.81;154.3;0;34;588;6.88;81.82;;;
48.868811;2.310611;32.91;154.1;1;34;588;6.9;81.8;;;
48.868889;2.310367;33.09;151.8;1;34;588;6.92;81.78;;;
48.868972;2.310125;33.28;152.4;1;34;588;6.94;81.76;;;
48.869058;2.309886;33.33;152.6;1;34;588;6.96;81.74;;;
48.869142;2.309644;33.47;154.3;1;35;587;6.98;81.72;;;
48.869217;2.309397;33.64;155.8;1;35;587;7;81.7;;;
48.869294;2.30915;33.75;154.7;1;35;587;7.02;81.68;;;
48.869369;2.308903;34;155.8;1;36;586;7.04;81.66;;;
48.869447;2.308656;34.25;154.6;1;36;586;7.06;81.64;;;
48.869525;2.308411;34.52;154.1;1;36;586;7.08;81.62;;;
48.869606;2.308167;34.74;154.1;1;36;586;7.1;81.6;;;
48.869686;2.307922;35;154.1;1;37;585;7.12;81.58;;;
48.869767;2.307678;35.23;152.4;1;37;585;7.14;81.56;;;
48.869844;2.307433;35.45;154.8;1;37;585;7.16;81.54;;;
48.869925;2.307189;35.8;152.4;1;38;584;7.18;81.52;;;
48.870003;2.306942;36.07;154.6;1;38;584;7.2;81.5;;;
48.870078;2.306694;36.3;154.6;1;38;584;7.22;81.48;;;
48.87015;2.306447;36.54;156.4;1;39;583;7.24;81.46;;;
48.870225;2.306197;36.74;154.6;1;39;583;7.26;81.44;;;
48.8703;2.305953;37.06;155.8;1;40;582;7.28;81.42;;;
48.870378;2.305706;37.41;154.1;2;40;582;7.3;81.4;;;
48.870453;2.305458;37.74;154.3;2;40;582;7.32;81.38;;;
48.870528;2.305211;38.11;155.8;2;41;581;7.34;81.36;;;
48.870606;2.304964;38.49;154.6;2;41;581;7.36;81.34;;;
48.870681;2.304717;38.89;154.1;2;42;580;7.38;81.32;;;
48.870761;2.304472;39.26;154.1;2;42;580;7.4;81.3;;;
48.870836;2.304225;39.69;154.1;2;43;579;7.42;81.28;;;
48.870917;2.303981;40.06;152.4;2;43;579;7.44;81.26;;;
48.870994;2.303736;40.52;155.8;2;44;578;7.46;81.24;;;
48.871069;2.303486;40.95;155.2;2;44;578;7.48;81.22;;;
48.871147;2.303242;41.43;154.1;2;45;577;7.5;81.2;;;
48.871225;2.302997;41.91;154.1;2;45;577;7.52;81.18;;;
48.871306;2.30275;42.31;154.6;2;46;576;7.54;81.16;;;
48.871383;2.302508;42.83;153.7;2;46;576;7.56;81.14;;;
48.871458;2.302258;43.35;156.4;2;47;575;7.58;81.12;;;
48.871539;2.302014;43.9;154.1;3;47;575;7.6;81.1;;;
48.871619;2.301772;44.41;152.6;3;48;574;7.62;81.08;;;
48.8717;2.301528;44.99;154.1;3;49;573;7.64;81.06;;;
48.871781;2.301283;45.56;154.3;3;49;573;7.66;81.04;;;
48.871864;2.301042;45.98;152.4;3;50;572;7.68;81.02;;;
48.871947;2.3008;46.55;152.9;3;50;572;7.7;81;;;
48.872028;2.300556;47.08;152.4;3;51;571;7.72;80.98;;;
48.872106;2.300311;47.6;155.8;3;51;571;7.74;80.96;;;
48.872178;2.300061;48.13;156.4;3;52;570;7.76;80.94;;;
48.872258;2.299817;48.76;152.9;3;53;569;7.78;80.92;;;
48.872342;2.299575;49.34;152.4;3;53;569;7.8;80.9;;;
48.872425;2.299333;49.82;152.6;3;54;568;7.82;80.88;;;
48.872506;2.299092;50.31;154.1;3;54;568;7.84;80.86;;;
48.872583;2.298844;50.9;156.4;3;55;567;7.86;80.84;;;
48.872658;2.298597;51.44;154.1;3;55;567;7.88;80.82;;;
48.872736;2.298353;52.05;154.1;3;56;566;7.9;80.8;;;
48.872814;2.298106;52.66;154.1;3;56;566;7.92;80.78;;;
48.872894;2.297861;53.16;154.7;3;57;565;7.94;80.76;;;
48.872972;2.297617;53.78;154.1;3;57;565;7.96;80.74;;;
48.87305;2.297372;54.42;154.1;3;58;564;7.98;80.72;;;
48.873131;2.297128;54.98;153.5;3;58;564;8;80.7;;;
48.873206;2.296878;55.39;155.8;3;58;564;8.02;80.68;;;
48.87335;2.296381;56.4;154.1;2;58;564;8.06;80.64;;;
48.873425;2.296131;56.92;154.6;2;58;564;8.08;80.62;;;
48.8735;2.295883;57.51;156.4;1;58;564;8.1;80.6;;;
48.873822;2.295942;57.51;80.4;0;58;564;8.14;80.56;;;
48.874;2.295922;57.5;99.2;0;58;564;8.16;80.54;;;
48.874164;2.295817;57.33;116.3;0;58;564;8.18;80.52;;;
48.874422;2.295119;57.29;166;0;58;564;8.24;80.46;;;
48.874411;2.29485;57.27;-171.1;0;58;564;8.26;80.44;;;
48.874125;2.294181;57.48;-128.2;0;58;564;8.32;80.38;;;
48.873961;2.294078;57.41;-108.6;0;58;564;8.34;80.36;;;
48.873783;2.294047;57.43;-90;0;58;564;8.36;80.34;;;
48.87345;2.294228;57.53;-63.5;0;58;564;8.4;80.3;;;
48.873328;2.294428;57.7;-42.8;0;58;564;8.42;80.28;;;
48.873244;2.294669;57.74;-25.9;0;58;564;8.44;80.26;;;
48.873194;2.295203;57.57;3.2;0;58;564;8.48;80.22;;;
48.873261;2.295453;57.64;25.9;-1;58;564;8.5;80.2;;;
48.873378;2.295656;57.64;47.9;-1;58;564;8.52;80.18;;;
48.873444;2.296069;57;-24.2;-1;58;564;8.56;80.14;;;
48.873369;2.296317;56.51;-24.2;-2;58;564;8.58;80.12;;;
48.873294;2.296564;56.06;-24.8;-2;58;564;8.6;80.1;;;
48.87315;2.297064;55.04;-23.6;-3;58;564;8.64;80.06;;;
48.873072;2.297308;54.55;-25.9;-3;58;564;8.66;80.04;;;
48.872992;2.297556;54;-25.4;-3;58;564;8.68;80.02;;;
48.872756;2.298289;52.13;-25.3;-3;58;564;8.74;79.96;;;
48.872678;2.298533;51.6;-25.9;-3;58;564;8.76;79.94;;;
48.872444;2.299272;49.96;-28.2;-3;58;564;8.82;79.88;;;
48.872361;2.299514;49.41;-28;-3;58;564;8.84;79.86;;;
48.872281;2.299756;48.84;-25.7;-3;58;564;8.86;79.84;;;
48.872125;2.300247;47.82;-23.6;-3;58;564;8.9;79.8;;;
48.872047;2.300494;47.22;-25.9;-3;58;564;8.92;79.78;;;
48.871964;2.300736;46.65;-28.2;-3;58;564;8.94;79.76;;;
48.871803;2.301222;45.63;-26.5;-3;58;564;8.98;79.72;;;
48.871722;2.301467;45.07;-25.7;-3;58;564;9;79.7;;;
48.871639;2.301711;44.55;-27.6;-3;58;564;9.02;79.68;;;
48.871481;2.302197;43.47;-25.3;-3;58;564;9.06;79.64;;;
48.871406;2.302444;43.01;-21.9;-3;58;564;9.08;79.62;;;
48.871325;2.302689;42.46;-25.9;-2;58;564;9.1;79.6;;;
48.871167;2.303181;41.49;-25.7;-2;58;564;9.14;79.56;;;
48.871089;2.303425;41.08;-25.9;-2;58;564;9.16;79.54;;;
48.871014;2.303672;40.64;-23.6;-2;58;564;9.18;79.52;;;
48.870778;2.304408;39.37;-25.9;-2;58;564;9.24;79.46;;;
48.870703;2.304656;38.93;-25.7;-2;58;564;9.26;79.44;;;
48.870472;2.305394;37.84;-24.2;-2;58;564;9.32;79.38;;;
48.870397;2.305642;37.45;-24;-2;58;564;9.34;79.36;;;
48.870319;2.305889;37.1;-25.9;-2;58;564;9.36;79.34;;;
48.870169;2.306383;36.63;-24.8;-1;58;564;9.4;79.3;;;
48.870097;2.306633;36.33;-23.6;-1;58;564;9.42;79.28;;;
48.870019;2.306881;36.1;-25.7;-1;58;564;9.44;79.26;;;
48.869864;2.307372;35.58;-27.6;-1;58;564;9.48;79.22;;;
48.869786;2.307617;35.27;-25.7;-1;58;564;9.5;79.2;;;
48.869706;2.307861;35.03;-27.1;-1;58;564;9.52;79.18;;;
48.869547;2.30835;34.54;-25.9;-1;58;564;9.56;79.14;;;
48.869467;2.308594;34.3;-25.9;-1;58;564;9.58;79.12;;;
48.869389;2.308842;34.09;-25.4;-1;58;564;9.6;79.1;;;
48.869236;2.309333;33.66;-25.9;-1;58;564;9.64;79.06;;;
48.869161;2.309581;33.49;-24;-1;58;564;9.66;79.04;;;
48.869081;2.309825;33.39;-27.6;-1;58;564;9.68;79.02;;;
48.868831;2.31055;32.96;-24.8;-1;58;564;9.74;78.96;;;
48.868753;2.310797;32.82;-25.4;-1;58;564;9.76;78.94;;;
48.868519;2.311531;32.57;-24.6;0;58;564;9.82;78.88;;;
48.868442;2.311778;32.57;-25.9;0;58;564;9.84;78.86;;;
48.868364;2.312022;32.57;-25.9;0;58;564;9.86;78.84;;;
48.868211;2.312517;32.52;-25.7;0;59;563;9.9;78.8;;;
48.868136;2.312764;32.56;-25.9;0;59;563;9.92;78.78;;;
48.868058;2.313011;32.58;-25.4;0;59;563;9.94;78.76;;;
48.8679;2.3135;32.63;-25.9;0;59;563;9.98;78.72;;;
48.867819;2.313744;32.79;-25.9;0;59;563;10;78.7;;;
48.867739;2.313989;32.87;-25.4;0;59;563;10.02;78.68;;;
48.867581;2.314475;32.72;-24.2;0;59;563;10.06;78.64;;;
48.867503;2.314722;32.73;-25.9;0;59;563;10.08;78.62;;;
48.867428;2.314969;32.73;-25.9;0;59;563;10.1;78.6;;;
48.867272;2.315461;32.58;-25.9;0;59;563;10.14;78.56;;;
48.867194;2.315708;32.62;-25.9;0;59;563;10.16;78.54;;;
48.867119;2.315956;32.7;-25.7;0;59;563;10.18;78.52;;;
48.866892;2.316697;32.63;-25.4;0;59;563;10.24;78.46;;;
48.866814;2.316942;32.67;-25.7;0;59;563;10.26;78.44;;;
48.866739;2.317189;32.68;-24.2;0;59;563;10.28;78.42;;;
48.866661;2.317436;32.64;-25.9;0;59;563;10.3;78.4;;;
48.866583;2.317683;32.61;-27.6;0;59;563;10.32;78.38;;;
48.866506;2.317928;32.61;-25.3;0;59;563;10.34;78.36;;;
48.866428;2.318175;32.63;-25.4;0;59;563;10.36;78.34;;;
48.86635;2.318419;32.61;-25.9;0;59;563;10.38;78.32;;;
48.866269;2.318664;32.62;-27.6;0;59;563;10.4;78.3;;;
48.866192;2.318908;32.64;-25.9;0;59;563;10.42;78.28;;;
48.866111;2.319153;32.65;-27.6;0;59;563;10.44;78.26;;;
48.866028;2.319394;32.61;-27.6;0;59;563;10.46;78.24;;;
48.865953;2.319642;32.62;-25.7;0;59;563;10.48;78.22;;;
48.865872;2.319886;32.63;-25.9;0;59;563;10.5;78.2;;;
48.865794;2.320133;32.55;-25.4;0;59;563;10.52;78.18;;;
48.865719;2.320381;32.42;-25.4;0;59;563;10.54;78.16;;;
48.865644;2.320628;32.56;-24.2;0;60;562;10.56;78.14;;;
48.865497;2.320567;32.62;-117.5;0;60;562;10.58;78.12;;;
48.865339;2.320442;32.65;-117.8;1;60;562;10.6;78.1;;;
48.865178;2.320319;32.63;-117;1;60;562;10.62;78.08;;;
48.865003;2.320264;32.72;-95.9;1;60;562;10.64;78.06;;;
48.864828;2.320289;32.92;-79.2;1;60;562;10.66;78.04;;;
48.864647;2.320289;33.2;-90;1;60;562;10.68;78.02;;;
48.864467;2.320306;33.74;-85;1;60;562;10.7;78;;;
48.864297;2.320253;34.22;-114.4;1;60;562;10.72;77.98;;;
48.864136;2.320136;34.7;-115.2;1;60;562;10.74;77.96;;;
48.864033;2.320272;34.67;-26.5;1;60;562;10.76;77.94;;;
48.86395;2.320517;34.31;-27.4;0;60;562;10.78;77.92;;;
48.863869;2.320758;33.86;-28.2;0;60;562;10.8;77.9;;;
48.863789;2.321003;33.42;-25.9;-1;60;562;10.82;77.88;;;
48.863706;2.321244;33.18;-27.1;-1;60;562;10.84;77.86;;;
48.863625;2.321489;32.85;-25.9;-1;61;561;10.86;77.84;;;
48.863547;2.321733;32.73;-25.9;-1;61;561;10.88;77.82;;;
48.863469;2.321978;32.47;-25.9;0;61;561;10.9;77.8;;;
48.863389;2.322225;32.24;-27.6;0;61;561;10.92;77.78;;;
48.863311;2.322469;32.2;-25.9;0;61;561;10.94;77.76;;;
48.863233;2.322717;32.29;-25.4;0;61;561;10.96;77.74;;;
48.863156;2.322961;32.38;-25.3;0;61;561;10.98;77.72;;;
48.863081;2.323208;32.48;-25.3;0;61;561;11;77.7;;;
48.863003;2.323456;32.55;-25.4;0;61;561;11.02;77.68;;;
48.862925;2.3237;32.65;-25.9;0;61;561;11.04;77.66;;;
48.862847;2.323947;32.69;-25.9;0;61;561;11.06;77.64;;;
48.862769;2.324192;32.89;-25.7;0;61;561;11.08;77.62;;;
48.862692;2.324436;32.97;-25.9;0;61;561;11.1;77.6;;;
48.862614;2.324683;33.03;-25.9;0;62;560;11.12;77.58;;;
48.862533;2.324928;33.08;-25.9;0;62;560;11.14;77.56;;;
48.862456;2.325172;33.22;-25.3;0;62;560;11.16;77.54;;;
48.862378;2.325417;33.17;-24;0;62;560;11.18;77.52;;;
48.8623;2.325664;33.3;-25.9;0;62;560;11.2;77.5;;;
48.862222;2.325911;33.43;-25.4;0;62;560;11.22;77.48;;;
48.862139;2.326153;33.52;-27.6;0;62;560;11.24;77.46;;;
48.862056;2.326394;33.53;-27.1;0;62;560;11.26;77.44;;;
48.861978;2.326639;33.61;-25.9;0;62;560;11.28;77.42;;;
48.8619;2.326883;33.73;-25.9;0;62;560;11.3;77.4;;;
48.861822;2.327131;33.81;-25.7;0;63;559;11.32;77.38;;;
48.861744;2.327375;33.9;-25.9;0;63;559;11.34;77.36;;;
48.861667;2.327622;33.97;-25.9;0;63;559;11.36;77.34;;;
48.861589;2.327867;34.04;-25.7;0;63;559;11.38;77.32;;;
48.861506;2.328111;34.09;-27.1;1;63;559;11.4;77.3;;;
48.861425;2.328353;34.25;-27.6;1;63;559;11.42;77.28;;;
48.861344;2.328597;34.44;-27.6;1;63;559;11.44;77.26;;;
48.861264;2.328839;34.51;-25.9;1;63;559;11.46;77.24;;;
48.861183;2.329083;34.72;-25.9;1;63;559;11.48;77.22;;;
48.861103;2.329328;34.83;-27.1;0;63;559;11.5;77.2;;;
48.861025;2.329572;34.9;-25.9;0;63;559;11.52;77.18;;;
48.860947;2.329819;34.99;-25.9;0;63;559;11.54;77.16;;;
48.860867;2.330064;35.18;-27.1;0;63;559;11.56;77.14;;;
48.860978;2.330092;34.9;86.1;0;63;559;11.58;77.12;;;
48.861139;2.330208;34.49;61.6;-1;63;559;11.6;77.1;;;
48.8613;2.330328;34.29;63.6;-1;63;559;11.62;77.08;;;
48.861461;2.33045;34.2;63.4;-1;63;559;11.64;77.06;;;
48.861622;2.330569;34.12;63.4;-1;63;559;11.66;77.04;;;
48.861783;2.330697;34.04;62.2;-1;63;559;11.68;77.02;;;
48.861942;2.330825;33.95;62.5;0;63;559;11.7;77;;;
48.8621;2.330953;33.87;61.6;0;63;559;11.72;76.98;;;
48.862264;2.331064;33.79;68.4;0;63;559;11.74;76.96;;;
48.862428;2.331178;33.7;64.4;0;64;558;11.76;76.94;;;
48.862592;2.331289;33.62;66.3;0;64;558;11.78;76.92;;;
48.862756;2.331403;33.53;65.2;0;64;558;11.8;76.9;;;
48.862919;2.331514;33.45;65.3;0;64;558;11.82;76.88;;;
48.863081;2.331631;33.37;64.4;0;64;558;11.84;76.86;;;
48.863244;2.331747;33.28;64.5;0;64;558;11.86;76.84;;;
48.863406;2.331864;33.65;64.8;0;64;558;11.88;76.82;;;
48.863569;2.331978;33.71;64.1;0;64;558;11.9;76.8;;;
48.863733;2.332094;33.74;63.4;0;64;558;11.92;76.78;;;
48.863814;2.331864;33.68;154.1;0;64;558;11.94;76.76;;;
48.863892;2.331619;33.62;154.3;0;64;558;11.96;76.74;;;
48.863972;2.331375;33.61;154.1;0;64;558;11.98;76.72;;;
48.864053;2.331131;33.6;152.4;0;64;558;12;76.7;;;
48.864131;2.330886;33.57;154.1;0;64;558;12.02;76.68;;;
48.864211;2.330642;33.52;152.4;0;64;558;12.04;76.66;;;
48.864289;2.330397;33.58;154.1;0;64;558;12.06;76.64;;;
48.864367;2.33015;33.61;154.6;0;64;558;12.08;76.62;;;
48.864447;2.329908;33.56;153.7;0;64;558;12.1;76.6;;;
48.864531;2.329664;33.49;152.4;0;64;558;12.12;76.58;;;
48.864611;2.329422;33.5;154.1;0;64;558;12.14;76.56;;;
48.864694;2.329178;33.44;152.9;0;64;558;12.16;76.54;;;
48.864772;2.328936;33.36;154.1;0;64;558;12.18;76.52;;;
48.864853;2.328692;33.33;154.1;0;64;558;12.2;76.5;;;
48.864933;2.328447;33.38;154.1;0;64;558;12.22;76.48;;;
48.865014;2.328203;33.37;152.4;0;64;558;12.24;76.46;;;
48.865092;2.327956;33.27;154.6;0;64;558;12.26;76.44;;;
48.865169;2.327711;33.26;154.7;0;64;558;12.28;76.42;;;
48.86525;2.327467;33.3;154.1;0;64;558;12.3;76.4;;;
48.865328;2.327222;33.34;154.1;0;64;558;12.32;76.38;;;
48.865408;2.326978;33.24;154.1;0;64;558;12.34;76.36;;;
48.865489;2.326733;33.22;152.6;0;64;558;12.36;76.34;;;
48.865567;2.326489;33.24;154.1;0;64;558;12.38;76.32;;;
48.865647;2.326244;33.31;154.3;0;64;558;12.4;76.3;;;
48.865725;2.326;33.33;154.1;0;64;558;12.42;76.28;;;
48.865803;2.325753;33.3;154.1;0;64;558;12.44;76.26;;;
48.865878;2.325506;33.34;154.1;0;64;558;12.46;76.24;;;
48.865953;2.325258;33.34;154.3;0;64;558;12.48;76.22;;;
48.866031;2.325011;33.23;154.1;0;64;558;12.5;76.2;;;
48.866111;2.324767;33.24;152.4;0;64;558;12.52;76.18;;;
48.866192;2.324525;33.24;152.4;0;64;558;12.54;76.16;;;
48.866272;2.324281;33.24;154.1;0;64;558;12.56;76.14;;;
48.866339;2.324031;33.12;163.3;0;64;558;12.58;76.12;;;
48.866369;2.323761;32.91;174.9;0;64;558;12.6;76.1;;;
48.86635;2.323492;32.78;-172.8;0;64;558;12.62;76.08;;;
48.866383;2.323231;32.82;160.2;0;64;558;12.64;76.06;;;
48.866444;2.322975;32.85;160.4;0;64;558;12.66;76.04;;;
48.866508;2.322719;32.89;158.6;0;64;558;12.68;76.02;;;
48.866572;2.322467;32.98;158.1;0;64;558;12.7;76;;;
48.866636;2.322211;33.03;160.4;0;64;558;12.72;75.98;;;
48.866664;2.321978;33.07;-175.9;0;64;558;12.74;75.96;;;
48.866511;2.321836;32.9;-125.5;0;64;558;12.76;75.94;;;
48.8664;2.321622;32.71;-142;0;64;558;12.78;75.92;;;
48.866294;2.321403;32.65;-146.3;0;64;558;12.8;75.9;;;
48.866206;2.321169;32.7;-147.5;0;64;558;12.82;75.88;;;
48.86605;2.321033;32.7;-119.5;0;64;558;12.84;75.86;;;
48.865894;2.320894;32.69;-120.6;0;64;558;12.86;75.84;;;
48.865739;2.320761;32.61;-118.4;0;64;558;12.88;75.82;;;
48.865653;2.320594;32.54;-173.1;0;64;558;12.9;75.8;;;
48.865731;2.320347;32.44;154.1;0;64;558;12.92;75.78;;;
48.865806;2.3201;32.57;154.1;0;64;558;12.94;75.76;;;
48.865883;2.319853;32.63;154.1;0;64;558;12.96;75.74;;;
48.865961;2.319608;32.63;154.3;0;64;558;12.98;75.72;;;
48.866039;2.319364;32.64;154.1;0;64;558;13;75.7;;;
48.866122;2.319122;32.66;152.6;0;64;558;13.02;75.68;;;
48.866203;2.318878;32.62;154.1;0;64;558;13.04;75.66;;;
48.866281;2.318631;32.62;154.6;0;64;558;13.06;75.64;;;
48.866358;2.318386;32.61;154.1;0;64;558;13.08;75.62;;;
48.866439;2.318142;32.62;154.1;0;64;558;13.1;75.6;;;
48.866517;2.317897;32.61;154.1;0;64;558;13.12;75.58;;;
48.866594;2.31765;32.61;154.7;0;64;558;13.14;75.56;;;
48.866672;2.317406;32.64;154.1;0;64;558;13.16;75.54;;;
48.866747;2.317158;32.69;156;0;64;558;13.18;75.52;;;
48.866825;2.316911;32.67;154.1;0;64;558;13.2;75.5;;;
48.8669;2.316664;32.63;154.1;0;64;558;13.22;75.48;;;
48.866978;2.316417;32.64;154.6;0;64;558;13.24;75.46;;;
48.867053;2.316169;32.71;156.4;0;64;558;13.26;75.44;;;
48.867131;2.315922;32.69;154.6;0;64;558;13.28;75.42;;;
48.867206;2.315675;32.62;154.6;0;64;558;13.3;75.4;;;
48.867283;2.315431;32.6;154.1;0;64;558;13.32;75.38;;;
48.867358;2.315183;32.65;154.3;0;64;558;13.34;75.36;;;
48.867439;2.314939;32.73;152.4;0;64;558;13.36;75.34;;;
48.867514;2.314689;32.73;154.6;0;64;558;13.38;75.32;;;
48.867589;2.314444;32.77;156;0;64;558;13.4;75.3;;;
48.867669;2.314197;32.82;152.9;0;64;558;13.42;75.28;;;
48.86775;2.313956;32.78;154.1;0;64;558;13.44;75.26;;;
48.867831;2.313711;32.8;152.4;0;64;558;13.46;75.24;;;
48.867911;2.313467;32.63;152.4;0;64;558;13.48;75.22;;;
48.867989;2.313222;32.59;154.1;0;64;558;13.5;75.2;;;
48.868067;2.312978;32.58;155.8;0;64;558;13.52;75.18;;;
48.868144;2.312731;32.56;155.2;0;65;557;13.54;75.16;;;
48.868222;2.312486;32.54;154.1;0;65;557;13.56;75.14;;;
48.8683;2.312239;32.53;154.1;0;65;557;13.58;75.12;;;
48.868422;2.311839;32.58;154.6;0;65;557;13.6;75.1;8;;
48.8685;2.311594;32.57;154.3;0;65;557;13.62;75.08;;;
48.868575;2.311347;32.61;155.8;0;65;557;13.64;75.06;;;
48.868653;2.3111;32.7;154.1;0;65;557;13.66;75.04;;;
48.868736;2.310858;32.81;154.3;0;66;556;13.68;75.02;;;
48.868811;2.310611;32.91;154.1;1;66;556;13.7;75;;;
48.868889;2.310367;33.09;151.8;1;66;556;13.72;74.98;;;
48.868972;2.310125;33.28;152.4;1;66;556;13.74;74.96;;;
48.869058;2.309886;33.33;152.6;1;66;556;13.76;74.94;;;
48.869142;2.309644;33.47;154.3;1;67;555;13.78;74.92;;;
48.869217;2.309397;33.64;155.8;1;67;555;13.8;74.9;;;
48.869294;2.30915;33.75;154.7;1;67;555;13.82;74.88;;;
48.869369;2.308903;34;155.8;1;68;554;13.84;74.86;;;
48.869447;2.308656;34.25;154.6;1;68;554;13.86;74.84;;;
48.869525;2.308411;34.52;154.1;1;68;554;13.88;74.82;;;
48.869606;2.308167;34.74;154.1;1;68;554;13.9;74.8;;;
48.869686;2.307922;35;154.1;1;69;553;13.92;74.78;;;
48.869767;2.307678;35.23;152.4;1;69;553;13.94;74.76;;;
48.869844;2.307433;35.45;154.8;1;69;553;13.96;74.74;;;
48.869925;2.307189;35.8;152.4;1;70;552;13.98;74.72;;;
48.870003;2.306942;36.07;154.6;1;70;552;14;74.7;;;
48.870078;2.306694;36.3;154.6;1;70;552;14.02;74.68;;;
48.87015;2.306447;36.54;156.4;1;71;551;14.04;74.66;;;
48.870225;2.306197;36.74;154.6;1;71;551;14.06;74.64;;;
48.8703;2.305953;37.06;155.8;1;72;550;14.08;74.62;;;
48.870378;2.305706;37.41;154.1;2;72;550;14.1;74.6;;;
48.870453;2.305458;37.74;154.3;2;72;550;14.12;74.58;;;
48.870528;2.305211;38.11;155.8;2;73;549;14.14;74.56;;;
48.870606;2.304964;38.49;154.6;2;73;549;14.16;74.54;;;
48.870681;2.304717;38.89;154.1;2;74;548;14.18;74.52;;;
48.870761;2.304472;39.26;154.1;2;74;548;14.2;74.5;;;
48.870836;2.304225;39.69;154.1;2;75;547;14.22;74.48;;;
48.870917;2.303981;40.06;152.4;2;75;547;14.24;74.46;;;
48.870994;2.303736;40.52;155.8;2;76;546;14.26;74.44;;;
48.871069;2.303486;40.95;155.2;2;76;546;14.28;74.42;;;
48.871147;2.303242;41.43;154.1;2;77;545;14.3;74.4;;;
48.871225;2.302997;41.91;154.1;2;77;545;14.32;74.38;;;
48.871306;2.30275;42.31;154.6;2;78;544;14.34;74.36;;;
48.871383;2.302508;42.83;153.7;2;78;544;14.36;74.34;;;
48.871458;2.302258;43.35;156.4;2;79;543;14.38;74.32;;;
48.871539;2.302014;43.9;154.1;3;79;543;14.4;74.3;;;
48.871619;2.301772;44.41;152.6;3;80;542;14.42;74.28;;;
48.8717;2.301528;44.99;154.1;3;81;541;14.44;74.26;;;
48.871781;2.301283;45.56;154.3;3;81;541;14.46;74.24;;;
48.871864;2.301042;45.98;152.4;3;82;540;14.48;74.22;;;
48.871947;2.3008;46.55;152.9;3;82;540;14.5;74.2;;;
48.872028;2.300556;47.08;152.4;3;83;539;14.52;74.18;;;
48.872106;2.300311;47.6;155.8;3;83;539;14.54;74.16;;;
48.872178;2.300061;48.13;156.4;3;84;538;14.56;74.14;;;
48.872258;2.299817;48.76;152.9;3;85;537;14.58;74.12;;;
48.872342;2.299575;49.34;152.4;3;85;537;14.6;74.1;;;
48.872425;2.299333;49.82;152.6;3;86;536;14.62;74.08;;;
48.872506;2.299092;50.31;154.1;3;86;536;14.64;74.06;;;
48.872583;2.298844;50.9;156.4;3;87;535;14.66;74.04;;;
48.872658;2.298597;51.44;154.1;3;87;535;14.68;74.02;;;
48.872736;2.298353;52.05;154.1;3;88;534;14.7;74;;;
48.872814;2.298106;52.66;154.1;3;88;534;14.72;73.98;;;
48.872894;2.297861;53.16;154.7;3;89;533;14.74;73.96;;;
48.872972;2.297617;53.78;154.1;3;89;533;14.76;73.94;;;
48.87305;2.297372;54.42;154.1;3;90;532;14.78;73.92;;;
48.873131;2.297128;54.98;153.5;3;90;532;14.8;73.9;;;
48.873206;2.296878;55.39;155.8;3;90;532;14.82;73.88;;;
48.873275;2.296628;55.87;158.1;3;90;532;14.84;73.86;;;
48.87335;2.296381;56.4;154.1;2;90;532;14.86;73.84;;;
48.873425;2.296131;56.92;154.6;2;90;532;14.88;73.82;;;
48.8735;2.295883;57.51;156.4;1;90;532;14.9;73.8;;;
48.873647;2.295883;57.64;72.6;1;90;532;14.92;73.78;;;
48.873822;2.295942;57.51;80.4;0;90;532;14.94;73.76;;;
48.874;2.295922;57.5;99.2;0;90;532;14.96;73.74;;;
48.874164;2.295817;57.33;116.3;0;90;532;14.98;73.72;;;
48.874286;2.295622;57.29;142.5;0;90;532;15;73.7;;;
48.874369;2.295381;57.29;154.7;0;90;532;15.02;73.68;;;
48.874422;2.295119;57.29;166;0;90;532;15.04;73.66;;;
48.874411;2.29485;57.27;-171.1;0;90;532;15.06;73.64;;;
48.874356;2.294594;57.24;-158.1;0;90;532;15.08;73.62;;;
48.874258;2.294367;57.37;-145.6;0;90;532;15.1;73.6;;;
48.874125;2.294181;57.48;-128.2;0;90;532;15.12;73.58;;;
48.873961;2.294078;57.41;-108.6;0;90;532;15.14;73.56;;;
48.873783;2.294047;57.43;-90;0;90;532;15.16;73.54;;;
48.873611;2.294119;57.43;-73.8;0;90;532;15.18;73.52;;;
48.87345;2.294228;57.53;-63.5;0;90;532;15.2;73.5;;;
48.873328;2.294428;57.7;-42.8;0;90;532;15.22;73.48;;;
48.873244;2.294669;57.74;-25.9;0;90;532;15.24;73.46;;;
48.873203;2.294936;57.72;-12.3;0;90;532;15.26;73.44;;;
48.873194;2.295203;57.57;3.2;0;90;532;15.28;73.42;;;
48.873261;2.295453;57.64;25.9;-1;90;532;15.3;73.4;;;
48.873378;2.295656;57.64;47.9;-1;90;532;15.32;73.38;;;
48.873519;2.295822;57.58;53.8;-1;90;532;15.34;73.36;;;
48.873444;2.296069;57;-24.2;-1;90;532;15.36;73.34;;;
48.873369;2.296317;56.51;-24.2;-2;90;532;15.38;73.32;;;
48.873294;2.296564;56.06;-24.8;-2;90;532;15.4;73.3;;;
48.873222;2.296814;55.54;-23.6;-3;90;532;15.42;73.28;;;
48.87315;2.297064;55.04;-23.6;-3;90;532;15.44;73.26;;;
48.873072;2.297308;54.55;-25.9;-3;90;532;15.46;73.24;;;
48.872992;2.297556;54;-25.4;-3;90;532;15.48;73.22;;;
48.872914;2.2978;53.39;-25.9;-3;90;532;15.5;73.2;;;
48.872836;2.298044;52.75;-25.9;-3;90;532;15.52;73.18;;;
48.872756;2.298289;52.13;-25.3;-3;90;532;15.54;73.16;;;
48.872678;2.298533;51.6;-25.9;-3;90;532;15.56;73.14;;;
48.872603;2.298783;51.04;-23.6;-3;90;532;15.58;73.12;;;
48.872528;2.299031;50.46;-23.6;-3;90;532;15.6;73.1;;;
48.872444;2.299272;49.96;-28.2;-3;90;532;15.62;73.08;;;
48.872361;2.299514;49.41;-28;-3;90;532;15.64;73.06;;;
48.872281;2.299756;48.84;-25.7;-3;90;532;15.66;73.04;;;
48.872197;2.3;48.3;-27.6;-3;90;532;15.68;73.02;;;
48.872125;2.300247;47.82;-23.6;-3;90;532;15.7;73;;;
48.872047;2.300494;47.22;-25.9;-3;90;532;15.72;72.98;;;
48.871964;2.300736;46.65;-28.2;-3;90;532;15.74;72.96;;;
48.871883;2.300981;46.2;-28;-3;90;532;15.76;72.94;;;
48.871803;2.301222;45.63;-26.5;-3;90;532;15.78;72.92;;;
48.871722;2.301467;45.07;-25.7;-3;90;532;15.8;72.9;;;
48.871639;2.301711;44.55;-27.6;-3;90;532;15.82;72.88;;;
48.871558;2.301953;43.97;-27.6;-3;90;532;15.84;72.86;;;
48.871481;2.302197;43.47;-25.3;-3;90;532;15.86;72.84;;;
48.871406;2.302444;43.01;-21.9;-3;90;532;15.88;72.82;;;
48.871325;2.302689;42.46;-25.9;-2;90;532;15.9;72.8;;;
48.871244;2.302933;41.97;-27.6;-2;90;532;15.92;72.78;;;
48.871167;2.303181;41.49;-25.7;-2;90;532;15.94;72.76;;;
48.871089;2.303425;41.08;-25.9;-2;90;532;15.96;72.74;;;
48.871014;2.303672;40.64;-23.6;-2;90;532;15.98;72.72;;;
48.870936;2.303919;40.18;-27.6;-2;90;532;16;72.7;;;
48.870856;2.304164;39.8;-27.1;-2;90;532;16.02;72.68;;;
48.870778;2.304408;39.37;-25.9;-2;90;532;16.04;72.66;;;
48.870472;2.305394;37.84;-24.2;-2;90;532;16.12;72.58;;;
48.870397;2.305642;37.45;-24;-2;90;532;16.14;72.56;;;
48.870319;2.305889;37.1;-25.9;-2;90;532;16.16;72.54;;;
48.870244;2.306136;36.86;-25.9;-2;90;532;16.18;72.52;;;
48.870169;2.306383;36.63;-24.8;-1;90;532;16.2;72.5;;;
48.870097;2.306633;36.33;-23.6;-1;90;532;16.22;72.48;;;
48.869864;2.307372;35.58;-27.6;-1;90;532;16.28;72.42;;;
48.869786;2.307617;35.27;-25.7;-1;90;532;16.3;72.4;;;
48.869706;2.307861;35.03;-27.1;-1;90;532;16.32;72.38;;;
48.869625;2.308106;34.81;-27.4;-1;90;532;16.34;72.36;;;
48.869547;2.30835;34.54;-25.9;-1;90;532;16.36;72.34;;;
48.869467;2.308594;34.3;-25.9;-1;90;532;16.38;72.32;;;
48.869161;2.309581;33.49;-24;-1;90;532;16.46;72.24;;;
48.869081;2.309825;33.39;-27.6;-1;90;532;16.48;72.22;;;
48.868994;2.310064;33.3;-29.7;-1;90;532;16.5;72.2;;;
48.868911;2.310306;33.14;-25.7;-1;90;532;16.52;72.18;;;
48.868831;2.31055;32.96;-24.8;-1;90;532;16.54;72.16;;;
48.868519;2.311531;32.57;-24.6;0;90;532;16.62;72.08;;;
48.868442;2.311778;32.57;-25.9;0;90;532;16.64;72.06;;;
48.868364;2.312022;32.57;-25.9;0;90;532;16.66;72.04;;;
48.868289;2.312272;32.53;-23.6;0;91;531;16.68;72.02;;;
48.868211;2.312517;32.52;-25.7;0;91;531;16.7;72;;;
48.868136;2.312764;32.56;-25.9;0;91;531;16.72;71.98;;;
48.8679;2.3135;32.63;-25.9;0;91;531;16.78;71.92;;;
48.867819;2.313744;32.79;-25.9;0;91;531;16.8;71.9;;;
48.867739;2.313989;32.87;-25.4;0;91;531;16.82;71.88;;;
48.867656;2.314231;32.86;-29.1;0;91;531;16.84;71.86;;;
48.867581;2.314475;32.72;-24.2;0;91;531;16.86;71.84;;;
48.867503;2.314722;32.73;-25.9;0;91;531;16.88;71.82;;;
48.867194;2.315708;32.62;-25.9;0;91;531;16.96;71.74;;;
48.867119;2.315956;32.7;-25.7;0;91;531;16.98;71.72;;;
48.867044;2.316203;32.7;-24.2;0;91;531;17;71.7;;;
48.866969;2.31645;32.64;-24.8;0;91;531;17.02;71.68;;;
48.866892;2.316697;32.63;-25.4;0;91;531;17.04;71.66;;;
48.866583;2.317683;32.61;-27.6;0;91;531;17.12;71.58;;;
48.866506;2.317928;32.61;-25.3;0;91;531;17.14;71.56;;;
48.866428;2.318175;32.63;-25.4;0;91;531;17.16;71.54;;;
48.86635;2.318419;32.61;-25.9;0;91;531;17.18;71.52;;;
48.866269;2.318664;32.62;-27.6;0;91;531;17.2;71.5;;;
48.866192;2.318908;32.64;-25.9;0;91;531;17.22;71.48;;;
48.865953;2.319642;32.62;-25.7;0;91;531;17.28;71.42;;;
48.865872;2.319886;32.63;-25.9;0;91;531;17.3;71.4;;;
48.865794;2.320133;32.55;-25.4;0;91;531;17.32;71.38;;;
48.865719;2.320381;32.42;-25.4;0;91;531;17.34;71.36;;;
48.865644;2.320628;32.56;-24.2;0;92;530;17.36;71.34;;;
48.865497;2.320567;32.62;-117.5;0;92;530;17.38;71.32;;;
48.864828;2.320289;32.92;-79.2;1;92;530;17.46;71.24;;;
48.864647;2.320289;33.2;-90;1;92;530;17.48;71.22;;;
48.864467;2.320306;33.74;-85;1;92;530;17.5;71.2;;;
48.864297;2.320253;34.22;-114.4;1;92;530;17.52;71.18;;;
48.864136;2.320136;34.7;-115.2;1;92;530;17.54;71.16;;;
48.863789;2.321003;33.42;-25.9;-1;92;530;17.62;71.08;;;
48.863706;2.321244;33.18;-27.1;-1;92;530;17.64;71.06;;;
48.863625;2.321489;32.85;-25.9;-1;93;529;17.66;71.04;;;
48.863547;2.321733;32.73;-25.9;-1;93;529;17.68;71.02;;;
48.863469;2.321978;32.47;-25.9;0;93;529;17.7;71;;;
48.863389;2.322225;32.24;-27.6;0;93;529;17.72;70.98;;;
48.863156;2.322961;32.38;-25.3;0;93;529;17.78;70.92;;;
48.863081;2.323208;32.48;-25.3;0;93;529;17.8;70.9;;;
48.863003;2.323456;32.55;-25.4;0;93;529;17.82;70.88;;;
48.862925;2.3237;32.65;-25.9;0;93;529;17.84;70.86;;;
48.862847;2.323947;32.69;-25.9;0;93;529;17.86;70.84;;;
48.862769;2.324192;32.89;-25.7;0;93;529;17.88;70.82;;;
48.862456;2.325172;33.22;-25.3;0;94;528;17.96;70.74;;;
48.862378;2.325417;33.17;-24;0;94;528;17.98;70.72;;;
48.8623;2.325664;33.3;-25.9;0;94;528;18;70.7;;;
48.862222;2.325911;33.43;-25.4;0;94;528;18.02;70.68;;;
48.862139;2.326153;33.52;-27.6;0;94;528;18.04;70.66;;;
48.861822;2.327131;33.81;-25.7;0;95;527;18.12;70.58;;;
48.861744;2.327375;33.9;-25.9;0;95;527;18.14;70.56;;;
48.861667;2.327622;33.97;-25.9;0;95;527;18.16;70.54;;;
48.861589;2.327867;34.04;-25.7;0;95;527;18.18;70.52;;;
48.861506;2.328111;34.09;-27.1;1;95;527;18.2;70.5;;;
48.861425;2.328353;34.25;-27.6;1;95;527;18.22;70.48;;;
48.861183;2.329083;34.72;-25.9;1;95;527;18.28;70.42;;;
48.861103;2.329328;34.83;-27.1;0;95;527;18.3;70.4;;;
48.861025;2.329572;34.9;-25.9;0;95;527;18.32;70.38;;;
48.860947;2.329819;34.99;-25.9;0;95;527;18.34;70.36;;;
48.860867;2.330064;35.18;-27.1;0;95;527;18.36;70.34;;;
48.860978;2.330092;34.9;86.1;0;95;527;18.38;70.32;;;
48.861622;2.330569;34.12;63.4;-1;95;527;18.46;70.24;;;
48.861783;2.330697;34.04;62.2;-1;95;527;18.48;70.22;;;
48.861942;2.330825;33.95;62.5;0;95;527;18.5;70.2;;;
48.8621;2.330953;33.87;61.6;0;95;527;18.52;70.18;;;
48.862264;2.331064;33.79;68.4;0;95;527;18.54;70.16;;;
48.862919;2.331514;33.45;65.3;0;96;526;18.62;70.08;;;
48.863081;2.331631;33.37;64.4;0;96;526;18.64;70.06;;;
48.863244;2.331747;33.28;64.5;0;96;526;18.66;70.04;;;
48.863406;2.331864;33.65;64.8;0;96;526;18.68;70.02;;;
48.863569;2.331978;33.71;64.1;0;96;526;18.7;70;;;
48.863733;2.332094;33.74;63.4;0;96;526;18.72;69.98;;;
48.863972;2.331375;33.61;154.1;0;96;526;18.78;69.92;;;
48.864053;2.331131;33.6;152.4;0;96;526;18.8;69.9;;;
48.864131;2.330886;33.57;154.1;0;96;526;18.82;69.88;;;
48.864211;2.330642;33.52;152.4;0;96;526;18.84;69.86;;;
48.864289;2.330397;33.58;154.1;0;96;526;18.86;69.84;;;
48.864367;2.33015;33.61;154.6;0;96;526;18.88;69.82;;;
48.864694;2.329178;33.44;152.9;0;96;526;18.96;69.74;;;
48.864772;2.328936;33.36;154.1;0;96;526;18.98;69.72;;;
48.864853;2.328692;33.33;154.1;0;96;526;19;69.7;;;
48.864933;2.328447;33.38;154.1;0;96;526;19.02;69.68;;;
48.865014;2.328203;33.37;152.4;0;96;526;19.04;69.66;;;
48.865328;2.327222;33.34;154.1;0;96;526;19.12;69.58;;;
48.865408;2.326978;33.24;154.1;0;96;526;19.14;69.56;;;
48.865489;2.326733;33.22;152.6;0;96;526;19.16;69.54;;;
48.865567;2.326489;33.24;154.1;0;96;526;19.18;69.52;;;
48.865647;2.326244;33.31;154.3;0;96;526;19.2;69.5;;;
48.865725;2.326;33.33;154.1;0;96;526;19.22;69.48;;;
48.865953;2.325258;33.34;154.3;0;96;526;19.28;69.42;;;
48.866031;2.325011;33.23;154.1;0;96;526;19.3;69.4;;;
48.866111;2.324767;33.24;152.4;0;96;526;19.32;69.38;;;
48.866192;2.324525;33.24;152.4;0;96;526;19.34;69.36;;;
48.866272;2.324281;33.24;154.1;0;96;526;19.36;69.34;;;
48.866339;2.324031;33.12;163.3;0;96;526;19.38;69.32;;;
48.866444;2.322975;32.85;160.4;0;96;526;19.46;69.24;;;
48.866508;2.322719;32.89;158.6;0;96;526;19.48;69.22;;;
48.866572;2.322467;32.98;158.1;0;96;526;19.5;69.2;;;
48.866636;2.322211;33.03;160.4;0;96;526;19.52;69.18;;;
48.866664;2.321978;33.07;-175.9;0;96;526;19.54;69.16;;;
48.866206;2.321169;32.7;-147.5;0;96;526;19.62;69.08;;;
48.86605;2.321033;32.7;-119.5;0;96;526;19.64;69.06;;;
48.865894;2.320894;32.69;-120.6;0;96;526;19.66;69.04;;;
48.865739;2.320761;32.61;-118.4;0;96;526;19.68;69.02;;;
48.865653;2.320594;32.54;-173.1;0;96;526;19.7;69;;;
48.865731;2.320347;32.44;154.1;0;96;526;19.72;68.98;;;
48.865961;2.319608;32.63;154.3;0;96;526;19.78;68.92;;;
48.866039;2.319364;32.64;154.1;0;96;526;19.8;68.9;;;
48.866122;2.319122;32.66;152.6;0;96;526;19.82;68.88;;;
48.866203;2.318878;32.62;154.1;0;96;526;19.84;68.86;;;
48.866281;2.318631;32.62;154.6;0;96;526;19.86;68.84;;;
48.866358;2.318386;32.61;154.1;0;96;526;19.88;68.82;;;
48.866672;2.317406;32.64;154.1;0;96;526;19.96;68.74;;;
48.866747;2.317158;32.69;156;0;96;526;19.98;68.72;;;
48.866825;2.316911;32.67;154.1;0;96;526;20;68.7;;;
48.8669;2.316664;32.63;154.1;0;96;526;20.02;68.68;;;
48.866978;2.316417;32.64;154.6;0;96;526;20.04;68.66;;;
48.867283;2.315431;32.6;154.1;0;96;526;20.12;68.58;;;
48.867358;2.315183;32.65;154.3;0;96;526;20.14;68.56;;;
48.867439;2.314939;32.73;152.4;0;96;526;20.16;68.54;;;
48.867514;2.314689;32.73;154.6;0;96;526;20.18;68.52;;;
48.867589;2.314444;32.77;156;0;96;526;20.2;68.5;;;
48.867669;2.314197;32.82;152.9;0;96;526;20.22;68.48;;;
48.867911;2.313467;32.63;152.4;0;96;526;20.28;68.42;;;
48.867989;2.313222;32.59;154.1;0;96;526;20.3;68.4;;;
48.868067;2.312978;32.58;155.8;0;96;526;20.32;68.38;;;
48.868144;2.312731;32.56;155.2;0;96;526;20.34;68.36;;;
48.868222;2.312486;32.54;154.1;0;97;525;20.36;68.34;;;
48.8683;2.312239;32.53;154.1;0;97;525;20.38;68.32;;;
48.868606;2.311253;32.64;154.1;0;97;525;20.46;68.24;9;;
48.868686;2.311008;32.7;152;0;97;525;20.48;68.22;;;
48.868764;2.310764;32.83;154.1;1;98;524;20.5;68.2;;;
48.868839;2.310517;32.96;155.8;1;98;524;20.52;68.18;;;
48.868922;2.310272;33.16;152.9;1;98;524;20.54;68.16;;;
48.869006;2.310031;33.31;150.7;1;98;524;20.56;68.14;;;
48.869094;2.309794;33.39;150.9;1;99;523;20.58;68.12;;;
48.869172;2.309547;33.51;154.6;1;99;523;20.6;68.1;;;
48.869247;2.3093;33.66;154.6;1;99;523;20.62;68.08;;;
48.869322;2.309056;33.86;155.8;1;99;523;20.64;68.06;;;
48.8694;2.308808;34.09;154.3;1;100;522;20.66;68.04;;;
48.869478;2.308561;34.35;154.1;1;100;522;20.68;68.02;;;
48.869556;2.308317;34.61;154.1;1;100;522;20.7;68;;;
48.869636;2.308072;34.88;154.1;1;100;522;20.72;67.98;;;
48.869717;2.307828;35.06;154.1;1;101;521;20.74;67.96;;;
48.869797;2.307583;35.31;153.1;1;101;521;20.76;67.94;;;
48.869875;2.307339;35.63;154.1;1;101;521;20.78;67.92;;;
48.869956;2.307094;35.91;152.6;1;102;520;20.8;67.9;;;
48.870031;2.306847;36.16;154.6;1;102;520;20.82;67.88;;;
48.870106;2.3066;36.4;155.8;1;102;520;20.84;67.86;;;
48.870178;2.30635;36.66;156.4;1;103;519;20.86;67.84;;;
48.870253;2.306103;36.86;156.4;1;103;519;20.88;67.82;;;
48.870331;2.305856;37.18;154.6;2;104;518;20.9;67.8;;;
48.870406;2.305608;37.48;154.6;2;104;518;20.92;67.78;;;
48.870481;2.305361;37.89;155.8;2;104;518;20.94;67.76;;;
48.870558;2.305117;38.27;154.1;2;105;517;20.96;67.74;;;
48.870631;2.304867;38.64;157.5;2;105;517;20.98;67.72;;;
48.870711;2.304622;39.05;154.1;2;106;516;21;67.7;;;
48.870789;2.304375;39.42;154.6;2;106;516;21.02;67.68;;;
48.870867;2.304131;39.8;152.4;2;107;515;21.04;67.66;;;
48.870947;2.303886;40.24;154.1;2;107;515;21.06;67.64;;;
48.871022;2.303639;40.7;156.4;2;108;514;21.08;67.62;;;
48.8711;2.303392;41.2;152.4;2;108;514;21.1;67.6;;;
48.871178;2.303147;41.54;154.1;2;109;513;21.12;67.58;;;
48.871256;2.302903;42.02;154.1;2;109;513;21.14;67.56;;;
48.871336;2.302658;42.53;152.6;2;110;512;21.16;67.54;;;
48.871414;2.302414;43.01;154.1;2;111;511;21.18;67.52;;;
48.871489;2.302167;43.56;154.1;3;111;511;21.2;67.5;;;
48.871569;2.301922;44.13;154.3;3;112;510;21.22;67.48;;;
48.87165;2.301678;44.61;154.1;3;112;510;21.24;67.46;;;
48.871731;2.301433;45.14;154.3;3;113;509;21.26;67.44;;;
48.871814;2.301192;45.7;152.4;3;113;509;21.28;67.42;;;
48.871894;2.30095;46.2;152.4;3;114;508;21.3;67.4;;;
48.871975;2.300706;46.71;154.1;3;114;508;21.32;67.38;;;
48.872058;2.300464;47.3;152.4;3;115;507;21.34;67.36;;;
48.872133;2.300214;47.9;156.4;3;115;507;21.36;67.34;;;
48.872208;2.299967;48.3;154.6;3;116;506;21.38;67.32;;;
48.872292;2.299725;48.91;151.8;3;117;505;21.4;67.3;;;
48.872372;2.299483;49.48;152.6;3;117;505;21.42;67.28;;;
48.872456;2.299242;49.96;151.8;3;118;504;21.44;67.26;;;
48.872536;2.298997;50.54;154.1;3;118;504;21.46;67.24;;;
48.872611;2.29875;51.13;155.8;3;119;503;21.48;67.22;;;
48.872689;2.298503;51.66;152.4;3;119;503;21.5;67.2;;;
48.872767;2.298258;52.26;154.3;3;120;502;21.52;67.18;;;
48.872844;2.298011;52.83;154.7;3;120;502;21.54;67.16;;;
48.872925;2.297767;53.47;152.4;3;121;501;21.56;67.14;;;
48.873003;2.297522;54;154.1;3;121;501;21.58;67.12;;;
48.873081;2.297278;54.65;154.1;3;121;501;21.6;67.1;;;
48.873161;2.297033;55.16;154.3;3;121;501;21.62;67.08;;;
48.873233;2.296781;55.61;156.4;3;121;501;21.64;67.06;;;
48.873303;2.296531;56.06;157.5;2;121;501;21.66;67.04;;;
48.873378;2.296283;56.58;156.4;2;121;501;21.68;67.02;;;
48.873453;2.296036;57.07;156.4;1;121;501;21.7;67;;;
48.873542;2.295831;57.64;137.5;1;121;501;21.72;66.98;;;
48.873714;2.295914;57.57;72.2;0;121;501;21.74;66.96;;;
48.873892;2.295947;57.49;85.5;0;121;501;21.76;66.94;;;
48.874067;2.295892;57.35;106.6;0;121;501;21.78;66.92;;;
48.874219;2.295753;57.36;126.2;0;122;500;21.8;66.9;;;
48.874319;2.295531;57.27;150;0;122;500;21.82;66.88;;;
48.874394;2.295283;57.35;158.1;0;122;500;21.84;66.86;;;
48.874428;2.295017;57.32;172.8;0;122;500;21.86;66.84;;;
48.874394;2.29475;57.37;-165.1;0;122;500;21.88;66.82;;;
48.874322;2.294503;57.3;-150.1;0;122;500;21.9;66.8;;;
48.874211;2.294286;57.39;-140.2;0;122;500;21.92;66.78;;;
48.874067;2.294133;57.5;-120.4;0;122;500;21.94;66.76;;;
48.873894;2.294053;57.42;-104;0;122;500;21.96;66.74;;;
48.873717;2.294069;57.41;-79.5;0;122;500;21.98;66.72;;;
48.873547;2.294156;57.48;-70.6;0;122;500;22;66.7;;;
48.873403;2.294306;57.59;-43.4;0;122;500;22.02;66.68;;;
48.873292;2.294519;57.71;-33.9;0;122;500;22.04;66.66;;;
48.873228;2.294772;57.7;-14.1;0;122;500;22.06;66.64;;;
48.873192;2.295039;57.63;-8.9;0;122;500;22.08;66.62;;;
48.873214;2.2953;57.63;18.4;-1;122;500;22.1;66.6;;;
48.873297;2.295542;57.6;31.4;-1;122;500;22.12;66.58;;;
48.873431;2.295722;57.58;49.8;-1;122;500;22.14;66.56;;;
48.873492;2.295917;57.38;-8.3;-1;122;500;22.16;66.54;;;
48.873414;2.296164;56.85;-25.9;-2;122;500;22.18;66.52;;;
48.873339;2.296411;56.33;-25.9;-2;122;500;22.2;66.5;;;
48.873267;2.296661;55.81;-23.6;-3;122;500;22.22;66.48;;;
48.873194;2.296911;55.33;-24.2;-3;122;500;22.24;66.46;;;
48.873119;2.297158;54.92;-25.9;-3;122;500;22.26;66.44;;;
48.873042;2.297403;54.32;-25.9;-3;122;500;22.28;66.42;;;
48.872961;2.297647;53.7;-25.9;-3;122;500;22.3;66.4;;;
48.872883;2.297894;53.16;-25.9;-3;122;500;22.32;66.38;;;
48.872806;2.298139;52.52;-25.3;-3;122;500;22.34;66.36;;;
48.872725;2.298383;51.96;-25.9;-3;122;500;22.36;66.34;;;
48.872647;2.298631;51.44;-25.4;-3;122;500;22.38;66.32;;;
48.872572;2.298878;50.83;-25.4;-3;122;500;22.4;66.3;;;
48.872494;2.299122;50.24;-28.2;-3;122;500;22.42;66.28;;;
48.872414;2.299367;49.69;-27.4;-3;122;500;22.44;66.26;;;
48.872331;2.299608;49.21;-27.1;-3;122;500;22.46;66.24;;;
48.872247;2.29985;48.62;-27.6;-3;122;500;22.48;66.22;;;
48.872169;2.300094;48.05;-24.8;-3;122;500;22.5;66.2;;;
48.872094;2.300344;47.6;-25.4;-3;122;500;22.52;66.18;;;
48.872017;2.300589;47;-27.1;-3;122;500;22.54;66.16;;;
48.871936;2.300833;46.48;-25.4;-3;122;500;22.56;66.14;;;
48.871853;2.301075;45.98;-27.1;-3;122;500;22.58;66.12;;;
48.871772;2.301317;45.42;-25.7;-3;122;500;22.6;66.1;;;
48.871689;2.301561;44.85;-27.6;-3;122;500;22.62;66.08;;;
48.871608;2.301803;44.41;-27.6;-3;122;500;22.64;66.06;;;
48.871528;2.302047;43.84;-27.1;-3;122;500;22.66;66.04;;;
48.87145;2.302292;43.28;-25.7;-3;122;500;22.68;66.02;;;
48.871372;2.302539;42.75;-27.6;-2;122;500;22.7;66;;;
48.871294;2.302783;42.27;-25.9;-2;122;500;22.72;65.98;;;
48.871217;2.303028;41.79;-25.9;-2;122;500;22.74;65.96;;;
48.871136;2.303275;41.37;-25.9;-2;122;500;22.76;65.94;;;
48.871058;2.303519;40.95;-25.9;-2;122;500;22.78;65.92;;;
48.870986;2.303769;40.47;-23.6;-2;122;500;22.8;65.9;;;
48.870906;2.304014;40.02;-27.1;-2;122;500;22.82;65.88;;;
48.870825;2.304256;39.58;-25.7;-2;122;500;22.84;65.86;;;
48.87075;2.304506;39.26;-23.6;-2;122;500;22.86;65.84;;;
48.870669;2.30475;38.83;-27.6;-2;122;500;22.88;65.82;;;
48.870594;2.304997;38.45;-23.7;-2;122;500;22.9;65.8;;;
48.870519;2.305242;38.06;-25.7;-2;122;500;22.92;65.78;;;
48.870442;2.305489;37.68;-25.9;-2;122;500;22.94;65.76;;;
48.870367;2.305736;37.36;-25.9;-2;122;500;22.96;65.74;;;
48.870292;2.305983;37.02;-24.2;-2;122;500;22.98;65.72;;;
48.870214;2.306231;36.72;-25.7;-1;122;500;23;65.7;;;
48.870139;2.306481;36.53;-25.4;-1;122;500;23.02;65.68;;;
48.870067;2.306728;36.29;-25.9;-1;122;500;23.04;65.66;;;
48.869992;2.306975;36.02;-25.9;-1;122;500;23.06;65.64;;;
48.869914;2.307222;35.75;-25.9;-1;122;500;23.08;65.62;;;
48.869833;2.307467;35.45;-27.4;-1;122;500;23.1;65.6;;;
48.869756;2.307711;35.18;-25.3;-1;122;500;23.12;65.58;;;
48.869675;2.307956;34.96;-27.4;-1;122;500;23.14;65.56;;;
48.869594;2.3082;34.74;-27.6;-1;122;500;23.16;65.54;;;
48.869514;2.308444;34.48;-27.6;-1;122;500;23.18;65.52;;;
48.869436;2.308689;34.21;-25.9;-1;122;500;23.2;65.5;;;
48.869361;2.308936;33.96;-25.4;-1;122;500;23.22;65.48;;;
48.869283;2.309183;33.74;-25.4;-1;122;500;23.24;65.46;;;
48.869208;2.309428;33.6;-24.2;-1;122;500;23.26;65.44;;;
48.869133;2.309678;33.43;-23.6;-1;122;500;23.28;65.42;;;
48.869047;2.309917;33.33;-29.7;-1;122;500;23.3;65.4;;;
48.868961;2.310156;33.26;-28;-1;122;500;23.32;65.38;;;
48.868878;2.310397;33.07;-27.6;-1;122;500;23.34;65.36;;;
48.8688;2.310644;32.91;-25.4;-1;122;500;23.36;65.34;;;
48.868725;2.310892;32.76;-25.4;-1;122;500;23.38;65.32;;;
48.868642;2.311133;32.66;-29.3;0;122;500;23.4;65.3;;;
48.868564;2.311378;32.6;-25.9;0;122;500;23.42;65.28;;;
48.868489;2.311628;32.57;-25.4;0;122;500;23.44;65.26;;;
48.868411;2.311872;32.59;-25.9;0;122;500;23.46;65.24;;;
48.868333;2.312119;32.57;-25.4;0;122;500;23.48;65.22;;;
48.868261;2.312367;32.52;-23.6;0;122;500;23.5;65.2;;;
48.868183;2.312614;32.55;-25.4;0;122;500;23.52;65.18;;;
48.868106;2.312858;32.57;-25.3;0;122;500;23.54;65.16;;;
48.868028;2.313106;32.58;-25.4;0;122;500;23.56;65.14;;;
48.86795;2.31335;32.61;-25.9;0;122;500;23.58;65.12;;;
48.867869;2.313594;32.71;-25.9;0;122;500;23.6;65.1;;;
48.867789;2.313836;32.76;-26.5;0;122;500;23.62;65.08;;;
48.867708;2.314083;32.8;-25.9;0;122;500;23.64;65.06;;;
48.867628;2.314325;32.79;-25.9;0;122;500;23.66;65.04;;;
48.86755;2.314572;32.74;-25.4;0;122;500;23.68;65.02;;;
48.867475;2.314819;32.72;-23.6;0;122;500;23.7;65;;;
48.867397;2.315064;32.71;-25.9;0;122;500;23.72;64.98;;;
48.867319;2.315311;32.63;-25.4;0;122;500;23.74;64.96;;;
48.867242;2.315558;32.58;-25.4;0;122;500;23.76;64.94;;;
48.867167;2.315803;32.66;-25.9;0;122;500;23.78;64.92;;;
48.867089;2.31605;32.7;-25.9;0;122;500;23.8;64.9;;;
48.867017;2.3163;32.68;-23.6;0;122;500;23.82;64.88;;;
48.866939;2.316544;32.61;-25.9;0;122;500;23.84;64.86;;;
48.866861;2.316792;32.64;-25.4;0;122;500;23.86;64.84;;;
48.866786;2.317039;32.69;-23.6;0;122;500;23.88;64.82;;;
48.866708;2.317286;32.65;-25.4;0;122;500;23.9;64.8;;;
48.866633;2.317533;32.61;-25.4;0;122;500;23.92;64.78;;;
48.866556;2.317778;32.61;-25.3;0;122;500;23.94;64.76;;;
48.866475;2.318022;32.61;-25.9;0;122;500;23.96;64.74;;;
48.866397;2.318269;32.61;-25.4;0;122;500;23.98;64.72;;;
48.866319;2.318514;32.62;-25.9;0;122;500;24;64.7;;;
48.866242;2.318758;32.61;-25.9;0;122;500;24.02;64.68;;;
48.866161;2.319003;32.63;-25.9;0;122;500;24.04;64.66;;;
48.866081;2.319247;32.64;-27.1;0;122;500;24.06;64.64;;;
48.866;2.319489;32.63;-25.9;0;122;500;24.08;64.62;;;
48.865922;2.319736;32.61;-25.9;0;122;500;24.1;64.6;;;
48.865842;2.319981;32.61;-25.7;0;123;499;24.12;64.58;;;
48.865767;2.320228;32.5;-25.4;0;123;499;24.14;64.56;;;
48.865689;2.320475;32.43;-25.4;0;123;499;24.16;64.54;;;
48.865597;2.320644;32.58;-61.1;0;123;499;24.18;64.52;;;
48.865436;2.320519;32.61;-116.7;1;124;498;24.2;64.5;;;
48.865278;2.320394;32.65;-118.4;1;124;498;24.22;64.48;;;
48.865111;2.320286;32.66;-109.8;1;125;497;24.24;64.46;;;
48.864936;2.320256;32.77;-95.7;1;125;497;24.26;64.44;;;
48.864758;2.320289;33.03;-88.7;1;125;497;24.28;64.42;;;
48.864578;2.320294;33.29;-87.9;1;125;497;24.3;64.4;;;
48.8644;2.320319;33.86;-83.3;1;125;497;24.32;64.38;;;
48.864236;2.320208;34.37;-115.6;1;125;497;24.34;64.36;;;
48.864083;2.320122;34.85;-104.2;0;125;497;24.36;64.34;;;
48.864;2.320367;34.54;-27.4;0;125;497;24.38;64.32;;;
48.863919;2.320611;34.07;-27.6;-1;125;497;24.4;64.3;;;
48.863839;2.320853;33.74;-27.6;-1;125;497;24.42;64.28;;;
48.863756;2.321094;33.24;-27.6;-2;125;497;24.44;64.26;;;
48.863675;2.321339;33.1;-27.6;-2;125;497;24.46;64.24;;;
48.863594;2.321583;32.84;-25.4;-1;125;497;24.48;64.22;;;
48.863517;2.321828;32.6;-25.9;-1;125;497;24.5;64.2;;;
48.863439;2.322072;32.35;-25.9;0;125;497;24.52;64.18;;;
48.863361;2.322319;32.18;-25.9;0;125;497;24.54;64.16;;;
48.863283;2.322564;32.26;-25.9;0;125;497;24.56;64.14;;;
48.863206;2.322811;32.35;-24.8;0;125;497;24.58;64.12;;;
48.863128;2.323056;32.43;-25.7;0;125;497;24.6;64.1;;;
48.86305;2.323303;32.47;-25.9;0;125;497;24.62;64.08;;;
48.862972;2.32355;32.55;-25.4;0;125;497;24.64;64.06;;;
48.862897;2.323794;32.73;-25.9;0;125;497;24.66;64.04;;;
48.862819;2.324042;32.84;-25.7;0;125;497;24.68;64.02;;;
48.862739;2.324286;32.87;-25.9;0;126;496;24.7;64;;;
48.862661;2.324531;32.96;-25.7;0;126;496;24.72;63.98;;;
48.862583;2.324778;33.03;-25.4;0;126;496;24.74;63.96;;;
48.862506;2.325022;33.11;-25.3;0;126;496;24.76;63.94;;;
48.862422;2.325264;33.18;-28;0;126;496;24.78;63.92;;;
48.862347;2.325511;33.29;-25.9;0;126;496;24.8;63.9;;;
48.862269;2.325758;33.37;-25.9;0;126;496;24.82;63.88;;;
48.862192;2.326003;33.45;-25.9;0;126;496;24.84;63.86;;;
48.862108;2.326244;33.52;-28.2;0;126;496;24.86;63.84;;;
48.862025;2.326486;33.53;-28.2;0;126;496;24.88;63.82;;;
48.861947;2.326733;33.62;-25.9;0;126;496;24.9;63.8;;;
48.861869;2.326978;33.8;-25.9;0;126;496;24.92;63.78;;;
48.861792;2.327225;33.88;-25.9;0;126;496;24.94;63.76;;;
48.861717;2.327472;33.93;-23.6;0;126;496;24.96;63.74;;;
48.861639;2.327717;33.97;-25.7;0;127;495;24.98;63.72;;;
48.861556;2.327961;34.04;-27.1;1;127;495;25;63.7;;;
48.861475;2.328203;34.16;-27.6;1;127;495;25.02;63.68;;;
48.861394;2.328447;34.05;-27.6;1;127;495;25.04;63.66;;;
48.861314;2.328689;34.05;-26.3;1;127;495;25.06;63.64;;;
48.861233;2.328933;34.05;-25.9;1;127;495;25.08;63.62;;;
48.861153;2.329178;34.73;-25.9;0;127;495;25.1;63.6;;;
48.861072;2.329422;34.85;-27.6;0;127;495;25.12;63.58;;;
48.860994;2.329667;34.96;-25.7;0;127;495;25.14;63.56;;;
48.860917;2.329914;35.05;-25.4;0;127;495;25.16;63.54;;;
48.860875;2.3301;35.17;-4.1;0;127;495;25.18;63.52;;;
48.861042;2.330131;34.76;68.6;-1;127;495;25.2;63.5;;;
48.861203;2.330253;34.35;64.4;-1;127;495;25.22;63.48;;;
48.861364;2.330375;34.3;63.6;-1;127;495;25.24;63.46;;;
48.861525;2.330494;34.25;64.8;-1;127;495;25.26;63.44;;;
48.861686;2.330619;34.19;62.6;-1;127;495;25.28;63.42;;;
48.861844;2.330744;34.14;63.4;0;127;495;25.3;63.4;;;
48.862003;2.330872;34.09;62.5;0;127;495;25.32;63.38;;;
48.862161;2.331;34.04;61.6;0;127;495;25.34;63.36;;;
48.862328;2.331106;33.99;67.5;0;127;495;25.36;63.34;;;
48.862492;2.331222;33.94;65.6;0;127;495;25.38;63.32;;;
48.862656;2.331333;33.88;66.7;0;127;495;25.4;63.3;;;
48.862819;2.331444;33.83;66.4;0;127;495;25.42;63.28;;;
48.862981;2.331558;33.78;64.8;0;127;495;25.44;63.26;;;
48.863144;2.331675;33.73;64.5;0;127;495;25.46;63.24;;;
48.863306;2.331792;33.68;64.4;0;127;495;25.48;63.22;;;
48.863469;2.331908;33.73;65.7;0;127;495;25.5;63.2;;;
48.863633;2.332022;33.63;64.5;0;127;495;25.52;63.18;;;
48.863767;2.332017;33.74;128.5;0;127;495;25.54;63.16;;;
48.863842;2.331769;33.64;154.3;0;127;495;25.56;63.14;;;
48.863922;2.331525;33.57;154.1;0;127;495;25.58;63.12;;;
48.864003;2.331281;33.59;154.1;0;127;495;25.6;63.1;;;
48.864083;2.331036;33.6;154.1;0;127;495;25.62;63.08;;;
48.864161;2.330792;33.54;154.1;0;127;495;25.64;63.06;;;
48.864242;2.330547;33.53;152.4;0;127;495;25.66;63.04;;;
48.864319;2.330303;33.62;154.7;0;127;495;25.68;63.02;;;
48.864397;2.330058;33.61;153.7;0;127;495;25.7;63;;;
48.864481;2.329814;33.56;152.4;0;127;495;25.72;62.98;;;
48.864561;2.329572;33.52;152;0;127;495;25.74;62.96;;;
48.864644;2.329328;33.5;152.9;0;127;495;25.76;62.94;;;
48.864725;2.329086;33.4;152.4;0;127;495;25.78;62.92;;;
48.864806;2.328842;33.33;152.4;0;127;495;25.8;62.9;;;
48.864886;2.328597;33.31;152.4;0;127;495;25.82;62.88;;;
48.864964;2.328353;33.37;154.1;0;127;495;25.84;62.86;;;
48.865042;2.328108;33.32;154.3;0;127;495;25.86;62.84;;;
48.865122;2.327861;33.29;154.6;0;127;495;25.88;62.82;;;
48.8652;2.327617;33.27;154.1;0;127;495;25.9;62.8;;;
48.865281;2.327372;33.34;154.1;0;127;495;25.92;62.78;;;
48.865358;2.327128;33.27;154.1;0;127;495;25.94;62.76;;;
48.865439;2.326883;33.19;154.3;0;127;495;25.96;62.74;;;
48.865519;2.326639;33.21;152.9;0;127;495;25.98;62.72;;;
48.865597;2.326394;33.29;154.3;0;127;495;26;62.7;;;
48.865678;2.32615;33.37;154.1;0;127;495;26.02;62.68;;;
48.865756;2.325906;33.31;154.1;0;127;495;26.04;62.66;;;
48.865831;2.325658;33.32;155.4;0;127;495;26.06;62.64;;;
48.865906;2.325411;33.32;155.2;0;127;495;26.08;62.62;;;
48.865983;2.325164;33.35;154.1;0;127;495;26.1;62.6;;;
48.866061;2.324917;33.25;152.4;0;127;495;26.12;62.58;;;
48.866142;2.324675;33.25;152.4;0;127;495;26.14;62.56;;;
48.866222;2.324431;33.26;154.1;0;127;495;26.16;62.54;;;
48.866303;2.324189;33.23;153.5;0;127;495;26.18;62.52;;;
48.866356;2.323928;33.06;165.3;0;127;495;26.2;62.5;;;
48.866364;2.323658;32.83;-178.1;0;127;495;26.22;62.48;;;
48.866344;2.323389;32.76;-174.1;0;127;495;26.24;62.46;;;
48.866406;2.323133;32.84;159.8;0;127;495;26.26;62.44;;;
48.866469;2.322878;32.84;158.6;0;127;495;26.28;62.42;;;
48.866533;2.322622;32.91;158.6;0;127;495;26.3;62.4;;;
48.866597;2.322367;33.01;158.4;0;127;495;26.32;62.38;;;
48.866661;2.322114;33.03;160.4;0;128;494;26.34;62.36;;;
48.866603;2.321928;33.04;-118.4;0;128;494;26.36;62.34;;;
48.866467;2.321756;32.84;-140;0;128;494;26.38;62.32;;;
48.866356;2.321542;32.65;-141.5;0;128;494;26.4;62.3;;;
48.866264;2.321308;32.7;-152.6;0;128;494;26.42;62.28;;;
48.866147;2.321117;32.71;-121.2;0;128;494;26.44;62.26;;;
48.865992;2.320981;32.7;-119.4;0;128;494;26.46;62.24;;;
48.865836;2.320842;32.66;-120.2;0;128;494;26.48;62.22;;;
48.865678;2.320711;32.61;-117.8;0;128;494;26.5;62.2;;;
48.865683;2.320497;32.45;154.6;0;128;494;26.52;62.18;;;
48.865758;2.320253;32.5;154.1;0;128;494;26.54;62.16;;;
48.865836;2.320006;32.6;154.1;0;128;494;26.56;62.14;;;
48.865914;2.319758;32.62;152.6;0;128;494;26.58;62.12;;;
48.865992;2.319514;32.63;154.1;0;128;494;26.6;62.1;;;
48.866072;2.319269;32.64;153.1;0;128;494;26.62;62.08;;;
48.866153;2.319028;32.63;154.1;0;128;494;26.64;62.06;;;
48.866233;2.318783;32.62;154.3;0;128;494;26.66;62.04;;;
48.866311;2.318536;32.62;154.6;0;128;494;26.68;62.02;;;
48.866389;2.318292;32.61;154.1;0;128;494;26.7;62;;;
48.866469;2.318047;32.61;152.9;0;128;494;26.72;61.98;;;
48.866547;2.317803;32.61;154.1;0;128;494;26.74;61.96;;;
48.866625;2.317556;32.62;154.1;0;128;494;26.76;61.94;;;
48.866703;2.317308;32.65;154.6;0;128;494;26.78;61.92;;;
48.866778;2.317061;32.7;154.6;0;128;494;26.8;61.9;;;
48.866853;2.316814;32.64;154.6;0;128;494;26.82;61.88;;;
48.866931;2.316569;32.61;154.3;0;128;494;26.84;61.86;;;
48.867008;2.316322;32.65;154.6;0;128;494;26.86;61.84;;;
48.867083;2.316075;32.71;154.6;0;128;494;26.88;61.82;;;
48.867158;2.315828;32.66;154.1;0;128;494;26.9;61.8;;;
48.867236;2.315581;32.58;154.6;0;128;494;26.92;61.78;;;
48.867311;2.315333;32.61;154.6;0;128;494;26.94;61.76;;;
48.867389;2.315089;32.71;154.1;0;128;494;26.96;61.74;;;
48.867467;2.314844;32.72;154.3;0;128;494;26.98;61.72;;;
48.867542;2.314594;32.74;156.4;0;128;494;27;61.7;;;
48.867619;2.31435;32.75;154.7;0;128;494;27.02;61.68;;;
48.8677;2.314106;32.89;151.8;0;128;494;27.04;61.66;;;
48.867781;2.313861;32.84;154.1;0;128;494;27.06;61.64;;;
48.867861;2.313617;32.72;152.4;0;128;494;27.08;61.62;;;
48.867942;2.313375;32.6;152.4;0;128;494;27.1;61.6;;;
48.868019;2.313128;32.58;155.2;0;128;494;27.12;61.58;;;
48.868097;2.312883;32.58;154.3;0;128;494;27.14;61.56;;;
48.868175;2.312636;32.54;154.6;0;128;494;27.16;61.54;;;
48.868253;2.312392;32.53;154.1;0;128;494;27.18;61.52;;;
48.868328;2.312142;32.57;156.4;0;128;494;27.2;61.5;10;;
48.868406;2.311897;32.59;154.1;0;129;493;27.22;61.48;;;
48.868483;2.31165;32.57;154.6;0;129;493;27.24;61.46;;;
48.868558;2.311403;32.56;154.6;0;129;493;27.26;61.44;;;
48.868633;2.311156;32.66;154.6;0;129;493;27.28;61.42;;;
48.868717;2.310914;32.75;154.1;1;129;493;27.3;61.4;;;
48.868794;2.310667;32.89;155.2;1;129;493;27.32;61.38;;;
48.868869;2.310422;33.07;154.7;1;130;492;27.34;61.36;;;
48.868953;2.310181;33.24;151.8;1;130;492;27.36;61.34;;;
48.869039;2.309942;33.3;149.5;1;130;492;27.38;61.32;;;
48.869125;2.3097;33.43;152.4;1;130;492;27.4;61.3;;;
48.8692;2.309453;33.58;154.6;1;130;492;27.42;61.28;;;
48.869275;2.309206;33.73;154.1;1;131;491;27.44;61.26;;;
48.869353;2.308958;33.96;154.6;1;131;491;27.46;61.24;;;
48.869431;2.308714;34.21;154.1;1;131;491;27.48;61.22;;;
48.869508;2.308467;34.44;152.9;1;132;490;27.5;61.2;;;
48.869586;2.308222;34.67;154.1;1;132;490;27.52;61.18;;;
48.869667;2.307978;34.96;154.1;1;132;490;27.54;61.16;;;
48.869747;2.307736;35.15;154.1;1;132;490;27.56;61.14;;;
48.869828;2.307489;35.41;152.9;1;133;489;27.58;61.12;;;
48.869906;2.307244;35.75;154.3;1;133;489;27.6;61.1;;;
48.869983;2.307;36.02;154.1;1;133;489;27.62;61.08;;;
48.870061;2.306753;36.23;154.1;1;134;488;27.64;61.06;;;
48.870133;2.306503;36.49;156.4;1;134;488;27.66;61.04;;;
48.870208;2.306256;36.72;154.1;1;134;488;27.68;61.02;;;
48.870283;2.306008;37.02;154.3;2;135;487;27.7;61;;;
48.870358;2.305761;37.27;155.8;2;135;487;27.72;60.98;;;
48.870436;2.305514;37.64;154.6;2;136;486;27.74;60.96;;;
48.870511;2.305267;38.06;154.6;2;136;486;27.76;60.94;;;
48.870589;2.305019;38.45;154.6;2;137;485;27.78;60.92;;;
48.870664;2.304772;38.78;152.4;2;137;485;27.8;60.9;;;
48.870742;2.304528;39.14;154.1;2;137;485;27.82;60.88;;;
48.870817;2.304281;39.58;156.4;2;138;484;27.84;60.86;;;
48.870897;2.304036;40.02;154.1;2;138;484;27.86;60.84;;;
48.870978;2.303792;40.42;154.1;2;139;483;27.88;60.82;;;
48.87105;2.303544;40.89;156.4;2;139;483;27.9;60.8;11;sprint;
48.871128;2.303297;41.29;154.1;2;140;482;27.92;60.78;;;
48.871208;2.303053;41.73;154.1;2;141;481;27.94;60.76;;;
48.871286;2.302808;42.22;154.3;2;141;481;27.96;60.74;;;
48.871367;2.302564;42.75;152.4;2;142;480;27.98;60.72;;;
48.871442;2.302317;43.28;156.4;3;142;480;28;60.7;;;
48.871519;2.302072;43.69;154.7;3;143;479;28.02;60.68;;;
48.8716;2.301828;44.27;154.1;3;143;479;28.04;60.66;;;
48.871683;2.301583;44.85;153.1;3;144;478;28.06;60.64;;;
48.871764;2.301342;45.36;151.8;3;144;478;28.08;60.62;;;
48.871844;2.301097;45.92;152.9;3;145;477;28.1;60.6;;;
48.871928;2.300856;46.48;152.4;3;145;477;28.12;60.58;;;
48.872008;2.300611;46.92;152.9;3;146;476;28.14;60.56;;;
48.872089;2.300367;47.51;154.6;3;147;475;28.16;60.54;;;
48.872161;2.300119;48.01;156.4;3;147;475;28.18;60.52;;;
48.872239;2.299872;48.62;152.4;3;148;474;28.2;60.5;;;
48.872322;2.299631;49.14;152.9;3;148;474;28.22;60.48;;;
48.872406;2.299389;49.69;152.4;3;149;473;28.24;60.46;;;
48.872489;2.299147;50.17;152.4;3;149;473;28.26;60.44;;;
48.872567;2.298903;50.75;154.1;3;150;472;28.28;60.42;;;
48.872639;2.298653;51.35;156.4;3;151;471;28.3;60.4;;;
48.872719;2.298408;51.91;153.1;3;151;471;28.32;60.38;;;
48.872797;2.298164;52.45;154.1;3;151;471;28.34;60.36;;;
48.872875;2.297917;53.06;154.1;3;152;470;28.36;60.34;;;
48.872956;2.297672;53.7;152.4;3;152;470;28.38;60.32;;;
48.873033;2.297428;54.32;154.1;3;152;470;28.4;60.3;;;
48.873111;2.297183;54.85;154.3;3;153;469;28.42;60.28;;;
48.873189;2.296936;55.28;156.4;3;153;469;28.44;60.26;;;
48.873261;2.296686;55.81;156.4;3;153;469;28.46;60.24;;;
48.873333;2.296436;56.33;154.6;2;153;469;28.48;60.22;;;
48.873408;2.296189;56.72;154.1;2;153;469;28.5;60.2;;;
48.873483;2.295942;57.32;154.1;1;153;469;28.52;60.18;;;
48.873608;2.295864;57.6;72.2;1;153;469;28.54;60.16;;;
48.873781;2.295931;57.49;79.5;1;153;469;28.56;60.14;;;
48.873958;2.295936;57.46;94.6;1;153;469;28.58;60.12;;;
48.874128;2.295847;57.36;115.6;0;153;469;28.6;60.1;;;
48.874264;2.295672;57.3;139.4;0;153;469;28.62;60.08;;;
48.874353;2.295439;57.35;151.8;0;153;469;28.64;60.06;;;
48.874411;2.295181;57.27;163.7;0;153;469;28.66;60.04;;;
48.874419;2.294911;57.3;-174.3;0;153;469;28.68;60.02;;;
48.874375;2.294647;57.31;-164.2;0;153;469;28.7;60;;;
48.874281;2.294417;57.32;-146.3;0;153;469;28.72;59.98;;;
48.874158;2.294219;57.44;-131.1;0;153;469;28.74;59.96;;;
48.874;2.294097;57.49;-109;0;153;469;28.76;59.94;;;
48.873825;2.294042;57.43;-95.9;0;153;469;28.78;59.92;;;
48.873653;2.2941;57.46;-72.8;0;153;469;28.8;59.9;;;
48.873483;2.294197;57.5;-67.5;0;153;469;28.82;59.88;;;
48.873356;2.294383;57.59;-42.8;0;153;469;28.84;59.86;;;
48.873261;2.294611;57.72;-28.2;0;153;469;28.86;59.84;;;
48.873208;2.294872;57.72;-16.3;0;153;469;28.88;59.82;;;
48.873181;2.295142;57.61;-8.4;-1;153;469;28.9;59.8;;;
48.873242;2.295397;57.67;22.5;-1;153;469;28.92;59.78;;;
48.873347;2.295614;57.62;43.7;-1;153;469;28.94;59.76;;;
48.873486;2.295783;57.59;54.9;-1;153;469;28.96;59.74;;;
48.873461;2.296011;57.23;-25.9;-2;153;469;28.98;59.72;;;
48.873386;2.296261;56.66;-25.4;-2;153;469;29;59.7;;;
48.873311;2.296508;56.13;-23.6;-3;153;469;29.02;59.68;;;
48.873239;2.296758;55.66;-23.6;-3;153;469;29.04;59.66;;;
48.873167;2.297008;55.16;-23.6;-3;153;469;29.06;59.64;;;
48.873089;2.297253;54.73;-27.6;-3;153;469;29.08;59.62;;;
48.873011;2.297497;54.09;-25.9;-3;153;469;29.1;59.6;;;
48.872931;2.297742;53.47;-26.9;-3;153;469;29.12;59.58;;;
48.872853;2.297989;52.87;-25.9;-3;153;469;29.14;59.56;;;
48.872775;2.298233;52.36;-25.9;-3;153;469;29.16;59.54;;;
48.872694;2.298478;51.75;-27.6;-3;153;469;29.18;59.52;;;
48.872619;2.298725;51.13;-24.2;-3;153;469;29.2;59.5;;;
48.872544;2.298972;50.61;-24.8;-3;153;469;29.22;59.48;;;
48.872464;2.299217;50.02;-27.4;-3;153;469;29.24;59.46;;;
48.872381;2.299458;49.54;-27.6;-3;153;469;29.26;59.44;;;
48.872297;2.2997;49.05;-28.2;-3;153;469;29.28;59.42;;;
48.872217;2.299944;48.46;-27.1;-3;153;469;29.3;59.4;;;
48.872142;2.300192;47.9;-23.6;-3;153;469;29.32;59.38;;;
48.872067;2.300439;47.3;-23.6;-3;153;469;29.34;59.36;;;
48.871983;2.300681;46.77;-28;-3;153;469;29.36;59.34;;;
48.871903;2.300925;46.27;-27.1;-3;153;469;29.38;59.32;;;
48.871822;2.301167;45.7;-26.3;-3;153;469;29.4;59.3;;;
48.871739;2.301411;45.28;-27.6;-3;153;469;29.42;59.28;;;
48.871658;2.301653;44.7;-28;-3;153;469;29.44;59.26;;;
48.871578;2.301897;44.13;-27.1;-3;153;469;29.46;59.24;;;
48.871497;2.302142;43.63;-27.4;-3;153;469;29.48;59.22;;;
48.871422;2.302389;43.07;-23.6;-2;153;469;29.5;59.2;;;
48.871342;2.302633;42.53;-27.1;-2;153;469;29.52;59.18;;;
48.871264;2.302878;42.07;-25.9;-2;153;469;29.54;59.16;;;
48.871186;2.303122;41.68;-25.9;-2;153;469;29.56;59.14;;;
48.871106;2.303369;41.2;-27.1;-2;153;469;29.58;59.12;;;
48.871031;2.303617;40.7;-23.6;-2;153;469;29.6;59.1;;;
48.870956;2.303864;40.29;-24.8;-2;153;469;29.62;59.08;;;
48.870875;2.304106;39.85;-26.3;-2;153;469;29.64;59.06;;;
48.870797;2.304353;39.48;-23.6;-2;153;469;29.66;59.04;;;
48.870719;2.3046;39.05;-25.4;-2;153;469;29.68;59.02;;;
48.870639;2.304842;38.68;-27.4;-2;153;469;29.7;59;;;
48.870567;2.305092;38.31;-23.6;-2;153;469;29.72;58.98;;;
48.870489;2.305339;37.89;-25.4;-2;153;469;29.74;58.96;;;
48.870414;2.305586;37.53;-23.6;-2;153;469;29.76;58.94;;;
48.870336;2.305833;37.23;-25.4;-2;153;469;29.78;58.92;;;
48.870261;2.306081;36.9;-25.4;-1;153;469;29.8;58.9;;;
48.870186;2.306328;36.66;-23.6;-1;153;469;29.82;58.88;;;
48.870114;2.306575;36.4;-21.9;-1;153;469;29.84;58.86;;;
48.870039;2.306825;36.2;-23.6;-1;153;469;29.86;58.84;;;
48.869961;2.307069;35.95;-25.9;-1;153;469;29.88;58.82;;;
48.869883;2.307317;35.63;-25.7;-1;153;469;29.9;58.8;;;
48.869803;2.307561;35.31;-27.1;-1;153;469;29.92;58.78;;;
48.869725;2.307806;35.11;-25.7;-1;153;469;29.94;58.76;;;
48.869644;2.30805;34.88;-25.9;-1;153;469;29.96;58.74;;;
48.869564;2.308294;34.61;-27.6;-1;153;469;29.98;58.72;;;
48.869483;2.308536;34.38;-28.2;-1;153;469;30;58.7;;;
48.869408;2.308783;34.12;-24.2;-1;153;469;30.02;58.68;;;
48.869331;2.309031;33.86;-25.2;-1;153;469;30.04;58.66;;;
48.869253;2.309278;33.67;-25.4;-1;153;469;30.06;58.64;;;
48.869178;2.309525;33.55;-25.4;-1;153;469;30.08;58.62;;;
48.869103;2.309772;33.41;-25.4;-1;153;469;30.1;58.6;;;
48.869014;2.310008;33.31;-29.3;-1;153;469;30.12;58.58;;;
48.868928;2.31025;33.18;-27.1;-1;153;469;30.14;58.56;;;
48.868847;2.310492;32.96;-25.7;-1;153;469;30.16;58.54;;;
48.868772;2.310739;32.83;-24.2;-1;153;469;30.18;58.52;;;
48.868694;2.310986;32.74;-25.9;0;153;469;30.2;58.5;;;
48.868611;2.311228;32.66;-27.6;0;153;469;30.22;58.48;;;
48.868536;2.311475;32.57;-23.6;0;153;469;30.24;58.46;;;
48.868461;2.311722;32.57;-25.9;0;153;469;30.26;58.44;;;
48.868383;2.311967;32.58;-25.7;0;153;469;30.28;58.42;;;
48.868306;2.312214;32.55;-23.6;0;153;469;30.3;58.4;;;
48.868231;2.312461;32.54;-25.3;0;153;469;30.32;58.38;;;
48.868153;2.312708;32.56;-25.4;0;154;468;30.34;58.36;;;
48.868075;2.312953;32.58;-25.9;0;154;468;30.36;58.34;;;
48.867997;2.3132;32.59;-25.9;0;154;468;30.38;58.32;;;
48.867919;2.313444;32.59;-25.9;0;154;468;30.4;58.3;;;
48.867836;2.313689;32.73;-27.6;0;154;468;30.42;58.28;;;
48.867758;2.313931;32.8;-25.7;0;154;468;30.44;58.26;;;
48.867675;2.314175;32.82;-29.3;0;154;468;30.46;58.24;;;
48.867597;2.314419;32.81;-25.9;0;154;468;30.48;58.22;;;
48.867519;2.314667;32.75;-25.4;0;154;468;30.5;58.2;;;
48.867444;2.314914;32.73;-25.9;0;154;468;30.52;58.18;;;
48.867367;2.315158;32.68;-25.9;0;154;468;30.54;58.16;;;
48.867289;2.315406;32.61;-25.4;0;154;468;30.56;58.14;;;
48.867214;2.315653;32.61;-23.6;0;154;468;30.58;58.12;;;
48.867136;2.3159;32.69;-25.4;0;154;468;30.6;58.1;;;
48.867061;2.316147;32.71;-23.6;0;154;468;30.62;58.08;;;
48.866986;2.316394;32.66;-25.4;0;154;468;30.64;58.06;;;
48.866908;2.316639;32.63;-25.9;0;154;468;30.66;58.04;;;
48.866831;2.316886;32.67;-24.8;0;154;468;30.68;58.02;;;
48.866756;2.317133;32.69;-24.8;0;154;468;30.7;58;;;
48.866681;2.317381;32.64;-23.6;0;154;468;30.72;57.98;;;
48.866603;2.317628;32.61;-25.4;0;154;468;30.74;57.96;;;
48.866525;2.317872;32.61;-25.9;0;154;468;30.76;57.94;;;
48.866444;2.318117;32.62;-27.4;0;154;468;30.78;57.92;;;
48.866367;2.318361;32.6;-25.9;0;154;468;30.8;57.9;;;
48.866289;2.318608;32.62;-25.9;0;154;468;30.82;57.88;;;
48.866211;2.318853;32.62;-25.9;0;154;468;30.84;57.86;;;
48.866131;2.319097;32.65;-27.1;0;154;468;30.86;57.84;;;
48.866047;2.319339;32.64;-28;0;154;468;30.88;57.82;;;
48.865969;2.319586;32.63;-25.4;0;154;468;30.9;57.8;;;
48.865889;2.319831;32.62;-27.4;0;154;468;30.92;57.78;;;
48.865814;2.320075;32.57;-24.2;0;154;468;30.94;57.76;;;
48.865736;2.320322;32.47;-25.9;0;154;468;30.96;57.74;;;
48.865661;2.320569;32.54;-25.9;0;154;468;30.98;57.72;;;
48.865536;2.320597;32.58;-117.2;0;155;467;31;57.7;;;
48.865375;2.320472;32.63;-116.4;0;155;467;31.02;57.68;;;
48.865214;2.320347;32.63;-116.6;0;156;466;31.04;57.66;;;
48.865044;2.320272;32.69;-100.7;0;156;466;31.06;57.64;;;
48.864867;2.320281;32.92;-77.1;1;156;466;31.08;57.62;;;
48.864689;2.320289;33.13;-90;1;156;466;31.1;57.6;;;
48.864508;2.3203;33.59;-86.7;2;156;466;31.12;57.58;;;
48.864336;2.320281;34.09;-104.7;2;156;466;31.14;57.56;;;
48.864172;2.320164;34.6;-114.4;1;156;466;31.16;57.54;;;
48.86405;2.320217;34.81;-29.3;0;156;466;31.18;57.52;;;
48.863969;2.320461;33.95;-27.6;0;156;466;31.2;57.5;;;
48.863889;2.320703;33.71;-28;-1;156;466;31.22;57.48;;;
48.863806;2.320947;33.56;-27.1;-2;156;466;31.24;57.46;;;
48.863725;2.321189;33.19;-27.6;-2;156;466;31.26;57.44;;;
48.863642;2.321431;32.97;-27.4;-2;156;466;31.28;57.42;;;
48.863564;2.321678;32.71;-25.4;-1;156;466;31.3;57.4;;;
48.863486;2.321922;32.48;-25.9;-1;156;466;31.32;57.38;;;
48.863408;2.322167;32.25;-25.7;-1;156;466;31.34;57.36;;;
48.863331;2.322414;32.23;-25.3;-1;156;466;31.36;57.34;;;
48.863253;2.322658;32.28;-25.9;-1;156;466;31.38;57.32;;;
48.863175;2.322906;32.34;-25.7;0;156;466;31.4;57.3;;;
48.863097;2.323153;32.44;-25.4;0;156;466;31.42;57.28;;;
48.863019;2.323397;32.5;-25.9;0;157;465;31.44;57.26;;;
48.862944;2.323644;32.63;-25.9;0;157;465;31.46;57.24;;;
48.862867;2.323892;32.74;-25.4;0;157;465;31.48;57.22;;;
48.862789;2.324136;32.84;-25.9;0;157;465;31.5;57.2;;;
48.862708;2.324381;32.93;-27.4;0;157;465;31.52;57.18;;;
48.862631;2.324625;32.93;-25.3;0;157;465;31.54;57.16;;;
48.862553;2.324872;33.14;-25.4;0;157;465;31.56;57.14;;;
48.862475;2.325117;33.28;-25.7;0;157;465;31.58;57.12;;;
48.862394;2.325361;33.21;-24.2;0;157;465;31.6;57.1;;;
48.862317;2.325608;33.28;-25.4;0;157;465;31.62;57.08;;;
48.862242;2.325853;33.39;-25.9;0;157;465;31.64;57.06;;;
48.862158;2.326097;33.41;-27.6;0;157;465;31.66;57.04;;;
48.862075;2.326339;33.49;-27.6;0;157;465;31.68;57.02;;;
48.861994;2.326581;33.56;-25.7;0;158;464;31.7;57;;;
48.861917;2.326828;33.74;-25.9;0;158;464;31.72;56.98;;;
48.861842;2.327075;33.81;-23.6;0;158;464;31.74;56.96;;;
48.861764;2.327319;33.87;-25.9;0;158;464;31.76;56.94;;;
48.861686;2.327567;33.94;-25.4;0;158;464;31.78;56.92;;;
48.861606;2.327811;33.97;-27.1;1;158;464;31.8;56.9;;;
48.861525;2.328053;34.07;-28;1;158;464;31.82;56.88;;;
48.861444;2.328297;34.07;-27.6;1;158;464;31.84;56.86;;;
48.861364;2.328542;34.33;-25.7;1;158;464;31.86;56.84;;;
48.861283;2.328783;34.44;-25.9;0;158;464;31.88;56.82;;;
48.8612;2.329028;34.68;-27.6;0;158;464;31.9;56.8;;;
48.861122;2.329272;34.74;-25.9;-1;158;464;31.92;56.78;;;
48.861044;2.329517;34.85;-25.7;-1;158;464;31.94;56.76;;;
48.860964;2.329761;34.39;-25.9;-1;159;463;31.96;56.74;;;
48.860886;2.330008;33.94;-25.4;0;161;461;31.98;56.72;;;
48.860939;2.330069;33.48;109.6;0;162;460;32;56.7;;;
48.861264;2.3303;33.6;63.6;1;162;460;32.04;56.66;;;
48.861425;2.330422;32.11;63.6;1;162;460;32.06;56.64;;;
48.861586;2.330542;30.11;63.4;1;162;460;32.08;56.62;;;
48.861747;2.330667;35.14;62.2;1;162;460;32.1;56.6;;;
48.862064;2.330922;35.2;62.5;1;162;460;32.14;56.56;;;
48.862389;2.331153;35.21;64.4;0;163;459;32.18;56.52;;;
48.862717;2.331375;35.18;65.5;-1;164;458;32.22;56.48;;;
48.862881;2.331489;35.08;64.8;-2;164;458;32.24;56.46;;;
48.863044;2.331603;30.32;64.1;-2;164;458;32.26;56.44;;;
48.863206;2.331722;32.34;64.8;-1;164;458;32.28;56.42;;;
48.863533;2.33195;33.73;66.1;0;164;458;32.32;56.38;;;
48.863794;2.331919;33.68;156.4;0;164;458;32.36;56.34;;;
48.863953;2.331431;33.59;154.1;0;164;458;32.4;56.3;;;
48.864033;2.331186;33.61;154.1;0;164;458;32.42;56.28;;;
48.864114;2.330942;33.57;152.4;0;164;458;32.44;56.26;;;
48.864192;2.330697;33.49;154.1;0;164;458;32.46;56.24;;;
48.86435;2.330208;33.61;154.3;0;164;458;32.5;56.2;;;
48.864511;2.329719;33.55;152.6;0;164;458;32.54;56.16;;;
48.864594;2.329478;33.52;152.9;0;164;458;32.56;56.14;;;
48.864675;2.329236;33.46;152;0;164;458;32.58;56.12;;;
48.864756;2.328992;33.35;152.4;0;164;458;32.6;56.1;;;
48.864917;2.328503;33.29;152.4;0;164;458;32.64;56.06;;;
48.865072;2.328014;33.34;154.1;0;164;458;32.68;56.02;;;
48.865231;2.327522;33.27;154.6;0;164;458;32.72;55.98;;;
48.865311;2.327278;33.35;152.4;0;164;458;32.74;55.96;;;
48.865389;2.327033;33.23;154.3;0;164;458;32.76;55.94;;;
48.865469;2.326789;33.21;154.7;0;164;458;32.78;55.92;;;
48.865628;2.3263;33.33;154.1;0;164;458;32.82;55.88;;;
48.865783;2.325808;33.31;156.4;0;164;458;32.86;55.84;;;
48.865936;2.325314;33.37;154.6;0;164;458;32.9;55.8;;;
48.866011;2.325067;33.28;154.6;0;164;458;32.92;55.78;;;
48.866092;2.324825;33.23;153.5;0;164;458;32.94;55.76;;;
48.866172;2.324581;33.23;154.1;0;164;458;32.96;55.74;;;
48.866328;2.324089;33.17;158;0;164;458;33;55.7;;;
48.866356;2.323553;32.8;-173;0;164;458;33.04;55.66;;;
48.866369;2.323289;32.83;162.5;0;164;458;33.06;55.64;;;
48.866431;2.323033;32.84;159.8;0;164;458;33.08;55.62;;;
48.866494;2.322778;32.89;158.6;0;164;458;33.1;55.6;;;
48.866622;2.322269;33.02;158.6;0;164;458;33.14;55.56;;;
48.866542;2.321878;32.92;-119.4;0;164;458;33.18;55.52;;;
48.866317;2.321456;32.66;-144.5;0;164;458;33.22;55.48;;;
48.866231;2.321214;32.73;-152.9;0;164;458;33.24;55.46;;;
48.866086;2.321064;32.71;-119.5;0;164;458;33.26;55.44;;;
48.865931;2.320928;32.7;-119.4;0;164;458;33.28;55.42;;;
48.865636;2.32065;32.59;-129;0;164;458;33.32;55.38;;;
48.865789;2.320156;32.55;154.6;0;164;458;33.36;55.34;;;
48.865944;2.319667;32.6;154.1;0;164;458;33.4;55.3;;;
48.866022;2.319419;32.63;154.3;0;164;458;33.42;55.28;;;
48.866103;2.319178;32.65;151.8;0;164;458;33.44;55.26;;;
48.866183;2.318933;32.64;154.3;0;164;458;33.46;55.24;;;
48.866342;2.318442;32.61;154.6;0;164;458;33.5;55.2;;;
48.866497;2.317953;32.6;154.1;0;164;458;33.54;55.16;;;
48.866578;2.317708;32.61;154.3;0;164;458;33.56;55.14;;;
48.866656;2.317461;32.64;154.1;0;164;458;33.58;55.12;;;
48.866731;2.317214;32.68;154.6;0;164;458;33.6;55.1;;;
48.866883;2.316719;32.64;154.6;0;164;458;33.64;55.06;;;
48.867036;2.316228;32.69;156.4;0;164;458;33.68;55.02;;;
48.867189;2.315733;32.63;154.3;0;165;457;33.72;54.98;;;
48.867264;2.315486;32.58;154.1;0;165;457;33.74;54.96;;;
48.867342;2.315239;32.66;154.6;0;165;457;33.76;54.94;;;
48.867419;2.314994;32.73;154.8;0;165;457;33.78;54.92;;;
48.867572;2.3145;32.82;154.1;0;165;457;33.82;54.88;;;
48.867733;2.314011;32.85;152.9;0;165;457;33.86;54.84;;;
48.867892;2.313525;32.65;153.5;0;165;457;33.9;54.8;;;
48.867972;2.313281;32.6;154.1;0;165;457;33.92;54.78;;;
48.86805;2.313033;32.58;154.6;0;165;457;33.94;54.76;;;
48.868128;2.312789;32.55;154.1;0;165;457;33.96;54.74;;;
48.868283;2.312294;32.53;154.6;0;165;457;34;54.7;12;;
48.868433;2.311803;32.57;154.1;0;165;457;34.04;54.66;;;
48.868511;2.311556;32.57;156.4;0;165;457;34.06;54.64;;;
48.868586;2.311308;32.62;156;0;165;457;34.08;54.62;;;
48.868667;2.311064;32.7;152.4;1;166;456;34.1;54.6;;;
48.868822;2.310572;32.95;154.6;1;166;456;34.14;54.56;;;
48.868986;2.310086;33.29;152.4;1;166;456;34.18;54.52;;;
48.869153;2.309606;33.49;156.4;1;167;455;34.22;54.48;;;
48.869228;2.309358;33.66;156;1;167;455;34.24;54.46;;;
48.869306;2.309111;33.79;154.1;1;167;455;34.26;54.44;;;
48.869383;2.308864;34.05;154.6;1;168;454;34.28;54.42;;;
48.869539;2.308372;34.54;152.4;1;168;454;34.32;54.38;;;
48.869697;2.307886;35.03;154.1;1;169;453;34.36;54.34;;;
48.869858;2.307397;35.51;152.9;1;169;453;34.4;54.3;;;
48.869936;2.30715;35.85;154.6;1;170;452;34.42;54.28;;;
48.870014;2.306906;36.1;154.1;1;170;452;34.44;54.26;;;
48.870089;2.306658;36.3;154.3;1;171;451;34.46;54.24;;;
48.870236;2.306161;36.81;155.8;2;171;451;34.5;54.2;;;
48.870389;2.305667;37.45;154.1;2;172;450;34.54;54.16;;;
48.870464;2.305419;37.8;154.3;2;172;450;34.56;54.14;;;
48.870542;2.305172;38.22;154.1;2;173;449;34.58;54.12;;;
48.870614;2.304925;38.52;158.1;2;173;449;34.6;54.1;;;
48.870772;2.304433;39.32;154.3;2;174;448;34.64;54.06;;;
48.870928;2.303942;40.18;154.1;2;175;447;34.68;54.02;;;
48.871081;2.303447;41.02;154.6;2;176;446;34.72;53.98;;;
48.871158;2.303203;41.49;154.1;2;177;445;34.74;53.96;;;
48.871239;2.302958;41.97;154.3;2;177;445;34.76;53.94;;;
48.871317;2.302714;42.39;154.1;2;178;444;34.78;53.92;;;
48.871472;2.302222;43.41;154.1;3;179;443;34.82;53.88;;;
48.871633;2.301733;44.48;153.1;3;180;442;34.86;53.84;;;
48.871794;2.301247;45.63;152.9;3;181;441;34.9;53.8;;;
48.871878;2.301006;46.12;151.8;3;182;440;34.92;53.78;;;
48.871958;2.300761;46.65;154.1;3;182;440;34.94;53.76;;;
48.872039;2.300519;47.22;152;3;183;439;34.96;53.74;;;
48.872189;2.300022;48.22;156.4;3;184;438;35;53.7;;;
48.872353;2.299539;49.34;153.5;3;185;437;35.04;53.66;;;
48.872439;2.299297;49.89;150.3;3;186;436;35.06;53.64;;;
48.872519;2.299053;50.46;152.9;3;186;436;35.08;53.62;;;
48.872594;2.298806;50.9;156.4;3;187;435;35.1;53.6;;;
48.872747;2.298314;52.13;154.1;3;188;434;35.14;53.56;;;
48.872906;2.297822;53.29;154.1;3;189;433;35.18;53.52;;;
48.873064;2.297333;54.49;154.3;3;190;432;35.22;53.48;;;
48.873144;2.297089;54.98;152.9;3;190;432;35.24;53.46;;;
48.873217;2.296839;55.46;156.4;3;190;432;35.26;53.44;;;
48.873286;2.296589;55.98;158.1;2;190;432;35.28;53.42;;;
48.873436;2.296094;57;156;1;190;432;35.32;53.38;;;
48.873672;2.295897;57.55;70.8;1;190;432;35.36;53.34;;;
48.874028;2.295914;57.44;101.7;0;190;432;35.4;53.3;;;
48.874186;2.295792;57.31;120.2;0;190;432;35.42;53.28;;;
48.8743;2.295586;57.29;145.6;0;190;432;35.44;53.26;;;
48.874378;2.295339;57.3;158;0;190;432;35.46;53.24;;;
48.874403;2.294811;57.25;-167.7;0;190;432;35.5;53.2;;;
48.874242;2.294331;57.32;-145.6;0;190;432;35.54;53.16;;;
48.874103;2.294156;57.42;-127.2;0;190;432;35.56;53.14;;;
48.873936;2.294064;57.41;-109.2;0;190;432;35.58;53.12;;;
48.873758;2.294053;57.43;-85.4;0;190;432;35.6;53.1;;;
48.873431;2.294258;57.59;-55.6;0;190;432;35.64;53.06;;;
48.873239;2.294711;57.76;-19.6;0;190;432;35.68;53.02;;;
48.873203;2.295242;57.66;13.1;0;190;432;35.72;52.98;;;
48.873275;2.295489;57.61;29.8;0;190;432;35.74;52.96;;;
48.8734;2.295683;57.58;49.7;-1;190;432;35.76;52.94;;;
48.873508;2.295861;57.51;32.2;-1;190;432;35.78;52.92;;;
48.873358;2.296356;56.46;-23.6;-2;190;432;35.82;52.88;;;
48.873211;2.296853;55.46;-23.6;-3;190;432;35.86;52.84;;;
48.873058;2.297347;54.42;-25.9;-3;190;432;35.9;52.8;;;
48.872981;2.297592;53.87;-25.2;-3;190;432;35.92;52.78;;;
48.8729;2.297836;53.29;-27.6;-3;190;432;35.94;52.76;;;
48.872822;2.298083;52.66;-25.9;-3;190;432;35.96;52.74;;;
48.872664;2.298572;51.53;-27.6;-3;190;432;36;52.7;;;
48.872514;2.299067;50.37;-25.7;-3;190;432;36.04;52.66;;;
48.872433;2.299311;49.89;-25.9;-3;190;432;36.06;52.64;;;
48.87235;2.299553;49.34;-27.6;-3;190;432;36.08;52.62;;;
48.872267;2.299794;48.76;-27.1;-3;190;432;36.1;52.6;;;
48.872111;2.300286;47.69;-25.4;-3;190;432;36.14;52.56;;;
48.871953;2.300775;46.65;-27.1;-3;190;432;36.18;52.52;;;
48.871789;2.301261;45.56;-27.6;-3;190;432;36.22;52.48;;;
48.871708;2.301506;45.07;-27.4;-3;190;432;36.24;52.46;;;
48.871628;2.301747;44.48;-25.9;-3;190;432;36.26;52.44;;;
48.871547;2.301992;43.9;-25.7;-3;190;432;36.28;52.42;;;
48.871392;2.302483;42.88;-25.4;-2;190;432;36.32;52.38;;;
48.871233;2.302972;41.91;-25.9;-2;190;432;36.36;52.34;;;
48.871075;2.303464;41.02;-27.6;-2;190;432;36.4;52.3;;;
48.871003;2.303711;40.52;-23.6;-2;190;432;36.42;52.28;;;
48.870925;2.303958;40.12;-25.9;-2;190;432;36.44;52.26;;;
48.870844;2.3042;39.74;-25.9;-2;190;432;36.46;52.24;;;
48.870689;2.304692;38.89;-28;-2;190;432;36.5;52.2;;;
48.870536;2.305186;38.22;-25.9;-2;190;432;36.54;52.16;;;
48.870461;2.305433;37.8;-23.6;-2;190;432;36.56;52.14;;;
48.870383;2.305681;37.41;-25.4;-2;190;432;36.58;52.12;;;
48.870308;2.305928;37.06;-25.4;-1;190;432;36.6;52.1;;;
48.870156;2.306422;36.58;-24.8;-1;190;432;36.64;52.06;;;
48.870008;2.306919;36.07;-25.4;-1;190;432;36.68;52.02;;;
48.869853;2.307411;35.51;-25.9;-1;190;432;36.72;51.98;;;
48.869772;2.307656;35.23;-27.4;-1;190;432;36.74;51.96;;;
48.869694;2.3079;35.03;-25.9;-1;190;432;36.76;51.94;;;
48.869614;2.308144;34.78;-25.9;-1;190;432;36.78;51.92;;;
48.869456;2.308633;34.25;-24.8;-1;190;432;36.82;51.88;;;
48.8693;2.309125;33.79;-25.9;-1;190;432;36.86;51.84;;;
48.86915;2.309619;33.47;-23.6;-1;190;432;36.9;51.8;;;
48.869069;2.309864;33.37;-28;-1;190;432;36.92;51.78;;;
48.868981;2.3101;33.28;-29.3;-1;190;432;36.94;51.76;;;
48.868897;2.310342;33.11;-28;-1;190;432;36.96;51.74;;;
48.868742;2.310833;32.81;-25.9;0;190;432;37;51.7;;;
48.868583;2.311322;32.62;-25.9;0;190;432;37.04;51.66;;;
48.868508;2.311569;32.57;-24.2;0;190;432;37.06;51.64;;;
48.868431;2.311817;32.58;-25.2;0;190;432;37.08;51.62;;;
48.868353;2.312061;32.57;-25.9;0;190;432;37.1;51.6;;;
48.8682;2.312556;32.54;-25.7;0;190;432;37.14;51.56;;;
48.868044;2.313047;32.56;-25.9;0;190;432;37.18;51.52;;;
48.867886;2.313539;32.65;-27.6;0;190;432;37.22;51.48;;;
48.867806;2.313781;32.77;-26.9;0;190;432;37.24;51.46;;;
48.867728;2.314025;32.85;-25.9;0;190;432;37.26;51.44;;;
48.867644;2.314267;32.83;-28;0;190;432;37.28;51.42;;;
48.867492;2.314761;32.7;-25.9;0;190;432;37.32;51.38;;;
48.867336;2.315253;32.65;-25.9;0;190;432;37.36;51.34;;;
48.867183;2.315747;32.63;-25.9;0;190;432;37.4;51.3;;;
48.867108;2.315994;32.7;-23.6;0;190;432;37.42;51.28;;;
48.867033;2.316242;32.69;-23.6;0;190;432;37.44;51.26;;;
48.866956;2.316489;32.63;-25.3;0;190;432;37.46;51.24;;;
48.866803;2.316981;32.67;-24;0;190;432;37.5;51.2;;;
48.86665;2.317475;32.63;-25.9;0;190;432;37.54;51.16;;;
48.866572;2.317722;32.61;-25.4;0;190;432;37.56;51.14;;;
48.866494;2.317967;32.6;-25.7;0;190;432;37.58;51.12;;;
48.866417;2.318211;32.61;-25.9;0;190;432;37.6;51.1;;;
48.866258;2.318703;32.62;-25.9;0;190;432;37.64;51.06;;;
48.8661;2.319192;32.65;-25.7;0;190;432;37.68;51.02;;;
48.865939;2.319681;32.6;-25.4;0;190;432;37.72;50.98;;;
48.865858;2.319925;32.62;-27.6;0;190;432;37.74;50.96;;;
48.865783;2.320169;32.55;-25.9;0;191;431;37.76;50.94;;;
48.865708;2.320417;32.43;-24;0;191;431;37.78;50.92;;;
48.865472;2.320547;32.57;-117.5;0;192;430;37.82;50.88;;;
48.865153;2.320306;32.65;-114.3;0;192;430;37.86;50.84;;;
48.8648;2.320289;32.98;-82.8;1;192;430;37.9;50.8;;;
48.864619;2.320289;33.2;-90;2;192;430;37.92;50.78;;;
48.864439;2.320311;33.86;-84.3;2;192;430;37.94;50.76;;;
48.864272;2.320236;34.22;-114.4;1;192;430;37.96;50.74;;;
48.864019;2.320311;34.58;-27.6;0;192;430;38;50.7;;;
48.863858;2.320797;33.77;-25.9;-2;192;430;38.04;50.66;;;
48.863775;2.321039;33.33;-28;-2;192;430;38.06;50.64;;;
48.863694;2.321283;33.12;-25.9;-2;192;430;38.08;50.62;;;
48.863611;2.321525;32.83;-27.6;-1;192;430;38.1;50.6;;;
48.863456;2.322017;32.47;-25.2;-1;192;430;38.14;50.56;;;
48.8633;2.322508;32.23;-25.9;-1;192;430;38.18;50.52;;;
48.863144;2.323;32.36;-25.9;0;193;429;38.22;50.48;;;
48.863067;2.323247;32.44;-25.4;0;193;429;38.24;50.46;;;
48.862992;2.323492;32.59;-25.7;0;193;429;38.26;50.44;;;
48.862914;2.323739;32.7;-25.9;0;193;429;38.28;50.42;;;
48.862758;2.324231;32.83;-25.7;1;193;429;38.32;50.38;;;
48.8626;2.324719;33.03;-25.9;1;193;429;38.36;50.34;;;
48.862442;2.325208;33.25;-27.6;0;193;429;38.4;50.3;;;
48.862364;2.325456;33.24;-25.7;0;193;429;38.42;50.28;;;
48.862289;2.325703;33.27;-25.4;0;193;429;38.44;50.26;;;
48.862211;2.325947;33.46;-25.9;0;194;428;38.46;50.24;;;
48.862044;2.326431;33.55;-28;0;194;428;38.5;50.2;;;
48.861889;2.326922;33.77;-25.9;0;194;428;38.54;50.16;;;
48.861811;2.327169;33.81;-25.4;0;194;428;38.56;50.14;;;
48.861733;2.327414;33.85;-25.9;0;194;428;38.58;50.12;;;
48.861656;2.327661;34;-24.8;1;194;428;38.6;50.1;;;
48.861494;2.328147;34.13;-25.9;1;195;427;38.64;50.06;;;
48.861333;2.328633;34.4;-25.9;1;195;427;38.68;50.02;;;
48.861169;2.329122;34.68;-27.6;1;195;427;38.72;49.98;;;
48.861092;2.329367;34.81;-25.7;1;195;427;38.74;49.96;;;
48.861014;2.329611;34.93;-25.9;1;195;427;38.76;49.94;;;
48.860933;2.329856;35.03;-27.4;0;195;427;38.78;49.92;;;
48.861003;2.330106;34.9;74.2;-1;195;427;38.82;49.88;;;
48.861325;2.330347;34.01;63.6;-1;195;427;38.86;49.84;;;
48.861647;2.330589;33.92;63.4;0;195;427;38.9;49.8;;;
48.861808;2.330717;33.88;62.2;0;195;427;38.92;49.78;;;
48.861967;2.330844;33.83;62.9;0;195;427;38.94;49.76;;;
48.862125;2.330972;33.79;62.5;0;195;427;38.96;49.74;;;
48.862453;2.331194;33.7;65.9;0;195;427;39;49.7;;;
48.862781;2.331419;33.61;65.9;0;195;427;39.04;49.66;;;
48.862944;2.331533;33.57;64.5;0;195;427;39.06;49.64;;;
48.863108;2.33165;33.53;65.3;0;195;427;39.08;49.62;;;
48.863269;2.331767;33.48;64.1;0;195;427;39.1;49.6;;;
48.863597;2.331994;33.65;66.4;0;195;427;39.14;49.56;;;
48.863825;2.331825;33.67;154.6;0;195;427;39.18;49.52;;;
48.863983;2.331336;33.61;154.1;0;195;427;39.22;49.48;;;
48.864064;2.331094;33.59;154.3;0;195;427;39.24;49.46;;;
48.864144;2.330847;33.53;152.9;0;195;427;39.26;49.44;;;
48.864222;2.330603;33.52;154.1;0;195;427;39.28;49.42;;;
48.864381;2.330114;33.62;154.1;0;195;427;39.32;49.38;;;
48.864542;2.329628;33.52;154.1;0;195;427;39.36;49.34;;;
48.864706;2.329142;33.39;154.1;0;195;427;39.4;49.3;;;
48.864786;2.328897;33.27;152.4;0;195;427;39.42;49.28;;;
48.864867;2.328653;33.35;152.4;0;195;427;39.44;49.26;;;
48.864947;2.328408;33.41;153.1;0;195;427;39.46;49.24;;;
48.865103;2.327919;33.29;154.3;0;195;427;39.5;49.2;;;
48.865261;2.327431;33.26;154.1;0;195;427;39.54;49.16;;;
48.865342;2.327183;33.33;152.6;0;195;427;39.56;49.14;;;
48.865419;2.326939;33.23;154.7;0;195;427;39.58;49.12;;;
48.8655;2.326694;33.23;154.3;0;195;427;39.6;49.1;;;
48.865658;2.326206;33.35;154.1;0;195;427;39.64;49.06;;;
48.865814;2.325714;33.3;154.6;0;195;427;39.68;49.02;;;
48.865964;2.325219;33.35;156.4;0;195;427;39.72;48.98;;;
48.866042;2.324972;33.24;154.6;0;195;427;39.74;48.96;;;
48.866122;2.324731;33.22;154.1;0;195;427;39.76;48.94;;;
48.866206;2.324486;33.24;152.4;0;195;427;39.78;48.92;;;
48.866347;2.323989;33.09;163.7;0;195;427;39.82;48.88;;;
48.866344;2.32345;32.78;-170.9;0;195;427;39.86;48.84;;;
48.866453;2.322936;32.84;159.8;0;195;427;39.9;48.8;;;
48.866517;2.322681;32.91;159.6;0;195;427;39.92;48.78;;;
48.866583;2.322425;32.98;158.6;0;195;427;39.94;48.76;;;
48.866647;2.322172;33.03;158.6;0;195;427;39.96;48.74;;;
48.866494;2.321803;32.87;-133.1;0;195;427;40;48.7;;;
48.866281;2.321364;32.7;-148.6;0;195;427;40.04;48.66;;;
48.866183;2.321147;32.71;-136.6;0;195;427;40.06;48.64;;;
48.866028;2.321011;32.72;-119.5;0;195;427;40.08;48.62;;;
48.865872;2.320875;32.69;-119.5;0;195;427;40.1;48.6;;;
48.865664;2.320556;32.49;160.3;0;195;427;40.14;48.56;;;
48.865817;2.320061;32.58;156.4;0;195;427;40.18;48.52;;;
48.865975;2.319569;32.62;154.6;0;195;427;40.22;48.48;;;
48.866053;2.319325;32.64;154.1;0;195;427;40.24;48.46;;;
48.866136;2.319083;32.65;152.6;0;195;427;40.26;48.44;;;
48.866214;2.318839;32.63;154.1;0;195;427;40.28;48.42;;;
48.866372;2.318347;32.6;154.6;0;195;427;40.32;48.38;;;
48.866528;2.317858;32.61;154.3;0;195;427;40.36;48.34;;;
48.866683;2.317367;32.64;155.8;0;195;427;40.4;48.3;;;
48.866761;2.317119;32.7;154.3;0;195;427;40.42;48.28;;;
48.866836;2.316872;32.67;154.1;0;195;427;40.44;48.26;;;
48.866914;2.316625;32.63;154.1;0;195;427;40.46;48.24;;;
48.867067;2.316131;32.71;154.6;0;195;427;40.5;48.2;;;
48.867217;2.315639;32.61;155.8;0;195;427;40.54;48.16;;;
48.867294;2.315392;32.61;154.7;0;195;427;40.56;48.14;;;
48.867372;2.315144;32.7;154.3;0;195;427;40.58;48.12;;;
48.86745;2.3149;32.7;154.1;0;195;427;40.6;48.1;;;
48.867603;2.314406;32.81;154.1;0;195;427;40.64;48.06;;;
48.867761;2.313917;32.8;154.6;0;195;427;40.68;48.02;;;
48.867922;2.313431;32.59;154.1;0;195;427;40.72;47.98;;;
48.868003;2.313186;32.59;154.1;0;195;427;40.74;47.96;;;
48.868081;2.312939;32.58;154.1;0;195;427;40.76;47.94;;;
48.868158;2.312694;32.56;154.3;0;196;426;40.78;47.92;;;
48.868311;2.3122;32.55;154.6;0;196;426;40.82;47.88;13;;
48.868464;2.311708;32.56;154.3;0;196;426;40.86;47.84;;;
48.868617;2.311214;32.66;154.1;1;196;426;40.9;47.8;;;
48.8687;2.310972;32.74;150.9;1;197;425;40.92;47.78;;;
48.868775;2.310725;32.83;155.8;1;197;425;40.94;47.76;;;
48.868853;2.310478;32.96;154.1;1;197;425;40.96;47.74;;;
48.868933;2.310236;33.18;152.6;1;197;425;40.98;47.72;;;
48.869019;2.309994;33.31;150.9;1;197;425;41;47.7;;;
48.869108;2.309758;33.41;150.2;1;198;424;41.02;47.68;;;
48.869183;2.309511;33.55;154.1;1;198;424;41.04;47.66;;;
48.869258;2.309264;33.71;154.1;1;198;424;41.06;47.64;;;
48.869336;2.309017;33.92;154.1;1;198;424;41.08;47.62;;;
48.869411;2.308769;34.12;154.3;1;199;423;41.1;47.6;;;
48.869489;2.308522;34.38;154.6;1;199;423;41.12;47.58;;;
48.869569;2.308281;34.65;152.4;1;199;423;41.14;47.56;;;
48.86965;2.308036;34.88;152.4;1;199;423;41.16;47.54;;;
48.869731;2.307792;35.11;152.4;1;200;422;41.18;47.52;;;
48.869808;2.307547;35.37;154.1;1;200;422;41.2;47.5;;;
48.869889;2.307303;35.63;152.4;1;200;422;41.22;47.48;;;
48.869967;2.307056;35.95;154.6;1;201;421;41.24;47.46;;;
48.870042;2.306808;36.2;156.4;1;201;421;41.26;47.44;;;
48.870117;2.306561;36.45;156.4;1;202;420;41.28;47.42;;;
48.870189;2.306311;36.68;156.4;2;202;420;41.3;47.4;;;
48.870267;2.306064;36.9;154.6;2;202;420;41.32;47.38;;;
48.870342;2.305817;37.23;154.6;2;203;419;41.34;47.36;;;
48.870417;2.305569;37.58;156.4;2;203;419;41.36;47.34;;;
48.870494;2.305322;38;155.2;2;204;418;41.38;47.32;;;
48.870572;2.305078;38.31;154.1;2;204;418;41.4;47.3;;;
48.870644;2.304828;38.68;156.4;2;204;418;41.42;47.28;;;
48.870725;2.304586;39.1;152;2;205;417;41.44;47.26;;;
48.8708;2.304339;39.54;155.8;2;205;417;41.46;47.24;;;
48.870878;2.304092;39.85;154.1;2;206;416;41.48;47.22;;;
48.870961;2.30385;40.29;152.4;2;206;416;41.5;47.2;;;
48.871033;2.3036;40.75;156.4;2;207;415;41.52;47.18;;;
48.871111;2.303356;41.2;154.1;2;207;415;41.54;47.16;;;
48.871189;2.303108;41.68;154.3;2;208;414;41.56;47.14;;;
48.871269;2.302864;42.15;152.9;2;208;414;41.58;47.12;;;
48.871347;2.302619;42.6;154.3;3;209;413;41.6;47.1;;;
48.871425;2.302372;43.07;156.4;3;210;412;41.62;47.08;;;
48.871503;2.302128;43.63;154.1;3;210;412;41.64;47.06;;;
48.871583;2.301883;44.21;153.1;3;211;411;41.66;47.04;;;
48.871664;2.301639;44.7;152.4;3;211;411;41.68;47.02;;;
48.871744;2.301397;45.28;152.9;3;212;410;41.7;47;;;
48.871825;2.301153;45.84;154.1;3;212;410;41.72;46.98;;;
48.871908;2.300911;46.27;152.9;3;213;409;41.74;46.96;;;
48.871989;2.300667;46.77;154.1;3;213;409;41.76;46.94;;;
48.872072;2.300425;47.38;152.9;3;214;408;41.78;46.92;;;
48.872144;2.300178;47.9;155.8;3;214;408;41.8;46.9;;;
48.872219;2.299931;48.46;154.7;3;215;407;41.82;46.88;;;
48.872303;2.299686;49.05;152.4;3;215;407;41.84;46.86;;;
48.872386;2.299444;49.61;152.6;3;216;406;41.86;46.84;;;
48.872469;2.299203;50.09;152.9;3;217;405;41.88;46.82;;;
48.87255;2.298958;50.61;152.6;3;217;405;41.9;46.8;;;
48.872622;2.298711;51.21;156.4;3;218;404;41.92;46.78;;;
48.8727;2.298464;51.75;154.1;3;218;404;41.94;46.76;;;
48.872778;2.298219;52.36;154.3;3;219;403;41.96;46.74;;;
48.872858;2.297975;52.97;154.1;3;219;403;41.98;46.72;;;
48.872936;2.297728;53.55;154.1;3;220;402;42;46.7;;;
48.873014;2.297483;54.09;154.3;3;220;402;42.02;46.68;;;
48.873094;2.297239;54.73;154.7;3;220;402;42.04;46.66;;;
48.873172;2.296994;55.22;154.3;3;220;402;42.06;46.64;;;
48.873244;2.296742;55.73;156.7;3;220;402;42.08;46.62;;;
48.873314;2.296492;56.13;156.4;2;220;402;42.1;46.6;;;
48.873392;2.296244;56.66;154.6;2;220;402;42.12;46.58;;;
48.873467;2.295997;57.23;154.6;2;220;402;42.14;46.56;;;
48.873567;2.295844;57.57;107.7;1;220;402;42.16;46.54;;;
48.873742;2.295919;57.57;76.3;1;220;402;42.18;46.52;;;
48.873919;2.295944;57.49;90;0;220;402;42.2;46.5;;;
48.874092;2.295875;57.43;109.8;0;220;402;42.22;46.48;;;
48.874236;2.295722;57.24;131.1;-1;220;402;42.24;46.46;;;
48.874333;2.295494;57.31;150.2;-1;220;402;42.26;46.44;;;
48.874483;2.295544;56.87;64.5;-2;220;402;42.28;46.42;;;
48.874647;2.295658;56.29;64.5;-2;220;402;42.3;46.4;;;
48.874811;2.295769;55.67;66.5;-3;220;402;42.32;46.38;;;
48.874975;2.295878;55.05;66.7;-3;220;402;42.34;46.36;;;
48.875142;2.295989;54.43;66.3;-3;220;402;42.36;46.34;;;
48.875303;2.296103;53.73;64.4;-3;220;402;42.38;46.32;;;
48.875461;2.296236;53.18;60.5;-4;220;402;42.4;46.3;;;
48.875619;2.296361;52.41;63.4;-4;220;402;42.42;46.28;;;
48.875781;2.296486;51.65;63.7;-4;220;402;42.44;46.26;;;
48.875942;2.296608;51.12;65.6;-4;220;402;42.46;46.24;;;
48.876103;2.296728;50.4;64.4;-4;220;402;42.48;46.22;;;
48.876264;2.296847;49.65;63.7;-3;220;402;42.5;46.2;;;
48.876425;2.296967;48.91;63.7;-3;220;402;42.52;46.18;;;
48.876586;2.297086;48.23;63.4;-3;220;402;42.54;46.16;;;
48.87675;2.297203;47.69;65.5;-3;220;402;42.56;46.14;;;
48.876914;2.297317;46.95;66.1;-3;220;402;42.58;46.12;;;
48.877078;2.297428;46.25;66.3;-3;220;402;42.6;46.1;;;
48.877242;2.297542;45.53;66.3;-3;220;402;42.62;46.08;;;
48.877406;2.297653;44.81;66.3;-3;220;402;42.64;46.06;;;
48.877567;2.297772;44.25;63.7;-3;220;402;42.66;46.04;;;
48.877678;2.297986;43.72;38.3;-2;220;402;42.68;46.02;;;
48.877769;2.298219;43.68;30;-2;221;401;42.7;46;;;
48.8779;2.298403;43.46;50.7;-1;221;401;42.72;45.98;;;
48.878044;2.298558;43.16;45.5;-1;221;401;42.74;45.96;;;
48.878161;2.298764;42.87;40.6;-1;221;401;42.76;45.94;;;
48.878264;2.298981;42.71;28.6;-1;221;401;42.78;45.92;;;
48.878319;2.299242;42.75;17.4;0;221;401;42.8;45.9;;;
48.878372;2.2995;42.81;18;0;221;401;42.82;45.88;;;
48.878428;2.299761;42.86;18.1;0;221;401;42.84;45.86;;;
48.878483;2.300019;42.81;17.5;0;221;401;42.86;45.84;;;
48.878539;2.300278;42.8;18.4;0;221;401;42.88;45.82;;;
48.878594;2.300536;42.79;17.8;0;221;401;42.9;45.8;;;
48.878653;2.300797;42.73;18.1;0;221;401;42.92;45.78;;;
48.878706;2.301056;42.75;16.2;0;221;401;42.94;45.76;;;
48.878761;2.301317;42.74;18;0;221;401;42.96;45.74;;;
48.878814;2.301578;42.7;18;0;221;401;42.98;45.72;;;
48.878867;2.301836;42.56;16.3;0;221;401;43;45.7;;;
48.878919;2.302097;42.51;16.3;0;221;401;43.02;45.68;;;
48.878972;2.302358;42.46;16.3;0;221;401;43.04;45.66;;;
48.879031;2.302617;42.39;20.2;0;221;401;43.06;45.64;;;
48.879086;2.302875;42.28;18.4;0;221;401;43.08;45.62;;;
48.879144;2.303133;42.27;19.8;0;221;401;43.1;45.6;;;
48.8792;2.303392;42.29;18.4;0;221;401;43.12;45.58;;;
48.879256;2.303653;42.26;18;0;221;401;43.14;45.56;;;
48.879314;2.303911;42.35;19.9;0;221;401;43.16;45.54;;;
48.879369;2.304169;42.42;17.9;0;221;401;43.18;45.52;;;
48.879425;2.304431;42.52;18;0;221;401;43.2;45.5;;;
48.879481;2.304689;42.6;18;0;221;401;43.22;45.48;;;
48.879536;2.304947;42.69;18.1;0;221;401;43.24;45.46;;;
48.879594;2.305206;42.73;17.8;0;222;400;43.26;45.44;;;
48.879656;2.305461;42.71;18.4;0;222;400;43.28;45.42;;;
48.879711;2.305719;42.76;18.5;0;222;400;43.3;45.4;;;
48.879767;2.305981;42.83;18;0;222;400;43.32;45.38;;;
48.879825;2.306239;42.91;18;0;222;400;43.34;45.36;;;
48.879881;2.306497;42.98;18.4;0;222;400;43.36;45.34;;;
48.879936;2.306758;43.03;18.1;0;222;400;43.38;45.32;;;
48.879992;2.307017;43.14;18;0;222;400;43.4;45.3;;;
48.880047;2.307275;43.22;18.4;0;223;399;43.42;45.28;;;
48.880103;2.307536;43.31;18.1;0;223;399;43.44;45.26;;;
48.880158;2.307794;43.38;17.5;0;223;399;43.46;45.24;;;
48.880214;2.308053;43.48;18.4;0;223;399;43.48;45.22;;;
48.880269;2.308314;43.56;17.4;1;223;399;43.5;45.2;;;
48.880344;2.308561;43.72;23.7;1;223;399;43.52;45.18;;;
48.880406;2.308817;43.99;20.2;1;224;398;43.54;45.16;;;
48.88045;2.309081;44.23;14.3;1;224;398;43.56;45.14;;;
48.880472;2.309353;44.3;7;1;224;398;43.58;45.12;;;
48.8805;2.309622;44.4;11;1;224;398;43.6;45.1;;;
48.880531;2.309889;44.51;9.1;1;224;398;43.62;45.08;;;
48.880564;2.310158;44.76;11;1;225;397;43.64;45.06;;;
48.880597;2.310425;44.99;10.4;1;225;397;43.66;45.04;;;
48.880631;2.310694;45.25;11;1;225;397;43.68;45.02;;;
48.880664;2.310961;45.47;11;1;225;397;43.7;45;;;
48.880697;2.311231;45.67;10.3;1;226;396;43.72;44.98;;;
48.880731;2.311497;45.92;11;1;226;396;43.74;44.96;;;
48.880764;2.311767;46.18;10.8;1;226;396;43.76;44.94;;;
48.880789;2.312036;46.4;7;1;227;395;43.78;44.92;;;
48.880822;2.312303;46.66;12.2;1;227;395;43.8;44.9;;;
48.880856;2.312572;46.88;11;1;227;395;43.82;44.88;;;
48.880881;2.312842;47.12;9;1;228;394;43.84;44.86;;;
48.880908;2.313111;47.35;9.1;1;228;394;43.86;44.84;;;
48.880936;2.313381;47.68;9;1;228;394;43.88;44.82;;;
48.880967;2.31365;48;11;2;229;393;43.9;44.8;;;
48.880997;2.313919;48.31;10.1;2;229;393;43.92;44.78;;;
48.881028;2.314186;48.65;11;2;229;393;43.94;44.76;;;
48.881058;2.314456;48.95;9;2;230;392;43.96;44.74;;;
48.881092;2.314722;49.23;11;2;230;392;43.98;44.72;;;
48.881128;2.314992;49.7;12.8;2;230;392;44;44.7;;;
48.881164;2.315258;50.12;12.9;2;230;392;44.02;44.68;;;
48.8812;2.315525;50.48;12.3;2;230;392;44.04;44.66;;;
48.881242;2.315789;50.78;13.1;2;231;391;44.06;44.64;;;
48.881283;2.316056;51.16;12.2;2;231;391;44.08;44.62;;;
48.881325;2.316319;51.38;12.5;1;231;391;44.1;44.6;;;
48.881325;2.316589;51.52;-7;1;231;391;44.12;44.58;;;
48.881317;2.316861;51.73;1.9;1;231;391;44.14;44.56;;;
48.881353;2.317128;51.87;12.8;1;231;391;44.16;44.54;;;
48.881392;2.317392;52.06;13.1;1;231;391;44.18;44.52;;;
48.881436;2.317658;52.15;16;1;231;391;44.2;44.5;;;
48.881483;2.317919;52.31;16.3;1;231;391;44.22;44.48;;;
48.881533;2.318181;52.43;16.2;1;231;391;44.24;44.46;;;
48.881583;2.318444;52.56;16.3;1;232;390;44.26;44.44;;;
48.881633;2.318706;52.69;16.2;1;232;390;44.28;44.42;;;
48.881686;2.318967;52.77;18;0;232;390;44.3;44.4;;;
48.881733;2.319228;52.84;14.3;0;232;390;44.32;44.38;;;
48.881781;2.319492;52.93;14.9;0;232;390;44.34;44.36;;;
48.881828;2.319756;52.94;14.3;0;232;390;44.36;44.34;;;
48.881881;2.320017;53.01;16.2;0;232;390;44.38;44.32;;;
48.881933;2.320275;53.07;16.5;0;232;390;44.4;44.3;;;
48.881986;2.320536;53.14;16.3;0;232;390;44.42;44.28;;;
48.882039;2.3208;53.2;16;0;232;390;44.44;44.26;;;
48.882092;2.321058;53.27;18.1;0;232;390;44.46;44.24;;;
48.882142;2.321322;53.33;16;0;232;390;44.48;44.22;;;
48.882189;2.321583;53.4;16.3;0;232;390;44.5;44.2;;;
48.882242;2.321844;53.46;18.1;0;233;389;44.52;44.18;;;
48.882294;2.322106;53.55;17.4;0;233;389;44.54;44.16;;;
48.882347;2.322367;53.68;18;0;233;389;44.56;44.14;;;
48.882403;2.322625;53.78;18.4;0;233;389;44.58;44.12;;;
48.882458;2.322886;53.92;17.5;1;233;389;44.6;44.1;;;
48.882511;2.323144;54.01;18.1;1;233;389;44.62;44.08;;;
48.882567;2.323406;54.19;18;1;234;388;44.64;44.06;;;
48.882619;2.323667;54.29;17.4;1;234;388;44.66;44.04;;;
48.882672;2.323928;54.44;18;1;234;388;44.68;44.02;;;
48.882722;2.324186;54.57;16.5;1;235;387;44.7;44;;;
48.882778;2.324447;54.75;18.1;1;235;387;44.72;43.98;;;
48.882833;2.324708;55;17.5;1;235;387;44.74;43.96;;;
48.882889;2.324967;55.29;18;1;236;386;44.76;43.94;;;
48.882944;2.325225;55.62;17.8;1;236;386;44.78;43.92;;;
48.883;2.325486;55.9;18.1;2;237;385;44.8;43.9;;;
48.88305;2.325747;56.18;16.3;2;237;385;44.82;43.88;;;
48.883103;2.326008;56.46;18.1;2;237;385;44.84;43.86;;;
48.883156;2.326267;56.89;16.5;2;238;384;44.86;43.84;;;
48.883211;2.326528;57.27;18;2;238;384;44.88;43.82;;;
48.883267;2.326786;57.74;18.4;2;239;383;44.9;43.8;;;
48.883314;2.32705;58.07;12.9;2;239;383;44.92;43.78;;;
48.883342;2.327317;58.45;9;2;240;382;44.94;43.76;;;
48.883392;2.327581;58.76;20.2;2;240;382;44.96;43.74;;;
48.883492;2.327806;59.1;37.2;2;240;382;44.98;43.72;;;
48.883597;2.328022;59.77;36.7;2;241;381;45;43.7;;;
48.883706;2.328242;60.03;36.5;2;241;381;45.02;43.68;;;
48.883819;2.328453;60.47;39.8;2;242;380;45.04;43.66;;;
48.883939;2.328656;61.02;44.8;2;242;380;45.06;43.64;;;
48.884069;2.328844;61.47;45.5;2;242;380;45.08;43.62;;;
48.884197;2.329036;61.92;46;1;242;380;45.1;43.6;;;
48.884325;2.329228;62.49;45.7;1;242;380;45.12;43.58;;;
48.884444;2.329431;63.21;40.6;1;242;380;45.14;43.56;;;
48.884408;2.329681;63.18;-20.2;1;242;380;45.16;43.54;;;
48.884344;2.329939;62.94;-20.2;0;242;380;45.18;43.52;;;
48.884278;2.330192;62.9;-21.4;0;242;380;45.2;43.5;;;
48.884211;2.330444;62.67;-21.6;-1;242;380;45.22;43.48;;;
48.884147;2.330697;62.55;-20.7;-1;242;380;45.24;43.46;;;
48.884078;2.33095;62.33;-23.7;-1;242;380;45.26;43.44;;;
48.884006;2.3312;62.1;-23.7;-1;243;379;45.28;43.42;;;
48.883936;2.331453;61.96;-23.2;-1;243;379;45.3;43.4;;;
48.883867;2.331703;61.69;-23.7;-1;244;378;45.32;43.38;;;
48.883803;2.331958;61.52;-19.8;-1;245;377;45.34;43.36;;;
48.883733;2.332208;61.39;-23.7;0;246;376;45.36;43.34;;;
48.883636;2.332425;61.28;-31;1;247;375;45.38;43.32;;;
48.883664;2.332669;61.5;29.9;3;249;373;45.4;43.3;;;
48.883833;2.332753;62.25;81.6;4;250;372;45.42;43.28;;;
48.883986;2.332889;63.07;56.7;5;251;371;45.44;43.26;;;
48.884133;2.333044;63.96;56;5;252;370;45.46;43.24;;;
48.884283;2.333197;65.32;56.7;5;254;368;45.48;43.22;;;
48.884431;2.333353;66.45;55.6;6;255;367;45.5;43.2;;;
48.884581;2.333506;67.76;55.6;6;256;366;45.52;43.18;;;
48.884728;2.333658;69;56.7;6;257;365;45.54;43.16;;;
48.884881;2.333806;70.24;58.4;6;258;364;45.56;43.14;;;
48.885033;2.333947;71.35;59.5;6;259;363;45.58;43.12;;;
48.885183;2.3341;72.76;54.6;6;260;362;45.6;43.1;;;
48.885328;2.334261;73.96;53.8;6;260;362;45.62;43.08;;;
48.885475;2.334417;75.22;56.7;6;261;361;45.64;43.06;;;
48.885625;2.334569;76.45;56;5;262;360;45.66;43.04;;;
48.885772;2.334722;78.01;55.6;5;263;359;45.68;43.02;;;
48.885919;2.334683;78.62;127.7;4;264;358;45.7;43;;;
48.886044;2.334486;79.04;136.2;4;265;357;45.72;42.98;;;
48.886169;2.334289;79.54;136.2;3;266;356;45.74;42.96;;;
48.886289;2.334086;80.21;138;4;267;355;45.76;42.94;;;
48.886408;2.333883;80.84;137.1;4;269;353;45.78;42.92;;;
48.886578;2.333806;81.54;101.7;5;270;352;45.8;42.9;;;
48.886756;2.333842;82.64;82.8;5;272;350;45.82;42.88;;;
48.886933;2.333875;84;82.8;6;274;348;45.84;42.86;;;
48.887114;2.333908;84.89;83.5;6;275;347;45.86;42.84;;;
48.887275;2.334025;86.22;64.8;7;277;345;45.88;42.82;;;
48.887436;2.334147;87.44;63.4;7;278;344;45.9;42.8;;;
48.887597;2.334267;89.17;63.4;8;280;342;45.92;42.78;;;
48.887686;2.334492;90.69;21.4;8;282;340;45.94;42.76;;;
48.887658;2.334758;92.49;-12.9;8;283;339;45.96;42.74;;;
48.887581;2.335003;94.11;-25.3;8;285;337;45.98;42.72;;;
48.887506;2.33525;95.67;-24.2;8;287;335;46;42.7;;;
48.887447;2.335508;97.65;-18.5;8;289;333;46.02;42.68;;;
48.887392;2.335769;99.28;-16.3;8;290;332;46.04;42.66;;;
48.887344;2.336031;100.31;-16.2;8;292;330;46.06;42.64;;;
48.887317;2.3363;101.94;-7;8;294;328;46.08;42.62;;;
48.887294;2.336572;104.24;-7.6;9;295;327;46.1;42.6;;;
48.887275;2.336842;105.79;-5.1;9;296;326;46.12;42.58;;;
48.887253;2.337114;107.52;-7;9;297;325;46.14;42.56;;;
48.887239;2.337383;108.96;-1.9;8;298;324;46.16;42.54;;;
48.887175;2.337633;110.7;-31.6;8;300;322;46.18;42.52;;;
48.887072;2.337856;112.06;-35.7;7;301;321;46.2;42.5;;;
48.886969;2.338081;113.8;-35.7;7;303;319;46.22;42.48;;;
48.886867;2.338306;115.12;-34.7;6;303;319;46.24;42.46;;;
48.886764;2.338528;115.97;-36;6;304;318;46.26;42.44;;;
48.886764;2.338792;116.76;7;6;305;317;46.28;42.42;;;
48.8868;2.339053;118.33;18.8;6;306;316;46.3;42.4;;;
48.886925;2.339247;119.77;46;6;306;316;46.32;42.38;;;
48.887039;2.339458;121.68;38.3;6;307;315;46.34;42.36;;;
48.887014;2.339717;122.58;-16.2;6;308;314;46.36;42.34;;;
48.886961;2.339978;123.2;-14;5;308;314;46.38;42.32;;;
48.886925;2.340242;124.03;-16.2;5;308;314;46.4;42.3;14;summit;4
48.886828;2.340467;124.88;-40.6;4;308;314;46.42;42.28;;;
48.886697;2.340653;125.43;-45.7;4;308;314;46.44;42.26;;;
48.886636;2.340906;126.23;-18.4;2;308;314;46.46;42.24;;;
48.886611;2.341172;127.14;0;0;308;314;46.48;42.22;;;
48.886536;2.341369;126.45;-53.5;-3;308;314;46.5;42.2;;;
48.886356;2.341369;124.88;-90;-5;308;314;46.52;42.18;;;
48.886175;2.341369;123.34;-90;-7;308;314;46.54;42.16;;;
48.885994;2.341361;121.89;-91.2;-6;308;314;46.56;42.14;;;
48.885861;2.341478;120.4;-32.1;-6;308;314;46.58;42.12;;;
48.885811;2.341742;119.22;-15.8;-5;308;314;46.6;42.1;;;
48.885761;2.342003;118.19;-16.2;-5;308;314;46.62;42.08;;;
48.885717;2.342267;117.2;-14;-4;308;314;46.64;42.06;;;
48.885747;2.342519;116.63;27.1;-4;308;314;46.66;42.04;;;
48.885828;2.342764;116.11;27.6;-3;308;314;46.68;42.02;;;
48.885878;2.343025;115.59;12.9;-3;308;314;46.7;42;;;
48.885889;2.343294;115.38;0;-2;308;314;46.72;41.98;;;
48.885908;2.343567;114.79;7;-2;308;314;46.74;41.96;;;
48.885986;2.343803;114.18;39.8;-2;308;314;46.76;41.94;;;
48.886139;2.343942;113.8;59.5;-2;308;314;46.78;41.92;;;
48.886306;2.34405;113.53;67.5;-3;308;314;46.8;41.9;;;
48.886469;2.344158;112.91;67.6;-3;308;314;46.82;41.88;;;
48.886636;2.344267;112.3;67.2;-3;308;314;46.84;41.86;;;
48.8868;2.344375;111.77;67.2;-3;308;314;46.86;41.84;;;
48.886967;2.344481;111.31;68.6;-3;308;314;46.88;41.82;;;
48.887144;2.344511;110.46;82.8;-4;308;314;46.9;41.8;;;
48.887322;2.344536;109.93;84.1;-4;308;314;46.92;41.78;;;
48.887503;2.344558;109.15;86.6;-4;308;314;46.94;41.76;;;
48.887675;2.344483;108.37;109;-4;308;314;46.96;41.74;;;
48.887844;2.344392;107.16;108.6;-4;308;314;46.98;41.72;;;
48.888014;2.3443;106.02;108.6;-5;308;314;47;41.7;;;
48.888183;2.344214;105.11;107.8;-5;308;314;47.02;41.68;;;
48.888356;2.344128;104.05;107.2;-5;308;314;47.04;41.66;;;
48.888525;2.344044;102.93;107.8;-5;308;314;47.06;41.64;;;
48.888697;2.343961;101.76;107.8;-5;308;314;47.08;41.62;;;
48.888867;2.343869;100.64;110.6;-6;308;314;47.1;41.6;;;
48.88895;2.343636;99.63;161.6;-6;308;314;47.12;41.58;;;
48.889;2.343375;98.44;163.8;-6;308;314;47.14;41.56;;;
48.88905;2.343111;97.28;164;-6;308;314;47.16;41.54;;;
48.8891;2.34285;96.14;163.8;-6;308;314;47.18;41.52;;;
48.889147;2.342589;95.03;163.7;-5;308;314;47.2;41.5;;;
48.889197;2.342325;94.15;163.8;-5;308;314;47.22;41.48;;;
48.889247;2.342064;92.87;163.7;-5;308;314;47.24;41.46;;;
48.8893;2.341803;91.62;161.9;-5;308;314;47.26;41.44;;;
48.889342;2.341536;90.56;164;-5;308;314;47.28;41.42;;;
48.889392;2.341275;89.46;163.8;-4;309;313;47.3;41.4;;;
48.889442;2.341014;88.28;164.9;-4;309;313;47.32;41.38;;;
48.889469;2.340744;87.35;171.8;-4;310;312;47.34;41.36;;;
48.889547;2.340508;86.31;142.5;-3;310;312;47.36;41.34;;;
48.889653;2.340289;86.05;141;-2;311;311;47.38;41.32;;;
48.889692;2.340036;85.9;-174.9;0;311;311;47.4;41.3;;;
48.889675;2.339764;86.19;-174.9;1;312;310;47.42;41.28;;;
48.889664;2.339492;86.58;-176.8;2;313;309;47.44;41.26;;;
48.88965;2.339219;87.3;-174.9;2;313;309;47.46;41.24;;;
48.889639;2.338947;87.84;-176.8;2;314;308;47.48;41.22;;;
48.889628;2.338675;88.62;-176.8;3;314;308;47.5;41.2;;;
48.889614;2.338403;89.25;-176.8;3;314;308;47.52;41.18;;;
48.889603;2.338131;89.82;-176.8;3;314;308;47.54;41.16;;;
48.889592;2.337858;90.31;-176.8;2;314;308;47.56;41.14;;;
48.889583;2.337586;91.25;-176.2;2;314;308;47.58;41.12;;;
48.889575;2.337314;91.81;-178.1;1;314;308;47.6;41.1;;;
48.889564;2.337042;92.37;-176.8;1;314;308;47.62;41.08;;;
48.889553;2.336769;92.65;-176.8;0;314;308;47.64;41.06;;;
48.889539;2.336497;92.39;-176.8;0;314;308;47.66;41.04;;;
48.889525;2.336228;91.97;-176.1;-1;314;308;47.68;41.02;;;
48.889508;2.335956;91.5;-174.3;-1;314;308;47.7;41;;;
48.889497;2.335683;91.03;-176.2;-2;314;308;47.72;40.98;;;
48.889486;2.335411;90.65;-176.2;-2;314;308;47.74;40.96;;;
48.889442;2.335147;90.04;-160.4;-2;314;308;47.76;40.94;;;
48.889344;2.334919;89.52;-142;-2;314;308;47.78;40.92;;;
48.889203;2.334756;88.93;-122.3;-2;314;308;47.8;40.9;;;
48.889044;2.334625;88.53;-117.5;-2;314;308;47.82;40.88;;;
48.888886;2.334497;88.12;-118.3;-2;314;308;47.84;40.86;;;
48.888728;2.334372;87.69;-118.3;-3;314;308;47.86;40.84;;;
48.888567;2.334244;87.15;-117.7;-3;314;308;47.88;40.82;;;
48.888408;2.334117;86.4;-117.5;-4;314;308;47.9;40.8;;;
48.88825;2.333989;85.52;-117.5;-4;314;308;47.92;40.78;;;
48.888092;2.333861;84.6;-118.7;-5;314;308;47.94;40.76;;;
48.887933;2.333731;83.62;-119.1;-5;314;308;47.96;40.74;;;
48.887772;2.333606;82.6;-117.1;-5;314;308;47.98;40.72;;;
48.887614;2.333481;81.66;-118;-5;314;308;48;40.7;;;
48.887453;2.333356;80.98;-117.4;-5;314;308;48.02;40.68;;;
48.887297;2.333219;79.54;-120.5;-5;314;308;48.04;40.66;;;
48.887142;2.333086;78.34;-119.8;-6;314;308;48.06;40.64;;;
48.886986;2.33295;77.29;-119.5;-8;314;308;48.08;40.62;;;
48.886831;2.332811;76.26;-122.3;-9;314;308;48.1;40.6;;;
48.886667;2.332694;75.61;-113.9;-11;314;308;48.12;40.58;;;
48.886531;2.332522;74.99;-134.8;-12;314;308;48.14;40.56;;;
48.886419;2.332308;65.46;-135.2;-10;315;307;48.16;40.54;;;
48.886292;2.332117;65.15;-134.9;-8;315;307;48.18;40.52;;;
48.886164;2.331925;65.06;-134.9;-6;315;307;48.2;40.5;;;
48.886036;2.331733;65.14;-134.3;-4;315;307;48.22;40.48;;;
48.885908;2.331539;65.27;-134.9;-2;315;307;48.24;40.46;;;
48.885781;2.331347;65.05;-135.4;-1;315;307;48.26;40.44;;;
48.885653;2.331156;63.71;-134.9;0;315;307;48.28;40.42;;;
48.885525;2.330964;64.03;-134.9;1;315;307;48.3;40.4;;;
48.885403;2.330767;68.36;-137.1;2;315;307;48.32;40.38;;;
48.885275;2.330575;67.65;-134.9;3;315;307;48.34;40.36;;;
48.885147;2.330383;66.88;-134.3;2;315;307;48.36;40.34;;;
48.885019;2.330189;66.14;-134.9;1;315;307;48.38;40.32;;;
48.884894;2.329994;65.37;-136.1;-1;315;307;48.4;40.3;;;
48.884772;2.329794;64.58;-137.1;-2;315;307;48.42;40.28;;;
48.884664;2.329575;64.22;-146.3;-3;315;307;48.44;40.26;;;
48.884567;2.329347;63.49;-146.3;-3;315;307;48.46;40.24;;;
48.884467;2.329119;62.87;-146.3;-3;315;307;48.48;40.22;;;
48.884356;2.328908;62.41;-135.6;-2;315;307;48.5;40.2;;;
48.884228;2.328717;61.93;-134.9;-2;315;307;48.52;40.18;;;
48.8841;2.328525;61.45;-134.9;-2;315;307;48.54;40.16;;;
48.883972;2.328333;60.97;-134.3;-2;315;307;48.56;40.14;;;
48.883856;2.328125;60.47;-139.4;-2;315;307;48.58;40.12;;;
48.88375;2.327906;60.03;-145.6;-2;315;307;48.6;40.1;;;
48.883669;2.327661;59.79;-155.8;-2;315;307;48.62;40.08;;;
48.883614;2.327403;59.31;-168;-2;315;307;48.64;40.06;;;
48.883572;2.327142;59.03;-163.3;-2;315;307;48.66;40.04;;;
48.883506;2.326886;58.63;-160.4;-2;315;307;48.68;40.02;;;
48.88345;2.326628;57.96;-161.6;-2;315;307;48.7;40;;;
48.883394;2.326369;57.43;-161.6;-2;315;307;48.72;39.98;;;
48.883336;2.326108;56.92;-160.2;-2;315;307;48.74;39.96;;;
48.883281;2.32585;56.5;-162.6;-2;315;307;48.76;39.94;;;
48.883228;2.325589;56.14;-161.9;-2;315;307;48.78;39.92;;;
48.883178;2.325328;55.8;-163.7;-1;315;307;48.8;39.9;;;
48.883122;2.325069;55.59;-161.6;-1;315;307;48.82;39.88;;;
48.883067;2.324808;55.18;-162.6;-1;315;307;48.84;39.86;;;
48.883011;2.32455;55.03;-161.6;-1;315;307;48.86;39.84;;;
48.882958;2.324289;54.59;-161.9;-1;315;307;48.88;39.82;;;
48.882906;2.324028;54.33;-164;-1;315;307;48.9;39.8;;;
48.882861;2.323764;54.17;-165.9;-1;315;307;48.92;39.78;;;
48.882814;2.323503;53.94;-165.6;-1;315;307;48.94;39.76;;;
48.882767;2.323239;53.75;-165.6;-1;315;307;48.96;39.74;;;
48.882717;2.322975;53.73;-164;-1;315;307;48.98;39.72;;;
48.882667;2.322714;53.55;-163.7;0;315;307;49;39.7;;;
48.882617;2.322453;53.44;-163.7;0;315;307;49.02;39.68;;;
48.882567;2.322189;53.26;-164;0;315;307;49.04;39.66;;;
48.882514;2.321931;53.18;-161.5;0;315;307;49.06;39.64;;;
48.882458;2.321669;53.23;-162;0;315;307;49.08;39.62;;;
48.882403;2.321411;53.14;-163.8;0;315;307;49.1;39.6;;;
48.882353;2.32115;53.05;-163.8;0;315;307;49.12;39.58;;;
48.882303;2.320886;52.96;-164;0;315;307;49.14;39.56;;;
48.882253;2.320625;52.87;-163.8;0;315;307;49.16;39.54;;;
48.882194;2.320367;52.77;-160.1;0;315;307;49.18;39.52;;;
48.882144;2.320106;52.68;-163.7;-1;315;307;49.2;39.5;;;
48.882092;2.319844;52.59;-162.6;-1;315;307;49.22;39.48;;;
48.882036;2.319586;52.5;-161.6;-1;315;307;49.24;39.46;;;
48.881986;2.319325;52.34;-163.8;-1;315;307;49.26;39.44;;;
48.881933;2.319064;52.25;-163.7;-1;315;307;49.28;39.42;;;
48.881883;2.3188;52.17;-163.8;0;315;307;49.3;39.4;;;
48.881836;2.318536;52.05;-164;0;315;307;49.32;39.38;;;
48.881792;2.318275;51.92;-165.7;0;315;307;49.34;39.36;;;
48.881739;2.318014;51.8;-163.7;0;315;307;49.36;39.34;;;
48.881686;2.317753;51.74;-163.7;0;315;307;49.38;39.32;;;
48.881636;2.317489;51.64;-164;0;315;307;49.4;39.3;;;
48.881586;2.317228;51.52;-163.7;0;315;307;49.42;39.28;;;
48.881536;2.316967;51.42;-163.7;0;315;307;49.44;39.26;;;
48.881481;2.316706;51.18;-160.7;0;315;307;49.46;39.24;;;
48.881378;2.316483;51.35;-144;-1;315;307;49.48;39.22;;;
48.881311;2.316236;51.37;-165.9;-1;315;307;49.5;39.2;;;
48.881269;2.315969;50.97;-165.4;-2;315;307;49.52;39.18;;;
48.881228;2.315706;50.68;-165.9;-2;315;307;49.54;39.16;;;
48.881186;2.315439;50.37;-165.9;-2;315;307;49.56;39.14;;;
48.88115;2.315172;49.97;-167.8;-2;315;307;49.58;39.12;;;
48.881117;2.314906;49.58;-169.6;-2;315;307;49.6;39.1;;;
48.881083;2.314639;49.14;-169;-2;315;307;49.62;39.08;;;
48.88105;2.314369;48.86;-169.1;-2;315;307;49.64;39.06;;;
48.881017;2.3141;48.56;-169.9;-2;315;307;49.66;39.04;;;
48.880986;2.313833;48.23;-169.1;-2;315;307;49.68;39.02;;;
48.880956;2.313564;47.86;-169.6;-1;315;307;49.7;39;;;
48.880925;2.313294;47.58;-171.2;-1;315;307;49.72;38.98;;;
48.8809;2.313025;47.28;-171.1;-1;315;307;49.74;38.96;;;
48.880872;2.312756;47.03;-171.1;-1;315;307;49.76;38.94;;;
48.880844;2.312486;46.81;-171.1;-1;315;307;49.78;38.92;;;
48.880811;2.312219;46.58;-169.1;-1;315;307;49.8;38.9;;;
48.880781;2.31195;46.33;-171.5;-1;315;307;49.82;38.88;;;
48.880753;2.311681;46.11;-169.6;-1;315;307;49.84;38.86;;;
48.880719;2.311411;45.85;-169.2;-1;315;307;49.86;38.84;;;
48.880686;2.311144;45.61;-169.1;-1;315;307;49.88;38.82;;;
48.880653;2.310878;45.39;-169.6;-1;315;307;49.9;38.8;;;
48.880619;2.310608;45.14;-169.1;-1;315;307;49.92;38.78;;;
48.880586;2.310342;44.91;-169;-1;315;307;49.94;38.76;;;
48.880553;2.310072;44.7;-169.7;-1;315;307;49.96;38.74;;;
48.880522;2.309806;44.45;-170.9;-1;315;307;49.98;38.72;;;
48.880489;2.309536;44.28;-169;-1;315;307;50;38.7;;;
48.880464;2.309267;44.29;-173;-1;315;307;50.02;38.68;;;
48.880436;2.308997;44.13;-169.1;-1;315;307;50.04;38.66;;;
48.880389;2.308736;43.89;-163.5;-1;315;307;50.06;38.64;;;
48.880319;2.308483;43.66;-155.8;-1;315;307;50.08;38.62;;;
48.880253;2.308231;43.52;-160.2;0;315;307;50.1;38.6;;;
48.880197;2.307972;43.43;-161.6;0;315;307;50.12;38.58;;;
48.880142;2.307711;43.36;-162.6;0;315;307;50.14;38.56;;;
48.880083;2.307453;43.28;-161.9;0;315;307;50.16;38.54;;;
48.880028;2.307194;43.18;-161.6;0;315;307;50.18;38.52;;;
48.879972;2.306933;43.11;-162;0;315;307;50.2;38.5;;;
48.879917;2.306675;43.03;-162.6;0;315;307;50.22;38.48;;;
48.879861;2.306417;42.94;-161.5;0;315;307;50.24;38.46;;;
48.879806;2.306156;42.86;-162.5;0;315;307;50.26;38.44;;;
48.87975;2.305897;42.81;-162;0;315;307;50.28;38.42;;;
48.879694;2.305639;42.75;-161.6;0;315;307;50.3;38.4;;;
48.879639;2.305381;42.68;-161.5;0;315;307;50.32;38.38;;;
48.879575;2.305122;42.72;-159.8;0;315;307;50.34;38.36;;;
48.879519;2.304864;42.65;-161.9;0;315;307;50.36;38.34;;;
48.879464;2.304606;42.57;-161.9;0;315;307;50.38;38.32;;;
48.879406;2.304347;42.49;-162.2;0;315;307;50.4;38.3;;;
48.87935;2.304086;42.41;-162;0;315;307;50.42;38.28;;;
48.879294;2.303828;42.33;-161.9;0;315;307;50.44;38.26;;;
48.879239;2.303569;42.23;-162;0;315;307;50.46;38.24;;;
48.879183;2.303311;42.29;-161.6;0;315;307;50.48;38.22;;;
48.879125;2.303053;42.27;-159.8;0;315;307;50.5;38.2;;;
48.879067;2.302794;42.34;-162.2;0;315;307;50.52;38.18;;;
48.879011;2.302533;42.4;-162;0;315;307;50.54;38.16;;;
48.878956;2.302275;42.45;-162.6;0;315;307;50.56;38.14;;;
48.878903;2.302014;42.56;-161.9;0;315;307;50.58;38.12;;;
48.87885;2.301753;42.64;-161.9;0;315;307;50.6;38.1;;;
48.878797;2.301494;42.68;-162;0;315;307;50.62;38.08;;;
48.878744;2.301233;42.71;-163.8;0;315;307;50.64;38.06;;;
48.878689;2.300972;42.7;-162;0;315;307;50.66;38.04;;;
48.878633;2.300714;42.77;-159.8;0;315;307;50.68;38.02;;;
48.878578;2.300456;42.77;-161.5;0;315;307;50.7;38;;;
48.878522;2.300194;42.77;-162;0;315;307;50.72;37.98;;;
48.878467;2.299936;42.86;-162.6;0;315;307;50.74;37.96;;;
48.878411;2.299678;42.83;-161.6;0;315;307;50.76;37.94;;;
48.878356;2.299417;42.77;-162.5;0;316;306;50.78;37.92;;;
48.8783;2.299158;42.78;-162;0;316;306;50.8;37.9;;;
48.87825;2.298897;42.78;-163.8;0;316;306;50.82;37.88;;;
48.878283;2.298631;42.52;165.6;0;316;306;50.84;37.86;;;
48.878406;2.298444;42.23;120.5;0;317;305;50.86;37.84;;;
48.87845;2.298217;42.1;-170.7;1;318;304;50.88;37.82;;;
48.878378;2.297969;42.41;-152.5;1;318;304;50.9;37.8;;;
48.878239;2.2978;42.46;-121.3;2;319;303;50.92;37.78;;;
48.878064;2.29775;42.83;-93.3;2;320;302;50.94;37.76;;;
48.877886;2.297758;43.09;-87.9;2;320;302;50.96;37.74;;;
48.877706;2.297786;43.54;-83;3;321;301;50.98;37.72;;;
48.877533;2.297742;44.25;-107;3;322;300;51;37.7;;;
48.877369;2.297628;44.98;-114.1;4;323;299;51.02;37.68;;;
48.877206;2.297517;45.7;-114.3;4;323;299;51.04;37.66;;;
48.877042;2.297403;46.43;-115.5;4;324;298;51.06;37.64;;;
48.876878;2.297292;47.14;-114.3;4;325;297;51.08;37.62;;;
48.876714;2.297178;47.83;-115.5;3;325;297;51.1;37.6;;;
48.87655;2.297058;48.4;-115.8;3;326;296;51.12;37.58;;;
48.876389;2.296939;49.09;-116.6;3;327;295;51.14;37.56;;;
48.876228;2.296819;49.85;-115.9;3;327;295;51.16;37.54;;;
48.876067;2.2967;50.59;-116.6;3;328;294;51.18;37.52;;;
48.875906;2.296583;51.12;-115.9;3;328;294;51.2;37.5;;;
48.875744;2.296458;51.85;-117.5;3;329;293;51.22;37.48;;;
48.875583;2.296333;52.61;-117.5;3;330;292;51.24;37.46;;;
48.875425;2.296206;53.35;-117.1;3;330;292;51.26;37.44;;;
48.875267;2.296078;53.92;-115.5;3;330;292;51.28;37.42;;;
48.875103;2.295964;54.59;-113.5;3;330;292;51.3;37.4;;;
48.874939;2.295856;55.2;-112.4;3;330;292;51.32;37.38;;;
48.874775;2.295744;55.83;-114.5;3;330;292;51.34;37.36;;;
48.874611;2.295633;56.42;-114.5;2;330;292;51.36;37.34;;;
48.874447;2.295517;56.92;-115.2;2;330;292;51.38;37.32;;;
48.874378;2.295347;57.3;171.7;1;331;291;51.4;37.3;;;
48.874428;2.295086;57.3;165.9;1;331;291;51.42;37.28;;;
48.874406;2.294817;57.27;-169.6;0;331;291;51.44;37.26;;;
48.874344;2.294564;57.37;-154.1;0;331;291;51.46;37.24;;;
48.874244;2.294339;57.32;-144;0;331;291;51.48;37.22;;;
48.874108;2.294161;57.42;-127.9;0;331;291;51.5;37.2;;;
48.873939;2.294067;57.41;-108.6;0;331;291;51.52;37.18;;;
48.873761;2.29405;57.43;-86.7;0;331;291;51.54;37.16;;;
48.873589;2.294131;57.53;-72.2;0;331;291;51.56;37.14;;;
48.873433;2.294253;57.53;-57;0;331;291;51.58;37.12;;;
48.873314;2.294458;57.63;-40;0;331;291;51.6;37.1;;;
48.873239;2.294703;57.76;-21.9;0;331;291;51.62;37.08;;;
48.8732;2.294969;57.72;-11;0;331;291;51.64;37.06;;;
48.8732;2.295233;57.68;11.2;0;331;291;51.66;37.04;;;
48.873272;2.295481;57.61;29.8;-1;331;291;51.68;37.02;;;
48.873394;2.295681;57.58;47.5;-1;331;291;51.7;37;;;
48.873511;2.295853;57.51;36;-2;331;291;51.72;36.98;;;
48.873433;2.2961;56.92;-25.9;-2;331;291;51.74;36.96;;;
48.873358;2.296347;56.46;-25.9;-2;331;291;51.76;36.94;;;
48.873286;2.296597;55.98;-23.6;-2;331;291;51.78;36.92;;;
48.873214;2.296847;55.46;-23.6;-3;331;291;51.8;36.9;;;
48.873142;2.297097;54.98;-23.6;-3;331;291;51.82;36.88;;;
48.873061;2.297339;54.49;-25.9;-3;331;291;51.84;36.86;;;
48.872983;2.297586;53.91;-25.9;-3;331;291;51.86;36.84;;;
48.872903;2.297831;53.29;-25.7;-3;331;291;51.88;36.82;;;
48.872825;2.298075;52.66;-25.9;-3;331;291;51.9;36.8;;;
48.872747;2.298319;52.13;-25.9;-3;331;291;51.92;36.78;;;
48.872667;2.298567;51.53;-25.7;-3;331;291;51.94;36.76;;;
48.872592;2.298814;50.9;-25.4;-3;331;291;51.96;36.74;;;
48.872517;2.299061;50.37;-25.9;-3;331;291;51.98;36.72;;;
48.872436;2.299303;49.89;-26.3;-3;331;291;52;36.7;;;
48.87235;2.299544;49.34;-29.3;-3;331;291;52.02;36.68;;;
48.872269;2.299786;48.84;-28.2;-3;331;291;52.04;36.66;;;
48.872189;2.300031;48.22;-25.7;-3;331;291;52.06;36.64;;;
48.872114;2.300281;47.69;-23.6;-3;331;291;52.08;36.62;;;
48.872036;2.300525;47.08;-27.6;-3;331;291;52.1;36.6;;;
48.871956;2.300767;46.65;-25.7;-3;331;291;52.12;36.58;;;
48.871875;2.301011;46.12;-28.2;-3;331;291;52.14;36.56;;;
48.871792;2.301253;45.56;-27.4;-3;331;291;52.16;36.54;;;
48.871711;2.301497;45.07;-27.6;-3;331;291;52.18;36.52;;;
48.871631;2.301742;44.48;-25.2;-3;331;291;52.2;36.5;;;
48.87155;2.301983;43.9;-25.9;-3;331;291;52.22;36.48;;;
48.871469;2.302228;43.41;-25.9;-3;331;291;52.24;36.46;;;
48.871394;2.302478;42.93;-24.2;-3;331;291;52.26;36.44;;;
48.871314;2.302719;42.39;-25.9;-3;331;291;52.28;36.42;;;
48.871236;2.302967;41.91;-25.7;-2;331;291;52.3;36.4;;;
48.871158;2.303211;41.49;-25.9;-2;331;291;52.32;36.38;;;
48.871078;2.303456;41.02;-25.7;-2;331;291;52.34;36.36;;;
48.871003;2.303706;40.52;-25.4;-2;331;291;52.36;36.34;;;
48.870928;2.30395;40.18;-25.9;-2;331;291;52.38;36.32;;;
48.870844;2.304194;39.74;-27.6;-2;331;291;52.4;36.3;;;
48.870769;2.304442;39.32;-24.2;-2;331;291;52.42;36.28;;;
48.870692;2.304686;38.89;-25.9;-2;331;291;52.44;36.26;;;
48.870614;2.304931;38.52;-24;-2;331;291;52.46;36.24;;;
48.870539;2.305181;38.22;-25.4;-2;331;291;52.48;36.22;;;
48.870461;2.305425;37.8;-25.9;-2;331;291;52.5;36.2;;;
48.870386;2.305672;37.41;-25.9;-2;331;291;52.52;36.18;;;
48.870311;2.305919;37.1;-24.2;-2;331;291;52.54;36.16;;;
48.870233;2.306167;36.76;-25.7;-2;331;291;52.56;36.14;;;
48.870158;2.306414;36.58;-25.9;-2;331;291;52.58;36.12;;;
48.870086;2.306664;36.3;-23.6;-1;331;291;52.6;36.1;;;
48.870011;2.306911;36.1;-25.9;-1;331;291;52.62;36.08;;;
48.869933;2.307158;35.84;-25.9;-1;331;291;52.64;36.06;;;
48.869856;2.307403;35.51;-25.3;-1;331;291;52.66;36.04;;;
48.869775;2.307647;35.23;-27.6;-1;331;291;52.68;36.02;;;
48.869697;2.307892;35.03;-25.7;-1;331;291;52.7;36;;;
48.869617;2.308136;34.78;-25.9;-1;331;291;52.72;35.98;;;
48.869536;2.308381;34.52;-25.7;-1;331;291;52.74;35.96;;;
48.869456;2.308625;34.28;-25.3;-1;331;291;52.76;35.94;;;
48.869381;2.308872;34.05;-24.8;-1;331;291;52.78;35.92;;;
48.869303;2.309119;33.79;-25.4;-1;331;291;52.8;35.9;;;
48.869228;2.309364;33.64;-24.2;-1;331;291;52.82;35.88;;;
48.869153;2.309614;33.49;-23.6;-1;331;291;52.84;35.86;;;
48.869069;2.309856;33.37;-29.7;-1;331;291;52.86;35.84;;;
48.868983;2.310094;33.28;-29.9;-1;331;291;52.88;35.82;;;
48.8689;2.310336;33.11;-27.6;-1;331;291;52.9;35.8;;;
48.868819;2.310581;32.95;-25.4;-1;331;291;52.92;35.78;;;
48.868744;2.310828;32.81;-25.4;-1;331;291;52.94;35.76;;;
48.868664;2.311069;32.7;-28.2;-1;331;291;52.96;35.74;;;
48.868583;2.311314;32.62;-25.9;-1;331;291;52.98;35.72;;;
48.868511;2.311564;32.57;-23.6;0;331;291;53;35.7;;;
48.868433;2.311808;32.57;-25.9;0;331;291;53.02;35.68;;;
48.868353;2.312056;32.57;-26.9;0;331;291;53.04;35.66;;;
48.868281;2.312303;32.53;-23.6;0;331;291;53.06;35.64;;;
48.868203;2.31255;32.54;-25.4;0;331;291;53.08;35.62;;;
48.868125;2.312794;32.56;-25.9;0;331;291;53.1;35.6;;;
48.868047;2.313042;32.58;-25.7;0;331;291;53.12;35.58;;;
48.867969;2.313286;32.6;-25.9;0;331;291;53.14;35.56;;;
48.867889;2.313531;32.65;-27.4;0;331;291;53.16;35.54;;;
48.867808;2.313775;32.79;-27.6;0;331;291;53.18;35.52;;;
48.867731;2.314019;32.85;-25.3;0;331;291;53.2;35.5;;;
48.867647;2.314261;32.83;-28.2;0;331;291;53.22;35.48;;;
48.867569;2.314508;32.82;-25.4;0;331;291;53.24;35.46;;;
48.867494;2.314756;32.7;-24.2;0;331;291;53.26;35.44;;;
48.867417;2.315003;32.73;-26.5;0;331;291;53.28;35.42;;;
48.867339;2.315247;32.65;-25.9;0;331;291;53.3;35.4;;;
48.867261;2.315494;32.58;-25.4;0;331;291;53.32;35.38;;;
48.867186;2.315739;32.63;-25.9;0;331;291;53.34;35.36;;;
48.867108;2.315986;32.7;-25.9;0;331;291;53.36;35.34;;;
48.867033;2.316233;32.69;-25.9;0;331;291;53.38;35.32;;;
48.866958;2.316481;32.64;-25.7;0;331;291;53.4;35.3;;;
48.866881;2.316728;32.64;-25.3;0;331;291;53.42;35.28;;;
48.866806;2.316975;32.67;-23.6;0;331;291;53.44;35.26;;;
48.866728;2.317222;32.66;-25.4;0;331;291;53.46;35.24;;;
48.866653;2.317469;32.64;-25.4;0;331;291;53.48;35.22;;;
48.866575;2.317714;32.61;-25.9;0;331;291;53.5;35.2;;;
48.866497;2.317958;32.6;-25.9;0;331;291;53.52;35.18;;;
48.866417;2.318206;32.61;-25.7;0;331;291;53.54;35.16;;;
48.866339;2.31845;32.61;-25.9;0;331;291;53.56;35.14;;;
48.866261;2.318694;32.62;-25.9;0;331;291;53.58;35.12;;;
48.866183;2.318942;32.64;-25.4;0;331;291;53.6;35.1;;;
48.8661;2.319183;32.65;-28.2;0;331;291;53.62;35.08;;;
48.866019;2.319428;32.63;-25.9;0;331;291;53.64;35.06;;;
48.865942;2.319672;32.6;-25.9;0;331;291;53.66;35.04;;;
48.865861;2.319917;32.63;-27.4;0;331;291;53.68;35.02;;;
48.865786;2.320164;32.55;-25.4;0;332;290;53.7;35;;;
48.865711;2.320411;32.43;-23.6;0;332;290;53.72;34.98;;;
48.865633;2.320658;32.59;-25.4;0;332;290;53.74;34.96;;;
48.865478;2.320553;32.57;-116.6;0;333;289;53.76;34.94;;;
48.865317;2.320428;32.62;-116.6;0;333;289;53.78;34.92;;;
48.865156;2.320308;32.65;-113.9;1;333;289;53.8;34.9;;;
48.864981;2.320258;32.72;-97.2;1;333;289;53.82;34.88;;;
48.864806;2.320289;32.98;-82.6;1;333;289;53.84;34.86;;;
48.864625;2.320289;33.2;-90;1;333;289;53.86;34.84;;;
48.864444;2.320311;33.74;-84.1;1;333;289;53.88;34.82;;;
48.864278;2.320239;34.22;-115.5;0;333;289;53.9;34.8;;;
48.864117;2.320119;34.73;-117;0;333;289;53.92;34.78;;;
48.864022;2.320303;34.67;-28;0;333;289;53.94;34.76;;;
48.863942;2.320547;34.17;-25.9;0;333;289;53.96;34.74;;;
48.863858;2.320792;33.77;-27.4;0;333;289;53.98;34.72;;;
48.863778;2.321033;33.42;-27.1;-1;333;289;54;34.7;;;
48.863694;2.321275;33.12;-28.2;-1;333;289;54.02;34.68;;;
48.863614;2.321519;32.83;-27.6;-1;333;289;54.04;34.66;;;
48.863536;2.321764;32.61;-25.9;-1;333;289;54.06;34.64;;;
48.863458;2.322011;32.47;-25.4;-1;333;289;54.08;34.62;;;
48.863381;2.322256;32.23;-25.2;0;334;288;54.1;34.6;;;
48.863303;2.3225;32.23;-25.9;0;334;288;54.12;34.58;;;
48.863225;2.322747;32.29;-25.9;0;334;288;54.14;34.56;;;
48.863147;2.322994;32.36;-25.4;0;334;288;54.16;34.54;;;
48.863069;2.323239;32.51;-25.9;0;334;288;54.18;34.52;;;
48.862994;2.323486;32.59;-24.7;0;334;288;54.2;34.5;;;
48.862917;2.323733;32.65;-25.4;0;334;288;54.22;34.48;;;
48.862839;2.323978;32.75;-25.9;0;334;288;54.24;34.46;;;
48.862761;2.324222;32.83;-25.9;0;334;288;54.26;34.44;;;
48.862681;2.324469;32.91;-24.8;0;334;288;54.28;34.42;;;
48.862603;2.324714;33.03;-25.9;0;334;288;54.3;34.4;;;
48.862525;2.324958;33.15;-25.9;0;334;288;54.32;34.38;;;
48.862444;2.325203;33.25;-27.6;0;335;287;54.34;34.36;;;
48.862367;2.32545;33.17;-25.4;0;335;287;54.36;34.34;;;
48.862289;2.325694;33.27;-25.9;0;335;287;54.38;34.32;;;
48.862214;2.325942;33.46;-25.7;0;335;287;54.4;34.3;;;
48.862128;2.326183;33.52;-28.7;0;335;287;54.42;34.28;;;
48.862044;2.326425;33.55;-27.6;0;335;287;54.44;34.26;;;
48.861967;2.326669;33.64;-25.9;0;335;287;54.46;34.24;;;
48.861889;2.326917;33.77;-25.4;0;335;287;54.48;34.22;;;
48.861814;2.327161;33.81;-25.9;0;335;287;54.5;34.2;;;
48.861736;2.327408;33.85;-25.4;0;335;287;54.52;34.18;;;
48.861658;2.327653;34;-25.9;0;336;286;54.54;34.16;;;
48.861578;2.327897;34.04;-27.1;0;336;286;54.56;34.14;;;
48.861497;2.328142;34.13;-25.7;0;336;286;54.58;34.12;;;
48.861417;2.328383;34.25;-25.9;1;336;286;54.6;34.1;;;
48.861333;2.328628;34.44;-27.6;1;336;286;54.62;34.08;;;
48.861253;2.328869;34.56;-27.6;1;336;286;54.64;34.06;;;
48.861172;2.329114;34.68;-27.6;1;336;286;54.66;34.04;;;
48.861094;2.329358;34.83;-25.9;0;336;286;54.68;34.02;;;
48.861014;2.329606;34.93;-27.1;0;336;286;54.7;34;;;
48.860936;2.32985;35.03;-25.9;-1;336;286;54.72;33.98;;;
48.860858;2.330094;35.17;-25.9;-1;336;286;54.74;33.96;;;
48.861;2.330103;34.9;75.4;-1;336;286;54.76;33.94;;;
48.861161;2.330222;34.49;63.4;-1;336;286;54.78;33.92;;;
48.861322;2.330344;34.01;63.4;0;336;286;54.8;33.9;;;
48.861483;2.330464;33.96;63.4;0;336;286;54.82;33.88;;;
48.861644;2.330586;33.92;63.4;0;336;286;54.84;33.86;;;
48.861803;2.330714;33.88;62.5;0;336;286;54.86;33.84;;;
48.861961;2.330842;33.83;61.6;0;336;286;54.88;33.82;;;
48.862119;2.330969;33.79;61.7;0;336;286;54.9;33.8;;;
48.862286;2.331078;33.75;67.2;0;336;286;54.92;33.78;;;
48.862447;2.331192;33.7;65.3;0;336;286;54.94;33.76;;;
48.862611;2.331303;33.66;65.3;0;336;286;54.96;33.74;;;
48.862775;2.331417;33.61;65.5;0;336;286;54.98;33.72;;;
48.862939;2.331528;33.57;65.5;0;336;286;55;33.7;;;
48.863103;2.331644;33.53;64.8;0;336;286;55.02;33.68;;;
48.863264;2.331764;33.48;64.8;0;336;286;55.04;33.66;;;
48.863428;2.331878;33.7;65.5;0;336;286;55.06;33.64;;;
48.863592;2.331992;33.65;66.3;0;336;286;55.08;33.62;;;
48.863747;2.332081;33.74;74.8;0;336;286;55.1;33.6;;;
48.863822;2.331833;33.67;154.3;0;336;286;55.12;33.58;;;
48.863903;2.331589;33.59;152.4;0;336;286;55.14;33.56;;;
48.863983;2.331344;33.61;153.1;0;336;286;55.16;33.54;;;
48.864061;2.3311;33.59;154.1;0;336;286;55.18;33.52;;;
48.864142;2.330856;33.53;154.1;0;336;286;55.2;33.5;;;
48.864219;2.330611;33.52;154.7;0;336;286;55.22;33.48;;;
48.8643;2.330367;33.61;152.4;0;336;286;55.24;33.46;;;
48.864378;2.330119;33.62;154.3;0;336;286;55.26;33.44;;;
48.864458;2.329878;33.56;152.4;0;336;286;55.28;33.42;;;
48.864542;2.329633;33.52;152.6;0;336;286;55.3;33.4;;;
48.864622;2.329392;33.49;152.9;0;336;286;55.32;33.38;;;
48.864703;2.329147;33.38;154.1;0;336;286;55.34;33.36;;;
48.864783;2.328903;33.37;154.1;0;336;286;55.36;33.34;;;
48.864864;2.328661;33.35;154.1;0;336;286;55.38;33.32;;;
48.864944;2.328417;33.38;154.7;0;336;286;55.4;33.3;;;
48.865022;2.328169;33.39;154.6;0;336;286;55.42;33.28;;;
48.8651;2.327925;33.29;154.1;0;336;286;55.44;33.26;;;
48.865181;2.327681;33.24;154.1;0;336;286;55.46;33.24;;;
48.865258;2.327436;33.26;154.1;0;336;286;55.48;33.22;;;
48.865339;2.327192;33.33;154.1;0;336;286;55.5;33.2;;;
48.865419;2.326947;33.23;152.9;0;336;286;55.52;33.18;;;
48.865497;2.326703;33.22;154.1;0;336;286;55.54;33.16;;;
48.865578;2.326458;33.27;154.3;0;336;286;55.56;33.14;;;
48.865658;2.326214;33.35;152.9;0;336;286;55.58;33.12;;;
48.865736;2.325969;33.31;154.3;0;336;286;55.6;33.1;;;
48.865811;2.325722;33.3;154.1;0;336;286;55.62;33.08;;;
48.865886;2.325475;33.34;155.8;0;336;286;55.64;33.06;;;
48.865964;2.325228;33.35;154.1;0;336;286;55.66;33.04;;;
48.866039;2.324981;33.24;154.1;0;336;286;55.68;33.02;;;
48.866122;2.324736;33.22;152.9;0;336;286;55.7;33;;;
48.866203;2.324494;33.24;152.6;0;336;286;55.72;32.98;;;
48.866283;2.32425;33.22;152.9;0;336;286;55.74;32.96;;;
48.866344;2.323997;33.12;165.7;0;336;286;55.76;32.94;;;
48.866369;2.323728;32.86;176.8;0;336;286;55.78;32.92;;;
48.866344;2.323458;32.78;-169.1;0;336;286;55.8;32.9;;;
48.866392;2.323197;32.83;160.2;0;336;286;55.82;32.88;;;
48.866453;2.322942;32.84;159.6;0;336;286;55.84;32.86;;;
48.866517;2.322689;32.91;157.5;0;336;286;55.86;32.84;;;
48.866581;2.322433;32.98;158;0;336;286;55.88;32.82;;;
48.866644;2.322178;33.03;160.4;0;336;286;55.9;32.8;;;
48.866642;2.321961;33.06;-149.3;0;336;286;55.92;32.78;;;
48.866497;2.321811;32.88;-130.2;0;336;286;55.94;32.76;;;
48.866386;2.321597;32.71;-141.2;0;336;286;55.96;32.74;;;
48.866283;2.321372;32.7;-147.4;0;336;286;55.98;32.72;;;
48.866186;2.32115;32.71;-138.6;0;336;286;56;32.7;;;
48.866031;2.321014;32.7;-120.5;0;337;285;56.02;32.68;;;
48.865875;2.320878;32.69;-120.2;0;337;285;56.04;32.66;;;
48.865719;2.320744;32.62;-118.4;0;337;285;56.06;32.64;;;
48.865664;2.320561;32.49;162;0;337;285;56.08;32.62;;;
48.865739;2.320314;32.47;154.6;0;337;285;56.1;32.6;;;
48.865814;2.320069;32.57;156;0;337;285;56.12;32.58;;;
48.865892;2.319822;32.62;154.1;0;337;285;56.14;32.56;;;
48.865972;2.319578;32.63;154.1;0;337;285;56.16;32.54;;;
48.86605;2.319331;32.64;154.6;0;337;285;56.18;32.52;;;
48.866133;2.319092;32.65;152.4;0;337;285;56.2;32.5;;;
48.866214;2.318844;32.63;152.9;0;337;285;56.22;32.48;;;
48.866292;2.3186;32.62;154.1;0;337;285;56.24;32.46;;;
48.866369;2.318356;32.6;154.7;0;337;285;56.26;32.44;;;
48.866447;2.318111;32.62;154.1;0;337;285;56.28;32.42;;;
48.866528;2.317864;32.61;152.4;0;337;285;56.3;32.4;;;
48.866606;2.317619;32.61;154.3;0;337;285;56.32;32.38;;;
48.866683;2.317372;32.64;154.6;0;337;285;56.34;32.36;;;
48.866758;2.317125;32.69;154.6;0;337;285;56.36;32.34;;;
48.866833;2.316878;32.67;154.6;0;337;285;56.38;32.32;;;
48.866911;2.316633;32.63;154.3;0;337;285;56.4;32.3;;;
48.866989;2.316386;32.66;154.1;0;337;285;56.42;32.28;;;
48.867064;2.316139;32.71;154.6;0;337;285;56.44;32.26;;;
48.867139;2.315892;32.69;154.1;0;337;285;56.46;32.24;;;
48.867217;2.315644;32.61;154.6;0;337;285;56.48;32.22;;;
48.867292;2.315397;32.61;154.6;0;337;285;56.5;32.2;;;
48.867369;2.315153;32.7;154.7;0;337;285;56.52;32.18;;;
48.867447;2.314906;32.7;154.6;0;337;285;56.54;32.16;;;
48.867522;2.314658;32.75;156.4;0;337;285;56.56;32.14;;;
48.8676;2.314411;32.81;154.6;0;337;285;56.58;32.12;;;
48.867678;2.314167;32.85;154.1;0;337;285;56.6;32.1;;;
48.867758;2.313925;32.8;155.8;0;337;285;56.62;32.08;;;
48.867839;2.313681;32.73;154.1;0;337;285;56.64;32.06;;;
48.867922;2.313436;32.59;152.9;0;337;285;56.66;32.04;;;
48.868;2.313192;32.59;154.1;0;337;285;56.68;32.02;;;
48.868078;2.312947;32.58;154.1;0;337;285;56.7;32;15;;
48.868156;2.3127;32.56;154.1;0;337;285;56.72;31.98;;;
48.868233;2.312453;32.54;154.6;0;337;285;56.74;31.96;;;
48.868308;2.312206;32.55;156.4;0;337;285;56.76;31.94;;;
48.868383;2.311961;32.58;154.1;0;337;285;56.78;31.92;;;
48.868464;2.311714;32.56;152.4;0;337;285;56.8;31.9;;;
48.868539;2.311467;32.57;154.6;0;338;284;56.82;31.88;;;
48.868614;2.311219;32.66;154.3;0;338;284;56.84;31.86;;;
48.868697;2.310978;32.74;150.7;0;338;284;56.86;31.84;;;
48.868775;2.310731;32.83;154.6;0;338;284;56.88;31.82;;;
48.86885;2.310483;32.96;154.6;1;338;284;56.9;31.8;;;
48.868931;2.310242;33.18;152.4;1;339;283;56.92;31.78;;;
48.869017;2.310003;33.31;149.5;1;339;283;56.94;31.76;;;
48.869106;2.309764;33.41;150.1;1;339;283;56.96;31.74;;;
48.869181;2.309517;33.55;154.6;1;339;283;56.98;31.72;;;
48.869256;2.309269;33.71;154.3;1;340;282;57;31.7;;;
48.869333;2.309022;33.86;154.6;1;340;282;57.02;31.68;;;
48.869408;2.308778;34.12;155.8;1;340;282;57.04;31.66;;;
48.869486;2.308531;34.38;154.1;1;340;282;57.06;31.64;;;
48.869567;2.308286;34.65;154.1;1;341;281;57.08;31.62;;;
48.869647;2.308042;34.88;152.9;1;341;281;57.1;31.6;;;
48.869728;2.307797;35.11;152.4;1;341;281;57.12;31.58;;;
48.869806;2.307553;35.37;154.1;1;341;281;57.14;31.56;;;
48.869886;2.307308;35.63;154.3;1;342;280;57.16;31.54;;;
48.869964;2.307064;35.95;154.1;1;342;280;57.18;31.52;;;
48.870042;2.306817;36.2;154.1;1;343;279;57.2;31.5;;;
48.870114;2.306569;36.45;156;1;343;279;57.22;31.48;;;
48.870189;2.306319;36.66;154.6;1;343;279;57.24;31.46;;;
48.870264;2.306072;36.9;154.1;1;344;278;57.26;31.44;;;
48.870339;2.305825;37.23;155.8;1;344;278;57.28;31.42;;;
48.870417;2.305578;37.58;154.1;2;345;277;57.3;31.4;;;
48.870492;2.305331;37.95;154.1;2;345;277;57.32;31.38;;;
48.870569;2.305083;38.31;155.2;2;345;277;57.34;31.36;;;
48.870642;2.304836;38.68;156.4;2;346;276;57.36;31.34;;;
48.870722;2.304592;39.1;154.1;2;346;276;57.38;31.32;;;
48.870797;2.304344;39.48;156.4;2;347;275;57.4;31.3;;;
48.870878;2.3041;39.85;152.4;2;347;275;57.42;31.28;;;
48.870958;2.303856;40.29;152.9;2;348;274;57.44;31.26;;;
48.871033;2.303608;40.75;154.6;2;348;274;57.46;31.24;;;
48.871108;2.303361;41.2;154.1;2;349;273;57.48;31.22;;;
48.871189;2.303117;41.68;152.4;2;349;273;57.5;31.2;;;
48.871267;2.302872;42.15;154.1;2;350;272;57.52;31.18;;;
48.871344;2.302625;42.53;154.7;2;350;272;57.54;31.16;;;
48.871422;2.302381;43.07;155.8;2;351;271;57.56;31.14;;;
48.8715;2.302133;43.63;154.3;2;352;270;57.58;31.12;;;
48.871581;2.301889;44.21;152.4;3;352;270;57.6;31.1;;;
48.871661;2.301647;44.7;152.4;3;353;269;57.62;31.08;;;
48.871742;2.301403;45.28;154.1;3;353;269;57.64;31.06;;;
48.871822;2.301161;45.76;153.7;3;354;268;57.66;31.04;;;
48.871906;2.300917;46.27;152.4;3;354;268;57.68;31.02;;;
48.871986;2.300675;46.77;154.1;3;355;267;57.7;31;;;
48.872069;2.300433;47.38;152.6;3;355;267;57.72;30.98;;;
48.872142;2.300183;47.9;156.4;3;356;266;57.74;30.96;;;
48.872219;2.299936;48.46;154.7;3;357;265;57.76;30.94;;;
48.8723;2.299694;49.05;152;3;357;265;57.78;30.92;;;
48.872383;2.299453;49.54;152.4;3;358;264;57.8;30.9;;;
48.872467;2.299211;50.09;152;3;358;264;57.82;30.88;;;
48.872547;2.298967;50.61;154.1;3;359;263;57.84;30.86;;;
48.872622;2.298717;51.21;154.6;3;359;263;57.86;30.84;;;
48.872697;2.298472;51.75;154.1;3;360;262;57.88;30.82;;;
48.872778;2.298225;52.36;152.4;3;360;262;57.9;30.8;;;
48.872856;2.297981;52.97;154.1;3;361;261;57.92;30.78;;;
48.872933;2.297736;53.47;154.1;3;361;261;57.94;30.76;;;
48.873014;2.297492;54.09;152.4;3;362;260;57.96;30.74;;;
48.873092;2.297244;54.73;154.3;3;362;260;57.98;30.72;;;
48.873169;2.297;55.22;156.4;3;362;260;58;30.7;;;
48.873242;2.29675;55.66;156.4;3;362;260;58.02;30.68;;;
48.873314;2.2965;56.13;156.4;3;362;260;58.04;30.66;;;
48.873389;2.296253;56.66;154.1;2;362;260;58.06;30.64;;;
48.873464;2.296006;57.23;154.1;2;362;260;58.08;30.62;;;
48.873564;2.295842;57.64;112.8;1;362;260;58.1;30.6;;;
48.873736;2.295919;57.57;74.6;1;362;260;58.12;30.58;;;
48.873914;2.295944;57.49;89.2;0;362;260;58.14;30.56;;;
48.874086;2.295878;57.43;109.2;-1;362;260;58.16;30.54;;;
48.874233;2.295728;57.24;130.6;-1;362;260;58.18;30.52;;;
48.874331;2.2955;57.27;151.8;-2;362;260;58.2;30.5;;;
48.874478;2.295542;56.87;64.4;-2;362;260;58.22;30.48;;;
48.874642;2.295656;56.29;64.4;-3;362;260;58.24;30.46;;;
48.874806;2.295767;55.67;65.5;-3;362;260;58.26;30.44;;;
48.874972;2.295875;55.05;67.2;-3;362;260;58.28;30.42;;;
48.875136;2.295983;54.43;67.6;-3;362;260;58.3;30.4;;;
48.8753;2.2961;53.73;65.3;-3;362;260;58.32;30.38;;;
48.875456;2.296233;53.18;59.8;-3;362;260;58.34;30.36;;;
48.875617;2.296358;52.41;62.5;-3;362;260;58.36;30.34;;;
48.875775;2.296483;51.69;62.5;-3;362;260;58.38;30.32;;;
48.875936;2.296606;51.12;64.1;-3;362;260;58.4;30.3;;;
48.876097;2.296725;50.4;63.4;-3;362;260;58.42;30.28;;;
48.876261;2.296842;49.65;64.9;-3;362;260;58.44;30.26;;;
48.876422;2.296964;48.91;63.4;-3;362;260;58.46;30.24;;;
48.876583;2.297083;48.4;63.4;-3;362;260;58.48;30.22;;;
48.876744;2.2972;47.69;64.5;-3;362;260;58.5;30.2;;;
48.876908;2.297314;46.95;65.3;-3;362;260;58.52;30.18;;;
48.877072;2.297425;46.25;65.3;-3;362;260;58.54;30.16;;;
48.877236;2.297539;45.53;64.5;-3;362;260;58.56;30.14;;;
48.8774;2.29765;44.96;65.5;-3;362;260;58.58;30.12;;;
48.877564;2.297767;44.25;63.7;-2;362;260;58.6;30.1;;;
48.877675;2.297981;43.72;38;-2;362;260;58.62;30.08;;;
48.877764;2.298214;43.68;28;-2;362;260;58.64;30.06;;;
48.877894;2.2984;43.46;48.4;-2;362;260;58.66;30.04;;;
48.878042;2.29855;43.16;48.9;-1;362;260;58.68;30.02;;;
48.878158;2.298758;42.89;40.8;-1;362;260;58.7;30;;;
48.878264;2.298972;42.67;31;0;362;260;58.72;29.98;;;
48.878317;2.299233;42.75;18.1;0;362;260;58.74;29.96;;;
48.878372;2.299492;42.81;18.4;0;362;260;58.76;29.94;;;
48.878428;2.299753;42.86;18;0;362;260;58.78;29.92;;;
48.878481;2.300011;42.81;16.5;0;362;260;58.8;29.9;;;
48.878539;2.300272;42.8;18.1;0;362;260;58.82;29.88;;;
48.878594;2.300531;42.79;17.4;0;362;260;58.84;29.86;;;
48.87865;2.300789;42.73;18;0;362;260;58.86;29.84;;;
48.878706;2.30105;42.75;18;0;362;260;58.88;29.82;;;
48.878758;2.301308;42.74;16.3;0;362;260;58.9;29.8;;;
48.878814;2.301569;42.7;18.1;0;362;260;58.92;29.78;;;
48.878867;2.301831;42.56;18;0;362;260;58.94;29.76;;;
48.878919;2.302089;42.51;17.8;0;362;260;58.96;29.74;;;
48.878972;2.30235;42.46;18;0;362;260;58.98;29.72;;;
48.879028;2.302611;42.39;18.1;0;362;260;59;29.7;;;
48.879083;2.302869;42.28;17.5;0;363;259;59.02;29.68;;;
48.879144;2.303125;42.27;21.4;0;363;259;59.04;29.66;;;
48.8792;2.303386;42.29;18.1;0;363;259;59.06;29.64;;;
48.879256;2.303644;42.25;18.1;0;363;259;59.08;29.62;;;
48.879311;2.303903;42.34;18.4;0;363;259;59.1;29.6;;;
48.879367;2.304164;42.41;18;0;363;259;59.12;29.58;;;
48.879422;2.304422;42.5;18.1;0;363;259;59.14;29.56;;;
48.879478;2.304681;42.59;18.4;0;363;259;59.16;29.54;;;
48.879536;2.304939;42.68;19.6;0;363;259;59.18;29.52;;;
48.879594;2.305197;42.71;19.6;0;363;259;59.2;29.5;;;
48.879656;2.305453;42.7;20.2;0;363;259;59.22;29.48;;;
48.879711;2.305714;42.76;18;0;363;259;59.24;29.46;;;
48.879767;2.305972;42.83;18.1;0;363;259;59.26;29.44;;;
48.879822;2.306233;42.91;18.1;0;363;259;59.28;29.42;;;
48.879878;2.306492;42.98;18;0;364;258;59.3;29.4;;;
48.879933;2.30675;43.05;17.8;0;364;258;59.32;29.38;;;
48.879989;2.307011;43.14;18.1;0;364;258;59.34;29.36;;;
48.880044;2.307269;43.22;17.5;0;364;258;59.36;29.34;;;
48.8801;2.307528;43.31;18.4;0;364;258;59.38;29.32;;;
48.880156;2.307786;43.38;18.4;1;364;258;59.4;29.3;;;
48.880214;2.308047;43.48;18.1;1;365;257;59.42;29.28;;;
48.880269;2.308306;43.56;17.4;1;365;257;59.44;29.26;;;
48.880342;2.308556;43.72;23.7;1;365;257;59.46;29.24;;;
48.880406;2.308811;43.99;19.9;1;365;257;59.48;29.22;;;
48.88045;2.309075;44.23;14.1;1;365;257;59.5;29.2;;;
48.880472;2.309344;44.3;7;1;366;256;59.52;29.18;;;
48.880497;2.309614;44.4;9.1;1;366;256;59.54;29.16;;;
48.880531;2.309883;44.51;10.8;1;366;256;59.56;29.14;;;
48.880564;2.31015;44.76;11;1;366;256;59.58;29.12;;;
48.880597;2.310419;44.99;10.1;1;367;255;59.6;29.1;;;
48.880631;2.310686;45.2;11;1;367;255;59.62;29.08;;;
48.880664;2.310956;45.47;10.7;1;367;255;59.64;29.06;;;
48.880697;2.311222;45.67;10.4;1;367;255;59.66;29.04;;;
48.880731;2.311492;45.92;10.8;1;368;254;59.68;29.02;;;
48.880761;2.311758;46.14;9.1;1;368;254;59.7;29;;;
48.880789;2.312028;46.4;9;1;368;254;59.72;28.98;;;
48.880822;2.312297;46.66;12.3;1;369;253;59.74;28.96;;;
48.880853;2.312564;46.88;9.1;1;369;253;59.76;28.94;;;
48.880881;2.312833;47.08;9.1;1;369;253;59.78;28.92;;;
48.880906;2.313103;47.35;7.8;2;370;252;59.8;28.9;;;
48.880933;2.313372;47.68;9.1;2;370;252;59.82;28.88;;;
48.880964;2.313642;48;9;2;370;252;59.84;28.86;;;
48.880994;2.313911;48.31;8.5;2;371;251;59.86;28.84;;;
48.881028;2.314181;48.65;10.7;2;371;251;59.88;28.82;;;
48.881058;2.314447;48.95;10.4;2;371;251;59.9;28.8;;;
48.881092;2.314717;49.23;10.8;2;372;250;59.92;28.78;;;
48.881125;2.314983;49.7;11;2;372;250;59.94;28.76;;;
48.881161;2.31525;50.12;11;2;372;250;59.96;28.74;;;
48.8812;2.315517;50.48;12.2;2;372;250;59.98;28.72;;;
48.881242;2.315783;50.78;14.7;1;372;250;60;28.7;;;
48.881283;2.316047;51.1;14.1;1;372;250;60.02;28.68;;;
48.881325;2.316314;51.38;14.1;1;372;250;60.04;28.66;;;
48.881325;2.316581;51.52;-7.1;1;373;249;60.06;28.64;;;
48.881317;2.316853;51.73;1.9;1;373;249;60.08;28.62;;;
48.88135;2.317119;51.87;12.3;1;373;249;60.1;28.6;;;
48.881389;2.317386;52.06;12.9;1;373;249;60.12;28.58;;;
48.881433;2.31765;52.22;14.3;1;373;249;60.14;28.56;;;
48.881483;2.317911;52.31;16.3;1;373;249;60.16;28.54;;;
48.881533;2.318175;52.43;16.2;1;373;249;60.18;28.52;;;
48.881581;2.318436;52.56;15.1;0;373;249;60.2;28.5;;;
48.881631;2.3187;52.69;16;0;373;249;60.22;28.48;;;
48.881686;2.318958;52.77;19.8;0;373;249;60.24;28.46;;;
48.881733;2.319222;52.84;16;0;373;249;60.26;28.44;;;
48.881781;2.319486;52.9;16;0;373;249;60.28;28.42;;;
48.881828;2.319747;52.94;16.3;0;373;249;60.3;28.4;;;
48.881881;2.320008;53.01;18.1;0;374;248;60.32;28.38;;;
48.881933;2.320269;53.07;17.5;0;374;248;60.34;28.36;;;
48.881986;2.320531;53.14;18;0;374;248;60.36;28.34;;;
48.882036;2.320792;53.2;16.2;0;374;248;60.38;28.32;;;
48.882089;2.321053;53.27;16.2;0;374;248;60.4;28.3;;;
48.882139;2.321314;53.33;14.3;0;374;248;60.42;28.28;;;
48.882186;2.321578;53.4;14;0;374;248;60.44;28.26;;;
48.882239;2.321839;53.46;16.2;0;374;248;60.46;28.24;;;
48.882292;2.322097;53.55;16.5;0;374;248;60.48;28.22;;;
48.882344;2.322358;53.67;17.5;1;375;247;60.5;28.2;;;
48.8824;2.322619;53.77;18.1;1;375;247;60.52;28.18;;;
48.882456;2.322878;53.89;18;1;375;247;60.54;28.16;;;
48.882511;2.323139;54.01;18;1;375;247;60.56;28.14;;;
48.882567;2.323397;54.19;18.1;1;376;246;60.58;28.12;;;
48.882617;2.323658;54.29;16.3;1;376;246;60.6;28.1;;;
48.882669;2.323919;54.44;16.3;1;376;246;60.62;28.08;;;
48.882722;2.324181;54.57;16.2;1;377;245;60.64;28.06;;;
48.882775;2.324442;54.75;18;1;377;245;60.66;28.04;;;
48.882831;2.3247;55;18;1;377;245;60.68;28.02;;;
48.882886;2.324958;55.29;18.5;2;378;244;60.7;28;;;
48.882942;2.325219;55.62;18.1;2;378;244;60.72;27.98;;;
48.882997;2.325478;55.9;18;2;378;244;60.74;27.96;;;
48.883047;2.325739;56.18;16.2;2;379;243;60.76;27.94;;;
48.8831;2.326;56.46;16.2;2;379;243;60.78;27.92;;;
48.883156;2.326261;56.89;18.1;2;379;243;60.8;27.9;;;
48.883208;2.326519;57.24;17.9;2;380;242;60.82;27.88;;;
48.883264;2.326781;57.71;18;2;380;242;60.84;27.86;;;
48.883314;2.327042;58.07;14;2;381;241;60.86;27.84;;;
48.883342;2.327311;58.45;10.8;2;381;241;60.88;27.82;;;
48.883389;2.327572;58.76;20.2;2;382;240;60.9;27.8;;;
48.883489;2.327797;59.1;38.3;2;382;240;60.92;27.78;;;
48.883594;2.328017;59.77;36;2;382;240;60.94;27.76;;;
48.883703;2.328236;60.03;36;2;383;239;60.96;27.74;;;
48.883817;2.328447;60.47;40.5;2;383;239;60.98;27.72;;;
48.883936;2.32865;61.02;45.1;2;383;239;61;27.7;;;
48.884064;2.328842;61.47;44.8;2;383;239;61.02;27.68;;;
48.884194;2.329031;61.92;46.6;2;383;239;61.04;27.66;;;
48.884322;2.329222;62.49;46;1;383;239;61.06;27.64;;;
48.884442;2.329425;63.21;41.1;1;383;239;61.08;27.62;;;
48.884408;2.329675;63.18;-20.2;0;383;239;61.1;27.6;;;
48.884347;2.329931;62.94;-20.2;0;383;239;61.12;27.58;;;
48.884281;2.330183;62.9;-21.9;-1;383;239;61.14;27.56;;;
48.884214;2.330436;62.67;-21.9;-1;383;239;61.16;27.54;;;
48.884147;2.330692;62.55;-22;-1;383;239;61.18;27.52;;;
48.884078;2.330942;62.37;-23.7;-1;383;239;61.2;27.5;;;
48.884008;2.331194;62.1;-23.7;-1;384;238;61.22;27.48;;;
48.883939;2.331444;61.96;-21.9;-1;385;237;61.24;27.46;;;
48.883869;2.331697;61.69;-22;0;385;237;61.26;27.44;;;
48.883803;2.33195;61.52;-21.4;0;386;236;61.28;27.42;;;
48.883736;2.332203;61.39;-21.9;1;388;234;61.3;27.4;;;
48.883639;2.332417;61.28;-33.3;1;389;233;61.32;27.38;;;
48.883661;2.332664;61.5;29.3;2;390;232;61.34;27.36;;;
48.883828;2.332753;62.25;81.6;3;391;231;61.36;27.34;;;
48.883981;2.332886;63.07;54.9;4;393;229;61.38;27.32;;;
48.884131;2.333039;63.96;56.7;4;394;228;61.4;27.3;;;
48.884278;2.333194;65.32;56;5;395;227;61.42;27.28;;;
48.884428;2.333347;66.35;55.6;6;396;226;61.44;27.26;;;
48.884575;2.333503;67.76;55.6;6;398;224;61.46;27.24;;;
48.884725;2.333653;69;56.7;6;399;223;61.48;27.22;;;
48.884875;2.3338;70.24;57.7;6;400;222;61.5;27.2;;;
48.885028;2.333944;71.35;57.7;6;400;222;61.52;27.18;;;
48.885178;2.334094;72.76;54.9;6;401;221;61.54;27.16;;;
48.885322;2.334256;73.96;53.5;6;402;220;61.56;27.14;;;
48.885469;2.334414;74.98;54.5;5;402;220;61.58;27.12;;;
48.885619;2.334564;76.45;56.7;5;403;219;61.6;27.1;;;
48.885769;2.334717;77.68;56.7;4;404;218;61.62;27.08;;;
48.885917;2.334689;78.62;125.8;4;405;217;61.64;27.06;;;
48.886042;2.334492;79.04;135.8;4;406;216;61.66;27.04;;;
48.886164;2.334294;79.54;137.1;4;407;215;61.68;27.02;;;
48.886286;2.334092;80.21;137.7;5;409;213;61.7;27;;;
48.886406;2.333889;80.84;136.7;5;410;212;61.72;26.98;;;
48.886572;2.333806;81.54;102.9;5;412;210;61.74;26.96;;;
48.88675;2.333842;82.64;82.8;5;413;209;61.76;26.94;;;
48.886928;2.333875;83.75;82.8;6;415;207;61.78;26.92;;;
48.887108;2.333908;84.89;83.3;6;417;205;61.8;26.9;;;
48.887269;2.334022;85.95;63.4;7;419;203;61.82;26.88;;;
48.887431;2.334142;87.44;64.4;7;420;202;61.84;26.86;;;
48.887592;2.334264;89.17;63.7;7;422;200;61.86;26.84;;;
48.887683;2.334486;90.69;19.6;7;423;199;61.88;26.82;;;
48.887661;2.33475;92.35;-13.1;8;425;197;61.9;26.8;;;
48.887583;2.334997;94.11;-25.4;8;427;195;61.92;26.78;;;
48.887506;2.335244;95.67;-24.8;8;428;194;61.94;26.76;;;
48.887447;2.3355;97.65;-20.2;8;430;192;61.96;26.74;;;
48.887394;2.335761;99.28;-16.3;8;432;190;61.98;26.72;;;
48.887347;2.336025;100.31;-14.1;8;433;189;62;26.7;;;
48.887317;2.336292;101.94;-7.1;8;435;187;62.02;26.68;;;
48.887294;2.336564;103.97;-7.6;8;436;186;62.04;26.66;;;
48.887275;2.336833;105.79;-7.2;8;437;185;62.06;26.64;;;
48.887253;2.337106;107.52;-7;8;438;184;62.08;26.62;;;
48.887239;2.337378;108.96;-3.2;7;439;183;62.1;26.6;;;
48.887181;2.337628;110.7;-29.8;7;441;181;62.12;26.58;;;
48.887075;2.33785;112.06;-36;7;442;180;62.14;26.56;;;
48.886972;2.338075;113.86;-35.3;7;444;178;62.16;26.54;;;
48.886869;2.338297;115.12;-36;7;445;177;62.18;26.52;;;
48.886767;2.338522;115.97;-35.5;7;446;176;62.2;26.5;;;
48.886764;2.338786;116.76;7;7;446;176;62.22;26.48;;;
48.886797;2.339047;118.07;16.5;7;447;175;62.24;26.46;;;
48.886922;2.339242;119.77;45.7;6;447;175;62.26;26.44;;;
48.887036;2.33945;121.68;37.8;6;447;175;62.28;26.42;;;
48.887017;2.339711;122.66;-14.1;5;448;174;62.3;26.4;;;
48.886964;2.339969;123.2;-14.4;5;448;174;62.32;26.38;;;
48.886928;2.340236;124.03;-14.4;4;448;174;62.34;26.36;;;
48.886833;2.340461;124.88;-39.6;3;448;174;62.36;26.34;;;
48.8867;2.340647;125.43;-48.2;1;448;174;62.38;26.32;;;
48.886639;2.3409;126.12;-18;0;448;174;62.4;26.3;16;summit;4
48.886611;2.341164;127.14;0;-2;448;174;62.42;26.28;;;
48.886539;2.341369;126.45;-49.3;-3;448;174;62.44;26.26;;;
48.886361;2.341369;124.88;-90;-4;448;174;62.46;26.24;;;
48.886181;2.341369;123.34;-90;-4;448;174;62.48;26.22;;;
48.886;2.341361;121.89;-91.2;-5;448;174;62.5;26.2;;;
48.885861;2.341472;120.4;-34.4;-5;448;174;62.52;26.18;;;
48.885814;2.341733;119.37;-14.4;-6;448;174;62.54;26.16;;;
48.885764;2.341994;118.19;-16.3;-5;448;174;62.56;26.14;;;
48.885717;2.342258;117.2;-14.4;-4;448;174;62.58;26.12;;;
48.885744;2.342514;116.63;27.1;-4;448;174;62.6;26.1;;;
48.885825;2.342756;116.11;25.7;-3;448;174;62.62;26.08;;;
48.885875;2.343017;115.59;12.2;-2;448;174;62.64;26.06;;;
48.885889;2.343289;115.38;0;-2;448;174;62.66;26.04;;;
48.885906;2.343558;114.93;5.9;-2;448;174;62.68;26.02;;;
48.885983;2.343797;114.23;40;-2;448;174;62.7;26;;;
48.886136;2.343936;113.8;60.5;-2;448;174;62.72;25.98;;;
48.8863;2.344047;113.53;67.2;-2;448;174;62.74;25.96;;;
48.886464;2.344156;112.91;66.7;-2;448;174;62.76;25.94;;;
48.886631;2.344264;112.3;67.5;-2;448;174;62.78;25.92;;;
48.886794;2.344372;111.88;66.5;-3;448;174;62.8;25.9;;;
48.886961;2.344481;111.31;66.1;-3;448;174;62.82;25.88;;;
48.887139;2.344511;110.63;82.8;-3;448;174;62.84;25.86;;;
48.887319;2.344536;109.93;84.2;-3;448;174;62.86;25.84;;;
48.887497;2.344558;109.15;85.4;-4;448;174;62.88;25.82;;;
48.887669;2.344483;108.37;110.8;-4;448;174;62.9;25.8;;;
48.887839;2.344392;107.16;109.8;-5;448;174;62.92;25.78;;;
48.888008;2.344303;106.02;109.2;-5;448;174;62.94;25.76;;;
48.888178;2.344217;105.11;107.8;-5;448;174;62.96;25.74;;;
48.88835;2.344131;104.05;107.4;-5;448;174;62.98;25.72;;;
48.888522;2.344047;102.93;107.8;-6;448;174;63;25.7;;;
48.888692;2.343961;101.76;109;-6;448;174;63.02;25.68;;;
48.888861;2.343875;100.64;109.2;-6;448;174;63.04;25.66;;;
48.88895;2.343644;99.63;159.3;-6;448;174;63.06;25.64;;;
48.889;2.343381;98.44;164;-6;448;174;63.08;25.62;;;
48.889047;2.343119;97.28;165.7;-6;448;174;63.1;25.6;;;
48.889097;2.342858;96.14;163.8;-6;448;174;63.12;25.58;;;
48.889147;2.342594;95.03;163.8;-6;448;174;63.14;25.56;;;
48.889197;2.342333;94.15;163.8;-6;448;174;63.16;25.54;;;
48.889244;2.342069;93.1;166;-6;448;174;63.18;25.52;;;
48.889297;2.341808;91.77;162;-5;448;174;63.2;25.5;;;
48.889339;2.341544;90.56;165.7;-5;448;174;63.22;25.48;;;
48.889392;2.341283;89.46;162;-5;448;174;63.24;25.46;;;
48.889442;2.341022;88.28;163.8;-4;448;174;63.26;25.44;;;
48.889469;2.340753;87.35;171.5;-3;449;173;63.28;25.42;;;
48.889544;2.340514;86.51;142.2;-2;450;172;63.3;25.4;;;
48.889653;2.340294;86.05;140.5;-1;450;172;63.32;25.38;;;
48.889692;2.340044;85.9;-176.8;0;451;171;63.34;25.36;;;
48.889678;2.339772;86.1;-176.8;1;452;170;63.36;25.34;;;
48.889664;2.3395;86.58;-176.8;1;452;170;63.38;25.32;;;
48.889653;2.339228;87.3;-176.8;2;453;169;63.4;25.3;;;
48.889639;2.338956;87.84;-176.8;2;454;168;63.42;25.28;;;
48.889628;2.338683;88.62;-176.8;3;454;168;63.44;25.26;;;
48.889614;2.338411;89.25;-176.8;3;454;168;63.46;25.24;;;
48.889603;2.338139;89.82;-176.8;3;454;168;63.48;25.22;;;
48.889592;2.337867;90.31;-176.8;2;454;168;63.5;25.2;;;
48.889583;2.337594;91.25;-176.2;2;454;168;63.52;25.18;;;
48.889575;2.337322;91.81;-178.1;2;454;168;63.54;25.16;;;
48.889564;2.33705;92.37;-176.8;1;454;168;63.56;25.14;;;
48.889553;2.336778;92.65;-176.8;0;454;168;63.58;25.12;;;
48.889539;2.336506;92.39;-176.8;0;454;168;63.6;25.1;;;
48.889525;2.336233;91.97;-176.2;-1;454;168;63.62;25.08;;;
48.889511;2.335961;91.5;-176.2;-2;454;168;63.64;25.06;;;
48.889497;2.335689;91.03;-176.2;-2;454;168;63.66;25.04;;;
48.889486;2.335417;90.65;-176.2;-2;454;168;63.68;25.02;;;
48.889444;2.335156;90.13;-161.5;-3;454;168;63.7;25;;;
48.88935;2.334925;89.52;-143.3;-3;454;168;63.72;24.98;;;
48.889208;2.334758;89.04;-123.3;-3;454;168;63.74;24.96;;;
48.88905;2.334631;88.53;-118;-3;454;168;63.76;24.94;;;
48.888889;2.334503;88.12;-117.7;-3;454;168;63.78;24.92;;;
48.888731;2.334375;87.69;-117.7;-4;454;168;63.8;24.9;;;
48.888572;2.334247;87.15;-117.5;-4;454;168;63.82;24.88;;;
48.888414;2.334119;86.4;-118.3;-4;454;168;63.84;24.86;;;
48.888256;2.333992;85.52;-118.7;-4;454;168;63.86;24.84;;;
48.888094;2.333864;84.6;-117.5;-4;454;168;63.88;24.82;;;
48.887936;2.333736;83.62;-117.5;-5;454;168;63.9;24.8;;;
48.887778;2.333611;82.71;-116.6;-5;454;168;63.92;24.78;;;
48.887617;2.333486;81.86;-116.6;-5;454;168;63.94;24.76;;;
48.887458;2.333358;80.98;-118.3;-6;454;168;63.96;24.74;;;
48.887303;2.333225;79.67;-119.5;-7;454;168;63.98;24.72;;;
48.887144;2.333089;78.5;-119.5;-8;454;168;64;24.7;;;
48.886989;2.332953;77.29;-120.2;-9;454;168;64.02;24.68;;;
48.886672;2.3327;75.67;-112.5;-9;454;168;64.06;24.64;;;
48.886533;2.332525;74.99;-132.7;-7;455;167;64.08;24.62;;;
48.886294;2.332122;65.15;-134.9;-4;457;165;64.12;24.58;;;
48.886167;2.331931;65.06;-134.9;-3;457;165;64.14;24.56;;;
48.886039;2.331739;65.14;-134;-2;457;165;64.16;24.54;;;
48.885786;2.331353;65.05;-134.9;0;457;165;64.2;24.5;;;
48.885658;2.331161;63.71;-134.9;1;457;165;64.22;24.48;;;
48.885278;2.330581;67.65;-134.9;0;457;165;64.28;24.42;;;
48.88515;2.330389;66.88;-134;-1;457;165;64.3;24.4;;;
48.884897;2.33;65.37;-134.9;-3;457;165;64.34;24.36;;;
48.884775;2.3298;64.58;-137.1;-3;457;165;64.36;24.34;;;
48.884667;2.329581;64.22;-146.1;-3;457;165;64.38;24.32;;;
48.884469;2.329125;62.87;-146.3;-3;457;165;64.42;24.28;;;
48.884358;2.328914;62.41;-134.9;-3;457;165;64.44;24.26;;;
48.884103;2.328531;61.45;-134.9;-3;457;165;64.48;24.22;;;
48.883975;2.328339;60.97;-134;-2;457;165;64.5;24.2;;;
48.883858;2.328131;60.47;-138.7;-2;457;165;64.52;24.18;;;
48.883669;2.327669;59.79;-155.8;-2;457;165;64.56;24.14;;;
48.883614;2.327411;59.31;-167.7;-2;457;165;64.58;24.12;;;
48.883508;2.326894;58.63;-159.8;-3;457;165;64.62;24.08;;;
48.883453;2.326633;58.03;-162;-3;457;165;64.64;24.06;;;
48.883394;2.326375;57.43;-162;-3;457;165;64.66;24.04;;;
48.883283;2.325858;56.5;-161.6;-2;457;165;64.7;24;;;
48.883231;2.325597;56.14;-163.8;-1;457;165;64.72;23.98;;;
48.883069;2.324817;55.23;-161.9;-1;457;165;64.78;23.92;;;
48.883014;2.324556;55.16;-161.9;-1;457;165;64.8;23.9;;;
48.882908;2.324036;54.33;-165.1;-1;457;165;64.84;23.86;;;
48.882861;2.323772;54.17;-165.7;-1;457;165;64.86;23.84;;;
48.882814;2.323508;53.94;-164.2;-1;457;165;64.88;23.82;;;
48.882717;2.322983;53.73;-163.8;-1;457;165;64.92;23.78;;;
48.882667;2.322722;53.55;-163.8;-1;457;165;64.94;23.76;;;
48.882569;2.322197;53.31;-163.8;-1;457;165;64.98;23.72;;;
48.882514;2.321936;53.22;-162;0;457;165;65;23.7;;;
48.882458;2.321678;53.27;-161.9;0;457;165;65.02;23.68;;;
48.882353;2.321156;53.06;-161.9;0;457;165;65.06;23.64;;;
48.882303;2.320894;52.95;-163.8;0;457;165;65.08;23.62;;;
48.882197;2.320375;52.74;-161.6;-1;457;165;65.12;23.58;;;
48.882147;2.320111;52.63;-164;-1;457;165;65.14;23.56;;;
48.882092;2.319853;52.53;-162.5;-1;457;165;65.16;23.54;;;
48.881986;2.319331;52.34;-163.7;0;457;165;65.2;23.5;;;
48.881936;2.319069;52.25;-163.8;0;457;165;65.22;23.48;;;
48.881792;2.318281;51.92;-165.9;0;457;165;65.28;23.42;;;
48.881739;2.318019;51.8;-162;-1;457;165;65.3;23.4;;;
48.881639;2.317497;51.64;-163.8;-1;457;165;65.34;23.36;;;
48.881589;2.317236;51.52;-163.8;-1;457;165;65.36;23.34;;;
48.881539;2.316972;51.42;-164.2;-1;457;165;65.38;23.32;;;
48.881381;2.316492;51.37;-143.8;-1;457;165;65.42;23.28;;;
48.881314;2.316244;51.37;-167.6;-1;457;165;65.44;23.26;;;
48.881231;2.315714;50.72;-167.5;-1;457;165;65.48;23.22;;;
48.881189;2.315447;50.37;-167.8;-2;457;165;65.5;23.2;;;
48.881153;2.315181;49.97;-169.6;-2;457;165;65.52;23.18;;;
48.881083;2.314644;49.2;-169.3;-2;457;165;65.56;23.14;;;
48.88105;2.314378;48.86;-169;-2;457;165;65.58;23.12;;;
48.880986;2.313839;48.23;-169.2;-2;457;165;65.62;23.08;;;
48.880956;2.313572;47.91;-169.7;-2;457;165;65.64;23.06;;;
48.880928;2.313303;47.58;-170.9;-2;457;165;65.66;23.04;;;
48.880872;2.312764;47.03;-170.9;-1;457;165;65.7;23;;;
48.880847;2.312494;46.85;-171;-1;457;165;65.72;22.98;;;
48.880756;2.311689;46.11;-171.5;-1;457;165;65.78;22.92;;;
48.880722;2.311419;45.85;-169.1;-1;457;165;65.8;22.9;;;
48.880656;2.310883;45.39;-169.7;-1;457;165;65.84;22.86;;;
48.880622;2.310617;45.16;-169;-1;457;165;65.86;22.84;;;
48.880589;2.310347;44.91;-169.2;-1;457;165;65.88;22.82;;;
48.880522;2.309811;44.45;-169.2;-1;457;165;65.92;22.78;;;
48.880489;2.309544;44.28;-169.1;-1;457;165;65.94;22.76;;;
48.880436;2.309006;44.13;-167.1;-1;457;165;65.98;22.72;;;
48.880389;2.308742;43.89;-161.9;-1;457;165;66;22.7;;;
48.880322;2.308489;43.63;-156.3;-1;457;165;66.02;22.68;;;
48.880197;2.307978;43.43;-161.9;-1;457;165;66.06;22.64;;;
48.880142;2.307719;43.36;-162.6;-1;457;165;66.08;22.62;;;
48.880031;2.3072;43.18;-162.6;0;457;165;66.12;22.58;;;
48.879975;2.306942;43.11;-161.9;0;457;165;66.14;22.56;;;
48.879919;2.306683;43.03;-161.6;0;457;165;66.16;22.54;;;
48.879808;2.306164;42.86;-161.9;0;457;165;66.2;22.5;;;
48.879753;2.305906;42.81;-161.5;0;457;165;66.22;22.48;;;
48.879578;2.305131;42.72;-160.2;0;457;165;66.28;22.42;;;
48.879519;2.304872;42.65;-162;0;457;165;66.3;22.4;;;
48.879408;2.304353;42.49;-161.9;0;457;165;66.34;22.36;;;
48.879353;2.304094;42.41;-162;0;458;164;66.36;22.34;;;
48.879297;2.303836;42.33;-161.6;0;458;164;66.38;22.32;;;
48.879186;2.303317;42.29;-163.7;0;458;164;66.42;22.28;;;
48.879128;2.303058;42.27;-160.4;0;458;164;66.44;22.26;;;
48.879014;2.302542;42.4;-161.9;0;458;164;66.48;22.22;;;
48.878958;2.302283;42.46;-161.6;0;458;164;66.5;22.2;;;
48.878906;2.302022;42.51;-163.8;0;458;164;66.52;22.18;;;
48.878797;2.3015;42.68;-162;0;458;164;66.56;22.14;;;
48.878744;2.301242;42.71;-161.5;0;458;164;66.58;22.12;;;
48.878636;2.300722;42.77;-161.6;0;458;164;66.62;22.08;;;
48.878581;2.300461;42.77;-162.6;0;458;164;66.64;22.06;;;
48.878522;2.300203;42.77;-161.9;0;458;164;66.66;22.04;;;
48.878411;2.299683;42.83;-162;0;458;164;66.7;22;;;
48.878356;2.299425;42.77;-162.6;0;458;164;66.72;21.98;;;
48.878281;2.298636;42.47;165.3;0;459;163;66.78;21.92;;;
48.8784;2.29845;42.23;119.5;1;459;163;66.8;21.9;;;
48.878381;2.297975;42.41;-152.4;1;461;161;66.84;21.86;;;
48.878244;2.297806;42.46;-122.3;1;461;161;66.86;21.84;;;
48.878069;2.29775;42.83;-94.6;2;462;160;66.88;21.82;;;
48.877711;2.297786;43.54;-82.8;3;463;159;66.92;21.78;;;
48.877536;2.297744;44.25;-106.6;3;464;158;66.94;21.76;;;
48.877208;2.297519;45.7;-113.7;3;465;157;66.98;21.72;;;
48.877044;2.297406;46.43;-114.4;3;466;156;67;21.7;;;
48.876881;2.297294;47.14;-113.9;3;467;155;67.02;21.68;;;
48.876556;2.297064;48.4;-115.5;3;468;154;67.06;21.64;;;
48.876394;2.296942;49.09;-116.3;3;469;153;67.08;21.62;;;
48.876072;2.296706;50.4;-115.2;4;470;152;67.12;21.58;;;
48.875908;2.296586;51.12;-115.2;4;471;151;67.14;21.56;;;
48.875747;2.296461;51.85;-117.5;4;472;150;67.16;21.54;;;
48.875431;2.296211;53.18;-118.7;3;472;150;67.2;21.5;;;
48.875272;2.296081;53.92;-116.3;3;473;149;67.22;21.48;;;
48.874778;2.29575;55.83;-112.8;2;473;149;67.28;21.42;;;
48.874614;2.295636;56.29;-113.9;2;473;149;67.3;21.4;;;
48.874375;2.295356;57.3;175.2;1;473;149;67.34;21.36;;;
48.874425;2.295094;57.3;167.6;1;473;149;67.36;21.34;;;
48.874406;2.294825;57.27;-169.6;1;473;149;67.38;21.32;;;
48.874247;2.294344;57.37;-144.3;0;473;149;67.42;21.28;;;
48.874111;2.294164;57.42;-128.2;0;473;149;67.44;21.26;;;
48.873767;2.29405;57.43;-87.5;0;473;149;67.48;21.22;;;
48.873594;2.294128;57.53;-72.4;0;473;149;67.5;21.2;;;
48.873436;2.294247;57.53;-58.8;0;473;149;67.52;21.18;;;
48.873239;2.294697;57.76;-23.6;0;473;149;67.56;21.14;;;
48.8732;2.294961;57.72;-11;0;473;149;67.58;21.12;;;
48.873272;2.295475;57.61;29.3;-1;473;149;67.62;21.08;;;
48.873392;2.295675;57.58;47.9;-1;473;149;67.64;21.06;;;
48.873511;2.295847;57.51;40.5;-1;473;149;67.66;21.04;;;
48.873361;2.296342;56.46;-25.4;-2;473;149;67.7;21;;;
48.873286;2.296589;55.98;-25.4;-3;473;149;67.72;20.98;;;
48.873064;2.297333;54.49;-25.9;-3;473;149;67.78;20.92;;;
48.872983;2.297578;53.91;-27.6;-3;473;149;67.8;20.9;;;
48.872828;2.298069;52.75;-25.9;-3;473;149;67.84;20.86;;;
48.872747;2.298314;52.13;-27.6;-3;473;149;67.86;20.84;;;
48.872669;2.298558;51.53;-25.9;-3;473;149;67.88;20.82;;;
48.872519;2.299053;50.46;-25.9;-3;473;149;67.92;20.78;;;
48.872439;2.299297;49.89;-25.9;-3;473;149;67.94;20.76;;;
48.872272;2.299781;48.84;-25.7;-3;473;149;67.98;20.72;;;
48.872189;2.300025;48.22;-27.6;-3;473;149;68;20.7;;;
48.872117;2.300272;47.69;-23.6;-3;473;149;68.02;20.68;;;
48.871956;2.300761;46.65;-27.1;-3;473;149;68.06;20.64;;;
48.871875;2.301006;46.12;-27.4;-3;473;149;68.08;20.62;;;
48.871714;2.301492;45.07;-25.7;-3;473;149;68.12;20.58;;;
48.871633;2.301733;44.48;-25.9;-3;473;149;68.14;20.56;;;
48.87155;2.301978;43.97;-27.6;-3;473;149;68.16;20.54;;;
48.871397;2.302469;42.93;-23.6;-2;473;149;68.2;20.5;;;
48.871317;2.302714;42.39;-25.9;-2;473;149;68.22;20.48;;;
48.871081;2.30345;41.02;-25.3;-2;473;149;68.28;20.42;;;
48.871006;2.303697;40.52;-23.6;-2;473;149;68.3;20.4;;;
48.870847;2.304186;39.74;-27.6;-2;473;149;68.34;20.36;;;
48.870772;2.304433;39.32;-23.6;-2;473;149;68.36;20.34;;;
48.870694;2.304681;38.93;-25.7;-2;473;149;68.38;20.32;;;
48.870542;2.305172;38.22;-25.9;-2;473;149;68.42;20.28;;;
48.870464;2.305419;37.8;-25.4;-2;473;149;68.44;20.26;;;
48.870311;2.305914;37.1;-25.4;-2;473;149;68.48;20.22;;;
48.870236;2.306161;36.81;-25.4;-1;473;149;68.5;20.2;;;
48.870161;2.306408;36.58;-25.4;-1;473;149;68.52;20.18;;;
48.870014;2.306906;36.1;-23.6;-1;473;149;68.56;20.14;;;
48.869936;2.307153;35.85;-25.4;-1;473;149;68.58;20.12;;;
48.869778;2.307642;35.27;-25.7;-1;473;149;68.62;20.08;;;
48.869697;2.307886;35.03;-27.6;-1;473;149;68.64;20.06;;;
48.869619;2.308131;34.78;-25.7;-1;473;149;68.66;20.04;;;
48.869458;2.308619;34.28;-25.4;-1;473;149;68.7;20;;;
48.869383;2.308864;34.05;-24.2;-1;473;149;68.72;19.98;;;
48.869153;2.309606;33.49;-25.4;-1;473;149;68.78;19.92;;;
48.869072;2.30985;33.37;-29.9;-1;473;149;68.8;19.9;;;
48.868903;2.310328;33.11;-27.4;-1;473;149;68.84;19.86;;;
48.868822;2.310572;32.95;-25.9;-1;473;149;68.86;19.84;;;
48.868747;2.310819;32.82;-24.2;-1;473;149;68.88;19.82;;;
48.868586;2.311308;32.62;-25.9;0;473;149;68.92;19.78;;;
48.868511;2.311556;32.57;-25.7;0;473;149;68.94;19.76;;;
48.868356;2.312047;32.57;-25.3;0;473;149;68.98;19.72;;;
48.868281;2.312297;32.53;-24.8;0;473;149;69;19.7;;;
48.868206;2.312542;32.54;-25.2;0;473;149;69.02;19.68;;;
48.86805;2.313033;32.58;-25.9;0;474;148;69.06;19.64;;;
48.867972;2.313281;32.6;-25.7;0;474;148;69.08;19.62;;;
48.867811;2.313767;32.79;-26.3;0;474;148;69.12;19.58;;;
48.867731;2.314011;32.85;-25.3;0;474;148;69.14;19.56;;;
48.86765;2.314253;32.83;-28;0;474;148;69.16;19.54;;;
48.867497;2.314747;32.7;-24.2;0;474;148;69.2;19.5;;;
48.867419;2.314994;32.73;-25.9;0;474;148;69.22;19.48;;;
48.867189;2.315733;32.63;-24.2;0;474;148;69.28;19.42;;;
48.867111;2.315981;32.7;-25.4;0;474;148;69.3;19.4;;;
48.866961;2.316475;32.64;-25.9;0;474;148;69.34;19.36;;;
48.866883;2.316719;32.64;-25.9;0;474;148;69.36;19.34;;;
48.866806;2.316967;32.67;-25.2;0;474;148;69.38;19.32;;;
48.866656;2.317461;32.64;-24.2;0;474;148;69.42;19.28;;;
48.866578;2.317708;32.61;-25.4;0;474;148;69.44;19.26;;;
48.866419;2.318197;32.63;-25.9;0;474;148;69.48;19.22;;;
48.866342;2.318444;32.61;-25.4;0;474;148;69.5;19.2;;;
48.866264;2.318689;32.62;-25.9;0;474;148;69.52;19.18;;;
48.866103;2.319178;32.65;-27.1;0;474;148;69.56;19.14;;;
48.866022;2.319419;32.63;-25.9;0;474;148;69.58;19.12;;;
48.865864;2.319911;32.63;-25.9;0;474;148;69.62;19.08;;;
48.865789;2.320156;32.55;-24;0;474;148;69.64;19.06;;;
48.865711;2.320403;32.43;-25.9;0;474;148;69.66;19.04;;;
48.865483;2.320556;32.57;-117.2;0;475;147;69.7;19;;;
48.865322;2.320431;32.62;-116.4;0;476;146;69.72;18.98;;;
48.864808;2.320289;32.98;-81.6;0;476;146;69.78;18.92;;;
48.864631;2.320289;33.2;-90;1;476;146;69.8;18.9;;;
48.864283;2.320242;34.22;-115.2;1;476;146;69.84;18.86;;;
48.864119;2.320122;34.73;-116.4;0;476;146;69.86;18.84;;;
48.864025;2.320297;34.67;-25.9;0;476;146;69.88;18.82;;;
48.863861;2.320783;33.77;-27.6;-1;476;146;69.92;18.78;;;
48.863781;2.321025;33.42;-25.9;-2;476;146;69.94;18.76;;;
48.863617;2.321511;32.83;-27.1;-1;476;146;69.98;18.72;;;
48.863539;2.321758;32.64;-25.9;-1;476;146;70;18.7;;;
48.863461;2.322003;32.47;-25.9;0;476;146;70.02;18.68;;;
48.863306;2.322494;32.23;-25.3;0;477;145;70.06;18.64;;;
48.863225;2.322739;32.29;-27.6;0;477;145;70.08;18.62;;;
48.863072;2.323233;32.51;-25.4;0;477;145;70.12;18.58;;;
48.862994;2.323478;32.55;-25.9;0;477;145;70.14;18.56;;;
48.862919;2.323725;32.65;-24.7;0;477;145;70.16;18.54;;;
48.862761;2.324217;32.83;-27.4;0;477;145;70.2;18.5;;;
48.862683;2.324461;32.97;-25.9;0;477;145;70.22;18.48;;;
48.862447;2.325194;33.22;-28.2;0;477;145;70.28;18.42;;;
48.862369;2.325442;33.17;-25.7;0;477;145;70.3;18.4;;;
48.862214;2.325933;33.46;-25.9;0;478;144;70.34;18.36;;;
48.862131;2.326175;33.52;-27.6;0;478;144;70.36;18.34;;;
48.862047;2.326417;33.55;-28;0;478;144;70.38;18.32;;;
48.861892;2.326908;33.73;-25.9;0;478;144;70.42;18.28;;;
48.861814;2.327156;33.81;-25.4;0;478;144;70.44;18.26;;;
48.861661;2.327647;34;-25.4;0;478;144;70.48;18.22;;;
48.861581;2.327892;34.04;-25.2;1;479;143;70.5;18.2;;;
48.8615;2.328133;34.13;-25.9;1;479;143;70.52;18.18;;;
48.861336;2.328619;34.44;-28.2;1;479;143;70.56;18.14;;;
48.861256;2.328864;34.56;-27.1;1;479;143;70.58;18.12;;;
48.861097;2.329353;34.83;-25.9;0;479;143;70.62;18.08;;;
48.861017;2.329597;34.93;-25.9;0;479;143;70.64;18.06;;;
48.860939;2.329842;35.03;-25.7;0;479;143;70.66;18.04;;;
48.860994;2.3301;34.9;77.9;-1;479;143;70.7;18;;;
48.861156;2.330219;34.49;62.9;-1;479;143;70.72;17.98;;;
48.861639;2.330583;33.92;63.6;-1;479;143;70.78;17.92;;;
48.861797;2.330708;33.88;61.6;0;479;143;70.8;17.9;;;
48.862117;2.330964;33.79;62.5;0;479;143;70.84;17.86;;;
48.862281;2.331075;33.75;67.5;0;479;143;70.86;17.84;;;
48.862444;2.331189;33.7;65.3;0;479;143;70.88;17.82;;;
48.862772;2.331414;33.61;65.3;0;479;143;70.92;17.78;;;
48.862936;2.331525;33.57;66.1;0;479;143;70.94;17.76;;;
48.863261;2.331758;33.48;65.3;0;479;143;70.98;17.72;;;
48.863422;2.331875;33.7;64.5;0;479;143;71;17.7;;;
48.863586;2.331989;33.65;64.5;0;479;143;71.02;17.68;;;
48.863819;2.331839;33.67;156.4;0;479;143;71.06;17.64;;;
48.8639;2.331594;33.62;154.3;0;479;143;71.08;17.62;;;
48.864061;2.331108;33.59;152.6;0;479;143;71.12;17.58;;;
48.864139;2.330861;33.54;154.1;0;479;143;71.14;17.56;;;
48.864217;2.330617;33.52;154.1;0;479;143;71.16;17.54;;;
48.864375;2.330128;33.62;154.1;0;479;143;71.2;17.5;;;
48.864456;2.329883;33.56;154.3;0;479;143;71.22;17.48;;;
48.8647;2.329156;33.38;154.1;0;479;143;71.28;17.42;;;
48.864781;2.328911;33.37;154.1;0;479;143;71.3;17.4;;;
48.864942;2.328422;33.38;154.1;0;479;143;71.34;17.36;;;
48.865019;2.328178;33.39;154.7;0;479;143;71.36;17.34;;;
48.8651;2.327933;33.29;152.6;0;479;143;71.38;17.32;;;
48.865258;2.327442;33.26;153.5;0;479;143;71.42;17.28;;;
48.865336;2.327197;33.33;154.1;0;479;143;71.44;17.26;;;
48.865494;2.326708;33.22;154.8;0;479;143;71.48;17.22;;;
48.865575;2.326464;33.27;154.1;0;479;143;71.5;17.2;;;
48.865656;2.326219;33.35;152.6;0;479;143;71.52;17.18;;;
48.865808;2.325728;33.3;156.4;0;479;143;71.56;17.14;;;
48.865886;2.325481;33.34;154.6;0;479;143;71.58;17.12;;;
48.866039;2.324986;33.23;152.9;0;479;143;71.62;17.08;;;
48.866119;2.324744;33.22;153.1;0;479;143;71.64;17.06;;;
48.8662;2.3245;33.24;152.4;0;479;143;71.66;17.04;;;
48.866344;2.324003;33.12;164.1;0;479;143;71.7;17;;;
48.866369;2.323736;32.86;174.8;0;479;143;71.72;16.98;;;
48.86645;2.32295;32.84;159.8;0;479;143;71.78;16.92;;;
48.866514;2.322694;32.91;159.8;0;479;143;71.8;16.9;;;
48.866642;2.322186;33.03;159.8;0;479;143;71.84;16.86;;;
48.866647;2.321964;33.06;-155.6;0;479;143;71.86;16.84;;;
48.8665;2.321817;32.88;-129.2;0;479;143;71.88;16.82;;;
48.866286;2.321378;32.69;-148.4;0;479;143;71.92;16.78;;;
48.866192;2.321156;32.71;-141.7;0;479;143;71.94;16.76;;;
48.865881;2.320881;32.69;-120.5;0;479;143;71.98;16.72;;;
48.865722;2.320747;32.62;-117.5;0;479;143;72;16.7;;;
48.865661;2.320569;32.54;167.2;0;479;143;72.02;16.68;;;
48.865814;2.320075;32.57;154.6;0;479;143;72.06;16.64;;;
48.865892;2.319828;32.62;152.9;0;479;143;72.08;16.62;;;
48.866047;2.319339;32.64;154.1;0;479;143;72.12;16.58;;;
48.866131;2.319097;32.65;152;0;479;143;72.14;16.56;;;
48.866211;2.318853;32.62;154.1;0;479;143;72.16;16.54;;;
48.866367;2.318361;32.6;154.6;0;480;142;72.2;16.5;;;
48.866444;2.318117;32.62;154.7;0;480;142;72.22;16.48;;;
48.866681;2.317381;32.64;154.1;0;480;142;72.28;16.42;;;
48.866756;2.317133;32.69;154.3;0;480;142;72.3;16.4;;;
48.866908;2.316639;32.63;154.1;0;480;142;72.34;16.36;;;
48.866986;2.316394;32.66;154.3;0;480;142;72.36;16.34;;;
48.867061;2.316144;32.71;156.4;0;480;142;72.38;16.32;;;
48.867214;2.315653;32.61;154.1;0;480;142;72.42;16.28;;;
48.867289;2.315406;32.61;155.8;0;480;142;72.44;16.26;;;
48.867447;2.314914;32.7;152.9;0;480;142;72.48;16.22;;;
48.867519;2.314667;32.75;155.8;0;480;142;72.5;16.2;;;
48.867597;2.314419;32.81;154.3;0;480;142;72.52;16.18;;;
48.867758;2.313931;32.8;154.1;0;480;142;72.56;16.14;;;
48.867839;2.313686;32.73;152.4;0;480;142;72.58;16.12;;;
48.867997;2.3132;32.59;154.1;0;480;142;72.62;16.08;;;
48.868075;2.312953;32.58;154.1;0;480;142;72.64;16.06;;;
48.868153;2.312708;32.56;154.3;0;480;142;72.66;16.04;;;
48.868306;2.312214;32.55;155.8;0;480;142;72.7;16;17;;
48.868383;2.311967;32.58;152.9;0;480;142;72.72;15.98;;;
48.868611;2.311228;32.66;154.1;0;480;142;72.78;15.92;;;
48.868694;2.310986;32.74;152.6;1;481;141;72.8;15.9;;;
48.868847;2.310492;32.96;154.1;1;481;141;72.84;15.86;;;
48.868928;2.310247;33.18;154.1;1;481;141;72.86;15.84;;;
48.869014;2.310008;33.31;150.3;1;481;141;72.88;15.82;;;
48.869178;2.309525;33.55;155.8;1;482;140;72.92;15.78;;;
48.869253;2.309275;33.67;156.4;1;482;140;72.94;15.76;;;
48.869408;2.308783;34.12;154.3;1;483;139;72.98;15.72;;;
48.869483;2.308536;34.38;154.6;1;483;139;73;15.7;;;
48.869564;2.308292;34.61;154.1;1;483;139;73.02;15.68;;;
48.869725;2.307806;35.11;154.1;1;484;138;73.06;15.64;;;
48.869803;2.307561;35.31;154.1;1;484;138;73.08;15.62;;;
48.869961;2.307069;35.95;154.6;1;485;137;73.12;15.58;;;
48.870039;2.306822;36.2;154.6;1;485;137;73.14;15.56;;;
48.870114;2.306575;36.4;154.6;1;486;136;73.16;15.54;;;
48.870261;2.306078;36.9;156.4;2;486;136;73.2;15.5;;;
48.870339;2.305831;37.23;154.6;2;487;135;73.22;15.48;;;
48.870567;2.305092;38.31;154.1;2;488;134;73.28;15.42;;;
48.870639;2.304842;38.68;156.4;2;488;134;73.3;15.4;;;
48.870797;2.304353;39.48;154.1;2;489;133;73.34;15.36;;;
48.870875;2.304106;39.85;152.4;2;490;132;73.36;15.34;;;
48.870956;2.303864;40.29;151.8;2;490;132;73.38;15.32;;;
48.871106;2.303369;41.2;154.3;2;491;131;73.42;15.28;;;
48.871186;2.303122;41.68;154.1;2;492;130;73.44;15.26;;;
48.871342;2.302633;42.53;154.3;2;493;129;73.48;15.22;;;
48.871422;2.302389;43.07;154.1;3;494;128;73.5;15.2;;;
48.871497;2.302142;43.63;154.1;3;494;128;73.52;15.18;;;
48.871658;2.301653;44.7;154.1;3;495;127;73.56;15.14;;;
48.871739;2.301411;45.28;153.7;3;496;126;73.58;15.12;;;
48.871903;2.300925;46.27;151.8;3;497;125;73.62;15.08;;;
48.871983;2.300681;46.77;154.1;3;497;125;73.64;15.06;;;
48.872067;2.300439;47.3;152.4;3;498;124;73.66;15.04;;;
48.872217;2.299942;48.46;154.6;3;499;123;73.7;15;;;
48.872297;2.2997;49.05;154.1;3;500;122;73.72;14.98;;;
48.872544;2.298972;50.61;154.7;3;501;121;73.78;14.92;;;
48.872619;2.298725;51.13;156.4;3;502;120;73.8;14.9;;;
48.872775;2.298233;52.36;154.3;3;503;119;73.84;14.86;;;
48.872853;2.297989;52.87;154.1;3;503;119;73.86;14.84;;;
48.872931;2.297742;53.47;154.1;3;504;118;73.88;14.82;;;
48.873089;2.297253;54.73;154.1;3;504;118;73.92;14.78;;;
48.873167;2.297008;55.16;156;3;505;117;73.94;14.76;;;
48.873311;2.296506;56.13;156.7;2;505;117;73.98;14.72;;;
48.873386;2.296258;56.66;154.6;2;505;117;74;14.7;;;
48.873461;2.296011;57.23;156.4;1;505;117;74.02;14.68;;;
48.873731;2.295919;57.57;74;0;505;117;74.06;14.64;;;
48.873908;2.295944;57.49;89.2;0;505;117;74.08;14.62;;;
48.874231;2.295733;57.24;128.9;-1;505;117;74.12;14.58;;;
48.874328;2.295506;57.27;151.8;-2;505;117;74.14;14.56;;;
48.874475;2.295536;56.92;66.5;-2;505;117;74.16;14.54;;;
48.874803;2.295764;55.67;66.3;-3;505;117;74.2;14.5;;;
48.874967;2.295872;55.05;67.5;-3;505;117;74.22;14.48;;;
48.875453;2.296228;53.18;60.5;-3;505;117;74.28;14.42;;;
48.875611;2.296356;52.43;62.2;-3;505;117;74.3;14.4;;;
48.875931;2.296603;51.12;63.7;-3;505;117;74.34;14.36;;;
48.876094;2.296719;50.4;65.3;-3;505;117;74.36;14.34;;;
48.876256;2.296839;49.65;64.8;-3;505;117;74.38;14.32;;;
48.876578;2.297081;48.4;63.3;-3;505;117;74.42;14.28;;;
48.876742;2.297197;47.69;65.6;-3;505;117;74.44;14.26;;;
48.877069;2.297422;46.25;66.5;-3;505;117;74.48;14.22;;;
48.877233;2.297536;45.53;65.3;-2;505;117;74.5;14.2;;;
48.877394;2.297647;44.96;65.7;-2;505;117;74.52;14.18;;;
48.877672;2.297972;43.72;38.5;-2;505;117;74.56;14.14;;;
48.877761;2.298208;43.68;28.2;-2;505;117;74.58;14.12;;;
48.878036;2.298544;43.13;49.8;-1;505;117;74.62;14.08;;;
48.878156;2.298753;42.89;42.5;-1;505;117;74.64;14.06;;;
48.878261;2.298967;42.67;30.4;-1;505;117;74.66;14.04;;;
48.878369;2.299486;42.79;17.5;0;505;117;74.7;14;;;
48.878425;2.299744;42.85;18.5;0;505;117;74.72;13.98;;;
48.878592;2.300522;42.79;18.4;0;505;117;74.78;13.92;;;
48.87865;2.300781;42.73;20.2;0;505;117;74.8;13.9;;;
48.878758;2.301303;42.74;17.4;0;505;117;74.84;13.86;;;
48.878811;2.301561;42.7;18.1;0;505;117;74.86;13.84;;;
48.878864;2.301822;42.56;16.3;0;505;117;74.88;13.82;;;
48.878969;2.302344;42.46;16.3;0;505;117;74.92;13.78;;;
48.879025;2.302603;42.39;18;0;505;117;74.94;13.76;;;
48.879142;2.303119;42.27;20.4;0;505;117;74.98;13.72;;;
48.879197;2.303378;42.29;18;0;505;117;75;13.7;;;
48.879253;2.303636;42.25;18.4;0;505;117;75.02;13.68;;;
48.879367;2.304156;42.41;19.8;0;505;117;75.06;13.64;;;
48.879422;2.304414;42.5;18.4;0;505;117;75.08;13.62;;;
48.879533;2.304933;42.68;17.5;0;505;117;75.12;13.58;;;
48.879592;2.305192;42.71;19.8;0;505;117;75.14;13.56;;;
48.879653;2.305447;42.7;20.2;0;506;116;75.16;13.54;;;
48.879764;2.305967;42.82;18;0;506;116;75.2;13.5;;;
48.879819;2.306225;42.89;17.4;0;506;116;75.22;13.48;;;
48.879989;2.307003;43.14;18;0;506;116;75.28;13.42;;;
48.880044;2.307261;43.22;17.8;0;506;116;75.3;13.4;;;
48.880156;2.307781;43.38;18;0;507;115;75.34;13.36;;;
48.880211;2.308039;43.48;18;0;507;115;75.36;13.34;;;
48.880267;2.308297;43.56;18.4;0;507;115;75.38;13.32;;;
48.880403;2.308803;43.98;20.2;1;508;114;75.42;13.28;;;
48.880447;2.309067;44.18;14;1;508;114;75.44;13.26;;;
48.880497;2.309606;44.4;10.3;1;508;114;75.48;13.22;;;
48.880531;2.309875;44.48;11;1;508;114;75.5;13.2;;;
48.880564;2.310142;44.76;10.9;1;509;113;75.52;13.18;;;
48.880631;2.310678;45.2;10.9;1;509;113;75.56;13.14;;;
48.880664;2.310947;45.43;11;1;509;113;75.58;13.12;;;
48.880731;2.311483;45.92;11;1;510;112;75.62;13.08;;;
48.880761;2.31175;46.14;9.1;1;510;112;75.64;13.06;;;
48.880789;2.312019;46.37;9.1;1;511;111;75.66;13.04;;;
48.880853;2.312556;46.88;10.9;1;511;111;75.7;13;;;
48.880878;2.312828;47.08;7;1;512;110;75.72;12.98;;;
48.880964;2.313633;48;11;1;513;109;75.78;12.92;;;
48.880994;2.313903;48.27;8.4;2;513;109;75.8;12.9;;;
48.881058;2.314439;48.95;10.4;2;514;108;75.84;12.86;;;
48.881092;2.314708;49.23;11;2;514;108;75.86;12.84;;;
48.881125;2.314975;49.63;11;2;514;108;75.88;12.82;;;
48.881197;2.315511;50.48;12.3;2;514;108;75.92;12.78;;;
48.881239;2.315775;50.78;12.9;2;515;107;75.94;12.76;;;
48.881322;2.316306;51.4;12.2;2;515;107;75.98;12.72;;;
48.881325;2.316575;51.52;-8.9;1;515;107;76;12.7;;;
48.881317;2.316844;51.73;1.9;1;515;107;76.02;12.68;;;
48.881389;2.317378;52.02;12.8;1;515;107;76.06;12.64;;;
48.881433;2.317642;52.18;16.2;1;515;107;76.08;12.62;;;
48.881531;2.318167;52.43;16.2;1;516;106;76.12;12.58;;;
48.881581;2.318431;52.56;15.8;1;516;106;76.14;12.56;;;
48.881631;2.318692;52.69;16.2;1;516;106;76.16;12.54;;;
48.881731;2.319214;52.84;14.9;0;516;106;76.2;12.5;;;
48.881778;2.319478;52.95;14.3;0;516;106;76.22;12.48;;;
48.881931;2.320261;53.06;16.3;0;516;106;76.28;12.42;;;
48.881983;2.320522;53.13;16.3;0;516;106;76.3;12.4;;;
48.882089;2.321044;53.26;18.1;0;516;106;76.34;12.36;;;
48.882139;2.321306;53.33;16.2;0;516;106;76.36;12.34;;;
48.882186;2.321569;53.39;16.3;0;517;105;76.38;12.32;;;
48.882289;2.322092;53.55;16.2;1;517;105;76.42;12.28;;;
48.882344;2.322353;53.67;17.4;1;517;105;76.44;12.26;;;
48.882453;2.322869;53.89;16.7;1;517;105;76.48;12.22;;;
48.882508;2.323131;54.03;17.4;1;518;104;76.5;12.2;;;
48.882564;2.323389;54.15;18.4;1;518;104;76.52;12.18;;;
48.882669;2.323911;54.44;17.5;1;519;103;76.56;12.14;;;
48.882719;2.324172;54.57;16.3;1;519;103;76.58;12.12;;;
48.882828;2.324692;55;18.4;1;520;102;76.62;12.08;;;
48.882886;2.324953;55.29;18;1;520;102;76.64;12.06;;;
48.882942;2.325211;55.62;18.1;1;520;102;76.66;12.04;;;
48.883047;2.325733;56.18;16.3;2;521;101;76.7;12;;;
48.8831;2.325994;56.46;18.1;2;522;100;76.72;11.98;;;
48.883264;2.326772;57.71;18.1;2;523;99;76.78;11.92;;;
48.883314;2.327033;58.05;14.4;2;523;99;76.8;11.9;;;
48.883386;2.327567;58.76;18;2;524;98;76.84;11.86;;;
48.883486;2.327792;59.1;37.5;2;525;97;76.86;11.84;;;
48.883592;2.328011;59.77;36.7;2;525;97;76.88;11.82;;;
48.883811;2.328442;60.47;38.3;2;525;97;76.92;11.78;;;
48.883933;2.328644;61.02;45.1;2;525;97;76.94;11.76;;;
48.884189;2.329025;61.92;46;2;525;97;76.98;11.72;;;
48.884317;2.329217;62.49;45.7;1;525;97;77;11.7;;;
48.884439;2.329419;63.03;40.9;1;525;97;77.02;11.68;;;
48.88435;2.329925;62.94;-19.8;1;525;97;77.06;11.64;;;
48.884283;2.330178;62.9;-22;0;525;97;77.08;11.62;;;
48.88415;2.330683;62.54;-21.6;-1;526;96;77.12;11.58;;;
48.884081;2.330936;62.37;-23.7;-1;526;96;77.14;11.56;;;
48.884008;2.331186;62.1;-23.7;-1;526;96;77.16;11.54;;;
48.883872;2.331689;61.69;-22.5;0;528;94;77.2;11.5;;;
48.883806;2.331944;61.52;-21.6;0;529;93;77.22;11.48;;;
48.883658;2.332661;61.49;26.9;2;532;90;77.28;11.42;;;
48.883822;2.33275;62.25;82;3;534;88;77.3;11.4;;;
48.884125;2.333036;63.96;55.6;5;536;86;77.34;11.36;;;
48.884275;2.333189;65.32;55.6;5;537;85;77.36;11.34;;;
48.884422;2.333344;66.35;56;5;538;84;77.38;11.32;;;
48.884719;2.33365;68.88;56.7;6;541;81;77.42;11.28;;;
48.884872;2.333797;70.24;58.7;6;542;80;77.44;11.26;;;
48.885175;2.334092;72.76;54.6;6;543;79;77.48;11.22;;;
48.885319;2.334253;73.96;53.5;5;544;78;77.5;11.2;;;
48.885467;2.334408;74.98;56.7;5;544;78;77.52;11.18;;;
48.885764;2.334714;77.68;55.6;5;546;76;77.56;11.14;;;
48.885914;2.334694;78.62;124.4;4;547;75;77.58;11.12;;;
48.886161;2.3343;79.54;137.1;3;550;72;77.62;11.08;;;
48.886281;2.334097;80.1;138.9;3;551;71;77.64;11.06;;;
48.886403;2.333894;80.84;138;4;552;70;77.66;11.04;;;
48.886744;2.333842;82.64;81.5;5;556;66;77.7;11;;;
48.886925;2.333872;83.75;83.3;5;557;65;77.72;10.98;;;
48.887428;2.334139;87.44;64.8;7;562;60;77.78;10.92;;;
48.887589;2.334258;89.17;64.8;7;564;58;77.8;10.9;;;
48.887664;2.334744;92.35;-11;8;567;55;77.84;10.86;;;
48.887586;2.334989;94.11;-25.9;8;569;53;77.86;10.84;;;
48.887508;2.335236;95.36;-25.9;8;570;52;77.88;10.82;;;
48.887394;2.335753;99.06;-16.2;8;574;48;77.92;10.78;;;
48.887347;2.336017;100.31;-16.2;8;575;47;77.94;10.76;;;
48.887297;2.336556;103.97;-5.7;8;578;44;77.98;10.72;;;
48.887275;2.336828;105.79;-7;8;580;42;78;10.7;;;
48.887253;2.337097;107.52;-7;8;581;41;78.02;10.68;;;
48.887183;2.337619;110.7;-28.8;8;583;39;78.06;10.64;;;
48.887081;2.337844;112.06;-34.4;7;584;38;78.08;10.62;;;
48.886872;2.338292;115.12;-36;6;587;35;78.12;10.58;;;
48.886769;2.338517;115.97;-35.3;6;588;34;78.14;10.56;;;
48.886761;2.338778;116.76;5.1;6;588;34;78.16;10.54;;;
48.886919;2.339233;119.77;47.8;5;590;32;78.2;10.5;;;
48.887033;2.339444;121.59;37.8;5;590;32;78.22;10.48;;;
48.886931;2.340228;123.95;-12.4;3;590;32;78.28;10.42;;;
48.886836;2.340458;124.88;-36.7;3;590;32;78.3;10.4;;;
48.886639;2.340892;126.12;-19.6;1;590;32;78.34;10.36;;;
48.886611;2.341158;127.02;0;-1;590;32;78.36;10.34;;;
48.886544;2.341369;126.85;-45.2;-2;590;32;78.38;10.32;;;
48.886186;2.341369;123.34;-90;-5;590;32;78.42;10.28;18;summit;4
48.886006;2.341361;121.89;-92.6;-7;590;32;78.44;10.26;;;
48.885814;2.341725;119.37;-16.2;-5;590;32;78.48;10.22;;;
48.885764;2.341989;118.19;-16;-5;590;32;78.5;10.2;;;
48.885719;2.342253;117.2;-14.6;-4;590;32;78.52;10.18;;;
48.885822;2.34275;116.11;25.9;-3;590;32;78.56;10.14;;;
48.885875;2.343008;115.59;12.5;-3;590;32;78.58;10.12;;;
48.885906;2.343553;114.93;7.6;-2;590;32;78.62;10.08;;;
48.885978;2.343792;114.23;38.8;-2;590;32;78.64;10.06;;;
48.886131;2.343933;113.8;60.9;-2;590;32;78.66;10.04;;;
48.886461;2.344153;112.91;67.2;-3;590;32;78.7;10;;;
48.886625;2.344261;112.43;67.2;-3;590;32;78.72;9.98;;;
48.887133;2.344508;110.68;84.1;-4;590;32;78.78;9.92;;;
48.887314;2.344536;110.06;84.1;-4;590;32;78.8;9.9;;;
48.887664;2.344486;108.37;110.4;-5;590;32;78.84;9.86;;;
48.887833;2.344394;107.16;110.8;-5;590;32;78.86;9.84;;;
48.888003;2.344306;106.02;109;-5;590;32;78.88;9.82;;;
48.888344;2.344133;104.36;107.8;-5;590;32;78.92;9.78;;;
48.888517;2.344047;102.93;109;-5;590;32;78.94;9.76;;;
48.888858;2.343881;100.93;107.4;-5;590;32;78.98;9.72;;;
48.888947;2.343653;99.78;159.5;-6;590;32;79;9.7;;;
48.888997;2.343389;98.44;163.7;-6;590;32;79.02;9.68;;;
48.889097;2.342864;96.14;163.7;-6;590;32;79.06;9.64;;;
48.889144;2.342603;95.03;163.7;-6;590;32;79.08;9.62;;;
48.889244;2.342078;93.1;163.7;-5;590;32;79.12;9.58;;;
48.889297;2.341817;91.77;161.9;-5;590;32;79.14;9.56;;;
48.889339;2.341553;90.71;163.7;-5;590;32;79.16;9.54;;;
48.889442;2.341031;88.28;163.7;-4;591;31;79.2;9.5;;;
48.889467;2.340761;87.35;172.8;-3;591;31;79.22;9.48;;;
48.889692;2.34005;85.87;-178.7;-1;593;29;79.28;9.42;;;
48.889678;2.339781;86.1;-176.8;1;594;28;79.3;9.4;;;
48.889653;2.339236;87.19;-176.8;3;595;27;79.34;9.36;;;
48.889639;2.338964;87.84;-174.9;3;596;26;79.36;9.34;;;
48.889628;2.338692;88.62;-176.8;3;596;26;79.38;9.32;;;
48.889603;2.338147;89.82;-176.8;3;596;26;79.42;9.28;;;
48.889592;2.337875;90.31;-176.8;3;596;26;79.44;9.26;;;
48.889575;2.337331;91.81;-178.1;1;596;26;79.48;9.22;;;
48.889564;2.337058;92.37;-176.8;1;596;26;79.5;9.2;;;
48.889553;2.336786;92.7;-176.8;0;596;26;79.52;9.18;;;
48.889525;2.336242;91.97;-174.9;-1;596;26;79.56;9.14;;;
48.889511;2.335969;91.57;-176.2;-1;596;26;79.58;9.12;;;
48.889486;2.335425;90.65;-174.9;-2;596;26;79.62;9.08;;;
48.889447;2.335161;90.13;-163.8;-2;596;26;79.64;9.06;;;
48.889353;2.334931;89.52;-143.3;-2;596;26;79.66;9.04;;;
48.889053;2.334633;88.53;-117.7;-3;596;26;79.7;9;;;
48.888894;2.334506;88.12;-117.1;-3;596;26;79.72;8.98;;;
48.888417;2.334122;86.4;-117.7;-4;596;26;79.78;8.92;;;
48.888258;2.333994;85.66;-117.5;-4;596;26;79.8;8.9;;;
48.887942;2.333739;83.74;-118.7;-5;596;26;79.84;8.86;;;
48.887781;2.333614;82.71;-116.6;-5;596;26;79.86;8.84;;;
48.887622;2.333489;81.86;-116.3;-5;596;26;79.88;8.82;;;
48.887306;2.333228;79.67;-119.4;-5;596;26;79.92;8.78;;;
48.88715;2.333092;78.5;-120.2;-5;596;26;79.94;8.76;;;
48.886839;2.332819;76.26;-120.5;-7;596;26;79.98;8.72;;;
48.886678;2.332703;75.67;-113.5;-9;596;26;80;8.7;;;
48.886539;2.332531;74.99;-134;-10;596;26;80.02;8.68;;;
48.8863;2.332128;65.15;-134.9;-9;598;24;80.06;8.64;;;
48.886172;2.331936;65.17;-134.9;-6;599;23;80.08;8.62;;;
48.885917;2.33155;65.33;-134.9;-1;600;22;80.12;8.58;;;
48.885789;2.331358;65.05;-135.2;1;600;22;80.14;8.56;;;
48.885661;2.331167;63.74;-134;1;600;22;80.16;8.54;;;
48.885408;2.330778;68.39;-137.1;0;600;22;80.2;8.5;;;
48.885281;2.330586;67.65;-134.8;-1;600;22;80.22;8.48;;;
48.8849;2.330006;65.4;-134.9;-2;600;22;80.28;8.42;;;
48.884778;2.329806;64.58;-137.1;-2;600;22;80.3;8.4;;;
48.884572;2.329361;63.73;-146.3;-3;600;22;80.34;8.36;;;
48.884472;2.329133;62.87;-146.3;-3;600;22;80.36;8.34;;;
48.884361;2.328919;62.41;-135.2;-3;600;22;80.38;8.32;;;
48.884106;2.328536;61.45;-134.8;-2;600;22;80.42;8.28;;;
48.883978;2.328344;60.97;-134.3;-2;600;22;80.44;8.26;;;
48.883756;2.327917;60.06;-146.3;-2;600;22;80.48;8.22;;;
48.883672;2.327675;59.79;-156.3;-2;600;22;80.5;8.2;;;
48.883617;2.327419;59.31;-167.8;-2;600;22;80.52;8.18;;;
48.883508;2.3269;58.63;-158;-2;600;22;80.56;8.14;;;
48.883453;2.326642;58.03;-161.9;-2;600;22;80.58;8.12;;;
48.883342;2.326125;56.92;-162.2;-2;600;22;80.62;8.08;;;
48.883283;2.325864;56.5;-161.9;-2;600;22;80.64;8.06;;;
48.883231;2.325606;56.14;-162.5;-2;600;22;80.66;8.04;;;
48.883125;2.325083;55.59;-162;-1;600;22;80.7;8;;;
48.883069;2.324822;55.23;-162;-1;600;22;80.72;7.98;;;
48.882908;2.324042;54.4;-164;-1;600;22;80.78;7.92;;;
48.882861;2.323781;54.21;-163.7;-1;600;22;80.8;7.9;;;
48.882769;2.323253;53.75;-165.3;-1;600;22;80.84;7.86;;;
48.882719;2.322992;53.73;-163.7;-1;600;22;80.86;7.84;;;
48.882669;2.322728;53.55;-164;-1;600;22;80.88;7.82;;;
48.882569;2.322206;53.31;-163.7;0;600;22;80.92;7.78;;;
48.882517;2.321944;53.22;-162.6;0;600;22;80.94;7.76;;;
48.882406;2.321425;53.16;-163.8;0;600;22;80.98;7.72;;;
48.882356;2.321164;53.06;-163.7;-1;600;22;81;7.7;;;
48.882306;2.320903;52.95;-163.7;-1;600;22;81.02;7.68;;;
48.8822;2.320381;52.74;-161.9;-1;600;22;81.06;7.64;;;
48.882147;2.320119;52.63;-163.8;-1;600;22;81.08;7.62;;;
48.882039;2.3196;52.42;-162;0;600;22;81.12;7.58;;;
48.881989;2.319339;52.34;-163.7;0;600;22;81.14;7.56;;;
48.881936;2.319078;52.25;-163.7;0;600;22;81.16;7.54;;;
48.881839;2.318553;52.07;-163.7;-1;600;22;81.2;7.5;;;
48.881794;2.318289;51.95;-164.9;-1;600;22;81.22;7.48;;;
48.881639;2.317506;51.64;-163.7;-1;600;22;81.28;7.42;;;
48.881594;2.317242;51.52;-164.9;0;600;22;81.3;7.4;;;
48.881489;2.316728;51.18;-160.3;0;600;22;81.34;7.36;;;
48.881386;2.316506;51.37;-141.7;0;600;22;81.36;7.34;;;
48.881317;2.316261;51.37;-167.7;-1;600;22;81.38;7.32;;;
48.881233;2.315731;50.72;-167.1;-2;600;22;81.42;7.28;;;
48.881192;2.315464;50.42;-167.7;-2;600;22;81.44;7.26;;;
48.881119;2.314931;49.58;-169;-2;600;22;81.48;7.22;;;
48.881086;2.314664;49.2;-169;-2;600;22;81.5;7.2;;;
48.881053;2.314394;48.91;-169.7;-2;600;22;81.52;7.18;;;
48.880989;2.313858;48.23;-169.1;-2;600;22;81.56;7.14;;;
48.880958;2.313589;47.91;-169;-2;600;22;81.58;7.12;;;
48.880903;2.31305;47.28;-173;-1;600;22;81.62;7.08;;;
48.880875;2.312781;47.03;-171.1;-1;600;22;81.64;7.06;;;
48.88085;2.312511;46.85;-173;-1;600;22;81.66;7.04;;;
48.880783;2.311975;46.33;-171.1;-1;600;22;81.7;7;;;
48.880756;2.311706;46.11;-169.6;-1;600;22;81.72;6.98;;;
48.880658;2.310903;45.39;-169;-1;600;22;81.78;6.92;;;
48.880625;2.310633;45.16;-169.1;-1;600;22;81.8;6.9;;;
48.880558;2.310097;44.73;-169.1;-1;600;22;81.84;6.86;;;
48.880525;2.309831;44.45;-169;-1;600;22;81.86;6.84;;;
48.880492;2.309561;44.39;-169.6;-1;600;22;81.88;6.82;;;
48.880442;2.309022;44.15;-171;-1;600;22;81.92;6.78;;;
48.880394;2.308758;43.89;-163.8;-1;600;22;81.94;6.76;;;
48.880328;2.308506;43.67;-158.4;-1;600;22;81.96;6.74;;;
48.880258;2.308256;43.55;-157.5;-1;600;22;81.98;6.72;;;
48.880203;2.307994;43.46;-162;0;600;22;82;6.7;;;
48.880144;2.307736;43.38;-160.2;0;600;22;82.02;6.68;;;
48.880089;2.307478;43.3;-161.6;0;600;22;82.04;6.66;;;
48.880033;2.307219;43.2;-161.6;0;600;22;82.06;6.64;;;
48.879978;2.306958;43.11;-162;0;600;22;82.08;6.62;;;
48.879922;2.3067;43.04;-161.6;0;600;22;82.1;6.6;;;
48.879867;2.306439;42.94;-162.5;0;600;22;82.12;6.58;;;
48.879811;2.306181;42.86;-161.9;0;600;22;82.14;6.56;;;
48.879756;2.305922;42.81;-162.2;0;600;22;82.16;6.54;;;
48.8797;2.305661;42.75;-162;0;600;22;82.18;6.52;;;
48.879644;2.305403;42.68;-161.9;0;600;22;82.2;6.5;;;
48.879581;2.305147;42.72;-158.6;0;600;22;82.22;6.48;;;
48.879525;2.304889;42.65;-161.9;0;600;22;82.24;6.46;;;
48.879467;2.304631;42.57;-160.2;0;600;22;82.26;6.44;;;
48.879411;2.304372;42.49;-161.6;0;600;22;82.28;6.42;;;
48.879356;2.304111;42.41;-162.6;0;600;22;82.3;6.4;;;
48.8793;2.303853;42.33;-161.9;0;600;22;82.32;6.38;;;
48.879244;2.303594;42.23;-161.6;0;600;22;82.34;6.36;;;
48.879189;2.303333;42.29;-162;0;600;22;82.36;6.34;;;
48.879131;2.303075;42.27;-160.8;0;601;21;82.38;6.32;;;
48.879072;2.302817;42.34;-161.9;0;601;21;82.4;6.3;;;
48.879017;2.302558;42.4;-162.6;0;601;21;82.42;6.28;;;
48.878961;2.3023;42.46;-162;0;601;21;82.44;6.26;;;
48.878908;2.302039;42.51;-161.9;0;601;21;82.46;6.24;;;
48.878856;2.301778;42.64;-162.5;0;601;21;82.48;6.22;;;
48.878803;2.301517;42.7;-163.7;0;601;21;82.5;6.2;;;
48.878747;2.301258;42.72;-162;0;601;21;82.52;6.18;;;
48.878694;2.300997;42.72;-162;0;601;21;82.54;6.16;;;
48.878639;2.300739;42.8;-161.6;0;601;21;82.56;6.14;;;
48.878583;2.300478;42.78;-161.9;0;601;21;82.58;6.12;;;
48.878528;2.300219;42.77;-162;0;601;21;82.6;6.1;;;
48.878472;2.299961;42.86;-162;0;601;21;82.62;6.08;;;
48.878417;2.299703;42.83;-162.2;0;601;21;82.64;6.06;;;
48.878361;2.299442;42.77;-161.9;0;601;21;82.66;6.04;;;
48.878306;2.299181;42.69;-162.5;0;601;21;82.68;6.02;;;
48.878253;2.298922;42.78;-162;0;602;20;82.7;6;;;
48.878278;2.298653;42.47;167.1;0;602;20;82.72;5.98;;;
48.878392;2.298458;42.23;122.6;0;603;19;82.74;5.96;;;
48.878456;2.298242;42.1;180;0;603;19;82.76;5.94;;;
48.878386;2.297992;42.45;-151.8;1;604;18;82.78;5.92;;;
48.878256;2.297811;42.46;-125.5;1;605;17;82.8;5.9;;;
48.878083;2.29775;42.83;-96.1;2;605;17;82.82;5.88;;;
48.877903;2.297756;43.09;-87.5;2;606;16;82.84;5.86;;;
48.877722;2.297783;43.54;-83.5;2;607;15;82.86;5.84;;;
48.877547;2.297753;44.25;-105.4;2;607;15;82.88;5.82;;;
48.877383;2.297639;44.98;-113.3;3;608;14;82.9;5.8;;;
48.877219;2.297528;45.7;-113.3;3;609;13;82.92;5.78;;;
48.877056;2.297414;46.43;-113.5;3;609;13;82.94;5.76;;;
48.876892;2.297303;46.95;-113.5;3;610;12;82.96;5.74;;;
48.876728;2.297189;47.69;-113.5;3;611;11;82.98;5.72;;;
48.876567;2.297069;48.4;-117;3;612;10;83;5.7;;;
48.876406;2.29695;49.09;-116.6;3;612;10;83.02;5.68;;;
48.876244;2.296831;49.65;-116.3;3;613;9;83.04;5.66;;;
48.876081;2.296711;50.4;-116.6;3;613;9;83.06;5.64;;;
48.875919;2.296594;51.12;-115.6;3;614;8;83.08;5.62;;;
48.875758;2.296469;51.85;-117.5;3;615;7;83.1;5.6;;;
48.8756;2.296344;52.43;-117.5;3;615;7;83.12;5.58;;;
48.875439;2.296219;53.18;-117.8;3;615;7;83.14;5.56;;;
48.875283;2.296089;53.92;-117.2;3;616;6;83.16;5.54;;;
48.875119;2.295972;54.58;-115.6;3;616;6;83.18;5.52;;;
48.874956;2.295864;55.05;-114.3;2;616;6;83.2;5.5;;;
48.874789;2.295756;55.67;-113.5;2;616;6;83.22;5.48;;;
48.874625;2.295642;56.29;-114.7;2;616;6;83.24;5.46;;;
48.874461;2.295528;56.92;-114.7;2;616;6;83.26;5.44;;;
48.874369;2.295372;57.29;-169.7;1;616;6;83.28;5.42;;;
48.874422;2.295111;57.3;167.7;1;616;6;83.3;5.4;;;
48.874408;2.294842;57.27;-169.2;0;616;6;83.32;5.38;;;
48.874353;2.294586;57.37;-156.4;0;616;6;83.34;5.36;;;
48.874253;2.294358;57.37;-144;0;616;6;83.36;5.34;;;
48.874122;2.294175;57.48;-128.9;0;616;6;83.38;5.32;;;
48.873956;2.294075;57.41;-108.6;0;616;6;83.4;5.3;;;
48.873778;2.294047;57.43;-90;0;616;6;83.42;5.28;;;
48.873606;2.294122;57.43;-73.4;0;616;6;83.44;5.26;;;
48.873444;2.294236;57.53;-61.6;0;616;6;83.46;5.24;;;
48.873322;2.294436;57.63;-42.8;0;616;6;83.48;5.22;;;
48.873244;2.294678;57.74;-24.8;0;616;6;83.5;5.2;;;
48.873203;2.294944;57.72;-10.4;0;616;6;83.52;5.18;;;
48.873194;2.295211;57.57;5.2;0;616;6;83.54;5.16;;;
48.873264;2.295461;57.61;27.6;0;616;6;83.56;5.14;;;
48.873383;2.295661;57.64;48.4;-1;616;6;83.58;5.12;;;
48.873517;2.295831;57.58;49.2;-1;616;6;83.6;5.1;;;
48.873442;2.296078;57;-25.4;-2;616;6;83.62;5.08;;;
48.873367;2.296325;56.46;-23.6;-2;616;6;83.64;5.06;;;
48.873292;2.296572;55.98;-24.2;-2;616;6;83.66;5.04;;;
48.873219;2.296822;55.54;-24.2;-2;616;6;83.68;5.02;;;
48.87315;2.297072;55.04;-23.6;-3;616;6;83.7;5;;;
48.873069;2.297317;54.55;-25.7;-3;616;6;83.72;4.98;;;
48.872989;2.297561;53.91;-25.9;-3;616;6;83.74;4.96;;;
48.872911;2.297808;53.39;-25.9;-3;616;6;83.76;4.94;;;
48.872833;2.298053;52.75;-25.9;-3;616;6;83.78;4.92;;;
48.872753;2.298297;52.13;-25.9;-3;616;6;83.8;4.9;;;
48.872675;2.298542;51.6;-25.7;-3;616;6;83.82;4.88;;;
48.8726;2.298792;51.04;-23.6;-3;616;6;83.84;4.86;;;
48.872525;2.299039;50.46;-23.6;-3;616;6;83.86;4.84;;;
48.872442;2.299281;49.89;-26.9;-3;616;6;83.88;4.82;;;
48.872358;2.299522;49.41;-28.2;-3;616;6;83.9;4.8;;;
48.872278;2.299764;48.84;-26.3;-3;616;6;83.92;4.78;;;
48.872194;2.300008;48.22;-27.6;-3;616;6;83.94;4.76;;;
48.872122;2.300256;47.77;-23.6;-3;616;6;83.96;4.74;;;
48.872044;2.300503;47.22;-25.9;-3;616;6;83.98;4.72;;;
48.871961;2.300744;46.65;-28.2;-3;616;6;84;4.7;;;
48.871881;2.300989;46.2;-27.1;-3;616;6;84.02;4.68;;;
48.8718;2.301231;45.63;-25.7;-3;616;6;84.04;4.66;;;
48.871719;2.301475;45.07;-25.9;-3;616;6;84.06;4.64;;;
48.871636;2.301717;44.55;-28;-3;616;6;84.08;4.62;;;
48.871556;2.301961;43.97;-27.1;-3;616;6;84.1;4.6;;;
48.871478;2.302206;43.41;-25.7;-3;616;6;84.12;4.58;;;
48.871403;2.302453;42.93;-23.6;-3;616;6;84.14;4.56;;;
48.871322;2.302697;42.46;-25.9;-3;616;6;84.16;4.54;;;
48.871244;2.302942;41.97;-25.7;-3;616;6;84.18;4.52;;;
48.871164;2.303189;41.49;-25.4;-2;616;6;84.2;4.5;;;
48.871086;2.303433;41.08;-25.9;-2;616;6;84.22;4.48;;;
48.871011;2.303681;40.64;-23.6;-2;616;6;84.24;4.46;;;
48.870933;2.303928;40.18;-27.6;-2;616;6;84.26;4.44;;;
48.870853;2.304169;39.74;-27.6;-2;616;6;84.28;4.42;;;
48.870775;2.304417;39.37;-25.7;-2;616;6;84.3;4.4;;;
48.8707;2.304664;38.93;-25.9;-2;616;6;84.32;4.38;;;
48.870619;2.304908;38.52;-25.9;-2;616;6;84.34;4.36;;;
48.870547;2.305156;38.22;-24;-2;616;6;84.36;4.34;;;
48.870469;2.305403;37.84;-25.9;-2;616;6;84.38;4.32;;;
48.870394;2.30565;37.45;-24.8;-1;616;6;84.4;4.3;;;
48.870317;2.305897;37.1;-25.9;-1;616;6;84.42;4.28;;;
48.870242;2.306144;36.81;-25.4;-1;616;6;84.44;4.26;;;
48.870167;2.306392;36.63;-23.6;-1;616;6;84.46;4.24;;;
48.870094;2.306642;36.33;-24.2;-1;616;6;84.48;4.22;;;
48.870019;2.306889;36.1;-24.2;-1;616;6;84.5;4.2;;;
48.869942;2.307136;35.85;-25.4;-1;616;6;84.52;4.18;;;
48.869861;2.307381;35.58;-27.4;-1;616;6;84.54;4.16;;;
48.869783;2.307625;35.27;-25.9;-1;616;6;84.56;4.14;;;
48.869703;2.307869;35.03;-27.1;-1;616;6;84.58;4.12;;;
48.869622;2.308114;34.81;-27.6;-1;616;6;84.6;4.1;;;
48.869544;2.308358;34.54;-25.9;-1;616;6;84.62;4.08;;;
48.869464;2.308603;34.3;-25.9;-1;616;6;84.64;4.06;;;
48.869386;2.30885;34.05;-25.4;-1;616;6;84.66;4.04;;;
48.869311;2.309094;33.83;-25.9;-1;616;6;84.68;4.02;;;
48.869233;2.309342;33.66;-25.7;-1;616;6;84.7;4;;;
48.869158;2.309589;33.49;-25.9;-1;616;6;84.72;3.98;;;
48.869078;2.309833;33.35;-29.3;-1;616;6;84.74;3.96;;;
48.868992;2.310072;33.3;-29.3;-1;616;6;84.76;3.94;;;
48.868908;2.310314;33.14;-25.9;-1;616;6;84.78;3.92;;;
48.868828;2.310556;32.96;-25.7;-1;616;6;84.8;3.9;;;
48.868753;2.310803;32.82;-24.2;-1;616;6;84.82;3.88;;;
48.868672;2.311047;32.7;-28.2;-1;616;6;84.84;3.86;;;
48.868592;2.311292;32.62;-25.7;-1;616;6;84.86;3.84;;;
48.868517;2.311539;32.55;-24.2;-1;616;6;84.88;3.82;;;
48.868439;2.311786;32.57;-25.9;0;617;5;84.9;3.8;;;
48.868361;2.312031;32.57;-25.7;0;617;5;84.92;3.78;;;
48.868286;2.312281;32.53;-23.6;0;617;5;84.94;3.76;;;
48.868211;2.312525;32.52;-24.2;0;617;5;84.96;3.74;;;
48.868133;2.312772;32.56;-25.9;0;617;5;84.98;3.72;;;
48.868056;2.313019;32.58;-24.8;0;617;5;85;3.7;;;
48.867978;2.313264;32.6;-25.9;0;617;5;85.02;3.68;;;
48.867897;2.313508;32.63;-27.6;0;617;5;85.04;3.66;;;
48.867817;2.313753;32.79;-25.9;0;617;5;85.06;3.64;;;
48.867736;2.313997;32.85;-25.4;0;617;5;85.08;3.62;;;
48.867653;2.314239;32.86;-28.7;0;617;5;85.1;3.6;;;
48.867578;2.314483;32.72;-25.9;0;617;5;85.12;3.58;;;
48.8675;2.314731;32.7;-25.7;0;617;5;85.14;3.56;;;
48.867425;2.314978;32.73;-25.9;0;617;5;85.16;3.54;;;
48.867347;2.315222;32.66;-25.9;0;617;5;85.18;3.52;;;
48.867269;2.315469;32.58;-25.9;0;617;5;85.2;3.5;;;
48.867194;2.315717;32.63;-24.6;0;617;5;85.22;3.48;;;
48.867117;2.315964;32.7;-25.9;0;617;5;85.24;3.46;;;
48.867042;2.316211;32.7;-23.6;0;617;5;85.26;3.44;;;
48.866967;2.316458;32.64;-25.9;0;617;5;85.28;3.42;;;
48.866889;2.316703;32.61;-25.9;0;617;5;85.3;3.4;;;
48.866811;2.31695;32.67;-25.9;0;617;5;85.32;3.38;;;
48.866736;2.317197;32.68;-24.2;0;617;5;85.34;3.36;;;
48.866661;2.317444;32.64;-24.2;0;617;5;85.36;3.34;;;
48.866583;2.317692;32.61;-25.7;0;617;5;85.38;3.32;;;
48.866503;2.317936;32.61;-25.9;0;617;5;85.4;3.3;;;
48.866425;2.318181;32.63;-25.7;0;617;5;85.42;3.28;;;
48.866347;2.318428;32.61;-25.9;0;617;5;85.44;3.26;;;
48.866269;2.318672;32.62;-25.9;0;617;5;85.46;3.24;;;
48.866189;2.318917;32.64;-25.7;0;617;5;85.48;3.22;;;
48.866108;2.319161;32.65;-27.6;0;617;5;85.5;3.2;;;
48.866028;2.319403;32.63;-25.9;0;617;5;85.52;3.18;;;
48.86595;2.31965;32.62;-25.9;0;617;5;85.54;3.16;;;
48.865869;2.319894;32.63;-25.9;0;617;5;85.56;3.14;;;
48.865792;2.320142;32.55;-25.4;0;617;5;85.58;3.12;;;
48.865717;2.320389;32.42;-25.4;0;617;5;85.6;3.1;;;
48.865642;2.320633;32.57;-24.2;0;618;4;85.62;3.08;;;
48.865492;2.320564;32.62;-116.6;0;618;4;85.64;3.06;;;
48.865333;2.320439;32.65;-116.4;0;618;4;85.66;3.04;;;
48.865172;2.320317;32.63;-116.4;1;618;4;85.68;3.02;;;
48.864997;2.320261;32.72;-97.2;1;619;3;85.7;3;;;
48.864822;2.320289;32.98;-79.2;2;619;3;85.72;2.98;;;
48.864642;2.320289;33.2;-90;2;619;3;85.74;2.96;;;
48.864461;2.320306;33.74;-85.1;1;619;3;85.76;2.94;;;
48.864294;2.32025;34.22;-115.2;1;619;3;85.78;2.92;;;
48.864131;2.320131;34.73;-116.6;0;619;3;85.8;2.9;;;
48.864031;2.320281;34.67;-25.2;0;619;3;85.82;2.88;;;
48.863947;2.320525;34.17;-27.6;-1;619;3;85.84;2.86;;;
48.863867;2.320767;33.86;-27.4;-1;619;3;85.86;2.84;;;
48.863786;2.321011;33.42;-25.9;-1;619;3;85.88;2.82;;;
48.863703;2.321253;33.12;-27.1;-1;619;3;85.9;2.8;;;
48.863622;2.321497;32.85;-25.9;-1;619;3;85.92;2.78;;;
48.863544;2.321742;32.73;-25.7;-1;619;3;85.94;2.76;;;
48.863467;2.321986;32.47;-25.9;-1;619;3;85.96;2.74;;;
48.863389;2.322233;32.24;-25.9;-1;619;3;85.98;2.72;;;
48.863308;2.322478;32.2;-25.9;0;619;3;86;2.7;;;
48.863231;2.322725;32.29;-24.8;0;619;3;86.02;2.68;;;
48.863156;2.322969;32.42;-24.2;0;619;3;86.04;2.66;;;
48.863078;2.323217;32.48;-25.7;0;619;3;86.06;2.64;;;
48.863;2.323464;32.55;-25.4;0;619;3;86.08;2.62;;;
48.862922;2.323708;32.65;-25.9;0;619;3;86.1;2.6;;;
48.862847;2.323956;32.75;-25.7;0;620;2;86.12;2.58;;;
48.862767;2.3242;32.79;-25.9;0;620;2;86.14;2.56;;;
48.862689;2.324444;32.97;-25.9;0;620;2;86.16;2.54;;;
48.862611;2.324692;33.03;-25.4;0;620;2;86.18;2.52;;;
48.862531;2.324936;33.08;-25.3;0;620;2;86.2;2.5;;;
48.862453;2.325181;33.22;-25.7;0;620;2;86.22;2.48;;;
48.862375;2.325425;33.17;-24.2;0;620;2;86.24;2.46;;;
48.862297;2.325672;33.34;-25.9;0;620;2;86.26;2.44;;;
48.862219;2.325919;33.43;-25.4;0;620;2;86.28;2.42;;;
48.862136;2.326161;33.52;-27.6;0;620;2;86.3;2.4;;;
48.862053;2.3264;33.55;-27.6;0;620;2;86.32;2.38;;;
48.861975;2.326647;33.61;-25.4;0;620;2;86.34;2.36;;;
48.861897;2.326892;33.73;-25.7;0;621;1;86.36;2.34;;;
48.861819;2.327139;33.81;-25.9;0;621;1;86.38;2.32;;;
48.861742;2.327383;33.9;-25.9;0;621;1;86.4;2.3;;;
48.861664;2.327631;33.97;-25.7;0;621;1;86.42;2.28;;;
48.861586;2.327875;34.04;-25.9;0;621;1;86.44;2.26;;;
48.861503;2.328117;34.13;-27.4;0;621;1;86.46;2.24;;;
48.861422;2.328361;34.25;-27.6;0;621;1;86.48;2.22;;;
48.861342;2.328606;34.44;-26.9;1;621;1;86.5;2.2;;;
48.861261;2.328847;34.56;-25.9;1;621;1;86.52;2.18;;;
48.861181;2.329092;34.72;-25.2;1;621;1;86.54;2.16;;;
48.8611;2.329336;34.83;-27.6;1;621;1;86.56;2.14;;;
48.861022;2.329581;34.93;-25.7;0;621;1;86.58;2.12;;;
48.860944;2.329828;34.99;-25.4;0;621;1;86.6;2.1;;;
48.860867;2.330072;35.18;-25.9;-1;621;1;86.62;2.08;;;
48.860983;2.330094;34.9;84.3;-1;621;1;86.64;2.06;;;
48.861144;2.330211;34.49;61.3;-1;621;1;86.66;2.04;;;
48.861306;2.330333;34.01;63.6;-1;621;1;86.68;2.02;;;
48.861467;2.330453;33.96;63.6;0;621;1;86.7;2;;;
48.861628;2.330575;33.92;63.6;0;621;1;86.72;1.98;;;
48.861789;2.3307;33.88;62.5;0;621;1;86.74;1.96;;;
48.861947;2.330828;33.83;62.2;0;621;1;86.76;1.94;;;
48.862106;2.330956;33.79;62.5;0;621;1;86.78;1.92;;;
48.862269;2.331067;33.75;68.4;0;621;1;86.8;1.9;;;
48.862433;2.331181;33.7;65.3;0;621;1;86.82;1.88;;;
48.862597;2.331294;33.66;66.4;0;621;1;86.84;1.86;;;
48.862761;2.331406;33.61;66.1;0;621;1;86.86;1.84;;;
48.862925;2.331517;33.57;66.1;0;621;1;86.88;1.82;;;
48.863086;2.331636;33.53;63.4;0;621;1;86.9;1.8;;;
48.86325;2.331753;33.48;64.4;0;621;1;86.92;1.78;;;
48.863411;2.331869;33.7;64.5;0;621;1;86.94;1.76;;;
48.863575;2.331981;33.71;65.5;0;621;1;86.96;1.74;;;
48.863739;2.3321;33.74;63.6;0;621;1;86.98;1.72;;;
48.863814;2.331856;33.68;156.4;0;621;1;87;1.7;;;
48.863894;2.331611;33.62;154.7;0;621;1;87.02;1.68;;;
48.863975;2.331367;33.61;154.1;0;621;1;87.04;1.66;;;
48.864056;2.331122;33.57;152.4;0;621;1;87.06;1.64;;;
48.864133;2.330878;33.57;154.1;0;621;1;87.08;1.62;;;
48.864214;2.330633;33.52;152.6;0;621;1;87.1;1.6;;;
48.864292;2.330389;33.61;154.1;0;621;1;87.12;1.58;;;
48.864369;2.330142;33.61;155.2;0;621;1;87.14;1.56;;;
48.86445;2.3299;33.56;154.1;0;621;1;87.16;1.54;;;
48.864533;2.329658;33.52;152.6;0;621;1;87.18;1.52;;;
48.864614;2.329414;33.47;154.1;0;621;1;87.2;1.5;;;
48.864694;2.329172;33.44;154.3;0;621;1;87.22;1.48;;;
48.864775;2.328928;33.37;154.1;0;621;1;87.24;1.46;;;
48.864856;2.328683;33.33;154.3;0;621;1;87.26;1.44;;;
48.864936;2.328439;33.38;154.1;0;621;1;87.28;1.42;;;
48.865014;2.328194;33.39;154.3;0;621;1;87.3;1.4;;;
48.865094;2.32795;33.27;154.7;0;621;1;87.32;1.38;;;
48.865172;2.327703;33.2;154.1;0;621;1;87.34;1.36;;;
48.865253;2.327458;33.3;152.6;0;621;1;87.36;1.34;;;
48.865331;2.327214;33.34;154.1;0;622;0;87.38;1.32;;;
48.865411;2.326969;33.24;154.3;0;622;0;87.4;1.3;;;
48.865492;2.326725;33.22;152.4;0;622;0;87.42;1.28;;;
48.865569;2.326481;33.27;154.7;0;622;0;87.44;1.26;;;
48.86565;2.326236;33.31;154.1;0;622;0;87.46;1.24;;;
48.865728;2.325992;33.33;154.1;0;622;0;87.48;1.22;;;
48.865806;2.325744;33.3;154.6;0;622;0;87.5;1.2;;;
48.865881;2.325497;33.34;154.1;0;622;0;87.52;1.18;;;
48.865956;2.32525;33.34;154.1;0;622;0;87.54;1.16;;;
48.866033;2.325003;33.23;154.1;0;622;0;87.56;1.14;;;
48.866114;2.324761;33.24;152;0;622;0;87.58;1.12;;;
48.866194;2.324517;33.24;152.9;0;622;0;87.6;1.1;;;
48.866275;2.324272;33.24;154.1;0;622;0;87.62;1.08;;;
48.866342;2.324022;33.12;163.8;0;622;0;87.64;1.06;;;
48.866369;2.323753;32.91;174.9;0;622;0;87.66;1.04;;;
48.866347;2.323483;32.78;-171;0;622;0;87.68;1.02;;;
48.866383;2.323222;32.83;160.4;0;622;0;87.7;1;;;
48.866447;2.322967;32.85;160.2;0;622;0;87.72;0.98;;;
48.866511;2.322711;32.89;158.6;0;622;0;87.74;0.96;;;
48.866575;2.322458;32.98;158.1;0;622;0;87.76;0.94;;;
48.866639;2.322203;33.03;158.6;0;622;0;87.78;0.92;;;
48.866658;2.321975;33.06;-168;0;622;0;87.8;0.9;;;
48.866508;2.321831;32.9;-125.9;0;622;0;87.82;0.88;;;
48.866394;2.321617;32.71;-139.5;0;622;0;87.84;0.86;;;
48.866292;2.321394;32.65;-146.3;0;622;0;87.86;0.84;;;
48.866203;2.321164;32.7;-146.5;0;622;0;87.88;0.82;;;
48.866044;2.321028;32.7;-119.1;0;622;0;87.9;0.8;;;
48.865889;2.320892;32.69;-119.1;0;622;0;87.92;0.78;;;
48.865733;2.320756;32.61;-118.2;0;622;0;87.94;0.76;;;
48.865656;2.320586;32.54;180;0;622;0;87.96;0.74;;;
48.865733;2.320339;32.47;154.1;0;622;0;87.98;0.72;;;
48.865808;2.320092;32.57;154.1;0;622;0;88;0.7;;;
48.865886;2.319844;32.63;154.3;0;622;0;88.02;0.68;;;
48.865964;2.3196;32.63;154.1;0;622;0;88.04;0.66;;;
48.866042;2.319356;32.64;154.1;0;622;0;88.06;0.64;;;
48.866125;2.319114;32.66;151.8;0;622;0;88.08;0.62;;;
48.866206;2.318869;32.62;154.3;0;622;0;88.1;0.6;;;
48.866283;2.318622;32.62;154.6;0;622;0;88.12;0.58;;;
48.866361;2.318378;32.61;154.1;0;622;0;88.14;0.56;;;
48.866442;2.318133;32.62;154.3;0;622;0;88.16;0.54;;;
48.866519;2.317889;32.61;154.7;0;622;0;88.18;0.52;;;
48.866597;2.317642;32.61;154.1;0;622;0;88.2;0.5;;;
48.866675;2.317397;32.63;154.1;0;622;0;88.22;0.48;;;
48.86675;2.31715;32.69;155.8;0;622;0;88.24;0.46;;;
48.866828;2.316903;32.67;154.1;0;622;0;88.26;0.44;;;
48.866903;2.316656;32.63;154.1;0;622;0;88.28;0.42;;;
48.866981;2.316408;32.64;154.6;0;622;0;88.3;0.4;;;
48.867056;2.316161;32.71;155.8;0;622;0;88.32;0.38;;;
48.867131;2.315914;32.69;155.8;0;622;0;88.34;0.36;;;
48.867208;2.315667;32.61;154.6;0;622;0;88.36;0.34;;;
48.867283;2.315422;32.6;155.8;0;622;0;88.38;0.32;;;
48.867361;2.315175;32.68;154.1;0;622;0;88.4;0.3;;;
48.867442;2.314931;32.73;152.4;0;622;0;88.42;0.28;;;
48.867517;2.314683;32.73;154.3;0;622;0;88.44;0.26;;;
48.867592;2.314436;32.77;154.1;0;622;0;88.46;0.24;;;
48.867672;2.314192;32.82;152.4;0;622;0;88.48;0.22;;;
48.867753;2.313947;32.8;154.1;0;622;0;88.5;0.2;;;
48.867833;2.313703;32.72;152.9;0;622;0;88.52;0.18;;;
48.867914;2.313461;32.63;152;0;622;0;88.54;0.16;;;
48.867992;2.313214;32.59;154.6;0;622;0;88.56;0.14;;;
48.868069;2.312969;32.58;154.8;0;622;0;88.58;0.12;;;
48.868147;2.312722;32.56;154.6;0;622;0;88.6;0.1;;;
48.868225;2.312478;32.54;154.1;0;622;0;88.62;0.08;;;
48.8683;2.312231;32.52;155.8;0;622;0;88.64;0.06;;;
48.868378;2.311983;32.58;154.3;0;622;0;88.66;0.04;;;
48.868456;2.311739;32.57;154.1;0;622;0;88.68;0.02;;;
48.868519;2.311531;32.57;155.4;0;622;0;88.7;0;19;arrival;
