<?xml version="1.0" encoding="UTF-8"?>
<gpx version="1.1" creator="tour-scraper" xmlns="http://www.topografix.com/GPX/1/1">
  <trk><name>Stage 11: From Cartagena to Lorca — La Vuelta 26</name><trkseg>
    <trkpt lat="37.609562" lon="-0.93865"><ele>39.7</ele></trkpt>
    <trkpt lat="37.609582" lon="-0.93805"><ele>40.2</ele></trkpt>
    <trkpt lat="37.609645" lon="-0.936201"><ele>43</ele></trkpt>
    <trkpt lat="37.6097" lon="-0.934606"><ele>46.3</ele></trkpt>
    <trkpt lat="37.609774" lon="-0.932505"><ele>49.9</ele></trkpt>
    <trkpt lat="37.609771" lon="-0.932416"><ele>50.1</ele></trkpt>
    <trkpt lat="37.609781" lon="-0.932133"><ele>50.5</ele></trkpt>
    <trkpt lat="37.609792" lon="-0.931739"><ele>51.2</ele></trkpt>
    <trkpt lat="37.609793" lon="-0.931718"><ele>51.2</ele></trkpt>
    <trkpt lat="37.609804" lon="-0.931268"><ele>52</ele></trkpt>
    <trkpt lat="37.609861" lon="-0.929853"><ele>54</ele></trkpt>
    <trkpt lat="37.609896" lon="-0.928824"><ele>55.5</ele></trkpt>
    <trkpt lat="37.609976" lon="-0.92648"><ele>61.1</ele></trkpt>
    <trkpt lat="37.610068" lon="-0.923589"><ele>71.5</ele></trkpt>
    <trkpt lat="37.610108" lon="-0.923229"><ele>72.5</ele></trkpt>
    <trkpt lat="37.610264" lon="-0.922535"><ele>74</ele></trkpt>
    <trkpt lat="37.610375" lon="-0.922138"><ele>74.7</ele></trkpt>
    <trkpt lat="37.610374" lon="-0.922109"><ele>74.7</ele></trkpt>
    <trkpt lat="37.610237" lon="-0.921647"><ele>75.3</ele></trkpt>
    <trkpt lat="37.61013" lon="-0.921173"><ele>75.8</ele></trkpt>
    <trkpt lat="37.610022" lon="-0.920108"><ele>76</ele></trkpt>
    <trkpt lat="37.610014" lon="-0.918226"><ele>72.9</ele></trkpt>
    <trkpt lat="37.610012" lon="-0.917501"><ele>71.1</ele></trkpt>
    <trkpt lat="37.610013" lon="-0.915073"><ele>66.6</ele></trkpt>
    <trkpt lat="37.61002" lon="-0.913466"><ele>66.7</ele></trkpt>
    <trkpt lat="37.610077" lon="-0.912784"><ele>67.3</ele></trkpt>
    <trkpt lat="37.610165" lon="-0.912134"><ele>68</ele></trkpt>
    <trkpt lat="37.610175" lon="-0.912079"><ele>68</ele></trkpt>
    <trkpt lat="37.61023" lon="-0.911712"><ele>68.5</ele></trkpt>
    <trkpt lat="37.61029" lon="-0.911274"><ele>69.2</ele></trkpt>
    <trkpt lat="37.610764" lon="-0.9079"><ele>77.4</ele></trkpt>
    <trkpt lat="37.610788" lon="-0.907728"><ele>77.9</ele></trkpt>
    <trkpt lat="37.610983" lon="-0.906335"><ele>81.2</ele></trkpt>
    <trkpt lat="37.611051" lon="-0.905874"><ele>82.2</ele></trkpt>
    <trkpt lat="37.611086" lon="-0.905641"><ele>82.7</ele></trkpt>
    <trkpt lat="37.612185" lon="-0.897902"><ele>105.2</ele></trkpt>
    <trkpt lat="37.612269" lon="-0.897419"><ele>106.7</ele></trkpt>
    <trkpt lat="37.612373" lon="-0.896996"><ele>108.1</ele></trkpt>
    <trkpt lat="37.612564" lon="-0.896366"><ele>109.8</ele></trkpt>
    <trkpt lat="37.612585" lon="-0.896243"><ele>110.1</ele></trkpt>
    <trkpt lat="37.612565" lon="-0.896116"><ele>110.5</ele></trkpt>
    <trkpt lat="37.612458" lon="-0.895986"><ele>110.9</ele></trkpt>
    <trkpt lat="37.612301" lon="-0.89592"><ele>111.3</ele></trkpt>
    <trkpt lat="37.612108" lon="-0.89588"><ele>111.8</ele></trkpt>
    <trkpt lat="37.611851" lon="-0.895883"><ele>112.5</ele></trkpt>
    <trkpt lat="37.611776" lon="-0.895907"><ele>112.7</ele></trkpt>
    <trkpt lat="37.611594" lon="-0.895952"><ele>113.1</ele></trkpt>
    <trkpt lat="37.611466" lon="-0.895963"><ele>113.4</ele></trkpt>
    <trkpt lat="37.611157" lon="-0.895901"><ele>114.2</ele></trkpt>
    <trkpt lat="37.611025" lon="-0.895832"><ele>114.6</ele></trkpt>
    <trkpt lat="37.610889" lon="-0.895722"><ele>115.1</ele></trkpt>
    <trkpt lat="37.610598" lon="-0.895359"><ele>116.5</ele></trkpt>
    <trkpt lat="37.610389" lon="-0.894993"><ele>117.8</ele></trkpt>
    <trkpt lat="37.610196" lon="-0.894521"><ele>119.6</ele></trkpt>
    <trkpt lat="37.610096" lon="-0.894187"><ele>121</ele></trkpt>
    <trkpt lat="37.609982" lon="-0.893592"><ele>123.9</ele></trkpt>
    <trkpt lat="37.609961" lon="-0.893219"><ele>126</ele></trkpt>
    <trkpt lat="37.609972" lon="-0.892189"><ele>132.6</ele></trkpt>
    <trkpt lat="37.609919" lon="-0.891677"><ele>136.6</ele></trkpt>
    <trkpt lat="37.609751" lon="-0.891187"><ele>140.8</ele></trkpt>
    <trkpt lat="37.609284" lon="-0.890196"><ele>150.3</ele></trkpt>
    <trkpt lat="37.608764" lon="-0.889173"><ele>158.8</ele></trkpt>
    <trkpt lat="37.608363" lon="-0.888459"><ele>163.2</ele></trkpt>
    <trkpt lat="37.607731" lon="-0.887385"><ele>168.6</ele></trkpt>
    <trkpt lat="37.607416" lon="-0.886972"><ele>171.1</ele></trkpt>
    <trkpt lat="37.607268" lon="-0.88683"><ele>172.2</ele></trkpt>
    <trkpt lat="37.606929" lon="-0.88661"><ele>174.6</ele></trkpt>
    <trkpt lat="37.606581" lon="-0.886512"><ele>177</ele></trkpt>
    <trkpt lat="37.605843" lon="-0.886427"><ele>182</ele></trkpt>
    <trkpt lat="37.605555" lon="-0.88632"><ele>183.9</ele></trkpt>
    <trkpt lat="37.605397" lon="-0.886225"><ele>185.1</ele></trkpt>
    <trkpt lat="37.605178" lon="-0.886039"><ele>186.7</ele></trkpt>
    <trkpt lat="37.604982" lon="-0.8858"><ele>188.4</ele></trkpt>
    <trkpt lat="37.604599" lon="-0.885175"><ele>191.9</ele></trkpt>
    <trkpt lat="37.60444" lon="-0.884956"><ele>193.2</ele></trkpt>
    <trkpt lat="37.604196" lon="-0.884713"><ele>194.9</ele></trkpt>
    <trkpt lat="37.604013" lon="-0.884568"><ele>196.1</ele></trkpt>
    <trkpt lat="37.603783" lon="-0.884453"><ele>197.5</ele></trkpt>
    <trkpt lat="37.603656" lon="-0.884409"><ele>198.3</ele></trkpt>
    <trkpt lat="37.603365" lon="-0.884367"><ele>200.1</ele></trkpt>
    <trkpt lat="37.603066" lon="-0.884396"><ele>201.9</ele></trkpt>
    <trkpt lat="37.602667" lon="-0.884511"><ele>204.1</ele></trkpt>
    <trkpt lat="37.602311" lon="-0.884687"><ele>205.4</ele></trkpt>
    <trkpt lat="37.602116" lon="-0.884813"><ele>205.7</ele></trkpt>
    <trkpt lat="37.601827" lon="-0.885039"><ele>205.5</ele></trkpt>
    <trkpt lat="37.601555" lon="-0.885315"><ele>204.2</ele></trkpt>
    <trkpt lat="37.60108" lon="-0.885892"><ele>199.5</ele></trkpt>
    <trkpt lat="37.600614" lon="-0.886506"><ele>193.2</ele></trkpt>
    <trkpt lat="37.600329" lon="-0.886777"><ele>190.1</ele></trkpt>
    <trkpt lat="37.600147" lon="-0.886872"><ele>188.6</ele></trkpt>
    <trkpt lat="37.599903" lon="-0.886914"><ele>186.9</ele></trkpt>
    <trkpt lat="37.599729" lon="-0.886907"><ele>185.8</ele></trkpt>
    <trkpt lat="37.599508" lon="-0.886833"><ele>184.4</ele></trkpt>
    <trkpt lat="37.599336" lon="-0.886672"><ele>183.1</ele></trkpt>
    <trkpt lat="37.598981" lon="-0.88623"><ele>180.1</ele></trkpt>
    <trkpt lat="37.598868" lon="-0.886047"><ele>179.1</ele></trkpt>
    <trkpt lat="37.598494" lon="-0.885297"><ele>174.8</ele></trkpt>
    <trkpt lat="37.598257" lon="-0.884607"><ele>170.2</ele></trkpt>
    <trkpt lat="37.598148" lon="-0.884358"><ele>168.3</ele></trkpt>
    <trkpt lat="37.597894" lon="-0.883973"><ele>165.1</ele></trkpt>
    <trkpt lat="37.597452" lon="-0.883377"><ele>159.8</ele></trkpt>
    <trkpt lat="37.596232" lon="-0.882161"><ele>148.9</ele></trkpt>
    <trkpt lat="37.595665" lon="-0.881573"><ele>145.1</ele></trkpt>
    <trkpt lat="37.595327" lon="-0.881142"><ele>143.9</ele></trkpt>
    <trkpt lat="37.594141" lon="-0.879017"><ele>147.8</ele></trkpt>
    <trkpt lat="37.593947" lon="-0.878608"><ele>148.3</ele></trkpt>
    <trkpt lat="37.593894" lon="-0.878404"><ele>148.4</ele></trkpt>
    <trkpt lat="37.593886" lon="-0.878123"><ele>148.6</ele></trkpt>
    <trkpt lat="37.593967" lon="-0.877817"><ele>148.9</ele></trkpt>
    <trkpt lat="37.594047" lon="-0.877655"><ele>149.2</ele></trkpt>
    <trkpt lat="37.594306" lon="-0.877251"><ele>149.9</ele></trkpt>
    <trkpt lat="37.594371" lon="-0.877112"><ele>150.2</ele></trkpt>
    <trkpt lat="37.594427" lon="-0.876852"><ele>150.7</ele></trkpt>
    <trkpt lat="37.594534" lon="-0.875841"><ele>154.8</ele></trkpt>
    <trkpt lat="37.594602" lon="-0.875657"><ele>156</ele></trkpt>
    <trkpt lat="37.594856" lon="-0.875232"><ele>159.7</ele></trkpt>
    <trkpt lat="37.59497" lon="-0.874901"><ele>162.4</ele></trkpt>
    <trkpt lat="37.595006" lon="-0.87458"><ele>164.9</ele></trkpt>
    <trkpt lat="37.595003" lon="-0.874289"><ele>167.3</ele></trkpt>
    <trkpt lat="37.594956" lon="-0.874091"><ele>169</ele></trkpt>
    <trkpt lat="37.594898" lon="-0.873983"><ele>169.9</ele></trkpt>
    <trkpt lat="37.594747" lon="-0.87386"><ele>171.3</ele></trkpt>
    <trkpt lat="37.594631" lon="-0.873825"><ele>172.1</ele></trkpt>
    <trkpt lat="37.594182" lon="-0.873822"><ele>173.8</ele></trkpt>
    <trkpt lat="37.594038" lon="-0.873856"><ele>173.9</ele></trkpt>
    <trkpt lat="37.593954" lon="-0.873936"><ele>173.8</ele></trkpt>
    <trkpt lat="37.593486" lon="-0.874771"><ele>171.9</ele></trkpt>
    <trkpt lat="37.59337" lon="-0.874861"><ele>171.3</ele></trkpt>
    <trkpt lat="37.593297" lon="-0.874883"><ele>171</ele></trkpt>
    <trkpt lat="37.593288" lon="-0.874883"><ele>170.9</ele></trkpt>
    <trkpt lat="37.593053" lon="-0.874861"><ele>170.1</ele></trkpt>
    <trkpt lat="37.592304" lon="-0.874697"><ele>170.7</ele></trkpt>
    <trkpt lat="37.592138" lon="-0.874628"><ele>170.8</ele></trkpt>
    <trkpt lat="37.591808" lon="-0.874391"><ele>170.5</ele></trkpt>
    <trkpt lat="37.591745" lon="-0.874386"><ele>170.4</ele></trkpt>
    <trkpt lat="37.591652" lon="-0.874428"><ele>170.1</ele></trkpt>
    <trkpt lat="37.59148" lon="-0.874635"><ele>169.2</ele></trkpt>
    <trkpt lat="37.591388" lon="-0.874848"><ele>168.2</ele></trkpt>
    <trkpt lat="37.591164" lon="-0.875664"><ele>161.8</ele></trkpt>
    <trkpt lat="37.591048" lon="-0.875947"><ele>158.3</ele></trkpt>
    <trkpt lat="37.590788" lon="-0.876311"><ele>153.4</ele></trkpt>
    <trkpt lat="37.590584" lon="-0.876486"><ele>150.7</ele></trkpt>
    <trkpt lat="37.590444" lon="-0.876543"><ele>149.2</ele></trkpt>
    <trkpt lat="37.590328" lon="-0.87653"><ele>148</ele></trkpt>
    <trkpt lat="37.590279" lon="-0.876496"><ele>147.3</ele></trkpt>
    <trkpt lat="37.590165" lon="-0.876346"><ele>145.6</ele></trkpt>
    <trkpt lat="37.589894" lon="-0.875771"><ele>139.5</ele></trkpt>
    <trkpt lat="37.589812" lon="-0.875656"><ele>138</ele></trkpt>
    <trkpt lat="37.589664" lon="-0.875555"><ele>136</ele></trkpt>
    <trkpt lat="37.589476" lon="-0.875534"><ele>133.9</ele></trkpt>
    <trkpt lat="37.588926" lon="-0.875692"><ele>128</ele></trkpt>
    <trkpt lat="37.588827" lon="-0.875672"><ele>126.9</ele></trkpt>
    <trkpt lat="37.588713" lon="-0.87559"><ele>125.4</ele></trkpt>
    <trkpt lat="37.588644" lon="-0.875474"><ele>124.2</ele></trkpt>
    <trkpt lat="37.588619" lon="-0.875385"><ele>123.4</ele></trkpt>
    <trkpt lat="37.588529" lon="-0.874862"><ele>119.8</ele></trkpt>
    <trkpt lat="37.58845" lon="-0.874745"><ele>119.2</ele></trkpt>
    <trkpt lat="37.588053" lon="-0.87441"><ele>118.9</ele></trkpt>
    <trkpt lat="37.58787" lon="-0.874108"><ele>119.6</ele></trkpt>
    <trkpt lat="37.587577" lon="-0.873502"><ele>121.6</ele></trkpt>
    <trkpt lat="37.587546" lon="-0.873333"><ele>122.2</ele></trkpt>
    <trkpt lat="37.58754" lon="-0.872751"><ele>124</ele></trkpt>
    <trkpt lat="37.58755" lon="-0.872569"><ele>124.3</ele></trkpt>
    <trkpt lat="37.587584" lon="-0.872421"><ele>124.4</ele></trkpt>
    <trkpt lat="37.587706" lon="-0.872164"><ele>123.9</ele></trkpt>
    <trkpt lat="37.588012" lon="-0.871645"><ele>120.2</ele></trkpt>
    <trkpt lat="37.588174" lon="-0.871183"><ele>115.6</ele></trkpt>
    <trkpt lat="37.588491" lon="-0.870595"><ele>107.9</ele></trkpt>
    <trkpt lat="37.588586" lon="-0.870314"><ele>104.5</ele></trkpt>
    <trkpt lat="37.588599" lon="-0.870206"><ele>103.3</ele></trkpt>
    <trkpt lat="37.588554" lon="-0.870003"><ele>101.1</ele></trkpt>
    <trkpt lat="37.58847" lon="-0.86989"><ele>99.5</ele></trkpt>
    <trkpt lat="37.588371" lon="-0.869817"><ele>98</ele></trkpt>
    <trkpt lat="37.58814" lon="-0.869736"><ele>95.3</ele></trkpt>
    <trkpt lat="37.587623" lon="-0.86967"><ele>91</ele></trkpt>
    <trkpt lat="37.587359" lon="-0.869562"><ele>89.2</ele></trkpt>
    <trkpt lat="37.586937" lon="-0.869492"><ele>87</ele></trkpt>
    <trkpt lat="37.586333" lon="-0.869062"><ele>83.9</ele></trkpt>
    <trkpt lat="37.585877" lon="-0.868819"><ele>81.9</ele></trkpt>
    <trkpt lat="37.585707" lon="-0.868703"><ele>81</ele></trkpt>
    <trkpt lat="37.585302" lon="-0.868271"><ele>78.5</ele></trkpt>
    <trkpt lat="37.584729" lon="-0.867742"><ele>73.8</ele></trkpt>
    <trkpt lat="37.584607" lon="-0.867593"><ele>72.5</ele></trkpt>
    <trkpt lat="37.584568" lon="-0.867514"><ele>71.9</ele></trkpt>
    <trkpt lat="37.584432" lon="-0.866947"><ele>68</ele></trkpt>
    <trkpt lat="37.584373" lon="-0.866813"><ele>67</ele></trkpt>
    <trkpt lat="37.584288" lon="-0.866692"><ele>65.8</ele></trkpt>
    <trkpt lat="37.583104" lon="-0.865912"><ele>56.5</ele></trkpt>
    <trkpt lat="37.583014" lon="-0.865812"><ele>55.9</ele></trkpt>
    <trkpt lat="37.582972" lon="-0.865648"><ele>55.3</ele></trkpt>
    <trkpt lat="37.583007" lon="-0.865555"><ele>54.9</ele></trkpt>
    <trkpt lat="37.583072" lon="-0.865483"><ele>54.5</ele></trkpt>
    <trkpt lat="37.58332" lon="-0.865365"><ele>53.2</ele></trkpt>
    <trkpt lat="37.583468" lon="-0.86535"><ele>52.5</ele></trkpt>
    <trkpt lat="37.584236" lon="-0.865418"><ele>48.4</ele></trkpt>
    <trkpt lat="37.584561" lon="-0.86539"><ele>45.9</ele></trkpt>
    <trkpt lat="37.584936" lon="-0.865205"><ele>42.6</ele></trkpt>
    <trkpt lat="37.585687" lon="-0.864699"><ele>35.8</ele></trkpt>
    <trkpt lat="37.585801" lon="-0.864586"><ele>34.7</ele></trkpt>
    <trkpt lat="37.586092" lon="-0.864172"><ele>31.9</ele></trkpt>
    <trkpt lat="37.587005" lon="-0.862583"><ele>25.3</ele></trkpt>
    <trkpt lat="37.587747" lon="-0.861733"><ele>21.4</ele></trkpt>
    <trkpt lat="37.587902" lon="-0.86151"><ele>20.4</ele></trkpt>
    <trkpt lat="37.587964" lon="-0.861334"><ele>19.8</ele></trkpt>
    <trkpt lat="37.588277" lon="-0.859449"><ele>13.3</ele></trkpt>
    <trkpt lat="37.588356" lon="-0.858997"><ele>11.5</ele></trkpt>
    <trkpt lat="37.588422" lon="-0.858788"><ele>10.7</ele></trkpt>
    <trkpt lat="37.588465" lon="-0.858725"><ele>10.4</ele></trkpt>
    <trkpt lat="37.588741" lon="-0.858321"><ele>8.8</ele></trkpt>
    <trkpt lat="37.589504" lon="-0.857239"><ele>6.3</ele></trkpt>
    <trkpt lat="37.589593" lon="-0.857106"><ele>6.4</ele></trkpt>
    <trkpt lat="37.589913" lon="-0.856623"><ele>6.5</ele></trkpt>
    <trkpt lat="37.589936" lon="-0.856588"><ele>6.5</ele></trkpt>
    <trkpt lat="37.589973" lon="-0.856444"><ele>6.6</ele></trkpt>
    <trkpt lat="37.589982" lon="-0.856287"><ele>6.7</ele></trkpt>
    <trkpt lat="37.589977" lon="-0.856262"><ele>6.7</ele></trkpt>
    <trkpt lat="37.589995" lon="-0.856159"><ele>6.8</ele></trkpt>
    <trkpt lat="37.590042" lon="-0.856107"><ele>6.8</ele></trkpt>
    <trkpt lat="37.590075" lon="-0.856094"><ele>6.9</ele></trkpt>
    <trkpt lat="37.590154" lon="-0.855969"><ele>7</ele></trkpt>
    <trkpt lat="37.590205" lon="-0.855808"><ele>7.2</ele></trkpt>
    <trkpt lat="37.590366" lon="-0.855338"><ele>7.7</ele></trkpt>
    <trkpt lat="37.590423" lon="-0.855182"><ele>7.8</ele></trkpt>
    <trkpt lat="37.590528" lon="-0.854899"><ele>7.9</ele></trkpt>
    <trkpt lat="37.590622" lon="-0.854658"><ele>7.9</ele></trkpt>
    <trkpt lat="37.590637" lon="-0.854473"><ele>7.9</ele></trkpt>
    <trkpt lat="37.590635" lon="-0.854348"><ele>8</ele></trkpt>
    <trkpt lat="37.590627" lon="-0.854257"><ele>8</ele></trkpt>
    <trkpt lat="37.59062" lon="-0.854142"><ele>8</ele></trkpt>
    <trkpt lat="37.590609" lon="-0.853935"><ele>8</ele></trkpt>
    <trkpt lat="37.590592" lon="-0.853624"><ele>7.9</ele></trkpt>
    <trkpt lat="37.590556" lon="-0.852975"><ele>7.4</ele></trkpt>
    <trkpt lat="37.590541" lon="-0.852743"><ele>7.2</ele></trkpt>
    <trkpt lat="37.590525" lon="-0.852354"><ele>6.9</ele></trkpt>
    <trkpt lat="37.590518" lon="-0.852229"><ele>6.8</ele></trkpt>
    <trkpt lat="37.590515" lon="-0.852182"><ele>6.8</ele></trkpt>
    <trkpt lat="37.590494" lon="-0.851809"><ele>6.6</ele></trkpt>
    <trkpt lat="37.590483" lon="-0.851731"><ele>6.6</ele></trkpt>
    <trkpt lat="37.590458" lon="-0.851585"><ele>6.6</ele></trkpt>
    <trkpt lat="37.590256" lon="-0.850773"><ele>7.1</ele></trkpt>
    <trkpt lat="37.590243" lon="-0.850723"><ele>7.2</ele></trkpt>
    <trkpt lat="37.590161" lon="-0.850431"><ele>7.5</ele></trkpt>
    <trkpt lat="37.590101" lon="-0.850215"><ele>7.7</ele></trkpt>
    <trkpt lat="37.590039" lon="-0.850119"><ele>7.9</ele></trkpt>
    <trkpt lat="37.589625" lon="-0.849669"><ele>9.7</ele></trkpt>
    <trkpt lat="37.58943" lon="-0.849411"><ele>10.9</ele></trkpt>
    <trkpt lat="37.589336" lon="-0.849217"><ele>11.8</ele></trkpt>
    <trkpt lat="37.589293" lon="-0.848917"><ele>12.8</ele></trkpt>
    <trkpt lat="37.589343" lon="-0.848468"><ele>14.3</ele></trkpt>
    <trkpt lat="37.589323" lon="-0.848278"><ele>14.9</ele></trkpt>
    <trkpt lat="37.589187" lon="-0.847773"><ele>16.5</ele></trkpt>
    <trkpt lat="37.588925" lon="-0.846865"><ele>17.4</ele></trkpt>
    <trkpt lat="37.588843" lon="-0.845459"><ele>14.9</ele></trkpt>
    <trkpt lat="37.5888" lon="-0.844571"><ele>12.6</ele></trkpt>
    <trkpt lat="37.588785" lon="-0.844292"><ele>12</ele></trkpt>
    <trkpt lat="37.5888" lon="-0.844143"><ele>11.8</ele></trkpt>
    <trkpt lat="37.588857" lon="-0.843911"><ele>11.5</ele></trkpt>
    <trkpt lat="37.589042" lon="-0.84331"><ele>11.3</ele></trkpt>
    <trkpt lat="37.589067" lon="-0.84108"><ele>16.4</ele></trkpt>
    <trkpt lat="37.589036" lon="-0.840392"><ele>19.2</ele></trkpt>
    <trkpt lat="37.58898" lon="-0.8402"><ele>20</ele></trkpt>
    <trkpt lat="37.588494" lon="-0.8392"><ele>21.9</ele></trkpt>
    <trkpt lat="37.58809" lon="-0.838405"><ele>22</ele></trkpt>
    <trkpt lat="37.588034" lon="-0.838131"><ele>22</ele></trkpt>
    <trkpt lat="37.588046" lon="-0.837995"><ele>22</ele></trkpt>
    <trkpt lat="37.588152" lon="-0.837705"><ele>22</ele></trkpt>
    <trkpt lat="37.588228" lon="-0.837602"><ele>22.2</ele></trkpt>
    <trkpt lat="37.588319" lon="-0.837542"><ele>22.4</ele></trkpt>
    <trkpt lat="37.588841" lon="-0.837477"><ele>24.2</ele></trkpt>
    <trkpt lat="37.588953" lon="-0.837371"><ele>24.8</ele></trkpt>
    <trkpt lat="37.588972" lon="-0.837335"><ele>24.9</ele></trkpt>
    <trkpt lat="37.589034" lon="-0.837297"><ele>25.2</ele></trkpt>
    <trkpt lat="37.589118" lon="-0.837336"><ele>25.7</ele></trkpt>
    <trkpt lat="37.589219" lon="-0.837358"><ele>26.2</ele></trkpt>
    <trkpt lat="37.589283" lon="-0.837303"><ele>26.6</ele></trkpt>
    <trkpt lat="37.589564" lon="-0.83654"><ele>30.4</ele></trkpt>
    <trkpt lat="37.58963" lon="-0.836425"><ele>31.2</ele></trkpt>
    <trkpt lat="37.589834" lon="-0.836248"><ele>33</ele></trkpt>
    <trkpt lat="37.589907" lon="-0.836237"><ele>33.6</ele></trkpt>
    <trkpt lat="37.590965" lon="-0.836181"><ele>43.7</ele></trkpt>
    <trkpt lat="37.591034" lon="-0.836207"><ele>44.4</ele></trkpt>
    <trkpt lat="37.591134" lon="-0.836329"><ele>45.8</ele></trkpt>
    <trkpt lat="37.591459" lon="-0.83699"><ele>50.9</ele></trkpt>
    <trkpt lat="37.591541" lon="-0.837103"><ele>51.7</ele></trkpt>
    <trkpt lat="37.591624" lon="-0.837171"><ele>52.3</ele></trkpt>
    <trkpt lat="37.591721" lon="-0.837194"><ele>52.8</ele></trkpt>
    <trkpt lat="37.591834" lon="-0.837163"><ele>53.3</ele></trkpt>
    <trkpt lat="37.591996" lon="-0.83707"><ele>54</ele></trkpt>
    <trkpt lat="37.592052" lon="-0.83697"><ele>54.4</ele></trkpt>
    <trkpt lat="37.59207" lon="-0.836883"><ele>54.7</ele></trkpt>
    <trkpt lat="37.592076" lon="-0.836711"><ele>55.1</ele></trkpt>
    <trkpt lat="37.592032" lon="-0.836078"><ele>56.6</ele></trkpt>
    <trkpt lat="37.592049" lon="-0.835951"><ele>56.9</ele></trkpt>
    <trkpt lat="37.592188" lon="-0.835688"><ele>57.9</ele></trkpt>
    <trkpt lat="37.592449" lon="-0.835504"><ele>59.6</ele></trkpt>
    <trkpt lat="37.592558" lon="-0.835398"><ele>60.6</ele></trkpt>
    <trkpt lat="37.592648" lon="-0.835185"><ele>62.2</ele></trkpt>
    <trkpt lat="37.592695" lon="-0.834541"><ele>67.8</ele></trkpt>
    <trkpt lat="37.592667" lon="-0.833925"><ele>73.8</ele></trkpt>
    <trkpt lat="37.592606" lon="-0.833664"><ele>76.3</ele></trkpt>
    <trkpt lat="37.592605" lon="-0.833539"><ele>77.5</ele></trkpt>
    <trkpt lat="37.592662" lon="-0.833287"><ele>80</ele></trkpt>
    <trkpt lat="37.592741" lon="-0.833154"><ele>81.5</ele></trkpt>
    <trkpt lat="37.592905" lon="-0.832914"><ele>84.5</ele></trkpt>
    <trkpt lat="37.59297" lon="-0.832727"><ele>86.3</ele></trkpt>
    <trkpt lat="37.592946" lon="-0.832499"><ele>88.3</ele></trkpt>
    <trkpt lat="37.592782" lon="-0.831959"><ele>93</ele></trkpt>
    <trkpt lat="37.592766" lon="-0.831515"><ele>96.2</ele></trkpt>
    <trkpt lat="37.592815" lon="-0.831352"><ele>97.4</ele></trkpt>
    <trkpt lat="37.592885" lon="-0.831242"><ele>98.3</ele></trkpt>
    <trkpt lat="37.592994" lon="-0.831144"><ele>99.4</ele></trkpt>
    <trkpt lat="37.593244" lon="-0.830994"><ele>101.5</ele></trkpt>
    <trkpt lat="37.593339" lon="-0.830907"><ele>102.3</ele></trkpt>
    <trkpt lat="37.59337" lon="-0.830818"><ele>102.8</ele></trkpt>
    <trkpt lat="37.59338" lon="-0.830675"><ele>103.5</ele></trkpt>
    <trkpt lat="37.593351" lon="-0.830468"><ele>104.5</ele></trkpt>
    <trkpt lat="37.593184" lon="-0.82991"><ele>106.5</ele></trkpt>
    <trkpt lat="37.59314" lon="-0.829492"><ele>107.7</ele></trkpt>
    <trkpt lat="37.593197" lon="-0.828766"><ele>110.4</ele></trkpt>
    <trkpt lat="37.59327" lon="-0.828172"><ele>113.8</ele></trkpt>
    <trkpt lat="37.593575" lon="-0.827475"><ele>119.3</ele></trkpt>
    <trkpt lat="37.593637" lon="-0.827272"><ele>120.9</ele></trkpt>
    <trkpt lat="37.593652" lon="-0.827111"><ele>122.2</ele></trkpt>
    <trkpt lat="37.593627" lon="-0.826957"><ele>123.4</ele></trkpt>
    <trkpt lat="37.593456" lon="-0.826458"><ele>128</ele></trkpt>
    <trkpt lat="37.593387" lon="-0.826222"><ele>130.1</ele></trkpt>
    <trkpt lat="37.593352" lon="-0.826001"><ele>131.9</ele></trkpt>
    <trkpt lat="37.593356" lon="-0.825782"><ele>133.5</ele></trkpt>
    <trkpt lat="37.593479" lon="-0.825015"><ele>137.8</ele></trkpt>
    <trkpt lat="37.593534" lon="-0.824809"><ele>138.6</ele></trkpt>
    <trkpt lat="37.593597" lon="-0.824714"><ele>139</ele></trkpt>
    <trkpt lat="37.59373" lon="-0.824562"><ele>139.5</ele></trkpt>
    <trkpt lat="37.594187" lon="-0.824218"><ele>139.6</ele></trkpt>
    <trkpt lat="37.594321" lon="-0.824149"><ele>139.2</ele></trkpt>
    <trkpt lat="37.594459" lon="-0.824116"><ele>138.7</ele></trkpt>
    <trkpt lat="37.594668" lon="-0.824129"><ele>137.7</ele></trkpt>
    <trkpt lat="37.595072" lon="-0.824186"><ele>135.3</ele></trkpt>
    <trkpt lat="37.595334" lon="-0.824151"><ele>133.7</ele></trkpt>
    <trkpt lat="37.595489" lon="-0.824033"><ele>132.7</ele></trkpt>
    <trkpt lat="37.595576" lon="-0.823934"><ele>132.1</ele></trkpt>
    <trkpt lat="37.595669" lon="-0.823795"><ele>131.3</ele></trkpt>
    <trkpt lat="37.595807" lon="-0.823458"><ele>129.8</ele></trkpt>
    <trkpt lat="37.596486" lon="-0.821882"><ele>124.7</ele></trkpt>
    <trkpt lat="37.59666" lon="-0.821727"><ele>124.2</ele></trkpt>
    <trkpt lat="37.597253" lon="-0.821394"><ele>122.6</ele></trkpt>
    <trkpt lat="37.597459" lon="-0.821244"><ele>122</ele></trkpt>
    <trkpt lat="37.597707" lon="-0.820908"><ele>120.8</ele></trkpt>
    <trkpt lat="37.598115" lon="-0.820306"><ele>117.6</ele></trkpt>
    <trkpt lat="37.598251" lon="-0.820045"><ele>116.4</ele></trkpt>
    <trkpt lat="37.59845" lon="-0.819516"><ele>114.5</ele></trkpt>
    <trkpt lat="37.598857" lon="-0.818413"><ele>110.8</ele></trkpt>
    <trkpt lat="37.599415" lon="-0.816969"><ele>107.7</ele></trkpt>
    <trkpt lat="37.59951" lon="-0.816797"><ele>107.4</ele></trkpt>
    <trkpt lat="37.599753" lon="-0.816504"><ele>106.8</ele></trkpt>
    <trkpt lat="37.600393" lon="-0.816008"><ele>106.1</ele></trkpt>
    <trkpt lat="37.600746" lon="-0.815805"><ele>106.1</ele></trkpt>
    <trkpt lat="37.603163" lon="-0.814127"><ele>104.6</ele></trkpt>
    <trkpt lat="37.603402" lon="-0.813959"><ele>104.2</ele></trkpt>
    <trkpt lat="37.603669" lon="-0.813763"><ele>103.6</ele></trkpt>
    <trkpt lat="37.603886" lon="-0.813559"><ele>103</ele></trkpt>
    <trkpt lat="37.604222" lon="-0.813104"><ele>101.7</ele></trkpt>
    <trkpt lat="37.605498" lon="-0.810827"><ele>94.4</ele></trkpt>
    <trkpt lat="37.607256" lon="-0.807675"><ele>89.4</ele></trkpt>
    <trkpt lat="37.60731" lon="-0.807543"><ele>89.1</ele></trkpt>
    <trkpt lat="37.607274" lon="-0.807454"><ele>89</ele></trkpt>
    <trkpt lat="37.607299" lon="-0.807358"><ele>88.8</ele></trkpt>
    <trkpt lat="37.607371" lon="-0.807312"><ele>88.6</ele></trkpt>
    <trkpt lat="37.607425" lon="-0.807326"><ele>88.5</ele></trkpt>
    <trkpt lat="37.607466" lon="-0.807372"><ele>88.4</ele></trkpt>
    <trkpt lat="37.60768" lon="-0.807063"><ele>87.8</ele></trkpt>
    <trkpt lat="37.611393" lon="-0.800411"><ele>77.2</ele></trkpt>
    <trkpt lat="37.611856" lon="-0.79936"><ele>75.1</ele></trkpt>
    <trkpt lat="37.611812" lon="-0.799288"><ele>75</ele></trkpt>
    <trkpt lat="37.611801" lon="-0.799198"><ele>74.8</ele></trkpt>
    <trkpt lat="37.611827" lon="-0.799113"><ele>74.6</ele></trkpt>
    <trkpt lat="37.611884" lon="-0.799056"><ele>74.4</ele></trkpt>
    <trkpt lat="37.612001" lon="-0.799058"><ele>74.1</ele></trkpt>
    <trkpt lat="37.612403" lon="-0.798084"><ele>71.7</ele></trkpt>
    <trkpt lat="37.613303" lon="-0.79603"><ele>65.7</ele></trkpt>
    <trkpt lat="37.613703" lon="-0.795394"><ele>63.6</ele></trkpt>
    <trkpt lat="37.613839" lon="-0.795231"><ele>63</ele></trkpt>
    <trkpt lat="37.613962" lon="-0.79509"><ele>62.5</ele></trkpt>
    <trkpt lat="37.61415" lon="-0.794875"><ele>61.8</ele></trkpt>
    <trkpt lat="37.622452" lon="-0.785424"><ele>35.7</ele></trkpt>
    <trkpt lat="37.622455" lon="-0.785421"><ele>35.7</ele></trkpt>
    <trkpt lat="37.62258" lon="-0.785205"><ele>35.4</ele></trkpt>
    <trkpt lat="37.622641" lon="-0.785012"><ele>35.1</ele></trkpt>
    <trkpt lat="37.62267" lon="-0.784908"><ele>35</ele></trkpt>
    <trkpt lat="37.622716" lon="-0.784848"><ele>34.9</ele></trkpt>
    <trkpt lat="37.622738" lon="-0.78483"><ele>34.9</ele></trkpt>
    <trkpt lat="37.622818" lon="-0.784805"><ele>34.8</ele></trkpt>
    <trkpt lat="37.62298" lon="-0.784789"><ele>34.6</ele></trkpt>
    <trkpt lat="37.623119" lon="-0.784696"><ele>34.4</ele></trkpt>
    <trkpt lat="37.624072" lon="-0.783609"><ele>33</ele></trkpt>
    <trkpt lat="37.62441" lon="-0.78332"><ele>32.4</ele></trkpt>
    <trkpt lat="37.624497" lon="-0.783201"><ele>32.3</ele></trkpt>
    <trkpt lat="37.62452" lon="-0.783114"><ele>32.2</ele></trkpt>
    <trkpt lat="37.624571" lon="-0.783036"><ele>32</ele></trkpt>
    <trkpt lat="37.624594" lon="-0.783015"><ele>32</ele></trkpt>
    <trkpt lat="37.62468" lon="-0.782977"><ele>31.9</ele></trkpt>
    <trkpt lat="37.624785" lon="-0.782995"><ele>31.7</ele></trkpt>
    <trkpt lat="37.624828" lon="-0.783025"><ele>31.6</ele></trkpt>
    <trkpt lat="37.624846" lon="-0.783042"><ele>31.6</ele></trkpt>
    <trkpt lat="37.624943" lon="-0.783099"><ele>31.4</ele></trkpt>
    <trkpt lat="37.625177" lon="-0.783119"><ele>31</ele></trkpt>
    <trkpt lat="37.628607" lon="-0.782024"><ele>25.3</ele></trkpt>
    <trkpt lat="37.628876" lon="-0.781884"><ele>25</ele></trkpt>
    <trkpt lat="37.629045" lon="-0.781709"><ele>24.8</ele></trkpt>
    <trkpt lat="37.629177" lon="-0.781505"><ele>24.6</ele></trkpt>
    <trkpt lat="37.629302" lon="-0.781152"><ele>24.4</ele></trkpt>
    <trkpt lat="37.629325" lon="-0.780773"><ele>24.2</ele></trkpt>
    <trkpt lat="37.629005" lon="-0.7788"><ele>24.2</ele></trkpt>
    <trkpt lat="37.628853" lon="-0.777888"><ele>24.6</ele></trkpt>
    <trkpt lat="37.628776" lon="-0.777385"><ele>24.6</ele></trkpt>
    <trkpt lat="37.628784" lon="-0.777195"><ele>24.6</ele></trkpt>
    <trkpt lat="37.628862" lon="-0.776974"><ele>24.5</ele></trkpt>
    <trkpt lat="37.628891" lon="-0.77691"><ele>24.5</ele></trkpt>
    <trkpt lat="37.628936" lon="-0.776832"><ele>24.5</ele></trkpt>
    <trkpt lat="37.629116" lon="-0.776685"><ele>24.3</ele></trkpt>
    <trkpt lat="37.629853" lon="-0.776494"><ele>23.4</ele></trkpt>
    <trkpt lat="37.630039" lon="-0.776447"><ele>23.2</ele></trkpt>
    <trkpt lat="37.630745" lon="-0.776267"><ele>22.3</ele></trkpt>
    <trkpt lat="37.631964" lon="-0.77586"><ele>20.9</ele></trkpt>
    <trkpt lat="37.636635" lon="-0.774308"><ele>13.6</ele></trkpt>
    <trkpt lat="37.636635" lon="-0.774308"><ele>13.6</ele></trkpt>
    <trkpt lat="37.636676" lon="-0.774383"><ele>13.5</ele></trkpt>
    <trkpt lat="37.636676" lon="-0.774383"><ele>13.5</ele></trkpt>
    <trkpt lat="37.636732" lon="-0.774448"><ele>13.4</ele></trkpt>
    <trkpt lat="37.636732" lon="-0.774448"><ele>13.4</ele></trkpt>
    <trkpt lat="37.63682" lon="-0.774463"><ele>13.3</ele></trkpt>
    <trkpt lat="37.63682" lon="-0.774463"><ele>13.3</ele></trkpt>
    <trkpt lat="37.636922" lon="-0.774429"><ele>13.2</ele></trkpt>
    <trkpt lat="37.638681" lon="-0.77705"><ele>10.5</ele></trkpt>
    <trkpt lat="37.638915" lon="-0.777284"><ele>10.2</ele></trkpt>
    <trkpt lat="37.639081" lon="-0.777405"><ele>10</ele></trkpt>
    <trkpt lat="37.639407" lon="-0.777559"><ele>9.7</ele></trkpt>
    <trkpt lat="37.639743" lon="-0.777622"><ele>9.3</ele></trkpt>
    <trkpt lat="37.63993" lon="-0.777611"><ele>9.2</ele></trkpt>
    <trkpt lat="37.641531" lon="-0.777336"><ele>7.4</ele></trkpt>
    <trkpt lat="37.641869" lon="-0.777319"><ele>7</ele></trkpt>
    <trkpt lat="37.642148" lon="-0.777416"><ele>6.6</ele></trkpt>
    <trkpt lat="37.642452" lon="-0.77757"><ele>6.2</ele></trkpt>
    <trkpt lat="37.642515" lon="-0.77761"><ele>6.1</ele></trkpt>
    <trkpt lat="37.643034" lon="-0.777899"><ele>5.5</ele></trkpt>
    <trkpt lat="37.643558" lon="-0.778346"><ele>4.9</ele></trkpt>
    <trkpt lat="37.64693" lon="-0.781407"><ele>2.1</ele></trkpt>
    <trkpt lat="37.647212" lon="-0.781674"><ele>2</ele></trkpt>
    <trkpt lat="37.647784" lon="-0.782185"><ele>1.9</ele></trkpt>
    <trkpt lat="37.648252" lon="-0.782633"><ele>1.9</ele></trkpt>
    <trkpt lat="37.648521" lon="-0.782889"><ele>2</ele></trkpt>
    <trkpt lat="37.648577" lon="-0.782943"><ele>2</ele></trkpt>
    <trkpt lat="37.648855" lon="-0.783253"><ele>2.2</ele></trkpt>
    <trkpt lat="37.648981" lon="-0.78347"><ele>2.4</ele></trkpt>
    <trkpt lat="37.649071" lon="-0.783752"><ele>2.6</ele></trkpt>
    <trkpt lat="37.649091" lon="-0.783811"><ele>2.6</ele></trkpt>
    <trkpt lat="37.649149" lon="-0.783991"><ele>2.8</ele></trkpt>
    <trkpt lat="37.649183" lon="-0.784096"><ele>2.9</ele></trkpt>
    <trkpt lat="37.649272" lon="-0.784373"><ele>3.1</ele></trkpt>
    <trkpt lat="37.649328" lon="-0.78455"><ele>3.2</ele></trkpt>
    <trkpt lat="37.649384" lon="-0.784724"><ele>3.4</ele></trkpt>
    <trkpt lat="37.649442" lon="-0.784896"><ele>3.5</ele></trkpt>
    <trkpt lat="37.649559" lon="-0.78527"><ele>3.6</ele></trkpt>
    <trkpt lat="37.649671" lon="-0.785641"><ele>3.5</ele></trkpt>
    <trkpt lat="37.649672" lon="-0.785674"><ele>3.5</ele></trkpt>
    <trkpt lat="37.649773" lon="-0.786008"><ele>3.3</ele></trkpt>
    <trkpt lat="37.649809" lon="-0.786131"><ele>3.2</ele></trkpt>
    <trkpt lat="37.649829" lon="-0.786198"><ele>3.1</ele></trkpt>
    <trkpt lat="37.649949" lon="-0.78659"><ele>2.7</ele></trkpt>
    <trkpt lat="37.650102" lon="-0.786994"><ele>2.3</ele></trkpt>
    <trkpt lat="37.650156" lon="-0.787104"><ele>2.2</ele></trkpt>
    <trkpt lat="37.649989" lon="-0.787206"><ele>1.9</ele></trkpt>
    <trkpt lat="37.649936" lon="-0.787295"><ele>1.7</ele></trkpt>
    <trkpt lat="37.649927" lon="-0.787384"><ele>1.6</ele></trkpt>
    <trkpt lat="37.650066" lon="-0.78798"><ele>1</ele></trkpt>
    <trkpt lat="37.650227" lon="-0.788801"><ele>0.4</ele></trkpt>
    <trkpt lat="37.65034" lon="-0.789202"><ele>0.2</ele></trkpt>
    <trkpt lat="37.65127" lon="-0.793248"><ele>0</ele></trkpt>
    <trkpt lat="37.651559" lon="-0.794496"><ele>0.1</ele></trkpt>
    <trkpt lat="37.652281" lon="-0.797542"><ele>1</ele></trkpt>
    <trkpt lat="37.652492" lon="-0.79829"><ele>1.2</ele></trkpt>
    <trkpt lat="37.652712" lon="-0.799071"><ele>1.3</ele></trkpt>
    <trkpt lat="37.652817" lon="-0.799451"><ele>1.4</ele></trkpt>
    <trkpt lat="37.655289" lon="-0.808193"><ele>0.7</ele></trkpt>
    <trkpt lat="37.655731" lon="-0.809768"><ele>0.3</ele></trkpt>
    <trkpt lat="37.658375" lon="-0.819152"><ele>3.3</ele></trkpt>
    <trkpt lat="37.658408" lon="-0.819268"><ele>3.4</ele></trkpt>
    <trkpt lat="37.658633" lon="-0.820089"><ele>3.9</ele></trkpt>
    <trkpt lat="37.658777" lon="-0.820598"><ele>4.2</ele></trkpt>
    <trkpt lat="37.659817" lon="-0.824252"><ele>5.1</ele></trkpt>
    <trkpt lat="37.659923" lon="-0.824508"><ele>5.2</ele></trkpt>
    <trkpt lat="37.660163" lon="-0.82494"><ele>5.3</ele></trkpt>
    <trkpt lat="37.660349" lon="-0.825208"><ele>5.4</ele></trkpt>
    <trkpt lat="37.660742" lon="-0.82562"><ele>5.6</ele></trkpt>
    <trkpt lat="37.661047" lon="-0.82585"><ele>5.7</ele></trkpt>
    <trkpt lat="37.663089" lon="-0.827178"><ele>5.5</ele></trkpt>
    <trkpt lat="37.663648" lon="-0.82755"><ele>5.2</ele></trkpt>
    <trkpt lat="37.664243" lon="-0.82787"><ele>4.9</ele></trkpt>
    <trkpt lat="37.664722" lon="-0.828036"><ele>4.7</ele></trkpt>
    <trkpt lat="37.664955" lon="-0.828088"><ele>4.5</ele></trkpt>
    <trkpt lat="37.665274" lon="-0.828097"><ele>4.4</ele></trkpt>
    <trkpt lat="37.66613" lon="-0.828041"><ele>3.7</ele></trkpt>
    <trkpt lat="37.666721" lon="-0.827982"><ele>3.4</ele></trkpt>
    <trkpt lat="37.66714" lon="-0.827904"><ele>3.3</ele></trkpt>
    <trkpt lat="37.667814" lon="-0.827729"><ele>3.2</ele></trkpt>
    <trkpt lat="37.667835" lon="-0.827579"><ele>3.2</ele></trkpt>
    <trkpt lat="37.667921" lon="-0.827472"><ele>3.2</ele></trkpt>
    <trkpt lat="37.66798" lon="-0.827448"><ele>3.1</ele></trkpt>
    <trkpt lat="37.668098" lon="-0.827472"><ele>3.1</ele></trkpt>
    <trkpt lat="37.668147" lon="-0.827516"><ele>3.1</ele></trkpt>
    <trkpt lat="37.668203" lon="-0.82765"><ele>3.1</ele></trkpt>
    <trkpt lat="37.668809" lon="-0.827511"><ele>2.8</ele></trkpt>
    <trkpt lat="37.668887" lon="-0.827494"><ele>2.8</ele></trkpt>
    <trkpt lat="37.671572" lon="-0.826879"><ele>0.4</ele></trkpt>
    <trkpt lat="37.671858" lon="-0.826816"><ele>0.3</ele></trkpt>
    <trkpt lat="37.672765" lon="-0.826612"><ele>0.6</ele></trkpt>
    <trkpt lat="37.67288" lon="-0.8266"><ele>0.6</ele></trkpt>
    <trkpt lat="37.673429" lon="-0.826577"><ele>0.6</ele></trkpt>
    <trkpt lat="37.67367" lon="-0.826606"><ele>0.6</ele></trkpt>
    <trkpt lat="37.673752" lon="-0.826629"><ele>0.5</ele></trkpt>
    <trkpt lat="37.674264" lon="-0.826806"><ele>0.5</ele></trkpt>
    <trkpt lat="37.676417" lon="-0.827795"><ele>0.1</ele></trkpt>
    <trkpt lat="37.676639" lon="-0.827897"><ele>0.2</ele></trkpt>
    <trkpt lat="37.67702" lon="-0.828082"><ele>0.4</ele></trkpt>
    <trkpt lat="37.677813" lon="-0.828451"><ele>0.6</ele></trkpt>
    <trkpt lat="37.678567" lon="-0.828805"><ele>0.4</ele></trkpt>
    <trkpt lat="37.679186" lon="-0.829094"><ele>0.5</ele></trkpt>
    <trkpt lat="37.679858" lon="-0.829413"><ele>0.7</ele></trkpt>
    <trkpt lat="37.680084" lon="-0.829515"><ele>0.8</ele></trkpt>
    <trkpt lat="37.680349" lon="-0.829635"><ele>0.9</ele></trkpt>
    <trkpt lat="37.680491" lon="-0.829699"><ele>0.9</ele></trkpt>
    <trkpt lat="37.680582" lon="-0.829739"><ele>0.8</ele></trkpt>
    <trkpt lat="37.680838" lon="-0.829882"><ele>0.7</ele></trkpt>
    <trkpt lat="37.680899" lon="-0.829955"><ele>0.6</ele></trkpt>
    <trkpt lat="37.681108" lon="-0.830128"><ele>0.4</ele></trkpt>
    <trkpt lat="37.681169" lon="-0.830184"><ele>0.3</ele></trkpt>
    <trkpt lat="37.681526" lon="-0.830518"><ele>0</ele></trkpt>
    <trkpt lat="37.682279" lon="-0.831221"><ele>-0.3</ele></trkpt>
    <trkpt lat="37.682683" lon="-0.831601"><ele>0</ele></trkpt>
    <trkpt lat="37.683491" lon="-0.832354"><ele>0.6</ele></trkpt>
    <trkpt lat="37.683997" lon="-0.832826"><ele>0.6</ele></trkpt>
    <trkpt lat="37.684298" lon="-0.8331"><ele>0.5</ele></trkpt>
    <trkpt lat="37.684501" lon="-0.833293"><ele>0.4</ele></trkpt>
    <trkpt lat="37.684621" lon="-0.833407"><ele>0.4</ele></trkpt>
    <trkpt lat="37.684906" lon="-0.833672"><ele>0.3</ele></trkpt>
    <trkpt lat="37.685137" lon="-0.833887"><ele>0.2</ele></trkpt>
    <trkpt lat="37.685441" lon="-0.83417"><ele>0</ele></trkpt>
    <trkpt lat="37.685574" lon="-0.834299"><ele>-0.1</ele></trkpt>
    <trkpt lat="37.685925" lon="-0.834633"><ele>-0.1</ele></trkpt>
    <trkpt lat="37.686738" lon="-0.835383"><ele>0.1</ele></trkpt>
    <trkpt lat="37.687248" lon="-0.835791"><ele>0.5</ele></trkpt>
    <trkpt lat="37.687315" lon="-0.835843"><ele>0.6</ele></trkpt>
    <trkpt lat="37.687572" lon="-0.836037"><ele>0.9</ele></trkpt>
    <trkpt lat="37.688684" lon="-0.836746"><ele>2.2</ele></trkpt>
    <trkpt lat="37.688891" lon="-0.836892"><ele>2.6</ele></trkpt>
    <trkpt lat="37.690137" lon="-0.837693"><ele>4.2</ele></trkpt>
    <trkpt lat="37.690365" lon="-0.837839"><ele>4.4</ele></trkpt>
    <trkpt lat="37.691364" lon="-0.838655"><ele>4.6</ele></trkpt>
    <trkpt lat="37.692299" lon="-0.839438"><ele>4.1</ele></trkpt>
    <trkpt lat="37.693136" lon="-0.840138"><ele>3.2</ele></trkpt>
    <trkpt lat="37.694071" lon="-0.840921"><ele>1.8</ele></trkpt>
    <trkpt lat="37.694758" lon="-0.841492"><ele>0.8</ele></trkpt>
    <trkpt lat="37.694892" lon="-0.841607"><ele>0.6</ele></trkpt>
    <trkpt lat="37.695635" lon="-0.842203"><ele>-0.5</ele></trkpt>
    <trkpt lat="37.69654" lon="-0.842962"><ele>-1.1</ele></trkpt>
    <trkpt lat="37.697171" lon="-0.843486"><ele>-1.2</ele></trkpt>
    <trkpt lat="37.697263" lon="-0.843562"><ele>-1.1</ele></trkpt>
    <trkpt lat="37.697504" lon="-0.843767"><ele>-1.1</ele></trkpt>
    <trkpt lat="37.698022" lon="-0.844195"><ele>-1.1</ele></trkpt>
    <trkpt lat="37.699896" lon="-0.845752"><ele>-1.2</ele></trkpt>
    <trkpt lat="37.70235" lon="-0.847814"><ele>-1</ele></trkpt>
    <trkpt lat="37.704771" lon="-0.850156"><ele>-0.2</ele></trkpt>
    <trkpt lat="37.704793" lon="-0.850178"><ele>-0.2</ele></trkpt>
    <trkpt lat="37.705746" lon="-0.851103"><ele>-0.1</ele></trkpt>
    <trkpt lat="37.707309" lon="-0.852625"><ele>-0.4</ele></trkpt>
    <trkpt lat="37.709537" lon="-0.854765"><ele>-1.1</ele></trkpt>
    <trkpt lat="37.709954" lon="-0.855115"><ele>-1.1</ele></trkpt>
    <trkpt lat="37.712015" lon="-0.856601"><ele>-0.7</ele></trkpt>
    <trkpt lat="37.712426" lon="-0.856893"><ele>-0.9</ele></trkpt>
    <trkpt lat="37.713217" lon="-0.857473"><ele>-1.1</ele></trkpt>
    <trkpt lat="37.713532" lon="-0.857739"><ele>-1.1</ele></trkpt>
    <trkpt lat="37.713723" lon="-0.857994"><ele>-1</ele></trkpt>
    <trkpt lat="37.713879" lon="-0.858263"><ele>-0.8</ele></trkpt>
    <trkpt lat="37.714039" lon="-0.858678"><ele>-0.5</ele></trkpt>
    <trkpt lat="37.714112" lon="-0.859003"><ele>-0.2</ele></trkpt>
    <trkpt lat="37.714137" lon="-0.859215"><ele>-0.1</ele></trkpt>
    <trkpt lat="37.714143" lon="-0.859548"><ele>0.1</ele></trkpt>
    <trkpt lat="37.714118" lon="-0.859812"><ele>0.2</ele></trkpt>
    <trkpt lat="37.714041" lon="-0.860637"><ele>0.5</ele></trkpt>
    <trkpt lat="37.71405" lon="-0.860788"><ele>0.5</ele></trkpt>
    <trkpt lat="37.714118" lon="-0.860969"><ele>0.5</ele></trkpt>
    <trkpt lat="37.714163" lon="-0.861015"><ele>0.5</ele></trkpt>
    <trkpt lat="37.714328" lon="-0.861121"><ele>0.6</ele></trkpt>
    <trkpt lat="37.714536" lon="-0.861141"><ele>0.6</ele></trkpt>
    <trkpt lat="37.715722" lon="-0.860995"><ele>0.8</ele></trkpt>
    <trkpt lat="37.715798" lon="-0.860992"><ele>0.8</ele></trkpt>
    <trkpt lat="37.71637" lon="-0.860961"><ele>0.8</ele></trkpt>
    <trkpt lat="37.717166" lon="-0.86095"><ele>0.7</ele></trkpt>
    <trkpt lat="37.71786" lon="-0.861003"><ele>0.5</ele></trkpt>
    <trkpt lat="37.718114" lon="-0.861014"><ele>0.5</ele></trkpt>
    <trkpt lat="37.718538" lon="-0.861048"><ele>0.4</ele></trkpt>
    <trkpt lat="37.720821" lon="-0.861207"><ele>0.3</ele></trkpt>
    <trkpt lat="37.721346" lon="-0.861241"><ele>0.3</ele></trkpt>
    <trkpt lat="37.721793" lon="-0.861275"><ele>0.3</ele></trkpt>
    <trkpt lat="37.724711" lon="-0.861467"><ele>0.4</ele></trkpt>
    <trkpt lat="37.725448" lon="-0.861515"><ele>0.5</ele></trkpt>
    <trkpt lat="37.725551" lon="-0.86141"><ele>0.5</ele></trkpt>
    <trkpt lat="37.725824" lon="-0.861432"><ele>0.5</ele></trkpt>
    <trkpt lat="37.72592" lon="-0.861365"><ele>0.5</ele></trkpt>
    <trkpt lat="37.725977" lon="-0.861367"><ele>0.6</ele></trkpt>
    <trkpt lat="37.72607" lon="-0.861447"><ele>0.6</ele></trkpt>
    <trkpt lat="37.726271" lon="-0.861469"><ele>0.6</ele></trkpt>
    <trkpt lat="37.72642" lon="-0.861591"><ele>0.6</ele></trkpt>
    <trkpt lat="37.728437" lon="-0.861732"><ele>0.9</ele></trkpt>
    <trkpt lat="37.72871" lon="-0.861748"><ele>1.2</ele></trkpt>
    <trkpt lat="37.729575" lon="-0.861752"><ele>2.4</ele></trkpt>
    <trkpt lat="37.72991" lon="-0.861709"><ele>2.8</ele></trkpt>
    <trkpt lat="37.73035" lon="-0.861577"><ele>3.2</ele></trkpt>
    <trkpt lat="37.730733" lon="-0.861417"><ele>3.4</ele></trkpt>
    <trkpt lat="37.730868" lon="-0.861347"><ele>3.4</ele></trkpt>
    <trkpt lat="37.731112" lon="-0.861208"><ele>3.4</ele></trkpt>
    <trkpt lat="37.731517" lon="-0.860916"><ele>3.3</ele></trkpt>
    <trkpt lat="37.73176" lon="-0.860698"><ele>3.2</ele></trkpt>
    <trkpt lat="37.732125" lon="-0.860313"><ele>2.9</ele></trkpt>
    <trkpt lat="37.732529" lon="-0.859766"><ele>2.4</ele></trkpt>
    <trkpt lat="37.732832" lon="-0.859175"><ele>1.8</ele></trkpt>
    <trkpt lat="37.733071" lon="-0.858642"><ele>1.4</ele></trkpt>
    <trkpt lat="37.733115" lon="-0.858541"><ele>1.3</ele></trkpt>
    <trkpt lat="37.733178" lon="-0.858205"><ele>1.2</ele></trkpt>
    <trkpt lat="37.73318" lon="-0.858147"><ele>1.2</ele></trkpt>
    <trkpt lat="37.733227" lon="-0.858049"><ele>1.1</ele></trkpt>
    <trkpt lat="37.733335" lon="-0.857822"><ele>1.1</ele></trkpt>
    <trkpt lat="37.733373" lon="-0.857787"><ele>1.1</ele></trkpt>
    <trkpt lat="37.734101" lon="-0.855707"><ele>1.8</ele></trkpt>
    <trkpt lat="37.73425" lon="-0.855354"><ele>2</ele></trkpt>
    <trkpt lat="37.734429" lon="-0.855113"><ele>2.1</ele></trkpt>
    <trkpt lat="37.734544" lon="-0.855029"><ele>2.2</ele></trkpt>
    <trkpt lat="37.735985" lon="-0.854172"><ele>3.1</ele></trkpt>
    <trkpt lat="37.736353" lon="-0.853952"><ele>3.5</ele></trkpt>
    <trkpt lat="37.736803" lon="-0.853685"><ele>3.9</ele></trkpt>
    <trkpt lat="37.737277" lon="-0.853402"><ele>4.3</ele></trkpt>
    <trkpt lat="37.737701" lon="-0.85315"><ele>4.5</ele></trkpt>
    <trkpt lat="37.737755" lon="-0.853118"><ele>4.5</ele></trkpt>
    <trkpt lat="37.737981" lon="-0.852984"><ele>4.6</ele></trkpt>
    <trkpt lat="37.738258" lon="-0.852818"><ele>4.6</ele></trkpt>
    <trkpt lat="37.738561" lon="-0.852638"><ele>4.7</ele></trkpt>
    <trkpt lat="37.738946" lon="-0.852409"><ele>5</ele></trkpt>
    <trkpt lat="37.739558" lon="-0.852043"><ele>5.5</ele></trkpt>
    <trkpt lat="37.739821" lon="-0.851887"><ele>5.7</ele></trkpt>
    <trkpt lat="37.740088" lon="-0.85173"><ele>5.9</ele></trkpt>
    <trkpt lat="37.740428" lon="-0.851529"><ele>6</ele></trkpt>
    <trkpt lat="37.740655" lon="-0.851391"><ele>6.1</ele></trkpt>
    <trkpt lat="37.741042" lon="-0.851175"><ele>6.1</ele></trkpt>
    <trkpt lat="37.74149" lon="-0.850912"><ele>6.1</ele></trkpt>
    <trkpt lat="37.742056" lon="-0.850578"><ele>5.9</ele></trkpt>
    <trkpt lat="37.742232" lon="-0.850996"><ele>5.8</ele></trkpt>
    <trkpt lat="37.742246" lon="-0.851031"><ele>5.8</ele></trkpt>
    <trkpt lat="37.742467" lon="-0.85156"><ele>5.7</ele></trkpt>
    <trkpt lat="37.742637" lon="-0.851967"><ele>5.5</ele></trkpt>
    <trkpt lat="37.742874" lon="-0.852417"><ele>5.2</ele></trkpt>
    <trkpt lat="37.74298" lon="-0.852555"><ele>5.1</ele></trkpt>
    <trkpt lat="37.743037" lon="-0.852613"><ele>5</ele></trkpt>
    <trkpt lat="37.743217" lon="-0.852784"><ele>4.9</ele></trkpt>
    <trkpt lat="37.743399" lon="-0.852954"><ele>4.7</ele></trkpt>
    <trkpt lat="37.743966" lon="-0.853254"><ele>4.3</ele></trkpt>
    <trkpt lat="37.744234" lon="-0.853354"><ele>4.1</ele></trkpt>
    <trkpt lat="37.74444" lon="-0.85344"><ele>4</ele></trkpt>
    <trkpt lat="37.744674" lon="-0.853518"><ele>3.9</ele></trkpt>
    <trkpt lat="37.746819" lon="-0.854362"><ele>4.3</ele></trkpt>
    <trkpt lat="37.746942" lon="-0.854426"><ele>4.3</ele></trkpt>
    <trkpt lat="37.74697" lon="-0.854396"><ele>4.4</ele></trkpt>
    <trkpt lat="37.74699" lon="-0.854391"><ele>4.4</ele></trkpt>
    <trkpt lat="37.747063" lon="-0.854414"><ele>4.4</ele></trkpt>
    <trkpt lat="37.7471" lon="-0.854438"><ele>4.4</ele></trkpt>
    <trkpt lat="37.747111" lon="-0.854461"><ele>4.4</ele></trkpt>
    <trkpt lat="37.747251" lon="-0.854533"><ele>4.5</ele></trkpt>
    <trkpt lat="37.747289" lon="-0.854547"><ele>4.5</ele></trkpt>
    <trkpt lat="37.749098" lon="-0.855263"><ele>5.2</ele></trkpt>
    <trkpt lat="37.750276" lon="-0.85575"><ele>5.7</ele></trkpt>
    <trkpt lat="37.750526" lon="-0.85588"><ele>5.8</ele></trkpt>
    <trkpt lat="37.750569" lon="-0.855903"><ele>5.8</ele></trkpt>
    <trkpt lat="37.750867" lon="-0.856057"><ele>6</ele></trkpt>
    <trkpt lat="37.752675" lon="-0.857026"><ele>6.9</ele></trkpt>
    <trkpt lat="37.752907" lon="-0.857156"><ele>7.1</ele></trkpt>
    <trkpt lat="37.753233" lon="-0.857473"><ele>7.6</ele></trkpt>
    <trkpt lat="37.753423" lon="-0.857748"><ele>8</ele></trkpt>
    <trkpt lat="37.754261" lon="-0.859171"><ele>10.3</ele></trkpt>
    <trkpt lat="37.7546" lon="-0.859782"><ele>10.7</ele></trkpt>
    <trkpt lat="37.755425" lon="-0.861253"><ele>10.5</ele></trkpt>
    <trkpt lat="37.756945" lon="-0.863825"><ele>11.7</ele></trkpt>
    <trkpt lat="37.75733" lon="-0.864574"><ele>12.2</ele></trkpt>
    <trkpt lat="37.758622" lon="-0.867518"><ele>13.9</ele></trkpt>
    <trkpt lat="37.759313" lon="-0.869016"><ele>14.5</ele></trkpt>
    <trkpt lat="37.760072" lon="-0.87081"><ele>15.9</ele></trkpt>
    <trkpt lat="37.760903" lon="-0.87382"><ele>17</ele></trkpt>
    <trkpt lat="37.761186" lon="-0.874536"><ele>17.3</ele></trkpt>
    <trkpt lat="37.761338" lon="-0.874783"><ele>17.4</ele></trkpt>
    <trkpt lat="37.761338" lon="-0.874783"><ele>17.4</ele></trkpt>
    <trkpt lat="37.761466" lon="-0.875023"><ele>17.4</ele></trkpt>
    <trkpt lat="37.761466" lon="-0.875023"><ele>17.4</ele></trkpt>
    <trkpt lat="37.761457" lon="-0.875089"><ele>17.5</ele></trkpt>
    <trkpt lat="37.761457" lon="-0.875089"><ele>17.4</ele></trkpt>
    <trkpt lat="37.761457" lon="-0.875089"><ele>17.4</ele></trkpt>
    <trkpt lat="37.761461" lon="-0.875143"><ele>17.4</ele></trkpt>
    <trkpt lat="37.761379" lon="-0.87525"><ele>17.4</ele></trkpt>
    <trkpt lat="37.761379" lon="-0.87525"><ele>17.4</ele></trkpt>
    <trkpt lat="37.761282" lon="-0.875377"><ele>17.5</ele></trkpt>
    <trkpt lat="37.759185" lon="-0.876984"><ele>16.7</ele></trkpt>
    <trkpt lat="37.756454" lon="-0.879062"><ele>16</ele></trkpt>
    <trkpt lat="37.755884" lon="-0.879425"><ele>15.8</ele></trkpt>
    <trkpt lat="37.754691" lon="-0.880086"><ele>15.8</ele></trkpt>
    <trkpt lat="37.754368" lon="-0.880268"><ele>15.9</ele></trkpt>
    <trkpt lat="37.753736" lon="-0.880626"><ele>16</ele></trkpt>
    <trkpt lat="37.752863" lon="-0.881111"><ele>16.1</ele></trkpt>
    <trkpt lat="37.752051" lon="-0.881641"><ele>15.9</ele></trkpt>
    <trkpt lat="37.751469" lon="-0.882083"><ele>15.7</ele></trkpt>
    <trkpt lat="37.750997" lon="-0.882419"><ele>15.6</ele></trkpt>
    <trkpt lat="37.749522" lon="-0.883533"><ele>16</ele></trkpt>
    <trkpt lat="37.748824" lon="-0.884055"><ele>16.1</ele></trkpt>
    <trkpt lat="37.748001" lon="-0.884653"><ele>15.9</ele></trkpt>
    <trkpt lat="37.74759" lon="-0.884952"><ele>15.9</ele></trkpt>
    <trkpt lat="37.746539" lon="-0.885771"><ele>15.8</ele></trkpt>
    <trkpt lat="37.746054" lon="-0.886139"><ele>15.7</ele></trkpt>
    <trkpt lat="37.744653" lon="-0.887124"><ele>15.7</ele></trkpt>
    <trkpt lat="37.744547" lon="-0.887204"><ele>15.8</ele></trkpt>
    <trkpt lat="37.743272" lon="-0.888161"><ele>16</ele></trkpt>
    <trkpt lat="37.74191" lon="-0.889194"><ele>15.9</ele></trkpt>
    <trkpt lat="37.741676" lon="-0.889366"><ele>15.9</ele></trkpt>
    <trkpt lat="37.74003" lon="-0.890581"><ele>16.7</ele></trkpt>
    <trkpt lat="37.739313" lon="-0.891199"><ele>17.2</ele></trkpt>
    <trkpt lat="37.739016" lon="-0.891478"><ele>17.4</ele></trkpt>
    <trkpt lat="37.738819" lon="-0.891719"><ele>17.4</ele></trkpt>
    <trkpt lat="37.738734" lon="-0.891945"><ele>17.5</ele></trkpt>
    <trkpt lat="37.738737" lon="-0.89199"><ele>17.5</ele></trkpt>
    <trkpt lat="37.738708" lon="-0.892195"><ele>17.6</ele></trkpt>
    <trkpt lat="37.738592" lon="-0.892366"><ele>17.6</ele></trkpt>
    <trkpt lat="37.738483" lon="-0.892536"><ele>17.7</ele></trkpt>
    <trkpt lat="37.738366" lon="-0.892877"><ele>17.7</ele></trkpt>
    <trkpt lat="37.738364" lon="-0.893546"><ele>17.8</ele></trkpt>
    <trkpt lat="37.738364" lon="-0.895134"><ele>18.4</ele></trkpt>
    <trkpt lat="37.73836" lon="-0.895911"><ele>18.7</ele></trkpt>
    <trkpt lat="37.738354" lon="-0.897633"><ele>19.1</ele></trkpt>
    <trkpt lat="37.738451" lon="-0.898174"><ele>19.2</ele></trkpt>
    <trkpt lat="37.738545" lon="-0.89819"><ele>19.2</ele></trkpt>
    <trkpt lat="37.738611" lon="-0.898274"><ele>19.3</ele></trkpt>
    <trkpt lat="37.738616" lon="-0.898397"><ele>19.3</ele></trkpt>
    <trkpt lat="37.738595" lon="-0.898451"><ele>19.3</ele></trkpt>
    <trkpt lat="37.73856" lon="-0.898494"><ele>19.3</ele></trkpt>
    <trkpt lat="37.738469" lon="-0.898525"><ele>19.4</ele></trkpt>
    <trkpt lat="37.738429" lon="-0.898723"><ele>19.4</ele></trkpt>
    <trkpt lat="37.738365" lon="-0.899096"><ele>19.6</ele></trkpt>
    <trkpt lat="37.738351" lon="-0.899911"><ele>19.9</ele></trkpt>
    <trkpt lat="37.738335" lon="-0.904427"><ele>20.6</ele></trkpt>
    <trkpt lat="37.738328" lon="-0.906541"><ele>21.2</ele></trkpt>
    <trkpt lat="37.7383" lon="-0.907225"><ele>21.5</ele></trkpt>
    <trkpt lat="37.738225" lon="-0.907937"><ele>21.8</ele></trkpt>
    <trkpt lat="37.738059" lon="-0.909563"><ele>22.1</ele></trkpt>
    <trkpt lat="37.738074" lon="-0.90994"><ele>22.1</ele></trkpt>
    <trkpt lat="37.738153" lon="-0.910108"><ele>22.1</ele></trkpt>
    <trkpt lat="37.738199" lon="-0.910152"><ele>22.1</ele></trkpt>
    <trkpt lat="37.738286" lon="-0.910335"><ele>22.2</ele></trkpt>
    <trkpt lat="37.738297" lon="-0.910443"><ele>22.2</ele></trkpt>
    <trkpt lat="37.738286" lon="-0.910547"><ele>22.2</ele></trkpt>
    <trkpt lat="37.738202" lon="-0.910726"><ele>22.2</ele></trkpt>
    <trkpt lat="37.738139" lon="-0.910786"><ele>22.3</ele></trkpt>
    <trkpt lat="37.738025" lon="-0.910938"><ele>22.3</ele></trkpt>
    <trkpt lat="37.737948" lon="-0.911091"><ele>22.4</ele></trkpt>
    <trkpt lat="37.737881" lon="-0.911318"><ele>22.4</ele></trkpt>
    <trkpt lat="37.737548" lon="-0.914575"><ele>23.8</ele></trkpt>
    <trkpt lat="37.737288" lon="-0.917122"><ele>24.4</ele></trkpt>
    <trkpt lat="37.73719" lon="-0.918081"><ele>24.5</ele></trkpt>
    <trkpt lat="37.737193" lon="-0.918173"><ele>24.5</ele></trkpt>
    <trkpt lat="37.737218" lon="-0.918471"><ele>24.5</ele></trkpt>
    <trkpt lat="37.737232" lon="-0.918483"><ele>24.5</ele></trkpt>
    <trkpt lat="37.737278" lon="-0.918549"><ele>24.5</ele></trkpt>
    <trkpt lat="37.7373" lon="-0.918633"><ele>24.5</ele></trkpt>
    <trkpt lat="37.737301" lon="-0.918667"><ele>24.6</ele></trkpt>
    <trkpt lat="37.737278" lon="-0.918769"><ele>24.6</ele></trkpt>
    <trkpt lat="37.73722" lon="-0.918847"><ele>24.6</ele></trkpt>
    <trkpt lat="37.737196" lon="-0.918862"><ele>24.6</ele></trkpt>
    <trkpt lat="37.73712" lon="-0.91899"><ele>24.6</ele></trkpt>
    <trkpt lat="37.737079" lon="-0.919139"><ele>24.7</ele></trkpt>
    <trkpt lat="37.736798" lon="-0.921858"><ele>25.8</ele></trkpt>
    <trkpt lat="37.736756" lon="-0.922281"><ele>25.9</ele></trkpt>
    <trkpt lat="37.736731" lon="-0.922535"><ele>26</ele></trkpt>
    <trkpt lat="37.73666" lon="-0.923202"><ele>26.3</ele></trkpt>
    <trkpt lat="37.736609" lon="-0.923685"><ele>26.4</ele></trkpt>
    <trkpt lat="37.736598" lon="-0.92379"><ele>26.4</ele></trkpt>
    <trkpt lat="37.73653" lon="-0.924427"><ele>26.6</ele></trkpt>
    <trkpt lat="37.736503" lon="-0.924682"><ele>26.7</ele></trkpt>
    <trkpt lat="37.736388" lon="-0.925784"><ele>27.1</ele></trkpt>
    <trkpt lat="37.736144" lon="-0.927858"><ele>28.6</ele></trkpt>
    <trkpt lat="37.736131" lon="-0.927964"><ele>28.7</ele></trkpt>
    <trkpt lat="37.736002" lon="-0.929056"><ele>29.2</ele></trkpt>
    <trkpt lat="37.735907" lon="-0.929878"><ele>29.5</ele></trkpt>
    <trkpt lat="37.735904" lon="-0.929942"><ele>29.6</ele></trkpt>
    <trkpt lat="37.735901" lon="-0.9301"><ele>29.7</ele></trkpt>
    <trkpt lat="37.735983" lon="-0.93096"><ele>30.4</ele></trkpt>
    <trkpt lat="37.735996" lon="-0.931038"><ele>30.5</ele></trkpt>
    <trkpt lat="37.73619" lon="-0.931718"><ele>30.8</ele></trkpt>
    <trkpt lat="37.736273" lon="-0.93197"><ele>30.9</ele></trkpt>
    <trkpt lat="37.736306" lon="-0.932063"><ele>31</ele></trkpt>
    <trkpt lat="37.736469" lon="-0.932426"><ele>31</ele></trkpt>
    <trkpt lat="37.736888" lon="-0.933094"><ele>30.8</ele></trkpt>
    <trkpt lat="37.737005" lon="-0.933309"><ele>30.7</ele></trkpt>
    <trkpt lat="37.737091" lon="-0.933481"><ele>30.6</ele></trkpt>
    <trkpt lat="37.737143" lon="-0.933654"><ele>30.6</ele></trkpt>
    <trkpt lat="37.737218" lon="-0.933924"><ele>30.6</ele></trkpt>
    <trkpt lat="37.737313" lon="-0.934324"><ele>30.6</ele></trkpt>
    <trkpt lat="37.737401" lon="-0.934643"><ele>30.6</ele></trkpt>
    <trkpt lat="37.737467" lon="-0.934852"><ele>30.5</ele></trkpt>
    <trkpt lat="37.737594" lon="-0.935218"><ele>30.5</ele></trkpt>
    <trkpt lat="37.737859" lon="-0.935871"><ele>30.5</ele></trkpt>
    <trkpt lat="37.737978" lon="-0.936235"><ele>30.6</ele></trkpt>
    <trkpt lat="37.738053" lon="-0.936518"><ele>30.8</ele></trkpt>
    <trkpt lat="37.738089" lon="-0.936651"><ele>30.8</ele></trkpt>
    <trkpt lat="37.738222" lon="-0.937376"><ele>31.2</ele></trkpt>
    <trkpt lat="37.7383" lon="-0.937798"><ele>31.6</ele></trkpt>
    <trkpt lat="37.738365" lon="-0.938149"><ele>31.9</ele></trkpt>
    <trkpt lat="37.738441" lon="-0.938563"><ele>32.2</ele></trkpt>
    <trkpt lat="37.738566" lon="-0.939242"><ele>32.7</ele></trkpt>
    <trkpt lat="37.738649" lon="-0.939694"><ele>33.1</ele></trkpt>
    <trkpt lat="37.738738" lon="-0.940179"><ele>33.6</ele></trkpt>
    <trkpt lat="37.738863" lon="-0.940982"><ele>34.4</ele></trkpt>
    <trkpt lat="37.73887" lon="-0.941037"><ele>34.5</ele></trkpt>
    <trkpt lat="37.738916" lon="-0.941423"><ele>34.9</ele></trkpt>
    <trkpt lat="37.738942" lon="-0.941637"><ele>35.1</ele></trkpt>
    <trkpt lat="37.739037" lon="-0.942209"><ele>35.7</ele></trkpt>
    <trkpt lat="37.739066" lon="-0.942362"><ele>35.8</ele></trkpt>
    <trkpt lat="37.739082" lon="-0.942434"><ele>35.9</ele></trkpt>
    <trkpt lat="37.739135" lon="-0.942669"><ele>36.1</ele></trkpt>
    <trkpt lat="37.739239" lon="-0.943126"><ele>36.5</ele></trkpt>
    <trkpt lat="37.73929" lon="-0.943351"><ele>36.6</ele></trkpt>
    <trkpt lat="37.739315" lon="-0.943463"><ele>36.6</ele></trkpt>
    <trkpt lat="37.73947" lon="-0.944074"><ele>36.8</ele></trkpt>
    <trkpt lat="37.739553" lon="-0.944332"><ele>36.9</ele></trkpt>
    <trkpt lat="37.739646" lon="-0.944574"><ele>36.9</ele></trkpt>
    <trkpt lat="37.73967" lon="-0.944629"><ele>36.9</ele></trkpt>
    <trkpt lat="37.739703" lon="-0.944753"><ele>37</ele></trkpt>
    <trkpt lat="37.739878" lon="-0.945064"><ele>37.1</ele></trkpt>
    <trkpt lat="37.739936" lon="-0.945157"><ele>37.2</ele></trkpt>
    <trkpt lat="37.739944" lon="-0.945215"><ele>37.2</ele></trkpt>
    <trkpt lat="37.740059" lon="-0.945451"><ele>37.3</ele></trkpt>
    <trkpt lat="37.740093" lon="-0.945498"><ele>37.4</ele></trkpt>
    <trkpt lat="37.740115" lon="-0.945531"><ele>37.4</ele></trkpt>
    <trkpt lat="37.740353" lon="-0.945913"><ele>37.7</ele></trkpt>
    <trkpt lat="37.740572" lon="-0.946266"><ele>38</ele></trkpt>
    <trkpt lat="37.740947" lon="-0.946862"><ele>38.7</ele></trkpt>
    <trkpt lat="37.741169" lon="-0.947214"><ele>39.1</ele></trkpt>
    <trkpt lat="37.741359" lon="-0.947608"><ele>39.4</ele></trkpt>
    <trkpt lat="37.74151" lon="-0.948078"><ele>39.7</ele></trkpt>
    <trkpt lat="37.741569" lon="-0.948251"><ele>39.9</ele></trkpt>
    <trkpt lat="37.741611" lon="-0.948376"><ele>39.9</ele></trkpt>
    <trkpt lat="37.741753" lon="-0.948803"><ele>40.1</ele></trkpt>
    <trkpt lat="37.741985" lon="-0.949485"><ele>40.1</ele></trkpt>
    <trkpt lat="37.74201" lon="-0.949558"><ele>40.1</ele></trkpt>
    <trkpt lat="37.742318" lon="-0.950359"><ele>39.8</ele></trkpt>
    <trkpt lat="37.742363" lon="-0.95048"><ele>39.7</ele></trkpt>
    <trkpt lat="37.742504" lon="-0.950825"><ele>39.6</ele></trkpt>
    <trkpt lat="37.742644" lon="-0.951149"><ele>39.6</ele></trkpt>
    <trkpt lat="37.742699" lon="-0.951256"><ele>39.7</ele></trkpt>
    <trkpt lat="37.742788" lon="-0.951409"><ele>39.8</ele></trkpt>
    <trkpt lat="37.742924" lon="-0.951618"><ele>39.9</ele></trkpt>
    <trkpt lat="37.74299" lon="-0.951616"><ele>40</ele></trkpt>
    <trkpt lat="37.743017" lon="-0.951662"><ele>40</ele></trkpt>
    <trkpt lat="37.743005" lon="-0.951729"><ele>40.1</ele></trkpt>
    <trkpt lat="37.743072" lon="-0.951813"><ele>40.2</ele></trkpt>
    <trkpt lat="37.743448" lon="-0.952327"><ele>40.8</ele></trkpt>
    <trkpt lat="37.743499" lon="-0.952396"><ele>40.9</ele></trkpt>
    <trkpt lat="37.743903" lon="-0.95295"><ele>42</ele></trkpt>
    <trkpt lat="37.744226" lon="-0.953406"><ele>43</ele></trkpt>
    <trkpt lat="37.744264" lon="-0.953461"><ele>43</ele></trkpt>
    <trkpt lat="37.744274" lon="-0.953702"><ele>43.3</ele></trkpt>
    <trkpt lat="37.744274" lon="-0.953702"><ele>43.4</ele></trkpt>
    <trkpt lat="37.744274" lon="-0.953702"><ele>43.4</ele></trkpt>
    <trkpt lat="37.74441" lon="-0.953822"><ele>43.6</ele></trkpt>
    <trkpt lat="37.744478" lon="-0.953913"><ele>43.7</ele></trkpt>
    <trkpt lat="37.744559" lon="-0.954031"><ele>43.8</ele></trkpt>
    <trkpt lat="37.744571" lon="-0.954048"><ele>43.9</ele></trkpt>
    <trkpt lat="37.744609" lon="-0.954229"><ele>44</ele></trkpt>
    <trkpt lat="37.744653" lon="-0.954369"><ele>44.1</ele></trkpt>
    <trkpt lat="37.744713" lon="-0.954424"><ele>44.1</ele></trkpt>
    <trkpt lat="37.745112" lon="-0.954611"><ele>44</ele></trkpt>
    <trkpt lat="37.745167" lon="-0.954637"><ele>44</ele></trkpt>
    <trkpt lat="37.745362" lon="-0.954728"><ele>43.8</ele></trkpt>
    <trkpt lat="37.745512" lon="-0.954788"><ele>43.5</ele></trkpt>
    <trkpt lat="37.745558" lon="-0.954811"><ele>43.4</ele></trkpt>
    <trkpt lat="37.745638" lon="-0.954844"><ele>43.3</ele></trkpt>
    <trkpt lat="37.745888" lon="-0.954947"><ele>42.8</ele></trkpt>
    <trkpt lat="37.746019" lon="-0.954938"><ele>42.6</ele></trkpt>
    <trkpt lat="37.746049" lon="-0.954764"><ele>42.3</ele></trkpt>
    <trkpt lat="37.746043" lon="-0.954734"><ele>42.3</ele></trkpt>
    <trkpt lat="37.745944" lon="-0.954139"><ele>41.6</ele></trkpt>
    <trkpt lat="37.74591" lon="-0.953935"><ele>41.4</ele></trkpt>
    <trkpt lat="37.745884" lon="-0.95378"><ele>41.3</ele></trkpt>
    <trkpt lat="37.745874" lon="-0.953718"><ele>41.3</ele></trkpt>
    <trkpt lat="37.745874" lon="-0.953718"><ele>41.3</ele></trkpt>
    <trkpt lat="37.745882" lon="-0.953553"><ele>41.2</ele></trkpt>
    <trkpt lat="37.745882" lon="-0.953553"><ele>41.2</ele></trkpt>
    <trkpt lat="37.746002" lon="-0.953429"><ele>41.2</ele></trkpt>
    <trkpt lat="37.746058" lon="-0.953416"><ele>41.1</ele></trkpt>
    <trkpt lat="37.746137" lon="-0.953398"><ele>41.1</ele></trkpt>
    <trkpt lat="37.746322" lon="-0.953351"><ele>41</ele></trkpt>
    <trkpt lat="37.746677" lon="-0.953255"><ele>40.9</ele></trkpt>
    <trkpt lat="37.746965" lon="-0.953176"><ele>40.8</ele></trkpt>
    <trkpt lat="37.747267" lon="-0.95315"><ele>40.7</ele></trkpt>
    <trkpt lat="37.747364" lon="-0.95314"><ele>40.6</ele></trkpt>
    <trkpt lat="37.747682" lon="-0.953116"><ele>40.5</ele></trkpt>
    <trkpt lat="37.747736" lon="-0.953111"><ele>40.4</ele></trkpt>
    <trkpt lat="37.747798" lon="-0.953106"><ele>40.4</ele></trkpt>
    <trkpt lat="37.748042" lon="-0.953086"><ele>40.3</ele></trkpt>
    <trkpt lat="37.748478" lon="-0.952982"><ele>40.2</ele></trkpt>
    <trkpt lat="37.748924" lon="-0.952879"><ele>40.2</ele></trkpt>
    <trkpt lat="37.749514" lon="-0.952722"><ele>40.3</ele></trkpt>
    <trkpt lat="37.750729" lon="-0.952357"><ele>40.3</ele></trkpt>
    <trkpt lat="37.751421" lon="-0.952195"><ele>40.3</ele></trkpt>
    <trkpt lat="37.751563" lon="-0.95208"><ele>40.3</ele></trkpt>
    <trkpt lat="37.751602" lon="-0.95201"><ele>40.3</ele></trkpt>
    <trkpt lat="37.751663" lon="-0.951974"><ele>40.3</ele></trkpt>
    <trkpt lat="37.75173" lon="-0.951981"><ele>40.3</ele></trkpt>
    <trkpt lat="37.751785" lon="-0.95203"><ele>40.3</ele></trkpt>
    <trkpt lat="37.751904" lon="-0.952106"><ele>40.3</ele></trkpt>
    <trkpt lat="37.75195" lon="-0.952104"><ele>40.3</ele></trkpt>
    <trkpt lat="37.753109" lon="-0.951992"><ele>40.7</ele></trkpt>
    <trkpt lat="37.753383" lon="-0.951965"><ele>40.9</ele></trkpt>
    <trkpt lat="37.754425" lon="-0.951849"><ele>41.5</ele></trkpt>
    <trkpt lat="37.756197" lon="-0.951341"><ele>42.2</ele></trkpt>
    <trkpt lat="37.758096" lon="-0.95071"><ele>42.5</ele></trkpt>
    <trkpt lat="37.760052" lon="-0.950031"><ele>44.6</ele></trkpt>
    <trkpt lat="37.761252" lon="-0.949773"><ele>45.6</ele></trkpt>
    <trkpt lat="37.761338" lon="-0.949755"><ele>45.7</ele></trkpt>
    <trkpt lat="37.761992" lon="-0.949619"><ele>46.1</ele></trkpt>
    <trkpt lat="37.763344" lon="-0.949473"><ele>47.2</ele></trkpt>
    <trkpt lat="37.763581" lon="-0.949429"><ele>47.4</ele></trkpt>
    <trkpt lat="37.763773" lon="-0.949314"><ele>47.6</ele></trkpt>
    <trkpt lat="37.763773" lon="-0.949314"><ele>47.6</ele></trkpt>
    <trkpt lat="37.763977" lon="-0.949351"><ele>47.7</ele></trkpt>
    <trkpt lat="37.763977" lon="-0.949351"><ele>47.7</ele></trkpt>
    <trkpt lat="37.764045" lon="-0.949415"><ele>47.8</ele></trkpt>
    <trkpt lat="37.764045" lon="-0.949415"><ele>47.8</ele></trkpt>
    <trkpt lat="37.764177" lon="-0.949396"><ele>47.9</ele></trkpt>
    <trkpt lat="37.764544" lon="-0.949226"><ele>48.1</ele></trkpt>
    <trkpt lat="37.764833" lon="-0.94914"><ele>48.3</ele></trkpt>
    <trkpt lat="37.764899" lon="-0.949168"><ele>48.3</ele></trkpt>
    <trkpt lat="37.765104" lon="-0.949258"><ele>48.3</ele></trkpt>
    <trkpt lat="37.765274" lon="-0.949472"><ele>48.3</ele></trkpt>
    <trkpt lat="37.765448" lon="-0.949841"><ele>48.3</ele></trkpt>
    <trkpt lat="37.765646" lon="-0.95107"><ele>48.5</ele></trkpt>
    <trkpt lat="37.76569" lon="-0.951429"><ele>48.6</ele></trkpt>
    <trkpt lat="37.765751" lon="-0.952062"><ele>48.9</ele></trkpt>
    <trkpt lat="37.765797" lon="-0.95299"><ele>49.4</ele></trkpt>
    <trkpt lat="37.765804" lon="-0.953876"><ele>49.7</ele></trkpt>
    <trkpt lat="37.765779" lon="-0.955093"><ele>50</ele></trkpt>
    <trkpt lat="37.765691" lon="-0.956126"><ele>50.4</ele></trkpt>
    <trkpt lat="37.76524" lon="-0.960118"><ele>52.9</ele></trkpt>
    <trkpt lat="37.764878" lon="-0.963002"><ele>53.1</ele></trkpt>
    <trkpt lat="37.764783" lon="-0.963602"><ele>53.1</ele></trkpt>
    <trkpt lat="37.764592" lon="-0.964677"><ele>53</ele></trkpt>
    <trkpt lat="37.764276" lon="-0.966172"><ele>52.9</ele></trkpt>
    <trkpt lat="37.764" lon="-0.967305"><ele>53.5</ele></trkpt>
    <trkpt lat="37.763579" lon="-0.968763"><ele>54.5</ele></trkpt>
    <trkpt lat="37.763372" lon="-0.969444"><ele>54.9</ele></trkpt>
    <trkpt lat="37.76331" lon="-0.969743"><ele>55</ele></trkpt>
    <trkpt lat="37.762737" lon="-0.971494"><ele>55.5</ele></trkpt>
    <trkpt lat="37.76261" lon="-0.97201"><ele>55.8</ele></trkpt>
    <trkpt lat="37.762619" lon="-0.972213"><ele>55.9</ele></trkpt>
    <trkpt lat="37.762746" lon="-0.972546"><ele>56.2</ele></trkpt>
    <trkpt lat="37.762983" lon="-0.973018"><ele>56.6</ele></trkpt>
    <trkpt lat="37.763179" lon="-0.973297"><ele>56.9</ele></trkpt>
    <trkpt lat="37.763367" lon="-0.973515"><ele>57.1</ele></trkpt>
    <trkpt lat="37.763425" lon="-0.973541"><ele>57.1</ele></trkpt>
    <trkpt lat="37.763491" lon="-0.973633"><ele>57.2</ele></trkpt>
    <trkpt lat="37.763501" lon="-0.973756"><ele>57.3</ele></trkpt>
    <trkpt lat="37.76363" lon="-0.973934"><ele>57.4</ele></trkpt>
    <trkpt lat="37.764113" lon="-0.97414"><ele>57.6</ele></trkpt>
    <trkpt lat="37.764403" lon="-0.974368"><ele>57.7</ele></trkpt>
    <trkpt lat="37.764572" lon="-0.974496"><ele>57.7</ele></trkpt>
    <trkpt lat="37.765248" lon="-0.975239"><ele>57.9</ele></trkpt>
    <trkpt lat="37.765844" lon="-0.976014"><ele>58.2</ele></trkpt>
    <trkpt lat="37.766618" lon="-0.977192"><ele>59.4</ele></trkpt>
    <trkpt lat="37.76731" lon="-0.978257"><ele>60.3</ele></trkpt>
    <trkpt lat="37.768068" lon="-0.979437"><ele>60.9</ele></trkpt>
    <trkpt lat="37.768685" lon="-0.980531"><ele>61.5</ele></trkpt>
    <trkpt lat="37.768823" lon="-0.980715"><ele>61.6</ele></trkpt>
    <trkpt lat="37.769914" lon="-0.981767"><ele>62.7</ele></trkpt>
    <trkpt lat="37.771847" lon="-0.98367"><ele>65.4</ele></trkpt>
    <trkpt lat="37.772172" lon="-0.983993"><ele>65.8</ele></trkpt>
    <trkpt lat="37.77308" lon="-0.984905"><ele>67</ele></trkpt>
    <trkpt lat="37.77334" lon="-0.985164"><ele>67.4</ele></trkpt>
    <trkpt lat="37.773379" lon="-0.985204"><ele>67.5</ele></trkpt>
    <trkpt lat="37.773508" lon="-0.985346"><ele>67.7</ele></trkpt>
    <trkpt lat="37.773556" lon="-0.985393"><ele>67.8</ele></trkpt>
    <trkpt lat="37.773805" lon="-0.985644"><ele>68.3</ele></trkpt>
    <trkpt lat="37.774448" lon="-0.986295"><ele>69.6</ele></trkpt>
    <trkpt lat="37.774976" lon="-0.986851"><ele>70.6</ele></trkpt>
    <trkpt lat="37.775207" lon="-0.987213"><ele>71</ele></trkpt>
    <trkpt lat="37.775559" lon="-0.987954"><ele>71.7</ele></trkpt>
    <trkpt lat="37.775983" lon="-0.988861"><ele>72.5</ele></trkpt>
    <trkpt lat="37.776549" lon="-0.990053"><ele>73.8</ele></trkpt>
    <trkpt lat="37.776776" lon="-0.990414"><ele>74.3</ele></trkpt>
    <trkpt lat="37.776942" lon="-0.990613"><ele>74.7</ele></trkpt>
    <trkpt lat="37.777859" lon="-0.991485"><ele>76.4</ele></trkpt>
    <trkpt lat="37.778529" lon="-0.992113"><ele>77.4</ele></trkpt>
    <trkpt lat="37.778934" lon="-0.992516"><ele>77.9</ele></trkpt>
    <trkpt lat="37.779228" lon="-0.992915"><ele>78.3</ele></trkpt>
    <trkpt lat="37.780176" lon="-0.994259"><ele>79.9</ele></trkpt>
    <trkpt lat="37.780908" lon="-0.995317"><ele>81.5</ele></trkpt>
    <trkpt lat="37.781922" lon="-0.996792"><ele>83.9</ele></trkpt>
    <trkpt lat="37.782445" lon="-0.997571"><ele>85.2</ele></trkpt>
    <trkpt lat="37.782767" lon="-0.998031"><ele>85.7</ele></trkpt>
    <trkpt lat="37.782941" lon="-0.998228"><ele>85.9</ele></trkpt>
    <trkpt lat="37.783171" lon="-0.998316"><ele>86.1</ele></trkpt>
    <trkpt lat="37.783288" lon="-0.998309"><ele>86.2</ele></trkpt>
    <trkpt lat="37.783375" lon="-0.998259"><ele>86.3</ele></trkpt>
    <trkpt lat="37.783482" lon="-0.998282"><ele>86.3</ele></trkpt>
    <trkpt lat="37.783564" lon="-0.998418"><ele>86.4</ele></trkpt>
    <trkpt lat="37.783725" lon="-0.998588"><ele>86.6</ele></trkpt>
    <trkpt lat="37.783866" lon="-0.998692"><ele>86.7</ele></trkpt>
    <trkpt lat="37.784121" lon="-0.998763"><ele>86.9</ele></trkpt>
    <trkpt lat="37.7845" lon="-0.998819"><ele>87.4</ele></trkpt>
    <trkpt lat="37.78628" lon="-0.998882"><ele>89.8</ele></trkpt>
    <trkpt lat="37.78668" lon="-0.998873"><ele>90.4</ele></trkpt>
    <trkpt lat="37.787081" lon="-0.998859"><ele>90.9</ele></trkpt>
    <trkpt lat="37.788003" lon="-0.998833"><ele>91.9</ele></trkpt>
    <trkpt lat="37.788311" lon="-0.998872"><ele>92.2</ele></trkpt>
    <trkpt lat="37.788421" lon="-0.998907"><ele>92.3</ele></trkpt>
    <trkpt lat="37.790176" lon="-0.99971"><ele>93.4</ele></trkpt>
    <trkpt lat="37.790449" lon="-0.999884"><ele>93.7</ele></trkpt>
    <trkpt lat="37.790626" lon="-1.000079"><ele>93.8</ele></trkpt>
    <trkpt lat="37.790731" lon="-1.000278"><ele>94</ele></trkpt>
    <trkpt lat="37.791042" lon="-1.001216"><ele>94.8</ele></trkpt>
    <trkpt lat="37.79117" lon="-1.001543"><ele>94.9</ele></trkpt>
    <trkpt lat="37.79119" lon="-1.001579"><ele>94.9</ele></trkpt>
    <trkpt lat="37.791199" lon="-1.001595"><ele>95</ele></trkpt>
    <trkpt lat="37.791303" lon="-1.001754"><ele>95.1</ele></trkpt>
    <trkpt lat="37.791499" lon="-1.001975"><ele>95.3</ele></trkpt>
    <trkpt lat="37.791683" lon="-1.002141"><ele>95.5</ele></trkpt>
    <trkpt lat="37.791999" lon="-1.002313"><ele>96</ele></trkpt>
    <trkpt lat="37.792603" lon="-1.002554"><ele>96.7</ele></trkpt>
    <trkpt lat="37.793078" lon="-1.002748"><ele>97.4</ele></trkpt>
    <trkpt lat="37.793424" lon="-1.002889"><ele>98</ele></trkpt>
    <trkpt lat="37.793683" lon="-1.002993"><ele>98.5</ele></trkpt>
    <trkpt lat="37.793786" lon="-1.003035"><ele>98.7</ele></trkpt>
    <trkpt lat="37.793902" lon="-1.003082"><ele>98.9</ele></trkpt>
    <trkpt lat="37.79402" lon="-1.003132"><ele>99.1</ele></trkpt>
    <trkpt lat="37.79421" lon="-1.003246"><ele>99.5</ele></trkpt>
    <trkpt lat="37.794381" lon="-1.003429"><ele>99.9</ele></trkpt>
    <trkpt lat="37.794429" lon="-1.003496"><ele>100</ele></trkpt>
    <trkpt lat="37.794653" lon="-1.003808"><ele>100.6</ele></trkpt>
    <trkpt lat="37.794877" lon="-1.004121"><ele>101</ele></trkpt>
    <trkpt lat="37.794927" lon="-1.00419"><ele>101.1</ele></trkpt>
    <trkpt lat="37.795147" lon="-1.004497"><ele>101.6</ele></trkpt>
    <trkpt lat="37.795203" lon="-1.004575"><ele>101.7</ele></trkpt>
    <trkpt lat="37.795415" lon="-1.004871"><ele>102.2</ele></trkpt>
    <trkpt lat="37.795467" lon="-1.004944"><ele>102.3</ele></trkpt>
    <trkpt lat="37.79568" lon="-1.005241"><ele>102.5</ele></trkpt>
    <trkpt lat="37.795732" lon="-1.005313"><ele>102.5</ele></trkpt>
    <trkpt lat="37.795784" lon="-1.005386"><ele>102.5</ele></trkpt>
    <trkpt lat="37.796004" lon="-1.005691"><ele>102.8</ele></trkpt>
    <trkpt lat="37.796055" lon="-1.005763"><ele>102.9</ele></trkpt>
    <trkpt lat="37.796266" lon="-1.006058"><ele>103.3</ele></trkpt>
    <trkpt lat="37.796322" lon="-1.00609"><ele>103.3</ele></trkpt>
    <trkpt lat="37.796561" lon="-1.006258"><ele>103.7</ele></trkpt>
    <trkpt lat="37.79659" lon="-1.006279"><ele>103.8</ele></trkpt>
    <trkpt lat="37.796902" lon="-1.006516"><ele>104.1</ele></trkpt>
    <trkpt lat="37.796962" lon="-1.006562"><ele>104.2</ele></trkpt>
    <trkpt lat="37.797072" lon="-1.006646"><ele>104.3</ele></trkpt>
    <trkpt lat="37.797239" lon="-1.006775"><ele>104.5</ele></trkpt>
    <trkpt lat="37.797406" lon="-1.006903"><ele>104.7</ele></trkpt>
    <trkpt lat="37.797478" lon="-1.006959"><ele>104.9</ele></trkpt>
    <trkpt lat="37.797504" lon="-1.006978"><ele>104.9</ele></trkpt>
    <trkpt lat="37.797757" lon="-1.007195"><ele>105.3</ele></trkpt>
    <trkpt lat="37.79782" lon="-1.007269"><ele>105.4</ele></trkpt>
    <trkpt lat="37.797944" lon="-1.007396"><ele>105.5</ele></trkpt>
    <trkpt lat="37.798243" lon="-1.007692"><ele>105.7</ele></trkpt>
    <trkpt lat="37.798403" lon="-1.007851"><ele>105.8</ele></trkpt>
    <trkpt lat="37.798495" lon="-1.007942"><ele>105.9</ele></trkpt>
    <trkpt lat="37.798348" lon="-1.008155"><ele>106.1</ele></trkpt>
    <trkpt lat="37.798166" lon="-1.00843"><ele>106.4</ele></trkpt>
    <trkpt lat="37.7981" lon="-1.008529"><ele>106.4</ele></trkpt>
    <trkpt lat="37.79782" lon="-1.008865"><ele>106.5</ele></trkpt>
    <trkpt lat="37.797664" lon="-1.008964"><ele>106.5</ele></trkpt>
    <trkpt lat="37.79737" lon="-1.009134"><ele>106.3</ele></trkpt>
    <trkpt lat="37.797292" lon="-1.009207"><ele>106.3</ele></trkpt>
    <trkpt lat="37.797175" lon="-1.009306"><ele>106.2</ele></trkpt>
    <trkpt lat="37.797068" lon="-1.009404"><ele>106.2</ele></trkpt>
    <trkpt lat="37.796721" lon="-1.009679"><ele>105.9</ele></trkpt>
    <trkpt lat="37.796372" lon="-1.009954"><ele>105.3</ele></trkpt>
    <trkpt lat="37.796236" lon="-1.010067"><ele>105.1</ele></trkpt>
    <trkpt lat="37.795619" lon="-1.010577"><ele>104.5</ele></trkpt>
    <trkpt lat="37.795124" lon="-1.010993"><ele>104</ele></trkpt>
    <trkpt lat="37.794992" lon="-1.011108"><ele>103.8</ele></trkpt>
    <trkpt lat="37.794567" lon="-1.011471"><ele>103.4</ele></trkpt>
    <trkpt lat="37.794405" lon="-1.01161"><ele>103.3</ele></trkpt>
    <trkpt lat="37.79429" lon="-1.011704"><ele>103.2</ele></trkpt>
    <trkpt lat="37.79398" lon="-1.011986"><ele>102.9</ele></trkpt>
    <trkpt lat="37.793822" lon="-1.012123"><ele>102.7</ele></trkpt>
    <trkpt lat="37.793723" lon="-1.012221"><ele>102.6</ele></trkpt>
    <trkpt lat="37.793554" lon="-1.012403"><ele>102.3</ele></trkpt>
    <trkpt lat="37.79342" lon="-1.012592"><ele>102.2</ele></trkpt>
    <trkpt lat="37.79335" lon="-1.012735"><ele>102.1</ele></trkpt>
    <trkpt lat="37.793277" lon="-1.012884"><ele>102</ele></trkpt>
    <trkpt lat="37.793003" lon="-1.013672"><ele>101.7</ele></trkpt>
    <trkpt lat="37.792978" lon="-1.013742"><ele>101.6</ele></trkpt>
    <trkpt lat="37.792369" lon="-1.015495"><ele>102</ele></trkpt>
    <trkpt lat="37.792" lon="-1.016851"><ele>103.4</ele></trkpt>
    <trkpt lat="37.791966" lon="-1.017"><ele>103.6</ele></trkpt>
    <trkpt lat="37.791808" lon="-1.017682"><ele>104.3</ele></trkpt>
    <trkpt lat="37.7917" lon="-1.018149"><ele>104.7</ele></trkpt>
    <trkpt lat="37.791308" lon="-1.019839"><ele>105</ele></trkpt>
    <trkpt lat="37.791102" lon="-1.020402"><ele>105.1</ele></trkpt>
    <trkpt lat="37.789104" lon="-1.023655"><ele>105.9</ele></trkpt>
    <trkpt lat="37.788853" lon="-1.0241"><ele>105.9</ele></trkpt>
    <trkpt lat="37.788674" lon="-1.024471"><ele>105.8</ele></trkpt>
    <trkpt lat="37.788035" lon="-1.026212"><ele>105.3</ele></trkpt>
    <trkpt lat="37.787385" lon="-1.027689"><ele>104.8</ele></trkpt>
    <trkpt lat="37.786464" lon="-1.02999"><ele>104.4</ele></trkpt>
    <trkpt lat="37.786341" lon="-1.030373"><ele>104.4</ele></trkpt>
    <trkpt lat="37.786287" lon="-1.030641"><ele>104.4</ele></trkpt>
    <trkpt lat="37.786276" lon="-1.033176"><ele>104.3</ele></trkpt>
    <trkpt lat="37.786379" lon="-1.033215"><ele>104.4</ele></trkpt>
    <trkpt lat="37.786427" lon="-1.033277"><ele>104.4</ele></trkpt>
    <trkpt lat="37.786454" lon="-1.033437"><ele>104.5</ele></trkpt>
    <trkpt lat="37.786433" lon="-1.033512"><ele>104.5</ele></trkpt>
    <trkpt lat="37.786381" lon="-1.033585"><ele>104.5</ele></trkpt>
    <trkpt lat="37.78626" lon="-1.033625"><ele>104.6</ele></trkpt>
    <trkpt lat="37.786218" lon="-1.035852"><ele>105.5</ele></trkpt>
    <trkpt lat="37.786194" lon="-1.036235"><ele>105.7</ele></trkpt>
    <trkpt lat="37.78568" lon="-1.040223"><ele>107.1</ele></trkpt>
    <trkpt lat="37.785669" lon="-1.040306"><ele>107.2</ele></trkpt>
    <trkpt lat="37.785459" lon="-1.041858"><ele>108.1</ele></trkpt>
    <trkpt lat="37.785074" lon="-1.044711"><ele>109.7</ele></trkpt>
    <trkpt lat="37.784995" lon="-1.045124"><ele>109.9</ele></trkpt>
    <trkpt lat="37.784771" lon="-1.045914"><ele>110.5</ele></trkpt>
    <trkpt lat="37.78413" lon="-1.047467"><ele>110.8</ele></trkpt>
    <trkpt lat="37.784225" lon="-1.047602"><ele>110.7</ele></trkpt>
    <trkpt lat="37.784213" lon="-1.047782"><ele>110.7</ele></trkpt>
    <trkpt lat="37.784102" lon="-1.047895"><ele>110.6</ele></trkpt>
    <trkpt lat="37.783961" lon="-1.04787"><ele>110.5</ele></trkpt>
    <trkpt lat="37.783267" lon="-1.04937"><ele>109.7</ele></trkpt>
    <trkpt lat="37.78182" lon="-1.052178"><ele>109.9</ele></trkpt>
    <trkpt lat="37.779762" lon="-1.055761"><ele>110.5</ele></trkpt>
    <trkpt lat="37.779536" lon="-1.056151"><ele>110.7</ele></trkpt>
    <trkpt lat="37.777213" lon="-1.060121"><ele>111.6</ele></trkpt>
    <trkpt lat="37.776525" lon="-1.061293"><ele>111.3</ele></trkpt>
    <trkpt lat="37.775986" lon="-1.062249"><ele>111.4</ele></trkpt>
    <trkpt lat="37.775805" lon="-1.062545"><ele>111.5</ele></trkpt>
    <trkpt lat="37.774632" lon="-1.065249"><ele>113.1</ele></trkpt>
    <trkpt lat="37.774341" lon="-1.065898"><ele>113.6</ele></trkpt>
    <trkpt lat="37.774044" lon="-1.066577"><ele>114</ele></trkpt>
    <trkpt lat="37.773901" lon="-1.066909"><ele>114.3</ele></trkpt>
    <trkpt lat="37.773072" lon="-1.068811"><ele>115.8</ele></trkpt>
    <trkpt lat="37.772898" lon="-1.06913"><ele>116.2</ele></trkpt>
    <trkpt lat="37.772556" lon="-1.069506"><ele>116.8</ele></trkpt>
    <trkpt lat="37.772354" lon="-1.070001"><ele>117.3</ele></trkpt>
    <trkpt lat="37.77235" lon="-1.070013"><ele>117.3</ele></trkpt>
    <trkpt lat="37.772336" lon="-1.070145"><ele>117.5</ele></trkpt>
    <trkpt lat="37.772225" lon="-1.070528"><ele>117.9</ele></trkpt>
    <trkpt lat="37.772073" lon="-1.07104"><ele>118.4</ele></trkpt>
    <trkpt lat="37.77192" lon="-1.07156"><ele>118.5</ele></trkpt>
    <trkpt lat="37.771815" lon="-1.071914"><ele>118.6</ele></trkpt>
    <trkpt lat="37.77167" lon="-1.072402"><ele>118.7</ele></trkpt>
    <trkpt lat="37.771516" lon="-1.072842"><ele>118.7</ele></trkpt>
    <trkpt lat="37.771427" lon="-1.073074"><ele>118.7</ele></trkpt>
    <trkpt lat="37.771361" lon="-1.073205"><ele>118.6</ele></trkpt>
    <trkpt lat="37.770981" lon="-1.07378"><ele>118.6</ele></trkpt>
    <trkpt lat="37.769896" lon="-1.075119"><ele>118.7</ele></trkpt>
    <trkpt lat="37.769563" lon="-1.075566"><ele>118.6</ele></trkpt>
    <trkpt lat="37.769183" lon="-1.076147"><ele>118.6</ele></trkpt>
    <trkpt lat="37.768743" lon="-1.076887"><ele>118.7</ele></trkpt>
    <trkpt lat="37.768234" lon="-1.077849"><ele>119.1</ele></trkpt>
    <trkpt lat="37.767646" lon="-1.079254"><ele>119.8</ele></trkpt>
    <trkpt lat="37.766839" lon="-1.081169"><ele>120.4</ele></trkpt>
    <trkpt lat="37.765526" lon="-1.084286"><ele>121.4</ele></trkpt>
    <trkpt lat="37.764735" lon="-1.085881"><ele>121.8</ele></trkpt>
    <trkpt lat="37.764624" lon="-1.086109"><ele>121.8</ele></trkpt>
    <trkpt lat="37.763819" lon="-1.08775"><ele>121.7</ele></trkpt>
    <trkpt lat="37.76265" lon="-1.089745"><ele>122.6</ele></trkpt>
    <trkpt lat="37.76237" lon="-1.090145"><ele>122.6</ele></trkpt>
    <trkpt lat="37.762134" lon="-1.090431"><ele>122.6</ele></trkpt>
    <trkpt lat="37.7617" lon="-1.090878"><ele>122.4</ele></trkpt>
    <trkpt lat="37.761116" lon="-1.091427"><ele>121.8</ele></trkpt>
    <trkpt lat="37.760784" lon="-1.091813"><ele>121.3</ele></trkpt>
    <trkpt lat="37.760614" lon="-1.092062"><ele>121.1</ele></trkpt>
    <trkpt lat="37.760438" lon="-1.092603"><ele>120.8</ele></trkpt>
    <trkpt lat="37.760281" lon="-1.093178"><ele>120.7</ele></trkpt>
    <trkpt lat="37.760159" lon="-1.093547"><ele>120.7</ele></trkpt>
    <trkpt lat="37.760003" lon="-1.093925"><ele>120.8</ele></trkpt>
    <trkpt lat="37.759218" lon="-1.09525"><ele>121.7</ele></trkpt>
    <trkpt lat="37.759053" lon="-1.095496"><ele>121.8</ele></trkpt>
    <trkpt lat="37.758949" lon="-1.09572"><ele>121.9</ele></trkpt>
    <trkpt lat="37.758126" lon="-1.097892"><ele>123.1</ele></trkpt>
    <trkpt lat="37.757452" lon="-1.09959"><ele>124.5</ele></trkpt>
    <trkpt lat="37.757092" lon="-1.100377"><ele>125</ele></trkpt>
    <trkpt lat="37.757009" lon="-1.100537"><ele>125.1</ele></trkpt>
    <trkpt lat="37.756209" lon="-1.101961"><ele>126.4</ele></trkpt>
    <trkpt lat="37.756041" lon="-1.10226"><ele>126.7</ele></trkpt>
    <trkpt lat="37.755999" lon="-1.102329"><ele>126.7</ele></trkpt>
    <trkpt lat="37.755851" lon="-1.102586"><ele>127</ele></trkpt>
    <trkpt lat="37.755678" lon="-1.102868"><ele>127.3</ele></trkpt>
    <trkpt lat="37.755666" lon="-1.102889"><ele>127.3</ele></trkpt>
    <trkpt lat="37.75537" lon="-1.103418"><ele>127.7</ele></trkpt>
    <trkpt lat="37.755045" lon="-1.103975"><ele>127.5</ele></trkpt>
    <trkpt lat="37.754902" lon="-1.104235"><ele>127.2</ele></trkpt>
    <trkpt lat="37.754703" lon="-1.104654"><ele>126.7</ele></trkpt>
    <trkpt lat="37.75455" lon="-1.10492"><ele>126.3</ele></trkpt>
    <trkpt lat="37.754411" lon="-1.10512"><ele>126</ele></trkpt>
    <trkpt lat="37.754357" lon="-1.105223"><ele>125.9</ele></trkpt>
    <trkpt lat="37.754114" lon="-1.105645"><ele>125.5</ele></trkpt>
    <trkpt lat="37.75404" lon="-1.105777"><ele>125.4</ele></trkpt>
    <trkpt lat="37.753916" lon="-1.105999"><ele>125.2</ele></trkpt>
    <trkpt lat="37.753761" lon="-1.106273"><ele>125.1</ele></trkpt>
    <trkpt lat="37.753741" lon="-1.106306"><ele>125.1</ele></trkpt>
    <trkpt lat="37.753434" lon="-1.106807"><ele>125.3</ele></trkpt>
    <trkpt lat="37.753398" lon="-1.106869"><ele>125.4</ele></trkpt>
    <trkpt lat="37.75286" lon="-1.107776"><ele>125.5</ele></trkpt>
    <trkpt lat="37.752807" lon="-1.107858"><ele>125.4</ele></trkpt>
    <trkpt lat="37.752686" lon="-1.108053"><ele>125.3</ele></trkpt>
    <trkpt lat="37.752504" lon="-1.10834"><ele>125.1</ele></trkpt>
    <trkpt lat="37.752062" lon="-1.109059"><ele>124.6</ele></trkpt>
    <trkpt lat="37.751874" lon="-1.10937"><ele>124.4</ele></trkpt>
    <trkpt lat="37.751663" lon="-1.109767"><ele>124.2</ele></trkpt>
    <trkpt lat="37.750735" lon="-1.111586"><ele>124.7</ele></trkpt>
    <trkpt lat="37.750497" lon="-1.11206"><ele>124.8</ele></trkpt>
    <trkpt lat="37.750315" lon="-1.112421"><ele>124.7</ele></trkpt>
    <trkpt lat="37.750187" lon="-1.112684"><ele>124.5</ele></trkpt>
    <trkpt lat="37.749954" lon="-1.113227"><ele>123.9</ele></trkpt>
    <trkpt lat="37.749829" lon="-1.113686"><ele>123.3</ele></trkpt>
    <trkpt lat="37.749803" lon="-1.113826"><ele>123.1</ele></trkpt>
    <trkpt lat="37.749736" lon="-1.114487"><ele>122.2</ele></trkpt>
    <trkpt lat="37.749758" lon="-1.115694"><ele>122.3</ele></trkpt>
    <trkpt lat="37.749742" lon="-1.11601"><ele>122.7</ele></trkpt>
    <trkpt lat="37.749623" lon="-1.116575"><ele>123.6</ele></trkpt>
    <trkpt lat="37.749004" lon="-1.118482"><ele>127.2</ele></trkpt>
    <trkpt lat="37.748834" lon="-1.118991"><ele>127.7</ele></trkpt>
    <trkpt lat="37.748538" lon="-1.119763"><ele>128.1</ele></trkpt>
    <trkpt lat="37.746965" lon="-1.123314"><ele>130.1</ele></trkpt>
    <trkpt lat="37.746932" lon="-1.123604"><ele>130.3</ele></trkpt>
    <trkpt lat="37.746958" lon="-1.123714"><ele>130.3</ele></trkpt>
    <trkpt lat="37.746935" lon="-1.123817"><ele>130.3</ele></trkpt>
    <trkpt lat="37.746875" lon="-1.12389"><ele>130.4</ele></trkpt>
    <trkpt lat="37.746822" lon="-1.123912"><ele>130.4</ele></trkpt>
    <trkpt lat="37.746798" lon="-1.123916"><ele>130.4</ele></trkpt>
    <trkpt lat="37.74664" lon="-1.124081"><ele>130.4</ele></trkpt>
    <trkpt lat="37.74645" lon="-1.124612"><ele>130.5</ele></trkpt>
    <trkpt lat="37.746276" lon="-1.125112"><ele>130.6</ele></trkpt>
    <trkpt lat="37.745428" lon="-1.12773"><ele>133.2</ele></trkpt>
    <trkpt lat="37.744681" lon="-1.129035"><ele>134.4</ele></trkpt>
    <trkpt lat="37.744219" lon="-1.129711"><ele>134.3</ele></trkpt>
    <trkpt lat="37.743997" lon="-1.130032"><ele>134</ele></trkpt>
    <trkpt lat="37.743751" lon="-1.130447"><ele>133.3</ele></trkpt>
    <trkpt lat="37.742405" lon="-1.133709"><ele>127</ele></trkpt>
    <trkpt lat="37.742182" lon="-1.134192"><ele>126.4</ele></trkpt>
    <trkpt lat="37.74121" lon="-1.135924"><ele>125.2</ele></trkpt>
    <trkpt lat="37.740774" lon="-1.136694"><ele>125.2</ele></trkpt>
    <trkpt lat="37.740509" lon="-1.137162"><ele>125.4</ele></trkpt>
    <trkpt lat="37.739596" lon="-1.138819"><ele>127.2</ele></trkpt>
    <trkpt lat="37.739413" lon="-1.139293"><ele>127.9</ele></trkpt>
    <trkpt lat="37.738878" lon="-1.141679"><ele>130.5</ele></trkpt>
    <trkpt lat="37.738649" lon="-1.14226"><ele>130.4</ele></trkpt>
    <trkpt lat="37.738055" lon="-1.143595"><ele>129.5</ele></trkpt>
    <trkpt lat="37.738116" lon="-1.143665"><ele>129.5</ele></trkpt>
    <trkpt lat="37.738145" lon="-1.143815"><ele>129.4</ele></trkpt>
    <trkpt lat="37.738119" lon="-1.143908"><ele>129.4</ele></trkpt>
    <trkpt lat="37.738063" lon="-1.143978"><ele>129.4</ele></trkpt>
    <trkpt lat="37.737989" lon="-1.14401"><ele>129.4</ele></trkpt>
    <trkpt lat="37.737912" lon="-1.143998"><ele>129.5</ele></trkpt>
    <trkpt lat="37.737871" lon="-1.143972"><ele>129.5</ele></trkpt>
    <trkpt lat="37.737603" lon="-1.144575"><ele>129.7</ele></trkpt>
    <trkpt lat="37.736723" lon="-1.146251"><ele>130.8</ele></trkpt>
    <trkpt lat="37.736136" lon="-1.147399"><ele>130.5</ele></trkpt>
    <trkpt lat="37.735938" lon="-1.147884"><ele>130.2</ele></trkpt>
    <trkpt lat="37.735732" lon="-1.148482"><ele>130</ele></trkpt>
    <trkpt lat="37.735109" lon="-1.150496"><ele>129.9</ele></trkpt>
    <trkpt lat="37.734681" lon="-1.152242"><ele>128.9</ele></trkpt>
    <trkpt lat="37.734089" lon="-1.15445"><ele>127.8</ele></trkpt>
    <trkpt lat="37.733647" lon="-1.156588"><ele>127.4</ele></trkpt>
    <trkpt lat="37.733617" lon="-1.157221"><ele>127.7</ele></trkpt>
    <trkpt lat="37.733632" lon="-1.158069"><ele>128.2</ele></trkpt>
    <trkpt lat="37.733637" lon="-1.158227"><ele>128.3</ele></trkpt>
    <trkpt lat="37.733708" lon="-1.160592"><ele>130</ele></trkpt>
    <trkpt lat="37.733666" lon="-1.161155"><ele>130.2</ele></trkpt>
    <trkpt lat="37.733757" lon="-1.161442"><ele>130.3</ele></trkpt>
    <trkpt lat="37.733831" lon="-1.1615"><ele>130.4</ele></trkpt>
    <trkpt lat="37.733859" lon="-1.161548"><ele>130.4</ele></trkpt>
    <trkpt lat="37.73388" lon="-1.161623"><ele>130.4</ele></trkpt>
    <trkpt lat="37.733865" lon="-1.16178"><ele>130.4</ele></trkpt>
    <trkpt lat="37.733859" lon="-1.161796"><ele>130.4</ele></trkpt>
    <trkpt lat="37.733771" lon="-1.161902"><ele>130.4</ele></trkpt>
    <trkpt lat="37.733701" lon="-1.161931"><ele>130.4</ele></trkpt>
    <trkpt lat="37.732931" lon="-1.163017"><ele>130</ele></trkpt>
    <trkpt lat="37.732145" lon="-1.164049"><ele>129.3</ele></trkpt>
    <trkpt lat="37.732122" lon="-1.164092"><ele>129.2</ele></trkpt>
    <trkpt lat="37.732039" lon="-1.164243"><ele>129.1</ele></trkpt>
    <trkpt lat="37.732022" lon="-1.164404"><ele>129</ele></trkpt>
    <trkpt lat="37.732034" lon="-1.164535"><ele>129</ele></trkpt>
    <trkpt lat="37.732" lon="-1.164688"><ele>128.9</ele></trkpt>
    <trkpt lat="37.731898" lon="-1.164829"><ele>128.9</ele></trkpt>
    <trkpt lat="37.731793" lon="-1.164883"><ele>128.8</ele></trkpt>
    <trkpt lat="37.731652" lon="-1.164876"><ele>128.8</ele></trkpt>
    <trkpt lat="37.731346" lon="-1.165016"><ele>128.8</ele></trkpt>
    <trkpt lat="37.730549" lon="-1.166067"><ele>129</ele></trkpt>
    <trkpt lat="37.730401" lon="-1.166261"><ele>129.1</ele></trkpt>
    <trkpt lat="37.730091" lon="-1.166671"><ele>129.2</ele></trkpt>
    <trkpt lat="37.729608" lon="-1.1673"><ele>129.2</ele></trkpt>
    <trkpt lat="37.729422" lon="-1.167552"><ele>129.2</ele></trkpt>
    <trkpt lat="37.728618" lon="-1.16861"><ele>129</ele></trkpt>
    <trkpt lat="37.728618" lon="-1.16861"><ele>129</ele></trkpt>
    <trkpt lat="37.728388" lon="-1.168853"><ele>128.8</ele></trkpt>
    <trkpt lat="37.728388" lon="-1.168853"><ele>128.8</ele></trkpt>
    <trkpt lat="37.727987" lon="-1.169099"><ele>128.6</ele></trkpt>
    <trkpt lat="37.727987" lon="-1.169099"><ele>128.6</ele></trkpt>
    <trkpt lat="37.727406" lon="-1.169312"><ele>128.2</ele></trkpt>
    <trkpt lat="37.727404" lon="-1.169381"><ele>128.1</ele></trkpt>
    <trkpt lat="37.726761" lon="-1.169475"><ele>127.7</ele></trkpt>
    <trkpt lat="37.726758" lon="-1.169418"><ele>127.6</ele></trkpt>
    <trkpt lat="37.726795" lon="-1.169415"><ele>127.6</ele></trkpt>
    <trkpt lat="37.726795" lon="-1.169415"><ele>127.6</ele></trkpt>
    <trkpt lat="37.726366" lon="-1.169449"><ele>127.3</ele></trkpt>
    <trkpt lat="37.726366" lon="-1.169449"><ele>127.3</ele></trkpt>
    <trkpt lat="37.725904" lon="-1.169464"><ele>126.8</ele></trkpt>
    <trkpt lat="37.725904" lon="-1.169464"><ele>126.9</ele></trkpt>
    <trkpt lat="37.725904" lon="-1.169464"><ele>126.9</ele></trkpt>
    <trkpt lat="37.725718" lon="-1.169372"><ele>126.6</ele></trkpt>
    <trkpt lat="37.725718" lon="-1.169372"><ele>126.6</ele></trkpt>
    <trkpt lat="37.725309" lon="-1.169023"><ele>126</ele></trkpt>
    <trkpt lat="37.725309" lon="-1.169023"><ele>125.9</ele></trkpt>
    <trkpt lat="37.725309" lon="-1.169023"><ele>125.9</ele></trkpt>
    <trkpt lat="37.724924" lon="-1.168687"><ele>125.7</ele></trkpt>
    <trkpt lat="37.724924" lon="-1.168687"><ele>125.7</ele></trkpt>
    <trkpt lat="37.72474" lon="-1.168717"><ele>125.8</ele></trkpt>
    <trkpt lat="37.724655" lon="-1.168731"><ele>125.8</ele></trkpt>
    <trkpt lat="37.724602" lon="-1.168738"><ele>125.8</ele></trkpt>
    <trkpt lat="37.724151" lon="-1.168795"><ele>126.2</ele></trkpt>
    <trkpt lat="37.723913" lon="-1.168856"><ele>126.5</ele></trkpt>
    <trkpt lat="37.723838" lon="-1.168964"><ele>126.7</ele></trkpt>
    <trkpt lat="37.723879" lon="-1.169098"><ele>126.9</ele></trkpt>
    <trkpt lat="37.723847" lon="-1.16922"><ele>127.1</ele></trkpt>
    <trkpt lat="37.723559" lon="-1.170019"><ele>128.8</ele></trkpt>
    <trkpt lat="37.723549" lon="-1.170044"><ele>128.8</ele></trkpt>
    <trkpt lat="37.723538" lon="-1.17009"><ele>128.9</ele></trkpt>
    <trkpt lat="37.723783" lon="-1.170308"><ele>129.3</ele></trkpt>
    <trkpt lat="37.72379" lon="-1.170331"><ele>129.4</ele></trkpt>
    <trkpt lat="37.723797" lon="-1.170379"><ele>129.4</ele></trkpt>
    <trkpt lat="37.723768" lon="-1.1711"><ele>130.1</ele></trkpt>
    <trkpt lat="37.723762" lon="-1.171249"><ele>130.3</ele></trkpt>
    <trkpt lat="37.723751" lon="-1.171881"><ele>130.7</ele></trkpt>
    <trkpt lat="37.723752" lon="-1.172225"><ele>130.8</ele></trkpt>
    <trkpt lat="37.723782" lon="-1.172376"><ele>130.9</ele></trkpt>
    <trkpt lat="37.723838" lon="-1.172403"><ele>130.9</ele></trkpt>
    <trkpt lat="37.723842" lon="-1.172463"><ele>130.9</ele></trkpt>
    <trkpt lat="37.723819" lon="-1.172495"><ele>131</ele></trkpt>
    <trkpt lat="37.723988" lon="-1.17273"><ele>131.1</ele></trkpt>
    <trkpt lat="37.724206" lon="-1.173287"><ele>131.4</ele></trkpt>
    <trkpt lat="37.724289" lon="-1.173665"><ele>131.7</ele></trkpt>
    <trkpt lat="37.724323" lon="-1.174022"><ele>131.8</ele></trkpt>
    <trkpt lat="37.724335" lon="-1.17426"><ele>131.8</ele></trkpt>
    <trkpt lat="37.724354" lon="-1.174688"><ele>131.7</ele></trkpt>
    <trkpt lat="37.724342" lon="-1.174968"><ele>131.6</ele></trkpt>
    <trkpt lat="37.724335" lon="-1.175098"><ele>131.5</ele></trkpt>
    <trkpt lat="37.724299" lon="-1.175676"><ele>131.3</ele></trkpt>
    <trkpt lat="37.724239" lon="-1.17606"><ele>131.1</ele></trkpt>
    <trkpt lat="37.724098" lon="-1.176623"><ele>130.4</ele></trkpt>
    <trkpt lat="37.723911" lon="-1.17737"><ele>129.3</ele></trkpt>
    <trkpt lat="37.723914" lon="-1.177566"><ele>129.1</ele></trkpt>
    <trkpt lat="37.723927" lon="-1.177617"><ele>129.1</ele></trkpt>
    <trkpt lat="37.723894" lon="-1.177714"><ele>129</ele></trkpt>
    <trkpt lat="37.723947" lon="-1.177794"><ele>128.9</ele></trkpt>
    <trkpt lat="37.724208" lon="-1.177989"><ele>128.7</ele></trkpt>
    <trkpt lat="37.724381" lon="-1.178139"><ele>128.6</ele></trkpt>
    <trkpt lat="37.724511" lon="-1.178393"><ele>128.4</ele></trkpt>
    <trkpt lat="37.724906" lon="-1.181"><ele>130.2</ele></trkpt>
    <trkpt lat="37.725472" lon="-1.184913"><ele>133.3</ele></trkpt>
    <trkpt lat="37.72595" lon="-1.188176"><ele>135.6</ele></trkpt>
    <trkpt lat="37.726166" lon="-1.189512"><ele>135.8</ele></trkpt>
    <trkpt lat="37.72622" lon="-1.189722"><ele>135.7</ele></trkpt>
    <trkpt lat="37.726317" lon="-1.189833"><ele>135.7</ele></trkpt>
    <trkpt lat="37.726444" lon="-1.189959"><ele>135.6</ele></trkpt>
    <trkpt lat="37.726467" lon="-1.19001"><ele>135.6</ele></trkpt>
    <trkpt lat="37.726443" lon="-1.190519"><ele>135.7</ele></trkpt>
    <trkpt lat="37.726437" lon="-1.191028"><ele>135.8</ele></trkpt>
    <trkpt lat="37.726481" lon="-1.19164"><ele>136.1</ele></trkpt>
    <trkpt lat="37.726764" lon="-1.193845"><ele>138.1</ele></trkpt>
    <trkpt lat="37.727196" lon="-1.196373"><ele>140.2</ele></trkpt>
    <trkpt lat="37.72746" lon="-1.198391"><ele>140.5</ele></trkpt>
    <trkpt lat="37.727777" lon="-1.200551"><ele>141</ele></trkpt>
    <trkpt lat="37.72801" lon="-1.201985"><ele>142</ele></trkpt>
    <trkpt lat="37.728193" lon="-1.203294"><ele>143</ele></trkpt>
    <trkpt lat="37.728219" lon="-1.203482"><ele>143.1</ele></trkpt>
    <trkpt lat="37.729419" lon="-1.211618"><ele>145.3</ele></trkpt>
    <trkpt lat="37.729939" lon="-1.215298"><ele>146.3</ele></trkpt>
    <trkpt lat="37.730878" lon="-1.221847"><ele>149.1</ele></trkpt>
    <trkpt lat="37.732809" lon="-1.235079"><ele>154.5</ele></trkpt>
    <trkpt lat="37.733109" lon="-1.236907"><ele>155.3</ele></trkpt>
    <trkpt lat="37.733149" lon="-1.23725"><ele>155.5</ele></trkpt>
    <trkpt lat="37.733213" lon="-1.237803"><ele>155.8</ele></trkpt>
    <trkpt lat="37.733217" lon="-1.237828"><ele>155.9</ele></trkpt>
    <trkpt lat="37.733385" lon="-1.238827"><ele>156.9</ele></trkpt>
    <trkpt lat="37.733407" lon="-1.238971"><ele>157.1</ele></trkpt>
    <trkpt lat="37.733604" lon="-1.239578"><ele>157.7</ele></trkpt>
    <trkpt lat="37.733714" lon="-1.239876"><ele>158</ele></trkpt>
    <trkpt lat="37.733884" lon="-1.240323"><ele>158.5</ele></trkpt>
    <trkpt lat="37.734079" lon="-1.240813"><ele>159</ele></trkpt>
    <trkpt lat="37.734257" lon="-1.241292"><ele>159.5</ele></trkpt>
    <trkpt lat="37.734346" lon="-1.241531"><ele>159.7</ele></trkpt>
    <trkpt lat="37.734449" lon="-1.241852"><ele>159.9</ele></trkpt>
    <trkpt lat="37.734611" lon="-1.242282"><ele>160.3</ele></trkpt>
    <trkpt lat="37.734672" lon="-1.242501"><ele>160.5</ele></trkpt>
    <trkpt lat="37.734866" lon="-1.242989"><ele>160.9</ele></trkpt>
    <trkpt lat="37.735067" lon="-1.243403"><ele>161.1</ele></trkpt>
    <trkpt lat="37.735587" lon="-1.244501"><ele>161.6</ele></trkpt>
    <trkpt lat="37.735599" lon="-1.244582"><ele>161.7</ele></trkpt>
    <trkpt lat="37.735728" lon="-1.244839"><ele>161.9</ele></trkpt>
    <trkpt lat="37.735839" lon="-1.244938"><ele>162</ele></trkpt>
    <trkpt lat="37.73594" lon="-1.245038"><ele>162.1</ele></trkpt>
    <trkpt lat="37.736067" lon="-1.245164"><ele>162.2</ele></trkpt>
    <trkpt lat="37.736138" lon="-1.245273"><ele>162.3</ele></trkpt>
    <trkpt lat="37.736561" lon="-1.245935"><ele>162.6</ele></trkpt>
    <trkpt lat="37.736584" lon="-1.245976"><ele>162.7</ele></trkpt>
    <trkpt lat="37.736907" lon="-1.246562"><ele>162.9</ele></trkpt>
    <trkpt lat="37.737339" lon="-1.247286"><ele>163</ele></trkpt>
    <trkpt lat="37.737394" lon="-1.247436"><ele>162.9</ele></trkpt>
    <trkpt lat="37.737517" lon="-1.247878"><ele>162.9</ele></trkpt>
    <trkpt lat="37.737585" lon="-1.248386"><ele>162.9</ele></trkpt>
    <trkpt lat="37.73767" lon="-1.248804"><ele>163</ele></trkpt>
    <trkpt lat="37.737842" lon="-1.249388"><ele>163.2</ele></trkpt>
    <trkpt lat="37.738415" lon="-1.250884"><ele>164.6</ele></trkpt>
    <trkpt lat="37.739433" lon="-1.253772"><ele>168.1</ele></trkpt>
    <trkpt lat="37.742028" lon="-1.260871"><ele>174</ele></trkpt>
    <trkpt lat="37.742473" lon="-1.262192"><ele>175.2</ele></trkpt>
    <trkpt lat="37.743672" lon="-1.265307"><ele>178.7</ele></trkpt>
    <trkpt lat="37.744889" lon="-1.268747"><ele>181.5</ele></trkpt>
    <trkpt lat="37.744889" lon="-1.268747"><ele>181.5</ele></trkpt>
    <trkpt lat="37.744931" lon="-1.269095"><ele>181.6</ele></trkpt>
    <trkpt lat="37.744931" lon="-1.269095"><ele>181.5</ele></trkpt>
    <trkpt lat="37.744931" lon="-1.269095"><ele>181.5</ele></trkpt>
    <trkpt lat="37.744919" lon="-1.269166"><ele>181.6</ele></trkpt>
    <trkpt lat="37.744919" lon="-1.269166"><ele>181.5</ele></trkpt>
    <trkpt lat="37.744919" lon="-1.269166"><ele>181.5</ele></trkpt>
    <trkpt lat="37.744943" lon="-1.26924"><ele>181.6</ele></trkpt>
    <trkpt lat="37.744882" lon="-1.269273"><ele>181.5</ele></trkpt>
    <trkpt lat="37.743667" lon="-1.269426"><ele>180.4</ele></trkpt>
    <trkpt lat="37.743268" lon="-1.269621"><ele>179.8</ele></trkpt>
    <trkpt lat="37.743008" lon="-1.269746"><ele>179.4</ele></trkpt>
    <trkpt lat="37.742727" lon="-1.269789"><ele>178.9</ele></trkpt>
    <trkpt lat="37.742093" lon="-1.269684"><ele>177.9</ele></trkpt>
    <trkpt lat="37.74076" lon="-1.269359"><ele>175.5</ele></trkpt>
    <trkpt lat="37.740516" lon="-1.269347"><ele>175.2</ele></trkpt>
    <trkpt lat="37.740203" lon="-1.269442"><ele>174.7</ele></trkpt>
    <trkpt lat="37.739585" lon="-1.269691"><ele>173.9</ele></trkpt>
    <trkpt lat="37.738716" lon="-1.270317"><ele>173.4</ele></trkpt>
    <trkpt lat="37.73803" lon="-1.271541"><ele>174</ele></trkpt>
    <trkpt lat="37.737609" lon="-1.272237"><ele>174.4</ele></trkpt>
    <trkpt lat="37.736675" lon="-1.273794"><ele>174.4</ele></trkpt>
    <trkpt lat="37.736382" lon="-1.274364"><ele>174.3</ele></trkpt>
    <trkpt lat="37.735978" lon="-1.275274"><ele>174.2</ele></trkpt>
    <trkpt lat="37.735867" lon="-1.275539"><ele>174.3</ele></trkpt>
    <trkpt lat="37.735497" lon="-1.276422"><ele>174.8</ele></trkpt>
    <trkpt lat="37.735309" lon="-1.276918"><ele>175.3</ele></trkpt>
    <trkpt lat="37.73514" lon="-1.27773"><ele>176.1</ele></trkpt>
    <trkpt lat="37.735104" lon="-1.277998"><ele>176.4</ele></trkpt>
    <trkpt lat="37.735023" lon="-1.278398"><ele>176.7</ele></trkpt>
    <trkpt lat="37.735012" lon="-1.278437"><ele>176.8</ele></trkpt>
    <trkpt lat="37.734874" lon="-1.278913"><ele>177.2</ele></trkpt>
    <trkpt lat="37.734859" lon="-1.278966"><ele>177.2</ele></trkpt>
    <trkpt lat="37.734812" lon="-1.279158"><ele>177.3</ele></trkpt>
    <trkpt lat="37.734734" lon="-1.279572"><ele>177.5</ele></trkpt>
    <trkpt lat="37.734693" lon="-1.279762"><ele>177.5</ele></trkpt>
    <trkpt lat="37.734632" lon="-1.280001"><ele>177.6</ele></trkpt>
    <trkpt lat="37.734472" lon="-1.280579"><ele>177.7</ele></trkpt>
    <trkpt lat="37.734294" lon="-1.281122"><ele>177.7</ele></trkpt>
    <trkpt lat="37.73409" lon="-1.281646"><ele>177.5</ele></trkpt>
    <trkpt lat="37.73379" lon="-1.282158"><ele>177.2</ele></trkpt>
    <trkpt lat="37.733503" lon="-1.282534"><ele>176.9</ele></trkpt>
    <trkpt lat="37.733358" lon="-1.282777"><ele>176.8</ele></trkpt>
    <trkpt lat="37.733211" lon="-1.283125"><ele>176.7</ele></trkpt>
    <trkpt lat="37.733067" lon="-1.28392"><ele>176.6</ele></trkpt>
    <trkpt lat="37.732456" lon="-1.287623"><ele>178.2</ele></trkpt>
    <trkpt lat="37.732418" lon="-1.288662"><ele>178.8</ele></trkpt>
    <trkpt lat="37.732387" lon="-1.290582"><ele>179.9</ele></trkpt>
    <trkpt lat="37.73237" lon="-1.292245"><ele>181.2</ele></trkpt>
    <trkpt lat="37.732359" lon="-1.293195"><ele>181.9</ele></trkpt>
    <trkpt lat="37.732337" lon="-1.295091"><ele>183.1</ele></trkpt>
    <trkpt lat="37.73224" lon="-1.29585"><ele>183.6</ele></trkpt>
    <trkpt lat="37.732031" lon="-1.297371"><ele>184.8</ele></trkpt>
    <trkpt lat="37.731872" lon="-1.297945"><ele>185.2</ele></trkpt>
    <trkpt lat="37.73118" lon="-1.299827"><ele>186.3</ele></trkpt>
    <trkpt lat="37.730568" lon="-1.301716"><ele>187.5</ele></trkpt>
    <trkpt lat="37.730003" lon="-1.302887"><ele>188.1</ele></trkpt>
    <trkpt lat="37.729836" lon="-1.303154"><ele>188.2</ele></trkpt>
    <trkpt lat="37.729141" lon="-1.304013"><ele>188.6</ele></trkpt>
    <trkpt lat="37.728245" lon="-1.304875"><ele>189.3</ele></trkpt>
    <trkpt lat="37.727977" lon="-1.305212"><ele>189.7</ele></trkpt>
    <trkpt lat="37.727748" lon="-1.30554"><ele>190</ele></trkpt>
    <trkpt lat="37.727506" lon="-1.306102"><ele>190.5</ele></trkpt>
    <trkpt lat="37.727382" lon="-1.306416"><ele>190.7</ele></trkpt>
    <trkpt lat="37.727055" lon="-1.307063"><ele>191.2</ele></trkpt>
    <trkpt lat="37.726638" lon="-1.30779"><ele>191.5</ele></trkpt>
    <trkpt lat="37.726274" lon="-1.308351"><ele>191.8</ele></trkpt>
    <trkpt lat="37.726155" lon="-1.308492"><ele>191.9</ele></trkpt>
    <trkpt lat="37.726042" lon="-1.308567"><ele>192</ele></trkpt>
    <trkpt lat="37.725716" lon="-1.308667"><ele>192.2</ele></trkpt>
    <trkpt lat="37.725394" lon="-1.30867"><ele>192.5</ele></trkpt>
    <trkpt lat="37.725122" lon="-1.308678"><ele>192.8</ele></trkpt>
    <trkpt lat="37.72497" lon="-1.308733"><ele>192.9</ele></trkpt>
    <trkpt lat="37.724779" lon="-1.308904"><ele>193.2</ele></trkpt>
    <trkpt lat="37.72421" lon="-1.310066"><ele>194.8</ele></trkpt>
    <trkpt lat="37.724096" lon="-1.310243"><ele>195.1</ele></trkpt>
    <trkpt lat="37.723394" lon="-1.311112"><ele>196.4</ele></trkpt>
    <trkpt lat="37.723122" lon="-1.311482"><ele>196.8</ele></trkpt>
    <trkpt lat="37.722008" lon="-1.312909"><ele>198.1</ele></trkpt>
    <trkpt lat="37.720489" lon="-1.315914"><ele>199.7</ele></trkpt>
    <trkpt lat="37.720096" lon="-1.316708"><ele>200.1</ele></trkpt>
    <trkpt lat="37.71884" lon="-1.320515"><ele>205.1</ele></trkpt>
    <trkpt lat="37.718658" lon="-1.320816"><ele>205.5</ele></trkpt>
    <trkpt lat="37.718103" lon="-1.321407"><ele>206.3</ele></trkpt>
    <trkpt lat="37.716491" lon="-1.322971"><ele>207.8</ele></trkpt>
    <trkpt lat="37.714814" lon="-1.324423"><ele>210.2</ele></trkpt>
    <trkpt lat="37.713302" lon="-1.325681"><ele>211.7</ele></trkpt>
    <trkpt lat="37.713049" lon="-1.325938"><ele>212</ele></trkpt>
    <trkpt lat="37.712923" lon="-1.326159"><ele>212.2</ele></trkpt>
    <trkpt lat="37.712836" lon="-1.326391"><ele>212.4</ele></trkpt>
    <trkpt lat="37.712579" lon="-1.327224"><ele>212.8</ele></trkpt>
    <trkpt lat="37.712496" lon="-1.32752"><ele>212.8</ele></trkpt>
    <trkpt lat="37.712401" lon="-1.328076"><ele>212.7</ele></trkpt>
    <trkpt lat="37.712332" lon="-1.328789"><ele>211.8</ele></trkpt>
    <trkpt lat="37.712175" lon="-1.32938"><ele>210.7</ele></trkpt>
    <trkpt lat="37.711629" lon="-1.330907"><ele>206.8</ele></trkpt>
    <trkpt lat="37.709557" lon="-1.335833"><ele>197.2</ele></trkpt>
    <trkpt lat="37.709448" lon="-1.336297"><ele>197.1</ele></trkpt>
    <trkpt lat="37.709443" lon="-1.336508"><ele>197.1</ele></trkpt>
    <trkpt lat="37.709463" lon="-1.337808"><ele>196.7</ele></trkpt>
    <trkpt lat="37.709353" lon="-1.338751"><ele>195.7</ele></trkpt>
    <trkpt lat="37.709295" lon="-1.339136"><ele>195</ele></trkpt>
    <trkpt lat="37.709228" lon="-1.339395"><ele>194.5</ele></trkpt>
    <trkpt lat="37.709085" lon="-1.339677"><ele>194</ele></trkpt>
    <trkpt lat="37.708888" lon="-1.339994"><ele>193.4</ele></trkpt>
    <trkpt lat="37.708821" lon="-1.340105"><ele>193.2</ele></trkpt>
    <trkpt lat="37.708616" lon="-1.340432"><ele>192.8</ele></trkpt>
    <trkpt lat="37.708442" lon="-1.340814"><ele>192.5</ele></trkpt>
    <trkpt lat="37.708405" lon="-1.341069"><ele>192.3</ele></trkpt>
    <trkpt lat="37.708425" lon="-1.341534"><ele>191.9</ele></trkpt>
    <trkpt lat="37.708867" lon="-1.345255"><ele>189.6</ele></trkpt>
    <trkpt lat="37.70895" lon="-1.346047"><ele>189.2</ele></trkpt>
    <trkpt lat="37.708949" lon="-1.346222"><ele>189.1</ele></trkpt>
    <trkpt lat="37.70892" lon="-1.346393"><ele>189.1</ele></trkpt>
    <trkpt lat="37.708823" lon="-1.346667"><ele>189</ele></trkpt>
    <trkpt lat="37.708286" lon="-1.347934"><ele>188.6</ele></trkpt>
    <trkpt lat="37.70796" lon="-1.349626"><ele>188.6</ele></trkpt>
    <trkpt lat="37.707606" lon="-1.350514"><ele>188.2</ele></trkpt>
    <trkpt lat="37.707452" lon="-1.351011"><ele>187.8</ele></trkpt>
    <trkpt lat="37.707429" lon="-1.351208"><ele>187.6</ele></trkpt>
    <trkpt lat="37.707431" lon="-1.351461"><ele>187.4</ele></trkpt>
    <trkpt lat="37.707464" lon="-1.352201"><ele>186.6</ele></trkpt>
    <trkpt lat="37.707519" lon="-1.352514"><ele>186</ele></trkpt>
    <trkpt lat="37.707585" lon="-1.352513"><ele>185.9</ele></trkpt>
    <trkpt lat="37.707678" lon="-1.352592"><ele>185.6</ele></trkpt>
    <trkpt lat="37.707696" lon="-1.352753"><ele>185.3</ele></trkpt>
    <trkpt lat="37.707617" lon="-1.352865"><ele>184.9</ele></trkpt>
    <trkpt lat="37.707519" lon="-1.352877"><ele>184.6</ele></trkpt>
    <trkpt lat="37.707497" lon="-1.353137"><ele>184</ele></trkpt>
    <trkpt lat="37.707532" lon="-1.354523"><ele>180.6</ele></trkpt>
    <trkpt lat="37.707593" lon="-1.354748"><ele>180.1</ele></trkpt>
    <trkpt lat="37.707687" lon="-1.354838"><ele>179.8</ele></trkpt>
    <trkpt lat="37.707712" lon="-1.354907"><ele>179.7</ele></trkpt>
    <trkpt lat="37.707718" lon="-1.354982"><ele>179.6</ele></trkpt>
    <trkpt lat="37.707672" lon="-1.355119"><ele>179.4</ele></trkpt>
    <trkpt lat="37.70764" lon="-1.355155"><ele>179.4</ele></trkpt>
    <trkpt lat="37.70766" lon="-1.355468"><ele>179.1</ele></trkpt>
    <trkpt lat="37.707738" lon="-1.355537"><ele>179.1</ele></trkpt>
    <trkpt lat="37.708201" lon="-1.355657"><ele>179</ele></trkpt>
    <trkpt lat="37.708332" lon="-1.355774"><ele>179</ele></trkpt>
    <trkpt lat="37.708473" lon="-1.35595"><ele>179</ele></trkpt>
    <trkpt lat="37.708923" lon="-1.356817"><ele>179</ele></trkpt>
    <trkpt lat="37.709037" lon="-1.357257"><ele>178.7</ele></trkpt>
    <trkpt lat="37.709399" lon="-1.359477"><ele>176.7</ele></trkpt>
    <trkpt lat="37.709831" lon="-1.361986"><ele>176.2</ele></trkpt>
    <trkpt lat="37.709848" lon="-1.362064"><ele>176.3</ele></trkpt>
    <trkpt lat="37.709995" lon="-1.362498"><ele>176.6</ele></trkpt>
    <trkpt lat="37.711296" lon="-1.365941"><ele>182</ele></trkpt>
    <trkpt lat="37.712158" lon="-1.368057"><ele>181.6</ele></trkpt>
    <trkpt lat="37.712255" lon="-1.368358"><ele>181.6</ele></trkpt>
    <trkpt lat="37.712293" lon="-1.36875"><ele>181.8</ele></trkpt>
    <trkpt lat="37.712128" lon="-1.370673"><ele>185.5</ele></trkpt>
    <trkpt lat="37.71212" lon="-1.370752"><ele>185.7</ele></trkpt>
    <trkpt lat="37.711966" lon="-1.372366"><ele>189.3</ele></trkpt>
    <trkpt lat="37.711845" lon="-1.373155"><ele>189.9</ele></trkpt>
    <trkpt lat="37.711724" lon="-1.373763"><ele>189.7</ele></trkpt>
    <trkpt lat="37.711182" lon="-1.376406"><ele>185.1</ele></trkpt>
    <trkpt lat="37.710355" lon="-1.380473"><ele>181.9</ele></trkpt>
    <trkpt lat="37.710327" lon="-1.38068"><ele>181.7</ele></trkpt>
    <trkpt lat="37.710202" lon="-1.384527"><ele>179.8</ele></trkpt>
    <trkpt lat="37.710202" lon="-1.384871"><ele>180.3</ele></trkpt>
    <trkpt lat="37.710229" lon="-1.385167"><ele>180.9</ele></trkpt>
    <trkpt lat="37.710937" lon="-1.387575"><ele>187.5</ele></trkpt>
    <trkpt lat="37.710959" lon="-1.387723"><ele>187.8</ele></trkpt>
    <trkpt lat="37.710975" lon="-1.387882"><ele>188.1</ele></trkpt>
    <trkpt lat="37.710962" lon="-1.388095"><ele>188.5</ele></trkpt>
    <trkpt lat="37.710785" lon="-1.389172"><ele>190.6</ele></trkpt>
    <trkpt lat="37.710757" lon="-1.389465"><ele>191.2</ele></trkpt>
    <trkpt lat="37.710763" lon="-1.389826"><ele>192.1</ele></trkpt>
    <trkpt lat="37.710804" lon="-1.390587"><ele>194.6</ele></trkpt>
    <trkpt lat="37.710842" lon="-1.391402"><ele>198.3</ele></trkpt>
    <trkpt lat="37.710809" lon="-1.391925"><ele>201.1</ele></trkpt>
    <trkpt lat="37.71067" lon="-1.392685"><ele>205.4</ele></trkpt>
    <trkpt lat="37.710649" lon="-1.392916"><ele>206.7</ele></trkpt>
    <trkpt lat="37.710659" lon="-1.393133"><ele>207.9</ele></trkpt>
    <trkpt lat="37.710711" lon="-1.393835"><ele>211.2</ele></trkpt>
    <trkpt lat="37.710676" lon="-1.394267"><ele>213.2</ele></trkpt>
    <trkpt lat="37.71067" lon="-1.394571"><ele>214.5</ele></trkpt>
    <trkpt lat="37.710717" lon="-1.394874"><ele>215.7</ele></trkpt>
    <trkpt lat="37.710813" lon="-1.395164"><ele>216.7</ele></trkpt>
    <trkpt lat="37.710848" lon="-1.395233"><ele>216.9</ele></trkpt>
    <trkpt lat="37.710967" lon="-1.395493"><ele>217.7</ele></trkpt>
    <trkpt lat="37.711032" lon="-1.395703"><ele>218.2</ele></trkpt>
    <trkpt lat="37.711197" lon="-1.396928"><ele>220.3</ele></trkpt>
    <trkpt lat="37.711262" lon="-1.397579"><ele>220.5</ele></trkpt>
    <trkpt lat="37.71132" lon="-1.398111"><ele>220.4</ele></trkpt>
    <trkpt lat="37.711331" lon="-1.398222"><ele>220.3</ele></trkpt>
    <trkpt lat="37.711449" lon="-1.399179"><ele>220.1</ele></trkpt>
    <trkpt lat="37.711509" lon="-1.399593"><ele>219.9</ele></trkpt>
    <trkpt lat="37.711585" lon="-1.399821"><ele>219.8</ele></trkpt>
    <trkpt lat="37.711678" lon="-1.400016"><ele>219.7</ele></trkpt>
    <trkpt lat="37.711779" lon="-1.400164"><ele>219.7</ele></trkpt>
    <trkpt lat="37.711801" lon="-1.400193"><ele>219.7</ele></trkpt>
    <trkpt lat="37.712367" lon="-1.400956"><ele>220.3</ele></trkpt>
    <trkpt lat="37.712814" lon="-1.401651"><ele>221</ele></trkpt>
    <trkpt lat="37.712853" lon="-1.401724"><ele>221.1</ele></trkpt>
    <trkpt lat="37.71384" lon="-1.403901"><ele>224.3</ele></trkpt>
    <trkpt lat="37.714045" lon="-1.404367"><ele>224.9</ele></trkpt>
    <trkpt lat="37.714107" lon="-1.404505"><ele>225</ele></trkpt>
    <trkpt lat="37.714242" lon="-1.40478"><ele>225.2</ele></trkpt>
    <trkpt lat="37.714391" lon="-1.405126"><ele>225.4</ele></trkpt>
    <trkpt lat="37.714573" lon="-1.405527"><ele>225.3</ele></trkpt>
    <trkpt lat="37.714698" lon="-1.405811"><ele>225</ele></trkpt>
    <trkpt lat="37.714983" lon="-1.406452"><ele>224</ele></trkpt>
    <trkpt lat="37.715398" lon="-1.407382"><ele>222.2</ele></trkpt>
    <trkpt lat="37.715474" lon="-1.407547"><ele>221.9</ele></trkpt>
    <trkpt lat="37.716104" lon="-1.408958"><ele>222</ele></trkpt>
    <trkpt lat="37.716226" lon="-1.40922"><ele>222.4</ele></trkpt>
    <trkpt lat="37.716508" lon="-1.409853"><ele>223.1</ele></trkpt>
    <trkpt lat="37.716631" lon="-1.410161"><ele>223.4</ele></trkpt>
    <trkpt lat="37.716877" lon="-1.410883"><ele>222.9</ele></trkpt>
    <trkpt lat="37.717211" lon="-1.411947"><ele>219.7</ele></trkpt>
    <trkpt lat="37.71745" lon="-1.41276"><ele>216.5</ele></trkpt>
    <trkpt lat="37.717511" lon="-1.413038"><ele>215.4</ele></trkpt>
    <trkpt lat="37.717576" lon="-1.413514"><ele>213.7</ele></trkpt>
    <trkpt lat="37.717817" lon="-1.415434"><ele>208.8</ele></trkpt>
    <trkpt lat="37.718307" lon="-1.419466"><ele>204.8</ele></trkpt>
    <trkpt lat="37.718468" lon="-1.420748"><ele>203.6</ele></trkpt>
    <trkpt lat="37.718477" lon="-1.42084"><ele>203.5</ele></trkpt>
    <trkpt lat="37.718571" lon="-1.421327"><ele>202.7</ele></trkpt>
    <trkpt lat="37.718669" lon="-1.421492"><ele>202.4</ele></trkpt>
    <trkpt lat="37.718745" lon="-1.421564"><ele>202.3</ele></trkpt>
    <trkpt lat="37.718933" lon="-1.421685"><ele>201.9</ele></trkpt>
    <trkpt lat="37.719282" lon="-1.421821"><ele>201.3</ele></trkpt>
    <trkpt lat="37.719511" lon="-1.421978"><ele>200.9</ele></trkpt>
    <trkpt lat="37.719721" lon="-1.422211"><ele>200.4</ele></trkpt>
    <trkpt lat="37.72002" lon="-1.422667"><ele>199.9</ele></trkpt>
    <trkpt lat="37.720127" lon="-1.422742"><ele>199.8</ele></trkpt>
    <trkpt lat="37.720254" lon="-1.42274"><ele>199.7</ele></trkpt>
    <trkpt lat="37.720363" lon="-1.42285"><ele>199.7</ele></trkpt>
    <trkpt lat="37.720386" lon="-1.422923"><ele>199.7</ele></trkpt>
    <trkpt lat="37.720374" lon="-1.423079"><ele>199.7</ele></trkpt>
    <trkpt lat="37.72038" lon="-1.423189"><ele>199.7</ele></trkpt>
    <trkpt lat="37.720444" lon="-1.423386"><ele>199.6</ele></trkpt>
    <trkpt lat="37.721332" lon="-1.424845"><ele>199.6</ele></trkpt>
    <trkpt lat="37.722776" lon="-1.427041"><ele>200.3</ele></trkpt>
    <trkpt lat="37.723623" lon="-1.428456"><ele>200.6</ele></trkpt>
    <trkpt lat="37.724054" lon="-1.429126"><ele>200.7</ele></trkpt>
    <trkpt lat="37.727076" lon="-1.434068"><ele>203.4</ele></trkpt>
    <trkpt lat="37.727426" lon="-1.434634"><ele>203.6</ele></trkpt>
    <trkpt lat="37.728115" lon="-1.435644"><ele>203.7</ele></trkpt>
    <trkpt lat="37.730521" lon="-1.439523"><ele>201.6</ele></trkpt>
    <trkpt lat="37.731261" lon="-1.440726"><ele>202.3</ele></trkpt>
    <trkpt lat="37.731403" lon="-1.440951"><ele>202.6</ele></trkpt>
    <trkpt lat="37.7336" lon="-1.444462"><ele>204</ele></trkpt>
    <trkpt lat="37.734335" lon="-1.445632"><ele>204.1</ele></trkpt>
    <trkpt lat="37.737103" lon="-1.450089"><ele>204.1</ele></trkpt>
    <trkpt lat="37.738357" lon="-1.452042"><ele>204</ele></trkpt>
    <trkpt lat="37.740471" lon="-1.455501"><ele>204.6</ele></trkpt>
    <trkpt lat="37.742002" lon="-1.457993"><ele>204.8</ele></trkpt>
    <trkpt lat="37.743051" lon="-1.459612"><ele>204.8</ele></trkpt>
    <trkpt lat="37.743242" lon="-1.459908"><ele>204.8</ele></trkpt>
    <trkpt lat="37.747228" lon="-1.466339"><ele>206.2</ele></trkpt>
    <trkpt lat="37.747399" lon="-1.466473"><ele>206.2</ele></trkpt>
    <trkpt lat="37.747527" lon="-1.466503"><ele>206.2</ele></trkpt>
    <trkpt lat="37.747599" lon="-1.466487"><ele>206.2</ele></trkpt>
    <trkpt lat="37.747666" lon="-1.466468"><ele>206.2</ele></trkpt>
    <trkpt lat="37.747732" lon="-1.466493"><ele>206.2</ele></trkpt>
    <trkpt lat="37.748174" lon="-1.465826"><ele>206</ele></trkpt>
    <trkpt lat="37.748342" lon="-1.465564"><ele>205.9</ele></trkpt>
    <trkpt lat="37.748594" lon="-1.465162"><ele>205.9</ele></trkpt>
    <trkpt lat="37.748558" lon="-1.465085"><ele>205.9</ele></trkpt>
    <trkpt lat="37.748557" lon="-1.464996"><ele>205.9</ele></trkpt>
    <trkpt lat="37.748592" lon="-1.464919"><ele>206</ele></trkpt>
    <trkpt lat="37.748687" lon="-1.464867"><ele>206</ele></trkpt>
    <trkpt lat="37.748755" lon="-1.464889"><ele>206</ele></trkpt>
    <trkpt lat="37.748806" lon="-1.464951"><ele>206.1</ele></trkpt>
    <trkpt lat="37.748821" lon="-1.46508"><ele>206.1</ele></trkpt>
    <trkpt lat="37.748787" lon="-1.465158"><ele>206.2</ele></trkpt>
    <trkpt lat="37.748787" lon="-1.465158"><ele>206.2</ele></trkpt>
    <trkpt lat="37.748623" lon="-1.465442"><ele>206.3</ele></trkpt>
    <trkpt lat="37.74862" lon="-1.465869"><ele>206.5</ele></trkpt>
    <trkpt lat="37.748747" lon="-1.46645"><ele>207</ele></trkpt>
    <trkpt lat="37.748951" lon="-1.467142"><ele>207.3</ele></trkpt>
    <trkpt lat="37.749156" lon="-1.467834"><ele>207.4</ele></trkpt>
    <trkpt lat="37.749305" lon="-1.468388"><ele>207.5</ele></trkpt>
    <trkpt lat="37.749453" lon="-1.468943"><ele>207.6</ele></trkpt>
    <trkpt lat="37.749453" lon="-1.468943"><ele>207.6</ele></trkpt>
    <trkpt lat="37.74945" lon="-1.46894"><ele>207.6</ele></trkpt>
    <trkpt lat="37.74965" lon="-1.46957"><ele>207.9</ele></trkpt>
    <trkpt lat="37.74989" lon="-1.47016"><ele>208.1</ele></trkpt>
    <trkpt lat="37.75033" lon="-1.4711"><ele>208.6</ele></trkpt>
    <trkpt lat="37.750764" lon="-1.471975"><ele>209.1</ele></trkpt>
    <trkpt lat="37.750942" lon="-1.472394"><ele>209.3</ele></trkpt>
    <trkpt lat="37.751002" lon="-1.472498"><ele>209.4</ele></trkpt>
    <trkpt lat="37.751184" lon="-1.472697"><ele>209.4</ele></trkpt>
    <trkpt lat="37.751203" lon="-1.472754"><ele>209.5</ele></trkpt>
    <trkpt lat="37.751313" lon="-1.472921"><ele>209.5</ele></trkpt>
    <trkpt lat="37.751442" lon="-1.473055"><ele>209.5</ele></trkpt>
    <trkpt lat="37.751622" lon="-1.47334"><ele>209.6</ele></trkpt>
    <trkpt lat="37.752029" lon="-1.474002"><ele>209.5</ele></trkpt>
    <trkpt lat="37.752124" lon="-1.474142"><ele>209.4</ele></trkpt>
    <trkpt lat="37.752527" lon="-1.474813"><ele>209</ele></trkpt>
    <trkpt lat="37.753084" lon="-1.475731"><ele>208.3</ele></trkpt>
    <trkpt lat="37.753318" lon="-1.476142"><ele>208.1</ele></trkpt>
    <trkpt lat="37.753575" lon="-1.476553"><ele>207.9</ele></trkpt>
    <trkpt lat="37.757051" lon="-1.482195"><ele>211.6</ele></trkpt>
    <trkpt lat="37.759214" lon="-1.485586"><ele>215.8</ele></trkpt>
    <trkpt lat="37.760425" lon="-1.487564"><ele>219.5</ele></trkpt>
    <trkpt lat="37.762551" lon="-1.491027"><ele>226.2</ele></trkpt>
    <trkpt lat="37.762832" lon="-1.491453"><ele>226.9</ele></trkpt>
    <trkpt lat="37.76328" lon="-1.492088"><ele>228</ele></trkpt>
    <trkpt lat="37.76332" lon="-1.492134"><ele>228.1</ele></trkpt>
    <trkpt lat="37.763369" lon="-1.492174"><ele>228.2</ele></trkpt>
    <trkpt lat="37.763369" lon="-1.492174"><ele>228.2</ele></trkpt>
    <trkpt lat="37.763371" lon="-1.492169"><ele>228.2</ele></trkpt>
    <trkpt lat="37.763731" lon="-1.49279"><ele>229.2</ele></trkpt>
    <trkpt lat="37.764085" lon="-1.493392"><ele>230.2</ele></trkpt>
    <trkpt lat="37.764085" lon="-1.493392"><ele>230.3</ele></trkpt>
    <trkpt lat="37.764085" lon="-1.493392"><ele>230.3</ele></trkpt>
    <trkpt lat="37.76443" lon="-1.49393"><ele>231.3</ele></trkpt>
    <trkpt lat="37.764722" lon="-1.494452"><ele>232.2</ele></trkpt>
    <trkpt lat="37.764854" lon="-1.494683"><ele>232.6</ele></trkpt>
    <trkpt lat="37.76515" lon="-1.495175"><ele>233.5</ele></trkpt>
    <trkpt lat="37.765389" lon="-1.495572"><ele>234.3</ele></trkpt>
    <trkpt lat="37.766016" lon="-1.496572"><ele>236.4</ele></trkpt>
    <trkpt lat="37.766152" lon="-1.496667"><ele>236.7</ele></trkpt>
    <trkpt lat="37.766184" lon="-1.496659"><ele>236.7</ele></trkpt>
    <trkpt lat="37.766469" lon="-1.496363"><ele>237.3</ele></trkpt>
    <trkpt lat="37.766667" lon="-1.496165"><ele>237.7</ele></trkpt>
    <trkpt lat="37.766795" lon="-1.496037"><ele>237.9</ele></trkpt>
    <trkpt lat="37.767166" lon="-1.495679"><ele>238.4</ele></trkpt>
    <trkpt lat="37.767465" lon="-1.495462"><ele>238.6</ele></trkpt>
    <trkpt lat="37.767901" lon="-1.495274"><ele>239</ele></trkpt>
    <trkpt lat="37.768175" lon="-1.495268"><ele>239.1</ele></trkpt>
    <trkpt lat="37.768912" lon="-1.495171"><ele>239.3</ele></trkpt>
    <trkpt lat="37.769019" lon="-1.495104"><ele>239.3</ele></trkpt>
    <trkpt lat="37.769029" lon="-1.495087"><ele>239.3</ele></trkpt>
    <trkpt lat="37.769127" lon="-1.495021"><ele>239.4</ele></trkpt>
    <trkpt lat="37.769493" lon="-1.494987"><ele>239.7</ele></trkpt>
    <trkpt lat="37.769519" lon="-1.494998"><ele>239.7</ele></trkpt>
    <trkpt lat="37.769563" lon="-1.49504"><ele>239.7</ele></trkpt>
    <trkpt lat="37.76976" lon="-1.495057"><ele>239.8</ele></trkpt>
    <trkpt lat="37.770336" lon="-1.494982"><ele>240.1</ele></trkpt>
    <trkpt lat="37.770416" lon="-1.494971"><ele>240.1</ele></trkpt>
    <trkpt lat="37.771011" lon="-1.494875"><ele>240.5</ele></trkpt>
    <trkpt lat="37.77159" lon="-1.494723"><ele>240.3</ele></trkpt>
    <trkpt lat="37.771875" lon="-1.494603"><ele>240.2</ele></trkpt>
    <trkpt lat="37.772234" lon="-1.494421"><ele>240</ele></trkpt>
    <trkpt lat="37.772283" lon="-1.494369"><ele>239.9</ele></trkpt>
    <trkpt lat="37.77231" lon="-1.494263"><ele>239.8</ele></trkpt>
    <trkpt lat="37.772316" lon="-1.494254"><ele>239.8</ele></trkpt>
    <trkpt lat="37.772409" lon="-1.494194"><ele>239.7</ele></trkpt>
    <trkpt lat="37.772456" lon="-1.4942"><ele>239.6</ele></trkpt>
    <trkpt lat="37.772582" lon="-1.494114"><ele>239.5</ele></trkpt>
    <trkpt lat="37.773107" lon="-1.493512"><ele>238.7</ele></trkpt>
    <trkpt lat="37.773242" lon="-1.493293"><ele>238.5</ele></trkpt>
    <trkpt lat="37.773543" lon="-1.492804"><ele>237.6</ele></trkpt>
    <trkpt lat="37.773676" lon="-1.492577"><ele>237.3</ele></trkpt>
    <trkpt lat="37.773843" lon="-1.492294"><ele>237</ele></trkpt>
    <trkpt lat="37.774094" lon="-1.491899"><ele>236.7</ele></trkpt>
    <trkpt lat="37.774201" lon="-1.491715"><ele>236.6</ele></trkpt>
    <trkpt lat="37.77424" lon="-1.49165"><ele>236.5</ele></trkpt>
    <trkpt lat="37.774474" lon="-1.491251"><ele>235.9</ele></trkpt>
    <trkpt lat="37.774558" lon="-1.491108"><ele>235.7</ele></trkpt>
    <trkpt lat="37.775098" lon="-1.490171"><ele>234.6</ele></trkpt>
    <trkpt lat="37.775258" lon="-1.489907"><ele>234</ele></trkpt>
    <trkpt lat="37.775497" lon="-1.489576"><ele>233.2</ele></trkpt>
    <trkpt lat="37.77843" lon="-1.484635"><ele>221.4</ele></trkpt>
    <trkpt lat="37.778785" lon="-1.483988"><ele>221.2</ele></trkpt>
    <trkpt lat="37.778936" lon="-1.483939"><ele>221.3</ele></trkpt>
    <trkpt lat="37.778988" lon="-1.483951"><ele>221.4</ele></trkpt>
    <trkpt lat="37.779013" lon="-1.483957"><ele>221.5</ele></trkpt>
    <trkpt lat="37.779087" lon="-1.484017"><ele>221.6</ele></trkpt>
    <trkpt lat="37.779093" lon="-1.484039"><ele>221.6</ele></trkpt>
    <trkpt lat="37.779135" lon="-1.484203"><ele>221.8</ele></trkpt>
    <trkpt lat="37.779136" lon="-1.484217"><ele>221.9</ele></trkpt>
    <trkpt lat="37.779136" lon="-1.484217"><ele>221.9</ele></trkpt>
    <trkpt lat="37.779161" lon="-1.484596"><ele>222.6</ele></trkpt>
    <trkpt lat="37.779161" lon="-1.484599"><ele>222.7</ele></trkpt>
    <trkpt lat="37.779215" lon="-1.48482"><ele>223.3</ele></trkpt>
    <trkpt lat="37.779384" lon="-1.487446"><ele>233</ele></trkpt>
    <trkpt lat="37.779432" lon="-1.487919"><ele>234.7</ele></trkpt>
    <trkpt lat="37.779595" lon="-1.489118"><ele>238.8</ele></trkpt>
    <trkpt lat="37.779909" lon="-1.490938"><ele>244.3</ele></trkpt>
    <trkpt lat="37.780054" lon="-1.492116"><ele>247.5</ele></trkpt>
    <trkpt lat="37.780113" lon="-1.49297"><ele>249.2</ele></trkpt>
    <trkpt lat="37.780117" lon="-1.493663"><ele>250.4</ele></trkpt>
    <trkpt lat="37.780074" lon="-1.494258"><ele>251.7</ele></trkpt>
    <trkpt lat="37.77997" lon="-1.494885"><ele>253.4</ele></trkpt>
    <trkpt lat="37.77986" lon="-1.495387"><ele>255</ele></trkpt>
    <trkpt lat="37.779807" lon="-1.495717"><ele>256.3</ele></trkpt>
    <trkpt lat="37.77984" lon="-1.495762"><ele>256.5</ele></trkpt>
    <trkpt lat="37.779869" lon="-1.49588"><ele>257</ele></trkpt>
    <trkpt lat="37.779863" lon="-1.495942"><ele>257.3</ele></trkpt>
    <trkpt lat="37.779803" lon="-1.496052"><ele>257.9</ele></trkpt>
    <trkpt lat="37.779755" lon="-1.496084"><ele>258.2</ele></trkpt>
    <trkpt lat="37.77971" lon="-1.496435"><ele>259.7</ele></trkpt>
    <trkpt lat="37.779709" lon="-1.497289"><ele>263.3</ele></trkpt>
    <trkpt lat="37.779567" lon="-1.49962"><ele>272.8</ele></trkpt>
    <trkpt lat="37.779582" lon="-1.502576"><ele>281.4</ele></trkpt>
    <trkpt lat="37.779537" lon="-1.503345"><ele>282</ele></trkpt>
    <trkpt lat="37.779469" lon="-1.503784"><ele>282</ele></trkpt>
    <trkpt lat="37.77944" lon="-1.504156"><ele>281.9</ele></trkpt>
    <trkpt lat="37.779483" lon="-1.504277"><ele>281.8</ele></trkpt>
    <trkpt lat="37.779434" lon="-1.504425"><ele>281.8</ele></trkpt>
    <trkpt lat="37.779345" lon="-1.50447"><ele>281.7</ele></trkpt>
    <trkpt lat="37.779239" lon="-1.50468"><ele>281.5</ele></trkpt>
    <trkpt lat="37.778603" lon="-1.506283"><ele>282.6</ele></trkpt>
    <trkpt lat="37.778425" lon="-1.506811"><ele>283.7</ele></trkpt>
    <trkpt lat="37.77828" lon="-1.507501"><ele>285.2</ele></trkpt>
    <trkpt lat="37.778237" lon="-1.507948"><ele>286.3</ele></trkpt>
    <trkpt lat="37.778225" lon="-1.508391"><ele>287.6</ele></trkpt>
    <trkpt lat="37.778244" lon="-1.50895"><ele>289.2</ele></trkpt>
    <trkpt lat="37.778301" lon="-1.509483"><ele>290.7</ele></trkpt>
    <trkpt lat="37.778302" lon="-1.509701"><ele>291.3</ele></trkpt>
    <trkpt lat="37.7783" lon="-1.509983"><ele>292.2</ele></trkpt>
    <trkpt lat="37.778334" lon="-1.510054"><ele>292.4</ele></trkpt>
    <trkpt lat="37.778333" lon="-1.510178"><ele>292.8</ele></trkpt>
    <trkpt lat="37.77831" lon="-1.510232"><ele>293</ele></trkpt>
    <trkpt lat="37.778343" lon="-1.510414"><ele>293.5</ele></trkpt>
    <trkpt lat="37.779547" lon="-1.51239"><ele>299.6</ele></trkpt>
    <trkpt lat="37.781452" lon="-1.515477"><ele>308.1</ele></trkpt>
    <trkpt lat="37.781571" lon="-1.515597"><ele>308.6</ele></trkpt>
    <trkpt lat="37.781781" lon="-1.515892"><ele>309.7</ele></trkpt>
    <trkpt lat="37.781956" lon="-1.51622"><ele>310.8</ele></trkpt>
    <trkpt lat="37.781995" lon="-1.516351"><ele>311.2</ele></trkpt>
    <trkpt lat="37.782037" lon="-1.516436"><ele>311.5</ele></trkpt>
    <trkpt lat="37.782197" lon="-1.5169"><ele>313</ele></trkpt>
    <trkpt lat="37.783043" lon="-1.518913"><ele>319.8</ele></trkpt>
    <trkpt lat="37.783798" lon="-1.520663"><ele>325.9</ele></trkpt>
    <trkpt lat="37.785327" lon="-1.523251"><ele>337.3</ele></trkpt>
    <trkpt lat="37.785389" lon="-1.523355"><ele>337.7</ele></trkpt>
    <trkpt lat="37.785579" lon="-1.523684"><ele>339.2</ele></trkpt>
    <trkpt lat="37.785787" lon="-1.523979"><ele>340.5</ele></trkpt>
    <trkpt lat="37.785871" lon="-1.524054"><ele>341</ele></trkpt>
    <trkpt lat="37.786616" lon="-1.524596"><ele>344.6</ele></trkpt>
    <trkpt lat="37.78682" lon="-1.524742"><ele>345.6</ele></trkpt>
    <trkpt lat="37.787098" lon="-1.52494"><ele>346.9</ele></trkpt>
    <trkpt lat="37.789155" lon="-1.526411"><ele>358.1</ele></trkpt>
    <trkpt lat="37.789597" lon="-1.526695"><ele>360.4</ele></trkpt>
    <trkpt lat="37.791795" lon="-1.527599"><ele>370.8</ele></trkpt>
    <trkpt lat="37.792344" lon="-1.527883"><ele>373.9</ele></trkpt>
    <trkpt lat="37.792912" lon="-1.528223"><ele>377.4</ele></trkpt>
    <trkpt lat="37.793775" lon="-1.528977"><ele>383.2</ele></trkpt>
    <trkpt lat="37.794127" lon="-1.529414"><ele>385.7</ele></trkpt>
    <trkpt lat="37.794451" lon="-1.530021"><ele>388.7</ele></trkpt>
    <trkpt lat="37.795338" lon="-1.53154"><ele>397.2</ele></trkpt>
    <trkpt lat="37.796434" lon="-1.533092"><ele>408.1</ele></trkpt>
    <trkpt lat="37.796452" lon="-1.533123"><ele>408.3</ele></trkpt>
    <trkpt lat="37.79714" lon="-1.534102"><ele>414</ele></trkpt>
    <trkpt lat="37.797293" lon="-1.534353"><ele>415.5</ele></trkpt>
    <trkpt lat="37.797353" lon="-1.53454"><ele>416.5</ele></trkpt>
    <trkpt lat="37.797404" lon="-1.534844"><ele>418.2</ele></trkpt>
    <trkpt lat="37.797485" lon="-1.535038"><ele>419.5</ele></trkpt>
    <trkpt lat="37.798539" lon="-1.536549"><ele>432.2</ele></trkpt>
    <trkpt lat="37.798799" lon="-1.536951"><ele>433.9</ele></trkpt>
    <trkpt lat="37.798985" lon="-1.537591"><ele>434.7</ele></trkpt>
    <trkpt lat="37.799327" lon="-1.538363"><ele>434.9</ele></trkpt>
    <trkpt lat="37.799541" lon="-1.538866"><ele>435.2</ele></trkpt>
    <trkpt lat="37.799755" lon="-1.539155"><ele>435.9</ele></trkpt>
    <trkpt lat="37.800739" lon="-1.539886"><ele>441.1</ele></trkpt>
    <trkpt lat="37.801022" lon="-1.540175"><ele>443</ele></trkpt>
    <trkpt lat="37.801253" lon="-1.540476"><ele>444.8</ele></trkpt>
    <trkpt lat="37.801569" lon="-1.541105"><ele>448.2</ele></trkpt>
    <trkpt lat="37.801832" lon="-1.541497"><ele>450.6</ele></trkpt>
    <trkpt lat="37.801965" lon="-1.54177"><ele>452.1</ele></trkpt>
    <trkpt lat="37.802041" lon="-1.542099"><ele>453.7</ele></trkpt>
    <trkpt lat="37.802049" lon="-1.542401"><ele>455.1</ele></trkpt>
    <trkpt lat="37.802029" lon="-1.542568"><ele>455.9</ele></trkpt>
    <trkpt lat="37.801818" lon="-1.543312"><ele>459.5</ele></trkpt>
    <trkpt lat="37.801648" lon="-1.54373"><ele>461.8</ele></trkpt>
    <trkpt lat="37.801622" lon="-1.54391"><ele>462.8</ele></trkpt>
    <trkpt lat="37.801674" lon="-1.544122"><ele>464</ele></trkpt>
    <trkpt lat="37.801784" lon="-1.544277"><ele>465.2</ele></trkpt>
    <trkpt lat="37.802853" lon="-1.544954"><ele>475</ele></trkpt>
    <trkpt lat="37.803124" lon="-1.545191"><ele>478.1</ele></trkpt>
    <trkpt lat="37.803312" lon="-1.545409"><ele>480.5</ele></trkpt>
    <trkpt lat="37.803362" lon="-1.545502"><ele>481.4</ele></trkpt>
    <trkpt lat="37.803599" lon="-1.546225"><ele>487.5</ele></trkpt>
    <trkpt lat="37.8039" lon="-1.546929"><ele>493.5</ele></trkpt>
    <trkpt lat="37.804241" lon="-1.54798"><ele>500.1</ele></trkpt>
    <trkpt lat="37.804293" lon="-1.548091"><ele>500.7</ele></trkpt>
    <trkpt lat="37.804344" lon="-1.548162"><ele>501.2</ele></trkpt>
    <trkpt lat="37.804432" lon="-1.54822"><ele>501.8</ele></trkpt>
    <trkpt lat="37.804808" lon="-1.548368"><ele>504</ele></trkpt>
    <trkpt lat="37.804862" lon="-1.548417"><ele>504.4</ele></trkpt>
    <trkpt lat="37.8049" lon="-1.548504"><ele>504.8</ele></trkpt>
    <trkpt lat="37.804907" lon="-1.548627"><ele>505.4</ele></trkpt>
    <trkpt lat="37.804859" lon="-1.549134"><ele>507.6</ele></trkpt>
    <trkpt lat="37.804848" lon="-1.549248"><ele>508.1</ele></trkpt>
    <trkpt lat="37.80482" lon="-1.549319"><ele>508.4</ele></trkpt>
    <trkpt lat="37.804778" lon="-1.549363"><ele>508.7</ele></trkpt>
    <trkpt lat="37.80472" lon="-1.549375"><ele>509.1</ele></trkpt>
    <trkpt lat="37.804531" lon="-1.549366"><ele>510.2</ele></trkpt>
    <trkpt lat="37.804385" lon="-1.549442"><ele>511.3</ele></trkpt>
    <trkpt lat="37.804198" lon="-1.549735"><ele>513.5</ele></trkpt>
    <trkpt lat="37.80382" lon="-1.550444"><ele>518.5</ele></trkpt>
    <trkpt lat="37.803797" lon="-1.550484"><ele>518.8</ele></trkpt>
    <trkpt lat="37.803742" lon="-1.550742"><ele>520.4</ele></trkpt>
    <trkpt lat="37.803728" lon="-1.551053"><ele>522.4</ele></trkpt>
    <trkpt lat="37.803913" lon="-1.551562"><ele>526.2</ele></trkpt>
    <trkpt lat="37.80393" lon="-1.55232"><ele>531.6</ele></trkpt>
    <trkpt lat="37.803858" lon="-1.552485"><ele>532.9</ele></trkpt>
    <trkpt lat="37.803482" lon="-1.552864"><ele>536.9</ele></trkpt>
    <trkpt lat="37.803285" lon="-1.553114"><ele>539.2</ele></trkpt>
    <trkpt lat="37.803173" lon="-1.553208"><ele>540.2</ele></trkpt>
    <trkpt lat="37.803025" lon="-1.553285"><ele>541.5</ele></trkpt>
    <trkpt lat="37.802951" lon="-1.553413"><ele>542.5</ele></trkpt>
    <trkpt lat="37.802934" lon="-1.553789"><ele>544.9</ele></trkpt>
    <trkpt lat="37.802963" lon="-1.554365"><ele>548.5</ele></trkpt>
    <trkpt lat="37.803032" lon="-1.554622"><ele>550.1</ele></trkpt>
    <trkpt lat="37.803015" lon="-1.554728"><ele>550.8</ele></trkpt>
    <trkpt lat="37.802972" lon="-1.554807"><ele>551.4</ele></trkpt>
    <trkpt lat="37.802613" lon="-1.555113"><ele>554.8</ele></trkpt>
    <trkpt lat="37.80247" lon="-1.555422"><ele>556.9</ele></trkpt>
    <trkpt lat="37.802412" lon="-1.555504"><ele>557.6</ele></trkpt>
    <trkpt lat="37.802282" lon="-1.555593"><ele>558.7</ele></trkpt>
    <trkpt lat="37.802131" lon="-1.555613"><ele>559.9</ele></trkpt>
    <trkpt lat="37.802047" lon="-1.555589"><ele>560.5</ele></trkpt>
    <trkpt lat="37.801724" lon="-1.555238"><ele>563.5</ele></trkpt>
    <trkpt lat="37.801584" lon="-1.555184"><ele>564.4</ele></trkpt>
    <trkpt lat="37.801506" lon="-1.555213"><ele>564.9</ele></trkpt>
    <trkpt lat="37.801443" lon="-1.555277"><ele>565.4</ele></trkpt>
    <trkpt lat="37.801391" lon="-1.555397"><ele>566</ele></trkpt>
    <trkpt lat="37.801367" lon="-1.555522"><ele>566.6</ele></trkpt>
    <trkpt lat="37.801356" lon="-1.555673"><ele>567.3</ele></trkpt>
    <trkpt lat="37.801397" lon="-1.556223"><ele>569.9</ele></trkpt>
    <trkpt lat="37.801361" lon="-1.556313"><ele>570.3</ele></trkpt>
    <trkpt lat="37.801292" lon="-1.556397"><ele>570.9</ele></trkpt>
    <trkpt lat="37.800932" lon="-1.556559"><ele>572.8</ele></trkpt>
    <trkpt lat="37.80073" lon="-1.556669"><ele>573.9</ele></trkpt>
    <trkpt lat="37.800631" lon="-1.556743"><ele>574.4</ele></trkpt>
    <trkpt lat="37.800222" lon="-1.557292"><ele>577.7</ele></trkpt>
    <trkpt lat="37.800088" lon="-1.557596"><ele>579.4</ele></trkpt>
    <trkpt lat="37.800033" lon="-1.557721"><ele>580.1</ele></trkpt>
    <trkpt lat="37.799931" lon="-1.55781"><ele>580.9</ele></trkpt>
    <trkpt lat="37.799853" lon="-1.557831"><ele>581.5</ele></trkpt>
    <trkpt lat="37.799475" lon="-1.557819"><ele>583.9</ele></trkpt>
    <trkpt lat="37.799116" lon="-1.557954"><ele>586.2</ele></trkpt>
    <trkpt lat="37.798829" lon="-1.558082"><ele>587.8</ele></trkpt>
    <trkpt lat="37.798568" lon="-1.558239"><ele>588.8</ele></trkpt>
    <trkpt lat="37.798513" lon="-1.558272"><ele>589</ele></trkpt>
    <trkpt lat="37.798401" lon="-1.558398"><ele>589.3</ele></trkpt>
    <trkpt lat="37.798405" lon="-1.558435"><ele>589.4</ele></trkpt>
    <trkpt lat="37.798383" lon="-1.5585"><ele>589.4</ele></trkpt>
    <trkpt lat="37.798299" lon="-1.558528"><ele>589.6</ele></trkpt>
    <trkpt lat="37.798115" lon="-1.558782"><ele>589.7</ele></trkpt>
    <trkpt lat="37.798001" lon="-1.559018"><ele>589.7</ele></trkpt>
    <trkpt lat="37.797763" lon="-1.559765"><ele>588.9</ele></trkpt>
    <trkpt lat="37.797604" lon="-1.560018"><ele>588.6</ele></trkpt>
    <trkpt lat="37.79719" lon="-1.560314"><ele>588</ele></trkpt>
    <trkpt lat="37.796996" lon="-1.560412"><ele>587.9</ele></trkpt>
    <trkpt lat="37.796514" lon="-1.560493"><ele>588.3</ele></trkpt>
    <trkpt lat="37.796429" lon="-1.560538"><ele>588.4</ele></trkpt>
    <trkpt lat="37.796286" lon="-1.560693"><ele>588.9</ele></trkpt>
    <trkpt lat="37.796216" lon="-1.560906"><ele>589.4</ele></trkpt>
    <trkpt lat="37.796236" lon="-1.561171"><ele>590.3</ele></trkpt>
    <trkpt lat="37.796294" lon="-1.561346"><ele>591</ele></trkpt>
    <trkpt lat="37.796468" lon="-1.561697"><ele>593</ele></trkpt>
    <trkpt lat="37.796577" lon="-1.561837"><ele>594.1</ele></trkpt>
    <trkpt lat="37.796717" lon="-1.56198"><ele>595.5</ele></trkpt>
    <trkpt lat="37.796963" lon="-1.562114"><ele>597.6</ele></trkpt>
    <trkpt lat="37.797407" lon="-1.562197"><ele>601.1</ele></trkpt>
    <trkpt lat="37.797641" lon="-1.56228"><ele>602.5</ele></trkpt>
    <trkpt lat="37.797738" lon="-1.562396"><ele>603.2</ele></trkpt>
    <trkpt lat="37.797772" lon="-1.562512"><ele>603.5</ele></trkpt>
    <trkpt lat="37.797762" lon="-1.562619"><ele>603.8</ele></trkpt>
    <trkpt lat="37.7977" lon="-1.562746"><ele>604.2</ele></trkpt>
    <trkpt lat="37.797579" lon="-1.56283"><ele>604.6</ele></trkpt>
    <trkpt lat="37.796963" lon="-1.562809"><ele>605.9</ele></trkpt>
    <trkpt lat="37.796868" lon="-1.56284"><ele>606.1</ele></trkpt>
    <trkpt lat="37.796609" lon="-1.562994"><ele>607</ele></trkpt>
    <trkpt lat="37.796359" lon="-1.563007"><ele>607.9</ele></trkpt>
    <trkpt lat="37.796141" lon="-1.563142"><ele>609.1</ele></trkpt>
    <trkpt lat="37.796085" lon="-1.563233"><ele>609.7</ele></trkpt>
    <trkpt lat="37.796056" lon="-1.563348"><ele>610.3</ele></trkpt>
    <trkpt lat="37.796121" lon="-1.563596"><ele>611.7</ele></trkpt>
    <trkpt lat="37.796343" lon="-1.563981"><ele>614.5</ele></trkpt>
    <trkpt lat="37.796346" lon="-1.563999"><ele>614.6</ele></trkpt>
    <trkpt lat="37.796367" lon="-1.564145"><ele>615.4</ele></trkpt>
    <trkpt lat="37.796309" lon="-1.564236"><ele>616.1</ele></trkpt>
    <trkpt lat="37.79624" lon="-1.564242"><ele>616.5</ele></trkpt>
    <trkpt lat="37.795882" lon="-1.56413"><ele>618.5</ele></trkpt>
    <trkpt lat="37.795786" lon="-1.564123"><ele>619</ele></trkpt>
    <trkpt lat="37.79564" lon="-1.564196"><ele>619.6</ele></trkpt>
    <trkpt lat="37.795449" lon="-1.564349"><ele>620.2</ele></trkpt>
    <trkpt lat="37.795366" lon="-1.564341"><ele>620.4</ele></trkpt>
    <trkpt lat="37.795287" lon="-1.564293"><ele>620.6</ele></trkpt>
    <trkpt lat="37.79514" lon="-1.564127"><ele>621</ele></trkpt>
    <trkpt lat="37.795045" lon="-1.564063"><ele>621.2</ele></trkpt>
    <trkpt lat="37.794739" lon="-1.564009"><ele>621.8</ele></trkpt>
    <trkpt lat="37.794562" lon="-1.564066"><ele>622</ele></trkpt>
    <trkpt lat="37.794353" lon="-1.564238"><ele>622</ele></trkpt>
    <trkpt lat="37.794247" lon="-1.564373"><ele>622</ele></trkpt>
    <trkpt lat="37.794238" lon="-1.564434"><ele>621.9</ele></trkpt>
    <trkpt lat="37.794244" lon="-1.564552"><ele>621.8</ele></trkpt>
    <trkpt lat="37.794278" lon="-1.564648"><ele>621.7</ele></trkpt>
    <trkpt lat="37.794444" lon="-1.565007"><ele>620.9</ele></trkpt>
    <trkpt lat="37.794748" lon="-1.565666"><ele>618.4</ele></trkpt>
    <trkpt lat="37.79512" lon="-1.566259"><ele>614</ele></trkpt>
    <trkpt lat="37.795347" lon="-1.566531"><ele>611.4</ele></trkpt>
    <trkpt lat="37.795407" lon="-1.566594"><ele>610.8</ele></trkpt>
    <trkpt lat="37.795517" lon="-1.566655"><ele>609.8</ele></trkpt>
    <trkpt lat="37.795665" lon="-1.56669"><ele>608.5</ele></trkpt>
    <trkpt lat="37.795998" lon="-1.566607"><ele>605.5</ele></trkpt>
    <trkpt lat="37.796093" lon="-1.566647"><ele>604.6</ele></trkpt>
    <trkpt lat="37.796263" lon="-1.566834"><ele>602.6</ele></trkpt>
    <trkpt lat="37.796388" lon="-1.56703"><ele>600.9</ele></trkpt>
    <trkpt lat="37.796455" lon="-1.567214"><ele>599.6</ele></trkpt>
    <trkpt lat="37.796476" lon="-1.56744"><ele>598.2</ele></trkpt>
    <trkpt lat="37.796535" lon="-1.567575"><ele>597.3</ele></trkpt>
    <trkpt lat="37.796854" lon="-1.567993"><ele>594.1</ele></trkpt>
    <trkpt lat="37.796959" lon="-1.568079"><ele>593.4</ele></trkpt>
    <trkpt lat="37.79707" lon="-1.56813"><ele>592.7</ele></trkpt>
    <trkpt lat="37.797316" lon="-1.568155"><ele>591.4</ele></trkpt>
    <trkpt lat="37.797401" lon="-1.568183"><ele>591</ele></trkpt>
    <trkpt lat="37.797463" lon="-1.568253"><ele>590.7</ele></trkpt>
    <trkpt lat="37.797505" lon="-1.568346"><ele>590.3</ele></trkpt>
    <trkpt lat="37.797571" lon="-1.568678"><ele>589.3</ele></trkpt>
    <trkpt lat="37.797649" lon="-1.568937"><ele>588.6</ele></trkpt>
    <trkpt lat="37.797635" lon="-1.569082"><ele>588.4</ele></trkpt>
    <trkpt lat="37.797558" lon="-1.569215"><ele>588.1</ele></trkpt>
    <trkpt lat="37.797484" lon="-1.569273"><ele>588</ele></trkpt>
    <trkpt lat="37.79697" lon="-1.569467"><ele>587.2</ele></trkpt>
    <trkpt lat="37.796867" lon="-1.569579"><ele>587</ele></trkpt>
    <trkpt lat="37.796838" lon="-1.569671"><ele>586.9</ele></trkpt>
    <trkpt lat="37.79687" lon="-1.569824"><ele>586.8</ele></trkpt>
    <trkpt lat="37.79695" lon="-1.570036"><ele>586.7</ele></trkpt>
    <trkpt lat="37.79697" lon="-1.570203"><ele>586.8</ele></trkpt>
    <trkpt lat="37.796929" lon="-1.570475"><ele>587.1</ele></trkpt>
    <trkpt lat="37.796806" lon="-1.570869"><ele>587.9</ele></trkpt>
    <trkpt lat="37.796788" lon="-1.570998"><ele>588.2</ele></trkpt>
    <trkpt lat="37.796807" lon="-1.57123"><ele>588.9</ele></trkpt>
    <trkpt lat="37.796859" lon="-1.571419"><ele>589.4</ele></trkpt>
    <trkpt lat="37.797116" lon="-1.572076"><ele>592.3</ele></trkpt>
    <trkpt lat="37.797227" lon="-1.572545"><ele>594.6</ele></trkpt>
    <trkpt lat="37.797296" lon="-1.572706"><ele>595.4</ele></trkpt>
    <trkpt lat="37.797358" lon="-1.572788"><ele>595.9</ele></trkpt>
    <trkpt lat="37.797454" lon="-1.572825"><ele>596.4</ele></trkpt>
    <trkpt lat="37.797551" lon="-1.572819"><ele>596.9</ele></trkpt>
    <trkpt lat="37.797774" lon="-1.572727"><ele>598.2</ele></trkpt>
    <trkpt lat="37.797857" lon="-1.572727"><ele>598.6</ele></trkpt>
    <trkpt lat="37.797897" lon="-1.572757"><ele>598.9</ele></trkpt>
    <trkpt lat="37.797942" lon="-1.572862"><ele>599.3</ele></trkpt>
    <trkpt lat="37.797939" lon="-1.572957"><ele>599.6</ele></trkpt>
    <trkpt lat="37.797887" lon="-1.573052"><ele>600</ele></trkpt>
    <trkpt lat="37.797723" lon="-1.573209"><ele>600.8</ele></trkpt>
    <trkpt lat="37.797561" lon="-1.573412"><ele>601.5</ele></trkpt>
    <trkpt lat="37.797514" lon="-1.573537"><ele>601.7</ele></trkpt>
    <trkpt lat="37.797527" lon="-1.573563"><ele>601.8</ele></trkpt>
    <trkpt lat="37.797535" lon="-1.573652"><ele>601.9</ele></trkpt>
    <trkpt lat="37.79772" lon="-1.573965"><ele>602.2</ele></trkpt>
    <trkpt lat="37.798182" lon="-1.574388"><ele>602.4</ele></trkpt>
    <trkpt lat="37.798753" lon="-1.574898"><ele>601.4</ele></trkpt>
    <trkpt lat="37.798753" lon="-1.574898"><ele>601.3</ele></trkpt>
    <trkpt lat="37.798753" lon="-1.574898"><ele>601.3</ele></trkpt>
    <trkpt lat="37.798812" lon="-1.575084"><ele>601</ele></trkpt>
    <trkpt lat="37.798812" lon="-1.575084"><ele>601</ele></trkpt>
    <trkpt lat="37.798807" lon="-1.575128"><ele>600.9</ele></trkpt>
    <trkpt lat="37.798807" lon="-1.575128"><ele>600.9</ele></trkpt>
    <trkpt lat="37.798748" lon="-1.575295"><ele>600.6</ele></trkpt>
    <trkpt lat="37.798624" lon="-1.575404"><ele>600.2</ele></trkpt>
    <trkpt lat="37.798609" lon="-1.575417"><ele>600.2</ele></trkpt>
    <trkpt lat="37.798392" lon="-1.575605"><ele>599.4</ele></trkpt>
    <trkpt lat="37.797689" lon="-1.576315"><ele>595.7</ele></trkpt>
    <trkpt lat="37.796913" lon="-1.57726"><ele>592.7</ele></trkpt>
    <trkpt lat="37.796543" lon="-1.577814"><ele>591.3</ele></trkpt>
    <trkpt lat="37.796162" lon="-1.578461"><ele>589.3</ele></trkpt>
    <trkpt lat="37.795758" lon="-1.579255"><ele>584.2</ele></trkpt>
    <trkpt lat="37.795477" lon="-1.579924"><ele>578.3</ele></trkpt>
    <trkpt lat="37.795375" lon="-1.580166"><ele>576.4</ele></trkpt>
    <trkpt lat="37.795373" lon="-1.580172"><ele>576.3</ele></trkpt>
    <trkpt lat="37.79523" lon="-1.580665"><ele>573.2</ele></trkpt>
    <trkpt lat="37.795161" lon="-1.581026"><ele>571.5</ele></trkpt>
    <trkpt lat="37.79483" lon="-1.583001"><ele>569.5</ele></trkpt>
    <trkpt lat="37.794648" lon="-1.583729"><ele>569</ele></trkpt>
    <trkpt lat="37.794435" lon="-1.584462"><ele>568.5</ele></trkpt>
    <trkpt lat="37.793904" lon="-1.585818"><ele>570.3</ele></trkpt>
    <trkpt lat="37.793504" lon="-1.586594"><ele>574.8</ele></trkpt>
    <trkpt lat="37.793122" lon="-1.587237"><ele>579.6</ele></trkpt>
    <trkpt lat="37.792791" lon="-1.587709"><ele>582.3</ele></trkpt>
    <trkpt lat="37.792495" lon="-1.588128"><ele>583.5</ele></trkpt>
    <trkpt lat="37.791421" lon="-1.589406"><ele>579.5</ele></trkpt>
    <trkpt lat="37.791146" lon="-1.589819"><ele>577.6</ele></trkpt>
    <trkpt lat="37.79052" lon="-1.591077"><ele>572.7</ele></trkpt>
    <trkpt lat="37.78969" lon="-1.592886"><ele>567</ele></trkpt>
    <trkpt lat="37.789483" lon="-1.593384"><ele>565.3</ele></trkpt>
    <trkpt lat="37.78935" lon="-1.593958"><ele>563.3</ele></trkpt>
    <trkpt lat="37.789176" lon="-1.595425"><ele>557.3</ele></trkpt>
    <trkpt lat="37.789047" lon="-1.596072"><ele>555.3</ele></trkpt>
    <trkpt lat="37.788713" lon="-1.596859"><ele>555.1</ele></trkpt>
    <trkpt lat="37.788532" lon="-1.597112"><ele>555.6</ele></trkpt>
    <trkpt lat="37.788269" lon="-1.597382"><ele>556.4</ele></trkpt>
    <trkpt lat="37.787957" lon="-1.597611"><ele>557.6</ele></trkpt>
    <trkpt lat="37.787525" lon="-1.597771"><ele>559.1</ele></trkpt>
    <trkpt lat="37.786696" lon="-1.597902"><ele>559.3</ele></trkpt>
    <trkpt lat="37.786135" lon="-1.598029"><ele>558.2</ele></trkpt>
    <trkpt lat="37.785864" lon="-1.598124"><ele>557.4</ele></trkpt>
    <trkpt lat="37.785602" lon="-1.598258"><ele>556.4</ele></trkpt>
    <trkpt lat="37.785178" lon="-1.598582"><ele>554.5</ele></trkpt>
    <trkpt lat="37.784849" lon="-1.598999"><ele>552.6</ele></trkpt>
    <trkpt lat="37.783467" lon="-1.601128"><ele>544.7</ele></trkpt>
    <trkpt lat="37.783177" lon="-1.601702"><ele>542.7</ele></trkpt>
    <trkpt lat="37.782954" lon="-1.602273"><ele>541.3</ele></trkpt>
    <trkpt lat="37.782871" lon="-1.602564"><ele>540.8</ele></trkpt>
    <trkpt lat="37.782716" lon="-1.603277"><ele>540.5</ele></trkpt>
    <trkpt lat="37.782676" lon="-1.603665"><ele>540.8</ele></trkpt>
    <trkpt lat="37.782638" lon="-1.604668"><ele>542.5</ele></trkpt>
    <trkpt lat="37.782623" lon="-1.605727"><ele>543.5</ele></trkpt>
    <trkpt lat="37.782619" lon="-1.606966"><ele>542.7</ele></trkpt>
    <trkpt lat="37.782662" lon="-1.608009"><ele>542.3</ele></trkpt>
    <trkpt lat="37.782757" lon="-1.609284"><ele>544.2</ele></trkpt>
    <trkpt lat="37.782966" lon="-1.610817"><ele>549.2</ele></trkpt>
    <trkpt lat="37.783265" lon="-1.612428"><ele>554.9</ele></trkpt>
    <trkpt lat="37.783317" lon="-1.612646"><ele>555.6</ele></trkpt>
    <trkpt lat="37.784217" lon="-1.616469"><ele>566.8</ele></trkpt>
    <trkpt lat="37.784681" lon="-1.618399"><ele>571.7</ele></trkpt>
    <trkpt lat="37.78483" lon="-1.618937"><ele>572.3</ele></trkpt>
    <trkpt lat="37.784854" lon="-1.61902"><ele>572.4</ele></trkpt>
    <trkpt lat="37.785092" lon="-1.619848"><ele>572.8</ele></trkpt>
    <trkpt lat="37.785427" lon="-1.620961"><ele>573.6</ele></trkpt>
    <trkpt lat="37.785503" lon="-1.621343"><ele>574.3</ele></trkpt>
    <trkpt lat="37.785579" lon="-1.622048"><ele>576</ele></trkpt>
    <trkpt lat="37.785575" lon="-1.62244"><ele>577.2</ele></trkpt>
    <trkpt lat="37.785519" lon="-1.623005"><ele>579.1</ele></trkpt>
    <trkpt lat="37.785359" lon="-1.623707"><ele>581.6</ele></trkpt>
    <trkpt lat="37.785223" lon="-1.624113"><ele>583</ele></trkpt>
    <trkpt lat="37.78508" lon="-1.624447"><ele>584.2</ele></trkpt>
    <trkpt lat="37.784919" lon="-1.624751"><ele>585.2</ele></trkpt>
    <trkpt lat="37.784374" lon="-1.625583"><ele>587.9</ele></trkpt>
    <trkpt lat="37.783242" lon="-1.627312"><ele>591.6</ele></trkpt>
    <trkpt lat="37.782516" lon="-1.628483"><ele>592.2</ele></trkpt>
    <trkpt lat="37.782265" lon="-1.629031"><ele>592.5</ele></trkpt>
    <trkpt lat="37.782009" lon="-1.629745"><ele>593.2</ele></trkpt>
    <trkpt lat="37.781918" lon="-1.630034"><ele>593.6</ele></trkpt>
    <trkpt lat="37.781765" lon="-1.630758"><ele>594.6</ele></trkpt>
    <trkpt lat="37.781657" lon="-1.631712"><ele>596.1</ele></trkpt>
    <trkpt lat="37.781669" lon="-1.63255"><ele>597.4</ele></trkpt>
    <trkpt lat="37.781704" lon="-1.63301"><ele>598</ele></trkpt>
    <trkpt lat="37.781841" lon="-1.633804"><ele>598.5</ele></trkpt>
    <trkpt lat="37.782058" lon="-1.634627"><ele>597.8</ele></trkpt>
    <trkpt lat="37.78239" lon="-1.635562"><ele>595.6</ele></trkpt>
    <trkpt lat="37.78246" lon="-1.63575"><ele>595</ele></trkpt>
    <trkpt lat="37.783006" lon="-1.637283"><ele>590.3</ele></trkpt>
    <trkpt lat="37.783116" lon="-1.637776"><ele>589.3</ele></trkpt>
    <trkpt lat="37.783156" lon="-1.638283"><ele>588.6</ele></trkpt>
    <trkpt lat="37.783158" lon="-1.638332"><ele>588.6</ele></trkpt>
    <trkpt lat="37.783142" lon="-1.638838"><ele>588.1</ele></trkpt>
    <trkpt lat="37.783061" lon="-1.639359"><ele>587.6</ele></trkpt>
    <trkpt lat="37.782816" lon="-1.640151"><ele>586.6</ele></trkpt>
    <trkpt lat="37.782082" lon="-1.642292"><ele>582.3</ele></trkpt>
    <trkpt lat="37.781958" lon="-1.642738"><ele>581.5</ele></trkpt>
    <trkpt lat="37.781894" lon="-1.642989"><ele>581</ele></trkpt>
    <trkpt lat="37.781772" lon="-1.643584"><ele>580</ele></trkpt>
    <trkpt lat="37.781668" lon="-1.644496"><ele>578.5</ele></trkpt>
    <trkpt lat="37.781664" lon="-1.644714"><ele>578.2</ele></trkpt>
    <trkpt lat="37.781659" lon="-1.645671"><ele>576.9</ele></trkpt>
    <trkpt lat="37.78168" lon="-1.646405"><ele>575.8</ele></trkpt>
    <trkpt lat="37.781745" lon="-1.648541"><ele>571</ele></trkpt>
    <trkpt lat="37.781844" lon="-1.652185"><ele>562.2</ele></trkpt>
    <trkpt lat="37.781906" lon="-1.653517"><ele>560.6</ele></trkpt>
    <trkpt lat="37.781995" lon="-1.654106"><ele>560.3</ele></trkpt>
    <trkpt lat="37.782002" lon="-1.65415"><ele>560.3</ele></trkpt>
    <trkpt lat="37.782112" lon="-1.654563"><ele>560.1</ele></trkpt>
    <trkpt lat="37.782251" lon="-1.654963"><ele>560.1</ele></trkpt>
    <trkpt lat="37.782456" lon="-1.655401"><ele>560</ele></trkpt>
    <trkpt lat="37.782674" lon="-1.655795"><ele>560</ele></trkpt>
    <trkpt lat="37.783069" lon="-1.656424"><ele>559.4</ele></trkpt>
    <trkpt lat="37.783225" lon="-1.656701"><ele>559.1</ele></trkpt>
    <trkpt lat="37.783429" lon="-1.657163"><ele>558.8</ele></trkpt>
    <trkpt lat="37.78356" lon="-1.657566"><ele>558.7</ele></trkpt>
    <trkpt lat="37.783652" lon="-1.658083"><ele>558.7</ele></trkpt>
    <trkpt lat="37.783679" lon="-1.658496"><ele>558.8</ele></trkpt>
    <trkpt lat="37.783671" lon="-1.658722"><ele>558.9</ele></trkpt>
    <trkpt lat="37.78363" lon="-1.659199"><ele>559.5</ele></trkpt>
    <trkpt lat="37.783568" lon="-1.659511"><ele>559.9</ele></trkpt>
    <trkpt lat="37.783465" lon="-1.65985"><ele>560.4</ele></trkpt>
    <trkpt lat="37.783268" lon="-1.660296"><ele>561</ele></trkpt>
    <trkpt lat="37.782816" lon="-1.661143"><ele>561.8</ele></trkpt>
    <trkpt lat="37.782702" lon="-1.661432"><ele>561.9</ele></trkpt>
    <trkpt lat="37.782576" lon="-1.661865"><ele>561.7</ele></trkpt>
    <trkpt lat="37.782517" lon="-1.662196"><ele>561.5</ele></trkpt>
    <trkpt lat="37.782483" lon="-1.662659"><ele>561.1</ele></trkpt>
    <trkpt lat="37.782505" lon="-1.663167"><ele>560.5</ele></trkpt>
    <trkpt lat="37.782581" lon="-1.663734"><ele>559.8</ele></trkpt>
    <trkpt lat="37.782926" lon="-1.665647"><ele>557.7</ele></trkpt>
    <trkpt lat="37.782994" lon="-1.666034"><ele>557.3</ele></trkpt>
    <trkpt lat="37.78346" lon="-1.668502"><ele>555.5</ele></trkpt>
    <trkpt lat="37.7836" lon="-1.669075"><ele>555.9</ele></trkpt>
    <trkpt lat="37.78377" lon="-1.669503"><ele>556.4</ele></trkpt>
    <trkpt lat="37.784042" lon="-1.669996"><ele>557.2</ele></trkpt>
    <trkpt lat="37.784199" lon="-1.670191"><ele>557.6</ele></trkpt>
    <trkpt lat="37.784405" lon="-1.670444"><ele>558</ele></trkpt>
    <trkpt lat="37.785006" lon="-1.670899"><ele>558.5</ele></trkpt>
    <trkpt lat="37.785387" lon="-1.671074"><ele>558.3</ele></trkpt>
    <trkpt lat="37.786153" lon="-1.671272"><ele>556.9</ele></trkpt>
    <trkpt lat="37.786586" lon="-1.67142"><ele>555.7</ele></trkpt>
    <trkpt lat="37.78697" lon="-1.671607"><ele>554.3</ele></trkpt>
    <trkpt lat="37.787335" lon="-1.671908"><ele>552.5</ele></trkpt>
    <trkpt lat="37.787655" lon="-1.672258"><ele>550.7</ele></trkpt>
    <trkpt lat="37.787928" lon="-1.672689"><ele>548.7</ele></trkpt>
    <trkpt lat="37.788082" lon="-1.672996"><ele>547.5</ele></trkpt>
    <trkpt lat="37.788287" lon="-1.673588"><ele>546</ele></trkpt>
    <trkpt lat="37.788356" lon="-1.673876"><ele>545.5</ele></trkpt>
    <trkpt lat="37.788399" lon="-1.67424"><ele>545.2</ele></trkpt>
    <trkpt lat="37.788426" lon="-1.674523"><ele>545.1</ele></trkpt>
    <trkpt lat="37.788467" lon="-1.675969"><ele>544.9</ele></trkpt>
    <trkpt lat="37.788426" lon="-1.676711"><ele>543.7</ele></trkpt>
    <trkpt lat="37.788356" lon="-1.677378"><ele>542.1</ele></trkpt>
    <trkpt lat="37.78821" lon="-1.678127"><ele>540.5</ele></trkpt>
    <trkpt lat="37.78808" lon="-1.678673"><ele>539.7</ele></trkpt>
    <trkpt lat="37.78755" lon="-1.68058"><ele>539.5</ele></trkpt>
    <trkpt lat="37.787404" lon="-1.68129"><ele>539.8</ele></trkpt>
    <trkpt lat="37.787396" lon="-1.68134"><ele>539.8</ele></trkpt>
    <trkpt lat="37.787352" lon="-1.681645"><ele>540</ele></trkpt>
    <trkpt lat="37.787319" lon="-1.682601"><ele>540.6</ele></trkpt>
    <trkpt lat="37.787376" lon="-1.68336"><ele>541.4</ele></trkpt>
    <trkpt lat="37.787467" lon="-1.683898"><ele>542</ele></trkpt>
    <trkpt lat="37.787631" lon="-1.684497"><ele>542.9</ele></trkpt>
    <trkpt lat="37.788259" lon="-1.68628"><ele>545.4</ele></trkpt>
    <trkpt lat="37.789029" lon="-1.68845"><ele>546.2</ele></trkpt>
    <trkpt lat="37.789135" lon="-1.688794"><ele>546</ele></trkpt>
    <trkpt lat="37.789237" lon="-1.68928"><ele>545.4</ele></trkpt>
    <trkpt lat="37.789254" lon="-1.689953"><ele>544.5</ele></trkpt>
    <trkpt lat="37.789141" lon="-1.692299"><ele>541.3</ele></trkpt>
    <trkpt lat="37.789141" lon="-1.692299"><ele>541.3</ele></trkpt>
    <trkpt lat="37.789093" lon="-1.692579"><ele>541</ele></trkpt>
    <trkpt lat="37.789093" lon="-1.692579"><ele>541</ele></trkpt>
    <trkpt lat="37.788958" lon="-1.692791"><ele>540.6</ele></trkpt>
    <trkpt lat="37.788958" lon="-1.692791"><ele>540.5</ele></trkpt>
    <trkpt lat="37.788958" lon="-1.692791"><ele>540.5</ele></trkpt>
    <trkpt lat="37.788704" lon="-1.692976"><ele>540</ele></trkpt>
    <trkpt lat="37.787864" lon="-1.693139"><ele>537.6</ele></trkpt>
    <trkpt lat="37.787235" lon="-1.693331"><ele>535.4</ele></trkpt>
    <trkpt lat="37.786973" lon="-1.693485"><ele>534.5</ele></trkpt>
    <trkpt lat="37.786048" lon="-1.694197"><ele>532.1</ele></trkpt>
    <trkpt lat="37.785611" lon="-1.69449"><ele>531.3</ele></trkpt>
    <trkpt lat="37.784322" lon="-1.695208"><ele>528.9</ele></trkpt>
    <trkpt lat="37.784109" lon="-1.695273"><ele>528.5</ele></trkpt>
    <trkpt lat="37.781371" lon="-1.695474"><ele>523.3</ele></trkpt>
    <trkpt lat="37.781133" lon="-1.695543"><ele>522.9</ele></trkpt>
    <trkpt lat="37.780868" lon="-1.695658"><ele>522.5</ele></trkpt>
    <trkpt lat="37.780392" lon="-1.695914"><ele>522</ele></trkpt>
    <trkpt lat="37.777732" lon="-1.698052"><ele>521.3</ele></trkpt>
    <trkpt lat="37.777482" lon="-1.698193"><ele>521.2</ele></trkpt>
    <trkpt lat="37.777249" lon="-1.698278"><ele>521.1</ele></trkpt>
    <trkpt lat="37.776225" lon="-1.698511"><ele>520.2</ele></trkpt>
    <trkpt lat="37.774771" lon="-1.698822"><ele>518.5</ele></trkpt>
    <trkpt lat="37.773842" lon="-1.698838"><ele>517.7</ele></trkpt>
    <trkpt lat="37.773008" lon="-1.699086"><ele>516.5</ele></trkpt>
    <trkpt lat="37.771939" lon="-1.69914"><ele>513.2</ele></trkpt>
    <trkpt lat="37.771602" lon="-1.699194"><ele>511.8</ele></trkpt>
    <trkpt lat="37.77087" lon="-1.699412"><ele>508.8</ele></trkpt>
    <trkpt lat="37.770209" lon="-1.699613"><ele>506.4</ele></trkpt>
    <trkpt lat="37.769706" lon="-1.699688"><ele>505.2</ele></trkpt>
    <trkpt lat="37.768634" lon="-1.699772"><ele>503.2</ele></trkpt>
    <trkpt lat="37.768247" lon="-1.699764"><ele>502.6</ele></trkpt>
    <trkpt lat="37.766142" lon="-1.699409"><ele>499.5</ele></trkpt>
    <trkpt lat="37.765888" lon="-1.699366"><ele>499</ele></trkpt>
    <trkpt lat="37.765175" lon="-1.699342"><ele>497.7</ele></trkpt>
    <trkpt lat="37.760486" lon="-1.699501"><ele>489.5</ele></trkpt>
    <trkpt lat="37.760375" lon="-1.699497"><ele>489.2</ele></trkpt>
    <trkpt lat="37.760028" lon="-1.699469"><ele>488.5</ele></trkpt>
    <trkpt lat="37.757409" lon="-1.698924"><ele>482.6</ele></trkpt>
    <trkpt lat="37.757122" lon="-1.698909"><ele>481.8</ele></trkpt>
    <trkpt lat="37.755603" lon="-1.699059"><ele>477.5</ele></trkpt>
    <trkpt lat="37.755386" lon="-1.699088"><ele>477</ele></trkpt>
    <trkpt lat="37.755223" lon="-1.699147"><ele>476.6</ele></trkpt>
    <trkpt lat="37.755058" lon="-1.699267"><ele>476.1</ele></trkpt>
    <trkpt lat="37.754185" lon="-1.700061"><ele>474.4</ele></trkpt>
    <trkpt lat="37.754026" lon="-1.700142"><ele>474.3</ele></trkpt>
    <trkpt lat="37.753863" lon="-1.700175"><ele>474.2</ele></trkpt>
    <trkpt lat="37.753649" lon="-1.700146"><ele>474</ele></trkpt>
    <trkpt lat="37.750581" lon="-1.699377"><ele>471.9</ele></trkpt>
    <trkpt lat="37.748686" lon="-1.698888"><ele>469.8</ele></trkpt>
    <trkpt lat="37.746653" lon="-1.698091"><ele>463</ele></trkpt>
    <trkpt lat="37.746206" lon="-1.697938"><ele>461.4</ele></trkpt>
    <trkpt lat="37.745962" lon="-1.69793"><ele>460.5</ele></trkpt>
    <trkpt lat="37.74517" lon="-1.698055"><ele>457.5</ele></trkpt>
    <trkpt lat="37.743957" lon="-1.69825"><ele>451.9</ele></trkpt>
    <trkpt lat="37.743736" lon="-1.69826"><ele>450.7</ele></trkpt>
    <trkpt lat="37.743435" lon="-1.698195"><ele>449</ele></trkpt>
    <trkpt lat="37.743082" lon="-1.698057"><ele>446.9</ele></trkpt>
    <trkpt lat="37.742522" lon="-1.697699"><ele>442.8</ele></trkpt>
    <trkpt lat="37.742235" lon="-1.697478"><ele>440.6</ele></trkpt>
    <trkpt lat="37.742025" lon="-1.697367"><ele>439.1</ele></trkpt>
    <trkpt lat="37.74181" lon="-1.69734"><ele>437.7</ele></trkpt>
    <trkpt lat="37.741327" lon="-1.697427"><ele>434.9</ele></trkpt>
    <trkpt lat="37.740984" lon="-1.697505"><ele>433.3</ele></trkpt>
    <trkpt lat="37.740619" lon="-1.697679"><ele>432</ele></trkpt>
    <trkpt lat="37.740409" lon="-1.697846"><ele>431.4</ele></trkpt>
    <trkpt lat="37.740325" lon="-1.697911"><ele>431.3</ele></trkpt>
    <trkpt lat="37.739899" lon="-1.698082"><ele>431.2</ele></trkpt>
    <trkpt lat="37.739511" lon="-1.698158"><ele>431.8</ele></trkpt>
    <trkpt lat="37.739103" lon="-1.698175"><ele>432.8</ele></trkpt>
    <trkpt lat="37.738977" lon="-1.698181"><ele>433.1</ele></trkpt>
    <trkpt lat="37.738624" lon="-1.698193"><ele>434.2</ele></trkpt>
    <trkpt lat="37.738398" lon="-1.698242"><ele>434.8</ele></trkpt>
    <trkpt lat="37.737908" lon="-1.698477"><ele>435.4</ele></trkpt>
    <trkpt lat="37.737716" lon="-1.698666"><ele>435.3</ele></trkpt>
    <trkpt lat="37.737338" lon="-1.699123"><ele>435.4</ele></trkpt>
    <trkpt lat="37.737145" lon="-1.699304"><ele>435.5</ele></trkpt>
    <trkpt lat="37.737007" lon="-1.699386"><ele>435.5</ele></trkpt>
    <trkpt lat="37.736838" lon="-1.699479"><ele>435.7</ele></trkpt>
    <trkpt lat="37.736701" lon="-1.699555"><ele>435.8</ele></trkpt>
    <trkpt lat="37.736182" lon="-1.699841"><ele>436.8</ele></trkpt>
    <trkpt lat="37.735866" lon="-1.700018"><ele>437.7</ele></trkpt>
    <trkpt lat="37.735428" lon="-1.700165"><ele>438.5</ele></trkpt>
    <trkpt lat="37.734464" lon="-1.700428"><ele>438.1</ele></trkpt>
    <trkpt lat="37.733961" lon="-1.70048"><ele>437.5</ele></trkpt>
    <trkpt lat="37.733791" lon="-1.700487"><ele>437.3</ele></trkpt>
    <trkpt lat="37.733538" lon="-1.70051"><ele>437.1</ele></trkpt>
    <trkpt lat="37.733078" lon="-1.700676"><ele>437</ele></trkpt>
    <trkpt lat="37.732128" lon="-1.701124"><ele>437.4</ele></trkpt>
    <trkpt lat="37.730392" lon="-1.70178"><ele>437.5</ele></trkpt>
    <trkpt lat="37.729308" lon="-1.702172"><ele>437.1</ele></trkpt>
    <trkpt lat="37.728665" lon="-1.702363"><ele>436.6</ele></trkpt>
    <trkpt lat="37.727126" lon="-1.702669"><ele>434.7</ele></trkpt>
    <trkpt lat="37.725986" lon="-1.702935"><ele>432.8</ele></trkpt>
    <trkpt lat="37.723727" lon="-1.703257"><ele>426.6</ele></trkpt>
    <trkpt lat="37.722804" lon="-1.703173"><ele>422.9</ele></trkpt>
    <trkpt lat="37.72264" lon="-1.703198"><ele>422.1</ele></trkpt>
    <trkpt lat="37.722312" lon="-1.703321"><ele>420.3</ele></trkpt>
    <trkpt lat="37.722085" lon="-1.703437"><ele>418.9</ele></trkpt>
    <trkpt lat="37.721877" lon="-1.703505"><ele>417.6</ele></trkpt>
    <trkpt lat="37.721698" lon="-1.70352"><ele>416.5</ele></trkpt>
    <trkpt lat="37.721252" lon="-1.703728"><ele>413.6</ele></trkpt>
    <trkpt lat="37.720608" lon="-1.703813"><ele>409.8</ele></trkpt>
    <trkpt lat="37.719613" lon="-1.703811"><ele>404.7</ele></trkpt>
    <trkpt lat="37.719217" lon="-1.703927"><ele>402.6</ele></trkpt>
    <trkpt lat="37.718501" lon="-1.704202"><ele>398.7</ele></trkpt>
    <trkpt lat="37.718303" lon="-1.70435"><ele>397.5</ele></trkpt>
    <trkpt lat="37.718171" lon="-1.704536"><ele>396.6</ele></trkpt>
    <trkpt lat="37.717999" lon="-1.704933"><ele>395.1</ele></trkpt>
    <trkpt lat="37.717995" lon="-1.704943"><ele>395</ele></trkpt>
    <trkpt lat="37.717898" lon="-1.705245"><ele>394.1</ele></trkpt>
    <trkpt lat="37.717701" lon="-1.705421"><ele>393.3</ele></trkpt>
    <trkpt lat="37.717549" lon="-1.705515"><ele>392.8</ele></trkpt>
    <trkpt lat="37.717549" lon="-1.705515"><ele>392.9</ele></trkpt>
    <trkpt lat="37.717549" lon="-1.705515"><ele>392.9</ele></trkpt>
    <trkpt lat="37.717412" lon="-1.705691"><ele>392.4</ele></trkpt>
    <trkpt lat="37.717412" lon="-1.705691"><ele>392.4</ele></trkpt>
    <trkpt lat="37.717372" lon="-1.70582"><ele>392.1</ele></trkpt>
    <trkpt lat="37.717372" lon="-1.70582"><ele>392.1</ele></trkpt>
    <trkpt lat="37.716994" lon="-1.705983"><ele>391.2</ele></trkpt>
    <trkpt lat="37.715521" lon="-1.706241"><ele>388</ele></trkpt>
    <trkpt lat="37.712953" lon="-1.706773"><ele>381.1</ele></trkpt>
    <trkpt lat="37.709969" lon="-1.707358"><ele>375</ele></trkpt>
    <trkpt lat="37.709889" lon="-1.707375"><ele>374.9</ele></trkpt>
    <trkpt lat="37.709482" lon="-1.707487"><ele>374.1</ele></trkpt>
    <trkpt lat="37.707951" lon="-1.707791"><ele>371.1</ele></trkpt>
    <trkpt lat="37.707762" lon="-1.707957"><ele>370.7</ele></trkpt>
    <trkpt lat="37.707759" lon="-1.708004"><ele>370.6</ele></trkpt>
    <trkpt lat="37.707723" lon="-1.708085"><ele>370.5</ele></trkpt>
    <trkpt lat="37.707658" lon="-1.70813"><ele>370.3</ele></trkpt>
    <trkpt lat="37.707552" lon="-1.708099"><ele>370.1</ele></trkpt>
    <trkpt lat="37.707508" lon="-1.708024"><ele>370</ele></trkpt>
    <trkpt lat="37.70739" lon="-1.707957"><ele>369.8</ele></trkpt>
    <trkpt lat="37.707254" lon="-1.707931"><ele>369.5</ele></trkpt>
    <trkpt lat="37.70453" lon="-1.708465"><ele>364.2</ele></trkpt>
    <trkpt lat="37.70418" lon="-1.708449"><ele>363.3</ele></trkpt>
    <trkpt lat="37.703518" lon="-1.708293"><ele>361.3</ele></trkpt>
    <trkpt lat="37.703065" lon="-1.708089"><ele>359.6</ele></trkpt>
    <trkpt lat="37.702275" lon="-1.707793"><ele>356.5</ele></trkpt>
    <trkpt lat="37.701896" lon="-1.707769"><ele>355</ele></trkpt>
    <trkpt lat="37.700794" lon="-1.707774"><ele>351.6</ele></trkpt>
    <trkpt lat="37.700476" lon="-1.707751"><ele>351.1</ele></trkpt>
    <trkpt lat="37.700135" lon="-1.707671"><ele>350.8</ele></trkpt>
    <trkpt lat="37.699866" lon="-1.707576"><ele>350.6</ele></trkpt>
    <trkpt lat="37.699323" lon="-1.707237"><ele>350.8</ele></trkpt>
    <trkpt lat="37.698608" lon="-1.706725"><ele>351.3</ele></trkpt>
    <trkpt lat="37.69764" lon="-1.706011"><ele>351.9</ele></trkpt>
    <trkpt lat="37.696701" lon="-1.705292"><ele>351.8</ele></trkpt>
    <trkpt lat="37.696455" lon="-1.705115"><ele>351.5</ele></trkpt>
    <trkpt lat="37.696039" lon="-1.704988"><ele>350.9</ele></trkpt>
    <trkpt lat="37.696039" lon="-1.704988"><ele>350.9</ele></trkpt>
    <trkpt lat="37.695701" lon="-1.704952"><ele>350.5</ele></trkpt>
    <trkpt lat="37.695701" lon="-1.704952"><ele>350.5</ele></trkpt>
    <trkpt lat="37.695482" lon="-1.704916"><ele>350.4</ele></trkpt>
    <trkpt lat="37.695482" lon="-1.704916"><ele>350.4</ele></trkpt>
    <trkpt lat="37.695281" lon="-1.704917"><ele>350.3</ele></trkpt>
    <trkpt lat="37.695208" lon="-1.704906"><ele>350.2</ele></trkpt>
    <trkpt lat="37.695121" lon="-1.704846"><ele>350</ele></trkpt>
    <trkpt lat="37.694966" lon="-1.70474"><ele>350</ele></trkpt>
    <trkpt lat="37.694966" lon="-1.70474"><ele>350.1</ele></trkpt>
    <trkpt lat="37.694966" lon="-1.70474"><ele>350.1</ele></trkpt>
    <trkpt lat="37.694823" lon="-1.704514"><ele>350</ele></trkpt>
    <trkpt lat="37.694823" lon="-1.704514"><ele>350.1</ele></trkpt>
    <trkpt lat="37.694823" lon="-1.704514"><ele>350.1</ele></trkpt>
    <trkpt lat="37.694668" lon="-1.704351"><ele>350.1</ele></trkpt>
    <trkpt lat="37.694668" lon="-1.704351"><ele>350.1</ele></trkpt>
    <trkpt lat="37.694468" lon="-1.704186"><ele>350.3</ele></trkpt>
    <trkpt lat="37.69417" lon="-1.703906"><ele>350.8</ele></trkpt>
    <trkpt lat="37.693485" lon="-1.703493"><ele>351.7</ele></trkpt>
    <trkpt lat="37.693233" lon="-1.703378"><ele>351.9</ele></trkpt>
    <trkpt lat="37.692616" lon="-1.703323"><ele>352</ele></trkpt>
    <trkpt lat="37.692509" lon="-1.703259"><ele>352</ele></trkpt>
    <trkpt lat="37.692376" lon="-1.703169"><ele>351.9</ele></trkpt>
    <trkpt lat="37.691999" lon="-1.702773"><ele>350.9</ele></trkpt>
    <trkpt lat="37.691746" lon="-1.702454"><ele>349.6</ele></trkpt>
    <trkpt lat="37.691635" lon="-1.70226"><ele>348.8</ele></trkpt>
    <trkpt lat="37.691353" lon="-1.7016"><ele>345.8</ele></trkpt>
    <trkpt lat="37.691256" lon="-1.701433"><ele>344.9</ele></trkpt>
    <trkpt lat="37.69101" lon="-1.701149"><ele>343.1</ele></trkpt>
    <trkpt lat="37.690764" lon="-1.701005"><ele>341.7</ele></trkpt>
    <trkpt lat="37.690644" lon="-1.700964"><ele>341.1</ele></trkpt>
    <trkpt lat="37.689991" lon="-1.700854"><ele>339</ele></trkpt>
    <trkpt lat="37.689707" lon="-1.700806"><ele>338.4</ele></trkpt>
    <trkpt lat="37.689678" lon="-1.700801"><ele>338.3</ele></trkpt>
    <trkpt lat="37.687829" lon="-1.700548"><ele>336.1</ele></trkpt>
    <trkpt lat="37.687699" lon="-1.700528"><ele>336</ele></trkpt>
    <trkpt lat="37.68726" lon="-1.700489"><ele>336.1</ele></trkpt>
    <trkpt lat="37.686771" lon="-1.700398"><ele>336.5</ele></trkpt>
    <trkpt lat="37.686608" lon="-1.700368"><ele>336.6</ele></trkpt>
    <trkpt lat="37.686608" lon="-1.700368"><ele>336.7</ele></trkpt>
    <trkpt lat="37.686608" lon="-1.700368"><ele>336.7</ele></trkpt>
    <trkpt lat="37.686447" lon="-1.700227"><ele>336.8</ele></trkpt>
    <trkpt lat="37.686447" lon="-1.700227"><ele>336.9</ele></trkpt>
    <trkpt lat="37.686447" lon="-1.700227"><ele>336.9</ele></trkpt>
    <trkpt lat="37.686322" lon="-1.700086"><ele>337</ele></trkpt>
    <trkpt lat="37.686322" lon="-1.700086"><ele>337</ele></trkpt>
    <trkpt lat="37.686198" lon="-1.700002"><ele>337.1</ele></trkpt>
    <trkpt lat="37.686198" lon="-1.700002"><ele>337.1</ele></trkpt>
    <trkpt lat="37.686104" lon="-1.699897"><ele>337.2</ele></trkpt>
    <trkpt lat="37.686049" lon="-1.699855"><ele>337.2</ele></trkpt>
    <trkpt lat="37.685933" lon="-1.699822"><ele>337.3</ele></trkpt>
    <trkpt lat="37.685407" lon="-1.699781"><ele>337.7</ele></trkpt>
    <trkpt lat="37.684982" lon="-1.699748"><ele>337.7</ele></trkpt>
    <trkpt lat="37.684578" lon="-1.699717"><ele>337.3</ele></trkpt>
    <trkpt lat="37.683216" lon="-1.699612"><ele>336</ele></trkpt>
    <trkpt lat="37.683037" lon="-1.699613"><ele>335.6</ele></trkpt>
    <trkpt lat="37.683037" lon="-1.699613"><ele>335.6</ele></trkpt>
    <trkpt lat="37.682979" lon="-1.699537"><ele>335.5</ele></trkpt>
    <trkpt lat="37.682979" lon="-1.699537"><ele>335.4</ele></trkpt>
    <trkpt lat="37.682979" lon="-1.699537"><ele>335.4</ele></trkpt>
    <trkpt lat="37.682896" lon="-1.699558"><ele>335.3</ele></trkpt>
    <trkpt lat="37.682849" lon="-1.699506"><ele>335.2</ele></trkpt>
    <trkpt lat="37.682793" lon="-1.699456"><ele>335</ele></trkpt>
    <trkpt lat="37.682505" lon="-1.699301"><ele>334.2</ele></trkpt>
    <trkpt lat="37.68246" lon="-1.69928"><ele>334</ele></trkpt>
    <trkpt lat="37.682423" lon="-1.699252"><ele>333.8</ele></trkpt>
    <trkpt lat="37.682366" lon="-1.699207"><ele>333.6</ele></trkpt>
    <trkpt lat="37.682265" lon="-1.699137"><ele>333.2</ele></trkpt>
    <trkpt lat="37.682168" lon="-1.699025"><ele>332.8</ele></trkpt>
    <trkpt lat="37.682019" lon="-1.698719"><ele>331.9</ele></trkpt>
    <trkpt lat="37.681886" lon="-1.698589"><ele>331.3</ele></trkpt>
    <trkpt lat="37.681722" lon="-1.698429"><ele>330.6</ele></trkpt>
    <trkpt lat="37.681703" lon="-1.698379"><ele>330.4</ele></trkpt>
    <trkpt lat="37.681625" lon="-1.698152"><ele>329.8</ele></trkpt>
    <trkpt lat="37.681526" lon="-1.697864"><ele>329.1</ele></trkpt>
    <trkpt lat="37.681492" lon="-1.697768"><ele>329</ele></trkpt>
    <trkpt lat="37.681017" lon="-1.696378"><ele>330.4</ele></trkpt>
    <trkpt lat="37.681301" lon="-1.696344"><ele>331.3</ele></trkpt>
    <trkpt lat="37.681463" lon="-1.696324"><ele>331.9</ele></trkpt>
    <trkpt lat="37.681514" lon="-1.696256"><ele>332.2</ele></trkpt>
    <trkpt lat="37.681782" lon="-1.695831"><ele>333.6</ele></trkpt>
    <trkpt lat="37.681848" lon="-1.695716"><ele>334</ele></trkpt>
    <trkpt lat="37.681875" lon="-1.695612"><ele>334.3</ele></trkpt>
    <trkpt lat="37.681898" lon="-1.695326"><ele>334.9</ele></trkpt>
    <trkpt lat="37.681929" lon="-1.695115"><ele>335.1</ele></trkpt>
    <trkpt lat="37.681975" lon="-1.694605"><ele>335.4</ele></trkpt>
    <trkpt lat="37.682003" lon="-1.693241"><ele>335</ele></trkpt>
    <trkpt lat="37.681996" lon="-1.693064"><ele>334.9</ele></trkpt>
    <trkpt lat="37.68199" lon="-1.692866"><ele>334.8</ele></trkpt>
    <trkpt lat="37.681988" lon="-1.692837"><ele>334.8</ele></trkpt>
    <trkpt lat="37.682039" lon="-1.691997"><ele>334.6</ele></trkpt>
    <trkpt lat="37.682069" lon="-1.691606"><ele>334.6</ele></trkpt>
    <trkpt lat="37.68211" lon="-1.691484"><ele>334.6</ele></trkpt>
    <trkpt lat="37.682217" lon="-1.690968"><ele>334.6</ele></trkpt>
    <trkpt lat="37.682231" lon="-1.690817"><ele>334.6</ele></trkpt>
    <trkpt lat="37.682274" lon="-1.690334"><ele>334.3</ele></trkpt>
    <trkpt lat="37.682303" lon="-1.690039"><ele>334.1</ele></trkpt>
    <trkpt lat="37.682315" lon="-1.689912"><ele>334</ele></trkpt>
    <trkpt lat="37.682364" lon="-1.689327"><ele>333.7</ele></trkpt>
    <trkpt lat="37.682371" lon="-1.688651"><ele>333.4</ele></trkpt>
    <trkpt lat="37.682322" lon="-1.688287"><ele>333.4</ele></trkpt>
    <trkpt lat="37.68231" lon="-1.687809"><ele>333.5</ele></trkpt>
    <trkpt lat="37.682324" lon="-1.687513"><ele>333.6</ele></trkpt>
    <trkpt lat="37.682392" lon="-1.686732"><ele>334.2</ele></trkpt>
    <trkpt lat="37.682425" lon="-1.686231"><ele>334.4</ele></trkpt>
    <trkpt lat="37.682433" lon="-1.686147"><ele>334.4</ele></trkpt>
    <trkpt lat="37.68244" lon="-1.686077"><ele>334.4</ele></trkpt>
    <trkpt lat="37.682466" lon="-1.685812"><ele>334.6</ele></trkpt>
    <trkpt lat="37.682524" lon="-1.685219"><ele>334.8</ele></trkpt>
    <trkpt lat="37.68257" lon="-1.684756"><ele>334.7</ele></trkpt>
    <trkpt lat="37.682604" lon="-1.684409"><ele>334.7</ele></trkpt>
    <trkpt lat="37.682612" lon="-1.684329"><ele>334.7</ele></trkpt>
    <trkpt lat="37.682637" lon="-1.684072"><ele>334.6</ele></trkpt>
    <trkpt lat="37.682664" lon="-1.683787"><ele>334.4</ele></trkpt>
    <trkpt lat="37.682801" lon="-1.682363"><ele>332.1</ele></trkpt>
    <trkpt lat="37.682843" lon="-1.681914"><ele>330.9</ele></trkpt>
    <trkpt lat="37.682954" lon="-1.680839"><ele>328.2</ele></trkpt>
    <trkpt lat="37.682984" lon="-1.680638"><ele>327.7</ele></trkpt>
    <trkpt lat="37.683005" lon="-1.680458"><ele>327.3</ele></trkpt>
    <trkpt lat="37.683005" lon="-1.680458"><ele>327.3</ele></trkpt>
    <trkpt lat="37.683041" lon="-1.680226"><ele>326.7</ele></trkpt>
    <trkpt lat="37.683041" lon="-1.680226"><ele>326.7</ele></trkpt>
    <trkpt lat="37.683066" lon="-1.68009"><ele>326.5</ele></trkpt>
    <trkpt lat="37.683066" lon="-1.68009"><ele>326.5</ele></trkpt>
    <trkpt lat="37.683069" lon="-1.679903"><ele>326.2</ele></trkpt>
    <trkpt lat="37.683069" lon="-1.679903"><ele>326.2</ele></trkpt>
    <trkpt lat="37.683046" lon="-1.679753"><ele>325.8</ele></trkpt>
    <trkpt lat="37.683046" lon="-1.679753"><ele>325.9</ele></trkpt>
    <trkpt lat="37.683046" lon="-1.679753"><ele>325.9</ele></trkpt>
    <trkpt lat="37.682967" lon="-1.679686"><ele>325.7</ele></trkpt>
    <trkpt lat="37.682967" lon="-1.679686"><ele>325.8</ele></trkpt>
    <trkpt lat="37.682967" lon="-1.679686"><ele>325.8</ele></trkpt>
    <trkpt lat="37.682883" lon="-1.679686"><ele>325.7</ele></trkpt>
    <trkpt lat="37.682883" lon="-1.679686"><ele>325.8</ele></trkpt>
    <trkpt lat="37.682883" lon="-1.679686"><ele>325.8</ele></trkpt>
    <trkpt lat="37.682814" lon="-1.679757"><ele>325.5</ele></trkpt>
    <trkpt lat="37.682814" lon="-1.679757"><ele>325.6</ele></trkpt>
    <trkpt lat="37.682814" lon="-1.679757"><ele>325.6</ele></trkpt>
    <trkpt lat="37.682785" lon="-1.679998"><ele>325.4</ele></trkpt>
    <trkpt lat="37.682785" lon="-1.679998"><ele>325.5</ele></trkpt>
    <trkpt lat="37.682785" lon="-1.679998"><ele>325.5</ele></trkpt>
    <trkpt lat="37.68279" lon="-1.680192"><ele>325.4</ele></trkpt>
    <trkpt lat="37.682761" lon="-1.680339"><ele>325.4</ele></trkpt>
    <trkpt lat="37.68273" lon="-1.680499"><ele>325.4</ele></trkpt>
    <trkpt lat="37.682522" lon="-1.681342"><ele>326.2</ele></trkpt>
    <trkpt lat="37.682332" lon="-1.682049"><ele>327.3</ele></trkpt>
    <trkpt lat="37.682298" lon="-1.682177"><ele>327.5</ele></trkpt>
    <trkpt lat="37.682029" lon="-1.683168"><ele>329.3</ele></trkpt>
    <trkpt lat="37.681914" lon="-1.683587"><ele>330</ele></trkpt>
    <trkpt lat="37.681955" lon="-1.683629"><ele>330.1</ele></trkpt>
    <trkpt lat="37.681958" lon="-1.683701"><ele>330.2</ele></trkpt>
    <trkpt lat="37.681915" lon="-1.68375"><ele>330.2</ele></trkpt>
    <trkpt lat="37.681874" lon="-1.683749"><ele>330.3</ele></trkpt>
    <trkpt lat="37.681753" lon="-1.684202"><ele>330.7</ele></trkpt>
    <trkpt lat="37.681645" lon="-1.684599"><ele>331</ele></trkpt>
    <trkpt lat="37.681528" lon="-1.685065"><ele>331.6</ele></trkpt>
    <trkpt lat="37.681412" lon="-1.685528"><ele>332</ele></trkpt>
    <trkpt lat="37.681386" lon="-1.685687"><ele>331.9</ele></trkpt>
    <trkpt lat="37.681426" lon="-1.685728"><ele>331.9</ele></trkpt>
    <trkpt lat="37.681438" lon="-1.685792"><ele>331.8</ele></trkpt>
    <trkpt lat="37.681415" lon="-1.685851"><ele>331.8</ele></trkpt>
    <trkpt lat="37.681342" lon="-1.685878"><ele>331.7</ele></trkpt>
    <trkpt lat="37.681333" lon="-1.685941"><ele>331.7</ele></trkpt>
    <trkpt lat="37.681319" lon="-1.686036"><ele>331.7</ele></trkpt>
    <trkpt lat="37.681294" lon="-1.6862"><ele>331.6</ele></trkpt>
    <trkpt lat="37.68124" lon="-1.686555"><ele>331.5</ele></trkpt>
    <trkpt lat="37.681157" lon="-1.687101"><ele>331.5</ele></trkpt>
    <trkpt lat="37.681002" lon="-1.688115"><ele>330.9</ele></trkpt>
    <trkpt lat="37.68094" lon="-1.688525"><ele>330.8</ele></trkpt>
    <trkpt lat="37.68094" lon="-1.688525"><ele>330.8</ele></trkpt>
    <trkpt lat="37.680915" lon="-1.688628"><ele>330.7</ele></trkpt>
    <trkpt lat="37.680902" lon="-1.688745"><ele>330.7</ele></trkpt>
    <trkpt lat="37.680719" lon="-1.689864"><ele>329.4</ele></trkpt>
    <trkpt lat="37.680641" lon="-1.690301"><ele>328.5</ele></trkpt>
    <trkpt lat="37.680613" lon="-1.690469"><ele>328.2</ele></trkpt>
    <trkpt lat="37.680604" lon="-1.690555"><ele>328</ele></trkpt>
    <trkpt lat="37.680604" lon="-1.690555"><ele>328</ele></trkpt>
    <trkpt lat="37.680416" lon="-1.690839"><ele>327.2</ele></trkpt>
    <trkpt lat="37.680416" lon="-1.690839"><ele>327.2</ele></trkpt>
    <trkpt lat="37.680442" lon="-1.691058"><ele>326.7</ele></trkpt>
    <trkpt lat="37.680426" lon="-1.691043"><ele>326.7</ele></trkpt>
    <trkpt lat="37.680197" lon="-1.691319"><ele>326</ele></trkpt>
    <trkpt lat="37.680149" lon="-1.691376"><ele>325.8</ele></trkpt>
    <trkpt lat="37.679561" lon="-1.692024"><ele>325.1</ele></trkpt>
    <trkpt lat="37.679087" lon="-1.692506"><ele>325.7</ele></trkpt>
    <trkpt lat="37.67898" lon="-1.692619"><ele>326.2</ele></trkpt>
    <trkpt lat="37.6785" lon="-1.693109"><ele>328.5</ele></trkpt>
    <trkpt lat="37.67846" lon="-1.693153"><ele>328.7</ele></trkpt>
    <trkpt lat="37.678209" lon="-1.693412"><ele>329.7</ele></trkpt>
    <trkpt lat="37.678177" lon="-1.693469"><ele>329.9</ele></trkpt>
    <trkpt lat="37.678126" lon="-1.693489"><ele>330.1</ele></trkpt>
    <trkpt lat="37.678077" lon="-1.693464"><ele>330.2</ele></trkpt>
    <trkpt lat="37.676903" lon="-1.694358"><ele>332.8</ele></trkpt>
    <trkpt lat="37.67653" lon="-1.694662"><ele>333.2</ele></trkpt>
    <trkpt lat="37.676447" lon="-1.694725"><ele>333.2</ele></trkpt>
    <trkpt lat="37.676356" lon="-1.694799"><ele>333.4</ele></trkpt>
    <trkpt lat="37.676226" lon="-1.694901"><ele>333.5</ele></trkpt>
    <trkpt lat="37.675691" lon="-1.695309"><ele>334</ele></trkpt>
    <trkpt lat="37.674809" lon="-1.695986"><ele>335</ele></trkpt>
    <trkpt lat="37.674722" lon="-1.696057"><ele>335.1</ele></trkpt>
    <trkpt lat="37.673899" lon="-1.696692"><ele>335.6</ele></trkpt>
    <trkpt lat="37.673847" lon="-1.696731"><ele>335.6</ele></trkpt>
    <trkpt lat="37.673465" lon="-1.697027"><ele>335.4</ele></trkpt>
    <trkpt lat="37.673034" lon="-1.697358"><ele>335.3</ele></trkpt>
    <trkpt lat="37.672599" lon="-1.697698"><ele>334.9</ele></trkpt>
    <trkpt lat="37.672392" lon="-1.69786"><ele>334.7</ele></trkpt>
    <trkpt lat="37.671941" lon="-1.698221"><ele>334.1</ele></trkpt>
    <trkpt lat="37.671305" lon="-1.698735"><ele>332.8</ele></trkpt>
    <trkpt lat="37.671306" lon="-1.698889"><ele>332.5</ele></trkpt>
    <trkpt lat="37.671258" lon="-1.69896"><ele>332.3</ele></trkpt>
    <trkpt lat="37.671188" lon="-1.698991"><ele>332.2</ele></trkpt>
    <trkpt lat="37.671115" lon="-1.698972"><ele>332</ele></trkpt>
    <trkpt lat="37.67106" lon="-1.698908"><ele>331.9</ele></trkpt>
    <trkpt lat="37.670984" lon="-1.69897"><ele>331.7</ele></trkpt>
    <trkpt lat="37.670729" lon="-1.699175"><ele>331.3</ele></trkpt>
    <trkpt lat="37.67068" lon="-1.699217"><ele>331.2</ele></trkpt>
    <trkpt lat="37.670319" lon="-1.69951"><ele>330.6</ele></trkpt>
    <trkpt lat="37.670258" lon="-1.699557"><ele>330.6</ele></trkpt>
    <trkpt lat="37.66991" lon="-1.699836"><ele>330.4</ele></trkpt>
    <trkpt lat="37.669185" lon="-1.700393"><ele>332.6</ele></trkpt>
    <trkpt lat="37.669167" lon="-1.700407"><ele>332.6</ele></trkpt>
    <trkpt lat="37.668848" lon="-1.700651"><ele>333.8</ele></trkpt>
    <trkpt lat="37.668277" lon="-1.701088"><ele>336</ele></trkpt>
    <trkpt lat="37.668076" lon="-1.701246"><ele>336.7</ele></trkpt>
    <trkpt lat="37.668012" lon="-1.701297"><ele>336.9</ele></trkpt>
    <trkpt lat="37.667559" lon="-1.701644"><ele>337.6</ele></trkpt>
    <trkpt lat="37.666815" lon="-1.702231"><ele>337.2</ele></trkpt>
    <trkpt lat="37.666086" lon="-1.702796"><ele>336.3</ele></trkpt>
    <trkpt lat="37.665985" lon="-1.702875"><ele>336.3</ele></trkpt>
    <trkpt lat="37.665985" lon="-1.702875"><ele>336.2</ele></trkpt>
    <trkpt lat="37.665985" lon="-1.702875"><ele>336.2</ele></trkpt>
    <trkpt lat="37.665699" lon="-1.703082"><ele>335.9</ele></trkpt>
    <trkpt lat="37.665699" lon="-1.703082"><ele>335.9</ele></trkpt>
    <trkpt lat="37.665406" lon="-1.703307"><ele>335.6</ele></trkpt>
    <trkpt lat="37.66535" lon="-1.703353"><ele>335.5</ele></trkpt>
    <trkpt lat="37.665195" lon="-1.703475"><ele>335.3</ele></trkpt>
    <trkpt lat="37.664471" lon="-1.704047"><ele>334.7</ele></trkpt>
    <trkpt lat="37.664001" lon="-1.704416"><ele>334.8</ele></trkpt>
    <trkpt lat="37.663544" lon="-1.704776"><ele>334.7</ele></trkpt>
    <trkpt lat="37.663196" lon="-1.70505"><ele>334.8</ele></trkpt>
    <trkpt lat="37.662957" lon="-1.705239"><ele>335</ele></trkpt>
    <trkpt lat="37.662698" lon="-1.705443"><ele>335.1</ele></trkpt>
    <trkpt lat="37.662613" lon="-1.705509"><ele>335.1</ele></trkpt>
    <trkpt lat="37.662247" lon="-1.705798"><ele>335</ele></trkpt>
  </trkseg></trk></gpx>