<?xml version="1.0" encoding="UTF-8"?>
<gpx version="1.1" creator="tour-scraper" xmlns="http://www.topografix.com/GPX/1/1">
  <trk><name>Stage 9: From La Vila Joiosa/Villajoyosa to Alto de Aitana. Costa Blanca — La Vuelta 26</name><trkseg>
    <trkpt lat="38.538118" lon="-0.213006"><ele>92.7</ele></trkpt>
    <trkpt lat="38.538469" lon="-0.212753"><ele>92.1</ele></trkpt>
    <trkpt lat="38.539165" lon="-0.212491"><ele>91.2</ele></trkpt>
    <trkpt lat="38.539761" lon="-0.212447"><ele>90.8</ele></trkpt>
    <trkpt lat="38.540328" lon="-0.212517"><ele>90.3</ele></trkpt>
    <trkpt lat="38.541049" lon="-0.212646"><ele>89.2</ele></trkpt>
    <trkpt lat="38.541334" lon="-0.212638"><ele>88.6</ele></trkpt>
    <trkpt lat="38.541431" lon="-0.212635"><ele>88.4</ele></trkpt>
    <trkpt lat="38.542393" lon="-0.212397"><ele>89.3</ele></trkpt>
    <trkpt lat="38.5426" lon="-0.212399"><ele>90.1</ele></trkpt>
    <trkpt lat="38.542806" lon="-0.212431"><ele>91</ele></trkpt>
    <trkpt lat="38.543692" lon="-0.212759"><ele>97</ele></trkpt>
    <trkpt lat="38.544078" lon="-0.212807"><ele>99.6</ele></trkpt>
    <trkpt lat="38.545035" lon="-0.212662"><ele>104.7</ele></trkpt>
    <trkpt lat="38.545233" lon="-0.212667"><ele>105.6</ele></trkpt>
    <trkpt lat="38.545719" lon="-0.212743"><ele>107.4</ele></trkpt>
    <trkpt lat="38.547346" lon="-0.213365"><ele>112.7</ele></trkpt>
    <trkpt lat="38.548191" lon="-0.213623"><ele>115.5</ele></trkpt>
    <trkpt lat="38.548608" lon="-0.213671"><ele>116.8</ele></trkpt>
    <trkpt lat="38.548944" lon="-0.213671"><ele>117.9</ele></trkpt>
    <trkpt lat="38.550546" lon="-0.213456"><ele>123.3</ele></trkpt>
    <trkpt lat="38.55115" lon="-0.213351"><ele>126.7</ele></trkpt>
    <trkpt lat="38.551411" lon="-0.213268"><ele>128.5</ele></trkpt>
    <trkpt lat="38.551677" lon="-0.213134"><ele>130.7</ele></trkpt>
    <trkpt lat="38.552188" lon="-0.212884"><ele>135</ele></trkpt>
    <trkpt lat="38.552594" lon="-0.212749"><ele>138.4</ele></trkpt>
    <trkpt lat="38.553044" lon="-0.212716"><ele>141.8</ele></trkpt>
    <trkpt lat="38.554011" lon="-0.212805"><ele>147.2</ele></trkpt>
    <trkpt lat="38.554491" lon="-0.21275"><ele>149.6</ele></trkpt>
    <trkpt lat="38.554809" lon="-0.212632"><ele>151.2</ele></trkpt>
    <trkpt lat="38.554809" lon="-0.212632"><ele>151.3</ele></trkpt>
    <trkpt lat="38.554809" lon="-0.212632"><ele>151.3</ele></trkpt>
    <trkpt lat="38.555248" lon="-0.212413"><ele>153.6</ele></trkpt>
    <trkpt lat="38.555248" lon="-0.212413"><ele>153.6</ele></trkpt>
    <trkpt lat="38.555491" lon="-0.212356"><ele>154.8</ele></trkpt>
    <trkpt lat="38.555491" lon="-0.212356"><ele>154.8</ele></trkpt>
    <trkpt lat="38.555725" lon="-0.212056"><ele>156.5</ele></trkpt>
    <trkpt lat="38.555725" lon="-0.212056"><ele>156.6</ele></trkpt>
    <trkpt lat="38.555725" lon="-0.212056"><ele>156.6</ele></trkpt>
    <trkpt lat="38.556063" lon="-0.211892"><ele>158.4</ele></trkpt>
    <trkpt lat="38.556797" lon="-0.21175"><ele>162.4</ele></trkpt>
    <trkpt lat="38.55727" lon="-0.211726"><ele>165</ele></trkpt>
    <trkpt lat="38.558542" lon="-0.212212"><ele>172.1</ele></trkpt>
    <trkpt lat="38.559148" lon="-0.212388"><ele>174.8</ele></trkpt>
    <trkpt lat="38.559535" lon="-0.212333"><ele>176</ele></trkpt>
    <trkpt lat="38.560027" lon="-0.212137"><ele>177.6</ele></trkpt>
    <trkpt lat="38.56027" lon="-0.212079"><ele>178.3</ele></trkpt>
    <trkpt lat="38.560517" lon="-0.21206"><ele>178.9</ele></trkpt>
    <trkpt lat="38.561068" lon="-0.212192"><ele>180.9</ele></trkpt>
    <trkpt lat="38.56127" lon="-0.212266"><ele>181.9</ele></trkpt>
    <trkpt lat="38.561487" lon="-0.212305"><ele>183.2</ele></trkpt>
    <trkpt lat="38.561688" lon="-0.212287"><ele>184.6</ele></trkpt>
    <trkpt lat="38.561902" lon="-0.212191"><ele>186.2</ele></trkpt>
    <trkpt lat="38.562008" lon="-0.2121"><ele>187.1</ele></trkpt>
    <trkpt lat="38.562176" lon="-0.211862"><ele>188.9</ele></trkpt>
    <trkpt lat="38.562387" lon="-0.211354"><ele>191.8</ele></trkpt>
    <trkpt lat="38.562508" lon="-0.211116"><ele>193.2</ele></trkpt>
    <trkpt lat="38.562764" lon="-0.210827"><ele>195.1</ele></trkpt>
    <trkpt lat="38.562841" lon="-0.210776"><ele>195.5</ele></trkpt>
    <trkpt lat="38.563046" lon="-0.210676"><ele>196.5</ele></trkpt>
    <trkpt lat="38.563208" lon="-0.210635"><ele>197</ele></trkpt>
    <trkpt lat="38.563439" lon="-0.210632"><ele>197.7</ele></trkpt>
    <trkpt lat="38.563806" lon="-0.210736"><ele>198.6</ele></trkpt>
    <trkpt lat="38.564004" lon="-0.210754"><ele>199</ele></trkpt>
    <trkpt lat="38.56421" lon="-0.210711"><ele>199.6</ele></trkpt>
    <trkpt lat="38.564374" lon="-0.210617"><ele>200.1</ele></trkpt>
    <trkpt lat="38.564374" lon="-0.210617"><ele>200.1</ele></trkpt>
    <trkpt lat="38.564505" lon="-0.210709"><ele>200.5</ele></trkpt>
    <trkpt lat="38.564505" lon="-0.210709"><ele>200.5</ele></trkpt>
    <trkpt lat="38.564644" lon="-0.210645"><ele>200.9</ele></trkpt>
    <trkpt lat="38.564775" lon="-0.21074"><ele>201.4</ele></trkpt>
    <trkpt lat="38.564998" lon="-0.21081"><ele>202.1</ele></trkpt>
    <trkpt lat="38.56512" lon="-0.210895"><ele>202.5</ele></trkpt>
    <trkpt lat="38.565192" lon="-0.210981"><ele>202.8</ele></trkpt>
    <trkpt lat="38.565388" lon="-0.211379"><ele>203.9</ele></trkpt>
    <trkpt lat="38.565524" lon="-0.211583"><ele>204.4</ele></trkpt>
    <trkpt lat="38.56586" lon="-0.211973"><ele>205.5</ele></trkpt>
    <trkpt lat="38.565912" lon="-0.212064"><ele>205.7</ele></trkpt>
    <trkpt lat="38.566259" lon="-0.213009"><ele>206.5</ele></trkpt>
    <trkpt lat="38.566253" lon="-0.213216"><ele>206.6</ele></trkpt>
    <trkpt lat="38.566125" lon="-0.213531"><ele>206.7</ele></trkpt>
    <trkpt lat="38.566102" lon="-0.213759"><ele>206.7</ele></trkpt>
    <trkpt lat="38.566155" lon="-0.214128"><ele>206.6</ele></trkpt>
    <trkpt lat="38.566341" lon="-0.214837"><ele>206.5</ele></trkpt>
    <trkpt lat="38.56633" lon="-0.215106"><ele>206.4</ele></trkpt>
    <trkpt lat="38.566257" lon="-0.215325"><ele>206.6</ele></trkpt>
    <trkpt lat="38.566213" lon="-0.215444"><ele>206.8</ele></trkpt>
    <trkpt lat="38.566162" lon="-0.215656"><ele>207.2</ele></trkpt>
    <trkpt lat="38.566161" lon="-0.215848"><ele>207.6</ele></trkpt>
    <trkpt lat="38.566222" lon="-0.216138"><ele>208.3</ele></trkpt>
    <trkpt lat="38.566288" lon="-0.21629"><ele>208.7</ele></trkpt>
    <trkpt lat="38.566367" lon="-0.216363"><ele>209.1</ele></trkpt>
    <trkpt lat="38.566781" lon="-0.216603"><ele>211.5</ele></trkpt>
    <trkpt lat="38.566894" lon="-0.216576"><ele>212.2</ele></trkpt>
    <trkpt lat="38.56695" lon="-0.216466"><ele>212.9</ele></trkpt>
    <trkpt lat="38.566935" lon="-0.215917"><ele>216.6</ele></trkpt>
    <trkpt lat="38.566954" lon="-0.215704"><ele>218.2</ele></trkpt>
    <trkpt lat="38.566995" lon="-0.215552"><ele>219.3</ele></trkpt>
    <trkpt lat="38.567112" lon="-0.215336"><ele>221.2</ele></trkpt>
    <trkpt lat="38.567582" lon="-0.214757"><ele>227.5</ele></trkpt>
    <trkpt lat="38.567917" lon="-0.214299"><ele>232.6</ele></trkpt>
    <trkpt lat="38.568066" lon="-0.214254"><ele>234.3</ele></trkpt>
    <trkpt lat="38.568545" lon="-0.214299"><ele>239.1</ele></trkpt>
    <trkpt lat="38.568776" lon="-0.214218"><ele>241.1</ele></trkpt>
    <trkpt lat="38.569032" lon="-0.214122"><ele>243.2</ele></trkpt>
    <trkpt lat="38.569202" lon="-0.21406"><ele>244.4</ele></trkpt>
    <trkpt lat="38.569228" lon="-0.213996"><ele>244.8</ele></trkpt>
    <trkpt lat="38.56919" lon="-0.213761"><ele>246</ele></trkpt>
    <trkpt lat="38.569052" lon="-0.213365"><ele>248.2</ele></trkpt>
    <trkpt lat="38.5689" lon="-0.212815"><ele>251.3</ele></trkpt>
    <trkpt lat="38.568863" lon="-0.212611"><ele>252.3</ele></trkpt>
    <trkpt lat="38.568887" lon="-0.212344"><ele>253.5</ele></trkpt>
    <trkpt lat="38.568961" lon="-0.212028"><ele>254.8</ele></trkpt>
    <trkpt lat="38.568987" lon="-0.211723"><ele>256</ele></trkpt>
    <trkpt lat="38.569009" lon="-0.211369"><ele>257.3</ele></trkpt>
    <trkpt lat="38.56911" lon="-0.21087"><ele>259</ele></trkpt>
    <trkpt lat="38.569156" lon="-0.210617"><ele>259.6</ele></trkpt>
    <trkpt lat="38.569252" lon="-0.209459"><ele>261.6</ele></trkpt>
    <trkpt lat="38.569292" lon="-0.209167"><ele>262.3</ele></trkpt>
    <trkpt lat="38.569343" lon="-0.208968"><ele>262.9</ele></trkpt>
    <trkpt lat="38.569435" lon="-0.208672"><ele>263.9</ele></trkpt>
    <trkpt lat="38.569446" lon="-0.208484"><ele>264.6</ele></trkpt>
    <trkpt lat="38.569409" lon="-0.20827"><ele>265.2</ele></trkpt>
    <trkpt lat="38.569318" lon="-0.208061"><ele>265.9</ele></trkpt>
    <trkpt lat="38.56925" lon="-0.207934"><ele>266.3</ele></trkpt>
    <trkpt lat="38.569102" lon="-0.207615"><ele>267</ele></trkpt>
    <trkpt lat="38.569076" lon="-0.207322"><ele>267.2</ele></trkpt>
    <trkpt lat="38.569117" lon="-0.206862"><ele>267.1</ele></trkpt>
    <trkpt lat="38.569228" lon="-0.206422"><ele>266.5</ele></trkpt>
    <trkpt lat="38.569563" lon="-0.205619"><ele>263.7</ele></trkpt>
    <trkpt lat="38.569579" lon="-0.205482"><ele>263.2</ele></trkpt>
    <trkpt lat="38.569549" lon="-0.2054"><ele>262.9</ele></trkpt>
    <trkpt lat="38.569124" lon="-0.204879"><ele>260.5</ele></trkpt>
    <trkpt lat="38.569038" lon="-0.204719"><ele>260</ele></trkpt>
    <trkpt lat="38.568978" lon="-0.204526"><ele>259.5</ele></trkpt>
    <trkpt lat="38.568951" lon="-0.204324"><ele>259.1</ele></trkpt>
    <trkpt lat="38.568959" lon="-0.204171"><ele>258.7</ele></trkpt>
    <trkpt lat="38.569074" lon="-0.203436"><ele>257</ele></trkpt>
    <trkpt lat="38.569073" lon="-0.203154"><ele>256.3</ele></trkpt>
    <trkpt lat="38.569045" lon="-0.202903"><ele>255.5</ele></trkpt>
    <trkpt lat="38.568883" lon="-0.202452"><ele>253.7</ele></trkpt>
    <trkpt lat="38.568822" lon="-0.202328"><ele>253</ele></trkpt>
    <trkpt lat="38.56874" lon="-0.202235"><ele>252.4</ele></trkpt>
    <trkpt lat="38.568613" lon="-0.202187"><ele>251.6</ele></trkpt>
    <trkpt lat="38.568404" lon="-0.202145"><ele>250.2</ele></trkpt>
    <trkpt lat="38.56799" lon="-0.202061"><ele>247.6</ele></trkpt>
    <trkpt lat="38.567836" lon="-0.201981"><ele>246.7</ele></trkpt>
    <trkpt lat="38.56765" lon="-0.201798"><ele>245.5</ele></trkpt>
    <trkpt lat="38.567499" lon="-0.201566"><ele>244.6</ele></trkpt>
    <trkpt lat="38.567432" lon="-0.201336"><ele>244.2</ele></trkpt>
    <trkpt lat="38.567443" lon="-0.201154"><ele>244</ele></trkpt>
    <trkpt lat="38.567768" lon="-0.200319"><ele>245.3</ele></trkpt>
    <trkpt lat="38.568027" lon="-0.199435"><ele>248.2</ele></trkpt>
    <trkpt lat="38.568042" lon="-0.19932"><ele>248.6</ele></trkpt>
    <trkpt lat="38.568016" lon="-0.199028"><ele>249.3</ele></trkpt>
    <trkpt lat="38.567918" lon="-0.1986"><ele>249.9</ele></trkpt>
    <trkpt lat="38.567903" lon="-0.198384"><ele>250</ele></trkpt>
    <trkpt lat="38.567906" lon="-0.198062"><ele>250.1</ele></trkpt>
    <trkpt lat="38.567865" lon="-0.197814"><ele>250.1</ele></trkpt>
    <trkpt lat="38.567765" lon="-0.197629"><ele>250.1</ele></trkpt>
    <trkpt lat="38.567517" lon="-0.197373"><ele>250.1</ele></trkpt>
    <trkpt lat="38.567401" lon="-0.197217"><ele>250.1</ele></trkpt>
    <trkpt lat="38.567321" lon="-0.196908"><ele>250.2</ele></trkpt>
    <trkpt lat="38.567324" lon="-0.196606"><ele>250.4</ele></trkpt>
    <trkpt lat="38.567413" lon="-0.196034"><ele>251.2</ele></trkpt>
    <trkpt lat="38.56744" lon="-0.195787"><ele>251.7</ele></trkpt>
    <trkpt lat="38.56743" lon="-0.195662"><ele>252</ele></trkpt>
    <trkpt lat="38.567257" lon="-0.194978"><ele>253.5</ele></trkpt>
    <trkpt lat="38.56723" lon="-0.194701"><ele>253.9</ele></trkpt>
    <trkpt lat="38.567263" lon="-0.194581"><ele>254</ele></trkpt>
    <trkpt lat="38.567514" lon="-0.194168"><ele>254.6</ele></trkpt>
    <trkpt lat="38.567618" lon="-0.193938"><ele>254.9</ele></trkpt>
    <trkpt lat="38.567834" lon="-0.192759"><ele>256.3</ele></trkpt>
    <trkpt lat="38.568043" lon="-0.1921"><ele>257.5</ele></trkpt>
    <trkpt lat="38.568175" lon="-0.190711"><ele>262.1</ele></trkpt>
    <trkpt lat="38.568221" lon="-0.190409"><ele>263.5</ele></trkpt>
    <trkpt lat="38.568624" lon="-0.189195"><ele>267.9</ele></trkpt>
    <trkpt lat="38.5688" lon="-0.188707"><ele>269.1</ele></trkpt>
    <trkpt lat="38.568844" lon="-0.188457"><ele>269.7</ele></trkpt>
    <trkpt lat="38.568807" lon="-0.188249"><ele>270.3</ele></trkpt>
    <trkpt lat="38.568584" lon="-0.18784"><ele>271.4</ele></trkpt>
    <trkpt lat="38.568563" lon="-0.187732"><ele>271.7</ele></trkpt>
    <trkpt lat="38.568577" lon="-0.187593"><ele>272</ele></trkpt>
    <trkpt lat="38.568703" lon="-0.187192"><ele>273.3</ele></trkpt>
    <trkpt lat="38.568724" lon="-0.187058"><ele>273.8</ele></trkpt>
    <trkpt lat="38.568719" lon="-0.186314"><ele>277.1</ele></trkpt>
    <trkpt lat="38.568947" lon="-0.185397"><ele>281.7</ele></trkpt>
    <trkpt lat="38.569058" lon="-0.185096"><ele>283.2</ele></trkpt>
    <trkpt lat="38.569309" lon="-0.18462"><ele>285.7</ele></trkpt>
    <trkpt lat="38.570107" lon="-0.183565"><ele>290.3</ele></trkpt>
    <trkpt lat="38.570251" lon="-0.183239"><ele>290.8</ele></trkpt>
    <trkpt lat="38.570281" lon="-0.183063"><ele>291</ele></trkpt>
    <trkpt lat="38.570314" lon="-0.182558"><ele>291.6</ele></trkpt>
    <trkpt lat="38.570505" lon="-0.182074"><ele>291.9</ele></trkpt>
    <trkpt lat="38.570536" lon="-0.181952"><ele>291.9</ele></trkpt>
    <trkpt lat="38.570537" lon="-0.181816"><ele>291.8</ele></trkpt>
    <trkpt lat="38.570496" lon="-0.181619"><ele>291.6</ele></trkpt>
    <trkpt lat="38.570423" lon="-0.181546"><ele>291.5</ele></trkpt>
    <trkpt lat="38.570333" lon="-0.181525"><ele>291.4</ele></trkpt>
    <trkpt lat="38.56996" lon="-0.181591"><ele>291.3</ele></trkpt>
    <trkpt lat="38.56989" lon="-0.181623"><ele>291.3</ele></trkpt>
    <trkpt lat="38.569793" lon="-0.181716"><ele>291.4</ele></trkpt>
    <trkpt lat="38.569575" lon="-0.181984"><ele>291.8</ele></trkpt>
    <trkpt lat="38.569425" lon="-0.182021"><ele>292</ele></trkpt>
    <trkpt lat="38.56937" lon="-0.182008"><ele>292.1</ele></trkpt>
    <trkpt lat="38.569269" lon="-0.181912"><ele>292.3</ele></trkpt>
    <trkpt lat="38.569254" lon="-0.181833"><ele>292.4</ele></trkpt>
    <trkpt lat="38.569269" lon="-0.181688"><ele>292.7</ele></trkpt>
    <trkpt lat="38.569348" lon="-0.181462"><ele>293.2</ele></trkpt>
    <trkpt lat="38.569626" lon="-0.180827"><ele>296.3</ele></trkpt>
    <trkpt lat="38.569785" lon="-0.180332"><ele>299.7</ele></trkpt>
    <trkpt lat="38.570394" lon="-0.17943"><ele>305.5</ele></trkpt>
    <trkpt lat="38.570551" lon="-0.179211"><ele>306.5</ele></trkpt>
    <trkpt lat="38.570616" lon="-0.179071"><ele>307</ele></trkpt>
    <trkpt lat="38.570793" lon="-0.17829"><ele>308.9</ele></trkpt>
    <trkpt lat="38.570856" lon="-0.178112"><ele>309.2</ele></trkpt>
    <trkpt lat="38.570958" lon="-0.177924"><ele>309.5</ele></trkpt>
    <trkpt lat="38.571344" lon="-0.177458"><ele>310.9</ele></trkpt>
    <trkpt lat="38.571533" lon="-0.177188"><ele>312</ele></trkpt>
    <trkpt lat="38.57174" lon="-0.176849"><ele>313.3</ele></trkpt>
    <trkpt lat="38.571894" lon="-0.176556"><ele>314.4</ele></trkpt>
    <trkpt lat="38.571941" lon="-0.176418"><ele>314.8</ele></trkpt>
    <trkpt lat="38.571943" lon="-0.176317"><ele>315</ele></trkpt>
    <trkpt lat="38.571858" lon="-0.17615"><ele>315.5</ele></trkpt>
    <trkpt lat="38.571118" lon="-0.175547"><ele>317.7</ele></trkpt>
    <trkpt lat="38.570903" lon="-0.175326"><ele>318.3</ele></trkpt>
    <trkpt lat="38.570581" lon="-0.174842"><ele>319.4</ele></trkpt>
    <trkpt lat="38.570492" lon="-0.174538"><ele>320</ele></trkpt>
    <trkpt lat="38.570341" lon="-0.1727"><ele>323.8</ele></trkpt>
    <trkpt lat="38.570303" lon="-0.172252"><ele>324.7</ele></trkpt>
    <trkpt lat="38.570307" lon="-0.172025"><ele>325.2</ele></trkpt>
    <trkpt lat="38.570436" lon="-0.171006"><ele>327.2</ele></trkpt>
    <trkpt lat="38.570469" lon="-0.170093"><ele>328.9</ele></trkpt>
    <trkpt lat="38.570536" lon="-0.169748"><ele>329.6</ele></trkpt>
    <trkpt lat="38.571237" lon="-0.167081"><ele>334.1</ele></trkpt>
    <trkpt lat="38.571483" lon="-0.16636"><ele>334.4</ele></trkpt>
    <trkpt lat="38.571697" lon="-0.165852"><ele>333.8</ele></trkpt>
    <trkpt lat="38.571914" lon="-0.165405"><ele>332.5</ele></trkpt>
    <trkpt lat="38.572371" lon="-0.16447"><ele>328.3</ele></trkpt>
    <trkpt lat="38.572471" lon="-0.164327"><ele>327.3</ele></trkpt>
    <trkpt lat="38.572607" lon="-0.164303"><ele>326.4</ele></trkpt>
    <trkpt lat="38.573037" lon="-0.164427"><ele>323.6</ele></trkpt>
    <trkpt lat="38.573141" lon="-0.164421"><ele>323</ele></trkpt>
    <trkpt lat="38.573262" lon="-0.164364"><ele>322.2</ele></trkpt>
    <trkpt lat="38.573387" lon="-0.164213"><ele>321.3</ele></trkpt>
    <trkpt lat="38.573582" lon="-0.163871"><ele>319.5</ele></trkpt>
    <trkpt lat="38.573971" lon="-0.163357"><ele>316.4</ele></trkpt>
    <trkpt lat="38.574021" lon="-0.163214"><ele>315.7</ele></trkpt>
    <trkpt lat="38.574045" lon="-0.163053"><ele>315</ele></trkpt>
    <trkpt lat="38.574026" lon="-0.162617"><ele>313.1</ele></trkpt>
    <trkpt lat="38.573982" lon="-0.162115"><ele>310.7</ele></trkpt>
    <trkpt lat="38.574029" lon="-0.16176"><ele>308.9</ele></trkpt>
    <trkpt lat="38.574131" lon="-0.161469"><ele>307.4</ele></trkpt>
    <trkpt lat="38.574246" lon="-0.161217"><ele>306</ele></trkpt>
    <trkpt lat="38.574371" lon="-0.160966"><ele>304.5</ele></trkpt>
    <trkpt lat="38.574634" lon="-0.160584"><ele>301.8</ele></trkpt>
    <trkpt lat="38.574913" lon="-0.160273"><ele>299.3</ele></trkpt>
    <trkpt lat="38.575046" lon="-0.160208"><ele>298.3</ele></trkpt>
    <trkpt lat="38.575321" lon="-0.160164"><ele>296.4</ele></trkpt>
    <trkpt lat="38.575393" lon="-0.160129"><ele>295.9</ele></trkpt>
    <trkpt lat="38.575468" lon="-0.160051"><ele>295.3</ele></trkpt>
    <trkpt lat="38.575769" lon="-0.159408"><ele>291.2</ele></trkpt>
    <trkpt lat="38.575863" lon="-0.159316"><ele>290.3</ele></trkpt>
    <trkpt lat="38.575973" lon="-0.15926"><ele>289.4</ele></trkpt>
    <trkpt lat="38.57622" lon="-0.159201"><ele>287.5</ele></trkpt>
    <trkpt lat="38.576319" lon="-0.159129"><ele>286.7</ele></trkpt>
    <trkpt lat="38.576859" lon="-0.15821"><ele>280.8</ele></trkpt>
    <trkpt lat="38.576911" lon="-0.158102"><ele>280.1</ele></trkpt>
    <trkpt lat="38.577117" lon="-0.157577"><ele>277.1</ele></trkpt>
    <trkpt lat="38.577161" lon="-0.157362"><ele>276.1</ele></trkpt>
    <trkpt lat="38.577239" lon="-0.156676"><ele>273.7</ele></trkpt>
    <trkpt lat="38.577414" lon="-0.15618"><ele>272.2</ele></trkpt>
    <trkpt lat="38.577667" lon="-0.155605"><ele>270.3</ele></trkpt>
    <trkpt lat="38.577771" lon="-0.155327"><ele>269.4</ele></trkpt>
    <trkpt lat="38.577823" lon="-0.155098"><ele>268.7</ele></trkpt>
    <trkpt lat="38.57785" lon="-0.154929"><ele>268.1</ele></trkpt>
    <trkpt lat="38.57786" lon="-0.154621"><ele>267</ele></trkpt>
    <trkpt lat="38.577777" lon="-0.153577"><ele>261.8</ele></trkpt>
    <trkpt lat="38.577736" lon="-0.1534"><ele>260.7</ele></trkpt>
    <trkpt lat="38.577123" lon="-0.151863"><ele>248.8</ele></trkpt>
    <trkpt lat="38.576699" lon="-0.151187"><ele>241.7</ele></trkpt>
    <trkpt lat="38.57648" lon="-0.150673"><ele>237</ele></trkpt>
    <trkpt lat="38.575902" lon="-0.149893"><ele>230.1</ele></trkpt>
    <trkpt lat="38.575902" lon="-0.149893"><ele>230.2</ele></trkpt>
    <trkpt lat="38.575902" lon="-0.149893"><ele>230.2</ele></trkpt>
    <trkpt lat="38.575661" lon="-0.149444"><ele>227.6</ele></trkpt>
    <trkpt lat="38.575661" lon="-0.149444"><ele>227.7</ele></trkpt>
    <trkpt lat="38.575661" lon="-0.149444"><ele>227.7</ele></trkpt>
    <trkpt lat="38.575359" lon="-0.149089"><ele>226</ele></trkpt>
    <trkpt lat="38.574989" lon="-0.148511"><ele>224.3</ele></trkpt>
    <trkpt lat="38.57454" lon="-0.148122"><ele>223</ele></trkpt>
    <trkpt lat="38.574351" lon="-0.147851"><ele>222.3</ele></trkpt>
    <trkpt lat="38.573707" lon="-0.146396"><ele>217.8</ele></trkpt>
    <trkpt lat="38.573229" lon="-0.145495"><ele>213.5</ele></trkpt>
    <trkpt lat="38.573053" lon="-0.144765"><ele>209.8</ele></trkpt>
    <trkpt lat="38.572988" lon="-0.14408"><ele>205.9</ele></trkpt>
    <trkpt lat="38.57291" lon="-0.143847"><ele>204.4</ele></trkpt>
    <trkpt lat="38.572776" lon="-0.143641"><ele>202.9</ele></trkpt>
    <trkpt lat="38.572305" lon="-0.143088"><ele>198</ele></trkpt>
    <trkpt lat="38.572151" lon="-0.14284"><ele>196.2</ele></trkpt>
    <trkpt lat="38.571642" lon="-0.141696"><ele>188.9</ele></trkpt>
    <trkpt lat="38.571366" lon="-0.140925"><ele>184.2</ele></trkpt>
    <trkpt lat="38.571302" lon="-0.140772"><ele>183.3</ele></trkpt>
    <trkpt lat="38.571226" lon="-0.140666"><ele>182.5</ele></trkpt>
    <trkpt lat="38.571008" lon="-0.140509"><ele>180.7</ele></trkpt>
    <trkpt lat="38.570667" lon="-0.140357"><ele>178.3</ele></trkpt>
    <trkpt lat="38.570572" lon="-0.140277"><ele>177.5</ele></trkpt>
    <trkpt lat="38.570403" lon="-0.140134"><ele>176.2</ele></trkpt>
    <trkpt lat="38.570281" lon="-0.139998"><ele>175.2</ele></trkpt>
    <trkpt lat="38.569136" lon="-0.138631"><ele>165.9</ele></trkpt>
    <trkpt lat="38.568838" lon="-0.138208"><ele>163.7</ele></trkpt>
    <trkpt lat="38.568635" lon="-0.137965"><ele>162.4</ele></trkpt>
    <trkpt lat="38.568403" lon="-0.137764"><ele>161.1</ele></trkpt>
    <trkpt lat="38.568027" lon="-0.137497"><ele>159.3</ele></trkpt>
    <trkpt lat="38.567271" lon="-0.137062"><ele>155.7</ele></trkpt>
    <trkpt lat="38.567125" lon="-0.136972"><ele>154.9</ele></trkpt>
    <trkpt lat="38.566802" lon="-0.136743"><ele>152.8</ele></trkpt>
    <trkpt lat="38.566759" lon="-0.136711"><ele>152.5</ele></trkpt>
    <trkpt lat="38.566482" lon="-0.136459"><ele>150.3</ele></trkpt>
    <trkpt lat="38.566088" lon="-0.136072"><ele>147.3</ele></trkpt>
    <trkpt lat="38.565743" lon="-0.135691"><ele>144.5</ele></trkpt>
    <trkpt lat="38.565414" lon="-0.135325"><ele>141.7</ele></trkpt>
    <trkpt lat="38.565387" lon="-0.135295"><ele>141.5</ele></trkpt>
    <trkpt lat="38.565244" lon="-0.135137"><ele>140.4</ele></trkpt>
    <trkpt lat="38.564994" lon="-0.134863"><ele>138.8</ele></trkpt>
    <trkpt lat="38.564931" lon="-0.134792"><ele>138.4</ele></trkpt>
    <trkpt lat="38.564877" lon="-0.134717"><ele>138.1</ele></trkpt>
    <trkpt lat="38.564848" lon="-0.134665"><ele>138</ele></trkpt>
    <trkpt lat="38.564776" lon="-0.134551"><ele>137.6</ele></trkpt>
    <trkpt lat="38.564717" lon="-0.134455"><ele>137.3</ele></trkpt>
    <trkpt lat="38.564631" lon="-0.134393"><ele>137.1</ele></trkpt>
    <trkpt lat="38.564619" lon="-0.134388"><ele>137.1</ele></trkpt>
    <trkpt lat="38.564609" lon="-0.134384"><ele>137</ele></trkpt>
    <trkpt lat="38.564499" lon="-0.134311"><ele>136.7</ele></trkpt>
    <trkpt lat="38.564421" lon="-0.134151"><ele>136.4</ele></trkpt>
    <trkpt lat="38.564425" lon="-0.133953"><ele>136.2</ele></trkpt>
    <trkpt lat="38.564514" lon="-0.133791"><ele>136.1</ele></trkpt>
    <trkpt lat="38.564579" lon="-0.133744"><ele>136</ele></trkpt>
    <trkpt lat="38.564724" lon="-0.133726"><ele>136</ele></trkpt>
    <trkpt lat="38.564864" lon="-0.13382"><ele>136</ele></trkpt>
    <trkpt lat="38.564912" lon="-0.133903"><ele>136.1</ele></trkpt>
    <trkpt lat="38.565004" lon="-0.133948"><ele>136.2</ele></trkpt>
    <trkpt lat="38.565134" lon="-0.133936"><ele>136.5</ele></trkpt>
    <trkpt lat="38.565166" lon="-0.13393"><ele>136.5</ele></trkpt>
    <trkpt lat="38.565461" lon="-0.133872"><ele>137.3</ele></trkpt>
    <trkpt lat="38.566228" lon="-0.133711"><ele>140.6</ele></trkpt>
    <trkpt lat="38.566958" lon="-0.133549"><ele>145</ele></trkpt>
    <trkpt lat="38.56725" lon="-0.13348"><ele>147</ele></trkpt>
    <trkpt lat="38.568876" lon="-0.133106"><ele>156.4</ele></trkpt>
    <trkpt lat="38.569406" lon="-0.132833"><ele>159.2</ele></trkpt>
    <trkpt lat="38.569536" lon="-0.13276"><ele>159.9</ele></trkpt>
    <trkpt lat="38.570002" lon="-0.132498"><ele>162.3</ele></trkpt>
    <trkpt lat="38.571225" lon="-0.131809"><ele>167.2</ele></trkpt>
    <trkpt lat="38.571801" lon="-0.131487"><ele>168.5</ele></trkpt>
    <trkpt lat="38.573245" lon="-0.130652"><ele>169.2</ele></trkpt>
    <trkpt lat="38.57348" lon="-0.130483"><ele>169.4</ele></trkpt>
    <trkpt lat="38.573661" lon="-0.130197"><ele>169.6</ele></trkpt>
    <trkpt lat="38.573718" lon="-0.130028"><ele>169.7</ele></trkpt>
    <trkpt lat="38.57378" lon="-0.129957"><ele>169.8</ele></trkpt>
    <trkpt lat="38.573859" lon="-0.129914"><ele>169.8</ele></trkpt>
    <trkpt lat="38.573949" lon="-0.129906"><ele>169.9</ele></trkpt>
    <trkpt lat="38.574033" lon="-0.129935"><ele>169.9</ele></trkpt>
    <trkpt lat="38.574117" lon="-0.130015"><ele>170</ele></trkpt>
    <trkpt lat="38.574238" lon="-0.130025"><ele>170</ele></trkpt>
    <trkpt lat="38.574506" lon="-0.129957"><ele>170.1</ele></trkpt>
    <trkpt lat="38.574728" lon="-0.129939"><ele>170.3</ele></trkpt>
    <trkpt lat="38.575007" lon="-0.129948"><ele>170.4</ele></trkpt>
    <trkpt lat="38.575191" lon="-0.129974"><ele>170.5</ele></trkpt>
    <trkpt lat="38.575439" lon="-0.130051"><ele>170.4</ele></trkpt>
    <trkpt lat="38.57605" lon="-0.130308"><ele>170.4</ele></trkpt>
    <trkpt lat="38.576265" lon="-0.130334"><ele>170.5</ele></trkpt>
    <trkpt lat="38.576493" lon="-0.130317"><ele>170.8</ele></trkpt>
    <trkpt lat="38.576707" lon="-0.130248"><ele>171.1</ele></trkpt>
    <trkpt lat="38.576915" lon="-0.130128"><ele>171.4</ele></trkpt>
    <trkpt lat="38.57711" lon="-0.129976"><ele>171.8</ele></trkpt>
    <trkpt lat="38.577261" lon="-0.129795"><ele>172.1</ele></trkpt>
    <trkpt lat="38.577396" lon="-0.129553"><ele>172.6</ele></trkpt>
    <trkpt lat="38.57737" lon="-0.129448"><ele>172.7</ele></trkpt>
    <trkpt lat="38.577371" lon="-0.129338"><ele>172.9</ele></trkpt>
    <trkpt lat="38.5774" lon="-0.129234"><ele>173.1</ele></trkpt>
    <trkpt lat="38.577453" lon="-0.129147"><ele>173.2</ele></trkpt>
    <trkpt lat="38.577526" lon="-0.129086"><ele>173.4</ele></trkpt>
    <trkpt lat="38.577676" lon="-0.129061"><ele>173.7</ele></trkpt>
    <trkpt lat="38.577749" lon="-0.12909"><ele>173.8</ele></trkpt>
    <trkpt lat="38.577879" lon="-0.129046"><ele>174</ele></trkpt>
    <trkpt lat="38.577963" lon="-0.128985"><ele>174.1</ele></trkpt>
    <trkpt lat="38.578133" lon="-0.128738"><ele>174.2</ele></trkpt>
    <trkpt lat="38.578432" lon="-0.128111"><ele>174.1</ele></trkpt>
    <trkpt lat="38.578558" lon="-0.127939"><ele>174.1</ele></trkpt>
    <trkpt lat="38.578727" lon="-0.127751"><ele>174</ele></trkpt>
    <trkpt lat="38.578915" lon="-0.127596"><ele>174</ele></trkpt>
    <trkpt lat="38.579569" lon="-0.127442"><ele>174</ele></trkpt>
    <trkpt lat="38.579917" lon="-0.127387"><ele>174.3</ele></trkpt>
    <trkpt lat="38.58034" lon="-0.12732"><ele>175.1</ele></trkpt>
    <trkpt lat="38.581269" lon="-0.127161"><ele>177.7</ele></trkpt>
    <trkpt lat="38.581338" lon="-0.127057"><ele>178</ele></trkpt>
    <trkpt lat="38.581457" lon="-0.127003"><ele>178.4</ele></trkpt>
    <trkpt lat="38.581555" lon="-0.127024"><ele>178.7</ele></trkpt>
    <trkpt lat="38.581607" lon="-0.127063"><ele>178.8</ele></trkpt>
    <trkpt lat="38.582223" lon="-0.12697"><ele>180.7</ele></trkpt>
    <trkpt lat="38.582968" lon="-0.126815"><ele>182.3</ele></trkpt>
    <trkpt lat="38.583451" lon="-0.126824"><ele>182.8</ele></trkpt>
    <trkpt lat="38.583836" lon="-0.126931"><ele>183</ele></trkpt>
    <trkpt lat="38.584383" lon="-0.127038"><ele>183.5</ele></trkpt>
    <trkpt lat="38.584665" lon="-0.127047"><ele>183.9</ele></trkpt>
    <trkpt lat="38.584933" lon="-0.127021"><ele>184.5</ele></trkpt>
    <trkpt lat="38.58551" lon="-0.126824"><ele>186.3</ele></trkpt>
    <trkpt lat="38.586119" lon="-0.126407"><ele>187.8</ele></trkpt>
    <trkpt lat="38.586396" lon="-0.126206"><ele>187.9</ele></trkpt>
    <trkpt lat="38.586824" lon="-0.125948"><ele>187.6</ele></trkpt>
    <trkpt lat="38.587013" lon="-0.125837"><ele>187.3</ele></trkpt>
    <trkpt lat="38.587362" lon="-0.125708"><ele>186.5</ele></trkpt>
    <trkpt lat="38.5884" lon="-0.12546"><ele>184.1</ele></trkpt>
    <trkpt lat="38.588693" lon="-0.125344"><ele>184.2</ele></trkpt>
    <trkpt lat="38.588762" lon="-0.125284"><ele>184.2</ele></trkpt>
    <trkpt lat="38.588842" lon="-0.125255"><ele>184.3</ele></trkpt>
    <trkpt lat="38.588926" lon="-0.125261"><ele>184.3</ele></trkpt>
    <trkpt lat="38.58897" lon="-0.125279"><ele>184.4</ele></trkpt>
    <trkpt lat="38.589174" lon="-0.125347"><ele>184.7</ele></trkpt>
    <trkpt lat="38.590388" lon="-0.12539"><ele>189.4</ele></trkpt>
    <trkpt lat="38.590703" lon="-0.12545"><ele>190.7</ele></trkpt>
    <trkpt lat="38.590945" lon="-0.125553"><ele>191.7</ele></trkpt>
    <trkpt lat="38.591213" lon="-0.125759"><ele>192.7</ele></trkpt>
    <trkpt lat="38.591911" lon="-0.126506"><ele>194.1</ele></trkpt>
    <trkpt lat="38.592172" lon="-0.126669"><ele>194.3</ele></trkpt>
    <trkpt lat="38.592427" lon="-0.126747"><ele>194.4</ele></trkpt>
    <trkpt lat="38.592709" lon="-0.126772"><ele>194.8</ele></trkpt>
    <trkpt lat="38.592933" lon="-0.126736"><ele>195.5</ele></trkpt>
    <trkpt lat="38.593099" lon="-0.126664"><ele>196.2</ele></trkpt>
    <trkpt lat="38.593219" lon="-0.126563"><ele>196.9</ele></trkpt>
    <trkpt lat="38.593284" lon="-0.126436"><ele>197.6</ele></trkpt>
    <trkpt lat="38.593318" lon="-0.126327"><ele>198.1</ele></trkpt>
    <trkpt lat="38.59342" lon="-0.126239"><ele>198.8</ele></trkpt>
    <trkpt lat="38.593557" lon="-0.126261"><ele>199.8</ele></trkpt>
    <trkpt lat="38.593617" lon="-0.126331"><ele>200.3</ele></trkpt>
    <trkpt lat="38.593623" lon="-0.126342"><ele>200.4</ele></trkpt>
    <trkpt lat="38.593648" lon="-0.126501"><ele>201.3</ele></trkpt>
    <trkpt lat="38.594011" lon="-0.126789"><ele>204.4</ele></trkpt>
    <trkpt lat="38.594534" lon="-0.127313"><ele>208.6</ele></trkpt>
    <trkpt lat="38.595031" lon="-0.127803"><ele>210.3</ele></trkpt>
    <trkpt lat="38.595328" lon="-0.128202"><ele>210.9</ele></trkpt>
    <trkpt lat="38.595731" lon="-0.128827"><ele>211.8</ele></trkpt>
    <trkpt lat="38.596026" lon="-0.129241"><ele>213.2</ele></trkpt>
    <trkpt lat="38.596285" lon="-0.129476"><ele>214.5</ele></trkpt>
    <trkpt lat="38.596553" lon="-0.129596"><ele>215.9</ele></trkpt>
    <trkpt lat="38.596801" lon="-0.129622"><ele>217.3</ele></trkpt>
    <trkpt lat="38.597116" lon="-0.129613"><ele>219.2</ele></trkpt>
    <trkpt lat="38.598337" lon="-0.129364"><ele>226.3</ele></trkpt>
    <trkpt lat="38.599264" lon="-0.129217"><ele>230.1</ele></trkpt>
    <trkpt lat="38.599954" lon="-0.129115"><ele>231.7</ele></trkpt>
    <trkpt lat="38.600893" lon="-0.129021"><ele>232.9</ele></trkpt>
    <trkpt lat="38.601989" lon="-0.128998"><ele>234</ele></trkpt>
    <trkpt lat="38.602154" lon="-0.128952"><ele>234.3</ele></trkpt>
    <trkpt lat="38.602263" lon="-0.128834"><ele>234.6</ele></trkpt>
    <trkpt lat="38.602363" lon="-0.128714"><ele>235</ele></trkpt>
    <trkpt lat="38.60249" lon="-0.128648"><ele>235.3</ele></trkpt>
    <trkpt lat="38.602628" lon="-0.128645"><ele>235.7</ele></trkpt>
    <trkpt lat="38.602752" lon="-0.128702"><ele>236.1</ele></trkpt>
    <trkpt lat="38.602853" lon="-0.12881"><ele>236.5</ele></trkpt>
    <trkpt lat="38.602879" lon="-0.128855"><ele>236.7</ele></trkpt>
    <trkpt lat="38.603008" lon="-0.128991"><ele>237.2</ele></trkpt>
    <trkpt lat="38.603086" lon="-0.12903"><ele>237.5</ele></trkpt>
    <trkpt lat="38.603621" lon="-0.12913"><ele>239.9</ele></trkpt>
    <trkpt lat="38.603812" lon="-0.129137"><ele>240.8</ele></trkpt>
    <trkpt lat="38.60556" lon="-0.129214"><ele>247.8</ele></trkpt>
    <trkpt lat="38.60594" lon="-0.129231"><ele>248.5</ele></trkpt>
    <trkpt lat="38.606232" lon="-0.129213"><ele>248.8</ele></trkpt>
    <trkpt lat="38.606239" lon="-0.129112"><ele>248.8</ele></trkpt>
    <trkpt lat="38.606295" lon="-0.129041"><ele>248.9</ele></trkpt>
    <trkpt lat="38.606334" lon="-0.129028"><ele>248.9</ele></trkpt>
    <trkpt lat="38.606411" lon="-0.129054"><ele>248.9</ele></trkpt>
    <trkpt lat="38.606456" lon="-0.129137"><ele>248.8</ele></trkpt>
    <trkpt lat="38.606692" lon="-0.129018"><ele>248.6</ele></trkpt>
    <trkpt lat="38.607057" lon="-0.128756"><ele>248.1</ele></trkpt>
    <trkpt lat="38.607049" lon="-0.128662"><ele>248</ele></trkpt>
    <trkpt lat="38.607094" lon="-0.128594"><ele>247.9</ele></trkpt>
    <trkpt lat="38.60716" lon="-0.128585"><ele>247.8</ele></trkpt>
    <trkpt lat="38.607219" lon="-0.128655"><ele>247.6</ele></trkpt>
    <trkpt lat="38.60773" lon="-0.128335"><ele>246.4</ele></trkpt>
    <trkpt lat="38.608013" lon="-0.128148"><ele>245.6</ele></trkpt>
    <trkpt lat="38.608351" lon="-0.127944"><ele>244.7</ele></trkpt>
    <trkpt lat="38.608835" lon="-0.127717"><ele>243.6</ele></trkpt>
    <trkpt lat="38.609657" lon="-0.127468"><ele>242.4</ele></trkpt>
    <trkpt lat="38.610017" lon="-0.127367"><ele>242.1</ele></trkpt>
    <trkpt lat="38.61021" lon="-0.127318"><ele>242</ele></trkpt>
    <trkpt lat="38.610287" lon="-0.127295"><ele>242</ele></trkpt>
    <trkpt lat="38.611011" lon="-0.127071"><ele>241.5</ele></trkpt>
    <trkpt lat="38.611607" lon="-0.126887"><ele>240.8</ele></trkpt>
    <trkpt lat="38.612033" lon="-0.126756"><ele>240.1</ele></trkpt>
    <trkpt lat="38.612964" lon="-0.126468"><ele>237.4</ele></trkpt>
    <trkpt lat="38.613552" lon="-0.126292"><ele>235.7</ele></trkpt>
    <trkpt lat="38.613707" lon="-0.126246"><ele>235.2</ele></trkpt>
    <trkpt lat="38.613883" lon="-0.126199"><ele>234.6</ele></trkpt>
    <trkpt lat="38.614102" lon="-0.126116"><ele>233.8</ele></trkpt>
    <trkpt lat="38.614276" lon="-0.125965"><ele>233.2</ele></trkpt>
    <trkpt lat="38.61455" lon="-0.125544"><ele>232.5</ele></trkpt>
    <trkpt lat="38.614581" lon="-0.125496"><ele>232.4</ele></trkpt>
    <trkpt lat="38.614728" lon="-0.125314"><ele>232.2</ele></trkpt>
    <trkpt lat="38.614849" lon="-0.125219"><ele>232.2</ele></trkpt>
    <trkpt lat="38.615198" lon="-0.125048"><ele>232</ele></trkpt>
    <trkpt lat="38.61549" lon="-0.124961"><ele>232.1</ele></trkpt>
    <trkpt lat="38.615882" lon="-0.124998"><ele>232.8</ele></trkpt>
    <trkpt lat="38.616461" lon="-0.125127"><ele>234.4</ele></trkpt>
    <trkpt lat="38.617202" lon="-0.125276"><ele>236</ele></trkpt>
    <trkpt lat="38.617369" lon="-0.12531"><ele>236.1</ele></trkpt>
    <trkpt lat="38.617643" lon="-0.125371"><ele>235.9</ele></trkpt>
    <trkpt lat="38.617751" lon="-0.125422"><ele>235.6</ele></trkpt>
    <trkpt lat="38.61794" lon="-0.125718"><ele>234.7</ele></trkpt>
    <trkpt lat="38.617979" lon="-0.125786"><ele>234.5</ele></trkpt>
    <trkpt lat="38.618172" lon="-0.12611"><ele>233.2</ele></trkpt>
    <trkpt lat="38.618642" lon="-0.126523"><ele>231</ele></trkpt>
    <trkpt lat="38.618794" lon="-0.126802"><ele>230.1</ele></trkpt>
    <trkpt lat="38.61883" lon="-0.127003"><ele>229.6</ele></trkpt>
    <trkpt lat="38.618856" lon="-0.127377"><ele>228.8</ele></trkpt>
    <trkpt lat="38.618881" lon="-0.128031"><ele>227.8</ele></trkpt>
    <trkpt lat="38.61887" lon="-0.128367"><ele>227.3</ele></trkpt>
    <trkpt lat="38.618736" lon="-0.129067"><ele>225.9</ele></trkpt>
    <trkpt lat="38.618613" lon="-0.129389"><ele>225</ele></trkpt>
    <trkpt lat="38.618439" lon="-0.129575"><ele>224.1</ele></trkpt>
    <trkpt lat="38.617872" lon="-0.129868"><ele>221.7</ele></trkpt>
    <trkpt lat="38.61782" lon="-0.129894"><ele>221.6</ele></trkpt>
    <trkpt lat="38.617634" lon="-0.130125"><ele>221</ele></trkpt>
    <trkpt lat="38.617565" lon="-0.13027"><ele>220.8</ele></trkpt>
    <trkpt lat="38.61751" lon="-0.130495"><ele>220.6</ele></trkpt>
    <trkpt lat="38.617512" lon="-0.130755"><ele>220.5</ele></trkpt>
    <trkpt lat="38.617607" lon="-0.131056"><ele>220.5</ele></trkpt>
    <trkpt lat="38.617681" lon="-0.131183"><ele>220.5</ele></trkpt>
    <trkpt lat="38.617859" lon="-0.131398"><ele>220.7</ele></trkpt>
    <trkpt lat="38.618815" lon="-0.132193"><ele>223.9</ele></trkpt>
    <trkpt lat="38.61901" lon="-0.132393"><ele>224.6</ele></trkpt>
    <trkpt lat="38.619555" lon="-0.13303"><ele>226.2</ele></trkpt>
    <trkpt lat="38.620253" lon="-0.133847"><ele>226.9</ele></trkpt>
    <trkpt lat="38.620644" lon="-0.134292"><ele>226.8</ele></trkpt>
    <trkpt lat="38.620857" lon="-0.134537"><ele>226.4</ele></trkpt>
    <trkpt lat="38.620992" lon="-0.134651"><ele>226.1</ele></trkpt>
    <trkpt lat="38.621111" lon="-0.134707"><ele>225.9</ele></trkpt>
    <trkpt lat="38.621233" lon="-0.134722"><ele>225.6</ele></trkpt>
    <trkpt lat="38.621473" lon="-0.134679"><ele>225</ele></trkpt>
    <trkpt lat="38.621595" lon="-0.134599"><ele>224.6</ele></trkpt>
    <trkpt lat="38.621865" lon="-0.134428"><ele>223.6</ele></trkpt>
    <trkpt lat="38.621961" lon="-0.134367"><ele>223.1</ele></trkpt>
    <trkpt lat="38.622511" lon="-0.134011"><ele>220.4</ele></trkpt>
    <trkpt lat="38.622624" lon="-0.133865"><ele>219.8</ele></trkpt>
    <trkpt lat="38.622716" lon="-0.133642"><ele>219.2</ele></trkpt>
    <trkpt lat="38.622732" lon="-0.13355"><ele>219</ele></trkpt>
    <trkpt lat="38.622736" lon="-0.133105"><ele>218</ele></trkpt>
    <trkpt lat="38.622709" lon="-0.132549"><ele>216.4</ele></trkpt>
    <trkpt lat="38.622689" lon="-0.132502"><ele>216.2</ele></trkpt>
    <trkpt lat="38.622688" lon="-0.132303"><ele>215.6</ele></trkpt>
    <trkpt lat="38.622656" lon="-0.132212"><ele>215.4</ele></trkpt>
    <trkpt lat="38.622681" lon="-0.13211"><ele>215.1</ele></trkpt>
    <trkpt lat="38.622748" lon="-0.132056"><ele>214.9</ele></trkpt>
    <trkpt lat="38.622888" lon="-0.131881"><ele>214.3</ele></trkpt>
    <trkpt lat="38.622963" lon="-0.13183"><ele>214.1</ele></trkpt>
    <trkpt lat="38.623077" lon="-0.131759"><ele>213.7</ele></trkpt>
    <trkpt lat="38.623173" lon="-0.131739"><ele>213.3</ele></trkpt>
    <trkpt lat="38.624208" lon="-0.131806"><ele>207.6</ele></trkpt>
    <trkpt lat="38.624407" lon="-0.131818"><ele>206.6</ele></trkpt>
    <trkpt lat="38.62501" lon="-0.131854"><ele>204</ele></trkpt>
    <trkpt lat="38.625503" lon="-0.131855"><ele>201.7</ele></trkpt>
    <trkpt lat="38.625772" lon="-0.13179"><ele>200.6</ele></trkpt>
    <trkpt lat="38.625961" lon="-0.131659"><ele>199.8</ele></trkpt>
    <trkpt lat="38.626095" lon="-0.131504"><ele>199.2</ele></trkpt>
    <trkpt lat="38.626148" lon="-0.131407"><ele>198.9</ele></trkpt>
    <trkpt lat="38.626281" lon="-0.131047"><ele>197.7</ele></trkpt>
    <trkpt lat="38.626596" lon="-0.12901"><ele>189.2</ele></trkpt>
    <trkpt lat="38.626662" lon="-0.128734"><ele>187.8</ele></trkpt>
    <trkpt lat="38.62683" lon="-0.12837"><ele>185.5</ele></trkpt>
    <trkpt lat="38.627466" lon="-0.127333"><ele>178.6</ele></trkpt>
    <trkpt lat="38.62762" lon="-0.126943"><ele>176.4</ele></trkpt>
    <trkpt lat="38.627664" lon="-0.126601"><ele>174.9</ele></trkpt>
    <trkpt lat="38.627599" lon="-0.125405"><ele>171.8</ele></trkpt>
    <trkpt lat="38.627617" lon="-0.125103"><ele>171.5</ele></trkpt>
    <trkpt lat="38.627651" lon="-0.124951"><ele>171.4</ele></trkpt>
    <trkpt lat="38.627699" lon="-0.124793"><ele>171.4</ele></trkpt>
    <trkpt lat="38.627823" lon="-0.124525"><ele>171.4</ele></trkpt>
    <trkpt lat="38.628575" lon="-0.123528"><ele>174</ele></trkpt>
    <trkpt lat="38.628709" lon="-0.123382"><ele>174.4</ele></trkpt>
    <trkpt lat="38.629019" lon="-0.123151"><ele>175</ele></trkpt>
    <trkpt lat="38.629413" lon="-0.123043"><ele>175.2</ele></trkpt>
    <trkpt lat="38.630749" lon="-0.123037"><ele>171.9</ele></trkpt>
    <trkpt lat="38.631272" lon="-0.123093"><ele>169.3</ele></trkpt>
    <trkpt lat="38.631968" lon="-0.123378"><ele>164.4</ele></trkpt>
    <trkpt lat="38.632276" lon="-0.123422"><ele>162.1</ele></trkpt>
    <trkpt lat="38.632585" lon="-0.123395"><ele>159.9</ele></trkpt>
    <trkpt lat="38.632734" lon="-0.123318"><ele>158.8</ele></trkpt>
    <trkpt lat="38.632975" lon="-0.123101"><ele>156.8</ele></trkpt>
    <trkpt lat="38.633324" lon="-0.12265"><ele>153.9</ele></trkpt>
    <trkpt lat="38.633659" lon="-0.122058"><ele>151.4</ele></trkpt>
    <trkpt lat="38.633824" lon="-0.121645"><ele>150.1</ele></trkpt>
    <trkpt lat="38.634003" lon="-0.120739"><ele>145</ele></trkpt>
    <trkpt lat="38.634073" lon="-0.120537"><ele>143.5</ele></trkpt>
    <trkpt lat="38.63427" lon="-0.120219"><ele>140.2</ele></trkpt>
    <trkpt lat="38.63447" lon="-0.119977"><ele>137</ele></trkpt>
    <trkpt lat="38.634536" lon="-0.119907"><ele>135.9</ele></trkpt>
    <trkpt lat="38.635599" lon="-0.118773"><ele>123.7</ele></trkpt>
    <trkpt lat="38.635732" lon="-0.118678"><ele>123.7</ele></trkpt>
    <trkpt lat="38.635955" lon="-0.118622"><ele>124.1</ele></trkpt>
    <trkpt lat="38.636122" lon="-0.118657"><ele>124.7</ele></trkpt>
    <trkpt lat="38.636627" lon="-0.118917"><ele>128.1</ele></trkpt>
    <trkpt lat="38.637581" lon="-0.119395"><ele>137.6</ele></trkpt>
    <trkpt lat="38.637821" lon="-0.119488"><ele>139.8</ele></trkpt>
    <trkpt lat="38.638039" lon="-0.119528"><ele>141.8</ele></trkpt>
    <trkpt lat="38.639721" lon="-0.119544"><ele>158.6</ele></trkpt>
    <trkpt lat="38.64004" lon="-0.119474"><ele>161.4</ele></trkpt>
    <trkpt lat="38.640608" lon="-0.119253"><ele>165.4</ele></trkpt>
    <trkpt lat="38.64181" lon="-0.118777"><ele>170.8</ele></trkpt>
    <trkpt lat="38.642081" lon="-0.118697"><ele>171.8</ele></trkpt>
    <trkpt lat="38.642303" lon="-0.118675"><ele>172.7</ele></trkpt>
    <trkpt lat="38.642555" lon="-0.118704"><ele>173.6</ele></trkpt>
    <trkpt lat="38.642812" lon="-0.118818"><ele>174.8</ele></trkpt>
    <trkpt lat="38.643056" lon="-0.119021"><ele>176</ele></trkpt>
    <trkpt lat="38.643267" lon="-0.119292"><ele>177.4</ele></trkpt>
    <trkpt lat="38.64367" lon="-0.120028"><ele>180.9</ele></trkpt>
    <trkpt lat="38.643898" lon="-0.120438"><ele>183</ele></trkpt>
    <trkpt lat="38.644022" lon="-0.120598"><ele>184</ele></trkpt>
    <trkpt lat="38.64426" lon="-0.12076"><ele>185.5</ele></trkpt>
    <trkpt lat="38.644536" lon="-0.120853"><ele>187.1</ele></trkpt>
    <trkpt lat="38.645254" lon="-0.121032"><ele>191.6</ele></trkpt>
    <trkpt lat="38.646529" lon="-0.12135"><ele>201.2</ele></trkpt>
    <trkpt lat="38.647003" lon="-0.121468"><ele>205.4</ele></trkpt>
    <trkpt lat="38.647185" lon="-0.121502"><ele>206.9</ele></trkpt>
    <trkpt lat="38.647532" lon="-0.121544"><ele>209.9</ele></trkpt>
    <trkpt lat="38.647714" lon="-0.121561"><ele>211.4</ele></trkpt>
    <trkpt lat="38.64791" lon="-0.12158"><ele>213</ele></trkpt>
    <trkpt lat="38.647998" lon="-0.121588"><ele>213.6</ele></trkpt>
    <trkpt lat="38.64812" lon="-0.121599"><ele>214.5</ele></trkpt>
    <trkpt lat="38.648161" lon="-0.121603"><ele>214.8</ele></trkpt>
    <trkpt lat="38.64841" lon="-0.121626"><ele>216.6</ele></trkpt>
    <trkpt lat="38.648503" lon="-0.121635"><ele>217.3</ele></trkpt>
    <trkpt lat="38.648551" lon="-0.12164"><ele>217.7</ele></trkpt>
    <trkpt lat="38.648776" lon="-0.12166"><ele>219.5</ele></trkpt>
    <trkpt lat="38.649079" lon="-0.121689"><ele>221.8</ele></trkpt>
    <trkpt lat="38.649334" lon="-0.12171"><ele>223.9</ele></trkpt>
    <trkpt lat="38.649434" lon="-0.121719"><ele>224.6</ele></trkpt>
    <trkpt lat="38.649625" lon="-0.121735"><ele>226</ele></trkpt>
    <trkpt lat="38.64976" lon="-0.121684"><ele>227</ele></trkpt>
    <trkpt lat="38.64977" lon="-0.12161"><ele>227.4</ele></trkpt>
    <trkpt lat="38.649838" lon="-0.121541"><ele>228</ele></trkpt>
    <trkpt lat="38.6499" lon="-0.121546"><ele>228.4</ele></trkpt>
    <trkpt lat="38.649963" lon="-0.121632"><ele>229</ele></trkpt>
    <trkpt lat="38.650343" lon="-0.12078"><ele>231.8</ele></trkpt>
    <trkpt lat="38.650363" lon="-0.120736"><ele>231.7</ele></trkpt>
    <trkpt lat="38.650475" lon="-0.120613"><ele>231.4</ele></trkpt>
    <trkpt lat="38.650653" lon="-0.120528"><ele>230.5</ele></trkpt>
    <trkpt lat="38.650938" lon="-0.120502"><ele>228.9</ele></trkpt>
    <trkpt lat="38.651009" lon="-0.120496"><ele>228.5</ele></trkpt>
    <trkpt lat="38.651181" lon="-0.120454"><ele>227.4</ele></trkpt>
    <trkpt lat="38.651239" lon="-0.120408"><ele>226.9</ele></trkpt>
    <trkpt lat="38.651315" lon="-0.120321"><ele>226.1</ele></trkpt>
    <trkpt lat="38.651371" lon="-0.120209"><ele>225.1</ele></trkpt>
    <trkpt lat="38.651399" lon="-0.120115"><ele>224.3</ele></trkpt>
    <trkpt lat="38.651403" lon="-0.119943"><ele>222.8</ele></trkpt>
    <trkpt lat="38.651356" lon="-0.119806"><ele>221.5</ele></trkpt>
    <trkpt lat="38.651133" lon="-0.119496"><ele>217.7</ele></trkpt>
    <trkpt lat="38.651021" lon="-0.119291"><ele>215.5</ele></trkpt>
    <trkpt lat="38.650951" lon="-0.119089"><ele>213.6</ele></trkpt>
    <trkpt lat="38.650922" lon="-0.118863"><ele>211.7</ele></trkpt>
    <trkpt lat="38.651016" lon="-0.117579"><ele>201.4</ele></trkpt>
    <trkpt lat="38.650917" lon="-0.116261"><ele>193.2</ele></trkpt>
    <trkpt lat="38.650936" lon="-0.115955"><ele>191.8</ele></trkpt>
    <trkpt lat="38.650986" lon="-0.115721"><ele>190.7</ele></trkpt>
    <trkpt lat="38.651048" lon="-0.115464"><ele>189.6</ele></trkpt>
    <trkpt lat="38.651159" lon="-0.115019"><ele>187.7</ele></trkpt>
    <trkpt lat="38.651217" lon="-0.114885"><ele>187</ele></trkpt>
    <trkpt lat="38.651344" lon="-0.114702"><ele>186</ele></trkpt>
    <trkpt lat="38.652478" lon="-0.113355"><ele>174.8</ele></trkpt>
    <trkpt lat="38.652535" lon="-0.113253"><ele>174</ele></trkpt>
    <trkpt lat="38.652573" lon="-0.113021"><ele>172.7</ele></trkpt>
    <trkpt lat="38.652432" lon="-0.112306"><ele>169.4</ele></trkpt>
    <trkpt lat="38.652424" lon="-0.112117"><ele>168.7</ele></trkpt>
    <trkpt lat="38.652449" lon="-0.111987"><ele>168.3</ele></trkpt>
    <trkpt lat="38.652531" lon="-0.111776"><ele>167.7</ele></trkpt>
    <trkpt lat="38.65269" lon="-0.111511"><ele>167</ele></trkpt>
    <trkpt lat="38.652764" lon="-0.111454"><ele>166.8</ele></trkpt>
    <trkpt lat="38.652883" lon="-0.111436"><ele>166.5</ele></trkpt>
    <trkpt lat="38.654044" lon="-0.11176"><ele>165.3</ele></trkpt>
    <trkpt lat="38.654179" lon="-0.111764"><ele>165.1</ele></trkpt>
    <trkpt lat="38.654242" lon="-0.111732"><ele>165</ele></trkpt>
    <trkpt lat="38.654312" lon="-0.111653"><ele>164.7</ele></trkpt>
    <trkpt lat="38.654437" lon="-0.111436"><ele>164.3</ele></trkpt>
    <trkpt lat="38.654447" lon="-0.111376"><ele>164.1</ele></trkpt>
    <trkpt lat="38.654437" lon="-0.111273"><ele>163.9</ele></trkpt>
    <trkpt lat="38.654392" lon="-0.111184"><ele>163.7</ele></trkpt>
    <trkpt lat="38.653319" lon="-0.110224"><ele>161.1</ele></trkpt>
    <trkpt lat="38.653249" lon="-0.110122"><ele>161.3</ele></trkpt>
    <trkpt lat="38.653211" lon="-0.110014"><ele>161.4</ele></trkpt>
    <trkpt lat="38.653192" lon="-0.109785"><ele>161.8</ele></trkpt>
    <trkpt lat="38.6534" lon="-0.10846"><ele>167.3</ele></trkpt>
    <trkpt lat="38.653467" lon="-0.108064"><ele>169.6</ele></trkpt>
    <trkpt lat="38.653594" lon="-0.107501"><ele>172.3</ele></trkpt>
    <trkpt lat="38.653713" lon="-0.107308"><ele>173.2</ele></trkpt>
    <trkpt lat="38.653804" lon="-0.107215"><ele>173.7</ele></trkpt>
    <trkpt lat="38.653961" lon="-0.107117"><ele>174.1</ele></trkpt>
    <trkpt lat="38.654345" lon="-0.107024"><ele>174.4</ele></trkpt>
    <trkpt lat="38.654659" lon="-0.106948"><ele>174.1</ele></trkpt>
    <trkpt lat="38.655323" lon="-0.106801"><ele>172.5</ele></trkpt>
    <trkpt lat="38.655531" lon="-0.106799"><ele>171.9</ele></trkpt>
    <trkpt lat="38.656008" lon="-0.106878"><ele>170.5</ele></trkpt>
    <trkpt lat="38.656111" lon="-0.10687"><ele>170.3</ele></trkpt>
    <trkpt lat="38.656245" lon="-0.106797"><ele>170.1</ele></trkpt>
    <trkpt lat="38.656314" lon="-0.106712"><ele>170</ele></trkpt>
    <trkpt lat="38.656385" lon="-0.106554"><ele>170</ele></trkpt>
    <trkpt lat="38.656681" lon="-0.105327"><ele>170.3</ele></trkpt>
    <trkpt lat="38.656754" lon="-0.105145"><ele>170.7</ele></trkpt>
    <trkpt lat="38.656854" lon="-0.105033"><ele>171.1</ele></trkpt>
    <trkpt lat="38.656959" lon="-0.104982"><ele>171.5</ele></trkpt>
    <trkpt lat="38.65733" lon="-0.104934"><ele>173</ele></trkpt>
    <trkpt lat="38.657499" lon="-0.104946"><ele>173.8</ele></trkpt>
    <trkpt lat="38.657614" lon="-0.105019"><ele>174.5</ele></trkpt>
    <trkpt lat="38.657872" lon="-0.105255"><ele>176</ele></trkpt>
    <trkpt lat="38.65804" lon="-0.105299"><ele>176.9</ele></trkpt>
    <trkpt lat="38.658475" lon="-0.105127"><ele>179.5</ele></trkpt>
    <trkpt lat="38.658921" lon="-0.105155"><ele>182</ele></trkpt>
    <trkpt lat="38.659036" lon="-0.105095"><ele>182.6</ele></trkpt>
    <trkpt lat="38.659366" lon="-0.104756"><ele>184.4</ele></trkpt>
    <trkpt lat="38.659557" lon="-0.104678"><ele>185.5</ele></trkpt>
    <trkpt lat="38.66" lon="-0.10459"><ele>188.9</ele></trkpt>
    <trkpt lat="38.660147" lon="-0.104533"><ele>190.3</ele></trkpt>
    <trkpt lat="38.660342" lon="-0.1044"><ele>192.5</ele></trkpt>
    <trkpt lat="38.660511" lon="-0.10429"><ele>194.4</ele></trkpt>
    <trkpt lat="38.66064" lon="-0.104275"><ele>195.6</ele></trkpt>
    <trkpt lat="38.660703" lon="-0.104313"><ele>196.3</ele></trkpt>
    <trkpt lat="38.660763" lon="-0.104384"><ele>197</ele></trkpt>
    <trkpt lat="38.661037" lon="-0.104998"><ele>200.4</ele></trkpt>
    <trkpt lat="38.661139" lon="-0.105355"><ele>200.9</ele></trkpt>
    <trkpt lat="38.661195" lon="-0.105422"><ele>200.7</ele></trkpt>
    <trkpt lat="38.661244" lon="-0.105438"><ele>200.6</ele></trkpt>
    <trkpt lat="38.6613" lon="-0.105433"><ele>200.5</ele></trkpt>
    <trkpt lat="38.661353" lon="-0.105389"><ele>200.2</ele></trkpt>
    <trkpt lat="38.66152" lon="-0.105191"><ele>199</ele></trkpt>
    <trkpt lat="38.661793" lon="-0.104767"><ele>195.4</ele></trkpt>
    <trkpt lat="38.661897" lon="-0.104681"><ele>194.2</ele></trkpt>
    <trkpt lat="38.662048" lon="-0.104665"><ele>192.8</ele></trkpt>
    <trkpt lat="38.662425" lon="-0.104547"><ele>189.6</ele></trkpt>
    <trkpt lat="38.662597" lon="-0.104563"><ele>188.4</ele></trkpt>
    <trkpt lat="38.662723" lon="-0.104628"><ele>187.7</ele></trkpt>
    <trkpt lat="38.662844" lon="-0.104799"><ele>187</ele></trkpt>
    <trkpt lat="38.663089" lon="-0.105264"><ele>186.4</ele></trkpt>
    <trkpt lat="38.663488" lon="-0.105774"><ele>186.1</ele></trkpt>
    <trkpt lat="38.663538" lon="-0.105906"><ele>185.9</ele></trkpt>
    <trkpt lat="38.663558" lon="-0.106044"><ele>185.6</ele></trkpt>
    <trkpt lat="38.663548" lon="-0.106586"><ele>183.4</ele></trkpt>
    <trkpt lat="38.663588" lon="-0.10684"><ele>181.9</ele></trkpt>
    <trkpt lat="38.663667" lon="-0.106942"><ele>181</ele></trkpt>
    <trkpt lat="38.663921" lon="-0.107074"><ele>178.7</ele></trkpt>
    <trkpt lat="38.66402" lon="-0.107057"><ele>177.8</ele></trkpt>
    <trkpt lat="38.664085" lon="-0.107006"><ele>177.1</ele></trkpt>
    <trkpt lat="38.664356" lon="-0.106698"><ele>174.3</ele></trkpt>
    <trkpt lat="38.66452" lon="-0.106144"><ele>172.3</ele></trkpt>
    <trkpt lat="38.664645" lon="-0.105894"><ele>172.2</ele></trkpt>
    <trkpt lat="38.664732" lon="-0.105796"><ele>172.4</ele></trkpt>
    <trkpt lat="38.66488" lon="-0.105741"><ele>173</ele></trkpt>
    <trkpt lat="38.66507" lon="-0.105738"><ele>174.2</ele></trkpt>
    <trkpt lat="38.665179" lon="-0.105759"><ele>175</ele></trkpt>
    <trkpt lat="38.665638" lon="-0.105953"><ele>179.7</ele></trkpt>
    <trkpt lat="38.666107" lon="-0.105808"><ele>185.5</ele></trkpt>
    <trkpt lat="38.666454" lon="-0.105914"><ele>189.6</ele></trkpt>
    <trkpt lat="38.666571" lon="-0.105916"><ele>190.8</ele></trkpt>
    <trkpt lat="38.666614" lon="-0.105897"><ele>191.2</ele></trkpt>
    <trkpt lat="38.666677" lon="-0.105816"><ele>192</ele></trkpt>
    <trkpt lat="38.666755" lon="-0.105484"><ele>194</ele></trkpt>
    <trkpt lat="38.666854" lon="-0.105316"><ele>194.9</ele></trkpt>
    <trkpt lat="38.667102" lon="-0.105194"><ele>196</ele></trkpt>
    <trkpt lat="38.667795" lon="-0.10487"><ele>196.7</ele></trkpt>
    <trkpt lat="38.668076" lon="-0.104794"><ele>196.2</ele></trkpt>
    <trkpt lat="38.668237" lon="-0.104843"><ele>195.8</ele></trkpt>
    <trkpt lat="38.668547" lon="-0.105003"><ele>195</ele></trkpt>
    <trkpt lat="38.668622" lon="-0.105148"><ele>194.7</ele></trkpt>
    <trkpt lat="38.668664" lon="-0.105336"><ele>194.4</ele></trkpt>
    <trkpt lat="38.668624" lon="-0.105615"><ele>194</ele></trkpt>
    <trkpt lat="38.668628" lon="-0.105829"><ele>193.7</ele></trkpt>
    <trkpt lat="38.668672" lon="-0.105942"><ele>193.5</ele></trkpt>
    <trkpt lat="38.668796" lon="-0.106065"><ele>193.3</ele></trkpt>
    <trkpt lat="38.670268" lon="-0.106549"><ele>190.9</ele></trkpt>
    <trkpt lat="38.670601" lon="-0.106715"><ele>190.7</ele></trkpt>
    <trkpt lat="38.673675" lon="-0.109322"><ele>194.9</ele></trkpt>
    <trkpt lat="38.674035" lon="-0.109504"><ele>196.1</ele></trkpt>
    <trkpt lat="38.674626" lon="-0.109751"><ele>198.5</ele></trkpt>
    <trkpt lat="38.676065" lon="-0.110764"><ele>203.3</ele></trkpt>
    <trkpt lat="38.676353" lon="-0.110968"><ele>204.1</ele></trkpt>
    <trkpt lat="38.677058" lon="-0.111465"><ele>208.2</ele></trkpt>
    <trkpt lat="38.677091" lon="-0.111486"><ele>208.4</ele></trkpt>
    <trkpt lat="38.677355" lon="-0.111677"><ele>210.8</ele></trkpt>
    <trkpt lat="38.677427" lon="-0.111768"><ele>211.8</ele></trkpt>
    <trkpt lat="38.677512" lon="-0.112314"><ele>215.3</ele></trkpt>
    <trkpt lat="38.677602" lon="-0.112525"><ele>216.8</ele></trkpt>
    <trkpt lat="38.677792" lon="-0.112708"><ele>218.6</ele></trkpt>
    <trkpt lat="38.677984" lon="-0.112795"><ele>219.8</ele></trkpt>
    <trkpt lat="38.678251" lon="-0.112879"><ele>221.3</ele></trkpt>
    <trkpt lat="38.67865" lon="-0.113161"><ele>223.5</ele></trkpt>
    <trkpt lat="38.679054" lon="-0.113507"><ele>223.8</ele></trkpt>
    <trkpt lat="38.679212" lon="-0.113577"><ele>224</ele></trkpt>
    <trkpt lat="38.679256" lon="-0.113584"><ele>224.1</ele></trkpt>
    <trkpt lat="38.679339" lon="-0.113579"><ele>224.3</ele></trkpt>
    <trkpt lat="38.679412" lon="-0.113539"><ele>224.5</ele></trkpt>
    <trkpt lat="38.679458" lon="-0.113443"><ele>224.6</ele></trkpt>
    <trkpt lat="38.679484" lon="-0.113101"><ele>225.4</ele></trkpt>
    <trkpt lat="38.679559" lon="-0.112877"><ele>226.1</ele></trkpt>
    <trkpt lat="38.67989" lon="-0.112487"><ele>228.1</ele></trkpt>
    <trkpt lat="38.680534" lon="-0.111529"><ele>233.8</ele></trkpt>
    <trkpt lat="38.680644" lon="-0.111422"><ele>234.8</ele></trkpt>
    <trkpt lat="38.680812" lon="-0.111376"><ele>236.1</ele></trkpt>
    <trkpt lat="38.680969" lon="-0.111405"><ele>237.2</ele></trkpt>
    <trkpt lat="38.681191" lon="-0.11152"><ele>238.6</ele></trkpt>
    <trkpt lat="38.68134" lon="-0.111648"><ele>239.3</ele></trkpt>
    <trkpt lat="38.681459" lon="-0.111829"><ele>239.6</ele></trkpt>
    <trkpt lat="38.681722" lon="-0.112519"><ele>239.6</ele></trkpt>
    <trkpt lat="38.681886" lon="-0.112705"><ele>239.3</ele></trkpt>
    <trkpt lat="38.682011" lon="-0.11276"><ele>239.2</ele></trkpt>
    <trkpt lat="38.682084" lon="-0.112755"><ele>239.1</ele></trkpt>
    <trkpt lat="38.682279" lon="-0.112613"><ele>238.9</ele></trkpt>
    <trkpt lat="38.68238" lon="-0.112489"><ele>238.8</ele></trkpt>
    <trkpt lat="38.682374" lon="-0.112381"><ele>238.7</ele></trkpt>
    <trkpt lat="38.682276" lon="-0.112221"><ele>238.6</ele></trkpt>
    <trkpt lat="38.682245" lon="-0.112121"><ele>238.7</ele></trkpt>
    <trkpt lat="38.682268" lon="-0.11203"><ele>238.6</ele></trkpt>
    <trkpt lat="38.682329" lon="-0.111993"><ele>238.7</ele></trkpt>
    <trkpt lat="38.68238" lon="-0.111995"><ele>238.8</ele></trkpt>
    <trkpt lat="38.683644" lon="-0.112691"><ele>247.5</ele></trkpt>
    <trkpt lat="38.683715" lon="-0.112675"><ele>248</ele></trkpt>
    <trkpt lat="38.683769" lon="-0.112552"><ele>248.8</ele></trkpt>
    <trkpt lat="38.68374" lon="-0.112457"><ele>249.4</ele></trkpt>
    <trkpt lat="38.6836" lon="-0.112388"><ele>250.4</ele></trkpt>
    <trkpt lat="38.683256" lon="-0.112262"><ele>252.3</ele></trkpt>
    <trkpt lat="38.683155" lon="-0.112179"><ele>252.9</ele></trkpt>
    <trkpt lat="38.682893" lon="-0.111783"><ele>253.8</ele></trkpt>
    <trkpt lat="38.682585" lon="-0.111225"><ele>252.8</ele></trkpt>
    <trkpt lat="38.68249" lon="-0.111168"><ele>252.9</ele></trkpt>
    <trkpt lat="38.682196" lon="-0.111121"><ele>253.5</ele></trkpt>
    <trkpt lat="38.682103" lon="-0.111078"><ele>253.8</ele></trkpt>
    <trkpt lat="38.681941" lon="-0.110857"><ele>254.8</ele></trkpt>
    <trkpt lat="38.681916" lon="-0.11078"><ele>255.1</ele></trkpt>
    <trkpt lat="38.681916" lon="-0.110657"><ele>255.6</ele></trkpt>
    <trkpt lat="38.682005" lon="-0.110507"><ele>256.6</ele></trkpt>
    <trkpt lat="38.682348" lon="-0.110346"><ele>259.8</ele></trkpt>
    <trkpt lat="38.682413" lon="-0.110252"><ele>260.8</ele></trkpt>
    <trkpt lat="38.682474" lon="-0.11"><ele>263.3</ele></trkpt>
    <trkpt lat="38.682727" lon="-0.109917"><ele>267</ele></trkpt>
    <trkpt lat="38.682798" lon="-0.109861"><ele>268.2</ele></trkpt>
    <trkpt lat="38.682893" lon="-0.109619"><ele>271</ele></trkpt>
    <trkpt lat="38.682941" lon="-0.109268"><ele>273.8</ele></trkpt>
    <trkpt lat="38.683016" lon="-0.108938"><ele>276.1</ele></trkpt>
    <trkpt lat="38.683008" lon="-0.108841"><ele>276.7</ele></trkpt>
    <trkpt lat="38.682937" lon="-0.108643"><ele>277.9</ele></trkpt>
    <trkpt lat="38.68284" lon="-0.108483"><ele>279</ele></trkpt>
    <trkpt lat="38.682506" lon="-0.108075"><ele>282</ele></trkpt>
    <trkpt lat="38.682358" lon="-0.107406"><ele>286</ele></trkpt>
    <trkpt lat="38.682362" lon="-0.107319"><ele>286.5</ele></trkpt>
    <trkpt lat="38.682426" lon="-0.107146"><ele>287.7</ele></trkpt>
    <trkpt lat="38.682837" lon="-0.106943"><ele>292</ele></trkpt>
    <trkpt lat="38.682878" lon="-0.106878"><ele>292.8</ele></trkpt>
    <trkpt lat="38.682896" lon="-0.106728"><ele>294.1</ele></trkpt>
    <trkpt lat="38.682883" lon="-0.106328"><ele>297.5</ele></trkpt>
    <trkpt lat="38.682938" lon="-0.106191"><ele>298.7</ele></trkpt>
    <trkpt lat="38.683136" lon="-0.105932"><ele>301.3</ele></trkpt>
    <trkpt lat="38.683257" lon="-0.10573"><ele>302.8</ele></trkpt>
    <trkpt lat="38.683298" lon="-0.10561"><ele>303.5</ele></trkpt>
    <trkpt lat="38.683306" lon="-0.105474"><ele>304.1</ele></trkpt>
    <trkpt lat="38.683253" lon="-0.105318"><ele>304.9</ele></trkpt>
    <trkpt lat="38.683141" lon="-0.105106"><ele>305.9</ele></trkpt>
    <trkpt lat="38.683112" lon="-0.104937"><ele>306.6</ele></trkpt>
    <trkpt lat="38.683168" lon="-0.104779"><ele>307.2</ele></trkpt>
    <trkpt lat="38.683457" lon="-0.10443"><ele>308.6</ele></trkpt>
    <trkpt lat="38.683526" lon="-0.104259"><ele>309</ele></trkpt>
    <trkpt lat="38.683523" lon="-0.104169"><ele>309.2</ele></trkpt>
    <trkpt lat="38.683369" lon="-0.103816"><ele>310.1</ele></trkpt>
    <trkpt lat="38.683322" lon="-0.103648"><ele>310.5</ele></trkpt>
    <trkpt lat="38.683318" lon="-0.103467"><ele>311</ele></trkpt>
    <trkpt lat="38.683726" lon="-0.102697"><ele>314.1</ele></trkpt>
    <trkpt lat="38.684011" lon="-0.102394"><ele>316.3</ele></trkpt>
    <trkpt lat="38.684084" lon="-0.102258"><ele>317.2</ele></trkpt>
    <trkpt lat="38.68413" lon="-0.102089"><ele>318.2</ele></trkpt>
    <trkpt lat="38.684232" lon="-0.101347"><ele>323.4</ele></trkpt>
    <trkpt lat="38.684234" lon="-0.101256"><ele>324.1</ele></trkpt>
    <trkpt lat="38.684207" lon="-0.101192"><ele>324.8</ele></trkpt>
    <trkpt lat="38.684155" lon="-0.101165"><ele>325.4</ele></trkpt>
    <trkpt lat="38.684098" lon="-0.10117"><ele>326</ele></trkpt>
    <trkpt lat="38.683974" lon="-0.101251"><ele>327.6</ele></trkpt>
    <trkpt lat="38.683913" lon="-0.101332"><ele>328.6</ele></trkpt>
    <trkpt lat="38.683687" lon="-0.10181"><ele>333.3</ele></trkpt>
    <trkpt lat="38.683652" lon="-0.101861"><ele>333.8</ele></trkpt>
    <trkpt lat="38.683582" lon="-0.101894"><ele>334.5</ele></trkpt>
    <trkpt lat="38.683503" lon="-0.101874"><ele>335.2</ele></trkpt>
    <trkpt lat="38.683447" lon="-0.101814"><ele>335.8</ele></trkpt>
    <trkpt lat="38.683413" lon="-0.101721"><ele>336.5</ele></trkpt>
    <trkpt lat="38.683418" lon="-0.101599"><ele>337.2</ele></trkpt>
    <trkpt lat="38.68349" lon="-0.101364"><ele>338.7</ele></trkpt>
    <trkpt lat="38.68372" lon="-0.100918"><ele>342.7</ele></trkpt>
    <trkpt lat="38.684179" lon="-0.100371"><ele>347.1</ele></trkpt>
    <trkpt lat="38.684387" lon="-0.100022"><ele>348.6</ele></trkpt>
    <trkpt lat="38.684914" lon="-0.099159"><ele>352.3</ele></trkpt>
    <trkpt lat="38.68495" lon="-0.099141"><ele>352.5</ele></trkpt>
    <trkpt lat="38.685022" lon="-0.09916"><ele>352.8</ele></trkpt>
    <trkpt lat="38.685202" lon="-0.099357"><ele>353.4</ele></trkpt>
    <trkpt lat="38.685338" lon="-0.099422"><ele>353.8</ele></trkpt>
    <trkpt lat="38.685387" lon="-0.09942"><ele>353.9</ele></trkpt>
    <trkpt lat="38.685461" lon="-0.09936"><ele>354.3</ele></trkpt>
    <trkpt lat="38.685466" lon="-0.099275"><ele>354.6</ele></trkpt>
    <trkpt lat="38.685401" lon="-0.099228"><ele>354.9</ele></trkpt>
    <trkpt lat="38.685214" lon="-0.099207"><ele>355.9</ele></trkpt>
    <trkpt lat="38.685183" lon="-0.099166"><ele>356.2</ele></trkpt>
    <trkpt lat="38.685184" lon="-0.099114"><ele>356.4</ele></trkpt>
    <trkpt lat="38.68521" lon="-0.099078"><ele>356.7</ele></trkpt>
    <trkpt lat="38.685222" lon="-0.09906"><ele>356.8</ele></trkpt>
    <trkpt lat="38.685379" lon="-0.099057"><ele>357.9</ele></trkpt>
    <trkpt lat="38.685701" lon="-0.099148"><ele>360.8</ele></trkpt>
    <trkpt lat="38.685859" lon="-0.099148"><ele>362.4</ele></trkpt>
    <trkpt lat="38.686111" lon="-0.09911"><ele>365.2</ele></trkpt>
    <trkpt lat="38.686358" lon="-0.098939"><ele>368.6</ele></trkpt>
    <trkpt lat="38.686592" lon="-0.098585"><ele>372.9</ele></trkpt>
    <trkpt lat="38.686806" lon="-0.098075"><ele>378.1</ele></trkpt>
    <trkpt lat="38.687116" lon="-0.096696"><ele>391.5</ele></trkpt>
    <trkpt lat="38.687141" lon="-0.095886"><ele>398.9</ele></trkpt>
    <trkpt lat="38.687128" lon="-0.095618"><ele>401.2</ele></trkpt>
    <trkpt lat="38.68704" lon="-0.095232"><ele>404.4</ele></trkpt>
    <trkpt lat="38.686701" lon="-0.092813"><ele>416.2</ele></trkpt>
    <trkpt lat="38.686735" lon="-0.092711"><ele>416.2</ele></trkpt>
    <trkpt lat="38.686852" lon="-0.092614"><ele>416.1</ele></trkpt>
    <trkpt lat="38.686966" lon="-0.092609"><ele>416</ele></trkpt>
    <trkpt lat="38.687104" lon="-0.0927"><ele>415.8</ele></trkpt>
    <trkpt lat="38.687463" lon="-0.093322"><ele>415</ele></trkpt>
    <trkpt lat="38.687585" lon="-0.093425"><ele>415</ele></trkpt>
    <trkpt lat="38.687731" lon="-0.093478"><ele>415.1</ele></trkpt>
    <trkpt lat="38.687894" lon="-0.093472"><ele>415.5</ele></trkpt>
    <trkpt lat="38.688309" lon="-0.093285"><ele>417.5</ele></trkpt>
    <trkpt lat="38.688518" lon="-0.093258"><ele>418.9</ele></trkpt>
    <trkpt lat="38.688967" lon="-0.09328"><ele>422.4</ele></trkpt>
    <trkpt lat="38.689079" lon="-0.09322"><ele>423.3</ele></trkpt>
    <trkpt lat="38.689377" lon="-0.092963"><ele>426</ele></trkpt>
    <trkpt lat="38.689453" lon="-0.092947"><ele>426.6</ele></trkpt>
    <trkpt lat="38.689524" lon="-0.093006"><ele>427.2</ele></trkpt>
    <trkpt lat="38.689599" lon="-0.093178"><ele>428.3</ele></trkpt>
    <trkpt lat="38.689692" lon="-0.093285"><ele>429.1</ele></trkpt>
    <trkpt lat="38.689997" lon="-0.093435"><ele>430.9</ele></trkpt>
    <trkpt lat="38.690617" lon="-0.094101"><ele>434.1</ele></trkpt>
    <trkpt lat="38.690692" lon="-0.094154"><ele>434.4</ele></trkpt>
    <trkpt lat="38.690767" lon="-0.094154"><ele>434.8</ele></trkpt>
    <trkpt lat="38.6908" lon="-0.094089"><ele>435</ele></trkpt>
    <trkpt lat="38.690797" lon="-0.093977"><ele>435.4</ele></trkpt>
    <trkpt lat="38.690721" lon="-0.093821"><ele>436.2</ele></trkpt>
    <trkpt lat="38.690579" lon="-0.093639"><ele>437.4</ele></trkpt>
    <trkpt lat="38.69026" lon="-0.093376"><ele>439.8</ele></trkpt>
    <trkpt lat="38.690151" lon="-0.093247"><ele>440.8</ele></trkpt>
    <trkpt lat="38.690143" lon="-0.093059"><ele>441.9</ele></trkpt>
    <trkpt lat="38.690348" lon="-0.092598"><ele>445.1</ele></trkpt>
    <trkpt lat="38.690369" lon="-0.092233"><ele>447.5</ele></trkpt>
    <trkpt lat="38.690286" lon="-0.092148"><ele>448.4</ele></trkpt>
    <trkpt lat="38.689306" lon="-0.091573"><ele>457.4</ele></trkpt>
    <trkpt lat="38.688887" lon="-0.091155"><ele>460.7</ele></trkpt>
    <trkpt lat="38.688054" lon="-0.090008"><ele>467.9</ele></trkpt>
    <trkpt lat="38.687911" lon="-0.08961"><ele>469.9</ele></trkpt>
    <trkpt lat="38.68789" lon="-0.08946"><ele>470.7</ele></trkpt>
    <trkpt lat="38.687908" lon="-0.089348"><ele>471.2</ele></trkpt>
    <trkpt lat="38.688003" lon="-0.089288"><ele>471.9</ele></trkpt>
    <trkpt lat="38.688389" lon="-0.089246"><ele>474.2</ele></trkpt>
    <trkpt lat="38.688486" lon="-0.089294"><ele>474.8</ele></trkpt>
    <trkpt lat="38.688598" lon="-0.089669"><ele>476.6</ele></trkpt>
    <trkpt lat="38.688686" lon="-0.089765"><ele>477.3</ele></trkpt>
    <trkpt lat="38.689126" lon="-0.09012"><ele>480</ele></trkpt>
    <trkpt lat="38.690493" lon="-0.090434"><ele>486.2</ele></trkpt>
    <trkpt lat="38.691022" lon="-0.090712"><ele>487.8</ele></trkpt>
    <trkpt lat="38.691416" lon="-0.09119"><ele>488.1</ele></trkpt>
    <trkpt lat="38.69147" lon="-0.091311"><ele>488.1</ele></trkpt>
    <trkpt lat="38.691603" lon="-0.092561"><ele>488.6</ele></trkpt>
    <trkpt lat="38.691673" lon="-0.092853"><ele>489</ele></trkpt>
    <trkpt lat="38.69194" lon="-0.093634"><ele>492.1</ele></trkpt>
    <trkpt lat="38.692012" lon="-0.09391"><ele>493.7</ele></trkpt>
    <trkpt lat="38.692092" lon="-0.094097"><ele>495</ele></trkpt>
    <trkpt lat="38.692139" lon="-0.094154"><ele>495.5</ele></trkpt>
    <trkpt lat="38.692224" lon="-0.09421"><ele>496.2</ele></trkpt>
    <trkpt lat="38.692393" lon="-0.094212"><ele>497.6</ele></trkpt>
    <trkpt lat="38.693522" lon="-0.094107"><ele>505.9</ele></trkpt>
    <trkpt lat="38.693647" lon="-0.094164"><ele>506.6</ele></trkpt>
    <trkpt lat="38.693709" lon="-0.094237"><ele>506.9</ele></trkpt>
    <trkpt lat="38.694024" lon="-0.094785"><ele>509</ele></trkpt>
    <trkpt lat="38.694046" lon="-0.094996"><ele>509.7</ele></trkpt>
    <trkpt lat="38.694037" lon="-0.095481"><ele>511.9</ele></trkpt>
    <trkpt lat="38.694059" lon="-0.095629"><ele>512.6</ele></trkpt>
    <trkpt lat="38.694127" lon="-0.095836"><ele>513.7</ele></trkpt>
    <trkpt lat="38.694299" lon="-0.095999"><ele>515</ele></trkpt>
    <trkpt lat="38.694609" lon="-0.09617"><ele>517.4</ele></trkpt>
    <trkpt lat="38.694943" lon="-0.09644"><ele>520.3</ele></trkpt>
    <trkpt lat="38.695344" lon="-0.096957"><ele>525</ele></trkpt>
    <trkpt lat="38.695802" lon="-0.097664"><ele>528.9</ele></trkpt>
    <trkpt lat="38.696559" lon="-0.098555"><ele>535.3</ele></trkpt>
    <trkpt lat="38.696638" lon="-0.098683"><ele>536.2</ele></trkpt>
    <trkpt lat="38.696748" lon="-0.098972"><ele>538.1</ele></trkpt>
    <trkpt lat="38.696918" lon="-0.099568"><ele>541.8</ele></trkpt>
    <trkpt lat="38.697006" lon="-0.099985"><ele>544.2</ele></trkpt>
    <trkpt lat="38.69701" lon="-0.100165"><ele>545.2</ele></trkpt>
    <trkpt lat="38.696959" lon="-0.100561"><ele>547.4</ele></trkpt>
    <trkpt lat="38.696881" lon="-0.100847"><ele>549.1</ele></trkpt>
    <trkpt lat="38.696712" lon="-0.101255"><ele>551.5</ele></trkpt>
    <trkpt lat="38.696674" lon="-0.101519"><ele>552.9</ele></trkpt>
    <trkpt lat="38.696639" lon="-0.101888"><ele>554.8</ele></trkpt>
    <trkpt lat="38.696626" lon="-0.102033"><ele>555.6</ele></trkpt>
    <trkpt lat="38.696562" lon="-0.10273"><ele>559.6</ele></trkpt>
    <trkpt lat="38.696504" lon="-0.102959"><ele>561.3</ele></trkpt>
    <trkpt lat="38.696421" lon="-0.103044"><ele>562.3</ele></trkpt>
    <trkpt lat="38.696176" lon="-0.103048"><ele>564.5</ele></trkpt>
    <trkpt lat="38.696078" lon="-0.103088"><ele>565.3</ele></trkpt>
    <trkpt lat="38.695812" lon="-0.103459"><ele>568.3</ele></trkpt>
    <trkpt lat="38.69572" lon="-0.103679"><ele>569.7</ele></trkpt>
    <trkpt lat="38.695729" lon="-0.103763"><ele>570.2</ele></trkpt>
    <trkpt lat="38.695804" lon="-0.103928"><ele>571.3</ele></trkpt>
    <trkpt lat="38.695858" lon="-0.104009"><ele>571.8</ele></trkpt>
    <trkpt lat="38.695967" lon="-0.104103"><ele>572.7</ele></trkpt>
    <trkpt lat="38.696751" lon="-0.104402"><ele>577.1</ele></trkpt>
    <trkpt lat="38.696816" lon="-0.104415"><ele>577.3</ele></trkpt>
    <trkpt lat="38.696893" lon="-0.104392"><ele>577.6</ele></trkpt>
    <trkpt lat="38.697075" lon="-0.10421"><ele>578.2</ele></trkpt>
    <trkpt lat="38.697321" lon="-0.103897"><ele>579</ele></trkpt>
    <trkpt lat="38.697416" lon="-0.103764"><ele>579.3</ele></trkpt>
    <trkpt lat="38.697516" lon="-0.103546"><ele>579.8</ele></trkpt>
    <trkpt lat="38.697595" lon="-0.102733"><ele>582.2</ele></trkpt>
    <trkpt lat="38.697641" lon="-0.102576"><ele>582.8</ele></trkpt>
    <trkpt lat="38.697837" lon="-0.102366"><ele>584.1</ele></trkpt>
    <trkpt lat="38.698155" lon="-0.102136"><ele>585.6</ele></trkpt>
    <trkpt lat="38.698239" lon="-0.102091"><ele>585.9</ele></trkpt>
    <trkpt lat="38.698279" lon="-0.10208"><ele>586</ele></trkpt>
    <trkpt lat="38.698445" lon="-0.102078"><ele>586.5</ele></trkpt>
    <trkpt lat="38.698575" lon="-0.10212"><ele>586.8</ele></trkpt>
    <trkpt lat="38.698669" lon="-0.102174"><ele>587</ele></trkpt>
    <trkpt lat="38.698798" lon="-0.102301"><ele>587.3</ele></trkpt>
    <trkpt lat="38.698813" lon="-0.102326"><ele>587.3</ele></trkpt>
    <trkpt lat="38.699179" lon="-0.102818"><ele>587.7</ele></trkpt>
    <trkpt lat="38.699275" lon="-0.102869"><ele>587.6</ele></trkpt>
    <trkpt lat="38.699505" lon="-0.102873"><ele>587.3</ele></trkpt>
    <trkpt lat="38.699632" lon="-0.102936"><ele>587</ele></trkpt>
    <trkpt lat="38.700159" lon="-0.103487"><ele>585.4</ele></trkpt>
    <trkpt lat="38.700253" lon="-0.103557"><ele>585.1</ele></trkpt>
    <trkpt lat="38.700478" lon="-0.10363"><ele>584.5</ele></trkpt>
    <trkpt lat="38.700661" lon="-0.103812"><ele>583.7</ele></trkpt>
    <trkpt lat="38.700929" lon="-0.104005"><ele>582.4</ele></trkpt>
    <trkpt lat="38.700976" lon="-0.104107"><ele>581.9</ele></trkpt>
    <trkpt lat="38.701173" lon="-0.104975"><ele>578.8</ele></trkpt>
    <trkpt lat="38.701393" lon="-0.105458"><ele>578.2</ele></trkpt>
    <trkpt lat="38.70151" lon="-0.105799"><ele>578.3</ele></trkpt>
    <trkpt lat="38.701511" lon="-0.105883"><ele>578.4</ele></trkpt>
    <trkpt lat="38.701469" lon="-0.105984"><ele>578.3</ele></trkpt>
    <trkpt lat="38.701247" lon="-0.106091"><ele>578.1</ele></trkpt>
    <trkpt lat="38.701204" lon="-0.106136"><ele>577.9</ele></trkpt>
    <trkpt lat="38.701172" lon="-0.10623"><ele>577.7</ele></trkpt>
    <trkpt lat="38.701179" lon="-0.106351"><ele>577.3</ele></trkpt>
    <trkpt lat="38.701233" lon="-0.106441"><ele>577.1</ele></trkpt>
    <trkpt lat="38.701363" lon="-0.10652"><ele>576.5</ele></trkpt>
    <trkpt lat="38.701708" lon="-0.106566"><ele>574.8</ele></trkpt>
    <trkpt lat="38.702147" lon="-0.106623"><ele>571.7</ele></trkpt>
    <trkpt lat="38.702727" lon="-0.10676"><ele>566</ele></trkpt>
    <trkpt lat="38.703458" lon="-0.107255"><ele>559.2</ele></trkpt>
    <trkpt lat="38.704041" lon="-0.107504"><ele>554.5</ele></trkpt>
    <trkpt lat="38.704175" lon="-0.107531"><ele>553.4</ele></trkpt>
    <trkpt lat="38.704582" lon="-0.107446"><ele>550.2</ele></trkpt>
    <trkpt lat="38.70474" lon="-0.107466"><ele>549</ele></trkpt>
    <trkpt lat="38.705233" lon="-0.107853"><ele>544.8</ele></trkpt>
    <trkpt lat="38.705631" lon="-0.108239"><ele>540.1</ele></trkpt>
    <trkpt lat="38.705745" lon="-0.1083"><ele>538.9</ele></trkpt>
    <trkpt lat="38.705852" lon="-0.108311"><ele>537.8</ele></trkpt>
    <trkpt lat="38.706073" lon="-0.108257"><ele>535.3</ele></trkpt>
    <trkpt lat="38.706145" lon="-0.108187"><ele>534.2</ele></trkpt>
    <trkpt lat="38.706231" lon="-0.108005"><ele>532</ele></trkpt>
    <trkpt lat="38.706408" lon="-0.107826"><ele>528.8</ele></trkpt>
    <trkpt lat="38.706477" lon="-0.107651"><ele>526.4</ele></trkpt>
    <trkpt lat="38.706483" lon="-0.10748"><ele>524.2</ele></trkpt>
    <trkpt lat="38.706421" lon="-0.107231"><ele>520.5</ele></trkpt>
    <trkpt lat="38.706414" lon="-0.107083"><ele>518.4</ele></trkpt>
    <trkpt lat="38.706502" lon="-0.106601"><ele>512.1</ele></trkpt>
    <trkpt lat="38.70657" lon="-0.105773"><ele>505.4</ele></trkpt>
    <trkpt lat="38.706605" lon="-0.105598"><ele>504.4</ele></trkpt>
    <trkpt lat="38.706646" lon="-0.105474"><ele>503.5</ele></trkpt>
    <trkpt lat="38.706878" lon="-0.105014"><ele>500.1</ele></trkpt>
    <trkpt lat="38.707012" lon="-0.10483"><ele>498.8</ele></trkpt>
    <trkpt lat="38.707237" lon="-0.104617"><ele>497.5</ele></trkpt>
    <trkpt lat="38.707292" lon="-0.104512"><ele>497.1</ele></trkpt>
    <trkpt lat="38.707319" lon="-0.104373"><ele>496.6</ele></trkpt>
    <trkpt lat="38.707348" lon="-0.103984"><ele>495.4</ele></trkpt>
    <trkpt lat="38.707338" lon="-0.103668"><ele>494.4</ele></trkpt>
    <trkpt lat="38.707285" lon="-0.103362"><ele>493.2</ele></trkpt>
    <trkpt lat="38.707125" lon="-0.103005"><ele>491.7</ele></trkpt>
    <trkpt lat="38.707053" lon="-0.102757"><ele>491.7</ele></trkpt>
    <trkpt lat="38.707038" lon="-0.102366"><ele>492.2</ele></trkpt>
    <trkpt lat="38.706985" lon="-0.101965"><ele>493.2</ele></trkpt>
    <trkpt lat="38.707006" lon="-0.101836"><ele>493.6</ele></trkpt>
    <trkpt lat="38.707067" lon="-0.10175"><ele>494</ele></trkpt>
    <trkpt lat="38.707379" lon="-0.101601"><ele>495.4</ele></trkpt>
    <trkpt lat="38.707463" lon="-0.101514"><ele>495.8</ele></trkpt>
    <trkpt lat="38.7077" lon="-0.101083"><ele>497.9</ele></trkpt>
    <trkpt lat="38.707732" lon="-0.100963"><ele>498.4</ele></trkpt>
    <trkpt lat="38.707755" lon="-0.100683"><ele>499.6</ele></trkpt>
    <trkpt lat="38.707809" lon="-0.100559"><ele>500.2</ele></trkpt>
    <trkpt lat="38.70803" lon="-0.100406"><ele>501.2</ele></trkpt>
    <trkpt lat="38.708133" lon="-0.100304"><ele>501.6</ele></trkpt>
    <trkpt lat="38.708259" lon="-0.100134"><ele>502.2</ele></trkpt>
    <trkpt lat="38.708361" lon="-0.099942"><ele>502.8</ele></trkpt>
    <trkpt lat="38.708659" lon="-0.099789"><ele>503.8</ele></trkpt>
    <trkpt lat="38.708924" lon="-0.099574"><ele>505.2</ele></trkpt>
    <trkpt lat="38.709015" lon="-0.099419"><ele>506.1</ele></trkpt>
    <trkpt lat="38.709123" lon="-0.099002"><ele>508.3</ele></trkpt>
    <trkpt lat="38.70919" lon="-0.098869"><ele>509.1</ele></trkpt>
    <trkpt lat="38.709319" lon="-0.098806"><ele>510</ele></trkpt>
    <trkpt lat="38.709824" lon="-0.098729"><ele>513.1</ele></trkpt>
    <trkpt lat="38.709901" lon="-0.098688"><ele>513.6</ele></trkpt>
    <trkpt lat="38.709975" lon="-0.098571"><ele>514.2</ele></trkpt>
    <trkpt lat="38.710093" lon="-0.098181"><ele>515.6</ele></trkpt>
    <trkpt lat="38.710103" lon="-0.09794"><ele>516.2</ele></trkpt>
    <trkpt lat="38.710034" lon="-0.097571"><ele>516.8</ele></trkpt>
    <trkpt lat="38.70982" lon="-0.09686"><ele>518</ele></trkpt>
    <trkpt lat="38.709693" lon="-0.096542"><ele>519.1</ele></trkpt>
    <trkpt lat="38.709698" lon="-0.096337"><ele>520</ele></trkpt>
    <trkpt lat="38.709737" lon="-0.096264"><ele>520.5</ele></trkpt>
    <trkpt lat="38.709846" lon="-0.09617"><ele>521.6</ele></trkpt>
    <trkpt lat="38.709913" lon="-0.096154"><ele>522.2</ele></trkpt>
    <trkpt lat="38.710027" lon="-0.096173"><ele>523.3</ele></trkpt>
    <trkpt lat="38.7103" lon="-0.096337"><ele>526.7</ele></trkpt>
    <trkpt lat="38.710707" lon="-0.09645"><ele>532.5</ele></trkpt>
    <trkpt lat="38.71079" lon="-0.096512"><ele>533.9</ele></trkpt>
    <trkpt lat="38.710931" lon="-0.096735"><ele>537.4</ele></trkpt>
    <trkpt lat="38.711045" lon="-0.097307"><ele>544.4</ele></trkpt>
    <trkpt lat="38.711252" lon="-0.097877"><ele>548.7</ele></trkpt>
    <trkpt lat="38.711394" lon="-0.09813"><ele>549.9</ele></trkpt>
    <trkpt lat="38.711529" lon="-0.098245"><ele>550.5</ele></trkpt>
    <trkpt lat="38.711616" lon="-0.098273"><ele>550.8</ele></trkpt>
    <trkpt lat="38.711785" lon="-0.098239"><ele>551.1</ele></trkpt>
    <trkpt lat="38.711861" lon="-0.098172"><ele>551.1</ele></trkpt>
    <trkpt lat="38.712129" lon="-0.097691"><ele>550.8</ele></trkpt>
    <trkpt lat="38.712273" lon="-0.097206"><ele>549.2</ele></trkpt>
    <trkpt lat="38.712588" lon="-0.096679"><ele>547.8</ele></trkpt>
    <trkpt lat="38.712626" lon="-0.096558"><ele>547.7</ele></trkpt>
    <trkpt lat="38.712616" lon="-0.096437"><ele>547.7</ele></trkpt>
    <trkpt lat="38.712561" lon="-0.09633"><ele>547.7</ele></trkpt>
    <trkpt lat="38.712229" lon="-0.096133"><ele>548</ele></trkpt>
    <trkpt lat="38.712118" lon="-0.095974"><ele>548.2</ele></trkpt>
    <trkpt lat="38.71208" lon="-0.095805"><ele>548.3</ele></trkpt>
    <trkpt lat="38.712002" lon="-0.094862"><ele>549.5</ele></trkpt>
    <trkpt lat="38.711883" lon="-0.094321"><ele>551.3</ele></trkpt>
    <trkpt lat="38.711896" lon="-0.094127"><ele>551.9</ele></trkpt>
    <trkpt lat="38.712043" lon="-0.093812"><ele>552.9</ele></trkpt>
    <trkpt lat="38.712262" lon="-0.093544"><ele>553.6</ele></trkpt>
    <trkpt lat="38.712306" lon="-0.093425"><ele>553.8</ele></trkpt>
    <trkpt lat="38.712321" lon="-0.093274"><ele>554.1</ele></trkpt>
    <trkpt lat="38.712333" lon="-0.092711"><ele>554.9</ele></trkpt>
    <trkpt lat="38.712199" lon="-0.092222"><ele>554.9</ele></trkpt>
    <trkpt lat="38.711999" lon="-0.091678"><ele>554</ele></trkpt>
    <trkpt lat="38.711842" lon="-0.091406"><ele>553.2</ele></trkpt>
    <trkpt lat="38.711637" lon="-0.091061"><ele>552.1</ele></trkpt>
    <trkpt lat="38.711619" lon="-0.090922"><ele>551.8</ele></trkpt>
    <trkpt lat="38.711681" lon="-0.09075"><ele>551.2</ele></trkpt>
    <trkpt lat="38.71205" lon="-0.090128"><ele>548.3</ele></trkpt>
    <trkpt lat="38.712223" lon="-0.089933"><ele>546.8</ele></trkpt>
    <trkpt lat="38.712443" lon="-0.089764"><ele>545.2</ele></trkpt>
    <trkpt lat="38.712489" lon="-0.089687"><ele>544.7</ele></trkpt>
    <trkpt lat="38.712507" lon="-0.089494"><ele>543.6</ele></trkpt>
    <trkpt lat="38.71244" lon="-0.089068"><ele>541.1</ele></trkpt>
    <trkpt lat="38.712457" lon="-0.088929"><ele>540.2</ele></trkpt>
    <trkpt lat="38.712501" lon="-0.088825"><ele>539.5</ele></trkpt>
    <trkpt lat="38.712671" lon="-0.088531"><ele>537.2</ele></trkpt>
    <trkpt lat="38.712886" lon="-0.087847"><ele>532.7</ele></trkpt>
    <trkpt lat="38.712951" lon="-0.087569"><ele>531.5</ele></trkpt>
    <trkpt lat="38.713044" lon="-0.086882"><ele>530.2</ele></trkpt>
    <trkpt lat="38.713205" lon="-0.086439"><ele>529.7</ele></trkpt>
    <trkpt lat="38.71337" lon="-0.086244"><ele>529</ele></trkpt>
    <trkpt lat="38.713918" lon="-0.086026"><ele>526.4</ele></trkpt>
    <trkpt lat="38.713996" lon="-0.085865"><ele>525.5</ele></trkpt>
    <trkpt lat="38.714" lon="-0.085721"><ele>524.7</ele></trkpt>
    <trkpt lat="38.71387" lon="-0.085195"><ele>521.2</ele></trkpt>
    <trkpt lat="38.713827" lon="-0.084922"><ele>519</ele></trkpt>
    <trkpt lat="38.713852" lon="-0.08427"><ele>513.8</ele></trkpt>
    <trkpt lat="38.713782" lon="-0.083748"><ele>512.3</ele></trkpt>
    <trkpt lat="38.713777" lon="-0.083381"><ele>512.8</ele></trkpt>
    <trkpt lat="38.713822" lon="-0.083159"><ele>513.5</ele></trkpt>
    <trkpt lat="38.713946" lon="-0.082922"><ele>514.9</ele></trkpt>
    <trkpt lat="38.714551" lon="-0.082474"><ele>520.7</ele></trkpt>
    <trkpt lat="38.714717" lon="-0.082152"><ele>522.9</ele></trkpt>
    <trkpt lat="38.71503" lon="-0.081736"><ele>524.3</ele></trkpt>
    <trkpt lat="38.715227" lon="-0.081219"><ele>523.5</ele></trkpt>
    <trkpt lat="38.715246" lon="-0.081029"><ele>522.9</ele></trkpt>
    <trkpt lat="38.71521" lon="-0.080943"><ele>522.5</ele></trkpt>
    <trkpt lat="38.714738" lon="-0.080395"><ele>519.6</ele></trkpt>
    <trkpt lat="38.7147" lon="-0.080258"><ele>519.2</ele></trkpt>
    <trkpt lat="38.714743" lon="-0.080089"><ele>518.9</ele></trkpt>
    <trkpt lat="38.715001" lon="-0.079869"><ele>518.5</ele></trkpt>
    <trkpt lat="38.715142" lon="-0.079504"><ele>518.5</ele></trkpt>
    <trkpt lat="38.715258" lon="-0.079408"><ele>518.6</ele></trkpt>
    <trkpt lat="38.715685" lon="-0.079359"><ele>518.8</ele></trkpt>
    <trkpt lat="38.715792" lon="-0.079311"><ele>518.8</ele></trkpt>
    <trkpt lat="38.716044" lon="-0.079092"><ele>518.5</ele></trkpt>
    <trkpt lat="38.716204" lon="-0.078874"><ele>518.1</ele></trkpt>
    <trkpt lat="38.716502" lon="-0.078012"><ele>514.2</ele></trkpt>
    <trkpt lat="38.716738" lon="-0.077574"><ele>511.3</ele></trkpt>
    <trkpt lat="38.716773" lon="-0.077468"><ele>510.8</ele></trkpt>
    <trkpt lat="38.716774" lon="-0.077348"><ele>510.3</ele></trkpt>
    <trkpt lat="38.716746" lon="-0.077222"><ele>509.9</ele></trkpt>
    <trkpt lat="38.716442" lon="-0.07664"><ele>510.1</ele></trkpt>
    <trkpt lat="38.716397" lon="-0.076413"><ele>510.9</ele></trkpt>
    <trkpt lat="38.716393" lon="-0.076124"><ele>512.2</ele></trkpt>
    <trkpt lat="38.716474" lon="-0.075967"><ele>513.1</ele></trkpt>
    <trkpt lat="38.716574" lon="-0.075889"><ele>513.7</ele></trkpt>
    <trkpt lat="38.716731" lon="-0.075873"><ele>514.6</ele></trkpt>
    <trkpt lat="38.716922" lon="-0.075932"><ele>515.7</ele></trkpt>
    <trkpt lat="38.717025" lon="-0.075894"><ele>516.4</ele></trkpt>
    <trkpt lat="38.717089" lon="-0.075792"><ele>517</ele></trkpt>
    <trkpt lat="38.717187" lon="-0.075538"><ele>518.3</ele></trkpt>
    <trkpt lat="38.717381" lon="-0.07533"><ele>519.6</ele></trkpt>
    <trkpt lat="38.717412" lon="-0.07524"><ele>519.9</ele></trkpt>
    <trkpt lat="38.717418" lon="-0.075"><ele>520.4</ele></trkpt>
    <trkpt lat="38.717445" lon="-0.07484"><ele>520.6</ele></trkpt>
    <trkpt lat="38.717575" lon="-0.074319"><ele>520.8</ele></trkpt>
    <trkpt lat="38.717684" lon="-0.073967"><ele>520.8</ele></trkpt>
    <trkpt lat="38.717864" lon="-0.073583"><ele>521.7</ele></trkpt>
    <trkpt lat="38.717874" lon="-0.073192"><ele>522.9</ele></trkpt>
    <trkpt lat="38.71792" lon="-0.072979"><ele>523.7</ele></trkpt>
    <trkpt lat="38.718054" lon="-0.07273"><ele>524.8</ele></trkpt>
    <trkpt lat="38.718569" lon="-0.072076"><ele>527.6</ele></trkpt>
    <trkpt lat="38.718632" lon="-0.071943"><ele>528</ele></trkpt>
    <trkpt lat="38.718613" lon="-0.071759"><ele>528.5</ele></trkpt>
    <trkpt lat="38.718289" lon="-0.070962"><ele>531.4</ele></trkpt>
    <trkpt lat="38.718296" lon="-0.070742"><ele>532.1</ele></trkpt>
    <trkpt lat="38.718414" lon="-0.070383"><ele>533.5</ele></trkpt>
    <trkpt lat="38.718723" lon="-0.069908"><ele>536.4</ele></trkpt>
    <trkpt lat="38.718921" lon="-0.06941"><ele>539.5</ele></trkpt>
    <trkpt lat="38.719428" lon="-0.068382"><ele>546.2</ele></trkpt>
    <trkpt lat="38.719711" lon="-0.06745"><ele>552.3</ele></trkpt>
    <trkpt lat="38.719734" lon="-0.067264"><ele>553.6</ele></trkpt>
    <trkpt lat="38.719728" lon="-0.066523"><ele>559.2</ele></trkpt>
    <trkpt lat="38.71983" lon="-0.066187"><ele>562</ele></trkpt>
    <trkpt lat="38.720415" lon="-0.065408"><ele>570.6</ele></trkpt>
    <trkpt lat="38.720615" lon="-0.065227"><ele>573</ele></trkpt>
    <trkpt lat="38.721168" lon="-0.064871"><ele>578.5</ele></trkpt>
    <trkpt lat="38.721577" lon="-0.064751"><ele>581.3</ele></trkpt>
    <trkpt lat="38.721767" lon="-0.064618"><ele>582.6</ele></trkpt>
    <trkpt lat="38.721827" lon="-0.064515"><ele>583.2</ele></trkpt>
    <trkpt lat="38.721993" lon="-0.064015"><ele>585.3</ele></trkpt>
    <trkpt lat="38.72214" lon="-0.063725"><ele>586.6</ele></trkpt>
    <trkpt lat="38.722785" lon="-0.062939"><ele>591.4</ele></trkpt>
    <trkpt lat="38.723086" lon="-0.062294"><ele>596</ele></trkpt>
    <trkpt lat="38.723182" lon="-0.062032"><ele>598.2</ele></trkpt>
    <trkpt lat="38.723249" lon="-0.061428"><ele>603.8</ele></trkpt>
    <trkpt lat="38.723341" lon="-0.060859"><ele>610.1</ele></trkpt>
    <trkpt lat="38.723546" lon="-0.059805"><ele>621.4</ele></trkpt>
    <trkpt lat="38.723569" lon="-0.059709"><ele>622.2</ele></trkpt>
    <trkpt lat="38.72359" lon="-0.059602"><ele>623</ele></trkpt>
    <trkpt lat="38.723614" lon="-0.059482"><ele>623.9</ele></trkpt>
    <trkpt lat="38.723704" lon="-0.058876"><ele>626.3</ele></trkpt>
    <trkpt lat="38.723791" lon="-0.058674"><ele>626.5</ele></trkpt>
    <trkpt lat="38.724598" lon="-0.057642"><ele>623</ele></trkpt>
    <trkpt lat="38.724752" lon="-0.057361"><ele>621.1</ele></trkpt>
    <trkpt lat="38.724808" lon="-0.057029"><ele>619.1</ele></trkpt>
    <trkpt lat="38.724796" lon="-0.056879"><ele>618.1</ele></trkpt>
    <trkpt lat="38.724705" lon="-0.056571"><ele>616.2</ele></trkpt>
    <trkpt lat="38.724706" lon="-0.056495"><ele>615.8</ele></trkpt>
    <trkpt lat="38.724739" lon="-0.056438"><ele>615.5</ele></trkpt>
    <trkpt lat="38.72482" lon="-0.056447"><ele>614.9</ele></trkpt>
    <trkpt lat="38.724882" lon="-0.056572"><ele>614.3</ele></trkpt>
    <trkpt lat="38.724959" lon="-0.056831"><ele>613.2</ele></trkpt>
    <trkpt lat="38.724985" lon="-0.057101"><ele>612.3</ele></trkpt>
    <trkpt lat="38.724977" lon="-0.057277"><ele>611.7</ele></trkpt>
    <trkpt lat="38.724923" lon="-0.05758"><ele>609.9</ele></trkpt>
    <trkpt lat="38.724859" lon="-0.057805"><ele>608</ele></trkpt>
    <trkpt lat="38.724794" lon="-0.057938"><ele>607</ele></trkpt>
    <trkpt lat="38.724773" lon="-0.057977"><ele>606.7</ele></trkpt>
    <trkpt lat="38.724669" lon="-0.058191"><ele>605.4</ele></trkpt>
    <trkpt lat="38.724633" lon="-0.058353"><ele>604.6</ele></trkpt>
    <trkpt lat="38.72465" lon="-0.058484"><ele>604</ele></trkpt>
    <trkpt lat="38.724683" lon="-0.058545"><ele>603.7</ele></trkpt>
    <trkpt lat="38.72487" lon="-0.058752"><ele>602.4</ele></trkpt>
    <trkpt lat="38.724956" lon="-0.059"><ele>601.4</ele></trkpt>
    <trkpt lat="38.725128" lon="-0.059573"><ele>599.1</ele></trkpt>
    <trkpt lat="38.725156" lon="-0.060067"><ele>597.4</ele></trkpt>
    <trkpt lat="38.725124" lon="-0.060218"><ele>597.1</ele></trkpt>
    <trkpt lat="38.724737" lon="-0.060715"><ele>596.2</ele></trkpt>
    <trkpt lat="38.724602" lon="-0.06105"><ele>596</ele></trkpt>
    <trkpt lat="38.72457" lon="-0.061205"><ele>595.9</ele></trkpt>
    <trkpt lat="38.724555" lon="-0.062115"><ele>594.2</ele></trkpt>
    <trkpt lat="38.724683" lon="-0.063015"><ele>591.9</ele></trkpt>
    <trkpt lat="38.724647" lon="-0.063289"><ele>591.3</ele></trkpt>
    <trkpt lat="38.724452" lon="-0.06412"><ele>587.9</ele></trkpt>
    <trkpt lat="38.724438" lon="-0.064223"><ele>587.3</ele></trkpt>
    <trkpt lat="38.724458" lon="-0.064339"><ele>586.6</ele></trkpt>
    <trkpt lat="38.724594" lon="-0.064576"><ele>584.6</ele></trkpt>
    <trkpt lat="38.72483" lon="-0.064911"><ele>581.5</ele></trkpt>
    <trkpt lat="38.725292" lon="-0.065379"><ele>576.6</ele></trkpt>
    <trkpt lat="38.725586" lon="-0.066058"><ele>573.5</ele></trkpt>
    <trkpt lat="38.725701" lon="-0.066448"><ele>572.7</ele></trkpt>
    <trkpt lat="38.725752" lon="-0.066748"><ele>572.3</ele></trkpt>
    <trkpt lat="38.725758" lon="-0.067048"><ele>571.7</ele></trkpt>
    <trkpt lat="38.725725" lon="-0.067598"><ele>569.9</ele></trkpt>
    <trkpt lat="38.72575" lon="-0.067738"><ele>569.3</ele></trkpt>
    <trkpt lat="38.726021" lon="-0.068104"><ele>566.5</ele></trkpt>
    <trkpt lat="38.726287" lon="-0.068257"><ele>564.6</ele></trkpt>
    <trkpt lat="38.726426" lon="-0.068376"><ele>563.5</ele></trkpt>
    <trkpt lat="38.726522" lon="-0.068512"><ele>562.6</ele></trkpt>
    <trkpt lat="38.726665" lon="-0.068854"><ele>560.6</ele></trkpt>
    <trkpt lat="38.726731" lon="-0.069071"><ele>559.3</ele></trkpt>
    <trkpt lat="38.726738" lon="-0.069206"><ele>558.5</ele></trkpt>
    <trkpt lat="38.726701" lon="-0.06937"><ele>557.5</ele></trkpt>
    <trkpt lat="38.72654" lon="-0.069833"><ele>554.3</ele></trkpt>
    <trkpt lat="38.726561" lon="-0.069976"><ele>553.4</ele></trkpt>
    <trkpt lat="38.726678" lon="-0.070067"><ele>552.3</ele></trkpt>
    <trkpt lat="38.727014" lon="-0.070103"><ele>549.2</ele></trkpt>
    <trkpt lat="38.72727" lon="-0.070224"><ele>546</ele></trkpt>
    <trkpt lat="38.727355" lon="-0.070335"><ele>544.4</ele></trkpt>
    <trkpt lat="38.72777" lon="-0.071079"><ele>534.2</ele></trkpt>
    <trkpt lat="38.728185" lon="-0.071644"><ele>527.5</ele></trkpt>
    <trkpt lat="38.728445" lon="-0.072229"><ele>523.2</ele></trkpt>
    <trkpt lat="38.728709" lon="-0.073296"><ele>517</ele></trkpt>
    <trkpt lat="38.728783" lon="-0.073376"><ele>516.5</ele></trkpt>
    <trkpt lat="38.729008" lon="-0.073504"><ele>515.1</ele></trkpt>
    <trkpt lat="38.72934" lon="-0.073926"><ele>512</ele></trkpt>
    <trkpt lat="38.73006" lon="-0.075416"><ele>500.4</ele></trkpt>
    <trkpt lat="38.730146" lon="-0.075737"><ele>499</ele></trkpt>
    <trkpt lat="38.730138" lon="-0.076087"><ele>497.8</ele></trkpt>
    <trkpt lat="38.730154" lon="-0.076244"><ele>497.2</ele></trkpt>
    <trkpt lat="38.730422" lon="-0.076954"><ele>494.4</ele></trkpt>
    <trkpt lat="38.730889" lon="-0.077658"><ele>488.3</ele></trkpt>
    <trkpt lat="38.731075" lon="-0.077901"><ele>485.9</ele></trkpt>
    <trkpt lat="38.731171" lon="-0.077945"><ele>484.9</ele></trkpt>
    <trkpt lat="38.731257" lon="-0.077936"><ele>484</ele></trkpt>
    <trkpt lat="38.73133" lon="-0.077891"><ele>483.2</ele></trkpt>
    <trkpt lat="38.731372" lon="-0.077785"><ele>482.3</ele></trkpt>
    <trkpt lat="38.73137" lon="-0.077661"><ele>481.4</ele></trkpt>
    <trkpt lat="38.731339" lon="-0.07757"><ele>480.7</ele></trkpt>
    <trkpt lat="38.731065" lon="-0.077283"><ele>477</ele></trkpt>
    <trkpt lat="38.730979" lon="-0.077125"><ele>475.4</ele></trkpt>
    <trkpt lat="38.730802" lon="-0.07645"><ele>470.6</ele></trkpt>
    <trkpt lat="38.730803" lon="-0.076354"><ele>470.1</ele></trkpt>
    <trkpt lat="38.730881" lon="-0.076115"><ele>468.7</ele></trkpt>
    <trkpt lat="38.73094" lon="-0.075739"><ele>466.4</ele></trkpt>
    <trkpt lat="38.731031" lon="-0.075606"><ele>465.4</ele></trkpt>
    <trkpt lat="38.731274" lon="-0.075387"><ele>463.2</ele></trkpt>
    <trkpt lat="38.731318" lon="-0.075286"><ele>462.5</ele></trkpt>
    <trkpt lat="38.731288" lon="-0.075149"><ele>461.6</ele></trkpt>
    <trkpt lat="38.73105" lon="-0.074885"><ele>459.1</ele></trkpt>
    <trkpt lat="38.731026" lon="-0.074759"><ele>458.3</ele></trkpt>
    <trkpt lat="38.73105" lon="-0.074635"><ele>457.5</ele></trkpt>
    <trkpt lat="38.731229" lon="-0.074468"><ele>455.8</ele></trkpt>
    <trkpt lat="38.731707" lon="-0.074205"><ele>451.1</ele></trkpt>
    <trkpt lat="38.731941" lon="-0.073968"><ele>447.9</ele></trkpt>
    <trkpt lat="38.73204" lon="-0.073933"><ele>446.6</ele></trkpt>
    <trkpt lat="38.732128" lon="-0.073994"><ele>445.3</ele></trkpt>
    <trkpt lat="38.732438" lon="-0.074556"><ele>438.3</ele></trkpt>
    <trkpt lat="38.732629" lon="-0.074847"><ele>434.9</ele></trkpt>
    <trkpt lat="38.732762" lon="-0.074954"><ele>433.3</ele></trkpt>
    <trkpt lat="38.73287" lon="-0.075006"><ele>432.2</ele></trkpt>
    <trkpt lat="38.733212" lon="-0.075078"><ele>429.5</ele></trkpt>
    <trkpt lat="38.733354" lon="-0.075052"><ele>428.6</ele></trkpt>
    <trkpt lat="38.733741" lon="-0.074901"><ele>427</ele></trkpt>
    <trkpt lat="38.73464" lon="-0.074309"><ele>426.3</ele></trkpt>
    <trkpt lat="38.734735" lon="-0.074191"><ele>426.2</ele></trkpt>
    <trkpt lat="38.734803" lon="-0.073969"><ele>425.9</ele></trkpt>
    <trkpt lat="38.734816" lon="-0.073803"><ele>425.6</ele></trkpt>
    <trkpt lat="38.734794" lon="-0.073496"><ele>424.7</ele></trkpt>
    <trkpt lat="38.734723" lon="-0.073195"><ele>423.4</ele></trkpt>
    <trkpt lat="38.734519" lon="-0.072716"><ele>420</ele></trkpt>
    <trkpt lat="38.734344" lon="-0.071827"><ele>415.9</ele></trkpt>
    <trkpt lat="38.734277" lon="-0.071698"><ele>415.3</ele></trkpt>
    <trkpt lat="38.734226" lon="-0.071652"><ele>414.9</ele></trkpt>
    <trkpt lat="38.73411" lon="-0.071615"><ele>414.3</ele></trkpt>
    <trkpt lat="38.733773" lon="-0.071626"><ele>412.4</ele></trkpt>
    <trkpt lat="38.733668" lon="-0.071599"><ele>411.8</ele></trkpt>
    <trkpt lat="38.733063" lon="-0.071157"><ele>408.1</ele></trkpt>
    <trkpt lat="38.733019" lon="-0.071056"><ele>407.7</ele></trkpt>
    <trkpt lat="38.732802" lon="-0.070178"><ele>404.2</ele></trkpt>
    <trkpt lat="38.732759" lon="-0.070074"><ele>403.7</ele></trkpt>
    <trkpt lat="38.732704" lon="-0.070019"><ele>403.4</ele></trkpt>
    <trkpt lat="38.732638" lon="-0.07"><ele>403</ele></trkpt>
    <trkpt lat="38.732563" lon="-0.070018"><ele>402.6</ele></trkpt>
    <trkpt lat="38.73206" lon="-0.070443"><ele>399.7</ele></trkpt>
    <trkpt lat="38.731942" lon="-0.070474"><ele>399.3</ele></trkpt>
    <trkpt lat="38.731867" lon="-0.070425"><ele>399</ele></trkpt>
    <trkpt lat="38.731839" lon="-0.070364"><ele>398.9</ele></trkpt>
    <trkpt lat="38.731682" lon="-0.069774"><ele>398.1</ele></trkpt>
    <trkpt lat="38.731557" lon="-0.06954"><ele>397.7</ele></trkpt>
    <trkpt lat="38.731462" lon="-0.069428"><ele>397.4</ele></trkpt>
    <trkpt lat="38.731346" lon="-0.069376"><ele>397.1</ele></trkpt>
    <trkpt lat="38.731148" lon="-0.069348"><ele>396.3</ele></trkpt>
    <trkpt lat="38.730825" lon="-0.069378"><ele>395</ele></trkpt>
    <trkpt lat="38.73054" lon="-0.069469"><ele>393.7</ele></trkpt>
    <trkpt lat="38.730436" lon="-0.069413"><ele>393.2</ele></trkpt>
    <trkpt lat="38.73041" lon="-0.069349"><ele>392.9</ele></trkpt>
    <trkpt lat="38.730415" lon="-0.069283"><ele>392.7</ele></trkpt>
    <trkpt lat="38.730636" lon="-0.068898"><ele>390.8</ele></trkpt>
    <trkpt lat="38.730808" lon="-0.06853"><ele>388.5</ele></trkpt>
    <trkpt lat="38.730876" lon="-0.068322"><ele>387.1</ele></trkpt>
    <trkpt lat="38.730894" lon="-0.068135"><ele>385.8</ele></trkpt>
    <trkpt lat="38.730602" lon="-0.066572"><ele>374.5</ele></trkpt>
    <trkpt lat="38.730505" lon="-0.06638"><ele>372.8</ele></trkpt>
    <trkpt lat="38.730133" lon="-0.065855"><ele>368.1</ele></trkpt>
    <trkpt lat="38.730105" lon="-0.065772"><ele>367.5</ele></trkpt>
    <trkpt lat="38.730107" lon="-0.065659"><ele>366.9</ele></trkpt>
    <trkpt lat="38.730173" lon="-0.065556"><ele>366.1</ele></trkpt>
    <trkpt lat="38.730237" lon="-0.065526"><ele>365.6</ele></trkpt>
    <trkpt lat="38.730329" lon="-0.065534"><ele>364.9</ele></trkpt>
    <trkpt lat="38.730759" lon="-0.065725"><ele>362</ele></trkpt>
    <trkpt lat="38.731497" lon="-0.066296"><ele>357.9</ele></trkpt>
    <trkpt lat="38.731681" lon="-0.066517"><ele>356.8</ele></trkpt>
    <trkpt lat="38.731957" lon="-0.067023"><ele>355</ele></trkpt>
    <trkpt lat="38.732031" lon="-0.067108"><ele>354.6</ele></trkpt>
    <trkpt lat="38.73233" lon="-0.067339"><ele>353.4</ele></trkpt>
    <trkpt lat="38.732338" lon="-0.06735"><ele>353.3</ele></trkpt>
    <trkpt lat="38.732397" lon="-0.06743"><ele>353</ele></trkpt>
    <trkpt lat="38.732458" lon="-0.067574"><ele>352.4</ele></trkpt>
    <trkpt lat="38.732638" lon="-0.068116"><ele>350.2</ele></trkpt>
    <trkpt lat="38.732706" lon="-0.068222"><ele>349.7</ele></trkpt>
    <trkpt lat="38.732788" lon="-0.068239"><ele>349.2</ele></trkpt>
    <trkpt lat="38.733372" lon="-0.067989"><ele>346.8</ele></trkpt>
    <trkpt lat="38.733547" lon="-0.067992"><ele>346.2</ele></trkpt>
    <trkpt lat="38.733694" lon="-0.068048"><ele>345.7</ele></trkpt>
    <trkpt lat="38.733828" lon="-0.068145"><ele>345.1</ele></trkpt>
    <trkpt lat="38.734125" lon="-0.068516"><ele>342.7</ele></trkpt>
    <trkpt lat="38.734274" lon="-0.068884"><ele>340.5</ele></trkpt>
    <trkpt lat="38.73434" lon="-0.068982"><ele>339.9</ele></trkpt>
    <trkpt lat="38.734509" lon="-0.06899"><ele>338.7</ele></trkpt>
    <trkpt lat="38.734818" lon="-0.068709"><ele>335.9</ele></trkpt>
    <trkpt lat="38.735603" lon="-0.068349"><ele>328.3</ele></trkpt>
    <trkpt lat="38.735853" lon="-0.068291"><ele>326.1</ele></trkpt>
    <trkpt lat="38.736366" lon="-0.068245"><ele>322.7</ele></trkpt>
    <trkpt lat="38.736644" lon="-0.068332"><ele>321.2</ele></trkpt>
    <trkpt lat="38.7369" lon="-0.068509"><ele>320.1</ele></trkpt>
    <trkpt lat="38.737027" lon="-0.068628"><ele>319.7</ele></trkpt>
    <trkpt lat="38.73717" lon="-0.068884"><ele>319.3</ele></trkpt>
    <trkpt lat="38.73732" lon="-0.06937"><ele>319.1</ele></trkpt>
    <trkpt lat="38.737546" lon="-0.070157"><ele>318</ele></trkpt>
    <trkpt lat="38.7376" lon="-0.070546"><ele>316.8</ele></trkpt>
    <trkpt lat="38.737591" lon="-0.070741"><ele>316.3</ele></trkpt>
    <trkpt lat="38.737479" lon="-0.071243"><ele>314.5</ele></trkpt>
    <trkpt lat="38.73743" lon="-0.071494"><ele>313.2</ele></trkpt>
    <trkpt lat="38.737424" lon="-0.071799"><ele>311.4</ele></trkpt>
    <trkpt lat="38.737447" lon="-0.072007"><ele>309.9</ele></trkpt>
    <trkpt lat="38.737482" lon="-0.072098"><ele>309.2</ele></trkpt>
    <trkpt lat="38.737581" lon="-0.072211"><ele>307.9</ele></trkpt>
    <trkpt lat="38.737849" lon="-0.07236"><ele>305.3</ele></trkpt>
    <trkpt lat="38.737896" lon="-0.072385"><ele>304.9</ele></trkpt>
    <trkpt lat="38.737997" lon="-0.072432"><ele>304.1</ele></trkpt>
    <trkpt lat="38.738174" lon="-0.072448"><ele>303.1</ele></trkpt>
    <trkpt lat="38.738692" lon="-0.072404"><ele>299.9</ele></trkpt>
    <trkpt lat="38.738957" lon="-0.072379"><ele>298.2</ele></trkpt>
    <trkpt lat="38.739213" lon="-0.072359"><ele>296.8</ele></trkpt>
    <trkpt lat="38.739337" lon="-0.072347"><ele>296.1</ele></trkpt>
    <trkpt lat="38.739388" lon="-0.072343"><ele>295.9</ele></trkpt>
    <trkpt lat="38.740122" lon="-0.07229"><ele>292.5</ele></trkpt>
    <trkpt lat="38.740646" lon="-0.072218"><ele>289.8</ele></trkpt>
    <trkpt lat="38.740806" lon="-0.072097"><ele>288.9</ele></trkpt>
    <trkpt lat="38.741151" lon="-0.071743"><ele>286.6</ele></trkpt>
    <trkpt lat="38.741396" lon="-0.071496"><ele>284.9</ele></trkpt>
    <trkpt lat="38.741425" lon="-0.071471"><ele>284.7</ele></trkpt>
    <trkpt lat="38.742032" lon="-0.070822"><ele>280.4</ele></trkpt>
    <trkpt lat="38.742122" lon="-0.070726"><ele>279.8</ele></trkpt>
    <trkpt lat="38.742728" lon="-0.070093"><ele>276.1</ele></trkpt>
    <trkpt lat="38.742824" lon="-0.069992"><ele>275.6</ele></trkpt>
    <trkpt lat="38.743913" lon="-0.068861"><ele>272.3</ele></trkpt>
    <trkpt lat="38.744069" lon="-0.068697"><ele>272.4</ele></trkpt>
    <trkpt lat="38.744308" lon="-0.068445"><ele>272.6</ele></trkpt>
    <trkpt lat="38.744612" lon="-0.068119"><ele>273.2</ele></trkpt>
    <trkpt lat="38.744907" lon="-0.067827"><ele>273.8</ele></trkpt>
    <trkpt lat="38.745097" lon="-0.067627"><ele>274.1</ele></trkpt>
    <trkpt lat="38.745216" lon="-0.067456"><ele>274.2</ele></trkpt>
    <trkpt lat="38.745257" lon="-0.067518"><ele>274.2</ele></trkpt>
    <trkpt lat="38.74532" lon="-0.067615"><ele>274.3</ele></trkpt>
    <trkpt lat="38.745815" lon="-0.068215"><ele>273.7</ele></trkpt>
    <trkpt lat="38.745939" lon="-0.068425"><ele>273.3</ele></trkpt>
    <trkpt lat="38.74655" lon="-0.0703"><ele>268.6</ele></trkpt>
    <trkpt lat="38.746632" lon="-0.070494"><ele>268.1</ele></trkpt>
    <trkpt lat="38.74673" lon="-0.070619"><ele>267.6</ele></trkpt>
    <trkpt lat="38.747043" lon="-0.070879"><ele>266.6</ele></trkpt>
    <trkpt lat="38.747113" lon="-0.070936"><ele>266.4</ele></trkpt>
    <trkpt lat="38.747264" lon="-0.071059"><ele>266</ele></trkpt>
    <trkpt lat="38.747382" lon="-0.071066"><ele>265.8</ele></trkpt>
    <trkpt lat="38.747574" lon="-0.070868"><ele>265.3</ele></trkpt>
    <trkpt lat="38.747648" lon="-0.070761"><ele>265.1</ele></trkpt>
    <trkpt lat="38.74807" lon="-0.070126"><ele>264.5</ele></trkpt>
    <trkpt lat="38.748239" lon="-0.069851"><ele>264.4</ele></trkpt>
    <trkpt lat="38.748292" lon="-0.069671"><ele>264.5</ele></trkpt>
    <trkpt lat="38.748288" lon="-0.068722"><ele>264.3</ele></trkpt>
    <trkpt lat="38.748259" lon="-0.068432"><ele>264</ele></trkpt>
    <trkpt lat="38.748112" lon="-0.067475"><ele>263.4</ele></trkpt>
    <trkpt lat="38.748104" lon="-0.067267"><ele>263.3</ele></trkpt>
    <trkpt lat="38.748255" lon="-0.066672"><ele>262.5</ele></trkpt>
    <trkpt lat="38.748472" lon="-0.066199"><ele>261.9</ele></trkpt>
    <trkpt lat="38.748577" lon="-0.06603"><ele>261.7</ele></trkpt>
    <trkpt lat="38.748717" lon="-0.065778"><ele>261.3</ele></trkpt>
    <trkpt lat="38.748882" lon="-0.065493"><ele>260.9</ele></trkpt>
    <trkpt lat="38.749036" lon="-0.065299"><ele>260.6</ele></trkpt>
    <trkpt lat="38.750965" lon="-0.063573"><ele>257.1</ele></trkpt>
    <trkpt lat="38.751261" lon="-0.063318"><ele>256.5</ele></trkpt>
    <trkpt lat="38.752062" lon="-0.062614"><ele>255.1</ele></trkpt>
    <trkpt lat="38.752155" lon="-0.062556"><ele>255</ele></trkpt>
    <trkpt lat="38.75227" lon="-0.062565"><ele>254.8</ele></trkpt>
    <trkpt lat="38.752352" lon="-0.06269"><ele>254.6</ele></trkpt>
    <trkpt lat="38.7525" lon="-0.063164"><ele>253.8</ele></trkpt>
    <trkpt lat="38.752774" lon="-0.063536"><ele>252.4</ele></trkpt>
    <trkpt lat="38.752931" lon="-0.063823"><ele>251.1</ele></trkpt>
    <trkpt lat="38.753014" lon="-0.063916"><ele>250.6</ele></trkpt>
    <trkpt lat="38.753132" lon="-0.063984"><ele>249.9</ele></trkpt>
    <trkpt lat="38.753709" lon="-0.064166"><ele>246.3</ele></trkpt>
    <trkpt lat="38.753794" lon="-0.064159"><ele>245.7</ele></trkpt>
    <trkpt lat="38.753842" lon="-0.064146"><ele>245.4</ele></trkpt>
    <trkpt lat="38.753921" lon="-0.064056"><ele>244.6</ele></trkpt>
    <trkpt lat="38.754355" lon="-0.063052"><ele>239.1</ele></trkpt>
    <trkpt lat="38.754426" lon="-0.062942"><ele>238.6</ele></trkpt>
    <trkpt lat="38.754629" lon="-0.062411"><ele>236.8</ele></trkpt>
    <trkpt lat="38.754727" lon="-0.062215"><ele>236.1</ele></trkpt>
    <trkpt lat="38.754835" lon="-0.062043"><ele>235.6</ele></trkpt>
    <trkpt lat="38.754966" lon="-0.061927"><ele>235.3</ele></trkpt>
    <trkpt lat="38.755713" lon="-0.06144"><ele>235.6</ele></trkpt>
    <trkpt lat="38.756085" lon="-0.061204"><ele>236.8</ele></trkpt>
    <trkpt lat="38.756195" lon="-0.06119"><ele>237.1</ele></trkpt>
    <trkpt lat="38.756621" lon="-0.061322"><ele>238.8</ele></trkpt>
    <trkpt lat="38.757373" lon="-0.061634"><ele>241.3</ele></trkpt>
    <trkpt lat="38.757517" lon="-0.061692"><ele>241.6</ele></trkpt>
    <trkpt lat="38.759498" lon="-0.06255"><ele>243.7</ele></trkpt>
    <trkpt lat="38.760702" lon="-0.063036"><ele>245.8</ele></trkpt>
    <trkpt lat="38.762236" lon="-0.063271"><ele>249.4</ele></trkpt>
    <trkpt lat="38.76288" lon="-0.06325"><ele>251.4</ele></trkpt>
    <trkpt lat="38.763299" lon="-0.063173"><ele>253.1</ele></trkpt>
    <trkpt lat="38.76345" lon="-0.063082"><ele>253.8</ele></trkpt>
    <trkpt lat="38.76369" lon="-0.062827"><ele>255.1</ele></trkpt>
    <trkpt lat="38.763779" lon="-0.062767"><ele>255.5</ele></trkpt>
    <trkpt lat="38.76397" lon="-0.062732"><ele>256.4</ele></trkpt>
    <trkpt lat="38.764477" lon="-0.062739"><ele>258.2</ele></trkpt>
    <trkpt lat="38.764496" lon="-0.062739"><ele>258.3</ele></trkpt>
    <trkpt lat="38.764881" lon="-0.06275"><ele>259.3</ele></trkpt>
    <trkpt lat="38.765068" lon="-0.062727"><ele>259.7</ele></trkpt>
    <trkpt lat="38.766293" lon="-0.061871"><ele>258.3</ele></trkpt>
    <trkpt lat="38.766496" lon="-0.061735"><ele>257.7</ele></trkpt>
    <trkpt lat="38.766834" lon="-0.061454"><ele>256.6</ele></trkpt>
    <trkpt lat="38.766915" lon="-0.061363"><ele>256.3</ele></trkpt>
    <trkpt lat="38.767001" lon="-0.061201"><ele>255.9</ele></trkpt>
    <trkpt lat="38.767015" lon="-0.061036"><ele>255.6</ele></trkpt>
    <trkpt lat="38.766934" lon="-0.059459"><ele>252.2</ele></trkpt>
    <trkpt lat="38.766941" lon="-0.058812"><ele>249.4</ele></trkpt>
    <trkpt lat="38.767016" lon="-0.058368"><ele>246.6</ele></trkpt>
    <trkpt lat="38.767431" lon="-0.057184"><ele>235.4</ele></trkpt>
    <trkpt lat="38.767472" lon="-0.056743"><ele>231.5</ele></trkpt>
    <trkpt lat="38.767502" lon="-0.056674"><ele>230.8</ele></trkpt>
    <trkpt lat="38.767552" lon="-0.056641"><ele>230.3</ele></trkpt>
    <trkpt lat="38.767638" lon="-0.056678"><ele>229.4</ele></trkpt>
    <trkpt lat="38.767711" lon="-0.056806"><ele>228.3</ele></trkpt>
    <trkpt lat="38.76772" lon="-0.056902"><ele>227.7</ele></trkpt>
    <trkpt lat="38.767638" lon="-0.057621"><ele>224</ele></trkpt>
    <trkpt lat="38.767503" lon="-0.058474"><ele>222.2</ele></trkpt>
    <trkpt lat="38.767492" lon="-0.058662"><ele>222.1</ele></trkpt>
    <trkpt lat="38.767516" lon="-0.059209"><ele>221.9</ele></trkpt>
    <trkpt lat="38.767534" lon="-0.059923"><ele>221.7</ele></trkpt>
    <trkpt lat="38.767567" lon="-0.060118"><ele>221.6</ele></trkpt>
    <trkpt lat="38.767643" lon="-0.060286"><ele>221.3</ele></trkpt>
    <trkpt lat="38.767842" lon="-0.060626"><ele>220.6</ele></trkpt>
    <trkpt lat="38.767933" lon="-0.060779"><ele>220</ele></trkpt>
    <trkpt lat="38.768009" lon="-0.060981"><ele>219.1</ele></trkpt>
    <trkpt lat="38.768021" lon="-0.061084"><ele>218.7</ele></trkpt>
    <trkpt lat="38.767972" lon="-0.061372"><ele>216.9</ele></trkpt>
    <trkpt lat="38.767986" lon="-0.061468"><ele>216.2</ele></trkpt>
    <trkpt lat="38.768059" lon="-0.061609"><ele>214.9</ele></trkpt>
    <trkpt lat="38.768111" lon="-0.061655"><ele>214.3</ele></trkpt>
    <trkpt lat="38.768241" lon="-0.061661"><ele>212.9</ele></trkpt>
    <trkpt lat="38.768551" lon="-0.061513"><ele>209.5</ele></trkpt>
    <trkpt lat="38.769111" lon="-0.061357"><ele>204.2</ele></trkpt>
    <trkpt lat="38.769198" lon="-0.061358"><ele>203.4</ele></trkpt>
    <trkpt lat="38.769365" lon="-0.061469"><ele>201.8</ele></trkpt>
    <trkpt lat="38.76976" lon="-0.061828"><ele>198.4</ele></trkpt>
    <trkpt lat="38.770051" lon="-0.06193"><ele>196.7</ele></trkpt>
    <trkpt lat="38.770471" lon="-0.06201"><ele>194.8</ele></trkpt>
    <trkpt lat="38.771141" lon="-0.062005"><ele>189.4</ele></trkpt>
    <trkpt lat="38.771371" lon="-0.062042"><ele>187.1</ele></trkpt>
    <trkpt lat="38.771549" lon="-0.06209"><ele>185.5</ele></trkpt>
    <trkpt lat="38.771717" lon="-0.0621"><ele>184.1</ele></trkpt>
    <trkpt lat="38.77192" lon="-0.061996"><ele>182.3</ele></trkpt>
    <trkpt lat="38.772312" lon="-0.061723"><ele>179.7</ele></trkpt>
    <trkpt lat="38.77253" lon="-0.061702"><ele>178.7</ele></trkpt>
    <trkpt lat="38.773194" lon="-0.061862"><ele>176.7</ele></trkpt>
    <trkpt lat="38.773778" lon="-0.062091"><ele>175.3</ele></trkpt>
    <trkpt lat="38.774192" lon="-0.062413"><ele>174.3</ele></trkpt>
    <trkpt lat="38.774224" lon="-0.062439"><ele>174.3</ele></trkpt>
    <trkpt lat="38.774333" lon="-0.062538"><ele>174</ele></trkpt>
    <trkpt lat="38.774502" lon="-0.062679"><ele>173.8</ele></trkpt>
    <trkpt lat="38.775541" lon="-0.063517"><ele>173.1</ele></trkpt>
    <trkpt lat="38.77597" lon="-0.063932"><ele>172.2</ele></trkpt>
    <trkpt lat="38.777609" lon="-0.065949"><ele>161.3</ele></trkpt>
    <trkpt lat="38.777751" lon="-0.066123"><ele>160.2</ele></trkpt>
    <trkpt lat="38.777972" lon="-0.066315"><ele>158.7</ele></trkpt>
    <trkpt lat="38.778202" lon="-0.066453"><ele>157.5</ele></trkpt>
    <trkpt lat="38.778428" lon="-0.066539"><ele>156.3</ele></trkpt>
    <trkpt lat="38.778598" lon="-0.066551"><ele>155.5</ele></trkpt>
    <trkpt lat="38.77861" lon="-0.06654"><ele>155.4</ele></trkpt>
    <trkpt lat="38.778701" lon="-0.066507"><ele>154.9</ele></trkpt>
    <trkpt lat="38.778718" lon="-0.066509"><ele>154.8</ele></trkpt>
    <trkpt lat="38.779164" lon="-0.066364"><ele>152.5</ele></trkpt>
    <trkpt lat="38.780024" lon="-0.065961"><ele>148.5</ele></trkpt>
    <trkpt lat="38.780328" lon="-0.065823"><ele>147.1</ele></trkpt>
    <trkpt lat="38.780514" lon="-0.065731"><ele>146.3</ele></trkpt>
    <trkpt lat="38.780808" lon="-0.065584"><ele>145.1</ele></trkpt>
    <trkpt lat="38.780953" lon="-0.065512"><ele>144.5</ele></trkpt>
    <trkpt lat="38.781921" lon="-0.064558"><ele>140.8</ele></trkpt>
    <trkpt lat="38.781965" lon="-0.064518"><ele>140.7</ele></trkpt>
    <trkpt lat="38.782661" lon="-0.063866"><ele>138.6</ele></trkpt>
    <trkpt lat="38.782798" lon="-0.063802"><ele>138.1</ele></trkpt>
    <trkpt lat="38.782888" lon="-0.063792"><ele>137.7</ele></trkpt>
    <trkpt lat="38.783054" lon="-0.063845"><ele>137.1</ele></trkpt>
    <trkpt lat="38.783561" lon="-0.064077"><ele>134.6</ele></trkpt>
    <trkpt lat="38.783568" lon="-0.064082"><ele>134.6</ele></trkpt>
    <trkpt lat="38.783759" lon="-0.064215"><ele>133.4</ele></trkpt>
    <trkpt lat="38.784568" lon="-0.065114"><ele>127.3</ele></trkpt>
    <trkpt lat="38.785597" lon="-0.066292"><ele>123.2</ele></trkpt>
    <trkpt lat="38.785818" lon="-0.066453"><ele>122.8</ele></trkpt>
    <trkpt lat="38.786786" lon="-0.066936"><ele>122.1</ele></trkpt>
    <trkpt lat="38.788717" lon="-0.067904"><ele>121.1</ele></trkpt>
    <trkpt lat="38.789148" lon="-0.06812"><ele>120.6</ele></trkpt>
    <trkpt lat="38.789627" lon="-0.068361"><ele>120</ele></trkpt>
    <trkpt lat="38.79169" lon="-0.069372"><ele>116.1</ele></trkpt>
    <trkpt lat="38.792255" lon="-0.069666"><ele>114.1</ele></trkpt>
    <trkpt lat="38.79269" lon="-0.069886"><ele>112.2</ele></trkpt>
    <trkpt lat="38.793353" lon="-0.069959"><ele>110.1</ele></trkpt>
    <trkpt lat="38.793927" lon="-0.07002"><ele>109.6</ele></trkpt>
    <trkpt lat="38.794307" lon="-0.070035"><ele>109.8</ele></trkpt>
    <trkpt lat="38.795981" lon="-0.070182"><ele>113.8</ele></trkpt>
    <trkpt lat="38.797048" lon="-0.070285"><ele>115.5</ele></trkpt>
    <trkpt lat="38.800652" lon="-0.070628"><ele>113.8</ele></trkpt>
    <trkpt lat="38.800961" lon="-0.070627"><ele>113.8</ele></trkpt>
    <trkpt lat="38.801133" lon="-0.070597"><ele>113.9</ele></trkpt>
    <trkpt lat="38.801721" lon="-0.070313"><ele>114</ele></trkpt>
    <trkpt lat="38.801911" lon="-0.070213"><ele>114</ele></trkpt>
    <trkpt lat="38.802458" lon="-0.069925"><ele>113.8</ele></trkpt>
    <trkpt lat="38.802747" lon="-0.069795"><ele>113.4</ele></trkpt>
    <trkpt lat="38.802984" lon="-0.069667"><ele>112.9</ele></trkpt>
    <trkpt lat="38.803352" lon="-0.069476"><ele>112</ele></trkpt>
    <trkpt lat="38.805017" lon="-0.068589"><ele>107.2</ele></trkpt>
    <trkpt lat="38.806578" lon="-0.067772"><ele>106.6</ele></trkpt>
    <trkpt lat="38.807142" lon="-0.067505"><ele>107.8</ele></trkpt>
    <trkpt lat="38.80784" lon="-0.067343"><ele>109.9</ele></trkpt>
    <trkpt lat="38.808564" lon="-0.067223"><ele>111.9</ele></trkpt>
    <trkpt lat="38.808722" lon="-0.067197"><ele>112.2</ele></trkpt>
    <trkpt lat="38.809103" lon="-0.06706"><ele>113</ele></trkpt>
    <trkpt lat="38.809712" lon="-0.066795"><ele>114</ele></trkpt>
    <trkpt lat="38.81013" lon="-0.066835"><ele>114.5</ele></trkpt>
    <trkpt lat="38.810407" lon="-0.066875"><ele>114.6</ele></trkpt>
    <trkpt lat="38.810784" lon="-0.066914"><ele>114.5</ele></trkpt>
    <trkpt lat="38.810876" lon="-0.066886"><ele>114.5</ele></trkpt>
    <trkpt lat="38.811039" lon="-0.066751"><ele>114.2</ele></trkpt>
    <trkpt lat="38.811421" lon="-0.066304"><ele>112.9</ele></trkpt>
    <trkpt lat="38.811643" lon="-0.066041"><ele>112</ele></trkpt>
    <trkpt lat="38.811959" lon="-0.065811"><ele>111.2</ele></trkpt>
    <trkpt lat="38.812447" lon="-0.065491"><ele>111</ele></trkpt>
    <trkpt lat="38.812626" lon="-0.065374"><ele>111.2</ele></trkpt>
    <trkpt lat="38.812836" lon="-0.06528"><ele>111.6</ele></trkpt>
    <trkpt lat="38.813189" lon="-0.065275"><ele>112.6</ele></trkpt>
    <trkpt lat="38.814076" lon="-0.06541"><ele>115.9</ele></trkpt>
    <trkpt lat="38.814944" lon="-0.065656"><ele>119.8</ele></trkpt>
    <trkpt lat="38.81521" lon="-0.06577"><ele>121.6</ele></trkpt>
    <trkpt lat="38.815735" lon="-0.066017"><ele>126</ele></trkpt>
    <trkpt lat="38.81599" lon="-0.066179"><ele>128.8</ele></trkpt>
    <trkpt lat="38.816847" lon="-0.06703"><ele>138.8</ele></trkpt>
    <trkpt lat="38.817566" lon="-0.067543"><ele>144.5</ele></trkpt>
    <trkpt lat="38.818145" lon="-0.068058"><ele>148.7</ele></trkpt>
    <trkpt lat="38.818437" lon="-0.068417"><ele>151.7</ele></trkpt>
    <trkpt lat="38.818701" lon="-0.068918"><ele>155.8</ele></trkpt>
    <trkpt lat="38.818752" lon="-0.0691"><ele>157.3</ele></trkpt>
    <trkpt lat="38.818818" lon="-0.069582"><ele>161</ele></trkpt>
    <trkpt lat="38.818887" lon="-0.070684"><ele>168.4</ele></trkpt>
    <trkpt lat="38.818991" lon="-0.071217"><ele>170.5</ele></trkpt>
    <trkpt lat="38.819004" lon="-0.071391"><ele>170.9</ele></trkpt>
    <trkpt lat="38.818942" lon="-0.072171"><ele>170.9</ele></trkpt>
    <trkpt lat="38.818995" lon="-0.072406"><ele>170.5</ele></trkpt>
    <trkpt lat="38.819414" lon="-0.073223"><ele>168.3</ele></trkpt>
    <trkpt lat="38.819554" lon="-0.073395"><ele>167.8</ele></trkpt>
    <trkpt lat="38.819637" lon="-0.073446"><ele>167.6</ele></trkpt>
    <trkpt lat="38.819829" lon="-0.073484"><ele>167.5</ele></trkpt>
    <trkpt lat="38.820212" lon="-0.073366"><ele>168.2</ele></trkpt>
    <trkpt lat="38.820329" lon="-0.073367"><ele>168.6</ele></trkpt>
    <trkpt lat="38.820448" lon="-0.073413"><ele>169.1</ele></trkpt>
    <trkpt lat="38.82054" lon="-0.073488"><ele>169.6</ele></trkpt>
    <trkpt lat="38.820603" lon="-0.073587"><ele>170</ele></trkpt>
    <trkpt lat="38.820884" lon="-0.07439"><ele>173.3</ele></trkpt>
    <trkpt lat="38.820954" lon="-0.074469"><ele>173.8</ele></trkpt>
    <trkpt lat="38.82105" lon="-0.074536"><ele>174.3</ele></trkpt>
    <trkpt lat="38.821373" lon="-0.074677"><ele>176</ele></trkpt>
    <trkpt lat="38.821584" lon="-0.074701"><ele>176.9</ele></trkpt>
    <trkpt lat="38.821955" lon="-0.074626"><ele>178</ele></trkpt>
    <trkpt lat="38.82246" lon="-0.074677"><ele>179.3</ele></trkpt>
    <trkpt lat="38.822562" lon="-0.074667"><ele>179.6</ele></trkpt>
    <trkpt lat="38.82333" lon="-0.074386"><ele>182.9</ele></trkpt>
    <trkpt lat="38.823472" lon="-0.074375"><ele>183.6</ele></trkpt>
    <trkpt lat="38.823615" lon="-0.074425"><ele>184.3</ele></trkpt>
    <trkpt lat="38.823677" lon="-0.074464"><ele>184.6</ele></trkpt>
    <trkpt lat="38.823765" lon="-0.074578"><ele>185.3</ele></trkpt>
    <trkpt lat="38.823805" lon="-0.074732"><ele>186</ele></trkpt>
    <trkpt lat="38.823784" lon="-0.074926"><ele>186.8</ele></trkpt>
    <trkpt lat="38.823637" lon="-0.075499"><ele>190</ele></trkpt>
    <trkpt lat="38.823599" lon="-0.075893"><ele>192.4</ele></trkpt>
    <trkpt lat="38.823573" lon="-0.076614"><ele>196.5</ele></trkpt>
    <trkpt lat="38.823596" lon="-0.076854"><ele>197.8</ele></trkpt>
    <trkpt lat="38.82366" lon="-0.077054"><ele>198.8</ele></trkpt>
    <trkpt lat="38.824072" lon="-0.077977"><ele>202.2</ele></trkpt>
    <trkpt lat="38.824107" lon="-0.078157"><ele>202.5</ele></trkpt>
    <trkpt lat="38.824069" lon="-0.078418"><ele>202.6</ele></trkpt>
    <trkpt lat="38.823797" lon="-0.079011"><ele>202.3</ele></trkpt>
    <trkpt lat="38.823764" lon="-0.079184"><ele>202.1</ele></trkpt>
    <trkpt lat="38.823776" lon="-0.07929"><ele>202</ele></trkpt>
    <trkpt lat="38.824003" lon="-0.080062"><ele>200.8</ele></trkpt>
    <trkpt lat="38.824074" lon="-0.081074"><ele>199.2</ele></trkpt>
    <trkpt lat="38.824058" lon="-0.081686"><ele>197.8</ele></trkpt>
    <trkpt lat="38.824027" lon="-0.081973"><ele>196.9</ele></trkpt>
    <trkpt lat="38.82391" lon="-0.082445"><ele>194.5</ele></trkpt>
    <trkpt lat="38.823916" lon="-0.082605"><ele>193.5</ele></trkpt>
    <trkpt lat="38.82395" lon="-0.08271"><ele>192.7</ele></trkpt>
    <trkpt lat="38.824122" lon="-0.082994"><ele>189.7</ele></trkpt>
    <trkpt lat="38.824295" lon="-0.083237"><ele>186.5</ele></trkpt>
    <trkpt lat="38.824412" lon="-0.083331"><ele>184.7</ele></trkpt>
    <trkpt lat="38.824504" lon="-0.083358"><ele>183.4</ele></trkpt>
    <trkpt lat="38.82468" lon="-0.08335"><ele>181.2</ele></trkpt>
    <trkpt lat="38.82506" lon="-0.083172"><ele>176.5</ele></trkpt>
    <trkpt lat="38.82535" lon="-0.083135"><ele>173.9</ele></trkpt>
    <trkpt lat="38.825438" lon="-0.083154"><ele>173.3</ele></trkpt>
    <trkpt lat="38.825519" lon="-0.08326"><ele>172.6</ele></trkpt>
    <trkpt lat="38.825569" lon="-0.083401"><ele>172.1</ele></trkpt>
    <trkpt lat="38.825579" lon="-0.083524"><ele>171.7</ele></trkpt>
    <trkpt lat="38.8255" lon="-0.085143"><ele>171.9</ele></trkpt>
    <trkpt lat="38.825515" lon="-0.085261"><ele>171.7</ele></trkpt>
    <trkpt lat="38.825624" lon="-0.085585"><ele>170.9</ele></trkpt>
    <trkpt lat="38.825696" lon="-0.085976"><ele>169.3</ele></trkpt>
    <trkpt lat="38.825903" lon="-0.0866"><ele>165.3</ele></trkpt>
    <trkpt lat="38.826081" lon="-0.087142"><ele>161.8</ele></trkpt>
    <trkpt lat="38.826108" lon="-0.087481"><ele>160.2</ele></trkpt>
    <trkpt lat="38.826115" lon="-0.087996"><ele>158.5</ele></trkpt>
    <trkpt lat="38.82604" lon="-0.088154"><ele>158</ele></trkpt>
    <trkpt lat="38.825837" lon="-0.088337"><ele>157.5</ele></trkpt>
    <trkpt lat="38.825764" lon="-0.0885"><ele>157.1</ele></trkpt>
    <trkpt lat="38.825673" lon="-0.089396"><ele>154.9</ele></trkpt>
    <trkpt lat="38.825621" lon="-0.089692"><ele>153.8</ele></trkpt>
    <trkpt lat="38.825442" lon="-0.090134"><ele>151.2</ele></trkpt>
    <trkpt lat="38.825174" lon="-0.090627"><ele>147.8</ele></trkpt>
    <trkpt lat="38.825062" lon="-0.091042"><ele>146.3</ele></trkpt>
    <trkpt lat="38.824938" lon="-0.091217"><ele>145.8</ele></trkpt>
    <trkpt lat="38.82471" lon="-0.091413"><ele>145.2</ele></trkpt>
    <trkpt lat="38.824225" lon="-0.091709"><ele>144.6</ele></trkpt>
    <trkpt lat="38.824088" lon="-0.091882"><ele>144.4</ele></trkpt>
    <trkpt lat="38.823478" lon="-0.093464"><ele>139.4</ele></trkpt>
    <trkpt lat="38.823215" lon="-0.093915"><ele>136.6</ele></trkpt>
    <trkpt lat="38.822811" lon="-0.094435"><ele>133.8</ele></trkpt>
    <trkpt lat="38.822625" lon="-0.094661"><ele>133</ele></trkpt>
    <trkpt lat="38.822533" lon="-0.094852"><ele>132.5</ele></trkpt>
    <trkpt lat="38.822519" lon="-0.095115"><ele>132</ele></trkpt>
    <trkpt lat="38.822571" lon="-0.095267"><ele>131.7</ele></trkpt>
    <trkpt lat="38.822666" lon="-0.095327"><ele>131.5</ele></trkpt>
    <trkpt lat="38.822753" lon="-0.095342"><ele>131.2</ele></trkpt>
    <trkpt lat="38.823384" lon="-0.09531"><ele>127.8</ele></trkpt>
    <trkpt lat="38.824421" lon="-0.095238"><ele>118.6</ele></trkpt>
    <trkpt lat="38.824662" lon="-0.095222"><ele>116.4</ele></trkpt>
    <trkpt lat="38.824865" lon="-0.095206"><ele>114.7</ele></trkpt>
    <trkpt lat="38.825089" lon="-0.095178"><ele>113.4</ele></trkpt>
    <trkpt lat="38.825142" lon="-0.095141"><ele>113.1</ele></trkpt>
    <trkpt lat="38.825226" lon="-0.095064"><ele>112.8</ele></trkpt>
    <trkpt lat="38.825457" lon="-0.094602"><ele>112.3</ele></trkpt>
    <trkpt lat="38.825584" lon="-0.094423"><ele>112.6</ele></trkpt>
    <trkpt lat="38.825814" lon="-0.094297"><ele>113.3</ele></trkpt>
    <trkpt lat="38.826268" lon="-0.09424"><ele>115.2</ele></trkpt>
    <trkpt lat="38.826404" lon="-0.094276"><ele>115.6</ele></trkpt>
    <trkpt lat="38.826509" lon="-0.094418"><ele>116.1</ele></trkpt>
    <trkpt lat="38.826616" lon="-0.094811"><ele>117.1</ele></trkpt>
    <trkpt lat="38.82668" lon="-0.095223"><ele>117.8</ele></trkpt>
    <trkpt lat="38.826721" lon="-0.095514"><ele>117.9</ele></trkpt>
    <trkpt lat="38.826744" lon="-0.095983"><ele>117.6</ele></trkpt>
    <trkpt lat="38.82672" lon="-0.096447"><ele>116.3</ele></trkpt>
    <trkpt lat="38.826732" lon="-0.096784"><ele>115</ele></trkpt>
    <trkpt lat="38.826909" lon="-0.098335"><ele>110.6</ele></trkpt>
    <trkpt lat="38.826859" lon="-0.098913"><ele>108.7</ele></trkpt>
    <trkpt lat="38.826867" lon="-0.099147"><ele>107.7</ele></trkpt>
    <trkpt lat="38.826904" lon="-0.099386"><ele>106.6</ele></trkpt>
    <trkpt lat="38.826991" lon="-0.099724"><ele>105</ele></trkpt>
    <trkpt lat="38.827153" lon="-0.099992"><ele>103.4</ele></trkpt>
    <trkpt lat="38.827414" lon="-0.100238"><ele>101.4</ele></trkpt>
    <trkpt lat="38.827639" lon="-0.100311"><ele>99.7</ele></trkpt>
    <trkpt lat="38.828242" lon="-0.100308"><ele>95</ele></trkpt>
    <trkpt lat="38.829521" lon="-0.100312"><ele>88.5</ele></trkpt>
    <trkpt lat="38.829595" lon="-0.100325"><ele>88.2</ele></trkpt>
    <trkpt lat="38.829738" lon="-0.100407"><ele>87.7</ele></trkpt>
    <trkpt lat="38.829858" lon="-0.100592"><ele>87.1</ele></trkpt>
    <trkpt lat="38.830048" lon="-0.10134"><ele>85.6</ele></trkpt>
    <trkpt lat="38.830236" lon="-0.101754"><ele>85.1</ele></trkpt>
    <trkpt lat="38.830576" lon="-0.1024"><ele>84.8</ele></trkpt>
    <trkpt lat="38.83154" lon="-0.104196"><ele>85.7</ele></trkpt>
    <trkpt lat="38.832122" lon="-0.105278"><ele>86.2</ele></trkpt>
    <trkpt lat="38.832151" lon="-0.105329"><ele>86.2</ele></trkpt>
    <trkpt lat="38.832428" lon="-0.105735"><ele>86.3</ele></trkpt>
    <trkpt lat="38.83387" lon="-0.107311"><ele>86.6</ele></trkpt>
    <trkpt lat="38.834063" lon="-0.107543"><ele>86.4</ele></trkpt>
    <trkpt lat="38.834134" lon="-0.107675"><ele>86.3</ele></trkpt>
    <trkpt lat="38.834167" lon="-0.107804"><ele>86.2</ele></trkpt>
    <trkpt lat="38.834153" lon="-0.108078"><ele>85.8</ele></trkpt>
    <trkpt lat="38.834116" lon="-0.108371"><ele>85.3</ele></trkpt>
    <trkpt lat="38.834082" lon="-0.108591"><ele>84.8</ele></trkpt>
    <trkpt lat="38.834027" lon="-0.10917"><ele>83.5</ele></trkpt>
    <trkpt lat="38.834103" lon="-0.10988"><ele>81.7</ele></trkpt>
    <trkpt lat="38.834111" lon="-0.109937"><ele>81.6</ele></trkpt>
    <trkpt lat="38.834274" lon="-0.110994"><ele>78.1</ele></trkpt>
    <trkpt lat="38.834408" lon="-0.111396"><ele>76.7</ele></trkpt>
    <trkpt lat="38.834532" lon="-0.111569"><ele>76.1</ele></trkpt>
    <trkpt lat="38.834702" lon="-0.11168"><ele>75.4</ele></trkpt>
    <trkpt lat="38.835191" lon="-0.111884"><ele>73.8</ele></trkpt>
    <trkpt lat="38.835679" lon="-0.112088"><ele>72.6</ele></trkpt>
    <trkpt lat="38.835822" lon="-0.112182"><ele>72.3</ele></trkpt>
    <trkpt lat="38.835972" lon="-0.112376"><ele>72.1</ele></trkpt>
    <trkpt lat="38.836206" lon="-0.112806"><ele>72.1</ele></trkpt>
    <trkpt lat="38.836324" lon="-0.113035"><ele>72.2</ele></trkpt>
    <trkpt lat="38.8364" lon="-0.113184"><ele>72.3</ele></trkpt>
    <trkpt lat="38.835819" lon="-0.113817"><ele>73.1</ele></trkpt>
    <trkpt lat="38.835568" lon="-0.114177"><ele>73.8</ele></trkpt>
    <trkpt lat="38.835453" lon="-0.114381"><ele>74.4</ele></trkpt>
    <trkpt lat="38.835298" lon="-0.114796"><ele>75.3</ele></trkpt>
    <trkpt lat="38.835178" lon="-0.115198"><ele>76.3</ele></trkpt>
    <trkpt lat="38.835101" lon="-0.115605"><ele>77.3</ele></trkpt>
    <trkpt lat="38.835054" lon="-0.116157"><ele>78.6</ele></trkpt>
    <trkpt lat="38.835062" lon="-0.11666"><ele>79.6</ele></trkpt>
    <trkpt lat="38.835087" lon="-0.116882"><ele>79.9</ele></trkpt>
    <trkpt lat="38.835215" lon="-0.117527"><ele>81.1</ele></trkpt>
    <trkpt lat="38.835282" lon="-0.117775"><ele>81.6</ele></trkpt>
    <trkpt lat="38.835346" lon="-0.117959"><ele>82</ele></trkpt>
    <trkpt lat="38.835452" lon="-0.118229"><ele>82.5</ele></trkpt>
    <trkpt lat="38.835634" lon="-0.118591"><ele>83.3</ele></trkpt>
    <trkpt lat="38.835798" lon="-0.118855"><ele>83.7</ele></trkpt>
    <trkpt lat="38.836189" lon="-0.11932"><ele>85.1</ele></trkpt>
    <trkpt lat="38.836281" lon="-0.119411"><ele>85.4</ele></trkpt>
    <trkpt lat="38.836593" lon="-0.119655"><ele>86.3</ele></trkpt>
    <trkpt lat="38.837037" lon="-0.120021"><ele>87</ele></trkpt>
    <trkpt lat="38.837318" lon="-0.120224"><ele>87.1</ele></trkpt>
    <trkpt lat="38.838427" lon="-0.12104"><ele>87.2</ele></trkpt>
    <trkpt lat="38.838427" lon="-0.12104"><ele>87.2</ele></trkpt>
    <trkpt lat="38.838224" lon="-0.121238"><ele>87.3</ele></trkpt>
    <trkpt lat="38.838224" lon="-0.121238"><ele>87.4</ele></trkpt>
    <trkpt lat="38.838224" lon="-0.121238"><ele>87.4</ele></trkpt>
    <trkpt lat="38.838031" lon="-0.121425"><ele>87.6</ele></trkpt>
    <trkpt lat="38.838031" lon="-0.121425"><ele>87.6</ele></trkpt>
    <trkpt lat="38.837962" lon="-0.121609"><ele>87.8</ele></trkpt>
    <trkpt lat="38.837797" lon="-0.12191"><ele>88.2</ele></trkpt>
    <trkpt lat="38.836959" lon="-0.123482"><ele>92.4</ele></trkpt>
    <trkpt lat="38.83649" lon="-0.124349"><ele>94.7</ele></trkpt>
    <trkpt lat="38.836097" lon="-0.125061"><ele>97</ele></trkpt>
    <trkpt lat="38.836065" lon="-0.125125"><ele>97.2</ele></trkpt>
    <trkpt lat="38.835938" lon="-0.125463"><ele>98.1</ele></trkpt>
    <trkpt lat="38.835695" lon="-0.125722"><ele>99</ele></trkpt>
    <trkpt lat="38.835582" lon="-0.125875"><ele>99.4</ele></trkpt>
    <trkpt lat="38.835295" lon="-0.126486"><ele>100.3</ele></trkpt>
    <trkpt lat="38.835065" lon="-0.126875"><ele>101.1</ele></trkpt>
    <trkpt lat="38.835031" lon="-0.126998"><ele>101.3</ele></trkpt>
    <trkpt lat="38.834945" lon="-0.127591"><ele>102</ele></trkpt>
    <trkpt lat="38.834932" lon="-0.127683"><ele>102.1</ele></trkpt>
    <trkpt lat="38.834899" lon="-0.127725"><ele>102.2</ele></trkpt>
    <trkpt lat="38.834839" lon="-0.127739"><ele>102.4</ele></trkpt>
    <trkpt lat="38.834598" lon="-0.12775"><ele>102.9</ele></trkpt>
    <trkpt lat="38.834361" lon="-0.127798"><ele>103.6</ele></trkpt>
    <trkpt lat="38.834268" lon="-0.127892"><ele>104</ele></trkpt>
    <trkpt lat="38.83419" lon="-0.128126"><ele>104.8</ele></trkpt>
    <trkpt lat="38.834136" lon="-0.128841"><ele>107.1</ele></trkpt>
    <trkpt lat="38.83415" lon="-0.129057"><ele>107.7</ele></trkpt>
    <trkpt lat="38.834231" lon="-0.129411"><ele>108.7</ele></trkpt>
    <trkpt lat="38.834213" lon="-0.129773"><ele>109.5</ele></trkpt>
    <trkpt lat="38.834242" lon="-0.129857"><ele>109.8</ele></trkpt>
    <trkpt lat="38.834351" lon="-0.130012"><ele>110.2</ele></trkpt>
    <trkpt lat="38.834687" lon="-0.13037"><ele>111.5</ele></trkpt>
    <trkpt lat="38.83475" lon="-0.130501"><ele>111.9</ele></trkpt>
    <trkpt lat="38.83477" lon="-0.130644"><ele>112.3</ele></trkpt>
    <trkpt lat="38.83474" lon="-0.130922"><ele>113.1</ele></trkpt>
    <trkpt lat="38.834666" lon="-0.131248"><ele>114.1</ele></trkpt>
    <trkpt lat="38.83439" lon="-0.131882"><ele>116.4</ele></trkpt>
    <trkpt lat="38.834159" lon="-0.132388"><ele>118.5</ele></trkpt>
    <trkpt lat="38.834095" lon="-0.132576"><ele>119.3</ele></trkpt>
    <trkpt lat="38.833963" lon="-0.133128"><ele>121.3</ele></trkpt>
    <trkpt lat="38.833938" lon="-0.133443"><ele>122.2</ele></trkpt>
    <trkpt lat="38.834008" lon="-0.133937"><ele>123.7</ele></trkpt>
    <trkpt lat="38.834034" lon="-0.134038"><ele>124</ele></trkpt>
    <trkpt lat="38.834067" lon="-0.134075"><ele>124.2</ele></trkpt>
    <trkpt lat="38.834108" lon="-0.134075"><ele>124.3</ele></trkpt>
    <trkpt lat="38.834175" lon="-0.134014"><ele>124.7</ele></trkpt>
    <trkpt lat="38.834754" lon="-0.133168"><ele>130.8</ele></trkpt>
    <trkpt lat="38.834988" lon="-0.132948"><ele>134.2</ele></trkpt>
    <trkpt lat="38.835143" lon="-0.132905"><ele>136.4</ele></trkpt>
    <trkpt lat="38.8353" lon="-0.132924"><ele>138.8</ele></trkpt>
    <trkpt lat="38.835452" lon="-0.133032"><ele>141.8</ele></trkpt>
    <trkpt lat="38.835576" lon="-0.133181"><ele>144.9</ele></trkpt>
    <trkpt lat="38.835619" lon="-0.13327"><ele>146.5</ele></trkpt>
    <trkpt lat="38.836277" lon="-0.134837"><ele>176.8</ele></trkpt>
    <trkpt lat="38.83645" lon="-0.135106"><ele>182.4</ele></trkpt>
    <trkpt lat="38.836486" lon="-0.135284"><ele>185.2</ele></trkpt>
    <trkpt lat="38.83645" lon="-0.135445"><ele>187.8</ele></trkpt>
    <trkpt lat="38.835982" lon="-0.136741"><ele>203.3</ele></trkpt>
    <trkpt lat="38.835941" lon="-0.137098"><ele>205.5</ele></trkpt>
    <trkpt lat="38.835916" lon="-0.137163"><ele>206</ele></trkpt>
    <trkpt lat="38.835873" lon="-0.137202"><ele>206.3</ele></trkpt>
    <trkpt lat="38.835828" lon="-0.137189"><ele>206.7</ele></trkpt>
    <trkpt lat="38.835766" lon="-0.13707"><ele>207.5</ele></trkpt>
    <trkpt lat="38.835736" lon="-0.136895"><ele>208.6</ele></trkpt>
    <trkpt lat="38.835719" lon="-0.136542"><ele>210.9</ele></trkpt>
    <trkpt lat="38.835684" lon="-0.136497"><ele>211.4</ele></trkpt>
    <trkpt lat="38.83565" lon="-0.136499"><ele>211.7</ele></trkpt>
    <trkpt lat="38.835615" lon="-0.136575"><ele>212.4</ele></trkpt>
    <trkpt lat="38.835593" lon="-0.137003"><ele>216.1</ele></trkpt>
    <trkpt lat="38.835641" lon="-0.13738"><ele>220.5</ele></trkpt>
    <trkpt lat="38.83573" lon="-0.137516"><ele>222.9</ele></trkpt>
    <trkpt lat="38.836059" lon="-0.13773"><ele>230.4</ele></trkpt>
    <trkpt lat="38.836157" lon="-0.137883"><ele>233.8</ele></trkpt>
    <trkpt lat="38.836188" lon="-0.138003"><ele>236.1</ele></trkpt>
    <trkpt lat="38.836154" lon="-0.138273"><ele>241.1</ele></trkpt>
    <trkpt lat="38.836046" lon="-0.138524"><ele>246.2</ele></trkpt>
    <trkpt lat="38.835922" lon="-0.138927"><ele>253.6</ele></trkpt>
    <trkpt lat="38.835911" lon="-0.139046"><ele>255.5</ele></trkpt>
    <trkpt lat="38.836006" lon="-0.139445"><ele>262.1</ele></trkpt>
    <trkpt lat="38.836008" lon="-0.139534"><ele>263.4</ele></trkpt>
    <trkpt lat="38.835893" lon="-0.140068"><ele>270.9</ele></trkpt>
    <trkpt lat="38.835831" lon="-0.140808"><ele>278.2</ele></trkpt>
    <trkpt lat="38.835667" lon="-0.141222"><ele>280.8</ele></trkpt>
    <trkpt lat="38.835565" lon="-0.141642"><ele>283.1</ele></trkpt>
    <trkpt lat="38.835465" lon="-0.14172"><ele>284.1</ele></trkpt>
    <trkpt lat="38.835133" lon="-0.141797"><ele>287</ele></trkpt>
    <trkpt lat="38.835074" lon="-0.141886"><ele>287.9</ele></trkpt>
    <trkpt lat="38.835064" lon="-0.141946"><ele>288.3</ele></trkpt>
    <trkpt lat="38.83505" lon="-0.142303"><ele>291.4</ele></trkpt>
    <trkpt lat="38.834985" lon="-0.142533"><ele>294</ele></trkpt>
    <trkpt lat="38.834985" lon="-0.142587"><ele>294.6</ele></trkpt>
    <trkpt lat="38.835036" lon="-0.142671"><ele>295.8</ele></trkpt>
    <trkpt lat="38.835082" lon="-0.142689"><ele>296.5</ele></trkpt>
    <trkpt lat="38.835323" lon="-0.142634"><ele>300.2</ele></trkpt>
    <trkpt lat="38.835397" lon="-0.14265"><ele>301.6</ele></trkpt>
    <trkpt lat="38.835518" lon="-0.142747"><ele>304.2</ele></trkpt>
    <trkpt lat="38.83578" lon="-0.143113"><ele>311.9</ele></trkpt>
    <trkpt lat="38.835866" lon="-0.143156"><ele>313.7</ele></trkpt>
    <trkpt lat="38.836121" lon="-0.143117"><ele>318.6</ele></trkpt>
    <trkpt lat="38.836197" lon="-0.143165"><ele>320.1</ele></trkpt>
    <trkpt lat="38.836205" lon="-0.143278"><ele>321.6</ele></trkpt>
    <trkpt lat="38.836173" lon="-0.143369"><ele>322.9</ele></trkpt>
    <trkpt lat="38.835668" lon="-0.144357"><ele>336</ele></trkpt>
    <trkpt lat="38.835635" lon="-0.144458"><ele>337.1</ele></trkpt>
    <trkpt lat="38.835638" lon="-0.144967"><ele>342.3</ele></trkpt>
    <trkpt lat="38.835621" lon="-0.145081"><ele>343.4</ele></trkpt>
    <trkpt lat="38.835323" lon="-0.146373"><ele>354.7</ele></trkpt>
    <trkpt lat="38.835278" lon="-0.146845"><ele>357.3</ele></trkpt>
    <trkpt lat="38.835092" lon="-0.147359"><ele>359.6</ele></trkpt>
    <trkpt lat="38.835125" lon="-0.147781"><ele>360.6</ele></trkpt>
    <trkpt lat="38.834578" lon="-0.148997"><ele>363.3</ele></trkpt>
    <trkpt lat="38.834473" lon="-0.149297"><ele>365</ele></trkpt>
    <trkpt lat="38.8344" lon="-0.149637"><ele>367.7</ele></trkpt>
    <trkpt lat="38.834343" lon="-0.150322"><ele>375.4</ele></trkpt>
    <trkpt lat="38.833955" lon="-0.15124"><ele>392.8</ele></trkpt>
    <trkpt lat="38.833689" lon="-0.151687"><ele>403</ele></trkpt>
    <trkpt lat="38.833654" lon="-0.151874"><ele>406.3</ele></trkpt>
    <trkpt lat="38.833686" lon="-0.152097"><ele>409.9</ele></trkpt>
    <trkpt lat="38.833647" lon="-0.152322"><ele>413.3</ele></trkpt>
    <trkpt lat="38.83333" lon="-0.152899"><ele>421.9</ele></trkpt>
    <trkpt lat="38.833258" lon="-0.153061"><ele>423.6</ele></trkpt>
    <trkpt lat="38.833261" lon="-0.15313"><ele>424.2</ele></trkpt>
    <trkpt lat="38.833549" lon="-0.153386"><ele>427.5</ele></trkpt>
    <trkpt lat="38.833722" lon="-0.153793"><ele>429.7</ele></trkpt>
    <trkpt lat="38.833848" lon="-0.154187"><ele>431</ele></trkpt>
    <trkpt lat="38.833863" lon="-0.154332"><ele>431.3</ele></trkpt>
    <trkpt lat="38.833852" lon="-0.154474"><ele>431.7</ele></trkpt>
    <trkpt lat="38.833815" lon="-0.154604"><ele>432</ele></trkpt>
    <trkpt lat="38.833399" lon="-0.155519"><ele>433.5</ele></trkpt>
    <trkpt lat="38.833349" lon="-0.155602"><ele>433.6</ele></trkpt>
    <trkpt lat="38.833311" lon="-0.155667"><ele>433.7</ele></trkpt>
    <trkpt lat="38.832714" lon="-0.156475"><ele>433.6</ele></trkpt>
    <trkpt lat="38.832595" lon="-0.156751"><ele>433.6</ele></trkpt>
    <trkpt lat="38.832559" lon="-0.15691"><ele>433.5</ele></trkpt>
    <trkpt lat="38.832539" lon="-0.15721"><ele>433.5</ele></trkpt>
    <trkpt lat="38.832608" lon="-0.157972"><ele>433.9</ele></trkpt>
    <trkpt lat="38.832593" lon="-0.158076"><ele>434</ele></trkpt>
    <trkpt lat="38.832466" lon="-0.158415"><ele>434.6</ele></trkpt>
    <trkpt lat="38.832465" lon="-0.158671"><ele>435.2</ele></trkpt>
    <trkpt lat="38.832436" lon="-0.159069"><ele>436.4</ele></trkpt>
    <trkpt lat="38.832362" lon="-0.159552"><ele>438.1</ele></trkpt>
    <trkpt lat="38.832259" lon="-0.160009"><ele>440.2</ele></trkpt>
    <trkpt lat="38.832162" lon="-0.160632"><ele>443.5</ele></trkpt>
    <trkpt lat="38.832107" lon="-0.160792"><ele>444.5</ele></trkpt>
    <trkpt lat="38.831903" lon="-0.161157"><ele>447.2</ele></trkpt>
    <trkpt lat="38.831735" lon="-0.161635"><ele>450.5</ele></trkpt>
    <trkpt lat="38.831626" lon="-0.161944"><ele>452.6</ele></trkpt>
    <trkpt lat="38.831571" lon="-0.16222"><ele>454.4</ele></trkpt>
    <trkpt lat="38.831543" lon="-0.162493"><ele>456.1</ele></trkpt>
    <trkpt lat="38.831452" lon="-0.162883"><ele>458.9</ele></trkpt>
    <trkpt lat="38.831395" lon="-0.163027"><ele>460.1</ele></trkpt>
    <trkpt lat="38.831122" lon="-0.163512"><ele>464.6</ele></trkpt>
    <trkpt lat="38.831025" lon="-0.163732"><ele>466.8</ele></trkpt>
    <trkpt lat="38.830719" lon="-0.165399"><ele>482</ele></trkpt>
    <trkpt lat="38.830734" lon="-0.165528"><ele>483.3</ele></trkpt>
    <trkpt lat="38.830792" lon="-0.165591"><ele>484.2</ele></trkpt>
    <trkpt lat="38.830933" lon="-0.165665"><ele>486.1</ele></trkpt>
    <trkpt lat="38.831025" lon="-0.165785"><ele>487.7</ele></trkpt>
    <trkpt lat="38.831091" lon="-0.16607"><ele>490.5</ele></trkpt>
    <trkpt lat="38.831135" lon="-0.166444"><ele>493.9</ele></trkpt>
    <trkpt lat="38.831163" lon="-0.166531"><ele>494.8</ele></trkpt>
    <trkpt lat="38.831327" lon="-0.166789"><ele>497.7</ele></trkpt>
    <trkpt lat="38.831363" lon="-0.166893"><ele>498.7</ele></trkpt>
    <trkpt lat="38.831355" lon="-0.167066"><ele>500.3</ele></trkpt>
    <trkpt lat="38.831283" lon="-0.167276"><ele>502.4</ele></trkpt>
    <trkpt lat="38.831269" lon="-0.167619"><ele>505.3</ele></trkpt>
    <trkpt lat="38.831242" lon="-0.168671"><ele>512.7</ele></trkpt>
    <trkpt lat="38.831291" lon="-0.169233"><ele>514.4</ele></trkpt>
    <trkpt lat="38.83128" lon="-0.169284"><ele>514.5</ele></trkpt>
    <trkpt lat="38.831225" lon="-0.169327"><ele>514.6</ele></trkpt>
    <trkpt lat="38.831192" lon="-0.169318"><ele>514.6</ele></trkpt>
    <trkpt lat="38.831142" lon="-0.169241"><ele>514.7</ele></trkpt>
    <trkpt lat="38.83103" lon="-0.168738"><ele>514.4</ele></trkpt>
    <trkpt lat="38.830987" lon="-0.168209"><ele>514.1</ele></trkpt>
    <trkpt lat="38.830877" lon="-0.167819"><ele>513.9</ele></trkpt>
    <trkpt lat="38.830832" lon="-0.167578"><ele>514.1</ele></trkpt>
    <trkpt lat="38.830814" lon="-0.167533"><ele>514.1</ele></trkpt>
    <trkpt lat="38.830772" lon="-0.167525"><ele>514.2</ele></trkpt>
    <trkpt lat="38.830737" lon="-0.167597"><ele>514.4</ele></trkpt>
    <trkpt lat="38.830664" lon="-0.168631"><ele>520</ele></trkpt>
    <trkpt lat="38.830643" lon="-0.168732"><ele>520.9</ele></trkpt>
    <trkpt lat="38.830479" lon="-0.169019"><ele>524.6</ele></trkpt>
    <trkpt lat="38.830419" lon="-0.169188"><ele>526.6</ele></trkpt>
    <trkpt lat="38.830259" lon="-0.170575"><ele>543.3</ele></trkpt>
    <trkpt lat="38.830137" lon="-0.170898"><ele>547.9</ele></trkpt>
    <trkpt lat="38.829484" lon="-0.172013"><ele>567.8</ele></trkpt>
    <trkpt lat="38.829167" lon="-0.17289"><ele>583.6</ele></trkpt>
    <trkpt lat="38.829027" lon="-0.173398"><ele>592.8</ele></trkpt>
    <trkpt lat="38.828428" lon="-0.174791"><ele>616</ele></trkpt>
    <trkpt lat="38.828309" lon="-0.174979"><ele>618</ele></trkpt>
    <trkpt lat="38.828217" lon="-0.175059"><ele>619</ele></trkpt>
    <trkpt lat="38.827913" lon="-0.175194"><ele>620.9</ele></trkpt>
    <trkpt lat="38.827861" lon="-0.175283"><ele>621.1</ele></trkpt>
    <trkpt lat="38.827807" lon="-0.175668"><ele>621.3</ele></trkpt>
    <trkpt lat="38.827619" lon="-0.176298"><ele>618.9</ele></trkpt>
    <trkpt lat="38.827615" lon="-0.176952"><ele>614.4</ele></trkpt>
    <trkpt lat="38.827686" lon="-0.177558"><ele>609.8</ele></trkpt>
    <trkpt lat="38.827607" lon="-0.178415"><ele>604.4</ele></trkpt>
    <trkpt lat="38.827255" lon="-0.180056"><ele>596.6</ele></trkpt>
    <trkpt lat="38.82712" lon="-0.180296"><ele>595.6</ele></trkpt>
    <trkpt lat="38.826908" lon="-0.180584"><ele>594.1</ele></trkpt>
    <trkpt lat="38.826881" lon="-0.180683"><ele>593.7</ele></trkpt>
    <trkpt lat="38.826895" lon="-0.181719"><ele>589.2</ele></trkpt>
    <trkpt lat="38.827023" lon="-0.182298"><ele>586.1</ele></trkpt>
    <trkpt lat="38.827129" lon="-0.182912"><ele>582.4</ele></trkpt>
    <trkpt lat="38.827222" lon="-0.183544"><ele>578.5</ele></trkpt>
    <trkpt lat="38.82723" lon="-0.183811"><ele>576.9</ele></trkpt>
    <trkpt lat="38.827166" lon="-0.183966"><ele>575.8</ele></trkpt>
    <trkpt lat="38.826977" lon="-0.184266"><ele>573.6</ele></trkpt>
    <trkpt lat="38.826117" lon="-0.1849"><ele>567</ele></trkpt>
    <trkpt lat="38.826004" lon="-0.18507"><ele>565.9</ele></trkpt>
    <trkpt lat="38.82598" lon="-0.18521"><ele>565.2</ele></trkpt>
    <trkpt lat="38.825978" lon="-0.185893"><ele>562</ele></trkpt>
    <trkpt lat="38.825981" lon="-0.186554"><ele>559.5</ele></trkpt>
    <trkpt lat="38.826023" lon="-0.186922"><ele>558.3</ele></trkpt>
    <trkpt lat="38.826196" lon="-0.187073"><ele>557.5</ele></trkpt>
    <trkpt lat="38.826257" lon="-0.187188"><ele>557.2</ele></trkpt>
    <trkpt lat="38.826301" lon="-0.187344"><ele>556.9</ele></trkpt>
    <trkpt lat="38.826461" lon="-0.187834"><ele>556.2</ele></trkpt>
    <trkpt lat="38.826575" lon="-0.188095"><ele>556</ele></trkpt>
    <trkpt lat="38.82659" lon="-0.188151"><ele>556</ele></trkpt>
    <trkpt lat="38.826572" lon="-0.188258"><ele>556</ele></trkpt>
    <trkpt lat="38.826201" lon="-0.188623"><ele>556.1</ele></trkpt>
    <trkpt lat="38.825928" lon="-0.188988"><ele>556.3</ele></trkpt>
    <trkpt lat="38.825749" lon="-0.189295"><ele>556.7</ele></trkpt>
    <trkpt lat="38.825358" lon="-0.190226"><ele>558.5</ele></trkpt>
    <trkpt lat="38.825004" lon="-0.191219"><ele>561.2</ele></trkpt>
    <trkpt lat="38.824684" lon="-0.19186"><ele>562.8</ele></trkpt>
    <trkpt lat="38.824435" lon="-0.19268"><ele>563.9</ele></trkpt>
    <trkpt lat="38.824356" lon="-0.193387"><ele>564.8</ele></trkpt>
    <trkpt lat="38.824296" lon="-0.193708"><ele>565.4</ele></trkpt>
    <trkpt lat="38.824219" lon="-0.193932"><ele>566</ele></trkpt>
    <trkpt lat="38.824117" lon="-0.19412"><ele>566.5</ele></trkpt>
    <trkpt lat="38.823683" lon="-0.194722"><ele>568.7</ele></trkpt>
    <trkpt lat="38.823338" lon="-0.195084"><ele>569.9</ele></trkpt>
    <trkpt lat="38.822826" lon="-0.195549"><ele>571</ele></trkpt>
    <trkpt lat="38.8226" lon="-0.195823"><ele>571.2</ele></trkpt>
    <trkpt lat="38.822174" lon="-0.196742"><ele>571</ele></trkpt>
    <trkpt lat="38.821628" lon="-0.197592"><ele>569.7</ele></trkpt>
    <trkpt lat="38.821423" lon="-0.197804"><ele>569.3</ele></trkpt>
    <trkpt lat="38.821173" lon="-0.197992"><ele>568.9</ele></trkpt>
    <trkpt lat="38.82107" lon="-0.198038"><ele>568.8</ele></trkpt>
    <trkpt lat="38.82086" lon="-0.198141"><ele>568.4</ele></trkpt>
    <trkpt lat="38.820789" lon="-0.198202"><ele>568.3</ele></trkpt>
    <trkpt lat="38.820555" lon="-0.198508"><ele>567.6</ele></trkpt>
    <trkpt lat="38.820458" lon="-0.19859"><ele>567.4</ele></trkpt>
    <trkpt lat="38.820355" lon="-0.198591"><ele>567.2</ele></trkpt>
    <trkpt lat="38.820042" lon="-0.198434"><ele>566.3</ele></trkpt>
    <trkpt lat="38.819511" lon="-0.197773"><ele>562.9</ele></trkpt>
    <trkpt lat="38.819012" lon="-0.196346"><ele>555</ele></trkpt>
    <trkpt lat="38.818971" lon="-0.196286"><ele>554.6</ele></trkpt>
    <trkpt lat="38.81891" lon="-0.196257"><ele>554.2</ele></trkpt>
    <trkpt lat="38.818809" lon="-0.196311"><ele>553.7</ele></trkpt>
    <trkpt lat="38.818503" lon="-0.196702"><ele>551.7</ele></trkpt>
    <trkpt lat="38.818055" lon="-0.197025"><ele>550.3</ele></trkpt>
    <trkpt lat="38.817819" lon="-0.197076"><ele>549.9</ele></trkpt>
    <trkpt lat="38.817508" lon="-0.196965"><ele>549.4</ele></trkpt>
    <trkpt lat="38.817428" lon="-0.196959"><ele>549.3</ele></trkpt>
    <trkpt lat="38.817349" lon="-0.196992"><ele>549.2</ele></trkpt>
    <trkpt lat="38.817214" lon="-0.19715"><ele>549</ele></trkpt>
    <trkpt lat="38.817087" lon="-0.197429"><ele>548.8</ele></trkpt>
    <trkpt lat="38.816713" lon="-0.198659"><ele>547.7</ele></trkpt>
    <trkpt lat="38.816663" lon="-0.198711"><ele>547.6</ele></trkpt>
    <trkpt lat="38.816605" lon="-0.198724"><ele>547.5</ele></trkpt>
    <trkpt lat="38.816484" lon="-0.198657"><ele>547.4</ele></trkpt>
    <trkpt lat="38.816373" lon="-0.198661"><ele>547.3</ele></trkpt>
    <trkpt lat="38.816244" lon="-0.198755"><ele>547.2</ele></trkpt>
    <trkpt lat="38.816094" lon="-0.198955"><ele>547.2</ele></trkpt>
    <trkpt lat="38.815736" lon="-0.199763"><ele>548.8</ele></trkpt>
    <trkpt lat="38.815686" lon="-0.199965"><ele>549.5</ele></trkpt>
    <trkpt lat="38.815695" lon="-0.200066"><ele>549.9</ele></trkpt>
    <trkpt lat="38.815797" lon="-0.200348"><ele>551.2</ele></trkpt>
    <trkpt lat="38.81624" lon="-0.201054"><ele>554.6</ele></trkpt>
    <trkpt lat="38.816328" lon="-0.201332"><ele>555.6</ele></trkpt>
    <trkpt lat="38.816335" lon="-0.20152"><ele>556.1</ele></trkpt>
    <trkpt lat="38.816275" lon="-0.201599"><ele>556.4</ele></trkpt>
    <trkpt lat="38.816223" lon="-0.201603"><ele>556.5</ele></trkpt>
    <trkpt lat="38.815813" lon="-0.201436"><ele>557.1</ele></trkpt>
    <trkpt lat="38.815271" lon="-0.201386"><ele>556.8</ele></trkpt>
    <trkpt lat="38.815078" lon="-0.201428"><ele>556.6</ele></trkpt>
    <trkpt lat="38.814978" lon="-0.201487"><ele>556.5</ele></trkpt>
    <trkpt lat="38.814817" lon="-0.201676"><ele>556.3</ele></trkpt>
    <trkpt lat="38.814608" lon="-0.202037"><ele>556</ele></trkpt>
    <trkpt lat="38.814574" lon="-0.202265"><ele>556</ele></trkpt>
    <trkpt lat="38.81465" lon="-0.202921"><ele>556.1</ele></trkpt>
    <trkpt lat="38.81458" lon="-0.203117"><ele>556.3</ele></trkpt>
    <trkpt lat="38.81449" lon="-0.203203"><ele>556.4</ele></trkpt>
    <trkpt lat="38.814391" lon="-0.203168"><ele>556.5</ele></trkpt>
    <trkpt lat="38.814332" lon="-0.202919"><ele>556.9</ele></trkpt>
    <trkpt lat="38.814246" lon="-0.202823"><ele>557.1</ele></trkpt>
    <trkpt lat="38.81364" lon="-0.202517"><ele>558.7</ele></trkpt>
    <trkpt lat="38.813343" lon="-0.202215"><ele>560</ele></trkpt>
    <trkpt lat="38.813093" lon="-0.202057"><ele>561.1</ele></trkpt>
    <trkpt lat="38.812991" lon="-0.202039"><ele>561.6</ele></trkpt>
    <trkpt lat="38.812511" lon="-0.202228"><ele>564.2</ele></trkpt>
    <trkpt lat="38.812282" lon="-0.202388"><ele>565.9</ele></trkpt>
    <trkpt lat="38.812225" lon="-0.20269"><ele>567.7</ele></trkpt>
    <trkpt lat="38.812232" lon="-0.20304"><ele>569.9</ele></trkpt>
    <trkpt lat="38.812272" lon="-0.203342"><ele>572</ele></trkpt>
    <trkpt lat="38.812386" lon="-0.20382"><ele>575.5</ele></trkpt>
    <trkpt lat="38.812387" lon="-0.204218"><ele>578.6</ele></trkpt>
    <trkpt lat="38.81221" lon="-0.20643"><ele>594.4</ele></trkpt>
    <trkpt lat="38.812214" lon="-0.206768"><ele>596.2</ele></trkpt>
    <trkpt lat="38.812317" lon="-0.207029"><ele>597.7</ele></trkpt>
    <trkpt lat="38.812675" lon="-0.207599"><ele>601</ele></trkpt>
    <trkpt lat="38.813207" lon="-0.208331"><ele>604.9</ele></trkpt>
    <trkpt lat="38.813227" lon="-0.20854"><ele>605.9</ele></trkpt>
    <trkpt lat="38.813143" lon="-0.208903"><ele>607.8</ele></trkpt>
    <trkpt lat="38.81313" lon="-0.209218"><ele>609.4</ele></trkpt>
    <trkpt lat="38.813126" lon="-0.210372"><ele>615.8</ele></trkpt>
    <trkpt lat="38.813206" lon="-0.211149"><ele>620.3</ele></trkpt>
    <trkpt lat="38.81351" lon="-0.211708"><ele>624.1</ele></trkpt>
    <trkpt lat="38.813609" lon="-0.211846"><ele>625.1</ele></trkpt>
    <trkpt lat="38.813883" lon="-0.212142"><ele>627.3</ele></trkpt>
    <trkpt lat="38.814043" lon="-0.21237"><ele>628.4</ele></trkpt>
    <trkpt lat="38.813923" lon="-0.2126"><ele>629.2</ele></trkpt>
    <trkpt lat="38.813495" lon="-0.212966"><ele>630.1</ele></trkpt>
    <trkpt lat="38.81285" lon="-0.214014"><ele>627.1</ele></trkpt>
    <trkpt lat="38.812421" lon="-0.215033"><ele>621.4</ele></trkpt>
    <trkpt lat="38.812178" lon="-0.215486"><ele>618.6</ele></trkpt>
    <trkpt lat="38.811265" lon="-0.21684"><ele>610</ele></trkpt>
    <trkpt lat="38.811179" lon="-0.217068"><ele>608.9</ele></trkpt>
    <trkpt lat="38.810908" lon="-0.218025"><ele>604.4</ele></trkpt>
    <trkpt lat="38.810719" lon="-0.218546"><ele>601.7</ele></trkpt>
    <trkpt lat="38.810689" lon="-0.218589"><ele>601.5</ele></trkpt>
    <trkpt lat="38.810416" lon="-0.218919"><ele>599.2</ele></trkpt>
    <trkpt lat="38.810225" lon="-0.219211"><ele>597.5</ele></trkpt>
    <trkpt lat="38.81021" lon="-0.219424"><ele>596.5</ele></trkpt>
    <trkpt lat="38.810272" lon="-0.220272"><ele>592.5</ele></trkpt>
    <trkpt lat="38.810089" lon="-0.22085"><ele>589.8</ele></trkpt>
    <trkpt lat="38.809664" lon="-0.22186"><ele>585.1</ele></trkpt>
    <trkpt lat="38.80944" lon="-0.222163"><ele>583.4</ele></trkpt>
    <trkpt lat="38.809235" lon="-0.222588"><ele>581.2</ele></trkpt>
    <trkpt lat="38.809096" lon="-0.222741"><ele>580.2</ele></trkpt>
    <trkpt lat="38.809006" lon="-0.222792"><ele>579.7</ele></trkpt>
    <trkpt lat="38.808778" lon="-0.222879"><ele>578.4</ele></trkpt>
    <trkpt lat="38.808649" lon="-0.222972"><ele>577.6</ele></trkpt>
    <trkpt lat="38.808624" lon="-0.223063"><ele>577.1</ele></trkpt>
    <trkpt lat="38.808606" lon="-0.22372"><ele>574.6</ele></trkpt>
    <trkpt lat="38.808537" lon="-0.224152"><ele>573.7</ele></trkpt>
    <trkpt lat="38.808416" lon="-0.224411"><ele>573.7</ele></trkpt>
    <trkpt lat="38.808193" lon="-0.224622"><ele>574.2</ele></trkpt>
    <trkpt lat="38.807951" lon="-0.22468"><ele>575.2</ele></trkpt>
    <trkpt lat="38.807633" lon="-0.224661"><ele>577.3</ele></trkpt>
    <trkpt lat="38.807539" lon="-0.224693"><ele>578.2</ele></trkpt>
    <trkpt lat="38.807308" lon="-0.224819"><ele>580.5</ele></trkpt>
    <trkpt lat="38.807159" lon="-0.224962"><ele>582.4</ele></trkpt>
    <trkpt lat="38.807005" lon="-0.225037"><ele>584.2</ele></trkpt>
    <trkpt lat="38.806721" lon="-0.225302"><ele>588.1</ele></trkpt>
    <trkpt lat="38.806582" lon="-0.22535"><ele>589.7</ele></trkpt>
    <trkpt lat="38.806491" lon="-0.225337"><ele>590.6</ele></trkpt>
    <trkpt lat="38.806065" lon="-0.22522"><ele>594.4</ele></trkpt>
    <trkpt lat="38.805881" lon="-0.225202"><ele>595.8</ele></trkpt>
    <trkpt lat="38.805703" lon="-0.225134"><ele>597.2</ele></trkpt>
    <trkpt lat="38.805619" lon="-0.224986"><ele>598.2</ele></trkpt>
    <trkpt lat="38.805535" lon="-0.224592"><ele>600.5</ele></trkpt>
    <trkpt lat="38.805419" lon="-0.224401"><ele>602</ele></trkpt>
    <trkpt lat="38.805262" lon="-0.224396"><ele>603.2</ele></trkpt>
    <trkpt lat="38.804499" lon="-0.224621"><ele>609.9</ele></trkpt>
    <trkpt lat="38.804124" lon="-0.22473"><ele>613.6</ele></trkpt>
    <trkpt lat="38.804091" lon="-0.225049"><ele>616</ele></trkpt>
    <trkpt lat="38.804042" lon="-0.226287"><ele>622.9</ele></trkpt>
    <trkpt lat="38.80407" lon="-0.226694"><ele>624.4</ele></trkpt>
    <trkpt lat="38.804103" lon="-0.226859"><ele>625</ele></trkpt>
    <trkpt lat="38.804372" lon="-0.227497"><ele>627</ele></trkpt>
    <trkpt lat="38.804379" lon="-0.227661"><ele>627.3</ele></trkpt>
    <trkpt lat="38.804349" lon="-0.227806"><ele>627.5</ele></trkpt>
    <trkpt lat="38.804052" lon="-0.22853"><ele>628</ele></trkpt>
    <trkpt lat="38.80384" lon="-0.229233"><ele>628.4</ele></trkpt>
    <trkpt lat="38.803736" lon="-0.229504"><ele>628.5</ele></trkpt>
    <trkpt lat="38.803552" lon="-0.229678"><ele>628.6</ele></trkpt>
    <trkpt lat="38.8033" lon="-0.229831"><ele>628.4</ele></trkpt>
    <trkpt lat="38.802864" lon="-0.229957"><ele>627.8</ele></trkpt>
    <trkpt lat="38.802783" lon="-0.230146"><ele>627.6</ele></trkpt>
    <trkpt lat="38.802825" lon="-0.230335"><ele>627.5</ele></trkpt>
    <trkpt lat="38.80289" lon="-0.230418"><ele>627.5</ele></trkpt>
    <trkpt lat="38.803376" lon="-0.230852"><ele>627.4</ele></trkpt>
    <trkpt lat="38.803494" lon="-0.231043"><ele>627.5</ele></trkpt>
    <trkpt lat="38.803509" lon="-0.231137"><ele>627.5</ele></trkpt>
    <trkpt lat="38.803502" lon="-0.231238"><ele>627.4</ele></trkpt>
    <trkpt lat="38.803458" lon="-0.231337"><ele>627.4</ele></trkpt>
    <trkpt lat="38.803363" lon="-0.231425"><ele>627.4</ele></trkpt>
    <trkpt lat="38.803061" lon="-0.231595"><ele>627.3</ele></trkpt>
    <trkpt lat="38.803012" lon="-0.23166"><ele>627.3</ele></trkpt>
    <trkpt lat="38.802895" lon="-0.231939"><ele>627</ele></trkpt>
    <trkpt lat="38.802726" lon="-0.232568"><ele>625.7</ele></trkpt>
    <trkpt lat="38.802738" lon="-0.232681"><ele>625.3</ele></trkpt>
    <trkpt lat="38.803124" lon="-0.234099"><ele>616.3</ele></trkpt>
    <trkpt lat="38.803389" lon="-0.235207"><ele>610</ele></trkpt>
    <trkpt lat="38.803396" lon="-0.235405"><ele>609.4</ele></trkpt>
    <trkpt lat="38.803344" lon="-0.235525"><ele>609</ele></trkpt>
    <trkpt lat="38.803254" lon="-0.23559"><ele>608.7</ele></trkpt>
    <trkpt lat="38.803129" lon="-0.235571"><ele>608.3</ele></trkpt>
    <trkpt lat="38.802978" lon="-0.235413"><ele>607.9</ele></trkpt>
    <trkpt lat="38.802634" lon="-0.234804"><ele>606.8</ele></trkpt>
    <trkpt lat="38.802565" lon="-0.234724"><ele>606.6</ele></trkpt>
    <trkpt lat="38.802467" lon="-0.234672"><ele>606.4</ele></trkpt>
    <trkpt lat="38.802352" lon="-0.234685"><ele>606.2</ele></trkpt>
    <trkpt lat="38.802177" lon="-0.234817"><ele>605.9</ele></trkpt>
    <trkpt lat="38.802085" lon="-0.234946"><ele>605.7</ele></trkpt>
    <trkpt lat="38.801869" lon="-0.235428"><ele>605</ele></trkpt>
    <trkpt lat="38.801716" lon="-0.235971"><ele>604.5</ele></trkpt>
    <trkpt lat="38.80164" lon="-0.236116"><ele>604.4</ele></trkpt>
    <trkpt lat="38.801246" lon="-0.236693"><ele>604.6</ele></trkpt>
    <trkpt lat="38.800297" lon="-0.239018"><ele>608.3</ele></trkpt>
    <trkpt lat="38.800219" lon="-0.239318"><ele>608.2</ele></trkpt>
    <trkpt lat="38.80022" lon="-0.239618"><ele>608.1</ele></trkpt>
    <trkpt lat="38.800242" lon="-0.239765"><ele>608.1</ele></trkpt>
    <trkpt lat="38.800316" lon="-0.240071"><ele>608.2</ele></trkpt>
    <trkpt lat="38.800509" lon="-0.240707"><ele>609</ele></trkpt>
    <trkpt lat="38.800554" lon="-0.240947"><ele>609.5</ele></trkpt>
    <trkpt lat="38.800517" lon="-0.24116"><ele>610.1</ele></trkpt>
    <trkpt lat="38.80032" lon="-0.241477"><ele>611.8</ele></trkpt>
    <trkpt lat="38.799933" lon="-0.242343"><ele>617.8</ele></trkpt>
    <trkpt lat="38.799417" lon="-0.243732"><ele>626.7</ele></trkpt>
    <trkpt lat="38.799212" lon="-0.244291"><ele>628.6</ele></trkpt>
    <trkpt lat="38.799019" lon="-0.244803"><ele>629.3</ele></trkpt>
    <trkpt lat="38.79865" lon="-0.246077"><ele>628.5</ele></trkpt>
    <trkpt lat="38.798621" lon="-0.246338"><ele>628.3</ele></trkpt>
    <trkpt lat="38.798621" lon="-0.247231"><ele>627.9</ele></trkpt>
    <trkpt lat="38.798559" lon="-0.247773"><ele>628</ele></trkpt>
    <trkpt lat="38.798518" lon="-0.24788"><ele>628.1</ele></trkpt>
    <trkpt lat="38.797808" lon="-0.249052"><ele>628.2</ele></trkpt>
    <trkpt lat="38.79761" lon="-0.249358"><ele>628</ele></trkpt>
    <trkpt lat="38.797427" lon="-0.249574"><ele>627.9</ele></trkpt>
    <trkpt lat="38.797262" lon="-0.249745"><ele>627.8</ele></trkpt>
    <trkpt lat="38.79654" lon="-0.25037"><ele>627.9</ele></trkpt>
    <trkpt lat="38.796443" lon="-0.250526"><ele>628</ele></trkpt>
    <trkpt lat="38.79633" lon="-0.250823"><ele>628.2</ele></trkpt>
    <trkpt lat="38.796147" lon="-0.251393"><ele>628.7</ele></trkpt>
    <trkpt lat="38.796087" lon="-0.251748"><ele>629</ele></trkpt>
    <trkpt lat="38.796011" lon="-0.252326"><ele>629.2</ele></trkpt>
    <trkpt lat="38.796006" lon="-0.252346"><ele>629.2</ele></trkpt>
    <trkpt lat="38.795826" lon="-0.253076"><ele>629.4</ele></trkpt>
    <trkpt lat="38.795654" lon="-0.253517"><ele>629.7</ele></trkpt>
    <trkpt lat="38.795532" lon="-0.253745"><ele>629.9</ele></trkpt>
    <trkpt lat="38.794502" lon="-0.254874"><ele>633</ele></trkpt>
    <trkpt lat="38.794461" lon="-0.254987"><ele>633.2</ele></trkpt>
    <trkpt lat="38.794351" lon="-0.255589"><ele>634.3</ele></trkpt>
    <trkpt lat="38.794315" lon="-0.255871"><ele>634.7</ele></trkpt>
    <trkpt lat="38.794317" lon="-0.256336"><ele>635.3</ele></trkpt>
    <trkpt lat="38.794329" lon="-0.256789"><ele>635.8</ele></trkpt>
    <trkpt lat="38.794367" lon="-0.257119"><ele>636.1</ele></trkpt>
    <trkpt lat="38.794494" lon="-0.257719"><ele>636.8</ele></trkpt>
    <trkpt lat="38.794522" lon="-0.258261"><ele>637.8</ele></trkpt>
    <trkpt lat="38.79444" lon="-0.258597"><ele>638.6</ele></trkpt>
    <trkpt lat="38.794305" lon="-0.258956"><ele>639.6</ele></trkpt>
    <trkpt lat="38.79429" lon="-0.258997"><ele>639.7</ele></trkpt>
    <trkpt lat="38.794228" lon="-0.259219"><ele>640.4</ele></trkpt>
    <trkpt lat="38.794262" lon="-0.260326"><ele>643.8</ele></trkpt>
    <trkpt lat="38.794139" lon="-0.261516"><ele>647</ele></trkpt>
    <trkpt lat="38.794064" lon="-0.261937"><ele>648.1</ele></trkpt>
    <trkpt lat="38.793925" lon="-0.262267"><ele>648.9</ele></trkpt>
    <trkpt lat="38.793695" lon="-0.262904"><ele>650.2</ele></trkpt>
    <trkpt lat="38.793645" lon="-0.263115"><ele>650.6</ele></trkpt>
    <trkpt lat="38.793655" lon="-0.263453"><ele>651</ele></trkpt>
    <trkpt lat="38.79379" lon="-0.263926"><ele>651.6</ele></trkpt>
    <trkpt lat="38.793897" lon="-0.264332"><ele>651.8</ele></trkpt>
    <trkpt lat="38.793946" lon="-0.264742"><ele>651.6</ele></trkpt>
    <trkpt lat="38.793979" lon="-0.265101"><ele>651.3</ele></trkpt>
    <trkpt lat="38.793953" lon="-0.265329"><ele>651</ele></trkpt>
    <trkpt lat="38.793279" lon="-0.266438"><ele>647.6</ele></trkpt>
    <trkpt lat="38.793141" lon="-0.266572"><ele>647</ele></trkpt>
    <trkpt lat="38.792111" lon="-0.267558"><ele>641.1</ele></trkpt>
    <trkpt lat="38.791502" lon="-0.267777"><ele>637.2</ele></trkpt>
    <trkpt lat="38.790953" lon="-0.267938"><ele>633.3</ele></trkpt>
    <trkpt lat="38.790467" lon="-0.267855"><ele>629.8</ele></trkpt>
    <trkpt lat="38.790311" lon="-0.267883"><ele>628.7</ele></trkpt>
    <trkpt lat="38.790257" lon="-0.267934"><ele>628.2</ele></trkpt>
    <trkpt lat="38.790142" lon="-0.268147"><ele>626.8</ele></trkpt>
    <trkpt lat="38.789889" lon="-0.269001"><ele>621.7</ele></trkpt>
    <trkpt lat="38.789758" lon="-0.26952"><ele>618.6</ele></trkpt>
    <trkpt lat="38.789744" lon="-0.269695"><ele>617.5</ele></trkpt>
    <trkpt lat="38.789767" lon="-0.270283"><ele>614.1</ele></trkpt>
    <trkpt lat="38.789692" lon="-0.270511"><ele>612.7</ele></trkpt>
    <trkpt lat="38.789621" lon="-0.27059"><ele>612.1</ele></trkpt>
    <trkpt lat="38.78909" lon="-0.270913"><ele>609.2</ele></trkpt>
    <trkpt lat="38.788526" lon="-0.271207"><ele>608.1</ele></trkpt>
    <trkpt lat="38.788394" lon="-0.271323"><ele>607.9</ele></trkpt>
    <trkpt lat="38.788236" lon="-0.271543"><ele>607.9</ele></trkpt>
    <trkpt lat="38.788165" lon="-0.271713"><ele>607.8</ele></trkpt>
    <trkpt lat="38.788126" lon="-0.271886"><ele>607.9</ele></trkpt>
    <trkpt lat="38.787614" lon="-0.271883"><ele>607.8</ele></trkpt>
    <trkpt lat="38.785185" lon="-0.271837"><ele>601.1</ele></trkpt>
    <trkpt lat="38.785007" lon="-0.271807"><ele>600.4</ele></trkpt>
    <trkpt lat="38.784868" lon="-0.271743"><ele>599.9</ele></trkpt>
    <trkpt lat="38.784092" lon="-0.271389"><ele>596.6</ele></trkpt>
    <trkpt lat="38.78335" lon="-0.271065"><ele>593</ele></trkpt>
    <trkpt lat="38.782507" lon="-0.270836"><ele>592.3</ele></trkpt>
    <trkpt lat="38.782375" lon="-0.270762"><ele>592.6</ele></trkpt>
    <trkpt lat="38.782325" lon="-0.270693"><ele>592.8</ele></trkpt>
    <trkpt lat="38.782158" lon="-0.270291"><ele>594</ele></trkpt>
    <trkpt lat="38.782045" lon="-0.26995"><ele>595.4</ele></trkpt>
    <trkpt lat="38.782038" lon="-0.26984"><ele>595.9</ele></trkpt>
    <trkpt lat="38.782061" lon="-0.269731"><ele>596.4</ele></trkpt>
    <trkpt lat="38.782317" lon="-0.269265"><ele>599.8</ele></trkpt>
    <trkpt lat="38.78233" lon="-0.26912"><ele>600.7</ele></trkpt>
    <trkpt lat="38.7823" lon="-0.269029"><ele>601.3</ele></trkpt>
    <trkpt lat="38.782241" lon="-0.268961"><ele>602</ele></trkpt>
    <trkpt lat="38.782165" lon="-0.268931"><ele>602.5</ele></trkpt>
    <trkpt lat="38.78205" lon="-0.268968"><ele>603.3</ele></trkpt>
    <trkpt lat="38.781749" lon="-0.269446"><ele>606.3</ele></trkpt>
    <trkpt lat="38.781508" lon="-0.269881"><ele>608.7</ele></trkpt>
    <trkpt lat="38.781366" lon="-0.270249"><ele>610.4</ele></trkpt>
    <trkpt lat="38.781313" lon="-0.27079"><ele>612.5</ele></trkpt>
    <trkpt lat="38.781471" lon="-0.27162"><ele>616.2</ele></trkpt>
    <trkpt lat="38.781345" lon="-0.272246"><ele>619.5</ele></trkpt>
    <trkpt lat="38.781307" lon="-0.272333"><ele>620.1</ele></trkpt>
    <trkpt lat="38.781248" lon="-0.272382"><ele>620.5</ele></trkpt>
    <trkpt lat="38.78118" lon="-0.272402"><ele>621</ele></trkpt>
    <trkpt lat="38.780903" lon="-0.272388"><ele>623.1</ele></trkpt>
    <trkpt lat="38.780799" lon="-0.272311"><ele>624</ele></trkpt>
    <trkpt lat="38.78077" lon="-0.272252"><ele>624.5</ele></trkpt>
    <trkpt lat="38.78073" lon="-0.271793"><ele>627.4</ele></trkpt>
    <trkpt lat="38.780539" lon="-0.271114"><ele>632.1</ele></trkpt>
    <trkpt lat="38.780479" lon="-0.270971"><ele>633.1</ele></trkpt>
    <trkpt lat="38.780148" lon="-0.270542"><ele>636.6</ele></trkpt>
    <trkpt lat="38.779781" lon="-0.270282"><ele>639.6</ele></trkpt>
    <trkpt lat="38.77914" lon="-0.269416"><ele>646</ele></trkpt>
    <trkpt lat="38.779088" lon="-0.269392"><ele>646.3</ele></trkpt>
    <trkpt lat="38.778844" lon="-0.26934"><ele>647.9</ele></trkpt>
    <trkpt lat="38.778721" lon="-0.269231"><ele>648.9</ele></trkpt>
    <trkpt lat="38.77867" lon="-0.269048"><ele>649.8</ele></trkpt>
    <trkpt lat="38.778631" lon="-0.26847"><ele>652.5</ele></trkpt>
    <trkpt lat="38.778608" lon="-0.268391"><ele>652.8</ele></trkpt>
    <trkpt lat="38.778544" lon="-0.268323"><ele>653.3</ele></trkpt>
    <trkpt lat="38.778441" lon="-0.268314"><ele>653.9</ele></trkpt>
    <trkpt lat="38.778379" lon="-0.268363"><ele>654.3</ele></trkpt>
    <trkpt lat="38.778331" lon="-0.268479"><ele>654.8</ele></trkpt>
    <trkpt lat="38.77833" lon="-0.268602"><ele>655.2</ele></trkpt>
    <trkpt lat="38.778439" lon="-0.269286"><ele>657.9</ele></trkpt>
    <trkpt lat="38.778427" lon="-0.269848"><ele>659.8</ele></trkpt>
    <trkpt lat="38.778378" lon="-0.27023"><ele>660.9</ele></trkpt>
    <trkpt lat="38.778173" lon="-0.270717"><ele>662.5</ele></trkpt>
    <trkpt lat="38.777971" lon="-0.271493"><ele>665.5</ele></trkpt>
    <trkpt lat="38.777862" lon="-0.271555"><ele>666.1</ele></trkpt>
    <trkpt lat="38.777771" lon="-0.271511"><ele>666.6</ele></trkpt>
    <trkpt lat="38.777733" lon="-0.271442"><ele>667</ele></trkpt>
    <trkpt lat="38.777734" lon="-0.271205"><ele>668</ele></trkpt>
    <trkpt lat="38.777742" lon="-0.270921"><ele>669.3</ele></trkpt>
    <trkpt lat="38.777721" lon="-0.270708"><ele>670.5</ele></trkpt>
    <trkpt lat="38.777598" lon="-0.270162"><ele>673.4</ele></trkpt>
    <trkpt lat="38.777486" lon="-0.269876"><ele>674.9</ele></trkpt>
    <trkpt lat="38.777235" lon="-0.26949"><ele>676.8</ele></trkpt>
    <trkpt lat="38.777216" lon="-0.269471"><ele>676.9</ele></trkpt>
    <trkpt lat="38.776736" lon="-0.269022"><ele>678.7</ele></trkpt>
    <trkpt lat="38.776712" lon="-0.268999"><ele>678.8</ele></trkpt>
    <trkpt lat="38.776561" lon="-0.26909"><ele>679.2</ele></trkpt>
    <trkpt lat="38.776393" lon="-0.269064"><ele>679.6</ele></trkpt>
    <trkpt lat="38.776173" lon="-0.268991"><ele>680.1</ele></trkpt>
    <trkpt lat="38.77607" lon="-0.268957"><ele>680.4</ele></trkpt>
    <trkpt lat="38.775929" lon="-0.268977"><ele>680.9</ele></trkpt>
    <trkpt lat="38.775736" lon="-0.269225"><ele>682</ele></trkpt>
    <trkpt lat="38.775664" lon="-0.269288"><ele>682.5</ele></trkpt>
    <trkpt lat="38.775461" lon="-0.269367"><ele>683.7</ele></trkpt>
    <trkpt lat="38.775422" lon="-0.269415"><ele>684</ele></trkpt>
    <trkpt lat="38.775314" lon="-0.269651"><ele>685.4</ele></trkpt>
    <trkpt lat="38.775115" lon="-0.269967"><ele>688</ele></trkpt>
    <trkpt lat="38.774931" lon="-0.270668"><ele>693.1</ele></trkpt>
    <trkpt lat="38.774859" lon="-0.270786"><ele>694.2</ele></trkpt>
    <trkpt lat="38.774473" lon="-0.271205"><ele>699</ele></trkpt>
    <trkpt lat="38.774146" lon="-0.272175"><ele>707.7</ele></trkpt>
    <trkpt lat="38.773932" lon="-0.272488"><ele>711.2</ele></trkpt>
    <trkpt lat="38.773668" lon="-0.272791"><ele>715</ele></trkpt>
    <trkpt lat="38.773518" lon="-0.272873"><ele>716.8</ele></trkpt>
    <trkpt lat="38.773167" lon="-0.272938"><ele>720.9</ele></trkpt>
    <trkpt lat="38.77275" lon="-0.273057"><ele>726</ele></trkpt>
    <trkpt lat="38.772568" lon="-0.273139"><ele>728.2</ele></trkpt>
    <trkpt lat="38.772388" lon="-0.273238"><ele>730.3</ele></trkpt>
    <trkpt lat="38.772264" lon="-0.273339"><ele>731.7</ele></trkpt>
    <trkpt lat="38.771834" lon="-0.273783"><ele>736.4</ele></trkpt>
    <trkpt lat="38.771681" lon="-0.273812"><ele>737.5</ele></trkpt>
    <trkpt lat="38.771609" lon="-0.273783"><ele>738</ele></trkpt>
    <trkpt lat="38.771156" lon="-0.273423"><ele>741.3</ele></trkpt>
    <trkpt lat="38.771105" lon="-0.273319"><ele>741.8</ele></trkpt>
    <trkpt lat="38.771034" lon="-0.273029"><ele>743.1</ele></trkpt>
    <trkpt lat="38.770882" lon="-0.272938"><ele>744</ele></trkpt>
    <trkpt lat="38.770743" lon="-0.272974"><ele>744.7</ele></trkpt>
    <trkpt lat="38.770312" lon="-0.273215"><ele>748</ele></trkpt>
    <trkpt lat="38.769895" lon="-0.273448"><ele>752.3</ele></trkpt>
    <trkpt lat="38.769576" lon="-0.273411"><ele>755.8</ele></trkpt>
    <trkpt lat="38.769318" lon="-0.27346"><ele>758.7</ele></trkpt>
    <trkpt lat="38.76883" lon="-0.27327"><ele>763.9</ele></trkpt>
    <trkpt lat="38.76875" lon="-0.273195"><ele>764.9</ele></trkpt>
    <trkpt lat="38.76871" lon="-0.273102"><ele>765.7</ele></trkpt>
    <trkpt lat="38.768687" lon="-0.272984"><ele>766.6</ele></trkpt>
    <trkpt lat="38.768691" lon="-0.272846"><ele>767.6</ele></trkpt>
    <trkpt lat="38.768753" lon="-0.272643"><ele>769.2</ele></trkpt>
    <trkpt lat="38.768976" lon="-0.27215"><ele>773.6</ele></trkpt>
    <trkpt lat="38.769095" lon="-0.271911"><ele>775.8</ele></trkpt>
    <trkpt lat="38.769135" lon="-0.271715"><ele>777.3</ele></trkpt>
    <trkpt lat="38.769114" lon="-0.2715"><ele>778.9</ele></trkpt>
    <trkpt lat="38.768969" lon="-0.27094"><ele>782.8</ele></trkpt>
    <trkpt lat="38.768838" lon="-0.270206"><ele>787</ele></trkpt>
    <trkpt lat="38.768619" lon="-0.269733"><ele>789.2</ele></trkpt>
    <trkpt lat="38.768533" lon="-0.269373"><ele>789.9</ele></trkpt>
    <trkpt lat="38.768558" lon="-0.269021"><ele>790.1</ele></trkpt>
    <trkpt lat="38.768701" lon="-0.268456"><ele>789.8</ele></trkpt>
    <trkpt lat="38.768748" lon="-0.268222"><ele>789.7</ele></trkpt>
    <trkpt lat="38.768772" lon="-0.268069"><ele>789.6</ele></trkpt>
    <trkpt lat="38.768769" lon="-0.267898"><ele>789.5</ele></trkpt>
    <trkpt lat="38.768619" lon="-0.267533"><ele>789.3</ele></trkpt>
    <trkpt lat="38.768535" lon="-0.267387"><ele>789.2</ele></trkpt>
    <trkpt lat="38.768343" lon="-0.267151"><ele>789.1</ele></trkpt>
    <trkpt lat="38.768103" lon="-0.266997"><ele>788.9</ele></trkpt>
    <trkpt lat="38.767322" lon="-0.266706"><ele>788.8</ele></trkpt>
    <trkpt lat="38.76701" lon="-0.266651"><ele>788.8</ele></trkpt>
    <trkpt lat="38.766613" lon="-0.266692"><ele>788.9</ele></trkpt>
    <trkpt lat="38.766414" lon="-0.266761"><ele>789.1</ele></trkpt>
    <trkpt lat="38.765901" lon="-0.267052"><ele>790.2</ele></trkpt>
    <trkpt lat="38.765739" lon="-0.267111"><ele>790.7</ele></trkpt>
    <trkpt lat="38.765623" lon="-0.267094"><ele>791.2</ele></trkpt>
    <trkpt lat="38.765366" lon="-0.26697"><ele>792.4</ele></trkpt>
    <trkpt lat="38.764978" lon="-0.266926"><ele>794.6</ele></trkpt>
    <trkpt lat="38.764888" lon="-0.266878"><ele>795.3</ele></trkpt>
    <trkpt lat="38.764852" lon="-0.266701"><ele>796.2</ele></trkpt>
    <trkpt lat="38.764922" lon="-0.266246"><ele>798.9</ele></trkpt>
    <trkpt lat="38.764877" lon="-0.26614"><ele>799.7</ele></trkpt>
    <trkpt lat="38.76481" lon="-0.266158"><ele>800.3</ele></trkpt>
    <trkpt lat="38.764441" lon="-0.266789"><ele>806.1</ele></trkpt>
    <trkpt lat="38.764274" lon="-0.266976"><ele>808.5</ele></trkpt>
    <trkpt lat="38.763899" lon="-0.267284"><ele>813.2</ele></trkpt>
    <trkpt lat="38.763438" lon="-0.267751"><ele>819.3</ele></trkpt>
    <trkpt lat="38.763113" lon="-0.267911"><ele>822.8</ele></trkpt>
    <trkpt lat="38.762972" lon="-0.268077"><ele>824.4</ele></trkpt>
    <trkpt lat="38.762711" lon="-0.26865"><ele>827.7</ele></trkpt>
    <trkpt lat="38.76263" lon="-0.268733"><ele>828.2</ele></trkpt>
    <trkpt lat="38.762547" lon="-0.268738"><ele>828.5</ele></trkpt>
    <trkpt lat="38.762492" lon="-0.268703"><ele>828.6</ele></trkpt>
    <trkpt lat="38.762195" lon="-0.268293"><ele>829.1</ele></trkpt>
    <trkpt lat="38.761918" lon="-0.267618"><ele>826.6</ele></trkpt>
    <trkpt lat="38.761628" lon="-0.267025"><ele>821.4</ele></trkpt>
    <trkpt lat="38.761414" lon="-0.266427"><ele>814.7</ele></trkpt>
    <trkpt lat="38.761221" lon="-0.265661"><ele>804.6</ele></trkpt>
    <trkpt lat="38.761159" lon="-0.265102"><ele>796.9</ele></trkpt>
    <trkpt lat="38.761002" lon="-0.264694"><ele>790.9</ele></trkpt>
    <trkpt lat="38.760882" lon="-0.264247"><ele>785</ele></trkpt>
    <trkpt lat="38.760817" lon="-0.264096"><ele>783</ele></trkpt>
    <trkpt lat="38.760733" lon="-0.264003"><ele>781.6</ele></trkpt>
    <trkpt lat="38.760628" lon="-0.263978"><ele>780.3</ele></trkpt>
    <trkpt lat="38.76056" lon="-0.264004"><ele>779.5</ele></trkpt>
    <trkpt lat="38.760122" lon="-0.264414"><ele>775</ele></trkpt>
    <trkpt lat="38.759931" lon="-0.264668"><ele>773.9</ele></trkpt>
    <trkpt lat="38.759393" lon="-0.265776"><ele>771.8</ele></trkpt>
    <trkpt lat="38.758863" lon="-0.267011"><ele>767.9</ele></trkpt>
    <trkpt lat="38.758502" lon="-0.268096"><ele>763.4</ele></trkpt>
    <trkpt lat="38.758142" lon="-0.269015"><ele>760.3</ele></trkpt>
    <trkpt lat="38.758031" lon="-0.269382"><ele>759.4</ele></trkpt>
    <trkpt lat="38.757853" lon="-0.27019"><ele>758.2</ele></trkpt>
    <trkpt lat="38.757892" lon="-0.270672"><ele>757.9</ele></trkpt>
    <trkpt lat="38.757883" lon="-0.2709"><ele>757.8</ele></trkpt>
    <trkpt lat="38.757786" lon="-0.27139"><ele>757.5</ele></trkpt>
    <trkpt lat="38.757612" lon="-0.271718"><ele>757.4</ele></trkpt>
    <trkpt lat="38.75715" lon="-0.272224"><ele>757.5</ele></trkpt>
    <trkpt lat="38.756998" lon="-0.272423"><ele>757.4</ele></trkpt>
    <trkpt lat="38.756617" lon="-0.273381"><ele>756.2</ele></trkpt>
    <trkpt lat="38.756433" lon="-0.273603"><ele>755.7</ele></trkpt>
    <trkpt lat="38.756318" lon="-0.273832"><ele>755.1</ele></trkpt>
    <trkpt lat="38.756217" lon="-0.27436"><ele>753.4</ele></trkpt>
    <trkpt lat="38.756158" lon="-0.274554"><ele>752.5</ele></trkpt>
    <trkpt lat="38.756065" lon="-0.274587"><ele>751.9</ele></trkpt>
    <trkpt lat="38.755414" lon="-0.274196"><ele>747.2</ele></trkpt>
    <trkpt lat="38.754462" lon="-0.273621"><ele>738.1</ele></trkpt>
    <trkpt lat="38.753969" lon="-0.27331"><ele>733.6</ele></trkpt>
    <trkpt lat="38.753338" lon="-0.272773"><ele>728.2</ele></trkpt>
    <trkpt lat="38.75316" lon="-0.272681"><ele>727.1</ele></trkpt>
    <trkpt lat="38.7526" lon="-0.272551"><ele>724.8</ele></trkpt>
    <trkpt lat="38.752094" lon="-0.272607"><ele>723.5</ele></trkpt>
    <trkpt lat="38.751969" lon="-0.272652"><ele>723.3</ele></trkpt>
    <trkpt lat="38.751839" lon="-0.272649"><ele>723.1</ele></trkpt>
    <trkpt lat="38.751837" lon="-0.272629"><ele>723</ele></trkpt>
    <trkpt lat="38.75181" lon="-0.272401"><ele>722.8</ele></trkpt>
    <trkpt lat="38.751733" lon="-0.271507"><ele>722.2</ele></trkpt>
    <trkpt lat="38.751732" lon="-0.270805"><ele>721.4</ele></trkpt>
    <trkpt lat="38.751609" lon="-0.270459"><ele>720.6</ele></trkpt>
    <trkpt lat="38.750989" lon="-0.269158"><ele>717.5</ele></trkpt>
    <trkpt lat="38.750865" lon="-0.269002"><ele>717.4</ele></trkpt>
    <trkpt lat="38.750711" lon="-0.26895"><ele>717.4</ele></trkpt>
    <trkpt lat="38.749905" lon="-0.268853"><ele>719.6</ele></trkpt>
    <trkpt lat="38.749329" lon="-0.268772"><ele>722.4</ele></trkpt>
    <trkpt lat="38.748875" lon="-0.268725"><ele>724.5</ele></trkpt>
    <trkpt lat="38.74877" lon="-0.268747"><ele>724.9</ele></trkpt>
    <trkpt lat="38.748673" lon="-0.268803"><ele>725.4</ele></trkpt>
    <trkpt lat="38.747064" lon="-0.270585"><ele>734.6</ele></trkpt>
    <trkpt lat="38.746561" lon="-0.271102"><ele>738.2</ele></trkpt>
    <trkpt lat="38.745798" lon="-0.272269"><ele>744.3</ele></trkpt>
    <trkpt lat="38.74554" lon="-0.272625"><ele>745.5</ele></trkpt>
    <trkpt lat="38.745033" lon="-0.273246"><ele>747.2</ele></trkpt>
    <trkpt lat="38.744823" lon="-0.273434"><ele>747.7</ele></trkpt>
    <trkpt lat="38.743983" lon="-0.273961"><ele>748.6</ele></trkpt>
    <trkpt lat="38.743889" lon="-0.274043"><ele>748.6</ele></trkpt>
    <trkpt lat="38.743822" lon="-0.274126"><ele>748.6</ele></trkpt>
    <trkpt lat="38.743516" lon="-0.274768"><ele>748.4</ele></trkpt>
    <trkpt lat="38.743345" lon="-0.275042"><ele>748.2</ele></trkpt>
    <trkpt lat="38.743165" lon="-0.275267"><ele>747.8</ele></trkpt>
    <trkpt lat="38.74233" lon="-0.275705"><ele>748.2</ele></trkpt>
    <trkpt lat="38.741671" lon="-0.276053"><ele>748.5</ele></trkpt>
    <trkpt lat="38.741562" lon="-0.2762"><ele>748.5</ele></trkpt>
    <trkpt lat="38.741379" lon="-0.276736"><ele>748.8</ele></trkpt>
    <trkpt lat="38.741301" lon="-0.276832"><ele>748.9</ele></trkpt>
    <trkpt lat="38.740885" lon="-0.277059"><ele>749.6</ele></trkpt>
    <trkpt lat="38.740566" lon="-0.277085"><ele>750.5</ele></trkpt>
    <trkpt lat="38.739734" lon="-0.276821"><ele>755.2</ele></trkpt>
    <trkpt lat="38.739361" lon="-0.276584"><ele>758.1</ele></trkpt>
    <trkpt lat="38.739224" lon="-0.276444"><ele>759.3</ele></trkpt>
    <trkpt lat="38.739064" lon="-0.276092"><ele>761.5</ele></trkpt>
    <trkpt lat="38.73897" lon="-0.275535"><ele>764.6</ele></trkpt>
    <trkpt lat="38.738773" lon="-0.275068"><ele>767.5</ele></trkpt>
    <trkpt lat="38.737618" lon="-0.273782"><ele>779</ele></trkpt>
    <trkpt lat="38.737169" lon="-0.273314"><ele>782.1</ele></trkpt>
    <trkpt lat="38.736436" lon="-0.272536"><ele>782.3</ele></trkpt>
    <trkpt lat="38.736346" lon="-0.272398"><ele>781.7</ele></trkpt>
    <trkpt lat="38.736112" lon="-0.271905"><ele>779.3</ele></trkpt>
    <trkpt lat="38.735777" lon="-0.27109"><ele>774.5</ele></trkpt>
    <trkpt lat="38.735723" lon="-0.270969"><ele>773.8</ele></trkpt>
    <trkpt lat="38.735074" lon="-0.269452"><ele>767.2</ele></trkpt>
    <trkpt lat="38.734995" lon="-0.269253"><ele>766.8</ele></trkpt>
    <trkpt lat="38.734793" lon="-0.270127"><ele>765.6</ele></trkpt>
    <trkpt lat="38.734772" lon="-0.270219"><ele>765.6</ele></trkpt>
    <trkpt lat="38.734243" lon="-0.272467"><ele>767.9</ele></trkpt>
    <trkpt lat="38.734147" lon="-0.272658"><ele>768.4</ele></trkpt>
    <trkpt lat="38.734025" lon="-0.27275"><ele>768.8</ele></trkpt>
    <trkpt lat="38.733689" lon="-0.272856"><ele>769.6</ele></trkpt>
    <trkpt lat="38.733555" lon="-0.272926"><ele>769.9</ele></trkpt>
    <trkpt lat="38.733483" lon="-0.27299"><ele>770.1</ele></trkpt>
    <trkpt lat="38.73341" lon="-0.273172"><ele>770.4</ele></trkpt>
    <trkpt lat="38.733383" lon="-0.273441"><ele>770.6</ele></trkpt>
    <trkpt lat="38.733201" lon="-0.274285"><ele>769.2</ele></trkpt>
    <trkpt lat="38.733025" lon="-0.274663"><ele>766.6</ele></trkpt>
    <trkpt lat="38.732878" lon="-0.274977"><ele>763.7</ele></trkpt>
    <trkpt lat="38.7326" lon="-0.275589"><ele>757</ele></trkpt>
    <trkpt lat="38.732584" lon="-0.275712"><ele>755.8</ele></trkpt>
    <trkpt lat="38.732628" lon="-0.276228"><ele>750.7</ele></trkpt>
    <trkpt lat="38.732596" lon="-0.276649"><ele>747.1</ele></trkpt>
    <trkpt lat="38.732678" lon="-0.277033"><ele>744.7</ele></trkpt>
    <trkpt lat="38.732687" lon="-0.277164"><ele>744.1</ele></trkpt>
    <trkpt lat="38.732625" lon="-0.277525"><ele>742.7</ele></trkpt>
    <trkpt lat="38.7325" lon="-0.277867"><ele>741.5</ele></trkpt>
    <trkpt lat="38.732444" lon="-0.278177"><ele>740.6</ele></trkpt>
    <trkpt lat="38.732356" lon="-0.278422"><ele>739.8</ele></trkpt>
    <trkpt lat="38.732207" lon="-0.279041"><ele>737.4</ele></trkpt>
    <trkpt lat="38.731999" lon="-0.279473"><ele>735</ele></trkpt>
    <trkpt lat="38.731789" lon="-0.28043"><ele>729.3</ele></trkpt>
    <trkpt lat="38.731724" lon="-0.281033"><ele>725.6</ele></trkpt>
    <trkpt lat="38.731737" lon="-0.281334"><ele>723.9</ele></trkpt>
    <trkpt lat="38.73189" lon="-0.281853"><ele>720.9</ele></trkpt>
    <trkpt lat="38.731967" lon="-0.282522"><ele>717.5</ele></trkpt>
    <trkpt lat="38.731974" lon="-0.282664"><ele>716.8</ele></trkpt>
    <trkpt lat="38.731934" lon="-0.283103"><ele>714.8</ele></trkpt>
    <trkpt lat="38.731966" lon="-0.283676"><ele>712.8</ele></trkpt>
    <trkpt lat="38.732085" lon="-0.28405"><ele>711.6</ele></trkpt>
    <trkpt lat="38.732113" lon="-0.284265"><ele>711</ele></trkpt>
    <trkpt lat="38.732042" lon="-0.284693"><ele>710</ele></trkpt>
    <trkpt lat="38.731611" lon="-0.285661"><ele>706.6</ele></trkpt>
    <trkpt lat="38.731567" lon="-0.285826"><ele>705.9</ele></trkpt>
    <trkpt lat="38.731542" lon="-0.286031"><ele>705.2</ele></trkpt>
    <trkpt lat="38.731558" lon="-0.286184"><ele>704.6</ele></trkpt>
    <trkpt lat="38.731659" lon="-0.286514"><ele>703.3</ele></trkpt>
    <trkpt lat="38.73171" lon="-0.28678"><ele>702.4</ele></trkpt>
    <trkpt lat="38.731719" lon="-0.287045"><ele>701.4</ele></trkpt>
    <trkpt lat="38.731407" lon="-0.288415"><ele>696.8</ele></trkpt>
    <trkpt lat="38.731141" lon="-0.288677"><ele>695.3</ele></trkpt>
    <trkpt lat="38.730771" lon="-0.288865"><ele>693.1</ele></trkpt>
    <trkpt lat="38.730673" lon="-0.288991"><ele>692.4</ele></trkpt>
    <trkpt lat="38.730495" lon="-0.289316"><ele>690.8</ele></trkpt>
    <trkpt lat="38.730337" lon="-0.289374"><ele>690</ele></trkpt>
    <trkpt lat="38.730025" lon="-0.289355"><ele>688.7</ele></trkpt>
    <trkpt lat="38.729933" lon="-0.289403"><ele>688.3</ele></trkpt>
    <trkpt lat="38.729873" lon="-0.289499"><ele>688.1</ele></trkpt>
    <trkpt lat="38.729853" lon="-0.289722"><ele>687.7</ele></trkpt>
    <trkpt lat="38.729903" lon="-0.29022"><ele>687.2</ele></trkpt>
    <trkpt lat="38.729938" lon="-0.290422"><ele>687.1</ele></trkpt>
    <trkpt lat="38.730049" lon="-0.290743"><ele>687.2</ele></trkpt>
    <trkpt lat="38.730108" lon="-0.291004"><ele>687.3</ele></trkpt>
    <trkpt lat="38.730148" lon="-0.291782"><ele>687.2</ele></trkpt>
    <trkpt lat="38.730255" lon="-0.292302"><ele>686.6</ele></trkpt>
    <trkpt lat="38.730233" lon="-0.292489"><ele>686.3</ele></trkpt>
    <trkpt lat="38.730044" lon="-0.292889"><ele>685.2</ele></trkpt>
    <trkpt lat="38.730006" lon="-0.293039"><ele>684.9</ele></trkpt>
    <trkpt lat="38.729952" lon="-0.293788"><ele>683.1</ele></trkpt>
    <trkpt lat="38.729927" lon="-0.293969"><ele>682.6</ele></trkpt>
    <trkpt lat="38.729859" lon="-0.294116"><ele>682.3</ele></trkpt>
    <trkpt lat="38.729754" lon="-0.294196"><ele>682</ele></trkpt>
    <trkpt lat="38.729668" lon="-0.294201"><ele>681.8</ele></trkpt>
    <trkpt lat="38.729522" lon="-0.294126"><ele>681.5</ele></trkpt>
    <trkpt lat="38.729119" lon="-0.293681"><ele>681</ele></trkpt>
    <trkpt lat="38.729021" lon="-0.293622"><ele>681</ele></trkpt>
    <trkpt lat="38.728849" lon="-0.293576"><ele>681</ele></trkpt>
    <trkpt lat="38.72877" lon="-0.293594"><ele>681</ele></trkpt>
    <trkpt lat="38.728684" lon="-0.293664"><ele>681.1</ele></trkpt>
    <trkpt lat="38.728583" lon="-0.293875"><ele>681.1</ele></trkpt>
    <trkpt lat="38.728416" lon="-0.294304"><ele>680.9</ele></trkpt>
    <trkpt lat="38.728129" lon="-0.294879"><ele>680.4</ele></trkpt>
    <trkpt lat="38.727945" lon="-0.29536"><ele>679.8</ele></trkpt>
    <trkpt lat="38.727845" lon="-0.295456"><ele>679.7</ele></trkpt>
    <trkpt lat="38.72763" lon="-0.295506"><ele>679.4</ele></trkpt>
    <trkpt lat="38.727553" lon="-0.295472"><ele>679.3</ele></trkpt>
    <trkpt lat="38.727319" lon="-0.295187"><ele>679.3</ele></trkpt>
    <trkpt lat="38.727263" lon="-0.295164"><ele>679.3</ele></trkpt>
    <trkpt lat="38.7272" lon="-0.295177"><ele>679.3</ele></trkpt>
    <trkpt lat="38.727124" lon="-0.295288"><ele>679.3</ele></trkpt>
    <trkpt lat="38.727088" lon="-0.295669"><ele>679.6</ele></trkpt>
    <trkpt lat="38.72704" lon="-0.295798"><ele>679.7</ele></trkpt>
    <trkpt lat="38.726962" lon="-0.295841"><ele>679.9</ele></trkpt>
    <trkpt lat="38.726819" lon="-0.295828"><ele>680.3</ele></trkpt>
    <trkpt lat="38.726542" lon="-0.295722"><ele>681</ele></trkpt>
    <trkpt lat="38.726486" lon="-0.295733"><ele>681.2</ele></trkpt>
    <trkpt lat="38.72643" lon="-0.295802"><ele>681.4</ele></trkpt>
    <trkpt lat="38.726403" lon="-0.295898"><ele>681.6</ele></trkpt>
    <trkpt lat="38.726406" lon="-0.295986"><ele>681.9</ele></trkpt>
    <trkpt lat="38.726446" lon="-0.296092"><ele>682.2</ele></trkpt>
    <trkpt lat="38.726576" lon="-0.296293"><ele>682.9</ele></trkpt>
    <trkpt lat="38.727171" lon="-0.29713"><ele>686.2</ele></trkpt>
    <trkpt lat="38.727367" lon="-0.297446"><ele>687.6</ele></trkpt>
    <trkpt lat="38.727531" lon="-0.297639"><ele>688.5</ele></trkpt>
    <trkpt lat="38.727962" lon="-0.297999"><ele>690.6</ele></trkpt>
    <trkpt lat="38.72829" lon="-0.298189"><ele>691.9</ele></trkpt>
    <trkpt lat="38.728889" lon="-0.298852"><ele>694</ele></trkpt>
    <trkpt lat="38.728921" lon="-0.299011"><ele>694.2</ele></trkpt>
    <trkpt lat="38.728906" lon="-0.299131"><ele>694.4</ele></trkpt>
    <trkpt lat="38.728819" lon="-0.299382"><ele>694.6</ele></trkpt>
    <trkpt lat="38.728759" lon="-0.299477"><ele>694.6</ele></trkpt>
    <trkpt lat="38.728589" lon="-0.299593"><ele>694.7</ele></trkpt>
    <trkpt lat="38.728359" lon="-0.299641"><ele>694.6</ele></trkpt>
    <trkpt lat="38.72822" lon="-0.29971"><ele>694.4</ele></trkpt>
    <trkpt lat="38.727682" lon="-0.300216"><ele>692.1</ele></trkpt>
    <trkpt lat="38.727269" lon="-0.300694"><ele>688.9</ele></trkpt>
    <trkpt lat="38.727094" lon="-0.300808"><ele>687.8</ele></trkpt>
    <trkpt lat="38.726981" lon="-0.300835"><ele>687.2</ele></trkpt>
    <trkpt lat="38.726558" lon="-0.300845"><ele>684.7</ele></trkpt>
    <trkpt lat="38.72616" lon="-0.300786"><ele>682.1</ele></trkpt>
    <trkpt lat="38.72583" lon="-0.300899"><ele>679.7</ele></trkpt>
    <trkpt lat="38.725713" lon="-0.30099"><ele>678.9</ele></trkpt>
    <trkpt lat="38.725186" lon="-0.301569"><ele>675.2</ele></trkpt>
    <trkpt lat="38.72499" lon="-0.301786"><ele>674</ele></trkpt>
    <trkpt lat="38.724867" lon="-0.301859"><ele>673.3</ele></trkpt>
    <trkpt lat="38.72475" lon="-0.301886"><ele>672.7</ele></trkpt>
    <trkpt lat="38.724503" lon="-0.301752"><ele>671.5</ele></trkpt>
    <trkpt lat="38.724361" lon="-0.301519"><ele>670.7</ele></trkpt>
    <trkpt lat="38.724246" lon="-0.301516"><ele>670.4</ele></trkpt>
    <trkpt lat="38.724156" lon="-0.301704"><ele>670.2</ele></trkpt>
    <trkpt lat="38.724143" lon="-0.301962"><ele>670</ele></trkpt>
    <trkpt lat="38.724203" lon="-0.302172"><ele>669.7</ele></trkpt>
    <trkpt lat="38.724404" lon="-0.30236"><ele>669.1</ele></trkpt>
    <trkpt lat="38.724609" lon="-0.302693"><ele>667.9</ele></trkpt>
    <trkpt lat="38.724641" lon="-0.302807"><ele>667.4</ele></trkpt>
    <trkpt lat="38.724684" lon="-0.302975"><ele>666.6</ele></trkpt>
    <trkpt lat="38.724768" lon="-0.303331"><ele>664.7</ele></trkpt>
    <trkpt lat="38.725287" lon="-0.304077"><ele>658.3</ele></trkpt>
    <trkpt lat="38.725451" lon="-0.304435"><ele>655</ele></trkpt>
    <trkpt lat="38.725504" lon="-0.305359"><ele>648</ele></trkpt>
    <trkpt lat="38.725506" lon="-0.305986"><ele>643.6</ele></trkpt>
    <trkpt lat="38.72558" lon="-0.307038"><ele>636</ele></trkpt>
    <trkpt lat="38.725655" lon="-0.307547"><ele>632</ele></trkpt>
    <trkpt lat="38.725705" lon="-0.307712"><ele>630.7</ele></trkpt>
    <trkpt lat="38.726194" lon="-0.308621"><ele>623.3</ele></trkpt>
    <trkpt lat="38.7262" lon="-0.308691"><ele>622.9</ele></trkpt>
    <trkpt lat="38.726149" lon="-0.308835"><ele>622.1</ele></trkpt>
    <trkpt lat="38.725773" lon="-0.309302"><ele>620.7</ele></trkpt>
    <trkpt lat="38.725693" lon="-0.309493"><ele>620.9</ele></trkpt>
    <trkpt lat="38.725645" lon="-0.309693"><ele>621.3</ele></trkpt>
    <trkpt lat="38.725644" lon="-0.309924"><ele>621.9</ele></trkpt>
    <trkpt lat="38.725643" lon="-0.310868"><ele>625.5</ele></trkpt>
    <trkpt lat="38.725664" lon="-0.311093"><ele>626.4</ele></trkpt>
    <trkpt lat="38.725731" lon="-0.311222"><ele>627</ele></trkpt>
    <trkpt lat="38.726057" lon="-0.311582"><ele>628.7</ele></trkpt>
    <trkpt lat="38.7262" lon="-0.311887"><ele>629.3</ele></trkpt>
    <trkpt lat="38.726227" lon="-0.312119"><ele>629.4</ele></trkpt>
    <trkpt lat="38.726216" lon="-0.312209"><ele>629.4</ele></trkpt>
    <trkpt lat="38.726177" lon="-0.312287"><ele>629.4</ele></trkpt>
    <trkpt lat="38.725961" lon="-0.312359"><ele>629.2</ele></trkpt>
    <trkpt lat="38.725889" lon="-0.312512"><ele>628.9</ele></trkpt>
    <trkpt lat="38.725886" lon="-0.312606"><ele>628.8</ele></trkpt>
    <trkpt lat="38.725982" lon="-0.312917"><ele>628.4</ele></trkpt>
    <trkpt lat="38.725987" lon="-0.312983"><ele>628.3</ele></trkpt>
    <trkpt lat="38.725958" lon="-0.313077"><ele>628.2</ele></trkpt>
    <trkpt lat="38.725716" lon="-0.313343"><ele>628</ele></trkpt>
    <trkpt lat="38.725528" lon="-0.313614"><ele>628</ele></trkpt>
    <trkpt lat="38.725238" lon="-0.314046"><ele>628.7</ele></trkpt>
    <trkpt lat="38.725196" lon="-0.314198"><ele>629.1</ele></trkpt>
    <trkpt lat="38.725164" lon="-0.314449"><ele>629.6</ele></trkpt>
    <trkpt lat="38.725127" lon="-0.314535"><ele>629.9</ele></trkpt>
    <trkpt lat="38.72506" lon="-0.314557"><ele>630.1</ele></trkpt>
    <trkpt lat="38.725027" lon="-0.314538"><ele>630.3</ele></trkpt>
    <trkpt lat="38.724986" lon="-0.314454"><ele>630.6</ele></trkpt>
    <trkpt lat="38.72498" lon="-0.313904"><ele>632.5</ele></trkpt>
    <trkpt lat="38.724927" lon="-0.313781"><ele>632.8</ele></trkpt>
    <trkpt lat="38.724838" lon="-0.313704"><ele>633.1</ele></trkpt>
    <trkpt lat="38.724421" lon="-0.313692"><ele>633.9</ele></trkpt>
    <trkpt lat="38.723938" lon="-0.313877"><ele>633.2</ele></trkpt>
    <trkpt lat="38.723626" lon="-0.313872"><ele>631.8</ele></trkpt>
    <trkpt lat="38.723356" lon="-0.31388"><ele>630</ele></trkpt>
    <trkpt lat="38.723103" lon="-0.31403"><ele>627.8</ele></trkpt>
    <trkpt lat="38.722972" lon="-0.314191"><ele>626.3</ele></trkpt>
    <trkpt lat="38.722944" lon="-0.314226"><ele>625.9</ele></trkpt>
    <trkpt lat="38.722454" lon="-0.315164"><ele>619.1</ele></trkpt>
    <trkpt lat="38.722353" lon="-0.315292"><ele>618</ele></trkpt>
    <trkpt lat="38.722182" lon="-0.31531"><ele>616.9</ele></trkpt>
    <trkpt lat="38.722102" lon="-0.31536"><ele>616.3</ele></trkpt>
    <trkpt lat="38.722096" lon="-0.315367"><ele>616.3</ele></trkpt>
    <trkpt lat="38.722049" lon="-0.315449"><ele>615.8</ele></trkpt>
    <trkpt lat="38.722032" lon="-0.315525"><ele>615.4</ele></trkpt>
    <trkpt lat="38.722059" lon="-0.315671"><ele>614.7</ele></trkpt>
    <trkpt lat="38.722198" lon="-0.316008"><ele>613.2</ele></trkpt>
    <trkpt lat="38.722227" lon="-0.31613"><ele>612.7</ele></trkpt>
    <trkpt lat="38.722166" lon="-0.316713"><ele>610.8</ele></trkpt>
    <trkpt lat="38.722199" lon="-0.317775"><ele>607.1</ele></trkpt>
    <trkpt lat="38.722135" lon="-0.318425"><ele>605.7</ele></trkpt>
    <trkpt lat="38.722072" lon="-0.318593"><ele>605.3</ele></trkpt>
    <trkpt lat="38.721995" lon="-0.318662"><ele>605</ele></trkpt>
    <trkpt lat="38.721711" lon="-0.318696"><ele>604.3</ele></trkpt>
    <trkpt lat="38.721591" lon="-0.318803"><ele>604</ele></trkpt>
    <trkpt lat="38.721584" lon="-0.318874"><ele>603.8</ele></trkpt>
    <trkpt lat="38.721606" lon="-0.319061"><ele>603.6</ele></trkpt>
    <trkpt lat="38.721644" lon="-0.319173"><ele>603.4</ele></trkpt>
    <trkpt lat="38.722297" lon="-0.319951"><ele>603.5</ele></trkpt>
    <trkpt lat="38.722454" lon="-0.320326"><ele>603</ele></trkpt>
    <trkpt lat="38.722602" lon="-0.320673"><ele>602.7</ele></trkpt>
    <trkpt lat="38.722713" lon="-0.320801"><ele>602.6</ele></trkpt>
    <trkpt lat="38.723016" lon="-0.321033"><ele>602.3</ele></trkpt>
    <trkpt lat="38.723129" lon="-0.321195"><ele>602.1</ele></trkpt>
    <trkpt lat="38.723357" lon="-0.32165"><ele>601</ele></trkpt>
    <trkpt lat="38.723451" lon="-0.322042"><ele>599.4</ele></trkpt>
    <trkpt lat="38.723484" lon="-0.322604"><ele>597</ele></trkpt>
    <trkpt lat="38.723479" lon="-0.32357"><ele>591.2</ele></trkpt>
    <trkpt lat="38.723538" lon="-0.324151"><ele>587.1</ele></trkpt>
    <trkpt lat="38.723552" lon="-0.324523"><ele>584.5</ele></trkpt>
    <trkpt lat="38.723514" lon="-0.32471"><ele>583.2</ele></trkpt>
    <trkpt lat="38.723307" lon="-0.325105"><ele>580.1</ele></trkpt>
    <trkpt lat="38.723254" lon="-0.325285"><ele>578.9</ele></trkpt>
    <trkpt lat="38.723293" lon="-0.326139"><ele>573.7</ele></trkpt>
    <trkpt lat="38.723181" lon="-0.326805"><ele>568.5</ele></trkpt>
    <trkpt lat="38.723171" lon="-0.327005"><ele>566.7</ele></trkpt>
    <trkpt lat="38.723262" lon="-0.327646"><ele>560</ele></trkpt>
    <trkpt lat="38.723274" lon="-0.328123"><ele>554.6</ele></trkpt>
    <trkpt lat="38.723373" lon="-0.328846"><ele>546.7</ele></trkpt>
    <trkpt lat="38.723451" lon="-0.329029"><ele>544.7</ele></trkpt>
    <trkpt lat="38.723634" lon="-0.329245"><ele>542</ele></trkpt>
    <trkpt lat="38.723814" lon="-0.32952"><ele>539.6</ele></trkpt>
    <trkpt lat="38.723886" lon="-0.329609"><ele>538.9</ele></trkpt>
    <trkpt lat="38.724067" lon="-0.329754"><ele>537.7</ele></trkpt>
    <trkpt lat="38.724264" lon="-0.329869"><ele>536.8</ele></trkpt>
    <trkpt lat="38.724389" lon="-0.32991"><ele>536.4</ele></trkpt>
    <trkpt lat="38.724547" lon="-0.32989"><ele>536</ele></trkpt>
    <trkpt lat="38.724767" lon="-0.329753"><ele>535.6</ele></trkpt>
    <trkpt lat="38.724842" lon="-0.329763"><ele>535.4</ele></trkpt>
    <trkpt lat="38.724904" lon="-0.329816"><ele>535.2</ele></trkpt>
    <trkpt lat="38.724944" lon="-0.329943"><ele>535</ele></trkpt>
    <trkpt lat="38.724897" lon="-0.330107"><ele>534.6</ele></trkpt>
    <trkpt lat="38.724733" lon="-0.330287"><ele>534.1</ele></trkpt>
    <trkpt lat="38.724582" lon="-0.330361"><ele>533.7</ele></trkpt>
    <trkpt lat="38.724429" lon="-0.330366"><ele>533.3</ele></trkpt>
    <trkpt lat="38.72419" lon="-0.330318"><ele>532.5</ele></trkpt>
    <trkpt lat="38.724106" lon="-0.330385"><ele>532.1</ele></trkpt>
    <trkpt lat="38.724084" lon="-0.330505"><ele>531.8</ele></trkpt>
    <trkpt lat="38.724085" lon="-0.330507"><ele>531.8</ele></trkpt>
    <trkpt lat="38.724152" lon="-0.330684"><ele>531.2</ele></trkpt>
    <trkpt lat="38.724534" lon="-0.331158"><ele>529.2</ele></trkpt>
    <trkpt lat="38.724843" lon="-0.331703"><ele>529.1</ele></trkpt>
    <trkpt lat="38.725002" lon="-0.332012"><ele>529.9</ele></trkpt>
    <trkpt lat="38.725077" lon="-0.332245"><ele>530.4</ele></trkpt>
    <trkpt lat="38.725081" lon="-0.332326"><ele>530.6</ele></trkpt>
    <trkpt lat="38.725037" lon="-0.33247"><ele>530.9</ele></trkpt>
    <trkpt lat="38.724773" lon="-0.332705"><ele>531.5</ele></trkpt>
    <trkpt lat="38.724499" lon="-0.333071"><ele>532</ele></trkpt>
    <trkpt lat="38.724246" lon="-0.33353"><ele>532.2</ele></trkpt>
    <trkpt lat="38.724119" lon="-0.333942"><ele>531.6</ele></trkpt>
    <trkpt lat="38.724052" lon="-0.334084"><ele>531.1</ele></trkpt>
    <trkpt lat="38.723735" lon="-0.334463"><ele>529</ele></trkpt>
    <trkpt lat="38.723631" lon="-0.334639"><ele>528.2</ele></trkpt>
    <trkpt lat="38.723611" lon="-0.334842"><ele>527.5</ele></trkpt>
    <trkpt lat="38.723698" lon="-0.335415"><ele>525.9</ele></trkpt>
    <trkpt lat="38.723698" lon="-0.335532"><ele>525.6</ele></trkpt>
    <trkpt lat="38.723563" lon="-0.336315"><ele>525.6</ele></trkpt>
    <trkpt lat="38.723565" lon="-0.336547"><ele>525.8</ele></trkpt>
    <trkpt lat="38.723657" lon="-0.336673"><ele>526.1</ele></trkpt>
    <trkpt lat="38.724108" lon="-0.336757"><ele>527.2</ele></trkpt>
    <trkpt lat="38.724261" lon="-0.336722"><ele>527.7</ele></trkpt>
    <trkpt lat="38.724466" lon="-0.336558"><ele>528.6</ele></trkpt>
    <trkpt lat="38.724569" lon="-0.336548"><ele>528.9</ele></trkpt>
    <trkpt lat="38.724672" lon="-0.336622"><ele>529.3</ele></trkpt>
    <trkpt lat="38.725079" lon="-0.337077"><ele>532.1</ele></trkpt>
    <trkpt lat="38.725164" lon="-0.337222"><ele>532.8</ele></trkpt>
    <trkpt lat="38.725298" lon="-0.337657"><ele>534.8</ele></trkpt>
    <trkpt lat="38.725318" lon="-0.337791"><ele>535.4</ele></trkpt>
    <trkpt lat="38.725301" lon="-0.337885"><ele>535.9</ele></trkpt>
    <trkpt lat="38.725162" lon="-0.338111"><ele>537.1</ele></trkpt>
    <trkpt lat="38.724851" lon="-0.338377"><ele>539.2</ele></trkpt>
    <trkpt lat="38.72458" lon="-0.338546"><ele>540.7</ele></trkpt>
    <trkpt lat="38.724341" lon="-0.338543"><ele>541.8</ele></trkpt>
    <trkpt lat="38.723953" lon="-0.338444"><ele>542.3</ele></trkpt>
    <trkpt lat="38.723594" lon="-0.338406"><ele>542.4</ele></trkpt>
    <trkpt lat="38.723473" lon="-0.338352"><ele>542.5</ele></trkpt>
    <trkpt lat="38.723169" lon="-0.338131"><ele>542.7</ele></trkpt>
    <trkpt lat="38.723092" lon="-0.338143"><ele>542.9</ele></trkpt>
    <trkpt lat="38.723038" lon="-0.338204"><ele>543</ele></trkpt>
    <trkpt lat="38.72301" lon="-0.338309"><ele>543.2</ele></trkpt>
    <trkpt lat="38.722992" lon="-0.338603"><ele>543.8</ele></trkpt>
    <trkpt lat="38.722923" lon="-0.338915"><ele>544.8</ele></trkpt>
    <trkpt lat="38.722935" lon="-0.339097"><ele>545.6</ele></trkpt>
    <trkpt lat="38.723023" lon="-0.339329"><ele>546.9</ele></trkpt>
    <trkpt lat="38.723056" lon="-0.339487"><ele>547.8</ele></trkpt>
    <trkpt lat="38.723041" lon="-0.339669"><ele>548.9</ele></trkpt>
    <trkpt lat="38.722952" lon="-0.340089"><ele>552.3</ele></trkpt>
    <trkpt lat="38.722925" lon="-0.340986"><ele>559.6</ele></trkpt>
    <trkpt lat="38.722961" lon="-0.341369"><ele>562.5</ele></trkpt>
    <trkpt lat="38.72298" lon="-0.341651"><ele>564.6</ele></trkpt>
    <trkpt lat="38.722923" lon="-0.341935"><ele>566.6</ele></trkpt>
    <trkpt lat="38.722466" lon="-0.343042"><ele>571.5</ele></trkpt>
    <trkpt lat="38.722053" lon="-0.344055"><ele>570.9</ele></trkpt>
    <trkpt lat="38.721426" lon="-0.346419"><ele>564</ele></trkpt>
    <trkpt lat="38.720836" lon="-0.347866"><ele>556.7</ele></trkpt>
    <trkpt lat="38.720535" lon="-0.348563"><ele>554.1</ele></trkpt>
    <trkpt lat="38.720415" lon="-0.349032"><ele>553.2</ele></trkpt>
    <trkpt lat="38.720254" lon="-0.350539"><ele>551.2</ele></trkpt>
    <trkpt lat="38.720225" lon="-0.350848"><ele>550.2</ele></trkpt>
    <trkpt lat="38.720238" lon="-0.351064"><ele>549.3</ele></trkpt>
    <trkpt lat="38.720358" lon="-0.351316"><ele>548.1</ele></trkpt>
    <trkpt lat="38.720552" lon="-0.351541"><ele>546.6</ele></trkpt>
    <trkpt lat="38.720601" lon="-0.351599"><ele>546.2</ele></trkpt>
    <trkpt lat="38.720797" lon="-0.351836"><ele>544.8</ele></trkpt>
    <trkpt lat="38.720836" lon="-0.351991"><ele>544.1</ele></trkpt>
    <trkpt lat="38.720809" lon="-0.352121"><ele>543.6</ele></trkpt>
    <trkpt lat="38.720571" lon="-0.352448"><ele>542.3</ele></trkpt>
    <trkpt lat="38.720243" lon="-0.35309"><ele>541.8</ele></trkpt>
    <trkpt lat="38.719813" lon="-0.353948"><ele>544.8</ele></trkpt>
    <trkpt lat="38.71972" lon="-0.354269"><ele>546</ele></trkpt>
    <trkpt lat="38.719608" lon="-0.354906"><ele>547.9</ele></trkpt>
    <trkpt lat="38.719556" lon="-0.355304"><ele>548.8</ele></trkpt>
    <trkpt lat="38.719562" lon="-0.355454"><ele>549</ele></trkpt>
    <trkpt lat="38.719605" lon="-0.355702"><ele>549.3</ele></trkpt>
    <trkpt lat="38.719643" lon="-0.355874"><ele>549.4</ele></trkpt>
    <trkpt lat="38.719778" lon="-0.356139"><ele>549.2</ele></trkpt>
    <trkpt lat="38.719852" lon="-0.356192"><ele>549.1</ele></trkpt>
    <trkpt lat="38.720328" lon="-0.356354"><ele>548.4</ele></trkpt>
    <trkpt lat="38.720435" lon="-0.356463"><ele>548.1</ele></trkpt>
    <trkpt lat="38.720567" lon="-0.356679"><ele>547.7</ele></trkpt>
    <trkpt lat="38.720612" lon="-0.356878"><ele>547.3</ele></trkpt>
    <trkpt lat="38.720619" lon="-0.356938"><ele>547.2</ele></trkpt>
    <trkpt lat="38.7207" lon="-0.356985"><ele>546.9</ele></trkpt>
    <trkpt lat="38.720705" lon="-0.357094"><ele>546.7</ele></trkpt>
    <trkpt lat="38.720653" lon="-0.357151"><ele>546.5</ele></trkpt>
    <trkpt lat="38.720634" lon="-0.357154"><ele>546.5</ele></trkpt>
    <trkpt lat="38.720558" lon="-0.357106"><ele>546.2</ele></trkpt>
    <trkpt lat="38.720549" lon="-0.357007"><ele>546</ele></trkpt>
    <trkpt lat="38.720489" lon="-0.356983"><ele>545.8</ele></trkpt>
    <trkpt lat="38.720327" lon="-0.35679"><ele>545.1</ele></trkpt>
    <trkpt lat="38.720321" lon="-0.356782"><ele>545</ele></trkpt>
    <trkpt lat="38.720236" lon="-0.356729"><ele>544.7</ele></trkpt>
    <trkpt lat="38.720144" lon="-0.356716"><ele>544.4</ele></trkpt>
    <trkpt lat="38.719968" lon="-0.356785"><ele>543.9</ele></trkpt>
    <trkpt lat="38.719532" lon="-0.3571"><ele>542.2</ele></trkpt>
    <trkpt lat="38.718674" lon="-0.357777"><ele>540</ele></trkpt>
    <trkpt lat="38.718318" lon="-0.357942"><ele>539.7</ele></trkpt>
    <trkpt lat="38.717609" lon="-0.358245"><ele>539.6</ele></trkpt>
    <trkpt lat="38.716163" lon="-0.359091"><ele>539.6</ele></trkpt>
    <trkpt lat="38.715247" lon="-0.35941"><ele>539.3</ele></trkpt>
    <trkpt lat="38.715066" lon="-0.359611"><ele>539.2</ele></trkpt>
    <trkpt lat="38.714033" lon="-0.361031"><ele>537</ele></trkpt>
    <trkpt lat="38.713582" lon="-0.361471"><ele>534.9</ele></trkpt>
    <trkpt lat="38.713227" lon="-0.361766"><ele>532.4</ele></trkpt>
    <trkpt lat="38.713156" lon="-0.361918"><ele>531.4</ele></trkpt>
    <trkpt lat="38.713117" lon="-0.362171"><ele>529.9</ele></trkpt>
    <trkpt lat="38.713074" lon="-0.362296"><ele>529</ele></trkpt>
    <trkpt lat="38.712969" lon="-0.362409"><ele>528</ele></trkpt>
    <trkpt lat="38.712553" lon="-0.362697"><ele>524.2</ele></trkpt>
    <trkpt lat="38.712385" lon="-0.362975"><ele>522</ele></trkpt>
    <trkpt lat="38.712162" lon="-0.363809"><ele>515.6</ele></trkpt>
    <trkpt lat="38.712002" lon="-0.364653"><ele>508.6</ele></trkpt>
    <trkpt lat="38.711937" lon="-0.364766"><ele>507.5</ele></trkpt>
    <trkpt lat="38.711829" lon="-0.364846"><ele>506.3</ele></trkpt>
    <trkpt lat="38.711696" lon="-0.364869"><ele>505.2</ele></trkpt>
    <trkpt lat="38.711577" lon="-0.364799"><ele>504.1</ele></trkpt>
    <trkpt lat="38.711459" lon="-0.364386"><ele>501.9</ele></trkpt>
    <trkpt lat="38.711456" lon="-0.364197"><ele>501.1</ele></trkpt>
    <trkpt lat="38.711514" lon="-0.364008"><ele>500.3</ele></trkpt>
    <trkpt lat="38.71165" lon="-0.363735"><ele>499.3</ele></trkpt>
    <trkpt lat="38.711716" lon="-0.363493"><ele>498.8</ele></trkpt>
    <trkpt lat="38.711754" lon="-0.363209"><ele>498.4</ele></trkpt>
    <trkpt lat="38.711736" lon="-0.362882"><ele>498.2</ele></trkpt>
    <trkpt lat="38.711672" lon="-0.362734"><ele>498.1</ele></trkpt>
    <trkpt lat="38.711459" lon="-0.362517"><ele>498</ele></trkpt>
    <trkpt lat="38.71136" lon="-0.362099"><ele>497.7</ele></trkpt>
    <trkpt lat="38.71125" lon="-0.361995"><ele>497.5</ele></trkpt>
    <trkpt lat="38.711037" lon="-0.362042"><ele>497.1</ele></trkpt>
    <trkpt lat="38.710924" lon="-0.362173"><ele>496.8</ele></trkpt>
    <trkpt lat="38.710883" lon="-0.36233"><ele>496.5</ele></trkpt>
    <trkpt lat="38.710727" lon="-0.363453"><ele>493.4</ele></trkpt>
    <trkpt lat="38.710916" lon="-0.364545"><ele>486.5</ele></trkpt>
    <trkpt lat="38.710918" lon="-0.364742"><ele>485.2</ele></trkpt>
    <trkpt lat="38.710874" lon="-0.36492"><ele>484.1</ele></trkpt>
    <trkpt lat="38.710679" lon="-0.365105"><ele>482.7</ele></trkpt>
    <trkpt lat="38.710439" lon="-0.365267"><ele>481.8</ele></trkpt>
    <trkpt lat="38.709924" lon="-0.365581"><ele>482</ele></trkpt>
    <trkpt lat="38.709856" lon="-0.365617"><ele>482.2</ele></trkpt>
    <trkpt lat="38.709592" lon="-0.365754"><ele>483.8</ele></trkpt>
    <trkpt lat="38.709531" lon="-0.365763"><ele>484.3</ele></trkpt>
    <trkpt lat="38.709385" lon="-0.365708"><ele>485.8</ele></trkpt>
    <trkpt lat="38.709287" lon="-0.365556"><ele>487.5</ele></trkpt>
    <trkpt lat="38.709005" lon="-0.364861"><ele>493.9</ele></trkpt>
    <trkpt lat="38.708895" lon="-0.36475"><ele>495.1</ele></trkpt>
    <trkpt lat="38.708814" lon="-0.364726"><ele>495.8</ele></trkpt>
    <trkpt lat="38.708762" lon="-0.364745"><ele>496.2</ele></trkpt>
    <trkpt lat="38.708666" lon="-0.364858"><ele>497.1</ele></trkpt>
    <trkpt lat="38.708644" lon="-0.36496"><ele>497.7</ele></trkpt>
    <trkpt lat="38.708758" lon="-0.365389"><ele>499.9</ele></trkpt>
    <trkpt lat="38.708836" lon="-0.3656"><ele>500.9</ele></trkpt>
    <trkpt lat="38.708937" lon="-0.36578"><ele>501.8</ele></trkpt>
    <trkpt lat="38.708982" lon="-0.365954"><ele>502.4</ele></trkpt>
    <trkpt lat="38.708966" lon="-0.366217"><ele>503.3</ele></trkpt>
    <trkpt lat="38.708882" lon="-0.366763"><ele>505.1</ele></trkpt>
    <trkpt lat="38.708837" lon="-0.366898"><ele>505.5</ele></trkpt>
    <trkpt lat="38.708756" lon="-0.366988"><ele>505.9</ele></trkpt>
    <trkpt lat="38.708578" lon="-0.367"><ele>506.5</ele></trkpt>
    <trkpt lat="38.708082" lon="-0.366611"><ele>508.9</ele></trkpt>
    <trkpt lat="38.707345" lon="-0.366003"><ele>512.6</ele></trkpt>
    <trkpt lat="38.707152" lon="-0.365663"><ele>513.3</ele></trkpt>
    <trkpt lat="38.707097" lon="-0.365618"><ele>513.5</ele></trkpt>
    <trkpt lat="38.706925" lon="-0.365575"><ele>513.8</ele></trkpt>
    <trkpt lat="38.706852" lon="-0.365611"><ele>513.9</ele></trkpt>
    <trkpt lat="38.70676" lon="-0.365723"><ele>514.1</ele></trkpt>
    <trkpt lat="38.706682" lon="-0.365904"><ele>514.4</ele></trkpt>
    <trkpt lat="38.70655" lon="-0.366106"><ele>514.6</ele></trkpt>
    <trkpt lat="38.706233" lon="-0.366302"><ele>514.6</ele></trkpt>
    <trkpt lat="38.70598" lon="-0.366567"><ele>513.9</ele></trkpt>
    <trkpt lat="38.705857" lon="-0.36676"><ele>513.4</ele></trkpt>
    <trkpt lat="38.705667" lon="-0.367175"><ele>512.9</ele></trkpt>
    <trkpt lat="38.705571" lon="-0.367311"><ele>512.7</ele></trkpt>
    <trkpt lat="38.705331" lon="-0.36755"><ele>512.6</ele></trkpt>
    <trkpt lat="38.705259" lon="-0.367677"><ele>512.6</ele></trkpt>
    <trkpt lat="38.705224" lon="-0.367848"><ele>512.7</ele></trkpt>
    <trkpt lat="38.705033" lon="-0.370161"><ele>520.9</ele></trkpt>
    <trkpt lat="38.70497" lon="-0.370354"><ele>521.8</ele></trkpt>
    <trkpt lat="38.704851" lon="-0.370477"><ele>522.6</ele></trkpt>
    <trkpt lat="38.7047" lon="-0.370541"><ele>523.3</ele></trkpt>
    <trkpt lat="38.704564" lon="-0.370526"><ele>523.9</ele></trkpt>
    <trkpt lat="38.704451" lon="-0.370403"><ele>524.5</ele></trkpt>
    <trkpt lat="38.704392" lon="-0.37022"><ele>525.1</ele></trkpt>
    <trkpt lat="38.704468" lon="-0.369839"><ele>526.4</ele></trkpt>
    <trkpt lat="38.704432" lon="-0.369672"><ele>527.1</ele></trkpt>
    <trkpt lat="38.704307" lon="-0.369549"><ele>527.9</ele></trkpt>
    <trkpt lat="38.704116" lon="-0.369571"><ele>528.8</ele></trkpt>
    <trkpt lat="38.703928" lon="-0.369743"><ele>530.1</ele></trkpt>
    <trkpt lat="38.703668" lon="-0.370107"><ele>532.5</ele></trkpt>
    <trkpt lat="38.703438" lon="-0.370354"><ele>534.7</ele></trkpt>
    <trkpt lat="38.70308" lon="-0.37067"><ele>538.6</ele></trkpt>
    <trkpt lat="38.702789" lon="-0.370966"><ele>542.1</ele></trkpt>
    <trkpt lat="38.702655" lon="-0.371175"><ele>544</ele></trkpt>
    <trkpt lat="38.702295" lon="-0.371931"><ele>548.9</ele></trkpt>
    <trkpt lat="38.702107" lon="-0.372178"><ele>550.3</ele></trkpt>
    <trkpt lat="38.701784" lon="-0.372554"><ele>552</ele></trkpt>
    <trkpt lat="38.700804" lon="-0.374256"><ele>552.8</ele></trkpt>
    <trkpt lat="38.698656" lon="-0.376235"><ele>556.9</ele></trkpt>
    <trkpt lat="38.694386" lon="-0.36747"><ele>598.2</ele></trkpt>
    <trkpt lat="38.694206" lon="-0.367198"><ele>599.7</ele></trkpt>
    <trkpt lat="38.693772" lon="-0.366827"><ele>602.6</ele></trkpt>
    <trkpt lat="38.693682" lon="-0.366694"><ele>603.3</ele></trkpt>
    <trkpt lat="38.693634" lon="-0.366426"><ele>604.5</ele></trkpt>
    <trkpt lat="38.693645" lon="-0.365989"><ele>606.4</ele></trkpt>
    <trkpt lat="38.693625" lon="-0.365836"><ele>607</ele></trkpt>
    <trkpt lat="38.69347" lon="-0.365336"><ele>609.2</ele></trkpt>
    <trkpt lat="38.693416" lon="-0.365089"><ele>610.2</ele></trkpt>
    <trkpt lat="38.693439" lon="-0.364831"><ele>611.2</ele></trkpt>
    <trkpt lat="38.693576" lon="-0.364511"><ele>612.6</ele></trkpt>
    <trkpt lat="38.693602" lon="-0.364282"><ele>613.6</ele></trkpt>
    <trkpt lat="38.69341" lon="-0.360596"><ele>629</ele></trkpt>
    <trkpt lat="38.693411" lon="-0.360356"><ele>629.9</ele></trkpt>
    <trkpt lat="38.693489" lon="-0.36009"><ele>631.1</ele></trkpt>
    <trkpt lat="38.693613" lon="-0.359824"><ele>632.3</ele></trkpt>
    <trkpt lat="38.693658" lon="-0.359636"><ele>633.2</ele></trkpt>
    <trkpt lat="38.693651" lon="-0.359323"><ele>634.6</ele></trkpt>
    <trkpt lat="38.693463" lon="-0.358709"><ele>637.9</ele></trkpt>
    <trkpt lat="38.692942" lon="-0.357624"><ele>644.4</ele></trkpt>
    <trkpt lat="38.692912" lon="-0.35732"><ele>645.7</ele></trkpt>
    <trkpt lat="38.692968" lon="-0.356669"><ele>648</ele></trkpt>
    <trkpt lat="38.693063" lon="-0.355592"><ele>651.1</ele></trkpt>
    <trkpt lat="38.69306" lon="-0.355274"><ele>652.2</ele></trkpt>
    <trkpt lat="38.693016" lon="-0.355073"><ele>653</ele></trkpt>
    <trkpt lat="38.692622" lon="-0.353964"><ele>657.9</ele></trkpt>
    <trkpt lat="38.692305" lon="-0.352072"><ele>664</ele></trkpt>
    <trkpt lat="38.692228" lon="-0.351892"><ele>664.6</ele></trkpt>
    <trkpt lat="38.692167" lon="-0.351804"><ele>664.9</ele></trkpt>
    <trkpt lat="38.691372" lon="-0.351051"><ele>668.7</ele></trkpt>
    <trkpt lat="38.691256" lon="-0.350901"><ele>669.4</ele></trkpt>
    <trkpt lat="38.691167" lon="-0.350733"><ele>670.1</ele></trkpt>
    <trkpt lat="38.691044" lon="-0.350414"><ele>671.2</ele></trkpt>
    <trkpt lat="38.690895" lon="-0.349953"><ele>672.9</ele></trkpt>
    <trkpt lat="38.690883" lon="-0.349634"><ele>674</ele></trkpt>
    <trkpt lat="38.691005" lon="-0.348533"><ele>678.1</ele></trkpt>
    <trkpt lat="38.690825" lon="-0.347419"><ele>682.4</ele></trkpt>
    <trkpt lat="38.690822" lon="-0.347396"><ele>682.5</ele></trkpt>
    <trkpt lat="38.690735" lon="-0.346465"><ele>685.5</ele></trkpt>
    <trkpt lat="38.69058" lon="-0.344916"><ele>690</ele></trkpt>
    <trkpt lat="38.690559" lon="-0.344787"><ele>690.4</ele></trkpt>
    <trkpt lat="38.69051" lon="-0.344683"><ele>690.7</ele></trkpt>
    <trkpt lat="38.690464" lon="-0.344641"><ele>690.8</ele></trkpt>
    <trkpt lat="38.69037" lon="-0.344613"><ele>691</ele></trkpt>
    <trkpt lat="38.689896" lon="-0.344627"><ele>692</ele></trkpt>
    <trkpt lat="38.689845" lon="-0.344632"><ele>692.2</ele></trkpt>
    <trkpt lat="38.689481" lon="-0.344666"><ele>693.1</ele></trkpt>
    <trkpt lat="38.689302" lon="-0.344673"><ele>693.5</ele></trkpt>
    <trkpt lat="38.689171" lon="-0.344653"><ele>693.8</ele></trkpt>
    <trkpt lat="38.689025" lon="-0.344522"><ele>694.1</ele></trkpt>
    <trkpt lat="38.688997" lon="-0.34444"><ele>694.3</ele></trkpt>
    <trkpt lat="38.6889" lon="-0.343951"><ele>694.9</ele></trkpt>
    <trkpt lat="38.688877" lon="-0.343826"><ele>695.1</ele></trkpt>
    <trkpt lat="38.688529" lon="-0.342021"><ele>700</ele></trkpt>
    <trkpt lat="38.688483" lon="-0.341782"><ele>700.7</ele></trkpt>
    <trkpt lat="38.688429" lon="-0.341499"><ele>701.6</ele></trkpt>
    <trkpt lat="38.68831" lon="-0.340885"><ele>703</ele></trkpt>
    <trkpt lat="38.688174" lon="-0.339784"><ele>702.1</ele></trkpt>
    <trkpt lat="38.68808" lon="-0.339795"><ele>701.8</ele></trkpt>
    <trkpt lat="38.687887" lon="-0.339746"><ele>701.1</ele></trkpt>
    <trkpt lat="38.687794" lon="-0.339678"><ele>700.7</ele></trkpt>
    <trkpt lat="38.687707" lon="-0.339576"><ele>700.2</ele></trkpt>
    <trkpt lat="38.687503" lon="-0.339209"><ele>698.3</ele></trkpt>
    <trkpt lat="38.687376" lon="-0.338954"><ele>696.9</ele></trkpt>
    <trkpt lat="38.687233" lon="-0.338566"><ele>695.1</ele></trkpt>
    <trkpt lat="38.687189" lon="-0.338355"><ele>694.2</ele></trkpt>
    <trkpt lat="38.687148" lon="-0.337613"><ele>690.3</ele></trkpt>
    <trkpt lat="38.687077" lon="-0.337421"><ele>689.1</ele></trkpt>
    <trkpt lat="38.687004" lon="-0.337351"><ele>688.5</ele></trkpt>
    <trkpt lat="38.68686" lon="-0.337294"><ele>687.4</ele></trkpt>
    <trkpt lat="38.686587" lon="-0.337265"><ele>685.5</ele></trkpt>
    <trkpt lat="38.686473" lon="-0.337226"><ele>684.7</ele></trkpt>
    <trkpt lat="38.686378" lon="-0.337147"><ele>683.9</ele></trkpt>
    <trkpt lat="38.686302" lon="-0.337052"><ele>683.1</ele></trkpt>
    <trkpt lat="38.686236" lon="-0.336909"><ele>682.1</ele></trkpt>
    <trkpt lat="38.686163" lon="-0.336591"><ele>679.9</ele></trkpt>
    <trkpt lat="38.686113" lon="-0.336514"><ele>679.2</ele></trkpt>
    <trkpt lat="38.685955" lon="-0.336447"><ele>677.8</ele></trkpt>
    <trkpt lat="38.685848" lon="-0.336452"><ele>676.9</ele></trkpt>
    <trkpt lat="38.685751" lon="-0.336494"><ele>676.1</ele></trkpt>
    <trkpt lat="38.685667" lon="-0.336575"><ele>675.3</ele></trkpt>
    <trkpt lat="38.685472" lon="-0.336878"><ele>672.9</ele></trkpt>
    <trkpt lat="38.68528" lon="-0.337272"><ele>670.1</ele></trkpt>
    <trkpt lat="38.685128" lon="-0.33746"><ele>668.5</ele></trkpt>
    <trkpt lat="38.685054" lon="-0.337499"><ele>667.9</ele></trkpt>
    <trkpt lat="38.684976" lon="-0.33749"><ele>667.2</ele></trkpt>
    <trkpt lat="38.684889" lon="-0.337423"><ele>666.4</ele></trkpt>
    <trkpt lat="38.684766" lon="-0.337187"><ele>664.8</ele></trkpt>
    <trkpt lat="38.684419" lon="-0.335498"><ele>656.8</ele></trkpt>
    <trkpt lat="38.684338" lon="-0.335336"><ele>656.2</ele></trkpt>
    <trkpt lat="38.684092" lon="-0.335049"><ele>654.9</ele></trkpt>
    <trkpt lat="38.683847" lon="-0.334844"><ele>654</ele></trkpt>
    <trkpt lat="38.683757" lon="-0.334733"><ele>653.7</ele></trkpt>
    <trkpt lat="38.683729" lon="-0.334619"><ele>653.5</ele></trkpt>
    <trkpt lat="38.683726" lon="-0.33425"><ele>653.3</ele></trkpt>
    <trkpt lat="38.683687" lon="-0.333963"><ele>653.3</ele></trkpt>
    <trkpt lat="38.683627" lon="-0.333829"><ele>653.4</ele></trkpt>
    <trkpt lat="38.683487" lon="-0.333753"><ele>653.6</ele></trkpt>
    <trkpt lat="38.683349" lon="-0.333744"><ele>653.9</ele></trkpt>
    <trkpt lat="38.68313" lon="-0.333704"><ele>654.3</ele></trkpt>
    <trkpt lat="38.68239" lon="-0.333292"><ele>658.5</ele></trkpt>
    <trkpt lat="38.682154" lon="-0.333079"><ele>660.4</ele></trkpt>
    <trkpt lat="38.68203" lon="-0.332936"><ele>661.6</ele></trkpt>
    <trkpt lat="38.681948" lon="-0.332838"><ele>662.5</ele></trkpt>
    <trkpt lat="38.68163" lon="-0.332519"><ele>666.3</ele></trkpt>
    <trkpt lat="38.681405" lon="-0.332444"><ele>668.8</ele></trkpt>
    <trkpt lat="38.681147" lon="-0.332484"><ele>672.2</ele></trkpt>
    <trkpt lat="38.680961" lon="-0.332626"><ele>674.8</ele></trkpt>
    <trkpt lat="38.680782" lon="-0.332825"><ele>677.5</ele></trkpt>
    <trkpt lat="38.680684" lon="-0.332973"><ele>679.2</ele></trkpt>
    <trkpt lat="38.680634" lon="-0.33317"><ele>681.2</ele></trkpt>
    <trkpt lat="38.680635" lon="-0.333305"><ele>682.6</ele></trkpt>
    <trkpt lat="38.680687" lon="-0.33351"><ele>684.8</ele></trkpt>
    <trkpt lat="38.680773" lon="-0.333661"><ele>686.7</ele></trkpt>
    <trkpt lat="38.68115" lon="-0.333922"><ele>692.3</ele></trkpt>
    <trkpt lat="38.681436" lon="-0.334291"><ele>697.1</ele></trkpt>
    <trkpt lat="38.681515" lon="-0.334444"><ele>698.7</ele></trkpt>
    <trkpt lat="38.681555" lon="-0.334682"><ele>700.5</ele></trkpt>
    <trkpt lat="38.681534" lon="-0.334817"><ele>701.5</ele></trkpt>
    <trkpt lat="38.681263" lon="-0.335365"><ele>706.3</ele></trkpt>
    <trkpt lat="38.681037" lon="-0.336109"><ele>710.4</ele></trkpt>
    <trkpt lat="38.680917" lon="-0.33619"><ele>710.9</ele></trkpt>
    <trkpt lat="38.680831" lon="-0.336186"><ele>711.2</ele></trkpt>
    <trkpt lat="38.680765" lon="-0.336147"><ele>711.4</ele></trkpt>
    <trkpt lat="38.680739" lon="-0.33612"><ele>711.4</ele></trkpt>
    <trkpt lat="38.680731" lon="-0.336036"><ele>711.6</ele></trkpt>
    <trkpt lat="38.680847" lon="-0.335449"><ele>712</ele></trkpt>
    <trkpt lat="38.681069" lon="-0.334958"><ele>712.4</ele></trkpt>
    <trkpt lat="38.681093" lon="-0.334876"><ele>712.5</ele></trkpt>
    <trkpt lat="38.681081" lon="-0.33472"><ele>712.5</ele></trkpt>
    <trkpt lat="38.68101" lon="-0.334635"><ele>712.6</ele></trkpt>
    <trkpt lat="38.68092" lon="-0.334608"><ele>712.6</ele></trkpt>
    <trkpt lat="38.680841" lon="-0.334619"><ele>712.7</ele></trkpt>
    <trkpt lat="38.680497" lon="-0.334722"><ele>713.2</ele></trkpt>
    <trkpt lat="38.679714" lon="-0.335055"><ele>715.6</ele></trkpt>
    <trkpt lat="38.678731" lon="-0.335117"><ele>719.6</ele></trkpt>
    <trkpt lat="38.67856" lon="-0.33515"><ele>720.5</ele></trkpt>
    <trkpt lat="38.67791" lon="-0.335525"><ele>724.7</ele></trkpt>
    <trkpt lat="38.67774" lon="-0.335578"><ele>725.8</ele></trkpt>
    <trkpt lat="38.677433" lon="-0.335567"><ele>727.8</ele></trkpt>
    <trkpt lat="38.677363" lon="-0.335514"><ele>728.4</ele></trkpt>
    <trkpt lat="38.67727" lon="-0.335319"><ele>729.7</ele></trkpt>
    <trkpt lat="38.677116" lon="-0.334922"><ele>732</ele></trkpt>
    <trkpt lat="38.676937" lon="-0.334301"><ele>734.6</ele></trkpt>
    <trkpt lat="38.676821" lon="-0.333989"><ele>735.7</ele></trkpt>
    <trkpt lat="38.676691" lon="-0.333728"><ele>736.7</ele></trkpt>
    <trkpt lat="38.676197" lon="-0.332917"><ele>738.7</ele></trkpt>
    <trkpt lat="38.676111" lon="-0.332648"><ele>738.7</ele></trkpt>
    <trkpt lat="38.676105" lon="-0.332516"><ele>738.7</ele></trkpt>
    <trkpt lat="38.676142" lon="-0.331907"><ele>738.7</ele></trkpt>
    <trkpt lat="38.676121" lon="-0.33178"><ele>738.7</ele></trkpt>
    <trkpt lat="38.676008" lon="-0.331509"><ele>738.7</ele></trkpt>
    <trkpt lat="38.675939" lon="-0.331369"><ele>738.7</ele></trkpt>
    <trkpt lat="38.675629" lon="-0.331189"><ele>738.1</ele></trkpt>
    <trkpt lat="38.675565" lon="-0.331201"><ele>737.9</ele></trkpt>
    <trkpt lat="38.675393" lon="-0.331267"><ele>736.9</ele></trkpt>
    <trkpt lat="38.675252" lon="-0.331312"><ele>736</ele></trkpt>
    <trkpt lat="38.674742" lon="-0.331207"><ele>733.7</ele></trkpt>
    <trkpt lat="38.674698" lon="-0.331163"><ele>733.6</ele></trkpt>
    <trkpt lat="38.67461" lon="-0.330922"><ele>732.7</ele></trkpt>
    <trkpt lat="38.674549" lon="-0.33074"><ele>732</ele></trkpt>
    <trkpt lat="38.674493" lon="-0.330706"><ele>731.7</ele></trkpt>
    <trkpt lat="38.674442" lon="-0.33073"><ele>731.4</ele></trkpt>
    <trkpt lat="38.674283" lon="-0.330914"><ele>730.2</ele></trkpt>
    <trkpt lat="38.674194" lon="-0.330946"><ele>729.8</ele></trkpt>
    <trkpt lat="38.673186" lon="-0.331109"><ele>727</ele></trkpt>
    <trkpt lat="38.673109" lon="-0.331092"><ele>727</ele></trkpt>
    <trkpt lat="38.673016" lon="-0.330992"><ele>727</ele></trkpt>
    <trkpt lat="38.672885" lon="-0.330763"><ele>726.9</ele></trkpt>
    <trkpt lat="38.672739" lon="-0.33065"><ele>726.9</ele></trkpt>
    <trkpt lat="38.672438" lon="-0.330574"><ele>727.1</ele></trkpt>
    <trkpt lat="38.6722" lon="-0.33059"><ele>727.2</ele></trkpt>
    <trkpt lat="38.671387" lon="-0.330964"><ele>728.8</ele></trkpt>
    <trkpt lat="38.671273" lon="-0.33097"><ele>729.2</ele></trkpt>
    <trkpt lat="38.671035" lon="-0.3309"><ele>730.3</ele></trkpt>
    <trkpt lat="38.670928" lon="-0.330974"><ele>730.8</ele></trkpt>
    <trkpt lat="38.670824" lon="-0.331129"><ele>731.7</ele></trkpt>
    <trkpt lat="38.670743" lon="-0.331156"><ele>732.1</ele></trkpt>
    <trkpt lat="38.670459" lon="-0.330975"><ele>734.1</ele></trkpt>
    <trkpt lat="38.670331" lon="-0.330944"><ele>735.1</ele></trkpt>
    <trkpt lat="38.6698" lon="-0.331124"><ele>739.2</ele></trkpt>
    <trkpt lat="38.669373" lon="-0.331347"><ele>742</ele></trkpt>
    <trkpt lat="38.669253" lon="-0.331351"><ele>742.6</ele></trkpt>
    <trkpt lat="38.668949" lon="-0.331269"><ele>744.1</ele></trkpt>
    <trkpt lat="38.668807" lon="-0.331163"><ele>744.8</ele></trkpt>
    <trkpt lat="38.668765" lon="-0.331058"><ele>745.1</ele></trkpt>
    <trkpt lat="38.668775" lon="-0.330987"><ele>745.3</ele></trkpt>
    <trkpt lat="38.668808" lon="-0.330937"><ele>745.5</ele></trkpt>
    <trkpt lat="38.669373" lon="-0.330462"><ele>747.7</ele></trkpt>
    <trkpt lat="38.669586" lon="-0.330155"><ele>749.7</ele></trkpt>
    <trkpt lat="38.669674" lon="-0.32996"><ele>751.1</ele></trkpt>
    <trkpt lat="38.66971" lon="-0.32969"><ele>753.1</ele></trkpt>
    <trkpt lat="38.669523" lon="-0.328894"><ele>759.4</ele></trkpt>
    <trkpt lat="38.669385" lon="-0.328656"><ele>761.6</ele></trkpt>
    <trkpt lat="38.669249" lon="-0.328193"><ele>766</ele></trkpt>
    <trkpt lat="38.66899" lon="-0.327645"><ele>770.2</ele></trkpt>
    <trkpt lat="38.668747" lon="-0.327122"><ele>773</ele></trkpt>
    <trkpt lat="38.668614" lon="-0.326675"><ele>775</ele></trkpt>
    <trkpt lat="38.668458" lon="-0.326351"><ele>777.1</ele></trkpt>
    <trkpt lat="38.668327" lon="-0.326258"><ele>778.2</ele></trkpt>
    <trkpt lat="38.668196" lon="-0.3263"><ele>779.2</ele></trkpt>
    <trkpt lat="38.667671" lon="-0.326683"><ele>783.5</ele></trkpt>
    <trkpt lat="38.667378" lon="-0.327115"><ele>787.4</ele></trkpt>
    <trkpt lat="38.66729" lon="-0.327165"><ele>788.3</ele></trkpt>
    <trkpt lat="38.667202" lon="-0.327193"><ele>789.1</ele></trkpt>
    <trkpt lat="38.667098" lon="-0.327175"><ele>790</ele></trkpt>
    <trkpt lat="38.666879" lon="-0.327076"><ele>792</ele></trkpt>
    <trkpt lat="38.666831" lon="-0.32695"><ele>792.9</ele></trkpt>
    <trkpt lat="38.666824" lon="-0.326817"><ele>793.8</ele></trkpt>
    <trkpt lat="38.666848" lon="-0.326479"><ele>795.9</ele></trkpt>
    <trkpt lat="38.666905" lon="-0.32621"><ele>797.5</ele></trkpt>
    <trkpt lat="38.667004" lon="-0.325842"><ele>799.8</ele></trkpt>
    <trkpt lat="38.667394" lon="-0.32525"><ele>804.2</ele></trkpt>
    <trkpt lat="38.667434" lon="-0.325101"><ele>805</ele></trkpt>
    <trkpt lat="38.667442" lon="-0.32496"><ele>805.8</ele></trkpt>
    <trkpt lat="38.667387" lon="-0.324705"><ele>807.3</ele></trkpt>
    <trkpt lat="38.666905" lon="-0.323497"><ele>814.5</ele></trkpt>
    <trkpt lat="38.666824" lon="-0.323449"><ele>815.1</ele></trkpt>
    <trkpt lat="38.666705" lon="-0.323435"><ele>815.9</ele></trkpt>
    <trkpt lat="38.666411" lon="-0.323475"><ele>817.9</ele></trkpt>
    <trkpt lat="38.6663" lon="-0.323467"><ele>818.6</ele></trkpt>
    <trkpt lat="38.666197" lon="-0.323427"><ele>819.4</ele></trkpt>
    <trkpt lat="38.666023" lon="-0.323245"><ele>820.7</ele></trkpt>
    <trkpt lat="38.665499" lon="-0.322697"><ele>823.6</ele></trkpt>
    <trkpt lat="38.665365" lon="-0.322596"><ele>824.1</ele></trkpt>
    <trkpt lat="38.664889" lon="-0.322317"><ele>825.3</ele></trkpt>
    <trkpt lat="38.664676" lon="-0.322244"><ele>825.8</ele></trkpt>
    <trkpt lat="38.66454" lon="-0.322271"><ele>826</ele></trkpt>
    <trkpt lat="38.66423" lon="-0.322433"><ele>826.9</ele></trkpt>
    <trkpt lat="38.663764" lon="-0.322626"><ele>829.2</ele></trkpt>
    <trkpt lat="38.663623" lon="-0.322753"><ele>830.4</ele></trkpt>
    <trkpt lat="38.663537" lon="-0.32283"><ele>831.1</ele></trkpt>
    <trkpt lat="38.66337" lon="-0.323099"><ele>833.4</ele></trkpt>
    <trkpt lat="38.66316" lon="-0.323313"><ele>835.8</ele></trkpt>
    <trkpt lat="38.663016" lon="-0.323402"><ele>837.4</ele></trkpt>
    <trkpt lat="38.662882" lon="-0.323469"><ele>838.9</ele></trkpt>
    <trkpt lat="38.662417" lon="-0.323587"><ele>843.4</ele></trkpt>
    <trkpt lat="38.662121" lon="-0.3236"><ele>846</ele></trkpt>
    <trkpt lat="38.661865" lon="-0.323563"><ele>848.2</ele></trkpt>
    <trkpt lat="38.66181" lon="-0.323525"><ele>848.7</ele></trkpt>
    <trkpt lat="38.661752" lon="-0.323385"><ele>849.7</ele></trkpt>
    <trkpt lat="38.66176" lon="-0.322906"><ele>853</ele></trkpt>
    <trkpt lat="38.661788" lon="-0.322627"><ele>854.9</ele></trkpt>
    <trkpt lat="38.661892" lon="-0.322209"><ele>858</ele></trkpt>
    <trkpt lat="38.661891" lon="-0.322113"><ele>858.6</ele></trkpt>
    <trkpt lat="38.661869" lon="-0.322012"><ele>859.1</ele></trkpt>
    <trkpt lat="38.661677" lon="-0.321584"><ele>860.9</ele></trkpt>
    <trkpt lat="38.661629" lon="-0.321286"><ele>862.1</ele></trkpt>
    <trkpt lat="38.661634" lon="-0.321117"><ele>862.7</ele></trkpt>
    <trkpt lat="38.661715" lon="-0.320984"><ele>863.5</ele></trkpt>
    <trkpt lat="38.66177" lon="-0.320931"><ele>863.9</ele></trkpt>
    <trkpt lat="38.661994" lon="-0.320811"><ele>865.2</ele></trkpt>
    <trkpt lat="38.662256" lon="-0.320644"><ele>866.9</ele></trkpt>
    <trkpt lat="38.662723" lon="-0.32019"><ele>869.8</ele></trkpt>
    <trkpt lat="38.662822" lon="-0.320059"><ele>870.5</ele></trkpt>
    <trkpt lat="38.662882" lon="-0.319904"><ele>871.6</ele></trkpt>
    <trkpt lat="38.662901" lon="-0.319643"><ele>873.3</ele></trkpt>
    <trkpt lat="38.662974" lon="-0.319312"><ele>875.3</ele></trkpt>
    <trkpt lat="38.662969" lon="-0.319241"><ele>875.7</ele></trkpt>
    <trkpt lat="38.662947" lon="-0.319199"><ele>876</ele></trkpt>
    <trkpt lat="38.662893" lon="-0.319194"><ele>876.3</ele></trkpt>
    <trkpt lat="38.662798" lon="-0.319295"><ele>877.1</ele></trkpt>
    <trkpt lat="38.662713" lon="-0.319789"><ele>879.5</ele></trkpt>
    <trkpt lat="38.662576" lon="-0.319964"><ele>880.8</ele></trkpt>
    <trkpt lat="38.662357" lon="-0.320111"><ele>882.8</ele></trkpt>
    <trkpt lat="38.661764" lon="-0.32034"><ele>888.5</ele></trkpt>
    <trkpt lat="38.661415" lon="-0.320274"><ele>891.5</ele></trkpt>
    <trkpt lat="38.661186" lon="-0.320261"><ele>893.6</ele></trkpt>
    <trkpt lat="38.66111" lon="-0.320283"><ele>894.4</ele></trkpt>
    <trkpt lat="38.660905" lon="-0.320443"><ele>896.7</ele></trkpt>
    <trkpt lat="38.660771" lon="-0.320641"><ele>898.9</ele></trkpt>
    <trkpt lat="38.660638" lon="-0.321075"><ele>902.5</ele></trkpt>
    <trkpt lat="38.660538" lon="-0.321296"><ele>903.9</ele></trkpt>
    <trkpt lat="38.66037" lon="-0.321442"><ele>905.1</ele></trkpt>
    <trkpt lat="38.66016" lon="-0.321508"><ele>906.4</ele></trkpt>
    <trkpt lat="38.659912" lon="-0.321501"><ele>908</ele></trkpt>
    <trkpt lat="38.659828" lon="-0.321528"><ele>908.6</ele></trkpt>
    <trkpt lat="38.659745" lon="-0.321626"><ele>909.4</ele></trkpt>
    <trkpt lat="38.659724" lon="-0.321709"><ele>909.9</ele></trkpt>
    <trkpt lat="38.659744" lon="-0.322159"><ele>912.4</ele></trkpt>
    <trkpt lat="38.659716" lon="-0.322429"><ele>913.7</ele></trkpt>
    <trkpt lat="38.659635" lon="-0.322785"><ele>915.1</ele></trkpt>
    <trkpt lat="38.659413" lon="-0.323312"><ele>916.6</ele></trkpt>
    <trkpt lat="38.659381" lon="-0.323435"><ele>916.9</ele></trkpt>
    <trkpt lat="38.659274" lon="-0.324344"><ele>918.7</ele></trkpt>
    <trkpt lat="38.659221" lon="-0.324513"><ele>919.2</ele></trkpt>
    <trkpt lat="38.659167" lon="-0.324609"><ele>919.6</ele></trkpt>
    <trkpt lat="38.65899" lon="-0.32473"><ele>920.4</ele></trkpt>
    <trkpt lat="38.658809" lon="-0.324746"><ele>921.4</ele></trkpt>
    <trkpt lat="38.658758" lon="-0.324701"><ele>921.8</ele></trkpt>
    <trkpt lat="38.658713" lon="-0.324609"><ele>922.4</ele></trkpt>
    <trkpt lat="38.658718" lon="-0.324501"><ele>922.9</ele></trkpt>
    <trkpt lat="38.658877" lon="-0.323909"><ele>927</ele></trkpt>
    <trkpt lat="38.658876" lon="-0.323681"><ele>928.5</ele></trkpt>
    <trkpt lat="38.658854" lon="-0.323583"><ele>929.2</ele></trkpt>
    <trkpt lat="38.658784" lon="-0.323491"><ele>930.1</ele></trkpt>
    <trkpt lat="38.658709" lon="-0.323445"><ele>930.8</ele></trkpt>
    <trkpt lat="38.658396" lon="-0.323358"><ele>933.4</ele></trkpt>
    <trkpt lat="38.65809" lon="-0.323358"><ele>935.7</ele></trkpt>
    <trkpt lat="38.657959" lon="-0.323442"><ele>936.7</ele></trkpt>
    <trkpt lat="38.657644" lon="-0.323801"><ele>939.1</ele></trkpt>
    <trkpt lat="38.657584" lon="-0.323812"><ele>939.4</ele></trkpt>
    <trkpt lat="38.657531" lon="-0.323796"><ele>939.7</ele></trkpt>
    <trkpt lat="38.656911" lon="-0.32327"><ele>943.5</ele></trkpt>
    <trkpt lat="38.656451" lon="-0.322952"><ele>947.3</ele></trkpt>
    <trkpt lat="38.656373" lon="-0.322864"><ele>948.1</ele></trkpt>
    <trkpt lat="38.656357" lon="-0.322791"><ele>948.6</ele></trkpt>
    <trkpt lat="38.656369" lon="-0.322728"><ele>949</ele></trkpt>
    <trkpt lat="38.65643" lon="-0.322673"><ele>949.6</ele></trkpt>
    <trkpt lat="38.657099" lon="-0.322372"><ele>955.7</ele></trkpt>
    <trkpt lat="38.657269" lon="-0.322186"><ele>957.7</ele></trkpt>
    <trkpt lat="38.657427" lon="-0.321958"><ele>960</ele></trkpt>
    <trkpt lat="38.657738" lon="-0.321596"><ele>963.8</ele></trkpt>
    <trkpt lat="38.657744" lon="-0.321498"><ele>964.5</ele></trkpt>
    <trkpt lat="38.657669" lon="-0.321404"><ele>965.5</ele></trkpt>
    <trkpt lat="38.657279" lon="-0.321364"><ele>969</ele></trkpt>
    <trkpt lat="38.656751" lon="-0.321224"><ele>974.2</ele></trkpt>
    <trkpt lat="38.656251" lon="-0.32131"><ele>979</ele></trkpt>
    <trkpt lat="38.656088" lon="-0.321305"><ele>980.3</ele></trkpt>
    <trkpt lat="38.655779" lon="-0.321189"><ele>982.6</ele></trkpt>
    <trkpt lat="38.655536" lon="-0.321134"><ele>984</ele></trkpt>
    <trkpt lat="38.655431" lon="-0.321149"><ele>984.7</ele></trkpt>
    <trkpt lat="38.655349" lon="-0.321197"><ele>985.2</ele></trkpt>
    <trkpt lat="38.655061" lon="-0.321602"><ele>988</ele></trkpt>
    <trkpt lat="38.654753" lon="-0.321844"><ele>990.2</ele></trkpt>
    <trkpt lat="38.653632" lon="-0.322219"><ele>998.6</ele></trkpt>
    <trkpt lat="38.65363" lon="-0.32222"><ele>998.7</ele></trkpt>
    <trkpt lat="38.653213" lon="-0.322288"><ele>1003.7</ele></trkpt>
    <trkpt lat="38.652989" lon="-0.322355"><ele>1006.6</ele></trkpt>
    <trkpt lat="38.652683" lon="-0.322583"><ele>1010.7</ele></trkpt>
    <trkpt lat="38.652318" lon="-0.323187"><ele>1014.9</ele></trkpt>
    <trkpt lat="38.652104" lon="-0.323487"><ele>1016.8</ele></trkpt>
    <trkpt lat="38.651677" lon="-0.324045"><ele>1018.7</ele></trkpt>
    <trkpt lat="38.651172" lon="-0.324501"><ele>1019.5</ele></trkpt>
    <trkpt lat="38.650669" lon="-0.324769"><ele>1020.8</ele></trkpt>
    <trkpt lat="38.650507" lon="-0.324806"><ele>1021.3</ele></trkpt>
    <trkpt lat="38.650303" lon="-0.324812"><ele>1021.8</ele></trkpt>
    <trkpt lat="38.650261" lon="-0.324813"><ele>1022</ele></trkpt>
    <trkpt lat="38.650265" lon="-0.324868"><ele>1022</ele></trkpt>
    <trkpt lat="38.650354" lon="-0.325369"><ele>1022.7</ele></trkpt>
    <trkpt lat="38.650194" lon="-0.326641"><ele>1019.4</ele></trkpt>
    <trkpt lat="38.650203" lon="-0.326776"><ele>1018.8</ele></trkpt>
    <trkpt lat="38.650415" lon="-0.327863"><ele>1013.8</ele></trkpt>
    <trkpt lat="38.650443" lon="-0.328152"><ele>1012.4</ele></trkpt>
    <trkpt lat="38.650272" lon="-0.330217"><ele>1005.1</ele></trkpt>
    <trkpt lat="38.650193" lon="-0.33063"><ele>1003.6</ele></trkpt>
    <trkpt lat="38.649841" lon="-0.3321"><ele>998</ele></trkpt>
    <trkpt lat="38.649793" lon="-0.332422"><ele>996.9</ele></trkpt>
    <trkpt lat="38.649802" lon="-0.333456"><ele>993.7</ele></trkpt>
    <trkpt lat="38.649726" lon="-0.335163"><ele>989.5</ele></trkpt>
    <trkpt lat="38.649824" lon="-0.335476"><ele>988.8</ele></trkpt>
    <trkpt lat="38.649914" lon="-0.335669"><ele>988.5</ele></trkpt>
    <trkpt lat="38.65008" lon="-0.335887"><ele>988</ele></trkpt>
    <trkpt lat="38.651508" lon="-0.337121"><ele>987.1</ele></trkpt>
    <trkpt lat="38.652018" lon="-0.337558"><ele>986.6</ele></trkpt>
    <trkpt lat="38.652283" lon="-0.337733"><ele>985.9</ele></trkpt>
    <trkpt lat="38.652336" lon="-0.337699"><ele>985.8</ele></trkpt>
    <trkpt lat="38.653806" lon="-0.33667"><ele>977.2</ele></trkpt>
    <trkpt lat="38.654097" lon="-0.336651"><ele>975.7</ele></trkpt>
    <trkpt lat="38.654418" lon="-0.33671"><ele>974.2</ele></trkpt>
    <trkpt lat="38.654652" lon="-0.336844"><ele>973.2</ele></trkpt>
    <trkpt lat="38.654851" lon="-0.337097"><ele>972.3</ele></trkpt>
    <trkpt lat="38.654939" lon="-0.337421"><ele>971.5</ele></trkpt>
    <trkpt lat="38.655086" lon="-0.338269"><ele>968.3</ele></trkpt>
    <trkpt lat="38.65518" lon="-0.338499"><ele>967.1</ele></trkpt>
    <trkpt lat="38.655239" lon="-0.338564"><ele>966.6</ele></trkpt>
    <trkpt lat="38.655387" lon="-0.338607"><ele>965.6</ele></trkpt>
    <trkpt lat="38.656076" lon="-0.338599"><ele>960.6</ele></trkpt>
    <trkpt lat="38.656265" lon="-0.338649"><ele>959.1</ele></trkpt>
    <trkpt lat="38.657042" lon="-0.339382"><ele>951.7</ele></trkpt>
    <trkpt lat="38.657214" lon="-0.33946"><ele>950.4</ele></trkpt>
    <trkpt lat="38.658131" lon="-0.33946"><ele>944.1</ele></trkpt>
    <trkpt lat="38.658307" lon="-0.339548"><ele>942.9</ele></trkpt>
    <trkpt lat="38.659661" lon="-0.340553"><ele>936.1</ele></trkpt>
    <trkpt lat="38.660105" lon="-0.34089"><ele>934.1</ele></trkpt>
    <trkpt lat="38.66019" lon="-0.340993"><ele>933.5</ele></trkpt>
    <trkpt lat="38.660263" lon="-0.341224"><ele>932.6</ele></trkpt>
    <trkpt lat="38.660354" lon="-0.341764"><ele>930.4</ele></trkpt>
    <trkpt lat="38.660432" lon="-0.341972"><ele>929.5</ele></trkpt>
    <trkpt lat="38.660543" lon="-0.342162"><ele>928.4</ele></trkpt>
    <trkpt lat="38.661135" lon="-0.343054"><ele>923.8</ele></trkpt>
    <trkpt lat="38.661579" lon="-0.344492"><ele>920.2</ele></trkpt>
    <trkpt lat="38.663562" lon="-0.347022"><ele>908.7</ele></trkpt>
    <trkpt lat="38.66365" lon="-0.347178"><ele>908.2</ele></trkpt>
    <trkpt lat="38.663763" lon="-0.347467"><ele>907.5</ele></trkpt>
    <trkpt lat="38.663987" lon="-0.348344"><ele>905.8</ele></trkpt>
    <trkpt lat="38.66396" lon="-0.349039"><ele>904.6</ele></trkpt>
    <trkpt lat="38.664081" lon="-0.349707"><ele>903.5</ele></trkpt>
    <trkpt lat="38.664159" lon="-0.349908"><ele>903</ele></trkpt>
    <trkpt lat="38.664494" lon="-0.350393"><ele>901.7</ele></trkpt>
    <trkpt lat="38.664982" lon="-0.351019"><ele>899.9</ele></trkpt>
    <trkpt lat="38.665087" lon="-0.351131"><ele>899.5</ele></trkpt>
    <trkpt lat="38.665217" lon="-0.351204"><ele>899.1</ele></trkpt>
    <trkpt lat="38.666038" lon="-0.351405"><ele>896.6</ele></trkpt>
    <trkpt lat="38.666157" lon="-0.351469"><ele>896.3</ele></trkpt>
    <trkpt lat="38.66715" lon="-0.35227"><ele>893.9</ele></trkpt>
    <trkpt lat="38.667256" lon="-0.352327"><ele>893.7</ele></trkpt>
    <trkpt lat="38.66752" lon="-0.352413"><ele>893.3</ele></trkpt>
    <trkpt lat="38.668469" lon="-0.352631"><ele>891.3</ele></trkpt>
    <trkpt lat="38.668703" lon="-0.352719"><ele>890.5</ele></trkpt>
    <trkpt lat="38.668833" lon="-0.352875"><ele>889.8</ele></trkpt>
    <trkpt lat="38.66889" lon="-0.35299"><ele>889.4</ele></trkpt>
    <trkpt lat="38.669181" lon="-0.354092"><ele>885</ele></trkpt>
    <trkpt lat="38.669286" lon="-0.354411"><ele>883.6</ele></trkpt>
    <trkpt lat="38.669449" lon="-0.354669"><ele>882.2</ele></trkpt>
    <trkpt lat="38.670481" lon="-0.355913"><ele>873.6</ele></trkpt>
    <trkpt lat="38.67059" lon="-0.356214"><ele>871.7</ele></trkpt>
    <trkpt lat="38.670626" lon="-0.35649"><ele>870.1</ele></trkpt>
    <trkpt lat="38.670662" lon="-0.356579"><ele>869.5</ele></trkpt>
    <trkpt lat="38.670758" lon="-0.356702"><ele>868.4</ele></trkpt>
    <trkpt lat="38.671032" lon="-0.356895"><ele>866</ele></trkpt>
    <trkpt lat="38.671076" lon="-0.356962"><ele>865.5</ele></trkpt>
    <trkpt lat="38.671112" lon="-0.357054"><ele>864.8</ele></trkpt>
    <trkpt lat="38.671162" lon="-0.35748"><ele>862.3</ele></trkpt>
    <trkpt lat="38.671208" lon="-0.35759"><ele>861.6</ele></trkpt>
    <trkpt lat="38.671265" lon="-0.357668"><ele>861</ele></trkpt>
    <trkpt lat="38.67138" lon="-0.357756"><ele>860</ele></trkpt>
    <trkpt lat="38.671621" lon="-0.357872"><ele>858.3</ele></trkpt>
    <trkpt lat="38.671709" lon="-0.357941"><ele>857.7</ele></trkpt>
    <trkpt lat="38.67212" lon="-0.358476"><ele>854.8</ele></trkpt>
    <trkpt lat="38.672293" lon="-0.358564"><ele>854.1</ele></trkpt>
    <trkpt lat="38.672493" lon="-0.35857"><ele>853.5</ele></trkpt>
    <trkpt lat="38.672607" lon="-0.358453"><ele>853.1</ele></trkpt>
    <trkpt lat="38.672649" lon="-0.358326"><ele>852.9</ele></trkpt>
    <trkpt lat="38.672729" lon="-0.357774"><ele>852.1</ele></trkpt>
    <trkpt lat="38.672821" lon="-0.356884"><ele>850.7</ele></trkpt>
    <trkpt lat="38.672756" lon="-0.356726"><ele>850.3</ele></trkpt>
    <trkpt lat="38.672672" lon="-0.356601"><ele>850</ele></trkpt>
    <trkpt lat="38.672647" lon="-0.356463"><ele>849.7</ele></trkpt>
    <trkpt lat="38.672921" lon="-0.355659"><ele>848</ele></trkpt>
    <trkpt lat="38.67293" lon="-0.355467"><ele>847.4</ele></trkpt>
    <trkpt lat="38.672883" lon="-0.354926"><ele>845.6</ele></trkpt>
    <trkpt lat="38.672885" lon="-0.354739"><ele>845</ele></trkpt>
    <trkpt lat="38.672955" lon="-0.354548"><ele>844.3</ele></trkpt>
    <trkpt lat="38.673283" lon="-0.354084"><ele>842</ele></trkpt>
    <trkpt lat="38.673363" lon="-0.353854"><ele>841</ele></trkpt>
    <trkpt lat="38.673424" lon="-0.351551"><ele>831.2</ele></trkpt>
    <trkpt lat="38.673361" lon="-0.35122"><ele>829.3</ele></trkpt>
    <trkpt lat="38.673413" lon="-0.351139"><ele>828.7</ele></trkpt>
    <trkpt lat="38.673497" lon="-0.351161"><ele>828</ele></trkpt>
    <trkpt lat="38.673526" lon="-0.351247"><ele>827.5</ele></trkpt>
    <trkpt lat="38.673715" lon="-0.352513"><ele>817.5</ele></trkpt>
    <trkpt lat="38.673784" lon="-0.352839"><ele>815.1</ele></trkpt>
    <trkpt lat="38.673945" lon="-0.353285"><ele>812.3</ele></trkpt>
    <trkpt lat="38.673993" lon="-0.353524"><ele>811.1</ele></trkpt>
    <trkpt lat="38.673918" lon="-0.354283"><ele>807.9</ele></trkpt>
    <trkpt lat="38.673876" lon="-0.354416"><ele>807.4</ele></trkpt>
    <trkpt lat="38.673671" lon="-0.354733"><ele>805.9</ele></trkpt>
    <trkpt lat="38.673633" lon="-0.354824"><ele>805.5</ele></trkpt>
    <trkpt lat="38.673631" lon="-0.35491"><ele>805.2</ele></trkpt>
    <trkpt lat="38.673679" lon="-0.355069"><ele>804.6</ele></trkpt>
    <trkpt lat="38.673861" lon="-0.355356"><ele>803.4</ele></trkpt>
    <trkpt lat="38.673926" lon="-0.355527"><ele>802.7</ele></trkpt>
    <trkpt lat="38.673926" lon="-0.355627"><ele>802.3</ele></trkpt>
    <trkpt lat="38.673879" lon="-0.355818"><ele>801.4</ele></trkpt>
    <trkpt lat="38.673809" lon="-0.355993"><ele>800.5</ele></trkpt>
    <trkpt lat="38.673786" lon="-0.356211"><ele>799.5</ele></trkpt>
    <trkpt lat="38.673842" lon="-0.356332"><ele>798.9</ele></trkpt>
    <trkpt lat="38.674022" lon="-0.356496"><ele>797.7</ele></trkpt>
    <trkpt lat="38.674083" lon="-0.356606"><ele>797.2</ele></trkpt>
    <trkpt lat="38.674102" lon="-0.356697"><ele>796.9</ele></trkpt>
    <trkpt lat="38.674081" lon="-0.356884"><ele>796.3</ele></trkpt>
    <trkpt lat="38.673983" lon="-0.357169"><ele>795.6</ele></trkpt>
    <trkpt lat="38.67396" lon="-0.357302"><ele>795.4</ele></trkpt>
    <trkpt lat="38.673968" lon="-0.357437"><ele>795.3</ele></trkpt>
    <trkpt lat="38.673994" lon="-0.357549"><ele>795.2</ele></trkpt>
    <trkpt lat="38.674115" lon="-0.357783"><ele>795</ele></trkpt>
    <trkpt lat="38.67499" lon="-0.359068"><ele>790.8</ele></trkpt>
    <trkpt lat="38.675107" lon="-0.359201"><ele>789.8</ele></trkpt>
    <trkpt lat="38.675216" lon="-0.359269"><ele>789</ele></trkpt>
    <trkpt lat="38.67612" lon="-0.359654"><ele>785</ele></trkpt>
    <trkpt lat="38.676232" lon="-0.359741"><ele>784.8</ele></trkpt>
    <trkpt lat="38.676294" lon="-0.359883"><ele>784.6</ele></trkpt>
    <trkpt lat="38.676344" lon="-0.360872"><ele>782.3</ele></trkpt>
    <trkpt lat="38.676384" lon="-0.360957"><ele>782</ele></trkpt>
    <trkpt lat="38.676468" lon="-0.360951"><ele>781.6</ele></trkpt>
    <trkpt lat="38.676503" lon="-0.360855"><ele>781.2</ele></trkpt>
    <trkpt lat="38.676499" lon="-0.359838"><ele>773.5</ele></trkpt>
    <trkpt lat="38.676488" lon="-0.359685"><ele>772.2</ele></trkpt>
    <trkpt lat="38.676406" lon="-0.359285"><ele>768.9</ele></trkpt>
    <trkpt lat="38.67634" lon="-0.359031"><ele>767.1</ele></trkpt>
    <trkpt lat="38.676223" lon="-0.358846"><ele>765.6</ele></trkpt>
    <trkpt lat="38.675586" lon="-0.358587"><ele>760.3</ele></trkpt>
    <trkpt lat="38.675462" lon="-0.358457"><ele>759.2</ele></trkpt>
    <trkpt lat="38.675385" lon="-0.358279"><ele>758.2</ele></trkpt>
    <trkpt lat="38.675199" lon="-0.357589"><ele>754.6</ele></trkpt>
    <trkpt lat="38.675161" lon="-0.35734"><ele>753.1</ele></trkpt>
    <trkpt lat="38.675191" lon="-0.357078"><ele>751.6</ele></trkpt>
    <trkpt lat="38.675342" lon="-0.356822"><ele>749.8</ele></trkpt>
    <trkpt lat="38.675379" lon="-0.356698"><ele>749.2</ele></trkpt>
    <trkpt lat="38.675375" lon="-0.356554"><ele>748.5</ele></trkpt>
    <trkpt lat="38.6753" lon="-0.356251"><ele>747.3</ele></trkpt>
    <trkpt lat="38.675312" lon="-0.356136"><ele>746.9</ele></trkpt>
    <trkpt lat="38.675371" lon="-0.356011"><ele>746.5</ele></trkpt>
    <trkpt lat="38.675514" lon="-0.355841"><ele>745.8</ele></trkpt>
    <trkpt lat="38.675542" lon="-0.355744"><ele>745.6</ele></trkpt>
    <trkpt lat="38.675537" lon="-0.355635"><ele>745.3</ele></trkpt>
    <trkpt lat="38.675416" lon="-0.355278"><ele>744.2</ele></trkpt>
    <trkpt lat="38.675427" lon="-0.355192"><ele>743.9</ele></trkpt>
    <trkpt lat="38.675479" lon="-0.355165"><ele>743.6</ele></trkpt>
    <trkpt lat="38.675551" lon="-0.355231"><ele>743.3</ele></trkpt>
    <trkpt lat="38.676157" lon="-0.357491"><ele>731.2</ele></trkpt>
    <trkpt lat="38.676234" lon="-0.357717"><ele>729.9</ele></trkpt>
    <trkpt lat="38.676347" lon="-0.357886"><ele>728.9</ele></trkpt>
    <trkpt lat="38.676923" lon="-0.358329"><ele>725.7</ele></trkpt>
    <trkpt lat="38.6771" lon="-0.358557"><ele>724.9</ele></trkpt>
    <trkpt lat="38.677339" lon="-0.358972"><ele>723.4</ele></trkpt>
    <trkpt lat="38.677472" lon="-0.359461"><ele>721.6</ele></trkpt>
    <trkpt lat="38.677563" lon="-0.359902"><ele>719.8</ele></trkpt>
    <trkpt lat="38.677651" lon="-0.360316"><ele>718.2</ele></trkpt>
    <trkpt lat="38.677689" lon="-0.360731"><ele>716.6</ele></trkpt>
    <trkpt lat="38.67766" lon="-0.361001"><ele>715.6</ele></trkpt>
    <trkpt lat="38.67757" lon="-0.361454"><ele>713.6</ele></trkpt>
    <trkpt lat="38.677469" lon="-0.361712"><ele>712.3</ele></trkpt>
    <trkpt lat="38.677314" lon="-0.36196"><ele>711.2</ele></trkpt>
    <trkpt lat="38.677318" lon="-0.362036"><ele>710.9</ele></trkpt>
    <trkpt lat="38.677344" lon="-0.362081"><ele>710.8</ele></trkpt>
    <trkpt lat="38.677402" lon="-0.362119"><ele>710.6</ele></trkpt>
    <trkpt lat="38.677438" lon="-0.362103"><ele>710.4</ele></trkpt>
    <trkpt lat="38.678186" lon="-0.360438"><ele>699.9</ele></trkpt>
    <trkpt lat="38.678434" lon="-0.359844"><ele>695.2</ele></trkpt>
    <trkpt lat="38.678532" lon="-0.359767"><ele>694.3</ele></trkpt>
    <trkpt lat="38.678653" lon="-0.359776"><ele>693.3</ele></trkpt>
    <trkpt lat="38.678719" lon="-0.359835"><ele>692.8</ele></trkpt>
    <trkpt lat="38.678724" lon="-0.359842"><ele>692.7</ele></trkpt>
    <trkpt lat="38.678763" lon="-0.359902"><ele>692.3</ele></trkpt>
    <trkpt lat="38.67879" lon="-0.360008"><ele>691.7</ele></trkpt>
    <trkpt lat="38.67878" lon="-0.360122"><ele>691.1</ele></trkpt>
    <trkpt lat="38.678342" lon="-0.36126"><ele>685.6</ele></trkpt>
    <trkpt lat="38.67796" lon="-0.362149"><ele>681.9</ele></trkpt>
    <trkpt lat="38.677909" lon="-0.362372"><ele>680.2</ele></trkpt>
    <trkpt lat="38.677902" lon="-0.36251"><ele>679.2</ele></trkpt>
    <trkpt lat="38.677972" lon="-0.362692"><ele>677.6</ele></trkpt>
    <trkpt lat="38.67805" lon="-0.362775"><ele>676.6</ele></trkpt>
    <trkpt lat="38.678134" lon="-0.362815"><ele>675.7</ele></trkpt>
    <trkpt lat="38.678322" lon="-0.362769"><ele>673.9</ele></trkpt>
    <trkpt lat="38.678633" lon="-0.362477"><ele>670.6</ele></trkpt>
    <trkpt lat="38.678806" lon="-0.36213"><ele>668.3</ele></trkpt>
    <trkpt lat="38.67892" lon="-0.361997"><ele>667.3</ele></trkpt>
    <trkpt lat="38.678995" lon="-0.361963"><ele>666.8</ele></trkpt>
    <trkpt lat="38.679272" lon="-0.361953"><ele>665.2</ele></trkpt>
    <trkpt lat="38.679494" lon="-0.362016"><ele>664.6</ele></trkpt>
    <trkpt lat="38.679949" lon="-0.362307"><ele>664.9</ele></trkpt>
    <trkpt lat="38.680058" lon="-0.362433"><ele>665.2</ele></trkpt>
    <trkpt lat="38.68022" lon="-0.362766"><ele>666.1</ele></trkpt>
    <trkpt lat="38.68045" lon="-0.36349"><ele>668.5</ele></trkpt>
    <trkpt lat="38.68059" lon="-0.363994"><ele>670.7</ele></trkpt>
    <trkpt lat="38.680675" lon="-0.364396"><ele>672.5</ele></trkpt>
    <trkpt lat="38.680872" lon="-0.365858"><ele>679.7</ele></trkpt>
    <trkpt lat="38.680883" lon="-0.366011"><ele>680.5</ele></trkpt>
    <trkpt lat="38.680858" lon="-0.366165"><ele>681.4</ele></trkpt>
    <trkpt lat="38.680858" lon="-0.366374"><ele>682.6</ele></trkpt>
    <trkpt lat="38.6809" lon="-0.366488"><ele>683.2</ele></trkpt>
    <trkpt lat="38.680898" lon="-0.366651"><ele>684.1</ele></trkpt>
    <trkpt lat="38.680862" lon="-0.366737"><ele>684.6</ele></trkpt>
    <trkpt lat="38.680735" lon="-0.36684"><ele>685.5</ele></trkpt>
    <trkpt lat="38.680636" lon="-0.366998"><ele>686.5</ele></trkpt>
    <trkpt lat="38.680612" lon="-0.367098"><ele>687</ele></trkpt>
    <trkpt lat="38.680419" lon="-0.367421"><ele>688.7</ele></trkpt>
    <trkpt lat="38.6803" lon="-0.367676"><ele>690</ele></trkpt>
    <trkpt lat="38.680002" lon="-0.369464"><ele>695</ele></trkpt>
    <trkpt lat="38.679866" lon="-0.37008"><ele>696</ele></trkpt>
    <trkpt lat="38.679276" lon="-0.371679"><ele>697.9</ele></trkpt>
    <trkpt lat="38.678958" lon="-0.372147"><ele>698.2</ele></trkpt>
    <trkpt lat="38.678897" lon="-0.372274"><ele>698.3</ele></trkpt>
    <trkpt lat="38.678411" lon="-0.374061"><ele>695.3</ele></trkpt>
    <trkpt lat="38.678024" lon="-0.375062"><ele>689.2</ele></trkpt>
    <trkpt lat="38.677883" lon="-0.375319"><ele>687.5</ele></trkpt>
    <trkpt lat="38.677737" lon="-0.375412"><ele>686.4</ele></trkpt>
    <trkpt lat="38.677244" lon="-0.375331"><ele>684.5</ele></trkpt>
    <trkpt lat="38.676941" lon="-0.37532"><ele>683.9</ele></trkpt>
    <trkpt lat="38.676852" lon="-0.375369"><ele>683.9</ele></trkpt>
    <trkpt lat="38.676781" lon="-0.375462"><ele>683.8</ele></trkpt>
    <trkpt lat="38.676715" lon="-0.375622"><ele>683.8</ele></trkpt>
    <trkpt lat="38.676595" lon="-0.376133"><ele>684.1</ele></trkpt>
    <trkpt lat="38.676542" lon="-0.376267"><ele>684.2</ele></trkpt>
    <trkpt lat="38.676455" lon="-0.376403"><ele>684.3</ele></trkpt>
    <trkpt lat="38.675892" lon="-0.377068"><ele>684.3</ele></trkpt>
    <trkpt lat="38.675731" lon="-0.377344"><ele>683.8</ele></trkpt>
    <trkpt lat="38.675677" lon="-0.377567"><ele>683.2</ele></trkpt>
    <trkpt lat="38.675641" lon="-0.37792"><ele>682.1</ele></trkpt>
    <trkpt lat="38.67553" lon="-0.378339"><ele>680.2</ele></trkpt>
    <trkpt lat="38.675072" lon="-0.379346"><ele>673.2</ele></trkpt>
    <trkpt lat="38.674998" lon="-0.379566"><ele>671.7</ele></trkpt>
    <trkpt lat="38.674858" lon="-0.380164"><ele>668.2</ele></trkpt>
    <trkpt lat="38.674802" lon="-0.380278"><ele>667.7</ele></trkpt>
    <trkpt lat="38.674727" lon="-0.380345"><ele>667.3</ele></trkpt>
    <trkpt lat="38.674636" lon="-0.380375"><ele>667</ele></trkpt>
    <trkpt lat="38.673885" lon="-0.380464"><ele>665.7</ele></trkpt>
    <trkpt lat="38.673806" lon="-0.380527"><ele>665.7</ele></trkpt>
    <trkpt lat="38.673755" lon="-0.380622"><ele>665.7</ele></trkpt>
    <trkpt lat="38.673498" lon="-0.381358"><ele>666.1</ele></trkpt>
    <trkpt lat="38.673512" lon="-0.381465"><ele>666.1</ele></trkpt>
    <trkpt lat="38.673582" lon="-0.381551"><ele>666.1</ele></trkpt>
    <trkpt lat="38.673679" lon="-0.381599"><ele>666.1</ele></trkpt>
    <trkpt lat="38.673874" lon="-0.381593"><ele>666</ele></trkpt>
    <trkpt lat="38.67414" lon="-0.381544"><ele>665.3</ele></trkpt>
    <trkpt lat="38.674668" lon="-0.381769"><ele>665.1</ele></trkpt>
    <trkpt lat="38.674801" lon="-0.381769"><ele>665.5</ele></trkpt>
    <trkpt lat="38.674938" lon="-0.381732"><ele>666.1</ele></trkpt>
    <trkpt lat="38.675158" lon="-0.381607"><ele>667.5</ele></trkpt>
    <trkpt lat="38.675224" lon="-0.38161"><ele>667.9</ele></trkpt>
    <trkpt lat="38.67526" lon="-0.38164"><ele>668.1</ele></trkpt>
    <trkpt lat="38.675275" lon="-0.381735"><ele>668.7</ele></trkpt>
    <trkpt lat="38.675244" lon="-0.381781"><ele>669</ele></trkpt>
    <trkpt lat="38.674751" lon="-0.38215"><ele>673</ele></trkpt>
    <trkpt lat="38.674626" lon="-0.382321"><ele>674.3</ele></trkpt>
    <trkpt lat="38.674432" lon="-0.382645"><ele>677.3</ele></trkpt>
    <trkpt lat="38.674232" lon="-0.382897"><ele>679.2</ele></trkpt>
    <trkpt lat="38.673968" lon="-0.383248"><ele>680.5</ele></trkpt>
    <trkpt lat="38.67391" lon="-0.383375"><ele>680.7</ele></trkpt>
    <trkpt lat="38.673846" lon="-0.383578"><ele>680.8</ele></trkpt>
    <trkpt lat="38.673376" lon="-0.385627"><ele>679</ele></trkpt>
    <trkpt lat="38.673223" lon="-0.385997"><ele>678.6</ele></trkpt>
    <trkpt lat="38.672898" lon="-0.386511"><ele>678.3</ele></trkpt>
    <trkpt lat="38.670451" lon="-0.390086"><ele>685.2</ele></trkpt>
    <trkpt lat="38.670287" lon="-0.390433"><ele>685.7</ele></trkpt>
    <trkpt lat="38.670258" lon="-0.390569"><ele>685.8</ele></trkpt>
    <trkpt lat="38.670272" lon="-0.390721"><ele>686</ele></trkpt>
    <trkpt lat="38.670439" lon="-0.39128"><ele>686.5</ele></trkpt>
    <trkpt lat="38.670523" lon="-0.391559"><ele>686.7</ele></trkpt>
    <trkpt lat="38.67081" lon="-0.392098"><ele>687.1</ele></trkpt>
    <trkpt lat="38.670829" lon="-0.392219"><ele>687.1</ele></trkpt>
    <trkpt lat="38.670812" lon="-0.392341"><ele>687.1</ele></trkpt>
    <trkpt lat="38.670754" lon="-0.39245"><ele>687.1</ele></trkpt>
    <trkpt lat="38.670535" lon="-0.392683"><ele>687</ele></trkpt>
    <trkpt lat="38.670089" lon="-0.393084"><ele>686.3</ele></trkpt>
    <trkpt lat="38.669696" lon="-0.393381"><ele>685.7</ele></trkpt>
    <trkpt lat="38.669455" lon="-0.393576"><ele>685.5</ele></trkpt>
    <trkpt lat="38.669043" lon="-0.394078"><ele>685.5</ele></trkpt>
    <trkpt lat="38.668869" lon="-0.394305"><ele>685.9</ele></trkpt>
    <trkpt lat="38.668449" lon="-0.394799"><ele>687.8</ele></trkpt>
    <trkpt lat="38.667406" lon="-0.395812"><ele>694.9</ele></trkpt>
    <trkpt lat="38.666572" lon="-0.39657"><ele>701.5</ele></trkpt>
    <trkpt lat="38.66641" lon="-0.396755"><ele>703</ele></trkpt>
    <trkpt lat="38.665407" lon="-0.398093"><ele>713.4</ele></trkpt>
    <trkpt lat="38.665037" lon="-0.398587"><ele>716.9</ele></trkpt>
    <trkpt lat="38.66466" lon="-0.399116"><ele>719.6</ele></trkpt>
    <trkpt lat="38.664257" lon="-0.399907"><ele>721.8</ele></trkpt>
    <trkpt lat="38.664033" lon="-0.400294"><ele>722.6</ele></trkpt>
    <trkpt lat="38.663937" lon="-0.400411"><ele>722.9</ele></trkpt>
    <trkpt lat="38.663832" lon="-0.400485"><ele>723.1</ele></trkpt>
    <trkpt lat="38.663559" lon="-0.40059"><ele>723.5</ele></trkpt>
    <trkpt lat="38.663305" lon="-0.400604"><ele>723.8</ele></trkpt>
    <trkpt lat="38.6631" lon="-0.400612"><ele>724.1</ele></trkpt>
    <trkpt lat="38.662738" lon="-0.400626"><ele>724.9</ele></trkpt>
    <trkpt lat="38.662617" lon="-0.400657"><ele>725.2</ele></trkpt>
    <trkpt lat="38.662527" lon="-0.40068"><ele>725.5</ele></trkpt>
    <trkpt lat="38.662435" lon="-0.400743"><ele>725.8</ele></trkpt>
    <trkpt lat="38.662269" lon="-0.401009"><ele>726.4</ele></trkpt>
    <trkpt lat="38.662137" lon="-0.401363"><ele>727.1</ele></trkpt>
    <trkpt lat="38.662099" lon="-0.401587"><ele>727.5</ele></trkpt>
    <trkpt lat="38.662096" lon="-0.401783"><ele>727.8</ele></trkpt>
    <trkpt lat="38.662235" lon="-0.402449"><ele>729.8</ele></trkpt>
    <trkpt lat="38.662266" lon="-0.40258"><ele>730.2</ele></trkpt>
    <trkpt lat="38.662281" lon="-0.402654"><ele>730.5</ele></trkpt>
    <trkpt lat="38.662361" lon="-0.403027"><ele>731.7</ele></trkpt>
    <trkpt lat="38.662375" lon="-0.403088"><ele>731.9</ele></trkpt>
    <trkpt lat="38.662388" lon="-0.403153"><ele>732.1</ele></trkpt>
    <trkpt lat="38.662344" lon="-0.403186"><ele>732.3</ele></trkpt>
    <trkpt lat="38.662284" lon="-0.403177"><ele>732.5</ele></trkpt>
    <trkpt lat="38.662221" lon="-0.403089"><ele>732.9</ele></trkpt>
    <trkpt lat="38.661477" lon="-0.40226"><ele>736.9</ele></trkpt>
    <trkpt lat="38.661372" lon="-0.402231"><ele>737.3</ele></trkpt>
    <trkpt lat="38.661261" lon="-0.402276"><ele>737.7</ele></trkpt>
    <trkpt lat="38.660787" lon="-0.402893"><ele>740.1</ele></trkpt>
    <trkpt lat="38.660666" lon="-0.403"><ele>740.7</ele></trkpt>
    <trkpt lat="38.660547" lon="-0.40303"><ele>741.2</ele></trkpt>
    <trkpt lat="38.66041" lon="-0.403002"><ele>741.8</ele></trkpt>
    <trkpt lat="38.660226" lon="-0.402914"><ele>742.6</ele></trkpt>
    <trkpt lat="38.660057" lon="-0.402944"><ele>743.4</ele></trkpt>
    <trkpt lat="38.659194" lon="-0.403695"><ele>749.6</ele></trkpt>
    <trkpt lat="38.658655" lon="-0.40459"><ele>756.6</ele></trkpt>
    <trkpt lat="38.658482" lon="-0.404817"><ele>758.7</ele></trkpt>
    <trkpt lat="38.65723" lon="-0.406077"><ele>772.8</ele></trkpt>
    <trkpt lat="38.656785" lon="-0.406689"><ele>778.6</ele></trkpt>
    <trkpt lat="38.656475" lon="-0.406993"><ele>782.1</ele></trkpt>
    <trkpt lat="38.656401" lon="-0.407038"><ele>782.8</ele></trkpt>
    <trkpt lat="38.656331" lon="-0.40706"><ele>783.4</ele></trkpt>
    <trkpt lat="38.656234" lon="-0.407048"><ele>784.3</ele></trkpt>
    <trkpt lat="38.656161" lon="-0.406978"><ele>785.1</ele></trkpt>
    <trkpt lat="38.655695" lon="-0.40606"><ele>792.7</ele></trkpt>
    <trkpt lat="38.655644" lon="-0.406016"><ele>793.2</ele></trkpt>
    <trkpt lat="38.655562" lon="-0.406002"><ele>793.9</ele></trkpt>
    <trkpt lat="38.655507" lon="-0.406033"><ele>794.4</ele></trkpt>
    <trkpt lat="38.65546" lon="-0.406102"><ele>795</ele></trkpt>
    <trkpt lat="38.655376" lon="-0.406534"><ele>797.7</ele></trkpt>
    <trkpt lat="38.655412" lon="-0.407176"><ele>801.3</ele></trkpt>
    <trkpt lat="38.655365" lon="-0.407665"><ele>804</ele></trkpt>
    <trkpt lat="38.655382" lon="-0.407944"><ele>805.4</ele></trkpt>
    <trkpt lat="38.655428" lon="-0.408271"><ele>807.2</ele></trkpt>
    <trkpt lat="38.655418" lon="-0.408422"><ele>808</ele></trkpt>
    <trkpt lat="38.655168" lon="-0.408947"><ele>811.3</ele></trkpt>
    <trkpt lat="38.655147" lon="-0.409119"><ele>812.4</ele></trkpt>
    <trkpt lat="38.655189" lon="-0.409237"><ele>813.2</ele></trkpt>
    <trkpt lat="38.655343" lon="-0.409402"><ele>814.9</ele></trkpt>
    <trkpt lat="38.655343" lon="-0.409564"><ele>816.1</ele></trkpt>
    <trkpt lat="38.655284" lon="-0.409619"><ele>816.7</ele></trkpt>
    <trkpt lat="38.655197" lon="-0.409623"><ele>817.5</ele></trkpt>
    <trkpt lat="38.654843" lon="-0.409417"><ele>821.1</ele></trkpt>
    <trkpt lat="38.654752" lon="-0.409312"><ele>822.3</ele></trkpt>
    <trkpt lat="38.654711" lon="-0.40918"><ele>823.5</ele></trkpt>
    <trkpt lat="38.654624" lon="-0.408618"><ele>828.5</ele></trkpt>
    <trkpt lat="38.654519" lon="-0.408111"><ele>832.9</ele></trkpt>
    <trkpt lat="38.654456" lon="-0.408033"><ele>833.8</ele></trkpt>
    <trkpt lat="38.654406" lon="-0.408024"><ele>834.3</ele></trkpt>
    <trkpt lat="38.654339" lon="-0.408051"><ele>835</ele></trkpt>
    <trkpt lat="38.654297" lon="-0.408153"><ele>835.8</ele></trkpt>
    <trkpt lat="38.654318" lon="-0.408643"><ele>838.9</ele></trkpt>
    <trkpt lat="38.654317" lon="-0.408652"><ele>839</ele></trkpt>
    <trkpt lat="38.654297" lon="-0.408768"><ele>839.7</ele></trkpt>
    <trkpt lat="38.654162" lon="-0.409081"><ele>841.6</ele></trkpt>
    <trkpt lat="38.654121" lon="-0.409237"><ele>842.5</ele></trkpt>
    <trkpt lat="38.654105" lon="-0.409453"><ele>843.4</ele></trkpt>
    <trkpt lat="38.654119" lon="-0.410049"><ele>845.6</ele></trkpt>
    <trkpt lat="38.654093" lon="-0.4102"><ele>846.2</ele></trkpt>
    <trkpt lat="38.653869" lon="-0.410647"><ele>848.4</ele></trkpt>
    <trkpt lat="38.653702" lon="-0.411232"><ele>852</ele></trkpt>
    <trkpt lat="38.653502" lon="-0.411584"><ele>855.2</ele></trkpt>
    <trkpt lat="38.653428" lon="-0.411645"><ele>856.1</ele></trkpt>
    <trkpt lat="38.653353" lon="-0.411646"><ele>856.9</ele></trkpt>
    <trkpt lat="38.653282" lon="-0.411606"><ele>857.7</ele></trkpt>
    <trkpt lat="38.653228" lon="-0.411524"><ele>858.7</ele></trkpt>
    <trkpt lat="38.653219" lon="-0.411391"><ele>859.9</ele></trkpt>
    <trkpt lat="38.653245" lon="-0.411257"><ele>861.1</ele></trkpt>
    <trkpt lat="38.653216" lon="-0.411165"><ele>862.1</ele></trkpt>
    <trkpt lat="38.653164" lon="-0.411103"><ele>862.9</ele></trkpt>
    <trkpt lat="38.653089" lon="-0.411089"><ele>863.8</ele></trkpt>
    <trkpt lat="38.652968" lon="-0.411137"><ele>865.3</ele></trkpt>
    <trkpt lat="38.652389" lon="-0.411756"><ele>873.8</ele></trkpt>
    <trkpt lat="38.652228" lon="-0.411928"><ele>876</ele></trkpt>
    <trkpt lat="38.6521" lon="-0.412154"><ele>878.1</ele></trkpt>
    <trkpt lat="38.651667" lon="-0.413685"><ele>887.7</ele></trkpt>
    <trkpt lat="38.651585" lon="-0.413889"><ele>888.8</ele></trkpt>
    <trkpt lat="38.651443" lon="-0.414129"><ele>890.1</ele></trkpt>
    <trkpt lat="38.651386" lon="-0.414314"><ele>891</ele></trkpt>
    <trkpt lat="38.651333" lon="-0.414718"><ele>892.7</ele></trkpt>
    <trkpt lat="38.651283" lon="-0.414866"><ele>893.3</ele></trkpt>
    <trkpt lat="38.651061" lon="-0.415334"><ele>895.7</ele></trkpt>
    <trkpt lat="38.650856" lon="-0.415697"><ele>897.6</ele></trkpt>
    <trkpt lat="38.650169" lon="-0.416523"><ele>903.8</ele></trkpt>
    <trkpt lat="38.64963" lon="-0.417065"><ele>910.3</ele></trkpt>
    <trkpt lat="38.649472" lon="-0.417157"><ele>912</ele></trkpt>
    <trkpt lat="38.64939" lon="-0.417116"><ele>912.9</ele></trkpt>
    <trkpt lat="38.64934" lon="-0.41703"><ele>913.7</ele></trkpt>
    <trkpt lat="38.649343" lon="-0.416953"><ele>914.3</ele></trkpt>
    <trkpt lat="38.650023" lon="-0.41457"><ele>930.8</ele></trkpt>
    <trkpt lat="38.650107" lon="-0.414067"><ele>932.8</ele></trkpt>
    <trkpt lat="38.650421" lon="-0.413239"><ele>936.2</ele></trkpt>
    <trkpt lat="38.650524" lon="-0.412856"><ele>937.9</ele></trkpt>
    <trkpt lat="38.650532" lon="-0.412449"><ele>939.8</ele></trkpt>
    <trkpt lat="38.650499" lon="-0.41203"><ele>942.1</ele></trkpt>
    <trkpt lat="38.650435" lon="-0.411868"><ele>943.3</ele></trkpt>
    <trkpt lat="38.650071" lon="-0.41158"><ele>946.9</ele></trkpt>
    <trkpt lat="38.649996" lon="-0.411424"><ele>948</ele></trkpt>
    <trkpt lat="38.649935" lon="-0.411183"><ele>949.4</ele></trkpt>
    <trkpt lat="38.649901" lon="-0.410979"><ele>950.2</ele></trkpt>
    <trkpt lat="38.649901" lon="-0.410614"><ele>951.1</ele></trkpt>
    <trkpt lat="38.649944" lon="-0.410405"><ele>951.3</ele></trkpt>
    <trkpt lat="38.649971" lon="-0.41033"><ele>951.3</ele></trkpt>
    <trkpt lat="38.650054" lon="-0.410225"><ele>951.4</ele></trkpt>
    <trkpt lat="38.650203" lon="-0.410086"><ele>951.2</ele></trkpt>
    <trkpt lat="38.650454" lon="-0.409895"><ele>950.7</ele></trkpt>
    <trkpt lat="38.650854" lon="-0.409646"><ele>949.1</ele></trkpt>
    <trkpt lat="38.651093" lon="-0.409372"><ele>947.9</ele></trkpt>
    <trkpt lat="38.651267" lon="-0.408948"><ele>947.2</ele></trkpt>
    <trkpt lat="38.65133" lon="-0.408672"><ele>947.2</ele></trkpt>
    <trkpt lat="38.651307" lon="-0.408401"><ele>947.5</ele></trkpt>
    <trkpt lat="38.651261" lon="-0.408262"><ele>947.8</ele></trkpt>
    <trkpt lat="38.651139" lon="-0.408045"><ele>948.4</ele></trkpt>
    <trkpt lat="38.651022" lon="-0.407986"><ele>948.8</ele></trkpt>
    <trkpt lat="38.65075" lon="-0.407975"><ele>950.1</ele></trkpt>
    <trkpt lat="38.650597" lon="-0.4079"><ele>951</ele></trkpt>
    <trkpt lat="38.650479" lon="-0.407768"><ele>952.2</ele></trkpt>
    <trkpt lat="38.650274" lon="-0.407425"><ele>955</ele></trkpt>
    <trkpt lat="38.65018" lon="-0.407315"><ele>956</ele></trkpt>
    <trkpt lat="38.650086" lon="-0.407259"><ele>956.9</ele></trkpt>
    <trkpt lat="38.64987" lon="-0.407243"><ele>958.5</ele></trkpt>
    <trkpt lat="38.649526" lon="-0.407379"><ele>960.8</ele></trkpt>
    <trkpt lat="38.649331" lon="-0.407425"><ele>961.7</ele></trkpt>
    <trkpt lat="38.649212" lon="-0.407414"><ele>962.2</ele></trkpt>
    <trkpt lat="38.649137" lon="-0.407374"><ele>962.6</ele></trkpt>
    <trkpt lat="38.649063" lon="-0.407293"><ele>963</ele></trkpt>
    <trkpt lat="38.64898" lon="-0.407031"><ele>963.9</ele></trkpt>
    <trkpt lat="38.648768" lon="-0.406607"><ele>965.5</ele></trkpt>
    <trkpt lat="38.648609" lon="-0.406483"><ele>966.2</ele></trkpt>
    <trkpt lat="38.648343" lon="-0.406438"><ele>967.2</ele></trkpt>
    <trkpt lat="38.648154" lon="-0.406478"><ele>968.1</ele></trkpt>
    <trkpt lat="38.64793" lon="-0.40658"><ele>969.6</ele></trkpt>
    <trkpt lat="38.647574" lon="-0.406824"><ele>973</ele></trkpt>
    <trkpt lat="38.647396" lon="-0.406883"><ele>974.8</ele></trkpt>
    <trkpt lat="38.646674" lon="-0.406913"><ele>982.4</ele></trkpt>
    <trkpt lat="38.645983" lon="-0.406624"><ele>989.3</ele></trkpt>
    <trkpt lat="38.645898" lon="-0.406612"><ele>990</ele></trkpt>
    <trkpt lat="38.645649" lon="-0.406653"><ele>992.2</ele></trkpt>
    <trkpt lat="38.645475" lon="-0.406617"><ele>993.6</ele></trkpt>
    <trkpt lat="38.64532" lon="-0.4065"><ele>994.9</ele></trkpt>
    <trkpt lat="38.645065" lon="-0.406191"><ele>997.4</ele></trkpt>
    <trkpt lat="38.644905" lon="-0.406062"><ele>998.6</ele></trkpt>
    <trkpt lat="38.644136" lon="-0.405832"><ele>1002.8</ele></trkpt>
    <trkpt lat="38.643482" lon="-0.405438"><ele>1005.3</ele></trkpt>
    <trkpt lat="38.64319" lon="-0.405275"><ele>1006.1</ele></trkpt>
    <trkpt lat="38.643013" lon="-0.405094"><ele>1006.7</ele></trkpt>
    <trkpt lat="38.642905" lon="-0.404897"><ele>1007.1</ele></trkpt>
    <trkpt lat="38.642743" lon="-0.404412"><ele>1008.3</ele></trkpt>
    <trkpt lat="38.642647" lon="-0.404191"><ele>1008.9</ele></trkpt>
    <trkpt lat="38.64245" lon="-0.403995"><ele>1009.5</ele></trkpt>
    <trkpt lat="38.642226" lon="-0.40389"><ele>1010.2</ele></trkpt>
    <trkpt lat="38.642087" lon="-0.403881"><ele>1010.6</ele></trkpt>
    <trkpt lat="38.641549" lon="-0.403968"><ele>1012.1</ele></trkpt>
    <trkpt lat="38.641518" lon="-0.403961"><ele>1012.2</ele></trkpt>
    <trkpt lat="38.641331" lon="-0.403916"><ele>1012.6</ele></trkpt>
    <trkpt lat="38.640412" lon="-0.403697"><ele>1011.8</ele></trkpt>
    <trkpt lat="38.640256" lon="-0.403693"><ele>1011.1</ele></trkpt>
    <trkpt lat="38.640064" lon="-0.403748"><ele>1010.1</ele></trkpt>
    <trkpt lat="38.639985" lon="-0.403809"><ele>1009.6</ele></trkpt>
    <trkpt lat="38.639678" lon="-0.404176"><ele>1007</ele></trkpt>
    <trkpt lat="38.639197" lon="-0.40463"><ele>1003.5</ele></trkpt>
    <trkpt lat="38.639091" lon="-0.404758"><ele>1002.7</ele></trkpt>
    <trkpt lat="38.638726" lon="-0.405317"><ele>1000.4</ele></trkpt>
    <trkpt lat="38.638491" lon="-0.405557"><ele>999.5</ele></trkpt>
    <trkpt lat="38.638299" lon="-0.405684"><ele>998.9</ele></trkpt>
    <trkpt lat="38.638142" lon="-0.405735"><ele>998.5</ele></trkpt>
    <trkpt lat="38.637346" lon="-0.405816"><ele>995.7</ele></trkpt>
    <trkpt lat="38.637136" lon="-0.405861"><ele>994.7</ele></trkpt>
    <trkpt lat="38.63698" lon="-0.405957"><ele>993.8</ele></trkpt>
    <trkpt lat="38.636684" lon="-0.406324"><ele>991.8</ele></trkpt>
    <trkpt lat="38.636421" lon="-0.406537"><ele>990.2</ele></trkpt>
    <trkpt lat="38.635585" lon="-0.40683"><ele>986.4</ele></trkpt>
    <trkpt lat="38.635431" lon="-0.406907"><ele>985.6</ele></trkpt>
    <trkpt lat="38.635241" lon="-0.407052"><ele>984.5</ele></trkpt>
    <trkpt lat="38.635043" lon="-0.407257"><ele>983</ele></trkpt>
    <trkpt lat="38.634957" lon="-0.407457"><ele>981.9</ele></trkpt>
    <trkpt lat="38.634841" lon="-0.407882"><ele>979.6</ele></trkpt>
    <trkpt lat="38.6347" lon="-0.408332"><ele>977.1</ele></trkpt>
    <trkpt lat="38.634523" lon="-0.408777"><ele>975</ele></trkpt>
    <trkpt lat="38.63447" lon="-0.409042"><ele>974</ele></trkpt>
    <trkpt lat="38.6345" lon="-0.409542"><ele>972.7</ele></trkpt>
    <trkpt lat="38.63456" lon="-0.409983"><ele>971.7</ele></trkpt>
    <trkpt lat="38.634646" lon="-0.410323"><ele>970.8</ele></trkpt>
    <trkpt lat="38.634652" lon="-0.410567"><ele>970.1</ele></trkpt>
    <trkpt lat="38.634607" lon="-0.410698"><ele>969.7</ele></trkpt>
    <trkpt lat="38.634487" lon="-0.41085"><ele>969</ele></trkpt>
    <trkpt lat="38.634391" lon="-0.410878"><ele>968.6</ele></trkpt>
    <trkpt lat="38.634242" lon="-0.410839"><ele>967.8</ele></trkpt>
    <trkpt lat="38.63402" lon="-0.410684"><ele>966.2</ele></trkpt>
    <trkpt lat="38.633804" lon="-0.410628"><ele>964.6</ele></trkpt>
    <trkpt lat="38.633671" lon="-0.410631"><ele>963.6</ele></trkpt>
    <trkpt lat="38.632825" lon="-0.410857"><ele>957.5</ele></trkpt>
    <trkpt lat="38.632552" lon="-0.410943"><ele>956.1</ele></trkpt>
    <trkpt lat="38.63212" lon="-0.411157"><ele>954.1</ele></trkpt>
    <trkpt lat="38.631918" lon="-0.411284"><ele>953.1</ele></trkpt>
    <trkpt lat="38.631813" lon="-0.411386"><ele>952.6</ele></trkpt>
    <trkpt lat="38.6317" lon="-0.411552"><ele>951.9</ele></trkpt>
    <trkpt lat="38.631615" lon="-0.411729"><ele>951.1</ele></trkpt>
    <trkpt lat="38.631394" lon="-0.412434"><ele>947.2</ele></trkpt>
    <trkpt lat="38.63126" lon="-0.412744"><ele>944.9</ele></trkpt>
    <trkpt lat="38.631026" lon="-0.41311"><ele>941.7</ele></trkpt>
    <trkpt lat="38.63074" lon="-0.413448"><ele>938.3</ele></trkpt>
    <trkpt lat="38.630344" lon="-0.413727"><ele>934.5</ele></trkpt>
    <trkpt lat="38.630061" lon="-0.413838"><ele>932.3</ele></trkpt>
    <trkpt lat="38.629956" lon="-0.413869"><ele>931.5</ele></trkpt>
    <trkpt lat="38.629732" lon="-0.413902"><ele>929.8</ele></trkpt>
    <trkpt lat="38.629168" lon="-0.413891"><ele>925.3</ele></trkpt>
    <trkpt lat="38.628797" lon="-0.413854"><ele>922.1</ele></trkpt>
    <trkpt lat="38.627781" lon="-0.413698"><ele>912</ele></trkpt>
    <trkpt lat="38.627077" lon="-0.413679"><ele>905.1</ele></trkpt>
    <trkpt lat="38.626836" lon="-0.413698"><ele>902.9</ele></trkpt>
    <trkpt lat="38.625393" lon="-0.413981"><ele>891.3</ele></trkpt>
    <trkpt lat="38.625143" lon="-0.414075"><ele>889.3</ele></trkpt>
    <trkpt lat="38.624424" lon="-0.414558"><ele>883.5</ele></trkpt>
    <trkpt lat="38.624127" lon="-0.414808"><ele>881</ele></trkpt>
    <trkpt lat="38.623355" lon="-0.415544"><ele>874.2</ele></trkpt>
    <trkpt lat="38.622913" lon="-0.415867"><ele>870.7</ele></trkpt>
    <trkpt lat="38.622498" lon="-0.416099"><ele>867.6</ele></trkpt>
    <trkpt lat="38.622024" lon="-0.416316"><ele>864.3</ele></trkpt>
    <trkpt lat="38.621529" lon="-0.416598"><ele>860.8</ele></trkpt>
    <trkpt lat="38.620963" lon="-0.417057"><ele>856.6</ele></trkpt>
    <trkpt lat="38.62045" lon="-0.41762"><ele>853</ele></trkpt>
    <trkpt lat="38.61998" lon="-0.418213"><ele>850.1</ele></trkpt>
    <trkpt lat="38.619733" lon="-0.418446"><ele>848.9</ele></trkpt>
    <trkpt lat="38.618838" lon="-0.418781"><ele>845.3</ele></trkpt>
    <trkpt lat="38.618509" lon="-0.418832"><ele>843.7</ele></trkpt>
    <trkpt lat="38.618152" lon="-0.418794"><ele>841.7</ele></trkpt>
    <trkpt lat="38.615412" lon="-0.418152"><ele>821.5</ele></trkpt>
    <trkpt lat="38.615086" lon="-0.418138"><ele>819.4</ele></trkpt>
    <trkpt lat="38.614813" lon="-0.418199"><ele>817.8</ele></trkpt>
    <trkpt lat="38.614549" lon="-0.418356"><ele>816.2</ele></trkpt>
    <trkpt lat="38.614331" lon="-0.418567"><ele>814.9</ele></trkpt>
    <trkpt lat="38.613395" lon="-0.420033"><ele>807.8</ele></trkpt>
    <trkpt lat="38.613295" lon="-0.419999"><ele>807.1</ele></trkpt>
    <trkpt lat="38.612045" lon="-0.419828"><ele>798</ele></trkpt>
    <trkpt lat="38.611885" lon="-0.419783"><ele>796.8</ele></trkpt>
    <trkpt lat="38.611825" lon="-0.419765"><ele>796.3</ele></trkpt>
    <trkpt lat="38.611551" lon="-0.419645"><ele>794.7</ele></trkpt>
    <trkpt lat="38.611299" lon="-0.41953"><ele>793.7</ele></trkpt>
    <trkpt lat="38.610823" lon="-0.419285"><ele>793.5</ele></trkpt>
    <trkpt lat="38.610709" lon="-0.419223"><ele>793.7</ele></trkpt>
    <trkpt lat="38.610658" lon="-0.419249"><ele>793.7</ele></trkpt>
    <trkpt lat="38.61062" lon="-0.419193"><ele>793.8</ele></trkpt>
    <trkpt lat="38.61064" lon="-0.419137"><ele>793.9</ele></trkpt>
    <trkpt lat="38.610691" lon="-0.419132"><ele>794</ele></trkpt>
    <trkpt lat="38.611007" lon="-0.418505"><ele>796</ele></trkpt>
    <trkpt lat="38.611401" lon="-0.417861"><ele>799.5</ele></trkpt>
    <trkpt lat="38.611407" lon="-0.41785"><ele>799.6</ele></trkpt>
    <trkpt lat="38.611539" lon="-0.417556"><ele>801</ele></trkpt>
    <trkpt lat="38.611685" lon="-0.416424"><ele>805.1</ele></trkpt>
    <trkpt lat="38.611713" lon="-0.415957"><ele>806.1</ele></trkpt>
    <trkpt lat="38.611686" lon="-0.415747"><ele>806.4</ele></trkpt>
    <trkpt lat="38.611643" lon="-0.415651"><ele>806.6</ele></trkpt>
    <trkpt lat="38.611547" lon="-0.415571"><ele>806.7</ele></trkpt>
    <trkpt lat="38.611407" lon="-0.415547"><ele>806.8</ele></trkpt>
    <trkpt lat="38.611218" lon="-0.415544"><ele>806.8</ele></trkpt>
    <trkpt lat="38.611116" lon="-0.415583"><ele>806.7</ele></trkpt>
    <trkpt lat="38.610811" lon="-0.415737"><ele>806.2</ele></trkpt>
    <trkpt lat="38.609777" lon="-0.416517"><ele>802.5</ele></trkpt>
    <trkpt lat="38.609464" lon="-0.416684"><ele>801.5</ele></trkpt>
    <trkpt lat="38.607714" lon="-0.417398"><ele>793.8</ele></trkpt>
    <trkpt lat="38.607275" lon="-0.417588"><ele>790.5</ele></trkpt>
    <trkpt lat="38.607009" lon="-0.417626"><ele>788.3</ele></trkpt>
    <trkpt lat="38.606704" lon="-0.417615"><ele>785.5</ele></trkpt>
    <trkpt lat="38.605325" lon="-0.417485"><ele>772.2</ele></trkpt>
    <trkpt lat="38.604601" lon="-0.41728"><ele>766.6</ele></trkpt>
    <trkpt lat="38.604388" lon="-0.417268"><ele>764.9</ele></trkpt>
    <trkpt lat="38.603633" lon="-0.417463"><ele>757.9</ele></trkpt>
    <trkpt lat="38.603489" lon="-0.417463"><ele>757</ele></trkpt>
    <trkpt lat="38.603402" lon="-0.417435"><ele>756.4</ele></trkpt>
    <trkpt lat="38.603248" lon="-0.417277"><ele>755.2</ele></trkpt>
    <trkpt lat="38.603189" lon="-0.417249"><ele>754.8</ele></trkpt>
    <trkpt lat="38.60323" lon="-0.417009"><ele>753.9</ele></trkpt>
    <trkpt lat="38.603339" lon="-0.416417"><ele>752</ele></trkpt>
    <trkpt lat="38.603347" lon="-0.416265"><ele>751.7</ele></trkpt>
    <trkpt lat="38.603323" lon="-0.416109"><ele>751.5</ele></trkpt>
    <trkpt lat="38.603075" lon="-0.41522"><ele>753.8</ele></trkpt>
    <trkpt lat="38.603041" lon="-0.414951"><ele>754.7</ele></trkpt>
    <trkpt lat="38.603055" lon="-0.414176"><ele>757.4</ele></trkpt>
    <trkpt lat="38.602987" lon="-0.41394"><ele>758.4</ele></trkpt>
    <trkpt lat="38.602853" lon="-0.413736"><ele>759.4</ele></trkpt>
    <trkpt lat="38.60261" lon="-0.413586"><ele>760.8</ele></trkpt>
    <trkpt lat="38.602064" lon="-0.41343"><ele>763.4</ele></trkpt>
    <trkpt lat="38.601656" lon="-0.413313"><ele>765.2</ele></trkpt>
    <trkpt lat="38.600462" lon="-0.41294"><ele>768.5</ele></trkpt>
    <trkpt lat="38.600288" lon="-0.412921"><ele>768.8</ele></trkpt>
    <trkpt lat="38.599913" lon="-0.413019"><ele>769.6</ele></trkpt>
    <trkpt lat="38.59981" lon="-0.413017"><ele>769.9</ele></trkpt>
    <trkpt lat="38.599751" lon="-0.412953"><ele>770.1</ele></trkpt>
    <trkpt lat="38.599709" lon="-0.412792"><ele>770.5</ele></trkpt>
    <trkpt lat="38.599722" lon="-0.412573"><ele>771</ele></trkpt>
    <trkpt lat="38.599863" lon="-0.41204"><ele>772.7</ele></trkpt>
    <trkpt lat="38.599902" lon="-0.411784"><ele>773.7</ele></trkpt>
    <trkpt lat="38.599894" lon="-0.410453"><ele>780.9</ele></trkpt>
    <trkpt lat="38.599915" lon="-0.410137"><ele>782.9</ele></trkpt>
    <trkpt lat="38.599991" lon="-0.409772"><ele>785.3</ele></trkpt>
    <trkpt lat="38.600247" lon="-0.409089"><ele>790.2</ele></trkpt>
    <trkpt lat="38.600983" lon="-0.407717"><ele>801.1</ele></trkpt>
    <trkpt lat="38.601193" lon="-0.407481"><ele>803.3</ele></trkpt>
    <trkpt lat="38.601439" lon="-0.407043"><ele>806.6</ele></trkpt>
    <trkpt lat="38.601545" lon="-0.406698"><ele>808.8</ele></trkpt>
    <trkpt lat="38.601522" lon="-0.406328"><ele>810.9</ele></trkpt>
    <trkpt lat="38.601243" lon="-0.405171"><ele>817</ele></trkpt>
    <trkpt lat="38.601213" lon="-0.404962"><ele>818</ele></trkpt>
    <trkpt lat="38.601236" lon="-0.404676"><ele>819.4</ele></trkpt>
    <trkpt lat="38.601365" lon="-0.404279"><ele>821.5</ele></trkpt>
    <trkpt lat="38.601715" lon="-0.403471"><ele>826.3</ele></trkpt>
    <trkpt lat="38.601822" lon="-0.403008"><ele>829</ele></trkpt>
    <trkpt lat="38.60185" lon="-0.402709"><ele>830.7</ele></trkpt>
    <trkpt lat="38.601791" lon="-0.402522"><ele>831.9</ele></trkpt>
    <trkpt lat="38.601428" lon="-0.402117"><ele>835.8</ele></trkpt>
    <trkpt lat="38.601197" lon="-0.401434"><ele>840.9</ele></trkpt>
    <trkpt lat="38.60068" lon="-0.400255"><ele>852</ele></trkpt>
    <trkpt lat="38.600344" lon="-0.399734"><ele>857.3</ele></trkpt>
    <trkpt lat="38.600144" lon="-0.399377"><ele>859.9</ele></trkpt>
    <trkpt lat="38.599959" lon="-0.398994"><ele>862</ele></trkpt>
    <trkpt lat="38.599925" lon="-0.39886"><ele>862.6</ele></trkpt>
    <trkpt lat="38.599919" lon="-0.398641"><ele>863.4</ele></trkpt>
    <trkpt lat="38.600025" lon="-0.397598"><ele>865.7</ele></trkpt>
    <trkpt lat="38.600428" lon="-0.395859"><ele>871.9</ele></trkpt>
    <trkpt lat="38.600558" lon="-0.395413"><ele>874.1</ele></trkpt>
    <trkpt lat="38.600691" lon="-0.395148"><ele>875.6</ele></trkpt>
    <trkpt lat="38.600974" lon="-0.39477"><ele>878.1</ele></trkpt>
    <trkpt lat="38.60164" lon="-0.394003"><ele>883.3</ele></trkpt>
    <trkpt lat="38.602052" lon="-0.393263"><ele>886.4</ele></trkpt>
    <trkpt lat="38.602124" lon="-0.393083"><ele>886.9</ele></trkpt>
    <trkpt lat="38.602141" lon="-0.392913"><ele>887.2</ele></trkpt>
    <trkpt lat="38.602072" lon="-0.392409"><ele>887.9</ele></trkpt>
    <trkpt lat="38.602024" lon="-0.39194"><ele>888</ele></trkpt>
    <trkpt lat="38.601944" lon="-0.389969"><ele>884.7</ele></trkpt>
    <trkpt lat="38.601948" lon="-0.389639"><ele>883.8</ele></trkpt>
    <trkpt lat="38.602119" lon="-0.38814"><ele>876.9</ele></trkpt>
    <trkpt lat="38.602185" lon="-0.387849"><ele>875.1</ele></trkpt>
    <trkpt lat="38.602496" lon="-0.38689"><ele>869.3</ele></trkpt>
    <trkpt lat="38.603069" lon="-0.384974"><ele>859.3</ele></trkpt>
    <trkpt lat="38.603266" lon="-0.384028"><ele>854.4</ele></trkpt>
    <trkpt lat="38.603986" lon="-0.381328"><ele>841.6</ele></trkpt>
    <trkpt lat="38.604136" lon="-0.380595"><ele>838</ele></trkpt>
    <trkpt lat="38.60417" lon="-0.379951"><ele>834.8</ele></trkpt>
    <trkpt lat="38.604238" lon="-0.379609"><ele>833.1</ele></trkpt>
    <trkpt lat="38.604498" lon="-0.378944"><ele>829.6</ele></trkpt>
    <trkpt lat="38.604829" lon="-0.377787"><ele>824.5</ele></trkpt>
    <trkpt lat="38.605022" lon="-0.377335"><ele>822.4</ele></trkpt>
    <trkpt lat="38.605216" lon="-0.376532"><ele>818.4</ele></trkpt>
    <trkpt lat="38.605285" lon="-0.376368"><ele>817.3</ele></trkpt>
    <trkpt lat="38.605721" lon="-0.375778"><ele>812.3</ele></trkpt>
    <trkpt lat="38.605853" lon="-0.375678"><ele>811.1</ele></trkpt>
    <trkpt lat="38.605992" lon="-0.375662"><ele>810.2</ele></trkpt>
    <trkpt lat="38.606092" lon="-0.375684"><ele>809.5</ele></trkpt>
    <trkpt lat="38.606207" lon="-0.375756"><ele>808.8</ele></trkpt>
    <trkpt lat="38.606442" lon="-0.376057"><ele>807.2</ele></trkpt>
    <trkpt lat="38.606512" lon="-0.37609"><ele>807</ele></trkpt>
    <trkpt lat="38.606593" lon="-0.376067"><ele>806.7</ele></trkpt>
    <trkpt lat="38.606712" lon="-0.375928"><ele>806.2</ele></trkpt>
    <trkpt lat="38.607022" lon="-0.375174"><ele>805.9</ele></trkpt>
    <trkpt lat="38.607056" lon="-0.374952"><ele>806</ele></trkpt>
    <trkpt lat="38.607044" lon="-0.374778"><ele>806.2</ele></trkpt>
    <trkpt lat="38.606898" lon="-0.374244"><ele>806.6</ele></trkpt>
    <trkpt lat="38.606896" lon="-0.374082"><ele>806.6</ele></trkpt>
    <trkpt lat="38.606967" lon="-0.373883"><ele>806.4</ele></trkpt>
    <trkpt lat="38.607255" lon="-0.373493"><ele>805.6</ele></trkpt>
    <trkpt lat="38.607388" lon="-0.37289"><ele>804.3</ele></trkpt>
    <trkpt lat="38.607583" lon="-0.372392"><ele>803.5</ele></trkpt>
    <trkpt lat="38.607599" lon="-0.372205"><ele>803.3</ele></trkpt>
    <trkpt lat="38.607551" lon="-0.372089"><ele>803.1</ele></trkpt>
    <trkpt lat="38.607171" lon="-0.371647"><ele>802.6</ele></trkpt>
    <trkpt lat="38.607116" lon="-0.371503"><ele>802.4</ele></trkpt>
    <trkpt lat="38.607101" lon="-0.371347"><ele>802.3</ele></trkpt>
    <trkpt lat="38.607139" lon="-0.371186"><ele>802.2</ele></trkpt>
    <trkpt lat="38.607213" lon="-0.371057"><ele>802.2</ele></trkpt>
    <trkpt lat="38.607373" lon="-0.370892"><ele>802.3</ele></trkpt>
    <trkpt lat="38.607428" lon="-0.370781"><ele>802.3</ele></trkpt>
    <trkpt lat="38.607456" lon="-0.37067"><ele>802.2</ele></trkpt>
    <trkpt lat="38.607476" lon="-0.370204"><ele>801.5</ele></trkpt>
    <trkpt lat="38.607507" lon="-0.370046"><ele>801.1</ele></trkpt>
    <trkpt lat="38.607691" lon="-0.369716"><ele>800</ele></trkpt>
    <trkpt lat="38.607787" lon="-0.369308"><ele>798.7</ele></trkpt>
    <trkpt lat="38.60787" lon="-0.369176"><ele>798.2</ele></trkpt>
    <trkpt lat="38.607951" lon="-0.369137"><ele>797.8</ele></trkpt>
    <trkpt lat="38.608274" lon="-0.369126"><ele>796.6</ele></trkpt>
    <trkpt lat="38.608387" lon="-0.369094"><ele>796.1</ele></trkpt>
    <trkpt lat="38.60852" lon="-0.368982"><ele>795.4</ele></trkpt>
    <trkpt lat="38.608978" lon="-0.368394"><ele>792.5</ele></trkpt>
    <trkpt lat="38.609068" lon="-0.368246"><ele>792</ele></trkpt>
    <trkpt lat="38.609099" lon="-0.368139"><ele>791.7</ele></trkpt>
    <trkpt lat="38.609109" lon="-0.368081"><ele>791.5</ele></trkpt>
    <trkpt lat="38.609068" lon="-0.367861"><ele>790.9</ele></trkpt>
    <trkpt lat="38.608998" lon="-0.367724"><ele>790.5</ele></trkpt>
    <trkpt lat="38.608736" lon="-0.367349"><ele>789</ele></trkpt>
    <trkpt lat="38.608671" lon="-0.367081"><ele>788</ele></trkpt>
    <trkpt lat="38.608691" lon="-0.36652"><ele>786</ele></trkpt>
    <trkpt lat="38.608743" lon="-0.366171"><ele>784.6</ele></trkpt>
    <trkpt lat="38.608994" lon="-0.365682"><ele>781.8</ele></trkpt>
    <trkpt lat="38.609068" lon="-0.365469"><ele>780.5</ele></trkpt>
    <trkpt lat="38.609223" lon="-0.364704"><ele>775.6</ele></trkpt>
    <trkpt lat="38.609303" lon="-0.364475"><ele>773.8</ele></trkpt>
    <trkpt lat="38.609425" lon="-0.36426"><ele>771.9</ele></trkpt>
    <trkpt lat="38.609646" lon="-0.363994"><ele>769</ele></trkpt>
    <trkpt lat="38.610149" lon="-0.363538"><ele>762.6</ele></trkpt>
    <trkpt lat="38.610379" lon="-0.363287"><ele>759.3</ele></trkpt>
    <trkpt lat="38.610885" lon="-0.362463"><ele>750.2</ele></trkpt>
    <trkpt lat="38.611111" lon="-0.36197"><ele>745.1</ele></trkpt>
    <trkpt lat="38.611324" lon="-0.360988"><ele>735.7</ele></trkpt>
    <trkpt lat="38.611347" lon="-0.36089"><ele>734.7</ele></trkpt>
    <trkpt lat="38.611679" lon="-0.359306"><ele>718.5</ele></trkpt>
    <trkpt lat="38.61194" lon="-0.358516"><ele>710.6</ele></trkpt>
    <trkpt lat="38.612178" lon="-0.358015"><ele>705.9</ele></trkpt>
    <trkpt lat="38.612535" lon="-0.35744"><ele>701</ele></trkpt>
    <trkpt lat="38.613156" lon="-0.356648"><ele>693.7</ele></trkpt>
    <trkpt lat="38.613352" lon="-0.356324"><ele>690.3</ele></trkpt>
    <trkpt lat="38.613454" lon="-0.356078"><ele>687.6</ele></trkpt>
    <trkpt lat="38.613537" lon="-0.355789"><ele>684.2</ele></trkpt>
    <trkpt lat="38.613588" lon="-0.355511"><ele>680.9</ele></trkpt>
    <trkpt lat="38.613608" lon="-0.354956"><ele>674</ele></trkpt>
    <trkpt lat="38.61363" lon="-0.354401"><ele>667.1</ele></trkpt>
    <trkpt lat="38.613664" lon="-0.354177"><ele>664.4</ele></trkpt>
    <trkpt lat="38.61428" lon="-0.352594"><ele>645.7</ele></trkpt>
    <trkpt lat="38.614303" lon="-0.352447"><ele>644.5</ele></trkpt>
    <trkpt lat="38.614291" lon="-0.352337"><ele>643.6</ele></trkpt>
    <trkpt lat="38.614205" lon="-0.352155"><ele>642.1</ele></trkpt>
    <trkpt lat="38.614099" lon="-0.352063"><ele>641</ele></trkpt>
    <trkpt lat="38.613946" lon="-0.352051"><ele>639.8</ele></trkpt>
    <trkpt lat="38.613811" lon="-0.352153"><ele>638.8</ele></trkpt>
    <trkpt lat="38.613651" lon="-0.352346"><ele>637.8</ele></trkpt>
    <trkpt lat="38.613259" lon="-0.352994"><ele>636.8</ele></trkpt>
    <trkpt lat="38.613055" lon="-0.353272"><ele>637.3</ele></trkpt>
    <trkpt lat="38.612808" lon="-0.353538"><ele>637.3</ele></trkpt>
    <trkpt lat="38.612684" lon="-0.353613"><ele>637.1</ele></trkpt>
    <trkpt lat="38.612588" lon="-0.353629"><ele>636.9</ele></trkpt>
    <trkpt lat="38.612522" lon="-0.353582"><ele>636.6</ele></trkpt>
    <trkpt lat="38.612489" lon="-0.353473"><ele>636.3</ele></trkpt>
    <trkpt lat="38.612565" lon="-0.353099"><ele>634.8</ele></trkpt>
    <trkpt lat="38.612669" lon="-0.35207"><ele>627.5</ele></trkpt>
    <trkpt lat="38.612714" lon="-0.351694"><ele>624</ele></trkpt>
    <trkpt lat="38.612811" lon="-0.351175"><ele>619.8</ele></trkpt>
    <trkpt lat="38.612822" lon="-0.350693"><ele>616</ele></trkpt>
    <trkpt lat="38.612792" lon="-0.350467"><ele>613.9</ele></trkpt>
    <trkpt lat="38.612743" lon="-0.350347"><ele>612.5</ele></trkpt>
    <trkpt lat="38.61243" lon="-0.349932"><ele>607.2</ele></trkpt>
    <trkpt lat="38.612358" lon="-0.349683"><ele>605.2</ele></trkpt>
    <trkpt lat="38.612407" lon="-0.34917"><ele>602</ele></trkpt>
    <trkpt lat="38.612385" lon="-0.349023"><ele>601.2</ele></trkpt>
    <trkpt lat="38.612316" lon="-0.348826"><ele>600.4</ele></trkpt>
    <trkpt lat="38.612067" lon="-0.348344"><ele>598.2</ele></trkpt>
    <trkpt lat="38.611832" lon="-0.348054"><ele>597.3</ele></trkpt>
    <trkpt lat="38.611671" lon="-0.347894"><ele>597.2</ele></trkpt>
    <trkpt lat="38.611466" lon="-0.347781"><ele>597</ele></trkpt>
    <trkpt lat="38.611201" lon="-0.347766"><ele>596.2</ele></trkpt>
    <trkpt lat="38.611007" lon="-0.347834"><ele>595.4</ele></trkpt>
    <trkpt lat="38.610878" lon="-0.347907"><ele>594.6</ele></trkpt>
    <trkpt lat="38.610546" lon="-0.348219"><ele>591.8</ele></trkpt>
    <trkpt lat="38.610263" lon="-0.348344"><ele>589.3</ele></trkpt>
    <trkpt lat="38.610019" lon="-0.348374"><ele>587.5</ele></trkpt>
    <trkpt lat="38.609938" lon="-0.348333"><ele>587</ele></trkpt>
    <trkpt lat="38.609881" lon="-0.348251"><ele>586.5</ele></trkpt>
    <trkpt lat="38.60987" lon="-0.348154"><ele>586</ele></trkpt>
    <trkpt lat="38.610165" lon="-0.34714"><ele>583.9</ele></trkpt>
    <trkpt lat="38.610194" lon="-0.346945"><ele>584</ele></trkpt>
    <trkpt lat="38.610183" lon="-0.34664"><ele>584.3</ele></trkpt>
    <trkpt lat="38.610228" lon="-0.346115"><ele>585.2</ele></trkpt>
    <trkpt lat="38.610192" lon="-0.345669"><ele>586.4</ele></trkpt>
    <trkpt lat="38.6102" lon="-0.345363"><ele>587.2</ele></trkpt>
    <trkpt lat="38.610298" lon="-0.344825"><ele>589.2</ele></trkpt>
    <trkpt lat="38.610323" lon="-0.344535"><ele>590.2</ele></trkpt>
    <trkpt lat="38.61046" lon="-0.344115"><ele>591.8</ele></trkpt>
    <trkpt lat="38.610449" lon="-0.343623"><ele>593.1</ele></trkpt>
    <trkpt lat="38.61064" lon="-0.343019"><ele>593.8</ele></trkpt>
    <trkpt lat="38.610628" lon="-0.342895"><ele>593.8</ele></trkpt>
    <trkpt lat="38.610561" lon="-0.342794"><ele>593.7</ele></trkpt>
    <trkpt lat="38.610308" lon="-0.34261"><ele>593</ele></trkpt>
    <trkpt lat="38.6102" lon="-0.342402"><ele>592.1</ele></trkpt>
    <trkpt lat="38.610161" lon="-0.342274"><ele>591.4</ele></trkpt>
    <trkpt lat="38.61015" lon="-0.342139"><ele>590.6</ele></trkpt>
    <trkpt lat="38.6102" lon="-0.34185"><ele>588.7</ele></trkpt>
    <trkpt lat="38.610192" lon="-0.341734"><ele>587.9</ele></trkpt>
    <trkpt lat="38.610147" lon="-0.341629"><ele>587</ele></trkpt>
    <trkpt lat="38.610038" lon="-0.341564"><ele>585.8</ele></trkpt>
    <trkpt lat="38.609831" lon="-0.341549"><ele>583.6</ele></trkpt>
    <trkpt lat="38.609413" lon="-0.341576"><ele>579.1</ele></trkpt>
    <trkpt lat="38.60933" lon="-0.34153"><ele>578.1</ele></trkpt>
    <trkpt lat="38.60927" lon="-0.341447"><ele>577.2</ele></trkpt>
    <trkpt lat="38.609128" lon="-0.340855"><ele>572</ele></trkpt>
    <trkpt lat="38.60895" lon="-0.340514"><ele>568.9</ele></trkpt>
    <trkpt lat="38.608881" lon="-0.340276"><ele>567.2</ele></trkpt>
    <trkpt lat="38.608848" lon="-0.3399"><ele>565.1</ele></trkpt>
    <trkpt lat="38.608867" lon="-0.339658"><ele>563.9</ele></trkpt>
    <trkpt lat="38.608922" lon="-0.339467"><ele>563</ele></trkpt>
    <trkpt lat="38.609441" lon="-0.338519"><ele>557.3</ele></trkpt>
    <trkpt lat="38.609479" lon="-0.338363"><ele>556.5</ele></trkpt>
    <trkpt lat="38.609457" lon="-0.338255"><ele>556</ele></trkpt>
    <trkpt lat="38.609401" lon="-0.338162"><ele>555.4</ele></trkpt>
    <trkpt lat="38.60922" lon="-0.33807"><ele>554.1</ele></trkpt>
    <trkpt lat="38.609108" lon="-0.337937"><ele>553</ele></trkpt>
    <trkpt lat="38.608882" lon="-0.337463"><ele>549.6</ele></trkpt>
    <trkpt lat="38.60879" lon="-0.337317"><ele>548.4</ele></trkpt>
    <trkpt lat="38.608668" lon="-0.337269"><ele>547.3</ele></trkpt>
    <trkpt lat="38.608521" lon="-0.33726"><ele>546.1</ele></trkpt>
    <trkpt lat="38.60829" lon="-0.337319"><ele>544.2</ele></trkpt>
    <trkpt lat="38.608186" lon="-0.337308"><ele>543.3</ele></trkpt>
    <trkpt lat="38.608108" lon="-0.337245"><ele>542.6</ele></trkpt>
    <trkpt lat="38.607684" lon="-0.336492"><ele>536.7</ele></trkpt>
    <trkpt lat="38.607551" lon="-0.336136"><ele>534.1</ele></trkpt>
    <trkpt lat="38.60745" lon="-0.335732"><ele>531.3</ele></trkpt>
    <trkpt lat="38.607321" lon="-0.335342"><ele>528.5</ele></trkpt>
    <trkpt lat="38.607165" lon="-0.334666"><ele>524.1</ele></trkpt>
    <trkpt lat="38.607057" lon="-0.334402"><ele>522.4</ele></trkpt>
    <trkpt lat="38.606704" lon="-0.333763"><ele>518.8</ele></trkpt>
    <trkpt lat="38.606702" lon="-0.333638"><ele>518.3</ele></trkpt>
    <trkpt lat="38.606738" lon="-0.333465"><ele>517.7</ele></trkpt>
    <trkpt lat="38.606727" lon="-0.333367"><ele>517.3</ele></trkpt>
    <trkpt lat="38.606677" lon="-0.33327"><ele>517</ele></trkpt>
    <trkpt lat="38.606545" lon="-0.333175"><ele>516.4</ele></trkpt>
    <trkpt lat="38.606415" lon="-0.333127"><ele>515.8</ele></trkpt>
    <trkpt lat="38.606286" lon="-0.333149"><ele>515.3</ele></trkpt>
    <trkpt lat="38.606024" lon="-0.333331"><ele>513.9</ele></trkpt>
    <trkpt lat="38.605864" lon="-0.333336"><ele>513.2</ele></trkpt>
    <trkpt lat="38.605679" lon="-0.333259"><ele>512.3</ele></trkpt>
    <trkpt lat="38.605493" lon="-0.333109"><ele>511.1</ele></trkpt>
    <trkpt lat="38.605393" lon="-0.332939"><ele>510.3</ele></trkpt>
    <trkpt lat="38.605232" lon="-0.33254"><ele>508.6</ele></trkpt>
    <trkpt lat="38.604985" lon="-0.332081"><ele>506.9</ele></trkpt>
    <trkpt lat="38.604856" lon="-0.331786"><ele>506</ele></trkpt>
    <trkpt lat="38.604775" lon="-0.331694"><ele>505.7</ele></trkpt>
    <trkpt lat="38.604243" lon="-0.331387"><ele>503.5</ele></trkpt>
    <trkpt lat="38.604096" lon="-0.331347"><ele>502.8</ele></trkpt>
    <trkpt lat="38.603795" lon="-0.33142"><ele>501.3</ele></trkpt>
    <trkpt lat="38.603462" lon="-0.331456"><ele>499.8</ele></trkpt>
    <trkpt lat="38.603289" lon="-0.331521"><ele>499.1</ele></trkpt>
    <trkpt lat="38.602908" lon="-0.331761"><ele>498</ele></trkpt>
    <trkpt lat="38.602691" lon="-0.331809"><ele>497.6</ele></trkpt>
    <trkpt lat="38.602468" lon="-0.331817"><ele>497.4</ele></trkpt>
    <trkpt lat="38.602224" lon="-0.331742"><ele>497.2</ele></trkpt>
    <trkpt lat="38.602084" lon="-0.33163"><ele>497.1</ele></trkpt>
    <trkpt lat="38.601816" lon="-0.331019"><ele>496.3</ele></trkpt>
    <trkpt lat="38.601741" lon="-0.330718"><ele>495.4</ele></trkpt>
    <trkpt lat="38.601643" lon="-0.330564"><ele>494.7</ele></trkpt>
    <trkpt lat="38.601388" lon="-0.330305"><ele>492.6</ele></trkpt>
    <trkpt lat="38.60106" lon="-0.330023"><ele>490.4</ele></trkpt>
    <trkpt lat="38.600867" lon="-0.329921"><ele>489.4</ele></trkpt>
    <trkpt lat="38.600698" lon="-0.329888"><ele>488.9</ele></trkpt>
    <trkpt lat="38.600539" lon="-0.329869"><ele>488.6</ele></trkpt>
    <trkpt lat="38.599583" lon="-0.33003"><ele>490.4</ele></trkpt>
    <trkpt lat="38.599332" lon="-0.330234"><ele>491.3</ele></trkpt>
    <trkpt lat="38.599181" lon="-0.330287"><ele>491.5</ele></trkpt>
    <trkpt lat="38.599021" lon="-0.330223"><ele>491.5</ele></trkpt>
    <trkpt lat="38.598917" lon="-0.330082"><ele>491.3</ele></trkpt>
    <trkpt lat="38.598848" lon="-0.329905"><ele>490.9</ele></trkpt>
    <trkpt lat="38.598729" lon="-0.329399"><ele>488.7</ele></trkpt>
    <trkpt lat="38.59853" lon="-0.328989"><ele>485.5</ele></trkpt>
    <trkpt lat="38.598376" lon="-0.328785"><ele>483.2</ele></trkpt>
    <trkpt lat="38.598283" lon="-0.328754"><ele>482.2</ele></trkpt>
    <trkpt lat="38.597695" lon="-0.328693"><ele>476.4</ele></trkpt>
    <trkpt lat="38.59746" lon="-0.328572"><ele>474.6</ele></trkpt>
    <trkpt lat="38.597194" lon="-0.328388"><ele>473.3</ele></trkpt>
    <trkpt lat="38.596761" lon="-0.327991"><ele>472.6</ele></trkpt>
    <trkpt lat="38.596373" lon="-0.327763"><ele>471.9</ele></trkpt>
    <trkpt lat="38.596145" lon="-0.327595"><ele>471</ele></trkpt>
    <trkpt lat="38.596009" lon="-0.327457"><ele>470.3</ele></trkpt>
    <trkpt lat="38.595928" lon="-0.327315"><ele>469.7</ele></trkpt>
    <trkpt lat="38.595827" lon="-0.326886"><ele>467.7</ele></trkpt>
    <trkpt lat="38.595642" lon="-0.326522"><ele>465.1</ele></trkpt>
    <trkpt lat="38.595122" lon="-0.325696"><ele>457.5</ele></trkpt>
    <trkpt lat="38.594678" lon="-0.324687"><ele>451.7</ele></trkpt>
    <trkpt lat="38.594393" lon="-0.324279"><ele>449.5</ele></trkpt>
    <trkpt lat="38.593955" lon="-0.323906"><ele>447.7</ele></trkpt>
    <trkpt lat="38.59389" lon="-0.323813"><ele>447.4</ele></trkpt>
    <trkpt lat="38.593844" lon="-0.323684"><ele>447.1</ele></trkpt>
    <trkpt lat="38.593828" lon="-0.323423"><ele>446.7</ele></trkpt>
    <trkpt lat="38.593782" lon="-0.323283"><ele>446.5</ele></trkpt>
    <trkpt lat="38.593681" lon="-0.323202"><ele>446.4</ele></trkpt>
    <trkpt lat="38.593273" lon="-0.323074"><ele>446.4</ele></trkpt>
    <trkpt lat="38.593116" lon="-0.322956"><ele>446.5</ele></trkpt>
    <trkpt lat="38.592952" lon="-0.322741"><ele>446.7</ele></trkpt>
    <trkpt lat="38.592687" lon="-0.322265"><ele>446.9</ele></trkpt>
    <trkpt lat="38.592151" lon="-0.321747"><ele>446.6</ele></trkpt>
    <trkpt lat="38.591995" lon="-0.321494"><ele>446.5</ele></trkpt>
    <trkpt lat="38.591905" lon="-0.321169"><ele>446.4</ele></trkpt>
    <trkpt lat="38.591898" lon="-0.320862"><ele>446.4</ele></trkpt>
    <trkpt lat="38.592131" lon="-0.319443"><ele>446.1</ele></trkpt>
    <trkpt lat="38.592141" lon="-0.319168"><ele>446</ele></trkpt>
    <trkpt lat="38.59212" lon="-0.318883"><ele>445.8</ele></trkpt>
    <trkpt lat="38.591876" lon="-0.317909"><ele>445.2</ele></trkpt>
    <trkpt lat="38.59179" lon="-0.317665"><ele>444.8</ele></trkpt>
    <trkpt lat="38.591592" lon="-0.31738"><ele>444</ele></trkpt>
    <trkpt lat="38.591459" lon="-0.317257"><ele>443.6</ele></trkpt>
    <trkpt lat="38.591263" lon="-0.317142"><ele>442.9</ele></trkpt>
    <trkpt lat="38.591204" lon="-0.317116"><ele>442.7</ele></trkpt>
    <trkpt lat="38.591114" lon="-0.317069"><ele>442.4</ele></trkpt>
    <trkpt lat="38.590263" lon="-0.316661"><ele>440.1</ele></trkpt>
    <trkpt lat="38.59019" lon="-0.316575"><ele>440</ele></trkpt>
    <trkpt lat="38.590163" lon="-0.316454"><ele>439.9</ele></trkpt>
    <trkpt lat="38.590201" lon="-0.316191"><ele>439.9</ele></trkpt>
    <trkpt lat="38.590261" lon="-0.316032"><ele>440</ele></trkpt>
    <trkpt lat="38.590599" lon="-0.315661"><ele>441</ele></trkpt>
    <trkpt lat="38.591076" lon="-0.314813"><ele>444.3</ele></trkpt>
    <trkpt lat="38.591175" lon="-0.314597"><ele>445.2</ele></trkpt>
    <trkpt lat="38.591206" lon="-0.314348"><ele>446.2</ele></trkpt>
    <trkpt lat="38.591179" lon="-0.313267"><ele>450.4</ele></trkpt>
    <trkpt lat="38.591179" lon="-0.313235"><ele>450.5</ele></trkpt>
    <trkpt lat="38.591266" lon="-0.312394"><ele>454.4</ele></trkpt>
    <trkpt lat="38.591298" lon="-0.312244"><ele>455.2</ele></trkpt>
    <trkpt lat="38.591342" lon="-0.312153"><ele>455.7</ele></trkpt>
    <trkpt lat="38.591435" lon="-0.312071"><ele>456.5</ele></trkpt>
    <trkpt lat="38.591843" lon="-0.311935"><ele>459.2</ele></trkpt>
    <trkpt lat="38.592346" lon="-0.311666"><ele>461.9</ele></trkpt>
    <trkpt lat="38.59254" lon="-0.311437"><ele>462.4</ele></trkpt>
    <trkpt lat="38.592724" lon="-0.311295"><ele>462.1</ele></trkpt>
    <trkpt lat="38.592764" lon="-0.311224"><ele>462</ele></trkpt>
    <trkpt lat="38.592786" lon="-0.311131"><ele>461.9</ele></trkpt>
    <trkpt lat="38.592777" lon="-0.311052"><ele>462</ele></trkpt>
    <trkpt lat="38.592684" lon="-0.310914"><ele>462.1</ele></trkpt>
    <trkpt lat="38.592509" lon="-0.310796"><ele>462.4</ele></trkpt>
    <trkpt lat="38.592113" lon="-0.31077"><ele>463</ele></trkpt>
    <trkpt lat="38.592029" lon="-0.310715"><ele>463</ele></trkpt>
    <trkpt lat="38.591972" lon="-0.310558"><ele>463.1</ele></trkpt>
    <trkpt lat="38.591916" lon="-0.310126"><ele>463.1</ele></trkpt>
    <trkpt lat="38.591947" lon="-0.309767"><ele>462.9</ele></trkpt>
    <trkpt lat="38.592103" lon="-0.308942"><ele>463</ele></trkpt>
    <trkpt lat="38.592096" lon="-0.30877"><ele>462.6</ele></trkpt>
    <trkpt lat="38.592064" lon="-0.308673"><ele>462.1</ele></trkpt>
    <trkpt lat="38.591878" lon="-0.308462"><ele>460.4</ele></trkpt>
    <trkpt lat="38.591359" lon="-0.308174"><ele>455.5</ele></trkpt>
    <trkpt lat="38.591115" lon="-0.307832"><ele>452.4</ele></trkpt>
    <trkpt lat="38.590984" lon="-0.307818"><ele>451.3</ele></trkpt>
    <trkpt lat="38.590826" lon="-0.307966"><ele>449.7</ele></trkpt>
    <trkpt lat="38.59056" lon="-0.308309"><ele>446.7</ele></trkpt>
    <trkpt lat="38.590392" lon="-0.308574"><ele>444.8</ele></trkpt>
    <trkpt lat="38.590227" lon="-0.308692"><ele>443.5</ele></trkpt>
    <trkpt lat="38.590098" lon="-0.308708"><ele>442.7</ele></trkpt>
    <trkpt lat="38.589733" lon="-0.308685"><ele>440.7</ele></trkpt>
    <trkpt lat="38.589044" lon="-0.308776"><ele>437.3</ele></trkpt>
    <trkpt lat="38.588103" lon="-0.309047"><ele>433.6</ele></trkpt>
    <trkpt lat="38.588014" lon="-0.309026"><ele>433.3</ele></trkpt>
    <trkpt lat="38.587963" lon="-0.308946"><ele>433.1</ele></trkpt>
    <trkpt lat="38.58861" lon="-0.308613"><ele>431.4</ele></trkpt>
    <trkpt lat="38.588802" lon="-0.308502"><ele>431</ele></trkpt>
    <trkpt lat="38.589585" lon="-0.308042"><ele>429.7</ele></trkpt>
    <trkpt lat="38.589735" lon="-0.307882"><ele>429.3</ele></trkpt>
    <trkpt lat="38.589838" lon="-0.307657"><ele>429</ele></trkpt>
    <trkpt lat="38.589892" lon="-0.307368"><ele>428.5</ele></trkpt>
    <trkpt lat="38.589864" lon="-0.307155"><ele>428.2</ele></trkpt>
    <trkpt lat="38.58977" lon="-0.306973"><ele>427.8</ele></trkpt>
    <trkpt lat="38.589463" lon="-0.306717"><ele>427.2</ele></trkpt>
    <trkpt lat="38.589432" lon="-0.30662"><ele>427.1</ele></trkpt>
    <trkpt lat="38.589431" lon="-0.306517"><ele>427</ele></trkpt>
    <trkpt lat="38.58949" lon="-0.306342"><ele>426.8</ele></trkpt>
    <trkpt lat="38.589649" lon="-0.306203"><ele>426.7</ele></trkpt>
    <trkpt lat="38.590038" lon="-0.306042"><ele>426.7</ele></trkpt>
    <trkpt lat="38.590181" lon="-0.306063"><ele>426.8</ele></trkpt>
    <trkpt lat="38.590598" lon="-0.30626"><ele>427.3</ele></trkpt>
    <trkpt lat="38.590706" lon="-0.306245"><ele>427.5</ele></trkpt>
    <trkpt lat="38.590792" lon="-0.306148"><ele>427.6</ele></trkpt>
    <trkpt lat="38.590847" lon="-0.305966"><ele>427.8</ele></trkpt>
    <trkpt lat="38.59085" lon="-0.305769"><ele>428</ele></trkpt>
    <trkpt lat="38.59073" lon="-0.305354"><ele>428.4</ele></trkpt>
    <trkpt lat="38.590728" lon="-0.305116"><ele>428.7</ele></trkpt>
    <trkpt lat="38.591047" lon="-0.304132"><ele>431.6</ele></trkpt>
    <trkpt lat="38.591188" lon="-0.303906"><ele>432.6</ele></trkpt>
    <trkpt lat="38.591421" lon="-0.303627"><ele>433.5</ele></trkpt>
    <trkpt lat="38.591517" lon="-0.303466"><ele>433.6</ele></trkpt>
    <trkpt lat="38.591546" lon="-0.303246"><ele>433.7</ele></trkpt>
    <trkpt lat="38.591482" lon="-0.303106"><ele>433.8</ele></trkpt>
    <trkpt lat="38.591412" lon="-0.303038"><ele>433.8</ele></trkpt>
    <trkpt lat="38.591154" lon="-0.30298"><ele>433.9</ele></trkpt>
    <trkpt lat="38.591068" lon="-0.302999"><ele>433.9</ele></trkpt>
    <trkpt lat="38.59099" lon="-0.302945"><ele>433.9</ele></trkpt>
    <trkpt lat="38.590772" lon="-0.302783"><ele>433.8</ele></trkpt>
    <trkpt lat="38.590702" lon="-0.302588"><ele>433.5</ele></trkpt>
    <trkpt lat="38.590675" lon="-0.302295"><ele>432.9</ele></trkpt>
    <trkpt lat="38.590559" lon="-0.301516"><ele>431.7</ele></trkpt>
    <trkpt lat="38.590541" lon="-0.301273"><ele>431.6</ele></trkpt>
    <trkpt lat="38.590598" lon="-0.301036"><ele>431.5</ele></trkpt>
    <trkpt lat="38.590839" lon="-0.300629"><ele>431.2</ele></trkpt>
    <trkpt lat="38.59087" lon="-0.300497"><ele>431</ele></trkpt>
    <trkpt lat="38.590799" lon="-0.299811"><ele>430.4</ele></trkpt>
    <trkpt lat="38.590807" lon="-0.299605"><ele>430.2</ele></trkpt>
    <trkpt lat="38.590894" lon="-0.299461"><ele>430.1</ele></trkpt>
    <trkpt lat="38.59146" lon="-0.299088"><ele>429.6</ele></trkpt>
    <trkpt lat="38.591556" lon="-0.298969"><ele>429.5</ele></trkpt>
    <trkpt lat="38.591595" lon="-0.298766"><ele>429.6</ele></trkpt>
    <trkpt lat="38.591523" lon="-0.298355"><ele>430.2</ele></trkpt>
    <trkpt lat="38.59154" lon="-0.298259"><ele>430.3</ele></trkpt>
    <trkpt lat="38.591597" lon="-0.298164"><ele>430.5</ele></trkpt>
    <trkpt lat="38.591759" lon="-0.298039"><ele>431</ele></trkpt>
    <trkpt lat="38.591937" lon="-0.297826"><ele>431.6</ele></trkpt>
    <trkpt lat="38.592025" lon="-0.297762"><ele>431.9</ele></trkpt>
    <trkpt lat="38.592159" lon="-0.297753"><ele>432.4</ele></trkpt>
    <trkpt lat="38.592385" lon="-0.297856"><ele>433.3</ele></trkpt>
    <trkpt lat="38.592468" lon="-0.297868"><ele>433.7</ele></trkpt>
    <trkpt lat="38.592559" lon="-0.297835"><ele>434.2</ele></trkpt>
    <trkpt lat="38.592617" lon="-0.297758"><ele>434.7</ele></trkpt>
    <trkpt lat="38.592654" lon="-0.29757"><ele>435.4</ele></trkpt>
    <trkpt lat="38.592628" lon="-0.297177"><ele>436.2</ele></trkpt>
    <trkpt lat="38.592632" lon="-0.296729"><ele>436.1</ele></trkpt>
    <trkpt lat="38.592572" lon="-0.296605"><ele>436</ele></trkpt>
    <trkpt lat="38.592449" lon="-0.296599"><ele>435.8</ele></trkpt>
    <trkpt lat="38.592183" lon="-0.296785"><ele>435</ele></trkpt>
    <trkpt lat="38.59205" lon="-0.296822"><ele>434.5</ele></trkpt>
    <trkpt lat="38.591716" lon="-0.29666"><ele>433.2</ele></trkpt>
    <trkpt lat="38.59141" lon="-0.296691"><ele>431.7</ele></trkpt>
    <trkpt lat="38.591271" lon="-0.296656"><ele>430.9</ele></trkpt>
    <trkpt lat="38.591165" lon="-0.296567"><ele>430.3</ele></trkpt>
    <trkpt lat="38.5911" lon="-0.296433"><ele>429.9</ele></trkpt>
    <trkpt lat="38.591039" lon="-0.295923"><ele>428.8</ele></trkpt>
    <trkpt lat="38.59093" lon="-0.295716"><ele>428.5</ele></trkpt>
    <trkpt lat="38.590804" lon="-0.295603"><ele>428.2</ele></trkpt>
    <trkpt lat="38.590248" lon="-0.295357"><ele>427.3</ele></trkpt>
    <trkpt lat="38.590156" lon="-0.295268"><ele>427.1</ele></trkpt>
    <trkpt lat="38.589879" lon="-0.29461"><ele>426.5</ele></trkpt>
    <trkpt lat="38.589414" lon="-0.293976"><ele>426.8</ele></trkpt>
    <trkpt lat="38.589223" lon="-0.293645"><ele>427.1</ele></trkpt>
    <trkpt lat="38.588994" lon="-0.293169"><ele>427.5</ele></trkpt>
    <trkpt lat="38.588936" lon="-0.292946"><ele>427.6</ele></trkpt>
    <trkpt lat="38.588928" lon="-0.292724"><ele>427.6</ele></trkpt>
    <trkpt lat="38.589023" lon="-0.291826"><ele>426.4</ele></trkpt>
    <trkpt lat="38.589021" lon="-0.291635"><ele>425.7</ele></trkpt>
    <trkpt lat="38.588959" lon="-0.291483"><ele>425</ele></trkpt>
    <trkpt lat="38.588678" lon="-0.291179"><ele>423.1</ele></trkpt>
    <trkpt lat="38.588624" lon="-0.291089"><ele>422.6</ele></trkpt>
    <trkpt lat="38.588594" lon="-0.290919"><ele>421.8</ele></trkpt>
    <trkpt lat="38.58868" lon="-0.2905"><ele>419.8</ele></trkpt>
    <trkpt lat="38.588689" lon="-0.289801"><ele>416.8</ele></trkpt>
    <trkpt lat="38.588646" lon="-0.289677"><ele>416.1</ele></trkpt>
    <trkpt lat="38.588449" lon="-0.289364"><ele>414.5</ele></trkpt>
    <trkpt lat="38.588347" lon="-0.289092"><ele>413.6</ele></trkpt>
    <trkpt lat="38.588325" lon="-0.288932"><ele>413.1</ele></trkpt>
    <trkpt lat="38.588399" lon="-0.28858"><ele>412</ele></trkpt>
    <trkpt lat="38.588351" lon="-0.288291"><ele>411.1</ele></trkpt>
    <trkpt lat="38.588232" lon="-0.28794"><ele>409.9</ele></trkpt>
    <trkpt lat="38.588128" lon="-0.287719"><ele>409.1</ele></trkpt>
    <trkpt lat="38.588003" lon="-0.287547"><ele>408.4</ele></trkpt>
    <trkpt lat="38.587737" lon="-0.287286"><ele>407</ele></trkpt>
    <trkpt lat="38.587661" lon="-0.287147"><ele>406.4</ele></trkpt>
    <trkpt lat="38.58757" lon="-0.286888"><ele>405.3</ele></trkpt>
    <trkpt lat="38.587521" lon="-0.286683"><ele>404.5</ele></trkpt>
    <trkpt lat="38.587502" lon="-0.286215"><ele>402.6</ele></trkpt>
    <trkpt lat="38.587463" lon="-0.28601"><ele>401.7</ele></trkpt>
    <trkpt lat="38.587404" lon="-0.285911"><ele>401.3</ele></trkpt>
    <trkpt lat="38.587285" lon="-0.285813"><ele>400.7</ele></trkpt>
    <trkpt lat="38.586928" lon="-0.285727"><ele>399</ele></trkpt>
    <trkpt lat="38.586815" lon="-0.285605"><ele>398.3</ele></trkpt>
    <trkpt lat="38.586783" lon="-0.285476"><ele>397.8</ele></trkpt>
    <trkpt lat="38.586748" lon="-0.284876"><ele>395.7</ele></trkpt>
    <trkpt lat="38.586716" lon="-0.284759"><ele>395.3</ele></trkpt>
    <trkpt lat="38.586619" lon="-0.284625"><ele>394.8</ele></trkpt>
    <trkpt lat="38.586434" lon="-0.284505"><ele>394.2</ele></trkpt>
    <trkpt lat="38.586282" lon="-0.284464"><ele>393.7</ele></trkpt>
    <trkpt lat="38.586177" lon="-0.284475"><ele>393.4</ele></trkpt>
    <trkpt lat="38.585791" lon="-0.284599"><ele>392.1</ele></trkpt>
    <trkpt lat="38.585393" lon="-0.284491"><ele>390.8</ele></trkpt>
    <trkpt lat="38.585257" lon="-0.284544"><ele>390.3</ele></trkpt>
    <trkpt lat="38.585067" lon="-0.284772"><ele>389.3</ele></trkpt>
    <trkpt lat="38.584914" lon="-0.284888"><ele>388.6</ele></trkpt>
    <trkpt lat="38.584295" lon="-0.285071"><ele>385.3</ele></trkpt>
    <trkpt lat="38.584066" lon="-0.285135"><ele>383.9</ele></trkpt>
    <trkpt lat="38.583878" lon="-0.285143"><ele>382.7</ele></trkpt>
    <trkpt lat="38.583753" lon="-0.285086"><ele>381.8</ele></trkpt>
    <trkpt lat="38.583517" lon="-0.284833"><ele>379.7</ele></trkpt>
    <trkpt lat="38.582969" lon="-0.284023"><ele>373.9</ele></trkpt>
    <trkpt lat="38.581849" lon="-0.282285"><ele>366.2</ele></trkpt>
    <trkpt lat="38.581732" lon="-0.282194"><ele>365.9</ele></trkpt>
    <trkpt lat="38.581585" lon="-0.282135"><ele>365.4</ele></trkpt>
    <trkpt lat="38.580701" lon="-0.282023"><ele>363.6</ele></trkpt>
    <trkpt lat="38.579084" lon="-0.281818"><ele>362.6</ele></trkpt>
    <trkpt lat="38.578874" lon="-0.281725"><ele>362.4</ele></trkpt>
    <trkpt lat="38.578537" lon="-0.281353"><ele>361.4</ele></trkpt>
    <trkpt lat="38.578422" lon="-0.281267"><ele>361.1</ele></trkpt>
    <trkpt lat="38.578283" lon="-0.281237"><ele>360.8</ele></trkpt>
    <trkpt lat="38.578065" lon="-0.281252"><ele>360.5</ele></trkpt>
    <trkpt lat="38.57793" lon="-0.281165"><ele>360.3</ele></trkpt>
    <trkpt lat="38.577655" lon="-0.280596"><ele>360</ele></trkpt>
    <trkpt lat="38.577646" lon="-0.280411"><ele>360</ele></trkpt>
    <trkpt lat="38.577677" lon="-0.279778"><ele>360.2</ele></trkpt>
    <trkpt lat="38.577488" lon="-0.277734"><ele>361</ele></trkpt>
    <trkpt lat="38.577523" lon="-0.277316"><ele>359.9</ele></trkpt>
    <trkpt lat="38.577494" lon="-0.276758"><ele>357.7</ele></trkpt>
    <trkpt lat="38.577637" lon="-0.275643"><ele>349.8</ele></trkpt>
    <trkpt lat="38.577805" lon="-0.274864"><ele>343</ele></trkpt>
    <trkpt lat="38.577827" lon="-0.274594"><ele>340.8</ele></trkpt>
    <trkpt lat="38.577771" lon="-0.274405"><ele>339.2</ele></trkpt>
    <trkpt lat="38.577502" lon="-0.27411"><ele>335.8</ele></trkpt>
    <trkpt lat="38.577159" lon="-0.27357"><ele>332.5</ele></trkpt>
    <trkpt lat="38.577099" lon="-0.273413"><ele>332</ele></trkpt>
    <trkpt lat="38.577043" lon="-0.273139"><ele>331.2</ele></trkpt>
    <trkpt lat="38.57698" lon="-0.272771"><ele>330.3</ele></trkpt>
    <trkpt lat="38.576973" lon="-0.272581"><ele>329.8</ele></trkpt>
    <trkpt lat="38.577011" lon="-0.272401"><ele>329.4</ele></trkpt>
    <trkpt lat="38.577084" lon="-0.272234"><ele>328.9</ele></trkpt>
    <trkpt lat="38.577645" lon="-0.271349"><ele>325</ele></trkpt>
    <trkpt lat="38.578141" lon="-0.270921"><ele>321.3</ele></trkpt>
    <trkpt lat="38.579243" lon="-0.270082"><ele>316.6</ele></trkpt>
    <trkpt lat="38.579347" lon="-0.270066"><ele>316.4</ele></trkpt>
    <trkpt lat="38.579461" lon="-0.270094"><ele>316.2</ele></trkpt>
    <trkpt lat="38.579614" lon="-0.270212"><ele>315.7</ele></trkpt>
    <trkpt lat="38.579909" lon="-0.270533"><ele>313.9</ele></trkpt>
    <trkpt lat="38.579972" lon="-0.270565"><ele>313.5</ele></trkpt>
    <trkpt lat="38.580094" lon="-0.270574"><ele>312.6</ele></trkpt>
    <trkpt lat="38.580282" lon="-0.270466"><ele>311.1</ele></trkpt>
    <trkpt lat="38.58054" lon="-0.270151"><ele>307.8</ele></trkpt>
    <trkpt lat="38.580606" lon="-0.270109"><ele>307</ele></trkpt>
    <trkpt lat="38.580943" lon="-0.27009"><ele>303</ele></trkpt>
    <trkpt lat="38.581072" lon="-0.270054"><ele>301.2</ele></trkpt>
    <trkpt lat="38.581398" lon="-0.269834"><ele>296.6</ele></trkpt>
    <trkpt lat="38.581747" lon="-0.269664"><ele>292.3</ele></trkpt>
    <trkpt lat="38.581843" lon="-0.26958"><ele>291.2</ele></trkpt>
    <trkpt lat="38.581977" lon="-0.269358"><ele>289.4</ele></trkpt>
    <trkpt lat="38.58218" lon="-0.268761"><ele>286.8</ele></trkpt>
    <trkpt lat="38.58227" lon="-0.268637"><ele>286.3</ele></trkpt>
    <trkpt lat="38.582465" lon="-0.268467"><ele>285.6</ele></trkpt>
    <trkpt lat="38.582549" lon="-0.268346"><ele>285.4</ele></trkpt>
    <trkpt lat="38.582661" lon="-0.267936"><ele>285</ele></trkpt>
    <trkpt lat="38.582724" lon="-0.267823"><ele>284.9</ele></trkpt>
    <trkpt lat="38.582841" lon="-0.267753"><ele>284.9</ele></trkpt>
    <trkpt lat="38.583106" lon="-0.267771"><ele>284.9</ele></trkpt>
    <trkpt lat="38.583241" lon="-0.267741"><ele>284.9</ele></trkpt>
    <trkpt lat="38.58332" lon="-0.267654"><ele>284.9</ele></trkpt>
    <trkpt lat="38.583478" lon="-0.267381"><ele>284.7</ele></trkpt>
    <trkpt lat="38.583529" lon="-0.26733"><ele>284.5</ele></trkpt>
    <trkpt lat="38.584167" lon="-0.267064"><ele>282.1</ele></trkpt>
    <trkpt lat="38.584287" lon="-0.266946"><ele>281.4</ele></trkpt>
    <trkpt lat="38.584416" lon="-0.266753"><ele>280.2</ele></trkpt>
    <trkpt lat="38.584632" lon="-0.266092"><ele>276.9</ele></trkpt>
    <trkpt lat="38.584739" lon="-0.265942"><ele>275.9</ele></trkpt>
    <trkpt lat="38.584837" lon="-0.265876"><ele>275.3</ele></trkpt>
    <trkpt lat="38.584953" lon="-0.265855"><ele>274.7</ele></trkpt>
    <trkpt lat="38.585327" lon="-0.265831"><ele>273.7</ele></trkpt>
    <trkpt lat="38.58547" lon="-0.265867"><ele>273.5</ele></trkpt>
    <trkpt lat="38.5858" lon="-0.266127"><ele>273.7</ele></trkpt>
    <trkpt lat="38.58624" lon="-0.266242"><ele>273.3</ele></trkpt>
    <trkpt lat="38.586317" lon="-0.266339"><ele>273.2</ele></trkpt>
    <trkpt lat="38.586463" lon="-0.266651"><ele>273</ele></trkpt>
    <trkpt lat="38.586556" lon="-0.266708"><ele>272.9</ele></trkpt>
    <trkpt lat="38.586637" lon="-0.266716"><ele>272.9</ele></trkpt>
    <trkpt lat="38.586758" lon="-0.266663"><ele>273</ele></trkpt>
    <trkpt lat="38.586887" lon="-0.266512"><ele>273.2</ele></trkpt>
    <trkpt lat="38.58724" lon="-0.266794"><ele>273.7</ele></trkpt>
    <trkpt lat="38.587447" lon="-0.26694"><ele>273.6</ele></trkpt>
    <trkpt lat="38.587898" lon="-0.267187"><ele>273.6</ele></trkpt>
    <trkpt lat="38.588384" lon="-0.267425"><ele>274.8</ele></trkpt>
    <trkpt lat="38.588838" lon="-0.267684"><ele>275.4</ele></trkpt>
    <trkpt lat="38.589484" lon="-0.268163"><ele>275.7</ele></trkpt>
    <trkpt lat="38.589971" lon="-0.268643"><ele>277.6</ele></trkpt>
    <trkpt lat="38.59045" lon="-0.269197"><ele>281</ele></trkpt>
    <trkpt lat="38.590595" lon="-0.269408"><ele>282.2</ele></trkpt>
    <trkpt lat="38.590829" lon="-0.269886"><ele>284.5</ele></trkpt>
    <trkpt lat="38.591472" lon="-0.271386"><ele>289.8</ele></trkpt>
    <trkpt lat="38.59157" lon="-0.271657"><ele>290.5</ele></trkpt>
    <trkpt lat="38.591846" lon="-0.272812"><ele>292.9</ele></trkpt>
    <trkpt lat="38.591953" lon="-0.273123"><ele>293.1</ele></trkpt>
    <trkpt lat="38.592019" lon="-0.273274"><ele>293.1</ele></trkpt>
    <trkpt lat="38.592317" lon="-0.273621"><ele>293.2</ele></trkpt>
    <trkpt lat="38.592552" lon="-0.273774"><ele>293.5</ele></trkpt>
    <trkpt lat="38.592927" lon="-0.273879"><ele>294.3</ele></trkpt>
    <trkpt lat="38.593505" lon="-0.273926"><ele>297.2</ele></trkpt>
    <trkpt lat="38.593586" lon="-0.273934"><ele>297.8</ele></trkpt>
    <trkpt lat="38.593963" lon="-0.273983"><ele>301.4</ele></trkpt>
    <trkpt lat="38.594414" lon="-0.274082"><ele>306.9</ele></trkpt>
    <trkpt lat="38.595185" lon="-0.274341"><ele>316.7</ele></trkpt>
    <trkpt lat="38.595339" lon="-0.27435"><ele>318.4</ele></trkpt>
    <trkpt lat="38.595523" lon="-0.274296"><ele>320.4</ele></trkpt>
    <trkpt lat="38.596414" lon="-0.273614"><ele>326.3</ele></trkpt>
    <trkpt lat="38.596779" lon="-0.273302"><ele>326.2</ele></trkpt>
    <trkpt lat="38.596947" lon="-0.273042"><ele>325.4</ele></trkpt>
    <trkpt lat="38.597132" lon="-0.272546"><ele>324.5</ele></trkpt>
    <trkpt lat="38.597299" lon="-0.272042"><ele>324.9</ele></trkpt>
    <trkpt lat="38.597358" lon="-0.271917"><ele>325.3</ele></trkpt>
    <trkpt lat="38.59746" lon="-0.271846"><ele>326</ele></trkpt>
    <trkpt lat="38.597777" lon="-0.271927"><ele>328.5</ele></trkpt>
    <trkpt lat="38.597931" lon="-0.272007"><ele>330.2</ele></trkpt>
    <trkpt lat="38.598056" lon="-0.272144"><ele>332.1</ele></trkpt>
    <trkpt lat="38.598181" lon="-0.27233"><ele>334.8</ele></trkpt>
    <trkpt lat="38.598448" lon="-0.272991"><ele>343.8</ele></trkpt>
    <trkpt lat="38.598612" lon="-0.273305"><ele>347.2</ele></trkpt>
    <trkpt lat="38.598713" lon="-0.273409"><ele>348.4</ele></trkpt>
    <trkpt lat="38.598848" lon="-0.273487"><ele>349.5</ele></trkpt>
    <trkpt lat="38.598971" lon="-0.273521"><ele>350.2</ele></trkpt>
    <trkpt lat="38.599165" lon="-0.273503"><ele>350.9</ele></trkpt>
    <trkpt lat="38.599389" lon="-0.273388"><ele>351.3</ele></trkpt>
    <trkpt lat="38.599768" lon="-0.273128"><ele>350.7</ele></trkpt>
    <trkpt lat="38.599943" lon="-0.272971"><ele>350</ele></trkpt>
    <trkpt lat="38.600088" lon="-0.27276"><ele>349.2</ele></trkpt>
    <trkpt lat="38.600422" lon="-0.272197"><ele>347.9</ele></trkpt>
    <trkpt lat="38.600518" lon="-0.271988"><ele>347.8</ele></trkpt>
    <trkpt lat="38.600842" lon="-0.270748"><ele>349.4</ele></trkpt>
    <trkpt lat="38.600904" lon="-0.270601"><ele>350</ele></trkpt>
    <trkpt lat="38.601019" lon="-0.270498"><ele>350.8</ele></trkpt>
    <trkpt lat="38.601113" lon="-0.270479"><ele>351.4</ele></trkpt>
    <trkpt lat="38.601217" lon="-0.270507"><ele>352.2</ele></trkpt>
    <trkpt lat="38.601326" lon="-0.270607"><ele>353.1</ele></trkpt>
    <trkpt lat="38.601375" lon="-0.270687"><ele>353.8</ele></trkpt>
    <trkpt lat="38.601461" lon="-0.270915"><ele>355.4</ele></trkpt>
    <trkpt lat="38.60158" lon="-0.271362"><ele>359</ele></trkpt>
    <trkpt lat="38.601834" lon="-0.272468"><ele>366.9</ele></trkpt>
    <trkpt lat="38.601914" lon="-0.272672"><ele>367.6</ele></trkpt>
    <trkpt lat="38.602126" lon="-0.273054"><ele>368.3</ele></trkpt>
    <trkpt lat="38.602258" lon="-0.273211"><ele>368.2</ele></trkpt>
    <trkpt lat="38.602598" lon="-0.273372"><ele>367.7</ele></trkpt>
    <trkpt lat="38.602847" lon="-0.273461"><ele>366.9</ele></trkpt>
    <trkpt lat="38.603072" lon="-0.273475"><ele>366</ele></trkpt>
    <trkpt lat="38.603213" lon="-0.273426"><ele>365.4</ele></trkpt>
    <trkpt lat="38.603407" lon="-0.273297"><ele>364.7</ele></trkpt>
    <trkpt lat="38.603936" lon="-0.27294"><ele>364.4</ele></trkpt>
    <trkpt lat="38.604428" lon="-0.272701"><ele>365.1</ele></trkpt>
    <trkpt lat="38.604752" lon="-0.272612"><ele>365.7</ele></trkpt>
    <trkpt lat="38.605057" lon="-0.272632"><ele>366.4</ele></trkpt>
    <trkpt lat="38.60517" lon="-0.272677"><ele>366.7</ele></trkpt>
    <trkpt lat="38.605347" lon="-0.272787"><ele>367.2</ele></trkpt>
    <trkpt lat="38.605713" lon="-0.273103"><ele>368.2</ele></trkpt>
    <trkpt lat="38.605963" lon="-0.27328"><ele>368.3</ele></trkpt>
    <trkpt lat="38.606476" lon="-0.273528"><ele>368.1</ele></trkpt>
    <trkpt lat="38.606663" lon="-0.27355"><ele>367.9</ele></trkpt>
    <trkpt lat="38.606715" lon="-0.273527"><ele>367.9</ele></trkpt>
    <trkpt lat="38.606773" lon="-0.273474"><ele>367.8</ele></trkpt>
    <trkpt lat="38.607116" lon="-0.273125"><ele>367.4</ele></trkpt>
    <trkpt lat="38.607156" lon="-0.272987"><ele>367.3</ele></trkpt>
    <trkpt lat="38.607139" lon="-0.272916"><ele>367.3</ele></trkpt>
    <trkpt lat="38.607029" lon="-0.27274"><ele>367.2</ele></trkpt>
    <trkpt lat="38.606762" lon="-0.272505"><ele>367.1</ele></trkpt>
    <trkpt lat="38.606592" lon="-0.272239"><ele>367.1</ele></trkpt>
    <trkpt lat="38.606553" lon="-0.271935"><ele>367.5</ele></trkpt>
    <trkpt lat="38.606591" lon="-0.271065"><ele>370.8</ele></trkpt>
    <trkpt lat="38.606662" lon="-0.270796"><ele>372.5</ele></trkpt>
    <trkpt lat="38.606789" lon="-0.270685"><ele>373.8</ele></trkpt>
    <trkpt lat="38.606996" lon="-0.270683"><ele>375.6</ele></trkpt>
    <trkpt lat="38.607619" lon="-0.270842"><ele>381.3</ele></trkpt>
    <trkpt lat="38.60776" lon="-0.270783"><ele>382.6</ele></trkpt>
    <trkpt lat="38.608002" lon="-0.270593"><ele>385</ele></trkpt>
    <trkpt lat="38.608103" lon="-0.270607"><ele>385.8</ele></trkpt>
    <trkpt lat="38.608164" lon="-0.2707"><ele>386.5</ele></trkpt>
    <trkpt lat="38.608165" lon="-0.270801"><ele>386.9</ele></trkpt>
    <trkpt lat="38.608106" lon="-0.27091"><ele>387.5</ele></trkpt>
    <trkpt lat="38.608016" lon="-0.27098"><ele>388</ele></trkpt>
    <trkpt lat="38.607774" lon="-0.271071"><ele>388.6</ele></trkpt>
    <trkpt lat="38.607588" lon="-0.271182"><ele>388.7</ele></trkpt>
    <trkpt lat="38.607515" lon="-0.271252"><ele>388.6</ele></trkpt>
    <trkpt lat="38.607491" lon="-0.271326"><ele>388.6</ele></trkpt>
    <trkpt lat="38.607491" lon="-0.271466"><ele>388.4</ele></trkpt>
    <trkpt lat="38.607498" lon="-0.272598"><ele>386.2</ele></trkpt>
    <trkpt lat="38.607524" lon="-0.272823"><ele>386</ele></trkpt>
    <trkpt lat="38.607601" lon="-0.272974"><ele>386.1</ele></trkpt>
    <trkpt lat="38.607625" lon="-0.273"><ele>386.1</ele></trkpt>
    <trkpt lat="38.607693" lon="-0.273078"><ele>386.4</ele></trkpt>
    <trkpt lat="38.608055" lon="-0.273548"><ele>390.3</ele></trkpt>
    <trkpt lat="38.608129" lon="-0.273687"><ele>391.7</ele></trkpt>
    <trkpt lat="38.608211" lon="-0.273773"><ele>393.1</ele></trkpt>
    <trkpt lat="38.608471" lon="-0.273863"><ele>396.6</ele></trkpt>
    <trkpt lat="38.608574" lon="-0.273885"><ele>397.9</ele></trkpt>
    <trkpt lat="38.608934" lon="-0.273858"><ele>402.4</ele></trkpt>
    <trkpt lat="38.609189" lon="-0.273689"><ele>405.9</ele></trkpt>
    <trkpt lat="38.609293" lon="-0.273638"><ele>407.1</ele></trkpt>
    <trkpt lat="38.609373" lon="-0.273663"><ele>407.8</ele></trkpt>
    <trkpt lat="38.609424" lon="-0.273731"><ele>408.3</ele></trkpt>
    <trkpt lat="38.609606" lon="-0.274114"><ele>409.8</ele></trkpt>
    <trkpt lat="38.609642" lon="-0.274255"><ele>410</ele></trkpt>
    <trkpt lat="38.609622" lon="-0.274427"><ele>410.1</ele></trkpt>
    <trkpt lat="38.609423" lon="-0.27529"><ele>409.7</ele></trkpt>
    <trkpt lat="38.609395" lon="-0.275623"><ele>409.9</ele></trkpt>
    <trkpt lat="38.609467" lon="-0.276433"><ele>411.5</ele></trkpt>
    <trkpt lat="38.609769" lon="-0.277102"><ele>414.6</ele></trkpt>
    <trkpt lat="38.609739" lon="-0.277321"><ele>415.5</ele></trkpt>
    <trkpt lat="38.609583" lon="-0.277664"><ele>417</ele></trkpt>
    <trkpt lat="38.609532" lon="-0.277837"><ele>417.5</ele></trkpt>
    <trkpt lat="38.609521" lon="-0.278171"><ele>419</ele></trkpt>
    <trkpt lat="38.609558" lon="-0.278344"><ele>420</ele></trkpt>
    <trkpt lat="38.609572" lon="-0.278383"><ele>420.2</ele></trkpt>
    <trkpt lat="38.60974" lon="-0.278713"><ele>422.6</ele></trkpt>
    <trkpt lat="38.609769" lon="-0.278763"><ele>422.9</ele></trkpt>
    <trkpt lat="38.609812" lon="-0.278845"><ele>423.6</ele></trkpt>
    <trkpt lat="38.609935" lon="-0.279062"><ele>425.4</ele></trkpt>
    <trkpt lat="38.61003" lon="-0.279124"><ele>426.4</ele></trkpt>
    <trkpt lat="38.610181" lon="-0.279142"><ele>427.8</ele></trkpt>
    <trkpt lat="38.61031" lon="-0.279108"><ele>428.9</ele></trkpt>
    <trkpt lat="38.610985" lon="-0.278783"><ele>434.8</ele></trkpt>
    <trkpt lat="38.610995" lon="-0.278779"><ele>434.9</ele></trkpt>
    <trkpt lat="38.611171" lon="-0.278731"><ele>436.5</ele></trkpt>
    <trkpt lat="38.611678" lon="-0.278678"><ele>440.8</ele></trkpt>
    <trkpt lat="38.611928" lon="-0.278768"><ele>443.5</ele></trkpt>
    <trkpt lat="38.612068" lon="-0.278775"><ele>444.9</ele></trkpt>
    <trkpt lat="38.612136" lon="-0.278746"><ele>445.6</ele></trkpt>
    <trkpt lat="38.612414" lon="-0.278507"><ele>449.1</ele></trkpt>
    <trkpt lat="38.612475" lon="-0.278483"><ele>449.7</ele></trkpt>
    <trkpt lat="38.612711" lon="-0.278521"><ele>452.1</ele></trkpt>
    <trkpt lat="38.612769" lon="-0.278501"><ele>452.7</ele></trkpt>
    <trkpt lat="38.612883" lon="-0.2784"><ele>453.9</ele></trkpt>
    <trkpt lat="38.613081" lon="-0.278144"><ele>456</ele></trkpt>
    <trkpt lat="38.613195" lon="-0.278091"><ele>456.8</ele></trkpt>
    <trkpt lat="38.613292" lon="-0.278119"><ele>457.3</ele></trkpt>
    <trkpt lat="38.613333" lon="-0.27817"><ele>457.7</ele></trkpt>
    <trkpt lat="38.613378" lon="-0.27832"><ele>458.3</ele></trkpt>
    <trkpt lat="38.613403" lon="-0.279069"><ele>459.7</ele></trkpt>
    <trkpt lat="38.613578" lon="-0.279472"><ele>459.5</ele></trkpt>
    <trkpt lat="38.613621" lon="-0.279668"><ele>459.2</ele></trkpt>
    <trkpt lat="38.613608" lon="-0.280167"><ele>458.3</ele></trkpt>
    <trkpt lat="38.61356" lon="-0.280444"><ele>457.8</ele></trkpt>
    <trkpt lat="38.613398" lon="-0.280972"><ele>457.4</ele></trkpt>
    <trkpt lat="38.613268" lon="-0.281218"><ele>457.5</ele></trkpt>
    <trkpt lat="38.612953" lon="-0.28164"><ele>458.7</ele></trkpt>
    <trkpt lat="38.612916" lon="-0.281784"><ele>459.2</ele></trkpt>
    <trkpt lat="38.612931" lon="-0.281861"><ele>459.5</ele></trkpt>
    <trkpt lat="38.613002" lon="-0.281972"><ele>460.1</ele></trkpt>
    <trkpt lat="38.613155" lon="-0.281998"><ele>461</ele></trkpt>
    <trkpt lat="38.613276" lon="-0.281954"><ele>461.8</ele></trkpt>
    <trkpt lat="38.613732" lon="-0.281687"><ele>465.3</ele></trkpt>
    <trkpt lat="38.613878" lon="-0.281663"><ele>466.3</ele></trkpt>
    <trkpt lat="38.614001" lon="-0.281698"><ele>467.2</ele></trkpt>
    <trkpt lat="38.614095" lon="-0.281803"><ele>468.1</ele></trkpt>
    <trkpt lat="38.614127" lon="-0.282004"><ele>469.3</ele></trkpt>
    <trkpt lat="38.614109" lon="-0.282277"><ele>470.7</ele></trkpt>
    <trkpt lat="38.614044" lon="-0.282522"><ele>471.6</ele></trkpt>
    <trkpt lat="38.614057" lon="-0.282684"><ele>472.2</ele></trkpt>
    <trkpt lat="38.614099" lon="-0.282776"><ele>472.5</ele></trkpt>
    <trkpt lat="38.614242" lon="-0.282949"><ele>473.3</ele></trkpt>
    <trkpt lat="38.614323" lon="-0.283013"><ele>473.7</ele></trkpt>
    <trkpt lat="38.614507" lon="-0.283075"><ele>474.7</ele></trkpt>
    <trkpt lat="38.614684" lon="-0.283143"><ele>475.8</ele></trkpt>
    <trkpt lat="38.614805" lon="-0.283314"><ele>477.1</ele></trkpt>
    <trkpt lat="38.61534" lon="-0.284373"><ele>485.4</ele></trkpt>
    <trkpt lat="38.615461" lon="-0.284725"><ele>488.3</ele></trkpt>
    <trkpt lat="38.615491" lon="-0.284855"><ele>489.3</ele></trkpt>
    <trkpt lat="38.615502" lon="-0.28506"><ele>490.8</ele></trkpt>
    <trkpt lat="38.615342" lon="-0.285678"><ele>495.3</ele></trkpt>
    <trkpt lat="38.615298" lon="-0.286118"><ele>498.2</ele></trkpt>
    <trkpt lat="38.61523" lon="-0.286967"><ele>503.3</ele></trkpt>
    <trkpt lat="38.61525" lon="-0.287135"><ele>504.2</ele></trkpt>
    <trkpt lat="38.615358" lon="-0.28754"><ele>506.3</ele></trkpt>
    <trkpt lat="38.615321" lon="-0.287793"><ele>507.5</ele></trkpt>
    <trkpt lat="38.615241" lon="-0.287975"><ele>508.3</ele></trkpt>
    <trkpt lat="38.61508" lon="-0.288144"><ele>509.4</ele></trkpt>
    <trkpt lat="38.61494" lon="-0.288235"><ele>510.2</ele></trkpt>
    <trkpt lat="38.614673" lon="-0.288332"><ele>511.7</ele></trkpt>
    <trkpt lat="38.61462" lon="-0.288422"><ele>512.1</ele></trkpt>
    <trkpt lat="38.614609" lon="-0.288538"><ele>512.6</ele></trkpt>
    <trkpt lat="38.614691" lon="-0.288699"><ele>513.3</ele></trkpt>
    <trkpt lat="38.614983" lon="-0.288858"><ele>514.8</ele></trkpt>
    <trkpt lat="38.615353" lon="-0.28911"><ele>516.6</ele></trkpt>
    <trkpt lat="38.615465" lon="-0.289215"><ele>517.3</ele></trkpt>
    <trkpt lat="38.615553" lon="-0.289345"><ele>518</ele></trkpt>
    <trkpt lat="38.615597" lon="-0.289587"><ele>519</ele></trkpt>
    <trkpt lat="38.615592" lon="-0.290407"><ele>522.2</ele></trkpt>
    <trkpt lat="38.615672" lon="-0.290673"><ele>523.1</ele></trkpt>
    <trkpt lat="38.615966" lon="-0.291175"><ele>524.6</ele></trkpt>
    <trkpt lat="38.616045" lon="-0.29129"><ele>524.9</ele></trkpt>
    <trkpt lat="38.616274" lon="-0.291515"><ele>525.7</ele></trkpt>
    <trkpt lat="38.61631" lon="-0.291609"><ele>525.8</ele></trkpt>
    <trkpt lat="38.616311" lon="-0.29171"><ele>526</ele></trkpt>
    <trkpt lat="38.616279" lon="-0.29182"><ele>526.2</ele></trkpt>
    <trkpt lat="38.616219" lon="-0.291896"><ele>526.3</ele></trkpt>
    <trkpt lat="38.615985" lon="-0.292083"><ele>526.8</ele></trkpt>
    <trkpt lat="38.6159" lon="-0.292233"><ele>527.1</ele></trkpt>
    <trkpt lat="38.615849" lon="-0.292413"><ele>527.4</ele></trkpt>
    <trkpt lat="38.615895" lon="-0.293003"><ele>528.7</ele></trkpt>
    <trkpt lat="38.615878" lon="-0.293303"><ele>529.8</ele></trkpt>
    <trkpt lat="38.615886" lon="-0.293376"><ele>530.1</ele></trkpt>
    <trkpt lat="38.615903" lon="-0.29352"><ele>530.8</ele></trkpt>
    <trkpt lat="38.615951" lon="-0.293702"><ele>531.7</ele></trkpt>
    <trkpt lat="38.616131" lon="-0.29396"><ele>533.6</ele></trkpt>
    <trkpt lat="38.616214" lon="-0.294127"><ele>534.7</ele></trkpt>
    <trkpt lat="38.616278" lon="-0.294398"><ele>536.3</ele></trkpt>
    <trkpt lat="38.616385" lon="-0.294682"><ele>537.9</ele></trkpt>
    <trkpt lat="38.616658" lon="-0.295146"><ele>540.4</ele></trkpt>
    <trkpt lat="38.61667" lon="-0.295325"><ele>541.2</ele></trkpt>
    <trkpt lat="38.616527" lon="-0.295647"><ele>542.4</ele></trkpt>
    <trkpt lat="38.616504" lon="-0.295825"><ele>542.9</ele></trkpt>
    <trkpt lat="38.616695" lon="-0.296808"><ele>545.2</ele></trkpt>
    <trkpt lat="38.616807" lon="-0.297131"><ele>545.9</ele></trkpt>
    <trkpt lat="38.617126" lon="-0.297463"><ele>546.8</ele></trkpt>
    <trkpt lat="38.617233" lon="-0.297629"><ele>547.1</ele></trkpt>
    <trkpt lat="38.617267" lon="-0.297778"><ele>547.4</ele></trkpt>
    <trkpt lat="38.617259" lon="-0.298054"><ele>548.1</ele></trkpt>
    <trkpt lat="38.617282" lon="-0.298235"><ele>548.6</ele></trkpt>
    <trkpt lat="38.617344" lon="-0.298399"><ele>549.1</ele></trkpt>
    <trkpt lat="38.617451" lon="-0.298533"><ele>549.7</ele></trkpt>
    <trkpt lat="38.617837" lon="-0.298813"><ele>551.7</ele></trkpt>
    <trkpt lat="38.618308" lon="-0.299019"><ele>554.2</ele></trkpt>
    <trkpt lat="38.618674" lon="-0.299059"><ele>556</ele></trkpt>
    <trkpt lat="38.619102" lon="-0.299005"><ele>557.7</ele></trkpt>
    <trkpt lat="38.619856" lon="-0.298768"><ele>560</ele></trkpt>
    <trkpt lat="38.620022" lon="-0.298693"><ele>560.4</ele></trkpt>
    <trkpt lat="38.620724" lon="-0.298291"><ele>562.1</ele></trkpt>
    <trkpt lat="38.621013" lon="-0.298077"><ele>563.3</ele></trkpt>
    <trkpt lat="38.621393" lon="-0.29787"><ele>564.9</ele></trkpt>
    <trkpt lat="38.621828" lon="-0.297552"><ele>565.3</ele></trkpt>
    <trkpt lat="38.622104" lon="-0.29742"><ele>565.5</ele></trkpt>
    <trkpt lat="38.62231" lon="-0.297367"><ele>565.7</ele></trkpt>
    <trkpt lat="38.622489" lon="-0.297337"><ele>566.1</ele></trkpt>
    <trkpt lat="38.62279" lon="-0.297383"><ele>567</ele></trkpt>
    <trkpt lat="38.623068" lon="-0.297333"><ele>568</ele></trkpt>
    <trkpt lat="38.62315" lon="-0.297274"><ele>568.3</ele></trkpt>
    <trkpt lat="38.623314" lon="-0.297016"><ele>569</ele></trkpt>
    <trkpt lat="38.623425" lon="-0.296889"><ele>569.7</ele></trkpt>
    <trkpt lat="38.62368" lon="-0.29664"><ele>571.8</ele></trkpt>
    <trkpt lat="38.623968" lon="-0.296502"><ele>573.9</ele></trkpt>
    <trkpt lat="38.624059" lon="-0.296505"><ele>574.6</ele></trkpt>
    <trkpt lat="38.624203" lon="-0.296605"><ele>575.7</ele></trkpt>
    <trkpt lat="38.624437" lon="-0.296967"><ele>577.9</ele></trkpt>
    <trkpt lat="38.624815" lon="-0.297214"><ele>580.2</ele></trkpt>
    <trkpt lat="38.624977" lon="-0.297361"><ele>581.1</ele></trkpt>
    <trkpt lat="38.625166" lon="-0.297589"><ele>582.3</ele></trkpt>
    <trkpt lat="38.625235" lon="-0.297744"><ele>583</ele></trkpt>
    <trkpt lat="38.625322" lon="-0.298093"><ele>584.3</ele></trkpt>
    <trkpt lat="38.62551" lon="-0.298673"><ele>586.4</ele></trkpt>
    <trkpt lat="38.625578" lon="-0.298809"><ele>587</ele></trkpt>
    <trkpt lat="38.62565" lon="-0.298889"><ele>587.4</ele></trkpt>
    <trkpt lat="38.625834" lon="-0.298993"><ele>588.3</ele></trkpt>
    <trkpt lat="38.626253" lon="-0.299077"><ele>589.6</ele></trkpt>
    <trkpt lat="38.626381" lon="-0.299048"><ele>590.1</ele></trkpt>
    <trkpt lat="38.626628" lon="-0.298856"><ele>591.6</ele></trkpt>
    <trkpt lat="38.626693" lon="-0.298844"><ele>592</ele></trkpt>
    <trkpt lat="38.626725" lon="-0.298858"><ele>592.1</ele></trkpt>
    <trkpt lat="38.626796" lon="-0.298959"><ele>592.7</ele></trkpt>
    <trkpt lat="38.626779" lon="-0.29911"><ele>593.4</ele></trkpt>
    <trkpt lat="38.626605" lon="-0.299426"><ele>595.4</ele></trkpt>
    <trkpt lat="38.626575" lon="-0.299697"><ele>596.8</ele></trkpt>
    <trkpt lat="38.626602" lon="-0.299949"><ele>598.1</ele></trkpt>
    <trkpt lat="38.626728" lon="-0.300541"><ele>601.3</ele></trkpt>
    <trkpt lat="38.626826" lon="-0.301366"><ele>606.2</ele></trkpt>
    <trkpt lat="38.626931" lon="-0.301776"><ele>608.7</ele></trkpt>
    <trkpt lat="38.626983" lon="-0.301889"><ele>609.4</ele></trkpt>
    <trkpt lat="38.627055" lon="-0.301981"><ele>610.2</ele></trkpt>
    <trkpt lat="38.627167" lon="-0.302063"><ele>611.2</ele></trkpt>
    <trkpt lat="38.627487" lon="-0.302243"><ele>614.2</ele></trkpt>
    <trkpt lat="38.627609" lon="-0.302284"><ele>615.2</ele></trkpt>
    <trkpt lat="38.627743" lon="-0.302265"><ele>616.3</ele></trkpt>
    <trkpt lat="38.628368" lon="-0.301901"><ele>620.4</ele></trkpt>
    <trkpt lat="38.628533" lon="-0.301929"><ele>621.1</ele></trkpt>
    <trkpt lat="38.628581" lon="-0.302015"><ele>621.4</ele></trkpt>
    <trkpt lat="38.628577" lon="-0.302115"><ele>621.7</ele></trkpt>
    <trkpt lat="38.628542" lon="-0.302179"><ele>621.9</ele></trkpt>
    <trkpt lat="38.628297" lon="-0.302339"><ele>622.8</ele></trkpt>
    <trkpt lat="38.628176" lon="-0.302495"><ele>623.3</ele></trkpt>
    <trkpt lat="38.628099" lon="-0.30265"><ele>623.8</ele></trkpt>
    <trkpt lat="38.628069" lon="-0.302813"><ele>624.3</ele></trkpt>
    <trkpt lat="38.628121" lon="-0.303009"><ele>624.9</ele></trkpt>
    <trkpt lat="38.628427" lon="-0.303618"><ele>627.7</ele></trkpt>
    <trkpt lat="38.628498" lon="-0.30382"><ele>628.7</ele></trkpt>
    <trkpt lat="38.628519" lon="-0.304191"><ele>630.7</ele></trkpt>
    <trkpt lat="38.628482" lon="-0.304373"><ele>631.7</ele></trkpt>
    <trkpt lat="38.62823" lon="-0.304797"><ele>634.1</ele></trkpt>
    <trkpt lat="38.628098" lon="-0.304927"><ele>634.9</ele></trkpt>
    <trkpt lat="38.627841" lon="-0.305065"><ele>636.2</ele></trkpt>
    <trkpt lat="38.627447" lon="-0.305082"><ele>637.9</ele></trkpt>
    <trkpt lat="38.627376" lon="-0.30513"><ele>638.2</ele></trkpt>
    <trkpt lat="38.627318" lon="-0.305257"><ele>638.7</ele></trkpt>
    <trkpt lat="38.627343" lon="-0.305457"><ele>639.3</ele></trkpt>
    <trkpt lat="38.627464" lon="-0.305871"><ele>641.2</ele></trkpt>
    <trkpt lat="38.627615" lon="-0.306037"><ele>642.6</ele></trkpt>
    <trkpt lat="38.627973" lon="-0.306341"><ele>645.7</ele></trkpt>
    <trkpt lat="38.628443" lon="-0.306649"><ele>649.5</ele></trkpt>
    <trkpt lat="38.628844" lon="-0.307028"><ele>652.8</ele></trkpt>
    <trkpt lat="38.628877" lon="-0.307118"><ele>653.3</ele></trkpt>
    <trkpt lat="38.628941" lon="-0.307514"><ele>655.5</ele></trkpt>
    <trkpt lat="38.628952" lon="-0.307697"><ele>656.4</ele></trkpt>
    <trkpt lat="38.628906" lon="-0.308209"><ele>658.9</ele></trkpt>
    <trkpt lat="38.628931" lon="-0.308394"><ele>659.9</ele></trkpt>
    <trkpt lat="38.629046" lon="-0.308544"><ele>660.9</ele></trkpt>
    <trkpt lat="38.629283" lon="-0.308667"><ele>662.6</ele></trkpt>
    <trkpt lat="38.62943" lon="-0.308781"><ele>663.6</ele></trkpt>
    <trkpt lat="38.629583" lon="-0.308955"><ele>664.7</ele></trkpt>
    <trkpt lat="38.629742" lon="-0.309241"><ele>666.2</ele></trkpt>
    <trkpt lat="38.629774" lon="-0.309386"><ele>666.8</ele></trkpt>
    <trkpt lat="38.629778" lon="-0.30954"><ele>667.3</ele></trkpt>
    <trkpt lat="38.629724" lon="-0.309788"><ele>668.3</ele></trkpt>
    <trkpt lat="38.629567" lon="-0.310025"><ele>669.6</ele></trkpt>
    <trkpt lat="38.629449" lon="-0.310104"><ele>670.3</ele></trkpt>
    <trkpt lat="38.629335" lon="-0.310106"><ele>671</ele></trkpt>
    <trkpt lat="38.629142" lon="-0.310006"><ele>672.3</ele></trkpt>
    <trkpt lat="38.629011" lon="-0.309988"><ele>673.2</ele></trkpt>
    <trkpt lat="38.628844" lon="-0.31003"><ele>674.5</ele></trkpt>
    <trkpt lat="38.628768" lon="-0.310085"><ele>675.2</ele></trkpt>
    <trkpt lat="38.628648" lon="-0.310252"><ele>676.6</ele></trkpt>
    <trkpt lat="38.628609" lon="-0.31051"><ele>678.4</ele></trkpt>
    <trkpt lat="38.628562" lon="-0.310647"><ele>679.5</ele></trkpt>
    <trkpt lat="38.628435" lon="-0.310837"><ele>681.5</ele></trkpt>
    <trkpt lat="38.628319" lon="-0.310911"><ele>682.8</ele></trkpt>
    <trkpt lat="38.628009" lon="-0.310828"><ele>686.1</ele></trkpt>
    <trkpt lat="38.627413" lon="-0.310933"><ele>692.1</ele></trkpt>
    <trkpt lat="38.627329" lon="-0.310885"><ele>693</ele></trkpt>
    <trkpt lat="38.627105" lon="-0.310683"><ele>695.5</ele></trkpt>
    <trkpt lat="38.627029" lon="-0.310681"><ele>696</ele></trkpt>
    <trkpt lat="38.626922" lon="-0.310739"><ele>696.6</ele></trkpt>
    <trkpt lat="38.626862" lon="-0.310828"><ele>697</ele></trkpt>
    <trkpt lat="38.626846" lon="-0.310902"><ele>697.3</ele></trkpt>
    <trkpt lat="38.626845" lon="-0.311059"><ele>697.8</ele></trkpt>
    <trkpt lat="38.626996" lon="-0.311609"><ele>699</ele></trkpt>
    <trkpt lat="38.627079" lon="-0.311701"><ele>699.2</ele></trkpt>
    <trkpt lat="38.627227" lon="-0.311714"><ele>699.5</ele></trkpt>
    <trkpt lat="38.627316" lon="-0.311617"><ele>699.6</ele></trkpt>
    <trkpt lat="38.627425" lon="-0.311293"><ele>700.1</ele></trkpt>
    <trkpt lat="38.627539" lon="-0.311241"><ele>700.2</ele></trkpt>
    <trkpt lat="38.627623" lon="-0.311277"><ele>700.3</ele></trkpt>
    <trkpt lat="38.627969" lon="-0.311648"><ele>700</ele></trkpt>
    <trkpt lat="38.628253" lon="-0.311828"><ele>700.6</ele></trkpt>
    <trkpt lat="38.628378" lon="-0.311874"><ele>701</ele></trkpt>
    <trkpt lat="38.628598" lon="-0.311835"><ele>702.2</ele></trkpt>
    <trkpt lat="38.628909" lon="-0.311627"><ele>704.4</ele></trkpt>
    <trkpt lat="38.629026" lon="-0.311619"><ele>705.3</ele></trkpt>
    <trkpt lat="38.629106" lon="-0.311681"><ele>706</ele></trkpt>
    <trkpt lat="38.629311" lon="-0.311944"><ele>708.3</ele></trkpt>
    <trkpt lat="38.629693" lon="-0.31226"><ele>712.4</ele></trkpt>
    <trkpt lat="38.630568" lon="-0.312831"><ele>721.7</ele></trkpt>
    <trkpt lat="38.630916" lon="-0.312965"><ele>724.2</ele></trkpt>
    <trkpt lat="38.631335" lon="-0.313188"><ele>727</ele></trkpt>
    <trkpt lat="38.631734" lon="-0.313283"><ele>729.1</ele></trkpt>
    <trkpt lat="38.631961" lon="-0.313382"><ele>730.2</ele></trkpt>
    <trkpt lat="38.632415" lon="-0.31346"><ele>732</ele></trkpt>
    <trkpt lat="38.632883" lon="-0.313597"><ele>734</ele></trkpt>
    <trkpt lat="38.63306" lon="-0.31357"><ele>734.8</ele></trkpt>
    <trkpt lat="38.633282" lon="-0.313323"><ele>736.5</ele></trkpt>
    <trkpt lat="38.63337" lon="-0.313265"><ele>737.2</ele></trkpt>
    <trkpt lat="38.633732" lon="-0.313142"><ele>739.9</ele></trkpt>
    <trkpt lat="38.633917" lon="-0.31315"><ele>741.4</ele></trkpt>
    <trkpt lat="38.634074" lon="-0.313264"><ele>743</ele></trkpt>
    <trkpt lat="38.634326" lon="-0.313538"><ele>746.1</ele></trkpt>
    <trkpt lat="38.634657" lon="-0.313764"><ele>750.1</ele></trkpt>
    <trkpt lat="38.635007" lon="-0.314183"><ele>755.6</ele></trkpt>
    <trkpt lat="38.635402" lon="-0.31442"><ele>760.1</ele></trkpt>
    <trkpt lat="38.635509" lon="-0.314545"><ele>761.5</ele></trkpt>
    <trkpt lat="38.63558" lon="-0.31471"><ele>762.8</ele></trkpt>
    <trkpt lat="38.635661" lon="-0.31483"><ele>763.9</ele></trkpt>
    <trkpt lat="38.635958" lon="-0.315163"><ele>767.4</ele></trkpt>
    <trkpt lat="38.636208" lon="-0.315317"><ele>769.8</ele></trkpt>
    <trkpt lat="38.636651" lon="-0.315536"><ele>773.6</ele></trkpt>
    <trkpt lat="38.636859" lon="-0.315684"><ele>775.1</ele></trkpt>
    <trkpt lat="38.636996" lon="-0.3159"><ele>776.3</ele></trkpt>
    <trkpt lat="38.637072" lon="-0.316084"><ele>777.1</ele></trkpt>
    <trkpt lat="38.637148" lon="-0.316478"><ele>778.5</ele></trkpt>
    <trkpt lat="38.637234" lon="-0.316544"><ele>778.9</ele></trkpt>
    <trkpt lat="38.637298" lon="-0.316507"><ele>779.2</ele></trkpt>
    <trkpt lat="38.63738" lon="-0.316381"><ele>779.7</ele></trkpt>
    <trkpt lat="38.637468" lon="-0.316002"><ele>780.9</ele></trkpt>
    <trkpt lat="38.637518" lon="-0.315932"><ele>781.2</ele></trkpt>
    <trkpt lat="38.638077" lon="-0.315959"><ele>783.5</ele></trkpt>
    <trkpt lat="38.63855" lon="-0.315835"><ele>785.9</ele></trkpt>
    <trkpt lat="38.638793" lon="-0.315819"><ele>787.6</ele></trkpt>
    <trkpt lat="38.638903" lon="-0.31578"><ele>788.4</ele></trkpt>
    <trkpt lat="38.638953" lon="-0.3157"><ele>789</ele></trkpt>
    <trkpt lat="38.638972" lon="-0.315595"><ele>789.6</ele></trkpt>
    <trkpt lat="38.638923" lon="-0.315468"><ele>790.5</ele></trkpt>
    <trkpt lat="38.638811" lon="-0.315318"><ele>791.9</ele></trkpt>
    <trkpt lat="38.638798" lon="-0.315245"><ele>792.4</ele></trkpt>
    <trkpt lat="38.638849" lon="-0.315156"><ele>793.2</ele></trkpt>
    <trkpt lat="38.63896" lon="-0.31517"><ele>794.2</ele></trkpt>
    <trkpt lat="38.639304" lon="-0.315403"><ele>797.8</ele></trkpt>
    <trkpt lat="38.639404" lon="-0.315552"><ele>799.3</ele></trkpt>
    <trkpt lat="38.639533" lon="-0.315911"><ele>802.4</ele></trkpt>
    <trkpt lat="38.639649" lon="-0.31645"><ele>806.6</ele></trkpt>
    <trkpt lat="38.639723" lon="-0.316615"><ele>807.9</ele></trkpt>
    <trkpt lat="38.63988" lon="-0.316843"><ele>809.9</ele></trkpt>
    <trkpt lat="38.639918" lon="-0.316956"><ele>810.7</ele></trkpt>
    <trkpt lat="38.639917" lon="-0.317029"><ele>811.2</ele></trkpt>
    <trkpt lat="38.639861" lon="-0.317115"><ele>811.9</ele></trkpt>
    <trkpt lat="38.639568" lon="-0.31718"><ele>814.1</ele></trkpt>
    <trkpt lat="38.639503" lon="-0.317269"><ele>814.7</ele></trkpt>
    <trkpt lat="38.639438" lon="-0.317429"><ele>815.7</ele></trkpt>
    <trkpt lat="38.639387" lon="-0.317688"><ele>817</ele></trkpt>
    <trkpt lat="38.639424" lon="-0.318469"><ele>820.5</ele></trkpt>
    <trkpt lat="38.639415" lon="-0.318665"><ele>821.3</ele></trkpt>
    <trkpt lat="38.639335" lon="-0.319098"><ele>823.3</ele></trkpt>
    <trkpt lat="38.639057" lon="-0.319821"><ele>826.6</ele></trkpt>
    <trkpt lat="38.638988" lon="-0.320143"><ele>828.1</ele></trkpt>
    <trkpt lat="38.638916" lon="-0.320739"><ele>831.4</ele></trkpt>
    <trkpt lat="38.638911" lon="-0.320981"><ele>833.1</ele></trkpt>
    <trkpt lat="38.638982" lon="-0.321271"><ele>835.4</ele></trkpt>
    <trkpt lat="38.639091" lon="-0.321458"><ele>837.3</ele></trkpt>
    <trkpt lat="38.639224" lon="-0.321523"><ele>838.9</ele></trkpt>
    <trkpt lat="38.639466" lon="-0.321506"><ele>841.8</ele></trkpt>
    <trkpt lat="38.63957" lon="-0.321611"><ele>843.5</ele></trkpt>
    <trkpt lat="38.63962" lon="-0.321764"><ele>845.3</ele></trkpt>
    <trkpt lat="38.639631" lon="-0.321912"><ele>846.8</ele></trkpt>
    <trkpt lat="38.639632" lon="-0.322548"><ele>852.8</ele></trkpt>
    <trkpt lat="38.639661" lon="-0.322775"><ele>854.6</ele></trkpt>
    <trkpt lat="38.639707" lon="-0.32294"><ele>855.9</ele></trkpt>
    <trkpt lat="38.639896" lon="-0.323179"><ele>857.9</ele></trkpt>
    <trkpt lat="38.639965" lon="-0.323377"><ele>859</ele></trkpt>
    <trkpt lat="38.640016" lon="-0.32345"><ele>859.4</ele></trkpt>
    <trkpt lat="38.640082" lon="-0.32347"><ele>859.8</ele></trkpt>
    <trkpt lat="38.640134" lon="-0.323447"><ele>860.1</ele></trkpt>
    <trkpt lat="38.640174" lon="-0.323386"><ele>860.4</ele></trkpt>
    <trkpt lat="38.640181" lon="-0.323298"><ele>860.8</ele></trkpt>
    <trkpt lat="38.640145" lon="-0.323192"><ele>861.3</ele></trkpt>
    <trkpt lat="38.639923" lon="-0.322908"><ele>862.6</ele></trkpt>
    <trkpt lat="38.639911" lon="-0.322779"><ele>862.9</ele></trkpt>
    <trkpt lat="38.640332" lon="-0.320748"><ele>870</ele></trkpt>
    <trkpt lat="38.640412" lon="-0.320551"><ele>871.1</ele></trkpt>
    <trkpt lat="38.640631" lon="-0.320279"><ele>873.6</ele></trkpt>
    <trkpt lat="38.640784" lon="-0.319992"><ele>876.2</ele></trkpt>
    <trkpt lat="38.640861" lon="-0.319917"><ele>877.2</ele></trkpt>
    <trkpt lat="38.640982" lon="-0.319905"><ele>878.5</ele></trkpt>
    <trkpt lat="38.641237" lon="-0.320024"><ele>881.2</ele></trkpt>
    <trkpt lat="38.64154" lon="-0.320101"><ele>884.1</ele></trkpt>
    <trkpt lat="38.641766" lon="-0.320221"><ele>886.1</ele></trkpt>
    <trkpt lat="38.641991" lon="-0.320276"><ele>887.7</ele></trkpt>
    <trkpt lat="38.642129" lon="-0.320221"><ele>888.6</ele></trkpt>
    <trkpt lat="38.642373" lon="-0.32"><ele>890</ele></trkpt>
    <trkpt lat="38.642393" lon="-0.319848"><ele>890.4</ele></trkpt>
    <trkpt lat="38.642316" lon="-0.319399"><ele>891.1</ele></trkpt>
    <trkpt lat="38.642315" lon="-0.318515"><ele>892.3</ele></trkpt>
    <trkpt lat="38.642179" lon="-0.318174"><ele>893.7</ele></trkpt>
    <trkpt lat="38.642156" lon="-0.318064"><ele>894.2</ele></trkpt>
    <trkpt lat="38.642175" lon="-0.317993"><ele>894.6</ele></trkpt>
    <trkpt lat="38.642247" lon="-0.317938"><ele>895.2</ele></trkpt>
    <trkpt lat="38.642298" lon="-0.317963"><ele>895.6</ele></trkpt>
    <trkpt lat="38.642347" lon="-0.318068"><ele>896.4</ele></trkpt>
    <trkpt lat="38.642694" lon="-0.319264"><ele>907.4</ele></trkpt>
    <trkpt lat="38.642937" lon="-0.319655"><ele>911.9</ele></trkpt>
    <trkpt lat="38.642974" lon="-0.319802"><ele>913.1</ele></trkpt>
    <trkpt lat="38.642978" lon="-0.320007"><ele>914.6</ele></trkpt>
    <trkpt lat="38.642956" lon="-0.320313"><ele>916.4</ele></trkpt>
    <trkpt lat="38.642922" lon="-0.32048"><ele>917.1</ele></trkpt>
    <trkpt lat="38.642547" lon="-0.320952"><ele>918.6</ele></trkpt>
    <trkpt lat="38.642217" lon="-0.321058"><ele>918.7</ele></trkpt>
    <trkpt lat="38.641952" lon="-0.321194"><ele>918.5</ele></trkpt>
    <trkpt lat="38.641616" lon="-0.321125"><ele>918.5</ele></trkpt>
    <trkpt lat="38.641564" lon="-0.321153"><ele>918.5</ele></trkpt>
    <trkpt lat="38.641518" lon="-0.32123"><ele>918.6</ele></trkpt>
    <trkpt lat="38.64146" lon="-0.321589"><ele>919</ele></trkpt>
    <trkpt lat="38.641488" lon="-0.321726"><ele>919.3</ele></trkpt>
    <trkpt lat="38.641727" lon="-0.3223"><ele>921.5</ele></trkpt>
    <trkpt lat="38.641889" lon="-0.322511"><ele>923.1</ele></trkpt>
    <trkpt lat="38.642081" lon="-0.322865"><ele>925.7</ele></trkpt>
    <trkpt lat="38.642161" lon="-0.322898"><ele>926.5</ele></trkpt>
    <trkpt lat="38.642218" lon="-0.322868"><ele>927</ele></trkpt>
    <trkpt lat="38.642243" lon="-0.322806"><ele>927.5</ele></trkpt>
    <trkpt lat="38.64221" lon="-0.322596"><ele>929</ele></trkpt>
    <trkpt lat="38.642034" lon="-0.322122"><ele>932.8</ele></trkpt>
    <trkpt lat="38.642068" lon="-0.321937"><ele>934.2</ele></trkpt>
    <trkpt lat="38.642151" lon="-0.321826"><ele>935.2</ele></trkpt>
    <trkpt lat="38.642325" lon="-0.321708"><ele>937</ele></trkpt>
    <trkpt lat="38.642784" lon="-0.321599"><ele>940.9</ele></trkpt>
    <trkpt lat="38.642911" lon="-0.321523"><ele>941.9</ele></trkpt>
    <trkpt lat="38.643199" lon="-0.321263"><ele>944.2</ele></trkpt>
    <trkpt lat="38.64348" lon="-0.320881"><ele>946.3</ele></trkpt>
    <trkpt lat="38.643611" lon="-0.320629"><ele>947.2</ele></trkpt>
    <trkpt lat="38.643744" lon="-0.32023"><ele>948.4</ele></trkpt>
    <trkpt lat="38.643835" lon="-0.3198"><ele>949.8</ele></trkpt>
    <trkpt lat="38.643941" lon="-0.319052"><ele>953.6</ele></trkpt>
    <trkpt lat="38.644006" lon="-0.318939"><ele>954.5</ele></trkpt>
    <trkpt lat="38.644108" lon="-0.318907"><ele>955.4</ele></trkpt>
    <trkpt lat="38.644219" lon="-0.318994"><ele>956.7</ele></trkpt>
    <trkpt lat="38.644494" lon="-0.319514"><ele>962.3</ele></trkpt>
    <trkpt lat="38.645037" lon="-0.320744"><ele>977.8</ele></trkpt>
    <trkpt lat="38.645266" lon="-0.321352"><ele>984.7</ele></trkpt>
    <trkpt lat="38.64575" lon="-0.322268"><ele>993.2</ele></trkpt>
    <trkpt lat="38.645847" lon="-0.322536"><ele>995.4</ele></trkpt>
    <trkpt lat="38.645926" lon="-0.322941"><ele>998.3</ele></trkpt>
    <trkpt lat="38.646061" lon="-0.323217"><ele>1000.2</ele></trkpt>
    <trkpt lat="38.646117" lon="-0.323353"><ele>1001</ele></trkpt>
    <trkpt lat="38.646235" lon="-0.32384"><ele>1002.9</ele></trkpt>
    <trkpt lat="38.646377" lon="-0.324117"><ele>1003.8</ele></trkpt>
    <trkpt lat="38.646451" lon="-0.324346"><ele>1004.4</ele></trkpt>
    <trkpt lat="38.646547" lon="-0.324431"><ele>1004.8</ele></trkpt>
    <trkpt lat="38.646645" lon="-0.324427"><ele>1005.1</ele></trkpt>
    <trkpt lat="38.646717" lon="-0.324377"><ele>1005.4</ele></trkpt>
    <trkpt lat="38.646944" lon="-0.324009"><ele>1005.9</ele></trkpt>
    <trkpt lat="38.647071" lon="-0.323927"><ele>1006</ele></trkpt>
    <trkpt lat="38.647255" lon="-0.323904"><ele>1006.1</ele></trkpt>
    <trkpt lat="38.648035" lon="-0.323913"><ele>1009</ele></trkpt>
    <trkpt lat="38.648278" lon="-0.32401"><ele>1010.9</ele></trkpt>
    <trkpt lat="38.649518" lon="-0.324694"><ele>1022.7</ele></trkpt>
    <trkpt lat="38.649786" lon="-0.324779"><ele>1024.3</ele></trkpt>
    <trkpt lat="38.650119" lon="-0.324806"><ele>1025.9</ele></trkpt>
    <trkpt lat="38.650202" lon="-0.324813"><ele>1026.1</ele></trkpt>
    <trkpt lat="38.65013" lon="-0.32463"><ele>1026.5</ele></trkpt>
    <trkpt lat="38.65013" lon="-0.32463"><ele>1026.5</ele></trkpt>
    <trkpt lat="38.649828" lon="-0.323848"><ele>1027.2</ele></trkpt>
    <trkpt lat="38.649582" lon="-0.32311"><ele>1028.4</ele></trkpt>
    <trkpt lat="38.649546" lon="-0.322423"><ele>1030.7</ele></trkpt>
    <trkpt lat="38.649616" lon="-0.32189"><ele>1033.6</ele></trkpt>
    <trkpt lat="38.650353" lon="-0.321337"><ele>1042.5</ele></trkpt>
    <trkpt lat="38.650932" lon="-0.321211"><ele>1049.9</ele></trkpt>
    <trkpt lat="38.651432" lon="-0.321262"><ele>1055.3</ele></trkpt>
    <trkpt lat="38.651629" lon="-0.321347"><ele>1057.3</ele></trkpt>
    <trkpt lat="38.651865" lon="-0.321299"><ele>1059.4</ele></trkpt>
    <trkpt lat="38.651884" lon="-0.321079"><ele>1060.8</ele></trkpt>
    <trkpt lat="38.651865" lon="-0.320671"><ele>1062.8</ele></trkpt>
    <trkpt lat="38.65159" lon="-0.319967"><ele>1065.4</ele></trkpt>
    <trkpt lat="38.651325" lon="-0.319453"><ele>1069.5</ele></trkpt>
    <trkpt lat="38.650961" lon="-0.318923"><ele>1074.8</ele></trkpt>
    <trkpt lat="38.650706" lon="-0.318471"><ele>1079.5</ele></trkpt>
    <trkpt lat="38.650353" lon="-0.317666"><ele>1089.6</ele></trkpt>
    <trkpt lat="38.650392" lon="-0.316874"><ele>1095.5</ele></trkpt>
    <trkpt lat="38.65049" lon="-0.316271"><ele>1100.2</ele></trkpt>
    <trkpt lat="38.650402" lon="-0.315529"><ele>1108.3</ele></trkpt>
    <trkpt lat="38.650554" lon="-0.314932"><ele>1113.7</ele></trkpt>
    <trkpt lat="38.650706" lon="-0.314335"><ele>1118</ele></trkpt>
    <trkpt lat="38.650038" lon="-0.313725"><ele>1123.5</ele></trkpt>
    <trkpt lat="38.649371" lon="-0.313115"><ele>1124.1</ele></trkpt>
    <trkpt lat="38.649209" lon="-0.312323"><ele>1126.3</ele></trkpt>
    <trkpt lat="38.649047" lon="-0.311531"><ele>1130.4</ele></trkpt>
    <trkpt lat="38.648968" lon="-0.310689"><ele>1135.4</ele></trkpt>
    <trkpt lat="38.649067" lon="-0.309947"><ele>1142.2</ele></trkpt>
    <trkpt lat="38.649214" lon="-0.309224"><ele>1150.7</ele></trkpt>
    <trkpt lat="38.649361" lon="-0.308501"><ele>1160.5</ele></trkpt>
    <trkpt lat="38.649744" lon="-0.307986"><ele>1169</ele></trkpt>
    <trkpt lat="38.650127" lon="-0.30747"><ele>1175.5</ele></trkpt>
    <trkpt lat="38.650058" lon="-0.306427"><ele>1183</ele></trkpt>
    <trkpt lat="38.650097" lon="-0.305597"><ele>1189.3</ele></trkpt>
    <trkpt lat="38.650568" lon="-0.304922"><ele>1193.5</ele></trkpt>
    <trkpt lat="38.650298" lon="-0.304237"><ele>1196.7</ele></trkpt>
    <trkpt lat="38.650028" lon="-0.303552"><ele>1200</ele></trkpt>
    <trkpt lat="38.650126" lon="-0.302471"><ele>1206.2</ele></trkpt>
    <trkpt lat="38.650097" lon="-0.301339"><ele>1217.3</ele></trkpt>
    <trkpt lat="38.650234" lon="-0.300547"><ele>1225.9</ele></trkpt>
    <trkpt lat="38.650607" lon="-0.299617"><ele>1236.5</ele></trkpt>
    <trkpt lat="38.650479" lon="-0.298498"><ele>1246.1</ele></trkpt>
    <trkpt lat="38.650597" lon="-0.297631"><ele>1251.6</ele></trkpt>
    <trkpt lat="38.650892" lon="-0.296776"><ele>1261.2</ele></trkpt>
    <trkpt lat="38.651137" lon="-0.296587"><ele>1265.2</ele></trkpt>
    <trkpt lat="38.651694" lon="-0.296583"><ele>1272.5</ele></trkpt>
    <trkpt lat="38.652296" lon="-0.296574"><ele>1277.3</ele></trkpt>
    <trkpt lat="38.652506" lon="-0.296389"><ele>1278.3</ele></trkpt>
    <trkpt lat="38.652322" lon="-0.295553"><ele>1278.9</ele></trkpt>
    <trkpt lat="38.652138" lon="-0.294717"><ele>1280.1</ele></trkpt>
    <trkpt lat="38.651955" lon="-0.293881"><ele>1284.3</ele></trkpt>
    <trkpt lat="38.651771" lon="-0.293045"><ele>1288.7</ele></trkpt>
    <trkpt lat="38.651511" lon="-0.292567"><ele>1291.4</ele></trkpt>
    <trkpt lat="38.651251" lon="-0.29209"><ele>1294.6</ele></trkpt>
    <trkpt lat="38.651187" lon="-0.291449"><ele>1299</ele></trkpt>
    <trkpt lat="38.651123" lon="-0.290808"><ele>1306.8</ele></trkpt>
    <trkpt lat="38.651471" lon="-0.290173"><ele>1316.4</ele></trkpt>
    <trkpt lat="38.651819" lon="-0.289538"><ele>1323.5</ele></trkpt>
    <trkpt lat="38.651339" lon="-0.288922"><ele>1329</ele></trkpt>
    <trkpt lat="38.651153" lon="-0.288293"><ele>1332.2</ele></trkpt>
    <trkpt lat="38.651059" lon="-0.287357"><ele>1337.4</ele></trkpt>
    <trkpt lat="38.650966" lon="-0.28642"><ele>1344.4</ele></trkpt>
    <trkpt lat="38.651173" lon="-0.285942"><ele>1348.3</ele></trkpt>
    <trkpt lat="38.651541" lon="-0.285308"><ele>1353.5</ele></trkpt>
    <trkpt lat="38.651909" lon="-0.284673"><ele>1358.7</ele></trkpt>
    <trkpt lat="38.652174" lon="-0.284057"><ele>1362.3</ele></trkpt>
    <trkpt lat="38.652303" lon="-0.283303"><ele>1365</ele></trkpt>
    <trkpt lat="38.652115" lon="-0.282516"><ele>1369.7</ele></trkpt>
    <trkpt lat="38.651927" lon="-0.281729"><ele>1377.7</ele></trkpt>
    <trkpt lat="38.651739" lon="-0.280942"><ele>1386</ele></trkpt>
    <trkpt lat="38.651373" lon="-0.280077"><ele>1396.8</ele></trkpt>
    <trkpt lat="38.651006" lon="-0.279212"><ele>1402.7</ele></trkpt>
    <trkpt lat="38.650798" lon="-0.278407"><ele>1409.1</ele></trkpt>
    <trkpt lat="38.650591" lon="-0.277602"><ele>1415.3</ele></trkpt>
    <trkpt lat="38.650052" lon="-0.276931"><ele>1421.3</ele></trkpt>
    <trkpt lat="38.649513" lon="-0.27626"><ele>1425.3</ele></trkpt>
    <trkpt lat="38.64924" lon="-0.275328"><ele>1428.4</ele></trkpt>
    <trkpt lat="38.648967" lon="-0.274396"><ele>1435.1</ele></trkpt>
    <trkpt lat="38.648774" lon="-0.273835"><ele>1440.8</ele></trkpt>
    <trkpt lat="38.648581" lon="-0.273274"><ele>1446</ele></trkpt>
    <trkpt lat="38.648531" lon="-0.272668"><ele>1450.3</ele></trkpt>
    <trkpt lat="38.649105" lon="-0.273532"><ele>1458.7</ele></trkpt>
    <trkpt lat="38.649624" lon="-0.2741"><ele>1464.1</ele></trkpt>
    <trkpt lat="38.650142" lon="-0.274667"><ele>1473.1</ele></trkpt>
    <trkpt lat="38.650614" lon="-0.27494"><ele>1478.1</ele></trkpt>
    <trkpt lat="38.651085" lon="-0.275214"><ele>1482.8</ele></trkpt>
    <trkpt lat="38.651718" lon="-0.275462"><ele>1489</ele></trkpt>
    <trkpt lat="38.651778" lon="-0.275265"><ele>1490.3</ele></trkpt>
    <trkpt lat="38.651707" lon="-0.275167"><ele>1491.1</ele></trkpt>
    <trkpt lat="38.651036" lon="-0.274418"><ele>1498.7</ele></trkpt>
    <trkpt lat="38.650738" lon="-0.27393"><ele>1502.6</ele></trkpt>
    <trkpt lat="38.650641" lon="-0.273597"><ele>1504.7</ele></trkpt>
    <trkpt lat="38.65042" lon="-0.272634"><ele>1510.3</ele></trkpt>
    <trkpt lat="38.650199" lon="-0.27167"><ele>1517.2</ele></trkpt>
    <trkpt lat="38.649977" lon="-0.270707"><ele>1523.8</ele></trkpt>
    <trkpt lat="38.649756" lon="-0.269744"><ele>1529.2</ele></trkpt>
    <trkpt lat="38.649714" lon="-0.269513"><ele>1530.2</ele></trkpt>
    <trkpt lat="38.6497" lon="-0.269313"><ele>1530.9</ele></trkpt>
    <trkpt lat="38.649726" lon="-0.269048"><ele>1531.6</ele></trkpt>
    <trkpt lat="38.649871" lon="-0.268708"><ele>1532.6</ele></trkpt>
    <trkpt lat="38.649896" lon="-0.268487"><ele>1533</ele></trkpt>
    <trkpt lat="38.649896" lon="-0.268296"><ele>1533.4</ele></trkpt>
    <trkpt lat="38.649865" lon="-0.268143"><ele>1533.7</ele></trkpt>
    <trkpt lat="38.649635" lon="-0.267741"><ele>1534.6</ele></trkpt>
    <trkpt lat="38.649601" lon="-0.267632"><ele>1534.8</ele></trkpt>
  </trkseg></trk></gpx>