<?xml version="1.0" encoding="UTF-8"?>
<gpx version="1.1" creator="tour-scraper" xmlns="http://www.topografix.com/GPX/1/1">
  <trk><name>Stage 15: From Palma del Río to Córdoba — La Vuelta 26</name><trkseg>
    <trkpt lat="37.727253" lon="-5.2763"><ele>56</ele></trkpt>
    <trkpt lat="37.727432" lon="-5.275474"><ele>55.9</ele></trkpt>
    <trkpt lat="37.72759" lon="-5.274487"><ele>55.7</ele></trkpt>
    <trkpt lat="37.727722" lon="-5.273378"><ele>55.6</ele></trkpt>
    <trkpt lat="37.728982" lon="-5.258505"><ele>56</ele></trkpt>
    <trkpt lat="37.729161" lon="-5.257447"><ele>56.4</ele></trkpt>
    <trkpt lat="37.729875" lon="-5.254506"><ele>57.9</ele></trkpt>
    <trkpt lat="37.730217" lon="-5.253358"><ele>58.9</ele></trkpt>
    <trkpt lat="37.731091" lon="-5.251358"><ele>61.4</ele></trkpt>
    <trkpt lat="37.733919" lon="-5.248707"><ele>66.9</ele></trkpt>
    <trkpt lat="37.735983" lon="-5.246766"><ele>65.5</ele></trkpt>
    <trkpt lat="37.74171" lon="-5.239114"><ele>59.8</ele></trkpt>
    <trkpt lat="37.742174" lon="-5.238585"><ele>60.4</ele></trkpt>
    <trkpt lat="37.742718" lon="-5.238038"><ele>61.5</ele></trkpt>
    <trkpt lat="37.74322" lon="-5.237657"><ele>62.4</ele></trkpt>
    <trkpt lat="37.763019" lon="-5.226023"><ele>69.7</ele></trkpt>
    <trkpt lat="37.763596" lon="-5.225655"><ele>69.7</ele></trkpt>
    <trkpt lat="37.763622" lon="-5.225636"><ele>69.7</ele></trkpt>
    <trkpt lat="37.764489" lon="-5.225019"><ele>69.6</ele></trkpt>
    <trkpt lat="37.764854" lon="-5.224759"><ele>69.5</ele></trkpt>
    <trkpt lat="37.765688" lon="-5.223976"><ele>69.2</ele></trkpt>
    <trkpt lat="37.76651" lon="-5.222986"><ele>68.9</ele></trkpt>
    <trkpt lat="37.76739" lon="-5.221566"><ele>68.5</ele></trkpt>
    <trkpt lat="37.769254" lon="-5.217368"><ele>66.4</ele></trkpt>
    <trkpt lat="37.770777" lon="-5.213903"><ele>62.8</ele></trkpt>
    <trkpt lat="37.77088" lon="-5.213631"><ele>62.5</ele></trkpt>
    <trkpt lat="37.771309" lon="-5.212693"><ele>61.4</ele></trkpt>
    <trkpt lat="37.772028" lon="-5.211107"><ele>59.4</ele></trkpt>
    <trkpt lat="37.772513" lon="-5.210045"><ele>58.5</ele></trkpt>
    <trkpt lat="37.772578" lon="-5.209943"><ele>58.4</ele></trkpt>
    <trkpt lat="37.772684" lon="-5.209708"><ele>58.4</ele></trkpt>
    <trkpt lat="37.773159" lon="-5.208665"><ele>58.9</ele></trkpt>
    <trkpt lat="37.773982" lon="-5.206851"><ele>61.3</ele></trkpt>
    <trkpt lat="37.77429" lon="-5.206218"><ele>62.6</ele></trkpt>
    <trkpt lat="37.774491" lon="-5.205772"><ele>63.8</ele></trkpt>
    <trkpt lat="37.774783" lon="-5.205238"><ele>65.7</ele></trkpt>
    <trkpt lat="37.775623" lon="-5.204221"><ele>71.5</ele></trkpt>
    <trkpt lat="37.776593" lon="-5.203132"><ele>76.6</ele></trkpt>
    <trkpt lat="37.777258" lon="-5.202314"><ele>79.7</ele></trkpt>
    <trkpt lat="37.777422" lon="-5.20219"><ele>80.3</ele></trkpt>
    <trkpt lat="37.777912" lon="-5.20182"><ele>82</ele></trkpt>
    <trkpt lat="37.778407" lon="-5.201531"><ele>83.7</ele></trkpt>
    <trkpt lat="37.779073" lon="-5.201353"><ele>84.9</ele></trkpt>
    <trkpt lat="37.781196" lon="-5.201017"><ele>86.5</ele></trkpt>
    <trkpt lat="37.784289" lon="-5.200532"><ele>86.4</ele></trkpt>
    <trkpt lat="37.786822" lon="-5.20009"><ele>85.6</ele></trkpt>
    <trkpt lat="37.787162" lon="-5.199962"><ele>85.6</ele></trkpt>
    <trkpt lat="37.787678" lon="-5.199675"><ele>85.6</ele></trkpt>
    <trkpt lat="37.788286" lon="-5.199121"><ele>85.8</ele></trkpt>
    <trkpt lat="37.788628" lon="-5.198695"><ele>86</ele></trkpt>
    <trkpt lat="37.788945" lon="-5.198165"><ele>86.3</ele></trkpt>
    <trkpt lat="37.789207" lon="-5.197516"><ele>86.8</ele></trkpt>
    <trkpt lat="37.789328" lon="-5.197132"><ele>87.1</ele></trkpt>
    <trkpt lat="37.789423" lon="-5.196659"><ele>87.3</ele></trkpt>
    <trkpt lat="37.789485" lon="-5.196186"><ele>87.4</ele></trkpt>
    <trkpt lat="37.789488" lon="-5.195866"><ele>87.5</ele></trkpt>
    <trkpt lat="37.789491" lon="-5.195586"><ele>87.4</ele></trkpt>
    <trkpt lat="37.789399" lon="-5.194752"><ele>86.9</ele></trkpt>
    <trkpt lat="37.788783" lon="-5.192013"><ele>85.3</ele></trkpt>
    <trkpt lat="37.788751" lon="-5.19148"><ele>85.6</ele></trkpt>
    <trkpt lat="37.788783" lon="-5.190383"><ele>86.3</ele></trkpt>
    <trkpt lat="37.788907" lon="-5.189107"><ele>86.4</ele></trkpt>
    <trkpt lat="37.788962" lon="-5.187822"><ele>85.3</ele></trkpt>
    <trkpt lat="37.788988" lon="-5.186568"><ele>83.4</ele></trkpt>
    <trkpt lat="37.788886" lon="-5.18536"><ele>80.3</ele></trkpt>
    <trkpt lat="37.788497" lon="-5.183235"><ele>73.2</ele></trkpt>
    <trkpt lat="37.788459" lon="-5.182799"><ele>72.1</ele></trkpt>
    <trkpt lat="37.78849" lon="-5.182481"><ele>71.4</ele></trkpt>
    <trkpt lat="37.788589" lon="-5.182127"><ele>70.7</ele></trkpt>
    <trkpt lat="37.788831" lon="-5.181564"><ele>69.8</ele></trkpt>
    <trkpt lat="37.789483" lon="-5.179807"><ele>68.2</ele></trkpt>
    <trkpt lat="37.790733" lon="-5.175961"><ele>67.7</ele></trkpt>
    <trkpt lat="37.79093" lon="-5.174905"><ele>67.9</ele></trkpt>
    <trkpt lat="37.791214" lon="-5.172787"><ele>67.9</ele></trkpt>
    <trkpt lat="37.791426" lon="-5.170998"><ele>67.6</ele></trkpt>
    <trkpt lat="37.791791" lon="-5.168494"><ele>67.9</ele></trkpt>
    <trkpt lat="37.792006" lon="-5.167438"><ele>67.9</ele></trkpt>
    <trkpt lat="37.792387" lon="-5.165999"><ele>67.5</ele></trkpt>
    <trkpt lat="37.793007" lon="-5.16327"><ele>67.2</ele></trkpt>
    <trkpt lat="37.793642" lon="-5.160333"><ele>67.1</ele></trkpt>
    <trkpt lat="37.794424" lon="-5.156717"><ele>67.7</ele></trkpt>
    <trkpt lat="37.797047" lon="-5.145693"><ele>72.4</ele></trkpt>
    <trkpt lat="37.797239" lon="-5.144823"><ele>73.2</ele></trkpt>
    <trkpt lat="37.797619" lon="-5.143302"><ele>74.5</ele></trkpt>
    <trkpt lat="37.7978" lon="-5.14264"><ele>74.8</ele></trkpt>
    <trkpt lat="37.798017" lon="-5.141955"><ele>75.1</ele></trkpt>
    <trkpt lat="37.7984" lon="-5.140963"><ele>75.9</ele></trkpt>
    <trkpt lat="37.798672" lon="-5.140369"><ele>76.7</ele></trkpt>
    <trkpt lat="37.798888" lon="-5.139928"><ele>77.4</ele></trkpt>
    <trkpt lat="37.799234" lon="-5.139332"><ele>78.5</ele></trkpt>
    <trkpt lat="37.799281" lon="-5.139147"><ele>78.8</ele></trkpt>
    <trkpt lat="37.799457" lon="-5.138752"><ele>79.5</ele></trkpt>
    <trkpt lat="37.799508" lon="-5.138559"><ele>79.7</ele></trkpt>
    <trkpt lat="37.799566" lon="-5.138176"><ele>80.3</ele></trkpt>
    <trkpt lat="37.799626" lon="-5.137631"><ele>81.4</ele></trkpt>
    <trkpt lat="37.799603" lon="-5.137462"><ele>81.8</ele></trkpt>
    <trkpt lat="37.799556" lon="-5.137386"><ele>81.9</ele></trkpt>
    <trkpt lat="37.799527" lon="-5.137199"><ele>82.4</ele></trkpt>
    <trkpt lat="37.799593" lon="-5.137027"><ele>82.8</ele></trkpt>
    <trkpt lat="37.799727" lon="-5.136939"><ele>83.2</ele></trkpt>
    <trkpt lat="37.799876" lon="-5.13697"><ele>83.6</ele></trkpt>
    <trkpt lat="37.800103" lon="-5.136914"><ele>84.1</ele></trkpt>
    <trkpt lat="37.80024" lon="-5.13682"><ele>84.3</ele></trkpt>
    <trkpt lat="37.800436" lon="-5.136748"><ele>84.6</ele></trkpt>
    <trkpt lat="37.800634" lon="-5.136664"><ele>84.9</ele></trkpt>
    <trkpt lat="37.800759" lon="-5.136576"><ele>85.1</ele></trkpt>
    <trkpt lat="37.800938" lon="-5.136371"><ele>85.2</ele></trkpt>
    <trkpt lat="37.801078" lon="-5.136092"><ele>85.1</ele></trkpt>
    <trkpt lat="37.801373" lon="-5.135327"><ele>85.1</ele></trkpt>
    <trkpt lat="37.801493" lon="-5.135157"><ele>85.1</ele></trkpt>
    <trkpt lat="37.801654" lon="-5.135039"><ele>85.1</ele></trkpt>
    <trkpt lat="37.801754" lon="-5.134985"><ele>85.1</ele></trkpt>
    <trkpt lat="37.801974" lon="-5.134932"><ele>85.1</ele></trkpt>
    <trkpt lat="37.802026" lon="-5.13487"><ele>85.1</ele></trkpt>
    <trkpt lat="37.80209" lon="-5.13483"><ele>85.1</ele></trkpt>
    <trkpt lat="37.802191" lon="-5.13459"><ele>85.2</ele></trkpt>
    <trkpt lat="37.802271" lon="-5.134275"><ele>85.3</ele></trkpt>
    <trkpt lat="37.803328" lon="-5.125958"><ele>83.9</ele></trkpt>
    <trkpt lat="37.803442" lon="-5.125381"><ele>84.2</ele></trkpt>
    <trkpt lat="37.803572" lon="-5.124879"><ele>84.7</ele></trkpt>
    <trkpt lat="37.803987" lon="-5.123544"><ele>86.4</ele></trkpt>
    <trkpt lat="37.804078" lon="-5.123185"><ele>86.7</ele></trkpt>
    <trkpt lat="37.804155" lon="-5.122626"><ele>87.2</ele></trkpt>
    <trkpt lat="37.804213" lon="-5.114917"><ele>90.6</ele></trkpt>
    <trkpt lat="37.804272" lon="-5.113265"><ele>90.7</ele></trkpt>
    <trkpt lat="37.804498" lon="-5.107251"><ele>89.7</ele></trkpt>
    <trkpt lat="37.804509" lon="-5.107045"><ele>89.7</ele></trkpt>
    <trkpt lat="37.804489" lon="-5.10694"><ele>89.8</ele></trkpt>
    <trkpt lat="37.804485" lon="-5.106809"><ele>89.8</ele></trkpt>
    <trkpt lat="37.804458" lon="-5.106794"><ele>89.8</ele></trkpt>
    <trkpt lat="37.80442" lon="-5.106739"><ele>89.8</ele></trkpt>
    <trkpt lat="37.804419" lon="-5.106692"><ele>89.8</ele></trkpt>
    <trkpt lat="37.804419" lon="-5.106631"><ele>89.9</ele></trkpt>
    <trkpt lat="37.804464" lon="-5.10657"><ele>89.9</ele></trkpt>
    <trkpt lat="37.804505" lon="-5.106555"><ele>89.9</ele></trkpt>
    <trkpt lat="37.804549" lon="-5.106505"><ele>89.9</ele></trkpt>
    <trkpt lat="37.80475" lon="-5.106378"><ele>90</ele></trkpt>
    <trkpt lat="37.804788" lon="-5.106344"><ele>90.1</ele></trkpt>
    <trkpt lat="37.805748" lon="-5.105655"><ele>90.6</ele></trkpt>
    <trkpt lat="37.806837" lon="-5.105005"><ele>91.9</ele></trkpt>
    <trkpt lat="37.807019" lon="-5.104904"><ele>92.2</ele></trkpt>
    <trkpt lat="37.808526" lon="-5.104076"><ele>95.4</ele></trkpt>
    <trkpt lat="37.808813" lon="-5.10391"><ele>96.3</ele></trkpt>
    <trkpt lat="37.809219" lon="-5.103724"><ele>98.1</ele></trkpt>
    <trkpt lat="37.809636" lon="-5.103577"><ele>100.2</ele></trkpt>
    <trkpt lat="37.810027" lon="-5.1035"><ele>102.5</ele></trkpt>
    <trkpt lat="37.81006" lon="-5.103495"><ele>102.7</ele></trkpt>
    <trkpt lat="37.810438" lon="-5.103447"><ele>105.2</ele></trkpt>
    <trkpt lat="37.81106" lon="-5.103433"><ele>109.5</ele></trkpt>
    <trkpt lat="37.81109" lon="-5.103432"><ele>109.7</ele></trkpt>
    <trkpt lat="37.811621" lon="-5.103353"><ele>113.2</ele></trkpt>
    <trkpt lat="37.811805" lon="-5.103279"><ele>114.7</ele></trkpt>
    <trkpt lat="37.812021" lon="-5.103152"><ele>116.4</ele></trkpt>
    <trkpt lat="37.812094" lon="-5.103109"><ele>117</ele></trkpt>
    <trkpt lat="37.812475" lon="-5.102963"><ele>120</ele></trkpt>
    <trkpt lat="37.812845" lon="-5.102874"><ele>122.9</ele></trkpt>
    <trkpt lat="37.813132" lon="-5.102804"><ele>124.7</ele></trkpt>
    <trkpt lat="37.813228" lon="-5.102781"><ele>125.2</ele></trkpt>
    <trkpt lat="37.813551" lon="-5.102719"><ele>126.7</ele></trkpt>
    <trkpt lat="37.813787" lon="-5.102636"><ele>127.4</ele></trkpt>
    <trkpt lat="37.814313" lon="-5.1023"><ele>127.9</ele></trkpt>
    <trkpt lat="37.814451" lon="-5.102307"><ele>127.8</ele></trkpt>
    <trkpt lat="37.814518" lon="-5.102355"><ele>127.8</ele></trkpt>
    <trkpt lat="37.814635" lon="-5.10258"><ele>127.3</ele></trkpt>
    <trkpt lat="37.814855" lon="-5.103358"><ele>125.1</ele></trkpt>
    <trkpt lat="37.814945" lon="-5.103549"><ele>124.4</ele></trkpt>
    <trkpt lat="37.815605" lon="-5.104666"><ele>118.3</ele></trkpt>
    <trkpt lat="37.815692" lon="-5.104781"><ele>117.6</ele></trkpt>
    <trkpt lat="37.815781" lon="-5.104842"><ele>117.1</ele></trkpt>
    <trkpt lat="37.815879" lon="-5.104894"><ele>116.5</ele></trkpt>
    <trkpt lat="37.815993" lon="-5.104907"><ele>116</ele></trkpt>
    <trkpt lat="37.816106" lon="-5.104884"><ele>115.6</ele></trkpt>
    <trkpt lat="37.816572" lon="-5.104555"><ele>114.5</ele></trkpt>
    <trkpt lat="37.816876" lon="-5.104338"><ele>114.6</ele></trkpt>
    <trkpt lat="37.817896" lon="-5.10378"><ele>119</ele></trkpt>
    <trkpt lat="37.818289" lon="-5.103658"><ele>120.6</ele></trkpt>
    <trkpt lat="37.818667" lon="-5.103652"><ele>121.8</ele></trkpt>
    <trkpt lat="37.819484" lon="-5.103783"><ele>123.6</ele></trkpt>
    <trkpt lat="37.820587" lon="-5.103975"><ele>126</ele></trkpt>
    <trkpt lat="37.820824" lon="-5.103991"><ele>126.6</ele></trkpt>
    <trkpt lat="37.822848" lon="-5.103506"><ele>134.5</ele></trkpt>
    <trkpt lat="37.823243" lon="-5.103503"><ele>136</ele></trkpt>
    <trkpt lat="37.8241" lon="-5.103557"><ele>139.2</ele></trkpt>
    <trkpt lat="37.825525" lon="-5.103656"><ele>144.4</ele></trkpt>
    <trkpt lat="37.825729" lon="-5.103693"><ele>145.1</ele></trkpt>
    <trkpt lat="37.82706" lon="-5.104099"><ele>149.4</ele></trkpt>
    <trkpt lat="37.827365" lon="-5.104267"><ele>150.5</ele></trkpt>
    <trkpt lat="37.827958" lon="-5.104802"><ele>153.4</ele></trkpt>
    <trkpt lat="37.828179" lon="-5.104914"><ele>154.4</ele></trkpt>
    <trkpt lat="37.829046" lon="-5.104866"><ele>158.4</ele></trkpt>
    <trkpt lat="37.830266" lon="-5.104637"><ele>164</ele></trkpt>
    <trkpt lat="37.83044" lon="-5.104646"><ele>164.7</ele></trkpt>
    <trkpt lat="37.830707" lon="-5.104721"><ele>165.7</ele></trkpt>
    <trkpt lat="37.831232" lon="-5.104876"><ele>167.4</ele></trkpt>
    <trkpt lat="37.831593" lon="-5.10489"><ele>168.2</ele></trkpt>
    <trkpt lat="37.832455" lon="-5.104696"><ele>169.1</ele></trkpt>
    <trkpt lat="37.832626" lon="-5.10468"><ele>169.3</ele></trkpt>
    <trkpt lat="37.832921" lon="-5.104725"><ele>169.5</ele></trkpt>
    <trkpt lat="37.833176" lon="-5.104849"><ele>169.8</ele></trkpt>
    <trkpt lat="37.833716" lon="-5.105309"><ele>170.8</ele></trkpt>
    <trkpt lat="37.834011" lon="-5.105607"><ele>171.6</ele></trkpt>
    <trkpt lat="37.83479" lon="-5.106203"><ele>172.8</ele></trkpt>
    <trkpt lat="37.835124" lon="-5.106634"><ele>173.1</ele></trkpt>
    <trkpt lat="37.83537" lon="-5.107002"><ele>173.1</ele></trkpt>
    <trkpt lat="37.835606" lon="-5.107431"><ele>173.2</ele></trkpt>
    <trkpt lat="37.835998" lon="-5.107782"><ele>173.4</ele></trkpt>
    <trkpt lat="37.836112" lon="-5.107924"><ele>173.6</ele></trkpt>
    <trkpt lat="37.836291" lon="-5.108258"><ele>173.9</ele></trkpt>
    <trkpt lat="37.836366" lon="-5.108356"><ele>174</ele></trkpt>
    <trkpt lat="37.836491" lon="-5.108465"><ele>174.1</ele></trkpt>
    <trkpt lat="37.836632" lon="-5.108547"><ele>174.1</ele></trkpt>
    <trkpt lat="37.836912" lon="-5.108669"><ele>174.1</ele></trkpt>
    <trkpt lat="37.837058" lon="-5.108707"><ele>174</ele></trkpt>
    <trkpt lat="37.837666" lon="-5.108687"><ele>172.8</ele></trkpt>
    <trkpt lat="37.838019" lon="-5.10883"><ele>171.5</ele></trkpt>
    <trkpt lat="37.838193" lon="-5.108823"><ele>170.9</ele></trkpt>
    <trkpt lat="37.838276" lon="-5.108761"><ele>170.5</ele></trkpt>
    <trkpt lat="37.838411" lon="-5.108572"><ele>169.6</ele></trkpt>
    <trkpt lat="37.838507" lon="-5.108479"><ele>169.1</ele></trkpt>
    <trkpt lat="37.838852" lon="-5.108278"><ele>167.4</ele></trkpt>
    <trkpt lat="37.839095" lon="-5.108183"><ele>166.3</ele></trkpt>
    <trkpt lat="37.839459" lon="-5.10811"><ele>164.8</ele></trkpt>
    <trkpt lat="37.83959" lon="-5.108055"><ele>164.3</ele></trkpt>
    <trkpt lat="37.839997" lon="-5.107759"><ele>162.1</ele></trkpt>
    <trkpt lat="37.840165" lon="-5.107672"><ele>161.1</ele></trkpt>
    <trkpt lat="37.840372" lon="-5.107598"><ele>160</ele></trkpt>
    <trkpt lat="37.840981" lon="-5.107459"><ele>156.3</ele></trkpt>
    <trkpt lat="37.841313" lon="-5.107337"><ele>154</ele></trkpt>
    <trkpt lat="37.841381" lon="-5.107356"><ele>153.5</ele></trkpt>
    <trkpt lat="37.8415" lon="-5.107475"><ele>152.5</ele></trkpt>
    <trkpt lat="37.841662" lon="-5.10789"><ele>150.2</ele></trkpt>
    <trkpt lat="37.841777" lon="-5.108021"><ele>149.3</ele></trkpt>
    <trkpt lat="37.841888" lon="-5.108089"><ele>148.6</ele></trkpt>
    <trkpt lat="37.842225" lon="-5.108162"><ele>146.7</ele></trkpt>
    <trkpt lat="37.844009" lon="-5.108312"><ele>140.3</ele></trkpt>
    <trkpt lat="37.844231" lon="-5.108422"><ele>139.8</ele></trkpt>
    <trkpt lat="37.848296" lon="-5.111407"><ele>135.9</ele></trkpt>
    <trkpt lat="37.848476" lon="-5.111509"><ele>135.8</ele></trkpt>
    <trkpt lat="37.848681" lon="-5.111585"><ele>135.8</ele></trkpt>
    <trkpt lat="37.848962" lon="-5.111653"><ele>135.7</ele></trkpt>
    <trkpt lat="37.849134" lon="-5.111662"><ele>135.7</ele></trkpt>
    <trkpt lat="37.849559" lon="-5.111595"><ele>135.8</ele></trkpt>
    <trkpt lat="37.850352" lon="-5.111446"><ele>136.7</ele></trkpt>
    <trkpt lat="37.850748" lon="-5.111419"><ele>137.4</ele></trkpt>
    <trkpt lat="37.854062" lon="-5.111874"><ele>146.8</ele></trkpt>
    <trkpt lat="37.856715" lon="-5.112693"><ele>154.6</ele></trkpt>
    <trkpt lat="37.857045" lon="-5.112747"><ele>155.7</ele></trkpt>
    <trkpt lat="37.857529" lon="-5.112664"><ele>157.4</ele></trkpt>
    <trkpt lat="37.85771" lon="-5.112597"><ele>158.1</ele></trkpt>
    <trkpt lat="37.857868" lon="-5.112501"><ele>158.7</ele></trkpt>
    <trkpt lat="37.858042" lon="-5.112346"><ele>159.2</ele></trkpt>
    <trkpt lat="37.858589" lon="-5.111785"><ele>159.7</ele></trkpt>
    <trkpt lat="37.858714" lon="-5.111689"><ele>159.6</ele></trkpt>
    <trkpt lat="37.858931" lon="-5.111606"><ele>159.3</ele></trkpt>
    <trkpt lat="37.859577" lon="-5.111375"><ele>158</ele></trkpt>
    <trkpt lat="37.861591" lon="-5.110912"><ele>155.9</ele></trkpt>
    <trkpt lat="37.861772" lon="-5.110833"><ele>156.3</ele></trkpt>
    <trkpt lat="37.862043" lon="-5.110548"><ele>157.2</ele></trkpt>
    <trkpt lat="37.862251" lon="-5.110583"><ele>157.8</ele></trkpt>
    <trkpt lat="37.863188" lon="-5.110912"><ele>161.6</ele></trkpt>
    <trkpt lat="37.86338" lon="-5.111127"><ele>162.5</ele></trkpt>
    <trkpt lat="37.863549" lon="-5.111391"><ele>163.3</ele></trkpt>
    <trkpt lat="37.86373" lon="-5.11147"><ele>163.7</ele></trkpt>
    <trkpt lat="37.864209" lon="-5.111348"><ele>164.5</ele></trkpt>
    <trkpt lat="37.865146" lon="-5.111291"><ele>164.6</ele></trkpt>
    <trkpt lat="37.866342" lon="-5.111277"><ele>165.2</ele></trkpt>
    <trkpt lat="37.866517" lon="-5.111341"><ele>165.6</ele></trkpt>
    <trkpt lat="37.867234" lon="-5.111977"><ele>167.7</ele></trkpt>
    <trkpt lat="37.867409" lon="-5.112077"><ele>168.2</ele></trkpt>
    <trkpt lat="37.867792" lon="-5.112127"><ele>169.3</ele></trkpt>
    <trkpt lat="37.868447" lon="-5.11232"><ele>170.7</ele></trkpt>
    <trkpt lat="37.869564" lon="-5.112592"><ele>174.1</ele></trkpt>
    <trkpt lat="37.869801" lon="-5.112706"><ele>174.8</ele></trkpt>
    <trkpt lat="37.870015" lon="-5.112921"><ele>175.3</ele></trkpt>
    <trkpt lat="37.870173" lon="-5.112956"><ele>175.5</ele></trkpt>
    <trkpt lat="37.870275" lon="-5.112856"><ele>175.7</ele></trkpt>
    <trkpt lat="37.870348" lon="-5.112656"><ele>176.1</ele></trkpt>
    <trkpt lat="37.870402" lon="-5.112415"><ele>176.5</ele></trkpt>
    <trkpt lat="37.870439" lon="-5.112041"><ele>177.1</ele></trkpt>
    <trkpt lat="37.870551" lon="-5.111798"><ele>177.6</ele></trkpt>
    <trkpt lat="37.87067" lon="-5.11162"><ele>178.1</ele></trkpt>
    <trkpt lat="37.870946" lon="-5.111434"><ele>178.9</ele></trkpt>
    <trkpt lat="37.871104" lon="-5.111262"><ele>179.7</ele></trkpt>
    <trkpt lat="37.871426" lon="-5.110676"><ele>182.9</ele></trkpt>
    <trkpt lat="37.871519" lon="-5.110397"><ele>184.6</ele></trkpt>
    <trkpt lat="37.871569" lon="-5.110101"><ele>186.4</ele></trkpt>
    <trkpt lat="37.871821" lon="-5.10989"><ele>188.9</ele></trkpt>
    <trkpt lat="37.871905" lon="-5.109733"><ele>190.2</ele></trkpt>
    <trkpt lat="37.872052" lon="-5.10959"><ele>191.8</ele></trkpt>
    <trkpt lat="37.872238" lon="-5.109625"><ele>193.6</ele></trkpt>
    <trkpt lat="37.872425" lon="-5.109704"><ele>195.5</ele></trkpt>
    <trkpt lat="37.872537" lon="-5.109904"><ele>197.3</ele></trkpt>
    <trkpt lat="37.872583" lon="-5.11029"><ele>200.4</ele></trkpt>
    <trkpt lat="37.872678" lon="-5.110533"><ele>202.5</ele></trkpt>
    <trkpt lat="37.872831" lon="-5.110812"><ele>205.2</ele></trkpt>
    <trkpt lat="37.873237" lon="-5.110926"><ele>209.2</ele></trkpt>
    <trkpt lat="37.873395" lon="-5.111019"><ele>210.8</ele></trkpt>
    <trkpt lat="37.873469" lon="-5.111131"><ele>211.9</ele></trkpt>
    <trkpt lat="37.873378" lon="-5.111813"><ele>216.5</ele></trkpt>
    <trkpt lat="37.873429" lon="-5.11227"><ele>219.2</ele></trkpt>
    <trkpt lat="37.873576" lon="-5.112599"><ele>221.2</ele></trkpt>
    <trkpt lat="37.874049" lon="-5.113028"><ele>224.1</ele></trkpt>
    <trkpt lat="37.874484" lon="-5.113221"><ele>225.7</ele></trkpt>
    <trkpt lat="37.875161" lon="-5.113478"><ele>227.4</ele></trkpt>
    <trkpt lat="37.876735" lon="-5.11365"><ele>229.7</ele></trkpt>
    <trkpt lat="37.877119" lon="-5.113635"><ele>229.8</ele></trkpt>
    <trkpt lat="37.877987" lon="-5.113514"><ele>229.9</ele></trkpt>
    <trkpt lat="37.878473" lon="-5.113585"><ele>230.7</ele></trkpt>
    <trkpt lat="37.878743" lon="-5.113521"><ele>231.6</ele></trkpt>
    <trkpt lat="37.879161" lon="-5.113242"><ele>233.5</ele></trkpt>
    <trkpt lat="37.879776" lon="-5.113211"><ele>236.9</ele></trkpt>
    <trkpt lat="37.879867" lon="-5.113057"><ele>237.9</ele></trkpt>
    <trkpt lat="37.879968" lon="-5.112695"><ele>239.8</ele></trkpt>
    <trkpt lat="37.880094" lon="-5.112594"><ele>240.8</ele></trkpt>
    <trkpt lat="37.880691" lon="-5.11224"><ele>245.1</ele></trkpt>
    <trkpt lat="37.88125" lon="-5.111809"><ele>249.9</ele></trkpt>
    <trkpt lat="37.881419" lon="-5.111804"><ele>251</ele></trkpt>
    <trkpt lat="37.88188" lon="-5.111916"><ele>254.3</ele></trkpt>
    <trkpt lat="37.882111" lon="-5.111798"><ele>255.9</ele></trkpt>
    <trkpt lat="37.882302" lon="-5.111801"><ele>257.2</ele></trkpt>
    <trkpt lat="37.882791" lon="-5.111922"><ele>260.3</ele></trkpt>
    <trkpt lat="37.882934" lon="-5.111927"><ele>261.2</ele></trkpt>
    <trkpt lat="37.883029" lon="-5.111889"><ele>261.8</ele></trkpt>
    <trkpt lat="37.883189" lon="-5.111763"><ele>263</ele></trkpt>
    <trkpt lat="37.883256" lon="-5.111669"><ele>263.7</ele></trkpt>
    <trkpt lat="37.883293" lon="-5.111562"><ele>264.3</ele></trkpt>
    <trkpt lat="37.883295" lon="-5.110981"><ele>267.6</ele></trkpt>
    <trkpt lat="37.883397" lon="-5.110868"><ele>268.7</ele></trkpt>
    <trkpt lat="37.883836" lon="-5.110833"><ele>272.5</ele></trkpt>
    <trkpt lat="37.88411" lon="-5.110559"><ele>275.8</ele></trkpt>
    <trkpt lat="37.884915" lon="-5.110367"><ele>284.2</ele></trkpt>
    <trkpt lat="37.885388" lon="-5.11015"><ele>289.7</ele></trkpt>
    <trkpt lat="37.885887" lon="-5.109883"><ele>295.5</ele></trkpt>
    <trkpt lat="37.886214" lon="-5.109895"><ele>298.8</ele></trkpt>
    <trkpt lat="37.886461" lon="-5.109953"><ele>301.3</ele></trkpt>
    <trkpt lat="37.886904" lon="-5.110138"><ele>305.6</ele></trkpt>
    <trkpt lat="37.887166" lon="-5.110189"><ele>307.9</ele></trkpt>
    <trkpt lat="37.88782" lon="-5.11017"><ele>312.7</ele></trkpt>
    <trkpt lat="37.888752" lon="-5.110042"><ele>317.9</ele></trkpt>
    <trkpt lat="37.88921" lon="-5.11017"><ele>320.1</ele></trkpt>
    <trkpt lat="37.889688" lon="-5.110176"><ele>322</ele></trkpt>
    <trkpt lat="37.891148" lon="-5.110029"><ele>328.2</ele></trkpt>
    <trkpt lat="37.891329" lon="-5.110048"><ele>329.1</ele></trkpt>
    <trkpt lat="37.891943" lon="-5.110214"><ele>332.3</ele></trkpt>
    <trkpt lat="37.892266" lon="-5.110093"><ele>334.1</ele></trkpt>
    <trkpt lat="37.893333" lon="-5.109385"><ele>339.4</ele></trkpt>
    <trkpt lat="37.89366" lon="-5.109219"><ele>340.8</ele></trkpt>
    <trkpt lat="37.895145" lon="-5.108696"><ele>346.9</ele></trkpt>
    <trkpt lat="37.897199" lon="-5.108454"><ele>354</ele></trkpt>
    <trkpt lat="37.897874" lon="-5.108269"><ele>356.6</ele></trkpt>
    <trkpt lat="37.899595" lon="-5.107714"><ele>364</ele></trkpt>
    <trkpt lat="37.899968" lon="-5.10786"><ele>365.4</ele></trkpt>
    <trkpt lat="37.90021" lon="-5.108045"><ele>366.4</ele></trkpt>
    <trkpt lat="37.900637" lon="-5.108147"><ele>367.8</ele></trkpt>
    <trkpt lat="37.90101" lon="-5.108154"><ele>368.8</ele></trkpt>
    <trkpt lat="37.901468" lon="-5.108039"><ele>370.2</ele></trkpt>
    <trkpt lat="37.902792" lon="-5.107305"><ele>373.9</ele></trkpt>
    <trkpt lat="37.903648" lon="-5.107133"><ele>376.9</ele></trkpt>
    <trkpt lat="37.904035" lon="-5.107088"><ele>378.8</ele></trkpt>
    <trkpt lat="37.904186" lon="-5.107101"><ele>379.7</ele></trkpt>
    <trkpt lat="37.904559" lon="-5.107465"><ele>382.5</ele></trkpt>
    <trkpt lat="37.905067" lon="-5.108013"><ele>386.6</ele></trkpt>
    <trkpt lat="37.905847" lon="-5.108498"><ele>390.4</ele></trkpt>
    <trkpt lat="37.906557" lon="-5.10867"><ele>391.3</ele></trkpt>
    <trkpt lat="37.906819" lon="-5.108983"><ele>391</ele></trkpt>
    <trkpt lat="37.907634" lon="-5.109583"><ele>387.9</ele></trkpt>
    <trkpt lat="37.908092" lon="-5.109972"><ele>385.3</ele></trkpt>
    <trkpt lat="37.908349" lon="-5.11031"><ele>383.4</ele></trkpt>
    <trkpt lat="37.908535" lon="-5.110603"><ele>381.8</ele></trkpt>
    <trkpt lat="37.908812" lon="-5.110712"><ele>380.4</ele></trkpt>
    <trkpt lat="37.909456" lon="-5.111771"><ele>376.1</ele></trkpt>
    <trkpt lat="37.909622" lon="-5.111988"><ele>375.6</ele></trkpt>
    <trkpt lat="37.909748" lon="-5.112071"><ele>375.4</ele></trkpt>
    <trkpt lat="37.909889" lon="-5.112115"><ele>375.3</ele></trkpt>
    <trkpt lat="37.910111" lon="-5.112339"><ele>375.5</ele></trkpt>
    <trkpt lat="37.910332" lon="-5.112632"><ele>376.1</ele></trkpt>
    <trkpt lat="37.911032" lon="-5.11371"><ele>381.3</ele></trkpt>
    <trkpt lat="37.911172" lon="-5.11385"><ele>382.4</ele></trkpt>
    <trkpt lat="37.911293" lon="-5.113914"><ele>383.3</ele></trkpt>
    <trkpt lat="37.911444" lon="-5.113901"><ele>384.3</ele></trkpt>
    <trkpt lat="37.911691" lon="-5.113614"><ele>386.7</ele></trkpt>
    <trkpt lat="37.911954" lon="-5.113247"><ele>389.6</ele></trkpt>
    <trkpt lat="37.912035" lon="-5.112861"><ele>392.1</ele></trkpt>
    <trkpt lat="37.912582" lon="-5.112115"><ele>398.7</ele></trkpt>
    <trkpt lat="37.913759" lon="-5.11119"><ele>409</ele></trkpt>
    <trkpt lat="37.914157" lon="-5.110846"><ele>411.8</ele></trkpt>
    <trkpt lat="37.914283" lon="-5.11061"><ele>413</ele></trkpt>
    <trkpt lat="37.914338" lon="-5.110238"><ele>414.4</ele></trkpt>
    <trkpt lat="37.914474" lon="-5.109704"><ele>416.3</ele></trkpt>
    <trkpt lat="37.914681" lon="-5.109296"><ele>418.1</ele></trkpt>
    <trkpt lat="37.914811" lon="-5.108867"><ele>420.3</ele></trkpt>
    <trkpt lat="37.914881" lon="-5.108519"><ele>422.1</ele></trkpt>
    <trkpt lat="37.915054" lon="-5.108213"><ele>424.3</ele></trkpt>
    <trkpt lat="37.915199" lon="-5.108173"><ele>425.5</ele></trkpt>
    <trkpt lat="37.915315" lon="-5.108179"><ele>426.5</ele></trkpt>
    <trkpt lat="37.916261" lon="-5.108964"><ele>436.6</ele></trkpt>
    <trkpt lat="37.917028" lon="-5.108905"><ele>442.8</ele></trkpt>
    <trkpt lat="37.917138" lon="-5.108843"><ele>443.7</ele></trkpt>
    <trkpt lat="37.918095" lon="-5.107471"><ele>453.5</ele></trkpt>
    <trkpt lat="37.918182" lon="-5.107098"><ele>455.3</ele></trkpt>
    <trkpt lat="37.918312" lon="-5.106777"><ele>456.9</ele></trkpt>
    <trkpt lat="37.919469" lon="-5.10498"><ele>466.2</ele></trkpt>
    <trkpt lat="37.919537" lon="-5.104919"><ele>466.7</ele></trkpt>
    <trkpt lat="37.919645" lon="-5.104886"><ele>467.3</ele></trkpt>
    <trkpt lat="37.920176" lon="-5.104798"><ele>470.3</ele></trkpt>
    <trkpt lat="37.920293" lon="-5.104753"><ele>470.9</ele></trkpt>
    <trkpt lat="37.920358" lon="-5.104653"><ele>471.4</ele></trkpt>
    <trkpt lat="37.920544" lon="-5.103983"><ele>474.4</ele></trkpt>
    <trkpt lat="37.920651" lon="-5.103686"><ele>475.6</ele></trkpt>
    <trkpt lat="37.920863" lon="-5.103338"><ele>477.3</ele></trkpt>
    <trkpt lat="37.92142" lon="-5.102535"><ele>482.2</ele></trkpt>
    <trkpt lat="37.921613" lon="-5.102404"><ele>483.7</ele></trkpt>
    <trkpt lat="37.921675" lon="-5.102323"><ele>484.4</ele></trkpt>
    <trkpt lat="37.921724" lon="-5.102212"><ele>485.1</ele></trkpt>
    <trkpt lat="37.921775" lon="-5.101699"><ele>488.1</ele></trkpt>
    <trkpt lat="37.921829" lon="-5.101395"><ele>489.9</ele></trkpt>
    <trkpt lat="37.921928" lon="-5.101115"><ele>491.6</ele></trkpt>
    <trkpt lat="37.922149" lon="-5.100792"><ele>493.9</ele></trkpt>
    <trkpt lat="37.922178" lon="-5.100665"><ele>494.5</ele></trkpt>
    <trkpt lat="37.922206" lon="-5.100287"><ele>496</ele></trkpt>
    <trkpt lat="37.922383" lon="-5.099646"><ele>498</ele></trkpt>
    <trkpt lat="37.922719" lon="-5.098998"><ele>498.8</ele></trkpt>
    <trkpt lat="37.922958" lon="-5.098539"><ele>498.1</ele></trkpt>
    <trkpt lat="37.923077" lon="-5.098448"><ele>497.7</ele></trkpt>
    <trkpt lat="37.923182" lon="-5.09843"><ele>497.3</ele></trkpt>
    <trkpt lat="37.923654" lon="-5.098439"><ele>495.4</ele></trkpt>
    <trkpt lat="37.92375" lon="-5.098399"><ele>494.9</ele></trkpt>
    <trkpt lat="37.923849" lon="-5.098285"><ele>494.3</ele></trkpt>
    <trkpt lat="37.924171" lon="-5.097769"><ele>491.5</ele></trkpt>
    <trkpt lat="37.924945" lon="-5.097341"><ele>486.4</ele></trkpt>
    <trkpt lat="37.92508" lon="-5.097153"><ele>485.1</ele></trkpt>
    <trkpt lat="37.925309" lon="-5.096671"><ele>482.1</ele></trkpt>
    <trkpt lat="37.925872" lon="-5.096044"><ele>477</ele></trkpt>
    <trkpt lat="37.925948" lon="-5.095808"><ele>475.8</ele></trkpt>
    <trkpt lat="37.925986" lon="-5.094346"><ele>471.6</ele></trkpt>
    <trkpt lat="37.926053" lon="-5.094122"><ele>471.4</ele></trkpt>
    <trkpt lat="37.926277" lon="-5.093699"><ele>471.4</ele></trkpt>
    <trkpt lat="37.9264" lon="-5.093243"><ele>471.7</ele></trkpt>
    <trkpt lat="37.926582" lon="-5.092847"><ele>472.2</ele></trkpt>
    <trkpt lat="37.926633" lon="-5.092786"><ele>472.3</ele></trkpt>
    <trkpt lat="37.926739" lon="-5.092743"><ele>472.4</ele></trkpt>
    <trkpt lat="37.928044" lon="-5.092644"><ele>472.6</ele></trkpt>
    <trkpt lat="37.928635" lon="-5.091961"><ele>471.2</ele></trkpt>
    <trkpt lat="37.929163" lon="-5.091666"><ele>470</ele></trkpt>
    <trkpt lat="37.929217" lon="-5.091597"><ele>469.9</ele></trkpt>
    <trkpt lat="37.929371" lon="-5.091057"><ele>468.9</ele></trkpt>
    <trkpt lat="37.92944" lon="-5.09068"><ele>468.2</ele></trkpt>
    <trkpt lat="37.929459" lon="-5.090349"><ele>467.7</ele></trkpt>
    <trkpt lat="37.929488" lon="-5.090207"><ele>467.5</ele></trkpt>
    <trkpt lat="37.92977" lon="-5.089304"><ele>466.1</ele></trkpt>
    <trkpt lat="37.929814" lon="-5.089233"><ele>466</ele></trkpt>
    <trkpt lat="37.929932" lon="-5.089162"><ele>465.9</ele></trkpt>
    <trkpt lat="37.930599" lon="-5.088928"><ele>465.7</ele></trkpt>
    <trkpt lat="37.930787" lon="-5.088785"><ele>465.8</ele></trkpt>
    <trkpt lat="37.931198" lon="-5.088205"><ele>466.3</ele></trkpt>
    <trkpt lat="37.931651" lon="-5.087119"><ele>466.6</ele></trkpt>
    <trkpt lat="37.932128" lon="-5.086208"><ele>466</ele></trkpt>
    <trkpt lat="37.932136" lon="-5.086193"><ele>466</ele></trkpt>
    <trkpt lat="37.932205" lon="-5.086094"><ele>465.9</ele></trkpt>
    <trkpt lat="37.932439" lon="-5.085974"><ele>465.8</ele></trkpt>
    <trkpt lat="37.932476" lon="-5.085924"><ele>465.9</ele></trkpt>
    <trkpt lat="37.932487" lon="-5.08579"><ele>465.9</ele></trkpt>
    <trkpt lat="37.932272" lon="-5.085239"><ele>467.4</ele></trkpt>
    <trkpt lat="37.932248" lon="-5.085103"><ele>468.1</ele></trkpt>
    <trkpt lat="37.932298" lon="-5.084883"><ele>469.3</ele></trkpt>
    <trkpt lat="37.932353" lon="-5.084803"><ele>470</ele></trkpt>
    <trkpt lat="37.93252" lon="-5.084686"><ele>471.7</ele></trkpt>
    <trkpt lat="37.93289" lon="-5.084573"><ele>475.6</ele></trkpt>
    <trkpt lat="37.933109" lon="-5.084437"><ele>478.4</ele></trkpt>
    <trkpt lat="37.933512" lon="-5.084276"><ele>483.7</ele></trkpt>
    <trkpt lat="37.93487" lon="-5.083006"><ele>498.9</ele></trkpt>
    <trkpt lat="37.935395" lon="-5.082728"><ele>500.9</ele></trkpt>
    <trkpt lat="37.935764" lon="-5.082603"><ele>501.7</ele></trkpt>
    <trkpt lat="37.935937" lon="-5.082615"><ele>502</ele></trkpt>
    <trkpt lat="37.936232" lon="-5.082811"><ele>502.4</ele></trkpt>
    <trkpt lat="37.936515" lon="-5.082955"><ele>502.9</ele></trkpt>
    <trkpt lat="37.936671" lon="-5.082977"><ele>503.2</ele></trkpt>
    <trkpt lat="37.936817" lon="-5.082939"><ele>503.5</ele></trkpt>
    <trkpt lat="37.93707" lon="-5.082766"><ele>504.3</ele></trkpt>
    <trkpt lat="37.937721" lon="-5.081961"><ele>508</ele></trkpt>
    <trkpt lat="37.937858" lon="-5.081903"><ele>508.7</ele></trkpt>
    <trkpt lat="37.938323" lon="-5.081897"><ele>511.5</ele></trkpt>
    <trkpt lat="37.938397" lon="-5.081872"><ele>512</ele></trkpt>
    <trkpt lat="37.938522" lon="-5.081763"><ele>513.1</ele></trkpt>
    <trkpt lat="37.938614" lon="-5.081583"><ele>514.3</ele></trkpt>
    <trkpt lat="37.938694" lon="-5.081345"><ele>515.8</ele></trkpt>
    <trkpt lat="37.938804" lon="-5.081239"><ele>516.9</ele></trkpt>
    <trkpt lat="37.939166" lon="-5.081073"><ele>519.6</ele></trkpt>
    <trkpt lat="37.939886" lon="-5.080863"><ele>523.1</ele></trkpt>
    <trkpt lat="37.940592" lon="-5.080907"><ele>523.7</ele></trkpt>
    <trkpt lat="37.940858" lon="-5.081017"><ele>523.3</ele></trkpt>
    <trkpt lat="37.94135" lon="-5.081386"><ele>521.6</ele></trkpt>
    <trkpt lat="37.941974" lon="-5.082087"><ele>517.3</ele></trkpt>
    <trkpt lat="37.942404" lon="-5.082617"><ele>513.7</ele></trkpt>
    <trkpt lat="37.942804" lon="-5.08284"><ele>511.2</ele></trkpt>
    <trkpt lat="37.942951" lon="-5.082995"><ele>510.1</ele></trkpt>
    <trkpt lat="37.943316" lon="-5.083549"><ele>507.2</ele></trkpt>
    <trkpt lat="37.943407" lon="-5.083929"><ele>505.4</ele></trkpt>
    <trkpt lat="37.943459" lon="-5.084002"><ele>505</ele></trkpt>
    <trkpt lat="37.943796" lon="-5.084065"><ele>503</ele></trkpt>
    <trkpt lat="37.944192" lon="-5.084259"><ele>499.9</ele></trkpt>
    <trkpt lat="37.944691" lon="-5.084288"><ele>495.8</ele></trkpt>
    <trkpt lat="37.945059" lon="-5.084527"><ele>492.3</ele></trkpt>
    <trkpt lat="37.94514" lon="-5.084522"><ele>491.7</ele></trkpt>
    <trkpt lat="37.945203" lon="-5.084482"><ele>491.2</ele></trkpt>
    <trkpt lat="37.945249" lon="-5.084415"><ele>490.7</ele></trkpt>
    <trkpt lat="37.9453" lon="-5.084253"><ele>489.7</ele></trkpt>
    <trkpt lat="37.945214" lon="-5.084105"><ele>488.8</ele></trkpt>
    <trkpt lat="37.944466" lon="-5.083574"><ele>484.9</ele></trkpt>
    <trkpt lat="37.944207" lon="-5.083146"><ele>483.5</ele></trkpt>
    <trkpt lat="37.943758" lon="-5.082155"><ele>480.8</ele></trkpt>
    <trkpt lat="37.943626" lon="-5.081995"><ele>480.2</ele></trkpt>
    <trkpt lat="37.943109" lon="-5.081608"><ele>478.6</ele></trkpt>
    <trkpt lat="37.943028" lon="-5.081412"><ele>478.2</ele></trkpt>
    <trkpt lat="37.942986" lon="-5.080785"><ele>477.6</ele></trkpt>
    <trkpt lat="37.942994" lon="-5.080635"><ele>477.5</ele></trkpt>
    <trkpt lat="37.943059" lon="-5.080393"><ele>477.5</ele></trkpt>
    <trkpt lat="37.94324" lon="-5.079959"><ele>478</ele></trkpt>
    <trkpt lat="37.943803" lon="-5.079512"><ele>480.1</ele></trkpt>
    <trkpt lat="37.943994" lon="-5.079259"><ele>481.5</ele></trkpt>
    <trkpt lat="37.944165" lon="-5.078547"><ele>484.7</ele></trkpt>
    <trkpt lat="37.944379" lon="-5.078179"><ele>486.8</ele></trkpt>
    <trkpt lat="37.944518" lon="-5.077801"><ele>488.8</ele></trkpt>
    <trkpt lat="37.944646" lon="-5.077602"><ele>489.9</ele></trkpt>
    <trkpt lat="37.944654" lon="-5.077508"><ele>490.3</ele></trkpt>
    <trkpt lat="37.944598" lon="-5.077195"><ele>491.7</ele></trkpt>
    <trkpt lat="37.944602" lon="-5.077052"><ele>492.3</ele></trkpt>
    <trkpt lat="37.944782" lon="-5.07605"><ele>496.6</ele></trkpt>
    <trkpt lat="37.944775" lon="-5.075923"><ele>497.1</ele></trkpt>
    <trkpt lat="37.944725" lon="-5.075797"><ele>497.8</ele></trkpt>
    <trkpt lat="37.944556" lon="-5.075529"><ele>499.3</ele></trkpt>
    <trkpt lat="37.944504" lon="-5.075382"><ele>500</ele></trkpt>
    <trkpt lat="37.944482" lon="-5.074637"><ele>503.6</ele></trkpt>
    <trkpt lat="37.944455" lon="-5.074502"><ele>504.3</ele></trkpt>
    <trkpt lat="37.944361" lon="-5.074342"><ele>505.3</ele></trkpt>
    <trkpt lat="37.944363" lon="-5.074252"><ele>505.8</ele></trkpt>
    <trkpt lat="37.944523" lon="-5.073858"><ele>508.1</ele></trkpt>
    <trkpt lat="37.944584" lon="-5.073755"><ele>508.8</ele></trkpt>
    <trkpt lat="37.944767" lon="-5.073588"><ele>510.3</ele></trkpt>
    <trkpt lat="37.945251" lon="-5.073285"><ele>514</ele></trkpt>
    <trkpt lat="37.945308" lon="-5.073192"><ele>514.7</ele></trkpt>
    <trkpt lat="37.945389" lon="-5.07286"><ele>516.7</ele></trkpt>
    <trkpt lat="37.94543" lon="-5.072795"><ele>517.1</ele></trkpt>
    <trkpt lat="37.945572" lon="-5.072672"><ele>518.4</ele></trkpt>
    <trkpt lat="37.945596" lon="-5.072595"><ele>518.9</ele></trkpt>
    <trkpt lat="37.945587" lon="-5.072516"><ele>519.4</ele></trkpt>
    <trkpt lat="37.9455" lon="-5.072365"><ele>520.5</ele></trkpt>
    <trkpt lat="37.945478" lon="-5.07225"><ele>521.2</ele></trkpt>
    <trkpt lat="37.945491" lon="-5.07214"><ele>521.8</ele></trkpt>
    <trkpt lat="37.945966" lon="-5.070688"><ele>530.3</ele></trkpt>
    <trkpt lat="37.946069" lon="-5.070541"><ele>531.1</ele></trkpt>
    <trkpt lat="37.946195" lon="-5.070528"><ele>531.8</ele></trkpt>
    <trkpt lat="37.946652" lon="-5.070707"><ele>533.9</ele></trkpt>
    <trkpt lat="37.946935" lon="-5.070857"><ele>535</ele></trkpt>
    <trkpt lat="37.947166" lon="-5.071123"><ele>535.9</ele></trkpt>
    <trkpt lat="37.947488" lon="-5.071243"><ele>536.9</ele></trkpt>
    <trkpt lat="37.94793" lon="-5.071357"><ele>538.2</ele></trkpt>
    <trkpt lat="37.948717" lon="-5.071384"><ele>540.3</ele></trkpt>
    <trkpt lat="37.949081" lon="-5.071275"><ele>541.2</ele></trkpt>
    <trkpt lat="37.950058" lon="-5.071185"><ele>543.1</ele></trkpt>
    <trkpt lat="37.950204" lon="-5.071197"><ele>543.3</ele></trkpt>
    <trkpt lat="37.950277" lon="-5.071215"><ele>543.5</ele></trkpt>
    <trkpt lat="37.950456" lon="-5.071347"><ele>543.8</ele></trkpt>
    <trkpt lat="37.950972" lon="-5.07192"><ele>545</ele></trkpt>
    <trkpt lat="37.95106" lon="-5.071987"><ele>545.2</ele></trkpt>
    <trkpt lat="37.951208" lon="-5.072046"><ele>545.5</ele></trkpt>
    <trkpt lat="37.953259" lon="-5.072284"><ele>551.2</ele></trkpt>
    <trkpt lat="37.953393" lon="-5.072334"><ele>551.6</ele></trkpt>
    <trkpt lat="37.953532" lon="-5.072457"><ele>552.2</ele></trkpt>
    <trkpt lat="37.954187" lon="-5.0734"><ele>556.7</ele></trkpt>
    <trkpt lat="37.954233" lon="-5.07352"><ele>557.2</ele></trkpt>
    <trkpt lat="37.954334" lon="-5.074009"><ele>559.4</ele></trkpt>
    <trkpt lat="37.954409" lon="-5.074178"><ele>560.2</ele></trkpt>
    <trkpt lat="37.954497" lon="-5.074267"><ele>560.8</ele></trkpt>
    <trkpt lat="37.954545" lon="-5.074277"><ele>561</ele></trkpt>
    <trkpt lat="37.954641" lon="-5.074234"><ele>561.6</ele></trkpt>
    <trkpt lat="37.954689" lon="-5.073987"><ele>562.6</ele></trkpt>
    <trkpt lat="37.954747" lon="-5.073835"><ele>563.3</ele></trkpt>
    <trkpt lat="37.95504" lon="-5.073356"><ele>565.9</ele></trkpt>
    <trkpt lat="37.955147" lon="-5.073064"><ele>567.1</ele></trkpt>
    <trkpt lat="37.955269" lon="-5.07261"><ele>568.7</ele></trkpt>
    <trkpt lat="37.9553" lon="-5.072559"><ele>568.8</ele></trkpt>
    <trkpt lat="37.955431" lon="-5.072478"><ele>569.3</ele></trkpt>
    <trkpt lat="37.955528" lon="-5.072484"><ele>569.6</ele></trkpt>
    <trkpt lat="37.955617" lon="-5.072544"><ele>569.8</ele></trkpt>
    <trkpt lat="37.955672" lon="-5.072623"><ele>569.9</ele></trkpt>
    <trkpt lat="37.955883" lon="-5.073322"><ele>569.8</ele></trkpt>
    <trkpt lat="37.956078" lon="-5.073574"><ele>569</ele></trkpt>
    <trkpt lat="37.956153" lon="-5.073606"><ele>568.6</ele></trkpt>
    <trkpt lat="37.956375" lon="-5.073601"><ele>567.4</ele></trkpt>
    <trkpt lat="37.956753" lon="-5.07352"><ele>564.7</ele></trkpt>
    <trkpt lat="37.957165" lon="-5.073365"><ele>561.2</ele></trkpt>
    <trkpt lat="37.957523" lon="-5.073386"><ele>558.2</ele></trkpt>
    <trkpt lat="37.958054" lon="-5.073478"><ele>554.1</ele></trkpt>
    <trkpt lat="37.958776" lon="-5.07387"><ele>549</ele></trkpt>
    <trkpt lat="37.959195" lon="-5.074187"><ele>546.3</ele></trkpt>
    <trkpt lat="37.959548" lon="-5.074222"><ele>544.8</ele></trkpt>
    <trkpt lat="37.959696" lon="-5.074332"><ele>544.1</ele></trkpt>
    <trkpt lat="37.959842" lon="-5.074534"><ele>543.4</ele></trkpt>
    <trkpt lat="37.960946" lon="-5.075786"><ele>541.8</ele></trkpt>
    <trkpt lat="37.961111" lon="-5.075885"><ele>541.7</ele></trkpt>
    <trkpt lat="37.962436" lon="-5.076486"><ele>538.1</ele></trkpt>
    <trkpt lat="37.962719" lon="-5.076817"><ele>536.1</ele></trkpt>
    <trkpt lat="37.96297" lon="-5.07706"><ele>534.4</ele></trkpt>
    <trkpt lat="37.962998" lon="-5.077139"><ele>534.1</ele></trkpt>
    <trkpt lat="37.963009" lon="-5.077365"><ele>533.2</ele></trkpt>
    <trkpt lat="37.962969" lon="-5.077767"><ele>531.7</ele></trkpt>
    <trkpt lat="37.962989" lon="-5.077888"><ele>531.4</ele></trkpt>
    <trkpt lat="37.963051" lon="-5.078004"><ele>531</ele></trkpt>
    <trkpt lat="37.963123" lon="-5.078077"><ele>530.8</ele></trkpt>
    <trkpt lat="37.963375" lon="-5.078187"><ele>530.3</ele></trkpt>
    <trkpt lat="37.963704" lon="-5.078554"><ele>530.3</ele></trkpt>
    <trkpt lat="37.964456" lon="-5.079138"><ele>531.8</ele></trkpt>
    <trkpt lat="37.964542" lon="-5.079231"><ele>531.9</ele></trkpt>
    <trkpt lat="37.964892" lon="-5.079808"><ele>532.3</ele></trkpt>
    <trkpt lat="37.965015" lon="-5.080282"><ele>532</ele></trkpt>
    <trkpt lat="37.96509" lon="-5.080459"><ele>531.8</ele></trkpt>
    <trkpt lat="37.965568" lon="-5.081067"><ele>530.9</ele></trkpt>
    <trkpt lat="37.965978" lon="-5.081335"><ele>530.5</ele></trkpt>
    <trkpt lat="37.966722" lon="-5.081685"><ele>529.6</ele></trkpt>
    <trkpt lat="37.967142" lon="-5.081821"><ele>528.2</ele></trkpt>
    <trkpt lat="37.967432" lon="-5.08178"><ele>526.6</ele></trkpt>
    <trkpt lat="37.967764" lon="-5.081544"><ele>523.6</ele></trkpt>
    <trkpt lat="37.967831" lon="-5.08152"><ele>523</ele></trkpt>
    <trkpt lat="37.96843" lon="-5.081728"><ele>516.9</ele></trkpt>
    <trkpt lat="37.968656" lon="-5.081686"><ele>514.9</ele></trkpt>
    <trkpt lat="37.968995" lon="-5.081443"><ele>511.8</ele></trkpt>
    <trkpt lat="37.969062" lon="-5.081351"><ele>511.1</ele></trkpt>
    <trkpt lat="37.969091" lon="-5.081239"><ele>510.6</ele></trkpt>
    <trkpt lat="37.969096" lon="-5.080939"><ele>509.3</ele></trkpt>
    <trkpt lat="37.969049" lon="-5.080777"><ele>508.7</ele></trkpt>
    <trkpt lat="37.968885" lon="-5.080525"><ele>507.7</ele></trkpt>
    <trkpt lat="37.968872" lon="-5.080434"><ele>507.5</ele></trkpt>
    <trkpt lat="37.968903" lon="-5.080345"><ele>507.3</ele></trkpt>
    <trkpt lat="37.96897" lon="-5.080301"><ele>507.1</ele></trkpt>
    <trkpt lat="37.969271" lon="-5.080382"><ele>506.3</ele></trkpt>
    <trkpt lat="37.969357" lon="-5.080364"><ele>506.1</ele></trkpt>
    <trkpt lat="37.969432" lon="-5.0803"><ele>505.9</ele></trkpt>
    <trkpt lat="37.969557" lon="-5.080048"><ele>505.1</ele></trkpt>
    <trkpt lat="37.969669" lon="-5.080007"><ele>504.7</ele></trkpt>
    <trkpt lat="37.96973" lon="-5.080034"><ele>504.5</ele></trkpt>
    <trkpt lat="37.969778" lon="-5.080159"><ele>504</ele></trkpt>
    <trkpt lat="37.969616" lon="-5.080836"><ele>501.4</ele></trkpt>
    <trkpt lat="37.969619" lon="-5.081006"><ele>500.9</ele></trkpt>
    <trkpt lat="37.969744" lon="-5.081636"><ele>499.2</ele></trkpt>
    <trkpt lat="37.969805" lon="-5.081738"><ele>499</ele></trkpt>
    <trkpt lat="37.969883" lon="-5.081791"><ele>498.8</ele></trkpt>
    <trkpt lat="37.969964" lon="-5.081798"><ele>498.6</ele></trkpt>
    <trkpt lat="37.970239" lon="-5.08161"><ele>498.3</ele></trkpt>
    <trkpt lat="37.970547" lon="-5.081513"><ele>498.3</ele></trkpt>
    <trkpt lat="37.97072" lon="-5.081352"><ele>498.6</ele></trkpt>
    <trkpt lat="37.970797" lon="-5.081336"><ele>498.8</ele></trkpt>
    <trkpt lat="37.970858" lon="-5.081395"><ele>498.9</ele></trkpt>
    <trkpt lat="37.970875" lon="-5.081472"><ele>499.1</ele></trkpt>
    <trkpt lat="37.970787" lon="-5.081797"><ele>499.8</ele></trkpt>
    <trkpt lat="37.970802" lon="-5.081902"><ele>500.1</ele></trkpt>
    <trkpt lat="37.970847" lon="-5.081971"><ele>500.3</ele></trkpt>
    <trkpt lat="37.970934" lon="-5.081993"><ele>500.6</ele></trkpt>
    <trkpt lat="37.971206" lon="-5.08196"><ele>501.4</ele></trkpt>
    <trkpt lat="37.971278" lon="-5.081993"><ele>501.7</ele></trkpt>
    <trkpt lat="37.971325" lon="-5.082049"><ele>501.9</ele></trkpt>
    <trkpt lat="37.971356" lon="-5.082141"><ele>502.2</ele></trkpt>
    <trkpt lat="37.971327" lon="-5.082363"><ele>502.8</ele></trkpt>
    <trkpt lat="37.971078" lon="-5.082673"><ele>504.3</ele></trkpt>
    <trkpt lat="37.971009" lon="-5.082827"><ele>504.9</ele></trkpt>
    <trkpt lat="37.971017" lon="-5.08299"><ele>505.5</ele></trkpt>
    <trkpt lat="37.971063" lon="-5.083096"><ele>505.9</ele></trkpt>
    <trkpt lat="37.971283" lon="-5.083375"><ele>507.1</ele></trkpt>
    <trkpt lat="37.971423" lon="-5.083645"><ele>507.9</ele></trkpt>
    <trkpt lat="37.97148" lon="-5.084052"><ele>509</ele></trkpt>
    <trkpt lat="37.97157" lon="-5.085846"><ele>509.7</ele></trkpt>
    <trkpt lat="37.971341" lon="-5.086303"><ele>508.5</ele></trkpt>
    <trkpt lat="37.97127" lon="-5.086811"><ele>507</ele></trkpt>
    <trkpt lat="37.971291" lon="-5.087173"><ele>505.9</ele></trkpt>
    <trkpt lat="37.971706" lon="-5.08757"><ele>503.8</ele></trkpt>
    <trkpt lat="37.971833" lon="-5.088235"><ele>502</ele></trkpt>
    <trkpt lat="37.972137" lon="-5.088707"><ele>500.4</ele></trkpt>
    <trkpt lat="37.972459" lon="-5.088783"><ele>499.1</ele></trkpt>
    <trkpt lat="37.972924" lon="-5.08874"><ele>496.9</ele></trkpt>
    <trkpt lat="37.973473" lon="-5.08875"><ele>494</ele></trkpt>
    <trkpt lat="37.973634" lon="-5.088654"><ele>493</ele></trkpt>
    <trkpt lat="37.973795" lon="-5.0883"><ele>491</ele></trkpt>
    <trkpt lat="37.973998" lon="-5.088353"><ele>489.7</ele></trkpt>
    <trkpt lat="37.974223" lon="-5.088353"><ele>488.3</ele></trkpt>
    <trkpt lat="37.974581" lon="-5.088364"><ele>485.7</ele></trkpt>
    <trkpt lat="37.974759" lon="-5.088268"><ele>484.3</ele></trkpt>
    <trkpt lat="37.975038" lon="-5.088353"><ele>481.8</ele></trkpt>
    <trkpt lat="37.975258" lon="-5.088353"><ele>479.7</ele></trkpt>
    <trkpt lat="37.975393" lon="-5.088053"><ele>476.8</ele></trkpt>
    <trkpt lat="37.975605" lon="-5.087924"><ele>474.2</ele></trkpt>
    <trkpt lat="37.976205" lon="-5.087688"><ele>467.3</ele></trkpt>
    <trkpt lat="37.97634" lon="-5.087602"><ele>465.8</ele></trkpt>
    <trkpt lat="37.976494" lon="-5.087318"><ele>463.5</ele></trkpt>
    <trkpt lat="37.976912" lon="-5.087429"><ele>460.8</ele></trkpt>
    <trkpt lat="37.976935" lon="-5.08755"><ele>460.4</ele></trkpt>
    <trkpt lat="37.976865" lon="-5.087842"><ele>459.4</ele></trkpt>
    <trkpt lat="37.976726" lon="-5.088009"><ele>458.5</ele></trkpt>
    <trkpt lat="37.976656" lon="-5.088581"><ele>456.7</ele></trkpt>
    <trkpt lat="37.976556" lon="-5.088827"><ele>456</ele></trkpt>
    <trkpt lat="37.976564" lon="-5.089091"><ele>455.4</ele></trkpt>
    <trkpt lat="37.97661" lon="-5.089155"><ele>455.1</ele></trkpt>
    <trkpt lat="37.97671" lon="-5.089292"><ele>454.7</ele></trkpt>
    <trkpt lat="37.977414" lon="-5.089991"><ele>453.6</ele></trkpt>
    <trkpt lat="37.97746" lon="-5.090179"><ele>453.9</ele></trkpt>
    <trkpt lat="37.97745" lon="-5.09048"><ele>455</ele></trkpt>
    <trkpt lat="37.977589" lon="-5.090465"><ele>455.8</ele></trkpt>
    <trkpt lat="37.977872" lon="-5.090112"><ele>458.4</ele></trkpt>
    <trkpt lat="37.977951" lon="-5.090149"><ele>459.1</ele></trkpt>
    <trkpt lat="37.977972" lon="-5.090264"><ele>459.8</ele></trkpt>
    <trkpt lat="37.977776" lon="-5.090839"><ele>464.2</ele></trkpt>
    <trkpt lat="37.977898" lon="-5.091419"><ele>468</ele></trkpt>
    <trkpt lat="37.977977" lon="-5.09158"><ele>469.1</ele></trkpt>
    <trkpt lat="37.978083" lon="-5.091623"><ele>469.9</ele></trkpt>
    <trkpt lat="37.978358" lon="-5.091571"><ele>471.7</ele></trkpt>
    <trkpt lat="37.97861" lon="-5.091468"><ele>473.1</ele></trkpt>
    <trkpt lat="37.978684" lon="-5.091471"><ele>473.5</ele></trkpt>
    <trkpt lat="37.978749" lon="-5.091692"><ele>474.5</ele></trkpt>
    <trkpt lat="37.978763" lon="-5.091933"><ele>475.5</ele></trkpt>
    <trkpt lat="37.978816" lon="-5.092127"><ele>476.3</ele></trkpt>
    <trkpt lat="37.97888" lon="-5.092163"><ele>476.6</ele></trkpt>
    <trkpt lat="37.978993" lon="-5.092157"><ele>477.1</ele></trkpt>
    <trkpt lat="37.97907" lon="-5.0921"><ele>477.4</ele></trkpt>
    <trkpt lat="37.979137" lon="-5.092011"><ele>477.8</ele></trkpt>
    <trkpt lat="37.979275" lon="-5.091614"><ele>479.3</ele></trkpt>
    <trkpt lat="37.97946" lon="-5.091267"><ele>481</ele></trkpt>
    <trkpt lat="37.979826" lon="-5.090948"><ele>483.6</ele></trkpt>
    <trkpt lat="37.979896" lon="-5.090772"><ele>484.7</ele></trkpt>
    <trkpt lat="37.979994" lon="-5.090398"><ele>486.8</ele></trkpt>
    <trkpt lat="37.980116" lon="-5.090191"><ele>488.2</ele></trkpt>
    <trkpt lat="37.98015" lon="-5.089881"><ele>489.9</ele></trkpt>
    <trkpt lat="37.980129" lon="-5.089694"><ele>490.9</ele></trkpt>
    <trkpt lat="37.980142" lon="-5.089429"><ele>492.4</ele></trkpt>
    <trkpt lat="37.980037" lon="-5.089091"><ele>494.1</ele></trkpt>
    <trkpt lat="37.980027" lon="-5.088955"><ele>494.7</ele></trkpt>
    <trkpt lat="37.980071" lon="-5.088851"><ele>495.2</ele></trkpt>
    <trkpt lat="37.980152" lon="-5.088785"><ele>495.7</ele></trkpt>
    <trkpt lat="37.980317" lon="-5.088769"><ele>496.4</ele></trkpt>
    <trkpt lat="37.980463" lon="-5.088657"><ele>497.1</ele></trkpt>
    <trkpt lat="37.980638" lon="-5.088465"><ele>497.8</ele></trkpt>
    <trkpt lat="37.980722" lon="-5.088432"><ele>498.1</ele></trkpt>
    <trkpt lat="37.980823" lon="-5.08849"><ele>498.3</ele></trkpt>
    <trkpt lat="37.980969" lon="-5.088763"><ele>498.9</ele></trkpt>
    <trkpt lat="37.981136" lon="-5.088955"><ele>499.3</ele></trkpt>
    <trkpt lat="37.981319" lon="-5.088921"><ele>499.5</ele></trkpt>
    <trkpt lat="37.981488" lon="-5.088794"><ele>499.6</ele></trkpt>
    <trkpt lat="37.981558" lon="-5.088705"><ele>499.7</ele></trkpt>
    <trkpt lat="37.98167" lon="-5.088409"><ele>499.6</ele></trkpt>
    <trkpt lat="37.981771" lon="-5.087988"><ele>499.4</ele></trkpt>
    <trkpt lat="37.981855" lon="-5.087326"><ele>499.2</ele></trkpt>
    <trkpt lat="37.981915" lon="-5.087259"><ele>499.2</ele></trkpt>
    <trkpt lat="37.982286" lon="-5.087229"><ele>499.2</ele></trkpt>
    <trkpt lat="37.983108" lon="-5.086767"><ele>501</ele></trkpt>
    <trkpt lat="37.983531" lon="-5.08663"><ele>503.3</ele></trkpt>
    <trkpt lat="37.983927" lon="-5.086591"><ele>505.8</ele></trkpt>
    <trkpt lat="37.984116" lon="-5.086424"><ele>507.5</ele></trkpt>
    <trkpt lat="37.984329" lon="-5.086147"><ele>509.8</ele></trkpt>
    <trkpt lat="37.984729" lon="-5.086004"><ele>513</ele></trkpt>
    <trkpt lat="37.985213" lon="-5.086029"><ele>516.5</ele></trkpt>
    <trkpt lat="37.985313" lon="-5.085983"><ele>517.3</ele></trkpt>
    <trkpt lat="37.985526" lon="-5.085612"><ele>519.8</ele></trkpt>
    <trkpt lat="37.986089" lon="-5.085351"><ele>523.1</ele></trkpt>
    <trkpt lat="37.986226" lon="-5.085123"><ele>524</ele></trkpt>
    <trkpt lat="37.986324" lon="-5.084883"><ele>524.7</ele></trkpt>
    <trkpt lat="37.986506" lon="-5.084704"><ele>525.2</ele></trkpt>
    <trkpt lat="37.986892" lon="-5.084552"><ele>525.7</ele></trkpt>
    <trkpt lat="37.986939" lon="-5.084512"><ele>525.7</ele></trkpt>
    <trkpt lat="37.986975" lon="-5.084442"><ele>525.8</ele></trkpt>
    <trkpt lat="37.986904" lon="-5.083747"><ele>525.9</ele></trkpt>
    <trkpt lat="37.98693" lon="-5.083591"><ele>525.9</ele></trkpt>
    <trkpt lat="37.987567" lon="-5.082975"><ele>527</ele></trkpt>
    <trkpt lat="37.987907" lon="-5.082823"><ele>528.3</ele></trkpt>
    <trkpt lat="37.988053" lon="-5.082707"><ele>529.1</ele></trkpt>
    <trkpt lat="37.988202" lon="-5.082133"><ele>531.5</ele></trkpt>
    <trkpt lat="37.988381" lon="-5.081732"><ele>533.5</ele></trkpt>
    <trkpt lat="37.988788" lon="-5.081045"><ele>537</ele></trkpt>
    <trkpt lat="37.989272" lon="-5.08045"><ele>539.6</ele></trkpt>
    <trkpt lat="37.990482" lon="-5.078672"><ele>543.4</ele></trkpt>
    <trkpt lat="37.99057" lon="-5.078566"><ele>543.7</ele></trkpt>
    <trkpt lat="37.990994" lon="-5.078259"><ele>545</ele></trkpt>
    <trkpt lat="37.991061" lon="-5.078186"><ele>545.2</ele></trkpt>
    <trkpt lat="37.991121" lon="-5.078095"><ele>545.5</ele></trkpt>
    <trkpt lat="37.991245" lon="-5.0778"><ele>546.5</ele></trkpt>
    <trkpt lat="37.99143" lon="-5.077615"><ele>547.4</ele></trkpt>
    <trkpt lat="37.99216" lon="-5.077101"><ele>551.2</ele></trkpt>
    <trkpt lat="37.992357" lon="-5.076904"><ele>552.4</ele></trkpt>
    <trkpt lat="37.992781" lon="-5.076262"><ele>554.3</ele></trkpt>
    <trkpt lat="37.992977" lon="-5.075819"><ele>554.8</ele></trkpt>
    <trkpt lat="37.993006" lon="-5.074752"><ele>555.4</ele></trkpt>
    <trkpt lat="37.993044" lon="-5.074612"><ele>555.4</ele></trkpt>
    <trkpt lat="37.993207" lon="-5.074308"><ele>555.4</ele></trkpt>
    <trkpt lat="37.993327" lon="-5.074156"><ele>555.5</ele></trkpt>
    <trkpt lat="37.993413" lon="-5.074126"><ele>555.6</ele></trkpt>
    <trkpt lat="37.9936" lon="-5.074166"><ele>555.9</ele></trkpt>
    <trkpt lat="37.994213" lon="-5.074463"><ele>557.6</ele></trkpt>
    <trkpt lat="37.994301" lon="-5.074637"><ele>558.1</ele></trkpt>
    <trkpt lat="37.994756" lon="-5.076077"><ele>560.6</ele></trkpt>
    <trkpt lat="37.994981" lon="-5.076727"><ele>560.2</ele></trkpt>
    <trkpt lat="37.995048" lon="-5.076849"><ele>560</ele></trkpt>
    <trkpt lat="37.995206" lon="-5.07694"><ele>559.6</ele></trkpt>
    <trkpt lat="37.995369" lon="-5.076958"><ele>559.1</ele></trkpt>
    <trkpt lat="37.996463" lon="-5.076979"><ele>555</ele></trkpt>
    <trkpt lat="37.99654" lon="-5.076982"><ele>554.8</ele></trkpt>
    <trkpt lat="37.996657" lon="-5.076949"><ele>554.4</ele></trkpt>
    <trkpt lat="37.99684" lon="-5.076819"><ele>553.8</ele></trkpt>
    <trkpt lat="37.998085" lon="-5.075737"><ele>550.6</ele></trkpt>
    <trkpt lat="37.998147" lon="-5.075627"><ele>550.4</ele></trkpt>
    <trkpt lat="37.998235" lon="-5.075068"><ele>549.4</ele></trkpt>
    <trkpt lat="37.998118" lon="-5.074594"><ele>548.4</ele></trkpt>
    <trkpt lat="37.998358" lon="-5.073481"><ele>546.2</ele></trkpt>
    <trkpt lat="37.998655" lon="-5.071659"><ele>542.2</ele></trkpt>
    <trkpt lat="37.998712" lon="-5.071479"><ele>541.6</ele></trkpt>
    <trkpt lat="37.998798" lon="-5.071325"><ele>541</ele></trkpt>
    <trkpt lat="37.998822" lon="-5.071185"><ele>540.4</ele></trkpt>
    <trkpt lat="37.998793" lon="-5.07106"><ele>540</ele></trkpt>
    <trkpt lat="37.998472" lon="-5.070207"><ele>535.9</ele></trkpt>
    <trkpt lat="37.998417" lon="-5.069987"><ele>534.9</ele></trkpt>
    <trkpt lat="37.998468" lon="-5.069617"><ele>533.1</ele></trkpt>
    <trkpt lat="37.998456" lon="-5.069368"><ele>531.9</ele></trkpt>
    <trkpt lat="37.998312" lon="-5.068362"><ele>526.8</ele></trkpt>
    <trkpt lat="37.998191" lon="-5.067949"><ele>524.6</ele></trkpt>
    <trkpt lat="37.998207" lon="-5.067596"><ele>523</ele></trkpt>
    <trkpt lat="37.998348" lon="-5.067022"><ele>520.9</ele></trkpt>
    <trkpt lat="37.998678" lon="-5.066587"><ele>519.6</ele></trkpt>
    <trkpt lat="37.998827" lon="-5.066587"><ele>519.1</ele></trkpt>
    <trkpt lat="37.998951" lon="-5.066666"><ele>518.8</ele></trkpt>
    <trkpt lat="37.999363" lon="-5.067067"><ele>517.2</ele></trkpt>
    <trkpt lat="37.999457" lon="-5.06707"><ele>516.9</ele></trkpt>
    <trkpt lat="37.999536" lon="-5.066998"><ele>516.5</ele></trkpt>
    <trkpt lat="37.999706" lon="-5.066587"><ele>514.6</ele></trkpt>
    <trkpt lat="37.999823" lon="-5.066384"><ele>513.2</ele></trkpt>
    <trkpt lat="37.999935" lon="-5.066287"><ele>512</ele></trkpt>
    <trkpt lat="38.000072" lon="-5.066235"><ele>510.6</ele></trkpt>
    <trkpt lat="38.000453" lon="-5.066211"><ele>506</ele></trkpt>
    <trkpt lat="38.000493" lon="-5.066165"><ele>505.3</ele></trkpt>
    <trkpt lat="38.000491" lon="-5.066062"><ele>504.3</ele></trkpt>
    <trkpt lat="38.000398" lon="-5.065861"><ele>501.8</ele></trkpt>
    <trkpt lat="38.000362" lon="-5.065721"><ele>500.2</ele></trkpt>
    <trkpt lat="38.000364" lon="-5.065481"><ele>497.6</ele></trkpt>
    <trkpt lat="38.000429" lon="-5.065031"><ele>492.5</ele></trkpt>
    <trkpt lat="38.000532" lon="-5.064858"><ele>490.1</ele></trkpt>
    <trkpt lat="38.000589" lon="-5.064703"><ele>488.2</ele></trkpt>
    <trkpt lat="38.000532" lon="-5.064369"><ele>484.6</ele></trkpt>
    <trkpt lat="38.000527" lon="-5.064226"><ele>483.2</ele></trkpt>
    <trkpt lat="38.000596" lon="-5.063986"><ele>480.8</ele></trkpt>
    <trkpt lat="38.000596" lon="-5.063688"><ele>478.4</ele></trkpt>
    <trkpt lat="38.000649" lon="-5.063181"><ele>475.5</ele></trkpt>
    <trkpt lat="38.000763" lon="-5.062803"><ele>474.1</ele></trkpt>
    <trkpt lat="38.000921" lon="-5.062463"><ele>473.6</ele></trkpt>
    <trkpt lat="38.000993" lon="-5.062369"><ele>473.5</ele></trkpt>
    <trkpt lat="38.001086" lon="-5.062299"><ele>473.5</ele></trkpt>
    <trkpt lat="38.001373" lon="-5.062335"><ele>473.8</ele></trkpt>
    <trkpt lat="38.001641" lon="-5.062457"><ele>474.1</ele></trkpt>
    <trkpt lat="38.001745" lon="-5.062539"><ele>474.1</ele></trkpt>
    <trkpt lat="38.001838" lon="-5.062661"><ele>474</ele></trkpt>
    <trkpt lat="38.001996" lon="-5.063068"><ele>473.1</ele></trkpt>
    <trkpt lat="38.002058" lon="-5.063156"><ele>472.7</ele></trkpt>
    <trkpt lat="38.00224" lon="-5.063189"><ele>471.7</ele></trkpt>
    <trkpt lat="38.002348" lon="-5.06315"><ele>471</ele></trkpt>
    <trkpt lat="38.00247" lon="-5.063001"><ele>469.8</ele></trkpt>
    <trkpt lat="38.002568" lon="-5.062803"><ele>468.4</ele></trkpt>
    <trkpt lat="38.00271" lon="-5.062329"><ele>465.1</ele></trkpt>
    <trkpt lat="38.002779" lon="-5.062168"><ele>464</ele></trkpt>
    <trkpt lat="38.002872" lon="-5.062111"><ele>463.2</ele></trkpt>
    <trkpt lat="38.003073" lon="-5.062093"><ele>461.8</ele></trkpt>
    <trkpt lat="38.003186" lon="-5.06212"><ele>461</ele></trkpt>
    <trkpt lat="38.003277" lon="-5.062235"><ele>460.3</ele></trkpt>
    <trkpt lat="38.00334" lon="-5.062439"><ele>459.3</ele></trkpt>
    <trkpt lat="38.003354" lon="-5.0628"><ele>457.8</ele></trkpt>
    <trkpt lat="38.003294" lon="-5.063326"><ele>455.7</ele></trkpt>
    <trkpt lat="38.003294" lon="-5.063523"><ele>454.8</ele></trkpt>
    <trkpt lat="38.003375" lon="-5.063603"><ele>454.3</ele></trkpt>
    <trkpt lat="38.003969" lon="-5.063326"><ele>450.9</ele></trkpt>
    <trkpt lat="38.00406" lon="-5.06339"><ele>450.4</ele></trkpt>
    <trkpt lat="38.00409" lon="-5.063567"><ele>449.8</ele></trkpt>
    <trkpt lat="38.004043" lon="-5.063961"><ele>448.6</ele></trkpt>
    <trkpt lat="38.003711" lon="-5.065303"><ele>444.4</ele></trkpt>
    <trkpt lat="38.003718" lon="-5.065428"><ele>443.9</ele></trkpt>
    <trkpt lat="38.003796" lon="-5.065519"><ele>443.3</ele></trkpt>
    <trkpt lat="38.003883" lon="-5.065566"><ele>442.7</ele></trkpt>
    <trkpt lat="38.004" lon="-5.065543"><ele>441.7</ele></trkpt>
    <trkpt lat="38.00425" lon="-5.065124"><ele>438</ele></trkpt>
    <trkpt lat="38.0048" lon="-5.064477"><ele>430.7</ele></trkpt>
    <trkpt lat="38.004941" lon="-5.064389"><ele>429.7</ele></trkpt>
    <trkpt lat="38.005028" lon="-5.064389"><ele>429.2</ele></trkpt>
    <trkpt lat="38.005137" lon="-5.06446"><ele>428.5</ele></trkpt>
    <trkpt lat="38.005403" lon="-5.064919"><ele>426.8</ele></trkpt>
    <trkpt lat="38.005496" lon="-5.065138"><ele>426.4</ele></trkpt>
    <trkpt lat="38.005597" lon="-5.06559"><ele>426.3</ele></trkpt>
    <trkpt lat="38.005788" lon="-5.065991"><ele>426.4</ele></trkpt>
    <trkpt lat="38.006099" lon="-5.066952"><ele>424.9</ele></trkpt>
    <trkpt lat="38.006317" lon="-5.067244"><ele>423.2</ele></trkpt>
    <trkpt lat="38.006685" lon="-5.067624"><ele>419.9</ele></trkpt>
    <trkpt lat="38.006804" lon="-5.067718"><ele>418.9</ele></trkpt>
    <trkpt lat="38.006933" lon="-5.067743"><ele>418</ele></trkpt>
    <trkpt lat="38.007308" lon="-5.067333"><ele>414.7</ele></trkpt>
    <trkpt lat="38.007337" lon="-5.06718"><ele>413.9</ele></trkpt>
    <trkpt lat="38.006923" lon="-5.066407"><ele>411</ele></trkpt>
    <trkpt lat="38.006798" lon="-5.065998"><ele>410.8</ele></trkpt>
    <trkpt lat="38.006562" lon="-5.063553"><ele>413.6</ele></trkpt>
    <trkpt lat="38.006975" lon="-5.060241"><ele>423.3</ele></trkpt>
    <trkpt lat="38.006864" lon="-5.059033"><ele>423.7</ele></trkpt>
    <trkpt lat="38.00689" lon="-5.05832"><ele>423.2</ele></trkpt>
    <trkpt lat="38.007064" lon="-5.05779"><ele>423.7</ele></trkpt>
    <trkpt lat="38.007257" lon="-5.057203"><ele>426.6</ele></trkpt>
    <trkpt lat="38.007347" lon="-5.057017"><ele>428</ele></trkpt>
    <trkpt lat="38.007578" lon="-5.056904"><ele>430.4</ele></trkpt>
    <trkpt lat="38.007729" lon="-5.056981"><ele>432</ele></trkpt>
    <trkpt lat="38.007945" lon="-5.056985"><ele>434.5</ele></trkpt>
    <trkpt lat="38.008536" lon="-5.056876"><ele>441.3</ele></trkpt>
    <trkpt lat="38.009116" lon="-5.056841"><ele>446.7</ele></trkpt>
    <trkpt lat="38.009707" lon="-5.056748"><ele>449.5</ele></trkpt>
    <trkpt lat="38.009835" lon="-5.056597"><ele>450.1</ele></trkpt>
    <trkpt lat="38.010241" lon="-5.056435"><ele>451</ele></trkpt>
    <trkpt lat="38.01045" lon="-5.056597"><ele>451.3</ele></trkpt>
    <trkpt lat="38.010809" lon="-5.056655"><ele>451.8</ele></trkpt>
    <trkpt lat="38.011575" lon="-5.056632"><ele>452.6</ele></trkpt>
    <trkpt lat="38.013349" lon="-5.05633"><ele>454.8</ele></trkpt>
    <trkpt lat="38.014323" lon="-5.05611"><ele>457.4</ele></trkpt>
    <trkpt lat="38.015866" lon="-5.055519"><ele>462.2</ele></trkpt>
    <trkpt lat="38.017095" lon="-5.055635"><ele>465.5</ele></trkpt>
    <trkpt lat="38.017524" lon="-5.055994"><ele>466.7</ele></trkpt>
    <trkpt lat="38.017837" lon="-5.056157"><ele>467.4</ele></trkpt>
    <trkpt lat="38.018475" lon="-5.056215"><ele>468.7</ele></trkpt>
    <trkpt lat="38.018893" lon="-5.05618"><ele>469.4</ele></trkpt>
    <trkpt lat="38.019693" lon="-5.0556"><ele>472.1</ele></trkpt>
    <trkpt lat="38.019937" lon="-5.055391"><ele>473.3</ele></trkpt>
    <trkpt lat="38.019832" lon="-5.054985"><ele>474.9</ele></trkpt>
    <trkpt lat="38.019902" lon="-5.054799"><ele>475.7</ele></trkpt>
    <trkpt lat="38.02025" lon="-5.054568"><ele>477.8</ele></trkpt>
    <trkpt lat="38.021027" lon="-5.053396"><ele>484.5</ele></trkpt>
    <trkpt lat="38.021549" lon="-5.052828"><ele>488.7</ele></trkpt>
    <trkpt lat="38.0217" lon="-5.052549"><ele>490.2</ele></trkpt>
    <trkpt lat="38.021642" lon="-5.051749"><ele>493</ele></trkpt>
    <trkpt lat="38.021804" lon="-5.051552"><ele>493.8</ele></trkpt>
    <trkpt lat="38.022314" lon="-5.051517"><ele>495.4</ele></trkpt>
    <trkpt lat="38.02272" lon="-5.051819"><ele>497.1</ele></trkpt>
    <trkpt lat="38.023184" lon="-5.052213"><ele>500.1</ele></trkpt>
    <trkpt lat="38.023776" lon="-5.052109"><ele>505.1</ele></trkpt>
    <trkpt lat="38.023961" lon="-5.05183"><ele>507.9</ele></trkpt>
    <trkpt lat="38.023961" lon="-5.051367"><ele>511.3</ele></trkpt>
    <trkpt lat="38.024042" lon="-5.051019"><ele>513.7</ele></trkpt>
    <trkpt lat="38.024228" lon="-5.05081"><ele>515.7</ele></trkpt>
    <trkpt lat="38.024471" lon="-5.05074"><ele>517.5</ele></trkpt>
    <trkpt lat="38.024773" lon="-5.050914"><ele>519.6</ele></trkpt>
    <trkpt lat="38.025005" lon="-5.050961"><ele>520.9</ele></trkpt>
    <trkpt lat="38.027278" lon="-5.049905"><ele>533.5</ele></trkpt>
    <trkpt lat="38.028241" lon="-5.049696"><ele>533.6</ele></trkpt>
    <trkpt lat="38.028635" lon="-5.049569"><ele>532.2</ele></trkpt>
    <trkpt lat="38.029563" lon="-5.048977"><ele>526.9</ele></trkpt>
    <trkpt lat="38.029957" lon="-5.048641"><ele>524.1</ele></trkpt>
    <trkpt lat="38.030305" lon="-5.047574"><ele>519</ele></trkpt>
    <trkpt lat="38.030491" lon="-5.047214"><ele>517.6</ele></trkpt>
    <trkpt lat="38.030758" lon="-5.046901"><ele>516.4</ele></trkpt>
    <trkpt lat="38.033376" lon="-5.044112"><ele>512.9</ele></trkpt>
    <trkpt lat="38.033616" lon="-5.043778"><ele>513</ele></trkpt>
    <trkpt lat="38.033638" lon="-5.043545"><ele>513.1</ele></trkpt>
    <trkpt lat="38.033572" lon="-5.042979"><ele>513.7</ele></trkpt>
    <trkpt lat="38.033602" lon="-5.042746"><ele>514.1</ele></trkpt>
    <trkpt lat="38.033703" lon="-5.042652"><ele>514.4</ele></trkpt>
    <trkpt lat="38.034597" lon="-5.04247"><ele>517.6</ele></trkpt>
    <trkpt lat="38.034873" lon="-5.04239"><ele>518.8</ele></trkpt>
    <trkpt lat="38.036406" lon="-5.039957"><ele>529.8</ele></trkpt>
    <trkpt lat="38.036565" lon="-5.039739"><ele>530.6</ele></trkpt>
    <trkpt lat="38.036863" lon="-5.039528"><ele>531.7</ele></trkpt>
    <trkpt lat="38.03865" lon="-5.038867"><ele>535</ele></trkpt>
    <trkpt lat="38.039304" lon="-5.038729"><ele>535.2</ele></trkpt>
    <trkpt lat="38.040336" lon="-5.038591"><ele>535.7</ele></trkpt>
    <trkpt lat="38.040946" lon="-5.038438"><ele>537.1</ele></trkpt>
    <trkpt lat="38.041534" lon="-5.038235"><ele>539.6</ele></trkpt>
    <trkpt lat="38.04189" lon="-5.038039"><ele>541.5</ele></trkpt>
    <trkpt lat="38.042065" lon="-5.037777"><ele>542.9</ele></trkpt>
    <trkpt lat="38.042057" lon="-5.037131"><ele>545.6</ele></trkpt>
    <trkpt lat="38.042014" lon="-5.036826"><ele>547</ele></trkpt>
    <trkpt lat="38.041898" lon="-5.036564"><ele>548.3</ele></trkpt>
    <trkpt lat="38.041832" lon="-5.03615"><ele>550.1</ele></trkpt>
    <trkpt lat="38.041847" lon="-5.035729"><ele>551.8</ele></trkpt>
    <trkpt lat="38.041919" lon="-5.035366"><ele>553.3</ele></trkpt>
    <trkpt lat="38.042152" lon="-5.03501"><ele>555</ele></trkpt>
    <trkpt lat="38.042965" lon="-5.034029"><ele>559.1</ele></trkpt>
    <trkpt lat="38.04399" lon="-5.032917"><ele>562.7</ele></trkpt>
    <trkpt lat="38.0442" lon="-5.032721"><ele>563.8</ele></trkpt>
    <trkpt lat="38.044702" lon="-5.032707"><ele>566.3</ele></trkpt>
    <trkpt lat="38.045" lon="-5.032598"><ele>568</ele></trkpt>
    <trkpt lat="38.045261" lon="-5.032205"><ele>570.1</ele></trkpt>
    <trkpt lat="38.045486" lon="-5.032198"><ele>571.1</ele></trkpt>
    <trkpt lat="38.045726" lon="-5.031987"><ele>572.1</ele></trkpt>
    <trkpt lat="38.045922" lon="-5.031922"><ele>572.5</ele></trkpt>
    <trkpt lat="38.046329" lon="-5.031857"><ele>572.9</ele></trkpt>
    <trkpt lat="38.04651" lon="-5.031784"><ele>572.8</ele></trkpt>
    <trkpt lat="38.047353" lon="-5.030527"><ele>570.3</ele></trkpt>
    <trkpt lat="38.047506" lon="-5.030469"><ele>570</ele></trkpt>
    <trkpt lat="38.047629" lon="-5.030571"><ele>569.7</ele></trkpt>
    <trkpt lat="38.048007" lon="-5.031174"><ele>569</ele></trkpt>
    <trkpt lat="38.04813" lon="-5.031334"><ele>568.9</ele></trkpt>
    <trkpt lat="38.048283" lon="-5.031399"><ele>568.9</ele></trkpt>
    <trkpt lat="38.048457" lon="-5.031363"><ele>568.9</ele></trkpt>
    <trkpt lat="38.049126" lon="-5.030978"><ele>570</ele></trkpt>
    <trkpt lat="38.049358" lon="-5.030789"><ele>570.8</ele></trkpt>
    <trkpt lat="38.049525" lon="-5.030418"><ele>572</ele></trkpt>
    <trkpt lat="38.04962" lon="-5.029874"><ele>573.7</ele></trkpt>
    <trkpt lat="38.049696" lon="-5.029096"><ele>576.1</ele></trkpt>
    <trkpt lat="38.049785" lon="-5.028904"><ele>576.5</ele></trkpt>
    <trkpt lat="38.050054" lon="-5.028583"><ele>577.1</ele></trkpt>
    <trkpt lat="38.050413" lon="-5.028313"><ele>577.2</ele></trkpt>
    <trkpt lat="38.051624" lon="-5.027516"><ele>574.5</ele></trkpt>
    <trkpt lat="38.051882" lon="-5.027224"><ele>574</ele></trkpt>
    <trkpt lat="38.052201" lon="-5.026718"><ele>574.1</ele></trkpt>
    <trkpt lat="38.052319" lon="-5.02659"><ele>574.3</ele></trkpt>
    <trkpt lat="38.052823" lon="-5.026469"><ele>575.7</ele></trkpt>
    <trkpt lat="38.0533" lon="-5.026249"><ele>578.2</ele></trkpt>
    <trkpt lat="38.053916" lon="-5.026306"><ele>581.8</ele></trkpt>
    <trkpt lat="38.054208" lon="-5.026277"><ele>583.5</ele></trkpt>
    <trkpt lat="38.054835" lon="-5.026291"><ele>586.4</ele></trkpt>
    <trkpt lat="38.055233" lon="-5.026398"><ele>587.7</ele></trkpt>
    <trkpt lat="38.055626" lon="-5.026576"><ele>588.7</ele></trkpt>
    <trkpt lat="38.055799" lon="-5.026619"><ele>589</ele></trkpt>
    <trkpt lat="38.05599" lon="-5.026619"><ele>589.3</ele></trkpt>
    <trkpt lat="38.056875" lon="-5.026412"><ele>591.6</ele></trkpt>
    <trkpt lat="38.057206" lon="-5.026348"><ele>592.9</ele></trkpt>
    <trkpt lat="38.058543" lon="-5.026251"><ele>599.9</ele></trkpt>
    <trkpt lat="38.058929" lon="-5.026138"><ele>602.3</ele></trkpt>
    <trkpt lat="38.059371" lon="-5.025695"><ele>606.1</ele></trkpt>
    <trkpt lat="38.060018" lon="-5.025173"><ele>612.2</ele></trkpt>
    <trkpt lat="38.061267" lon="-5.025003"><ele>624.2</ele></trkpt>
    <trkpt lat="38.061838" lon="-5.024585"><ele>630.9</ele></trkpt>
    <trkpt lat="38.062362" lon="-5.024151"><ele>636.7</ele></trkpt>
    <trkpt lat="38.062759" lon="-5.023647"><ele>641</ele></trkpt>
    <trkpt lat="38.06325" lon="-5.023365"><ele>644.4</ele></trkpt>
    <trkpt lat="38.064882" lon="-5.022242"><ele>654.7</ele></trkpt>
    <trkpt lat="38.0663" lon="-5.021153"><ele>660.6</ele></trkpt>
    <trkpt lat="38.067145" lon="-5.020273"><ele>661.2</ele></trkpt>
    <trkpt lat="38.067728" lon="-5.019911"><ele>661.3</ele></trkpt>
    <trkpt lat="38.068234" lon="-5.019793"><ele>661.8</ele></trkpt>
    <trkpt lat="38.069104" lon="-5.019499"><ele>663.6</ele></trkpt>
    <trkpt lat="38.069361" lon="-5.019207"><ele>664.6</ele></trkpt>
    <trkpt lat="38.069415" lon="-5.019145"><ele>664.8</ele></trkpt>
    <trkpt lat="38.069729" lon="-5.018787"><ele>666.1</ele></trkpt>
    <trkpt lat="38.070161" lon="-5.018531"><ele>667.6</ele></trkpt>
    <trkpt lat="38.070856" lon="-5.018486"><ele>670.7</ele></trkpt>
    <trkpt lat="38.070935" lon="-5.018481"><ele>671.1</ele></trkpt>
    <trkpt lat="38.070854" lon="-5.018605"><ele>671.8</ele></trkpt>
    <trkpt lat="38.070844" lon="-5.018704"><ele>672.2</ele></trkpt>
    <trkpt lat="38.070877" lon="-5.019164"><ele>674.3</ele></trkpt>
    <trkpt lat="38.071316" lon="-5.019946"><ele>679.1</ele></trkpt>
    <trkpt lat="38.0715" lon="-5.020115"><ele>680.7</ele></trkpt>
    <trkpt lat="38.071653" lon="-5.020199"><ele>682</ele></trkpt>
    <trkpt lat="38.071836" lon="-5.020206"><ele>683.3</ele></trkpt>
    <trkpt lat="38.073188" lon="-5.01988"><ele>694.2</ele></trkpt>
    <trkpt lat="38.07344" lon="-5.019798"><ele>696.2</ele></trkpt>
    <trkpt lat="38.073597" lon="-5.01982"><ele>697.5</ele></trkpt>
    <trkpt lat="38.073757" lon="-5.019949"><ele>698.9</ele></trkpt>
    <trkpt lat="38.074486" lon="-5.021879"><ele>709</ele></trkpt>
    <trkpt lat="38.07461" lon="-5.022078"><ele>709.9</ele></trkpt>
    <trkpt lat="38.07487" lon="-5.022297"><ele>711.3</ele></trkpt>
    <trkpt lat="38.076275" lon="-5.02299"><ele>719.2</ele></trkpt>
    <trkpt lat="38.076443" lon="-5.023158"><ele>720.6</ele></trkpt>
    <trkpt lat="38.077178" lon="-5.024527"><ele>730.4</ele></trkpt>
    <trkpt lat="38.077521" lon="-5.025387"><ele>736.5</ele></trkpt>
    <trkpt lat="38.077677" lon="-5.025698"><ele>738.9</ele></trkpt>
    <trkpt lat="38.077835" lon="-5.025915"><ele>740.9</ele></trkpt>
    <trkpt lat="38.077579" lon="-5.027591"><ele>752.7</ele></trkpt>
    <trkpt lat="38.077391" lon="-5.028379"><ele>758</ele></trkpt>
    <trkpt lat="38.07654" lon="-5.031046"><ele>774.2</ele></trkpt>
    <trkpt lat="38.075466" lon="-5.033252"><ele>783.2</ele></trkpt>
    <trkpt lat="38.075367" lon="-5.03355"><ele>784</ele></trkpt>
    <trkpt lat="38.075347" lon="-5.034459"><ele>785.6</ele></trkpt>
    <trkpt lat="38.075148" lon="-5.035443"><ele>785.3</ele></trkpt>
    <trkpt lat="38.075137" lon="-5.035925"><ele>784.3</ele></trkpt>
    <trkpt lat="38.075236" lon="-5.036854"><ele>782.1</ele></trkpt>
    <trkpt lat="38.075203" lon="-5.037408"><ele>781</ele></trkpt>
    <trkpt lat="38.074726" lon="-5.038925"><ele>781.7</ele></trkpt>
    <trkpt lat="38.074084" lon="-5.040552"><ele>784.7</ele></trkpt>
    <trkpt lat="38.074018" lon="-5.040767"><ele>784.7</ele></trkpt>
    <trkpt lat="38.073996" lon="-5.041176"><ele>784.4</ele></trkpt>
    <trkpt lat="38.074041" lon="-5.041452"><ele>784</ele></trkpt>
    <trkpt lat="38.074076" lon="-5.041538"><ele>783.8</ele></trkpt>
    <trkpt lat="38.074629" lon="-5.042588"><ele>778.5</ele></trkpt>
    <trkpt lat="38.074886" lon="-5.04298"><ele>775.4</ele></trkpt>
    <trkpt lat="38.07508" lon="-5.04313"><ele>773.7</ele></trkpt>
    <trkpt lat="38.075206" lon="-5.043188"><ele>772.8</ele></trkpt>
    <trkpt lat="38.075756" lon="-5.043358"><ele>769.2</ele></trkpt>
    <trkpt lat="38.07598" lon="-5.043524"><ele>767.9</ele></trkpt>
    <trkpt lat="38.07687" lon="-5.044477"><ele>764.4</ele></trkpt>
    <trkpt lat="38.0774" lon="-5.04525"><ele>763.1</ele></trkpt>
    <trkpt lat="38.077846" lon="-5.045958"><ele>762.6</ele></trkpt>
    <trkpt lat="38.078478" lon="-5.047253"><ele>765.1</ele></trkpt>
    <trkpt lat="38.078825" lon="-5.048221"><ele>766.7</ele></trkpt>
    <trkpt lat="38.078946" lon="-5.048476"><ele>767.1</ele></trkpt>
    <trkpt lat="38.07908" lon="-5.048691"><ele>767.4</ele></trkpt>
    <trkpt lat="38.079317" lon="-5.048957"><ele>767.8</ele></trkpt>
    <trkpt lat="38.079614" lon="-5.049206"><ele>768.1</ele></trkpt>
    <trkpt lat="38.079886" lon="-5.049331"><ele>768.6</ele></trkpt>
    <trkpt lat="38.081257" lon="-5.049921"><ele>774.8</ele></trkpt>
    <trkpt lat="38.081688" lon="-5.050211"><ele>777</ele></trkpt>
    <trkpt lat="38.082211" lon="-5.050768"><ele>779.1</ele></trkpt>
    <trkpt lat="38.082404" lon="-5.050904"><ele>779.4</ele></trkpt>
    <trkpt lat="38.082868" lon="-5.051058"><ele>779.7</ele></trkpt>
    <trkpt lat="38.083088" lon="-5.051247"><ele>779.6</ele></trkpt>
    <trkpt lat="38.083486" lon="-5.051818"><ele>778.6</ele></trkpt>
    <trkpt lat="38.08359" lon="-5.052075"><ele>777.9</ele></trkpt>
    <trkpt lat="38.084008" lon="-5.052741"><ele>775.3</ele></trkpt>
    <trkpt lat="38.084185" lon="-5.053326"><ele>772.8</ele></trkpt>
    <trkpt lat="38.084232" lon="-5.054061"><ele>769.4</ele></trkpt>
    <trkpt lat="38.084393" lon="-5.054394"><ele>767.5</ele></trkpt>
    <trkpt lat="38.084652" lon="-5.05461"><ele>765.7</ele></trkpt>
    <trkpt lat="38.085032" lon="-5.054636"><ele>763.8</ele></trkpt>
    <trkpt lat="38.085332" lon="-5.054467"><ele>762.5</ele></trkpt>
    <trkpt lat="38.085707" lon="-5.054045"><ele>761.1</ele></trkpt>
    <trkpt lat="38.086092" lon="-5.053151"><ele>760.4</ele></trkpt>
    <trkpt lat="38.086381" lon="-5.052842"><ele>760.3</ele></trkpt>
    <trkpt lat="38.086654" lon="-5.05269"><ele>760.2</ele></trkpt>
    <trkpt lat="38.086925" lon="-5.052835"><ele>759.9</ele></trkpt>
    <trkpt lat="38.087256" lon="-5.053153"><ele>759.3</ele></trkpt>
    <trkpt lat="38.087681" lon="-5.053295"><ele>758.5</ele></trkpt>
    <trkpt lat="38.087955" lon="-5.053234"><ele>757.9</ele></trkpt>
    <trkpt lat="38.088471" lon="-5.052959"><ele>756.5</ele></trkpt>
    <trkpt lat="38.088768" lon="-5.052868"><ele>755.8</ele></trkpt>
    <trkpt lat="38.089855" lon="-5.05279"><ele>754.3</ele></trkpt>
    <trkpt lat="38.090317" lon="-5.052889"><ele>754.3</ele></trkpt>
    <trkpt lat="38.090973" lon="-5.053506"><ele>754.8</ele></trkpt>
    <trkpt lat="38.09187" lon="-5.053884"><ele>755.4</ele></trkpt>
    <trkpt lat="38.092412" lon="-5.054248"><ele>755.5</ele></trkpt>
    <trkpt lat="38.093022" lon="-5.054997"><ele>755.5</ele></trkpt>
    <trkpt lat="38.093396" lon="-5.055261"><ele>755.3</ele></trkpt>
    <trkpt lat="38.094235" lon="-5.055328"><ele>754.1</ele></trkpt>
    <trkpt lat="38.094632" lon="-5.055468"><ele>753.1</ele></trkpt>
    <trkpt lat="38.096518" lon="-5.057156"><ele>747</ele></trkpt>
    <trkpt lat="38.097135" lon="-5.057903"><ele>746.2</ele></trkpt>
    <trkpt lat="38.097376" lon="-5.058334"><ele>746.1</ele></trkpt>
    <trkpt lat="38.097754" lon="-5.058768"><ele>745.8</ele></trkpt>
    <trkpt lat="38.09953" lon="-5.060161"><ele>742.3</ele></trkpt>
    <trkpt lat="38.099848" lon="-5.060465"><ele>741</ele></trkpt>
    <trkpt lat="38.100516" lon="-5.061363"><ele>736.2</ele></trkpt>
    <trkpt lat="38.100926" lon="-5.0617"><ele>733.3</ele></trkpt>
    <trkpt lat="38.101834" lon="-5.062292"><ele>728.1</ele></trkpt>
    <trkpt lat="38.102185" lon="-5.062608"><ele>726.5</ele></trkpt>
    <trkpt lat="38.103112" lon="-5.063647"><ele>722.8</ele></trkpt>
    <trkpt lat="38.103438" lon="-5.064282"><ele>720</ele></trkpt>
    <trkpt lat="38.103779" lon="-5.064792"><ele>718.1</ele></trkpt>
    <trkpt lat="38.10404" lon="-5.064885"><ele>717.4</ele></trkpt>
    <trkpt lat="38.104511" lon="-5.06505"><ele>716.9</ele></trkpt>
    <trkpt lat="38.104678" lon="-5.065181"><ele>716.9</ele></trkpt>
    <trkpt lat="38.104797" lon="-5.065319"><ele>717</ele></trkpt>
    <trkpt lat="38.105316" lon="-5.06611"><ele>718.4</ele></trkpt>
    <trkpt lat="38.106041" lon="-5.067721"><ele>717.2</ele></trkpt>
    <trkpt lat="38.106401" lon="-5.068573"><ele>714.6</ele></trkpt>
    <trkpt lat="38.106649" lon="-5.069265"><ele>712.2</ele></trkpt>
    <trkpt lat="38.106812" lon="-5.069816"><ele>710.6</ele></trkpt>
    <trkpt lat="38.106994" lon="-5.070612"><ele>708.8</ele></trkpt>
    <trkpt lat="38.107001" lon="-5.071087"><ele>708.3</ele></trkpt>
    <trkpt lat="38.107083" lon="-5.071422"><ele>708.2</ele></trkpt>
    <trkpt lat="38.107224" lon="-5.071638"><ele>708.4</ele></trkpt>
    <trkpt lat="38.10745" lon="-5.071794"><ele>708.8</ele></trkpt>
    <trkpt lat="38.107706" lon="-5.072081"><ele>709.9</ele></trkpt>
    <trkpt lat="38.107791" lon="-5.07243"><ele>711.2</ele></trkpt>
    <trkpt lat="38.107957" lon="-5.073787"><ele>717.2</ele></trkpt>
    <trkpt lat="38.108091" lon="-5.074167"><ele>718.7</ele></trkpt>
    <trkpt lat="38.108306" lon="-5.074339"><ele>719.7</ele></trkpt>
    <trkpt lat="38.108878" lon="-5.074477"><ele>721.5</ele></trkpt>
    <trkpt lat="38.109395" lon="-5.074699"><ele>722.7</ele></trkpt>
    <trkpt lat="38.10993" lon="-5.075091"><ele>723.8</ele></trkpt>
    <trkpt lat="38.110193" lon="-5.075412"><ele>724.2</ele></trkpt>
    <trkpt lat="38.111272" lon="-5.07781"><ele>723.1</ele></trkpt>
    <trkpt lat="38.111679" lon="-5.080069"><ele>722.8</ele></trkpt>
    <trkpt lat="38.111853" lon="-5.080425"><ele>723.5</ele></trkpt>
    <trkpt lat="38.11226" lon="-5.080878"><ele>725.3</ele></trkpt>
    <trkpt lat="38.112955" lon="-5.08141"><ele>727.7</ele></trkpt>
    <trkpt lat="38.11473" lon="-5.08277"><ele>726.8</ele></trkpt>
    <trkpt lat="38.115527" lon="-5.083654"><ele>721.3</ele></trkpt>
    <trkpt lat="38.116328" lon="-5.084868"><ele>711.4</ele></trkpt>
    <trkpt lat="38.117588" lon="-5.08711"><ele>696.6</ele></trkpt>
    <trkpt lat="38.117803" lon="-5.087419"><ele>694.7</ele></trkpt>
    <trkpt lat="38.118163" lon="-5.087831"><ele>692.1</ele></trkpt>
    <trkpt lat="38.118798" lon="-5.088346"><ele>689.1</ele></trkpt>
    <trkpt lat="38.11903" lon="-5.08864"><ele>688.4</ele></trkpt>
    <trkpt lat="38.119082" lon="-5.088868"><ele>688.1</ele></trkpt>
    <trkpt lat="38.119099" lon="-5.089089"><ele>688.1</ele></trkpt>
    <trkpt lat="38.119075" lon="-5.089522"><ele>688.3</ele></trkpt>
    <trkpt lat="38.11914" lon="-5.08981"><ele>688.7</ele></trkpt>
    <trkpt lat="38.119264" lon="-5.090016"><ele>689.2</ele></trkpt>
    <trkpt lat="38.120327" lon="-5.090943"><ele>693.9</ele></trkpt>
    <trkpt lat="38.120478" lon="-5.091236"><ele>694.7</ele></trkpt>
    <trkpt lat="38.120755" lon="-5.091907"><ele>696.3</ele></trkpt>
    <trkpt lat="38.121176" lon="-5.09306"><ele>697.5</ele></trkpt>
    <trkpt lat="38.121266" lon="-5.093208"><ele>697.4</ele></trkpt>
    <trkpt lat="38.121624" lon="-5.093472"><ele>696.6</ele></trkpt>
    <trkpt lat="38.121988" lon="-5.093556"><ele>695.1</ele></trkpt>
    <trkpt lat="38.122322" lon="-5.093714"><ele>693</ele></trkpt>
    <trkpt lat="38.12412" lon="-5.095093"><ele>673.7</ele></trkpt>
    <trkpt lat="38.124406" lon="-5.095351"><ele>670.5</ele></trkpt>
    <trkpt lat="38.12496" lon="-5.095988"><ele>664.5</ele></trkpt>
    <trkpt lat="38.125386" lon="-5.096332"><ele>660.9</ele></trkpt>
    <trkpt lat="38.125584" lon="-5.096476"><ele>659.4</ele></trkpt>
    <trkpt lat="38.126418" lon="-5.096852"><ele>652.6</ele></trkpt>
    <trkpt lat="38.126501" lon="-5.096999"><ele>651.3</ele></trkpt>
    <trkpt lat="38.126698" lon="-5.097753"><ele>645.8</ele></trkpt>
    <trkpt lat="38.126819" lon="-5.098015"><ele>643.7</ele></trkpt>
    <trkpt lat="38.127161" lon="-5.098446"><ele>639.9</ele></trkpt>
    <trkpt lat="38.127361" lon="-5.098579"><ele>638.4</ele></trkpt>
    <trkpt lat="38.127553" lon="-5.098605"><ele>637.1</ele></trkpt>
    <trkpt lat="38.128103" lon="-5.098415"><ele>633.9</ele></trkpt>
    <trkpt lat="38.128263" lon="-5.098133"><ele>632.6</ele></trkpt>
    <trkpt lat="38.128433" lon="-5.097978"><ele>631.6</ele></trkpt>
    <trkpt lat="38.12873" lon="-5.097882"><ele>630.1</ele></trkpt>
    <trkpt lat="38.128899" lon="-5.097716"><ele>628.7</ele></trkpt>
    <trkpt lat="38.129146" lon="-5.096957"><ele>623.2</ele></trkpt>
    <trkpt lat="38.129202" lon="-5.096841"><ele>622.2</ele></trkpt>
    <trkpt lat="38.129304" lon="-5.096745"><ele>621</ele></trkpt>
    <trkpt lat="38.129423" lon="-5.096667"><ele>619.8</ele></trkpt>
    <trkpt lat="38.129647" lon="-5.096611"><ele>617.6</ele></trkpt>
    <trkpt lat="38.129851" lon="-5.096618"><ele>615.5</ele></trkpt>
    <trkpt lat="38.130092" lon="-5.09651"><ele>612.9</ele></trkpt>
    <trkpt lat="38.130178" lon="-5.096401"><ele>611.6</ele></trkpt>
    <trkpt lat="38.13024" lon="-5.096259"><ele>610.3</ele></trkpt>
    <trkpt lat="38.130339" lon="-5.095542"><ele>604.9</ele></trkpt>
    <trkpt lat="38.130433" lon="-5.095423"><ele>603.7</ele></trkpt>
    <trkpt lat="38.13062" lon="-5.095382"><ele>602.2</ele></trkpt>
    <trkpt lat="38.131362" lon="-5.095401"><ele>596.4</ele></trkpt>
    <trkpt lat="38.131511" lon="-5.095341"><ele>595.4</ele></trkpt>
    <trkpt lat="38.131708" lon="-5.095118"><ele>593.8</ele></trkpt>
    <trkpt lat="38.131892" lon="-5.094645"><ele>591.7</ele></trkpt>
    <trkpt lat="38.131985" lon="-5.094468"><ele>591</ele></trkpt>
    <trkpt lat="38.13246" lon="-5.094461"><ele>589.5</ele></trkpt>
    <trkpt lat="38.132602" lon="-5.094388"><ele>589.1</ele></trkpt>
    <trkpt lat="38.133623" lon="-5.093651"><ele>586.2</ele></trkpt>
    <trkpt lat="38.133849" lon="-5.093372"><ele>585.1</ele></trkpt>
    <trkpt lat="38.134231" lon="-5.092629"><ele>582.1</ele></trkpt>
    <trkpt lat="38.134414" lon="-5.09245"><ele>581</ele></trkpt>
    <trkpt lat="38.134636" lon="-5.09229"><ele>579.7</ele></trkpt>
    <trkpt lat="38.134804" lon="-5.092246"><ele>578.8</ele></trkpt>
    <trkpt lat="38.134944" lon="-5.092268"><ele>578</ele></trkpt>
    <trkpt lat="38.135411" lon="-5.092416"><ele>575.5</ele></trkpt>
    <trkpt lat="38.136006" lon="-5.092312"><ele>572.7</ele></trkpt>
    <trkpt lat="38.1367" lon="-5.092571"><ele>570.6</ele></trkpt>
    <trkpt lat="38.136999" lon="-5.092523"><ele>570.2</ele></trkpt>
    <trkpt lat="38.137277" lon="-5.092246"><ele>569.9</ele></trkpt>
    <trkpt lat="38.137397" lon="-5.09204"><ele>569.7</ele></trkpt>
    <trkpt lat="38.137557" lon="-5.091847"><ele>569.4</ele></trkpt>
    <trkpt lat="38.137704" lon="-5.091723"><ele>569.3</ele></trkpt>
    <trkpt lat="38.137941" lon="-5.091672"><ele>569</ele></trkpt>
    <trkpt lat="38.138333" lon="-5.091427"><ele>568.3</ele></trkpt>
    <trkpt lat="38.139221" lon="-5.090854"><ele>565.3</ele></trkpt>
    <trkpt lat="38.139425" lon="-5.090763"><ele>564.6</ele></trkpt>
    <trkpt lat="38.139828" lon="-5.090809"><ele>563.4</ele></trkpt>
    <trkpt lat="38.140276" lon="-5.090709"><ele>562.2</ele></trkpt>
    <trkpt lat="38.140572" lon="-5.09056"><ele>561.4</ele></trkpt>
    <trkpt lat="38.140719" lon="-5.090314"><ele>560.8</ele></trkpt>
    <trkpt lat="38.140962" lon="-5.090159"><ele>560.2</ele></trkpt>
    <trkpt lat="38.141264" lon="-5.090081"><ele>559.5</ele></trkpt>
    <trkpt lat="38.141572" lon="-5.089895"><ele>558.4</ele></trkpt>
    <trkpt lat="38.141974" lon="-5.089419"><ele>556.4</ele></trkpt>
    <trkpt lat="38.142253" lon="-5.088846"><ele>554.2</ele></trkpt>
    <trkpt lat="38.142559" lon="-5.088338"><ele>552</ele></trkpt>
    <trkpt lat="38.142843" lon="-5.088066"><ele>550.7</ele></trkpt>
    <trkpt lat="38.143122" lon="-5.087999"><ele>549.7</ele></trkpt>
    <trkpt lat="38.144373" lon="-5.088041"><ele>545.9</ele></trkpt>
    <trkpt lat="38.145056" lon="-5.088165"><ele>543.6</ele></trkpt>
    <trkpt lat="38.145772" lon="-5.088407"><ele>541.7</ele></trkpt>
    <trkpt lat="38.14606" lon="-5.088408"><ele>541.2</ele></trkpt>
    <trkpt lat="38.146318" lon="-5.088563"><ele>540.9</ele></trkpt>
    <trkpt lat="38.146821" lon="-5.08905"><ele>540.7</ele></trkpt>
    <trkpt lat="38.147151" lon="-5.089318"><ele>540.6</ele></trkpt>
    <trkpt lat="38.14747" lon="-5.089411"><ele>540.5</ele></trkpt>
    <trkpt lat="38.148046" lon="-5.089354"><ele>539.7</ele></trkpt>
    <trkpt lat="38.148529" lon="-5.089411"><ele>538.7</ele></trkpt>
    <trkpt lat="38.14879" lon="-5.089375"><ele>538.1</ele></trkpt>
    <trkpt lat="38.149371" lon="-5.088957"><ele>537.1</ele></trkpt>
    <trkpt lat="38.149504" lon="-5.088957"><ele>537</ele></trkpt>
    <trkpt lat="38.149585" lon="-5.089133"><ele>537</ele></trkpt>
    <trkpt lat="38.14966" lon="-5.089376"><ele>537</ele></trkpt>
    <trkpt lat="38.149704" lon="-5.089795"><ele>537</ele></trkpt>
    <trkpt lat="38.14958" lon="-5.090105"><ele>536.9</ele></trkpt>
    <trkpt lat="38.149405" lon="-5.090222"><ele>536.8</ele></trkpt>
    <trkpt lat="38.149353" lon="-5.09034"><ele>536.8</ele></trkpt>
    <trkpt lat="38.149423" lon="-5.090502"><ele>536.8</ele></trkpt>
    <trkpt lat="38.149509" lon="-5.090543"><ele>536.7</ele></trkpt>
    <trkpt lat="38.149887" lon="-5.090384"><ele>536.3</ele></trkpt>
    <trkpt lat="38.150093" lon="-5.090376"><ele>536</ele></trkpt>
    <trkpt lat="38.150853" lon="-5.091266"><ele>533.8</ele></trkpt>
    <trkpt lat="38.151469" lon="-5.091836"><ele>532.4</ele></trkpt>
    <trkpt lat="38.151933" lon="-5.092163"><ele>531.4</ele></trkpt>
    <trkpt lat="38.152116" lon="-5.09245"><ele>530.8</ele></trkpt>
    <trkpt lat="38.152272" lon="-5.092774"><ele>530.4</ele></trkpt>
    <trkpt lat="38.152463" lon="-5.092941"><ele>530.3</ele></trkpt>
    <trkpt lat="38.152665" lon="-5.092978"><ele>530.3</ele></trkpt>
    <trkpt lat="38.153078" lon="-5.092943"><ele>530.7</ele></trkpt>
    <trkpt lat="38.153633" lon="-5.093151"><ele>532.1</ele></trkpt>
    <trkpt lat="38.15416" lon="-5.093677"><ele>534.2</ele></trkpt>
    <trkpt lat="38.154313" lon="-5.093669"><ele>534.8</ele></trkpt>
    <trkpt lat="38.15482" lon="-5.093316"><ele>536.9</ele></trkpt>
    <trkpt lat="38.155012" lon="-5.093288"><ele>537.6</ele></trkpt>
    <trkpt lat="38.155188" lon="-5.093396"><ele>538.4</ele></trkpt>
    <trkpt lat="38.155498" lon="-5.093958"><ele>540.6</ele></trkpt>
    <trkpt lat="38.15557" lon="-5.094259"><ele>541.8</ele></trkpt>
    <trkpt lat="38.155604" lon="-5.09471"><ele>543.6</ele></trkpt>
    <trkpt lat="38.155574" lon="-5.095125"><ele>545</ele></trkpt>
    <trkpt lat="38.155493" lon="-5.095513"><ele>546.1</ele></trkpt>
    <trkpt lat="38.155423" lon="-5.096205"><ele>547.1</ele></trkpt>
    <trkpt lat="38.155232" lon="-5.097169"><ele>547.2</ele></trkpt>
    <trkpt lat="38.155151" lon="-5.097966"><ele>546.6</ele></trkpt>
    <trkpt lat="38.154769" lon="-5.099138"><ele>544.8</ele></trkpt>
    <trkpt lat="38.15476" lon="-5.099263"><ele>544.6</ele></trkpt>
    <trkpt lat="38.154784" lon="-5.099376"><ele>544.4</ele></trkpt>
    <trkpt lat="38.15486" lon="-5.099506"><ele>544.2</ele></trkpt>
    <trkpt lat="38.15495" lon="-5.099583"><ele>544.1</ele></trkpt>
    <trkpt lat="38.155116" lon="-5.099596"><ele>543.9</ele></trkpt>
    <trkpt lat="38.155286" lon="-5.099495"><ele>543.7</ele></trkpt>
    <trkpt lat="38.155777" lon="-5.099077"><ele>543.8</ele></trkpt>
    <trkpt lat="38.156024" lon="-5.099044"><ele>544.1</ele></trkpt>
    <trkpt lat="38.156448" lon="-5.099302"><ele>545.2</ele></trkpt>
    <trkpt lat="38.156598" lon="-5.099356"><ele>545.8</ele></trkpt>
    <trkpt lat="38.156822" lon="-5.099368"><ele>546.6</ele></trkpt>
    <trkpt lat="38.156909" lon="-5.09934"><ele>547</ele></trkpt>
    <trkpt lat="38.157039" lon="-5.099221"><ele>547.8</ele></trkpt>
    <trkpt lat="38.157256" lon="-5.098959"><ele>549.2</ele></trkpt>
    <trkpt lat="38.157508" lon="-5.098769"><ele>550.7</ele></trkpt>
    <trkpt lat="38.157768" lon="-5.098744"><ele>552.1</ele></trkpt>
    <trkpt lat="38.157976" lon="-5.098757"><ele>553.2</ele></trkpt>
    <trkpt lat="38.158135" lon="-5.098699"><ele>554.1</ele></trkpt>
    <trkpt lat="38.158232" lon="-5.098685"><ele>554.6</ele></trkpt>
    <trkpt lat="38.1588" lon="-5.098287"><ele>558</ele></trkpt>
    <trkpt lat="38.158967" lon="-5.09812"><ele>559.1</ele></trkpt>
    <trkpt lat="38.159387" lon="-5.097452"><ele>562.7</ele></trkpt>
    <trkpt lat="38.159505" lon="-5.097336"><ele>563.5</ele></trkpt>
    <trkpt lat="38.159617" lon="-5.097298"><ele>564.1</ele></trkpt>
    <trkpt lat="38.159785" lon="-5.097327"><ele>564.9</ele></trkpt>
    <trkpt lat="38.160167" lon="-5.097474"><ele>566.7</ele></trkpt>
    <trkpt lat="38.160272" lon="-5.097472"><ele>567.1</ele></trkpt>
    <trkpt lat="38.160556" lon="-5.09738"><ele>568.3</ele></trkpt>
    <trkpt lat="38.160671" lon="-5.097298"><ele>568.8</ele></trkpt>
    <trkpt lat="38.160785" lon="-5.097145"><ele>569.3</ele></trkpt>
    <trkpt lat="38.161298" lon="-5.095659"><ele>571.8</ele></trkpt>
    <trkpt lat="38.161416" lon="-5.095504"><ele>572.1</ele></trkpt>
    <trkpt lat="38.161568" lon="-5.095366"><ele>572.4</ele></trkpt>
    <trkpt lat="38.16228" lon="-5.095081"><ele>573</ele></trkpt>
    <trkpt lat="38.162563" lon="-5.09505"><ele>572.8</ele></trkpt>
    <trkpt lat="38.162691" lon="-5.095086"><ele>572.7</ele></trkpt>
    <trkpt lat="38.163304" lon="-5.095417"><ele>571.2</ele></trkpt>
    <trkpt lat="38.164373" lon="-5.095814"><ele>568</ele></trkpt>
    <trkpt lat="38.165369" lon="-5.094105"><ele>568.9</ele></trkpt>
    <trkpt lat="38.165631" lon="-5.093708"><ele>570</ele></trkpt>
    <trkpt lat="38.166812" lon="-5.092227"><ele>575.6</ele></trkpt>
    <trkpt lat="38.171409" lon="-5.088376"><ele>583</ele></trkpt>
    <trkpt lat="38.171594" lon="-5.088215"><ele>582.9</ele></trkpt>
    <trkpt lat="38.171805" lon="-5.087915"><ele>582.5</ele></trkpt>
    <trkpt lat="38.172885" lon="-5.086284"><ele>577.3</ele></trkpt>
    <trkpt lat="38.173392" lon="-5.085397"><ele>573.4</ele></trkpt>
    <trkpt lat="38.173796" lon="-5.084556"><ele>569.5</ele></trkpt>
    <trkpt lat="38.173973" lon="-5.083891"><ele>566.6</ele></trkpt>
    <trkpt lat="38.174512" lon="-5.081509"><ele>557.2</ele></trkpt>
    <trkpt lat="38.174563" lon="-5.081359"><ele>556.6</ele></trkpt>
    <trkpt lat="38.175828" lon="-5.078999"><ele>547.4</ele></trkpt>
    <trkpt lat="38.176014" lon="-5.078773"><ele>546.1</ele></trkpt>
    <trkpt lat="38.176545" lon="-5.078323"><ele>542.8</ele></trkpt>
    <trkpt lat="38.176798" lon="-5.078194"><ele>541.3</ele></trkpt>
    <trkpt lat="38.176984" lon="-5.078162"><ele>540.3</ele></trkpt>
    <trkpt lat="38.177228" lon="-5.07828"><ele>538.8</ele></trkpt>
    <trkpt lat="38.177449" lon="-5.078466"><ele>537.3</ele></trkpt>
    <trkpt lat="38.177997" lon="-5.079163"><ele>532.8</ele></trkpt>
    <trkpt lat="38.178605" lon="-5.079657"><ele>528.5</ele></trkpt>
    <trkpt lat="38.179134" lon="-5.079889"><ele>525.2</ele></trkpt>
    <trkpt lat="38.179295" lon="-5.079879"><ele>524.3</ele></trkpt>
    <trkpt lat="38.179489" lon="-5.079793"><ele>523.1</ele></trkpt>
    <trkpt lat="38.179792" lon="-5.079492"><ele>521</ele></trkpt>
    <trkpt lat="38.180324" lon="-5.078838"><ele>516.9</ele></trkpt>
    <trkpt lat="38.180509" lon="-5.078441"><ele>514.9</ele></trkpt>
    <trkpt lat="38.180891" lon="-5.077478"><ele>510.2</ele></trkpt>
    <trkpt lat="38.181943" lon="-5.074761"><ele>499.7</ele></trkpt>
    <trkpt lat="38.182019" lon="-5.074503"><ele>499.1</ele></trkpt>
    <trkpt lat="38.182035" lon="-5.074128"><ele>498.4</ele></trkpt>
    <trkpt lat="38.182019" lon="-5.073763"><ele>497.9</ele></trkpt>
    <trkpt lat="38.181723" lon="-5.071274"><ele>497.3</ele></trkpt>
    <trkpt lat="38.181649" lon="-5.070806"><ele>497.2</ele></trkpt>
    <trkpt lat="38.181445" lon="-5.070062"><ele>496.5</ele></trkpt>
    <trkpt lat="38.181327" lon="-5.069569"><ele>495.8</ele></trkpt>
    <trkpt lat="38.181244" lon="-5.069068"><ele>495</ele></trkpt>
    <trkpt lat="38.181143" lon="-5.068724"><ele>494.2</ele></trkpt>
    <trkpt lat="38.181143" lon="-5.068445"><ele>493.6</ele></trkpt>
    <trkpt lat="38.181226" lon="-5.067916"><ele>492.4</ele></trkpt>
    <trkpt lat="38.181278" lon="-5.067351"><ele>490.9</ele></trkpt>
    <trkpt lat="38.181378" lon="-5.065728"><ele>485.7</ele></trkpt>
    <trkpt lat="38.181278" lon="-5.064776"><ele>482</ele></trkpt>
    <trkpt lat="38.181388" lon="-5.063643"><ele>476.8</ele></trkpt>
    <trkpt lat="38.181453" lon="-5.061886"><ele>468.8</ele></trkpt>
    <trkpt lat="38.181361" lon="-5.061358"><ele>466.9</ele></trkpt>
    <trkpt lat="38.181268" lon="-5.06099"><ele>465.8</ele></trkpt>
    <trkpt lat="38.180975" lon="-5.060218"><ele>464.3</ele></trkpt>
    <trkpt lat="38.180148" lon="-5.058189"><ele>462.9</ele></trkpt>
    <trkpt lat="38.179421" lon="-5.056587"><ele>460.9</ele></trkpt>
    <trkpt lat="38.179018" lon="-5.055807"><ele>459.3</ele></trkpt>
    <trkpt lat="38.178696" lon="-5.055492"><ele>458.1</ele></trkpt>
    <trkpt lat="38.178411" lon="-5.055142"><ele>456.9</ele></trkpt>
    <trkpt lat="38.178274" lon="-5.054806"><ele>456</ele></trkpt>
    <trkpt lat="38.177743" lon="-5.053078"><ele>450.7</ele></trkpt>
    <trkpt lat="38.177671" lon="-5.052723"><ele>449.6</ele></trkpt>
    <trkpt lat="38.177698" lon="-5.052446"><ele>448.8</ele></trkpt>
    <trkpt lat="38.177706" lon="-5.052328"><ele>448.5</ele></trkpt>
    <trkpt lat="38.178593" lon="-5.049721"><ele>447.1</ele></trkpt>
    <trkpt lat="38.178751" lon="-5.049257"><ele>448.5</ele></trkpt>
    <trkpt lat="38.178813" lon="-5.049078"><ele>449.1</ele></trkpt>
    <trkpt lat="38.178919" lon="-5.048765"><ele>450.3</ele></trkpt>
    <trkpt lat="38.179003" lon="-5.048416"><ele>451.7</ele></trkpt>
    <trkpt lat="38.179016" lon="-5.048245"><ele>452.4</ele></trkpt>
    <trkpt lat="38.178999" lon="-5.048014"><ele>453.2</ele></trkpt>
    <trkpt lat="38.178669" lon="-5.045542"><ele>459.8</ele></trkpt>
    <trkpt lat="38.178646" lon="-5.045163"><ele>460.8</ele></trkpt>
    <trkpt lat="38.17867" lon="-5.045012"><ele>461.1</ele></trkpt>
    <trkpt lat="38.179826" lon="-5.043603"><ele>467.1</ele></trkpt>
    <trkpt lat="38.180469" lon="-5.042757"><ele>471.4</ele></trkpt>
    <trkpt lat="38.180912" lon="-5.042175"><ele>474.6</ele></trkpt>
    <trkpt lat="38.180988" lon="-5.042016"><ele>475.4</ele></trkpt>
    <trkpt lat="38.181022" lon="-5.041794"><ele>476.3</ele></trkpt>
    <trkpt lat="38.181021" lon="-5.041422"><ele>477.9</ele></trkpt>
    <trkpt lat="38.181115" lon="-5.041203"><ele>479.1</ele></trkpt>
    <trkpt lat="38.181218" lon="-5.04111"><ele>479.8</ele></trkpt>
    <trkpt lat="38.181641" lon="-5.04096"><ele>482.4</ele></trkpt>
    <trkpt lat="38.182381" lon="-5.040636"><ele>486.7</ele></trkpt>
    <trkpt lat="38.183066" lon="-5.040454"><ele>490.2</ele></trkpt>
    <trkpt lat="38.18357" lon="-5.040282"><ele>491.9</ele></trkpt>
    <trkpt lat="38.183847" lon="-5.040083"><ele>492.5</ele></trkpt>
    <trkpt lat="38.183995" lon="-5.039891"><ele>492.6</ele></trkpt>
    <trkpt lat="38.184122" lon="-5.039614"><ele>492.5</ele></trkpt>
    <trkpt lat="38.18416" lon="-5.039363"><ele>492.3</ele></trkpt>
    <trkpt lat="38.184159" lon="-5.039187"><ele>492</ele></trkpt>
    <trkpt lat="38.184081" lon="-5.038718"><ele>490.9</ele></trkpt>
    <trkpt lat="38.183759" lon="-5.037652"><ele>487.2</ele></trkpt>
    <trkpt lat="38.183597" lon="-5.03728"><ele>485.5</ele></trkpt>
    <trkpt lat="38.183565" lon="-5.037139"><ele>484.9</ele></trkpt>
    <trkpt lat="38.183557" lon="-5.036957"><ele>484.1</ele></trkpt>
    <trkpt lat="38.183577" lon="-5.036821"><ele>483.6</ele></trkpt>
    <trkpt lat="38.183622" lon="-5.036707"><ele>483.1</ele></trkpt>
    <trkpt lat="38.183825" lon="-5.03648"><ele>481.9</ele></trkpt>
    <trkpt lat="38.18395" lon="-5.036274"><ele>481.1</ele></trkpt>
    <trkpt lat="38.183987" lon="-5.036068"><ele>480.4</ele></trkpt>
    <trkpt lat="38.183974" lon="-5.035941"><ele>480</ele></trkpt>
    <trkpt lat="38.183917" lon="-5.035721"><ele>479.4</ele></trkpt>
    <trkpt lat="38.183213" lon="-5.034331"><ele>477.1</ele></trkpt>
    <trkpt lat="38.182767" lon="-5.033369"><ele>476.9</ele></trkpt>
    <trkpt lat="38.182695" lon="-5.033094"><ele>476.5</ele></trkpt>
    <trkpt lat="38.182683" lon="-5.032726"><ele>476</ele></trkpt>
    <trkpt lat="38.182701" lon="-5.032578"><ele>475.9</ele></trkpt>
    <trkpt lat="38.1828" lon="-5.032285"><ele>475.5</ele></trkpt>
    <trkpt lat="38.182868" lon="-5.032162"><ele>475.4</ele></trkpt>
    <trkpt lat="38.183019" lon="-5.031972"><ele>475.3</ele></trkpt>
    <trkpt lat="38.183171" lon="-5.031842"><ele>475.2</ele></trkpt>
    <trkpt lat="38.183419" lon="-5.031674"><ele>475.4</ele></trkpt>
    <trkpt lat="38.183541" lon="-5.031593"><ele>475.6</ele></trkpt>
    <trkpt lat="38.183941" lon="-5.031334"><ele>477.1</ele></trkpt>
    <trkpt lat="38.184259" lon="-5.031049"><ele>479.1</ele></trkpt>
    <trkpt lat="38.184346" lon="-5.030925"><ele>479.8</ele></trkpt>
    <trkpt lat="38.184492" lon="-5.030574"><ele>481.5</ele></trkpt>
    <trkpt lat="38.18463" lon="-5.029962"><ele>484.4</ele></trkpt>
    <trkpt lat="38.184739" lon="-5.029444"><ele>486.4</ele></trkpt>
    <trkpt lat="38.184918" lon="-5.028687"><ele>489.5</ele></trkpt>
    <trkpt lat="38.184981" lon="-5.028405"><ele>490.8</ele></trkpt>
    <trkpt lat="38.185153" lon="-5.027587"><ele>494</ele></trkpt>
    <trkpt lat="38.185264" lon="-5.027199"><ele>495.5</ele></trkpt>
    <trkpt lat="38.185336" lon="-5.027033"><ele>496.1</ele></trkpt>
    <trkpt lat="38.185287" lon="-5.026947"><ele>496.5</ele></trkpt>
    <trkpt lat="38.185308" lon="-5.026835"><ele>496.9</ele></trkpt>
    <trkpt lat="38.185385" lon="-5.026788"><ele>497.3</ele></trkpt>
    <trkpt lat="38.185442" lon="-5.02681"><ele>497.6</ele></trkpt>
    <trkpt lat="38.185658" lon="-5.026449"><ele>499.1</ele></trkpt>
    <trkpt lat="38.185848" lon="-5.026328"><ele>500.1</ele></trkpt>
    <trkpt lat="38.186038" lon="-5.026304"><ele>501</ele></trkpt>
    <trkpt lat="38.186269" lon="-5.026355"><ele>502.2</ele></trkpt>
    <trkpt lat="38.18642" lon="-5.026427"><ele>503.1</ele></trkpt>
    <trkpt lat="38.186649" lon="-5.026469"><ele>504.6</ele></trkpt>
    <trkpt lat="38.186755" lon="-5.026459"><ele>505.3</ele></trkpt>
    <trkpt lat="38.186952" lon="-5.026334"><ele>506.9</ele></trkpt>
    <trkpt lat="38.187067" lon="-5.026161"><ele>508.2</ele></trkpt>
    <trkpt lat="38.187442" lon="-5.024979"><ele>515.6</ele></trkpt>
    <trkpt lat="38.187771" lon="-5.023942"><ele>521</ele></trkpt>
    <trkpt lat="38.187906" lon="-5.023518"><ele>522.8</ele></trkpt>
    <trkpt lat="38.188096" lon="-5.022911"><ele>525.3</ele></trkpt>
    <trkpt lat="38.188335" lon="-5.022144"><ele>527.8</ele></trkpt>
    <trkpt lat="38.18843" lon="-5.021766"><ele>528.7</ele></trkpt>
    <trkpt lat="38.188457" lon="-5.021507"><ele>529.4</ele></trkpt>
    <trkpt lat="38.1885" lon="-5.020646"><ele>531.5</ele></trkpt>
    <trkpt lat="38.188478" lon="-5.020564"><ele>531.7</ele></trkpt>
    <trkpt lat="38.188402" lon="-5.020476"><ele>532</ele></trkpt>
    <trkpt lat="38.188309" lon="-5.020425"><ele>532.2</ele></trkpt>
    <trkpt lat="38.187995" lon="-5.019659"><ele>533.7</ele></trkpt>
    <trkpt lat="38.187933" lon="-5.019573"><ele>533.8</ele></trkpt>
    <trkpt lat="38.187244" lon="-5.019261"><ele>533.5</ele></trkpt>
    <trkpt lat="38.187144" lon="-5.019117"><ele>533.4</ele></trkpt>
    <trkpt lat="38.187091" lon="-5.018945"><ele>533.3</ele></trkpt>
    <trkpt lat="38.187062" lon="-5.018752"><ele>533.2</ele></trkpt>
    <trkpt lat="38.187096" lon="-5.018621"><ele>533.1</ele></trkpt>
    <trkpt lat="38.18716" lon="-5.018507"><ele>533</ele></trkpt>
    <trkpt lat="38.18725" lon="-5.018408"><ele>533</ele></trkpt>
    <trkpt lat="38.187533" lon="-5.018125"><ele>533.2</ele></trkpt>
    <trkpt lat="38.187744" lon="-5.017965"><ele>533.6</ele></trkpt>
    <trkpt lat="38.187788" lon="-5.017904"><ele>533.8</ele></trkpt>
    <trkpt lat="38.187811" lon="-5.017776"><ele>534.2</ele></trkpt>
    <trkpt lat="38.187815" lon="-5.017424"><ele>535.6</ele></trkpt>
    <trkpt lat="38.187836" lon="-5.017313"><ele>536.2</ele></trkpt>
    <trkpt lat="38.188335" lon="-5.016721"><ele>540.1</ele></trkpt>
    <trkpt lat="38.188353" lon="-5.016659"><ele>540.3</ele></trkpt>
    <trkpt lat="38.188319" lon="-5.016587"><ele>540.7</ele></trkpt>
    <trkpt lat="38.188119" lon="-5.016374"><ele>542</ele></trkpt>
    <trkpt lat="38.187832" lon="-5.015895"><ele>543.4</ele></trkpt>
    <trkpt lat="38.187688" lon="-5.015656"><ele>543.8</ele></trkpt>
    <trkpt lat="38.187579" lon="-5.015402"><ele>544.3</ele></trkpt>
    <trkpt lat="38.187366" lon="-5.014913"><ele>545</ele></trkpt>
    <trkpt lat="38.187298" lon="-5.014543"><ele>545.4</ele></trkpt>
    <trkpt lat="38.18734" lon="-5.014374"><ele>545.7</ele></trkpt>
    <trkpt lat="38.187359" lon="-5.014159"><ele>546.1</ele></trkpt>
    <trkpt lat="38.187267" lon="-5.013942"><ele>546.8</ele></trkpt>
    <trkpt lat="38.187054" lon="-5.013718"><ele>548.3</ele></trkpt>
    <trkpt lat="38.186962" lon="-5.01354"><ele>549.5</ele></trkpt>
    <trkpt lat="38.186911" lon="-5.013224"><ele>551.6</ele></trkpt>
    <trkpt lat="38.187059" lon="-5.012764"><ele>555.2</ele></trkpt>
    <trkpt lat="38.18727" lon="-5.012447"><ele>558.6</ele></trkpt>
    <trkpt lat="38.187693" lon="-5.011864"><ele>566.5</ele></trkpt>
    <trkpt lat="38.187949" lon="-5.011704"><ele>570</ele></trkpt>
    <trkpt lat="38.188037" lon="-5.011614"><ele>571.3</ele></trkpt>
    <trkpt lat="38.188077" lon="-5.011479"><ele>572.5</ele></trkpt>
    <trkpt lat="38.188019" lon="-5.011326"><ele>573.8</ele></trkpt>
    <trkpt lat="38.187804" lon="-5.011172"><ele>575.9</ele></trkpt>
    <trkpt lat="38.187622" lon="-5.0111"><ele>577.2</ele></trkpt>
    <trkpt lat="38.18742" lon="-5.011105"><ele>578.3</ele></trkpt>
    <trkpt lat="38.186635" lon="-5.011227"><ele>580.2</ele></trkpt>
    <trkpt lat="38.186384" lon="-5.011178"><ele>580.4</ele></trkpt>
    <trkpt lat="38.186184" lon="-5.011075"><ele>580.8</ele></trkpt>
    <trkpt lat="38.186028" lon="-5.010914"><ele>581.4</ele></trkpt>
    <trkpt lat="38.185903" lon="-5.010689"><ele>582.4</ele></trkpt>
    <trkpt lat="38.185761" lon="-5.010156"><ele>585.7</ele></trkpt>
    <trkpt lat="38.185687" lon="-5.010058"><ele>586.9</ele></trkpt>
    <trkpt lat="38.185401" lon="-5.009834"><ele>591</ele></trkpt>
    <trkpt lat="38.185265" lon="-5.009675"><ele>593.3</ele></trkpt>
    <trkpt lat="38.185135" lon="-5.009417"><ele>596.2</ele></trkpt>
    <trkpt lat="38.185016" lon="-5.00901"><ele>600</ele></trkpt>
    <trkpt lat="38.184881" lon="-5.008837"><ele>601.9</ele></trkpt>
    <trkpt lat="38.184764" lon="-5.008814"><ele>602.9</ele></trkpt>
    <trkpt lat="38.18449" lon="-5.008715"><ele>604.9</ele></trkpt>
    <trkpt lat="38.184376" lon="-5.008656"><ele>605.6</ele></trkpt>
    <trkpt lat="38.18394" lon="-5.008433"><ele>606.8</ele></trkpt>
    <trkpt lat="38.183414" lon="-5.008275"><ele>606.3</ele></trkpt>
    <trkpt lat="38.183042" lon="-5.008287"><ele>605.7</ele></trkpt>
    <trkpt lat="38.181612" lon="-5.008311"><ele>602.7</ele></trkpt>
    <trkpt lat="38.181335" lon="-5.008274"><ele>601.8</ele></trkpt>
    <trkpt lat="38.181104" lon="-5.008189"><ele>600.9</ele></trkpt>
    <trkpt lat="38.180917" lon="-5.008068"><ele>600.2</ele></trkpt>
    <trkpt lat="38.180691" lon="-5.007858"><ele>599.2</ele></trkpt>
    <trkpt lat="38.180512" lon="-5.00765"><ele>598.3</ele></trkpt>
    <trkpt lat="38.180022" lon="-5.007096"><ele>595.8</ele></trkpt>
    <trkpt lat="38.178734" lon="-5.005782"><ele>589.9</ele></trkpt>
    <trkpt lat="38.178366" lon="-5.005467"><ele>587.5</ele></trkpt>
    <trkpt lat="38.177992" lon="-5.005261"><ele>585</ele></trkpt>
    <trkpt lat="38.177408" lon="-5.005091"><ele>581.1</ele></trkpt>
    <trkpt lat="38.176799" lon="-5.004873"><ele>576.7</ele></trkpt>
    <trkpt lat="38.176262" lon="-5.004529"><ele>572</ele></trkpt>
    <trkpt lat="38.175636" lon="-5.004009"><ele>566.6</ele></trkpt>
    <trkpt lat="38.175233" lon="-5.003636"><ele>563.1</ele></trkpt>
    <trkpt lat="38.174805" lon="-5.003159"><ele>559.9</ele></trkpt>
    <trkpt lat="38.174052" lon="-5.002098"><ele>555.6</ele></trkpt>
    <trkpt lat="38.173538" lon="-5.001183"><ele>551.7</ele></trkpt>
    <trkpt lat="38.173218" lon="-5.00075"><ele>549.2</ele></trkpt>
    <trkpt lat="38.172871" lon="-5.000437"><ele>546.8</ele></trkpt>
    <trkpt lat="38.171723" lon="-4.99989"><ele>540.3</ele></trkpt>
    <trkpt lat="38.171409" lon="-4.999695"><ele>538.9</ele></trkpt>
    <trkpt lat="38.171092" lon="-4.99941"><ele>537.4</ele></trkpt>
    <trkpt lat="38.170821" lon="-4.999044"><ele>535.9</ele></trkpt>
    <trkpt lat="38.170612" lon="-4.99869"><ele>534.5</ele></trkpt>
    <trkpt lat="38.17053" lon="-4.998498"><ele>533.8</ele></trkpt>
    <trkpt lat="38.170397" lon="-4.99802"><ele>532.3</ele></trkpt>
    <trkpt lat="38.170326" lon="-4.997504"><ele>530.6</ele></trkpt>
    <trkpt lat="38.170321" lon="-4.995997"><ele>526.5</ele></trkpt>
    <trkpt lat="38.170249" lon="-4.995509"><ele>525.4</ele></trkpt>
    <trkpt lat="38.170054" lon="-4.994788"><ele>523.2</ele></trkpt>
    <trkpt lat="38.169811" lon="-4.994272"><ele>521.3</ele></trkpt>
    <trkpt lat="38.169597" lon="-4.993905"><ele>519.7</ele></trkpt>
    <trkpt lat="38.16929" lon="-4.993426"><ele>517.6</ele></trkpt>
    <trkpt lat="38.16895" lon="-4.992952"><ele>515.5</ele></trkpt>
    <trkpt lat="38.168023" lon="-4.992036"><ele>512</ele></trkpt>
    <trkpt lat="38.15955" lon="-4.98672"><ele>484.5</ele></trkpt>
    <trkpt lat="38.158585" lon="-4.986059"><ele>483</ele></trkpt>
    <trkpt lat="38.157516" lon="-4.985118"><ele>482.1</ele></trkpt>
    <trkpt lat="38.155699" lon="-4.983058"><ele>475.8</ele></trkpt>
    <trkpt lat="38.150445" lon="-4.976833"><ele>472.4</ele></trkpt>
    <trkpt lat="38.149577" lon="-4.975633"><ele>473</ele></trkpt>
    <trkpt lat="38.148517" lon="-4.973895"><ele>467.3</ele></trkpt>
    <trkpt lat="38.146843" lon="-4.971166"><ele>455</ele></trkpt>
    <trkpt lat="38.146737" lon="-4.970992"><ele>454.3</ele></trkpt>
    <trkpt lat="38.145567" lon="-4.969056"><ele>447.6</ele></trkpt>
    <trkpt lat="38.14529" lon="-4.968602"><ele>446.8</ele></trkpt>
    <trkpt lat="38.139242" lon="-4.958552"><ele>465.1</ele></trkpt>
    <trkpt lat="38.138449" lon="-4.95709"><ele>464.2</ele></trkpt>
    <trkpt lat="38.137519" lon="-4.954951"><ele>462.4</ele></trkpt>
    <trkpt lat="38.134069" lon="-4.944071"><ele>454.7</ele></trkpt>
    <trkpt lat="38.133754" lon="-4.943065"><ele>455.1</ele></trkpt>
    <trkpt lat="38.13155" lon="-4.935987"><ele>464.5</ele></trkpt>
    <trkpt lat="38.131175" lon="-4.934453"><ele>465.9</ele></trkpt>
    <trkpt lat="38.130913" lon="-4.932788"><ele>467.9</ele></trkpt>
    <trkpt lat="38.130006" lon="-4.923945"><ele>476.9</ele></trkpt>
    <trkpt lat="38.129694" lon="-4.920813"><ele>474</ele></trkpt>
    <trkpt lat="38.129645" lon="-4.920059"><ele>474.4</ele></trkpt>
    <trkpt lat="38.129631" lon="-4.919238"><ele>475.6</ele></trkpt>
    <trkpt lat="38.12969" lon="-4.918085"><ele>477.6</ele></trkpt>
    <trkpt lat="38.129814" lon="-4.917118"><ele>479.1</ele></trkpt>
    <trkpt lat="38.130149" lon="-4.915096"><ele>480.5</ele></trkpt>
    <trkpt lat="38.130217" lon="-4.914092"><ele>480</ele></trkpt>
    <trkpt lat="38.13012" lon="-4.912545"><ele>479.1</ele></trkpt>
    <trkpt lat="38.129814" lon="-4.911082"><ele>479.1</ele></trkpt>
    <trkpt lat="38.12891" lon="-4.908823"><ele>479.6</ele></trkpt>
    <trkpt lat="38.128746" lon="-4.908412"><ele>479.9</ele></trkpt>
    <trkpt lat="38.127875" lon="-4.905604"><ele>483.6</ele></trkpt>
    <trkpt lat="38.127573" lon="-4.904775"><ele>485.7</ele></trkpt>
    <trkpt lat="38.127233" lon="-4.903972"><ele>488.2</ele></trkpt>
    <trkpt lat="38.126839" lon="-4.903211"><ele>490.5</ele></trkpt>
    <trkpt lat="38.126599" lon="-4.902748"><ele>491.8</ele></trkpt>
    <trkpt lat="38.125941" lon="-4.901732"><ele>494.9</ele></trkpt>
    <trkpt lat="38.124852" lon="-4.900378"><ele>499.8</ele></trkpt>
    <trkpt lat="38.122439" lon="-4.897474"><ele>508.7</ele></trkpt>
    <trkpt lat="38.12178" lon="-4.896731"><ele>513.8</ele></trkpt>
    <trkpt lat="38.12166" lon="-4.896585"><ele>514.9</ele></trkpt>
    <trkpt lat="38.121384" lon="-4.896217"><ele>517.7</ele></trkpt>
    <trkpt lat="38.120909" lon="-4.895434"><ele>523</ele></trkpt>
    <trkpt lat="38.120546" lon="-4.894484"><ele>528.2</ele></trkpt>
    <trkpt lat="38.120402" lon="-4.893813"><ele>531.6</ele></trkpt>
    <trkpt lat="38.120254" lon="-4.892814"><ele>536.7</ele></trkpt>
    <trkpt lat="38.120146" lon="-4.891626"><ele>543.9</ele></trkpt>
    <trkpt lat="38.120007" lon="-4.890863"><ele>548.8</ele></trkpt>
    <trkpt lat="38.119825" lon="-4.890242"><ele>552.2</ele></trkpt>
    <trkpt lat="38.119591" lon="-4.889723"><ele>554.4</ele></trkpt>
    <trkpt lat="38.119281" lon="-4.88928"><ele>556</ele></trkpt>
    <trkpt lat="38.119065" lon="-4.889023"><ele>556.8</ele></trkpt>
    <trkpt lat="38.118845" lon="-4.888824"><ele>557.6</ele></trkpt>
    <trkpt lat="38.118423" lon="-4.888533"><ele>559.7</ele></trkpt>
    <trkpt lat="38.11797" lon="-4.888377"><ele>563.1</ele></trkpt>
    <trkpt lat="38.117686" lon="-4.88832"><ele>565.8</ele></trkpt>
    <trkpt lat="38.117259" lon="-4.888312"><ele>570.6</ele></trkpt>
    <trkpt lat="38.116258" lon="-4.88848"><ele>581.6</ele></trkpt>
    <trkpt lat="38.115954" lon="-4.888508"><ele>584.2</ele></trkpt>
    <trkpt lat="38.115547" lon="-4.888492"><ele>587</ele></trkpt>
    <trkpt lat="38.115215" lon="-4.888421"><ele>588.9</ele></trkpt>
    <trkpt lat="38.114885" lon="-4.888296"><ele>590.5</ele></trkpt>
    <trkpt lat="38.114487" lon="-4.888047"><ele>592.6</ele></trkpt>
    <trkpt lat="38.114273" lon="-4.887875"><ele>594.1</ele></trkpt>
    <trkpt lat="38.114082" lon="-4.887655"><ele>595.8</ele></trkpt>
    <trkpt lat="38.113793" lon="-4.887303"><ele>598.8</ele></trkpt>
    <trkpt lat="38.113585" lon="-4.88697"><ele>601.5</ele></trkpt>
    <trkpt lat="38.11316" lon="-4.886029"><ele>609.7</ele></trkpt>
    <trkpt lat="38.112085" lon="-4.883271"><ele>634.8</ele></trkpt>
    <trkpt lat="38.111512" lon="-4.882048"><ele>638.8</ele></trkpt>
    <trkpt lat="38.110983" lon="-4.881214"><ele>637.7</ele></trkpt>
    <trkpt lat="38.110306" lon="-4.880477"><ele>635.8</ele></trkpt>
    <trkpt lat="38.109821" lon="-4.880148"><ele>635</ele></trkpt>
    <trkpt lat="38.108782" lon="-4.879689"><ele>635.2</ele></trkpt>
    <trkpt lat="38.108121" lon="-4.879554"><ele>635.6</ele></trkpt>
    <trkpt lat="38.107866" lon="-4.879529"><ele>635.7</ele></trkpt>
    <trkpt lat="38.106597" lon="-4.879406"><ele>634.1</ele></trkpt>
    <trkpt lat="38.105637" lon="-4.879365"><ele>630.1</ele></trkpt>
    <trkpt lat="38.105132" lon="-4.879305"><ele>627.4</ele></trkpt>
    <trkpt lat="38.104623" lon="-4.879166"><ele>624.5</ele></trkpt>
    <trkpt lat="38.103561" lon="-4.878648"><ele>618.7</ele></trkpt>
    <trkpt lat="38.102905" lon="-4.87804"><ele>616.5</ele></trkpt>
    <trkpt lat="38.102745" lon="-4.87786"><ele>616.3</ele></trkpt>
    <trkpt lat="38.098132" lon="-4.872661"><ele>629.5</ele></trkpt>
    <trkpt lat="38.097969" lon="-4.872553"><ele>629.5</ele></trkpt>
    <trkpt lat="38.097478" lon="-4.872062"><ele>628.5</ele></trkpt>
    <trkpt lat="38.097286" lon="-4.871926"><ele>627.8</ele></trkpt>
    <trkpt lat="38.097209" lon="-4.871871"><ele>627.5</ele></trkpt>
    <trkpt lat="38.096963" lon="-4.871746"><ele>626.4</ele></trkpt>
    <trkpt lat="38.096358" lon="-4.871507"><ele>623.7</ele></trkpt>
    <trkpt lat="38.096291" lon="-4.871498"><ele>623.4</ele></trkpt>
    <trkpt lat="38.096174" lon="-4.871533"><ele>622.8</ele></trkpt>
    <trkpt lat="38.096067" lon="-4.871615"><ele>622.2</ele></trkpt>
    <trkpt lat="38.096007" lon="-4.871616"><ele>621.9</ele></trkpt>
    <trkpt lat="38.095922" lon="-4.87156"><ele>621.5</ele></trkpt>
    <trkpt lat="38.09586" lon="-4.871689"><ele>620.9</ele></trkpt>
    <trkpt lat="38.095703" lon="-4.87179"><ele>620</ele></trkpt>
    <trkpt lat="38.09564" lon="-4.871804"><ele>619.7</ele></trkpt>
    <trkpt lat="38.095461" lon="-4.871783"><ele>618.7</ele></trkpt>
    <trkpt lat="38.094684" lon="-4.871521"><ele>614.4</ele></trkpt>
    <trkpt lat="38.094443" lon="-4.871527"><ele>612.7</ele></trkpt>
    <trkpt lat="38.093956" lon="-4.871618"><ele>609.1</ele></trkpt>
    <trkpt lat="38.092999" lon="-4.871473"><ele>600.3</ele></trkpt>
    <trkpt lat="38.092542" lon="-4.871492"><ele>595.4</ele></trkpt>
    <trkpt lat="38.092354" lon="-4.871608"><ele>593</ele></trkpt>
    <trkpt lat="38.092289" lon="-4.871716"><ele>591.9</ele></trkpt>
    <trkpt lat="38.092208" lon="-4.872175"><ele>588</ele></trkpt>
    <trkpt lat="38.092212" lon="-4.872594"><ele>585</ele></trkpt>
    <trkpt lat="38.092194" lon="-4.872778"><ele>583.8</ele></trkpt>
    <trkpt lat="38.092107" lon="-4.873083"><ele>582.2</ele></trkpt>
    <trkpt lat="38.09209" lon="-4.873255"><ele>581.4</ele></trkpt>
    <trkpt lat="38.092099" lon="-4.873398"><ele>580.9</ele></trkpt>
    <trkpt lat="38.092149" lon="-4.873551"><ele>580.3</ele></trkpt>
    <trkpt lat="38.092244" lon="-4.87368"><ele>579.8</ele></trkpt>
    <trkpt lat="38.092348" lon="-4.873771"><ele>579.3</ele></trkpt>
    <trkpt lat="38.092914" lon="-4.874223"><ele>577.5</ele></trkpt>
    <trkpt lat="38.093032" lon="-4.874384"><ele>577.1</ele></trkpt>
    <trkpt lat="38.0931" lon="-4.874555"><ele>576.8</ele></trkpt>
    <trkpt lat="38.093309" lon="-4.875422"><ele>575.6</ele></trkpt>
    <trkpt lat="38.093429" lon="-4.875596"><ele>575.1</ele></trkpt>
    <trkpt lat="38.09399" lon="-4.876124"><ele>574.1</ele></trkpt>
    <trkpt lat="38.094069" lon="-4.87628"><ele>574</ele></trkpt>
    <trkpt lat="38.094181" lon="-4.87679"><ele>574.1</ele></trkpt>
    <trkpt lat="38.094268" lon="-4.877417"><ele>573.9</ele></trkpt>
    <trkpt lat="38.094259" lon="-4.877555"><ele>573.7</ele></trkpt>
    <trkpt lat="38.094218" lon="-4.877687"><ele>573.4</ele></trkpt>
    <trkpt lat="38.094164" lon="-4.877779"><ele>573.2</ele></trkpt>
    <trkpt lat="38.094032" lon="-4.877906"><ele>572.6</ele></trkpt>
    <trkpt lat="38.09387" lon="-4.877942"><ele>571.8</ele></trkpt>
    <trkpt lat="38.093735" lon="-4.877924"><ele>571.1</ele></trkpt>
    <trkpt lat="38.093608" lon="-4.877848"><ele>570.1</ele></trkpt>
    <trkpt lat="38.093441" lon="-4.877624"><ele>567.9</ele></trkpt>
    <trkpt lat="38.093311" lon="-4.877377"><ele>565.3</ele></trkpt>
    <trkpt lat="38.09307" lon="-4.877114"><ele>561.1</ele></trkpt>
    <trkpt lat="38.092758" lon="-4.876934"><ele>556.1</ele></trkpt>
    <trkpt lat="38.09251" lon="-4.876855"><ele>552.5</ele></trkpt>
    <trkpt lat="38.092227" lon="-4.876826"><ele>549</ele></trkpt>
    <trkpt lat="38.092122" lon="-4.876912"><ele>547.6</ele></trkpt>
    <trkpt lat="38.092045" lon="-4.877027"><ele>546.5</ele></trkpt>
    <trkpt lat="38.092014" lon="-4.87715"><ele>545.6</ele></trkpt>
    <trkpt lat="38.092008" lon="-4.877636"><ele>543</ele></trkpt>
    <trkpt lat="38.092057" lon="-4.877942"><ele>541.9</ele></trkpt>
    <trkpt lat="38.09209" lon="-4.878118"><ele>541.4</ele></trkpt>
    <trkpt lat="38.092269" lon="-4.878697"><ele>540.6</ele></trkpt>
    <trkpt lat="38.092241" lon="-4.879057"><ele>540.3</ele></trkpt>
    <trkpt lat="38.092156" lon="-4.879462"><ele>539.7</ele></trkpt>
    <trkpt lat="38.092126" lon="-4.879771"><ele>539</ele></trkpt>
    <trkpt lat="38.092135" lon="-4.880029"><ele>538.4</ele></trkpt>
    <trkpt lat="38.092213" lon="-4.88047"><ele>537</ele></trkpt>
    <trkpt lat="38.092631" lon="-4.881594"><ele>531.9</ele></trkpt>
    <trkpt lat="38.09268" lon="-4.882062"><ele>529.1</ele></trkpt>
    <trkpt lat="38.09268" lon="-4.882386"><ele>526.9</ele></trkpt>
    <trkpt lat="38.092928" lon="-4.883736"><ele>515.6</ele></trkpt>
    <trkpt lat="38.092864" lon="-4.88397"><ele>513.5</ele></trkpt>
    <trkpt lat="38.092723" lon="-4.884149"><ele>511.4</ele></trkpt>
    <trkpt lat="38.092602" lon="-4.884185"><ele>510.2</ele></trkpt>
    <trkpt lat="38.092468" lon="-4.884158"><ele>508.9</ele></trkpt>
    <trkpt lat="38.092319" lon="-4.884077"><ele>507.5</ele></trkpt>
    <trkpt lat="38.092192" lon="-4.883852"><ele>505.8</ele></trkpt>
    <trkpt lat="38.091859" lon="-4.883016"><ele>502.5</ele></trkpt>
    <trkpt lat="38.091476" lon="-4.882134"><ele>501.4</ele></trkpt>
    <trkpt lat="38.091313" lon="-4.881585"><ele>501.1</ele></trkpt>
    <trkpt lat="38.091165" lon="-4.881225"><ele>500.6</ele></trkpt>
    <trkpt lat="38.090825" lon="-4.880767"><ele>499</ele></trkpt>
    <trkpt lat="38.090733" lon="-4.880497"><ele>497.9</ele></trkpt>
    <trkpt lat="38.090648" lon="-4.880119"><ele>496.2</ele></trkpt>
    <trkpt lat="38.090513" lon="-4.879822"><ele>494.6</ele></trkpt>
    <trkpt lat="38.090315" lon="-4.879597"><ele>493</ele></trkpt>
    <trkpt lat="38.090087" lon="-4.879269"><ele>490.8</ele></trkpt>
    <trkpt lat="38.089428" lon="-4.878035"><ele>483</ele></trkpt>
    <trkpt lat="38.08926" lon="-4.877843"><ele>481.8</ele></trkpt>
    <trkpt lat="38.08909" lon="-4.877807"><ele>480.8</ele></trkpt>
    <trkpt lat="38.088952" lon="-4.877868"><ele>480</ele></trkpt>
    <trkpt lat="38.088831" lon="-4.877975"><ele>479.2</ele></trkpt>
    <trkpt lat="38.088743" lon="-4.878139"><ele>478.4</ele></trkpt>
    <trkpt lat="38.088718" lon="-4.878314"><ele>477.7</ele></trkpt>
    <trkpt lat="38.088732" lon="-4.87848"><ele>477</ele></trkpt>
    <trkpt lat="38.088887" lon="-4.879056"><ele>474.7</ele></trkpt>
    <trkpt lat="38.089176" lon="-4.880041"><ele>471</ele></trkpt>
    <trkpt lat="38.089517" lon="-4.880819"><ele>467.7</ele></trkpt>
    <trkpt lat="38.089541" lon="-4.880973"><ele>467.1</ele></trkpt>
    <trkpt lat="38.089555" lon="-4.882029"><ele>463.7</ele></trkpt>
    <trkpt lat="38.089625" lon="-4.882385"><ele>462.6</ele></trkpt>
    <trkpt lat="38.090339" lon="-4.884795"><ele>458.3</ele></trkpt>
    <trkpt lat="38.090512" lon="-4.885199"><ele>457.9</ele></trkpt>
    <trkpt lat="38.090582" lon="-4.885567"><ele>457.9</ele></trkpt>
    <trkpt lat="38.090564" lon="-4.885775"><ele>458.1</ele></trkpt>
    <trkpt lat="38.090512" lon="-4.886125"><ele>458.5</ele></trkpt>
    <trkpt lat="38.090498" lon="-4.886445"><ele>459.1</ele></trkpt>
    <trkpt lat="38.090508" lon="-4.887651"><ele>463.5</ele></trkpt>
    <trkpt lat="38.090568" lon="-4.888487"><ele>466.8</ele></trkpt>
    <trkpt lat="38.090634" lon="-4.888998"><ele>468.4</ele></trkpt>
    <trkpt lat="38.090694" lon="-4.889253"><ele>469.2</ele></trkpt>
    <trkpt lat="38.090825" lon="-4.889449"><ele>469.9</ele></trkpt>
    <trkpt lat="38.091082" lon="-4.889758"><ele>471</ele></trkpt>
    <trkpt lat="38.091124" lon="-4.889859"><ele>471.3</ele></trkpt>
    <trkpt lat="38.091171" lon="-4.890357"><ele>472.4</ele></trkpt>
    <trkpt lat="38.091166" lon="-4.89085"><ele>473.4</ele></trkpt>
    <trkpt lat="38.091078" lon="-4.891075"><ele>473.8</ele></trkpt>
    <trkpt lat="38.090849" lon="-4.891277"><ele>474.4</ele></trkpt>
    <trkpt lat="38.090115" lon="-4.891283"><ele>475.3</ele></trkpt>
    <trkpt lat="38.089671" lon="-4.891497"><ele>475.7</ele></trkpt>
    <trkpt lat="38.08944" lon="-4.891801"><ele>475.9</ele></trkpt>
    <trkpt lat="38.089237" lon="-4.892619"><ele>476.4</ele></trkpt>
    <trkpt lat="38.089162" lon="-4.893586"><ele>477</ele></trkpt>
    <trkpt lat="38.089092" lon="-4.895112"><ele>476.8</ele></trkpt>
    <trkpt lat="38.089008" lon="-4.895409"><ele>476.8</ele></trkpt>
    <trkpt lat="38.088438" lon="-4.896637"><ele>477.9</ele></trkpt>
    <trkpt lat="38.088202" lon="-4.897216"><ele>478.7</ele></trkpt>
    <trkpt lat="38.088134" lon="-4.897498"><ele>478.9</ele></trkpt>
    <trkpt lat="38.088153" lon="-4.897801"><ele>479.1</ele></trkpt>
    <trkpt lat="38.088298" lon="-4.89859"><ele>479.1</ele></trkpt>
    <trkpt lat="38.088368" lon="-4.899219"><ele>478.6</ele></trkpt>
    <trkpt lat="38.088424" lon="-4.903005"><ele>476.3</ele></trkpt>
    <trkpt lat="38.088457" lon="-4.90344"><ele>475</ele></trkpt>
    <trkpt lat="38.088527" lon="-4.903838"><ele>473.4</ele></trkpt>
    <trkpt lat="38.08878" lon="-4.904784"><ele>469.3</ele></trkpt>
    <trkpt lat="38.088817" lon="-4.905046"><ele>468.4</ele></trkpt>
    <trkpt lat="38.088802" lon="-4.905334"><ele>467.5</ele></trkpt>
    <trkpt lat="38.08845" lon="-4.9071"><ele>466</ele></trkpt>
    <trkpt lat="38.088427" lon="-4.907352"><ele>466</ele></trkpt>
    <trkpt lat="38.08845" lon="-4.907927"><ele>465.9</ele></trkpt>
    <trkpt lat="38.088569" lon="-4.908524"><ele>465.8</ele></trkpt>
    <trkpt lat="38.089032" lon="-4.910519"><ele>465</ele></trkpt>
    <trkpt lat="38.08907" lon="-4.910868"><ele>465.1</ele></trkpt>
    <trkpt lat="38.089056" lon="-4.911254"><ele>465.2</ele></trkpt>
    <trkpt lat="38.089027" lon="-4.911539"><ele>465.2</ele></trkpt>
    <trkpt lat="38.088926" lon="-4.912106"><ele>465.4</ele></trkpt>
    <trkpt lat="38.088554" lon="-4.914361"><ele>465.3</ele></trkpt>
    <trkpt lat="38.088496" lon="-4.914527"><ele>465.4</ele></trkpt>
    <trkpt lat="38.088265" lon="-4.9149"><ele>465.6</ele></trkpt>
    <trkpt lat="38.088067" lon="-4.915164"><ele>466</ele></trkpt>
    <trkpt lat="38.088029" lon="-4.915305"><ele>466.2</ele></trkpt>
    <trkpt lat="38.088043" lon="-4.915507"><ele>466.5</ele></trkpt>
    <trkpt lat="38.088222" lon="-4.915948"><ele>467.6</ele></trkpt>
    <trkpt lat="38.08826" lon="-4.916225"><ele>468.3</ele></trkpt>
    <trkpt lat="38.088211" lon="-4.916398"><ele>468.7</ele></trkpt>
    <trkpt lat="38.088038" lon="-4.916671"><ele>469.3</ele></trkpt>
    <trkpt lat="38.087771" lon="-4.91698"><ele>470.1</ele></trkpt>
    <trkpt lat="38.08772" lon="-4.917217"><ele>470.4</ele></trkpt>
    <trkpt lat="38.087956" lon="-4.918013"><ele>470.3</ele></trkpt>
    <trkpt lat="38.088009" lon="-4.91832"><ele>469.7</ele></trkpt>
    <trkpt lat="38.088038" lon="-4.91965"><ele>465</ele></trkpt>
    <trkpt lat="38.088106" lon="-4.919938"><ele>464.1</ele></trkpt>
    <trkpt lat="38.088308" lon="-4.920379"><ele>462.9</ele></trkpt>
    <trkpt lat="38.088366" lon="-4.920587"><ele>462.5</ele></trkpt>
    <trkpt lat="38.088371" lon="-4.920797"><ele>462.2</ele></trkpt>
    <trkpt lat="38.088278" lon="-4.921042"><ele>461.9</ele></trkpt>
    <trkpt lat="38.088184" lon="-4.921233"><ele>461.7</ele></trkpt>
    <trkpt lat="38.088069" lon="-4.921397"><ele>461.4</ele></trkpt>
    <trkpt lat="38.088024" lon="-4.921535"><ele>461.3</ele></trkpt>
    <trkpt lat="38.087989" lon="-4.921837"><ele>460.9</ele></trkpt>
    <trkpt lat="38.087989" lon="-4.922241"><ele>460.1</ele></trkpt>
    <trkpt lat="38.087891" lon="-4.922646"><ele>458.8</ele></trkpt>
    <trkpt lat="38.087567" lon="-4.923636"><ele>453.7</ele></trkpt>
    <trkpt lat="38.087329" lon="-4.924129"><ele>450.7</ele></trkpt>
    <trkpt lat="38.087233" lon="-4.92419"><ele>449.8</ele></trkpt>
    <trkpt lat="38.08705" lon="-4.924233"><ele>448.3</ele></trkpt>
    <trkpt lat="38.086577" lon="-4.924129"><ele>444.3</ele></trkpt>
    <trkpt lat="38.086309" lon="-4.924165"><ele>442.2</ele></trkpt>
    <trkpt lat="38.086251" lon="-4.924259"><ele>441.4</ele></trkpt>
    <trkpt lat="38.086071" lon="-4.92537"><ele>435.9</ele></trkpt>
    <trkpt lat="38.085935" lon="-4.926202"><ele>436.6</ele></trkpt>
    <trkpt lat="38.085848" lon="-4.92657"><ele>437.5</ele></trkpt>
    <trkpt lat="38.085771" lon="-4.926728"><ele>438</ele></trkpt>
    <trkpt lat="38.085617" lon="-4.926862"><ele>438.7</ele></trkpt>
    <trkpt lat="38.085472" lon="-4.926918"><ele>439.2</ele></trkpt>
    <trkpt lat="38.084959" lon="-4.926902"><ele>441.4</ele></trkpt>
    <trkpt lat="38.084709" lon="-4.926939"><ele>441.7</ele></trkpt>
    <trkpt lat="38.084531" lon="-4.927025"><ele>441.5</ele></trkpt>
    <trkpt lat="38.084394" lon="-4.927168"><ele>441.2</ele></trkpt>
    <trkpt lat="38.084295" lon="-4.92732"><ele>440.9</ele></trkpt>
    <trkpt lat="38.084227" lon="-4.927502"><ele>440.7</ele></trkpt>
    <trkpt lat="38.08416" lon="-4.928002"><ele>440.1</ele></trkpt>
    <trkpt lat="38.084104" lon="-4.929182"><ele>439.3</ele></trkpt>
    <trkpt lat="38.084096" lon="-4.929505"><ele>439.3</ele></trkpt>
    <trkpt lat="38.084257" lon="-4.930663"><ele>438.3</ele></trkpt>
    <trkpt lat="38.084294" lon="-4.931121"><ele>437.9</ele></trkpt>
    <trkpt lat="38.084164" lon="-4.931568"><ele>437.7</ele></trkpt>
    <trkpt lat="38.083957" lon="-4.932023"><ele>438</ele></trkpt>
    <trkpt lat="38.083739" lon="-4.932292"><ele>438.5</ele></trkpt>
    <trkpt lat="38.083407" lon="-4.932412"><ele>439.1</ele></trkpt>
    <trkpt lat="38.083172" lon="-4.932394"><ele>439.7</ele></trkpt>
    <trkpt lat="38.08288" lon="-4.932274"><ele>440.5</ele></trkpt>
    <trkpt lat="38.082379" lon="-4.931746"><ele>442.1</ele></trkpt>
    <trkpt lat="38.082152" lon="-4.931575"><ele>442.5</ele></trkpt>
    <trkpt lat="38.081912" lon="-4.931539"><ele>442.7</ele></trkpt>
    <trkpt lat="38.080612" lon="-4.931483"><ele>442.7</ele></trkpt>
    <trkpt lat="38.08043" lon="-4.931535"><ele>442.6</ele></trkpt>
    <trkpt lat="38.080273" lon="-4.931646"><ele>442.4</ele></trkpt>
    <trkpt lat="38.080128" lon="-4.931793"><ele>442.3</ele></trkpt>
    <trkpt lat="38.080022" lon="-4.932031"><ele>442.3</ele></trkpt>
    <trkpt lat="38.079954" lon="-4.932313"><ele>442.3</ele></trkpt>
    <trkpt lat="38.079954" lon="-4.932565"><ele>442.4</ele></trkpt>
    <trkpt lat="38.080006" lon="-4.932843"><ele>442.7</ele></trkpt>
    <trkpt lat="38.080197" lon="-4.933217"><ele>443.4</ele></trkpt>
    <trkpt lat="38.080408" lon="-4.933475"><ele>444.1</ele></trkpt>
    <trkpt lat="38.080587" lon="-4.933796"><ele>444.9</ele></trkpt>
    <trkpt lat="38.08072" lon="-4.934165"><ele>445.9</ele></trkpt>
    <trkpt lat="38.080638" lon="-4.934664"><ele>447.1</ele></trkpt>
    <trkpt lat="38.080528" lon="-4.935077"><ele>448.1</ele></trkpt>
    <trkpt lat="38.080462" lon="-4.935503"><ele>449.1</ele></trkpt>
    <trkpt lat="38.080512" lon="-4.935756"><ele>449.7</ele></trkpt>
    <trkpt lat="38.080736" lon="-4.936399"><ele>451.7</ele></trkpt>
    <trkpt lat="38.080997" lon="-4.937026"><ele>453.9</ele></trkpt>
    <trkpt lat="38.081105" lon="-4.937511"><ele>455.6</ele></trkpt>
    <trkpt lat="38.081122" lon="-4.93788"><ele>456.8</ele></trkpt>
    <trkpt lat="38.081042" lon="-4.938282"><ele>458.2</ele></trkpt>
    <trkpt lat="38.080946" lon="-4.938499"><ele>459</ele></trkpt>
    <trkpt lat="38.080475" lon="-4.939365"><ele>462.2</ele></trkpt>
    <trkpt lat="38.080242" lon="-4.939855"><ele>463.6</ele></trkpt>
    <trkpt lat="38.079956" lon="-4.940603"><ele>465.5</ele></trkpt>
    <trkpt lat="38.079628" lon="-4.941549"><ele>468.5</ele></trkpt>
    <trkpt lat="38.079532" lon="-4.94194"><ele>470.1</ele></trkpt>
    <trkpt lat="38.079479" lon="-4.942289"><ele>471.7</ele></trkpt>
    <trkpt lat="38.079496" lon="-4.942637"><ele>473.5</ele></trkpt>
    <trkpt lat="38.079558" lon="-4.942901"><ele>475.1</ele></trkpt>
    <trkpt lat="38.079682" lon="-4.943222"><ele>477.4</ele></trkpt>
    <trkpt lat="38.079828" lon="-4.943491"><ele>479.7</ele></trkpt>
    <trkpt lat="38.080031" lon="-4.943701"><ele>482.1</ele></trkpt>
    <trkpt lat="38.080247" lon="-4.943859"><ele>484.4</ele></trkpt>
    <trkpt lat="38.080757" lon="-4.94407"><ele>488.9</ele></trkpt>
    <trkpt lat="38.081113" lon="-4.944255"><ele>491.6</ele></trkpt>
    <trkpt lat="38.081491" lon="-4.944734"><ele>494.7</ele></trkpt>
    <trkpt lat="38.081586" lon="-4.944887"><ele>495.5</ele></trkpt>
    <trkpt lat="38.081665" lon="-4.945076"><ele>496.3</ele></trkpt>
    <trkpt lat="38.08171" lon="-4.945361"><ele>497.5</ele></trkpt>
    <trkpt lat="38.081701" lon="-4.945614"><ele>498.5</ele></trkpt>
    <trkpt lat="38.081553" lon="-4.946404"><ele>501.9</ele></trkpt>
    <trkpt lat="38.081553" lon="-4.946926"><ele>503.9</ele></trkpt>
    <trkpt lat="38.081578" lon="-4.947057"><ele>504.3</ele></trkpt>
    <trkpt lat="38.08169" lon="-4.948301"><ele>504.2</ele></trkpt>
    <trkpt lat="38.081897" lon="-4.950424"><ele>493.1</ele></trkpt>
    <trkpt lat="38.081955" lon="-4.95073"><ele>491.5</ele></trkpt>
    <trkpt lat="38.082063" lon="-4.951014"><ele>490</ele></trkpt>
    <trkpt lat="38.082478" lon="-4.951894"><ele>486</ele></trkpt>
    <trkpt lat="38.082872" lon="-4.952484"><ele>483.1</ele></trkpt>
    <trkpt lat="38.083203" lon="-4.953064"><ele>480.4</ele></trkpt>
    <trkpt lat="38.083635" lon="-4.953707"><ele>476.7</ele></trkpt>
    <trkpt lat="38.084029" lon="-4.954139"><ele>473.9</ele></trkpt>
    <trkpt lat="38.084132" lon="-4.954354"><ele>473.1</ele></trkpt>
    <trkpt lat="38.084248" lon="-4.954676"><ele>472.2</ele></trkpt>
    <trkpt lat="38.084286" lon="-4.954908"><ele>471.7</ele></trkpt>
    <trkpt lat="38.084282" lon="-4.955192"><ele>471.3</ele></trkpt>
    <trkpt lat="38.083767" lon="-4.95686"><ele>473.7</ele></trkpt>
    <trkpt lat="38.083697" lon="-4.957326"><ele>475.1</ele></trkpt>
    <trkpt lat="38.083709" lon="-4.957579"><ele>475.9</ele></trkpt>
    <trkpt lat="38.083763" lon="-4.957863"><ele>477</ele></trkpt>
    <trkpt lat="38.0839" lon="-4.958485"><ele>479.3</ele></trkpt>
    <trkpt lat="38.084066" lon="-4.959107"><ele>481.8</ele></trkpt>
    <trkpt lat="38.084087" lon="-4.959528"><ele>483.5</ele></trkpt>
    <trkpt lat="38.08407" lon="-4.95977"><ele>484.6</ele></trkpt>
    <trkpt lat="38.08397" lon="-4.960264"><ele>487.1</ele></trkpt>
    <trkpt lat="38.083845" lon="-4.960728"><ele>490</ele></trkpt>
    <trkpt lat="38.083742" lon="-4.961072"><ele>492.4</ele></trkpt>
    <trkpt lat="38.083581" lon="-4.961462"><ele>495.8</ele></trkpt>
    <trkpt lat="38.083008" lon="-4.962584"><ele>505.8</ele></trkpt>
    <trkpt lat="38.082254" lon="-4.963827"><ele>511.3</ele></trkpt>
    <trkpt lat="38.08208" lon="-4.964187"><ele>511.6</ele></trkpt>
    <trkpt lat="38.081992" lon="-4.964755"><ele>512.1</ele></trkpt>
    <trkpt lat="38.081955" lon="-4.965745"><ele>513.4</ele></trkpt>
    <trkpt lat="38.08198" lon="-4.966319"><ele>515.1</ele></trkpt>
    <trkpt lat="38.082241" lon="-4.967668"><ele>520.4</ele></trkpt>
    <trkpt lat="38.082266" lon="-4.967884"><ele>521.2</ele></trkpt>
    <trkpt lat="38.082241" lon="-4.969091"><ele>525.9</ele></trkpt>
    <trkpt lat="38.082312" lon="-4.969396"><ele>527.1</ele></trkpt>
    <trkpt lat="38.082464" lon="-4.969869"><ele>529.2</ele></trkpt>
    <trkpt lat="38.082614" lon="-4.97058"><ele>532.5</ele></trkpt>
    <trkpt lat="38.082639" lon="-4.971685"><ele>537.9</ele></trkpt>
    <trkpt lat="38.082701" lon="-4.971975"><ele>539.5</ele></trkpt>
    <trkpt lat="38.082823" lon="-4.972269"><ele>541.2</ele></trkpt>
    <trkpt lat="38.083534" lon="-4.973117"><ele>548.6</ele></trkpt>
    <trkpt lat="38.083696" lon="-4.973474"><ele>551.2</ele></trkpt>
    <trkpt lat="38.083734" lon="-4.973852"><ele>553.4</ele></trkpt>
    <trkpt lat="38.083701" lon="-4.974861"><ele>557.2</ele></trkpt>
    <trkpt lat="38.083706" lon="-4.975095"><ele>557.7</ele></trkpt>
    <trkpt lat="38.083762" lon="-4.975466"><ele>558.2</ele></trkpt>
    <trkpt lat="38.084058" lon="-4.977073"><ele>558.5</ele></trkpt>
    <trkpt lat="38.084079" lon="-4.977498"><ele>559.2</ele></trkpt>
    <trkpt lat="38.083994" lon="-4.977813"><ele>560</ele></trkpt>
    <trkpt lat="38.083857" lon="-4.978089"><ele>560.9</ele></trkpt>
    <trkpt lat="38.083563" lon="-4.978585"><ele>563</ele></trkpt>
    <trkpt lat="38.083464" lon="-4.978751"><ele>563.8</ele></trkpt>
    <trkpt lat="38.083349" lon="-4.978955"><ele>564.9</ele></trkpt>
    <trkpt lat="38.083242" lon="-4.979239"><ele>566.2</ele></trkpt>
    <trkpt lat="38.082919" lon="-4.980881"><ele>574.1</ele></trkpt>
    <trkpt lat="38.082606" lon="-4.981854"><ele>580.4</ele></trkpt>
    <trkpt lat="38.082568" lon="-4.982098"><ele>582</ele></trkpt>
    <trkpt lat="38.082559" lon="-4.982364"><ele>583.6</ele></trkpt>
    <trkpt lat="38.082666" lon="-4.983411"><ele>588.6</ele></trkpt>
    <trkpt lat="38.082773" lon="-4.983845"><ele>590</ele></trkpt>
    <trkpt lat="38.083309" lon="-4.985372"><ele>593.6</ele></trkpt>
    <trkpt lat="38.083362" lon="-4.985697"><ele>594.2</ele></trkpt>
    <trkpt lat="38.083297" lon="-4.986543"><ele>595.7</ele></trkpt>
    <trkpt lat="38.083148" lon="-4.987598"><ele>597.9</ele></trkpt>
    <trkpt lat="38.08308" lon="-4.988775"><ele>601.6</ele></trkpt>
    <trkpt lat="38.083036" lon="-4.992179"><ele>621</ele></trkpt>
    <trkpt lat="38.083166" lon="-4.993377"><ele>630.7</ele></trkpt>
    <trkpt lat="38.083218" lon="-4.99434"><ele>638.1</ele></trkpt>
    <trkpt lat="38.083231" lon="-4.995912"><ele>648</ele></trkpt>
    <trkpt lat="38.083196" lon="-4.996235"><ele>649.8</ele></trkpt>
    <trkpt lat="38.0831" lon="-4.996482"><ele>651.2</ele></trkpt>
    <trkpt lat="38.082935" lon="-4.996804"><ele>653</ele></trkpt>
    <trkpt lat="38.082775" lon="-4.996981"><ele>654</ele></trkpt>
    <trkpt lat="38.08261" lon="-4.997255"><ele>655.2</ele></trkpt>
    <trkpt lat="38.082519" lon="-4.997489"><ele>655.8</ele></trkpt>
    <trkpt lat="38.082472" lon="-4.99777"><ele>656.3</ele></trkpt>
    <trkpt lat="38.082458" lon="-4.997941"><ele>656.5</ele></trkpt>
    <trkpt lat="38.082475" lon="-4.998075"><ele>656.5</ele></trkpt>
    <trkpt lat="38.082576" lon="-4.998252"><ele>656.6</ele></trkpt>
    <trkpt lat="38.082678" lon="-4.99837"><ele>656.6</ele></trkpt>
    <trkpt lat="38.082817" lon="-4.998429"><ele>656.7</ele></trkpt>
    <trkpt lat="38.08307" lon="-4.998413"><ele>657.1</ele></trkpt>
    <trkpt lat="38.083596" lon="-4.998219"><ele>659.3</ele></trkpt>
    <trkpt lat="38.083856" lon="-4.998258"><ele>661.2</ele></trkpt>
    <trkpt lat="38.084025" lon="-4.998453"><ele>663.4</ele></trkpt>
    <trkpt lat="38.084077" lon="-4.99874"><ele>665.9</ele></trkpt>
    <trkpt lat="38.083999" lon="-4.999026"><ele>668.6</ele></trkpt>
    <trkpt lat="38.083999" lon="-4.999273"><ele>670.9</ele></trkpt>
    <trkpt lat="38.084064" lon="-4.999507"><ele>673.2</ele></trkpt>
    <trkpt lat="38.084208" lon="-4.999716"><ele>675.7</ele></trkpt>
    <trkpt lat="38.084273" lon="-4.999924"><ele>677.5</ele></trkpt>
    <trkpt lat="38.084234" lon="-5.000262"><ele>679.7</ele></trkpt>
    <trkpt lat="38.084273" lon="-5.000588"><ele>681.3</ele></trkpt>
    <trkpt lat="38.084507" lon="-5.001082"><ele>683.1</ele></trkpt>
    <trkpt lat="38.084663" lon="-5.001759"><ele>684</ele></trkpt>
    <trkpt lat="38.084663" lon="-5.002124"><ele>684.4</ele></trkpt>
    <trkpt lat="38.084208" lon="-5.003308"><ele>685.2</ele></trkpt>
    <trkpt lat="38.08402" lon="-5.003569"><ele>685.7</ele></trkpt>
    <trkpt lat="38.083801" lon="-5.003714"><ele>686.6</ele></trkpt>
    <trkpt lat="38.083593" lon="-5.003714"><ele>687.6</ele></trkpt>
    <trkpt lat="38.083364" lon="-5.003548"><ele>689.2</ele></trkpt>
    <trkpt lat="38.08325" lon="-5.00335"><ele>690.5</ele></trkpt>
    <trkpt lat="38.082968" lon="-5.002506"><ele>696.5</ele></trkpt>
    <trkpt lat="38.082864" lon="-5.002371"><ele>697.7</ele></trkpt>
    <trkpt lat="38.082625" lon="-5.002309"><ele>699.6</ele></trkpt>
    <trkpt lat="38.082417" lon="-5.002371"><ele>701.1</ele></trkpt>
    <trkpt lat="38.082208" lon="-5.002517"><ele>702.4</ele></trkpt>
    <trkpt lat="38.081817" lon="-5.003089"><ele>704.9</ele></trkpt>
    <trkpt lat="38.081529" lon="-5.00331"><ele>706</ele></trkpt>
    <trkpt lat="38.080655" lon="-5.003418"><ele>709.9</ele></trkpt>
    <trkpt lat="38.08024" lon="-5.003418"><ele>712.5</ele></trkpt>
    <trkpt lat="38.079099" lon="-5.002755"><ele>719.6</ele></trkpt>
    <trkpt lat="38.078782" lon="-5.00263"><ele>721.4</ele></trkpt>
    <trkpt lat="38.078558" lon="-5.002636"><ele>722.7</ele></trkpt>
    <trkpt lat="38.078161" lon="-5.002854"><ele>725.3</ele></trkpt>
    <trkpt lat="38.07682" lon="-5.00369"><ele>732.8</ele></trkpt>
    <trkpt lat="38.076783" lon="-5.003713"><ele>732.8</ele></trkpt>
    <trkpt lat="38.076582" lon="-5.003908"><ele>732.9</ele></trkpt>
    <trkpt lat="38.076401" lon="-5.004305"><ele>732.3</ele></trkpt>
    <trkpt lat="38.076364" lon="-5.004745"><ele>731</ele></trkpt>
    <trkpt lat="38.076422" lon="-5.007208"><ele>721.9</ele></trkpt>
    <trkpt lat="38.076132" lon="-5.008469"><ele>717.9</ele></trkpt>
    <trkpt lat="38.075565" lon="-5.009673"><ele>713.2</ele></trkpt>
    <trkpt lat="38.075289" lon="-5.010042"><ele>711.4</ele></trkpt>
    <trkpt lat="38.074471" lon="-5.010607"><ele>709.1</ele></trkpt>
    <trkpt lat="38.074433" lon="-5.010655"><ele>709</ele></trkpt>
    <trkpt lat="38.074365" lon="-5.011152"><ele>707.9</ele></trkpt>
    <trkpt lat="38.074449" lon="-5.011463"><ele>707</ele></trkpt>
    <trkpt lat="38.074585" lon="-5.011817"><ele>705.7</ele></trkpt>
    <trkpt lat="38.07457" lon="-5.011997"><ele>705</ele></trkpt>
    <trkpt lat="38.074479" lon="-5.013051"><ele>699</ele></trkpt>
    <trkpt lat="38.074379" lon="-5.013225"><ele>697.5</ele></trkpt>
    <trkpt lat="38.07422" lon="-5.013279"><ele>696</ele></trkpt>
    <trkpt lat="38.073742" lon="-5.013358"><ele>692.3</ele></trkpt>
    <trkpt lat="38.073659" lon="-5.013423"><ele>691.6</ele></trkpt>
    <trkpt lat="38.073621" lon="-5.013473"><ele>691.3</ele></trkpt>
    <trkpt lat="38.07361" lon="-5.0136"><ele>690.5</ele></trkpt>
    <trkpt lat="38.073658" lon="-5.013732"><ele>689.7</ele></trkpt>
    <trkpt lat="38.073708" lon="-5.013802"><ele>689.2</ele></trkpt>
    <trkpt lat="38.073942" lon="-5.01388"><ele>687.4</ele></trkpt>
    <trkpt lat="38.074059" lon="-5.013969"><ele>686.4</ele></trkpt>
    <trkpt lat="38.074111" lon="-5.014094"><ele>685.6</ele></trkpt>
    <trkpt lat="38.074109" lon="-5.014408"><ele>683.8</ele></trkpt>
    <trkpt lat="38.074059" lon="-5.014834"><ele>681.8</ele></trkpt>
    <trkpt lat="38.074036" lon="-5.014986"><ele>681.1</ele></trkpt>
    <trkpt lat="38.073847" lon="-5.015425"><ele>679.1</ele></trkpt>
    <trkpt lat="38.073648" lon="-5.015858"><ele>677.5</ele></trkpt>
    <trkpt lat="38.073557" lon="-5.016063"><ele>677</ele></trkpt>
    <trkpt lat="38.073448" lon="-5.016274"><ele>676.8</ele></trkpt>
    <trkpt lat="38.073063" lon="-5.016779"><ele>676.8</ele></trkpt>
    <trkpt lat="38.072905" lon="-5.017351"><ele>676.8</ele></trkpt>
    <trkpt lat="38.072773" lon="-5.017581"><ele>676.6</ele></trkpt>
    <trkpt lat="38.072614" lon="-5.017691"><ele>676.4</ele></trkpt>
    <trkpt lat="38.072426" lon="-5.017744"><ele>676.1</ele></trkpt>
    <trkpt lat="38.071957" lon="-5.018184"><ele>674.5</ele></trkpt>
    <trkpt lat="38.071502" lon="-5.01846"><ele>672.5</ele></trkpt>
    <trkpt lat="38.071233" lon="-5.018489"><ele>671.4</ele></trkpt>
    <trkpt lat="38.070935" lon="-5.018481"><ele>670.3</ele></trkpt>
    <trkpt lat="38.070161" lon="-5.018531"><ele>667.6</ele></trkpt>
    <trkpt lat="38.069729" lon="-5.018787"><ele>666.1</ele></trkpt>
    <trkpt lat="38.069415" lon="-5.019145"><ele>664.8</ele></trkpt>
    <trkpt lat="38.069361" lon="-5.019207"><ele>664.6</ele></trkpt>
    <trkpt lat="38.069104" lon="-5.019499"><ele>663.6</ele></trkpt>
    <trkpt lat="38.068234" lon="-5.019793"><ele>661.8</ele></trkpt>
    <trkpt lat="38.067728" lon="-5.019911"><ele>661.3</ele></trkpt>
    <trkpt lat="38.067145" lon="-5.020273"><ele>661.2</ele></trkpt>
    <trkpt lat="38.0663" lon="-5.021153"><ele>660.6</ele></trkpt>
    <trkpt lat="38.064882" lon="-5.022242"><ele>654.7</ele></trkpt>
    <trkpt lat="38.06325" lon="-5.023365"><ele>644.4</ele></trkpt>
    <trkpt lat="38.062759" lon="-5.023647"><ele>641</ele></trkpt>
    <trkpt lat="38.062362" lon="-5.024151"><ele>636.7</ele></trkpt>
    <trkpt lat="38.061838" lon="-5.024585"><ele>630.9</ele></trkpt>
    <trkpt lat="38.061267" lon="-5.025003"><ele>624.2</ele></trkpt>
    <trkpt lat="38.060018" lon="-5.025173"><ele>612.2</ele></trkpt>
    <trkpt lat="38.059371" lon="-5.025695"><ele>606.1</ele></trkpt>
    <trkpt lat="38.058929" lon="-5.026138"><ele>602.3</ele></trkpt>
    <trkpt lat="38.058543" lon="-5.026251"><ele>599.9</ele></trkpt>
    <trkpt lat="38.057206" lon="-5.026348"><ele>592.9</ele></trkpt>
    <trkpt lat="38.056875" lon="-5.026412"><ele>591.6</ele></trkpt>
    <trkpt lat="38.05599" lon="-5.026619"><ele>589.3</ele></trkpt>
    <trkpt lat="38.055799" lon="-5.026619"><ele>589</ele></trkpt>
    <trkpt lat="38.055626" lon="-5.026576"><ele>588.7</ele></trkpt>
    <trkpt lat="38.055233" lon="-5.026398"><ele>587.7</ele></trkpt>
    <trkpt lat="38.054835" lon="-5.026291"><ele>586.4</ele></trkpt>
    <trkpt lat="38.054208" lon="-5.026277"><ele>583.5</ele></trkpt>
    <trkpt lat="38.053916" lon="-5.026306"><ele>581.8</ele></trkpt>
    <trkpt lat="38.0533" lon="-5.026249"><ele>578.2</ele></trkpt>
    <trkpt lat="38.052823" lon="-5.026469"><ele>575.7</ele></trkpt>
    <trkpt lat="38.052319" lon="-5.02659"><ele>574.3</ele></trkpt>
    <trkpt lat="38.052201" lon="-5.026718"><ele>574.1</ele></trkpt>
    <trkpt lat="38.051882" lon="-5.027224"><ele>574</ele></trkpt>
    <trkpt lat="38.051624" lon="-5.027516"><ele>574.5</ele></trkpt>
    <trkpt lat="38.050413" lon="-5.028313"><ele>577.2</ele></trkpt>
    <trkpt lat="38.050054" lon="-5.028583"><ele>577.1</ele></trkpt>
    <trkpt lat="38.049785" lon="-5.028904"><ele>576.5</ele></trkpt>
    <trkpt lat="38.049696" lon="-5.029096"><ele>576.1</ele></trkpt>
    <trkpt lat="38.04962" lon="-5.029874"><ele>573.7</ele></trkpt>
    <trkpt lat="38.049525" lon="-5.030418"><ele>572</ele></trkpt>
    <trkpt lat="38.049358" lon="-5.030789"><ele>570.8</ele></trkpt>
    <trkpt lat="38.049126" lon="-5.030978"><ele>570</ele></trkpt>
    <trkpt lat="38.048457" lon="-5.031363"><ele>568.9</ele></trkpt>
    <trkpt lat="38.048283" lon="-5.031399"><ele>568.9</ele></trkpt>
    <trkpt lat="38.04813" lon="-5.031334"><ele>568.9</ele></trkpt>
    <trkpt lat="38.048007" lon="-5.031174"><ele>569</ele></trkpt>
    <trkpt lat="38.047629" lon="-5.030571"><ele>569.7</ele></trkpt>
    <trkpt lat="38.047506" lon="-5.030469"><ele>570</ele></trkpt>
    <trkpt lat="38.047353" lon="-5.030527"><ele>570.3</ele></trkpt>
    <trkpt lat="38.04651" lon="-5.031784"><ele>572.8</ele></trkpt>
    <trkpt lat="38.046329" lon="-5.031857"><ele>572.9</ele></trkpt>
    <trkpt lat="38.045922" lon="-5.031922"><ele>572.5</ele></trkpt>
    <trkpt lat="38.045726" lon="-5.031987"><ele>572.1</ele></trkpt>
    <trkpt lat="38.045486" lon="-5.032198"><ele>571.1</ele></trkpt>
    <trkpt lat="38.045261" lon="-5.032205"><ele>570.1</ele></trkpt>
    <trkpt lat="38.045" lon="-5.032598"><ele>568</ele></trkpt>
    <trkpt lat="38.044702" lon="-5.032707"><ele>566.3</ele></trkpt>
    <trkpt lat="38.0442" lon="-5.032721"><ele>563.8</ele></trkpt>
    <trkpt lat="38.04399" lon="-5.032917"><ele>562.7</ele></trkpt>
    <trkpt lat="38.042965" lon="-5.034029"><ele>559.1</ele></trkpt>
    <trkpt lat="38.042152" lon="-5.03501"><ele>555</ele></trkpt>
    <trkpt lat="38.041919" lon="-5.035366"><ele>553.3</ele></trkpt>
    <trkpt lat="38.041847" lon="-5.035729"><ele>551.8</ele></trkpt>
    <trkpt lat="38.041832" lon="-5.03615"><ele>550.1</ele></trkpt>
    <trkpt lat="38.041898" lon="-5.036564"><ele>548.3</ele></trkpt>
    <trkpt lat="38.042014" lon="-5.036826"><ele>547</ele></trkpt>
    <trkpt lat="38.042057" lon="-5.037131"><ele>545.6</ele></trkpt>
    <trkpt lat="38.042065" lon="-5.037777"><ele>542.9</ele></trkpt>
    <trkpt lat="38.04189" lon="-5.038039"><ele>541.5</ele></trkpt>
    <trkpt lat="38.041534" lon="-5.038235"><ele>539.6</ele></trkpt>
    <trkpt lat="38.040946" lon="-5.038438"><ele>537.1</ele></trkpt>
    <trkpt lat="38.040336" lon="-5.038591"><ele>535.7</ele></trkpt>
    <trkpt lat="38.039304" lon="-5.038729"><ele>535.2</ele></trkpt>
    <trkpt lat="38.03865" lon="-5.038867"><ele>535</ele></trkpt>
    <trkpt lat="38.036863" lon="-5.039528"><ele>531.7</ele></trkpt>
    <trkpt lat="38.036565" lon="-5.039739"><ele>530.6</ele></trkpt>
    <trkpt lat="38.036406" lon="-5.039957"><ele>529.8</ele></trkpt>
    <trkpt lat="38.034873" lon="-5.04239"><ele>518.8</ele></trkpt>
    <trkpt lat="38.034597" lon="-5.04247"><ele>517.6</ele></trkpt>
    <trkpt lat="38.033703" lon="-5.042652"><ele>514.4</ele></trkpt>
    <trkpt lat="38.033602" lon="-5.042746"><ele>514.1</ele></trkpt>
    <trkpt lat="38.033572" lon="-5.042979"><ele>513.7</ele></trkpt>
    <trkpt lat="38.033638" lon="-5.043545"><ele>513.1</ele></trkpt>
    <trkpt lat="38.033616" lon="-5.043778"><ele>513</ele></trkpt>
    <trkpt lat="38.033376" lon="-5.044112"><ele>512.9</ele></trkpt>
    <trkpt lat="38.030758" lon="-5.046901"><ele>516.4</ele></trkpt>
    <trkpt lat="38.030491" lon="-5.047214"><ele>517.6</ele></trkpt>
    <trkpt lat="38.030305" lon="-5.047574"><ele>519</ele></trkpt>
    <trkpt lat="38.029957" lon="-5.048641"><ele>524.1</ele></trkpt>
    <trkpt lat="38.029563" lon="-5.048977"><ele>526.9</ele></trkpt>
    <trkpt lat="38.028635" lon="-5.049569"><ele>532.2</ele></trkpt>
    <trkpt lat="38.028241" lon="-5.049696"><ele>533.6</ele></trkpt>
    <trkpt lat="38.027278" lon="-5.049905"><ele>533.5</ele></trkpt>
    <trkpt lat="38.025005" lon="-5.050961"><ele>520.9</ele></trkpt>
    <trkpt lat="38.024773" lon="-5.050914"><ele>519.6</ele></trkpt>
    <trkpt lat="38.024471" lon="-5.05074"><ele>517.5</ele></trkpt>
    <trkpt lat="38.024228" lon="-5.05081"><ele>515.7</ele></trkpt>
    <trkpt lat="38.024042" lon="-5.051019"><ele>513.7</ele></trkpt>
    <trkpt lat="38.023961" lon="-5.051367"><ele>511.3</ele></trkpt>
    <trkpt lat="38.023961" lon="-5.05183"><ele>507.9</ele></trkpt>
    <trkpt lat="38.023776" lon="-5.052109"><ele>505.1</ele></trkpt>
    <trkpt lat="38.023184" lon="-5.052213"><ele>500.1</ele></trkpt>
    <trkpt lat="38.02272" lon="-5.051819"><ele>497.1</ele></trkpt>
    <trkpt lat="38.022314" lon="-5.051517"><ele>495.4</ele></trkpt>
    <trkpt lat="38.021804" lon="-5.051552"><ele>493.8</ele></trkpt>
    <trkpt lat="38.021642" lon="-5.051749"><ele>493</ele></trkpt>
    <trkpt lat="38.0217" lon="-5.052549"><ele>490.2</ele></trkpt>
    <trkpt lat="38.021549" lon="-5.052828"><ele>488.7</ele></trkpt>
    <trkpt lat="38.021027" lon="-5.053396"><ele>484.5</ele></trkpt>
    <trkpt lat="38.02025" lon="-5.054568"><ele>477.8</ele></trkpt>
    <trkpt lat="38.019902" lon="-5.054799"><ele>475.7</ele></trkpt>
    <trkpt lat="38.019832" lon="-5.054985"><ele>474.9</ele></trkpt>
    <trkpt lat="38.019937" lon="-5.055391"><ele>473.3</ele></trkpt>
    <trkpt lat="38.019693" lon="-5.0556"><ele>472.1</ele></trkpt>
    <trkpt lat="38.018893" lon="-5.05618"><ele>469.4</ele></trkpt>
    <trkpt lat="38.018475" lon="-5.056215"><ele>468.7</ele></trkpt>
    <trkpt lat="38.017837" lon="-5.056157"><ele>467.4</ele></trkpt>
    <trkpt lat="38.017524" lon="-5.055994"><ele>466.7</ele></trkpt>
    <trkpt lat="38.017095" lon="-5.055635"><ele>465.5</ele></trkpt>
    <trkpt lat="38.015866" lon="-5.055519"><ele>462.2</ele></trkpt>
    <trkpt lat="38.014323" lon="-5.05611"><ele>457.4</ele></trkpt>
    <trkpt lat="38.013349" lon="-5.05633"><ele>454.8</ele></trkpt>
    <trkpt lat="38.011575" lon="-5.056632"><ele>452.6</ele></trkpt>
    <trkpt lat="38.010809" lon="-5.056655"><ele>451.8</ele></trkpt>
    <trkpt lat="38.01045" lon="-5.056597"><ele>451.3</ele></trkpt>
    <trkpt lat="38.010241" lon="-5.056435"><ele>451</ele></trkpt>
    <trkpt lat="38.009835" lon="-5.056597"><ele>450.1</ele></trkpt>
    <trkpt lat="38.009707" lon="-5.056748"><ele>449.5</ele></trkpt>
    <trkpt lat="38.009116" lon="-5.056841"><ele>446.7</ele></trkpt>
    <trkpt lat="38.008536" lon="-5.056876"><ele>442.9</ele></trkpt>
    <trkpt lat="38.007945" lon="-5.056985"><ele>438.8</ele></trkpt>
    <trkpt lat="38.007967" lon="-5.056663"><ele>436.9</ele></trkpt>
    <trkpt lat="38.008032" lon="-5.05636"><ele>434.9</ele></trkpt>
    <trkpt lat="38.007994" lon="-5.056067"><ele>433</ele></trkpt>
    <trkpt lat="38.007875" lon="-5.055871"><ele>431.4</ele></trkpt>
    <trkpt lat="38.007715" lon="-5.055694"><ele>429.8</ele></trkpt>
    <trkpt lat="38.007103" lon="-5.055366"><ele>424.2</ele></trkpt>
    <trkpt lat="38.006595" lon="-5.054986"><ele>419</ele></trkpt>
    <trkpt lat="38.006319" lon="-5.05437"><ele>414.5</ele></trkpt>
    <trkpt lat="38.006246" lon="-5.053869"><ele>411.3</ele></trkpt>
    <trkpt lat="38.006278" lon="-5.053405"><ele>408.1</ele></trkpt>
    <trkpt lat="38.006175" lon="-5.053003"><ele>405.1</ele></trkpt>
    <trkpt lat="38.005949" lon="-5.052545"><ele>401.1</ele></trkpt>
    <trkpt lat="38.005956" lon="-5.052119"><ele>398</ele></trkpt>
    <trkpt lat="38.006393" lon="-5.050582"><ele>390.6</ele></trkpt>
    <trkpt lat="38.006438" lon="-5.050277"><ele>390.2</ele></trkpt>
    <trkpt lat="38.006374" lon="-5.050179"><ele>390</ele></trkpt>
    <trkpt lat="38.005852" lon="-5.050026"><ele>389.3</ele></trkpt>
    <trkpt lat="38.005602" lon="-5.050262"><ele>388.9</ele></trkpt>
    <trkpt lat="38.004956" lon="-5.051432"><ele>384.8</ele></trkpt>
    <trkpt lat="38.00453" lon="-5.051742"><ele>382.4</ele></trkpt>
    <trkpt lat="38.003916" lon="-5.051882"><ele>381</ele></trkpt>
    <trkpt lat="38.003747" lon="-5.051782"><ele>381</ele></trkpt>
    <trkpt lat="38.003436" lon="-5.051404"><ele>381.9</ele></trkpt>
    <trkpt lat="38.003107" lon="-5.051167"><ele>383.3</ele></trkpt>
    <trkpt lat="38.002814" lon="-5.051091"><ele>384.7</ele></trkpt>
    <trkpt lat="38.002533" lon="-5.051075"><ele>386</ele></trkpt>
    <trkpt lat="38.002336" lon="-5.050969"><ele>387.1</ele></trkpt>
    <trkpt lat="38.001682" lon="-5.050113"><ele>391.4</ele></trkpt>
    <trkpt lat="38.001323" lon="-5.049831"><ele>393.7</ele></trkpt>
    <trkpt lat="38.001247" lon="-5.049722"><ele>394.4</ele></trkpt>
    <trkpt lat="38.001146" lon="-5.049278"><ele>396.8</ele></trkpt>
    <trkpt lat="38.000929" lon="-5.049126"><ele>398.7</ele></trkpt>
    <trkpt lat="38.000357" lon="-5.048911"><ele>403.7</ele></trkpt>
    <trkpt lat="38.000084" lon="-5.048722"><ele>406.6</ele></trkpt>
    <trkpt lat="37.999783" lon="-5.048363"><ele>410.5</ele></trkpt>
    <trkpt lat="37.999445" lon="-5.048426"><ele>413.6</ele></trkpt>
    <trkpt lat="37.999186" lon="-5.048544"><ele>415.9</ele></trkpt>
    <trkpt lat="37.999099" lon="-5.048517"><ele>416.6</ele></trkpt>
    <trkpt lat="37.998956" lon="-5.048341"><ele>418.2</ele></trkpt>
    <trkpt lat="37.998622" lon="-5.048031"><ele>421.3</ele></trkpt>
    <trkpt lat="37.998416" lon="-5.047653"><ele>423.9</ele></trkpt>
    <trkpt lat="37.997994" lon="-5.047307"><ele>427.4</ele></trkpt>
    <trkpt lat="37.997904" lon="-5.047271"><ele>428.1</ele></trkpt>
    <trkpt lat="37.997788" lon="-5.047325"><ele>429.1</ele></trkpt>
    <trkpt lat="37.997494" lon="-5.047636"><ele>432.3</ele></trkpt>
    <trkpt lat="37.997253" lon="-5.047679"><ele>434.4</ele></trkpt>
    <trkpt lat="37.997084" lon="-5.047758"><ele>436.1</ele></trkpt>
    <trkpt lat="37.996947" lon="-5.04791"><ele>437.7</ele></trkpt>
    <trkpt lat="37.996712" lon="-5.047955"><ele>439.8</ele></trkpt>
    <trkpt lat="37.996542" lon="-5.047833"><ele>441.5</ele></trkpt>
    <trkpt lat="37.996387" lon="-5.047388"><ele>444.8</ele></trkpt>
    <trkpt lat="37.996387" lon="-5.047165"><ele>446.1</ele></trkpt>
    <trkpt lat="37.9962" lon="-5.046752"><ele>448.8</ele></trkpt>
    <trkpt lat="37.99571" lon="-5.046337"><ele>451.9</ele></trkpt>
    <trkpt lat="37.995081" lon="-5.04604"><ele>454.2</ele></trkpt>
    <trkpt lat="37.994523" lon="-5.045517"><ele>454.9</ele></trkpt>
    <trkpt lat="37.993586" lon="-5.043648"><ele>452.7</ele></trkpt>
    <trkpt lat="37.993128" lon="-5.043309"><ele>451.7</ele></trkpt>
    <trkpt lat="37.992413" lon="-5.043016"><ele>449.5</ele></trkpt>
    <trkpt lat="37.99173" lon="-5.042571"><ele>445.8</ele></trkpt>
    <trkpt lat="37.991333" lon="-5.042401"><ele>443.5</ele></trkpt>
    <trkpt lat="37.990752" lon="-5.04239"><ele>440.4</ele></trkpt>
    <trkpt lat="37.990571" lon="-5.042257"><ele>439.4</ele></trkpt>
    <trkpt lat="37.989421" lon="-5.040514"><ele>433.3</ele></trkpt>
    <trkpt lat="37.988557" lon="-5.039497"><ele>429.9</ele></trkpt>
    <trkpt lat="37.98797" lon="-5.038724"><ele>427.7</ele></trkpt>
    <trkpt lat="37.987326" lon="-5.03808"><ele>426.4</ele></trkpt>
    <trkpt lat="37.986767" lon="-5.037307"><ele>426.1</ele></trkpt>
    <trkpt lat="37.986489" lon="-5.037126"><ele>426.2</ele></trkpt>
    <trkpt lat="37.986255" lon="-5.036915"><ele>426.4</ele></trkpt>
    <trkpt lat="37.985943" lon="-5.03607"><ele>427</ele></trkpt>
    <trkpt lat="37.985382" lon="-5.035631"><ele>428.3</ele></trkpt>
    <trkpt lat="37.985315" lon="-5.035256"><ele>429.2</ele></trkpt>
    <trkpt lat="37.98538" lon="-5.034729"><ele>430.7</ele></trkpt>
    <trkpt lat="37.985181" lon="-5.034344"><ele>432.3</ele></trkpt>
    <trkpt lat="37.984716" lon="-5.033259"><ele>437.5</ele></trkpt>
    <trkpt lat="37.984673" lon="-5.032907"><ele>439</ele></trkpt>
    <trkpt lat="37.984783" lon="-5.032676"><ele>440.1</ele></trkpt>
    <trkpt lat="37.984843" lon="-5.032073"><ele>442.2</ele></trkpt>
    <trkpt lat="37.984833" lon="-5.031723"><ele>443.3</ele></trkpt>
    <trkpt lat="37.984401" lon="-5.029447"><ele>446</ele></trkpt>
    <trkpt lat="37.984125" lon="-5.029011"><ele>445.3</ele></trkpt>
    <trkpt lat="37.983429" lon="-5.028373"><ele>443</ele></trkpt>
    <trkpt lat="37.98266" lon="-5.027219"><ele>439.4</ele></trkpt>
    <trkpt lat="37.981928" lon="-5.025968"><ele>435.6</ele></trkpt>
    <trkpt lat="37.981255" lon="-5.024345"><ele>429.1</ele></trkpt>
    <trkpt lat="37.981075" lon="-5.02332"><ele>425.8</ele></trkpt>
    <trkpt lat="37.981058" lon="-5.022109"><ele>423.3</ele></trkpt>
    <trkpt lat="37.980852" lon="-5.020973"><ele>422.1</ele></trkpt>
    <trkpt lat="37.980819" lon="-5.020353"><ele>421.4</ele></trkpt>
    <trkpt lat="37.98067" lon="-5.020056"><ele>420.9</ele></trkpt>
    <trkpt lat="37.980396" lon="-5.019173"><ele>418.7</ele></trkpt>
    <trkpt lat="37.980271" lon="-5.019017"><ele>418</ele></trkpt>
    <trkpt lat="37.979917" lon="-5.01877"><ele>416.6</ele></trkpt>
    <trkpt lat="37.979736" lon="-5.018314"><ele>415.3</ele></trkpt>
    <trkpt lat="37.979736" lon="-5.017466"><ele>413.9</ele></trkpt>
    <trkpt lat="37.979902" lon="-5.016719"><ele>413.3</ele></trkpt>
    <trkpt lat="37.980112" lon="-5.016069"><ele>412.9</ele></trkpt>
    <trkpt lat="37.980221" lon="-5.015879"><ele>412.7</ele></trkpt>
    <trkpt lat="37.980174" lon="-5.015682"><ele>412.6</ele></trkpt>
    <trkpt lat="37.980024" lon="-5.015551"><ele>412.5</ele></trkpt>
    <trkpt lat="37.979471" lon="-5.015439"><ele>412</ele></trkpt>
    <trkpt lat="37.978763" lon="-5.015465"><ele>411.6</ele></trkpt>
    <trkpt lat="37.978692" lon="-5.015378"><ele>411.5</ele></trkpt>
    <trkpt lat="37.978652" lon="-5.014906"><ele>411.3</ele></trkpt>
    <trkpt lat="37.978598" lon="-5.014787"><ele>411.3</ele></trkpt>
    <trkpt lat="37.977767" lon="-5.014454"><ele>411.9</ele></trkpt>
    <trkpt lat="37.977027" lon="-5.013718"><ele>414.5</ele></trkpt>
    <trkpt lat="37.976907" lon="-5.013294"><ele>415.5</ele></trkpt>
    <trkpt lat="37.976908" lon="-5.012912"><ele>416.1</ele></trkpt>
    <trkpt lat="37.976295" lon="-5.011928"><ele>417.7</ele></trkpt>
    <trkpt lat="37.975789" lon="-5.010377"><ele>420.7</ele></trkpt>
    <trkpt lat="37.975417" lon="-5.009989"><ele>421.7</ele></trkpt>
    <trkpt lat="37.9749" lon="-5.009741"><ele>421.9</ele></trkpt>
    <trkpt lat="37.974435" lon="-5.00929"><ele>420.8</ele></trkpt>
    <trkpt lat="37.974063" lon="-5.008127"><ele>417</ele></trkpt>
    <trkpt lat="37.973818" lon="-5.007442"><ele>413.9</ele></trkpt>
    <trkpt lat="37.973815" lon="-5.006991"><ele>411.9</ele></trkpt>
    <trkpt lat="37.973748" lon="-5.006879"><ele>411.3</ele></trkpt>
    <trkpt lat="37.973409" lon="-5.006709"><ele>409.2</ele></trkpt>
    <trkpt lat="37.973202" lon="-5.006513"><ele>407.5</ele></trkpt>
    <trkpt lat="37.973056" lon="-5.006155"><ele>405.3</ele></trkpt>
    <trkpt lat="37.972648" lon="-5.005786"><ele>401.6</ele></trkpt>
    <trkpt lat="37.972439" lon="-5.005198"><ele>397.5</ele></trkpt>
    <trkpt lat="37.971999" lon="-5.004838"><ele>393</ele></trkpt>
    <trkpt lat="37.971885" lon="-5.004421"><ele>389.9</ele></trkpt>
    <trkpt lat="37.971857" lon="-5.004029"><ele>387</ele></trkpt>
    <trkpt lat="37.971586" lon="-5.003299"><ele>380.7</ele></trkpt>
    <trkpt lat="37.971421" lon="-5.003247"><ele>378.8</ele></trkpt>
    <trkpt lat="37.97114" lon="-5.003289"><ele>375.7</ele></trkpt>
    <trkpt lat="37.970689" lon="-5.0031"><ele>370.2</ele></trkpt>
    <trkpt lat="37.970242" lon="-5.002754"><ele>364.5</ele></trkpt>
    <trkpt lat="37.970098" lon="-5.002311"><ele>360.7</ele></trkpt>
    <trkpt lat="37.970062" lon="-5.001654"><ele>355.7</ele></trkpt>
    <trkpt lat="37.969794" lon="-5.001279"><ele>351.8</ele></trkpt>
    <trkpt lat="37.969625" lon="-5.000644"><ele>346.5</ele></trkpt>
    <trkpt lat="37.969372" lon="-5.000476"><ele>343.4</ele></trkpt>
    <trkpt lat="37.968576" lon="-4.999657"><ele>332.7</ele></trkpt>
    <trkpt lat="37.9685" lon="-4.999508"><ele>331.4</ele></trkpt>
    <trkpt lat="37.96857" lon="-4.999274"><ele>329.7</ele></trkpt>
    <trkpt lat="37.968694" lon="-4.999164"><ele>328.4</ele></trkpt>
    <trkpt lat="37.968734" lon="-4.99906"><ele>327.6</ele></trkpt>
    <trkpt lat="37.968672" lon="-4.998898"><ele>326.6</ele></trkpt>
    <trkpt lat="37.968568" lon="-4.998813"><ele>325.7</ele></trkpt>
    <trkpt lat="37.968482" lon="-4.998799"><ele>325.1</ele></trkpt>
    <trkpt lat="37.968288" lon="-4.998692"><ele>323.7</ele></trkpt>
    <trkpt lat="37.968163" lon="-4.998497"><ele>322.3</ele></trkpt>
    <trkpt lat="37.967947" lon="-4.997497"><ele>316.5</ele></trkpt>
    <trkpt lat="37.967587" lon="-4.993944"><ele>292.6</ele></trkpt>
    <trkpt lat="37.967616" lon="-4.993565"><ele>290.5</ele></trkpt>
    <trkpt lat="37.967539" lon="-4.992647"><ele>287.3</ele></trkpt>
    <trkpt lat="37.967553" lon="-4.992469"><ele>287.1</ele></trkpt>
    <trkpt lat="37.967686" lon="-4.99171"><ele>288.3</ele></trkpt>
    <trkpt lat="37.967683" lon="-4.991553"><ele>288.9</ele></trkpt>
    <trkpt lat="37.967656" lon="-4.991433"><ele>289.5</ele></trkpt>
    <trkpt lat="37.967606" lon="-4.991369"><ele>289.9</ele></trkpt>
    <trkpt lat="37.967541" lon="-4.991329"><ele>290.4</ele></trkpt>
    <trkpt lat="37.967293" lon="-4.991288"><ele>292.4</ele></trkpt>
    <trkpt lat="37.967234" lon="-4.991255"><ele>293</ele></trkpt>
    <trkpt lat="37.967179" lon="-4.99119"><ele>293.6</ele></trkpt>
    <trkpt lat="37.967155" lon="-4.991079"><ele>294.5</ele></trkpt>
    <trkpt lat="37.967342" lon="-4.989007"><ele>310.1</ele></trkpt>
    <trkpt lat="37.967601" lon="-4.987971"><ele>315.8</ele></trkpt>
    <trkpt lat="37.967547" lon="-4.987368"><ele>318.8</ele></trkpt>
    <trkpt lat="37.967427" lon="-4.987082"><ele>320.4</ele></trkpt>
    <trkpt lat="37.966816" lon="-4.986348"><ele>326</ele></trkpt>
    <trkpt lat="37.966683" lon="-4.986245"><ele>326.9</ele></trkpt>
    <trkpt lat="37.966615" lon="-4.986098"><ele>327.7</ele></trkpt>
    <trkpt lat="37.966651" lon="-4.985983"><ele>328.3</ele></trkpt>
    <trkpt lat="37.9669" lon="-4.985733"><ele>330.2</ele></trkpt>
    <trkpt lat="37.96696" lon="-4.985572"><ele>331.1</ele></trkpt>
    <trkpt lat="37.966876" lon="-4.985368"><ele>332.3</ele></trkpt>
    <trkpt lat="37.966767" lon="-4.985212"><ele>333.4</ele></trkpt>
    <trkpt lat="37.966968" lon="-4.984018"><ele>341</ele></trkpt>
    <trkpt lat="37.967231" lon="-4.983493"><ele>343.7</ele></trkpt>
    <trkpt lat="37.967429" lon="-4.983168"><ele>344.3</ele></trkpt>
    <trkpt lat="37.967486" lon="-4.982856"><ele>344.3</ele></trkpt>
    <trkpt lat="37.967561" lon="-4.982771"><ele>344.2</ele></trkpt>
    <trkpt lat="37.967659" lon="-4.982758"><ele>344.2</ele></trkpt>
    <trkpt lat="37.968269" lon="-4.983048"><ele>343.8</ele></trkpt>
    <trkpt lat="37.968527" lon="-4.982889"><ele>344.2</ele></trkpt>
    <trkpt lat="37.968925" lon="-4.982242"><ele>347.7</ele></trkpt>
    <trkpt lat="37.968985" lon="-4.981981"><ele>349.8</ele></trkpt>
    <trkpt lat="37.969018" lon="-4.981376"><ele>354.7</ele></trkpt>
    <trkpt lat="37.968977" lon="-4.980969"><ele>357.8</ele></trkpt>
    <trkpt lat="37.96868" lon="-4.980334"><ele>362.8</ele></trkpt>
    <trkpt lat="37.968616" lon="-4.980032"><ele>365.1</ele></trkpt>
    <trkpt lat="37.968672" lon="-4.979685"><ele>368</ele></trkpt>
    <trkpt lat="37.968538" lon="-4.979423"><ele>370.9</ele></trkpt>
    <trkpt lat="37.968356" lon="-4.979393"><ele>373.2</ele></trkpt>
    <trkpt lat="37.967484" lon="-4.979507"><ele>383.7</ele></trkpt>
    <trkpt lat="37.967365" lon="-4.979559"><ele>385</ele></trkpt>
    <trkpt lat="37.967305" lon="-4.979506"><ele>385.8</ele></trkpt>
    <trkpt lat="37.967233" lon="-4.979017"><ele>389.3</ele></trkpt>
    <trkpt lat="37.967515" lon="-4.97859"><ele>391.6</ele></trkpt>
    <trkpt lat="37.967578" lon="-4.978198"><ele>392.2</ele></trkpt>
    <trkpt lat="37.967208" lon="-4.977781"><ele>392.4</ele></trkpt>
    <trkpt lat="37.967149" lon="-4.976996"><ele>393.9</ele></trkpt>
    <trkpt lat="37.96695" lon="-4.97655"><ele>395.7</ele></trkpt>
    <trkpt lat="37.966789" lon="-4.97643"><ele>396.7</ele></trkpt>
    <trkpt lat="37.966417" lon="-4.976561"><ele>399.1</ele></trkpt>
    <trkpt lat="37.966244" lon="-4.976582"><ele>400.3</ele></trkpt>
    <trkpt lat="37.965961" lon="-4.976463"><ele>402.7</ele></trkpt>
    <trkpt lat="37.965828" lon="-4.976045"><ele>406.1</ele></trkpt>
    <trkpt lat="37.965696" lon="-4.975913"><ele>407.6</ele></trkpt>
    <trkpt lat="37.965525" lon="-4.975832"><ele>409.1</ele></trkpt>
    <trkpt lat="37.965487" lon="-4.975611"><ele>410.6</ele></trkpt>
    <trkpt lat="37.9655" lon="-4.97535"><ele>412.3</ele></trkpt>
    <trkpt lat="37.965453" lon="-4.975108"><ele>413.9</ele></trkpt>
    <trkpt lat="37.965368" lon="-4.975037"><ele>414.8</ele></trkpt>
    <trkpt lat="37.965131" lon="-4.975018"><ele>416.7</ele></trkpt>
    <trkpt lat="37.965063" lon="-4.974935"><ele>417.5</ele></trkpt>
    <trkpt lat="37.965024" lon="-4.974602"><ele>419.9</ele></trkpt>
    <trkpt lat="37.964849" lon="-4.974284"><ele>422.6</ele></trkpt>
    <trkpt lat="37.964177" lon="-4.973646"><ele>428.8</ele></trkpt>
    <trkpt lat="37.963761" lon="-4.972601"><ele>431.6</ele></trkpt>
    <trkpt lat="37.963685" lon="-4.97227"><ele>430.7</ele></trkpt>
    <trkpt lat="37.963767" lon="-4.971992"><ele>429.7</ele></trkpt>
    <trkpt lat="37.963985" lon="-4.97154"><ele>427.5</ele></trkpt>
    <trkpt lat="37.964007" lon="-4.971407"><ele>426.7</ele></trkpt>
    <trkpt lat="37.9639" lon="-4.971291"><ele>425.8</ele></trkpt>
    <trkpt lat="37.963663" lon="-4.971245"><ele>424.1</ele></trkpt>
    <trkpt lat="37.963416" lon="-4.97132"><ele>422.4</ele></trkpt>
    <trkpt lat="37.962836" lon="-4.971128"><ele>418.6</ele></trkpt>
    <trkpt lat="37.962507" lon="-4.971166"><ele>416.8</ele></trkpt>
    <trkpt lat="37.962163" lon="-4.971356"><ele>414.1</ele></trkpt>
    <trkpt lat="37.961769" lon="-4.971321"><ele>410.7</ele></trkpt>
    <trkpt lat="37.961576" lon="-4.970824"><ele>406.3</ele></trkpt>
    <trkpt lat="37.961499" lon="-4.970298"><ele>401.7</ele></trkpt>
    <trkpt lat="37.961456" lon="-4.970223"><ele>400.8</ele></trkpt>
    <trkpt lat="37.961363" lon="-4.970183"><ele>399.6</ele></trkpt>
    <trkpt lat="37.961256" lon="-4.970203"><ele>398.4</ele></trkpt>
    <trkpt lat="37.961188" lon="-4.970273"><ele>397.3</ele></trkpt>
    <trkpt lat="37.96101" lon="-4.970551"><ele>394.2</ele></trkpt>
    <trkpt lat="37.960687" lon="-4.970607"><ele>390.9</ele></trkpt>
    <trkpt lat="37.9605" lon="-4.970917"><ele>388.1</ele></trkpt>
    <trkpt lat="37.960327" lon="-4.971403"><ele>385</ele></trkpt>
    <trkpt lat="37.960334" lon="-4.971579"><ele>384.1</ele></trkpt>
    <trkpt lat="37.960396" lon="-4.971649"><ele>383.6</ele></trkpt>
    <trkpt lat="37.960574" lon="-4.971758"><ele>382.7</ele></trkpt>
    <trkpt lat="37.960573" lon="-4.971867"><ele>382.3</ele></trkpt>
    <trkpt lat="37.960446" lon="-4.972308"><ele>381.8</ele></trkpt>
    <trkpt lat="37.960424" lon="-4.972571"><ele>381.8</ele></trkpt>
    <trkpt lat="37.960467" lon="-4.972773"><ele>382</ele></trkpt>
    <trkpt lat="37.960586" lon="-4.972888"><ele>382.1</ele></trkpt>
    <trkpt lat="37.960825" lon="-4.972891"><ele>382.3</ele></trkpt>
    <trkpt lat="37.961244" lon="-4.973217"><ele>382.1</ele></trkpt>
    <trkpt lat="37.961262" lon="-4.973329"><ele>382</ele></trkpt>
    <trkpt lat="37.961233" lon="-4.973407"><ele>382</ele></trkpt>
    <trkpt lat="37.960991" lon="-4.973701"><ele>381.5</ele></trkpt>
    <trkpt lat="37.960912" lon="-4.973864"><ele>381.1</ele></trkpt>
    <trkpt lat="37.96086" lon="-4.973913"><ele>380.9</ele></trkpt>
    <trkpt lat="37.960776" lon="-4.973901"><ele>380.6</ele></trkpt>
    <trkpt lat="37.960592" lon="-4.973807"><ele>379.6</ele></trkpt>
    <trkpt lat="37.960472" lon="-4.97384"><ele>378.8</ele></trkpt>
    <trkpt lat="37.960287" lon="-4.974576"><ele>373.1</ele></trkpt>
    <trkpt lat="37.960236" lon="-4.974618"><ele>372.4</ele></trkpt>
    <trkpt lat="37.960147" lon="-4.974589"><ele>371.4</ele></trkpt>
    <trkpt lat="37.959923" lon="-4.974008"><ele>366</ele></trkpt>
    <trkpt lat="37.959873" lon="-4.973946"><ele>365.3</ele></trkpt>
    <trkpt lat="37.959393" lon="-4.97368"><ele>360.2</ele></trkpt>
    <trkpt lat="37.959305" lon="-4.973691"><ele>359.4</ele></trkpt>
    <trkpt lat="37.959231" lon="-4.973768"><ele>358.6</ele></trkpt>
    <trkpt lat="37.959142" lon="-4.973902"><ele>357.5</ele></trkpt>
    <trkpt lat="37.959034" lon="-4.974187"><ele>355.8</ele></trkpt>
    <trkpt lat="37.95891" lon="-4.974314"><ele>354.8</ele></trkpt>
    <trkpt lat="37.958807" lon="-4.974319"><ele>354.3</ele></trkpt>
    <trkpt lat="37.958581" lon="-4.97404"><ele>352.8</ele></trkpt>
    <trkpt lat="37.958511" lon="-4.973973"><ele>352.4</ele></trkpt>
    <trkpt lat="37.958434" lon="-4.973949"><ele>352</ele></trkpt>
    <trkpt lat="37.958367" lon="-4.973979"><ele>351.7</ele></trkpt>
    <trkpt lat="37.958153" lon="-4.974212"><ele>349.8</ele></trkpt>
    <trkpt lat="37.958019" lon="-4.974316"><ele>348.5</ele></trkpt>
    <trkpt lat="37.957939" lon="-4.974338"><ele>347.7</ele></trkpt>
    <trkpt lat="37.957824" lon="-4.974261"><ele>346.2</ele></trkpt>
    <trkpt lat="37.957725" lon="-4.973972"><ele>343.1</ele></trkpt>
    <trkpt lat="37.957632" lon="-4.973842"><ele>341.2</ele></trkpt>
    <trkpt lat="37.9575" lon="-4.97374"><ele>339</ele></trkpt>
    <trkpt lat="37.957296" lon="-4.973623"><ele>335.8</ele></trkpt>
    <trkpt lat="37.957235" lon="-4.973588"><ele>334.8</ele></trkpt>
    <trkpt lat="37.956912" lon="-4.973494"><ele>330.6</ele></trkpt>
    <trkpt lat="37.956596" lon="-4.973347"><ele>327.1</ele></trkpt>
    <trkpt lat="37.956484" lon="-4.973321"><ele>326.1</ele></trkpt>
    <trkpt lat="37.956404" lon="-4.973349"><ele>325.4</ele></trkpt>
    <trkpt lat="37.956316" lon="-4.973446"><ele>324.6</ele></trkpt>
    <trkpt lat="37.956251" lon="-4.973595"><ele>323.8</ele></trkpt>
    <trkpt lat="37.956123" lon="-4.974075"><ele>322.4</ele></trkpt>
    <trkpt lat="37.956115" lon="-4.974313"><ele>322.1</ele></trkpt>
    <trkpt lat="37.956091" lon="-4.974369"><ele>322</ele></trkpt>
    <trkpt lat="37.956034" lon="-4.974413"><ele>322</ele></trkpt>
    <trkpt lat="37.955599" lon="-4.974454"><ele>321.9</ele></trkpt>
    <trkpt lat="37.955452" lon="-4.974705"><ele>321.9</ele></trkpt>
    <trkpt lat="37.955387" lon="-4.974751"><ele>321.8</ele></trkpt>
    <trkpt lat="37.955074" lon="-4.974748"><ele>321.5</ele></trkpt>
    <trkpt lat="37.954639" lon="-4.974887"><ele>320.9</ele></trkpt>
    <trkpt lat="37.954503" lon="-4.974894"><ele>320.8</ele></trkpt>
    <trkpt lat="37.954293" lon="-4.974824"><ele>320.8</ele></trkpt>
    <trkpt lat="37.954171" lon="-4.974686"><ele>320.8</ele></trkpt>
    <trkpt lat="37.954126" lon="-4.97458"><ele>320.9</ele></trkpt>
    <trkpt lat="37.954089" lon="-4.974449"><ele>320.9</ele></trkpt>
    <trkpt lat="37.954051" lon="-4.974112"><ele>321</ele></trkpt>
    <trkpt lat="37.954012" lon="-4.974028"><ele>321</ele></trkpt>
    <trkpt lat="37.953967" lon="-4.973978"><ele>320.9</ele></trkpt>
    <trkpt lat="37.953903" lon="-4.973955"><ele>320.9</ele></trkpt>
    <trkpt lat="37.95365" lon="-4.973936"><ele>320.3</ele></trkpt>
    <trkpt lat="37.953437" lon="-4.97386"><ele>319.4</ele></trkpt>
    <trkpt lat="37.953306" lon="-4.973691"><ele>318.3</ele></trkpt>
    <trkpt lat="37.953128" lon="-4.973235"><ele>314.9</ele></trkpt>
    <trkpt lat="37.952868" lon="-4.973039"><ele>311.2</ele></trkpt>
    <trkpt lat="37.952781" lon="-4.97292"><ele>309.5</ele></trkpt>
    <trkpt lat="37.952685" lon="-4.97272"><ele>306.7</ele></trkpt>
    <trkpt lat="37.952692" lon="-4.972373"><ele>302.1</ele></trkpt>
    <trkpt lat="37.952647" lon="-4.972234"><ele>300</ele></trkpt>
    <trkpt lat="37.952507" lon="-4.972146"><ele>297.1</ele></trkpt>
    <trkpt lat="37.95197" lon="-4.972005"><ele>287.3</ele></trkpt>
    <trkpt lat="37.951778" lon="-4.97191"><ele>284.2</ele></trkpt>
    <trkpt lat="37.951305" lon="-4.971439"><ele>278.6</ele></trkpt>
    <trkpt lat="37.951233" lon="-4.971318"><ele>278.1</ele></trkpt>
    <trkpt lat="37.951245" lon="-4.971191"><ele>277.7</ele></trkpt>
    <trkpt lat="37.951351" lon="-4.971115"><ele>277.4</ele></trkpt>
    <trkpt lat="37.951416" lon="-4.971134"><ele>277.3</ele></trkpt>
    <trkpt lat="37.951472" lon="-4.971194"><ele>277.2</ele></trkpt>
    <trkpt lat="37.951586" lon="-4.971453"><ele>277.3</ele></trkpt>
    <trkpt lat="37.951764" lon="-4.971712"><ele>278</ele></trkpt>
    <trkpt lat="37.951889" lon="-4.971785"><ele>278.6</ele></trkpt>
    <trkpt lat="37.952428" lon="-4.971808"><ele>281.8</ele></trkpt>
    <trkpt lat="37.952816" lon="-4.971775"><ele>283.9</ele></trkpt>
    <trkpt lat="37.95291" lon="-4.971785"><ele>284.2</ele></trkpt>
    <trkpt lat="37.952989" lon="-4.971834"><ele>284.6</ele></trkpt>
    <trkpt lat="37.953049" lon="-4.971914"><ele>284.8</ele></trkpt>
    <trkpt lat="37.953133" lon="-4.972114"><ele>285.2</ele></trkpt>
    <trkpt lat="37.953155" lon="-4.972229"><ele>285.3</ele></trkpt>
    <trkpt lat="37.953153" lon="-4.972422"><ele>285.4</ele></trkpt>
    <trkpt lat="37.953206" lon="-4.972554"><ele>285.5</ele></trkpt>
    <trkpt lat="37.953621" lon="-4.9727"><ele>285.7</ele></trkpt>
    <trkpt lat="37.953709" lon="-4.972813"><ele>285.6</ele></trkpt>
    <trkpt lat="37.953838" lon="-4.973088"><ele>285.3</ele></trkpt>
    <trkpt lat="37.953936" lon="-4.973098"><ele>285.2</ele></trkpt>
    <trkpt lat="37.954133" lon="-4.97291"><ele>284.5</ele></trkpt>
    <trkpt lat="37.954222" lon="-4.972869"><ele>284.1</ele></trkpt>
    <trkpt lat="37.954416" lon="-4.9731"><ele>282.9</ele></trkpt>
    <trkpt lat="37.954702" lon="-4.97331"><ele>281</ele></trkpt>
    <trkpt lat="37.954783" lon="-4.973331"><ele>280.6</ele></trkpt>
    <trkpt lat="37.955163" lon="-4.973304"><ele>278.4</ele></trkpt>
    <trkpt lat="37.955261" lon="-4.9732"><ele>277.7</ele></trkpt>
    <trkpt lat="37.95528" lon="-4.973119"><ele>277.3</ele></trkpt>
    <trkpt lat="37.955274" lon="-4.973068"><ele>277</ele></trkpt>
    <trkpt lat="37.955207" lon="-4.97299"><ele>276.4</ele></trkpt>
    <trkpt lat="37.954748" lon="-4.972698"><ele>272.9</ele></trkpt>
    <trkpt lat="37.954644" lon="-4.97234"><ele>270.6</ele></trkpt>
    <trkpt lat="37.954607" lon="-4.972272"><ele>270.1</ele></trkpt>
    <trkpt lat="37.954537" lon="-4.972213"><ele>269.5</ele></trkpt>
    <trkpt lat="37.954426" lon="-4.97219"><ele>268.6</ele></trkpt>
    <trkpt lat="37.954216" lon="-4.972218"><ele>266.9</ele></trkpt>
    <trkpt lat="37.954129" lon="-4.972198"><ele>266.2</ele></trkpt>
    <trkpt lat="37.953893" lon="-4.971997"><ele>263.9</ele></trkpt>
    <trkpt lat="37.953784" lon="-4.971768"><ele>262.1</ele></trkpt>
    <trkpt lat="37.953745" lon="-4.971371"><ele>259.2</ele></trkpt>
    <trkpt lat="37.953637" lon="-4.970925"><ele>255.5</ele></trkpt>
    <trkpt lat="37.953563" lon="-4.970798"><ele>254.3</ele></trkpt>
    <trkpt lat="37.953497" lon="-4.970763"><ele>253.6</ele></trkpt>
    <trkpt lat="37.953124" lon="-4.970705"><ele>249.8</ele></trkpt>
    <trkpt lat="37.952993" lon="-4.970651"><ele>248.3</ele></trkpt>
    <trkpt lat="37.952907" lon="-4.97057"><ele>247.2</ele></trkpt>
    <trkpt lat="37.952858" lon="-4.970476"><ele>246.3</ele></trkpt>
    <trkpt lat="37.952852" lon="-4.970396"><ele>245.7</ele></trkpt>
    <trkpt lat="37.952889" lon="-4.970171"><ele>243.9</ele></trkpt>
    <trkpt lat="37.95301" lon="-4.969771"><ele>240.7</ele></trkpt>
    <trkpt lat="37.953059" lon="-4.969526"><ele>238.7</ele></trkpt>
    <trkpt lat="37.953046" lon="-4.969442"><ele>238.1</ele></trkpt>
    <trkpt lat="37.952968" lon="-4.96929"><ele>236.6</ele></trkpt>
    <trkpt lat="37.952786" lon="-4.969199"><ele>234.7</ele></trkpt>
    <trkpt lat="37.952494" lon="-4.96913"><ele>231.6</ele></trkpt>
    <trkpt lat="37.952387" lon="-4.969074"><ele>230.3</ele></trkpt>
    <trkpt lat="37.95215" lon="-4.968876"><ele>227.1</ele></trkpt>
    <trkpt lat="37.951936" lon="-4.96877"><ele>224.5</ele></trkpt>
    <trkpt lat="37.95099" lon="-4.968532"><ele>213.3</ele></trkpt>
    <trkpt lat="37.950925" lon="-4.968474"><ele>212.4</ele></trkpt>
    <trkpt lat="37.950869" lon="-4.968377"><ele>211.3</ele></trkpt>
    <trkpt lat="37.95085" lon="-4.968189"><ele>209.6</ele></trkpt>
    <trkpt lat="37.95093" lon="-4.967857"><ele>206.5</ele></trkpt>
    <trkpt lat="37.950944" lon="-4.967764"><ele>205.7</ele></trkpt>
    <trkpt lat="37.950929" lon="-4.967676"><ele>204.9</ele></trkpt>
    <trkpt lat="37.950796" lon="-4.967283"><ele>201.3</ele></trkpt>
    <trkpt lat="37.950666" lon="-4.966744"><ele>197.1</ele></trkpt>
    <trkpt lat="37.950451" lon="-4.966317"><ele>194</ele></trkpt>
    <trkpt lat="37.950433" lon="-4.966124"><ele>192.9</ele></trkpt>
    <trkpt lat="37.950469" lon="-4.965974"><ele>192.2</ele></trkpt>
    <trkpt lat="37.950575" lon="-4.965714"><ele>190.9</ele></trkpt>
    <trkpt lat="37.950641" lon="-4.965625"><ele>190.5</ele></trkpt>
    <trkpt lat="37.950757" lon="-4.965563"><ele>190.1</ele></trkpt>
    <trkpt lat="37.950775" lon="-4.965267"><ele>189.5</ele></trkpt>
    <trkpt lat="37.950737" lon="-4.964948"><ele>189.3</ele></trkpt>
    <trkpt lat="37.95078" lon="-4.964722"><ele>189.4</ele></trkpt>
    <trkpt lat="37.951015" lon="-4.964193"><ele>190</ele></trkpt>
    <trkpt lat="37.951426" lon="-4.963564"><ele>192.3</ele></trkpt>
    <trkpt lat="37.951457" lon="-4.963446"><ele>192.9</ele></trkpt>
    <trkpt lat="37.951442" lon="-4.963393"><ele>193.2</ele></trkpt>
    <trkpt lat="37.951113" lon="-4.963006"><ele>196</ele></trkpt>
    <trkpt lat="37.950952" lon="-4.962858"><ele>197.2</ele></trkpt>
    <trkpt lat="37.950771" lon="-4.962801"><ele>198.3</ele></trkpt>
    <trkpt lat="37.950611" lon="-4.962807"><ele>199.1</ele></trkpt>
    <trkpt lat="37.950446" lon="-4.962894"><ele>200.1</ele></trkpt>
    <trkpt lat="37.9503" lon="-4.963041"><ele>201.2</ele></trkpt>
    <trkpt lat="37.949837" lon="-4.963797"><ele>205.6</ele></trkpt>
    <trkpt lat="37.949714" lon="-4.963891"><ele>206.3</ele></trkpt>
    <trkpt lat="37.949179" lon="-4.963839"><ele>208.9</ele></trkpt>
    <trkpt lat="37.949102" lon="-4.963795"><ele>209.4</ele></trkpt>
    <trkpt lat="37.948913" lon="-4.963576"><ele>211</ele></trkpt>
    <trkpt lat="37.948834" lon="-4.963546"><ele>211.6</ele></trkpt>
    <trkpt lat="37.948729" lon="-4.963593"><ele>212.4</ele></trkpt>
    <trkpt lat="37.948682" lon="-4.963714"><ele>213.3</ele></trkpt>
    <trkpt lat="37.948673" lon="-4.963919"><ele>214.6</ele></trkpt>
    <trkpt lat="37.948706" lon="-4.964435"><ele>217.7</ele></trkpt>
    <trkpt lat="37.94867" lon="-4.964578"><ele>218.5</ele></trkpt>
    <trkpt lat="37.948622" lon="-4.964636"><ele>218.9</ele></trkpt>
    <trkpt lat="37.948043" lon="-4.964921"><ele>222.1</ele></trkpt>
    <trkpt lat="37.947945" lon="-4.964992"><ele>222.5</ele></trkpt>
    <trkpt lat="37.947899" lon="-4.965103"><ele>222.9</ele></trkpt>
    <trkpt lat="37.947913" lon="-4.965241"><ele>223.3</ele></trkpt>
    <trkpt lat="37.948039" lon="-4.965572"><ele>224.2</ele></trkpt>
    <trkpt lat="37.948032" lon="-4.965691"><ele>224.4</ele></trkpt>
    <trkpt lat="37.948004" lon="-4.965746"><ele>224.6</ele></trkpt>
    <trkpt lat="37.94793" lon="-4.965797"><ele>224.8</ele></trkpt>
    <trkpt lat="37.947599" lon="-4.965938"><ele>225.7</ele></trkpt>
    <trkpt lat="37.947549" lon="-4.965985"><ele>225.9</ele></trkpt>
    <trkpt lat="37.947433" lon="-4.966273"><ele>227</ele></trkpt>
    <trkpt lat="37.947353" lon="-4.966356"><ele>227.6</ele></trkpt>
    <trkpt lat="37.947188" lon="-4.96638"><ele>228.6</ele></trkpt>
    <trkpt lat="37.947077" lon="-4.966316"><ele>229.5</ele></trkpt>
    <trkpt lat="37.946957" lon="-4.966175"><ele>230.9</ele></trkpt>
    <trkpt lat="37.94643" lon="-4.965338"><ele>240.4</ele></trkpt>
    <trkpt lat="37.946104" lon="-4.965031"><ele>244.9</ele></trkpt>
    <trkpt lat="37.945999" lon="-4.964959"><ele>246.1</ele></trkpt>
    <trkpt lat="37.945906" lon="-4.964933"><ele>247</ele></trkpt>
    <trkpt lat="37.945704" lon="-4.964965"><ele>248.7</ele></trkpt>
    <trkpt lat="37.945622" lon="-4.965015"><ele>249.4</ele></trkpt>
    <trkpt lat="37.945569" lon="-4.965093"><ele>250</ele></trkpt>
    <trkpt lat="37.945539" lon="-4.965213"><ele>250.6</ele></trkpt>
    <trkpt lat="37.94554" lon="-4.965402"><ele>251.5</ele></trkpt>
    <trkpt lat="37.945565" lon="-4.965836"><ele>253.3</ele></trkpt>
    <trkpt lat="37.945728" lon="-4.966744"><ele>257.6</ele></trkpt>
    <trkpt lat="37.945729" lon="-4.966966"><ele>258.8</ele></trkpt>
    <trkpt lat="37.945677" lon="-4.967195"><ele>260.2</ele></trkpt>
    <trkpt lat="37.945584" lon="-4.967301"><ele>261.1</ele></trkpt>
    <trkpt lat="37.945471" lon="-4.967325"><ele>262</ele></trkpt>
    <trkpt lat="37.945351" lon="-4.967295"><ele>262.9</ele></trkpt>
    <trkpt lat="37.945268" lon="-4.967209"><ele>263.8</ele></trkpt>
    <trkpt lat="37.945218" lon="-4.967044"><ele>265</ele></trkpt>
    <trkpt lat="37.944805" lon="-4.965122"><ele>275.9</ele></trkpt>
    <trkpt lat="37.94474" lon="-4.964647"><ele>277.7</ele></trkpt>
    <trkpt lat="37.944744" lon="-4.964217"><ele>279.3</ele></trkpt>
    <trkpt lat="37.944904" lon="-4.963567"><ele>282.1</ele></trkpt>
    <trkpt lat="37.944968" lon="-4.963469"><ele>282.7</ele></trkpt>
    <trkpt lat="37.945026" lon="-4.963428"><ele>283.1</ele></trkpt>
    <trkpt lat="37.945298" lon="-4.963319"><ele>284.8</ele></trkpt>
    <trkpt lat="37.945368" lon="-4.963247"><ele>285.3</ele></trkpt>
    <trkpt lat="37.945407" lon="-4.963125"><ele>286</ele></trkpt>
    <trkpt lat="37.945413" lon="-4.962986"><ele>286.6</ele></trkpt>
    <trkpt lat="37.945365" lon="-4.962583"><ele>288</ele></trkpt>
    <trkpt lat="37.945372" lon="-4.962503"><ele>288.2</ele></trkpt>
    <trkpt lat="37.945411" lon="-4.962412"><ele>288.5</ele></trkpt>
    <trkpt lat="37.945455" lon="-4.962376"><ele>288.6</ele></trkpt>
    <trkpt lat="37.945542" lon="-4.962363"><ele>288.9</ele></trkpt>
    <trkpt lat="37.945939" lon="-4.962377"><ele>290.1</ele></trkpt>
    <trkpt lat="37.946034" lon="-4.962392"><ele>290.4</ele></trkpt>
    <trkpt lat="37.946152" lon="-4.962453"><ele>290.7</ele></trkpt>
    <trkpt lat="37.946259" lon="-4.962598"><ele>291.1</ele></trkpt>
    <trkpt lat="37.946367" lon="-4.96284"><ele>291.7</ele></trkpt>
    <trkpt lat="37.946453" lon="-4.962928"><ele>292</ele></trkpt>
    <trkpt lat="37.946543" lon="-4.962965"><ele>292.2</ele></trkpt>
    <trkpt lat="37.946653" lon="-4.962953"><ele>292.6</ele></trkpt>
    <trkpt lat="37.946744" lon="-4.962869"><ele>292.9</ele></trkpt>
    <trkpt lat="37.947178" lon="-4.962022"><ele>298.5</ele></trkpt>
    <trkpt lat="37.947169" lon="-4.961799"><ele>300.5</ele></trkpt>
    <trkpt lat="37.947131" lon="-4.961713"><ele>301.5</ele></trkpt>
    <trkpt lat="37.947061" lon="-4.961641"><ele>302.7</ele></trkpt>
    <trkpt lat="37.946837" lon="-4.961513"><ele>305.9</ele></trkpt>
    <trkpt lat="37.946688" lon="-4.961342"><ele>308.5</ele></trkpt>
    <trkpt lat="37.946555" lon="-4.961127"><ele>311.4</ele></trkpt>
    <trkpt lat="37.94631" lon="-4.960647"><ele>316.7</ele></trkpt>
    <trkpt lat="37.94605" lon="-4.959969"><ele>321.2</ele></trkpt>
    <trkpt lat="37.946038" lon="-4.959858"><ele>321.7</ele></trkpt>
    <trkpt lat="37.946058" lon="-4.95976"><ele>322.1</ele></trkpt>
    <trkpt lat="37.946117" lon="-4.959691"><ele>322.5</ele></trkpt>
    <trkpt lat="37.946783" lon="-4.959445"><ele>325.4</ele></trkpt>
    <trkpt lat="37.946896" lon="-4.959376"><ele>325.9</ele></trkpt>
    <trkpt lat="37.946956" lon="-4.959293"><ele>326.3</ele></trkpt>
    <trkpt lat="37.946973" lon="-4.959175"><ele>326.6</ele></trkpt>
    <trkpt lat="37.946992" lon="-4.95869"><ele>328.5</ele></trkpt>
    <trkpt lat="37.947032" lon="-4.958511"><ele>329.4</ele></trkpt>
    <trkpt lat="37.947098" lon="-4.958425"><ele>330</ele></trkpt>
    <trkpt lat="37.947267" lon="-4.958363"><ele>331.3</ele></trkpt>
    <trkpt lat="37.948166" lon="-4.957538"><ele>336.9</ele></trkpt>
    <trkpt lat="37.948245" lon="-4.957527"><ele>337.1</ele></trkpt>
    <trkpt lat="37.948321" lon="-4.957556"><ele>337.2</ele></trkpt>
    <trkpt lat="37.948398" lon="-4.957631"><ele>337.3</ele></trkpt>
    <trkpt lat="37.948533" lon="-4.957828"><ele>337.4</ele></trkpt>
    <trkpt lat="37.948786" lon="-4.958593"><ele>337.1</ele></trkpt>
    <trkpt lat="37.948855" lon="-4.958693"><ele>337</ele></trkpt>
    <trkpt lat="37.949238" lon="-4.958906"><ele>336.9</ele></trkpt>
    <trkpt lat="37.949493" lon="-4.959187"><ele>337.7</ele></trkpt>
    <trkpt lat="37.949653" lon="-4.95946"><ele>339.2</ele></trkpt>
    <trkpt lat="37.949792" lon="-4.959565"><ele>340.5</ele></trkpt>
    <trkpt lat="37.949936" lon="-4.959577"><ele>341.8</ele></trkpt>
    <trkpt lat="37.950008" lon="-4.959541"><ele>342.5</ele></trkpt>
    <trkpt lat="37.950055" lon="-4.959365"><ele>344.1</ele></trkpt>
    <trkpt lat="37.949866" lon="-4.958719"><ele>351.1</ele></trkpt>
    <trkpt lat="37.949873" lon="-4.958474"><ele>353.9</ele></trkpt>
    <trkpt lat="37.949994" lon="-4.95806"><ele>359</ele></trkpt>
    <trkpt lat="37.950329" lon="-4.957579"><ele>366.1</ele></trkpt>
    <trkpt lat="37.950505" lon="-4.956719"><ele>373.9</ele></trkpt>
    <trkpt lat="37.95055" lon="-4.956601"><ele>374.9</ele></trkpt>
    <trkpt lat="37.950671" lon="-4.956486"><ele>376.1</ele></trkpt>
    <trkpt lat="37.951003" lon="-4.956313"><ele>378.5</ele></trkpt>
    <trkpt lat="37.951141" lon="-4.956207"><ele>379.4</ele></trkpt>
    <trkpt lat="37.95136" lon="-4.95588"><ele>381</ele></trkpt>
    <trkpt lat="37.951465" lon="-4.955836"><ele>381.4</ele></trkpt>
    <trkpt lat="37.951867" lon="-4.95595"><ele>382.6</ele></trkpt>
    <trkpt lat="37.952047" lon="-4.955938"><ele>382.9</ele></trkpt>
    <trkpt lat="37.952782" lon="-4.955557"><ele>384.2</ele></trkpt>
    <trkpt lat="37.952878" lon="-4.955476"><ele>384.5</ele></trkpt>
    <trkpt lat="37.95293" lon="-4.955374"><ele>384.8</ele></trkpt>
    <trkpt lat="37.952954" lon="-4.955241"><ele>385.2</ele></trkpt>
    <trkpt lat="37.952941" lon="-4.955126"><ele>385.5</ele></trkpt>
    <trkpt lat="37.952912" lon="-4.955012"><ele>385.9</ele></trkpt>
    <trkpt lat="37.95262" lon="-4.954418"><ele>388.5</ele></trkpt>
    <trkpt lat="37.951982" lon="-4.954022"><ele>393.7</ele></trkpt>
    <trkpt lat="37.951778" lon="-4.953753"><ele>396.2</ele></trkpt>
    <trkpt lat="37.951697" lon="-4.953724"><ele>397</ele></trkpt>
    <trkpt lat="37.951616" lon="-4.95373"><ele>397.6</ele></trkpt>
    <trkpt lat="37.9514" lon="-4.953883"><ele>399.8</ele></trkpt>
    <trkpt lat="37.951307" lon="-4.953915"><ele>400.6</ele></trkpt>
    <trkpt lat="37.951115" lon="-4.953912"><ele>402.2</ele></trkpt>
    <trkpt lat="37.950932" lon="-4.953853"><ele>403.8</ele></trkpt>
    <trkpt lat="37.95085" lon="-4.953774"><ele>404.7</ele></trkpt>
    <trkpt lat="37.950657" lon="-4.953057"><ele>410.3</ele></trkpt>
    <trkpt lat="37.95058" lon="-4.952928"><ele>411.5</ele></trkpt>
    <trkpt lat="37.950379" lon="-4.952748"><ele>413.7</ele></trkpt>
    <trkpt lat="37.950232" lon="-4.9527"><ele>415.1</ele></trkpt>
    <trkpt lat="37.94998" lon="-4.952743"><ele>417.4</ele></trkpt>
    <trkpt lat="37.949844" lon="-4.952731"><ele>418.7</ele></trkpt>
    <trkpt lat="37.949741" lon="-4.952664"><ele>419.8</ele></trkpt>
    <trkpt lat="37.949678" lon="-4.952555"><ele>420.8</ele></trkpt>
    <trkpt lat="37.949631" lon="-4.952427"><ele>421.9</ele></trkpt>
    <trkpt lat="37.949597" lon="-4.952172"><ele>423.9</ele></trkpt>
    <trkpt lat="37.949645" lon="-4.951364"><ele>429.3</ele></trkpt>
    <trkpt lat="37.949622" lon="-4.951084"><ele>430.7</ele></trkpt>
    <trkpt lat="37.949524" lon="-4.950661"><ele>432.4</ele></trkpt>
    <trkpt lat="37.94956" lon="-4.950267"><ele>433.6</ele></trkpt>
    <trkpt lat="37.949523" lon="-4.949335"><ele>435.1</ele></trkpt>
    <trkpt lat="37.949446" lon="-4.948384"><ele>437.5</ele></trkpt>
    <trkpt lat="37.949389" lon="-4.948278"><ele>438</ele></trkpt>
    <trkpt lat="37.949327" lon="-4.948223"><ele>438.4</ele></trkpt>
    <trkpt lat="37.949175" lon="-4.948228"><ele>439.3</ele></trkpt>
    <trkpt lat="37.948307" lon="-4.948554"><ele>445.5</ele></trkpt>
    <trkpt lat="37.948118" lon="-4.948523"><ele>447.2</ele></trkpt>
    <trkpt lat="37.947659" lon="-4.948365"><ele>451.7</ele></trkpt>
    <trkpt lat="37.94735" lon="-4.948298"><ele>454.8</ele></trkpt>
    <trkpt lat="37.946289" lon="-4.948311"><ele>462.7</ele></trkpt>
    <trkpt lat="37.946205" lon="-4.948237"><ele>463.1</ele></trkpt>
    <trkpt lat="37.946152" lon="-4.948074"><ele>463.6</ele></trkpt>
    <trkpt lat="37.946233" lon="-4.947551"><ele>464.2</ele></trkpt>
    <trkpt lat="37.946506" lon="-4.946636"><ele>464.7</ele></trkpt>
    <trkpt lat="37.946511" lon="-4.946459"><ele>464.9</ele></trkpt>
    <trkpt lat="37.946407" lon="-4.946127"><ele>465.5</ele></trkpt>
    <trkpt lat="37.946337" lon="-4.946006"><ele>465.9</ele></trkpt>
    <trkpt lat="37.945967" lon="-4.94581"><ele>467.8</ele></trkpt>
    <trkpt lat="37.945838" lon="-4.945652"><ele>469</ele></trkpt>
    <trkpt lat="37.945792" lon="-4.945439"><ele>470.4</ele></trkpt>
    <trkpt lat="37.945696" lon="-4.945189"><ele>472.2</ele></trkpt>
    <trkpt lat="37.945602" lon="-4.945074"><ele>473.1</ele></trkpt>
    <trkpt lat="37.945175" lon="-4.944923"><ele>475.5</ele></trkpt>
    <trkpt lat="37.94503" lon="-4.944814"><ele>476.1</ele></trkpt>
    <trkpt lat="37.944931" lon="-4.944666"><ele>476.7</ele></trkpt>
    <trkpt lat="37.944884" lon="-4.944546"><ele>477</ele></trkpt>
    <trkpt lat="37.944885" lon="-4.944435"><ele>477.3</ele></trkpt>
    <trkpt lat="37.945133" lon="-4.943756"><ele>479.9</ele></trkpt>
    <trkpt lat="37.945156" lon="-4.943515"><ele>481.1</ele></trkpt>
    <trkpt lat="37.945139" lon="-4.943329"><ele>482.2</ele></trkpt>
    <trkpt lat="37.945059" lon="-4.943168"><ele>483.3</ele></trkpt>
    <trkpt lat="37.944957" lon="-4.943099"><ele>484.1</ele></trkpt>
    <trkpt lat="37.944545" lon="-4.943075"><ele>487.2</ele></trkpt>
    <trkpt lat="37.944443" lon="-4.943055"><ele>488.1</ele></trkpt>
    <trkpt lat="37.944392" lon="-4.943"><ele>488.6</ele></trkpt>
    <trkpt lat="37.944327" lon="-4.942708"><ele>490.6</ele></trkpt>
    <trkpt lat="37.944256" lon="-4.942532"><ele>492</ele></trkpt>
    <trkpt lat="37.943952" lon="-4.942175"><ele>495.7</ele></trkpt>
    <trkpt lat="37.943879" lon="-4.942042"><ele>496.9</ele></trkpt>
    <trkpt lat="37.943844" lon="-4.941784"><ele>498.9</ele></trkpt>
    <trkpt lat="37.943841" lon="-4.941543"><ele>500.6</ele></trkpt>
    <trkpt lat="37.943784" lon="-4.941416"><ele>501.5</ele></trkpt>
    <trkpt lat="37.943711" lon="-4.941298"><ele>502.5</ele></trkpt>
    <trkpt lat="37.94354" lon="-4.941163"><ele>504</ele></trkpt>
    <trkpt lat="37.943261" lon="-4.941048"><ele>506.1</ele></trkpt>
    <trkpt lat="37.943171" lon="-4.940986"><ele>506.8</ele></trkpt>
    <trkpt lat="37.943117" lon="-4.940899"><ele>507.3</ele></trkpt>
    <trkpt lat="37.943013" lon="-4.940481"><ele>509.2</ele></trkpt>
    <trkpt lat="37.942984" lon="-4.940192"><ele>510.3</ele></trkpt>
    <trkpt lat="37.943035" lon="-4.940081"><ele>510.7</ele></trkpt>
    <trkpt lat="37.943304" lon="-4.939949"><ele>511.6</ele></trkpt>
    <trkpt lat="37.943539" lon="-4.939707"><ele>512.3</ele></trkpt>
    <trkpt lat="37.943648" lon="-4.939521"><ele>512.6</ele></trkpt>
    <trkpt lat="37.943728" lon="-4.939161"><ele>513.2</ele></trkpt>
    <trkpt lat="37.943852" lon="-4.938078"><ele>518.1</ele></trkpt>
    <trkpt lat="37.943833" lon="-4.937855"><ele>519.5</ele></trkpt>
    <trkpt lat="37.943718" lon="-4.93748"><ele>522</ele></trkpt>
    <trkpt lat="37.943554" lon="-4.937142"><ele>524.1</ele></trkpt>
    <trkpt lat="37.94339" lon="-4.937022"><ele>525.1</ele></trkpt>
    <trkpt lat="37.943098" lon="-4.936116"><ele>526.7</ele></trkpt>
    <trkpt lat="37.943061" lon="-4.936051"><ele>526.7</ele></trkpt>
    <trkpt lat="37.942825" lon="-4.935634"><ele>525.9</ele></trkpt>
    <trkpt lat="37.942642" lon="-4.935484"><ele>524.8</ele></trkpt>
    <trkpt lat="37.942366" lon="-4.935538"><ele>523.1</ele></trkpt>
    <trkpt lat="37.942183" lon="-4.935545"><ele>521.9</ele></trkpt>
    <trkpt lat="37.94209" lon="-4.935515"><ele>521.4</ele></trkpt>
    <trkpt lat="37.942022" lon="-4.93544"><ele>520.8</ele></trkpt>
    <trkpt lat="37.941921" lon="-4.935106"><ele>519.3</ele></trkpt>
    <trkpt lat="37.941712" lon="-4.934923"><ele>518.1</ele></trkpt>
    <trkpt lat="37.941447" lon="-4.934767"><ele>516.7</ele></trkpt>
    <trkpt lat="37.940934" lon="-4.934628"><ele>513.1</ele></trkpt>
    <trkpt lat="37.940836" lon="-4.934575"><ele>512.5</ele></trkpt>
    <trkpt lat="37.940768" lon="-4.934421"><ele>511.7</ele></trkpt>
    <trkpt lat="37.940729" lon="-4.934048"><ele>510</ele></trkpt>
    <trkpt lat="37.940605" lon="-4.933704"><ele>508.1</ele></trkpt>
    <trkpt lat="37.940357" lon="-4.933298"><ele>504.8</ele></trkpt>
    <trkpt lat="37.940182" lon="-4.933146"><ele>502.7</ele></trkpt>
    <trkpt lat="37.939863" lon="-4.932936"><ele>498.9</ele></trkpt>
    <trkpt lat="37.939807" lon="-4.932808"><ele>497.6</ele></trkpt>
    <trkpt lat="37.939806" lon="-4.932742"><ele>497.1</ele></trkpt>
    <trkpt lat="37.940033" lon="-4.932455"><ele>493.3</ele></trkpt>
    <trkpt lat="37.940202" lon="-4.932171"><ele>489.9</ele></trkpt>
    <trkpt lat="37.940261" lon="-4.931989"><ele>487.8</ele></trkpt>
    <trkpt lat="37.940297" lon="-4.931782"><ele>485.5</ele></trkpt>
    <trkpt lat="37.940296" lon="-4.930943"><ele>475.9</ele></trkpt>
    <trkpt lat="37.940252" lon="-4.930409"><ele>470.2</ele></trkpt>
    <trkpt lat="37.940252" lon="-4.930117"><ele>467.6</ele></trkpt>
    <trkpt lat="37.940299" lon="-4.929945"><ele>466.1</ele></trkpt>
    <trkpt lat="37.94056" lon="-4.929272"><ele>462.1</ele></trkpt>
    <trkpt lat="37.94073" lon="-4.928514"><ele>461.3</ele></trkpt>
    <trkpt lat="37.94074" lon="-4.928274"><ele>461.3</ele></trkpt>
    <trkpt lat="37.940638" lon="-4.927632"><ele>461.2</ele></trkpt>
    <trkpt lat="37.940696" lon="-4.9274"><ele>460.9</ele></trkpt>
    <trkpt lat="37.940792" lon="-4.927234"><ele>460.7</ele></trkpt>
    <trkpt lat="37.941007" lon="-4.927061"><ele>460</ele></trkpt>
    <trkpt lat="37.941264" lon="-4.926928"><ele>459</ele></trkpt>
    <trkpt lat="37.941556" lon="-4.926828"><ele>457.2</ele></trkpt>
    <trkpt lat="37.941825" lon="-4.926642"><ele>455</ele></trkpt>
    <trkpt lat="37.941978" lon="-4.926472"><ele>453.4</ele></trkpt>
    <trkpt lat="37.942019" lon="-4.926362"><ele>452.7</ele></trkpt>
    <trkpt lat="37.942003" lon="-4.926159"><ele>451.4</ele></trkpt>
    <trkpt lat="37.94192" lon="-4.925933"><ele>450</ele></trkpt>
    <trkpt lat="37.941568" lon="-4.925345"><ele>445.3</ele></trkpt>
    <trkpt lat="37.941495" lon="-4.925111"><ele>443.5</ele></trkpt>
    <trkpt lat="37.941469" lon="-4.924883"><ele>441.7</ele></trkpt>
    <trkpt lat="37.94146" lon="-4.924379"><ele>437.8</ele></trkpt>
    <trkpt lat="37.941398" lon="-4.924145"><ele>435.9</ele></trkpt>
    <trkpt lat="37.941138" lon="-4.923788"><ele>432.1</ele></trkpt>
    <trkpt lat="37.941007" lon="-4.923525"><ele>429.6</ele></trkpt>
    <trkpt lat="37.94091" lon="-4.923229"><ele>427.1</ele></trkpt>
    <trkpt lat="37.940798" lon="-4.922678"><ele>422.6</ele></trkpt>
    <trkpt lat="37.940494" lon="-4.921818"><ele>416.2</ele></trkpt>
    <trkpt lat="37.940389" lon="-4.921644"><ele>414.8</ele></trkpt>
    <trkpt lat="37.94006" lon="-4.921388"><ele>412</ele></trkpt>
    <trkpt lat="37.939961" lon="-4.921243"><ele>411</ele></trkpt>
    <trkpt lat="37.939813" lon="-4.920756"><ele>408.3</ele></trkpt>
    <trkpt lat="37.939335" lon="-4.919912"><ele>403.8</ele></trkpt>
    <trkpt lat="37.939069" lon="-4.919523"><ele>401.8</ele></trkpt>
    <trkpt lat="37.93898" lon="-4.919449"><ele>401.3</ele></trkpt>
    <trkpt lat="37.938392" lon="-4.919177"><ele>398.5</ele></trkpt>
    <trkpt lat="37.938138" lon="-4.918967"><ele>397.5</ele></trkpt>
    <trkpt lat="37.937877" lon="-4.918451"><ele>396.2</ele></trkpt>
    <trkpt lat="37.937476" lon="-4.917915"><ele>395</ele></trkpt>
    <trkpt lat="37.936872" lon="-4.917127"><ele>393.4</ele></trkpt>
    <trkpt lat="37.9349" lon="-4.914938"><ele>386.4</ele></trkpt>
    <trkpt lat="37.934593" lon="-4.914512"><ele>385.8</ele></trkpt>
    <trkpt lat="37.934484" lon="-4.914409"><ele>385.6</ele></trkpt>
    <trkpt lat="37.934221" lon="-4.914076"><ele>385.3</ele></trkpt>
    <trkpt lat="37.933838" lon="-4.913665"><ele>385.1</ele></trkpt>
    <trkpt lat="37.932292" lon="-4.912392"><ele>384.3</ele></trkpt>
    <trkpt lat="37.932027" lon="-4.912067"><ele>384.1</ele></trkpt>
    <trkpt lat="37.931527" lon="-4.911362"><ele>383.6</ele></trkpt>
    <trkpt lat="37.930566" lon="-4.909317"><ele>382.1</ele></trkpt>
    <trkpt lat="37.930408" lon="-4.908062"><ele>382.3</ele></trkpt>
    <trkpt lat="37.930079" lon="-4.906816"><ele>383.1</ele></trkpt>
    <trkpt lat="37.929844" lon="-4.905604"><ele>382.8</ele></trkpt>
    <trkpt lat="37.929815" lon="-4.905454"><ele>382.6</ele></trkpt>
    <trkpt lat="37.92918" lon="-4.904478"><ele>380.1</ele></trkpt>
    <trkpt lat="37.928857" lon="-4.903945"><ele>378.9</ele></trkpt>
    <trkpt lat="37.928789" lon="-4.903453"><ele>378.5</ele></trkpt>
    <trkpt lat="37.928764" lon="-4.90328"><ele>378.5</ele></trkpt>
    <trkpt lat="37.928514" lon="-4.901571"><ele>379</ele></trkpt>
    <trkpt lat="37.928115" lon="-4.900606"><ele>377.1</ele></trkpt>
    <trkpt lat="37.927893" lon="-4.900141"><ele>375.5</ele></trkpt>
    <trkpt lat="37.927434" lon="-4.89975"><ele>373.4</ele></trkpt>
    <trkpt lat="37.926924" lon="-4.898797"><ele>370.5</ele></trkpt>
    <trkpt lat="37.926853" lon="-4.898623"><ele>370.1</ele></trkpt>
    <trkpt lat="37.926691" lon="-4.898225"><ele>369.3</ele></trkpt>
    <trkpt lat="37.926674" lon="-4.898184"><ele>369.2</ele></trkpt>
    <trkpt lat="37.926542" lon="-4.89786"><ele>368.6</ele></trkpt>
    <trkpt lat="37.926371" lon="-4.897419"><ele>368.1</ele></trkpt>
    <trkpt lat="37.926187" lon="-4.896952"><ele>367.8</ele></trkpt>
    <trkpt lat="37.925932" lon="-4.896536"><ele>367.7</ele></trkpt>
    <trkpt lat="37.925829" lon="-4.896325"><ele>367.9</ele></trkpt>
    <trkpt lat="37.925722" lon="-4.896107"><ele>368.2</ele></trkpt>
    <trkpt lat="37.925698" lon="-4.896059"><ele>368.3</ele></trkpt>
    <trkpt lat="37.925582" lon="-4.895825"><ele>368.9</ele></trkpt>
    <trkpt lat="37.925101" lon="-4.895326"><ele>370.8</ele></trkpt>
    <trkpt lat="37.924608" lon="-4.894921"><ele>373.1</ele></trkpt>
    <trkpt lat="37.924445" lon="-4.894792"><ele>373.9</ele></trkpt>
    <trkpt lat="37.924036" lon="-4.894559"><ele>375.8</ele></trkpt>
    <trkpt lat="37.923577" lon="-4.894495"><ele>377.6</ele></trkpt>
    <trkpt lat="37.923079" lon="-4.894495"><ele>379.2</ele></trkpt>
    <trkpt lat="37.922927" lon="-4.894453"><ele>379.7</ele></trkpt>
    <trkpt lat="37.922799" lon="-4.894369"><ele>380.1</ele></trkpt>
    <trkpt lat="37.92271" lon="-4.894227"><ele>380.5</ele></trkpt>
    <trkpt lat="37.922635" lon="-4.893988"><ele>381</ele></trkpt>
    <trkpt lat="37.922309" lon="-4.892454"><ele>384</ele></trkpt>
    <trkpt lat="37.922228" lon="-4.89221"><ele>384.5</ele></trkpt>
    <trkpt lat="37.921894" lon="-4.891917"><ele>385.9</ele></trkpt>
    <trkpt lat="37.921208" lon="-4.891419"><ele>389.2</ele></trkpt>
    <trkpt lat="37.92052" lon="-4.891191"><ele>393</ele></trkpt>
    <trkpt lat="37.920272" lon="-4.891014"><ele>394.5</ele></trkpt>
    <trkpt lat="37.919803" lon="-4.890347"><ele>398.6</ele></trkpt>
    <trkpt lat="37.919433" lon="-4.889922"><ele>401</ele></trkpt>
    <trkpt lat="37.919222" lon="-4.889798"><ele>402</ele></trkpt>
    <trkpt lat="37.91884" lon="-4.889614"><ele>403.3</ele></trkpt>
    <trkpt lat="37.918712" lon="-4.889525"><ele>403.7</ele></trkpt>
    <trkpt lat="37.918612" lon="-4.889382"><ele>404</ele></trkpt>
    <trkpt lat="37.918543" lon="-4.889181"><ele>404.3</ele></trkpt>
    <trkpt lat="37.918503" lon="-4.888713"><ele>404.9</ele></trkpt>
    <trkpt lat="37.918307" lon="-4.888343"><ele>405.4</ele></trkpt>
    <trkpt lat="37.918167" lon="-4.888149"><ele>405.7</ele></trkpt>
    <trkpt lat="37.916819" lon="-4.886283"><ele>411.6</ele></trkpt>
    <trkpt lat="37.916209" lon="-4.884035"><ele>417.5</ele></trkpt>
    <trkpt lat="37.91601" lon="-4.883683"><ele>418</ele></trkpt>
    <trkpt lat="37.915889" lon="-4.883471"><ele>418.2</ele></trkpt>
    <trkpt lat="37.915093" lon="-4.882727"><ele>417.7</ele></trkpt>
    <trkpt lat="37.914896" lon="-4.882578"><ele>417.3</ele></trkpt>
    <trkpt lat="37.913477" lon="-4.882523"><ele>414.4</ele></trkpt>
    <trkpt lat="37.910576" lon="-4.884205"><ele>407.9</ele></trkpt>
    <trkpt lat="37.910205" lon="-4.884858"><ele>406.6</ele></trkpt>
    <trkpt lat="37.909184" lon="-4.887399"><ele>403.1</ele></trkpt>
    <trkpt lat="37.908985" lon="-4.887671"><ele>403</ele></trkpt>
    <trkpt lat="37.908729" lon="-4.887769"><ele>403.1</ele></trkpt>
    <trkpt lat="37.907765" lon="-4.887635"><ele>405.5</ele></trkpt>
    <trkpt lat="37.90713" lon="-4.88744"><ele>408.4</ele></trkpt>
    <trkpt lat="37.906496" lon="-4.887157"><ele>411.9</ele></trkpt>
    <trkpt lat="37.90632" lon="-4.886889"><ele>413.4</ele></trkpt>
    <trkpt lat="37.906167" lon="-4.88617"><ele>416.7</ele></trkpt>
    <trkpt lat="37.906062" lon="-4.885921"><ele>418</ele></trkpt>
    <trkpt lat="37.905846" lon="-4.885781"><ele>419.5</ele></trkpt>
    <trkpt lat="37.905333" lon="-4.885733"><ele>423</ele></trkpt>
    <trkpt lat="37.904501" lon="-4.885061"><ele>430.2</ele></trkpt>
    <trkpt lat="37.904112" lon="-4.884897"><ele>432.4</ele></trkpt>
    <trkpt lat="37.903703" lon="-4.884787"><ele>433.9</ele></trkpt>
    <trkpt lat="37.901149" lon="-4.882764"><ele>432.6</ele></trkpt>
    <trkpt lat="37.901022" lon="-4.882521"><ele>432.6</ele></trkpt>
    <trkpt lat="37.900857" lon="-4.881719"><ele>432.8</ele></trkpt>
    <trkpt lat="37.900633" lon="-4.880389"><ele>435.5</ele></trkpt>
    <trkpt lat="37.900405" lon="-4.879056"><ele>440</ele></trkpt>
    <trkpt lat="37.900401" lon="-4.878736"><ele>441</ele></trkpt>
    <trkpt lat="37.900473" lon="-4.878351"><ele>442</ele></trkpt>
    <trkpt lat="37.901168" lon="-4.876239"><ele>443.7</ele></trkpt>
    <trkpt lat="37.90214" lon="-4.873253"><ele>449.1</ele></trkpt>
    <trkpt lat="37.902225" lon="-4.872944"><ele>449.3</ele></trkpt>
    <trkpt lat="37.902256" lon="-4.872733"><ele>449.4</ele></trkpt>
    <trkpt lat="37.902258" lon="-4.872508"><ele>449.4</ele></trkpt>
    <trkpt lat="37.90219" lon="-4.872457"><ele>449.4</ele></trkpt>
    <trkpt lat="37.902173" lon="-4.872393"><ele>449.3</ele></trkpt>
    <trkpt lat="37.902187" lon="-4.872327"><ele>449.3</ele></trkpt>
    <trkpt lat="37.90227" lon="-4.872272"><ele>449.3</ele></trkpt>
    <trkpt lat="37.902316" lon="-4.872289"><ele>449.3</ele></trkpt>
    <trkpt lat="37.902358" lon="-4.872362"><ele>449.3</ele></trkpt>
    <trkpt lat="37.902424" lon="-4.872322"><ele>449.2</ele></trkpt>
    <trkpt lat="37.902578" lon="-4.871886"><ele>449.1</ele></trkpt>
    <trkpt lat="37.902669" lon="-4.8717"><ele>449.2</ele></trkpt>
    <trkpt lat="37.90285" lon="-4.871432"><ele>449.4</ele></trkpt>
    <trkpt lat="37.903193" lon="-4.870925"><ele>450.5</ele></trkpt>
    <trkpt lat="37.903485" lon="-4.870227"><ele>453.8</ele></trkpt>
    <trkpt lat="37.903521" lon="-4.870184"><ele>454.1</ele></trkpt>
    <trkpt lat="37.903579" lon="-4.870152"><ele>454.5</ele></trkpt>
    <trkpt lat="37.903621" lon="-4.870161"><ele>454.8</ele></trkpt>
    <trkpt lat="37.903881" lon="-4.870389"><ele>457.2</ele></trkpt>
    <trkpt lat="37.903945" lon="-4.870418"><ele>457.8</ele></trkpt>
    <trkpt lat="37.904174" lon="-4.870411"><ele>459.7</ele></trkpt>
    <trkpt lat="37.904277" lon="-4.870389"><ele>460.7</ele></trkpt>
    <trkpt lat="37.904431" lon="-4.87031"><ele>462.2</ele></trkpt>
    <trkpt lat="37.904993" lon="-4.869937"><ele>468</ele></trkpt>
    <trkpt lat="37.905104" lon="-4.869892"><ele>469</ele></trkpt>
    <trkpt lat="37.905373" lon="-4.869897"><ele>471.2</ele></trkpt>
    <trkpt lat="37.905619" lon="-4.869839"><ele>473.1</ele></trkpt>
    <trkpt lat="37.906087" lon="-4.869466"><ele>477.1</ele></trkpt>
    <trkpt lat="37.906226" lon="-4.869319"><ele>478.2</ele></trkpt>
    <trkpt lat="37.906333" lon="-4.869113"><ele>479.3</ele></trkpt>
    <trkpt lat="37.906571" lon="-4.868493"><ele>481.8</ele></trkpt>
    <trkpt lat="37.906748" lon="-4.86826"><ele>482.6</ele></trkpt>
    <trkpt lat="37.906872" lon="-4.868098"><ele>482.9</ele></trkpt>
    <trkpt lat="37.907048" lon="-4.867919"><ele>483.3</ele></trkpt>
    <trkpt lat="37.907297" lon="-4.867496"><ele>483.6</ele></trkpt>
    <trkpt lat="37.907508" lon="-4.86707"><ele>483.7</ele></trkpt>
    <trkpt lat="37.907864" lon="-4.866679"><ele>484.1</ele></trkpt>
    <trkpt lat="37.907955" lon="-4.866608"><ele>484.3</ele></trkpt>
    <trkpt lat="37.908029" lon="-4.866565"><ele>484.5</ele></trkpt>
    <trkpt lat="37.908279" lon="-4.866501"><ele>485.1</ele></trkpt>
    <trkpt lat="37.909491" lon="-4.866509"><ele>490.1</ele></trkpt>
    <trkpt lat="37.909683" lon="-4.866458"><ele>491.1</ele></trkpt>
    <trkpt lat="37.910164" lon="-4.866149"><ele>493.6</ele></trkpt>
    <trkpt lat="37.910405" lon="-4.866044"><ele>494.7</ele></trkpt>
    <trkpt lat="37.910492" lon="-4.865997"><ele>495.1</ele></trkpt>
    <trkpt lat="37.910727" lon="-4.865962"><ele>496.3</ele></trkpt>
    <trkpt lat="37.910947" lon="-4.866032"><ele>497.3</ele></trkpt>
    <trkpt lat="37.911072" lon="-4.866178"><ele>498.2</ele></trkpt>
    <trkpt lat="37.91118" lon="-4.866526"><ele>499.7</ele></trkpt>
    <trkpt lat="37.911229" lon="-4.8666"><ele>500.1</ele></trkpt>
    <trkpt lat="37.911295" lon="-4.866663"><ele>500.5</ele></trkpt>
    <trkpt lat="37.911409" lon="-4.866706"><ele>501.1</ele></trkpt>
    <trkpt lat="37.911555" lon="-4.866701"><ele>501.8</ele></trkpt>
    <trkpt lat="37.91173" lon="-4.866657"><ele>502.8</ele></trkpt>
    <trkpt lat="37.911885" lon="-4.866569"><ele>503.7</ele></trkpt>
    <trkpt lat="37.911952" lon="-4.866496"><ele>504.2</ele></trkpt>
    <trkpt lat="37.912394" lon="-4.865699"><ele>508.4</ele></trkpt>
    <trkpt lat="37.912511" lon="-4.865405"><ele>509.7</ele></trkpt>
    <trkpt lat="37.912522" lon="-4.865149"><ele>510.6</ele></trkpt>
    <trkpt lat="37.912393" lon="-4.863927"><ele>513.8</ele></trkpt>
    <trkpt lat="37.912269" lon="-4.863383"><ele>514.5</ele></trkpt>
    <trkpt lat="37.912232" lon="-4.863086"><ele>514.6</ele></trkpt>
    <trkpt lat="37.912255" lon="-4.862156"><ele>514.2</ele></trkpt>
    <trkpt lat="37.912329" lon="-4.861726"><ele>513.7</ele></trkpt>
    <trkpt lat="37.912432" lon="-4.861337"><ele>513</ele></trkpt>
    <trkpt lat="37.912514" lon="-4.861186"><ele>512.5</ele></trkpt>
    <trkpt lat="37.912705" lon="-4.860926"><ele>511.6</ele></trkpt>
    <trkpt lat="37.913057" lon="-4.86067"><ele>510</ele></trkpt>
    <trkpt lat="37.913201" lon="-4.860469"><ele>509.2</ele></trkpt>
    <trkpt lat="37.913445" lon="-4.859808"><ele>506.8</ele></trkpt>
    <trkpt lat="37.913492" lon="-4.85972"><ele>506.4</ele></trkpt>
    <trkpt lat="37.913564" lon="-4.859651"><ele>506</ele></trkpt>
    <trkpt lat="37.913628" lon="-4.859627"><ele>505.6</ele></trkpt>
    <trkpt lat="37.913936" lon="-4.859635"><ele>504.1</ele></trkpt>
    <trkpt lat="37.914609" lon="-4.859859"><ele>500.4</ele></trkpt>
    <trkpt lat="37.914793" lon="-4.859879"><ele>499.3</ele></trkpt>
    <trkpt lat="37.915704" lon="-4.859777"><ele>493.5</ele></trkpt>
    <trkpt lat="37.916568" lon="-4.859498"><ele>488.2</ele></trkpt>
    <trkpt lat="37.917045" lon="-4.859506"><ele>486.5</ele></trkpt>
    <trkpt lat="37.917139" lon="-4.859465"><ele>486.2</ele></trkpt>
    <trkpt lat="37.917211" lon="-4.859321"><ele>485.9</ele></trkpt>
    <trkpt lat="37.917254" lon="-4.858949"><ele>485.4</ele></trkpt>
    <trkpt lat="37.917296" lon="-4.858798"><ele>485.3</ele></trkpt>
    <trkpt lat="37.917459" lon="-4.858456"><ele>485.1</ele></trkpt>
    <trkpt lat="37.917488" lon="-4.858103"><ele>485</ele></trkpt>
    <trkpt lat="37.917511" lon="-4.85798"><ele>485</ele></trkpt>
    <trkpt lat="37.91756" lon="-4.857875"><ele>485.1</ele></trkpt>
    <trkpt lat="37.917873" lon="-4.857545"><ele>485.2</ele></trkpt>
    <trkpt lat="37.918474" lon="-4.857003"><ele>485.7</ele></trkpt>
    <trkpt lat="37.91895" lon="-4.856642"><ele>486.8</ele></trkpt>
    <trkpt lat="37.919149" lon="-4.85629"><ele>487.7</ele></trkpt>
    <trkpt lat="37.919302" lon="-4.855888"><ele>488.8</ele></trkpt>
    <trkpt lat="37.919383" lon="-4.855433"><ele>490</ele></trkpt>
    <trkpt lat="37.919505" lon="-4.855265"><ele>490.7</ele></trkpt>
    <trkpt lat="37.919844" lon="-4.855001"><ele>491.7</ele></trkpt>
    <trkpt lat="37.919961" lon="-4.854855"><ele>492</ele></trkpt>
    <trkpt lat="37.920083" lon="-4.854642"><ele>492.4</ele></trkpt>
    <trkpt lat="37.920178" lon="-4.854345"><ele>492.8</ele></trkpt>
    <trkpt lat="37.920189" lon="-4.854226"><ele>493</ele></trkpt>
    <trkpt lat="37.920077" lon="-4.853827"><ele>493.6</ele></trkpt>
    <trkpt lat="37.919943" lon="-4.853547"><ele>494</ele></trkpt>
    <trkpt lat="37.919372" lon="-4.852531"><ele>496.2</ele></trkpt>
    <trkpt lat="37.919162" lon="-4.851981"><ele>498.1</ele></trkpt>
    <trkpt lat="37.918935" lon="-4.851141"><ele>501.8</ele></trkpt>
    <trkpt lat="37.918792" lon="-4.850742"><ele>503.8</ele></trkpt>
    <trkpt lat="37.918334" lon="-4.849868"><ele>508.7</ele></trkpt>
    <trkpt lat="37.918233" lon="-4.849701"><ele>509.8</ele></trkpt>
    <trkpt lat="37.918136" lon="-4.849543"><ele>510.8</ele></trkpt>
    <trkpt lat="37.917961" lon="-4.849259"><ele>512.8</ele></trkpt>
    <trkpt lat="37.9179" lon="-4.849048"><ele>514.2</ele></trkpt>
    <trkpt lat="37.917898" lon="-4.848671"><ele>516.4</ele></trkpt>
    <trkpt lat="37.917945" lon="-4.848114"><ele>519.9</ele></trkpt>
    <trkpt lat="37.917895" lon="-4.847809"><ele>522</ele></trkpt>
    <trkpt lat="37.917774" lon="-4.847561"><ele>523.9</ele></trkpt>
    <trkpt lat="37.91762" lon="-4.847388"><ele>525.5</ele></trkpt>
    <trkpt lat="37.917506" lon="-4.847346"><ele>526.3</ele></trkpt>
    <trkpt lat="37.917375" lon="-4.84734"><ele>527.1</ele></trkpt>
    <trkpt lat="37.917163" lon="-4.84738"><ele>528.3</ele></trkpt>
    <trkpt lat="37.917086" lon="-4.847418"><ele>528.6</ele></trkpt>
    <trkpt lat="37.91695" lon="-4.847545"><ele>529.3</ele></trkpt>
    <trkpt lat="37.9169" lon="-4.847554"><ele>529.4</ele></trkpt>
    <trkpt lat="37.916813" lon="-4.847501"><ele>529.7</ele></trkpt>
    <trkpt lat="37.916812" lon="-4.847382"><ele>529.8</ele></trkpt>
    <trkpt lat="37.91686" lon="-4.847315"><ele>530</ele></trkpt>
    <trkpt lat="37.916956" lon="-4.847246"><ele>530.1</ele></trkpt>
    <trkpt lat="37.917139" lon="-4.84702"><ele>530.1</ele></trkpt>
    <trkpt lat="37.917306" lon="-4.846719"><ele>529.9</ele></trkpt>
    <trkpt lat="37.91753" lon="-4.846394"><ele>529.4</ele></trkpt>
    <trkpt lat="37.917954" lon="-4.846"><ele>528.4</ele></trkpt>
    <trkpt lat="37.918172" lon="-4.84589"><ele>527.9</ele></trkpt>
    <trkpt lat="37.918872" lon="-4.845767"><ele>526.4</ele></trkpt>
    <trkpt lat="37.919202" lon="-4.845586"><ele>525.5</ele></trkpt>
    <trkpt lat="37.919402" lon="-4.845425"><ele>524.7</ele></trkpt>
    <trkpt lat="37.9196" lon="-4.845173"><ele>523.7</ele></trkpt>
    <trkpt lat="37.919714" lon="-4.844975"><ele>522.9</ele></trkpt>
    <trkpt lat="37.91984" lon="-4.844673"><ele>521.5</ele></trkpt>
    <trkpt lat="37.919857" lon="-4.844486"><ele>520.7</ele></trkpt>
    <trkpt lat="37.919823" lon="-4.84433"><ele>520</ele></trkpt>
    <trkpt lat="37.919731" lon="-4.844155"><ele>519.1</ele></trkpt>
    <trkpt lat="37.919651" lon="-4.844087"><ele>518.6</ele></trkpt>
    <trkpt lat="37.919404" lon="-4.843985"><ele>517.2</ele></trkpt>
    <trkpt lat="37.919303" lon="-4.843888"><ele>516.6</ele></trkpt>
    <trkpt lat="37.919247" lon="-4.843741"><ele>515.9</ele></trkpt>
    <trkpt lat="37.919241" lon="-4.843559"><ele>515.2</ele></trkpt>
    <trkpt lat="37.919245" lon="-4.842966"><ele>513.1</ele></trkpt>
    <trkpt lat="37.919219" lon="-4.842695"><ele>512.2</ele></trkpt>
    <trkpt lat="37.91917" lon="-4.842492"><ele>511.5</ele></trkpt>
    <trkpt lat="37.919056" lon="-4.842246"><ele>510.7</ele></trkpt>
    <trkpt lat="37.918956" lon="-4.842128"><ele>510.2</ele></trkpt>
    <trkpt lat="37.918845" lon="-4.84209"><ele>509.8</ele></trkpt>
    <trkpt lat="37.918578" lon="-4.842095"><ele>508.8</ele></trkpt>
    <trkpt lat="37.918499" lon="-4.842067"><ele>508.4</ele></trkpt>
    <trkpt lat="37.918436" lon="-4.842001"><ele>508.1</ele></trkpt>
    <trkpt lat="37.918383" lon="-4.84186"><ele>507.5</ele></trkpt>
    <trkpt lat="37.918288" lon="-4.840929"><ele>504</ele></trkpt>
    <trkpt lat="37.918298" lon="-4.84065"><ele>502.9</ele></trkpt>
    <trkpt lat="37.918354" lon="-4.840442"><ele>502.1</ele></trkpt>
    <trkpt lat="37.91848" lon="-4.840274"><ele>501.2</ele></trkpt>
    <trkpt lat="37.918813" lon="-4.840064"><ele>499.4</ele></trkpt>
    <trkpt lat="37.919132" lon="-4.840046"><ele>497.7</ele></trkpt>
    <trkpt lat="37.919221" lon="-4.840009"><ele>497.2</ele></trkpt>
    <trkpt lat="37.919287" lon="-4.839954"><ele>496.7</ele></trkpt>
    <trkpt lat="37.919378" lon="-4.83973"><ele>495.6</ele></trkpt>
    <trkpt lat="37.919367" lon="-4.839459"><ele>494.5</ele></trkpt>
    <trkpt lat="37.919218" lon="-4.839063"><ele>492.5</ele></trkpt>
    <trkpt lat="37.919189" lon="-4.83866"><ele>490.7</ele></trkpt>
    <trkpt lat="37.919207" lon="-4.838401"><ele>489.6</ele></trkpt>
    <trkpt lat="37.91926" lon="-4.838093"><ele>488.4</ele></trkpt>
    <trkpt lat="37.919332" lon="-4.837943"><ele>487.9</ele></trkpt>
    <trkpt lat="37.919459" lon="-4.837811"><ele>487.3</ele></trkpt>
    <trkpt lat="37.919509" lon="-4.837713"><ele>487</ele></trkpt>
    <trkpt lat="37.919526" lon="-4.837332"><ele>486.3</ele></trkpt>
    <trkpt lat="37.919441" lon="-4.836785"><ele>485.9</ele></trkpt>
    <trkpt lat="37.919367" lon="-4.835857"><ele>486.7</ele></trkpt>
    <trkpt lat="37.919339" lon="-4.835106"><ele>487.5</ele></trkpt>
    <trkpt lat="37.919293" lon="-4.834744"><ele>487.6</ele></trkpt>
    <trkpt lat="37.918944" lon="-4.833834"><ele>486.4</ele></trkpt>
    <trkpt lat="37.918935" lon="-4.833657"><ele>485.9</ele></trkpt>
    <trkpt lat="37.918964" lon="-4.833463"><ele>485.2</ele></trkpt>
    <trkpt lat="37.919035" lon="-4.833201"><ele>484.1</ele></trkpt>
    <trkpt lat="37.919186" lon="-4.832854"><ele>482.1</ele></trkpt>
    <trkpt lat="37.919241" lon="-4.832624"><ele>480.7</ele></trkpt>
    <trkpt lat="37.91923" lon="-4.832238"><ele>478</ele></trkpt>
    <trkpt lat="37.91916" lon="-4.832096"><ele>476.8</ele></trkpt>
    <trkpt lat="37.918509" lon="-4.831436"><ele>468.6</ele></trkpt>
    <trkpt lat="37.918434" lon="-4.831324"><ele>467.2</ele></trkpt>
    <trkpt lat="37.918393" lon="-4.831199"><ele>465.7</ele></trkpt>
    <trkpt lat="37.918418" lon="-4.830722"><ele>460.6</ele></trkpt>
    <trkpt lat="37.918371" lon="-4.830614"><ele>459.3</ele></trkpt>
    <trkpt lat="37.91831" lon="-4.830535"><ele>458.2</ele></trkpt>
    <trkpt lat="37.918136" lon="-4.830395"><ele>455.5</ele></trkpt>
    <trkpt lat="37.917905" lon="-4.83008"><ele>451.2</ele></trkpt>
    <trkpt lat="37.917827" lon="-4.829871"><ele>449</ele></trkpt>
    <trkpt lat="37.917822" lon="-4.829838"><ele>448.7</ele></trkpt>
    <trkpt lat="37.917687" lon="-4.828934"><ele>442.4</ele></trkpt>
    <trkpt lat="37.917688" lon="-4.82871"><ele>442.2</ele></trkpt>
    <trkpt lat="37.917716" lon="-4.828474"><ele>442.5</ele></trkpt>
    <trkpt lat="37.917835" lon="-4.828289"><ele>443.1</ele></trkpt>
    <trkpt lat="37.91882" lon="-4.827633"><ele>452.7</ele></trkpt>
    <trkpt lat="37.919535" lon="-4.827574"><ele>458.6</ele></trkpt>
    <trkpt lat="37.919675" lon="-4.827533"><ele>459.4</ele></trkpt>
    <trkpt lat="37.919727" lon="-4.82744"><ele>459.9</ele></trkpt>
    <trkpt lat="37.919738" lon="-4.82735"><ele>460.4</ele></trkpt>
    <trkpt lat="37.919718" lon="-4.827268"><ele>460.7</ele></trkpt>
    <trkpt lat="37.919665" lon="-4.827198"><ele>461.2</ele></trkpt>
    <trkpt lat="37.919555" lon="-4.827062"><ele>462</ele></trkpt>
    <trkpt lat="37.919542" lon="-4.826987"><ele>462.3</ele></trkpt>
    <trkpt lat="37.919586" lon="-4.826867"><ele>462.9</ele></trkpt>
    <trkpt lat="37.919651" lon="-4.826835"><ele>463.3</ele></trkpt>
    <trkpt lat="37.919746" lon="-4.826883"><ele>463.8</ele></trkpt>
    <trkpt lat="37.919956" lon="-4.827149"><ele>465.3</ele></trkpt>
    <trkpt lat="37.920388" lon="-4.827376"><ele>468.2</ele></trkpt>
    <trkpt lat="37.920532" lon="-4.827501"><ele>469.8</ele></trkpt>
    <trkpt lat="37.92075" lon="-4.827765"><ele>472.8</ele></trkpt>
    <trkpt lat="37.920923" lon="-4.828134"><ele>476.7</ele></trkpt>
    <trkpt lat="37.92105" lon="-4.828424"><ele>479.6</ele></trkpt>
    <trkpt lat="37.921084" lon="-4.828577"><ele>480.9</ele></trkpt>
    <trkpt lat="37.921063" lon="-4.828743"><ele>482.2</ele></trkpt>
    <trkpt lat="37.920947" lon="-4.829114"><ele>485.1</ele></trkpt>
    <trkpt lat="37.920943" lon="-4.829237"><ele>485.9</ele></trkpt>
    <trkpt lat="37.920959" lon="-4.829378"><ele>487</ele></trkpt>
    <trkpt lat="37.921003" lon="-4.829516"><ele>488.1</ele></trkpt>
    <trkpt lat="37.921097" lon="-4.829657"><ele>489.6</ele></trkpt>
    <trkpt lat="37.921181" lon="-4.829711"><ele>490.5</ele></trkpt>
    <trkpt lat="37.921276" lon="-4.829718"><ele>491.4</ele></trkpt>
    <trkpt lat="37.921338" lon="-4.829697"><ele>492</ele></trkpt>
    <trkpt lat="37.921606" lon="-4.829472"><ele>494.9</ele></trkpt>
    <trkpt lat="37.921798" lon="-4.829442"><ele>496.5</ele></trkpt>
    <trkpt lat="37.921901" lon="-4.829455"><ele>497.3</ele></trkpt>
    <trkpt lat="37.922013" lon="-4.829492"><ele>498.2</ele></trkpt>
    <trkpt lat="37.922197" lon="-4.829616"><ele>499.9</ele></trkpt>
    <trkpt lat="37.922501" lon="-4.830035"><ele>503.5</ele></trkpt>
    <trkpt lat="37.922614" lon="-4.830154"><ele>504.8</ele></trkpt>
    <trkpt lat="37.922697" lon="-4.830194"><ele>505.6</ele></trkpt>
    <trkpt lat="37.922805" lon="-4.830199"><ele>506.5</ele></trkpt>
    <trkpt lat="37.923001" lon="-4.83016"><ele>508.3</ele></trkpt>
    <trkpt lat="37.923464" lon="-4.829951"><ele>512.5</ele></trkpt>
    <trkpt lat="37.923547" lon="-4.829889"><ele>513.2</ele></trkpt>
    <trkpt lat="37.923719" lon="-4.829615"><ele>515.3</ele></trkpt>
    <trkpt lat="37.92379" lon="-4.829551"><ele>516</ele></trkpt>
    <trkpt lat="37.924312" lon="-4.829313"><ele>520</ele></trkpt>
    <trkpt lat="37.924641" lon="-4.829073"><ele>522.8</ele></trkpt>
    <trkpt lat="37.925008" lon="-4.828619"><ele>526.2</ele></trkpt>
    <trkpt lat="37.925125" lon="-4.828422"><ele>527.5</ele></trkpt>
    <trkpt lat="37.925295" lon="-4.828021"><ele>530</ele></trkpt>
    <trkpt lat="37.925355" lon="-4.827941"><ele>530.6</ele></trkpt>
    <trkpt lat="37.925452" lon="-4.827882"><ele>531.4</ele></trkpt>
    <trkpt lat="37.925728" lon="-4.82781"><ele>533.6</ele></trkpt>
    <trkpt lat="37.92668" lon="-4.827621"><ele>541.8</ele></trkpt>
    <trkpt lat="37.926808" lon="-4.827624"><ele>543</ele></trkpt>
    <trkpt lat="37.927194" lon="-4.827744"><ele>546.4</ele></trkpt>
    <trkpt lat="37.92736" lon="-4.827866"><ele>547.8</ele></trkpt>
    <trkpt lat="37.927667" lon="-4.828314"><ele>550.1</ele></trkpt>
    <trkpt lat="37.927789" lon="-4.828459"><ele>550.5</ele></trkpt>
    <trkpt lat="37.927792" lon="-4.828462"><ele>550.5</ele></trkpt>
    <trkpt lat="37.92803" lon="-4.828669"><ele>550.9</ele></trkpt>
    <trkpt lat="37.928292" lon="-4.82891"><ele>550.6</ele></trkpt>
    <trkpt lat="37.928526" lon="-4.829266"><ele>549.7</ele></trkpt>
    <trkpt lat="37.928765" lon="-4.829694"><ele>547.9</ele></trkpt>
    <trkpt lat="37.929126" lon="-4.830443"><ele>544.6</ele></trkpt>
    <trkpt lat="37.929348" lon="-4.830671"><ele>543.4</ele></trkpt>
    <trkpt lat="37.929589" lon="-4.830867"><ele>542.2</ele></trkpt>
    <trkpt lat="37.930124" lon="-4.831047"><ele>540.8</ele></trkpt>
    <trkpt lat="37.930304" lon="-4.830998"><ele>540.5</ele></trkpt>
    <trkpt lat="37.930446" lon="-4.830909"><ele>540.4</ele></trkpt>
    <trkpt lat="37.930685" lon="-4.83076"><ele>540.5</ele></trkpt>
    <trkpt lat="37.93108" lon="-4.830357"><ele>541.2</ele></trkpt>
    <trkpt lat="37.931176" lon="-4.830293"><ele>541.4</ele></trkpt>
    <trkpt lat="37.931292" lon="-4.830272"><ele>541.8</ele></trkpt>
    <trkpt lat="37.932124" lon="-4.830392"><ele>545.2</ele></trkpt>
    <trkpt lat="37.93245" lon="-4.830267"><ele>546.7</ele></trkpt>
    <trkpt lat="37.932579" lon="-4.830244"><ele>547.3</ele></trkpt>
    <trkpt lat="37.933693" lon="-4.830282"><ele>552.1</ele></trkpt>
    <trkpt lat="37.933836" lon="-4.830298"><ele>552.8</ele></trkpt>
    <trkpt lat="37.933938" lon="-4.830351"><ele>553.3</ele></trkpt>
    <trkpt lat="37.934033" lon="-4.830418"><ele>553.9</ele></trkpt>
    <trkpt lat="37.934202" lon="-4.830595"><ele>555</ele></trkpt>
    <trkpt lat="37.934264" lon="-4.830647"><ele>555.4</ele></trkpt>
    <trkpt lat="37.934432" lon="-4.830677"><ele>556.4</ele></trkpt>
    <trkpt lat="37.934537" lon="-4.830647"><ele>557</ele></trkpt>
    <trkpt lat="37.934903" lon="-4.830424"><ele>559.2</ele></trkpt>
    <trkpt lat="37.935049" lon="-4.830274"><ele>560.2</ele></trkpt>
    <trkpt lat="37.935365" lon="-4.829786"><ele>562.7</ele></trkpt>
    <trkpt lat="37.935502" lon="-4.829614"><ele>563.3</ele></trkpt>
    <trkpt lat="37.936079" lon="-4.829105"><ele>564.6</ele></trkpt>
    <trkpt lat="37.936312" lon="-4.828816"><ele>564.5</ele></trkpt>
    <trkpt lat="37.936433" lon="-4.828619"><ele>564.3</ele></trkpt>
    <trkpt lat="37.936781" lon="-4.82799"><ele>563.3</ele></trkpt>
    <trkpt lat="37.936931" lon="-4.827791"><ele>562.9</ele></trkpt>
    <trkpt lat="37.937508" lon="-4.827308"><ele>560.9</ele></trkpt>
    <trkpt lat="37.937669" lon="-4.827135"><ele>559.8</ele></trkpt>
    <trkpt lat="37.937941" lon="-4.826859"><ele>557.8</ele></trkpt>
    <trkpt lat="37.938281" lon="-4.826469"><ele>554.4</ele></trkpt>
    <trkpt lat="37.938562" lon="-4.826195"><ele>551</ele></trkpt>
    <trkpt lat="37.938832" lon="-4.825961"><ele>547.7</ele></trkpt>
    <trkpt lat="37.939176" lon="-4.825719"><ele>544.1</ele></trkpt>
    <trkpt lat="37.93923" lon="-4.82562"><ele>543.3</ele></trkpt>
    <trkpt lat="37.939176" lon="-4.825452"><ele>542.2</ele></trkpt>
    <trkpt lat="37.939084" lon="-4.825337"><ele>541.3</ele></trkpt>
    <trkpt lat="37.938576" lon="-4.825038"><ele>538.1</ele></trkpt>
    <trkpt lat="37.938397" lon="-4.824964"><ele>537.1</ele></trkpt>
    <trkpt lat="37.93823" lon="-4.824937"><ele>536.3</ele></trkpt>
    <trkpt lat="37.937851" lon="-4.824946"><ele>534.9</ele></trkpt>
    <trkpt lat="37.93697" lon="-4.824308"><ele>530.4</ele></trkpt>
    <trkpt lat="37.936291" lon="-4.823746"><ele>526.8</ele></trkpt>
    <trkpt lat="37.935782" lon="-4.823562"><ele>524.9</ele></trkpt>
    <trkpt lat="37.935571" lon="-4.823402"><ele>523.8</ele></trkpt>
    <trkpt lat="37.935231" lon="-4.823007"><ele>521.2</ele></trkpt>
    <trkpt lat="37.935068" lon="-4.822768"><ele>519.3</ele></trkpt>
    <trkpt lat="37.934985" lon="-4.822523"><ele>517.5</ele></trkpt>
    <trkpt lat="37.934888" lon="-4.821999"><ele>513.6</ele></trkpt>
    <trkpt lat="37.934816" lon="-4.821754"><ele>511.7</ele></trkpt>
    <trkpt lat="37.934718" lon="-4.821618"><ele>510.5</ele></trkpt>
    <trkpt lat="37.934524" lon="-4.821434"><ele>508.8</ele></trkpt>
    <trkpt lat="37.934429" lon="-4.821388"><ele>508.2</ele></trkpt>
    <trkpt lat="37.93425" lon="-4.821399"><ele>507.4</ele></trkpt>
    <trkpt lat="37.934164" lon="-4.821448"><ele>507.1</ele></trkpt>
    <trkpt lat="37.93409" lon="-4.821534"><ele>507</ele></trkpt>
    <trkpt lat="37.934005" lon="-4.82175"><ele>506.9</ele></trkpt>
    <trkpt lat="37.933944" lon="-4.82212"><ele>507.4</ele></trkpt>
    <trkpt lat="37.933885" lon="-4.822165"><ele>507.6</ele></trkpt>
    <trkpt lat="37.933579" lon="-4.822187"><ele>508.6</ele></trkpt>
    <trkpt lat="37.933519" lon="-4.822219"><ele>508.9</ele></trkpt>
    <trkpt lat="37.933324" lon="-4.822422"><ele>509.6</ele></trkpt>
    <trkpt lat="37.933215" lon="-4.822489"><ele>509.9</ele></trkpt>
    <trkpt lat="37.933134" lon="-4.822463"><ele>510.1</ele></trkpt>
    <trkpt lat="37.933084" lon="-4.822388"><ele>510.2</ele></trkpt>
    <trkpt lat="37.933051" lon="-4.821693"><ele>510.2</ele></trkpt>
    <trkpt lat="37.932988" lon="-4.821398"><ele>509.6</ele></trkpt>
    <trkpt lat="37.932893" lon="-4.821116"><ele>508.6</ele></trkpt>
    <trkpt lat="37.932819" lon="-4.820973"><ele>507.9</ele></trkpt>
    <trkpt lat="37.932753" lon="-4.820876"><ele>507.3</ele></trkpt>
    <trkpt lat="37.932558" lon="-4.820702"><ele>505.7</ele></trkpt>
    <trkpt lat="37.932308" lon="-4.820654"><ele>503.9</ele></trkpt>
    <trkpt lat="37.932212" lon="-4.820585"><ele>503.1</ele></trkpt>
    <trkpt lat="37.932078" lon="-4.819849"><ele>499.1</ele></trkpt>
    <trkpt lat="37.931949" lon="-4.819592"><ele>497.3</ele></trkpt>
    <trkpt lat="37.93148" lon="-4.819046"><ele>491.9</ele></trkpt>
    <trkpt lat="37.931222" lon="-4.818853"><ele>488.8</ele></trkpt>
    <trkpt lat="37.931163" lon="-4.818769"><ele>487.9</ele></trkpt>
    <trkpt lat="37.930997" lon="-4.818257"><ele>482.4</ele></trkpt>
    <trkpt lat="37.930879" lon="-4.818014"><ele>479.1</ele></trkpt>
    <trkpt lat="37.930723" lon="-4.817794"><ele>475.4</ele></trkpt>
    <trkpt lat="37.929648" lon="-4.816637"><ele>452.7</ele></trkpt>
    <trkpt lat="37.929536" lon="-4.816587"><ele>451.8</ele></trkpt>
    <trkpt lat="37.929418" lon="-4.81665"><ele>451</ele></trkpt>
    <trkpt lat="37.929243" lon="-4.816965"><ele>450.4</ele></trkpt>
    <trkpt lat="37.929186" lon="-4.817119"><ele>450.6</ele></trkpt>
    <trkpt lat="37.92915" lon="-4.817671"><ele>453.3</ele></trkpt>
    <trkpt lat="37.929071" lon="-4.818098"><ele>457.1</ele></trkpt>
    <trkpt lat="37.928969" lon="-4.818877"><ele>462.9</ele></trkpt>
    <trkpt lat="37.92894" lon="-4.81897"><ele>463.4</ele></trkpt>
    <trkpt lat="37.928869" lon="-4.819019"><ele>463.8</ele></trkpt>
    <trkpt lat="37.928773" lon="-4.818995"><ele>464.2</ele></trkpt>
    <trkpt lat="37.928669" lon="-4.818867"><ele>464.6</ele></trkpt>
    <trkpt lat="37.92835" lon="-4.81816"><ele>462.6</ele></trkpt>
    <trkpt lat="37.928147" lon="-4.817816"><ele>459.4</ele></trkpt>
    <trkpt lat="37.927346" lon="-4.816812"><ele>443.3</ele></trkpt>
    <trkpt lat="37.927295" lon="-4.816717"><ele>441.8</ele></trkpt>
    <trkpt lat="37.927266" lon="-4.816598"><ele>440.2</ele></trkpt>
    <trkpt lat="37.927152" lon="-4.815853"><ele>430.8</ele></trkpt>
    <trkpt lat="37.927054" lon="-4.815596"><ele>427.4</ele></trkpt>
    <trkpt lat="37.926981" lon="-4.815544"><ele>426.2</ele></trkpt>
    <trkpt lat="37.926689" lon="-4.815538"><ele>422.5</ele></trkpt>
    <trkpt lat="37.926216" lon="-4.815592"><ele>418.5</ele></trkpt>
    <trkpt lat="37.926116" lon="-4.815651"><ele>418</ele></trkpt>
    <trkpt lat="37.92605" lon="-4.81576"><ele>417.7</ele></trkpt>
    <trkpt lat="37.925975" lon="-4.815993"><ele>417.4</ele></trkpt>
    <trkpt lat="37.925937" lon="-4.816286"><ele>417.9</ele></trkpt>
    <trkpt lat="37.926027" lon="-4.817138"><ele>421.2</ele></trkpt>
    <trkpt lat="37.925992" lon="-4.817598"><ele>422.9</ele></trkpt>
    <trkpt lat="37.925972" lon="-4.817696"><ele>423.2</ele></trkpt>
    <trkpt lat="37.925915" lon="-4.817806"><ele>423.5</ele></trkpt>
    <trkpt lat="37.925847" lon="-4.817838"><ele>423.7</ele></trkpt>
    <trkpt lat="37.925757" lon="-4.817827"><ele>423.8</ele></trkpt>
    <trkpt lat="37.925664" lon="-4.817719"><ele>423.9</ele></trkpt>
    <trkpt lat="37.925568" lon="-4.817423"><ele>423.6</ele></trkpt>
    <trkpt lat="37.925473" lon="-4.817251"><ele>423.1</ele></trkpt>
    <trkpt lat="37.924725" lon="-4.816267"><ele>413.2</ele></trkpt>
    <trkpt lat="37.924615" lon="-4.816068"><ele>410.9</ele></trkpt>
    <trkpt lat="37.924052" lon="-4.814824"><ele>397.7</ele></trkpt>
    <trkpt lat="37.924004" lon="-4.814731"><ele>396.7</ele></trkpt>
    <trkpt lat="37.923944" lon="-4.814678"><ele>395.9</ele></trkpt>
    <trkpt lat="37.923834" lon="-4.81466"><ele>394.7</ele></trkpt>
    <trkpt lat="37.92353" lon="-4.814771"><ele>391.5</ele></trkpt>
    <trkpt lat="37.923335" lon="-4.81475"><ele>389.8</ele></trkpt>
    <trkpt lat="37.923232" lon="-4.814709"><ele>389</ele></trkpt>
    <trkpt lat="37.922819" lon="-4.814444"><ele>386.3</ele></trkpt>
    <trkpt lat="37.922674" lon="-4.814411"><ele>385.6</ele></trkpt>
    <trkpt lat="37.922578" lon="-4.814472"><ele>385.2</ele></trkpt>
    <trkpt lat="37.922545" lon="-4.81453"><ele>385</ele></trkpt>
    <trkpt lat="37.922498" lon="-4.815162"><ele>383.3</ele></trkpt>
    <trkpt lat="37.92242" lon="-4.815455"><ele>382.6</ele></trkpt>
    <trkpt lat="37.922284" lon="-4.815677"><ele>381.9</ele></trkpt>
    <trkpt lat="37.922212" lon="-4.815723"><ele>381.7</ele></trkpt>
    <trkpt lat="37.922043" lon="-4.81574"><ele>381.1</ele></trkpt>
    <trkpt lat="37.921848" lon="-4.815673"><ele>380.3</ele></trkpt>
    <trkpt lat="37.921729" lon="-4.815569"><ele>379.7</ele></trkpt>
    <trkpt lat="37.921669" lon="-4.815357"><ele>378.8</ele></trkpt>
    <trkpt lat="37.921639" lon="-4.815134"><ele>377.8</ele></trkpt>
    <trkpt lat="37.921656" lon="-4.814897"><ele>376.6</ele></trkpt>
    <trkpt lat="37.921692" lon="-4.814832"><ele>376.1</ele></trkpt>
    <trkpt lat="37.921776" lon="-4.814803"><ele>375.5</ele></trkpt>
    <trkpt lat="37.921985" lon="-4.814881"><ele>373.8</ele></trkpt>
    <trkpt lat="37.922039" lon="-4.814863"><ele>373.3</ele></trkpt>
    <trkpt lat="37.922097" lon="-4.814811"><ele>372.8</ele></trkpt>
    <trkpt lat="37.922114" lon="-4.814733"><ele>372.3</ele></trkpt>
    <trkpt lat="37.921967" lon="-4.813941"><ele>369.1</ele></trkpt>
    <trkpt lat="37.921976" lon="-4.813796"><ele>368.7</ele></trkpt>
    <trkpt lat="37.922028" lon="-4.813639"><ele>368.2</ele></trkpt>
    <trkpt lat="37.922088" lon="-4.813577"><ele>367.9</ele></trkpt>
    <trkpt lat="37.922172" lon="-4.813555"><ele>367.5</ele></trkpt>
    <trkpt lat="37.922642" lon="-4.813702"><ele>365</ele></trkpt>
    <trkpt lat="37.922923" lon="-4.813708"><ele>363.1</ele></trkpt>
    <trkpt lat="37.922976" lon="-4.813649"><ele>362.7</ele></trkpt>
    <trkpt lat="37.923006" lon="-4.813566"><ele>362.2</ele></trkpt>
    <trkpt lat="37.92301" lon="-4.813443"><ele>361.6</ele></trkpt>
    <trkpt lat="37.92294" lon="-4.813142"><ele>359.9</ele></trkpt>
    <trkpt lat="37.922933" lon="-4.812956"><ele>358.9</ele></trkpt>
    <trkpt lat="37.922995" lon="-4.812604"><ele>356.6</ele></trkpt>
    <trkpt lat="37.923048" lon="-4.81243"><ele>355.6</ele></trkpt>
    <trkpt lat="37.923207" lon="-4.812091"><ele>353.5</ele></trkpt>
    <trkpt lat="37.923397" lon="-4.811851"><ele>352.3</ele></trkpt>
    <trkpt lat="37.923507" lon="-4.81178"><ele>351.9</ele></trkpt>
    <trkpt lat="37.923596" lon="-4.811766"><ele>351.7</ele></trkpt>
    <trkpt lat="37.923702" lon="-4.811817"><ele>351.4</ele></trkpt>
    <trkpt lat="37.923704" lon="-4.811819"><ele>351.4</ele></trkpt>
    <trkpt lat="37.924066" lon="-4.812128"><ele>350.4</ele></trkpt>
    <trkpt lat="37.924353" lon="-4.812439"><ele>349.2</ele></trkpt>
    <trkpt lat="37.924425" lon="-4.812485"><ele>348.8</ele></trkpt>
    <trkpt lat="37.924497" lon="-4.812497"><ele>348.5</ele></trkpt>
    <trkpt lat="37.924681" lon="-4.812433"><ele>347.7</ele></trkpt>
    <trkpt lat="37.924751" lon="-4.812381"><ele>347.4</ele></trkpt>
    <trkpt lat="37.924817" lon="-4.812284"><ele>347</ele></trkpt>
    <trkpt lat="37.9249" lon="-4.811538"><ele>344.7</ele></trkpt>
    <trkpt lat="37.924934" lon="-4.811473"><ele>344.4</ele></trkpt>
    <trkpt lat="37.92498" lon="-4.811442"><ele>344.1</ele></trkpt>
    <trkpt lat="37.925112" lon="-4.811458"><ele>343.4</ele></trkpt>
    <trkpt lat="37.925277" lon="-4.811613"><ele>342.2</ele></trkpt>
    <trkpt lat="37.925573" lon="-4.812045"><ele>339.5</ele></trkpt>
    <trkpt lat="37.925699" lon="-4.812078"><ele>338.6</ele></trkpt>
    <trkpt lat="37.925763" lon="-4.812044"><ele>338.2</ele></trkpt>
    <trkpt lat="37.925864" lon="-4.811843"><ele>337</ele></trkpt>
    <trkpt lat="37.925949" lon="-4.811299"><ele>333.7</ele></trkpt>
    <trkpt lat="37.925936" lon="-4.810787"><ele>330</ele></trkpt>
    <trkpt lat="37.925897" lon="-4.810552"><ele>328.5</ele></trkpt>
    <trkpt lat="37.925904" lon="-4.810313"><ele>327</ele></trkpt>
    <trkpt lat="37.925938" lon="-4.810226"><ele>326.4</ele></trkpt>
    <trkpt lat="37.926058" lon="-4.810074"><ele>325.2</ele></trkpt>
    <trkpt lat="37.926281" lon="-4.80998"><ele>323.8</ele></trkpt>
    <trkpt lat="37.926395" lon="-4.809984"><ele>323.2</ele></trkpt>
    <trkpt lat="37.926572" lon="-4.810043"><ele>322.5</ele></trkpt>
    <trkpt lat="37.926662" lon="-4.810076"><ele>322.2</ele></trkpt>
    <trkpt lat="37.926795" lon="-4.810057"><ele>321.7</ele></trkpt>
    <trkpt lat="37.926974" lon="-4.809915"><ele>320.9</ele></trkpt>
    <trkpt lat="37.927429" lon="-4.809521"><ele>318.5</ele></trkpt>
    <trkpt lat="37.927523" lon="-4.809358"><ele>317.5</ele></trkpt>
    <trkpt lat="37.927536" lon="-4.809242"><ele>316.8</ele></trkpt>
    <trkpt lat="37.92738" lon="-4.808233"><ele>310.5</ele></trkpt>
    <trkpt lat="37.927329" lon="-4.808044"><ele>309.2</ele></trkpt>
    <trkpt lat="37.927023" lon="-4.807342"><ele>303.8</ele></trkpt>
    <trkpt lat="37.926859" lon="-4.807098"><ele>301.8</ele></trkpt>
    <trkpt lat="37.926672" lon="-4.806901"><ele>300.1</ele></trkpt>
    <trkpt lat="37.926413" lon="-4.806766"><ele>298.2</ele></trkpt>
    <trkpt lat="37.926253" lon="-4.806736"><ele>297.3</ele></trkpt>
    <trkpt lat="37.92618" lon="-4.806736"><ele>296.9</ele></trkpt>
    <trkpt lat="37.925924" lon="-4.806774"><ele>295.5</ele></trkpt>
    <trkpt lat="37.925557" lon="-4.806874"><ele>293.6</ele></trkpt>
    <trkpt lat="37.925432" lon="-4.806892"><ele>293</ele></trkpt>
    <trkpt lat="37.92534" lon="-4.806871"><ele>292.6</ele></trkpt>
    <trkpt lat="37.925131" lon="-4.806837"><ele>291.7</ele></trkpt>
    <trkpt lat="37.924254" lon="-4.806408"><ele>287.3</ele></trkpt>
    <trkpt lat="37.924025" lon="-4.806344"><ele>286</ele></trkpt>
    <trkpt lat="37.923828" lon="-4.806335"><ele>284.9</ele></trkpt>
    <trkpt lat="37.923228" lon="-4.806491"><ele>281.5</ele></trkpt>
    <trkpt lat="37.922963" lon="-4.806508"><ele>280</ele></trkpt>
    <trkpt lat="37.922829" lon="-4.806466"><ele>279.3</ele></trkpt>
    <trkpt lat="37.922258" lon="-4.806172"><ele>276</ele></trkpt>
    <trkpt lat="37.922105" lon="-4.806052"><ele>275</ele></trkpt>
    <trkpt lat="37.921962" lon="-4.805848"><ele>274</ele></trkpt>
    <trkpt lat="37.921686" lon="-4.805349"><ele>271.6</ele></trkpt>
    <trkpt lat="37.921526" lon="-4.805133"><ele>270.5</ele></trkpt>
    <trkpt lat="37.921399" lon="-4.805038"><ele>269.8</ele></trkpt>
    <trkpt lat="37.921344" lon="-4.805006"><ele>269.5</ele></trkpt>
    <trkpt lat="37.921168" lon="-4.804966"><ele>268.5</ele></trkpt>
    <trkpt lat="37.920811" lon="-4.804944"><ele>266.4</ele></trkpt>
    <trkpt lat="37.920564" lon="-4.804826"><ele>264.8</ele></trkpt>
    <trkpt lat="37.920083" lon="-4.804459"><ele>261.6</ele></trkpt>
    <trkpt lat="37.919849" lon="-4.804296"><ele>259.9</ele></trkpt>
    <trkpt lat="37.919058" lon="-4.803874"><ele>253.8</ele></trkpt>
    <trkpt lat="37.918761" lon="-4.803683"><ele>251.2</ele></trkpt>
    <trkpt lat="37.918376" lon="-4.803357"><ele>248.1</ele></trkpt>
    <trkpt lat="37.91831" lon="-4.803328"><ele>247.6</ele></trkpt>
    <trkpt lat="37.918076" lon="-4.803322"><ele>246.1</ele></trkpt>
    <trkpt lat="37.917914" lon="-4.803362"><ele>244.9</ele></trkpt>
    <trkpt lat="37.91751" lon="-4.803465"><ele>242.2</ele></trkpt>
    <trkpt lat="37.917343" lon="-4.803439"><ele>241.2</ele></trkpt>
    <trkpt lat="37.917237" lon="-4.803381"><ele>240.5</ele></trkpt>
    <trkpt lat="37.917122" lon="-4.803236"><ele>239.7</ele></trkpt>
    <trkpt lat="37.916703" lon="-4.80214"><ele>235.3</ele></trkpt>
    <trkpt lat="37.916069" lon="-4.800437"><ele>229.3</ele></trkpt>
    <trkpt lat="37.916033" lon="-4.80034"><ele>229</ele></trkpt>
    <trkpt lat="37.915697" lon="-4.799431"><ele>226.4</ele></trkpt>
    <trkpt lat="37.915592" lon="-4.799147"><ele>225.5</ele></trkpt>
    <trkpt lat="37.915266" lon="-4.79832"><ele>222.9</ele></trkpt>
    <trkpt lat="37.915127" lon="-4.798077"><ele>222</ele></trkpt>
    <trkpt lat="37.914789" lon="-4.797671"><ele>220</ele></trkpt>
    <trkpt lat="37.914001" lon="-4.797116"><ele>215.6</ele></trkpt>
    <trkpt lat="37.913944" lon="-4.797076"><ele>215.3</ele></trkpt>
    <trkpt lat="37.913487" lon="-4.796754"><ele>212.2</ele></trkpt>
    <trkpt lat="37.91254" lon="-4.7961"><ele>204.8</ele></trkpt>
    <trkpt lat="37.912464" lon="-4.796046"><ele>204.2</ele></trkpt>
    <trkpt lat="37.911936" lon="-4.795677"><ele>199.8</ele></trkpt>
    <trkpt lat="37.911486" lon="-4.795362"><ele>196.2</ele></trkpt>
    <trkpt lat="37.911035" lon="-4.795046"><ele>192.5</ele></trkpt>
    <trkpt lat="37.910941" lon="-4.794981"><ele>191.7</ele></trkpt>
    <trkpt lat="37.910591" lon="-4.794733"><ele>188.7</ele></trkpt>
    <trkpt lat="37.910244" lon="-4.794479"><ele>185.7</ele></trkpt>
    <trkpt lat="37.910135" lon="-4.794443"><ele>184.8</ele></trkpt>
    <trkpt lat="37.909393" lon="-4.793929"><ele>178.6</ele></trkpt>
    <trkpt lat="37.909186" lon="-4.79379"><ele>177</ele></trkpt>
    <trkpt lat="37.908569" lon="-4.793345"><ele>173</ele></trkpt>
    <trkpt lat="37.908533" lon="-4.793318"><ele>172.8</ele></trkpt>
    <trkpt lat="37.908487" lon="-4.793286"><ele>172.5</ele></trkpt>
    <trkpt lat="37.908134" lon="-4.793045"><ele>170.4</ele></trkpt>
    <trkpt lat="37.907716" lon="-4.792754"><ele>168.1</ele></trkpt>
    <trkpt lat="37.907361" lon="-4.792494"><ele>166</ele></trkpt>
    <trkpt lat="37.906725" lon="-4.792052"><ele>162.3</ele></trkpt>
    <trkpt lat="37.90649" lon="-4.791889"><ele>160.8</ele></trkpt>
    <trkpt lat="37.904552" lon="-4.790589"><ele>148.3</ele></trkpt>
    <trkpt lat="37.904501" lon="-4.790556"><ele>148</ele></trkpt>
    <trkpt lat="37.904351" lon="-4.790453"><ele>147.2</ele></trkpt>
    <trkpt lat="37.903783" lon="-4.790048"><ele>144.4</ele></trkpt>
    <trkpt lat="37.903181" lon="-4.789621"><ele>142.2</ele></trkpt>
    <trkpt lat="37.902952" lon="-4.789468"><ele>141.6</ele></trkpt>
    <trkpt lat="37.902066" lon="-4.788844"><ele>139.8</ele></trkpt>
    <trkpt lat="37.901064" lon="-4.788145"><ele>138.2</ele></trkpt>
    <trkpt lat="37.90049" lon="-4.787741"><ele>137</ele></trkpt>
    <trkpt lat="37.900114" lon="-4.787489"><ele>136.3</ele></trkpt>
    <trkpt lat="37.899869" lon="-4.787322"><ele>135.7</ele></trkpt>
    <trkpt lat="37.899442" lon="-4.787032"><ele>134.5</ele></trkpt>
    <trkpt lat="37.899311" lon="-4.78694"><ele>134.1</ele></trkpt>
    <trkpt lat="37.897923" lon="-4.785994"><ele>130.3</ele></trkpt>
    <trkpt lat="37.897776" lon="-4.785893"><ele>130</ele></trkpt>
    <trkpt lat="37.897508" lon="-4.785706"><ele>129.5</ele></trkpt>
    <trkpt lat="37.897394" lon="-4.785626"><ele>129.3</ele></trkpt>
    <trkpt lat="37.897356" lon="-4.7856"><ele>129.3</ele></trkpt>
    <trkpt lat="37.896989" lon="-4.785335"><ele>128.9</ele></trkpt>
    <trkpt lat="37.896595" lon="-4.785066"><ele>128.5</ele></trkpt>
    <trkpt lat="37.896403" lon="-4.784932"><ele>128.3</ele></trkpt>
    <trkpt lat="37.896118" lon="-4.784736"><ele>127.9</ele></trkpt>
    <trkpt lat="37.895668" lon="-4.784443"><ele>127.1</ele></trkpt>
    <trkpt lat="37.895643" lon="-4.784424"><ele>127.1</ele></trkpt>
    <trkpt lat="37.895506" lon="-4.784331"><ele>126.8</ele></trkpt>
    <trkpt lat="37.895228" lon="-4.784141"><ele>126.3</ele></trkpt>
    <trkpt lat="37.895082" lon="-4.783994"><ele>126.1</ele></trkpt>
    <trkpt lat="37.89492" lon="-4.783762"><ele>125.8</ele></trkpt>
    <trkpt lat="37.89483" lon="-4.783539"><ele>125.5</ele></trkpt>
    <trkpt lat="37.894769" lon="-4.783254"><ele>125.2</ele></trkpt>
    <trkpt lat="37.894681" lon="-4.782787"><ele>124.9</ele></trkpt>
    <trkpt lat="37.894525" lon="-4.782445"><ele>124.9</ele></trkpt>
    <trkpt lat="37.894477" lon="-4.78239"><ele>124.9</ele></trkpt>
    <trkpt lat="37.894328" lon="-4.782236"><ele>125</ele></trkpt>
    <trkpt lat="37.894163" lon="-4.782113"><ele>125</ele></trkpt>
    <trkpt lat="37.894061" lon="-4.78204"><ele>125</ele></trkpt>
    <trkpt lat="37.893296" lon="-4.781484"><ele>124.3</ele></trkpt>
    <trkpt lat="37.893126" lon="-4.781411"><ele>124.2</ele></trkpt>
    <trkpt lat="37.892991" lon="-4.781369"><ele>124</ele></trkpt>
    <trkpt lat="37.892847" lon="-4.781377"><ele>123.8</ele></trkpt>
    <trkpt lat="37.892799" lon="-4.781366"><ele>123.8</ele></trkpt>
    <trkpt lat="37.892597" lon="-4.781287"><ele>123.4</ele></trkpt>
    <trkpt lat="37.892555" lon="-4.781266"><ele>123.4</ele></trkpt>
    <trkpt lat="37.891897" lon="-4.780778"><ele>122.4</ele></trkpt>
    <trkpt lat="37.891861" lon="-4.780756"><ele>122.4</ele></trkpt>
    <trkpt lat="37.891748" lon="-4.780575"><ele>122.3</ele></trkpt>
    <trkpt lat="37.892065" lon="-4.780297"><ele>122</ele></trkpt>
    <trkpt lat="37.892555" lon="-4.779892"><ele>121.6</ele></trkpt>
    <trkpt lat="37.892852" lon="-4.779567"><ele>121.4</ele></trkpt>
    <trkpt lat="37.892945" lon="-4.779421"><ele>121.3</ele></trkpt>
    <trkpt lat="37.893176" lon="-4.778971"><ele>120.9</ele></trkpt>
    <trkpt lat="37.893399" lon="-4.778456"><ele>120.8</ele></trkpt>
    <trkpt lat="37.894312" lon="-4.77633"><ele>120.7</ele></trkpt>
    <trkpt lat="37.894443" lon="-4.776027"><ele>120.7</ele></trkpt>
    <trkpt lat="37.894869" lon="-4.775045"><ele>121.2</ele></trkpt>
    <trkpt lat="37.894974" lon="-4.7748"><ele>121.5</ele></trkpt>
    <trkpt lat="37.895327" lon="-4.77401"><ele>122.8</ele></trkpt>
    <trkpt lat="37.895635" lon="-4.773284"><ele>123.4</ele></trkpt>
    <trkpt lat="37.895651" lon="-4.773247"><ele>123.4</ele></trkpt>
    <trkpt lat="37.895728" lon="-4.773055"><ele>123.5</ele></trkpt>
    <trkpt lat="37.895896" lon="-4.772682"><ele>123.5</ele></trkpt>
    <trkpt lat="37.895987" lon="-4.772461"><ele>123.4</ele></trkpt>
    <trkpt lat="37.896924" lon="-4.770222"><ele>121.7</ele></trkpt>
    <trkpt lat="37.897424" lon="-4.769049"><ele>119.8</ele></trkpt>
    <trkpt lat="37.897571" lon="-4.768635"><ele>118.8</ele></trkpt>
    <trkpt lat="37.897652" lon="-4.76827"><ele>118</ele></trkpt>
    <trkpt lat="37.897689" lon="-4.767785"><ele>117</ele></trkpt>
    <trkpt lat="37.897664" lon="-4.767348"><ele>116.1</ele></trkpt>
    <trkpt lat="37.897415" lon="-4.765464"><ele>113.3</ele></trkpt>
    <trkpt lat="37.897169" lon="-4.763452"><ele>110.4</ele></trkpt>
    <trkpt lat="37.897177" lon="-4.763241"><ele>110.1</ele></trkpt>
    <trkpt lat="37.897173" lon="-4.763207"><ele>110.1</ele></trkpt>
    <trkpt lat="37.897151" lon="-4.76303"><ele>109.9</ele></trkpt>
    <trkpt lat="37.897147" lon="-4.762996"><ele>109.9</ele></trkpt>
    <trkpt lat="37.897129" lon="-4.762848"><ele>109.8</ele></trkpt>
    <trkpt lat="37.89705" lon="-4.762186"><ele>109.5</ele></trkpt>
    <trkpt lat="37.897006" lon="-4.761822"><ele>109.4</ele></trkpt>
    <trkpt lat="37.896902" lon="-4.760963"><ele>109.3</ele></trkpt>
    <trkpt lat="37.89661" lon="-4.758538"><ele>108</ele></trkpt>
    <trkpt lat="37.896523" lon="-4.757819"><ele>107.9</ele></trkpt>
    <trkpt lat="37.896502" lon="-4.757648"><ele>107.9</ele></trkpt>
    <trkpt lat="37.896401" lon="-4.756807"><ele>108</ele></trkpt>
    <trkpt lat="37.896379" lon="-4.756626"><ele>108</ele></trkpt>
    <trkpt lat="37.896346" lon="-4.756349"><ele>108.1</ele></trkpt>
    <trkpt lat="37.896245" lon="-4.755508"><ele>108.4</ele></trkpt>
    <trkpt lat="37.896099" lon="-4.754299"><ele>108.7</ele></trkpt>
    <trkpt lat="37.896063" lon="-4.754004"><ele>108.7</ele></trkpt>
    <trkpt lat="37.896055" lon="-4.753938"><ele>108.7</ele></trkpt>
    <trkpt lat="37.89595" lon="-4.753065"><ele>108.5</ele></trkpt>
    <trkpt lat="37.895882" lon="-4.752502"><ele>108.2</ele></trkpt>
    <trkpt lat="37.895866" lon="-4.752371"><ele>108.1</ele></trkpt>
    <trkpt lat="37.895702" lon="-4.751006"><ele>107.3</ele></trkpt>
    <trkpt lat="37.895686" lon="-4.750876"><ele>107.2</ele></trkpt>
    <trkpt lat="37.895659" lon="-4.750648"><ele>107.1</ele></trkpt>
    <trkpt lat="37.895635" lon="-4.750446"><ele>106.9</ele></trkpt>
    <trkpt lat="37.8956" lon="-4.750146"><ele>106.6</ele></trkpt>
    <trkpt lat="37.895544" lon="-4.750074"><ele>106.6</ele></trkpt>
    <trkpt lat="37.895504" lon="-4.749844"><ele>106.4</ele></trkpt>
    <trkpt lat="37.895409" lon="-4.749573"><ele>106.2</ele></trkpt>
    <trkpt lat="37.895276" lon="-4.749369"><ele>106</ele></trkpt>
    <trkpt lat="37.895113" lon="-4.749224"><ele>105.8</ele></trkpt>
    <trkpt lat="37.894965" lon="-4.749183"><ele>105.6</ele></trkpt>
    <trkpt lat="37.894859" lon="-4.749222"><ele>105.5</ele></trkpt>
    <trkpt lat="37.894653" lon="-4.749515"><ele>105.5</ele></trkpt>
    <trkpt lat="37.894532" lon="-4.749809"><ele>105.7</ele></trkpt>
    <trkpt lat="37.894367" lon="-4.750209"><ele>106</ele></trkpt>
    <trkpt lat="37.894336" lon="-4.750285"><ele>106.1</ele></trkpt>
    <trkpt lat="37.894215" lon="-4.750557"><ele>106.3</ele></trkpt>
    <trkpt lat="37.894149" lon="-4.750706"><ele>106.5</ele></trkpt>
    <trkpt lat="37.893522" lon="-4.752152"><ele>106.9</ele></trkpt>
    <trkpt lat="37.893172" lon="-4.752957"><ele>106.4</ele></trkpt>
    <trkpt lat="37.892942" lon="-4.753487"><ele>106</ele></trkpt>
    <trkpt lat="37.892082" lon="-4.755484"><ele>104.9</ele></trkpt>
    <trkpt lat="37.891983" lon="-4.755707"><ele>105</ele></trkpt>
    <trkpt lat="37.891754" lon="-4.756251"><ele>105.1</ele></trkpt>
    <trkpt lat="37.891504" lon="-4.756829"><ele>105</ele></trkpt>
    <trkpt lat="37.891363" lon="-4.757162"><ele>105</ele></trkpt>
    <trkpt lat="37.891321" lon="-4.757263"><ele>105</ele></trkpt>
    <trkpt lat="37.891211" lon="-4.757518"><ele>105</ele></trkpt>
    <trkpt lat="37.891191" lon="-4.757564"><ele>105</ele></trkpt>
    <trkpt lat="37.890915" lon="-4.758206"><ele>104.5</ele></trkpt>
    <trkpt lat="37.890633" lon="-4.758868"><ele>104</ele></trkpt>
    <trkpt lat="37.890561" lon="-4.759038"><ele>104</ele></trkpt>
    <trkpt lat="37.890001" lon="-4.760259"><ele>103.2</ele></trkpt>
    <trkpt lat="37.889562" lon="-4.76088"><ele>103</ele></trkpt>
    <trkpt lat="37.889134" lon="-4.761347"><ele>102.9</ele></trkpt>
    <trkpt lat="37.888036" lon="-4.76245"><ele>102.8</ele></trkpt>
    <trkpt lat="37.887873" lon="-4.762616"><ele>102.7</ele></trkpt>
    <trkpt lat="37.88727" lon="-4.763214"><ele>102.5</ele></trkpt>
    <trkpt lat="37.887135" lon="-4.763356"><ele>102.5</ele></trkpt>
    <trkpt lat="37.886696" lon="-4.763797"><ele>102.9</ele></trkpt>
    <trkpt lat="37.886585" lon="-4.763909"><ele>102.9</ele></trkpt>
    <trkpt lat="37.886138" lon="-4.764372"><ele>103.2</ele></trkpt>
    <trkpt lat="37.885938" lon="-4.76466"><ele>103.3</ele></trkpt>
    <trkpt lat="37.885854" lon="-4.764794"><ele>103.3</ele></trkpt>
    <trkpt lat="37.885373" lon="-4.765804"><ele>103.2</ele></trkpt>
    <trkpt lat="37.885239" lon="-4.765985"><ele>103</ele></trkpt>
    <trkpt lat="37.885066" lon="-4.766191"><ele>103.1</ele></trkpt>
    <trkpt lat="37.884818" lon="-4.766386"><ele>103.3</ele></trkpt>
    <trkpt lat="37.884557" lon="-4.766508"><ele>103.6</ele></trkpt>
    <trkpt lat="37.884257" lon="-4.766576"><ele>104</ele></trkpt>
    <trkpt lat="37.884086" lon="-4.766603"><ele>104.2</ele></trkpt>
    <trkpt lat="37.884019" lon="-4.766614"><ele>104.3</ele></trkpt>
    <trkpt lat="37.88344" lon="-4.766706"><ele>104.7</ele></trkpt>
    <trkpt lat="37.882701" lon="-4.766832"><ele>104.5</ele></trkpt>
    <trkpt lat="37.882254" lon="-4.766908"><ele>103.9</ele></trkpt>
    <trkpt lat="37.881741" lon="-4.767008"><ele>103.3</ele></trkpt>
    <trkpt lat="37.881551" lon="-4.767045"><ele>103</ele></trkpt>
    <trkpt lat="37.881109" lon="-4.767131"><ele>102.3</ele></trkpt>
    <trkpt lat="37.880993" lon="-4.767199"><ele>102</ele></trkpt>
    <trkpt lat="37.88085" lon="-4.767345"><ele>101.7</ele></trkpt>
    <trkpt lat="37.880764" lon="-4.767529"><ele>101.4</ele></trkpt>
    <trkpt lat="37.880652" lon="-4.768024"><ele>100.6</ele></trkpt>
    <trkpt lat="37.880595" lon="-4.768152"><ele>100.4</ele></trkpt>
    <trkpt lat="37.88047" lon="-4.768252"><ele>100.1</ele></trkpt>
    <trkpt lat="37.880259" lon="-4.768223"><ele>99.7</ele></trkpt>
    <trkpt lat="37.878611" lon="-4.767728"><ele>98.1</ele></trkpt>
    <trkpt lat="37.878566" lon="-4.767715"><ele>98.1</ele></trkpt>
    <trkpt lat="37.877944" lon="-4.767604"><ele>97.5</ele></trkpt>
    <trkpt lat="37.877689" lon="-4.767532"><ele>97.2</ele></trkpt>
    <trkpt lat="37.877395" lon="-4.76735"><ele>96.9</ele></trkpt>
    <trkpt lat="37.877209" lon="-4.767194"><ele>96.7</ele></trkpt>
    <trkpt lat="37.876938" lon="-4.76698"><ele>96.4</ele></trkpt>
    <trkpt lat="37.876624" lon="-4.766732"><ele>96.2</ele></trkpt>
    <trkpt lat="37.876268" lon="-4.766455"><ele>96</ele></trkpt>
    <trkpt lat="37.875407" lon="-4.765778"><ele>95.8</ele></trkpt>
    <trkpt lat="37.875104" lon="-4.765487"><ele>95.9</ele></trkpt>
    <trkpt lat="37.875016" lon="-4.765392"><ele>96</ele></trkpt>
    <trkpt lat="37.874916" lon="-4.765438"><ele>96</ele></trkpt>
    <trkpt lat="37.874779" lon="-4.76541"><ele>96.1</ele></trkpt>
    <trkpt lat="37.874688" lon="-4.765502"><ele>96.2</ele></trkpt>
    <trkpt lat="37.874496" lon="-4.765823"><ele>96.3</ele></trkpt>
    <trkpt lat="37.874384" lon="-4.766096"><ele>96.4</ele></trkpt>
    <trkpt lat="37.874382" lon="-4.766102"><ele>96.4</ele></trkpt>
    <trkpt lat="37.874322" lon="-4.766379"><ele>96.5</ele></trkpt>
    <trkpt lat="37.874306" lon="-4.766677"><ele>96.5</ele></trkpt>
    <trkpt lat="37.874314" lon="-4.766824"><ele>96.5</ele></trkpt>
    <trkpt lat="37.874325" lon="-4.76697"><ele>96.5</ele></trkpt>
    <trkpt lat="37.874466" lon="-4.768736"><ele>94.4</ele></trkpt>
    <trkpt lat="37.874469" lon="-4.768774"><ele>94.4</ele></trkpt>
    <trkpt lat="37.874675" lon="-4.771378"><ele>92.6</ele></trkpt>
    <trkpt lat="37.874698" lon="-4.771665"><ele>93.2</ele></trkpt>
    <trkpt lat="37.874773" lon="-4.772613"><ele>95.9</ele></trkpt>
    <trkpt lat="37.874783" lon="-4.772733"><ele>96.2</ele></trkpt>
    <trkpt lat="37.874841" lon="-4.773503"><ele>97.6</ele></trkpt>
    <trkpt lat="37.874864" lon="-4.773735"><ele>97.8</ele></trkpt>
    <trkpt lat="37.874921" lon="-4.774108"><ele>97.8</ele></trkpt>
    <trkpt lat="37.874913" lon="-4.774214"><ele>97.8</ele></trkpt>
    <trkpt lat="37.874934" lon="-4.774344"><ele>97.8</ele></trkpt>
    <trkpt lat="37.874955" lon="-4.774468"><ele>97.8</ele></trkpt>
    <trkpt lat="37.875038" lon="-4.774967"><ele>97.8</ele></trkpt>
    <trkpt lat="37.875043" lon="-4.774998"><ele>97.8</ele></trkpt>
    <trkpt lat="37.875122" lon="-4.775188"><ele>97.8</ele></trkpt>
    <trkpt lat="37.875206" lon="-4.775285"><ele>97.8</ele></trkpt>
    <trkpt lat="37.875223" lon="-4.775427"><ele>97.7</ele></trkpt>
    <trkpt lat="37.875177" lon="-4.775539"><ele>97.7</ele></trkpt>
    <trkpt lat="37.875136" lon="-4.775577"><ele>97.7</ele></trkpt>
    <trkpt lat="37.875038" lon="-4.7756"><ele>97.7</ele></trkpt>
    <trkpt lat="37.874989" lon="-4.775584"><ele>97.7</ele></trkpt>
    <trkpt lat="37.8748" lon="-4.775676"><ele>97.7</ele></trkpt>
    <trkpt lat="37.874189" lon="-4.776105"><ele>97.7</ele></trkpt>
    <trkpt lat="37.873342" lon="-4.776707"><ele>97.6</ele></trkpt>
    <trkpt lat="37.872857" lon="-4.777056"><ele>97.7</ele></trkpt>
    <trkpt lat="37.872571" lon="-4.777262"><ele>97.9</ele></trkpt>
    <trkpt lat="37.872458" lon="-4.777341"><ele>98</ele></trkpt>
    <trkpt lat="37.872061" lon="-4.777626"><ele>98.4</ele></trkpt>
    <trkpt lat="37.87184" lon="-4.777785"><ele>98.6</ele></trkpt>
    <trkpt lat="37.871573" lon="-4.777973"><ele>98.8</ele></trkpt>
    <trkpt lat="37.871317" lon="-4.778158"><ele>98.9</ele></trkpt>
    <trkpt lat="37.870665" lon="-4.778623"><ele>98.4</ele></trkpt>
    <trkpt lat="37.870375" lon="-4.778964"><ele>98</ele></trkpt>
    <trkpt lat="37.870328" lon="-4.779025"><ele>98</ele></trkpt>
    <trkpt lat="37.870307" lon="-4.779162"><ele>97.8</ele></trkpt>
    <trkpt lat="37.87032" lon="-4.779234"><ele>97.8</ele></trkpt>
    <trkpt lat="37.870407" lon="-4.779542"><ele>97.5</ele></trkpt>
    <trkpt lat="37.87054" lon="-4.779794"><ele>97.3</ele></trkpt>
    <trkpt lat="37.87066" lon="-4.780018"><ele>97</ele></trkpt>
    <trkpt lat="37.871187" lon="-4.781004"><ele>95.7</ele></trkpt>
    <trkpt lat="37.871243" lon="-4.781107"><ele>95.6</ele></trkpt>
    <trkpt lat="37.87126" lon="-4.781138"><ele>95.5</ele></trkpt>
    <trkpt lat="37.871266" lon="-4.781152"><ele>95.5</ele></trkpt>
    <trkpt lat="37.872536" lon="-4.783491"><ele>93.9</ele></trkpt>
    <trkpt lat="37.872591" lon="-4.783586"><ele>94.1</ele></trkpt>
    <trkpt lat="37.872731" lon="-4.783841"><ele>94.6</ele></trkpt>
    <trkpt lat="37.872785" lon="-4.783939"><ele>94.8</ele></trkpt>
    <trkpt lat="37.87298" lon="-4.784281"><ele>95.6</ele></trkpt>
    <trkpt lat="37.8731" lon="-4.784502"><ele>96.2</ele></trkpt>
    <trkpt lat="37.87348" lon="-4.785154"><ele>97.8</ele></trkpt>
    <trkpt lat="37.873615" lon="-4.785331"><ele>98.1</ele></trkpt>
    <trkpt lat="37.873937" lon="-4.785666"><ele>98.3</ele></trkpt>
    <trkpt lat="37.874281" lon="-4.785932"><ele>98.5</ele></trkpt>
    <trkpt lat="37.87455" lon="-4.786079"><ele>98.8</ele></trkpt>
    <trkpt lat="37.874573" lon="-4.786092"><ele>98.8</ele></trkpt>
    <trkpt lat="37.874856" lon="-4.786211"><ele>99.3</ele></trkpt>
    <trkpt lat="37.875141" lon="-4.786272"><ele>99.9</ele></trkpt>
    <trkpt lat="37.87531" lon="-4.786272"><ele>100.3</ele></trkpt>
    <trkpt lat="37.875409" lon="-4.786272"><ele>100.6</ele></trkpt>
    <trkpt lat="37.875539" lon="-4.786264"><ele>100.9</ele></trkpt>
    <trkpt lat="37.87576" lon="-4.78625"><ele>101.6</ele></trkpt>
    <trkpt lat="37.875906" lon="-4.786245"><ele>102</ele></trkpt>
    <trkpt lat="37.878199" lon="-4.786"><ele>109</ele></trkpt>
  </trkseg></trk></gpx>