<?xml version="1.0" encoding="UTF-8"?>
<gpx version="1.1" creator="tour-scraper" xmlns="http://www.topografix.com/GPX/1/1">
  <trk><name>Stage 17: From Dos Hermanas to Seville — La Vuelta 26</name><trkseg>
    <trkpt lat="37.2263" lon="-5.924204"><ele>31.6</ele></trkpt>
    <trkpt lat="37.225093" lon="-5.923271"><ele>31</ele></trkpt>
    <trkpt lat="37.224393" lon="-5.922832"><ele>30.4</ele></trkpt>
    <trkpt lat="37.224067" lon="-5.922676"><ele>30.1</ele></trkpt>
    <trkpt lat="37.222606" lon="-5.922132"><ele>28.2</ele></trkpt>
    <trkpt lat="37.218927" lon="-5.920879"><ele>21.9</ele></trkpt>
    <trkpt lat="37.218527" lon="-5.920807"><ele>21.2</ele></trkpt>
    <trkpt lat="37.218255" lon="-5.920787"><ele>20.8</ele></trkpt>
    <trkpt lat="37.217489" lon="-5.920857"><ele>19.8</ele></trkpt>
    <trkpt lat="37.216797" lon="-5.921099"><ele>19.4</ele></trkpt>
    <trkpt lat="37.216537" lon="-5.921244"><ele>19.3</ele></trkpt>
    <trkpt lat="37.215832" lon="-5.921791"><ele>19.2</ele></trkpt>
    <trkpt lat="37.215714" lon="-5.92183"><ele>19.2</ele></trkpt>
    <trkpt lat="37.21558" lon="-5.921818"><ele>19.2</ele></trkpt>
    <trkpt lat="37.215387" lon="-5.921734"><ele>19.1</ele></trkpt>
    <trkpt lat="37.215327" lon="-5.921829"><ele>19.1</ele></trkpt>
    <trkpt lat="37.215262" lon="-5.921875"><ele>19.1</ele></trkpt>
    <trkpt lat="37.215114" lon="-5.921881"><ele>19.1</ele></trkpt>
    <trkpt lat="37.215047" lon="-5.92184"><ele>19.1</ele></trkpt>
    <trkpt lat="37.214816" lon="-5.922059"><ele>19.2</ele></trkpt>
    <trkpt lat="37.214567" lon="-5.92211"><ele>19.2</ele></trkpt>
    <trkpt lat="37.213289" lon="-5.921568"><ele>19.9</ele></trkpt>
    <trkpt lat="37.212845" lon="-5.921468"><ele>20</ele></trkpt>
    <trkpt lat="37.212644" lon="-5.921471"><ele>19.9</ele></trkpt>
    <trkpt lat="37.212454" lon="-5.921487"><ele>19.9</ele></trkpt>
    <trkpt lat="37.210972" lon="-5.921982"><ele>18.4</ele></trkpt>
    <trkpt lat="37.210083" lon="-5.922243"><ele>18.3</ele></trkpt>
    <trkpt lat="37.207567" lon="-5.92312"><ele>20.5</ele></trkpt>
    <trkpt lat="37.202017" lon="-5.92513"><ele>22.5</ele></trkpt>
    <trkpt lat="37.201268" lon="-5.925352"><ele>22.5</ele></trkpt>
    <trkpt lat="37.200473" lon="-5.925529"><ele>23</ele></trkpt>
    <trkpt lat="37.199515" lon="-5.925648"><ele>23.8</ele></trkpt>
    <trkpt lat="37.198726" lon="-5.92568"><ele>24.1</ele></trkpt>
    <trkpt lat="37.197764" lon="-5.925613"><ele>23.7</ele></trkpt>
    <trkpt lat="37.1973" lon="-5.925552"><ele>23.4</ele></trkpt>
    <trkpt lat="37.194153" lon="-5.924877"><ele>21.1</ele></trkpt>
    <trkpt lat="37.193701" lon="-5.924811"><ele>20.7</ele></trkpt>
    <trkpt lat="37.191063" lon="-5.924607"><ele>18</ele></trkpt>
    <trkpt lat="37.190993" lon="-5.924601"><ele>17.9</ele></trkpt>
    <trkpt lat="37.190851" lon="-5.924593"><ele>17.8</ele></trkpt>
    <trkpt lat="37.190742" lon="-5.924585"><ele>17.6</ele></trkpt>
    <trkpt lat="37.190508" lon="-5.924568"><ele>17.4</ele></trkpt>
    <trkpt lat="37.188295" lon="-5.924416"><ele>15.5</ele></trkpt>
    <trkpt lat="37.187841" lon="-5.92441"><ele>15.3</ele></trkpt>
    <trkpt lat="37.186913" lon="-5.924438"><ele>14.9</ele></trkpt>
    <trkpt lat="37.185859" lon="-5.924512"><ele>14.5</ele></trkpt>
    <trkpt lat="37.18566" lon="-5.924544"><ele>14.4</ele></trkpt>
    <trkpt lat="37.185439" lon="-5.92463"><ele>14.3</ele></trkpt>
    <trkpt lat="37.185129" lon="-5.924842"><ele>14.2</ele></trkpt>
    <trkpt lat="37.184914" lon="-5.925079"><ele>14.1</ele></trkpt>
    <trkpt lat="37.184813" lon="-5.92524"><ele>14.1</ele></trkpt>
    <trkpt lat="37.184618" lon="-5.92575"><ele>13.9</ele></trkpt>
    <trkpt lat="37.184513" lon="-5.926474"><ele>13.5</ele></trkpt>
    <trkpt lat="37.184456" lon="-5.926705"><ele>13.4</ele></trkpt>
    <trkpt lat="37.184324" lon="-5.926894"><ele>13.3</ele></trkpt>
    <trkpt lat="37.184238" lon="-5.926961"><ele>13.3</ele></trkpt>
    <trkpt lat="37.18407" lon="-5.92701"><ele>13.3</ele></trkpt>
    <trkpt lat="37.183875" lon="-5.926964"><ele>13.2</ele></trkpt>
    <trkpt lat="37.183624" lon="-5.926838"><ele>13.3</ele></trkpt>
    <trkpt lat="37.183477" lon="-5.926847"><ele>13.3</ele></trkpt>
    <trkpt lat="37.1834" lon="-5.926812"><ele>13.3</ele></trkpt>
    <trkpt lat="37.183347" lon="-5.926754"><ele>13.3</ele></trkpt>
    <trkpt lat="37.183301" lon="-5.926584"><ele>13.3</ele></trkpt>
    <trkpt lat="37.183324" lon="-5.926432"><ele>13.3</ele></trkpt>
    <trkpt lat="37.183281" lon="-5.926249"><ele>13.4</ele></trkpt>
    <trkpt lat="37.18323" lon="-5.926148"><ele>13.4</ele></trkpt>
    <trkpt lat="37.182746" lon="-5.925476"><ele>13.7</ele></trkpt>
    <trkpt lat="37.182395" lon="-5.924989"><ele>13.7</ele></trkpt>
    <trkpt lat="37.182197" lon="-5.924706"><ele>13.5</ele></trkpt>
    <trkpt lat="37.182078" lon="-5.924614"><ele>13.5</ele></trkpt>
    <trkpt lat="37.18195" lon="-5.924563"><ele>13.4</ele></trkpt>
    <trkpt lat="37.181799" lon="-5.92456"><ele>13.4</ele></trkpt>
    <trkpt lat="37.181685" lon="-5.924437"><ele>13.3</ele></trkpt>
    <trkpt lat="37.181526" lon="-5.924358"><ele>13.2</ele></trkpt>
    <trkpt lat="37.181239" lon="-5.924361"><ele>13.1</ele></trkpt>
    <trkpt lat="37.178877" lon="-5.924793"><ele>12.4</ele></trkpt>
    <trkpt lat="37.177506" lon="-5.924947"><ele>12.2</ele></trkpt>
    <trkpt lat="37.177003" lon="-5.924979"><ele>12</ele></trkpt>
    <trkpt lat="37.175953" lon="-5.925062"><ele>11.2</ele></trkpt>
    <trkpt lat="37.175073" lon="-5.92512"><ele>10.8</ele></trkpt>
    <trkpt lat="37.174411" lon="-5.92516"><ele>10.4</ele></trkpt>
    <trkpt lat="37.173818" lon="-5.925246"><ele>10.1</ele></trkpt>
    <trkpt lat="37.173452" lon="-5.925362"><ele>9.7</ele></trkpt>
    <trkpt lat="37.172997" lon="-5.925552"><ele>9.1</ele></trkpt>
    <trkpt lat="37.172397" lon="-5.92579"><ele>8.4</ele></trkpt>
    <trkpt lat="37.171924" lon="-5.925945"><ele>7.9</ele></trkpt>
    <trkpt lat="37.171445" lon="-5.926005"><ele>7.6</ele></trkpt>
    <trkpt lat="37.1713" lon="-5.92602"><ele>7.5</ele></trkpt>
    <trkpt lat="37.171085" lon="-5.92602"><ele>7.4</ele></trkpt>
    <trkpt lat="37.170502" lon="-5.925953"><ele>7.2</ele></trkpt>
    <trkpt lat="37.170306" lon="-5.925928"><ele>7.1</ele></trkpt>
    <trkpt lat="37.170173" lon="-5.925916"><ele>7.2</ele></trkpt>
    <trkpt lat="37.169404" lon="-5.925813"><ele>7.5</ele></trkpt>
    <trkpt lat="37.168785" lon="-5.925731"><ele>7.7</ele></trkpt>
    <trkpt lat="37.167611" lon="-5.925579"><ele>7.9</ele></trkpt>
    <trkpt lat="37.167475" lon="-5.925589"><ele>7.8</ele></trkpt>
    <trkpt lat="37.167253" lon="-5.925664"><ele>7.8</ele></trkpt>
    <trkpt lat="37.167205" lon="-5.925719"><ele>7.8</ele></trkpt>
    <trkpt lat="37.167108" lon="-5.925748"><ele>7.8</ele></trkpt>
    <trkpt lat="37.167015" lon="-5.9257"><ele>7.8</ele></trkpt>
    <trkpt lat="37.166986" lon="-5.925659"><ele>7.8</ele></trkpt>
    <trkpt lat="37.16697" lon="-5.925623"><ele>7.8</ele></trkpt>
    <trkpt lat="37.166847" lon="-5.925533"><ele>7.8</ele></trkpt>
    <trkpt lat="37.166698" lon="-5.925493"><ele>7.8</ele></trkpt>
    <trkpt lat="37.166021" lon="-5.925373"><ele>8</ele></trkpt>
    <trkpt lat="37.165656" lon="-5.925241"><ele>8.3</ele></trkpt>
    <trkpt lat="37.165238" lon="-5.925056"><ele>8.8</ele></trkpt>
    <trkpt lat="37.165183" lon="-5.925085"><ele>8.9</ele></trkpt>
    <trkpt lat="37.165123" lon="-5.925079"><ele>9</ele></trkpt>
    <trkpt lat="37.165071" lon="-5.92504"><ele>9.1</ele></trkpt>
    <trkpt lat="37.165038" lon="-5.924974"><ele>9.2</ele></trkpt>
    <trkpt lat="37.164927" lon="-5.924897"><ele>9.4</ele></trkpt>
    <trkpt lat="37.164257" lon="-5.924569"><ele>10.7</ele></trkpt>
    <trkpt lat="37.16397" lon="-5.92443"><ele>11.2</ele></trkpt>
    <trkpt lat="37.163554" lon="-5.924295"><ele>11.8</ele></trkpt>
    <trkpt lat="37.163202" lon="-5.924242"><ele>11.9</ele></trkpt>
    <trkpt lat="37.162996" lon="-5.924258"><ele>11.9</ele></trkpt>
    <trkpt lat="37.162923" lon="-5.924308"><ele>11.9</ele></trkpt>
    <trkpt lat="37.162876" lon="-5.924293"><ele>11.9</ele></trkpt>
    <trkpt lat="37.162856" lon="-5.924286"><ele>11.9</ele></trkpt>
    <trkpt lat="37.162815" lon="-5.924219"><ele>11.8</ele></trkpt>
    <trkpt lat="37.162811" lon="-5.924196"><ele>11.8</ele></trkpt>
    <trkpt lat="37.162538" lon="-5.924112"><ele>11.6</ele></trkpt>
    <trkpt lat="37.161602" lon="-5.923932"><ele>11</ele></trkpt>
    <trkpt lat="37.161101" lon="-5.923864"><ele>10.9</ele></trkpt>
    <trkpt lat="37.160397" lon="-5.923869"><ele>11.1</ele></trkpt>
    <trkpt lat="37.159956" lon="-5.923864"><ele>11.1</ele></trkpt>
    <trkpt lat="37.159878" lon="-5.923904"><ele>11</ele></trkpt>
    <trkpt lat="37.159853" lon="-5.923898"><ele>11</ele></trkpt>
    <trkpt lat="37.159788" lon="-5.923805"><ele>11</ele></trkpt>
    <trkpt lat="37.159796" lon="-5.923728"><ele>11</ele></trkpt>
    <trkpt lat="37.159771" lon="-5.923613"><ele>11</ele></trkpt>
    <trkpt lat="37.159445" lon="-5.92289"><ele>11</ele></trkpt>
    <trkpt lat="37.159434" lon="-5.922702"><ele>11</ele></trkpt>
    <trkpt lat="37.159735" lon="-5.921618"><ele>11.4</ele></trkpt>
    <trkpt lat="37.159892" lon="-5.921037"><ele>11.5</ele></trkpt>
    <trkpt lat="37.160003" lon="-5.920642"><ele>11.3</ele></trkpt>
    <trkpt lat="37.16011" lon="-5.920252"><ele>11.1</ele></trkpt>
    <trkpt lat="37.160185" lon="-5.919929"><ele>10.9</ele></trkpt>
    <trkpt lat="37.160232" lon="-5.91977"><ele>10.7</ele></trkpt>
    <trkpt lat="37.160327" lon="-5.919468"><ele>10.6</ele></trkpt>
    <trkpt lat="37.160479" lon="-5.919063"><ele>10.5</ele></trkpt>
    <trkpt lat="37.16062" lon="-5.918725"><ele>10.4</ele></trkpt>
    <trkpt lat="37.160736" lon="-5.918447"><ele>10.5</ele></trkpt>
    <trkpt lat="37.160913" lon="-5.918017"><ele>10.7</ele></trkpt>
    <trkpt lat="37.161077" lon="-5.917659"><ele>10.9</ele></trkpt>
    <trkpt lat="37.161197" lon="-5.917391"><ele>11</ele></trkpt>
    <trkpt lat="37.161335" lon="-5.917023"><ele>10.9</ele></trkpt>
    <trkpt lat="37.161389" lon="-5.916845"><ele>10.9</ele></trkpt>
    <trkpt lat="37.161493" lon="-5.916617"><ele>10.9</ele></trkpt>
    <trkpt lat="37.161621" lon="-5.916304"><ele>10.9</ele></trkpt>
    <trkpt lat="37.161812" lon="-5.915842"><ele>10.8</ele></trkpt>
    <trkpt lat="37.161949" lon="-5.915396"><ele>10.8</ele></trkpt>
    <trkpt lat="37.161989" lon="-5.915224"><ele>10.8</ele></trkpt>
    <trkpt lat="37.162175" lon="-5.914368"><ele>10.7</ele></trkpt>
    <trkpt lat="37.162678" lon="-5.912066"><ele>10.7</ele></trkpt>
    <trkpt lat="37.162697" lon="-5.911833"><ele>10.8</ele></trkpt>
    <trkpt lat="37.162673" lon="-5.911711"><ele>10.9</ele></trkpt>
    <trkpt lat="37.162704" lon="-5.911591"><ele>11</ele></trkpt>
    <trkpt lat="37.162802" lon="-5.911501"><ele>11.1</ele></trkpt>
    <trkpt lat="37.162811" lon="-5.911497"><ele>11.1</ele></trkpt>
    <trkpt lat="37.162851" lon="-5.911359"><ele>11.3</ele></trkpt>
    <trkpt lat="37.163071" lon="-5.910348"><ele>12.3</ele></trkpt>
    <trkpt lat="37.163207" lon="-5.909728"><ele>12.8</ele></trkpt>
    <trkpt lat="37.163314" lon="-5.909189"><ele>13.2</ele></trkpt>
    <trkpt lat="37.163499" lon="-5.908366"><ele>13.1</ele></trkpt>
    <trkpt lat="37.16361" lon="-5.907766"><ele>12.9</ele></trkpt>
    <trkpt lat="37.163639" lon="-5.907258"><ele>12.6</ele></trkpt>
    <trkpt lat="37.163651" lon="-5.906447"><ele>11.8</ele></trkpt>
    <trkpt lat="37.163772" lon="-5.906052"><ele>11.4</ele></trkpt>
    <trkpt lat="37.163819" lon="-5.905723"><ele>11.2</ele></trkpt>
    <trkpt lat="37.163803" lon="-5.90555"><ele>11.1</ele></trkpt>
    <trkpt lat="37.163847" lon="-5.905396"><ele>11</ele></trkpt>
    <trkpt lat="37.163906" lon="-5.905313"><ele>11</ele></trkpt>
    <trkpt lat="37.163947" lon="-5.905275"><ele>10.9</ele></trkpt>
    <trkpt lat="37.163981" lon="-5.905144"><ele>10.9</ele></trkpt>
    <trkpt lat="37.163933" lon="-5.904861"><ele>10.8</ele></trkpt>
    <trkpt lat="37.163928" lon="-5.904679"><ele>10.7</ele></trkpt>
    <trkpt lat="37.163956" lon="-5.904485"><ele>10.7</ele></trkpt>
    <trkpt lat="37.164024" lon="-5.904297"><ele>10.6</ele></trkpt>
    <trkpt lat="37.164187" lon="-5.903886"><ele>10.6</ele></trkpt>
    <trkpt lat="37.165097" lon="-5.901885"><ele>11.3</ele></trkpt>
    <trkpt lat="37.166201" lon="-5.899433"><ele>10.9</ele></trkpt>
    <trkpt lat="37.167896" lon="-5.894793"><ele>10.3</ele></trkpt>
    <trkpt lat="37.169375" lon="-5.890685"><ele>9.9</ele></trkpt>
    <trkpt lat="37.17014" lon="-5.888577"><ele>10.1</ele></trkpt>
    <trkpt lat="37.170775" lon="-5.886814"><ele>10.1</ele></trkpt>
    <trkpt lat="37.170951" lon="-5.886325"><ele>10.2</ele></trkpt>
    <trkpt lat="37.172388" lon="-5.882375"><ele>11.4</ele></trkpt>
    <trkpt lat="37.172495" lon="-5.882075"><ele>11.4</ele></trkpt>
    <trkpt lat="37.17256" lon="-5.881899"><ele>11.4</ele></trkpt>
    <trkpt lat="37.17267" lon="-5.881584"><ele>11.5</ele></trkpt>
    <trkpt lat="37.172853" lon="-5.880948"><ele>11.8</ele></trkpt>
    <trkpt lat="37.172953" lon="-5.880421"><ele>12.2</ele></trkpt>
    <trkpt lat="37.173144" lon="-5.878293"><ele>15</ele></trkpt>
    <trkpt lat="37.173155" lon="-5.878158"><ele>15.2</ele></trkpt>
    <trkpt lat="37.173175" lon="-5.87791"><ele>15.5</ele></trkpt>
    <trkpt lat="37.173253" lon="-5.8774"><ele>16</ele></trkpt>
    <trkpt lat="37.17361" lon="-5.87566"><ele>17</ele></trkpt>
    <trkpt lat="37.173673" lon="-5.875345"><ele>17.2</ele></trkpt>
    <trkpt lat="37.176726" lon="-5.860168"><ele>25.7</ele></trkpt>
    <trkpt lat="37.176828" lon="-5.859661"><ele>25.9</ele></trkpt>
    <trkpt lat="37.176914" lon="-5.859232"><ele>26.1</ele></trkpt>
    <trkpt lat="37.176942" lon="-5.85909"><ele>26.1</ele></trkpt>
    <trkpt lat="37.176994" lon="-5.858833"><ele>26.3</ele></trkpt>
    <trkpt lat="37.177131" lon="-5.858148"><ele>26.6</ele></trkpt>
    <trkpt lat="37.17716" lon="-5.858003"><ele>26.7</ele></trkpt>
    <trkpt lat="37.177865" lon="-5.854576"><ele>28.9</ele></trkpt>
    <trkpt lat="37.178309" lon="-5.85227"><ele>29.6</ele></trkpt>
    <trkpt lat="37.178383" lon="-5.851781"><ele>29.8</ele></trkpt>
    <trkpt lat="37.178531" lon="-5.850088"><ele>30.2</ele></trkpt>
    <trkpt lat="37.178588" lon="-5.849306"><ele>30.1</ele></trkpt>
    <trkpt lat="37.178786" lon="-5.846521"><ele>28.6</ele></trkpt>
    <trkpt lat="37.178881" lon="-5.844776"><ele>27.1</ele></trkpt>
    <trkpt lat="37.179418" lon="-5.837121"><ele>21.2</ele></trkpt>
    <trkpt lat="37.179718" lon="-5.832966"><ele>20.1</ele></trkpt>
    <trkpt lat="37.180016" lon="-5.829249"><ele>20.1</ele></trkpt>
    <trkpt lat="37.180045" lon="-5.828664"><ele>20.2</ele></trkpt>
    <trkpt lat="37.180037" lon="-5.828382"><ele>20.3</ele></trkpt>
    <trkpt lat="37.179989" lon="-5.82803"><ele>20.4</ele></trkpt>
    <trkpt lat="37.179483" lon="-5.82543"><ele>21.2</ele></trkpt>
    <trkpt lat="37.179415" lon="-5.824932"><ele>21.3</ele></trkpt>
    <trkpt lat="37.179387" lon="-5.821576"><ele>22.1</ele></trkpt>
    <trkpt lat="37.179346" lon="-5.82095"><ele>22.3</ele></trkpt>
    <trkpt lat="37.178903" lon="-5.817755"><ele>23.7</ele></trkpt>
    <trkpt lat="37.178865" lon="-5.817157"><ele>23.9</ele></trkpt>
    <trkpt lat="37.179077" lon="-5.813526"><ele>25.1</ele></trkpt>
    <trkpt lat="37.179145" lon="-5.813032"><ele>25.2</ele></trkpt>
    <trkpt lat="37.179293" lon="-5.812342"><ele>25.3</ele></trkpt>
    <trkpt lat="37.179986" lon="-5.809878"><ele>25.3</ele></trkpt>
    <trkpt lat="37.180088" lon="-5.80939"><ele>25.4</ele></trkpt>
    <trkpt lat="37.180151" lon="-5.808951"><ele>25.6</ele></trkpt>
    <trkpt lat="37.180253" lon="-5.803629"><ele>28.8</ele></trkpt>
    <trkpt lat="37.180256" lon="-5.803188"><ele>29.3</ele></trkpt>
    <trkpt lat="37.180238" lon="-5.80292"><ele>29.5</ele></trkpt>
    <trkpt lat="37.180232" lon="-5.802507"><ele>29.9</ele></trkpt>
    <trkpt lat="37.180231" lon="-5.802385"><ele>30</ele></trkpt>
    <trkpt lat="37.18025" lon="-5.802168"><ele>30.1</ele></trkpt>
    <trkpt lat="37.180264" lon="-5.802035"><ele>30.3</ele></trkpt>
    <trkpt lat="37.180268" lon="-5.802001"><ele>30.3</ele></trkpt>
    <trkpt lat="37.18027" lon="-5.801988"><ele>30.3</ele></trkpt>
    <trkpt lat="37.180332" lon="-5.801677"><ele>30.6</ele></trkpt>
    <trkpt lat="37.180445" lon="-5.801282"><ele>30.9</ele></trkpt>
    <trkpt lat="37.181449" lon="-5.796803"><ele>34.4</ele></trkpt>
    <trkpt lat="37.181476" lon="-5.796701"><ele>34.5</ele></trkpt>
    <trkpt lat="37.181481" lon="-5.796243"><ele>34.8</ele></trkpt>
    <trkpt lat="37.18147" lon="-5.796237"><ele>34.8</ele></trkpt>
    <trkpt lat="37.181421" lon="-5.796168"><ele>34.8</ele></trkpt>
    <trkpt lat="37.181406" lon="-5.796099"><ele>34.9</ele></trkpt>
    <trkpt lat="37.181412" lon="-5.796036"><ele>34.9</ele></trkpt>
    <trkpt lat="37.181491" lon="-5.795928"><ele>35</ele></trkpt>
    <trkpt lat="37.181554" lon="-5.795916"><ele>35.1</ele></trkpt>
    <trkpt lat="37.181655" lon="-5.795838"><ele>35.2</ele></trkpt>
    <trkpt lat="37.181753" lon="-5.795618"><ele>35.4</ele></trkpt>
    <trkpt lat="37.181888" lon="-5.795311"><ele>35.7</ele></trkpt>
    <trkpt lat="37.182004" lon="-5.795124"><ele>35.9</ele></trkpt>
    <trkpt lat="37.182203" lon="-5.794893"><ele>36.3</ele></trkpt>
    <trkpt lat="37.182915" lon="-5.79427"><ele>37.7</ele></trkpt>
    <trkpt lat="37.184472" lon="-5.79306"><ele>41.4</ele></trkpt>
    <trkpt lat="37.18457" lon="-5.792983"><ele>41.6</ele></trkpt>
    <trkpt lat="37.184908" lon="-5.79264"><ele>42.5</ele></trkpt>
    <trkpt lat="37.185228" lon="-5.792216"><ele>43.4</ele></trkpt>
    <trkpt lat="37.185918" lon="-5.791168"><ele>45.1</ele></trkpt>
    <trkpt lat="37.186297" lon="-5.790536"><ele>45.7</ele></trkpt>
    <trkpt lat="37.186409" lon="-5.790308"><ele>45.9</ele></trkpt>
    <trkpt lat="37.186862" lon="-5.789029"><ele>47.2</ele></trkpt>
    <trkpt lat="37.187033" lon="-5.788657"><ele>47.6</ele></trkpt>
    <trkpt lat="37.187243" lon="-5.788239"><ele>48</ele></trkpt>
    <trkpt lat="37.187299" lon="-5.788109"><ele>48.1</ele></trkpt>
    <trkpt lat="37.187356" lon="-5.787847"><ele>48.4</ele></trkpt>
    <trkpt lat="37.187352" lon="-5.787828"><ele>48.4</ele></trkpt>
    <trkpt lat="37.187267" lon="-5.78772"><ele>48.6</ele></trkpt>
    <trkpt lat="37.186671" lon="-5.787228"><ele>49.2</ele></trkpt>
    <trkpt lat="37.186629" lon="-5.787229"><ele>49.2</ele></trkpt>
    <trkpt lat="37.18656" lon="-5.787175"><ele>49.3</ele></trkpt>
    <trkpt lat="37.18654" lon="-5.787115"><ele>49.3</ele></trkpt>
    <trkpt lat="37.186553" lon="-5.787028"><ele>49.4</ele></trkpt>
    <trkpt lat="37.186557" lon="-5.787021"><ele>49.4</ele></trkpt>
    <trkpt lat="37.186513" lon="-5.786834"><ele>49.5</ele></trkpt>
    <trkpt lat="37.186462" lon="-5.786726"><ele>49.5</ele></trkpt>
    <trkpt lat="37.186355" lon="-5.786579"><ele>49.6</ele></trkpt>
    <trkpt lat="37.186274" lon="-5.786445"><ele>49.6</ele></trkpt>
    <trkpt lat="37.185619" lon="-5.78518"><ele>49.6</ele></trkpt>
    <trkpt lat="37.185372" lon="-5.784816"><ele>49.7</ele></trkpt>
    <trkpt lat="37.185223" lon="-5.784545"><ele>49.6</ele></trkpt>
    <trkpt lat="37.18521" lon="-5.784505"><ele>49.6</ele></trkpt>
    <trkpt lat="37.185186" lon="-5.784266"><ele>49.6</ele></trkpt>
    <trkpt lat="37.185164" lon="-5.783785"><ele>49.6</ele></trkpt>
    <trkpt lat="37.185101" lon="-5.782932"><ele>49.7</ele></trkpt>
    <trkpt lat="37.185081" lon="-5.78267"><ele>49.8</ele></trkpt>
    <trkpt lat="37.185007" lon="-5.78263"><ele>49.8</ele></trkpt>
    <trkpt lat="37.18499" lon="-5.782565"><ele>49.8</ele></trkpt>
    <trkpt lat="37.185009" lon="-5.782501"><ele>49.8</ele></trkpt>
    <trkpt lat="37.185057" lon="-5.782465"><ele>49.8</ele></trkpt>
    <trkpt lat="37.185026" lon="-5.782056"><ele>49.9</ele></trkpt>
    <trkpt lat="37.184985" lon="-5.781665"><ele>49.9</ele></trkpt>
    <trkpt lat="37.184966" lon="-5.780831"><ele>49.6</ele></trkpt>
    <trkpt lat="37.184962" lon="-5.780615"><ele>49.5</ele></trkpt>
    <trkpt lat="37.184951" lon="-5.780252"><ele>49.3</ele></trkpt>
    <trkpt lat="37.184887" lon="-5.77987"><ele>49.2</ele></trkpt>
    <trkpt lat="37.184829" lon="-5.779778"><ele>49.1</ele></trkpt>
    <trkpt lat="37.184666" lon="-5.779623"><ele>49.1</ele></trkpt>
    <trkpt lat="37.184642" lon="-5.779632"><ele>49</ele></trkpt>
    <trkpt lat="37.184606" lon="-5.779622"><ele>49</ele></trkpt>
    <trkpt lat="37.184466" lon="-5.779464"><ele>49</ele></trkpt>
    <trkpt lat="37.18443" lon="-5.779402"><ele>49</ele></trkpt>
    <trkpt lat="37.184261" lon="-5.779224"><ele>49</ele></trkpt>
    <trkpt lat="37.184018" lon="-5.779046"><ele>49</ele></trkpt>
    <trkpt lat="37.183878" lon="-5.778931"><ele>49.1</ele></trkpt>
    <trkpt lat="37.183411" lon="-5.778574"><ele>49.7</ele></trkpt>
    <trkpt lat="37.183271" lon="-5.778479"><ele>49.8</ele></trkpt>
    <trkpt lat="37.182956" lon="-5.778352"><ele>49.7</ele></trkpt>
    <trkpt lat="37.18286" lon="-5.77833"><ele>49.7</ele></trkpt>
    <trkpt lat="37.182811" lon="-5.77832"><ele>49.7</ele></trkpt>
    <trkpt lat="37.182521" lon="-5.778293"><ele>49.4</ele></trkpt>
    <trkpt lat="37.180919" lon="-5.778183"><ele>47.6</ele></trkpt>
    <trkpt lat="37.180874" lon="-5.778176"><ele>47.6</ele></trkpt>
    <trkpt lat="37.180597" lon="-5.77811"><ele>47.5</ele></trkpt>
    <trkpt lat="37.180398" lon="-5.778056"><ele>47.5</ele></trkpt>
    <trkpt lat="37.180047" lon="-5.777988"><ele>47.5</ele></trkpt>
    <trkpt lat="37.179887" lon="-5.778021"><ele>47.5</ele></trkpt>
    <trkpt lat="37.179867" lon="-5.778075"><ele>47.5</ele></trkpt>
    <trkpt lat="37.179806" lon="-5.778117"><ele>47.5</ele></trkpt>
    <trkpt lat="37.179749" lon="-5.778092"><ele>47.5</ele></trkpt>
    <trkpt lat="37.179723" lon="-5.778046"><ele>47.5</ele></trkpt>
    <trkpt lat="37.179552" lon="-5.777943"><ele>47.6</ele></trkpt>
    <trkpt lat="37.179279" lon="-5.777917"><ele>47.6</ele></trkpt>
    <trkpt lat="37.178995" lon="-5.777931"><ele>47.3</ele></trkpt>
    <trkpt lat="37.178377" lon="-5.777874"><ele>46.2</ele></trkpt>
    <trkpt lat="37.177733" lon="-5.777788"><ele>45</ele></trkpt>
    <trkpt lat="37.17671" lon="-5.777686"><ele>43</ele></trkpt>
    <trkpt lat="37.176472" lon="-5.777661"><ele>42.7</ele></trkpt>
    <trkpt lat="37.176328" lon="-5.777645"><ele>42.6</ele></trkpt>
    <trkpt lat="37.176032" lon="-5.777614"><ele>42.4</ele></trkpt>
    <trkpt lat="37.17545" lon="-5.777574"><ele>42.5</ele></trkpt>
    <trkpt lat="37.175212" lon="-5.777565"><ele>42.6</ele></trkpt>
    <trkpt lat="37.175194" lon="-5.777583"><ele>42.6</ele></trkpt>
    <trkpt lat="37.175133" lon="-5.777597"><ele>42.6</ele></trkpt>
    <trkpt lat="37.175069" lon="-5.777539"><ele>42.7</ele></trkpt>
    <trkpt lat="37.175072" lon="-5.777425"><ele>42.7</ele></trkpt>
    <trkpt lat="37.175083" lon="-5.777407"><ele>42.8</ele></trkpt>
    <trkpt lat="37.175052" lon="-5.777237"><ele>42.9</ele></trkpt>
    <trkpt lat="37.174397" lon="-5.776462"><ele>43.2</ele></trkpt>
    <trkpt lat="37.173967" lon="-5.775944"><ele>42.9</ele></trkpt>
    <trkpt lat="37.173673" lon="-5.775613"><ele>42.9</ele></trkpt>
    <trkpt lat="37.173625" lon="-5.775555"><ele>42.9</ele></trkpt>
    <trkpt lat="37.173478" lon="-5.775452"><ele>42.9</ele></trkpt>
    <trkpt lat="37.173366" lon="-5.775412"><ele>43</ele></trkpt>
    <trkpt lat="37.173271" lon="-5.775407"><ele>43</ele></trkpt>
    <trkpt lat="37.173241" lon="-5.775392"><ele>43</ele></trkpt>
    <trkpt lat="37.173028" lon="-5.775401"><ele>43.2</ele></trkpt>
    <trkpt lat="37.172788" lon="-5.77546"><ele>43.5</ele></trkpt>
    <trkpt lat="37.172494" lon="-5.775582"><ele>44</ele></trkpt>
    <trkpt lat="37.171288" lon="-5.776191"><ele>46.6</ele></trkpt>
    <trkpt lat="37.170816" lon="-5.776417"><ele>48.3</ele></trkpt>
    <trkpt lat="37.170348" lon="-5.776619"><ele>50.2</ele></trkpt>
    <trkpt lat="37.170226" lon="-5.776658"><ele>50.8</ele></trkpt>
    <trkpt lat="37.169746" lon="-5.776787"><ele>52.8</ele></trkpt>
    <trkpt lat="37.169286" lon="-5.776841"><ele>54.8</ele></trkpt>
    <trkpt lat="37.169026" lon="-5.776842"><ele>55.7</ele></trkpt>
    <trkpt lat="37.16856" lon="-5.776808"><ele>56.8</ele></trkpt>
    <trkpt lat="37.167831" lon="-5.776658"><ele>58</ele></trkpt>
    <trkpt lat="37.167455" lon="-5.776579"><ele>58.4</ele></trkpt>
    <trkpt lat="37.16496" lon="-5.776294"><ele>58.3</ele></trkpt>
    <trkpt lat="37.164204" lon="-5.776232"><ele>58.4</ele></trkpt>
    <trkpt lat="37.163593" lon="-5.776243"><ele>58.3</ele></trkpt>
    <trkpt lat="37.161519" lon="-5.776487"><ele>55.6</ele></trkpt>
    <trkpt lat="37.16125" lon="-5.776449"><ele>55.3</ele></trkpt>
    <trkpt lat="37.161022" lon="-5.776382"><ele>55</ele></trkpt>
    <trkpt lat="37.160861" lon="-5.776294"><ele>54.7</ele></trkpt>
    <trkpt lat="37.160734" lon="-5.77619"><ele>54.6</ele></trkpt>
    <trkpt lat="37.160582" lon="-5.77603"><ele>54.4</ele></trkpt>
    <trkpt lat="37.160306" lon="-5.775613"><ele>54.2</ele></trkpt>
    <trkpt lat="37.160139" lon="-5.775306"><ele>54</ele></trkpt>
    <trkpt lat="37.160139" lon="-5.775306"><ele>54</ele></trkpt>
    <trkpt lat="37.16013" lon="-5.77531"><ele>54</ele></trkpt>
    <trkpt lat="37.16004" lon="-5.77507"><ele>53.9</ele></trkpt>
    <trkpt lat="37.15996" lon="-5.77479"><ele>53.9</ele></trkpt>
    <trkpt lat="37.15992" lon="-5.77446"><ele>53.9</ele></trkpt>
    <trkpt lat="37.15992" lon="-5.7739"><ele>54</ele></trkpt>
    <trkpt lat="37.16007" lon="-5.77308"><ele>54.3</ele></trkpt>
    <trkpt lat="37.160076" lon="-5.773082"><ele>54.3</ele></trkpt>
    <trkpt lat="37.160079" lon="-5.773067"><ele>54.3</ele></trkpt>
    <trkpt lat="37.160087" lon="-5.772817"><ele>54.5</ele></trkpt>
    <trkpt lat="37.160209" lon="-5.772286"><ele>55</ele></trkpt>
    <trkpt lat="37.16061" lon="-5.770573"><ele>57.1</ele></trkpt>
    <trkpt lat="37.160643" lon="-5.77043"><ele>57.2</ele></trkpt>
    <trkpt lat="37.161637" lon="-5.76619"><ele>57.4</ele></trkpt>
    <trkpt lat="37.161906" lon="-5.764996"><ele>57.7</ele></trkpt>
    <trkpt lat="37.162067" lon="-5.764147"><ele>58.1</ele></trkpt>
    <trkpt lat="37.162125" lon="-5.76374"><ele>58.3</ele></trkpt>
    <trkpt lat="37.162181" lon="-5.762956"><ele>59</ele></trkpt>
    <trkpt lat="37.162185" lon="-5.761647"><ele>60.2</ele></trkpt>
    <trkpt lat="37.162132" lon="-5.76098"><ele>60.8</ele></trkpt>
    <trkpt lat="37.162002" lon="-5.759847"><ele>61.3</ele></trkpt>
    <trkpt lat="37.16181" lon="-5.758902"><ele>61.2</ele></trkpt>
    <trkpt lat="37.161414" lon="-5.757563"><ele>60.1</ele></trkpt>
    <trkpt lat="37.160983" lon="-5.756551"><ele>59.5</ele></trkpt>
    <trkpt lat="37.160504" lon="-5.755615"><ele>59.7</ele></trkpt>
    <trkpt lat="37.160224" lon="-5.755154"><ele>60</ele></trkpt>
    <trkpt lat="37.156608" lon="-5.749356"><ele>61.7</ele></trkpt>
    <trkpt lat="37.156394" lon="-5.749033"><ele>61.8</ele></trkpt>
    <trkpt lat="37.155917" lon="-5.748446"><ele>61.7</ele></trkpt>
    <trkpt lat="37.155779" lon="-5.748326"><ele>61.5</ele></trkpt>
    <trkpt lat="37.153669" lon="-5.745925"><ele>56.7</ele></trkpt>
    <trkpt lat="37.153413" lon="-5.745618"><ele>56.4</ele></trkpt>
    <trkpt lat="37.153141" lon="-5.745276"><ele>55.9</ele></trkpt>
    <trkpt lat="37.152793" lon="-5.744729"><ele>55.4</ele></trkpt>
    <trkpt lat="37.152524" lon="-5.744198"><ele>54.8</ele></trkpt>
    <trkpt lat="37.152123" lon="-5.743466"><ele>54.1</ele></trkpt>
    <trkpt lat="37.152059" lon="-5.74335"><ele>54.1</ele></trkpt>
    <trkpt lat="37.150854" lon="-5.741262"><ele>54.9</ele></trkpt>
    <trkpt lat="37.150219" lon="-5.740289"><ele>54.5</ele></trkpt>
    <trkpt lat="37.148778" lon="-5.738137"><ele>52</ele></trkpt>
    <trkpt lat="37.148685" lon="-5.737959"><ele>52.1</ele></trkpt>
    <trkpt lat="37.147863" lon="-5.736742"><ele>54.5</ele></trkpt>
    <trkpt lat="37.147619" lon="-5.736415"><ele>55.5</ele></trkpt>
    <trkpt lat="37.146863" lon="-5.735505"><ele>58.7</ele></trkpt>
    <trkpt lat="37.145447" lon="-5.733943"><ele>64.8</ele></trkpt>
    <trkpt lat="37.144503" lon="-5.732793"><ele>67.3</ele></trkpt>
    <trkpt lat="37.144147" lon="-5.732278"><ele>67.8</ele></trkpt>
    <trkpt lat="37.140952" lon="-5.727008"><ele>70.9</ele></trkpt>
    <trkpt lat="37.140124" lon="-5.725471"><ele>68.3</ele></trkpt>
    <trkpt lat="37.139583" lon="-5.724364"><ele>65.7</ele></trkpt>
    <trkpt lat="37.139207" lon="-5.72372"><ele>64.4</ele></trkpt>
    <trkpt lat="37.136497" lon="-5.719824"><ele>61.7</ele></trkpt>
    <trkpt lat="37.136313" lon="-5.719498"><ele>62.4</ele></trkpt>
    <trkpt lat="37.13567" lon="-5.717575"><ele>68.7</ele></trkpt>
    <trkpt lat="37.135492" lon="-5.717197"><ele>70.1</ele></trkpt>
    <trkpt lat="37.135245" lon="-5.716803"><ele>71.5</ele></trkpt>
    <trkpt lat="37.134972" lon="-5.716433"><ele>72.8</ele></trkpt>
    <trkpt lat="37.134623" lon="-5.716022"><ele>74.2</ele></trkpt>
    <trkpt lat="37.129921" lon="-5.711136"><ele>90.3</ele></trkpt>
    <trkpt lat="37.129328" lon="-5.710486"><ele>93.1</ele></trkpt>
    <trkpt lat="37.128957" lon="-5.709996"><ele>94.8</ele></trkpt>
    <trkpt lat="37.128697" lon="-5.709627"><ele>95.7</ele></trkpt>
    <trkpt lat="37.128286" lon="-5.708915"><ele>96.4</ele></trkpt>
    <trkpt lat="37.128026" lon="-5.708357"><ele>96.2</ele></trkpt>
    <trkpt lat="37.127575" lon="-5.707207"><ele>94.7</ele></trkpt>
    <trkpt lat="37.127018" lon="-5.705018"><ele>91.8</ele></trkpt>
    <trkpt lat="37.125783" lon="-5.700209"><ele>94.5</ele></trkpt>
    <trkpt lat="37.125561" lon="-5.699295"><ele>95.2</ele></trkpt>
    <trkpt lat="37.124856" lon="-5.696135"><ele>96.3</ele></trkpt>
    <trkpt lat="37.124535" lon="-5.695162"><ele>97.1</ele></trkpt>
    <trkpt lat="37.124165" lon="-5.694235"><ele>98.6</ele></trkpt>
    <trkpt lat="37.123826" lon="-5.693567"><ele>100</ele></trkpt>
    <trkpt lat="37.123414" lon="-5.693002"><ele>101.3</ele></trkpt>
    <trkpt lat="37.123194" lon="-5.692752"><ele>101.8</ele></trkpt>
    <trkpt lat="37.122826" lon="-5.692408"><ele>102.2</ele></trkpt>
    <trkpt lat="37.122282" lon="-5.692037"><ele>102</ele></trkpt>
    <trkpt lat="37.12171" lon="-5.691771"><ele>101</ele></trkpt>
    <trkpt lat="37.121183" lon="-5.691626"><ele>99.8</ele></trkpt>
    <trkpt lat="37.118906" lon="-5.69136"><ele>94.8</ele></trkpt>
    <trkpt lat="37.118458" lon="-5.691264"><ele>93.6</ele></trkpt>
    <trkpt lat="37.117966" lon="-5.691096"><ele>92.2</ele></trkpt>
    <trkpt lat="37.117313" lon="-5.690781"><ele>90.3</ele></trkpt>
    <trkpt lat="37.114332" lon="-5.688787"><ele>82.5</ele></trkpt>
    <trkpt lat="37.113977" lon="-5.68848"><ele>80.8</ele></trkpt>
    <trkpt lat="37.113571" lon="-5.68807"><ele>78.6</ele></trkpt>
    <trkpt lat="37.112162" lon="-5.686144"><ele>71.1</ele></trkpt>
    <trkpt lat="37.111724" lon="-5.685672"><ele>69.8</ele></trkpt>
    <trkpt lat="37.110985" lon="-5.685045"><ele>68.5</ele></trkpt>
    <trkpt lat="37.109821" lon="-5.684118"><ele>67.9</ele></trkpt>
    <trkpt lat="37.108938" lon="-5.683466"><ele>69.4</ele></trkpt>
    <trkpt lat="37.106782" lon="-5.681792"><ele>77.6</ele></trkpt>
    <trkpt lat="37.105824" lon="-5.68096"><ele>82.7</ele></trkpt>
    <trkpt lat="37.105351" lon="-5.680445"><ele>84.8</ele></trkpt>
    <trkpt lat="37.104872" lon="-5.679706"><ele>86.4</ele></trkpt>
    <trkpt lat="37.104543" lon="-5.67896"><ele>87.4</ele></trkpt>
    <trkpt lat="37.104263" lon="-5.678058"><ele>88.9</ele></trkpt>
    <trkpt lat="37.10325" lon="-5.672643"><ele>102.7</ele></trkpt>
    <trkpt lat="37.103017" lon="-5.671716"><ele>104.7</ele></trkpt>
    <trkpt lat="37.102647" lon="-5.670557"><ele>106.6</ele></trkpt>
    <trkpt lat="37.102271" lon="-5.669673"><ele>106.8</ele></trkpt>
    <trkpt lat="37.101976" lon="-5.669184"><ele>105.8</ele></trkpt>
    <trkpt lat="37.101401" lon="-5.668737"><ele>103.4</ele></trkpt>
    <trkpt lat="37.100621" lon="-5.668411"><ele>99.4</ele></trkpt>
    <trkpt lat="37.09995" lon="-5.668171"><ele>96.3</ele></trkpt>
    <trkpt lat="37.099615" lon="-5.667999"><ele>95</ele></trkpt>
    <trkpt lat="37.098249" lon="-5.666602"><ele>91.2</ele></trkpt>
    <trkpt lat="37.096719" lon="-5.665064"><ele>94.1</ele></trkpt>
    <trkpt lat="37.095843" lon="-5.663922"><ele>96.9</ele></trkpt>
    <trkpt lat="37.090852" lon="-5.657107"><ele>105.4</ele></trkpt>
    <trkpt lat="37.088278" lon="-5.653706"><ele>87</ele></trkpt>
    <trkpt lat="37.087192" lon="-5.652277"><ele>83.7</ele></trkpt>
    <trkpt lat="37.086687" lon="-5.651553"><ele>83.7</ele></trkpt>
    <trkpt lat="37.086317" lon="-5.651019"><ele>84</ele></trkpt>
    <trkpt lat="37.085526" lon="-5.64965"><ele>85.2</ele></trkpt>
    <trkpt lat="37.085326" lon="-5.649299"><ele>85.6</ele></trkpt>
    <trkpt lat="37.085082" lon="-5.648866"><ele>86.1</ele></trkpt>
    <trkpt lat="37.084348" lon="-5.647554"><ele>88.2</ele></trkpt>
    <trkpt lat="37.083431" lon="-5.645829"><ele>92.4</ele></trkpt>
    <trkpt lat="37.08313" lon="-5.645327"><ele>93.5</ele></trkpt>
    <trkpt lat="37.08275" lon="-5.644824"><ele>94.5</ele></trkpt>
    <trkpt lat="37.082317" lon="-5.644372"><ele>94.9</ele></trkpt>
    <trkpt lat="37.082259" lon="-5.644275"><ele>95</ele></trkpt>
    <trkpt lat="37.081868" lon="-5.643961"><ele>95.2</ele></trkpt>
    <trkpt lat="37.081829" lon="-5.643877"><ele>95.3</ele></trkpt>
    <trkpt lat="37.081824" lon="-5.643774"><ele>95.3</ele></trkpt>
    <trkpt lat="37.081847" lon="-5.643691"><ele>95.3</ele></trkpt>
    <trkpt lat="37.082005" lon="-5.643378"><ele>95.5</ele></trkpt>
    <trkpt lat="37.082081" lon="-5.643286"><ele>95.5</ele></trkpt>
    <trkpt lat="37.082455" lon="-5.64234"><ele>96</ele></trkpt>
    <trkpt lat="37.08249" lon="-5.641999"><ele>96.4</ele></trkpt>
    <trkpt lat="37.082474" lon="-5.641798"><ele>96.6</ele></trkpt>
    <trkpt lat="37.08206" lon="-5.639665"><ele>100.3</ele></trkpt>
    <trkpt lat="37.081981" lon="-5.639345"><ele>101.3</ele></trkpt>
    <trkpt lat="37.081882" lon="-5.639071"><ele>102.3</ele></trkpt>
    <trkpt lat="37.081519" lon="-5.638283"><ele>105.8</ele></trkpt>
    <trkpt lat="37.081279" lon="-5.637763"><ele>108.3</ele></trkpt>
    <trkpt lat="37.080695" lon="-5.636504"><ele>114.3</ele></trkpt>
    <trkpt lat="37.080607" lon="-5.636278"><ele>115.1</ele></trkpt>
    <trkpt lat="37.08055" lon="-5.636024"><ele>115.9</ele></trkpt>
    <trkpt lat="37.080667" lon="-5.63603"><ele>116.3</ele></trkpt>
    <trkpt lat="37.08169" lon="-5.636214"><ele>118.6</ele></trkpt>
    <trkpt lat="37.081877" lon="-5.636192"><ele>118.8</ele></trkpt>
    <trkpt lat="37.082027" lon="-5.63612"><ele>119</ele></trkpt>
    <trkpt lat="37.082767" lon="-5.63558"><ele>121.5</ele></trkpt>
    <trkpt lat="37.083455" lon="-5.635044"><ele>124.8</ele></trkpt>
    <trkpt lat="37.083931" lon="-5.634658"><ele>127.4</ele></trkpt>
    <trkpt lat="37.084121" lon="-5.634449"><ele>128.5</ele></trkpt>
    <trkpt lat="37.084663" lon="-5.633086"><ele>133.2</ele></trkpt>
    <trkpt lat="37.084474" lon="-5.632925"><ele>134.1</ele></trkpt>
    <trkpt lat="37.084428" lon="-5.632841"><ele>134.4</ele></trkpt>
    <trkpt lat="37.084376" lon="-5.632701"><ele>134.8</ele></trkpt>
    <trkpt lat="37.084283" lon="-5.632387"><ele>135.7</ele></trkpt>
    <trkpt lat="37.084244" lon="-5.632252"><ele>136</ele></trkpt>
    <trkpt lat="37.084216" lon="-5.632155"><ele>136.2</ele></trkpt>
    <trkpt lat="37.084146" lon="-5.631992"><ele>136.6</ele></trkpt>
    <trkpt lat="37.084041" lon="-5.631842"><ele>137</ele></trkpt>
    <trkpt lat="37.083802" lon="-5.631546"><ele>137.4</ele></trkpt>
    <trkpt lat="37.083773" lon="-5.631517"><ele>137.5</ele></trkpt>
    <trkpt lat="37.083588" lon="-5.631304"><ele>137.6</ele></trkpt>
    <trkpt lat="37.083545" lon="-5.631282"><ele>137.6</ele></trkpt>
    <trkpt lat="37.083437" lon="-5.631281"><ele>137.6</ele></trkpt>
    <trkpt lat="37.083138" lon="-5.631376"><ele>137.5</ele></trkpt>
    <trkpt lat="37.082696" lon="-5.631563"><ele>137.2</ele></trkpt>
    <trkpt lat="37.082473" lon="-5.631657"><ele>137</ele></trkpt>
    <trkpt lat="37.081955" lon="-5.63187"><ele>136.6</ele></trkpt>
    <trkpt lat="37.081694" lon="-5.631921"><ele>136.4</ele></trkpt>
    <trkpt lat="37.081203" lon="-5.631931"><ele>136.3</ele></trkpt>
    <trkpt lat="37.080966" lon="-5.631892"><ele>136.4</ele></trkpt>
    <trkpt lat="37.080899" lon="-5.631874"><ele>136.4</ele></trkpt>
    <trkpt lat="37.080328" lon="-5.631784"><ele>136.2</ele></trkpt>
    <trkpt lat="37.080272" lon="-5.63174"><ele>136.1</ele></trkpt>
    <trkpt lat="37.080239" lon="-5.631712"><ele>136.1</ele></trkpt>
    <trkpt lat="37.080091" lon="-5.631417"><ele>135.9</ele></trkpt>
    <trkpt lat="37.080079" lon="-5.631339"><ele>135.8</ele></trkpt>
    <trkpt lat="37.080028" lon="-5.630478"><ele>135</ele></trkpt>
    <trkpt lat="37.079994" lon="-5.629988"><ele>134.1</ele></trkpt>
    <trkpt lat="37.079932" lon="-5.62932"><ele>132.9</ele></trkpt>
    <trkpt lat="37.079871" lon="-5.628766"><ele>131.9</ele></trkpt>
    <trkpt lat="37.079862" lon="-5.628698"><ele>131.8</ele></trkpt>
    <trkpt lat="37.079809" lon="-5.628317"><ele>131.3</ele></trkpt>
    <trkpt lat="37.079759" lon="-5.627966"><ele>130.7</ele></trkpt>
    <trkpt lat="37.079495" lon="-5.62616"><ele>128.6</ele></trkpt>
    <trkpt lat="37.078584" lon="-5.621723"><ele>127</ele></trkpt>
    <trkpt lat="37.077387" lon="-5.619018"><ele>128.1</ele></trkpt>
    <trkpt lat="37.076101" lon="-5.614955"><ele>128</ele></trkpt>
    <trkpt lat="37.075193" lon="-5.611489"><ele>129.4</ele></trkpt>
    <trkpt lat="37.074136" lon="-5.607282"><ele>133.9</ele></trkpt>
    <trkpt lat="37.073643" lon="-5.606289"><ele>134.5</ele></trkpt>
    <trkpt lat="37.073044" lon="-5.605604"><ele>133.6</ele></trkpt>
    <trkpt lat="37.072709" lon="-5.604853"><ele>132.1</ele></trkpt>
    <trkpt lat="37.071568" lon="-5.601437"><ele>126.9</ele></trkpt>
    <trkpt lat="37.071456" lon="-5.600473"><ele>126.9</ele></trkpt>
    <trkpt lat="37.071456" lon="-5.600189"><ele>127.2</ele></trkpt>
    <trkpt lat="37.071509" lon="-5.599667"><ele>128</ele></trkpt>
    <trkpt lat="37.071494" lon="-5.599311"><ele>128.8</ele></trkpt>
    <trkpt lat="37.071208" lon="-5.597671"><ele>133.7</ele></trkpt>
    <trkpt lat="37.070877" lon="-5.596831"><ele>136.5</ele></trkpt>
    <trkpt lat="37.070185" lon="-5.595675"><ele>139.7</ele></trkpt>
    <trkpt lat="37.069753" lon="-5.594375"><ele>141</ele></trkpt>
    <trkpt lat="37.06963" lon="-5.59349"><ele>141.1</ele></trkpt>
    <trkpt lat="37.068917" lon="-5.592046"><ele>141.2</ele></trkpt>
    <trkpt lat="37.068612" lon="-5.59148"><ele>141.9</ele></trkpt>
    <trkpt lat="37.068287" lon="-5.590877"><ele>143.4</ele></trkpt>
    <trkpt lat="37.067851" lon="-5.590068"><ele>146.2</ele></trkpt>
    <trkpt lat="37.06749" lon="-5.588976"><ele>149.2</ele></trkpt>
    <trkpt lat="37.066741" lon="-5.586429"><ele>152.3</ele></trkpt>
    <trkpt lat="37.066256" lon="-5.585486"><ele>154.1</ele></trkpt>
    <trkpt lat="37.066048" lon="-5.584595"><ele>154.9</ele></trkpt>
    <trkpt lat="37.065897" lon="-5.584134"><ele>154.5</ele></trkpt>
    <trkpt lat="37.065058" lon="-5.582428"><ele>151.5</ele></trkpt>
    <trkpt lat="37.064948" lon="-5.581607"><ele>150.5</ele></trkpt>
    <trkpt lat="37.065452" lon="-5.577943"><ele>147.6</ele></trkpt>
    <trkpt lat="37.065522" lon="-5.577717"><ele>147.9</ele></trkpt>
    <trkpt lat="37.065614" lon="-5.577418"><ele>148.4</ele></trkpt>
    <trkpt lat="37.066162" lon="-5.576087"><ele>152.5</ele></trkpt>
    <trkpt lat="37.066248" lon="-5.573813"><ele>157.8</ele></trkpt>
    <trkpt lat="37.066025" lon="-5.571635"><ele>156.8</ele></trkpt>
    <trkpt lat="37.065965" lon="-5.57024"><ele>156.2</ele></trkpt>
    <trkpt lat="37.066085" lon="-5.567343"><ele>160.5</ele></trkpt>
    <trkpt lat="37.066231" lon="-5.566968"><ele>161.5</ele></trkpt>
    <trkpt lat="37.066732" lon="-5.566035"><ele>164</ele></trkpt>
    <trkpt lat="37.067228" lon="-5.564598"><ele>166.7</ele></trkpt>
    <trkpt lat="37.067301" lon="-5.564135"><ele>167.3</ele></trkpt>
    <trkpt lat="37.067446" lon="-5.56244"><ele>169.2</ele></trkpt>
    <trkpt lat="37.067631" lon="-5.56124"><ele>168.8</ele></trkpt>
    <trkpt lat="37.067745" lon="-5.558491"><ele>165.1</ele></trkpt>
    <trkpt lat="37.067799" lon="-5.557198"><ele>163.8</ele></trkpt>
    <trkpt lat="37.067853" lon="-5.556119"><ele>162.5</ele></trkpt>
    <trkpt lat="37.067949" lon="-5.555494"><ele>161.7</ele></trkpt>
    <trkpt lat="37.06795" lon="-5.555225"><ele>161.5</ele></trkpt>
    <trkpt lat="37.067896" lon="-5.55501"><ele>161.4</ele></trkpt>
    <trkpt lat="37.067827" lon="-5.554846"><ele>161.3</ele></trkpt>
    <trkpt lat="37.066581" lon="-5.552452"><ele>162.9</ele></trkpt>
    <trkpt lat="37.065891" lon="-5.550933"><ele>163.4</ele></trkpt>
    <trkpt lat="37.065805" lon="-5.550793"><ele>163.6</ele></trkpt>
    <trkpt lat="37.065689" lon="-5.550665"><ele>163.9</ele></trkpt>
    <trkpt lat="37.065008" lon="-5.550224"><ele>165.8</ele></trkpt>
    <trkpt lat="37.064844" lon="-5.550091"><ele>166.4</ele></trkpt>
    <trkpt lat="37.064677" lon="-5.549837"><ele>167.1</ele></trkpt>
    <trkpt lat="37.063508" lon="-5.547591"><ele>171</ele></trkpt>
    <trkpt lat="37.063256" lon="-5.546627"><ele>172.7</ele></trkpt>
    <trkpt lat="37.060332" lon="-5.540963"><ele>189.2</ele></trkpt>
    <trkpt lat="37.060628" lon="-5.540863"><ele>189.1</ele></trkpt>
    <trkpt lat="37.061491" lon="-5.540485"><ele>186.9</ele></trkpt>
    <trkpt lat="37.061799" lon="-5.54027"><ele>185.5</ele></trkpt>
    <trkpt lat="37.062483" lon="-5.539516"><ele>182</ele></trkpt>
    <trkpt lat="37.06277" lon="-5.539127"><ele>180.5</ele></trkpt>
    <trkpt lat="37.063655" lon="-5.537262"><ele>175.8</ele></trkpt>
    <trkpt lat="37.063833" lon="-5.536799"><ele>174.9</ele></trkpt>
    <trkpt lat="37.064421" lon="-5.532948"><ele>169.2</ele></trkpt>
    <trkpt lat="37.064531" lon="-5.53247"><ele>168.9</ele></trkpt>
    <trkpt lat="37.067128" lon="-5.529273"><ele>171.3</ele></trkpt>
    <trkpt lat="37.067452" lon="-5.528845"><ele>171.5</ele></trkpt>
    <trkpt lat="37.067714" lon="-5.528389"><ele>171.4</ele></trkpt>
    <trkpt lat="37.067935" lon="-5.528217"><ele>171.3</ele></trkpt>
    <trkpt lat="37.06859" lon="-5.52796"><ele>171</ele></trkpt>
    <trkpt lat="37.068888" lon="-5.527662"><ele>171</ele></trkpt>
    <trkpt lat="37.069148" lon="-5.527258"><ele>171.1</ele></trkpt>
    <trkpt lat="37.069353" lon="-5.526821"><ele>171.6</ele></trkpt>
    <trkpt lat="37.069887" lon="-5.524967"><ele>175.1</ele></trkpt>
    <trkpt lat="37.070079" lon="-5.524615"><ele>176.2</ele></trkpt>
    <trkpt lat="37.070408" lon="-5.524211"><ele>177.9</ele></trkpt>
    <trkpt lat="37.072667" lon="-5.522031"><ele>189.4</ele></trkpt>
    <trkpt lat="37.072935" lon="-5.521721"><ele>189.8</ele></trkpt>
    <trkpt lat="37.073948" lon="-5.520411"><ele>188.7</ele></trkpt>
    <trkpt lat="37.073996" lon="-5.52032"><ele>188.7</ele></trkpt>
    <trkpt lat="37.074413" lon="-5.519779"><ele>189.1</ele></trkpt>
    <trkpt lat="37.074736" lon="-5.519359"><ele>190.3</ele></trkpt>
    <trkpt lat="37.075275" lon="-5.518692"><ele>193.6</ele></trkpt>
    <trkpt lat="37.076577" lon="-5.516999"><ele>203.2</ele></trkpt>
    <trkpt lat="37.076944" lon="-5.516468"><ele>205.7</ele></trkpt>
    <trkpt lat="37.077356" lon="-5.515977"><ele>208.1</ele></trkpt>
    <trkpt lat="37.077538" lon="-5.515766"><ele>209.1</ele></trkpt>
    <trkpt lat="37.077952" lon="-5.515378"><ele>210.7</ele></trkpt>
    <trkpt lat="37.078147" lon="-5.515239"><ele>211.2</ele></trkpt>
    <trkpt lat="37.078455" lon="-5.515075"><ele>211.5</ele></trkpt>
    <trkpt lat="37.078889" lon="-5.514924"><ele>211.4</ele></trkpt>
    <trkpt lat="37.079581" lon="-5.514814"><ele>209.9</ele></trkpt>
    <trkpt lat="37.080166" lon="-5.514741"><ele>207.8</ele></trkpt>
    <trkpt lat="37.081114" lon="-5.514582"><ele>204</ele></trkpt>
    <trkpt lat="37.081492" lon="-5.514479"><ele>202.5</ele></trkpt>
    <trkpt lat="37.081889" lon="-5.514304"><ele>201</ele></trkpt>
    <trkpt lat="37.083375" lon="-5.513317"><ele>196.8</ele></trkpt>
    <trkpt lat="37.084226" lon="-5.512514"><ele>196.4</ele></trkpt>
    <trkpt lat="37.084448" lon="-5.512186"><ele>196.9</ele></trkpt>
    <trkpt lat="37.084952" lon="-5.511278"><ele>198.8</ele></trkpt>
    <trkpt lat="37.085662" lon="-5.510217"><ele>200.8</ele></trkpt>
    <trkpt lat="37.086605" lon="-5.508399"><ele>201.4</ele></trkpt>
    <trkpt lat="37.087981" lon="-5.506037"><ele>200.7</ele></trkpt>
    <trkpt lat="37.088083" lon="-5.50583"><ele>200.6</ele></trkpt>
    <trkpt lat="37.088856" lon="-5.503865"><ele>197.9</ele></trkpt>
    <trkpt lat="37.088943" lon="-5.503638"><ele>197.4</ele></trkpt>
    <trkpt lat="37.089326" lon="-5.502697"><ele>194.6</ele></trkpt>
    <trkpt lat="37.089691" lon="-5.501757"><ele>192</ele></trkpt>
    <trkpt lat="37.089992" lon="-5.500969"><ele>190.4</ele></trkpt>
    <trkpt lat="37.092229" lon="-5.495113"><ele>183.9</ele></trkpt>
    <trkpt lat="37.09231" lon="-5.494966"><ele>183.6</ele></trkpt>
    <trkpt lat="37.092531" lon="-5.494676"><ele>182.8</ele></trkpt>
    <trkpt lat="37.09407" lon="-5.492966"><ele>176.7</ele></trkpt>
    <trkpt lat="37.094851" lon="-5.492099"><ele>174</ele></trkpt>
    <trkpt lat="37.095024" lon="-5.491842"><ele>173.7</ele></trkpt>
    <trkpt lat="37.095098" lon="-5.491677"><ele>173.5</ele></trkpt>
    <trkpt lat="37.095172" lon="-5.491462"><ele>173.4</ele></trkpt>
    <trkpt lat="37.095231" lon="-5.491127"><ele>173.5</ele></trkpt>
    <trkpt lat="37.095199" lon="-5.490857"><ele>173.6</ele></trkpt>
    <trkpt lat="37.094987" lon="-5.490381"><ele>173.6</ele></trkpt>
    <trkpt lat="37.094873" lon="-5.490001"><ele>173.3</ele></trkpt>
    <trkpt lat="37.09486" lon="-5.489668"><ele>173.1</ele></trkpt>
    <trkpt lat="37.094935" lon="-5.489124"><ele>172.8</ele></trkpt>
    <trkpt lat="37.094949" lon="-5.488841"><ele>172.6</ele></trkpt>
    <trkpt lat="37.094708" lon="-5.487145"><ele>171.7</ele></trkpt>
    <trkpt lat="37.094703" lon="-5.486957"><ele>171.6</ele></trkpt>
    <trkpt lat="37.094738" lon="-5.486546"><ele>171.1</ele></trkpt>
    <trkpt lat="37.095113" lon="-5.484772"><ele>164.7</ele></trkpt>
    <trkpt lat="37.095164" lon="-5.48461"><ele>163.7</ele></trkpt>
    <trkpt lat="37.095315" lon="-5.484278"><ele>161.6</ele></trkpt>
    <trkpt lat="37.095573" lon="-5.483891"><ele>159.2</ele></trkpt>
    <trkpt lat="37.095769" lon="-5.48363"><ele>157.9</ele></trkpt>
    <trkpt lat="37.096226" lon="-5.483004"><ele>156.7</ele></trkpt>
    <trkpt lat="37.096685" lon="-5.482376"><ele>158.7</ele></trkpt>
    <trkpt lat="37.097393" lon="-5.480755"><ele>164.1</ele></trkpt>
    <trkpt lat="37.097728" lon="-5.48024"><ele>165</ele></trkpt>
    <trkpt lat="37.097948" lon="-5.480029"><ele>165.2</ele></trkpt>
    <trkpt lat="37.098676" lon="-5.479329"><ele>165.6</ele></trkpt>
    <trkpt lat="37.099012" lon="-5.479005"><ele>165.9</ele></trkpt>
    <trkpt lat="37.099316" lon="-5.478713"><ele>166.3</ele></trkpt>
    <trkpt lat="37.099542" lon="-5.478403"><ele>167</ele></trkpt>
    <trkpt lat="37.099957" lon="-5.477794"><ele>168.8</ele></trkpt>
    <trkpt lat="37.100285" lon="-5.477313"><ele>170.6</ele></trkpt>
    <trkpt lat="37.100469" lon="-5.477043"><ele>171.9</ele></trkpt>
    <trkpt lat="37.101774" lon="-5.475099"><ele>183.4</ele></trkpt>
    <trkpt lat="37.10215" lon="-5.474764"><ele>186.2</ele></trkpt>
    <trkpt lat="37.102353" lon="-5.474652"><ele>187.5</ele></trkpt>
    <trkpt lat="37.1033" lon="-5.474129"><ele>193.5</ele></trkpt>
    <trkpt lat="37.103636" lon="-5.473889"><ele>195.4</ele></trkpt>
    <trkpt lat="37.104286" lon="-5.473254"><ele>199.2</ele></trkpt>
    <trkpt lat="37.105037" lon="-5.472667"><ele>202.9</ele></trkpt>
    <trkpt lat="37.105295" lon="-5.4725"><ele>204.1</ele></trkpt>
    <trkpt lat="37.105798" lon="-5.472268"><ele>206.1</ele></trkpt>
    <trkpt lat="37.106055" lon="-5.472235"><ele>206.9</ele></trkpt>
    <trkpt lat="37.106468" lon="-5.472248"><ele>207.9</ele></trkpt>
    <trkpt lat="37.106721" lon="-5.472186"><ele>208.4</ele></trkpt>
    <trkpt lat="37.107313" lon="-5.471917"><ele>209.1</ele></trkpt>
    <trkpt lat="37.107747" lon="-5.471719"><ele>209.5</ele></trkpt>
    <trkpt lat="37.108152" lon="-5.471394"><ele>210.1</ele></trkpt>
    <trkpt lat="37.108343" lon="-5.471177"><ele>210.4</ele></trkpt>
    <trkpt lat="37.108876" lon="-5.470485"><ele>209.9</ele></trkpt>
    <trkpt lat="37.109732" lon="-5.469697"><ele>206.6</ele></trkpt>
    <trkpt lat="37.110067" lon="-5.469517"><ele>205.1</ele></trkpt>
    <trkpt lat="37.110609" lon="-5.469369"><ele>203.7</ele></trkpt>
    <trkpt lat="37.110819" lon="-5.469277"><ele>203.5</ele></trkpt>
    <trkpt lat="37.110994" lon="-5.469175"><ele>203.5</ele></trkpt>
    <trkpt lat="37.111495" lon="-5.468797"><ele>203.6</ele></trkpt>
    <trkpt lat="37.111668" lon="-5.468594"><ele>203.6</ele></trkpt>
    <trkpt lat="37.11173" lon="-5.468479"><ele>203.5</ele></trkpt>
    <trkpt lat="37.111789" lon="-5.468344"><ele>203.4</ele></trkpt>
    <trkpt lat="37.111996" lon="-5.467618"><ele>201.8</ele></trkpt>
    <trkpt lat="37.112117" lon="-5.467296"><ele>200.7</ele></trkpt>
    <trkpt lat="37.112413" lon="-5.466765"><ele>198.2</ele></trkpt>
    <trkpt lat="37.112718" lon="-5.466"><ele>195.5</ele></trkpt>
    <trkpt lat="37.112883" lon="-5.465718"><ele>194.7</ele></trkpt>
    <trkpt lat="37.113143" lon="-5.465415"><ele>194.2</ele></trkpt>
    <trkpt lat="37.114254" lon="-5.464387"><ele>194</ele></trkpt>
    <trkpt lat="37.114412" lon="-5.464196"><ele>194.1</ele></trkpt>
    <trkpt lat="37.114981" lon="-5.46338"><ele>195.1</ele></trkpt>
    <trkpt lat="37.115197" lon="-5.463124"><ele>195.7</ele></trkpt>
    <trkpt lat="37.115348" lon="-5.462991"><ele>196.1</ele></trkpt>
    <trkpt lat="37.115348" lon="-5.462991"><ele>196.1</ele></trkpt>
    <trkpt lat="37.115489" lon="-5.462947"><ele>196.4</ele></trkpt>
    <trkpt lat="37.115489" lon="-5.462947"><ele>196.5</ele></trkpt>
    <trkpt lat="37.115489" lon="-5.462947"><ele>196.5</ele></trkpt>
    <trkpt lat="37.115684" lon="-5.46296"><ele>197</ele></trkpt>
    <trkpt lat="37.115684" lon="-5.46296"><ele>197</ele></trkpt>
    <trkpt lat="37.115762" lon="-5.462916"><ele>197.2</ele></trkpt>
    <trkpt lat="37.115762" lon="-5.462916"><ele>197.2</ele></trkpt>
    <trkpt lat="37.115808" lon="-5.462843"><ele>197.5</ele></trkpt>
    <trkpt lat="37.115808" lon="-5.462843"><ele>197.5</ele></trkpt>
    <trkpt lat="37.115959" lon="-5.462762"><ele>198</ele></trkpt>
    <trkpt lat="37.115959" lon="-5.462762"><ele>198.1</ele></trkpt>
    <trkpt lat="37.115959" lon="-5.462762"><ele>198.1</ele></trkpt>
    <trkpt lat="37.116097" lon="-5.462735"><ele>198.5</ele></trkpt>
    <trkpt lat="37.116167" lon="-5.462755"><ele>198.8</ele></trkpt>
    <trkpt lat="37.11639" lon="-5.46282"><ele>199.7</ele></trkpt>
    <trkpt lat="37.116781" lon="-5.463064"><ele>201.4</ele></trkpt>
    <trkpt lat="37.117188" lon="-5.463476"><ele>203.6</ele></trkpt>
    <trkpt lat="37.117574" lon="-5.463932"><ele>205.8</ele></trkpt>
    <trkpt lat="37.118035" lon="-5.46445"><ele>207.7</ele></trkpt>
    <trkpt lat="37.118243" lon="-5.464623"><ele>208.5</ele></trkpt>
    <trkpt lat="37.118518" lon="-5.464776"><ele>209.3</ele></trkpt>
    <trkpt lat="37.118695" lon="-5.464789"><ele>209.9</ele></trkpt>
    <trkpt lat="37.118716" lon="-5.464757"><ele>209.9</ele></trkpt>
    <trkpt lat="37.118777" lon="-5.464716"><ele>210.2</ele></trkpt>
    <trkpt lat="37.118846" lon="-5.46472"><ele>210.4</ele></trkpt>
    <trkpt lat="37.118927" lon="-5.464811"><ele>210.7</ele></trkpt>
    <trkpt lat="37.119059" lon="-5.464892"><ele>211.2</ele></trkpt>
    <trkpt lat="37.119148" lon="-5.464915"><ele>211.4</ele></trkpt>
    <trkpt lat="37.119523" lon="-5.464851"><ele>212.5</ele></trkpt>
    <trkpt lat="37.119929" lon="-5.464676"><ele>213.9</ele></trkpt>
    <trkpt lat="37.12017" lon="-5.464477"><ele>214.8</ele></trkpt>
    <trkpt lat="37.120641" lon="-5.464009"><ele>216.3</ele></trkpt>
    <trkpt lat="37.121017" lon="-5.463608"><ele>217.1</ele></trkpt>
    <trkpt lat="37.121131" lon="-5.463629"><ele>217.2</ele></trkpt>
    <trkpt lat="37.121188" lon="-5.463639"><ele>217.3</ele></trkpt>
    <trkpt lat="37.121205" lon="-5.463642"><ele>217.3</ele></trkpt>
    <trkpt lat="37.121267" lon="-5.46368"><ele>217.4</ele></trkpt>
    <trkpt lat="37.121268" lon="-5.463681"><ele>217.4</ele></trkpt>
    <trkpt lat="37.12133" lon="-5.463773"><ele>217.6</ele></trkpt>
    <trkpt lat="37.12147" lon="-5.466241"><ele>220.2</ele></trkpt>
    <trkpt lat="37.121531" lon="-5.466415"><ele>220.3</ele></trkpt>
    <trkpt lat="37.121566" lon="-5.466431"><ele>220.4</ele></trkpt>
    <trkpt lat="37.121604" lon="-5.466531"><ele>220.5</ele></trkpt>
    <trkpt lat="37.121616" lon="-5.466722"><ele>220.5</ele></trkpt>
    <trkpt lat="37.121614" lon="-5.466979"><ele>220.5</ele></trkpt>
    <trkpt lat="37.121584" lon="-5.467033"><ele>220.5</ele></trkpt>
    <trkpt lat="37.12152" lon="-5.46739"><ele>220</ele></trkpt>
    <trkpt lat="37.121517" lon="-5.467736"><ele>219.4</ele></trkpt>
    <trkpt lat="37.121493" lon="-5.468153"><ele>218.3</ele></trkpt>
    <trkpt lat="37.121451" lon="-5.468405"><ele>217.5</ele></trkpt>
    <trkpt lat="37.121424" lon="-5.468565"><ele>216.9</ele></trkpt>
    <trkpt lat="37.121122" lon="-5.469784"><ele>212</ele></trkpt>
    <trkpt lat="37.121093" lon="-5.470395"><ele>210.1</ele></trkpt>
    <trkpt lat="37.121072" lon="-5.470848"><ele>208.9</ele></trkpt>
    <trkpt lat="37.120974" lon="-5.471312"><ele>207.7</ele></trkpt>
    <trkpt lat="37.120709" lon="-5.472195"><ele>205.4</ele></trkpt>
    <trkpt lat="37.12059" lon="-5.472711"><ele>204</ele></trkpt>
    <trkpt lat="37.120479" lon="-5.473739"><ele>201.5</ele></trkpt>
    <trkpt lat="37.120432" lon="-5.474125"><ele>200.6</ele></trkpt>
    <trkpt lat="37.120404" lon="-5.474353"><ele>200.1</ele></trkpt>
    <trkpt lat="37.120355" lon="-5.474869"><ele>198.8</ele></trkpt>
    <trkpt lat="37.120371" lon="-5.475354"><ele>197.6</ele></trkpt>
    <trkpt lat="37.12061" lon="-5.477763"><ele>192.3</ele></trkpt>
    <trkpt lat="37.120613" lon="-5.478324"><ele>191.6</ele></trkpt>
    <trkpt lat="37.120557" lon="-5.47939"><ele>191</ele></trkpt>
    <trkpt lat="37.120521" lon="-5.479952"><ele>190.8</ele></trkpt>
    <trkpt lat="37.120503" lon="-5.480209"><ele>190.6</ele></trkpt>
    <trkpt lat="37.12046" lon="-5.48076"><ele>190.1</ele></trkpt>
    <trkpt lat="37.120277" lon="-5.4828"><ele>187.2</ele></trkpt>
    <trkpt lat="37.120213" lon="-5.483501"><ele>186.8</ele></trkpt>
    <trkpt lat="37.120193" lon="-5.483754"><ele>186.7</ele></trkpt>
    <trkpt lat="37.120136" lon="-5.484331"><ele>186.8</ele></trkpt>
    <trkpt lat="37.120111" lon="-5.484608"><ele>186.8</ele></trkpt>
    <trkpt lat="37.120066" lon="-5.4851"><ele>186.7</ele></trkpt>
    <trkpt lat="37.120045" lon="-5.485339"><ele>186.7</ele></trkpt>
    <trkpt lat="37.120037" lon="-5.485452"><ele>186.6</ele></trkpt>
    <trkpt lat="37.120026" lon="-5.48631"><ele>186</ele></trkpt>
    <trkpt lat="37.120048" lon="-5.486581"><ele>185.6</ele></trkpt>
    <trkpt lat="37.120117" lon="-5.486988"><ele>185</ele></trkpt>
    <trkpt lat="37.12027" lon="-5.487488"><ele>183.9</ele></trkpt>
    <trkpt lat="37.120713" lon="-5.488809"><ele>180.8</ele></trkpt>
    <trkpt lat="37.120837" lon="-5.489275"><ele>180</ele></trkpt>
    <trkpt lat="37.120965" lon="-5.489945"><ele>179</ele></trkpt>
    <trkpt lat="37.121123" lon="-5.490964"><ele>177.9</ele></trkpt>
    <trkpt lat="37.121251" lon="-5.491588"><ele>177</ele></trkpt>
    <trkpt lat="37.122247" lon="-5.494482"><ele>169.7</ele></trkpt>
    <trkpt lat="37.122335" lon="-5.494785"><ele>169.1</ele></trkpt>
    <trkpt lat="37.12239" lon="-5.495079"><ele>168.7</ele></trkpt>
    <trkpt lat="37.12244" lon="-5.495557"><ele>168.2</ele></trkpt>
    <trkpt lat="37.122538" lon="-5.496877"><ele>168.6</ele></trkpt>
    <trkpt lat="37.122612" lon="-5.49864"><ele>170.4</ele></trkpt>
    <trkpt lat="37.122616" lon="-5.499222"><ele>170.4</ele></trkpt>
    <trkpt lat="37.122549" lon="-5.499965"><ele>169.7</ele></trkpt>
    <trkpt lat="37.122305" lon="-5.501306"><ele>167.4</ele></trkpt>
    <trkpt lat="37.122086" lon="-5.502327"><ele>165.7</ele></trkpt>
    <trkpt lat="37.12171" lon="-5.503683"><ele>163.7</ele></trkpt>
    <trkpt lat="37.121335" lon="-5.504814"><ele>162.2</ele></trkpt>
    <trkpt lat="37.120432" lon="-5.507349"><ele>159.4</ele></trkpt>
    <trkpt lat="37.119259" lon="-5.510303"><ele>152.6</ele></trkpt>
    <trkpt lat="37.118443" lon="-5.512799"><ele>150.7</ele></trkpt>
    <trkpt lat="37.118081" lon="-5.514405"><ele>147.9</ele></trkpt>
    <trkpt lat="37.117959" lon="-5.515313"><ele>146.4</ele></trkpt>
    <trkpt lat="37.117629" lon="-5.519063"><ele>143.4</ele></trkpt>
    <trkpt lat="37.117659" lon="-5.519831"><ele>142.6</ele></trkpt>
    <trkpt lat="37.117756" lon="-5.520492"><ele>141.7</ele></trkpt>
    <trkpt lat="37.117994" lon="-5.521497"><ele>139.8</ele></trkpt>
    <trkpt lat="37.118238" lon="-5.522163"><ele>138.6</ele></trkpt>
    <trkpt lat="37.122046" lon="-5.532531"><ele>124.3</ele></trkpt>
    <trkpt lat="37.122151" lon="-5.532805"><ele>123.9</ele></trkpt>
    <trkpt lat="37.122239" lon="-5.533041"><ele>123.6</ele></trkpt>
    <trkpt lat="37.122254" lon="-5.533081"><ele>123.5</ele></trkpt>
    <trkpt lat="37.122327" lon="-5.533273"><ele>123.3</ele></trkpt>
    <trkpt lat="37.124519" lon="-5.539174"><ele>117.4</ele></trkpt>
    <trkpt lat="37.124898" lon="-5.540082"><ele>116.6</ele></trkpt>
    <trkpt lat="37.125184" lon="-5.540843"><ele>115.9</ele></trkpt>
    <trkpt lat="37.125456" lon="-5.541565"><ele>115.3</ele></trkpt>
    <trkpt lat="37.125749" lon="-5.542414"><ele>114.8</ele></trkpt>
    <trkpt lat="37.125766" lon="-5.542517"><ele>114.7</ele></trkpt>
    <trkpt lat="37.127262" lon="-5.546525"><ele>113.7</ele></trkpt>
    <trkpt lat="37.127556" lon="-5.547448"><ele>113.3</ele></trkpt>
    <trkpt lat="37.128971" lon="-5.553223"><ele>109.7</ele></trkpt>
    <trkpt lat="37.129139" lon="-5.554103"><ele>108.7</ele></trkpt>
    <trkpt lat="37.129171" lon="-5.554549"><ele>108.3</ele></trkpt>
    <trkpt lat="37.129165" lon="-5.555005"><ele>107.9</ele></trkpt>
    <trkpt lat="37.129061" lon="-5.557596"><ele>107.9</ele></trkpt>
    <trkpt lat="37.12901" lon="-5.55817"><ele>107.9</ele></trkpt>
    <trkpt lat="37.128916" lon="-5.558711"><ele>107.9</ele></trkpt>
    <trkpt lat="37.128566" lon="-5.560333"><ele>107.5</ele></trkpt>
    <trkpt lat="37.128537" lon="-5.560755"><ele>107.4</ele></trkpt>
    <trkpt lat="37.128583" lon="-5.561172"><ele>107.3</ele></trkpt>
    <trkpt lat="37.128748" lon="-5.561662"><ele>107.2</ele></trkpt>
    <trkpt lat="37.128926" lon="-5.561972"><ele>107.2</ele></trkpt>
    <trkpt lat="37.129661" lon="-5.562975"><ele>106.9</ele></trkpt>
    <trkpt lat="37.136419" lon="-5.572051"><ele>101.3</ele></trkpt>
    <trkpt lat="37.137568" lon="-5.573626"><ele>100.6</ele></trkpt>
    <trkpt lat="37.137801" lon="-5.574055"><ele>100.5</ele></trkpt>
    <trkpt lat="37.138424" lon="-5.575351"><ele>100.1</ele></trkpt>
    <trkpt lat="37.141417" lon="-5.581718"><ele>98.7</ele></trkpt>
    <trkpt lat="37.141529" lon="-5.581952"><ele>98.7</ele></trkpt>
    <trkpt lat="37.148501" lon="-5.596797"><ele>92.8</ele></trkpt>
    <trkpt lat="37.150342" lon="-5.600663"><ele>91.1</ele></trkpt>
    <trkpt lat="37.150773" lon="-5.601607"><ele>90.7</ele></trkpt>
    <trkpt lat="37.150899" lon="-5.601928"><ele>90.6</ele></trkpt>
    <trkpt lat="37.151072" lon="-5.602635"><ele>90.4</ele></trkpt>
    <trkpt lat="37.15114" lon="-5.603161"><ele>90.2</ele></trkpt>
    <trkpt lat="37.151153" lon="-5.60369"><ele>90.1</ele></trkpt>
    <trkpt lat="37.1511" lon="-5.604359"><ele>89.9</ele></trkpt>
    <trkpt lat="37.151094" lon="-5.604518"><ele>89.9</ele></trkpt>
    <trkpt lat="37.151004" lon="-5.604983"><ele>89.8</ele></trkpt>
    <trkpt lat="37.150857" lon="-5.605501"><ele>89.8</ele></trkpt>
    <trkpt lat="37.150506" lon="-5.606253"><ele>89.8</ele></trkpt>
    <trkpt lat="37.150062" lon="-5.60711"><ele>89.8</ele></trkpt>
    <trkpt lat="37.149507" lon="-5.608171"><ele>89.8</ele></trkpt>
    <trkpt lat="37.149031" lon="-5.608995"><ele>89.8</ele></trkpt>
    <trkpt lat="37.147465" lon="-5.612012"><ele>89.3</ele></trkpt>
    <trkpt lat="37.145138" lon="-5.616506"><ele>89.1</ele></trkpt>
    <trkpt lat="37.143289" lon="-5.620081"><ele>88.2</ele></trkpt>
    <trkpt lat="37.143155" lon="-5.620337"><ele>88.2</ele></trkpt>
    <trkpt lat="37.139721" lon="-5.626963"><ele>89.8</ele></trkpt>
    <trkpt lat="37.139518" lon="-5.627456"><ele>89.5</ele></trkpt>
    <trkpt lat="37.13944" lon="-5.627734"><ele>89.3</ele></trkpt>
    <trkpt lat="37.139339" lon="-5.628272"><ele>89</ele></trkpt>
    <trkpt lat="37.13932" lon="-5.628539"><ele>88.9</ele></trkpt>
    <trkpt lat="37.139334" lon="-5.629005"><ele>88.7</ele></trkpt>
    <trkpt lat="37.139416" lon="-5.629519"><ele>88.6</ele></trkpt>
    <trkpt lat="37.139525" lon="-5.629909"><ele>88.6</ele></trkpt>
    <trkpt lat="37.141371" lon="-5.635172"><ele>87.5</ele></trkpt>
    <trkpt lat="37.141483" lon="-5.635444"><ele>87.4</ele></trkpt>
    <trkpt lat="37.141681" lon="-5.6358"><ele>87.1</ele></trkpt>
    <trkpt lat="37.142016" lon="-5.636243"><ele>86.6</ele></trkpt>
    <trkpt lat="37.142153" lon="-5.63638"><ele>86.5</ele></trkpt>
    <trkpt lat="37.142314" lon="-5.636515"><ele>86.3</ele></trkpt>
    <trkpt lat="37.142634" lon="-5.636728"><ele>86.1</ele></trkpt>
    <trkpt lat="37.14303" lon="-5.6369"><ele>85.9</ele></trkpt>
    <trkpt lat="37.150161" lon="-5.638978"><ele>90.2</ele></trkpt>
    <trkpt lat="37.150838" lon="-5.639054"><ele>90.4</ele></trkpt>
    <trkpt lat="37.151467" lon="-5.639051"><ele>90.2</ele></trkpt>
    <trkpt lat="37.152149" lon="-5.639116"><ele>89.7</ele></trkpt>
    <trkpt lat="37.152787" lon="-5.639176"><ele>89.3</ele></trkpt>
    <trkpt lat="37.153471" lon="-5.639244"><ele>88.8</ele></trkpt>
    <trkpt lat="37.153988" lon="-5.63934"><ele>88.5</ele></trkpt>
    <trkpt lat="37.16533" lon="-5.640388"><ele>79.4</ele></trkpt>
    <trkpt lat="37.165654" lon="-5.640398"><ele>79.3</ele></trkpt>
    <trkpt lat="37.165832" lon="-5.640405"><ele>79.3</ele></trkpt>
    <trkpt lat="37.166174" lon="-5.640473"><ele>79.3</ele></trkpt>
    <trkpt lat="37.166557" lon="-5.640714"><ele>79.3</ele></trkpt>
    <trkpt lat="37.166879" lon="-5.641023"><ele>79.4</ele></trkpt>
    <trkpt lat="37.168219" lon="-5.643186"><ele>78.4</ele></trkpt>
    <trkpt lat="37.168534" lon="-5.64358"><ele>78.4</ele></trkpt>
    <trkpt lat="37.168855" lon="-5.643821"><ele>78.5</ele></trkpt>
    <trkpt lat="37.169361" lon="-5.644078"><ele>78.8</ele></trkpt>
    <trkpt lat="37.171067" lon="-5.644556"><ele>79.9</ele></trkpt>
    <trkpt lat="37.171523" lon="-5.644688"><ele>79.9</ele></trkpt>
    <trkpt lat="37.172241" lon="-5.644945"><ele>79.6</ele></trkpt>
    <trkpt lat="37.172719" lon="-5.645194"><ele>79.3</ele></trkpt>
    <trkpt lat="37.173239" lon="-5.645503"><ele>79</ele></trkpt>
    <trkpt lat="37.174655" lon="-5.646404"><ele>78.7</ele></trkpt>
    <trkpt lat="37.176207" lon="-5.647434"><ele>78.7</ele></trkpt>
    <trkpt lat="37.176556" lon="-5.6477"><ele>78.8</ele></trkpt>
    <trkpt lat="37.176843" lon="-5.647966"><ele>79</ele></trkpt>
    <trkpt lat="37.18031" lon="-5.652052"><ele>81.7</ele></trkpt>
    <trkpt lat="37.183142" lon="-5.655331"><ele>81.5</ele></trkpt>
    <trkpt lat="37.187039" lon="-5.65994"><ele>74.8</ele></trkpt>
    <trkpt lat="37.189757" lon="-5.663087"><ele>75.5</ele></trkpt>
    <trkpt lat="37.190022" lon="-5.663396"><ele>75.3</ele></trkpt>
    <trkpt lat="37.19573" lon="-5.670042"><ele>68.4</ele></trkpt>
    <trkpt lat="37.197993" lon="-5.672643"><ele>69.3</ele></trkpt>
    <trkpt lat="37.201363" lon="-5.676591"><ele>70.5</ele></trkpt>
    <trkpt lat="37.204392" lon="-5.680067"><ele>64.7</ele></trkpt>
    <trkpt lat="37.207981" lon="-5.68429"><ele>63.6</ele></trkpt>
    <trkpt lat="37.210612" lon="-5.687303"><ele>64.9</ele></trkpt>
    <trkpt lat="37.210859" lon="-5.687594"><ele>65.2</ele></trkpt>
    <trkpt lat="37.213315" lon="-5.690504"><ele>68.6</ele></trkpt>
    <trkpt lat="37.213424" lon="-5.690635"><ele>68.7</ele></trkpt>
    <trkpt lat="37.214624" lon="-5.692057"><ele>68.3</ele></trkpt>
    <trkpt lat="37.214868" lon="-5.692348"><ele>68.2</ele></trkpt>
    <trkpt lat="37.215044" lon="-5.692559"><ele>68.2</ele></trkpt>
    <trkpt lat="37.21539" lon="-5.692971"><ele>68.3</ele></trkpt>
    <trkpt lat="37.215573" lon="-5.693188"><ele>68.5</ele></trkpt>
    <trkpt lat="37.2158" lon="-5.693465"><ele>68.9</ele></trkpt>
    <trkpt lat="37.216978" lon="-5.694877"><ele>71.1</ele></trkpt>
    <trkpt lat="37.217106" lon="-5.695029"><ele>71.2</ele></trkpt>
    <trkpt lat="37.239563" lon="-5.72197"><ele>62.9</ele></trkpt>
    <trkpt lat="37.24273" lon="-5.725804"><ele>63.6</ele></trkpt>
    <trkpt lat="37.25068" lon="-5.735368"><ele>52.6</ele></trkpt>
    <trkpt lat="37.255426" lon="-5.741001"><ele>49.2</ele></trkpt>
    <trkpt lat="37.25559" lon="-5.741199"><ele>49.1</ele></trkpt>
    <trkpt lat="37.260967" lon="-5.747637"><ele>48.7</ele></trkpt>
    <trkpt lat="37.264413" lon="-5.751778"><ele>47</ele></trkpt>
    <trkpt lat="37.26704" lon="-5.755915"><ele>46</ele></trkpt>
    <trkpt lat="37.267254" lon="-5.756214"><ele>45.8</ele></trkpt>
    <trkpt lat="37.267503" lon="-5.75651"><ele>45.7</ele></trkpt>
    <trkpt lat="37.268662" lon="-5.757803"><ele>45.7</ele></trkpt>
    <trkpt lat="37.268767" lon="-5.75792"><ele>45.8</ele></trkpt>
    <trkpt lat="37.2691" lon="-5.758292"><ele>46.1</ele></trkpt>
    <trkpt lat="37.273987" lon="-5.763769"><ele>49.2</ele></trkpt>
    <trkpt lat="37.275244" lon="-5.765099"><ele>49.4</ele></trkpt>
    <trkpt lat="37.275942" lon="-5.765788"><ele>49.4</ele></trkpt>
    <trkpt lat="37.277581" lon="-5.767459"><ele>48.9</ele></trkpt>
    <trkpt lat="37.28052" lon="-5.770969"><ele>48.7</ele></trkpt>
    <trkpt lat="37.287046" lon="-5.778782"><ele>47.2</ele></trkpt>
    <trkpt lat="37.28712" lon="-5.77887"><ele>47.1</ele></trkpt>
    <trkpt lat="37.291415" lon="-5.784022"><ele>45.6</ele></trkpt>
    <trkpt lat="37.294963" lon="-5.788251"><ele>45.7</ele></trkpt>
    <trkpt lat="37.295041" lon="-5.788314"><ele>45.7</ele></trkpt>
    <trkpt lat="37.295651" lon="-5.789018"><ele>45.8</ele></trkpt>
    <trkpt lat="37.296131" lon="-5.789591"><ele>45.9</ele></trkpt>
    <trkpt lat="37.296708" lon="-5.790345"><ele>46.3</ele></trkpt>
    <trkpt lat="37.297263" lon="-5.791001"><ele>46.9</ele></trkpt>
    <trkpt lat="37.297455" lon="-5.791236"><ele>47.2</ele></trkpt>
    <trkpt lat="37.297529" lon="-5.791285"><ele>47.2</ele></trkpt>
    <trkpt lat="37.297836" lon="-5.791614"><ele>47.5</ele></trkpt>
    <trkpt lat="37.298162" lon="-5.791999"><ele>47.8</ele></trkpt>
    <trkpt lat="37.298541" lon="-5.792456"><ele>48.1</ele></trkpt>
    <trkpt lat="37.298918" lon="-5.792904"><ele>48.2</ele></trkpt>
    <trkpt lat="37.299374" lon="-5.793496"><ele>48.3</ele></trkpt>
    <trkpt lat="37.299407" lon="-5.79357"><ele>48.4</ele></trkpt>
    <trkpt lat="37.299772" lon="-5.794012"><ele>48.3</ele></trkpt>
    <trkpt lat="37.304916" lon="-5.800153"><ele>45.3</ele></trkpt>
    <trkpt lat="37.305353" lon="-5.800599"><ele>44.5</ele></trkpt>
    <trkpt lat="37.30576" lon="-5.800895"><ele>43.3</ele></trkpt>
    <trkpt lat="37.306086" lon="-5.801096"><ele>42</ele></trkpt>
    <trkpt lat="37.307827" lon="-5.801939"><ele>32.1</ele></trkpt>
    <trkpt lat="37.308369" lon="-5.802196"><ele>30.2</ele></trkpt>
    <trkpt lat="37.308567" lon="-5.80227"><ele>29.9</ele></trkpt>
    <trkpt lat="37.308938" lon="-5.802341"><ele>29.5</ele></trkpt>
    <trkpt lat="37.309964" lon="-5.80241"><ele>30.4</ele></trkpt>
    <trkpt lat="37.310152" lon="-5.802451"><ele>30.7</ele></trkpt>
    <trkpt lat="37.310491" lon="-5.802614"><ele>31</ele></trkpt>
    <trkpt lat="37.310831" lon="-5.802898"><ele>31.4</ele></trkpt>
    <trkpt lat="37.31194" lon="-5.804189"><ele>32.3</ele></trkpt>
    <trkpt lat="37.312309" lon="-5.804548"><ele>32.6</ele></trkpt>
    <trkpt lat="37.315334" lon="-5.806808"><ele>37.5</ele></trkpt>
    <trkpt lat="37.319088" lon="-5.809585"><ele>57.9</ele></trkpt>
    <trkpt lat="37.321809" lon="-5.811171"><ele>63.2</ele></trkpt>
    <trkpt lat="37.322175" lon="-5.811482"><ele>63.2</ele></trkpt>
    <trkpt lat="37.322419" lon="-5.81179"><ele>63</ele></trkpt>
    <trkpt lat="37.322971" lon="-5.812754"><ele>61.3</ele></trkpt>
    <trkpt lat="37.323178" lon="-5.813132"><ele>60.5</ele></trkpt>
    <trkpt lat="37.323327" lon="-5.813391"><ele>60</ele></trkpt>
    <trkpt lat="37.323649" lon="-5.813829"><ele>59.2</ele></trkpt>
    <trkpt lat="37.324012" lon="-5.8142"><ele>58.5</ele></trkpt>
    <trkpt lat="37.324216" lon="-5.81436"><ele>58.1</ele></trkpt>
    <trkpt lat="37.324666" lon="-5.814628"><ele>57.5</ele></trkpt>
    <trkpt lat="37.324866" lon="-5.814709"><ele>57.3</ele></trkpt>
    <trkpt lat="37.325501" lon="-5.81485"><ele>57.1</ele></trkpt>
    <trkpt lat="37.325785" lon="-5.814859"><ele>57.2</ele></trkpt>
    <trkpt lat="37.325959" lon="-5.814872"><ele>57.3</ele></trkpt>
    <trkpt lat="37.327662" lon="-5.815005"><ele>59.2</ele></trkpt>
    <trkpt lat="37.327821" lon="-5.815078"><ele>59.3</ele></trkpt>
    <trkpt lat="37.327947" lon="-5.815182"><ele>59.3</ele></trkpt>
    <trkpt lat="37.328118" lon="-5.81543"><ele>59.3</ele></trkpt>
    <trkpt lat="37.328173" lon="-5.815602"><ele>59.3</ele></trkpt>
    <trkpt lat="37.328236" lon="-5.816128"><ele>59.2</ele></trkpt>
    <trkpt lat="37.328323" lon="-5.816408"><ele>59.2</ele></trkpt>
    <trkpt lat="37.328406" lon="-5.816595"><ele>59.1</ele></trkpt>
    <trkpt lat="37.328538" lon="-5.816948"><ele>59</ele></trkpt>
    <trkpt lat="37.328624" lon="-5.817295"><ele>58.8</ele></trkpt>
    <trkpt lat="37.328618" lon="-5.817665"><ele>58.6</ele></trkpt>
    <trkpt lat="37.328585" lon="-5.817924"><ele>58.5</ele></trkpt>
    <trkpt lat="37.328555" lon="-5.818082"><ele>58.4</ele></trkpt>
    <trkpt lat="37.328404" lon="-5.818507"><ele>58</ele></trkpt>
    <trkpt lat="37.328183" lon="-5.818953"><ele>57.5</ele></trkpt>
    <trkpt lat="37.32806" lon="-5.819253"><ele>57.2</ele></trkpt>
    <trkpt lat="37.328008" lon="-5.819593"><ele>57.1</ele></trkpt>
    <trkpt lat="37.327988" lon="-5.820236"><ele>57.2</ele></trkpt>
    <trkpt lat="37.327992" lon="-5.820724"><ele>57.8</ele></trkpt>
    <trkpt lat="37.32799" lon="-5.821142"><ele>58.6</ele></trkpt>
    <trkpt lat="37.328002" lon="-5.823076"><ele>64.2</ele></trkpt>
    <trkpt lat="37.328078" lon="-5.823625"><ele>65.6</ele></trkpt>
    <trkpt lat="37.328148" lon="-5.823893"><ele>66.1</ele></trkpt>
    <trkpt lat="37.328238" lon="-5.824147"><ele>66.6</ele></trkpt>
    <trkpt lat="37.328469" lon="-5.824621"><ele>67.2</ele></trkpt>
    <trkpt lat="37.328679" lon="-5.824932"><ele>67.3</ele></trkpt>
    <trkpt lat="37.328988" lon="-5.825323"><ele>67</ele></trkpt>
    <trkpt lat="37.329039" lon="-5.825369"><ele>66.9</ele></trkpt>
    <trkpt lat="37.329118" lon="-5.825386"><ele>66.8</ele></trkpt>
    <trkpt lat="37.329209" lon="-5.82541"><ele>66.7</ele></trkpt>
    <trkpt lat="37.329273" lon="-5.825493"><ele>66.5</ele></trkpt>
    <trkpt lat="37.32929" lon="-5.825617"><ele>66.3</ele></trkpt>
    <trkpt lat="37.329246" lon="-5.82573"><ele>66.1</ele></trkpt>
    <trkpt lat="37.329223" lon="-5.825755"><ele>66.1</ele></trkpt>
    <trkpt lat="37.329196" lon="-5.825773"><ele>66</ele></trkpt>
    <trkpt lat="37.329121" lon="-5.825912"><ele>65.7</ele></trkpt>
    <trkpt lat="37.329106" lon="-5.82612"><ele>65.3</ele></trkpt>
    <trkpt lat="37.329265" lon="-5.82654"><ele>64.2</ele></trkpt>
    <trkpt lat="37.329777" lon="-5.827759"><ele>60.4</ele></trkpt>
    <trkpt lat="37.329885" lon="-5.828025"><ele>59.5</ele></trkpt>
    <trkpt lat="37.330419" lon="-5.829423"><ele>54.7</ele></trkpt>
    <trkpt lat="37.330581" lon="-5.829852"><ele>53.4</ele></trkpt>
    <trkpt lat="37.330681" lon="-5.830118"><ele>52.8</ele></trkpt>
    <trkpt lat="37.33082" lon="-5.830483"><ele>52</ele></trkpt>
    <trkpt lat="37.33125" lon="-5.831538"><ele>50.8</ele></trkpt>
    <trkpt lat="37.331558" lon="-5.832344"><ele>50.9</ele></trkpt>
    <trkpt lat="37.331909" lon="-5.833216"><ele>51.6</ele></trkpt>
    <trkpt lat="37.332068" lon="-5.833631"><ele>51.9</ele></trkpt>
    <trkpt lat="37.332192" lon="-5.833956"><ele>52.2</ele></trkpt>
    <trkpt lat="37.332451" lon="-5.834631"><ele>52.9</ele></trkpt>
    <trkpt lat="37.332596" lon="-5.835"><ele>53.5</ele></trkpt>
    <trkpt lat="37.332967" lon="-5.835921"><ele>55.7</ele></trkpt>
    <trkpt lat="37.33325" lon="-5.836675"><ele>57.6</ele></trkpt>
    <trkpt lat="37.333371" lon="-5.83698"><ele>58.1</ele></trkpt>
    <trkpt lat="37.333509" lon="-5.837372"><ele>58.5</ele></trkpt>
    <trkpt lat="37.333619" lon="-5.837715"><ele>58.4</ele></trkpt>
    <trkpt lat="37.333825" lon="-5.83854"><ele>57.8</ele></trkpt>
    <trkpt lat="37.333903" lon="-5.838852"><ele>57.9</ele></trkpt>
    <trkpt lat="37.334006" lon="-5.839171"><ele>58.3</ele></trkpt>
    <trkpt lat="37.33409" lon="-5.839322"><ele>58.6</ele></trkpt>
    <trkpt lat="37.334132" lon="-5.839375"><ele>58.8</ele></trkpt>
    <trkpt lat="37.334163" lon="-5.839411"><ele>58.9</ele></trkpt>
    <trkpt lat="37.334628" lon="-5.839531"><ele>60.4</ele></trkpt>
    <trkpt lat="37.33513" lon="-5.839661"><ele>63.3</ele></trkpt>
    <trkpt lat="37.335727" lon="-5.839846"><ele>66.4</ele></trkpt>
    <trkpt lat="37.335908" lon="-5.839947"><ele>67</ele></trkpt>
    <trkpt lat="37.336316" lon="-5.840342"><ele>67.9</ele></trkpt>
    <trkpt lat="37.336492" lon="-5.840511"><ele>68</ele></trkpt>
    <trkpt lat="37.336664" lon="-5.840632"><ele>67.9</ele></trkpt>
    <trkpt lat="37.336743" lon="-5.840604"><ele>67.7</ele></trkpt>
    <trkpt lat="37.336858" lon="-5.840583"><ele>67.5</ele></trkpt>
    <trkpt lat="37.337027" lon="-5.840577"><ele>67.1</ele></trkpt>
    <trkpt lat="37.33734" lon="-5.840612"><ele>66.1</ele></trkpt>
    <trkpt lat="37.337596" lon="-5.840603"><ele>65.3</ele></trkpt>
    <trkpt lat="37.337742" lon="-5.840554"><ele>64.8</ele></trkpt>
    <trkpt lat="37.337879" lon="-5.840483"><ele>64.4</ele></trkpt>
    <trkpt lat="37.338004" lon="-5.840352"><ele>64.1</ele></trkpt>
    <trkpt lat="37.3381" lon="-5.840199"><ele>63.8</ele></trkpt>
    <trkpt lat="37.338541" lon="-5.839504"><ele>63.1</ele></trkpt>
    <trkpt lat="37.33869" lon="-5.83929"><ele>63.2</ele></trkpt>
    <trkpt lat="37.338977" lon="-5.838861"><ele>63.8</ele></trkpt>
    <trkpt lat="37.339107" lon="-5.838525"><ele>64.3</ele></trkpt>
    <trkpt lat="37.339203" lon="-5.83808"><ele>64.8</ele></trkpt>
    <trkpt lat="37.339239" lon="-5.83791"><ele>64.9</ele></trkpt>
    <trkpt lat="37.339287" lon="-5.837683"><ele>65.1</ele></trkpt>
    <trkpt lat="37.339303" lon="-5.837608"><ele>65.1</ele></trkpt>
    <trkpt lat="37.33937" lon="-5.837247"><ele>65.4</ele></trkpt>
    <trkpt lat="37.339435" lon="-5.836431"><ele>66.1</ele></trkpt>
    <trkpt lat="37.339415" lon="-5.836011"><ele>66.5</ele></trkpt>
    <trkpt lat="37.339375" lon="-5.835933"><ele>66.6</ele></trkpt>
    <trkpt lat="37.339369" lon="-5.83587"><ele>66.7</ele></trkpt>
    <trkpt lat="37.339415" lon="-5.835729"><ele>66.9</ele></trkpt>
    <trkpt lat="37.339527" lon="-5.835671"><ele>67.2</ele></trkpt>
    <trkpt lat="37.339614" lon="-5.835615"><ele>67.4</ele></trkpt>
    <trkpt lat="37.339745" lon="-5.835447"><ele>67.9</ele></trkpt>
    <trkpt lat="37.339919" lon="-5.83515"><ele>69.1</ele></trkpt>
    <trkpt lat="37.340104" lon="-5.834771"><ele>70.4</ele></trkpt>
    <trkpt lat="37.340216" lon="-5.834494"><ele>71.1</ele></trkpt>
    <trkpt lat="37.340273" lon="-5.834285"><ele>71.6</ele></trkpt>
    <trkpt lat="37.340284" lon="-5.834045"><ele>72</ele></trkpt>
    <trkpt lat="37.340268" lon="-5.833985"><ele>72.1</ele></trkpt>
    <trkpt lat="37.34031" lon="-5.833868"><ele>72.3</ele></trkpt>
    <trkpt lat="37.340365" lon="-5.833841"><ele>72.4</ele></trkpt>
    <trkpt lat="37.340433" lon="-5.833775"><ele>72.6</ele></trkpt>
    <trkpt lat="37.340548" lon="-5.83356"><ele>72.9</ele></trkpt>
    <trkpt lat="37.340715" lon="-5.832888"><ele>73.4</ele></trkpt>
    <trkpt lat="37.340761" lon="-5.832635"><ele>73.3</ele></trkpt>
    <trkpt lat="37.340815" lon="-5.831991"><ele>73.2</ele></trkpt>
    <trkpt lat="37.340884" lon="-5.831485"><ele>73.1</ele></trkpt>
    <trkpt lat="37.341056" lon="-5.8307"><ele>72.9</ele></trkpt>
    <trkpt lat="37.341096" lon="-5.830512"><ele>73</ele></trkpt>
    <trkpt lat="37.341175" lon="-5.830328"><ele>73.2</ele></trkpt>
    <trkpt lat="37.341337" lon="-5.830121"><ele>73.7</ele></trkpt>
    <trkpt lat="37.341451" lon="-5.829971"><ele>74.1</ele></trkpt>
    <trkpt lat="37.341484" lon="-5.829862"><ele>74.5</ele></trkpt>
    <trkpt lat="37.341501" lon="-5.829784"><ele>74.7</ele></trkpt>
    <trkpt lat="37.341536" lon="-5.829724"><ele>75</ele></trkpt>
    <trkpt lat="37.341622" lon="-5.829679"><ele>75.4</ele></trkpt>
    <trkpt lat="37.341708" lon="-5.829724"><ele>75.8</ele></trkpt>
    <trkpt lat="37.34236" lon="-5.828983"><ele>80.9</ele></trkpt>
    <trkpt lat="37.342578" lon="-5.828736"><ele>82.8</ele></trkpt>
    <trkpt lat="37.342604" lon="-5.828707"><ele>83</ele></trkpt>
    <trkpt lat="37.343201" lon="-5.828032"><ele>87</ele></trkpt>
    <trkpt lat="37.343274" lon="-5.827856"><ele>87.6</ele></trkpt>
    <trkpt lat="37.343306" lon="-5.827726"><ele>88</ele></trkpt>
    <trkpt lat="37.343406" lon="-5.827664"><ele>88.5</ele></trkpt>
    <trkpt lat="37.343431" lon="-5.827666"><ele>88.5</ele></trkpt>
    <trkpt lat="37.343455" lon="-5.827673"><ele>88.6</ele></trkpt>
    <trkpt lat="37.343525" lon="-5.827633"><ele>88.9</ele></trkpt>
    <trkpt lat="37.343636" lon="-5.82758"><ele>89.4</ele></trkpt>
    <trkpt lat="37.344053" lon="-5.827216"><ele>91</ele></trkpt>
    <trkpt lat="37.344428" lon="-5.826961"><ele>92.1</ele></trkpt>
    <trkpt lat="37.344605" lon="-5.826889"><ele>92.6</ele></trkpt>
    <trkpt lat="37.344723" lon="-5.826832"><ele>92.8</ele></trkpt>
    <trkpt lat="37.345327" lon="-5.82652"><ele>93.5</ele></trkpt>
    <trkpt lat="37.345856" lon="-5.826202"><ele>93.4</ele></trkpt>
    <trkpt lat="37.346128" lon="-5.826"><ele>93.3</ele></trkpt>
    <trkpt lat="37.346752" lon="-5.825463"><ele>93.5</ele></trkpt>
    <trkpt lat="37.346849" lon="-5.825378"><ele>93.6</ele></trkpt>
    <trkpt lat="37.347039" lon="-5.825177"><ele>93.7</ele></trkpt>
    <trkpt lat="37.347474" lon="-5.824673"><ele>94.3</ele></trkpt>
    <trkpt lat="37.347975" lon="-5.82393"><ele>95.3</ele></trkpt>
    <trkpt lat="37.348183" lon="-5.823568"><ele>95.7</ele></trkpt>
    <trkpt lat="37.349995" lon="-5.820185"><ele>99.5</ele></trkpt>
    <trkpt lat="37.35003" lon="-5.819909"><ele>100</ele></trkpt>
    <trkpt lat="37.34998" lon="-5.819756"><ele>100.2</ele></trkpt>
    <trkpt lat="37.350091" lon="-5.819457"><ele>100.9</ele></trkpt>
    <trkpt lat="37.350289" lon="-5.819368"><ele>101.4</ele></trkpt>
    <trkpt lat="37.350503" lon="-5.819206"><ele>102.1</ele></trkpt>
    <trkpt lat="37.350697" lon="-5.818789"><ele>103.1</ele></trkpt>
    <trkpt lat="37.350963" lon="-5.818041"><ele>104.8</ele></trkpt>
    <trkpt lat="37.351155" lon="-5.817134"><ele>106.1</ele></trkpt>
    <trkpt lat="37.351457" lon="-5.813208"><ele>106.2</ele></trkpt>
    <trkpt lat="37.35163" lon="-5.812016"><ele>104.2</ele></trkpt>
    <trkpt lat="37.351836" lon="-5.811067"><ele>102.2</ele></trkpt>
    <trkpt lat="37.352224" lon="-5.80973"><ele>100.8</ele></trkpt>
    <trkpt lat="37.356332" lon="-5.797182"><ele>107.2</ele></trkpt>
    <trkpt lat="37.356769" lon="-5.796009"><ele>107.4</ele></trkpt>
    <trkpt lat="37.358411" lon="-5.791942"><ele>110</ele></trkpt>
    <trkpt lat="37.358474" lon="-5.791507"><ele>110.7</ele></trkpt>
    <trkpt lat="37.35843" lon="-5.791374"><ele>110.9</ele></trkpt>
    <trkpt lat="37.358426" lon="-5.791232"><ele>111.2</ele></trkpt>
    <trkpt lat="37.35846" lon="-5.791095"><ele>111.5</ele></trkpt>
    <trkpt lat="37.358533" lon="-5.790979"><ele>111.8</ele></trkpt>
    <trkpt lat="37.358635" lon="-5.790903"><ele>112.1</ele></trkpt>
    <trkpt lat="37.35875" lon="-5.790878"><ele>112.4</ele></trkpt>
    <trkpt lat="37.35894" lon="-5.790656"><ele>113.1</ele></trkpt>
    <trkpt lat="37.361453" lon="-5.784538"><ele>126.3</ele></trkpt>
    <trkpt lat="37.362181" lon="-5.782572"><ele>128.8</ele></trkpt>
    <trkpt lat="37.362762" lon="-5.780855"><ele>129.8</ele></trkpt>
    <trkpt lat="37.362782" lon="-5.780597"><ele>129.8</ele></trkpt>
    <trkpt lat="37.362724" lon="-5.780489"><ele>129.7</ele></trkpt>
    <trkpt lat="37.3627" lon="-5.780343"><ele>129.7</ele></trkpt>
    <trkpt lat="37.362708" lon="-5.780233"><ele>129.7</ele></trkpt>
    <trkpt lat="37.362751" lon="-5.780115"><ele>129.6</ele></trkpt>
    <trkpt lat="37.362823" lon="-5.780022"><ele>129.5</ele></trkpt>
    <trkpt lat="37.362906" lon="-5.779969"><ele>129.5</ele></trkpt>
    <trkpt lat="37.362998" lon="-5.779949"><ele>129.4</ele></trkpt>
    <trkpt lat="37.363171" lon="-5.779762"><ele>129.2</ele></trkpt>
    <trkpt lat="37.363535" lon="-5.778874"><ele>129.3</ele></trkpt>
    <trkpt lat="37.364526" lon="-5.776085"><ele>131.6</ele></trkpt>
    <trkpt lat="37.364724" lon="-5.775349"><ele>131.8</ele></trkpt>
    <trkpt lat="37.364864" lon="-5.774437"><ele>131.3</ele></trkpt>
    <trkpt lat="37.364959" lon="-5.771615"><ele>128</ele></trkpt>
    <trkpt lat="37.365025" lon="-5.771055"><ele>127.6</ele></trkpt>
    <trkpt lat="37.36517" lon="-5.770478"><ele>127.5</ele></trkpt>
    <trkpt lat="37.365417" lon="-5.769825"><ele>127.4</ele></trkpt>
    <trkpt lat="37.366216" lon="-5.768107"><ele>127.4</ele></trkpt>
    <trkpt lat="37.366259" lon="-5.767804"><ele>127.5</ele></trkpt>
    <trkpt lat="37.366172" lon="-5.76764"><ele>127.5</ele></trkpt>
    <trkpt lat="37.36613" lon="-5.76745"><ele>127.6</ele></trkpt>
    <trkpt lat="37.366137" lon="-5.767269"><ele>127.6</ele></trkpt>
    <trkpt lat="37.366182" lon="-5.767105"><ele>127.7</ele></trkpt>
    <trkpt lat="37.366262" lon="-5.766963"><ele>127.8</ele></trkpt>
    <trkpt lat="37.366373" lon="-5.766854"><ele>128</ele></trkpt>
    <trkpt lat="37.366504" lon="-5.766789"><ele>128.2</ele></trkpt>
    <trkpt lat="37.366644" lon="-5.766774"><ele>128.4</ele></trkpt>
    <trkpt lat="37.366782" lon="-5.76681"><ele>128.7</ele></trkpt>
    <trkpt lat="37.366962" lon="-5.766661"><ele>129.1</ele></trkpt>
    <trkpt lat="37.367149" lon="-5.766423"><ele>129.8</ele></trkpt>
    <trkpt lat="37.367732" lon="-5.765583"><ele>132.6</ele></trkpt>
    <trkpt lat="37.368029" lon="-5.76504"><ele>134</ele></trkpt>
    <trkpt lat="37.3681" lon="-5.764892"><ele>134.3</ele></trkpt>
    <trkpt lat="37.368066" lon="-5.764861"><ele>134.4</ele></trkpt>
    <trkpt lat="37.368032" lon="-5.764766"><ele>134.5</ele></trkpt>
    <trkpt lat="37.368054" lon="-5.764665"><ele>134.6</ele></trkpt>
    <trkpt lat="37.368083" lon="-5.764627"><ele>134.7</ele></trkpt>
    <trkpt lat="37.368121" lon="-5.764603"><ele>134.8</ele></trkpt>
    <trkpt lat="37.368203" lon="-5.764609"><ele>134.9</ele></trkpt>
    <trkpt lat="37.368772" lon="-5.763212"><ele>134.9</ele></trkpt>
    <trkpt lat="37.369151" lon="-5.762305"><ele>134.9</ele></trkpt>
    <trkpt lat="37.369527" lon="-5.76145"><ele>135.3</ele></trkpt>
    <trkpt lat="37.370104" lon="-5.760229"><ele>136.3</ele></trkpt>
    <trkpt lat="37.3705" lon="-5.759395"><ele>136.9</ele></trkpt>
    <trkpt lat="37.370819" lon="-5.758724"><ele>137.4</ele></trkpt>
    <trkpt lat="37.37087" lon="-5.758616"><ele>137.6</ele></trkpt>
    <trkpt lat="37.370908" lon="-5.758536"><ele>137.7</ele></trkpt>
    <trkpt lat="37.370951" lon="-5.758445"><ele>137.8</ele></trkpt>
    <trkpt lat="37.370888" lon="-5.758308"><ele>138.1</ele></trkpt>
    <trkpt lat="37.37091" lon="-5.758203"><ele>138.2</ele></trkpt>
    <trkpt lat="37.370979" lon="-5.758135"><ele>138.4</ele></trkpt>
    <trkpt lat="37.371063" lon="-5.758129"><ele>138.5</ele></trkpt>
    <trkpt lat="37.371121" lon="-5.758168"><ele>138.6</ele></trkpt>
    <trkpt lat="37.371167" lon="-5.758099"><ele>138.8</ele></trkpt>
    <trkpt lat="37.37151" lon="-5.757477"><ele>139.8</ele></trkpt>
    <trkpt lat="37.371796" lon="-5.756978"><ele>141.1</ele></trkpt>
    <trkpt lat="37.372013" lon="-5.756583"><ele>142.2</ele></trkpt>
    <trkpt lat="37.372049" lon="-5.756518"><ele>142.4</ele></trkpt>
    <trkpt lat="37.37255" lon="-5.755602"><ele>144.6</ele></trkpt>
    <trkpt lat="37.372623" lon="-5.755462"><ele>145</ele></trkpt>
    <trkpt lat="37.372656" lon="-5.755393"><ele>145.1</ele></trkpt>
    <trkpt lat="37.373163" lon="-5.75435"><ele>145.8</ele></trkpt>
    <trkpt lat="37.373395" lon="-5.753872"><ele>145.4</ele></trkpt>
    <trkpt lat="37.373495" lon="-5.753653"><ele>145.1</ele></trkpt>
    <trkpt lat="37.373911" lon="-5.752753"><ele>143.3</ele></trkpt>
    <trkpt lat="37.374324" lon="-5.751836"><ele>141</ele></trkpt>
    <trkpt lat="37.374383" lon="-5.751702"><ele>140.7</ele></trkpt>
    <trkpt lat="37.374488" lon="-5.75144"><ele>140</ele></trkpt>
    <trkpt lat="37.374502" lon="-5.751406"><ele>139.9</ele></trkpt>
    <trkpt lat="37.374544" lon="-5.751303"><ele>139.6</ele></trkpt>
    <trkpt lat="37.37462" lon="-5.751104"><ele>139.1</ele></trkpt>
    <trkpt lat="37.374911" lon="-5.750403"><ele>136.9</ele></trkpt>
    <trkpt lat="37.37524" lon="-5.749903"><ele>135.3</ele></trkpt>
    <trkpt lat="37.375496" lon="-5.749569"><ele>134.3</ele></trkpt>
    <trkpt lat="37.375627" lon="-5.749368"><ele>133.8</ele></trkpt>
    <trkpt lat="37.375635" lon="-5.749335"><ele>133.7</ele></trkpt>
    <trkpt lat="37.376129" lon="-5.74883"><ele>133</ele></trkpt>
    <trkpt lat="37.376347" lon="-5.748497"><ele>133</ele></trkpt>
    <trkpt lat="37.376376" lon="-5.748442"><ele>133.1</ele></trkpt>
    <trkpt lat="37.376549" lon="-5.748149"><ele>133.3</ele></trkpt>
    <trkpt lat="37.376613" lon="-5.747984"><ele>133.4</ele></trkpt>
    <trkpt lat="37.376686" lon="-5.747605"><ele>133.9</ele></trkpt>
    <trkpt lat="37.37677" lon="-5.74738"><ele>134.2</ele></trkpt>
    <trkpt lat="37.377141" lon="-5.745945"><ele>135.6</ele></trkpt>
    <trkpt lat="37.377141" lon="-5.745945"><ele>135.6</ele></trkpt>
    <trkpt lat="37.377215" lon="-5.745723"><ele>135.7</ele></trkpt>
    <trkpt lat="37.377215" lon="-5.745723"><ele>135.7</ele></trkpt>
    <trkpt lat="37.377254" lon="-5.745617"><ele>135.8</ele></trkpt>
    <trkpt lat="37.377254" lon="-5.745617"><ele>135.8</ele></trkpt>
    <trkpt lat="37.377278" lon="-5.745553"><ele>135.9</ele></trkpt>
    <trkpt lat="37.377278" lon="-5.745553"><ele>135.8</ele></trkpt>
    <trkpt lat="37.377278" lon="-5.745553"><ele>135.8</ele></trkpt>
    <trkpt lat="37.377272" lon="-5.7455"><ele>135.9</ele></trkpt>
    <trkpt lat="37.377272" lon="-5.7455"><ele>135.9</ele></trkpt>
    <trkpt lat="37.377298" lon="-5.745105"><ele>136.1</ele></trkpt>
    <trkpt lat="37.377301" lon="-5.745021"><ele>136.2</ele></trkpt>
    <trkpt lat="37.377293" lon="-5.74474"><ele>136.4</ele></trkpt>
    <trkpt lat="37.37723" lon="-5.744315"><ele>136.7</ele></trkpt>
    <trkpt lat="37.377223" lon="-5.744281"><ele>136.7</ele></trkpt>
    <trkpt lat="37.377223" lon="-5.744281"><ele>136.8</ele></trkpt>
    <trkpt lat="37.377223" lon="-5.744281"><ele>136.8</ele></trkpt>
    <trkpt lat="37.377105" lon="-5.743611"><ele>137.5</ele></trkpt>
    <trkpt lat="37.377105" lon="-5.743611"><ele>137.5</ele></trkpt>
    <trkpt lat="37.377084" lon="-5.74322"><ele>138.2</ele></trkpt>
    <trkpt lat="37.377084" lon="-5.74322"><ele>138.2</ele></trkpt>
    <trkpt lat="37.377047" lon="-5.742775"><ele>139.1</ele></trkpt>
    <trkpt lat="37.377038" lon="-5.742671"><ele>139.3</ele></trkpt>
    <trkpt lat="37.377039" lon="-5.742632"><ele>139.4</ele></trkpt>
    <trkpt lat="37.377048" lon="-5.742439"><ele>139.8</ele></trkpt>
    <trkpt lat="37.377252" lon="-5.741357"><ele>142.7</ele></trkpt>
    <trkpt lat="37.377367" lon="-5.741036"><ele>143.5</ele></trkpt>
    <trkpt lat="37.37755" lon="-5.740702"><ele>144.4</ele></trkpt>
    <trkpt lat="37.377737" lon="-5.740453"><ele>145.1</ele></trkpt>
    <trkpt lat="37.377848" lon="-5.740343"><ele>145.4</ele></trkpt>
    <trkpt lat="37.378715" lon="-5.739619"><ele>146.9</ele></trkpt>
    <trkpt lat="37.378991" lon="-5.73936"><ele>147.5</ele></trkpt>
    <trkpt lat="37.379447" lon="-5.738766"><ele>148.8</ele></trkpt>
    <trkpt lat="37.379407" lon="-5.738678"><ele>148.9</ele></trkpt>
    <trkpt lat="37.379405" lon="-5.738578"><ele>149.1</ele></trkpt>
    <trkpt lat="37.379473" lon="-5.73845"><ele>149.4</ele></trkpt>
    <trkpt lat="37.379502" lon="-5.738434"><ele>149.4</ele></trkpt>
    <trkpt lat="37.379598" lon="-5.738215"><ele>149.9</ele></trkpt>
    <trkpt lat="37.379673" lon="-5.737947"><ele>150.4</ele></trkpt>
    <trkpt lat="37.379726" lon="-5.737435"><ele>151.3</ele></trkpt>
    <trkpt lat="37.379805" lon="-5.736867"><ele>152.3</ele></trkpt>
    <trkpt lat="37.380105" lon="-5.735839"><ele>154.1</ele></trkpt>
    <trkpt lat="37.380534" lon="-5.734468"><ele>155.8</ele></trkpt>
    <trkpt lat="37.380656" lon="-5.733937"><ele>155.9</ele></trkpt>
    <trkpt lat="37.380685" lon="-5.733693"><ele>155.9</ele></trkpt>
    <trkpt lat="37.380664" lon="-5.733414"><ele>155.8</ele></trkpt>
    <trkpt lat="37.380586" lon="-5.733285"><ele>155.7</ele></trkpt>
    <trkpt lat="37.380573" lon="-5.733204"><ele>155.6</ele></trkpt>
    <trkpt lat="37.380609" lon="-5.733048"><ele>155.5</ele></trkpt>
    <trkpt lat="37.380653" lon="-5.732987"><ele>155.4</ele></trkpt>
    <trkpt lat="37.380709" lon="-5.732945"><ele>155.4</ele></trkpt>
    <trkpt lat="37.380851" lon="-5.732667"><ele>155.1</ele></trkpt>
    <trkpt lat="37.380908" lon="-5.732467"><ele>154.8</ele></trkpt>
    <trkpt lat="37.381042" lon="-5.73169"><ele>154</ele></trkpt>
    <trkpt lat="37.381196" lon="-5.731052"><ele>153.1</ele></trkpt>
    <trkpt lat="37.381426" lon="-5.730388"><ele>152.1</ele></trkpt>
    <trkpt lat="37.381912" lon="-5.729297"><ele>150.6</ele></trkpt>
    <trkpt lat="37.38197" lon="-5.7291"><ele>150.4</ele></trkpt>
    <trkpt lat="37.381975" lon="-5.72899"><ele>150.3</ele></trkpt>
    <trkpt lat="37.381971" lon="-5.72893"><ele>150.3</ele></trkpt>
    <trkpt lat="37.381988" lon="-5.72887"><ele>150.2</ele></trkpt>
    <trkpt lat="37.382074" lon="-5.728803"><ele>150.2</ele></trkpt>
    <trkpt lat="37.382108" lon="-5.728805"><ele>150.1</ele></trkpt>
    <trkpt lat="37.382118" lon="-5.728809"><ele>150.1</ele></trkpt>
    <trkpt lat="37.382333" lon="-5.728524"><ele>150</ele></trkpt>
    <trkpt lat="37.382709" lon="-5.727931"><ele>149.9</ele></trkpt>
    <trkpt lat="37.382962" lon="-5.727578"><ele>149.9</ele></trkpt>
    <trkpt lat="37.383353" lon="-5.727107"><ele>149.7</ele></trkpt>
    <trkpt lat="37.383383" lon="-5.72707"><ele>149.7</ele></trkpt>
    <trkpt lat="37.383421" lon="-5.726981"><ele>149.7</ele></trkpt>
    <trkpt lat="37.383586" lon="-5.726774"><ele>149.7</ele></trkpt>
    <trkpt lat="37.383586" lon="-5.726753"><ele>149.7</ele></trkpt>
    <trkpt lat="37.383629" lon="-5.726698"><ele>149.8</ele></trkpt>
    <trkpt lat="37.383648" lon="-5.726699"><ele>149.8</ele></trkpt>
    <trkpt lat="37.383919" lon="-5.726428"><ele>149.8</ele></trkpt>
    <trkpt lat="37.383965" lon="-5.726371"><ele>149.8</ele></trkpt>
    <trkpt lat="37.384058" lon="-5.726251"><ele>149.7</ele></trkpt>
    <trkpt lat="37.384225" lon="-5.726064"><ele>149.7</ele></trkpt>
    <trkpt lat="37.384344" lon="-5.725917"><ele>149.8</ele></trkpt>
    <trkpt lat="37.384509" lon="-5.725717"><ele>149.9</ele></trkpt>
    <trkpt lat="37.384848" lon="-5.725322"><ele>150.5</ele></trkpt>
    <trkpt lat="37.385021" lon="-5.725087"><ele>150.8</ele></trkpt>
    <trkpt lat="37.385168" lon="-5.724857"><ele>151.2</ele></trkpt>
    <trkpt lat="37.385552" lon="-5.724245"><ele>152.6</ele></trkpt>
    <trkpt lat="37.385574" lon="-5.72421"><ele>152.6</ele></trkpt>
    <trkpt lat="37.385842" lon="-5.723753"><ele>153.8</ele></trkpt>
    <trkpt lat="37.386133" lon="-5.72333"><ele>154.9</ele></trkpt>
    <trkpt lat="37.386464" lon="-5.722877"><ele>156.2</ele></trkpt>
    <trkpt lat="37.38661" lon="-5.722732"><ele>156.7</ele></trkpt>
    <trkpt lat="37.387261" lon="-5.72244"><ele>158.6</ele></trkpt>
    <trkpt lat="37.387336" lon="-5.722401"><ele>158.8</ele></trkpt>
    <trkpt lat="37.387725" lon="-5.722239"><ele>160</ele></trkpt>
    <trkpt lat="37.388768" lon="-5.721708"><ele>162.5</ele></trkpt>
    <trkpt lat="37.389243" lon="-5.721385"><ele>163.1</ele></trkpt>
    <trkpt lat="37.389678" lon="-5.721062"><ele>163.5</ele></trkpt>
    <trkpt lat="37.389914" lon="-5.720893"><ele>163.7</ele></trkpt>
    <trkpt lat="37.390299" lon="-5.720567"><ele>164.3</ele></trkpt>
    <trkpt lat="37.39078" lon="-5.720037"><ele>166.2</ele></trkpt>
    <trkpt lat="37.391003" lon="-5.719717"><ele>167.5</ele></trkpt>
    <trkpt lat="37.391468" lon="-5.71886"><ele>170.9</ele></trkpt>
    <trkpt lat="37.391986" lon="-5.718103"><ele>174.1</ele></trkpt>
    <trkpt lat="37.392156" lon="-5.717878"><ele>175</ele></trkpt>
    <trkpt lat="37.392838" lon="-5.716991"><ele>177.4</ele></trkpt>
    <trkpt lat="37.393349" lon="-5.716399"><ele>177.1</ele></trkpt>
    <trkpt lat="37.393472" lon="-5.716277"><ele>176.8</ele></trkpt>
    <trkpt lat="37.393876" lon="-5.715836"><ele>175.3</ele></trkpt>
    <trkpt lat="37.393937" lon="-5.715758"><ele>175.1</ele></trkpt>
    <trkpt lat="37.394129" lon="-5.715513"><ele>174.2</ele></trkpt>
    <trkpt lat="37.394793" lon="-5.714459"><ele>169.7</ele></trkpt>
    <trkpt lat="37.395107" lon="-5.71393"><ele>167.6</ele></trkpt>
    <trkpt lat="37.395289" lon="-5.713605"><ele>166.3</ele></trkpt>
    <trkpt lat="37.395489" lon="-5.713255"><ele>164.8</ele></trkpt>
    <trkpt lat="37.396092" lon="-5.712256"><ele>162.3</ele></trkpt>
    <trkpt lat="37.396276" lon="-5.71199"><ele>162.1</ele></trkpt>
    <trkpt lat="37.396268" lon="-5.711894"><ele>162.1</ele></trkpt>
    <trkpt lat="37.396276" lon="-5.711872"><ele>162.1</ele></trkpt>
    <trkpt lat="37.396344" lon="-5.711777"><ele>162.1</ele></trkpt>
    <trkpt lat="37.396375" lon="-5.711768"><ele>162.1</ele></trkpt>
    <trkpt lat="37.396401" lon="-5.711767"><ele>162.2</ele></trkpt>
    <trkpt lat="37.396436" lon="-5.711777"><ele>162.2</ele></trkpt>
    <trkpt lat="37.396667" lon="-5.711559"><ele>162.5</ele></trkpt>
    <trkpt lat="37.39696" lon="-5.711225"><ele>163.4</ele></trkpt>
    <trkpt lat="37.397105" lon="-5.711067"><ele>164</ele></trkpt>
    <trkpt lat="37.397239" lon="-5.710812"><ele>164.8</ele></trkpt>
    <trkpt lat="37.397239" lon="-5.7108"><ele>164.8</ele></trkpt>
    <trkpt lat="37.397277" lon="-5.7107"><ele>165.1</ele></trkpt>
    <trkpt lat="37.397361" lon="-5.710662"><ele>165.5</ele></trkpt>
    <trkpt lat="37.397372" lon="-5.710664"><ele>165.5</ele></trkpt>
    <trkpt lat="37.397465" lon="-5.710624"><ele>165.9</ele></trkpt>
    <trkpt lat="37.397696" lon="-5.710435"><ele>166.9</ele></trkpt>
    <trkpt lat="37.398463" lon="-5.7096"><ele>171.1</ele></trkpt>
    <trkpt lat="37.398791" lon="-5.709302"><ele>172.6</ele></trkpt>
    <trkpt lat="37.399093" lon="-5.709086"><ele>173.6</ele></trkpt>
    <trkpt lat="37.400206" lon="-5.708339"><ele>176.4</ele></trkpt>
    <trkpt lat="37.400304" lon="-5.708268"><ele>176.6</ele></trkpt>
    <trkpt lat="37.400488" lon="-5.708158"><ele>176.8</ele></trkpt>
    <trkpt lat="37.400757" lon="-5.708028"><ele>177.2</ele></trkpt>
    <trkpt lat="37.401896" lon="-5.707523"><ele>178.4</ele></trkpt>
    <trkpt lat="37.402462" lon="-5.707303"><ele>178.9</ele></trkpt>
    <trkpt lat="37.402666" lon="-5.707238"><ele>179.1</ele></trkpt>
    <trkpt lat="37.402811" lon="-5.707193"><ele>179.2</ele></trkpt>
    <trkpt lat="37.403022" lon="-5.707135"><ele>179.5</ele></trkpt>
    <trkpt lat="37.403238" lon="-5.706965"><ele>179.7</ele></trkpt>
    <trkpt lat="37.403314" lon="-5.706836"><ele>179.8</ele></trkpt>
    <trkpt lat="37.40342" lon="-5.706745"><ele>179.8</ele></trkpt>
    <trkpt lat="37.403543" lon="-5.706702"><ele>179.8</ele></trkpt>
    <trkpt lat="37.403671" lon="-5.706712"><ele>179.8</ele></trkpt>
    <trkpt lat="37.403789" lon="-5.706773"><ele>179.8</ele></trkpt>
    <trkpt lat="37.404049" lon="-5.70677"><ele>179.5</ele></trkpt>
    <trkpt lat="37.40422" lon="-5.706665"><ele>179.3</ele></trkpt>
    <trkpt lat="37.404725" lon="-5.706422"><ele>178</ele></trkpt>
    <trkpt lat="37.405045" lon="-5.706336"><ele>176.9</ele></trkpt>
    <trkpt lat="37.406409" lon="-5.705701"><ele>170.3</ele></trkpt>
    <trkpt lat="37.407255" lon="-5.705272"><ele>166.6</ele></trkpt>
    <trkpt lat="37.407889" lon="-5.704894"><ele>164.2</ele></trkpt>
    <trkpt lat="37.408202" lon="-5.7048"><ele>163.3</ele></trkpt>
    <trkpt lat="37.408523" lon="-5.704748"><ele>162.6</ele></trkpt>
    <trkpt lat="37.408843" lon="-5.704731"><ele>161.9</ele></trkpt>
    <trkpt lat="37.409695" lon="-5.704766"><ele>160.5</ele></trkpt>
    <trkpt lat="37.411175" lon="-5.704989"><ele>158.9</ele></trkpt>
    <trkpt lat="37.411379" lon="-5.705006"><ele>159.1</ele></trkpt>
    <trkpt lat="37.411529" lon="-5.70498"><ele>159.3</ele></trkpt>
    <trkpt lat="37.411615" lon="-5.70495"><ele>159.4</ele></trkpt>
    <trkpt lat="37.411854" lon="-5.704844"><ele>160</ele></trkpt>
    <trkpt lat="37.413186" lon="-5.704105"><ele>166.5</ele></trkpt>
    <trkpt lat="37.41354" lon="-5.703736"><ele>168.3</ele></trkpt>
    <trkpt lat="37.413949" lon="-5.703229"><ele>169.8</ele></trkpt>
    <trkpt lat="37.414447" lon="-5.702723"><ele>170.7</ele></trkpt>
    <trkpt lat="37.416525" lon="-5.700839"><ele>173.8</ele></trkpt>
    <trkpt lat="37.416857" lon="-5.700508"><ele>174.3</ele></trkpt>
    <trkpt lat="37.418869" lon="-5.698332"><ele>177.1</ele></trkpt>
    <trkpt lat="37.419764" lon="-5.69729"><ele>177.7</ele></trkpt>
    <trkpt lat="37.420071" lon="-5.696895"><ele>177.9</ele></trkpt>
    <trkpt lat="37.420903" lon="-5.695754"><ele>178.1</ele></trkpt>
    <trkpt lat="37.421332" lon="-5.69505"><ele>177.7</ele></trkpt>
    <trkpt lat="37.421693" lon="-5.694517"><ele>177.5</ele></trkpt>
    <trkpt lat="37.422034" lon="-5.694131"><ele>177.6</ele></trkpt>
    <trkpt lat="37.4223" lon="-5.693865"><ele>177.9</ele></trkpt>
    <trkpt lat="37.422982" lon="-5.693402"><ele>178.8</ele></trkpt>
    <trkpt lat="37.423288" lon="-5.693247"><ele>179.2</ele></trkpt>
    <trkpt lat="37.423663" lon="-5.692913"><ele>179.5</ele></trkpt>
    <trkpt lat="37.42561" lon="-5.690933"><ele>180.1</ele></trkpt>
    <trkpt lat="37.428373" lon="-5.688252"><ele>187.4</ele></trkpt>
    <trkpt lat="37.429886" lon="-5.68614"><ele>192.1</ele></trkpt>
    <trkpt lat="37.430145" lon="-5.685831"><ele>193.2</ele></trkpt>
    <trkpt lat="37.430391" lon="-5.685582"><ele>194.4</ele></trkpt>
    <trkpt lat="37.431468" lon="-5.684681"><ele>198.9</ele></trkpt>
    <trkpt lat="37.431917" lon="-5.684201"><ele>199.5</ele></trkpt>
    <trkpt lat="37.432176" lon="-5.683814"><ele>199.1</ele></trkpt>
    <trkpt lat="37.432347" lon="-5.683471"><ele>198.3</ele></trkpt>
    <trkpt lat="37.43262" lon="-5.683008"><ele>196.6</ele></trkpt>
    <trkpt lat="37.432906" lon="-5.682424"><ele>194.5</ele></trkpt>
    <trkpt lat="37.433301" lon="-5.681918"><ele>192.9</ele></trkpt>
    <trkpt lat="37.433989" lon="-5.681265"><ele>192.9</ele></trkpt>
    <trkpt lat="37.435223" lon="-5.68027"><ele>197.1</ele></trkpt>
    <trkpt lat="37.436082" lon="-5.679506"><ele>199.2</ele></trkpt>
    <trkpt lat="37.436293" lon="-5.67924"><ele>199.3</ele></trkpt>
    <trkpt lat="37.436831" lon="-5.67827"><ele>198.4</ele></trkpt>
    <trkpt lat="37.43724" lon="-5.6776"><ele>197.4</ele></trkpt>
    <trkpt lat="37.438147" lon="-5.676364"><ele>196.2</ele></trkpt>
    <trkpt lat="37.438774" lon="-5.675849"><ele>195.1</ele></trkpt>
    <trkpt lat="37.439942" lon="-5.675205"><ele>193.9</ele></trkpt>
    <trkpt lat="37.441697" lon="-5.674133"><ele>196.2</ele></trkpt>
    <trkpt lat="37.442488" lon="-5.673556"><ele>197</ele></trkpt>
    <trkpt lat="37.44383" lon="-5.672536"><ele>198.9</ele></trkpt>
    <trkpt lat="37.445261" lon="-5.671403"><ele>201.4</ele></trkpt>
    <trkpt lat="37.445643" lon="-5.671034"><ele>201.9</ele></trkpt>
    <trkpt lat="37.445881" lon="-5.670742"><ele>202</ele></trkpt>
    <trkpt lat="37.446174" lon="-5.670322"><ele>201.8</ele></trkpt>
    <trkpt lat="37.446839" lon="-5.669218"><ele>199.8</ele></trkpt>
    <trkpt lat="37.447564" lon="-5.667961"><ele>197.6</ele></trkpt>
    <trkpt lat="37.447929" lon="-5.667445"><ele>197.4</ele></trkpt>
    <trkpt lat="37.448106" lon="-5.667227"><ele>197.4</ele></trkpt>
    <trkpt lat="37.448696" lon="-5.666563"><ele>197.5</ele></trkpt>
    <trkpt lat="37.449077" lon="-5.666219"><ele>197.7</ele></trkpt>
    <trkpt lat="37.449486" lon="-5.665936"><ele>197.9</ele></trkpt>
    <trkpt lat="37.450907" lon="-5.665136"><ele>200</ele></trkpt>
    <trkpt lat="37.451403" lon="-5.664785"><ele>200.5</ele></trkpt>
    <trkpt lat="37.451984" lon="-5.664253"><ele>201.1</ele></trkpt>
    <trkpt lat="37.452952" lon="-5.663383"><ele>201.7</ele></trkpt>
    <trkpt lat="37.453835" lon="-5.662421"><ele>202.1</ele></trkpt>
    <trkpt lat="37.454985" lon="-5.661473"><ele>202.8</ele></trkpt>
    <trkpt lat="37.455462" lon="-5.661043"><ele>203.1</ele></trkpt>
    <trkpt lat="37.455979" lon="-5.660443"><ele>203.3</ele></trkpt>
    <trkpt lat="37.457008" lon="-5.659456"><ele>203.4</ele></trkpt>
    <trkpt lat="37.457901" lon="-5.658649"><ele>204.4</ele></trkpt>
    <trkpt lat="37.458371" lon="-5.658185"><ele>205</ele></trkpt>
    <trkpt lat="37.458732" lon="-5.657731"><ele>205</ele></trkpt>
    <trkpt lat="37.459679" lon="-5.656761"><ele>203.9</ele></trkpt>
    <trkpt lat="37.460674" lon="-5.656108"><ele>203.9</ele></trkpt>
    <trkpt lat="37.461225" lon="-5.655693"><ele>205.6</ele></trkpt>
    <trkpt lat="37.461345" lon="-5.655621"><ele>206</ele></trkpt>
    <trkpt lat="37.461312" lon="-5.655486"><ele>206.4</ele></trkpt>
    <trkpt lat="37.46135" lon="-5.655352"><ele>206.7</ele></trkpt>
    <trkpt lat="37.461443" lon="-5.655273"><ele>207.1</ele></trkpt>
    <trkpt lat="37.461555" lon="-5.655279"><ele>207.5</ele></trkpt>
    <trkpt lat="37.461721" lon="-5.655221"><ele>208.1</ele></trkpt>
    <trkpt lat="37.462272" lon="-5.654634"><ele>210.6</ele></trkpt>
    <trkpt lat="37.462837" lon="-5.654063"><ele>212</ele></trkpt>
    <trkpt lat="37.463104" lon="-5.653724"><ele>212.4</ele></trkpt>
    <trkpt lat="37.463322" lon="-5.653368"><ele>212.7</ele></trkpt>
    <trkpt lat="37.463631" lon="-5.652727"><ele>212.7</ele></trkpt>
    <trkpt lat="37.463943" lon="-5.652036"><ele>213</ele></trkpt>
    <trkpt lat="37.464215" lon="-5.651599"><ele>213.4</ele></trkpt>
    <trkpt lat="37.464246" lon="-5.651541"><ele>213.4</ele></trkpt>
    <trkpt lat="37.464346" lon="-5.651354"><ele>213.6</ele></trkpt>
    <trkpt lat="37.464345" lon="-5.651314"><ele>213.7</ele></trkpt>
    <trkpt lat="37.464403" lon="-5.651184"><ele>213.8</ele></trkpt>
    <trkpt lat="37.464494" lon="-5.651149"><ele>213.9</ele></trkpt>
    <trkpt lat="37.464542" lon="-5.651162"><ele>214</ele></trkpt>
    <trkpt lat="37.464746" lon="-5.651037"><ele>214.3</ele></trkpt>
    <trkpt lat="37.466104" lon="-5.649787"><ele>216.4</ele></trkpt>
    <trkpt lat="37.467371" lon="-5.648745"><ele>220.6</ele></trkpt>
    <trkpt lat="37.467664" lon="-5.648506"><ele>221.8</ele></trkpt>
    <trkpt lat="37.467808" lon="-5.648405"><ele>222.3</ele></trkpt>
    <trkpt lat="37.467943" lon="-5.648349"><ele>222.8</ele></trkpt>
    <trkpt lat="37.468001" lon="-5.648307"><ele>222.9</ele></trkpt>
    <trkpt lat="37.46818" lon="-5.648069"><ele>223.7</ele></trkpt>
    <trkpt lat="37.46887" lon="-5.646705"><ele>226.2</ele></trkpt>
    <trkpt lat="37.469376" lon="-5.645695"><ele>225.5</ele></trkpt>
    <trkpt lat="37.469533" lon="-5.645455"><ele>224.9</ele></trkpt>
    <trkpt lat="37.469807" lon="-5.645135"><ele>223.6</ele></trkpt>
    <trkpt lat="37.469993" lon="-5.644977"><ele>222.5</ele></trkpt>
    <trkpt lat="37.470117" lon="-5.644691"><ele>221.2</ele></trkpt>
    <trkpt lat="37.470479" lon="-5.643727"><ele>217.2</ele></trkpt>
    <trkpt lat="37.470514" lon="-5.643671"><ele>217</ele></trkpt>
    <trkpt lat="37.470587" lon="-5.64366"><ele>216.8</ele></trkpt>
    <trkpt lat="37.470678" lon="-5.643637"><ele>216.5</ele></trkpt>
    <trkpt lat="37.47077" lon="-5.643575"><ele>216.3</ele></trkpt>
    <trkpt lat="37.471039" lon="-5.64313"><ele>215.4</ele></trkpt>
    <trkpt lat="37.471115" lon="-5.642941"><ele>215.3</ele></trkpt>
    <trkpt lat="37.471155" lon="-5.642596"><ele>215.2</ele></trkpt>
    <trkpt lat="37.471175" lon="-5.642012"><ele>215.9</ele></trkpt>
    <trkpt lat="37.47115" lon="-5.641848"><ele>216.2</ele></trkpt>
    <trkpt lat="37.471102" lon="-5.641811"><ele>216.4</ele></trkpt>
    <trkpt lat="37.47108" lon="-5.641744"><ele>216.6</ele></trkpt>
    <trkpt lat="37.471084" lon="-5.641699"><ele>216.6</ele></trkpt>
    <trkpt lat="37.471117" lon="-5.641643"><ele>216.8</ele></trkpt>
    <trkpt lat="37.471169" lon="-5.641621"><ele>217</ele></trkpt>
    <trkpt lat="37.471215" lon="-5.641635"><ele>217.1</ele></trkpt>
    <trkpt lat="37.471234" lon="-5.641653"><ele>217.2</ele></trkpt>
    <trkpt lat="37.471261" lon="-5.641746"><ele>217.4</ele></trkpt>
    <trkpt lat="37.471241" lon="-5.641809"><ele>217.5</ele></trkpt>
    <trkpt lat="37.471298" lon="-5.641789"><ele>217.7</ele></trkpt>
    <trkpt lat="37.471441" lon="-5.641809"><ele>218.1</ele></trkpt>
    <trkpt lat="37.471513" lon="-5.641829"><ele>218.3</ele></trkpt>
    <trkpt lat="37.471583" lon="-5.64185"><ele>218.6</ele></trkpt>
    <trkpt lat="37.471642" lon="-5.641882"><ele>218.7</ele></trkpt>
    <trkpt lat="37.47218" lon="-5.642178"><ele>219.8</ele></trkpt>
    <trkpt lat="37.472594" lon="-5.642298"><ele>219.8</ele></trkpt>
    <trkpt lat="37.472941" lon="-5.64238"><ele>219.2</ele></trkpt>
    <trkpt lat="37.473347" lon="-5.64241"><ele>217.7</ele></trkpt>
    <trkpt lat="37.473535" lon="-5.64244"><ele>216.8</ele></trkpt>
    <trkpt lat="37.473615" lon="-5.642464"><ele>216.3</ele></trkpt>
    <trkpt lat="37.473956" lon="-5.642601"><ele>214.3</ele></trkpt>
    <trkpt lat="37.473726" lon="-5.643446"><ele>210.2</ele></trkpt>
    <trkpt lat="37.473443" lon="-5.644021"><ele>207.5</ele></trkpt>
    <trkpt lat="37.473427" lon="-5.644163"><ele>207</ele></trkpt>
    <trkpt lat="37.473429" lon="-5.644195"><ele>206.9</ele></trkpt>
    <trkpt lat="37.473501" lon="-5.644387"><ele>206.1</ele></trkpt>
    <trkpt lat="37.473896" lon="-5.644941"><ele>203.7</ele></trkpt>
    <trkpt lat="37.474405" lon="-5.645657"><ele>201.3</ele></trkpt>
    <trkpt lat="37.474831" lon="-5.646291"><ele>199.5</ele></trkpt>
    <trkpt lat="37.474941" lon="-5.64655"><ele>198.9</ele></trkpt>
    <trkpt lat="37.475316" lon="-5.647262"><ele>197.1</ele></trkpt>
    <trkpt lat="37.475688" lon="-5.647872"><ele>195.2</ele></trkpt>
    <trkpt lat="37.475722" lon="-5.647927"><ele>195</ele></trkpt>
    <trkpt lat="37.475977" lon="-5.648072"><ele>194.1</ele></trkpt>
    <trkpt lat="37.476046" lon="-5.648079"><ele>193.8</ele></trkpt>
    <trkpt lat="37.476105" lon="-5.648118"><ele>193.6</ele></trkpt>
    <trkpt lat="37.47616" lon="-5.648223"><ele>193.2</ele></trkpt>
    <trkpt lat="37.476159" lon="-5.648341"><ele>192.9</ele></trkpt>
    <trkpt lat="37.476204" lon="-5.648628"><ele>192.1</ele></trkpt>
    <trkpt lat="37.477266" lon="-5.649618"><ele>188.6</ele></trkpt>
    <trkpt lat="37.477563" lon="-5.649923"><ele>187.6</ele></trkpt>
    <trkpt lat="37.478076" lon="-5.65054"><ele>185.9</ele></trkpt>
    <trkpt lat="37.478411" lon="-5.650966"><ele>184.6</ele></trkpt>
    <trkpt lat="37.47864" lon="-5.651192"><ele>184</ele></trkpt>
    <trkpt lat="37.478892" lon="-5.651394"><ele>183.6</ele></trkpt>
    <trkpt lat="37.479356" lon="-5.651705"><ele>182.8</ele></trkpt>
    <trkpt lat="37.479576" lon="-5.651666"><ele>182.5</ele></trkpt>
    <trkpt lat="37.479607" lon="-5.651635"><ele>182.5</ele></trkpt>
    <trkpt lat="37.479718" lon="-5.651605"><ele>182.3</ele></trkpt>
    <trkpt lat="37.479819" lon="-5.651668"><ele>182.1</ele></trkpt>
    <trkpt lat="37.479852" lon="-5.651728"><ele>182</ele></trkpt>
    <trkpt lat="37.479863" lon="-5.65187"><ele>181.9</ele></trkpt>
    <trkpt lat="37.479825" lon="-5.651961"><ele>181.8</ele></trkpt>
    <trkpt lat="37.479815" lon="-5.651974"><ele>181.7</ele></trkpt>
    <trkpt lat="37.479852" lon="-5.652344"><ele>181.3</ele></trkpt>
    <trkpt lat="37.480038" lon="-5.652759"><ele>180.6</ele></trkpt>
    <trkpt lat="37.480156" lon="-5.653098"><ele>179.7</ele></trkpt>
    <trkpt lat="37.480309" lon="-5.653937"><ele>177.4</ele></trkpt>
    <trkpt lat="37.480343" lon="-5.654044"><ele>177</ele></trkpt>
    <trkpt lat="37.480677" lon="-5.654682"><ele>174.6</ele></trkpt>
    <trkpt lat="37.480748" lon="-5.654808"><ele>174.1</ele></trkpt>
    <trkpt lat="37.481392" lon="-5.655876"><ele>169.1</ele></trkpt>
    <trkpt lat="37.48143" lon="-5.655992"><ele>168.7</ele></trkpt>
    <trkpt lat="37.481869" lon="-5.656669"><ele>166.5</ele></trkpt>
    <trkpt lat="37.481891" lon="-5.656704"><ele>166.4</ele></trkpt>
    <trkpt lat="37.482053" lon="-5.656939"><ele>165.8</ele></trkpt>
    <trkpt lat="37.482233" lon="-5.657388"><ele>165</ele></trkpt>
    <trkpt lat="37.482262" lon="-5.65753"><ele>164.9</ele></trkpt>
    <trkpt lat="37.482333" lon="-5.658028"><ele>164.6</ele></trkpt>
    <trkpt lat="37.48234" lon="-5.65821"><ele>164.5</ele></trkpt>
    <trkpt lat="37.48234" lon="-5.658654"><ele>164</ele></trkpt>
    <trkpt lat="37.482346" lon="-5.658718"><ele>164</ele></trkpt>
    <trkpt lat="37.482428" lon="-5.659424"><ele>162.9</ele></trkpt>
    <trkpt lat="37.482921" lon="-5.660688"><ele>159.4</ele></trkpt>
    <trkpt lat="37.483153" lon="-5.661112"><ele>157.7</ele></trkpt>
    <trkpt lat="37.483704" lon="-5.661843"><ele>153.8</ele></trkpt>
    <trkpt lat="37.483935" lon="-5.66219"><ele>151.7</ele></trkpt>
    <trkpt lat="37.484556" lon="-5.663436"><ele>144.9</ele></trkpt>
    <trkpt lat="37.484616" lon="-5.663547"><ele>144.3</ele></trkpt>
    <trkpt lat="37.484936" lon="-5.66421"><ele>141.7</ele></trkpt>
    <trkpt lat="37.486748" lon="-5.668001"><ele>133.4</ele></trkpt>
    <trkpt lat="37.48732" lon="-5.66958"><ele>131.2</ele></trkpt>
    <trkpt lat="37.487504" lon="-5.670267"><ele>130.5</ele></trkpt>
    <trkpt lat="37.488398" lon="-5.674189"><ele>126.7</ele></trkpt>
    <trkpt lat="37.488533" lon="-5.674782"><ele>126</ele></trkpt>
    <trkpt lat="37.488662" lon="-5.675194"><ele>125.5</ele></trkpt>
    <trkpt lat="37.488894" lon="-5.67564"><ele>124.7</ele></trkpt>
    <trkpt lat="37.489803" lon="-5.677132"><ele>121.9</ele></trkpt>
    <trkpt lat="37.490075" lon="-5.677736"><ele>121</ele></trkpt>
    <trkpt lat="37.490371" lon="-5.678653"><ele>119.7</ele></trkpt>
    <trkpt lat="37.491141" lon="-5.684266"><ele>112.2</ele></trkpt>
    <trkpt lat="37.491704" lon="-5.687014"><ele>109.7</ele></trkpt>
    <trkpt lat="37.492115" lon="-5.688399"><ele>108.4</ele></trkpt>
    <trkpt lat="37.492447" lon="-5.68928"><ele>108.1</ele></trkpt>
    <trkpt lat="37.493398" lon="-5.691657"><ele>108.1</ele></trkpt>
    <trkpt lat="37.495881" lon="-5.69611"><ele>101.4</ele></trkpt>
    <trkpt lat="37.497447" lon="-5.697552"><ele>98</ele></trkpt>
    <trkpt lat="37.498033" lon="-5.698411"><ele>96.8</ele></trkpt>
    <trkpt lat="37.498278" lon="-5.698994"><ele>96.5</ele></trkpt>
    <trkpt lat="37.499292" lon="-5.701853"><ele>97.7</ele></trkpt>
    <trkpt lat="37.501069" lon="-5.706389"><ele>96.2</ele></trkpt>
    <trkpt lat="37.501282" lon="-5.707146"><ele>95.8</ele></trkpt>
    <trkpt lat="37.501348" lon="-5.707371"><ele>95.7</ele></trkpt>
    <trkpt lat="37.501402" lon="-5.707909"><ele>95.4</ele></trkpt>
    <trkpt lat="37.501438" lon="-5.710657"><ele>94.2</ele></trkpt>
    <trkpt lat="37.501428" lon="-5.712661"><ele>93.5</ele></trkpt>
    <trkpt lat="37.501523" lon="-5.712701"><ele>93.5</ele></trkpt>
    <trkpt lat="37.501586" lon="-5.712798"><ele>93.4</ele></trkpt>
    <trkpt lat="37.501601" lon="-5.712873"><ele>93.4</ele></trkpt>
    <trkpt lat="37.501568" lon="-5.713019"><ele>93.4</ele></trkpt>
    <trkpt lat="37.501525" lon="-5.713073"><ele>93.4</ele></trkpt>
    <trkpt lat="37.501409" lon="-5.713114"><ele>93.3</ele></trkpt>
    <trkpt lat="37.501417" lon="-5.714037"><ele>93.2</ele></trkpt>
    <trkpt lat="37.501495" lon="-5.715781"><ele>92.9</ele></trkpt>
    <trkpt lat="37.501666" lon="-5.717313"><ele>92.6</ele></trkpt>
    <trkpt lat="37.501937" lon="-5.718757"><ele>92</ele></trkpt>
    <trkpt lat="37.502083" lon="-5.719389"><ele>91.7</ele></trkpt>
    <trkpt lat="37.502623" lon="-5.721719"><ele>90.6</ele></trkpt>
    <trkpt lat="37.50273" lon="-5.722314"><ele>90.2</ele></trkpt>
    <trkpt lat="37.502744" lon="-5.722767"><ele>89.9</ele></trkpt>
    <trkpt lat="37.502728" lon="-5.723028"><ele>89.7</ele></trkpt>
    <trkpt lat="37.502681" lon="-5.723355"><ele>89.5</ele></trkpt>
    <trkpt lat="37.502487" lon="-5.724279"><ele>88.8</ele></trkpt>
    <trkpt lat="37.502423" lon="-5.724889"><ele>88.5</ele></trkpt>
    <trkpt lat="37.502317" lon="-5.727583"><ele>87.2</ele></trkpt>
    <trkpt lat="37.502326" lon="-5.728303"><ele>87.1</ele></trkpt>
    <trkpt lat="37.502362" lon="-5.728714"><ele>87</ele></trkpt>
    <trkpt lat="37.502422" lon="-5.729075"><ele>87</ele></trkpt>
    <trkpt lat="37.502573" lon="-5.729677"><ele>86.9</ele></trkpt>
    <trkpt lat="37.502801" lon="-5.730316"><ele>86.8</ele></trkpt>
    <trkpt lat="37.503295" lon="-5.731539"><ele>86.2</ele></trkpt>
    <trkpt lat="37.5035" lon="-5.732274"><ele>85.9</ele></trkpt>
    <trkpt lat="37.503679" lon="-5.733136"><ele>85.5</ele></trkpt>
    <trkpt lat="37.503962" lon="-5.734568"><ele>84.6</ele></trkpt>
    <trkpt lat="37.50407" lon="-5.735292"><ele>84.1</ele></trkpt>
    <trkpt lat="37.504137" lon="-5.736491"><ele>83.4</ele></trkpt>
    <trkpt lat="37.504105" lon="-5.737394"><ele>83.1</ele></trkpt>
    <trkpt lat="37.504048" lon="-5.737895"><ele>83</ele></trkpt>
    <trkpt lat="37.503958" lon="-5.738478"><ele>82.8</ele></trkpt>
    <trkpt lat="37.50361" lon="-5.74023"><ele>82.4</ele></trkpt>
    <trkpt lat="37.503304" lon="-5.74214"><ele>81.7</ele></trkpt>
    <trkpt lat="37.502864" lon="-5.745721"><ele>80.2</ele></trkpt>
    <trkpt lat="37.502807" lon="-5.746381"><ele>80</ele></trkpt>
    <trkpt lat="37.502758" lon="-5.747617"><ele>79.5</ele></trkpt>
    <trkpt lat="37.502818" lon="-5.748634"><ele>79.3</ele></trkpt>
    <trkpt lat="37.502913" lon="-5.749408"><ele>79.5</ele></trkpt>
    <trkpt lat="37.503105" lon="-5.750328"><ele>80</ele></trkpt>
    <trkpt lat="37.503412" lon="-5.751446"><ele>80.2</ele></trkpt>
    <trkpt lat="37.504575" lon="-5.75541"><ele>78</ele></trkpt>
    <trkpt lat="37.504733" lon="-5.75622"><ele>77.5</ele></trkpt>
    <trkpt lat="37.504781" lon="-5.756741"><ele>77.2</ele></trkpt>
    <trkpt lat="37.504797" lon="-5.757171"><ele>76.9</ele></trkpt>
    <trkpt lat="37.504781" lon="-5.757633"><ele>76.7</ele></trkpt>
    <trkpt lat="37.504288" lon="-5.762685"><ele>72.3</ele></trkpt>
    <trkpt lat="37.504268" lon="-5.763422"><ele>71.5</ele></trkpt>
    <trkpt lat="37.504303" lon="-5.764003"><ele>70.8</ele></trkpt>
    <trkpt lat="37.504424" lon="-5.764765"><ele>69.7</ele></trkpt>
    <trkpt lat="37.504616" lon="-5.765607"><ele>68.5</ele></trkpt>
    <trkpt lat="37.504807" lon="-5.766678"><ele>67.3</ele></trkpt>
    <trkpt lat="37.504893" lon="-5.7676"><ele>66.6</ele></trkpt>
    <trkpt lat="37.504882" lon="-5.768844"><ele>65.8</ele></trkpt>
    <trkpt lat="37.504812" lon="-5.769558"><ele>65.4</ele></trkpt>
    <trkpt lat="37.504566" lon="-5.771217"><ele>64.7</ele></trkpt>
    <trkpt lat="37.504509" lon="-5.771847"><ele>64.6</ele></trkpt>
    <trkpt lat="37.504532" lon="-5.772594"><ele>64.5</ele></trkpt>
    <trkpt lat="37.504615" lon="-5.773211"><ele>64.4</ele></trkpt>
    <trkpt lat="37.504862" lon="-5.774128"><ele>64.1</ele></trkpt>
    <trkpt lat="37.505624" lon="-5.775903"><ele>62.8</ele></trkpt>
    <trkpt lat="37.505762" lon="-5.77634"><ele>62.4</ele></trkpt>
    <trkpt lat="37.505885" lon="-5.77692"><ele>61.9</ele></trkpt>
    <trkpt lat="37.505957" lon="-5.777736"><ele>61.2</ele></trkpt>
    <trkpt lat="37.505996" lon="-5.779147"><ele>60.1</ele></trkpt>
    <trkpt lat="37.506055" lon="-5.779924"><ele>59.7</ele></trkpt>
    <trkpt lat="37.506272" lon="-5.781323"><ele>59.1</ele></trkpt>
    <trkpt lat="37.50666" lon="-5.782988"><ele>58.4</ele></trkpt>
    <trkpt lat="37.50683" lon="-5.784032"><ele>58.3</ele></trkpt>
    <trkpt lat="37.506929" lon="-5.785102"><ele>58.5</ele></trkpt>
    <trkpt lat="37.506989" lon="-5.786815"><ele>59</ele></trkpt>
    <trkpt lat="37.507044" lon="-5.787329"><ele>59.1</ele></trkpt>
    <trkpt lat="37.507174" lon="-5.787937"><ele>59.2</ele></trkpt>
    <trkpt lat="37.507263" lon="-5.788245"><ele>59.2</ele></trkpt>
    <trkpt lat="37.507433" lon="-5.788699"><ele>59.4</ele></trkpt>
    <trkpt lat="37.507681" lon="-5.789219"><ele>59.6</ele></trkpt>
    <trkpt lat="37.508248" lon="-5.790283"><ele>60.2</ele></trkpt>
    <trkpt lat="37.508421" lon="-5.790658"><ele>60.4</ele></trkpt>
    <trkpt lat="37.508668" lon="-5.791405"><ele>60.6</ele></trkpt>
    <trkpt lat="37.508739" lon="-5.791711"><ele>60.5</ele></trkpt>
    <trkpt lat="37.508838" lon="-5.792443"><ele>60.4</ele></trkpt>
    <trkpt lat="37.50886" lon="-5.793152"><ele>60.1</ele></trkpt>
    <trkpt lat="37.508803" lon="-5.793864"><ele>59.9</ele></trkpt>
    <trkpt lat="37.5087" lon="-5.79443"><ele>59.6</ele></trkpt>
    <trkpt lat="37.508071" lon="-5.796633"><ele>58.7</ele></trkpt>
    <trkpt lat="37.507954" lon="-5.797329"><ele>58.4</ele></trkpt>
    <trkpt lat="37.507885" lon="-5.79794"><ele>58</ele></trkpt>
    <trkpt lat="37.50781" lon="-5.800541"><ele>56.9</ele></trkpt>
    <trkpt lat="37.507689" lon="-5.803377"><ele>54.8</ele></trkpt>
    <trkpt lat="37.507673" lon="-5.804485"><ele>54</ele></trkpt>
    <trkpt lat="37.507767" lon="-5.805255"><ele>53.6</ele></trkpt>
    <trkpt lat="37.507919" lon="-5.805845"><ele>53.3</ele></trkpt>
    <trkpt lat="37.508063" lon="-5.806266"><ele>53.1</ele></trkpt>
    <trkpt lat="37.508468" lon="-5.806952"><ele>52.8</ele></trkpt>
    <trkpt lat="37.508772" lon="-5.80731"><ele>52.5</ele></trkpt>
    <trkpt lat="37.510362" lon="-5.808548"><ele>51.9</ele></trkpt>
    <trkpt lat="37.510763" lon="-5.809045"><ele>51.7</ele></trkpt>
    <trkpt lat="37.511077" lon="-5.809549"><ele>51.5</ele></trkpt>
    <trkpt lat="37.511518" lon="-5.810612"><ele>51.1</ele></trkpt>
    <trkpt lat="37.511964" lon="-5.813527"><ele>50.7</ele></trkpt>
    <trkpt lat="37.512141" lon="-5.814497"><ele>50.8</ele></trkpt>
    <trkpt lat="37.512318" lon="-5.815201"><ele>50.5</ele></trkpt>
    <trkpt lat="37.512467" lon="-5.815492"><ele>50.3</ele></trkpt>
    <trkpt lat="37.513387" lon="-5.816909"><ele>48</ele></trkpt>
    <trkpt lat="37.518809" lon="-5.824377"><ele>37.8</ele></trkpt>
    <trkpt lat="37.521269" lon="-5.827311"><ele>36</ele></trkpt>
    <trkpt lat="37.521679" lon="-5.827935"><ele>35.9</ele></trkpt>
    <trkpt lat="37.522111" lon="-5.82878"><ele>35.7</ele></trkpt>
    <trkpt lat="37.522503" lon="-5.82987"><ele>35.3</ele></trkpt>
    <trkpt lat="37.522734" lon="-5.830847"><ele>34.8</ele></trkpt>
    <trkpt lat="37.5231" lon="-5.833036"><ele>33.7</ele></trkpt>
    <trkpt lat="37.52317" lon="-5.834006"><ele>33.5</ele></trkpt>
    <trkpt lat="37.523164" lon="-5.83448"><ele>33.5</ele></trkpt>
    <trkpt lat="37.523126" lon="-5.835027"><ele>33.4</ele></trkpt>
    <trkpt lat="37.522949" lon="-5.836497"><ele>33.2</ele></trkpt>
    <trkpt lat="37.522933" lon="-5.837306"><ele>33.2</ele></trkpt>
    <trkpt lat="37.523016" lon="-5.838194"><ele>33.1</ele></trkpt>
    <trkpt lat="37.523091" lon="-5.838533"><ele>33</ele></trkpt>
    <trkpt lat="37.523392" lon="-5.839501"><ele>33</ele></trkpt>
    <trkpt lat="37.523697" lon="-5.840158"><ele>33.1</ele></trkpt>
    <trkpt lat="37.523807" lon="-5.840341"><ele>33.1</ele></trkpt>
    <trkpt lat="37.524037" lon="-5.840694"><ele>33.3</ele></trkpt>
    <trkpt lat="37.524488" lon="-5.841253"><ele>33.5</ele></trkpt>
    <trkpt lat="37.525588" lon="-5.842344"><ele>33.9</ele></trkpt>
    <trkpt lat="37.529309" lon="-5.84596"><ele>34.3</ele></trkpt>
    <trkpt lat="37.532782" lon="-5.848464"><ele>31.7</ele></trkpt>
    <trkpt lat="37.533774" lon="-5.849138"><ele>30.1</ele></trkpt>
    <trkpt lat="37.534478" lon="-5.849686"><ele>29.1</ele></trkpt>
    <trkpt lat="37.53598" lon="-5.850692"><ele>28.4</ele></trkpt>
    <trkpt lat="37.536635" lon="-5.851187"><ele>28.7</ele></trkpt>
    <trkpt lat="37.536947" lon="-5.851456"><ele>28.9</ele></trkpt>
    <trkpt lat="37.537128" lon="-5.851655"><ele>29</ele></trkpt>
    <trkpt lat="37.537365" lon="-5.851972"><ele>28.9</ele></trkpt>
    <trkpt lat="37.537641" lon="-5.852548"><ele>28.7</ele></trkpt>
    <trkpt lat="37.537874" lon="-5.853094"><ele>28.5</ele></trkpt>
    <trkpt lat="37.538518" lon="-5.85458"><ele>28.2</ele></trkpt>
    <trkpt lat="37.539376" lon="-5.856923"><ele>27.5</ele></trkpt>
    <trkpt lat="37.539439" lon="-5.857028"><ele>27.4</ele></trkpt>
    <trkpt lat="37.539614" lon="-5.857219"><ele>27.4</ele></trkpt>
    <trkpt lat="37.539695" lon="-5.857249"><ele>27.3</ele></trkpt>
    <trkpt lat="37.539785" lon="-5.857357"><ele>27.3</ele></trkpt>
    <trkpt lat="37.539807" lon="-5.85752"><ele>27.3</ele></trkpt>
    <trkpt lat="37.539794" lon="-5.857646"><ele>27.3</ele></trkpt>
    <trkpt lat="37.539722" lon="-5.857751"><ele>27.3</ele></trkpt>
    <trkpt lat="37.539524" lon="-5.85781"><ele>27.2</ele></trkpt>
    <trkpt lat="37.539482" lon="-5.857793"><ele>27.2</ele></trkpt>
    <trkpt lat="37.539274" lon="-5.857824"><ele>27.2</ele></trkpt>
    <trkpt lat="37.539077" lon="-5.85792"><ele>27.2</ele></trkpt>
    <trkpt lat="37.53276" lon="-5.864026"><ele>27</ele></trkpt>
    <trkpt lat="37.532383" lon="-5.864388"><ele>26.9</ele></trkpt>
    <trkpt lat="37.528486" lon="-5.868164"><ele>22.6</ele></trkpt>
    <trkpt lat="37.528454" lon="-5.86822"><ele>22.5</ele></trkpt>
    <trkpt lat="37.527646" lon="-5.869009"><ele>21.4</ele></trkpt>
    <trkpt lat="37.527448" lon="-5.8692"><ele>21.3</ele></trkpt>
    <trkpt lat="37.527324" lon="-5.869323"><ele>21.2</ele></trkpt>
    <trkpt lat="37.526677" lon="-5.869956"><ele>21.3</ele></trkpt>
    <trkpt lat="37.526322" lon="-5.870305"><ele>21.6</ele></trkpt>
    <trkpt lat="37.525872" lon="-5.870732"><ele>21.9</ele></trkpt>
    <trkpt lat="37.525642" lon="-5.871017"><ele>22.1</ele></trkpt>
    <trkpt lat="37.525518" lon="-5.871213"><ele>22.3</ele></trkpt>
    <trkpt lat="37.52458" lon="-5.872995"><ele>23.6</ele></trkpt>
    <trkpt lat="37.524226" lon="-5.873527"><ele>24.1</ele></trkpt>
    <trkpt lat="37.521196" lon="-5.877475"><ele>28.4</ele></trkpt>
    <trkpt lat="37.519249" lon="-5.880224"><ele>30</ele></trkpt>
    <trkpt lat="37.517243" lon="-5.883296"><ele>28.4</ele></trkpt>
    <trkpt lat="37.516946" lon="-5.88369"><ele>28.2</ele></trkpt>
    <trkpt lat="37.516195" lon="-5.884399"><ele>27.7</ele></trkpt>
    <trkpt lat="37.515655" lon="-5.884855"><ele>27.3</ele></trkpt>
    <trkpt lat="37.514411" lon="-5.885775"><ele>26.8</ele></trkpt>
    <trkpt lat="37.512453" lon="-5.887337"><ele>27.1</ele></trkpt>
    <trkpt lat="37.511703" lon="-5.887987"><ele>27.2</ele></trkpt>
    <trkpt lat="37.510709" lon="-5.889089"><ele>27</ele></trkpt>
    <trkpt lat="37.510258" lon="-5.889649"><ele>26.8</ele></trkpt>
    <trkpt lat="37.508727" lon="-5.892032"><ele>25.9</ele></trkpt>
    <trkpt lat="37.508399" lon="-5.892434"><ele>25.8</ele></trkpt>
    <trkpt lat="37.508277" lon="-5.892546"><ele>25.9</ele></trkpt>
    <trkpt lat="37.507909" lon="-5.892794"><ele>25.9</ele></trkpt>
    <trkpt lat="37.505502" lon="-5.89413"><ele>26.9</ele></trkpt>
    <trkpt lat="37.504712" lon="-5.894595"><ele>26.8</ele></trkpt>
    <trkpt lat="37.504403" lon="-5.894804"><ele>26.8</ele></trkpt>
    <trkpt lat="37.502036" lon="-5.896497"><ele>26.2</ele></trkpt>
    <trkpt lat="37.501548" lon="-5.896886"><ele>25.6</ele></trkpt>
    <trkpt lat="37.499447" lon="-5.898768"><ele>20.3</ele></trkpt>
    <trkpt lat="37.49915" lon="-5.89903"><ele>19.6</ele></trkpt>
    <trkpt lat="37.49888" lon="-5.899228"><ele>19.1</ele></trkpt>
    <trkpt lat="37.497904" lon="-5.899808"><ele>18.4</ele></trkpt>
    <trkpt lat="37.497657" lon="-5.899947"><ele>18.4</ele></trkpt>
    <trkpt lat="37.495046" lon="-5.901457"><ele>18.3</ele></trkpt>
    <trkpt lat="37.495003" lon="-5.901482"><ele>18.3</ele></trkpt>
    <trkpt lat="37.494096" lon="-5.902139"><ele>18</ele></trkpt>
    <trkpt lat="37.493509" lon="-5.902564"><ele>17.8</ele></trkpt>
    <trkpt lat="37.492572" lon="-5.903241"><ele>17.8</ele></trkpt>
    <trkpt lat="37.491259" lon="-5.904351"><ele>18.1</ele></trkpt>
    <trkpt lat="37.490093" lon="-5.905336"><ele>18.4</ele></trkpt>
    <trkpt lat="37.489794" lon="-5.905696"><ele>18.6</ele></trkpt>
    <trkpt lat="37.488768" lon="-5.907059"><ele>19.5</ele></trkpt>
    <trkpt lat="37.488411" lon="-5.907533"><ele>19.8</ele></trkpt>
    <trkpt lat="37.487383" lon="-5.908622"><ele>20.3</ele></trkpt>
    <trkpt lat="37.487282" lon="-5.908752"><ele>20.3</ele></trkpt>
    <trkpt lat="37.486936" lon="-5.909039"><ele>20.3</ele></trkpt>
    <trkpt lat="37.486909" lon="-5.909111"><ele>20.3</ele></trkpt>
    <trkpt lat="37.486811" lon="-5.909208"><ele>20.3</ele></trkpt>
    <trkpt lat="37.486405" lon="-5.909586"><ele>20.2</ele></trkpt>
    <trkpt lat="37.48566" lon="-5.910322"><ele>19.7</ele></trkpt>
    <trkpt lat="37.485521" lon="-5.910521"><ele>19.6</ele></trkpt>
    <trkpt lat="37.484904" lon="-5.911407"><ele>18.7</ele></trkpt>
    <trkpt lat="37.48479" lon="-5.911571"><ele>18.6</ele></trkpt>
    <trkpt lat="37.483333" lon="-5.913702"><ele>17.9</ele></trkpt>
    <trkpt lat="37.483228" lon="-5.913859"><ele>18</ele></trkpt>
    <trkpt lat="37.482885" lon="-5.914629"><ele>18.6</ele></trkpt>
    <trkpt lat="37.482657" lon="-5.91515"><ele>19</ele></trkpt>
    <trkpt lat="37.482495" lon="-5.915504"><ele>19.2</ele></trkpt>
    <trkpt lat="37.482291" lon="-5.915961"><ele>19.3</ele></trkpt>
    <trkpt lat="37.482115" lon="-5.916357"><ele>19.2</ele></trkpt>
    <trkpt lat="37.481887" lon="-5.916863"><ele>18.9</ele></trkpt>
    <trkpt lat="37.481125" lon="-5.919164"><ele>17.6</ele></trkpt>
    <trkpt lat="37.480368" lon="-5.921455"><ele>17.4</ele></trkpt>
    <trkpt lat="37.480252" lon="-5.921741"><ele>17.1</ele></trkpt>
    <trkpt lat="37.480158" lon="-5.921902"><ele>16.9</ele></trkpt>
    <trkpt lat="37.480011" lon="-5.922071"><ele>16.7</ele></trkpt>
    <trkpt lat="37.479877" lon="-5.922291"><ele>16.4</ele></trkpt>
    <trkpt lat="37.479794" lon="-5.922578"><ele>16.1</ele></trkpt>
    <trkpt lat="37.479791" lon="-5.922635"><ele>16</ele></trkpt>
    <trkpt lat="37.479717" lon="-5.922773"><ele>15.9</ele></trkpt>
    <trkpt lat="37.479703" lon="-5.922782"><ele>15.9</ele></trkpt>
    <trkpt lat="37.479639" lon="-5.92316"><ele>15.6</ele></trkpt>
    <trkpt lat="37.479543" lon="-5.923902"><ele>15.3</ele></trkpt>
    <trkpt lat="37.479204" lon="-5.925937"><ele>15.8</ele></trkpt>
    <trkpt lat="37.478951" lon="-5.927454"><ele>15.7</ele></trkpt>
    <trkpt lat="37.478791" lon="-5.928461"><ele>15.6</ele></trkpt>
    <trkpt lat="37.478769" lon="-5.929054"><ele>15.7</ele></trkpt>
    <trkpt lat="37.47907" lon="-5.930819"><ele>15.4</ele></trkpt>
    <trkpt lat="37.4794" lon="-5.93269"><ele>14.2</ele></trkpt>
    <trkpt lat="37.479791" lon="-5.934247"><ele>14</ele></trkpt>
    <trkpt lat="37.479838" lon="-5.934435"><ele>14.1</ele></trkpt>
    <trkpt lat="37.480355" lon="-5.936436"><ele>15.1</ele></trkpt>
    <trkpt lat="37.480485" lon="-5.93708"><ele>14.9</ele></trkpt>
    <trkpt lat="37.480527" lon="-5.93734"><ele>14.8</ele></trkpt>
    <trkpt lat="37.480568" lon="-5.937731"><ele>14.6</ele></trkpt>
    <trkpt lat="37.480599" lon="-5.938106"><ele>14.4</ele></trkpt>
    <trkpt lat="37.480599" lon="-5.938458"><ele>14.2</ele></trkpt>
    <trkpt lat="37.480626" lon="-5.938655"><ele>14.1</ele></trkpt>
    <trkpt lat="37.480769" lon="-5.939101"><ele>13.9</ele></trkpt>
    <trkpt lat="37.480843" lon="-5.939302"><ele>13.8</ele></trkpt>
    <trkpt lat="37.480935" lon="-5.939543"><ele>13.6</ele></trkpt>
    <trkpt lat="37.481072" lon="-5.939929"><ele>13.5</ele></trkpt>
    <trkpt lat="37.481196" lon="-5.940252"><ele>13.3</ele></trkpt>
    <trkpt lat="37.481441" lon="-5.940891"><ele>12.9</ele></trkpt>
    <trkpt lat="37.481532" lon="-5.941132"><ele>12.7</ele></trkpt>
    <trkpt lat="37.481591" lon="-5.941288"><ele>12.7</ele></trkpt>
    <trkpt lat="37.481617" lon="-5.941381"><ele>12.7</ele></trkpt>
    <trkpt lat="37.481623" lon="-5.94145"><ele>12.6</ele></trkpt>
    <trkpt lat="37.481705" lon="-5.941425"><ele>12.6</ele></trkpt>
    <trkpt lat="37.481816" lon="-5.941495"><ele>12.6</ele></trkpt>
    <trkpt lat="37.481849" lon="-5.941592"><ele>12.6</ele></trkpt>
    <trkpt lat="37.481836" lon="-5.941696"><ele>12.6</ele></trkpt>
    <trkpt lat="37.481789" lon="-5.941769"><ele>12.6</ele></trkpt>
    <trkpt lat="37.481756" lon="-5.941792"><ele>12.6</ele></trkpt>
    <trkpt lat="37.481846" lon="-5.942114"><ele>12.7</ele></trkpt>
    <trkpt lat="37.481863" lon="-5.942481"><ele>12.8</ele></trkpt>
    <trkpt lat="37.481912" lon="-5.943485"><ele>13.1</ele></trkpt>
    <trkpt lat="37.481934" lon="-5.943984"><ele>13.3</ele></trkpt>
    <trkpt lat="37.481942" lon="-5.94428"><ele>13.3</ele></trkpt>
    <trkpt lat="37.48195" lon="-5.944496"><ele>13.3</ele></trkpt>
    <trkpt lat="37.481954" lon="-5.944589"><ele>13.3</ele></trkpt>
    <trkpt lat="37.48198" lon="-5.945065"><ele>13.1</ele></trkpt>
    <trkpt lat="37.482012" lon="-5.945637"><ele>12.9</ele></trkpt>
    <trkpt lat="37.482025" lon="-5.945877"><ele>12.9</ele></trkpt>
    <trkpt lat="37.482057" lon="-5.946102"><ele>12.8</ele></trkpt>
    <trkpt lat="37.48206" lon="-5.946103"><ele>12.8</ele></trkpt>
    <trkpt lat="37.482102" lon="-5.946143"><ele>12.8</ele></trkpt>
    <trkpt lat="37.482111" lon="-5.94624"><ele>12.8</ele></trkpt>
    <trkpt lat="37.482078" lon="-5.946291"><ele>12.8</ele></trkpt>
    <trkpt lat="37.48207" lon="-5.946295"><ele>12.8</ele></trkpt>
    <trkpt lat="37.482048" lon="-5.946562"><ele>12.8</ele></trkpt>
    <trkpt lat="37.482071" lon="-5.946941"><ele>12.7</ele></trkpt>
    <trkpt lat="37.482075" lon="-5.946997"><ele>12.7</ele></trkpt>
    <trkpt lat="37.48216" lon="-5.948428"><ele>12.8</ele></trkpt>
    <trkpt lat="37.482208" lon="-5.94959"><ele>12.6</ele></trkpt>
    <trkpt lat="37.482224" lon="-5.949825"><ele>12.6</ele></trkpt>
    <trkpt lat="37.48223" lon="-5.949871"><ele>12.6</ele></trkpt>
    <trkpt lat="37.482249" lon="-5.950274"><ele>12.4</ele></trkpt>
    <trkpt lat="37.482248" lon="-5.950553"><ele>12.3</ele></trkpt>
    <trkpt lat="37.482256" lon="-5.950704"><ele>12.2</ele></trkpt>
    <trkpt lat="37.482332" lon="-5.950988"><ele>12</ele></trkpt>
    <trkpt lat="37.482359" lon="-5.951004"><ele>11.9</ele></trkpt>
    <trkpt lat="37.482395" lon="-5.951066"><ele>11.9</ele></trkpt>
    <trkpt lat="37.482391" lon="-5.951143"><ele>11.8</ele></trkpt>
    <trkpt lat="37.482379" lon="-5.95117"><ele>11.8</ele></trkpt>
    <trkpt lat="37.482404" lon="-5.951667"><ele>11.5</ele></trkpt>
    <trkpt lat="37.482497" lon="-5.952327"><ele>11</ele></trkpt>
    <trkpt lat="37.482656" lon="-5.953409"><ele>10.5</ele></trkpt>
    <trkpt lat="37.482681" lon="-5.953526"><ele>10.5</ele></trkpt>
    <trkpt lat="37.482752" lon="-5.953634"><ele>10.4</ele></trkpt>
    <trkpt lat="37.482777" lon="-5.953642"><ele>10.4</ele></trkpt>
    <trkpt lat="37.482819" lon="-5.95368"><ele>10.4</ele></trkpt>
    <trkpt lat="37.482846" lon="-5.953773"><ele>10.4</ele></trkpt>
    <trkpt lat="37.482832" lon="-5.95384"><ele>10.4</ele></trkpt>
    <trkpt lat="37.482782" lon="-5.954038"><ele>10.3</ele></trkpt>
    <trkpt lat="37.482792" lon="-5.954085"><ele>10.3</ele></trkpt>
    <trkpt lat="37.483159" lon="-5.955661"><ele>9.9</ele></trkpt>
    <trkpt lat="37.483351" lon="-5.95613"><ele>9.8</ele></trkpt>
    <trkpt lat="37.48349" lon="-5.956364"><ele>9.7</ele></trkpt>
    <trkpt lat="37.484225" lon="-5.957366"><ele>9.7</ele></trkpt>
    <trkpt lat="37.484711" lon="-5.958015"><ele>9.8</ele></trkpt>
    <trkpt lat="37.484844" lon="-5.958109"><ele>9.9</ele></trkpt>
    <trkpt lat="37.484969" lon="-5.958134"><ele>9.9</ele></trkpt>
    <trkpt lat="37.485031" lon="-5.958119"><ele>10</ele></trkpt>
    <trkpt lat="37.48514" lon="-5.958054"><ele>10</ele></trkpt>
    <trkpt lat="37.485258" lon="-5.958085"><ele>10.1</ele></trkpt>
    <trkpt lat="37.485304" lon="-5.958134"><ele>10.1</ele></trkpt>
    <trkpt lat="37.48535" lon="-5.958274"><ele>10.2</ele></trkpt>
    <trkpt lat="37.485317" lon="-5.958424"><ele>10.2</ele></trkpt>
    <trkpt lat="37.485377" lon="-5.958658"><ele>10.2</ele></trkpt>
    <trkpt lat="37.485418" lon="-5.958751"><ele>10.2</ele></trkpt>
    <trkpt lat="37.485528" lon="-5.959368"><ele>10.2</ele></trkpt>
    <trkpt lat="37.486322" lon="-5.963768"><ele>9.9</ele></trkpt>
    <trkpt lat="37.486524" lon="-5.964483"><ele>9.7</ele></trkpt>
    <trkpt lat="37.486628" lon="-5.964815"><ele>9.6</ele></trkpt>
    <trkpt lat="37.486775" lon="-5.965194"><ele>9.5</ele></trkpt>
    <trkpt lat="37.486898" lon="-5.965363"><ele>9.5</ele></trkpt>
    <trkpt lat="37.486999" lon="-5.965427"><ele>9.4</ele></trkpt>
    <trkpt lat="37.487092" lon="-5.965538"><ele>9.4</ele></trkpt>
    <trkpt lat="37.48721" lon="-5.965756"><ele>9.4</ele></trkpt>
    <trkpt lat="37.487294" lon="-5.966045"><ele>9.4</ele></trkpt>
    <trkpt lat="37.487317" lon="-5.966322"><ele>9.4</ele></trkpt>
    <trkpt lat="37.487283" lon="-5.966621"><ele>9.4</ele></trkpt>
    <trkpt lat="37.487193" lon="-5.966838"><ele>9.5</ele></trkpt>
    <trkpt lat="37.487126" lon="-5.96708"><ele>9.5</ele></trkpt>
    <trkpt lat="37.487146" lon="-5.967492"><ele>9.6</ele></trkpt>
    <trkpt lat="37.487268" lon="-5.968622"><ele>9.7</ele></trkpt>
    <trkpt lat="37.48741" lon="-5.969528"><ele>9.7</ele></trkpt>
    <trkpt lat="37.488452" lon="-5.974035"><ele>9.8</ele></trkpt>
    <trkpt lat="37.488712" lon="-5.975185"><ele>10.5</ele></trkpt>
    <trkpt lat="37.48879" lon="-5.975531"><ele>10.6</ele></trkpt>
    <trkpt lat="37.488869" lon="-5.975882"><ele>10.7</ele></trkpt>
    <trkpt lat="37.48895" lon="-5.976236"><ele>10.9</ele></trkpt>
    <trkpt lat="37.489037" lon="-5.976625"><ele>11</ele></trkpt>
    <trkpt lat="37.489146" lon="-5.977107"><ele>11</ele></trkpt>
    <trkpt lat="37.489241" lon="-5.977512"><ele>10.9</ele></trkpt>
    <trkpt lat="37.489348" lon="-5.977697"><ele>10.8</ele></trkpt>
    <trkpt lat="37.489373" lon="-5.977753"><ele>10.8</ele></trkpt>
    <trkpt lat="37.489373" lon="-5.977777"><ele>10.8</ele></trkpt>
    <trkpt lat="37.489323" lon="-5.977843"><ele>10.7</ele></trkpt>
    <trkpt lat="37.489285" lon="-5.97784"><ele>10.7</ele></trkpt>
    <trkpt lat="37.489075" lon="-5.977822"><ele>10.7</ele></trkpt>
    <trkpt lat="37.488922" lon="-5.977838"><ele>10.7</ele></trkpt>
    <trkpt lat="37.488764" lon="-5.977842"><ele>10.6</ele></trkpt>
    <trkpt lat="37.488638" lon="-5.977828"><ele>10.6</ele></trkpt>
    <trkpt lat="37.488185" lon="-5.977833"><ele>10.4</ele></trkpt>
    <trkpt lat="37.487962" lon="-5.977875"><ele>10.3</ele></trkpt>
    <trkpt lat="37.487668" lon="-5.977926"><ele>10.1</ele></trkpt>
    <trkpt lat="37.48691" lon="-5.978064"><ele>9.7</ele></trkpt>
    <trkpt lat="37.486675" lon="-5.978078"><ele>9.5</ele></trkpt>
    <trkpt lat="37.486324" lon="-5.978112"><ele>9.4</ele></trkpt>
    <trkpt lat="37.486159" lon="-5.978202"><ele>9.4</ele></trkpt>
    <trkpt lat="37.486095" lon="-5.978342"><ele>9.4</ele></trkpt>
    <trkpt lat="37.486049" lon="-5.978378"><ele>9.4</ele></trkpt>
    <trkpt lat="37.485943" lon="-5.978393"><ele>9.4</ele></trkpt>
    <trkpt lat="37.485851" lon="-5.978338"><ele>9.4</ele></trkpt>
    <trkpt lat="37.485831" lon="-5.978312"><ele>9.4</ele></trkpt>
    <trkpt lat="37.485552" lon="-5.978452"><ele>9.5</ele></trkpt>
    <trkpt lat="37.485436" lon="-5.978497"><ele>9.6</ele></trkpt>
    <trkpt lat="37.485005" lon="-5.978542"><ele>9.8</ele></trkpt>
    <trkpt lat="37.483995" lon="-5.978695"><ele>10.4</ele></trkpt>
    <trkpt lat="37.483505" lon="-5.978757"><ele>10.4</ele></trkpt>
    <trkpt lat="37.482935" lon="-5.978786"><ele>10.3</ele></trkpt>
    <trkpt lat="37.482545" lon="-5.97879"><ele>10.1</ele></trkpt>
    <trkpt lat="37.482034" lon="-5.978783"><ele>9.8</ele></trkpt>
    <trkpt lat="37.481931" lon="-5.97878"><ele>9.7</ele></trkpt>
    <trkpt lat="37.481897" lon="-5.978773"><ele>9.7</ele></trkpt>
    <trkpt lat="37.481503" lon="-5.97877"><ele>9.5</ele></trkpt>
    <trkpt lat="37.481321" lon="-5.97877"><ele>9.4</ele></trkpt>
    <trkpt lat="37.481053" lon="-5.978778"><ele>9.4</ele></trkpt>
    <trkpt lat="37.480712" lon="-5.978809"><ele>9.3</ele></trkpt>
    <trkpt lat="37.480521" lon="-5.978937"><ele>9.3</ele></trkpt>
    <trkpt lat="37.480447" lon="-5.979023"><ele>9.2</ele></trkpt>
    <trkpt lat="37.480376" lon="-5.979036"><ele>9.2</ele></trkpt>
    <trkpt lat="37.480318" lon="-5.979011"><ele>9.2</ele></trkpt>
    <trkpt lat="37.480247" lon="-5.978894"><ele>9.1</ele></trkpt>
    <trkpt lat="37.480191" lon="-5.978815"><ele>9.1</ele></trkpt>
    <trkpt lat="37.480078" lon="-5.978753"><ele>9</ele></trkpt>
    <trkpt lat="37.479764" lon="-5.978736"><ele>8.8</ele></trkpt>
    <trkpt lat="37.479495" lon="-5.978734"><ele>8.7</ele></trkpt>
    <trkpt lat="37.478959" lon="-5.978682"><ele>8.6</ele></trkpt>
    <trkpt lat="37.478922" lon="-5.978776"><ele>8.6</ele></trkpt>
    <trkpt lat="37.478862" lon="-5.978848"><ele>8.6</ele></trkpt>
    <trkpt lat="37.478786" lon="-5.978891"><ele>8.5</ele></trkpt>
    <trkpt lat="37.478703" lon="-5.978899"><ele>8.5</ele></trkpt>
    <trkpt lat="37.478623" lon="-5.97887"><ele>8.5</ele></trkpt>
    <trkpt lat="37.478555" lon="-5.978809"><ele>8.5</ele></trkpt>
    <trkpt lat="37.478507" lon="-5.978723"><ele>8.5</ele></trkpt>
    <trkpt lat="37.478486" lon="-5.978621"><ele>8.5</ele></trkpt>
    <trkpt lat="37.478493" lon="-5.978517"><ele>8.5</ele></trkpt>
    <trkpt lat="37.478272" lon="-5.978455"><ele>8.5</ele></trkpt>
    <trkpt lat="37.477991" lon="-5.978334"><ele>8.6</ele></trkpt>
    <trkpt lat="37.476552" lon="-5.977533"><ele>8.3</ele></trkpt>
    <trkpt lat="37.476081" lon="-5.977154"><ele>8.3</ele></trkpt>
    <trkpt lat="37.475543" lon="-5.976631"><ele>8.5</ele></trkpt>
    <trkpt lat="37.474351" lon="-5.975121"><ele>8.6</ele></trkpt>
    <trkpt lat="37.473287" lon="-5.97382"><ele>8.8</ele></trkpt>
    <trkpt lat="37.473016" lon="-5.973559"><ele>8.7</ele></trkpt>
    <trkpt lat="37.471882" lon="-5.972736"><ele>8.1</ele></trkpt>
    <trkpt lat="37.471701" lon="-5.972605"><ele>8</ele></trkpt>
    <trkpt lat="37.471489" lon="-5.972452"><ele>7.9</ele></trkpt>
    <trkpt lat="37.470396" lon="-5.971685"><ele>7.7</ele></trkpt>
    <trkpt lat="37.469963" lon="-5.971507"><ele>7.8</ele></trkpt>
    <trkpt lat="37.469379" lon="-5.971327"><ele>7.8</ele></trkpt>
    <trkpt lat="37.468861" lon="-5.971276"><ele>7.8</ele></trkpt>
    <trkpt lat="37.468411" lon="-5.971318"><ele>7.7</ele></trkpt>
    <trkpt lat="37.468105" lon="-5.971397"><ele>7.7</ele></trkpt>
    <trkpt lat="37.467715" lon="-5.971566"><ele>7.7</ele></trkpt>
    <trkpt lat="37.467644" lon="-5.971561"><ele>7.7</ele></trkpt>
    <trkpt lat="37.467436" lon="-5.971633"><ele>7.6</ele></trkpt>
    <trkpt lat="37.46728" lon="-5.971666"><ele>7.6</ele></trkpt>
    <trkpt lat="37.463772" lon="-5.972812"><ele>7.8</ele></trkpt>
    <trkpt lat="37.4587" lon="-5.974539"><ele>9.6</ele></trkpt>
    <trkpt lat="37.457511" lon="-5.974932"><ele>10</ele></trkpt>
    <trkpt lat="37.456979" lon="-5.975061"><ele>10.1</ele></trkpt>
    <trkpt lat="37.45546" lon="-5.97531"><ele>10.1</ele></trkpt>
    <trkpt lat="37.454858" lon="-5.975458"><ele>10.1</ele></trkpt>
    <trkpt lat="37.454751" lon="-5.975446"><ele>10.1</ele></trkpt>
    <trkpt lat="37.454097" lon="-5.975631"><ele>10.3</ele></trkpt>
    <trkpt lat="37.453901" lon="-5.975666"><ele>10.4</ele></trkpt>
    <trkpt lat="37.452962" lon="-5.975964"><ele>10.9</ele></trkpt>
    <trkpt lat="37.452315" lon="-5.976214"><ele>11.1</ele></trkpt>
    <trkpt lat="37.451529" lon="-5.976497"><ele>10.9</ele></trkpt>
    <trkpt lat="37.450651" lon="-5.976772"><ele>10.8</ele></trkpt>
    <trkpt lat="37.449682" lon="-5.976966"><ele>10.8</ele></trkpt>
    <trkpt lat="37.449445" lon="-5.977087"><ele>10.8</ele></trkpt>
    <trkpt lat="37.449416" lon="-5.977128"><ele>10.8</ele></trkpt>
    <trkpt lat="37.449341" lon="-5.977162"><ele>10.8</ele></trkpt>
    <trkpt lat="37.449259" lon="-5.977125"><ele>10.8</ele></trkpt>
    <trkpt lat="37.449096" lon="-5.977069"><ele>10.8</ele></trkpt>
    <trkpt lat="37.44881" lon="-5.977069"><ele>10.8</ele></trkpt>
    <trkpt lat="37.445301" lon="-5.9777"><ele>9.8</ele></trkpt>
    <trkpt lat="37.443927" lon="-5.977943"><ele>9.5</ele></trkpt>
    <trkpt lat="37.442856" lon="-5.978127"><ele>9.6</ele></trkpt>
    <trkpt lat="37.442365" lon="-5.978211"><ele>9.6</ele></trkpt>
    <trkpt lat="37.442332" lon="-5.978217"><ele>9.6</ele></trkpt>
    <trkpt lat="37.442109" lon="-5.978255"><ele>9.6</ele></trkpt>
    <trkpt lat="37.441765" lon="-5.978314"><ele>9.6</ele></trkpt>
    <trkpt lat="37.441591" lon="-5.978344"><ele>9.6</ele></trkpt>
    <trkpt lat="37.439907" lon="-5.978629"><ele>9.3</ele></trkpt>
    <trkpt lat="37.439668" lon="-5.978671"><ele>9.2</ele></trkpt>
    <trkpt lat="37.437219" lon="-5.979103"><ele>8.7</ele></trkpt>
    <trkpt lat="37.436232" lon="-5.979312"><ele>9.4</ele></trkpt>
    <trkpt lat="37.435429" lon="-5.979421"><ele>9.8</ele></trkpt>
    <trkpt lat="37.43466" lon="-5.979544"><ele>9.9</ele></trkpt>
    <trkpt lat="37.43383" lon="-5.979676"><ele>10</ele></trkpt>
    <trkpt lat="37.432706" lon="-5.979875"><ele>9.8</ele></trkpt>
    <trkpt lat="37.432279" lon="-5.980025"><ele>9.7</ele></trkpt>
    <trkpt lat="37.431893" lon="-5.980131"><ele>9.6</ele></trkpt>
    <trkpt lat="37.431349" lon="-5.9803"><ele>9.7</ele></trkpt>
    <trkpt lat="37.430662" lon="-5.980521"><ele>10.2</ele></trkpt>
    <trkpt lat="37.429739" lon="-5.980806"><ele>10.7</ele></trkpt>
    <trkpt lat="37.428659" lon="-5.981139"><ele>10.8</ele></trkpt>
    <trkpt lat="37.428263" lon="-5.981268"><ele>10.8</ele></trkpt>
    <trkpt lat="37.428141" lon="-5.981307"><ele>10.7</ele></trkpt>
    <trkpt lat="37.427757" lon="-5.981433"><ele>10.6</ele></trkpt>
    <trkpt lat="37.427544" lon="-5.981503"><ele>10.6</ele></trkpt>
    <trkpt lat="37.42674" lon="-5.981762"><ele>10.8</ele></trkpt>
    <trkpt lat="37.425911" lon="-5.982025"><ele>11.1</ele></trkpt>
    <trkpt lat="37.425246" lon="-5.982219"><ele>11.2</ele></trkpt>
    <trkpt lat="37.425106" lon="-5.982259"><ele>11.1</ele></trkpt>
    <trkpt lat="37.424836" lon="-5.982281"><ele>11</ele></trkpt>
    <trkpt lat="37.424693" lon="-5.982334"><ele>10.9</ele></trkpt>
    <trkpt lat="37.424633" lon="-5.982422"><ele>10.8</ele></trkpt>
    <trkpt lat="37.424535" lon="-5.982469"><ele>10.7</ele></trkpt>
    <trkpt lat="37.424431" lon="-5.982448"><ele>10.6</ele></trkpt>
    <trkpt lat="37.424415" lon="-5.982438"><ele>10.6</ele></trkpt>
    <trkpt lat="37.424167" lon="-5.982498"><ele>10.4</ele></trkpt>
    <trkpt lat="37.423472" lon="-5.982587"><ele>9.9</ele></trkpt>
    <trkpt lat="37.422447" lon="-5.982715"><ele>9.5</ele></trkpt>
    <trkpt lat="37.422028" lon="-5.982768"><ele>9.4</ele></trkpt>
    <trkpt lat="37.42186" lon="-5.98295"><ele>9.3</ele></trkpt>
    <trkpt lat="37.421646" lon="-5.983168"><ele>9.2</ele></trkpt>
    <trkpt lat="37.421534" lon="-5.983261"><ele>9.2</ele></trkpt>
    <trkpt lat="37.421401" lon="-5.983283"><ele>9.2</ele></trkpt>
    <trkpt lat="37.421222" lon="-5.983286"><ele>9.1</ele></trkpt>
    <trkpt lat="37.421074" lon="-5.983334"><ele>9.1</ele></trkpt>
    <trkpt lat="37.421045" lon="-5.983352"><ele>9</ele></trkpt>
    <trkpt lat="37.420685" lon="-5.98359"><ele>8.8</ele></trkpt>
    <trkpt lat="37.419658" lon="-5.984272"><ele>8.6</ele></trkpt>
    <trkpt lat="37.418066" lon="-5.985331"><ele>9.2</ele></trkpt>
    <trkpt lat="37.417898" lon="-5.985446"><ele>9.2</ele></trkpt>
    <trkpt lat="37.414857" lon="-5.987466"><ele>9.8</ele></trkpt>
    <trkpt lat="37.414582" lon="-5.987713"><ele>9.8</ele></trkpt>
    <trkpt lat="37.414467" lon="-5.987951"><ele>9.7</ele></trkpt>
    <trkpt lat="37.414399" lon="-5.9881"><ele>9.7</ele></trkpt>
    <trkpt lat="37.4143" lon="-5.988222"><ele>9.7</ele></trkpt>
    <trkpt lat="37.413877" lon="-5.988337"><ele>9.8</ele></trkpt>
    <trkpt lat="37.413855" lon="-5.988344"><ele>9.8</ele></trkpt>
    <trkpt lat="37.41367" lon="-5.988516"><ele>9.7</ele></trkpt>
    <trkpt lat="37.413612" lon="-5.988664"><ele>9.7</ele></trkpt>
    <trkpt lat="37.413518" lon="-5.988778"><ele>9.7</ele></trkpt>
    <trkpt lat="37.413425" lon="-5.988836"><ele>9.6</ele></trkpt>
    <trkpt lat="37.413324" lon="-5.98886"><ele>9.6</ele></trkpt>
    <trkpt lat="37.413171" lon="-5.988831"><ele>9.5</ele></trkpt>
    <trkpt lat="37.413064" lon="-5.988753"><ele>9.5</ele></trkpt>
    <trkpt lat="37.412901" lon="-5.988801"><ele>9.5</ele></trkpt>
    <trkpt lat="37.412684" lon="-5.988927"><ele>9.4</ele></trkpt>
    <trkpt lat="37.409408" lon="-5.991355"><ele>8</ele></trkpt>
    <trkpt lat="37.40936" lon="-5.991392"><ele>8</ele></trkpt>
    <trkpt lat="37.409172" lon="-5.991536"><ele>8.1</ele></trkpt>
    <trkpt lat="37.407708" lon="-5.992605"><ele>8.6</ele></trkpt>
    <trkpt lat="37.40695" lon="-5.993172"><ele>9</ele></trkpt>
    <trkpt lat="37.405677" lon="-5.994129"><ele>9.5</ele></trkpt>
    <trkpt lat="37.405554" lon="-5.994221"><ele>9.5</ele></trkpt>
    <trkpt lat="37.404797" lon="-5.99477"><ele>9.6</ele></trkpt>
    <trkpt lat="37.404387" lon="-5.995115"><ele>9.8</ele></trkpt>
    <trkpt lat="37.404035" lon="-5.995371"><ele>10.2</ele></trkpt>
    <trkpt lat="37.404007" lon="-5.995391"><ele>10.2</ele></trkpt>
    <trkpt lat="37.40384" lon="-5.995511"><ele>10.4</ele></trkpt>
    <trkpt lat="37.403733" lon="-5.995605"><ele>10.4</ele></trkpt>
    <trkpt lat="37.403641" lon="-5.995675"><ele>10.5</ele></trkpt>
    <trkpt lat="37.403487" lon="-5.995813"><ele>10.6</ele></trkpt>
    <trkpt lat="37.403416" lon="-5.995872"><ele>10.6</ele></trkpt>
    <trkpt lat="37.403267" lon="-5.996012"><ele>10.7</ele></trkpt>
    <trkpt lat="37.402676" lon="-5.996556"><ele>11</ele></trkpt>
    <trkpt lat="37.400745" lon="-5.998493"><ele>10.3</ele></trkpt>
    <trkpt lat="37.400724" lon="-5.998514"><ele>10.3</ele></trkpt>
    <trkpt lat="37.400689" lon="-5.998548"><ele>10.3</ele></trkpt>
    <trkpt lat="37.400528" lon="-5.998706"><ele>10.2</ele></trkpt>
    <trkpt lat="37.399433" lon="-5.999747"><ele>10.2</ele></trkpt>
    <trkpt lat="37.399349" lon="-5.999826"><ele>10.2</ele></trkpt>
    <trkpt lat="37.398572" lon="-6.000504"><ele>10.3</ele></trkpt>
    <trkpt lat="37.398201" lon="-6.000795"><ele>10.3</ele></trkpt>
    <trkpt lat="37.397923" lon="-6.001013"><ele>10.3</ele></trkpt>
    <trkpt lat="37.395802" lon="-6.002576"><ele>10.2</ele></trkpt>
    <trkpt lat="37.395364" lon="-6.002902"><ele>10.1</ele></trkpt>
    <trkpt lat="37.394869" lon="-6.003255"><ele>9.9</ele></trkpt>
    <trkpt lat="37.394763" lon="-6.003327"><ele>9.9</ele></trkpt>
    <trkpt lat="37.394697" lon="-6.003374"><ele>9.8</ele></trkpt>
    <trkpt lat="37.394495" lon="-6.003496"><ele>9.8</ele></trkpt>
    <trkpt lat="37.393907" lon="-6.003715"><ele>9.9</ele></trkpt>
    <trkpt lat="37.393353" lon="-6.00375"><ele>9.9</ele></trkpt>
    <trkpt lat="37.393323" lon="-6.003752"><ele>10</ele></trkpt>
    <trkpt lat="37.393157" lon="-6.003651"><ele>10.1</ele></trkpt>
    <trkpt lat="37.393056" lon="-6.003624"><ele>10.2</ele></trkpt>
    <trkpt lat="37.392776" lon="-6.003623"><ele>10.4</ele></trkpt>
    <trkpt lat="37.392605" lon="-6.003619"><ele>10.7</ele></trkpt>
    <trkpt lat="37.392487" lon="-6.00358"><ele>10.8</ele></trkpt>
    <trkpt lat="37.391436" lon="-6.003225"><ele>10.6</ele></trkpt>
    <trkpt lat="37.390923" lon="-6.003053"><ele>9.8</ele></trkpt>
    <trkpt lat="37.390832" lon="-6.003019"><ele>9.6</ele></trkpt>
    <trkpt lat="37.390818" lon="-6.003208"><ele>9.3</ele></trkpt>
    <trkpt lat="37.390811" lon="-6.003243"><ele>9.2</ele></trkpt>
    <trkpt lat="37.390797" lon="-6.003305"><ele>9</ele></trkpt>
    <trkpt lat="37.390605" lon="-6.004155"><ele>6.9</ele></trkpt>
    <trkpt lat="37.390518" lon="-6.00499"><ele>5.6</ele></trkpt>
    <trkpt lat="37.3903" lon="-6.007035"><ele>5.7</ele></trkpt>
    <trkpt lat="37.390244" lon="-6.007567"><ele>6.3</ele></trkpt>
    <trkpt lat="37.390232" lon="-6.007691"><ele>6.4</ele></trkpt>
    <trkpt lat="37.390232" lon="-6.007691"><ele>6.5</ele></trkpt>
    <trkpt lat="37.390232" lon="-6.007691"><ele>6.5</ele></trkpt>
    <trkpt lat="37.390013" lon="-6.008391"><ele>7.6</ele></trkpt>
    <trkpt lat="37.390013" lon="-6.008391"><ele>7.5</ele></trkpt>
    <trkpt lat="37.390013" lon="-6.008391"><ele>7.5</ele></trkpt>
    <trkpt lat="37.38995" lon="-6.009002"><ele>8.5</ele></trkpt>
    <trkpt lat="37.389887" lon="-6.009613"><ele>9.1</ele></trkpt>
    <trkpt lat="37.389887" lon="-6.009613"><ele>9.1</ele></trkpt>
    <trkpt lat="37.38984" lon="-6.010097"><ele>9.4</ele></trkpt>
    <trkpt lat="37.389767" lon="-6.010162"><ele>9.4</ele></trkpt>
    <trkpt lat="37.3897" lon="-6.010222"><ele>9.4</ele></trkpt>
    <trkpt lat="37.3897" lon="-6.010222"><ele>9.4</ele></trkpt>
    <trkpt lat="37.389451" lon="-6.010324"><ele>9.4</ele></trkpt>
    <trkpt lat="37.389288" lon="-6.010368"><ele>9.4</ele></trkpt>
    <trkpt lat="37.388944" lon="-6.010473"><ele>9.4</ele></trkpt>
    <trkpt lat="37.388817" lon="-6.010512"><ele>9.4</ele></trkpt>
    <trkpt lat="37.388713" lon="-6.010547"><ele>9.4</ele></trkpt>
    <trkpt lat="37.388603" lon="-6.010577"><ele>9.4</ele></trkpt>
    <trkpt lat="37.387347" lon="-6.010934"><ele>10.3</ele></trkpt>
    <trkpt lat="37.386259" lon="-6.011156"><ele>10.3</ele></trkpt>
    <trkpt lat="37.385759" lon="-6.01125"><ele>9.8</ele></trkpt>
    <trkpt lat="37.385604" lon="-6.011253"><ele>9.6</ele></trkpt>
    <trkpt lat="37.385275" lon="-6.011264"><ele>9.2</ele></trkpt>
    <trkpt lat="37.385131" lon="-6.011259"><ele>9.1</ele></trkpt>
    <trkpt lat="37.385045" lon="-6.011251"><ele>9</ele></trkpt>
    <trkpt lat="37.384947" lon="-6.011241"><ele>8.9</ele></trkpt>
    <trkpt lat="37.384667" lon="-6.01121"><ele>8.7</ele></trkpt>
    <trkpt lat="37.383846" lon="-6.011085"><ele>8.5</ele></trkpt>
    <trkpt lat="37.383456" lon="-6.010965"><ele>8.5</ele></trkpt>
    <trkpt lat="37.383283" lon="-6.010853"><ele>8.5</ele></trkpt>
    <trkpt lat="37.383197" lon="-6.010797"><ele>8.5</ele></trkpt>
    <trkpt lat="37.383167" lon="-6.010778"><ele>8.5</ele></trkpt>
    <trkpt lat="37.383091" lon="-6.010726"><ele>8.6</ele></trkpt>
    <trkpt lat="37.381956" lon="-6.009839"><ele>8.8</ele></trkpt>
    <trkpt lat="37.381775" lon="-6.009697"><ele>8.7</ele></trkpt>
    <trkpt lat="37.381624" lon="-6.009614"><ele>8.7</ele></trkpt>
    <trkpt lat="37.38125" lon="-6.009483"><ele>8.7</ele></trkpt>
    <trkpt lat="37.381217" lon="-6.009477"><ele>8.8</ele></trkpt>
    <trkpt lat="37.381116" lon="-6.009454"><ele>8.8</ele></trkpt>
    <trkpt lat="37.380589" lon="-6.009357"><ele>8.7</ele></trkpt>
    <trkpt lat="37.380476" lon="-6.009315"><ele>8.7</ele></trkpt>
    <trkpt lat="37.380438" lon="-6.009282"><ele>8.7</ele></trkpt>
    <trkpt lat="37.380364" lon="-6.009069"><ele>8.7</ele></trkpt>
    <trkpt lat="37.380344" lon="-6.009052"><ele>8.7</ele></trkpt>
    <trkpt lat="37.379575" lon="-6.00843"><ele>8.9</ele></trkpt>
    <trkpt lat="37.379512" lon="-6.008378"><ele>8.9</ele></trkpt>
    <trkpt lat="37.378963" lon="-6.007934"><ele>8.5</ele></trkpt>
    <trkpt lat="37.378862" lon="-6.007852"><ele>8.5</ele></trkpt>
    <trkpt lat="37.378763" lon="-6.007772"><ele>8.4</ele></trkpt>
    <trkpt lat="37.377853" lon="-6.007046"><ele>8.1</ele></trkpt>
    <trkpt lat="37.377694" lon="-6.006919"><ele>8.1</ele></trkpt>
    <trkpt lat="37.377614" lon="-6.006856"><ele>8</ele></trkpt>
    <trkpt lat="37.377602" lon="-6.006847"><ele>8</ele></trkpt>
    <trkpt lat="37.376922" lon="-6.006304"><ele>7.5</ele></trkpt>
    <trkpt lat="37.376805" lon="-6.006211"><ele>7.4</ele></trkpt>
    <trkpt lat="37.376478" lon="-6.005951"><ele>7.2</ele></trkpt>
    <trkpt lat="37.376343" lon="-6.005843"><ele>7.2</ele></trkpt>
    <trkpt lat="37.376332" lon="-6.005834"><ele>7.2</ele></trkpt>
    <trkpt lat="37.376164" lon="-6.0057"><ele>7.3</ele></trkpt>
    <trkpt lat="37.376058" lon="-6.005801"><ele>7.4</ele></trkpt>
    <trkpt lat="37.375991" lon="-6.005811"><ele>7.4</ele></trkpt>
    <trkpt lat="37.375913" lon="-6.005784"><ele>7.4</ele></trkpt>
    <trkpt lat="37.375851" lon="-6.005718"><ele>7.4</ele></trkpt>
    <trkpt lat="37.375812" lon="-6.005576"><ele>7.4</ele></trkpt>
    <trkpt lat="37.375847" lon="-6.005432"><ele>7.5</ele></trkpt>
    <trkpt lat="37.375729" lon="-6.005337"><ele>7.5</ele></trkpt>
    <trkpt lat="37.375718" lon="-6.005328"><ele>7.5</ele></trkpt>
    <trkpt lat="37.375411" lon="-6.005077"><ele>7.7</ele></trkpt>
    <trkpt lat="37.374906" lon="-6.004671"><ele>7.6</ele></trkpt>
    <trkpt lat="37.374415" lon="-6.004276"><ele>7.3</ele></trkpt>
    <trkpt lat="37.37434" lon="-6.004215"><ele>7.2</ele></trkpt>
    <trkpt lat="37.373988" lon="-6.003919"><ele>7.5</ele></trkpt>
    <trkpt lat="37.374059" lon="-6.003784"><ele>7.6</ele></trkpt>
    <trkpt lat="37.374345" lon="-6.003243"><ele>8.1</ele></trkpt>
    <trkpt lat="37.374478" lon="-6.003"><ele>8.2</ele></trkpt>
    <trkpt lat="37.374537" lon="-6.002823"><ele>8.3</ele></trkpt>
    <trkpt lat="37.374575" lon="-6.002608"><ele>8.4</ele></trkpt>
    <trkpt lat="37.374576" lon="-6.002467"><ele>8.4</ele></trkpt>
    <trkpt lat="37.374594" lon="-6.001718"><ele>8.2</ele></trkpt>
    <trkpt lat="37.374612" lon="-6.000932"><ele>7.8</ele></trkpt>
    <trkpt lat="37.374642" lon="-5.999962"><ele>7.9</ele></trkpt>
    <trkpt lat="37.374648" lon="-5.999808"><ele>8</ele></trkpt>
    <trkpt lat="37.374656" lon="-5.999467"><ele>8.4</ele></trkpt>
    <trkpt lat="37.374669" lon="-5.99884"><ele>9.2</ele></trkpt>
    <trkpt lat="37.374688" lon="-5.998206"><ele>10.6</ele></trkpt>
    <trkpt lat="37.374703" lon="-5.997571"><ele>12.1</ele></trkpt>
    <trkpt lat="37.374704" lon="-5.997522"><ele>12.2</ele></trkpt>
    <trkpt lat="37.37472" lon="-5.996785"><ele>12.8</ele></trkpt>
    <trkpt lat="37.374735" lon="-5.996141"><ele>12.8</ele></trkpt>
    <trkpt lat="37.374755" lon="-5.995377"><ele>11.1</ele></trkpt>
    <trkpt lat="37.374755" lon="-5.995377"><ele>11.2</ele></trkpt>
    <trkpt lat="37.374755" lon="-5.995377"><ele>11.2</ele></trkpt>
    <trkpt lat="37.374782" lon="-5.995012"><ele>9.8</ele></trkpt>
    <trkpt lat="37.374782" lon="-5.995012"><ele>9.8</ele></trkpt>
    <trkpt lat="37.374916" lon="-5.994066"><ele>7.1</ele></trkpt>
    <trkpt lat="37.374916" lon="-5.994066"><ele>7.1</ele></trkpt>
    <trkpt lat="37.375126" lon="-5.99316"><ele>5.6</ele></trkpt>
    <trkpt lat="37.375126" lon="-5.99316"><ele>5.8</ele></trkpt>
    <trkpt lat="37.375126" lon="-5.99316"><ele>5.8</ele></trkpt>
    <trkpt lat="37.375311" lon="-5.992345"><ele>5.8</ele></trkpt>
    <trkpt lat="37.375311" lon="-5.992345"><ele>5.8</ele></trkpt>
    <trkpt lat="37.375405" lon="-5.991968"><ele>6.3</ele></trkpt>
    <trkpt lat="37.375405" lon="-5.991968"><ele>6.4</ele></trkpt>
    <trkpt lat="37.375405" lon="-5.991968"><ele>6.4</ele></trkpt>
    <trkpt lat="37.375476" lon="-5.991835"><ele>6.5</ele></trkpt>
    <trkpt lat="37.375476" lon="-5.991835"><ele>6.5</ele></trkpt>
    <trkpt lat="37.375696" lon="-5.991767"><ele>6.8</ele></trkpt>
    <trkpt lat="37.375696" lon="-5.991767"><ele>6.9</ele></trkpt>
    <trkpt lat="37.375696" lon="-5.991767"><ele>6.9</ele></trkpt>
    <trkpt lat="37.376277" lon="-5.992049"><ele>7.4</ele></trkpt>
    <trkpt lat="37.376759" lon="-5.992342"><ele>7.4</ele></trkpt>
    <trkpt lat="37.376877" lon="-5.992414"><ele>7.3</ele></trkpt>
    <trkpt lat="37.377141" lon="-5.992575"><ele>7</ele></trkpt>
    <trkpt lat="37.377474" lon="-5.992687"><ele>6.7</ele></trkpt>
    <trkpt lat="37.377554" lon="-5.992738"><ele>6.6</ele></trkpt>
    <trkpt lat="37.377802" lon="-5.992953"><ele>6.4</ele></trkpt>
    <trkpt lat="37.379459" lon="-5.993982"><ele>7</ele></trkpt>
    <trkpt lat="37.379869" lon="-5.994191"><ele>7.1</ele></trkpt>
    <trkpt lat="37.380289" lon="-5.994481"><ele>7.2</ele></trkpt>
    <trkpt lat="37.380468" lon="-5.994577"><ele>7.3</ele></trkpt>
    <trkpt lat="37.38061" lon="-5.994654"><ele>7.2</ele></trkpt>
    <trkpt lat="37.381277" lon="-5.99514"><ele>6.5</ele></trkpt>
    <trkpt lat="37.381354" lon="-5.995197"><ele>6.5</ele></trkpt>
    <trkpt lat="37.381405" lon="-5.995234"><ele>6.5</ele></trkpt>
    <trkpt lat="37.381505" lon="-5.995307"><ele>6.6</ele></trkpt>
    <trkpt lat="37.381548" lon="-5.995339"><ele>6.6</ele></trkpt>
    <trkpt lat="37.382153" lon="-5.99578"><ele>6.7</ele></trkpt>
    <trkpt lat="37.3822" lon="-5.995815"><ele>6.7</ele></trkpt>
    <trkpt lat="37.382422" lon="-5.995971"><ele>6.8</ele></trkpt>
    <trkpt lat="37.382528" lon="-5.996053"><ele>6.8</ele></trkpt>
    <trkpt lat="37.382877" lon="-5.99632"><ele>7.3</ele></trkpt>
    <trkpt lat="37.382989" lon="-5.996415"><ele>7.5</ele></trkpt>
    <trkpt lat="37.383121" lon="-5.996558"><ele>7.8</ele></trkpt>
    <trkpt lat="37.383295" lon="-5.996748"><ele>8</ele></trkpt>
    <trkpt lat="37.383574" lon="-5.997063"><ele>8.2</ele></trkpt>
    <trkpt lat="37.383999" lon="-5.997541"><ele>8.6</ele></trkpt>
    <trkpt lat="37.384148" lon="-5.997707"><ele>8.7</ele></trkpt>
    <trkpt lat="37.384735" lon="-5.998367"><ele>8.9</ele></trkpt>
    <trkpt lat="37.385034" lon="-5.998697"><ele>9</ele></trkpt>
    <trkpt lat="37.385142" lon="-5.998818"><ele>9</ele></trkpt>
    <trkpt lat="37.385334" lon="-5.999034"><ele>8.9</ele></trkpt>
  </trkseg></trk></gpx>