<?xml version="1.0" encoding="UTF-8"?>
<gpx version="1.1" creator="tour-scraper" xmlns="http://www.topografix.com/GPX/1/1">
  <trk><name>Stage 19: From Vélez-Málaga to Peñas Blancas. Estepona — La Vuelta 26</name><trkseg>
    <trkpt lat="36.729268" lon="-4.124573"><ele>2.3</ele></trkpt>
    <trkpt lat="36.72913" lon="-4.124961"><ele>2.3</ele></trkpt>
    <trkpt lat="36.728936" lon="-4.125474"><ele>2.3</ele></trkpt>
    <trkpt lat="36.72853" lon="-4.126569"><ele>2.2</ele></trkpt>
    <trkpt lat="36.728155" lon="-4.127593"><ele>2.5</ele></trkpt>
    <trkpt lat="36.72778" lon="-4.128718"><ele>2.8</ele></trkpt>
    <trkpt lat="36.727163" lon="-4.130457"><ele>2.2</ele></trkpt>
    <trkpt lat="36.72664" lon="-4.131907"><ele>1.7</ele></trkpt>
    <trkpt lat="36.725991" lon="-4.133678"><ele>2.3</ele></trkpt>
    <trkpt lat="36.725372" lon="-4.135345"><ele>3.1</ele></trkpt>
    <trkpt lat="36.724677" lon="-4.137391"><ele>3.3</ele></trkpt>
    <trkpt lat="36.724569" lon="-4.137688"><ele>3.3</ele></trkpt>
    <trkpt lat="36.724379" lon="-4.138217"><ele>3.3</ele></trkpt>
    <trkpt lat="36.723762" lon="-4.139888"><ele>2.8</ele></trkpt>
    <trkpt lat="36.723459" lon="-4.140709"><ele>2.4</ele></trkpt>
    <trkpt lat="36.722389" lon="-4.143725"><ele>1.2</ele></trkpt>
    <trkpt lat="36.722191" lon="-4.144269"><ele>1.4</ele></trkpt>
    <trkpt lat="36.722122" lon="-4.144463"><ele>1.4</ele></trkpt>
    <trkpt lat="36.7219" lon="-4.145027"><ele>1.6</ele></trkpt>
    <trkpt lat="36.721314" lon="-4.146378"><ele>2.2</ele></trkpt>
    <trkpt lat="36.721203" lon="-4.146741"><ele>2.3</ele></trkpt>
    <trkpt lat="36.721129" lon="-4.147181"><ele>2.5</ele></trkpt>
    <trkpt lat="36.721046" lon="-4.148517"><ele>3.3</ele></trkpt>
    <trkpt lat="36.72059" lon="-4.150872"><ele>4.4</ele></trkpt>
    <trkpt lat="36.720581" lon="-4.151301"><ele>4</ele></trkpt>
    <trkpt lat="36.720646" lon="-4.152604"><ele>2.2</ele></trkpt>
    <trkpt lat="36.720703" lon="-4.15348"><ele>1.5</ele></trkpt>
    <trkpt lat="36.720741" lon="-4.154306"><ele>1.2</ele></trkpt>
    <trkpt lat="36.720749" lon="-4.154766"><ele>1.1</ele></trkpt>
    <trkpt lat="36.720672" lon="-4.157712"><ele>0.9</ele></trkpt>
    <trkpt lat="36.720693" lon="-4.158383"><ele>0.7</ele></trkpt>
    <trkpt lat="36.720693" lon="-4.158383"><ele>0.7</ele></trkpt>
    <trkpt lat="36.720623" lon="-4.15856"><ele>0.7</ele></trkpt>
    <trkpt lat="36.720647" lon="-4.15877"><ele>0.7</ele></trkpt>
    <trkpt lat="36.720388" lon="-4.159954"><ele>0.6</ele></trkpt>
    <trkpt lat="36.719978" lon="-4.162178"><ele>0.6</ele></trkpt>
    <trkpt lat="36.719926" lon="-4.162435"><ele>0.6</ele></trkpt>
    <trkpt lat="36.719536" lon="-4.164629"><ele>0.8</ele></trkpt>
    <trkpt lat="36.719327" lon="-4.165701"><ele>0.9</ele></trkpt>
    <trkpt lat="36.718911" lon="-4.168063"><ele>1.3</ele></trkpt>
    <trkpt lat="36.718728" lon="-4.169092"><ele>1</ele></trkpt>
    <trkpt lat="36.718504" lon="-4.17035"><ele>1.1</ele></trkpt>
    <trkpt lat="36.718108" lon="-4.172469"><ele>3.1</ele></trkpt>
    <trkpt lat="36.717882" lon="-4.173704"><ele>3.9</ele></trkpt>
    <trkpt lat="36.717713" lon="-4.174616"><ele>3.8</ele></trkpt>
    <trkpt lat="36.717591" lon="-4.175294"><ele>3.6</ele></trkpt>
    <trkpt lat="36.717563" lon="-4.175442"><ele>3.5</ele></trkpt>
    <trkpt lat="36.717379" lon="-4.176439"><ele>3</ele></trkpt>
    <trkpt lat="36.71711" lon="-4.177915"><ele>3</ele></trkpt>
    <trkpt lat="36.716863" lon="-4.179266"><ele>3.1</ele></trkpt>
    <trkpt lat="36.716721" lon="-4.180043"><ele>3.2</ele></trkpt>
    <trkpt lat="36.716721" lon="-4.180043"><ele>3.2</ele></trkpt>
    <trkpt lat="36.716613" lon="-4.180073"><ele>3.1</ele></trkpt>
    <trkpt lat="36.716613" lon="-4.180073"><ele>3.2</ele></trkpt>
    <trkpt lat="36.716613" lon="-4.180073"><ele>3.2</ele></trkpt>
    <trkpt lat="36.716575" lon="-4.180294"><ele>3.2</ele></trkpt>
    <trkpt lat="36.716575" lon="-4.180294"><ele>3.2</ele></trkpt>
    <trkpt lat="36.716661" lon="-4.180375"><ele>3.2</ele></trkpt>
    <trkpt lat="36.716498" lon="-4.181286"><ele>3</ele></trkpt>
    <trkpt lat="36.716318" lon="-4.182264"><ele>2.7</ele></trkpt>
    <trkpt lat="36.716005" lon="-4.184129"><ele>1.6</ele></trkpt>
    <trkpt lat="36.715878" lon="-4.184886"><ele>1.7</ele></trkpt>
    <trkpt lat="36.7157" lon="-4.186488"><ele>2.2</ele></trkpt>
    <trkpt lat="36.715606" lon="-4.187849"><ele>1.9</ele></trkpt>
    <trkpt lat="36.715618" lon="-4.188069"><ele>1.8</ele></trkpt>
    <trkpt lat="36.715668" lon="-4.188596"><ele>1.5</ele></trkpt>
    <trkpt lat="36.715856" lon="-4.189628"><ele>1.5</ele></trkpt>
    <trkpt lat="36.715991" lon="-4.190523"><ele>1.7</ele></trkpt>
    <trkpt lat="36.716078" lon="-4.191296"><ele>2</ele></trkpt>
    <trkpt lat="36.716086" lon="-4.191389"><ele>2</ele></trkpt>
    <trkpt lat="36.716106" lon="-4.192193"><ele>2</ele></trkpt>
    <trkpt lat="36.716134" lon="-4.192695"><ele>2</ele></trkpt>
    <trkpt lat="36.716134" lon="-4.192695"><ele>2</ele></trkpt>
    <trkpt lat="36.716066" lon="-4.192779"><ele>2</ele></trkpt>
    <trkpt lat="36.716066" lon="-4.192779"><ele>2</ele></trkpt>
    <trkpt lat="36.716075" lon="-4.192903"><ele>2</ele></trkpt>
    <trkpt lat="36.716075" lon="-4.192903"><ele>2</ele></trkpt>
    <trkpt lat="36.716076" lon="-4.192904"><ele>2</ele></trkpt>
    <trkpt lat="36.716128" lon="-4.192959"><ele>2</ele></trkpt>
    <trkpt lat="36.716101" lon="-4.193074"><ele>2</ele></trkpt>
    <trkpt lat="36.716116" lon="-4.194153"><ele>1.9</ele></trkpt>
    <trkpt lat="36.716112" lon="-4.194436"><ele>2</ele></trkpt>
    <trkpt lat="36.716114" lon="-4.194547"><ele>2</ele></trkpt>
    <trkpt lat="36.716093" lon="-4.195239"><ele>2.1</ele></trkpt>
    <trkpt lat="36.716052" lon="-4.196102"><ele>2.3</ele></trkpt>
    <trkpt lat="36.716037" lon="-4.196986"><ele>2.4</ele></trkpt>
    <trkpt lat="36.716007" lon="-4.197768"><ele>2.5</ele></trkpt>
    <trkpt lat="36.715694" lon="-4.198854"><ele>2.3</ele></trkpt>
    <trkpt lat="36.71548" lon="-4.199593"><ele>2</ele></trkpt>
    <trkpt lat="36.715338" lon="-4.200193"><ele>1.6</ele></trkpt>
    <trkpt lat="36.715181" lon="-4.200857"><ele>1.3</ele></trkpt>
    <trkpt lat="36.715122" lon="-4.201177"><ele>1.2</ele></trkpt>
    <trkpt lat="36.715077" lon="-4.201983"><ele>1.2</ele></trkpt>
    <trkpt lat="36.715057" lon="-4.202815"><ele>1.6</ele></trkpt>
    <trkpt lat="36.715066" lon="-4.203374"><ele>1.9</ele></trkpt>
    <trkpt lat="36.715082" lon="-4.205212"><ele>2.6</ele></trkpt>
    <trkpt lat="36.715017" lon="-4.206637"><ele>2.3</ele></trkpt>
    <trkpt lat="36.71485" lon="-4.208212"><ele>1.3</ele></trkpt>
    <trkpt lat="36.714715" lon="-4.20933"><ele>1.2</ele></trkpt>
    <trkpt lat="36.714642" lon="-4.209997"><ele>1.3</ele></trkpt>
    <trkpt lat="36.714598" lon="-4.210408"><ele>1.4</ele></trkpt>
    <trkpt lat="36.714496" lon="-4.211426"><ele>1.4</ele></trkpt>
    <trkpt lat="36.714283" lon="-4.213233"><ele>0.8</ele></trkpt>
    <trkpt lat="36.714264" lon="-4.213397"><ele>0.8</ele></trkpt>
    <trkpt lat="36.714191" lon="-4.214068"><ele>0.7</ele></trkpt>
    <trkpt lat="36.714152" lon="-4.21501"><ele>0.7</ele></trkpt>
    <trkpt lat="36.714149" lon="-4.21597"><ele>0.6</ele></trkpt>
    <trkpt lat="36.714145" lon="-4.217417"><ele>0.7</ele></trkpt>
    <trkpt lat="36.714143" lon="-4.217792"><ele>0.8</ele></trkpt>
    <trkpt lat="36.713992" lon="-4.219205"><ele>1</ele></trkpt>
    <trkpt lat="36.713749" lon="-4.220701"><ele>1.2</ele></trkpt>
    <trkpt lat="36.713709" lon="-4.221082"><ele>1.2</ele></trkpt>
    <trkpt lat="36.713658" lon="-4.221541"><ele>1.2</ele></trkpt>
    <trkpt lat="36.71353" lon="-4.22367"><ele>0.7</ele></trkpt>
    <trkpt lat="36.7135" lon="-4.224387"><ele>0.6</ele></trkpt>
    <trkpt lat="36.7135" lon="-4.224387"><ele>0.6</ele></trkpt>
    <trkpt lat="36.713418" lon="-4.224616"><ele>0.6</ele></trkpt>
    <trkpt lat="36.713418" lon="-4.224616"><ele>0.6</ele></trkpt>
    <trkpt lat="36.713456" lon="-4.224751"><ele>0.6</ele></trkpt>
    <trkpt lat="36.713456" lon="-4.224751"><ele>0.6</ele></trkpt>
    <trkpt lat="36.713468" lon="-4.224928"><ele>0.6</ele></trkpt>
    <trkpt lat="36.713429" lon="-4.225862"><ele>0.7</ele></trkpt>
    <trkpt lat="36.713413" lon="-4.226228"><ele>0.8</ele></trkpt>
    <trkpt lat="36.713367" lon="-4.227177"><ele>1</ele></trkpt>
    <trkpt lat="36.713367" lon="-4.227177"><ele>1</ele></trkpt>
    <trkpt lat="36.713324" lon="-4.227845"><ele>1.1</ele></trkpt>
    <trkpt lat="36.713282" lon="-4.228513"><ele>1.3</ele></trkpt>
    <trkpt lat="36.713283" lon="-4.228644"><ele>1.3</ele></trkpt>
    <trkpt lat="36.713311" lon="-4.22876"><ele>1.4</ele></trkpt>
    <trkpt lat="36.713311" lon="-4.22876"><ele>1.4</ele></trkpt>
    <trkpt lat="36.713253" lon="-4.229395"><ele>1.7</ele></trkpt>
    <trkpt lat="36.713195" lon="-4.23003"><ele>2.2</ele></trkpt>
    <trkpt lat="36.713212" lon="-4.230318"><ele>2.4</ele></trkpt>
    <trkpt lat="36.713208" lon="-4.230401"><ele>2.5</ele></trkpt>
    <trkpt lat="36.713183" lon="-4.230985"><ele>2.7</ele></trkpt>
    <trkpt lat="36.713166" lon="-4.231219"><ele>2.7</ele></trkpt>
    <trkpt lat="36.713155" lon="-4.231431"><ele>2.7</ele></trkpt>
    <trkpt lat="36.713078" lon="-4.232662"><ele>2.3</ele></trkpt>
    <trkpt lat="36.713064" lon="-4.232892"><ele>2.2</ele></trkpt>
    <trkpt lat="36.712973" lon="-4.234376"><ele>2.6</ele></trkpt>
    <trkpt lat="36.71297" lon="-4.23442"><ele>2.7</ele></trkpt>
    <trkpt lat="36.712897" lon="-4.235648"><ele>3.5</ele></trkpt>
    <trkpt lat="36.712894" lon="-4.235697"><ele>3.5</ele></trkpt>
    <trkpt lat="36.712837" lon="-4.236453"><ele>3.9</ele></trkpt>
    <trkpt lat="36.712836" lon="-4.236479"><ele>3.9</ele></trkpt>
    <trkpt lat="36.712811" lon="-4.236959"><ele>3.8</ele></trkpt>
    <trkpt lat="36.712806" lon="-4.237048"><ele>3.8</ele></trkpt>
    <trkpt lat="36.712804" lon="-4.23719"><ele>3.6</ele></trkpt>
    <trkpt lat="36.712757" lon="-4.237888"><ele>3</ele></trkpt>
    <trkpt lat="36.712692" lon="-4.238917"><ele>2.8</ele></trkpt>
    <trkpt lat="36.712656" lon="-4.239549"><ele>3</ele></trkpt>
    <trkpt lat="36.712641" lon="-4.239809"><ele>3.2</ele></trkpt>
    <trkpt lat="36.712618" lon="-4.240091"><ele>3.5</ele></trkpt>
    <trkpt lat="36.71258" lon="-4.240794"><ele>4.4</ele></trkpt>
    <trkpt lat="36.712536" lon="-4.241507"><ele>4.7</ele></trkpt>
    <trkpt lat="36.71251" lon="-4.241932"><ele>4.7</ele></trkpt>
    <trkpt lat="36.712496" lon="-4.242173"><ele>4.7</ele></trkpt>
    <trkpt lat="36.712484" lon="-4.242377"><ele>4.7</ele></trkpt>
    <trkpt lat="36.712447" lon="-4.243036"><ele>4.5</ele></trkpt>
    <trkpt lat="36.712349" lon="-4.244488"><ele>4.4</ele></trkpt>
    <trkpt lat="36.712349" lon="-4.244488"><ele>4.4</ele></trkpt>
    <trkpt lat="36.712295" lon="-4.244595"><ele>4.4</ele></trkpt>
    <trkpt lat="36.712295" lon="-4.244595"><ele>4.4</ele></trkpt>
    <trkpt lat="36.712336" lon="-4.244689"><ele>4.5</ele></trkpt>
    <trkpt lat="36.712298" lon="-4.245154"><ele>4.6</ele></trkpt>
    <trkpt lat="36.712276" lon="-4.245901"><ele>5.1</ele></trkpt>
    <trkpt lat="36.712274" lon="-4.245972"><ele>5.1</ele></trkpt>
    <trkpt lat="36.71225" lon="-4.246436"><ele>5.3</ele></trkpt>
    <trkpt lat="36.712224" lon="-4.246945"><ele>5.5</ele></trkpt>
    <trkpt lat="36.712207" lon="-4.247157"><ele>5.6</ele></trkpt>
    <trkpt lat="36.712194" lon="-4.24734"><ele>5.6</ele></trkpt>
    <trkpt lat="36.712139" lon="-4.248317"><ele>5.8</ele></trkpt>
    <trkpt lat="36.712139" lon="-4.248337"><ele>5.8</ele></trkpt>
    <trkpt lat="36.712127" lon="-4.248551"><ele>5.8</ele></trkpt>
    <trkpt lat="36.712105" lon="-4.249035"><ele>5.9</ele></trkpt>
    <trkpt lat="36.712088" lon="-4.249392"><ele>5.9</ele></trkpt>
    <trkpt lat="36.712048" lon="-4.250076"><ele>5.8</ele></trkpt>
    <trkpt lat="36.711988" lon="-4.251082"><ele>5.4</ele></trkpt>
    <trkpt lat="36.711959" lon="-4.251587"><ele>5</ele></trkpt>
    <trkpt lat="36.711872" lon="-4.253342"><ele>4.6</ele></trkpt>
    <trkpt lat="36.711841" lon="-4.253977"><ele>4.5</ele></trkpt>
    <trkpt lat="36.711841" lon="-4.253977"><ele>4.5</ele></trkpt>
    <trkpt lat="36.71178" lon="-4.254619"><ele>4.5</ele></trkpt>
    <trkpt lat="36.71178" lon="-4.254619"><ele>4.5</ele></trkpt>
    <trkpt lat="36.711767" lon="-4.25476"><ele>4.5</ele></trkpt>
    <trkpt lat="36.711767" lon="-4.25476"><ele>4.5</ele></trkpt>
    <trkpt lat="36.711787" lon="-4.255376"><ele>4.4</ele></trkpt>
    <trkpt lat="36.711775" lon="-4.255761"><ele>4.3</ele></trkpt>
    <trkpt lat="36.711769" lon="-4.256205"><ele>4.3</ele></trkpt>
    <trkpt lat="36.711797" lon="-4.257162"><ele>4</ele></trkpt>
    <trkpt lat="36.711827" lon="-4.257474"><ele>3.9</ele></trkpt>
    <trkpt lat="36.711899" lon="-4.258209"><ele>3.6</ele></trkpt>
    <trkpt lat="36.711982" lon="-4.258831"><ele>3.3</ele></trkpt>
    <trkpt lat="36.711997" lon="-4.258914"><ele>3.3</ele></trkpt>
    <trkpt lat="36.712053" lon="-4.259336"><ele>3.1</ele></trkpt>
    <trkpt lat="36.71207" lon="-4.25946"><ele>3</ele></trkpt>
    <trkpt lat="36.712147" lon="-4.260134"><ele>2.9</ele></trkpt>
    <trkpt lat="36.712165" lon="-4.260282"><ele>2.9</ele></trkpt>
    <trkpt lat="36.712276" lon="-4.261157"><ele>3.1</ele></trkpt>
    <trkpt lat="36.71235" lon="-4.261771"><ele>3.1</ele></trkpt>
    <trkpt lat="36.7124" lon="-4.262215"><ele>3.3</ele></trkpt>
    <trkpt lat="36.712452" lon="-4.262729"><ele>3.4</ele></trkpt>
    <trkpt lat="36.712552" lon="-4.263552"><ele>3.7</ele></trkpt>
    <trkpt lat="36.712563" lon="-4.263653"><ele>3.7</ele></trkpt>
    <trkpt lat="36.712653" lon="-4.264387"><ele>3.8</ele></trkpt>
    <trkpt lat="36.712744" lon="-4.265146"><ele>3.8</ele></trkpt>
    <trkpt lat="36.71284" lon="-4.265968"><ele>3.6</ele></trkpt>
    <trkpt lat="36.712896" lon="-4.266453"><ele>3.6</ele></trkpt>
    <trkpt lat="36.712996" lon="-4.267274"><ele>3.7</ele></trkpt>
    <trkpt lat="36.713037" lon="-4.267614"><ele>3.8</ele></trkpt>
    <trkpt lat="36.713079" lon="-4.267956"><ele>3.9</ele></trkpt>
    <trkpt lat="36.71326" lon="-4.269438"><ele>4.1</ele></trkpt>
    <trkpt lat="36.713278" lon="-4.269586"><ele>4.2</ele></trkpt>
    <trkpt lat="36.7133" lon="-4.269766"><ele>4.2</ele></trkpt>
    <trkpt lat="36.713342" lon="-4.270115"><ele>4.3</ele></trkpt>
    <trkpt lat="36.713361" lon="-4.270277"><ele>4.3</ele></trkpt>
    <trkpt lat="36.713377" lon="-4.270409"><ele>4.4</ele></trkpt>
    <trkpt lat="36.713398" lon="-4.270601"><ele>4.4</ele></trkpt>
    <trkpt lat="36.713476" lon="-4.271248"><ele>4.2</ele></trkpt>
    <trkpt lat="36.713484" lon="-4.271318"><ele>4.2</ele></trkpt>
    <trkpt lat="36.71356" lon="-4.271946"><ele>3.9</ele></trkpt>
    <trkpt lat="36.713635" lon="-4.272545"><ele>3.7</ele></trkpt>
    <trkpt lat="36.713656" lon="-4.272705"><ele>3.6</ele></trkpt>
    <trkpt lat="36.71369" lon="-4.272999"><ele>3.4</ele></trkpt>
    <trkpt lat="36.713772" lon="-4.273688"><ele>3.1</ele></trkpt>
    <trkpt lat="36.713857" lon="-4.274414"><ele>3.1</ele></trkpt>
    <trkpt lat="36.713869" lon="-4.27451"><ele>3</ele></trkpt>
    <trkpt lat="36.713949" lon="-4.275184"><ele>2.9</ele></trkpt>
    <trkpt lat="36.713992" lon="-4.275549"><ele>2.9</ele></trkpt>
    <trkpt lat="36.714127" lon="-4.276548"><ele>3.3</ele></trkpt>
    <trkpt lat="36.714172" lon="-4.276951"><ele>3.6</ele></trkpt>
    <trkpt lat="36.714183" lon="-4.277041"><ele>3.6</ele></trkpt>
    <trkpt lat="36.714312" lon="-4.278078"><ele>3.9</ele></trkpt>
    <trkpt lat="36.714365" lon="-4.278514"><ele>3.9</ele></trkpt>
    <trkpt lat="36.714434" lon="-4.279064"><ele>4.1</ele></trkpt>
    <trkpt lat="36.714453" lon="-4.27922"><ele>4.2</ele></trkpt>
    <trkpt lat="36.714526" lon="-4.27981"><ele>4.3</ele></trkpt>
    <trkpt lat="36.714533" lon="-4.279865"><ele>4.4</ele></trkpt>
    <trkpt lat="36.714548" lon="-4.279984"><ele>4.4</ele></trkpt>
    <trkpt lat="36.714607" lon="-4.28046"><ele>4.6</ele></trkpt>
    <trkpt lat="36.714635" lon="-4.280686"><ele>4.7</ele></trkpt>
    <trkpt lat="36.714698" lon="-4.2812"><ele>4.7</ele></trkpt>
    <trkpt lat="36.714832" lon="-4.282353"><ele>3.8</ele></trkpt>
    <trkpt lat="36.714964" lon="-4.283507"><ele>3.6</ele></trkpt>
    <trkpt lat="36.715002" lon="-4.283817"><ele>3.7</ele></trkpt>
    <trkpt lat="36.715076" lon="-4.284525"><ele>4</ele></trkpt>
    <trkpt lat="36.71512" lon="-4.28488"><ele>4.2</ele></trkpt>
    <trkpt lat="36.715236" lon="-4.285761"><ele>4.8</ele></trkpt>
    <trkpt lat="36.715255" lon="-4.285929"><ele>4.9</ele></trkpt>
    <trkpt lat="36.715297" lon="-4.286312"><ele>5.1</ele></trkpt>
    <trkpt lat="36.71533" lon="-4.286618"><ele>5.2</ele></trkpt>
    <trkpt lat="36.715341" lon="-4.286714"><ele>5.3</ele></trkpt>
    <trkpt lat="36.715393" lon="-4.28717"><ele>5.6</ele></trkpt>
    <trkpt lat="36.715453" lon="-4.287662"><ele>6</ele></trkpt>
    <trkpt lat="36.715481" lon="-4.287885"><ele>6.2</ele></trkpt>
    <trkpt lat="36.715582" lon="-4.288423"><ele>6.3</ele></trkpt>
    <trkpt lat="36.715907" lon="-4.289725"><ele>6.9</ele></trkpt>
    <trkpt lat="36.716097" lon="-4.290523"><ele>7.5</ele></trkpt>
    <trkpt lat="36.716106" lon="-4.290574"><ele>7.5</ele></trkpt>
    <trkpt lat="36.71613" lon="-4.29069"><ele>7.6</ele></trkpt>
    <trkpt lat="36.716234" lon="-4.291486"><ele>8.6</ele></trkpt>
    <trkpt lat="36.716256" lon="-4.291666"><ele>8.9</ele></trkpt>
    <trkpt lat="36.716259" lon="-4.292102"><ele>9.8</ele></trkpt>
    <trkpt lat="36.716275" lon="-4.292497"><ele>10.7</ele></trkpt>
    <trkpt lat="36.716281" lon="-4.29288"><ele>11.8</ele></trkpt>
    <trkpt lat="36.71624" lon="-4.29329"><ele>13</ele></trkpt>
    <trkpt lat="36.71609" lon="-4.293544"><ele>14.1</ele></trkpt>
    <trkpt lat="36.715435" lon="-4.294311"><ele>19.8</ele></trkpt>
    <trkpt lat="36.715234" lon="-4.294614"><ele>21.8</ele></trkpt>
    <trkpt lat="36.715059" lon="-4.29512"><ele>24.4</ele></trkpt>
    <trkpt lat="36.71501" lon="-4.295273"><ele>25.1</ele></trkpt>
    <trkpt lat="36.714987" lon="-4.295342"><ele>25.3</ele></trkpt>
    <trkpt lat="36.714948" lon="-4.295453"><ele>25.8</ele></trkpt>
    <trkpt lat="36.714773" lon="-4.296063"><ele>27.9</ele></trkpt>
    <trkpt lat="36.714638" lon="-4.297262"><ele>28.1</ele></trkpt>
    <trkpt lat="36.714505" lon="-4.298467"><ele>25.8</ele></trkpt>
    <trkpt lat="36.714482" lon="-4.298866"><ele>24.5</ele></trkpt>
    <trkpt lat="36.714487" lon="-4.299104"><ele>23.8</ele></trkpt>
    <trkpt lat="36.714541" lon="-4.299367"><ele>22.9</ele></trkpt>
    <trkpt lat="36.714688" lon="-4.299635"><ele>21.8</ele></trkpt>
    <trkpt lat="36.714809" lon="-4.299744"><ele>21.2</ele></trkpt>
    <trkpt lat="36.715729" lon="-4.300371"><ele>17</ele></trkpt>
    <trkpt lat="36.715859" lon="-4.300482"><ele>16.4</ele></trkpt>
    <trkpt lat="36.7161" lon="-4.300816"><ele>14.9</ele></trkpt>
    <trkpt lat="36.716529" lon="-4.301601"><ele>11.3</ele></trkpt>
    <trkpt lat="36.716642" lon="-4.301851"><ele>10.2</ele></trkpt>
    <trkpt lat="36.716661" lon="-4.302162"><ele>9.1</ele></trkpt>
    <trkpt lat="36.716636" lon="-4.302321"><ele>8.5</ele></trkpt>
    <trkpt lat="36.71654" lon="-4.302591"><ele>7.6</ele></trkpt>
    <trkpt lat="36.716464" lon="-4.302811"><ele>6.9</ele></trkpt>
    <trkpt lat="36.716183" lon="-4.303732"><ele>4.8</ele></trkpt>
    <trkpt lat="36.716047" lon="-4.304316"><ele>4.2</ele></trkpt>
    <trkpt lat="36.716009" lon="-4.304361"><ele>4.1</ele></trkpt>
    <trkpt lat="36.715987" lon="-4.304452"><ele>4</ele></trkpt>
    <trkpt lat="36.715987" lon="-4.304452"><ele>4</ele></trkpt>
    <trkpt lat="36.715815" lon="-4.305287"><ele>3.6</ele></trkpt>
    <trkpt lat="36.715643" lon="-4.306122"><ele>3.6</ele></trkpt>
    <trkpt lat="36.715643" lon="-4.306122"><ele>3.7</ele></trkpt>
    <trkpt lat="36.715643" lon="-4.306122"><ele>3.7</ele></trkpt>
    <trkpt lat="36.715569" lon="-4.306581"><ele>3.7</ele></trkpt>
    <trkpt lat="36.715569" lon="-4.306581"><ele>3.7</ele></trkpt>
    <trkpt lat="36.715515" lon="-4.307062"><ele>3.7</ele></trkpt>
    <trkpt lat="36.715496" lon="-4.307405"><ele>3.9</ele></trkpt>
    <trkpt lat="36.715479" lon="-4.307712"><ele>4.1</ele></trkpt>
    <trkpt lat="36.71544" lon="-4.308306"><ele>5</ele></trkpt>
    <trkpt lat="36.71544" lon="-4.308306"><ele>5.1</ele></trkpt>
    <trkpt lat="36.71544" lon="-4.308306"><ele>5.1</ele></trkpt>
    <trkpt lat="36.71538" lon="-4.308352"><ele>5</ele></trkpt>
    <trkpt lat="36.71538" lon="-4.308352"><ele>5.2</ele></trkpt>
    <trkpt lat="36.71538" lon="-4.308352"><ele>5.2</ele></trkpt>
    <trkpt lat="36.715384" lon="-4.308441"><ele>5.2</ele></trkpt>
    <trkpt lat="36.715384" lon="-4.308441"><ele>5.3</ele></trkpt>
    <trkpt lat="36.715384" lon="-4.308441"><ele>5.3</ele></trkpt>
    <trkpt lat="36.715435" lon="-4.308477"><ele>5.3</ele></trkpt>
    <trkpt lat="36.715432" lon="-4.308554"><ele>5.5</ele></trkpt>
    <trkpt lat="36.715389" lon="-4.309101"><ele>6.3</ele></trkpt>
    <trkpt lat="36.715385" lon="-4.309182"><ele>6.6</ele></trkpt>
    <trkpt lat="36.715353" lon="-4.309759"><ele>7.5</ele></trkpt>
    <trkpt lat="36.71531" lon="-4.310357"><ele>8.5</ele></trkpt>
    <trkpt lat="36.71529" lon="-4.310766"><ele>8.8</ele></trkpt>
    <trkpt lat="36.715266" lon="-4.311346"><ele>8.7</ele></trkpt>
    <trkpt lat="36.715257" lon="-4.311512"><ele>8.6</ele></trkpt>
    <trkpt lat="36.715253" lon="-4.311592"><ele>8.6</ele></trkpt>
    <trkpt lat="36.715198" lon="-4.312476"><ele>7.9</ele></trkpt>
    <trkpt lat="36.715182" lon="-4.312759"><ele>7.6</ele></trkpt>
    <trkpt lat="36.715135" lon="-4.313375"><ele>7.2</ele></trkpt>
    <trkpt lat="36.715103" lon="-4.313841"><ele>7</ele></trkpt>
    <trkpt lat="36.715089" lon="-4.314228"><ele>6.9</ele></trkpt>
    <trkpt lat="36.715092" lon="-4.314403"><ele>6.9</ele></trkpt>
    <trkpt lat="36.715198" lon="-4.314707"><ele>6.8</ele></trkpt>
    <trkpt lat="36.715243" lon="-4.314927"><ele>6.8</ele></trkpt>
    <trkpt lat="36.715265" lon="-4.31513"><ele>6.8</ele></trkpt>
    <trkpt lat="36.715237" lon="-4.3154"><ele>6.9</ele></trkpt>
    <trkpt lat="36.715112" lon="-4.31573"><ele>7</ele></trkpt>
    <trkpt lat="36.714949" lon="-4.316047"><ele>7.3</ele></trkpt>
    <trkpt lat="36.714833" lon="-4.316246"><ele>7.8</ele></trkpt>
    <trkpt lat="36.71478" lon="-4.316387"><ele>8.3</ele></trkpt>
    <trkpt lat="36.71474" lon="-4.316673"><ele>9.2</ele></trkpt>
    <trkpt lat="36.714765" lon="-4.316843"><ele>9.7</ele></trkpt>
    <trkpt lat="36.714771" lon="-4.316877"><ele>9.8</ele></trkpt>
    <trkpt lat="36.714845" lon="-4.31723"><ele>10.8</ele></trkpt>
    <trkpt lat="36.714928" lon="-4.317422"><ele>11.4</ele></trkpt>
    <trkpt lat="36.714999" lon="-4.317482"><ele>11.6</ele></trkpt>
    <trkpt lat="36.715143" lon="-4.317549"><ele>12</ele></trkpt>
    <trkpt lat="36.715326" lon="-4.317589"><ele>12.2</ele></trkpt>
    <trkpt lat="36.715486" lon="-4.317588"><ele>12.3</ele></trkpt>
    <trkpt lat="36.715615" lon="-4.317526"><ele>12.3</ele></trkpt>
    <trkpt lat="36.715664" lon="-4.317403"><ele>12.2</ele></trkpt>
    <trkpt lat="36.71568" lon="-4.317282"><ele>12.2</ele></trkpt>
    <trkpt lat="36.715598" lon="-4.317122"><ele>12</ele></trkpt>
    <trkpt lat="36.715507" lon="-4.317068"><ele>11.7</ele></trkpt>
    <trkpt lat="36.715368" lon="-4.317053"><ele>11.3</ele></trkpt>
    <trkpt lat="36.715038" lon="-4.317093"><ele>9.5</ele></trkpt>
    <trkpt lat="36.714399" lon="-4.317253"><ele>6.2</ele></trkpt>
    <trkpt lat="36.713736" lon="-4.317619"><ele>3.9</ele></trkpt>
    <trkpt lat="36.713368" lon="-4.3179"><ele>2.9</ele></trkpt>
    <trkpt lat="36.713157" lon="-4.318113"><ele>2.4</ele></trkpt>
    <trkpt lat="36.712988" lon="-4.318342"><ele>2.2</ele></trkpt>
    <trkpt lat="36.712858" lon="-4.318687"><ele>2.1</ele></trkpt>
    <trkpt lat="36.712816" lon="-4.319004"><ele>2</ele></trkpt>
    <trkpt lat="36.712655" lon="-4.321098"><ele>2.1</ele></trkpt>
    <trkpt lat="36.712626" lon="-4.321569"><ele>2.1</ele></trkpt>
    <trkpt lat="36.712615" lon="-4.321877"><ele>2.1</ele></trkpt>
    <trkpt lat="36.712659" lon="-4.322188"><ele>2</ele></trkpt>
    <trkpt lat="36.712659" lon="-4.32219"><ele>2</ele></trkpt>
    <trkpt lat="36.712726" lon="-4.322459"><ele>2</ele></trkpt>
    <trkpt lat="36.713079" lon="-4.323408"><ele>1.8</ele></trkpt>
    <trkpt lat="36.713188" lon="-4.323802"><ele>1.9</ele></trkpt>
    <trkpt lat="36.713241" lon="-4.324214"><ele>2.2</ele></trkpt>
    <trkpt lat="36.713388" lon="-4.326305"><ele>4.5</ele></trkpt>
    <trkpt lat="36.713659" lon="-4.33101"><ele>4.8</ele></trkpt>
    <trkpt lat="36.713713" lon="-4.331484"><ele>5.6</ele></trkpt>
    <trkpt lat="36.713766" lon="-4.332051"><ele>6.8</ele></trkpt>
    <trkpt lat="36.713926" lon="-4.332895"><ele>8.4</ele></trkpt>
    <trkpt lat="36.714043" lon="-4.333087"><ele>8.8</ele></trkpt>
    <trkpt lat="36.714374" lon="-4.333978"><ele>9.9</ele></trkpt>
    <trkpt lat="36.714431" lon="-4.334091"><ele>10</ele></trkpt>
    <trkpt lat="36.714471" lon="-4.334171"><ele>10</ele></trkpt>
    <trkpt lat="36.71465" lon="-4.33442"><ele>10.2</ele></trkpt>
    <trkpt lat="36.714793" lon="-4.334546"><ele>10.3</ele></trkpt>
    <trkpt lat="36.715122" lon="-4.334742"><ele>10.8</ele></trkpt>
    <trkpt lat="36.715234" lon="-4.334882"><ele>11.2</ele></trkpt>
    <trkpt lat="36.715314" lon="-4.335088"><ele>11.6</ele></trkpt>
    <trkpt lat="36.715318" lon="-4.335326"><ele>12</ele></trkpt>
    <trkpt lat="36.715292" lon="-4.335424"><ele>12.2</ele></trkpt>
    <trkpt lat="36.715231" lon="-4.335561"><ele>12.5</ele></trkpt>
    <trkpt lat="36.714966" lon="-4.335894"><ele>13.6</ele></trkpt>
    <trkpt lat="36.714557" lon="-4.336476"><ele>15.9</ele></trkpt>
    <trkpt lat="36.714392" lon="-4.336812"><ele>17.1</ele></trkpt>
    <trkpt lat="36.714221" lon="-4.33728"><ele>17.9</ele></trkpt>
    <trkpt lat="36.71401" lon="-4.337852"><ele>17.7</ele></trkpt>
    <trkpt lat="36.71384" lon="-4.338323"><ele>16.3</ele></trkpt>
    <trkpt lat="36.713681" lon="-4.338878"><ele>13.7</ele></trkpt>
    <trkpt lat="36.713646" lon="-4.338989"><ele>13</ele></trkpt>
    <trkpt lat="36.713543" lon="-4.33953"><ele>9.7</ele></trkpt>
    <trkpt lat="36.7135" lon="-4.34029"><ele>5.9</ele></trkpt>
    <trkpt lat="36.713541" lon="-4.340889"><ele>4.2</ele></trkpt>
    <trkpt lat="36.71361" lon="-4.341382"><ele>3.4</ele></trkpt>
    <trkpt lat="36.713748" lon="-4.34188"><ele>3.2</ele></trkpt>
    <trkpt lat="36.713945" lon="-4.342384"><ele>3.4</ele></trkpt>
    <trkpt lat="36.714187" lon="-4.342796"><ele>3.8</ele></trkpt>
    <trkpt lat="36.714473" lon="-4.343162"><ele>4</ele></trkpt>
    <trkpt lat="36.714851" lon="-4.343581"><ele>4.1</ele></trkpt>
    <trkpt lat="36.715085" lon="-4.344037"><ele>3.9</ele></trkpt>
    <trkpt lat="36.7152" lon="-4.344366"><ele>3.7</ele></trkpt>
    <trkpt lat="36.715266" lon="-4.344676"><ele>3.6</ele></trkpt>
    <trkpt lat="36.715329" lon="-4.345636"><ele>3.9</ele></trkpt>
    <trkpt lat="36.715433" lon="-4.345945"><ele>4.6</ele></trkpt>
    <trkpt lat="36.715603" lon="-4.346191"><ele>5.2</ele></trkpt>
    <trkpt lat="36.716351" lon="-4.34665"><ele>7.5</ele></trkpt>
    <trkpt lat="36.716954" lon="-4.346984"><ele>8.8</ele></trkpt>
    <trkpt lat="36.71699" lon="-4.347025"><ele>8.9</ele></trkpt>
    <trkpt lat="36.717051" lon="-4.347019"><ele>8.9</ele></trkpt>
    <trkpt lat="36.717149" lon="-4.347008"><ele>8.9</ele></trkpt>
    <trkpt lat="36.717579" lon="-4.347079"><ele>8.7</ele></trkpt>
    <trkpt lat="36.717738" lon="-4.34718"><ele>8.6</ele></trkpt>
    <trkpt lat="36.717847" lon="-4.347329"><ele>8.5</ele></trkpt>
    <trkpt lat="36.717915" lon="-4.347536"><ele>8.4</ele></trkpt>
    <trkpt lat="36.717956" lon="-4.347806"><ele>8.3</ele></trkpt>
    <trkpt lat="36.718449" lon="-4.349948"><ele>7.7</ele></trkpt>
    <trkpt lat="36.718531" lon="-4.350128"><ele>7.9</ele></trkpt>
    <trkpt lat="36.718669" lon="-4.350308"><ele>8.1</ele></trkpt>
    <trkpt lat="36.718834" lon="-4.350463"><ele>8.3</ele></trkpt>
    <trkpt lat="36.719107" lon="-4.350643"><ele>8.5</ele></trkpt>
    <trkpt lat="36.719127" lon="-4.350656"><ele>8.5</ele></trkpt>
    <trkpt lat="36.719369" lon="-4.350925"><ele>8.7</ele></trkpt>
    <trkpt lat="36.719399" lon="-4.350982"><ele>8.7</ele></trkpt>
    <trkpt lat="36.71954" lon="-4.351257"><ele>8.8</ele></trkpt>
    <trkpt lat="36.719626" lon="-4.351441"><ele>9</ele></trkpt>
    <trkpt lat="36.719666" lon="-4.351527"><ele>9.1</ele></trkpt>
    <trkpt lat="36.71972" lon="-4.351642"><ele>9.2</ele></trkpt>
    <trkpt lat="36.719819" lon="-4.351845"><ele>9.3</ele></trkpt>
    <trkpt lat="36.719858" lon="-4.351929"><ele>9.3</ele></trkpt>
    <trkpt lat="36.720038" lon="-4.352351"><ele>9.2</ele></trkpt>
    <trkpt lat="36.720109" lon="-4.352579"><ele>9</ele></trkpt>
    <trkpt lat="36.720148" lon="-4.35284"><ele>8.6</ele></trkpt>
    <trkpt lat="36.720171" lon="-4.353163"><ele>8.2</ele></trkpt>
    <trkpt lat="36.720197" lon="-4.353458"><ele>7.9</ele></trkpt>
    <trkpt lat="36.720267" lon="-4.353922"><ele>7.6</ele></trkpt>
    <trkpt lat="36.720325" lon="-4.354329"><ele>7.7</ele></trkpt>
    <trkpt lat="36.720445" lon="-4.35527"><ele>9.3</ele></trkpt>
    <trkpt lat="36.720451" lon="-4.355312"><ele>9.5</ele></trkpt>
    <trkpt lat="36.72052" lon="-4.355753"><ele>10.7</ele></trkpt>
    <trkpt lat="36.720618" lon="-4.356373"><ele>12.6</ele></trkpt>
    <trkpt lat="36.720718" lon="-4.356826"><ele>13.1</ele></trkpt>
    <trkpt lat="36.720818" lon="-4.357283"><ele>12.6</ele></trkpt>
    <trkpt lat="36.720853" lon="-4.357628"><ele>12</ele></trkpt>
    <trkpt lat="36.720898" lon="-4.358077"><ele>11.3</ele></trkpt>
    <trkpt lat="36.720916" lon="-4.358296"><ele>11</ele></trkpt>
    <trkpt lat="36.721018" lon="-4.3592"><ele>10.1</ele></trkpt>
    <trkpt lat="36.721091" lon="-4.359935"><ele>10.8</ele></trkpt>
    <trkpt lat="36.721101" lon="-4.360079"><ele>10.9</ele></trkpt>
    <trkpt lat="36.721117" lon="-4.360466"><ele>11.2</ele></trkpt>
    <trkpt lat="36.721125" lon="-4.360819"><ele>11.3</ele></trkpt>
    <trkpt lat="36.721127" lon="-4.360875"><ele>11.3</ele></trkpt>
    <trkpt lat="36.721143" lon="-4.361329"><ele>11.3</ele></trkpt>
    <trkpt lat="36.721207" lon="-4.36202"><ele>10.9</ele></trkpt>
    <trkpt lat="36.7213" lon="-4.362425"><ele>10.6</ele></trkpt>
    <trkpt lat="36.721464" lon="-4.362934"><ele>10.1</ele></trkpt>
    <trkpt lat="36.721777" lon="-4.363803"><ele>9.9</ele></trkpt>
    <trkpt lat="36.721906" lon="-4.364287"><ele>9.9</ele></trkpt>
    <trkpt lat="36.722031" lon="-4.364854"><ele>9.8</ele></trkpt>
    <trkpt lat="36.722109" lon="-4.365269"><ele>9.6</ele></trkpt>
    <trkpt lat="36.722127" lon="-4.365375"><ele>9.6</ele></trkpt>
    <trkpt lat="36.722208" lon="-4.365856"><ele>9.7</ele></trkpt>
    <trkpt lat="36.722211" lon="-4.36587"><ele>9.7</ele></trkpt>
    <trkpt lat="36.722219" lon="-4.365919"><ele>9.7</ele></trkpt>
    <trkpt lat="36.722268" lon="-4.366273"><ele>9.7</ele></trkpt>
    <trkpt lat="36.722275" lon="-4.36632"><ele>9.7</ele></trkpt>
    <trkpt lat="36.722291" lon="-4.366436"><ele>9.6</ele></trkpt>
    <trkpt lat="36.722349" lon="-4.36685"><ele>9.5</ele></trkpt>
    <trkpt lat="36.722392" lon="-4.367302"><ele>9.2</ele></trkpt>
    <trkpt lat="36.722404" lon="-4.367488"><ele>9.1</ele></trkpt>
    <trkpt lat="36.722405" lon="-4.367821"><ele>9.1</ele></trkpt>
    <trkpt lat="36.722403" lon="-4.367922"><ele>9.1</ele></trkpt>
    <trkpt lat="36.722403" lon="-4.368092"><ele>9.1</ele></trkpt>
    <trkpt lat="36.722402" lon="-4.368271"><ele>9.1</ele></trkpt>
    <trkpt lat="36.722403" lon="-4.369316"><ele>8.3</ele></trkpt>
    <trkpt lat="36.722401" lon="-4.369673"><ele>8</ele></trkpt>
    <trkpt lat="36.722404" lon="-4.369888"><ele>7.9</ele></trkpt>
    <trkpt lat="36.722404" lon="-4.369973"><ele>7.8</ele></trkpt>
    <trkpt lat="36.722406" lon="-4.37022"><ele>7.6</ele></trkpt>
    <trkpt lat="36.722407" lon="-4.370514"><ele>7.2</ele></trkpt>
    <trkpt lat="36.722406" lon="-4.371066"><ele>6.8</ele></trkpt>
    <trkpt lat="36.722406" lon="-4.371253"><ele>6.6</ele></trkpt>
    <trkpt lat="36.722406" lon="-4.371611"><ele>6.4</ele></trkpt>
    <trkpt lat="36.722406" lon="-4.371736"><ele>6.4</ele></trkpt>
    <trkpt lat="36.722405" lon="-4.372513"><ele>6.1</ele></trkpt>
    <trkpt lat="36.722404" lon="-4.372548"><ele>6.1</ele></trkpt>
    <trkpt lat="36.7224" lon="-4.373234"><ele>5.9</ele></trkpt>
    <trkpt lat="36.722399" lon="-4.373438"><ele>5.9</ele></trkpt>
    <trkpt lat="36.722398" lon="-4.373486"><ele>5.9</ele></trkpt>
    <trkpt lat="36.722396" lon="-4.373838"><ele>6</ele></trkpt>
    <trkpt lat="36.722393" lon="-4.374311"><ele>6</ele></trkpt>
    <trkpt lat="36.722382" lon="-4.374759"><ele>6</ele></trkpt>
    <trkpt lat="36.722375" lon="-4.374964"><ele>6</ele></trkpt>
    <trkpt lat="36.722374" lon="-4.375003"><ele>6</ele></trkpt>
    <trkpt lat="36.722342" lon="-4.375971"><ele>6.1</ele></trkpt>
    <trkpt lat="36.72233" lon="-4.376352"><ele>6.2</ele></trkpt>
    <trkpt lat="36.722312" lon="-4.376984"><ele>6.2</ele></trkpt>
    <trkpt lat="36.72225" lon="-4.377696"><ele>6.4</ele></trkpt>
    <trkpt lat="36.722125" lon="-4.378508"><ele>6.7</ele></trkpt>
    <trkpt lat="36.722055" lon="-4.378998"><ele>6.8</ele></trkpt>
    <trkpt lat="36.72204" lon="-4.379094"><ele>6.8</ele></trkpt>
    <trkpt lat="36.721982" lon="-4.379525"><ele>6.6</ele></trkpt>
    <trkpt lat="36.721935" lon="-4.379872"><ele>6.4</ele></trkpt>
    <trkpt lat="36.721862" lon="-4.380357"><ele>6.6</ele></trkpt>
    <trkpt lat="36.721798" lon="-4.380815"><ele>6.9</ele></trkpt>
    <trkpt lat="36.721793" lon="-4.3811"><ele>7</ele></trkpt>
    <trkpt lat="36.721795" lon="-4.381133"><ele>7</ele></trkpt>
    <trkpt lat="36.721801" lon="-4.381214"><ele>7.1</ele></trkpt>
    <trkpt lat="36.721868" lon="-4.381834"><ele>7.1</ele></trkpt>
    <trkpt lat="36.721885" lon="-4.38198"><ele>7.1</ele></trkpt>
    <trkpt lat="36.721981" lon="-4.382676"><ele>7.1</ele></trkpt>
    <trkpt lat="36.721997" lon="-4.382791"><ele>7.1</ele></trkpt>
    <trkpt lat="36.721992" lon="-4.382997"><ele>6.9</ele></trkpt>
    <trkpt lat="36.721989" lon="-4.383119"><ele>6.7</ele></trkpt>
    <trkpt lat="36.721986" lon="-4.383274"><ele>6.4</ele></trkpt>
    <trkpt lat="36.721913" lon="-4.383659"><ele>5.5</ele></trkpt>
    <trkpt lat="36.721865" lon="-4.383913"><ele>5</ele></trkpt>
    <trkpt lat="36.721722" lon="-4.384411"><ele>4</ele></trkpt>
    <trkpt lat="36.721552" lon="-4.384928"><ele>3.5</ele></trkpt>
    <trkpt lat="36.721508" lon="-4.38521"><ele>3.3</ele></trkpt>
    <trkpt lat="36.721458" lon="-4.385458"><ele>3.1</ele></trkpt>
    <trkpt lat="36.721527" lon="-4.386045"><ele>2.9</ele></trkpt>
    <trkpt lat="36.721589" lon="-4.386255"><ele>2.9</ele></trkpt>
    <trkpt lat="36.722016" lon="-4.38723"><ele>2.8</ele></trkpt>
    <trkpt lat="36.722244" lon="-4.38776"><ele>2.4</ele></trkpt>
    <trkpt lat="36.722335" lon="-4.388214"><ele>2.1</ele></trkpt>
    <trkpt lat="36.722347" lon="-4.38837"><ele>2</ele></trkpt>
    <trkpt lat="36.72259" lon="-4.391634"><ele>2.4</ele></trkpt>
    <trkpt lat="36.722679" lon="-4.39192"><ele>2.5</ele></trkpt>
    <trkpt lat="36.722986" lon="-4.392612"><ele>2.4</ele></trkpt>
    <trkpt lat="36.723043" lon="-4.392777"><ele>2.3</ele></trkpt>
    <trkpt lat="36.723071" lon="-4.392886"><ele>2.3</ele></trkpt>
    <trkpt lat="36.723125" lon="-4.393359"><ele>2.2</ele></trkpt>
    <trkpt lat="36.723113" lon="-4.394499"><ele>1.9</ele></trkpt>
    <trkpt lat="36.723112" lon="-4.394538"><ele>1.9</ele></trkpt>
    <trkpt lat="36.72304" lon="-4.395077"><ele>1.8</ele></trkpt>
    <trkpt lat="36.72294" lon="-4.395443"><ele>1.7</ele></trkpt>
    <trkpt lat="36.722577" lon="-4.396445"><ele>1.7</ele></trkpt>
    <trkpt lat="36.722535" lon="-4.396562"><ele>1.6</ele></trkpt>
    <trkpt lat="36.722264" lon="-4.397342"><ele>1.7</ele></trkpt>
    <trkpt lat="36.722208" lon="-4.397531"><ele>1.8</ele></trkpt>
    <trkpt lat="36.721761" lon="-4.399327"><ele>2.4</ele></trkpt>
    <trkpt lat="36.721713" lon="-4.399492"><ele>2.4</ele></trkpt>
    <trkpt lat="36.72167" lon="-4.399649"><ele>2.4</ele></trkpt>
    <trkpt lat="36.721319" lon="-4.400805"><ele>2.4</ele></trkpt>
    <trkpt lat="36.720955" lon="-4.401834"><ele>2.2</ele></trkpt>
    <trkpt lat="36.720908" lon="-4.401965"><ele>2.2</ele></trkpt>
    <trkpt lat="36.720655" lon="-4.402691"><ele>2.5</ele></trkpt>
    <trkpt lat="36.720541" lon="-4.403136"><ele>2.9</ele></trkpt>
    <trkpt lat="36.720508" lon="-4.40366"><ele>3.4</ele></trkpt>
    <trkpt lat="36.720472" lon="-4.404181"><ele>3.8</ele></trkpt>
    <trkpt lat="36.720383" lon="-4.40486"><ele>4.2</ele></trkpt>
    <trkpt lat="36.720314" lon="-4.405148"><ele>4.1</ele></trkpt>
    <trkpt lat="36.720274" lon="-4.405281"><ele>4</ele></trkpt>
    <trkpt lat="36.720217" lon="-4.405458"><ele>3.9</ele></trkpt>
    <trkpt lat="36.720112" lon="-4.405741"><ele>3.7</ele></trkpt>
    <trkpt lat="36.719719" lon="-4.406622"><ele>3.3</ele></trkpt>
    <trkpt lat="36.71944" lon="-4.407235"><ele>3.3</ele></trkpt>
    <trkpt lat="36.719168" lon="-4.407686"><ele>3.6</ele></trkpt>
    <trkpt lat="36.719073" lon="-4.407836"><ele>3.7</ele></trkpt>
    <trkpt lat="36.718764" lon="-4.408313"><ele>4.1</ele></trkpt>
    <trkpt lat="36.718427" lon="-4.40884"><ele>4.9</ele></trkpt>
    <trkpt lat="36.718342" lon="-4.409107"><ele>5.5</ele></trkpt>
    <trkpt lat="36.718309" lon="-4.409315"><ele>6.1</ele></trkpt>
    <trkpt lat="36.718304" lon="-4.409385"><ele>6.2</ele></trkpt>
    <trkpt lat="36.718301" lon="-4.40941"><ele>6.3</ele></trkpt>
    <trkpt lat="36.718354" lon="-4.409838"><ele>7.4</ele></trkpt>
    <trkpt lat="36.718482" lon="-4.410159"><ele>8.3</ele></trkpt>
    <trkpt lat="36.71847" lon="-4.410218"><ele>8.5</ele></trkpt>
    <trkpt lat="36.7185" lon="-4.410264"><ele>8.6</ele></trkpt>
    <trkpt lat="36.718772" lon="-4.410591"><ele>9.6</ele></trkpt>
    <trkpt lat="36.719128" lon="-4.410986"><ele>10.4</ele></trkpt>
    <trkpt lat="36.719229" lon="-4.411114"><ele>10.4</ele></trkpt>
    <trkpt lat="36.719341" lon="-4.411196"><ele>10.4</ele></trkpt>
    <trkpt lat="36.719631" lon="-4.411534"><ele>9.9</ele></trkpt>
    <trkpt lat="36.7198" lon="-4.411733"><ele>9.3</ele></trkpt>
    <trkpt lat="36.719973" lon="-4.412019"><ele>8.6</ele></trkpt>
    <trkpt lat="36.720085" lon="-4.412113"><ele>8.4</ele></trkpt>
    <trkpt lat="36.720242" lon="-4.412193"><ele>8.2</ele></trkpt>
    <trkpt lat="36.720402" lon="-4.412234"><ele>8.1</ele></trkpt>
    <trkpt lat="36.720473" lon="-4.412227"><ele>8</ele></trkpt>
    <trkpt lat="36.720638" lon="-4.412318"><ele>8</ele></trkpt>
    <trkpt lat="36.720692" lon="-4.412413"><ele>7.9</ele></trkpt>
    <trkpt lat="36.720715" lon="-4.412526"><ele>8</ele></trkpt>
    <trkpt lat="36.720705" lon="-4.412642"><ele>8</ele></trkpt>
    <trkpt lat="36.720662" lon="-4.412745"><ele>8</ele></trkpt>
    <trkpt lat="36.720588" lon="-4.412826"><ele>8</ele></trkpt>
    <trkpt lat="36.720465" lon="-4.413054"><ele>8</ele></trkpt>
    <trkpt lat="36.720433" lon="-4.413098"><ele>8</ele></trkpt>
    <trkpt lat="36.72035" lon="-4.413237"><ele>8</ele></trkpt>
    <trkpt lat="36.720191" lon="-4.413515"><ele>8.2</ele></trkpt>
    <trkpt lat="36.720156" lon="-4.413642"><ele>8.3</ele></trkpt>
    <trkpt lat="36.719977" lon="-4.414281"><ele>8.5</ele></trkpt>
    <trkpt lat="36.71991" lon="-4.414516"><ele>8.4</ele></trkpt>
    <trkpt lat="36.719864" lon="-4.414682"><ele>8.3</ele></trkpt>
    <trkpt lat="36.719834" lon="-4.414789"><ele>8.3</ele></trkpt>
    <trkpt lat="36.719521" lon="-4.415908"><ele>7.7</ele></trkpt>
    <trkpt lat="36.719226" lon="-4.416958"><ele>7.4</ele></trkpt>
    <trkpt lat="36.719009" lon="-4.417734"><ele>7</ele></trkpt>
    <trkpt lat="36.718431" lon="-4.419771"><ele>5</ele></trkpt>
    <trkpt lat="36.718055" lon="-4.421115"><ele>8</ele></trkpt>
    <trkpt lat="36.717959" lon="-4.421454"><ele>9.3</ele></trkpt>
    <trkpt lat="36.717651" lon="-4.422551"><ele>12.3</ele></trkpt>
    <trkpt lat="36.71741" lon="-4.423437"><ele>12.6</ele></trkpt>
    <trkpt lat="36.717383" lon="-4.423529"><ele>12.5</ele></trkpt>
    <trkpt lat="36.717078" lon="-4.424598"><ele>9.9</ele></trkpt>
    <trkpt lat="36.717021" lon="-4.424799"><ele>9.3</ele></trkpt>
    <trkpt lat="36.716961" lon="-4.42501"><ele>8.8</ele></trkpt>
    <trkpt lat="36.716923" lon="-4.425527"><ele>7.6</ele></trkpt>
    <trkpt lat="36.716915" lon="-4.4256"><ele>7.5</ele></trkpt>
    <trkpt lat="36.71684" lon="-4.426401"><ele>5.9</ele></trkpt>
    <trkpt lat="36.71683" lon="-4.42676"><ele>5.6</ele></trkpt>
    <trkpt lat="36.716825" lon="-4.427309"><ele>5.4</ele></trkpt>
    <trkpt lat="36.716813" lon="-4.427614"><ele>5.4</ele></trkpt>
    <trkpt lat="36.716814" lon="-4.428071"><ele>5.5</ele></trkpt>
    <trkpt lat="36.716868" lon="-4.428899"><ele>5.2</ele></trkpt>
    <trkpt lat="36.716898" lon="-4.429146"><ele>5.4</ele></trkpt>
    <trkpt lat="36.71697" lon="-4.42952"><ele>5.8</ele></trkpt>
    <trkpt lat="36.716981" lon="-4.429683"><ele>6.1</ele></trkpt>
    <trkpt lat="36.716963" lon="-4.429928"><ele>6.6</ele></trkpt>
    <trkpt lat="36.716956" lon="-4.430248"><ele>7.4</ele></trkpt>
    <trkpt lat="36.716957" lon="-4.430289"><ele>7.4</ele></trkpt>
    <trkpt lat="36.717026" lon="-4.431397"><ele>9.3</ele></trkpt>
    <trkpt lat="36.717119" lon="-4.432743"><ele>9.3</ele></trkpt>
    <trkpt lat="36.717206" lon="-4.433881"><ele>8.6</ele></trkpt>
    <trkpt lat="36.717249" lon="-4.435317"><ele>9.2</ele></trkpt>
    <trkpt lat="36.717219" lon="-4.436152"><ele>10</ele></trkpt>
    <trkpt lat="36.717151" lon="-4.436896"><ele>10.7</ele></trkpt>
    <trkpt lat="36.716926" lon="-4.438513"><ele>13.2</ele></trkpt>
    <trkpt lat="36.716915" lon="-4.438574"><ele>13.3</ele></trkpt>
    <trkpt lat="36.716699" lon="-4.439766"><ele>15.5</ele></trkpt>
    <trkpt lat="36.716627" lon="-4.440153"><ele>16.3</ele></trkpt>
    <trkpt lat="36.7166" lon="-4.440299"><ele>16.5</ele></trkpt>
    <trkpt lat="36.716312" lon="-4.441828"><ele>19.6</ele></trkpt>
    <trkpt lat="36.716123" lon="-4.442832"><ele>21.3</ele></trkpt>
    <trkpt lat="36.716069" lon="-4.443118"><ele>21.7</ele></trkpt>
    <trkpt lat="36.716021" lon="-4.443378"><ele>22</ele></trkpt>
    <trkpt lat="36.715675" lon="-4.445259"><ele>23</ele></trkpt>
    <trkpt lat="36.715627" lon="-4.445524"><ele>23.1</ele></trkpt>
    <trkpt lat="36.715583" lon="-4.445764"><ele>23.2</ele></trkpt>
    <trkpt lat="36.715237" lon="-4.44766"><ele>23.7</ele></trkpt>
    <trkpt lat="36.715199" lon="-4.447875"><ele>23.7</ele></trkpt>
    <trkpt lat="36.715072" lon="-4.448585"><ele>23.7</ele></trkpt>
    <trkpt lat="36.715072" lon="-4.448585"><ele>23.7</ele></trkpt>
    <trkpt lat="36.71493" lon="-4.449356"><ele>23.8</ele></trkpt>
    <trkpt lat="36.714766" lon="-4.450107"><ele>23.9</ele></trkpt>
    <trkpt lat="36.714603" lon="-4.450858"><ele>24.1</ele></trkpt>
    <trkpt lat="36.714603" lon="-4.450858"><ele>24.1</ele></trkpt>
    <trkpt lat="36.714359" lon="-4.451873"><ele>24.3</ele></trkpt>
    <trkpt lat="36.714115" lon="-4.452888"><ele>25.4</ele></trkpt>
    <trkpt lat="36.714115" lon="-4.452888"><ele>25.3</ele></trkpt>
    <trkpt lat="36.714115" lon="-4.452888"><ele>25.3</ele></trkpt>
    <trkpt lat="36.713909" lon="-4.453821"><ele>26.5</ele></trkpt>
    <trkpt lat="36.713704" lon="-4.454754"><ele>27.3</ele></trkpt>
    <trkpt lat="36.713498" lon="-4.455686"><ele>27.3</ele></trkpt>
    <trkpt lat="36.713333" lon="-4.456603"><ele>27.2</ele></trkpt>
    <trkpt lat="36.713167" lon="-4.45752"><ele>27.7</ele></trkpt>
    <trkpt lat="36.713002" lon="-4.458437"><ele>29.1</ele></trkpt>
    <trkpt lat="36.712837" lon="-4.459354"><ele>30.6</ele></trkpt>
    <trkpt lat="36.712729" lon="-4.460039"><ele>31.8</ele></trkpt>
    <trkpt lat="36.712622" lon="-4.460723"><ele>32.5</ele></trkpt>
    <trkpt lat="36.712539" lon="-4.461692"><ele>33.3</ele></trkpt>
    <trkpt lat="36.712628" lon="-4.462763"><ele>33.9</ele></trkpt>
    <trkpt lat="36.712716" lon="-4.463834"><ele>34.7</ele></trkpt>
    <trkpt lat="36.712805" lon="-4.464906"><ele>35</ele></trkpt>
    <trkpt lat="36.712893" lon="-4.465977"><ele>35.3</ele></trkpt>
    <trkpt lat="36.712982" lon="-4.467049"><ele>36.6</ele></trkpt>
    <trkpt lat="36.712982" lon="-4.467049"><ele>36.6</ele></trkpt>
    <trkpt lat="36.713083" lon="-4.468082"><ele>39</ele></trkpt>
    <trkpt lat="36.713184" lon="-4.469115"><ele>41.4</ele></trkpt>
    <trkpt lat="36.713283" lon="-4.470113"><ele>42.3</ele></trkpt>
    <trkpt lat="36.713382" lon="-4.471111"><ele>41.2</ele></trkpt>
    <trkpt lat="36.71348" lon="-4.472109"><ele>39.2</ele></trkpt>
    <trkpt lat="36.713548" lon="-4.472896"><ele>37.5</ele></trkpt>
    <trkpt lat="36.713617" lon="-4.473682"><ele>36.4</ele></trkpt>
    <trkpt lat="36.713685" lon="-4.474469"><ele>35.6</ele></trkpt>
    <trkpt lat="36.713754" lon="-4.475218"><ele>35.3</ele></trkpt>
    <trkpt lat="36.713824" lon="-4.475966"><ele>35.3</ele></trkpt>
    <trkpt lat="36.713893" lon="-4.476715"><ele>35.6</ele></trkpt>
    <trkpt lat="36.713958" lon="-4.477444"><ele>35.8</ele></trkpt>
    <trkpt lat="36.714023" lon="-4.478174"><ele>36.1</ele></trkpt>
    <trkpt lat="36.714047" lon="-4.479085"><ele>36.4</ele></trkpt>
    <trkpt lat="36.714072" lon="-4.479995"><ele>37.3</ele></trkpt>
    <trkpt lat="36.714079" lon="-4.480764"><ele>38.6</ele></trkpt>
    <trkpt lat="36.714086" lon="-4.481532"><ele>40.3</ele></trkpt>
    <trkpt lat="36.714084" lon="-4.482482"><ele>42.9</ele></trkpt>
    <trkpt lat="36.714083" lon="-4.483433"><ele>45.7</ele></trkpt>
    <trkpt lat="36.714082" lon="-4.484321"><ele>48.2</ele></trkpt>
    <trkpt lat="36.71408" lon="-4.485209"><ele>51.2</ele></trkpt>
    <trkpt lat="36.714078" lon="-4.486097"><ele>54</ele></trkpt>
    <trkpt lat="36.714077" lon="-4.486985"><ele>55.4</ele></trkpt>
    <trkpt lat="36.714078" lon="-4.487928"><ele>54</ele></trkpt>
    <trkpt lat="36.714078" lon="-4.48887"><ele>50.2</ele></trkpt>
    <trkpt lat="36.714079" lon="-4.489813"><ele>45.6</ele></trkpt>
    <trkpt lat="36.714079" lon="-4.490755"><ele>42.3</ele></trkpt>
    <trkpt lat="36.71408" lon="-4.491698"><ele>41</ele></trkpt>
    <trkpt lat="36.71408" lon="-4.491698"><ele>41</ele></trkpt>
    <trkpt lat="36.714012" lon="-4.492812"><ele>40.4</ele></trkpt>
    <trkpt lat="36.713945" lon="-4.493926"><ele>39</ele></trkpt>
    <trkpt lat="36.713877" lon="-4.49504"><ele>36.8</ele></trkpt>
    <trkpt lat="36.713809" lon="-4.496155"><ele>34.6</ele></trkpt>
    <trkpt lat="36.713742" lon="-4.497269"><ele>32.3</ele></trkpt>
    <trkpt lat="36.713674" lon="-4.498383"><ele>30.6</ele></trkpt>
    <trkpt lat="36.713606" lon="-4.499497"><ele>30.3</ele></trkpt>
    <trkpt lat="36.713522" lon="-4.500571"><ele>30.1</ele></trkpt>
    <trkpt lat="36.713437" lon="-4.501644"><ele>29</ele></trkpt>
    <trkpt lat="36.713352" lon="-4.502717"><ele>26.9</ele></trkpt>
    <trkpt lat="36.713268" lon="-4.50379"><ele>25.7</ele></trkpt>
    <trkpt lat="36.713183" lon="-4.504863"><ele>26.2</ele></trkpt>
    <trkpt lat="36.713098" lon="-4.505936"><ele>28.3</ele></trkpt>
    <trkpt lat="36.712879" lon="-4.506966"><ele>30</ele></trkpt>
    <trkpt lat="36.71266" lon="-4.507996"><ele>29.2</ele></trkpt>
    <trkpt lat="36.712441" lon="-4.509026"><ele>26.4</ele></trkpt>
    <trkpt lat="36.712223" lon="-4.510056"><ele>23.6</ele></trkpt>
    <trkpt lat="36.712004" lon="-4.511086"><ele>21.8</ele></trkpt>
    <trkpt lat="36.711785" lon="-4.512116"><ele>20.4</ele></trkpt>
    <trkpt lat="36.711572" lon="-4.513132"><ele>19.5</ele></trkpt>
    <trkpt lat="36.711359" lon="-4.514149"><ele>19.4</ele></trkpt>
    <trkpt lat="36.711146" lon="-4.515165"><ele>20.4</ele></trkpt>
    <trkpt lat="36.711069" lon="-4.51593"><ele>21.1</ele></trkpt>
    <trkpt lat="36.710992" lon="-4.516694"><ele>21.5</ele></trkpt>
    <trkpt lat="36.710915" lon="-4.517459"><ele>21.9</ele></trkpt>
    <trkpt lat="36.710957" lon="-4.518395"><ele>22.3</ele></trkpt>
    <trkpt lat="36.710999" lon="-4.519331"><ele>23.2</ele></trkpt>
    <trkpt lat="36.711157" lon="-4.520305"><ele>23.7</ele></trkpt>
    <trkpt lat="36.711315" lon="-4.521279"><ele>24.5</ele></trkpt>
    <trkpt lat="36.711473" lon="-4.522253"><ele>24.3</ele></trkpt>
    <trkpt lat="36.71163" lon="-4.523227"><ele>23.4</ele></trkpt>
    <trkpt lat="36.711534" lon="-4.524288"><ele>21.7</ele></trkpt>
    <trkpt lat="36.711438" lon="-4.525349"><ele>20.6</ele></trkpt>
    <trkpt lat="36.711341" lon="-4.52641"><ele>20.1</ele></trkpt>
    <trkpt lat="36.711244" lon="-4.527472"><ele>20.5</ele></trkpt>
    <trkpt lat="36.711148" lon="-4.528533"><ele>21.2</ele></trkpt>
    <trkpt lat="36.711051" lon="-4.529594"><ele>21.1</ele></trkpt>
    <trkpt lat="36.710955" lon="-4.530655"><ele>19.6</ele></trkpt>
    <trkpt lat="36.710859" lon="-4.531716"><ele>18.4</ele></trkpt>
    <trkpt lat="36.710899" lon="-4.532788"><ele>18.1</ele></trkpt>
    <trkpt lat="36.710938" lon="-4.53386"><ele>18.3</ele></trkpt>
    <trkpt lat="36.711062" lon="-4.534777"><ele>18.2</ele></trkpt>
    <trkpt lat="36.711185" lon="-4.535694"><ele>18.1</ele></trkpt>
    <trkpt lat="36.711309" lon="-4.536611"><ele>18.1</ele></trkpt>
    <trkpt lat="36.711556" lon="-4.537578"><ele>18.3</ele></trkpt>
    <trkpt lat="36.711804" lon="-4.538545"><ele>18.5</ele></trkpt>
    <trkpt lat="36.712063" lon="-4.539589"><ele>18.6</ele></trkpt>
    <trkpt lat="36.712322" lon="-4.540633"><ele>18.6</ele></trkpt>
    <trkpt lat="36.712582" lon="-4.541677"><ele>19.3</ele></trkpt>
    <trkpt lat="36.712841" lon="-4.542721"><ele>21.3</ele></trkpt>
    <trkpt lat="36.713101" lon="-4.543765"><ele>24.3</ele></trkpt>
    <trkpt lat="36.71336" lon="-4.544809"><ele>27.3</ele></trkpt>
    <trkpt lat="36.71362" lon="-4.545853"><ele>29.1</ele></trkpt>
    <trkpt lat="36.713879" lon="-4.546897"><ele>29.8</ele></trkpt>
    <trkpt lat="36.714139" lon="-4.547941"><ele>29.9</ele></trkpt>
    <trkpt lat="36.714398" lon="-4.548985"><ele>29.2</ele></trkpt>
    <trkpt lat="36.714658" lon="-4.550029"><ele>27.2</ele></trkpt>
    <trkpt lat="36.714917" lon="-4.551073"><ele>25.2</ele></trkpt>
    <trkpt lat="36.715176" lon="-4.552117"><ele>23.5</ele></trkpt>
    <trkpt lat="36.715424" lon="-4.553024"><ele>22.1</ele></trkpt>
    <trkpt lat="36.715672" lon="-4.553931"><ele>20.5</ele></trkpt>
    <trkpt lat="36.715921" lon="-4.554839"><ele>19.5</ele></trkpt>
    <trkpt lat="36.716169" lon="-4.555746"><ele>19.7</ele></trkpt>
    <trkpt lat="36.716417" lon="-4.556653"><ele>21.3</ele></trkpt>
    <trkpt lat="36.716804" lon="-4.557604"><ele>24.6</ele></trkpt>
    <trkpt lat="36.717191" lon="-4.558554"><ele>29.2</ele></trkpt>
    <trkpt lat="36.717579" lon="-4.559505"><ele>33.4</ele></trkpt>
    <trkpt lat="36.717966" lon="-4.560456"><ele>35.5</ele></trkpt>
    <trkpt lat="36.71816" lon="-4.561274"><ele>36.2</ele></trkpt>
    <trkpt lat="36.718354" lon="-4.562093"><ele>37.2</ele></trkpt>
    <trkpt lat="36.718548" lon="-4.562912"><ele>39.2</ele></trkpt>
    <trkpt lat="36.718678" lon="-4.564009"><ele>42</ele></trkpt>
    <trkpt lat="36.718809" lon="-4.565107"><ele>42.7</ele></trkpt>
    <trkpt lat="36.71894" lon="-4.566204"><ele>41</ele></trkpt>
    <trkpt lat="36.71907" lon="-4.567302"><ele>39.6</ele></trkpt>
    <trkpt lat="36.7193" lon="-4.568289"><ele>38.6</ele></trkpt>
    <trkpt lat="36.719529" lon="-4.569275"><ele>37.5</ele></trkpt>
    <trkpt lat="36.719848" lon="-4.570168"><ele>34.5</ele></trkpt>
    <trkpt lat="36.720168" lon="-4.571061"><ele>29.9</ele></trkpt>
    <trkpt lat="36.720487" lon="-4.571954"><ele>25.4</ele></trkpt>
    <trkpt lat="36.720806" lon="-4.572847"><ele>22.4</ele></trkpt>
    <trkpt lat="36.721054" lon="-4.573636"><ele>21.9</ele></trkpt>
    <trkpt lat="36.721303" lon="-4.574424"><ele>22.1</ele></trkpt>
    <trkpt lat="36.721357" lon="-4.57517"><ele>22.5</ele></trkpt>
    <trkpt lat="36.721411" lon="-4.575916"><ele>23.1</ele></trkpt>
    <trkpt lat="36.721404" lon="-4.576796"><ele>24.1</ele></trkpt>
    <trkpt lat="36.721397" lon="-4.577677"><ele>25.1</ele></trkpt>
    <trkpt lat="36.721264" lon="-4.578375"><ele>25.4</ele></trkpt>
    <trkpt lat="36.721131" lon="-4.579073"><ele>25.1</ele></trkpt>
    <trkpt lat="36.720922" lon="-4.580135"><ele>24.1</ele></trkpt>
    <trkpt lat="36.720713" lon="-4.581197"><ele>22.9</ele></trkpt>
    <trkpt lat="36.720504" lon="-4.58226"><ele>21.3</ele></trkpt>
    <trkpt lat="36.720295" lon="-4.583322"><ele>20.3</ele></trkpt>
    <trkpt lat="36.720086" lon="-4.584385"><ele>20.3</ele></trkpt>
    <trkpt lat="36.719877" lon="-4.585447"><ele>21.1</ele></trkpt>
    <trkpt lat="36.719668" lon="-4.586509"><ele>21.4</ele></trkpt>
    <trkpt lat="36.719459" lon="-4.587572"><ele>22.2</ele></trkpt>
    <trkpt lat="36.71925" lon="-4.588634"><ele>23.5</ele></trkpt>
    <trkpt lat="36.719041" lon="-4.589696"><ele>25.6</ele></trkpt>
    <trkpt lat="36.71895" lon="-4.590616"><ele>28</ele></trkpt>
    <trkpt lat="36.718859" lon="-4.591537"><ele>29.7</ele></trkpt>
    <trkpt lat="36.718958" lon="-4.592044"><ele>30.2</ele></trkpt>
    <trkpt lat="36.719159" lon="-4.592264"><ele>30.5</ele></trkpt>
    <trkpt lat="36.719304" lon="-4.592402"><ele>30.6</ele></trkpt>
    <trkpt lat="36.719442" lon="-4.592551"><ele>30.8</ele></trkpt>
    <trkpt lat="36.719442" lon="-4.592551"><ele>30.8</ele></trkpt>
    <trkpt lat="36.719671" lon="-4.593064"><ele>31.3</ele></trkpt>
    <trkpt lat="36.719762" lon="-4.593517"><ele>31.9</ele></trkpt>
    <trkpt lat="36.719873" lon="-4.594067"><ele>33.1</ele></trkpt>
    <trkpt lat="36.719902" lon="-4.594411"><ele>33.8</ele></trkpt>
    <trkpt lat="36.719893" lon="-4.594684"><ele>34.4</ele></trkpt>
    <trkpt lat="36.719893" lon="-4.594697"><ele>34.4</ele></trkpt>
    <trkpt lat="36.719726" lon="-4.596295"><ele>36.7</ele></trkpt>
    <trkpt lat="36.719676" lon="-4.59698"><ele>36.9</ele></trkpt>
    <trkpt lat="36.719673" lon="-4.597016"><ele>36.9</ele></trkpt>
    <trkpt lat="36.719652" lon="-4.598596"><ele>36.9</ele></trkpt>
    <trkpt lat="36.719619" lon="-4.599141"><ele>37.6</ele></trkpt>
    <trkpt lat="36.719611" lon="-4.599869"><ele>38.8</ele></trkpt>
    <trkpt lat="36.719638" lon="-4.600217"><ele>39.6</ele></trkpt>
    <trkpt lat="36.719645" lon="-4.600312"><ele>39.8</ele></trkpt>
    <trkpt lat="36.719761" lon="-4.601009"><ele>41.9</ele></trkpt>
    <trkpt lat="36.719821" lon="-4.601312"><ele>42.7</ele></trkpt>
    <trkpt lat="36.720013" lon="-4.602275"><ele>45.5</ele></trkpt>
    <trkpt lat="36.720433" lon="-4.604392"><ele>52.7</ele></trkpt>
    <trkpt lat="36.720485" lon="-4.604671"><ele>53.6</ele></trkpt>
    <trkpt lat="36.720712" lon="-4.605909"><ele>57.8</ele></trkpt>
    <trkpt lat="36.720776" lon="-4.606464"><ele>59.3</ele></trkpt>
    <trkpt lat="36.720781" lon="-4.606754"><ele>59.9</ele></trkpt>
    <trkpt lat="36.720786" lon="-4.607006"><ele>60.5</ele></trkpt>
    <trkpt lat="36.720729" lon="-4.608549"><ele>61.6</ele></trkpt>
    <trkpt lat="36.720743" lon="-4.60863"><ele>61.5</ele></trkpt>
    <trkpt lat="36.720798" lon="-4.608966"><ele>61.1</ele></trkpt>
    <trkpt lat="36.720869" lon="-4.60907"><ele>60.8</ele></trkpt>
    <trkpt lat="36.720863" lon="-4.609163"><ele>60.7</ele></trkpt>
    <trkpt lat="36.720903" lon="-4.609354"><ele>60.3</ele></trkpt>
    <trkpt lat="36.720906" lon="-4.609366"><ele>60.3</ele></trkpt>
    <trkpt lat="36.721017" lon="-4.609596"><ele>59.6</ele></trkpt>
    <trkpt lat="36.721156" lon="-4.609712"><ele>59.1</ele></trkpt>
    <trkpt lat="36.72132" lon="-4.609798"><ele>58.4</ele></trkpt>
    <trkpt lat="36.721715" lon="-4.609894"><ele>56.8</ele></trkpt>
    <trkpt lat="36.721792" lon="-4.609902"><ele>56.5</ele></trkpt>
    <trkpt lat="36.722669" lon="-4.609992"><ele>53.2</ele></trkpt>
    <trkpt lat="36.722855" lon="-4.610065"><ele>52.5</ele></trkpt>
    <trkpt lat="36.723043" lon="-4.610177"><ele>51.7</ele></trkpt>
    <trkpt lat="36.723168" lon="-4.6103"><ele>51.1</ele></trkpt>
    <trkpt lat="36.723308" lon="-4.610507"><ele>50.3</ele></trkpt>
    <trkpt lat="36.723385" lon="-4.610718"><ele>49.6</ele></trkpt>
    <trkpt lat="36.723427" lon="-4.610938"><ele>48.9</ele></trkpt>
    <trkpt lat="36.723431" lon="-4.611161"><ele>48.3</ele></trkpt>
    <trkpt lat="36.723403" lon="-4.611406"><ele>47.5</ele></trkpt>
    <trkpt lat="36.72305" lon="-4.613131"><ele>40.6</ele></trkpt>
    <trkpt lat="36.722948" lon="-4.614023"><ele>36.8</ele></trkpt>
    <trkpt lat="36.722877" lon="-4.614643"><ele>34.8</ele></trkpt>
    <trkpt lat="36.722894" lon="-4.614798"><ele>34.4</ele></trkpt>
    <trkpt lat="36.722968" lon="-4.614982"><ele>34</ele></trkpt>
    <trkpt lat="36.723001" lon="-4.615045"><ele>33.9</ele></trkpt>
    <trkpt lat="36.723016" lon="-4.615182"><ele>33.6</ele></trkpt>
    <trkpt lat="36.722968" lon="-4.615306"><ele>33.5</ele></trkpt>
    <trkpt lat="36.722918" lon="-4.615355"><ele>33.4</ele></trkpt>
    <trkpt lat="36.722794" lon="-4.615381"><ele>33.2</ele></trkpt>
    <trkpt lat="36.722684" lon="-4.615306"><ele>33.1</ele></trkpt>
    <trkpt lat="36.722517" lon="-4.615325"><ele>33.1</ele></trkpt>
    <trkpt lat="36.722403" lon="-4.615413"><ele>33.1</ele></trkpt>
    <trkpt lat="36.721479" lon="-4.616567"><ele>34.3</ele></trkpt>
    <trkpt lat="36.721359" lon="-4.616811"><ele>34.6</ele></trkpt>
    <trkpt lat="36.72136" lon="-4.616872"><ele>34.7</ele></trkpt>
    <trkpt lat="36.721343" lon="-4.616943"><ele>34.8</ele></trkpt>
    <trkpt lat="36.721259" lon="-4.617043"><ele>34.9</ele></trkpt>
    <trkpt lat="36.721161" lon="-4.617058"><ele>35.1</ele></trkpt>
    <trkpt lat="36.721079" lon="-4.617088"><ele>35.2</ele></trkpt>
    <trkpt lat="36.720978" lon="-4.61718"><ele>35.4</ele></trkpt>
    <trkpt lat="36.71925" lon="-4.619336"><ele>40.1</ele></trkpt>
    <trkpt lat="36.719066" lon="-4.619584"><ele>40.9</ele></trkpt>
    <trkpt lat="36.718682" lon="-4.620165"><ele>43.8</ele></trkpt>
    <trkpt lat="36.718608" lon="-4.620332"><ele>44.6</ele></trkpt>
    <trkpt lat="36.718595" lon="-4.620472"><ele>45.2</ele></trkpt>
    <trkpt lat="36.718617" lon="-4.62054"><ele>45.5</ele></trkpt>
    <trkpt lat="36.718601" lon="-4.620684"><ele>46.1</ele></trkpt>
    <trkpt lat="36.718566" lon="-4.620742"><ele>46.5</ele></trkpt>
    <trkpt lat="36.718516" lon="-4.620782"><ele>46.8</ele></trkpt>
    <trkpt lat="36.718401" lon="-4.620791"><ele>47.4</ele></trkpt>
    <trkpt lat="36.718268" lon="-4.620855"><ele>48.1</ele></trkpt>
    <trkpt lat="36.718161" lon="-4.62095"><ele>48.8</ele></trkpt>
    <trkpt lat="36.717372" lon="-4.622139"><ele>54.2</ele></trkpt>
    <trkpt lat="36.717406" lon="-4.622232"><ele>54.5</ele></trkpt>
    <trkpt lat="36.717367" lon="-4.622375"><ele>55</ele></trkpt>
    <trkpt lat="36.717279" lon="-4.622425"><ele>55.3</ele></trkpt>
    <trkpt lat="36.717159" lon="-4.622506"><ele>55.8</ele></trkpt>
    <trkpt lat="36.717051" lon="-4.622654"><ele>56.5</ele></trkpt>
    <trkpt lat="36.71585" lon="-4.624533"><ele>66.6</ele></trkpt>
    <trkpt lat="36.714673" lon="-4.626363"><ele>79.7</ele></trkpt>
    <trkpt lat="36.714646" lon="-4.626469"><ele>80.2</ele></trkpt>
    <trkpt lat="36.714649" lon="-4.626581"><ele>80.7</ele></trkpt>
    <trkpt lat="36.714652" lon="-4.626617"><ele>80.8</ele></trkpt>
    <trkpt lat="36.714643" lon="-4.626673"><ele>81.1</ele></trkpt>
    <trkpt lat="36.714585" lon="-4.626757"><ele>81.5</ele></trkpt>
    <trkpt lat="36.714542" lon="-4.626775"><ele>81.7</ele></trkpt>
    <trkpt lat="36.714513" lon="-4.626777"><ele>81.9</ele></trkpt>
    <trkpt lat="36.714415" lon="-4.626821"><ele>82.4</ele></trkpt>
    <trkpt lat="36.714336" lon="-4.626906"><ele>82.9</ele></trkpt>
    <trkpt lat="36.714217" lon="-4.627049"><ele>83.6</ele></trkpt>
    <trkpt lat="36.713705" lon="-4.627441"><ele>85.4</ele></trkpt>
    <trkpt lat="36.713456" lon="-4.627648"><ele>86</ele></trkpt>
    <trkpt lat="36.713303" lon="-4.62784"><ele>86.2</ele></trkpt>
    <trkpt lat="36.713248" lon="-4.627972"><ele>86.2</ele></trkpt>
    <trkpt lat="36.713223" lon="-4.628101"><ele>86.3</ele></trkpt>
    <trkpt lat="36.713219" lon="-4.628282"><ele>86.3</ele></trkpt>
    <trkpt lat="36.713427" lon="-4.62925"><ele>86.9</ele></trkpt>
    <trkpt lat="36.7134" lon="-4.629525"><ele>86.9</ele></trkpt>
    <trkpt lat="36.713332" lon="-4.629685"><ele>87</ele></trkpt>
    <trkpt lat="36.713273" lon="-4.629756"><ele>87</ele></trkpt>
    <trkpt lat="36.713128" lon="-4.629921"><ele>87</ele></trkpt>
    <trkpt lat="36.713099" lon="-4.629978"><ele>87</ele></trkpt>
    <trkpt lat="36.712992" lon="-4.630243"><ele>87</ele></trkpt>
    <trkpt lat="36.712855" lon="-4.630968"><ele>88</ele></trkpt>
    <trkpt lat="36.712801" lon="-4.631129"><ele>88.1</ele></trkpt>
    <trkpt lat="36.71265" lon="-4.631368"><ele>88</ele></trkpt>
    <trkpt lat="36.712416" lon="-4.631561"><ele>87.5</ele></trkpt>
    <trkpt lat="36.712324" lon="-4.631638"><ele>87.3</ele></trkpt>
    <trkpt lat="36.71213" lon="-4.631868"><ele>86.7</ele></trkpt>
    <trkpt lat="36.71207" lon="-4.632238"><ele>86.1</ele></trkpt>
    <trkpt lat="36.711994" lon="-4.63271"><ele>85.2</ele></trkpt>
    <trkpt lat="36.71196" lon="-4.632812"><ele>84.9</ele></trkpt>
    <trkpt lat="36.711941" lon="-4.632872"><ele>84.7</ele></trkpt>
    <trkpt lat="36.711647" lon="-4.633385"><ele>82.1</ele></trkpt>
    <trkpt lat="36.711558" lon="-4.633652"><ele>81.1</ele></trkpt>
    <trkpt lat="36.711479" lon="-4.634066"><ele>79.8</ele></trkpt>
    <trkpt lat="36.71145" lon="-4.634431"><ele>78.8</ele></trkpt>
    <trkpt lat="36.711438" lon="-4.635303"><ele>76.6</ele></trkpt>
    <trkpt lat="36.711528" lon="-4.635704"><ele>75.8</ele></trkpt>
    <trkpt lat="36.711841" lon="-4.636372"><ele>74.3</ele></trkpt>
    <trkpt lat="36.711908" lon="-4.63656"><ele>73.8</ele></trkpt>
    <trkpt lat="36.711956" lon="-4.636761"><ele>73.1</ele></trkpt>
    <trkpt lat="36.712074" lon="-4.637257"><ele>71.1</ele></trkpt>
    <trkpt lat="36.712379" lon="-4.63842"><ele>65.4</ele></trkpt>
    <trkpt lat="36.712402" lon="-4.638587"><ele>64.6</ele></trkpt>
    <trkpt lat="36.712384" lon="-4.638941"><ele>62.7</ele></trkpt>
    <trkpt lat="36.712328" lon="-4.639235"><ele>61.3</ele></trkpt>
    <trkpt lat="36.712058" lon="-4.640713"><ele>55.6</ele></trkpt>
    <trkpt lat="36.712022" lon="-4.641078"><ele>54.4</ele></trkpt>
    <trkpt lat="36.712056" lon="-4.641453"><ele>53.3</ele></trkpt>
    <trkpt lat="36.712187" lon="-4.641921"><ele>51.8</ele></trkpt>
    <trkpt lat="36.71223" lon="-4.641998"><ele>51.5</ele></trkpt>
    <trkpt lat="36.71223" lon="-4.641998"><ele>51.6</ele></trkpt>
    <trkpt lat="36.71223" lon="-4.641998"><ele>51.6</ele></trkpt>
    <trkpt lat="36.712186" lon="-4.642322"><ele>50.6</ele></trkpt>
    <trkpt lat="36.712186" lon="-4.642322"><ele>50.6</ele></trkpt>
    <trkpt lat="36.712035" lon="-4.642638"><ele>49.5</ele></trkpt>
    <trkpt lat="36.711348" lon="-4.643546"><ele>46.5</ele></trkpt>
    <trkpt lat="36.71135" lon="-4.643588"><ele>46.4</ele></trkpt>
    <trkpt lat="36.711309" lon="-4.643591"><ele>46.3</ele></trkpt>
    <trkpt lat="36.710505" lon="-4.644645"><ele>45.1</ele></trkpt>
    <trkpt lat="36.709961" lon="-4.645468"><ele>45.9</ele></trkpt>
    <trkpt lat="36.709136" lon="-4.647256"><ele>48.3</ele></trkpt>
    <trkpt lat="36.70902" lon="-4.647555"><ele>48.6</ele></trkpt>
    <trkpt lat="36.708415" lon="-4.649438"><ele>49.9</ele></trkpt>
    <trkpt lat="36.708216" lon="-4.65"><ele>50.6</ele></trkpt>
    <trkpt lat="36.707866" lon="-4.650469"><ele>51.4</ele></trkpt>
    <trkpt lat="36.707639" lon="-4.650776"><ele>52.1</ele></trkpt>
    <trkpt lat="36.707238" lon="-4.651247"><ele>53</ele></trkpt>
    <trkpt lat="36.704999" lon="-4.65333"><ele>57.3</ele></trkpt>
    <trkpt lat="36.704869" lon="-4.653536"><ele>57.4</ele></trkpt>
    <trkpt lat="36.704825" lon="-4.653717"><ele>57.5</ele></trkpt>
    <trkpt lat="36.704822" lon="-4.653994"><ele>57.7</ele></trkpt>
    <trkpt lat="36.704899" lon="-4.655687"><ele>58.8</ele></trkpt>
    <trkpt lat="36.705276" lon="-4.657123"><ele>62.2</ele></trkpt>
    <trkpt lat="36.705329" lon="-4.657631"><ele>64.1</ele></trkpt>
    <trkpt lat="36.705251" lon="-4.658317"><ele>66.9</ele></trkpt>
    <trkpt lat="36.705227" lon="-4.65853"><ele>67.8</ele></trkpt>
    <trkpt lat="36.705089" lon="-4.659053"><ele>69.7</ele></trkpt>
    <trkpt lat="36.704749" lon="-4.659726"><ele>71.6</ele></trkpt>
    <trkpt lat="36.704493" lon="-4.660687"><ele>72.1</ele></trkpt>
    <trkpt lat="36.704433" lon="-4.660911"><ele>72.1</ele></trkpt>
    <trkpt lat="36.70422" lon="-4.66171"><ele>71.6</ele></trkpt>
    <trkpt lat="36.704094" lon="-4.661944"><ele>71.4</ele></trkpt>
    <trkpt lat="36.704037" lon="-4.662051"><ele>71.3</ele></trkpt>
    <trkpt lat="36.703219" lon="-4.662533"><ele>71.2</ele></trkpt>
    <trkpt lat="36.703117" lon="-4.662632"><ele>71.3</ele></trkpt>
    <trkpt lat="36.702984" lon="-4.66276"><ele>71.4</ele></trkpt>
    <trkpt lat="36.702217" lon="-4.664252"><ele>73.9</ele></trkpt>
    <trkpt lat="36.701937" lon="-4.664796"><ele>73.9</ele></trkpt>
    <trkpt lat="36.701818" lon="-4.665231"><ele>73.2</ele></trkpt>
    <trkpt lat="36.70183" lon="-4.665335"><ele>73</ele></trkpt>
    <trkpt lat="36.701893" lon="-4.665899"><ele>71.3</ele></trkpt>
    <trkpt lat="36.701919" lon="-4.666137"><ele>70.5</ele></trkpt>
    <trkpt lat="36.701916" lon="-4.666582"><ele>68.9</ele></trkpt>
    <trkpt lat="36.70153" lon="-4.66774"><ele>65.3</ele></trkpt>
    <trkpt lat="36.70139" lon="-4.668158"><ele>64.3</ele></trkpt>
    <trkpt lat="36.701283" lon="-4.668478"><ele>63.6</ele></trkpt>
    <trkpt lat="36.701188" lon="-4.668963"><ele>62.6</ele></trkpt>
    <trkpt lat="36.701212" lon="-4.670897"><ele>56.8</ele></trkpt>
    <trkpt lat="36.701195" lon="-4.671129"><ele>56</ele></trkpt>
    <trkpt lat="36.70109" lon="-4.671472"><ele>54.8</ele></trkpt>
    <trkpt lat="36.700811" lon="-4.671986"><ele>53.1</ele></trkpt>
    <trkpt lat="36.700595" lon="-4.672252"><ele>52.2</ele></trkpt>
    <trkpt lat="36.700419" lon="-4.672387"><ele>51.8</ele></trkpt>
    <trkpt lat="36.700201" lon="-4.672485"><ele>51.4</ele></trkpt>
    <trkpt lat="36.699324" lon="-4.672733"><ele>50.5</ele></trkpt>
    <trkpt lat="36.698858" lon="-4.672872"><ele>50.2</ele></trkpt>
    <trkpt lat="36.698464" lon="-4.673083"><ele>50</ele></trkpt>
    <trkpt lat="36.698184" lon="-4.673403"><ele>49.9</ele></trkpt>
    <trkpt lat="36.697969" lon="-4.673874"><ele>50</ele></trkpt>
    <trkpt lat="36.697768" lon="-4.674111"><ele>50.2</ele></trkpt>
    <trkpt lat="36.696705" lon="-4.675029"><ele>52.4</ele></trkpt>
    <trkpt lat="36.695953" lon="-4.675606"><ele>54.7</ele></trkpt>
    <trkpt lat="36.694637" lon="-4.676402"><ele>57.2</ele></trkpt>
    <trkpt lat="36.694404" lon="-4.676625"><ele>57.4</ele></trkpt>
    <trkpt lat="36.69414" lon="-4.677044"><ele>57.7</ele></trkpt>
    <trkpt lat="36.693986" lon="-4.677395"><ele>57.9</ele></trkpt>
    <trkpt lat="36.693403" lon="-4.679219"><ele>60.5</ele></trkpt>
    <trkpt lat="36.693271" lon="-4.679534"><ele>61.2</ele></trkpt>
    <trkpt lat="36.691953" lon="-4.681772"><ele>65.9</ele></trkpt>
    <trkpt lat="36.691428" lon="-4.682586"><ele>67.1</ele></trkpt>
    <trkpt lat="36.691183" lon="-4.682827"><ele>67.5</ele></trkpt>
    <trkpt lat="36.690247" lon="-4.683607"><ele>68.9</ele></trkpt>
    <trkpt lat="36.690097" lon="-4.683765"><ele>69.2</ele></trkpt>
    <trkpt lat="36.689925" lon="-4.684018"><ele>69.6</ele></trkpt>
    <trkpt lat="36.689127" lon="-4.685565"><ele>72.4</ele></trkpt>
    <trkpt lat="36.687343" lon="-4.689568"><ele>77.8</ele></trkpt>
    <trkpt lat="36.686591" lon="-4.691221"><ele>75.3</ele></trkpt>
    <trkpt lat="36.686456" lon="-4.691597"><ele>74.4</ele></trkpt>
    <trkpt lat="36.686211" lon="-4.692925"><ele>72.3</ele></trkpt>
    <trkpt lat="36.686056" lon="-4.693372"><ele>72.1</ele></trkpt>
    <trkpt lat="36.685758" lon="-4.693871"><ele>72.4</ele></trkpt>
    <trkpt lat="36.685594" lon="-4.69406"><ele>72.9</ele></trkpt>
    <trkpt lat="36.685142" lon="-4.694471"><ele>74.6</ele></trkpt>
    <trkpt lat="36.684875" lon="-4.694753"><ele>75.9</ele></trkpt>
    <trkpt lat="36.684586" lon="-4.695202"><ele>77.8</ele></trkpt>
    <trkpt lat="36.683752" lon="-4.696767"><ele>84</ele></trkpt>
    <trkpt lat="36.683671" lon="-4.696964"><ele>84.6</ele></trkpt>
    <trkpt lat="36.683022" lon="-4.699038"><ele>91.6</ele></trkpt>
    <trkpt lat="36.683067" lon="-4.699336"><ele>92.7</ele></trkpt>
    <trkpt lat="36.683073" lon="-4.699434"><ele>93</ele></trkpt>
    <trkpt lat="36.683032" lon="-4.699512"><ele>93.3</ele></trkpt>
    <trkpt lat="36.682961" lon="-4.699542"><ele>93.7</ele></trkpt>
    <trkpt lat="36.682949" lon="-4.699542"><ele>93.7</ele></trkpt>
    <trkpt lat="36.682838" lon="-4.699662"><ele>94.3</ele></trkpt>
    <trkpt lat="36.682193" lon="-4.701313"><ele>100.3</ele></trkpt>
    <trkpt lat="36.681399" lon="-4.702657"><ele>104.8</ele></trkpt>
    <trkpt lat="36.681013" lon="-4.704139"><ele>109</ele></trkpt>
    <trkpt lat="36.680989" lon="-4.704229"><ele>109.3</ele></trkpt>
    <trkpt lat="36.6807" lon="-4.705338"><ele>113.5</ele></trkpt>
    <trkpt lat="36.680321" lon="-4.706925"><ele>121.4</ele></trkpt>
    <trkpt lat="36.679973" lon="-4.708382"><ele>129.7</ele></trkpt>
    <trkpt lat="36.679827" lon="-4.709801"><ele>134.9</ele></trkpt>
    <trkpt lat="36.679956" lon="-4.71224"><ele>137.7</ele></trkpt>
    <trkpt lat="36.679907" lon="-4.713391"><ele>137.9</ele></trkpt>
    <trkpt lat="36.67993" lon="-4.713609"><ele>138</ele></trkpt>
    <trkpt lat="36.680074" lon="-4.714303"><ele>138.6</ele></trkpt>
    <trkpt lat="36.680138" lon="-4.714669"><ele>139.1</ele></trkpt>
    <trkpt lat="36.680181" lon="-4.715163"><ele>140</ele></trkpt>
    <trkpt lat="36.68024" lon="-4.716769"><ele>143.8</ele></trkpt>
    <trkpt lat="36.680162" lon="-4.717229"><ele>144.8</ele></trkpt>
    <trkpt lat="36.679797" lon="-4.718605"><ele>146</ele></trkpt>
    <trkpt lat="36.67969" lon="-4.719069"><ele>145.9</ele></trkpt>
    <trkpt lat="36.679257" lon="-4.720683"><ele>145.9</ele></trkpt>
    <trkpt lat="36.679069" lon="-4.721392"><ele>146.2</ele></trkpt>
    <trkpt lat="36.679037" lon="-4.721444"><ele>146.2</ele></trkpt>
    <trkpt lat="36.678561" lon="-4.723259"><ele>145.4</ele></trkpt>
    <trkpt lat="36.678349" lon="-4.723927"><ele>144</ele></trkpt>
    <trkpt lat="36.678292" lon="-4.724126"><ele>143.7</ele></trkpt>
    <trkpt lat="36.678327" lon="-4.724305"><ele>143.5</ele></trkpt>
    <trkpt lat="36.678366" lon="-4.724334"><ele>143.4</ele></trkpt>
    <trkpt lat="36.678499" lon="-4.724522"><ele>143.4</ele></trkpt>
    <trkpt lat="36.678572" lon="-4.724802"><ele>143.7</ele></trkpt>
    <trkpt lat="36.678563" lon="-4.725002"><ele>144.2</ele></trkpt>
    <trkpt lat="36.678484" lon="-4.72524"><ele>144.9</ele></trkpt>
    <trkpt lat="36.678361" lon="-4.725404"><ele>145.6</ele></trkpt>
    <trkpt lat="36.678284" lon="-4.725464"><ele>145.9</ele></trkpt>
    <trkpt lat="36.678114" lon="-4.725534"><ele>146.8</ele></trkpt>
    <trkpt lat="36.678023" lon="-4.725541"><ele>147.4</ele></trkpt>
    <trkpt lat="36.677888" lon="-4.725627"><ele>148.4</ele></trkpt>
    <trkpt lat="36.677824" lon="-4.725725"><ele>149.1</ele></trkpt>
    <trkpt lat="36.677784" lon="-4.725883"><ele>150</ele></trkpt>
    <trkpt lat="36.677744" lon="-4.726335"><ele>152.6</ele></trkpt>
    <trkpt lat="36.677636" lon="-4.727242"><ele>156.7</ele></trkpt>
    <trkpt lat="36.677501" lon="-4.727813"><ele>158.1</ele></trkpt>
    <trkpt lat="36.677378" lon="-4.728126"><ele>158.6</ele></trkpt>
    <trkpt lat="36.677055" lon="-4.728796"><ele>159.2</ele></trkpt>
    <trkpt lat="36.677053" lon="-4.728891"><ele>159.2</ele></trkpt>
    <trkpt lat="36.67707" lon="-4.728962"><ele>159.3</ele></trkpt>
    <trkpt lat="36.677025" lon="-4.729058"><ele>159.3</ele></trkpt>
    <trkpt lat="36.676964" lon="-4.729075"><ele>159.3</ele></trkpt>
    <trkpt lat="36.676878" lon="-4.729148"><ele>159.4</ele></trkpt>
    <trkpt lat="36.676585" lon="-4.729702"><ele>159.6</ele></trkpt>
    <trkpt lat="36.676043" lon="-4.730574"><ele>161.1</ele></trkpt>
    <trkpt lat="36.675192" lon="-4.731682"><ele>165.3</ele></trkpt>
    <trkpt lat="36.675037" lon="-4.73203"><ele>166.4</ele></trkpt>
    <trkpt lat="36.675027" lon="-4.732104"><ele>166.6</ele></trkpt>
    <trkpt lat="36.67497" lon="-4.732193"><ele>166.9</ele></trkpt>
    <trkpt lat="36.674845" lon="-4.732221"><ele>167.3</ele></trkpt>
    <trkpt lat="36.674579" lon="-4.732396"><ele>168.1</ele></trkpt>
    <trkpt lat="36.674036" lon="-4.733086"><ele>167.7</ele></trkpt>
    <trkpt lat="36.673761" lon="-4.733515"><ele>166.2</ele></trkpt>
    <trkpt lat="36.673642" lon="-4.733856"><ele>164.7</ele></trkpt>
    <trkpt lat="36.67347" lon="-4.734708"><ele>160.5</ele></trkpt>
    <trkpt lat="36.673392" lon="-4.735096"><ele>158.7</ele></trkpt>
    <trkpt lat="36.673238" lon="-4.735848"><ele>156.1</ele></trkpt>
    <trkpt lat="36.673101" lon="-4.736105"><ele>155.4</ele></trkpt>
    <trkpt lat="36.672894" lon="-4.736362"><ele>154.7</ele></trkpt>
    <trkpt lat="36.6723" lon="-4.737566"><ele>152.4</ele></trkpt>
    <trkpt lat="36.671675" lon="-4.738846"><ele>150</ele></trkpt>
    <trkpt lat="36.671345" lon="-4.739147"><ele>149.7</ele></trkpt>
    <trkpt lat="36.67109" lon="-4.739347"><ele>149.5</ele></trkpt>
    <trkpt lat="36.670845" lon="-4.739608"><ele>149.2</ele></trkpt>
    <trkpt lat="36.670527" lon="-4.740041"><ele>148.8</ele></trkpt>
    <trkpt lat="36.669995" lon="-4.74085"><ele>147.9</ele></trkpt>
    <trkpt lat="36.669995" lon="-4.74085"><ele>147.8</ele></trkpt>
    <trkpt lat="36.669995" lon="-4.74085"><ele>147.8</ele></trkpt>
    <trkpt lat="36.669771" lon="-4.74106"><ele>147.2</ele></trkpt>
    <trkpt lat="36.669771" lon="-4.74106"><ele>147.2</ele></trkpt>
    <trkpt lat="36.669641" lon="-4.74136"><ele>146.4</ele></trkpt>
    <trkpt lat="36.669126" lon="-4.742008"><ele>144.6</ele></trkpt>
    <trkpt lat="36.669126" lon="-4.742008"><ele>144.7</ele></trkpt>
    <trkpt lat="36.669126" lon="-4.742008"><ele>144.7</ele></trkpt>
    <trkpt lat="36.668808" lon="-4.742198"><ele>143.9</ele></trkpt>
    <trkpt lat="36.668808" lon="-4.742198"><ele>144</ele></trkpt>
    <trkpt lat="36.668808" lon="-4.742198"><ele>144</ele></trkpt>
    <trkpt lat="36.668674" lon="-4.742526"><ele>143.5</ele></trkpt>
    <trkpt lat="36.66844" lon="-4.742811"><ele>143.1</ele></trkpt>
    <trkpt lat="36.66799" lon="-4.74336"><ele>142.9</ele></trkpt>
    <trkpt lat="36.66786" lon="-4.743545"><ele>143.1</ele></trkpt>
    <trkpt lat="36.667581" lon="-4.744109"><ele>144.4</ele></trkpt>
    <trkpt lat="36.667408" lon="-4.744379"><ele>145.3</ele></trkpt>
    <trkpt lat="36.666852" lon="-4.744969"><ele>148.9</ele></trkpt>
    <trkpt lat="36.666755" lon="-4.745106"><ele>149.8</ele></trkpt>
    <trkpt lat="36.666587" lon="-4.745271"><ele>151.1</ele></trkpt>
    <trkpt lat="36.666278" lon="-4.745427"><ele>152.7</ele></trkpt>
    <trkpt lat="36.666006" lon="-4.7455"><ele>153.7</ele></trkpt>
    <trkpt lat="36.665853" lon="-4.745487"><ele>154.1</ele></trkpt>
    <trkpt lat="36.665202" lon="-4.74572"><ele>154.8</ele></trkpt>
    <trkpt lat="36.664974" lon="-4.745852"><ele>154.5</ele></trkpt>
    <trkpt lat="36.664873" lon="-4.745955"><ele>154.2</ele></trkpt>
    <trkpt lat="36.664673" lon="-4.746205"><ele>153.5</ele></trkpt>
    <trkpt lat="36.66452" lon="-4.746443"><ele>152.8</ele></trkpt>
    <trkpt lat="36.664361" lon="-4.74662"><ele>152.2</ele></trkpt>
    <trkpt lat="36.664123" lon="-4.746787"><ele>151.6</ele></trkpt>
    <trkpt lat="36.664105" lon="-4.746826"><ele>151.5</ele></trkpt>
    <trkpt lat="36.664048" lon="-4.746869"><ele>151.4</ele></trkpt>
    <trkpt lat="36.663992" lon="-4.746867"><ele>151.3</ele></trkpt>
    <trkpt lat="36.663803" lon="-4.747"><ele>151.1</ele></trkpt>
    <trkpt lat="36.663643" lon="-4.747215"><ele>150.9</ele></trkpt>
    <trkpt lat="36.663554" lon="-4.747402"><ele>150.9</ele></trkpt>
    <trkpt lat="36.66352" lon="-4.747643"><ele>151</ele></trkpt>
    <trkpt lat="36.663659" lon="-4.748947"><ele>152.9</ele></trkpt>
    <trkpt lat="36.663667" lon="-4.749127"><ele>153.3</ele></trkpt>
    <trkpt lat="36.663619" lon="-4.749462"><ele>154.4</ele></trkpt>
    <trkpt lat="36.663545" lon="-4.749678"><ele>155.1</ele></trkpt>
    <trkpt lat="36.663175" lon="-4.750394"><ele>158.4</ele></trkpt>
    <trkpt lat="36.66302" lon="-4.750739"><ele>160.1</ele></trkpt>
    <trkpt lat="36.663033" lon="-4.750808"><ele>160.4</ele></trkpt>
    <trkpt lat="36.663009" lon="-4.750963"><ele>161.2</ele></trkpt>
    <trkpt lat="36.662964" lon="-4.751146"><ele>162.2</ele></trkpt>
    <trkpt lat="36.662956" lon="-4.751156"><ele>162.3</ele></trkpt>
    <trkpt lat="36.662918" lon="-4.751532"><ele>164.4</ele></trkpt>
    <trkpt lat="36.662915" lon="-4.751911"><ele>166.4</ele></trkpt>
    <trkpt lat="36.662925" lon="-4.752136"><ele>167.5</ele></trkpt>
    <trkpt lat="36.662976" lon="-4.75246"><ele>169.1</ele></trkpt>
    <trkpt lat="36.662981" lon="-4.752548"><ele>169.5</ele></trkpt>
    <trkpt lat="36.663038" lon="-4.752944"><ele>171.5</ele></trkpt>
    <trkpt lat="36.663022" lon="-4.753217"><ele>172.9</ele></trkpt>
    <trkpt lat="36.662892" lon="-4.753584"><ele>175.1</ele></trkpt>
    <trkpt lat="36.662576" lon="-4.75453"><ele>179.9</ele></trkpt>
    <trkpt lat="36.662584" lon="-4.75473"><ele>181.1</ele></trkpt>
    <trkpt lat="36.662677" lon="-4.755002"><ele>182.9</ele></trkpt>
    <trkpt lat="36.66267" lon="-4.755163"><ele>183.8</ele></trkpt>
    <trkpt lat="36.66238" lon="-4.756193"><ele>189.4</ele></trkpt>
    <trkpt lat="36.662309" lon="-4.75681"><ele>191.2</ele></trkpt>
    <trkpt lat="36.662247" lon="-4.757045"><ele>191.6</ele></trkpt>
    <trkpt lat="36.662339" lon="-4.757087"><ele>191.6</ele></trkpt>
    <trkpt lat="36.66238" lon="-4.757207"><ele>191.7</ele></trkpt>
    <trkpt lat="36.662399" lon="-4.757286"><ele>191.7</ele></trkpt>
    <trkpt lat="36.662383" lon="-4.757346"><ele>191.7</ele></trkpt>
    <trkpt lat="36.662493" lon="-4.757765"><ele>191.2</ele></trkpt>
    <trkpt lat="36.662537" lon="-4.758054"><ele>190.7</ele></trkpt>
    <trkpt lat="36.662531" lon="-4.758202"><ele>190.3</ele></trkpt>
    <trkpt lat="36.662494" lon="-4.758373"><ele>189.8</ele></trkpt>
    <trkpt lat="36.662337" lon="-4.758735"><ele>188.6</ele></trkpt>
    <trkpt lat="36.662269" lon="-4.758951"><ele>187.9</ele></trkpt>
    <trkpt lat="36.662247" lon="-4.759093"><ele>187.4</ele></trkpt>
    <trkpt lat="36.662217" lon="-4.759802"><ele>185</ele></trkpt>
    <trkpt lat="36.662217" lon="-4.759802"><ele>185</ele></trkpt>
    <trkpt lat="36.662247" lon="-4.760017"><ele>184.2</ele></trkpt>
    <trkpt lat="36.662247" lon="-4.760017"><ele>184.2</ele></trkpt>
    <trkpt lat="36.662336" lon="-4.76018"><ele>183.5</ele></trkpt>
    <trkpt lat="36.662336" lon="-4.76018"><ele>183.5</ele></trkpt>
    <trkpt lat="36.662493" lon="-4.760364"><ele>182.5</ele></trkpt>
    <trkpt lat="36.662493" lon="-4.760364"><ele>182.5</ele></trkpt>
    <trkpt lat="36.662701" lon="-4.760576"><ele>181.2</ele></trkpt>
    <trkpt lat="36.662804" lon="-4.760836"><ele>180.1</ele></trkpt>
    <trkpt lat="36.662796" lon="-4.761024"><ele>179.4</ele></trkpt>
    <trkpt lat="36.662737" lon="-4.761238"><ele>178.4</ele></trkpt>
    <trkpt lat="36.662352" lon="-4.761963"><ele>174</ele></trkpt>
    <trkpt lat="36.66223" lon="-4.76239"><ele>171.7</ele></trkpt>
    <trkpt lat="36.662271" lon="-4.76267"><ele>170.3</ele></trkpt>
    <trkpt lat="36.662294" lon="-4.762694"><ele>170.1</ele></trkpt>
    <trkpt lat="36.66231" lon="-4.762724"><ele>169.9</ele></trkpt>
    <trkpt lat="36.662438" lon="-4.762856"><ele>168.9</ele></trkpt>
    <trkpt lat="36.662592" lon="-4.76294"><ele>167.9</ele></trkpt>
    <trkpt lat="36.662823" lon="-4.762958"><ele>166.7</ele></trkpt>
    <trkpt lat="36.663035" lon="-4.762921"><ele>165.7</ele></trkpt>
    <trkpt lat="36.663303" lon="-4.762826"><ele>164.8</ele></trkpt>
    <trkpt lat="36.663699" lon="-4.762523"><ele>164.4</ele></trkpt>
    <trkpt lat="36.663864" lon="-4.762328"><ele>164.7</ele></trkpt>
    <trkpt lat="36.664391" lon="-4.761953"><ele>165.9</ele></trkpt>
    <trkpt lat="36.664477" lon="-4.761927"><ele>166.1</ele></trkpt>
    <trkpt lat="36.664636" lon="-4.761877"><ele>166.5</ele></trkpt>
    <trkpt lat="36.664838" lon="-4.76187"><ele>166.9</ele></trkpt>
    <trkpt lat="36.665183" lon="-4.761972"><ele>167.3</ele></trkpt>
    <trkpt lat="36.665605" lon="-4.762248"><ele>167.5</ele></trkpt>
    <trkpt lat="36.666151" lon="-4.762541"><ele>166.8</ele></trkpt>
    <trkpt lat="36.666606" lon="-4.762735"><ele>165.7</ele></trkpt>
    <trkpt lat="36.667017" lon="-4.762966"><ele>164.2</ele></trkpt>
    <trkpt lat="36.667215" lon="-4.763041"><ele>163.4</ele></trkpt>
    <trkpt lat="36.667412" lon="-4.763036"><ele>162.5</ele></trkpt>
    <trkpt lat="36.667496" lon="-4.76299"><ele>162.1</ele></trkpt>
    <trkpt lat="36.667796" lon="-4.762656"><ele>159.8</ele></trkpt>
    <trkpt lat="36.668046" lon="-4.762531"><ele>158</ele></trkpt>
    <trkpt lat="36.668559" lon="-4.762115"><ele>153.5</ele></trkpt>
    <trkpt lat="36.668894" lon="-4.761942"><ele>150.8</ele></trkpt>
    <trkpt lat="36.669223" lon="-4.761515"><ele>147.4</ele></trkpt>
    <trkpt lat="36.669916" lon="-4.760808"><ele>142.2</ele></trkpt>
    <trkpt lat="36.670119" lon="-4.760686"><ele>141.3</ele></trkpt>
    <trkpt lat="36.670295" lon="-4.760657"><ele>140.7</ele></trkpt>
    <trkpt lat="36.670447" lon="-4.760708"><ele>140.2</ele></trkpt>
    <trkpt lat="36.670578" lon="-4.760804"><ele>139.7</ele></trkpt>
    <trkpt lat="36.670675" lon="-4.760961"><ele>139.2</ele></trkpt>
    <trkpt lat="36.670728" lon="-4.761185"><ele>138.6</ele></trkpt>
    <trkpt lat="36.670746" lon="-4.761299"><ele>138.2</ele></trkpt>
    <trkpt lat="36.670701" lon="-4.762133"><ele>134.6</ele></trkpt>
    <trkpt lat="36.670707" lon="-4.762423"><ele>132.8</ele></trkpt>
    <trkpt lat="36.67073" lon="-4.762561"><ele>131.7</ele></trkpt>
    <trkpt lat="36.67077" lon="-4.762701"><ele>130.6</ele></trkpt>
    <trkpt lat="36.671058" lon="-4.763111"><ele>126.1</ele></trkpt>
    <trkpt lat="36.671147" lon="-4.763466"><ele>122.8</ele></trkpt>
    <trkpt lat="36.671236" lon="-4.763627"><ele>121</ele></trkpt>
    <trkpt lat="36.672341" lon="-4.764391"><ele>109.9</ele></trkpt>
    <trkpt lat="36.672486" lon="-4.764527"><ele>109</ele></trkpt>
    <trkpt lat="36.672949" lon="-4.765113"><ele>107.4</ele></trkpt>
    <trkpt lat="36.673" lon="-4.765205"><ele>107.4</ele></trkpt>
    <trkpt lat="36.673072" lon="-4.765394"><ele>107.4</ele></trkpt>
    <trkpt lat="36.673112" lon="-4.765689"><ele>107.3</ele></trkpt>
    <trkpt lat="36.673041" lon="-4.766287"><ele>106.9</ele></trkpt>
    <trkpt lat="36.67305" lon="-4.766636"><ele>106.7</ele></trkpt>
    <trkpt lat="36.673134" lon="-4.76686"><ele>106.5</ele></trkpt>
    <trkpt lat="36.673304" lon="-4.767067"><ele>106.2</ele></trkpt>
    <trkpt lat="36.673558" lon="-4.76724"><ele>105.8</ele></trkpt>
    <trkpt lat="36.67467" lon="-4.76813"><ele>103.9</ele></trkpt>
    <trkpt lat="36.675113" lon="-4.768433"><ele>103.9</ele></trkpt>
    <trkpt lat="36.675113" lon="-4.768433"><ele>103.9</ele></trkpt>
    <trkpt lat="36.675289" lon="-4.768615"><ele>104.1</ele></trkpt>
    <trkpt lat="36.675289" lon="-4.768615"><ele>104.2</ele></trkpt>
    <trkpt lat="36.675289" lon="-4.768615"><ele>104.2</ele></trkpt>
    <trkpt lat="36.675324" lon="-4.768784"><ele>104.1</ele></trkpt>
    <trkpt lat="36.675324" lon="-4.768784"><ele>104.3</ele></trkpt>
    <trkpt lat="36.675324" lon="-4.768784"><ele>104.3</ele></trkpt>
    <trkpt lat="36.675294" lon="-4.769076"><ele>104.6</ele></trkpt>
    <trkpt lat="36.675247" lon="-4.769341"><ele>104.9</ele></trkpt>
    <trkpt lat="36.675265" lon="-4.769596"><ele>105.6</ele></trkpt>
    <trkpt lat="36.675716" lon="-4.771313"><ele>111</ele></trkpt>
    <trkpt lat="36.675724" lon="-4.771621"><ele>111.5</ele></trkpt>
    <trkpt lat="36.67569" lon="-4.771937"><ele>111.9</ele></trkpt>
    <trkpt lat="36.675507" lon="-4.772917"><ele>111.9</ele></trkpt>
    <trkpt lat="36.675464" lon="-4.773257"><ele>111.7</ele></trkpt>
    <trkpt lat="36.675456" lon="-4.774128"><ele>111.6</ele></trkpt>
    <trkpt lat="36.675434" lon="-4.7743"><ele>111.7</ele></trkpt>
    <trkpt lat="36.675346" lon="-4.774637"><ele>111.9</ele></trkpt>
    <trkpt lat="36.674901" lon="-4.775655"><ele>112.9</ele></trkpt>
    <trkpt lat="36.674791" lon="-4.77602"><ele>113.4</ele></trkpt>
    <trkpt lat="36.674733" lon="-4.776397"><ele>114</ele></trkpt>
    <trkpt lat="36.674715" lon="-4.777202"><ele>115.3</ele></trkpt>
    <trkpt lat="36.674771" lon="-4.777427"><ele>115.8</ele></trkpt>
    <trkpt lat="36.674887" lon="-4.777725"><ele>116.5</ele></trkpt>
    <trkpt lat="36.675245" lon="-4.778482"><ele>118.8</ele></trkpt>
    <trkpt lat="36.675351" lon="-4.778819"><ele>119.9</ele></trkpt>
    <trkpt lat="36.675424" lon="-4.779178"><ele>121.1</ele></trkpt>
    <trkpt lat="36.675561" lon="-4.780321"><ele>125</ele></trkpt>
    <trkpt lat="36.675785" lon="-4.782601"><ele>130.5</ele></trkpt>
    <trkpt lat="36.675814" lon="-4.782955"><ele>130.1</ele></trkpt>
    <trkpt lat="36.67589" lon="-4.78374"><ele>128.9</ele></trkpt>
    <trkpt lat="36.675932" lon="-4.783939"><ele>128.5</ele></trkpt>
    <trkpt lat="36.675951" lon="-4.78423"><ele>128</ele></trkpt>
    <trkpt lat="36.67604" lon="-4.784764"><ele>127.4</ele></trkpt>
    <trkpt lat="36.676145" lon="-4.785111"><ele>127.6</ele></trkpt>
    <trkpt lat="36.676285" lon="-4.785442"><ele>128.4</ele></trkpt>
    <trkpt lat="36.67647" lon="-4.785738"><ele>129.6</ele></trkpt>
    <trkpt lat="36.676696" lon="-4.785994"><ele>131.1</ele></trkpt>
    <trkpt lat="36.677099" lon="-4.786287"><ele>133.8</ele></trkpt>
    <trkpt lat="36.678144" lon="-4.786804"><ele>141.4</ele></trkpt>
    <trkpt lat="36.678426" lon="-4.786974"><ele>143.5</ele></trkpt>
    <trkpt lat="36.678796" lon="-4.787324"><ele>146.4</ele></trkpt>
    <trkpt lat="36.679" lon="-4.787619"><ele>148.5</ele></trkpt>
    <trkpt lat="36.679246" lon="-4.788126"><ele>151.6</ele></trkpt>
    <trkpt lat="36.679607" lon="-4.789012"><ele>157</ele></trkpt>
    <trkpt lat="36.679695" lon="-4.789374"><ele>158.9</ele></trkpt>
    <trkpt lat="36.679733" lon="-4.790104"><ele>162</ele></trkpt>
    <trkpt lat="36.679766" lon="-4.790278"><ele>162.7</ele></trkpt>
    <trkpt lat="36.679924" lon="-4.790685"><ele>164.2</ele></trkpt>
    <trkpt lat="36.680464" lon="-4.791822"><ele>167.5</ele></trkpt>
    <trkpt lat="36.680568" lon="-4.79215"><ele>168.3</ele></trkpt>
    <trkpt lat="36.680617" lon="-4.792492"><ele>169.3</ele></trkpt>
    <trkpt lat="36.680592" lon="-4.793018"><ele>170.7</ele></trkpt>
    <trkpt lat="36.680366" lon="-4.794442"><ele>175.2</ele></trkpt>
    <trkpt lat="36.680207" lon="-4.795184"><ele>177.6</ele></trkpt>
    <trkpt lat="36.679688" lon="-4.797533"><ele>186</ele></trkpt>
    <trkpt lat="36.679632" lon="-4.797698"><ele>186.7</ele></trkpt>
    <trkpt lat="36.67948" lon="-4.798002"><ele>188.1</ele></trkpt>
    <trkpt lat="36.679282" lon="-4.798267"><ele>189.6</ele></trkpt>
    <trkpt lat="36.678573" lon="-4.798894"><ele>193.4</ele></trkpt>
    <trkpt lat="36.678268" lon="-4.799269"><ele>194.9</ele></trkpt>
    <trkpt lat="36.677041" lon="-4.801494"><ele>200.3</ele></trkpt>
    <trkpt lat="36.676884" lon="-4.801876"><ele>201.5</ele></trkpt>
    <trkpt lat="36.676764" lon="-4.802395"><ele>203.2</ele></trkpt>
    <trkpt lat="36.676747" lon="-4.802944"><ele>205.2</ele></trkpt>
    <trkpt lat="36.676792" lon="-4.803299"><ele>206.6</ele></trkpt>
    <trkpt lat="36.676897" lon="-4.803702"><ele>208.1</ele></trkpt>
    <trkpt lat="36.67704" lon="-4.804091"><ele>209.2</ele></trkpt>
    <trkpt lat="36.677181" lon="-4.804488"><ele>209.7</ele></trkpt>
    <trkpt lat="36.677352" lon="-4.80499"><ele>209.4</ele></trkpt>
    <trkpt lat="36.677435" lon="-4.805379"><ele>208.5</ele></trkpt>
    <trkpt lat="36.677479" lon="-4.805985"><ele>206.2</ele></trkpt>
    <trkpt lat="36.677434" lon="-4.806394"><ele>204.4</ele></trkpt>
    <trkpt lat="36.677334" lon="-4.80679"><ele>202.4</ele></trkpt>
    <trkpt lat="36.677101" lon="-4.807519"><ele>198.3</ele></trkpt>
    <trkpt lat="36.677069" lon="-4.80769"><ele>197.3</ele></trkpt>
    <trkpt lat="36.677075" lon="-4.808028"><ele>195.4</ele></trkpt>
    <trkpt lat="36.677119" lon="-4.808189"><ele>194.4</ele></trkpt>
    <trkpt lat="36.67719" lon="-4.808336"><ele>193.4</ele></trkpt>
    <trkpt lat="36.677286" lon="-4.808463"><ele>192.4</ele></trkpt>
    <trkpt lat="36.677887" lon="-4.808985"><ele>187.6</ele></trkpt>
    <trkpt lat="36.678094" lon="-4.809259"><ele>186</ele></trkpt>
    <trkpt lat="36.678753" lon="-4.810257"><ele>183.4</ele></trkpt>
    <trkpt lat="36.678888" lon="-4.810562"><ele>182.8</ele></trkpt>
    <trkpt lat="36.678928" lon="-4.810729"><ele>182.4</ele></trkpt>
    <trkpt lat="36.678995" lon="-4.811247"><ele>180.6</ele></trkpt>
    <trkpt lat="36.679069" lon="-4.811588"><ele>178.9</ele></trkpt>
    <trkpt lat="36.679222" lon="-4.811884"><ele>176.8</ele></trkpt>
    <trkpt lat="36.679717" lon="-4.812515"><ele>170.3</ele></trkpt>
    <trkpt lat="36.679947" lon="-4.812674"><ele>167.8</ele></trkpt>
    <trkpt lat="36.680215" lon="-4.812719"><ele>165.5</ele></trkpt>
    <trkpt lat="36.680788" lon="-4.812604"><ele>161.7</ele></trkpt>
    <trkpt lat="36.681069" lon="-4.812671"><ele>160.3</ele></trkpt>
    <trkpt lat="36.681182" lon="-4.812762"><ele>159.7</ele></trkpt>
    <trkpt lat="36.681681" lon="-4.8134"><ele>156.3</ele></trkpt>
    <trkpt lat="36.681938" lon="-4.813603"><ele>154.6</ele></trkpt>
    <trkpt lat="36.682233" lon="-4.813737"><ele>152.5</ele></trkpt>
    <trkpt lat="36.683296" lon="-4.814007"><ele>145.8</ele></trkpt>
    <trkpt lat="36.683609" lon="-4.814158"><ele>144.3</ele></trkpt>
    <trkpt lat="36.683793" lon="-4.814382"><ele>143.4</ele></trkpt>
    <trkpt lat="36.683921" lon="-4.814681"><ele>142.8</ele></trkpt>
    <trkpt lat="36.684509" lon="-4.816609"><ele>141.5</ele></trkpt>
    <trkpt lat="36.684579" lon="-4.816747"><ele>141.6</ele></trkpt>
    <trkpt lat="36.684706" lon="-4.816907"><ele>141.9</ele></trkpt>
    <trkpt lat="36.684967" lon="-4.817255"><ele>142.8</ele></trkpt>
    <trkpt lat="36.685031" lon="-4.817424"><ele>143.2</ele></trkpt>
    <trkpt lat="36.685055" lon="-4.817569"><ele>143.6</ele></trkpt>
    <trkpt lat="36.685075" lon="-4.817894"><ele>144.4</ele></trkpt>
    <trkpt lat="36.685118" lon="-4.818168"><ele>145.2</ele></trkpt>
    <trkpt lat="36.685466" lon="-4.818903"><ele>148.2</ele></trkpt>
    <trkpt lat="36.685522" lon="-4.81923"><ele>149.6</ele></trkpt>
    <trkpt lat="36.68548" lon="-4.819544"><ele>151</ele></trkpt>
    <trkpt lat="36.685365" lon="-4.819807"><ele>152.2</ele></trkpt>
    <trkpt lat="36.684969" lon="-4.820253"><ele>154.4</ele></trkpt>
    <trkpt lat="36.684852" lon="-4.82056"><ele>155.3</ele></trkpt>
    <trkpt lat="36.684719" lon="-4.821151"><ele>156.5</ele></trkpt>
    <trkpt lat="36.684625" lon="-4.821422"><ele>156.8</ele></trkpt>
    <trkpt lat="36.68442" lon="-4.821801"><ele>156.7</ele></trkpt>
    <trkpt lat="36.684039" lon="-4.822212"><ele>156.4</ele></trkpt>
    <trkpt lat="36.682716" lon="-4.823498"><ele>157.3</ele></trkpt>
    <trkpt lat="36.682649" lon="-4.82357"><ele>157.4</ele></trkpt>
    <trkpt lat="36.681797" lon="-4.824406"><ele>159.8</ele></trkpt>
    <trkpt lat="36.681651" lon="-4.824576"><ele>160.2</ele></trkpt>
    <trkpt lat="36.681552" lon="-4.824757"><ele>160.4</ele></trkpt>
    <trkpt lat="36.68149" lon="-4.824937"><ele>160.6</ele></trkpt>
    <trkpt lat="36.681458" lon="-4.825132"><ele>160.7</ele></trkpt>
    <trkpt lat="36.681371" lon="-4.826244"><ele>160.2</ele></trkpt>
    <trkpt lat="36.681089" lon="-4.827177"><ele>159.5</ele></trkpt>
    <trkpt lat="36.680768" lon="-4.828119"><ele>158.6</ele></trkpt>
    <trkpt lat="36.680676" lon="-4.828298"><ele>158.5</ele></trkpt>
    <trkpt lat="36.680121" lon="-4.829185"><ele>158.1</ele></trkpt>
    <trkpt lat="36.679925" lon="-4.829631"><ele>158.1</ele></trkpt>
    <trkpt lat="36.679755" lon="-4.830314"><ele>158.4</ele></trkpt>
    <trkpt lat="36.679392" lon="-4.831977"><ele>158.3</ele></trkpt>
    <trkpt lat="36.679354" lon="-4.832348"><ele>157.5</ele></trkpt>
    <trkpt lat="36.679408" lon="-4.832709"><ele>156.7</ele></trkpt>
    <trkpt lat="36.679558" lon="-4.833231"><ele>155.2</ele></trkpt>
    <trkpt lat="36.67959" lon="-4.833411"><ele>154.7</ele></trkpt>
    <trkpt lat="36.679677" lon="-4.835102"><ele>150.2</ele></trkpt>
    <trkpt lat="36.679712" lon="-4.83545"><ele>149.6</ele></trkpt>
    <trkpt lat="36.679753" lon="-4.835611"><ele>149.4</ele></trkpt>
    <trkpt lat="36.679928" lon="-4.835871"><ele>149</ele></trkpt>
    <trkpt lat="36.680357" lon="-4.836259"><ele>148.9</ele></trkpt>
    <trkpt lat="36.680436" lon="-4.836406"><ele>148.9</ele></trkpt>
    <trkpt lat="36.680497" lon="-4.836689"><ele>149</ele></trkpt>
    <trkpt lat="36.680514" lon="-4.836806"><ele>149</ele></trkpt>
    <trkpt lat="36.680458" lon="-4.83712"><ele>148.9</ele></trkpt>
    <trkpt lat="36.680288" lon="-4.837706"><ele>147.8</ele></trkpt>
    <trkpt lat="36.680277" lon="-4.837809"><ele>147.6</ele></trkpt>
    <trkpt lat="36.680253" lon="-4.838038"><ele>147.1</ele></trkpt>
    <trkpt lat="36.680272" lon="-4.838197"><ele>146.7</ele></trkpt>
    <trkpt lat="36.680356" lon="-4.838508"><ele>146</ele></trkpt>
    <trkpt lat="36.68043" lon="-4.838645"><ele>145.6</ele></trkpt>
    <trkpt lat="36.680619" lon="-4.83894"><ele>144.7</ele></trkpt>
    <trkpt lat="36.681187" lon="-4.839818"><ele>144.6</ele></trkpt>
    <trkpt lat="36.681552" lon="-4.840043"><ele>146.4</ele></trkpt>
    <trkpt lat="36.681943" lon="-4.840144"><ele>148.5</ele></trkpt>
    <trkpt lat="36.682164" lon="-4.840284"><ele>149.9</ele></trkpt>
    <trkpt lat="36.682365" lon="-4.840477"><ele>151.4</ele></trkpt>
    <trkpt lat="36.682495" lon="-4.840736"><ele>152.7</ele></trkpt>
    <trkpt lat="36.682529" lon="-4.840881"><ele>153.3</ele></trkpt>
    <trkpt lat="36.682498" lon="-4.841616"><ele>155.8</ele></trkpt>
    <trkpt lat="36.682441" lon="-4.843751"><ele>159.4</ele></trkpt>
    <trkpt lat="36.682523" lon="-4.844064"><ele>160.1</ele></trkpt>
    <trkpt lat="36.68289" lon="-4.844969"><ele>162.5</ele></trkpt>
    <trkpt lat="36.682997" lon="-4.845307"><ele>163.4</ele></trkpt>
    <trkpt lat="36.683504" lon="-4.847306"><ele>166.5</ele></trkpt>
    <trkpt lat="36.683727" lon="-4.847987"><ele>167.1</ele></trkpt>
    <trkpt lat="36.68396" lon="-4.848624"><ele>167.2</ele></trkpt>
    <trkpt lat="36.684163" lon="-4.849113"><ele>166.9</ele></trkpt>
    <trkpt lat="36.684251" lon="-4.849256"><ele>166.8</ele></trkpt>
    <trkpt lat="36.684477" lon="-4.84947"><ele>166.4</ele></trkpt>
    <trkpt lat="36.684979" lon="-4.849744"><ele>165.1</ele></trkpt>
    <trkpt lat="36.685189" lon="-4.849933"><ele>164.3</ele></trkpt>
    <trkpt lat="36.685271" lon="-4.850057"><ele>163.9</ele></trkpt>
    <trkpt lat="36.685371" lon="-4.850352"><ele>163.1</ele></trkpt>
    <trkpt lat="36.685442" lon="-4.851178"><ele>161.4</ele></trkpt>
    <trkpt lat="36.685553" lon="-4.85149"><ele>161</ele></trkpt>
    <trkpt lat="36.685709" lon="-4.851764"><ele>160.7</ele></trkpt>
    <trkpt lat="36.685808" lon="-4.851874"><ele>160.7</ele></trkpt>
    <trkpt lat="36.686032" lon="-4.852034"><ele>160.8</ele></trkpt>
    <trkpt lat="36.686791" lon="-4.852368"><ele>162.6</ele></trkpt>
    <trkpt lat="36.687289" lon="-4.852714"><ele>164.7</ele></trkpt>
    <trkpt lat="36.687646" lon="-4.853045"><ele>166.5</ele></trkpt>
    <trkpt lat="36.688475" lon="-4.853901"><ele>171</ele></trkpt>
    <trkpt lat="36.688817" lon="-4.85429"><ele>173</ele></trkpt>
    <trkpt lat="36.68903" lon="-4.854571"><ele>174.2</ele></trkpt>
    <trkpt lat="36.68923" lon="-4.854878"><ele>175.4</ele></trkpt>
    <trkpt lat="36.6895" lon="-4.855378"><ele>177.1</ele></trkpt>
    <trkpt lat="36.689932" lon="-4.856455"><ele>179.5</ele></trkpt>
    <trkpt lat="36.690085" lon="-4.856768"><ele>180</ele></trkpt>
    <trkpt lat="36.690182" lon="-4.856895"><ele>180.1</ele></trkpt>
    <trkpt lat="36.69063" lon="-4.857291"><ele>180.7</ele></trkpt>
    <trkpt lat="36.691016" lon="-4.857819"><ele>181</ele></trkpt>
    <trkpt lat="36.691294" lon="-4.858263"><ele>181.3</ele></trkpt>
    <trkpt lat="36.691604" lon="-4.858931"><ele>181.9</ele></trkpt>
    <trkpt lat="36.691899" lon="-4.859691"><ele>182.7</ele></trkpt>
    <trkpt lat="36.692245" lon="-4.860585"><ele>184.4</ele></trkpt>
    <trkpt lat="36.692318" lon="-4.860896"><ele>184.9</ele></trkpt>
    <trkpt lat="36.692347" lon="-4.861571"><ele>186</ele></trkpt>
    <trkpt lat="36.692421" lon="-4.861891"><ele>186.5</ele></trkpt>
    <trkpt lat="36.69249" lon="-4.862034"><ele>186.8</ele></trkpt>
    <trkpt lat="36.692831" lon="-4.862537"><ele>187.9</ele></trkpt>
    <trkpt lat="36.692947" lon="-4.862827"><ele>188.4</ele></trkpt>
    <trkpt lat="36.692972" lon="-4.862982"><ele>188.6</ele></trkpt>
    <trkpt lat="36.692949" lon="-4.8633"><ele>189.1</ele></trkpt>
    <trkpt lat="36.692719" lon="-4.863898"><ele>190.3</ele></trkpt>
    <trkpt lat="36.692691" lon="-4.864061"><ele>190.6</ele></trkpt>
    <trkpt lat="36.692691" lon="-4.864229"><ele>191</ele></trkpt>
    <trkpt lat="36.692716" lon="-4.864394"><ele>191.4</ele></trkpt>
    <trkpt lat="36.692814" lon="-4.864712"><ele>192</ele></trkpt>
    <trkpt lat="36.693168" lon="-4.865661"><ele>193.8</ele></trkpt>
    <trkpt lat="36.693345" lon="-4.86617"><ele>194.7</ele></trkpt>
    <trkpt lat="36.693474" lon="-4.866678"><ele>195.6</ele></trkpt>
    <trkpt lat="36.693579" lon="-4.867161"><ele>196.3</ele></trkpt>
    <trkpt lat="36.693599" lon="-4.867473"><ele>197</ele></trkpt>
    <trkpt lat="36.693539" lon="-4.867779"><ele>197.7</ele></trkpt>
    <trkpt lat="36.693476" lon="-4.867919"><ele>198.1</ele></trkpt>
    <trkpt lat="36.693394" lon="-4.868048"><ele>198.5</ele></trkpt>
    <trkpt lat="36.692847" lon="-4.868689"><ele>200.5</ele></trkpt>
    <trkpt lat="36.691759" lon="-4.869963"><ele>203.1</ele></trkpt>
    <trkpt lat="36.691572" lon="-4.870227"><ele>203.3</ele></trkpt>
    <trkpt lat="36.691452" lon="-4.87054"><ele>203.4</ele></trkpt>
    <trkpt lat="36.691396" lon="-4.870881"><ele>203.5</ele></trkpt>
    <trkpt lat="36.691371" lon="-4.871226"><ele>203.8</ele></trkpt>
    <trkpt lat="36.691416" lon="-4.871555"><ele>204.4</ele></trkpt>
    <trkpt lat="36.691474" lon="-4.871703"><ele>204.6</ele></trkpt>
    <trkpt lat="36.691652" lon="-4.871939"><ele>205.3</ele></trkpt>
    <trkpt lat="36.691765" lon="-4.872019"><ele>205.6</ele></trkpt>
    <trkpt lat="36.691886" lon="-4.872069"><ele>205.9</ele></trkpt>
    <trkpt lat="36.692206" lon="-4.8721"><ele>206.6</ele></trkpt>
    <trkpt lat="36.692368" lon="-4.872116"><ele>206.9</ele></trkpt>
    <trkpt lat="36.692629" lon="-4.872266"><ele>207.5</ele></trkpt>
    <trkpt lat="36.692779" lon="-4.872449"><ele>207.8</ele></trkpt>
    <trkpt lat="36.69319" lon="-4.873184"><ele>207.6</ele></trkpt>
    <trkpt lat="36.693388" lon="-4.87343"><ele>207.1</ele></trkpt>
    <trkpt lat="36.69353" lon="-4.873548"><ele>206.8</ele></trkpt>
    <trkpt lat="36.693778" lon="-4.873657"><ele>206.3</ele></trkpt>
    <trkpt lat="36.695223" lon="-4.873821"><ele>205.2</ele></trkpt>
    <trkpt lat="36.695288" lon="-4.873824"><ele>205.1</ele></trkpt>
    <trkpt lat="36.695453" lon="-4.873905"><ele>205</ele></trkpt>
    <trkpt lat="36.695681" lon="-4.874118"><ele>204.7</ele></trkpt>
    <trkpt lat="36.695947" lon="-4.874334"><ele>204.3</ele></trkpt>
    <trkpt lat="36.696158" lon="-4.874419"><ele>204</ele></trkpt>
    <trkpt lat="36.696382" lon="-4.874428"><ele>203.6</ele></trkpt>
    <trkpt lat="36.696855" lon="-4.874331"><ele>202.5</ele></trkpt>
    <trkpt lat="36.69726" lon="-4.874249"><ele>201.6</ele></trkpt>
    <trkpt lat="36.69749" lon="-4.874237"><ele>201.2</ele></trkpt>
    <trkpt lat="36.697666" lon="-4.874286"><ele>200.7</ele></trkpt>
    <trkpt lat="36.697765" lon="-4.874339"><ele>200.4</ele></trkpt>
    <trkpt lat="36.697932" lon="-4.874494"><ele>199.8</ele></trkpt>
    <trkpt lat="36.698044" lon="-4.874686"><ele>199.1</ele></trkpt>
    <trkpt lat="36.698183" lon="-4.875004"><ele>198</ele></trkpt>
    <trkpt lat="36.698296" lon="-4.875178"><ele>197.2</ele></trkpt>
    <trkpt lat="36.698465" lon="-4.875321"><ele>196.3</ele></trkpt>
    <trkpt lat="36.698557" lon="-4.875364"><ele>195.9</ele></trkpt>
    <trkpt lat="36.698608" lon="-4.875379"><ele>195.6</ele></trkpt>
    <trkpt lat="36.698702" lon="-4.875397"><ele>195.2</ele></trkpt>
    <trkpt lat="36.699317" lon="-4.875431"><ele>192.8</ele></trkpt>
    <trkpt lat="36.699632" lon="-4.875516"><ele>192.5</ele></trkpt>
    <trkpt lat="36.699753" lon="-4.875587"><ele>192.6</ele></trkpt>
    <trkpt lat="36.69986" lon="-4.875681"><ele>192.8</ele></trkpt>
    <trkpt lat="36.700034" lon="-4.875909"><ele>193.4</ele></trkpt>
    <trkpt lat="36.700215" lon="-4.876144"><ele>194.5</ele></trkpt>
    <trkpt lat="36.700422" lon="-4.876312"><ele>195.8</ele></trkpt>
    <trkpt lat="36.700659" lon="-4.876366"><ele>197.2</ele></trkpt>
    <trkpt lat="36.70074" lon="-4.876344"><ele>197.6</ele></trkpt>
    <trkpt lat="36.700891" lon="-4.876305"><ele>198.5</ele></trkpt>
    <trkpt lat="36.701105" lon="-4.876168"><ele>200</ele></trkpt>
    <trkpt lat="36.701366" lon="-4.875947"><ele>202</ele></trkpt>
    <trkpt lat="36.701816" lon="-4.875594"><ele>205</ele></trkpt>
    <trkpt lat="36.702234" lon="-4.875415"><ele>207.3</ele></trkpt>
    <trkpt lat="36.70245" lon="-4.875258"><ele>208.6</ele></trkpt>
    <trkpt lat="36.702598" lon="-4.875068"><ele>209.9</ele></trkpt>
    <trkpt lat="36.702874" lon="-4.874559"><ele>213.3</ele></trkpt>
    <trkpt lat="36.702971" lon="-4.874435"><ele>214.3</ele></trkpt>
    <trkpt lat="36.70316" lon="-4.874273"><ele>216</ele></trkpt>
    <trkpt lat="36.703264" lon="-4.874225"><ele>216.8</ele></trkpt>
    <trkpt lat="36.703509" lon="-4.874201"><ele>218.8</ele></trkpt>
    <trkpt lat="36.703624" lon="-4.874225"><ele>219.8</ele></trkpt>
    <trkpt lat="36.704664" lon="-4.874675"><ele>228.9</ele></trkpt>
    <trkpt lat="36.705674" lon="-4.874958"><ele>236.2</ele></trkpt>
    <trkpt lat="36.706206" lon="-4.875045"><ele>240.1</ele></trkpt>
    <trkpt lat="36.70645" lon="-4.875116"><ele>241.9</ele></trkpt>
    <trkpt lat="36.706684" lon="-4.875272"><ele>244</ele></trkpt>
    <trkpt lat="36.707525" lon="-4.876003"><ele>250.9</ele></trkpt>
    <trkpt lat="36.70766" lon="-4.876093"><ele>251.7</ele></trkpt>
    <trkpt lat="36.708323" lon="-4.87634"><ele>255.1</ele></trkpt>
    <trkpt lat="36.708626" lon="-4.876398"><ele>256.4</ele></trkpt>
    <trkpt lat="36.708982" lon="-4.876342"><ele>257.8</ele></trkpt>
    <trkpt lat="36.709876" lon="-4.876111"><ele>262.3</ele></trkpt>
    <trkpt lat="36.710789" lon="-4.875688"><ele>268</ele></trkpt>
    <trkpt lat="36.711069" lon="-4.875604"><ele>269.7</ele></trkpt>
    <trkpt lat="36.711334" lon="-4.875591"><ele>271.3</ele></trkpt>
    <trkpt lat="36.711923" lon="-4.875624"><ele>274.8</ele></trkpt>
    <trkpt lat="36.712136" lon="-4.875588"><ele>276.1</ele></trkpt>
    <trkpt lat="36.712317" lon="-4.875504"><ele>277.2</ele></trkpt>
    <trkpt lat="36.713721" lon="-4.874372"><ele>287.6</ele></trkpt>
    <trkpt lat="36.713887" lon="-4.874209"><ele>289.2</ele></trkpt>
    <trkpt lat="36.714069" lon="-4.873961"><ele>291.4</ele></trkpt>
    <trkpt lat="36.714194" lon="-4.87368"><ele>293.7</ele></trkpt>
    <trkpt lat="36.714271" lon="-4.873365"><ele>296.1</ele></trkpt>
    <trkpt lat="36.714319" lon="-4.872581"><ele>301.8</ele></trkpt>
    <trkpt lat="36.714379" lon="-4.872247"><ele>303.6</ele></trkpt>
    <trkpt lat="36.714513" lon="-4.871947"><ele>305</ele></trkpt>
    <trkpt lat="36.714632" lon="-4.871785"><ele>305.6</ele></trkpt>
    <trkpt lat="36.715009" lon="-4.871492"><ele>306.6</ele></trkpt>
    <trkpt lat="36.715465" lon="-4.871241"><ele>306.5</ele></trkpt>
    <trkpt lat="36.715795" lon="-4.871116"><ele>306.2</ele></trkpt>
    <trkpt lat="36.716339" lon="-4.871006"><ele>306.5</ele></trkpt>
    <trkpt lat="36.716544" lon="-4.871006"><ele>306.8</ele></trkpt>
    <trkpt lat="36.716749" lon="-4.871083"><ele>307.1</ele></trkpt>
    <trkpt lat="36.716941" lon="-4.871262"><ele>307.3</ele></trkpt>
    <trkpt lat="36.71727" lon="-4.871814"><ele>307.2</ele></trkpt>
    <trkpt lat="36.717358" lon="-4.871908"><ele>307</ele></trkpt>
    <trkpt lat="36.717549" lon="-4.872032"><ele>306.6</ele></trkpt>
    <trkpt lat="36.717742" lon="-4.872074"><ele>306.1</ele></trkpt>
    <trkpt lat="36.717847" lon="-4.872068"><ele>305.8</ele></trkpt>
    <trkpt lat="36.718071" lon="-4.87199"><ele>305</ele></trkpt>
    <trkpt lat="36.718444" lon="-4.871764"><ele>303.4</ele></trkpt>
    <trkpt lat="36.718588" lon="-4.871706"><ele>302.7</ele></trkpt>
    <trkpt lat="36.719804" lon="-4.87146"><ele>302</ele></trkpt>
    <trkpt lat="36.719963" lon="-4.871398"><ele>302.7</ele></trkpt>
    <trkpt lat="36.720229" lon="-4.871223"><ele>304.4</ele></trkpt>
    <trkpt lat="36.720346" lon="-4.871093"><ele>305.5</ele></trkpt>
    <trkpt lat="36.720524" lon="-4.870793"><ele>307.9</ele></trkpt>
    <trkpt lat="36.720613" lon="-4.87049"><ele>310.1</ele></trkpt>
    <trkpt lat="36.720744" lon="-4.869581"><ele>315.5</ele></trkpt>
    <trkpt lat="36.720801" lon="-4.869413"><ele>316.3</ele></trkpt>
    <trkpt lat="36.72091" lon="-4.869209"><ele>317.2</ele></trkpt>
    <trkpt lat="36.721077" lon="-4.869068"><ele>318</ele></trkpt>
    <trkpt lat="36.721208" lon="-4.869004"><ele>318.4</ele></trkpt>
    <trkpt lat="36.721438" lon="-4.868953"><ele>319.1</ele></trkpt>
    <trkpt lat="36.721649" lon="-4.868957"><ele>319.7</ele></trkpt>
    <trkpt lat="36.722248" lon="-4.869026"><ele>321.2</ele></trkpt>
    <trkpt lat="36.722615" lon="-4.868996"><ele>322.4</ele></trkpt>
    <trkpt lat="36.723875" lon="-4.86852"><ele>327.5</ele></trkpt>
    <trkpt lat="36.724096" lon="-4.868454"><ele>328.5</ele></trkpt>
    <trkpt lat="36.724543" lon="-4.868382"><ele>330.8</ele></trkpt>
    <trkpt lat="36.724987" lon="-4.868381"><ele>333.6</ele></trkpt>
    <trkpt lat="36.725381" lon="-4.868436"><ele>336.3</ele></trkpt>
    <trkpt lat="36.725825" lon="-4.86857"><ele>339.4</ele></trkpt>
    <trkpt lat="36.726424" lon="-4.868814"><ele>342.7</ele></trkpt>
    <trkpt lat="36.726814" lon="-4.868938"><ele>343.3</ele></trkpt>
    <trkpt lat="36.727168" lon="-4.868965"><ele>343</ele></trkpt>
    <trkpt lat="36.727477" lon="-4.868877"><ele>342.4</ele></trkpt>
    <trkpt lat="36.727663" lon="-4.868767"><ele>342</ele></trkpt>
    <trkpt lat="36.72779" lon="-4.868656"><ele>341.7</ele></trkpt>
    <trkpt lat="36.727904" lon="-4.868521"><ele>341.4</ele></trkpt>
    <trkpt lat="36.728079" lon="-4.868198"><ele>341.2</ele></trkpt>
    <trkpt lat="36.728166" lon="-4.867857"><ele>341.3</ele></trkpt>
    <trkpt lat="36.728213" lon="-4.867158"><ele>344.1</ele></trkpt>
    <trkpt lat="36.728248" lon="-4.866515"><ele>349.2</ele></trkpt>
    <trkpt lat="36.728335" lon="-4.865943"><ele>355.2</ele></trkpt>
    <trkpt lat="36.728456" lon="-4.865486"><ele>360.3</ele></trkpt>
    <trkpt lat="36.728621" lon="-4.865136"><ele>364.8</ele></trkpt>
    <trkpt lat="36.728621" lon="-4.865136"><ele>364.6</ele></trkpt>
    <trkpt lat="36.728621" lon="-4.865136"><ele>364.6</ele></trkpt>
    <trkpt lat="36.728844" lon="-4.864913"><ele>368.4</ele></trkpt>
    <trkpt lat="36.728915" lon="-4.864865"><ele>369.5</ele></trkpt>
    <trkpt lat="36.728915" lon="-4.864865"><ele>369.2</ele></trkpt>
    <trkpt lat="36.728915" lon="-4.864865"><ele>369.2</ele></trkpt>
    <trkpt lat="36.729086" lon="-4.864905"><ele>371.4</ele></trkpt>
    <trkpt lat="36.729086" lon="-4.864905"><ele>371.2</ele></trkpt>
    <trkpt lat="36.729086" lon="-4.864905"><ele>371.2</ele></trkpt>
    <trkpt lat="36.729314" lon="-4.865095"><ele>374.4</ele></trkpt>
    <trkpt lat="36.729497" lon="-4.865461"><ele>376.9</ele></trkpt>
    <trkpt lat="36.729572" lon="-4.865961"><ele>379.6</ele></trkpt>
    <trkpt lat="36.729633" lon="-4.866468"><ele>381.4</ele></trkpt>
    <trkpt lat="36.729629" lon="-4.866803"><ele>382.2</ele></trkpt>
    <trkpt lat="36.729514" lon="-4.867129"><ele>383.2</ele></trkpt>
    <trkpt lat="36.729133" lon="-4.867803"><ele>386.4</ele></trkpt>
    <trkpt lat="36.729112" lon="-4.867901"><ele>386.9</ele></trkpt>
    <trkpt lat="36.729128" lon="-4.868069"><ele>387.7</ele></trkpt>
    <trkpt lat="36.729198" lon="-4.868211"><ele>388.5</ele></trkpt>
    <trkpt lat="36.729269" lon="-4.868283"><ele>389</ele></trkpt>
    <trkpt lat="36.729879" lon="-4.868718"><ele>392.8</ele></trkpt>
    <trkpt lat="36.730017" lon="-4.868881"><ele>393.9</ele></trkpt>
    <trkpt lat="36.730087" lon="-4.869066"><ele>394.8</ele></trkpt>
    <trkpt lat="36.730098" lon="-4.869161"><ele>395.3</ele></trkpt>
    <trkpt lat="36.73008" lon="-4.869368"><ele>396.2</ele></trkpt>
    <trkpt lat="36.730017" lon="-4.869618"><ele>397.3</ele></trkpt>
    <trkpt lat="36.730032" lon="-4.86983"><ele>398.1</ele></trkpt>
    <trkpt lat="36.730122" lon="-4.86998"><ele>398.6</ele></trkpt>
    <trkpt lat="36.73057" lon="-4.870505"><ele>401.6</ele></trkpt>
    <trkpt lat="36.73064" lon="-4.870673"><ele>402.8</ele></trkpt>
    <trkpt lat="36.73072" lon="-4.871001"><ele>405.1</ele></trkpt>
    <trkpt lat="36.730801" lon="-4.871125"><ele>406.1</ele></trkpt>
    <trkpt lat="36.730917" lon="-4.871214"><ele>407.2</ele></trkpt>
    <trkpt lat="36.731182" lon="-4.871353"><ele>409.4</ele></trkpt>
    <trkpt lat="36.731323" lon="-4.871494"><ele>410.6</ele></trkpt>
    <trkpt lat="36.731427" lon="-4.871687"><ele>411.9</ele></trkpt>
    <trkpt lat="36.731742" lon="-4.872485"><ele>418.8</ele></trkpt>
    <trkpt lat="36.731864" lon="-4.872681"><ele>420.9</ele></trkpt>
    <trkpt lat="36.732013" lon="-4.872789"><ele>422.7</ele></trkpt>
    <trkpt lat="36.732221" lon="-4.872844"><ele>424.9</ele></trkpt>
    <trkpt lat="36.732775" lon="-4.872813"><ele>430.7</ele></trkpt>
    <trkpt lat="36.73287" lon="-4.872819"><ele>431.7</ele></trkpt>
    <trkpt lat="36.733038" lon="-4.872897"><ele>433.5</ele></trkpt>
    <trkpt lat="36.734106" lon="-4.87371"><ele>442.1</ele></trkpt>
    <trkpt lat="36.734214" lon="-4.873876"><ele>443</ele></trkpt>
    <trkpt lat="36.734356" lon="-4.874354"><ele>445.7</ele></trkpt>
    <trkpt lat="36.734461" lon="-4.874478"><ele>446.8</ele></trkpt>
    <trkpt lat="36.734534" lon="-4.874515"><ele>447.5</ele></trkpt>
    <trkpt lat="36.734695" lon="-4.87454"><ele>448.9</ele></trkpt>
    <trkpt lat="36.734788" lon="-4.874528"><ele>449.7</ele></trkpt>
    <trkpt lat="36.73561" lon="-4.874226"><ele>458.8</ele></trkpt>
    <trkpt lat="36.736118" lon="-4.874207"><ele>464.8</ele></trkpt>
    <trkpt lat="36.736504" lon="-4.874151"><ele>468.9</ele></trkpt>
    <trkpt lat="36.736694" lon="-4.874062"><ele>470.6</ele></trkpt>
    <trkpt lat="36.736887" lon="-4.873894"><ele>472.3</ele></trkpt>
    <trkpt lat="36.73697" lon="-4.873856"><ele>472.9</ele></trkpt>
    <trkpt lat="36.73707" lon="-4.873857"><ele>473.5</ele></trkpt>
    <trkpt lat="36.737202" lon="-4.873934"><ele>474.3</ele></trkpt>
    <trkpt lat="36.737255" lon="-4.874004"><ele>474.7</ele></trkpt>
    <trkpt lat="36.737294" lon="-4.874155"><ele>475.2</ele></trkpt>
    <trkpt lat="36.737272" lon="-4.874326"><ele>475.6</ele></trkpt>
    <trkpt lat="36.737229" lon="-4.874409"><ele>475.7</ele></trkpt>
    <trkpt lat="36.736728" lon="-4.875026"><ele>474.9</ele></trkpt>
    <trkpt lat="36.735864" lon="-4.875956"><ele>471.5</ele></trkpt>
    <trkpt lat="36.735802" lon="-4.876168"><ele>471.7</ele></trkpt>
    <trkpt lat="36.735796" lon="-4.876318"><ele>472</ele></trkpt>
    <trkpt lat="36.735808" lon="-4.876659"><ele>473.3</ele></trkpt>
    <trkpt lat="36.735843" lon="-4.876766"><ele>474</ele></trkpt>
    <trkpt lat="36.7359" lon="-4.876855"><ele>474.6</ele></trkpt>
    <trkpt lat="36.736035" lon="-4.87695"><ele>475.9</ele></trkpt>
    <trkpt lat="36.736492" lon="-4.877004"><ele>480.7</ele></trkpt>
    <trkpt lat="36.736587" lon="-4.877"><ele>481.7</ele></trkpt>
    <trkpt lat="36.736692" lon="-4.876953"><ele>482.9</ele></trkpt>
    <trkpt lat="36.736998" lon="-4.876776"><ele>486.4</ele></trkpt>
    <trkpt lat="36.737198" lon="-4.876771"><ele>488.3</ele></trkpt>
    <trkpt lat="36.737291" lon="-4.876803"><ele>489.2</ele></trkpt>
    <trkpt lat="36.737378" lon="-4.876856"><ele>490</ele></trkpt>
    <trkpt lat="36.737517" lon="-4.876998"><ele>491.6</ele></trkpt>
    <trkpt lat="36.737623" lon="-4.877218"><ele>493.3</ele></trkpt>
    <trkpt lat="36.737759" lon="-4.877616"><ele>496</ele></trkpt>
    <trkpt lat="36.73788" lon="-4.877766"><ele>497.3</ele></trkpt>
    <trkpt lat="36.738042" lon="-4.877832"><ele>498.7</ele></trkpt>
    <trkpt lat="36.738154" lon="-4.877837"><ele>499.5</ele></trkpt>
    <trkpt lat="36.739038" lon="-4.877754"><ele>506.8</ele></trkpt>
    <trkpt lat="36.739248" lon="-4.877759"><ele>508.2</ele></trkpt>
    <trkpt lat="36.739432" lon="-4.877854"><ele>509.4</ele></trkpt>
    <trkpt lat="36.739502" lon="-4.877941"><ele>509.9</ele></trkpt>
    <trkpt lat="36.739578" lon="-4.878165"><ele>510.6</ele></trkpt>
    <trkpt lat="36.73957" lon="-4.878346"><ele>511</ele></trkpt>
    <trkpt lat="36.739508" lon="-4.878538"><ele>511.3</ele></trkpt>
    <trkpt lat="36.739362" lon="-4.878736"><ele>511.5</ele></trkpt>
    <trkpt lat="36.739152" lon="-4.878853"><ele>511.7</ele></trkpt>
    <trkpt lat="36.738692" lon="-4.878979"><ele>512.8</ele></trkpt>
    <trkpt lat="36.738593" lon="-4.879045"><ele>513.2</ele></trkpt>
    <trkpt lat="36.738513" lon="-4.879136"><ele>513.8</ele></trkpt>
    <trkpt lat="36.738456" lon="-4.879246"><ele>514.4</ele></trkpt>
    <trkpt lat="36.738425" lon="-4.87937"><ele>515.1</ele></trkpt>
    <trkpt lat="36.73845" lon="-4.879624"><ele>516.7</ele></trkpt>
    <trkpt lat="36.738562" lon="-4.879842"><ele>518.7</ele></trkpt>
    <trkpt lat="36.73885" lon="-4.880203"><ele>523.4</ele></trkpt>
    <trkpt lat="36.738903" lon="-4.880302"><ele>524.6</ele></trkpt>
    <trkpt lat="36.738954" lon="-4.880489"><ele>526.7</ele></trkpt>
    <trkpt lat="36.738955" lon="-4.880657"><ele>528.5</ele></trkpt>
    <trkpt lat="36.738918" lon="-4.880826"><ele>530.3</ele></trkpt>
    <trkpt lat="36.738846" lon="-4.88097"><ele>531.9</ele></trkpt>
    <trkpt lat="36.73873" lon="-4.881089"><ele>533.6</ele></trkpt>
    <trkpt lat="36.738567" lon="-4.881161"><ele>535.4</ele></trkpt>
    <trkpt lat="36.738472" lon="-4.881166"><ele>536.3</ele></trkpt>
    <trkpt lat="36.738277" lon="-4.881119"><ele>538.1</ele></trkpt>
    <trkpt lat="36.737991" lon="-4.88096"><ele>540.8</ele></trkpt>
    <trkpt lat="36.737506" lon="-4.880612"><ele>545.4</ele></trkpt>
    <trkpt lat="36.737418" lon="-4.880601"><ele>546</ele></trkpt>
    <trkpt lat="36.737331" lon="-4.880626"><ele>546.6</ele></trkpt>
    <trkpt lat="36.73725" lon="-4.880685"><ele>547.1</ele></trkpt>
    <trkpt lat="36.736955" lon="-4.88114"><ele>548.6</ele></trkpt>
    <trkpt lat="36.736785" lon="-4.881321"><ele>548.6</ele></trkpt>
    <trkpt lat="36.736655" lon="-4.881349"><ele>548.3</ele></trkpt>
    <trkpt lat="36.736416" lon="-4.881198"><ele>547.4</ele></trkpt>
    <trkpt lat="36.736298" lon="-4.880956"><ele>546.2</ele></trkpt>
    <trkpt lat="36.736213" lon="-4.880622"><ele>544.5</ele></trkpt>
    <trkpt lat="36.736118" lon="-4.880394"><ele>543.1</ele></trkpt>
    <trkpt lat="36.736047" lon="-4.880323"><ele>542.4</ele></trkpt>
    <trkpt lat="36.735872" lon="-4.880314"><ele>541.2</ele></trkpt>
    <trkpt lat="36.735793" lon="-4.880365"><ele>540.7</ele></trkpt>
    <trkpt lat="36.73567" lon="-4.880553"><ele>539.9</ele></trkpt>
    <trkpt lat="36.735356" lon="-4.881313"><ele>542.5</ele></trkpt>
    <trkpt lat="36.735245" lon="-4.881758"><ele>547.2</ele></trkpt>
    <trkpt lat="36.735201" lon="-4.882329"><ele>554.5</ele></trkpt>
    <trkpt lat="36.735172" lon="-4.882462"><ele>556.1</ele></trkpt>
    <trkpt lat="36.735025" lon="-4.88273"><ele>559.8</ele></trkpt>
    <trkpt lat="36.734951" lon="-4.882828"><ele>561.2</ele></trkpt>
    <trkpt lat="36.734871" lon="-4.882884"><ele>562.3</ele></trkpt>
    <trkpt lat="36.734786" lon="-4.882906"><ele>563.3</ele></trkpt>
    <trkpt lat="36.734684" lon="-4.882896"><ele>564.5</ele></trkpt>
    <trkpt lat="36.734586" lon="-4.882848"><ele>565.6</ele></trkpt>
    <trkpt lat="36.734314" lon="-4.882573"><ele>567.7</ele></trkpt>
    <trkpt lat="36.734195" lon="-4.882498"><ele>567.8</ele></trkpt>
    <trkpt lat="36.734003" lon="-4.882466"><ele>567.5</ele></trkpt>
    <trkpt lat="36.733873" lon="-4.882508"><ele>566.8</ele></trkpt>
    <trkpt lat="36.733795" lon="-4.882567"><ele>566.2</ele></trkpt>
    <trkpt lat="36.733717" lon="-4.882683"><ele>565.2</ele></trkpt>
    <trkpt lat="36.733688" lon="-4.882774"><ele>564.3</ele></trkpt>
    <trkpt lat="36.733669" lon="-4.882865"><ele>563.5</ele></trkpt>
    <trkpt lat="36.733678" lon="-4.883031"><ele>562</ele></trkpt>
    <trkpt lat="36.734029" lon="-4.883982"><ele>552.7</ele></trkpt>
    <trkpt lat="36.734197" lon="-4.88463"><ele>547.5</ele></trkpt>
    <trkpt lat="36.734466" lon="-4.88495"><ele>545.9</ele></trkpt>
    <trkpt lat="36.734499" lon="-4.885069"><ele>545.7</ele></trkpt>
    <trkpt lat="36.73453" lon="-4.885422"><ele>545.1</ele></trkpt>
    <trkpt lat="36.734575" lon="-4.885556"><ele>544.9</ele></trkpt>
    <trkpt lat="36.734696" lon="-4.885709"><ele>544.5</ele></trkpt>
    <trkpt lat="36.734955" lon="-4.885894"><ele>543.7</ele></trkpt>
    <trkpt lat="36.735023" lon="-4.885968"><ele>543.4</ele></trkpt>
    <trkpt lat="36.735075" lon="-4.886072"><ele>543.1</ele></trkpt>
    <trkpt lat="36.735092" lon="-4.886254"><ele>542.6</ele></trkpt>
    <trkpt lat="36.734987" lon="-4.886705"><ele>541.5</ele></trkpt>
    <trkpt lat="36.734986" lon="-4.88686"><ele>541</ele></trkpt>
    <trkpt lat="36.735014" lon="-4.887029"><ele>540.5</ele></trkpt>
    <trkpt lat="36.735327" lon="-4.888076"><ele>537.9</ele></trkpt>
    <trkpt lat="36.735377" lon="-4.888558"><ele>538.6</ele></trkpt>
    <trkpt lat="36.735415" lon="-4.888817"><ele>539.1</ele></trkpt>
    <trkpt lat="36.735547" lon="-4.889207"><ele>539.9</ele></trkpt>
    <trkpt lat="36.735677" lon="-4.889518"><ele>540.2</ele></trkpt>
    <trkpt lat="36.73569" lon="-4.889599"><ele>540.2</ele></trkpt>
    <trkpt lat="36.735673" lon="-4.889702"><ele>540.3</ele></trkpt>
    <trkpt lat="36.735459" lon="-4.890187"><ele>541.2</ele></trkpt>
    <trkpt lat="36.735381" lon="-4.890278"><ele>541.5</ele></trkpt>
    <trkpt lat="36.735002" lon="-4.890515"><ele>543</ele></trkpt>
    <trkpt lat="36.734877" lon="-4.890691"><ele>543.6</ele></trkpt>
    <trkpt lat="36.734826" lon="-4.890826"><ele>544.1</ele></trkpt>
    <trkpt lat="36.734599" lon="-4.891553"><ele>548</ele></trkpt>
    <trkpt lat="36.734507" lon="-4.891996"><ele>550.9</ele></trkpt>
    <trkpt lat="36.734453" lon="-4.892367"><ele>553</ele></trkpt>
    <trkpt lat="36.73445" lon="-4.892573"><ele>554</ele></trkpt>
    <trkpt lat="36.734501" lon="-4.892881"><ele>555.3</ele></trkpt>
    <trkpt lat="36.734585" lon="-4.893129"><ele>556.1</ele></trkpt>
    <trkpt lat="36.735636" lon="-4.895292"><ele>555.2</ele></trkpt>
    <trkpt lat="36.735727" lon="-4.895459"><ele>555.3</ele></trkpt>
    <trkpt lat="36.736195" lon="-4.896129"><ele>556</ele></trkpt>
    <trkpt lat="36.736233" lon="-4.896268"><ele>556.2</ele></trkpt>
    <trkpt lat="36.736238" lon="-4.89639"><ele>556.4</ele></trkpt>
    <trkpt lat="36.736167" lon="-4.896556"><ele>556.8</ele></trkpt>
    <trkpt lat="36.73602" lon="-4.896664"><ele>557.1</ele></trkpt>
    <trkpt lat="36.735658" lon="-4.896798"><ele>558.1</ele></trkpt>
    <trkpt lat="36.735584" lon="-4.896868"><ele>558.3</ele></trkpt>
    <trkpt lat="36.735484" lon="-4.897064"><ele>558.9</ele></trkpt>
    <trkpt lat="36.735454" lon="-4.897288"><ele>559.5</ele></trkpt>
    <trkpt lat="36.73549" lon="-4.89752"><ele>560.2</ele></trkpt>
    <trkpt lat="36.735744" lon="-4.898423"><ele>565.5</ele></trkpt>
    <trkpt lat="36.735858" lon="-4.898891"><ele>569.6</ele></trkpt>
    <trkpt lat="36.735871" lon="-4.899133"><ele>571.6</ele></trkpt>
    <trkpt lat="36.735834" lon="-4.899372"><ele>573.5</ele></trkpt>
    <trkpt lat="36.735746" lon="-4.899594"><ele>575.4</ele></trkpt>
    <trkpt lat="36.735658" lon="-4.899724"><ele>576.5</ele></trkpt>
    <trkpt lat="36.735523" lon="-4.899876"><ele>577.9</ele></trkpt>
    <trkpt lat="36.735228" lon="-4.90007"><ele>579.9</ele></trkpt>
    <trkpt lat="36.735023" lon="-4.900143"><ele>580.8</ele></trkpt>
    <trkpt lat="36.734705" lon="-4.900141"><ele>581.8</ele></trkpt>
    <trkpt lat="36.734602" lon="-4.900154"><ele>581.9</ele></trkpt>
    <trkpt lat="36.734517" lon="-4.900198"><ele>582</ele></trkpt>
    <trkpt lat="36.734438" lon="-4.900262"><ele>582</ele></trkpt>
    <trkpt lat="36.734268" lon="-4.9005"><ele>582.1</ele></trkpt>
    <trkpt lat="36.734209" lon="-4.900651"><ele>582</ele></trkpt>
    <trkpt lat="36.734194" lon="-4.900768"><ele>582.1</ele></trkpt>
    <trkpt lat="36.734204" lon="-4.900889"><ele>582.1</ele></trkpt>
    <trkpt lat="36.734368" lon="-4.901502"><ele>582.8</ele></trkpt>
    <trkpt lat="36.734358" lon="-4.901763"><ele>583.7</ele></trkpt>
    <trkpt lat="36.734259" lon="-4.902412"><ele>587.2</ele></trkpt>
    <trkpt lat="36.73428" lon="-4.902633"><ele>588.5</ele></trkpt>
    <trkpt lat="36.73432" lon="-4.902727"><ele>589.2</ele></trkpt>
    <trkpt lat="36.734451" lon="-4.902865"><ele>590.5</ele></trkpt>
    <trkpt lat="36.734629" lon="-4.902929"><ele>591.9</ele></trkpt>
    <trkpt lat="36.734952" lon="-4.902934"><ele>594.1</ele></trkpt>
    <trkpt lat="36.735281" lon="-4.902851"><ele>596.1</ele></trkpt>
    <trkpt lat="36.735466" lon="-4.902845"><ele>597</ele></trkpt>
    <trkpt lat="36.735541" lon="-4.90288"><ele>597.3</ele></trkpt>
    <trkpt lat="36.735598" lon="-4.902942"><ele>597.5</ele></trkpt>
    <trkpt lat="36.735638" lon="-4.903021"><ele>597.7</ele></trkpt>
    <trkpt lat="36.735662" lon="-4.903212"><ele>597.9</ele></trkpt>
    <trkpt lat="36.735598" lon="-4.903401"><ele>597.9</ele></trkpt>
    <trkpt lat="36.735533" lon="-4.903475"><ele>597.9</ele></trkpt>
    <trkpt lat="36.735453" lon="-4.903529"><ele>597.9</ele></trkpt>
    <trkpt lat="36.734831" lon="-4.903786"><ele>597.4</ele></trkpt>
    <trkpt lat="36.734655" lon="-4.903916"><ele>597.7</ele></trkpt>
    <trkpt lat="36.73435" lon="-4.904295"><ele>599.5</ele></trkpt>
    <trkpt lat="36.733876" lon="-4.904735"><ele>601.8</ele></trkpt>
    <trkpt lat="36.733767" lon="-4.904836"><ele>602.2</ele></trkpt>
    <trkpt lat="36.73367" lon="-4.905009"><ele>602.5</ele></trkpt>
    <trkpt lat="36.733634" lon="-4.905268"><ele>602.8</ele></trkpt>
    <trkpt lat="36.733638" lon="-4.905586"><ele>603</ele></trkpt>
    <trkpt lat="36.733605" lon="-4.905825"><ele>603.1</ele></trkpt>
    <trkpt lat="36.733387" lon="-4.906346"><ele>603.3</ele></trkpt>
    <trkpt lat="36.733363" lon="-4.906552"><ele>603.4</ele></trkpt>
    <trkpt lat="36.733418" lon="-4.906745"><ele>603.6</ele></trkpt>
    <trkpt lat="36.733472" lon="-4.906827"><ele>603.8</ele></trkpt>
    <trkpt lat="36.733541" lon="-4.90689"><ele>604</ele></trkpt>
    <trkpt lat="36.73377" lon="-4.90702"><ele>605</ele></trkpt>
    <trkpt lat="36.733878" lon="-4.907146"><ele>605.7</ele></trkpt>
    <trkpt lat="36.733915" lon="-4.907331"><ele>606.4</ele></trkpt>
    <trkpt lat="36.733906" lon="-4.907441"><ele>606.9</ele></trkpt>
    <trkpt lat="36.733866" lon="-4.907538"><ele>607.3</ele></trkpt>
    <trkpt lat="36.73379" lon="-4.907597"><ele>607.7</ele></trkpt>
    <trkpt lat="36.733583" lon="-4.907642"><ele>608.5</ele></trkpt>
    <trkpt lat="36.73324" lon="-4.907665"><ele>609.5</ele></trkpt>
    <trkpt lat="36.732898" lon="-4.907648"><ele>609.6</ele></trkpt>
    <trkpt lat="36.732794" lon="-4.907614"><ele>609.5</ele></trkpt>
    <trkpt lat="36.732703" lon="-4.90755"><ele>609.5</ele></trkpt>
    <trkpt lat="36.732557" lon="-4.907379"><ele>609.3</ele></trkpt>
    <trkpt lat="36.732414" lon="-4.907261"><ele>609.1</ele></trkpt>
    <trkpt lat="36.73226" lon="-4.907246"><ele>609.1</ele></trkpt>
    <trkpt lat="36.73219" lon="-4.907285"><ele>609</ele></trkpt>
    <trkpt lat="36.732092" lon="-4.907449"><ele>609.1</ele></trkpt>
    <trkpt lat="36.731996" lon="-4.908019"><ele>609.8</ele></trkpt>
    <trkpt lat="36.731885" lon="-4.908214"><ele>610.3</ele></trkpt>
    <trkpt lat="36.731716" lon="-4.908336"><ele>611.2</ele></trkpt>
    <trkpt lat="36.731615" lon="-4.908359"><ele>611.8</ele></trkpt>
    <trkpt lat="36.731319" lon="-4.908327"><ele>614</ele></trkpt>
    <trkpt lat="36.731153" lon="-4.908358"><ele>615.2</ele></trkpt>
    <trkpt lat="36.73109" lon="-4.90841"><ele>615.8</ele></trkpt>
    <trkpt lat="36.73104" lon="-4.908509"><ele>616.5</ele></trkpt>
    <trkpt lat="36.731032" lon="-4.908539"><ele>616.7</ele></trkpt>
    <trkpt lat="36.731023" lon="-4.908662"><ele>617.4</ele></trkpt>
    <trkpt lat="36.731045" lon="-4.90875"><ele>617.9</ele></trkpt>
    <trkpt lat="36.731086" lon="-4.908827"><ele>618.3</ele></trkpt>
    <trkpt lat="36.731216" lon="-4.908909"><ele>619.3</ele></trkpt>
    <trkpt lat="36.731362" lon="-4.908912"><ele>620.1</ele></trkpt>
    <trkpt lat="36.731909" lon="-4.9088"><ele>623.7</ele></trkpt>
    <trkpt lat="36.732112" lon="-4.908723"><ele>625.3</ele></trkpt>
    <trkpt lat="36.732179" lon="-4.90867"><ele>625.8</ele></trkpt>
    <trkpt lat="36.732433" lon="-4.908371"><ele>628.1</ele></trkpt>
    <trkpt lat="36.732512" lon="-4.908312"><ele>628.6</ele></trkpt>
    <trkpt lat="36.732681" lon="-4.908272"><ele>629.8</ele></trkpt>
    <trkpt lat="36.732994" lon="-4.908292"><ele>631.9</ele></trkpt>
    <trkpt lat="36.733822" lon="-4.908612"><ele>640.7</ele></trkpt>
    <trkpt lat="36.733907" lon="-4.908659"><ele>641.7</ele></trkpt>
    <trkpt lat="36.734021" lon="-4.908821"><ele>643.6</ele></trkpt>
    <trkpt lat="36.734053" lon="-4.908904"><ele>644.4</ele></trkpt>
    <trkpt lat="36.734067" lon="-4.909098"><ele>646</ele></trkpt>
    <trkpt lat="36.733865" lon="-4.909873"><ele>651.7</ele></trkpt>
    <trkpt lat="36.733756" lon="-4.910189"><ele>653.8</ele></trkpt>
    <trkpt lat="36.73309" lon="-4.911686"><ele>658.2</ele></trkpt>
    <trkpt lat="36.732972" lon="-4.912136"><ele>659.1</ele></trkpt>
    <trkpt lat="36.732917" lon="-4.912486"><ele>659.9</ele></trkpt>
    <trkpt lat="36.732895" lon="-4.912639"><ele>660.3</ele></trkpt>
    <trkpt lat="36.73284" lon="-4.912943"><ele>661.2</ele></trkpt>
    <trkpt lat="36.732715" lon="-4.913293"><ele>662.5</ele></trkpt>
    <trkpt lat="36.73213" lon="-4.91431"><ele>669.5</ele></trkpt>
    <trkpt lat="36.732088" lon="-4.914396"><ele>670.1</ele></trkpt>
    <trkpt lat="36.732003" lon="-4.914569"><ele>671.4</ele></trkpt>
    <trkpt lat="36.731987" lon="-4.914763"><ele>672.7</ele></trkpt>
    <trkpt lat="36.732033" lon="-4.914936"><ele>673.9</ele></trkpt>
    <trkpt lat="36.732123" lon="-4.915021"><ele>674.8</ele></trkpt>
    <trkpt lat="36.73218" lon="-4.915065"><ele>675.3</ele></trkpt>
    <trkpt lat="36.73283" lon="-4.91516"><ele>680.3</ele></trkpt>
    <trkpt lat="36.733012" lon="-4.915213"><ele>681.6</ele></trkpt>
    <trkpt lat="36.733185" lon="-4.915343"><ele>683</ele></trkpt>
    <trkpt lat="36.733678" lon="-4.915842"><ele>686.7</ele></trkpt>
    <trkpt lat="36.733875" lon="-4.915924"><ele>687.8</ele></trkpt>
    <trkpt lat="36.73448" lon="-4.916057"><ele>690.6</ele></trkpt>
    <trkpt lat="36.734626" lon="-4.916125"><ele>691.2</ele></trkpt>
    <trkpt lat="36.734701" lon="-4.916215"><ele>691.6</ele></trkpt>
    <trkpt lat="36.734998" lon="-4.916885"><ele>693.7</ele></trkpt>
    <trkpt lat="36.735315" lon="-4.917204"><ele>694.8</ele></trkpt>
    <trkpt lat="36.735514" lon="-4.91744"><ele>695.5</ele></trkpt>
    <trkpt lat="36.735768" lon="-4.917801"><ele>696.6</ele></trkpt>
    <trkpt lat="36.735898" lon="-4.917976"><ele>697.1</ele></trkpt>
    <trkpt lat="36.735919" lon="-4.918094"><ele>697.4</ele></trkpt>
    <trkpt lat="36.735926" lon="-4.918101"><ele>697.5</ele></trkpt>
    <trkpt lat="36.73594" lon="-4.918175"><ele>697.7</ele></trkpt>
    <trkpt lat="36.735925" lon="-4.918204"><ele>697.8</ele></trkpt>
    <trkpt lat="36.735928" lon="-4.918328"><ele>698.1</ele></trkpt>
    <trkpt lat="36.735862" lon="-4.918794"><ele>699.3</ele></trkpt>
    <trkpt lat="36.735772" lon="-4.919505"><ele>701.2</ele></trkpt>
    <trkpt lat="36.735764" lon="-4.91978"><ele>702.1</ele></trkpt>
    <trkpt lat="36.735825" lon="-4.919975"><ele>702.8</ele></trkpt>
    <trkpt lat="36.73594" lon="-4.920091"><ele>703.4</ele></trkpt>
    <trkpt lat="36.73608" lon="-4.920117"><ele>704.1</ele></trkpt>
    <trkpt lat="36.736225" lon="-4.920061"><ele>704.8</ele></trkpt>
    <trkpt lat="36.736524" lon="-4.919616"><ele>707.4</ele></trkpt>
    <trkpt lat="36.736707" lon="-4.919467"><ele>708.9</ele></trkpt>
    <trkpt lat="36.736865" lon="-4.91946"><ele>710</ele></trkpt>
    <trkpt lat="36.737366" lon="-4.919687"><ele>714.5</ele></trkpt>
    <trkpt lat="36.737532" lon="-4.919828"><ele>716.4</ele></trkpt>
    <trkpt lat="36.737625" lon="-4.920003"><ele>718</ele></trkpt>
    <trkpt lat="36.737658" lon="-4.920113"><ele>718.9</ele></trkpt>
    <trkpt lat="36.737867" lon="-4.921367"><ele>727.1</ele></trkpt>
    <trkpt lat="36.737919" lon="-4.921704"><ele>728.6</ele></trkpt>
    <trkpt lat="36.737986" lon="-4.921957"><ele>729.6</ele></trkpt>
    <trkpt lat="36.738216" lon="-4.922473"><ele>731.4</ele></trkpt>
    <trkpt lat="36.738336" lon="-4.92258"><ele>731.8</ele></trkpt>
    <trkpt lat="36.738426" lon="-4.922612"><ele>732.1</ele></trkpt>
    <trkpt lat="36.738461" lon="-4.922675"><ele>732.3</ele></trkpt>
    <trkpt lat="36.738464" lon="-4.922751"><ele>732.4</ele></trkpt>
    <trkpt lat="36.738477" lon="-4.922785"><ele>732.5</ele></trkpt>
    <trkpt lat="36.738548" lon="-4.922926"><ele>732.9</ele></trkpt>
    <trkpt lat="36.739047" lon="-4.923373"><ele>735.2</ele></trkpt>
    <trkpt lat="36.739143" lon="-4.923463"><ele>735.7</ele></trkpt>
    <trkpt lat="36.739599" lon="-4.923858"><ele>738.4</ele></trkpt>
    <trkpt lat="36.739782" lon="-4.923959"><ele>739.6</ele></trkpt>
    <trkpt lat="36.740376" lon="-4.924202"><ele>743.7</ele></trkpt>
    <trkpt lat="36.740466" lon="-4.92421"><ele>744.4</ele></trkpt>
    <trkpt lat="36.740553" lon="-4.92418"><ele>745</ele></trkpt>
    <trkpt lat="36.740879" lon="-4.923923"><ele>747.7</ele></trkpt>
    <trkpt lat="36.740971" lon="-4.923897"><ele>748.4</ele></trkpt>
    <trkpt lat="36.741125" lon="-4.923942"><ele>749.6</ele></trkpt>
    <trkpt lat="36.741345" lon="-4.924153"><ele>751.6</ele></trkpt>
    <trkpt lat="36.741506" lon="-4.924228"><ele>752.9</ele></trkpt>
    <trkpt lat="36.741598" lon="-4.924211"><ele>753.6</ele></trkpt>
    <trkpt lat="36.741836" lon="-4.924064"><ele>755.5</ele></trkpt>
    <trkpt lat="36.741934" lon="-4.924049"><ele>756.2</ele></trkpt>
    <trkpt lat="36.742236" lon="-4.924132"><ele>758.5</ele></trkpt>
    <trkpt lat="36.742406" lon="-4.924142"><ele>759.7</ele></trkpt>
    <trkpt lat="36.743352" lon="-4.924082"><ele>765.2</ele></trkpt>
    <trkpt lat="36.74352" lon="-4.924166"><ele>766</ele></trkpt>
    <trkpt lat="36.743655" lon="-4.924338"><ele>766.6</ele></trkpt>
    <trkpt lat="36.743704" lon="-4.924459"><ele>766.9</ele></trkpt>
    <trkpt lat="36.743752" lon="-4.924759"><ele>767.3</ele></trkpt>
    <trkpt lat="36.743762" lon="-4.924856"><ele>767.4</ele></trkpt>
    <trkpt lat="36.743715" lon="-4.925033"><ele>767.5</ele></trkpt>
    <trkpt lat="36.743622" lon="-4.92514"><ele>767.6</ele></trkpt>
    <trkpt lat="36.743543" lon="-4.925168"><ele>767.6</ele></trkpt>
    <trkpt lat="36.743183" lon="-4.92515"><ele>767.8</ele></trkpt>
    <trkpt lat="36.742963" lon="-4.925237"><ele>768.3</ele></trkpt>
    <trkpt lat="36.742828" lon="-4.925348"><ele>768.9</ele></trkpt>
    <trkpt lat="36.742756" lon="-4.925445"><ele>769.2</ele></trkpt>
    <trkpt lat="36.742679" lon="-4.92566"><ele>770</ele></trkpt>
    <trkpt lat="36.742669" lon="-4.926193"><ele>772.6</ele></trkpt>
    <trkpt lat="36.742713" lon="-4.926474"><ele>774.5</ele></trkpt>
    <trkpt lat="36.742817" lon="-4.926745"><ele>776.9</ele></trkpt>
    <trkpt lat="36.743142" lon="-4.927236"><ele>782.8</ele></trkpt>
    <trkpt lat="36.743345" lon="-4.927614"><ele>787.1</ele></trkpt>
    <trkpt lat="36.74343" lon="-4.927719"><ele>788.5</ele></trkpt>
    <trkpt lat="36.743858" lon="-4.928066"><ele>794.1</ele></trkpt>
    <trkpt lat="36.74456" lon="-4.928734"><ele>801.5</ele></trkpt>
    <trkpt lat="36.74473" lon="-4.928818"><ele>802.7</ele></trkpt>
    <trkpt lat="36.744818" lon="-4.928827"><ele>803.2</ele></trkpt>
    <trkpt lat="36.744993" lon="-4.928764"><ele>804.4</ele></trkpt>
    <trkpt lat="36.745068" lon="-4.92869"><ele>805.1</ele></trkpt>
    <trkpt lat="36.745173" lon="-4.928479"><ele>806.5</ele></trkpt>
    <trkpt lat="36.745318" lon="-4.928038"><ele>809.1</ele></trkpt>
    <trkpt lat="36.745372" lon="-4.927957"><ele>809.7</ele></trkpt>
    <trkpt lat="36.745519" lon="-4.927834"><ele>810.8</ele></trkpt>
    <trkpt lat="36.745704" lon="-4.92779"><ele>811.8</ele></trkpt>
    <trkpt lat="36.745801" lon="-4.927818"><ele>812.3</ele></trkpt>
    <trkpt lat="36.746003" lon="-4.927935"><ele>813.2</ele></trkpt>
    <trkpt lat="36.746332" lon="-4.928126"><ele>814.3</ele></trkpt>
    <trkpt lat="36.746394" lon="-4.928212"><ele>814.4</ele></trkpt>
    <trkpt lat="36.746441" lon="-4.928266"><ele>814.4</ele></trkpt>
    <trkpt lat="36.746506" lon="-4.92841"><ele>814.5</ele></trkpt>
    <trkpt lat="36.746554" lon="-4.928922"><ele>813.3</ele></trkpt>
    <trkpt lat="36.746599" lon="-4.929136"><ele>812.4</ele></trkpt>
    <trkpt lat="36.746865" lon="-4.929633"><ele>808.8</ele></trkpt>
    <trkpt lat="36.747002" lon="-4.929785"><ele>807.3</ele></trkpt>
    <trkpt lat="36.747085" lon="-4.929828"><ele>806.5</ele></trkpt>
    <trkpt lat="36.74736" lon="-4.929839"><ele>804.2</ele></trkpt>
    <trkpt lat="36.747778" lon="-4.929672"><ele>800.6</ele></trkpt>
    <trkpt lat="36.74854" lon="-4.929032"><ele>793.8</ele></trkpt>
    <trkpt lat="36.748625" lon="-4.928998"><ele>793.2</ele></trkpt>
    <trkpt lat="36.74913" lon="-4.928982"><ele>789.8</ele></trkpt>
    <trkpt lat="36.749522" lon="-4.929058"><ele>787.4</ele></trkpt>
    <trkpt lat="36.749712" lon="-4.929048"><ele>786.3</ele></trkpt>
    <trkpt lat="36.749903" lon="-4.92894"><ele>785.3</ele></trkpt>
    <trkpt lat="36.750281" lon="-4.928786"><ele>783.6</ele></trkpt>
    <trkpt lat="36.750402" lon="-4.928769"><ele>783.1</ele></trkpt>
    <trkpt lat="36.750527" lon="-4.928805"><ele>782.6</ele></trkpt>
    <trkpt lat="36.750652" lon="-4.928945"><ele>782</ele></trkpt>
    <trkpt lat="36.750851" lon="-4.929349"><ele>780.5</ele></trkpt>
    <trkpt lat="36.751022" lon="-4.929483"><ele>779.5</ele></trkpt>
    <trkpt lat="36.751481" lon="-4.929727"><ele>776.4</ele></trkpt>
    <trkpt lat="36.751791" lon="-4.930083"><ele>773.4</ele></trkpt>
    <trkpt lat="36.751917" lon="-4.930115"><ele>772.5</ele></trkpt>
    <trkpt lat="36.752078" lon="-4.930072"><ele>771.3</ele></trkpt>
    <trkpt lat="36.752393" lon="-4.929878"><ele>768.8</ele></trkpt>
    <trkpt lat="36.752493" lon="-4.929855"><ele>768.1</ele></trkpt>
    <trkpt lat="36.752944" lon="-4.929978"><ele>764.9</ele></trkpt>
    <trkpt lat="36.753105" lon="-4.930075"><ele>764</ele></trkpt>
    <trkpt lat="36.753226" lon="-4.93018"><ele>763.3</ele></trkpt>
    <trkpt lat="36.753493" lon="-4.930557"><ele>761.9</ele></trkpt>
    <trkpt lat="36.75359" lon="-4.930655"><ele>761.4</ele></trkpt>
    <trkpt lat="36.753757" lon="-4.930749"><ele>760.5</ele></trkpt>
    <trkpt lat="36.753931" lon="-4.930704"><ele>759.5</ele></trkpt>
    <trkpt lat="36.754283" lon="-4.930527"><ele>757.2</ele></trkpt>
    <trkpt lat="36.754429" lon="-4.930525"><ele>756.4</ele></trkpt>
    <trkpt lat="36.754564" lon="-4.930578"><ele>755.6</ele></trkpt>
    <trkpt lat="36.754855" lon="-4.930769"><ele>753.7</ele></trkpt>
    <trkpt lat="36.755131" lon="-4.930835"><ele>751.8</ele></trkpt>
    <trkpt lat="36.75545" lon="-4.930822"><ele>749.3</ele></trkpt>
    <trkpt lat="36.755792" lon="-4.93071"><ele>746.4</ele></trkpt>
    <trkpt lat="36.755937" lon="-4.930732"><ele>745.1</ele></trkpt>
    <trkpt lat="36.755998" lon="-4.930778"><ele>744.5</ele></trkpt>
    <trkpt lat="36.756091" lon="-4.930914"><ele>743.3</ele></trkpt>
    <trkpt lat="36.756804" lon="-4.931982"><ele>731.3</ele></trkpt>
    <trkpt lat="36.756902" lon="-4.932149"><ele>729.2</ele></trkpt>
    <trkpt lat="36.756947" lon="-4.932297"><ele>727.7</ele></trkpt>
    <trkpt lat="36.756961" lon="-4.932558"><ele>725.3</ele></trkpt>
    <trkpt lat="36.756919" lon="-4.93278"><ele>723.3</ele></trkpt>
    <trkpt lat="36.756796" lon="-4.933107"><ele>720.7</ele></trkpt>
    <trkpt lat="36.756749" lon="-4.933354"><ele>719</ele></trkpt>
    <trkpt lat="36.75675" lon="-4.933707"><ele>717.1</ele></trkpt>
    <trkpt lat="36.756798" lon="-4.933897"><ele>716.3</ele></trkpt>
    <trkpt lat="36.756843" lon="-4.933969"><ele>715.9</ele></trkpt>
    <trkpt lat="36.756966" lon="-4.934057"><ele>715.3</ele></trkpt>
    <trkpt lat="36.757109" lon="-4.934067"><ele>714.6</ele></trkpt>
    <trkpt lat="36.757505" lon="-4.933956"><ele>712.7</ele></trkpt>
    <trkpt lat="36.757627" lon="-4.933976"><ele>712.1</ele></trkpt>
    <trkpt lat="36.757781" lon="-4.934099"><ele>711.1</ele></trkpt>
    <trkpt lat="36.757849" lon="-4.934227"><ele>710.4</ele></trkpt>
    <trkpt lat="36.75788" lon="-4.934457"><ele>709.3</ele></trkpt>
    <trkpt lat="36.757832" lon="-4.934786"><ele>707.4</ele></trkpt>
    <trkpt lat="36.757706" lon="-4.935165"><ele>704.9</ele></trkpt>
    <trkpt lat="36.757711" lon="-4.935307"><ele>703.9</ele></trkpt>
    <trkpt lat="36.757778" lon="-4.935426"><ele>702.9</ele></trkpt>
    <trkpt lat="36.757832" lon="-4.935462"><ele>702.4</ele></trkpt>
    <trkpt lat="36.757958" lon="-4.935473"><ele>701.2</ele></trkpt>
    <trkpt lat="36.758146" lon="-4.935443"><ele>699.4</ele></trkpt>
    <trkpt lat="36.758257" lon="-4.935479"><ele>698.4</ele></trkpt>
    <trkpt lat="36.758338" lon="-4.935571"><ele>697.4</ele></trkpt>
    <trkpt lat="36.75838" lon="-4.935696"><ele>696.4</ele></trkpt>
    <trkpt lat="36.758355" lon="-4.935904"><ele>694.9</ele></trkpt>
    <trkpt lat="36.758243" lon="-4.936085"><ele>693.2</ele></trkpt>
    <trkpt lat="36.758138" lon="-4.936179"><ele>692</ele></trkpt>
    <trkpt lat="36.757809" lon="-4.936368"><ele>688.6</ele></trkpt>
    <trkpt lat="36.757683" lon="-4.936471"><ele>687.2</ele></trkpt>
    <trkpt lat="36.757401" lon="-4.936793"><ele>683.9</ele></trkpt>
    <trkpt lat="36.757304" lon="-4.936942"><ele>682.7</ele></trkpt>
    <trkpt lat="36.757266" lon="-4.937111"><ele>681.6</ele></trkpt>
    <trkpt lat="36.757292" lon="-4.937283"><ele>680.6</ele></trkpt>
    <trkpt lat="36.757382" lon="-4.937426"><ele>679.7</ele></trkpt>
    <trkpt lat="36.757512" lon="-4.937524"><ele>678.7</ele></trkpt>
    <trkpt lat="36.757665" lon="-4.937566"><ele>677.8</ele></trkpt>
    <trkpt lat="36.757996" lon="-4.937585"><ele>676.1</ele></trkpt>
    <trkpt lat="36.758428" lon="-4.937753"><ele>673.9</ele></trkpt>
    <trkpt lat="36.758625" lon="-4.937761"><ele>672.9</ele></trkpt>
    <trkpt lat="36.759311" lon="-4.937607"><ele>668.2</ele></trkpt>
    <trkpt lat="36.759467" lon="-4.937508"><ele>666.7</ele></trkpt>
    <trkpt lat="36.759623" lon="-4.937251"><ele>664.4</ele></trkpt>
    <trkpt lat="36.759758" lon="-4.937168"><ele>663.2</ele></trkpt>
    <trkpt lat="36.759911" lon="-4.937177"><ele>661.9</ele></trkpt>
    <trkpt lat="36.760424" lon="-4.937371"><ele>658.3</ele></trkpt>
    <trkpt lat="36.760608" lon="-4.937409"><ele>657.2</ele></trkpt>
    <trkpt lat="36.760774" lon="-4.937396"><ele>656.3</ele></trkpt>
    <trkpt lat="36.760954" lon="-4.937297"><ele>655.3</ele></trkpt>
    <trkpt lat="36.761107" lon="-4.937143"><ele>654.3</ele></trkpt>
    <trkpt lat="36.761368" lon="-4.936737"><ele>652.7</ele></trkpt>
    <trkpt lat="36.761502" lon="-4.936618"><ele>652.2</ele></trkpt>
    <trkpt lat="36.761643" lon="-4.936522"><ele>651.8</ele></trkpt>
    <trkpt lat="36.762088" lon="-4.936356"><ele>650.7</ele></trkpt>
    <trkpt lat="36.762433" lon="-4.936146"><ele>649.6</ele></trkpt>
    <trkpt lat="36.762847" lon="-4.935804"><ele>648</ele></trkpt>
    <trkpt lat="36.762965" lon="-4.935665"><ele>647.6</ele></trkpt>
    <trkpt lat="36.763149" lon="-4.935334"><ele>646.6</ele></trkpt>
    <trkpt lat="36.763598" lon="-4.934749"><ele>644</ele></trkpt>
    <trkpt lat="36.763712" lon="-4.934529"><ele>642.9</ele></trkpt>
    <trkpt lat="36.764361" lon="-4.933022"><ele>633.7</ele></trkpt>
    <trkpt lat="36.76445" lon="-4.932864"><ele>632.6</ele></trkpt>
    <trkpt lat="36.764577" lon="-4.932769"><ele>631.7</ele></trkpt>
    <trkpt lat="36.764812" lon="-4.932748"><ele>630.4</ele></trkpt>
    <trkpt lat="36.764914" lon="-4.93276"><ele>629.8</ele></trkpt>
    <trkpt lat="36.765079" lon="-4.932798"><ele>629</ele></trkpt>
    <trkpt lat="36.765205" lon="-4.932913"><ele>628.2</ele></trkpt>
    <trkpt lat="36.76556" lon="-4.933619"><ele>625.7</ele></trkpt>
    <trkpt lat="36.765709" lon="-4.933834"><ele>625.1</ele></trkpt>
    <trkpt lat="36.766416" lon="-4.93431"><ele>623.1</ele></trkpt>
    <trkpt lat="36.766709" lon="-4.934503"><ele>622.1</ele></trkpt>
    <trkpt lat="36.76713" lon="-4.934793"><ele>620.5</ele></trkpt>
    <trkpt lat="36.767298" lon="-4.934972"><ele>619.7</ele></trkpt>
    <trkpt lat="36.767451" lon="-4.935279"><ele>618.7</ele></trkpt>
    <trkpt lat="36.76784" lon="-4.936294"><ele>615.9</ele></trkpt>
    <trkpt lat="36.768024" lon="-4.936559"><ele>614.9</ele></trkpt>
    <trkpt lat="36.768217" lon="-4.936736"><ele>613.9</ele></trkpt>
    <trkpt lat="36.768334" lon="-4.93681"><ele>613.3</ele></trkpt>
    <trkpt lat="36.768693" lon="-4.936929"><ele>611.6</ele></trkpt>
    <trkpt lat="36.772434" lon="-4.937776"><ele>587.2</ele></trkpt>
    <trkpt lat="36.772707" lon="-4.937813"><ele>586</ele></trkpt>
    <trkpt lat="36.773075" lon="-4.937837"><ele>584.8</ele></trkpt>
    <trkpt lat="36.774357" lon="-4.937837"><ele>582.6</ele></trkpt>
    <trkpt lat="36.774715" lon="-4.937904"><ele>582.1</ele></trkpt>
    <trkpt lat="36.775266" lon="-4.938111"><ele>581.2</ele></trkpt>
    <trkpt lat="36.775449" lon="-4.938223"><ele>581</ele></trkpt>
    <trkpt lat="36.776043" lon="-4.938674"><ele>580</ele></trkpt>
    <trkpt lat="36.776207" lon="-4.938874"><ele>579.6</ele></trkpt>
    <trkpt lat="36.7765" lon="-4.93955"><ele>578.2</ele></trkpt>
    <trkpt lat="36.776693" lon="-4.939862"><ele>577.2</ele></trkpt>
    <trkpt lat="36.777011" lon="-4.940152"><ele>575.7</ele></trkpt>
    <trkpt lat="36.777448" lon="-4.940474"><ele>573.9</ele></trkpt>
    <trkpt lat="36.777684" lon="-4.940583"><ele>573.2</ele></trkpt>
    <trkpt lat="36.777885" lon="-4.940637"><ele>572.9</ele></trkpt>
    <trkpt lat="36.778055" lon="-4.940653"><ele>572.7</ele></trkpt>
    <trkpt lat="36.778354" lon="-4.940633"><ele>572.8</ele></trkpt>
    <trkpt lat="36.77905" lon="-4.940516"><ele>575.4</ele></trkpt>
    <trkpt lat="36.779056" lon="-4.940514"><ele>575.4</ele></trkpt>
    <trkpt lat="36.779158" lon="-4.940455"><ele>576.1</ele></trkpt>
    <trkpt lat="36.779373" lon="-4.940253"><ele>578</ele></trkpt>
    <trkpt lat="36.779522" lon="-4.940191"><ele>579.2</ele></trkpt>
    <trkpt lat="36.779666" lon="-4.940228"><ele>580.3</ele></trkpt>
    <trkpt lat="36.779734" lon="-4.940274"><ele>580.9</ele></trkpt>
    <trkpt lat="36.780151" lon="-4.940638"><ele>584.9</ele></trkpt>
    <trkpt lat="36.780333" lon="-4.940693"><ele>586.4</ele></trkpt>
    <trkpt lat="36.780517" lon="-4.940636"><ele>587.9</ele></trkpt>
    <trkpt lat="36.780947" lon="-4.940368"><ele>591.5</ele></trkpt>
    <trkpt lat="36.781039" lon="-4.94036"><ele>592.2</ele></trkpt>
    <trkpt lat="36.781221" lon="-4.940428"><ele>593.5</ele></trkpt>
    <trkpt lat="36.782005" lon="-4.941013"><ele>598.5</ele></trkpt>
    <trkpt lat="36.782173" lon="-4.941109"><ele>599.3</ele></trkpt>
    <trkpt lat="36.78326" lon="-4.941555"><ele>601.7</ele></trkpt>
    <trkpt lat="36.783372" lon="-4.941627"><ele>601.7</ele></trkpt>
    <trkpt lat="36.783468" lon="-4.94171"><ele>601.6</ele></trkpt>
    <trkpt lat="36.783569" lon="-4.941848"><ele>601.4</ele></trkpt>
    <trkpt lat="36.783793" lon="-4.942302"><ele>600.6</ele></trkpt>
    <trkpt lat="36.783873" lon="-4.942645"><ele>599.5</ele></trkpt>
    <trkpt lat="36.783874" lon="-4.942776"><ele>599</ele></trkpt>
    <trkpt lat="36.783808" lon="-4.943304"><ele>596.5</ele></trkpt>
    <trkpt lat="36.783825" lon="-4.943496"><ele>595.4</ele></trkpt>
    <trkpt lat="36.783945" lon="-4.944098"><ele>591.5</ele></trkpt>
    <trkpt lat="36.784057" lon="-4.944408"><ele>589.2</ele></trkpt>
    <trkpt lat="36.78436" lon="-4.944912"><ele>585</ele></trkpt>
    <trkpt lat="36.784423" lon="-4.944993"><ele>584.3</ele></trkpt>
    <trkpt lat="36.784573" lon="-4.945108"><ele>583</ele></trkpt>
    <trkpt lat="36.784926" lon="-4.945174"><ele>580.6</ele></trkpt>
    <trkpt lat="36.785022" lon="-4.945207"><ele>579.9</ele></trkpt>
    <trkpt lat="36.78514" lon="-4.94529"><ele>579.1</ele></trkpt>
    <trkpt lat="36.787064" lon="-4.94721"><ele>566.7</ele></trkpt>
    <trkpt lat="36.78731" lon="-4.947535"><ele>564.9</ele></trkpt>
    <trkpt lat="36.787515" lon="-4.947944"><ele>562.6</ele></trkpt>
    <trkpt lat="36.787847" lon="-4.948715"><ele>557.7</ele></trkpt>
    <trkpt lat="36.787855" lon="-4.948734"><ele>557.6</ele></trkpt>
    <trkpt lat="36.787953" lon="-4.948936"><ele>556.3</ele></trkpt>
    <trkpt lat="36.788067" lon="-4.949064"><ele>555.3</ele></trkpt>
    <trkpt lat="36.788196" lon="-4.949146"><ele>554.4</ele></trkpt>
    <trkpt lat="36.789083" lon="-4.949502"><ele>551.8</ele></trkpt>
    <trkpt lat="36.789143" lon="-4.949529"><ele>551.8</ele></trkpt>
    <trkpt lat="36.789219" lon="-4.949561"><ele>551.9</ele></trkpt>
    <trkpt lat="36.790062" lon="-4.949906"><ele>554.4</ele></trkpt>
    <trkpt lat="36.790211" lon="-4.949989"><ele>555.1</ele></trkpt>
    <trkpt lat="36.790329" lon="-4.950088"><ele>555.7</ele></trkpt>
    <trkpt lat="36.790358" lon="-4.950117"><ele>555.8</ele></trkpt>
    <trkpt lat="36.79042" lon="-4.950191"><ele>556.1</ele></trkpt>
    <trkpt lat="36.790605" lon="-4.950501"><ele>557.2</ele></trkpt>
    <trkpt lat="36.790779" lon="-4.95107"><ele>558.5</ele></trkpt>
    <trkpt lat="36.790995" lon="-4.951857"><ele>560.2</ele></trkpt>
    <trkpt lat="36.791101" lon="-4.95224"><ele>560.8</ele></trkpt>
    <trkpt lat="36.791233" lon="-4.952667"><ele>561.4</ele></trkpt>
    <trkpt lat="36.791381" lon="-4.952946"><ele>562</ele></trkpt>
    <trkpt lat="36.791415" lon="-4.953051"><ele>562.2</ele></trkpt>
    <trkpt lat="36.79144" lon="-4.953173"><ele>562.5</ele></trkpt>
    <trkpt lat="36.791438" lon="-4.953306"><ele>562.8</ele></trkpt>
    <trkpt lat="36.791346" lon="-4.953715"><ele>563.9</ele></trkpt>
    <trkpt lat="36.791317" lon="-4.953826"><ele>564.2</ele></trkpt>
    <trkpt lat="36.791308" lon="-4.953869"><ele>564.4</ele></trkpt>
    <trkpt lat="36.791282" lon="-4.953979"><ele>564.7</ele></trkpt>
    <trkpt lat="36.791157" lon="-4.954506"><ele>566.5</ele></trkpt>
    <trkpt lat="36.790781" lon="-4.956108"><ele>573.2</ele></trkpt>
    <trkpt lat="36.790714" lon="-4.956242"><ele>573.9</ele></trkpt>
    <trkpt lat="36.790422" lon="-4.956484"><ele>575.6</ele></trkpt>
    <trkpt lat="36.790354" lon="-4.956657"><ele>576.3</ele></trkpt>
    <trkpt lat="36.790369" lon="-4.956806"><ele>576.9</ele></trkpt>
    <trkpt lat="36.790585" lon="-4.957216"><ele>578.8</ele></trkpt>
    <trkpt lat="36.79064" lon="-4.957448"><ele>579.8</ele></trkpt>
    <trkpt lat="36.790628" lon="-4.957631"><ele>580.7</ele></trkpt>
    <trkpt lat="36.790469" lon="-4.958372"><ele>585.3</ele></trkpt>
    <trkpt lat="36.790459" lon="-4.958563"><ele>586.7</ele></trkpt>
    <trkpt lat="36.790469" lon="-4.958654"><ele>587.4</ele></trkpt>
    <trkpt lat="36.790552" lon="-4.958904"><ele>589.4</ele></trkpt>
    <trkpt lat="36.790634" lon="-4.959017"><ele>590.7</ele></trkpt>
    <trkpt lat="36.790757" lon="-4.959077"><ele>592</ele></trkpt>
    <trkpt lat="36.791054" lon="-4.959117"><ele>595.2</ele></trkpt>
    <trkpt lat="36.791202" lon="-4.959181"><ele>596.9</ele></trkpt>
    <trkpt lat="36.791588" lon="-4.959518"><ele>602.1</ele></trkpt>
    <trkpt lat="36.791693" lon="-4.959669"><ele>603.7</ele></trkpt>
    <trkpt lat="36.791808" lon="-4.959909"><ele>605.8</ele></trkpt>
    <trkpt lat="36.791895" lon="-4.960273"><ele>608.4</ele></trkpt>
    <trkpt lat="36.791882" lon="-4.960457"><ele>609.4</ele></trkpt>
    <trkpt lat="36.791673" lon="-4.960891"><ele>612</ele></trkpt>
    <trkpt lat="36.791649" lon="-4.961076"><ele>612.9</ele></trkpt>
    <trkpt lat="36.79193" lon="-4.961909"><ele>616.4</ele></trkpt>
    <trkpt lat="36.791979" lon="-4.962241"><ele>617.6</ele></trkpt>
    <trkpt lat="36.791913" lon="-4.962986"><ele>620.4</ele></trkpt>
    <trkpt lat="36.791955" lon="-4.963487"><ele>622.5</ele></trkpt>
    <trkpt lat="36.791949" lon="-4.963734"><ele>623.6</ele></trkpt>
    <trkpt lat="36.791901" lon="-4.963971"><ele>624.8</ele></trkpt>
    <trkpt lat="36.791796" lon="-4.964308"><ele>626.7</ele></trkpt>
    <trkpt lat="36.791769" lon="-4.964523"><ele>627.9</ele></trkpt>
    <trkpt lat="36.791808" lon="-4.964746"><ele>629.2</ele></trkpt>
    <trkpt lat="36.791994" lon="-4.965328"><ele>632.9</ele></trkpt>
    <trkpt lat="36.79222" lon="-4.965782"><ele>636</ele></trkpt>
    <trkpt lat="36.792263" lon="-4.965949"><ele>637</ele></trkpt>
    <trkpt lat="36.792256" lon="-4.966036"><ele>637.5</ele></trkpt>
    <trkpt lat="36.792167" lon="-4.966161"><ele>638.4</ele></trkpt>
    <trkpt lat="36.791561" lon="-4.966574"><ele>642.7</ele></trkpt>
    <trkpt lat="36.791424" lon="-4.966705"><ele>643.6</ele></trkpt>
    <trkpt lat="36.791347" lon="-4.966847"><ele>644.4</ele></trkpt>
    <trkpt lat="36.79129" lon="-4.967288"><ele>646.3</ele></trkpt>
    <trkpt lat="36.791281" lon="-4.968179"><ele>650.7</ele></trkpt>
    <trkpt lat="36.791336" lon="-4.968775"><ele>654.6</ele></trkpt>
    <trkpt lat="36.791389" lon="-4.96892"><ele>655.8</ele></trkpt>
    <trkpt lat="36.791479" lon="-4.969028"><ele>656.9</ele></trkpt>
    <trkpt lat="36.791613" lon="-4.96911"><ele>658.3</ele></trkpt>
    <trkpt lat="36.791995" lon="-4.969229"><ele>662.3</ele></trkpt>
    <trkpt lat="36.792129" lon="-4.969321"><ele>664</ele></trkpt>
    <trkpt lat="36.792239" lon="-4.969449"><ele>665.7</ele></trkpt>
    <trkpt lat="36.792308" lon="-4.969608"><ele>667.5</ele></trkpt>
    <trkpt lat="36.792324" lon="-4.969701"><ele>668.4</ele></trkpt>
    <trkpt lat="36.792339" lon="-4.970208"><ele>673.1</ele></trkpt>
    <trkpt lat="36.792368" lon="-4.970372"><ele>674.6</ele></trkpt>
    <trkpt lat="36.792438" lon="-4.970503"><ele>676</ele></trkpt>
    <trkpt lat="36.79249" lon="-4.970553"><ele>676.6</ele></trkpt>
    <trkpt lat="36.792736" lon="-4.970696"><ele>679.3</ele></trkpt>
    <trkpt lat="36.79281" lon="-4.970833"><ele>680.6</ele></trkpt>
    <trkpt lat="36.792823" lon="-4.97092"><ele>681.2</ele></trkpt>
    <trkpt lat="36.792792" lon="-4.971102"><ele>682.7</ele></trkpt>
    <trkpt lat="36.792614" lon="-4.971519"><ele>686.4</ele></trkpt>
    <trkpt lat="36.792559" lon="-4.971737"><ele>688.2</ele></trkpt>
    <trkpt lat="36.792565" lon="-4.972017"><ele>690.7</ele></trkpt>
    <trkpt lat="36.792654" lon="-4.972348"><ele>694.3</ele></trkpt>
    <trkpt lat="36.792646" lon="-4.972526"><ele>695.8</ele></trkpt>
    <trkpt lat="36.792572" lon="-4.972867"><ele>698.8</ele></trkpt>
    <trkpt lat="36.792527" lon="-4.973224"><ele>701.7</ele></trkpt>
    <trkpt lat="36.792426" lon="-4.973384"><ele>703.3</ele></trkpt>
    <trkpt lat="36.792274" lon="-4.973445"><ele>704.7</ele></trkpt>
    <trkpt lat="36.792097" lon="-4.973381"><ele>706.1</ele></trkpt>
    <trkpt lat="36.791644" lon="-4.973015"><ele>709.3</ele></trkpt>
    <trkpt lat="36.790798" lon="-4.972406"><ele>711.2</ele></trkpt>
    <trkpt lat="36.790713" lon="-4.972371"><ele>711.5</ele></trkpt>
    <trkpt lat="36.790564" lon="-4.972367"><ele>712.2</ele></trkpt>
    <trkpt lat="36.790416" lon="-4.972462"><ele>713.2</ele></trkpt>
    <trkpt lat="36.790137" lon="-4.973024"><ele>717.6</ele></trkpt>
    <trkpt lat="36.789836" lon="-4.973434"><ele>722.9</ele></trkpt>
    <trkpt lat="36.789763" lon="-4.973591"><ele>724.9</ele></trkpt>
    <trkpt lat="36.789701" lon="-4.973868"><ele>728.1</ele></trkpt>
    <trkpt lat="36.789707" lon="-4.973983"><ele>729.3</ele></trkpt>
    <trkpt lat="36.789815" lon="-4.974335"><ele>733</ele></trkpt>
    <trkpt lat="36.789828" lon="-4.974446"><ele>734</ele></trkpt>
    <trkpt lat="36.789772" lon="-4.974655"><ele>735.8</ele></trkpt>
    <trkpt lat="36.789695" lon="-4.974732"><ele>736.6</ele></trkpt>
    <trkpt lat="36.789557" lon="-4.974769"><ele>737.6</ele></trkpt>
    <trkpt lat="36.789476" lon="-4.974753"><ele>738</ele></trkpt>
    <trkpt lat="36.789406" lon="-4.974701"><ele>738.4</ele></trkpt>
    <trkpt lat="36.789017" lon="-4.974167"><ele>739.6</ele></trkpt>
    <trkpt lat="36.788704" lon="-4.973972"><ele>739.2</ele></trkpt>
    <trkpt lat="36.788479" lon="-4.973904"><ele>738.7</ele></trkpt>
    <trkpt lat="36.788394" lon="-4.973904"><ele>738.5</ele></trkpt>
    <trkpt lat="36.788231" lon="-4.97396"><ele>738.3</ele></trkpt>
    <trkpt lat="36.788144" lon="-4.974019"><ele>738.2</ele></trkpt>
    <trkpt lat="36.788069" lon="-4.974099"><ele>738.1</ele></trkpt>
    <trkpt lat="36.787784" lon="-4.974548"><ele>738.8</ele></trkpt>
    <trkpt lat="36.787529" lon="-4.9752"><ele>742.5</ele></trkpt>
    <trkpt lat="36.787196" lon="-4.976526"><ele>754.9</ele></trkpt>
    <trkpt lat="36.787186" lon="-4.976956"><ele>758.4</ele></trkpt>
    <trkpt lat="36.78722" lon="-4.977335"><ele>761.2</ele></trkpt>
    <trkpt lat="36.787193" lon="-4.97752"><ele>762.6</ele></trkpt>
    <trkpt lat="36.787097" lon="-4.977652"><ele>763.9</ele></trkpt>
    <trkpt lat="36.786897" lon="-4.977765"><ele>766</ele></trkpt>
    <trkpt lat="36.786686" lon="-4.977931"><ele>768.3</ele></trkpt>
    <trkpt lat="36.7866" lon="-4.978095"><ele>769.7</ele></trkpt>
    <trkpt lat="36.7866" lon="-4.978256"><ele>770.8</ele></trkpt>
    <trkpt lat="36.786873" lon="-4.978854"><ele>775.4</ele></trkpt>
    <trkpt lat="36.786901" lon="-4.978954"><ele>776.2</ele></trkpt>
    <trkpt lat="36.786966" lon="-4.979403"><ele>779.8</ele></trkpt>
    <trkpt lat="36.787095" lon="-4.980056"><ele>785.1</ele></trkpt>
    <trkpt lat="36.787489" lon="-4.981486"><ele>795.9</ele></trkpt>
    <trkpt lat="36.787517" lon="-4.981747"><ele>797.8</ele></trkpt>
    <trkpt lat="36.787596" lon="-4.981937"><ele>799.4</ele></trkpt>
    <trkpt lat="36.787903" lon="-4.982206"><ele>802.8</ele></trkpt>
    <trkpt lat="36.788067" lon="-4.982295"><ele>804.5</ele></trkpt>
    <trkpt lat="36.788232" lon="-4.98234"><ele>806.1</ele></trkpt>
    <trkpt lat="36.788499" lon="-4.982535"><ele>809.2</ele></trkpt>
    <trkpt lat="36.788809" lon="-4.982685"><ele>812.6</ele></trkpt>
    <trkpt lat="36.789267" lon="-4.9828"><ele>817.7</ele></trkpt>
    <trkpt lat="36.7894" lon="-4.982892"><ele>819.4</ele></trkpt>
    <trkpt lat="36.789562" lon="-4.983117"><ele>822.2</ele></trkpt>
    <trkpt lat="36.78966" lon="-4.983191"><ele>823.6</ele></trkpt>
    <trkpt lat="36.789777" lon="-4.983217"><ele>824.9</ele></trkpt>
    <trkpt lat="36.789903" lon="-4.983189"><ele>826.4</ele></trkpt>
    <trkpt lat="36.79016" lon="-4.982992"><ele>829.9</ele></trkpt>
    <trkpt lat="36.790235" lon="-4.982983"><ele>830.7</ele></trkpt>
    <trkpt lat="36.790392" lon="-4.983037"><ele>832.5</ele></trkpt>
    <trkpt lat="36.790454" lon="-4.983116"><ele>833.4</ele></trkpt>
    <trkpt lat="36.790484" lon="-4.98322"><ele>834.3</ele></trkpt>
    <trkpt lat="36.790475" lon="-4.983383"><ele>835.7</ele></trkpt>
    <trkpt lat="36.790442" lon="-4.983464"><ele>836.4</ele></trkpt>
    <trkpt lat="36.790235" lon="-4.983743"><ele>839.4</ele></trkpt>
    <trkpt lat="36.790093" lon="-4.984347"><ele>845.3</ele></trkpt>
    <trkpt lat="36.790008" lon="-4.98446"><ele>846.9</ele></trkpt>
    <trkpt lat="36.789831" lon="-4.984558"><ele>848.9</ele></trkpt>
    <trkpt lat="36.789727" lon="-4.984682"><ele>850.1</ele></trkpt>
    <trkpt lat="36.789639" lon="-4.984985"><ele>852.3</ele></trkpt>
    <trkpt lat="36.789557" lon="-4.985151"><ele>853.8</ele></trkpt>
    <trkpt lat="36.78948" lon="-4.985229"><ele>854.8</ele></trkpt>
    <trkpt lat="36.789401" lon="-4.985265"><ele>855.6</ele></trkpt>
    <trkpt lat="36.789245" lon="-4.985247"><ele>857.1</ele></trkpt>
    <trkpt lat="36.788989" lon="-4.984978"><ele>859.9</ele></trkpt>
    <trkpt lat="36.788899" lon="-4.98493"><ele>860.6</ele></trkpt>
    <trkpt lat="36.78871" lon="-4.984942"><ele>861.7</ele></trkpt>
    <trkpt lat="36.788417" lon="-4.985167"><ele>862.1</ele></trkpt>
    <trkpt lat="36.788287" lon="-4.985204"><ele>862</ele></trkpt>
    <trkpt lat="36.788129" lon="-4.985159"><ele>861.7</ele></trkpt>
    <trkpt lat="36.787839" lon="-4.984937"><ele>862.4</ele></trkpt>
    <trkpt lat="36.787714" lon="-4.984903"><ele>862.7</ele></trkpt>
    <trkpt lat="36.787487" lon="-4.984912"><ele>863.4</ele></trkpt>
    <trkpt lat="36.787372" lon="-4.984957"><ele>863.8</ele></trkpt>
    <trkpt lat="36.787164" lon="-4.985102"><ele>864.9</ele></trkpt>
    <trkpt lat="36.78692" lon="-4.985387"><ele>868</ele></trkpt>
    <trkpt lat="36.786743" lon="-4.985663"><ele>870.8</ele></trkpt>
    <trkpt lat="36.786688" lon="-4.985789"><ele>871.8</ele></trkpt>
    <trkpt lat="36.786594" lon="-4.986135"><ele>874.2</ele></trkpt>
    <trkpt lat="36.786545" lon="-4.986211"><ele>874.8</ele></trkpt>
    <trkpt lat="36.786449" lon="-4.986281"><ele>875.6</ele></trkpt>
    <trkpt lat="36.786279" lon="-4.986287"><ele>876.6</ele></trkpt>
    <trkpt lat="36.785841" lon="-4.986127"><ele>878.3</ele></trkpt>
    <trkpt lat="36.785494" lon="-4.985924"><ele>879</ele></trkpt>
    <trkpt lat="36.78536" lon="-4.985875"><ele>878.8</ele></trkpt>
    <trkpt lat="36.785207" lon="-4.985909"><ele>878</ele></trkpt>
    <trkpt lat="36.784949" lon="-4.986146"><ele>876.3</ele></trkpt>
    <trkpt lat="36.784815" lon="-4.986188"><ele>875.9</ele></trkpt>
    <trkpt lat="36.784624" lon="-4.986144"><ele>875.8</ele></trkpt>
    <trkpt lat="36.784188" lon="-4.985977"><ele>877.4</ele></trkpt>
    <trkpt lat="36.784052" lon="-4.985972"><ele>878.3</ele></trkpt>
    <trkpt lat="36.783995" lon="-4.985998"><ele>878.8</ele></trkpt>
    <trkpt lat="36.783793" lon="-4.986161"><ele>880.7</ele></trkpt>
    <trkpt lat="36.783583" lon="-4.986468"><ele>883.1</ele></trkpt>
    <trkpt lat="36.783411" lon="-4.98679"><ele>885.7</ele></trkpt>
    <trkpt lat="36.783293" lon="-4.986917"><ele>887.3</ele></trkpt>
    <trkpt lat="36.781997" lon="-4.987605"><ele>898.6</ele></trkpt>
    <trkpt lat="36.78196" lon="-4.987638"><ele>898.8</ele></trkpt>
    <trkpt lat="36.781875" lon="-4.987783"><ele>899.3</ele></trkpt>
    <trkpt lat="36.781712" lon="-4.988172"><ele>900.2</ele></trkpt>
    <trkpt lat="36.781199" lon="-4.988746"><ele>901.2</ele></trkpt>
    <trkpt lat="36.780788" lon="-4.98913"><ele>901.5</ele></trkpt>
    <trkpt lat="36.780683" lon="-4.989326"><ele>901.5</ele></trkpt>
    <trkpt lat="36.780642" lon="-4.989519"><ele>901.4</ele></trkpt>
    <trkpt lat="36.780675" lon="-4.990029"><ele>900.8</ele></trkpt>
    <trkpt lat="36.780723" lon="-4.990381"><ele>899.9</ele></trkpt>
    <trkpt lat="36.780706" lon="-4.9905"><ele>899.5</ele></trkpt>
    <trkpt lat="36.78049" lon="-4.991255"><ele>895.8</ele></trkpt>
    <trkpt lat="36.780276" lon="-4.992238"><ele>889.8</ele></trkpt>
    <trkpt lat="36.780348" lon="-4.992464"><ele>888.8</ele></trkpt>
    <trkpt lat="36.780345" lon="-4.99345"><ele>889.6</ele></trkpt>
    <trkpt lat="36.780378" lon="-4.993582"><ele>890.3</ele></trkpt>
    <trkpt lat="36.780411" lon="-4.99362"><ele>890.6</ele></trkpt>
    <trkpt lat="36.780508" lon="-4.993634"><ele>891.3</ele></trkpt>
    <trkpt lat="36.780741" lon="-4.993531"><ele>893.6</ele></trkpt>
    <trkpt lat="36.781138" lon="-4.993493"><ele>898.2</ele></trkpt>
    <trkpt lat="36.781762" lon="-4.993356"><ele>906</ele></trkpt>
    <trkpt lat="36.782241" lon="-4.993374"><ele>909.1</ele></trkpt>
    <trkpt lat="36.782592" lon="-4.993301"><ele>909</ele></trkpt>
    <trkpt lat="36.782746" lon="-4.993376"><ele>908.5</ele></trkpt>
    <trkpt lat="36.782795" lon="-4.993451"><ele>908.2</ele></trkpt>
    <trkpt lat="36.78284" lon="-4.99361"><ele>907.6</ele></trkpt>
    <trkpt lat="36.782831" lon="-4.993947"><ele>906.4</ele></trkpt>
    <trkpt lat="36.78274" lon="-4.994288"><ele>905.6</ele></trkpt>
    <trkpt lat="36.782706" lon="-4.994542"><ele>905.5</ele></trkpt>
    <trkpt lat="36.782703" lon="-4.994791"><ele>905.7</ele></trkpt>
    <trkpt lat="36.782743" lon="-4.994967"><ele>906.3</ele></trkpt>
    <trkpt lat="36.782833" lon="-4.995057"><ele>906.9</ele></trkpt>
    <trkpt lat="36.782942" lon="-4.995102"><ele>907.8</ele></trkpt>
    <trkpt lat="36.783443" lon="-4.995182"><ele>914.5</ele></trkpt>
    <trkpt lat="36.78361" lon="-4.995171"><ele>917.6</ele></trkpt>
    <trkpt lat="36.783776" lon="-4.99509"><ele>920.9</ele></trkpt>
    <trkpt lat="36.78401" lon="-4.994923"><ele>926.2</ele></trkpt>
    <trkpt lat="36.784135" lon="-4.994783"><ele>929.4</ele></trkpt>
    <trkpt lat="36.78435" lon="-4.994458"><ele>935.5</ele></trkpt>
    <trkpt lat="36.784579" lon="-4.994272"><ele>940.1</ele></trkpt>
    <trkpt lat="36.784781" lon="-4.994056"><ele>944.1</ele></trkpt>
    <trkpt lat="36.785072" lon="-4.993798"><ele>948.8</ele></trkpt>
    <trkpt lat="36.785313" lon="-4.993455"><ele>952.3</ele></trkpt>
    <trkpt lat="36.785416" lon="-4.993073"><ele>954.4</ele></trkpt>
    <trkpt lat="36.785531" lon="-4.99295"><ele>955.2</ele></trkpt>
    <trkpt lat="36.785662" lon="-4.992892"><ele>955.8</ele></trkpt>
    <trkpt lat="36.785958" lon="-4.992821"><ele>956.9</ele></trkpt>
    <trkpt lat="36.786289" lon="-4.992603"><ele>957.7</ele></trkpt>
    <trkpt lat="36.786399" lon="-4.992588"><ele>957.9</ele></trkpt>
    <trkpt lat="36.78702" lon="-4.992647"><ele>959.1</ele></trkpt>
    <trkpt lat="36.787177" lon="-4.992635"><ele>959.7</ele></trkpt>
    <trkpt lat="36.787455" lon="-4.992407"><ele>961.3</ele></trkpt>
    <trkpt lat="36.787537" lon="-4.992389"><ele>961.9</ele></trkpt>
    <trkpt lat="36.787868" lon="-4.992517"><ele>964.1</ele></trkpt>
    <trkpt lat="36.78795" lon="-4.99252"><ele>964.6</ele></trkpt>
    <trkpt lat="36.788127" lon="-4.992442"><ele>965.8</ele></trkpt>
    <trkpt lat="36.788509" lon="-4.992137"><ele>968.7</ele></trkpt>
    <trkpt lat="36.788595" lon="-4.992119"><ele>969.2</ele></trkpt>
    <trkpt lat="36.788643" lon="-4.99214"><ele>969.5</ele></trkpt>
    <trkpt lat="36.78871" lon="-4.992219"><ele>970</ele></trkpt>
    <trkpt lat="36.788775" lon="-4.992395"><ele>970.8</ele></trkpt>
    <trkpt lat="36.788836" lon="-4.993439"><ele>973.5</ele></trkpt>
    <trkpt lat="36.788893" lon="-4.993747"><ele>974</ele></trkpt>
    <trkpt lat="36.789753" lon="-4.995497"><ele>974.4</ele></trkpt>
    <trkpt lat="36.79034" lon="-4.99665"><ele>972.1</ele></trkpt>
    <trkpt lat="36.790481" lon="-4.996872"><ele>971.3</ele></trkpt>
    <trkpt lat="36.79072" lon="-4.997108"><ele>970.2</ele></trkpt>
    <trkpt lat="36.790849" lon="-4.997215"><ele>969.6</ele></trkpt>
    <trkpt lat="36.79208" lon="-4.998014"><ele>964</ele></trkpt>
    <trkpt lat="36.792346" lon="-4.998155"><ele>962.8</ele></trkpt>
    <trkpt lat="36.793072" lon="-4.998377"><ele>959.8</ele></trkpt>
    <trkpt lat="36.793261" lon="-4.998503"><ele>958.9</ele></trkpt>
    <trkpt lat="36.793476" lon="-4.998784"><ele>957.5</ele></trkpt>
    <trkpt lat="36.793818" lon="-4.999431"><ele>954.5</ele></trkpt>
    <trkpt lat="36.793921" lon="-4.999722"><ele>953.2</ele></trkpt>
    <trkpt lat="36.794455" lon="-5.003032"><ele>940.3</ele></trkpt>
    <trkpt lat="36.79451" lon="-5.003371"><ele>939.8</ele></trkpt>
    <trkpt lat="36.794626" lon="-5.003771"><ele>939.4</ele></trkpt>
    <trkpt lat="36.796369" lon="-5.007379"><ele>944.6</ele></trkpt>
    <trkpt lat="36.796481" lon="-5.007557"><ele>944.4</ele></trkpt>
    <trkpt lat="36.796547" lon="-5.007637"><ele>944.2</ele></trkpt>
    <trkpt lat="36.796704" lon="-5.007741"><ele>943.7</ele></trkpt>
    <trkpt lat="36.797121" lon="-5.007744"><ele>941.5</ele></trkpt>
    <trkpt lat="36.797283" lon="-5.007844"><ele>940.2</ele></trkpt>
    <trkpt lat="36.797421" lon="-5.007967"><ele>938.9</ele></trkpt>
    <trkpt lat="36.797744" lon="-5.008333"><ele>935.6</ele></trkpt>
    <trkpt lat="36.797892" lon="-5.008451"><ele>934.2</ele></trkpt>
    <trkpt lat="36.798079" lon="-5.008548"><ele>932.8</ele></trkpt>
    <trkpt lat="36.798127" lon="-5.008618"><ele>932.3</ele></trkpt>
    <trkpt lat="36.798145" lon="-5.008737"><ele>931.6</ele></trkpt>
    <trkpt lat="36.798124" lon="-5.008834"><ele>931.1</ele></trkpt>
    <trkpt lat="36.797814" lon="-5.009339"><ele>928.6</ele></trkpt>
    <trkpt lat="36.797696" lon="-5.009609"><ele>927.8</ele></trkpt>
    <trkpt lat="36.79764" lon="-5.01023"><ele>926.7</ele></trkpt>
    <trkpt lat="36.797758" lon="-5.010515"><ele>925.8</ele></trkpt>
    <trkpt lat="36.798309" lon="-5.010916"><ele>922.9</ele></trkpt>
    <trkpt lat="36.798468" lon="-5.010959"><ele>922.2</ele></trkpt>
    <trkpt lat="36.798884" lon="-5.010978"><ele>920.7</ele></trkpt>
    <trkpt lat="36.799305" lon="-5.011127"><ele>919.4</ele></trkpt>
    <trkpt lat="36.799441" lon="-5.011254"><ele>918.8</ele></trkpt>
    <trkpt lat="36.799662" lon="-5.011578"><ele>916.9</ele></trkpt>
    <trkpt lat="36.799866" lon="-5.011716"><ele>915.2</ele></trkpt>
    <trkpt lat="36.800066" lon="-5.01178"><ele>913.5</ele></trkpt>
    <trkpt lat="36.800563" lon="-5.011863"><ele>908.3</ele></trkpt>
    <trkpt lat="36.80073" lon="-5.01194"><ele>906.1</ele></trkpt>
    <trkpt lat="36.800879" lon="-5.01206"><ele>903.7</ele></trkpt>
    <trkpt lat="36.801153" lon="-5.012438"><ele>898.1</ele></trkpt>
    <trkpt lat="36.801236" lon="-5.012644"><ele>895.7</ele></trkpt>
    <trkpt lat="36.801296" lon="-5.012867"><ele>893.5</ele></trkpt>
    <trkpt lat="36.801358" lon="-5.013314"><ele>890.3</ele></trkpt>
    <trkpt lat="36.80137" lon="-5.013569"><ele>889.3</ele></trkpt>
    <trkpt lat="36.801354" lon="-5.013858"><ele>888.8</ele></trkpt>
    <trkpt lat="36.80125" lon="-5.014437"><ele>889.7</ele></trkpt>
    <trkpt lat="36.801178" lon="-5.014664"><ele>890.7</ele></trkpt>
    <trkpt lat="36.80086" lon="-5.015375"><ele>895.6</ele></trkpt>
    <trkpt lat="36.800759" lon="-5.016072"><ele>900.2</ele></trkpt>
    <trkpt lat="36.800488" lon="-5.016739"><ele>903.2</ele></trkpt>
    <trkpt lat="36.800023" lon="-5.018194"><ele>905.9</ele></trkpt>
    <trkpt lat="36.799976" lon="-5.018309"><ele>906.2</ele></trkpt>
    <trkpt lat="36.799863" lon="-5.018466"><ele>906.7</ele></trkpt>
    <trkpt lat="36.799484" lon="-5.018836"><ele>908.6</ele></trkpt>
    <trkpt lat="36.799453" lon="-5.018941"><ele>908.9</ele></trkpt>
    <trkpt lat="36.799372" lon="-5.019966"><ele>913</ele></trkpt>
    <trkpt lat="36.79937" lon="-5.020413"><ele>915.1</ele></trkpt>
    <trkpt lat="36.799334" lon="-5.020618"><ele>916.2</ele></trkpt>
    <trkpt lat="36.799273" lon="-5.020817"><ele>917.5</ele></trkpt>
    <trkpt lat="36.799004" lon="-5.021228"><ele>921</ele></trkpt>
    <trkpt lat="36.798933" lon="-5.021455"><ele>922.9</ele></trkpt>
    <trkpt lat="36.798872" lon="-5.021777"><ele>925.6</ele></trkpt>
    <trkpt lat="36.798752" lon="-5.022986"><ele>935.1</ele></trkpt>
    <trkpt lat="36.798452" lon="-5.023708"><ele>938.7</ele></trkpt>
    <trkpt lat="36.798372" lon="-5.024033"><ele>939.7</ele></trkpt>
    <trkpt lat="36.798367" lon="-5.024158"><ele>940</ele></trkpt>
    <trkpt lat="36.798414" lon="-5.024368"><ele>940.4</ele></trkpt>
    <trkpt lat="36.798669" lon="-5.024847"><ele>941.3</ele></trkpt>
    <trkpt lat="36.798747" lon="-5.025067"><ele>941.7</ele></trkpt>
    <trkpt lat="36.798795" lon="-5.025304"><ele>942.1</ele></trkpt>
    <trkpt lat="36.798789" lon="-5.025738"><ele>943.2</ele></trkpt>
    <trkpt lat="36.798705" lon="-5.026007"><ele>944.3</ele></trkpt>
    <trkpt lat="36.798654" lon="-5.026098"><ele>944.8</ele></trkpt>
    <trkpt lat="36.798517" lon="-5.026235"><ele>945.8</ele></trkpt>
    <trkpt lat="36.798228" lon="-5.026451"><ele>948.2</ele></trkpt>
    <trkpt lat="36.797961" lon="-5.026601"><ele>950.6</ele></trkpt>
    <trkpt lat="36.797454" lon="-5.02677"><ele>955.4</ele></trkpt>
    <trkpt lat="36.797205" lon="-5.026903"><ele>957.9</ele></trkpt>
    <trkpt lat="36.797083" lon="-5.027133"><ele>960.1</ele></trkpt>
    <trkpt lat="36.797007" lon="-5.027221"><ele>961</ele></trkpt>
    <trkpt lat="36.796541" lon="-5.02728"><ele>965.1</ele></trkpt>
    <trkpt lat="36.796168" lon="-5.027537"><ele>968.1</ele></trkpt>
    <trkpt lat="36.796019" lon="-5.027701"><ele>969.3</ele></trkpt>
    <trkpt lat="36.795896" lon="-5.027941"><ele>970.6</ele></trkpt>
    <trkpt lat="36.795767" lon="-5.028276"><ele>972.1</ele></trkpt>
    <trkpt lat="36.795733" lon="-5.028518"><ele>973</ele></trkpt>
    <trkpt lat="36.795763" lon="-5.028857"><ele>974</ele></trkpt>
    <trkpt lat="36.795739" lon="-5.029086"><ele>974.5</ele></trkpt>
    <trkpt lat="36.79552" lon="-5.029453"><ele>975.2</ele></trkpt>
    <trkpt lat="36.795428" lon="-5.029658"><ele>975.5</ele></trkpt>
    <trkpt lat="36.795304" lon="-5.030335"><ele>976.6</ele></trkpt>
    <trkpt lat="36.79521" lon="-5.030584"><ele>977.4</ele></trkpt>
    <trkpt lat="36.795095" lon="-5.030835"><ele>978.4</ele></trkpt>
    <trkpt lat="36.79495" lon="-5.031069"><ele>979.5</ele></trkpt>
    <trkpt lat="36.794326" lon="-5.031836"><ele>984.1</ele></trkpt>
    <trkpt lat="36.794177" lon="-5.032125"><ele>985.8</ele></trkpt>
    <trkpt lat="36.794052" lon="-5.032481"><ele>987.6</ele></trkpt>
    <trkpt lat="36.793621" lon="-5.03367"><ele>989.7</ele></trkpt>
    <trkpt lat="36.793568" lon="-5.033918"><ele>989.9</ele></trkpt>
    <trkpt lat="36.793548" lon="-5.034242"><ele>990.1</ele></trkpt>
    <trkpt lat="36.79352" lon="-5.034366"><ele>990.2</ele></trkpt>
    <trkpt lat="36.793438" lon="-5.034535"><ele>990.4</ele></trkpt>
    <trkpt lat="36.793269" lon="-5.034799"><ele>990.5</ele></trkpt>
    <trkpt lat="36.792759" lon="-5.035317"><ele>990.5</ele></trkpt>
    <trkpt lat="36.792416" lon="-5.035876"><ele>992.1</ele></trkpt>
    <trkpt lat="36.792277" lon="-5.036047"><ele>993</ele></trkpt>
    <trkpt lat="36.791734" lon="-5.036428"><ele>996.1</ele></trkpt>
    <trkpt lat="36.791525" lon="-5.036606"><ele>997.4</ele></trkpt>
    <trkpt lat="36.791433" lon="-5.03675"><ele>998.1</ele></trkpt>
    <trkpt lat="36.791383" lon="-5.036885"><ele>998.8</ele></trkpt>
    <trkpt lat="36.791345" lon="-5.037097"><ele>999.9</ele></trkpt>
    <trkpt lat="36.791108" lon="-5.038487"><ele>1004.9</ele></trkpt>
    <trkpt lat="36.791086" lon="-5.038836"><ele>1005.5</ele></trkpt>
    <trkpt lat="36.79113" lon="-5.039948"><ele>1008.9</ele></trkpt>
    <trkpt lat="36.79111" lon="-5.040197"><ele>1010.1</ele></trkpt>
    <trkpt lat="36.791045" lon="-5.040439"><ele>1011.5</ele></trkpt>
    <trkpt lat="36.79084" lon="-5.040893"><ele>1015.1</ele></trkpt>
    <trkpt lat="36.790396" lon="-5.041721"><ele>1024.1</ele></trkpt>
    <trkpt lat="36.789503" lon="-5.043123"><ele>1039.7</ele></trkpt>
    <trkpt lat="36.788996" lon="-5.044508"><ele>1049.1</ele></trkpt>
    <trkpt lat="36.78868" lon="-5.045011"><ele>1052</ele></trkpt>
    <trkpt lat="36.788471" lon="-5.045619"><ele>1054.6</ele></trkpt>
    <trkpt lat="36.788465" lon="-5.045747"><ele>1055.1</ele></trkpt>
    <trkpt lat="36.788487" lon="-5.045872"><ele>1055.6</ele></trkpt>
    <trkpt lat="36.78884" lon="-5.046547"><ele>1058.7</ele></trkpt>
    <trkpt lat="36.788908" lon="-5.046825"><ele>1059.8</ele></trkpt>
    <trkpt lat="36.789085" lon="-5.048033"><ele>1063.4</ele></trkpt>
    <trkpt lat="36.789093" lon="-5.048212"><ele>1063.4</ele></trkpt>
    <trkpt lat="36.789077" lon="-5.048311"><ele>1063.3</ele></trkpt>
    <trkpt lat="36.788995" lon="-5.048469"><ele>1063</ele></trkpt>
    <trkpt lat="36.788876" lon="-5.048571"><ele>1062.4</ele></trkpt>
    <trkpt lat="36.788695" lon="-5.04859"><ele>1061.4</ele></trkpt>
    <trkpt lat="36.788653" lon="-5.04859"><ele>1061.2</ele></trkpt>
    <trkpt lat="36.788521" lon="-5.048588"><ele>1060.3</ele></trkpt>
    <trkpt lat="36.788418" lon="-5.048633"><ele>1059.5</ele></trkpt>
    <trkpt lat="36.787835" lon="-5.048996"><ele>1053.6</ele></trkpt>
    <trkpt lat="36.787689" lon="-5.049056"><ele>1052.3</ele></trkpt>
    <trkpt lat="36.787475" lon="-5.049076"><ele>1050.7</ele></trkpt>
    <trkpt lat="36.787301" lon="-5.049039"><ele>1049.6</ele></trkpt>
    <trkpt lat="36.787144" lon="-5.048942"><ele>1048.7</ele></trkpt>
    <trkpt lat="36.787016" lon="-5.048799"><ele>1048.1</ele></trkpt>
    <trkpt lat="36.786747" lon="-5.048335"><ele>1047</ele></trkpt>
    <trkpt lat="36.786571" lon="-5.048229"><ele>1046.8</ele></trkpt>
    <trkpt lat="36.786152" lon="-5.048231"><ele>1046.4</ele></trkpt>
    <trkpt lat="36.786079" lon="-5.048278"><ele>1046.4</ele></trkpt>
    <trkpt lat="36.785994" lon="-5.048425"><ele>1046.2</ele></trkpt>
    <trkpt lat="36.785984" lon="-5.048509"><ele>1046.1</ele></trkpt>
    <trkpt lat="36.786016" lon="-5.04865"><ele>1045.9</ele></trkpt>
    <trkpt lat="36.786591" lon="-5.049493"><ele>1042.4</ele></trkpt>
    <trkpt lat="36.786969" lon="-5.049852"><ele>1039.9</ele></trkpt>
    <trkpt lat="36.787383" lon="-5.050668"><ele>1034.3</ele></trkpt>
    <trkpt lat="36.787431" lon="-5.050804"><ele>1033.3</ele></trkpt>
    <trkpt lat="36.787453" lon="-5.051067"><ele>1031.3</ele></trkpt>
    <trkpt lat="36.787447" lon="-5.051337"><ele>1029.2</ele></trkpt>
    <trkpt lat="36.787413" lon="-5.051503"><ele>1027.9</ele></trkpt>
    <trkpt lat="36.787228" lon="-5.051943"><ele>1024.1</ele></trkpt>
    <trkpt lat="36.787075" lon="-5.052394"><ele>1020.3</ele></trkpt>
    <trkpt lat="36.786792" lon="-5.053551"><ele>1010.7</ele></trkpt>
    <trkpt lat="36.786493" lon="-5.05462"><ele>1002.1</ele></trkpt>
    <trkpt lat="36.786361" lon="-5.054794"><ele>1000.3</ele></trkpt>
    <trkpt lat="36.786083" lon="-5.054896"><ele>997.6</ele></trkpt>
    <trkpt lat="36.785634" lon="-5.054939"><ele>994</ele></trkpt>
    <trkpt lat="36.785503" lon="-5.055027"><ele>993</ele></trkpt>
    <trkpt lat="36.784061" lon="-5.056253"><ele>984</ele></trkpt>
    <trkpt lat="36.783809" lon="-5.056381"><ele>983.2</ele></trkpt>
    <trkpt lat="36.783457" lon="-5.056447"><ele>982.3</ele></trkpt>
    <trkpt lat="36.783244" lon="-5.056586"><ele>981.7</ele></trkpt>
    <trkpt lat="36.783016" lon="-5.057096"><ele>980.6</ele></trkpt>
    <trkpt lat="36.78188" lon="-5.05907"><ele>973.9</ele></trkpt>
    <trkpt lat="36.781639" lon="-5.059434"><ele>972.2</ele></trkpt>
    <trkpt lat="36.781224" lon="-5.059956"><ele>969.4</ele></trkpt>
    <trkpt lat="36.780458" lon="-5.06082"><ele>966.1</ele></trkpt>
    <trkpt lat="36.779812" lon="-5.06157"><ele>965.7</ele></trkpt>
    <trkpt lat="36.779726" lon="-5.061729"><ele>965.7</ele></trkpt>
    <trkpt lat="36.779664" lon="-5.061943"><ele>965.8</ele></trkpt>
    <trkpt lat="36.779622" lon="-5.062553"><ele>965.5</ele></trkpt>
    <trkpt lat="36.779613" lon="-5.063817"><ele>963.2</ele></trkpt>
    <trkpt lat="36.779522" lon="-5.064105"><ele>962.5</ele></trkpt>
    <trkpt lat="36.779241" lon="-5.064432"><ele>961.4</ele></trkpt>
    <trkpt lat="36.777698" lon="-5.066078"><ele>957.3</ele></trkpt>
    <trkpt lat="36.777605" lon="-5.066359"><ele>956.4</ele></trkpt>
    <trkpt lat="36.777575" lon="-5.066524"><ele>955.9</ele></trkpt>
    <trkpt lat="36.777405" lon="-5.067731"><ele>951</ele></trkpt>
    <trkpt lat="36.777003" lon="-5.070446"><ele>939.9</ele></trkpt>
    <trkpt lat="36.776685" lon="-5.072544"><ele>933.7</ele></trkpt>
    <trkpt lat="36.776263" lon="-5.074058"><ele>933.2</ele></trkpt>
    <trkpt lat="36.775453" lon="-5.076782"><ele>938.1</ele></trkpt>
    <trkpt lat="36.775361" lon="-5.076955"><ele>938.2</ele></trkpt>
    <trkpt lat="36.775176" lon="-5.077138"><ele>938.2</ele></trkpt>
    <trkpt lat="36.775022" lon="-5.07722"><ele>938.2</ele></trkpt>
    <trkpt lat="36.774034" lon="-5.077163"><ele>934.3</ele></trkpt>
    <trkpt lat="36.773924" lon="-5.0772"><ele>933.5</ele></trkpt>
    <trkpt lat="36.773811" lon="-5.077273"><ele>932.5</ele></trkpt>
    <trkpt lat="36.773718" lon="-5.077392"><ele>931.4</ele></trkpt>
    <trkpt lat="36.773609" lon="-5.07762"><ele>929.5</ele></trkpt>
    <trkpt lat="36.773145" lon="-5.079212"><ele>915.5</ele></trkpt>
    <trkpt lat="36.773175" lon="-5.079337"><ele>914.5</ele></trkpt>
    <trkpt lat="36.773395" lon="-5.079685"><ele>911.4</ele></trkpt>
    <trkpt lat="36.773422" lon="-5.079781"><ele>910.7</ele></trkpt>
    <trkpt lat="36.773443" lon="-5.080527"><ele>906</ele></trkpt>
    <trkpt lat="36.773782" lon="-5.081585"><ele>898.8</ele></trkpt>
    <trkpt lat="36.773816" lon="-5.081944"><ele>896.3</ele></trkpt>
    <trkpt lat="36.773799" lon="-5.08211"><ele>895.1</ele></trkpt>
    <trkpt lat="36.773667" lon="-5.082498"><ele>892.1</ele></trkpt>
    <trkpt lat="36.773047" lon="-5.083433"><ele>884</ele></trkpt>
    <trkpt lat="36.772909" lon="-5.083762"><ele>881.9</ele></trkpt>
    <trkpt lat="36.77277" lon="-5.084271"><ele>879.3</ele></trkpt>
    <trkpt lat="36.772641" lon="-5.085292"><ele>877.8</ele></trkpt>
    <trkpt lat="36.772596" lon="-5.085416"><ele>877.9</ele></trkpt>
    <trkpt lat="36.772476" lon="-5.085536"><ele>877.9</ele></trkpt>
    <trkpt lat="36.772285" lon="-5.085645"><ele>877.9</ele></trkpt>
    <trkpt lat="36.772153" lon="-5.08579"><ele>878</ele></trkpt>
    <trkpt lat="36.772127" lon="-5.085917"><ele>878</ele></trkpt>
    <trkpt lat="36.772138" lon="-5.086062"><ele>878</ele></trkpt>
    <trkpt lat="36.772174" lon="-5.08617"><ele>878</ele></trkpt>
    <trkpt lat="36.772287" lon="-5.086379"><ele>878</ele></trkpt>
    <trkpt lat="36.774297" lon="-5.088292"><ele>866.5</ele></trkpt>
    <trkpt lat="36.774947" lon="-5.08912"><ele>862.3</ele></trkpt>
    <trkpt lat="36.77547" lon="-5.089503"><ele>860.2</ele></trkpt>
    <trkpt lat="36.776806" lon="-5.090975"><ele>854.5</ele></trkpt>
    <trkpt lat="36.777522" lon="-5.091722"><ele>851.4</ele></trkpt>
    <trkpt lat="36.777685" lon="-5.092038"><ele>850.3</ele></trkpt>
    <trkpt lat="36.777717" lon="-5.092149"><ele>850</ele></trkpt>
    <trkpt lat="36.777721" lon="-5.09227"><ele>849.6</ele></trkpt>
    <trkpt lat="36.777657" lon="-5.092685"><ele>848.3</ele></trkpt>
    <trkpt lat="36.777598" lon="-5.092868"><ele>847.7</ele></trkpt>
    <trkpt lat="36.777536" lon="-5.092979"><ele>847.2</ele></trkpt>
    <trkpt lat="36.777246" lon="-5.093222"><ele>845.5</ele></trkpt>
    <trkpt lat="36.777024" lon="-5.093363"><ele>844.1</ele></trkpt>
    <trkpt lat="36.775938" lon="-5.093576"><ele>836.3</ele></trkpt>
    <trkpt lat="36.77513" lon="-5.093816"><ele>828.6</ele></trkpt>
    <trkpt lat="36.774898" lon="-5.093919"><ele>826.2</ele></trkpt>
    <trkpt lat="36.77478" lon="-5.094014"><ele>824.9</ele></trkpt>
    <trkpt lat="36.774723" lon="-5.094092"><ele>824</ele></trkpt>
    <trkpt lat="36.774616" lon="-5.094322"><ele>822.1</ele></trkpt>
    <trkpt lat="36.774552" lon="-5.094556"><ele>820.2</ele></trkpt>
    <trkpt lat="36.774471" lon="-5.094749"><ele>818.7</ele></trkpt>
    <trkpt lat="36.774343" lon="-5.094967"><ele>816.8</ele></trkpt>
    <trkpt lat="36.773513" lon="-5.095899"><ele>808.8</ele></trkpt>
    <trkpt lat="36.773431" lon="-5.096206"><ele>807.2</ele></trkpt>
    <trkpt lat="36.773365" lon="-5.096621"><ele>805</ele></trkpt>
    <trkpt lat="36.77313" lon="-5.098015"><ele>798.2</ele></trkpt>
    <trkpt lat="36.772856" lon="-5.09875"><ele>794.8</ele></trkpt>
    <trkpt lat="36.772821" lon="-5.09884"><ele>794.4</ele></trkpt>
    <trkpt lat="36.771871" lon="-5.101278"><ele>785.9</ele></trkpt>
    <trkpt lat="36.771819" lon="-5.101415"><ele>785.4</ele></trkpt>
    <trkpt lat="36.771495" lon="-5.102268"><ele>783.1</ele></trkpt>
    <trkpt lat="36.771153" lon="-5.103528"><ele>780.5</ele></trkpt>
    <trkpt lat="36.771078" lon="-5.10369"><ele>780.2</ele></trkpt>
    <trkpt lat="36.770769" lon="-5.104181"><ele>779.2</ele></trkpt>
    <trkpt lat="36.770745" lon="-5.104219"><ele>779.1</ele></trkpt>
    <trkpt lat="36.770442" lon="-5.10468"><ele>778.2</ele></trkpt>
    <trkpt lat="36.770055" lon="-5.105178"><ele>777.3</ele></trkpt>
    <trkpt lat="36.769378" lon="-5.106018"><ele>775.9</ele></trkpt>
    <trkpt lat="36.769121" lon="-5.106279"><ele>775.5</ele></trkpt>
    <trkpt lat="36.768918" lon="-5.106485"><ele>775.2</ele></trkpt>
    <trkpt lat="36.768673" lon="-5.106756"><ele>774.8</ele></trkpt>
    <trkpt lat="36.768431" lon="-5.107074"><ele>774.4</ele></trkpt>
    <trkpt lat="36.767879" lon="-5.107879"><ele>773.2</ele></trkpt>
    <trkpt lat="36.767618" lon="-5.108261"><ele>772.6</ele></trkpt>
    <trkpt lat="36.767222" lon="-5.108927"><ele>771.4</ele></trkpt>
    <trkpt lat="36.767055" lon="-5.109279"><ele>770.7</ele></trkpt>
    <trkpt lat="36.767026" lon="-5.109373"><ele>770.5</ele></trkpt>
    <trkpt lat="36.766219" lon="-5.111874"><ele>765.5</ele></trkpt>
    <trkpt lat="36.765461" lon="-5.11393"><ele>762.6</ele></trkpt>
    <trkpt lat="36.765343" lon="-5.11425"><ele>762.2</ele></trkpt>
    <trkpt lat="36.76492" lon="-5.11542"><ele>761.4</ele></trkpt>
    <trkpt lat="36.764787" lon="-5.115814"><ele>761.3</ele></trkpt>
    <trkpt lat="36.764338" lon="-5.11718"><ele>760.8</ele></trkpt>
    <trkpt lat="36.764144" lon="-5.118192"><ele>760</ele></trkpt>
    <trkpt lat="36.764068" lon="-5.118453"><ele>759.6</ele></trkpt>
    <trkpt lat="36.763942" lon="-5.118718"><ele>759.2</ele></trkpt>
    <trkpt lat="36.761366" lon="-5.123251"><ele>751.1</ele></trkpt>
    <trkpt lat="36.760748" lon="-5.124374"><ele>748.9</ele></trkpt>
    <trkpt lat="36.760465" lon="-5.124985"><ele>748.1</ele></trkpt>
    <trkpt lat="36.76017" lon="-5.125774"><ele>747.2</ele></trkpt>
    <trkpt lat="36.759476" lon="-5.12768"><ele>744.8</ele></trkpt>
    <trkpt lat="36.758914" lon="-5.129027"><ele>742.8</ele></trkpt>
    <trkpt lat="36.758788" lon="-5.129377"><ele>742.3</ele></trkpt>
    <trkpt lat="36.758759" lon="-5.129459"><ele>742.2</ele></trkpt>
    <trkpt lat="36.758333" lon="-5.130758"><ele>740.5</ele></trkpt>
    <trkpt lat="36.758197" lon="-5.131108"><ele>740.1</ele></trkpt>
    <trkpt lat="36.756544" lon="-5.134492"><ele>736.1</ele></trkpt>
    <trkpt lat="36.756394" lon="-5.134886"><ele>735.9</ele></trkpt>
    <trkpt lat="36.756318" lon="-5.135177"><ele>735.9</ele></trkpt>
    <trkpt lat="36.756235" lon="-5.135869"><ele>736.2</ele></trkpt>
    <trkpt lat="36.756198" lon="-5.136209"><ele>736.4</ele></trkpt>
    <trkpt lat="36.756132" lon="-5.136635"><ele>736.6</ele></trkpt>
    <trkpt lat="36.755979" lon="-5.1372"><ele>736.8</ele></trkpt>
    <trkpt lat="36.755668" lon="-5.138051"><ele>736.5</ele></trkpt>
    <trkpt lat="36.755519" lon="-5.138584"><ele>735.9</ele></trkpt>
    <trkpt lat="36.755346" lon="-5.139335"><ele>735.2</ele></trkpt>
    <trkpt lat="36.755235" lon="-5.139918"><ele>734.9</ele></trkpt>
    <trkpt lat="36.755079" lon="-5.140767"><ele>735.1</ele></trkpt>
    <trkpt lat="36.754924" lon="-5.141826"><ele>736.9</ele></trkpt>
    <trkpt lat="36.754806" lon="-5.142432"><ele>738.2</ele></trkpt>
    <trkpt lat="36.754586" lon="-5.143451"><ele>737.7</ele></trkpt>
    <trkpt lat="36.75449" lon="-5.144358"><ele>734.4</ele></trkpt>
    <trkpt lat="36.754374" lon="-5.145031"><ele>730.7</ele></trkpt>
    <trkpt lat="36.754314" lon="-5.145351"><ele>729.1</ele></trkpt>
    <trkpt lat="36.754303" lon="-5.145415"><ele>728.7</ele></trkpt>
    <trkpt lat="36.754093" lon="-5.146728"><ele>724.1</ele></trkpt>
    <trkpt lat="36.753958" lon="-5.147384"><ele>722.5</ele></trkpt>
    <trkpt lat="36.753924" lon="-5.147514"><ele>722.2</ele></trkpt>
    <trkpt lat="36.753853" lon="-5.147775"><ele>721.7</ele></trkpt>
    <trkpt lat="36.753823" lon="-5.14785"><ele>721.5</ele></trkpt>
    <trkpt lat="36.753716" lon="-5.147938"><ele>721.1</ele></trkpt>
    <trkpt lat="36.753649" lon="-5.147954"><ele>720.9</ele></trkpt>
    <trkpt lat="36.753541" lon="-5.147911"><ele>720.6</ele></trkpt>
    <trkpt lat="36.753379" lon="-5.147847"><ele>720.1</ele></trkpt>
    <trkpt lat="36.753285" lon="-5.147785"><ele>719.8</ele></trkpt>
    <trkpt lat="36.752958" lon="-5.147523"><ele>718.4</ele></trkpt>
    <trkpt lat="36.752908" lon="-5.147487"><ele>718.2</ele></trkpt>
    <trkpt lat="36.752132" lon="-5.147022"><ele>715.1</ele></trkpt>
    <trkpt lat="36.750392" lon="-5.146174"><ele>709.2</ele></trkpt>
    <trkpt lat="36.750011" lon="-5.145989"><ele>708.1</ele></trkpt>
    <trkpt lat="36.74915" lon="-5.145601"><ele>705.4</ele></trkpt>
    <trkpt lat="36.748701" lon="-5.145431"><ele>704</ele></trkpt>
    <trkpt lat="36.748198" lon="-5.145302"><ele>702.6</ele></trkpt>
    <trkpt lat="36.747829" lon="-5.145251"><ele>701.8</ele></trkpt>
    <trkpt lat="36.747781" lon="-5.14525"><ele>701.7</ele></trkpt>
    <trkpt lat="36.747337" lon="-5.145237"><ele>701.1</ele></trkpt>
    <trkpt lat="36.746595" lon="-5.145311"><ele>700.7</ele></trkpt>
    <trkpt lat="36.746086" lon="-5.145441"><ele>700.7</ele></trkpt>
    <trkpt lat="36.745397" lon="-5.145709"><ele>700.8</ele></trkpt>
    <trkpt lat="36.744679" lon="-5.146109"><ele>701.1</ele></trkpt>
    <trkpt lat="36.742772" lon="-5.147352"><ele>701.8</ele></trkpt>
    <trkpt lat="36.741862" lon="-5.147856"><ele>700.1</ele></trkpt>
    <trkpt lat="36.740944" lon="-5.148228"><ele>697.6</ele></trkpt>
    <trkpt lat="36.740152" lon="-5.148442"><ele>694.8</ele></trkpt>
    <trkpt lat="36.739767" lon="-5.148513"><ele>693.1</ele></trkpt>
    <trkpt lat="36.739297" lon="-5.148556"><ele>690.6</ele></trkpt>
    <trkpt lat="36.738555" lon="-5.148566"><ele>686.2</ele></trkpt>
    <trkpt lat="36.737825" lon="-5.148478"><ele>682.6</ele></trkpt>
    <trkpt lat="36.73688" lon="-5.148274"><ele>681.7</ele></trkpt>
    <trkpt lat="36.736712" lon="-5.148231"><ele>682.1</ele></trkpt>
    <trkpt lat="36.736208" lon="-5.148055"><ele>684.2</ele></trkpt>
    <trkpt lat="36.734589" lon="-5.147344"><ele>695.8</ele></trkpt>
    <trkpt lat="36.734203" lon="-5.14721"><ele>697.8</ele></trkpt>
    <trkpt lat="36.733725" lon="-5.147097"><ele>699.6</ele></trkpt>
    <trkpt lat="36.733224" lon="-5.147038"><ele>700.7</ele></trkpt>
    <trkpt lat="36.732716" lon="-5.147047"><ele>701.5</ele></trkpt>
    <trkpt lat="36.732586" lon="-5.147056"><ele>701.7</ele></trkpt>
    <trkpt lat="36.731717" lon="-5.147186"><ele>704.6</ele></trkpt>
    <trkpt lat="36.730532" lon="-5.147394"><ele>711.4</ele></trkpt>
    <trkpt lat="36.729443" lon="-5.147455"><ele>717.2</ele></trkpt>
    <trkpt lat="36.729232" lon="-5.147449"><ele>718.2</ele></trkpt>
    <trkpt lat="36.728684" lon="-5.147409"><ele>720.6</ele></trkpt>
    <trkpt lat="36.727778" lon="-5.147258"><ele>724.5</ele></trkpt>
    <trkpt lat="36.727351" lon="-5.147156"><ele>726.3</ele></trkpt>
    <trkpt lat="36.726473" lon="-5.146871"><ele>730.1</ele></trkpt>
    <trkpt lat="36.725791" lon="-5.146627"><ele>733.1</ele></trkpt>
    <trkpt lat="36.724647" lon="-5.146265"><ele>739</ele></trkpt>
    <trkpt lat="36.723512" lon="-5.145959"><ele>744.6</ele></trkpt>
    <trkpt lat="36.722717" lon="-5.145792"><ele>746.6</ele></trkpt>
    <trkpt lat="36.721878" lon="-5.145601"><ele>746</ele></trkpt>
    <trkpt lat="36.721326" lon="-5.145306"><ele>744.6</ele></trkpt>
    <trkpt lat="36.721195" lon="-5.145184"><ele>744.3</ele></trkpt>
    <trkpt lat="36.720964" lon="-5.144948"><ele>744.2</ele></trkpt>
    <trkpt lat="36.720751" lon="-5.144626"><ele>744.7</ele></trkpt>
    <trkpt lat="36.720582" lon="-5.144237"><ele>745.8</ele></trkpt>
    <trkpt lat="36.720465" lon="-5.143834"><ele>747.6</ele></trkpt>
    <trkpt lat="36.720014" lon="-5.1417"><ele>761.3</ele></trkpt>
    <trkpt lat="36.719917" lon="-5.141331"><ele>762.8</ele></trkpt>
    <trkpt lat="36.71978" lon="-5.140999"><ele>763.9</ele></trkpt>
    <trkpt lat="36.719614" lon="-5.140684"><ele>764.8</ele></trkpt>
    <trkpt lat="36.719394" lon="-5.140378"><ele>765.6</ele></trkpt>
    <trkpt lat="36.719042" lon="-5.140036"><ele>767.1</ele></trkpt>
    <trkpt lat="36.718817" lon="-5.139876"><ele>768.1</ele></trkpt>
    <trkpt lat="36.718534" lon="-5.139744"><ele>769.5</ele></trkpt>
    <trkpt lat="36.718114" lon="-5.139622"><ele>772</ele></trkpt>
    <trkpt lat="36.716147" lon="-5.139096"><ele>785.8</ele></trkpt>
    <trkpt lat="36.715374" lon="-5.13886"><ele>792.1</ele></trkpt>
    <trkpt lat="36.715039" lon="-5.138667"><ele>794.8</ele></trkpt>
    <trkpt lat="36.714902" lon="-5.138546"><ele>795.8</ele></trkpt>
    <trkpt lat="36.714553" lon="-5.138147"><ele>798.2</ele></trkpt>
    <trkpt lat="36.714413" lon="-5.137903"><ele>799.3</ele></trkpt>
    <trkpt lat="36.714157" lon="-5.137251"><ele>802.3</ele></trkpt>
    <trkpt lat="36.714047" lon="-5.136861"><ele>804.4</ele></trkpt>
    <trkpt lat="36.713981" lon="-5.136591"><ele>806</ele></trkpt>
    <trkpt lat="36.713924" lon="-5.136193"><ele>808.6</ele></trkpt>
    <trkpt lat="36.71389" lon="-5.135471"><ele>814.2</ele></trkpt>
    <trkpt lat="36.71391" lon="-5.134662"><ele>820.7</ele></trkpt>
    <trkpt lat="36.713891" lon="-5.13436"><ele>823</ele></trkpt>
    <trkpt lat="36.713836" lon="-5.134073"><ele>825.3</ele></trkpt>
    <trkpt lat="36.713747" lon="-5.133807"><ele>827.4</ele></trkpt>
    <trkpt lat="36.713199" lon="-5.132803"><ele>836.8</ele></trkpt>
    <trkpt lat="36.712601" lon="-5.131776"><ele>846.7</ele></trkpt>
    <trkpt lat="36.712302" lon="-5.131406"><ele>850.3</ele></trkpt>
    <trkpt lat="36.712095" lon="-5.131251"><ele>852.1</ele></trkpt>
    <trkpt lat="36.711764" lon="-5.131079"><ele>854.3</ele></trkpt>
    <trkpt lat="36.711435" lon="-5.131031"><ele>855.9</ele></trkpt>
    <trkpt lat="36.711254" lon="-5.131039"><ele>856.7</ele></trkpt>
    <trkpt lat="36.710837" lon="-5.131181"><ele>858.6</ele></trkpt>
    <trkpt lat="36.710551" lon="-5.13139"><ele>860.2</ele></trkpt>
    <trkpt lat="36.710354" lon="-5.1316"><ele>861.5</ele></trkpt>
    <trkpt lat="36.709916" lon="-5.132209"><ele>867.1</ele></trkpt>
    <trkpt lat="36.709716" lon="-5.132478"><ele>870.7</ele></trkpt>
    <trkpt lat="36.709501" lon="-5.132715"><ele>874.6</ele></trkpt>
    <trkpt lat="36.709288" lon="-5.132865"><ele>878.1</ele></trkpt>
    <trkpt lat="36.709167" lon="-5.13291"><ele>879.9</ele></trkpt>
    <trkpt lat="36.708993" lon="-5.132925"><ele>882.4</ele></trkpt>
    <trkpt lat="36.708846" lon="-5.132905"><ele>884.5</ele></trkpt>
    <trkpt lat="36.708653" lon="-5.132835"><ele>887.4</ele></trkpt>
    <trkpt lat="36.708411" lon="-5.132639"><ele>891.2</ele></trkpt>
    <trkpt lat="36.708319" lon="-5.132513"><ele>892.9</ele></trkpt>
    <trkpt lat="36.708199" lon="-5.132284"><ele>895.1</ele></trkpt>
    <trkpt lat="36.708124" lon="-5.131998"><ele>896.9</ele></trkpt>
    <trkpt lat="36.708113" lon="-5.131621"><ele>898.5</ele></trkpt>
    <trkpt lat="36.708136" lon="-5.131176"><ele>899.3</ele></trkpt>
    <trkpt lat="36.708087" lon="-5.130853"><ele>899.5</ele></trkpt>
    <trkpt lat="36.707974" lon="-5.13059"><ele>899.5</ele></trkpt>
    <trkpt lat="36.707878" lon="-5.130449"><ele>899.6</ele></trkpt>
    <trkpt lat="36.707642" lon="-5.130255"><ele>899.8</ele></trkpt>
    <trkpt lat="36.707511" lon="-5.130209"><ele>900</ele></trkpt>
    <trkpt lat="36.707208" lon="-5.130205"><ele>900.6</ele></trkpt>
    <trkpt lat="36.706123" lon="-5.130433"><ele>909.5</ele></trkpt>
    <trkpt lat="36.705451" lon="-5.130567"><ele>917.2</ele></trkpt>
    <trkpt lat="36.705192" lon="-5.13058"><ele>919.8</ele></trkpt>
    <trkpt lat="36.704893" lon="-5.130508"><ele>922.5</ele></trkpt>
    <trkpt lat="36.704559" lon="-5.130301"><ele>925</ele></trkpt>
    <trkpt lat="36.704342" lon="-5.130077"><ele>926.2</ele></trkpt>
    <trkpt lat="36.704047" lon="-5.129685"><ele>927</ele></trkpt>
    <trkpt lat="36.702593" lon="-5.127616"><ele>927.8</ele></trkpt>
    <trkpt lat="36.702128" lon="-5.126955"><ele>933.3</ele></trkpt>
    <trkpt lat="36.701997" lon="-5.126741"><ele>935.4</ele></trkpt>
    <trkpt lat="36.701886" lon="-5.126498"><ele>937.7</ele></trkpt>
    <trkpt lat="36.701813" lon="-5.126253"><ele>939.9</ele></trkpt>
    <trkpt lat="36.701769" lon="-5.125994"><ele>942</ele></trkpt>
    <trkpt lat="36.701654" lon="-5.124441"><ele>950.8</ele></trkpt>
    <trkpt lat="36.701637" lon="-5.123914"><ele>952.1</ele></trkpt>
    <trkpt lat="36.701656" lon="-5.122875"><ele>954.2</ele></trkpt>
    <trkpt lat="36.701748" lon="-5.121062"><ele>956.4</ele></trkpt>
    <trkpt lat="36.701701" lon="-5.120356"><ele>956.3</ele></trkpt>
    <trkpt lat="36.701623" lon="-5.119945"><ele>956.2</ele></trkpt>
    <trkpt lat="36.701466" lon="-5.119429"><ele>956.1</ele></trkpt>
    <trkpt lat="36.701294" lon="-5.119104"><ele>956.1</ele></trkpt>
    <trkpt lat="36.700547" lon="-5.118419"><ele>956.1</ele></trkpt>
    <trkpt lat="36.700379" lon="-5.118201"><ele>956</ele></trkpt>
    <trkpt lat="36.700047" lon="-5.11757"><ele>954.1</ele></trkpt>
    <trkpt lat="36.699868" lon="-5.117298"><ele>952.6</ele></trkpt>
    <trkpt lat="36.699737" lon="-5.117191"><ele>951.6</ele></trkpt>
    <trkpt lat="36.699466" lon="-5.1171"><ele>949.8</ele></trkpt>
    <trkpt lat="36.699303" lon="-5.117086"><ele>948.7</ele></trkpt>
    <trkpt lat="36.699174" lon="-5.117113"><ele>947.9</ele></trkpt>
    <trkpt lat="36.699041" lon="-5.117172"><ele>947</ele></trkpt>
    <trkpt lat="36.698828" lon="-5.117328"><ele>945.5</ele></trkpt>
    <trkpt lat="36.698707" lon="-5.117481"><ele>944.5</ele></trkpt>
    <trkpt lat="36.698393" lon="-5.118105"><ele>942.2</ele></trkpt>
    <trkpt lat="36.69817" lon="-5.118447"><ele>941.4</ele></trkpt>
    <trkpt lat="36.697899" lon="-5.118708"><ele>940.9</ele></trkpt>
    <trkpt lat="36.697354" lon="-5.118974"><ele>940.5</ele></trkpt>
    <trkpt lat="36.69658" lon="-5.119194"><ele>940.6</ele></trkpt>
    <trkpt lat="36.695571" lon="-5.119291"><ele>942.4</ele></trkpt>
    <trkpt lat="36.695119" lon="-5.119363"><ele>943</ele></trkpt>
    <trkpt lat="36.694677" lon="-5.119506"><ele>942.9</ele></trkpt>
    <trkpt lat="36.693854" lon="-5.119829"><ele>941.3</ele></trkpt>
    <trkpt lat="36.690821" lon="-5.120463"><ele>934.5</ele></trkpt>
    <trkpt lat="36.690381" lon="-5.120546"><ele>936.3</ele></trkpt>
    <trkpt lat="36.690069" lon="-5.120516"><ele>938.4</ele></trkpt>
    <trkpt lat="36.689916" lon="-5.120458"><ele>939.5</ele></trkpt>
    <trkpt lat="36.689675" lon="-5.120263"><ele>941.3</ele></trkpt>
    <trkpt lat="36.689504" lon="-5.119995"><ele>942.8</ele></trkpt>
    <trkpt lat="36.689404" lon="-5.119689"><ele>943.9</ele></trkpt>
    <trkpt lat="36.689259" lon="-5.118433"><ele>944</ele></trkpt>
    <trkpt lat="36.689156" lon="-5.118076"><ele>942.6</ele></trkpt>
    <trkpt lat="36.689014" lon="-5.117841"><ele>941.5</ele></trkpt>
    <trkpt lat="36.687878" lon="-5.116373"><ele>937</ele></trkpt>
    <trkpt lat="36.687512" lon="-5.116064"><ele>937.6</ele></trkpt>
    <trkpt lat="36.686966" lon="-5.115793"><ele>940.1</ele></trkpt>
    <trkpt lat="36.686474" lon="-5.115669"><ele>943.7</ele></trkpt>
    <trkpt lat="36.68568" lon="-5.115616"><ele>950.9</ele></trkpt>
    <trkpt lat="36.684417" lon="-5.115319"><ele>960.9</ele></trkpt>
    <trkpt lat="36.683479" lon="-5.11514"><ele>963.9</ele></trkpt>
    <trkpt lat="36.682527" lon="-5.115007"><ele>965.1</ele></trkpt>
    <trkpt lat="36.682185" lon="-5.115024"><ele>966.1</ele></trkpt>
    <trkpt lat="36.681947" lon="-5.115099"><ele>967</ele></trkpt>
    <trkpt lat="36.68172" lon="-5.115206"><ele>968</ele></trkpt>
    <trkpt lat="36.681493" lon="-5.115349"><ele>969.1</ele></trkpt>
    <trkpt lat="36.681206" lon="-5.115579"><ele>970.7</ele></trkpt>
    <trkpt lat="36.680913" lon="-5.11585"><ele>972.1</ele></trkpt>
    <trkpt lat="36.680004" lon="-5.116805"><ele>973.8</ele></trkpt>
    <trkpt lat="36.679239" lon="-5.117606"><ele>975.8</ele></trkpt>
    <trkpt lat="36.678892" lon="-5.117919"><ele>977.6</ele></trkpt>
    <trkpt lat="36.678691" lon="-5.11806"><ele>978.7</ele></trkpt>
    <trkpt lat="36.678418" lon="-5.1182"><ele>980.1</ele></trkpt>
    <trkpt lat="36.678085" lon="-5.118323"><ele>981.9</ele></trkpt>
    <trkpt lat="36.677785" lon="-5.118386"><ele>983.6</ele></trkpt>
    <trkpt lat="36.676797" lon="-5.118512"><ele>988.1</ele></trkpt>
    <trkpt lat="36.676443" lon="-5.118645"><ele>989.2</ele></trkpt>
    <trkpt lat="36.674649" lon="-5.119572"><ele>992.5</ele></trkpt>
    <trkpt lat="36.67462" lon="-5.119613"><ele>992.6</ele></trkpt>
    <trkpt lat="36.674396" lon="-5.119727"><ele>993</ele></trkpt>
    <trkpt lat="36.673996" lon="-5.11991"><ele>993.5</ele></trkpt>
    <trkpt lat="36.673563" lon="-5.120043"><ele>994</ele></trkpt>
    <trkpt lat="36.6732" lon="-5.12007"><ele>994.2</ele></trkpt>
    <trkpt lat="36.672951" lon="-5.120049"><ele>994.4</ele></trkpt>
    <trkpt lat="36.672517" lon="-5.119935"><ele>995</ele></trkpt>
    <trkpt lat="36.67206" lon="-5.119688"><ele>996.4</ele></trkpt>
    <trkpt lat="36.671763" lon="-5.119469"><ele>997.7</ele></trkpt>
    <trkpt lat="36.671546" lon="-5.119251"><ele>998.8</ele></trkpt>
    <trkpt lat="36.671444" lon="-5.119113"><ele>999.5</ele></trkpt>
    <trkpt lat="36.671216" lon="-5.118725"><ele>1001.1</ele></trkpt>
    <trkpt lat="36.671031" lon="-5.11827"><ele>1002.6</ele></trkpt>
    <trkpt lat="36.670887" lon="-5.117686"><ele>1004.2</ele></trkpt>
    <trkpt lat="36.670786" lon="-5.116979"><ele>1005.7</ele></trkpt>
    <trkpt lat="36.67071" lon="-5.116445"><ele>1006.8</ele></trkpt>
    <trkpt lat="36.670655" lon="-5.11621"><ele>1007.2</ele></trkpt>
    <trkpt lat="36.670569" lon="-5.115989"><ele>1007.6</ele></trkpt>
    <trkpt lat="36.670449" lon="-5.115808"><ele>1008</ele></trkpt>
    <trkpt lat="36.670172" lon="-5.115505"><ele>1009</ele></trkpt>
    <trkpt lat="36.669684" lon="-5.115146"><ele>1010.8</ele></trkpt>
    <trkpt lat="36.669486" lon="-5.114983"><ele>1011.7</ele></trkpt>
    <trkpt lat="36.669321" lon="-5.1148"><ele>1012.8</ele></trkpt>
    <trkpt lat="36.669093" lon="-5.114466"><ele>1014.9</ele></trkpt>
    <trkpt lat="36.668981" lon="-5.114236"><ele>1016.5</ele></trkpt>
    <trkpt lat="36.668651" lon="-5.113395"><ele>1023.3</ele></trkpt>
    <trkpt lat="36.668488" lon="-5.113108"><ele>1026.1</ele></trkpt>
    <trkpt lat="36.668315" lon="-5.112958"><ele>1028.2</ele></trkpt>
    <trkpt lat="36.667761" lon="-5.112568"><ele>1034.1</ele></trkpt>
    <trkpt lat="36.667567" lon="-5.112389"><ele>1036.1</ele></trkpt>
    <trkpt lat="36.667403" lon="-5.112144"><ele>1038.2</ele></trkpt>
    <trkpt lat="36.667278" lon="-5.11184"><ele>1040.1</ele></trkpt>
    <trkpt lat="36.667205" lon="-5.111425"><ele>1042.4</ele></trkpt>
    <trkpt lat="36.667046" lon="-5.110115"><ele>1047.8</ele></trkpt>
    <trkpt lat="36.666903" lon="-5.109198"><ele>1050.1</ele></trkpt>
    <trkpt lat="36.666681" lon="-5.108538"><ele>1050.8</ele></trkpt>
    <trkpt lat="36.66636" lon="-5.107974"><ele>1050.6</ele></trkpt>
    <trkpt lat="36.666102" lon="-5.107692"><ele>1050.1</ele></trkpt>
    <trkpt lat="36.665816" lon="-5.107396"><ele>1049.6</ele></trkpt>
    <trkpt lat="36.665384" lon="-5.107038"><ele>1049.5</ele></trkpt>
    <trkpt lat="36.664999" lon="-5.106739"><ele>1049.5</ele></trkpt>
    <trkpt lat="36.664936" lon="-5.10666"><ele>1049.5</ele></trkpt>
    <trkpt lat="36.664811" lon="-5.1065"><ele>1049.5</ele></trkpt>
    <trkpt lat="36.66465" lon="-5.106148"><ele>1049.8</ele></trkpt>
    <trkpt lat="36.664352" lon="-5.105063"><ele>1049.6</ele></trkpt>
    <trkpt lat="36.664203" lon="-5.104723"><ele>1049.3</ele></trkpt>
    <trkpt lat="36.664064" lon="-5.104558"><ele>1049.1</ele></trkpt>
    <trkpt lat="36.663999" lon="-5.104481"><ele>1049</ele></trkpt>
    <trkpt lat="36.663079" lon="-5.10375"><ele>1050.4</ele></trkpt>
    <trkpt lat="36.662784" lon="-5.103432"><ele>1051.9</ele></trkpt>
    <trkpt lat="36.662457" lon="-5.10289"><ele>1054.1</ele></trkpt>
    <trkpt lat="36.661527" lon="-5.100761"><ele>1061.8</ele></trkpt>
    <trkpt lat="36.661124" lon="-5.0999"><ele>1063.9</ele></trkpt>
    <trkpt lat="36.661" lon="-5.099718"><ele>1064.5</ele></trkpt>
    <trkpt lat="36.660828" lon="-5.099504"><ele>1065.2</ele></trkpt>
    <trkpt lat="36.660713" lon="-5.099402"><ele>1065.6</ele></trkpt>
    <trkpt lat="36.660542" lon="-5.09929"><ele>1066.3</ele></trkpt>
    <trkpt lat="36.660265" lon="-5.099172"><ele>1067.3</ele></trkpt>
    <trkpt lat="36.659989" lon="-5.099123"><ele>1068.4</ele></trkpt>
    <trkpt lat="36.659781" lon="-5.099132"><ele>1069.4</ele></trkpt>
    <trkpt lat="36.658945" lon="-5.099314"><ele>1072.9</ele></trkpt>
    <trkpt lat="36.658663" lon="-5.099352"><ele>1073.8</ele></trkpt>
    <trkpt lat="36.658371" lon="-5.099349"><ele>1074.7</ele></trkpt>
    <trkpt lat="36.658185" lon="-5.099315"><ele>1075.3</ele></trkpt>
    <trkpt lat="36.657813" lon="-5.099193"><ele>1076.3</ele></trkpt>
    <trkpt lat="36.657435" lon="-5.098987"><ele>1076.7</ele></trkpt>
    <trkpt lat="36.657248" lon="-5.098837"><ele>1076.6</ele></trkpt>
    <trkpt lat="36.656917" lon="-5.098489"><ele>1076.5</ele></trkpt>
    <trkpt lat="36.656714" lon="-5.098195"><ele>1076.9</ele></trkpt>
    <trkpt lat="36.656555" lon="-5.097879"><ele>1077.3</ele></trkpt>
    <trkpt lat="36.656394" lon="-5.097467"><ele>1077.6</ele></trkpt>
    <trkpt lat="36.656285" lon="-5.097041"><ele>1078</ele></trkpt>
    <trkpt lat="36.656254" lon="-5.096882"><ele>1078.2</ele></trkpt>
    <trkpt lat="36.656242" lon="-5.096571"><ele>1078.9</ele></trkpt>
    <trkpt lat="36.656309" lon="-5.094801"><ele>1082.2</ele></trkpt>
    <trkpt lat="36.656302" lon="-5.094271"><ele>1082.4</ele></trkpt>
    <trkpt lat="36.656243" lon="-5.093992"><ele>1082.6</ele></trkpt>
    <trkpt lat="36.656097" lon="-5.093676"><ele>1082.8</ele></trkpt>
    <trkpt lat="36.655916" lon="-5.093439"><ele>1082.8</ele></trkpt>
    <trkpt lat="36.655742" lon="-5.093291"><ele>1082.8</ele></trkpt>
    <trkpt lat="36.655628" lon="-5.093231"><ele>1082.8</ele></trkpt>
    <trkpt lat="36.655232" lon="-5.09309"><ele>1082.8</ele></trkpt>
    <trkpt lat="36.655173" lon="-5.09307"><ele>1082.8</ele></trkpt>
    <trkpt lat="36.654766" lon="-5.092895"><ele>1083.2</ele></trkpt>
    <trkpt lat="36.654568" lon="-5.092762"><ele>1083.5</ele></trkpt>
    <trkpt lat="36.654258" lon="-5.092482"><ele>1084.2</ele></trkpt>
    <trkpt lat="36.653965" lon="-5.09223"><ele>1085</ele></trkpt>
    <trkpt lat="36.653686" lon="-5.09203"><ele>1086.2</ele></trkpt>
    <trkpt lat="36.653563" lon="-5.091981"><ele>1086.7</ele></trkpt>
    <trkpt lat="36.653245" lon="-5.091915"><ele>1088.1</ele></trkpt>
    <trkpt lat="36.652655" lon="-5.091837"><ele>1090.2</ele></trkpt>
    <trkpt lat="36.652611" lon="-5.091831"><ele>1090.3</ele></trkpt>
    <trkpt lat="36.651687" lon="-5.091706"><ele>1093</ele></trkpt>
    <trkpt lat="36.650761" lon="-5.09158"><ele>1095.9</ele></trkpt>
    <trkpt lat="36.649155" lon="-5.091356"><ele>1102.7</ele></trkpt>
    <trkpt lat="36.648828" lon="-5.091282"><ele>1104.1</ele></trkpt>
    <trkpt lat="36.648245" lon="-5.091081"><ele>1106.6</ele></trkpt>
    <trkpt lat="36.647772" lon="-5.090863"><ele>1108.6</ele></trkpt>
    <trkpt lat="36.64679" lon="-5.090229"><ele>1113</ele></trkpt>
    <trkpt lat="36.646004" lon="-5.089696"><ele>1115.7</ele></trkpt>
    <trkpt lat="36.645705" lon="-5.089593"><ele>1116.2</ele></trkpt>
    <trkpt lat="36.645444" lon="-5.089551"><ele>1116.5</ele></trkpt>
    <trkpt lat="36.645047" lon="-5.089533"><ele>1116.7</ele></trkpt>
    <trkpt lat="36.644696" lon="-5.089447"><ele>1116.6</ele></trkpt>
    <trkpt lat="36.644515" lon="-5.089336"><ele>1116.3</ele></trkpt>
    <trkpt lat="36.644317" lon="-5.089103"><ele>1115.8</ele></trkpt>
    <trkpt lat="36.64417" lon="-5.088838"><ele>1115.6</ele></trkpt>
    <trkpt lat="36.644002" lon="-5.088537"><ele>1115.7</ele></trkpt>
    <trkpt lat="36.643819" lon="-5.088274"><ele>1116.3</ele></trkpt>
    <trkpt lat="36.643667" lon="-5.088136"><ele>1117.4</ele></trkpt>
    <trkpt lat="36.643494" lon="-5.088053"><ele>1118.6</ele></trkpt>
    <trkpt lat="36.64321" lon="-5.088037"><ele>1119.9</ele></trkpt>
    <trkpt lat="36.642936" lon="-5.088118"><ele>1120.7</ele></trkpt>
    <trkpt lat="36.642789" lon="-5.088195"><ele>1121.1</ele></trkpt>
    <trkpt lat="36.642685" lon="-5.088292"><ele>1121.5</ele></trkpt>
    <trkpt lat="36.642527" lon="-5.088533"><ele>1122.2</ele></trkpt>
    <trkpt lat="36.642278" lon="-5.089137"><ele>1123</ele></trkpt>
    <trkpt lat="36.642109" lon="-5.08944"><ele>1122.2</ele></trkpt>
    <trkpt lat="36.641856" lon="-5.089776"><ele>1119.7</ele></trkpt>
    <trkpt lat="36.641557" lon="-5.090113"><ele>1117.3</ele></trkpt>
    <trkpt lat="36.641355" lon="-5.090312"><ele>1116.9</ele></trkpt>
    <trkpt lat="36.641101" lon="-5.090486"><ele>1116.8</ele></trkpt>
    <trkpt lat="36.640932" lon="-5.090555"><ele>1116.7</ele></trkpt>
    <trkpt lat="36.640732" lon="-5.090598"><ele>1116.6</ele></trkpt>
    <trkpt lat="36.640336" lon="-5.090554"><ele>1117.1</ele></trkpt>
    <trkpt lat="36.640028" lon="-5.090405"><ele>1117.6</ele></trkpt>
    <trkpt lat="36.639359" lon="-5.089895"><ele>1118.5</ele></trkpt>
    <trkpt lat="36.639201" lon="-5.089801"><ele>1118.2</ele></trkpt>
    <trkpt lat="36.639009" lon="-5.089745"><ele>1117.6</ele></trkpt>
    <trkpt lat="36.638768" lon="-5.089733"><ele>1116.5</ele></trkpt>
    <trkpt lat="36.638614" lon="-5.08976"><ele>1115.6</ele></trkpt>
    <trkpt lat="36.638233" lon="-5.089918"><ele>1112.4</ele></trkpt>
    <trkpt lat="36.6376" lon="-5.090253"><ele>1106.5</ele></trkpt>
    <trkpt lat="36.637274" lon="-5.090357"><ele>1103.2</ele></trkpt>
    <trkpt lat="36.636866" lon="-5.090438"><ele>1099</ele></trkpt>
    <trkpt lat="36.636453" lon="-5.090466"><ele>1095.4</ele></trkpt>
    <trkpt lat="36.636061" lon="-5.090449"><ele>1092.7</ele></trkpt>
    <trkpt lat="36.635666" lon="-5.090394"><ele>1090.6</ele></trkpt>
    <trkpt lat="36.634761" lon="-5.09021"><ele>1089.2</ele></trkpt>
    <trkpt lat="36.634349" lon="-5.090197"><ele>1090.1</ele></trkpt>
    <trkpt lat="36.634246" lon="-5.09022"><ele>1090.3</ele></trkpt>
    <trkpt lat="36.634096" lon="-5.090299"><ele>1090.4</ele></trkpt>
    <trkpt lat="36.634018" lon="-5.090361"><ele>1090.5</ele></trkpt>
    <trkpt lat="36.633896" lon="-5.09052"><ele>1090.5</ele></trkpt>
    <trkpt lat="36.633772" lon="-5.09081"><ele>1090.2</ele></trkpt>
    <trkpt lat="36.633737" lon="-5.091128"><ele>1089.4</ele></trkpt>
    <trkpt lat="36.633783" lon="-5.091852"><ele>1086.1</ele></trkpt>
    <trkpt lat="36.633738" lon="-5.092104"><ele>1084.4</ele></trkpt>
    <trkpt lat="36.633686" lon="-5.092238"><ele>1083.2</ele></trkpt>
    <trkpt lat="36.633569" lon="-5.092425"><ele>1081.3</ele></trkpt>
    <trkpt lat="36.633471" lon="-5.092525"><ele>1080.1</ele></trkpt>
    <trkpt lat="36.633305" lon="-5.092622"><ele>1078.3</ele></trkpt>
    <trkpt lat="36.633192" lon="-5.092651"><ele>1077.2</ele></trkpt>
    <trkpt lat="36.632767" lon="-5.092688"><ele>1073.4</ele></trkpt>
    <trkpt lat="36.632595" lon="-5.092745"><ele>1072.1</ele></trkpt>
    <trkpt lat="36.632027" lon="-5.093221"><ele>1067.8</ele></trkpt>
    <trkpt lat="36.631392" lon="-5.093585"><ele>1062</ele></trkpt>
    <trkpt lat="36.631228" lon="-5.093762"><ele>1060.1</ele></trkpt>
    <trkpt lat="36.630979" lon="-5.094233"><ele>1056</ele></trkpt>
    <trkpt lat="36.630787" lon="-5.09454"><ele>1052.9</ele></trkpt>
    <trkpt lat="36.630546" lon="-5.094754"><ele>1049.7</ele></trkpt>
    <trkpt lat="36.630408" lon="-5.094847"><ele>1048.2</ele></trkpt>
    <trkpt lat="36.630126" lon="-5.094959"><ele>1045.8</ele></trkpt>
    <trkpt lat="36.629735" lon="-5.094985"><ele>1043.5</ele></trkpt>
    <trkpt lat="36.629559" lon="-5.094936"><ele>1042.8</ele></trkpt>
    <trkpt lat="36.62902" lon="-5.094735"><ele>1040.7</ele></trkpt>
    <trkpt lat="36.628827" lon="-5.094718"><ele>1039.5</ele></trkpt>
    <trkpt lat="36.628414" lon="-5.094754"><ele>1037</ele></trkpt>
    <trkpt lat="36.627855" lon="-5.09483"><ele>1032.6</ele></trkpt>
    <trkpt lat="36.627467" lon="-5.094812"><ele>1029</ele></trkpt>
    <trkpt lat="36.627272" lon="-5.094754"><ele>1026.9</ele></trkpt>
    <trkpt lat="36.626508" lon="-5.094186"><ele>1019.5</ele></trkpt>
    <trkpt lat="36.626134" lon="-5.093826"><ele>1017</ele></trkpt>
    <trkpt lat="36.625596" lon="-5.093267"><ele>1014.2</ele></trkpt>
    <trkpt lat="36.625284" lon="-5.092846"><ele>1012.8</ele></trkpt>
    <trkpt lat="36.624541" lon="-5.091495"><ele>1013.1</ele></trkpt>
    <trkpt lat="36.624345" lon="-5.091046"><ele>1013.8</ele></trkpt>
    <trkpt lat="36.624236" lon="-5.090661"><ele>1014.4</ele></trkpt>
    <trkpt lat="36.624186" lon="-5.090295"><ele>1015.1</ele></trkpt>
    <trkpt lat="36.62423" lon="-5.089681"><ele>1016.3</ele></trkpt>
    <trkpt lat="36.624354" lon="-5.089202"><ele>1017.3</ele></trkpt>
    <trkpt lat="36.624803" lon="-5.088052"><ele>1018.4</ele></trkpt>
    <trkpt lat="36.62485" lon="-5.087852"><ele>1018.2</ele></trkpt>
    <trkpt lat="36.624867" lon="-5.087703"><ele>1018</ele></trkpt>
    <trkpt lat="36.624844" lon="-5.087365"><ele>1017.6</ele></trkpt>
    <trkpt lat="36.624695" lon="-5.086648"><ele>1016.8</ele></trkpt>
    <trkpt lat="36.624699" lon="-5.086387"><ele>1016.9</ele></trkpt>
    <trkpt lat="36.624769" lon="-5.086144"><ele>1017.3</ele></trkpt>
    <trkpt lat="36.624825" lon="-5.08602"><ele>1017.7</ele></trkpt>
    <trkpt lat="36.624988" lon="-5.085828"><ele>1018.7</ele></trkpt>
    <trkpt lat="36.62518" lon="-5.085728"><ele>1020</ele></trkpt>
    <trkpt lat="36.626123" lon="-5.085343"><ele>1025.3</ele></trkpt>
    <trkpt lat="36.626252" lon="-5.085275"><ele>1025.4</ele></trkpt>
    <trkpt lat="36.626437" lon="-5.085128"><ele>1025.3</ele></trkpt>
    <trkpt lat="36.62655" lon="-5.084969"><ele>1024.9</ele></trkpt>
    <trkpt lat="36.626575" lon="-5.084883"><ele>1024.6</ele></trkpt>
    <trkpt lat="36.626605" lon="-5.084702"><ele>1024</ele></trkpt>
    <trkpt lat="36.626603" lon="-5.084504"><ele>1023.2</ele></trkpt>
    <trkpt lat="36.626477" lon="-5.083707"><ele>1019</ele></trkpt>
    <trkpt lat="36.626495" lon="-5.083571"><ele>1018.3</ele></trkpt>
    <trkpt lat="36.626556" lon="-5.083375"><ele>1017.5</ele></trkpt>
    <trkpt lat="36.62672" lon="-5.083099"><ele>1017.1</ele></trkpt>
    <trkpt lat="36.627201" lon="-5.082429"><ele>1018.6</ele></trkpt>
    <trkpt lat="36.627463" lon="-5.081984"><ele>1020.9</ele></trkpt>
    <trkpt lat="36.6276" lon="-5.081682"><ele>1022.8</ele></trkpt>
    <trkpt lat="36.627647" lon="-5.081219"><ele>1025.4</ele></trkpt>
    <trkpt lat="36.62763" lon="-5.080985"><ele>1026.2</ele></trkpt>
    <trkpt lat="36.627563" lon="-5.080856"><ele>1026.6</ele></trkpt>
    <trkpt lat="36.62742" lon="-5.080724"><ele>1026.8</ele></trkpt>
    <trkpt lat="36.627242" lon="-5.080648"><ele>1026.9</ele></trkpt>
    <trkpt lat="36.627034" lon="-5.08065"><ele>1026.7</ele></trkpt>
    <trkpt lat="36.626323" lon="-5.080838"><ele>1024.2</ele></trkpt>
    <trkpt lat="36.626081" lon="-5.080834"><ele>1022.7</ele></trkpt>
    <trkpt lat="36.625799" lon="-5.080742"><ele>1020.4</ele></trkpt>
    <trkpt lat="36.625573" lon="-5.080626"><ele>1018.7</ele></trkpt>
    <trkpt lat="36.625409" lon="-5.080497"><ele>1017.8</ele></trkpt>
    <trkpt lat="36.625293" lon="-5.080303"><ele>1017.2</ele></trkpt>
    <trkpt lat="36.625238" lon="-5.080075"><ele>1017</ele></trkpt>
    <trkpt lat="36.625231" lon="-5.079832"><ele>1016.9</ele></trkpt>
    <trkpt lat="36.625256" lon="-5.079652"><ele>1016.9</ele></trkpt>
    <trkpt lat="36.625347" lon="-5.079391"><ele>1017.1</ele></trkpt>
    <trkpt lat="36.625848" lon="-5.078512"><ele>1018.7</ele></trkpt>
    <trkpt lat="36.62596" lon="-5.078273"><ele>1018.6</ele></trkpt>
    <trkpt lat="36.626027" lon="-5.078048"><ele>1018.6</ele></trkpt>
    <trkpt lat="36.625989" lon="-5.077729"><ele>1018.8</ele></trkpt>
    <trkpt lat="36.625856" lon="-5.077384"><ele>1019.4</ele></trkpt>
    <trkpt lat="36.625721" lon="-5.07702"><ele>1020.4</ele></trkpt>
    <trkpt lat="36.625703" lon="-5.076844"><ele>1020.8</ele></trkpt>
    <trkpt lat="36.625744" lon="-5.076624"><ele>1021.2</ele></trkpt>
    <trkpt lat="36.625818" lon="-5.07648"><ele>1021.4</ele></trkpt>
    <trkpt lat="36.625962" lon="-5.076344"><ele>1021.6</ele></trkpt>
    <trkpt lat="36.626098" lon="-5.076277"><ele>1021.9</ele></trkpt>
    <trkpt lat="36.626375" lon="-5.076168"><ele>1023</ele></trkpt>
    <trkpt lat="36.626515" lon="-5.076078"><ele>1023.8</ele></trkpt>
    <trkpt lat="36.626615" lon="-5.075966"><ele>1024.4</ele></trkpt>
    <trkpt lat="36.626685" lon="-5.075798"><ele>1024.9</ele></trkpt>
    <trkpt lat="36.626709" lon="-5.075673"><ele>1025.2</ele></trkpt>
    <trkpt lat="36.626708" lon="-5.075442"><ele>1025.6</ele></trkpt>
    <trkpt lat="36.626601" lon="-5.074346"><ele>1025.8</ele></trkpt>
    <trkpt lat="36.626572" lon="-5.073908"><ele>1026.6</ele></trkpt>
    <trkpt lat="36.626613" lon="-5.073725"><ele>1027.1</ele></trkpt>
    <trkpt lat="36.626699" lon="-5.073551"><ele>1027.7</ele></trkpt>
    <trkpt lat="36.626891" lon="-5.07338"><ele>1028.8</ele></trkpt>
    <trkpt lat="36.627214" lon="-5.073259"><ele>1030.7</ele></trkpt>
    <trkpt lat="36.628612" lon="-5.073255"><ele>1038</ele></trkpt>
    <trkpt lat="36.628804" lon="-5.073198"><ele>1038.4</ele></trkpt>
    <trkpt lat="36.629" lon="-5.073034"><ele>1038.9</ele></trkpt>
    <trkpt lat="36.629178" lon="-5.072723"><ele>1039</ele></trkpt>
    <trkpt lat="36.629218" lon="-5.072479"><ele>1038.7</ele></trkpt>
    <trkpt lat="36.62919" lon="-5.072105"><ele>1038</ele></trkpt>
    <trkpt lat="36.629121" lon="-5.07191"><ele>1037.4</ele></trkpt>
    <trkpt lat="36.629049" lon="-5.071783"><ele>1037</ele></trkpt>
    <trkpt lat="36.628901" lon="-5.071613"><ele>1036.2</ele></trkpt>
    <trkpt lat="36.627966" lon="-5.070978"><ele>1030.6</ele></trkpt>
    <trkpt lat="36.627816" lon="-5.070816"><ele>1029.3</ele></trkpt>
    <trkpt lat="36.627566" lon="-5.070392"><ele>1027.5</ele></trkpt>
    <trkpt lat="36.627306" lon="-5.069824"><ele>1027.3</ele></trkpt>
    <trkpt lat="36.627219" lon="-5.06955"><ele>1028.1</ele></trkpt>
    <trkpt lat="36.627158" lon="-5.069225"><ele>1029.6</ele></trkpt>
    <trkpt lat="36.627124" lon="-5.06825"><ele>1038.2</ele></trkpt>
    <trkpt lat="36.627078" lon="-5.068007"><ele>1041</ele></trkpt>
    <trkpt lat="36.626917" lon="-5.067569"><ele>1044.4</ele></trkpt>
    <trkpt lat="36.626733" lon="-5.067375"><ele>1045.3</ele></trkpt>
    <trkpt lat="36.626602" lon="-5.067333"><ele>1045.3</ele></trkpt>
    <trkpt lat="36.626465" lon="-5.067339"><ele>1045.1</ele></trkpt>
    <trkpt lat="36.626357" lon="-5.067391"><ele>1044.7</ele></trkpt>
    <trkpt lat="36.625746" lon="-5.067938"><ele>1040.7</ele></trkpt>
    <trkpt lat="36.625581" lon="-5.068048"><ele>1039.4</ele></trkpt>
    <trkpt lat="36.625377" lon="-5.068061"><ele>1037.6</ele></trkpt>
    <trkpt lat="36.625286" lon="-5.068032"><ele>1036.9</ele></trkpt>
    <trkpt lat="36.625162" lon="-5.067942"><ele>1036.1</ele></trkpt>
    <trkpt lat="36.625" lon="-5.067654"><ele>1035.6</ele></trkpt>
    <trkpt lat="36.624964" lon="-5.06739"><ele>1036.1</ele></trkpt>
    <trkpt lat="36.625026" lon="-5.066231"><ele>1041.8</ele></trkpt>
    <trkpt lat="36.625011" lon="-5.066039"><ele>1042.8</ele></trkpt>
    <trkpt lat="36.624953" lon="-5.065862"><ele>1044</ele></trkpt>
    <trkpt lat="36.624692" lon="-5.065469"><ele>1048.3</ele></trkpt>
    <trkpt lat="36.624523" lon="-5.065244"><ele>1050.9</ele></trkpt>
    <trkpt lat="36.624349" lon="-5.065098"><ele>1052.5</ele></trkpt>
    <trkpt lat="36.624164" lon="-5.065058"><ele>1053.5</ele></trkpt>
    <trkpt lat="36.624099" lon="-5.065072"><ele>1053.8</ele></trkpt>
    <trkpt lat="36.62399" lon="-5.065106"><ele>1054.2</ele></trkpt>
    <trkpt lat="36.623883" lon="-5.065199"><ele>1054.6</ele></trkpt>
    <trkpt lat="36.6238" lon="-5.065452"><ele>1055.2</ele></trkpt>
    <trkpt lat="36.623703" lon="-5.065972"><ele>1056.7</ele></trkpt>
    <trkpt lat="36.623636" lon="-5.066173"><ele>1057.4</ele></trkpt>
    <trkpt lat="36.623543" lon="-5.066322"><ele>1057.7</ele></trkpt>
    <trkpt lat="36.62331" lon="-5.066589"><ele>1057.4</ele></trkpt>
    <trkpt lat="36.622479" lon="-5.067321"><ele>1054.7</ele></trkpt>
    <trkpt lat="36.622376" lon="-5.067474"><ele>1054.2</ele></trkpt>
    <trkpt lat="36.622299" lon="-5.067643"><ele>1053.5</ele></trkpt>
    <trkpt lat="36.622164" lon="-5.068443"><ele>1049.2</ele></trkpt>
    <trkpt lat="36.622078" lon="-5.068687"><ele>1047.2</ele></trkpt>
    <trkpt lat="36.622011" lon="-5.068791"><ele>1046.2</ele></trkpt>
    <trkpt lat="36.621874" lon="-5.068921"><ele>1044.4</ele></trkpt>
    <trkpt lat="36.621674" lon="-5.069026"><ele>1042.4</ele></trkpt>
    <trkpt lat="36.621456" lon="-5.069057"><ele>1040.9</ele></trkpt>
    <trkpt lat="36.621288" lon="-5.06902"><ele>1040</ele></trkpt>
    <trkpt lat="36.621124" lon="-5.068902"><ele>1039.4</ele></trkpt>
    <trkpt lat="36.620984" lon="-5.068666"><ele>1039.3</ele></trkpt>
    <trkpt lat="36.62095" lon="-5.068539"><ele>1039.3</ele></trkpt>
    <trkpt lat="36.620925" lon="-5.068385"><ele>1039.4</ele></trkpt>
    <trkpt lat="36.620925" lon="-5.068101"><ele>1039.6</ele></trkpt>
    <trkpt lat="36.62101" lon="-5.067342"><ele>1039.1</ele></trkpt>
    <trkpt lat="36.620979" lon="-5.067063"><ele>1039</ele></trkpt>
    <trkpt lat="36.620902" lon="-5.066906"><ele>1038.9</ele></trkpt>
    <trkpt lat="36.62029" lon="-5.066406"><ele>1038.4</ele></trkpt>
    <trkpt lat="36.620117" lon="-5.066227"><ele>1038.2</ele></trkpt>
    <trkpt lat="36.620036" lon="-5.066067"><ele>1038.2</ele></trkpt>
    <trkpt lat="36.619987" lon="-5.065909"><ele>1038.3</ele></trkpt>
    <trkpt lat="36.619978" lon="-5.065683"><ele>1038.6</ele></trkpt>
    <trkpt lat="36.620171" lon="-5.064841"><ele>1041.5</ele></trkpt>
    <trkpt lat="36.620166" lon="-5.064688"><ele>1042.2</ele></trkpt>
    <trkpt lat="36.620038" lon="-5.06417"><ele>1044.4</ele></trkpt>
    <trkpt lat="36.620032" lon="-5.063942"><ele>1045</ele></trkpt>
    <trkpt lat="36.620062" lon="-5.063729"><ele>1045.7</ele></trkpt>
    <trkpt lat="36.620246" lon="-5.063324"><ele>1046.7</ele></trkpt>
    <trkpt lat="36.620295" lon="-5.063157"><ele>1047</ele></trkpt>
    <trkpt lat="36.620313" lon="-5.062959"><ele>1047.3</ele></trkpt>
    <trkpt lat="36.620298" lon="-5.062782"><ele>1047.6</ele></trkpt>
    <trkpt lat="36.620263" lon="-5.062671"><ele>1047.8</ele></trkpt>
    <trkpt lat="36.620102" lon="-5.062428"><ele>1048.3</ele></trkpt>
    <trkpt lat="36.620004" lon="-5.062366"><ele>1048.5</ele></trkpt>
    <trkpt lat="36.619943" lon="-5.06236"><ele>1048.6</ele></trkpt>
    <trkpt lat="36.619461" lon="-5.062456"><ele>1050.1</ele></trkpt>
    <trkpt lat="36.619263" lon="-5.062445"><ele>1051.2</ele></trkpt>
    <trkpt lat="36.618911" lon="-5.062308"><ele>1052</ele></trkpt>
    <trkpt lat="36.618617" lon="-5.062223"><ele>1052.5</ele></trkpt>
    <trkpt lat="36.618487" lon="-5.062244"><ele>1052.9</ele></trkpt>
    <trkpt lat="36.618378" lon="-5.06231"><ele>1053.3</ele></trkpt>
    <trkpt lat="36.618287" lon="-5.062404"><ele>1053.9</ele></trkpt>
    <trkpt lat="36.618216" lon="-5.062534"><ele>1054.7</ele></trkpt>
    <trkpt lat="36.618064" lon="-5.063062"><ele>1058.2</ele></trkpt>
    <trkpt lat="36.617961" lon="-5.063254"><ele>1059.2</ele></trkpt>
    <trkpt lat="36.617801" lon="-5.063429"><ele>1059.7</ele></trkpt>
    <trkpt lat="36.617492" lon="-5.063619"><ele>1059.7</ele></trkpt>
    <trkpt lat="36.617393" lon="-5.063814"><ele>1059.4</ele></trkpt>
    <trkpt lat="36.617216" lon="-5.064362"><ele>1058.4</ele></trkpt>
    <trkpt lat="36.61695" lon="-5.065182"><ele>1054.7</ele></trkpt>
    <trkpt lat="36.616812" lon="-5.065395"><ele>1053.8</ele></trkpt>
    <trkpt lat="36.616672" lon="-5.065482"><ele>1053.5</ele></trkpt>
    <trkpt lat="36.616403" lon="-5.065537"><ele>1053.5</ele></trkpt>
    <trkpt lat="36.61623" lon="-5.065501"><ele>1053.8</ele></trkpt>
    <trkpt lat="36.615769" lon="-5.065333"><ele>1055.5</ele></trkpt>
    <trkpt lat="36.61562" lon="-5.06535"><ele>1056.2</ele></trkpt>
    <trkpt lat="36.615478" lon="-5.065417"><ele>1056.7</ele></trkpt>
    <trkpt lat="36.615334" lon="-5.065589"><ele>1057.3</ele></trkpt>
    <trkpt lat="36.615241" lon="-5.065785"><ele>1057.7</ele></trkpt>
    <trkpt lat="36.615105" lon="-5.066481"><ele>1058.1</ele></trkpt>
    <trkpt lat="36.615042" lon="-5.066663"><ele>1058</ele></trkpt>
    <trkpt lat="36.614951" lon="-5.066799"><ele>1058</ele></trkpt>
    <trkpt lat="36.614888" lon="-5.06686"><ele>1058</ele></trkpt>
    <trkpt lat="36.614277" lon="-5.067192"><ele>1059.7</ele></trkpt>
    <trkpt lat="36.613988" lon="-5.06741"><ele>1061</ele></trkpt>
    <trkpt lat="36.613881" lon="-5.067566"><ele>1061.6</ele></trkpt>
    <trkpt lat="36.61385" lon="-5.067727"><ele>1062</ele></trkpt>
    <trkpt lat="36.613863" lon="-5.067921"><ele>1062.5</ele></trkpt>
    <trkpt lat="36.613941" lon="-5.06812"><ele>1063</ele></trkpt>
    <trkpt lat="36.614001" lon="-5.06822"><ele>1063.2</ele></trkpt>
    <trkpt lat="36.614395" lon="-5.068696"><ele>1064</ele></trkpt>
    <trkpt lat="36.614482" lon="-5.068852"><ele>1063.9</ele></trkpt>
    <trkpt lat="36.61455" lon="-5.069022"><ele>1063.7</ele></trkpt>
    <trkpt lat="36.614655" lon="-5.069458"><ele>1063.3</ele></trkpt>
    <trkpt lat="36.614678" lon="-5.069873"><ele>1063.3</ele></trkpt>
    <trkpt lat="36.614612" lon="-5.070373"><ele>1063.7</ele></trkpt>
    <trkpt lat="36.614477" lon="-5.07069"><ele>1064</ele></trkpt>
    <trkpt lat="36.61376" lon="-5.07176"><ele>1064.8</ele></trkpt>
    <trkpt lat="36.613501" lon="-5.072194"><ele>1063.8</ele></trkpt>
    <trkpt lat="36.613405" lon="-5.072492"><ele>1062.8</ele></trkpt>
    <trkpt lat="36.613282" lon="-5.073262"><ele>1060.3</ele></trkpt>
    <trkpt lat="36.613149" lon="-5.073665"><ele>1058.4</ele></trkpt>
    <trkpt lat="36.612924" lon="-5.073972"><ele>1056.2</ele></trkpt>
    <trkpt lat="36.612637" lon="-5.074162"><ele>1053.8</ele></trkpt>
    <trkpt lat="36.612522" lon="-5.074195"><ele>1052.7</ele></trkpt>
    <trkpt lat="36.612167" lon="-5.074236"><ele>1049.4</ele></trkpt>
    <trkpt lat="36.611823" lon="-5.074229"><ele>1045.6</ele></trkpt>
    <trkpt lat="36.610569" lon="-5.074214"><ele>1031.7</ele></trkpt>
    <trkpt lat="36.610386" lon="-5.074148"><ele>1030.6</ele></trkpt>
    <trkpt lat="36.609903" lon="-5.073846"><ele>1027.2</ele></trkpt>
    <trkpt lat="36.609613" lon="-5.073672"><ele>1025</ele></trkpt>
    <trkpt lat="36.609443" lon="-5.073581"><ele>1023.8</ele></trkpt>
    <trkpt lat="36.608763" lon="-5.073575"><ele>1018.2</ele></trkpt>
    <trkpt lat="36.608222" lon="-5.073332"><ele>1012.3</ele></trkpt>
    <trkpt lat="36.608126" lon="-5.073241"><ele>1011.2</ele></trkpt>
    <trkpt lat="36.608016" lon="-5.073056"><ele>1009.8</ele></trkpt>
    <trkpt lat="36.607868" lon="-5.072412"><ele>1006.2</ele></trkpt>
    <trkpt lat="36.607825" lon="-5.072304"><ele>1005.7</ele></trkpt>
    <trkpt lat="36.607729" lon="-5.072163"><ele>1004.9</ele></trkpt>
    <trkpt lat="36.60758" lon="-5.072069"><ele>1004.1</ele></trkpt>
    <trkpt lat="36.607421" lon="-5.072043"><ele>1003.5</ele></trkpt>
    <trkpt lat="36.606941" lon="-5.072117"><ele>1001.4</ele></trkpt>
    <trkpt lat="36.606793" lon="-5.072108"><ele>1000.5</ele></trkpt>
    <trkpt lat="36.60664" lon="-5.072042"><ele>999.4</ele></trkpt>
    <trkpt lat="36.606216" lon="-5.071706"><ele>995.4</ele></trkpt>
    <trkpt lat="36.606091" lon="-5.071663"><ele>994.5</ele></trkpt>
    <trkpt lat="36.605981" lon="-5.071667"><ele>993.8</ele></trkpt>
    <trkpt lat="36.605669" lon="-5.071732"><ele>992.3</ele></trkpt>
    <trkpt lat="36.605416" lon="-5.071738"><ele>991.4</ele></trkpt>
    <trkpt lat="36.605245" lon="-5.071672"><ele>990.4</ele></trkpt>
    <trkpt lat="36.605089" lon="-5.071551"><ele>989.3</ele></trkpt>
    <trkpt lat="36.604821" lon="-5.071205"><ele>986.5</ele></trkpt>
    <trkpt lat="36.604558" lon="-5.071106"><ele>985</ele></trkpt>
    <trkpt lat="36.604385" lon="-5.071136"><ele>984.6</ele></trkpt>
    <trkpt lat="36.604294" lon="-5.071182"><ele>984.5</ele></trkpt>
    <trkpt lat="36.603896" lon="-5.071607"><ele>984</ele></trkpt>
    <trkpt lat="36.603763" lon="-5.07171"><ele>983.8</ele></trkpt>
    <trkpt lat="36.60366" lon="-5.071742"><ele>983.7</ele></trkpt>
    <trkpt lat="36.603494" lon="-5.071748"><ele>983.1</ele></trkpt>
    <trkpt lat="36.603058" lon="-5.071682"><ele>981.6</ele></trkpt>
    <trkpt lat="36.602956" lon="-5.071688"><ele>981.1</ele></trkpt>
    <trkpt lat="36.602835" lon="-5.071745"><ele>980.4</ele></trkpt>
    <trkpt lat="36.602646" lon="-5.071962"><ele>978.6</ele></trkpt>
    <trkpt lat="36.602287" lon="-5.072531"><ele>971.4</ele></trkpt>
    <trkpt lat="36.601893" lon="-5.072909"><ele>962.8</ele></trkpt>
    <trkpt lat="36.601253" lon="-5.073314"><ele>951.4</ele></trkpt>
    <trkpt lat="36.600987" lon="-5.073366"><ele>948.2</ele></trkpt>
    <trkpt lat="36.600418" lon="-5.07329"><ele>943.7</ele></trkpt>
    <trkpt lat="36.600175" lon="-5.073315"><ele>942.1</ele></trkpt>
    <trkpt lat="36.599435" lon="-5.07365"><ele>934.5</ele></trkpt>
    <trkpt lat="36.599279" lon="-5.073676"><ele>932.3</ele></trkpt>
    <trkpt lat="36.599123" lon="-5.073671"><ele>930.1</ele></trkpt>
    <trkpt lat="36.598953" lon="-5.073601"><ele>927.5</ele></trkpt>
    <trkpt lat="36.598757" lon="-5.073443"><ele>923.9</ele></trkpt>
    <trkpt lat="36.598594" lon="-5.073244"><ele>920.3</ele></trkpt>
    <trkpt lat="36.598471" lon="-5.072958"><ele>916</ele></trkpt>
    <trkpt lat="36.598108" lon="-5.071588"><ele>906.5</ele></trkpt>
    <trkpt lat="36.598027" lon="-5.07116"><ele>907.2</ele></trkpt>
    <trkpt lat="36.59802" lon="-5.070775"><ele>909.2</ele></trkpt>
    <trkpt lat="36.598089" lon="-5.070207"><ele>913.7</ele></trkpt>
    <trkpt lat="36.59809" lon="-5.06991"><ele>915.6</ele></trkpt>
    <trkpt lat="36.59805" lon="-5.069757"><ele>916.4</ele></trkpt>
    <trkpt lat="36.597941" lon="-5.069604"><ele>917</ele></trkpt>
    <trkpt lat="36.597719" lon="-5.06949"><ele>917</ele></trkpt>
    <trkpt lat="36.59751" lon="-5.069471"><ele>916.4</ele></trkpt>
    <trkpt lat="36.596944" lon="-5.069588"><ele>913.3</ele></trkpt>
    <trkpt lat="36.596598" lon="-5.069687"><ele>910.2</ele></trkpt>
    <trkpt lat="36.596436" lon="-5.069648"><ele>908.8</ele></trkpt>
    <trkpt lat="36.596366" lon="-5.069594"><ele>908.3</ele></trkpt>
    <trkpt lat="36.596238" lon="-5.069406"><ele>907.5</ele></trkpt>
    <trkpt lat="36.595962" lon="-5.068718"><ele>908</ele></trkpt>
    <trkpt lat="36.595839" lon="-5.068585"><ele>908.3</ele></trkpt>
    <trkpt lat="36.595751" lon="-5.068545"><ele>908.5</ele></trkpt>
    <trkpt lat="36.59557" lon="-5.068539"><ele>908.3</ele></trkpt>
    <trkpt lat="36.595452" lon="-5.068587"><ele>908.2</ele></trkpt>
    <trkpt lat="36.595366" lon="-5.06865"><ele>907.9</ele></trkpt>
    <trkpt lat="36.595239" lon="-5.068804"><ele>907.2</ele></trkpt>
    <trkpt lat="36.594849" lon="-5.069479"><ele>901.6</ele></trkpt>
    <trkpt lat="36.594723" lon="-5.069612"><ele>899</ele></trkpt>
    <trkpt lat="36.594529" lon="-5.069709"><ele>894.9</ele></trkpt>
    <trkpt lat="36.594345" lon="-5.069726"><ele>891.6</ele></trkpt>
    <trkpt lat="36.594227" lon="-5.069704"><ele>889.6</ele></trkpt>
    <trkpt lat="36.593312" lon="-5.06928"><ele>878.2</ele></trkpt>
    <trkpt lat="36.592868" lon="-5.06912"><ele>873.7</ele></trkpt>
    <trkpt lat="36.592254" lon="-5.068997"><ele>866</ele></trkpt>
    <trkpt lat="36.591932" lon="-5.068957"><ele>861.9</ele></trkpt>
    <trkpt lat="36.591687" lon="-5.068903"><ele>859.3</ele></trkpt>
    <trkpt lat="36.591505" lon="-5.068774"><ele>857.4</ele></trkpt>
    <trkpt lat="36.591372" lon="-5.06857"><ele>855.8</ele></trkpt>
    <trkpt lat="36.591314" lon="-5.068278"><ele>854.3</ele></trkpt>
    <trkpt lat="36.591267" lon="-5.067705"><ele>852.6</ele></trkpt>
    <trkpt lat="36.590931" lon="-5.066276"><ele>855.9</ele></trkpt>
    <trkpt lat="36.590776" lon="-5.065436"><ele>855.9</ele></trkpt>
    <trkpt lat="36.590703" lon="-5.06519"><ele>855.8</ele></trkpt>
    <trkpt lat="36.590461" lon="-5.064688"><ele>856.1</ele></trkpt>
    <trkpt lat="36.590407" lon="-5.064516"><ele>856.2</ele></trkpt>
    <trkpt lat="36.59037" lon="-5.064328"><ele>856.5</ele></trkpt>
    <trkpt lat="36.590323" lon="-5.063645"><ele>859.1</ele></trkpt>
    <trkpt lat="36.590278" lon="-5.063502"><ele>859.9</ele></trkpt>
    <trkpt lat="36.590193" lon="-5.063382"><ele>860.7</ele></trkpt>
    <trkpt lat="36.590072" lon="-5.06332"><ele>861.4</ele></trkpt>
    <trkpt lat="36.589927" lon="-5.063293"><ele>862.2</ele></trkpt>
    <trkpt lat="36.589698" lon="-5.063379"><ele>863.3</ele></trkpt>
    <trkpt lat="36.589625" lon="-5.063439"><ele>863.6</ele></trkpt>
    <trkpt lat="36.589497" lon="-5.063623"><ele>863.9</ele></trkpt>
    <trkpt lat="36.589418" lon="-5.063792"><ele>864</ele></trkpt>
    <trkpt lat="36.589091" lon="-5.064859"><ele>861.3</ele></trkpt>
    <trkpt lat="36.588948" lon="-5.06521"><ele>858.7</ele></trkpt>
    <trkpt lat="36.588595" lon="-5.065931"><ele>852.5</ele></trkpt>
    <trkpt lat="36.588231" lon="-5.066569"><ele>845.1</ele></trkpt>
    <trkpt lat="36.588131" lon="-5.066688"><ele>843.3</ele></trkpt>
    <trkpt lat="36.587921" lon="-5.066857"><ele>841</ele></trkpt>
    <trkpt lat="36.587114" lon="-5.067208"><ele>839.1</ele></trkpt>
    <trkpt lat="36.586804" lon="-5.067433"><ele>839.3</ele></trkpt>
    <trkpt lat="36.58655" lon="-5.067677"><ele>839.7</ele></trkpt>
    <trkpt lat="36.586388" lon="-5.067873"><ele>840.2</ele></trkpt>
    <trkpt lat="36.585986" lon="-5.068449"><ele>841.9</ele></trkpt>
    <trkpt lat="36.585548" lon="-5.069067"><ele>838</ele></trkpt>
    <trkpt lat="36.585353" lon="-5.069338"><ele>834.4</ele></trkpt>
    <trkpt lat="36.585123" lon="-5.069795"><ele>828.6</ele></trkpt>
    <trkpt lat="36.585045" lon="-5.069997"><ele>826.4</ele></trkpt>
    <trkpt lat="36.584926" lon="-5.070213"><ele>823.7</ele></trkpt>
    <trkpt lat="36.584781" lon="-5.07035"><ele>821.5</ele></trkpt>
    <trkpt lat="36.584695" lon="-5.070392"><ele>820.3</ele></trkpt>
    <trkpt lat="36.584527" lon="-5.070411"><ele>817.8</ele></trkpt>
    <trkpt lat="36.584351" lon="-5.070369"><ele>815.1</ele></trkpt>
    <trkpt lat="36.58426" lon="-5.070292"><ele>813.5</ele></trkpt>
    <trkpt lat="36.584165" lon="-5.070181"><ele>811.6</ele></trkpt>
    <trkpt lat="36.583815" lon="-5.069652"><ele>807.2</ele></trkpt>
    <trkpt lat="36.58331" lon="-5.069134"><ele>807</ele></trkpt>
    <trkpt lat="36.583139" lon="-5.068872"><ele>807.7</ele></trkpt>
    <trkpt lat="36.583066" lon="-5.068684"><ele>808.5</ele></trkpt>
    <trkpt lat="36.583025" lon="-5.06848"><ele>809.3</ele></trkpt>
    <trkpt lat="36.582869" lon="-5.067519"><ele>814.3</ele></trkpt>
    <trkpt lat="36.582771" lon="-5.067314"><ele>815.5</ele></trkpt>
    <trkpt lat="36.582697" lon="-5.067245"><ele>816</ele></trkpt>
    <trkpt lat="36.582513" lon="-5.067173"><ele>816.9</ele></trkpt>
    <trkpt lat="36.582271" lon="-5.067213"><ele>817.8</ele></trkpt>
    <trkpt lat="36.581423" lon="-5.067648"><ele>814</ele></trkpt>
    <trkpt lat="36.58128" lon="-5.067722"><ele>812.1</ele></trkpt>
    <trkpt lat="36.580949" lon="-5.067897"><ele>808.1</ele></trkpt>
    <trkpt lat="36.580603" lon="-5.068069"><ele>804.8</ele></trkpt>
    <trkpt lat="36.580362" lon="-5.068159"><ele>802.8</ele></trkpt>
    <trkpt lat="36.580254" lon="-5.06817"><ele>802</ele></trkpt>
    <trkpt lat="36.57969" lon="-5.068048"><ele>799</ele></trkpt>
    <trkpt lat="36.579036" lon="-5.067929"><ele>796.8</ele></trkpt>
    <trkpt lat="36.578685" lon="-5.067911"><ele>795.7</ele></trkpt>
    <trkpt lat="36.577534" lon="-5.068229"><ele>786.4</ele></trkpt>
    <trkpt lat="36.577356" lon="-5.068223"><ele>785</ele></trkpt>
    <trkpt lat="36.577186" lon="-5.068156"><ele>783.8</ele></trkpt>
    <trkpt lat="36.576992" lon="-5.067964"><ele>782.3</ele></trkpt>
    <trkpt lat="36.576919" lon="-5.067794"><ele>781.5</ele></trkpt>
    <trkpt lat="36.576891" lon="-5.067586"><ele>780.6</ele></trkpt>
    <trkpt lat="36.57692" lon="-5.067358"><ele>779.7</ele></trkpt>
    <trkpt lat="36.577038" lon="-5.067057"><ele>778.2</ele></trkpt>
    <trkpt lat="36.577274" lon="-5.066592"><ele>775.5</ele></trkpt>
    <trkpt lat="36.57734" lon="-5.066357"><ele>774.5</ele></trkpt>
    <trkpt lat="36.577348" lon="-5.066175"><ele>774</ele></trkpt>
    <trkpt lat="36.577312" lon="-5.065517"><ele>772.9</ele></trkpt>
    <trkpt lat="36.577315" lon="-5.065373"><ele>772.9</ele></trkpt>
    <trkpt lat="36.577365" lon="-5.065149"><ele>773.2</ele></trkpt>
    <trkpt lat="36.577486" lon="-5.064902"><ele>773.5</ele></trkpt>
    <trkpt lat="36.577851" lon="-5.06447"><ele>772.9</ele></trkpt>
    <trkpt lat="36.577911" lon="-5.064322"><ele>772.4</ele></trkpt>
    <trkpt lat="36.577929" lon="-5.064201"><ele>772</ele></trkpt>
    <trkpt lat="36.577898" lon="-5.063991"><ele>771.2</ele></trkpt>
    <trkpt lat="36.577809" lon="-5.063827"><ele>770.3</ele></trkpt>
    <trkpt lat="36.577277" lon="-5.063396"><ele>764.2</ele></trkpt>
    <trkpt lat="36.576399" lon="-5.06236"><ele>750.8</ele></trkpt>
    <trkpt lat="36.576131" lon="-5.061934"><ele>750.2</ele></trkpt>
    <trkpt lat="36.576009" lon="-5.061641"><ele>750.8</ele></trkpt>
    <trkpt lat="36.575887" lon="-5.061256"><ele>752.5</ele></trkpt>
    <trkpt lat="36.575868" lon="-5.061188"><ele>752.8</ele></trkpt>
    <trkpt lat="36.575743" lon="-5.060623"><ele>756.3</ele></trkpt>
    <trkpt lat="36.575694" lon="-5.060144"><ele>759.9</ele></trkpt>
    <trkpt lat="36.575619" lon="-5.059884"><ele>761.5</ele></trkpt>
    <trkpt lat="36.575496" lon="-5.059727"><ele>762.9</ele></trkpt>
    <trkpt lat="36.575297" lon="-5.059616"><ele>764.5</ele></trkpt>
    <trkpt lat="36.575167" lon="-5.059592"><ele>765.3</ele></trkpt>
    <trkpt lat="36.574978" lon="-5.05963"><ele>766.2</ele></trkpt>
    <trkpt lat="36.574586" lon="-5.059848"><ele>766.4</ele></trkpt>
    <trkpt lat="36.574389" lon="-5.060031"><ele>765.5</ele></trkpt>
    <trkpt lat="36.574299" lon="-5.060163"><ele>764.6</ele></trkpt>
    <trkpt lat="36.574212" lon="-5.060329"><ele>763</ele></trkpt>
    <trkpt lat="36.574154" lon="-5.060521"><ele>761.1</ele></trkpt>
    <trkpt lat="36.574061" lon="-5.061084"><ele>755.4</ele></trkpt>
    <trkpt lat="36.573974" lon="-5.061292"><ele>752.8</ele></trkpt>
    <trkpt lat="36.573867" lon="-5.061434"><ele>750.4</ele></trkpt>
    <trkpt lat="36.573034" lon="-5.062094"><ele>738.4</ele></trkpt>
    <trkpt lat="36.572733" lon="-5.062298"><ele>735.8</ele></trkpt>
    <trkpt lat="36.572021" lon="-5.062644"><ele>729</ele></trkpt>
    <trkpt lat="36.571855" lon="-5.062784"><ele>727.1</ele></trkpt>
    <trkpt lat="36.571304" lon="-5.0634"><ele>717.3</ele></trkpt>
    <trkpt lat="36.571208" lon="-5.063478"><ele>715.3</ele></trkpt>
    <trkpt lat="36.570902" lon="-5.063576"><ele>709.4</ele></trkpt>
    <trkpt lat="36.570699" lon="-5.063567"><ele>706</ele></trkpt>
    <trkpt lat="36.570496" lon="-5.063476"><ele>703</ele></trkpt>
    <trkpt lat="36.570302" lon="-5.063299"><ele>700.3</ele></trkpt>
    <trkpt lat="36.570172" lon="-5.063083"><ele>698.4</ele></trkpt>
    <trkpt lat="36.570101" lon="-5.062849"><ele>696.7</ele></trkpt>
    <trkpt lat="36.570073" lon="-5.062542"><ele>694.8</ele></trkpt>
    <trkpt lat="36.570083" lon="-5.062017"><ele>692.7</ele></trkpt>
    <trkpt lat="36.570073" lon="-5.061606"><ele>692.3</ele></trkpt>
    <trkpt lat="36.570018" lon="-5.06129"><ele>692.2</ele></trkpt>
    <trkpt lat="36.569962" lon="-5.061122"><ele>691.9</ele></trkpt>
    <trkpt lat="36.569561" lon="-5.06023"><ele>687.4</ele></trkpt>
    <trkpt lat="36.569478" lon="-5.060081"><ele>686.3</ele></trkpt>
    <trkpt lat="36.568614" lon="-5.059125"><ele>680.4</ele></trkpt>
    <trkpt lat="36.568107" lon="-5.05816"><ele>684</ele></trkpt>
    <trkpt lat="36.567949" lon="-5.057905"><ele>685.5</ele></trkpt>
    <trkpt lat="36.567798" lon="-5.057785"><ele>686.2</ele></trkpt>
    <trkpt lat="36.567637" lon="-5.05774"><ele>686.7</ele></trkpt>
    <trkpt lat="36.567463" lon="-5.05775"><ele>687.1</ele></trkpt>
    <trkpt lat="36.567365" lon="-5.057795"><ele>687.2</ele></trkpt>
    <trkpt lat="36.567198" lon="-5.05793"><ele>687.2</ele></trkpt>
    <trkpt lat="36.565994" lon="-5.059357"><ele>669</ele></trkpt>
    <trkpt lat="36.565799" lon="-5.05951"><ele>665.7</ele></trkpt>
    <trkpt lat="36.565628" lon="-5.059576"><ele>663.3</ele></trkpt>
    <trkpt lat="36.565352" lon="-5.059558"><ele>660.4</ele></trkpt>
    <trkpt lat="36.565198" lon="-5.059501"><ele>659.3</ele></trkpt>
    <trkpt lat="36.564739" lon="-5.059142"><ele>657.3</ele></trkpt>
    <trkpt lat="36.56448" lon="-5.058963"><ele>656.4</ele></trkpt>
    <trkpt lat="36.564239" lon="-5.058898"><ele>655.3</ele></trkpt>
    <trkpt lat="36.564043" lon="-5.058932"><ele>654.3</ele></trkpt>
    <trkpt lat="36.563888" lon="-5.05903"><ele>653.2</ele></trkpt>
    <trkpt lat="36.56351" lon="-5.059358"><ele>649.6</ele></trkpt>
    <trkpt lat="36.563372" lon="-5.059466"><ele>648.1</ele></trkpt>
    <trkpt lat="36.563177" lon="-5.059534"><ele>645.7</ele></trkpt>
    <trkpt lat="36.562914" lon="-5.059507"><ele>642.1</ele></trkpt>
    <trkpt lat="36.56268" lon="-5.059369"><ele>639.2</ele></trkpt>
    <trkpt lat="36.562026" lon="-5.058732"><ele>631.9</ele></trkpt>
    <trkpt lat="36.56181" lon="-5.058591"><ele>630.7</ele></trkpt>
    <trkpt lat="36.561617" lon="-5.058515"><ele>629.8</ele></trkpt>
    <trkpt lat="36.561311" lon="-5.058488"><ele>627.5</ele></trkpt>
    <trkpt lat="36.561105" lon="-5.058535"><ele>625.3</ele></trkpt>
    <trkpt lat="36.56057" lon="-5.058755"><ele>618.3</ele></trkpt>
    <trkpt lat="36.560276" lon="-5.058864"><ele>614.2</ele></trkpt>
    <trkpt lat="36.559964" lon="-5.058885"><ele>610.5</ele></trkpt>
    <trkpt lat="36.559762" lon="-5.058811"><ele>607.9</ele></trkpt>
    <trkpt lat="36.559659" lon="-5.058736"><ele>606.4</ele></trkpt>
    <trkpt lat="36.559507" lon="-5.058539"><ele>604</ele></trkpt>
    <trkpt lat="36.559451" lon="-5.058425"><ele>602.9</ele></trkpt>
    <trkpt lat="36.559362" lon="-5.058133"><ele>601.3</ele></trkpt>
    <trkpt lat="36.559354" lon="-5.057994"><ele>600.9</ele></trkpt>
    <trkpt lat="36.559381" lon="-5.057657"><ele>600.3</ele></trkpt>
    <trkpt lat="36.559421" lon="-5.057502"><ele>599.9</ele></trkpt>
    <trkpt lat="36.559528" lon="-5.057239"><ele>599.2</ele></trkpt>
    <trkpt lat="36.559786" lon="-5.056707"><ele>597.1</ele></trkpt>
    <trkpt lat="36.559842" lon="-5.056448"><ele>596.2</ele></trkpt>
    <trkpt lat="36.55983" lon="-5.056026"><ele>594.5</ele></trkpt>
    <trkpt lat="36.559682" lon="-5.055275"><ele>590.5</ele></trkpt>
    <trkpt lat="36.559623" lon="-5.054806"><ele>587.9</ele></trkpt>
    <trkpt lat="36.559624" lon="-5.054518"><ele>586.5</ele></trkpt>
    <trkpt lat="36.559711" lon="-5.053496"><ele>582.6</ele></trkpt>
    <trkpt lat="36.559691" lon="-5.05328"><ele>581.8</ele></trkpt>
    <trkpt lat="36.559658" lon="-5.053185"><ele>581.5</ele></trkpt>
    <trkpt lat="36.559565" lon="-5.053012"><ele>580.7</ele></trkpt>
    <trkpt lat="36.559494" lon="-5.052935"><ele>580.2</ele></trkpt>
    <trkpt lat="36.559333" lon="-5.052839"><ele>579.2</ele></trkpt>
    <trkpt lat="36.55878" lon="-5.052777"><ele>575.1</ele></trkpt>
    <trkpt lat="36.558621" lon="-5.052709"><ele>573.8</ele></trkpt>
    <trkpt lat="36.558484" lon="-5.052584"><ele>572.5</ele></trkpt>
    <trkpt lat="36.558392" lon="-5.052401"><ele>571.3</ele></trkpt>
    <trkpt lat="36.558351" lon="-5.052188"><ele>570.1</ele></trkpt>
    <trkpt lat="36.558361" lon="-5.051975"><ele>569</ele></trkpt>
    <trkpt lat="36.558402" lon="-5.051797"><ele>568.1</ele></trkpt>
    <trkpt lat="36.558583" lon="-5.051267"><ele>564.8</ele></trkpt>
    <trkpt lat="36.558634" lon="-5.050867"><ele>562.3</ele></trkpt>
    <trkpt lat="36.558602" lon="-5.050604"><ele>560.7</ele></trkpt>
    <trkpt lat="36.558294" lon="-5.049706"><ele>554.9</ele></trkpt>
    <trkpt lat="36.558247" lon="-5.049405"><ele>553</ele></trkpt>
    <trkpt lat="36.55827" lon="-5.049005"><ele>551</ele></trkpt>
    <trkpt lat="36.558436" lon="-5.047729"><ele>547.4</ele></trkpt>
    <trkpt lat="36.558466" lon="-5.047152"><ele>546.8</ele></trkpt>
    <trkpt lat="36.558469" lon="-5.046949"><ele>546.5</ele></trkpt>
    <trkpt lat="36.558472" lon="-5.046803"><ele>546.4</ele></trkpt>
    <trkpt lat="36.558478" lon="-5.046363"><ele>546</ele></trkpt>
    <trkpt lat="36.558492" lon="-5.04543"><ele>545</ele></trkpt>
    <trkpt lat="36.558474" lon="-5.045097"><ele>544.3</ele></trkpt>
    <trkpt lat="36.558415" lon="-5.044896"><ele>543.7</ele></trkpt>
    <trkpt lat="36.558337" lon="-5.04474"><ele>543.1</ele></trkpt>
    <trkpt lat="36.558219" lon="-5.044596"><ele>542.2</ele></trkpt>
    <trkpt lat="36.55807" lon="-5.044483"><ele>541</ele></trkpt>
    <trkpt lat="36.557939" lon="-5.044426"><ele>539.9</ele></trkpt>
    <trkpt lat="36.557229" lon="-5.044317"><ele>535.9</ele></trkpt>
    <trkpt lat="36.556991" lon="-5.044257"><ele>534.5</ele></trkpt>
    <trkpt lat="36.55685" lon="-5.044172"><ele>533.5</ele></trkpt>
    <trkpt lat="36.556675" lon="-5.043971"><ele>532.2</ele></trkpt>
    <trkpt lat="36.556578" lon="-5.043777"><ele>531.1</ele></trkpt>
    <trkpt lat="36.55646" lon="-5.043432"><ele>529.6</ele></trkpt>
    <trkpt lat="36.556215" lon="-5.042718"><ele>527.3</ele></trkpt>
    <trkpt lat="36.556062" lon="-5.042351"><ele>525.3</ele></trkpt>
    <trkpt lat="36.555897" lon="-5.042101"><ele>523.7</ele></trkpt>
    <trkpt lat="36.555323" lon="-5.041476"><ele>520.1</ele></trkpt>
    <trkpt lat="36.555138" lon="-5.041215"><ele>519.5</ele></trkpt>
    <trkpt lat="36.555059" lon="-5.040976"><ele>519.3</ele></trkpt>
    <trkpt lat="36.555031" lon="-5.040753"><ele>519.2</ele></trkpt>
    <trkpt lat="36.555059" lon="-5.040548"><ele>519.1</ele></trkpt>
    <trkpt lat="36.555349" lon="-5.039789"><ele>518.7</ele></trkpt>
    <trkpt lat="36.555402" lon="-5.039481"><ele>518.5</ele></trkpt>
    <trkpt lat="36.555389" lon="-5.039163"><ele>518.1</ele></trkpt>
    <trkpt lat="36.555309" lon="-5.038862"><ele>517.5</ele></trkpt>
    <trkpt lat="36.555172" lon="-5.038607"><ele>516.6</ele></trkpt>
    <trkpt lat="36.554942" lon="-5.038361"><ele>515.1</ele></trkpt>
    <trkpt lat="36.554091" lon="-5.037576"><ele>509.4</ele></trkpt>
    <trkpt lat="36.553894" lon="-5.037192"><ele>507.7</ele></trkpt>
    <trkpt lat="36.553868" lon="-5.036951"><ele>506.9</ele></trkpt>
    <trkpt lat="36.553942" lon="-5.036207"><ele>505.1</ele></trkpt>
    <trkpt lat="36.553878" lon="-5.035779"><ele>504.3</ele></trkpt>
    <trkpt lat="36.55379" lon="-5.035482"><ele>503.8</ele></trkpt>
    <trkpt lat="36.553743" lon="-5.035181"><ele>503.3</ele></trkpt>
    <trkpt lat="36.553784" lon="-5.034928"><ele>502.6</ele></trkpt>
    <trkpt lat="36.554123" lon="-5.034245"><ele>499.7</ele></trkpt>
    <trkpt lat="36.55415" lon="-5.034058"><ele>499.1</ele></trkpt>
    <trkpt lat="36.55413" lon="-5.033903"><ele>498.5</ele></trkpt>
    <trkpt lat="36.554073" lon="-5.033747"><ele>498.1</ele></trkpt>
    <trkpt lat="36.553878" lon="-5.033455"><ele>497.2</ele></trkpt>
    <trkpt lat="36.553774" lon="-5.033273"><ele>496.8</ele></trkpt>
    <trkpt lat="36.55373" lon="-5.033026"><ele>496.4</ele></trkpt>
    <trkpt lat="36.553858" lon="-5.032271"><ele>494.7</ele></trkpt>
    <trkpt lat="36.553883" lon="-5.032013"><ele>493.5</ele></trkpt>
    <trkpt lat="36.553862" lon="-5.031821"><ele>492.4</ele></trkpt>
    <trkpt lat="36.553825" lon="-5.031725"><ele>491.7</ele></trkpt>
    <trkpt lat="36.553705" lon="-5.031569"><ele>489.9</ele></trkpt>
    <trkpt lat="36.553565" lon="-5.031494"><ele>488.3</ele></trkpt>
    <trkpt lat="36.553428" lon="-5.031452"><ele>486.8</ele></trkpt>
    <trkpt lat="36.552974" lon="-5.031391"><ele>481.6</ele></trkpt>
    <trkpt lat="36.552707" lon="-5.031294"><ele>478.3</ele></trkpt>
    <trkpt lat="36.552527" lon="-5.031184"><ele>476</ele></trkpt>
    <trkpt lat="36.552255" lon="-5.030952"><ele>472.8</ele></trkpt>
    <trkpt lat="36.551973" lon="-5.030753"><ele>470.1</ele></trkpt>
    <trkpt lat="36.551786" lon="-5.030682"><ele>468.8</ele></trkpt>
    <trkpt lat="36.551444" lon="-5.030617"><ele>467.1</ele></trkpt>
    <trkpt lat="36.551249" lon="-5.030534"><ele>466.1</ele></trkpt>
    <trkpt lat="36.55101" lon="-5.030345"><ele>464.8</ele></trkpt>
    <trkpt lat="36.550885" lon="-5.03012"><ele>463.9</ele></trkpt>
    <trkpt lat="36.550846" lon="-5.029908"><ele>463.3</ele></trkpt>
    <trkpt lat="36.550854" lon="-5.029664"><ele>462.7</ele></trkpt>
    <trkpt lat="36.550906" lon="-5.029429"><ele>462.2</ele></trkpt>
    <trkpt lat="36.551379" lon="-5.028344"><ele>463</ele></trkpt>
    <trkpt lat="36.551648" lon="-5.027689"><ele>463.4</ele></trkpt>
    <trkpt lat="36.551692" lon="-5.027534"><ele>463.3</ele></trkpt>
    <trkpt lat="36.551712" lon="-5.027178"><ele>462.6</ele></trkpt>
    <trkpt lat="36.551698" lon="-5.027058"><ele>462.3</ele></trkpt>
    <trkpt lat="36.551625" lon="-5.026806"><ele>461.4</ele></trkpt>
    <trkpt lat="36.550732" lon="-5.025223"><ele>452.9</ele></trkpt>
    <trkpt lat="36.550556" lon="-5.025001"><ele>451.8</ele></trkpt>
    <trkpt lat="36.550185" lon="-5.02477"><ele>449.2</ele></trkpt>
    <trkpt lat="36.549897" lon="-5.024716"><ele>447</ele></trkpt>
    <trkpt lat="36.549584" lon="-5.024767"><ele>444.7</ele></trkpt>
    <trkpt lat="36.549046" lon="-5.024932"><ele>440.2</ele></trkpt>
    <trkpt lat="36.547823" lon="-5.025325"><ele>427.9</ele></trkpt>
    <trkpt lat="36.547516" lon="-5.025317"><ele>425.2</ele></trkpt>
    <trkpt lat="36.547402" lon="-5.025276"><ele>424.1</ele></trkpt>
    <trkpt lat="36.547275" lon="-5.025191"><ele>422.9</ele></trkpt>
    <trkpt lat="36.547095" lon="-5.025007"><ele>420.8</ele></trkpt>
    <trkpt lat="36.546602" lon="-5.024282"><ele>413.3</ele></trkpt>
    <trkpt lat="36.546509" lon="-5.024165"><ele>412.2</ele></trkpt>
    <trkpt lat="36.54635" lon="-5.02404"><ele>410.6</ele></trkpt>
    <trkpt lat="36.546276" lon="-5.024005"><ele>409.9</ele></trkpt>
    <trkpt lat="36.546063" lon="-5.023982"><ele>408.1</ele></trkpt>
    <trkpt lat="36.54535" lon="-5.024062"><ele>403.8</ele></trkpt>
    <trkpt lat="36.545176" lon="-5.024015"><ele>403</ele></trkpt>
    <trkpt lat="36.545028" lon="-5.023913"><ele>402.5</ele></trkpt>
    <trkpt lat="36.54498" lon="-5.023899"><ele>402.4</ele></trkpt>
    <trkpt lat="36.544893" lon="-5.023818"><ele>402.3</ele></trkpt>
    <trkpt lat="36.544709" lon="-5.023572"><ele>402.4</ele></trkpt>
    <trkpt lat="36.544341" lon="-5.022979"><ele>405.1</ele></trkpt>
    <trkpt lat="36.544199" lon="-5.022785"><ele>406.8</ele></trkpt>
    <trkpt lat="36.5437" lon="-5.022139"><ele>411.9</ele></trkpt>
    <trkpt lat="36.543582" lon="-5.0219"><ele>413</ele></trkpt>
    <trkpt lat="36.543513" lon="-5.02168"><ele>413.8</ele></trkpt>
    <trkpt lat="36.543512" lon="-5.02161"><ele>414</ele></trkpt>
    <trkpt lat="36.543352" lon="-5.020874"><ele>415.2</ele></trkpt>
    <trkpt lat="36.543236" lon="-5.020633"><ele>415.3</ele></trkpt>
    <trkpt lat="36.543089" lon="-5.020448"><ele>415.3</ele></trkpt>
    <trkpt lat="36.542969" lon="-5.020358"><ele>415.1</ele></trkpt>
    <trkpt lat="36.542752" lon="-5.020263"><ele>414.8</ele></trkpt>
    <trkpt lat="36.542063" lon="-5.020051"><ele>413</ele></trkpt>
    <trkpt lat="36.541764" lon="-5.019899"><ele>412.1</ele></trkpt>
    <trkpt lat="36.541598" lon="-5.01972"><ele>411.4</ele></trkpt>
    <trkpt lat="36.541454" lon="-5.019387"><ele>410.2</ele></trkpt>
    <trkpt lat="36.541413" lon="-5.019092"><ele>408.9</ele></trkpt>
    <trkpt lat="36.541411" lon="-5.018901"><ele>407.9</ele></trkpt>
    <trkpt lat="36.541455" lon="-5.018495"><ele>405.9</ele></trkpt>
    <trkpt lat="36.541652" lon="-5.017398"><ele>403.5</ele></trkpt>
    <trkpt lat="36.541649" lon="-5.01711"><ele>403.4</ele></trkpt>
    <trkpt lat="36.541409" lon="-5.01608"><ele>403.3</ele></trkpt>
    <trkpt lat="36.541349" lon="-5.01562"><ele>402.7</ele></trkpt>
    <trkpt lat="36.541346" lon="-5.015346"><ele>401.9</ele></trkpt>
    <trkpt lat="36.541375" lon="-5.015062"><ele>400.6</ele></trkpt>
    <trkpt lat="36.541798" lon="-5.013629"><ele>390.7</ele></trkpt>
    <trkpt lat="36.541863" lon="-5.013293"><ele>388.9</ele></trkpt>
    <trkpt lat="36.541795" lon="-5.012657"><ele>386.3</ele></trkpt>
    <trkpt lat="36.541583" lon="-5.011914"><ele>383.2</ele></trkpt>
    <trkpt lat="36.541472" lon="-5.011443"><ele>380.6</ele></trkpt>
    <trkpt lat="36.541451" lon="-5.011227"><ele>379.1</ele></trkpt>
    <trkpt lat="36.541468" lon="-5.010916"><ele>376.6</ele></trkpt>
    <trkpt lat="36.541766" lon="-5.009414"><ele>361.5</ele></trkpt>
    <trkpt lat="36.541796" lon="-5.009123"><ele>358.7</ele></trkpt>
    <trkpt lat="36.541745" lon="-5.008844"><ele>356</ele></trkpt>
    <trkpt lat="36.541631" lon="-5.00864"><ele>353.5</ele></trkpt>
    <trkpt lat="36.541344" lon="-5.008379"><ele>349</ele></trkpt>
    <trkpt lat="36.541234" lon="-5.008213"><ele>346.7</ele></trkpt>
    <trkpt lat="36.54116" lon="-5.008032"><ele>344.5</ele></trkpt>
    <trkpt lat="36.541102" lon="-5.007617"><ele>339.9</ele></trkpt>
    <trkpt lat="36.541035" lon="-5.007416"><ele>337.5</ele></trkpt>
    <trkpt lat="36.540706" lon="-5.007037"><ele>332.2</ele></trkpt>
    <trkpt lat="36.540557" lon="-5.006906"><ele>330.7</ele></trkpt>
    <trkpt lat="36.540398" lon="-5.006854"><ele>329.6</ele></trkpt>
    <trkpt lat="36.540154" lon="-5.006955"><ele>328.8</ele></trkpt>
    <trkpt lat="36.540042" lon="-5.007099"><ele>328.7</ele></trkpt>
    <trkpt lat="36.539957" lon="-5.00734"><ele>329.2</ele></trkpt>
    <trkpt lat="36.539808" lon="-5.008253"><ele>333.5</ele></trkpt>
    <trkpt lat="36.539749" lon="-5.008374"><ele>334.2</ele></trkpt>
    <trkpt lat="36.539597" lon="-5.008551"><ele>335.3</ele></trkpt>
    <trkpt lat="36.539397" lon="-5.008664"><ele>335.9</ele></trkpt>
    <trkpt lat="36.539133" lon="-5.008687"><ele>335.9</ele></trkpt>
    <trkpt lat="36.538926" lon="-5.008607"><ele>335.3</ele></trkpt>
    <trkpt lat="36.538855" lon="-5.008553"><ele>334.9</ele></trkpt>
    <trkpt lat="36.538626" lon="-5.008239"><ele>332.5</ele></trkpt>
    <trkpt lat="36.538439" lon="-5.007784"><ele>328.6</ele></trkpt>
    <trkpt lat="36.538256" lon="-5.007432"><ele>325.3</ele></trkpt>
    <trkpt lat="36.538075" lon="-5.007282"><ele>323.4</ele></trkpt>
    <trkpt lat="36.537801" lon="-5.007193"><ele>321.4</ele></trkpt>
    <trkpt lat="36.537599" lon="-5.007218"><ele>320.3</ele></trkpt>
    <trkpt lat="36.537431" lon="-5.007276"><ele>319.6</ele></trkpt>
    <trkpt lat="36.536407" lon="-5.007912"><ele>316.8</ele></trkpt>
    <trkpt lat="36.536169" lon="-5.007945"><ele>316.1</ele></trkpt>
    <trkpt lat="36.53566" lon="-5.007804"><ele>314.6</ele></trkpt>
    <trkpt lat="36.535479" lon="-5.007801"><ele>313.7</ele></trkpt>
    <trkpt lat="36.535345" lon="-5.00784"><ele>312.9</ele></trkpt>
    <trkpt lat="36.535213" lon="-5.007914"><ele>311.8</ele></trkpt>
    <trkpt lat="36.534864" lon="-5.008121"><ele>308.6</ele></trkpt>
    <trkpt lat="36.534711" lon="-5.008154"><ele>307.2</ele></trkpt>
    <trkpt lat="36.534556" lon="-5.008103"><ele>305.9</ele></trkpt>
    <trkpt lat="36.534486" lon="-5.00805"><ele>305.2</ele></trkpt>
    <trkpt lat="36.534137" lon="-5.007682"><ele>302.4</ele></trkpt>
    <trkpt lat="36.533989" lon="-5.00761"><ele>301.6</ele></trkpt>
    <trkpt lat="36.533725" lon="-5.0076"><ele>300.5</ele></trkpt>
    <trkpt lat="36.533478" lon="-5.007833"><ele>300.1</ele></trkpt>
    <trkpt lat="36.53339" lon="-5.007991"><ele>300.2</ele></trkpt>
    <trkpt lat="36.533234" lon="-5.008366"><ele>301.1</ele></trkpt>
    <trkpt lat="36.533077" lon="-5.008593"><ele>301.8</ele></trkpt>
    <trkpt lat="36.53292" lon="-5.008698"><ele>302.4</ele></trkpt>
    <trkpt lat="36.532745" lon="-5.008738"><ele>302.8</ele></trkpt>
    <trkpt lat="36.532548" lon="-5.008694"><ele>303</ele></trkpt>
    <trkpt lat="36.532441" lon="-5.008621"><ele>302.9</ele></trkpt>
    <trkpt lat="36.531444" lon="-5.007433"><ele>292.8</ele></trkpt>
    <trkpt lat="36.531242" lon="-5.007214"><ele>290.8</ele></trkpt>
    <trkpt lat="36.531064" lon="-5.007089"><ele>289.7</ele></trkpt>
    <trkpt lat="36.530888" lon="-5.007054"><ele>288.9</ele></trkpt>
    <trkpt lat="36.530687" lon="-5.007083"><ele>288.3</ele></trkpt>
    <trkpt lat="36.529715" lon="-5.007494"><ele>287.1</ele></trkpt>
    <trkpt lat="36.529474" lon="-5.007535"><ele>286.2</ele></trkpt>
    <trkpt lat="36.529239" lon="-5.007513"><ele>284.9</ele></trkpt>
    <trkpt lat="36.52837" lon="-5.007371"><ele>276.7</ele></trkpt>
    <trkpt lat="36.528133" lon="-5.007356"><ele>274.4</ele></trkpt>
    <trkpt lat="36.527993" lon="-5.00738"><ele>273.1</ele></trkpt>
    <trkpt lat="36.527822" lon="-5.007467"><ele>271.7</ele></trkpt>
    <trkpt lat="36.527686" lon="-5.007606"><ele>270.7</ele></trkpt>
    <trkpt lat="36.527551" lon="-5.008028"><ele>269</ele></trkpt>
    <trkpt lat="36.527416" lon="-5.008709"><ele>269.4</ele></trkpt>
    <trkpt lat="36.527306" lon="-5.008951"><ele>270.2</ele></trkpt>
    <trkpt lat="36.527254" lon="-5.009014"><ele>270.5</ele></trkpt>
    <trkpt lat="36.527112" lon="-5.009192"><ele>271.3</ele></trkpt>
    <trkpt lat="36.527033" lon="-5.009245"><ele>271.7</ele></trkpt>
    <trkpt lat="36.526862" lon="-5.009333"><ele>272.3</ele></trkpt>
    <trkpt lat="36.526616" lon="-5.009376"><ele>273.1</ele></trkpt>
    <trkpt lat="36.526542" lon="-5.009352"><ele>273.3</ele></trkpt>
    <trkpt lat="36.525898" lon="-5.009331"><ele>274.1</ele></trkpt>
    <trkpt lat="36.525765" lon="-5.009326"><ele>274</ele></trkpt>
    <trkpt lat="36.525104" lon="-5.009264"><ele>271.4</ele></trkpt>
    <trkpt lat="36.524928" lon="-5.00922"><ele>270.3</ele></trkpt>
    <trkpt lat="36.524669" lon="-5.009098"><ele>268.4</ele></trkpt>
    <trkpt lat="36.523551" lon="-5.008345"><ele>256.9</ele></trkpt>
    <trkpt lat="36.523337" lon="-5.008273"><ele>254.8</ele></trkpt>
    <trkpt lat="36.52274" lon="-5.0083"><ele>249.5</ele></trkpt>
    <trkpt lat="36.522544" lon="-5.008213"><ele>247.4</ele></trkpt>
    <trkpt lat="36.522048" lon="-5.007794"><ele>240.8</ele></trkpt>
    <trkpt lat="36.521856" lon="-5.007737"><ele>238.3</ele></trkpt>
    <trkpt lat="36.521686" lon="-5.007739"><ele>236.2</ele></trkpt>
    <trkpt lat="36.521255" lon="-5.007992"><ele>230.3</ele></trkpt>
    <trkpt lat="36.521062" lon="-5.008066"><ele>227.9</ele></trkpt>
    <trkpt lat="36.52088" lon="-5.008068"><ele>225.8</ele></trkpt>
    <trkpt lat="36.52072" lon="-5.008006"><ele>224</ele></trkpt>
    <trkpt lat="36.520562" lon="-5.007832"><ele>222</ele></trkpt>
    <trkpt lat="36.520467" lon="-5.007667"><ele>220.6</ele></trkpt>
    <trkpt lat="36.520416" lon="-5.007479"><ele>219.6</ele></trkpt>
    <trkpt lat="36.520426" lon="-5.007228"><ele>218.4</ele></trkpt>
    <trkpt lat="36.52049" lon="-5.007053"><ele>217.8</ele></trkpt>
    <trkpt lat="36.52078" lon="-5.006568"><ele>217.1</ele></trkpt>
    <trkpt lat="36.520847" lon="-5.006286"><ele>216.5</ele></trkpt>
    <trkpt lat="36.520845" lon="-5.006108"><ele>215.9</ele></trkpt>
    <trkpt lat="36.520789" lon="-5.005895"><ele>215</ele></trkpt>
    <trkpt lat="36.520683" lon="-5.005706"><ele>213.8</ele></trkpt>
    <trkpt lat="36.520584" lon="-5.005617"><ele>212.8</ele></trkpt>
    <trkpt lat="36.520387" lon="-5.005563"><ele>211</ele></trkpt>
    <trkpt lat="36.519324" lon="-5.005498"><ele>196.7</ele></trkpt>
    <trkpt lat="36.519072" lon="-5.00541"><ele>193.2</ele></trkpt>
    <trkpt lat="36.518897" lon="-5.005241"><ele>190.3</ele></trkpt>
    <trkpt lat="36.518759" lon="-5.005034"><ele>187.8</ele></trkpt>
    <trkpt lat="36.518625" lon="-5.004758"><ele>185.2</ele></trkpt>
    <trkpt lat="36.518417" lon="-5.004415"><ele>182.6</ele></trkpt>
    <trkpt lat="36.518201" lon="-5.004291"><ele>181.2</ele></trkpt>
    <trkpt lat="36.518052" lon="-5.004262"><ele>180.5</ele></trkpt>
    <trkpt lat="36.517875" lon="-5.004286"><ele>179.7</ele></trkpt>
    <trkpt lat="36.51675" lon="-5.004773"><ele>176.5</ele></trkpt>
    <trkpt lat="36.516526" lon="-5.004915"><ele>175.8</ele></trkpt>
    <trkpt lat="36.516301" lon="-5.005128"><ele>174.8</ele></trkpt>
    <trkpt lat="36.515623" lon="-5.006152"><ele>167.5</ele></trkpt>
    <trkpt lat="36.515456" lon="-5.006353"><ele>165.3</ele></trkpt>
    <trkpt lat="36.51509" lon="-5.00671"><ele>161.9</ele></trkpt>
    <trkpt lat="36.514825" lon="-5.006891"><ele>160.1</ele></trkpt>
    <trkpt lat="36.514758" lon="-5.006959"><ele>159.4</ele></trkpt>
    <trkpt lat="36.51439" lon="-5.007189"><ele>156.5</ele></trkpt>
    <trkpt lat="36.514115" lon="-5.007334"><ele>154.2</ele></trkpt>
    <trkpt lat="36.513879" lon="-5.007455"><ele>152.6</ele></trkpt>
    <trkpt lat="36.513235" lon="-5.007695"><ele>149.5</ele></trkpt>
    <trkpt lat="36.512258" lon="-5.008162"><ele>140.8</ele></trkpt>
    <trkpt lat="36.512064" lon="-5.008304"><ele>138.8</ele></trkpt>
    <trkpt lat="36.511591" lon="-5.008745"><ele>132.7</ele></trkpt>
    <trkpt lat="36.511416" lon="-5.008833"><ele>130.8</ele></trkpt>
    <trkpt lat="36.511122" lon="-5.008814"><ele>128</ele></trkpt>
    <trkpt lat="36.510965" lon="-5.008712"><ele>126.3</ele></trkpt>
    <trkpt lat="36.510611" lon="-5.008177"><ele>122.2</ele></trkpt>
    <trkpt lat="36.510481" lon="-5.007965"><ele>121.2</ele></trkpt>
    <trkpt lat="36.510359" lon="-5.00768"><ele>120.3</ele></trkpt>
    <trkpt lat="36.510338" lon="-5.007618"><ele>120.1</ele></trkpt>
    <trkpt lat="36.510335" lon="-5.007425"><ele>119.9</ele></trkpt>
    <trkpt lat="36.510374" lon="-5.007185"><ele>119.4</ele></trkpt>
    <trkpt lat="36.510523" lon="-5.006742"><ele>118.2</ele></trkpt>
    <trkpt lat="36.510551" lon="-5.006415"><ele>117</ele></trkpt>
    <trkpt lat="36.510456" lon="-5.006357"><ele>116.5</ele></trkpt>
    <trkpt lat="36.510439" lon="-5.00627"><ele>116.2</ele></trkpt>
    <trkpt lat="36.510471" lon="-5.006189"><ele>115.9</ele></trkpt>
    <trkpt lat="36.510537" lon="-5.006153"><ele>115.6</ele></trkpt>
    <trkpt lat="36.510404" lon="-5.005888"><ele>114.5</ele></trkpt>
    <trkpt lat="36.510227" lon="-5.005702"><ele>113.4</ele></trkpt>
    <trkpt lat="36.510056" lon="-5.005592"><ele>112.5</ele></trkpt>
    <trkpt lat="36.509834" lon="-5.005555"><ele>111.4</ele></trkpt>
    <trkpt lat="36.509589" lon="-5.005562"><ele>110.1</ele></trkpt>
    <trkpt lat="36.509338" lon="-5.00561"><ele>108.5</ele></trkpt>
    <trkpt lat="36.508593" lon="-5.005686"><ele>102.8</ele></trkpt>
    <trkpt lat="36.508347" lon="-5.005641"><ele>100.5</ele></trkpt>
    <trkpt lat="36.508159" lon="-5.005565"><ele>98.6</ele></trkpt>
    <trkpt lat="36.50797" lon="-5.00545"><ele>96.7</ele></trkpt>
    <trkpt lat="36.507571" lon="-5.00514"><ele>92.7</ele></trkpt>
    <trkpt lat="36.507395" lon="-5.00505"><ele>91.3</ele></trkpt>
    <trkpt lat="36.506405" lon="-5.004662"><ele>86</ele></trkpt>
    <trkpt lat="36.506181" lon="-5.004603"><ele>85.3</ele></trkpt>
    <trkpt lat="36.504694" lon="-5.004611"><ele>78.9</ele></trkpt>
    <trkpt lat="36.504318" lon="-5.004705"><ele>77.1</ele></trkpt>
    <trkpt lat="36.503916" lon="-5.004744"><ele>75.6</ele></trkpt>
    <trkpt lat="36.503731" lon="-5.004694"><ele>74.9</ele></trkpt>
    <trkpt lat="36.503483" lon="-5.004582"><ele>74</ele></trkpt>
    <trkpt lat="36.503215" lon="-5.004423"><ele>73.1</ele></trkpt>
    <trkpt lat="36.503004" lon="-5.004225"><ele>72.4</ele></trkpt>
    <trkpt lat="36.502934" lon="-5.004175"><ele>72.1</ele></trkpt>
    <trkpt lat="36.502732" lon="-5.003863"><ele>71.1</ele></trkpt>
    <trkpt lat="36.502603" lon="-5.003736"><ele>70.5</ele></trkpt>
    <trkpt lat="36.502541" lon="-5.003738"><ele>70.3</ele></trkpt>
    <trkpt lat="36.502479" lon="-5.003703"><ele>70</ele></trkpt>
    <trkpt lat="36.502438" lon="-5.003635"><ele>69.7</ele></trkpt>
    <trkpt lat="36.502426" lon="-5.00358"><ele>69.5</ele></trkpt>
    <trkpt lat="36.502302" lon="-5.003291"><ele>68.2</ele></trkpt>
    <trkpt lat="36.50198" lon="-5.00286"><ele>65.3</ele></trkpt>
    <trkpt lat="36.501008" lon="-5.001653"><ele>56.6</ele></trkpt>
    <trkpt lat="36.500611" lon="-5.001002"><ele>53.1</ele></trkpt>
    <trkpt lat="36.500544" lon="-5.000926"><ele>52.7</ele></trkpt>
    <trkpt lat="36.500172" lon="-5.000544"><ele>50.9</ele></trkpt>
    <trkpt lat="36.500017" lon="-5.00043"><ele>50.3</ele></trkpt>
    <trkpt lat="36.499248" lon="-5.000016"><ele>48.2</ele></trkpt>
    <trkpt lat="36.499088" lon="-4.999896"><ele>48</ele></trkpt>
    <trkpt lat="36.498829" lon="-4.999618"><ele>47.8</ele></trkpt>
    <trkpt lat="36.498657" lon="-4.999344"><ele>47.8</ele></trkpt>
    <trkpt lat="36.498601" lon="-4.999207"><ele>48</ele></trkpt>
    <trkpt lat="36.498437" lon="-4.998712"><ele>48.8</ele></trkpt>
    <trkpt lat="36.498249" lon="-4.99831"><ele>50.2</ele></trkpt>
    <trkpt lat="36.498038" lon="-4.998039"><ele>51.6</ele></trkpt>
    <trkpt lat="36.498025" lon="-4.998035"><ele>51.7</ele></trkpt>
    <trkpt lat="36.497967" lon="-4.997981"><ele>52</ele></trkpt>
    <trkpt lat="36.497943" lon="-4.997898"><ele>52.4</ele></trkpt>
    <trkpt lat="36.497941" lon="-4.997875"><ele>52.5</ele></trkpt>
    <trkpt lat="36.497771" lon="-4.997626"><ele>53.9</ele></trkpt>
    <trkpt lat="36.497555" lon="-4.997417"><ele>55.5</ele></trkpt>
    <trkpt lat="36.496444" lon="-4.996805"><ele>60.6</ele></trkpt>
    <trkpt lat="36.496278" lon="-4.996701"><ele>60.9</ele></trkpt>
    <trkpt lat="36.495986" lon="-4.996454"><ele>61</ele></trkpt>
    <trkpt lat="36.495759" lon="-4.996138"><ele>60.5</ele></trkpt>
    <trkpt lat="36.495679" lon="-4.996011"><ele>60.3</ele></trkpt>
    <trkpt lat="36.4953" lon="-4.995375"><ele>58</ele></trkpt>
    <trkpt lat="36.495025" lon="-4.994801"><ele>55.7</ele></trkpt>
    <trkpt lat="36.494939" lon="-4.994544"><ele>54.7</ele></trkpt>
    <trkpt lat="36.494835" lon="-4.9941"><ele>53.1</ele></trkpt>
    <trkpt lat="36.494751" lon="-4.993561"><ele>51.5</ele></trkpt>
    <trkpt lat="36.494713" lon="-4.993493"><ele>51.3</ele></trkpt>
    <trkpt lat="36.494655" lon="-4.993192"><ele>50.6</ele></trkpt>
    <trkpt lat="36.49454" lon="-4.992943"><ele>50.1</ele></trkpt>
    <trkpt lat="36.494504" lon="-4.992907"><ele>50</ele></trkpt>
    <trkpt lat="36.494314" lon="-4.99281"><ele>49.6</ele></trkpt>
    <trkpt lat="36.494038" lon="-4.992844"><ele>49.1</ele></trkpt>
    <trkpt lat="36.493831" lon="-4.99287"><ele>48.9</ele></trkpt>
    <trkpt lat="36.493706" lon="-4.992901"><ele>48.7</ele></trkpt>
    <trkpt lat="36.493693" lon="-4.992944"><ele>48.7</ele></trkpt>
    <trkpt lat="36.493643" lon="-4.993011"><ele>48.6</ele></trkpt>
    <trkpt lat="36.493575" lon="-4.993042"><ele>48.6</ele></trkpt>
    <trkpt lat="36.493502" lon="-4.99303"><ele>48.5</ele></trkpt>
    <trkpt lat="36.493422" lon="-4.992939"><ele>48.5</ele></trkpt>
    <trkpt lat="36.49323" lon="-4.992865"><ele>48.4</ele></trkpt>
    <trkpt lat="36.492909" lon="-4.99274"><ele>48.3</ele></trkpt>
    <trkpt lat="36.492588" lon="-4.992563"><ele>48.3</ele></trkpt>
    <trkpt lat="36.492481" lon="-4.992509"><ele>48.3</ele></trkpt>
    <trkpt lat="36.492426" lon="-4.992563"><ele>48.3</ele></trkpt>
    <trkpt lat="36.492356" lon="-4.992578"><ele>48.3</ele></trkpt>
    <trkpt lat="36.492262" lon="-4.992523"><ele>48.4</ele></trkpt>
    <trkpt lat="36.492226" lon="-4.992448"><ele>48.4</ele></trkpt>
    <trkpt lat="36.49222" lon="-4.992405"><ele>48.4</ele></trkpt>
    <trkpt lat="36.492185" lon="-4.992342"><ele>48.5</ele></trkpt>
    <trkpt lat="36.492111" lon="-4.992302"><ele>48.6</ele></trkpt>
    <trkpt lat="36.491866" lon="-4.992168"><ele>48.9</ele></trkpt>
    <trkpt lat="36.491762" lon="-4.992111"><ele>49</ele></trkpt>
    <trkpt lat="36.491253" lon="-4.991828"><ele>49.9</ele></trkpt>
    <trkpt lat="36.49114" lon="-4.991768"><ele>50.1</ele></trkpt>
    <trkpt lat="36.490492" lon="-4.991552"><ele>51.3</ele></trkpt>
    <trkpt lat="36.490434" lon="-4.991545"><ele>51.4</ele></trkpt>
    <trkpt lat="36.490355" lon="-4.991562"><ele>51.5</ele></trkpt>
    <trkpt lat="36.49033" lon="-4.991578"><ele>51.5</ele></trkpt>
    <trkpt lat="36.490314" lon="-4.991582"><ele>51.6</ele></trkpt>
    <trkpt lat="36.490252" lon="-4.991562"><ele>51.7</ele></trkpt>
    <trkpt lat="36.490212" lon="-4.991495"><ele>51.7</ele></trkpt>
    <trkpt lat="36.490214" lon="-4.991425"><ele>51.8</ele></trkpt>
    <trkpt lat="36.490101" lon="-4.99139"><ele>51.9</ele></trkpt>
    <trkpt lat="36.489829" lon="-4.991307"><ele>52.2</ele></trkpt>
    <trkpt lat="36.489576" lon="-4.991231"><ele>52.4</ele></trkpt>
    <trkpt lat="36.489536" lon="-4.991219"><ele>52.4</ele></trkpt>
    <trkpt lat="36.489358" lon="-4.991168"><ele>52.5</ele></trkpt>
    <trkpt lat="36.489149" lon="-4.991104"><ele>52.4</ele></trkpt>
    <trkpt lat="36.489122" lon="-4.991095"><ele>52.4</ele></trkpt>
    <trkpt lat="36.488622" lon="-4.990943"><ele>51.6</ele></trkpt>
    <trkpt lat="36.488585" lon="-4.990933"><ele>51.5</ele></trkpt>
    <trkpt lat="36.488392" lon="-4.990882"><ele>51.2</ele></trkpt>
    <trkpt lat="36.488181" lon="-4.990818"><ele>50.7</ele></trkpt>
    <trkpt lat="36.487944" lon="-4.99074"><ele>50.1</ele></trkpt>
    <trkpt lat="36.487737" lon="-4.990677"><ele>49.6</ele></trkpt>
    <trkpt lat="36.48764" lon="-4.990647"><ele>49.3</ele></trkpt>
    <trkpt lat="36.487507" lon="-4.990606"><ele>48.8</ele></trkpt>
    <trkpt lat="36.486951" lon="-4.990441"><ele>46.9</ele></trkpt>
    <trkpt lat="36.486836" lon="-4.990487"><ele>46.5</ele></trkpt>
    <trkpt lat="36.486763" lon="-4.99056"><ele>46.2</ele></trkpt>
    <trkpt lat="36.486754" lon="-4.990591"><ele>46.1</ele></trkpt>
    <trkpt lat="36.48673" lon="-4.990646"><ele>46</ele></trkpt>
    <trkpt lat="36.486728" lon="-4.990651"><ele>46</ele></trkpt>
    <trkpt lat="36.486655" lon="-4.990702"><ele>45.7</ele></trkpt>
    <trkpt lat="36.486627" lon="-4.990796"><ele>45.5</ele></trkpt>
    <trkpt lat="36.486593" lon="-4.991011"><ele>45.1</ele></trkpt>
    <trkpt lat="36.486496" lon="-4.991624"><ele>43.9</ele></trkpt>
    <trkpt lat="36.486426" lon="-4.992"><ele>43.3</ele></trkpt>
    <trkpt lat="36.48641" lon="-4.992091"><ele>43.3</ele></trkpt>
    <trkpt lat="36.486354" lon="-4.992413"><ele>43.2</ele></trkpt>
    <trkpt lat="36.486301" lon="-4.992742"><ele>43.5</ele></trkpt>
    <trkpt lat="36.486307" lon="-4.992837"><ele>43.6</ele></trkpt>
    <trkpt lat="36.486213" lon="-4.993375"><ele>44.7</ele></trkpt>
    <trkpt lat="36.486117" lon="-4.993953"><ele>46.3</ele></trkpt>
    <trkpt lat="36.486009" lon="-4.994582"><ele>48.1</ele></trkpt>
    <trkpt lat="36.485892" lon="-4.995291"><ele>49.4</ele></trkpt>
    <trkpt lat="36.48576" lon="-4.99592"><ele>49.2</ele></trkpt>
    <trkpt lat="36.485745" lon="-4.995986"><ele>49.1</ele></trkpt>
    <trkpt lat="36.485643" lon="-4.995976"><ele>48.9</ele></trkpt>
    <trkpt lat="36.484798" lon="-4.995921"><ele>46.1</ele></trkpt>
    <trkpt lat="36.484544" lon="-4.995881"><ele>45</ele></trkpt>
    <trkpt lat="36.484216" lon="-4.99583"><ele>43.6</ele></trkpt>
    <trkpt lat="36.483957" lon="-4.995768"><ele>42.4</ele></trkpt>
    <trkpt lat="36.48377" lon="-4.995693"><ele>41.5</ele></trkpt>
    <trkpt lat="36.483637" lon="-4.995642"><ele>40.9</ele></trkpt>
    <trkpt lat="36.483546" lon="-4.995603"><ele>40.4</ele></trkpt>
    <trkpt lat="36.48271" lon="-4.995164"><ele>36.7</ele></trkpt>
    <trkpt lat="36.482354" lon="-4.995016"><ele>35.3</ele></trkpt>
    <trkpt lat="36.482285" lon="-4.995018"><ele>35.1</ele></trkpt>
    <trkpt lat="36.482244" lon="-4.995066"><ele>34.9</ele></trkpt>
    <trkpt lat="36.48219" lon="-4.995084"><ele>34.7</ele></trkpt>
    <trkpt lat="36.482112" lon="-4.995048"><ele>34.4</ele></trkpt>
    <trkpt lat="36.482073" lon="-4.994955"><ele>34.1</ele></trkpt>
    <trkpt lat="36.481983" lon="-4.994934"><ele>33.9</ele></trkpt>
    <trkpt lat="36.481586" lon="-4.994839"><ele>32.7</ele></trkpt>
    <trkpt lat="36.480776" lon="-4.994615"><ele>30.4</ele></trkpt>
    <trkpt lat="36.480509" lon="-4.994569"><ele>29.4</ele></trkpt>
    <trkpt lat="36.480357" lon="-4.994529"><ele>28.9</ele></trkpt>
    <trkpt lat="36.480236" lon="-4.994495"><ele>28.4</ele></trkpt>
    <trkpt lat="36.479493" lon="-4.994249"><ele>25.3</ele></trkpt>
    <trkpt lat="36.47923" lon="-4.994177"><ele>24.3</ele></trkpt>
    <trkpt lat="36.478736" lon="-4.994971"><ele>21.7</ele></trkpt>
    <trkpt lat="36.478653" lon="-4.995103"><ele>21.5</ele></trkpt>
    <trkpt lat="36.477584" lon="-4.99683"><ele>18.6</ele></trkpt>
    <trkpt lat="36.477339" lon="-4.997305"><ele>17.5</ele></trkpt>
    <trkpt lat="36.477046" lon="-4.99795"><ele>15.6</ele></trkpt>
    <trkpt lat="36.477016" lon="-4.99813"><ele>15.2</ele></trkpt>
    <trkpt lat="36.477018" lon="-4.998287"><ele>14.9</ele></trkpt>
    <trkpt lat="36.477086" lon="-4.998492"><ele>14.4</ele></trkpt>
    <trkpt lat="36.477126" lon="-4.998625"><ele>14.2</ele></trkpt>
    <trkpt lat="36.477118" lon="-4.998734"><ele>14</ele></trkpt>
    <trkpt lat="36.477083" lon="-4.998829"><ele>13.8</ele></trkpt>
    <trkpt lat="36.477027" lon="-4.998894"><ele>13.7</ele></trkpt>
    <trkpt lat="36.476917" lon="-4.998939"><ele>13.5</ele></trkpt>
    <trkpt lat="36.476802" lon="-4.998927"><ele>13.4</ele></trkpt>
    <trkpt lat="36.476703" lon="-4.998863"><ele>13.3</ele></trkpt>
    <trkpt lat="36.476678" lon="-4.998834"><ele>13.3</ele></trkpt>
    <trkpt lat="36.476678" lon="-4.998834"><ele>13.3</ele></trkpt>
    <trkpt lat="36.476427" lon="-4.99887"><ele>13.3</ele></trkpt>
    <trkpt lat="36.475997" lon="-4.999231"><ele>14.4</ele></trkpt>
    <trkpt lat="36.475597" lon="-4.999751"><ele>16.6</ele></trkpt>
    <trkpt lat="36.475294" lon="-5.000181"><ele>18.7</ele></trkpt>
    <trkpt lat="36.474881" lon="-5.000825"><ele>21.8</ele></trkpt>
    <trkpt lat="36.474597" lon="-5.001394"><ele>23.9</ele></trkpt>
    <trkpt lat="36.474313" lon="-5.001963"><ele>25.4</ele></trkpt>
    <trkpt lat="36.474057" lon="-5.002622"><ele>26.2</ele></trkpt>
    <trkpt lat="36.473801" lon="-5.003281"><ele>26.6</ele></trkpt>
    <trkpt lat="36.473458" lon="-5.004233"><ele>26.8</ele></trkpt>
    <trkpt lat="36.473297" lon="-5.004881"><ele>26.1</ele></trkpt>
    <trkpt lat="36.473136" lon="-5.005529"><ele>24.3</ele></trkpt>
    <trkpt lat="36.472978" lon="-5.006548"><ele>20.2</ele></trkpt>
    <trkpt lat="36.47282" lon="-5.007566"><ele>16</ele></trkpt>
    <trkpt lat="36.472662" lon="-5.008585"><ele>14.5</ele></trkpt>
    <trkpt lat="36.472662" lon="-5.008585"><ele>14.6</ele></trkpt>
    <trkpt lat="36.472662" lon="-5.008585"><ele>14.6</ele></trkpt>
    <trkpt lat="36.472543" lon="-5.009567"><ele>15.1</ele></trkpt>
    <trkpt lat="36.472543" lon="-5.009567"><ele>15.1</ele></trkpt>
    <trkpt lat="36.47232" lon="-5.010165"><ele>16.1</ele></trkpt>
    <trkpt lat="36.472029" lon="-5.010683"><ele>17.1</ele></trkpt>
    <trkpt lat="36.47137" lon="-5.011332"><ele>19.7</ele></trkpt>
    <trkpt lat="36.470865" lon="-5.011733"><ele>21.2</ele></trkpt>
    <trkpt lat="36.470359" lon="-5.012134"><ele>22.7</ele></trkpt>
    <trkpt lat="36.469746" lon="-5.012865"><ele>23</ele></trkpt>
    <trkpt lat="36.469516" lon="-5.013374"><ele>22.4</ele></trkpt>
    <trkpt lat="36.469285" lon="-5.013884"><ele>21.6</ele></trkpt>
    <trkpt lat="36.469285" lon="-5.013884"><ele>21.5</ele></trkpt>
    <trkpt lat="36.469285" lon="-5.013884"><ele>21.5</ele></trkpt>
    <trkpt lat="36.46912" lon="-5.01452"><ele>20.1</ele></trkpt>
    <trkpt lat="36.468956" lon="-5.015155"><ele>18.5</ele></trkpt>
    <trkpt lat="36.468956" lon="-5.015155"><ele>18.5</ele></trkpt>
    <trkpt lat="36.468712" lon="-5.016168"><ele>16.5</ele></trkpt>
    <trkpt lat="36.468468" lon="-5.017181"><ele>15.5</ele></trkpt>
    <trkpt lat="36.468224" lon="-5.018194"><ele>15.4</ele></trkpt>
    <trkpt lat="36.468025" lon="-5.019057"><ele>15.5</ele></trkpt>
    <trkpt lat="36.467826" lon="-5.01992"><ele>15.2</ele></trkpt>
    <trkpt lat="36.467627" lon="-5.020784"><ele>14.3</ele></trkpt>
    <trkpt lat="36.467479" lon="-5.021372"><ele>13.3</ele></trkpt>
    <trkpt lat="36.467331" lon="-5.02196"><ele>12.1</ele></trkpt>
    <trkpt lat="36.467121" lon="-5.02286"><ele>10.2</ele></trkpt>
    <trkpt lat="36.466911" lon="-5.023761"><ele>9.5</ele></trkpt>
    <trkpt lat="36.466701" lon="-5.024662"><ele>10.1</ele></trkpt>
    <trkpt lat="36.466701" lon="-5.024662"><ele>10.1</ele></trkpt>
    <trkpt lat="36.466461" lon="-5.025652"><ele>11.4</ele></trkpt>
    <trkpt lat="36.46622" lon="-5.026699"><ele>12.8</ele></trkpt>
    <trkpt lat="36.465979" lon="-5.027747"><ele>14</ele></trkpt>
    <trkpt lat="36.465777" lon="-5.028582"><ele>14.5</ele></trkpt>
    <trkpt lat="36.465575" lon="-5.029417"><ele>14.2</ele></trkpt>
    <trkpt lat="36.465372" lon="-5.030252"><ele>13.7</ele></trkpt>
    <trkpt lat="36.465162" lon="-5.031132"><ele>12.9</ele></trkpt>
    <trkpt lat="36.464951" lon="-5.032012"><ele>12.1</ele></trkpt>
    <trkpt lat="36.464741" lon="-5.032892"><ele>11.1</ele></trkpt>
    <trkpt lat="36.46453" lon="-5.033772"><ele>10.1</ele></trkpt>
    <trkpt lat="36.464339" lon="-5.034576"><ele>9.2</ele></trkpt>
    <trkpt lat="36.464147" lon="-5.03538"><ele>8.4</ele></trkpt>
    <trkpt lat="36.463956" lon="-5.036184"><ele>7.7</ele></trkpt>
    <trkpt lat="36.463756" lon="-5.037003"><ele>6.8</ele></trkpt>
    <trkpt lat="36.463556" lon="-5.037821"><ele>6.2</ele></trkpt>
    <trkpt lat="36.463356" lon="-5.03864"><ele>6.2</ele></trkpt>
    <trkpt lat="36.463196" lon="-5.039338"><ele>6.8</ele></trkpt>
    <trkpt lat="36.463037" lon="-5.040035"><ele>7.7</ele></trkpt>
    <trkpt lat="36.462818" lon="-5.040943"><ele>8.6</ele></trkpt>
    <trkpt lat="36.462599" lon="-5.041851"><ele>8.8</ele></trkpt>
    <trkpt lat="36.462379" lon="-5.042796"><ele>9.2</ele></trkpt>
    <trkpt lat="36.462159" lon="-5.043742"><ele>9.7</ele></trkpt>
    <trkpt lat="36.461897" lon="-5.044633"><ele>10.6</ele></trkpt>
    <trkpt lat="36.461634" lon="-5.045524"><ele>10.8</ele></trkpt>
    <trkpt lat="36.461372" lon="-5.046415"><ele>10.3</ele></trkpt>
    <trkpt lat="36.461011" lon="-5.047301"><ele>9.2</ele></trkpt>
    <trkpt lat="36.46065" lon="-5.048186"><ele>8.2</ele></trkpt>
    <trkpt lat="36.46065" lon="-5.048186"><ele>8.2</ele></trkpt>
    <trkpt lat="36.460276" lon="-5.049003"><ele>8.4</ele></trkpt>
    <trkpt lat="36.459901" lon="-5.049821"><ele>9.2</ele></trkpt>
    <trkpt lat="36.459527" lon="-5.050638"><ele>11</ele></trkpt>
    <trkpt lat="36.459131" lon="-5.051523"><ele>13</ele></trkpt>
    <trkpt lat="36.458736" lon="-5.052408"><ele>15.1</ele></trkpt>
    <trkpt lat="36.458341" lon="-5.053293"><ele>15.8</ele></trkpt>
    <trkpt lat="36.457945" lon="-5.054179"><ele>15.1</ele></trkpt>
    <trkpt lat="36.457945" lon="-5.054179"><ele>15.1</ele></trkpt>
    <trkpt lat="36.457649" lon="-5.054964"><ele>12.9</ele></trkpt>
    <trkpt lat="36.457353" lon="-5.05575"><ele>10.1</ele></trkpt>
    <trkpt lat="36.457043" lon="-5.056569"><ele>7</ele></trkpt>
    <trkpt lat="36.456734" lon="-5.057388"><ele>5</ele></trkpt>
    <trkpt lat="36.456424" lon="-5.058207"><ele>3.8</ele></trkpt>
    <trkpt lat="36.455963" lon="-5.059029"><ele>3.2</ele></trkpt>
    <trkpt lat="36.455503" lon="-5.059851"><ele>4.2</ele></trkpt>
    <trkpt lat="36.455042" lon="-5.060674"><ele>6.9</ele></trkpt>
    <trkpt lat="36.454711" lon="-5.061301"><ele>9.8</ele></trkpt>
    <trkpt lat="36.454431" lon="-5.062066"><ele>12.5</ele></trkpt>
    <trkpt lat="36.45429" lon="-5.062789"><ele>14.1</ele></trkpt>
    <trkpt lat="36.454148" lon="-5.063512"><ele>14.9</ele></trkpt>
    <trkpt lat="36.454118" lon="-5.064095"><ele>15</ele></trkpt>
    <trkpt lat="36.454088" lon="-5.064679"><ele>14.9</ele></trkpt>
    <trkpt lat="36.454088" lon="-5.064679"><ele>14.9</ele></trkpt>
    <trkpt lat="36.454045" lon="-5.065479"><ele>14.8</ele></trkpt>
    <trkpt lat="36.454002" lon="-5.066279"><ele>14.6</ele></trkpt>
    <trkpt lat="36.453948" lon="-5.067375"><ele>14.3</ele></trkpt>
    <trkpt lat="36.453895" lon="-5.068471"><ele>13.8</ele></trkpt>
    <trkpt lat="36.453842" lon="-5.069567"><ele>13.1</ele></trkpt>
    <trkpt lat="36.453789" lon="-5.070662"><ele>11.9</ele></trkpt>
    <trkpt lat="36.453735" lon="-5.071758"><ele>10.3</ele></trkpt>
    <trkpt lat="36.453682" lon="-5.072854"><ele>9.2</ele></trkpt>
    <trkpt lat="36.453629" lon="-5.073949"><ele>9.2</ele></trkpt>
    <trkpt lat="36.453576" lon="-5.075045"><ele>9.9</ele></trkpt>
    <trkpt lat="36.453523" lon="-5.076141"><ele>9.4</ele></trkpt>
    <trkpt lat="36.45347" lon="-5.077237"><ele>8.2</ele></trkpt>
    <trkpt lat="36.45347" lon="-5.077237"><ele>8.3</ele></trkpt>
    <trkpt lat="36.45347" lon="-5.077237"><ele>8.3</ele></trkpt>
    <trkpt lat="36.453458" lon="-5.077326"><ele>8.1</ele></trkpt>
    <trkpt lat="36.4534" lon="-5.07844"><ele>7.2</ele></trkpt>
    <trkpt lat="36.45335" lon="-5.07914"><ele>7.1</ele></trkpt>
    <trkpt lat="36.45326" lon="-5.07969"><ele>7.1</ele></trkpt>
    <trkpt lat="36.45317" lon="-5.08007"><ele>7.3</ele></trkpt>
    <trkpt lat="36.45304" lon="-5.08045"><ele>7.5</ele></trkpt>
    <trkpt lat="36.45286" lon="-5.08089"><ele>7.8</ele></trkpt>
    <trkpt lat="36.45241" lon="-5.08183"><ele>8.5</ele></trkpt>
    <trkpt lat="36.45241" lon="-5.08183"><ele>8.6</ele></trkpt>
    <trkpt lat="36.45241" lon="-5.08183"><ele>8.6</ele></trkpt>
    <trkpt lat="36.451941" lon="-5.082776"><ele>9</ele></trkpt>
    <trkpt lat="36.45148" lon="-5.08368"><ele>8.8</ele></trkpt>
    <trkpt lat="36.45102" lon="-5.084584"><ele>8.6</ele></trkpt>
    <trkpt lat="36.450559" lon="-5.085488"><ele>9.3</ele></trkpt>
    <trkpt lat="36.450099" lon="-5.086393"><ele>10.7</ele></trkpt>
    <trkpt lat="36.449638" lon="-5.087297"><ele>11.5</ele></trkpt>
    <trkpt lat="36.449178" lon="-5.088201"><ele>10.6</ele></trkpt>
    <trkpt lat="36.448717" lon="-5.089105"><ele>8.2</ele></trkpt>
    <trkpt lat="36.448266" lon="-5.090008"><ele>6.1</ele></trkpt>
    <trkpt lat="36.447815" lon="-5.09091"><ele>6</ele></trkpt>
    <trkpt lat="36.447815" lon="-5.09091"><ele>6</ele></trkpt>
    <trkpt lat="36.447346" lon="-5.091844"><ele>8.6</ele></trkpt>
    <trkpt lat="36.446885" lon="-5.092752"><ele>11.9</ele></trkpt>
    <trkpt lat="36.446424" lon="-5.093659"><ele>13.9</ele></trkpt>
    <trkpt lat="36.445964" lon="-5.094567"><ele>12.3</ele></trkpt>
    <trkpt lat="36.445964" lon="-5.094567"><ele>12.3</ele></trkpt>
    <trkpt lat="36.445577" lon="-5.095266"><ele>9.5</ele></trkpt>
    <trkpt lat="36.445189" lon="-5.095966"><ele>6.7</ele></trkpt>
    <trkpt lat="36.444802" lon="-5.096665"><ele>5</ele></trkpt>
    <trkpt lat="36.444418" lon="-5.097276"><ele>5.3</ele></trkpt>
    <trkpt lat="36.444034" lon="-5.097886"><ele>7.2</ele></trkpt>
    <trkpt lat="36.44365" lon="-5.098497"><ele>9.9</ele></trkpt>
    <trkpt lat="36.443013" lon="-5.098963"><ele>12.8</ele></trkpt>
    <trkpt lat="36.442376" lon="-5.099429"><ele>13.8</ele></trkpt>
    <trkpt lat="36.441739" lon="-5.099895"><ele>13.5</ele></trkpt>
    <trkpt lat="36.44141" lon="-5.100312"><ele>12.7</ele></trkpt>
    <trkpt lat="36.44108" lon="-5.100728"><ele>11.5</ele></trkpt>
    <trkpt lat="36.440646" lon="-5.101449"><ele>9.1</ele></trkpt>
    <trkpt lat="36.440213" lon="-5.10217"><ele>6.4</ele></trkpt>
    <trkpt lat="36.43976" lon="-5.102926"><ele>4.8</ele></trkpt>
    <trkpt lat="36.439307" lon="-5.103682"><ele>4</ele></trkpt>
    <trkpt lat="36.438887" lon="-5.104386"><ele>3.9</ele></trkpt>
    <trkpt lat="36.438466" lon="-5.10509"><ele>3.9</ele></trkpt>
    <trkpt lat="36.438045" lon="-5.105794"><ele>4.5</ele></trkpt>
    <trkpt lat="36.438045" lon="-5.105794"><ele>4.6</ele></trkpt>
    <trkpt lat="36.438045" lon="-5.105794"><ele>4.6</ele></trkpt>
    <trkpt lat="36.437953" lon="-5.10594"><ele>4.7</ele></trkpt>
    <trkpt lat="36.437447" lon="-5.10681"><ele>6.9</ele></trkpt>
    <trkpt lat="36.43694" lon="-5.10768"><ele>9.3</ele></trkpt>
    <trkpt lat="36.43673" lon="-5.10813"><ele>10.5</ele></trkpt>
    <trkpt lat="36.43637" lon="-5.109047"><ele>12.3</ele></trkpt>
    <trkpt lat="36.436362" lon="-5.109054"><ele>12.4</ele></trkpt>
    <trkpt lat="36.436362" lon="-5.109054"><ele>12.4</ele></trkpt>
    <trkpt lat="36.436069" lon="-5.109807"><ele>13.3</ele></trkpt>
    <trkpt lat="36.435775" lon="-5.110559"><ele>13.6</ele></trkpt>
    <trkpt lat="36.435481" lon="-5.111312"><ele>13.2</ele></trkpt>
    <trkpt lat="36.435122" lon="-5.112231"><ele>11.9</ele></trkpt>
    <trkpt lat="36.434763" lon="-5.113149"><ele>10.5</ele></trkpt>
    <trkpt lat="36.434403" lon="-5.114068"><ele>10.2</ele></trkpt>
    <trkpt lat="36.434094" lon="-5.114853"><ele>11.3</ele></trkpt>
    <trkpt lat="36.433785" lon="-5.115638"><ele>12.7</ele></trkpt>
    <trkpt lat="36.433475" lon="-5.116423"><ele>13.7</ele></trkpt>
    <trkpt lat="36.433134" lon="-5.117346"><ele>14.1</ele></trkpt>
    <trkpt lat="36.432794" lon="-5.118269"><ele>14.2</ele></trkpt>
    <trkpt lat="36.43265" lon="-5.119059"><ele>14.3</ele></trkpt>
    <trkpt lat="36.4326" lon="-5.119911"><ele>14.5</ele></trkpt>
    <trkpt lat="36.43269" lon="-5.120809"><ele>14.8</ele></trkpt>
    <trkpt lat="36.432916" lon="-5.121162"><ele>14.4</ele></trkpt>
    <trkpt lat="36.432995" lon="-5.121215"><ele>14.3</ele></trkpt>
    <trkpt lat="36.433031" lon="-5.121318"><ele>14.2</ele></trkpt>
    <trkpt lat="36.433027" lon="-5.121374"><ele>14.1</ele></trkpt>
    <trkpt lat="36.432978" lon="-5.121468"><ele>13.9</ele></trkpt>
    <trkpt lat="36.432938" lon="-5.121495"><ele>13.8</ele></trkpt>
    <trkpt lat="36.432857" lon="-5.121499"><ele>13.7</ele></trkpt>
    <trkpt lat="36.432788" lon="-5.121447"><ele>13.5</ele></trkpt>
    <trkpt lat="36.432625" lon="-5.1214"><ele>13.2</ele></trkpt>
    <trkpt lat="36.432587" lon="-5.121389"><ele>13.2</ele></trkpt>
    <trkpt lat="36.432305" lon="-5.12143"><ele>12.7</ele></trkpt>
    <trkpt lat="36.432077" lon="-5.121477"><ele>12.3</ele></trkpt>
    <trkpt lat="36.432046" lon="-5.121496"><ele>12.2</ele></trkpt>
    <trkpt lat="36.431973" lon="-5.12154"><ele>12.1</ele></trkpt>
    <trkpt lat="36.431928" lon="-5.121611"><ele>12</ele></trkpt>
    <trkpt lat="36.431874" lon="-5.121641"><ele>11.9</ele></trkpt>
    <trkpt lat="36.431714" lon="-5.121958"><ele>11.4</ele></trkpt>
    <trkpt lat="36.431624" lon="-5.122275"><ele>11</ele></trkpt>
    <trkpt lat="36.431462" lon="-5.122949"><ele>11</ele></trkpt>
    <trkpt lat="36.431253" lon="-5.123722"><ele>10.7</ele></trkpt>
    <trkpt lat="36.430908" lon="-5.124978"><ele>9.2</ele></trkpt>
    <trkpt lat="36.430724" lon="-5.125657"><ele>8.2</ele></trkpt>
    <trkpt lat="36.430407" lon="-5.126836"><ele>8</ele></trkpt>
    <trkpt lat="36.43018" lon="-5.127677"><ele>9.1</ele></trkpt>
    <trkpt lat="36.429852" lon="-5.128895"><ele>11.4</ele></trkpt>
    <trkpt lat="36.429835" lon="-5.129103"><ele>11.7</ele></trkpt>
    <trkpt lat="36.429875" lon="-5.12921"><ele>11.8</ele></trkpt>
    <trkpt lat="36.429872" lon="-5.129275"><ele>11.9</ele></trkpt>
    <trkpt lat="36.429831" lon="-5.129372"><ele>12.1</ele></trkpt>
    <trkpt lat="36.429778" lon="-5.129416"><ele>12.2</ele></trkpt>
    <trkpt lat="36.429719" lon="-5.12943"><ele>12.3</ele></trkpt>
    <trkpt lat="36.429654" lon="-5.129588"><ele>12.5</ele></trkpt>
    <trkpt lat="36.429197" lon="-5.131371"><ele>13.5</ele></trkpt>
    <trkpt lat="36.429166" lon="-5.131502"><ele>13.5</ele></trkpt>
    <trkpt lat="36.428961" lon="-5.132384"><ele>12.1</ele></trkpt>
    <trkpt lat="36.428965" lon="-5.132531"><ele>11.7</ele></trkpt>
    <trkpt lat="36.428998" lon="-5.13262"><ele>11.4</ele></trkpt>
    <trkpt lat="36.428991" lon="-5.132684"><ele>11.2</ele></trkpt>
    <trkpt lat="36.428916" lon="-5.132773"><ele>10.7</ele></trkpt>
    <trkpt lat="36.428904" lon="-5.132777"><ele>10.7</ele></trkpt>
    <trkpt lat="36.428859" lon="-5.13298"><ele>9.9</ele></trkpt>
    <trkpt lat="36.428683" lon="-5.134263"><ele>5.4</ele></trkpt>
    <trkpt lat="36.428533" lon="-5.135396"><ele>3</ele></trkpt>
    <trkpt lat="36.42842" lon="-5.136241"><ele>2.9</ele></trkpt>
    <trkpt lat="36.428399" lon="-5.136391"><ele>2.9</ele></trkpt>
    <trkpt lat="36.42837" lon="-5.136558"><ele>3</ele></trkpt>
    <trkpt lat="36.428314" lon="-5.13696"><ele>3.4</ele></trkpt>
    <trkpt lat="36.428305" lon="-5.13707"><ele>3.5</ele></trkpt>
    <trkpt lat="36.428292" lon="-5.137279"><ele>3.8</ele></trkpt>
    <trkpt lat="36.428299" lon="-5.137289"><ele>3.8</ele></trkpt>
    <trkpt lat="36.428318" lon="-5.137351"><ele>3.8</ele></trkpt>
    <trkpt lat="36.428309" lon="-5.137416"><ele>3.9</ele></trkpt>
    <trkpt lat="36.428275" lon="-5.137465"><ele>4</ele></trkpt>
    <trkpt lat="36.428196" lon="-5.137622"><ele>4.1</ele></trkpt>
    <trkpt lat="36.428054" lon="-5.138023"><ele>4.4</ele></trkpt>
    <trkpt lat="36.428033" lon="-5.138092"><ele>4.5</ele></trkpt>
    <trkpt lat="36.427948" lon="-5.138405"><ele>4.7</ele></trkpt>
    <trkpt lat="36.427953" lon="-5.138478"><ele>4.7</ele></trkpt>
    <trkpt lat="36.427893" lon="-5.138593"><ele>4.7</ele></trkpt>
    <trkpt lat="36.427821" lon="-5.138617"><ele>4.7</ele></trkpt>
    <trkpt lat="36.427615" lon="-5.138873"><ele>4.7</ele></trkpt>
    <trkpt lat="36.42758" lon="-5.138959"><ele>4.7</ele></trkpt>
    <trkpt lat="36.426951" lon="-5.140383"><ele>3.5</ele></trkpt>
    <trkpt lat="36.426891" lon="-5.140518"><ele>3.5</ele></trkpt>
    <trkpt lat="36.426861" lon="-5.140587"><ele>3.4</ele></trkpt>
    <trkpt lat="36.426797" lon="-5.140732"><ele>3.4</ele></trkpt>
    <trkpt lat="36.426784" lon="-5.140761"><ele>3.4</ele></trkpt>
    <trkpt lat="36.426415" lon="-5.141599"><ele>4</ele></trkpt>
    <trkpt lat="36.426433" lon="-5.141664"><ele>4.1</ele></trkpt>
    <trkpt lat="36.426405" lon="-5.141689"><ele>4.1</ele></trkpt>
    <trkpt lat="36.42638" lon="-5.141683"><ele>4.2</ele></trkpt>
    <trkpt lat="36.426201" lon="-5.142109"><ele>5.1</ele></trkpt>
    <trkpt lat="36.425986" lon="-5.142629"><ele>6.3</ele></trkpt>
    <trkpt lat="36.425977" lon="-5.142655"><ele>6.4</ele></trkpt>
    <trkpt lat="36.425961" lon="-5.142691"><ele>6.4</ele></trkpt>
    <trkpt lat="36.425812" lon="-5.14303"><ele>7.1</ele></trkpt>
    <trkpt lat="36.425563" lon="-5.143596"><ele>7.8</ele></trkpt>
    <trkpt lat="36.425523" lon="-5.143687"><ele>7.8</ele></trkpt>
    <trkpt lat="36.425444" lon="-5.143862"><ele>7.7</ele></trkpt>
    <trkpt lat="36.425273" lon="-5.144227"><ele>7.2</ele></trkpt>
    <trkpt lat="36.425262" lon="-5.144243"><ele>7.2</ele></trkpt>
    <trkpt lat="36.425139" lon="-5.144431"><ele>6.8</ele></trkpt>
    <trkpt lat="36.425094" lon="-5.144485"><ele>6.7</ele></trkpt>
    <trkpt lat="36.425094" lon="-5.144485"><ele>6.7</ele></trkpt>
    <trkpt lat="36.425045" lon="-5.144469"><ele>6.6</ele></trkpt>
    <trkpt lat="36.425045" lon="-5.144469"><ele>6.6</ele></trkpt>
    <trkpt lat="36.425009" lon="-5.1445"><ele>6.5</ele></trkpt>
    <trkpt lat="36.424934" lon="-5.144572"><ele>6.3</ele></trkpt>
    <trkpt lat="36.424881" lon="-5.144631"><ele>6.2</ele></trkpt>
    <trkpt lat="36.424833" lon="-5.144683"><ele>6</ele></trkpt>
    <trkpt lat="36.42481" lon="-5.144708"><ele>6</ele></trkpt>
    <trkpt lat="36.424737" lon="-5.144791"><ele>5.9</ele></trkpt>
    <trkpt lat="36.424508" lon="-5.145069"><ele>5.2</ele></trkpt>
    <trkpt lat="36.424472" lon="-5.145119"><ele>5.2</ele></trkpt>
    <trkpt lat="36.42411" lon="-5.145624"><ele>4.4</ele></trkpt>
    <trkpt lat="36.424023" lon="-5.145746"><ele>4.3</ele></trkpt>
    <trkpt lat="36.423768" lon="-5.146117"><ele>4.1</ele></trkpt>
    <trkpt lat="36.423431" lon="-5.146605"><ele>3.9</ele></trkpt>
    <trkpt lat="36.423243" lon="-5.146877"><ele>3.5</ele></trkpt>
    <trkpt lat="36.423053" lon="-5.147152"><ele>3.1</ele></trkpt>
    <trkpt lat="36.422923" lon="-5.147345"><ele>2.7</ele></trkpt>
    <trkpt lat="36.422923" lon="-5.147345"><ele>2.6</ele></trkpt>
    <trkpt lat="36.422923" lon="-5.147345"><ele>2.6</ele></trkpt>
    <trkpt lat="36.422807" lon="-5.147446"><ele>2.5</ele></trkpt>
    <trkpt lat="36.422807" lon="-5.147446"><ele>2.5</ele></trkpt>
    <trkpt lat="36.422762" lon="-5.147588"><ele>2.4</ele></trkpt>
    <trkpt lat="36.422762" lon="-5.147588"><ele>2.4</ele></trkpt>
    <trkpt lat="36.42249" lon="-5.147531"><ele>2.1</ele></trkpt>
    <trkpt lat="36.422319" lon="-5.14779"><ele>1.7</ele></trkpt>
    <trkpt lat="36.421881" lon="-5.148324"><ele>1.3</ele></trkpt>
    <trkpt lat="36.420731" lon="-5.149725"><ele>1.9</ele></trkpt>
    <trkpt lat="36.419918" lon="-5.150716"><ele>2.9</ele></trkpt>
    <trkpt lat="36.419679" lon="-5.151007"><ele>3.3</ele></trkpt>
    <trkpt lat="36.41979" lon="-5.151148"><ele>3.5</ele></trkpt>
    <trkpt lat="36.419512" lon="-5.151475"><ele>3.9</ele></trkpt>
    <trkpt lat="36.419396" lon="-5.151608"><ele>4.1</ele></trkpt>
    <trkpt lat="36.419303" lon="-5.151716"><ele>4.2</ele></trkpt>
    <trkpt lat="36.419269" lon="-5.151758"><ele>4.3</ele></trkpt>
    <trkpt lat="36.41908" lon="-5.152046"><ele>4.6</ele></trkpt>
    <trkpt lat="36.41892" lon="-5.152291"><ele>4.7</ele></trkpt>
    <trkpt lat="36.41857" lon="-5.152994"><ele>5.1</ele></trkpt>
    <trkpt lat="36.418126" lon="-5.153884"><ele>7</ele></trkpt>
    <trkpt lat="36.418196" lon="-5.153986"><ele>7.3</ele></trkpt>
    <trkpt lat="36.418181" lon="-5.154167"><ele>7.8</ele></trkpt>
    <trkpt lat="36.418148" lon="-5.154153"><ele>7.8</ele></trkpt>
    <trkpt lat="36.41809" lon="-5.154194"><ele>8</ele></trkpt>
    <trkpt lat="36.417953" lon="-5.154455"><ele>8.7</ele></trkpt>
    <trkpt lat="36.417888" lon="-5.154655"><ele>9.2</ele></trkpt>
    <trkpt lat="36.417879" lon="-5.154685"><ele>9.3</ele></trkpt>
    <trkpt lat="36.417786" lon="-5.155151"><ele>10.2</ele></trkpt>
    <trkpt lat="36.417735" lon="-5.155686"><ele>10.4</ele></trkpt>
    <trkpt lat="36.417707" lon="-5.155912"><ele>10.3</ele></trkpt>
    <trkpt lat="36.41765" lon="-5.156271"><ele>9.9</ele></trkpt>
    <trkpt lat="36.417486" lon="-5.15695"><ele>9.2</ele></trkpt>
    <trkpt lat="36.417311" lon="-5.157483"><ele>9</ele></trkpt>
    <trkpt lat="36.417258" lon="-5.157633"><ele>9.1</ele></trkpt>
    <trkpt lat="36.417193" lon="-5.157834"><ele>9.2</ele></trkpt>
    <trkpt lat="36.417155" lon="-5.15807"><ele>9.4</ele></trkpt>
    <trkpt lat="36.417168" lon="-5.158111"><ele>9.5</ele></trkpt>
    <trkpt lat="36.417222" lon="-5.158158"><ele>9.6</ele></trkpt>
    <trkpt lat="36.417411" lon="-5.158293"><ele>10</ele></trkpt>
    <trkpt lat="36.417489" lon="-5.158314"><ele>10.1</ele></trkpt>
    <trkpt lat="36.417549" lon="-5.15838"><ele>10.3</ele></trkpt>
    <trkpt lat="36.417709" lon="-5.158409"><ele>10.8</ele></trkpt>
    <trkpt lat="36.419539" lon="-5.15815"><ele>16.4</ele></trkpt>
    <trkpt lat="36.419633" lon="-5.158119"><ele>16.8</ele></trkpt>
    <trkpt lat="36.419657" lon="-5.158055"><ele>17.1</ele></trkpt>
    <trkpt lat="36.419749" lon="-5.157977"><ele>17.6</ele></trkpt>
    <trkpt lat="36.41986" lon="-5.157997"><ele>18.2</ele></trkpt>
    <trkpt lat="36.419928" lon="-5.158096"><ele>18.7</ele></trkpt>
    <trkpt lat="36.42" lon="-5.158084"><ele>19.1</ele></trkpt>
    <trkpt lat="36.420232" lon="-5.158018"><ele>20.5</ele></trkpt>
    <trkpt lat="36.420471" lon="-5.157878"><ele>22</ele></trkpt>
    <trkpt lat="36.420788" lon="-5.157547"><ele>24.3</ele></trkpt>
    <trkpt lat="36.420977" lon="-5.157327"><ele>25.5</ele></trkpt>
    <trkpt lat="36.421283" lon="-5.157041"><ele>26.9</ele></trkpt>
    <trkpt lat="36.421515" lon="-5.156898"><ele>27.6</ele></trkpt>
    <trkpt lat="36.421706" lon="-5.156827"><ele>27.8</ele></trkpt>
    <trkpt lat="36.422076" lon="-5.156796"><ele>27.9</ele></trkpt>
    <trkpt lat="36.42227" lon="-5.156797"><ele>27.7</ele></trkpt>
    <trkpt lat="36.422357" lon="-5.156797"><ele>27.6</ele></trkpt>
    <trkpt lat="36.423075" lon="-5.156785"><ele>26.9</ele></trkpt>
    <trkpt lat="36.42321" lon="-5.156765"><ele>26.8</ele></trkpt>
    <trkpt lat="36.423249" lon="-5.15671"><ele>26.8</ele></trkpt>
    <trkpt lat="36.423333" lon="-5.15668"><ele>26.8</ele></trkpt>
    <trkpt lat="36.423433" lon="-5.156751"><ele>26.8</ele></trkpt>
    <trkpt lat="36.423447" lon="-5.156783"><ele>26.8</ele></trkpt>
    <trkpt lat="36.423586" lon="-5.156784"><ele>26.8</ele></trkpt>
    <trkpt lat="36.424237" lon="-5.156781"><ele>27.4</ele></trkpt>
    <trkpt lat="36.425068" lon="-5.156777"><ele>27.4</ele></trkpt>
    <trkpt lat="36.425504" lon="-5.15677"><ele>26.9</ele></trkpt>
    <trkpt lat="36.425957" lon="-5.156796"><ele>25.8</ele></trkpt>
    <trkpt lat="36.426186" lon="-5.15684"><ele>24.8</ele></trkpt>
    <trkpt lat="36.426273" lon="-5.156849"><ele>24.3</ele></trkpt>
    <trkpt lat="36.426371" lon="-5.156756"><ele>23.6</ele></trkpt>
    <trkpt lat="36.426455" lon="-5.156761"><ele>23.2</ele></trkpt>
    <trkpt lat="36.426526" lon="-5.156823"><ele>22.6</ele></trkpt>
    <trkpt lat="36.426558" lon="-5.156923"><ele>22.1</ele></trkpt>
    <trkpt lat="36.426682" lon="-5.156965"><ele>21.3</ele></trkpt>
    <trkpt lat="36.426882" lon="-5.156992"><ele>20</ele></trkpt>
    <trkpt lat="36.427167" lon="-5.156983"><ele>18.2</ele></trkpt>
    <trkpt lat="36.427533" lon="-5.156893"><ele>16</ele></trkpt>
    <trkpt lat="36.42767" lon="-5.156826"><ele>15.2</ele></trkpt>
    <trkpt lat="36.427818" lon="-5.15669"><ele>14.3</ele></trkpt>
    <trkpt lat="36.428074" lon="-5.156331"><ele>12.8</ele></trkpt>
    <trkpt lat="36.428167" lon="-5.156135"><ele>12.3</ele></trkpt>
    <trkpt lat="36.428158" lon="-5.156072"><ele>12.2</ele></trkpt>
    <trkpt lat="36.428176" lon="-5.155905"><ele>12</ele></trkpt>
    <trkpt lat="36.428206" lon="-5.155829"><ele>11.9</ele></trkpt>
    <trkpt lat="36.428206" lon="-5.155829"><ele>11.9</ele></trkpt>
    <trkpt lat="36.428206" lon="-5.155829"><ele>11.9</ele></trkpt>
    <trkpt lat="36.428224" lon="-5.155851"><ele>11.9</ele></trkpt>
    <trkpt lat="36.428276" lon="-5.155777"><ele>11.8</ele></trkpt>
    <trkpt lat="36.428367" lon="-5.155711"><ele>11.8</ele></trkpt>
    <trkpt lat="36.428487" lon="-5.155666"><ele>11.9</ele></trkpt>
    <trkpt lat="36.428591" lon="-5.155644"><ele>11.9</ele></trkpt>
    <trkpt lat="36.42865" lon="-5.155603"><ele>12</ele></trkpt>
    <trkpt lat="36.428707" lon="-5.155544"><ele>12.1</ele></trkpt>
    <trkpt lat="36.4288" lon="-5.155412"><ele>12.3</ele></trkpt>
    <trkpt lat="36.428904" lon="-5.155244"><ele>12.5</ele></trkpt>
    <trkpt lat="36.428961" lon="-5.155125"><ele>12.7</ele></trkpt>
    <trkpt lat="36.429004" lon="-5.155025"><ele>12.9</ele></trkpt>
    <trkpt lat="36.429045" lon="-5.154914"><ele>13</ele></trkpt>
    <trkpt lat="36.429113" lon="-5.154674"><ele>13.3</ele></trkpt>
    <trkpt lat="36.429111" lon="-5.154673"><ele>13.3</ele></trkpt>
    <trkpt lat="36.429111" lon="-5.154673"><ele>13.3</ele></trkpt>
    <trkpt lat="36.429231" lon="-5.153728"><ele>14.7</ele></trkpt>
    <trkpt lat="36.429231" lon="-5.153728"><ele>14.7</ele></trkpt>
    <trkpt lat="36.42932" lon="-5.15274"><ele>16.8</ele></trkpt>
    <trkpt lat="36.42932" lon="-5.15274"><ele>16.9</ele></trkpt>
    <trkpt lat="36.42932" lon="-5.15274"><ele>16.9</ele></trkpt>
    <trkpt lat="36.42907" lon="-5.151738"><ele>19.8</ele></trkpt>
    <trkpt lat="36.42882" lon="-5.150736"><ele>22.2</ele></trkpt>
    <trkpt lat="36.428834" lon="-5.150421"><ele>22.6</ele></trkpt>
    <trkpt lat="36.428932" lon="-5.150194"><ele>22.9</ele></trkpt>
    <trkpt lat="36.429273" lon="-5.149551"><ele>23.1</ele></trkpt>
    <trkpt lat="36.429419" lon="-5.149347"><ele>22.8</ele></trkpt>
    <trkpt lat="36.429419" lon="-5.149347"><ele>22.7</ele></trkpt>
    <trkpt lat="36.429419" lon="-5.149347"><ele>22.7</ele></trkpt>
    <trkpt lat="36.429519" lon="-5.149363"><ele>22.6</ele></trkpt>
    <trkpt lat="36.429519" lon="-5.149363"><ele>22.6</ele></trkpt>
    <trkpt lat="36.429545" lon="-5.149255"><ele>22.4</ele></trkpt>
    <trkpt lat="36.429766" lon="-5.149196"><ele>21.8</ele></trkpt>
    <trkpt lat="36.429983" lon="-5.149145"><ele>21.5</ele></trkpt>
    <trkpt lat="36.430158" lon="-5.149104"><ele>21.4</ele></trkpt>
    <trkpt lat="36.430309" lon="-5.149006"><ele>21.4</ele></trkpt>
    <trkpt lat="36.430392" lon="-5.148911"><ele>21.5</ele></trkpt>
    <trkpt lat="36.430393" lon="-5.148863"><ele>21.5</ele></trkpt>
    <trkpt lat="36.430422" lon="-5.148774"><ele>21.5</ele></trkpt>
    <trkpt lat="36.430481" lon="-5.148714"><ele>21.6</ele></trkpt>
    <trkpt lat="36.430591" lon="-5.148704"><ele>21.7</ele></trkpt>
    <trkpt lat="36.430667" lon="-5.148654"><ele>21.8</ele></trkpt>
    <trkpt lat="36.430748" lon="-5.148581"><ele>21.9</ele></trkpt>
    <trkpt lat="36.430914" lon="-5.148288"><ele>22.4</ele></trkpt>
    <trkpt lat="36.430931" lon="-5.148257"><ele>22.5</ele></trkpt>
    <trkpt lat="36.431142" lon="-5.147788"><ele>24.4</ele></trkpt>
    <trkpt lat="36.431304" lon="-5.146874"><ele>29.4</ele></trkpt>
    <trkpt lat="36.431304" lon="-5.146874"><ele>29.5</ele></trkpt>
    <trkpt lat="36.431304" lon="-5.146874"><ele>29.5</ele></trkpt>
    <trkpt lat="36.431381" lon="-5.146657"><ele>30.5</ele></trkpt>
    <trkpt lat="36.431381" lon="-5.146657"><ele>30.7</ele></trkpt>
    <trkpt lat="36.431381" lon="-5.146657"><ele>30.7</ele></trkpt>
    <trkpt lat="36.43185" lon="-5.14667"><ele>33.5</ele></trkpt>
    <trkpt lat="36.43185" lon="-5.14667"><ele>33.5</ele></trkpt>
    <trkpt lat="36.432096" lon="-5.146632"><ele>34.9</ele></trkpt>
    <trkpt lat="36.432389" lon="-5.146654"><ele>36.7</ele></trkpt>
    <trkpt lat="36.432449" lon="-5.146658"><ele>37.2</ele></trkpt>
    <trkpt lat="36.43344" lon="-5.146799"><ele>41</ele></trkpt>
    <trkpt lat="36.433749" lon="-5.146874"><ele>41.8</ele></trkpt>
    <trkpt lat="36.434048" lon="-5.146931"><ele>42.5</ele></trkpt>
    <trkpt lat="36.434331" lon="-5.146979"><ele>43.1</ele></trkpt>
    <trkpt lat="36.434353" lon="-5.146914"><ele>43.2</ele></trkpt>
    <trkpt lat="36.434402" lon="-5.146876"><ele>43.3</ele></trkpt>
    <trkpt lat="36.434459" lon="-5.146878"><ele>43.4</ele></trkpt>
    <trkpt lat="36.434507" lon="-5.146925"><ele>43.6</ele></trkpt>
    <trkpt lat="36.434518" lon="-5.147028"><ele>43.8</ele></trkpt>
    <trkpt lat="36.434894" lon="-5.147115"><ele>44.9</ele></trkpt>
    <trkpt lat="36.43539" lon="-5.147317"><ele>47.2</ele></trkpt>
    <trkpt lat="36.435984" lon="-5.147666"><ele>51.6</ele></trkpt>
    <trkpt lat="36.43616" lon="-5.147759"><ele>53.4</ele></trkpt>
    <trkpt lat="36.436206" lon="-5.147783"><ele>53.9</ele></trkpt>
    <trkpt lat="36.436583" lon="-5.147923"><ele>58.4</ele></trkpt>
    <trkpt lat="36.437283" lon="-5.148093"><ele>68.1</ele></trkpt>
    <trkpt lat="36.437854" lon="-5.148157"><ele>76.3</ele></trkpt>
    <trkpt lat="36.438032" lon="-5.14821"><ele>78.8</ele></trkpt>
    <trkpt lat="36.438588" lon="-5.148439"><ele>85.9</ele></trkpt>
    <trkpt lat="36.438681" lon="-5.148511"><ele>87</ele></trkpt>
    <trkpt lat="36.439224" lon="-5.149386"><ele>94.2</ele></trkpt>
    <trkpt lat="36.439441" lon="-5.149627"><ele>96.2</ele></trkpt>
    <trkpt lat="36.439677" lon="-5.149874"><ele>98.4</ele></trkpt>
    <trkpt lat="36.440014" lon="-5.150226"><ele>101.2</ele></trkpt>
    <trkpt lat="36.440156" lon="-5.150341"><ele>102.3</ele></trkpt>
    <trkpt lat="36.44039" lon="-5.150485"><ele>104.1</ele></trkpt>
    <trkpt lat="36.440584" lon="-5.150541"><ele>105.6</ele></trkpt>
    <trkpt lat="36.440809" lon="-5.150607"><ele>107.2</ele></trkpt>
    <trkpt lat="36.441691" lon="-5.150839"><ele>112.9</ele></trkpt>
    <trkpt lat="36.44183" lon="-5.150833"><ele>113.7</ele></trkpt>
    <trkpt lat="36.442483" lon="-5.1506"><ele>117.7</ele></trkpt>
    <trkpt lat="36.442675" lon="-5.150574"><ele>118.9</ele></trkpt>
    <trkpt lat="36.443057" lon="-5.150549"><ele>121.3</ele></trkpt>
    <trkpt lat="36.443631" lon="-5.150625"><ele>126.1</ele></trkpt>
    <trkpt lat="36.443778" lon="-5.150678"><ele>127.5</ele></trkpt>
    <trkpt lat="36.443956" lon="-5.150812"><ele>129.6</ele></trkpt>
    <trkpt lat="36.444536" lon="-5.151547"><ele>138.4</ele></trkpt>
    <trkpt lat="36.444661" lon="-5.15176"><ele>140.3</ele></trkpt>
    <trkpt lat="36.44482" lon="-5.151914"><ele>141.9</ele></trkpt>
    <trkpt lat="36.445071" lon="-5.151972"><ele>143.6</ele></trkpt>
    <trkpt lat="36.445403" lon="-5.151974"><ele>145.2</ele></trkpt>
    <trkpt lat="36.445605" lon="-5.152127"><ele>146.2</ele></trkpt>
    <trkpt lat="36.445719" lon="-5.152309"><ele>146.8</ele></trkpt>
    <trkpt lat="36.445864" lon="-5.152641"><ele>147.7</ele></trkpt>
    <trkpt lat="36.445958" lon="-5.152776"><ele>148.3</ele></trkpt>
    <trkpt lat="36.446185" lon="-5.152987"><ele>149.8</ele></trkpt>
    <trkpt lat="36.446328" lon="-5.15312"><ele>151.1</ele></trkpt>
    <trkpt lat="36.446616" lon="-5.153314"><ele>154.1</ele></trkpt>
    <trkpt lat="36.447065" lon="-5.153571"><ele>160.2</ele></trkpt>
    <trkpt lat="36.447382" lon="-5.153668"><ele>165.4</ele></trkpt>
    <trkpt lat="36.447643" lon="-5.153689"><ele>170</ele></trkpt>
    <trkpt lat="36.447961" lon="-5.153806"><ele>175.9</ele></trkpt>
    <trkpt lat="36.448126" lon="-5.153949"><ele>179.4</ele></trkpt>
    <trkpt lat="36.448227" lon="-5.154124"><ele>182.3</ele></trkpt>
    <trkpt lat="36.448312" lon="-5.154324"><ele>185.5</ele></trkpt>
    <trkpt lat="36.448376" lon="-5.154401"><ele>187</ele></trkpt>
    <trkpt lat="36.448442" lon="-5.154417"><ele>188.3</ele></trkpt>
    <trkpt lat="36.448685" lon="-5.154393"><ele>192.9</ele></trkpt>
    <trkpt lat="36.448928" lon="-5.154514"><ele>198.1</ele></trkpt>
    <trkpt lat="36.449045" lon="-5.154638"><ele>201.2</ele></trkpt>
    <trkpt lat="36.449208" lon="-5.154868"><ele>205.9</ele></trkpt>
    <trkpt lat="36.449272" lon="-5.155009"><ele>208.2</ele></trkpt>
    <trkpt lat="36.449417" lon="-5.155432"><ele>214.6</ele></trkpt>
    <trkpt lat="36.449589" lon="-5.155784"><ele>219.4</ele></trkpt>
    <trkpt lat="36.44978" lon="-5.156157"><ele>223.2</ele></trkpt>
    <trkpt lat="36.44995" lon="-5.156383"><ele>224.5</ele></trkpt>
    <trkpt lat="36.450107" lon="-5.156474"><ele>224.9</ele></trkpt>
    <trkpt lat="36.450204" lon="-5.15649"><ele>225.2</ele></trkpt>
    <trkpt lat="36.450279" lon="-5.156478"><ele>225.3</ele></trkpt>
    <trkpt lat="36.450363" lon="-5.156402"><ele>225.6</ele></trkpt>
    <trkpt lat="36.45041" lon="-5.156297"><ele>225.9</ele></trkpt>
    <trkpt lat="36.450422" lon="-5.15619"><ele>226.1</ele></trkpt>
    <trkpt lat="36.450412" lon="-5.15589"><ele>226.7</ele></trkpt>
    <trkpt lat="36.450435" lon="-5.155827"><ele>226.8</ele></trkpt>
    <trkpt lat="36.450487" lon="-5.155785"><ele>227</ele></trkpt>
    <trkpt lat="36.450577" lon="-5.155809"><ele>227.2</ele></trkpt>
    <trkpt lat="36.450606" lon="-5.155852"><ele>227.4</ele></trkpt>
    <trkpt lat="36.450689" lon="-5.156098"><ele>228.1</ele></trkpt>
    <trkpt lat="36.450819" lon="-5.156344"><ele>229.1</ele></trkpt>
    <trkpt lat="36.451178" lon="-5.156776"><ele>232.3</ele></trkpt>
    <trkpt lat="36.451234" lon="-5.156895"><ele>233.2</ele></trkpt>
    <trkpt lat="36.451392" lon="-5.157469"><ele>236.5</ele></trkpt>
    <trkpt lat="36.45154" lon="-5.157751"><ele>237.4</ele></trkpt>
    <trkpt lat="36.451739" lon="-5.157991"><ele>238</ele></trkpt>
    <trkpt lat="36.45188" lon="-5.158152"><ele>238.2</ele></trkpt>
    <trkpt lat="36.45207" lon="-5.158291"><ele>238.3</ele></trkpt>
    <trkpt lat="36.453002" lon="-5.15889"><ele>241.7</ele></trkpt>
    <trkpt lat="36.453273" lon="-5.159096"><ele>244.6</ele></trkpt>
    <trkpt lat="36.453535" lon="-5.159426"><ele>248.2</ele></trkpt>
    <trkpt lat="36.453634" lon="-5.159616"><ele>250</ele></trkpt>
    <trkpt lat="36.453814" lon="-5.15991"><ele>253.2</ele></trkpt>
    <trkpt lat="36.453907" lon="-5.159985"><ele>254.5</ele></trkpt>
    <trkpt lat="36.454008" lon="-5.160022"><ele>255.6</ele></trkpt>
    <trkpt lat="36.454105" lon="-5.160042"><ele>256.6</ele></trkpt>
    <trkpt lat="36.454516" lon="-5.159914"><ele>260.8</ele></trkpt>
    <trkpt lat="36.454628" lon="-5.159919"><ele>261.8</ele></trkpt>
    <trkpt lat="36.455355" lon="-5.160091"><ele>266.5</ele></trkpt>
    <trkpt lat="36.455659" lon="-5.160291"><ele>268</ele></trkpt>
    <trkpt lat="36.455786" lon="-5.160292"><ele>268.5</ele></trkpt>
    <trkpt lat="36.455921" lon="-5.16023"><ele>269.1</ele></trkpt>
    <trkpt lat="36.45616" lon="-5.15995"><ele>270.1</ele></trkpt>
    <trkpt lat="36.456377" lon="-5.159849"><ele>270.6</ele></trkpt>
    <trkpt lat="36.456594" lon="-5.1598"><ele>270.9</ele></trkpt>
    <trkpt lat="36.456894" lon="-5.15979"><ele>271.3</ele></trkpt>
    <trkpt lat="36.457101" lon="-5.159951"><ele>271.5</ele></trkpt>
    <trkpt lat="36.457529" lon="-5.160442"><ele>272</ele></trkpt>
    <trkpt lat="36.458649" lon="-5.160889"><ele>275.7</ele></trkpt>
    <trkpt lat="36.458734" lon="-5.160955"><ele>276.1</ele></trkpt>
    <trkpt lat="36.458984" lon="-5.16115"><ele>277.5</ele></trkpt>
    <trkpt lat="36.459457" lon="-5.161137"><ele>278.9</ele></trkpt>
    <trkpt lat="36.459731" lon="-5.161221"><ele>279</ele></trkpt>
    <trkpt lat="36.459995" lon="-5.161355"><ele>278.6</ele></trkpt>
    <trkpt lat="36.460271" lon="-5.161324"><ele>277.5</ele></trkpt>
    <trkpt lat="36.460562" lon="-5.161355"><ele>276.4</ele></trkpt>
    <trkpt lat="36.460951" lon="-5.16194"><ele>273.8</ele></trkpt>
    <trkpt lat="36.461452" lon="-5.162207"><ele>272.5</ele></trkpt>
    <trkpt lat="36.461604" lon="-5.162437"><ele>272.6</ele></trkpt>
    <trkpt lat="36.461644" lon="-5.162782"><ele>273.3</ele></trkpt>
    <trkpt lat="36.461585" lon="-5.163108"><ele>274.5</ele></trkpt>
    <trkpt lat="36.46163" lon="-5.163448"><ele>275.6</ele></trkpt>
    <trkpt lat="36.461793" lon="-5.163894"><ele>277.3</ele></trkpt>
    <trkpt lat="36.461964" lon="-5.164153"><ele>278.5</ele></trkpt>
    <trkpt lat="36.46229" lon="-5.164438"><ele>280.5</ele></trkpt>
    <trkpt lat="36.462455" lon="-5.164751"><ele>281.8</ele></trkpt>
    <trkpt lat="36.463032" lon="-5.165342"><ele>284.7</ele></trkpt>
    <trkpt lat="36.46411" lon="-5.166333"><ele>286.6</ele></trkpt>
    <trkpt lat="36.46439" lon="-5.166404"><ele>286.8</ele></trkpt>
    <trkpt lat="36.464854" lon="-5.166447"><ele>287.3</ele></trkpt>
    <trkpt lat="36.464968" lon="-5.166525"><ele>287.5</ele></trkpt>
    <trkpt lat="36.465035" lon="-5.166596"><ele>287.7</ele></trkpt>
    <trkpt lat="36.465138" lon="-5.16678"><ele>288.1</ele></trkpt>
    <trkpt lat="36.465181" lon="-5.167137"><ele>289.3</ele></trkpt>
    <trkpt lat="36.465233" lon="-5.167342"><ele>290.3</ele></trkpt>
    <trkpt lat="36.465319" lon="-5.167532"><ele>291.6</ele></trkpt>
    <trkpt lat="36.46565" lon="-5.167884"><ele>295.3</ele></trkpt>
    <trkpt lat="36.465792" lon="-5.168011"><ele>296.8</ele></trkpt>
    <trkpt lat="36.466265" lon="-5.168104"><ele>302.1</ele></trkpt>
    <trkpt lat="36.466755" lon="-5.168557"><ele>308.5</ele></trkpt>
    <trkpt lat="36.467163" lon="-5.168654"><ele>312</ele></trkpt>
    <trkpt lat="36.467295" lon="-5.168726"><ele>313.1</ele></trkpt>
    <trkpt lat="36.467477" lon="-5.168997"><ele>315.2</ele></trkpt>
    <trkpt lat="36.46756" lon="-5.169121"><ele>316.1</ele></trkpt>
    <trkpt lat="36.467787" lon="-5.16927"><ele>317.6</ele></trkpt>
    <trkpt lat="36.467951" lon="-5.169314"><ele>318.3</ele></trkpt>
    <trkpt lat="36.468106" lon="-5.169276"><ele>318.7</ele></trkpt>
    <trkpt lat="36.468414" lon="-5.16905"><ele>319.5</ele></trkpt>
    <trkpt lat="36.468507" lon="-5.169022"><ele>319.8</ele></trkpt>
    <trkpt lat="36.468592" lon="-5.169052"><ele>320</ele></trkpt>
    <trkpt lat="36.468668" lon="-5.169136"><ele>320.3</ele></trkpt>
    <trkpt lat="36.4687" lon="-5.169257"><ele>320.6</ele></trkpt>
    <trkpt lat="36.468627" lon="-5.169515"><ele>321.3</ele></trkpt>
    <trkpt lat="36.468624" lon="-5.169662"><ele>321.5</ele></trkpt>
    <trkpt lat="36.468724" lon="-5.169821"><ele>321.7</ele></trkpt>
    <trkpt lat="36.468842" lon="-5.169873"><ele>321.8</ele></trkpt>
    <trkpt lat="36.469338" lon="-5.16984"><ele>321.5</ele></trkpt>
    <trkpt lat="36.469526" lon="-5.169937"><ele>321.3</ele></trkpt>
    <trkpt lat="36.469867" lon="-5.170432"><ele>320.2</ele></trkpt>
    <trkpt lat="36.470468" lon="-5.170879"><ele>318</ele></trkpt>
    <trkpt lat="36.470642" lon="-5.17143"><ele>317.5</ele></trkpt>
    <trkpt lat="36.471115" lon="-5.171785"><ele>319.1</ele></trkpt>
    <trkpt lat="36.471209" lon="-5.171939"><ele>319.8</ele></trkpt>
    <trkpt lat="36.471266" lon="-5.172115"><ele>320.6</ele></trkpt>
    <trkpt lat="36.471282" lon="-5.172334"><ele>321.5</ele></trkpt>
    <trkpt lat="36.47125" lon="-5.172504"><ele>322.3</ele></trkpt>
    <trkpt lat="36.471177" lon="-5.172618"><ele>322.8</ele></trkpt>
    <trkpt lat="36.471027" lon="-5.172686"><ele>323.6</ele></trkpt>
    <trkpt lat="36.470543" lon="-5.17258"><ele>326.9</ele></trkpt>
    <trkpt lat="36.470074" lon="-5.172362"><ele>330.3</ele></trkpt>
    <trkpt lat="36.469956" lon="-5.17244"><ele>331.2</ele></trkpt>
    <trkpt lat="36.469929" lon="-5.172583"><ele>332.2</ele></trkpt>
    <trkpt lat="36.470035" lon="-5.172727"><ele>333.6</ele></trkpt>
    <trkpt lat="36.470376" lon="-5.172807"><ele>337.3</ele></trkpt>
    <trkpt lat="36.47093" lon="-5.173166"><ele>347.1</ele></trkpt>
    <trkpt lat="36.471102" lon="-5.173422"><ele>352.1</ele></trkpt>
    <trkpt lat="36.471334" lon="-5.173976"><ele>361.7</ele></trkpt>
    <trkpt lat="36.471631" lon="-5.174272"><ele>368.8</ele></trkpt>
    <trkpt lat="36.471704" lon="-5.17443"><ele>371.3</ele></trkpt>
    <trkpt lat="36.471778" lon="-5.174932"><ele>377.8</ele></trkpt>
    <trkpt lat="36.471827" lon="-5.175083"><ele>379.7</ele></trkpt>
    <trkpt lat="36.471993" lon="-5.175348"><ele>383.3</ele></trkpt>
    <trkpt lat="36.472116" lon="-5.17546"><ele>385.2</ele></trkpt>
    <trkpt lat="36.472418" lon="-5.175544"><ele>388.7</ele></trkpt>
    <trkpt lat="36.472552" lon="-5.175614"><ele>390.4</ele></trkpt>
    <trkpt lat="36.473042" lon="-5.176049"><ele>396.7</ele></trkpt>
    <trkpt lat="36.473427" lon="-5.176314"><ele>401.4</ele></trkpt>
    <trkpt lat="36.473857" lon="-5.176684"><ele>407.6</ele></trkpt>
    <trkpt lat="36.473999" lon="-5.176871"><ele>410.5</ele></trkpt>
    <trkpt lat="36.474513" lon="-5.177169"><ele>419.3</ele></trkpt>
    <trkpt lat="36.474632" lon="-5.177333"><ele>422.1</ele></trkpt>
    <trkpt lat="36.474676" lon="-5.177492"><ele>424.1</ele></trkpt>
    <trkpt lat="36.47468" lon="-5.177619"><ele>425.5</ele></trkpt>
    <trkpt lat="36.474549" lon="-5.178069"><ele>429.8</ele></trkpt>
    <trkpt lat="36.474575" lon="-5.178165"><ele>430.5</ele></trkpt>
    <trkpt lat="36.474853" lon="-5.178488"><ele>433.4</ele></trkpt>
    <trkpt lat="36.474942" lon="-5.178525"><ele>434</ele></trkpt>
    <trkpt lat="36.475183" lon="-5.178505"><ele>435.2</ele></trkpt>
    <trkpt lat="36.475429" lon="-5.178528"><ele>436.1</ele></trkpt>
    <trkpt lat="36.47552" lon="-5.178491"><ele>436.3</ele></trkpt>
    <trkpt lat="36.475628" lon="-5.178363"><ele>436.6</ele></trkpt>
    <trkpt lat="36.475726" lon="-5.178323"><ele>436.8</ele></trkpt>
    <trkpt lat="36.475816" lon="-5.17834"><ele>437</ele></trkpt>
    <trkpt lat="36.476281" lon="-5.178753"><ele>438.8</ele></trkpt>
    <trkpt lat="36.476792" lon="-5.179134"><ele>443.3</ele></trkpt>
    <trkpt lat="36.478162" lon="-5.179802"><ele>457.5</ele></trkpt>
    <trkpt lat="36.478311" lon="-5.17998"><ele>459.3</ele></trkpt>
    <trkpt lat="36.478581" lon="-5.180527"><ele>462.9</ele></trkpt>
    <trkpt lat="36.47873" lon="-5.180688"><ele>463.9</ele></trkpt>
    <trkpt lat="36.478884" lon="-5.180721"><ele>464.8</ele></trkpt>
    <trkpt lat="36.478988" lon="-5.180674"><ele>465.5</ele></trkpt>
    <trkpt lat="36.479003" lon="-5.180446"><ele>466.6</ele></trkpt>
    <trkpt lat="36.478965" lon="-5.180208"><ele>467.8</ele></trkpt>
    <trkpt lat="36.479024" lon="-5.180019"><ele>468.7</ele></trkpt>
    <trkpt lat="36.479157" lon="-5.179918"><ele>469.5</ele></trkpt>
    <trkpt lat="36.47937" lon="-5.179986"><ele>470.5</ele></trkpt>
    <trkpt lat="36.479673" lon="-5.180189"><ele>471.8</ele></trkpt>
    <trkpt lat="36.479964" lon="-5.180255"><ele>472.8</ele></trkpt>
    <trkpt lat="36.480164" lon="-5.180118"><ele>473.5</ele></trkpt>
    <trkpt lat="36.480287" lon="-5.179889"><ele>474.3</ele></trkpt>
    <trkpt lat="36.4803" lon="-5.179549"><ele>475</ele></trkpt>
    <trkpt lat="36.480278" lon="-5.179243"><ele>475.5</ele></trkpt>
    <trkpt lat="36.480233" lon="-5.178966"><ele>475.9</ele></trkpt>
    <trkpt lat="36.480154" lon="-5.178694"><ele>476.5</ele></trkpt>
    <trkpt lat="36.480138" lon="-5.178472"><ele>477.2</ele></trkpt>
    <trkpt lat="36.480238" lon="-5.178292"><ele>478.3</ele></trkpt>
    <trkpt lat="36.480442" lon="-5.178266"><ele>480</ele></trkpt>
    <trkpt lat="36.4806" lon="-5.178335"><ele>481.9</ele></trkpt>
    <trkpt lat="36.480735" lon="-5.178508"><ele>484.5</ele></trkpt>
    <trkpt lat="36.480818" lon="-5.178963"><ele>490.5</ele></trkpt>
    <trkpt lat="36.480891" lon="-5.179143"><ele>493.4</ele></trkpt>
    <trkpt lat="36.481105" lon="-5.1794"><ele>498.5</ele></trkpt>
    <trkpt lat="36.481774" lon="-5.17976"><ele>507</ele></trkpt>
    <trkpt lat="36.48193" lon="-5.179749"><ele>508.2</ele></trkpt>
    <trkpt lat="36.48199" lon="-5.179587"><ele>509.2</ele></trkpt>
    <trkpt lat="36.481897" lon="-5.179209"><ele>510.9</ele></trkpt>
    <trkpt lat="36.481882" lon="-5.179023"><ele>511.5</ele></trkpt>
    <trkpt lat="36.481861" lon="-5.178753"><ele>512.2</ele></trkpt>
    <trkpt lat="36.482007" lon="-5.177176"><ele>519.4</ele></trkpt>
    <trkpt lat="36.48214" lon="-5.176598"><ele>524.1</ele></trkpt>
    <trkpt lat="36.482347" lon="-5.176148"><ele>527.9</ele></trkpt>
    <trkpt lat="36.48269" lon="-5.175708"><ele>531.5</ele></trkpt>
    <trkpt lat="36.482773" lon="-5.175345"><ele>532.9</ele></trkpt>
    <trkpt lat="36.482625" lon="-5.174852"><ele>533.8</ele></trkpt>
    <trkpt lat="36.482455" lon="-5.174543"><ele>533.9</ele></trkpt>
    <trkpt lat="36.482139" lon="-5.173875"><ele>534.9</ele></trkpt>
    <trkpt lat="36.482129" lon="-5.173638"><ele>535.6</ele></trkpt>
    <trkpt lat="36.482201" lon="-5.173462"><ele>536.5</ele></trkpt>
    <trkpt lat="36.482352" lon="-5.173395"><ele>537.5</ele></trkpt>
    <trkpt lat="36.482512" lon="-5.173417"><ele>538.8</ele></trkpt>
    <trkpt lat="36.482909" lon="-5.173629"><ele>543.5</ele></trkpt>
    <trkpt lat="36.483281" lon="-5.174047"><ele>551.1</ele></trkpt>
    <trkpt lat="36.483527" lon="-5.174477"><ele>558.4</ele></trkpt>
    <trkpt lat="36.484464" lon="-5.17577"><ele>581</ele></trkpt>
    <trkpt lat="36.485026" lon="-5.176423"><ele>588</ele></trkpt>
    <trkpt lat="36.485147" lon="-5.176391"><ele>588.6</ele></trkpt>
    <trkpt lat="36.485204" lon="-5.176318"><ele>589</ele></trkpt>
    <trkpt lat="36.48529" lon="-5.175646"><ele>590.5</ele></trkpt>
    <trkpt lat="36.485374" lon="-5.175277"><ele>590.9</ele></trkpt>
    <trkpt lat="36.485665" lon="-5.174267"><ele>591</ele></trkpt>
    <trkpt lat="36.485725" lon="-5.173822"><ele>590.6</ele></trkpt>
    <trkpt lat="36.485682" lon="-5.173575"><ele>590.4</ele></trkpt>
    <trkpt lat="36.485377" lon="-5.173019"><ele>591</ele></trkpt>
    <trkpt lat="36.485315" lon="-5.172838"><ele>591.5</ele></trkpt>
    <trkpt lat="36.4853" lon="-5.172637"><ele>592.2</ele></trkpt>
    <trkpt lat="36.485386" lon="-5.17252"><ele>592.8</ele></trkpt>
    <trkpt lat="36.485487" lon="-5.172451"><ele>593.4</ele></trkpt>
    <trkpt lat="36.485648" lon="-5.172522"><ele>594.5</ele></trkpt>
    <trkpt lat="36.485744" lon="-5.172716"><ele>595.9</ele></trkpt>
    <trkpt lat="36.485868" lon="-5.173243"><ele>599.9</ele></trkpt>
    <trkpt lat="36.486163" lon="-5.173871"><ele>606.1</ele></trkpt>
    <trkpt lat="36.486174" lon="-5.174254"><ele>608.7</ele></trkpt>
    <trkpt lat="36.486138" lon="-5.174711"><ele>611.1</ele></trkpt>
    <trkpt lat="36.486065" lon="-5.175713"><ele>615.4</ele></trkpt>
    <trkpt lat="36.486199" lon="-5.176859"><ele>622.4</ele></trkpt>
    <trkpt lat="36.486191" lon="-5.177307"><ele>626.1</ele></trkpt>
    <trkpt lat="36.486146" lon="-5.177828"><ele>630.4</ele></trkpt>
    <trkpt lat="36.486146" lon="-5.17812"><ele>632.7</ele></trkpt>
    <trkpt lat="36.486193" lon="-5.178452"><ele>635.5</ele></trkpt>
    <trkpt lat="36.486319" lon="-5.178795"><ele>638.9</ele></trkpt>
    <trkpt lat="36.486502" lon="-5.179195"><ele>643</ele></trkpt>
    <trkpt lat="36.486781" lon="-5.179637"><ele>648.1</ele></trkpt>
    <trkpt lat="36.487125" lon="-5.180012"><ele>653.2</ele></trkpt>
    <trkpt lat="36.487344" lon="-5.180058"><ele>655.8</ele></trkpt>
    <trkpt lat="36.487524" lon="-5.180049"><ele>657.8</ele></trkpt>
    <trkpt lat="36.488087" lon="-5.179939"><ele>663.8</ele></trkpt>
    <trkpt lat="36.488557" lon="-5.179811"><ele>668.3</ele></trkpt>
    <trkpt lat="36.488737" lon="-5.17981"><ele>670</ele></trkpt>
    <trkpt lat="36.488899" lon="-5.179884"><ele>671.7</ele></trkpt>
    <trkpt lat="36.489233" lon="-5.180483"><ele>677.9</ele></trkpt>
    <trkpt lat="36.489497" lon="-5.180655"><ele>681.7</ele></trkpt>
    <trkpt lat="36.489579" lon="-5.180884"><ele>684.4</ele></trkpt>
    <trkpt lat="36.489612" lon="-5.181141"><ele>687.3</ele></trkpt>
    <trkpt lat="36.489604" lon="-5.181504"><ele>691.4</ele></trkpt>
    <trkpt lat="36.489529" lon="-5.182032"><ele>697.4</ele></trkpt>
    <trkpt lat="36.48954" lon="-5.182831"><ele>706.2</ele></trkpt>
    <trkpt lat="36.489639" lon="-5.183361"><ele>712.6</ele></trkpt>
    <trkpt lat="36.489659" lon="-5.183734"><ele>717.1</ele></trkpt>
    <trkpt lat="36.489498" lon="-5.184497"><ele>726.3</ele></trkpt>
    <trkpt lat="36.489506" lon="-5.184976"><ele>730.4</ele></trkpt>
    <trkpt lat="36.489575" lon="-5.185579"><ele>732.5</ele></trkpt>
    <trkpt lat="36.489649" lon="-5.185802"><ele>732.3</ele></trkpt>
    <trkpt lat="36.489782" lon="-5.185896"><ele>731.8</ele></trkpt>
    <trkpt lat="36.489896" lon="-5.185888"><ele>731.2</ele></trkpt>
    <trkpt lat="36.490012" lon="-5.185817"><ele>730.3</ele></trkpt>
    <trkpt lat="36.490228" lon="-5.185255"><ele>725.8</ele></trkpt>
    <trkpt lat="36.490558" lon="-5.184761"><ele>721.7</ele></trkpt>
    <trkpt lat="36.490735" lon="-5.184567"><ele>720.9</ele></trkpt>
    <trkpt lat="36.49092" lon="-5.184492"><ele>720.9</ele></trkpt>
    <trkpt lat="36.491087" lon="-5.184517"><ele>721.4</ele></trkpt>
    <trkpt lat="36.491227" lon="-5.184683"><ele>722.5</ele></trkpt>
    <trkpt lat="36.491371" lon="-5.184968"><ele>724.8</ele></trkpt>
    <trkpt lat="36.491545" lon="-5.185548"><ele>730.6</ele></trkpt>
    <trkpt lat="36.491701" lon="-5.18618"><ele>737.8</ele></trkpt>
    <trkpt lat="36.491847" lon="-5.186464"><ele>741.3</ele></trkpt>
    <trkpt lat="36.492092" lon="-5.186773"><ele>745.5</ele></trkpt>
    <trkpt lat="36.492186" lon="-5.187047"><ele>748</ele></trkpt>
    <trkpt lat="36.49221" lon="-5.187201"><ele>749.1</ele></trkpt>
    <trkpt lat="36.492195" lon="-5.187511"><ele>751.2</ele></trkpt>
    <trkpt lat="36.49227" lon="-5.187659"><ele>752.3</ele></trkpt>
    <trkpt lat="36.492373" lon="-5.187763"><ele>753.2</ele></trkpt>
    <trkpt lat="36.49274" lon="-5.187964"><ele>755.3</ele></trkpt>
    <trkpt lat="36.493116" lon="-5.188095"><ele>756.6</ele></trkpt>
    <trkpt lat="36.493719" lon="-5.18793"><ele>757.6</ele></trkpt>
    <trkpt lat="36.493891" lon="-5.187795"><ele>757.9</ele></trkpt>
    <trkpt lat="36.494154" lon="-5.187504"><ele>758.9</ele></trkpt>
    <trkpt lat="36.494485" lon="-5.187258"><ele>761</ele></trkpt>
    <trkpt lat="36.494898" lon="-5.187111"><ele>764.8</ele></trkpt>
    <trkpt lat="36.495217" lon="-5.187186"><ele>768.5</ele></trkpt>
    <trkpt lat="36.49549" lon="-5.187382"><ele>772.9</ele></trkpt>
    <trkpt lat="36.495843" lon="-5.187743"><ele>779.7</ele></trkpt>
    <trkpt lat="36.496207" lon="-5.187946"><ele>785.5</ele></trkpt>
    <trkpt lat="36.49634" lon="-5.188189"><ele>788.4</ele></trkpt>
    <trkpt lat="36.496403" lon="-5.188375"><ele>790.1</ele></trkpt>
    <trkpt lat="36.496628" lon="-5.18863"><ele>792.8</ele></trkpt>
    <trkpt lat="36.496779" lon="-5.188671"><ele>793.9</ele></trkpt>
    <trkpt lat="36.496922" lon="-5.188647"><ele>794.9</ele></trkpt>
    <trkpt lat="36.497657" lon="-5.188024"><ele>798.9</ele></trkpt>
    <trkpt lat="36.497917" lon="-5.187876"><ele>799.7</ele></trkpt>
    <trkpt lat="36.498141" lon="-5.187802"><ele>800.4</ele></trkpt>
    <trkpt lat="36.498479" lon="-5.187601"><ele>801.5</ele></trkpt>
    <trkpt lat="36.498954" lon="-5.187117"><ele>803.6</ele></trkpt>
    <trkpt lat="36.499351" lon="-5.18653"><ele>805.8</ele></trkpt>
    <trkpt lat="36.499612" lon="-5.186198"><ele>807.6</ele></trkpt>
    <trkpt lat="36.499984" lon="-5.186058"><ele>810.1</ele></trkpt>
    <trkpt lat="36.50063" lon="-5.185625"><ele>818.3</ele></trkpt>
    <trkpt lat="36.500887" lon="-5.1856"><ele>821.9</ele></trkpt>
    <trkpt lat="36.501136" lon="-5.185791"><ele>826.2</ele></trkpt>
    <trkpt lat="36.501521" lon="-5.186152"><ele>833</ele></trkpt>
    <trkpt lat="36.501692" lon="-5.186267"><ele>835.8</ele></trkpt>
    <trkpt lat="36.501873" lon="-5.186207"><ele>838.3</ele></trkpt>
    <trkpt lat="36.50202" lon="-5.186113"><ele>840.4</ele></trkpt>
    <trkpt lat="36.502257" lon="-5.186062"><ele>843.1</ele></trkpt>
    <trkpt lat="36.502465" lon="-5.186091"><ele>845.6</ele></trkpt>
    <trkpt lat="36.503061" lon="-5.186063"><ele>851.9</ele></trkpt>
    <trkpt lat="36.503239" lon="-5.186035"><ele>853.7</ele></trkpt>
    <trkpt lat="36.503432" lon="-5.18604"><ele>855.6</ele></trkpt>
    <trkpt lat="36.503604" lon="-5.186096"><ele>857.2</ele></trkpt>
    <trkpt lat="36.503966" lon="-5.186285"><ele>860.4</ele></trkpt>
    <trkpt lat="36.504064" lon="-5.186237"><ele>861.2</ele></trkpt>
    <trkpt lat="36.504291" lon="-5.185792"><ele>864.6</ele></trkpt>
    <trkpt lat="36.504446" lon="-5.185169"><ele>867.4</ele></trkpt>
    <trkpt lat="36.504537" lon="-5.184477"><ele>868.1</ele></trkpt>
    <trkpt lat="36.504611" lon="-5.184323"><ele>868</ele></trkpt>
    <trkpt lat="36.504617" lon="-5.184047"><ele>867.8</ele></trkpt>
    <trkpt lat="36.504129" lon="-5.183286"><ele>866.5</ele></trkpt>
    <trkpt lat="36.50407" lon="-5.182997"><ele>866</ele></trkpt>
    <trkpt lat="36.504126" lon="-5.182222"><ele>865.8</ele></trkpt>
    <trkpt lat="36.504114" lon="-5.181697"><ele>867.1</ele></trkpt>
    <trkpt lat="36.504157" lon="-5.180567"><ele>872.4</ele></trkpt>
    <trkpt lat="36.504143" lon="-5.179985"><ele>876</ele></trkpt>
    <trkpt lat="36.504154" lon="-5.17967"><ele>878</ele></trkpt>
    <trkpt lat="36.504229" lon="-5.179283"><ele>880.6</ele></trkpt>
    <trkpt lat="36.504391" lon="-5.178745"><ele>882.9</ele></trkpt>
    <trkpt lat="36.504512" lon="-5.178008"><ele>884.9</ele></trkpt>
    <trkpt lat="36.504433" lon="-5.177708"><ele>885.8</ele></trkpt>
    <trkpt lat="36.504318" lon="-5.177404"><ele>886.9</ele></trkpt>
    <trkpt lat="36.504333" lon="-5.177274"><ele>887.4</ele></trkpt>
    <trkpt lat="36.504419" lon="-5.177186"><ele>887.8</ele></trkpt>
    <trkpt lat="36.504541" lon="-5.177188"><ele>888.2</ele></trkpt>
    <trkpt lat="36.504652" lon="-5.177279"><ele>888.6</ele></trkpt>
    <trkpt lat="36.504705" lon="-5.177424"><ele>889.1</ele></trkpt>
    <trkpt lat="36.504667" lon="-5.17789"><ele>890.9</ele></trkpt>
    <trkpt lat="36.504649" lon="-5.178277"><ele>893</ele></trkpt>
    <trkpt lat="36.504579" lon="-5.178765"><ele>895.6</ele></trkpt>
    <trkpt lat="36.504565" lon="-5.179183"><ele>897.4</ele></trkpt>
    <trkpt lat="36.504605" lon="-5.179542"><ele>898.5</ele></trkpt>
    <trkpt lat="36.504625" lon="-5.180579"><ele>901.4</ele></trkpt>
    <trkpt lat="36.504692" lon="-5.181017"><ele>902.9</ele></trkpt>
    <trkpt lat="36.504793" lon="-5.181412"><ele>904.8</ele></trkpt>
    <trkpt lat="36.504826" lon="-5.181769"><ele>906.7</ele></trkpt>
    <trkpt lat="36.504887" lon="-5.182112"><ele>908.9</ele></trkpt>
    <trkpt lat="36.505125" lon="-5.182706"><ele>913.5</ele></trkpt>
    <trkpt lat="36.50532" lon="-5.183079"><ele>916.7</ele></trkpt>
    <trkpt lat="36.505397" lon="-5.183458"><ele>919.5</ele></trkpt>
    <trkpt lat="36.505455" lon="-5.184069"><ele>923.3</ele></trkpt>
    <trkpt lat="36.505595" lon="-5.184575"><ele>926.3</ele></trkpt>
    <trkpt lat="36.505604" lon="-5.184994"><ele>928.5</ele></trkpt>
    <trkpt lat="36.505505" lon="-5.18563"><ele>932</ele></trkpt>
    <trkpt lat="36.505333" lon="-5.186389"><ele>936.8</ele></trkpt>
    <trkpt lat="36.505189" lon="-5.186804"><ele>940</ele></trkpt>
    <trkpt lat="36.50499" lon="-5.187239"><ele>944</ele></trkpt>
    <trkpt lat="36.504785" lon="-5.188208"><ele>952.9</ele></trkpt>
    <trkpt lat="36.504661" lon="-5.188552"><ele>956.5</ele></trkpt>
    <trkpt lat="36.504648" lon="-5.188588"><ele>956.9</ele></trkpt>
    <trkpt lat="36.504641" lon="-5.188675"><ele>957.8</ele></trkpt>
    <trkpt lat="36.504673" lon="-5.188769"><ele>958.8</ele></trkpt>
    <trkpt lat="36.504593" lon="-5.189009"><ele>961.2</ele></trkpt>
    <trkpt lat="36.503668" lon="-5.188931"><ele>968.3</ele></trkpt>
    <trkpt lat="36.503448" lon="-5.188859"><ele>969.3</ele></trkpt>
    <trkpt lat="36.503131" lon="-5.188844"><ele>970.9</ele></trkpt>
    <trkpt lat="36.502495" lon="-5.188867"><ele>974.7</ele></trkpt>
    <trkpt lat="36.502162" lon="-5.189145"><ele>977.6</ele></trkpt>
    <trkpt lat="36.501742" lon="-5.189578"><ele>981.7</ele></trkpt>
    <trkpt lat="36.501624" lon="-5.189655"><ele>982.5</ele></trkpt>
    <trkpt lat="36.5015" lon="-5.189715"><ele>983.2</ele></trkpt>
    <trkpt lat="36.501244" lon="-5.189768"><ele>984.3</ele></trkpt>
    <trkpt lat="36.50103" lon="-5.189779"><ele>985</ele></trkpt>
    <trkpt lat="36.500667" lon="-5.189921"><ele>985.5</ele></trkpt>
    <trkpt lat="36.500331" lon="-5.190008"><ele>985.9</ele></trkpt>
    <trkpt lat="36.500071" lon="-5.190209"><ele>986.6</ele></trkpt>
    <trkpt lat="36.499953" lon="-5.190365"><ele>987.3</ele></trkpt>
    <trkpt lat="36.499901" lon="-5.190497"><ele>987.8</ele></trkpt>
    <trkpt lat="36.49964" lon="-5.191535"><ele>995.4</ele></trkpt>
    <trkpt lat="36.499444" lon="-5.192028"><ele>1000.4</ele></trkpt>
    <trkpt lat="36.499264" lon="-5.192201"><ele>1002.8</ele></trkpt>
    <trkpt lat="36.498999" lon="-5.192522"><ele>1006.3</ele></trkpt>
    <trkpt lat="36.498511" lon="-5.192896"><ele>1010.6</ele></trkpt>
    <trkpt lat="36.498337" lon="-5.193051"><ele>1011.9</ele></trkpt>
    <trkpt lat="36.498218" lon="-5.19321"><ele>1013</ele></trkpt>
    <trkpt lat="36.498121" lon="-5.193294"><ele>1013.7</ele></trkpt>
    <trkpt lat="36.497321" lon="-5.19354"><ele>1018.6</ele></trkpt>
    <trkpt lat="36.496652" lon="-5.193916"><ele>1022.3</ele></trkpt>
    <trkpt lat="36.496009" lon="-5.193952"><ele>1025.5</ele></trkpt>
    <trkpt lat="36.495655" lon="-5.194082"><ele>1027.4</ele></trkpt>
    <trkpt lat="36.495445" lon="-5.194231"><ele>1028.6</ele></trkpt>
    <trkpt lat="36.494805" lon="-5.194367"><ele>1031.8</ele></trkpt>
    <trkpt lat="36.494467" lon="-5.194576"><ele>1033.9</ele></trkpt>
    <trkpt lat="36.494345" lon="-5.194613"><ele>1034.7</ele></trkpt>
    <trkpt lat="36.494229" lon="-5.194632"><ele>1035.4</ele></trkpt>
    <trkpt lat="36.493804" lon="-5.194618"><ele>1038.6</ele></trkpt>
    <trkpt lat="36.493644" lon="-5.19465"><ele>1040</ele></trkpt>
    <trkpt lat="36.493407" lon="-5.194772"><ele>1042.5</ele></trkpt>
    <trkpt lat="36.493167" lon="-5.194941"><ele>1045.2</ele></trkpt>
    <trkpt lat="36.493019" lon="-5.195064"><ele>1047.2</ele></trkpt>
    <trkpt lat="36.492772" lon="-5.195346"><ele>1051.3</ele></trkpt>
    <trkpt lat="36.492635" lon="-5.195468"><ele>1053.5</ele></trkpt>
    <trkpt lat="36.492504" lon="-5.19554"><ele>1055.5</ele></trkpt>
    <trkpt lat="36.492171" lon="-5.195653"><ele>1060.2</ele></trkpt>
    <trkpt lat="36.492156" lon="-5.195713"><ele>1060.9</ele></trkpt>
    <trkpt lat="36.492181" lon="-5.195769"><ele>1061.6</ele></trkpt>
    <trkpt lat="36.492233" lon="-5.195801"><ele>1062.3</ele></trkpt>
    <trkpt lat="36.492626" lon="-5.19587"><ele>1066.8</ele></trkpt>
    <trkpt lat="36.493014" lon="-5.195994"><ele>1070.6</ele></trkpt>
    <trkpt lat="36.494013" lon="-5.196192"><ele>1078.5</ele></trkpt>
    <trkpt lat="36.494065" lon="-5.196216"><ele>1078.9</ele></trkpt>
    <trkpt lat="36.494091" lon="-5.196269"><ele>1079.2</ele></trkpt>
    <trkpt lat="36.493999" lon="-5.196509"><ele>1080.8</ele></trkpt>
    <trkpt lat="36.493882" lon="-5.196727"><ele>1082.6</ele></trkpt>
    <trkpt lat="36.493775" lon="-5.196903"><ele>1084.3</ele></trkpt>
    <trkpt lat="36.49357" lon="-5.197153"><ele>1087.2</ele></trkpt>
    <trkpt lat="36.492474" lon="-5.198192"><ele>1100.7</ele></trkpt>
    <trkpt lat="36.492436" lon="-5.198142"><ele>1101</ele></trkpt>
    <trkpt lat="36.492519" lon="-5.197932"><ele>1101.7</ele></trkpt>
    <trkpt lat="36.492686" lon="-5.197723"><ele>1102.3</ele></trkpt>
    <trkpt lat="36.493144" lon="-5.197056"><ele>1104.7</ele></trkpt>
    <trkpt lat="36.493232" lon="-5.19687"><ele>1105.5</ele></trkpt>
    <trkpt lat="36.493235" lon="-5.196813"><ele>1105.8</ele></trkpt>
    <trkpt lat="36.493206" lon="-5.196792"><ele>1106</ele></trkpt>
    <trkpt lat="36.49316" lon="-5.196788"><ele>1106.3</ele></trkpt>
    <trkpt lat="36.493103" lon="-5.196836"><ele>1106.8</ele></trkpt>
    <trkpt lat="36.493038" lon="-5.196926"><ele>1107.6</ele></trkpt>
    <trkpt lat="36.492141" lon="-5.197775"><ele>1123.6</ele></trkpt>
    <trkpt lat="36.492007" lon="-5.197949"><ele>1126.7</ele></trkpt>
    <trkpt lat="36.491861" lon="-5.198316"><ele>1131.1</ele></trkpt>
    <trkpt lat="36.491847" lon="-5.198483"><ele>1132.6</ele></trkpt>
    <trkpt lat="36.492063" lon="-5.199323"><ele>1139.3</ele></trkpt>
    <trkpt lat="36.492117" lon="-5.199641"><ele>1141.3</ele></trkpt>
    <trkpt lat="36.492091" lon="-5.199823"><ele>1142.4</ele></trkpt>
    <trkpt lat="36.491939" lon="-5.200068"><ele>1144.5</ele></trkpt>
    <trkpt lat="36.491629" lon="-5.200349"><ele>1147.3</ele></trkpt>
    <trkpt lat="36.491624" lon="-5.200355"><ele>1147.3</ele></trkpt>
    <trkpt lat="36.491344" lon="-5.20067"><ele>1149.8</ele></trkpt>
    <trkpt lat="36.491259" lon="-5.200689"><ele>1150.5</ele></trkpt>
    <trkpt lat="36.491234" lon="-5.20059"><ele>1151.1</ele></trkpt>
    <trkpt lat="36.49152" lon="-5.200191"><ele>1154.5</ele></trkpt>
    <trkpt lat="36.491718" lon="-5.1998"><ele>1157.6</ele></trkpt>
    <trkpt lat="36.491764" lon="-5.199658"><ele>1158.6</ele></trkpt>
    <trkpt lat="36.49172" lon="-5.199437"><ele>1159.9</ele></trkpt>
    <trkpt lat="36.491719" lon="-5.199433"><ele>1160</ele></trkpt>
    <trkpt lat="36.491536" lon="-5.199119"><ele>1161.7</ele></trkpt>
    <trkpt lat="36.491307" lon="-5.198905"><ele>1163.6</ele></trkpt>
    <trkpt lat="36.491142" lon="-5.198794"><ele>1165.1</ele></trkpt>
    <trkpt lat="36.490945" lon="-5.198549"><ele>1167.5</ele></trkpt>
    <trkpt lat="36.490744" lon="-5.198382"><ele>1169.6</ele></trkpt>
    <trkpt lat="36.49059" lon="-5.198295"><ele>1171</ele></trkpt>
    <trkpt lat="36.489965" lon="-5.198059"><ele>1175.2</ele></trkpt>
    <trkpt lat="36.489762" lon="-5.198002"><ele>1176.2</ele></trkpt>
    <trkpt lat="36.489324" lon="-5.197934"><ele>1178.3</ele></trkpt>
    <trkpt lat="36.489168" lon="-5.197861"><ele>1179</ele></trkpt>
    <trkpt lat="36.488783" lon="-5.197549"><ele>1180.2</ele></trkpt>
    <trkpt lat="36.488554" lon="-5.197419"><ele>1180.4</ele></trkpt>
    <trkpt lat="36.488443" lon="-5.197395"><ele>1180.4</ele></trkpt>
    <trkpt lat="36.488205" lon="-5.197446"><ele>1180.3</ele></trkpt>
    <trkpt lat="36.487726" lon="-5.197357"><ele>1179.9</ele></trkpt>
    <trkpt lat="36.487341" lon="-5.197374"><ele>1180.5</ele></trkpt>
    <trkpt lat="36.486832" lon="-5.197502"><ele>1183.7</ele></trkpt>
    <trkpt lat="36.486731" lon="-5.197575"><ele>1184.9</ele></trkpt>
    <trkpt lat="36.486615" lon="-5.197777"><ele>1187.3</ele></trkpt>
    <trkpt lat="36.486449" lon="-5.198255"><ele>1194</ele></trkpt>
    <trkpt lat="36.486281" lon="-5.199083"><ele>1208.2</ele></trkpt>
    <trkpt lat="36.486151" lon="-5.199282"><ele>1212.7</ele></trkpt>
    <trkpt lat="36.485694" lon="-5.199658"><ele>1223.2</ele></trkpt>
    <trkpt lat="36.485483" lon="-5.199784"><ele>1226.5</ele></trkpt>
    <trkpt lat="36.485112" lon="-5.199913"><ele>1229.5</ele></trkpt>
    <trkpt lat="36.484755" lon="-5.199936"><ele>1229.8</ele></trkpt>
    <trkpt lat="36.484606" lon="-5.199911"><ele>1230.1</ele></trkpt>
    <trkpt lat="36.484376" lon="-5.199789"><ele>1231.1</ele></trkpt>
    <trkpt lat="36.484232" lon="-5.199617"><ele>1232.2</ele></trkpt>
    <trkpt lat="36.484074" lon="-5.199342"><ele>1234.1</ele></trkpt>
    <trkpt lat="36.483988" lon="-5.199323"><ele>1234.8</ele></trkpt>
    <trkpt lat="36.483958" lon="-5.199397"><ele>1235.4</ele></trkpt>
    <trkpt lat="36.483978" lon="-5.199512"><ele>1236.2</ele></trkpt>
    <trkpt lat="36.484139" lon="-5.199917"><ele>1240.1</ele></trkpt>
    <trkpt lat="36.484304" lon="-5.200181"><ele>1243.7</ele></trkpt>
    <trkpt lat="36.484567" lon="-5.200458"><ele>1250.1</ele></trkpt>
    <trkpt lat="36.484685" lon="-5.200526"><ele>1252.7</ele></trkpt>
    <trkpt lat="36.48509" lon="-5.200666"><ele>1259.4</ele></trkpt>
    <trkpt lat="36.485104" lon="-5.200717"><ele>1260</ele></trkpt>
    <trkpt lat="36.485084" lon="-5.200755"><ele>1260.4</ele></trkpt>
    <trkpt lat="36.48422" lon="-5.200867"><ele>1264.2</ele></trkpt>
    <trkpt lat="36.484064" lon="-5.200804"><ele>1263.6</ele></trkpt>
    <trkpt lat="36.483656" lon="-5.200528"><ele>1261.3</ele></trkpt>
    <trkpt lat="36.483464" lon="-5.200373"><ele>1259.9</ele></trkpt>
    <trkpt lat="36.483264" lon="-5.200165"><ele>1258</ele></trkpt>
  </trkseg></trk></gpx>