<?xml version="1.0" encoding="UTF-8"?>
<gpx version="1.1" creator="tour-scraper" xmlns="http://www.topografix.com/GPX/1/1">
  <trk><name>Stage 20: From La Calahorra to Collado del Alguacil — La Vuelta 26</name><trkseg>
    <trkpt lat="37.178918" lon="-3.087239"><ele>1181.1</ele></trkpt>
    <trkpt lat="37.178835" lon="-3.090646"><ele>1180.3</ele></trkpt>
    <trkpt lat="37.178824" lon="-3.091029"><ele>1180.3</ele></trkpt>
    <trkpt lat="37.178539" lon="-3.103817"><ele>1184.8</ele></trkpt>
    <trkpt lat="37.17844" lon="-3.107087"><ele>1182.9</ele></trkpt>
    <trkpt lat="37.178508" lon="-3.107137"><ele>1182.9</ele></trkpt>
    <trkpt lat="37.178512" lon="-3.107251"><ele>1182.9</ele></trkpt>
    <trkpt lat="37.178466" lon="-3.107303"><ele>1183</ele></trkpt>
    <trkpt lat="37.178427" lon="-3.107311"><ele>1183</ele></trkpt>
    <trkpt lat="37.17841" lon="-3.10804"><ele>1183.1</ele></trkpt>
    <trkpt lat="37.178402" lon="-3.108333"><ele>1183.3</ele></trkpt>
    <trkpt lat="37.178395" lon="-3.108626"><ele>1183.5</ele></trkpt>
    <trkpt lat="37.178387" lon="-3.108972"><ele>1183.8</ele></trkpt>
    <trkpt lat="37.178378" lon="-3.109325"><ele>1184.1</ele></trkpt>
    <trkpt lat="37.17837" lon="-3.109869"><ele>1184.7</ele></trkpt>
    <trkpt lat="37.178249" lon="-3.114629"><ele>1194.8</ele></trkpt>
    <trkpt lat="37.178244" lon="-3.114839"><ele>1195.1</ele></trkpt>
    <trkpt lat="37.178201" lon="-3.116949"><ele>1198.2</ele></trkpt>
    <trkpt lat="37.178177" lon="-3.117808"><ele>1199.8</ele></trkpt>
    <trkpt lat="37.178137" lon="-3.119527"><ele>1203.4</ele></trkpt>
    <trkpt lat="37.178132" lon="-3.119772"><ele>1203.9</ele></trkpt>
    <trkpt lat="37.17812" lon="-3.120956"><ele>1205.8</ele></trkpt>
    <trkpt lat="37.178154" lon="-3.121173"><ele>1206</ele></trkpt>
    <trkpt lat="37.178221" lon="-3.121398"><ele>1206.2</ele></trkpt>
    <trkpt lat="37.178316" lon="-3.121641"><ele>1206.4</ele></trkpt>
    <trkpt lat="37.179367" lon="-3.123683"><ele>1206.6</ele></trkpt>
    <trkpt lat="37.179393" lon="-3.123726"><ele>1206.6</ele></trkpt>
    <trkpt lat="37.179926" lon="-3.12478"><ele>1206.9</ele></trkpt>
    <trkpt lat="37.180531" lon="-3.125963"><ele>1207.1</ele></trkpt>
    <trkpt lat="37.180725" lon="-3.1264"><ele>1207.2</ele></trkpt>
    <trkpt lat="37.18085" lon="-3.126752"><ele>1207.3</ele></trkpt>
    <trkpt lat="37.181075" lon="-3.127659"><ele>1207.6</ele></trkpt>
    <trkpt lat="37.181149" lon="-3.127949"><ele>1207.6</ele></trkpt>
    <trkpt lat="37.181196" lon="-3.128139"><ele>1207.7</ele></trkpt>
    <trkpt lat="37.181507" lon="-3.129396"><ele>1208.1</ele></trkpt>
    <trkpt lat="37.181545" lon="-3.129768"><ele>1208.3</ele></trkpt>
    <trkpt lat="37.181446" lon="-3.132136"><ele>1211.8</ele></trkpt>
    <trkpt lat="37.18137" lon="-3.132554"><ele>1212.8</ele></trkpt>
    <trkpt lat="37.18128" lon="-3.132798"><ele>1213.5</ele></trkpt>
    <trkpt lat="37.181202" lon="-3.13294"><ele>1214</ele></trkpt>
    <trkpt lat="37.181018" lon="-3.13318"><ele>1214.9</ele></trkpt>
    <trkpt lat="37.180739" lon="-3.133405"><ele>1216.2</ele></trkpt>
    <trkpt lat="37.179987" lon="-3.133733"><ele>1219.6</ele></trkpt>
    <trkpt lat="37.179851" lon="-3.133777"><ele>1220.2</ele></trkpt>
    <trkpt lat="37.178709" lon="-3.13385"><ele>1225</ele></trkpt>
    <trkpt lat="37.178503" lon="-3.133896"><ele>1225.8</ele></trkpt>
    <trkpt lat="37.178195" lon="-3.134075"><ele>1227.3</ele></trkpt>
    <trkpt lat="37.177808" lon="-3.134394"><ele>1229.3</ele></trkpt>
    <trkpt lat="37.177559" lon="-3.134702"><ele>1230.9</ele></trkpt>
    <trkpt lat="37.177155" lon="-3.135486"><ele>1234.2</ele></trkpt>
    <trkpt lat="37.176921" lon="-3.135767"><ele>1235.7</ele></trkpt>
    <trkpt lat="37.176695" lon="-3.135908"><ele>1236.8</ele></trkpt>
    <trkpt lat="37.174713" lon="-3.137171"><ele>1246.4</ele></trkpt>
    <trkpt lat="37.174439" lon="-3.137232"><ele>1247.7</ele></trkpt>
    <trkpt lat="37.174241" lon="-3.137215"><ele>1248.6</ele></trkpt>
    <trkpt lat="37.173802" lon="-3.13711"><ele>1250.8</ele></trkpt>
    <trkpt lat="37.173547" lon="-3.137061"><ele>1252.1</ele></trkpt>
    <trkpt lat="37.172981" lon="-3.13708"><ele>1254.7</ele></trkpt>
    <trkpt lat="37.172576" lon="-3.137141"><ele>1256.1</ele></trkpt>
    <trkpt lat="37.172509" lon="-3.137269"><ele>1256.5</ele></trkpt>
    <trkpt lat="37.172306" lon="-3.138124"><ele>1257.3</ele></trkpt>
    <trkpt lat="37.172231" lon="-3.138294"><ele>1257</ele></trkpt>
    <trkpt lat="37.172128" lon="-3.138411"><ele>1256.6</ele></trkpt>
    <trkpt lat="37.171815" lon="-3.138591"><ele>1255.6</ele></trkpt>
    <trkpt lat="37.171421" lon="-3.138788"><ele>1255</ele></trkpt>
    <trkpt lat="37.171312" lon="-3.138853"><ele>1254.6</ele></trkpt>
    <trkpt lat="37.170955" lon="-3.139034"><ele>1253</ele></trkpt>
    <trkpt lat="37.170789" lon="-3.139144"><ele>1252</ele></trkpt>
    <trkpt lat="37.170604" lon="-3.139322"><ele>1250.5</ele></trkpt>
    <trkpt lat="37.170229" lon="-3.139737"><ele>1247.5</ele></trkpt>
    <trkpt lat="37.170157" lon="-3.139881"><ele>1246.8</ele></trkpt>
    <trkpt lat="37.17013" lon="-3.140077"><ele>1246.1</ele></trkpt>
    <trkpt lat="37.170225" lon="-3.140284"><ele>1245</ele></trkpt>
    <trkpt lat="37.170434" lon="-3.140469"><ele>1243.6</ele></trkpt>
    <trkpt lat="37.170604" lon="-3.140576"><ele>1242.8</ele></trkpt>
    <trkpt lat="37.172347" lon="-3.141002"><ele>1247.2</ele></trkpt>
    <trkpt lat="37.172652" lon="-3.141123"><ele>1249</ele></trkpt>
    <trkpt lat="37.172882" lon="-3.141259"><ele>1250.4</ele></trkpt>
    <trkpt lat="37.173089" lon="-3.141427"><ele>1251.6</ele></trkpt>
    <trkpt lat="37.17326" lon="-3.141626"><ele>1252.5</ele></trkpt>
    <trkpt lat="37.173462" lon="-3.141883"><ele>1253.3</ele></trkpt>
    <trkpt lat="37.173671" lon="-3.142209"><ele>1253.7</ele></trkpt>
    <trkpt lat="37.174785" lon="-3.143945"><ele>1249</ele></trkpt>
    <trkpt lat="37.174943" lon="-3.144231"><ele>1248.3</ele></trkpt>
    <trkpt lat="37.175146" lon="-3.144693"><ele>1247.4</ele></trkpt>
    <trkpt lat="37.175807" lon="-3.14663"><ele>1244.2</ele></trkpt>
    <trkpt lat="37.175936" lon="-3.146958"><ele>1243.7</ele></trkpt>
    <trkpt lat="37.176086" lon="-3.147248"><ele>1243.3</ele></trkpt>
    <trkpt lat="37.176233" lon="-3.147454"><ele>1243</ele></trkpt>
    <trkpt lat="37.176446" lon="-3.147643"><ele>1242.7</ele></trkpt>
    <trkpt lat="37.177161" lon="-3.148091"><ele>1242</ele></trkpt>
    <trkpt lat="37.177264" lon="-3.148153"><ele>1241.9</ele></trkpt>
    <trkpt lat="37.178978" lon="-3.149184"><ele>1241.7</ele></trkpt>
    <trkpt lat="37.179167" lon="-3.149334"><ele>1241.9</ele></trkpt>
    <trkpt lat="37.179344" lon="-3.149534"><ele>1241.9</ele></trkpt>
    <trkpt lat="37.179463" lon="-3.149745"><ele>1241.9</ele></trkpt>
    <trkpt lat="37.179554" lon="-3.149996"><ele>1241.7</ele></trkpt>
    <trkpt lat="37.179622" lon="-3.150285"><ele>1241.4</ele></trkpt>
    <trkpt lat="37.179901" lon="-3.152167"><ele>1236.7</ele></trkpt>
    <trkpt lat="37.179919" lon="-3.152472"><ele>1236.3</ele></trkpt>
    <trkpt lat="37.179887" lon="-3.152783"><ele>1236.2</ele></trkpt>
    <trkpt lat="37.179826" lon="-3.153029"><ele>1236.3</ele></trkpt>
    <trkpt lat="37.178928" lon="-3.156621"><ele>1248.5</ele></trkpt>
    <trkpt lat="37.178809" lon="-3.157056"><ele>1249.9</ele></trkpt>
    <trkpt lat="37.178662" lon="-3.157461"><ele>1251.2</ele></trkpt>
    <trkpt lat="37.178511" lon="-3.157784"><ele>1252.2</ele></trkpt>
    <trkpt lat="37.176621" lon="-3.161266"><ele>1261.2</ele></trkpt>
    <trkpt lat="37.176483" lon="-3.161611"><ele>1261</ele></trkpt>
    <trkpt lat="37.17644" lon="-3.161796"><ele>1260.7</ele></trkpt>
    <trkpt lat="37.176421" lon="-3.162004"><ele>1260.1</ele></trkpt>
    <trkpt lat="37.176431" lon="-3.162189"><ele>1259.5</ele></trkpt>
    <trkpt lat="37.176525" lon="-3.162592"><ele>1257.8</ele></trkpt>
    <trkpt lat="37.176589" lon="-3.162845"><ele>1256.6</ele></trkpt>
    <trkpt lat="37.176602" lon="-3.163017"><ele>1255.8</ele></trkpt>
    <trkpt lat="37.176587" lon="-3.163182"><ele>1255</ele></trkpt>
    <trkpt lat="37.176536" lon="-3.163334"><ele>1254.2</ele></trkpt>
    <trkpt lat="37.176374" lon="-3.163581"><ele>1252.6</ele></trkpt>
    <trkpt lat="37.175953" lon="-3.163914"><ele>1249.8</ele></trkpt>
    <trkpt lat="37.175744" lon="-3.164156"><ele>1248.9</ele></trkpt>
    <trkpt lat="37.175337" lon="-3.164757"><ele>1247.4</ele></trkpt>
    <trkpt lat="37.175237" lon="-3.164975"><ele>1247.4</ele></trkpt>
    <trkpt lat="37.175124" lon="-3.165288"><ele>1247.8</ele></trkpt>
    <trkpt lat="37.17508" lon="-3.165787"><ele>1248.2</ele></trkpt>
    <trkpt lat="37.175103" lon="-3.166016"><ele>1248</ele></trkpt>
    <trkpt lat="37.175115" lon="-3.166137"><ele>1247.9</ele></trkpt>
    <trkpt lat="37.175141" lon="-3.16622"><ele>1247.7</ele></trkpt>
    <trkpt lat="37.175254" lon="-3.166326"><ele>1247.1</ele></trkpt>
    <trkpt lat="37.175418" lon="-3.166329"><ele>1246.5</ele></trkpt>
    <trkpt lat="37.175617" lon="-3.166272"><ele>1246.1</ele></trkpt>
    <trkpt lat="37.175734" lon="-3.166149"><ele>1245.9</ele></trkpt>
    <trkpt lat="37.175964" lon="-3.165476"><ele>1245.6</ele></trkpt>
    <trkpt lat="37.176057" lon="-3.165342"><ele>1245.3</ele></trkpt>
    <trkpt lat="37.176272" lon="-3.165185"><ele>1244.6</ele></trkpt>
    <trkpt lat="37.176467" lon="-3.165123"><ele>1244</ele></trkpt>
    <trkpt lat="37.17687" lon="-3.1652"><ele>1243</ele></trkpt>
    <trkpt lat="37.177189" lon="-3.16524"><ele>1243.4</ele></trkpt>
    <trkpt lat="37.177318" lon="-3.165207"><ele>1243.6</ele></trkpt>
    <trkpt lat="37.177397" lon="-3.165155"><ele>1243.7</ele></trkpt>
    <trkpt lat="37.177666" lon="-3.164848"><ele>1244</ele></trkpt>
    <trkpt lat="37.177773" lon="-3.164765"><ele>1244.1</ele></trkpt>
    <trkpt lat="37.178201" lon="-3.164529"><ele>1244.1</ele></trkpt>
    <trkpt lat="37.179535" lon="-3.163465"><ele>1246.6</ele></trkpt>
    <trkpt lat="37.180536" lon="-3.163091"><ele>1246.1</ele></trkpt>
    <trkpt lat="37.181101" lon="-3.162748"><ele>1244.3</ele></trkpt>
    <trkpt lat="37.181268" lon="-3.162587"><ele>1243.6</ele></trkpt>
    <trkpt lat="37.181456" lon="-3.162348"><ele>1242.7</ele></trkpt>
    <trkpt lat="37.181734" lon="-3.162222"><ele>1241.7</ele></trkpt>
    <trkpt lat="37.181999" lon="-3.162052"><ele>1240.5</ele></trkpt>
    <trkpt lat="37.182482" lon="-3.161712"><ele>1237.9</ele></trkpt>
    <trkpt lat="37.182661" lon="-3.161558"><ele>1237.1</ele></trkpt>
    <trkpt lat="37.18271" lon="-3.161507"><ele>1236.9</ele></trkpt>
    <trkpt lat="37.183028" lon="-3.161279"><ele>1235.6</ele></trkpt>
    <trkpt lat="37.183236" lon="-3.161165"><ele>1234.8</ele></trkpt>
    <trkpt lat="37.184546" lon="-3.160777"><ele>1231.1</ele></trkpt>
    <trkpt lat="37.184695" lon="-3.160733"><ele>1230.9</ele></trkpt>
    <trkpt lat="37.185162" lon="-3.160084"><ele>1229.8</ele></trkpt>
    <trkpt lat="37.186074" lon="-3.158825"><ele>1227</ele></trkpt>
    <trkpt lat="37.186346" lon="-3.158439"><ele>1225.6</ele></trkpt>
    <trkpt lat="37.186577" lon="-3.15811"><ele>1224.3</ele></trkpt>
    <trkpt lat="37.186813" lon="-3.157951"><ele>1223.1</ele></trkpt>
    <trkpt lat="37.18761" lon="-3.157397"><ele>1219.2</ele></trkpt>
    <trkpt lat="37.188366" lon="-3.157069"><ele>1215.9</ele></trkpt>
    <trkpt lat="37.18858" lon="-3.15697"><ele>1215</ele></trkpt>
    <trkpt lat="37.189768" lon="-3.156406"><ele>1210</ele></trkpt>
    <trkpt lat="37.191427" lon="-3.155101"><ele>1202.4</ele></trkpt>
    <trkpt lat="37.192225" lon="-3.154467"><ele>1198.9</ele></trkpt>
    <trkpt lat="37.192933" lon="-3.154047"><ele>1196.2</ele></trkpt>
    <trkpt lat="37.193668" lon="-3.153612"><ele>1193.5</ele></trkpt>
    <trkpt lat="37.196378" lon="-3.152384"><ele>1183.9</ele></trkpt>
    <trkpt lat="37.196825" lon="-3.152304"><ele>1181.3</ele></trkpt>
    <trkpt lat="37.197179" lon="-3.152439"><ele>1179.2</ele></trkpt>
    <trkpt lat="37.197455" lon="-3.15263"><ele>1177.5</ele></trkpt>
    <trkpt lat="37.197612" lon="-3.152832"><ele>1176.3</ele></trkpt>
    <trkpt lat="37.198386" lon="-3.154039"><ele>1174.2</ele></trkpt>
    <trkpt lat="37.198877" lon="-3.154569"><ele>1175.5</ele></trkpt>
    <trkpt lat="37.199147" lon="-3.154729"><ele>1176.1</ele></trkpt>
    <trkpt lat="37.199598" lon="-3.154942"><ele>1177.1</ele></trkpt>
    <trkpt lat="37.200073" lon="-3.155004"><ele>1177.2</ele></trkpt>
    <trkpt lat="37.20162" lon="-3.154975"><ele>1175.4</ele></trkpt>
    <trkpt lat="37.202504" lon="-3.154922"><ele>1174.3</ele></trkpt>
    <trkpt lat="37.203371" lon="-3.154835"><ele>1173.2</ele></trkpt>
    <trkpt lat="37.204458" lon="-3.154669"><ele>1172.4</ele></trkpt>
    <trkpt lat="37.205886" lon="-3.154323"><ele>1171.3</ele></trkpt>
    <trkpt lat="37.207832" lon="-3.153729"><ele>1166.9</ele></trkpt>
    <trkpt lat="37.209748" lon="-3.153092"><ele>1161.1</ele></trkpt>
    <trkpt lat="37.219852" lon="-3.14983"><ele>1139.2</ele></trkpt>
    <trkpt lat="37.224383" lon="-3.148356"><ele>1128.9</ele></trkpt>
    <trkpt lat="37.224506" lon="-3.148249"><ele>1128.5</ele></trkpt>
    <trkpt lat="37.224516" lon="-3.14818"><ele>1128.4</ele></trkpt>
    <trkpt lat="37.224582" lon="-3.14807"><ele>1128.1</ele></trkpt>
    <trkpt lat="37.22463" lon="-3.148039"><ele>1128</ele></trkpt>
    <trkpt lat="37.224736" lon="-3.148034"><ele>1127.7</ele></trkpt>
    <trkpt lat="37.224848" lon="-3.148141"><ele>1127.4</ele></trkpt>
    <trkpt lat="37.225013" lon="-3.14815"><ele>1126.9</ele></trkpt>
    <trkpt lat="37.235169" lon="-3.144895"><ele>1103.7</ele></trkpt>
    <trkpt lat="37.235301" lon="-3.144852"><ele>1103.5</ele></trkpt>
    <trkpt lat="37.235342" lon="-3.144839"><ele>1103.4</ele></trkpt>
    <trkpt lat="37.235567" lon="-3.144767"><ele>1103</ele></trkpt>
    <trkpt lat="37.235893" lon="-3.144664"><ele>1102.4</ele></trkpt>
    <trkpt lat="37.236241" lon="-3.144554"><ele>1101.9</ele></trkpt>
    <trkpt lat="37.236524" lon="-3.144462"><ele>1101.4</ele></trkpt>
    <trkpt lat="37.237023" lon="-3.1443"><ele>1100.7</ele></trkpt>
    <trkpt lat="37.237626" lon="-3.144104"><ele>1099.7</ele></trkpt>
    <trkpt lat="37.237777" lon="-3.144055"><ele>1099.5</ele></trkpt>
    <trkpt lat="37.238349" lon="-3.143869"><ele>1098.6</ele></trkpt>
    <trkpt lat="37.238492" lon="-3.143824"><ele>1098.4</ele></trkpt>
    <trkpt lat="37.238649" lon="-3.143774"><ele>1098.1</ele></trkpt>
    <trkpt lat="37.23881" lon="-3.143722"><ele>1097.9</ele></trkpt>
    <trkpt lat="37.243704" lon="-3.142136"><ele>1090.9</ele></trkpt>
    <trkpt lat="37.243864" lon="-3.142084"><ele>1090.7</ele></trkpt>
    <trkpt lat="37.244411" lon="-3.141907"><ele>1090</ele></trkpt>
    <trkpt lat="37.244484" lon="-3.141884"><ele>1089.9</ele></trkpt>
    <trkpt lat="37.250254" lon="-3.140017"><ele>1081.4</ele></trkpt>
    <trkpt lat="37.265667" lon="-3.135055"><ele>1066.4</ele></trkpt>
    <trkpt lat="37.265863" lon="-3.135009"><ele>1066.4</ele></trkpt>
    <trkpt lat="37.266161" lon="-3.134984"><ele>1066.3</ele></trkpt>
    <trkpt lat="37.268652" lon="-3.134939"><ele>1065.6</ele></trkpt>
    <trkpt lat="37.272585" lon="-3.13484"><ele>1061.1</ele></trkpt>
    <trkpt lat="37.272987" lon="-3.134755"><ele>1059.8</ele></trkpt>
    <trkpt lat="37.274131" lon="-3.13439"><ele>1053.8</ele></trkpt>
    <trkpt lat="37.274396" lon="-3.134343"><ele>1052</ele></trkpt>
    <trkpt lat="37.274798" lon="-3.13438"><ele>1049</ele></trkpt>
    <trkpt lat="37.276027" lon="-3.134733"><ele>1039</ele></trkpt>
    <trkpt lat="37.276476" lon="-3.134832"><ele>1035.5</ele></trkpt>
    <trkpt lat="37.276826" lon="-3.134793"><ele>1032.7</ele></trkpt>
    <trkpt lat="37.27702" lon="-3.13474"><ele>1031.1</ele></trkpt>
    <trkpt lat="37.277244" lon="-3.134641"><ele>1029</ele></trkpt>
    <trkpt lat="37.277477" lon="-3.134469"><ele>1026.7</ele></trkpt>
    <trkpt lat="37.277754" lon="-3.134136"><ele>1023.5</ele></trkpt>
    <trkpt lat="37.277892" lon="-3.133856"><ele>1021.1</ele></trkpt>
    <trkpt lat="37.27811" lon="-3.133109"><ele>1015.7</ele></trkpt>
    <trkpt lat="37.278672" lon="-3.131093"><ele>1004.8</ele></trkpt>
    <trkpt lat="37.278753" lon="-3.130825"><ele>1003.9</ele></trkpt>
    <trkpt lat="37.278895" lon="-3.130497"><ele>1003.2</ele></trkpt>
    <trkpt lat="37.278931" lon="-3.130432"><ele>1003.1</ele></trkpt>
    <trkpt lat="37.279126" lon="-3.13017"><ele>1002.6</ele></trkpt>
    <trkpt lat="37.279267" lon="-3.130043"><ele>1002.4</ele></trkpt>
    <trkpt lat="37.279402" lon="-3.129949"><ele>1002.2</ele></trkpt>
    <trkpt lat="37.279682" lon="-3.129831"><ele>1002.1</ele></trkpt>
    <trkpt lat="37.27989" lon="-3.129805"><ele>1002.3</ele></trkpt>
    <trkpt lat="37.28052" lon="-3.12988"><ele>1002.7</ele></trkpt>
    <trkpt lat="37.280805" lon="-3.129818"><ele>1002.3</ele></trkpt>
    <trkpt lat="37.280884" lon="-3.129777"><ele>1002</ele></trkpt>
    <trkpt lat="37.280928" lon="-3.129755"><ele>1001.9</ele></trkpt>
    <trkpt lat="37.281134" lon="-3.129584"><ele>1001</ele></trkpt>
    <trkpt lat="37.281298" lon="-3.129359"><ele>999.9</ele></trkpt>
    <trkpt lat="37.281353" lon="-3.129233"><ele>999.3</ele></trkpt>
    <trkpt lat="37.281498" lon="-3.128711"><ele>996.6</ele></trkpt>
    <trkpt lat="37.281644" lon="-3.128376"><ele>994.4</ele></trkpt>
    <trkpt lat="37.281829" lon="-3.128081"><ele>991.7</ele></trkpt>
    <trkpt lat="37.282084" lon="-3.127787"><ele>988.3</ele></trkpt>
    <trkpt lat="37.282403" lon="-3.127541"><ele>984.8</ele></trkpt>
    <trkpt lat="37.282777" lon="-3.127304"><ele>981.2</ele></trkpt>
    <trkpt lat="37.283144" lon="-3.126969"><ele>977.5</ele></trkpt>
    <trkpt lat="37.283345" lon="-3.126696"><ele>975.1</ele></trkpt>
    <trkpt lat="37.283591" lon="-3.126287"><ele>971.8</ele></trkpt>
    <trkpt lat="37.283831" lon="-3.125982"><ele>969.3</ele></trkpt>
    <trkpt lat="37.28433" lon="-3.125593"><ele>965.2</ele></trkpt>
    <trkpt lat="37.28457" lon="-3.12528"><ele>962.9</ele></trkpt>
    <trkpt lat="37.285504" lon="-3.123524"><ele>952.2</ele></trkpt>
    <trkpt lat="37.285739" lon="-3.122863"><ele>947.7</ele></trkpt>
    <trkpt lat="37.285976" lon="-3.121718"><ele>939.7</ele></trkpt>
    <trkpt lat="37.28604" lon="-3.121528"><ele>938.4</ele></trkpt>
    <trkpt lat="37.286365" lon="-3.120893"><ele>934.8</ele></trkpt>
    <trkpt lat="37.287841" lon="-3.12191"><ele>932.2</ele></trkpt>
    <trkpt lat="37.288786" lon="-3.12256"><ele>932.7</ele></trkpt>
    <trkpt lat="37.288847" lon="-3.122602"><ele>932.7</ele></trkpt>
    <trkpt lat="37.290462" lon="-3.123717"><ele>932.4</ele></trkpt>
    <trkpt lat="37.290656" lon="-3.12385"><ele>932.2</ele></trkpt>
    <trkpt lat="37.291225" lon="-3.124241"><ele>931.3</ele></trkpt>
    <trkpt lat="37.291334" lon="-3.124316"><ele>931.1</ele></trkpt>
    <trkpt lat="37.291385" lon="-3.124352"><ele>931</ele></trkpt>
    <trkpt lat="37.291841" lon="-3.124668"><ele>930.4</ele></trkpt>
    <trkpt lat="37.292179" lon="-3.124898"><ele>930.1</ele></trkpt>
    <trkpt lat="37.293031" lon="-3.125483"><ele>929.7</ele></trkpt>
    <trkpt lat="37.29333" lon="-3.12569"><ele>929.6</ele></trkpt>
    <trkpt lat="37.293494" lon="-3.125807"><ele>929.5</ele></trkpt>
    <trkpt lat="37.293664" lon="-3.125919"><ele>929.3</ele></trkpt>
    <trkpt lat="37.294744" lon="-3.12664"><ele>927.5</ele></trkpt>
    <trkpt lat="37.295392" lon="-3.127104"><ele>926.2</ele></trkpt>
    <trkpt lat="37.296302" lon="-3.12775"><ele>923.3</ele></trkpt>
    <trkpt lat="37.296451" lon="-3.127883"><ele>922.8</ele></trkpt>
    <trkpt lat="37.296617" lon="-3.127999"><ele>922.2</ele></trkpt>
    <trkpt lat="37.296796" lon="-3.12813"><ele>921.7</ele></trkpt>
    <trkpt lat="37.297018" lon="-3.128277"><ele>921</ele></trkpt>
    <trkpt lat="37.297128" lon="-3.128349"><ele>920.6</ele></trkpt>
    <trkpt lat="37.297418" lon="-3.128543"><ele>919.6</ele></trkpt>
    <trkpt lat="37.297556" lon="-3.128635"><ele>919.1</ele></trkpt>
    <trkpt lat="37.29814" lon="-3.129094"><ele>917.2</ele></trkpt>
    <trkpt lat="37.298469" lon="-3.129393"><ele>916.3</ele></trkpt>
    <trkpt lat="37.298621" lon="-3.129552"><ele>915.8</ele></trkpt>
    <trkpt lat="37.298695" lon="-3.12963"><ele>915.6</ele></trkpt>
    <trkpt lat="37.298899" lon="-3.129858"><ele>915.1</ele></trkpt>
    <trkpt lat="37.299017" lon="-3.129999"><ele>914.9</ele></trkpt>
    <trkpt lat="37.299058" lon="-3.130009"><ele>914.8</ele></trkpt>
    <trkpt lat="37.299425" lon="-3.130497"><ele>914.2</ele></trkpt>
    <trkpt lat="37.299575" lon="-3.130692"><ele>914</ele></trkpt>
    <trkpt lat="37.299612" lon="-3.130778"><ele>913.9</ele></trkpt>
    <trkpt lat="37.299785" lon="-3.131007"><ele>913.9</ele></trkpt>
    <trkpt lat="37.299835" lon="-3.13107"><ele>913.8</ele></trkpt>
    <trkpt lat="37.300279" lon="-3.131672"><ele>912.9</ele></trkpt>
    <trkpt lat="37.300678" lon="-3.132206"><ele>911.2</ele></trkpt>
    <trkpt lat="37.300768" lon="-3.132328"><ele>911</ele></trkpt>
    <trkpt lat="37.300962" lon="-3.132589"><ele>910.3</ele></trkpt>
    <trkpt lat="37.300988" lon="-3.132624"><ele>910.2</ele></trkpt>
    <trkpt lat="37.301154" lon="-3.132848"><ele>909.3</ele></trkpt>
    <trkpt lat="37.301166" lon="-3.132864"><ele>909.2</ele></trkpt>
    <trkpt lat="37.301312" lon="-3.133052"><ele>908.3</ele></trkpt>
    <trkpt lat="37.30145" lon="-3.133239"><ele>907.4</ele></trkpt>
    <trkpt lat="37.301563" lon="-3.1334"><ele>906.7</ele></trkpt>
    <trkpt lat="37.301696" lon="-3.13359"><ele>906.1</ele></trkpt>
    <trkpt lat="37.301881" lon="-3.133795"><ele>905.5</ele></trkpt>
    <trkpt lat="37.302003" lon="-3.133957"><ele>905.2</ele></trkpt>
    <trkpt lat="37.30232" lon="-3.134321"><ele>904</ele></trkpt>
    <trkpt lat="37.302418" lon="-3.134465"><ele>903.6</ele></trkpt>
    <trkpt lat="37.302537" lon="-3.134759"><ele>903.4</ele></trkpt>
    <trkpt lat="37.302577" lon="-3.134859"><ele>903.2</ele></trkpt>
    <trkpt lat="37.302631" lon="-3.135062"><ele>903.4</ele></trkpt>
    <trkpt lat="37.302631" lon="-3.135062"><ele>903.4</ele></trkpt>
    <trkpt lat="37.302533" lon="-3.135167"><ele>903.3</ele></trkpt>
    <trkpt lat="37.302533" lon="-3.135167"><ele>903.4</ele></trkpt>
    <trkpt lat="37.302533" lon="-3.135167"><ele>903.4</ele></trkpt>
    <trkpt lat="37.302502" lon="-3.135381"><ele>903.5</ele></trkpt>
    <trkpt lat="37.302502" lon="-3.135381"><ele>903.6</ele></trkpt>
    <trkpt lat="37.302502" lon="-3.135381"><ele>903.6</ele></trkpt>
    <trkpt lat="37.302624" lon="-3.135564"><ele>903.9</ele></trkpt>
    <trkpt lat="37.302624" lon="-3.135564"><ele>903.9</ele></trkpt>
    <trkpt lat="37.302583" lon="-3.135848"><ele>904</ele></trkpt>
    <trkpt lat="37.302583" lon="-3.135848"><ele>903.9</ele></trkpt>
    <trkpt lat="37.302583" lon="-3.135848"><ele>903.9</ele></trkpt>
    <trkpt lat="37.302552" lon="-3.136161"><ele>904.3</ele></trkpt>
    <trkpt lat="37.302552" lon="-3.136161"><ele>904.3</ele></trkpt>
    <trkpt lat="37.302584" lon="-3.136418"><ele>904.5</ele></trkpt>
    <trkpt lat="37.303066" lon="-3.138384"><ele>906.6</ele></trkpt>
    <trkpt lat="37.303079" lon="-3.13844"><ele>906.8</ele></trkpt>
    <trkpt lat="37.303115" lon="-3.138584"><ele>907.1</ele></trkpt>
    <trkpt lat="37.303248" lon="-3.139113"><ele>908.7</ele></trkpt>
    <trkpt lat="37.303446" lon="-3.139921"><ele>911.4</ele></trkpt>
    <trkpt lat="37.303479" lon="-3.140055"><ele>911.8</ele></trkpt>
    <trkpt lat="37.303531" lon="-3.140255"><ele>912.3</ele></trkpt>
    <trkpt lat="37.303759" lon="-3.141122"><ele>913.9</ele></trkpt>
    <trkpt lat="37.303911" lon="-3.141602"><ele>914.2</ele></trkpt>
    <trkpt lat="37.304092" lon="-3.142104"><ele>914.1</ele></trkpt>
    <trkpt lat="37.304162" lon="-3.14227"><ele>913.9</ele></trkpt>
    <trkpt lat="37.304339" lon="-3.142671"><ele>913.4</ele></trkpt>
    <trkpt lat="37.304789" lon="-3.143571"><ele>911.9</ele></trkpt>
    <trkpt lat="37.304905" lon="-3.143756"><ele>911.4</ele></trkpt>
    <trkpt lat="37.304926" lon="-3.14376"><ele>911.4</ele></trkpt>
    <trkpt lat="37.304974" lon="-3.143797"><ele>911.3</ele></trkpt>
    <trkpt lat="37.304997" lon="-3.143874"><ele>911.1</ele></trkpt>
    <trkpt lat="37.305068" lon="-3.144047"><ele>910.7</ele></trkpt>
    <trkpt lat="37.305109" lon="-3.144097"><ele>910.6</ele></trkpt>
    <trkpt lat="37.305223" lon="-3.144235"><ele>910.2</ele></trkpt>
    <trkpt lat="37.305268" lon="-3.144282"><ele>910</ele></trkpt>
    <trkpt lat="37.305371" lon="-3.144376"><ele>909.7</ele></trkpt>
    <trkpt lat="37.305636" lon="-3.144569"><ele>908.8</ele></trkpt>
    <trkpt lat="37.306176" lon="-3.14487"><ele>907.1</ele></trkpt>
    <trkpt lat="37.306283" lon="-3.144929"><ele>906.7</ele></trkpt>
    <trkpt lat="37.306399" lon="-3.144991"><ele>906.2</ele></trkpt>
    <trkpt lat="37.30695" lon="-3.14529"><ele>904.2</ele></trkpt>
    <trkpt lat="37.307065" lon="-3.14535"><ele>903.8</ele></trkpt>
    <trkpt lat="37.307156" lon="-3.145265"><ele>903.5</ele></trkpt>
    <trkpt lat="37.307229" lon="-3.145283"><ele>903.3</ele></trkpt>
    <trkpt lat="37.307279" lon="-3.145351"><ele>903.1</ele></trkpt>
    <trkpt lat="37.30745" lon="-3.145547"><ele>902.6</ele></trkpt>
    <trkpt lat="37.307629" lon="-3.145633"><ele>902.1</ele></trkpt>
    <trkpt lat="37.307993" lon="-3.145828"><ele>901.2</ele></trkpt>
    <trkpt lat="37.308286" lon="-3.146002"><ele>900.5</ele></trkpt>
    <trkpt lat="37.308782" lon="-3.146295"><ele>899.5</ele></trkpt>
    <trkpt lat="37.309546" lon="-3.146747"><ele>898</ele></trkpt>
    <trkpt lat="37.309675" lon="-3.146823"><ele>897.8</ele></trkpt>
    <trkpt lat="37.309832" lon="-3.146852"><ele>897.8</ele></trkpt>
    <trkpt lat="37.309939" lon="-3.146862"><ele>897.7</ele></trkpt>
    <trkpt lat="37.310012" lon="-3.146828"><ele>897.7</ele></trkpt>
    <trkpt lat="37.310081" lon="-3.146855"><ele>897.7</ele></trkpt>
    <trkpt lat="37.310126" lon="-3.14693"><ele>897.7</ele></trkpt>
    <trkpt lat="37.310113" lon="-3.147059"><ele>897.7</ele></trkpt>
    <trkpt lat="37.31013" lon="-3.147225"><ele>897.7</ele></trkpt>
    <trkpt lat="37.310167" lon="-3.147341"><ele>897.7</ele></trkpt>
    <trkpt lat="37.310197" lon="-3.147392"><ele>897.8</ele></trkpt>
    <trkpt lat="37.310839" lon="-3.148471"><ele>898</ele></trkpt>
    <trkpt lat="37.311499" lon="-3.149585"><ele>897.5</ele></trkpt>
    <trkpt lat="37.311773" lon="-3.149977"><ele>897.2</ele></trkpt>
    <trkpt lat="37.311986" lon="-3.150233"><ele>897.1</ele></trkpt>
    <trkpt lat="37.312203" lon="-3.150476"><ele>897.1</ele></trkpt>
    <trkpt lat="37.313086" lon="-3.151421"><ele>897.5</ele></trkpt>
    <trkpt lat="37.31365" lon="-3.152064"><ele>898.1</ele></trkpt>
    <trkpt lat="37.313977" lon="-3.152449"><ele>898.4</ele></trkpt>
    <trkpt lat="37.314413" lon="-3.152987"><ele>898.3</ele></trkpt>
    <trkpt lat="37.315406" lon="-3.154123"><ele>897</ele></trkpt>
    <trkpt lat="37.315931" lon="-3.154775"><ele>896.2</ele></trkpt>
    <trkpt lat="37.316074" lon="-3.154984"><ele>896</ele></trkpt>
    <trkpt lat="37.316373" lon="-3.155453"><ele>895.7</ele></trkpt>
    <trkpt lat="37.316639" lon="-3.156003"><ele>895.7</ele></trkpt>
    <trkpt lat="37.316869" lon="-3.15671"><ele>896.2</ele></trkpt>
    <trkpt lat="37.316994" lon="-3.157512"><ele>897.3</ele></trkpt>
    <trkpt lat="37.317024" lon="-3.158564"><ele>898.5</ele></trkpt>
    <trkpt lat="37.317039" lon="-3.158881"><ele>898.7</ele></trkpt>
    <trkpt lat="37.317025" lon="-3.159637"><ele>899.1</ele></trkpt>
    <trkpt lat="37.316995" lon="-3.160444"><ele>899.5</ele></trkpt>
    <trkpt lat="37.316988" lon="-3.160761"><ele>899.7</ele></trkpt>
    <trkpt lat="37.317017" lon="-3.161351"><ele>900.4</ele></trkpt>
    <trkpt lat="37.317063" lon="-3.161852"><ele>901</ele></trkpt>
    <trkpt lat="37.317138" lon="-3.162315"><ele>901.7</ele></trkpt>
    <trkpt lat="37.319941" lon="-3.171258"><ele>912.1</ele></trkpt>
    <trkpt lat="37.319969" lon="-3.171445"><ele>912.2</ele></trkpt>
    <trkpt lat="37.320005" lon="-3.171679"><ele>912.4</ele></trkpt>
    <trkpt lat="37.32004" lon="-3.17191"><ele>912.6</ele></trkpt>
    <trkpt lat="37.320066" lon="-3.172778"><ele>913.9</ele></trkpt>
    <trkpt lat="37.319894" lon="-3.173652"><ele>917.1</ele></trkpt>
    <trkpt lat="37.319535" lon="-3.174658"><ele>922.9</ele></trkpt>
    <trkpt lat="37.319238" lon="-3.175496"><ele>929.1</ele></trkpt>
    <trkpt lat="37.318095" lon="-3.17877"><ele>956.5</ele></trkpt>
    <trkpt lat="37.317959" lon="-3.179324"><ele>959.2</ele></trkpt>
    <trkpt lat="37.317811" lon="-3.180105"><ele>959.8</ele></trkpt>
    <trkpt lat="37.317637" lon="-3.180995"><ele>956.8</ele></trkpt>
    <trkpt lat="37.317363" lon="-3.181765"><ele>950.8</ele></trkpt>
    <trkpt lat="37.317111" lon="-3.182298"><ele>946.3</ele></trkpt>
    <trkpt lat="37.317049" lon="-3.182488"><ele>944.8</ele></trkpt>
    <trkpt lat="37.317001" lon="-3.182901"><ele>941.5</ele></trkpt>
    <trkpt lat="37.316958" lon="-3.183107"><ele>939.7</ele></trkpt>
    <trkpt lat="37.31677" lon="-3.183582"><ele>935.5</ele></trkpt>
    <trkpt lat="37.316743" lon="-3.183743"><ele>934.3</ele></trkpt>
    <trkpt lat="37.316753" lon="-3.183914"><ele>933</ele></trkpt>
    <trkpt lat="37.316832" lon="-3.184371"><ele>929.8</ele></trkpt>
    <trkpt lat="37.316851" lon="-3.18486"><ele>926.6</ele></trkpt>
    <trkpt lat="37.316817" lon="-3.185122"><ele>924.8</ele></trkpt>
    <trkpt lat="37.316725" lon="-3.185483"><ele>922.5</ele></trkpt>
    <trkpt lat="37.316714" lon="-3.185802"><ele>920.7</ele></trkpt>
    <trkpt lat="37.316736" lon="-3.186193"><ele>918.5</ele></trkpt>
    <trkpt lat="37.31674" lon="-3.186376"><ele>917.5</ele></trkpt>
    <trkpt lat="37.316778" lon="-3.186965"><ele>914.2</ele></trkpt>
    <trkpt lat="37.316797" lon="-3.187302"><ele>912.5</ele></trkpt>
    <trkpt lat="37.316819" lon="-3.18761"><ele>911</ele></trkpt>
    <trkpt lat="37.316835" lon="-3.187825"><ele>910.1</ele></trkpt>
    <trkpt lat="37.316849" lon="-3.188049"><ele>909.1</ele></trkpt>
    <trkpt lat="37.316855" lon="-3.188389"><ele>907.7</ele></trkpt>
    <trkpt lat="37.316859" lon="-3.188663"><ele>906.7</ele></trkpt>
    <trkpt lat="37.316842" lon="-3.18897"><ele>905.6</ele></trkpt>
    <trkpt lat="37.316896" lon="-3.189553"><ele>903.5</ele></trkpt>
    <trkpt lat="37.316988" lon="-3.190275"><ele>900.5</ele></trkpt>
    <trkpt lat="37.316985" lon="-3.190403"><ele>900</ele></trkpt>
    <trkpt lat="37.316937" lon="-3.190693"><ele>898.7</ele></trkpt>
    <trkpt lat="37.316692" lon="-3.191321"><ele>895.8</ele></trkpt>
    <trkpt lat="37.316628" lon="-3.19155"><ele>894.7</ele></trkpt>
    <trkpt lat="37.316508" lon="-3.191614"><ele>894</ele></trkpt>
    <trkpt lat="37.316283" lon="-3.191815"><ele>892.5</ele></trkpt>
    <trkpt lat="37.316084" lon="-3.191999"><ele>891.2</ele></trkpt>
    <trkpt lat="37.315913" lon="-3.192168"><ele>890.2</ele></trkpt>
    <trkpt lat="37.315853" lon="-3.192227"><ele>889.8</ele></trkpt>
    <trkpt lat="37.315694" lon="-3.192381"><ele>888.9</ele></trkpt>
    <trkpt lat="37.315254" lon="-3.192767"><ele>886.6</ele></trkpt>
    <trkpt lat="37.314322" lon="-3.193392"><ele>882.9</ele></trkpt>
    <trkpt lat="37.313593" lon="-3.193873"><ele>880.4</ele></trkpt>
    <trkpt lat="37.313505" lon="-3.193935"><ele>880.1</ele></trkpt>
    <trkpt lat="37.313279" lon="-3.194116"><ele>879.3</ele></trkpt>
    <trkpt lat="37.313159" lon="-3.194251"><ele>878.8</ele></trkpt>
    <trkpt lat="37.312898" lon="-3.194691"><ele>877.4</ele></trkpt>
    <trkpt lat="37.312783" lon="-3.194915"><ele>876.7</ele></trkpt>
    <trkpt lat="37.31252" lon="-3.195317"><ele>875.4</ele></trkpt>
    <trkpt lat="37.3121" lon="-3.195768"><ele>874.1</ele></trkpt>
    <trkpt lat="37.311917" lon="-3.196092"><ele>873.6</ele></trkpt>
    <trkpt lat="37.311731" lon="-3.196603"><ele>873.4</ele></trkpt>
    <trkpt lat="37.311621" lon="-3.196825"><ele>873.6</ele></trkpt>
    <trkpt lat="37.31157" lon="-3.196916"><ele>873.7</ele></trkpt>
    <trkpt lat="37.311467" lon="-3.197092"><ele>873.9</ele></trkpt>
    <trkpt lat="37.311371" lon="-3.197263"><ele>874.3</ele></trkpt>
    <trkpt lat="37.311339" lon="-3.197319"><ele>874.5</ele></trkpt>
    <trkpt lat="37.31131" lon="-3.197371"><ele>874.6</ele></trkpt>
    <trkpt lat="37.311197" lon="-3.197615"><ele>875.3</ele></trkpt>
    <trkpt lat="37.310895" lon="-3.198507"><ele>878.2</ele></trkpt>
    <trkpt lat="37.310613" lon="-3.199026"><ele>880.5</ele></trkpt>
    <trkpt lat="37.310485" lon="-3.199338"><ele>881.7</ele></trkpt>
    <trkpt lat="37.310359" lon="-3.200269"><ele>884.8</ele></trkpt>
    <trkpt lat="37.310288" lon="-3.200607"><ele>886.1</ele></trkpt>
    <trkpt lat="37.310206" lon="-3.200951"><ele>887.6</ele></trkpt>
    <trkpt lat="37.310084" lon="-3.201332"><ele>889.5</ele></trkpt>
    <trkpt lat="37.30986" lon="-3.201952"><ele>892.6</ele></trkpt>
    <trkpt lat="37.309699" lon="-3.202244"><ele>894.1</ele></trkpt>
    <trkpt lat="37.309342" lon="-3.202651"><ele>896.6</ele></trkpt>
    <trkpt lat="37.309247" lon="-3.20281"><ele>897.4</ele></trkpt>
    <trkpt lat="37.309124" lon="-3.203185"><ele>898.7</ele></trkpt>
    <trkpt lat="37.309058" lon="-3.20369"><ele>900.2</ele></trkpt>
    <trkpt lat="37.308959" lon="-3.204145"><ele>901.4</ele></trkpt>
    <trkpt lat="37.308803" lon="-3.204545"><ele>902.7</ele></trkpt>
    <trkpt lat="37.308626" lon="-3.204835"><ele>904</ele></trkpt>
    <trkpt lat="37.308514" lon="-3.204956"><ele>904.6</ele></trkpt>
    <trkpt lat="37.308117" lon="-3.205283"><ele>906.9</ele></trkpt>
    <trkpt lat="37.307999" lon="-3.205435"><ele>907.9</ele></trkpt>
    <trkpt lat="37.307674" lon="-3.205976"><ele>911</ele></trkpt>
    <trkpt lat="37.307201" lon="-3.206473"><ele>915.3</ele></trkpt>
    <trkpt lat="37.30693" lon="-3.206859"><ele>918.1</ele></trkpt>
    <trkpt lat="37.306805" lon="-3.207074"><ele>919.5</ele></trkpt>
    <trkpt lat="37.306561" lon="-3.207365"><ele>921.6</ele></trkpt>
    <trkpt lat="37.30634" lon="-3.207514"><ele>923.1</ele></trkpt>
    <trkpt lat="37.306199" lon="-3.207569"><ele>924</ele></trkpt>
    <trkpt lat="37.305885" lon="-3.207609"><ele>925.9</ele></trkpt>
    <trkpt lat="37.305327" lon="-3.207587"><ele>929.1</ele></trkpt>
    <trkpt lat="37.305102" lon="-3.207652"><ele>930.5</ele></trkpt>
    <trkpt lat="37.304889" lon="-3.207801"><ele>931.9</ele></trkpt>
    <trkpt lat="37.304695" lon="-3.20802"><ele>933.4</ele></trkpt>
    <trkpt lat="37.304672" lon="-3.208066"><ele>933.7</ele></trkpt>
    <trkpt lat="37.304589" lon="-3.20823"><ele>934.6</ele></trkpt>
    <trkpt lat="37.304224" lon="-3.209121"><ele>939.3</ele></trkpt>
    <trkpt lat="37.303957" lon="-3.209256"><ele>940.7</ele></trkpt>
    <trkpt lat="37.30371" lon="-3.209317"><ele>942</ele></trkpt>
    <trkpt lat="37.303664" lon="-3.209379"><ele>942.4</ele></trkpt>
    <trkpt lat="37.303433" lon="-3.209703"><ele>944.2</ele></trkpt>
    <trkpt lat="37.303439" lon="-3.209772"><ele>944.5</ele></trkpt>
    <trkpt lat="37.303463" lon="-3.210031"><ele>945.6</ele></trkpt>
    <trkpt lat="37.303508" lon="-3.210334"><ele>946.9</ele></trkpt>
    <trkpt lat="37.30351" lon="-3.210458"><ele>947.3</ele></trkpt>
    <trkpt lat="37.303465" lon="-3.210644"><ele>948.1</ele></trkpt>
    <trkpt lat="37.303377" lon="-3.210801"><ele>948.7</ele></trkpt>
    <trkpt lat="37.302918" lon="-3.211268"><ele>951</ele></trkpt>
    <trkpt lat="37.302724" lon="-3.211441"><ele>951.9</ele></trkpt>
    <trkpt lat="37.302561" lon="-3.211635"><ele>952.6</ele></trkpt>
    <trkpt lat="37.302447" lon="-3.211813"><ele>953.2</ele></trkpt>
    <trkpt lat="37.302391" lon="-3.211903"><ele>953.5</ele></trkpt>
    <trkpt lat="37.302371" lon="-3.211932"><ele>953.6</ele></trkpt>
    <trkpt lat="37.302323" lon="-3.212051"><ele>953.9</ele></trkpt>
    <trkpt lat="37.302089" lon="-3.212394"><ele>954.9</ele></trkpt>
    <trkpt lat="37.302021" lon="-3.212501"><ele>955.2</ele></trkpt>
    <trkpt lat="37.302018" lon="-3.212582"><ele>955.4</ele></trkpt>
    <trkpt lat="37.301986" lon="-3.21262"><ele>955.5</ele></trkpt>
    <trkpt lat="37.301929" lon="-3.212624"><ele>955.7</ele></trkpt>
    <trkpt lat="37.301555" lon="-3.212988"><ele>957.4</ele></trkpt>
    <trkpt lat="37.301391" lon="-3.213096"><ele>958.1</ele></trkpt>
    <trkpt lat="37.301148" lon="-3.213238"><ele>959.1</ele></trkpt>
    <trkpt lat="37.299412" lon="-3.214338"><ele>967.5</ele></trkpt>
    <trkpt lat="37.298679" lon="-3.21499"><ele>971.2</ele></trkpt>
    <trkpt lat="37.297032" lon="-3.215775"><ele>978.2</ele></trkpt>
    <trkpt lat="37.296681" lon="-3.215898"><ele>979.8</ele></trkpt>
    <trkpt lat="37.29577" lon="-3.216207"><ele>984.2</ele></trkpt>
    <trkpt lat="37.295645" lon="-3.216295"><ele>984.8</ele></trkpt>
    <trkpt lat="37.295233" lon="-3.216583"><ele>986.7</ele></trkpt>
    <trkpt lat="37.294881" lon="-3.216957"><ele>989.1</ele></trkpt>
    <trkpt lat="37.29454" lon="-3.217367"><ele>991.3</ele></trkpt>
    <trkpt lat="37.294481" lon="-3.217516"><ele>991.9</ele></trkpt>
    <trkpt lat="37.294411" lon="-3.217716"><ele>992.7</ele></trkpt>
    <trkpt lat="37.294372" lon="-3.217893"><ele>993.4</ele></trkpt>
    <trkpt lat="37.293814" lon="-3.219113"><ele>997.6</ele></trkpt>
    <trkpt lat="37.293662" lon="-3.219305"><ele>997.9</ele></trkpt>
    <trkpt lat="37.293299" lon="-3.219408"><ele>998</ele></trkpt>
    <trkpt lat="37.293194" lon="-3.219511"><ele>998</ele></trkpt>
    <trkpt lat="37.293159" lon="-3.219691"><ele>997.9</ele></trkpt>
    <trkpt lat="37.293213" lon="-3.219899"><ele>997.7</ele></trkpt>
    <trkpt lat="37.293376" lon="-3.220308"><ele>997.2</ele></trkpt>
    <trkpt lat="37.293365" lon="-3.221051"><ele>996</ele></trkpt>
    <trkpt lat="37.293351" lon="-3.222137"><ele>995.2</ele></trkpt>
    <trkpt lat="37.293291" lon="-3.222351"><ele>995.3</ele></trkpt>
    <trkpt lat="37.293093" lon="-3.222648"><ele>995.6</ele></trkpt>
    <trkpt lat="37.293005" lon="-3.22294"><ele>996</ele></trkpt>
    <trkpt lat="37.29304" lon="-3.223188"><ele>996.3</ele></trkpt>
    <trkpt lat="37.293529" lon="-3.224493"><ele>997.6</ele></trkpt>
    <trkpt lat="37.293774" lon="-3.225134"><ele>998</ele></trkpt>
    <trkpt lat="37.293918" lon="-3.22551"><ele>998.3</ele></trkpt>
    <trkpt lat="37.293972" lon="-3.225765"><ele>998.5</ele></trkpt>
    <trkpt lat="37.293901" lon="-3.226403"><ele>999.4</ele></trkpt>
    <trkpt lat="37.293976" lon="-3.228955"><ele>1008.5</ele></trkpt>
    <trkpt lat="37.293433" lon="-3.231306"><ele>1022.1</ele></trkpt>
    <trkpt lat="37.293357" lon="-3.231562"><ele>1023.7</ele></trkpt>
    <trkpt lat="37.292459" lon="-3.233635"><ele>1036.9</ele></trkpt>
    <trkpt lat="37.292442" lon="-3.23433"><ele>1039.8</ele></trkpt>
    <trkpt lat="37.292498" lon="-3.234595"><ele>1040.7</ele></trkpt>
    <trkpt lat="37.292873" lon="-3.235251"><ele>1042.3</ele></trkpt>
    <trkpt lat="37.292877" lon="-3.235501"><ele>1042.4</ele></trkpt>
    <trkpt lat="37.292762" lon="-3.235959"><ele>1042.3</ele></trkpt>
    <trkpt lat="37.29278" lon="-3.236252"><ele>1042</ele></trkpt>
    <trkpt lat="37.293002" lon="-3.237571"><ele>1042</ele></trkpt>
    <trkpt lat="37.293045" lon="-3.237828"><ele>1042.6</ele></trkpt>
    <trkpt lat="37.293187" lon="-3.238669"><ele>1043.5</ele></trkpt>
    <trkpt lat="37.293187" lon="-3.239082"><ele>1043.4</ele></trkpt>
    <trkpt lat="37.293166" lon="-3.239175"><ele>1043.4</ele></trkpt>
    <trkpt lat="37.293047" lon="-3.239693"><ele>1042.5</ele></trkpt>
    <trkpt lat="37.292848" lon="-3.240286"><ele>1039.2</ele></trkpt>
    <trkpt lat="37.29281" lon="-3.240466"><ele>1037.9</ele></trkpt>
    <trkpt lat="37.292823" lon="-3.240753"><ele>1035.7</ele></trkpt>
    <trkpt lat="37.292906" lon="-3.241186"><ele>1032.8</ele></trkpt>
    <trkpt lat="37.293167" lon="-3.24168"><ele>1029.6</ele></trkpt>
    <trkpt lat="37.293508" lon="-3.242112"><ele>1027</ele></trkpt>
    <trkpt lat="37.293586" lon="-3.242284"><ele>1026.3</ele></trkpt>
    <trkpt lat="37.293558" lon="-3.242506"><ele>1025.5</ele></trkpt>
    <trkpt lat="37.29293" lon="-3.243432"><ele>1021.4</ele></trkpt>
    <trkpt lat="37.29329" lon="-3.244207"><ele>1019.8</ele></trkpt>
    <trkpt lat="37.293385" lon="-3.244419"><ele>1019.6</ele></trkpt>
    <trkpt lat="37.293403" lon="-3.244459"><ele>1019.6</ele></trkpt>
    <trkpt lat="37.293462" lon="-3.244691"><ele>1019.7</ele></trkpt>
    <trkpt lat="37.29347" lon="-3.244883"><ele>1019.8</ele></trkpt>
    <trkpt lat="37.293441" lon="-3.245064"><ele>1020.2</ele></trkpt>
    <trkpt lat="37.292251" lon="-3.248792"><ele>1044.1</ele></trkpt>
    <trkpt lat="37.292172" lon="-3.249215"><ele>1045.7</ele></trkpt>
    <trkpt lat="37.292157" lon="-3.249508"><ele>1046.5</ele></trkpt>
    <trkpt lat="37.292189" lon="-3.249764"><ele>1047.2</ele></trkpt>
    <trkpt lat="37.292303" lon="-3.250134"><ele>1048.1</ele></trkpt>
    <trkpt lat="37.292526" lon="-3.250571"><ele>1049.2</ele></trkpt>
    <trkpt lat="37.293224" lon="-3.251796"><ele>1051.5</ele></trkpt>
    <trkpt lat="37.293297" lon="-3.251997"><ele>1051.8</ele></trkpt>
    <trkpt lat="37.293335" lon="-3.252188"><ele>1051.9</ele></trkpt>
    <trkpt lat="37.293337" lon="-3.252397"><ele>1051.9</ele></trkpt>
    <trkpt lat="37.293286" lon="-3.25263"><ele>1051.8</ele></trkpt>
    <trkpt lat="37.293206" lon="-3.252871"><ele>1051.6</ele></trkpt>
    <trkpt lat="37.292963" lon="-3.25344"><ele>1050.9</ele></trkpt>
    <trkpt lat="37.292865" lon="-3.253741"><ele>1050.9</ele></trkpt>
    <trkpt lat="37.292822" lon="-3.254178"><ele>1051.5</ele></trkpt>
    <trkpt lat="37.292854" lon="-3.254327"><ele>1051.7</ele></trkpt>
    <trkpt lat="37.292279" lon="-3.254958"><ele>1053.8</ele></trkpt>
    <trkpt lat="37.292006" lon="-3.25532"><ele>1054.8</ele></trkpt>
    <trkpt lat="37.291476" lon="-3.25613"><ele>1054</ele></trkpt>
    <trkpt lat="37.291224" lon="-3.256449"><ele>1052.3</ele></trkpt>
    <trkpt lat="37.290661" lon="-3.257016"><ele>1047.2</ele></trkpt>
    <trkpt lat="37.290327" lon="-3.257268"><ele>1043.2</ele></trkpt>
    <trkpt lat="37.289717" lon="-3.257635"><ele>1034.8</ele></trkpt>
    <trkpt lat="37.289306" lon="-3.257805"><ele>1028.3</ele></trkpt>
    <trkpt lat="37.288292" lon="-3.258146"><ele>1010.6</ele></trkpt>
    <trkpt lat="37.288039" lon="-3.258355"><ele>1005.8</ele></trkpt>
    <trkpt lat="37.287861" lon="-3.258667"><ele>1001.3</ele></trkpt>
    <trkpt lat="37.287791" lon="-3.259007"><ele>997.6</ele></trkpt>
    <trkpt lat="37.287794" lon="-3.259115"><ele>996.5</ele></trkpt>
    <trkpt lat="37.287797" lon="-3.259208"><ele>995.6</ele></trkpt>
    <trkpt lat="37.287836" lon="-3.259415"><ele>993.6</ele></trkpt>
    <trkpt lat="37.287898" lon="-3.259597"><ele>991.9</ele></trkpt>
    <trkpt lat="37.28819" lon="-3.260034"><ele>987.5</ele></trkpt>
    <trkpt lat="37.289669" lon="-3.262042"><ele>969.6</ele></trkpt>
    <trkpt lat="37.289724" lon="-3.262174"><ele>968.9</ele></trkpt>
    <trkpt lat="37.289755" lon="-3.262323"><ele>968.2</ele></trkpt>
    <trkpt lat="37.289759" lon="-3.262697"><ele>967</ele></trkpt>
    <trkpt lat="37.289591" lon="-3.26353"><ele>966.6</ele></trkpt>
    <trkpt lat="37.289439" lon="-3.264097"><ele>968.6</ele></trkpt>
    <trkpt lat="37.289232" lon="-3.265048"><ele>975.3</ele></trkpt>
    <trkpt lat="37.289185" lon="-3.265497"><ele>978.8</ele></trkpt>
    <trkpt lat="37.289205" lon="-3.265957"><ele>982.3</ele></trkpt>
    <trkpt lat="37.28936" lon="-3.266759"><ele>988.2</ele></trkpt>
    <trkpt lat="37.289386" lon="-3.267136"><ele>990.5</ele></trkpt>
    <trkpt lat="37.28932" lon="-3.267564"><ele>992.8</ele></trkpt>
    <trkpt lat="37.289182" lon="-3.267972"><ele>994.8</ele></trkpt>
    <trkpt lat="37.289128" lon="-3.268242"><ele>995.8</ele></trkpt>
    <trkpt lat="37.289114" lon="-3.268502"><ele>996.8</ele></trkpt>
    <trkpt lat="37.289136" lon="-3.268748"><ele>997.6</ele></trkpt>
    <trkpt lat="37.289201" lon="-3.269004"><ele>998.5</ele></trkpt>
    <trkpt lat="37.289334" lon="-3.26936"><ele>999.6</ele></trkpt>
    <trkpt lat="37.289404" lon="-3.269647"><ele>1000.4</ele></trkpt>
    <trkpt lat="37.289445" lon="-3.269967"><ele>1001.2</ele></trkpt>
    <trkpt lat="37.289451" lon="-3.270303"><ele>1001.9</ele></trkpt>
    <trkpt lat="37.289363" lon="-3.271119"><ele>1002.3</ele></trkpt>
    <trkpt lat="37.289282" lon="-3.271444"><ele>1001.8</ele></trkpt>
    <trkpt lat="37.289157" lon="-3.271763"><ele>1001</ele></trkpt>
    <trkpt lat="37.289006" lon="-3.272049"><ele>999.9</ele></trkpt>
    <trkpt lat="37.288822" lon="-3.272292"><ele>998.6</ele></trkpt>
    <trkpt lat="37.288528" lon="-3.272582"><ele>996.4</ele></trkpt>
    <trkpt lat="37.287054" lon="-3.273867"><ele>988.2</ele></trkpt>
    <trkpt lat="37.286764" lon="-3.274159"><ele>987</ele></trkpt>
    <trkpt lat="37.28647" lon="-3.274504"><ele>985.6</ele></trkpt>
    <trkpt lat="37.285373" lon="-3.275968"><ele>977.3</ele></trkpt>
    <trkpt lat="37.285085" lon="-3.276441"><ele>974.1</ele></trkpt>
    <trkpt lat="37.284862" lon="-3.276865"><ele>971.4</ele></trkpt>
    <trkpt lat="37.284687" lon="-3.277268"><ele>968.9</ele></trkpt>
    <trkpt lat="37.28452" lon="-3.277724"><ele>966.1</ele></trkpt>
    <trkpt lat="37.284392" lon="-3.27815"><ele>963.5</ele></trkpt>
    <trkpt lat="37.284185" lon="-3.279038"><ele>960.7</ele></trkpt>
    <trkpt lat="37.284107" lon="-3.279375"><ele>960.5</ele></trkpt>
    <trkpt lat="37.283928" lon="-3.280102"><ele>961.5</ele></trkpt>
    <trkpt lat="37.283728" lon="-3.280675"><ele>963.3</ele></trkpt>
    <trkpt lat="37.283541" lon="-3.281022"><ele>964.7</ele></trkpt>
    <trkpt lat="37.283157" lon="-3.281619"><ele>966.9</ele></trkpt>
    <trkpt lat="37.282779" lon="-3.282062"><ele>968.1</ele></trkpt>
    <trkpt lat="37.282541" lon="-3.282231"><ele>968.5</ele></trkpt>
    <trkpt lat="37.282328" lon="-3.282339"><ele>968.9</ele></trkpt>
    <trkpt lat="37.281546" lon="-3.282655"><ele>970</ele></trkpt>
    <trkpt lat="37.28094" lon="-3.282968"><ele>971.6</ele></trkpt>
    <trkpt lat="37.280679" lon="-3.283162"><ele>972.6</ele></trkpt>
    <trkpt lat="37.280116" lon="-3.28363"><ele>975.2</ele></trkpt>
    <trkpt lat="37.279948" lon="-3.283788"><ele>976.1</ele></trkpt>
    <trkpt lat="37.279802" lon="-3.283984"><ele>977</ele></trkpt>
    <trkpt lat="37.279564" lon="-3.284626"><ele>979.1</ele></trkpt>
    <trkpt lat="37.279375" lon="-3.285473"><ele>980.8</ele></trkpt>
    <trkpt lat="37.279263" lon="-3.285949"><ele>981.4</ele></trkpt>
    <trkpt lat="37.279195" lon="-3.286071"><ele>981.6</ele></trkpt>
    <trkpt lat="37.279124" lon="-3.28613"><ele>981.8</ele></trkpt>
    <trkpt lat="37.278937" lon="-3.286161"><ele>982</ele></trkpt>
    <trkpt lat="37.278864" lon="-3.286151"><ele>982.1</ele></trkpt>
    <trkpt lat="37.278718" lon="-3.286995"><ele>983.1</ele></trkpt>
    <trkpt lat="37.278717" lon="-3.287061"><ele>983.1</ele></trkpt>
    <trkpt lat="37.278681" lon="-3.287616"><ele>983.8</ele></trkpt>
    <trkpt lat="37.278629" lon="-3.28823"><ele>984.8</ele></trkpt>
    <trkpt lat="37.278554" lon="-3.289209"><ele>986.1</ele></trkpt>
    <trkpt lat="37.278355" lon="-3.290692"><ele>988.3</ele></trkpt>
    <trkpt lat="37.27807" lon="-3.291924"><ele>990.6</ele></trkpt>
    <trkpt lat="37.278039" lon="-3.292743"><ele>992.2</ele></trkpt>
    <trkpt lat="37.277987" lon="-3.292943"><ele>992.6</ele></trkpt>
    <trkpt lat="37.277775" lon="-3.293456"><ele>993.6</ele></trkpt>
    <trkpt lat="37.277716" lon="-3.293694"><ele>994</ele></trkpt>
    <trkpt lat="37.277688" lon="-3.294622"><ele>995.5</ele></trkpt>
    <trkpt lat="37.277739" lon="-3.294877"><ele>995.9</ele></trkpt>
    <trkpt lat="37.277947" lon="-3.295322"><ele>996.7</ele></trkpt>
    <trkpt lat="37.27799" lon="-3.296362"><ele>998.4</ele></trkpt>
    <trkpt lat="37.278073" lon="-3.297148"><ele>999.8</ele></trkpt>
    <trkpt lat="37.278034" lon="-3.297349"><ele>1000.1</ele></trkpt>
    <trkpt lat="37.277829" lon="-3.297852"><ele>1001.1</ele></trkpt>
    <trkpt lat="37.277809" lon="-3.297946"><ele>1001.3</ele></trkpt>
    <trkpt lat="37.277826" lon="-3.29814"><ele>1001.7</ele></trkpt>
    <trkpt lat="37.277929" lon="-3.298509"><ele>1002.4</ele></trkpt>
    <trkpt lat="37.277943" lon="-3.298696"><ele>1002.8</ele></trkpt>
    <trkpt lat="37.277689" lon="-3.300601"><ele>1007.4</ele></trkpt>
    <trkpt lat="37.277495" lon="-3.30153"><ele>1009.8</ele></trkpt>
    <trkpt lat="37.277302" lon="-3.302194"><ele>1011.4</ele></trkpt>
    <trkpt lat="37.277283" lon="-3.30225"><ele>1011.6</ele></trkpt>
    <trkpt lat="37.277233" lon="-3.302391"><ele>1011.9</ele></trkpt>
    <trkpt lat="37.277022" lon="-3.303027"><ele>1013.3</ele></trkpt>
    <trkpt lat="37.276904" lon="-3.303515"><ele>1014.3</ele></trkpt>
    <trkpt lat="37.276682" lon="-3.304346"><ele>1016.1</ele></trkpt>
    <trkpt lat="37.276262" lon="-3.305817"><ele>1020</ele></trkpt>
    <trkpt lat="37.275963" lon="-3.30658"><ele>1022.4</ele></trkpt>
    <trkpt lat="37.275914" lon="-3.307005"><ele>1023.7</ele></trkpt>
    <trkpt lat="37.275859" lon="-3.308712"><ele>1028.3</ele></trkpt>
    <trkpt lat="37.275937" lon="-3.30965"><ele>1030.2</ele></trkpt>
    <trkpt lat="37.276091" lon="-3.310971"><ele>1032.8</ele></trkpt>
    <trkpt lat="37.276248" lon="-3.311756"><ele>1034.4</ele></trkpt>
    <trkpt lat="37.276293" lon="-3.312971"><ele>1037.5</ele></trkpt>
    <trkpt lat="37.276376" lon="-3.313677"><ele>1039.5</ele></trkpt>
    <trkpt lat="37.276458" lon="-3.314053"><ele>1040.6</ele></trkpt>
    <trkpt lat="37.276702" lon="-3.314739"><ele>1042.6</ele></trkpt>
    <trkpt lat="37.276751" lon="-3.315038"><ele>1043.5</ele></trkpt>
    <trkpt lat="37.276751" lon="-3.315177"><ele>1043.8</ele></trkpt>
    <trkpt lat="37.2767" lon="-3.31539"><ele>1044.5</ele></trkpt>
    <trkpt lat="37.276539" lon="-3.315717"><ele>1045.6</ele></trkpt>
    <trkpt lat="37.275723" lon="-3.317127"><ele>1051.6</ele></trkpt>
    <trkpt lat="37.275687" lon="-3.317347"><ele>1052.4</ele></trkpt>
    <trkpt lat="37.275863" lon="-3.318771"><ele>1057.2</ele></trkpt>
    <trkpt lat="37.275852" lon="-3.318952"><ele>1057.9</ele></trkpt>
    <trkpt lat="37.2757" lon="-3.319374"><ele>1059.8</ele></trkpt>
    <trkpt lat="37.275246" lon="-3.320109"><ele>1063.5</ele></trkpt>
    <trkpt lat="37.274642" lon="-3.321422"><ele>1069.7</ele></trkpt>
    <trkpt lat="37.274432" lon="-3.322428"><ele>1073.4</ele></trkpt>
    <trkpt lat="37.274251" lon="-3.32362"><ele>1078.1</ele></trkpt>
    <trkpt lat="37.274171" lon="-3.323895"><ele>1079.1</ele></trkpt>
    <trkpt lat="37.274027" lon="-3.324064"><ele>1079.9</ele></trkpt>
    <trkpt lat="37.273648" lon="-3.32424"><ele>1081.6</ele></trkpt>
    <trkpt lat="37.273475" lon="-3.32441"><ele>1082.5</ele></trkpt>
    <trkpt lat="37.273426" lon="-3.324513"><ele>1082.9</ele></trkpt>
    <trkpt lat="37.273363" lon="-3.324887"><ele>1084.3</ele></trkpt>
    <trkpt lat="37.273289" lon="-3.325112"><ele>1085.1</ele></trkpt>
    <trkpt lat="37.273197" lon="-3.325245"><ele>1085.8</ele></trkpt>
    <trkpt lat="37.27278" lon="-3.325637"><ele>1088.1</ele></trkpt>
    <trkpt lat="37.272719" lon="-3.325769"><ele>1088.7</ele></trkpt>
    <trkpt lat="37.272728" lon="-3.325943"><ele>1089.4</ele></trkpt>
    <trkpt lat="37.272818" lon="-3.326322"><ele>1091</ele></trkpt>
    <trkpt lat="37.272834" lon="-3.326502"><ele>1091.7</ele></trkpt>
    <trkpt lat="37.272666" lon="-3.328038"><ele>1097.6</ele></trkpt>
    <trkpt lat="37.272805" lon="-3.328618"><ele>1099.8</ele></trkpt>
    <trkpt lat="37.272845" lon="-3.329235"><ele>1101.9</ele></trkpt>
    <trkpt lat="37.272783" lon="-3.329612"><ele>1103.2</ele></trkpt>
    <trkpt lat="37.272407" lon="-3.330752"><ele>1107</ele></trkpt>
    <trkpt lat="37.272373" lon="-3.331015"><ele>1108</ele></trkpt>
    <trkpt lat="37.272369" lon="-3.331547"><ele>1110.6</ele></trkpt>
    <trkpt lat="37.272342" lon="-3.331627"><ele>1111.1</ele></trkpt>
    <trkpt lat="37.272264" lon="-3.33174"><ele>1111.9</ele></trkpt>
    <trkpt lat="37.272058" lon="-3.331893"><ele>1113.6</ele></trkpt>
    <trkpt lat="37.271399" lon="-3.332164"><ele>1118.8</ele></trkpt>
    <trkpt lat="37.271306" lon="-3.332263"><ele>1119.8</ele></trkpt>
    <trkpt lat="37.271252" lon="-3.332415"><ele>1120.8</ele></trkpt>
    <trkpt lat="37.271245" lon="-3.332755"><ele>1123</ele></trkpt>
    <trkpt lat="37.271219" lon="-3.332904"><ele>1123.9</ele></trkpt>
    <trkpt lat="37.27109" lon="-3.333197"><ele>1126.1</ele></trkpt>
    <trkpt lat="37.270979" lon="-3.333457"><ele>1128</ele></trkpt>
    <trkpt lat="37.270876" lon="-3.333606"><ele>1129.3</ele></trkpt>
    <trkpt lat="37.270543" lon="-3.333842"><ele>1132.5</ele></trkpt>
    <trkpt lat="37.27027" lon="-3.33422"><ele>1136.3</ele></trkpt>
    <trkpt lat="37.269935" lon="-3.334463"><ele>1140.4</ele></trkpt>
    <trkpt lat="37.269837" lon="-3.334564"><ele>1141.8</ele></trkpt>
    <trkpt lat="37.269724" lon="-3.334741"><ele>1143.8</ele></trkpt>
    <trkpt lat="37.269592" lon="-3.335038"><ele>1146.7</ele></trkpt>
    <trkpt lat="37.269552" lon="-3.335129"><ele>1147.6</ele></trkpt>
    <trkpt lat="37.269496" lon="-3.335195"><ele>1148.4</ele></trkpt>
    <trkpt lat="37.269371" lon="-3.33522"><ele>1149.7</ele></trkpt>
    <trkpt lat="37.269147" lon="-3.335136"><ele>1152.1</ele></trkpt>
    <trkpt lat="37.268981" lon="-3.335124"><ele>1153.9</ele></trkpt>
    <trkpt lat="37.268919" lon="-3.335149"><ele>1154.5</ele></trkpt>
    <trkpt lat="37.268074" lon="-3.335791"><ele>1164.5</ele></trkpt>
    <trkpt lat="37.267885" lon="-3.335869"><ele>1166.3</ele></trkpt>
    <trkpt lat="37.267354" lon="-3.335852"><ele>1171.1</ele></trkpt>
    <trkpt lat="37.267191" lon="-3.335897"><ele>1172.4</ele></trkpt>
    <trkpt lat="37.266637" lon="-3.336315"><ele>1176.8</ele></trkpt>
    <trkpt lat="37.265676" lon="-3.337442"><ele>1181.5</ele></trkpt>
    <trkpt lat="37.265376" lon="-3.338266"><ele>1183.6</ele></trkpt>
    <trkpt lat="37.264974" lon="-3.338931"><ele>1186.1</ele></trkpt>
    <trkpt lat="37.2647" lon="-3.339195"><ele>1187.3</ele></trkpt>
    <trkpt lat="37.264519" lon="-3.339534"><ele>1188.3</ele></trkpt>
    <trkpt lat="37.2644" lon="-3.339952"><ele>1189.3</ele></trkpt>
    <trkpt lat="37.263749" lon="-3.340929"><ele>1190.7</ele></trkpt>
    <trkpt lat="37.263632" lon="-3.341766"><ele>1193.5</ele></trkpt>
    <trkpt lat="37.263629" lon="-3.341935"><ele>1194.3</ele></trkpt>
    <trkpt lat="37.263627" lon="-3.342129"><ele>1195.2</ele></trkpt>
    <trkpt lat="37.263698" lon="-3.342463"><ele>1197.1</ele></trkpt>
    <trkpt lat="37.263887" lon="-3.342958"><ele>1200.1</ele></trkpt>
    <trkpt lat="37.26434" lon="-3.344024"><ele>1204.5</ele></trkpt>
    <trkpt lat="37.264964" lon="-3.344641"><ele>1204.9</ele></trkpt>
    <trkpt lat="37.26519" lon="-3.345311"><ele>1205.4</ele></trkpt>
    <trkpt lat="37.265258" lon="-3.345912"><ele>1206.3</ele></trkpt>
    <trkpt lat="37.264814" lon="-3.348954"><ele>1210.2</ele></trkpt>
    <trkpt lat="37.264554" lon="-3.349705"><ele>1210.3</ele></trkpt>
    <trkpt lat="37.264178" lon="-3.350649"><ele>1210.6</ele></trkpt>
    <trkpt lat="37.2637" lon="-3.35125"><ele>1211.7</ele></trkpt>
    <trkpt lat="37.262675" lon="-3.352838"><ele>1216.1</ele></trkpt>
    <trkpt lat="37.26237" lon="-3.354256"><ele>1219.1</ele></trkpt>
    <trkpt lat="37.262197" lon="-3.355155"><ele>1221.2</ele></trkpt>
    <trkpt lat="37.261411" lon="-3.356872"><ele>1226.2</ele></trkpt>
    <trkpt lat="37.260952" lon="-3.357737"><ele>1227.8</ele></trkpt>
    <trkpt lat="37.260455" lon="-3.358674"><ele>1228.7</ele></trkpt>
    <trkpt lat="37.259977" lon="-3.359361"><ele>1229.4</ele></trkpt>
    <trkpt lat="37.258303" lon="-3.360605"><ele>1234.2</ele></trkpt>
    <trkpt lat="37.257176" lon="-3.362045"><ele>1239.3</ele></trkpt>
    <trkpt lat="37.255878" lon="-3.363738"><ele>1246.7</ele></trkpt>
    <trkpt lat="37.255536" lon="-3.364682"><ele>1249.6</ele></trkpt>
    <trkpt lat="37.255329" lon="-3.365156"><ele>1251</ele></trkpt>
    <trkpt lat="37.254785" lon="-3.366399"><ele>1254.6</ele></trkpt>
    <trkpt lat="37.253624" lon="-3.369403"><ele>1266.3</ele></trkpt>
    <trkpt lat="37.253338" lon="-3.37146"><ele>1271.4</ele></trkpt>
    <trkpt lat="37.253391" lon="-3.372346"><ele>1272.5</ele></trkpt>
    <trkpt lat="37.253378" lon="-3.373115"><ele>1274.9</ele></trkpt>
    <trkpt lat="37.253348" lon="-3.373346"><ele>1276.1</ele></trkpt>
    <trkpt lat="37.253223" lon="-3.37367"><ele>1278.4</ele></trkpt>
    <trkpt lat="37.252783" lon="-3.374559"><ele>1286.8</ele></trkpt>
    <trkpt lat="37.252651" lon="-3.374729"><ele>1288.7</ele></trkpt>
    <trkpt lat="37.252469" lon="-3.374835"><ele>1290.6</ele></trkpt>
    <trkpt lat="37.251374" lon="-3.375068"><ele>1295.7</ele></trkpt>
    <trkpt lat="37.250676" lon="-3.375216"><ele>1294.9</ele></trkpt>
    <trkpt lat="37.249543" lon="-3.375542"><ele>1291.8</ele></trkpt>
    <trkpt lat="37.248593" lon="-3.375849"><ele>1286.9</ele></trkpt>
    <trkpt lat="37.24842" lon="-3.375905"><ele>1285.5</ele></trkpt>
    <trkpt lat="37.248251" lon="-3.376027"><ele>1283.9</ele></trkpt>
    <trkpt lat="37.24781" lon="-3.376577"><ele>1278.5</ele></trkpt>
    <trkpt lat="37.247718" lon="-3.376731"><ele>1277.1</ele></trkpt>
    <trkpt lat="37.24767" lon="-3.37694"><ele>1275.5</ele></trkpt>
    <trkpt lat="37.24773" lon="-3.377505"><ele>1271.9</ele></trkpt>
    <trkpt lat="37.247699" lon="-3.377644"><ele>1271.3</ele></trkpt>
    <trkpt lat="37.24764" lon="-3.377743"><ele>1270.8</ele></trkpt>
    <trkpt lat="37.247241" lon="-3.378118"><ele>1269.1</ele></trkpt>
    <trkpt lat="37.247092" lon="-3.378299"><ele>1268.6</ele></trkpt>
    <trkpt lat="37.24695" lon="-3.37884"><ele>1267.5</ele></trkpt>
    <trkpt lat="37.246898" lon="-3.378924"><ele>1267.2</ele></trkpt>
    <trkpt lat="37.246788" lon="-3.378998"><ele>1266.8</ele></trkpt>
    <trkpt lat="37.245979" lon="-3.379226"><ele>1262.7</ele></trkpt>
    <trkpt lat="37.245825" lon="-3.379206"><ele>1261.6</ele></trkpt>
    <trkpt lat="37.245433" lon="-3.378933"><ele>1257.8</ele></trkpt>
    <trkpt lat="37.245268" lon="-3.378902"><ele>1256.3</ele></trkpt>
    <trkpt lat="37.24512" lon="-3.378948"><ele>1254.8</ele></trkpt>
    <trkpt lat="37.244888" lon="-3.379147"><ele>1251.9</ele></trkpt>
    <trkpt lat="37.244739" lon="-3.379197"><ele>1250.3</ele></trkpt>
    <trkpt lat="37.244022" lon="-3.379128"><ele>1242.1</ele></trkpt>
    <trkpt lat="37.243806" lon="-3.379055"><ele>1239.5</ele></trkpt>
    <trkpt lat="37.243681" lon="-3.378894"><ele>1237.4</ele></trkpt>
    <trkpt lat="37.243554" lon="-3.378598"><ele>1234.6</ele></trkpt>
    <trkpt lat="37.24345" lon="-3.37849"><ele>1233.3</ele></trkpt>
    <trkpt lat="37.2433" lon="-3.378407"><ele>1231.9</ele></trkpt>
    <trkpt lat="37.24314" lon="-3.378417"><ele>1230.7</ele></trkpt>
    <trkpt lat="37.243" lon="-3.378518"><ele>1229.7</ele></trkpt>
    <trkpt lat="37.242946" lon="-3.378604"><ele>1229.1</ele></trkpt>
    <trkpt lat="37.242906" lon="-3.37872"><ele>1228.6</ele></trkpt>
    <trkpt lat="37.242905" lon="-3.378943"><ele>1227.7</ele></trkpt>
    <trkpt lat="37.242989" lon="-3.379117"><ele>1226.9</ele></trkpt>
    <trkpt lat="37.243145" lon="-3.379259"><ele>1226.2</ele></trkpt>
    <trkpt lat="37.243339" lon="-3.379374"><ele>1225.4</ele></trkpt>
    <trkpt lat="37.243435" lon="-3.379517"><ele>1225</ele></trkpt>
    <trkpt lat="37.243484" lon="-3.379682"><ele>1224.6</ele></trkpt>
    <trkpt lat="37.243448" lon="-3.37988"><ele>1224.2</ele></trkpt>
    <trkpt lat="37.243234" lon="-3.38026"><ele>1223.2</ele></trkpt>
    <trkpt lat="37.243214" lon="-3.380501"><ele>1222.6</ele></trkpt>
    <trkpt lat="37.24327" lon="-3.380702"><ele>1222</ele></trkpt>
    <trkpt lat="37.243617" lon="-3.381066"><ele>1220.1</ele></trkpt>
    <trkpt lat="37.243699" lon="-3.381258"><ele>1219.3</ele></trkpt>
    <trkpt lat="37.243714" lon="-3.381481"><ele>1218.4</ele></trkpt>
    <trkpt lat="37.243644" lon="-3.381678"><ele>1217.5</ele></trkpt>
    <trkpt lat="37.243537" lon="-3.381801"><ele>1216.6</ele></trkpt>
    <trkpt lat="37.243381" lon="-3.38188"><ele>1215.5</ele></trkpt>
    <trkpt lat="37.243244" lon="-3.38188"><ele>1214.6</ele></trkpt>
    <trkpt lat="37.243114" lon="-3.381844"><ele>1213.7</ele></trkpt>
    <trkpt lat="37.242831" lon="-3.381601"><ele>1211.2</ele></trkpt>
    <trkpt lat="37.242693" lon="-3.381527"><ele>1210.1</ele></trkpt>
    <trkpt lat="37.242525" lon="-3.381509"><ele>1208.9</ele></trkpt>
    <trkpt lat="37.242417" lon="-3.381545"><ele>1208.1</ele></trkpt>
    <trkpt lat="37.242233" lon="-3.381702"><ele>1206.5</ele></trkpt>
    <trkpt lat="37.24213" lon="-3.381891"><ele>1205.3</ele></trkpt>
    <trkpt lat="37.24124" lon="-3.38376"><ele>1200.7</ele></trkpt>
    <trkpt lat="37.24062" lon="-3.384268"><ele>1199.6</ele></trkpt>
    <trkpt lat="37.23999" lon="-3.384487"><ele>1198.2</ele></trkpt>
    <trkpt lat="37.23954" lon="-3.384448"><ele>1197.2</ele></trkpt>
    <trkpt lat="37.23936" lon="-3.384508"><ele>1196.8</ele></trkpt>
    <trkpt lat="37.23918" lon="-3.384907"><ele>1196</ele></trkpt>
    <trkpt lat="37.23899" lon="-3.385128"><ele>1195.6</ele></trkpt>
    <trkpt lat="37.238735" lon="-3.385202"><ele>1195.2</ele></trkpt>
    <trkpt lat="37.23726" lon="-3.385613"><ele>1195.5</ele></trkpt>
    <trkpt lat="37.23707" lon="-3.385725"><ele>1196.1</ele></trkpt>
    <trkpt lat="37.23696" lon="-3.385912"><ele>1196.7</ele></trkpt>
    <trkpt lat="37.23682" lon="-3.386463"><ele>1199.2</ele></trkpt>
    <trkpt lat="37.236754" lon="-3.386519"><ele>1199.7</ele></trkpt>
    <trkpt lat="37.2366" lon="-3.38665"><ele>1201.1</ele></trkpt>
    <trkpt lat="37.23634" lon="-3.386775"><ele>1203.4</ele></trkpt>
    <trkpt lat="37.236248" lon="-3.38696"><ele>1204.8</ele></trkpt>
    <trkpt lat="37.23615" lon="-3.387158"><ele>1206.3</ele></trkpt>
    <trkpt lat="37.23609" lon="-3.387365"><ele>1207.5</ele></trkpt>
    <trkpt lat="37.23592" lon="-3.387567"><ele>1208.8</ele></trkpt>
    <trkpt lat="37.2355" lon="-3.38789"><ele>1210.4</ele></trkpt>
    <trkpt lat="37.23546" lon="-3.388093"><ele>1210.6</ele></trkpt>
    <trkpt lat="37.23558" lon="-3.388852"><ele>1208.7</ele></trkpt>
    <trkpt lat="37.23543" lon="-3.389122"><ele>1207.3</ele></trkpt>
    <trkpt lat="37.2351" lon="-3.389495"><ele>1204.5</ele></trkpt>
    <trkpt lat="37.23508" lon="-3.390253"><ele>1201.3</ele></trkpt>
    <trkpt lat="37.23478" lon="-3.39105"><ele>1199.5</ele></trkpt>
    <trkpt lat="37.23481" lon="-3.391783"><ele>1198.9</ele></trkpt>
    <trkpt lat="37.23465" lon="-3.392142"><ele>1198.8</ele></trkpt>
    <trkpt lat="37.233679" lon="-3.393"><ele>1195.4</ele></trkpt>
    <trkpt lat="37.23362" lon="-3.393052"><ele>1195</ele></trkpt>
    <trkpt lat="37.233" lon="-3.39306"><ele>1189.5</ele></trkpt>
    <trkpt lat="37.23245" lon="-3.393197"><ele>1183.2</ele></trkpt>
    <trkpt lat="37.23211" lon="-3.393537"><ele>1178.6</ele></trkpt>
    <trkpt lat="37.231976" lon="-3.393805"><ele>1176.1</ele></trkpt>
    <trkpt lat="37.231675" lon="-3.394778"><ele>1170.5</ele></trkpt>
    <trkpt lat="37.231403" lon="-3.395228"><ele>1169.2</ele></trkpt>
    <trkpt lat="37.23133" lon="-3.395471"><ele>1168.6</ele></trkpt>
    <trkpt lat="37.231318" lon="-3.395792"><ele>1168.1</ele></trkpt>
    <trkpt lat="37.23131" lon="-3.396001"><ele>1167.8</ele></trkpt>
    <trkpt lat="37.23124" lon="-3.396348"><ele>1167.4</ele></trkpt>
    <trkpt lat="37.23112" lon="-3.396665"><ele>1167.4</ele></trkpt>
    <trkpt lat="37.230967" lon="-3.396927"><ele>1167.8</ele></trkpt>
    <trkpt lat="37.230768" lon="-3.39715"><ele>1168.6</ele></trkpt>
    <trkpt lat="37.230326" lon="-3.397456"><ele>1170.5</ele></trkpt>
    <trkpt lat="37.22978" lon="-3.398067"><ele>1172.4</ele></trkpt>
    <trkpt lat="37.2296" lon="-3.398183"><ele>1172.4</ele></trkpt>
    <trkpt lat="37.229" lon="-3.3981"><ele>1171</ele></trkpt>
    <trkpt lat="37.22806" lon="-3.398233"><ele>1165.9</ele></trkpt>
    <trkpt lat="37.22792" lon="-3.398327"><ele>1165.1</ele></trkpt>
    <trkpt lat="37.2278" lon="-3.398703"><ele>1163.8</ele></trkpt>
    <trkpt lat="37.22771" lon="-3.399105"><ele>1162.7</ele></trkpt>
    <trkpt lat="37.22754" lon="-3.399338"><ele>1162</ele></trkpt>
    <trkpt lat="37.2271" lon="-3.399598"><ele>1161.1</ele></trkpt>
    <trkpt lat="37.22677" lon="-3.400527"><ele>1160</ele></trkpt>
    <trkpt lat="37.22617" lon="-3.4013"><ele>1158.9</ele></trkpt>
    <trkpt lat="37.22579" lon="-3.401442"><ele>1158.4</ele></trkpt>
    <trkpt lat="37.22544" lon="-3.401823"><ele>1157.4</ele></trkpt>
    <trkpt lat="37.22524" lon="-3.402547"><ele>1155.3</ele></trkpt>
    <trkpt lat="37.22506" lon="-3.402973"><ele>1153.8</ele></trkpt>
    <trkpt lat="37.22437" lon="-3.403807"><ele>1150</ele></trkpt>
    <trkpt lat="37.2242" lon="-3.4045"><ele>1147.1</ele></trkpt>
    <trkpt lat="37.2238" lon="-3.404873"><ele>1145</ele></trkpt>
    <trkpt lat="37.22358" lon="-3.405265"><ele>1143.9</ele></trkpt>
    <trkpt lat="37.22361" lon="-3.405745"><ele>1142.7</ele></trkpt>
    <trkpt lat="37.22379" lon="-3.406315"><ele>1140.7</ele></trkpt>
    <trkpt lat="37.22372" lon="-3.406802"><ele>1138.6</ele></trkpt>
    <trkpt lat="37.223329" lon="-3.407279"><ele>1135.4</ele></trkpt>
    <trkpt lat="37.223222" lon="-3.407461"><ele>1134.1</ele></trkpt>
    <trkpt lat="37.22321" lon="-3.407738"><ele>1132.3</ele></trkpt>
    <trkpt lat="37.22364" lon="-3.408752"><ele>1126</ele></trkpt>
    <trkpt lat="37.223772" lon="-3.409741"><ele>1124.1</ele></trkpt>
    <trkpt lat="37.223776" lon="-3.409929"><ele>1124</ele></trkpt>
    <trkpt lat="37.223748" lon="-3.410029"><ele>1124</ele></trkpt>
    <trkpt lat="37.223377" lon="-3.410379"><ele>1124.1</ele></trkpt>
    <trkpt lat="37.223253" lon="-3.410814"><ele>1124.1</ele></trkpt>
    <trkpt lat="37.223109" lon="-3.411066"><ele>1124.2</ele></trkpt>
    <trkpt lat="37.222923" lon="-3.411183"><ele>1124</ele></trkpt>
    <trkpt lat="37.222665" lon="-3.411394"><ele>1123.4</ele></trkpt>
    <trkpt lat="37.222422" lon="-3.411727"><ele>1122.4</ele></trkpt>
    <trkpt lat="37.221913" lon="-3.41225"><ele>1119.3</ele></trkpt>
    <trkpt lat="37.221798" lon="-3.412419"><ele>1118.4</ele></trkpt>
    <trkpt lat="37.221748" lon="-3.412607"><ele>1117.5</ele></trkpt>
    <trkpt lat="37.22178" lon="-3.412873"><ele>1116.4</ele></trkpt>
    <trkpt lat="37.221965" lon="-3.413031"><ele>1115.2</ele></trkpt>
    <trkpt lat="37.222332" lon="-3.413149"><ele>1113.1</ele></trkpt>
    <trkpt lat="37.22259" lon="-3.41338"><ele>1111.3</ele></trkpt>
    <trkpt lat="37.222797" lon="-3.413879"><ele>1108.6</ele></trkpt>
    <trkpt lat="37.222793" lon="-3.414115"><ele>1107.5</ele></trkpt>
    <trkpt lat="37.222572" lon="-3.414849"><ele>1103.4</ele></trkpt>
    <trkpt lat="37.222574" lon="-3.415072"><ele>1102.2</ele></trkpt>
    <trkpt lat="37.222639" lon="-3.415237"><ele>1101.2</ele></trkpt>
    <trkpt lat="37.22289" lon="-3.415508"><ele>1099.1</ele></trkpt>
    <trkpt lat="37.22291" lon="-3.415753"><ele>1097.9</ele></trkpt>
    <trkpt lat="37.222882" lon="-3.415963"><ele>1097</ele></trkpt>
    <trkpt lat="37.22265" lon="-3.416477"><ele>1094.6</ele></trkpt>
    <trkpt lat="37.222621" lon="-3.416695"><ele>1093.9</ele></trkpt>
    <trkpt lat="37.222696" lon="-3.417214"><ele>1093.1</ele></trkpt>
    <trkpt lat="37.222668" lon="-3.417403"><ele>1092.9</ele></trkpt>
    <trkpt lat="37.222546" lon="-3.417869"><ele>1091.8</ele></trkpt>
    <trkpt lat="37.22246" lon="-3.418195"><ele>1091</ele></trkpt>
    <trkpt lat="37.222317" lon="-3.418381"><ele>1090.5</ele></trkpt>
    <trkpt lat="37.221983" lon="-3.418508"><ele>1089.5</ele></trkpt>
    <trkpt lat="37.221795" lon="-3.41872"><ele>1088.9</ele></trkpt>
    <trkpt lat="37.221467" lon="-3.419801"><ele>1086.5</ele></trkpt>
    <trkpt lat="37.22141" lon="-3.420087"><ele>1086.3</ele></trkpt>
    <trkpt lat="37.221416" lon="-3.420333"><ele>1086</ele></trkpt>
    <trkpt lat="37.22149" lon="-3.4207"><ele>1085.6</ele></trkpt>
    <trkpt lat="37.2215" lon="-3.421069"><ele>1085.2</ele></trkpt>
    <trkpt lat="37.220678" lon="-3.423073"><ele>1078.1</ele></trkpt>
    <trkpt lat="37.2207" lon="-3.42329"><ele>1077.3</ele></trkpt>
    <trkpt lat="37.22113" lon="-3.424258"><ele>1073.8</ele></trkpt>
    <trkpt lat="37.22097" lon="-3.424757"><ele>1072.7</ele></trkpt>
    <trkpt lat="37.22063" lon="-3.425578"><ele>1070.9</ele></trkpt>
    <trkpt lat="37.220771" lon="-3.426354"><ele>1069.2</ele></trkpt>
    <trkpt lat="37.220762" lon="-3.426486"><ele>1068.9</ele></trkpt>
    <trkpt lat="37.220605" lon="-3.426911"><ele>1067.9</ele></trkpt>
    <trkpt lat="37.220518" lon="-3.427307"><ele>1066.9</ele></trkpt>
    <trkpt lat="37.22051" lon="-3.427728"><ele>1065.9</ele></trkpt>
    <trkpt lat="37.220388" lon="-3.428204"><ele>1064.8</ele></trkpt>
    <trkpt lat="37.220277" lon="-3.428352"><ele>1064.4</ele></trkpt>
    <trkpt lat="37.220064" lon="-3.42857"><ele>1063.8</ele></trkpt>
    <trkpt lat="37.219593" lon="-3.429215"><ele>1063.2</ele></trkpt>
    <trkpt lat="37.219497" lon="-3.429347"><ele>1063.2</ele></trkpt>
    <trkpt lat="37.219244" lon="-3.429798"><ele>1063.4</ele></trkpt>
    <trkpt lat="37.218992" lon="-3.43059"><ele>1064.2</ele></trkpt>
    <trkpt lat="37.217675" lon="-3.431798"><ele>1064.2</ele></trkpt>
    <trkpt lat="37.217431" lon="-3.432635"><ele>1062</ele></trkpt>
    <trkpt lat="37.217167" lon="-3.433258"><ele>1059.6</ele></trkpt>
    <trkpt lat="37.217139" lon="-3.433689"><ele>1058.3</ele></trkpt>
    <trkpt lat="37.217068" lon="-3.433922"><ele>1057.8</ele></trkpt>
    <trkpt lat="37.216954" lon="-3.43412"><ele>1057.6</ele></trkpt>
    <trkpt lat="37.216755" lon="-3.434712"><ele>1058.3</ele></trkpt>
    <trkpt lat="37.21662" lon="-3.435172"><ele>1059.9</ele></trkpt>
    <trkpt lat="37.216399" lon="-3.435508"><ele>1061.9</ele></trkpt>
    <trkpt lat="37.216117" lon="-3.435799"><ele>1064.5</ele></trkpt>
    <trkpt lat="37.215841" lon="-3.435997"><ele>1067.1</ele></trkpt>
    <trkpt lat="37.215612" lon="-3.43607"><ele>1069</ele></trkpt>
    <trkpt lat="37.215366" lon="-3.43606"><ele>1070.8</ele></trkpt>
    <trkpt lat="37.214282" lon="-3.435691"><ele>1075.3</ele></trkpt>
    <trkpt lat="37.213709" lon="-3.435428"><ele>1072.9</ele></trkpt>
    <trkpt lat="37.212887" lon="-3.434547"><ele>1063.9</ele></trkpt>
    <trkpt lat="37.212813" lon="-3.434494"><ele>1063.3</ele></trkpt>
    <trkpt lat="37.212713" lon="-3.434472"><ele>1062.7</ele></trkpt>
    <trkpt lat="37.212478" lon="-3.434523"><ele>1061.9</ele></trkpt>
    <trkpt lat="37.2122" lon="-3.434636"><ele>1061.9</ele></trkpt>
    <trkpt lat="37.212005" lon="-3.434758"><ele>1062.7</ele></trkpt>
    <trkpt lat="37.211657" lon="-3.435165"><ele>1066.8</ele></trkpt>
    <trkpt lat="37.211417" lon="-3.435193"><ele>1069.4</ele></trkpt>
    <trkpt lat="37.211331" lon="-3.43525"><ele>1070.4</ele></trkpt>
    <trkpt lat="37.211182" lon="-3.435605"><ele>1074</ele></trkpt>
    <trkpt lat="37.211116" lon="-3.43571"><ele>1075.3</ele></trkpt>
    <trkpt lat="37.210974" lon="-3.435758"><ele>1077.2</ele></trkpt>
    <trkpt lat="37.210336" lon="-3.435718"><ele>1085.1</ele></trkpt>
    <trkpt lat="37.210252" lon="-3.43575"><ele>1086</ele></trkpt>
    <trkpt lat="37.210164" lon="-3.435819"><ele>1087.1</ele></trkpt>
    <trkpt lat="37.21003" lon="-3.436062"><ele>1088.9</ele></trkpt>
    <trkpt lat="37.209855" lon="-3.436262"><ele>1090.1</ele></trkpt>
    <trkpt lat="37.20975" lon="-3.436291"><ele>1090.4</ele></trkpt>
    <trkpt lat="37.209442" lon="-3.436186"><ele>1090.7</ele></trkpt>
    <trkpt lat="37.209193" lon="-3.436211"><ele>1090.1</ele></trkpt>
    <trkpt lat="37.208944" lon="-3.436192"><ele>1089</ele></trkpt>
    <trkpt lat="37.208615" lon="-3.436259"><ele>1086.6</ele></trkpt>
    <trkpt lat="37.208499" lon="-3.436197"><ele>1085.6</ele></trkpt>
    <trkpt lat="37.208399" lon="-3.436053"><ele>1084.4</ele></trkpt>
    <trkpt lat="37.208299" lon="-3.436011"><ele>1083.5</ele></trkpt>
    <trkpt lat="37.207766" lon="-3.436173"><ele>1079.9</ele></trkpt>
    <trkpt lat="37.207668" lon="-3.436305"><ele>1079.4</ele></trkpt>
    <trkpt lat="37.207561" lon="-3.436584"><ele>1078.7</ele></trkpt>
    <trkpt lat="37.20731" lon="-3.436861"><ele>1078.1</ele></trkpt>
    <trkpt lat="37.206942" lon="-3.437352"><ele>1077.4</ele></trkpt>
    <trkpt lat="37.206854" lon="-3.437437"><ele>1077.3</ele></trkpt>
    <trkpt lat="37.206679" lon="-3.437525"><ele>1077.1</ele></trkpt>
    <trkpt lat="37.206346" lon="-3.437539"><ele>1076.7</ele></trkpt>
    <trkpt lat="37.206049" lon="-3.437647"><ele>1076</ele></trkpt>
    <trkpt lat="37.205752" lon="-3.437696"><ele>1075</ele></trkpt>
    <trkpt lat="37.205616" lon="-3.437798"><ele>1074.1</ele></trkpt>
    <trkpt lat="37.205561" lon="-3.437871"><ele>1073.6</ele></trkpt>
    <trkpt lat="37.205394" lon="-3.438213"><ele>1071.4</ele></trkpt>
    <trkpt lat="37.205281" lon="-3.438328"><ele>1070.2</ele></trkpt>
    <trkpt lat="37.205068" lon="-3.438338"><ele>1068.5</ele></trkpt>
    <trkpt lat="37.204737" lon="-3.438416"><ele>1065.4</ele></trkpt>
    <trkpt lat="37.20439" lon="-3.438596"><ele>1061.7</ele></trkpt>
    <trkpt lat="37.204326" lon="-3.438654"><ele>1060.9</ele></trkpt>
    <trkpt lat="37.204021" lon="-3.439087"><ele>1057</ele></trkpt>
    <trkpt lat="37.203806" lon="-3.439499"><ele>1055</ele></trkpt>
    <trkpt lat="37.203758" lon="-3.439675"><ele>1054.5</ele></trkpt>
    <trkpt lat="37.203745" lon="-3.439878"><ele>1054.1</ele></trkpt>
    <trkpt lat="37.203841" lon="-3.440079"><ele>1053.7</ele></trkpt>
    <trkpt lat="37.204198" lon="-3.440537"><ele>1052.2</ele></trkpt>
    <trkpt lat="37.204597" lon="-3.441111"><ele>1048.3</ele></trkpt>
    <trkpt lat="37.204653" lon="-3.441304"><ele>1047.1</ele></trkpt>
    <trkpt lat="37.204659" lon="-3.441702"><ele>1044.5</ele></trkpt>
    <trkpt lat="37.204693" lon="-3.441955"><ele>1042.7</ele></trkpt>
    <trkpt lat="37.204731" lon="-3.442048"><ele>1042</ele></trkpt>
    <trkpt lat="37.204833" lon="-3.442189"><ele>1040.8</ele></trkpt>
    <trkpt lat="37.204991" lon="-3.442289"><ele>1039.3</ele></trkpt>
    <trkpt lat="37.205185" lon="-3.442307"><ele>1037.7</ele></trkpt>
    <trkpt lat="37.20674" lon="-3.442082"><ele>1031.1</ele></trkpt>
    <trkpt lat="37.207211" lon="-3.442093"><ele>1029.4</ele></trkpt>
    <trkpt lat="37.207755" lon="-3.442136"><ele>1028</ele></trkpt>
    <trkpt lat="37.207883" lon="-3.442177"><ele>1027.7</ele></trkpt>
    <trkpt lat="37.20809" lon="-3.442325"><ele>1027.2</ele></trkpt>
    <trkpt lat="37.208269" lon="-3.442534"><ele>1026.7</ele></trkpt>
    <trkpt lat="37.208349" lon="-3.442747"><ele>1026.3</ele></trkpt>
    <trkpt lat="37.20836" lon="-3.442874"><ele>1026.1</ele></trkpt>
    <trkpt lat="37.208344" lon="-3.44299"><ele>1025.9</ele></trkpt>
    <trkpt lat="37.208233" lon="-3.443192"><ele>1025.5</ele></trkpt>
    <trkpt lat="37.208079" lon="-3.443292"><ele>1025.2</ele></trkpt>
    <trkpt lat="37.207603" lon="-3.443296"><ele>1024.2</ele></trkpt>
    <trkpt lat="37.207376" lon="-3.443377"><ele>1023.6</ele></trkpt>
    <trkpt lat="37.206616" lon="-3.444061"><ele>1022.6</ele></trkpt>
    <trkpt lat="37.206356" lon="-3.444357"><ele>1022.5</ele></trkpt>
    <trkpt lat="37.206131" lon="-3.444663"><ele>1022</ele></trkpt>
    <trkpt lat="37.206023" lon="-3.444793"><ele>1021.6</ele></trkpt>
    <trkpt lat="37.205862" lon="-3.444927"><ele>1021</ele></trkpt>
    <trkpt lat="37.205665" lon="-3.445034"><ele>1020</ele></trkpt>
    <trkpt lat="37.20544" lon="-3.445093"><ele>1018.8</ele></trkpt>
    <trkpt lat="37.204387" lon="-3.44519"><ele>1009</ele></trkpt>
    <trkpt lat="37.204113" lon="-3.445275"><ele>1006.1</ele></trkpt>
    <trkpt lat="37.203993" lon="-3.44537"><ele>1004.8</ele></trkpt>
    <trkpt lat="37.203658" lon="-3.445776"><ele>1000.8</ele></trkpt>
    <trkpt lat="37.203024" lon="-3.446624"><ele>995.1</ele></trkpt>
    <trkpt lat="37.202931" lon="-3.446847"><ele>994</ele></trkpt>
    <trkpt lat="37.202875" lon="-3.447052"><ele>993.2</ele></trkpt>
    <trkpt lat="37.202842" lon="-3.44728"><ele>992.3</ele></trkpt>
    <trkpt lat="37.202842" lon="-3.447604"><ele>991.2</ele></trkpt>
    <trkpt lat="37.202877" lon="-3.447775"><ele>990.6</ele></trkpt>
    <trkpt lat="37.202934" lon="-3.447974"><ele>989.9</ele></trkpt>
    <trkpt lat="37.203004" lon="-3.448122"><ele>989.3</ele></trkpt>
    <trkpt lat="37.203549" lon="-3.448768"><ele>984.9</ele></trkpt>
    <trkpt lat="37.203606" lon="-3.448901"><ele>984.1</ele></trkpt>
    <trkpt lat="37.203634" lon="-3.449054"><ele>983.3</ele></trkpt>
    <trkpt lat="37.203622" lon="-3.449208"><ele>982.6</ele></trkpt>
    <trkpt lat="37.203522" lon="-3.449434"><ele>981.2</ele></trkpt>
    <trkpt lat="37.202445" lon="-3.450821"><ele>970.4</ele></trkpt>
    <trkpt lat="37.202353" lon="-3.450973"><ele>969.7</ele></trkpt>
    <trkpt lat="37.202307" lon="-3.45113"><ele>969.2</ele></trkpt>
    <trkpt lat="37.202287" lon="-3.451657"><ele>968</ele></trkpt>
    <trkpt lat="37.202189" lon="-3.451899"><ele>967.6</ele></trkpt>
    <trkpt lat="37.201524" lon="-3.452746"><ele>966.7</ele></trkpt>
    <trkpt lat="37.201425" lon="-3.452834"><ele>966.5</ele></trkpt>
    <trkpt lat="37.201272" lon="-3.452888"><ele>966.3</ele></trkpt>
    <trkpt lat="37.200588" lon="-3.453016"><ele>965.3</ele></trkpt>
    <trkpt lat="37.200439" lon="-3.453065"><ele>965</ele></trkpt>
    <trkpt lat="37.200315" lon="-3.453143"><ele>964.8</ele></trkpt>
    <trkpt lat="37.200212" lon="-3.453262"><ele>964.5</ele></trkpt>
    <trkpt lat="37.199936" lon="-3.453777"><ele>963.2</ele></trkpt>
    <trkpt lat="37.199776" lon="-3.453986"><ele>962.6</ele></trkpt>
    <trkpt lat="37.199345" lon="-3.454362"><ele>961.9</ele></trkpt>
    <trkpt lat="37.199131" lon="-3.454718"><ele>961.9</ele></trkpt>
    <trkpt lat="37.199076" lon="-3.45491"><ele>961.9</ele></trkpt>
    <trkpt lat="37.199036" lon="-3.455437"><ele>962.1</ele></trkpt>
    <trkpt lat="37.199036" lon="-3.455689"><ele>962.3</ele></trkpt>
    <trkpt lat="37.199111" lon="-3.456198"><ele>962.8</ele></trkpt>
    <trkpt lat="37.199098" lon="-3.456382"><ele>963</ele></trkpt>
    <trkpt lat="37.198916" lon="-3.456846"><ele>962.7</ele></trkpt>
    <trkpt lat="37.198827" lon="-3.45702"><ele>962.2</ele></trkpt>
    <trkpt lat="37.198677" lon="-3.457233"><ele>960.9</ele></trkpt>
    <trkpt lat="37.198202" lon="-3.457853"><ele>955.2</ele></trkpt>
    <trkpt lat="37.198104" lon="-3.45791"><ele>954.3</ele></trkpt>
    <trkpt lat="37.197754" lon="-3.457972"><ele>951.3</ele></trkpt>
    <trkpt lat="37.197474" lon="-3.458097"><ele>949</ele></trkpt>
    <trkpt lat="37.196628" lon="-3.458876"><ele>942.7</ele></trkpt>
    <trkpt lat="37.196259" lon="-3.459453"><ele>941.7</ele></trkpt>
    <trkpt lat="37.196207" lon="-3.459609"><ele>941.4</ele></trkpt>
    <trkpt lat="37.19619" lon="-3.459777"><ele>940.9</ele></trkpt>
    <trkpt lat="37.196202" lon="-3.459928"><ele>940.3</ele></trkpt>
    <trkpt lat="37.196328" lon="-3.460564"><ele>937</ele></trkpt>
    <trkpt lat="37.196315" lon="-3.460708"><ele>936</ele></trkpt>
    <trkpt lat="37.196171" lon="-3.461015"><ele>933.3</ele></trkpt>
    <trkpt lat="37.19538" lon="-3.461885"><ele>920.8</ele></trkpt>
    <trkpt lat="37.195019" lon="-3.462353"><ele>915.5</ele></trkpt>
    <trkpt lat="37.194938" lon="-3.4625"><ele>914.5</ele></trkpt>
    <trkpt lat="37.194882" lon="-3.462664"><ele>913.6</ele></trkpt>
    <trkpt lat="37.194849" lon="-3.46298"><ele>912.6</ele></trkpt>
    <trkpt lat="37.194911" lon="-3.463305"><ele>912</ele></trkpt>
    <trkpt lat="37.195206" lon="-3.464263"><ele>912.5</ele></trkpt>
    <trkpt lat="37.195231" lon="-3.464422"><ele>912.6</ele></trkpt>
    <trkpt lat="37.19524" lon="-3.464713"><ele>912.6</ele></trkpt>
    <trkpt lat="37.195215" lon="-3.464867"><ele>912.5</ele></trkpt>
    <trkpt lat="37.195162" lon="-3.464981"><ele>912.3</ele></trkpt>
    <trkpt lat="37.195097" lon="-3.465101"><ele>912</ele></trkpt>
    <trkpt lat="37.194982" lon="-3.46524"><ele>911.4</ele></trkpt>
    <trkpt lat="37.194545" lon="-3.465596"><ele>908.5</ele></trkpt>
    <trkpt lat="37.194036" lon="-3.465872"><ele>904.2</ele></trkpt>
    <trkpt lat="37.193913" lon="-3.465998"><ele>902.9</ele></trkpt>
    <trkpt lat="37.193871" lon="-3.46612"><ele>902</ele></trkpt>
    <trkpt lat="37.193868" lon="-3.466224"><ele>901.3</ele></trkpt>
    <trkpt lat="37.193865" lon="-3.466302"><ele>900.8</ele></trkpt>
    <trkpt lat="37.1939" lon="-3.466833"><ele>897.7</ele></trkpt>
    <trkpt lat="37.193888" lon="-3.466986"><ele>896.9</ele></trkpt>
    <trkpt lat="37.19365" lon="-3.467706"><ele>893.1</ele></trkpt>
    <trkpt lat="37.19362" lon="-3.467932"><ele>891.2</ele></trkpt>
    <trkpt lat="37.193877" lon="-3.468572"><ele>884.6</ele></trkpt>
    <trkpt lat="37.193883" lon="-3.468705"><ele>883.4</ele></trkpt>
    <trkpt lat="37.193863" lon="-3.468891"><ele>881.8</ele></trkpt>
    <trkpt lat="37.193739" lon="-3.469203"><ele>878.7</ele></trkpt>
    <trkpt lat="37.193705" lon="-3.469356"><ele>877.4</ele></trkpt>
    <trkpt lat="37.193715" lon="-3.469506"><ele>876.2</ele></trkpt>
    <trkpt lat="37.193766" lon="-3.469642"><ele>874.9</ele></trkpt>
    <trkpt lat="37.194789" lon="-3.471041"><ele>869.8</ele></trkpt>
    <trkpt lat="37.19492" lon="-3.471148"><ele>869.8</ele></trkpt>
    <trkpt lat="37.195058" lon="-3.471178"><ele>869.8</ele></trkpt>
    <trkpt lat="37.195477" lon="-3.471166"><ele>869.2</ele></trkpt>
    <trkpt lat="37.195607" lon="-3.471204"><ele>869</ele></trkpt>
    <trkpt lat="37.195706" lon="-3.471308"><ele>868.8</ele></trkpt>
    <trkpt lat="37.195764" lon="-3.471475"><ele>868.6</ele></trkpt>
    <trkpt lat="37.195798" lon="-3.471999"><ele>868.2</ele></trkpt>
    <trkpt lat="37.19594" lon="-3.472228"><ele>867.8</ele></trkpt>
    <trkpt lat="37.196034" lon="-3.472302"><ele>867.4</ele></trkpt>
    <trkpt lat="37.196149" lon="-3.472348"><ele>867</ele></trkpt>
    <trkpt lat="37.196963" lon="-3.472478"><ele>865.3</ele></trkpt>
    <trkpt lat="37.197045" lon="-3.472528"><ele>865.2</ele></trkpt>
    <trkpt lat="37.197104" lon="-3.472631"><ele>865</ele></trkpt>
    <trkpt lat="37.197116" lon="-3.472756"><ele>864.8</ele></trkpt>
    <trkpt lat="37.197083" lon="-3.472853"><ele>864.6</ele></trkpt>
    <trkpt lat="37.197014" lon="-3.472931"><ele>864.3</ele></trkpt>
    <trkpt lat="37.196883" lon="-3.472958"><ele>863.9</ele></trkpt>
    <trkpt lat="37.196563" lon="-3.472704"><ele>862.2</ele></trkpt>
    <trkpt lat="37.196471" lon="-3.472665"><ele>861.6</ele></trkpt>
    <trkpt lat="37.196058" lon="-3.472578"><ele>859</ele></trkpt>
    <trkpt lat="37.19478" lon="-3.472312"><ele>849.3</ele></trkpt>
    <trkpt lat="37.194541" lon="-3.472236"><ele>847.1</ele></trkpt>
    <trkpt lat="37.194394" lon="-3.472146"><ele>845.6</ele></trkpt>
    <trkpt lat="37.193843" lon="-3.471675"><ele>840.6</ele></trkpt>
    <trkpt lat="37.193591" lon="-3.471524"><ele>838</ele></trkpt>
    <trkpt lat="37.193421" lon="-3.471459"><ele>836.2</ele></trkpt>
    <trkpt lat="37.193387" lon="-3.471446"><ele>836</ele></trkpt>
    <trkpt lat="37.193326" lon="-3.47142"><ele>835.4</ele></trkpt>
    <trkpt lat="37.193216" lon="-3.471373"><ele>834.4</ele></trkpt>
    <trkpt lat="37.192856" lon="-3.471219"><ele>831.4</ele></trkpt>
    <trkpt lat="37.192743" lon="-3.471185"><ele>830.7</ele></trkpt>
    <trkpt lat="37.192642" lon="-3.471192"><ele>830.2</ele></trkpt>
    <trkpt lat="37.192416" lon="-3.471343"><ele>828.7</ele></trkpt>
    <trkpt lat="37.191334" lon="-3.472382"><ele>824</ele></trkpt>
    <trkpt lat="37.191232" lon="-3.472525"><ele>824</ele></trkpt>
    <trkpt lat="37.191157" lon="-3.472694"><ele>824</ele></trkpt>
    <trkpt lat="37.191029" lon="-3.473324"><ele>823.9</ele></trkpt>
    <trkpt lat="37.19097" lon="-3.473478"><ele>823.8</ele></trkpt>
    <trkpt lat="37.190882" lon="-3.473597"><ele>823.8</ele></trkpt>
    <trkpt lat="37.189643" lon="-3.474909"><ele>820.6</ele></trkpt>
    <trkpt lat="37.189483" lon="-3.475123"><ele>819.8</ele></trkpt>
    <trkpt lat="37.189196" lon="-3.475669"><ele>818.4</ele></trkpt>
    <trkpt lat="37.189034" lon="-3.475978"><ele>817.8</ele></trkpt>
    <trkpt lat="37.188954" lon="-3.476166"><ele>817.6</ele></trkpt>
    <trkpt lat="37.188911" lon="-3.476329"><ele>817.5</ele></trkpt>
    <trkpt lat="37.188898" lon="-3.476766"><ele>817.4</ele></trkpt>
    <trkpt lat="37.188937" lon="-3.477361"><ele>817.8</ele></trkpt>
    <trkpt lat="37.188875" lon="-3.477789"><ele>818.5</ele></trkpt>
    <trkpt lat="37.188797" lon="-3.478018"><ele>818.9</ele></trkpt>
    <trkpt lat="37.188488" lon="-3.478668"><ele>818.9</ele></trkpt>
    <trkpt lat="37.18825" lon="-3.479028"><ele>818.5</ele></trkpt>
    <trkpt lat="37.187683" lon="-3.479681"><ele>817.2</ele></trkpt>
    <trkpt lat="37.187393" lon="-3.480041"><ele>815.8</ele></trkpt>
    <trkpt lat="37.187275" lon="-3.480379"><ele>814.8</ele></trkpt>
    <trkpt lat="37.187169" lon="-3.481489"><ele>812.2</ele></trkpt>
    <trkpt lat="37.187105" lon="-3.481855"><ele>811.2</ele></trkpt>
    <trkpt lat="37.187041" lon="-3.482018"><ele>810.7</ele></trkpt>
    <trkpt lat="37.186862" lon="-3.482286"><ele>810</ele></trkpt>
    <trkpt lat="37.186675" lon="-3.482551"><ele>809.5</ele></trkpt>
    <trkpt lat="37.186572" lon="-3.482716"><ele>809.3</ele></trkpt>
    <trkpt lat="37.18629" lon="-3.483304"><ele>810</ele></trkpt>
    <trkpt lat="37.186246" lon="-3.483533"><ele>810.3</ele></trkpt>
    <trkpt lat="37.18628" lon="-3.483768"><ele>810.6</ele></trkpt>
    <trkpt lat="37.186315" lon="-3.483904"><ele>810.7</ele></trkpt>
    <trkpt lat="37.186359" lon="-3.484084"><ele>811</ele></trkpt>
    <trkpt lat="37.186336" lon="-3.484258"><ele>811.1</ele></trkpt>
    <trkpt lat="37.186255" lon="-3.484431"><ele>811.3</ele></trkpt>
    <trkpt lat="37.186067" lon="-3.484863"><ele>811.3</ele></trkpt>
    <trkpt lat="37.185936" lon="-3.485574"><ele>809.9</ele></trkpt>
    <trkpt lat="37.185729" lon="-3.486763"><ele>805.4</ele></trkpt>
    <trkpt lat="37.185553" lon="-3.487798"><ele>802</ele></trkpt>
    <trkpt lat="37.185434" lon="-3.488405"><ele>800.8</ele></trkpt>
    <trkpt lat="37.185089" lon="-3.489105"><ele>799.6</ele></trkpt>
    <trkpt lat="37.185006" lon="-3.489322"><ele>799.4</ele></trkpt>
    <trkpt lat="37.184796" lon="-3.490213"><ele>798.5</ele></trkpt>
    <trkpt lat="37.184685" lon="-3.490544"><ele>798.5</ele></trkpt>
    <trkpt lat="37.184537" lon="-3.490875"><ele>798.7</ele></trkpt>
    <trkpt lat="37.184318" lon="-3.491241"><ele>799</ele></trkpt>
    <trkpt lat="37.183463" lon="-3.492302"><ele>799.5</ele></trkpt>
    <trkpt lat="37.183276" lon="-3.492553"><ele>799.2</ele></trkpt>
    <trkpt lat="37.183031" lon="-3.492812"><ele>798.5</ele></trkpt>
    <trkpt lat="37.182385" lon="-3.493384"><ele>795.8</ele></trkpt>
    <trkpt lat="37.182195" lon="-3.493595"><ele>794.8</ele></trkpt>
    <trkpt lat="37.181692" lon="-3.494241"><ele>792.6</ele></trkpt>
    <trkpt lat="37.181663" lon="-3.494277"><ele>792.5</ele></trkpt>
    <trkpt lat="37.181279" lon="-3.494777"><ele>791.9</ele></trkpt>
    <trkpt lat="37.181175" lon="-3.494951"><ele>791.8</ele></trkpt>
    <trkpt lat="37.181081" lon="-3.495169"><ele>791.7</ele></trkpt>
    <trkpt lat="37.18085" lon="-3.495855"><ele>791.9</ele></trkpt>
    <trkpt lat="37.180542" lon="-3.496772"><ele>792.1</ele></trkpt>
    <trkpt lat="37.180442" lon="-3.497009"><ele>792</ele></trkpt>
    <trkpt lat="37.178724" lon="-3.499525"><ele>787.5</ele></trkpt>
    <trkpt lat="37.178536" lon="-3.499849"><ele>787.1</ele></trkpt>
    <trkpt lat="37.178073" lon="-3.500857"><ele>786.7</ele></trkpt>
    <trkpt lat="37.177955" lon="-3.501113"><ele>786.7</ele></trkpt>
    <trkpt lat="37.177758" lon="-3.501489"><ele>786.6</ele></trkpt>
    <trkpt lat="37.177606" lon="-3.501728"><ele>786.5</ele></trkpt>
    <trkpt lat="37.176751" lon="-3.502896"><ele>786.2</ele></trkpt>
    <trkpt lat="37.176475" lon="-3.503226"><ele>785.8</ele></trkpt>
    <trkpt lat="37.175289" lon="-3.504489"><ele>783.1</ele></trkpt>
    <trkpt lat="37.175092" lon="-3.504736"><ele>782.8</ele></trkpt>
    <trkpt lat="37.174971" lon="-3.504931"><ele>782.4</ele></trkpt>
    <trkpt lat="37.174878" lon="-3.505151"><ele>782.1</ele></trkpt>
    <trkpt lat="37.174641" lon="-3.50588"><ele>781.1</ele></trkpt>
    <trkpt lat="37.174552" lon="-3.506042"><ele>780.9</ele></trkpt>
    <trkpt lat="37.173477" lon="-3.50757"><ele>777.4</ele></trkpt>
    <trkpt lat="37.173264" lon="-3.507838"><ele>776.6</ele></trkpt>
    <trkpt lat="37.172876" lon="-3.5082"><ele>775.3</ele></trkpt>
    <trkpt lat="37.17264" lon="-3.508399"><ele>774.8</ele></trkpt>
    <trkpt lat="37.172309" lon="-3.508786"><ele>774</ele></trkpt>
    <trkpt lat="37.171344" lon="-3.509964"><ele>772.8</ele></trkpt>
    <trkpt lat="37.171042" lon="-3.510281"><ele>771.8</ele></trkpt>
    <trkpt lat="37.170676" lon="-3.510575"><ele>770.3</ele></trkpt>
    <trkpt lat="37.170108" lon="-3.511031"><ele>767.6</ele></trkpt>
    <trkpt lat="37.169754" lon="-3.511381"><ele>766.1</ele></trkpt>
    <trkpt lat="37.168138" lon="-3.513449"><ele>763.3</ele></trkpt>
    <trkpt lat="37.167947" lon="-3.513715"><ele>763.2</ele></trkpt>
    <trkpt lat="37.167763" lon="-3.514096"><ele>763</ele></trkpt>
    <trkpt lat="37.167556" lon="-3.514711"><ele>762.9</ele></trkpt>
    <trkpt lat="37.167418" lon="-3.514972"><ele>762.7</ele></trkpt>
    <trkpt lat="37.167047" lon="-3.515474"><ele>762.4</ele></trkpt>
    <trkpt lat="37.166765" lon="-3.515762"><ele>761.9</ele></trkpt>
    <trkpt lat="37.165876" lon="-3.516415"><ele>759.4</ele></trkpt>
    <trkpt lat="37.165687" lon="-3.516482"><ele>758.9</ele></trkpt>
    <trkpt lat="37.165502" lon="-3.516505"><ele>758.4</ele></trkpt>
    <trkpt lat="37.165202" lon="-3.516449"><ele>757.5</ele></trkpt>
    <trkpt lat="37.164436" lon="-3.516287"><ele>755.4</ele></trkpt>
    <trkpt lat="37.164267" lon="-3.516282"><ele>754.9</ele></trkpt>
    <trkpt lat="37.164103" lon="-3.516324"><ele>754.5</ele></trkpt>
    <trkpt lat="37.16398" lon="-3.516388"><ele>754.1</ele></trkpt>
    <trkpt lat="37.163853" lon="-3.516491"><ele>753.8</ele></trkpt>
    <trkpt lat="37.1636" lon="-3.516805"><ele>753.1</ele></trkpt>
    <trkpt lat="37.16352" lon="-3.516937"><ele>752.9</ele></trkpt>
    <trkpt lat="37.163427" lon="-3.517111"><ele>752.6</ele></trkpt>
    <trkpt lat="37.163391" lon="-3.517118"><ele>752.6</ele></trkpt>
    <trkpt lat="37.163208" lon="-3.518004"><ele>752.7</ele></trkpt>
    <trkpt lat="37.163172" lon="-3.518285"><ele>753</ele></trkpt>
    <trkpt lat="37.163031" lon="-3.519508"><ele>753.9</ele></trkpt>
    <trkpt lat="37.162918" lon="-3.520253"><ele>753.8</ele></trkpt>
    <trkpt lat="37.162823" lon="-3.520627"><ele>753.3</ele></trkpt>
    <trkpt lat="37.162214" lon="-3.522575"><ele>748.8</ele></trkpt>
    <trkpt lat="37.162044" lon="-3.523209"><ele>747.5</ele></trkpt>
    <trkpt lat="37.16199" lon="-3.523479"><ele>747.1</ele></trkpt>
    <trkpt lat="37.161913" lon="-3.523861"><ele>746.6</ele></trkpt>
    <trkpt lat="37.161779" lon="-3.524602"><ele>745.9</ele></trkpt>
    <trkpt lat="37.161653" lon="-3.525213"><ele>745.7</ele></trkpt>
    <trkpt lat="37.161516" lon="-3.525618"><ele>745.4</ele></trkpt>
    <trkpt lat="37.161299" lon="-3.525993"><ele>745.1</ele></trkpt>
    <trkpt lat="37.160594" lon="-3.526876"><ele>746.7</ele></trkpt>
    <trkpt lat="37.160284" lon="-3.52734"><ele>746.6</ele></trkpt>
    <trkpt lat="37.160145" lon="-3.527476"><ele>746.6</ele></trkpt>
    <trkpt lat="37.159911" lon="-3.527605"><ele>746.5</ele></trkpt>
    <trkpt lat="37.159782" lon="-3.527641"><ele>746.4</ele></trkpt>
    <trkpt lat="37.159578" lon="-3.527652"><ele>746.3</ele></trkpt>
    <trkpt lat="37.159386" lon="-3.527623"><ele>746</ele></trkpt>
    <trkpt lat="37.159113" lon="-3.527546"><ele>745</ele></trkpt>
    <trkpt lat="37.158658" lon="-3.527264"><ele>742.8</ele></trkpt>
    <trkpt lat="37.158474" lon="-3.527182"><ele>742.3</ele></trkpt>
    <trkpt lat="37.158283" lon="-3.527138"><ele>742</ele></trkpt>
    <trkpt lat="37.158163" lon="-3.527151"><ele>741.8</ele></trkpt>
    <trkpt lat="37.158155" lon="-3.527199"><ele>741.7</ele></trkpt>
    <trkpt lat="37.158118" lon="-3.527238"><ele>741.6</ele></trkpt>
    <trkpt lat="37.158077" lon="-3.527239"><ele>741.5</ele></trkpt>
    <trkpt lat="37.158035" lon="-3.527195"><ele>741.4</ele></trkpt>
    <trkpt lat="37.157957" lon="-3.52723"><ele>741.2</ele></trkpt>
    <trkpt lat="37.157833" lon="-3.527304"><ele>740.9</ele></trkpt>
    <trkpt lat="37.157639" lon="-3.527478"><ele>740.3</ele></trkpt>
    <trkpt lat="37.157432" lon="-3.527752"><ele>739.6</ele></trkpt>
    <trkpt lat="37.157366" lon="-3.527878"><ele>739.4</ele></trkpt>
    <trkpt lat="37.157206" lon="-3.528386"><ele>739.1</ele></trkpt>
    <trkpt lat="37.157176" lon="-3.528631"><ele>739.2</ele></trkpt>
    <trkpt lat="37.15715" lon="-3.528837"><ele>739.2</ele></trkpt>
    <trkpt lat="37.157229" lon="-3.529457"><ele>739</ele></trkpt>
    <trkpt lat="37.157252" lon="-3.529562"><ele>738.9</ele></trkpt>
    <trkpt lat="37.157334" lon="-3.529777"><ele>739</ele></trkpt>
    <trkpt lat="37.157373" lon="-3.52982"><ele>739</ele></trkpt>
    <trkpt lat="37.157384" lon="-3.529844"><ele>739</ele></trkpt>
    <trkpt lat="37.157395" lon="-3.529918"><ele>739</ele></trkpt>
    <trkpt lat="37.157417" lon="-3.530056"><ele>739.2</ele></trkpt>
    <trkpt lat="37.157544" lon="-3.530419"><ele>739.6</ele></trkpt>
    <trkpt lat="37.157609" lon="-3.530643"><ele>739.8</ele></trkpt>
    <trkpt lat="37.158224" lon="-3.532212"><ele>739.1</ele></trkpt>
    <trkpt lat="37.158312" lon="-3.532438"><ele>738.8</ele></trkpt>
    <trkpt lat="37.158601" lon="-3.533142"><ele>737.1</ele></trkpt>
    <trkpt lat="37.158668" lon="-3.533469"><ele>736.5</ele></trkpt>
    <trkpt lat="37.158717" lon="-3.534167"><ele>735.4</ele></trkpt>
    <trkpt lat="37.158699" lon="-3.534587"><ele>734.8</ele></trkpt>
    <trkpt lat="37.15867" lon="-3.534782"><ele>734.6</ele></trkpt>
    <trkpt lat="37.158513" lon="-3.53571"><ele>734.9</ele></trkpt>
    <trkpt lat="37.158507" lon="-3.535945"><ele>735.1</ele></trkpt>
    <trkpt lat="37.158527" lon="-3.536068"><ele>735.2</ele></trkpt>
    <trkpt lat="37.158536" lon="-3.536124"><ele>735.2</ele></trkpt>
    <trkpt lat="37.158628" lon="-3.53648"><ele>735.4</ele></trkpt>
    <trkpt lat="37.1593" lon="-3.538534"><ele>737</ele></trkpt>
    <trkpt lat="37.159514" lon="-3.539177"><ele>737</ele></trkpt>
    <trkpt lat="37.159535" lon="-3.53924"><ele>737</ele></trkpt>
    <trkpt lat="37.159552" lon="-3.539291"><ele>737</ele></trkpt>
    <trkpt lat="37.15974" lon="-3.539861"><ele>737</ele></trkpt>
    <trkpt lat="37.159992" lon="-3.540614"><ele>736.8</ele></trkpt>
    <trkpt lat="37.160207" lon="-3.541371"><ele>735.9</ele></trkpt>
    <trkpt lat="37.160238" lon="-3.541557"><ele>735.7</ele></trkpt>
    <trkpt lat="37.160266" lon="-3.541865"><ele>735.3</ele></trkpt>
    <trkpt lat="37.160342" lon="-3.542432"><ele>734.6</ele></trkpt>
    <trkpt lat="37.160418" lon="-3.542806"><ele>734.2</ele></trkpt>
    <trkpt lat="37.161095" lon="-3.544643"><ele>735.1</ele></trkpt>
    <trkpt lat="37.161231" lon="-3.544999"><ele>735</ele></trkpt>
    <trkpt lat="37.161261" lon="-3.545079"><ele>735</ele></trkpt>
    <trkpt lat="37.161594" lon="-3.545955"><ele>735.3</ele></trkpt>
    <trkpt lat="37.16168" lon="-3.546174"><ele>735.2</ele></trkpt>
    <trkpt lat="37.16186" lon="-3.546371"><ele>734.9</ele></trkpt>
    <trkpt lat="37.161962" lon="-3.546418"><ele>734.8</ele></trkpt>
    <trkpt lat="37.161969" lon="-3.546433"><ele>734.8</ele></trkpt>
    <trkpt lat="37.161997" lon="-3.546558"><ele>734.8</ele></trkpt>
    <trkpt lat="37.161973" lon="-3.546627"><ele>734.8</ele></trkpt>
    <trkpt lat="37.161919" lon="-3.546685"><ele>734.7</ele></trkpt>
    <trkpt lat="37.161861" lon="-3.54702"><ele>734.8</ele></trkpt>
    <trkpt lat="37.161881" lon="-3.547193"><ele>734.9</ele></trkpt>
    <trkpt lat="37.161927" lon="-3.547425"><ele>734.9</ele></trkpt>
    <trkpt lat="37.162221" lon="-3.548904"><ele>733</ele></trkpt>
    <trkpt lat="37.162299" lon="-3.549303"><ele>732.3</ele></trkpt>
    <trkpt lat="37.1624" lon="-3.549825"><ele>731.2</ele></trkpt>
    <trkpt lat="37.162529" lon="-3.550543"><ele>729.4</ele></trkpt>
    <trkpt lat="37.162512" lon="-3.55081"><ele>728.8</ele></trkpt>
    <trkpt lat="37.162399" lon="-3.55119"><ele>728</ele></trkpt>
    <trkpt lat="37.162065" lon="-3.551874"><ele>726.4</ele></trkpt>
    <trkpt lat="37.161865" lon="-3.552271"><ele>725.4</ele></trkpt>
    <trkpt lat="37.161367" lon="-3.553251"><ele>722.8</ele></trkpt>
    <trkpt lat="37.16119" lon="-3.553717"><ele>721.4</ele></trkpt>
    <trkpt lat="37.161141" lon="-3.554104"><ele>720.3</ele></trkpt>
    <trkpt lat="37.161169" lon="-3.554436"><ele>719.4</ele></trkpt>
    <trkpt lat="37.161273" lon="-3.554734"><ele>718.7</ele></trkpt>
    <trkpt lat="37.16128" lon="-3.554748"><ele>718.6</ele></trkpt>
    <trkpt lat="37.161635" lon="-3.555472"><ele>716.8</ele></trkpt>
    <trkpt lat="37.161783" lon="-3.555824"><ele>716</ele></trkpt>
    <trkpt lat="37.161821" lon="-3.555891"><ele>715.8</ele></trkpt>
    <trkpt lat="37.161957" lon="-3.556344"><ele>714.9</ele></trkpt>
    <trkpt lat="37.162294" lon="-3.557636"><ele>710.8</ele></trkpt>
    <trkpt lat="37.162415" lon="-3.558149"><ele>709.4</ele></trkpt>
    <trkpt lat="37.162454" lon="-3.558306"><ele>709.1</ele></trkpt>
    <trkpt lat="37.162573" lon="-3.558834"><ele>708.2</ele></trkpt>
    <trkpt lat="37.162601" lon="-3.55896"><ele>708</ele></trkpt>
    <trkpt lat="37.162657" lon="-3.559273"><ele>707.5</ele></trkpt>
    <trkpt lat="37.162706" lon="-3.559481"><ele>707.3</ele></trkpt>
    <trkpt lat="37.16272" lon="-3.559553"><ele>707.2</ele></trkpt>
    <trkpt lat="37.162767" lon="-3.55983"><ele>707</ele></trkpt>
    <trkpt lat="37.162796" lon="-3.560355"><ele>706.8</ele></trkpt>
    <trkpt lat="37.162738" lon="-3.561194"><ele>706.2</ele></trkpt>
    <trkpt lat="37.162706" lon="-3.561594"><ele>705.7</ele></trkpt>
    <trkpt lat="37.162711" lon="-3.562047"><ele>705.3</ele></trkpt>
    <trkpt lat="37.162833" lon="-3.562521"><ele>705</ele></trkpt>
    <trkpt lat="37.162979" lon="-3.56297"><ele>704.9</ele></trkpt>
    <trkpt lat="37.163035" lon="-3.56325"><ele>704.7</ele></trkpt>
    <trkpt lat="37.163023" lon="-3.563677"><ele>704.2</ele></trkpt>
    <trkpt lat="37.16296" lon="-3.564082"><ele>703.8</ele></trkpt>
    <trkpt lat="37.162915" lon="-3.564379"><ele>703.6</ele></trkpt>
    <trkpt lat="37.162906" lon="-3.56476"><ele>703.4</ele></trkpt>
    <trkpt lat="37.163032" lon="-3.565313"><ele>702.9</ele></trkpt>
    <trkpt lat="37.163058" lon="-3.565412"><ele>702.8</ele></trkpt>
    <trkpt lat="37.163111" lon="-3.565672"><ele>702.5</ele></trkpt>
    <trkpt lat="37.163131" lon="-3.566076"><ele>702.3</ele></trkpt>
    <trkpt lat="37.163077" lon="-3.567019"><ele>701.4</ele></trkpt>
    <trkpt lat="37.163006" lon="-3.56742"><ele>700.7</ele></trkpt>
    <trkpt lat="37.162869" lon="-3.567738"><ele>700</ele></trkpt>
    <trkpt lat="37.162776" lon="-3.567873"><ele>699.7</ele></trkpt>
    <trkpt lat="37.162692" lon="-3.567995"><ele>699.5</ele></trkpt>
    <trkpt lat="37.162586" lon="-3.56818"><ele>699.1</ele></trkpt>
    <trkpt lat="37.162466" lon="-3.568453"><ele>698.6</ele></trkpt>
    <trkpt lat="37.162445" lon="-3.568502"><ele>698.5</ele></trkpt>
    <trkpt lat="37.162358" lon="-3.568927"><ele>697.7</ele></trkpt>
    <trkpt lat="37.162358" lon="-3.568947"><ele>697.7</ele></trkpt>
    <trkpt lat="37.162353" lon="-3.569205"><ele>697.3</ele></trkpt>
    <trkpt lat="37.162385" lon="-3.569506"><ele>696.9</ele></trkpt>
    <trkpt lat="37.162483" lon="-3.569928"><ele>696.4</ele></trkpt>
    <trkpt lat="37.163372" lon="-3.572719"><ele>691.6</ele></trkpt>
    <trkpt lat="37.163447" lon="-3.573"><ele>691.1</ele></trkpt>
    <trkpt lat="37.163573" lon="-3.57372"><ele>689.7</ele></trkpt>
    <trkpt lat="37.163594" lon="-3.573853"><ele>689.4</ele></trkpt>
    <trkpt lat="37.163635" lon="-3.574117"><ele>688.9</ele></trkpt>
    <trkpt lat="37.163655" lon="-3.574241"><ele>688.7</ele></trkpt>
    <trkpt lat="37.163694" lon="-3.574492"><ele>688.3</ele></trkpt>
    <trkpt lat="37.163705" lon="-3.57456"><ele>688.2</ele></trkpt>
    <trkpt lat="37.16382" lon="-3.575284"><ele>686.9</ele></trkpt>
    <trkpt lat="37.163863" lon="-3.575536"><ele>686.5</ele></trkpt>
    <trkpt lat="37.164012" lon="-3.576298"><ele>685.2</ele></trkpt>
    <trkpt lat="37.164068" lon="-3.576546"><ele>684.9</ele></trkpt>
    <trkpt lat="37.164076" lon="-3.576581"><ele>684.9</ele></trkpt>
    <trkpt lat="37.164096" lon="-3.576668"><ele>684.8</ele></trkpt>
    <trkpt lat="37.164433" lon="-3.578084"><ele>684.9</ele></trkpt>
    <trkpt lat="37.164464" lon="-3.578198"><ele>685</ele></trkpt>
    <trkpt lat="37.164491" lon="-3.578294"><ele>685</ele></trkpt>
    <trkpt lat="37.164637" lon="-3.578814"><ele>685.3</ele></trkpt>
    <trkpt lat="37.164714" lon="-3.579096"><ele>685.2</ele></trkpt>
    <trkpt lat="37.164736" lon="-3.579175"><ele>685.2</ele></trkpt>
    <trkpt lat="37.164794" lon="-3.579377"><ele>685.3</ele></trkpt>
    <trkpt lat="37.164988" lon="-3.580059"><ele>685.9</ele></trkpt>
    <trkpt lat="37.165009" lon="-3.580132"><ele>685.9</ele></trkpt>
    <trkpt lat="37.165089" lon="-3.580407"><ele>686</ele></trkpt>
    <trkpt lat="37.165325" lon="-3.581228"><ele>685.8</ele></trkpt>
    <trkpt lat="37.1654" lon="-3.581478"><ele>685.7</ele></trkpt>
    <trkpt lat="37.165523" lon="-3.581911"><ele>685.5</ele></trkpt>
    <trkpt lat="37.165566" lon="-3.582058"><ele>685.5</ele></trkpt>
    <trkpt lat="37.16564" lon="-3.582313"><ele>685.2</ele></trkpt>
    <trkpt lat="37.1657" lon="-3.582525"><ele>684.8</ele></trkpt>
    <trkpt lat="37.165841" lon="-3.583016"><ele>683.8</ele></trkpt>
    <trkpt lat="37.165908" lon="-3.583246"><ele>683.4</ele></trkpt>
    <trkpt lat="37.165948" lon="-3.583387"><ele>683.2</ele></trkpt>
    <trkpt lat="37.166101" lon="-3.583919"><ele>682.5</ele></trkpt>
    <trkpt lat="37.166235" lon="-3.584381"><ele>682.3</ele></trkpt>
    <trkpt lat="37.166274" lon="-3.584517"><ele>682.2</ele></trkpt>
    <trkpt lat="37.166349" lon="-3.584781"><ele>682</ele></trkpt>
    <trkpt lat="37.16649" lon="-3.585271"><ele>681.9</ele></trkpt>
    <trkpt lat="37.166502" lon="-3.585313"><ele>681.9</ele></trkpt>
    <trkpt lat="37.166706" lon="-3.586019"><ele>681.9</ele></trkpt>
    <trkpt lat="37.16688" lon="-3.586623"><ele>681.4</ele></trkpt>
    <trkpt lat="37.166919" lon="-3.586759"><ele>681.5</ele></trkpt>
    <trkpt lat="37.16703" lon="-3.587146"><ele>681.3</ele></trkpt>
    <trkpt lat="37.16703" lon="-3.587146"><ele>681.1</ele></trkpt>
    <trkpt lat="37.16703" lon="-3.587146"><ele>681.1</ele></trkpt>
    <trkpt lat="37.16707" lon="-3.587332"><ele>680.9</ele></trkpt>
    <trkpt lat="37.16707" lon="-3.587332"><ele>680.8</ele></trkpt>
    <trkpt lat="37.16707" lon="-3.587332"><ele>680.8</ele></trkpt>
    <trkpt lat="37.167149" lon="-3.587661"><ele>680.6</ele></trkpt>
    <trkpt lat="37.167166" lon="-3.587728"><ele>680.3</ele></trkpt>
    <trkpt lat="37.167208" lon="-3.587798"><ele>680.3</ele></trkpt>
    <trkpt lat="37.167208" lon="-3.587798"><ele>680.3</ele></trkpt>
    <trkpt lat="37.167451" lon="-3.588355"><ele>678.8</ele></trkpt>
    <trkpt lat="37.167694" lon="-3.588911"><ele>677.8</ele></trkpt>
    <trkpt lat="37.167694" lon="-3.588911"><ele>677.9</ele></trkpt>
    <trkpt lat="37.167694" lon="-3.588911"><ele>677.9</ele></trkpt>
    <trkpt lat="37.167652" lon="-3.589063"><ele>677.7</ele></trkpt>
    <trkpt lat="37.167545" lon="-3.589147"><ele>677.7</ele></trkpt>
    <trkpt lat="37.167388" lon="-3.589306"><ele>677.6</ele></trkpt>
    <trkpt lat="37.167309" lon="-3.589385"><ele>677.7</ele></trkpt>
    <trkpt lat="37.167177" lon="-3.589517"><ele>677.7</ele></trkpt>
    <trkpt lat="37.167111" lon="-3.589583"><ele>677.8</ele></trkpt>
    <trkpt lat="37.166966" lon="-3.589729"><ele>678.2</ele></trkpt>
    <trkpt lat="37.166897" lon="-3.589801"><ele>678.5</ele></trkpt>
    <trkpt lat="37.16674" lon="-3.589958"><ele>679.2</ele></trkpt>
    <trkpt lat="37.166699" lon="-3.589982"><ele>679.5</ele></trkpt>
    <trkpt lat="37.166595" lon="-3.590041"><ele>680</ele></trkpt>
    <trkpt lat="37.166595" lon="-3.590041"><ele>680.1</ele></trkpt>
    <trkpt lat="37.166595" lon="-3.590041"><ele>680.1</ele></trkpt>
    <trkpt lat="37.166457" lon="-3.590032"><ele>680.8</ele></trkpt>
    <trkpt lat="37.166325" lon="-3.589942"><ele>681.8</ele></trkpt>
    <trkpt lat="37.166313" lon="-3.589933"><ele>681.8</ele></trkpt>
    <trkpt lat="37.166199" lon="-3.589842"><ele>682.7</ele></trkpt>
    <trkpt lat="37.165833" lon="-3.589535"><ele>685.3</ele></trkpt>
    <trkpt lat="37.165702" lon="-3.589426"><ele>686.2</ele></trkpt>
    <trkpt lat="37.165553" lon="-3.589295"><ele>687.4</ele></trkpt>
    <trkpt lat="37.165436" lon="-3.589195"><ele>688.3</ele></trkpt>
    <trkpt lat="37.165264" lon="-3.589052"><ele>689.6</ele></trkpt>
    <trkpt lat="37.164985" lon="-3.588806"><ele>691.5</ele></trkpt>
    <trkpt lat="37.164891" lon="-3.588723"><ele>692</ele></trkpt>
    <trkpt lat="37.164782" lon="-3.588633"><ele>692.6</ele></trkpt>
    <trkpt lat="37.164668" lon="-3.588538"><ele>693</ele></trkpt>
    <trkpt lat="37.164567" lon="-3.588451"><ele>693.5</ele></trkpt>
    <trkpt lat="37.164067" lon="-3.588019"><ele>695.4</ele></trkpt>
    <trkpt lat="37.164048" lon="-3.588002"><ele>695.5</ele></trkpt>
    <trkpt lat="37.163965" lon="-3.587933"><ele>695.7</ele></trkpt>
    <trkpt lat="37.163791" lon="-3.587786"><ele>696.3</ele></trkpt>
    <trkpt lat="37.16355" lon="-3.587584"><ele>696.9</ele></trkpt>
    <trkpt lat="37.163481" lon="-3.587525"><ele>697.1</ele></trkpt>
    <trkpt lat="37.163481" lon="-3.587525"><ele>697.1</ele></trkpt>
    <trkpt lat="37.163173" lon="-3.587227"><ele>697.8</ele></trkpt>
    <trkpt lat="37.163173" lon="-3.587227"><ele>697.8</ele></trkpt>
    <trkpt lat="37.162923" lon="-3.587165"><ele>698.2</ele></trkpt>
    <trkpt lat="37.162906" lon="-3.58716"><ele>698.2</ele></trkpt>
    <trkpt lat="37.162863" lon="-3.587149"><ele>698.2</ele></trkpt>
    <trkpt lat="37.162693" lon="-3.587102"><ele>698.4</ele></trkpt>
    <trkpt lat="37.162381" lon="-3.587016"><ele>698.6</ele></trkpt>
    <trkpt lat="37.16216" lon="-3.586954"><ele>698.8</ele></trkpt>
    <trkpt lat="37.161878" lon="-3.586875"><ele>698.9</ele></trkpt>
    <trkpt lat="37.161711" lon="-3.586828"><ele>699</ele></trkpt>
    <trkpt lat="37.161678" lon="-3.58682"><ele>699</ele></trkpt>
    <trkpt lat="37.161541" lon="-3.586832"><ele>699.1</ele></trkpt>
    <trkpt lat="37.161416" lon="-3.586844"><ele>699.2</ele></trkpt>
    <trkpt lat="37.16137" lon="-3.586849"><ele>699.2</ele></trkpt>
    <trkpt lat="37.161324" lon="-3.586903"><ele>699.3</ele></trkpt>
    <trkpt lat="37.161236" lon="-3.586896"><ele>699.4</ele></trkpt>
    <trkpt lat="37.161209" lon="-3.586865"><ele>699.4</ele></trkpt>
    <trkpt lat="37.161018" lon="-3.586826"><ele>699.7</ele></trkpt>
    <trkpt lat="37.1609" lon="-3.58678"><ele>699.8</ele></trkpt>
    <trkpt lat="37.16053" lon="-3.586574"><ele>700.1</ele></trkpt>
    <trkpt lat="37.160346" lon="-3.58645"><ele>700.3</ele></trkpt>
    <trkpt lat="37.160298" lon="-3.586417"><ele>700.4</ele></trkpt>
    <trkpt lat="37.160265" lon="-3.586392"><ele>700.4</ele></trkpt>
    <trkpt lat="37.160062" lon="-3.586156"><ele>700.7</ele></trkpt>
    <trkpt lat="37.159867" lon="-3.585903"><ele>700.9</ele></trkpt>
    <trkpt lat="37.159802" lon="-3.585819"><ele>700.9</ele></trkpt>
    <trkpt lat="37.159191" lon="-3.585016"><ele>700.7</ele></trkpt>
    <trkpt lat="37.158958" lon="-3.584738"><ele>700.5</ele></trkpt>
    <trkpt lat="37.158864" lon="-3.584655"><ele>700.4</ele></trkpt>
    <trkpt lat="37.1588" lon="-3.584639"><ele>700.2</ele></trkpt>
    <trkpt lat="37.158767" lon="-3.584559"><ele>700.2</ele></trkpt>
    <trkpt lat="37.158518" lon="-3.584325"><ele>699.7</ele></trkpt>
    <trkpt lat="37.158331" lon="-3.584249"><ele>699.3</ele></trkpt>
    <trkpt lat="37.158198" lon="-3.584248"><ele>699</ele></trkpt>
    <trkpt lat="37.158039" lon="-3.584312"><ele>698.7</ele></trkpt>
    <trkpt lat="37.157975" lon="-3.584411"><ele>698.6</ele></trkpt>
    <trkpt lat="37.157878" lon="-3.584476"><ele>698.4</ele></trkpt>
    <trkpt lat="37.157808" lon="-3.584491"><ele>698.2</ele></trkpt>
    <trkpt lat="37.157711" lon="-3.584559"><ele>698</ele></trkpt>
    <trkpt lat="37.15718" lon="-3.584935"><ele>696.6</ele></trkpt>
    <trkpt lat="37.1571" lon="-3.584996"><ele>696.4</ele></trkpt>
    <trkpt lat="37.156528" lon="-3.585408"><ele>695</ele></trkpt>
    <trkpt lat="37.156481" lon="-3.585444"><ele>694.9</ele></trkpt>
    <trkpt lat="37.156246" lon="-3.585626"><ele>694.6</ele></trkpt>
    <trkpt lat="37.156187" lon="-3.585772"><ele>694.5</ele></trkpt>
    <trkpt lat="37.156101" lon="-3.585872"><ele>694.4</ele></trkpt>
    <trkpt lat="37.156014" lon="-3.585924"><ele>694.3</ele></trkpt>
    <trkpt lat="37.156004" lon="-3.585928"><ele>694.3</ele></trkpt>
    <trkpt lat="37.15585" lon="-3.585937"><ele>694.2</ele></trkpt>
    <trkpt lat="37.15574" lon="-3.585887"><ele>694.1</ele></trkpt>
    <trkpt lat="37.155565" lon="-3.585746"><ele>694.1</ele></trkpt>
    <trkpt lat="37.155253" lon="-3.585453"><ele>694.4</ele></trkpt>
    <trkpt lat="37.155157" lon="-3.585363"><ele>694.6</ele></trkpt>
    <trkpt lat="37.155112" lon="-3.585321"><ele>694.7</ele></trkpt>
    <trkpt lat="37.15504" lon="-3.585228"><ele>694.9</ele></trkpt>
    <trkpt lat="37.154995" lon="-3.585115"><ele>695.1</ele></trkpt>
    <trkpt lat="37.154977" lon="-3.584937"><ele>695.5</ele></trkpt>
    <trkpt lat="37.154982" lon="-3.58489"><ele>695.6</ele></trkpt>
    <trkpt lat="37.154992" lon="-3.584835"><ele>695.7</ele></trkpt>
    <trkpt lat="37.154939" lon="-3.584658"><ele>696.1</ele></trkpt>
    <trkpt lat="37.15482" lon="-3.584403"><ele>696.7</ele></trkpt>
    <trkpt lat="37.154051" lon="-3.583463"><ele>700</ele></trkpt>
    <trkpt lat="37.153866" lon="-3.583152"><ele>701</ele></trkpt>
    <trkpt lat="37.153742" lon="-3.582938"><ele>701.7</ele></trkpt>
    <trkpt lat="37.153714" lon="-3.582886"><ele>701.8</ele></trkpt>
    <trkpt lat="37.153519" lon="-3.582671"><ele>702.6</ele></trkpt>
    <trkpt lat="37.153238" lon="-3.582346"><ele>703.8</ele></trkpt>
    <trkpt lat="37.152853" lon="-3.582009"><ele>705.2</ele></trkpt>
    <trkpt lat="37.152778" lon="-3.581932"><ele>705.5</ele></trkpt>
    <trkpt lat="37.152083" lon="-3.58117"><ele>707.3</ele></trkpt>
    <trkpt lat="37.151945" lon="-3.581004"><ele>707.6</ele></trkpt>
    <trkpt lat="37.151506" lon="-3.580476"><ele>708.3</ele></trkpt>
    <trkpt lat="37.151435" lon="-3.580391"><ele>708.4</ele></trkpt>
    <trkpt lat="37.150625" lon="-3.579431"><ele>708.9</ele></trkpt>
    <trkpt lat="37.150478" lon="-3.579302"><ele>709</ele></trkpt>
    <trkpt lat="37.15016" lon="-3.57895"><ele>709.1</ele></trkpt>
    <trkpt lat="37.150084" lon="-3.578866"><ele>709.1</ele></trkpt>
    <trkpt lat="37.150019" lon="-3.578795"><ele>709.2</ele></trkpt>
    <trkpt lat="37.14995" lon="-3.578779"><ele>709.2</ele></trkpt>
    <trkpt lat="37.149931" lon="-3.578694"><ele>709.2</ele></trkpt>
    <trkpt lat="37.14946" lon="-3.578113"><ele>709.6</ele></trkpt>
    <trkpt lat="37.149217" lon="-3.577964"><ele>709.8</ele></trkpt>
    <trkpt lat="37.148845" lon="-3.577885"><ele>710.4</ele></trkpt>
    <trkpt lat="37.148562" lon="-3.577841"><ele>710.9</ele></trkpt>
    <trkpt lat="37.1481" lon="-3.577787"><ele>711.9</ele></trkpt>
    <trkpt lat="37.147756" lon="-3.577621"><ele>712.7</ele></trkpt>
    <trkpt lat="37.147689" lon="-3.577562"><ele>712.9</ele></trkpt>
    <trkpt lat="37.147558" lon="-3.577429"><ele>713.5</ele></trkpt>
    <trkpt lat="37.147203" lon="-3.576919"><ele>715.4</ele></trkpt>
    <trkpt lat="37.147174" lon="-3.576874"><ele>715.6</ele></trkpt>
    <trkpt lat="37.147048" lon="-3.576664"><ele>716.3</ele></trkpt>
    <trkpt lat="37.146952" lon="-3.576482"><ele>716.9</ele></trkpt>
    <trkpt lat="37.146772" lon="-3.576036"><ele>718.2</ele></trkpt>
    <trkpt lat="37.14661" lon="-3.575618"><ele>719.2</ele></trkpt>
    <trkpt lat="37.146554" lon="-3.575472"><ele>719.5</ele></trkpt>
    <trkpt lat="37.146491" lon="-3.57529"><ele>719.9</ele></trkpt>
    <trkpt lat="37.146469" lon="-3.57522"><ele>720</ele></trkpt>
    <trkpt lat="37.146462" lon="-3.575197"><ele>720.1</ele></trkpt>
    <trkpt lat="37.146412" lon="-3.575046"><ele>720.2</ele></trkpt>
    <trkpt lat="37.146397" lon="-3.574937"><ele>720.3</ele></trkpt>
    <trkpt lat="37.146044" lon="-3.573893"><ele>720.8</ele></trkpt>
    <trkpt lat="37.145726" lon="-3.573175"><ele>721.2</ele></trkpt>
    <trkpt lat="37.145617" lon="-3.572997"><ele>721.4</ele></trkpt>
    <trkpt lat="37.145238" lon="-3.572518"><ele>721.8</ele></trkpt>
    <trkpt lat="37.144995" lon="-3.572336"><ele>722</ele></trkpt>
    <trkpt lat="37.144757" lon="-3.572158"><ele>722.1</ele></trkpt>
    <trkpt lat="37.144542" lon="-3.572045"><ele>722.1</ele></trkpt>
    <trkpt lat="37.144438" lon="-3.571973"><ele>722</ele></trkpt>
    <trkpt lat="37.144295" lon="-3.571866"><ele>722</ele></trkpt>
    <trkpt lat="37.143892" lon="-3.571579"><ele>722</ele></trkpt>
    <trkpt lat="37.143544" lon="-3.571231"><ele>722.1</ele></trkpt>
    <trkpt lat="37.143181" lon="-3.570753"><ele>722.5</ele></trkpt>
    <trkpt lat="37.143157" lon="-3.57068"><ele>722.6</ele></trkpt>
    <trkpt lat="37.143096" lon="-3.570607"><ele>722.8</ele></trkpt>
    <trkpt lat="37.143112" lon="-3.570537"><ele>722.9</ele></trkpt>
    <trkpt lat="37.143063" lon="-3.570485"><ele>723</ele></trkpt>
    <trkpt lat="37.14294" lon="-3.570352"><ele>723.4</ele></trkpt>
    <trkpt lat="37.14249" lon="-3.569918"><ele>724.8</ele></trkpt>
    <trkpt lat="37.14247" lon="-3.569899"><ele>724.8</ele></trkpt>
    <trkpt lat="37.142419" lon="-3.569853"><ele>724.9</ele></trkpt>
    <trkpt lat="37.142165" lon="-3.569739"><ele>725.4</ele></trkpt>
    <trkpt lat="37.141581" lon="-3.569508"><ele>726</ele></trkpt>
    <trkpt lat="37.141522" lon="-3.569488"><ele>726.1</ele></trkpt>
    <trkpt lat="37.141272" lon="-3.569477"><ele>726.1</ele></trkpt>
    <trkpt lat="37.14093" lon="-3.569563"><ele>726.1</ele></trkpt>
    <trkpt lat="37.1406" lon="-3.569743"><ele>726.1</ele></trkpt>
    <trkpt lat="37.140348" lon="-3.569905"><ele>726</ele></trkpt>
    <trkpt lat="37.140308" lon="-3.569926"><ele>726</ele></trkpt>
    <trkpt lat="37.140266" lon="-3.569947"><ele>726</ele></trkpt>
    <trkpt lat="37.140167" lon="-3.570007"><ele>726</ele></trkpt>
    <trkpt lat="37.140105" lon="-3.570039"><ele>726</ele></trkpt>
    <trkpt lat="37.140111" lon="-3.570102"><ele>726</ele></trkpt>
    <trkpt lat="37.140077" lon="-3.570148"><ele>726</ele></trkpt>
    <trkpt lat="37.140006" lon="-3.570123"><ele>726</ele></trkpt>
    <trkpt lat="37.139996" lon="-3.570063"><ele>726.1</ele></trkpt>
    <trkpt lat="37.140024" lon="-3.570013"><ele>726.1</ele></trkpt>
    <trkpt lat="37.139934" lon="-3.569854"><ele>726.3</ele></trkpt>
    <trkpt lat="37.139836" lon="-3.56966"><ele>726.5</ele></trkpt>
    <trkpt lat="37.139578" lon="-3.569145"><ele>727.2</ele></trkpt>
    <trkpt lat="37.13919" lon="-3.568375"><ele>728.2</ele></trkpt>
    <trkpt lat="37.139034" lon="-3.568165"><ele>728.5</ele></trkpt>
    <trkpt lat="37.138863" lon="-3.56799"><ele>728.8</ele></trkpt>
    <trkpt lat="37.138782" lon="-3.567915"><ele>729</ele></trkpt>
    <trkpt lat="37.138144" lon="-3.567328"><ele>730.8</ele></trkpt>
    <trkpt lat="37.137678" lon="-3.566887"><ele>732.8</ele></trkpt>
    <trkpt lat="37.137599" lon="-3.566811"><ele>733.2</ele></trkpt>
    <trkpt lat="37.137296" lon="-3.566537"><ele>735</ele></trkpt>
    <trkpt lat="37.137161" lon="-3.566364"><ele>736.2</ele></trkpt>
    <trkpt lat="37.13697" lon="-3.56601"><ele>738.3</ele></trkpt>
    <trkpt lat="37.136798" lon="-3.56554"><ele>740.8</ele></trkpt>
    <trkpt lat="37.136765" lon="-3.565385"><ele>741.6</ele></trkpt>
    <trkpt lat="37.136783" lon="-3.565224"><ele>742.5</ele></trkpt>
    <trkpt lat="37.136881" lon="-3.564844"><ele>744.5</ele></trkpt>
    <trkpt lat="37.136864" lon="-3.564611"><ele>745.7</ele></trkpt>
    <trkpt lat="37.136735" lon="-3.564276"><ele>747.6</ele></trkpt>
    <trkpt lat="37.136636" lon="-3.564108"><ele>748.7</ele></trkpt>
    <trkpt lat="37.136588" lon="-3.56402"><ele>749.2</ele></trkpt>
    <trkpt lat="37.136555" lon="-3.563924"><ele>749.7</ele></trkpt>
    <trkpt lat="37.136544" lon="-3.563759"><ele>750.4</ele></trkpt>
    <trkpt lat="37.136597" lon="-3.56257"><ele>756</ele></trkpt>
    <trkpt lat="37.136534" lon="-3.562174"><ele>758.5</ele></trkpt>
    <trkpt lat="37.136464" lon="-3.561776"><ele>761.3</ele></trkpt>
    <trkpt lat="37.136454" lon="-3.561599"><ele>762.6</ele></trkpt>
    <trkpt lat="37.136442" lon="-3.561275"><ele>765</ele></trkpt>
    <trkpt lat="37.13643" lon="-3.560945"><ele>767.6</ele></trkpt>
    <trkpt lat="37.136388" lon="-3.560114"><ele>773.8</ele></trkpt>
    <trkpt lat="37.136367" lon="-3.559879"><ele>775.5</ele></trkpt>
    <trkpt lat="37.136328" lon="-3.559717"><ele>776.6</ele></trkpt>
    <trkpt lat="37.136243" lon="-3.559537"><ele>777.8</ele></trkpt>
    <trkpt lat="37.135974" lon="-3.55916"><ele>779.9</ele></trkpt>
    <trkpt lat="37.135962" lon="-3.558962"><ele>780.5</ele></trkpt>
    <trkpt lat="37.13602" lon="-3.558794"><ele>781.1</ele></trkpt>
    <trkpt lat="37.136139" lon="-3.558706"><ele>781.6</ele></trkpt>
    <trkpt lat="37.136244" lon="-3.5587"><ele>782.2</ele></trkpt>
    <trkpt lat="37.136306" lon="-3.558722"><ele>782.5</ele></trkpt>
    <trkpt lat="37.136341" lon="-3.55874"><ele>782.8</ele></trkpt>
    <trkpt lat="37.136504" lon="-3.558991"><ele>784.4</ele></trkpt>
    <trkpt lat="37.136763" lon="-3.55943"><ele>787.2</ele></trkpt>
    <trkpt lat="37.136906" lon="-3.55953"><ele>788.1</ele></trkpt>
    <trkpt lat="37.137035" lon="-3.559506"><ele>788.9</ele></trkpt>
    <trkpt lat="37.137135" lon="-3.559408"><ele>789.6</ele></trkpt>
    <trkpt lat="37.13717" lon="-3.559337"><ele>790</ele></trkpt>
    <trkpt lat="37.137192" lon="-3.559185"><ele>790.8</ele></trkpt>
    <trkpt lat="37.137177" lon="-3.559074"><ele>791.5</ele></trkpt>
    <trkpt lat="37.137086" lon="-3.558807"><ele>793.2</ele></trkpt>
    <trkpt lat="37.136583" lon="-3.557545"><ele>800.6</ele></trkpt>
    <trkpt lat="37.136379" lon="-3.557012"><ele>803.7</ele></trkpt>
    <trkpt lat="37.136295" lon="-3.556813"><ele>805.2</ele></trkpt>
    <trkpt lat="37.136163" lon="-3.556495"><ele>807.8</ele></trkpt>
    <trkpt lat="37.136049" lon="-3.556328"><ele>809.4</ele></trkpt>
    <trkpt lat="37.135952" lon="-3.55626"><ele>810.4</ele></trkpt>
    <trkpt lat="37.135918" lon="-3.556337"><ele>811</ele></trkpt>
    <trkpt lat="37.135862" lon="-3.55638"><ele>811.6</ele></trkpt>
    <trkpt lat="37.135813" lon="-3.556353"><ele>812.1</ele></trkpt>
    <trkpt lat="37.135805" lon="-3.556278"><ele>812.5</ele></trkpt>
    <trkpt lat="37.135744" lon="-3.556108"><ele>813.7</ele></trkpt>
    <trkpt lat="37.135663" lon="-3.556047"><ele>814.6</ele></trkpt>
    <trkpt lat="37.13557" lon="-3.555968"><ele>815.5</ele></trkpt>
    <trkpt lat="37.135474" lon="-3.555842"><ele>816.6</ele></trkpt>
    <trkpt lat="37.135017" lon="-3.554906"><ele>820.4</ele></trkpt>
    <trkpt lat="37.134958" lon="-3.554721"><ele>820.2</ele></trkpt>
    <trkpt lat="37.134952" lon="-3.554597"><ele>820</ele></trkpt>
    <trkpt lat="37.134903" lon="-3.553827"><ele>817.7</ele></trkpt>
    <trkpt lat="37.134873" lon="-3.553662"><ele>817</ele></trkpt>
    <trkpt lat="37.13454" lon="-3.552872"><ele>812.6</ele></trkpt>
    <trkpt lat="37.134343" lon="-3.552047"><ele>809.3</ele></trkpt>
    <trkpt lat="37.134226" lon="-3.551705"><ele>807.7</ele></trkpt>
    <trkpt lat="37.134041" lon="-3.551484"><ele>806.5</ele></trkpt>
    <trkpt lat="37.133942" lon="-3.551309"><ele>805.7</ele></trkpt>
    <trkpt lat="37.133913" lon="-3.551205"><ele>805.4</ele></trkpt>
    <trkpt lat="37.133898" lon="-3.551"><ele>804.8</ele></trkpt>
    <trkpt lat="37.133938" lon="-3.55073"><ele>804.3</ele></trkpt>
    <trkpt lat="37.133964" lon="-3.550535"><ele>803.9</ele></trkpt>
    <trkpt lat="37.133932" lon="-3.550203"><ele>803</ele></trkpt>
    <trkpt lat="37.133797" lon="-3.549545"><ele>801.7</ele></trkpt>
    <trkpt lat="37.13378" lon="-3.5495"><ele>801.7</ele></trkpt>
    <trkpt lat="37.133666" lon="-3.549149"><ele>802</ele></trkpt>
    <trkpt lat="37.133707" lon="-3.548756"><ele>802.5</ele></trkpt>
    <trkpt lat="37.133658" lon="-3.548571"><ele>802.8</ele></trkpt>
    <trkpt lat="37.133455" lon="-3.548267"><ele>803.5</ele></trkpt>
    <trkpt lat="37.13336" lon="-3.548034"><ele>803.8</ele></trkpt>
    <trkpt lat="37.133187" lon="-3.547322"><ele>804.6</ele></trkpt>
    <trkpt lat="37.133178" lon="-3.547288"><ele>804.7</ele></trkpt>
    <trkpt lat="37.132945" lon="-3.54637"><ele>808.4</ele></trkpt>
    <trkpt lat="37.132839" lon="-3.546165"><ele>809.6</ele></trkpt>
    <trkpt lat="37.132647" lon="-3.545934"><ele>810.6</ele></trkpt>
    <trkpt lat="37.132601" lon="-3.545892"><ele>810.8</ele></trkpt>
    <trkpt lat="37.132321" lon="-3.545598"><ele>811.6</ele></trkpt>
    <trkpt lat="37.132224" lon="-3.545403"><ele>812</ele></trkpt>
    <trkpt lat="37.13217" lon="-3.545164"><ele>812.6</ele></trkpt>
    <trkpt lat="37.132153" lon="-3.54447"><ele>813.5</ele></trkpt>
    <trkpt lat="37.132134" lon="-3.543906"><ele>811.8</ele></trkpt>
    <trkpt lat="37.132081" lon="-3.543697"><ele>811.1</ele></trkpt>
    <trkpt lat="37.1319" lon="-3.543241"><ele>810</ele></trkpt>
    <trkpt lat="37.131854" lon="-3.542994"><ele>810.1</ele></trkpt>
    <trkpt lat="37.131914" lon="-3.542526"><ele>809.9</ele></trkpt>
    <trkpt lat="37.131906" lon="-3.54229"><ele>809.6</ele></trkpt>
    <trkpt lat="37.131769" lon="-3.541888"><ele>808.8</ele></trkpt>
    <trkpt lat="37.131728" lon="-3.541679"><ele>808.1</ele></trkpt>
    <trkpt lat="37.131744" lon="-3.541385"><ele>807.5</ele></trkpt>
    <trkpt lat="37.13184" lon="-3.54112"><ele>807</ele></trkpt>
    <trkpt lat="37.131934" lon="-3.540941"><ele>806.8</ele></trkpt>
    <trkpt lat="37.131969" lon="-3.540876"><ele>806.7</ele></trkpt>
    <trkpt lat="37.132116" lon="-3.540687"><ele>806.3</ele></trkpt>
    <trkpt lat="37.132182" lon="-3.540618"><ele>806.1</ele></trkpt>
    <trkpt lat="37.132233" lon="-3.540491"><ele>805.8</ele></trkpt>
    <trkpt lat="37.132241" lon="-3.540447"><ele>805.7</ele></trkpt>
    <trkpt lat="37.132262" lon="-3.540123"><ele>805</ele></trkpt>
    <trkpt lat="37.132246" lon="-3.540029"><ele>804.9</ele></trkpt>
    <trkpt lat="37.132195" lon="-3.539822"><ele>804.7</ele></trkpt>
    <trkpt lat="37.132069" lon="-3.539551"><ele>804.3</ele></trkpt>
    <trkpt lat="37.132098" lon="-3.539429"><ele>804.3</ele></trkpt>
    <trkpt lat="37.132131" lon="-3.539403"><ele>804.3</ele></trkpt>
    <trkpt lat="37.132328" lon="-3.539265"><ele>804.4</ele></trkpt>
    <trkpt lat="37.132341" lon="-3.539257"><ele>804.4</ele></trkpt>
    <trkpt lat="37.132398" lon="-3.53922"><ele>804.5</ele></trkpt>
    <trkpt lat="37.132467" lon="-3.539182"><ele>804.6</ele></trkpt>
    <trkpt lat="37.13248" lon="-3.539174"><ele>804.6</ele></trkpt>
    <trkpt lat="37.132525" lon="-3.539149"><ele>804.6</ele></trkpt>
    <trkpt lat="37.132457" lon="-3.538876"><ele>804.8</ele></trkpt>
    <trkpt lat="37.132368" lon="-3.538658"><ele>805</ele></trkpt>
    <trkpt lat="37.132299" lon="-3.538514"><ele>805.2</ele></trkpt>
    <trkpt lat="37.131671" lon="-3.537264"><ele>808.6</ele></trkpt>
    <trkpt lat="37.131483" lon="-3.536979"><ele>810</ele></trkpt>
    <trkpt lat="37.130939" lon="-3.536337"><ele>815.5</ele></trkpt>
    <trkpt lat="37.130648" lon="-3.535962"><ele>818.2</ele></trkpt>
    <trkpt lat="37.13059" lon="-3.53585"><ele>818.9</ele></trkpt>
    <trkpt lat="37.130504" lon="-3.535617"><ele>820.1</ele></trkpt>
    <trkpt lat="37.130486" lon="-3.535533"><ele>820.5</ele></trkpt>
    <trkpt lat="37.130466" lon="-3.535457"><ele>820.9</ele></trkpt>
    <trkpt lat="37.130447" lon="-3.535384"><ele>821.3</ele></trkpt>
    <trkpt lat="37.13039" lon="-3.535149"><ele>822.5</ele></trkpt>
    <trkpt lat="37.130462" lon="-3.534763"><ele>824.3</ele></trkpt>
    <trkpt lat="37.130483" lon="-3.53442"><ele>825.6</ele></trkpt>
    <trkpt lat="37.130466" lon="-3.534264"><ele>826</ele></trkpt>
    <trkpt lat="37.130344" lon="-3.533959"><ele>826.5</ele></trkpt>
    <trkpt lat="37.130113" lon="-3.533626"><ele>827.5</ele></trkpt>
    <trkpt lat="37.130103" lon="-3.533546"><ele>827.7</ele></trkpt>
    <trkpt lat="37.130143" lon="-3.533428"><ele>828</ele></trkpt>
    <trkpt lat="37.130254" lon="-3.533361"><ele>828.5</ele></trkpt>
    <trkpt lat="37.130334" lon="-3.533385"><ele>828.8</ele></trkpt>
    <trkpt lat="37.130619" lon="-3.533591"><ele>829.9</ele></trkpt>
    <trkpt lat="37.130903" lon="-3.533843"><ele>831.8</ele></trkpt>
    <trkpt lat="37.131127" lon="-3.534299"><ele>835.2</ele></trkpt>
    <trkpt lat="37.131183" lon="-3.534334"><ele>835.9</ele></trkpt>
    <trkpt lat="37.131262" lon="-3.534364"><ele>836.7</ele></trkpt>
    <trkpt lat="37.131354" lon="-3.534361"><ele>837.7</ele></trkpt>
    <trkpt lat="37.131467" lon="-3.534243"><ele>839.4</ele></trkpt>
    <trkpt lat="37.1315" lon="-3.534125"><ele>840.7</ele></trkpt>
    <trkpt lat="37.131498" lon="-3.533967"><ele>842.2</ele></trkpt>
    <trkpt lat="37.131347" lon="-3.533264"><ele>849.8</ele></trkpt>
    <trkpt lat="37.131287" lon="-3.533033"><ele>852.4</ele></trkpt>
    <trkpt lat="37.131192" lon="-3.532848"><ele>854.5</ele></trkpt>
    <trkpt lat="37.131029" lon="-3.532634"><ele>857</ele></trkpt>
    <trkpt lat="37.130636" lon="-3.532333"><ele>861.1</ele></trkpt>
    <trkpt lat="37.130405" lon="-3.532119"><ele>863.1</ele></trkpt>
    <trkpt lat="37.130071" lon="-3.531883"><ele>865.9</ele></trkpt>
    <trkpt lat="37.129985" lon="-3.531808"><ele>866.8</ele></trkpt>
    <trkpt lat="37.129903" lon="-3.531683"><ele>868</ele></trkpt>
    <trkpt lat="37.129878" lon="-3.531462"><ele>869.8</ele></trkpt>
    <trkpt lat="37.12992" lon="-3.530987"><ele>874.5</ele></trkpt>
    <trkpt lat="37.129952" lon="-3.530658"><ele>878.2</ele></trkpt>
    <trkpt lat="37.129956" lon="-3.530629"><ele>878.5</ele></trkpt>
    <trkpt lat="37.130051" lon="-3.529828"><ele>887.8</ele></trkpt>
    <trkpt lat="37.130134" lon="-3.529531"><ele>891.5</ele></trkpt>
    <trkpt lat="37.130198" lon="-3.529435"><ele>892.9</ele></trkpt>
    <trkpt lat="37.130343" lon="-3.529301"><ele>895.3</ele></trkpt>
    <trkpt lat="37.130638" lon="-3.528947"><ele>900.2</ele></trkpt>
    <trkpt lat="37.130899" lon="-3.52842"><ele>905.8</ele></trkpt>
    <trkpt lat="37.131233" lon="-3.528012"><ele>911.9</ele></trkpt>
    <trkpt lat="37.131381" lon="-3.527563"><ele>917.2</ele></trkpt>
    <trkpt lat="37.131473" lon="-3.527466"><ele>918.9</ele></trkpt>
    <trkpt lat="37.131592" lon="-3.52741"><ele>920.6</ele></trkpt>
    <trkpt lat="37.131887" lon="-3.527386"><ele>924.8</ele></trkpt>
    <trkpt lat="37.132378" lon="-3.527281"><ele>931.8</ele></trkpt>
    <trkpt lat="37.132489" lon="-3.527151"><ele>934</ele></trkpt>
    <trkpt lat="37.132677" lon="-3.526737"><ele>939</ele></trkpt>
    <trkpt lat="37.132819" lon="-3.52634"><ele>943</ele></trkpt>
    <trkpt lat="37.133111" lon="-3.525951"><ele>947.7</ele></trkpt>
    <trkpt lat="37.13332" lon="-3.525744"><ele>950.4</ele></trkpt>
    <trkpt lat="37.13362" lon="-3.525183"><ele>956.1</ele></trkpt>
    <trkpt lat="37.133812" lon="-3.525022"><ele>958.8</ele></trkpt>
    <trkpt lat="37.134145" lon="-3.524866"><ele>963.3</ele></trkpt>
    <trkpt lat="37.134274" lon="-3.524773"><ele>965.3</ele></trkpt>
    <trkpt lat="37.134841" lon="-3.523971"><ele>976.9</ele></trkpt>
    <trkpt lat="37.135047" lon="-3.523636"><ele>981.2</ele></trkpt>
    <trkpt lat="37.135225" lon="-3.523404"><ele>984.2</ele></trkpt>
    <trkpt lat="37.135335" lon="-3.523175"><ele>986.6</ele></trkpt>
    <trkpt lat="37.135372" lon="-3.522884"><ele>989.1</ele></trkpt>
    <trkpt lat="37.135322" lon="-3.522642"><ele>991.1</ele></trkpt>
    <trkpt lat="37.135175" lon="-3.522159"><ele>994.7</ele></trkpt>
    <trkpt lat="37.13522" lon="-3.522042"><ele>995.7</ele></trkpt>
    <trkpt lat="37.135399" lon="-3.521824"><ele>998</ele></trkpt>
    <trkpt lat="37.13549" lon="-3.52178"><ele>999</ele></trkpt>
    <trkpt lat="37.135681" lon="-3.521798"><ele>1001</ele></trkpt>
    <trkpt lat="37.135751" lon="-3.521904"><ele>1002.1</ele></trkpt>
    <trkpt lat="37.135782" lon="-3.522103"><ele>1004</ele></trkpt>
    <trkpt lat="37.135759" lon="-3.522334"><ele>1006.2</ele></trkpt>
    <trkpt lat="37.135688" lon="-3.522564"><ele>1008.6</ele></trkpt>
    <trkpt lat="37.135673" lon="-3.522613"><ele>1009.2</ele></trkpt>
    <trkpt lat="37.135706" lon="-3.522691"><ele>1010</ele></trkpt>
    <trkpt lat="37.135778" lon="-3.522696"><ele>1010.9</ele></trkpt>
    <trkpt lat="37.135849" lon="-3.522636"><ele>1012</ele></trkpt>
    <trkpt lat="37.136089" lon="-3.522293"><ele>1016.6</ele></trkpt>
    <trkpt lat="37.136182" lon="-3.521966"><ele>1020.3</ele></trkpt>
    <trkpt lat="37.136345" lon="-3.52166"><ele>1024.3</ele></trkpt>
    <trkpt lat="37.136551" lon="-3.521426"><ele>1027.9</ele></trkpt>
    <trkpt lat="37.136745" lon="-3.521297"><ele>1030.7</ele></trkpt>
    <trkpt lat="37.13696" lon="-3.521214"><ele>1033.4</ele></trkpt>
    <trkpt lat="37.137136" lon="-3.521112"><ele>1035.6</ele></trkpt>
    <trkpt lat="37.137305" lon="-3.520611"><ele>1040.1</ele></trkpt>
    <trkpt lat="37.137385" lon="-3.519958"><ele>1044.6</ele></trkpt>
    <trkpt lat="37.137434" lon="-3.519746"><ele>1046.1</ele></trkpt>
    <trkpt lat="37.137403" lon="-3.519657"><ele>1046.8</ele></trkpt>
    <trkpt lat="37.137162" lon="-3.51946"><ele>1049.6</ele></trkpt>
    <trkpt lat="37.136896" lon="-3.519057"><ele>1053.9</ele></trkpt>
    <trkpt lat="37.13686" lon="-3.518885"><ele>1055.3</ele></trkpt>
    <trkpt lat="37.136861" lon="-3.518781"><ele>1056.3</ele></trkpt>
    <trkpt lat="37.136869" lon="-3.518276"><ele>1060.1</ele></trkpt>
    <trkpt lat="37.136989" lon="-3.517834"><ele>1063.5</ele></trkpt>
    <trkpt lat="37.13696" lon="-3.517707"><ele>1064.5</ele></trkpt>
    <trkpt lat="37.136676" lon="-3.517117"><ele>1069.9</ele></trkpt>
    <trkpt lat="37.13654" lon="-3.51677"><ele>1072.9</ele></trkpt>
    <trkpt lat="37.136415" lon="-3.51629"><ele>1076.7</ele></trkpt>
    <trkpt lat="37.136321" lon="-3.515586"><ele>1082.3</ele></trkpt>
    <trkpt lat="37.136176" lon="-3.515182"><ele>1085.8</ele></trkpt>
    <trkpt lat="37.136187" lon="-3.515092"><ele>1086.5</ele></trkpt>
    <trkpt lat="37.136289" lon="-3.515118"><ele>1087.4</ele></trkpt>
    <trkpt lat="37.136462" lon="-3.515535"><ele>1090.7</ele></trkpt>
    <trkpt lat="37.136812" lon="-3.516016"><ele>1094.7</ele></trkpt>
    <trkpt lat="37.136905" lon="-3.516082"><ele>1095.5</ele></trkpt>
    <trkpt lat="37.136947" lon="-3.516038"><ele>1095.9</ele></trkpt>
    <trkpt lat="37.136939" lon="-3.515958"><ele>1096.3</ele></trkpt>
    <trkpt lat="37.136839" lon="-3.515816"><ele>1097.5</ele></trkpt>
    <trkpt lat="37.136729" lon="-3.515544"><ele>1099.8</ele></trkpt>
    <trkpt lat="37.136509" lon="-3.514852"><ele>1106.9</ele></trkpt>
    <trkpt lat="37.136489" lon="-3.51467"><ele>1108.6</ele></trkpt>
    <trkpt lat="37.136597" lon="-3.514419"><ele>1111.1</ele></trkpt>
    <trkpt lat="37.136706" lon="-3.514203"><ele>1113.2</ele></trkpt>
    <trkpt lat="37.136818" lon="-3.513884"><ele>1115.8</ele></trkpt>
    <trkpt lat="37.136816" lon="-3.513731"><ele>1116.9</ele></trkpt>
    <trkpt lat="37.136715" lon="-3.513641"><ele>1118.1</ele></trkpt>
    <trkpt lat="37.136574" lon="-3.513632"><ele>1119.4</ele></trkpt>
    <trkpt lat="37.136458" lon="-3.513554"><ele>1120.7</ele></trkpt>
    <trkpt lat="37.13631" lon="-3.513274"><ele>1123.3</ele></trkpt>
    <trkpt lat="37.13624" lon="-3.513085"><ele>1124.6</ele></trkpt>
    <trkpt lat="37.136097" lon="-3.512488"><ele>1129</ele></trkpt>
    <trkpt lat="37.135955" lon="-3.511807"><ele>1135.9</ele></trkpt>
    <trkpt lat="37.135945" lon="-3.511635"><ele>1137.9</ele></trkpt>
    <trkpt lat="37.135966" lon="-3.511475"><ele>1139.8</ele></trkpt>
    <trkpt lat="37.136215" lon="-3.510765"><ele>1149.1</ele></trkpt>
    <trkpt lat="37.136263" lon="-3.510712"><ele>1150</ele></trkpt>
    <trkpt lat="37.136378" lon="-3.510682"><ele>1151.7</ele></trkpt>
    <trkpt lat="37.13667" lon="-3.51067"><ele>1155.8</ele></trkpt>
    <trkpt lat="37.136787" lon="-3.510562"><ele>1157.7</ele></trkpt>
    <trkpt lat="37.1369" lon="-3.510378"><ele>1160.1</ele></trkpt>
    <trkpt lat="37.137044" lon="-3.509962"><ele>1164.6</ele></trkpt>
    <trkpt lat="37.137197" lon="-3.509756"><ele>1167.1</ele></trkpt>
    <trkpt lat="37.13719" lon="-3.509678"><ele>1167.9</ele></trkpt>
    <trkpt lat="37.137071" lon="-3.509493"><ele>1169.9</ele></trkpt>
    <trkpt lat="37.13704" lon="-3.509401"><ele>1170.8</ele></trkpt>
    <trkpt lat="37.137049" lon="-3.509274"><ele>1171.8</ele></trkpt>
    <trkpt lat="37.137132" lon="-3.508972"><ele>1174.1</ele></trkpt>
    <trkpt lat="37.137153" lon="-3.508349"><ele>1177.2</ele></trkpt>
    <trkpt lat="37.137188" lon="-3.508245"><ele>1177.8</ele></trkpt>
    <trkpt lat="37.137234" lon="-3.508192"><ele>1178.2</ele></trkpt>
    <trkpt lat="37.137329" lon="-3.508156"><ele>1178.9</ele></trkpt>
    <trkpt lat="37.137376" lon="-3.508198"><ele>1179.2</ele></trkpt>
    <trkpt lat="37.137417" lon="-3.508302"><ele>1179.9</ele></trkpt>
    <trkpt lat="37.137436" lon="-3.508656"><ele>1182.1</ele></trkpt>
    <trkpt lat="37.137431" lon="-3.508762"><ele>1182.7</ele></trkpt>
    <trkpt lat="37.137369" lon="-3.508991"><ele>1184.1</ele></trkpt>
    <trkpt lat="37.137387" lon="-3.509193"><ele>1185.1</ele></trkpt>
    <trkpt lat="37.137486" lon="-3.509298"><ele>1185.9</ele></trkpt>
    <trkpt lat="37.137718" lon="-3.509357"><ele>1187.3</ele></trkpt>
    <trkpt lat="37.137809" lon="-3.509418"><ele>1187.9</ele></trkpt>
    <trkpt lat="37.13785" lon="-3.509511"><ele>1188.5</ele></trkpt>
    <trkpt lat="37.137863" lon="-3.509714"><ele>1189.8</ele></trkpt>
    <trkpt lat="37.137841" lon="-3.510251"><ele>1193.5</ele></trkpt>
    <trkpt lat="37.137972" lon="-3.510766"><ele>1196.7</ele></trkpt>
    <trkpt lat="37.137983" lon="-3.511008"><ele>1197.7</ele></trkpt>
    <trkpt lat="37.137956" lon="-3.511326"><ele>1199.1</ele></trkpt>
    <trkpt lat="37.138059" lon="-3.511863"><ele>1201.4</ele></trkpt>
    <trkpt lat="37.138131" lon="-3.512009"><ele>1202.1</ele></trkpt>
    <trkpt lat="37.138372" lon="-3.512296"><ele>1203.6</ele></trkpt>
    <trkpt lat="37.138679" lon="-3.512913"><ele>1206.5</ele></trkpt>
    <trkpt lat="37.138803" lon="-3.513075"><ele>1207.6</ele></trkpt>
    <trkpt lat="37.13884" lon="-3.513155"><ele>1208.1</ele></trkpt>
    <trkpt lat="37.138862" lon="-3.513463"><ele>1209.9</ele></trkpt>
    <trkpt lat="37.138919" lon="-3.513673"><ele>1211.3</ele></trkpt>
    <trkpt lat="37.139061" lon="-3.513975"><ele>1213.6</ele></trkpt>
    <trkpt lat="37.139104" lon="-3.514005"><ele>1214</ele></trkpt>
    <trkpt lat="37.139159" lon="-3.513981"><ele>1214.4</ele></trkpt>
    <trkpt lat="37.139129" lon="-3.513821"><ele>1215.6</ele></trkpt>
    <trkpt lat="37.139042" lon="-3.513628"><ele>1217.1</ele></trkpt>
    <trkpt lat="37.13903" lon="-3.513517"><ele>1217.9</ele></trkpt>
    <trkpt lat="37.139059" lon="-3.513118"><ele>1220.7</ele></trkpt>
    <trkpt lat="37.139035" lon="-3.513007"><ele>1221.6</ele></trkpt>
    <trkpt lat="37.138889" lon="-3.5128"><ele>1223.6</ele></trkpt>
    <trkpt lat="37.13883" lon="-3.512656"><ele>1224.9</ele></trkpt>
    <trkpt lat="37.13872" lon="-3.512195"><ele>1228.6</ele></trkpt>
    <trkpt lat="37.138693" lon="-3.511905"><ele>1230.7</ele></trkpt>
    <trkpt lat="37.13873" lon="-3.511441"><ele>1234.1</ele></trkpt>
    <trkpt lat="37.138813" lon="-3.510983"><ele>1237.7</ele></trkpt>
    <trkpt lat="37.138935" lon="-3.510574"><ele>1241.3</ele></trkpt>
    <trkpt lat="37.139035" lon="-3.510382"><ele>1243.1</ele></trkpt>
    <trkpt lat="37.139327" lon="-3.51016"><ele>1246.3</ele></trkpt>
    <trkpt lat="37.139608" lon="-3.509813"><ele>1249.8</ele></trkpt>
    <trkpt lat="37.139854" lon="-3.509318"><ele>1253.4</ele></trkpt>
    <trkpt lat="37.139902" lon="-3.508917"><ele>1255.6</ele></trkpt>
    <trkpt lat="37.140061" lon="-3.508472"><ele>1257.6</ele></trkpt>
    <trkpt lat="37.140167" lon="-3.508248"><ele>1258.7</ele></trkpt>
    <trkpt lat="37.140215" lon="-3.507988"><ele>1260</ele></trkpt>
    <trkpt lat="37.14033" lon="-3.507775"><ele>1261.5</ele></trkpt>
    <trkpt lat="37.140394" lon="-3.507427"><ele>1263.9</ele></trkpt>
    <trkpt lat="37.140394" lon="-3.507175"><ele>1265.8</ele></trkpt>
    <trkpt lat="37.140489" lon="-3.506305"><ele>1274.7</ele></trkpt>
    <trkpt lat="37.140631" lon="-3.505926"><ele>1280</ele></trkpt>
    <trkpt lat="37.14066" lon="-3.505726"><ele>1282.7</ele></trkpt>
    <trkpt lat="37.140621" lon="-3.505416"><ele>1286.8</ele></trkpt>
    <trkpt lat="37.140418" lon="-3.504937"><ele>1293.4</ele></trkpt>
    <trkpt lat="37.140409" lon="-3.504544"><ele>1297.5</ele></trkpt>
    <trkpt lat="37.140382" lon="-3.504421"><ele>1298.7</ele></trkpt>
    <trkpt lat="37.14033" lon="-3.504347"><ele>1299.6</ele></trkpt>
    <trkpt lat="37.140029" lon="-3.504101"><ele>1303.4</ele></trkpt>
    <trkpt lat="37.139959" lon="-3.504009"><ele>1304.5</ele></trkpt>
    <trkpt lat="37.139767" lon="-3.503399"><ele>1309.9</ele></trkpt>
    <trkpt lat="37.139603" lon="-3.503026"><ele>1313.8</ele></trkpt>
    <trkpt lat="37.139584" lon="-3.502986"><ele>1314.3</ele></trkpt>
    <trkpt lat="37.138897" lon="-3.502128"><ele>1327.5</ele></trkpt>
    <trkpt lat="37.138771" lon="-3.5019"><ele>1330.7</ele></trkpt>
    <trkpt lat="37.13866" lon="-3.501635"><ele>1334.3</ele></trkpt>
    <trkpt lat="37.138602" lon="-3.50138"><ele>1337.5</ele></trkpt>
    <trkpt lat="37.138553" lon="-3.501259"><ele>1339.2</ele></trkpt>
    <trkpt lat="37.138452" lon="-3.501136"><ele>1341.4</ele></trkpt>
    <trkpt lat="37.138033" lon="-3.500755"><ele>1349.7</ele></trkpt>
    <trkpt lat="37.137617" lon="-3.500179"><ele>1358.5</ele></trkpt>
    <trkpt lat="37.13754" lon="-3.499669"><ele>1363.1</ele></trkpt>
    <trkpt lat="37.137642" lon="-3.498907"><ele>1367.5</ele></trkpt>
    <trkpt lat="37.137732" lon="-3.498646"><ele>1368.7</ele></trkpt>
    <trkpt lat="37.137834" lon="-3.498537"><ele>1369.5</ele></trkpt>
    <trkpt lat="37.137933" lon="-3.498491"><ele>1370.3</ele></trkpt>
    <trkpt lat="37.138208" lon="-3.498448"><ele>1372.6</ele></trkpt>
    <trkpt lat="37.138318" lon="-3.498384"><ele>1373.8</ele></trkpt>
    <trkpt lat="37.138418" lon="-3.498255"><ele>1375.4</ele></trkpt>
    <trkpt lat="37.138459" lon="-3.498115"><ele>1376.8</ele></trkpt>
    <trkpt lat="37.138472" lon="-3.497968"><ele>1378.3</ele></trkpt>
    <trkpt lat="37.138339" lon="-3.497461"><ele>1385.3</ele></trkpt>
    <trkpt lat="37.138343" lon="-3.497238"><ele>1388.7</ele></trkpt>
    <trkpt lat="37.138418" lon="-3.49678"><ele>1396</ele></trkpt>
    <trkpt lat="37.1384" lon="-3.496459"><ele>1400.8</ele></trkpt>
    <trkpt lat="37.138471" lon="-3.496132"><ele>1405.1</ele></trkpt>
    <trkpt lat="37.138485" lon="-3.495615"><ele>1411</ele></trkpt>
    <trkpt lat="37.138585" lon="-3.495334"><ele>1414</ele></trkpt>
    <trkpt lat="37.138803" lon="-3.495071"><ele>1417.2</ele></trkpt>
    <trkpt lat="37.138824" lon="-3.494988"><ele>1418</ele></trkpt>
    <trkpt lat="37.138818" lon="-3.494889"><ele>1418.6</ele></trkpt>
    <trkpt lat="37.138736" lon="-3.494581"><ele>1420.8</ele></trkpt>
    <trkpt lat="37.138608" lon="-3.494264"><ele>1423</ele></trkpt>
    <trkpt lat="37.138596" lon="-3.494133"><ele>1423.7</ele></trkpt>
    <trkpt lat="37.138575" lon="-3.493926"><ele>1424.9</ele></trkpt>
    <trkpt lat="37.138531" lon="-3.493446"><ele>1427.7</ele></trkpt>
    <trkpt lat="37.138424" lon="-3.493119"><ele>1429.3</ele></trkpt>
    <trkpt lat="37.138367" lon="-3.492987"><ele>1429.9</ele></trkpt>
    <trkpt lat="37.13833" lon="-3.492802"><ele>1430.5</ele></trkpt>
    <trkpt lat="37.138394" lon="-3.491993"><ele>1432.2</ele></trkpt>
    <trkpt lat="37.138375" lon="-3.491674"><ele>1432.8</ele></trkpt>
    <trkpt lat="37.138328" lon="-3.491481"><ele>1433.2</ele></trkpt>
    <trkpt lat="37.138123" lon="-3.491051"><ele>1434</ele></trkpt>
    <trkpt lat="37.138112" lon="-3.490893"><ele>1434.3</ele></trkpt>
    <trkpt lat="37.13817" lon="-3.490561"><ele>1434.8</ele></trkpt>
    <trkpt lat="37.138176" lon="-3.490393"><ele>1435</ele></trkpt>
    <trkpt lat="37.138147" lon="-3.49005"><ele>1435.3</ele></trkpt>
    <trkpt lat="37.138125" lon="-3.489897"><ele>1435.4</ele></trkpt>
    <trkpt lat="37.137918" lon="-3.489193"><ele>1435.6</ele></trkpt>
    <trkpt lat="37.137556" lon="-3.488231"><ele>1434</ele></trkpt>
    <trkpt lat="37.137298" lon="-3.487423"><ele>1430.2</ele></trkpt>
    <trkpt lat="37.137218" lon="-3.48725"><ele>1428.9</ele></trkpt>
    <trkpt lat="37.137046" lon="-3.486878"><ele>1425.9</ele></trkpt>
    <trkpt lat="37.136697" lon="-3.486077"><ele>1418.4</ele></trkpt>
    <trkpt lat="37.136558" lon="-3.48585"><ele>1415.9</ele></trkpt>
    <trkpt lat="37.136331" lon="-3.485551"><ele>1412.3</ele></trkpt>
    <trkpt lat="37.136266" lon="-3.485338"><ele>1410.5</ele></trkpt>
    <trkpt lat="37.136289" lon="-3.485063"><ele>1408.4</ele></trkpt>
    <trkpt lat="37.136384" lon="-3.484665"><ele>1405.8</ele></trkpt>
    <trkpt lat="37.136409" lon="-3.484406"><ele>1404.4</ele></trkpt>
    <trkpt lat="37.136386" lon="-3.483821"><ele>1402.1</ele></trkpt>
    <trkpt lat="37.136457" lon="-3.4833"><ele>1401.1</ele></trkpt>
    <trkpt lat="37.136503" lon="-3.482151"><ele>1402.3</ele></trkpt>
    <trkpt lat="37.136452" lon="-3.480957"><ele>1407.5</ele></trkpt>
    <trkpt lat="37.136249" lon="-3.479727"><ele>1416.6</ele></trkpt>
    <trkpt lat="37.136194" lon="-3.477954"><ele>1432.9</ele></trkpt>
    <trkpt lat="37.136092" lon="-3.477031"><ele>1441.6</ele></trkpt>
    <trkpt lat="37.136094" lon="-3.476298"><ele>1448</ele></trkpt>
    <trkpt lat="37.135954" lon="-3.475723"><ele>1453.1</ele></trkpt>
    <trkpt lat="37.135881" lon="-3.475061"><ele>1459.6</ele></trkpt>
    <trkpt lat="37.135895" lon="-3.474792"><ele>1462.7</ele></trkpt>
    <trkpt lat="37.135821" lon="-3.474338"><ele>1468.2</ele></trkpt>
    <trkpt lat="37.135809" lon="-3.474133"><ele>1470.7</ele></trkpt>
    <trkpt lat="37.135849" lon="-3.473955"><ele>1472.9</ele></trkpt>
    <trkpt lat="37.135919" lon="-3.473887"><ele>1474.2</ele></trkpt>
    <trkpt lat="37.136005" lon="-3.473851"><ele>1475.5</ele></trkpt>
    <trkpt lat="37.136183" lon="-3.473862"><ele>1478</ele></trkpt>
    <trkpt lat="37.136288" lon="-3.473839"><ele>1479.4</ele></trkpt>
    <trkpt lat="37.136385" lon="-3.47375"><ele>1480.9</ele></trkpt>
    <trkpt lat="37.136432" lon="-3.473664"><ele>1481.9</ele></trkpt>
    <trkpt lat="37.136446" lon="-3.47354"><ele>1482.9</ele></trkpt>
    <trkpt lat="37.13646" lon="-3.473258"><ele>1484.9</ele></trkpt>
    <trkpt lat="37.136418" lon="-3.473006"><ele>1486.1</ele></trkpt>
    <trkpt lat="37.136375" lon="-3.472773"><ele>1486.4</ele></trkpt>
    <trkpt lat="37.136373" lon="-3.472675"><ele>1486.4</ele></trkpt>
    <trkpt lat="37.136402" lon="-3.472539"><ele>1486.2</ele></trkpt>
    <trkpt lat="37.136504" lon="-3.472339"><ele>1485.6</ele></trkpt>
    <trkpt lat="37.136777" lon="-3.471928"><ele>1482.8</ele></trkpt>
    <trkpt lat="37.137005" lon="-3.471314"><ele>1477.6</ele></trkpt>
    <trkpt lat="37.137136" lon="-3.470539"><ele>1471.4</ele></trkpt>
    <trkpt lat="37.137026" lon="-3.469675"><ele>1464.9</ele></trkpt>
    <trkpt lat="37.137019" lon="-3.469408"><ele>1463</ele></trkpt>
    <trkpt lat="37.137008" lon="-3.468473"><ele>1455.9</ele></trkpt>
    <trkpt lat="37.136954" lon="-3.468233"><ele>1453.7</ele></trkpt>
    <trkpt lat="37.136985" lon="-3.467938"><ele>1450.7</ele></trkpt>
    <trkpt lat="37.137145" lon="-3.467582"><ele>1446.4</ele></trkpt>
    <trkpt lat="37.137561" lon="-3.467354"><ele>1440.4</ele></trkpt>
    <trkpt lat="37.137704" lon="-3.467131"><ele>1437.4</ele></trkpt>
    <trkpt lat="37.13778" lon="-3.467014"><ele>1436</ele></trkpt>
    <trkpt lat="37.137921" lon="-3.466995"><ele>1434.4</ele></trkpt>
    <trkpt lat="37.138222" lon="-3.467111"><ele>1431.4</ele></trkpt>
    <trkpt lat="37.138562" lon="-3.466928"><ele>1428.7</ele></trkpt>
    <trkpt lat="37.138698" lon="-3.467019"><ele>1427.8</ele></trkpt>
    <trkpt lat="37.138365" lon="-3.467204"><ele>1426.1</ele></trkpt>
    <trkpt lat="37.138014" lon="-3.467343"><ele>1424.5</ele></trkpt>
    <trkpt lat="37.137894" lon="-3.467453"><ele>1423.9</ele></trkpt>
    <trkpt lat="37.137811" lon="-3.467644"><ele>1423.4</ele></trkpt>
    <trkpt lat="37.13781" lon="-3.467846"><ele>1422.8</ele></trkpt>
    <trkpt lat="37.137867" lon="-3.468018"><ele>1422.2</ele></trkpt>
    <trkpt lat="37.138179" lon="-3.46858"><ele>1419.2</ele></trkpt>
    <trkpt lat="37.138233" lon="-3.468657"><ele>1418.7</ele></trkpt>
    <trkpt lat="37.138357" lon="-3.468728"><ele>1417.8</ele></trkpt>
    <trkpt lat="37.138568" lon="-3.468742"><ele>1416.3</ele></trkpt>
    <trkpt lat="37.13884" lon="-3.468808"><ele>1414.3</ele></trkpt>
    <trkpt lat="37.139302" lon="-3.4691"><ele>1410.2</ele></trkpt>
    <trkpt lat="37.139573" lon="-3.469349"><ele>1407.2</ele></trkpt>
    <trkpt lat="37.139719" lon="-3.469664"><ele>1404.6</ele></trkpt>
    <trkpt lat="37.140015" lon="-3.470086"><ele>1400.7</ele></trkpt>
    <trkpt lat="37.140112" lon="-3.470538"><ele>1397.5</ele></trkpt>
    <trkpt lat="37.140121" lon="-3.470751"><ele>1396.1</ele></trkpt>
    <trkpt lat="37.140094" lon="-3.470888"><ele>1395.2</ele></trkpt>
    <trkpt lat="37.139937" lon="-3.471188"><ele>1393.1</ele></trkpt>
    <trkpt lat="37.139907" lon="-3.471333"><ele>1392.3</ele></trkpt>
    <trkpt lat="37.139926" lon="-3.471506"><ele>1391.4</ele></trkpt>
    <trkpt lat="37.139991" lon="-3.471701"><ele>1390.4</ele></trkpt>
    <trkpt lat="37.140086" lon="-3.471884"><ele>1389.6</ele></trkpt>
    <trkpt lat="37.140398" lon="-3.472401"><ele>1387.7</ele></trkpt>
    <trkpt lat="37.140423" lon="-3.472516"><ele>1387.4</ele></trkpt>
    <trkpt lat="37.140311" lon="-3.473609"><ele>1384.8</ele></trkpt>
    <trkpt lat="37.140343" lon="-3.474027"><ele>1383.4</ele></trkpt>
    <trkpt lat="37.140428" lon="-3.47441"><ele>1381.5</ele></trkpt>
    <trkpt lat="37.140736" lon="-3.475536"><ele>1374.4</ele></trkpt>
    <trkpt lat="37.140806" lon="-3.475944"><ele>1371.9</ele></trkpt>
    <trkpt lat="37.140869" lon="-3.476922"><ele>1367.6</ele></trkpt>
    <trkpt lat="37.140922" lon="-3.477743"><ele>1363.9</ele></trkpt>
    <trkpt lat="37.141047" lon="-3.478225"><ele>1361.2</ele></trkpt>
    <trkpt lat="37.141281" lon="-3.478982"><ele>1357.7</ele></trkpt>
    <trkpt lat="37.141261" lon="-3.479338"><ele>1356.4</ele></trkpt>
    <trkpt lat="37.141287" lon="-3.479732"><ele>1355.6</ele></trkpt>
    <trkpt lat="37.141196" lon="-3.479916"><ele>1355.2</ele></trkpt>
    <trkpt lat="37.140934" lon="-3.480193"><ele>1354.3</ele></trkpt>
    <trkpt lat="37.140888" lon="-3.480347"><ele>1354</ele></trkpt>
    <trkpt lat="37.140867" lon="-3.480721"><ele>1352.9</ele></trkpt>
    <trkpt lat="37.140811" lon="-3.480856"><ele>1352.3</ele></trkpt>
    <trkpt lat="37.14057" lon="-3.481198"><ele>1350</ele></trkpt>
    <trkpt lat="37.140304" lon="-3.481854"><ele>1347.2</ele></trkpt>
    <trkpt lat="37.14001" lon="-3.482134"><ele>1345.9</ele></trkpt>
    <trkpt lat="37.139341" lon="-3.482611"><ele>1342.4</ele></trkpt>
    <trkpt lat="37.139192" lon="-3.482738"><ele>1341.9</ele></trkpt>
    <trkpt lat="37.139108" lon="-3.482852"><ele>1341.6</ele></trkpt>
    <trkpt lat="37.139047" lon="-3.482953"><ele>1341.4</ele></trkpt>
    <trkpt lat="37.138994" lon="-3.483111"><ele>1341.1</ele></trkpt>
    <trkpt lat="37.13899" lon="-3.483249"><ele>1340.8</ele></trkpt>
    <trkpt lat="37.139004" lon="-3.483388"><ele>1340.3</ele></trkpt>
    <trkpt lat="37.139127" lon="-3.483687"><ele>1338.6</ele></trkpt>
    <trkpt lat="37.139417" lon="-3.484181"><ele>1334.5</ele></trkpt>
    <trkpt lat="37.13961" lon="-3.484459"><ele>1332.8</ele></trkpt>
    <trkpt lat="37.139931" lon="-3.484983"><ele>1330.5</ele></trkpt>
    <trkpt lat="37.140325" lon="-3.48575"><ele>1324.1</ele></trkpt>
    <trkpt lat="37.140397" lon="-3.485859"><ele>1323.2</ele></trkpt>
    <trkpt lat="37.140552" lon="-3.485961"><ele>1321.6</ele></trkpt>
    <trkpt lat="37.140824" lon="-3.486082"><ele>1319.3</ele></trkpt>
    <trkpt lat="37.14105" lon="-3.486105"><ele>1317.6</ele></trkpt>
    <trkpt lat="37.141305" lon="-3.486177"><ele>1316</ele></trkpt>
    <trkpt lat="37.14147" lon="-3.486395"><ele>1314.5</ele></trkpt>
    <trkpt lat="37.141606" lon="-3.48669"><ele>1312.7</ele></trkpt>
    <trkpt lat="37.141807" lon="-3.486988"><ele>1311.4</ele></trkpt>
    <trkpt lat="37.141868" lon="-3.487146"><ele>1310.6</ele></trkpt>
    <trkpt lat="37.141951" lon="-3.487507"><ele>1308.3</ele></trkpt>
    <trkpt lat="37.141996" lon="-3.487602"><ele>1307.4</ele></trkpt>
    <trkpt lat="37.142117" lon="-3.487727"><ele>1305.7</ele></trkpt>
    <trkpt lat="37.142267" lon="-3.487798"><ele>1303.8</ele></trkpt>
    <trkpt lat="37.142433" lon="-3.487789"><ele>1301.7</ele></trkpt>
    <trkpt lat="37.142509" lon="-3.487759"><ele>1300.6</ele></trkpt>
    <trkpt lat="37.142677" lon="-3.487617"><ele>1297.6</ele></trkpt>
    <trkpt lat="37.143002" lon="-3.487279"><ele>1291.1</ele></trkpt>
    <trkpt lat="37.143108" lon="-3.487122"><ele>1288.7</ele></trkpt>
    <trkpt lat="37.143187" lon="-3.48698"><ele>1286.7</ele></trkpt>
    <trkpt lat="37.143365" lon="-3.486503"><ele>1281.7</ele></trkpt>
    <trkpt lat="37.143479" lon="-3.486262"><ele>1280.2</ele></trkpt>
    <trkpt lat="37.143594" lon="-3.486118"><ele>1279.5</ele></trkpt>
    <trkpt lat="37.14374" lon="-3.48603"><ele>1279</ele></trkpt>
    <trkpt lat="37.143903" lon="-3.486012"><ele>1278.7</ele></trkpt>
    <trkpt lat="37.143988" lon="-3.486035"><ele>1278.6</ele></trkpt>
    <trkpt lat="37.144093" lon="-3.486094"><ele>1278.5</ele></trkpt>
    <trkpt lat="37.144186" lon="-3.486186"><ele>1278.3</ele></trkpt>
    <trkpt lat="37.144309" lon="-3.486401"><ele>1277.8</ele></trkpt>
    <trkpt lat="37.144603" lon="-3.487107"><ele>1274.6</ele></trkpt>
    <trkpt lat="37.144711" lon="-3.487307"><ele>1273.1</ele></trkpt>
    <trkpt lat="37.144889" lon="-3.487485"><ele>1271.2</ele></trkpt>
    <trkpt lat="37.145031" lon="-3.487567"><ele>1269.7</ele></trkpt>
    <trkpt lat="37.145162" lon="-3.487596"><ele>1268.4</ele></trkpt>
    <trkpt lat="37.145295" lon="-3.487584"><ele>1267.1</ele></trkpt>
    <trkpt lat="37.145431" lon="-3.487509"><ele>1265.6</ele></trkpt>
    <trkpt lat="37.145548" lon="-3.487408"><ele>1264.1</ele></trkpt>
    <trkpt lat="37.145656" lon="-3.487236"><ele>1262.2</ele></trkpt>
    <trkpt lat="37.145756" lon="-3.486949"><ele>1259.7</ele></trkpt>
    <trkpt lat="37.145862" lon="-3.486481"><ele>1256.3</ele></trkpt>
    <trkpt lat="37.145978" lon="-3.486066"><ele>1253.5</ele></trkpt>
    <trkpt lat="37.146082" lon="-3.485822"><ele>1251.7</ele></trkpt>
    <trkpt lat="37.146211" lon="-3.485617"><ele>1250</ele></trkpt>
    <trkpt lat="37.146376" lon="-3.485437"><ele>1248.1</ele></trkpt>
    <trkpt lat="37.146701" lon="-3.485257"><ele>1244.8</ele></trkpt>
    <trkpt lat="37.146867" lon="-3.48521"><ele>1243.1</ele></trkpt>
    <trkpt lat="37.147141" lon="-3.485203"><ele>1240.4</ele></trkpt>
    <trkpt lat="37.149006" lon="-3.48539"><ele>1222.9</ele></trkpt>
    <trkpt lat="37.149397" lon="-3.485307"><ele>1220.7</ele></trkpt>
    <trkpt lat="37.149747" lon="-3.485076"><ele>1218.8</ele></trkpt>
    <trkpt lat="37.149819" lon="-3.48498"><ele>1218.3</ele></trkpt>
    <trkpt lat="37.14996" lon="-3.484676"><ele>1217.2</ele></trkpt>
    <trkpt lat="37.150007" lon="-3.484437"><ele>1216.5</ele></trkpt>
    <trkpt lat="37.150015" lon="-3.484112"><ele>1215.4</ele></trkpt>
    <trkpt lat="37.149993" lon="-3.483859"><ele>1214.4</ele></trkpt>
    <trkpt lat="37.149755" lon="-3.482508"><ele>1205.9</ele></trkpt>
    <trkpt lat="37.149755" lon="-3.482224"><ele>1203.5</ele></trkpt>
    <trkpt lat="37.149823" lon="-3.48188"><ele>1200.1</ele></trkpt>
    <trkpt lat="37.149932" lon="-3.481628"><ele>1197.1</ele></trkpt>
    <trkpt lat="37.15006" lon="-3.48144"><ele>1194.1</ele></trkpt>
    <trkpt lat="37.150254" lon="-3.481259"><ele>1190.2</ele></trkpt>
    <trkpt lat="37.150522" lon="-3.481097"><ele>1185.6</ele></trkpt>
    <trkpt lat="37.151254" lon="-3.480808"><ele>1176.3</ele></trkpt>
    <trkpt lat="37.151817" lon="-3.480586"><ele>1172.4</ele></trkpt>
    <trkpt lat="37.152006" lon="-3.480484"><ele>1171.6</ele></trkpt>
    <trkpt lat="37.152162" lon="-3.480358"><ele>1171.1</ele></trkpt>
    <trkpt lat="37.152274" lon="-3.480176"><ele>1170.8</ele></trkpt>
    <trkpt lat="37.152329" lon="-3.479947"><ele>1170.3</ele></trkpt>
    <trkpt lat="37.152311" lon="-3.479704"><ele>1168.9</ele></trkpt>
    <trkpt lat="37.152232" lon="-3.479444"><ele>1166.7</ele></trkpt>
    <trkpt lat="37.152067" lon="-3.479053"><ele>1163.3</ele></trkpt>
    <trkpt lat="37.152023" lon="-3.478848"><ele>1161.6</ele></trkpt>
    <trkpt lat="37.152032" lon="-3.478659"><ele>1160.1</ele></trkpt>
    <trkpt lat="37.152146" lon="-3.478467"><ele>1158.2</ele></trkpt>
    <trkpt lat="37.152268" lon="-3.478385"><ele>1156.9</ele></trkpt>
    <trkpt lat="37.15233" lon="-3.478375"><ele>1156.4</ele></trkpt>
    <trkpt lat="37.15246" lon="-3.478406"><ele>1155.1</ele></trkpt>
    <trkpt lat="37.152598" lon="-3.478517"><ele>1153.5</ele></trkpt>
    <trkpt lat="37.152698" lon="-3.478752"><ele>1151.4</ele></trkpt>
    <trkpt lat="37.15288" lon="-3.479466"><ele>1146.3</ele></trkpt>
    <trkpt lat="37.153049" lon="-3.480132"><ele>1143.7</ele></trkpt>
    <trkpt lat="37.15308" lon="-3.480384"><ele>1142.7</ele></trkpt>
    <trkpt lat="37.15306" lon="-3.480617"><ele>1141.7</ele></trkpt>
    <trkpt lat="37.152998" lon="-3.480823"><ele>1140.7</ele></trkpt>
    <trkpt lat="37.152909" lon="-3.480983"><ele>1139.8</ele></trkpt>
    <trkpt lat="37.152768" lon="-3.481145"><ele>1138.8</ele></trkpt>
    <trkpt lat="37.152317" lon="-3.481502"><ele>1136.2</ele></trkpt>
    <trkpt lat="37.152179" lon="-3.481652"><ele>1135.4</ele></trkpt>
    <trkpt lat="37.15207" lon="-3.481826"><ele>1134.6</ele></trkpt>
    <trkpt lat="37.151994" lon="-3.482034"><ele>1133.6</ele></trkpt>
    <trkpt lat="37.151963" lon="-3.482241"><ele>1132.7</ele></trkpt>
    <trkpt lat="37.151985" lon="-3.482462"><ele>1131.5</ele></trkpt>
    <trkpt lat="37.152042" lon="-3.482681"><ele>1130.2</ele></trkpt>
    <trkpt lat="37.152692" lon="-3.483984"><ele>1119.7</ele></trkpt>
    <trkpt lat="37.152775" lon="-3.48406"><ele>1118.8</ele></trkpt>
    <trkpt lat="37.15319" lon="-3.484863"><ele>1112.2</ele></trkpt>
    <trkpt lat="37.153333" lon="-3.48514"><ele>1109.8</ele></trkpt>
    <trkpt lat="37.153437" lon="-3.48534"><ele>1108</ele></trkpt>
    <trkpt lat="37.153544" lon="-3.485549"><ele>1106.2</ele></trkpt>
    <trkpt lat="37.154134" lon="-3.486698"><ele>1096.7</ele></trkpt>
    <trkpt lat="37.15417" lon="-3.486839"><ele>1095.7</ele></trkpt>
    <trkpt lat="37.155155" lon="-3.488731"><ele>1078</ele></trkpt>
    <trkpt lat="37.15524" lon="-3.488939"><ele>1076</ele></trkpt>
    <trkpt lat="37.155291" lon="-3.489164"><ele>1074</ele></trkpt>
    <trkpt lat="37.155284" lon="-3.48938"><ele>1072.2</ele></trkpt>
    <trkpt lat="37.155223" lon="-3.489569"><ele>1070.6</ele></trkpt>
    <trkpt lat="37.1551" lon="-3.489728"><ele>1069</ele></trkpt>
    <trkpt lat="37.154949" lon="-3.489831"><ele>1067.7</ele></trkpt>
    <trkpt lat="37.154477" lon="-3.489995"><ele>1064.6</ele></trkpt>
    <trkpt lat="37.154278" lon="-3.490121"><ele>1063.4</ele></trkpt>
    <trkpt lat="37.154129" lon="-3.490273"><ele>1062.3</ele></trkpt>
    <trkpt lat="37.154057" lon="-3.490393"><ele>1061.7</ele></trkpt>
    <trkpt lat="37.153988" lon="-3.490565"><ele>1060.8</ele></trkpt>
    <trkpt lat="37.153964" lon="-3.490755"><ele>1060</ele></trkpt>
    <trkpt lat="37.153974" lon="-3.490941"><ele>1059.1</ele></trkpt>
    <trkpt lat="37.154018" lon="-3.491116"><ele>1058.2</ele></trkpt>
    <trkpt lat="37.154101" lon="-3.491285"><ele>1057.2</ele></trkpt>
    <trkpt lat="37.154235" lon="-3.491453"><ele>1055.8</ele></trkpt>
    <trkpt lat="37.154828" lon="-3.49205"><ele>1048.4</ele></trkpt>
    <trkpt lat="37.154965" lon="-3.492265"><ele>1046.2</ele></trkpt>
    <trkpt lat="37.155053" lon="-3.492456"><ele>1044.4</ele></trkpt>
    <trkpt lat="37.155108" lon="-3.492653"><ele>1042.7</ele></trkpt>
    <trkpt lat="37.155132" lon="-3.492876"><ele>1040.9</ele></trkpt>
    <trkpt lat="37.155123" lon="-3.493111"><ele>1039.1</ele></trkpt>
    <trkpt lat="37.155069" lon="-3.493352"><ele>1037.3</ele></trkpt>
    <trkpt lat="37.154945" lon="-3.493806"><ele>1033.8</ele></trkpt>
    <trkpt lat="37.154494" lon="-3.495052"><ele>1026</ele></trkpt>
    <trkpt lat="37.154404" lon="-3.495371"><ele>1024.7</ele></trkpt>
    <trkpt lat="37.154333" lon="-3.495901"><ele>1022.7</ele></trkpt>
    <trkpt lat="37.154344" lon="-3.496288"><ele>1021.4</ele></trkpt>
    <trkpt lat="37.154482" lon="-3.497194"><ele>1017.9</ele></trkpt>
    <trkpt lat="37.154496" lon="-3.497313"><ele>1017.6</ele></trkpt>
    <trkpt lat="37.154461" lon="-3.497696"><ele>1016.4</ele></trkpt>
    <trkpt lat="37.154361" lon="-3.497991"><ele>1015.5</ele></trkpt>
    <trkpt lat="37.154232" lon="-3.498213"><ele>1014.9</ele></trkpt>
    <trkpt lat="37.154094" lon="-3.498368"><ele>1014.6</ele></trkpt>
    <trkpt lat="37.153911" lon="-3.49849"><ele>1014.2</ele></trkpt>
    <trkpt lat="37.153171" lon="-3.498755"><ele>1013.5</ele></trkpt>
    <trkpt lat="37.152921" lon="-3.498935"><ele>1013.5</ele></trkpt>
    <trkpt lat="37.152773" lon="-3.49912"><ele>1013.3</ele></trkpt>
    <trkpt lat="37.152663" lon="-3.499313"><ele>1013.2</ele></trkpt>
    <trkpt lat="37.152605" lon="-3.499505"><ele>1013.1</ele></trkpt>
    <trkpt lat="37.152544" lon="-3.49993"><ele>1012.9</ele></trkpt>
    <trkpt lat="37.152569" lon="-3.500181"><ele>1012.8</ele></trkpt>
    <trkpt lat="37.152635" lon="-3.500403"><ele>1012.8</ele></trkpt>
    <trkpt lat="37.152802" lon="-3.500721"><ele>1013</ele></trkpt>
    <trkpt lat="37.153298" lon="-3.501389"><ele>1013.1</ele></trkpt>
    <trkpt lat="37.153415" lon="-3.501707"><ele>1012.9</ele></trkpt>
    <trkpt lat="37.154013" lon="-3.504026"><ele>1005</ele></trkpt>
    <trkpt lat="37.154088" lon="-3.504324"><ele>1003.8</ele></trkpt>
    <trkpt lat="37.154256" lon="-3.504993"><ele>1001.6</ele></trkpt>
    <trkpt lat="37.154886" lon="-3.507488"><ele>997.6</ele></trkpt>
    <trkpt lat="37.155077" lon="-3.507956"><ele>995.3</ele></trkpt>
    <trkpt lat="37.155282" lon="-3.508299"><ele>992.8</ele></trkpt>
    <trkpt lat="37.155652" lon="-3.508685"><ele>988.5</ele></trkpt>
    <trkpt lat="37.155844" lon="-3.508932"><ele>985.7</ele></trkpt>
    <trkpt lat="37.15596" lon="-3.509153"><ele>983.5</ele></trkpt>
    <trkpt lat="37.155994" lon="-3.509217"><ele>982.9</ele></trkpt>
    <trkpt lat="37.156096" lon="-3.509514"><ele>980.3</ele></trkpt>
    <trkpt lat="37.156141" lon="-3.509767"><ele>978.3</ele></trkpt>
    <trkpt lat="37.156153" lon="-3.510018"><ele>976.4</ele></trkpt>
    <trkpt lat="37.156124" lon="-3.510398"><ele>973.8</ele></trkpt>
    <trkpt lat="37.155873" lon="-3.511511"><ele>966.8</ele></trkpt>
    <trkpt lat="37.155821" lon="-3.51174"><ele>965.5</ele></trkpt>
    <trkpt lat="37.155816" lon="-3.512136"><ele>963.3</ele></trkpt>
    <trkpt lat="37.155891" lon="-3.512496"><ele>961.2</ele></trkpt>
    <trkpt lat="37.156061" lon="-3.512864"><ele>958.6</ele></trkpt>
    <trkpt lat="37.156631" lon="-3.513611"><ele>951.2</ele></trkpt>
    <trkpt lat="37.156756" lon="-3.513877"><ele>948.8</ele></trkpt>
    <trkpt lat="37.156924" lon="-3.51435"><ele>944.4</ele></trkpt>
    <trkpt lat="37.157088" lon="-3.51502"><ele>938.5</ele></trkpt>
    <trkpt lat="37.157201" lon="-3.515713"><ele>932.8</ele></trkpt>
    <trkpt lat="37.157294" lon="-3.516856"><ele>924.7</ele></trkpt>
    <trkpt lat="37.157265" lon="-3.517211"><ele>922.3</ele></trkpt>
    <trkpt lat="37.157194" lon="-3.517495"><ele>920.3</ele></trkpt>
    <trkpt lat="37.157098" lon="-3.51773"><ele>918.5</ele></trkpt>
    <trkpt lat="37.156966" lon="-3.517915"><ele>916.9</ele></trkpt>
    <trkpt lat="37.156781" lon="-3.518113"><ele>914.8</ele></trkpt>
    <trkpt lat="37.156285" lon="-3.518425"><ele>909.3</ele></trkpt>
    <trkpt lat="37.156109" lon="-3.518571"><ele>906.8</ele></trkpt>
    <trkpt lat="37.155957" lon="-3.518761"><ele>904.1</ele></trkpt>
    <trkpt lat="37.155838" lon="-3.519114"><ele>899.8</ele></trkpt>
    <trkpt lat="37.155833" lon="-3.519427"><ele>896.2</ele></trkpt>
    <trkpt lat="37.15591" lon="-3.519706"><ele>892.8</ele></trkpt>
    <trkpt lat="37.156075" lon="-3.519946"><ele>889.3</ele></trkpt>
    <trkpt lat="37.156265" lon="-3.520075"><ele>886.4</ele></trkpt>
    <trkpt lat="37.156371" lon="-3.52013"><ele>884.8</ele></trkpt>
    <trkpt lat="37.156509" lon="-3.520153"><ele>883</ele></trkpt>
    <trkpt lat="37.156626" lon="-3.520151"><ele>881.5</ele></trkpt>
    <trkpt lat="37.156826" lon="-3.520077"><ele>879.1</ele></trkpt>
    <trkpt lat="37.157027" lon="-3.519955"><ele>877</ele></trkpt>
    <trkpt lat="37.157591" lon="-3.519482"><ele>873.9</ele></trkpt>
    <trkpt lat="37.158015" lon="-3.519038"><ele>872.8</ele></trkpt>
    <trkpt lat="37.158158" lon="-3.518766"><ele>871.9</ele></trkpt>
    <trkpt lat="37.158341" lon="-3.518386"><ele>870.2</ele></trkpt>
    <trkpt lat="37.158462" lon="-3.518195"><ele>869</ele></trkpt>
    <trkpt lat="37.158625" lon="-3.518039"><ele>867.3</ele></trkpt>
    <trkpt lat="37.158909" lon="-3.517957"><ele>864.5</ele></trkpt>
    <trkpt lat="37.159101" lon="-3.51797"><ele>862.2</ele></trkpt>
    <trkpt lat="37.159387" lon="-3.518127"><ele>857.9</ele></trkpt>
    <trkpt lat="37.159592" lon="-3.518436"><ele>853.1</ele></trkpt>
    <trkpt lat="37.159667" lon="-3.518762"><ele>849.2</ele></trkpt>
    <trkpt lat="37.15964" lon="-3.519054"><ele>846</ele></trkpt>
    <trkpt lat="37.159599" lon="-3.519229"><ele>844.1</ele></trkpt>
    <trkpt lat="37.159366" lon="-3.5196"><ele>839.6</ele></trkpt>
    <trkpt lat="37.158911" lon="-3.520213"><ele>832.8</ele></trkpt>
    <trkpt lat="37.158781" lon="-3.520465"><ele>830.7</ele></trkpt>
    <trkpt lat="37.158671" lon="-3.520773"><ele>828.6</ele></trkpt>
    <trkpt lat="37.158603" lon="-3.521169"><ele>826.2</ele></trkpt>
    <trkpt lat="37.158603" lon="-3.521406"><ele>824.6</ele></trkpt>
    <trkpt lat="37.158664" lon="-3.52213"><ele>817.6</ele></trkpt>
    <trkpt lat="37.158684" lon="-3.522503"><ele>813.3</ele></trkpt>
    <trkpt lat="37.158655" lon="-3.522813"><ele>810</ele></trkpt>
    <trkpt lat="37.158598" lon="-3.523032"><ele>807.6</ele></trkpt>
    <trkpt lat="37.158511" lon="-3.523198"><ele>805.7</ele></trkpt>
    <trkpt lat="37.158266" lon="-3.523471"><ele>801.8</ele></trkpt>
    <trkpt lat="37.158114" lon="-3.52356"><ele>800</ele></trkpt>
    <trkpt lat="37.157435" lon="-3.523796"><ele>794.9</ele></trkpt>
    <trkpt lat="37.156121" lon="-3.524575"><ele>796.1</ele></trkpt>
    <trkpt lat="37.155902" lon="-3.524756"><ele>796.2</ele></trkpt>
    <trkpt lat="37.1556" lon="-3.525117"><ele>794.8</ele></trkpt>
    <trkpt lat="37.155439" lon="-3.525421"><ele>792.7</ele></trkpt>
    <trkpt lat="37.155325" lon="-3.52571"><ele>790.7</ele></trkpt>
    <trkpt lat="37.155139" lon="-3.5266"><ele>784.5</ele></trkpt>
    <trkpt lat="37.155046" lon="-3.527178"><ele>780.1</ele></trkpt>
    <trkpt lat="37.154908" lon="-3.527829"><ele>776.8</ele></trkpt>
    <trkpt lat="37.15477" lon="-3.528262"><ele>775.3</ele></trkpt>
    <trkpt lat="37.154655" lon="-3.528577"><ele>773.9</ele></trkpt>
    <trkpt lat="37.154037" lon="-3.529991"><ele>764.2</ele></trkpt>
    <trkpt lat="37.154" lon="-3.530115"><ele>763.5</ele></trkpt>
    <trkpt lat="37.153942" lon="-3.530308"><ele>762.4</ele></trkpt>
    <trkpt lat="37.153836" lon="-3.530799"><ele>760.1</ele></trkpt>
    <trkpt lat="37.1538" lon="-3.531162"><ele>758.7</ele></trkpt>
    <trkpt lat="37.153853" lon="-3.533702"><ele>748.5</ele></trkpt>
    <trkpt lat="37.153909" lon="-3.536544"><ele>746</ele></trkpt>
    <trkpt lat="37.15397" lon="-3.538679"><ele>743.3</ele></trkpt>
    <trkpt lat="37.154009" lon="-3.539216"><ele>742</ele></trkpt>
    <trkpt lat="37.154137" lon="-3.540093"><ele>740</ele></trkpt>
    <trkpt lat="37.154351" lon="-3.540965"><ele>738.1</ele></trkpt>
    <trkpt lat="37.154481" lon="-3.541362"><ele>737.3</ele></trkpt>
    <trkpt lat="37.155089" lon="-3.542846"><ele>734</ele></trkpt>
    <trkpt lat="37.155515" lon="-3.543989"><ele>729</ele></trkpt>
    <trkpt lat="37.155582" lon="-3.544186"><ele>728.1</ele></trkpt>
    <trkpt lat="37.155774" lon="-3.54474"><ele>725.5</ele></trkpt>
    <trkpt lat="37.156062" lon="-3.545546"><ele>721.6</ele></trkpt>
    <trkpt lat="37.15631" lon="-3.546226"><ele>719.8</ele></trkpt>
    <trkpt lat="37.156455" lon="-3.546614"><ele>719</ele></trkpt>
    <trkpt lat="37.157183" lon="-3.54864"><ele>717.4</ele></trkpt>
    <trkpt lat="37.157459" lon="-3.549477"><ele>717.5</ele></trkpt>
    <trkpt lat="37.157496" lon="-3.549647"><ele>717.5</ele></trkpt>
    <trkpt lat="37.157694" lon="-3.55027"><ele>717.4</ele></trkpt>
    <trkpt lat="37.159337" lon="-3.556006"><ele>708</ele></trkpt>
    <trkpt lat="37.160087" lon="-3.558775"><ele>701.3</ele></trkpt>
    <trkpt lat="37.160627" lon="-3.560887"><ele>699</ele></trkpt>
    <trkpt lat="37.160712" lon="-3.561294"><ele>698.6</ele></trkpt>
    <trkpt lat="37.16086" lon="-3.562323"><ele>697.7</ele></trkpt>
    <trkpt lat="37.1609" lon="-3.563062"><ele>697.2</ele></trkpt>
    <trkpt lat="37.160857" lon="-3.564293"><ele>697.8</ele></trkpt>
    <trkpt lat="37.160723" lon="-3.565886"><ele>700.4</ele></trkpt>
    <trkpt lat="37.160712" lon="-3.566616"><ele>700.2</ele></trkpt>
    <trkpt lat="37.160728" lon="-3.566947"><ele>699.6</ele></trkpt>
    <trkpt lat="37.160807" lon="-3.567561"><ele>697.7</ele></trkpt>
    <trkpt lat="37.161167" lon="-3.569132"><ele>691.3</ele></trkpt>
    <trkpt lat="37.161338" lon="-3.56976"><ele>690.2</ele></trkpt>
    <trkpt lat="37.161593" lon="-3.570838"><ele>691</ele></trkpt>
    <trkpt lat="37.161697" lon="-3.571291"><ele>691.7</ele></trkpt>
    <trkpt lat="37.161866" lon="-3.572229"><ele>691.8</ele></trkpt>
    <trkpt lat="37.161865" lon="-3.572314"><ele>692</ele></trkpt>
    <trkpt lat="37.161864" lon="-3.572423"><ele>692.1</ele></trkpt>
    <trkpt lat="37.161823" lon="-3.572561"><ele>692.2</ele></trkpt>
    <trkpt lat="37.161742" lon="-3.572678"><ele>692.4</ele></trkpt>
    <trkpt lat="37.161574" lon="-3.572766"><ele>692.5</ele></trkpt>
    <trkpt lat="37.161446" lon="-3.572755"><ele>692.6</ele></trkpt>
    <trkpt lat="37.161117" lon="-3.572562"><ele>692.7</ele></trkpt>
    <trkpt lat="37.161002" lon="-3.57253"><ele>692.9</ele></trkpt>
    <trkpt lat="37.160841" lon="-3.572572"><ele>693</ele></trkpt>
    <trkpt lat="37.160677" lon="-3.572677"><ele>693.1</ele></trkpt>
    <trkpt lat="37.160677" lon="-3.572677"><ele>693.3</ele></trkpt>
    <trkpt lat="37.160246" lon="-3.573116"><ele>693.4</ele></trkpt>
    <trkpt lat="37.159815" lon="-3.573556"><ele>693.5</ele></trkpt>
    <trkpt lat="37.159485" lon="-3.573981"><ele>693.7</ele></trkpt>
    <trkpt lat="37.159155" lon="-3.574407"><ele>693.8</ele></trkpt>
    <trkpt lat="37.158689" lon="-3.575199"><ele>693.9</ele></trkpt>
    <trkpt lat="37.158223" lon="-3.57599"><ele>694.1</ele></trkpt>
    <trkpt lat="37.158223" lon="-3.57599"><ele>694.2</ele></trkpt>
    <trkpt lat="37.157906" lon="-3.576793"><ele>694.3</ele></trkpt>
    <trkpt lat="37.157588" lon="-3.577596"><ele>694.5</ele></trkpt>
    <trkpt lat="37.157318" lon="-3.578652"><ele>694.6</ele></trkpt>
    <trkpt lat="37.157048" lon="-3.579708"><ele>694.7</ele></trkpt>
    <trkpt lat="37.156928" lon="-3.580249"><ele>694.8</ele></trkpt>
    <trkpt lat="37.156807" lon="-3.580791"><ele>695</ele></trkpt>
    <trkpt lat="37.156566" lon="-3.581875"><ele>695.1</ele></trkpt>
    <trkpt lat="37.156394" lon="-3.582624"><ele>695.2</ele></trkpt>
    <trkpt lat="37.156221" lon="-3.583374"><ele>695.4</ele></trkpt>
    <trkpt lat="37.156049" lon="-3.584123"><ele>695.5</ele></trkpt>
    <trkpt lat="37.155907" lon="-3.584626"><ele>695.6</ele></trkpt>
    <trkpt lat="37.155904" lon="-3.584948"><ele>695.8</ele></trkpt>
    <trkpt lat="37.156141" lon="-3.585184"><ele>695.9</ele></trkpt>
    <trkpt lat="37.156171" lon="-3.585215"><ele>695.8</ele></trkpt>
    <trkpt lat="37.156245" lon="-3.585381"><ele>695.5</ele></trkpt>
    <trkpt lat="37.156259" lon="-3.585509"><ele>695.3</ele></trkpt>
    <trkpt lat="37.156254" lon="-3.585554"><ele>695.2</ele></trkpt>
    <trkpt lat="37.156246" lon="-3.585626"><ele>695.1</ele></trkpt>
    <trkpt lat="37.156187" lon="-3.585772"><ele>694.9</ele></trkpt>
    <trkpt lat="37.156101" lon="-3.585872"><ele>694.7</ele></trkpt>
    <trkpt lat="37.156014" lon="-3.585924"><ele>694.6</ele></trkpt>
    <trkpt lat="37.156004" lon="-3.585928"><ele>694.6</ele></trkpt>
    <trkpt lat="37.15585" lon="-3.585937"><ele>694.4</ele></trkpt>
    <trkpt lat="37.15574" lon="-3.585887"><ele>694.3</ele></trkpt>
    <trkpt lat="37.155565" lon="-3.585746"><ele>694.2</ele></trkpt>
    <trkpt lat="37.155253" lon="-3.585453"><ele>694.4</ele></trkpt>
    <trkpt lat="37.155157" lon="-3.585363"><ele>694.6</ele></trkpt>
    <trkpt lat="37.155112" lon="-3.585321"><ele>694.7</ele></trkpt>
    <trkpt lat="37.15504" lon="-3.585228"><ele>694.9</ele></trkpt>
    <trkpt lat="37.154995" lon="-3.585115"><ele>695.1</ele></trkpt>
    <trkpt lat="37.154977" lon="-3.584937"><ele>695.5</ele></trkpt>
    <trkpt lat="37.154982" lon="-3.58489"><ele>695.6</ele></trkpt>
    <trkpt lat="37.154992" lon="-3.584835"><ele>695.7</ele></trkpt>
    <trkpt lat="37.154939" lon="-3.584658"><ele>696.1</ele></trkpt>
    <trkpt lat="37.15482" lon="-3.584403"><ele>696.7</ele></trkpt>
    <trkpt lat="37.154051" lon="-3.583463"><ele>700</ele></trkpt>
    <trkpt lat="37.153866" lon="-3.583152"><ele>701</ele></trkpt>
    <trkpt lat="37.153742" lon="-3.582938"><ele>701.7</ele></trkpt>
    <trkpt lat="37.153714" lon="-3.582886"><ele>701.8</ele></trkpt>
    <trkpt lat="37.153519" lon="-3.582671"><ele>702.6</ele></trkpt>
    <trkpt lat="37.153238" lon="-3.582346"><ele>703.8</ele></trkpt>
    <trkpt lat="37.152853" lon="-3.582009"><ele>705.2</ele></trkpt>
    <trkpt lat="37.152778" lon="-3.581932"><ele>705.5</ele></trkpt>
    <trkpt lat="37.152083" lon="-3.58117"><ele>707.3</ele></trkpt>
    <trkpt lat="37.151945" lon="-3.581004"><ele>707.6</ele></trkpt>
    <trkpt lat="37.151506" lon="-3.580476"><ele>708.3</ele></trkpt>
    <trkpt lat="37.151435" lon="-3.580391"><ele>708.4</ele></trkpt>
    <trkpt lat="37.150625" lon="-3.579431"><ele>708.9</ele></trkpt>
    <trkpt lat="37.150478" lon="-3.579302"><ele>709</ele></trkpt>
    <trkpt lat="37.15016" lon="-3.57895"><ele>709.1</ele></trkpt>
    <trkpt lat="37.150084" lon="-3.578866"><ele>709.1</ele></trkpt>
    <trkpt lat="37.150019" lon="-3.578795"><ele>709.2</ele></trkpt>
    <trkpt lat="37.14995" lon="-3.578779"><ele>709.2</ele></trkpt>
    <trkpt lat="37.149931" lon="-3.578694"><ele>709.2</ele></trkpt>
    <trkpt lat="37.14946" lon="-3.578113"><ele>709.6</ele></trkpt>
    <trkpt lat="37.149217" lon="-3.577964"><ele>709.8</ele></trkpt>
    <trkpt lat="37.148845" lon="-3.577885"><ele>710.4</ele></trkpt>
    <trkpt lat="37.148562" lon="-3.577841"><ele>710.9</ele></trkpt>
    <trkpt lat="37.1481" lon="-3.577787"><ele>711.9</ele></trkpt>
    <trkpt lat="37.147756" lon="-3.577621"><ele>712.7</ele></trkpt>
    <trkpt lat="37.147689" lon="-3.577562"><ele>712.9</ele></trkpt>
    <trkpt lat="37.147558" lon="-3.577429"><ele>713.5</ele></trkpt>
    <trkpt lat="37.147203" lon="-3.576919"><ele>715.4</ele></trkpt>
    <trkpt lat="37.147174" lon="-3.576874"><ele>715.6</ele></trkpt>
    <trkpt lat="37.147048" lon="-3.576664"><ele>716.3</ele></trkpt>
    <trkpt lat="37.146952" lon="-3.576482"><ele>716.9</ele></trkpt>
    <trkpt lat="37.146772" lon="-3.576036"><ele>718.2</ele></trkpt>
    <trkpt lat="37.14661" lon="-3.575618"><ele>719.2</ele></trkpt>
    <trkpt lat="37.146554" lon="-3.575472"><ele>719.5</ele></trkpt>
    <trkpt lat="37.146491" lon="-3.57529"><ele>719.9</ele></trkpt>
    <trkpt lat="37.146469" lon="-3.57522"><ele>720</ele></trkpt>
    <trkpt lat="37.146462" lon="-3.575197"><ele>720.1</ele></trkpt>
    <trkpt lat="37.146412" lon="-3.575046"><ele>720.2</ele></trkpt>
    <trkpt lat="37.146397" lon="-3.574937"><ele>720.3</ele></trkpt>
    <trkpt lat="37.146044" lon="-3.573893"><ele>720.8</ele></trkpt>
    <trkpt lat="37.145726" lon="-3.573175"><ele>721.2</ele></trkpt>
    <trkpt lat="37.145617" lon="-3.572997"><ele>721.4</ele></trkpt>
    <trkpt lat="37.145238" lon="-3.572518"><ele>721.8</ele></trkpt>
    <trkpt lat="37.144995" lon="-3.572336"><ele>722</ele></trkpt>
    <trkpt lat="37.144757" lon="-3.572158"><ele>722.1</ele></trkpt>
    <trkpt lat="37.144542" lon="-3.572045"><ele>722.1</ele></trkpt>
    <trkpt lat="37.144438" lon="-3.571973"><ele>722</ele></trkpt>
    <trkpt lat="37.144295" lon="-3.571866"><ele>722</ele></trkpt>
    <trkpt lat="37.143892" lon="-3.571579"><ele>722</ele></trkpt>
    <trkpt lat="37.143544" lon="-3.571231"><ele>722.1</ele></trkpt>
    <trkpt lat="37.143181" lon="-3.570753"><ele>722.5</ele></trkpt>
    <trkpt lat="37.143157" lon="-3.57068"><ele>722.6</ele></trkpt>
    <trkpt lat="37.143096" lon="-3.570607"><ele>722.8</ele></trkpt>
    <trkpt lat="37.143112" lon="-3.570537"><ele>722.9</ele></trkpt>
    <trkpt lat="37.143063" lon="-3.570485"><ele>723</ele></trkpt>
    <trkpt lat="37.14294" lon="-3.570352"><ele>723.4</ele></trkpt>
    <trkpt lat="37.14249" lon="-3.569918"><ele>724.8</ele></trkpt>
    <trkpt lat="37.14247" lon="-3.569899"><ele>724.8</ele></trkpt>
    <trkpt lat="37.142419" lon="-3.569853"><ele>724.9</ele></trkpt>
    <trkpt lat="37.142165" lon="-3.569739"><ele>725.4</ele></trkpt>
    <trkpt lat="37.141864" lon="-3.56962"><ele>725.8</ele></trkpt>
    <trkpt lat="37.141581" lon="-3.569508"><ele>726</ele></trkpt>
    <trkpt lat="37.141522" lon="-3.569488"><ele>726.1</ele></trkpt>
    <trkpt lat="37.141272" lon="-3.569477"><ele>726.1</ele></trkpt>
    <trkpt lat="37.14093" lon="-3.569563"><ele>726.1</ele></trkpt>
    <trkpt lat="37.1406" lon="-3.569743"><ele>726.1</ele></trkpt>
    <trkpt lat="37.140348" lon="-3.569905"><ele>726</ele></trkpt>
    <trkpt lat="37.140308" lon="-3.569926"><ele>726</ele></trkpt>
    <trkpt lat="37.140266" lon="-3.569947"><ele>726</ele></trkpt>
    <trkpt lat="37.140167" lon="-3.570007"><ele>726</ele></trkpt>
    <trkpt lat="37.140105" lon="-3.570039"><ele>726</ele></trkpt>
    <trkpt lat="37.140111" lon="-3.570102"><ele>726</ele></trkpt>
    <trkpt lat="37.140077" lon="-3.570148"><ele>726</ele></trkpt>
    <trkpt lat="37.140006" lon="-3.570123"><ele>726</ele></trkpt>
    <trkpt lat="37.139996" lon="-3.570063"><ele>726.1</ele></trkpt>
    <trkpt lat="37.140024" lon="-3.570013"><ele>726.1</ele></trkpt>
    <trkpt lat="37.139934" lon="-3.569854"><ele>726.3</ele></trkpt>
    <trkpt lat="37.139578" lon="-3.569145"><ele>727.2</ele></trkpt>
    <trkpt lat="37.13919" lon="-3.568375"><ele>728.2</ele></trkpt>
    <trkpt lat="37.139034" lon="-3.568165"><ele>728.5</ele></trkpt>
    <trkpt lat="37.138863" lon="-3.56799"><ele>728.8</ele></trkpt>
    <trkpt lat="37.138782" lon="-3.567915"><ele>729</ele></trkpt>
    <trkpt lat="37.138144" lon="-3.567328"><ele>730.8</ele></trkpt>
    <trkpt lat="37.137678" lon="-3.566887"><ele>732.8</ele></trkpt>
    <trkpt lat="37.137599" lon="-3.566811"><ele>733.2</ele></trkpt>
    <trkpt lat="37.137296" lon="-3.566537"><ele>735</ele></trkpt>
    <trkpt lat="37.137161" lon="-3.566364"><ele>736.2</ele></trkpt>
    <trkpt lat="37.13697" lon="-3.56601"><ele>738.3</ele></trkpt>
    <trkpt lat="37.136798" lon="-3.56554"><ele>740.8</ele></trkpt>
    <trkpt lat="37.136765" lon="-3.565385"><ele>741.6</ele></trkpt>
    <trkpt lat="37.136783" lon="-3.565224"><ele>742.5</ele></trkpt>
    <trkpt lat="37.136881" lon="-3.564844"><ele>744.5</ele></trkpt>
    <trkpt lat="37.136864" lon="-3.564611"><ele>745.7</ele></trkpt>
    <trkpt lat="37.136735" lon="-3.564276"><ele>747.6</ele></trkpt>
    <trkpt lat="37.136636" lon="-3.564108"><ele>748.7</ele></trkpt>
    <trkpt lat="37.136588" lon="-3.56402"><ele>749.2</ele></trkpt>
    <trkpt lat="37.136555" lon="-3.563924"><ele>749.7</ele></trkpt>
    <trkpt lat="37.136544" lon="-3.563759"><ele>750.4</ele></trkpt>
    <trkpt lat="37.136597" lon="-3.56257"><ele>756</ele></trkpt>
    <trkpt lat="37.136534" lon="-3.562174"><ele>758.5</ele></trkpt>
    <trkpt lat="37.136464" lon="-3.561776"><ele>761.3</ele></trkpt>
    <trkpt lat="37.136454" lon="-3.561599"><ele>762.6</ele></trkpt>
    <trkpt lat="37.13643" lon="-3.560945"><ele>767.6</ele></trkpt>
    <trkpt lat="37.136388" lon="-3.560114"><ele>773.8</ele></trkpt>
    <trkpt lat="37.136367" lon="-3.559879"><ele>775.5</ele></trkpt>
    <trkpt lat="37.136328" lon="-3.559717"><ele>776.6</ele></trkpt>
    <trkpt lat="37.136243" lon="-3.559537"><ele>777.8</ele></trkpt>
    <trkpt lat="37.135974" lon="-3.55916"><ele>779.9</ele></trkpt>
    <trkpt lat="37.135962" lon="-3.558962"><ele>780.5</ele></trkpt>
    <trkpt lat="37.13602" lon="-3.558794"><ele>781.1</ele></trkpt>
    <trkpt lat="37.136139" lon="-3.558706"><ele>781.6</ele></trkpt>
    <trkpt lat="37.136244" lon="-3.5587"><ele>782.2</ele></trkpt>
    <trkpt lat="37.136306" lon="-3.558722"><ele>782.5</ele></trkpt>
    <trkpt lat="37.136341" lon="-3.55874"><ele>782.8</ele></trkpt>
    <trkpt lat="37.136504" lon="-3.558991"><ele>784.4</ele></trkpt>
    <trkpt lat="37.136763" lon="-3.55943"><ele>787.2</ele></trkpt>
    <trkpt lat="37.136906" lon="-3.55953"><ele>788.1</ele></trkpt>
    <trkpt lat="37.137035" lon="-3.559506"><ele>788.9</ele></trkpt>
    <trkpt lat="37.137135" lon="-3.559408"><ele>789.6</ele></trkpt>
    <trkpt lat="37.13717" lon="-3.559337"><ele>790</ele></trkpt>
    <trkpt lat="37.137192" lon="-3.559185"><ele>790.8</ele></trkpt>
    <trkpt lat="37.137177" lon="-3.559074"><ele>791.5</ele></trkpt>
    <trkpt lat="37.137086" lon="-3.558807"><ele>793.2</ele></trkpt>
    <trkpt lat="37.136583" lon="-3.557545"><ele>800.6</ele></trkpt>
    <trkpt lat="37.136379" lon="-3.557012"><ele>803.7</ele></trkpt>
    <trkpt lat="37.136295" lon="-3.556813"><ele>805.2</ele></trkpt>
    <trkpt lat="37.136163" lon="-3.556495"><ele>807.8</ele></trkpt>
    <trkpt lat="37.136049" lon="-3.556328"><ele>809.4</ele></trkpt>
    <trkpt lat="37.135952" lon="-3.55626"><ele>810.4</ele></trkpt>
    <trkpt lat="37.135918" lon="-3.556337"><ele>811</ele></trkpt>
    <trkpt lat="37.135862" lon="-3.55638"><ele>811.6</ele></trkpt>
    <trkpt lat="37.135813" lon="-3.556353"><ele>812.1</ele></trkpt>
    <trkpt lat="37.135805" lon="-3.556278"><ele>812.5</ele></trkpt>
    <trkpt lat="37.135744" lon="-3.556108"><ele>813.7</ele></trkpt>
    <trkpt lat="37.135663" lon="-3.556047"><ele>814.6</ele></trkpt>
    <trkpt lat="37.13557" lon="-3.555968"><ele>815.5</ele></trkpt>
    <trkpt lat="37.135474" lon="-3.555842"><ele>816.6</ele></trkpt>
    <trkpt lat="37.135017" lon="-3.554906"><ele>820.4</ele></trkpt>
    <trkpt lat="37.134958" lon="-3.554721"><ele>820.2</ele></trkpt>
    <trkpt lat="37.134952" lon="-3.554597"><ele>820</ele></trkpt>
    <trkpt lat="37.134903" lon="-3.553827"><ele>817.7</ele></trkpt>
    <trkpt lat="37.134873" lon="-3.553662"><ele>817</ele></trkpt>
    <trkpt lat="37.13454" lon="-3.552872"><ele>812.6</ele></trkpt>
    <trkpt lat="37.134343" lon="-3.552047"><ele>809.3</ele></trkpt>
    <trkpt lat="37.134226" lon="-3.551705"><ele>807.7</ele></trkpt>
    <trkpt lat="37.134041" lon="-3.551484"><ele>806.5</ele></trkpt>
    <trkpt lat="37.133942" lon="-3.551309"><ele>805.7</ele></trkpt>
    <trkpt lat="37.133913" lon="-3.551205"><ele>805.4</ele></trkpt>
    <trkpt lat="37.133898" lon="-3.551"><ele>804.8</ele></trkpt>
    <trkpt lat="37.133938" lon="-3.55073"><ele>804.3</ele></trkpt>
    <trkpt lat="37.133964" lon="-3.550535"><ele>803.9</ele></trkpt>
    <trkpt lat="37.133932" lon="-3.550203"><ele>803</ele></trkpt>
    <trkpt lat="37.133797" lon="-3.549545"><ele>801.7</ele></trkpt>
    <trkpt lat="37.13378" lon="-3.5495"><ele>801.7</ele></trkpt>
    <trkpt lat="37.133666" lon="-3.549149"><ele>802</ele></trkpt>
    <trkpt lat="37.133707" lon="-3.548756"><ele>802.5</ele></trkpt>
    <trkpt lat="37.133658" lon="-3.548571"><ele>802.8</ele></trkpt>
    <trkpt lat="37.133455" lon="-3.548267"><ele>803.5</ele></trkpt>
    <trkpt lat="37.13336" lon="-3.548034"><ele>803.8</ele></trkpt>
    <trkpt lat="37.133187" lon="-3.547322"><ele>804.6</ele></trkpt>
    <trkpt lat="37.133178" lon="-3.547288"><ele>804.7</ele></trkpt>
    <trkpt lat="37.132945" lon="-3.54637"><ele>808.4</ele></trkpt>
    <trkpt lat="37.132839" lon="-3.546165"><ele>809.6</ele></trkpt>
    <trkpt lat="37.132647" lon="-3.545934"><ele>810.6</ele></trkpt>
    <trkpt lat="37.132601" lon="-3.545892"><ele>810.8</ele></trkpt>
    <trkpt lat="37.132321" lon="-3.545598"><ele>811.6</ele></trkpt>
    <trkpt lat="37.132224" lon="-3.545403"><ele>812</ele></trkpt>
    <trkpt lat="37.13217" lon="-3.545164"><ele>812.6</ele></trkpt>
    <trkpt lat="37.132153" lon="-3.54447"><ele>813.5</ele></trkpt>
    <trkpt lat="37.132134" lon="-3.543906"><ele>811.8</ele></trkpt>
    <trkpt lat="37.132081" lon="-3.543697"><ele>811.1</ele></trkpt>
    <trkpt lat="37.1319" lon="-3.543241"><ele>810</ele></trkpt>
    <trkpt lat="37.131854" lon="-3.542994"><ele>810.1</ele></trkpt>
    <trkpt lat="37.131914" lon="-3.542526"><ele>809.9</ele></trkpt>
    <trkpt lat="37.131906" lon="-3.54229"><ele>809.6</ele></trkpt>
    <trkpt lat="37.131769" lon="-3.541888"><ele>808.8</ele></trkpt>
    <trkpt lat="37.131728" lon="-3.541679"><ele>808.1</ele></trkpt>
    <trkpt lat="37.131744" lon="-3.541385"><ele>807.5</ele></trkpt>
    <trkpt lat="37.13184" lon="-3.54112"><ele>807</ele></trkpt>
    <trkpt lat="37.131934" lon="-3.540941"><ele>806.8</ele></trkpt>
    <trkpt lat="37.131969" lon="-3.540876"><ele>806.7</ele></trkpt>
    <trkpt lat="37.132116" lon="-3.540687"><ele>806.3</ele></trkpt>
    <trkpt lat="37.132182" lon="-3.540618"><ele>806.1</ele></trkpt>
    <trkpt lat="37.132233" lon="-3.540491"><ele>805.8</ele></trkpt>
    <trkpt lat="37.132241" lon="-3.540447"><ele>805.7</ele></trkpt>
    <trkpt lat="37.132262" lon="-3.540123"><ele>805</ele></trkpt>
    <trkpt lat="37.132246" lon="-3.540029"><ele>804.9</ele></trkpt>
    <trkpt lat="37.132195" lon="-3.539822"><ele>804.7</ele></trkpt>
    <trkpt lat="37.132069" lon="-3.539551"><ele>804.3</ele></trkpt>
    <trkpt lat="37.132098" lon="-3.539429"><ele>804.3</ele></trkpt>
    <trkpt lat="37.132131" lon="-3.539403"><ele>804.3</ele></trkpt>
    <trkpt lat="37.132328" lon="-3.539265"><ele>804.4</ele></trkpt>
    <trkpt lat="37.132341" lon="-3.539257"><ele>804.4</ele></trkpt>
    <trkpt lat="37.132398" lon="-3.53922"><ele>804.5</ele></trkpt>
    <trkpt lat="37.132467" lon="-3.539182"><ele>804.6</ele></trkpt>
    <trkpt lat="37.13248" lon="-3.539174"><ele>804.6</ele></trkpt>
    <trkpt lat="37.132525" lon="-3.539149"><ele>804.6</ele></trkpt>
    <trkpt lat="37.132457" lon="-3.538876"><ele>804.8</ele></trkpt>
    <trkpt lat="37.132368" lon="-3.538658"><ele>805</ele></trkpt>
    <trkpt lat="37.132299" lon="-3.538514"><ele>805.2</ele></trkpt>
    <trkpt lat="37.131671" lon="-3.537264"><ele>808.6</ele></trkpt>
    <trkpt lat="37.131483" lon="-3.536979"><ele>810</ele></trkpt>
    <trkpt lat="37.130939" lon="-3.536337"><ele>815.5</ele></trkpt>
    <trkpt lat="37.130648" lon="-3.535962"><ele>818.2</ele></trkpt>
    <trkpt lat="37.13059" lon="-3.53585"><ele>818.9</ele></trkpt>
    <trkpt lat="37.130504" lon="-3.535617"><ele>820.1</ele></trkpt>
    <trkpt lat="37.130486" lon="-3.535533"><ele>820.5</ele></trkpt>
    <trkpt lat="37.130466" lon="-3.535457"><ele>820.9</ele></trkpt>
    <trkpt lat="37.130447" lon="-3.535384"><ele>821.3</ele></trkpt>
    <trkpt lat="37.13039" lon="-3.535149"><ele>822.5</ele></trkpt>
    <trkpt lat="37.130462" lon="-3.534763"><ele>824.3</ele></trkpt>
    <trkpt lat="37.130483" lon="-3.53442"><ele>825.6</ele></trkpt>
    <trkpt lat="37.130466" lon="-3.534264"><ele>826</ele></trkpt>
    <trkpt lat="37.130344" lon="-3.533959"><ele>826.5</ele></trkpt>
    <trkpt lat="37.130113" lon="-3.533626"><ele>827.5</ele></trkpt>
    <trkpt lat="37.130103" lon="-3.533546"><ele>827.7</ele></trkpt>
    <trkpt lat="37.130143" lon="-3.533428"><ele>828</ele></trkpt>
    <trkpt lat="37.130254" lon="-3.533361"><ele>828.5</ele></trkpt>
    <trkpt lat="37.130334" lon="-3.533385"><ele>828.8</ele></trkpt>
    <trkpt lat="37.130619" lon="-3.533591"><ele>829.9</ele></trkpt>
    <trkpt lat="37.130903" lon="-3.533843"><ele>831.8</ele></trkpt>
    <trkpt lat="37.131127" lon="-3.534299"><ele>835.2</ele></trkpt>
    <trkpt lat="37.131183" lon="-3.534334"><ele>835.9</ele></trkpt>
    <trkpt lat="37.131262" lon="-3.534364"><ele>836.7</ele></trkpt>
    <trkpt lat="37.131354" lon="-3.534361"><ele>837.7</ele></trkpt>
    <trkpt lat="37.131467" lon="-3.534243"><ele>839.4</ele></trkpt>
    <trkpt lat="37.1315" lon="-3.534125"><ele>840.7</ele></trkpt>
    <trkpt lat="37.131498" lon="-3.533967"><ele>842.2</ele></trkpt>
    <trkpt lat="37.131347" lon="-3.533264"><ele>849.8</ele></trkpt>
    <trkpt lat="37.131287" lon="-3.533033"><ele>852.4</ele></trkpt>
    <trkpt lat="37.131192" lon="-3.532848"><ele>854.5</ele></trkpt>
    <trkpt lat="37.131029" lon="-3.532634"><ele>857</ele></trkpt>
    <trkpt lat="37.130636" lon="-3.532333"><ele>861.1</ele></trkpt>
    <trkpt lat="37.130405" lon="-3.532119"><ele>863.1</ele></trkpt>
    <trkpt lat="37.130071" lon="-3.531883"><ele>865.9</ele></trkpt>
    <trkpt lat="37.129985" lon="-3.531808"><ele>866.8</ele></trkpt>
    <trkpt lat="37.129903" lon="-3.531683"><ele>868</ele></trkpt>
    <trkpt lat="37.129878" lon="-3.531462"><ele>869.8</ele></trkpt>
    <trkpt lat="37.12992" lon="-3.530987"><ele>874.5</ele></trkpt>
    <trkpt lat="37.129952" lon="-3.530658"><ele>878.2</ele></trkpt>
    <trkpt lat="37.129956" lon="-3.530629"><ele>878.5</ele></trkpt>
    <trkpt lat="37.130051" lon="-3.529828"><ele>887.8</ele></trkpt>
    <trkpt lat="37.130134" lon="-3.529531"><ele>891.5</ele></trkpt>
    <trkpt lat="37.130198" lon="-3.529435"><ele>892.9</ele></trkpt>
    <trkpt lat="37.130343" lon="-3.529301"><ele>895.3</ele></trkpt>
    <trkpt lat="37.130638" lon="-3.528947"><ele>900.2</ele></trkpt>
    <trkpt lat="37.130899" lon="-3.52842"><ele>905.8</ele></trkpt>
    <trkpt lat="37.131233" lon="-3.528012"><ele>911.9</ele></trkpt>
    <trkpt lat="37.131381" lon="-3.527563"><ele>917.2</ele></trkpt>
    <trkpt lat="37.131473" lon="-3.527466"><ele>918.9</ele></trkpt>
    <trkpt lat="37.131592" lon="-3.52741"><ele>920.6</ele></trkpt>
    <trkpt lat="37.131887" lon="-3.527386"><ele>924.8</ele></trkpt>
    <trkpt lat="37.132378" lon="-3.527281"><ele>931.8</ele></trkpt>
    <trkpt lat="37.132489" lon="-3.527151"><ele>934</ele></trkpt>
    <trkpt lat="37.132677" lon="-3.526737"><ele>939</ele></trkpt>
    <trkpt lat="37.132819" lon="-3.52634"><ele>943</ele></trkpt>
    <trkpt lat="37.133111" lon="-3.525951"><ele>947.7</ele></trkpt>
    <trkpt lat="37.13332" lon="-3.525744"><ele>950.4</ele></trkpt>
    <trkpt lat="37.13362" lon="-3.525183"><ele>956.1</ele></trkpt>
    <trkpt lat="37.133812" lon="-3.525022"><ele>958.8</ele></trkpt>
    <trkpt lat="37.134145" lon="-3.524866"><ele>963.3</ele></trkpt>
    <trkpt lat="37.134274" lon="-3.524773"><ele>965.3</ele></trkpt>
    <trkpt lat="37.134841" lon="-3.523971"><ele>976.9</ele></trkpt>
    <trkpt lat="37.135047" lon="-3.523636"><ele>981.2</ele></trkpt>
    <trkpt lat="37.135225" lon="-3.523404"><ele>984.2</ele></trkpt>
    <trkpt lat="37.135335" lon="-3.523175"><ele>986.6</ele></trkpt>
    <trkpt lat="37.135372" lon="-3.522884"><ele>989.1</ele></trkpt>
    <trkpt lat="37.135322" lon="-3.522642"><ele>991.1</ele></trkpt>
    <trkpt lat="37.135175" lon="-3.522159"><ele>994.7</ele></trkpt>
    <trkpt lat="37.13522" lon="-3.522042"><ele>995.7</ele></trkpt>
    <trkpt lat="37.135399" lon="-3.521824"><ele>998</ele></trkpt>
    <trkpt lat="37.13549" lon="-3.52178"><ele>999</ele></trkpt>
    <trkpt lat="37.135681" lon="-3.521798"><ele>1001</ele></trkpt>
    <trkpt lat="37.135751" lon="-3.521904"><ele>1002.1</ele></trkpt>
    <trkpt lat="37.135782" lon="-3.522103"><ele>1004</ele></trkpt>
    <trkpt lat="37.135759" lon="-3.522334"><ele>1006.2</ele></trkpt>
    <trkpt lat="37.135673" lon="-3.522613"><ele>1009.2</ele></trkpt>
    <trkpt lat="37.135706" lon="-3.522691"><ele>1010</ele></trkpt>
    <trkpt lat="37.135778" lon="-3.522696"><ele>1010.9</ele></trkpt>
    <trkpt lat="37.135849" lon="-3.522636"><ele>1012</ele></trkpt>
    <trkpt lat="37.136089" lon="-3.522293"><ele>1016.6</ele></trkpt>
    <trkpt lat="37.136182" lon="-3.521966"><ele>1020.3</ele></trkpt>
    <trkpt lat="37.136345" lon="-3.52166"><ele>1024.3</ele></trkpt>
    <trkpt lat="37.136551" lon="-3.521426"><ele>1027.9</ele></trkpt>
    <trkpt lat="37.136745" lon="-3.521297"><ele>1030.7</ele></trkpt>
    <trkpt lat="37.13696" lon="-3.521214"><ele>1033.4</ele></trkpt>
    <trkpt lat="37.137136" lon="-3.521112"><ele>1035.6</ele></trkpt>
    <trkpt lat="37.137305" lon="-3.520611"><ele>1040.1</ele></trkpt>
    <trkpt lat="37.137385" lon="-3.519958"><ele>1044.6</ele></trkpt>
    <trkpt lat="37.137434" lon="-3.519746"><ele>1046.1</ele></trkpt>
    <trkpt lat="37.137403" lon="-3.519657"><ele>1046.8</ele></trkpt>
    <trkpt lat="37.137162" lon="-3.51946"><ele>1049.6</ele></trkpt>
    <trkpt lat="37.136896" lon="-3.519057"><ele>1053.9</ele></trkpt>
    <trkpt lat="37.13686" lon="-3.518885"><ele>1055.3</ele></trkpt>
    <trkpt lat="37.136861" lon="-3.518781"><ele>1056.3</ele></trkpt>
    <trkpt lat="37.136869" lon="-3.518276"><ele>1060.1</ele></trkpt>
    <trkpt lat="37.136989" lon="-3.517834"><ele>1063.5</ele></trkpt>
    <trkpt lat="37.13696" lon="-3.517707"><ele>1064.5</ele></trkpt>
    <trkpt lat="37.136676" lon="-3.517117"><ele>1069.9</ele></trkpt>
    <trkpt lat="37.13654" lon="-3.51677"><ele>1072.9</ele></trkpt>
    <trkpt lat="37.136415" lon="-3.51629"><ele>1076.7</ele></trkpt>
    <trkpt lat="37.136321" lon="-3.515586"><ele>1082.3</ele></trkpt>
    <trkpt lat="37.136176" lon="-3.515182"><ele>1085.8</ele></trkpt>
    <trkpt lat="37.136187" lon="-3.515092"><ele>1086.5</ele></trkpt>
    <trkpt lat="37.136289" lon="-3.515118"><ele>1087.4</ele></trkpt>
    <trkpt lat="37.136462" lon="-3.515535"><ele>1090.7</ele></trkpt>
    <trkpt lat="37.136812" lon="-3.516016"><ele>1094.7</ele></trkpt>
    <trkpt lat="37.136905" lon="-3.516082"><ele>1095.5</ele></trkpt>
    <trkpt lat="37.136947" lon="-3.516038"><ele>1095.9</ele></trkpt>
    <trkpt lat="37.136939" lon="-3.515958"><ele>1096.3</ele></trkpt>
    <trkpt lat="37.136839" lon="-3.515816"><ele>1097.5</ele></trkpt>
    <trkpt lat="37.136729" lon="-3.515544"><ele>1099.8</ele></trkpt>
    <trkpt lat="37.136509" lon="-3.514852"><ele>1106.9</ele></trkpt>
    <trkpt lat="37.136489" lon="-3.51467"><ele>1108.6</ele></trkpt>
    <trkpt lat="37.136597" lon="-3.514419"><ele>1111.1</ele></trkpt>
    <trkpt lat="37.136706" lon="-3.514203"><ele>1113.2</ele></trkpt>
    <trkpt lat="37.136818" lon="-3.513884"><ele>1115.8</ele></trkpt>
    <trkpt lat="37.136816" lon="-3.513731"><ele>1116.9</ele></trkpt>
    <trkpt lat="37.136715" lon="-3.513641"><ele>1118.1</ele></trkpt>
    <trkpt lat="37.136574" lon="-3.513632"><ele>1119.4</ele></trkpt>
    <trkpt lat="37.136458" lon="-3.513554"><ele>1120.7</ele></trkpt>
    <trkpt lat="37.13631" lon="-3.513274"><ele>1123.3</ele></trkpt>
    <trkpt lat="37.13624" lon="-3.513085"><ele>1124.6</ele></trkpt>
    <trkpt lat="37.136097" lon="-3.512488"><ele>1129</ele></trkpt>
    <trkpt lat="37.135955" lon="-3.511807"><ele>1135.9</ele></trkpt>
    <trkpt lat="37.135945" lon="-3.511635"><ele>1137.9</ele></trkpt>
    <trkpt lat="37.135966" lon="-3.511475"><ele>1139.8</ele></trkpt>
    <trkpt lat="37.136215" lon="-3.510765"><ele>1149.1</ele></trkpt>
    <trkpt lat="37.136263" lon="-3.510712"><ele>1150</ele></trkpt>
    <trkpt lat="37.136378" lon="-3.510682"><ele>1151.7</ele></trkpt>
    <trkpt lat="37.13667" lon="-3.51067"><ele>1155.8</ele></trkpt>
    <trkpt lat="37.136787" lon="-3.510562"><ele>1157.7</ele></trkpt>
    <trkpt lat="37.1369" lon="-3.510378"><ele>1160.1</ele></trkpt>
    <trkpt lat="37.137044" lon="-3.509962"><ele>1164.6</ele></trkpt>
    <trkpt lat="37.137197" lon="-3.509756"><ele>1167.1</ele></trkpt>
    <trkpt lat="37.13719" lon="-3.509678"><ele>1167.9</ele></trkpt>
    <trkpt lat="37.137071" lon="-3.509493"><ele>1169.9</ele></trkpt>
    <trkpt lat="37.13704" lon="-3.509401"><ele>1170.8</ele></trkpt>
    <trkpt lat="37.137049" lon="-3.509274"><ele>1171.8</ele></trkpt>
    <trkpt lat="37.137132" lon="-3.508972"><ele>1174.1</ele></trkpt>
    <trkpt lat="37.137153" lon="-3.508349"><ele>1177.2</ele></trkpt>
    <trkpt lat="37.137188" lon="-3.508245"><ele>1177.8</ele></trkpt>
    <trkpt lat="37.137234" lon="-3.508192"><ele>1178.2</ele></trkpt>
    <trkpt lat="37.137329" lon="-3.508156"><ele>1178.9</ele></trkpt>
    <trkpt lat="37.137376" lon="-3.508198"><ele>1179.2</ele></trkpt>
    <trkpt lat="37.137417" lon="-3.508302"><ele>1179.9</ele></trkpt>
    <trkpt lat="37.137436" lon="-3.508656"><ele>1182.1</ele></trkpt>
    <trkpt lat="37.137431" lon="-3.508762"><ele>1182.7</ele></trkpt>
    <trkpt lat="37.137369" lon="-3.508991"><ele>1184.1</ele></trkpt>
    <trkpt lat="37.137387" lon="-3.509193"><ele>1185.1</ele></trkpt>
    <trkpt lat="37.137486" lon="-3.509298"><ele>1185.9</ele></trkpt>
    <trkpt lat="37.137718" lon="-3.509357"><ele>1187.3</ele></trkpt>
    <trkpt lat="37.137809" lon="-3.509418"><ele>1187.9</ele></trkpt>
    <trkpt lat="37.13785" lon="-3.509511"><ele>1188.5</ele></trkpt>
    <trkpt lat="37.137863" lon="-3.509714"><ele>1189.8</ele></trkpt>
    <trkpt lat="37.137841" lon="-3.510251"><ele>1193.5</ele></trkpt>
    <trkpt lat="37.137972" lon="-3.510766"><ele>1196.7</ele></trkpt>
    <trkpt lat="37.137983" lon="-3.511008"><ele>1197.7</ele></trkpt>
    <trkpt lat="37.137956" lon="-3.511326"><ele>1199.1</ele></trkpt>
    <trkpt lat="37.138059" lon="-3.511863"><ele>1201.4</ele></trkpt>
    <trkpt lat="37.138131" lon="-3.512009"><ele>1202.1</ele></trkpt>
    <trkpt lat="37.138372" lon="-3.512296"><ele>1203.6</ele></trkpt>
    <trkpt lat="37.138679" lon="-3.512913"><ele>1206.5</ele></trkpt>
    <trkpt lat="37.138803" lon="-3.513075"><ele>1207.6</ele></trkpt>
    <trkpt lat="37.13884" lon="-3.513155"><ele>1208.1</ele></trkpt>
    <trkpt lat="37.138862" lon="-3.513463"><ele>1209.9</ele></trkpt>
    <trkpt lat="37.138919" lon="-3.513673"><ele>1211.3</ele></trkpt>
    <trkpt lat="37.139061" lon="-3.513975"><ele>1213.6</ele></trkpt>
    <trkpt lat="37.139104" lon="-3.514005"><ele>1214</ele></trkpt>
    <trkpt lat="37.139159" lon="-3.513981"><ele>1214.4</ele></trkpt>
    <trkpt lat="37.139129" lon="-3.513821"><ele>1215.6</ele></trkpt>
    <trkpt lat="37.139042" lon="-3.513628"><ele>1217.1</ele></trkpt>
    <trkpt lat="37.13903" lon="-3.513517"><ele>1217.9</ele></trkpt>
    <trkpt lat="37.139059" lon="-3.513118"><ele>1220.7</ele></trkpt>
    <trkpt lat="37.139035" lon="-3.513007"><ele>1221.6</ele></trkpt>
    <trkpt lat="37.138889" lon="-3.5128"><ele>1223.6</ele></trkpt>
    <trkpt lat="37.13883" lon="-3.512656"><ele>1224.9</ele></trkpt>
    <trkpt lat="37.13872" lon="-3.512195"><ele>1228.6</ele></trkpt>
    <trkpt lat="37.138693" lon="-3.511905"><ele>1230.7</ele></trkpt>
    <trkpt lat="37.13873" lon="-3.511441"><ele>1234.1</ele></trkpt>
    <trkpt lat="37.138813" lon="-3.510983"><ele>1237.7</ele></trkpt>
    <trkpt lat="37.138935" lon="-3.510574"><ele>1241.3</ele></trkpt>
    <trkpt lat="37.139035" lon="-3.510382"><ele>1243.1</ele></trkpt>
    <trkpt lat="37.139327" lon="-3.51016"><ele>1246.3</ele></trkpt>
    <trkpt lat="37.139608" lon="-3.509813"><ele>1249.8</ele></trkpt>
    <trkpt lat="37.139854" lon="-3.509318"><ele>1253.4</ele></trkpt>
    <trkpt lat="37.139902" lon="-3.508917"><ele>1255.6</ele></trkpt>
    <trkpt lat="37.140061" lon="-3.508472"><ele>1257.6</ele></trkpt>
    <trkpt lat="37.140167" lon="-3.508248"><ele>1258.7</ele></trkpt>
    <trkpt lat="37.140215" lon="-3.507988"><ele>1260</ele></trkpt>
    <trkpt lat="37.14033" lon="-3.507775"><ele>1261.5</ele></trkpt>
    <trkpt lat="37.140394" lon="-3.507427"><ele>1263.9</ele></trkpt>
    <trkpt lat="37.140394" lon="-3.507175"><ele>1265.8</ele></trkpt>
    <trkpt lat="37.140489" lon="-3.506305"><ele>1274.7</ele></trkpt>
    <trkpt lat="37.140631" lon="-3.505926"><ele>1280</ele></trkpt>
    <trkpt lat="37.14066" lon="-3.505726"><ele>1282.7</ele></trkpt>
    <trkpt lat="37.140621" lon="-3.505416"><ele>1286.8</ele></trkpt>
    <trkpt lat="37.140418" lon="-3.504937"><ele>1293.4</ele></trkpt>
    <trkpt lat="37.140409" lon="-3.504544"><ele>1297.5</ele></trkpt>
    <trkpt lat="37.140382" lon="-3.504421"><ele>1298.7</ele></trkpt>
    <trkpt lat="37.14033" lon="-3.504347"><ele>1299.6</ele></trkpt>
    <trkpt lat="37.140029" lon="-3.504101"><ele>1303.4</ele></trkpt>
    <trkpt lat="37.139959" lon="-3.504009"><ele>1304.5</ele></trkpt>
    <trkpt lat="37.139767" lon="-3.503399"><ele>1309.9</ele></trkpt>
    <trkpt lat="37.139603" lon="-3.503026"><ele>1313.8</ele></trkpt>
    <trkpt lat="37.139584" lon="-3.502986"><ele>1314.3</ele></trkpt>
    <trkpt lat="37.138897" lon="-3.502128"><ele>1327.5</ele></trkpt>
    <trkpt lat="37.138771" lon="-3.5019"><ele>1330.7</ele></trkpt>
    <trkpt lat="37.13866" lon="-3.501635"><ele>1334.3</ele></trkpt>
    <trkpt lat="37.138602" lon="-3.50138"><ele>1337.5</ele></trkpt>
    <trkpt lat="37.138553" lon="-3.501259"><ele>1339.2</ele></trkpt>
    <trkpt lat="37.138452" lon="-3.501136"><ele>1341.4</ele></trkpt>
    <trkpt lat="37.138033" lon="-3.500755"><ele>1349.7</ele></trkpt>
    <trkpt lat="37.137617" lon="-3.500179"><ele>1358.5</ele></trkpt>
    <trkpt lat="37.13754" lon="-3.499669"><ele>1363.1</ele></trkpt>
    <trkpt lat="37.137642" lon="-3.498907"><ele>1367.5</ele></trkpt>
    <trkpt lat="37.137732" lon="-3.498646"><ele>1368.7</ele></trkpt>
    <trkpt lat="37.137834" lon="-3.498537"><ele>1369.5</ele></trkpt>
    <trkpt lat="37.137933" lon="-3.498491"><ele>1370.3</ele></trkpt>
    <trkpt lat="37.138208" lon="-3.498448"><ele>1372.6</ele></trkpt>
    <trkpt lat="37.138318" lon="-3.498384"><ele>1373.8</ele></trkpt>
    <trkpt lat="37.138418" lon="-3.498255"><ele>1375.4</ele></trkpt>
    <trkpt lat="37.138459" lon="-3.498115"><ele>1376.8</ele></trkpt>
    <trkpt lat="37.138472" lon="-3.497968"><ele>1378.3</ele></trkpt>
    <trkpt lat="37.138339" lon="-3.497461"><ele>1385.3</ele></trkpt>
    <trkpt lat="37.138343" lon="-3.497238"><ele>1388.7</ele></trkpt>
    <trkpt lat="37.138418" lon="-3.49678"><ele>1396</ele></trkpt>
    <trkpt lat="37.1384" lon="-3.496459"><ele>1400.8</ele></trkpt>
    <trkpt lat="37.138471" lon="-3.496132"><ele>1405.1</ele></trkpt>
    <trkpt lat="37.138485" lon="-3.495615"><ele>1411</ele></trkpt>
    <trkpt lat="37.138585" lon="-3.495334"><ele>1414</ele></trkpt>
    <trkpt lat="37.138803" lon="-3.495071"><ele>1417.2</ele></trkpt>
    <trkpt lat="37.138824" lon="-3.494988"><ele>1418</ele></trkpt>
    <trkpt lat="37.138818" lon="-3.494889"><ele>1418.6</ele></trkpt>
    <trkpt lat="37.138736" lon="-3.494581"><ele>1420.8</ele></trkpt>
    <trkpt lat="37.138608" lon="-3.494264"><ele>1423</ele></trkpt>
    <trkpt lat="37.138596" lon="-3.494133"><ele>1423.7</ele></trkpt>
    <trkpt lat="37.138575" lon="-3.493926"><ele>1424.9</ele></trkpt>
    <trkpt lat="37.138531" lon="-3.493446"><ele>1427.7</ele></trkpt>
    <trkpt lat="37.138424" lon="-3.493119"><ele>1429.3</ele></trkpt>
    <trkpt lat="37.138367" lon="-3.492987"><ele>1429.9</ele></trkpt>
    <trkpt lat="37.13833" lon="-3.492802"><ele>1430.5</ele></trkpt>
    <trkpt lat="37.138394" lon="-3.491993"><ele>1432.2</ele></trkpt>
    <trkpt lat="37.138375" lon="-3.491674"><ele>1432.8</ele></trkpt>
    <trkpt lat="37.138328" lon="-3.491481"><ele>1433.2</ele></trkpt>
    <trkpt lat="37.138123" lon="-3.491051"><ele>1434</ele></trkpt>
    <trkpt lat="37.138112" lon="-3.490893"><ele>1434.3</ele></trkpt>
    <trkpt lat="37.13817" lon="-3.490561"><ele>1434.8</ele></trkpt>
    <trkpt lat="37.138176" lon="-3.490393"><ele>1435</ele></trkpt>
    <trkpt lat="37.138147" lon="-3.49005"><ele>1435.3</ele></trkpt>
    <trkpt lat="37.138125" lon="-3.489897"><ele>1435.4</ele></trkpt>
    <trkpt lat="37.137918" lon="-3.489193"><ele>1435.6</ele></trkpt>
    <trkpt lat="37.137556" lon="-3.488231"><ele>1434</ele></trkpt>
    <trkpt lat="37.137298" lon="-3.487423"><ele>1430.2</ele></trkpt>
    <trkpt lat="37.137218" lon="-3.48725"><ele>1428.9</ele></trkpt>
    <trkpt lat="37.137046" lon="-3.486878"><ele>1425.9</ele></trkpt>
    <trkpt lat="37.136697" lon="-3.486077"><ele>1418.4</ele></trkpt>
    <trkpt lat="37.136558" lon="-3.48585"><ele>1415.9</ele></trkpt>
    <trkpt lat="37.136331" lon="-3.485551"><ele>1412.3</ele></trkpt>
    <trkpt lat="37.136266" lon="-3.485338"><ele>1410.5</ele></trkpt>
    <trkpt lat="37.136289" lon="-3.485063"><ele>1408.4</ele></trkpt>
    <trkpt lat="37.136384" lon="-3.484665"><ele>1405.8</ele></trkpt>
    <trkpt lat="37.136409" lon="-3.484406"><ele>1404.4</ele></trkpt>
    <trkpt lat="37.136386" lon="-3.483821"><ele>1402.1</ele></trkpt>
    <trkpt lat="37.136457" lon="-3.4833"><ele>1401.1</ele></trkpt>
    <trkpt lat="37.136503" lon="-3.482151"><ele>1402.3</ele></trkpt>
    <trkpt lat="37.136452" lon="-3.480957"><ele>1407.5</ele></trkpt>
    <trkpt lat="37.136249" lon="-3.479727"><ele>1416.6</ele></trkpt>
    <trkpt lat="37.136194" lon="-3.477954"><ele>1432.9</ele></trkpt>
    <trkpt lat="37.136092" lon="-3.477031"><ele>1441.6</ele></trkpt>
    <trkpt lat="37.136094" lon="-3.476298"><ele>1448</ele></trkpt>
    <trkpt lat="37.135954" lon="-3.475723"><ele>1453.1</ele></trkpt>
    <trkpt lat="37.135881" lon="-3.475061"><ele>1459.6</ele></trkpt>
    <trkpt lat="37.135895" lon="-3.474792"><ele>1462.7</ele></trkpt>
    <trkpt lat="37.135821" lon="-3.474338"><ele>1468.2</ele></trkpt>
    <trkpt lat="37.135809" lon="-3.474133"><ele>1470.7</ele></trkpt>
    <trkpt lat="37.135849" lon="-3.473955"><ele>1472.9</ele></trkpt>
    <trkpt lat="37.135919" lon="-3.473887"><ele>1474.2</ele></trkpt>
    <trkpt lat="37.136005" lon="-3.473851"><ele>1475.5</ele></trkpt>
    <trkpt lat="37.136183" lon="-3.473862"><ele>1478</ele></trkpt>
    <trkpt lat="37.136288" lon="-3.473839"><ele>1479.4</ele></trkpt>
    <trkpt lat="37.136385" lon="-3.47375"><ele>1480.9</ele></trkpt>
    <trkpt lat="37.136432" lon="-3.473664"><ele>1481.9</ele></trkpt>
    <trkpt lat="37.136446" lon="-3.47354"><ele>1482.9</ele></trkpt>
    <trkpt lat="37.13646" lon="-3.473258"><ele>1484.9</ele></trkpt>
    <trkpt lat="37.136418" lon="-3.473006"><ele>1486.1</ele></trkpt>
    <trkpt lat="37.136375" lon="-3.472773"><ele>1486.4</ele></trkpt>
    <trkpt lat="37.136373" lon="-3.472675"><ele>1486.4</ele></trkpt>
    <trkpt lat="37.136402" lon="-3.472539"><ele>1486.2</ele></trkpt>
    <trkpt lat="37.136504" lon="-3.472339"><ele>1485.6</ele></trkpt>
    <trkpt lat="37.136777" lon="-3.471928"><ele>1482.8</ele></trkpt>
    <trkpt lat="37.137005" lon="-3.471314"><ele>1477.6</ele></trkpt>
    <trkpt lat="37.137136" lon="-3.470539"><ele>1471.4</ele></trkpt>
    <trkpt lat="37.137026" lon="-3.469675"><ele>1464.9</ele></trkpt>
    <trkpt lat="37.137019" lon="-3.469408"><ele>1463</ele></trkpt>
    <trkpt lat="37.137008" lon="-3.468473"><ele>1455.9</ele></trkpt>
    <trkpt lat="37.136954" lon="-3.468233"><ele>1453.7</ele></trkpt>
    <trkpt lat="37.136985" lon="-3.467938"><ele>1450.7</ele></trkpt>
    <trkpt lat="37.137145" lon="-3.467582"><ele>1446.4</ele></trkpt>
    <trkpt lat="37.137561" lon="-3.467354"><ele>1440.4</ele></trkpt>
    <trkpt lat="37.13778" lon="-3.467014"><ele>1436</ele></trkpt>
    <trkpt lat="37.137921" lon="-3.466995"><ele>1434.4</ele></trkpt>
    <trkpt lat="37.138222" lon="-3.467111"><ele>1431.4</ele></trkpt>
    <trkpt lat="37.138562" lon="-3.466928"><ele>1428.7</ele></trkpt>
    <trkpt lat="37.138698" lon="-3.467019"><ele>1427.8</ele></trkpt>
    <trkpt lat="37.138365" lon="-3.467204"><ele>1426.1</ele></trkpt>
    <trkpt lat="37.138014" lon="-3.467343"><ele>1424.5</ele></trkpt>
    <trkpt lat="37.137894" lon="-3.467453"><ele>1423.9</ele></trkpt>
    <trkpt lat="37.137811" lon="-3.467644"><ele>1423.4</ele></trkpt>
    <trkpt lat="37.13781" lon="-3.467846"><ele>1422.8</ele></trkpt>
    <trkpt lat="37.137867" lon="-3.468018"><ele>1422.2</ele></trkpt>
    <trkpt lat="37.138179" lon="-3.46858"><ele>1419.2</ele></trkpt>
    <trkpt lat="37.138233" lon="-3.468657"><ele>1418.7</ele></trkpt>
    <trkpt lat="37.138357" lon="-3.468728"><ele>1417.8</ele></trkpt>
    <trkpt lat="37.138568" lon="-3.468742"><ele>1416.3</ele></trkpt>
    <trkpt lat="37.13884" lon="-3.468808"><ele>1414.3</ele></trkpt>
    <trkpt lat="37.139302" lon="-3.4691"><ele>1410.2</ele></trkpt>
    <trkpt lat="37.139573" lon="-3.469349"><ele>1407.2</ele></trkpt>
    <trkpt lat="37.139719" lon="-3.469664"><ele>1404.6</ele></trkpt>
    <trkpt lat="37.140015" lon="-3.470086"><ele>1400.7</ele></trkpt>
    <trkpt lat="37.140112" lon="-3.470538"><ele>1397.5</ele></trkpt>
    <trkpt lat="37.140121" lon="-3.470751"><ele>1396.1</ele></trkpt>
    <trkpt lat="37.140094" lon="-3.470888"><ele>1395.2</ele></trkpt>
    <trkpt lat="37.139937" lon="-3.471188"><ele>1393.1</ele></trkpt>
    <trkpt lat="37.139907" lon="-3.471333"><ele>1392.3</ele></trkpt>
    <trkpt lat="37.139926" lon="-3.471506"><ele>1391.4</ele></trkpt>
    <trkpt lat="37.139991" lon="-3.471701"><ele>1390.4</ele></trkpt>
    <trkpt lat="37.140086" lon="-3.471884"><ele>1389.6</ele></trkpt>
    <trkpt lat="37.140398" lon="-3.472401"><ele>1387.7</ele></trkpt>
    <trkpt lat="37.140423" lon="-3.472516"><ele>1387.4</ele></trkpt>
    <trkpt lat="37.140311" lon="-3.473609"><ele>1384.8</ele></trkpt>
    <trkpt lat="37.140343" lon="-3.474027"><ele>1383.4</ele></trkpt>
    <trkpt lat="37.140428" lon="-3.47441"><ele>1381.5</ele></trkpt>
    <trkpt lat="37.140736" lon="-3.475536"><ele>1374.4</ele></trkpt>
    <trkpt lat="37.140806" lon="-3.475944"><ele>1371.9</ele></trkpt>
    <trkpt lat="37.140922" lon="-3.477743"><ele>1363.9</ele></trkpt>
    <trkpt lat="37.141047" lon="-3.478225"><ele>1361.2</ele></trkpt>
    <trkpt lat="37.141281" lon="-3.478982"><ele>1357.7</ele></trkpt>
    <trkpt lat="37.141261" lon="-3.479338"><ele>1356.4</ele></trkpt>
    <trkpt lat="37.141287" lon="-3.479732"><ele>1355.6</ele></trkpt>
    <trkpt lat="37.141196" lon="-3.479916"><ele>1355.2</ele></trkpt>
    <trkpt lat="37.140934" lon="-3.480193"><ele>1354.3</ele></trkpt>
    <trkpt lat="37.140888" lon="-3.480347"><ele>1354</ele></trkpt>
    <trkpt lat="37.140867" lon="-3.480721"><ele>1352.9</ele></trkpt>
    <trkpt lat="37.140811" lon="-3.480856"><ele>1352.3</ele></trkpt>
    <trkpt lat="37.14057" lon="-3.481198"><ele>1350</ele></trkpt>
    <trkpt lat="37.140304" lon="-3.481854"><ele>1347.2</ele></trkpt>
    <trkpt lat="37.14001" lon="-3.482134"><ele>1345.9</ele></trkpt>
    <trkpt lat="37.139341" lon="-3.482611"><ele>1342.4</ele></trkpt>
    <trkpt lat="37.139192" lon="-3.482738"><ele>1341.9</ele></trkpt>
    <trkpt lat="37.139108" lon="-3.482852"><ele>1341.6</ele></trkpt>
    <trkpt lat="37.139047" lon="-3.482953"><ele>1341.4</ele></trkpt>
    <trkpt lat="37.138994" lon="-3.483111"><ele>1341.1</ele></trkpt>
    <trkpt lat="37.13899" lon="-3.483249"><ele>1340.8</ele></trkpt>
    <trkpt lat="37.139004" lon="-3.483388"><ele>1340.3</ele></trkpt>
    <trkpt lat="37.139127" lon="-3.483687"><ele>1338.6</ele></trkpt>
    <trkpt lat="37.139417" lon="-3.484181"><ele>1334.5</ele></trkpt>
    <trkpt lat="37.13961" lon="-3.484459"><ele>1332.8</ele></trkpt>
    <trkpt lat="37.139931" lon="-3.484983"><ele>1330.5</ele></trkpt>
    <trkpt lat="37.140325" lon="-3.48575"><ele>1324.1</ele></trkpt>
    <trkpt lat="37.140397" lon="-3.485859"><ele>1323.2</ele></trkpt>
    <trkpt lat="37.140552" lon="-3.485961"><ele>1321.6</ele></trkpt>
    <trkpt lat="37.140824" lon="-3.486082"><ele>1319.3</ele></trkpt>
    <trkpt lat="37.14105" lon="-3.486105"><ele>1317.6</ele></trkpt>
    <trkpt lat="37.141305" lon="-3.486177"><ele>1316</ele></trkpt>
    <trkpt lat="37.14147" lon="-3.486395"><ele>1314.5</ele></trkpt>
    <trkpt lat="37.141606" lon="-3.48669"><ele>1312.7</ele></trkpt>
    <trkpt lat="37.141807" lon="-3.486988"><ele>1311.4</ele></trkpt>
    <trkpt lat="37.141868" lon="-3.487146"><ele>1310.6</ele></trkpt>
    <trkpt lat="37.141924" lon="-3.487389"><ele>1309.1</ele></trkpt>
    <trkpt lat="37.141951" lon="-3.487507"><ele>1308.3</ele></trkpt>
    <trkpt lat="37.141996" lon="-3.487602"><ele>1307.4</ele></trkpt>
    <trkpt lat="37.142117" lon="-3.487727"><ele>1305.7</ele></trkpt>
    <trkpt lat="37.142267" lon="-3.487798"><ele>1303.8</ele></trkpt>
    <trkpt lat="37.142433" lon="-3.487789"><ele>1301.7</ele></trkpt>
    <trkpt lat="37.142509" lon="-3.487759"><ele>1300.6</ele></trkpt>
    <trkpt lat="37.142677" lon="-3.487617"><ele>1297.6</ele></trkpt>
    <trkpt lat="37.143002" lon="-3.487279"><ele>1291.1</ele></trkpt>
    <trkpt lat="37.143108" lon="-3.487122"><ele>1288.7</ele></trkpt>
    <trkpt lat="37.143187" lon="-3.48698"><ele>1286.7</ele></trkpt>
    <trkpt lat="37.143365" lon="-3.486503"><ele>1281.7</ele></trkpt>
    <trkpt lat="37.143479" lon="-3.486262"><ele>1280.2</ele></trkpt>
    <trkpt lat="37.143594" lon="-3.486118"><ele>1279.5</ele></trkpt>
    <trkpt lat="37.14374" lon="-3.48603"><ele>1279</ele></trkpt>
    <trkpt lat="37.143903" lon="-3.486012"><ele>1278.7</ele></trkpt>
    <trkpt lat="37.143988" lon="-3.486035"><ele>1278.6</ele></trkpt>
    <trkpt lat="37.144093" lon="-3.486094"><ele>1278.5</ele></trkpt>
    <trkpt lat="37.144186" lon="-3.486186"><ele>1278.3</ele></trkpt>
    <trkpt lat="37.144309" lon="-3.486401"><ele>1277.8</ele></trkpt>
    <trkpt lat="37.144603" lon="-3.487107"><ele>1274.6</ele></trkpt>
    <trkpt lat="37.144711" lon="-3.487307"><ele>1273.1</ele></trkpt>
    <trkpt lat="37.144889" lon="-3.487485"><ele>1271.2</ele></trkpt>
    <trkpt lat="37.145031" lon="-3.487567"><ele>1269.7</ele></trkpt>
    <trkpt lat="37.145162" lon="-3.487596"><ele>1268.4</ele></trkpt>
    <trkpt lat="37.145295" lon="-3.487584"><ele>1267.1</ele></trkpt>
    <trkpt lat="37.145431" lon="-3.487509"><ele>1265.6</ele></trkpt>
    <trkpt lat="37.145548" lon="-3.487408"><ele>1264.1</ele></trkpt>
    <trkpt lat="37.145656" lon="-3.487236"><ele>1262.2</ele></trkpt>
    <trkpt lat="37.145756" lon="-3.486949"><ele>1259.7</ele></trkpt>
    <trkpt lat="37.145862" lon="-3.486481"><ele>1256.3</ele></trkpt>
    <trkpt lat="37.145978" lon="-3.486066"><ele>1253.5</ele></trkpt>
    <trkpt lat="37.146082" lon="-3.485822"><ele>1251.7</ele></trkpt>
    <trkpt lat="37.146211" lon="-3.485617"><ele>1250</ele></trkpt>
    <trkpt lat="37.146376" lon="-3.485437"><ele>1248.1</ele></trkpt>
    <trkpt lat="37.146701" lon="-3.485257"><ele>1244.8</ele></trkpt>
    <trkpt lat="37.146867" lon="-3.48521"><ele>1243.1</ele></trkpt>
    <trkpt lat="37.147141" lon="-3.485203"><ele>1240.4</ele></trkpt>
    <trkpt lat="37.149006" lon="-3.48539"><ele>1222.9</ele></trkpt>
    <trkpt lat="37.149397" lon="-3.485307"><ele>1220.7</ele></trkpt>
    <trkpt lat="37.149747" lon="-3.485076"><ele>1218.8</ele></trkpt>
    <trkpt lat="37.149819" lon="-3.48498"><ele>1218.3</ele></trkpt>
    <trkpt lat="37.14996" lon="-3.484676"><ele>1217.2</ele></trkpt>
    <trkpt lat="37.150007" lon="-3.484437"><ele>1216.5</ele></trkpt>
    <trkpt lat="37.150015" lon="-3.484112"><ele>1215.4</ele></trkpt>
    <trkpt lat="37.149993" lon="-3.483859"><ele>1214.4</ele></trkpt>
    <trkpt lat="37.149755" lon="-3.482508"><ele>1205.9</ele></trkpt>
    <trkpt lat="37.149755" lon="-3.482224"><ele>1203.5</ele></trkpt>
    <trkpt lat="37.149823" lon="-3.48188"><ele>1200.1</ele></trkpt>
    <trkpt lat="37.149932" lon="-3.481628"><ele>1197.1</ele></trkpt>
    <trkpt lat="37.15006" lon="-3.48144"><ele>1194.1</ele></trkpt>
    <trkpt lat="37.150254" lon="-3.481259"><ele>1190.2</ele></trkpt>
    <trkpt lat="37.150522" lon="-3.481097"><ele>1185.6</ele></trkpt>
    <trkpt lat="37.151254" lon="-3.480808"><ele>1176.3</ele></trkpt>
    <trkpt lat="37.151817" lon="-3.480586"><ele>1172.4</ele></trkpt>
    <trkpt lat="37.152006" lon="-3.480484"><ele>1171.6</ele></trkpt>
    <trkpt lat="37.152162" lon="-3.480358"><ele>1171.1</ele></trkpt>
    <trkpt lat="37.152274" lon="-3.480176"><ele>1170.8</ele></trkpt>
    <trkpt lat="37.152329" lon="-3.479947"><ele>1170.3</ele></trkpt>
    <trkpt lat="37.152311" lon="-3.479704"><ele>1168.9</ele></trkpt>
    <trkpt lat="37.152232" lon="-3.479444"><ele>1166.7</ele></trkpt>
    <trkpt lat="37.152067" lon="-3.479053"><ele>1163.3</ele></trkpt>
    <trkpt lat="37.152023" lon="-3.478848"><ele>1161.6</ele></trkpt>
    <trkpt lat="37.152032" lon="-3.478659"><ele>1160.1</ele></trkpt>
    <trkpt lat="37.152146" lon="-3.478467"><ele>1158.2</ele></trkpt>
    <trkpt lat="37.152268" lon="-3.478385"><ele>1156.9</ele></trkpt>
    <trkpt lat="37.15233" lon="-3.478375"><ele>1156.4</ele></trkpt>
    <trkpt lat="37.15246" lon="-3.478406"><ele>1155.1</ele></trkpt>
    <trkpt lat="37.152598" lon="-3.478517"><ele>1153.5</ele></trkpt>
    <trkpt lat="37.152698" lon="-3.478752"><ele>1151.4</ele></trkpt>
    <trkpt lat="37.15288" lon="-3.479466"><ele>1146.3</ele></trkpt>
    <trkpt lat="37.153049" lon="-3.480132"><ele>1143.7</ele></trkpt>
    <trkpt lat="37.15308" lon="-3.480384"><ele>1142.7</ele></trkpt>
    <trkpt lat="37.15306" lon="-3.480617"><ele>1141.7</ele></trkpt>
    <trkpt lat="37.152998" lon="-3.480823"><ele>1140.7</ele></trkpt>
    <trkpt lat="37.152909" lon="-3.480983"><ele>1139.8</ele></trkpt>
    <trkpt lat="37.152768" lon="-3.481145"><ele>1138.8</ele></trkpt>
    <trkpt lat="37.152317" lon="-3.481502"><ele>1136.2</ele></trkpt>
    <trkpt lat="37.152179" lon="-3.481652"><ele>1135.4</ele></trkpt>
    <trkpt lat="37.15207" lon="-3.481826"><ele>1134.6</ele></trkpt>
    <trkpt lat="37.151994" lon="-3.482034"><ele>1133.6</ele></trkpt>
    <trkpt lat="37.151963" lon="-3.482241"><ele>1132.7</ele></trkpt>
    <trkpt lat="37.151985" lon="-3.482462"><ele>1131.5</ele></trkpt>
    <trkpt lat="37.152042" lon="-3.482681"><ele>1130.2</ele></trkpt>
    <trkpt lat="37.152692" lon="-3.483984"><ele>1119.7</ele></trkpt>
    <trkpt lat="37.152775" lon="-3.48406"><ele>1118.8</ele></trkpt>
    <trkpt lat="37.153333" lon="-3.48514"><ele>1109.8</ele></trkpt>
    <trkpt lat="37.153437" lon="-3.48534"><ele>1108</ele></trkpt>
    <trkpt lat="37.153544" lon="-3.485549"><ele>1106.2</ele></trkpt>
    <trkpt lat="37.154134" lon="-3.486698"><ele>1096.7</ele></trkpt>
    <trkpt lat="37.15417" lon="-3.486839"><ele>1095.7</ele></trkpt>
    <trkpt lat="37.155155" lon="-3.488731"><ele>1078</ele></trkpt>
    <trkpt lat="37.15524" lon="-3.488939"><ele>1076</ele></trkpt>
    <trkpt lat="37.155291" lon="-3.489164"><ele>1074</ele></trkpt>
    <trkpt lat="37.155284" lon="-3.48938"><ele>1072.2</ele></trkpt>
    <trkpt lat="37.155223" lon="-3.489569"><ele>1070.6</ele></trkpt>
    <trkpt lat="37.1551" lon="-3.489728"><ele>1069</ele></trkpt>
    <trkpt lat="37.154949" lon="-3.489831"><ele>1067.7</ele></trkpt>
    <trkpt lat="37.154477" lon="-3.489995"><ele>1064.6</ele></trkpt>
    <trkpt lat="37.154278" lon="-3.490121"><ele>1063.4</ele></trkpt>
    <trkpt lat="37.154129" lon="-3.490273"><ele>1062.3</ele></trkpt>
    <trkpt lat="37.154057" lon="-3.490393"><ele>1061.7</ele></trkpt>
    <trkpt lat="37.153988" lon="-3.490565"><ele>1060.8</ele></trkpt>
    <trkpt lat="37.153964" lon="-3.490755"><ele>1060</ele></trkpt>
    <trkpt lat="37.153974" lon="-3.490941"><ele>1059.1</ele></trkpt>
    <trkpt lat="37.154018" lon="-3.491116"><ele>1058.2</ele></trkpt>
    <trkpt lat="37.154101" lon="-3.491285"><ele>1057.2</ele></trkpt>
    <trkpt lat="37.154235" lon="-3.491453"><ele>1055.8</ele></trkpt>
    <trkpt lat="37.154828" lon="-3.49205"><ele>1048.4</ele></trkpt>
    <trkpt lat="37.154965" lon="-3.492265"><ele>1046.2</ele></trkpt>
    <trkpt lat="37.155053" lon="-3.492456"><ele>1044.4</ele></trkpt>
    <trkpt lat="37.155108" lon="-3.492653"><ele>1042.6</ele></trkpt>
    <trkpt lat="37.155132" lon="-3.492876"><ele>1040.7</ele></trkpt>
    <trkpt lat="37.155123" lon="-3.493111"><ele>1038.9</ele></trkpt>
    <trkpt lat="37.155069" lon="-3.493352"><ele>1037</ele></trkpt>
    <trkpt lat="37.154945" lon="-3.493806"><ele>1033.5</ele></trkpt>
    <trkpt lat="37.154907" lon="-3.494061"><ele>1031.6</ele></trkpt>
    <trkpt lat="37.154807" lon="-3.494369"><ele>1029.3</ele></trkpt>
    <trkpt lat="37.154715" lon="-3.494772"><ele>1026.4</ele></trkpt>
    <trkpt lat="37.154624" lon="-3.495297"><ele>1022.5</ele></trkpt>
    <trkpt lat="37.154541" lon="-3.495774"><ele>1020.1</ele></trkpt>
    <trkpt lat="37.154536" lon="-3.495886"><ele>1019.6</ele></trkpt>
    <trkpt lat="37.154576" lon="-3.496012"><ele>1019</ele></trkpt>
    <trkpt lat="37.154617" lon="-3.496063"><ele>1018.8</ele></trkpt>
    <trkpt lat="37.154714" lon="-3.496111"><ele>1018.2</ele></trkpt>
    <trkpt lat="37.154766" lon="-3.496108"><ele>1017.9</ele></trkpt>
    <trkpt lat="37.154852" lon="-3.496051"><ele>1017.4</ele></trkpt>
    <trkpt lat="37.154914" lon="-3.495936"><ele>1016.8</ele></trkpt>
    <trkpt lat="37.154928" lon="-3.495701"><ele>1015.8</ele></trkpt>
    <trkpt lat="37.154898" lon="-3.495304"><ele>1013.9</ele></trkpt>
    <trkpt lat="37.154944" lon="-3.49514"><ele>1012.9</ele></trkpt>
    <trkpt lat="37.155008" lon="-3.495057"><ele>1012.3</ele></trkpt>
    <trkpt lat="37.155399" lon="-3.494712"><ele>1009.2</ele></trkpt>
    <trkpt lat="37.155652" lon="-3.494557"><ele>1006.9</ele></trkpt>
    <trkpt lat="37.155829" lon="-3.494527"><ele>1005.2</ele></trkpt>
    <trkpt lat="37.155976" lon="-3.494458"><ele>1003.5</ele></trkpt>
    <trkpt lat="37.156419" lon="-3.493972"><ele>997</ele></trkpt>
    <trkpt lat="37.156946" lon="-3.493663"><ele>990.8</ele></trkpt>
    <trkpt lat="37.157337" lon="-3.493084"><ele>984.4</ele></trkpt>
    <trkpt lat="37.157492" lon="-3.492918"><ele>982.3</ele></trkpt>
    <trkpt lat="37.157697" lon="-3.492841"><ele>980.3</ele></trkpt>
    <trkpt lat="37.157776" lon="-3.492825"><ele>979.5</ele></trkpt>
    <trkpt lat="37.157782" lon="-3.492827"><ele>979.5</ele></trkpt>
    <trkpt lat="37.157935" lon="-3.492864"><ele>978.1</ele></trkpt>
    <trkpt lat="37.158256" lon="-3.493184"><ele>974.7</ele></trkpt>
    <trkpt lat="37.158374" lon="-3.493357"><ele>973.3</ele></trkpt>
    <trkpt lat="37.158445" lon="-3.493511"><ele>972.1</ele></trkpt>
    <trkpt lat="37.158498" lon="-3.493742"><ele>970.4</ele></trkpt>
    <trkpt lat="37.158516" lon="-3.494031"><ele>968.2</ele></trkpt>
    <trkpt lat="37.158329" lon="-3.494613"><ele>963.7</ele></trkpt>
    <trkpt lat="37.158212" lon="-3.495115"><ele>960.9</ele></trkpt>
    <trkpt lat="37.158155" lon="-3.495218"><ele>960.2</ele></trkpt>
    <trkpt lat="37.158053" lon="-3.495321"><ele>959.5</ele></trkpt>
    <trkpt lat="37.157916" lon="-3.49539"><ele>958.6</ele></trkpt>
    <trkpt lat="37.157341" lon="-3.495424"><ele>955.7</ele></trkpt>
    <trkpt lat="37.157184" lon="-3.495476"><ele>955</ele></trkpt>
    <trkpt lat="37.157006" lon="-3.495613"><ele>954.2</ele></trkpt>
    <trkpt lat="37.156752" lon="-3.495917"><ele>952.8</ele></trkpt>
    <trkpt lat="37.15665" lon="-3.496127"><ele>951.8</ele></trkpt>
    <trkpt lat="37.156657" lon="-3.496274"><ele>951</ele></trkpt>
    <trkpt lat="37.15671" lon="-3.496414"><ele>950.1</ele></trkpt>
    <trkpt lat="37.156761" lon="-3.496474"><ele>949.6</ele></trkpt>
    <trkpt lat="37.156925" lon="-3.496523"><ele>948.1</ele></trkpt>
    <trkpt lat="37.157328" lon="-3.49654"><ele>944.3</ele></trkpt>
    <trkpt lat="37.157471" lon="-3.496618"><ele>942.8</ele></trkpt>
    <trkpt lat="37.157622" lon="-3.496763"><ele>940.9</ele></trkpt>
    <trkpt lat="37.15782" lon="-3.496909"><ele>938.7</ele></trkpt>
    <trkpt lat="37.158019" lon="-3.496961"><ele>936.9</ele></trkpt>
    <trkpt lat="37.158251" lon="-3.496969"><ele>935</ele></trkpt>
    <trkpt lat="37.158415" lon="-3.497038"><ele>933.7</ele></trkpt>
    <trkpt lat="37.158491" lon="-3.497218"><ele>932.4</ele></trkpt>
    <trkpt lat="37.158491" lon="-3.49739"><ele>931.3</ele></trkpt>
    <trkpt lat="37.158402" lon="-3.497562"><ele>930</ele></trkpt>
    <trkpt lat="37.158032" lon="-3.498013"><ele>925.9</ele></trkpt>
    <trkpt lat="37.157738" lon="-3.498343"><ele>922.6</ele></trkpt>
    <trkpt lat="37.157649" lon="-3.49848"><ele>921.3</ele></trkpt>
    <trkpt lat="37.157622" lon="-3.498617"><ele>920.3</ele></trkpt>
    <trkpt lat="37.15754" lon="-3.499604"><ele>913.4</ele></trkpt>
    <trkpt lat="37.157553" lon="-3.499836"><ele>911.9</ele></trkpt>
    <trkpt lat="37.157622" lon="-3.500033"><ele>910.6</ele></trkpt>
    <trkpt lat="37.157772" lon="-3.500171"><ele>909.1</ele></trkpt>
    <trkpt lat="37.15847" lon="-3.50042"><ele>903.5</ele></trkpt>
    <trkpt lat="37.159093" lon="-3.501192"><ele>897.9</ele></trkpt>
    <trkpt lat="37.15927" lon="-3.501321"><ele>896.9</ele></trkpt>
    <trkpt lat="37.159435" lon="-3.501398"><ele>896.1</ele></trkpt>
    <trkpt lat="37.159544" lon="-3.501381"><ele>895.6</ele></trkpt>
    <trkpt lat="37.159651" lon="-3.501293"><ele>895.1</ele></trkpt>
    <trkpt lat="37.159962" lon="-3.50062"><ele>893.2</ele></trkpt>
    <trkpt lat="37.160066" lon="-3.500506"><ele>893</ele></trkpt>
    <trkpt lat="37.160273" lon="-3.500346"><ele>892.5</ele></trkpt>
    <trkpt lat="37.160352" lon="-3.500251"><ele>892.3</ele></trkpt>
    <trkpt lat="37.160414" lon="-3.500122"><ele>892</ele></trkpt>
    <trkpt lat="37.160521" lon="-3.499452"><ele>890</ele></trkpt>
    <trkpt lat="37.160459" lon="-3.499136"><ele>888.6</ele></trkpt>
    <trkpt lat="37.160296" lon="-3.498724"><ele>886.4</ele></trkpt>
    <trkpt lat="37.160261" lon="-3.498554"><ele>885.5</ele></trkpt>
    <trkpt lat="37.160254" lon="-3.498133"><ele>883</ele></trkpt>
    <trkpt lat="37.160277" lon="-3.49776"><ele>880.6</ele></trkpt>
    <trkpt lat="37.160344" lon="-3.497518"><ele>878.7</ele></trkpt>
    <trkpt lat="37.160586" lon="-3.496923"><ele>872.7</ele></trkpt>
    <trkpt lat="37.160782" lon="-3.49636"><ele>866.3</ele></trkpt>
    <trkpt lat="37.160905" lon="-3.495899"><ele>861.6</ele></trkpt>
    <trkpt lat="37.160985" lon="-3.495788"><ele>860.3</ele></trkpt>
    <trkpt lat="37.161095" lon="-3.495693"><ele>858.9</ele></trkpt>
    <trkpt lat="37.161186" lon="-3.495672"><ele>858</ele></trkpt>
    <trkpt lat="37.161496" lon="-3.495726"><ele>855.3</ele></trkpt>
    <trkpt lat="37.161602" lon="-3.495704"><ele>854.5</ele></trkpt>
    <trkpt lat="37.161687" lon="-3.49564"><ele>853.9</ele></trkpt>
    <trkpt lat="37.161742" lon="-3.495523"><ele>853.2</ele></trkpt>
    <trkpt lat="37.161754" lon="-3.495393"><ele>852.5</ele></trkpt>
    <trkpt lat="37.161723" lon="-3.495254"><ele>851.7</ele></trkpt>
    <trkpt lat="37.161652" lon="-3.495108"><ele>850.7</ele></trkpt>
    <trkpt lat="37.161462" lon="-3.494931"><ele>849.3</ele></trkpt>
    <trkpt lat="37.161389" lon="-3.494822"><ele>848.6</ele></trkpt>
    <trkpt lat="37.161353" lon="-3.494686"><ele>847.9</ele></trkpt>
    <trkpt lat="37.161386" lon="-3.494514"><ele>847</ele></trkpt>
    <trkpt lat="37.161464" lon="-3.494364"><ele>846</ele></trkpt>
    <trkpt lat="37.161557" lon="-3.494296"><ele>845.2</ele></trkpt>
    <trkpt lat="37.161619" lon="-3.494299"><ele>844.7</ele></trkpt>
    <trkpt lat="37.16168" lon="-3.494303"><ele>844.2</ele></trkpt>
    <trkpt lat="37.16176" lon="-3.494366"><ele>843.4</ele></trkpt>
    <trkpt lat="37.161805" lon="-3.494477"><ele>842.6</ele></trkpt>
    <trkpt lat="37.161877" lon="-3.494803"><ele>840</ele></trkpt>
    <trkpt lat="37.16195" lon="-3.494964"><ele>838.4</ele></trkpt>
    <trkpt lat="37.162155" lon="-3.495134"><ele>835.7</ele></trkpt>
    <trkpt lat="37.162232" lon="-3.495227"><ele>834.6</ele></trkpt>
    <trkpt lat="37.162328" lon="-3.495407"><ele>832.8</ele></trkpt>
    <trkpt lat="37.162439" lon="-3.495866"><ele>829.5</ele></trkpt>
    <trkpt lat="37.162684" lon="-3.49642"><ele>825.7</ele></trkpt>
    <trkpt lat="37.162774" lon="-3.496768"><ele>823.8</ele></trkpt>
    <trkpt lat="37.16281" lon="-3.497122"><ele>822</ele></trkpt>
    <trkpt lat="37.162798" lon="-3.49756"><ele>819.9</ele></trkpt>
    <trkpt lat="37.162749" lon="-3.49791"><ele>818.3</ele></trkpt>
    <trkpt lat="37.162676" lon="-3.498133"><ele>817.3</ele></trkpt>
    <trkpt lat="37.162648" lon="-3.498342"><ele>816.5</ele></trkpt>
    <trkpt lat="37.162656" lon="-3.498746"><ele>815.1</ele></trkpt>
    <trkpt lat="37.162621" lon="-3.498928"><ele>814.3</ele></trkpt>
    <trkpt lat="37.162544" lon="-3.499146"><ele>813</ele></trkpt>
    <trkpt lat="37.162508" lon="-3.499351"><ele>811.8</ele></trkpt>
    <trkpt lat="37.162511" lon="-3.499655"><ele>810.2</ele></trkpt>
    <trkpt lat="37.162552" lon="-3.499983"><ele>808.3</ele></trkpt>
    <trkpt lat="37.162614" lon="-3.500491"><ele>805.2</ele></trkpt>
    <trkpt lat="37.162641" lon="-3.50071"><ele>803.7</ele></trkpt>
    <trkpt lat="37.162717" lon="-3.501371"><ele>798.9</ele></trkpt>
    <trkpt lat="37.162807" lon="-3.501928"><ele>794.8</ele></trkpt>
    <trkpt lat="37.16283" lon="-3.502052"><ele>794</ele></trkpt>
    <trkpt lat="37.162862" lon="-3.502222"><ele>793</ele></trkpt>
    <trkpt lat="37.162863" lon="-3.50241"><ele>791.9</ele></trkpt>
    <trkpt lat="37.162789" lon="-3.502666"><ele>790.4</ele></trkpt>
    <trkpt lat="37.16276" lon="-3.502776"><ele>789.9</ele></trkpt>
    <trkpt lat="37.162813" lon="-3.502825"><ele>789.5</ele></trkpt>
    <trkpt lat="37.162806" lon="-3.502904"><ele>789.1</ele></trkpt>
    <trkpt lat="37.162747" lon="-3.502937"><ele>788.8</ele></trkpt>
    <trkpt lat="37.162534" lon="-3.50317"><ele>787.5</ele></trkpt>
    <trkpt lat="37.162259" lon="-3.503543"><ele>786.1</ele></trkpt>
    <trkpt lat="37.162046" lon="-3.50387"><ele>785.1</ele></trkpt>
    <trkpt lat="37.161886" lon="-3.50418"><ele>784.7</ele></trkpt>
    <trkpt lat="37.161791" lon="-3.504473"><ele>784.7</ele></trkpt>
    <trkpt lat="37.16168" lon="-3.505211"><ele>783.5</ele></trkpt>
    <trkpt lat="37.161543" lon="-3.505803"><ele>781.2</ele></trkpt>
    <trkpt lat="37.161513" lon="-3.506018"><ele>780.2</ele></trkpt>
    <trkpt lat="37.161487" lon="-3.506501"><ele>777.4</ele></trkpt>
    <trkpt lat="37.161532" lon="-3.50685"><ele>775.1</ele></trkpt>
    <trkpt lat="37.161638" lon="-3.507109"><ele>773.2</ele></trkpt>
    <trkpt lat="37.16168" lon="-3.507173"><ele>772.6</ele></trkpt>
    <trkpt lat="37.161816" lon="-3.507363"><ele>771</ele></trkpt>
    <trkpt lat="37.161855" lon="-3.507413"><ele>770.6</ele></trkpt>
    <trkpt lat="37.162165" lon="-3.507755"><ele>768.5</ele></trkpt>
    <trkpt lat="37.162262" lon="-3.507867"><ele>768</ele></trkpt>
    <trkpt lat="37.162377" lon="-3.508046"><ele>767.6</ele></trkpt>
    <trkpt lat="37.162545" lon="-3.507883"><ele>767.3</ele></trkpt>
    <trkpt lat="37.162663" lon="-3.507752"><ele>767.3</ele></trkpt>
    <trkpt lat="37.163119" lon="-3.507246"><ele>768.3</ele></trkpt>
    <trkpt lat="37.163215" lon="-3.5071"><ele>768.7</ele></trkpt>
    <trkpt lat="37.163242" lon="-3.507019"><ele>768.9</ele></trkpt>
    <trkpt lat="37.163307" lon="-3.505978"><ele>771.5</ele></trkpt>
    <trkpt lat="37.163415" lon="-3.505208"><ele>773.6</ele></trkpt>
    <trkpt lat="37.163448" lon="-3.505119"><ele>774</ele></trkpt>
    <trkpt lat="37.163511" lon="-3.50495"><ele>774.9</ele></trkpt>
    <trkpt lat="37.163784" lon="-3.504374"><ele>777.7</ele></trkpt>
    <trkpt lat="37.164012" lon="-3.503869"><ele>780.3</ele></trkpt>
    <trkpt lat="37.164107" lon="-3.503513"><ele>782</ele></trkpt>
    <trkpt lat="37.164207" lon="-3.50309"><ele>783.9</ele></trkpt>
    <trkpt lat="37.164284" lon="-3.502994"><ele>784.5</ele></trkpt>
    <trkpt lat="37.164504" lon="-3.502889"><ele>785.4</ele></trkpt>
    <trkpt lat="37.164572" lon="-3.502818"><ele>785.7</ele></trkpt>
    <trkpt lat="37.164605" lon="-3.502689"><ele>786</ele></trkpt>
    <trkpt lat="37.164589" lon="-3.502547"><ele>786.3</ele></trkpt>
    <trkpt lat="37.164471" lon="-3.502262"><ele>787</ele></trkpt>
    <trkpt lat="37.164442" lon="-3.502098"><ele>787.5</ele></trkpt>
    <trkpt lat="37.164449" lon="-3.501518"><ele>789</ele></trkpt>
    <trkpt lat="37.164275" lon="-3.500833"><ele>790.6</ele></trkpt>
    <trkpt lat="37.164226" lon="-3.500348"><ele>791.6</ele></trkpt>
    <trkpt lat="37.16424" lon="-3.500142"><ele>792.1</ele></trkpt>
    <trkpt lat="37.164287" lon="-3.49999"><ele>792.6</ele></trkpt>
    <trkpt lat="37.164417" lon="-3.49961"><ele>793.8</ele></trkpt>
    <trkpt lat="37.164523" lon="-3.499035"><ele>795.6</ele></trkpt>
    <trkpt lat="37.164647" lon="-3.498789"><ele>796.6</ele></trkpt>
    <trkpt lat="37.164773" lon="-3.498523"><ele>798</ele></trkpt>
    <trkpt lat="37.16493" lon="-3.498026"><ele>799.7</ele></trkpt>
    <trkpt lat="37.165157" lon="-3.497688"><ele>800.8</ele></trkpt>
    <trkpt lat="37.165183" lon="-3.497471"><ele>801.1</ele></trkpt>
    <trkpt lat="37.165128" lon="-3.497284"><ele>801.4</ele></trkpt>
    <trkpt lat="37.165071" lon="-3.497193"><ele>801.4</ele></trkpt>
    <trkpt lat="37.165005" lon="-3.497126"><ele>801.5</ele></trkpt>
    <trkpt lat="37.164893" lon="-3.497011"><ele>801.7</ele></trkpt>
    <trkpt lat="37.164787" lon="-3.496881"><ele>801.8</ele></trkpt>
    <trkpt lat="37.164706" lon="-3.49673"><ele>801.9</ele></trkpt>
    <trkpt lat="37.164454" lon="-3.496068"><ele>802.1</ele></trkpt>
    <trkpt lat="37.164159" lon="-3.495659"><ele>803.3</ele></trkpt>
    <trkpt lat="37.164095" lon="-3.495474"><ele>803.8</ele></trkpt>
    <trkpt lat="37.164104" lon="-3.495261"><ele>804.6</ele></trkpt>
    <trkpt lat="37.164272" lon="-3.494744"><ele>806.9</ele></trkpt>
    <trkpt lat="37.164285" lon="-3.494471"><ele>807.7</ele></trkpt>
    <trkpt lat="37.164257" lon="-3.494143"><ele>808.4</ele></trkpt>
    <trkpt lat="37.164222" lon="-3.493882"><ele>808.7</ele></trkpt>
    <trkpt lat="37.164182" lon="-3.49375"><ele>808.7</ele></trkpt>
    <trkpt lat="37.164099" lon="-3.493657"><ele>808.8</ele></trkpt>
    <trkpt lat="37.163414" lon="-3.493092"><ele>811.2</ele></trkpt>
    <trkpt lat="37.163366" lon="-3.492993"><ele>811.7</ele></trkpt>
    <trkpt lat="37.163335" lon="-3.492862"><ele>812.3</ele></trkpt>
    <trkpt lat="37.163347" lon="-3.492709"><ele>813</ele></trkpt>
    <trkpt lat="37.163527" lon="-3.491875"><ele>819.2</ele></trkpt>
    <trkpt lat="37.163534" lon="-3.491702"><ele>820.9</ele></trkpt>
    <trkpt lat="37.163487" lon="-3.491534"><ele>822.7</ele></trkpt>
    <trkpt lat="37.163339" lon="-3.491349"><ele>825.6</ele></trkpt>
    <trkpt lat="37.162755" lon="-3.490889"><ele>834.2</ele></trkpt>
    <trkpt lat="37.162666" lon="-3.490758"><ele>835.5</ele></trkpt>
    <trkpt lat="37.162621" lon="-3.490587"><ele>836.7</ele></trkpt>
    <trkpt lat="37.162606" lon="-3.490246"><ele>838.3</ele></trkpt>
    <trkpt lat="37.162564" lon="-3.490121"><ele>838.8</ele></trkpt>
    <trkpt lat="37.162492" lon="-3.490032"><ele>839.2</ele></trkpt>
    <trkpt lat="37.162373" lon="-3.489981"><ele>839.5</ele></trkpt>
    <trkpt lat="37.162253" lon="-3.489983"><ele>839.8</ele></trkpt>
    <trkpt lat="37.161926" lon="-3.490082"><ele>841.1</ele></trkpt>
    <trkpt lat="37.16158" lon="-3.490286"><ele>843.1</ele></trkpt>
    <trkpt lat="37.161456" lon="-3.49031"><ele>843.9</ele></trkpt>
    <trkpt lat="37.161346" lon="-3.490295"><ele>844.6</ele></trkpt>
    <trkpt lat="37.161254" lon="-3.490235"><ele>845.3</ele></trkpt>
    <trkpt lat="37.161206" lon="-3.49014"><ele>845.9</ele></trkpt>
    <trkpt lat="37.161214" lon="-3.489878"><ele>847.7</ele></trkpt>
    <trkpt lat="37.161333" lon="-3.489764"><ele>849.2</ele></trkpt>
    <trkpt lat="37.161695" lon="-3.489788"><ele>853.7</ele></trkpt>
    <trkpt lat="37.161857" lon="-3.489769"><ele>856.1</ele></trkpt>
    <trkpt lat="37.162" lon="-3.489716"><ele>858.6</ele></trkpt>
    <trkpt lat="37.162243" lon="-3.48957"><ele>863.2</ele></trkpt>
    <trkpt lat="37.162407" lon="-3.489527"><ele>865.8</ele></trkpt>
    <trkpt lat="37.16274" lon="-3.489511"><ele>870.5</ele></trkpt>
    <trkpt lat="37.162855" lon="-3.48946"><ele>871.9</ele></trkpt>
    <trkpt lat="37.162944" lon="-3.489363"><ele>873.2</ele></trkpt>
    <trkpt lat="37.163017" lon="-3.489219"><ele>874.5</ele></trkpt>
    <trkpt lat="37.16303" lon="-3.489043"><ele>875.6</ele></trkpt>
    <trkpt lat="37.163007" lon="-3.488903"><ele>876.3</ele></trkpt>
    <trkpt lat="37.162938" lon="-3.488766"><ele>876.9</ele></trkpt>
    <trkpt lat="37.162827" lon="-3.488661"><ele>877.4</ele></trkpt>
    <trkpt lat="37.16268" lon="-3.488629"><ele>877.8</ele></trkpt>
    <trkpt lat="37.162557" lon="-3.488656"><ele>878</ele></trkpt>
    <trkpt lat="37.162456" lon="-3.488721"><ele>878.2</ele></trkpt>
    <trkpt lat="37.162331" lon="-3.488851"><ele>878.5</ele></trkpt>
    <trkpt lat="37.162224" lon="-3.488913"><ele>878.7</ele></trkpt>
    <trkpt lat="37.162093" lon="-3.488926"><ele>879</ele></trkpt>
    <trkpt lat="37.161972" lon="-3.488884"><ele>879.4</ele></trkpt>
    <trkpt lat="37.161869" lon="-3.488786"><ele>879.8</ele></trkpt>
    <trkpt lat="37.161796" lon="-3.488629"><ele>880.5</ele></trkpt>
    <trkpt lat="37.161776" lon="-3.488493"><ele>881.1</ele></trkpt>
    <trkpt lat="37.16179" lon="-3.488349"><ele>881.8</ele></trkpt>
    <trkpt lat="37.16183" lon="-3.488238"><ele>882.4</ele></trkpt>
    <trkpt lat="37.161905" lon="-3.48814"><ele>883.3</ele></trkpt>
    <trkpt lat="37.161988" lon="-3.488072"><ele>884.2</ele></trkpt>
    <trkpt lat="37.162303" lon="-3.487932"><ele>887.2</ele></trkpt>
    <trkpt lat="37.162407" lon="-3.487859"><ele>888.4</ele></trkpt>
    <trkpt lat="37.162552" lon="-3.487646"><ele>890.6</ele></trkpt>
    <trkpt lat="37.162622" lon="-3.487332"><ele>893.1</ele></trkpt>
    <trkpt lat="37.162601" lon="-3.487147"><ele>894.5</ele></trkpt>
    <trkpt lat="37.162435" lon="-3.486696"><ele>897.7</ele></trkpt>
    <trkpt lat="37.162336" lon="-3.486353"><ele>899.9</ele></trkpt>
    <trkpt lat="37.162315" lon="-3.486161"><ele>901</ele></trkpt>
    <trkpt lat="37.162338" lon="-3.485768"><ele>903.4</ele></trkpt>
    <trkpt lat="37.162461" lon="-3.485401"><ele>906.5</ele></trkpt>
    <trkpt lat="37.162543" lon="-3.485246"><ele>908.3</ele></trkpt>
    <trkpt lat="37.163207" lon="-3.4843"><ele>922</ele></trkpt>
    <trkpt lat="37.163277" lon="-3.484151"><ele>923.8</ele></trkpt>
    <trkpt lat="37.163371" lon="-3.483843"><ele>926.9</ele></trkpt>
    <trkpt lat="37.163437" lon="-3.483124"><ele>932.2</ele></trkpt>
    <trkpt lat="37.163424" lon="-3.482976"><ele>933</ele></trkpt>
    <trkpt lat="37.163372" lon="-3.482852"><ele>933.5</ele></trkpt>
    <trkpt lat="37.163286" lon="-3.482764"><ele>934</ele></trkpt>
    <trkpt lat="37.163145" lon="-3.482695"><ele>934.7</ele></trkpt>
    <trkpt lat="37.162658" lon="-3.48259"><ele>936.6</ele></trkpt>
    <trkpt lat="37.162497" lon="-3.482514"><ele>937.2</ele></trkpt>
    <trkpt lat="37.162371" lon="-3.4824"><ele>937.7</ele></trkpt>
    <trkpt lat="37.162037" lon="-3.481989"><ele>939.9</ele></trkpt>
    <trkpt lat="37.161789" lon="-3.481791"><ele>942</ele></trkpt>
    <trkpt lat="37.161664" lon="-3.481613"><ele>943.6</ele></trkpt>
    <trkpt lat="37.161532" lon="-3.481248"><ele>946.4</ele></trkpt>
    <trkpt lat="37.161211" lon="-3.480714"><ele>950.3</ele></trkpt>
    <trkpt lat="37.161178" lon="-3.480578"><ele>951</ele></trkpt>
    <trkpt lat="37.161188" lon="-3.480448"><ele>951.6</ele></trkpt>
    <trkpt lat="37.161239" lon="-3.480283"><ele>952.4</ele></trkpt>
    <trkpt lat="37.161356" lon="-3.480065"><ele>953.4</ele></trkpt>
    <trkpt lat="37.161428" lon="-3.479818"><ele>954</ele></trkpt>
    <trkpt lat="37.16139" lon="-3.479284"><ele>954.4</ele></trkpt>
    <trkpt lat="37.161414" lon="-3.479116"><ele>954.2</ele></trkpt>
    <trkpt lat="37.161458" lon="-3.478976"><ele>954.1</ele></trkpt>
    <trkpt lat="37.16168" lon="-3.478568"><ele>953.5</ele></trkpt>
    <trkpt lat="37.161715" lon="-3.478451"><ele>953.4</ele></trkpt>
    <trkpt lat="37.161728" lon="-3.478318"><ele>953.3</ele></trkpt>
    <trkpt lat="37.161606" lon="-3.477844"><ele>953.2</ele></trkpt>
    <trkpt lat="37.161597" lon="-3.477683"><ele>953.1</ele></trkpt>
    <trkpt lat="37.161637" lon="-3.477135"><ele>953</ele></trkpt>
    <trkpt lat="37.161558" lon="-3.476949"><ele>952.9</ele></trkpt>
    <trkpt lat="37.161413" lon="-3.476811"><ele>952.8</ele></trkpt>
    <trkpt lat="37.161054" lon="-3.476592"><ele>952.7</ele></trkpt>
    <trkpt lat="37.160876" lon="-3.476408"><ele>952.8</ele></trkpt>
    <trkpt lat="37.16077" lon="-3.476165"><ele>953.1</ele></trkpt>
    <trkpt lat="37.160629" lon="-3.475745"><ele>953.7</ele></trkpt>
    <trkpt lat="37.160601" lon="-3.475579"><ele>954</ele></trkpt>
    <trkpt lat="37.16064" lon="-3.475131"><ele>954.5</ele></trkpt>
    <trkpt lat="37.160624" lon="-3.474948"><ele>954.5</ele></trkpt>
    <trkpt lat="37.160551" lon="-3.474816"><ele>954.5</ele></trkpt>
    <trkpt lat="37.160461" lon="-3.474746"><ele>954.4</ele></trkpt>
    <trkpt lat="37.160224" lon="-3.474639"><ele>954.1</ele></trkpt>
    <trkpt lat="37.160099" lon="-3.474521"><ele>953.7</ele></trkpt>
    <trkpt lat="37.16002" lon="-3.474368"><ele>953.1</ele></trkpt>
    <trkpt lat="37.159826" lon="-3.473626"><ele>950.5</ele></trkpt>
    <trkpt lat="37.159618" lon="-3.473179"><ele>949</ele></trkpt>
    <trkpt lat="37.159565" lon="-3.472862"><ele>948.8</ele></trkpt>
    <trkpt lat="37.159568" lon="-3.472592"><ele>949</ele></trkpt>
    <trkpt lat="37.15962" lon="-3.47218"><ele>950</ele></trkpt>
    <trkpt lat="37.1597" lon="-3.471814"><ele>951.8</ele></trkpt>
    <trkpt lat="37.160009" lon="-3.471091"><ele>956.2</ele></trkpt>
    <trkpt lat="37.160237" lon="-3.470555"><ele>960</ele></trkpt>
    <trkpt lat="37.160355" lon="-3.470285"><ele>961.8</ele></trkpt>
    <trkpt lat="37.160596" lon="-3.469957"><ele>964.7</ele></trkpt>
    <trkpt lat="37.161431" lon="-3.469267"><ele>972.6</ele></trkpt>
    <trkpt lat="37.161585" lon="-3.469022"><ele>975</ele></trkpt>
    <trkpt lat="37.161718" lon="-3.468645"><ele>978.4</ele></trkpt>
    <trkpt lat="37.161794" lon="-3.468506"><ele>979.9</ele></trkpt>
    <trkpt lat="37.161926" lon="-3.468352"><ele>981.9</ele></trkpt>
    <trkpt lat="37.162452" lon="-3.467836"><ele>989.8</ele></trkpt>
    <trkpt lat="37.162988" lon="-3.467488"><ele>996</ele></trkpt>
    <trkpt lat="37.163084" lon="-3.467397"><ele>997</ele></trkpt>
    <trkpt lat="37.163192" lon="-3.467213"><ele>998.1</ele></trkpt>
    <trkpt lat="37.163221" lon="-3.467085"><ele>998.5</ele></trkpt>
    <trkpt lat="37.163225" lon="-3.466942"><ele>998.9</ele></trkpt>
    <trkpt lat="37.163211" lon="-3.466825"><ele>999.1</ele></trkpt>
    <trkpt lat="37.16312" lon="-3.466615"><ele>999.1</ele></trkpt>
    <trkpt lat="37.163048" lon="-3.466528"><ele>998.9</ele></trkpt>
    <trkpt lat="37.162763" lon="-3.46633"><ele>997.5</ele></trkpt>
    <trkpt lat="37.162502" lon="-3.466036"><ele>994.7</ele></trkpt>
    <trkpt lat="37.162413" lon="-3.465974"><ele>993.7</ele></trkpt>
    <trkpt lat="37.162057" lon="-3.465844"><ele>990.7</ele></trkpt>
    <trkpt lat="37.161829" lon="-3.46568"><ele>989.2</ele></trkpt>
    <trkpt lat="37.161667" lon="-3.46542"><ele>988.3</ele></trkpt>
    <trkpt lat="37.161623" lon="-3.465255"><ele>988.2</ele></trkpt>
    <trkpt lat="37.161599" lon="-3.464899"><ele>988.8</ele></trkpt>
    <trkpt lat="37.161647" lon="-3.463778"><ele>999.1</ele></trkpt>
    <trkpt lat="37.161681" lon="-3.463557"><ele>1002.4</ele></trkpt>
    <trkpt lat="37.161763" lon="-3.463288"><ele>1007</ele></trkpt>
    <trkpt lat="37.161821" lon="-3.463175"><ele>1009</ele></trkpt>
    <trkpt lat="37.162076" lon="-3.462821"><ele>1015.5</ele></trkpt>
    <trkpt lat="37.162306" lon="-3.462314"><ele>1022</ele></trkpt>
    <trkpt lat="37.162366" lon="-3.462047"><ele>1024.4</ele></trkpt>
    <trkpt lat="37.162367" lon="-3.461747"><ele>1026.5</ele></trkpt>
    <trkpt lat="37.162342" lon="-3.46162"><ele>1027.2</ele></trkpt>
    <trkpt lat="37.162272" lon="-3.461381"><ele>1028.5</ele></trkpt>
    <trkpt lat="37.162216" lon="-3.46127"><ele>1028.9</ele></trkpt>
    <trkpt lat="37.162045" lon="-3.461056"><ele>1029.8</ele></trkpt>
    <trkpt lat="37.161936" lon="-3.460964"><ele>1030.3</ele></trkpt>
    <trkpt lat="37.161711" lon="-3.460851"><ele>1031.2</ele></trkpt>
    <trkpt lat="37.161211" lon="-3.460738"><ele>1034.5</ele></trkpt>
    <trkpt lat="37.161095" lon="-3.460615"><ele>1035.8</ele></trkpt>
    <trkpt lat="37.160985" lon="-3.460307"><ele>1038.3</ele></trkpt>
    <trkpt lat="37.160938" lon="-3.460056"><ele>1040.2</ele></trkpt>
    <trkpt lat="37.160936" lon="-3.459791"><ele>1042.5</ele></trkpt>
    <trkpt lat="37.161034" lon="-3.459234"><ele>1047.5</ele></trkpt>
    <trkpt lat="37.161301" lon="-3.458341"><ele>1055.4</ele></trkpt>
    <trkpt lat="37.161314" lon="-3.458183"><ele>1056.5</ele></trkpt>
    <trkpt lat="37.161235" lon="-3.457947"><ele>1058.2</ele></trkpt>
    <trkpt lat="37.16104" lon="-3.457538"><ele>1061.3</ele></trkpt>
    <trkpt lat="37.160995" lon="-3.457365"><ele>1062.4</ele></trkpt>
    <trkpt lat="37.160949" lon="-3.456748"><ele>1066.6</ele></trkpt>
    <trkpt lat="37.160912" lon="-3.456564"><ele>1068</ele></trkpt>
    <trkpt lat="37.160874" lon="-3.456374"><ele>1069.4</ele></trkpt>
    <trkpt lat="37.160795" lon="-3.455975"><ele>1072.3</ele></trkpt>
    <trkpt lat="37.160759" lon="-3.455793"><ele>1073.7</ele></trkpt>
    <trkpt lat="37.160747" lon="-3.455477"><ele>1076.1</ele></trkpt>
    <trkpt lat="37.160833" lon="-3.45485"><ele>1080.4</ele></trkpt>
    <trkpt lat="37.160901" lon="-3.454356"><ele>1082.7</ele></trkpt>
    <trkpt lat="37.16087" lon="-3.453878"><ele>1083.5</ele></trkpt>
    <trkpt lat="37.160864" lon="-3.453823"><ele>1083.5</ele></trkpt>
    <trkpt lat="37.160836" lon="-3.45353"><ele>1083.4</ele></trkpt>
    <trkpt lat="37.160852" lon="-3.453356"><ele>1083.1</ele></trkpt>
    <trkpt lat="37.161081" lon="-3.452578"><ele>1079.6</ele></trkpt>
    <trkpt lat="37.161105" lon="-3.452411"><ele>1078.5</ele></trkpt>
    <trkpt lat="37.16108" lon="-3.452255"><ele>1077.5</ele></trkpt>
    <trkpt lat="37.160982" lon="-3.452115"><ele>1076.2</ele></trkpt>
    <trkpt lat="37.160571" lon="-3.451938"><ele>1072.6</ele></trkpt>
    <trkpt lat="37.160391" lon="-3.451869"><ele>1070.9</ele></trkpt>
    <trkpt lat="37.16019" lon="-3.451731"><ele>1068.8</ele></trkpt>
    <trkpt lat="37.160049" lon="-3.451567"><ele>1066.9</ele></trkpt>
    <trkpt lat="37.159887" lon="-3.451212"><ele>1063.8</ele></trkpt>
    <trkpt lat="37.159829" lon="-3.451063"><ele>1062.5</ele></trkpt>
    <trkpt lat="37.159739" lon="-3.450954"><ele>1061.3</ele></trkpt>
    <trkpt lat="37.159432" lon="-3.450752"><ele>1058.2</ele></trkpt>
    <trkpt lat="37.159317" lon="-3.450633"><ele>1056.9</ele></trkpt>
    <trkpt lat="37.159276" lon="-3.450549"><ele>1056.3</ele></trkpt>
    <trkpt lat="37.159283" lon="-3.450422"><ele>1055.5</ele></trkpt>
    <trkpt lat="37.159342" lon="-3.450178"><ele>1054.1</ele></trkpt>
    <trkpt lat="37.159332" lon="-3.450071"><ele>1053.5</ele></trkpt>
    <trkpt lat="37.159296" lon="-3.449958"><ele>1052.9</ele></trkpt>
    <trkpt lat="37.159061" lon="-3.449683"><ele>1051.4</ele></trkpt>
    <trkpt lat="37.158971" lon="-3.449444"><ele>1051.2</ele></trkpt>
    <trkpt lat="37.158971" lon="-3.448589"><ele>1053.8</ele></trkpt>
    <trkpt lat="37.159035" lon="-3.448141"><ele>1056</ele></trkpt>
    <trkpt lat="37.15911" lon="-3.447586"><ele>1058.1</ele></trkpt>
    <trkpt lat="37.159085" lon="-3.447498"><ele>1058.4</ele></trkpt>
    <trkpt lat="37.159031" lon="-3.447434"><ele>1058.7</ele></trkpt>
    <trkpt lat="37.158948" lon="-3.447403"><ele>1058.9</ele></trkpt>
    <trkpt lat="37.158676" lon="-3.44741"><ele>1059.5</ele></trkpt>
    <trkpt lat="37.158378" lon="-3.447379"><ele>1059.6</ele></trkpt>
    <trkpt lat="37.158207" lon="-3.447404"><ele>1059.2</ele></trkpt>
    <trkpt lat="37.157683" lon="-3.447575"><ele>1056.4</ele></trkpt>
    <trkpt lat="37.15762" lon="-3.447565"><ele>1056.1</ele></trkpt>
    <trkpt lat="37.157569" lon="-3.447515"><ele>1055.7</ele></trkpt>
    <trkpt lat="37.157522" lon="-3.447414"><ele>1055.2</ele></trkpt>
    <trkpt lat="37.157399" lon="-3.446851"><ele>1052.6</ele></trkpt>
    <trkpt lat="37.157351" lon="-3.446782"><ele>1052.3</ele></trkpt>
    <trkpt lat="37.157037" lon="-3.44653"><ele>1050.9</ele></trkpt>
    <trkpt lat="37.156979" lon="-3.44646"><ele>1050.7</ele></trkpt>
    <trkpt lat="37.156957" lon="-3.446387"><ele>1050.7</ele></trkpt>
    <trkpt lat="37.156979" lon="-3.446126"><ele>1050.7</ele></trkpt>
    <trkpt lat="37.156966" lon="-3.445927"><ele>1051</ele></trkpt>
    <trkpt lat="37.156791" lon="-3.445552"><ele>1051.9</ele></trkpt>
    <trkpt lat="37.156764" lon="-3.445347"><ele>1052.5</ele></trkpt>
    <trkpt lat="37.156845" lon="-3.445142"><ele>1053.4</ele></trkpt>
    <trkpt lat="37.156947" lon="-3.444995"><ele>1054.3</ele></trkpt>
    <trkpt lat="37.157524" lon="-3.444296"><ele>1060.4</ele></trkpt>
    <trkpt lat="37.157611" lon="-3.444214"><ele>1061.2</ele></trkpt>
    <trkpt lat="37.158015" lon="-3.444008"><ele>1063.5</ele></trkpt>
    <trkpt lat="37.158253" lon="-3.443781"><ele>1064.8</ele></trkpt>
    <trkpt lat="37.15864" lon="-3.443327"><ele>1066.9</ele></trkpt>
    <trkpt lat="37.158924" lon="-3.442943"><ele>1067.5</ele></trkpt>
    <trkpt lat="37.158999" lon="-3.442778"><ele>1067.6</ele></trkpt>
    <trkpt lat="37.159026" lon="-3.442491"><ele>1067.8</ele></trkpt>
    <trkpt lat="37.158973" lon="-3.441161"><ele>1064.7</ele></trkpt>
    <trkpt lat="37.158951" lon="-3.441079"><ele>1064.3</ele></trkpt>
    <trkpt lat="37.158887" lon="-3.440939"><ele>1063.4</ele></trkpt>
    <trkpt lat="37.1588" lon="-3.440704"><ele>1062.1</ele></trkpt>
    <trkpt lat="37.158736" lon="-3.440606"><ele>1061.5</ele></trkpt>
    <trkpt lat="37.158699" lon="-3.440394"><ele>1060.6</ele></trkpt>
    <trkpt lat="37.158638" lon="-3.440245"><ele>1060</ele></trkpt>
    <trkpt lat="37.1585" lon="-3.440012"><ele>1059.2</ele></trkpt>
    <trkpt lat="37.158411" lon="-3.439675"><ele>1058.1</ele></trkpt>
    <trkpt lat="37.158419" lon="-3.439572"><ele>1057.7</ele></trkpt>
    <trkpt lat="37.158582" lon="-3.439269"><ele>1056.7</ele></trkpt>
    <trkpt lat="37.158618" lon="-3.439115"><ele>1056.2</ele></trkpt>
    <trkpt lat="37.158622" lon="-3.43891"><ele>1055.6</ele></trkpt>
    <trkpt lat="37.158585" lon="-3.438733"><ele>1055.1</ele></trkpt>
    <trkpt lat="37.158543" lon="-3.438642"><ele>1054.9</ele></trkpt>
    <trkpt lat="37.158388" lon="-3.43846"><ele>1054.5</ele></trkpt>
    <trkpt lat="37.158174" lon="-3.438259"><ele>1054</ele></trkpt>
    <trkpt lat="37.158122" lon="-3.438212"><ele>1053.8</ele></trkpt>
    <trkpt lat="37.157978" lon="-3.438129"><ele>1053.3</ele></trkpt>
    <trkpt lat="37.157949" lon="-3.437956"><ele>1052.7</ele></trkpt>
    <trkpt lat="37.157958" lon="-3.437823"><ele>1052.1</ele></trkpt>
    <trkpt lat="37.157962" lon="-3.437758"><ele>1051.8</ele></trkpt>
    <trkpt lat="37.157926" lon="-3.437574"><ele>1051</ele></trkpt>
    <trkpt lat="37.157921" lon="-3.437385"><ele>1050.4</ele></trkpt>
    <trkpt lat="37.157917" lon="-3.437295"><ele>1050.4</ele></trkpt>
    <trkpt lat="37.157707" lon="-3.437086"><ele>1050.5</ele></trkpt>
    <trkpt lat="37.15764" lon="-3.437052"><ele>1050.8</ele></trkpt>
    <trkpt lat="37.157547" lon="-3.437044"><ele>1051.3</ele></trkpt>
    <trkpt lat="37.157476" lon="-3.43707"><ele>1051.9</ele></trkpt>
    <trkpt lat="37.157348" lon="-3.437049"><ele>1053.1</ele></trkpt>
    <trkpt lat="37.157271" lon="-3.436998"><ele>1053.9</ele></trkpt>
    <trkpt lat="37.157202" lon="-3.436842"><ele>1055.3</ele></trkpt>
    <trkpt lat="37.157292" lon="-3.436426"><ele>1059.5</ele></trkpt>
    <trkpt lat="37.157429" lon="-3.436204"><ele>1062.6</ele></trkpt>
    <trkpt lat="37.157536" lon="-3.436146"><ele>1064.2</ele></trkpt>
    <trkpt lat="37.157754" lon="-3.435976"><ele>1067.9</ele></trkpt>
    <trkpt lat="37.157902" lon="-3.435851"><ele>1070.8</ele></trkpt>
    <trkpt lat="37.15786" lon="-3.43563"><ele>1073.6</ele></trkpt>
    <trkpt lat="37.157847" lon="-3.435533"><ele>1074.7</ele></trkpt>
    <trkpt lat="37.157885" lon="-3.435415"><ele>1076.1</ele></trkpt>
    <trkpt lat="37.157793" lon="-3.435309"><ele>1077.6</ele></trkpt>
    <trkpt lat="37.157667" lon="-3.435008"><ele>1079.9</ele></trkpt>
    <trkpt lat="37.157574" lon="-3.43454"><ele>1082.1</ele></trkpt>
    <trkpt lat="37.157548" lon="-3.434366"><ele>1082.8</ele></trkpt>
    <trkpt lat="37.157527" lon="-3.434176"><ele>1083.5</ele></trkpt>
    <trkpt lat="37.15742" lon="-3.433794"><ele>1085.3</ele></trkpt>
    <trkpt lat="37.157313" lon="-3.433565"><ele>1086.6</ele></trkpt>
    <trkpt lat="37.157264" lon="-3.433414"><ele>1087.3</ele></trkpt>
    <trkpt lat="37.157259" lon="-3.433147"><ele>1088.3</ele></trkpt>
    <trkpt lat="37.157226" lon="-3.43288"><ele>1089.3</ele></trkpt>
    <trkpt lat="37.157261" lon="-3.432767"><ele>1089.7</ele></trkpt>
    <trkpt lat="37.157308" lon="-3.432652"><ele>1090.3</ele></trkpt>
    <trkpt lat="37.157311" lon="-3.43255"><ele>1090.8</ele></trkpt>
    <trkpt lat="37.157286" lon="-3.432465"><ele>1091.1</ele></trkpt>
    <trkpt lat="37.157216" lon="-3.432384"><ele>1091.7</ele></trkpt>
    <trkpt lat="37.157123" lon="-3.432347"><ele>1092.1</ele></trkpt>
    <trkpt lat="37.156943" lon="-3.432127"><ele>1093.3</ele></trkpt>
    <trkpt lat="37.156893" lon="-3.431897"><ele>1093.9</ele></trkpt>
    <trkpt lat="37.15677" lon="-3.431646"><ele>1094.3</ele></trkpt>
    <trkpt lat="37.15673" lon="-3.431572"><ele>1094.2</ele></trkpt>
    <trkpt lat="37.156638" lon="-3.431487"><ele>1094</ele></trkpt>
    <trkpt lat="37.155903" lon="-3.430937"><ele>1092</ele></trkpt>
    <trkpt lat="37.155235" lon="-3.429425"><ele>1088.2</ele></trkpt>
    <trkpt lat="37.155166" lon="-3.429346"><ele>1088.2</ele></trkpt>
    <trkpt lat="37.154859" lon="-3.429267"><ele>1088.1</ele></trkpt>
    <trkpt lat="37.154742" lon="-3.429207"><ele>1088.1</ele></trkpt>
    <trkpt lat="37.154677" lon="-3.42912"><ele>1088.1</ele></trkpt>
    <trkpt lat="37.154519" lon="-3.428799"><ele>1088</ele></trkpt>
    <trkpt lat="37.154434" lon="-3.428693"><ele>1087.9</ele></trkpt>
    <trkpt lat="37.154255" lon="-3.428591"><ele>1087.7</ele></trkpt>
    <trkpt lat="37.154101" lon="-3.428446"><ele>1087.5</ele></trkpt>
    <trkpt lat="37.153933" lon="-3.428167"><ele>1087.1</ele></trkpt>
    <trkpt lat="37.15361" lon="-3.427769"><ele>1085.7</ele></trkpt>
    <trkpt lat="37.153579" lon="-3.427595"><ele>1085</ele></trkpt>
    <trkpt lat="37.153653" lon="-3.427054"><ele>1081.4</ele></trkpt>
    <trkpt lat="37.153667" lon="-3.426746"><ele>1079.1</ele></trkpt>
    <trkpt lat="37.15363" lon="-3.426312"><ele>1076.7</ele></trkpt>
    <trkpt lat="37.153569" lon="-3.426185"><ele>1075.9</ele></trkpt>
    <trkpt lat="37.153444" lon="-3.426081"><ele>1074.8</ele></trkpt>
    <trkpt lat="37.153371" lon="-3.425883"><ele>1073.4</ele></trkpt>
    <trkpt lat="37.153318" lon="-3.425809"><ele>1072.8</ele></trkpt>
    <trkpt lat="37.153204" lon="-3.425747"><ele>1071.8</ele></trkpt>
    <trkpt lat="37.153154" lon="-3.425689"><ele>1071.3</ele></trkpt>
    <trkpt lat="37.153088" lon="-3.425353"><ele>1069.5</ele></trkpt>
    <trkpt lat="37.152946" lon="-3.425131"><ele>1068.5</ele></trkpt>
    <trkpt lat="37.152895" lon="-3.424974"><ele>1068.1</ele></trkpt>
    <trkpt lat="37.152875" lon="-3.424612"><ele>1068.2</ele></trkpt>
    <trkpt lat="37.152776" lon="-3.424253"><ele>1068.8</ele></trkpt>
    <trkpt lat="37.15277" lon="-3.424135"><ele>1068.8</ele></trkpt>
    <trkpt lat="37.15281" lon="-3.423996"><ele>1068.7</ele></trkpt>
    <trkpt lat="37.153083" lon="-3.423478"><ele>1067.8</ele></trkpt>
    <trkpt lat="37.153117" lon="-3.423336"><ele>1067.6</ele></trkpt>
    <trkpt lat="37.153101" lon="-3.423253"><ele>1067.4</ele></trkpt>
    <trkpt lat="37.153053" lon="-3.423178"><ele>1067.2</ele></trkpt>
    <trkpt lat="37.152936" lon="-3.423111"><ele>1066.8</ele></trkpt>
    <trkpt lat="37.152887" lon="-3.423017"><ele>1066.5</ele></trkpt>
    <trkpt lat="37.152875" lon="-3.42282"><ele>1065.7</ele></trkpt>
    <trkpt lat="37.152813" lon="-3.422522"><ele>1064.1</ele></trkpt>
    <trkpt lat="37.152755" lon="-3.422453"><ele>1063.5</ele></trkpt>
    <trkpt lat="37.15262" lon="-3.422333"><ele>1062.3</ele></trkpt>
    <trkpt lat="37.151767" lon="-3.421752"><ele>1055.9</ele></trkpt>
    <trkpt lat="37.151327" lon="-3.420739"><ele>1052.4</ele></trkpt>
    <trkpt lat="37.151151" lon="-3.420551"><ele>1052.2</ele></trkpt>
    <trkpt lat="37.15106" lon="-3.420387"><ele>1052</ele></trkpt>
    <trkpt lat="37.150948" lon="-3.419928"><ele>1051.6</ele></trkpt>
    <trkpt lat="37.150947" lon="-3.41942"><ele>1050.2</ele></trkpt>
    <trkpt lat="37.150996" lon="-3.419282"><ele>1049.6</ele></trkpt>
    <trkpt lat="37.151196" lon="-3.418962"><ele>1047.5</ele></trkpt>
    <trkpt lat="37.151228" lon="-3.418876"><ele>1046.8</ele></trkpt>
    <trkpt lat="37.15122" lon="-3.418781"><ele>1046.1</ele></trkpt>
    <trkpt lat="37.151152" lon="-3.418688"><ele>1045.1</ele></trkpt>
    <trkpt lat="37.151043" lon="-3.418644"><ele>1044.1</ele></trkpt>
    <trkpt lat="37.150976" lon="-3.418559"><ele>1043.3</ele></trkpt>
    <trkpt lat="37.150816" lon="-3.418219"><ele>1040.9</ele></trkpt>
    <trkpt lat="37.150484" lon="-3.417911"><ele>1037.4</ele></trkpt>
    <trkpt lat="37.150418" lon="-3.417781"><ele>1036.4</ele></trkpt>
    <trkpt lat="37.150245" lon="-3.417286"><ele>1033.1</ele></trkpt>
    <trkpt lat="37.150329" lon="-3.416927"><ele>1031.3</ele></trkpt>
    <trkpt lat="37.150199" lon="-3.416587"><ele>1030.3</ele></trkpt>
    <trkpt lat="37.150126" lon="-3.416487"><ele>1030.2</ele></trkpt>
    <trkpt lat="37.150081" lon="-3.416474"><ele>1030.2</ele></trkpt>
    <trkpt lat="37.150026" lon="-3.416482"><ele>1030.1</ele></trkpt>
    <trkpt lat="37.149999" lon="-3.416564"><ele>1030</ele></trkpt>
    <trkpt lat="37.150003" lon="-3.416659"><ele>1029.8</ele></trkpt>
    <trkpt lat="37.150174" lon="-3.416914"><ele>1029.4</ele></trkpt>
    <trkpt lat="37.150166" lon="-3.417004"><ele>1029.4</ele></trkpt>
    <trkpt lat="37.150129" lon="-3.417055"><ele>1029.4</ele></trkpt>
    <trkpt lat="37.150075" lon="-3.417053"><ele>1029.4</ele></trkpt>
    <trkpt lat="37.150025" lon="-3.416999"><ele>1029.5</ele></trkpt>
    <trkpt lat="37.149947" lon="-3.416831"><ele>1029.7</ele></trkpt>
    <trkpt lat="37.149824" lon="-3.41649"><ele>1030.3</ele></trkpt>
    <trkpt lat="37.149837" lon="-3.416411"><ele>1030.5</ele></trkpt>
    <trkpt lat="37.149977" lon="-3.416111"><ele>1031.4</ele></trkpt>
    <trkpt lat="37.150038" lon="-3.415974"><ele>1031.8</ele></trkpt>
    <trkpt lat="37.150082" lon="-3.415794"><ele>1032.1</ele></trkpt>
    <trkpt lat="37.150118" lon="-3.41545"><ele>1032.7</ele></trkpt>
    <trkpt lat="37.150087" lon="-3.415388"><ele>1032.8</ele></trkpt>
    <trkpt lat="37.150036" lon="-3.41536"><ele>1032.9</ele></trkpt>
    <trkpt lat="37.149973" lon="-3.415341"><ele>1033.1</ele></trkpt>
    <trkpt lat="37.149943" lon="-3.415332"><ele>1033.2</ele></trkpt>
    <trkpt lat="37.149811" lon="-3.415424"><ele>1033.7</ele></trkpt>
    <trkpt lat="37.149402" lon="-3.41612"><ele>1035.9</ele></trkpt>
    <trkpt lat="37.149266" lon="-3.41619"><ele>1036.3</ele></trkpt>
    <trkpt lat="37.149133" lon="-3.416194"><ele>1036.6</ele></trkpt>
    <trkpt lat="37.149018" lon="-3.416162"><ele>1036.8</ele></trkpt>
    <trkpt lat="37.148596" lon="-3.415845"><ele>1038.2</ele></trkpt>
    <trkpt lat="37.148365" lon="-3.415623"><ele>1039.6</ele></trkpt>
    <trkpt lat="37.147895" lon="-3.415285"><ele>1042.4</ele></trkpt>
    <trkpt lat="37.147641" lon="-3.41514"><ele>1043.3</ele></trkpt>
    <trkpt lat="37.146586" lon="-3.414354"><ele>1047.2</ele></trkpt>
    <trkpt lat="37.146511" lon="-3.414288"><ele>1047.5</ele></trkpt>
    <trkpt lat="37.146456" lon="-3.414196"><ele>1047.7</ele></trkpt>
    <trkpt lat="37.146194" lon="-3.413508"><ele>1049.4</ele></trkpt>
    <trkpt lat="37.146046" lon="-3.413241"><ele>1050.3</ele></trkpt>
    <trkpt lat="37.145736" lon="-3.412929"><ele>1052.4</ele></trkpt>
    <trkpt lat="37.145547" lon="-3.412714"><ele>1053.9</ele></trkpt>
    <trkpt lat="37.145215" lon="-3.412354"><ele>1055.3</ele></trkpt>
    <trkpt lat="37.145012" lon="-3.412191"><ele>1056.8</ele></trkpt>
    <trkpt lat="37.144802" lon="-3.412131"><ele>1059</ele></trkpt>
    <trkpt lat="37.144722" lon="-3.412139"><ele>1060</ele></trkpt>
    <trkpt lat="37.144314" lon="-3.412304"><ele>1065.5</ele></trkpt>
    <trkpt lat="37.144094" lon="-3.412305"><ele>1068.1</ele></trkpt>
    <trkpt lat="37.143752" lon="-3.412271"><ele>1071.6</ele></trkpt>
    <trkpt lat="37.143558" lon="-3.412265"><ele>1073.3</ele></trkpt>
    <trkpt lat="37.143301" lon="-3.412269"><ele>1075.8</ele></trkpt>
    <trkpt lat="37.143258" lon="-3.412189"><ele>1076.6</ele></trkpt>
    <trkpt lat="37.143092" lon="-3.411626"><ele>1081.8</ele></trkpt>
    <trkpt lat="37.142841" lon="-3.411312"><ele>1084.6</ele></trkpt>
    <trkpt lat="37.142653" lon="-3.410939"><ele>1086.5</ele></trkpt>
    <trkpt lat="37.142426" lon="-3.410643"><ele>1088.1</ele></trkpt>
    <trkpt lat="37.142341" lon="-3.410468"><ele>1089.2</ele></trkpt>
    <trkpt lat="37.142227" lon="-3.409983"><ele>1091</ele></trkpt>
    <trkpt lat="37.142177" lon="-3.409899"><ele>1091.3</ele></trkpt>
    <trkpt lat="37.142071" lon="-3.409803"><ele>1091.7</ele></trkpt>
    <trkpt lat="37.142103" lon="-3.409688"><ele>1091.8</ele></trkpt>
    <trkpt lat="37.142352" lon="-3.409344"><ele>1092.2</ele></trkpt>
    <trkpt lat="37.142542" lon="-3.408972"><ele>1092.7</ele></trkpt>
    <trkpt lat="37.142563" lon="-3.40886"><ele>1092.9</ele></trkpt>
    <trkpt lat="37.142539" lon="-3.408796"><ele>1093</ele></trkpt>
    <trkpt lat="37.142317" lon="-3.408686"><ele>1094.1</ele></trkpt>
    <trkpt lat="37.142138" lon="-3.408531"><ele>1095.4</ele></trkpt>
    <trkpt lat="37.142078" lon="-3.408346"><ele>1096.5</ele></trkpt>
    <trkpt lat="37.14205" lon="-3.408107"><ele>1098</ele></trkpt>
    <trkpt lat="37.14201" lon="-3.408058"><ele>1098.5</ele></trkpt>
    <trkpt lat="37.14197" lon="-3.40806"><ele>1098.9</ele></trkpt>
    <trkpt lat="37.14194" lon="-3.408203"><ele>1100.2</ele></trkpt>
    <trkpt lat="37.142027" lon="-3.40852"><ele>1103.1</ele></trkpt>
    <trkpt lat="37.141991" lon="-3.408594"><ele>1103.9</ele></trkpt>
    <trkpt lat="37.141956" lon="-3.408562"><ele>1104.4</ele></trkpt>
    <trkpt lat="37.141734" lon="-3.407913"><ele>1110.6</ele></trkpt>
    <trkpt lat="37.141505" lon="-3.407424"><ele>1115.8</ele></trkpt>
    <trkpt lat="37.141477" lon="-3.407228"><ele>1117.7</ele></trkpt>
    <trkpt lat="37.141444" lon="-3.407198"><ele>1118.2</ele></trkpt>
    <trkpt lat="37.141397" lon="-3.407312"><ele>1119.4</ele></trkpt>
    <trkpt lat="37.141399" lon="-3.407423"><ele>1120.4</ele></trkpt>
    <trkpt lat="37.141365" lon="-3.407473"><ele>1121.1</ele></trkpt>
    <trkpt lat="37.141359" lon="-3.407552"><ele>1121.9</ele></trkpt>
    <trkpt lat="37.141441" lon="-3.407769"><ele>1124.1</ele></trkpt>
    <trkpt lat="37.141444" lon="-3.40784"><ele>1124.8</ele></trkpt>
    <trkpt lat="37.141412" lon="-3.40785"><ele>1125.3</ele></trkpt>
    <trkpt lat="37.141155" lon="-3.407586"><ele>1129.4</ele></trkpt>
    <trkpt lat="37.14095" lon="-3.407292"><ele>1133.2</ele></trkpt>
    <trkpt lat="37.140799" lon="-3.406929"><ele>1137.6</ele></trkpt>
    <trkpt lat="37.140806" lon="-3.406639"><ele>1140.8</ele></trkpt>
    <trkpt lat="37.140666" lon="-3.406469"><ele>1143.3</ele></trkpt>
    <trkpt lat="37.140593" lon="-3.406337"><ele>1144.9</ele></trkpt>
    <trkpt lat="37.140283" lon="-3.40557"><ele>1153.7</ele></trkpt>
    <trkpt lat="37.140035" lon="-3.405131"><ele>1159.5</ele></trkpt>
    <trkpt lat="37.139776" lon="-3.404344"><ele>1169.3</ele></trkpt>
    <trkpt lat="37.139391" lon="-3.403745"><ele>1177.7</ele></trkpt>
    <trkpt lat="37.139091" lon="-3.403425"><ele>1183.9</ele></trkpt>
    <trkpt lat="37.138981" lon="-3.403185"><ele>1187.1</ele></trkpt>
    <trkpt lat="37.138878" lon="-3.402849"><ele>1190.6</ele></trkpt>
    <trkpt lat="37.13882" lon="-3.402738"><ele>1191.7</ele></trkpt>
    <trkpt lat="37.138719" lon="-3.40269"><ele>1192.7</ele></trkpt>
    <trkpt lat="37.138646" lon="-3.402745"><ele>1193.6</ele></trkpt>
    <trkpt lat="37.138655" lon="-3.402897"><ele>1194.6</ele></trkpt>
    <trkpt lat="37.13866" lon="-3.40298"><ele>1195.2</ele></trkpt>
    <trkpt lat="37.138746" lon="-3.403249"><ele>1196.8</ele></trkpt>
    <trkpt lat="37.13924" lon="-3.404431"><ele>1206.2</ele></trkpt>
    <trkpt lat="37.139218" lon="-3.404597"><ele>1207.7</ele></trkpt>
    <trkpt lat="37.139141" lon="-3.404779"><ele>1209.7</ele></trkpt>
    <trkpt lat="37.139039" lon="-3.404857"><ele>1211.3</ele></trkpt>
    <trkpt lat="37.138818" lon="-3.404926"><ele>1214.5</ele></trkpt>
    <trkpt lat="37.138738" lon="-3.404989"><ele>1216</ele></trkpt>
    <trkpt lat="37.138708" lon="-3.405082"><ele>1217.3</ele></trkpt>
    <trkpt lat="37.138704" lon="-3.405211"><ele>1218.9</ele></trkpt>
    <trkpt lat="37.13872" lon="-3.405516"><ele>1223</ele></trkpt>
    <trkpt lat="37.138659" lon="-3.405629"><ele>1224.8</ele></trkpt>
    <trkpt lat="37.138567" lon="-3.405729"><ele>1226.6</ele></trkpt>
    <trkpt lat="37.138448" lon="-3.40595"><ele>1229.7</ele></trkpt>
    <trkpt lat="37.138405" lon="-3.405921"><ele>1230.4</ele></trkpt>
    <trkpt lat="37.138388" lon="-3.405874"><ele>1231</ele></trkpt>
    <trkpt lat="37.138427" lon="-3.405475"><ele>1235.4</ele></trkpt>
    <trkpt lat="37.13831" lon="-3.405224"><ele>1238.3</ele></trkpt>
    <trkpt lat="37.138277" lon="-3.404991"><ele>1240.7</ele></trkpt>
    <trkpt lat="37.13833" lon="-3.404655"><ele>1244.3</ele></trkpt>
    <trkpt lat="37.138315" lon="-3.404342"><ele>1247.9</ele></trkpt>
    <trkpt lat="37.138264" lon="-3.40413"><ele>1250.5</ele></trkpt>
    <trkpt lat="37.13814" lon="-3.403919"><ele>1253.6</ele></trkpt>
    <trkpt lat="37.137872" lon="-3.403644"><ele>1258.7</ele></trkpt>
    <trkpt lat="37.137547" lon="-3.403042"><ele>1267.5</ele></trkpt>
    <trkpt lat="37.137306" lon="-3.402532"><ele>1273.9</ele></trkpt>
    <trkpt lat="37.136633" lon="-3.401937"><ele>1285</ele></trkpt>
    <trkpt lat="37.136111" lon="-3.401731"><ele>1292.9</ele></trkpt>
    <trkpt lat="37.135932" lon="-3.401697"><ele>1295.1</ele></trkpt>
    <trkpt lat="37.135581" lon="-3.401755"><ele>1298.8</ele></trkpt>
    <trkpt lat="37.135367" lon="-3.401644"><ele>1300.7</ele></trkpt>
    <trkpt lat="37.135156" lon="-3.401299"><ele>1302.7</ele></trkpt>
    <trkpt lat="37.135024" lon="-3.400999"><ele>1303.9</ele></trkpt>
    <trkpt lat="37.134894" lon="-3.400856"><ele>1304.6</ele></trkpt>
    <trkpt lat="37.134596" lon="-3.400693"><ele>1305.9</ele></trkpt>
    <trkpt lat="37.134419" lon="-3.400611"><ele>1306.9</ele></trkpt>
    <trkpt lat="37.134163" lon="-3.40059"><ele>1308.8</ele></trkpt>
    <trkpt lat="37.133969" lon="-3.400733"><ele>1311.1</ele></trkpt>
    <trkpt lat="37.133567" lon="-3.400945"><ele>1316.7</ele></trkpt>
    <trkpt lat="37.133262" lon="-3.400982"><ele>1320.9</ele></trkpt>
    <trkpt lat="37.133139" lon="-3.400938"><ele>1322.5</ele></trkpt>
    <trkpt lat="37.133075" lon="-3.400746"><ele>1324.6</ele></trkpt>
    <trkpt lat="37.133001" lon="-3.400646"><ele>1325.8</ele></trkpt>
    <trkpt lat="37.132625" lon="-3.400465"><ele>1329.7</ele></trkpt>
    <trkpt lat="37.132617" lon="-3.400338"><ele>1330.6</ele></trkpt>
    <trkpt lat="37.132642" lon="-3.400187"><ele>1331.6</ele></trkpt>
    <trkpt lat="37.132767" lon="-3.399799"><ele>1334.1</ele></trkpt>
    <trkpt lat="37.132815" lon="-3.399459"><ele>1336.3</ele></trkpt>
    <trkpt lat="37.132829" lon="-3.398838"><ele>1340.5</ele></trkpt>
    <trkpt lat="37.132748" lon="-3.398567"><ele>1342.7</ele></trkpt>
    <trkpt lat="37.132656" lon="-3.398743"><ele>1344.5</ele></trkpt>
    <trkpt lat="37.132498" lon="-3.399225"><ele>1349.6</ele></trkpt>
    <trkpt lat="37.132422" lon="-3.399612"><ele>1354.3</ele></trkpt>
    <trkpt lat="37.132249" lon="-3.3998"><ele>1358.1</ele></trkpt>
    <trkpt lat="37.131898" lon="-3.400407"><ele>1367</ele></trkpt>
    <trkpt lat="37.13157" lon="-3.400657"><ele>1371.3</ele></trkpt>
    <trkpt lat="37.131478" lon="-3.400809"><ele>1372.8</ele></trkpt>
    <trkpt lat="37.131476" lon="-3.400898"><ele>1373.5</ele></trkpt>
    <trkpt lat="37.131529" lon="-3.400995"><ele>1374.4</ele></trkpt>
    <trkpt lat="37.131661" lon="-3.401098"><ele>1375.7</ele></trkpt>
    <trkpt lat="37.131774" lon="-3.401234"><ele>1377.1</ele></trkpt>
    <trkpt lat="37.132043" lon="-3.401834"><ele>1380.4</ele></trkpt>
    <trkpt lat="37.132144" lon="-3.401983"><ele>1380.6</ele></trkpt>
    <trkpt lat="37.132674" lon="-3.402381"><ele>1381.5</ele></trkpt>
    <trkpt lat="37.132834" lon="-3.402503"><ele>1382</ele></trkpt>
    <trkpt lat="37.133091" lon="-3.402614"><ele>1382.9</ele></trkpt>
    <trkpt lat="37.133495" lon="-3.402719"><ele>1384.5</ele></trkpt>
    <trkpt lat="37.13358" lon="-3.402789"><ele>1384.8</ele></trkpt>
    <trkpt lat="37.133813" lon="-3.40312"><ele>1386</ele></trkpt>
    <trkpt lat="37.133945" lon="-3.403257"><ele>1386.9</ele></trkpt>
    <trkpt lat="37.134098" lon="-3.403304"><ele>1388</ele></trkpt>
    <trkpt lat="37.134428" lon="-3.403342"><ele>1391.1</ele></trkpt>
    <trkpt lat="37.134535" lon="-3.403408"><ele>1392.3</ele></trkpt>
    <trkpt lat="37.134648" lon="-3.403543"><ele>1394.1</ele></trkpt>
    <trkpt lat="37.134721" lon="-3.4037"><ele>1395.8</ele></trkpt>
    <trkpt lat="37.13474" lon="-3.403907"><ele>1398</ele></trkpt>
    <trkpt lat="37.134652" lon="-3.404123"><ele>1400.8</ele></trkpt>
    <trkpt lat="37.134555" lon="-3.404237"><ele>1402.7</ele></trkpt>
    <trkpt lat="37.134378" lon="-3.404327"><ele>1405.6</ele></trkpt>
    <trkpt lat="37.134114" lon="-3.404337"><ele>1409.7</ele></trkpt>
    <trkpt lat="37.134012" lon="-3.404376"><ele>1411.3</ele></trkpt>
    <trkpt lat="37.133958" lon="-3.404459"><ele>1412.6</ele></trkpt>
    <trkpt lat="37.133915" lon="-3.404788"><ele>1416.3</ele></trkpt>
    <trkpt lat="37.133795" lon="-3.405106"><ele>1419.2</ele></trkpt>
    <trkpt lat="37.13377" lon="-3.405247"><ele>1420.2</ele></trkpt>
    <trkpt lat="37.133792" lon="-3.40576"><ele>1423.6</ele></trkpt>
    <trkpt lat="37.133799" lon="-3.405933"><ele>1424.7</ele></trkpt>
    <trkpt lat="37.133827" lon="-3.406057"><ele>1425.5</ele></trkpt>
    <trkpt lat="37.133949" lon="-3.406362"><ele>1427.8</ele></trkpt>
    <trkpt lat="37.133976" lon="-3.406497"><ele>1428.7</ele></trkpt>
    <trkpt lat="37.133941" lon="-3.406675"><ele>1430</ele></trkpt>
    <trkpt lat="37.133738" lon="-3.407213"><ele>1434.1</ele></trkpt>
    <trkpt lat="37.133638" lon="-3.407388"><ele>1435.8</ele></trkpt>
    <trkpt lat="37.133404" lon="-3.407626"><ele>1439.6</ele></trkpt>
    <trkpt lat="37.133331" lon="-3.407736"><ele>1441.2</ele></trkpt>
    <trkpt lat="37.133311" lon="-3.407828"><ele>1442.2</ele></trkpt>
    <trkpt lat="37.133347" lon="-3.408129"><ele>1445.4</ele></trkpt>
    <trkpt lat="37.133467" lon="-3.408826"><ele>1451.4</ele></trkpt>
    <trkpt lat="37.133505" lon="-3.409168"><ele>1453.2</ele></trkpt>
    <trkpt lat="37.133564" lon="-3.409327"><ele>1453.9</ele></trkpt>
    <trkpt lat="37.133804" lon="-3.409725"><ele>1456.4</ele></trkpt>
    <trkpt lat="37.134055" lon="-3.410637"><ele>1462.6</ele></trkpt>
    <trkpt lat="37.134031" lon="-3.410818"><ele>1464</ele></trkpt>
    <trkpt lat="37.133968" lon="-3.410997"><ele>1465.6</ele></trkpt>
    <trkpt lat="37.133936" lon="-3.411229"><ele>1467.7</ele></trkpt>
    <trkpt lat="37.133905" lon="-3.412233"><ele>1479.1</ele></trkpt>
    <trkpt lat="37.13394" lon="-3.41238"><ele>1480.8</ele></trkpt>
    <trkpt lat="37.134051" lon="-3.412548"><ele>1482.8</ele></trkpt>
    <trkpt lat="37.134123" lon="-3.412706"><ele>1484</ele></trkpt>
    <trkpt lat="37.134321" lon="-3.412921"><ele>1485.4</ele></trkpt>
    <trkpt lat="37.134378" lon="-3.413019"><ele>1485.8</ele></trkpt>
    <trkpt lat="37.134386" lon="-3.413307"><ele>1486</ele></trkpt>
    <trkpt lat="37.134401" lon="-3.413404"><ele>1486</ele></trkpt>
    <trkpt lat="37.134451" lon="-3.41347"><ele>1485.9</ele></trkpt>
    <trkpt lat="37.134524" lon="-3.413503"><ele>1485.8</ele></trkpt>
    <trkpt lat="37.134615" lon="-3.413502"><ele>1485.6</ele></trkpt>
    <trkpt lat="37.134796" lon="-3.413416"><ele>1485.5</ele></trkpt>
    <trkpt lat="37.134878" lon="-3.413325"><ele>1485.5</ele></trkpt>
    <trkpt lat="37.135104" lon="-3.41292"><ele>1485.8</ele></trkpt>
    <trkpt lat="37.135163" lon="-3.41288"><ele>1485.8</ele></trkpt>
    <trkpt lat="37.135285" lon="-3.412893"><ele>1485.6</ele></trkpt>
    <trkpt lat="37.135373" lon="-3.412962"><ele>1485.5</ele></trkpt>
    <trkpt lat="37.135469" lon="-3.413099"><ele>1485.6</ele></trkpt>
    <trkpt lat="37.135588" lon="-3.413352"><ele>1486.5</ele></trkpt>
    <trkpt lat="37.135652" lon="-3.413573"><ele>1487.8</ele></trkpt>
    <trkpt lat="37.135733" lon="-3.413702"><ele>1489</ele></trkpt>
    <trkpt lat="37.13607" lon="-3.414008"><ele>1494.2</ele></trkpt>
    <trkpt lat="37.136129" lon="-3.414196"><ele>1496.4</ele></trkpt>
    <trkpt lat="37.136163" lon="-3.415085"><ele>1504.4</ele></trkpt>
    <trkpt lat="37.136192" lon="-3.415188"><ele>1505.2</ele></trkpt>
    <trkpt lat="37.136213" lon="-3.415261"><ele>1505.8</ele></trkpt>
    <trkpt lat="37.136413" lon="-3.415492"><ele>1508.4</ele></trkpt>
    <trkpt lat="37.136478" lon="-3.41561"><ele>1509.5</ele></trkpt>
    <trkpt lat="37.136598" lon="-3.416007"><ele>1512.2</ele></trkpt>
    <trkpt lat="37.136673" lon="-3.416134"><ele>1513.1</ele></trkpt>
    <trkpt lat="37.136944" lon="-3.416347"><ele>1515.5</ele></trkpt>
    <trkpt lat="37.137045" lon="-3.416464"><ele>1516.4</ele></trkpt>
    <trkpt lat="37.137167" lon="-3.416743"><ele>1517.9</ele></trkpt>
    <trkpt lat="37.137192" lon="-3.416909"><ele>1518.7</ele></trkpt>
    <trkpt lat="37.137172" lon="-3.417037"><ele>1519.4</ele></trkpt>
    <trkpt lat="37.137101" lon="-3.4172"><ele>1520.4</ele></trkpt>
    <trkpt lat="37.137064" lon="-3.417354"><ele>1521.4</ele></trkpt>
    <trkpt lat="37.137077" lon="-3.417501"><ele>1522.2</ele></trkpt>
    <trkpt lat="37.137127" lon="-3.417606"><ele>1522.8</ele></trkpt>
    <trkpt lat="37.137162" lon="-3.417627"><ele>1523</ele></trkpt>
    <trkpt lat="37.137127" lon="-3.417606"><ele>1523.4</ele></trkpt>
    <trkpt lat="37.137099" lon="-3.417662"><ele>1523.7</ele></trkpt>
    <trkpt lat="37.137118" lon="-3.417952"><ele>1525.2</ele></trkpt>
    <trkpt lat="37.137064" lon="-3.418063"><ele>1525.9</ele></trkpt>
    <trkpt lat="37.136815" lon="-3.418377"><ele>1528.1</ele></trkpt>
    <trkpt lat="37.136761" lon="-3.41852"><ele>1528.8</ele></trkpt>
    <trkpt lat="37.136735" lon="-3.418683"><ele>1529.6</ele></trkpt>
    <trkpt lat="37.136755" lon="-3.418834"><ele>1530.5</ele></trkpt>
    <trkpt lat="37.136815" lon="-3.418954"><ele>1531.5</ele></trkpt>
    <trkpt lat="37.137151" lon="-3.419217"><ele>1535.7</ele></trkpt>
    <trkpt lat="37.137184" lon="-3.419322"><ele>1536.5</ele></trkpt>
    <trkpt lat="37.137186" lon="-3.419457"><ele>1537.5</ele></trkpt>
    <trkpt lat="37.137144" lon="-3.419547"><ele>1538.3</ele></trkpt>
    <trkpt lat="37.136957" lon="-3.419749"><ele>1540.4</ele></trkpt>
    <trkpt lat="37.136899" lon="-3.419866"><ele>1541.5</ele></trkpt>
    <trkpt lat="37.136866" lon="-3.420119"><ele>1543.6</ele></trkpt>
    <trkpt lat="37.136885" lon="-3.420231"><ele>1544.7</ele></trkpt>
    <trkpt lat="37.136977" lon="-3.420364"><ele>1546.4</ele></trkpt>
    <trkpt lat="37.13716" lon="-3.420489"><ele>1548.9</ele></trkpt>
    <trkpt lat="37.137323" lon="-3.420749"><ele>1551.8</ele></trkpt>
    <trkpt lat="37.13739" lon="-3.42096"><ele>1553.5</ele></trkpt>
    <trkpt lat="37.137389" lon="-3.421165"><ele>1554.9</ele></trkpt>
    <trkpt lat="37.137294" lon="-3.421452"><ele>1556.7</ele></trkpt>
    <trkpt lat="37.137289" lon="-3.42162"><ele>1557.6</ele></trkpt>
    <trkpt lat="37.13747" lon="-3.422016"><ele>1560.4</ele></trkpt>
    <trkpt lat="37.137586" lon="-3.422833"><ele>1565.3</ele></trkpt>
    <trkpt lat="37.137826" lon="-3.423237"><ele>1568</ele></trkpt>
    <trkpt lat="37.137839" lon="-3.423402"><ele>1569</ele></trkpt>
    <trkpt lat="37.137811" lon="-3.423667"><ele>1570.6</ele></trkpt>
    <trkpt lat="37.137713" lon="-3.424037"><ele>1573.2</ele></trkpt>
    <trkpt lat="37.137684" lon="-3.42423"><ele>1574.7</ele></trkpt>
    <trkpt lat="37.137643" lon="-3.424825"><ele>1579.2</ele></trkpt>
    <trkpt lat="37.137675" lon="-3.425145"><ele>1581.4</ele></trkpt>
    <trkpt lat="37.137667" lon="-3.425259"><ele>1582.2</ele></trkpt>
    <trkpt lat="37.137566" lon="-3.42547"><ele>1583.8</ele></trkpt>
    <trkpt lat="37.137546" lon="-3.425596"><ele>1584.6</ele></trkpt>
    <trkpt lat="37.137561" lon="-3.425693"><ele>1585.2</ele></trkpt>
    <trkpt lat="37.137663" lon="-3.425937"><ele>1587.1</ele></trkpt>
    <trkpt lat="37.137785" lon="-3.426762"><ele>1591.6</ele></trkpt>
    <trkpt lat="37.137789" lon="-3.426983"><ele>1592.1</ele></trkpt>
    <trkpt lat="37.137787" lon="-3.427408"><ele>1592.9</ele></trkpt>
    <trkpt lat="37.137852" lon="-3.427821"><ele>1593.3</ele></trkpt>
    <trkpt lat="37.137948" lon="-3.428031"><ele>1593.4</ele></trkpt>
    <trkpt lat="37.13834" lon="-3.428496"><ele>1593.6</ele></trkpt>
    <trkpt lat="37.138531" lon="-3.429029"><ele>1594.3</ele></trkpt>
    <trkpt lat="37.138581" lon="-3.429244"><ele>1595.1</ele></trkpt>
    <trkpt lat="37.138565" lon="-3.429363"><ele>1595.6</ele></trkpt>
    <trkpt lat="37.138519" lon="-3.429453"><ele>1596.2</ele></trkpt>
    <trkpt lat="37.13845" lon="-3.429527"><ele>1596.9</ele></trkpt>
    <trkpt lat="37.138362" lon="-3.429564"><ele>1597.7</ele></trkpt>
    <trkpt lat="37.137975" lon="-3.429604"><ele>1601.8</ele></trkpt>
    <trkpt lat="37.137853" lon="-3.429581"><ele>1603.3</ele></trkpt>
    <trkpt lat="37.137762" lon="-3.429508"><ele>1604.6</ele></trkpt>
    <trkpt lat="37.13769" lon="-3.429342"><ele>1606.4</ele></trkpt>
    <trkpt lat="37.137656" lon="-3.428972"><ele>1610</ele></trkpt>
    <trkpt lat="37.137603" lon="-3.428755"><ele>1612.1</ele></trkpt>
    <trkpt lat="37.13753" lon="-3.428664"><ele>1613.2</ele></trkpt>
    <trkpt lat="37.137445" lon="-3.428619"><ele>1614.2</ele></trkpt>
    <trkpt lat="37.137326" lon="-3.428619"><ele>1615.3</ele></trkpt>
    <trkpt lat="37.13724" lon="-3.428655"><ele>1616.2</ele></trkpt>
    <trkpt lat="37.137122" lon="-3.428823"><ele>1618.2</ele></trkpt>
    <trkpt lat="37.137104" lon="-3.428915"><ele>1619.1</ele></trkpt>
    <trkpt lat="37.137136" lon="-3.429452"><ele>1624.2</ele></trkpt>
    <trkpt lat="37.137076" lon="-3.42973"><ele>1626.2</ele></trkpt>
    <trkpt lat="37.136986" lon="-3.429845"><ele>1627.1</ele></trkpt>
    <trkpt lat="37.136869" lon="-3.429897"><ele>1627.9</ele></trkpt>
    <trkpt lat="37.136746" lon="-3.429874"><ele>1628.8</ele></trkpt>
    <trkpt lat="37.136645" lon="-3.429797"><ele>1629.7</ele></trkpt>
    <trkpt lat="37.136586" lon="-3.429678"><ele>1630.5</ele></trkpt>
    <trkpt lat="37.136567" lon="-3.429506"><ele>1631.7</ele></trkpt>
    <trkpt lat="37.136823" lon="-3.428856"><ele>1636.3</ele></trkpt>
    <trkpt lat="37.136831" lon="-3.428786"><ele>1636.7</ele></trkpt>
    <trkpt lat="37.136786" lon="-3.428708"><ele>1637.3</ele></trkpt>
    <trkpt lat="37.136735" lon="-3.428732"><ele>1637.6</ele></trkpt>
    <trkpt lat="37.13663" lon="-3.429081"><ele>1638.7</ele></trkpt>
    <trkpt lat="37.136343" lon="-3.429497"><ele>1640.7</ele></trkpt>
    <trkpt lat="37.136206" lon="-3.429908"><ele>1643.4</ele></trkpt>
    <trkpt lat="37.136111" lon="-3.430194"><ele>1645.1</ele></trkpt>
    <trkpt lat="37.135768" lon="-3.430756"><ele>1649.7</ele></trkpt>
    <trkpt lat="37.135658" lon="-3.430883"><ele>1651</ele></trkpt>
    <trkpt lat="37.135421" lon="-3.430983"><ele>1653.4</ele></trkpt>
    <trkpt lat="37.135348" lon="-3.431081"><ele>1654.5</ele></trkpt>
    <trkpt lat="37.135227" lon="-3.431327"><ele>1656.8</ele></trkpt>
    <trkpt lat="37.135097" lon="-3.431455"><ele>1658.2</ele></trkpt>
    <trkpt lat="37.134777" lon="-3.43154"><ele>1660.6</ele></trkpt>
    <trkpt lat="37.13455" lon="-3.431765"><ele>1662.6</ele></trkpt>
    <trkpt lat="37.134488" lon="-3.431826"><ele>1663.1</ele></trkpt>
    <trkpt lat="37.134261" lon="-3.43224"><ele>1665.5</ele></trkpt>
    <trkpt lat="37.133986" lon="-3.432575"><ele>1667.6</ele></trkpt>
    <trkpt lat="37.133724" lon="-3.432709"><ele>1668.7</ele></trkpt>
    <trkpt lat="37.133158" lon="-3.433127"><ele>1670.8</ele></trkpt>
    <trkpt lat="37.133023" lon="-3.433338"><ele>1671</ele></trkpt>
    <trkpt lat="37.132735" lon="-3.433693"><ele>1670.5</ele></trkpt>
    <trkpt lat="37.132663" lon="-3.433871"><ele>1670.2</ele></trkpt>
    <trkpt lat="37.132621" lon="-3.434118"><ele>1669.7</ele></trkpt>
    <trkpt lat="37.132657" lon="-3.434545"><ele>1668.4</ele></trkpt>
    <trkpt lat="37.132677" lon="-3.434688"><ele>1667.6</ele></trkpt>
    <trkpt lat="37.132694" lon="-3.43481"><ele>1666.7</ele></trkpt>
    <trkpt lat="37.132708" lon="-3.435127"><ele>1664.2</ele></trkpt>
    <trkpt lat="37.132723" lon="-3.435475"><ele>1661.3</ele></trkpt>
    <trkpt lat="37.132741" lon="-3.435879"><ele>1658</ele></trkpt>
    <trkpt lat="37.132935" lon="-3.435941"><ele>1656.3</ele></trkpt>
    <trkpt lat="37.133038" lon="-3.436105"><ele>1655.2</ele></trkpt>
    <trkpt lat="37.133065" lon="-3.436237"><ele>1654.5</ele></trkpt>
    <trkpt lat="37.133057" lon="-3.436381"><ele>1653.8</ele></trkpt>
    <trkpt lat="37.132968" lon="-3.43682"><ele>1651.5</ele></trkpt>
    <trkpt lat="37.13277" lon="-3.437848"><ele>1646.5</ele></trkpt>
    <trkpt lat="37.13277" lon="-3.438075"><ele>1645.5</ele></trkpt>
    <trkpt lat="37.132837" lon="-3.438424"><ele>1643.8</ele></trkpt>
    <trkpt lat="37.132968" lon="-3.438711"><ele>1641.9</ele></trkpt>
    <trkpt lat="37.133239" lon="-3.439141"><ele>1637.9</ele></trkpt>
    <trkpt lat="37.133717" lon="-3.439532"><ele>1632.5</ele></trkpt>
    <trkpt lat="37.134079" lon="-3.439957"><ele>1628.6</ele></trkpt>
    <trkpt lat="37.134201" lon="-3.440119"><ele>1627.4</ele></trkpt>
    <trkpt lat="37.134797" lon="-3.441098"><ele>1619.8</ele></trkpt>
    <trkpt lat="37.134829" lon="-3.441279"><ele>1618.3</ele></trkpt>
    <trkpt lat="37.134776" lon="-3.441567"><ele>1615.5</ele></trkpt>
    <trkpt lat="37.134729" lon="-3.441731"><ele>1613.8</ele></trkpt>
    <trkpt lat="37.134522" lon="-3.442355"><ele>1607</ele></trkpt>
    <trkpt lat="37.134473" lon="-3.442457"><ele>1605.8</ele></trkpt>
    <trkpt lat="37.134346" lon="-3.442609"><ele>1603.4</ele></trkpt>
    <trkpt lat="37.134163" lon="-3.442708"><ele>1601.1</ele></trkpt>
    <trkpt lat="37.133185" lon="-3.442825"><ele>1596.5</ele></trkpt>
    <trkpt lat="37.133043" lon="-3.442837"><ele>1596.3</ele></trkpt>
    <trkpt lat="37.132873" lon="-3.442906"><ele>1596.1</ele></trkpt>
    <trkpt lat="37.132805" lon="-3.442995"><ele>1596</ele></trkpt>
    <trkpt lat="37.13277" lon="-3.443141"><ele>1595.8</ele></trkpt>
    <trkpt lat="37.132575" lon="-3.444304"><ele>1592.2</ele></trkpt>
    <trkpt lat="37.132594" lon="-3.444477"><ele>1590.8</ele></trkpt>
    <trkpt lat="37.132606" lon="-3.444504"><ele>1590.5</ele></trkpt>
    <trkpt lat="37.132735" lon="-3.444788"><ele>1587.8</ele></trkpt>
    <trkpt lat="37.132761" lon="-3.4449"><ele>1586.8</ele></trkpt>
    <trkpt lat="37.132751" lon="-3.445138"><ele>1584.8</ele></trkpt>
    <trkpt lat="37.132694" lon="-3.44541"><ele>1582.4</ele></trkpt>
    <trkpt lat="37.132598" lon="-3.445641"><ele>1580.1</ele></trkpt>
    <trkpt lat="37.132357" lon="-3.446029"><ele>1576</ele></trkpt>
    <trkpt lat="37.132187" lon="-3.446251"><ele>1573.7</ele></trkpt>
    <trkpt lat="37.131832" lon="-3.446537"><ele>1570.9</ele></trkpt>
    <trkpt lat="37.131435" lon="-3.446804"><ele>1569.2</ele></trkpt>
    <trkpt lat="37.130651" lon="-3.447244"><ele>1570.6</ele></trkpt>
    <trkpt lat="37.130542" lon="-3.447351"><ele>1571.3</ele></trkpt>
    <trkpt lat="37.130488" lon="-3.447479"><ele>1572</ele></trkpt>
    <trkpt lat="37.130502" lon="-3.447903"><ele>1574</ele></trkpt>
    <trkpt lat="37.130542" lon="-3.448355"><ele>1575.3</ele></trkpt>
    <trkpt lat="37.130576" lon="-3.448518"><ele>1575.5</ele></trkpt>
    <trkpt lat="37.130654" lon="-3.448672"><ele>1575.6</ele></trkpt>
    <trkpt lat="37.13098" lon="-3.448893"><ele>1575.3</ele></trkpt>
    <trkpt lat="37.131444" lon="-3.449165"><ele>1574.9</ele></trkpt>
    <trkpt lat="37.131642" lon="-3.449239"><ele>1575.2</ele></trkpt>
    <trkpt lat="37.131892" lon="-3.449282"><ele>1575.7</ele></trkpt>
    <trkpt lat="37.132005" lon="-3.449318"><ele>1575.8</ele></trkpt>
    <trkpt lat="37.132066" lon="-3.449366"><ele>1575.9</ele></trkpt>
    <trkpt lat="37.132124" lon="-3.449426"><ele>1575.9</ele></trkpt>
    <trkpt lat="37.132178" lon="-3.449543"><ele>1575.9</ele></trkpt>
    <trkpt lat="37.132184" lon="-3.45002"><ele>1575.7</ele></trkpt>
    <trkpt lat="37.13222" lon="-3.450135"><ele>1575.6</ele></trkpt>
    <trkpt lat="37.132337" lon="-3.450336"><ele>1575.5</ele></trkpt>
    <trkpt lat="37.132583" lon="-3.450553"><ele>1575.3</ele></trkpt>
    <trkpt lat="37.13284" lon="-3.450646"><ele>1574.9</ele></trkpt>
    <trkpt lat="37.13316" lon="-3.450738"><ele>1573.7</ele></trkpt>
    <trkpt lat="37.133496" lon="-3.450982"><ele>1571.5</ele></trkpt>
    <trkpt lat="37.133622" lon="-3.451046"><ele>1570.9</ele></trkpt>
    <trkpt lat="37.133946" lon="-3.45114"><ele>1570.2</ele></trkpt>
    <trkpt lat="37.134405" lon="-3.451413"><ele>1570.5</ele></trkpt>
    <trkpt lat="37.134535" lon="-3.451516"><ele>1570.9</ele></trkpt>
    <trkpt lat="37.134654" lon="-3.451628"><ele>1571.4</ele></trkpt>
    <trkpt lat="37.13477" lon="-3.451821"><ele>1572.2</ele></trkpt>
    <trkpt lat="37.134934" lon="-3.452009"><ele>1573.2</ele></trkpt>
    <trkpt lat="37.135047" lon="-3.45217"><ele>1573.9</ele></trkpt>
    <trkpt lat="37.13513" lon="-3.452388"><ele>1574.4</ele></trkpt>
    <trkpt lat="37.135401" lon="-3.452724"><ele>1574.6</ele></trkpt>
    <trkpt lat="37.135447" lon="-3.452842"><ele>1574.4</ele></trkpt>
    <trkpt lat="37.135523" lon="-3.453201"><ele>1573.2</ele></trkpt>
    <trkpt lat="37.135652" lon="-3.45346"><ele>1571.7</ele></trkpt>
    <trkpt lat="37.135962" lon="-3.453659"><ele>1569</ele></trkpt>
    <trkpt lat="37.136342" lon="-3.453743"><ele>1565.5</ele></trkpt>
    <trkpt lat="37.13643" lon="-3.453814"><ele>1564.4</ele></trkpt>
    <trkpt lat="37.13648" lon="-3.453897"><ele>1563.6</ele></trkpt>
    <trkpt lat="37.136489" lon="-3.454005"><ele>1562.7</ele></trkpt>
    <trkpt lat="37.136465" lon="-3.454133"><ele>1561.6</ele></trkpt>
    <trkpt lat="37.13629" lon="-3.454583"><ele>1558.2</ele></trkpt>
    <trkpt lat="37.136119" lon="-3.455212"><ele>1555.3</ele></trkpt>
    <trkpt lat="37.135897" lon="-3.456211"><ele>1552.4</ele></trkpt>
    <trkpt lat="37.135633" lon="-3.457184"><ele>1547.8</ele></trkpt>
    <trkpt lat="37.135627" lon="-3.457353"><ele>1546.8</ele></trkpt>
    <trkpt lat="37.135683" lon="-3.457473"><ele>1545.9</ele></trkpt>
    <trkpt lat="37.135797" lon="-3.457576"><ele>1544.6</ele></trkpt>
    <trkpt lat="37.136051" lon="-3.457659"><ele>1541.9</ele></trkpt>
    <trkpt lat="37.136403" lon="-3.457675"><ele>1537.8</ele></trkpt>
    <trkpt lat="37.13722" lon="-3.457563"><ele>1526</ele></trkpt>
    <trkpt lat="37.137383" lon="-3.457482"><ele>1523.3</ele></trkpt>
    <trkpt lat="37.138235" lon="-3.456674"><ele>1511.6</ele></trkpt>
    <trkpt lat="37.13832" lon="-3.456635"><ele>1511.1</ele></trkpt>
    <trkpt lat="37.138897" lon="-3.456706"><ele>1509</ele></trkpt>
    <trkpt lat="37.139038" lon="-3.456758"><ele>1508.8</ele></trkpt>
    <trkpt lat="37.139098" lon="-3.45684"><ele>1508.6</ele></trkpt>
    <trkpt lat="37.139116" lon="-3.45697"><ele>1508.6</ele></trkpt>
    <trkpt lat="37.139097" lon="-3.457117"><ele>1508.5</ele></trkpt>
    <trkpt lat="37.138941" lon="-3.457565"><ele>1508.5</ele></trkpt>
    <trkpt lat="37.138868" lon="-3.45847"><ele>1507.9</ele></trkpt>
    <trkpt lat="37.138821" lon="-3.458649"><ele>1507.5</ele></trkpt>
    <trkpt lat="37.138552" lon="-3.459219"><ele>1505.6</ele></trkpt>
    <trkpt lat="37.138528" lon="-3.459461"><ele>1504.7</ele></trkpt>
    <trkpt lat="37.138576" lon="-3.459882"><ele>1502.9</ele></trkpt>
    <trkpt lat="37.138514" lon="-3.460451"><ele>1499.5</ele></trkpt>
    <trkpt lat="37.138516" lon="-3.460651"><ele>1498.1</ele></trkpt>
    <trkpt lat="37.138562" lon="-3.460781"><ele>1497.1</ele></trkpt>
    <trkpt lat="37.138647" lon="-3.460878"><ele>1496</ele></trkpt>
    <trkpt lat="37.138763" lon="-3.460919"><ele>1494.8</ele></trkpt>
    <trkpt lat="37.138893" lon="-3.460901"><ele>1493.5</ele></trkpt>
    <trkpt lat="37.139" lon="-3.460802"><ele>1492.2</ele></trkpt>
    <trkpt lat="37.139159" lon="-3.460504"><ele>1489.5</ele></trkpt>
    <trkpt lat="37.13922" lon="-3.460438"><ele>1488.8</ele></trkpt>
    <trkpt lat="37.139342" lon="-3.460363"><ele>1487.6</ele></trkpt>
    <trkpt lat="37.139492" lon="-3.460398"><ele>1486.3</ele></trkpt>
    <trkpt lat="37.139913" lon="-3.460758"><ele>1482.4</ele></trkpt>
    <trkpt lat="37.139973" lon="-3.460813"><ele>1481.9</ele></trkpt>
    <trkpt lat="37.140026" lon="-3.46092"><ele>1481.2</ele></trkpt>
    <trkpt lat="37.140129" lon="-3.461418"><ele>1478.5</ele></trkpt>
    <trkpt lat="37.140211" lon="-3.461612"><ele>1477.2</ele></trkpt>
    <trkpt lat="37.140656" lon="-3.462208"><ele>1470.9</ele></trkpt>
    <trkpt lat="37.140845" lon="-3.462716"><ele>1465.2</ele></trkpt>
    <trkpt lat="37.140858" lon="-3.462749"><ele>1464.8</ele></trkpt>
    <trkpt lat="37.141011" lon="-3.462937"><ele>1461.9</ele></trkpt>
    <trkpt lat="37.14134" lon="-3.463149"><ele>1457.2</ele></trkpt>
    <trkpt lat="37.141389" lon="-3.463268"><ele>1455.9</ele></trkpt>
    <trkpt lat="37.141381" lon="-3.463423"><ele>1454.5</ele></trkpt>
    <trkpt lat="37.141299" lon="-3.463696"><ele>1451.9</ele></trkpt>
    <trkpt lat="37.141148" lon="-3.464017"><ele>1449.2</ele></trkpt>
    <trkpt lat="37.140945" lon="-3.464281"><ele>1446.9</ele></trkpt>
    <trkpt lat="37.140207" lon="-3.465033"><ele>1441.8</ele></trkpt>
    <trkpt lat="37.139887" lon="-3.465528"><ele>1438.7</ele></trkpt>
    <trkpt lat="37.139694" lon="-3.465758"><ele>1436.7</ele></trkpt>
    <trkpt lat="37.139399" lon="-3.465903"><ele>1434.1</ele></trkpt>
    <trkpt lat="37.139306" lon="-3.465992"><ele>1433.2</ele></trkpt>
    <trkpt lat="37.139248" lon="-3.466085"><ele>1432.5</ele></trkpt>
    <trkpt lat="37.139218" lon="-3.466196"><ele>1431.8</ele></trkpt>
    <trkpt lat="37.139205" lon="-3.466448"><ele>1430.5</ele></trkpt>
    <trkpt lat="37.139156" lon="-3.466638"><ele>1429.7</ele></trkpt>
    <trkpt lat="37.139015" lon="-3.466819"><ele>1428.6</ele></trkpt>
    <trkpt lat="37.138698" lon="-3.467019"><ele>1427.1</ele></trkpt>
    <trkpt lat="37.138365" lon="-3.467204"><ele>1425.7</ele></trkpt>
    <trkpt lat="37.138014" lon="-3.467343"><ele>1424.3</ele></trkpt>
    <trkpt lat="37.137894" lon="-3.467453"><ele>1423.8</ele></trkpt>
    <trkpt lat="37.137811" lon="-3.467644"><ele>1423.4</ele></trkpt>
    <trkpt lat="37.13781" lon="-3.467846"><ele>1422.8</ele></trkpt>
    <trkpt lat="37.137867" lon="-3.468018"><ele>1422.2</ele></trkpt>
    <trkpt lat="37.138179" lon="-3.46858"><ele>1419.2</ele></trkpt>
    <trkpt lat="37.138233" lon="-3.468657"><ele>1418.7</ele></trkpt>
    <trkpt lat="37.138357" lon="-3.468728"><ele>1417.8</ele></trkpt>
    <trkpt lat="37.138568" lon="-3.468742"><ele>1416.3</ele></trkpt>
    <trkpt lat="37.13884" lon="-3.468808"><ele>1414.3</ele></trkpt>
    <trkpt lat="37.139302" lon="-3.4691"><ele>1410.2</ele></trkpt>
    <trkpt lat="37.139573" lon="-3.469349"><ele>1407.2</ele></trkpt>
    <trkpt lat="37.139719" lon="-3.469664"><ele>1404.6</ele></trkpt>
    <trkpt lat="37.140015" lon="-3.470086"><ele>1400.7</ele></trkpt>
    <trkpt lat="37.140112" lon="-3.470538"><ele>1397.5</ele></trkpt>
    <trkpt lat="37.140121" lon="-3.470751"><ele>1396.1</ele></trkpt>
    <trkpt lat="37.140094" lon="-3.470888"><ele>1395.2</ele></trkpt>
    <trkpt lat="37.139937" lon="-3.471188"><ele>1393.1</ele></trkpt>
    <trkpt lat="37.139907" lon="-3.471333"><ele>1392.3</ele></trkpt>
    <trkpt lat="37.139926" lon="-3.471506"><ele>1391.4</ele></trkpt>
    <trkpt lat="37.139991" lon="-3.471701"><ele>1390.4</ele></trkpt>
    <trkpt lat="37.140086" lon="-3.471884"><ele>1389.6</ele></trkpt>
    <trkpt lat="37.140398" lon="-3.472401"><ele>1387.7</ele></trkpt>
    <trkpt lat="37.140423" lon="-3.472516"><ele>1387.4</ele></trkpt>
    <trkpt lat="37.140311" lon="-3.473609"><ele>1384.8</ele></trkpt>
    <trkpt lat="37.140343" lon="-3.474027"><ele>1383.4</ele></trkpt>
    <trkpt lat="37.140428" lon="-3.47441"><ele>1381.5</ele></trkpt>
    <trkpt lat="37.140736" lon="-3.475536"><ele>1374.4</ele></trkpt>
    <trkpt lat="37.140806" lon="-3.475944"><ele>1371.9</ele></trkpt>
    <trkpt lat="37.140922" lon="-3.477743"><ele>1363.9</ele></trkpt>
    <trkpt lat="37.141047" lon="-3.478225"><ele>1361.2</ele></trkpt>
    <trkpt lat="37.141281" lon="-3.478982"><ele>1357.7</ele></trkpt>
    <trkpt lat="37.141261" lon="-3.479338"><ele>1356.4</ele></trkpt>
    <trkpt lat="37.141287" lon="-3.479732"><ele>1355.6</ele></trkpt>
    <trkpt lat="37.141196" lon="-3.479916"><ele>1355.2</ele></trkpt>
    <trkpt lat="37.140934" lon="-3.480193"><ele>1354.3</ele></trkpt>
    <trkpt lat="37.140888" lon="-3.480347"><ele>1354</ele></trkpt>
    <trkpt lat="37.140867" lon="-3.480721"><ele>1352.9</ele></trkpt>
    <trkpt lat="37.140811" lon="-3.480856"><ele>1352.3</ele></trkpt>
    <trkpt lat="37.14057" lon="-3.481198"><ele>1350</ele></trkpt>
    <trkpt lat="37.140304" lon="-3.481854"><ele>1347.2</ele></trkpt>
    <trkpt lat="37.14001" lon="-3.482134"><ele>1345.9</ele></trkpt>
    <trkpt lat="37.139341" lon="-3.482611"><ele>1342.4</ele></trkpt>
    <trkpt lat="37.139192" lon="-3.482738"><ele>1341.9</ele></trkpt>
    <trkpt lat="37.139108" lon="-3.482852"><ele>1341.6</ele></trkpt>
    <trkpt lat="37.139047" lon="-3.482953"><ele>1341.4</ele></trkpt>
    <trkpt lat="37.138994" lon="-3.483111"><ele>1341.1</ele></trkpt>
    <trkpt lat="37.13899" lon="-3.483249"><ele>1340.8</ele></trkpt>
    <trkpt lat="37.139004" lon="-3.483388"><ele>1340.3</ele></trkpt>
    <trkpt lat="37.139127" lon="-3.483687"><ele>1338.6</ele></trkpt>
    <trkpt lat="37.139417" lon="-3.484181"><ele>1334.5</ele></trkpt>
    <trkpt lat="37.13961" lon="-3.484459"><ele>1332.8</ele></trkpt>
    <trkpt lat="37.139931" lon="-3.484983"><ele>1330.5</ele></trkpt>
    <trkpt lat="37.140325" lon="-3.48575"><ele>1324.1</ele></trkpt>
    <trkpt lat="37.140397" lon="-3.485859"><ele>1323.2</ele></trkpt>
    <trkpt lat="37.140552" lon="-3.485961"><ele>1321.6</ele></trkpt>
    <trkpt lat="37.140824" lon="-3.486082"><ele>1319.3</ele></trkpt>
    <trkpt lat="37.14105" lon="-3.486105"><ele>1317.6</ele></trkpt>
    <trkpt lat="37.141305" lon="-3.486177"><ele>1316</ele></trkpt>
    <trkpt lat="37.14147" lon="-3.486395"><ele>1314.5</ele></trkpt>
    <trkpt lat="37.141606" lon="-3.48669"><ele>1312.7</ele></trkpt>
    <trkpt lat="37.141807" lon="-3.486988"><ele>1311.4</ele></trkpt>
    <trkpt lat="37.141868" lon="-3.487146"><ele>1310.6</ele></trkpt>
    <trkpt lat="37.141951" lon="-3.487507"><ele>1308.3</ele></trkpt>
    <trkpt lat="37.141996" lon="-3.487602"><ele>1307.4</ele></trkpt>
    <trkpt lat="37.142117" lon="-3.487727"><ele>1305.7</ele></trkpt>
    <trkpt lat="37.142267" lon="-3.487798"><ele>1303.8</ele></trkpt>
    <trkpt lat="37.142433" lon="-3.487789"><ele>1301.7</ele></trkpt>
    <trkpt lat="37.142509" lon="-3.487759"><ele>1300.6</ele></trkpt>
    <trkpt lat="37.142677" lon="-3.487617"><ele>1297.6</ele></trkpt>
    <trkpt lat="37.143002" lon="-3.487279"><ele>1291.1</ele></trkpt>
    <trkpt lat="37.143108" lon="-3.487122"><ele>1288.7</ele></trkpt>
    <trkpt lat="37.143187" lon="-3.48698"><ele>1286.7</ele></trkpt>
    <trkpt lat="37.143365" lon="-3.486503"><ele>1281.7</ele></trkpt>
    <trkpt lat="37.143479" lon="-3.486262"><ele>1280.2</ele></trkpt>
    <trkpt lat="37.143594" lon="-3.486118"><ele>1279.5</ele></trkpt>
    <trkpt lat="37.14374" lon="-3.48603"><ele>1279</ele></trkpt>
    <trkpt lat="37.143903" lon="-3.486012"><ele>1278.7</ele></trkpt>
    <trkpt lat="37.143988" lon="-3.486035"><ele>1278.6</ele></trkpt>
    <trkpt lat="37.144093" lon="-3.486094"><ele>1278.5</ele></trkpt>
    <trkpt lat="37.144186" lon="-3.486186"><ele>1278.3</ele></trkpt>
    <trkpt lat="37.144309" lon="-3.486401"><ele>1277.8</ele></trkpt>
    <trkpt lat="37.144603" lon="-3.487107"><ele>1274.6</ele></trkpt>
    <trkpt lat="37.144711" lon="-3.487307"><ele>1273.1</ele></trkpt>
    <trkpt lat="37.144889" lon="-3.487485"><ele>1271.2</ele></trkpt>
    <trkpt lat="37.145031" lon="-3.487567"><ele>1269.7</ele></trkpt>
    <trkpt lat="37.145162" lon="-3.487596"><ele>1268.4</ele></trkpt>
    <trkpt lat="37.145295" lon="-3.487584"><ele>1267.1</ele></trkpt>
    <trkpt lat="37.145431" lon="-3.487509"><ele>1265.6</ele></trkpt>
    <trkpt lat="37.145548" lon="-3.487408"><ele>1264.1</ele></trkpt>
    <trkpt lat="37.145656" lon="-3.487236"><ele>1262.2</ele></trkpt>
    <trkpt lat="37.145756" lon="-3.486949"><ele>1259.7</ele></trkpt>
    <trkpt lat="37.145862" lon="-3.486481"><ele>1256.3</ele></trkpt>
    <trkpt lat="37.145978" lon="-3.486066"><ele>1253.5</ele></trkpt>
    <trkpt lat="37.146082" lon="-3.485822"><ele>1251.7</ele></trkpt>
    <trkpt lat="37.146211" lon="-3.485617"><ele>1250</ele></trkpt>
    <trkpt lat="37.146376" lon="-3.485437"><ele>1248.1</ele></trkpt>
    <trkpt lat="37.146701" lon="-3.485257"><ele>1244.8</ele></trkpt>
    <trkpt lat="37.146867" lon="-3.48521"><ele>1243.1</ele></trkpt>
    <trkpt lat="37.147141" lon="-3.485203"><ele>1240.4</ele></trkpt>
    <trkpt lat="37.149006" lon="-3.48539"><ele>1222.9</ele></trkpt>
    <trkpt lat="37.149397" lon="-3.485307"><ele>1220.7</ele></trkpt>
    <trkpt lat="37.149747" lon="-3.485076"><ele>1218.8</ele></trkpt>
    <trkpt lat="37.149819" lon="-3.48498"><ele>1218.3</ele></trkpt>
    <trkpt lat="37.14996" lon="-3.484676"><ele>1217.2</ele></trkpt>
    <trkpt lat="37.150007" lon="-3.484437"><ele>1216.5</ele></trkpt>
    <trkpt lat="37.150015" lon="-3.484112"><ele>1215.4</ele></trkpt>
    <trkpt lat="37.149993" lon="-3.483859"><ele>1214.4</ele></trkpt>
    <trkpt lat="37.149755" lon="-3.482508"><ele>1205.9</ele></trkpt>
    <trkpt lat="37.149755" lon="-3.482224"><ele>1203.5</ele></trkpt>
    <trkpt lat="37.149823" lon="-3.48188"><ele>1200.1</ele></trkpt>
    <trkpt lat="37.149932" lon="-3.481628"><ele>1197.1</ele></trkpt>
    <trkpt lat="37.15006" lon="-3.48144"><ele>1194.1</ele></trkpt>
    <trkpt lat="37.150254" lon="-3.481259"><ele>1190.2</ele></trkpt>
    <trkpt lat="37.150522" lon="-3.481097"><ele>1185.6</ele></trkpt>
    <trkpt lat="37.151254" lon="-3.480808"><ele>1176.3</ele></trkpt>
    <trkpt lat="37.151817" lon="-3.480586"><ele>1172.4</ele></trkpt>
    <trkpt lat="37.152006" lon="-3.480484"><ele>1171.6</ele></trkpt>
    <trkpt lat="37.152162" lon="-3.480358"><ele>1171.1</ele></trkpt>
    <trkpt lat="37.152274" lon="-3.480176"><ele>1170.8</ele></trkpt>
    <trkpt lat="37.152329" lon="-3.479947"><ele>1170.3</ele></trkpt>
    <trkpt lat="37.152311" lon="-3.479704"><ele>1168.9</ele></trkpt>
    <trkpt lat="37.152232" lon="-3.479444"><ele>1166.7</ele></trkpt>
    <trkpt lat="37.152067" lon="-3.479053"><ele>1163.3</ele></trkpt>
    <trkpt lat="37.152023" lon="-3.478848"><ele>1161.6</ele></trkpt>
    <trkpt lat="37.152032" lon="-3.478659"><ele>1160.1</ele></trkpt>
    <trkpt lat="37.152146" lon="-3.478467"><ele>1158.2</ele></trkpt>
    <trkpt lat="37.152268" lon="-3.478385"><ele>1156.9</ele></trkpt>
    <trkpt lat="37.15233" lon="-3.478375"><ele>1156.4</ele></trkpt>
    <trkpt lat="37.15246" lon="-3.478406"><ele>1155.1</ele></trkpt>
    <trkpt lat="37.152598" lon="-3.478517"><ele>1153.5</ele></trkpt>
    <trkpt lat="37.152698" lon="-3.478752"><ele>1151.4</ele></trkpt>
    <trkpt lat="37.15288" lon="-3.479466"><ele>1146.3</ele></trkpt>
    <trkpt lat="37.153049" lon="-3.480132"><ele>1143.7</ele></trkpt>
    <trkpt lat="37.15308" lon="-3.480384"><ele>1142.7</ele></trkpt>
    <trkpt lat="37.15306" lon="-3.480617"><ele>1141.7</ele></trkpt>
    <trkpt lat="37.152998" lon="-3.480823"><ele>1140.7</ele></trkpt>
    <trkpt lat="37.152909" lon="-3.480983"><ele>1139.8</ele></trkpt>
    <trkpt lat="37.152768" lon="-3.481145"><ele>1138.8</ele></trkpt>
    <trkpt lat="37.152317" lon="-3.481502"><ele>1136.2</ele></trkpt>
    <trkpt lat="37.152179" lon="-3.481652"><ele>1135.4</ele></trkpt>
    <trkpt lat="37.15207" lon="-3.481826"><ele>1134.6</ele></trkpt>
    <trkpt lat="37.151994" lon="-3.482034"><ele>1133.6</ele></trkpt>
    <trkpt lat="37.151963" lon="-3.482241"><ele>1132.7</ele></trkpt>
    <trkpt lat="37.151985" lon="-3.482462"><ele>1131.5</ele></trkpt>
    <trkpt lat="37.152042" lon="-3.482681"><ele>1130.2</ele></trkpt>
    <trkpt lat="37.152692" lon="-3.483984"><ele>1119.7</ele></trkpt>
    <trkpt lat="37.152775" lon="-3.48406"><ele>1118.8</ele></trkpt>
    <trkpt lat="37.153333" lon="-3.48514"><ele>1109.8</ele></trkpt>
    <trkpt lat="37.153437" lon="-3.48534"><ele>1108</ele></trkpt>
    <trkpt lat="37.153544" lon="-3.485549"><ele>1106.2</ele></trkpt>
    <trkpt lat="37.154134" lon="-3.486698"><ele>1096.7</ele></trkpt>
    <trkpt lat="37.15417" lon="-3.486839"><ele>1095.7</ele></trkpt>
    <trkpt lat="37.155155" lon="-3.488731"><ele>1078</ele></trkpt>
    <trkpt lat="37.15524" lon="-3.488939"><ele>1076</ele></trkpt>
    <trkpt lat="37.155291" lon="-3.489164"><ele>1074</ele></trkpt>
    <trkpt lat="37.155284" lon="-3.48938"><ele>1072.2</ele></trkpt>
    <trkpt lat="37.155223" lon="-3.489569"><ele>1070.6</ele></trkpt>
    <trkpt lat="37.1551" lon="-3.489728"><ele>1069</ele></trkpt>
    <trkpt lat="37.154949" lon="-3.489831"><ele>1067.7</ele></trkpt>
    <trkpt lat="37.154477" lon="-3.489995"><ele>1064.6</ele></trkpt>
    <trkpt lat="37.154278" lon="-3.490121"><ele>1063.4</ele></trkpt>
    <trkpt lat="37.154129" lon="-3.490273"><ele>1062.3</ele></trkpt>
    <trkpt lat="37.154057" lon="-3.490393"><ele>1061.7</ele></trkpt>
    <trkpt lat="37.153988" lon="-3.490565"><ele>1060.8</ele></trkpt>
    <trkpt lat="37.153964" lon="-3.490755"><ele>1060</ele></trkpt>
    <trkpt lat="37.153974" lon="-3.490941"><ele>1059.1</ele></trkpt>
    <trkpt lat="37.154018" lon="-3.491116"><ele>1058.2</ele></trkpt>
    <trkpt lat="37.154101" lon="-3.491285"><ele>1057.2</ele></trkpt>
    <trkpt lat="37.154235" lon="-3.491453"><ele>1055.8</ele></trkpt>
    <trkpt lat="37.154828" lon="-3.49205"><ele>1048.4</ele></trkpt>
    <trkpt lat="37.154965" lon="-3.492265"><ele>1046.2</ele></trkpt>
    <trkpt lat="37.155053" lon="-3.492456"><ele>1044.4</ele></trkpt>
    <trkpt lat="37.155108" lon="-3.492653"><ele>1042.6</ele></trkpt>
    <trkpt lat="37.155132" lon="-3.492876"><ele>1040.7</ele></trkpt>
    <trkpt lat="37.155123" lon="-3.493111"><ele>1038.9</ele></trkpt>
    <trkpt lat="37.155069" lon="-3.493352"><ele>1037</ele></trkpt>
    <trkpt lat="37.154945" lon="-3.493806"><ele>1033.5</ele></trkpt>
    <trkpt lat="37.154907" lon="-3.494061"><ele>1031.6</ele></trkpt>
    <trkpt lat="37.154807" lon="-3.494369"><ele>1029.3</ele></trkpt>
    <trkpt lat="37.154715" lon="-3.494772"><ele>1026.4</ele></trkpt>
    <trkpt lat="37.154624" lon="-3.495297"><ele>1022.5</ele></trkpt>
    <trkpt lat="37.154541" lon="-3.495774"><ele>1020.1</ele></trkpt>
    <trkpt lat="37.154536" lon="-3.495886"><ele>1019.6</ele></trkpt>
    <trkpt lat="37.154576" lon="-3.496012"><ele>1019</ele></trkpt>
    <trkpt lat="37.154617" lon="-3.496063"><ele>1018.8</ele></trkpt>
    <trkpt lat="37.154714" lon="-3.496111"><ele>1018.2</ele></trkpt>
    <trkpt lat="37.154766" lon="-3.496108"><ele>1017.9</ele></trkpt>
    <trkpt lat="37.154852" lon="-3.496051"><ele>1017.4</ele></trkpt>
    <trkpt lat="37.154914" lon="-3.495936"><ele>1016.8</ele></trkpt>
    <trkpt lat="37.154928" lon="-3.495701"><ele>1015.8</ele></trkpt>
    <trkpt lat="37.154898" lon="-3.495304"><ele>1013.9</ele></trkpt>
    <trkpt lat="37.154944" lon="-3.49514"><ele>1012.9</ele></trkpt>
    <trkpt lat="37.155008" lon="-3.495057"><ele>1012.3</ele></trkpt>
    <trkpt lat="37.155399" lon="-3.494712"><ele>1009.2</ele></trkpt>
    <trkpt lat="37.155652" lon="-3.494557"><ele>1006.9</ele></trkpt>
    <trkpt lat="37.155829" lon="-3.494527"><ele>1005.2</ele></trkpt>
    <trkpt lat="37.155976" lon="-3.494458"><ele>1003.5</ele></trkpt>
    <trkpt lat="37.156419" lon="-3.493972"><ele>997</ele></trkpt>
    <trkpt lat="37.156946" lon="-3.493663"><ele>990.8</ele></trkpt>
    <trkpt lat="37.157337" lon="-3.493084"><ele>984.4</ele></trkpt>
    <trkpt lat="37.157492" lon="-3.492918"><ele>982.3</ele></trkpt>
    <trkpt lat="37.157697" lon="-3.492841"><ele>980.3</ele></trkpt>
    <trkpt lat="37.157776" lon="-3.492825"><ele>979.5</ele></trkpt>
    <trkpt lat="37.157935" lon="-3.492864"><ele>978.1</ele></trkpt>
    <trkpt lat="37.158256" lon="-3.493184"><ele>974.7</ele></trkpt>
    <trkpt lat="37.158374" lon="-3.493357"><ele>973.3</ele></trkpt>
    <trkpt lat="37.158445" lon="-3.493511"><ele>972.1</ele></trkpt>
    <trkpt lat="37.158498" lon="-3.493742"><ele>970.4</ele></trkpt>
    <trkpt lat="37.158516" lon="-3.494031"><ele>968.2</ele></trkpt>
    <trkpt lat="37.158329" lon="-3.494613"><ele>963.7</ele></trkpt>
    <trkpt lat="37.158212" lon="-3.495115"><ele>960.9</ele></trkpt>
    <trkpt lat="37.158155" lon="-3.495218"><ele>960.2</ele></trkpt>
    <trkpt lat="37.158053" lon="-3.495321"><ele>959.5</ele></trkpt>
    <trkpt lat="37.157916" lon="-3.49539"><ele>958.6</ele></trkpt>
    <trkpt lat="37.157341" lon="-3.495424"><ele>955.7</ele></trkpt>
    <trkpt lat="37.157184" lon="-3.495476"><ele>955</ele></trkpt>
    <trkpt lat="37.157006" lon="-3.495613"><ele>954.2</ele></trkpt>
    <trkpt lat="37.156752" lon="-3.495917"><ele>952.8</ele></trkpt>
    <trkpt lat="37.15665" lon="-3.496127"><ele>951.8</ele></trkpt>
    <trkpt lat="37.156657" lon="-3.496274"><ele>951</ele></trkpt>
    <trkpt lat="37.15671" lon="-3.496414"><ele>950.1</ele></trkpt>
    <trkpt lat="37.156761" lon="-3.496474"><ele>949.6</ele></trkpt>
    <trkpt lat="37.156925" lon="-3.496523"><ele>948.1</ele></trkpt>
    <trkpt lat="37.157328" lon="-3.49654"><ele>944.3</ele></trkpt>
    <trkpt lat="37.157471" lon="-3.496618"><ele>942.8</ele></trkpt>
    <trkpt lat="37.157622" lon="-3.496763"><ele>940.9</ele></trkpt>
    <trkpt lat="37.15782" lon="-3.496909"><ele>938.7</ele></trkpt>
    <trkpt lat="37.158019" lon="-3.496961"><ele>936.9</ele></trkpt>
    <trkpt lat="37.158251" lon="-3.496969"><ele>935</ele></trkpt>
    <trkpt lat="37.158415" lon="-3.497038"><ele>933.7</ele></trkpt>
    <trkpt lat="37.158491" lon="-3.497218"><ele>932.4</ele></trkpt>
    <trkpt lat="37.158491" lon="-3.49739"><ele>931.3</ele></trkpt>
    <trkpt lat="37.158402" lon="-3.497562"><ele>930</ele></trkpt>
    <trkpt lat="37.158032" lon="-3.498013"><ele>925.9</ele></trkpt>
    <trkpt lat="37.157738" lon="-3.498343"><ele>922.6</ele></trkpt>
    <trkpt lat="37.157649" lon="-3.49848"><ele>921.3</ele></trkpt>
    <trkpt lat="37.157622" lon="-3.498617"><ele>920.3</ele></trkpt>
    <trkpt lat="37.15754" lon="-3.499604"><ele>913.4</ele></trkpt>
    <trkpt lat="37.157553" lon="-3.499836"><ele>911.9</ele></trkpt>
    <trkpt lat="37.157622" lon="-3.500033"><ele>910.6</ele></trkpt>
    <trkpt lat="37.157772" lon="-3.500171"><ele>909.1</ele></trkpt>
    <trkpt lat="37.15847" lon="-3.50042"><ele>903.5</ele></trkpt>
    <trkpt lat="37.159093" lon="-3.501192"><ele>897.9</ele></trkpt>
    <trkpt lat="37.15927" lon="-3.501321"><ele>896.9</ele></trkpt>
    <trkpt lat="37.159435" lon="-3.501398"><ele>896.1</ele></trkpt>
    <trkpt lat="37.159544" lon="-3.501381"><ele>895.6</ele></trkpt>
    <trkpt lat="37.159651" lon="-3.501293"><ele>895.1</ele></trkpt>
    <trkpt lat="37.159962" lon="-3.50062"><ele>893.2</ele></trkpt>
    <trkpt lat="37.160066" lon="-3.500506"><ele>893</ele></trkpt>
    <trkpt lat="37.160273" lon="-3.500346"><ele>892.5</ele></trkpt>
    <trkpt lat="37.160352" lon="-3.500251"><ele>892.3</ele></trkpt>
    <trkpt lat="37.160414" lon="-3.500122"><ele>892</ele></trkpt>
    <trkpt lat="37.160521" lon="-3.499452"><ele>890</ele></trkpt>
    <trkpt lat="37.160459" lon="-3.499136"><ele>888.6</ele></trkpt>
    <trkpt lat="37.160296" lon="-3.498724"><ele>886.4</ele></trkpt>
    <trkpt lat="37.160261" lon="-3.498554"><ele>885.5</ele></trkpt>
    <trkpt lat="37.160254" lon="-3.498133"><ele>883</ele></trkpt>
    <trkpt lat="37.160277" lon="-3.49776"><ele>880.6</ele></trkpt>
    <trkpt lat="37.160344" lon="-3.497518"><ele>878.7</ele></trkpt>
    <trkpt lat="37.160586" lon="-3.496923"><ele>872.7</ele></trkpt>
    <trkpt lat="37.160782" lon="-3.49636"><ele>866.3</ele></trkpt>
    <trkpt lat="37.160905" lon="-3.495899"><ele>861.6</ele></trkpt>
    <trkpt lat="37.160985" lon="-3.495788"><ele>860.3</ele></trkpt>
    <trkpt lat="37.161095" lon="-3.495693"><ele>858.9</ele></trkpt>
    <trkpt lat="37.161186" lon="-3.495672"><ele>858</ele></trkpt>
    <trkpt lat="37.161496" lon="-3.495726"><ele>855.3</ele></trkpt>
    <trkpt lat="37.161602" lon="-3.495704"><ele>854.5</ele></trkpt>
    <trkpt lat="37.161687" lon="-3.49564"><ele>853.9</ele></trkpt>
    <trkpt lat="37.161742" lon="-3.495523"><ele>853.2</ele></trkpt>
    <trkpt lat="37.161754" lon="-3.495393"><ele>852.5</ele></trkpt>
    <trkpt lat="37.161723" lon="-3.495254"><ele>851.7</ele></trkpt>
    <trkpt lat="37.161652" lon="-3.495108"><ele>850.7</ele></trkpt>
    <trkpt lat="37.161462" lon="-3.494931"><ele>849.3</ele></trkpt>
    <trkpt lat="37.161389" lon="-3.494822"><ele>848.6</ele></trkpt>
    <trkpt lat="37.161353" lon="-3.494686"><ele>847.9</ele></trkpt>
    <trkpt lat="37.161386" lon="-3.494514"><ele>847</ele></trkpt>
    <trkpt lat="37.161464" lon="-3.494364"><ele>846</ele></trkpt>
    <trkpt lat="37.161557" lon="-3.494296"><ele>845.2</ele></trkpt>
    <trkpt lat="37.161619" lon="-3.494299"><ele>844.7</ele></trkpt>
    <trkpt lat="37.16168" lon="-3.494303"><ele>844.2</ele></trkpt>
    <trkpt lat="37.16176" lon="-3.494366"><ele>843.4</ele></trkpt>
    <trkpt lat="37.161805" lon="-3.494477"><ele>842.6</ele></trkpt>
    <trkpt lat="37.161877" lon="-3.494803"><ele>840</ele></trkpt>
    <trkpt lat="37.16195" lon="-3.494964"><ele>838.4</ele></trkpt>
    <trkpt lat="37.162155" lon="-3.495134"><ele>835.7</ele></trkpt>
    <trkpt lat="37.162232" lon="-3.495227"><ele>834.6</ele></trkpt>
    <trkpt lat="37.162328" lon="-3.495407"><ele>832.8</ele></trkpt>
    <trkpt lat="37.162439" lon="-3.495866"><ele>829.5</ele></trkpt>
    <trkpt lat="37.162684" lon="-3.49642"><ele>825.7</ele></trkpt>
    <trkpt lat="37.162774" lon="-3.496768"><ele>823.8</ele></trkpt>
    <trkpt lat="37.16281" lon="-3.497122"><ele>822</ele></trkpt>
    <trkpt lat="37.162798" lon="-3.49756"><ele>819.9</ele></trkpt>
    <trkpt lat="37.162749" lon="-3.49791"><ele>818.3</ele></trkpt>
    <trkpt lat="37.162676" lon="-3.498133"><ele>817.3</ele></trkpt>
    <trkpt lat="37.162648" lon="-3.498342"><ele>816.5</ele></trkpt>
    <trkpt lat="37.162656" lon="-3.498746"><ele>815.1</ele></trkpt>
    <trkpt lat="37.162621" lon="-3.498928"><ele>814.3</ele></trkpt>
    <trkpt lat="37.162544" lon="-3.499146"><ele>813</ele></trkpt>
    <trkpt lat="37.162508" lon="-3.499351"><ele>811.8</ele></trkpt>
    <trkpt lat="37.162511" lon="-3.499655"><ele>810.2</ele></trkpt>
    <trkpt lat="37.162552" lon="-3.499983"><ele>808.3</ele></trkpt>
    <trkpt lat="37.162614" lon="-3.500491"><ele>805.2</ele></trkpt>
    <trkpt lat="37.162641" lon="-3.50071"><ele>803.7</ele></trkpt>
    <trkpt lat="37.162717" lon="-3.501371"><ele>798.9</ele></trkpt>
    <trkpt lat="37.162807" lon="-3.501928"><ele>794.8</ele></trkpt>
    <trkpt lat="37.16283" lon="-3.502052"><ele>794</ele></trkpt>
    <trkpt lat="37.162862" lon="-3.502222"><ele>793</ele></trkpt>
    <trkpt lat="37.162863" lon="-3.50241"><ele>791.9</ele></trkpt>
    <trkpt lat="37.162789" lon="-3.502666"><ele>790.4</ele></trkpt>
    <trkpt lat="37.16276" lon="-3.502776"><ele>789.9</ele></trkpt>
    <trkpt lat="37.162813" lon="-3.502825"><ele>789.5</ele></trkpt>
    <trkpt lat="37.162806" lon="-3.502904"><ele>789.1</ele></trkpt>
    <trkpt lat="37.162747" lon="-3.502937"><ele>788.8</ele></trkpt>
    <trkpt lat="37.162534" lon="-3.50317"><ele>787.5</ele></trkpt>
    <trkpt lat="37.162259" lon="-3.503543"><ele>786.1</ele></trkpt>
    <trkpt lat="37.162046" lon="-3.50387"><ele>785.1</ele></trkpt>
    <trkpt lat="37.161886" lon="-3.50418"><ele>784.7</ele></trkpt>
    <trkpt lat="37.161791" lon="-3.504473"><ele>784.7</ele></trkpt>
    <trkpt lat="37.16168" lon="-3.505211"><ele>783.5</ele></trkpt>
    <trkpt lat="37.161543" lon="-3.505803"><ele>781.2</ele></trkpt>
    <trkpt lat="37.161513" lon="-3.506018"><ele>780.2</ele></trkpt>
    <trkpt lat="37.161487" lon="-3.506501"><ele>777.4</ele></trkpt>
    <trkpt lat="37.161532" lon="-3.50685"><ele>775.1</ele></trkpt>
    <trkpt lat="37.161638" lon="-3.507109"><ele>773.2</ele></trkpt>
    <trkpt lat="37.16168" lon="-3.507173"><ele>772.6</ele></trkpt>
    <trkpt lat="37.161816" lon="-3.507363"><ele>771</ele></trkpt>
    <trkpt lat="37.161855" lon="-3.507413"><ele>770.6</ele></trkpt>
    <trkpt lat="37.162165" lon="-3.507755"><ele>768.5</ele></trkpt>
    <trkpt lat="37.162262" lon="-3.507867"><ele>768</ele></trkpt>
    <trkpt lat="37.162377" lon="-3.508046"><ele>767.6</ele></trkpt>
    <trkpt lat="37.162545" lon="-3.507883"><ele>767.3</ele></trkpt>
    <trkpt lat="37.163119" lon="-3.507246"><ele>768.3</ele></trkpt>
    <trkpt lat="37.163215" lon="-3.5071"><ele>768.7</ele></trkpt>
    <trkpt lat="37.163242" lon="-3.507019"><ele>768.9</ele></trkpt>
    <trkpt lat="37.163307" lon="-3.505978"><ele>771.5</ele></trkpt>
    <trkpt lat="37.163415" lon="-3.505208"><ele>773.6</ele></trkpt>
    <trkpt lat="37.163448" lon="-3.505119"><ele>774</ele></trkpt>
    <trkpt lat="37.163511" lon="-3.50495"><ele>774.9</ele></trkpt>
    <trkpt lat="37.163784" lon="-3.504374"><ele>777.7</ele></trkpt>
    <trkpt lat="37.164012" lon="-3.503869"><ele>780.3</ele></trkpt>
    <trkpt lat="37.164107" lon="-3.503513"><ele>782</ele></trkpt>
    <trkpt lat="37.164207" lon="-3.50309"><ele>783.9</ele></trkpt>
    <trkpt lat="37.164284" lon="-3.502994"><ele>784.5</ele></trkpt>
    <trkpt lat="37.164504" lon="-3.502889"><ele>785.4</ele></trkpt>
    <trkpt lat="37.164572" lon="-3.502818"><ele>785.7</ele></trkpt>
    <trkpt lat="37.164605" lon="-3.502689"><ele>786</ele></trkpt>
    <trkpt lat="37.164589" lon="-3.502547"><ele>786.3</ele></trkpt>
    <trkpt lat="37.164471" lon="-3.502262"><ele>787</ele></trkpt>
    <trkpt lat="37.164442" lon="-3.502098"><ele>787.5</ele></trkpt>
    <trkpt lat="37.164449" lon="-3.501518"><ele>789</ele></trkpt>
    <trkpt lat="37.164275" lon="-3.500833"><ele>790.6</ele></trkpt>
    <trkpt lat="37.164226" lon="-3.500348"><ele>791.6</ele></trkpt>
    <trkpt lat="37.16424" lon="-3.500142"><ele>792.1</ele></trkpt>
    <trkpt lat="37.164287" lon="-3.49999"><ele>792.6</ele></trkpt>
    <trkpt lat="37.164417" lon="-3.49961"><ele>793.8</ele></trkpt>
    <trkpt lat="37.164523" lon="-3.499035"><ele>795.6</ele></trkpt>
    <trkpt lat="37.164647" lon="-3.498789"><ele>796.6</ele></trkpt>
    <trkpt lat="37.164773" lon="-3.498523"><ele>798</ele></trkpt>
    <trkpt lat="37.16493" lon="-3.498026"><ele>799.7</ele></trkpt>
    <trkpt lat="37.165157" lon="-3.497688"><ele>800.8</ele></trkpt>
    <trkpt lat="37.165183" lon="-3.497471"><ele>801.1</ele></trkpt>
    <trkpt lat="37.165128" lon="-3.497284"><ele>801.4</ele></trkpt>
    <trkpt lat="37.165071" lon="-3.497193"><ele>801.4</ele></trkpt>
    <trkpt lat="37.164893" lon="-3.497011"><ele>801.7</ele></trkpt>
    <trkpt lat="37.164787" lon="-3.496881"><ele>801.8</ele></trkpt>
    <trkpt lat="37.164706" lon="-3.49673"><ele>801.9</ele></trkpt>
    <trkpt lat="37.164454" lon="-3.496068"><ele>802.1</ele></trkpt>
    <trkpt lat="37.164159" lon="-3.495659"><ele>803.3</ele></trkpt>
    <trkpt lat="37.164095" lon="-3.495474"><ele>803.8</ele></trkpt>
    <trkpt lat="37.164104" lon="-3.495261"><ele>804.6</ele></trkpt>
    <trkpt lat="37.164272" lon="-3.494744"><ele>806.9</ele></trkpt>
    <trkpt lat="37.164285" lon="-3.494471"><ele>807.7</ele></trkpt>
    <trkpt lat="37.164257" lon="-3.494143"><ele>808.4</ele></trkpt>
    <trkpt lat="37.164222" lon="-3.493882"><ele>808.7</ele></trkpt>
    <trkpt lat="37.164182" lon="-3.49375"><ele>808.7</ele></trkpt>
    <trkpt lat="37.164099" lon="-3.493657"><ele>808.8</ele></trkpt>
    <trkpt lat="37.163414" lon="-3.493092"><ele>811.2</ele></trkpt>
    <trkpt lat="37.163366" lon="-3.492993"><ele>811.7</ele></trkpt>
    <trkpt lat="37.163335" lon="-3.492862"><ele>812.3</ele></trkpt>
    <trkpt lat="37.163347" lon="-3.492709"><ele>813</ele></trkpt>
    <trkpt lat="37.163527" lon="-3.491875"><ele>819.2</ele></trkpt>
    <trkpt lat="37.163534" lon="-3.491702"><ele>820.9</ele></trkpt>
    <trkpt lat="37.163487" lon="-3.491534"><ele>822.7</ele></trkpt>
    <trkpt lat="37.163339" lon="-3.491349"><ele>825.6</ele></trkpt>
    <trkpt lat="37.162755" lon="-3.490889"><ele>834.2</ele></trkpt>
    <trkpt lat="37.162666" lon="-3.490758"><ele>835.5</ele></trkpt>
    <trkpt lat="37.162621" lon="-3.490587"><ele>836.7</ele></trkpt>
    <trkpt lat="37.162606" lon="-3.490246"><ele>838.3</ele></trkpt>
    <trkpt lat="37.162564" lon="-3.490121"><ele>838.8</ele></trkpt>
    <trkpt lat="37.162492" lon="-3.490032"><ele>839.2</ele></trkpt>
    <trkpt lat="37.162373" lon="-3.489981"><ele>839.5</ele></trkpt>
    <trkpt lat="37.162253" lon="-3.489983"><ele>839.8</ele></trkpt>
    <trkpt lat="37.161926" lon="-3.490082"><ele>841.1</ele></trkpt>
    <trkpt lat="37.16158" lon="-3.490286"><ele>843.1</ele></trkpt>
    <trkpt lat="37.161456" lon="-3.49031"><ele>843.9</ele></trkpt>
    <trkpt lat="37.161346" lon="-3.490295"><ele>844.6</ele></trkpt>
    <trkpt lat="37.161254" lon="-3.490235"><ele>845.3</ele></trkpt>
    <trkpt lat="37.161206" lon="-3.49014"><ele>845.9</ele></trkpt>
    <trkpt lat="37.161214" lon="-3.489878"><ele>847.7</ele></trkpt>
    <trkpt lat="37.161333" lon="-3.489764"><ele>849.2</ele></trkpt>
    <trkpt lat="37.161695" lon="-3.489788"><ele>853.7</ele></trkpt>
    <trkpt lat="37.161857" lon="-3.489769"><ele>856.1</ele></trkpt>
    <trkpt lat="37.162" lon="-3.489716"><ele>858.6</ele></trkpt>
    <trkpt lat="37.162243" lon="-3.48957"><ele>863.2</ele></trkpt>
    <trkpt lat="37.162407" lon="-3.489527"><ele>865.8</ele></trkpt>
    <trkpt lat="37.16274" lon="-3.489511"><ele>870.5</ele></trkpt>
    <trkpt lat="37.162855" lon="-3.48946"><ele>871.9</ele></trkpt>
    <trkpt lat="37.162944" lon="-3.489363"><ele>873.2</ele></trkpt>
    <trkpt lat="37.163017" lon="-3.489219"><ele>874.5</ele></trkpt>
    <trkpt lat="37.16303" lon="-3.489043"><ele>875.6</ele></trkpt>
    <trkpt lat="37.163007" lon="-3.488903"><ele>876.3</ele></trkpt>
    <trkpt lat="37.162938" lon="-3.488766"><ele>876.9</ele></trkpt>
    <trkpt lat="37.162827" lon="-3.488661"><ele>877.4</ele></trkpt>
    <trkpt lat="37.16268" lon="-3.488629"><ele>877.8</ele></trkpt>
    <trkpt lat="37.162557" lon="-3.488656"><ele>878</ele></trkpt>
    <trkpt lat="37.162456" lon="-3.488721"><ele>878.2</ele></trkpt>
    <trkpt lat="37.162331" lon="-3.488851"><ele>878.5</ele></trkpt>
    <trkpt lat="37.162224" lon="-3.488913"><ele>878.7</ele></trkpt>
    <trkpt lat="37.162093" lon="-3.488926"><ele>879</ele></trkpt>
    <trkpt lat="37.161972" lon="-3.488884"><ele>879.4</ele></trkpt>
    <trkpt lat="37.161869" lon="-3.488786"><ele>879.8</ele></trkpt>
    <trkpt lat="37.161796" lon="-3.488629"><ele>880.5</ele></trkpt>
    <trkpt lat="37.161776" lon="-3.488493"><ele>881.1</ele></trkpt>
    <trkpt lat="37.16179" lon="-3.488349"><ele>881.8</ele></trkpt>
    <trkpt lat="37.16183" lon="-3.488238"><ele>882.4</ele></trkpt>
    <trkpt lat="37.161905" lon="-3.48814"><ele>883.3</ele></trkpt>
    <trkpt lat="37.161988" lon="-3.488072"><ele>884.2</ele></trkpt>
    <trkpt lat="37.162303" lon="-3.487932"><ele>887.2</ele></trkpt>
    <trkpt lat="37.162407" lon="-3.487859"><ele>888.4</ele></trkpt>
    <trkpt lat="37.162552" lon="-3.487646"><ele>890.6</ele></trkpt>
    <trkpt lat="37.162622" lon="-3.487332"><ele>893.1</ele></trkpt>
    <trkpt lat="37.162601" lon="-3.487147"><ele>894.5</ele></trkpt>
    <trkpt lat="37.162435" lon="-3.486696"><ele>897.7</ele></trkpt>
    <trkpt lat="37.162336" lon="-3.486353"><ele>899.9</ele></trkpt>
    <trkpt lat="37.162315" lon="-3.486161"><ele>901</ele></trkpt>
    <trkpt lat="37.162338" lon="-3.485768"><ele>903.4</ele></trkpt>
    <trkpt lat="37.162461" lon="-3.485401"><ele>906.5</ele></trkpt>
    <trkpt lat="37.162543" lon="-3.485246"><ele>908.3</ele></trkpt>
    <trkpt lat="37.163207" lon="-3.4843"><ele>922</ele></trkpt>
    <trkpt lat="37.163277" lon="-3.484151"><ele>923.8</ele></trkpt>
    <trkpt lat="37.163371" lon="-3.483843"><ele>926.9</ele></trkpt>
    <trkpt lat="37.163437" lon="-3.483124"><ele>932.2</ele></trkpt>
    <trkpt lat="37.163424" lon="-3.482976"><ele>933</ele></trkpt>
    <trkpt lat="37.163372" lon="-3.482852"><ele>933.5</ele></trkpt>
    <trkpt lat="37.163286" lon="-3.482764"><ele>934</ele></trkpt>
    <trkpt lat="37.163145" lon="-3.482695"><ele>934.7</ele></trkpt>
    <trkpt lat="37.162658" lon="-3.48259"><ele>936.6</ele></trkpt>
    <trkpt lat="37.162497" lon="-3.482514"><ele>937.2</ele></trkpt>
    <trkpt lat="37.162371" lon="-3.4824"><ele>937.7</ele></trkpt>
    <trkpt lat="37.162037" lon="-3.481989"><ele>939.9</ele></trkpt>
    <trkpt lat="37.161789" lon="-3.481791"><ele>942</ele></trkpt>
    <trkpt lat="37.161664" lon="-3.481613"><ele>943.6</ele></trkpt>
    <trkpt lat="37.161532" lon="-3.481248"><ele>946.4</ele></trkpt>
    <trkpt lat="37.161211" lon="-3.480714"><ele>950.3</ele></trkpt>
    <trkpt lat="37.161178" lon="-3.480578"><ele>951</ele></trkpt>
    <trkpt lat="37.161188" lon="-3.480448"><ele>951.6</ele></trkpt>
    <trkpt lat="37.161239" lon="-3.480283"><ele>952.4</ele></trkpt>
    <trkpt lat="37.161356" lon="-3.480065"><ele>953.4</ele></trkpt>
    <trkpt lat="37.161428" lon="-3.479818"><ele>954</ele></trkpt>
    <trkpt lat="37.16139" lon="-3.479284"><ele>954.4</ele></trkpt>
    <trkpt lat="37.161414" lon="-3.479116"><ele>954.2</ele></trkpt>
    <trkpt lat="37.161458" lon="-3.478976"><ele>954.1</ele></trkpt>
    <trkpt lat="37.16168" lon="-3.478568"><ele>953.5</ele></trkpt>
    <trkpt lat="37.161715" lon="-3.478451"><ele>953.4</ele></trkpt>
    <trkpt lat="37.161728" lon="-3.478318"><ele>953.3</ele></trkpt>
    <trkpt lat="37.161606" lon="-3.477844"><ele>953.2</ele></trkpt>
    <trkpt lat="37.161597" lon="-3.477683"><ele>953.1</ele></trkpt>
    <trkpt lat="37.161637" lon="-3.477135"><ele>953</ele></trkpt>
    <trkpt lat="37.161558" lon="-3.476949"><ele>952.9</ele></trkpt>
    <trkpt lat="37.161413" lon="-3.476811"><ele>952.8</ele></trkpt>
    <trkpt lat="37.161054" lon="-3.476592"><ele>952.7</ele></trkpt>
    <trkpt lat="37.160876" lon="-3.476408"><ele>952.8</ele></trkpt>
    <trkpt lat="37.16077" lon="-3.476165"><ele>953.1</ele></trkpt>
    <trkpt lat="37.160629" lon="-3.475745"><ele>953.7</ele></trkpt>
    <trkpt lat="37.160601" lon="-3.475579"><ele>954</ele></trkpt>
    <trkpt lat="37.16064" lon="-3.475131"><ele>954.5</ele></trkpt>
    <trkpt lat="37.160624" lon="-3.474948"><ele>954.5</ele></trkpt>
    <trkpt lat="37.160551" lon="-3.474816"><ele>954.5</ele></trkpt>
    <trkpt lat="37.160461" lon="-3.474746"><ele>954.4</ele></trkpt>
    <trkpt lat="37.160224" lon="-3.474639"><ele>954.1</ele></trkpt>
    <trkpt lat="37.160099" lon="-3.474521"><ele>953.7</ele></trkpt>
    <trkpt lat="37.16002" lon="-3.474368"><ele>953.1</ele></trkpt>
    <trkpt lat="37.159826" lon="-3.473626"><ele>950.5</ele></trkpt>
    <trkpt lat="37.159618" lon="-3.473179"><ele>949</ele></trkpt>
    <trkpt lat="37.159565" lon="-3.472862"><ele>948.8</ele></trkpt>
    <trkpt lat="37.159568" lon="-3.472592"><ele>949</ele></trkpt>
    <trkpt lat="37.15962" lon="-3.47218"><ele>950</ele></trkpt>
    <trkpt lat="37.1597" lon="-3.471814"><ele>951.8</ele></trkpt>
    <trkpt lat="37.160009" lon="-3.471091"><ele>956.2</ele></trkpt>
    <trkpt lat="37.160237" lon="-3.470555"><ele>960</ele></trkpt>
    <trkpt lat="37.160355" lon="-3.470285"><ele>961.8</ele></trkpt>
    <trkpt lat="37.160596" lon="-3.469957"><ele>964.7</ele></trkpt>
    <trkpt lat="37.161431" lon="-3.469267"><ele>972.6</ele></trkpt>
    <trkpt lat="37.161585" lon="-3.469022"><ele>975</ele></trkpt>
    <trkpt lat="37.161718" lon="-3.468645"><ele>978.4</ele></trkpt>
    <trkpt lat="37.161794" lon="-3.468506"><ele>979.9</ele></trkpt>
    <trkpt lat="37.161926" lon="-3.468352"><ele>981.9</ele></trkpt>
    <trkpt lat="37.162452" lon="-3.467836"><ele>989.8</ele></trkpt>
    <trkpt lat="37.162988" lon="-3.467488"><ele>996</ele></trkpt>
    <trkpt lat="37.163084" lon="-3.467397"><ele>997</ele></trkpt>
    <trkpt lat="37.163192" lon="-3.467213"><ele>998.1</ele></trkpt>
    <trkpt lat="37.163221" lon="-3.467085"><ele>998.5</ele></trkpt>
    <trkpt lat="37.163225" lon="-3.466942"><ele>998.9</ele></trkpt>
    <trkpt lat="37.163211" lon="-3.466825"><ele>999.1</ele></trkpt>
    <trkpt lat="37.16312" lon="-3.466615"><ele>999.1</ele></trkpt>
    <trkpt lat="37.163048" lon="-3.466528"><ele>998.9</ele></trkpt>
    <trkpt lat="37.162763" lon="-3.46633"><ele>997.5</ele></trkpt>
    <trkpt lat="37.162502" lon="-3.466036"><ele>994.7</ele></trkpt>
    <trkpt lat="37.162413" lon="-3.465974"><ele>993.7</ele></trkpt>
    <trkpt lat="37.162057" lon="-3.465844"><ele>990.7</ele></trkpt>
    <trkpt lat="37.161829" lon="-3.46568"><ele>989.2</ele></trkpt>
    <trkpt lat="37.161667" lon="-3.46542"><ele>988.3</ele></trkpt>
    <trkpt lat="37.161623" lon="-3.465255"><ele>988.2</ele></trkpt>
    <trkpt lat="37.161599" lon="-3.464899"><ele>988.8</ele></trkpt>
    <trkpt lat="37.161647" lon="-3.463778"><ele>999.1</ele></trkpt>
    <trkpt lat="37.161681" lon="-3.463557"><ele>1002.4</ele></trkpt>
    <trkpt lat="37.161763" lon="-3.463288"><ele>1007</ele></trkpt>
    <trkpt lat="37.161821" lon="-3.463175"><ele>1009</ele></trkpt>
    <trkpt lat="37.162076" lon="-3.462821"><ele>1015.5</ele></trkpt>
    <trkpt lat="37.162306" lon="-3.462314"><ele>1022</ele></trkpt>
    <trkpt lat="37.162366" lon="-3.462047"><ele>1024.4</ele></trkpt>
    <trkpt lat="37.162367" lon="-3.461747"><ele>1026.5</ele></trkpt>
    <trkpt lat="37.162342" lon="-3.46162"><ele>1027.2</ele></trkpt>
    <trkpt lat="37.162272" lon="-3.461381"><ele>1028.5</ele></trkpt>
    <trkpt lat="37.162216" lon="-3.46127"><ele>1028.9</ele></trkpt>
    <trkpt lat="37.162045" lon="-3.461056"><ele>1029.8</ele></trkpt>
    <trkpt lat="37.161936" lon="-3.460964"><ele>1030.3</ele></trkpt>
    <trkpt lat="37.161711" lon="-3.460851"><ele>1031.2</ele></trkpt>
    <trkpt lat="37.161211" lon="-3.460738"><ele>1034.5</ele></trkpt>
    <trkpt lat="37.161095" lon="-3.460615"><ele>1035.8</ele></trkpt>
    <trkpt lat="37.160985" lon="-3.460307"><ele>1038.3</ele></trkpt>
    <trkpt lat="37.160938" lon="-3.460056"><ele>1040.2</ele></trkpt>
    <trkpt lat="37.160936" lon="-3.459791"><ele>1042.5</ele></trkpt>
    <trkpt lat="37.161034" lon="-3.459234"><ele>1047.5</ele></trkpt>
    <trkpt lat="37.161301" lon="-3.458341"><ele>1055.4</ele></trkpt>
    <trkpt lat="37.161314" lon="-3.458183"><ele>1056.5</ele></trkpt>
    <trkpt lat="37.161235" lon="-3.457947"><ele>1058.2</ele></trkpt>
    <trkpt lat="37.16104" lon="-3.457538"><ele>1061.3</ele></trkpt>
    <trkpt lat="37.160995" lon="-3.457365"><ele>1062.4</ele></trkpt>
    <trkpt lat="37.160949" lon="-3.456748"><ele>1066.6</ele></trkpt>
    <trkpt lat="37.160912" lon="-3.456564"><ele>1068</ele></trkpt>
    <trkpt lat="37.160874" lon="-3.456374"><ele>1069.4</ele></trkpt>
    <trkpt lat="37.160795" lon="-3.455975"><ele>1072.3</ele></trkpt>
    <trkpt lat="37.160759" lon="-3.455793"><ele>1073.7</ele></trkpt>
    <trkpt lat="37.160747" lon="-3.455477"><ele>1076.1</ele></trkpt>
    <trkpt lat="37.160833" lon="-3.45485"><ele>1080.4</ele></trkpt>
    <trkpt lat="37.160901" lon="-3.454356"><ele>1082.7</ele></trkpt>
    <trkpt lat="37.16087" lon="-3.453878"><ele>1083.5</ele></trkpt>
    <trkpt lat="37.160864" lon="-3.453823"><ele>1083.5</ele></trkpt>
    <trkpt lat="37.160836" lon="-3.45353"><ele>1083.4</ele></trkpt>
    <trkpt lat="37.160852" lon="-3.453356"><ele>1083.1</ele></trkpt>
    <trkpt lat="37.161081" lon="-3.452578"><ele>1079.6</ele></trkpt>
    <trkpt lat="37.161105" lon="-3.452411"><ele>1078.5</ele></trkpt>
    <trkpt lat="37.16108" lon="-3.452255"><ele>1077.5</ele></trkpt>
    <trkpt lat="37.160982" lon="-3.452115"><ele>1076.2</ele></trkpt>
    <trkpt lat="37.160571" lon="-3.451938"><ele>1072.6</ele></trkpt>
    <trkpt lat="37.160391" lon="-3.451869"><ele>1070.9</ele></trkpt>
    <trkpt lat="37.16019" lon="-3.451731"><ele>1068.8</ele></trkpt>
    <trkpt lat="37.160049" lon="-3.451567"><ele>1066.9</ele></trkpt>
    <trkpt lat="37.159887" lon="-3.451212"><ele>1063.8</ele></trkpt>
    <trkpt lat="37.159829" lon="-3.451063"><ele>1062.5</ele></trkpt>
    <trkpt lat="37.159739" lon="-3.450954"><ele>1061.3</ele></trkpt>
    <trkpt lat="37.159432" lon="-3.450752"><ele>1058.2</ele></trkpt>
    <trkpt lat="37.159317" lon="-3.450633"><ele>1056.9</ele></trkpt>
    <trkpt lat="37.159276" lon="-3.450549"><ele>1056.3</ele></trkpt>
    <trkpt lat="37.159283" lon="-3.450422"><ele>1055.5</ele></trkpt>
    <trkpt lat="37.159342" lon="-3.450178"><ele>1054.1</ele></trkpt>
    <trkpt lat="37.159332" lon="-3.450071"><ele>1053.5</ele></trkpt>
    <trkpt lat="37.159296" lon="-3.449958"><ele>1052.9</ele></trkpt>
    <trkpt lat="37.159061" lon="-3.449683"><ele>1051.4</ele></trkpt>
    <trkpt lat="37.158971" lon="-3.449444"><ele>1051.2</ele></trkpt>
    <trkpt lat="37.158971" lon="-3.448589"><ele>1053.8</ele></trkpt>
    <trkpt lat="37.159035" lon="-3.448141"><ele>1056</ele></trkpt>
    <trkpt lat="37.15911" lon="-3.447586"><ele>1058.1</ele></trkpt>
    <trkpt lat="37.159085" lon="-3.447498"><ele>1058.4</ele></trkpt>
    <trkpt lat="37.159031" lon="-3.447434"><ele>1058.7</ele></trkpt>
    <trkpt lat="37.158948" lon="-3.447403"><ele>1058.9</ele></trkpt>
    <trkpt lat="37.158676" lon="-3.44741"><ele>1059.5</ele></trkpt>
    <trkpt lat="37.158378" lon="-3.447379"><ele>1059.6</ele></trkpt>
    <trkpt lat="37.158207" lon="-3.447404"><ele>1059.2</ele></trkpt>
    <trkpt lat="37.157683" lon="-3.447575"><ele>1056.4</ele></trkpt>
    <trkpt lat="37.15762" lon="-3.447565"><ele>1056.1</ele></trkpt>
    <trkpt lat="37.157569" lon="-3.447515"><ele>1055.7</ele></trkpt>
    <trkpt lat="37.157522" lon="-3.447414"><ele>1055.2</ele></trkpt>
    <trkpt lat="37.157399" lon="-3.446851"><ele>1052.6</ele></trkpt>
    <trkpt lat="37.157351" lon="-3.446782"><ele>1052.3</ele></trkpt>
    <trkpt lat="37.157037" lon="-3.44653"><ele>1050.9</ele></trkpt>
    <trkpt lat="37.156979" lon="-3.44646"><ele>1050.7</ele></trkpt>
    <trkpt lat="37.156957" lon="-3.446387"><ele>1050.7</ele></trkpt>
    <trkpt lat="37.156979" lon="-3.446126"><ele>1050.7</ele></trkpt>
    <trkpt lat="37.156966" lon="-3.445927"><ele>1051</ele></trkpt>
    <trkpt lat="37.156791" lon="-3.445552"><ele>1051.9</ele></trkpt>
    <trkpt lat="37.156764" lon="-3.445347"><ele>1052.5</ele></trkpt>
    <trkpt lat="37.156845" lon="-3.445142"><ele>1053.4</ele></trkpt>
    <trkpt lat="37.156947" lon="-3.444995"><ele>1054.3</ele></trkpt>
    <trkpt lat="37.157524" lon="-3.444296"><ele>1060.4</ele></trkpt>
    <trkpt lat="37.157611" lon="-3.444214"><ele>1061.2</ele></trkpt>
    <trkpt lat="37.158015" lon="-3.444008"><ele>1063.5</ele></trkpt>
    <trkpt lat="37.158253" lon="-3.443781"><ele>1064.8</ele></trkpt>
    <trkpt lat="37.15864" lon="-3.443327"><ele>1066.9</ele></trkpt>
    <trkpt lat="37.158924" lon="-3.442943"><ele>1067.5</ele></trkpt>
    <trkpt lat="37.158999" lon="-3.442778"><ele>1067.6</ele></trkpt>
    <trkpt lat="37.159026" lon="-3.442491"><ele>1067.8</ele></trkpt>
    <trkpt lat="37.158973" lon="-3.441161"><ele>1064.7</ele></trkpt>
    <trkpt lat="37.158951" lon="-3.441079"><ele>1064.3</ele></trkpt>
    <trkpt lat="37.158887" lon="-3.440939"><ele>1063.4</ele></trkpt>
    <trkpt lat="37.1588" lon="-3.440704"><ele>1062.1</ele></trkpt>
    <trkpt lat="37.158736" lon="-3.440606"><ele>1061.5</ele></trkpt>
    <trkpt lat="37.158699" lon="-3.440394"><ele>1060.6</ele></trkpt>
    <trkpt lat="37.158638" lon="-3.440245"><ele>1060</ele></trkpt>
    <trkpt lat="37.1585" lon="-3.440012"><ele>1059.2</ele></trkpt>
    <trkpt lat="37.158411" lon="-3.439675"><ele>1058.1</ele></trkpt>
    <trkpt lat="37.158419" lon="-3.439572"><ele>1057.7</ele></trkpt>
    <trkpt lat="37.158582" lon="-3.439269"><ele>1056.7</ele></trkpt>
    <trkpt lat="37.158618" lon="-3.439115"><ele>1056.2</ele></trkpt>
    <trkpt lat="37.158622" lon="-3.43891"><ele>1055.6</ele></trkpt>
    <trkpt lat="37.158585" lon="-3.438733"><ele>1055.1</ele></trkpt>
    <trkpt lat="37.158543" lon="-3.438642"><ele>1054.9</ele></trkpt>
    <trkpt lat="37.158466" lon="-3.438551"><ele>1054.6</ele></trkpt>
    <trkpt lat="37.158388" lon="-3.43846"><ele>1054.5</ele></trkpt>
    <trkpt lat="37.158174" lon="-3.438259"><ele>1054</ele></trkpt>
    <trkpt lat="37.158122" lon="-3.438212"><ele>1053.8</ele></trkpt>
    <trkpt lat="37.157978" lon="-3.438129"><ele>1053.3</ele></trkpt>
    <trkpt lat="37.157949" lon="-3.437956"><ele>1052.7</ele></trkpt>
    <trkpt lat="37.157962" lon="-3.437758"><ele>1051.8</ele></trkpt>
    <trkpt lat="37.157926" lon="-3.437574"><ele>1051</ele></trkpt>
    <trkpt lat="37.157921" lon="-3.437385"><ele>1050.4</ele></trkpt>
    <trkpt lat="37.157917" lon="-3.437295"><ele>1050.4</ele></trkpt>
    <trkpt lat="37.157707" lon="-3.437086"><ele>1050.5</ele></trkpt>
    <trkpt lat="37.15764" lon="-3.437052"><ele>1050.8</ele></trkpt>
    <trkpt lat="37.157547" lon="-3.437044"><ele>1051.3</ele></trkpt>
    <trkpt lat="37.157476" lon="-3.43707"><ele>1051.9</ele></trkpt>
    <trkpt lat="37.157348" lon="-3.437049"><ele>1053.1</ele></trkpt>
    <trkpt lat="37.157271" lon="-3.436998"><ele>1053.9</ele></trkpt>
    <trkpt lat="37.157202" lon="-3.436842"><ele>1055.3</ele></trkpt>
    <trkpt lat="37.157292" lon="-3.436426"><ele>1059.5</ele></trkpt>
    <trkpt lat="37.157429" lon="-3.436204"><ele>1062.6</ele></trkpt>
    <trkpt lat="37.157536" lon="-3.436146"><ele>1064.2</ele></trkpt>
    <trkpt lat="37.157754" lon="-3.435976"><ele>1067.9</ele></trkpt>
    <trkpt lat="37.157902" lon="-3.435851"><ele>1070.8</ele></trkpt>
    <trkpt lat="37.15786" lon="-3.43563"><ele>1073.6</ele></trkpt>
    <trkpt lat="37.157847" lon="-3.435533"><ele>1074.7</ele></trkpt>
    <trkpt lat="37.157885" lon="-3.435415"><ele>1076.1</ele></trkpt>
    <trkpt lat="37.157793" lon="-3.435309"><ele>1077.6</ele></trkpt>
    <trkpt lat="37.157667" lon="-3.435008"><ele>1079.9</ele></trkpt>
    <trkpt lat="37.157574" lon="-3.43454"><ele>1082.1</ele></trkpt>
    <trkpt lat="37.157548" lon="-3.434366"><ele>1082.8</ele></trkpt>
    <trkpt lat="37.157527" lon="-3.434176"><ele>1083.5</ele></trkpt>
    <trkpt lat="37.15742" lon="-3.433794"><ele>1085.3</ele></trkpt>
    <trkpt lat="37.157313" lon="-3.433565"><ele>1086.6</ele></trkpt>
    <trkpt lat="37.157264" lon="-3.433414"><ele>1087.3</ele></trkpt>
    <trkpt lat="37.157259" lon="-3.433147"><ele>1088.3</ele></trkpt>
    <trkpt lat="37.157226" lon="-3.43288"><ele>1089.4</ele></trkpt>
    <trkpt lat="37.157261" lon="-3.432767"><ele>1090.1</ele></trkpt>
    <trkpt lat="37.157308" lon="-3.432652"><ele>1091.2</ele></trkpt>
    <trkpt lat="37.157311" lon="-3.43255"><ele>1092.1</ele></trkpt>
    <trkpt lat="37.157286" lon="-3.432465"><ele>1092.9</ele></trkpt>
    <trkpt lat="37.157216" lon="-3.432384"><ele>1094.1</ele></trkpt>
    <trkpt lat="37.157123" lon="-3.432347"><ele>1095.2</ele></trkpt>
    <trkpt lat="37.156943" lon="-3.432127"><ele>1098.5</ele></trkpt>
    <trkpt lat="37.156893" lon="-3.431897"><ele>1100.7</ele></trkpt>
    <trkpt lat="37.156973" lon="-3.431773"><ele>1102.2</ele></trkpt>
    <trkpt lat="37.157003" lon="-3.431639"><ele>1103.3</ele></trkpt>
    <trkpt lat="37.157003" lon="-3.431467"><ele>1104.4</ele></trkpt>
    <trkpt lat="37.156896" lon="-3.430982"><ele>1107</ele></trkpt>
    <trkpt lat="37.156802" lon="-3.430901"><ele>1108</ele></trkpt>
    <trkpt lat="37.15666" lon="-3.43086"><ele>1109.2</ele></trkpt>
    <trkpt lat="37.156497" lon="-3.430914"><ele>1110.9</ele></trkpt>
    <trkpt lat="37.15638" lon="-3.430884"><ele>1111.8</ele></trkpt>
    <trkpt lat="37.155988" lon="-3.430307"><ele>1114.9</ele></trkpt>
    <trkpt lat="37.155905" lon="-3.429962"><ele>1116.5</ele></trkpt>
    <trkpt lat="37.155886" lon="-3.429621"><ele>1118.4</ele></trkpt>
    <trkpt lat="37.15578" lon="-3.429216"><ele>1121.2</ele></trkpt>
    <trkpt lat="37.155555" lon="-3.428574"><ele>1126.5</ele></trkpt>
    <trkpt lat="37.155418" lon="-3.428397"><ele>1128.2</ele></trkpt>
    <trkpt lat="37.155125" lon="-3.427832"><ele>1132.1</ele></trkpt>
    <trkpt lat="37.154959" lon="-3.427421"><ele>1134.2</ele></trkpt>
    <trkpt lat="37.154638" lon="-3.427101"><ele>1136.3</ele></trkpt>
    <trkpt lat="37.154502" lon="-3.426823"><ele>1137.5</ele></trkpt>
    <trkpt lat="37.154358" lon="-3.426643"><ele>1138.2</ele></trkpt>
    <trkpt lat="37.154292" lon="-3.426328"><ele>1139.2</ele></trkpt>
    <trkpt lat="37.154119" lon="-3.425889"><ele>1140.7</ele></trkpt>
    <trkpt lat="37.154049" lon="-3.42563"><ele>1142.1</ele></trkpt>
    <trkpt lat="37.154027" lon="-3.425407"><ele>1143.7</ele></trkpt>
    <trkpt lat="37.153908" lon="-3.424934"><ele>1147.8</ele></trkpt>
    <trkpt lat="37.1539" lon="-3.424786"><ele>1149.1</ele></trkpt>
    <trkpt lat="37.153951" lon="-3.42461"><ele>1151</ele></trkpt>
    <trkpt lat="37.154044" lon="-3.424442"><ele>1153.2</ele></trkpt>
    <trkpt lat="37.154222" lon="-3.424214"><ele>1156.9</ele></trkpt>
    <trkpt lat="37.154287" lon="-3.424088"><ele>1158.9</ele></trkpt>
    <trkpt lat="37.154328" lon="-3.423827"><ele>1162.6</ele></trkpt>
    <trkpt lat="37.15437" lon="-3.423706"><ele>1164.6</ele></trkpt>
    <trkpt lat="37.1547" lon="-3.423264"><ele>1174.3</ele></trkpt>
    <trkpt lat="37.154822" lon="-3.423167"><ele>1176.5</ele></trkpt>
    <trkpt lat="37.154866" lon="-3.422867"><ele>1178.8</ele></trkpt>
    <trkpt lat="37.154981" lon="-3.422542"><ele>1181.3</ele></trkpt>
    <trkpt lat="37.154983" lon="-3.422458"><ele>1182</ele></trkpt>
    <trkpt lat="37.154919" lon="-3.422123"><ele>1184.8</ele></trkpt>
    <trkpt lat="37.154844" lon="-3.42198"><ele>1186.1</ele></trkpt>
    <trkpt lat="37.154799" lon="-3.421914"><ele>1186.6</ele></trkpt>
    <trkpt lat="37.154675" lon="-3.421718"><ele>1188</ele></trkpt>
    <trkpt lat="37.154568" lon="-3.421424"><ele>1189.5</ele></trkpt>
    <trkpt lat="37.154509" lon="-3.421159"><ele>1190.5</ele></trkpt>
    <trkpt lat="37.154501" lon="-3.421"><ele>1191.1</ele></trkpt>
    <trkpt lat="37.15444" lon="-3.420848"><ele>1191.7</ele></trkpt>
    <trkpt lat="37.154387" lon="-3.420773"><ele>1192.1</ele></trkpt>
    <trkpt lat="37.154165" lon="-3.42012"><ele>1197.9</ele></trkpt>
    <trkpt lat="37.154295" lon="-3.419729"><ele>1201.4</ele></trkpt>
    <trkpt lat="37.15443" lon="-3.419367"><ele>1204.3</ele></trkpt>
    <trkpt lat="37.15462" lon="-3.41884"><ele>1208.7</ele></trkpt>
    <trkpt lat="37.154597" lon="-3.418743"><ele>1209.6</ele></trkpt>
    <trkpt lat="37.154494" lon="-3.418535"><ele>1211.7</ele></trkpt>
    <trkpt lat="37.154469" lon="-3.41842"><ele>1212.7</ele></trkpt>
    <trkpt lat="37.154537" lon="-3.417992"><ele>1216.4</ele></trkpt>
    <trkpt lat="37.154605" lon="-3.41782"><ele>1218</ele></trkpt>
    <trkpt lat="37.154596" lon="-3.417678"><ele>1219.2</ele></trkpt>
    <trkpt lat="37.154626" lon="-3.417257"><ele>1222.9</ele></trkpt>
    <trkpt lat="37.154622" lon="-3.416606"><ele>1229.4</ele></trkpt>
    <trkpt lat="37.154367" lon="-3.415981"><ele>1237.3</ele></trkpt>
    <trkpt lat="37.154307" lon="-3.415736"><ele>1240.2</ele></trkpt>
    <trkpt lat="37.154297" lon="-3.415558"><ele>1242</ele></trkpt>
    <trkpt lat="37.154316" lon="-3.415298"><ele>1244.6</ele></trkpt>
    <trkpt lat="37.15443" lon="-3.41471"><ele>1250.1</ele></trkpt>
    <trkpt lat="37.15466" lon="-3.413902"><ele>1256.1</ele></trkpt>
    <trkpt lat="37.154708" lon="-3.413656"><ele>1257.6</ele></trkpt>
    <trkpt lat="37.154711" lon="-3.413393"><ele>1258.9</ele></trkpt>
    <trkpt lat="37.154756" lon="-3.41321"><ele>1259.8</ele></trkpt>
    <trkpt lat="37.154891" lon="-3.412952"><ele>1261.3</ele></trkpt>
    <trkpt lat="37.155044" lon="-3.412484"><ele>1264.2</ele></trkpt>
    <trkpt lat="37.155076" lon="-3.412395"><ele>1264.9</ele></trkpt>
    <trkpt lat="37.155076" lon="-3.4122"><ele>1266.6</ele></trkpt>
    <trkpt lat="37.155129" lon="-3.411999"><ele>1268.6</ele></trkpt>
    <trkpt lat="37.155299" lon="-3.411688"><ele>1272.5</ele></trkpt>
    <trkpt lat="37.155365" lon="-3.41152"><ele>1274.5</ele></trkpt>
    <trkpt lat="37.155504" lon="-3.411383"><ele>1276.8</ele></trkpt>
    <trkpt lat="37.155739" lon="-3.411292"><ele>1279.6</ele></trkpt>
    <trkpt lat="37.155868" lon="-3.411228"><ele>1281.2</ele></trkpt>
    <trkpt lat="37.156148" lon="-3.410876"><ele>1286</ele></trkpt>
    <trkpt lat="37.156285" lon="-3.410484"><ele>1290.3</ele></trkpt>
    <trkpt lat="37.156397" lon="-3.41021"><ele>1293.1</ele></trkpt>
    <trkpt lat="37.15651" lon="-3.41003"><ele>1294.8</ele></trkpt>
    <trkpt lat="37.156628" lon="-3.409928"><ele>1296.1</ele></trkpt>
    <trkpt lat="37.156719" lon="-3.409861"><ele>1297</ele></trkpt>
    <trkpt lat="37.157158" lon="-3.409736"><ele>1300.9</ele></trkpt>
    <trkpt lat="37.157521" lon="-3.409549"><ele>1305.1</ele></trkpt>
    <trkpt lat="37.157734" lon="-3.409378"><ele>1307.8</ele></trkpt>
    <trkpt lat="37.157894" lon="-3.409166"><ele>1309.9</ele></trkpt>
    <trkpt lat="37.158232" lon="-3.40892"><ele>1313.4</ele></trkpt>
    <trkpt lat="37.158362" lon="-3.408796"><ele>1315</ele></trkpt>
    <trkpt lat="37.158484" lon="-3.408622"><ele>1316.8</ele></trkpt>
    <trkpt lat="37.158532" lon="-3.408526"><ele>1317.7</ele></trkpt>
    <trkpt lat="37.158625" lon="-3.408192"><ele>1320.7</ele></trkpt>
    <trkpt lat="37.158734" lon="-3.408002"><ele>1322.7</ele></trkpt>
    <trkpt lat="37.159239" lon="-3.407567"><ele>1329.9</ele></trkpt>
    <trkpt lat="37.160118" lon="-3.40697"><ele>1341.7</ele></trkpt>
    <trkpt lat="37.160766" lon="-3.406487"><ele>1349.8</ele></trkpt>
    <trkpt lat="37.161025" lon="-3.406397"><ele>1353.1</ele></trkpt>
    <trkpt lat="37.161362" lon="-3.406173"><ele>1357.9</ele></trkpt>
    <trkpt lat="37.16154" lon="-3.406125"><ele>1360.4</ele></trkpt>
    <trkpt lat="37.161667" lon="-3.406133"><ele>1362.3</ele></trkpt>
    <trkpt lat="37.161702" lon="-3.406161"><ele>1362.9</ele></trkpt>
    <trkpt lat="37.161723" lon="-3.406279"><ele>1364.3</ele></trkpt>
    <trkpt lat="37.16157" lon="-3.406559"><ele>1368.5</ele></trkpt>
    <trkpt lat="37.161475" lon="-3.406897"><ele>1373</ele></trkpt>
    <trkpt lat="37.16127" lon="-3.407173"><ele>1377.7</ele></trkpt>
    <trkpt lat="37.16119" lon="-3.407355"><ele>1380.2</ele></trkpt>
    <trkpt lat="37.161187" lon="-3.407479"><ele>1381.5</ele></trkpt>
    <trkpt lat="37.161222" lon="-3.407551"><ele>1382.4</ele></trkpt>
    <trkpt lat="37.161305" lon="-3.40762"><ele>1383.6</ele></trkpt>
    <trkpt lat="37.161489" lon="-3.407607"><ele>1385.9</ele></trkpt>
    <trkpt lat="37.161751" lon="-3.407406"><ele>1389.6</ele></trkpt>
    <trkpt lat="37.162151" lon="-3.407156"><ele>1394.6</ele></trkpt>
    <trkpt lat="37.162455" lon="-3.406844"><ele>1398.7</ele></trkpt>
    <trkpt lat="37.162717" lon="-3.406671"><ele>1401.6</ele></trkpt>
    <trkpt lat="37.162796" lon="-3.406549"><ele>1402.8</ele></trkpt>
    <trkpt lat="37.162871" lon="-3.406267"><ele>1405</ele></trkpt>
    <trkpt lat="37.16307" lon="-3.405974"><ele>1407.8</ele></trkpt>
    <trkpt lat="37.163151" lon="-3.405759"><ele>1409.5</ele></trkpt>
    <trkpt lat="37.163197" lon="-3.405538"><ele>1410.9</ele></trkpt>
    <trkpt lat="37.16329" lon="-3.40535"><ele>1412.3</ele></trkpt>
    <trkpt lat="37.163313" lon="-3.405214"><ele>1413</ele></trkpt>
    <trkpt lat="37.163105" lon="-3.404509"><ele>1416.6</ele></trkpt>
    <trkpt lat="37.162941" lon="-3.403402"><ele>1422.1</ele></trkpt>
    <trkpt lat="37.16283" lon="-3.402847"><ele>1426.7</ele></trkpt>
    <trkpt lat="37.162841" lon="-3.402746"><ele>1427.7</ele></trkpt>
    <trkpt lat="37.162895" lon="-3.402662"><ele>1428.7</ele></trkpt>
    <trkpt lat="37.162964" lon="-3.402631"><ele>1429.6</ele></trkpt>
    <trkpt lat="37.163182" lon="-3.402532"><ele>1432.8</ele></trkpt>
    <trkpt lat="37.163587" lon="-3.402169"><ele>1440.9</ele></trkpt>
    <trkpt lat="37.163832" lon="-3.40217"><ele>1445.6</ele></trkpt>
    <trkpt lat="37.16404" lon="-3.401848"><ele>1451.7</ele></trkpt>
    <trkpt lat="37.16415" lon="-3.401814"><ele>1453.5</ele></trkpt>
    <trkpt lat="37.164362" lon="-3.401905"><ele>1456.9</ele></trkpt>
    <trkpt lat="37.164496" lon="-3.401914"><ele>1458.7</ele></trkpt>
    <trkpt lat="37.164687" lon="-3.401714"><ele>1461.9</ele></trkpt>
    <trkpt lat="37.164894" lon="-3.401615"><ele>1464.5</ele></trkpt>
    <trkpt lat="37.165043" lon="-3.40124"><ele>1468</ele></trkpt>
    <trkpt lat="37.165112" lon="-3.400749"><ele>1471.7</ele></trkpt>
    <trkpt lat="37.165162" lon="-3.400591"><ele>1472.8</ele></trkpt>
    <trkpt lat="37.165409" lon="-3.400047"><ele>1477</ele></trkpt>
    <trkpt lat="37.165538" lon="-3.399862"><ele>1479.1</ele></trkpt>
    <trkpt lat="37.165688" lon="-3.399514"><ele>1483.3</ele></trkpt>
    <trkpt lat="37.165704" lon="-3.399353"><ele>1485.3</ele></trkpt>
    <trkpt lat="37.165679" lon="-3.399173"><ele>1487.5</ele></trkpt>
    <trkpt lat="37.165766" lon="-3.398839"><ele>1491.7</ele></trkpt>
    <trkpt lat="37.165908" lon="-3.398522"><ele>1496.1</ele></trkpt>
    <trkpt lat="37.166078" lon="-3.398378"><ele>1499</ele></trkpt>
    <trkpt lat="37.166153" lon="-3.398232"><ele>1501</ele></trkpt>
    <trkpt lat="37.166155" lon="-3.397881"><ele>1504.8</ele></trkpt>
    <trkpt lat="37.16618" lon="-3.397828"><ele>1505.5</ele></trkpt>
    <trkpt lat="37.166543" lon="-3.397503"><ele>1511.3</ele></trkpt>
    <trkpt lat="37.166603" lon="-3.397341"><ele>1513</ele></trkpt>
    <trkpt lat="37.166599" lon="-3.397053"><ele>1515.7</ele></trkpt>
    <trkpt lat="37.166631" lon="-3.396986"><ele>1516.4</ele></trkpt>
    <trkpt lat="37.166703" lon="-3.396929"><ele>1517.5</ele></trkpt>
    <trkpt lat="37.166898" lon="-3.396864"><ele>1520.1</ele></trkpt>
    <trkpt lat="37.167279" lon="-3.396937"><ele>1524.7</ele></trkpt>
    <trkpt lat="37.16757" lon="-3.396933"><ele>1528.1</ele></trkpt>
    <trkpt lat="37.167787" lon="-3.397009"><ele>1530.8</ele></trkpt>
    <trkpt lat="37.167851" lon="-3.397032"><ele>1531.6</ele></trkpt>
    <trkpt lat="37.167943" lon="-3.397019"><ele>1532.7</ele></trkpt>
    <trkpt lat="37.168067" lon="-3.396857"><ele>1535</ele></trkpt>
    <trkpt lat="37.1681" lon="-3.396703"><ele>1536.7</ele></trkpt>
    <trkpt lat="37.168092" lon="-3.396585"><ele>1537.9</ele></trkpt>
    <trkpt lat="37.168052" lon="-3.396465"><ele>1539.4</ele></trkpt>
    <trkpt lat="37.168061" lon="-3.396336"><ele>1540.8</ele></trkpt>
    <trkpt lat="37.168156" lon="-3.39619"><ele>1542.9</ele></trkpt>
    <trkpt lat="37.168237" lon="-3.39616"><ele>1543.9</ele></trkpt>
    <trkpt lat="37.168681" lon="-3.396122"><ele>1548.2</ele></trkpt>
    <trkpt lat="37.168745" lon="-3.396167"><ele>1548.9</ele></trkpt>
    <trkpt lat="37.16882" lon="-3.396285"><ele>1550.2</ele></trkpt>
    <trkpt lat="37.168931" lon="-3.396316"><ele>1551.4</ele></trkpt>
    <trkpt lat="37.169048" lon="-3.396261"><ele>1552.9</ele></trkpt>
    <trkpt lat="37.169121" lon="-3.396122"><ele>1554.5</ele></trkpt>
    <trkpt lat="37.169136" lon="-3.395969"><ele>1556</ele></trkpt>
    <trkpt lat="37.169099" lon="-3.39569"><ele>1558.8</ele></trkpt>
    <trkpt lat="37.169103" lon="-3.395564"><ele>1560</ele></trkpt>
    <trkpt lat="37.169173" lon="-3.395405"><ele>1561.6</ele></trkpt>
    <trkpt lat="37.169855" lon="-3.39498"><ele>1566.6</ele></trkpt>
    <trkpt lat="37.169914" lon="-3.394897"><ele>1567.3</ele></trkpt>
    <trkpt lat="37.169884" lon="-3.39472"><ele>1568.6</ele></trkpt>
    <trkpt lat="37.169688" lon="-3.394351"><ele>1572</ele></trkpt>
    <trkpt lat="37.169623" lon="-3.394158"><ele>1573.6</ele></trkpt>
    <trkpt lat="37.169638" lon="-3.393835"><ele>1576.2</ele></trkpt>
    <trkpt lat="37.16977" lon="-3.393168"><ele>1582</ele></trkpt>
    <trkpt lat="37.16975" lon="-3.392404"><ele>1591.3</ele></trkpt>
    <trkpt lat="37.169774" lon="-3.392189"><ele>1594</ele></trkpt>
    <trkpt lat="37.170116" lon="-3.391439"><ele>1604.5</ele></trkpt>
    <trkpt lat="37.17008" lon="-3.391065"><ele>1608.9</ele></trkpt>
    <trkpt lat="37.1701" lon="-3.390898"><ele>1610.9</ele></trkpt>
    <trkpt lat="37.170195" lon="-3.390634"><ele>1614.1</ele></trkpt>
    <trkpt lat="37.170199" lon="-3.390564"><ele>1614.8</ele></trkpt>
    <trkpt lat="37.170059" lon="-3.390078"><ele>1620.1</ele></trkpt>
    <trkpt lat="37.169997" lon="-3.389935"><ele>1621.7</ele></trkpt>
    <trkpt lat="37.169802" lon="-3.389647"><ele>1625.2</ele></trkpt>
    <trkpt lat="37.169672" lon="-3.389283"><ele>1628.5</ele></trkpt>
    <trkpt lat="37.169435" lon="-3.388822"><ele>1633.2</ele></trkpt>
    <trkpt lat="37.169185" lon="-3.388521"><ele>1636.8</ele></trkpt>
    <trkpt lat="37.169145" lon="-3.388423"><ele>1637.7</ele></trkpt>
    <trkpt lat="37.169136" lon="-3.388249"><ele>1639.1</ele></trkpt>
    <trkpt lat="37.169168" lon="-3.388079"><ele>1640.6</ele></trkpt>
    <trkpt lat="37.169223" lon="-3.387927"><ele>1641.9</ele></trkpt>
    <trkpt lat="37.169244" lon="-3.387265"><ele>1647.5</ele></trkpt>
    <trkpt lat="37.169138" lon="-3.386632"><ele>1653.7</ele></trkpt>
    <trkpt lat="37.169149" lon="-3.386387"><ele>1655.8</ele></trkpt>
    <trkpt lat="37.16926" lon="-3.38585"><ele>1660.5</ele></trkpt>
    <trkpt lat="37.169302" lon="-3.385294"><ele>1664.9</ele></trkpt>
    <trkpt lat="37.1692" lon="-3.384818"><ele>1668.8</ele></trkpt>
    <trkpt lat="37.16921" lon="-3.384586"><ele>1670.4</ele></trkpt>
    <trkpt lat="37.169248" lon="-3.384385"><ele>1671.8</ele></trkpt>
    <trkpt lat="37.169345" lon="-3.38408"><ele>1674</ele></trkpt>
    <trkpt lat="37.169382" lon="-3.383869"><ele>1675.3</ele></trkpt>
    <trkpt lat="37.169388" lon="-3.383543"><ele>1677.3</ele></trkpt>
    <trkpt lat="37.169472" lon="-3.383265"><ele>1679.3</ele></trkpt>
    <trkpt lat="37.16944" lon="-3.38306"><ele>1680.7</ele></trkpt>
    <trkpt lat="37.169289" lon="-3.382662"><ele>1684.2</ele></trkpt>
    <trkpt lat="37.169251" lon="-3.382271"><ele>1687.7</ele></trkpt>
    <trkpt lat="37.169231" lon="-3.381744"><ele>1692.8</ele></trkpt>
    <trkpt lat="37.169301" lon="-3.380814"><ele>1702.1</ele></trkpt>
    <trkpt lat="37.169294" lon="-3.380409"><ele>1705.8</ele></trkpt>
    <trkpt lat="37.169343" lon="-3.380118"><ele>1708.2</ele></trkpt>
    <trkpt lat="37.169345" lon="-3.379974"><ele>1709.4</ele></trkpt>
    <trkpt lat="37.169324" lon="-3.379825"><ele>1710.7</ele></trkpt>
    <trkpt lat="37.169268" lon="-3.379714"><ele>1711.9</ele></trkpt>
    <trkpt lat="37.169165" lon="-3.379625"><ele>1713.5</ele></trkpt>
    <trkpt lat="37.169083" lon="-3.379496"><ele>1715.2</ele></trkpt>
    <trkpt lat="37.169076" lon="-3.379353"><ele>1716.6</ele></trkpt>
    <trkpt lat="37.169112" lon="-3.379241"><ele>1717.8</ele></trkpt>
    <trkpt lat="37.169184" lon="-3.379131"><ele>1719</ele></trkpt>
    <trkpt lat="37.169319" lon="-3.379048"><ele>1720.8</ele></trkpt>
    <trkpt lat="37.169566" lon="-3.378966"><ele>1723.8</ele></trkpt>
    <trkpt lat="37.169769" lon="-3.378935"><ele>1726.4</ele></trkpt>
    <trkpt lat="37.169851" lon="-3.378893"><ele>1727.6</ele></trkpt>
    <trkpt lat="37.169984" lon="-3.378544"><ele>1732</ele></trkpt>
    <trkpt lat="37.1701" lon="-3.3784"><ele>1734.5</ele></trkpt>
    <trkpt lat="37.17041" lon="-3.378092"><ele>1740.9</ele></trkpt>
    <trkpt lat="37.170853" lon="-3.377753"><ele>1747.5</ele></trkpt>
    <trkpt lat="37.171037" lon="-3.377708"><ele>1749.9</ele></trkpt>
    <trkpt lat="37.17128" lon="-3.377735"><ele>1752.9</ele></trkpt>
    <trkpt lat="37.171324" lon="-3.377703"><ele>1753.6</ele></trkpt>
    <trkpt lat="37.171455" lon="-3.377494"><ele>1756.2</ele></trkpt>
    <trkpt lat="37.171633" lon="-3.377308"><ele>1759</ele></trkpt>
    <trkpt lat="37.17243" lon="-3.376875"><ele>1769.7</ele></trkpt>
    <trkpt lat="37.172683" lon="-3.37683"><ele>1772.8</ele></trkpt>
    <trkpt lat="37.173248" lon="-3.376589"><ele>1779.6</ele></trkpt>
    <trkpt lat="37.173386" lon="-3.376483"><ele>1781.3</ele></trkpt>
    <trkpt lat="37.173503" lon="-3.376284"><ele>1783.6</ele></trkpt>
    <trkpt lat="37.17367" lon="-3.375881"><ele>1787.8</ele></trkpt>
    <trkpt lat="37.173764" lon="-3.375762"><ele>1789.3</ele></trkpt>
    <trkpt lat="37.173813" lon="-3.375614"><ele>1790.7</ele></trkpt>
    <trkpt lat="37.173831" lon="-3.375254"><ele>1793.8</ele></trkpt>
    <trkpt lat="37.173872" lon="-3.374834"><ele>1797.4</ele></trkpt>
    <trkpt lat="37.173891" lon="-3.374048"><ele>1804.4</ele></trkpt>
    <trkpt lat="37.173866" lon="-3.373908"><ele>1805.7</ele></trkpt>
    <trkpt lat="37.173491" lon="-3.373193"><ele>1812.3</ele></trkpt>
    <trkpt lat="37.173192" lon="-3.372735"><ele>1816.9</ele></trkpt>
    <trkpt lat="37.173122" lon="-3.372592"><ele>1818.4</ele></trkpt>
    <trkpt lat="37.173033" lon="-3.372285"><ele>1821.6</ele></trkpt>
    <trkpt lat="37.173026" lon="-3.371994"><ele>1824.9</ele></trkpt>
    <trkpt lat="37.173089" lon="-3.371723"><ele>1828.5</ele></trkpt>
    <trkpt lat="37.173151" lon="-3.3716"><ele>1830.4</ele></trkpt>
    <trkpt lat="37.173341" lon="-3.371418"><ele>1834.6</ele></trkpt>
    <trkpt lat="37.173878" lon="-3.371193"><ele>1844.9</ele></trkpt>
    <trkpt lat="37.173987" lon="-3.371214"><ele>1846.9</ele></trkpt>
    <trkpt lat="37.174116" lon="-3.371278"><ele>1849.4</ele></trkpt>
    <trkpt lat="37.174257" lon="-3.371382"><ele>1852.2</ele></trkpt>
    <trkpt lat="37.174304" lon="-3.371389"><ele>1853</ele></trkpt>
    <trkpt lat="37.174369" lon="-3.371323"><ele>1854.4</ele></trkpt>
    <trkpt lat="37.174505" lon="-3.370362"><ele>1866</ele></trkpt>
    <trkpt lat="37.174534" lon="-3.369527"><ele>1873.2</ele></trkpt>
    <trkpt lat="37.174575" lon="-3.369136"><ele>1875.8</ele></trkpt>
  </trkseg></trk></gpx>