<?xml version="1.0" encoding="UTF-8"?>
<gpx version="1.1" creator="tour-scraper" xmlns="http://www.topografix.com/GPX/1/1">
  <trk><name>Stage 14: From Jaén to Sierra de La Pandera — La Vuelta 26</name><trkseg>
    <trkpt lat="37.777817" lon="-3.741139"><ele>390</ele></trkpt>
    <trkpt lat="37.777835" lon="-3.74013"><ele>391.8</ele></trkpt>
    <trkpt lat="37.777825" lon="-3.739645"><ele>392.7</ele></trkpt>
    <trkpt lat="37.777797" lon="-3.739349"><ele>393.2</ele></trkpt>
    <trkpt lat="37.77772" lon="-3.738926"><ele>393.7</ele></trkpt>
    <trkpt lat="37.777489" lon="-3.738013"><ele>394.2</ele></trkpt>
    <trkpt lat="37.777387" lon="-3.737473"><ele>394.2</ele></trkpt>
    <trkpt lat="37.777373" lon="-3.736862"><ele>394.1</ele></trkpt>
    <trkpt lat="37.777509" lon="-3.73598"><ele>394.5</ele></trkpt>
    <trkpt lat="37.777552" lon="-3.735629"><ele>394.8</ele></trkpt>
    <trkpt lat="37.777592" lon="-3.735419"><ele>395</ele></trkpt>
    <trkpt lat="37.77775" lon="-3.734878"><ele>395.4</ele></trkpt>
    <trkpt lat="37.777964" lon="-3.734287"><ele>396.3</ele></trkpt>
    <trkpt lat="37.778077" lon="-3.734045"><ele>396.8</ele></trkpt>
    <trkpt lat="37.778181" lon="-3.733769"><ele>397.3</ele></trkpt>
    <trkpt lat="37.778286" lon="-3.733505"><ele>397.8</ele></trkpt>
    <trkpt lat="37.778408" lon="-3.733265"><ele>398.3</ele></trkpt>
    <trkpt lat="37.778565" lon="-3.733014"><ele>398.9</ele></trkpt>
    <trkpt lat="37.778745" lon="-3.732785"><ele>399.6</ele></trkpt>
    <trkpt lat="37.779058" lon="-3.732454"><ele>400.7</ele></trkpt>
    <trkpt lat="37.779423" lon="-3.732196"><ele>401.6</ele></trkpt>
    <trkpt lat="37.77972" lon="-3.73204"><ele>402.1</ele></trkpt>
    <trkpt lat="37.780908" lon="-3.731615"><ele>403.8</ele></trkpt>
    <trkpt lat="37.781171" lon="-3.731498"><ele>404</ele></trkpt>
    <trkpt lat="37.781781" lon="-3.731105"><ele>404.5</ele></trkpt>
    <trkpt lat="37.781959" lon="-3.730943"><ele>404.7</ele></trkpt>
    <trkpt lat="37.78235" lon="-3.730507"><ele>405.3</ele></trkpt>
    <trkpt lat="37.783022" lon="-3.729577"><ele>406.8</ele></trkpt>
    <trkpt lat="37.783246" lon="-3.729314"><ele>407.1</ele></trkpt>
    <trkpt lat="37.783753" lon="-3.728868"><ele>407.8</ele></trkpt>
    <trkpt lat="37.784174" lon="-3.728618"><ele>408.4</ele></trkpt>
    <trkpt lat="37.784512" lon="-3.728465"><ele>409.1</ele></trkpt>
    <trkpt lat="37.784851" lon="-3.728326"><ele>410</ele></trkpt>
    <trkpt lat="37.787939" lon="-3.727062"><ele>424.6</ele></trkpt>
    <trkpt lat="37.788534" lon="-3.726818"><ele>427.7</ele></trkpt>
    <trkpt lat="37.788927" lon="-3.726659"><ele>429.6</ele></trkpt>
    <trkpt lat="37.789513" lon="-3.726499"><ele>432.6</ele></trkpt>
    <trkpt lat="37.789958" lon="-3.726457"><ele>434.8</ele></trkpt>
    <trkpt lat="37.79164" lon="-3.726521"><ele>444.1</ele></trkpt>
    <trkpt lat="37.792153" lon="-3.726491"><ele>446.6</ele></trkpt>
    <trkpt lat="37.79256" lon="-3.726396"><ele>448.3</ele></trkpt>
    <trkpt lat="37.792804" lon="-3.726302"><ele>449.2</ele></trkpt>
    <trkpt lat="37.793447" lon="-3.725965"><ele>451</ele></trkpt>
    <trkpt lat="37.795408" lon="-3.724841"><ele>456</ele></trkpt>
    <trkpt lat="37.795791" lon="-3.724559"><ele>457.1</ele></trkpt>
    <trkpt lat="37.796191" lon="-3.724169"><ele>457.8</ele></trkpt>
    <trkpt lat="37.796504" lon="-3.723721"><ele>457.6</ele></trkpt>
    <trkpt lat="37.796832" lon="-3.723112"><ele>456</ele></trkpt>
    <trkpt lat="37.797293" lon="-3.721873"><ele>451.5</ele></trkpt>
    <trkpt lat="37.797557" lon="-3.721311"><ele>450.1</ele></trkpt>
    <trkpt lat="37.79792" lon="-3.720771"><ele>449.5</ele></trkpt>
    <trkpt lat="37.798424" lon="-3.720194"><ele>449.9</ele></trkpt>
    <trkpt lat="37.798512" lon="-3.720108"><ele>450</ele></trkpt>
    <trkpt lat="37.798859" lon="-3.719861"><ele>450.4</ele></trkpt>
    <trkpt lat="37.799019" lon="-3.719696"><ele>450.7</ele></trkpt>
    <trkpt lat="37.799048" lon="-3.719611"><ele>450.8</ele></trkpt>
    <trkpt lat="37.799111" lon="-3.719372"><ele>451</ele></trkpt>
    <trkpt lat="37.799309" lon="-3.718709"><ele>452</ele></trkpt>
    <trkpt lat="37.800331" lon="-3.715291"><ele>460.8</ele></trkpt>
    <trkpt lat="37.801192" lon="-3.712411"><ele>469.3</ele></trkpt>
    <trkpt lat="37.801322" lon="-3.711793"><ele>470.9</ele></trkpt>
    <trkpt lat="37.801368" lon="-3.711183"><ele>472.3</ele></trkpt>
    <trkpt lat="37.80129" lon="-3.710391"><ele>474</ele></trkpt>
    <trkpt lat="37.800365" lon="-3.707118"><ele>479.6</ele></trkpt>
    <trkpt lat="37.800189" lon="-3.706277"><ele>481.6</ele></trkpt>
    <trkpt lat="37.800137" lon="-3.705518"><ele>483.9</ele></trkpt>
    <trkpt lat="37.800176" lon="-3.704875"><ele>486.4</ele></trkpt>
    <trkpt lat="37.800332" lon="-3.704191"><ele>489.2</ele></trkpt>
    <trkpt lat="37.800827" lon="-3.702682"><ele>494.8</ele></trkpt>
    <trkpt lat="37.800908" lon="-3.702375"><ele>495.7</ele></trkpt>
    <trkpt lat="37.80097" lon="-3.702138"><ele>496.4</ele></trkpt>
    <trkpt lat="37.801036" lon="-3.701694"><ele>497.5</ele></trkpt>
    <trkpt lat="37.801042" lon="-3.701049"><ele>499.1</ele></trkpt>
    <trkpt lat="37.800964" lon="-3.700406"><ele>500.9</ele></trkpt>
    <trkpt lat="37.80043" lon="-3.698584"><ele>505.2</ele></trkpt>
    <trkpt lat="37.800312" lon="-3.697916"><ele>505.8</ele></trkpt>
    <trkpt lat="37.80026" lon="-3.697372"><ele>506</ele></trkpt>
    <trkpt lat="37.800247" lon="-3.696844"><ele>505.8</ele></trkpt>
    <trkpt lat="37.800293" lon="-3.696201"><ele>505</ele></trkpt>
    <trkpt lat="37.800391" lon="-3.695591"><ele>504</ele></trkpt>
    <trkpt lat="37.800547" lon="-3.694956"><ele>502.8</ele></trkpt>
    <trkpt lat="37.800742" lon="-3.694371"><ele>501.9</ele></trkpt>
    <trkpt lat="37.80099" lon="-3.693793"><ele>501.4</ele></trkpt>
    <trkpt lat="37.801133" lon="-3.693381"><ele>501.5</ele></trkpt>
    <trkpt lat="37.801264" lon="-3.692919"><ele>502.1</ele></trkpt>
    <trkpt lat="37.801372" lon="-3.692395"><ele>503.2</ele></trkpt>
    <trkpt lat="37.801809" lon="-3.688329"><ele>516.8</ele></trkpt>
    <trkpt lat="37.801992" lon="-3.686421"><ele>522.3</ele></trkpt>
    <trkpt lat="37.80213" lon="-3.685807"><ele>524.5</ele></trkpt>
    <trkpt lat="37.802515" lon="-3.684652"><ele>527.6</ele></trkpt>
    <trkpt lat="37.803303" lon="-3.682646"><ele>526</ele></trkpt>
    <trkpt lat="37.803739" lon="-3.68145"><ele>522.6</ele></trkpt>
    <trkpt lat="37.804176" lon="-3.67971"><ele>520.9</ele></trkpt>
    <trkpt lat="37.804779" lon="-3.677257"><ele>520.5</ele></trkpt>
    <trkpt lat="37.805161" lon="-3.675653"><ele>524.4</ele></trkpt>
    <trkpt lat="37.805271" lon="-3.675004"><ele>526.3</ele></trkpt>
    <trkpt lat="37.80529" lon="-3.674754"><ele>527.1</ele></trkpt>
    <trkpt lat="37.805298" lon="-3.674108"><ele>529.1</ele></trkpt>
    <trkpt lat="37.805248" lon="-3.672504"><ele>535</ele></trkpt>
    <trkpt lat="37.805201" lon="-3.671949"><ele>536.9</ele></trkpt>
    <trkpt lat="37.805082" lon="-3.671353"><ele>538.7</ele></trkpt>
    <trkpt lat="37.804909" lon="-3.670782"><ele>540.1</ele></trkpt>
    <trkpt lat="37.804707" lon="-3.670299"><ele>541.2</ele></trkpt>
    <trkpt lat="37.804432" lon="-3.669816"><ele>542.6</ele></trkpt>
    <trkpt lat="37.804256" lon="-3.669564"><ele>543.5</ele></trkpt>
    <trkpt lat="37.803743" lon="-3.668988"><ele>546.4</ele></trkpt>
    <trkpt lat="37.802305" lon="-3.667753"><ele>555.5</ele></trkpt>
    <trkpt lat="37.800847" lon="-3.666533"><ele>562.9</ele></trkpt>
    <trkpt lat="37.800228" lon="-3.665996"><ele>565.4</ele></trkpt>
    <trkpt lat="37.799972" lon="-3.665735"><ele>566.3</ele></trkpt>
    <trkpt lat="37.799774" lon="-3.665455"><ele>567.1</ele></trkpt>
    <trkpt lat="37.799668" lon="-3.665255"><ele>567.6</ele></trkpt>
    <trkpt lat="37.799525" lon="-3.664798"><ele>568.7</ele></trkpt>
    <trkpt lat="37.799465" lon="-3.664375"><ele>569.5</ele></trkpt>
    <trkpt lat="37.799483" lon="-3.663904"><ele>570.5</ele></trkpt>
    <trkpt lat="37.799527" lon="-3.663679"><ele>570.9</ele></trkpt>
    <trkpt lat="37.799649" lon="-3.663292"><ele>571.6</ele></trkpt>
    <trkpt lat="37.799737" lon="-3.663099"><ele>571.9</ele></trkpt>
    <trkpt lat="37.799793" lon="-3.662954"><ele>572.1</ele></trkpt>
    <trkpt lat="37.800136" lon="-3.662398"><ele>572.8</ele></trkpt>
    <trkpt lat="37.800736" lon="-3.66158"><ele>573.8</ele></trkpt>
    <trkpt lat="37.800783" lon="-3.661449"><ele>573.9</ele></trkpt>
    <trkpt lat="37.801022" lon="-3.661088"><ele>574.5</ele></trkpt>
    <trkpt lat="37.801047" lon="-3.660986"><ele>574.7</ele></trkpt>
    <trkpt lat="37.801029" lon="-3.660842"><ele>575</ele></trkpt>
    <trkpt lat="37.800801" lon="-3.660438"><ele>576.1</ele></trkpt>
    <trkpt lat="37.800692" lon="-3.660199"><ele>576.9</ele></trkpt>
    <trkpt lat="37.800676" lon="-3.660144"><ele>577.1</ele></trkpt>
    <trkpt lat="37.800607" lon="-3.659906"><ele>577.8</ele></trkpt>
    <trkpt lat="37.800207" lon="-3.658609"><ele>582.4</ele></trkpt>
    <trkpt lat="37.798655" lon="-3.65356"><ele>598.9</ele></trkpt>
    <trkpt lat="37.798566" lon="-3.65294"><ele>601.1</ele></trkpt>
    <trkpt lat="37.798556" lon="-3.652653"><ele>602.2</ele></trkpt>
    <trkpt lat="37.798577" lon="-3.652387"><ele>603.4</ele></trkpt>
    <trkpt lat="37.798716" lon="-3.651683"><ele>606.7</ele></trkpt>
    <trkpt lat="37.798732" lon="-3.651507"><ele>607.5</ele></trkpt>
    <trkpt lat="37.798719" lon="-3.651348"><ele>608.3</ele></trkpt>
    <trkpt lat="37.798599" lon="-3.651019"><ele>610.1</ele></trkpt>
    <trkpt lat="37.797499" lon="-3.649179"><ele>620.8</ele></trkpt>
    <trkpt lat="37.797117" lon="-3.648637"><ele>624.6</ele></trkpt>
    <trkpt lat="37.795623" lon="-3.646904"><ele>639.1</ele></trkpt>
    <trkpt lat="37.795359" lon="-3.646639"><ele>641.2</ele></trkpt>
    <trkpt lat="37.792822" lon="-3.644517"><ele>654.5</ele></trkpt>
    <trkpt lat="37.792484" lon="-3.644116"><ele>655.5</ele></trkpt>
    <trkpt lat="37.79231" lon="-3.643694"><ele>656.5</ele></trkpt>
    <trkpt lat="37.792235" lon="-3.643244"><ele>657.6</ele></trkpt>
    <trkpt lat="37.792235" lon="-3.642819"><ele>659</ele></trkpt>
    <trkpt lat="37.792335" lon="-3.640133"><ele>673.4</ele></trkpt>
    <trkpt lat="37.792361" lon="-3.639766"><ele>675.3</ele></trkpt>
    <trkpt lat="37.792578" lon="-3.638065"><ele>683</ele></trkpt>
    <trkpt lat="37.792577" lon="-3.637713"><ele>684.1</ele></trkpt>
    <trkpt lat="37.792123" lon="-3.635098"><ele>689.7</ele></trkpt>
    <trkpt lat="37.792082" lon="-3.634717"><ele>690.6</ele></trkpt>
    <trkpt lat="37.791894" lon="-3.631384"><ele>699.8</ele></trkpt>
    <trkpt lat="37.791697" lon="-3.629672"><ele>702.1</ele></trkpt>
    <trkpt lat="37.791629" lon="-3.629446"><ele>702.4</ele></trkpt>
    <trkpt lat="37.790713" lon="-3.627165"><ele>706.4</ele></trkpt>
    <trkpt lat="37.790544" lon="-3.626541"><ele>707.2</ele></trkpt>
    <trkpt lat="37.78976" lon="-3.623424"><ele>711.5</ele></trkpt>
    <trkpt lat="37.789667" lon="-3.623223"><ele>712.2</ele></trkpt>
    <trkpt lat="37.789587" lon="-3.623118"><ele>712.7</ele></trkpt>
    <trkpt lat="37.789445" lon="-3.623037"><ele>713.3</ele></trkpt>
    <trkpt lat="37.789362" lon="-3.622869"><ele>714</ele></trkpt>
    <trkpt lat="37.789367" lon="-3.622672"><ele>714.8</ele></trkpt>
    <trkpt lat="37.789458" lon="-3.622511"><ele>715.6</ele></trkpt>
    <trkpt lat="37.789503" lon="-3.622184"><ele>716.9</ele></trkpt>
    <trkpt lat="37.789267" lon="-3.620904"><ele>722.9</ele></trkpt>
    <trkpt lat="37.789241" lon="-3.620764"><ele>723.4</ele></trkpt>
    <trkpt lat="37.789191" lon="-3.620495"><ele>724.3</ele></trkpt>
    <trkpt lat="37.788882" lon="-3.618713"><ele>730.2</ele></trkpt>
    <trkpt lat="37.788769" lon="-3.618062"><ele>732.3</ele></trkpt>
    <trkpt lat="37.788633" lon="-3.617288"><ele>735</ele></trkpt>
    <trkpt lat="37.788587" lon="-3.617022"><ele>736.1</ele></trkpt>
    <trkpt lat="37.788562" lon="-3.61698"><ele>736.3</ele></trkpt>
    <trkpt lat="37.788537" lon="-3.616815"><ele>736.9</ele></trkpt>
    <trkpt lat="37.78852" lon="-3.616796"><ele>737</ele></trkpt>
    <trkpt lat="37.788492" lon="-3.616707"><ele>737.4</ele></trkpt>
    <trkpt lat="37.788505" lon="-3.616634"><ele>737.7</ele></trkpt>
    <trkpt lat="37.788545" lon="-3.616579"><ele>738</ele></trkpt>
    <trkpt lat="37.788548" lon="-3.616323"><ele>739.1</ele></trkpt>
    <trkpt lat="37.788604" lon="-3.615737"><ele>741.8</ele></trkpt>
    <trkpt lat="37.788661" lon="-3.615135"><ele>744.9</ele></trkpt>
    <trkpt lat="37.788723" lon="-3.61441"><ele>748.4</ele></trkpt>
    <trkpt lat="37.78878" lon="-3.613714"><ele>751.2</ele></trkpt>
    <trkpt lat="37.788822" lon="-3.61318"><ele>752.7</ele></trkpt>
    <trkpt lat="37.788884" lon="-3.61249"><ele>754.2</ele></trkpt>
    <trkpt lat="37.788923" lon="-3.612367"><ele>754.5</ele></trkpt>
    <trkpt lat="37.788945" lon="-3.612056"><ele>755.1</ele></trkpt>
    <trkpt lat="37.78915" lon="-3.609066"><ele>762</ele></trkpt>
    <trkpt lat="37.789126" lon="-3.608913"><ele>762.3</ele></trkpt>
    <trkpt lat="37.789126" lon="-3.608913"><ele>762.2</ele></trkpt>
    <trkpt lat="37.789257" lon="-3.608623"><ele>762.8</ele></trkpt>
    <trkpt lat="37.789257" lon="-3.608623"><ele>762.7</ele></trkpt>
    <trkpt lat="37.789257" lon="-3.608623"><ele>762.7</ele></trkpt>
    <trkpt lat="37.789315" lon="-3.60842"><ele>762.9</ele></trkpt>
    <trkpt lat="37.789315" lon="-3.60842"><ele>762.8</ele></trkpt>
    <trkpt lat="37.789315" lon="-3.60842"><ele>762.8</ele></trkpt>
    <trkpt lat="37.789219" lon="-3.608338"><ele>763</ele></trkpt>
    <trkpt lat="37.789212" lon="-3.608301"><ele>762.9</ele></trkpt>
    <trkpt lat="37.789774" lon="-3.604558"><ele>758.7</ele></trkpt>
    <trkpt lat="37.789657" lon="-3.602946"><ele>752.1</ele></trkpt>
    <trkpt lat="37.789698" lon="-3.602299"><ele>747.8</ele></trkpt>
    <trkpt lat="37.789961" lon="-3.601692"><ele>744</ele></trkpt>
    <trkpt lat="37.790315" lon="-3.601303"><ele>742</ele></trkpt>
    <trkpt lat="37.790744" lon="-3.601096"><ele>741.2</ele></trkpt>
    <trkpt lat="37.79133" lon="-3.601093"><ele>742.4</ele></trkpt>
    <trkpt lat="37.79487" lon="-3.60199"><ele>751.9</ele></trkpt>
    <trkpt lat="37.795519" lon="-3.601726"><ele>753</ele></trkpt>
    <trkpt lat="37.795952" lon="-3.601141"><ele>752.8</ele></trkpt>
    <trkpt lat="37.796532" lon="-3.598308"><ele>743.7</ele></trkpt>
    <trkpt lat="37.797005" lon="-3.596985"><ele>736.7</ele></trkpt>
    <trkpt lat="37.799077" lon="-3.594285"><ele>723.2</ele></trkpt>
    <trkpt lat="37.800061" lon="-3.593283"><ele>721.2</ele></trkpt>
    <trkpt lat="37.800854" lon="-3.59314"><ele>721.9</ele></trkpt>
    <trkpt lat="37.80184" lon="-3.593166"><ele>724.3</ele></trkpt>
    <trkpt lat="37.802438" lon="-3.592855"><ele>725.9</ele></trkpt>
    <trkpt lat="37.802804" lon="-3.592557"><ele>726.9</ele></trkpt>
    <trkpt lat="37.803461" lon="-3.590916"><ele>729.2</ele></trkpt>
    <trkpt lat="37.805002" lon="-3.58909"><ele>729.6</ele></trkpt>
    <trkpt lat="37.809237" lon="-3.587096"><ele>721</ele></trkpt>
    <trkpt lat="37.810202" lon="-3.586288"><ele>714.2</ele></trkpt>
    <trkpt lat="37.810929" lon="-3.585272"><ele>704.9</ele></trkpt>
    <trkpt lat="37.812195" lon="-3.58275"><ele>686.4</ele></trkpt>
    <trkpt lat="37.812847" lon="-3.581805"><ele>680.1</ele></trkpt>
    <trkpt lat="37.816196" lon="-3.579051"><ele>663</ele></trkpt>
    <trkpt lat="37.817167" lon="-3.577955"><ele>659.4</ele></trkpt>
    <trkpt lat="37.818277" lon="-3.576304"><ele>654.6</ele></trkpt>
    <trkpt lat="37.822399" lon="-3.572678"><ele>633.8</ele></trkpt>
    <trkpt lat="37.82307" lon="-3.57185"><ele>631.3</ele></trkpt>
    <trkpt lat="37.824641" lon="-3.569119"><ele>626.8</ele></trkpt>
    <trkpt lat="37.825614" lon="-3.567987"><ele>624.7</ele></trkpt>
    <trkpt lat="37.831272" lon="-3.564344"><ele>617</ele></trkpt>
    <trkpt lat="37.832253" lon="-3.563478"><ele>617.5</ele></trkpt>
    <trkpt lat="37.832661" lon="-3.562951"><ele>617.3</ele></trkpt>
    <trkpt lat="37.833141" lon="-3.56233"><ele>616.6</ele></trkpt>
    <trkpt lat="37.833659" lon="-3.560392"><ele>613.9</ele></trkpt>
    <trkpt lat="37.833236" lon="-3.556664"><ele>611.4</ele></trkpt>
    <trkpt lat="37.833675" lon="-3.552446"><ele>616.6</ele></trkpt>
    <trkpt lat="37.83358" lon="-3.549278"><ele>609.4</ele></trkpt>
    <trkpt lat="37.833902" lon="-3.547811"><ele>603.5</ele></trkpt>
    <trkpt lat="37.835555" lon="-3.544307"><ele>594.8</ele></trkpt>
    <trkpt lat="37.836414" lon="-3.541254"><ele>583.1</ele></trkpt>
    <trkpt lat="37.836502" lon="-3.540591"><ele>578.5</ele></trkpt>
    <trkpt lat="37.836305" lon="-3.539759"><ele>571.7</ele></trkpt>
    <trkpt lat="37.835982" lon="-3.539197"><ele>566.7</ele></trkpt>
    <trkpt lat="37.835803" lon="-3.538756"><ele>564.2</ele></trkpt>
    <trkpt lat="37.835749" lon="-3.538495"><ele>563.4</ele></trkpt>
    <trkpt lat="37.835726" lon="-3.538251"><ele>563</ele></trkpt>
    <trkpt lat="37.83573" lon="-3.538021"><ele>562.9</ele></trkpt>
    <trkpt lat="37.835805" lon="-3.537608"><ele>563.2</ele></trkpt>
    <trkpt lat="37.835985" lon="-3.537195"><ele>564.4</ele></trkpt>
    <trkpt lat="37.836225" lon="-3.536873"><ele>565.9</ele></trkpt>
    <trkpt lat="37.836533" lon="-3.536633"><ele>567.6</ele></trkpt>
    <trkpt lat="37.836858" lon="-3.53651"><ele>569.3</ele></trkpt>
    <trkpt lat="37.837044" lon="-3.536481"><ele>570.1</ele></trkpt>
    <trkpt lat="37.837395" lon="-3.536535"><ele>571.4</ele></trkpt>
    <trkpt lat="37.837702" lon="-3.536675"><ele>572.6</ele></trkpt>
    <trkpt lat="37.837949" lon="-3.536866"><ele>573.8</ele></trkpt>
    <trkpt lat="37.838322" lon="-3.537269"><ele>576.7</ele></trkpt>
    <trkpt lat="37.838546" lon="-3.537449"><ele>578.7</ele></trkpt>
    <trkpt lat="37.838796" lon="-3.537557"><ele>581.1</ele></trkpt>
    <trkpt lat="37.839148" lon="-3.537569"><ele>584.7</ele></trkpt>
    <trkpt lat="37.839381" lon="-3.537478"><ele>587.3</ele></trkpt>
    <trkpt lat="37.839492" lon="-3.537408"><ele>588.7</ele></trkpt>
    <trkpt lat="37.839722" lon="-3.537172"><ele>591.8</ele></trkpt>
    <trkpt lat="37.839875" lon="-3.536896"><ele>594.4</ele></trkpt>
    <trkpt lat="37.839934" lon="-3.536713"><ele>595.7</ele></trkpt>
    <trkpt lat="37.839982" lon="-3.536381"><ele>597.9</ele></trkpt>
    <trkpt lat="37.83986" lon="-3.535569"><ele>602</ele></trkpt>
    <trkpt lat="37.839718" lon="-3.534776"><ele>604.9</ele></trkpt>
    <trkpt lat="37.839571" lon="-3.533961"><ele>607.9</ele></trkpt>
    <trkpt lat="37.839571" lon="-3.533859"><ele>608.3</ele></trkpt>
    <trkpt lat="37.839496" lon="-3.533312"><ele>610.4</ele></trkpt>
    <trkpt lat="37.83946" lon="-3.532575"><ele>613.3</ele></trkpt>
    <trkpt lat="37.839505" lon="-3.531771"><ele>616.4</ele></trkpt>
    <trkpt lat="37.839659" lon="-3.530638"><ele>621.2</ele></trkpt>
    <trkpt lat="37.83974" lon="-3.529833"><ele>624.7</ele></trkpt>
    <trkpt lat="37.839704" lon="-3.529473"><ele>626.3</ele></trkpt>
    <trkpt lat="37.839627" lon="-3.529382"><ele>627</ele></trkpt>
    <trkpt lat="37.839476" lon="-3.529294"><ele>627.9</ele></trkpt>
    <trkpt lat="37.839409" lon="-3.529295"><ele>628.3</ele></trkpt>
    <trkpt lat="37.837846" lon="-3.529931"><ele>637.9</ele></trkpt>
    <trkpt lat="37.83744" lon="-3.530026"><ele>640.2</ele></trkpt>
    <trkpt lat="37.836387" lon="-3.530148"><ele>645.7</ele></trkpt>
    <trkpt lat="37.836078" lon="-3.53011"><ele>647.2</ele></trkpt>
    <trkpt lat="37.835662" lon="-3.529851"><ele>649.3</ele></trkpt>
    <trkpt lat="37.835417" lon="-3.529625"><ele>650.8</ele></trkpt>
    <trkpt lat="37.834874" lon="-3.528831"><ele>655</ele></trkpt>
    <trkpt lat="37.834656" lon="-3.528576"><ele>656.4</ele></trkpt>
    <trkpt lat="37.834424" lon="-3.528385"><ele>657.7</ele></trkpt>
    <trkpt lat="37.830449" lon="-3.525917"><ele>673</ele></trkpt>
    <trkpt lat="37.830147" lon="-3.525858"><ele>674.2</ele></trkpt>
    <trkpt lat="37.829946" lon="-3.525909"><ele>675.1</ele></trkpt>
    <trkpt lat="37.829647" lon="-3.526151"><ele>676.6</ele></trkpt>
    <trkpt lat="37.829503" lon="-3.526465"><ele>678</ele></trkpt>
    <trkpt lat="37.829402" lon="-3.527251"><ele>681</ele></trkpt>
    <trkpt lat="37.829234" lon="-3.527612"><ele>682.5</ele></trkpt>
    <trkpt lat="37.828808" lon="-3.527952"><ele>684.7</ele></trkpt>
    <trkpt lat="37.828231" lon="-3.528283"><ele>687.6</ele></trkpt>
    <trkpt lat="37.827261" lon="-3.528661"><ele>693.9</ele></trkpt>
    <trkpt lat="37.826684" lon="-3.528687"><ele>697.9</ele></trkpt>
    <trkpt lat="37.826476" lon="-3.528572"><ele>699.1</ele></trkpt>
    <trkpt lat="37.826175" lon="-3.528164"><ele>700.8</ele></trkpt>
    <trkpt lat="37.825909" lon="-3.527892"><ele>701.3</ele></trkpt>
    <trkpt lat="37.824497" lon="-3.527213"><ele>697.5</ele></trkpt>
    <trkpt lat="37.823584" lon="-3.527022"><ele>696</ele></trkpt>
    <trkpt lat="37.823115" lon="-3.526954"><ele>696.4</ele></trkpt>
    <trkpt lat="37.822662" lon="-3.526975"><ele>697.4</ele></trkpt>
    <trkpt lat="37.822303" lon="-3.527111"><ele>698.4</ele></trkpt>
    <trkpt lat="37.822085" lon="-3.527429"><ele>699.3</ele></trkpt>
    <trkpt lat="37.82189" lon="-3.527858"><ele>700.2</ele></trkpt>
    <trkpt lat="37.821152" lon="-3.531821"><ele>700.5</ele></trkpt>
    <trkpt lat="37.820679" lon="-3.532527"><ele>701.3</ele></trkpt>
    <trkpt lat="37.820444" lon="-3.53276"><ele>702.1</ele></trkpt>
    <trkpt lat="37.81985" lon="-3.532985"><ele>704.6</ele></trkpt>
    <trkpt lat="37.819494" lon="-3.532977"><ele>706.5</ele></trkpt>
    <trkpt lat="37.818894" lon="-3.53279"><ele>710.4</ele></trkpt>
    <trkpt lat="37.818424" lon="-3.532701"><ele>713.6</ele></trkpt>
    <trkpt lat="37.817867" lon="-3.532849"><ele>717.3</ele></trkpt>
    <trkpt lat="37.81734" lon="-3.532811"><ele>720.1</ele></trkpt>
    <trkpt lat="37.817085" lon="-3.532854"><ele>721.3</ele></trkpt>
    <trkpt lat="37.816904" lon="-3.533045"><ele>722.3</ele></trkpt>
    <trkpt lat="37.816813" lon="-3.533342"><ele>723.3</ele></trkpt>
    <trkpt lat="37.81687" lon="-3.533933"><ele>725.1</ele></trkpt>
    <trkpt lat="37.816867" lon="-3.534328"><ele>726.2</ele></trkpt>
    <trkpt lat="37.816769" lon="-3.534791"><ele>727.5</ele></trkpt>
    <trkpt lat="37.816773" lon="-3.535079"><ele>728.3</ele></trkpt>
    <trkpt lat="37.816921" lon="-3.535568"><ele>729.6</ele></trkpt>
    <trkpt lat="37.816894" lon="-3.535797"><ele>730.2</ele></trkpt>
    <trkpt lat="37.816699" lon="-3.536014"><ele>730.9</ele></trkpt>
    <trkpt lat="37.815958" lon="-3.536277"><ele>733.1</ele></trkpt>
    <trkpt lat="37.815766" lon="-3.53629"><ele>733.6</ele></trkpt>
    <trkpt lat="37.815135" lon="-3.536082"><ele>735.7</ele></trkpt>
    <trkpt lat="37.813649" lon="-3.535818"><ele>742.3</ele></trkpt>
    <trkpt lat="37.813424" lon="-3.535666"><ele>743.6</ele></trkpt>
    <trkpt lat="37.813249" lon="-3.535449"><ele>744.9</ele></trkpt>
    <trkpt lat="37.812914" lon="-3.534612"><ele>748.4</ele></trkpt>
    <trkpt lat="37.812699" lon="-3.534336"><ele>749.6</ele></trkpt>
    <trkpt lat="37.812508" lon="-3.534264"><ele>750.3</ele></trkpt>
    <trkpt lat="37.812317" lon="-3.534404"><ele>751.1</ele></trkpt>
    <trkpt lat="37.812119" lon="-3.534956"><ele>752.3</ele></trkpt>
    <trkpt lat="37.811904" lon="-3.535075"><ele>752.8</ele></trkpt>
    <trkpt lat="37.811692" lon="-3.53499"><ele>753.3</ele></trkpt>
    <trkpt lat="37.811498" lon="-3.534549"><ele>753.9</ele></trkpt>
    <trkpt lat="37.811357" lon="-3.534349"><ele>754.2</ele></trkpt>
    <trkpt lat="37.811139" lon="-3.534328"><ele>754.5</ele></trkpt>
    <trkpt lat="37.810941" lon="-3.534493"><ele>754.9</ele></trkpt>
    <trkpt lat="37.810934" lon="-3.534517"><ele>754.9</ele></trkpt>
    <trkpt lat="37.810729" lon="-3.535258"><ele>755.7</ele></trkpt>
    <trkpt lat="37.810592" lon="-3.535496"><ele>756.1</ele></trkpt>
    <trkpt lat="37.810364" lon="-3.535559"><ele>756.5</ele></trkpt>
    <trkpt lat="37.810088" lon="-3.535372"><ele>757.2</ele></trkpt>
    <trkpt lat="37.809558" lon="-3.534345"><ele>760</ele></trkpt>
    <trkpt lat="37.809296" lon="-3.534009"><ele>760.7</ele></trkpt>
    <trkpt lat="37.808951" lon="-3.53386"><ele>761.2</ele></trkpt>
    <trkpt lat="37.808571" lon="-3.533924"><ele>761.6</ele></trkpt>
    <trkpt lat="37.808226" lon="-3.533839"><ele>761.9</ele></trkpt>
    <trkpt lat="37.807967" lon="-3.533542"><ele>762.3</ele></trkpt>
    <trkpt lat="37.807514" lon="-3.532289"><ele>766.5</ele></trkpt>
    <trkpt lat="37.807263" lon="-3.531855"><ele>769.2</ele></trkpt>
    <trkpt lat="37.807038" lon="-3.531218"><ele>772.6</ele></trkpt>
    <trkpt lat="37.806927" lon="-3.530993"><ele>773.9</ele></trkpt>
    <trkpt lat="37.80679" lon="-3.530951"><ele>774.7</ele></trkpt>
    <trkpt lat="37.806645" lon="-3.531061"><ele>775.6</ele></trkpt>
    <trkpt lat="37.806313" lon="-3.531911"><ele>779.1</ele></trkpt>
    <trkpt lat="37.806102" lon="-3.531974"><ele>779.8</ele></trkpt>
    <trkpt lat="37.805558" lon="-3.531813"><ele>781.2</ele></trkpt>
    <trkpt lat="37.805041" lon="-3.53183"><ele>782.3</ele></trkpt>
    <trkpt lat="37.804752" lon="-3.531809"><ele>782.8</ele></trkpt>
    <trkpt lat="37.804511" lon="-3.531622"><ele>783.3</ele></trkpt>
    <trkpt lat="37.803997" lon="-3.530428"><ele>784.9</ele></trkpt>
    <trkpt lat="37.803819" lon="-3.530131"><ele>785</ele></trkpt>
    <trkpt lat="37.803546" lon="-3.53003"><ele>784.9</ele></trkpt>
    <trkpt lat="37.803198" lon="-3.530248"><ele>784.2</ele></trkpt>
    <trkpt lat="37.802782" lon="-3.530842"><ele>783.2</ele></trkpt>
    <trkpt lat="37.802535" lon="-3.530959"><ele>782.9</ele></trkpt>
    <trkpt lat="37.802312" lon="-3.530795"><ele>782.6</ele></trkpt>
    <trkpt lat="37.801969" lon="-3.529876"><ele>782.8</ele></trkpt>
    <trkpt lat="37.801721" lon="-3.529796"><ele>783.1</ele></trkpt>
    <trkpt lat="37.801318" lon="-3.529988"><ele>783.5</ele></trkpt>
    <trkpt lat="37.800874" lon="-3.529881"><ele>783.5</ele></trkpt>
    <trkpt lat="37.800588" lon="-3.529504"><ele>783.4</ele></trkpt>
    <trkpt lat="37.800555" lon="-3.529058"><ele>783.4</ele></trkpt>
    <trkpt lat="37.800622" lon="-3.528665"><ele>783.6</ele></trkpt>
    <trkpt lat="37.800651" lon="-3.527779"><ele>784.8</ele></trkpt>
    <trkpt lat="37.800542" lon="-3.527147"><ele>786.3</ele></trkpt>
    <trkpt lat="37.800769" lon="-3.524503"><ele>794.7</ele></trkpt>
    <trkpt lat="37.800769" lon="-3.524333"><ele>795.2</ele></trkpt>
    <trkpt lat="37.800622" lon="-3.524184"><ele>796</ele></trkpt>
    <trkpt lat="37.799766" lon="-3.524073"><ele>799.9</ele></trkpt>
    <trkpt lat="37.799518" lon="-3.523977"><ele>801.2</ele></trkpt>
    <trkpt lat="37.799384" lon="-3.523674"><ele>802.6</ele></trkpt>
    <trkpt lat="37.799132" lon="-3.523462"><ele>804.1</ele></trkpt>
    <trkpt lat="37.798784" lon="-3.523457"><ele>805.8</ele></trkpt>
    <trkpt lat="37.797933" lon="-3.523797"><ele>809.5</ele></trkpt>
    <trkpt lat="37.797572" lon="-3.52385"><ele>810.6</ele></trkpt>
    <trkpt lat="37.797282" lon="-3.5236"><ele>811.5</ele></trkpt>
    <trkpt lat="37.796909" lon="-3.523499"><ele>812.4</ele></trkpt>
    <trkpt lat="37.795944" lon="-3.522623"><ele>815</ele></trkpt>
    <trkpt lat="37.795466" lon="-3.522321"><ele>816.1</ele></trkpt>
    <trkpt lat="37.794824" lon="-3.522411"><ele>818</ele></trkpt>
    <trkpt lat="37.794584" lon="-3.522384"><ele>818.8</ele></trkpt>
    <trkpt lat="37.793833" lon="-3.521885"><ele>821.8</ele></trkpt>
    <trkpt lat="37.793296" lon="-3.521694"><ele>824.4</ele></trkpt>
    <trkpt lat="37.792978" lon="-3.52145"><ele>826.3</ele></trkpt>
    <trkpt lat="37.792789" lon="-3.52094"><ele>828.6</ele></trkpt>
    <trkpt lat="37.792852" lon="-3.520069"><ele>832.5</ele></trkpt>
    <trkpt lat="37.792482" lon="-3.519443"><ele>836.1</ele></trkpt>
    <trkpt lat="37.791014" lon="-3.517967"><ele>845.7</ele></trkpt>
    <trkpt lat="37.790368" lon="-3.51742"><ele>847.8</ele></trkpt>
    <trkpt lat="37.789738" lon="-3.517314"><ele>848.5</ele></trkpt>
    <trkpt lat="37.789472" lon="-3.516992"><ele>848.3</ele></trkpt>
    <trkpt lat="37.789365" lon="-3.516862"><ele>848</ele></trkpt>
    <trkpt lat="37.788857" lon="-3.516708"><ele>847</ele></trkpt>
    <trkpt lat="37.787926" lon="-3.515646"><ele>841.8</ele></trkpt>
    <trkpt lat="37.787394" lon="-3.514543"><ele>836.9</ele></trkpt>
    <trkpt lat="37.787274" lon="-3.514031"><ele>835.5</ele></trkpt>
    <trkpt lat="37.787067" lon="-3.513464"><ele>834.7</ele></trkpt>
    <trkpt lat="37.787013" lon="-3.512766"><ele>834</ele></trkpt>
    <trkpt lat="37.786848" lon="-3.51242"><ele>833.3</ele></trkpt>
    <trkpt lat="37.786618" lon="-3.512237"><ele>832.3</ele></trkpt>
    <trkpt lat="37.786828" lon="-3.512743"><ele>829.8</ele></trkpt>
    <trkpt lat="37.786861" lon="-3.512967"><ele>828.4</ele></trkpt>
    <trkpt lat="37.786782" lon="-3.513374"><ele>825.4</ele></trkpt>
    <trkpt lat="37.786859" lon="-3.514197"><ele>819</ele></trkpt>
    <trkpt lat="37.786887" lon="-3.514788"><ele>814.9</ele></trkpt>
    <trkpt lat="37.787156" lon="-3.515415"><ele>811</ele></trkpt>
    <trkpt lat="37.787378" lon="-3.516599"><ele>806</ele></trkpt>
    <trkpt lat="37.787559" lon="-3.517794"><ele>801</ele></trkpt>
    <trkpt lat="37.787668" lon="-3.518086"><ele>799.6</ele></trkpt>
    <trkpt lat="37.787596" lon="-3.518654"><ele>796.6</ele></trkpt>
    <trkpt lat="37.787676" lon="-3.518919"><ele>794.9</ele></trkpt>
    <trkpt lat="37.788033" lon="-3.519318"><ele>790.8</ele></trkpt>
    <trkpt lat="37.788012" lon="-3.519477"><ele>789.7</ele></trkpt>
    <trkpt lat="37.787886" lon="-3.519514"><ele>788.6</ele></trkpt>
    <trkpt lat="37.787533" lon="-3.519334"><ele>785.4</ele></trkpt>
    <trkpt lat="37.787307" lon="-3.518861"><ele>782</ele></trkpt>
    <trkpt lat="37.787059" lon="-3.517921"><ele>777.7</ele></trkpt>
    <trkpt lat="37.786837" lon="-3.517502"><ele>776.9</ele></trkpt>
    <trkpt lat="37.786493" lon="-3.517364"><ele>776.8</ele></trkpt>
    <trkpt lat="37.786191" lon="-3.517464"><ele>777.2</ele></trkpt>
    <trkpt lat="37.786094" lon="-3.517613"><ele>777.5</ele></trkpt>
    <trkpt lat="37.785939" lon="-3.518149"><ele>778.8</ele></trkpt>
    <trkpt lat="37.78596" lon="-3.519174"><ele>783</ele></trkpt>
    <trkpt lat="37.786048" lon="-3.520103"><ele>788.5</ele></trkpt>
    <trkpt lat="37.785851" lon="-3.520772"><ele>793.9</ele></trkpt>
    <trkpt lat="37.785473" lon="-3.52125"><ele>798.6</ele></trkpt>
    <trkpt lat="37.785158" lon="-3.521574"><ele>801.3</ele></trkpt>
    <trkpt lat="37.785074" lon="-3.52185"><ele>802.4</ele></trkpt>
    <trkpt lat="37.785137" lon="-3.522063"><ele>803.1</ele></trkpt>
    <trkpt lat="37.785998" lon="-3.522599"><ele>807.6</ele></trkpt>
    <trkpt lat="37.786191" lon="-3.52296"><ele>810.4</ele></trkpt>
    <trkpt lat="37.786396" lon="-3.524112"><ele>822.3</ele></trkpt>
    <trkpt lat="37.786367" lon="-3.525254"><ele>832.2</ele></trkpt>
    <trkpt lat="37.786447" lon="-3.525747"><ele>834.8</ele></trkpt>
    <trkpt lat="37.786656" lon="-3.526416"><ele>838.1</ele></trkpt>
    <trkpt lat="37.786623" lon="-3.526655"><ele>839.1</ele></trkpt>
    <trkpt lat="37.786182" lon="-3.527149"><ele>842.6</ele></trkpt>
    <trkpt lat="37.785784" lon="-3.52777"><ele>847.5</ele></trkpt>
    <trkpt lat="37.785737" lon="-3.527983"><ele>848.8</ele></trkpt>
    <trkpt lat="37.785721" lon="-3.528392"><ele>851.1</ele></trkpt>
    <trkpt lat="37.78562" lon="-3.528577"><ele>852.2</ele></trkpt>
    <trkpt lat="37.785284" lon="-3.528954"><ele>854.5</ele></trkpt>
    <trkpt lat="37.785192" lon="-3.529257"><ele>855.8</ele></trkpt>
    <trkpt lat="37.785209" lon="-3.529538"><ele>856.9</ele></trkpt>
    <trkpt lat="37.785297" lon="-3.530006"><ele>859</ele></trkpt>
    <trkpt lat="37.785242" lon="-3.530229"><ele>860.1</ele></trkpt>
    <trkpt lat="37.785053" lon="-3.530462"><ele>861.8</ele></trkpt>
    <trkpt lat="37.784571" lon="-3.530786"><ele>865.8</ele></trkpt>
    <trkpt lat="37.784101" lon="-3.531222"><ele>871.1</ele></trkpt>
    <trkpt lat="37.783581" lon="-3.531758"><ele>876.1</ele></trkpt>
    <trkpt lat="37.783337" lon="-3.532151"><ele>877.5</ele></trkpt>
    <trkpt lat="37.783266" lon="-3.532639"><ele>878.1</ele></trkpt>
    <trkpt lat="37.783354" lon="-3.532979"><ele>878.1</ele></trkpt>
    <trkpt lat="37.783564" lon="-3.533223"><ele>878.1</ele></trkpt>
    <trkpt lat="37.783832" lon="-3.533388"><ele>878</ele></trkpt>
    <trkpt lat="37.784214" lon="-3.53352"><ele>878.2</ele></trkpt>
    <trkpt lat="37.784353" lon="-3.533738"><ele>878.4</ele></trkpt>
    <trkpt lat="37.784432" lon="-3.534152"><ele>879.2</ele></trkpt>
    <trkpt lat="37.784542" lon="-3.535028"><ele>881.8</ele></trkpt>
    <trkpt lat="37.784651" lon="-3.535262"><ele>883</ele></trkpt>
    <trkpt lat="37.784848" lon="-3.535448"><ele>884.5</ele></trkpt>
    <trkpt lat="37.785204" lon="-3.535602"><ele>887.1</ele></trkpt>
    <trkpt lat="37.785431" lon="-3.535836"><ele>889.2</ele></trkpt>
    <trkpt lat="37.7857" lon="-3.53626"><ele>892.4</ele></trkpt>
    <trkpt lat="37.78591" lon="-3.536377"><ele>894.3</ele></trkpt>
    <trkpt lat="37.786795" lon="-3.536595"><ele>902.1</ele></trkpt>
    <trkpt lat="37.78703" lon="-3.536754"><ele>904.5</ele></trkpt>
    <trkpt lat="37.787181" lon="-3.537088"><ele>907.3</ele></trkpt>
    <trkpt lat="37.787131" lon="-3.537381"><ele>909.7</ele></trkpt>
    <trkpt lat="37.786929" lon="-3.537572"><ele>912.5</ele></trkpt>
    <trkpt lat="37.785691" lon="-3.538278"><ele>926.7</ele></trkpt>
    <trkpt lat="37.78549" lon="-3.538464"><ele>928.8</ele></trkpt>
    <trkpt lat="37.78546" lon="-3.538644"><ele>930</ele></trkpt>
    <trkpt lat="37.785502" lon="-3.538878"><ele>931.6</ele></trkpt>
    <trkpt lat="37.785654" lon="-3.539064"><ele>933.3</ele></trkpt>
    <trkpt lat="37.786182" lon="-3.53952"><ele>938.4</ele></trkpt>
    <trkpt lat="37.786358" lon="-3.539892"><ele>941.3</ele></trkpt>
    <trkpt lat="37.786363" lon="-3.540173"><ele>943</ele></trkpt>
    <trkpt lat="37.786124" lon="-3.540858"><ele>947.5</ele></trkpt>
    <trkpt lat="37.786094" lon="-3.54115"><ele>949.1</ele></trkpt>
    <trkpt lat="37.786048" lon="-3.542685"><ele>953.5</ele></trkpt>
    <trkpt lat="37.785956" lon="-3.543051"><ele>953.7</ele></trkpt>
    <trkpt lat="37.785737" lon="-3.543587"><ele>953.2</ele></trkpt>
    <trkpt lat="37.785541" lon="-3.543878"><ele>952.5</ele></trkpt>
    <trkpt lat="37.785263" lon="-3.544124"><ele>951.2</ele></trkpt>
    <trkpt lat="37.785053" lon="-3.544373"><ele>949.9</ele></trkpt>
    <trkpt lat="37.78494" lon="-3.544761"><ele>948.4</ele></trkpt>
    <trkpt lat="37.78494" lon="-3.545106"><ele>947</ele></trkpt>
    <trkpt lat="37.785066" lon="-3.545961"><ele>943.1</ele></trkpt>
    <trkpt lat="37.785116" lon="-3.546465"><ele>940.7</ele></trkpt>
    <trkpt lat="37.785158" lon="-3.548398"><ele>930.7</ele></trkpt>
    <trkpt lat="37.785049" lon="-3.548775"><ele>928.8</ele></trkpt>
    <trkpt lat="37.784886" lon="-3.548945"><ele>927.7</ele></trkpt>
    <trkpt lat="37.784718" lon="-3.548982"><ele>926.9</ele></trkpt>
    <trkpt lat="37.784462" lon="-3.548929"><ele>925.8</ele></trkpt>
    <trkpt lat="37.783795" lon="-3.548647"><ele>923.8</ele></trkpt>
    <trkpt lat="37.783585" lon="-3.548674"><ele>923.4</ele></trkpt>
    <trkpt lat="37.783509" lon="-3.548839"><ele>923.1</ele></trkpt>
    <trkpt lat="37.783543" lon="-3.549099"><ele>922.7</ele></trkpt>
    <trkpt lat="37.784113" lon="-3.550224"><ele>920</ele></trkpt>
    <trkpt lat="37.784369" lon="-3.551095"><ele>917.7</ele></trkpt>
    <trkpt lat="37.78439" lon="-3.551807"><ele>915.7</ele></trkpt>
    <trkpt lat="37.784239" lon="-3.552253"><ele>914.3</ele></trkpt>
    <trkpt lat="37.783975" lon="-3.552545"><ele>913.2</ele></trkpt>
    <trkpt lat="37.783841" lon="-3.552736"><ele>912.6</ele></trkpt>
    <trkpt lat="37.783899" lon="-3.552953"><ele>912.1</ele></trkpt>
    <trkpt lat="37.784118" lon="-3.553134"><ele>911.5</ele></trkpt>
    <trkpt lat="37.784349" lon="-3.553484"><ele>910.7</ele></trkpt>
    <trkpt lat="37.784386" lon="-3.553845"><ele>910.3</ele></trkpt>
    <trkpt lat="37.784416" lon="-3.555534"><ele>909.4</ele></trkpt>
    <trkpt lat="37.784491" lon="-3.555916"><ele>909.2</ele></trkpt>
    <trkpt lat="37.784713" lon="-3.556504"><ele>909.2</ele></trkpt>
    <trkpt lat="37.784761" lon="-3.556862"><ele>909.2</ele></trkpt>
    <trkpt lat="37.784732" lon="-3.557047"><ele>909.3</ele></trkpt>
    <trkpt lat="37.784677" lon="-3.557157"><ele>909.4</ele></trkpt>
    <trkpt lat="37.784588" lon="-3.557233"><ele>909.5</ele></trkpt>
    <trkpt lat="37.783471" lon="-3.557674"><ele>911.9</ele></trkpt>
    <trkpt lat="37.782787" lon="-3.557902"><ele>913.6</ele></trkpt>
    <trkpt lat="37.782578" lon="-3.558088"><ele>914.3</ele></trkpt>
    <trkpt lat="37.782498" lon="-3.558396"><ele>915</ele></trkpt>
    <trkpt lat="37.782586" lon="-3.559075"><ele>916.4</ele></trkpt>
    <trkpt lat="37.782515" lon="-3.559389"><ele>917.1</ele></trkpt>
    <trkpt lat="37.782406" lon="-3.559574"><ele>917.5</ele></trkpt>
    <trkpt lat="37.781696" lon="-3.560419"><ele>917.9</ele></trkpt>
    <trkpt lat="37.781596" lon="-3.560727"><ele>917.5</ele></trkpt>
    <trkpt lat="37.781201" lon="-3.563774"><ele>907.8</ele></trkpt>
    <trkpt lat="37.781738" lon="-3.56653"><ele>896.9</ele></trkpt>
    <trkpt lat="37.781705" lon="-3.566758"><ele>896</ele></trkpt>
    <trkpt lat="37.781591" lon="-3.566822"><ele>895.3</ele></trkpt>
    <trkpt lat="37.781424" lon="-3.56671"><ele>894.4</ele></trkpt>
    <trkpt lat="37.7805" lon="-3.565643"><ele>890.5</ele></trkpt>
    <trkpt lat="37.780173" lon="-3.564687"><ele>891.6</ele></trkpt>
    <trkpt lat="37.779938" lon="-3.564475"><ele>892.4</ele></trkpt>
    <trkpt lat="37.779733" lon="-3.564539"><ele>893.1</ele></trkpt>
    <trkpt lat="37.779602" lon="-3.564794"><ele>893.9</ele></trkpt>
    <trkpt lat="37.77917" lon="-3.566456"><ele>896.3</ele></trkpt>
    <trkpt lat="37.779296" lon="-3.567114"><ele>896.4</ele></trkpt>
    <trkpt lat="37.779283" lon="-3.567385"><ele>896.3</ele></trkpt>
    <trkpt lat="37.779141" lon="-3.568399"><ele>895.6</ele></trkpt>
    <trkpt lat="37.779197" lon="-3.569003"><ele>894.9</ele></trkpt>
    <trkpt lat="37.779254" lon="-3.569609"><ele>893.9</ele></trkpt>
    <trkpt lat="37.779518" lon="-3.570878"><ele>890.9</ele></trkpt>
    <trkpt lat="37.779527" lon="-3.571601"><ele>888.8</ele></trkpt>
    <trkpt lat="37.779254" lon="-3.573225"><ele>882.4</ele></trkpt>
    <trkpt lat="37.779254" lon="-3.573708"><ele>880.4</ele></trkpt>
    <trkpt lat="37.779355" lon="-3.574239"><ele>878.3</ele></trkpt>
    <trkpt lat="37.77977" lon="-3.576055"><ele>872.3</ele></trkpt>
    <trkpt lat="37.780018" lon="-3.577457"><ele>868.7</ele></trkpt>
    <trkpt lat="37.780165" lon="-3.579464"><ele>862.8</ele></trkpt>
    <trkpt lat="37.7804" lon="-3.58069"><ele>857.8</ele></trkpt>
    <trkpt lat="37.780349" lon="-3.582235"><ele>851.3</ele></trkpt>
    <trkpt lat="37.780223" lon="-3.582867"><ele>849.2</ele></trkpt>
    <trkpt lat="37.779951" lon="-3.583282"><ele>848</ele></trkpt>
    <trkpt lat="37.779632" lon="-3.583595"><ele>847.3</ele></trkpt>
    <trkpt lat="37.779162" lon="-3.583961"><ele>846.5</ele></trkpt>
    <trkpt lat="37.779032" lon="-3.584248"><ele>846.1</ele></trkpt>
    <trkpt lat="37.779002" lon="-3.58454"><ele>845.8</ele></trkpt>
    <trkpt lat="37.779057" lon="-3.584779"><ele>845.4</ele></trkpt>
    <trkpt lat="37.780811" lon="-3.590428"><ele>829.4</ele></trkpt>
    <trkpt lat="37.780861" lon="-3.590704"><ele>828.8</ele></trkpt>
    <trkpt lat="37.780832" lon="-3.59098"><ele>828.4</ele></trkpt>
    <trkpt lat="37.78071" lon="-3.591187"><ele>828</ele></trkpt>
    <trkpt lat="37.780442" lon="-3.591378"><ele>827.6</ele></trkpt>
    <trkpt lat="37.780198" lon="-3.591448"><ele>827.2</ele></trkpt>
    <trkpt lat="37.779439" lon="-3.59157"><ele>826</ele></trkpt>
    <trkpt lat="37.779199" lon="-3.591724"><ele>825.5</ele></trkpt>
    <trkpt lat="37.779036" lon="-3.591941"><ele>825</ele></trkpt>
    <trkpt lat="37.778998" lon="-3.592228"><ele>824.6</ele></trkpt>
    <trkpt lat="37.779157" lon="-3.592456"><ele>824.1</ele></trkpt>
    <trkpt lat="37.780232" lon="-3.592955"><ele>823.5</ele></trkpt>
    <trkpt lat="37.780475" lon="-3.593179"><ele>823.8</ele></trkpt>
    <trkpt lat="37.781558" lon="-3.594978"><ele>825.1</ele></trkpt>
    <trkpt lat="37.782406" lon="-3.596035"><ele>823.5</ele></trkpt>
    <trkpt lat="37.78275" lon="-3.596784"><ele>820.9</ele></trkpt>
    <trkpt lat="37.783035" lon="-3.597479"><ele>817.4</ele></trkpt>
    <trkpt lat="37.78337" lon="-3.598638"><ele>810.8</ele></trkpt>
    <trkpt lat="37.783436" lon="-3.598786"><ele>809.8</ele></trkpt>
    <trkpt lat="37.783863" lon="-3.599734"><ele>804.1</ele></trkpt>
    <trkpt lat="37.784015" lon="-3.600072"><ele>802.1</ele></trkpt>
    <trkpt lat="37.784424" lon="-3.601618"><ele>795</ele></trkpt>
    <trkpt lat="37.78465" lon="-3.602269"><ele>792.6</ele></trkpt>
    <trkpt lat="37.7851" lon="-3.603324"><ele>789.9</ele></trkpt>
    <trkpt lat="37.785184" lon="-3.60329"><ele>789.8</ele></trkpt>
    <trkpt lat="37.785225" lon="-3.603305"><ele>789.7</ele></trkpt>
    <trkpt lat="37.785298" lon="-3.603388"><ele>789.5</ele></trkpt>
    <trkpt lat="37.785298" lon="-3.603388"><ele>789.5</ele></trkpt>
    <trkpt lat="37.78531" lon="-3.603454"><ele>789.4</ele></trkpt>
    <trkpt lat="37.785327" lon="-3.603498"><ele>789.3</ele></trkpt>
    <trkpt lat="37.785389" lon="-3.603574"><ele>789.2</ele></trkpt>
    <trkpt lat="37.785584" lon="-3.603618"><ele>788.9</ele></trkpt>
    <trkpt lat="37.786071" lon="-3.60369"><ele>788.3</ele></trkpt>
    <trkpt lat="37.786557" lon="-3.603762"><ele>787.6</ele></trkpt>
    <trkpt lat="37.786864" lon="-3.603814"><ele>787.1</ele></trkpt>
    <trkpt lat="37.786938" lon="-3.60381"><ele>786.9</ele></trkpt>
    <trkpt lat="37.78795" lon="-3.603974"><ele>781.3</ele></trkpt>
    <trkpt lat="37.788865" lon="-3.604126"><ele>774.4</ele></trkpt>
    <trkpt lat="37.788875" lon="-3.604674"><ele>771.5</ele></trkpt>
    <trkpt lat="37.788923" lon="-3.605272"><ele>769.4</ele></trkpt>
    <trkpt lat="37.788912" lon="-3.605826"><ele>768.7</ele></trkpt>
    <trkpt lat="37.788918" lon="-3.606411"><ele>768.2</ele></trkpt>
    <trkpt lat="37.788877" lon="-3.607425"><ele>767.1</ele></trkpt>
    <trkpt lat="37.788833" lon="-3.608097"><ele>766.1</ele></trkpt>
    <trkpt lat="37.788806" lon="-3.608739"><ele>764.8</ele></trkpt>
    <trkpt lat="37.788802" lon="-3.608821"><ele>764.5</ele></trkpt>
    <trkpt lat="37.789001" lon="-3.608817"><ele>763.9</ele></trkpt>
    <trkpt lat="37.789001" lon="-3.608817"><ele>763.9</ele></trkpt>
    <trkpt lat="37.789047" lon="-3.608919"><ele>763.6</ele></trkpt>
    <trkpt lat="37.789047" lon="-3.608919"><ele>763.6</ele></trkpt>
    <trkpt lat="37.789126" lon="-3.608913"><ele>763.3</ele></trkpt>
    <trkpt lat="37.78915" lon="-3.609066"><ele>762.8</ele></trkpt>
    <trkpt lat="37.788945" lon="-3.612056"><ele>754.5</ele></trkpt>
    <trkpt lat="37.788923" lon="-3.612367"><ele>753.8</ele></trkpt>
    <trkpt lat="37.788923" lon="-3.612367"><ele>753.8</ele></trkpt>
    <trkpt lat="37.78883" lon="-3.613348"><ele>751.2</ele></trkpt>
    <trkpt lat="37.788737" lon="-3.614329"><ele>747.9</ele></trkpt>
    <trkpt lat="37.788644" lon="-3.61531"><ele>743.7</ele></trkpt>
    <trkpt lat="37.788551" lon="-3.616291"><ele>739.1</ele></trkpt>
    <trkpt lat="37.788548" lon="-3.616323"><ele>738.9</ele></trkpt>
    <trkpt lat="37.788545" lon="-3.616579"><ele>737.9</ele></trkpt>
    <trkpt lat="37.788545" lon="-3.616579"><ele>737.9</ele></trkpt>
    <trkpt lat="37.788492" lon="-3.616707"><ele>737.3</ele></trkpt>
    <trkpt lat="37.788492" lon="-3.616707"><ele>737.3</ele></trkpt>
    <trkpt lat="37.788492" lon="-3.616707"><ele>737.3</ele></trkpt>
    <trkpt lat="37.788391" lon="-3.616774"><ele>736.7</ele></trkpt>
    <trkpt lat="37.787669" lon="-3.616908"><ele>734.2</ele></trkpt>
    <trkpt lat="37.78702" lon="-3.616909"><ele>733.8</ele></trkpt>
    <trkpt lat="37.78671" lon="-3.616896"><ele>734.2</ele></trkpt>
    <trkpt lat="37.786422" lon="-3.616799"><ele>734.9</ele></trkpt>
    <trkpt lat="37.786367" lon="-3.616772"><ele>735</ele></trkpt>
    <trkpt lat="37.785663" lon="-3.616278"><ele>738.1</ele></trkpt>
    <trkpt lat="37.785355" lon="-3.616048"><ele>739.7</ele></trkpt>
    <trkpt lat="37.785216" lon="-3.615902"><ele>740.5</ele></trkpt>
    <trkpt lat="37.784876" lon="-3.615308"><ele>743.2</ele></trkpt>
    <trkpt lat="37.784791" lon="-3.61512"><ele>744.1</ele></trkpt>
    <trkpt lat="37.784487" lon="-3.614364"><ele>747.5</ele></trkpt>
    <trkpt lat="37.7842" lon="-3.613639"><ele>750.8</ele></trkpt>
    <trkpt lat="37.784143" lon="-3.613512"><ele>751.3</ele></trkpt>
    <trkpt lat="37.783949" lon="-3.613185"><ele>753.1</ele></trkpt>
    <trkpt lat="37.783832" lon="-3.612988"><ele>754.1</ele></trkpt>
    <trkpt lat="37.78365" lon="-3.612982"><ele>755</ele></trkpt>
    <trkpt lat="37.783617" lon="-3.612935"><ele>755.3</ele></trkpt>
    <trkpt lat="37.783565" lon="-3.612939"><ele>755.5</ele></trkpt>
    <trkpt lat="37.78353" lon="-3.612916"><ele>755.7</ele></trkpt>
    <trkpt lat="37.783134" lon="-3.613449"><ele>758.4</ele></trkpt>
    <trkpt lat="37.782689" lon="-3.614023"><ele>761.4</ele></trkpt>
    <trkpt lat="37.782489" lon="-3.614283"><ele>762.6</ele></trkpt>
    <trkpt lat="37.782209" lon="-3.614599"><ele>764.3</ele></trkpt>
    <trkpt lat="37.782005" lon="-3.614776"><ele>765.3</ele></trkpt>
    <trkpt lat="37.782012" lon="-3.614802"><ele>765.4</ele></trkpt>
    <trkpt lat="37.781974" lon="-3.61489"><ele>765.7</ele></trkpt>
    <trkpt lat="37.781918" lon="-3.614889"><ele>765.9</ele></trkpt>
    <trkpt lat="37.781891" lon="-3.614856"><ele>766.1</ele></trkpt>
    <trkpt lat="37.781292" lon="-3.615292"><ele>768.1</ele></trkpt>
    <trkpt lat="37.781062" lon="-3.615446"><ele>768.6</ele></trkpt>
    <trkpt lat="37.781072" lon="-3.615487"><ele>768.6</ele></trkpt>
    <trkpt lat="37.781032" lon="-3.61555"><ele>768.8</ele></trkpt>
    <trkpt lat="37.780973" lon="-3.615521"><ele>768.9</ele></trkpt>
    <trkpt lat="37.779423" lon="-3.616951"><ele>771</ele></trkpt>
    <trkpt lat="37.779311" lon="-3.617376"><ele>771.5</ele></trkpt>
    <trkpt lat="37.779233" lon="-3.617564"><ele>771.8</ele></trkpt>
    <trkpt lat="37.77782" lon="-3.618476"><ele>776.3</ele></trkpt>
    <trkpt lat="37.777088" lon="-3.619335"><ele>780.5</ele></trkpt>
    <trkpt lat="37.775841" lon="-3.620379"><ele>790.1</ele></trkpt>
    <trkpt lat="37.775287" lon="-3.620831"><ele>795.5</ele></trkpt>
    <trkpt lat="37.775116" lon="-3.621342"><ele>799.2</ele></trkpt>
    <trkpt lat="37.774691" lon="-3.623982"><ele>811.7</ele></trkpt>
    <trkpt lat="37.77438" lon="-3.625245"><ele>817.4</ele></trkpt>
    <trkpt lat="37.774203" lon="-3.625858"><ele>820.4</ele></trkpt>
    <trkpt lat="37.774065" lon="-3.625999"><ele>821.4</ele></trkpt>
    <trkpt lat="37.773459" lon="-3.625832"><ele>825.5</ele></trkpt>
    <trkpt lat="37.772628" lon="-3.626422"><ele>831.6</ele></trkpt>
    <trkpt lat="37.772489" lon="-3.626715"><ele>832.9</ele></trkpt>
    <trkpt lat="37.772415" lon="-3.627691"><ele>834.7</ele></trkpt>
    <trkpt lat="37.771133" lon="-3.629504"><ele>831.1</ele></trkpt>
    <trkpt lat="37.770934" lon="-3.630156"><ele>829</ele></trkpt>
    <trkpt lat="37.769712" lon="-3.631204"><ele>825.7</ele></trkpt>
    <trkpt lat="37.769288" lon="-3.631669"><ele>826.1</ele></trkpt>
    <trkpt lat="37.768822" lon="-3.632473"><ele>826.8</ele></trkpt>
    <trkpt lat="37.767759" lon="-3.633286"><ele>827.2</ele></trkpt>
    <trkpt lat="37.767099" lon="-3.633522"><ele>828.2</ele></trkpt>
    <trkpt lat="37.766523" lon="-3.633492"><ele>828.7</ele></trkpt>
    <trkpt lat="37.766435" lon="-3.633998"><ele>828.5</ele></trkpt>
    <trkpt lat="37.766023" lon="-3.634422"><ele>827.3</ele></trkpt>
    <trkpt lat="37.765382" lon="-3.634878"><ele>825.1</ele></trkpt>
    <trkpt lat="37.765124" lon="-3.635215"><ele>824.4</ele></trkpt>
    <trkpt lat="37.764577" lon="-3.63553"><ele>823.1</ele></trkpt>
    <trkpt lat="37.764353" lon="-3.635737"><ele>822.8</ele></trkpt>
    <trkpt lat="37.764224" lon="-3.636172"><ele>822.8</ele></trkpt>
    <trkpt lat="37.76417" lon="-3.636354"><ele>822.9</ele></trkpt>
    <trkpt lat="37.76399" lon="-3.636653"><ele>823.1</ele></trkpt>
    <trkpt lat="37.762549" lon="-3.637375"><ele>826.3</ele></trkpt>
    <trkpt lat="37.762133" lon="-3.63767"><ele>828.2</ele></trkpt>
    <trkpt lat="37.761775" lon="-3.637866"><ele>829.8</ele></trkpt>
    <trkpt lat="37.761409" lon="-3.637863"><ele>831.3</ele></trkpt>
    <trkpt lat="37.760862" lon="-3.638847"><ele>836.1</ele></trkpt>
    <trkpt lat="37.759342" lon="-3.640281"><ele>847.6</ele></trkpt>
    <trkpt lat="37.758666" lon="-3.641636"><ele>858.6</ele></trkpt>
    <trkpt lat="37.758151" lon="-3.642366"><ele>865.2</ele></trkpt>
    <trkpt lat="37.75717" lon="-3.643081"><ele>874.3</ele></trkpt>
    <trkpt lat="37.756449" lon="-3.643524"><ele>879.9</ele></trkpt>
    <trkpt lat="37.755701" lon="-3.643856"><ele>885.7</ele></trkpt>
    <trkpt lat="37.755106" lon="-3.644196"><ele>891.5</ele></trkpt>
    <trkpt lat="37.753857" lon="-3.643859"><ele>908.9</ele></trkpt>
    <trkpt lat="37.753702" lon="-3.64385"><ele>911.2</ele></trkpt>
    <trkpt lat="37.753261" lon="-3.644135"><ele>917.7</ele></trkpt>
    <trkpt lat="37.752601" lon="-3.645023"><ele>925.6</ele></trkpt>
    <trkpt lat="37.752412" lon="-3.645113"><ele>926.2</ele></trkpt>
    <trkpt lat="37.752096" lon="-3.645036"><ele>926.7</ele></trkpt>
    <trkpt lat="37.750716" lon="-3.644565"><ele>923.2</ele></trkpt>
    <trkpt lat="37.750672" lon="-3.644511"><ele>923</ele></trkpt>
    <trkpt lat="37.750332" lon="-3.644093"><ele>920.6</ele></trkpt>
    <trkpt lat="37.749865" lon="-3.643678"><ele>917.2</ele></trkpt>
    <trkpt lat="37.749328" lon="-3.643489"><ele>913.2</ele></trkpt>
    <trkpt lat="37.748682" lon="-3.642844"><ele>905.7</ele></trkpt>
    <trkpt lat="37.748501" lon="-3.642765"><ele>903.7</ele></trkpt>
    <trkpt lat="37.748012" lon="-3.643039"><ele>898.3</ele></trkpt>
    <trkpt lat="37.747808" lon="-3.643118"><ele>896.2</ele></trkpt>
    <trkpt lat="37.747627" lon="-3.642929"><ele>894.3</ele></trkpt>
    <trkpt lat="37.747354" lon="-3.642152"><ele>890.4</ele></trkpt>
    <trkpt lat="37.747299" lon="-3.641994"><ele>889.9</ele></trkpt>
    <trkpt lat="37.747341" lon="-3.641511"><ele>889</ele></trkpt>
    <trkpt lat="37.747909" lon="-3.640083"><ele>885.1</ele></trkpt>
    <trkpt lat="37.748303" lon="-3.639899"><ele>881.9</ele></trkpt>
    <trkpt lat="37.748499" lon="-3.639156"><ele>875.7</ele></trkpt>
    <trkpt lat="37.748235" lon="-3.638879"><ele>871.6</ele></trkpt>
    <trkpt lat="37.747912" lon="-3.638408"><ele>865.8</ele></trkpt>
    <trkpt lat="37.747362" lon="-3.638182"><ele>859.6</ele></trkpt>
    <trkpt lat="37.747006" lon="-3.638158"><ele>856</ele></trkpt>
    <trkpt lat="37.746653" lon="-3.638284"><ele>852.6</ele></trkpt>
    <trkpt lat="37.746584" lon="-3.638309"><ele>851.9</ele></trkpt>
    <trkpt lat="37.746284" lon="-3.638416"><ele>849.2</ele></trkpt>
    <trkpt lat="37.745094" lon="-3.638832"><ele>839.3</ele></trkpt>
    <trkpt lat="37.744642" lon="-3.63906"><ele>835.7</ele></trkpt>
    <trkpt lat="37.744261" lon="-3.639252"><ele>832.9</ele></trkpt>
    <trkpt lat="37.743606" lon="-3.639865"><ele>827.9</ele></trkpt>
    <trkpt lat="37.743375" lon="-3.640082"><ele>825.9</ele></trkpt>
    <trkpt lat="37.743209" lon="-3.6401"><ele>824.8</ele></trkpt>
    <trkpt lat="37.742854" lon="-3.639755"><ele>821.8</ele></trkpt>
    <trkpt lat="37.742379" lon="-3.639292"><ele>817.6</ele></trkpt>
    <trkpt lat="37.741568" lon="-3.639275"><ele>811.9</ele></trkpt>
    <trkpt lat="37.740601" lon="-3.639911"><ele>807.3</ele></trkpt>
    <trkpt lat="37.740939" lon="-3.638945"><ele>804.8</ele></trkpt>
    <trkpt lat="37.741141" lon="-3.638485"><ele>803</ele></trkpt>
    <trkpt lat="37.741091" lon="-3.638438"><ele>802.7</ele></trkpt>
    <trkpt lat="37.74107" lon="-3.638364"><ele>802.4</ele></trkpt>
    <trkpt lat="37.741084" lon="-3.638288"><ele>802</ele></trkpt>
    <trkpt lat="37.74071" lon="-3.638231"><ele>799.4</ele></trkpt>
    <trkpt lat="37.738888" lon="-3.638339"><ele>781.9</ele></trkpt>
    <trkpt lat="37.737724" lon="-3.638673"><ele>771.6</ele></trkpt>
    <trkpt lat="37.736992" lon="-3.638883"><ele>765.7</ele></trkpt>
    <trkpt lat="37.735379" lon="-3.639345"><ele>752.5</ele></trkpt>
    <trkpt lat="37.73465" lon="-3.639974"><ele>745.1</ele></trkpt>
    <trkpt lat="37.734196" lon="-3.640946"><ele>738</ele></trkpt>
    <trkpt lat="37.733648" lon="-3.643109"><ele>726.4</ele></trkpt>
    <trkpt lat="37.731091" lon="-3.652351"><ele>694.6</ele></trkpt>
    <trkpt lat="37.730872" lon="-3.652925"><ele>691.9</ele></trkpt>
    <trkpt lat="37.730551" lon="-3.653482"><ele>688.3</ele></trkpt>
    <trkpt lat="37.730339" lon="-3.65374"><ele>686.1</ele></trkpt>
    <trkpt lat="37.730129" lon="-3.653949"><ele>684</ele></trkpt>
    <trkpt lat="37.729685" lon="-3.654321"><ele>679.4</ele></trkpt>
    <trkpt lat="37.727113" lon="-3.655321"><ele>657.4</ele></trkpt>
    <trkpt lat="37.725548" lon="-3.656435"><ele>640.7</ele></trkpt>
    <trkpt lat="37.724811" lon="-3.657082"><ele>631.4</ele></trkpt>
    <trkpt lat="37.724554" lon="-3.658099"><ele>622.5</ele></trkpt>
    <trkpt lat="37.724464" lon="-3.659221"><ele>613.8</ele></trkpt>
    <trkpt lat="37.72384" lon="-3.661346"><ele>599.7</ele></trkpt>
    <trkpt lat="37.722841" lon="-3.663225"><ele>588.5</ele></trkpt>
    <trkpt lat="37.722492" lon="-3.664269"><ele>584.9</ele></trkpt>
    <trkpt lat="37.722316" lon="-3.665378"><ele>582.9</ele></trkpt>
    <trkpt lat="37.722332" lon="-3.666508"><ele>581</ele></trkpt>
    <trkpt lat="37.722724" lon="-3.668725"><ele>573.6</ele></trkpt>
    <trkpt lat="37.722867" lon="-3.669846"><ele>567.6</ele></trkpt>
    <trkpt lat="37.722956" lon="-3.670285"><ele>564.7</ele></trkpt>
    <trkpt lat="37.72334" lon="-3.672193"><ele>552.7</ele></trkpt>
    <trkpt lat="37.723633" lon="-3.673514"><ele>545.4</ele></trkpt>
    <trkpt lat="37.723693" lon="-3.673949"><ele>543.1</ele></trkpt>
    <trkpt lat="37.723715" lon="-3.674737"><ele>538.8</ele></trkpt>
    <trkpt lat="37.723706" lon="-3.675352"><ele>534.7</ele></trkpt>
    <trkpt lat="37.723672" lon="-3.67558"><ele>533</ele></trkpt>
    <trkpt lat="37.723486" lon="-3.676087"><ele>528.5</ele></trkpt>
    <trkpt lat="37.723453" lon="-3.676235"><ele>527.1</ele></trkpt>
    <trkpt lat="37.723435" lon="-3.67658"><ele>524</ele></trkpt>
    <trkpt lat="37.723471" lon="-3.676913"><ele>521</ele></trkpt>
    <trkpt lat="37.723506" lon="-3.677068"><ele>519.6</ele></trkpt>
    <trkpt lat="37.723571" lon="-3.677216"><ele>518.2</ele></trkpt>
    <trkpt lat="37.723771" lon="-3.677493"><ele>515.2</ele></trkpt>
    <trkpt lat="37.723899" lon="-3.677602"><ele>513.8</ele></trkpt>
    <trkpt lat="37.724208" lon="-3.677757"><ele>511.2</ele></trkpt>
    <trkpt lat="37.724771" lon="-3.677943"><ele>507.6</ele></trkpt>
    <trkpt lat="37.725251" lon="-3.677984"><ele>505.5</ele></trkpt>
    <trkpt lat="37.725425" lon="-3.678061"><ele>504.8</ele></trkpt>
    <trkpt lat="37.72546" lon="-3.678074"><ele>504.6</ele></trkpt>
    <trkpt lat="37.725615" lon="-3.678102"><ele>504</ele></trkpt>
    <trkpt lat="37.725794" lon="-3.678212"><ele>503</ele></trkpt>
    <trkpt lat="37.725963" lon="-3.678358"><ele>502</ele></trkpt>
    <trkpt lat="37.726041" lon="-3.678467"><ele>501.4</ele></trkpt>
    <trkpt lat="37.726115" lon="-3.678559"><ele>500.9</ele></trkpt>
    <trkpt lat="37.726753" lon="-3.679683"><ele>495.3</ele></trkpt>
    <trkpt lat="37.727033" lon="-3.680057"><ele>493.4</ele></trkpt>
    <trkpt lat="37.727412" lon="-3.680441"><ele>491.5</ele></trkpt>
    <trkpt lat="37.728046" lon="-3.680944"><ele>489.7</ele></trkpt>
    <trkpt lat="37.730331" lon="-3.682511"><ele>487.6</ele></trkpt>
    <trkpt lat="37.731858" lon="-3.683544"><ele>486.2</ele></trkpt>
    <trkpt lat="37.732168" lon="-3.683725"><ele>486.3</ele></trkpt>
    <trkpt lat="37.732537" lon="-3.683835"><ele>486.5</ele></trkpt>
    <trkpt lat="37.732838" lon="-3.683839"><ele>486.7</ele></trkpt>
    <trkpt lat="37.734322" lon="-3.683658"><ele>485.1</ele></trkpt>
    <trkpt lat="37.735238" lon="-3.683574"><ele>481.6</ele></trkpt>
    <trkpt lat="37.735346" lon="-3.683702"><ele>480.9</ele></trkpt>
    <trkpt lat="37.736563" lon="-3.683629"><ele>474.8</ele></trkpt>
    <trkpt lat="37.73677" lon="-3.683658"><ele>474.2</ele></trkpt>
    <trkpt lat="37.736823" lon="-3.683757"><ele>474</ele></trkpt>
    <trkpt lat="37.737072" lon="-3.68443"><ele>474.5</ele></trkpt>
    <trkpt lat="37.737059" lon="-3.684603"><ele>474.9</ele></trkpt>
    <trkpt lat="37.73682" lon="-3.685285"><ele>477.8</ele></trkpt>
    <trkpt lat="37.73685" lon="-3.685523"><ele>479.3</ele></trkpt>
    <trkpt lat="37.736927" lon="-3.685639"><ele>480.3</ele></trkpt>
    <trkpt lat="37.73705" lon="-3.685697"><ele>481.5</ele></trkpt>
    <trkpt lat="37.737269" lon="-3.685673"><ele>483.7</ele></trkpt>
    <trkpt lat="37.738473" lon="-3.685159"><ele>493.4</ele></trkpt>
    <trkpt lat="37.738592" lon="-3.685138"><ele>494.3</ele></trkpt>
    <trkpt lat="37.738762" lon="-3.685215"><ele>495.5</ele></trkpt>
    <trkpt lat="37.738851" lon="-3.685369"><ele>496.5</ele></trkpt>
    <trkpt lat="37.738865" lon="-3.685472"><ele>497</ele></trkpt>
    <trkpt lat="37.738851" lon="-3.685576"><ele>497.6</ele></trkpt>
    <trkpt lat="37.738813" lon="-3.685662"><ele>498.1</ele></trkpt>
    <trkpt lat="37.738237" lon="-3.686706"><ele>503.8</ele></trkpt>
    <trkpt lat="37.737773" lon="-3.687662"><ele>508.2</ele></trkpt>
    <trkpt lat="37.737676" lon="-3.687764"><ele>508.9</ele></trkpt>
    <trkpt lat="37.737592" lon="-3.687805"><ele>509.4</ele></trkpt>
    <trkpt lat="37.737419" lon="-3.687822"><ele>510.4</ele></trkpt>
    <trkpt lat="37.737351" lon="-3.687858"><ele>510.9</ele></trkpt>
    <trkpt lat="37.737293" lon="-3.68792"><ele>511.4</ele></trkpt>
    <trkpt lat="37.737261" lon="-3.688028"><ele>512</ele></trkpt>
    <trkpt lat="37.737268" lon="-3.68815"><ele>512.7</ele></trkpt>
    <trkpt lat="37.737322" lon="-3.688425"><ele>514.4</ele></trkpt>
    <trkpt lat="37.737392" lon="-3.688782"><ele>517.2</ele></trkpt>
    <trkpt lat="37.737423" lon="-3.689626"><ele>524.2</ele></trkpt>
    <trkpt lat="37.737455" lon="-3.689744"><ele>525.2</ele></trkpt>
    <trkpt lat="37.737502" lon="-3.689815"><ele>525.8</ele></trkpt>
    <trkpt lat="37.737645" lon="-3.689895"><ele>527.2</ele></trkpt>
    <trkpt lat="37.737721" lon="-3.689894"><ele>527.8</ele></trkpt>
    <trkpt lat="37.737851" lon="-3.689802"><ele>529.1</ele></trkpt>
    <trkpt lat="37.737916" lon="-3.689611"><ele>530.5</ele></trkpt>
    <trkpt lat="37.737903" lon="-3.688778"><ele>536.5</ele></trkpt>
    <trkpt lat="37.737979" lon="-3.688591"><ele>538</ele></trkpt>
    <trkpt lat="37.738059" lon="-3.68849"><ele>539</ele></trkpt>
    <trkpt lat="37.738154" lon="-3.688434"><ele>540</ele></trkpt>
    <trkpt lat="37.738338" lon="-3.688435"><ele>541.8</ele></trkpt>
    <trkpt lat="37.738425" lon="-3.688486"><ele>542.8</ele></trkpt>
    <trkpt lat="37.738498" lon="-3.688575"><ele>543.9</ele></trkpt>
    <trkpt lat="37.738568" lon="-3.688734"><ele>545.5</ele></trkpt>
    <trkpt lat="37.738639" lon="-3.689013"><ele>548.4</ele></trkpt>
    <trkpt lat="37.738687" lon="-3.689116"><ele>549.6</ele></trkpt>
    <trkpt lat="37.738796" lon="-3.689218"><ele>551.3</ele></trkpt>
    <trkpt lat="37.738924" lon="-3.689237"><ele>552.9</ele></trkpt>
    <trkpt lat="37.739252" lon="-3.689225"><ele>556.6</ele></trkpt>
    <trkpt lat="37.73966" lon="-3.689133"><ele>560.5</ele></trkpt>
    <trkpt lat="37.740511" lon="-3.689235"><ele>566.5</ele></trkpt>
    <trkpt lat="37.740956" lon="-3.68908"><ele>569.4</ele></trkpt>
    <trkpt lat="37.741314" lon="-3.689027"><ele>572</ele></trkpt>
    <trkpt lat="37.741854" lon="-3.689048"><ele>576.3</ele></trkpt>
    <trkpt lat="37.741993" lon="-3.689079"><ele>577.5</ele></trkpt>
    <trkpt lat="37.74206" lon="-3.689128"><ele>578.1</ele></trkpt>
    <trkpt lat="37.74212" lon="-3.689177"><ele>578.8</ele></trkpt>
    <trkpt lat="37.742596" lon="-3.689957"><ele>585.6</ele></trkpt>
    <trkpt lat="37.742707" lon="-3.690207"><ele>587.6</ele></trkpt>
    <trkpt lat="37.742871" lon="-3.690717"><ele>591.3</ele></trkpt>
    <trkpt lat="37.742922" lon="-3.691853"><ele>593.8</ele></trkpt>
    <trkpt lat="37.742892" lon="-3.691942"><ele>593.8</ele></trkpt>
    <trkpt lat="37.743008" lon="-3.69238"><ele>593.5</ele></trkpt>
    <trkpt lat="37.743085" lon="-3.69257"><ele>593.4</ele></trkpt>
    <trkpt lat="37.743294" lon="-3.692695"><ele>593.2</ele></trkpt>
    <trkpt lat="37.743312" lon="-3.692711"><ele>593.1</ele></trkpt>
    <trkpt lat="37.743534" lon="-3.693075"><ele>592.6</ele></trkpt>
    <trkpt lat="37.74359" lon="-3.693167"><ele>592.4</ele></trkpt>
    <trkpt lat="37.743799" lon="-3.693409"><ele>592.1</ele></trkpt>
    <trkpt lat="37.743841" lon="-3.693491"><ele>592.1</ele></trkpt>
    <trkpt lat="37.743849" lon="-3.693584"><ele>592.1</ele></trkpt>
    <trkpt lat="37.743893" lon="-3.693762"><ele>592.2</ele></trkpt>
    <trkpt lat="37.74423" lon="-3.694393"><ele>593.4</ele></trkpt>
    <trkpt lat="37.744617" lon="-3.694994"><ele>593.6</ele></trkpt>
    <trkpt lat="37.74485" lon="-3.695226"><ele>593.9</ele></trkpt>
    <trkpt lat="37.74521" lon="-3.695348"><ele>594.6</ele></trkpt>
    <trkpt lat="37.745811" lon="-3.695553"><ele>596.1</ele></trkpt>
    <trkpt lat="37.746145" lon="-3.695662"><ele>597</ele></trkpt>
    <trkpt lat="37.746467" lon="-3.695867"><ele>598</ele></trkpt>
    <trkpt lat="37.746703" lon="-3.696111"><ele>598.4</ele></trkpt>
    <trkpt lat="37.747595" lon="-3.697564"><ele>597.9</ele></trkpt>
    <trkpt lat="37.748053" lon="-3.698307"><ele>598</ele></trkpt>
    <trkpt lat="37.748426" lon="-3.698805"><ele>598.2</ele></trkpt>
    <trkpt lat="37.749366" lon="-3.699593"><ele>599</ele></trkpt>
    <trkpt lat="37.74971" lon="-3.699964"><ele>600.6</ele></trkpt>
    <trkpt lat="37.749946" lon="-3.700377"><ele>602.4</ele></trkpt>
    <trkpt lat="37.750043" lon="-3.700845"><ele>604.5</ele></trkpt>
    <trkpt lat="37.750086" lon="-3.702244"><ele>608.5</ele></trkpt>
    <trkpt lat="37.750239" lon="-3.702746"><ele>608.2</ele></trkpt>
    <trkpt lat="37.750448" lon="-3.703182"><ele>607.2</ele></trkpt>
    <trkpt lat="37.750813" lon="-3.703619"><ele>605</ele></trkpt>
    <trkpt lat="37.751311" lon="-3.703906"><ele>602.8</ele></trkpt>
    <trkpt lat="37.751666" lon="-3.704029"><ele>601.7</ele></trkpt>
    <trkpt lat="37.752023" lon="-3.704231"><ele>600.8</ele></trkpt>
    <trkpt lat="37.752269" lon="-3.704486"><ele>600.1</ele></trkpt>
    <trkpt lat="37.752414" lon="-3.704708"><ele>599.7</ele></trkpt>
    <trkpt lat="37.752474" lon="-3.704703"><ele>599.5</ele></trkpt>
    <trkpt lat="37.752512" lon="-3.704745"><ele>599.4</ele></trkpt>
    <trkpt lat="37.752523" lon="-3.704807"><ele>599.3</ele></trkpt>
    <trkpt lat="37.752503" lon="-3.704866"><ele>599.2</ele></trkpt>
    <trkpt lat="37.752652" lon="-3.705003"><ele>598.8</ele></trkpt>
    <trkpt lat="37.753673" lon="-3.707203"><ele>592.2</ele></trkpt>
    <trkpt lat="37.754065" lon="-3.708048"><ele>591</ele></trkpt>
    <trkpt lat="37.754173" lon="-3.708346"><ele>590.9</ele></trkpt>
    <trkpt lat="37.754298" lon="-3.708693"><ele>591.1</ele></trkpt>
    <trkpt lat="37.754578" lon="-3.710467"><ele>592.3</ele></trkpt>
    <trkpt lat="37.754632" lon="-3.710637"><ele>591.9</ele></trkpt>
    <trkpt lat="37.754782" lon="-3.710956"><ele>590.8</ele></trkpt>
    <trkpt lat="37.754946" lon="-3.711142"><ele>589.6</ele></trkpt>
    <trkpt lat="37.755176" lon="-3.711371"><ele>587.6</ele></trkpt>
    <trkpt lat="37.755366" lon="-3.711466"><ele>585.9</ele></trkpt>
    <trkpt lat="37.756301" lon="-3.711938"><ele>575.9</ele></trkpt>
    <trkpt lat="37.756798" lon="-3.712263"><ele>570.6</ele></trkpt>
    <trkpt lat="37.757228" lon="-3.712845"><ele>565.2</ele></trkpt>
    <trkpt lat="37.758494" lon="-3.718513"><ele>533.3</ele></trkpt>
    <trkpt lat="37.758507" lon="-3.719057"><ele>532.1</ele></trkpt>
    <trkpt lat="37.758084" lon="-3.719909"><ele>530.2</ele></trkpt>
    <trkpt lat="37.758087" lon="-3.720773"><ele>527.5</ele></trkpt>
    <trkpt lat="37.758367" lon="-3.721536"><ele>523.7</ele></trkpt>
    <trkpt lat="37.758734" lon="-3.723386"><ele>518.4</ele></trkpt>
    <trkpt lat="37.758437" lon="-3.724595"><ele>517.8</ele></trkpt>
    <trkpt lat="37.758379" lon="-3.726749"><ele>514.7</ele></trkpt>
    <trkpt lat="37.758146" lon="-3.727596"><ele>511.3</ele></trkpt>
    <trkpt lat="37.758135" lon="-3.727689"><ele>510.9</ele></trkpt>
    <trkpt lat="37.758077" lon="-3.728203"><ele>508.4</ele></trkpt>
    <trkpt lat="37.758174" lon="-3.728937"><ele>504.4</ele></trkpt>
    <trkpt lat="37.758474" lon="-3.729914"><ele>498.9</ele></trkpt>
    <trkpt lat="37.758497" lon="-3.731423"><ele>492.6</ele></trkpt>
    <trkpt lat="37.758741" lon="-3.732599"><ele>488.7</ele></trkpt>
    <trkpt lat="37.758904" lon="-3.733172"><ele>486.6</ele></trkpt>
    <trkpt lat="37.759114" lon="-3.733624"><ele>484.1</ele></trkpt>
    <trkpt lat="37.759249" lon="-3.733989"><ele>481.8</ele></trkpt>
    <trkpt lat="37.759339" lon="-3.734324"><ele>479.5</ele></trkpt>
    <trkpt lat="37.759393" lon="-3.734652"><ele>477.2</ele></trkpt>
    <trkpt lat="37.759419" lon="-3.735257"><ele>472.7</ele></trkpt>
    <trkpt lat="37.759491" lon="-3.736845"><ele>461.5</ele></trkpt>
    <trkpt lat="37.75952" lon="-3.737364"><ele>458.3</ele></trkpt>
    <trkpt lat="37.759577" lon="-3.737833"><ele>455.7</ele></trkpt>
    <trkpt lat="37.759694" lon="-3.738365"><ele>452.9</ele></trkpt>
    <trkpt lat="37.759877" lon="-3.738993"><ele>449.9</ele></trkpt>
    <trkpt lat="37.759953" lon="-3.73917"><ele>448.9</ele></trkpt>
    <trkpt lat="37.760277" lon="-3.739773"><ele>445.7</ele></trkpt>
    <trkpt lat="37.76066" lon="-3.741046"><ele>438.9</ele></trkpt>
    <trkpt lat="37.760637" lon="-3.741577"><ele>436.2</ele></trkpt>
    <trkpt lat="37.760357" lon="-3.742454"><ele>432.1</ele></trkpt>
    <trkpt lat="37.760219" lon="-3.742987"><ele>430.3</ele></trkpt>
    <trkpt lat="37.760154" lon="-3.743356"><ele>429.2</ele></trkpt>
    <trkpt lat="37.760112" lon="-3.744728"><ele>425.7</ele></trkpt>
    <trkpt lat="37.760118" lon="-3.745146"><ele>424.8</ele></trkpt>
    <trkpt lat="37.760291" lon="-3.745861"><ele>423.4</ele></trkpt>
    <trkpt lat="37.760362" lon="-3.746298"><ele>422.2</ele></trkpt>
    <trkpt lat="37.760393" lon="-3.747019"><ele>419.7</ele></trkpt>
    <trkpt lat="37.760423" lon="-3.747836"><ele>415.7</ele></trkpt>
    <trkpt lat="37.76073" lon="-3.74873"><ele>409.4</ele></trkpt>
    <trkpt lat="37.760807" lon="-3.749181"><ele>406.4</ele></trkpt>
    <trkpt lat="37.760794" lon="-3.749425"><ele>405</ele></trkpt>
    <trkpt lat="37.760731" lon="-3.750104"><ele>401.5</ele></trkpt>
    <trkpt lat="37.760718" lon="-3.750534"><ele>399.7</ele></trkpt>
    <trkpt lat="37.760697" lon="-3.751267"><ele>397.4</ele></trkpt>
    <trkpt lat="37.760683" lon="-3.751795"><ele>396.4</ele></trkpt>
    <trkpt lat="37.760666" lon="-3.75221"><ele>395.8</ele></trkpt>
    <trkpt lat="37.760741" lon="-3.753536"><ele>395.2</ele></trkpt>
    <trkpt lat="37.760752" lon="-3.753711"><ele>395.2</ele></trkpt>
    <trkpt lat="37.760827" lon="-3.754868"><ele>395.9</ele></trkpt>
    <trkpt lat="37.760853" lon="-3.755271"><ele>396.3</ele></trkpt>
    <trkpt lat="37.76097" lon="-3.756135"><ele>397.5</ele></trkpt>
    <trkpt lat="37.761432" lon="-3.757653"><ele>401</ele></trkpt>
    <trkpt lat="37.76149" lon="-3.758015"><ele>402.1</ele></trkpt>
    <trkpt lat="37.761501" lon="-3.758481"><ele>403.5</ele></trkpt>
    <trkpt lat="37.761489" lon="-3.758695"><ele>404.2</ele></trkpt>
    <trkpt lat="37.761447" lon="-3.758991"><ele>405.1</ele></trkpt>
    <trkpt lat="37.761325" lon="-3.759552"><ele>407</ele></trkpt>
    <trkpt lat="37.761236" lon="-3.759946"><ele>408.3</ele></trkpt>
    <trkpt lat="37.760988" lon="-3.761032"><ele>412</ele></trkpt>
    <trkpt lat="37.76075" lon="-3.762238"><ele>416.7</ele></trkpt>
    <trkpt lat="37.760737" lon="-3.764965"><ele>425.7</ele></trkpt>
    <trkpt lat="37.760784" lon="-3.76548"><ele>427.1</ele></trkpt>
    <trkpt lat="37.760863" lon="-3.76588"><ele>428.3</ele></trkpt>
    <trkpt lat="37.761044" lon="-3.76635"><ele>430.3</ele></trkpt>
    <trkpt lat="37.761277" lon="-3.766866"><ele>433.2</ele></trkpt>
    <trkpt lat="37.761766" lon="-3.767334"><ele>438.3</ele></trkpt>
    <trkpt lat="37.762595" lon="-3.767682"><ele>446.6</ele></trkpt>
    <trkpt lat="37.762877" lon="-3.767846"><ele>449.4</ele></trkpt>
    <trkpt lat="37.763053" lon="-3.767987"><ele>451.3</ele></trkpt>
    <trkpt lat="37.763335" lon="-3.768293"><ele>454.1</ele></trkpt>
    <trkpt lat="37.763566" lon="-3.768665"><ele>456.6</ele></trkpt>
    <trkpt lat="37.763653" lon="-3.768856"><ele>457.6</ele></trkpt>
    <trkpt lat="37.763888" lon="-3.769547"><ele>460.6</ele></trkpt>
    <trkpt lat="37.764465" lon="-3.771311"><ele>466.7</ele></trkpt>
    <trkpt lat="37.764654" lon="-3.771884"><ele>469</ele></trkpt>
    <trkpt lat="37.765053" lon="-3.772517"><ele>472.6</ele></trkpt>
    <trkpt lat="37.765606" lon="-3.773319"><ele>476.7</ele></trkpt>
    <trkpt lat="37.76607" lon="-3.773968"><ele>481.2</ele></trkpt>
    <trkpt lat="37.766418" lon="-3.774228"><ele>483.3</ele></trkpt>
    <trkpt lat="37.766714" lon="-3.774435"><ele>485.1</ele></trkpt>
    <trkpt lat="37.76682" lon="-3.774522"><ele>486</ele></trkpt>
    <trkpt lat="37.766855" lon="-3.774551"><ele>486.3</ele></trkpt>
    <trkpt lat="37.767107" lon="-3.774842"><ele>489</ele></trkpt>
    <trkpt lat="37.767197" lon="-3.775023"><ele>490.4</ele></trkpt>
    <trkpt lat="37.767261" lon="-3.775161"><ele>491.3</ele></trkpt>
    <trkpt lat="37.767363" lon="-3.77543"><ele>493</ele></trkpt>
    <trkpt lat="37.767554" lon="-3.775946"><ele>496.3</ele></trkpt>
    <trkpt lat="37.767708" lon="-3.776387"><ele>499.4</ele></trkpt>
    <trkpt lat="37.76785" lon="-3.776796"><ele>502.3</ele></trkpt>
    <trkpt lat="37.768112" lon="-3.777315"><ele>505.7</ele></trkpt>
    <trkpt lat="37.768369" lon="-3.777823"><ele>508.4</ele></trkpt>
    <trkpt lat="37.768369" lon="-3.777823"><ele>508.3</ele></trkpt>
    <trkpt lat="37.768673" lon="-3.778359"><ele>510.9</ele></trkpt>
    <trkpt lat="37.768977" lon="-3.778896"><ele>513.5</ele></trkpt>
    <trkpt lat="37.769101" lon="-3.779117"><ele>514.5</ele></trkpt>
    <trkpt lat="37.769165" lon="-3.779301"><ele>515.3</ele></trkpt>
    <trkpt lat="37.769204" lon="-3.77939"><ele>515.7</ele></trkpt>
    <trkpt lat="37.769248" lon="-3.77949"><ele>516.1</ele></trkpt>
    <trkpt lat="37.769277" lon="-3.779627"><ele>516.7</ele></trkpt>
    <trkpt lat="37.76928" lon="-3.77973"><ele>517.2</ele></trkpt>
    <trkpt lat="37.769307" lon="-3.78043"><ele>520.3</ele></trkpt>
    <trkpt lat="37.769365" lon="-3.781106"><ele>523.6</ele></trkpt>
    <trkpt lat="37.769366" lon="-3.781545"><ele>525.6</ele></trkpt>
    <trkpt lat="37.769339" lon="-3.781955"><ele>527.6</ele></trkpt>
    <trkpt lat="37.76928" lon="-3.782262"><ele>529.4</ele></trkpt>
    <trkpt lat="37.768948" lon="-3.783103"><ele>536.6</ele></trkpt>
    <trkpt lat="37.768914" lon="-3.78317"><ele>537.4</ele></trkpt>
    <trkpt lat="37.768862" lon="-3.783274"><ele>538.5</ele></trkpt>
    <trkpt lat="37.768821" lon="-3.783364"><ele>539.5</ele></trkpt>
    <trkpt lat="37.768757" lon="-3.783522"><ele>541.2</ele></trkpt>
    <trkpt lat="37.768661" lon="-3.783949"><ele>545.7</ele></trkpt>
    <trkpt lat="37.768657" lon="-3.784218"><ele>548.5</ele></trkpt>
    <trkpt lat="37.768676" lon="-3.78431"><ele>549.5</ele></trkpt>
    <trkpt lat="37.768715" lon="-3.784517"><ele>551.7</ele></trkpt>
    <trkpt lat="37.76896" lon="-3.785691"><ele>560.2</ele></trkpt>
    <trkpt lat="37.769103" lon="-3.786394"><ele>561.2</ele></trkpt>
    <trkpt lat="37.769143" lon="-3.786575"><ele>561.1</ele></trkpt>
    <trkpt lat="37.769203" lon="-3.786779"><ele>560.8</ele></trkpt>
    <trkpt lat="37.769801" lon="-3.786687"><ele>558.5</ele></trkpt>
    <trkpt lat="37.770594" lon="-3.786565"><ele>554</ele></trkpt>
    <trkpt lat="37.77068" lon="-3.786551"><ele>553.5</ele></trkpt>
    <trkpt lat="37.770678" lon="-3.786659"><ele>553.1</ele></trkpt>
    <trkpt lat="37.770649" lon="-3.787081"><ele>551.1</ele></trkpt>
    <trkpt lat="37.770645" lon="-3.787135"><ele>550.9</ele></trkpt>
    <trkpt lat="37.77065" lon="-3.787272"><ele>550.3</ele></trkpt>
    <trkpt lat="37.770654" lon="-3.787391"><ele>549.8</ele></trkpt>
    <trkpt lat="37.770691" lon="-3.787602"><ele>549</ele></trkpt>
    <trkpt lat="37.770691" lon="-3.787602"><ele>549</ele></trkpt>
    <trkpt lat="37.770651" lon="-3.788088"><ele>547.1</ele></trkpt>
    <trkpt lat="37.770635" lon="-3.788264"><ele>546.6</ele></trkpt>
    <trkpt lat="37.770703" lon="-3.788272"><ele>546.4</ele></trkpt>
    <trkpt lat="37.770707" lon="-3.788273"><ele>546.3</ele></trkpt>
    <trkpt lat="37.770716" lon="-3.788274"><ele>546.3</ele></trkpt>
    <trkpt lat="37.770709" lon="-3.788342"><ele>546.2</ele></trkpt>
    <trkpt lat="37.770629" lon="-3.788329"><ele>546</ele></trkpt>
    <trkpt lat="37.770617" lon="-3.788469"><ele>545.8</ele></trkpt>
    <trkpt lat="37.770632" lon="-3.788537"><ele>545.7</ele></trkpt>
    <trkpt lat="37.77081" lon="-3.789242"><ele>546.3</ele></trkpt>
    <trkpt lat="37.770428" lon="-3.789607"><ele>548</ele></trkpt>
    <trkpt lat="37.770295" lon="-3.790038"><ele>549.7</ele></trkpt>
    <trkpt lat="37.770141" lon="-3.790592"><ele>553.2</ele></trkpt>
    <trkpt lat="37.770123" lon="-3.790656"><ele>553.7</ele></trkpt>
    <trkpt lat="37.769702" lon="-3.790475"><ele>557.5</ele></trkpt>
    <trkpt lat="37.769641" lon="-3.790494"><ele>558</ele></trkpt>
    <trkpt lat="37.769556" lon="-3.790528"><ele>558.8</ele></trkpt>
    <trkpt lat="37.769292" lon="-3.790656"><ele>561.1</ele></trkpt>
    <trkpt lat="37.769128" lon="-3.790739"><ele>562.7</ele></trkpt>
    <trkpt lat="37.768971" lon="-3.790782"><ele>564</ele></trkpt>
    <trkpt lat="37.768811" lon="-3.790778"><ele>565.3</ele></trkpt>
    <trkpt lat="37.768636" lon="-3.790771"><ele>566.8</ele></trkpt>
    <trkpt lat="37.768617" lon="-3.79077"><ele>566.9</ele></trkpt>
    <trkpt lat="37.768136" lon="-3.790745"><ele>570.3</ele></trkpt>
    <trkpt lat="37.767455" lon="-3.790729"><ele>572.9</ele></trkpt>
    <trkpt lat="37.766935" lon="-3.790662"><ele>574.3</ele></trkpt>
    <trkpt lat="37.766883" lon="-3.790642"><ele>574.4</ele></trkpt>
    <trkpt lat="37.766697" lon="-3.790534"><ele>574.7</ele></trkpt>
    <trkpt lat="37.766105" lon="-3.790201"><ele>575.8</ele></trkpt>
    <trkpt lat="37.766038" lon="-3.790134"><ele>576</ele></trkpt>
    <trkpt lat="37.765844" lon="-3.789583"><ele>577.4</ele></trkpt>
    <trkpt lat="37.765791" lon="-3.789426"><ele>577.6</ele></trkpt>
    <trkpt lat="37.765691" lon="-3.789546"><ele>577.7</ele></trkpt>
    <trkpt lat="37.765628" lon="-3.789621"><ele>577.8</ele></trkpt>
    <trkpt lat="37.765513" lon="-3.789968"><ele>578</ele></trkpt>
    <trkpt lat="37.765342" lon="-3.79048"><ele>578.2</ele></trkpt>
    <trkpt lat="37.765303" lon="-3.7906"><ele>578.2</ele></trkpt>
    <trkpt lat="37.765227" lon="-3.790825"><ele>578.3</ele></trkpt>
    <trkpt lat="37.765211" lon="-3.790851"><ele>578.3</ele></trkpt>
    <trkpt lat="37.765205" lon="-3.79086"><ele>578.3</ele></trkpt>
    <trkpt lat="37.765184" lon="-3.790884"><ele>578.3</ele></trkpt>
    <trkpt lat="37.765163" lon="-3.790899"><ele>578.2</ele></trkpt>
    <trkpt lat="37.765134" lon="-3.790909"><ele>578.2</ele></trkpt>
    <trkpt lat="37.764917" lon="-3.790818"><ele>577.9</ele></trkpt>
    <trkpt lat="37.764883" lon="-3.790802"><ele>577.8</ele></trkpt>
    <trkpt lat="37.764537" lon="-3.790612"><ele>577.5</ele></trkpt>
    <trkpt lat="37.76448" lon="-3.790581"><ele>577.4</ele></trkpt>
    <trkpt lat="37.764325" lon="-3.790848"><ele>577.5</ele></trkpt>
    <trkpt lat="37.764136" lon="-3.791173"><ele>577.8</ele></trkpt>
    <trkpt lat="37.764" lon="-3.791313"><ele>577.9</ele></trkpt>
    <trkpt lat="37.763672" lon="-3.791673"><ele>578.6</ele></trkpt>
    <trkpt lat="37.763344" lon="-3.792083"><ele>579.8</ele></trkpt>
    <trkpt lat="37.763277" lon="-3.792166"><ele>580.1</ele></trkpt>
    <trkpt lat="37.763236" lon="-3.792258"><ele>580.4</ele></trkpt>
    <trkpt lat="37.763164" lon="-3.792668"><ele>581.6</ele></trkpt>
    <trkpt lat="37.763131" lon="-3.792978"><ele>582.7</ele></trkpt>
    <trkpt lat="37.763114" lon="-3.793206"><ele>583.7</ele></trkpt>
    <trkpt lat="37.76311" lon="-3.793276"><ele>584</ele></trkpt>
    <trkpt lat="37.763067" lon="-3.793996"><ele>587</ele></trkpt>
    <trkpt lat="37.763058" lon="-3.794084"><ele>587.2</ele></trkpt>
    <trkpt lat="37.763019" lon="-3.79451"><ele>588.3</ele></trkpt>
    <trkpt lat="37.762961" lon="-3.794661"><ele>588.6</ele></trkpt>
    <trkpt lat="37.762837" lon="-3.794849"><ele>589.3</ele></trkpt>
    <trkpt lat="37.762444" lon="-3.795266"><ele>591</ele></trkpt>
    <trkpt lat="37.76239" lon="-3.795324"><ele>591.1</ele></trkpt>
    <trkpt lat="37.762245" lon="-3.795452"><ele>591.5</ele></trkpt>
    <trkpt lat="37.762146" lon="-3.7955"><ele>591.7</ele></trkpt>
    <trkpt lat="37.762138" lon="-3.795498"><ele>591.7</ele></trkpt>
    <trkpt lat="37.76204" lon="-3.795537"><ele>591.8</ele></trkpt>
    <trkpt lat="37.761848" lon="-3.795533"><ele>592</ele></trkpt>
    <trkpt lat="37.761734" lon="-3.795423"><ele>592.2</ele></trkpt>
    <trkpt lat="37.760892" lon="-3.794325"><ele>595.3</ele></trkpt>
    <trkpt lat="37.760654" lon="-3.794049"><ele>596</ele></trkpt>
    <trkpt lat="37.760605" lon="-3.794005"><ele>596.1</ele></trkpt>
    <trkpt lat="37.760347" lon="-3.793896"><ele>596.7</ele></trkpt>
    <trkpt lat="37.759914" lon="-3.793879"><ele>597.7</ele></trkpt>
    <trkpt lat="37.759577" lon="-3.793889"><ele>598.6</ele></trkpt>
    <trkpt lat="37.759006" lon="-3.793897"><ele>600.1</ele></trkpt>
    <trkpt lat="37.758537" lon="-3.793899"><ele>601</ele></trkpt>
    <trkpt lat="37.758314" lon="-3.793899"><ele>601.2</ele></trkpt>
    <trkpt lat="37.758266" lon="-3.793899"><ele>601.2</ele></trkpt>
    <trkpt lat="37.757952" lon="-3.793904"><ele>601.3</ele></trkpt>
    <trkpt lat="37.757253" lon="-3.793914"><ele>600.3</ele></trkpt>
    <trkpt lat="37.756792" lon="-3.793962"><ele>599</ele></trkpt>
    <trkpt lat="37.756435" lon="-3.794124"><ele>597.7</ele></trkpt>
    <trkpt lat="37.756181" lon="-3.794255"><ele>596.6</ele></trkpt>
    <trkpt lat="37.756131" lon="-3.794329"><ele>596.3</ele></trkpt>
    <trkpt lat="37.756056" lon="-3.794352"><ele>596</ele></trkpt>
    <trkpt lat="37.755695" lon="-3.794548"><ele>594.4</ele></trkpt>
    <trkpt lat="37.754745" lon="-3.795519"><ele>588</ele></trkpt>
    <trkpt lat="37.75436" lon="-3.795858"><ele>585.5</ele></trkpt>
    <trkpt lat="37.753962" lon="-3.796163"><ele>583.6</ele></trkpt>
    <trkpt lat="37.753573" lon="-3.796443"><ele>582.5</ele></trkpt>
    <trkpt lat="37.752954" lon="-3.796836"><ele>582.9</ele></trkpt>
    <trkpt lat="37.752808" lon="-3.796972"><ele>583.3</ele></trkpt>
    <trkpt lat="37.752679" lon="-3.797153"><ele>583.9</ele></trkpt>
    <trkpt lat="37.752603" lon="-3.797303"><ele>584.4</ele></trkpt>
    <trkpt lat="37.752403" lon="-3.797852"><ele>586.3</ele></trkpt>
    <trkpt lat="37.751867" lon="-3.799574"><ele>592.9</ele></trkpt>
    <trkpt lat="37.751611" lon="-3.800284"><ele>595.4</ele></trkpt>
    <trkpt lat="37.751356" lon="-3.800924"><ele>597.1</ele></trkpt>
    <trkpt lat="37.750734" lon="-3.802261"><ele>596.8</ele></trkpt>
    <trkpt lat="37.750527" lon="-3.802738"><ele>595.6</ele></trkpt>
    <trkpt lat="37.75043" lon="-3.802963"><ele>595</ele></trkpt>
    <trkpt lat="37.749938" lon="-3.804534"><ele>593.4</ele></trkpt>
    <trkpt lat="37.749396" lon="-3.806284"><ele>601.5</ele></trkpt>
    <trkpt lat="37.749292" lon="-3.806957"><ele>604.4</ele></trkpt>
    <trkpt lat="37.749288" lon="-3.807201"><ele>605.2</ele></trkpt>
    <trkpt lat="37.749377" lon="-3.808654"><ele>609.6</ele></trkpt>
    <trkpt lat="37.749412" lon="-3.809575"><ele>612.1</ele></trkpt>
    <trkpt lat="37.749389" lon="-3.810014"><ele>613.5</ele></trkpt>
    <trkpt lat="37.749308" lon="-3.81034"><ele>614.5</ele></trkpt>
    <trkpt lat="37.749079" lon="-3.811044"><ele>616.3</ele></trkpt>
    <trkpt lat="37.748732" lon="-3.811706"><ele>617.7</ele></trkpt>
    <trkpt lat="37.74754" lon="-3.813506"><ele>622.5</ele></trkpt>
    <trkpt lat="37.747278" lon="-3.813833"><ele>624.7</ele></trkpt>
    <trkpt lat="37.746728" lon="-3.814283"><ele>630</ele></trkpt>
    <trkpt lat="37.746357" lon="-3.814463"><ele>634</ele></trkpt>
    <trkpt lat="37.745914" lon="-3.814612"><ele>639.2</ele></trkpt>
    <trkpt lat="37.745348" lon="-3.81467"><ele>645.4</ele></trkpt>
    <trkpt lat="37.744879" lon="-3.814695"><ele>650</ele></trkpt>
    <trkpt lat="37.744694" lon="-3.814703"><ele>651.7</ele></trkpt>
    <trkpt lat="37.743242" lon="-3.814767"><ele>661.1</ele></trkpt>
    <trkpt lat="37.742528" lon="-3.814743"><ele>662.7</ele></trkpt>
    <trkpt lat="37.74232" lon="-3.814691"><ele>662.8</ele></trkpt>
    <trkpt lat="37.741516" lon="-3.814165"><ele>663.3</ele></trkpt>
    <trkpt lat="37.740916" lon="-3.813734"><ele>665</ele></trkpt>
    <trkpt lat="37.73971" lon="-3.812794"><ele>672.6</ele></trkpt>
    <trkpt lat="37.739333" lon="-3.812533"><ele>674.8</ele></trkpt>
    <trkpt lat="37.739158" lon="-3.812453"><ele>675.6</ele></trkpt>
    <trkpt lat="37.738988" lon="-3.812403"><ele>676.4</ele></trkpt>
    <trkpt lat="37.738598" lon="-3.812403"><ele>678.2</ele></trkpt>
    <trkpt lat="37.738024" lon="-3.812604"><ele>681.2</ele></trkpt>
    <trkpt lat="37.737678" lon="-3.812693"><ele>683.3</ele></trkpt>
    <trkpt lat="37.737228" lon="-3.812644"><ele>686.1</ele></trkpt>
    <trkpt lat="37.736998" lon="-3.812485"><ele>687.8</ele></trkpt>
    <trkpt lat="37.736788" lon="-3.812274"><ele>689.5</ele></trkpt>
    <trkpt lat="37.736595" lon="-3.81196"><ele>691.3</ele></trkpt>
    <trkpt lat="37.736351" lon="-3.811334"><ele>693.5</ele></trkpt>
    <trkpt lat="37.736108" lon="-3.810923"><ele>694.8</ele></trkpt>
    <trkpt lat="37.735588" lon="-3.810602"><ele>696.8</ele></trkpt>
    <trkpt lat="37.734458" lon="-3.810203"><ele>703.1</ele></trkpt>
    <trkpt lat="37.733191" lon="-3.809798"><ele>713.2</ele></trkpt>
    <trkpt lat="37.732727" lon="-3.809634"><ele>717.2</ele></trkpt>
    <trkpt lat="37.732452" lon="-3.809528"><ele>719.5</ele></trkpt>
    <trkpt lat="37.729242" lon="-3.808664"><ele>747.6</ele></trkpt>
    <trkpt lat="37.729015" lon="-3.808458"><ele>749.2</ele></trkpt>
    <trkpt lat="37.728901" lon="-3.808178"><ele>750.5</ele></trkpt>
    <trkpt lat="37.728797" lon="-3.807579"><ele>752.4</ele></trkpt>
    <trkpt lat="37.728593" lon="-3.807152"><ele>753.3</ele></trkpt>
    <trkpt lat="37.728398" lon="-3.806999"><ele>753.7</ele></trkpt>
    <trkpt lat="37.727676" lon="-3.806371"><ele>754.8</ele></trkpt>
    <trkpt lat="37.726825" lon="-3.805606"><ele>753</ele></trkpt>
    <trkpt lat="37.726689" lon="-3.805527"><ele>752.4</ele></trkpt>
    <trkpt lat="37.726498" lon="-3.805473"><ele>751.6</ele></trkpt>
    <trkpt lat="37.726278" lon="-3.805433"><ele>750.5</ele></trkpt>
    <trkpt lat="37.725824" lon="-3.805569"><ele>747.8</ele></trkpt>
    <trkpt lat="37.724554" lon="-3.805956"><ele>741</ele></trkpt>
    <trkpt lat="37.724168" lon="-3.806104"><ele>739.4</ele></trkpt>
    <trkpt lat="37.723723" lon="-3.806132"><ele>737.6</ele></trkpt>
    <trkpt lat="37.723239" lon="-3.805958"><ele>735.4</ele></trkpt>
    <trkpt lat="37.721175" lon="-3.804975"><ele>721.1</ele></trkpt>
    <trkpt lat="37.720728" lon="-3.804803"><ele>717.4</ele></trkpt>
    <trkpt lat="37.718802" lon="-3.804641"><ele>703.2</ele></trkpt>
    <trkpt lat="37.718507" lon="-3.804582"><ele>701.2</ele></trkpt>
    <trkpt lat="37.717518" lon="-3.804071"><ele>695.8</ele></trkpt>
    <trkpt lat="37.717046" lon="-3.803907"><ele>693.9</ele></trkpt>
    <trkpt lat="37.716661" lon="-3.803861"><ele>692.7</ele></trkpt>
    <trkpt lat="37.716312" lon="-3.803902"><ele>691.4</ele></trkpt>
    <trkpt lat="37.716019" lon="-3.803876"><ele>690.1</ele></trkpt>
    <trkpt lat="37.715753" lon="-3.803717"><ele>688.5</ele></trkpt>
    <trkpt lat="37.715154" lon="-3.803082"><ele>682.3</ele></trkpt>
    <trkpt lat="37.71476" lon="-3.802926"><ele>678</ele></trkpt>
    <trkpt lat="37.713398" lon="-3.8025"><ele>663</ele></trkpt>
    <trkpt lat="37.712811" lon="-3.802355"><ele>658.1</ele></trkpt>
    <trkpt lat="37.712466" lon="-3.802348"><ele>655.9</ele></trkpt>
    <trkpt lat="37.712196" lon="-3.802484"><ele>654.5</ele></trkpt>
    <trkpt lat="37.711312" lon="-3.803073"><ele>651.2</ele></trkpt>
    <trkpt lat="37.710808" lon="-3.803334"><ele>649.6</ele></trkpt>
    <trkpt lat="37.710235" lon="-3.803414"><ele>647.3</ele></trkpt>
    <trkpt lat="37.710223" lon="-3.803416"><ele>647.2</ele></trkpt>
    <trkpt lat="37.709813" lon="-3.803388"><ele>645.1</ele></trkpt>
    <trkpt lat="37.709111" lon="-3.803243"><ele>640.5</ele></trkpt>
    <trkpt lat="37.708765" lon="-3.803253"><ele>638</ele></trkpt>
    <trkpt lat="37.708558" lon="-3.803343"><ele>636.3</ele></trkpt>
    <trkpt lat="37.708416" lon="-3.803476"><ele>634.9</ele></trkpt>
    <trkpt lat="37.707941" lon="-3.804081"><ele>630.4</ele></trkpt>
    <trkpt lat="37.707674" lon="-3.804323"><ele>628.1</ele></trkpt>
    <trkpt lat="37.707452" lon="-3.804427"><ele>626.3</ele></trkpt>
    <trkpt lat="37.707106" lon="-3.804437"><ele>623.5</ele></trkpt>
    <trkpt lat="37.706834" lon="-3.804406"><ele>621.2</ele></trkpt>
    <trkpt lat="37.706483" lon="-3.804418"><ele>618.6</ele></trkpt>
    <trkpt lat="37.706301" lon="-3.804533"><ele>617.3</ele></trkpt>
    <trkpt lat="37.706044" lon="-3.804752"><ele>615.4</ele></trkpt>
    <trkpt lat="37.705951" lon="-3.804886"><ele>614.6</ele></trkpt>
    <trkpt lat="37.705831" lon="-3.805149"><ele>613.4</ele></trkpt>
    <trkpt lat="37.705702" lon="-3.805533"><ele>612</ele></trkpt>
    <trkpt lat="37.705382" lon="-3.806257"><ele>609.5</ele></trkpt>
    <trkpt lat="37.705023" lon="-3.806806"><ele>605.9</ele></trkpt>
    <trkpt lat="37.704732" lon="-3.807051"><ele>603</ele></trkpt>
    <trkpt lat="37.704111" lon="-3.807411"><ele>596.9</ele></trkpt>
    <trkpt lat="37.700981" lon="-3.808654"><ele>581.4</ele></trkpt>
    <trkpt lat="37.70035" lon="-3.808895"><ele>581</ele></trkpt>
    <trkpt lat="37.70014" lon="-3.808977"><ele>581.2</ele></trkpt>
    <trkpt lat="37.700083" lon="-3.809"><ele>581.3</ele></trkpt>
    <trkpt lat="37.699916" lon="-3.80915"><ele>581.8</ele></trkpt>
    <trkpt lat="37.699878" lon="-3.809296"><ele>582.1</ele></trkpt>
    <trkpt lat="37.699833" lon="-3.809349"><ele>582.3</ele></trkpt>
    <trkpt lat="37.699715" lon="-3.809388"><ele>582.7</ele></trkpt>
    <trkpt lat="37.699604" lon="-3.809327"><ele>583.1</ele></trkpt>
    <trkpt lat="37.699337" lon="-3.809297"><ele>584.2</ele></trkpt>
    <trkpt lat="37.699107" lon="-3.809396"><ele>585.1</ele></trkpt>
    <trkpt lat="37.698872" lon="-3.809536"><ele>585.8</ele></trkpt>
    <trkpt lat="37.698712" lon="-3.809661"><ele>586.4</ele></trkpt>
    <trkpt lat="37.698534" lon="-3.809858"><ele>587.1</ele></trkpt>
    <trkpt lat="37.698323" lon="-3.810179"><ele>588</ele></trkpt>
    <trkpt lat="37.697414" lon="-3.811506"><ele>590.9</ele></trkpt>
    <trkpt lat="37.697054" lon="-3.811964"><ele>592.5</ele></trkpt>
    <trkpt lat="37.696608" lon="-3.812468"><ele>594.6</ele></trkpt>
    <trkpt lat="37.696325" lon="-3.812759"><ele>596</ele></trkpt>
    <trkpt lat="37.696226" lon="-3.812877"><ele>596.5</ele></trkpt>
    <trkpt lat="37.696154" lon="-3.812954"><ele>596.9</ele></trkpt>
    <trkpt lat="37.696106" lon="-3.813009"><ele>597.1</ele></trkpt>
    <trkpt lat="37.695897" lon="-3.813273"><ele>598.2</ele></trkpt>
    <trkpt lat="37.695524" lon="-3.813695"><ele>600.2</ele></trkpt>
    <trkpt lat="37.695041" lon="-3.814158"><ele>602.7</ele></trkpt>
    <trkpt lat="37.694925" lon="-3.814414"><ele>603.7</ele></trkpt>
    <trkpt lat="37.694529" lon="-3.815599"><ele>608.9</ele></trkpt>
    <trkpt lat="37.694309" lon="-3.816003"><ele>611</ele></trkpt>
    <trkpt lat="37.694218" lon="-3.816165"><ele>611.8</ele></trkpt>
    <trkpt lat="37.694122" lon="-3.816261"><ele>612.5</ele></trkpt>
    <trkpt lat="37.694084" lon="-3.816312"><ele>612.8</ele></trkpt>
    <trkpt lat="37.694029" lon="-3.816322"><ele>613</ele></trkpt>
    <trkpt lat="37.694004" lon="-3.816311"><ele>613.2</ele></trkpt>
    <trkpt lat="37.693827" lon="-3.816323"><ele>614.1</ele></trkpt>
    <trkpt lat="37.693778" lon="-3.816304"><ele>614.4</ele></trkpt>
    <trkpt lat="37.69299" lon="-3.8162"><ele>618.3</ele></trkpt>
    <trkpt lat="37.692531" lon="-3.816129"><ele>620.6</ele></trkpt>
    <trkpt lat="37.692491" lon="-3.816117"><ele>620.8</ele></trkpt>
    <trkpt lat="37.692235" lon="-3.816031"><ele>622.1</ele></trkpt>
    <trkpt lat="37.692141" lon="-3.815971"><ele>622.6</ele></trkpt>
    <trkpt lat="37.691465" lon="-3.815547"><ele>625.7</ele></trkpt>
    <trkpt lat="37.691159" lon="-3.815349"><ele>627.1</ele></trkpt>
    <trkpt lat="37.690681" lon="-3.81504"><ele>629.3</ele></trkpt>
    <trkpt lat="37.690576" lon="-3.814975"><ele>629.7</ele></trkpt>
    <trkpt lat="37.690199" lon="-3.814742"><ele>631.2</ele></trkpt>
    <trkpt lat="37.689764" lon="-3.814474"><ele>633.5</ele></trkpt>
    <trkpt lat="37.689592" lon="-3.814368"><ele>634.7</ele></trkpt>
    <trkpt lat="37.689256" lon="-3.814158"><ele>637</ele></trkpt>
    <trkpt lat="37.688408" lon="-3.81363"><ele>643.2</ele></trkpt>
    <trkpt lat="37.688337" lon="-3.813619"><ele>643.7</ele></trkpt>
    <trkpt lat="37.687774" lon="-3.813536"><ele>647.7</ele></trkpt>
    <trkpt lat="37.687655" lon="-3.813518"><ele>648.3</ele></trkpt>
    <trkpt lat="37.687124" lon="-3.813319"><ele>650.3</ele></trkpt>
    <trkpt lat="37.686762" lon="-3.813183"><ele>651</ele></trkpt>
    <trkpt lat="37.686638" lon="-3.813175"><ele>651.3</ele></trkpt>
    <trkpt lat="37.686534" lon="-3.813186"><ele>651.4</ele></trkpt>
    <trkpt lat="37.686211" lon="-3.813292"><ele>651.7</ele></trkpt>
    <trkpt lat="37.686075" lon="-3.813298"><ele>651.7</ele></trkpt>
    <trkpt lat="37.685927" lon="-3.813262"><ele>651.7</ele></trkpt>
    <trkpt lat="37.684965" lon="-3.812758"><ele>652.1</ele></trkpt>
    <trkpt lat="37.684833" lon="-3.812715"><ele>652.4</ele></trkpt>
    <trkpt lat="37.684437" lon="-3.812658"><ele>653.2</ele></trkpt>
    <trkpt lat="37.684302" lon="-3.812608"><ele>653.6</ele></trkpt>
    <trkpt lat="37.684046" lon="-3.812445"><ele>654.5</ele></trkpt>
    <trkpt lat="37.683779" lon="-3.812153"><ele>655.8</ele></trkpt>
    <trkpt lat="37.68341" lon="-3.811509"><ele>657.5</ele></trkpt>
    <trkpt lat="37.683347" lon="-3.811445"><ele>657.7</ele></trkpt>
    <trkpt lat="37.683212" lon="-3.811406"><ele>658</ele></trkpt>
    <trkpt lat="37.68307" lon="-3.811466"><ele>658.3</ele></trkpt>
    <trkpt lat="37.682878" lon="-3.811736"><ele>658.8</ele></trkpt>
    <trkpt lat="37.682682" lon="-3.811895"><ele>659.2</ele></trkpt>
    <trkpt lat="37.6824" lon="-3.811963"><ele>659.6</ele></trkpt>
    <trkpt lat="37.682107" lon="-3.811985"><ele>660.1</ele></trkpt>
    <trkpt lat="37.681975" lon="-3.811969"><ele>660.2</ele></trkpt>
    <trkpt lat="37.681714" lon="-3.811847"><ele>660.8</ele></trkpt>
    <trkpt lat="37.681129" lon="-3.81156"><ele>663.1</ele></trkpt>
    <trkpt lat="37.680582" lon="-3.811083"><ele>666.1</ele></trkpt>
    <trkpt lat="37.680233" lon="-3.810936"><ele>667.9</ele></trkpt>
    <trkpt lat="37.680143" lon="-3.81087"><ele>668.4</ele></trkpt>
    <trkpt lat="37.679856" lon="-3.810497"><ele>670.4</ele></trkpt>
    <trkpt lat="37.679653" lon="-3.81031"><ele>671.8</ele></trkpt>
    <trkpt lat="37.67844" lon="-3.809811"><ele>679.3</ele></trkpt>
    <trkpt lat="37.678304" lon="-3.809779"><ele>680</ele></trkpt>
    <trkpt lat="37.678161" lon="-3.809786"><ele>680.7</ele></trkpt>
    <trkpt lat="37.677869" lon="-3.80987"><ele>682.1</ele></trkpt>
    <trkpt lat="37.677393" lon="-3.810258"><ele>684.3</ele></trkpt>
    <trkpt lat="37.677158" lon="-3.810343"><ele>685.2</ele></trkpt>
    <trkpt lat="37.675179" lon="-3.810288"><ele>690.5</ele></trkpt>
    <trkpt lat="37.674935" lon="-3.810221"><ele>691.3</ele></trkpt>
    <trkpt lat="37.674481" lon="-3.809685"><ele>694.4</ele></trkpt>
    <trkpt lat="37.674339" lon="-3.809571"><ele>695.4</ele></trkpt>
    <trkpt lat="37.674175" lon="-3.809562"><ele>696.3</ele></trkpt>
    <trkpt lat="37.673805" lon="-3.809693"><ele>699.1</ele></trkpt>
    <trkpt lat="37.673595" lon="-3.809694"><ele>700.7</ele></trkpt>
    <trkpt lat="37.673466" lon="-3.809654"><ele>701.6</ele></trkpt>
    <trkpt lat="37.672355" lon="-3.809124"><ele>708.3</ele></trkpt>
    <trkpt lat="37.671664" lon="-3.808611"><ele>712.2</ele></trkpt>
    <trkpt lat="37.671382" lon="-3.808343"><ele>714.3</ele></trkpt>
    <trkpt lat="37.671124" lon="-3.808141"><ele>716.4</ele></trkpt>
    <trkpt lat="37.670489" lon="-3.807299"><ele>722.6</ele></trkpt>
    <trkpt lat="37.670329" lon="-3.807222"><ele>723.6</ele></trkpt>
    <trkpt lat="37.669948" lon="-3.807158"><ele>725.9</ele></trkpt>
    <trkpt lat="37.669559" lon="-3.806945"><ele>728.3</ele></trkpt>
    <trkpt lat="37.669222" lon="-3.806673"><ele>730.5</ele></trkpt>
    <trkpt lat="37.668014" lon="-3.805472"><ele>741.3</ele></trkpt>
    <trkpt lat="37.66796" lon="-3.805379"><ele>742</ele></trkpt>
    <trkpt lat="37.66791" lon="-3.805168"><ele>743.4</ele></trkpt>
    <trkpt lat="37.667884" lon="-3.804425"><ele>748.3</ele></trkpt>
    <trkpt lat="37.668082" lon="-3.80275"><ele>761</ele></trkpt>
    <trkpt lat="37.668085" lon="-3.802491"><ele>763</ele></trkpt>
    <trkpt lat="37.66804" lon="-3.80231"><ele>764.4</ele></trkpt>
    <trkpt lat="37.667944" lon="-3.802066"><ele>766.4</ele></trkpt>
    <trkpt lat="37.667836" lon="-3.801868"><ele>768.1</ele></trkpt>
    <trkpt lat="37.667408" lon="-3.80133"><ele>773.1</ele></trkpt>
    <trkpt lat="37.667037" lon="-3.801025"><ele>777</ele></trkpt>
    <trkpt lat="37.666919" lon="-3.800871"><ele>778.6</ele></trkpt>
    <trkpt lat="37.666732" lon="-3.80049"><ele>782.3</ele></trkpt>
    <trkpt lat="37.666646" lon="-3.800082"><ele>786.1</ele></trkpt>
    <trkpt lat="37.666651" lon="-3.798702"><ele>797.7</ele></trkpt>
    <trkpt lat="37.666638" lon="-3.798583"><ele>798.4</ele></trkpt>
    <trkpt lat="37.666551" lon="-3.798454"><ele>799.3</ele></trkpt>
    <trkpt lat="37.666424" lon="-3.798445"><ele>800.1</ele></trkpt>
    <trkpt lat="37.666299" lon="-3.798584"><ele>801</ele></trkpt>
    <trkpt lat="37.666139" lon="-3.799016"><ele>802.9</ele></trkpt>
    <trkpt lat="37.666025" lon="-3.799201"><ele>803.7</ele></trkpt>
    <trkpt lat="37.665931" lon="-3.799248"><ele>804.1</ele></trkpt>
    <trkpt lat="37.66582" lon="-3.7992"><ele>804.5</ele></trkpt>
    <trkpt lat="37.66575" lon="-3.79907"><ele>805</ele></trkpt>
    <trkpt lat="37.665472" lon="-3.797875"><ele>811</ele></trkpt>
    <trkpt lat="37.665391" lon="-3.797699"><ele>812.3</ele></trkpt>
    <trkpt lat="37.665323" lon="-3.797644"><ele>813</ele></trkpt>
    <trkpt lat="37.665237" lon="-3.797625"><ele>813.8</ele></trkpt>
    <trkpt lat="37.664875" lon="-3.797709"><ele>816.9</ele></trkpt>
    <trkpt lat="37.66477" lon="-3.797708"><ele>817.8</ele></trkpt>
    <trkpt lat="37.664679" lon="-3.797674"><ele>818.6</ele></trkpt>
    <trkpt lat="37.664522" lon="-3.797522"><ele>820.2</ele></trkpt>
    <trkpt lat="37.664073" lon="-3.796912"><ele>825.2</ele></trkpt>
    <trkpt lat="37.663912" lon="-3.796775"><ele>826.5</ele></trkpt>
    <trkpt lat="37.663826" lon="-3.796752"><ele>827.1</ele></trkpt>
    <trkpt lat="37.663461" lon="-3.796776"><ele>829.4</ele></trkpt>
    <trkpt lat="37.663138" lon="-3.796753"><ele>831.3</ele></trkpt>
    <trkpt lat="37.662718" lon="-3.796639"><ele>834.3</ele></trkpt>
    <trkpt lat="37.662586" lon="-3.796568"><ele>835.5</ele></trkpt>
    <trkpt lat="37.662394" lon="-3.796417"><ele>837.5</ele></trkpt>
    <trkpt lat="37.662226" lon="-3.796224"><ele>839.6</ele></trkpt>
    <trkpt lat="37.662091" lon="-3.795889"><ele>842.4</ele></trkpt>
    <trkpt lat="37.661928" lon="-3.795354"><ele>846.5</ele></trkpt>
    <trkpt lat="37.66184" lon="-3.795257"><ele>847.5</ele></trkpt>
    <trkpt lat="37.661768" lon="-3.795238"><ele>848.1</ele></trkpt>
    <trkpt lat="37.66162" lon="-3.79531"><ele>849.5</ele></trkpt>
    <trkpt lat="37.661052" lon="-3.795968"><ele>855</ele></trkpt>
    <trkpt lat="37.660974" lon="-3.796027"><ele>855.5</ele></trkpt>
    <trkpt lat="37.660864" lon="-3.79603"><ele>856.2</ele></trkpt>
    <trkpt lat="37.66081" lon="-3.796"><ele>856.5</ele></trkpt>
    <trkpt lat="37.660756" lon="-3.795921"><ele>857</ele></trkpt>
    <trkpt lat="37.66063" lon="-3.795591"><ele>858.7</ele></trkpt>
    <trkpt lat="37.660451" lon="-3.795405"><ele>860.4</ele></trkpt>
    <trkpt lat="37.660117" lon="-3.795253"><ele>863.3</ele></trkpt>
    <trkpt lat="37.660002" lon="-3.79523"><ele>864.4</ele></trkpt>
    <trkpt lat="37.659678" lon="-3.795285"><ele>867.3</ele></trkpt>
    <trkpt lat="37.659484" lon="-3.795246"><ele>868.9</ele></trkpt>
    <trkpt lat="37.659393" lon="-3.795179"><ele>869.7</ele></trkpt>
    <trkpt lat="37.659025" lon="-3.794742"><ele>873</ele></trkpt>
    <trkpt lat="37.658861" lon="-3.794705"><ele>873.9</ele></trkpt>
    <trkpt lat="37.658778" lon="-3.794733"><ele>874.4</ele></trkpt>
    <trkpt lat="37.658538" lon="-3.794926"><ele>876.2</ele></trkpt>
    <trkpt lat="37.658363" lon="-3.795014"><ele>877.6</ele></trkpt>
    <trkpt lat="37.657944" lon="-3.795009"><ele>881.5</ele></trkpt>
    <trkpt lat="37.657733" lon="-3.794973"><ele>883.6</ele></trkpt>
    <trkpt lat="37.657479" lon="-3.794865"><ele>886.4</ele></trkpt>
    <trkpt lat="37.657376" lon="-3.794777"><ele>887.7</ele></trkpt>
    <trkpt lat="37.657228" lon="-3.794566"><ele>890.2</ele></trkpt>
    <trkpt lat="37.657083" lon="-3.794331"><ele>892.9</ele></trkpt>
    <trkpt lat="37.656581" lon="-3.793893"><ele>900.4</ele></trkpt>
    <trkpt lat="37.656415" lon="-3.79382"><ele>902.4</ele></trkpt>
    <trkpt lat="37.656264" lon="-3.793809"><ele>903.9</ele></trkpt>
    <trkpt lat="37.656059" lon="-3.793844"><ele>905.9</ele></trkpt>
    <trkpt lat="37.655047" lon="-3.794293"><ele>915.6</ele></trkpt>
    <trkpt lat="37.65483" lon="-3.794426"><ele>917</ele></trkpt>
    <trkpt lat="37.654743" lon="-3.79453"><ele>917.7</ele></trkpt>
    <trkpt lat="37.654642" lon="-3.794747"><ele>918.6</ele></trkpt>
    <trkpt lat="37.654604" lon="-3.795021"><ele>919.5</ele></trkpt>
    <trkpt lat="37.654608" lon="-3.795057"><ele>919.6</ele></trkpt>
    <trkpt lat="37.654628" lon="-3.795286"><ele>920.3</ele></trkpt>
    <trkpt lat="37.654668" lon="-3.795384"><ele>920.5</ele></trkpt>
    <trkpt lat="37.654788" lon="-3.795543"><ele>921</ele></trkpt>
    <trkpt lat="37.65541" lon="-3.796197"><ele>922.7</ele></trkpt>
    <trkpt lat="37.655796" lon="-3.796885"><ele>925.8</ele></trkpt>
    <trkpt lat="37.656292" lon="-3.797318"><ele>930.2</ele></trkpt>
    <trkpt lat="37.656466" lon="-3.797544"><ele>932.1</ele></trkpt>
    <trkpt lat="37.656611" lon="-3.797976"><ele>934.8</ele></trkpt>
    <trkpt lat="37.656641" lon="-3.798201"><ele>936.1</ele></trkpt>
    <trkpt lat="37.656634" lon="-3.79867"><ele>938.8</ele></trkpt>
    <trkpt lat="37.6567" lon="-3.798919"><ele>940.3</ele></trkpt>
    <trkpt lat="37.656781" lon="-3.799033"><ele>941.2</ele></trkpt>
    <trkpt lat="37.656893" lon="-3.79913"><ele>942.1</ele></trkpt>
    <trkpt lat="37.657074" lon="-3.799228"><ele>943.3</ele></trkpt>
    <trkpt lat="37.657207" lon="-3.79942"><ele>944.3</ele></trkpt>
    <trkpt lat="37.657235" lon="-3.799513"><ele>944.6</ele></trkpt>
    <trkpt lat="37.657277" lon="-3.800062"><ele>946.1</ele></trkpt>
    <trkpt lat="37.657378" lon="-3.800317"><ele>946.9</ele></trkpt>
    <trkpt lat="37.657584" lon="-3.800632"><ele>948.6</ele></trkpt>
    <trkpt lat="37.65775" lon="-3.800755"><ele>949.7</ele></trkpt>
    <trkpt lat="37.658116" lon="-3.800822"><ele>952.3</ele></trkpt>
    <trkpt lat="37.658194" lon="-3.800885"><ele>952.9</ele></trkpt>
    <trkpt lat="37.658244" lon="-3.800969"><ele>953.5</ele></trkpt>
    <trkpt lat="37.658287" lon="-3.801193"><ele>954.9</ele></trkpt>
    <trkpt lat="37.658296" lon="-3.801586"><ele>957.3</ele></trkpt>
    <trkpt lat="37.658338" lon="-3.801737"><ele>958.4</ele></trkpt>
    <trkpt lat="37.658515" lon="-3.802071"><ele>961.4</ele></trkpt>
    <trkpt lat="37.658747" lon="-3.802385"><ele>964.8</ele></trkpt>
    <trkpt lat="37.658823" lon="-3.802525"><ele>966.1</ele></trkpt>
    <trkpt lat="37.65885" lon="-3.802766"><ele>968</ele></trkpt>
    <trkpt lat="37.65873" lon="-3.803269"><ele>971.8</ele></trkpt>
    <trkpt lat="37.658577" lon="-3.804392"><ele>980.7</ele></trkpt>
    <trkpt lat="37.658479" lon="-3.804763"><ele>983.7</ele></trkpt>
    <trkpt lat="37.65833" lon="-3.805155"><ele>986.6</ele></trkpt>
    <trkpt lat="37.658286" lon="-3.805323"><ele>987.5</ele></trkpt>
    <trkpt lat="37.658281" lon="-3.805466"><ele>988.2</ele></trkpt>
    <trkpt lat="37.658461" lon="-3.806151"><ele>990.5</ele></trkpt>
    <trkpt lat="37.658897" lon="-3.807103"><ele>992.3</ele></trkpt>
    <trkpt lat="37.658982" lon="-3.807425"><ele>993.1</ele></trkpt>
    <trkpt lat="37.658994" lon="-3.807571"><ele>993.5</ele></trkpt>
    <trkpt lat="37.658947" lon="-3.809016"><ele>1001.7</ele></trkpt>
    <trkpt lat="37.658981" lon="-3.80931"><ele>1003.5</ele></trkpt>
    <trkpt lat="37.659119" lon="-3.809639"><ele>1005.3</ele></trkpt>
    <trkpt lat="37.659407" lon="-3.810215"><ele>1007.9</ele></trkpt>
    <trkpt lat="37.659489" lon="-3.810338"><ele>1008.5</ele></trkpt>
    <trkpt lat="37.659764" lon="-3.81058"><ele>1010</ele></trkpt>
    <trkpt lat="37.660208" lon="-3.810858"><ele>1012.3</ele></trkpt>
    <trkpt lat="37.660255" lon="-3.810974"><ele>1012.9</ele></trkpt>
    <trkpt lat="37.660251" lon="-3.811031"><ele>1013.1</ele></trkpt>
    <trkpt lat="37.660183" lon="-3.811126"><ele>1013.7</ele></trkpt>
    <trkpt lat="37.660058" lon="-3.811126"><ele>1014.5</ele></trkpt>
    <trkpt lat="37.659164" lon="-3.81055"><ele>1022.5</ele></trkpt>
    <trkpt lat="37.658547" lon="-3.810028"><ele>1029</ele></trkpt>
    <trkpt lat="37.657729" lon="-3.809155"><ele>1038.1</ele></trkpt>
    <trkpt lat="37.657594" lon="-3.808908"><ele>1040.1</ele></trkpt>
    <trkpt lat="37.657128" lon="-3.807561"><ele>1047.4</ele></trkpt>
    <trkpt lat="37.657095" lon="-3.807229"><ele>1048.8</ele></trkpt>
    <trkpt lat="37.657107" lon="-3.806864"><ele>1050.3</ele></trkpt>
    <trkpt lat="37.657048" lon="-3.806623"><ele>1051.4</ele></trkpt>
    <trkpt lat="37.656777" lon="-3.806105"><ele>1054</ele></trkpt>
    <trkpt lat="37.656711" lon="-3.806062"><ele>1054.3</ele></trkpt>
    <trkpt lat="37.65663" lon="-3.806093"><ele>1054.8</ele></trkpt>
    <trkpt lat="37.656599" lon="-3.806135"><ele>1055</ele></trkpt>
    <trkpt lat="37.656602" lon="-3.806274"><ele>1055.6</ele></trkpt>
    <trkpt lat="37.656781" lon="-3.806602"><ele>1057.4</ele></trkpt>
    <trkpt lat="37.656831" lon="-3.806747"><ele>1058.1</ele></trkpt>
    <trkpt lat="37.656861" lon="-3.806968"><ele>1059.1</ele></trkpt>
    <trkpt lat="37.656831" lon="-3.807221"><ele>1060.3</ele></trkpt>
    <trkpt lat="37.656781" lon="-3.807367"><ele>1061</ele></trkpt>
    <trkpt lat="37.656726" lon="-3.807485"><ele>1061.6</ele></trkpt>
    <trkpt lat="37.656504" lon="-3.807825"><ele>1063.4</ele></trkpt>
    <trkpt lat="37.656399" lon="-3.808091"><ele>1064.6</ele></trkpt>
    <trkpt lat="37.656378" lon="-3.808315"><ele>1065.5</ele></trkpt>
    <trkpt lat="37.656409" lon="-3.808577"><ele>1066.5</ele></trkpt>
    <trkpt lat="37.656441" lon="-3.808692"><ele>1067</ele></trkpt>
    <trkpt lat="37.657282" lon="-3.81029"><ele>1073.7</ele></trkpt>
    <trkpt lat="37.657743" lon="-3.812194"><ele>1081.5</ele></trkpt>
    <trkpt lat="37.657844" lon="-3.812736"><ele>1083.6</ele></trkpt>
    <trkpt lat="37.657894" lon="-3.812888"><ele>1084.3</ele></trkpt>
    <trkpt lat="37.658072" lon="-3.813211"><ele>1086</ele></trkpt>
    <trkpt lat="37.658113" lon="-3.813347"><ele>1086.7</ele></trkpt>
    <trkpt lat="37.658122" lon="-3.81347"><ele>1087.3</ele></trkpt>
    <trkpt lat="37.658106" lon="-3.813584"><ele>1087.9</ele></trkpt>
    <trkpt lat="37.657982" lon="-3.813822"><ele>1089.5</ele></trkpt>
    <trkpt lat="37.657921" lon="-3.813995"><ele>1090.7</ele></trkpt>
    <trkpt lat="37.657913" lon="-3.814115"><ele>1091.5</ele></trkpt>
    <trkpt lat="37.657956" lon="-3.814528"><ele>1094.3</ele></trkpt>
    <trkpt lat="37.657945" lon="-3.814703"><ele>1095.6</ele></trkpt>
    <trkpt lat="37.657669" lon="-3.815562"><ele>1102</ele></trkpt>
    <trkpt lat="37.657618" lon="-3.815827"><ele>1103.8</ele></trkpt>
    <trkpt lat="37.65762" lon="-3.81598"><ele>1104.8</ele></trkpt>
    <trkpt lat="37.657698" lon="-3.816476"><ele>1108</ele></trkpt>
    <trkpt lat="37.657697" lon="-3.816696"><ele>1109.3</ele></trkpt>
    <trkpt lat="37.657473" lon="-3.817571"><ele>1113.8</ele></trkpt>
    <trkpt lat="37.657439" lon="-3.817931"><ele>1115.4</ele></trkpt>
    <trkpt lat="37.657554" lon="-3.819164"><ele>1121.5</ele></trkpt>
    <trkpt lat="37.657538" lon="-3.819396"><ele>1122.8</ele></trkpt>
    <trkpt lat="37.657463" lon="-3.819598"><ele>1124</ele></trkpt>
    <trkpt lat="37.657409" lon="-3.819683"><ele>1124.6</ele></trkpt>
    <trkpt lat="37.656722" lon="-3.820233"><ele>1128.6</ele></trkpt>
    <trkpt lat="37.656548" lon="-3.820428"><ele>1129.4</ele></trkpt>
    <trkpt lat="37.656415" lon="-3.820764"><ele>1130.4</ele></trkpt>
    <trkpt lat="37.656318" lon="-3.821411"><ele>1132.5</ele></trkpt>
    <trkpt lat="37.656271" lon="-3.821508"><ele>1132.9</ele></trkpt>
    <trkpt lat="37.656191" lon="-3.821589"><ele>1133.3</ele></trkpt>
    <trkpt lat="37.655806" lon="-3.821843"><ele>1135.4</ele></trkpt>
    <trkpt lat="37.655694" lon="-3.821955"><ele>1136.2</ele></trkpt>
    <trkpt lat="37.655572" lon="-3.822131"><ele>1137.4</ele></trkpt>
    <trkpt lat="37.655459" lon="-3.822364"><ele>1139</ele></trkpt>
    <trkpt lat="37.655207" lon="-3.822977"><ele>1142.9</ele></trkpt>
    <trkpt lat="37.655179" lon="-3.823066"><ele>1143.4</ele></trkpt>
    <trkpt lat="37.655171" lon="-3.823242"><ele>1144.2</ele></trkpt>
    <trkpt lat="37.655243" lon="-3.823385"><ele>1145</ele></trkpt>
    <trkpt lat="37.655434" lon="-3.82356"><ele>1146.1</ele></trkpt>
    <trkpt lat="37.65553" lon="-3.823732"><ele>1146.8</ele></trkpt>
    <trkpt lat="37.655566" lon="-3.824026"><ele>1147.7</ele></trkpt>
    <trkpt lat="37.655595" lon="-3.824608"><ele>1149.6</ele></trkpt>
    <trkpt lat="37.655569" lon="-3.824887"><ele>1150.6</ele></trkpt>
    <trkpt lat="37.655537" lon="-3.825015"><ele>1151.1</ele></trkpt>
    <trkpt lat="37.65542" lon="-3.825294"><ele>1152.4</ele></trkpt>
    <trkpt lat="37.655184" lon="-3.825615"><ele>1154.3</ele></trkpt>
    <trkpt lat="37.654778" lon="-3.826086"><ele>1157.5</ele></trkpt>
    <trkpt lat="37.653873" lon="-3.827145"><ele>1167</ele></trkpt>
    <trkpt lat="37.653725" lon="-3.827381"><ele>1169.2</ele></trkpt>
    <trkpt lat="37.653548" lon="-3.827777"><ele>1172.8</ele></trkpt>
    <trkpt lat="37.65339" lon="-3.828295"><ele>1177.1</ele></trkpt>
    <trkpt lat="37.653303" lon="-3.828543"><ele>1179.2</ele></trkpt>
    <trkpt lat="37.653059" lon="-3.828934"><ele>1182.9</ele></trkpt>
    <trkpt lat="37.652835" lon="-3.829187"><ele>1185.2</ele></trkpt>
    <trkpt lat="37.652282" lon="-3.829711"><ele>1188.3</ele></trkpt>
    <trkpt lat="37.652197" lon="-3.829791"><ele>1188.6</ele></trkpt>
    <trkpt lat="37.65212" lon="-3.829939"><ele>1188.8</ele></trkpt>
    <trkpt lat="37.651985" lon="-3.830116"><ele>1188.9</ele></trkpt>
    <trkpt lat="37.651903" lon="-3.83034"><ele>1188.9</ele></trkpt>
    <trkpt lat="37.651914" lon="-3.830513"><ele>1188.8</ele></trkpt>
    <trkpt lat="37.652068" lon="-3.831775"><ele>1185.1</ele></trkpt>
    <trkpt lat="37.652285" lon="-3.833605"><ele>1176.8</ele></trkpt>
    <trkpt lat="37.652411" lon="-3.834428"><ele>1174</ele></trkpt>
    <trkpt lat="37.65242" lon="-3.834621"><ele>1173.5</ele></trkpt>
    <trkpt lat="37.652398" lon="-3.834795"><ele>1173</ele></trkpt>
    <trkpt lat="37.652249" lon="-3.835106"><ele>1172</ele></trkpt>
    <trkpt lat="37.65199" lon="-3.835512"><ele>1170.6</ele></trkpt>
    <trkpt lat="37.651571" lon="-3.836168"><ele>1167.3</ele></trkpt>
    <trkpt lat="37.651515" lon="-3.836319"><ele>1166.5</ele></trkpt>
    <trkpt lat="37.651491" lon="-3.836478"><ele>1165.7</ele></trkpt>
    <trkpt lat="37.651491" lon="-3.837229"><ele>1162.1</ele></trkpt>
    <trkpt lat="37.65149" lon="-3.837951"><ele>1159.2</ele></trkpt>
    <trkpt lat="37.651528" lon="-3.838204"><ele>1158.3</ele></trkpt>
    <trkpt lat="37.651752" lon="-3.838927"><ele>1156.1</ele></trkpt>
    <trkpt lat="37.651879" lon="-3.839307"><ele>1155</ele></trkpt>
    <trkpt lat="37.652843" lon="-3.841506"><ele>1148.2</ele></trkpt>
    <trkpt lat="37.652993" lon="-3.841896"><ele>1147.7</ele></trkpt>
    <trkpt lat="37.653137" lon="-3.842641"><ele>1147.7</ele></trkpt>
    <trkpt lat="37.653627" lon="-3.845167"><ele>1149.8</ele></trkpt>
    <trkpt lat="37.653726" lon="-3.845696"><ele>1149.7</ele></trkpt>
    <trkpt lat="37.65378" lon="-3.845966"><ele>1149.5</ele></trkpt>
    <trkpt lat="37.653804" lon="-3.846272"><ele>1149.3</ele></trkpt>
    <trkpt lat="37.653809" lon="-3.84763"><ele>1146.6</ele></trkpt>
    <trkpt lat="37.653768" lon="-3.847982"><ele>1145.7</ele></trkpt>
    <trkpt lat="37.653629" lon="-3.848455"><ele>1144.3</ele></trkpt>
    <trkpt lat="37.653588" lon="-3.848685"><ele>1143.7</ele></trkpt>
    <trkpt lat="37.653578" lon="-3.848924"><ele>1143</ele></trkpt>
    <trkpt lat="37.65366" lon="-3.850428"><ele>1139.3</ele></trkpt>
    <trkpt lat="37.653724" lon="-3.851612"><ele>1136.5</ele></trkpt>
    <trkpt lat="37.653708" lon="-3.85181"><ele>1136</ele></trkpt>
    <trkpt lat="37.65365" lon="-3.851975"><ele>1135.5</ele></trkpt>
    <trkpt lat="37.653364" lon="-3.85246"><ele>1133.5</ele></trkpt>
    <trkpt lat="37.653253" lon="-3.85275"><ele>1132.4</ele></trkpt>
    <trkpt lat="37.653172" lon="-3.853061"><ele>1131</ele></trkpt>
    <trkpt lat="37.653132" lon="-3.853406"><ele>1129.4</ele></trkpt>
    <trkpt lat="37.653091" lon="-3.854492"><ele>1123.8</ele></trkpt>
    <trkpt lat="37.653112" lon="-3.854756"><ele>1122.3</ele></trkpt>
    <trkpt lat="37.653234" lon="-3.855858"><ele>1116.2</ele></trkpt>
    <trkpt lat="37.653712" lon="-3.858063"><ele>1103.8</ele></trkpt>
    <trkpt lat="37.653975" lon="-3.859691"><ele>1093.5</ele></trkpt>
    <trkpt lat="37.654131" lon="-3.85988"><ele>1092</ele></trkpt>
    <trkpt lat="37.654564" lon="-3.860042"><ele>1089.2</ele></trkpt>
    <trkpt lat="37.654902" lon="-3.860185"><ele>1087.1</ele></trkpt>
    <trkpt lat="37.655015" lon="-3.860296"><ele>1086.2</ele></trkpt>
    <trkpt lat="37.655144" lon="-3.860449"><ele>1085.3</ele></trkpt>
    <trkpt lat="37.655262" lon="-3.860672"><ele>1084.1</ele></trkpt>
    <trkpt lat="37.655369" lon="-3.861007"><ele>1082.7</ele></trkpt>
    <trkpt lat="37.655414" lon="-3.861245"><ele>1081.8</ele></trkpt>
    <trkpt lat="37.655317" lon="-3.862142"><ele>1078.7</ele></trkpt>
    <trkpt lat="37.655331" lon="-3.862474"><ele>1078.1</ele></trkpt>
    <trkpt lat="37.655418" lon="-3.862871"><ele>1077.6</ele></trkpt>
    <trkpt lat="37.655783" lon="-3.864257"><ele>1079.7</ele></trkpt>
    <trkpt lat="37.655976" lon="-3.86478"><ele>1080.8</ele></trkpt>
    <trkpt lat="37.656742" lon="-3.866052"><ele>1081.6</ele></trkpt>
    <trkpt lat="37.657259" lon="-3.866619"><ele>1079.8</ele></trkpt>
    <trkpt lat="37.657493" lon="-3.8671"><ele>1078.1</ele></trkpt>
    <trkpt lat="37.657672" lon="-3.867842"><ele>1075.2</ele></trkpt>
    <trkpt lat="37.65815" lon="-3.86951"><ele>1067.2</ele></trkpt>
    <trkpt lat="37.658337" lon="-3.87"><ele>1064.6</ele></trkpt>
    <trkpt lat="37.658749" lon="-3.870439"><ele>1061.2</ele></trkpt>
    <trkpt lat="37.659247" lon="-3.871647"><ele>1054</ele></trkpt>
    <trkpt lat="37.659342" lon="-3.872003"><ele>1052.1</ele></trkpt>
    <trkpt lat="37.659349" lon="-3.87226"><ele>1050.8</ele></trkpt>
    <trkpt lat="37.659156" lon="-3.872973"><ele>1047</ele></trkpt>
    <trkpt lat="37.659232" lon="-3.87418"><ele>1040.5</ele></trkpt>
    <trkpt lat="37.659059" lon="-3.874693"><ele>1037.4</ele></trkpt>
    <trkpt lat="37.65882" lon="-3.875077"><ele>1034.6</ele></trkpt>
    <trkpt lat="37.658714" lon="-3.875411"><ele>1032.5</ele></trkpt>
    <trkpt lat="37.658755" lon="-3.876618"><ele>1025.5</ele></trkpt>
    <trkpt lat="37.658535" lon="-3.877508"><ele>1020</ele></trkpt>
    <trkpt lat="37.658057" lon="-3.878116"><ele>1014.8</ele></trkpt>
    <trkpt lat="37.657775" lon="-3.878773"><ele>1010.7</ele></trkpt>
    <trkpt lat="37.656683" lon="-3.880123"><ele>1002.9</ele></trkpt>
    <trkpt lat="37.656526" lon="-3.880464"><ele>1001.6</ele></trkpt>
    <trkpt lat="37.656358" lon="-3.880718"><ele>1000.4</ele></trkpt>
    <trkpt lat="37.656193" lon="-3.881057"><ele>998.8</ele></trkpt>
    <trkpt lat="37.656167" lon="-3.881202"><ele>998.1</ele></trkpt>
    <trkpt lat="37.656176" lon="-3.881317"><ele>997.6</ele></trkpt>
    <trkpt lat="37.656223" lon="-3.881435"><ele>997.1</ele></trkpt>
    <trkpt lat="37.656726" lon="-3.882147"><ele>992.3</ele></trkpt>
    <trkpt lat="37.656788" lon="-3.882283"><ele>991.4</ele></trkpt>
    <trkpt lat="37.656817" lon="-3.882418"><ele>990.6</ele></trkpt>
    <trkpt lat="37.656842" lon="-3.882933"><ele>987.8</ele></trkpt>
    <trkpt lat="37.656876" lon="-3.88308"><ele>987.1</ele></trkpt>
    <trkpt lat="37.657109" lon="-3.883351"><ele>985.2</ele></trkpt>
    <trkpt lat="37.657117" lon="-3.88352"><ele>984.5</ele></trkpt>
    <trkpt lat="37.657072" lon="-3.883595"><ele>984.1</ele></trkpt>
    <trkpt lat="37.657008" lon="-3.883641"><ele>983.7</ele></trkpt>
    <trkpt lat="37.656923" lon="-3.88364"><ele>983.3</ele></trkpt>
    <trkpt lat="37.656822" lon="-3.883579"><ele>982.8</ele></trkpt>
    <trkpt lat="37.656327" lon="-3.882856"><ele>979.7</ele></trkpt>
    <trkpt lat="37.656139" lon="-3.882656"><ele>978.8</ele></trkpt>
    <trkpt lat="37.656049" lon="-3.882632"><ele>978.4</ele></trkpt>
    <trkpt lat="37.655939" lon="-3.882634"><ele>977.9</ele></trkpt>
    <trkpt lat="37.655826" lon="-3.882713"><ele>977.3</ele></trkpt>
    <trkpt lat="37.655663" lon="-3.882961"><ele>976</ele></trkpt>
    <trkpt lat="37.655442" lon="-3.883151"><ele>974.5</ele></trkpt>
    <trkpt lat="37.655346" lon="-3.883319"><ele>973.5</ele></trkpt>
    <trkpt lat="37.655275" lon="-3.883659"><ele>971.6</ele></trkpt>
    <trkpt lat="37.655218" lon="-3.883782"><ele>970.8</ele></trkpt>
    <trkpt lat="37.655129" lon="-3.883857"><ele>970</ele></trkpt>
    <trkpt lat="37.654888" lon="-3.883948"><ele>967.9</ele></trkpt>
    <trkpt lat="37.654766" lon="-3.884063"><ele>966.6</ele></trkpt>
    <trkpt lat="37.654733" lon="-3.884159"><ele>965.9</ele></trkpt>
    <trkpt lat="37.65469" lon="-3.884447"><ele>963.7</ele></trkpt>
    <trkpt lat="37.654633" lon="-3.884535"><ele>962.8</ele></trkpt>
    <trkpt lat="37.654466" lon="-3.884633"><ele>960.9</ele></trkpt>
    <trkpt lat="37.654411" lon="-3.884732"><ele>959.9</ele></trkpt>
    <trkpt lat="37.654405" lon="-3.884831"><ele>959.1</ele></trkpt>
    <trkpt lat="37.65443" lon="-3.88491"><ele>958.4</ele></trkpt>
    <trkpt lat="37.654499" lon="-3.884971"><ele>957.5</ele></trkpt>
    <trkpt lat="37.654571" lon="-3.884988"><ele>956.7</ele></trkpt>
    <trkpt lat="37.654665" lon="-3.884982"><ele>955.8</ele></trkpt>
    <trkpt lat="37.654906" lon="-3.884897"><ele>953</ele></trkpt>
    <trkpt lat="37.655202" lon="-3.884854"><ele>949.6</ele></trkpt>
    <trkpt lat="37.65538" lon="-3.884886"><ele>947.6</ele></trkpt>
    <trkpt lat="37.65547" lon="-3.884948"><ele>946.5</ele></trkpt>
    <trkpt lat="37.655515" lon="-3.885038"><ele>945.6</ele></trkpt>
    <trkpt lat="37.655533" lon="-3.885143"><ele>944.6</ele></trkpt>
    <trkpt lat="37.655527" lon="-3.885373"><ele>942.7</ele></trkpt>
    <trkpt lat="37.655484" lon="-3.885748"><ele>939.4</ele></trkpt>
    <trkpt lat="37.655358" lon="-3.886239"><ele>935.3</ele></trkpt>
    <trkpt lat="37.655359" lon="-3.886391"><ele>934.1</ele></trkpt>
    <trkpt lat="37.655426" lon="-3.886636"><ele>932</ele></trkpt>
    <trkpt lat="37.655423" lon="-3.886726"><ele>931.3</ele></trkpt>
    <trkpt lat="37.655392" lon="-3.886811"><ele>930.5</ele></trkpt>
    <trkpt lat="37.655316" lon="-3.88691"><ele>929.4</ele></trkpt>
    <trkpt lat="37.654903" lon="-3.887181"><ele>924.9</ele></trkpt>
    <trkpt lat="37.654394" lon="-3.887388"><ele>919.5</ele></trkpt>
    <trkpt lat="37.653661" lon="-3.88802"><ele>908.9</ele></trkpt>
    <trkpt lat="37.653191" lon="-3.888204"><ele>901.5</ele></trkpt>
    <trkpt lat="37.652727" lon="-3.888637"><ele>892.1</ele></trkpt>
    <trkpt lat="37.652578" lon="-3.888997"><ele>887</ele></trkpt>
    <trkpt lat="37.652477" lon="-3.889834"><ele>878.1</ele></trkpt>
    <trkpt lat="37.652398" lon="-3.89082"><ele>873.6</ele></trkpt>
    <trkpt lat="37.652426" lon="-3.891027"><ele>873.4</ele></trkpt>
    <trkpt lat="37.6525" lon="-3.89112"><ele>873.3</ele></trkpt>
    <trkpt lat="37.6526" lon="-3.89114"><ele>873.3</ele></trkpt>
    <trkpt lat="37.653268" lon="-3.890792"><ele>872.9</ele></trkpt>
    <trkpt lat="37.653367" lon="-3.890785"><ele>872.8</ele></trkpt>
    <trkpt lat="37.653447" lon="-3.890831"><ele>872.6</ele></trkpt>
    <trkpt lat="37.653972" lon="-3.891431"><ele>869.2</ele></trkpt>
    <trkpt lat="37.654038" lon="-3.891591"><ele>868</ele></trkpt>
    <trkpt lat="37.654037" lon="-3.891695"><ele>867.2</ele></trkpt>
    <trkpt lat="37.654003" lon="-3.891783"><ele>866.4</ele></trkpt>
    <trkpt lat="37.653933" lon="-3.891833"><ele>865.5</ele></trkpt>
    <trkpt lat="37.653851" lon="-3.891849"><ele>864.6</ele></trkpt>
    <trkpt lat="37.653709" lon="-3.891815"><ele>862.8</ele></trkpt>
    <trkpt lat="37.653641" lon="-3.89183"><ele>862</ele></trkpt>
    <trkpt lat="37.653586" lon="-3.891899"><ele>861</ele></trkpt>
    <trkpt lat="37.653555" lon="-3.892016"><ele>859.7</ele></trkpt>
    <trkpt lat="37.653576" lon="-3.892152"><ele>858.3</ele></trkpt>
    <trkpt lat="37.653669" lon="-3.89228"><ele>856.4</ele></trkpt>
    <trkpt lat="37.653725" lon="-3.892424"><ele>854.6</ele></trkpt>
    <trkpt lat="37.653708" lon="-3.89254"><ele>853.3</ele></trkpt>
    <trkpt lat="37.653491" lon="-3.893069"><ele>847</ele></trkpt>
    <trkpt lat="37.653458" lon="-3.893272"><ele>844.9</ele></trkpt>
    <trkpt lat="37.653466" lon="-3.89383"><ele>839.5</ele></trkpt>
    <trkpt lat="37.653444" lon="-3.893982"><ele>838.1</ele></trkpt>
    <trkpt lat="37.653297" lon="-3.894459"><ele>833.9</ele></trkpt>
    <trkpt lat="37.653084" lon="-3.895562"><ele>826</ele></trkpt>
    <trkpt lat="37.653026" lon="-3.895964"><ele>823</ele></trkpt>
    <trkpt lat="37.65315" lon="-3.896879"><ele>816.5</ele></trkpt>
    <trkpt lat="37.65325" lon="-3.8975"><ele>813.7</ele></trkpt>
    <trkpt lat="37.65332" lon="-3.897673"><ele>813.1</ele></trkpt>
    <trkpt lat="37.653401" lon="-3.89778"><ele>812.6</ele></trkpt>
    <trkpt lat="37.653493" lon="-3.897837"><ele>812.2</ele></trkpt>
    <trkpt lat="37.653607" lon="-3.897829"><ele>811.8</ele></trkpt>
    <trkpt lat="37.654131" lon="-3.897529"><ele>810.4</ele></trkpt>
    <trkpt lat="37.655273" lon="-3.8971"><ele>806.2</ele></trkpt>
    <trkpt lat="37.655448" lon="-3.897056"><ele>804.8</ele></trkpt>
    <trkpt lat="37.655585" lon="-3.897059"><ele>803.7</ele></trkpt>
    <trkpt lat="37.65575" lon="-3.89715"><ele>802.3</ele></trkpt>
    <trkpt lat="37.655869" lon="-3.89738"><ele>800.5</ele></trkpt>
    <trkpt lat="37.65596" lon="-3.897647"><ele>798.6</ele></trkpt>
    <trkpt lat="37.655959" lon="-3.897788"><ele>797.7</ele></trkpt>
    <trkpt lat="37.655862" lon="-3.897954"><ele>796.3</ele></trkpt>
    <trkpt lat="37.655773" lon="-3.89797"><ele>795.6</ele></trkpt>
    <trkpt lat="37.655622" lon="-3.897886"><ele>794.3</ele></trkpt>
    <trkpt lat="37.65551" lon="-3.897647"><ele>792.6</ele></trkpt>
    <trkpt lat="37.655456" lon="-3.897604"><ele>792.2</ele></trkpt>
    <trkpt lat="37.655314" lon="-3.89759"><ele>791.3</ele></trkpt>
    <trkpt lat="37.654382" lon="-3.89826"><ele>784.3</ele></trkpt>
    <trkpt lat="37.653892" lon="-3.898839"><ele>777.7</ele></trkpt>
    <trkpt lat="37.653674" lon="-3.899025"><ele>774.6</ele></trkpt>
    <trkpt lat="37.653296" lon="-3.899229"><ele>769.2</ele></trkpt>
    <trkpt lat="37.652857" lon="-3.899595"><ele>762.8</ele></trkpt>
    <trkpt lat="37.652748" lon="-3.899656"><ele>761.5</ele></trkpt>
    <trkpt lat="37.652629" lon="-3.899675"><ele>760.1</ele></trkpt>
    <trkpt lat="37.652508" lon="-3.89965"><ele>758.8</ele></trkpt>
    <trkpt lat="37.652223" lon="-3.899482"><ele>755.7</ele></trkpt>
    <trkpt lat="37.651974" lon="-3.899274"><ele>753.1</ele></trkpt>
    <trkpt lat="37.651876" lon="-3.899227"><ele>752.3</ele></trkpt>
    <trkpt lat="37.651804" lon="-3.899225"><ele>751.8</ele></trkpt>
    <trkpt lat="37.651723" lon="-3.899264"><ele>751.2</ele></trkpt>
    <trkpt lat="37.651659" lon="-3.899335"><ele>750.6</ele></trkpt>
    <trkpt lat="37.65163" lon="-3.899455"><ele>749.9</ele></trkpt>
    <trkpt lat="37.65165" lon="-3.89958"><ele>749.3</ele></trkpt>
    <trkpt lat="37.651708" lon="-3.899684"><ele>748.7</ele></trkpt>
    <trkpt lat="37.652154" lon="-3.900117"><ele>746.5</ele></trkpt>
    <trkpt lat="37.652212" lon="-3.900192"><ele>746.2</ele></trkpt>
    <trkpt lat="37.65223" lon="-3.900319"><ele>746</ele></trkpt>
    <trkpt lat="37.652197" lon="-3.900525"><ele>745.8</ele></trkpt>
    <trkpt lat="37.652265" lon="-3.900676"><ele>745.7</ele></trkpt>
    <trkpt lat="37.652225" lon="-3.900798"><ele>745.7</ele></trkpt>
    <trkpt lat="37.651912" lon="-3.901148"><ele>746.2</ele></trkpt>
    <trkpt lat="37.651789" lon="-3.901243"><ele>746.6</ele></trkpt>
    <trkpt lat="37.651474" lon="-3.901372"><ele>747.8</ele></trkpt>
    <trkpt lat="37.650899" lon="-3.901509"><ele>750.7</ele></trkpt>
    <trkpt lat="37.650674" lon="-3.901662"><ele>751.9</ele></trkpt>
    <trkpt lat="37.650654" lon="-3.901711"><ele>752.1</ele></trkpt>
    <trkpt lat="37.650604" lon="-3.901833"><ele>752.6</ele></trkpt>
    <trkpt lat="37.650473" lon="-3.902752"><ele>755.2</ele></trkpt>
    <trkpt lat="37.650286" lon="-3.903388"><ele>756.4</ele></trkpt>
    <trkpt lat="37.650051" lon="-3.903849"><ele>756.7</ele></trkpt>
    <trkpt lat="37.649456" lon="-3.90472"><ele>757</ele></trkpt>
    <trkpt lat="37.649229" lon="-3.90542"><ele>757.5</ele></trkpt>
    <trkpt lat="37.648854" lon="-3.906204"><ele>758.4</ele></trkpt>
    <trkpt lat="37.648582" lon="-3.906627"><ele>759</ele></trkpt>
    <trkpt lat="37.648264" lon="-3.90699"><ele>759.6</ele></trkpt>
    <trkpt lat="37.648205" lon="-3.907088"><ele>759.8</ele></trkpt>
    <trkpt lat="37.648166" lon="-3.907271"><ele>759.9</ele></trkpt>
    <trkpt lat="37.648187" lon="-3.907459"><ele>760.1</ele></trkpt>
    <trkpt lat="37.648275" lon="-3.907746"><ele>760.5</ele></trkpt>
    <trkpt lat="37.648292" lon="-3.907881"><ele>760.7</ele></trkpt>
    <trkpt lat="37.648255" lon="-3.908003"><ele>760.8</ele></trkpt>
    <trkpt lat="37.648056" lon="-3.908302"><ele>761.1</ele></trkpt>
    <trkpt lat="37.64795" lon="-3.908512"><ele>761.2</ele></trkpt>
    <trkpt lat="37.647933" lon="-3.908593"><ele>761.2</ele></trkpt>
    <trkpt lat="37.647953" lon="-3.908912"><ele>761.1</ele></trkpt>
    <trkpt lat="37.647963" lon="-3.909211"><ele>760.9</ele></trkpt>
    <trkpt lat="37.647945" lon="-3.909456"><ele>760.6</ele></trkpt>
    <trkpt lat="37.647735" lon="-3.910596"><ele>758.5</ele></trkpt>
    <trkpt lat="37.647454" lon="-3.91178"><ele>754.1</ele></trkpt>
    <trkpt lat="37.647329" lon="-3.912112"><ele>752.8</ele></trkpt>
    <trkpt lat="37.64724" lon="-3.912348"><ele>751.9</ele></trkpt>
    <trkpt lat="37.647253" lon="-3.912662"><ele>750.9</ele></trkpt>
    <trkpt lat="37.647338" lon="-3.913003"><ele>749.8</ele></trkpt>
    <trkpt lat="37.647559" lon="-3.913345"><ele>748.4</ele></trkpt>
    <trkpt lat="37.64819" lon="-3.913826"><ele>745</ele></trkpt>
    <trkpt lat="37.648227" lon="-3.91388"><ele>744.7</ele></trkpt>
    <trkpt lat="37.64832" lon="-3.91402"><ele>743.8</ele></trkpt>
    <trkpt lat="37.648376" lon="-3.91423"><ele>742.6</ele></trkpt>
    <trkpt lat="37.648234" lon="-3.914527"><ele>740.3</ele></trkpt>
    <trkpt lat="37.647898" lon="-3.915038"><ele>735.2</ele></trkpt>
    <trkpt lat="37.647866" lon="-3.915092"><ele>734.6</ele></trkpt>
    <trkpt lat="37.647734" lon="-3.91523"><ele>732.7</ele></trkpt>
    <trkpt lat="37.647478" lon="-3.915345"><ele>729.8</ele></trkpt>
    <trkpt lat="37.646993" lon="-3.915563"><ele>724.4</ele></trkpt>
    <trkpt lat="37.646711" lon="-3.915688"><ele>721.4</ele></trkpt>
    <trkpt lat="37.645746" lon="-3.916133"><ele>713.6</ele></trkpt>
    <trkpt lat="37.645504" lon="-3.915187"><ele>709.9</ele></trkpt>
    <trkpt lat="37.645476" lon="-3.914948"><ele>709.1</ele></trkpt>
    <trkpt lat="37.645439" lon="-3.91471"><ele>708.4</ele></trkpt>
    <trkpt lat="37.645406" lon="-3.914621"><ele>708.2</ele></trkpt>
    <trkpt lat="37.645398" lon="-3.914435"><ele>707.7</ele></trkpt>
    <trkpt lat="37.645398" lon="-3.914402"><ele>707.6</ele></trkpt>
    <trkpt lat="37.645393" lon="-3.913485"><ele>704.9</ele></trkpt>
    <trkpt lat="37.645426" lon="-3.913033"><ele>703.7</ele></trkpt>
    <trkpt lat="37.645524" lon="-3.912443"><ele>702.1</ele></trkpt>
    <trkpt lat="37.645538" lon="-3.912186"><ele>701.4</ele></trkpt>
    <trkpt lat="37.645493" lon="-3.911961"><ele>700.9</ele></trkpt>
    <trkpt lat="37.645423" lon="-3.911778"><ele>700.6</ele></trkpt>
    <trkpt lat="37.64513" lon="-3.91145"><ele>700.4</ele></trkpt>
    <trkpt lat="37.645044" lon="-3.911388"><ele>700.5</ele></trkpt>
    <trkpt lat="37.644822" lon="-3.91133"><ele>700.7</ele></trkpt>
    <trkpt lat="37.644732" lon="-3.911312"><ele>700.9</ele></trkpt>
    <trkpt lat="37.644017" lon="-3.911166"><ele>702.5</ele></trkpt>
    <trkpt lat="37.643859" lon="-3.911158"><ele>703.1</ele></trkpt>
    <trkpt lat="37.643763" lon="-3.911223"><ele>703.5</ele></trkpt>
    <trkpt lat="37.643693" lon="-3.911314"><ele>703.9</ele></trkpt>
    <trkpt lat="37.643244" lon="-3.912477"><ele>706.9</ele></trkpt>
    <trkpt lat="37.643232" lon="-3.912692"><ele>707</ele></trkpt>
    <trkpt lat="37.643247" lon="-3.912913"><ele>707.1</ele></trkpt>
    <trkpt lat="37.643445" lon="-3.913496"><ele>706.8</ele></trkpt>
    <trkpt lat="37.643499" lon="-3.913936"><ele>706.2</ele></trkpt>
    <trkpt lat="37.643515" lon="-3.91433"><ele>705.6</ele></trkpt>
    <trkpt lat="37.643483" lon="-3.914574"><ele>705.3</ele></trkpt>
    <trkpt lat="37.643059" lon="-3.915497"><ele>705.7</ele></trkpt>
    <trkpt lat="37.642857" lon="-3.915887"><ele>707.1</ele></trkpt>
    <trkpt lat="37.642725" lon="-3.916039"><ele>708</ele></trkpt>
    <trkpt lat="37.642422" lon="-3.91619"><ele>709.6</ele></trkpt>
    <trkpt lat="37.642232" lon="-3.916316"><ele>710.6</ele></trkpt>
    <trkpt lat="37.642049" lon="-3.916498"><ele>711.6</ele></trkpt>
    <trkpt lat="37.641735" lon="-3.917106"><ele>713.1</ele></trkpt>
    <trkpt lat="37.641708" lon="-3.917264"><ele>713.4</ele></trkpt>
    <trkpt lat="37.641722" lon="-3.917419"><ele>713.6</ele></trkpt>
    <trkpt lat="37.641885" lon="-3.917807"><ele>714.3</ele></trkpt>
    <trkpt lat="37.641904" lon="-3.917949"><ele>714.4</ele></trkpt>
    <trkpt lat="37.641862" lon="-3.918109"><ele>714.6</ele></trkpt>
    <trkpt lat="37.641764" lon="-3.918211"><ele>714.8</ele></trkpt>
    <trkpt lat="37.641325" lon="-3.918428"><ele>715.2</ele></trkpt>
    <trkpt lat="37.641196" lon="-3.918521"><ele>715.4</ele></trkpt>
    <trkpt lat="37.641089" lon="-3.918685"><ele>715.6</ele></trkpt>
    <trkpt lat="37.640931" lon="-3.919087"><ele>716.1</ele></trkpt>
    <trkpt lat="37.640828" lon="-3.919182"><ele>716.2</ele></trkpt>
    <trkpt lat="37.640702" lon="-3.919213"><ele>716.3</ele></trkpt>
    <trkpt lat="37.638684" lon="-3.918896"><ele>713.8</ele></trkpt>
    <trkpt lat="37.63854" lon="-3.91889"><ele>713.9</ele></trkpt>
    <trkpt lat="37.638447" lon="-3.918925"><ele>713.9</ele></trkpt>
    <trkpt lat="37.63837" lon="-3.918996"><ele>714</ele></trkpt>
    <trkpt lat="37.638304" lon="-3.919165"><ele>714.1</ele></trkpt>
    <trkpt lat="37.638219" lon="-3.91963"><ele>714.4</ele></trkpt>
    <trkpt lat="37.638152" lon="-3.92033"><ele>714.7</ele></trkpt>
    <trkpt lat="37.638184" lon="-3.920563"><ele>714.7</ele></trkpt>
    <trkpt lat="37.638442" lon="-3.921453"><ele>715.3</ele></trkpt>
    <trkpt lat="37.638444" lon="-3.921618"><ele>715.5</ele></trkpt>
    <trkpt lat="37.638418" lon="-3.921791"><ele>715.8</ele></trkpt>
    <trkpt lat="37.638167" lon="-3.923115"><ele>719.4</ele></trkpt>
    <trkpt lat="37.63816" lon="-3.923361"><ele>720.2</ele></trkpt>
    <trkpt lat="37.638215" lon="-3.923557"><ele>720.9</ele></trkpt>
    <trkpt lat="37.638748" lon="-3.924577"><ele>725.2</ele></trkpt>
    <trkpt lat="37.638846" lon="-3.925216"><ele>727.5</ele></trkpt>
    <trkpt lat="37.639044" lon="-3.925989"><ele>729.1</ele></trkpt>
    <trkpt lat="37.639105" lon="-3.926625"><ele>728.3</ele></trkpt>
    <trkpt lat="37.639219" lon="-3.927105"><ele>726.5</ele></trkpt>
    <trkpt lat="37.639217" lon="-3.927315"><ele>725.5</ele></trkpt>
    <trkpt lat="37.639162" lon="-3.927557"><ele>724.2</ele></trkpt>
    <trkpt lat="37.639079" lon="-3.927736"><ele>723</ele></trkpt>
    <trkpt lat="37.638964" lon="-3.92786"><ele>722</ele></trkpt>
    <trkpt lat="37.638817" lon="-3.927912"><ele>721</ele></trkpt>
    <trkpt lat="37.638538" lon="-3.927924"><ele>719.2</ele></trkpt>
    <trkpt lat="37.637707" lon="-3.92784"><ele>715.2</ele></trkpt>
    <trkpt lat="37.63747" lon="-3.927693"><ele>714.3</ele></trkpt>
    <trkpt lat="37.637056" lon="-3.927538"><ele>712.7</ele></trkpt>
    <trkpt lat="37.636729" lon="-3.927569"><ele>711.2</ele></trkpt>
    <trkpt lat="37.636158" lon="-3.927494"><ele>707.8</ele></trkpt>
    <trkpt lat="37.635781" lon="-3.927603"><ele>705.1</ele></trkpt>
    <trkpt lat="37.635327" lon="-3.92784"><ele>701.5</ele></trkpt>
    <trkpt lat="37.635069" lon="-3.927827"><ele>699.7</ele></trkpt>
    <trkpt lat="37.634641" lon="-3.927928"><ele>697</ele></trkpt>
    <trkpt lat="37.634288" lon="-3.927877"><ele>694.9</ele></trkpt>
    <trkpt lat="37.634112" lon="-3.927624"><ele>693.5</ele></trkpt>
    <trkpt lat="37.633922" lon="-3.927262"><ele>691.5</ele></trkpt>
    <trkpt lat="37.633781" lon="-3.927185"><ele>690.7</ele></trkpt>
    <trkpt lat="37.633394" lon="-3.92722"><ele>688.7</ele></trkpt>
    <trkpt lat="37.633144" lon="-3.927146"><ele>687.3</ele></trkpt>
    <trkpt lat="37.632894" lon="-3.926817"><ele>685.3</ele></trkpt>
    <trkpt lat="37.632365" lon="-3.926391"><ele>682.1</ele></trkpt>
    <trkpt lat="37.631937" lon="-3.926284"><ele>680.5</ele></trkpt>
    <trkpt lat="37.631812" lon="-3.926112"><ele>680</ele></trkpt>
    <trkpt lat="37.631707" lon="-3.925748"><ele>679.5</ele></trkpt>
    <trkpt lat="37.631398" lon="-3.925532"><ele>679.2</ele></trkpt>
    <trkpt lat="37.631066" lon="-3.92524"><ele>679.4</ele></trkpt>
    <trkpt lat="37.630684" lon="-3.924621"><ele>680.1</ele></trkpt>
    <trkpt lat="37.630358" lon="-3.924444"><ele>680.6</ele></trkpt>
    <trkpt lat="37.62986" lon="-3.92456"><ele>681</ele></trkpt>
    <trkpt lat="37.629614" lon="-3.924458"><ele>681</ele></trkpt>
    <trkpt lat="37.629354" lon="-3.923989"><ele>680.5</ele></trkpt>
    <trkpt lat="37.62923" lon="-3.923663"><ele>680</ele></trkpt>
    <trkpt lat="37.62908" lon="-3.922414"><ele>679.8</ele></trkpt>
    <trkpt lat="37.628816" lon="-3.921335"><ele>682.4</ele></trkpt>
    <trkpt lat="37.628767" lon="-3.921208"><ele>682.8</ele></trkpt>
    <trkpt lat="37.628683" lon="-3.921091"><ele>683.1</ele></trkpt>
    <trkpt lat="37.628558" lon="-3.921044"><ele>683.3</ele></trkpt>
    <trkpt lat="37.628436" lon="-3.921073"><ele>683.5</ele></trkpt>
    <trkpt lat="37.628346" lon="-3.921168"><ele>683.5</ele></trkpt>
    <trkpt lat="37.628303" lon="-3.921383"><ele>683.3</ele></trkpt>
    <trkpt lat="37.628333" lon="-3.921854"><ele>682</ele></trkpt>
    <trkpt lat="37.628304" lon="-3.921998"><ele>681.3</ele></trkpt>
    <trkpt lat="37.628152" lon="-3.92227"><ele>679.3</ele></trkpt>
    <trkpt lat="37.62789" lon="-3.922621"><ele>675.5</ele></trkpt>
    <trkpt lat="37.627609" lon="-3.92293"><ele>670.9</ele></trkpt>
    <trkpt lat="37.627518" lon="-3.92311"><ele>668.7</ele></trkpt>
    <trkpt lat="37.627313" lon="-3.923361"><ele>665.3</ele></trkpt>
    <trkpt lat="37.62699" lon="-3.92338"><ele>661.6</ele></trkpt>
    <trkpt lat="37.626826" lon="-3.923288"><ele>659.6</ele></trkpt>
    <trkpt lat="37.62615" lon="-3.921737"><ele>650</ele></trkpt>
    <trkpt lat="37.626097" lon="-3.921218"><ele>648.9</ele></trkpt>
    <trkpt lat="37.625917" lon="-3.920373"><ele>648.1</ele></trkpt>
    <trkpt lat="37.625692" lon="-3.919908"><ele>648.1</ele></trkpt>
    <trkpt lat="37.62311" lon="-3.916744"><ele>648.1</ele></trkpt>
    <trkpt lat="37.622777" lon="-3.916336"><ele>649.4</ele></trkpt>
    <trkpt lat="37.62254" lon="-3.91612"><ele>650.5</ele></trkpt>
    <trkpt lat="37.621504" lon="-3.915872"><ele>653.9</ele></trkpt>
    <trkpt lat="37.62108" lon="-3.916054"><ele>654.3</ele></trkpt>
    <trkpt lat="37.620821" lon="-3.916096"><ele>654.1</ele></trkpt>
    <trkpt lat="37.620403" lon="-3.915814"><ele>652.9</ele></trkpt>
    <trkpt lat="37.62018" lon="-3.915695"><ele>651.9</ele></trkpt>
    <trkpt lat="37.618348" lon="-3.916146"><ele>641.4</ele></trkpt>
    <trkpt lat="37.617251" lon="-3.917183"><ele>632.9</ele></trkpt>
    <trkpt lat="37.616655" lon="-3.918232"><ele>626.9</ele></trkpt>
    <trkpt lat="37.616386" lon="-3.918493"><ele>624.8</ele></trkpt>
    <trkpt lat="37.616232" lon="-3.918566"><ele>623.8</ele></trkpt>
    <trkpt lat="37.616093" lon="-3.918572"><ele>623</ele></trkpt>
    <trkpt lat="37.615978" lon="-3.918499"><ele>622.2</ele></trkpt>
    <trkpt lat="37.615922" lon="-3.918419"><ele>621.7</ele></trkpt>
    <trkpt lat="37.615888" lon="-3.91827"><ele>621.1</ele></trkpt>
    <trkpt lat="37.61591" lon="-3.917811"><ele>619.3</ele></trkpt>
    <trkpt lat="37.615866" lon="-3.917669"><ele>618.8</ele></trkpt>
    <trkpt lat="37.615802" lon="-3.917568"><ele>618.4</ele></trkpt>
    <trkpt lat="37.615681" lon="-3.917504"><ele>617.9</ele></trkpt>
    <trkpt lat="37.615567" lon="-3.917509"><ele>617.6</ele></trkpt>
    <trkpt lat="37.615021" lon="-3.917859"><ele>616.8</ele></trkpt>
    <trkpt lat="37.61467" lon="-3.91794"><ele>617.3</ele></trkpt>
    <trkpt lat="37.61411" lon="-3.917693"><ele>619.5</ele></trkpt>
    <trkpt lat="37.613992" lon="-3.917563"><ele>620.3</ele></trkpt>
    <trkpt lat="37.61382" lon="-3.917188"><ele>622</ele></trkpt>
    <trkpt lat="37.613614" lon="-3.916957"><ele>623.3</ele></trkpt>
    <trkpt lat="37.613396" lon="-3.916835"><ele>624.6</ele></trkpt>
    <trkpt lat="37.613321" lon="-3.916739"><ele>625.3</ele></trkpt>
    <trkpt lat="37.613285" lon="-3.916607"><ele>625.9</ele></trkpt>
    <trkpt lat="37.613282" lon="-3.916288"><ele>627.7</ele></trkpt>
    <trkpt lat="37.613236" lon="-3.916148"><ele>628.6</ele></trkpt>
    <trkpt lat="37.613148" lon="-3.916054"><ele>629.5</ele></trkpt>
    <trkpt lat="37.613022" lon="-3.916012"><ele>630.5</ele></trkpt>
    <trkpt lat="37.612873" lon="-3.916032"><ele>631.8</ele></trkpt>
    <trkpt lat="37.61265" lon="-3.916172"><ele>633.6</ele></trkpt>
    <trkpt lat="37.61247" lon="-3.916226"><ele>635</ele></trkpt>
    <trkpt lat="37.612282" lon="-3.916218"><ele>636.6</ele></trkpt>
    <trkpt lat="37.612121" lon="-3.916101"><ele>638.3</ele></trkpt>
    <trkpt lat="37.611733" lon="-3.915254"><ele>644.8</ele></trkpt>
    <trkpt lat="37.611435" lon="-3.914916"><ele>646.9</ele></trkpt>
    <trkpt lat="37.611013" lon="-3.914116"><ele>648.9</ele></trkpt>
    <trkpt lat="37.610362" lon="-3.913343"><ele>649.9</ele></trkpt>
    <trkpt lat="37.609716" lon="-3.913051"><ele>651.5</ele></trkpt>
    <trkpt lat="37.60931" lon="-3.91311"><ele>653</ele></trkpt>
    <trkpt lat="37.60872" lon="-3.91327"><ele>655.8</ele></trkpt>
    <trkpt lat="37.608517" lon="-3.913241"><ele>656.8</ele></trkpt>
    <trkpt lat="37.608072" lon="-3.912486"><ele>660.8</ele></trkpt>
    <trkpt lat="37.607699" lon="-3.912291"><ele>662.9</ele></trkpt>
    <trkpt lat="37.607395" lon="-3.91204"><ele>664.7</ele></trkpt>
    <trkpt lat="37.60628" lon="-3.911824"><ele>669.6</ele></trkpt>
    <trkpt lat="37.606084" lon="-3.911716"><ele>670.4</ele></trkpt>
    <trkpt lat="37.605621" lon="-3.911131"><ele>673.2</ele></trkpt>
    <trkpt lat="37.605197" lon="-3.910811"><ele>675.7</ele></trkpt>
    <trkpt lat="37.604798" lon="-3.91088"><ele>678.1</ele></trkpt>
    <trkpt lat="37.604216" lon="-3.910499"><ele>682.9</ele></trkpt>
    <trkpt lat="37.60337" lon="-3.910352"><ele>689.7</ele></trkpt>
    <trkpt lat="37.602984" lon="-3.910401"><ele>692.7</ele></trkpt>
    <trkpt lat="37.602883" lon="-3.910377"><ele>693.5</ele></trkpt>
    <trkpt lat="37.602821" lon="-3.910309"><ele>694.1</ele></trkpt>
    <trkpt lat="37.602717" lon="-3.910068"><ele>695.8</ele></trkpt>
    <trkpt lat="37.602641" lon="-3.909747"><ele>697.8</ele></trkpt>
    <trkpt lat="37.602587" lon="-3.90961"><ele>698.7</ele></trkpt>
    <trkpt lat="37.60249" lon="-3.909495"><ele>699.7</ele></trkpt>
    <trkpt lat="37.602288" lon="-3.909373"><ele>701.2</ele></trkpt>
    <trkpt lat="37.602206" lon="-3.909283"><ele>701.9</ele></trkpt>
    <trkpt lat="37.602137" lon="-3.909125"><ele>702.9</ele></trkpt>
    <trkpt lat="37.602124" lon="-3.90878"><ele>704.7</ele></trkpt>
    <trkpt lat="37.602071" lon="-3.908467"><ele>706.4</ele></trkpt>
    <trkpt lat="37.601876" lon="-3.908027"><ele>709.2</ele></trkpt>
    <trkpt lat="37.601782" lon="-3.907939"><ele>710.1</ele></trkpt>
    <trkpt lat="37.601655" lon="-3.907919"><ele>711</ele></trkpt>
    <trkpt lat="37.601548" lon="-3.907947"><ele>711.8</ele></trkpt>
    <trkpt lat="37.600926" lon="-3.908325"><ele>716.7</ele></trkpt>
    <trkpt lat="37.600723" lon="-3.908605"><ele>718.8</ele></trkpt>
    <trkpt lat="37.600602" lon="-3.908829"><ele>720.2</ele></trkpt>
    <trkpt lat="37.600585" lon="-3.909059"><ele>721.2</ele></trkpt>
    <trkpt lat="37.600641" lon="-3.909446"><ele>722.8</ele></trkpt>
    <trkpt lat="37.600623" lon="-3.909567"><ele>723.1</ele></trkpt>
    <trkpt lat="37.60044" lon="-3.91009"><ele>724.3</ele></trkpt>
    <trkpt lat="37.60035" lon="-3.91026"><ele>724.6</ele></trkpt>
    <trkpt lat="37.600229" lon="-3.910372"><ele>724.8</ele></trkpt>
    <trkpt lat="37.600095" lon="-3.910417"><ele>725</ele></trkpt>
    <trkpt lat="37.59997" lon="-3.910384"><ele>725.1</ele></trkpt>
    <trkpt lat="37.599849" lon="-3.910267"><ele>725.3</ele></trkpt>
    <trkpt lat="37.599732" lon="-3.910039"><ele>725.6</ele></trkpt>
    <trkpt lat="37.599654" lon="-3.909713"><ele>726.1</ele></trkpt>
    <trkpt lat="37.599637" lon="-3.90944"><ele>726.7</ele></trkpt>
    <trkpt lat="37.599736" lon="-3.907989"><ele>731.7</ele></trkpt>
    <trkpt lat="37.599674" lon="-3.907591"><ele>733.7</ele></trkpt>
    <trkpt lat="37.599338" lon="-3.907006"><ele>737.8</ele></trkpt>
    <trkpt lat="37.599326" lon="-3.90676"><ele>739.4</ele></trkpt>
    <trkpt lat="37.59947" lon="-3.90585"><ele>745.8</ele></trkpt>
    <trkpt lat="37.59943" lon="-3.90556"><ele>747.9</ele></trkpt>
    <trkpt lat="37.59931" lon="-3.90535"><ele>749.8</ele></trkpt>
    <trkpt lat="37.5991" lon="-3.90522"><ele>751.8</ele></trkpt>
    <trkpt lat="37.598278" lon="-3.904822"><ele>757</ele></trkpt>
    <trkpt lat="37.597428" lon="-3.904663"><ele>757.4</ele></trkpt>
    <trkpt lat="37.596612" lon="-3.90476"><ele>754.3</ele></trkpt>
    <trkpt lat="37.59595" lon="-3.904487"><ele>751.7</ele></trkpt>
    <trkpt lat="37.595564" lon="-3.904618"><ele>751.1</ele></trkpt>
    <trkpt lat="37.595146" lon="-3.904753"><ele>751</ele></trkpt>
    <trkpt lat="37.595036" lon="-3.904765"><ele>751.1</ele></trkpt>
    <trkpt lat="37.59481" lon="-3.90466"><ele>751.2</ele></trkpt>
    <trkpt lat="37.594676" lon="-3.904529"><ele>751.3</ele></trkpt>
    <trkpt lat="37.594613" lon="-3.904393"><ele>751.2</ele></trkpt>
    <trkpt lat="37.594605" lon="-3.904249"><ele>751.2</ele></trkpt>
    <trkpt lat="37.594635" lon="-3.904119"><ele>751.1</ele></trkpt>
    <trkpt lat="37.594729" lon="-3.903989"><ele>750.9</ele></trkpt>
    <trkpt lat="37.594966" lon="-3.903859"><ele>750.3</ele></trkpt>
    <trkpt lat="37.595175" lon="-3.903658"><ele>749.2</ele></trkpt>
    <trkpt lat="37.595492" lon="-3.903095"><ele>746</ele></trkpt>
    <trkpt lat="37.595595" lon="-3.902836"><ele>744.2</ele></trkpt>
    <trkpt lat="37.595614" lon="-3.902707"><ele>743.4</ele></trkpt>
    <trkpt lat="37.595599" lon="-3.902572"><ele>742.5</ele></trkpt>
    <trkpt lat="37.595175" lon="-3.901708"><ele>736.3</ele></trkpt>
    <trkpt lat="37.595022" lon="-3.901516"><ele>734.9</ele></trkpt>
    <trkpt lat="37.594834" lon="-3.901356"><ele>733.5</ele></trkpt>
    <trkpt lat="37.594478" lon="-3.901161"><ele>731.3</ele></trkpt>
    <trkpt lat="37.594158" lon="-3.901138"><ele>729.3</ele></trkpt>
    <trkpt lat="37.593896" lon="-3.901231"><ele>727.7</ele></trkpt>
    <trkpt lat="37.593694" lon="-3.901111"><ele>726.4</ele></trkpt>
    <trkpt lat="37.593516" lon="-3.900645"><ele>724.1</ele></trkpt>
    <trkpt lat="37.593318" lon="-3.900364"><ele>722.5</ele></trkpt>
    <trkpt lat="37.593051" lon="-3.90028"><ele>721</ele></trkpt>
    <trkpt lat="37.592628" lon="-3.900623"><ele>718.2</ele></trkpt>
    <trkpt lat="37.59232" lon="-3.900649"><ele>716.6</ele></trkpt>
    <trkpt lat="37.592137" lon="-3.900497"><ele>715.6</ele></trkpt>
    <trkpt lat="37.591915" lon="-3.900056"><ele>714</ele></trkpt>
    <trkpt lat="37.591629" lon="-3.89989"><ele>713</ele></trkpt>
    <trkpt lat="37.59121" lon="-3.89998"><ele>711.6</ele></trkpt>
    <trkpt lat="37.590906" lon="-3.899733"><ele>710.7</ele></trkpt>
    <trkpt lat="37.59041" lon="-3.89977"><ele>709.2</ele></trkpt>
    <trkpt lat="37.59003" lon="-3.89996"><ele>707.8</ele></trkpt>
    <trkpt lat="37.589801" lon="-3.900136"><ele>706.4</ele></trkpt>
    <trkpt lat="37.589608" lon="-3.900283"><ele>704.9</ele></trkpt>
    <trkpt lat="37.589093" lon="-3.90026"><ele>700.5</ele></trkpt>
    <trkpt lat="37.588736" lon="-3.89995"><ele>696.3</ele></trkpt>
    <trkpt lat="37.58842" lon="-3.899933"><ele>693.2</ele></trkpt>
    <trkpt lat="37.58813" lon="-3.900273"><ele>689.4</ele></trkpt>
    <trkpt lat="37.587972" lon="-3.900793"><ele>685.4</ele></trkpt>
    <trkpt lat="37.587494" lon="-3.900847"><ele>681.6</ele></trkpt>
    <trkpt lat="37.58719" lon="-3.90103"><ele>679.4</ele></trkpt>
    <trkpt lat="37.586726" lon="-3.901183"><ele>676.5</ele></trkpt>
    <trkpt lat="37.586533" lon="-3.901321"><ele>675.2</ele></trkpt>
    <trkpt lat="37.58644" lon="-3.90157"><ele>673.9</ele></trkpt>
    <trkpt lat="37.586417" lon="-3.901845"><ele>672.8</ele></trkpt>
    <trkpt lat="37.586067" lon="-3.902566"><ele>669.9</ele></trkpt>
    <trkpt lat="37.585993" lon="-3.902807"><ele>669.3</ele></trkpt>
    <trkpt lat="37.585984" lon="-3.903604"><ele>667.6</ele></trkpt>
    <trkpt lat="37.585776" lon="-3.903897"><ele>666.9</ele></trkpt>
    <trkpt lat="37.585458" lon="-3.904795"><ele>665</ele></trkpt>
    <trkpt lat="37.584872" lon="-3.905556"><ele>662.2</ele></trkpt>
    <trkpt lat="37.584556" lon="-3.906006"><ele>660.4</ele></trkpt>
    <trkpt lat="37.584463" lon="-3.906709"><ele>658.4</ele></trkpt>
    <trkpt lat="37.583367" lon="-3.907957"><ele>654.1</ele></trkpt>
    <trkpt lat="37.58322" lon="-3.90838"><ele>653</ele></trkpt>
    <trkpt lat="37.58311" lon="-3.90882"><ele>651.9</ele></trkpt>
    <trkpt lat="37.582999" lon="-3.909593"><ele>650.1</ele></trkpt>
    <trkpt lat="37.58298" lon="-3.909939"><ele>649.4</ele></trkpt>
    <trkpt lat="37.583188" lon="-3.910832"><ele>647.3</ele></trkpt>
    <trkpt lat="37.583165" lon="-3.91156"><ele>645.8</ele></trkpt>
    <trkpt lat="37.582904" lon="-3.912459"><ele>646.9</ele></trkpt>
    <trkpt lat="37.582837" lon="-3.912567"><ele>647.4</ele></trkpt>
    <trkpt lat="37.582728" lon="-3.912641"><ele>647.9</ele></trkpt>
    <trkpt lat="37.582469" lon="-3.91274"><ele>648.8</ele></trkpt>
    <trkpt lat="37.582395" lon="-3.912789"><ele>649</ele></trkpt>
    <trkpt lat="37.582317" lon="-3.912885"><ele>649.3</ele></trkpt>
    <trkpt lat="37.582279" lon="-3.913031"><ele>649.7</ele></trkpt>
    <trkpt lat="37.582289" lon="-3.913187"><ele>650</ele></trkpt>
    <trkpt lat="37.582359" lon="-3.913303"><ele>650.3</ele></trkpt>
    <trkpt lat="37.582471" lon="-3.913371"><ele>650.7</ele></trkpt>
    <trkpt lat="37.582638" lon="-3.913399"><ele>651.2</ele></trkpt>
    <trkpt lat="37.583219" lon="-3.913352"><ele>652.6</ele></trkpt>
    <trkpt lat="37.583963" lon="-3.913835"><ele>653.3</ele></trkpt>
    <trkpt lat="37.584209" lon="-3.913914"><ele>654.4</ele></trkpt>
    <trkpt lat="37.584288" lon="-3.91399"><ele>655</ele></trkpt>
    <trkpt lat="37.584319" lon="-3.914071"><ele>655.4</ele></trkpt>
    <trkpt lat="37.584317" lon="-3.914171"><ele>655.9</ele></trkpt>
    <trkpt lat="37.584284" lon="-3.914252"><ele>656.3</ele></trkpt>
    <trkpt lat="37.584209" lon="-3.914318"><ele>656.9</ele></trkpt>
    <trkpt lat="37.584114" lon="-3.91433"><ele>657.5</ele></trkpt>
    <trkpt lat="37.584008" lon="-3.914291"><ele>658.4</ele></trkpt>
    <trkpt lat="37.583646" lon="-3.913932"><ele>662.4</ele></trkpt>
    <trkpt lat="37.583564" lon="-3.913907"><ele>663.2</ele></trkpt>
    <trkpt lat="37.583196" lon="-3.913947"><ele>666.2</ele></trkpt>
    <trkpt lat="37.582877" lon="-3.91381"><ele>668.8</ele></trkpt>
    <trkpt lat="37.582718" lon="-3.913809"><ele>669.9</ele></trkpt>
    <trkpt lat="37.582316" lon="-3.913889"><ele>672.5</ele></trkpt>
    <trkpt lat="37.582148" lon="-3.913844"><ele>673.5</ele></trkpt>
    <trkpt lat="37.58135" lon="-3.91317"><ele>677.8</ele></trkpt>
    <trkpt lat="37.58086" lon="-3.91309"><ele>679.5</ele></trkpt>
    <trkpt lat="37.58042" lon="-3.91291"><ele>681.3</ele></trkpt>
    <trkpt lat="37.57972" lon="-3.9128"><ele>684.6</ele></trkpt>
    <trkpt lat="37.57913" lon="-3.91298"><ele>688.2</ele></trkpt>
    <trkpt lat="37.57899" lon="-3.91309"><ele>689.3</ele></trkpt>
    <trkpt lat="37.578811" lon="-3.913397"><ele>691.5</ele></trkpt>
    <trkpt lat="37.578273" lon="-3.913873"><ele>696.6</ele></trkpt>
    <trkpt lat="37.578096" lon="-3.914228"><ele>699.3</ele></trkpt>
    <trkpt lat="37.578001" lon="-3.914666"><ele>702</ele></trkpt>
    <trkpt lat="37.577722" lon="-3.915425"><ele>707.2</ele></trkpt>
    <trkpt lat="37.577459" lon="-3.915932"><ele>711.1</ele></trkpt>
    <trkpt lat="37.577374" lon="-3.916009"><ele>711.9</ele></trkpt>
    <trkpt lat="37.577113" lon="-3.916064"><ele>714</ele></trkpt>
    <trkpt lat="37.576314" lon="-3.916472"><ele>719.7</ele></trkpt>
    <trkpt lat="37.575926" lon="-3.917111"><ele>721.7</ele></trkpt>
    <trkpt lat="37.575529" lon="-3.918104"><ele>720.4</ele></trkpt>
    <trkpt lat="37.575161" lon="-3.91861"><ele>718</ele></trkpt>
    <trkpt lat="37.57421" lon="-3.91891"><ele>713.2</ele></trkpt>
    <trkpt lat="37.574006" lon="-3.919109"><ele>712</ele></trkpt>
    <trkpt lat="37.572486" lon="-3.919411"><ele>707.1</ele></trkpt>
    <trkpt lat="37.572198" lon="-3.91959"><ele>706.3</ele></trkpt>
    <trkpt lat="37.572023" lon="-3.91962"><ele>705.9</ele></trkpt>
    <trkpt lat="37.571913" lon="-3.919589"><ele>705.5</ele></trkpt>
    <trkpt lat="37.571619" lon="-3.919388"><ele>704.6</ele></trkpt>
    <trkpt lat="37.571542" lon="-3.919369"><ele>704.4</ele></trkpt>
    <trkpt lat="37.571293" lon="-3.919599"><ele>703.4</ele></trkpt>
    <trkpt lat="37.571189" lon="-3.919649"><ele>703.1</ele></trkpt>
    <trkpt lat="37.570825" lon="-3.91969"><ele>701.9</ele></trkpt>
    <trkpt lat="37.570418" lon="-3.919967"><ele>700.2</ele></trkpt>
    <trkpt lat="37.570272" lon="-3.920016"><ele>699.6</ele></trkpt>
    <trkpt lat="37.569826" lon="-3.920047"><ele>697.7</ele></trkpt>
    <trkpt lat="37.569706" lon="-3.920099"><ele>697.2</ele></trkpt>
    <trkpt lat="37.56931" lon="-3.920413"><ele>695</ele></trkpt>
    <trkpt lat="37.568434" lon="-3.920748"><ele>688.9</ele></trkpt>
    <trkpt lat="37.568358" lon="-3.920833"><ele>688</ele></trkpt>
    <trkpt lat="37.568345" lon="-3.920921"><ele>687.3</ele></trkpt>
    <trkpt lat="37.568385" lon="-3.921037"><ele>686.4</ele></trkpt>
    <trkpt lat="37.568533" lon="-3.921247"><ele>684.1</ele></trkpt>
    <trkpt lat="37.568549" lon="-3.92131"><ele>683.6</ele></trkpt>
    <trkpt lat="37.568542" lon="-3.921403"><ele>682.8</ele></trkpt>
    <trkpt lat="37.568486" lon="-3.921569"><ele>681.3</ele></trkpt>
    <trkpt lat="37.568414" lon="-3.921652"><ele>680.3</ele></trkpt>
    <trkpt lat="37.567737" lon="-3.921884"><ele>672.3</ele></trkpt>
    <trkpt lat="37.566766" lon="-3.922407"><ele>661.9</ele></trkpt>
    <trkpt lat="37.566354" lon="-3.922562"><ele>659</ele></trkpt>
    <trkpt lat="37.566154" lon="-3.922786"><ele>657.5</ele></trkpt>
    <trkpt lat="37.565567" lon="-3.923151"><ele>655.3</ele></trkpt>
    <trkpt lat="37.565462" lon="-3.923288"><ele>655.1</ele></trkpt>
    <trkpt lat="37.565357" lon="-3.923716"><ele>655</ele></trkpt>
    <trkpt lat="37.56527" lon="-3.923957"><ele>655</ele></trkpt>
    <trkpt lat="37.565267" lon="-3.924095"><ele>655</ele></trkpt>
    <trkpt lat="37.565293" lon="-3.924298"><ele>655</ele></trkpt>
    <trkpt lat="37.565436" lon="-3.924576"><ele>654.8</ele></trkpt>
    <trkpt lat="37.565629" lon="-3.924815"><ele>654.6</ele></trkpt>
    <trkpt lat="37.565649" lon="-3.924882"><ele>654.5</ele></trkpt>
    <trkpt lat="37.565633" lon="-3.924982"><ele>654.4</ele></trkpt>
    <trkpt lat="37.56502" lon="-3.92632"><ele>650.6</ele></trkpt>
    <trkpt lat="37.564929" lon="-3.926559"><ele>649.7</ele></trkpt>
    <trkpt lat="37.564981" lon="-3.927129"><ele>648</ele></trkpt>
    <trkpt lat="37.564456" lon="-3.92928"><ele>643.2</ele></trkpt>
    <trkpt lat="37.564159" lon="-3.929839"><ele>641.9</ele></trkpt>
    <trkpt lat="37.563992" lon="-3.930043"><ele>641.4</ele></trkpt>
    <trkpt lat="37.563222" lon="-3.930774"><ele>640.9</ele></trkpt>
    <trkpt lat="37.562895" lon="-3.931321"><ele>642.3</ele></trkpt>
    <trkpt lat="37.5624" lon="-3.93215"><ele>646.8</ele></trkpt>
    <trkpt lat="37.562238" lon="-3.93264"><ele>649.7</ele></trkpt>
    <trkpt lat="37.56199" lon="-3.933107"><ele>652.7</ele></trkpt>
    <trkpt lat="37.56161" lon="-3.93433"><ele>658.2</ele></trkpt>
    <trkpt lat="37.561524" lon="-3.934439"><ele>658.7</ele></trkpt>
    <trkpt lat="37.560949" lon="-3.934445"><ele>660.8</ele></trkpt>
    <trkpt lat="37.560837" lon="-3.934553"><ele>661.3</ele></trkpt>
    <trkpt lat="37.560931" lon="-3.934912"><ele>662.4</ele></trkpt>
    <trkpt lat="37.560881" lon="-3.935309"><ele>663.6</ele></trkpt>
    <trkpt lat="37.560282" lon="-3.935052"><ele>665.7</ele></trkpt>
    <trkpt lat="37.560007" lon="-3.935123"><ele>666.6</ele></trkpt>
    <trkpt lat="37.559713" lon="-3.935361"><ele>667.7</ele></trkpt>
    <trkpt lat="37.559417" lon="-3.935845"><ele>669</ele></trkpt>
    <trkpt lat="37.558994" lon="-3.936075"><ele>669.8</ele></trkpt>
    <trkpt lat="37.558812" lon="-3.936272"><ele>670.1</ele></trkpt>
    <trkpt lat="37.558393" lon="-3.937113"><ele>670.6</ele></trkpt>
    <trkpt lat="37.558079" lon="-3.937535"><ele>670.5</ele></trkpt>
    <trkpt lat="37.557709" lon="-3.938631"><ele>670.2</ele></trkpt>
    <trkpt lat="37.557234" lon="-3.939305"><ele>670.2</ele></trkpt>
    <trkpt lat="37.556944" lon="-3.939534"><ele>670.1</ele></trkpt>
    <trkpt lat="37.556727" lon="-3.939903"><ele>670</ele></trkpt>
    <trkpt lat="37.556468" lon="-3.940636"><ele>669.7</ele></trkpt>
    <trkpt lat="37.556211" lon="-3.941282"><ele>669.3</ele></trkpt>
    <trkpt lat="37.555574" lon="-3.942115"><ele>669.1</ele></trkpt>
    <trkpt lat="37.555284" lon="-3.942876"><ele>669.9</ele></trkpt>
    <trkpt lat="37.554473" lon="-3.943569"><ele>672.9</ele></trkpt>
    <trkpt lat="37.553946" lon="-3.944222"><ele>675</ele></trkpt>
    <trkpt lat="37.553669" lon="-3.944758"><ele>675.8</ele></trkpt>
    <trkpt lat="37.553331" lon="-3.944889"><ele>676.1</ele></trkpt>
    <trkpt lat="37.552358" lon="-3.945056"><ele>674</ele></trkpt>
    <trkpt lat="37.551988" lon="-3.945261"><ele>672.8</ele></trkpt>
    <trkpt lat="37.551161" lon="-3.945404"><ele>671.9</ele></trkpt>
    <trkpt lat="37.551077" lon="-3.945444"><ele>672</ele></trkpt>
    <trkpt lat="37.550835" lon="-3.945877"><ele>673.3</ele></trkpt>
    <trkpt lat="37.550532" lon="-3.946114"><ele>675.3</ele></trkpt>
    <trkpt lat="37.550136" lon="-3.946256"><ele>678.8</ele></trkpt>
    <trkpt lat="37.549019" lon="-3.946319"><ele>687.2</ele></trkpt>
    <trkpt lat="37.548291" lon="-3.946241"><ele>687.9</ele></trkpt>
    <trkpt lat="37.547749" lon="-3.945995"><ele>685.3</ele></trkpt>
    <trkpt lat="37.546685" lon="-3.945795"><ele>677.7</ele></trkpt>
    <trkpt lat="37.545992" lon="-3.945451"><ele>674</ele></trkpt>
    <trkpt lat="37.545332" lon="-3.945354"><ele>672.8</ele></trkpt>
    <trkpt lat="37.544573" lon="-3.945447"><ele>672.7</ele></trkpt>
    <trkpt lat="37.543284" lon="-3.945135"><ele>672.8</ele></trkpt>
    <trkpt lat="37.54281" lon="-3.94506"><ele>672.6</ele></trkpt>
    <trkpt lat="37.541789" lon="-3.945103"><ele>671.6</ele></trkpt>
    <trkpt lat="37.540857" lon="-3.944893"><ele>669.8</ele></trkpt>
    <trkpt lat="37.540094" lon="-3.944973"><ele>667.6</ele></trkpt>
    <trkpt lat="37.539665" lon="-3.945175"><ele>665.7</ele></trkpt>
    <trkpt lat="37.538953" lon="-3.945431"><ele>661.2</ele></trkpt>
    <trkpt lat="37.538602" lon="-3.945601"><ele>658.2</ele></trkpt>
    <trkpt lat="37.537083" lon="-3.94603"><ele>642.2</ele></trkpt>
    <trkpt lat="37.536709" lon="-3.945986"><ele>638</ele></trkpt>
    <trkpt lat="37.536048" lon="-3.945718"><ele>631.6</ele></trkpt>
    <trkpt lat="37.5356" lon="-3.945439"><ele>628.3</ele></trkpt>
    <trkpt lat="37.53546" lon="-3.9453"><ele>627.5</ele></trkpt>
    <trkpt lat="37.535312" lon="-3.945083"><ele>626.7</ele></trkpt>
    <trkpt lat="37.5352" lon="-3.94465"><ele>626.2</ele></trkpt>
    <trkpt lat="37.535062" lon="-3.944605"><ele>626.1</ele></trkpt>
    <trkpt lat="37.534772" lon="-3.944574"><ele>626.3</ele></trkpt>
    <trkpt lat="37.53413" lon="-3.94451"><ele>627</ele></trkpt>
    <trkpt lat="37.532924" lon="-3.94477"><ele>631.6</ele></trkpt>
    <trkpt lat="37.532817" lon="-3.944852"><ele>632.3</ele></trkpt>
    <trkpt lat="37.532672" lon="-3.945333"><ele>634.8</ele></trkpt>
    <trkpt lat="37.532534" lon="-3.945788"><ele>637.6</ele></trkpt>
    <trkpt lat="37.532351" lon="-3.945429"><ele>640.3</ele></trkpt>
    <trkpt lat="37.532343" lon="-3.945412"><ele>640.5</ele></trkpt>
    <trkpt lat="37.5323" lon="-3.94525"><ele>641.5</ele></trkpt>
    <trkpt lat="37.532265" lon="-3.94508"><ele>642.6</ele></trkpt>
    <trkpt lat="37.532256" lon="-3.944874"><ele>643.9</ele></trkpt>
    <trkpt lat="37.532332" lon="-3.943789"><ele>649.6</ele></trkpt>
    <trkpt lat="37.532367" lon="-3.943578"><ele>650.3</ele></trkpt>
    <trkpt lat="37.532542" lon="-3.943029"><ele>651.7</ele></trkpt>
    <trkpt lat="37.532712" lon="-3.942641"><ele>652.2</ele></trkpt>
    <trkpt lat="37.533044" lon="-3.942052"><ele>652.7</ele></trkpt>
    <trkpt lat="37.533188" lon="-3.941618"><ele>653.2</ele></trkpt>
    <trkpt lat="37.533217" lon="-3.941375"><ele>653.6</ele></trkpt>
    <trkpt lat="37.533215" lon="-3.941153"><ele>654</ele></trkpt>
    <trkpt lat="37.533094" lon="-3.940023"><ele>656.9</ele></trkpt>
    <trkpt lat="37.533124" lon="-3.939655"><ele>658.1</ele></trkpt>
    <trkpt lat="37.53386" lon="-3.93724"><ele>660.9</ele></trkpt>
    <trkpt lat="37.533956" lon="-3.936985"><ele>660.3</ele></trkpt>
    <trkpt lat="37.5341" lon="-3.937116"><ele>659.7</ele></trkpt>
    <trkpt lat="37.534329" lon="-3.937225"><ele>658.8</ele></trkpt>
    <trkpt lat="37.534446" lon="-3.937237"><ele>658.3</ele></trkpt>
    <trkpt lat="37.535357" lon="-3.93721"><ele>654.9</ele></trkpt>
    <trkpt lat="37.535476" lon="-3.937161"><ele>654.7</ele></trkpt>
    <trkpt lat="37.535565" lon="-3.937043"><ele>654.7</ele></trkpt>
    <trkpt lat="37.535777" lon="-3.936581"><ele>654.1</ele></trkpt>
    <trkpt lat="37.53585" lon="-3.936134"><ele>652.8</ele></trkpt>
    <trkpt lat="37.535971" lon="-3.935762"><ele>651.5</ele></trkpt>
    <trkpt lat="37.536114" lon="-3.935465"><ele>650.1</ele></trkpt>
    <trkpt lat="37.536124" lon="-3.935443"><ele>650</ele></trkpt>
    <trkpt lat="37.536244" lon="-3.935302"><ele>649</ele></trkpt>
    <trkpt lat="37.536636" lon="-3.935034"><ele>645.9</ele></trkpt>
    <trkpt lat="37.53682" lon="-3.934946"><ele>644.6</ele></trkpt>
    <trkpt lat="37.537186" lon="-3.93482"><ele>642.2</ele></trkpt>
    <trkpt lat="37.537467" lon="-3.934687"><ele>641.4</ele></trkpt>
    <trkpt lat="37.537723" lon="-3.934491"><ele>641</ele></trkpt>
    <trkpt lat="37.538249" lon="-3.933867"><ele>641.7</ele></trkpt>
    <trkpt lat="37.538652" lon="-3.933569"><ele>643.4</ele></trkpt>
    <trkpt lat="37.539244" lon="-3.932812"><ele>647</ele></trkpt>
    <trkpt lat="37.539708" lon="-3.932324"><ele>649.4</ele></trkpt>
    <trkpt lat="37.540078" lon="-3.931864"><ele>651.4</ele></trkpt>
    <trkpt lat="37.540484" lon="-3.931444"><ele>653.4</ele></trkpt>
    <trkpt lat="37.540678" lon="-3.931217"><ele>654.6</ele></trkpt>
    <trkpt lat="37.540967" lon="-3.930797"><ele>656.8</ele></trkpt>
    <trkpt lat="37.541544" lon="-3.930134"><ele>662.1</ele></trkpt>
    <trkpt lat="37.541735" lon="-3.92994"><ele>664</ele></trkpt>
    <trkpt lat="37.542616" lon="-3.929217"><ele>673.5</ele></trkpt>
    <trkpt lat="37.543023" lon="-3.928707"><ele>678.6</ele></trkpt>
    <trkpt lat="37.543362" lon="-3.928418"><ele>681.9</ele></trkpt>
    <trkpt lat="37.543451" lon="-3.928282"><ele>683.1</ele></trkpt>
    <trkpt lat="37.543612" lon="-3.927854"><ele>686.4</ele></trkpt>
    <trkpt lat="37.543741" lon="-3.927655"><ele>688.1</ele></trkpt>
    <trkpt lat="37.543886" lon="-3.927536"><ele>689.6</ele></trkpt>
    <trkpt lat="37.544671" lon="-3.927018"><ele>696.4</ele></trkpt>
    <trkpt lat="37.544794" lon="-3.926875"><ele>697.5</ele></trkpt>
    <trkpt lat="37.544937" lon="-3.926601"><ele>699.2</ele></trkpt>
    <trkpt lat="37.544995" lon="-3.926207"><ele>700.9</ele></trkpt>
    <trkpt lat="37.545202" lon="-3.925843"><ele>702.4</ele></trkpt>
    <trkpt lat="37.545215" lon="-3.925753"><ele>702.7</ele></trkpt>
    <trkpt lat="37.545199" lon="-3.925334"><ele>704.3</ele></trkpt>
    <trkpt lat="37.545337" lon="-3.924803"><ele>707.4</ele></trkpt>
    <trkpt lat="37.545446" lon="-3.924599"><ele>709.1</ele></trkpt>
    <trkpt lat="37.545528" lon="-3.924526"><ele>710</ele></trkpt>
    <trkpt lat="37.545703" lon="-3.924474"><ele>711.8</ele></trkpt>
    <trkpt lat="37.545803" lon="-3.924488"><ele>712.9</ele></trkpt>
    <trkpt lat="37.546283" lon="-3.92466"><ele>718.2</ele></trkpt>
    <trkpt lat="37.546401" lon="-3.924654"><ele>719.6</ele></trkpt>
    <trkpt lat="37.546531" lon="-3.924605"><ele>721</ele></trkpt>
    <trkpt lat="37.546625" lon="-3.924531"><ele>722.2</ele></trkpt>
    <trkpt lat="37.546994" lon="-3.924032"><ele>726.9</ele></trkpt>
    <trkpt lat="37.547211" lon="-3.923651"><ele>729.2</ele></trkpt>
    <trkpt lat="37.547243" lon="-3.923519"><ele>729.8</ele></trkpt>
    <trkpt lat="37.547233" lon="-3.923315"><ele>730.6</ele></trkpt>
    <trkpt lat="37.547077" lon="-3.922952"><ele>732.6</ele></trkpt>
    <trkpt lat="37.54704" lon="-3.922731"><ele>733.9</ele></trkpt>
    <trkpt lat="37.547093" lon="-3.922502"><ele>735.3</ele></trkpt>
    <trkpt lat="37.547278" lon="-3.922118"><ele>738.5</ele></trkpt>
    <trkpt lat="37.547343" lon="-3.922021"><ele>739.5</ele></trkpt>
    <trkpt lat="37.547512" lon="-3.921875"><ele>741.7</ele></trkpt>
    <trkpt lat="37.547701" lon="-3.921781"><ele>743.9</ele></trkpt>
    <trkpt lat="37.548131" lon="-3.92163"><ele>749.3</ele></trkpt>
    <trkpt lat="37.548291" lon="-3.921526"><ele>751.5</ele></trkpt>
    <trkpt lat="37.548875" lon="-3.921041"><ele>758.3</ele></trkpt>
    <trkpt lat="37.548944" lon="-3.920944"><ele>759</ele></trkpt>
    <trkpt lat="37.548983" lon="-3.920825"><ele>759.6</ele></trkpt>
    <trkpt lat="37.548969" lon="-3.920635"><ele>760.3</ele></trkpt>
    <trkpt lat="37.548922" lon="-3.920562"><ele>760.6</ele></trkpt>
    <trkpt lat="37.548849" lon="-3.920519"><ele>760.9</ele></trkpt>
    <trkpt lat="37.548757" lon="-3.920499"><ele>761.2</ele></trkpt>
    <trkpt lat="37.547497" lon="-3.920486"><ele>761.2</ele></trkpt>
    <trkpt lat="37.547346" lon="-3.920397"><ele>761.4</ele></trkpt>
    <trkpt lat="37.547295" lon="-3.920313"><ele>761.5</ele></trkpt>
    <trkpt lat="37.547266" lon="-3.920095"><ele>762</ele></trkpt>
    <trkpt lat="37.547288" lon="-3.919952"><ele>762.4</ele></trkpt>
    <trkpt lat="37.547329" lon="-3.919823"><ele>762.9</ele></trkpt>
    <trkpt lat="37.547496" lon="-3.919538"><ele>764.6</ele></trkpt>
    <trkpt lat="37.547597" lon="-3.919422"><ele>765.5</ele></trkpt>
    <trkpt lat="37.547876" lon="-3.919189"><ele>768.4</ele></trkpt>
    <trkpt lat="37.548153" lon="-3.918815"><ele>772.6</ele></trkpt>
    <trkpt lat="37.548423" lon="-3.918522"><ele>776.4</ele></trkpt>
    <trkpt lat="37.54873" lon="-3.918108"><ele>781.1</ele></trkpt>
    <trkpt lat="37.549022" lon="-3.917882"><ele>784.4</ele></trkpt>
    <trkpt lat="37.54909" lon="-3.917802"><ele>785.2</ele></trkpt>
    <trkpt lat="37.549128" lon="-3.917707"><ele>785.8</ele></trkpt>
    <trkpt lat="37.549129" lon="-3.917597"><ele>786.5</ele></trkpt>
    <trkpt lat="37.548988" lon="-3.917174"><ele>788.7</ele></trkpt>
    <trkpt lat="37.548985" lon="-3.916963"><ele>789.4</ele></trkpt>
    <trkpt lat="37.549016" lon="-3.916765"><ele>790.1</ele></trkpt>
    <trkpt lat="37.548979" lon="-3.916629"><ele>790.5</ele></trkpt>
    <trkpt lat="37.548868" lon="-3.916575"><ele>790.9</ele></trkpt>
    <trkpt lat="37.548548" lon="-3.916751"><ele>792.2</ele></trkpt>
    <trkpt lat="37.548396" lon="-3.916798"><ele>792.8</ele></trkpt>
    <trkpt lat="37.548266" lon="-3.916805"><ele>793.2</ele></trkpt>
    <trkpt lat="37.548175" lon="-3.91677"><ele>793.6</ele></trkpt>
    <trkpt lat="37.548118" lon="-3.916703"><ele>793.8</ele></trkpt>
    <trkpt lat="37.54807" lon="-3.916516"><ele>794.3</ele></trkpt>
    <trkpt lat="37.548162" lon="-3.91592"><ele>795.9</ele></trkpt>
    <trkpt lat="37.548175" lon="-3.91577"><ele>796.4</ele></trkpt>
    <trkpt lat="37.548151" lon="-3.915666"><ele>796.7</ele></trkpt>
    <trkpt lat="37.548115" lon="-3.915591"><ele>797</ele></trkpt>
    <trkpt lat="37.548057" lon="-3.915538"><ele>797.3</ele></trkpt>
    <trkpt lat="37.547974" lon="-3.915515"><ele>797.7</ele></trkpt>
    <trkpt lat="37.547396" lon="-3.915353"><ele>800.9</ele></trkpt>
    <trkpt lat="37.547341" lon="-3.915298"><ele>801.3</ele></trkpt>
    <trkpt lat="37.547255" lon="-3.915094"><ele>802.5</ele></trkpt>
    <trkpt lat="37.547237" lon="-3.91483"><ele>803.8</ele></trkpt>
    <trkpt lat="37.547302" lon="-3.914616"><ele>805.1</ele></trkpt>
    <trkpt lat="37.5477" lon="-3.914104"><ele>810.2</ele></trkpt>
    <trkpt lat="37.547748" lon="-3.913952"><ele>811.5</ele></trkpt>
    <trkpt lat="37.547769" lon="-3.913768"><ele>813</ele></trkpt>
    <trkpt lat="37.54779" lon="-3.91318"><ele>817.8</ele></trkpt>
    <trkpt lat="37.547824" lon="-3.912955"><ele>819.4</ele></trkpt>
    <trkpt lat="37.547889" lon="-3.912711"><ele>821</ele></trkpt>
    <trkpt lat="37.548119" lon="-3.912049"><ele>823.6</ele></trkpt>
    <trkpt lat="37.548369" lon="-3.911632"><ele>823.7</ele></trkpt>
    <trkpt lat="37.548528" lon="-3.911514"><ele>823.3</ele></trkpt>
    <trkpt lat="37.548675" lon="-3.911485"><ele>822.8</ele></trkpt>
    <trkpt lat="37.548972" lon="-3.911484"><ele>821.6</ele></trkpt>
    <trkpt lat="37.549233" lon="-3.911436"><ele>820.2</ele></trkpt>
    <trkpt lat="37.54949" lon="-3.911349"><ele>818.6</ele></trkpt>
    <trkpt lat="37.550319" lon="-3.910802"><ele>814</ele></trkpt>
    <trkpt lat="37.550411" lon="-3.91071"><ele>813.8</ele></trkpt>
    <trkpt lat="37.550469" lon="-3.910604"><ele>813.7</ele></trkpt>
    <trkpt lat="37.550512" lon="-3.910316"><ele>813.5</ele></trkpt>
    <trkpt lat="37.550491" lon="-3.909933"><ele>813.6</ele></trkpt>
    <trkpt lat="37.550536" lon="-3.909625"><ele>814</ele></trkpt>
    <trkpt lat="37.550945" lon="-3.908907"><ele>815.4</ele></trkpt>
    <trkpt lat="37.551158" lon="-3.908367"><ele>816.2</ele></trkpt>
    <trkpt lat="37.551283" lon="-3.907773"><ele>816.4</ele></trkpt>
    <trkpt lat="37.551305" lon="-3.907499"><ele>816.1</ele></trkpt>
    <trkpt lat="37.551262" lon="-3.906629"><ele>814.8</ele></trkpt>
    <trkpt lat="37.551286" lon="-3.90651"><ele>814.7</ele></trkpt>
    <trkpt lat="37.551334" lon="-3.906419"><ele>814.7</ele></trkpt>
    <trkpt lat="37.551465" lon="-3.906329"><ele>814.6</ele></trkpt>
    <trkpt lat="37.551776" lon="-3.906324"><ele>814.3</ele></trkpt>
    <trkpt lat="37.551869" lon="-3.906298"><ele>814.2</ele></trkpt>
    <trkpt lat="37.552223" lon="-3.906075"><ele>813.8</ele></trkpt>
    <trkpt lat="37.552333" lon="-3.906026"><ele>813.8</ele></trkpt>
    <trkpt lat="37.552454" lon="-3.906035"><ele>813.8</ele></trkpt>
    <trkpt lat="37.552597" lon="-3.906067"><ele>813.9</ele></trkpt>
    <trkpt lat="37.552775" lon="-3.906189"><ele>814.3</ele></trkpt>
    <trkpt lat="37.552863" lon="-3.906359"><ele>814.8</ele></trkpt>
    <trkpt lat="37.553075" lon="-3.907063"><ele>816.9</ele></trkpt>
    <trkpt lat="37.553128" lon="-3.907135"><ele>817.2</ele></trkpt>
    <trkpt lat="37.553197" lon="-3.90718"><ele>817.5</ele></trkpt>
    <trkpt lat="37.553258" lon="-3.90719"><ele>817.7</ele></trkpt>
    <trkpt lat="37.553385" lon="-3.907138"><ele>818.3</ele></trkpt>
    <trkpt lat="37.553769" lon="-3.906592"><ele>821</ele></trkpt>
    <trkpt lat="37.553889" lon="-3.906487"><ele>821.7</ele></trkpt>
    <trkpt lat="37.554081" lon="-3.906412"><ele>822.5</ele></trkpt>
    <trkpt lat="37.554194" lon="-3.906473"><ele>823</ele></trkpt>
    <trkpt lat="37.554266" lon="-3.906598"><ele>823.4</ele></trkpt>
    <trkpt lat="37.554304" lon="-3.906754"><ele>824</ele></trkpt>
    <trkpt lat="37.554351" lon="-3.90747"><ele>826.5</ele></trkpt>
    <trkpt lat="37.554393" lon="-3.907653"><ele>827.3</ele></trkpt>
    <trkpt lat="37.554481" lon="-3.907888"><ele>828.5</ele></trkpt>
    <trkpt lat="37.554552" lon="-3.90798"><ele>829.2</ele></trkpt>
    <trkpt lat="37.554635" lon="-3.908029"><ele>829.9</ele></trkpt>
    <trkpt lat="37.554721" lon="-3.908045"><ele>830.5</ele></trkpt>
    <trkpt lat="37.554797" lon="-3.90802"><ele>831.2</ele></trkpt>
    <trkpt lat="37.554927" lon="-3.90787"><ele>832.7</ele></trkpt>
    <trkpt lat="37.555583" lon="-3.906491"><ele>846.1</ele></trkpt>
    <trkpt lat="37.556191" lon="-3.905584"><ele>854.8</ele></trkpt>
    <trkpt lat="37.556292" lon="-3.905365"><ele>856.6</ele></trkpt>
    <trkpt lat="37.556342" lon="-3.905182"><ele>857.9</ele></trkpt>
    <trkpt lat="37.55634" lon="-3.904943"><ele>859.5</ele></trkpt>
    <trkpt lat="37.556126" lon="-3.904275"><ele>864.3</ele></trkpt>
    <trkpt lat="37.556132" lon="-3.904054"><ele>865.7</ele></trkpt>
    <trkpt lat="37.556171" lon="-3.903908"><ele>866.6</ele></trkpt>
    <trkpt lat="37.556359" lon="-3.903546"><ele>869.3</ele></trkpt>
    <trkpt lat="37.556495" lon="-3.903195"><ele>871.4</ele></trkpt>
    <trkpt lat="37.556518" lon="-3.903046"><ele>872.1</ele></trkpt>
    <trkpt lat="37.556508" lon="-3.902692"><ele>873.6</ele></trkpt>
    <trkpt lat="37.556584" lon="-3.902493"><ele>874.5</ele></trkpt>
    <trkpt lat="37.556695" lon="-3.902385"><ele>875.3</ele></trkpt>
    <trkpt lat="37.556842" lon="-3.902334"><ele>876</ele></trkpt>
    <trkpt lat="37.556927" lon="-3.902363"><ele>876.4</ele></trkpt>
    <trkpt lat="37.557209" lon="-3.902576"><ele>878.2</ele></trkpt>
    <trkpt lat="37.557332" lon="-3.902607"><ele>878.9</ele></trkpt>
    <trkpt lat="37.557464" lon="-3.902601"><ele>879.7</ele></trkpt>
    <trkpt lat="37.557596" lon="-3.902551"><ele>880.6</ele></trkpt>
    <trkpt lat="37.557737" lon="-3.902458"><ele>881.7</ele></trkpt>
    <trkpt lat="37.557867" lon="-3.902319"><ele>883</ele></trkpt>
    <trkpt lat="37.557981" lon="-3.902149"><ele>884.4</ele></trkpt>
    <trkpt lat="37.558069" lon="-3.901932"><ele>886</ele></trkpt>
    <trkpt lat="37.558139" lon="-3.901681"><ele>888</ele></trkpt>
    <trkpt lat="37.558302" lon="-3.900619"><ele>896.3</ele></trkpt>
    <trkpt lat="37.558354" lon="-3.90049"><ele>897.3</ele></trkpt>
    <trkpt lat="37.558439" lon="-3.900393"><ele>898.2</ele></trkpt>
    <trkpt lat="37.558827" lon="-3.900102"><ele>901.4</ele></trkpt>
    <trkpt lat="37.558998" lon="-3.899987"><ele>902.6</ele></trkpt>
    <trkpt lat="37.559165" lon="-3.899915"><ele>903.5</ele></trkpt>
    <trkpt lat="37.55935" lon="-3.899883"><ele>904.5</ele></trkpt>
    <trkpt lat="37.559429" lon="-3.899901"><ele>905</ele></trkpt>
    <trkpt lat="37.559696" lon="-3.900121"><ele>906.9</ele></trkpt>
    <trkpt lat="37.559788" lon="-3.900124"><ele>907.5</ele></trkpt>
    <trkpt lat="37.55984" lon="-3.900081"><ele>907.9</ele></trkpt>
    <trkpt lat="37.559982" lon="-3.899772"><ele>910</ele></trkpt>
    <trkpt lat="37.560044" lon="-3.899492"><ele>911.9</ele></trkpt>
    <trkpt lat="37.559923" lon="-3.899052"><ele>915</ele></trkpt>
    <trkpt lat="37.559894" lon="-3.898855"><ele>916.4</ele></trkpt>
    <trkpt lat="37.559964" lon="-3.898575"><ele>918.5</ele></trkpt>
    <trkpt lat="37.560092" lon="-3.898218"><ele>921.4</ele></trkpt>
    <trkpt lat="37.560221" lon="-3.897897"><ele>923.8</ele></trkpt>
    <trkpt lat="37.560323" lon="-3.897737"><ele>925.1</ele></trkpt>
    <trkpt lat="37.560802" lon="-3.897404"><ele>929.2</ele></trkpt>
    <trkpt lat="37.560902" lon="-3.897252"><ele>930.4</ele></trkpt>
    <trkpt lat="37.56092" lon="-3.897133"><ele>931</ele></trkpt>
    <trkpt lat="37.560915" lon="-3.896839"><ele>932.8</ele></trkpt>
    <trkpt lat="37.560906" lon="-3.896475"><ele>935.2</ele></trkpt>
    <trkpt lat="37.560881" lon="-3.896334"><ele>936.2</ele></trkpt>
    <trkpt lat="37.560839" lon="-3.896218"><ele>937.1</ele></trkpt>
    <trkpt lat="37.560591" lon="-3.895881"><ele>940.2</ele></trkpt>
    <trkpt lat="37.560544" lon="-3.895645"><ele>941.9</ele></trkpt>
    <trkpt lat="37.560617" lon="-3.895213"><ele>944.7</ele></trkpt>
    <trkpt lat="37.560664" lon="-3.894231"><ele>949.6</ele></trkpt>
    <trkpt lat="37.560682" lon="-3.894126"><ele>950.1</ele></trkpt>
    <trkpt lat="37.560775" lon="-3.894002"><ele>951</ele></trkpt>
    <trkpt lat="37.561006" lon="-3.893914"><ele>952.7</ele></trkpt>
    <trkpt lat="37.561182" lon="-3.893821"><ele>954.2</ele></trkpt>
    <trkpt lat="37.561273" lon="-3.893743"><ele>955.2</ele></trkpt>
    <trkpt lat="37.561351" lon="-3.893625"><ele>956.3</ele></trkpt>
    <trkpt lat="37.56149" lon="-3.893314"><ele>959.1</ele></trkpt>
    <trkpt lat="37.561509" lon="-3.893115"><ele>960.7</ele></trkpt>
    <trkpt lat="37.561332" lon="-3.892673"><ele>965.2</ele></trkpt>
    <trkpt lat="37.561302" lon="-3.892451"><ele>967.4</ele></trkpt>
    <trkpt lat="37.5614" lon="-3.892103"><ele>971</ele></trkpt>
    <trkpt lat="37.56151" lon="-3.891879"><ele>973.3</ele></trkpt>
    <trkpt lat="37.561588" lon="-3.891576"><ele>975.9</ele></trkpt>
    <trkpt lat="37.561585" lon="-3.891279"><ele>978</ele></trkpt>
    <trkpt lat="37.561535" lon="-3.890906"><ele>980.2</ele></trkpt>
    <trkpt lat="37.561556" lon="-3.890791"><ele>980.7</ele></trkpt>
    <trkpt lat="37.5616" lon="-3.890706"><ele>981.1</ele></trkpt>
    <trkpt lat="37.561719" lon="-3.890604"><ele>981.8</ele></trkpt>
    <trkpt lat="37.561808" lon="-3.890599"><ele>982.1</ele></trkpt>
    <trkpt lat="37.561983" lon="-3.890643"><ele>982.7</ele></trkpt>
    <trkpt lat="37.562162" lon="-3.890617"><ele>983.1</ele></trkpt>
    <trkpt lat="37.562576" lon="-3.890242"><ele>982.8</ele></trkpt>
    <trkpt lat="37.562711" lon="-3.890187"><ele>982.6</ele></trkpt>
    <trkpt lat="37.562763" lon="-3.89021"><ele>982.5</ele></trkpt>
    <trkpt lat="37.562808" lon="-3.890269"><ele>982.3</ele></trkpt>
    <trkpt lat="37.562828" lon="-3.890346"><ele>982.1</ele></trkpt>
    <trkpt lat="37.562757" lon="-3.890756"><ele>981.4</ele></trkpt>
    <trkpt lat="37.562747" lon="-3.891061"><ele>981.2</ele></trkpt>
    <trkpt lat="37.562769" lon="-3.891671"><ele>981.7</ele></trkpt>
    <trkpt lat="37.562842" lon="-3.89179"><ele>982.1</ele></trkpt>
    <trkpt lat="37.562988" lon="-3.891798"><ele>982.7</ele></trkpt>
    <trkpt lat="37.563324" lon="-3.891551"><ele>985.3</ele></trkpt>
    <trkpt lat="37.563789" lon="-3.891021"><ele>991.6</ele></trkpt>
    <trkpt lat="37.563916" lon="-3.890834"><ele>994</ele></trkpt>
    <trkpt lat="37.564223" lon="-3.890235"><ele>1000.9</ele></trkpt>
    <trkpt lat="37.56438" lon="-3.889811"><ele>1005.1</ele></trkpt>
    <trkpt lat="37.564393" lon="-3.889682"><ele>1006.2</ele></trkpt>
    <trkpt lat="37.564372" lon="-3.889584"><ele>1007.1</ele></trkpt>
    <trkpt lat="37.564222" lon="-3.889353"><ele>1009.6</ele></trkpt>
    <trkpt lat="37.564139" lon="-3.889139"><ele>1011.6</ele></trkpt>
    <trkpt lat="37.564171" lon="-3.888923"><ele>1013.5</ele></trkpt>
    <trkpt lat="37.564406" lon="-3.888435"><ele>1018.4</ele></trkpt>
    <trkpt lat="37.564471" lon="-3.888107"><ele>1021.2</ele></trkpt>
    <trkpt lat="37.564455" lon="-3.887976"><ele>1022.3</ele></trkpt>
    <trkpt lat="37.564407" lon="-3.887857"><ele>1023.3</ele></trkpt>
    <trkpt lat="37.56426" lon="-3.887657"><ele>1025.3</ele></trkpt>
    <trkpt lat="37.564194" lon="-3.887528"><ele>1026.4</ele></trkpt>
    <trkpt lat="37.564147" lon="-3.887296"><ele>1028</ele></trkpt>
    <trkpt lat="37.564124" lon="-3.886646"><ele>1032.4</ele></trkpt>
    <trkpt lat="37.564168" lon="-3.886152"><ele>1035.7</ele></trkpt>
    <trkpt lat="37.564241" lon="-3.884346"><ele>1045.1</ele></trkpt>
    <trkpt lat="37.564219" lon="-3.884246"><ele>1045.5</ele></trkpt>
    <trkpt lat="37.56399" lon="-3.883843"><ele>1046.8</ele></trkpt>
    <trkpt lat="37.56398" lon="-3.883694"><ele>1047.1</ele></trkpt>
    <trkpt lat="37.564013" lon="-3.883594"><ele>1047.3</ele></trkpt>
    <trkpt lat="37.564112" lon="-3.883432"><ele>1047.5</ele></trkpt>
    <trkpt lat="37.564706" lon="-3.882582"><ele>1049.6</ele></trkpt>
    <trkpt lat="37.56474" lon="-3.882276"><ele>1050.5</ele></trkpt>
    <trkpt lat="37.564629" lon="-3.881225"><ele>1055.4</ele></trkpt>
    <trkpt lat="37.564698" lon="-3.880983"><ele>1056.9</ele></trkpt>
    <trkpt lat="37.564764" lon="-3.880906"><ele>1057.7</ele></trkpt>
    <trkpt lat="37.564884" lon="-3.880836"><ele>1058.7</ele></trkpt>
    <trkpt lat="37.5652" lon="-3.880723"><ele>1061.2</ele></trkpt>
    <trkpt lat="37.565615" lon="-3.880469"><ele>1064.6</ele></trkpt>
    <trkpt lat="37.565781" lon="-3.880247"><ele>1066.2</ele></trkpt>
    <trkpt lat="37.565827" lon="-3.880116"><ele>1066.9</ele></trkpt>
    <trkpt lat="37.565869" lon="-3.879952"><ele>1067.8</ele></trkpt>
    <trkpt lat="37.565924" lon="-3.879456"><ele>1070.1</ele></trkpt>
    <trkpt lat="37.566153" lon="-3.878717"><ele>1073.4</ele></trkpt>
    <trkpt lat="37.566275" lon="-3.878062"><ele>1075.4</ele></trkpt>
    <trkpt lat="37.566303" lon="-3.877108"><ele>1076.6</ele></trkpt>
    <trkpt lat="37.566325" lon="-3.87692"><ele>1076.7</ele></trkpt>
    <trkpt lat="37.566518" lon="-3.876386"><ele>1076.9</ele></trkpt>
    <trkpt lat="37.566546" lon="-3.876202"><ele>1077</ele></trkpt>
    <trkpt lat="37.566583" lon="-3.875594"><ele>1077.8</ele></trkpt>
    <trkpt lat="37.566575" lon="-3.875337"><ele>1078.3</ele></trkpt>
    <trkpt lat="37.566384" lon="-3.87412"><ele>1082.7</ele></trkpt>
    <trkpt lat="37.566381" lon="-3.873159"><ele>1086.7</ele></trkpt>
    <trkpt lat="37.566336" lon="-3.872895"><ele>1087.7</ele></trkpt>
    <trkpt lat="37.566248" lon="-3.872563"><ele>1088.9</ele></trkpt>
    <trkpt lat="37.565917" lon="-3.871409"><ele>1091.2</ele></trkpt>
    <trkpt lat="37.565759" lon="-3.870858"><ele>1090.8</ele></trkpt>
    <trkpt lat="37.565594" lon="-3.86969"><ele>1086.9</ele></trkpt>
    <trkpt lat="37.565549" lon="-3.869528"><ele>1085.9</ele></trkpt>
    <trkpt lat="37.565497" lon="-3.869402"><ele>1085.1</ele></trkpt>
    <trkpt lat="37.56532" lon="-3.869173"><ele>1083.1</ele></trkpt>
    <trkpt lat="37.565214" lon="-3.868981"><ele>1081.6</ele></trkpt>
    <trkpt lat="37.5652" lon="-3.868785"><ele>1080.3</ele></trkpt>
    <trkpt lat="37.56524" lon="-3.868271"><ele>1077</ele></trkpt>
    <trkpt lat="37.565192" lon="-3.867981"><ele>1075.3</ele></trkpt>
    <trkpt lat="37.565141" lon="-3.867844"><ele>1074.5</ele></trkpt>
    <trkpt lat="37.565056" lon="-3.86769"><ele>1073.6</ele></trkpt>
    <trkpt lat="37.564899" lon="-3.867524"><ele>1072.4</ele></trkpt>
    <trkpt lat="37.564726" lon="-3.867427"><ele>1071.4</ele></trkpt>
    <trkpt lat="37.564618" lon="-3.867421"><ele>1070.8</ele></trkpt>
    <trkpt lat="37.564286" lon="-3.867505"><ele>1069.1</ele></trkpt>
    <trkpt lat="37.564131" lon="-3.867465"><ele>1068.2</ele></trkpt>
    <trkpt lat="37.564071" lon="-3.867412"><ele>1067.8</ele></trkpt>
    <trkpt lat="37.56402" lon="-3.867261"><ele>1067.1</ele></trkpt>
    <trkpt lat="37.563962" lon="-3.866744"><ele>1065</ele></trkpt>
    <trkpt lat="37.563926" lon="-3.866594"><ele>1064.4</ele></trkpt>
    <trkpt lat="37.563745" lon="-3.866229"><ele>1062.9</ele></trkpt>
    <trkpt lat="37.563738" lon="-3.866067"><ele>1062.4</ele></trkpt>
    <trkpt lat="37.563787" lon="-3.865801"><ele>1061.6</ele></trkpt>
    <trkpt lat="37.563756" lon="-3.865641"><ele>1061.1</ele></trkpt>
    <trkpt lat="37.563713" lon="-3.86557"><ele>1060.8</ele></trkpt>
    <trkpt lat="37.563645" lon="-3.865516"><ele>1060.5</ele></trkpt>
    <trkpt lat="37.563318" lon="-3.865413"><ele>1059</ele></trkpt>
    <trkpt lat="37.563238" lon="-3.865332"><ele>1058.6</ele></trkpt>
    <trkpt lat="37.56317" lon="-3.8652"><ele>1058.2</ele></trkpt>
    <trkpt lat="37.563124" lon="-3.865034"><ele>1057.7</ele></trkpt>
    <trkpt lat="37.563116" lon="-3.864899"><ele>1057.4</ele></trkpt>
    <trkpt lat="37.563232" lon="-3.863957"><ele>1055.3</ele></trkpt>
    <trkpt lat="37.563203" lon="-3.863829"><ele>1054.9</ele></trkpt>
    <trkpt lat="37.56288" lon="-3.862978"><ele>1050.4</ele></trkpt>
    <trkpt lat="37.562889" lon="-3.862755"><ele>1049</ele></trkpt>
    <trkpt lat="37.56293" lon="-3.862657"><ele>1048.3</ele></trkpt>
    <trkpt lat="37.563005" lon="-3.862567"><ele>1047.5</ele></trkpt>
    <trkpt lat="37.563869" lon="-3.862084"><ele>1038.5</ele></trkpt>
    <trkpt lat="37.563987" lon="-3.861981"><ele>1037</ele></trkpt>
    <trkpt lat="37.564523" lon="-3.86135"><ele>1031.6</ele></trkpt>
    <trkpt lat="37.564707" lon="-3.861093"><ele>1030.1</ele></trkpt>
    <trkpt lat="37.56487" lon="-3.86073"><ele>1028.2</ele></trkpt>
    <trkpt lat="37.564926" lon="-3.860522"><ele>1027</ele></trkpt>
    <trkpt lat="37.56497" lon="-3.86007"><ele>1024.5</ele></trkpt>
    <trkpt lat="37.56504" lon="-3.859839"><ele>1023.1</ele></trkpt>
    <trkpt lat="37.565123" lon="-3.859749"><ele>1022.2</ele></trkpt>
    <trkpt lat="37.565221" lon="-3.859687"><ele>1021.3</ele></trkpt>
    <trkpt lat="37.565394" lon="-3.859634"><ele>1019.7</ele></trkpt>
    <trkpt lat="37.56551" lon="-3.859545"><ele>1018.4</ele></trkpt>
    <trkpt lat="37.566176" lon="-3.858748"><ele>1009.6</ele></trkpt>
    <trkpt lat="37.566228" lon="-3.858634"><ele>1008.8</ele></trkpt>
    <trkpt lat="37.566286" lon="-3.858188"><ele>1006.5</ele></trkpt>
    <trkpt lat="37.566555" lon="-3.857556"><ele>1003.5</ele></trkpt>
    <trkpt lat="37.566591" lon="-3.857377"><ele>1002.8</ele></trkpt>
    <trkpt lat="37.566536" lon="-3.85687"><ele>1000.9</ele></trkpt>
    <trkpt lat="37.566565" lon="-3.856648"><ele>1000.1</ele></trkpt>
    <trkpt lat="37.566626" lon="-3.856572"><ele>999.6</ele></trkpt>
    <trkpt lat="37.566888" lon="-3.85642"><ele>998</ele></trkpt>
    <trkpt lat="37.566966" lon="-3.856337"><ele>997.4</ele></trkpt>
    <trkpt lat="37.567016" lon="-3.856221"><ele>996.8</ele></trkpt>
    <trkpt lat="37.567097" lon="-3.855837"><ele>994.7</ele></trkpt>
    <trkpt lat="37.567453" lon="-3.855243"><ele>990</ele></trkpt>
    <trkpt lat="37.567587" lon="-3.85485"><ele>986.7</ele></trkpt>
    <trkpt lat="37.567656" lon="-3.854777"><ele>985.8</ele></trkpt>
    <trkpt lat="37.567752" lon="-3.854729"><ele>984.8</ele></trkpt>
    <trkpt lat="37.56787" lon="-3.85472"><ele>983.6</ele></trkpt>
    <trkpt lat="37.5685" lon="-3.854817"><ele>977.2</ele></trkpt>
    <trkpt lat="37.568794" lon="-3.854793"><ele>974.2</ele></trkpt>
    <trkpt lat="37.568908" lon="-3.854744"><ele>973</ele></trkpt>
    <trkpt lat="37.569016" lon="-3.854669"><ele>971.7</ele></trkpt>
    <trkpt lat="37.569371" lon="-3.854262"><ele>967.5</ele></trkpt>
    <trkpt lat="37.56957" lon="-3.85407"><ele>966</ele></trkpt>
    <trkpt lat="37.569645" lon="-3.853936"><ele>965.3</ele></trkpt>
    <trkpt lat="37.569675" lon="-3.85382"><ele>964.9</ele></trkpt>
    <trkpt lat="37.569678" lon="-3.853693"><ele>964.6</ele></trkpt>
    <trkpt lat="37.569637" lon="-3.853576"><ele>964.4</ele></trkpt>
    <trkpt lat="37.569562" lon="-3.853498"><ele>964.2</ele></trkpt>
    <trkpt lat="37.569463" lon="-3.853459"><ele>964.2</ele></trkpt>
    <trkpt lat="37.568822" lon="-3.853506"><ele>964.9</ele></trkpt>
    <trkpt lat="37.56844" lon="-3.853447"><ele>965.7</ele></trkpt>
    <trkpt lat="37.568347" lon="-3.8534"><ele>965.9</ele></trkpt>
    <trkpt lat="37.568281" lon="-3.853319"><ele>966</ele></trkpt>
    <trkpt lat="37.568209" lon="-3.853147"><ele>966.1</ele></trkpt>
    <trkpt lat="37.568236" lon="-3.85273"><ele>965.8</ele></trkpt>
    <trkpt lat="37.568321" lon="-3.852476"><ele>965.4</ele></trkpt>
    <trkpt lat="37.568401" lon="-3.852365"><ele>965</ele></trkpt>
    <trkpt lat="37.568743" lon="-3.852069"><ele>962.8</ele></trkpt>
    <trkpt lat="37.568807" lon="-3.851984"><ele>962.2</ele></trkpt>
    <trkpt lat="37.568841" lon="-3.851892"><ele>961.7</ele></trkpt>
    <trkpt lat="37.568853" lon="-3.851768"><ele>961</ele></trkpt>
    <trkpt lat="37.568821" lon="-3.851366"><ele>958.6</ele></trkpt>
    <trkpt lat="37.568829" lon="-3.851241"><ele>957.8</ele></trkpt>
    <trkpt lat="37.568872" lon="-3.851105"><ele>957</ele></trkpt>
    <trkpt lat="37.568941" lon="-3.850992"><ele>956.1</ele></trkpt>
    <trkpt lat="37.569036" lon="-3.8509"><ele>955.3</ele></trkpt>
    <trkpt lat="37.569125" lon="-3.850862"><ele>954.7</ele></trkpt>
    <trkpt lat="37.569273" lon="-3.850841"><ele>953.8</ele></trkpt>
    <trkpt lat="37.569586" lon="-3.850853"><ele>951.9</ele></trkpt>
    <trkpt lat="37.569719" lon="-3.850833"><ele>951.1</ele></trkpt>
    <trkpt lat="37.569815" lon="-3.850782"><ele>950.5</ele></trkpt>
    <trkpt lat="37.569917" lon="-3.850695"><ele>949.8</ele></trkpt>
    <trkpt lat="37.570018" lon="-3.850556"><ele>948.9</ele></trkpt>
    <trkpt lat="37.570082" lon="-3.850408"><ele>948.1</ele></trkpt>
    <trkpt lat="37.570258" lon="-3.849746"><ele>944.7</ele></trkpt>
    <trkpt lat="37.570308" lon="-3.849597"><ele>943.9</ele></trkpt>
    <trkpt lat="37.570372" lon="-3.8495"><ele>943.4</ele></trkpt>
    <trkpt lat="37.570453" lon="-3.849431"><ele>942.8</ele></trkpt>
    <trkpt lat="37.570978" lon="-3.849257"><ele>939.6</ele></trkpt>
    <trkpt lat="37.571148" lon="-3.849238"><ele>938.6</ele></trkpt>
    <trkpt lat="37.571353" lon="-3.849252"><ele>937.4</ele></trkpt>
    <trkpt lat="37.571567" lon="-3.849201"><ele>936.2</ele></trkpt>
    <trkpt lat="37.571674" lon="-3.849121"><ele>935.5</ele></trkpt>
    <trkpt lat="37.571798" lon="-3.848959"><ele>934.7</ele></trkpt>
    <trkpt lat="37.572215" lon="-3.848282"><ele>931.8</ele></trkpt>
    <trkpt lat="37.572451" lon="-3.847993"><ele>930.3</ele></trkpt>
    <trkpt lat="37.572769" lon="-3.847892"><ele>928.5</ele></trkpt>
    <trkpt lat="37.57296" lon="-3.847874"><ele>927.4</ele></trkpt>
    <trkpt lat="37.573182" lon="-3.847935"><ele>926.2</ele></trkpt>
    <trkpt lat="37.573766" lon="-3.848432"><ele>922.4</ele></trkpt>
    <trkpt lat="37.573908" lon="-3.848463"><ele>921.8</ele></trkpt>
    <trkpt lat="37.573994" lon="-3.848434"><ele>921.4</ele></trkpt>
    <trkpt lat="37.574068" lon="-3.848364"><ele>921</ele></trkpt>
    <trkpt lat="37.574124" lon="-3.848243"><ele>920.5</ele></trkpt>
    <trkpt lat="37.574234" lon="-3.847828"><ele>919.3</ele></trkpt>
    <trkpt lat="37.574503" lon="-3.847023"><ele>918</ele></trkpt>
    <trkpt lat="37.574626" lon="-3.846885"><ele>917.9</ele></trkpt>
    <trkpt lat="37.574697" lon="-3.846879"><ele>917.8</ele></trkpt>
    <trkpt lat="37.574842" lon="-3.846947"><ele>917.8</ele></trkpt>
    <trkpt lat="37.575196" lon="-3.847275"><ele>918.3</ele></trkpt>
    <trkpt lat="37.57549" lon="-3.847454"><ele>919</ele></trkpt>
    <trkpt lat="37.575699" lon="-3.84749"><ele>919.7</ele></trkpt>
    <trkpt lat="37.576551" lon="-3.847459"><ele>923.3</ele></trkpt>
    <trkpt lat="37.576763" lon="-3.847535"><ele>924.3</ele></trkpt>
    <trkpt lat="37.57731" lon="-3.847837"><ele>926.9</ele></trkpt>
    <trkpt lat="37.57739" lon="-3.847851"><ele>927.2</ele></trkpt>
    <trkpt lat="37.577537" lon="-3.847793"><ele>927.7</ele></trkpt>
    <trkpt lat="37.577661" lon="-3.847673"><ele>928.1</ele></trkpt>
    <trkpt lat="37.578025" lon="-3.847138"><ele>929.4</ele></trkpt>
    <trkpt lat="37.578155" lon="-3.847005"><ele>929.9</ele></trkpt>
    <trkpt lat="37.578604" lon="-3.846738"><ele>930.9</ele></trkpt>
    <trkpt lat="37.578789" lon="-3.846549"><ele>931.2</ele></trkpt>
    <trkpt lat="37.578958" lon="-3.846129"><ele>931.3</ele></trkpt>
    <trkpt lat="37.579014" lon="-3.845906"><ele>931.3</ele></trkpt>
    <trkpt lat="37.579307" lon="-3.844378"><ele>927.1</ele></trkpt>
    <trkpt lat="37.579426" lon="-3.844044"><ele>924.6</ele></trkpt>
    <trkpt lat="37.579893" lon="-3.84296"><ele>915</ele></trkpt>
    <trkpt lat="37.580024" lon="-3.842741"><ele>912.8</ele></trkpt>
    <trkpt lat="37.58022" lon="-3.842568"><ele>910.6</ele></trkpt>
    <trkpt lat="37.580342" lon="-3.842546"><ele>909.6</ele></trkpt>
    <trkpt lat="37.580732" lon="-3.842559"><ele>906.6</ele></trkpt>
    <trkpt lat="37.580863" lon="-3.842548"><ele>905.8</ele></trkpt>
    <trkpt lat="37.580964" lon="-3.842509"><ele>905.2</ele></trkpt>
    <trkpt lat="37.581142" lon="-3.842336"><ele>903.9</ele></trkpt>
    <trkpt lat="37.581398" lon="-3.841819"><ele>901.5</ele></trkpt>
    <trkpt lat="37.581612" lon="-3.841586"><ele>900.1</ele></trkpt>
    <trkpt lat="37.582454" lon="-3.841"><ele>895.5</ele></trkpt>
    <trkpt lat="37.58272" lon="-3.840874"><ele>893.7</ele></trkpt>
    <trkpt lat="37.583187" lon="-3.840737"><ele>890.4</ele></trkpt>
    <trkpt lat="37.583575" lon="-3.840482"><ele>887.5</ele></trkpt>
    <trkpt lat="37.584114" lon="-3.840204"><ele>884.3</ele></trkpt>
    <trkpt lat="37.584257" lon="-3.840052"><ele>883.5</ele></trkpt>
    <trkpt lat="37.584301" lon="-3.839943"><ele>883.1</ele></trkpt>
    <trkpt lat="37.584321" lon="-3.839816"><ele>882.6</ele></trkpt>
    <trkpt lat="37.584283" lon="-3.838725"><ele>879.6</ele></trkpt>
    <trkpt lat="37.584339" lon="-3.838207"><ele>878.8</ele></trkpt>
    <trkpt lat="37.584366" lon="-3.837798"><ele>878.1</ele></trkpt>
    <trkpt lat="37.584354" lon="-3.837188"><ele>876.8</ele></trkpt>
    <trkpt lat="37.584331" lon="-3.837026"><ele>876.4</ele></trkpt>
    <trkpt lat="37.584154" lon="-3.836548"><ele>875.7</ele></trkpt>
    <trkpt lat="37.584089" lon="-3.836258"><ele>875.4</ele></trkpt>
    <trkpt lat="37.584143" lon="-3.836035"><ele>875.3</ele></trkpt>
    <trkpt lat="37.584495" lon="-3.835552"><ele>875.2</ele></trkpt>
    <trkpt lat="37.584674" lon="-3.835218"><ele>875.5</ele></trkpt>
    <trkpt lat="37.584925" lon="-3.834415"><ele>877.2</ele></trkpt>
    <trkpt lat="37.584974" lon="-3.834185"><ele>878</ele></trkpt>
    <trkpt lat="37.585151" lon="-3.832498"><ele>882.7</ele></trkpt>
    <trkpt lat="37.585401" lon="-3.831497"><ele>882.8</ele></trkpt>
    <trkpt lat="37.585451" lon="-3.831234"><ele>882.8</ele></trkpt>
    <trkpt lat="37.5855" lon="-3.830752"><ele>882.5</ele></trkpt>
    <trkpt lat="37.585492" lon="-3.830415"><ele>882.4</ele></trkpt>
    <trkpt lat="37.585377" lon="-3.830047"><ele>882.3</ele></trkpt>
    <trkpt lat="37.585354" lon="-3.829823"><ele>882.4</ele></trkpt>
    <trkpt lat="37.585362" lon="-3.829605"><ele>882.5</ele></trkpt>
    <trkpt lat="37.585396" lon="-3.829418"><ele>882.7</ele></trkpt>
    <trkpt lat="37.58546" lon="-3.829264"><ele>883</ele></trkpt>
    <trkpt lat="37.585755" lon="-3.828893"><ele>883.8</ele></trkpt>
    <trkpt lat="37.586068" lon="-3.827895"><ele>886.4</ele></trkpt>
    <trkpt lat="37.586243" lon="-3.826654"><ele>892.1</ele></trkpt>
    <trkpt lat="37.586482" lon="-3.825675"><ele>897.3</ele></trkpt>
    <trkpt lat="37.586769" lon="-3.824963"><ele>900.9</ele></trkpt>
    <trkpt lat="37.58716" lon="-3.824131"><ele>903.9</ele></trkpt>
    <trkpt lat="37.58727" lon="-3.823773"><ele>904.6</ele></trkpt>
    <trkpt lat="37.587498" lon="-3.822566"><ele>906.9</ele></trkpt>
    <trkpt lat="37.587584" lon="-3.822171"><ele>908</ele></trkpt>
    <trkpt lat="37.587695" lon="-3.821661"><ele>909.8</ele></trkpt>
    <trkpt lat="37.587785" lon="-3.821245"><ele>911.1</ele></trkpt>
    <trkpt lat="37.58785" lon="-3.820896"><ele>912</ele></trkpt>
    <trkpt lat="37.587854" lon="-3.820241"><ele>912.4</ele></trkpt>
    <trkpt lat="37.587855" lon="-3.819961"><ele>912</ele></trkpt>
    <trkpt lat="37.587856" lon="-3.819768"><ele>911.6</ele></trkpt>
    <trkpt lat="37.587886" lon="-3.819615"><ele>911.4</ele></trkpt>
    <trkpt lat="37.588366" lon="-3.81911"><ele>910.3</ele></trkpt>
    <trkpt lat="37.588398" lon="-3.819076"><ele>910.2</ele></trkpt>
    <trkpt lat="37.588543" lon="-3.818936"><ele>910.3</ele></trkpt>
    <trkpt lat="37.588623" lon="-3.818856"><ele>910.5</ele></trkpt>
    <trkpt lat="37.588848" lon="-3.818612"><ele>911.5</ele></trkpt>
    <trkpt lat="37.589089" lon="-3.8183"><ele>913.6</ele></trkpt>
    <trkpt lat="37.589356" lon="-3.817958"><ele>917</ele></trkpt>
    <trkpt lat="37.589617" lon="-3.818195"><ele>920.5</ele></trkpt>
    <trkpt lat="37.589934" lon="-3.817033"><ele>932.6</ele></trkpt>
    <trkpt lat="37.589996" lon="-3.816767"><ele>935.7</ele></trkpt>
    <trkpt lat="37.590034" lon="-3.816607"><ele>937.6</ele></trkpt>
    <trkpt lat="37.590187" lon="-3.815981"><ele>945.3</ele></trkpt>
    <trkpt lat="37.590194" lon="-3.815756"><ele>948</ele></trkpt>
    <trkpt lat="37.590314" lon="-3.815116"><ele>955.5</ele></trkpt>
    <trkpt lat="37.590273" lon="-3.815032"><ele>956.5</ele></trkpt>
    <trkpt lat="37.590148" lon="-3.814252"><ele>963.5</ele></trkpt>
    <trkpt lat="37.590037" lon="-3.813274"><ele>967.5</ele></trkpt>
    <trkpt lat="37.590013" lon="-3.813062"><ele>968.2</ele></trkpt>
    <trkpt lat="37.590013" lon="-3.81278"><ele>969.1</ele></trkpt>
    <trkpt lat="37.590037" lon="-3.812426"><ele>970.4</ele></trkpt>
    <trkpt lat="37.590235" lon="-3.811612"><ele>972.9</ele></trkpt>
    <trkpt lat="37.590302" lon="-3.811454"><ele>973.3</ele></trkpt>
    <trkpt lat="37.590587" lon="-3.810976"><ele>974.1</ele></trkpt>
    <trkpt lat="37.590706" lon="-3.811021"><ele>974</ele></trkpt>
    <trkpt lat="37.59134" lon="-3.811112"><ele>971.9</ele></trkpt>
    <trkpt lat="37.591563" lon="-3.811145"><ele>970.4</ele></trkpt>
    <trkpt lat="37.591713" lon="-3.811154"><ele>969.2</ele></trkpt>
    <trkpt lat="37.59181" lon="-3.811087"><ele>968.3</ele></trkpt>
    <trkpt lat="37.591964" lon="-3.810908"><ele>966.6</ele></trkpt>
    <trkpt lat="37.592149" lon="-3.810753"><ele>964.6</ele></trkpt>
    <trkpt lat="37.592495" lon="-3.810615"><ele>961.2</ele></trkpt>
    <trkpt lat="37.592987" lon="-3.810332"><ele>956.8</ele></trkpt>
    <trkpt lat="37.593366" lon="-3.810252"><ele>953.7</ele></trkpt>
    <trkpt lat="37.593461" lon="-3.810292"><ele>953</ele></trkpt>
    <trkpt lat="37.594135" lon="-3.810766"><ele>946</ele></trkpt>
    <trkpt lat="37.594525" lon="-3.810963"><ele>941.9</ele></trkpt>
    <trkpt lat="37.594889" lon="-3.81105"><ele>938.2</ele></trkpt>
    <trkpt lat="37.595392" lon="-3.811325"><ele>932.6</ele></trkpt>
    <trkpt lat="37.59588" lon="-3.811548"><ele>927.7</ele></trkpt>
    <trkpt lat="37.596134" lon="-3.811711"><ele>925.5</ele></trkpt>
    <trkpt lat="37.596699" lon="-3.812321"><ele>921.5</ele></trkpt>
    <trkpt lat="37.59682" lon="-3.812422"><ele>920.9</ele></trkpt>
    <trkpt lat="37.596949" lon="-3.812476"><ele>920.5</ele></trkpt>
    <trkpt lat="37.597182" lon="-3.812457"><ele>919.9</ele></trkpt>
    <trkpt lat="37.597334" lon="-3.812382"><ele>919.4</ele></trkpt>
    <trkpt lat="37.597818" lon="-3.811992"><ele>916.8</ele></trkpt>
    <trkpt lat="37.598156" lon="-3.811836"><ele>915.1</ele></trkpt>
    <trkpt lat="37.598266" lon="-3.811833"><ele>914.6</ele></trkpt>
    <trkpt lat="37.598343" lon="-3.81187"><ele>914.2</ele></trkpt>
    <trkpt lat="37.598394" lon="-3.811948"><ele>913.8</ele></trkpt>
    <trkpt lat="37.598909" lon="-3.811798"><ele>911.4</ele></trkpt>
    <trkpt lat="37.599274" lon="-3.811644"><ele>909.2</ele></trkpt>
    <trkpt lat="37.59949" lon="-3.811629"><ele>908.2</ele></trkpt>
    <trkpt lat="37.600141" lon="-3.811738"><ele>906.8</ele></trkpt>
    <trkpt lat="37.600317" lon="-3.81176"><ele>906.7</ele></trkpt>
    <trkpt lat="37.600352" lon="-3.811762"><ele>906.7</ele></trkpt>
    <trkpt lat="37.600561" lon="-3.811776"><ele>906.7</ele></trkpt>
    <trkpt lat="37.600826" lon="-3.811714"><ele>906.9</ele></trkpt>
    <trkpt lat="37.601314" lon="-3.811573"><ele>908</ele></trkpt>
    <trkpt lat="37.601473" lon="-3.811472"><ele>908.6</ele></trkpt>
    <trkpt lat="37.602115" lon="-3.810895"><ele>911.6</ele></trkpt>
    <trkpt lat="37.602496" lon="-3.810667"><ele>913.3</ele></trkpt>
    <trkpt lat="37.602785" lon="-3.810576"><ele>914.7</ele></trkpt>
    <trkpt lat="37.603499" lon="-3.81045"><ele>919.1</ele></trkpt>
    <trkpt lat="37.603914" lon="-3.810516"><ele>922.2</ele></trkpt>
    <trkpt lat="37.604176" lon="-3.810625"><ele>924.4</ele></trkpt>
    <trkpt lat="37.605243" lon="-3.811291"><ele>933.5</ele></trkpt>
    <trkpt lat="37.605918" lon="-3.811721"><ele>937.8</ele></trkpt>
    <trkpt lat="37.606172" lon="-3.811881"><ele>939.2</ele></trkpt>
    <trkpt lat="37.606871" lon="-3.812334"><ele>943.2</ele></trkpt>
    <trkpt lat="37.607062" lon="-3.812521"><ele>944.6</ele></trkpt>
    <trkpt lat="37.607241" lon="-3.812753"><ele>946.2</ele></trkpt>
    <trkpt lat="37.608077" lon="-3.814255"><ele>957.7</ele></trkpt>
    <trkpt lat="37.608321" lon="-3.814734"><ele>962.1</ele></trkpt>
    <trkpt lat="37.608437" lon="-3.815145"><ele>965.7</ele></trkpt>
    <trkpt lat="37.608441" lon="-3.81539"><ele>967.8</ele></trkpt>
    <trkpt lat="37.608369" lon="-3.815797"><ele>971.3</ele></trkpt>
    <trkpt lat="37.608123" lon="-3.816441"><ele>977.4</ele></trkpt>
    <trkpt lat="37.608087" lon="-3.816655"><ele>979</ele></trkpt>
    <trkpt lat="37.608082" lon="-3.816853"><ele>980.5</ele></trkpt>
    <trkpt lat="37.608122" lon="-3.817069"><ele>982</ele></trkpt>
    <trkpt lat="37.608212" lon="-3.817311"><ele>983.8</ele></trkpt>
    <trkpt lat="37.608344" lon="-3.817498"><ele>985.5</ele></trkpt>
    <trkpt lat="37.608676" lon="-3.817822"><ele>988.8</ele></trkpt>
    <trkpt lat="37.60894" lon="-3.818125"><ele>991.7</ele></trkpt>
    <trkpt lat="37.609103" lon="-3.818421"><ele>994</ele></trkpt>
    <trkpt lat="37.609237" lon="-3.818905"><ele>997.4</ele></trkpt>
    <trkpt lat="37.609339" lon="-3.81953"><ele>1001.6</ele></trkpt>
    <trkpt lat="37.609431" lon="-3.819879"><ele>1003.9</ele></trkpt>
    <trkpt lat="37.609558" lon="-3.820204"><ele>1006.2</ele></trkpt>
    <trkpt lat="37.609731" lon="-3.820457"><ele>1008.1</ele></trkpt>
    <trkpt lat="37.609898" lon="-3.820637"><ele>1009.7</ele></trkpt>
    <trkpt lat="37.610091" lon="-3.820784"><ele>1011.3</ele></trkpt>
    <trkpt lat="37.610334" lon="-3.82092"><ele>1013.2</ele></trkpt>
    <trkpt lat="37.612413" lon="-3.821873"><ele>1028.5</ele></trkpt>
    <trkpt lat="37.612617" lon="-3.821945"><ele>1030.1</ele></trkpt>
    <trkpt lat="37.61276" lon="-3.821968"><ele>1031.2</ele></trkpt>
    <trkpt lat="37.613034" lon="-3.821944"><ele>1033.4</ele></trkpt>
    <trkpt lat="37.61357" lon="-3.821704"><ele>1038.8</ele></trkpt>
    <trkpt lat="37.613871" lon="-3.821601"><ele>1042</ele></trkpt>
    <trkpt lat="37.614123" lon="-3.821606"><ele>1044.8</ele></trkpt>
    <trkpt lat="37.614243" lon="-3.82164"><ele>1046.2</ele></trkpt>
    <trkpt lat="37.614496" lon="-3.821785"><ele>1049.5</ele></trkpt>
    <trkpt lat="37.61461" lon="-3.821895"><ele>1051.2</ele></trkpt>
    <trkpt lat="37.614702" lon="-3.822026"><ele>1052.8</ele></trkpt>
    <trkpt lat="37.614848" lon="-3.822355"><ele>1056.5</ele></trkpt>
    <trkpt lat="37.614905" lon="-3.822745"><ele>1060.4</ele></trkpt>
    <trkpt lat="37.614905" lon="-3.823152"><ele>1064.4</ele></trkpt>
    <trkpt lat="37.614933" lon="-3.82357"><ele>1068.5</ele></trkpt>
    <trkpt lat="37.615047" lon="-3.823917"><ele>1072.1</ele></trkpt>
    <trkpt lat="37.615129" lon="-3.824043"><ele>1073.5</ele></trkpt>
    <trkpt lat="37.615319" lon="-3.82423"><ele>1076.3</ele></trkpt>
    <trkpt lat="37.615552" lon="-3.824339"><ele>1078.9</ele></trkpt>
    <trkpt lat="37.615703" lon="-3.824364"><ele>1080.5</ele></trkpt>
    <trkpt lat="37.616473" lon="-3.824312"><ele>1087</ele></trkpt>
    <trkpt lat="37.617818" lon="-3.824153"><ele>1096.4</ele></trkpt>
    <trkpt lat="37.618491" lon="-3.824153"><ele>1102.3</ele></trkpt>
    <trkpt lat="37.618806" lon="-3.824191"><ele>1105.5</ele></trkpt>
    <trkpt lat="37.619137" lon="-3.824275"><ele>1109.1</ele></trkpt>
    <trkpt lat="37.619512" lon="-3.824453"><ele>1113.5</ele></trkpt>
    <trkpt lat="37.621406" lon="-3.825581"><ele>1136.6</ele></trkpt>
    <trkpt lat="37.621715" lon="-3.825708"><ele>1140.1</ele></trkpt>
    <trkpt lat="37.621928" lon="-3.825756"><ele>1142.3</ele></trkpt>
    <trkpt lat="37.622173" lon="-3.825766"><ele>1144.7</ele></trkpt>
    <trkpt lat="37.622634" lon="-3.82568"><ele>1149</ele></trkpt>
    <trkpt lat="37.626731" lon="-3.824212"><ele>1171.6</ele></trkpt>
    <trkpt lat="37.62713" lon="-3.824206"><ele>1170.5</ele></trkpt>
    <trkpt lat="37.627642" lon="-3.82433"><ele>1168.5</ele></trkpt>
    <trkpt lat="37.627818" lon="-3.824333"><ele>1167.7</ele></trkpt>
    <trkpt lat="37.627957" lon="-3.824301"><ele>1166.9</ele></trkpt>
    <trkpt lat="37.628199" lon="-3.824155"><ele>1165.2</ele></trkpt>
    <trkpt lat="37.628313" lon="-3.824023"><ele>1164.1</ele></trkpt>
    <trkpt lat="37.6286" lon="-3.823529"><ele>1161.1</ele></trkpt>
    <trkpt lat="37.628723" lon="-3.823333"><ele>1160.3</ele></trkpt>
    <trkpt lat="37.628865" lon="-3.823188"><ele>1159.9</ele></trkpt>
    <trkpt lat="37.629134" lon="-3.823047"><ele>1159.4</ele></trkpt>
    <trkpt lat="37.629441" lon="-3.823048"><ele>1158.9</ele></trkpt>
    <trkpt lat="37.629618" lon="-3.823129"><ele>1158.6</ele></trkpt>
    <trkpt lat="37.629837" lon="-3.823313"><ele>1158.5</ele></trkpt>
    <trkpt lat="37.629838" lon="-3.823162"><ele>1158.8</ele></trkpt>
    <trkpt lat="37.629721" lon="-3.822861"><ele>1159.8</ele></trkpt>
    <trkpt lat="37.629597" lon="-3.822257"><ele>1163</ele></trkpt>
    <trkpt lat="37.629563" lon="-3.821856"><ele>1165</ele></trkpt>
    <trkpt lat="37.629527" lon="-3.820791"><ele>1171.5</ele></trkpt>
    <trkpt lat="37.629539" lon="-3.820451"><ele>1173.9</ele></trkpt>
    <trkpt lat="37.62962" lon="-3.819909"><ele>1177.8</ele></trkpt>
    <trkpt lat="37.629694" lon="-3.819583"><ele>1180.1</ele></trkpt>
    <trkpt lat="37.629778" lon="-3.819365"><ele>1181.8</ele></trkpt>
    <trkpt lat="37.629958" lon="-3.819008"><ele>1184.5</ele></trkpt>
    <trkpt lat="37.63034" lon="-3.817678"><ele>1194.6</ele></trkpt>
    <trkpt lat="37.630523" lon="-3.816548"><ele>1206.9</ele></trkpt>
    <trkpt lat="37.630682" lon="-3.815947"><ele>1214.2</ele></trkpt>
    <trkpt lat="37.630812" lon="-3.815662"><ele>1217.6</ele></trkpt>
    <trkpt lat="37.63082" lon="-3.815535"><ele>1218.8</ele></trkpt>
    <trkpt lat="37.630803" lon="-3.815436"><ele>1219.8</ele></trkpt>
    <trkpt lat="37.630741" lon="-3.815314"><ele>1221.1</ele></trkpt>
    <trkpt lat="37.630429" lon="-3.814973"><ele>1225.7</ele></trkpt>
    <trkpt lat="37.630341" lon="-3.814924"><ele>1226.7</ele></trkpt>
    <trkpt lat="37.630072" lon="-3.814875"><ele>1229.3</ele></trkpt>
    <trkpt lat="37.629995" lon="-3.814829"><ele>1230.1</ele></trkpt>
    <trkpt lat="37.629926" lon="-3.814745"><ele>1230.9</ele></trkpt>
    <trkpt lat="37.629844" lon="-3.814547"><ele>1232.5</ele></trkpt>
    <trkpt lat="37.62962" lon="-3.81367"><ele>1240.2</ele></trkpt>
    <trkpt lat="37.629604" lon="-3.813512"><ele>1241.8</ele></trkpt>
    <trkpt lat="37.629653" lon="-3.813177"><ele>1245.2</ele></trkpt>
    <trkpt lat="37.629703" lon="-3.813073"><ele>1246.5</ele></trkpt>
    <trkpt lat="37.629864" lon="-3.81292"><ele>1249.1</ele></trkpt>
    <trkpt lat="37.62995" lon="-3.812802"><ele>1250.7</ele></trkpt>
    <trkpt lat="37.630011" lon="-3.812676"><ele>1252.2</ele></trkpt>
    <trkpt lat="37.630054" lon="-3.812395"><ele>1255.2</ele></trkpt>
    <trkpt lat="37.630024" lon="-3.812268"><ele>1256.5</ele></trkpt>
    <trkpt lat="37.62989" lon="-3.811999"><ele>1259.9</ele></trkpt>
    <trkpt lat="37.629806" lon="-3.811659"><ele>1263.9</ele></trkpt>
    <trkpt lat="37.629577" lon="-3.811027"><ele>1272.1</ele></trkpt>
    <trkpt lat="37.629284" lon="-3.809445"><ele>1291.9</ele></trkpt>
    <trkpt lat="37.629241" lon="-3.809311"><ele>1293.5</ele></trkpt>
    <trkpt lat="37.6288" lon="-3.808649"><ele>1300.2</ele></trkpt>
    <trkpt lat="37.628772" lon="-3.808548"><ele>1300.6</ele></trkpt>
    <trkpt lat="37.628742" lon="-3.808205"><ele>1301.5</ele></trkpt>
    <trkpt lat="37.628753" lon="-3.807923"><ele>1301.8</ele></trkpt>
    <trkpt lat="37.628833" lon="-3.807593"><ele>1302.1</ele></trkpt>
    <trkpt lat="37.628872" lon="-3.807517"><ele>1302.1</ele></trkpt>
    <trkpt lat="37.628917" lon="-3.807487"><ele>1302.1</ele></trkpt>
    <trkpt lat="37.629027" lon="-3.807496"><ele>1302.1</ele></trkpt>
    <trkpt lat="37.629074" lon="-3.807538"><ele>1302.2</ele></trkpt>
    <trkpt lat="37.629297" lon="-3.807901"><ele>1302</ele></trkpt>
    <trkpt lat="37.629405" lon="-3.807995"><ele>1301.9</ele></trkpt>
    <trkpt lat="37.629622" lon="-3.808089"><ele>1302</ele></trkpt>
    <trkpt lat="37.629948" lon="-3.808175"><ele>1302.5</ele></trkpt>
    <trkpt lat="37.630071" lon="-3.808247"><ele>1303</ele></trkpt>
    <trkpt lat="37.6302" lon="-3.808407"><ele>1303.7</ele></trkpt>
    <trkpt lat="37.630534" lon="-3.808736"><ele>1305.6</ele></trkpt>
    <trkpt lat="37.630791" lon="-3.809059"><ele>1307.1</ele></trkpt>
    <trkpt lat="37.630965" lon="-3.80923"><ele>1308</ele></trkpt>
    <trkpt lat="37.631565" lon="-3.809728"><ele>1311.2</ele></trkpt>
    <trkpt lat="37.631709" lon="-3.809895"><ele>1312.4</ele></trkpt>
    <trkpt lat="37.631848" lon="-3.810008"><ele>1313.5</ele></trkpt>
    <trkpt lat="37.631926" lon="-3.81005"><ele>1314.1</ele></trkpt>
    <trkpt lat="37.632053" lon="-3.810071"><ele>1315</ele></trkpt>
    <trkpt lat="37.632569" lon="-3.810124"><ele>1319.7</ele></trkpt>
    <trkpt lat="37.632917" lon="-3.809963"><ele>1323.7</ele></trkpt>
    <trkpt lat="37.63306" lon="-3.809962"><ele>1325.2</ele></trkpt>
    <trkpt lat="37.63331" lon="-3.810047"><ele>1327.9</ele></trkpt>
    <trkpt lat="37.633509" lon="-3.810163"><ele>1329.9</ele></trkpt>
    <trkpt lat="37.633696" lon="-3.810313"><ele>1331.7</ele></trkpt>
    <trkpt lat="37.633761" lon="-3.810423"><ele>1332.4</ele></trkpt>
    <trkpt lat="37.633854" lon="-3.810785"><ele>1334.4</ele></trkpt>
    <trkpt lat="37.633881" lon="-3.811007"><ele>1335.4</ele></trkpt>
    <trkpt lat="37.633838" lon="-3.811162"><ele>1336</ele></trkpt>
    <trkpt lat="37.633611" lon="-3.811487"><ele>1337.7</ele></trkpt>
    <trkpt lat="37.63358" lon="-3.811641"><ele>1338.2</ele></trkpt>
    <trkpt lat="37.633584" lon="-3.811779"><ele>1338.7</ele></trkpt>
    <trkpt lat="37.633623" lon="-3.811925"><ele>1339.1</ele></trkpt>
    <trkpt lat="37.633901" lon="-3.812579"><ele>1340.8</ele></trkpt>
    <trkpt lat="37.633973" lon="-3.812898"><ele>1341.5</ele></trkpt>
    <trkpt lat="37.634063" lon="-3.813161"><ele>1342.2</ele></trkpt>
    <trkpt lat="37.634302" lon="-3.813663"><ele>1344.1</ele></trkpt>
    <trkpt lat="37.634405" lon="-3.814185"><ele>1346.4</ele></trkpt>
    <trkpt lat="37.634474" lon="-3.814387"><ele>1347.6</ele></trkpt>
    <trkpt lat="37.635013" lon="-3.815537"><ele>1357.7</ele></trkpt>
    <trkpt lat="37.635048" lon="-3.815646"><ele>1358.8</ele></trkpt>
    <trkpt lat="37.635106" lon="-3.816028"><ele>1362.2</ele></trkpt>
    <trkpt lat="37.635121" lon="-3.816384"><ele>1365.2</ele></trkpt>
    <trkpt lat="37.635162" lon="-3.816575"><ele>1366.8</ele></trkpt>
    <trkpt lat="37.635216" lon="-3.816695"><ele>1367.9</ele></trkpt>
    <trkpt lat="37.63528" lon="-3.816765"><ele>1368.7</ele></trkpt>
    <trkpt lat="37.635529" lon="-3.816809"><ele>1371</ele></trkpt>
    <trkpt lat="37.635652" lon="-3.816691"><ele>1372.3</ele></trkpt>
    <trkpt lat="37.635696" lon="-3.816521"><ele>1373.4</ele></trkpt>
    <trkpt lat="37.635716" lon="-3.816329"><ele>1374.6</ele></trkpt>
    <trkpt lat="37.63572" lon="-3.815648"><ele>1377.7</ele></trkpt>
    <trkpt lat="37.635735" lon="-3.815517"><ele>1378.2</ele></trkpt>
    <trkpt lat="37.635803" lon="-3.815304"><ele>1378.9</ele></trkpt>
    <trkpt lat="37.635813" lon="-3.815121"><ele>1379.4</ele></trkpt>
    <trkpt lat="37.635686" lon="-3.814844"><ele>1380.2</ele></trkpt>
    <trkpt lat="37.635399" lon="-3.814446"><ele>1381.5</ele></trkpt>
    <trkpt lat="37.635315" lon="-3.814293"><ele>1381.9</ele></trkpt>
    <trkpt lat="37.635125" lon="-3.813337"><ele>1384.3</ele></trkpt>
    <trkpt lat="37.635049" lon="-3.812619"><ele>1386.8</ele></trkpt>
    <trkpt lat="37.635053" lon="-3.811668"><ele>1391.5</ele></trkpt>
    <trkpt lat="37.635075" lon="-3.811515"><ele>1392.4</ele></trkpt>
    <trkpt lat="37.635134" lon="-3.811331"><ele>1393.6</ele></trkpt>
    <trkpt lat="37.635217" lon="-3.811177"><ele>1394.8</ele></trkpt>
    <trkpt lat="37.63552" lon="-3.810816"><ele>1398.5</ele></trkpt>
    <trkpt lat="37.635627" lon="-3.810624"><ele>1400.4</ele></trkpt>
    <trkpt lat="37.635745" lon="-3.810342"><ele>1403.1</ele></trkpt>
    <trkpt lat="37.635873" lon="-3.810138"><ele>1405.4</ele></trkpt>
    <trkpt lat="37.636544" lon="-3.809417"><ele>1415.4</ele></trkpt>
    <trkpt lat="37.637019" lon="-3.809211"><ele>1420.9</ele></trkpt>
    <trkpt lat="37.637871" lon="-3.809007"><ele>1429.7</ele></trkpt>
    <trkpt lat="37.638031" lon="-3.808942"><ele>1431.4</ele></trkpt>
    <trkpt lat="37.638177" lon="-3.808853"><ele>1433.1</ele></trkpt>
    <trkpt lat="37.638396" lon="-3.808629"><ele>1436.1</ele></trkpt>
    <trkpt lat="37.638477" lon="-3.808488"><ele>1437.6</ele></trkpt>
    <trkpt lat="37.638511" lon="-3.808291"><ele>1439.4</ele></trkpt>
    <trkpt lat="37.638441" lon="-3.807693"><ele>1444.7</ele></trkpt>
    <trkpt lat="37.638332" lon="-3.807252"><ele>1448.7</ele></trkpt>
    <trkpt lat="37.638329" lon="-3.807154"><ele>1449.5</ele></trkpt>
    <trkpt lat="37.638369" lon="-3.807029"><ele>1450.7</ele></trkpt>
    <trkpt lat="37.638486" lon="-3.806782"><ele>1453.2</ele></trkpt>
    <trkpt lat="37.638737" lon="-3.806566"><ele>1456.4</ele></trkpt>
    <trkpt lat="37.639055" lon="-3.806219"><ele>1460.6</ele></trkpt>
    <trkpt lat="37.639607" lon="-3.805726"><ele>1468.3</ele></trkpt>
    <trkpt lat="37.639667" lon="-3.805619"><ele>1469.7</ele></trkpt>
    <trkpt lat="37.639686" lon="-3.805533"><ele>1470.7</ele></trkpt>
    <trkpt lat="37.639667" lon="-3.805435"><ele>1471.8</ele></trkpt>
    <trkpt lat="37.63962" lon="-3.805357"><ele>1472.9</ele></trkpt>
    <trkpt lat="37.639559" lon="-3.80531"><ele>1474</ele></trkpt>
    <trkpt lat="37.63937" lon="-3.805314"><ele>1476.8</ele></trkpt>
    <trkpt lat="37.639068" lon="-3.805519"><ele>1482.2</ele></trkpt>
    <trkpt lat="37.638793" lon="-3.805592"><ele>1486.6</ele></trkpt>
    <trkpt lat="37.638412" lon="-3.805531"><ele>1492.3</ele></trkpt>
    <trkpt lat="37.638286" lon="-3.805536"><ele>1494.1</ele></trkpt>
    <trkpt lat="37.63806" lon="-3.80562"><ele>1497.1</ele></trkpt>
    <trkpt lat="37.637637" lon="-3.805879"><ele>1502.5</ele></trkpt>
    <trkpt lat="37.637449" lon="-3.805954"><ele>1504.5</ele></trkpt>
    <trkpt lat="37.637294" lon="-3.805975"><ele>1506.2</ele></trkpt>
    <trkpt lat="37.636992" lon="-3.805938"><ele>1509.3</ele></trkpt>
    <trkpt lat="37.636787" lon="-3.806025"><ele>1511.7</ele></trkpt>
    <trkpt lat="37.636661" lon="-3.806047"><ele>1513.1</ele></trkpt>
    <trkpt lat="37.636414" lon="-3.80601"><ele>1516</ele></trkpt>
    <trkpt lat="37.636169" lon="-3.805915"><ele>1519.2</ele></trkpt>
    <trkpt lat="37.635826" lon="-3.805728"><ele>1524.3</ele></trkpt>
    <trkpt lat="37.635638" lon="-3.805585"><ele>1527.6</ele></trkpt>
    <trkpt lat="37.635505" lon="-3.805384"><ele>1530.7</ele></trkpt>
    <trkpt lat="37.635394" lon="-3.805104"><ele>1534.5</ele></trkpt>
    <trkpt lat="37.635308" lon="-3.804744"><ele>1538.9</ele></trkpt>
    <trkpt lat="37.635154" lon="-3.803664"><ele>1551</ele></trkpt>
    <trkpt lat="37.63474" lon="-3.802345"><ele>1564.8</ele></trkpt>
    <trkpt lat="37.634682" lon="-3.801916"><ele>1568.8</ele></trkpt>
    <trkpt lat="37.634506" lon="-3.80125"><ele>1576.7</ele></trkpt>
    <trkpt lat="37.634474" lon="-3.800991"><ele>1580.1</ele></trkpt>
    <trkpt lat="37.634476" lon="-3.800605"><ele>1585.6</ele></trkpt>
    <trkpt lat="37.634772" lon="-3.799727"><ele>1600.4</ele></trkpt>
    <trkpt lat="37.63479" lon="-3.799597"><ele>1602.6</ele></trkpt>
    <trkpt lat="37.634765" lon="-3.799383"><ele>1606</ele></trkpt>
    <trkpt lat="37.634647" lon="-3.799139"><ele>1610.3</ele></trkpt>
    <trkpt lat="37.634296" lon="-3.798565"><ele>1619.7</ele></trkpt>
    <trkpt lat="37.633976" lon="-3.798133"><ele>1625.4</ele></trkpt>
    <trkpt lat="37.633688" lon="-3.79789"><ele>1629.1</ele></trkpt>
    <trkpt lat="37.633465" lon="-3.797565"><ele>1632.7</ele></trkpt>
    <trkpt lat="37.633357" lon="-3.797475"><ele>1634</ele></trkpt>
    <trkpt lat="37.633131" lon="-3.797396"><ele>1636.6</ele></trkpt>
    <trkpt lat="37.633068" lon="-3.79725"><ele>1638.1</ele></trkpt>
    <trkpt lat="37.633122" lon="-3.797041"><ele>1640.1</ele></trkpt>
    <trkpt lat="37.633207" lon="-3.796934"><ele>1641.5</ele></trkpt>
    <trkpt lat="37.633309" lon="-3.796873"><ele>1642.9</ele></trkpt>
    <trkpt lat="37.633417" lon="-3.796856"><ele>1644.3</ele></trkpt>
    <trkpt lat="37.633544" lon="-3.796883"><ele>1646</ele></trkpt>
    <trkpt lat="37.633868" lon="-3.79705"><ele>1651</ele></trkpt>
    <trkpt lat="37.633998" lon="-3.797076"><ele>1653</ele></trkpt>
    <trkpt lat="37.634086" lon="-3.797044"><ele>1654.4</ele></trkpt>
    <trkpt lat="37.63417" lon="-3.796974"><ele>1656</ele></trkpt>
    <trkpt lat="37.634241" lon="-3.79674"><ele>1659.1</ele></trkpt>
    <trkpt lat="37.634189" lon="-3.796401"><ele>1663.3</ele></trkpt>
    <trkpt lat="37.633914" lon="-3.795715"><ele>1671.3</ele></trkpt>
    <trkpt lat="37.633811" lon="-3.795539"><ele>1673.1</ele></trkpt>
    <trkpt lat="37.633458" lon="-3.795171"><ele>1676.9</ele></trkpt>
    <trkpt lat="37.633281" lon="-3.795041"><ele>1678.5</ele></trkpt>
    <trkpt lat="37.633076" lon="-3.794945"><ele>1680.3</ele></trkpt>
    <trkpt lat="37.632763" lon="-3.794868"><ele>1683.2</ele></trkpt>
    <trkpt lat="37.632542" lon="-3.794774"><ele>1685.8</ele></trkpt>
    <trkpt lat="37.632425" lon="-3.794681"><ele>1687.5</ele></trkpt>
    <trkpt lat="37.632361" lon="-3.794588"><ele>1688.8</ele></trkpt>
    <trkpt lat="37.632345" lon="-3.7945"><ele>1689.8</ele></trkpt>
    <trkpt lat="37.63237" lon="-3.79441"><ele>1690.9</ele></trkpt>
    <trkpt lat="37.63242" lon="-3.79433"><ele>1692.1</ele></trkpt>
    <trkpt lat="37.632528" lon="-3.794248"><ele>1694.1</ele></trkpt>
    <trkpt lat="37.632891" lon="-3.794133"><ele>1701</ele></trkpt>
    <trkpt lat="37.633003" lon="-3.793963"><ele>1704.4</ele></trkpt>
    <trkpt lat="37.633085" lon="-3.793625"><ele>1710.1</ele></trkpt>
    <trkpt lat="37.633118" lon="-3.79319"><ele>1716.6</ele></trkpt>
    <trkpt lat="37.633249" lon="-3.792755"><ele>1722.1</ele></trkpt>
    <trkpt lat="37.633576" lon="-3.792257"><ele>1726.8</ele></trkpt>
    <trkpt lat="37.633759" lon="-3.79204"><ele>1728.1</ele></trkpt>
    <trkpt lat="37.634089" lon="-3.791891"><ele>1729.3</ele></trkpt>
    <trkpt lat="37.634664" lon="-3.791817"><ele>1730.5</ele></trkpt>
    <trkpt lat="37.634932" lon="-3.791676"><ele>1731</ele></trkpt>
    <trkpt lat="37.634995" lon="-3.791608"><ele>1731.1</ele></trkpt>
    <trkpt lat="37.63504" lon="-3.791447"><ele>1731.4</ele></trkpt>
    <trkpt lat="37.635034" lon="-3.79136"><ele>1731.6</ele></trkpt>
    <trkpt lat="37.635011" lon="-3.791262"><ele>1731.8</ele></trkpt>
    <trkpt lat="37.634836" lon="-3.790902"><ele>1732.9</ele></trkpt>
    <trkpt lat="37.634849" lon="-3.790693"><ele>1733.5</ele></trkpt>
    <trkpt lat="37.634961" lon="-3.790416"><ele>1734.7</ele></trkpt>
    <trkpt lat="37.635204" lon="-3.790115"><ele>1736.6</ele></trkpt>
    <trkpt lat="37.635343" lon="-3.789703"><ele>1738.5</ele></trkpt>
    <trkpt lat="37.63546" lon="-3.789515"><ele>1739.6</ele></trkpt>
    <trkpt lat="37.635493" lon="-3.789419"><ele>1740</ele></trkpt>
    <trkpt lat="37.635483" lon="-3.789256"><ele>1740.8</ele></trkpt>
    <trkpt lat="37.635307" lon="-3.788789"><ele>1743.2</ele></trkpt>
    <trkpt lat="37.635225" lon="-3.788445"><ele>1745</ele></trkpt>
    <trkpt lat="37.635144" lon="-3.788277"><ele>1746</ele></trkpt>
    <trkpt lat="37.634985" lon="-3.788091"><ele>1747.6</ele></trkpt>
    <trkpt lat="37.634452" lon="-3.787601"><ele>1752.6</ele></trkpt>
    <trkpt lat="37.634406" lon="-3.787534"><ele>1753.2</ele></trkpt>
    <trkpt lat="37.634393" lon="-3.787451"><ele>1753.8</ele></trkpt>
    <trkpt lat="37.634431" lon="-3.787307"><ele>1754.8</ele></trkpt>
    <trkpt lat="37.634489" lon="-3.787263"><ele>1755.4</ele></trkpt>
    <trkpt lat="37.63496" lon="-3.787099"><ele>1760.1</ele></trkpt>
    <trkpt lat="37.635072" lon="-3.786903"><ele>1762.2</ele></trkpt>
    <trkpt lat="37.635133" lon="-3.786561"><ele>1765.3</ele></trkpt>
    <trkpt lat="37.635093" lon="-3.786379"><ele>1767</ele></trkpt>
    <trkpt lat="37.634854" lon="-3.786027"><ele>1771.3</ele></trkpt>
    <trkpt lat="37.634454" lon="-3.785245"><ele>1780.4</ele></trkpt>
    <trkpt lat="37.634409" lon="-3.785071"><ele>1782.3</ele></trkpt>
    <trkpt lat="37.634402" lon="-3.784794"><ele>1785.3</ele></trkpt>
    <trkpt lat="37.634467" lon="-3.78448"><ele>1788.8</ele></trkpt>
    <trkpt lat="37.634788" lon="-3.783767"><ele>1798</ele></trkpt>
    <trkpt lat="37.634839" lon="-3.783134"><ele>1804.5</ele></trkpt>
    <trkpt lat="37.634824" lon="-3.782772"><ele>1807.8</ele></trkpt>
    <trkpt lat="37.634796" lon="-3.782625"><ele>1808.9</ele></trkpt>
    <trkpt lat="37.634667" lon="-3.782407"><ele>1810.6</ele></trkpt>
    <trkpt lat="37.634485" lon="-3.782246"><ele>1811.8</ele></trkpt>
    <trkpt lat="37.634453" lon="-3.782171"><ele>1812</ele></trkpt>
    <trkpt lat="37.634407" lon="-3.781891"><ele>1812.3</ele></trkpt>
    <trkpt lat="37.634301" lon="-3.781605"><ele>1812.1</ele></trkpt>
    <trkpt lat="37.634242" lon="-3.781462"><ele>1811.7</ele></trkpt>
    <trkpt lat="37.634223" lon="-3.78133"><ele>1811.3</ele></trkpt>
    <trkpt lat="37.634224" lon="-3.7812"><ele>1810.8</ele></trkpt>
    <trkpt lat="37.634324" lon="-3.780705"><ele>1807.7</ele></trkpt>
    <trkpt lat="37.634297" lon="-3.780447"><ele>1805.6</ele></trkpt>
    <trkpt lat="37.634243" lon="-3.780344"><ele>1804.4</ele></trkpt>
    <trkpt lat="37.634153" lon="-3.780228"><ele>1802.7</ele></trkpt>
    <trkpt lat="37.633879" lon="-3.780017"><ele>1797.9</ele></trkpt>
    <trkpt lat="37.633687" lon="-3.779791"><ele>1793.8</ele></trkpt>
    <trkpt lat="37.63342" lon="-3.779382"><ele>1787.3</ele></trkpt>
    <trkpt lat="37.632875" lon="-3.778933"><ele>1780.2</ele></trkpt>
    <trkpt lat="37.632624" lon="-3.778739"><ele>1778.7</ele></trkpt>
    <trkpt lat="37.632474" lon="-3.778567"><ele>1778.4</ele></trkpt>
    <trkpt lat="37.632284" lon="-3.778261"><ele>1779.2</ele></trkpt>
    <trkpt lat="37.632098" lon="-3.77748"><ele>1785.6</ele></trkpt>
    <trkpt lat="37.632062" lon="-3.777234"><ele>1788.4</ele></trkpt>
    <trkpt lat="37.631935" lon="-3.776769"><ele>1794.3</ele></trkpt>
    <trkpt lat="37.631901" lon="-3.77641"><ele>1798.5</ele></trkpt>
    <trkpt lat="37.631828" lon="-3.776204"><ele>1800.9</ele></trkpt>
    <trkpt lat="37.631642" lon="-3.775437"><ele>1807.2</ele></trkpt>
    <trkpt lat="37.631634" lon="-3.775298"><ele>1808.3</ele></trkpt>
    <trkpt lat="37.631662" lon="-3.775154"><ele>1809.3</ele></trkpt>
    <trkpt lat="37.631712" lon="-3.775039"><ele>1810.3</ele></trkpt>
    <trkpt lat="37.63197" lon="-3.774677"><ele>1813.1</ele></trkpt>
    <trkpt lat="37.631975" lon="-3.77454"><ele>1813.8</ele></trkpt>
    <trkpt lat="37.631933" lon="-3.774487"><ele>1814.1</ele></trkpt>
    <trkpt lat="37.631856" lon="-3.774456"><ele>1814.5</ele></trkpt>
    <trkpt lat="37.631716" lon="-3.774469"><ele>1815.2</ele></trkpt>
    <trkpt lat="37.631601" lon="-3.774551"><ele>1815.6</ele></trkpt>
    <trkpt lat="37.631498" lon="-3.77492"><ele>1816.6</ele></trkpt>
    <trkpt lat="37.631376" lon="-3.775142"><ele>1817.3</ele></trkpt>
    <trkpt lat="37.631309" lon="-3.775353"><ele>1818</ele></trkpt>
    <trkpt lat="37.631295" lon="-3.775507"><ele>1818.5</ele></trkpt>
    <trkpt lat="37.631304" lon="-3.775624"><ele>1818.8</ele></trkpt>
  </trkseg></trk></gpx>