<?xml version="1.0" encoding="UTF-8"?>
<gpx version="1.1" creator="tour-scraper" xmlns="http://www.topografix.com/GPX/1/1">
  <trk><name>Stage 10: From Alcaraz to Elche de la Sierra — La Vuelta 26</name><trkseg>
    <trkpt lat="38.664327" lon="-2.537378"><ele>831.9</ele></trkpt>
    <trkpt lat="38.664419" lon="-2.5402"><ele>830</ele></trkpt>
    <trkpt lat="38.664479" lon="-2.542976"><ele>827.6</ele></trkpt>
    <trkpt lat="38.664488" lon="-2.545625"><ele>824.1</ele></trkpt>
    <trkpt lat="38.664386" lon="-2.54614"><ele>823.7</ele></trkpt>
    <trkpt lat="38.664286" lon="-2.546451"><ele>823.4</ele></trkpt>
    <trkpt lat="38.664187" lon="-2.546642"><ele>823.3</ele></trkpt>
    <trkpt lat="38.663573" lon="-2.547549"><ele>822.4</ele></trkpt>
    <trkpt lat="38.663123" lon="-2.548173"><ele>821.8</ele></trkpt>
    <trkpt lat="38.662436" lon="-2.549129"><ele>821.3</ele></trkpt>
    <trkpt lat="38.661962" lon="-2.549725"><ele>821.8</ele></trkpt>
    <trkpt lat="38.660236" lon="-2.551625"><ele>825.3</ele></trkpt>
    <trkpt lat="38.66021" lon="-2.551652"><ele>825.4</ele></trkpt>
    <trkpt lat="38.659034" lon="-2.552945"><ele>826.6</ele></trkpt>
    <trkpt lat="38.658759" lon="-2.55328"><ele>826.8</ele></trkpt>
    <trkpt lat="38.658575" lon="-2.553563"><ele>826.9</ele></trkpt>
    <trkpt lat="38.657446" lon="-2.555613"><ele>826.9</ele></trkpt>
    <trkpt lat="38.656902" lon="-2.556619"><ele>825.9</ele></trkpt>
    <trkpt lat="38.656731" lon="-2.556851"><ele>825.6</ele></trkpt>
    <trkpt lat="38.65637" lon="-2.557276"><ele>824.9</ele></trkpt>
    <trkpt lat="38.654409" lon="-2.559418"><ele>822.4</ele></trkpt>
    <trkpt lat="38.654011" lon="-2.559803"><ele>822.1</ele></trkpt>
    <trkpt lat="38.647582" lon="-2.564613"><ele>816.8</ele></trkpt>
    <trkpt lat="38.64721" lon="-2.564906"><ele>816.1</ele></trkpt>
    <trkpt lat="38.646789" lon="-2.565218"><ele>815.3</ele></trkpt>
    <trkpt lat="38.646358" lon="-2.565538"><ele>814.6</ele></trkpt>
    <trkpt lat="38.646001" lon="-2.565728"><ele>814.3</ele></trkpt>
    <trkpt lat="38.645957" lon="-2.565748"><ele>814.3</ele></trkpt>
    <trkpt lat="38.645864" lon="-2.565773"><ele>814.3</ele></trkpt>
    <trkpt lat="38.64578" lon="-2.565796"><ele>814.3</ele></trkpt>
    <trkpt lat="38.645612" lon="-2.565841"><ele>814.3</ele></trkpt>
    <trkpt lat="38.644801" lon="-2.565964"><ele>814.5</ele></trkpt>
    <trkpt lat="38.644627" lon="-2.565974"><ele>814.6</ele></trkpt>
    <trkpt lat="38.641899" lon="-2.566238"><ele>816.4</ele></trkpt>
    <trkpt lat="38.638447" lon="-2.56662"><ele>823.3</ele></trkpt>
    <trkpt lat="38.629057" lon="-2.567214"><ele>826.1</ele></trkpt>
    <trkpt lat="38.628527" lon="-2.567236"><ele>826.4</ele></trkpt>
    <trkpt lat="38.626772" lon="-2.567366"><ele>828.6</ele></trkpt>
    <trkpt lat="38.626508" lon="-2.567373"><ele>829</ele></trkpt>
    <trkpt lat="38.626488" lon="-2.567355"><ele>829.1</ele></trkpt>
    <trkpt lat="38.626473" lon="-2.56737"><ele>829.1</ele></trkpt>
    <trkpt lat="38.626395" lon="-2.567368"><ele>829.2</ele></trkpt>
    <trkpt lat="38.626129" lon="-2.567382"><ele>829.6</ele></trkpt>
    <trkpt lat="38.625036" lon="-2.567468"><ele>830.9</ele></trkpt>
    <trkpt lat="38.624894" lon="-2.567473"><ele>831</ele></trkpt>
    <trkpt lat="38.624679" lon="-2.56749"><ele>831.3</ele></trkpt>
    <trkpt lat="38.62418" lon="-2.567539"><ele>832.1</ele></trkpt>
    <trkpt lat="38.623205" lon="-2.567605"><ele>834.4</ele></trkpt>
    <trkpt lat="38.62296" lon="-2.567621"><ele>835</ele></trkpt>
    <trkpt lat="38.622122" lon="-2.567684"><ele>836.6</ele></trkpt>
    <trkpt lat="38.621817" lon="-2.567736"><ele>836.9</ele></trkpt>
    <trkpt lat="38.621362" lon="-2.564917"><ele>836.9</ele></trkpt>
    <trkpt lat="38.621282" lon="-2.564779"><ele>837</ele></trkpt>
    <trkpt lat="38.620425" lon="-2.56296"><ele>839.1</ele></trkpt>
    <trkpt lat="38.620338" lon="-2.562635"><ele>839.6</ele></trkpt>
    <trkpt lat="38.620141" lon="-2.561627"><ele>841.5</ele></trkpt>
    <trkpt lat="38.619993" lon="-2.560764"><ele>843.4</ele></trkpt>
    <trkpt lat="38.619691" lon="-2.559842"><ele>846.1</ele></trkpt>
    <trkpt lat="38.619419" lon="-2.559128"><ele>848.8</ele></trkpt>
    <trkpt lat="38.618857" lon="-2.556768"><ele>860.8</ele></trkpt>
    <trkpt lat="38.618715" lon="-2.556409"><ele>863.3</ele></trkpt>
    <trkpt lat="38.618551" lon="-2.556146"><ele>865.5</ele></trkpt>
    <trkpt lat="38.618057" lon="-2.55554"><ele>871.3</ele></trkpt>
    <trkpt lat="38.617918" lon="-2.555405"><ele>872.8</ele></trkpt>
    <trkpt lat="38.617776" lon="-2.555282"><ele>874.2</ele></trkpt>
    <trkpt lat="38.617181" lon="-2.554987"><ele>878.6</ele></trkpt>
    <trkpt lat="38.616665" lon="-2.554424"><ele>881.8</ele></trkpt>
    <trkpt lat="38.616523" lon="-2.554289"><ele>882.4</ele></trkpt>
    <trkpt lat="38.616401" lon="-2.554219"><ele>882.8</ele></trkpt>
    <trkpt lat="38.616158" lon="-2.554166"><ele>883.3</ele></trkpt>
    <trkpt lat="38.615944" lon="-2.554198"><ele>883.5</ele></trkpt>
    <trkpt lat="38.615709" lon="-2.554338"><ele>883.6</ele></trkpt>
    <trkpt lat="38.615549" lon="-2.554488"><ele>883.4</ele></trkpt>
    <trkpt lat="38.614433" lon="-2.555506"><ele>882.5</ele></trkpt>
    <trkpt lat="38.614236" lon="-2.55569"><ele>882.9</ele></trkpt>
    <trkpt lat="38.61311" lon="-2.556758"><ele>889.1</ele></trkpt>
    <trkpt lat="38.612445" lon="-2.557377"><ele>893.8</ele></trkpt>
    <trkpt lat="38.612283" lon="-2.557603"><ele>895.4</ele></trkpt>
    <trkpt lat="38.612198" lon="-2.557772"><ele>896.5</ele></trkpt>
    <trkpt lat="38.612081" lon="-2.558158"><ele>898.9</ele></trkpt>
    <trkpt lat="38.611801" lon="-2.560233"><ele>913.3</ele></trkpt>
    <trkpt lat="38.611744" lon="-2.560506"><ele>914.9</ele></trkpt>
    <trkpt lat="38.61166" lon="-2.560828"><ele>916.7</ele></trkpt>
    <trkpt lat="38.611567" lon="-2.561058"><ele>918</ele></trkpt>
    <trkpt lat="38.611413" lon="-2.561327"><ele>919.3</ele></trkpt>
    <trkpt lat="38.611258" lon="-2.561515"><ele>920.3</ele></trkpt>
    <trkpt lat="38.610965" lon="-2.561783"><ele>921.6</ele></trkpt>
    <trkpt lat="38.610789" lon="-2.561901"><ele>922.3</ele></trkpt>
    <trkpt lat="38.610378" lon="-2.562051"><ele>923.7</ele></trkpt>
    <trkpt lat="38.609053" lon="-2.562299"><ele>928.3</ele></trkpt>
    <trkpt lat="38.607456" lon="-2.562513"><ele>934.1</ele></trkpt>
    <trkpt lat="38.606272" lon="-2.562834"><ele>933.1</ele></trkpt>
    <trkpt lat="38.605691" lon="-2.56284"><ele>930.5</ele></trkpt>
    <trkpt lat="38.605515" lon="-2.562808"><ele>929.5</ele></trkpt>
    <trkpt lat="38.605218" lon="-2.562711"><ele>927.6</ele></trkpt>
    <trkpt lat="38.604194" lon="-2.562255"><ele>920.1</ele></trkpt>
    <trkpt lat="38.603935" lon="-2.562218"><ele>918.2</ele></trkpt>
    <trkpt lat="38.601855" lon="-2.562808"><ele>902</ele></trkpt>
    <trkpt lat="38.60149" lon="-2.562871"><ele>899.9</ele></trkpt>
    <trkpt lat="38.601377" lon="-2.562867"><ele>899.3</ele></trkpt>
    <trkpt lat="38.601043" lon="-2.562741"><ele>897.9</ele></trkpt>
    <trkpt lat="38.600186" lon="-2.56232"><ele>895.9</ele></trkpt>
    <trkpt lat="38.600057" lon="-2.562089"><ele>895.9</ele></trkpt>
    <trkpt lat="38.599898" lon="-2.561536"><ele>896.2</ele></trkpt>
    <trkpt lat="38.59919" lon="-2.560043"><ele>898.1</ele></trkpt>
    <trkpt lat="38.598569" lon="-2.559015"><ele>898.8</ele></trkpt>
    <trkpt lat="38.598191" lon="-2.558302"><ele>899.2</ele></trkpt>
    <trkpt lat="38.597769" lon="-2.557223"><ele>900</ele></trkpt>
    <trkpt lat="38.597654" lon="-2.55697"><ele>900.3</ele></trkpt>
    <trkpt lat="38.597464" lon="-2.556325"><ele>901.2</ele></trkpt>
    <trkpt lat="38.597301" lon="-2.556087"><ele>901.5</ele></trkpt>
    <trkpt lat="38.597195" lon="-2.555915"><ele>901.8</ele></trkpt>
    <trkpt lat="38.597157" lon="-2.555444"><ele>902.4</ele></trkpt>
    <trkpt lat="38.597091" lon="-2.555326"><ele>902.5</ele></trkpt>
    <trkpt lat="38.596466" lon="-2.554479"><ele>903.9</ele></trkpt>
    <trkpt lat="38.595996" lon="-2.553946"><ele>904.9</ele></trkpt>
    <trkpt lat="38.595441" lon="-2.553015"><ele>907.7</ele></trkpt>
    <trkpt lat="38.595181" lon="-2.552605"><ele>909.6</ele></trkpt>
    <trkpt lat="38.595059" lon="-2.552468"><ele>910.2</ele></trkpt>
    <trkpt lat="38.594912" lon="-2.552353"><ele>910.7</ele></trkpt>
    <trkpt lat="38.594335" lon="-2.552024"><ele>912.1</ele></trkpt>
    <trkpt lat="38.594217" lon="-2.551929"><ele>912.4</ele></trkpt>
    <trkpt lat="38.594028" lon="-2.551704"><ele>912.9</ele></trkpt>
    <trkpt lat="38.593965" lon="-2.551612"><ele>913</ele></trkpt>
    <trkpt lat="38.593881" lon="-2.551414"><ele>913.4</ele></trkpt>
    <trkpt lat="38.59369" lon="-2.550932"><ele>914</ele></trkpt>
    <trkpt lat="38.593568" lon="-2.550396"><ele>914.3</ele></trkpt>
    <trkpt lat="38.593481" lon="-2.550245"><ele>914.4</ele></trkpt>
    <trkpt lat="38.593289" lon="-2.550048"><ele>914.6</ele></trkpt>
    <trkpt lat="38.592878" lon="-2.549739"><ele>915.1</ele></trkpt>
    <trkpt lat="38.592762" lon="-2.549488"><ele>915.3</ele></trkpt>
    <trkpt lat="38.592558" lon="-2.549314"><ele>915.4</ele></trkpt>
    <trkpt lat="38.592475" lon="-2.549122"><ele>915.4</ele></trkpt>
    <trkpt lat="38.592418" lon="-2.548992"><ele>915.4</ele></trkpt>
    <trkpt lat="38.592384" lon="-2.548911"><ele>915.5</ele></trkpt>
    <trkpt lat="38.592201" lon="-2.54839"><ele>916.2</ele></trkpt>
    <trkpt lat="38.591878" lon="-2.547331"><ele>919.6</ele></trkpt>
    <trkpt lat="38.591818" lon="-2.547148"><ele>920.3</ele></trkpt>
    <trkpt lat="38.591417" lon="-2.546534"><ele>923</ele></trkpt>
    <trkpt lat="38.59129" lon="-2.546254"><ele>924</ele></trkpt>
    <trkpt lat="38.591173" lon="-2.545918"><ele>925</ele></trkpt>
    <trkpt lat="38.590646" lon="-2.543922"><ele>928.8</ele></trkpt>
    <trkpt lat="38.590634" lon="-2.543665"><ele>929.2</ele></trkpt>
    <trkpt lat="38.590661" lon="-2.543271"><ele>930</ele></trkpt>
    <trkpt lat="38.590659" lon="-2.542917"><ele>930.8</ele></trkpt>
    <trkpt lat="38.590637" lon="-2.542492"><ele>932</ele></trkpt>
    <trkpt lat="38.590474" lon="-2.54066"><ele>939.4</ele></trkpt>
    <trkpt lat="38.590351" lon="-2.539738"><ele>943</ele></trkpt>
    <trkpt lat="38.590227" lon="-2.538985"><ele>945.5</ele></trkpt>
    <trkpt lat="38.590067" lon="-2.53851"><ele>947.1</ele></trkpt>
    <trkpt lat="38.589984" lon="-2.538353"><ele>947.6</ele></trkpt>
    <trkpt lat="38.589632" lon="-2.537834"><ele>949.7</ele></trkpt>
    <trkpt lat="38.588912" lon="-2.536971"><ele>953.8</ele></trkpt>
    <trkpt lat="38.58877" lon="-2.536734"><ele>954.9</ele></trkpt>
    <trkpt lat="38.5883" lon="-2.535722"><ele>959.4</ele></trkpt>
    <trkpt lat="38.58817" lon="-2.535532"><ele>960.2</ele></trkpt>
    <trkpt lat="38.587995" lon="-2.535401"><ele>961</ele></trkpt>
    <trkpt lat="38.587523" lon="-2.535184"><ele>962.6</ele></trkpt>
    <trkpt lat="38.587179" lon="-2.534909"><ele>963.9</ele></trkpt>
    <trkpt lat="38.586891" lon="-2.53448"><ele>965.4</ele></trkpt>
    <trkpt lat="38.586645" lon="-2.533857"><ele>968.1</ele></trkpt>
    <trkpt lat="38.586619" lon="-2.533636"><ele>969.3</ele></trkpt>
    <trkpt lat="38.586617" lon="-2.53331"><ele>971.1</ele></trkpt>
    <trkpt lat="38.586654" lon="-2.532967"><ele>973.2</ele></trkpt>
    <trkpt lat="38.586657" lon="-2.532582"><ele>975.4</ele></trkpt>
    <trkpt lat="38.586625" lon="-2.532363"><ele>976.6</ele></trkpt>
    <trkpt lat="38.586561" lon="-2.532202"><ele>977.6</ele></trkpt>
    <trkpt lat="38.586378" lon="-2.531914"><ele>979.7</ele></trkpt>
    <trkpt lat="38.58625" lon="-2.531747"><ele>980.9</ele></trkpt>
    <trkpt lat="38.586053" lon="-2.531552"><ele>982.6</ele></trkpt>
    <trkpt lat="38.585865" lon="-2.531318"><ele>984.2</ele></trkpt>
    <trkpt lat="38.58579" lon="-2.531185"><ele>985</ele></trkpt>
    <trkpt lat="38.58555" lon="-2.53045"><ele>988.6</ele></trkpt>
    <trkpt lat="38.584979" lon="-2.529408"><ele>994.9</ele></trkpt>
    <trkpt lat="38.584328" lon="-2.528048"><ele>1001.4</ele></trkpt>
    <trkpt lat="38.584224" lon="-2.527929"><ele>1001.9</ele></trkpt>
    <trkpt lat="38.583754" lon="-2.527585"><ele>1003.3</ele></trkpt>
    <trkpt lat="38.583138" lon="-2.527062"><ele>1004.6</ele></trkpt>
    <trkpt lat="38.582678" lon="-2.526634"><ele>1006.5</ele></trkpt>
    <trkpt lat="38.581303" lon="-2.525738"><ele>1015.5</ele></trkpt>
    <trkpt lat="38.580248" lon="-2.524924"><ele>1017.7</ele></trkpt>
    <trkpt lat="38.580125" lon="-2.524805"><ele>1017.8</ele></trkpt>
    <trkpt lat="38.579946" lon="-2.524521"><ele>1018.2</ele></trkpt>
    <trkpt lat="38.579214" lon="-2.522535"><ele>1023.1</ele></trkpt>
    <trkpt lat="38.579154" lon="-2.522422"><ele>1023.2</ele></trkpt>
    <trkpt lat="38.579079" lon="-2.522326"><ele>1023.4</ele></trkpt>
    <trkpt lat="38.578855" lon="-2.522158"><ele>1023.6</ele></trkpt>
    <trkpt lat="38.57859" lon="-2.522024"><ele>1023.7</ele></trkpt>
    <trkpt lat="38.57843" lon="-2.521848"><ele>1023.8</ele></trkpt>
    <trkpt lat="38.578376" lon="-2.521708"><ele>1023.8</ele></trkpt>
    <trkpt lat="38.578244" lon="-2.521163"><ele>1023.9</ele></trkpt>
    <trkpt lat="38.578097" lon="-2.520105"><ele>1025.4</ele></trkpt>
    <trkpt lat="38.578068" lon="-2.519797"><ele>1026.2</ele></trkpt>
    <trkpt lat="38.57808" lon="-2.518708"><ele>1029.2</ele></trkpt>
    <trkpt lat="38.578059" lon="-2.518119"><ele>1030.2</ele></trkpt>
    <trkpt lat="38.577947" lon="-2.517512"><ele>1030.7</ele></trkpt>
    <trkpt lat="38.577817" lon="-2.517027"><ele>1030.9</ele></trkpt>
    <trkpt lat="38.577631" lon="-2.516468"><ele>1030.7</ele></trkpt>
    <trkpt lat="38.577263" lon="-2.515549"><ele>1031.1</ele></trkpt>
    <trkpt lat="38.576816" lon="-2.514583"><ele>1033.1</ele></trkpt>
    <trkpt lat="38.576471" lon="-2.513543"><ele>1035.9</ele></trkpt>
    <trkpt lat="38.576267" lon="-2.512847"><ele>1037.4</ele></trkpt>
    <trkpt lat="38.576187" lon="-2.512691"><ele>1037.6</ele></trkpt>
    <trkpt lat="38.576025" lon="-2.5125"><ele>1037.9</ele></trkpt>
    <trkpt lat="38.575891" lon="-2.512424"><ele>1038</ele></trkpt>
    <trkpt lat="38.575308" lon="-2.512255"><ele>1038.2</ele></trkpt>
    <trkpt lat="38.575144" lon="-2.512078"><ele>1038.2</ele></trkpt>
    <trkpt lat="38.575088" lon="-2.51195"><ele>1038.1</ele></trkpt>
    <trkpt lat="38.574878" lon="-2.51092"><ele>1038.4</ele></trkpt>
    <trkpt lat="38.574715" lon="-2.510239"><ele>1039.1</ele></trkpt>
    <trkpt lat="38.57455" lon="-2.509678"><ele>1039.8</ele></trkpt>
    <trkpt lat="38.574253" lon="-2.508803"><ele>1041.2</ele></trkpt>
    <trkpt lat="38.574168" lon="-2.508652"><ele>1041.5</ele></trkpt>
    <trkpt lat="38.573967" lon="-2.508411"><ele>1042.1</ele></trkpt>
    <trkpt lat="38.573293" lon="-2.507876"><ele>1044.5</ele></trkpt>
    <trkpt lat="38.572911" lon="-2.507633"><ele>1046</ele></trkpt>
    <trkpt lat="38.572528" lon="-2.50744"><ele>1047.5</ele></trkpt>
    <trkpt lat="38.572251" lon="-2.507367"><ele>1048.4</ele></trkpt>
    <trkpt lat="38.571421" lon="-2.507468"><ele>1051.1</ele></trkpt>
    <trkpt lat="38.571214" lon="-2.507416"><ele>1051.7</ele></trkpt>
    <trkpt lat="38.570772" lon="-2.507123"><ele>1053</ele></trkpt>
    <trkpt lat="38.570285" lon="-2.506742"><ele>1054.4</ele></trkpt>
    <trkpt lat="38.570075" lon="-2.50654"><ele>1055</ele></trkpt>
    <trkpt lat="38.569674" lon="-2.506044"><ele>1056.7</ele></trkpt>
    <trkpt lat="38.56913" lon="-2.50571"><ele>1059.7</ele></trkpt>
    <trkpt lat="38.568997" lon="-2.505555"><ele>1060.7</ele></trkpt>
    <trkpt lat="38.568608" lon="-2.504983"><ele>1063.6</ele></trkpt>
    <trkpt lat="38.568526" lon="-2.504911"><ele>1064</ele></trkpt>
    <trkpt lat="38.56838" lon="-2.504841"><ele>1064.6</ele></trkpt>
    <trkpt lat="38.568303" lon="-2.504836"><ele>1064.8</ele></trkpt>
    <trkpt lat="38.567266" lon="-2.505185"><ele>1066.3</ele></trkpt>
    <trkpt lat="38.567133" lon="-2.505207"><ele>1066.2</ele></trkpt>
    <trkpt lat="38.567023" lon="-2.50519"><ele>1066.2</ele></trkpt>
    <trkpt lat="38.566874" lon="-2.505122"><ele>1066.1</ele></trkpt>
    <trkpt lat="38.56599" lon="-2.504447"><ele>1068.2</ele></trkpt>
    <trkpt lat="38.565807" lon="-2.504356"><ele>1069.1</ele></trkpt>
    <trkpt lat="38.565473" lon="-2.504317"><ele>1070.9</ele></trkpt>
    <trkpt lat="38.565265" lon="-2.504249"><ele>1072</ele></trkpt>
    <trkpt lat="38.564886" lon="-2.504025"><ele>1074</ele></trkpt>
    <trkpt lat="38.564488" lon="-2.503854"><ele>1075.4</ele></trkpt>
    <trkpt lat="38.56435" lon="-2.503841"><ele>1075.8</ele></trkpt>
    <trkpt lat="38.564155" lon="-2.503865"><ele>1076.2</ele></trkpt>
    <trkpt lat="38.563813" lon="-2.503964"><ele>1076.5</ele></trkpt>
    <trkpt lat="38.563488" lon="-2.504104"><ele>1076.4</ele></trkpt>
    <trkpt lat="38.563323" lon="-2.5041"><ele>1076.2</ele></trkpt>
    <trkpt lat="38.562752" lon="-2.503709"><ele>1075.3</ele></trkpt>
    <trkpt lat="38.562392" lon="-2.503545"><ele>1074.9</ele></trkpt>
    <trkpt lat="38.561987" lon="-2.503317"><ele>1075.1</ele></trkpt>
    <trkpt lat="38.561594" lon="-2.50299"><ele>1075.8</ele></trkpt>
    <trkpt lat="38.56123" lon="-2.502522"><ele>1076.9</ele></trkpt>
    <trkpt lat="38.561097" lon="-2.502411"><ele>1077.3</ele></trkpt>
    <trkpt lat="38.561012" lon="-2.502375"><ele>1077.5</ele></trkpt>
    <trkpt lat="38.560792" lon="-2.50239"><ele>1078.2</ele></trkpt>
    <trkpt lat="38.559938" lon="-2.502944"><ele>1080.9</ele></trkpt>
    <trkpt lat="38.559643" lon="-2.502958"><ele>1081.4</ele></trkpt>
    <trkpt lat="38.559075" lon="-2.502868"><ele>1082.2</ele></trkpt>
    <trkpt lat="38.558224" lon="-2.502994"><ele>1084.1</ele></trkpt>
    <trkpt lat="38.558115" lon="-2.502962"><ele>1084.4</ele></trkpt>
    <trkpt lat="38.557906" lon="-2.502837"><ele>1085</ele></trkpt>
    <trkpt lat="38.557383" lon="-2.502373"><ele>1087.2</ele></trkpt>
    <trkpt lat="38.557078" lon="-2.502343"><ele>1088.4</ele></trkpt>
    <trkpt lat="38.55657" lon="-2.502381"><ele>1090</ele></trkpt>
    <trkpt lat="38.555695" lon="-2.502213"><ele>1092.5</ele></trkpt>
    <trkpt lat="38.55542" lon="-2.502243"><ele>1093</ele></trkpt>
    <trkpt lat="38.555093" lon="-2.502339"><ele>1093.5</ele></trkpt>
    <trkpt lat="38.554876" lon="-2.502313"><ele>1093.7</ele></trkpt>
    <trkpt lat="38.554625" lon="-2.502221"><ele>1093.9</ele></trkpt>
    <trkpt lat="38.554421" lon="-2.502185"><ele>1094</ele></trkpt>
    <trkpt lat="38.554247" lon="-2.502187"><ele>1094.2</ele></trkpt>
    <trkpt lat="38.553874" lon="-2.502271"><ele>1094.4</ele></trkpt>
    <trkpt lat="38.55373" lon="-2.5022"><ele>1094.4</ele></trkpt>
    <trkpt lat="38.553288" lon="-2.501823"><ele>1094.4</ele></trkpt>
    <trkpt lat="38.553132" lon="-2.501751"><ele>1094.5</ele></trkpt>
    <trkpt lat="38.552778" lon="-2.501705"><ele>1095</ele></trkpt>
    <trkpt lat="38.552572" lon="-2.501646"><ele>1095.6</ele></trkpt>
    <trkpt lat="38.552084" lon="-2.501421"><ele>1097.5</ele></trkpt>
    <trkpt lat="38.55168" lon="-2.500926"><ele>1100.8</ele></trkpt>
    <trkpt lat="38.551549" lon="-2.500889"><ele>1101.9</ele></trkpt>
    <trkpt lat="38.551397" lon="-2.500919"><ele>1103.1</ele></trkpt>
    <trkpt lat="38.551209" lon="-2.501011"><ele>1104.7</ele></trkpt>
    <trkpt lat="38.55074" lon="-2.501409"><ele>1109.2</ele></trkpt>
    <trkpt lat="38.550202" lon="-2.501805"><ele>1112.5</ele></trkpt>
    <trkpt lat="38.550034" lon="-2.501979"><ele>1113.1</ele></trkpt>
    <trkpt lat="38.548843" lon="-2.503678"><ele>1108.6</ele></trkpt>
    <trkpt lat="38.548668" lon="-2.50395"><ele>1107.8</ele></trkpt>
    <trkpt lat="38.548534" lon="-2.504068"><ele>1107.5</ele></trkpt>
    <trkpt lat="38.547151" lon="-2.504833"><ele>1108.5</ele></trkpt>
    <trkpt lat="38.547064" lon="-2.504902"><ele>1108.7</ele></trkpt>
    <trkpt lat="38.546989" lon="-2.505002"><ele>1108.9</ele></trkpt>
    <trkpt lat="38.546844" lon="-2.505306"><ele>1109.3</ele></trkpt>
    <trkpt lat="38.546507" lon="-2.505667"><ele>1109.7</ele></trkpt>
    <trkpt lat="38.546332" lon="-2.505924"><ele>1109.9</ele></trkpt>
    <trkpt lat="38.545794" lon="-2.506404"><ele>1110.3</ele></trkpt>
    <trkpt lat="38.545455" lon="-2.506785"><ele>1110.7</ele></trkpt>
    <trkpt lat="38.544938" lon="-2.507742"><ele>1112.4</ele></trkpt>
    <trkpt lat="38.544828" lon="-2.508003"><ele>1112.9</ele></trkpt>
    <trkpt lat="38.544808" lon="-2.508093"><ele>1113.1</ele></trkpt>
    <trkpt lat="38.544681" lon="-2.508676"><ele>1114.2</ele></trkpt>
    <trkpt lat="38.544566" lon="-2.508943"><ele>1114.7</ele></trkpt>
    <trkpt lat="38.544463" lon="-2.509109"><ele>1115.1</ele></trkpt>
    <trkpt lat="38.544354" lon="-2.509209"><ele>1115.4</ele></trkpt>
    <trkpt lat="38.544224" lon="-2.509295"><ele>1115.8</ele></trkpt>
    <trkpt lat="38.544006" lon="-2.509384"><ele>1116.4</ele></trkpt>
    <trkpt lat="38.542046" lon="-2.51005"><ele>1122.9</ele></trkpt>
    <trkpt lat="38.541686" lon="-2.510029"><ele>1124.1</ele></trkpt>
    <trkpt lat="38.541211" lon="-2.50992"><ele>1125.7</ele></trkpt>
    <trkpt lat="38.541062" lon="-2.509926"><ele>1126.3</ele></trkpt>
    <trkpt lat="38.5409" lon="-2.509986"><ele>1126.8</ele></trkpt>
    <trkpt lat="38.539924" lon="-2.510678"><ele>1130.5</ele></trkpt>
    <trkpt lat="38.539476" lon="-2.511042"><ele>1132.5</ele></trkpt>
    <trkpt lat="38.539282" lon="-2.511306"><ele>1133.7</ele></trkpt>
    <trkpt lat="38.538903" lon="-2.512102"><ele>1138.2</ele></trkpt>
    <trkpt lat="38.538823" lon="-2.512179"><ele>1138.9</ele></trkpt>
    <trkpt lat="38.538617" lon="-2.512271"><ele>1140.4</ele></trkpt>
    <trkpt lat="38.538043" lon="-2.512439"><ele>1144.2</ele></trkpt>
    <trkpt lat="38.537631" lon="-2.512447"><ele>1146.4</ele></trkpt>
    <trkpt lat="38.537472" lon="-2.512406"><ele>1147.3</ele></trkpt>
    <trkpt lat="38.537253" lon="-2.512301"><ele>1148.4</ele></trkpt>
    <trkpt lat="38.537009" lon="-2.512132"><ele>1149.5</ele></trkpt>
    <trkpt lat="38.536793" lon="-2.512076"><ele>1150.3</ele></trkpt>
    <trkpt lat="38.535725" lon="-2.512338"><ele>1154.2</ele></trkpt>
    <trkpt lat="38.535514" lon="-2.512354"><ele>1154.8</ele></trkpt>
    <trkpt lat="38.535297" lon="-2.512287"><ele>1155.4</ele></trkpt>
    <trkpt lat="38.534907" lon="-2.512024"><ele>1156.2</ele></trkpt>
    <trkpt lat="38.534828" lon="-2.512007"><ele>1156.3</ele></trkpt>
    <trkpt lat="38.534691" lon="-2.51206"><ele>1156.3</ele></trkpt>
    <trkpt lat="38.534326" lon="-2.512355"><ele>1156.2</ele></trkpt>
    <trkpt lat="38.534125" lon="-2.512527"><ele>1156.1</ele></trkpt>
    <trkpt lat="38.533822" lon="-2.512854"><ele>1155.9</ele></trkpt>
    <trkpt lat="38.533725" lon="-2.512879"><ele>1155.8</ele></trkpt>
    <trkpt lat="38.533611" lon="-2.512861"><ele>1155.8</ele></trkpt>
    <trkpt lat="38.533357" lon="-2.512746"><ele>1155.7</ele></trkpt>
    <trkpt lat="38.533052" lon="-2.512714"><ele>1155.9</ele></trkpt>
    <trkpt lat="38.532704" lon="-2.512832"><ele>1157.2</ele></trkpt>
    <trkpt lat="38.532437" lon="-2.512977"><ele>1158.1</ele></trkpt>
    <trkpt lat="38.532096" lon="-2.513214"><ele>1159.3</ele></trkpt>
    <trkpt lat="38.532027" lon="-2.513255"><ele>1159.7</ele></trkpt>
    <trkpt lat="38.531869" lon="-2.513283"><ele>1160.3</ele></trkpt>
    <trkpt lat="38.53165" lon="-2.513231"><ele>1161.2</ele></trkpt>
    <trkpt lat="38.531375" lon="-2.513111"><ele>1162.6</ele></trkpt>
    <trkpt lat="38.531216" lon="-2.513132"><ele>1163.2</ele></trkpt>
    <trkpt lat="38.53062" lon="-2.513302"><ele>1165</ele></trkpt>
    <trkpt lat="38.530383" lon="-2.513318"><ele>1165.4</ele></trkpt>
    <trkpt lat="38.529609" lon="-2.513289"><ele>1168.6</ele></trkpt>
    <trkpt lat="38.529384" lon="-2.513373"><ele>1169.9</ele></trkpt>
    <trkpt lat="38.529288" lon="-2.513431"><ele>1170.6</ele></trkpt>
    <trkpt lat="38.529194" lon="-2.513561"><ele>1171.5</ele></trkpt>
    <trkpt lat="38.529112" lon="-2.513847"><ele>1173.2</ele></trkpt>
    <trkpt lat="38.529055" lon="-2.513964"><ele>1174</ele></trkpt>
    <trkpt lat="38.528968" lon="-2.514033"><ele>1174.8</ele></trkpt>
    <trkpt lat="38.528856" lon="-2.514059"><ele>1175.7</ele></trkpt>
    <trkpt lat="38.528392" lon="-2.51397"><ele>1179.6</ele></trkpt>
    <trkpt lat="38.527537" lon="-2.513899"><ele>1186.6</ele></trkpt>
    <trkpt lat="38.526619" lon="-2.513722"><ele>1193.2</ele></trkpt>
    <trkpt lat="38.526215" lon="-2.513806"><ele>1196.2</ele></trkpt>
    <trkpt lat="38.525986" lon="-2.51373"><ele>1198</ele></trkpt>
    <trkpt lat="38.525563" lon="-2.513181"><ele>1202.8</ele></trkpt>
    <trkpt lat="38.525201" lon="-2.512994"><ele>1205.6</ele></trkpt>
    <trkpt lat="38.52472" lon="-2.512892"><ele>1208.8</ele></trkpt>
    <trkpt lat="38.523156" lon="-2.512642"><ele>1216.8</ele></trkpt>
    <trkpt lat="38.522946" lon="-2.512552"><ele>1218</ele></trkpt>
    <trkpt lat="38.522581" lon="-2.512247"><ele>1220.6</ele></trkpt>
    <trkpt lat="38.522474" lon="-2.512065"><ele>1221.7</ele></trkpt>
    <trkpt lat="38.522321" lon="-2.511716"><ele>1223.8</ele></trkpt>
    <trkpt lat="38.522232" lon="-2.51159"><ele>1224.8</ele></trkpt>
    <trkpt lat="38.522105" lon="-2.511493"><ele>1225.9</ele></trkpt>
    <trkpt lat="38.521966" lon="-2.511435"><ele>1227</ele></trkpt>
    <trkpt lat="38.521486" lon="-2.511213"><ele>1230.9</ele></trkpt>
    <trkpt lat="38.520926" lon="-2.510874"><ele>1235.6</ele></trkpt>
    <trkpt lat="38.519941" lon="-2.510579"><ele>1244.4</ele></trkpt>
    <trkpt lat="38.519847" lon="-2.510512"><ele>1245.3</ele></trkpt>
    <trkpt lat="38.51944" lon="-2.510031"><ele>1249.8</ele></trkpt>
    <trkpt lat="38.518915" lon="-2.509654"><ele>1254.1</ele></trkpt>
    <trkpt lat="38.518325" lon="-2.509046"><ele>1259.1</ele></trkpt>
    <trkpt lat="38.518218" lon="-2.508902"><ele>1260.1</ele></trkpt>
    <trkpt lat="38.518138" lon="-2.508627"><ele>1261.7</ele></trkpt>
    <trkpt lat="38.518142" lon="-2.508475"><ele>1262.5</ele></trkpt>
    <trkpt lat="38.51827" lon="-2.507844"><ele>1266.2</ele></trkpt>
    <trkpt lat="38.518279" lon="-2.507603"><ele>1267.8</ele></trkpt>
    <trkpt lat="38.518239" lon="-2.506951"><ele>1272.4</ele></trkpt>
    <trkpt lat="38.518083" lon="-2.506508"><ele>1276</ele></trkpt>
    <trkpt lat="38.518012" lon="-2.506074"><ele>1279.4</ele></trkpt>
    <trkpt lat="38.517902" lon="-2.505801"><ele>1281.7</ele></trkpt>
    <trkpt lat="38.517817" lon="-2.505728"><ele>1282.6</ele></trkpt>
    <trkpt lat="38.517693" lon="-2.505706"><ele>1283.8</ele></trkpt>
    <trkpt lat="38.517642" lon="-2.50575"><ele>1284.3</ele></trkpt>
    <trkpt lat="38.517577" lon="-2.505869"><ele>1285.3</ele></trkpt>
    <trkpt lat="38.517573" lon="-2.506006"><ele>1286.2</ele></trkpt>
    <trkpt lat="38.517632" lon="-2.506371"><ele>1288.4</ele></trkpt>
    <trkpt lat="38.517608" lon="-2.50658"><ele>1289.5</ele></trkpt>
    <trkpt lat="38.517563" lon="-2.506706"><ele>1290.1</ele></trkpt>
    <trkpt lat="38.517437" lon="-2.506921"><ele>1291.2</ele></trkpt>
    <trkpt lat="38.517448" lon="-2.507226"><ele>1291.9</ele></trkpt>
    <trkpt lat="38.517336" lon="-2.507812"><ele>1292</ele></trkpt>
    <trkpt lat="38.517288" lon="-2.507919"><ele>1291.8</ele></trkpt>
    <trkpt lat="38.517063" lon="-2.508162"><ele>1290.4</ele></trkpt>
    <trkpt lat="38.516808" lon="-2.508592"><ele>1287.4</ele></trkpt>
    <trkpt lat="38.516693" lon="-2.508706"><ele>1286.2</ele></trkpt>
    <trkpt lat="38.516419" lon="-2.508836"><ele>1283.8</ele></trkpt>
    <trkpt lat="38.516411" lon="-2.508851"><ele>1283.7</ele></trkpt>
    <trkpt lat="38.516343" lon="-2.508971"><ele>1282.8</ele></trkpt>
    <trkpt lat="38.51626" lon="-2.509576"><ele>1279.4</ele></trkpt>
    <trkpt lat="38.515994" lon="-2.510188"><ele>1276.9</ele></trkpt>
    <trkpt lat="38.515952" lon="-2.510402"><ele>1276.5</ele></trkpt>
    <trkpt lat="38.515942" lon="-2.510523"><ele>1276.3</ele></trkpt>
    <trkpt lat="38.516075" lon="-2.510992"><ele>1276.3</ele></trkpt>
    <trkpt lat="38.516073" lon="-2.511184"><ele>1276.3</ele></trkpt>
    <trkpt lat="38.51603" lon="-2.511341"><ele>1276.4</ele></trkpt>
    <trkpt lat="38.515213" lon="-2.512944"><ele>1276.7</ele></trkpt>
    <trkpt lat="38.515086" lon="-2.513122"><ele>1276.4</ele></trkpt>
    <trkpt lat="38.514915" lon="-2.513174"><ele>1276.1</ele></trkpt>
    <trkpt lat="38.514849" lon="-2.513053"><ele>1275.7</ele></trkpt>
    <trkpt lat="38.514835" lon="-2.512966"><ele>1275.5</ele></trkpt>
    <trkpt lat="38.515139" lon="-2.511978"><ele>1272.1</ele></trkpt>
    <trkpt lat="38.515344" lon="-2.51163"><ele>1269.9</ele></trkpt>
    <trkpt lat="38.515394" lon="-2.511464"><ele>1269</ele></trkpt>
    <trkpt lat="38.51539" lon="-2.511301"><ele>1268.1</ele></trkpt>
    <trkpt lat="38.514925" lon="-2.509539"><ele>1261.2</ele></trkpt>
    <trkpt lat="38.514825" lon="-2.509328"><ele>1260.5</ele></trkpt>
    <trkpt lat="38.514408" lon="-2.508955"><ele>1258</ele></trkpt>
    <trkpt lat="38.514336" lon="-2.508835"><ele>1257.2</ele></trkpt>
    <trkpt lat="38.514269" lon="-2.50861"><ele>1255.9</ele></trkpt>
    <trkpt lat="38.514249" lon="-2.508473"><ele>1255.1</ele></trkpt>
    <trkpt lat="38.514272" lon="-2.508"><ele>1252.2</ele></trkpt>
    <trkpt lat="38.514183" lon="-2.507392"><ele>1247.9</ele></trkpt>
    <trkpt lat="38.514221" lon="-2.507118"><ele>1245.8</ele></trkpt>
    <trkpt lat="38.514203" lon="-2.50694"><ele>1244.5</ele></trkpt>
    <trkpt lat="38.51415" lon="-2.506779"><ele>1243.2</ele></trkpt>
    <trkpt lat="38.513883" lon="-2.506347"><ele>1239.1</ele></trkpt>
    <trkpt lat="38.513837" lon="-2.506173"><ele>1237.9</ele></trkpt>
    <trkpt lat="38.513792" lon="-2.50558"><ele>1234.2</ele></trkpt>
    <trkpt lat="38.513755" lon="-2.505352"><ele>1232.8</ele></trkpt>
    <trkpt lat="38.513674" lon="-2.505176"><ele>1231.6</ele></trkpt>
    <trkpt lat="38.513533" lon="-2.504981"><ele>1230</ele></trkpt>
    <trkpt lat="38.512709" lon="-2.504306"><ele>1220.8</ele></trkpt>
    <trkpt lat="38.512221" lon="-2.503757"><ele>1214.6</ele></trkpt>
    <trkpt lat="38.512102" lon="-2.503598"><ele>1213</ele></trkpt>
    <trkpt lat="38.511759" lon="-2.502904"><ele>1206.9</ele></trkpt>
    <trkpt lat="38.511645" lon="-2.502772"><ele>1205.5</ele></trkpt>
    <trkpt lat="38.511327" lon="-2.50274"><ele>1202.5</ele></trkpt>
    <trkpt lat="38.511237" lon="-2.502675"><ele>1201.5</ele></trkpt>
    <trkpt lat="38.511193" lon="-2.502597"><ele>1200.8</ele></trkpt>
    <trkpt lat="38.511157" lon="-2.502344"><ele>1198.8</ele></trkpt>
    <trkpt lat="38.511096" lon="-2.502162"><ele>1197.3</ele></trkpt>
    <trkpt lat="38.51101" lon="-2.502091"><ele>1196.2</ele></trkpt>
    <trkpt lat="38.510882" lon="-2.502072"><ele>1194.9</ele></trkpt>
    <trkpt lat="38.510772" lon="-2.501986"><ele>1193.6</ele></trkpt>
    <trkpt lat="38.510724" lon="-2.501915"><ele>1192.8</ele></trkpt>
    <trkpt lat="38.510434" lon="-2.501195"><ele>1186.2</ele></trkpt>
    <trkpt lat="38.510268" lon="-2.500896"><ele>1183.3</ele></trkpt>
    <trkpt lat="38.510145" lon="-2.500719"><ele>1181.5</ele></trkpt>
    <trkpt lat="38.509723" lon="-2.500309"><ele>1176.7</ele></trkpt>
    <trkpt lat="38.509632" lon="-2.500175"><ele>1175.5</ele></trkpt>
    <trkpt lat="38.509599" lon="-2.499987"><ele>1174.3</ele></trkpt>
    <trkpt lat="38.509626" lon="-2.499879"><ele>1173.7</ele></trkpt>
    <trkpt lat="38.510092" lon="-2.499468"><ele>1169.7</ele></trkpt>
    <trkpt lat="38.510185" lon="-2.499433"><ele>1169</ele></trkpt>
    <trkpt lat="38.510251" lon="-2.499455"><ele>1168.6</ele></trkpt>
    <trkpt lat="38.51032" lon="-2.499536"><ele>1167.9</ele></trkpt>
    <trkpt lat="38.510429" lon="-2.499968"><ele>1165.6</ele></trkpt>
    <trkpt lat="38.510492" lon="-2.500053"><ele>1165</ele></trkpt>
    <trkpt lat="38.510569" lon="-2.500079"><ele>1164.5</ele></trkpt>
    <trkpt lat="38.510651" lon="-2.500052"><ele>1163.9</ele></trkpt>
    <trkpt lat="38.510709" lon="-2.499974"><ele>1163.4</ele></trkpt>
    <trkpt lat="38.510735" lon="-2.499838"><ele>1162.8</ele></trkpt>
    <trkpt lat="38.510551" lon="-2.498224"><ele>1153.9</ele></trkpt>
    <trkpt lat="38.510509" lon="-2.497678"><ele>1149.7</ele></trkpt>
    <trkpt lat="38.510554" lon="-2.497573"><ele>1148.7</ele></trkpt>
    <trkpt lat="38.510677" lon="-2.497481"><ele>1147.1</ele></trkpt>
    <trkpt lat="38.510879" lon="-2.497413"><ele>1144.7</ele></trkpt>
    <trkpt lat="38.511097" lon="-2.497222"><ele>1141.6</ele></trkpt>
    <trkpt lat="38.511184" lon="-2.497058"><ele>1139.7</ele></trkpt>
    <trkpt lat="38.511207" lon="-2.49695"><ele>1138.6</ele></trkpt>
    <trkpt lat="38.511054" lon="-2.496541"><ele>1134.2</ele></trkpt>
    <trkpt lat="38.51104" lon="-2.49611"><ele>1129.8</ele></trkpt>
    <trkpt lat="38.510992" lon="-2.495961"><ele>1128.2</ele></trkpt>
    <trkpt lat="38.510675" lon="-2.495453"><ele>1122.2</ele></trkpt>
    <trkpt lat="38.510588" lon="-2.495261"><ele>1120.2</ele></trkpt>
    <trkpt lat="38.510523" lon="-2.494914"><ele>1117.1</ele></trkpt>
    <trkpt lat="38.510514" lon="-2.49455"><ele>1114</ele></trkpt>
    <trkpt lat="38.51049" lon="-2.4944"><ele>1112.7</ele></trkpt>
    <trkpt lat="38.510343" lon="-2.494139"><ele>1110</ele></trkpt>
    <trkpt lat="38.51006" lon="-2.493901"><ele>1106.5</ele></trkpt>
    <trkpt lat="38.509908" lon="-2.493723"><ele>1104.5</ele></trkpt>
    <trkpt lat="38.509841" lon="-2.493529"><ele>1102.9</ele></trkpt>
    <trkpt lat="38.509828" lon="-2.493118"><ele>1100</ele></trkpt>
    <trkpt lat="38.5097" lon="-2.492724"><ele>1097.1</ele></trkpt>
    <trkpt lat="38.509637" lon="-2.492576"><ele>1096</ele></trkpt>
    <trkpt lat="38.509533" lon="-2.492411"><ele>1094.6</ele></trkpt>
    <trkpt lat="38.509232" lon="-2.492032"><ele>1091.4</ele></trkpt>
    <trkpt lat="38.508998" lon="-2.491422"><ele>1087.6</ele></trkpt>
    <trkpt lat="38.508958" lon="-2.491194"><ele>1086.3</ele></trkpt>
    <trkpt lat="38.508998" lon="-2.490763"><ele>1083.7</ele></trkpt>
    <trkpt lat="38.50908" lon="-2.490585"><ele>1082.5</ele></trkpt>
    <trkpt lat="38.509189" lon="-2.490421"><ele>1081.2</ele></trkpt>
    <trkpt lat="38.509191" lon="-2.490287"><ele>1080.4</ele></trkpt>
    <trkpt lat="38.509162" lon="-2.4902"><ele>1079.8</ele></trkpt>
    <trkpt lat="38.508691" lon="-2.489732"><ele>1075.1</ele></trkpt>
    <trkpt lat="38.508398" lon="-2.489305"><ele>1071.4</ele></trkpt>
    <trkpt lat="38.508241" lon="-2.489159"><ele>1069.8</ele></trkpt>
    <trkpt lat="38.50793" lon="-2.488936"><ele>1067</ele></trkpt>
    <trkpt lat="38.507728" lon="-2.48883"><ele>1065.4</ele></trkpt>
    <trkpt lat="38.507619" lon="-2.488697"><ele>1064.3</ele></trkpt>
    <trkpt lat="38.507491" lon="-2.488437"><ele>1062.7</ele></trkpt>
    <trkpt lat="38.507296" lon="-2.487373"><ele>1057.5</ele></trkpt>
    <trkpt lat="38.507215" lon="-2.487173"><ele>1056.5</ele></trkpt>
    <trkpt lat="38.506889" lon="-2.48656"><ele>1053.8</ele></trkpt>
    <trkpt lat="38.506811" lon="-2.48615"><ele>1052.3</ele></trkpt>
    <trkpt lat="38.506822" lon="-2.485807"><ele>1051.1</ele></trkpt>
    <trkpt lat="38.506889" lon="-2.485371"><ele>1049.7</ele></trkpt>
    <trkpt lat="38.507396" lon="-2.484036"><ele>1045.6</ele></trkpt>
    <trkpt lat="38.50741" lon="-2.483858"><ele>1045.1</ele></trkpt>
    <trkpt lat="38.507387" lon="-2.483715"><ele>1044.8</ele></trkpt>
    <trkpt lat="38.507074" lon="-2.482998"><ele>1042.9</ele></trkpt>
    <trkpt lat="38.507034" lon="-2.482782"><ele>1042.4</ele></trkpt>
    <trkpt lat="38.507076" lon="-2.48145"><ele>1039</ele></trkpt>
    <trkpt lat="38.507097" lon="-2.481057"><ele>1037.7</ele></trkpt>
    <trkpt lat="38.507249" lon="-2.480562"><ele>1035.6</ele></trkpt>
    <trkpt lat="38.507288" lon="-2.480338"><ele>1034.6</ele></trkpt>
    <trkpt lat="38.507281" lon="-2.479452"><ele>1030.5</ele></trkpt>
    <trkpt lat="38.507287" lon="-2.478589"><ele>1027.3</ele></trkpt>
    <trkpt lat="38.507301" lon="-2.477598"><ele>1024.8</ele></trkpt>
    <trkpt lat="38.507342" lon="-2.477103"><ele>1023.9</ele></trkpt>
    <trkpt lat="38.50741" lon="-2.4766"><ele>1023.1</ele></trkpt>
    <trkpt lat="38.507524" lon="-2.476026"><ele>1022</ele></trkpt>
    <trkpt lat="38.507589" lon="-2.475481"><ele>1020.8</ele></trkpt>
    <trkpt lat="38.507591" lon="-2.475136"><ele>1020</ele></trkpt>
    <trkpt lat="38.507557" lon="-2.474803"><ele>1019.2</ele></trkpt>
    <trkpt lat="38.507386" lon="-2.474072"><ele>1017.1</ele></trkpt>
    <trkpt lat="38.507204" lon="-2.473586"><ele>1015.3</ele></trkpt>
    <trkpt lat="38.506815" lon="-2.472777"><ele>1012.1</ele></trkpt>
    <trkpt lat="38.506639" lon="-2.47227"><ele>1010.2</ele></trkpt>
    <trkpt lat="38.506545" lon="-2.471901"><ele>1008.9</ele></trkpt>
    <trkpt lat="38.506473" lon="-2.471484"><ele>1007.4</ele></trkpt>
    <trkpt lat="38.50631" lon="-2.470524"><ele>1004.6</ele></trkpt>
    <trkpt lat="38.506135" lon="-2.46983"><ele>1003.1</ele></trkpt>
    <trkpt lat="38.506067" lon="-2.469605"><ele>1002.6</ele></trkpt>
    <trkpt lat="38.505892" lon="-2.469113"><ele>1001.8</ele></trkpt>
    <trkpt lat="38.505513" lon="-2.46831"><ele>1000.5</ele></trkpt>
    <trkpt lat="38.50528" lon="-2.467934"><ele>999.9</ele></trkpt>
    <trkpt lat="38.504701" lon="-2.467039"><ele>998.2</ele></trkpt>
    <trkpt lat="38.504547" lon="-2.46664"><ele>997.5</ele></trkpt>
    <trkpt lat="38.504485" lon="-2.466408"><ele>997.1</ele></trkpt>
    <trkpt lat="38.504378" lon="-2.465858"><ele>996.3</ele></trkpt>
    <trkpt lat="38.504327" lon="-2.46499"><ele>995.4</ele></trkpt>
    <trkpt lat="38.504264" lon="-2.46411"><ele>994.9</ele></trkpt>
    <trkpt lat="38.504228" lon="-2.463861"><ele>994.7</ele></trkpt>
    <trkpt lat="38.504177" lon="-2.463691"><ele>994.6</ele></trkpt>
    <trkpt lat="38.503958" lon="-2.463313"><ele>994.3</ele></trkpt>
    <trkpt lat="38.503671" lon="-2.462886"><ele>994</ele></trkpt>
    <trkpt lat="38.503442" lon="-2.462478"><ele>993.8</ele></trkpt>
    <trkpt lat="38.503135" lon="-2.461517"><ele>994.6</ele></trkpt>
    <trkpt lat="38.502532" lon="-2.459309"><ele>1001.2</ele></trkpt>
    <trkpt lat="38.502466" lon="-2.458801"><ele>1002.6</ele></trkpt>
    <trkpt lat="38.502509" lon="-2.458263"><ele>1003.5</ele></trkpt>
    <trkpt lat="38.502773" lon="-2.457549"><ele>1003.2</ele></trkpt>
    <trkpt lat="38.50282" lon="-2.4573"><ele>1002.7</ele></trkpt>
    <trkpt lat="38.502836" lon="-2.457004"><ele>1002</ele></trkpt>
    <trkpt lat="38.502807" lon="-2.456682"><ele>1000.9</ele></trkpt>
    <trkpt lat="38.502751" lon="-2.456508"><ele>1000.2</ele></trkpt>
    <trkpt lat="38.502627" lon="-2.456153"><ele>998.7</ele></trkpt>
    <trkpt lat="38.502381" lon="-2.455429"><ele>995.4</ele></trkpt>
    <trkpt lat="38.502233" lon="-2.454844"><ele>993.5</ele></trkpt>
    <trkpt lat="38.502134" lon="-2.454174"><ele>992.2</ele></trkpt>
    <trkpt lat="38.502104" lon="-2.453849"><ele>991.8</ele></trkpt>
    <trkpt lat="38.50207" lon="-2.453432"><ele>991.3</ele></trkpt>
    <trkpt lat="38.50197" lon="-2.452586"><ele>990.8</ele></trkpt>
    <trkpt lat="38.501917" lon="-2.452344"><ele>990.6</ele></trkpt>
    <trkpt lat="38.50171" lon="-2.451758"><ele>989.8</ele></trkpt>
    <trkpt lat="38.50159" lon="-2.45154"><ele>989.4</ele></trkpt>
    <trkpt lat="38.501473" lon="-2.451382"><ele>989</ele></trkpt>
    <trkpt lat="38.501322" lon="-2.451162"><ele>988.3</ele></trkpt>
    <trkpt lat="38.500568" lon="-2.450315"><ele>985.2</ele></trkpt>
    <trkpt lat="38.500326" lon="-2.449959"><ele>984.2</ele></trkpt>
    <trkpt lat="38.500159" lon="-2.449679"><ele>983.5</ele></trkpt>
    <trkpt lat="38.499904" lon="-2.449113"><ele>982.5</ele></trkpt>
    <trkpt lat="38.49973" lon="-2.448789"><ele>982.1</ele></trkpt>
    <trkpt lat="38.499387" lon="-2.448347"><ele>981.7</ele></trkpt>
    <trkpt lat="38.498568" lon="-2.44756"><ele>981.3</ele></trkpt>
    <trkpt lat="38.498383" lon="-2.44729"><ele>981.2</ele></trkpt>
    <trkpt lat="38.498167" lon="-2.446926"><ele>980.8</ele></trkpt>
    <trkpt lat="38.497995" lon="-2.446479"><ele>980.1</ele></trkpt>
    <trkpt lat="38.497916" lon="-2.446171"><ele>979.4</ele></trkpt>
    <trkpt lat="38.497863" lon="-2.445814"><ele>978.5</ele></trkpt>
    <trkpt lat="38.497833" lon="-2.44533"><ele>977.1</ele></trkpt>
    <trkpt lat="38.497837" lon="-2.444236"><ele>973.4</ele></trkpt>
    <trkpt lat="38.497848" lon="-2.443603"><ele>971.7</ele></trkpt>
    <trkpt lat="38.497873" lon="-2.443062"><ele>970.3</ele></trkpt>
    <trkpt lat="38.497942" lon="-2.442523"><ele>969</ele></trkpt>
    <trkpt lat="38.497988" lon="-2.44227"><ele>968.5</ele></trkpt>
    <trkpt lat="38.498076" lon="-2.441827"><ele>967.6</ele></trkpt>
    <trkpt lat="38.498183" lon="-2.441333"><ele>966.5</ele></trkpt>
    <trkpt lat="38.498205" lon="-2.441228"><ele>966.3</ele></trkpt>
    <trkpt lat="38.498287" lon="-2.440847"><ele>965.4</ele></trkpt>
    <trkpt lat="38.498614" lon="-2.439236"><ele>962.4</ele></trkpt>
    <trkpt lat="38.498689" lon="-2.43888"><ele>961.7</ele></trkpt>
    <trkpt lat="38.498745" lon="-2.438413"><ele>960.9</ele></trkpt>
    <trkpt lat="38.498766" lon="-2.437758"><ele>960.1</ele></trkpt>
    <trkpt lat="38.498676" lon="-2.436775"><ele>959.3</ele></trkpt>
    <trkpt lat="38.498657" lon="-2.436291"><ele>959.1</ele></trkpt>
    <trkpt lat="38.498708" lon="-2.435605"><ele>959</ele></trkpt>
    <trkpt lat="38.498757" lon="-2.435017"><ele>958.7</ele></trkpt>
    <trkpt lat="38.498765" lon="-2.434928"><ele>958.7</ele></trkpt>
    <trkpt lat="38.498783" lon="-2.434452"><ele>958.2</ele></trkpt>
    <trkpt lat="38.498734" lon="-2.43383"><ele>957.2</ele></trkpt>
    <trkpt lat="38.498483" lon="-2.432485"><ele>954.5</ele></trkpt>
    <trkpt lat="38.497952" lon="-2.429922"><ele>952</ele></trkpt>
    <trkpt lat="38.497847" lon="-2.429301"><ele>951.9</ele></trkpt>
    <trkpt lat="38.497765" lon="-2.428491"><ele>951.9</ele></trkpt>
    <trkpt lat="38.497729" lon="-2.427513"><ele>951.7</ele></trkpt>
    <trkpt lat="38.497714" lon="-2.426655"><ele>950.9</ele></trkpt>
    <trkpt lat="38.497699" lon="-2.425531"><ele>949.7</ele></trkpt>
    <trkpt lat="38.497799" lon="-2.425066"><ele>949.3</ele></trkpt>
    <trkpt lat="38.497817" lon="-2.424984"><ele>949.3</ele></trkpt>
    <trkpt lat="38.497865" lon="-2.424784"><ele>949.2</ele></trkpt>
    <trkpt lat="38.497889" lon="-2.424496"><ele>949.2</ele></trkpt>
    <trkpt lat="38.497757" lon="-2.423729"><ele>950</ele></trkpt>
    <trkpt lat="38.497731" lon="-2.423441"><ele>950.6</ele></trkpt>
    <trkpt lat="38.497745" lon="-2.423337"><ele>950.8</ele></trkpt>
    <trkpt lat="38.497848" lon="-2.42309"><ele>951.4</ele></trkpt>
    <trkpt lat="38.498127" lon="-2.422623"><ele>952.9</ele></trkpt>
    <trkpt lat="38.498449" lon="-2.422059"><ele>955.1</ele></trkpt>
    <trkpt lat="38.498517" lon="-2.42179"><ele>955.9</ele></trkpt>
    <trkpt lat="38.498598" lon="-2.421221"><ele>957.6</ele></trkpt>
    <trkpt lat="38.498655" lon="-2.420746"><ele>958.8</ele></trkpt>
    <trkpt lat="38.498675" lon="-2.420571"><ele>959.2</ele></trkpt>
    <trkpt lat="38.49875" lon="-2.419967"><ele>960.5</ele></trkpt>
    <trkpt lat="38.498837" lon="-2.419299"><ele>962</ele></trkpt>
    <trkpt lat="38.498856" lon="-2.419152"><ele>962.3</ele></trkpt>
    <trkpt lat="38.498862" lon="-2.419107"><ele>962.4</ele></trkpt>
    <trkpt lat="38.498871" lon="-2.419036"><ele>962.5</ele></trkpt>
    <trkpt lat="38.498885" lon="-2.418918"><ele>962.8</ele></trkpt>
    <trkpt lat="38.499067" lon="-2.417371"><ele>965.8</ele></trkpt>
    <trkpt lat="38.499058" lon="-2.417307"><ele>965.8</ele></trkpt>
    <trkpt lat="38.498987" lon="-2.417231"><ele>965.9</ele></trkpt>
    <trkpt lat="38.498731" lon="-2.417115"><ele>966.3</ele></trkpt>
    <trkpt lat="38.49861" lon="-2.417077"><ele>966.4</ele></trkpt>
    <trkpt lat="38.498564" lon="-2.417072"><ele>966.4</ele></trkpt>
    <trkpt lat="38.49799" lon="-2.416949"><ele>966.9</ele></trkpt>
    <trkpt lat="38.497793" lon="-2.416893"><ele>967</ele></trkpt>
    <trkpt lat="38.497631" lon="-2.416846"><ele>967.1</ele></trkpt>
    <trkpt lat="38.497329" lon="-2.416692"><ele>967</ele></trkpt>
    <trkpt lat="38.497027" lon="-2.416544"><ele>966.6</ele></trkpt>
    <trkpt lat="38.496575" lon="-2.416314"><ele>965.5</ele></trkpt>
    <trkpt lat="38.496398" lon="-2.416224"><ele>964.7</ele></trkpt>
    <trkpt lat="38.496329" lon="-2.416183"><ele>964.3</ele></trkpt>
    <trkpt lat="38.496254" lon="-2.41609"><ele>963.8</ele></trkpt>
    <trkpt lat="38.496168" lon="-2.415921"><ele>962.8</ele></trkpt>
    <trkpt lat="38.496075" lon="-2.415627"><ele>960.8</ele></trkpt>
    <trkpt lat="38.495983" lon="-2.415447"><ele>959.4</ele></trkpt>
    <trkpt lat="38.495948" lon="-2.415405"><ele>959</ele></trkpt>
    <trkpt lat="38.495648" lon="-2.415161"><ele>955.8</ele></trkpt>
    <trkpt lat="38.495236" lon="-2.414803"><ele>952</ele></trkpt>
    <trkpt lat="38.495143" lon="-2.414649"><ele>951</ele></trkpt>
    <trkpt lat="38.495028" lon="-2.414347"><ele>949.1</ele></trkpt>
    <trkpt lat="38.494987" lon="-2.414177"><ele>948.2</ele></trkpt>
    <trkpt lat="38.494889" lon="-2.413581"><ele>945.9</ele></trkpt>
    <trkpt lat="38.494689" lon="-2.41296"><ele>944</ele></trkpt>
    <trkpt lat="38.494553" lon="-2.41271"><ele>943.2</ele></trkpt>
    <trkpt lat="38.493901" lon="-2.412013"><ele>939.8</ele></trkpt>
    <trkpt lat="38.493692" lon="-2.411812"><ele>938.9</ele></trkpt>
    <trkpt lat="38.493518" lon="-2.411627"><ele>938.2</ele></trkpt>
    <trkpt lat="38.493474" lon="-2.411577"><ele>938</ele></trkpt>
    <trkpt lat="38.493273" lon="-2.41127"><ele>937.1</ele></trkpt>
    <trkpt lat="38.492804" lon="-2.410111"><ele>935.1</ele></trkpt>
    <trkpt lat="38.492276" lon="-2.40873"><ele>933.6</ele></trkpt>
    <trkpt lat="38.489842" lon="-2.402509"><ele>929.4</ele></trkpt>
    <trkpt lat="38.489586" lon="-2.40169"><ele>928.8</ele></trkpt>
    <trkpt lat="38.489561" lon="-2.401579"><ele>928.8</ele></trkpt>
    <trkpt lat="38.489481" lon="-2.400893"><ele>928.6</ele></trkpt>
    <trkpt lat="38.489519" lon="-2.400044"><ele>928.8</ele></trkpt>
    <trkpt lat="38.489526" lon="-2.399967"><ele>928.9</ele></trkpt>
    <trkpt lat="38.489531" lon="-2.399906"><ele>928.9</ele></trkpt>
    <trkpt lat="38.489575" lon="-2.399304"><ele>929.4</ele></trkpt>
    <trkpt lat="38.489579" lon="-2.39924"><ele>929.5</ele></trkpt>
    <trkpt lat="38.489595" lon="-2.398982"><ele>929.7</ele></trkpt>
    <trkpt lat="38.489601" lon="-2.398866"><ele>929.9</ele></trkpt>
    <trkpt lat="38.489604" lon="-2.398636"><ele>930.1</ele></trkpt>
    <trkpt lat="38.489583" lon="-2.398479"><ele>930.2</ele></trkpt>
    <trkpt lat="38.48949" lon="-2.398188"><ele>930.3</ele></trkpt>
    <trkpt lat="38.489418" lon="-2.398063"><ele>930.4</ele></trkpt>
    <trkpt lat="38.489312" lon="-2.397945"><ele>930.4</ele></trkpt>
    <trkpt lat="38.489059" lon="-2.397782"><ele>930.3</ele></trkpt>
    <trkpt lat="38.488229" lon="-2.397425"><ele>929.2</ele></trkpt>
    <trkpt lat="38.487958" lon="-2.397256"><ele>928.6</ele></trkpt>
    <trkpt lat="38.487771" lon="-2.397068"><ele>928.1</ele></trkpt>
    <trkpt lat="38.48753" lon="-2.396727"><ele>927.6</ele></trkpt>
    <trkpt lat="38.486915" lon="-2.395705"><ele>927.5</ele></trkpt>
    <trkpt lat="38.486805" lon="-2.39546"><ele>927.7</ele></trkpt>
    <trkpt lat="38.486643" lon="-2.395035"><ele>928.1</ele></trkpt>
    <trkpt lat="38.485686" lon="-2.391487"><ele>928.7</ele></trkpt>
    <trkpt lat="38.485496" lon="-2.390491"><ele>928.2</ele></trkpt>
    <trkpt lat="38.485362" lon="-2.389576"><ele>927.8</ele></trkpt>
    <trkpt lat="38.485323" lon="-2.389229"><ele>927.8</ele></trkpt>
    <trkpt lat="38.485314" lon="-2.388909"><ele>927.7</ele></trkpt>
    <trkpt lat="38.485403" lon="-2.388394"><ele>927.6</ele></trkpt>
    <trkpt lat="38.485531" lon="-2.387898"><ele>927.5</ele></trkpt>
    <trkpt lat="38.485563" lon="-2.387375"><ele>927.5</ele></trkpt>
    <trkpt lat="38.485353" lon="-2.386331"><ele>927.7</ele></trkpt>
    <trkpt lat="38.48517" lon="-2.38424"><ele>929.8</ele></trkpt>
    <trkpt lat="38.484914" lon="-2.382904"><ele>928.8</ele></trkpt>
    <trkpt lat="38.484876" lon="-2.382274"><ele>927.7</ele></trkpt>
    <trkpt lat="38.484908" lon="-2.381782"><ele>926.9</ele></trkpt>
    <trkpt lat="38.485141" lon="-2.380874"><ele>925.9</ele></trkpt>
    <trkpt lat="38.485337" lon="-2.380166"><ele>925</ele></trkpt>
    <trkpt lat="38.485443" lon="-2.379695"><ele>924.1</ele></trkpt>
    <trkpt lat="38.485492" lon="-2.379209"><ele>923.3</ele></trkpt>
    <trkpt lat="38.485498" lon="-2.378814"><ele>922.5</ele></trkpt>
    <trkpt lat="38.485434" lon="-2.378341"><ele>921.3</ele></trkpt>
    <trkpt lat="38.485353" lon="-2.378068"><ele>920.6</ele></trkpt>
    <trkpt lat="38.484698" lon="-2.376492"><ele>917.1</ele></trkpt>
    <trkpt lat="38.484534" lon="-2.375662"><ele>915.7</ele></trkpt>
    <trkpt lat="38.484254" lon="-2.373824"><ele>913</ele></trkpt>
    <trkpt lat="38.484195" lon="-2.37193"><ele>909.9</ele></trkpt>
    <trkpt lat="38.484204" lon="-2.370745"><ele>909</ele></trkpt>
    <trkpt lat="38.484156" lon="-2.369961"><ele>908.8</ele></trkpt>
    <trkpt lat="38.484074" lon="-2.369393"><ele>908.8</ele></trkpt>
    <trkpt lat="38.483843" lon="-2.368229"><ele>908</ele></trkpt>
    <trkpt lat="38.483868" lon="-2.367882"><ele>907.4</ele></trkpt>
    <trkpt lat="38.483941" lon="-2.367672"><ele>907.1</ele></trkpt>
    <trkpt lat="38.484209" lon="-2.36716"><ele>906.2</ele></trkpt>
    <trkpt lat="38.484254" lon="-2.367074"><ele>906</ele></trkpt>
    <trkpt lat="38.484381" lon="-2.366832"><ele>905.6</ele></trkpt>
    <trkpt lat="38.484486" lon="-2.366534"><ele>905.2</ele></trkpt>
    <trkpt lat="38.484552" lon="-2.366005"><ele>904.7</ele></trkpt>
    <trkpt lat="38.48453" lon="-2.365699"><ele>904.5</ele></trkpt>
    <trkpt lat="38.484452" lon="-2.365196"><ele>904.3</ele></trkpt>
    <trkpt lat="38.48406" lon="-2.363067"><ele>903.2</ele></trkpt>
    <trkpt lat="38.483864" lon="-2.362351"><ele>903.9</ele></trkpt>
    <trkpt lat="38.483692" lon="-2.361818"><ele>905.2</ele></trkpt>
    <trkpt lat="38.483546" lon="-2.361348"><ele>906.9</ele></trkpt>
    <trkpt lat="38.483469" lon="-2.361118"><ele>907.8</ele></trkpt>
    <trkpt lat="38.483156" lon="-2.360088"><ele>912.8</ele></trkpt>
    <trkpt lat="38.483113" lon="-2.359744"><ele>914</ele></trkpt>
    <trkpt lat="38.483112" lon="-2.35964"><ele>914.3</ele></trkpt>
    <trkpt lat="38.483109" lon="-2.35949"><ele>914.7</ele></trkpt>
    <trkpt lat="38.483154" lon="-2.359227"><ele>915.2</ele></trkpt>
    <trkpt lat="38.483218" lon="-2.359013"><ele>915.4</ele></trkpt>
    <trkpt lat="38.483363" lon="-2.358687"><ele>915.4</ele></trkpt>
    <trkpt lat="38.483661" lon="-2.358132"><ele>914.5</ele></trkpt>
    <trkpt lat="38.484352" lon="-2.357276"><ele>911</ele></trkpt>
    <trkpt lat="38.484671" lon="-2.356609"><ele>909.6</ele></trkpt>
    <trkpt lat="38.484904" lon="-2.356044"><ele>909.4</ele></trkpt>
    <trkpt lat="38.485043" lon="-2.355607"><ele>909.5</ele></trkpt>
    <trkpt lat="38.485154" lon="-2.354971"><ele>909.7</ele></trkpt>
    <trkpt lat="38.485168" lon="-2.354658"><ele>909.7</ele></trkpt>
    <trkpt lat="38.485132" lon="-2.354311"><ele>909.9</ele></trkpt>
    <trkpt lat="38.48502" lon="-2.354014"><ele>910</ele></trkpt>
    <trkpt lat="38.484808" lon="-2.353676"><ele>910.2</ele></trkpt>
    <trkpt lat="38.484651" lon="-2.353492"><ele>910.4</ele></trkpt>
    <trkpt lat="38.484522" lon="-2.353292"><ele>910.5</ele></trkpt>
    <trkpt lat="38.484505" lon="-2.353239"><ele>910.5</ele></trkpt>
    <trkpt lat="38.484469" lon="-2.353128"><ele>910.6</ele></trkpt>
    <trkpt lat="38.48416" lon="-2.352015"><ele>911</ele></trkpt>
    <trkpt lat="38.484062" lon="-2.351452"><ele>910.9</ele></trkpt>
    <trkpt lat="38.484065" lon="-2.351173"><ele>910.8</ele></trkpt>
    <trkpt lat="38.484131" lon="-2.350556"><ele>910.6</ele></trkpt>
    <trkpt lat="38.484404" lon="-2.348916"><ele>908.7</ele></trkpt>
    <trkpt lat="38.484421" lon="-2.348815"><ele>908.6</ele></trkpt>
    <trkpt lat="38.484425" lon="-2.348788"><ele>908.5</ele></trkpt>
    <trkpt lat="38.484438" lon="-2.34871"><ele>908.5</ele></trkpt>
    <trkpt lat="38.484465" lon="-2.348552"><ele>908.3</ele></trkpt>
    <trkpt lat="38.484486" lon="-2.348371"><ele>908.2</ele></trkpt>
    <trkpt lat="38.484598" lon="-2.348051"><ele>908.2</ele></trkpt>
    <trkpt lat="38.484701" lon="-2.347873"><ele>908.3</ele></trkpt>
    <trkpt lat="38.484897" lon="-2.347693"><ele>908.6</ele></trkpt>
    <trkpt lat="38.485138" lon="-2.347608"><ele>909.2</ele></trkpt>
    <trkpt lat="38.485987" lon="-2.347704"><ele>914.4</ele></trkpt>
    <trkpt lat="38.48616" lon="-2.347664"><ele>915.9</ele></trkpt>
    <trkpt lat="38.486306" lon="-2.347582"><ele>917.2</ele></trkpt>
    <trkpt lat="38.486451" lon="-2.347424"><ele>918.8</ele></trkpt>
    <trkpt lat="38.486531" lon="-2.34725"><ele>920.2</ele></trkpt>
    <trkpt lat="38.486574" lon="-2.347053"><ele>921.6</ele></trkpt>
    <trkpt lat="38.486587" lon="-2.346804"><ele>923.3</ele></trkpt>
    <trkpt lat="38.486502" lon="-2.344792"><ele>933.7</ele></trkpt>
    <trkpt lat="38.486543" lon="-2.344509"><ele>934.4</ele></trkpt>
    <trkpt lat="38.48663" lon="-2.344291"><ele>935</ele></trkpt>
    <trkpt lat="38.486773" lon="-2.344078"><ele>935.6</ele></trkpt>
    <trkpt lat="38.487022" lon="-2.343784"><ele>936.5</ele></trkpt>
    <trkpt lat="38.487133" lon="-2.343557"><ele>937</ele></trkpt>
    <trkpt lat="38.48733" lon="-2.34289"><ele>938.3</ele></trkpt>
    <trkpt lat="38.487403" lon="-2.34236"><ele>938.7</ele></trkpt>
    <trkpt lat="38.487385" lon="-2.342206"><ele>938.6</ele></trkpt>
    <trkpt lat="38.487305" lon="-2.342008"><ele>938.1</ele></trkpt>
    <trkpt lat="38.487053" lon="-2.341654"><ele>936.1</ele></trkpt>
    <trkpt lat="38.486972" lon="-2.341499"><ele>935</ele></trkpt>
    <trkpt lat="38.486949" lon="-2.341373"><ele>934.3</ele></trkpt>
    <trkpt lat="38.48693" lon="-2.340702"><ele>929.7</ele></trkpt>
    <trkpt lat="38.486842" lon="-2.340536"><ele>928.3</ele></trkpt>
    <trkpt lat="38.486742" lon="-2.340443"><ele>927.3</ele></trkpt>
    <trkpt lat="38.486584" lon="-2.340411"><ele>926</ele></trkpt>
    <trkpt lat="38.486493" lon="-2.340425"><ele>925.4</ele></trkpt>
    <trkpt lat="38.486111" lon="-2.340589"><ele>923</ele></trkpt>
    <trkpt lat="38.485977" lon="-2.340599"><ele>922.5</ele></trkpt>
    <trkpt lat="38.485878" lon="-2.340562"><ele>922.3</ele></trkpt>
    <trkpt lat="38.485794" lon="-2.34049"><ele>922.1</ele></trkpt>
    <trkpt lat="38.485713" lon="-2.340378"><ele>922</ele></trkpt>
    <trkpt lat="38.484532" lon="-2.338214"><ele>922.4</ele></trkpt>
    <trkpt lat="38.484456" lon="-2.337934"><ele>922.1</ele></trkpt>
    <trkpt lat="38.48446" lon="-2.337723"><ele>921.9</ele></trkpt>
    <trkpt lat="38.48447" lon="-2.337643"><ele>921.8</ele></trkpt>
    <trkpt lat="38.484931" lon="-2.336205"><ele>922.5</ele></trkpt>
    <trkpt lat="38.485011" lon="-2.33589"><ele>923.7</ele></trkpt>
    <trkpt lat="38.485034" lon="-2.335336"><ele>925.6</ele></trkpt>
    <trkpt lat="38.485007" lon="-2.334554"><ele>928.1</ele></trkpt>
    <trkpt lat="38.485127" lon="-2.332933"><ele>923.6</ele></trkpt>
    <trkpt lat="38.485207" lon="-2.332596"><ele>920.7</ele></trkpt>
    <trkpt lat="38.485423" lon="-2.332226"><ele>916.9</ele></trkpt>
    <trkpt lat="38.486064" lon="-2.331602"><ele>911.9</ele></trkpt>
    <trkpt lat="38.486199" lon="-2.331393"><ele>911.7</ele></trkpt>
    <trkpt lat="38.486231" lon="-2.331186"><ele>911.9</ele></trkpt>
    <trkpt lat="38.486231" lon="-2.330985"><ele>912.3</ele></trkpt>
    <trkpt lat="38.486146" lon="-2.330367"><ele>914.1</ele></trkpt>
    <trkpt lat="38.486194" lon="-2.330184"><ele>914.9</ele></trkpt>
    <trkpt lat="38.48637" lon="-2.329908"><ele>916</ele></trkpt>
    <trkpt lat="38.486417" lon="-2.329715"><ele>916.3</ele></trkpt>
    <trkpt lat="38.486413" lon="-2.3291"><ele>915.6</ele></trkpt>
    <trkpt lat="38.48643" lon="-2.328904"><ele>914.9</ele></trkpt>
    <trkpt lat="38.486482" lon="-2.328741"><ele>914.2</ele></trkpt>
    <trkpt lat="38.48685" lon="-2.328029"><ele>911.2</ele></trkpt>
    <trkpt lat="38.486973" lon="-2.32789"><ele>910.8</ele></trkpt>
    <trkpt lat="38.487211" lon="-2.32774"><ele>910.5</ele></trkpt>
    <trkpt lat="38.487314" lon="-2.32763"><ele>910.6</ele></trkpt>
    <trkpt lat="38.487371" lon="-2.327508"><ele>910.8</ele></trkpt>
    <trkpt lat="38.487414" lon="-2.327359"><ele>911</ele></trkpt>
    <trkpt lat="38.487365" lon="-2.326593"><ele>913.1</ele></trkpt>
    <trkpt lat="38.487384" lon="-2.326283"><ele>914.1</ele></trkpt>
    <trkpt lat="38.487434" lon="-2.325963"><ele>914.9</ele></trkpt>
    <trkpt lat="38.48764" lon="-2.325258"><ele>916.4</ele></trkpt>
    <trkpt lat="38.487755" lon="-2.324964"><ele>917.2</ele></trkpt>
    <trkpt lat="38.487842" lon="-2.324862"><ele>917.6</ele></trkpt>
    <trkpt lat="38.488085" lon="-2.324775"><ele>919</ele></trkpt>
    <trkpt lat="38.488196" lon="-2.324657"><ele>920</ele></trkpt>
    <trkpt lat="38.488247" lon="-2.324533"><ele>920.8</ele></trkpt>
    <trkpt lat="38.488338" lon="-2.323857"><ele>925.8</ele></trkpt>
    <trkpt lat="38.488336" lon="-2.323692"><ele>926.8</ele></trkpt>
    <trkpt lat="38.488298" lon="-2.323561"><ele>927.6</ele></trkpt>
    <trkpt lat="38.488027" lon="-2.323197"><ele>929.7</ele></trkpt>
    <trkpt lat="38.488026" lon="-2.323081"><ele>930</ele></trkpt>
    <trkpt lat="38.488045" lon="-2.322989"><ele>930.3</ele></trkpt>
    <trkpt lat="38.48812" lon="-2.322868"><ele>930.6</ele></trkpt>
    <trkpt lat="38.488206" lon="-2.322822"><ele>930.8</ele></trkpt>
    <trkpt lat="38.488614" lon="-2.322807"><ele>933.1</ele></trkpt>
    <trkpt lat="38.488984" lon="-2.322749"><ele>935.3</ele></trkpt>
    <trkpt lat="38.489118" lon="-2.322658"><ele>935.8</ele></trkpt>
    <trkpt lat="38.489194" lon="-2.322557"><ele>935.8</ele></trkpt>
    <trkpt lat="38.489404" lon="-2.321945"><ele>937.4</ele></trkpt>
    <trkpt lat="38.489703" lon="-2.321196"><ele>942</ele></trkpt>
    <trkpt lat="38.489897" lon="-2.320951"><ele>943.6</ele></trkpt>
    <trkpt lat="38.490008" lon="-2.320885"><ele>944</ele></trkpt>
    <trkpt lat="38.490682" lon="-2.32068"><ele>946</ele></trkpt>
    <trkpt lat="38.490774" lon="-2.320551"><ele>947.1</ele></trkpt>
    <trkpt lat="38.490824" lon="-2.320392"><ele>948.2</ele></trkpt>
    <trkpt lat="38.49079" lon="-2.319802"><ele>952</ele></trkpt>
    <trkpt lat="38.490797" lon="-2.319714"><ele>952.5</ele></trkpt>
    <trkpt lat="38.49085" lon="-2.319568"><ele>953.5</ele></trkpt>
    <trkpt lat="38.490908" lon="-2.319448"><ele>954.3</ele></trkpt>
    <trkpt lat="38.491144" lon="-2.319135"><ele>956.4</ele></trkpt>
    <trkpt lat="38.491336" lon="-2.318933"><ele>957.6</ele></trkpt>
    <trkpt lat="38.491546" lon="-2.318772"><ele>958.4</ele></trkpt>
    <trkpt lat="38.492444" lon="-2.318452"><ele>961.1</ele></trkpt>
    <trkpt lat="38.492839" lon="-2.318267"><ele>963.3</ele></trkpt>
    <trkpt lat="38.492986" lon="-2.318144"><ele>964.5</ele></trkpt>
    <trkpt lat="38.493151" lon="-2.317895"><ele>966.6</ele></trkpt>
    <trkpt lat="38.493305" lon="-2.317602"><ele>969.3</ele></trkpt>
    <trkpt lat="38.493385" lon="-2.317393"><ele>971.2</ele></trkpt>
    <trkpt lat="38.493423" lon="-2.3172"><ele>973</ele></trkpt>
    <trkpt lat="38.493402" lon="-2.316803"><ele>976.5</ele></trkpt>
    <trkpt lat="38.49336" lon="-2.31661"><ele>978.5</ele></trkpt>
    <trkpt lat="38.493291" lon="-2.316447"><ele>980.3</ele></trkpt>
    <trkpt lat="38.493079" lon="-2.316189"><ele>983.8</ele></trkpt>
    <trkpt lat="38.492673" lon="-2.315923"><ele>988.8</ele></trkpt>
    <trkpt lat="38.492484" lon="-2.315802"><ele>991</ele></trkpt>
    <trkpt lat="38.492404" lon="-2.315678"><ele>992.2</ele></trkpt>
    <trkpt lat="38.49201" lon="-2.314595"><ele>997.7</ele></trkpt>
    <trkpt lat="38.491984" lon="-2.314449"><ele>997.9</ele></trkpt>
    <trkpt lat="38.492018" lon="-2.314155"><ele>998.5</ele></trkpt>
    <trkpt lat="38.492097" lon="-2.313947"><ele>999.1</ele></trkpt>
    <trkpt lat="38.492201" lon="-2.313765"><ele>999.9</ele></trkpt>
    <trkpt lat="38.492234" lon="-2.313601"><ele>1000.5</ele></trkpt>
    <trkpt lat="38.492233" lon="-2.313465"><ele>1001.1</ele></trkpt>
    <trkpt lat="38.492184" lon="-2.313305"><ele>1001.9</ele></trkpt>
    <trkpt lat="38.492116" lon="-2.313196"><ele>1002.6</ele></trkpt>
    <trkpt lat="38.492036" lon="-2.313127"><ele>1003.3</ele></trkpt>
    <trkpt lat="38.491925" lon="-2.313087"><ele>1004.1</ele></trkpt>
    <trkpt lat="38.491124" lon="-2.31307"><ele>1011.1</ele></trkpt>
    <trkpt lat="38.490973" lon="-2.312981"><ele>1012.7</ele></trkpt>
    <trkpt lat="38.490888" lon="-2.312884"><ele>1013.6</ele></trkpt>
    <trkpt lat="38.490591" lon="-2.312224"><ele>1017.5</ele></trkpt>
    <trkpt lat="38.490519" lon="-2.311966"><ele>1018.4</ele></trkpt>
    <trkpt lat="38.490497" lon="-2.311548"><ele>1019.3</ele></trkpt>
    <trkpt lat="38.490486" lon="-2.309995"><ele>1022.8</ele></trkpt>
    <trkpt lat="38.490447" lon="-2.309512"><ele>1024.9</ele></trkpt>
    <trkpt lat="38.490351" lon="-2.309249"><ele>1026.4</ele></trkpt>
    <trkpt lat="38.490213" lon="-2.309019"><ele>1028.2</ele></trkpt>
    <trkpt lat="38.489789" lon="-2.308549"><ele>1033</ele></trkpt>
    <trkpt lat="38.489624" lon="-2.308333"><ele>1035.2</ele></trkpt>
    <trkpt lat="38.489476" lon="-2.308085"><ele>1037.5</ele></trkpt>
    <trkpt lat="38.488717" lon="-2.306208"><ele>1050.4</ele></trkpt>
    <trkpt lat="38.488669" lon="-2.305904"><ele>1052.1</ele></trkpt>
    <trkpt lat="38.488662" lon="-2.305255"><ele>1056.4</ele></trkpt>
    <trkpt lat="38.488615" lon="-2.304535"><ele>1062.2</ele></trkpt>
    <trkpt lat="38.488258" lon="-2.303359"><ele>1072.6</ele></trkpt>
    <trkpt lat="38.488185" lon="-2.302997"><ele>1074.8</ele></trkpt>
    <trkpt lat="38.488134" lon="-2.302049"><ele>1077.9</ele></trkpt>
    <trkpt lat="38.488084" lon="-2.301608"><ele>1078.2</ele></trkpt>
    <trkpt lat="38.487904" lon="-2.300672"><ele>1079</ele></trkpt>
    <trkpt lat="38.487837" lon="-2.299922"><ele>1081</ele></trkpt>
    <trkpt lat="38.487835" lon="-2.299527"><ele>1082.6</ele></trkpt>
    <trkpt lat="38.48792" lon="-2.298675"><ele>1087.1</ele></trkpt>
    <trkpt lat="38.487952" lon="-2.297604"><ele>1091.1</ele></trkpt>
    <trkpt lat="38.487992" lon="-2.297364"><ele>1091.3</ele></trkpt>
    <trkpt lat="38.488122" lon="-2.297064"><ele>1091.1</ele></trkpt>
    <trkpt lat="38.488248" lon="-2.296847"><ele>1090.7</ele></trkpt>
    <trkpt lat="38.488381" lon="-2.296712"><ele>1090.3</ele></trkpt>
    <trkpt lat="38.488485" lon="-2.296645"><ele>1090.1</ele></trkpt>
    <trkpt lat="38.488994" lon="-2.296701"><ele>1089.3</ele></trkpt>
    <trkpt lat="38.489112" lon="-2.296615"><ele>1089.1</ele></trkpt>
    <trkpt lat="38.48917" lon="-2.296529"><ele>1089.1</ele></trkpt>
    <trkpt lat="38.489222" lon="-2.296433"><ele>1089.1</ele></trkpt>
    <trkpt lat="38.489262" lon="-2.296259"><ele>1089.3</ele></trkpt>
    <trkpt lat="38.489187" lon="-2.295725"><ele>1090.7</ele></trkpt>
    <trkpt lat="38.489089" lon="-2.295484"><ele>1091.9</ele></trkpt>
    <trkpt lat="38.488701" lon="-2.294722"><ele>1096.7</ele></trkpt>
    <trkpt lat="38.488546" lon="-2.294489"><ele>1098.2</ele></trkpt>
    <trkpt lat="38.488265" lon="-2.294206"><ele>1100.1</ele></trkpt>
    <trkpt lat="38.487963" lon="-2.293838"><ele>1102.2</ele></trkpt>
    <trkpt lat="38.487831" lon="-2.293593"><ele>1103.4</ele></trkpt>
    <trkpt lat="38.487589" lon="-2.292816"><ele>1106.4</ele></trkpt>
    <trkpt lat="38.487541" lon="-2.292491"><ele>1107.4</ele></trkpt>
    <trkpt lat="38.487536" lon="-2.29219"><ele>1108.2</ele></trkpt>
    <trkpt lat="38.487511" lon="-2.292035"><ele>1108.5</ele></trkpt>
    <trkpt lat="38.487453" lon="-2.291847"><ele>1108.8</ele></trkpt>
    <trkpt lat="38.487176" lon="-2.291342"><ele>1109.3</ele></trkpt>
    <trkpt lat="38.487107" lon="-2.291139"><ele>1109.4</ele></trkpt>
    <trkpt lat="38.486982" lon="-2.290581"><ele>1109.7</ele></trkpt>
    <trkpt lat="38.486899" lon="-2.290339"><ele>1109.9</ele></trkpt>
    <trkpt lat="38.486761" lon="-2.290112"><ele>1110</ele></trkpt>
    <trkpt lat="38.486342" lon="-2.289662"><ele>1110.2</ele></trkpt>
    <trkpt lat="38.486209" lon="-2.289409"><ele>1110.4</ele></trkpt>
    <trkpt lat="38.486044" lon="-2.289003"><ele>1110.7</ele></trkpt>
    <trkpt lat="38.485985" lon="-2.288806"><ele>1110.8</ele></trkpt>
    <trkpt lat="38.485949" lon="-2.288557"><ele>1110.8</ele></trkpt>
    <trkpt lat="38.485969" lon="-2.288332"><ele>1110.7</ele></trkpt>
    <trkpt lat="38.486028" lon="-2.288113"><ele>1110.6</ele></trkpt>
    <trkpt lat="38.486099" lon="-2.287974"><ele>1110.4</ele></trkpt>
    <trkpt lat="38.486172" lon="-2.287866"><ele>1110.3</ele></trkpt>
    <trkpt lat="38.48648" lon="-2.287552"><ele>1110.1</ele></trkpt>
    <trkpt lat="38.486598" lon="-2.28736"><ele>1110.2</ele></trkpt>
    <trkpt lat="38.48664" lon="-2.287139"><ele>1110.3</ele></trkpt>
    <trkpt lat="38.486571" lon="-2.286523"><ele>1111.1</ele></trkpt>
    <trkpt lat="38.486628" lon="-2.286314"><ele>1111.4</ele></trkpt>
    <trkpt lat="38.487186" lon="-2.285404"><ele>1111.5</ele></trkpt>
    <trkpt lat="38.487319" lon="-2.285193"><ele>1111.5</ele></trkpt>
    <trkpt lat="38.487331" lon="-2.285174"><ele>1111.5</ele></trkpt>
    <trkpt lat="38.487475" lon="-2.285013"><ele>1111.4</ele></trkpt>
    <trkpt lat="38.487637" lon="-2.284924"><ele>1111.3</ele></trkpt>
    <trkpt lat="38.487838" lon="-2.284877"><ele>1111.2</ele></trkpt>
    <trkpt lat="38.488821" lon="-2.284943"><ele>1112.8</ele></trkpt>
    <trkpt lat="38.488995" lon="-2.284917"><ele>1113.8</ele></trkpt>
    <trkpt lat="38.489133" lon="-2.284843"><ele>1114.7</ele></trkpt>
    <trkpt lat="38.489269" lon="-2.284714"><ele>1115.8</ele></trkpt>
    <trkpt lat="38.489409" lon="-2.284518"><ele>1117.1</ele></trkpt>
    <trkpt lat="38.489627" lon="-2.284125"><ele>1119.7</ele></trkpt>
    <trkpt lat="38.489762" lon="-2.283954"><ele>1121</ele></trkpt>
    <trkpt lat="38.491149" lon="-2.282786"><ele>1128.4</ele></trkpt>
    <trkpt lat="38.491452" lon="-2.282468"><ele>1128.5</ele></trkpt>
    <trkpt lat="38.491544" lon="-2.282371"><ele>1128.4</ele></trkpt>
    <trkpt lat="38.491744" lon="-2.282073"><ele>1127.9</ele></trkpt>
    <trkpt lat="38.491892" lon="-2.281764"><ele>1127</ele></trkpt>
    <trkpt lat="38.492034" lon="-2.281378"><ele>1125.7</ele></trkpt>
    <trkpt lat="38.492619" lon="-2.279018"><ele>1116.3</ele></trkpt>
    <trkpt lat="38.493158" lon="-2.276847"><ele>1104.8</ele></trkpt>
    <trkpt lat="38.493202" lon="-2.276488"><ele>1102.8</ele></trkpt>
    <trkpt lat="38.493217" lon="-2.276123"><ele>1100.8</ele></trkpt>
    <trkpt lat="38.493169" lon="-2.275391"><ele>1097</ele></trkpt>
    <trkpt lat="38.493159" lon="-2.274888"><ele>1094.4</ele></trkpt>
    <trkpt lat="38.493185" lon="-2.274515"><ele>1092.6</ele></trkpt>
    <trkpt lat="38.493404" lon="-2.272773"><ele>1084.3</ele></trkpt>
    <trkpt lat="38.493481" lon="-2.27232"><ele>1082.2</ele></trkpt>
    <trkpt lat="38.493556" lon="-2.272013"><ele>1080.8</ele></trkpt>
    <trkpt lat="38.494504" lon="-2.269149"><ele>1068.8</ele></trkpt>
    <trkpt lat="38.494731" lon="-2.268494"><ele>1066.8</ele></trkpt>
    <trkpt lat="38.494854" lon="-2.268026"><ele>1065.7</ele></trkpt>
    <trkpt lat="38.49497" lon="-2.267436"><ele>1064.5</ele></trkpt>
    <trkpt lat="38.495021" lon="-2.267015"><ele>1063.6</ele></trkpt>
    <trkpt lat="38.495167" lon="-2.265452"><ele>1060</ele></trkpt>
    <trkpt lat="38.495174" lon="-2.26486"><ele>1058.4</ele></trkpt>
    <trkpt lat="38.494956" lon="-2.261753"><ele>1050.3</ele></trkpt>
    <trkpt lat="38.494989" lon="-2.261371"><ele>1049.2</ele></trkpt>
    <trkpt lat="38.495075" lon="-2.260949"><ele>1047.9</ele></trkpt>
    <trkpt lat="38.495822" lon="-2.257795"><ele>1037.9</ele></trkpt>
    <trkpt lat="38.495866" lon="-2.257459"><ele>1036.6</ele></trkpt>
    <trkpt lat="38.495873" lon="-2.257099"><ele>1035.2</ele></trkpt>
    <trkpt lat="38.495822" lon="-2.256381"><ele>1031.9</ele></trkpt>
    <trkpt lat="38.495832" lon="-2.255943"><ele>1029.8</ele></trkpt>
    <trkpt lat="38.496311" lon="-2.251571"><ele>1007.1</ele></trkpt>
    <trkpt lat="38.496357" lon="-2.251056"><ele>1004.4</ele></trkpt>
    <trkpt lat="38.496353" lon="-2.25064"><ele>1002.4</ele></trkpt>
    <trkpt lat="38.496284" lon="-2.250002"><ele>1000.2</ele></trkpt>
    <trkpt lat="38.496198" lon="-2.24956"><ele>999.3</ele></trkpt>
    <trkpt lat="38.495411" lon="-2.246824"><ele>1002.6</ele></trkpt>
    <trkpt lat="38.49538" lon="-2.246591"><ele>1003.2</ele></trkpt>
    <trkpt lat="38.495433" lon="-2.245874"><ele>1005</ele></trkpt>
    <trkpt lat="38.495492" lon="-2.245242"><ele>1006.2</ele></trkpt>
    <trkpt lat="38.495479" lon="-2.244837"><ele>1006.8</ele></trkpt>
    <trkpt lat="38.495409" lon="-2.244436"><ele>1007.3</ele></trkpt>
    <trkpt lat="38.495292" lon="-2.244086"><ele>1007.7</ele></trkpt>
    <trkpt lat="38.495111" lon="-2.243728"><ele>1007.7</ele></trkpt>
    <trkpt lat="38.494561" lon="-2.242949"><ele>1007.6</ele></trkpt>
    <trkpt lat="38.494272" lon="-2.242548"><ele>1007.6</ele></trkpt>
    <trkpt lat="38.492532" lon="-2.240156"><ele>1005.1</ele></trkpt>
    <trkpt lat="38.492244" lon="-2.239709"><ele>1002.5</ele></trkpt>
    <trkpt lat="38.49193" lon="-2.239123"><ele>998.8</ele></trkpt>
    <trkpt lat="38.491674" lon="-2.238438"><ele>995.9</ele></trkpt>
    <trkpt lat="38.491475" lon="-2.237738"><ele>995.3</ele></trkpt>
    <trkpt lat="38.491386" lon="-2.237212"><ele>996.4</ele></trkpt>
    <trkpt lat="38.490733" lon="-2.232161"><ele>1014.4</ele></trkpt>
    <trkpt lat="38.490641" lon="-2.231621"><ele>1014</ele></trkpt>
    <trkpt lat="38.490508" lon="-2.231123"><ele>1012.9</ele></trkpt>
    <trkpt lat="38.49033" lon="-2.23067"><ele>1011.2</ele></trkpt>
    <trkpt lat="38.490156" lon="-2.230306"><ele>1009.5</ele></trkpt>
    <trkpt lat="38.488934" lon="-2.228009"><ele>999.3</ele></trkpt>
    <trkpt lat="38.488478" lon="-2.227053"><ele>995.6</ele></trkpt>
    <trkpt lat="38.487725" lon="-2.225276"><ele>990.5</ele></trkpt>
    <trkpt lat="38.487632" lon="-2.225106"><ele>990</ele></trkpt>
    <trkpt lat="38.487585" lon="-2.22502"><ele>989.8</ele></trkpt>
    <trkpt lat="38.487509" lon="-2.224899"><ele>989.4</ele></trkpt>
    <trkpt lat="38.48734" lon="-2.224666"><ele>988.6</ele></trkpt>
    <trkpt lat="38.485222" lon="-2.222241"><ele>978.9</ele></trkpt>
    <trkpt lat="38.484832" lon="-2.221757"><ele>977</ele></trkpt>
    <trkpt lat="38.484633" lon="-2.221437"><ele>976.1</ele></trkpt>
    <trkpt lat="38.484293" lon="-2.220889"><ele>975.2</ele></trkpt>
    <trkpt lat="38.484125" lon="-2.220605"><ele>974.8</ele></trkpt>
    <trkpt lat="38.484125" lon="-2.220605"><ele>974.8</ele></trkpt>
    <trkpt lat="38.484055" lon="-2.220367"><ele>975.1</ele></trkpt>
    <trkpt lat="38.484042" lon="-2.220205"><ele>975.2</ele></trkpt>
    <trkpt lat="38.484042" lon="-2.220205"><ele>975.3</ele></trkpt>
    <trkpt lat="38.484042" lon="-2.220205"><ele>975.3</ele></trkpt>
    <trkpt lat="38.484155" lon="-2.220103"><ele>975.4</ele></trkpt>
    <trkpt lat="38.484155" lon="-2.220103"><ele>975.5</ele></trkpt>
    <trkpt lat="38.484155" lon="-2.220103"><ele>975.5</ele></trkpt>
    <trkpt lat="38.484294" lon="-2.220015"><ele>975.9</ele></trkpt>
    <trkpt lat="38.485569" lon="-2.219424"><ele>981.9</ele></trkpt>
    <trkpt lat="38.485832" lon="-2.219331"><ele>982.9</ele></trkpt>
    <trkpt lat="38.486083" lon="-2.219283"><ele>983.5</ele></trkpt>
    <trkpt lat="38.486257" lon="-2.219274"><ele>983.9</ele></trkpt>
    <trkpt lat="38.48661" lon="-2.219314"><ele>984.1</ele></trkpt>
    <trkpt lat="38.48852" lon="-2.219658"><ele>982.8</ele></trkpt>
    <trkpt lat="38.488731" lon="-2.21967"><ele>983.1</ele></trkpt>
    <trkpt lat="38.489089" lon="-2.219612"><ele>983.8</ele></trkpt>
    <trkpt lat="38.490313" lon="-2.219141"><ele>988.8</ele></trkpt>
    <trkpt lat="38.490533" lon="-2.219142"><ele>989.9</ele></trkpt>
    <trkpt lat="38.490647" lon="-2.219194"><ele>990.5</ele></trkpt>
    <trkpt lat="38.490825" lon="-2.219361"><ele>991.6</ele></trkpt>
    <trkpt lat="38.49104" lon="-2.219661"><ele>993.3</ele></trkpt>
    <trkpt lat="38.492158" lon="-2.221612"><ele>1002.9</ele></trkpt>
    <trkpt lat="38.492356" lon="-2.221821"><ele>1003.7</ele></trkpt>
    <trkpt lat="38.492589" lon="-2.221911"><ele>1004.5</ele></trkpt>
    <trkpt lat="38.492845" lon="-2.221927"><ele>1005.1</ele></trkpt>
    <trkpt lat="38.493248" lon="-2.2219"><ele>1005.8</ele></trkpt>
    <trkpt lat="38.493518" lon="-2.221845"><ele>1006.3</ele></trkpt>
    <trkpt lat="38.493805" lon="-2.221649"><ele>1006.9</ele></trkpt>
    <trkpt lat="38.494223" lon="-2.221258"><ele>1008</ele></trkpt>
    <trkpt lat="38.494407" lon="-2.221192"><ele>1008.5</ele></trkpt>
    <trkpt lat="38.494916" lon="-2.221246"><ele>1010</ele></trkpt>
    <trkpt lat="38.497283" lon="-2.221628"><ele>1018.5</ele></trkpt>
    <trkpt lat="38.497872" lon="-2.221727"><ele>1020.7</ele></trkpt>
    <trkpt lat="38.498198" lon="-2.221747"><ele>1021.9</ele></trkpt>
    <trkpt lat="38.498573" lon="-2.221631"><ele>1023.5</ele></trkpt>
    <trkpt lat="38.498804" lon="-2.221458"><ele>1024.5</ele></trkpt>
    <trkpt lat="38.498984" lon="-2.221272"><ele>1025.5</ele></trkpt>
    <trkpt lat="38.501918" lon="-2.216313"><ele>1046.7</ele></trkpt>
    <trkpt lat="38.502076" lon="-2.216123"><ele>1047.3</ele></trkpt>
    <trkpt lat="38.502244" lon="-2.216003"><ele>1047.9</ele></trkpt>
    <trkpt lat="38.504442" lon="-2.215015"><ele>1053</ele></trkpt>
    <trkpt lat="38.50461" lon="-2.214928"><ele>1053.1</ele></trkpt>
    <trkpt lat="38.504713" lon="-2.214844"><ele>1053.1</ele></trkpt>
    <trkpt lat="38.504882" lon="-2.214615"><ele>1053.1</ele></trkpt>
    <trkpt lat="38.506543" lon="-2.211565"><ele>1049.2</ele></trkpt>
    <trkpt lat="38.50673" lon="-2.211308"><ele>1049</ele></trkpt>
    <trkpt lat="38.506929" lon="-2.211146"><ele>1048.9</ele></trkpt>
    <trkpt lat="38.507223" lon="-2.211064"><ele>1048.9</ele></trkpt>
    <trkpt lat="38.508019" lon="-2.211038"><ele>1048.9</ele></trkpt>
    <trkpt lat="38.511817" lon="-2.210997"><ele>1047.4</ele></trkpt>
    <trkpt lat="38.512273" lon="-2.210905"><ele>1047.2</ele></trkpt>
    <trkpt lat="38.512566" lon="-2.210748"><ele>1047.1</ele></trkpt>
    <trkpt lat="38.512785" lon="-2.210568"><ele>1047</ele></trkpt>
    <trkpt lat="38.513007" lon="-2.210296"><ele>1047</ele></trkpt>
    <trkpt lat="38.514979" lon="-2.207002"><ele>1048.3</ele></trkpt>
    <trkpt lat="38.515581" lon="-2.206"><ele>1051.5</ele></trkpt>
    <trkpt lat="38.515929" lon="-2.205508"><ele>1054.1</ele></trkpt>
    <trkpt lat="38.516084" lon="-2.205369"><ele>1055.1</ele></trkpt>
    <trkpt lat="38.516166" lon="-2.205322"><ele>1055.6</ele></trkpt>
    <trkpt lat="38.518137" lon="-2.204814"><ele>1067.8</ele></trkpt>
    <trkpt lat="38.519" lon="-2.20457"><ele>1070.5</ele></trkpt>
    <trkpt lat="38.519209" lon="-2.204471"><ele>1070.8</ele></trkpt>
    <trkpt lat="38.519378" lon="-2.204295"><ele>1070.8</ele></trkpt>
    <trkpt lat="38.519467" lon="-2.204109"><ele>1070.9</ele></trkpt>
    <trkpt lat="38.519495" lon="-2.203848"><ele>1070.9</ele></trkpt>
    <trkpt lat="38.519438" lon="-2.203177"><ele>1070.6</ele></trkpt>
    <trkpt lat="38.519343" lon="-2.201708"><ele>1072.9</ele></trkpt>
    <trkpt lat="38.519349" lon="-2.201521"><ele>1073.6</ele></trkpt>
    <trkpt lat="38.519413" lon="-2.201153"><ele>1075.2</ele></trkpt>
    <trkpt lat="38.519522" lon="-2.200794"><ele>1077.1</ele></trkpt>
    <trkpt lat="38.519652" lon="-2.200598"><ele>1078.4</ele></trkpt>
    <trkpt lat="38.519733" lon="-2.200546"><ele>1079</ele></trkpt>
    <trkpt lat="38.519821" lon="-2.200516"><ele>1079.7</ele></trkpt>
    <trkpt lat="38.520153" lon="-2.200512"><ele>1082</ele></trkpt>
    <trkpt lat="38.520434" lon="-2.200471"><ele>1083.9</ele></trkpt>
    <trkpt lat="38.520767" lon="-2.200283"><ele>1086</ele></trkpt>
    <trkpt lat="38.521" lon="-2.200058"><ele>1087.5</ele></trkpt>
    <trkpt lat="38.521064" lon="-2.199936"><ele>1088</ele></trkpt>
    <trkpt lat="38.521091" lon="-2.199696"><ele>1088.7</ele></trkpt>
    <trkpt lat="38.520859" lon="-2.198133"><ele>1093.2</ele></trkpt>
    <trkpt lat="38.520854" lon="-2.197966"><ele>1093.7</ele></trkpt>
    <trkpt lat="38.520905" lon="-2.19772"><ele>1094.7</ele></trkpt>
    <trkpt lat="38.521016" lon="-2.197524"><ele>1095.7</ele></trkpt>
    <trkpt lat="38.52121" lon="-2.197335"><ele>1097.1</ele></trkpt>
    <trkpt lat="38.521922" lon="-2.196747"><ele>1102.1</ele></trkpt>
    <trkpt lat="38.521992" lon="-2.196639"><ele>1102.7</ele></trkpt>
    <trkpt lat="38.52203" lon="-2.196519"><ele>1103.2</ele></trkpt>
    <trkpt lat="38.522051" lon="-2.196275"><ele>1104.2</ele></trkpt>
    <trkpt lat="38.521945" lon="-2.195708"><ele>1106.5</ele></trkpt>
    <trkpt lat="38.521847" lon="-2.195497"><ele>1107.4</ele></trkpt>
    <trkpt lat="38.521661" lon="-2.195254"><ele>1108.7</ele></trkpt>
    <trkpt lat="38.521564" lon="-2.195057"><ele>1109.6</ele></trkpt>
    <trkpt lat="38.5215" lon="-2.194738"><ele>1111</ele></trkpt>
    <trkpt lat="38.521399" lon="-2.19379"><ele>1115.4</ele></trkpt>
    <trkpt lat="38.521426" lon="-2.1934"><ele>1117.2</ele></trkpt>
    <trkpt lat="38.521783" lon="-2.191636"><ele>1123.9</ele></trkpt>
    <trkpt lat="38.521813" lon="-2.191278"><ele>1124.6</ele></trkpt>
    <trkpt lat="38.521801" lon="-2.191114"><ele>1124.8</ele></trkpt>
    <trkpt lat="38.521729" lon="-2.190875"><ele>1125</ele></trkpt>
    <trkpt lat="38.521329" lon="-2.19027"><ele>1124.7</ele></trkpt>
    <trkpt lat="38.521266" lon="-2.190142"><ele>1124.6</ele></trkpt>
    <trkpt lat="38.521188" lon="-2.189894"><ele>1124.3</ele></trkpt>
    <trkpt lat="38.521166" lon="-2.189637"><ele>1124</ele></trkpt>
    <trkpt lat="38.5212" lon="-2.189255"><ele>1123.4</ele></trkpt>
    <trkpt lat="38.521881" lon="-2.18501"><ele>1117.7</ele></trkpt>
    <trkpt lat="38.522004" lon="-2.184686"><ele>1117.2</ele></trkpt>
    <trkpt lat="38.522385" lon="-2.184026"><ele>1115.8</ele></trkpt>
    <trkpt lat="38.522512" lon="-2.183815"><ele>1115.2</ele></trkpt>
    <trkpt lat="38.522692" lon="-2.183441"><ele>1114.1</ele></trkpt>
    <trkpt lat="38.522743" lon="-2.183267"><ele>1113.6</ele></trkpt>
    <trkpt lat="38.52277" lon="-2.182913"><ele>1112.3</ele></trkpt>
    <trkpt lat="38.522742" lon="-2.182616"><ele>1111.1</ele></trkpt>
    <trkpt lat="38.52267" lon="-2.182357"><ele>1110</ele></trkpt>
    <trkpt lat="38.52227" lon="-2.181619"><ele>1106.2</ele></trkpt>
    <trkpt lat="38.522158" lon="-2.181294"><ele>1104.7</ele></trkpt>
    <trkpt lat="38.522124" lon="-2.181104"><ele>1103.8</ele></trkpt>
    <trkpt lat="38.522099" lon="-2.180719"><ele>1102.2</ele></trkpt>
    <trkpt lat="38.522116" lon="-2.180272"><ele>1100.4</ele></trkpt>
    <trkpt lat="38.522359" lon="-2.178595"><ele>1093.4</ele></trkpt>
    <trkpt lat="38.522331" lon="-2.178363"><ele>1092.2</ele></trkpt>
    <trkpt lat="38.52217" lon="-2.177919"><ele>1089.5</ele></trkpt>
    <trkpt lat="38.521944" lon="-2.177508"><ele>1086.4</ele></trkpt>
    <trkpt lat="38.52152" lon="-2.17701"><ele>1081.5</ele></trkpt>
    <trkpt lat="38.521404" lon="-2.176541"><ele>1078.7</ele></trkpt>
    <trkpt lat="38.521346" lon="-2.176459"><ele>1078.2</ele></trkpt>
    <trkpt lat="38.521259" lon="-2.176418"><ele>1077.6</ele></trkpt>
    <trkpt lat="38.521155" lon="-2.176429"><ele>1077.1</ele></trkpt>
    <trkpt lat="38.520774" lon="-2.176558"><ele>1075.5</ele></trkpt>
    <trkpt lat="38.520703" lon="-2.176593"><ele>1075.3</ele></trkpt>
    <trkpt lat="38.520483" lon="-2.176879"><ele>1074.7</ele></trkpt>
    <trkpt lat="38.520402" lon="-2.176905"><ele>1074.6</ele></trkpt>
    <trkpt lat="38.519875" lon="-2.176789"><ele>1074.5</ele></trkpt>
    <trkpt lat="38.519796" lon="-2.176751"><ele>1074.5</ele></trkpt>
    <trkpt lat="38.51974" lon="-2.17668"><ele>1074.6</ele></trkpt>
    <trkpt lat="38.519684" lon="-2.176284"><ele>1074.6</ele></trkpt>
    <trkpt lat="38.519526" lon="-2.175702"><ele>1074.5</ele></trkpt>
    <trkpt lat="38.519571" lon="-2.175501"><ele>1074.3</ele></trkpt>
    <trkpt lat="38.51965" lon="-2.175409"><ele>1074.2</ele></trkpt>
    <trkpt lat="38.519894" lon="-2.175213"><ele>1073.8</ele></trkpt>
    <trkpt lat="38.519967" lon="-2.175108"><ele>1073.7</ele></trkpt>
    <trkpt lat="38.520866" lon="-2.173693"><ele>1073.6</ele></trkpt>
    <trkpt lat="38.520936" lon="-2.17352"><ele>1073.8</ele></trkpt>
    <trkpt lat="38.520959" lon="-2.173395"><ele>1074</ele></trkpt>
    <trkpt lat="38.520909" lon="-2.173023"><ele>1074.2</ele></trkpt>
    <trkpt lat="38.52072" lon="-2.17232"><ele>1073.6</ele></trkpt>
    <trkpt lat="38.52075" lon="-2.172138"><ele>1073.3</ele></trkpt>
    <trkpt lat="38.521048" lon="-2.171683"><ele>1071.8</ele></trkpt>
    <trkpt lat="38.521115" lon="-2.171621"><ele>1071.4</ele></trkpt>
    <trkpt lat="38.521177" lon="-2.171584"><ele>1071.1</ele></trkpt>
    <trkpt lat="38.521501" lon="-2.171564"><ele>1069.6</ele></trkpt>
    <trkpt lat="38.521614" lon="-2.171533"><ele>1068.9</ele></trkpt>
    <trkpt lat="38.521799" lon="-2.171412"><ele>1067.8</ele></trkpt>
    <trkpt lat="38.522107" lon="-2.171043"><ele>1065.8</ele></trkpt>
    <trkpt lat="38.52248" lon="-2.17066"><ele>1063.9</ele></trkpt>
    <trkpt lat="38.522624" lon="-2.170451"><ele>1063</ele></trkpt>
    <trkpt lat="38.522676" lon="-2.170314"><ele>1062.4</ele></trkpt>
    <trkpt lat="38.522771" lon="-2.169891"><ele>1060.6</ele></trkpt>
    <trkpt lat="38.522983" lon="-2.168839"><ele>1054.9</ele></trkpt>
    <trkpt lat="38.523017" lon="-2.167271"><ele>1044.9</ele></trkpt>
    <trkpt lat="38.523089" lon="-2.166979"><ele>1042.9</ele></trkpt>
    <trkpt lat="38.523158" lon="-2.166869"><ele>1042</ele></trkpt>
    <trkpt lat="38.523372" lon="-2.166695"><ele>1039.9</ele></trkpt>
    <trkpt lat="38.523531" lon="-2.166661"><ele>1038.5</ele></trkpt>
    <trkpt lat="38.523754" lon="-2.16673"><ele>1036.6</ele></trkpt>
    <trkpt lat="38.524381" lon="-2.167126"><ele>1031.1</ele></trkpt>
    <trkpt lat="38.524503" lon="-2.167173"><ele>1030.2</ele></trkpt>
    <trkpt lat="38.524734" lon="-2.167206"><ele>1028.6</ele></trkpt>
    <trkpt lat="38.524887" lon="-2.167144"><ele>1027.5</ele></trkpt>
    <trkpt lat="38.524959" lon="-2.167079"><ele>1026.9</ele></trkpt>
    <trkpt lat="38.526055" lon="-2.165792"><ele>1018.8</ele></trkpt>
    <trkpt lat="38.526235" lon="-2.165538"><ele>1017.5</ele></trkpt>
    <trkpt lat="38.526271" lon="-2.165413"><ele>1017.1</ele></trkpt>
    <trkpt lat="38.526472" lon="-2.163475"><ele>1011.4</ele></trkpt>
    <trkpt lat="38.526537" lon="-2.163223"><ele>1010.9</ele></trkpt>
    <trkpt lat="38.526607" lon="-2.16307"><ele>1010.5</ele></trkpt>
    <trkpt lat="38.526694" lon="-2.162921"><ele>1010.2</ele></trkpt>
    <trkpt lat="38.527054" lon="-2.162469"><ele>1009.2</ele></trkpt>
    <trkpt lat="38.527619" lon="-2.162011"><ele>1008.2</ele></trkpt>
    <trkpt lat="38.52795" lon="-2.161694"><ele>1007.8</ele></trkpt>
    <trkpt lat="38.528114" lon="-2.161461"><ele>1007.7</ele></trkpt>
    <trkpt lat="38.528189" lon="-2.161217"><ele>1007.6</ele></trkpt>
    <trkpt lat="38.527909" lon="-2.15396"><ele>1010.1</ele></trkpt>
    <trkpt lat="38.527897" lon="-2.153591"><ele>1010.4</ele></trkpt>
    <trkpt lat="38.527895" lon="-2.153534"><ele>1010.4</ele></trkpt>
    <trkpt lat="38.527854" lon="-2.15231"><ele>1012.1</ele></trkpt>
    <trkpt lat="38.527823" lon="-2.152057"><ele>1012.6</ele></trkpt>
    <trkpt lat="38.527442" lon="-2.149894"><ele>1017.7</ele></trkpt>
    <trkpt lat="38.526886" lon="-2.148456"><ele>1021</ele></trkpt>
    <trkpt lat="38.526586" lon="-2.147513"><ele>1022.2</ele></trkpt>
    <trkpt lat="38.525837" lon="-2.14372"><ele>1024.5</ele></trkpt>
    <trkpt lat="38.525813" lon="-2.143557"><ele>1024.6</ele></trkpt>
    <trkpt lat="38.525822" lon="-2.143292"><ele>1024.7</ele></trkpt>
    <trkpt lat="38.525907" lon="-2.142975"><ele>1024.9</ele></trkpt>
    <trkpt lat="38.525959" lon="-2.142865"><ele>1025</ele></trkpt>
    <trkpt lat="38.526274" lon="-2.142403"><ele>1025.5</ele></trkpt>
    <trkpt lat="38.526297" lon="-2.142329"><ele>1025.6</ele></trkpt>
    <trkpt lat="38.526281" lon="-2.142126"><ele>1025.8</ele></trkpt>
    <trkpt lat="38.526143" lon="-2.141802"><ele>1026.2</ele></trkpt>
    <trkpt lat="38.526107" lon="-2.141651"><ele>1026.3</ele></trkpt>
    <trkpt lat="38.526122" lon="-2.140683"><ele>1027.1</ele></trkpt>
    <trkpt lat="38.526089" lon="-2.140594"><ele>1027.1</ele></trkpt>
    <trkpt lat="38.526029" lon="-2.140519"><ele>1027.1</ele></trkpt>
    <trkpt lat="38.525745" lon="-2.140336"><ele>1027.1</ele></trkpt>
    <trkpt lat="38.52567" lon="-2.140252"><ele>1027</ele></trkpt>
    <trkpt lat="38.524993" lon="-2.139324"><ele>1024.5</ele></trkpt>
    <trkpt lat="38.524884" lon="-2.139109"><ele>1023.6</ele></trkpt>
    <trkpt lat="38.524854" lon="-2.138968"><ele>1023</ele></trkpt>
    <trkpt lat="38.524843" lon="-2.13817"><ele>1019.4</ele></trkpt>
    <trkpt lat="38.52495" lon="-2.137496"><ele>1015.9</ele></trkpt>
    <trkpt lat="38.524924" lon="-2.137387"><ele>1015.4</ele></trkpt>
    <trkpt lat="38.524862" lon="-2.137296"><ele>1014.8</ele></trkpt>
    <trkpt lat="38.52463" lon="-2.13716"><ele>1013.5</ele></trkpt>
    <trkpt lat="38.524478" lon="-2.136965"><ele>1012.4</ele></trkpt>
    <trkpt lat="38.524399" lon="-2.136702"><ele>1011.5</ele></trkpt>
    <trkpt lat="38.524314" lon="-2.135714"><ele>1008.7</ele></trkpt>
    <trkpt lat="38.524278" lon="-2.135612"><ele>1008.4</ele></trkpt>
    <trkpt lat="38.524233" lon="-2.135534"><ele>1008.2</ele></trkpt>
    <trkpt lat="38.523755" lon="-2.135059"><ele>1006.5</ele></trkpt>
    <trkpt lat="38.52357" lon="-2.1348"><ele>1005.6</ele></trkpt>
    <trkpt lat="38.523212" lon="-2.134025"><ele>1003.3</ele></trkpt>
    <trkpt lat="38.522377" lon="-2.132366"><ele>999</ele></trkpt>
    <trkpt lat="38.522289" lon="-2.132149"><ele>998.5</ele></trkpt>
    <trkpt lat="38.521986" lon="-2.131192"><ele>996.2</ele></trkpt>
    <trkpt lat="38.521925" lon="-2.130846"><ele>995.1</ele></trkpt>
    <trkpt lat="38.522189" lon="-2.129601"><ele>991</ele></trkpt>
    <trkpt lat="38.522742" lon="-2.12757"><ele>986</ele></trkpt>
    <trkpt lat="38.522815" lon="-2.126706"><ele>985.3</ele></trkpt>
    <trkpt lat="38.522929" lon="-2.125845"><ele>985.5</ele></trkpt>
    <trkpt lat="38.523054" lon="-2.125428"><ele>985.8</ele></trkpt>
    <trkpt lat="38.523301" lon="-2.124844"><ele>986.7</ele></trkpt>
    <trkpt lat="38.52333" lon="-2.12467"><ele>987</ele></trkpt>
    <trkpt lat="38.523324" lon="-2.124432"><ele>987.5</ele></trkpt>
    <trkpt lat="38.52336" lon="-2.124192"><ele>988</ele></trkpt>
    <trkpt lat="38.52371" lon="-2.123651"><ele>989.6</ele></trkpt>
    <trkpt lat="38.523954" lon="-2.123006"><ele>990.9</ele></trkpt>
    <trkpt lat="38.523925" lon="-2.122817"><ele>991.1</ele></trkpt>
    <trkpt lat="38.523563" lon="-2.12238"><ele>991.9</ele></trkpt>
    <trkpt lat="38.523464" lon="-2.122209"><ele>992.2</ele></trkpt>
    <trkpt lat="38.523447" lon="-2.122124"><ele>992.2</ele></trkpt>
    <trkpt lat="38.52344" lon="-2.120903"><ele>994.3</ele></trkpt>
    <trkpt lat="38.523494" lon="-2.120701"><ele>994.9</ele></trkpt>
    <trkpt lat="38.523788" lon="-2.120055"><ele>997.4</ele></trkpt>
    <trkpt lat="38.52412" lon="-2.118626"><ele>1003.4</ele></trkpt>
    <trkpt lat="38.52414" lon="-2.118271"><ele>1004.7</ele></trkpt>
    <trkpt lat="38.524119" lon="-2.117926"><ele>1006.1</ele></trkpt>
    <trkpt lat="38.524143" lon="-2.117747"><ele>1006.8</ele></trkpt>
    <trkpt lat="38.524191" lon="-2.117684"><ele>1007.2</ele></trkpt>
    <trkpt lat="38.524523" lon="-2.117453"><ele>1009.3</ele></trkpt>
    <trkpt lat="38.524614" lon="-2.117371"><ele>1009.9</ele></trkpt>
    <trkpt lat="38.524676" lon="-2.117272"><ele>1010.6</ele></trkpt>
    <trkpt lat="38.524908" lon="-2.11676"><ele>1014</ele></trkpt>
    <trkpt lat="38.524995" lon="-2.116201"><ele>1017.9</ele></trkpt>
    <trkpt lat="38.525083" lon="-2.116115"><ele>1019</ele></trkpt>
    <trkpt lat="38.525237" lon="-2.116103"><ele>1020.4</ele></trkpt>
    <trkpt lat="38.525531" lon="-2.116267"><ele>1023.5</ele></trkpt>
    <trkpt lat="38.525868" lon="-2.116554"><ele>1027.3</ele></trkpt>
    <trkpt lat="38.526127" lon="-2.116883"><ele>1030.5</ele></trkpt>
    <trkpt lat="38.526296" lon="-2.117016"><ele>1032.1</ele></trkpt>
    <trkpt lat="38.526468" lon="-2.117023"><ele>1033.4</ele></trkpt>
    <trkpt lat="38.526599" lon="-2.116991"><ele>1034.3</ele></trkpt>
    <trkpt lat="38.52731" lon="-2.116706"><ele>1037.5</ele></trkpt>
    <trkpt lat="38.527434" lon="-2.116655"><ele>1037.7</ele></trkpt>
    <trkpt lat="38.527745" lon="-2.116525"><ele>1037.9</ele></trkpt>
    <trkpt lat="38.528832" lon="-2.116505"><ele>1034</ele></trkpt>
    <trkpt lat="38.529007" lon="-2.11637"><ele>1032.8</ele></trkpt>
    <trkpt lat="38.529282" lon="-2.116028"><ele>1031</ele></trkpt>
    <trkpt lat="38.529366" lon="-2.115961"><ele>1030.6</ele></trkpt>
    <trkpt lat="38.529822" lon="-2.115871"><ele>1029.1</ele></trkpt>
    <trkpt lat="38.530064" lon="-2.115782"><ele>1028.5</ele></trkpt>
    <trkpt lat="38.530173" lon="-2.11585"><ele>1028.2</ele></trkpt>
    <trkpt lat="38.530506" lon="-2.116466"><ele>1027.2</ele></trkpt>
    <trkpt lat="38.530557" lon="-2.116522"><ele>1027.1</ele></trkpt>
    <trkpt lat="38.530712" lon="-2.11654"><ele>1026.8</ele></trkpt>
    <trkpt lat="38.532048" lon="-2.11628"><ele>1022.2</ele></trkpt>
    <trkpt lat="38.532592" lon="-2.116116"><ele>1019.5</ele></trkpt>
    <trkpt lat="38.53278" lon="-2.116016"><ele>1018.4</ele></trkpt>
    <trkpt lat="38.532833" lon="-2.115935"><ele>1017.9</ele></trkpt>
    <trkpt lat="38.532853" lon="-2.115744"><ele>1017.1</ele></trkpt>
    <trkpt lat="38.532384" lon="-2.11461"><ele>1010.8</ele></trkpt>
    <trkpt lat="38.532351" lon="-2.114485"><ele>1010.1</ele></trkpt>
    <trkpt lat="38.532289" lon="-2.113768"><ele>1006.3</ele></trkpt>
    <trkpt lat="38.532306" lon="-2.113581"><ele>1005.3</ele></trkpt>
    <trkpt lat="38.532542" lon="-2.112211"><ele>998.3</ele></trkpt>
    <trkpt lat="38.532734" lon="-2.111272"><ele>993.6</ele></trkpt>
    <trkpt lat="38.533384" lon="-2.10938"><ele>984.9</ele></trkpt>
    <trkpt lat="38.53348" lon="-2.1092"><ele>984.1</ele></trkpt>
    <trkpt lat="38.535976" lon="-2.105345"><ele>973.5</ele></trkpt>
    <trkpt lat="38.536076" lon="-2.105236"><ele>973.3</ele></trkpt>
    <trkpt lat="38.536316" lon="-2.105101"><ele>973.1</ele></trkpt>
    <trkpt lat="38.537171" lon="-2.104751"><ele>974.3</ele></trkpt>
    <trkpt lat="38.537806" lon="-2.104754"><ele>976.6</ele></trkpt>
    <trkpt lat="38.537892" lon="-2.10472"><ele>977.1</ele></trkpt>
    <trkpt lat="38.538013" lon="-2.104717"><ele>977.7</ele></trkpt>
    <trkpt lat="38.538057" lon="-2.10476"><ele>978</ele></trkpt>
    <trkpt lat="38.538029" lon="-2.105657"><ele>982</ele></trkpt>
    <trkpt lat="38.538116" lon="-2.106268"><ele>983.7</ele></trkpt>
    <trkpt lat="38.538162" lon="-2.106509"><ele>984.1</ele></trkpt>
    <trkpt lat="38.538844" lon="-2.109058"><ele>979.2</ele></trkpt>
    <trkpt lat="38.539079" lon="-2.110076"><ele>974.2</ele></trkpt>
    <trkpt lat="38.539529" lon="-2.112876"><ele>955.7</ele></trkpt>
    <trkpt lat="38.539529" lon="-2.113042"><ele>954.5</ele></trkpt>
    <trkpt lat="38.539436" lon="-2.11384"><ele>948.2</ele></trkpt>
    <trkpt lat="38.539419" lon="-2.114149"><ele>945.8</ele></trkpt>
    <trkpt lat="38.539562" lon="-2.115026"><ele>938.8</ele></trkpt>
    <trkpt lat="38.539628" lon="-2.115185"><ele>937.5</ele></trkpt>
    <trkpt lat="38.539752" lon="-2.115376"><ele>935.8</ele></trkpt>
    <trkpt lat="38.539935" lon="-2.115585"><ele>933.8</ele></trkpt>
    <trkpt lat="38.540044" lon="-2.115662"><ele>932.9</ele></trkpt>
    <trkpt lat="38.540319" lon="-2.115744"><ele>931</ele></trkpt>
    <trkpt lat="38.541578" lon="-2.11581"><ele>925</ele></trkpt>
    <trkpt lat="38.541747" lon="-2.115765"><ele>924.4</ele></trkpt>
    <trkpt lat="38.541968" lon="-2.115616"><ele>923.6</ele></trkpt>
    <trkpt lat="38.542047" lon="-2.115519"><ele>923.2</ele></trkpt>
    <trkpt lat="38.54211" lon="-2.115382"><ele>922.8</ele></trkpt>
    <trkpt lat="38.542175" lon="-2.115128"><ele>922.2</ele></trkpt>
    <trkpt lat="38.542469" lon="-2.113445"><ele>918.1</ele></trkpt>
    <trkpt lat="38.542562" lon="-2.113082"><ele>916.7</ele></trkpt>
    <trkpt lat="38.542679" lon="-2.112846"><ele>915.6</ele></trkpt>
    <trkpt lat="38.542967" lon="-2.112574"><ele>913.4</ele></trkpt>
    <trkpt lat="38.545133" lon="-2.110783"><ele>891.5</ele></trkpt>
    <trkpt lat="38.545348" lon="-2.110662"><ele>889</ele></trkpt>
    <trkpt lat="38.545488" lon="-2.110642"><ele>887.5</ele></trkpt>
    <trkpt lat="38.545724" lon="-2.110662"><ele>884.8</ele></trkpt>
    <trkpt lat="38.545843" lon="-2.110725"><ele>883.3</ele></trkpt>
    <trkpt lat="38.546046" lon="-2.110926"><ele>880.4</ele></trkpt>
    <trkpt lat="38.546181" lon="-2.111199"><ele>877.6</ele></trkpt>
    <trkpt lat="38.546229" lon="-2.111409"><ele>875.8</ele></trkpt>
    <trkpt lat="38.546231" lon="-2.111722"><ele>873.5</ele></trkpt>
    <trkpt lat="38.546138" lon="-2.112032"><ele>871.3</ele></trkpt>
    <trkpt lat="38.546035" lon="-2.11216"><ele>870.2</ele></trkpt>
    <trkpt lat="38.545613" lon="-2.112566"><ele>867.4</ele></trkpt>
    <trkpt lat="38.545501" lon="-2.112642"><ele>866.9</ele></trkpt>
    <trkpt lat="38.545064" lon="-2.112782"><ele>865.6</ele></trkpt>
    <trkpt lat="38.544829" lon="-2.112892"><ele>864.8</ele></trkpt>
    <trkpt lat="38.544728" lon="-2.112989"><ele>864.3</ele></trkpt>
    <trkpt lat="38.544645" lon="-2.113116"><ele>863.8</ele></trkpt>
    <trkpt lat="38.544583" lon="-2.113242"><ele>863.3</ele></trkpt>
    <trkpt lat="38.544549" lon="-2.113382"><ele>862.8</ele></trkpt>
    <trkpt lat="38.544527" lon="-2.113594"><ele>861.8</ele></trkpt>
    <trkpt lat="38.544512" lon="-2.114992"><ele>850.9</ele></trkpt>
    <trkpt lat="38.544546" lon="-2.115409"><ele>846.3</ele></trkpt>
    <trkpt lat="38.544862" lon="-2.116229"><ele>835.9</ele></trkpt>
    <trkpt lat="38.544946" lon="-2.116571"><ele>831.8</ele></trkpt>
    <trkpt lat="38.544972" lon="-2.116782"><ele>829.4</ele></trkpt>
    <trkpt lat="38.544946" lon="-2.118559"><ele>812</ele></trkpt>
    <trkpt lat="38.544927" lon="-2.118705"><ele>810.5</ele></trkpt>
    <trkpt lat="38.544809" lon="-2.118951"><ele>807.5</ele></trkpt>
    <trkpt lat="38.54446" lon="-2.119272"><ele>801.8</ele></trkpt>
    <trkpt lat="38.544405" lon="-2.119349"><ele>800.7</ele></trkpt>
    <trkpt lat="38.544383" lon="-2.119459"><ele>799.5</ele></trkpt>
    <trkpt lat="38.544392" lon="-2.119569"><ele>798.4</ele></trkpt>
    <trkpt lat="38.544415" lon="-2.11967"><ele>797.2</ele></trkpt>
    <trkpt lat="38.545273" lon="-2.121439"><ele>781.9</ele></trkpt>
    <trkpt lat="38.545399" lon="-2.121599"><ele>781.8</ele></trkpt>
    <trkpt lat="38.545503" lon="-2.121679"><ele>781.8</ele></trkpt>
    <trkpt lat="38.545713" lon="-2.121739"><ele>781.9</ele></trkpt>
    <trkpt lat="38.545876" lon="-2.121696"><ele>781.9</ele></trkpt>
    <trkpt lat="38.546003" lon="-2.121615"><ele>782</ele></trkpt>
    <trkpt lat="38.546296" lon="-2.121215"><ele>782.4</ele></trkpt>
    <trkpt lat="38.546409" lon="-2.121109"><ele>782.6</ele></trkpt>
    <trkpt lat="38.546766" lon="-2.120876"><ele>782.9</ele></trkpt>
    <trkpt lat="38.546898" lon="-2.120759"><ele>783</ele></trkpt>
    <trkpt lat="38.547019" lon="-2.120556"><ele>783.3</ele></trkpt>
    <trkpt lat="38.547088" lon="-2.120356"><ele>783.5</ele></trkpt>
    <trkpt lat="38.547116" lon="-2.120162"><ele>783.5</ele></trkpt>
    <trkpt lat="38.547088" lon="-2.119904"><ele>783.6</ele></trkpt>
    <trkpt lat="38.546929" lon="-2.119209"><ele>784.5</ele></trkpt>
    <trkpt lat="38.546881" lon="-2.118895"><ele>784.6</ele></trkpt>
    <trkpt lat="38.546846" lon="-2.118309"><ele>783.5</ele></trkpt>
    <trkpt lat="38.546895" lon="-2.117909"><ele>781.1</ele></trkpt>
    <trkpt lat="38.547272" lon="-2.11668"><ele>770</ele></trkpt>
    <trkpt lat="38.547433" lon="-2.115832"><ele>765</ele></trkpt>
    <trkpt lat="38.54771" lon="-2.115196"><ele>763.7</ele></trkpt>
    <trkpt lat="38.548002" lon="-2.114246"><ele>764.6</ele></trkpt>
    <trkpt lat="38.548079" lon="-2.113726"><ele>765.5</ele></trkpt>
    <trkpt lat="38.548074" lon="-2.112946"><ele>765.5</ele></trkpt>
    <trkpt lat="38.548096" lon="-2.11273"><ele>764.7</ele></trkpt>
    <trkpt lat="38.548203" lon="-2.112184"><ele>759.9</ele></trkpt>
    <trkpt lat="38.548281" lon="-2.112002"><ele>758.3</ele></trkpt>
    <trkpt lat="38.548444" lon="-2.111819"><ele>756.5</ele></trkpt>
    <trkpt lat="38.548575" lon="-2.111806"><ele>755.4</ele></trkpt>
    <trkpt lat="38.548712" lon="-2.111849"><ele>754.4</ele></trkpt>
    <trkpt lat="38.548807" lon="-2.111926"><ele>753.4</ele></trkpt>
    <trkpt lat="38.548882" lon="-2.112065"><ele>752.5</ele></trkpt>
    <trkpt lat="38.548896" lon="-2.112292"><ele>751.2</ele></trkpt>
    <trkpt lat="38.548879" lon="-2.112442"><ele>750.3</ele></trkpt>
    <trkpt lat="38.548814" lon="-2.112559"><ele>749.6</ele></trkpt>
    <trkpt lat="38.548473" lon="-2.112836"><ele>746.9</ele></trkpt>
    <trkpt lat="38.548382" lon="-2.112939"><ele>746.3</ele></trkpt>
    <trkpt lat="38.548324" lon="-2.113072"><ele>746.3</ele></trkpt>
    <trkpt lat="38.548301" lon="-2.114322"><ele>745.1</ele></trkpt>
    <trkpt lat="38.548276" lon="-2.114576"><ele>743.7</ele></trkpt>
    <trkpt lat="38.548074" lon="-2.115591"><ele>737.7</ele></trkpt>
    <trkpt lat="38.548053" lon="-2.115722"><ele>736.9</ele></trkpt>
    <trkpt lat="38.548029" lon="-2.115959"><ele>735.6</ele></trkpt>
    <trkpt lat="38.548029" lon="-2.116726"><ele>730.8</ele></trkpt>
    <trkpt lat="38.548079" lon="-2.117409"><ele>726.2</ele></trkpt>
    <trkpt lat="38.548375" lon="-2.118596"><ele>713.9</ele></trkpt>
    <trkpt lat="38.548449" lon="-2.118716"><ele>712.2</ele></trkpt>
    <trkpt lat="38.548594" lon="-2.118856"><ele>709.7</ele></trkpt>
    <trkpt lat="38.548836" lon="-2.118918"><ele>706.4</ele></trkpt>
    <trkpt lat="38.549043" lon="-2.118809"><ele>703.7</ele></trkpt>
    <trkpt lat="38.549113" lon="-2.118731"><ele>702.7</ele></trkpt>
    <trkpt lat="38.549204" lon="-2.118535"><ele>700.9</ele></trkpt>
    <trkpt lat="38.549427" lon="-2.117681"><ele>695.1</ele></trkpt>
    <trkpt lat="38.549439" lon="-2.117632"><ele>695</ele></trkpt>
    <trkpt lat="38.549501" lon="-2.117403"><ele>694.6</ele></trkpt>
    <trkpt lat="38.549626" lon="-2.116915"><ele>694.2</ele></trkpt>
    <trkpt lat="38.549698" lon="-2.11654"><ele>694.1</ele></trkpt>
    <trkpt lat="38.549712" lon="-2.116159"><ele>694.2</ele></trkpt>
    <trkpt lat="38.549696" lon="-2.116009"><ele>694.2</ele></trkpt>
    <trkpt lat="38.549607" lon="-2.115616"><ele>693.8</ele></trkpt>
    <trkpt lat="38.549296" lon="-2.114859"><ele>691.6</ele></trkpt>
    <trkpt lat="38.549275" lon="-2.114555"><ele>690</ele></trkpt>
    <trkpt lat="38.54927" lon="-2.114456"><ele>689.4</ele></trkpt>
    <trkpt lat="38.549265" lon="-2.114296"><ele>688.3</ele></trkpt>
    <trkpt lat="38.549276" lon="-2.114153"><ele>687.2</ele></trkpt>
    <trkpt lat="38.549338" lon="-2.113997"><ele>685.8</ele></trkpt>
    <trkpt lat="38.550105" lon="-2.113341"><ele>676.5</ele></trkpt>
    <trkpt lat="38.550173" lon="-2.113263"><ele>675.6</ele></trkpt>
    <trkpt lat="38.550246" lon="-2.113009"><ele>673.8</ele></trkpt>
    <trkpt lat="38.550229" lon="-2.112676"><ele>672.1</ele></trkpt>
    <trkpt lat="38.549912" lon="-2.111676"><ele>669.3</ele></trkpt>
    <trkpt lat="38.549872" lon="-2.111396"><ele>668.5</ele></trkpt>
    <trkpt lat="38.54991" lon="-2.111103"><ele>667.6</ele></trkpt>
    <trkpt lat="38.550099" lon="-2.110506"><ele>665.1</ele></trkpt>
    <trkpt lat="38.550116" lon="-2.110352"><ele>664.4</ele></trkpt>
    <trkpt lat="38.550046" lon="-2.109326"><ele>659.7</ele></trkpt>
    <trkpt lat="38.550031" lon="-2.108442"><ele>656.5</ele></trkpt>
    <trkpt lat="38.550077" lon="-2.108232"><ele>656.1</ele></trkpt>
    <trkpt lat="38.550204" lon="-2.107919"><ele>655.9</ele></trkpt>
    <trkpt lat="38.55032" lon="-2.107796"><ele>656</ele></trkpt>
    <trkpt lat="38.550537" lon="-2.107642"><ele>656.2</ele></trkpt>
    <trkpt lat="38.551027" lon="-2.107456"><ele>656.5</ele></trkpt>
    <trkpt lat="38.55119" lon="-2.107328"><ele>656.4</ele></trkpt>
    <trkpt lat="38.551363" lon="-2.107133"><ele>656.2</ele></trkpt>
    <trkpt lat="38.551493" lon="-2.106856"><ele>656</ele></trkpt>
    <trkpt lat="38.551546" lon="-2.106609"><ele>655.8</ele></trkpt>
    <trkpt lat="38.551539" lon="-2.105989"><ele>654.8</ele></trkpt>
    <trkpt lat="38.551605" lon="-2.105699"><ele>654.2</ele></trkpt>
    <trkpt lat="38.551654" lon="-2.105536"><ele>653.9</ele></trkpt>
    <trkpt lat="38.551867" lon="-2.105199"><ele>653</ele></trkpt>
    <trkpt lat="38.55192" lon="-2.105059"><ele>652.7</ele></trkpt>
    <trkpt lat="38.551912" lon="-2.104409"><ele>651.5</ele></trkpt>
    <trkpt lat="38.552011" lon="-2.104036"><ele>650.4</ele></trkpt>
    <trkpt lat="38.551996" lon="-2.103742"><ele>649.2</ele></trkpt>
    <trkpt lat="38.551712" lon="-2.103126"><ele>645.6</ele></trkpt>
    <trkpt lat="38.551612" lon="-2.102842"><ele>643.7</ele></trkpt>
    <trkpt lat="38.551537" lon="-2.102002"><ele>639.4</ele></trkpt>
    <trkpt lat="38.551439" lon="-2.101672"><ele>637.9</ele></trkpt>
    <trkpt lat="38.550888" lon="-2.10012"><ele>634</ele></trkpt>
    <trkpt lat="38.550749" lon="-2.09948"><ele>633.5</ele></trkpt>
    <trkpt lat="38.550743" lon="-2.099176"><ele>633.6</ele></trkpt>
    <trkpt lat="38.550773" lon="-2.098746"><ele>634.3</ele></trkpt>
    <trkpt lat="38.550831" lon="-2.09831"><ele>635.5</ele></trkpt>
    <trkpt lat="38.550894" lon="-2.098066"><ele>636.4</ele></trkpt>
    <trkpt lat="38.550997" lon="-2.097843"><ele>637.5</ele></trkpt>
    <trkpt lat="38.551081" lon="-2.097713"><ele>638.2</ele></trkpt>
    <trkpt lat="38.55125" lon="-2.097539"><ele>639.6</ele></trkpt>
    <trkpt lat="38.552062" lon="-2.096892"><ele>644.8</ele></trkpt>
    <trkpt lat="38.552179" lon="-2.096726"><ele>645.2</ele></trkpt>
    <trkpt lat="38.552268" lon="-2.096496"><ele>645.4</ele></trkpt>
    <trkpt lat="38.552375" lon="-2.096077"><ele>645</ele></trkpt>
    <trkpt lat="38.552394" lon="-2.095853"><ele>644.6</ele></trkpt>
    <trkpt lat="38.552379" lon="-2.095509"><ele>643.5</ele></trkpt>
    <trkpt lat="38.552212" lon="-2.094976"><ele>641.2</ele></trkpt>
    <trkpt lat="38.552037" lon="-2.094616"><ele>639.6</ele></trkpt>
    <trkpt lat="38.551853" lon="-2.094487"><ele>638.8</ele></trkpt>
    <trkpt lat="38.551554" lon="-2.094339"><ele>637.9</ele></trkpt>
    <trkpt lat="38.55146" lon="-2.09423"><ele>637.7</ele></trkpt>
    <trkpt lat="38.551314" lon="-2.093966"><ele>637.7</ele></trkpt>
    <trkpt lat="38.551265" lon="-2.093803"><ele>637.7</ele></trkpt>
    <trkpt lat="38.55124" lon="-2.0936"><ele>637.7</ele></trkpt>
    <trkpt lat="38.551231" lon="-2.091889"><ele>639.3</ele></trkpt>
    <trkpt lat="38.551279" lon="-2.090892"><ele>638.9</ele></trkpt>
    <trkpt lat="38.551157" lon="-2.089729"><ele>637.2</ele></trkpt>
    <trkpt lat="38.551096" lon="-2.089485"><ele>636.9</ele></trkpt>
    <trkpt lat="38.550708" lon="-2.088516"><ele>636.2</ele></trkpt>
    <trkpt lat="38.550515" lon="-2.087734"><ele>636.6</ele></trkpt>
    <trkpt lat="38.550399" lon="-2.086937"><ele>637.1</ele></trkpt>
    <trkpt lat="38.550362" lon="-2.086409"><ele>637.3</ele></trkpt>
    <trkpt lat="38.550392" lon="-2.086002"><ele>637.1</ele></trkpt>
    <trkpt lat="38.551098" lon="-2.084328"><ele>633.9</ele></trkpt>
    <trkpt lat="38.55137" lon="-2.083795"><ele>634</ele></trkpt>
    <trkpt lat="38.55154" lon="-2.083676"><ele>634.3</ele></trkpt>
    <trkpt lat="38.551786" lon="-2.083676"><ele>634.9</ele></trkpt>
    <trkpt lat="38.55259" lon="-2.083845"><ele>637.9</ele></trkpt>
    <trkpt lat="38.552784" lon="-2.083849"><ele>638.5</ele></trkpt>
    <trkpt lat="38.553006" lon="-2.08381"><ele>639</ele></trkpt>
    <trkpt lat="38.553184" lon="-2.083722"><ele>639.1</ele></trkpt>
    <trkpt lat="38.553501" lon="-2.083485"><ele>638.4</ele></trkpt>
    <trkpt lat="38.553649" lon="-2.083238"><ele>637.8</ele></trkpt>
    <trkpt lat="38.553684" lon="-2.083099"><ele>637.5</ele></trkpt>
    <trkpt lat="38.55369" lon="-2.082944"><ele>637.2</ele></trkpt>
    <trkpt lat="38.553646" lon="-2.082776"><ele>636.7</ele></trkpt>
    <trkpt lat="38.553429" lon="-2.082426"><ele>635.4</ele></trkpt>
    <trkpt lat="38.553089" lon="-2.081851"><ele>633.3</ele></trkpt>
    <trkpt lat="38.552084" lon="-2.080749"><ele>632.7</ele></trkpt>
    <trkpt lat="38.552045" lon="-2.080626"><ele>632.9</ele></trkpt>
    <trkpt lat="38.552042" lon="-2.080504"><ele>633.1</ele></trkpt>
    <trkpt lat="38.552067" lon="-2.080389"><ele>633.3</ele></trkpt>
    <trkpt lat="38.552249" lon="-2.080092"><ele>634.1</ele></trkpt>
    <trkpt lat="38.552426" lon="-2.079875"><ele>635.1</ele></trkpt>
    <trkpt lat="38.553282" lon="-2.079064"><ele>640.5</ele></trkpt>
    <trkpt lat="38.553408" lon="-2.078954"><ele>641.1</ele></trkpt>
    <trkpt lat="38.553542" lon="-2.078885"><ele>641.7</ele></trkpt>
    <trkpt lat="38.553934" lon="-2.078762"><ele>643.3</ele></trkpt>
    <trkpt lat="38.554113" lon="-2.07865"><ele>644</ele></trkpt>
    <trkpt lat="38.554454" lon="-2.078078"><ele>646.8</ele></trkpt>
    <trkpt lat="38.554648" lon="-2.07782"><ele>648.5</ele></trkpt>
    <trkpt lat="38.554871" lon="-2.077656"><ele>650</ele></trkpt>
    <trkpt lat="38.55518" lon="-2.077503"><ele>652.2</ele></trkpt>
    <trkpt lat="38.555282" lon="-2.077405"><ele>653.1</ele></trkpt>
    <trkpt lat="38.555543" lon="-2.076948"><ele>656.4</ele></trkpt>
    <trkpt lat="38.55564" lon="-2.076714"><ele>658.1</ele></trkpt>
    <trkpt lat="38.555709" lon="-2.076432"><ele>660.1</ele></trkpt>
    <trkpt lat="38.555796" lon="-2.075709"><ele>665.2</ele></trkpt>
    <trkpt lat="38.555843" lon="-2.074665"><ele>671.4</ele></trkpt>
    <trkpt lat="38.555817" lon="-2.074469"><ele>672.7</ele></trkpt>
    <trkpt lat="38.555798" lon="-2.074415"><ele>673.1</ele></trkpt>
    <trkpt lat="38.555746" lon="-2.074293"><ele>674</ele></trkpt>
    <trkpt lat="38.555504" lon="-2.07398"><ele>676.7</ele></trkpt>
    <trkpt lat="38.555447" lon="-2.07385"><ele>677.6</ele></trkpt>
    <trkpt lat="38.555429" lon="-2.073676"><ele>678.4</ele></trkpt>
    <trkpt lat="38.555479" lon="-2.073292"><ele>679.8</ele></trkpt>
    <trkpt lat="38.555479" lon="-2.073142"><ele>680.2</ele></trkpt>
    <trkpt lat="38.555446" lon="-2.072926"><ele>680.5</ele></trkpt>
    <trkpt lat="38.555388" lon="-2.072737"><ele>681</ele></trkpt>
    <trkpt lat="38.555297" lon="-2.072589"><ele>681.7</ele></trkpt>
    <trkpt lat="38.554926" lon="-2.072283"><ele>684.3</ele></trkpt>
    <trkpt lat="38.554803" lon="-2.072182"><ele>685.3</ele></trkpt>
    <trkpt lat="38.554706" lon="-2.072108"><ele>686.2</ele></trkpt>
    <trkpt lat="38.554684" lon="-2.07206"><ele>686.6</ele></trkpt>
    <trkpt lat="38.554676" lon="-2.072023"><ele>686.8</ele></trkpt>
    <trkpt lat="38.55467" lon="-2.071971"><ele>687.1</ele></trkpt>
    <trkpt lat="38.554653" lon="-2.071915"><ele>687.5</ele></trkpt>
    <trkpt lat="38.554629" lon="-2.071881"><ele>687.8</ele></trkpt>
    <trkpt lat="38.554475" lon="-2.071799"><ele>688.7</ele></trkpt>
    <trkpt lat="38.554368" lon="-2.071794"><ele>689.1</ele></trkpt>
    <trkpt lat="38.554191" lon="-2.071683"><ele>689.8</ele></trkpt>
    <trkpt lat="38.554095" lon="-2.071625"><ele>690</ele></trkpt>
    <trkpt lat="38.553996" lon="-2.071453"><ele>690.6</ele></trkpt>
    <trkpt lat="38.553964" lon="-2.071375"><ele>690.9</ele></trkpt>
    <trkpt lat="38.553906" lon="-2.07129"><ele>691.3</ele></trkpt>
    <trkpt lat="38.553756" lon="-2.071196"><ele>692.4</ele></trkpt>
    <trkpt lat="38.553601" lon="-2.071149"><ele>693.5</ele></trkpt>
    <trkpt lat="38.553346" lon="-2.071055"><ele>695.4</ele></trkpt>
    <trkpt lat="38.553212" lon="-2.071006"><ele>696.4</ele></trkpt>
    <trkpt lat="38.553131" lon="-2.070928"><ele>697.2</ele></trkpt>
    <trkpt lat="38.553142" lon="-2.070845"><ele>697.7</ele></trkpt>
    <trkpt lat="38.553195" lon="-2.07082"><ele>698</ele></trkpt>
    <trkpt lat="38.553538" lon="-2.070995"><ele>700</ele></trkpt>
    <trkpt lat="38.554111" lon="-2.071101"><ele>704.1</ele></trkpt>
    <trkpt lat="38.554335" lon="-2.071225"><ele>706.4</ele></trkpt>
    <trkpt lat="38.554407" lon="-2.071207"><ele>707</ele></trkpt>
    <trkpt lat="38.554429" lon="-2.071176"><ele>707.3</ele></trkpt>
    <trkpt lat="38.554429" lon="-2.071092"><ele>707.9</ele></trkpt>
    <trkpt lat="38.55438" lon="-2.071033"><ele>708.3</ele></trkpt>
    <trkpt lat="38.553969" lon="-2.070914"><ele>711.2</ele></trkpt>
    <trkpt lat="38.553794" lon="-2.070779"><ele>710.8</ele></trkpt>
    <trkpt lat="38.553392" lon="-2.070645"><ele>709.4</ele></trkpt>
    <trkpt lat="38.553246" lon="-2.070409"><ele>708.8</ele></trkpt>
    <trkpt lat="38.553207" lon="-2.070378"><ele>708.9</ele></trkpt>
    <trkpt lat="38.553" lon="-2.070397"><ele>709.1</ele></trkpt>
    <trkpt lat="38.552926" lon="-2.070418"><ele>709.4</ele></trkpt>
    <trkpt lat="38.552849" lon="-2.070424"><ele>709.7</ele></trkpt>
    <trkpt lat="38.552811" lon="-2.070411"><ele>709.9</ele></trkpt>
    <trkpt lat="38.552762" lon="-2.070376"><ele>710.3</ele></trkpt>
    <trkpt lat="38.552687" lon="-2.070284"><ele>710.8</ele></trkpt>
    <trkpt lat="38.552644" lon="-2.07019"><ele>711.3</ele></trkpt>
    <trkpt lat="38.552622" lon="-2.070124"><ele>711.6</ele></trkpt>
    <trkpt lat="38.5526" lon="-2.069983"><ele>712.4</ele></trkpt>
    <trkpt lat="38.55262" lon="-2.069922"><ele>712.7</ele></trkpt>
    <trkpt lat="38.552656" lon="-2.069893"><ele>713.1</ele></trkpt>
    <trkpt lat="38.552736" lon="-2.069897"><ele>713.5</ele></trkpt>
    <trkpt lat="38.553169" lon="-2.070219"><ele>717.1</ele></trkpt>
    <trkpt lat="38.553507" lon="-2.070267"><ele>721.2</ele></trkpt>
    <trkpt lat="38.554018" lon="-2.070492"><ele>727.1</ele></trkpt>
    <trkpt lat="38.554338" lon="-2.070552"><ele>730.2</ele></trkpt>
    <trkpt lat="38.554696" lon="-2.070709"><ele>733.9</ele></trkpt>
    <trkpt lat="38.554968" lon="-2.070921"><ele>737.5</ele></trkpt>
    <trkpt lat="38.555107" lon="-2.070924"><ele>739.2</ele></trkpt>
    <trkpt lat="38.555296" lon="-2.070817"><ele>741.8</ele></trkpt>
    <trkpt lat="38.555417" lon="-2.0708"><ele>743.4</ele></trkpt>
    <trkpt lat="38.555641" lon="-2.070921"><ele>746.6</ele></trkpt>
    <trkpt lat="38.555738" lon="-2.070921"><ele>747.9</ele></trkpt>
    <trkpt lat="38.556111" lon="-2.07074"><ele>753.1</ele></trkpt>
    <trkpt lat="38.556203" lon="-2.070755"><ele>754.2</ele></trkpt>
    <trkpt lat="38.556763" lon="-2.071154"><ele>759.9</ele></trkpt>
    <trkpt lat="38.556934" lon="-2.071445"><ele>761.6</ele></trkpt>
    <trkpt lat="38.556995" lon="-2.071488"><ele>762</ele></trkpt>
    <trkpt lat="38.557055" lon="-2.071478"><ele>762.3</ele></trkpt>
    <trkpt lat="38.557095" lon="-2.071427"><ele>762.6</ele></trkpt>
    <trkpt lat="38.557112" lon="-2.071356"><ele>763</ele></trkpt>
    <trkpt lat="38.557093" lon="-2.071267"><ele>763.4</ele></trkpt>
    <trkpt lat="38.556697" lon="-2.070858"><ele>766.6</ele></trkpt>
    <trkpt lat="38.55654" lon="-2.070785"><ele>767.6</ele></trkpt>
    <trkpt lat="38.556512" lon="-2.070709"><ele>768</ele></trkpt>
    <trkpt lat="38.556546" lon="-2.070626"><ele>768.4</ele></trkpt>
    <trkpt lat="38.556612" lon="-2.070592"><ele>768.8</ele></trkpt>
    <trkpt lat="38.556679" lon="-2.070626"><ele>769.2</ele></trkpt>
    <trkpt lat="38.556996" lon="-2.071009"><ele>771.5</ele></trkpt>
    <trkpt lat="38.557" lon="-2.071012"><ele>771.5</ele></trkpt>
    <trkpt lat="38.557112" lon="-2.071109"><ele>772.2</ele></trkpt>
    <trkpt lat="38.557215" lon="-2.071269"><ele>773</ele></trkpt>
    <trkpt lat="38.557362" lon="-2.071676"><ele>774.9</ele></trkpt>
    <trkpt lat="38.557844" lon="-2.072529"><ele>779.7</ele></trkpt>
    <trkpt lat="38.557992" lon="-2.072854"><ele>781.4</ele></trkpt>
    <trkpt lat="38.558166" lon="-2.073446"><ele>785.2</ele></trkpt>
    <trkpt lat="38.558212" lon="-2.073676"><ele>787.1</ele></trkpt>
    <trkpt lat="38.558216" lon="-2.074031"><ele>790.5</ele></trkpt>
    <trkpt lat="38.558293" lon="-2.074518"><ele>795.7</ele></trkpt>
    <trkpt lat="38.558329" lon="-2.074659"><ele>797.4</ele></trkpt>
    <trkpt lat="38.558379" lon="-2.074742"><ele>798.5</ele></trkpt>
    <trkpt lat="38.558447" lon="-2.074774"><ele>799.6</ele></trkpt>
    <trkpt lat="38.558677" lon="-2.074791"><ele>803</ele></trkpt>
    <trkpt lat="38.558767" lon="-2.074758"><ele>804.5</ele></trkpt>
    <trkpt lat="38.559067" lon="-2.074443"><ele>810.7</ele></trkpt>
    <trkpt lat="38.559306" lon="-2.074019"><ele>816.3</ele></trkpt>
    <trkpt lat="38.559486" lon="-2.07386"><ele>818.6</ele></trkpt>
    <trkpt lat="38.559678" lon="-2.073723"><ele>820.5</ele></trkpt>
    <trkpt lat="38.559886" lon="-2.073472"><ele>822.1</ele></trkpt>
    <trkpt lat="38.559984" lon="-2.0734"><ele>822.6</ele></trkpt>
    <trkpt lat="38.560869" lon="-2.073363"><ele>823.9</ele></trkpt>
    <trkpt lat="38.561096" lon="-2.07329"><ele>824.1</ele></trkpt>
    <trkpt lat="38.561552" lon="-2.073231"><ele>825.2</ele></trkpt>
    <trkpt lat="38.561668" lon="-2.073184"><ele>825.6</ele></trkpt>
    <trkpt lat="38.561768" lon="-2.073092"><ele>826.1</ele></trkpt>
    <trkpt lat="38.561829" lon="-2.073011"><ele>826.4</ele></trkpt>
    <trkpt lat="38.561865" lon="-2.072867"><ele>826.9</ele></trkpt>
    <trkpt lat="38.561905" lon="-2.072352"><ele>828.9</ele></trkpt>
    <trkpt lat="38.561947" lon="-2.072133"><ele>829.8</ele></trkpt>
    <trkpt lat="38.562633" lon="-2.070644"><ele>834.9</ele></trkpt>
    <trkpt lat="38.56274" lon="-2.070586"><ele>835</ele></trkpt>
    <trkpt lat="38.562842" lon="-2.070603"><ele>835</ele></trkpt>
    <trkpt lat="38.563098" lon="-2.070852"><ele>835</ele></trkpt>
    <trkpt lat="38.563463" lon="-2.071039"><ele>834.6</ele></trkpt>
    <trkpt lat="38.563619" lon="-2.071171"><ele>834.3</ele></trkpt>
    <trkpt lat="38.563745" lon="-2.071342"><ele>834</ele></trkpt>
    <trkpt lat="38.563856" lon="-2.07157"><ele>833.6</ele></trkpt>
    <trkpt lat="38.563912" lon="-2.071732"><ele>833.4</ele></trkpt>
    <trkpt lat="38.564073" lon="-2.072555"><ele>833.3</ele></trkpt>
    <trkpt lat="38.564228" lon="-2.072876"><ele>833.7</ele></trkpt>
    <trkpt lat="38.564373" lon="-2.073056"><ele>834.1</ele></trkpt>
    <trkpt lat="38.564538" lon="-2.073204"><ele>834.7</ele></trkpt>
    <trkpt lat="38.564873" lon="-2.073383"><ele>836.1</ele></trkpt>
    <trkpt lat="38.565001" lon="-2.073379"><ele>836.6</ele></trkpt>
    <trkpt lat="38.565049" lon="-2.073348"><ele>836.9</ele></trkpt>
    <trkpt lat="38.565136" lon="-2.073212"><ele>837.5</ele></trkpt>
    <trkpt lat="38.565162" lon="-2.07298"><ele>838.5</ele></trkpt>
    <trkpt lat="38.565146" lon="-2.072209"><ele>841.4</ele></trkpt>
    <trkpt lat="38.565162" lon="-2.072009"><ele>842.1</ele></trkpt>
    <trkpt lat="38.565238" lon="-2.071819"><ele>842.7</ele></trkpt>
    <trkpt lat="38.565351" lon="-2.071664"><ele>843.3</ele></trkpt>
    <trkpt lat="38.565871" lon="-2.071301"><ele>844.7</ele></trkpt>
    <trkpt lat="38.566106" lon="-2.071146"><ele>845.1</ele></trkpt>
    <trkpt lat="38.566307" lon="-2.071009"><ele>845.4</ele></trkpt>
    <trkpt lat="38.566418" lon="-2.070948"><ele>845.5</ele></trkpt>
    <trkpt lat="38.566797" lon="-2.070803"><ele>846</ele></trkpt>
    <trkpt lat="38.566943" lon="-2.070652"><ele>846.3</ele></trkpt>
    <trkpt lat="38.567079" lon="-2.070376"><ele>846.7</ele></trkpt>
    <trkpt lat="38.567312" lon="-2.069109"><ele>849.5</ele></trkpt>
    <trkpt lat="38.567446" lon="-2.068726"><ele>850.7</ele></trkpt>
    <trkpt lat="38.567673" lon="-2.068191"><ele>852.6</ele></trkpt>
    <trkpt lat="38.567904" lon="-2.067732"><ele>854.4</ele></trkpt>
    <trkpt lat="38.568054" lon="-2.067502"><ele>855.3</ele></trkpt>
    <trkpt lat="38.568496" lon="-2.067042"><ele>857.3</ele></trkpt>
    <trkpt lat="38.568646" lon="-2.066842"><ele>858</ele></trkpt>
    <trkpt lat="38.568829" lon="-2.066526"><ele>858.7</ele></trkpt>
    <trkpt lat="38.56939" lon="-2.065212"><ele>862</ele></trkpt>
    <trkpt lat="38.56951" lon="-2.065055"><ele>862.6</ele></trkpt>
    <trkpt lat="38.569646" lon="-2.064942"><ele>863.2</ele></trkpt>
    <trkpt lat="38.569779" lon="-2.064872"><ele>863.7</ele></trkpt>
    <trkpt lat="38.570287" lon="-2.064832"><ele>865.3</ele></trkpt>
    <trkpt lat="38.570479" lon="-2.064792"><ele>865.9</ele></trkpt>
    <trkpt lat="38.570646" lon="-2.064676"><ele>866.5</ele></trkpt>
    <trkpt lat="38.570796" lon="-2.064509"><ele>867</ele></trkpt>
    <trkpt lat="38.570896" lon="-2.064242"><ele>867.4</ele></trkpt>
    <trkpt lat="38.570979" lon="-2.063492"><ele>868.3</ele></trkpt>
    <trkpt lat="38.571046" lon="-2.063259"><ele>868.6</ele></trkpt>
    <trkpt lat="38.571146" lon="-2.063076"><ele>868.8</ele></trkpt>
    <trkpt lat="38.571323" lon="-2.062848"><ele>869.3</ele></trkpt>
    <trkpt lat="38.571726" lon="-2.062401"><ele>870.4</ele></trkpt>
    <trkpt lat="38.571807" lon="-2.062169"><ele>870.9</ele></trkpt>
    <trkpt lat="38.571877" lon="-2.061652"><ele>871.9</ele></trkpt>
    <trkpt lat="38.571899" lon="-2.060951"><ele>873.1</ele></trkpt>
    <trkpt lat="38.571929" lon="-2.060009"><ele>875</ele></trkpt>
    <trkpt lat="38.571996" lon="-2.059709"><ele>875.7</ele></trkpt>
    <trkpt lat="38.572068" lon="-2.059484"><ele>876.2</ele></trkpt>
    <trkpt lat="38.572669" lon="-2.058156"><ele>880.2</ele></trkpt>
    <trkpt lat="38.572759" lon="-2.057855"><ele>881.3</ele></trkpt>
    <trkpt lat="38.572773" lon="-2.057548"><ele>882.4</ele></trkpt>
    <trkpt lat="38.572712" lon="-2.057189"><ele>883.7</ele></trkpt>
    <trkpt lat="38.572645" lon="-2.056963"><ele>884.5</ele></trkpt>
    <trkpt lat="38.5725" lon="-2.056695"><ele>885.7</ele></trkpt>
    <trkpt lat="38.572179" lon="-2.056226"><ele>887.6</ele></trkpt>
    <trkpt lat="38.572096" lon="-2.056059"><ele>888.2</ele></trkpt>
    <trkpt lat="38.572062" lon="-2.055859"><ele>888.8</ele></trkpt>
    <trkpt lat="38.572062" lon="-2.055692"><ele>889.3</ele></trkpt>
    <trkpt lat="38.572096" lon="-2.055492"><ele>889.8</ele></trkpt>
    <trkpt lat="38.572161" lon="-2.055273"><ele>890.3</ele></trkpt>
    <trkpt lat="38.573529" lon="-2.052626"><ele>897.6</ele></trkpt>
    <trkpt lat="38.573716" lon="-2.052207"><ele>898.8</ele></trkpt>
    <trkpt lat="38.573812" lon="-2.051926"><ele>899.5</ele></trkpt>
    <trkpt lat="38.573944" lon="-2.050589"><ele>903.1</ele></trkpt>
    <trkpt lat="38.574067" lon="-2.05026"><ele>904.1</ele></trkpt>
    <trkpt lat="38.574225" lon="-2.049981"><ele>905</ele></trkpt>
    <trkpt lat="38.57445" lon="-2.049764"><ele>906</ele></trkpt>
    <trkpt lat="38.574708" lon="-2.049607"><ele>907</ele></trkpt>
    <trkpt lat="38.576573" lon="-2.048904"><ele>914.9</ele></trkpt>
    <trkpt lat="38.576823" lon="-2.048787"><ele>916.1</ele></trkpt>
    <trkpt lat="38.576978" lon="-2.048648"><ele>917</ele></trkpt>
    <trkpt lat="38.577228" lon="-2.048285"><ele>918.8</ele></trkpt>
    <trkpt lat="38.578154" lon="-2.046038"><ele>927.2</ele></trkpt>
    <trkpt lat="38.578238" lon="-2.045862"><ele>927.6</ele></trkpt>
    <trkpt lat="38.578682" lon="-2.044887"><ele>929</ele></trkpt>
    <trkpt lat="38.57878" lon="-2.044516"><ele>929.3</ele></trkpt>
    <trkpt lat="38.578815" lon="-2.044193"><ele>929.5</ele></trkpt>
    <trkpt lat="38.578812" lon="-2.042542"><ele>931.6</ele></trkpt>
    <trkpt lat="38.578846" lon="-2.042209"><ele>932.2</ele></trkpt>
    <trkpt lat="38.578882" lon="-2.041946"><ele>932.7</ele></trkpt>
    <trkpt lat="38.578987" lon="-2.041509"><ele>933.7</ele></trkpt>
    <trkpt lat="38.579346" lon="-2.040309"><ele>937.1</ele></trkpt>
    <trkpt lat="38.579487" lon="-2.039033"><ele>940.5</ele></trkpt>
    <trkpt lat="38.579564" lon="-2.038729"><ele>941.2</ele></trkpt>
    <trkpt lat="38.579747" lon="-2.038382"><ele>942.1</ele></trkpt>
    <trkpt lat="38.580079" lon="-2.037947"><ele>943.4</ele></trkpt>
    <trkpt lat="38.580529" lon="-2.037352"><ele>944.9</ele></trkpt>
    <trkpt lat="38.580535" lon="-2.037346"><ele>944.9</ele></trkpt>
    <trkpt lat="38.580734" lon="-2.037139"><ele>945.3</ele></trkpt>
    <trkpt lat="38.581046" lon="-2.036919"><ele>945.6</ele></trkpt>
    <trkpt lat="38.581438" lon="-2.036868"><ele>945.6</ele></trkpt>
    <trkpt lat="38.581663" lon="-2.036906"><ele>945.4</ele></trkpt>
    <trkpt lat="38.582491" lon="-2.037239"><ele>943</ele></trkpt>
    <trkpt lat="38.582895" lon="-2.037317"><ele>941.3</ele></trkpt>
    <trkpt lat="38.583979" lon="-2.037314"><ele>936.2</ele></trkpt>
    <trkpt lat="38.584346" lon="-2.037258"><ele>934.2</ele></trkpt>
    <trkpt lat="38.584501" lon="-2.037178"><ele>933.3</ele></trkpt>
    <trkpt lat="38.584645" lon="-2.037041"><ele>932.3</ele></trkpt>
    <trkpt lat="38.584998" lon="-2.036567"><ele>929.7</ele></trkpt>
    <trkpt lat="38.585262" lon="-2.036192"><ele>927.8</ele></trkpt>
    <trkpt lat="38.585329" lon="-2.035892"><ele>926.7</ele></trkpt>
    <trkpt lat="38.585329" lon="-2.035609"><ele>925.8</ele></trkpt>
    <trkpt lat="38.585062" lon="-2.034659"><ele>923.5</ele></trkpt>
    <trkpt lat="38.585012" lon="-2.034259"><ele>923</ele></trkpt>
    <trkpt lat="38.585029" lon="-2.033909"><ele>922.6</ele></trkpt>
    <trkpt lat="38.585129" lon="-2.033559"><ele>922.3</ele></trkpt>
    <trkpt lat="38.585262" lon="-2.033292"><ele>922.1</ele></trkpt>
    <trkpt lat="38.585479" lon="-2.032992"><ele>921.9</ele></trkpt>
    <trkpt lat="38.586379" lon="-2.031876"><ele>921.2</ele></trkpt>
    <trkpt lat="38.587467" lon="-2.030845"><ele>919.1</ele></trkpt>
    <trkpt lat="38.587727" lon="-2.030665"><ele>918.5</ele></trkpt>
    <trkpt lat="38.5881" lon="-2.030514"><ele>917.6</ele></trkpt>
    <trkpt lat="38.589122" lon="-2.030366"><ele>914</ele></trkpt>
    <trkpt lat="38.589268" lon="-2.030299"><ele>913.2</ele></trkpt>
    <trkpt lat="38.589511" lon="-2.030117"><ele>911.6</ele></trkpt>
    <trkpt lat="38.590187" lon="-2.029317"><ele>905.5</ele></trkpt>
    <trkpt lat="38.590437" lon="-2.02907"><ele>903.6</ele></trkpt>
    <trkpt lat="38.591002" lon="-2.028625"><ele>900.9</ele></trkpt>
    <trkpt lat="38.592022" lon="-2.027826"><ele>900.8</ele></trkpt>
    <trkpt lat="38.592209" lon="-2.027716"><ele>901.3</ele></trkpt>
    <trkpt lat="38.592551" lon="-2.027616"><ele>902.1</ele></trkpt>
    <trkpt lat="38.593347" lon="-2.027592"><ele>903.7</ele></trkpt>
    <trkpt lat="38.593768" lon="-2.027487"><ele>904</ele></trkpt>
    <trkpt lat="38.594" lon="-2.027388"><ele>903.9</ele></trkpt>
    <trkpt lat="38.594356" lon="-2.027149"><ele>903.4</ele></trkpt>
    <trkpt lat="38.594418" lon="-2.026969"><ele>903.1</ele></trkpt>
    <trkpt lat="38.594363" lon="-2.026746"><ele>902.6</ele></trkpt>
    <trkpt lat="38.593876" lon="-2.025624"><ele>899.4</ele></trkpt>
    <trkpt lat="38.593516" lon="-2.024776"><ele>896.1</ele></trkpt>
    <trkpt lat="38.592855" lon="-2.023399"><ele>890.2</ele></trkpt>
    <trkpt lat="38.592592" lon="-2.022897"><ele>888</ele></trkpt>
    <trkpt lat="38.592472" lon="-2.02262"><ele>887</ele></trkpt>
    <trkpt lat="38.592351" lon="-2.022319"><ele>886</ele></trkpt>
    <trkpt lat="38.591303" lon="-2.019275"><ele>878</ele></trkpt>
    <trkpt lat="38.590792" lon="-2.017888"><ele>874.5</ele></trkpt>
    <trkpt lat="38.590652" lon="-2.017601"><ele>873.8</ele></trkpt>
    <trkpt lat="38.588868" lon="-2.01435"><ele>869.6</ele></trkpt>
    <trkpt lat="38.588718" lon="-2.014039"><ele>869.6</ele></trkpt>
    <trkpt lat="38.588223" lon="-2.01273"><ele>869.7</ele></trkpt>
    <trkpt lat="38.587117" lon="-2.009804"><ele>865.7</ele></trkpt>
    <trkpt lat="38.585927" lon="-2.006896"><ele>858.2</ele></trkpt>
    <trkpt lat="38.585624" lon="-2.006326"><ele>857</ele></trkpt>
    <trkpt lat="38.585407" lon="-2.005989"><ele>856.5</ele></trkpt>
    <trkpt lat="38.583426" lon="-2.003304"><ele>858.4</ele></trkpt>
    <trkpt lat="38.583309" lon="-2.00305"><ele>859.1</ele></trkpt>
    <trkpt lat="38.58328" lon="-2.002984"><ele>859.2</ele></trkpt>
    <trkpt lat="38.583159" lon="-2.002587"><ele>860.4</ele></trkpt>
    <trkpt lat="38.583128" lon="-2.002397"><ele>861.1</ele></trkpt>
    <trkpt lat="38.583107" lon="-2.002124"><ele>862.1</ele></trkpt>
    <trkpt lat="38.583101" lon="-2.000771"><ele>866.3</ele></trkpt>
    <trkpt lat="38.583066" lon="-2.000425"><ele>866.6</ele></trkpt>
    <trkpt lat="38.582976" lon="-2.000071"><ele>866.5</ele></trkpt>
    <trkpt lat="38.582813" lon="-1.999692"><ele>865.8</ele></trkpt>
    <trkpt lat="38.582077" lon="-1.998255"><ele>859.5</ele></trkpt>
    <trkpt lat="38.581905" lon="-1.997848"><ele>858.5</ele></trkpt>
    <trkpt lat="38.58175" lon="-1.997248"><ele>857.8</ele></trkpt>
    <trkpt lat="38.581428" lon="-1.995364"><ele>860.6</ele></trkpt>
    <trkpt lat="38.581217" lon="-1.99435"><ele>861</ele></trkpt>
    <trkpt lat="38.581098" lon="-1.994007"><ele>860.4</ele></trkpt>
    <trkpt lat="38.580082" lon="-1.992107"><ele>849.8</ele></trkpt>
    <trkpt lat="38.579904" lon="-1.991648"><ele>847.5</ele></trkpt>
    <trkpt lat="38.578868" lon="-1.988619"><ele>836.2</ele></trkpt>
    <trkpt lat="38.578673" lon="-1.98811"><ele>833.5</ele></trkpt>
    <trkpt lat="38.578152" lon="-1.986967"><ele>827.5</ele></trkpt>
    <trkpt lat="38.577334" lon="-1.985341"><ele>823.7</ele></trkpt>
    <trkpt lat="38.577111" lon="-1.984832"><ele>823.3</ele></trkpt>
    <trkpt lat="38.577038" lon="-1.984607"><ele>823.2</ele></trkpt>
    <trkpt lat="38.576883" lon="-1.983933"><ele>822.5</ele></trkpt>
    <trkpt lat="38.576375" lon="-1.980919"><ele>816.3</ele></trkpt>
    <trkpt lat="38.5763" lon="-1.98014"><ele>814.9</ele></trkpt>
    <trkpt lat="38.57628" lon="-1.979621"><ele>814.2</ele></trkpt>
    <trkpt lat="38.57631" lon="-1.978885"><ele>813.5</ele></trkpt>
    <trkpt lat="38.57649" lon="-1.976277"><ele>812.7</ele></trkpt>
    <trkpt lat="38.576522" lon="-1.975968"><ele>812.7</ele></trkpt>
    <trkpt lat="38.57657" lon="-1.975771"><ele>812.7</ele></trkpt>
    <trkpt lat="38.576672" lon="-1.975523"><ele>812.7</ele></trkpt>
    <trkpt lat="38.576766" lon="-1.975365"><ele>812.6</ele></trkpt>
    <trkpt lat="38.57726" lon="-1.974658"><ele>811.6</ele></trkpt>
    <trkpt lat="38.577367" lon="-1.974424"><ele>811.5</ele></trkpt>
    <trkpt lat="38.577477" lon="-1.973993"><ele>811.2</ele></trkpt>
    <trkpt lat="38.577705" lon="-1.972734"><ele>810.5</ele></trkpt>
    <trkpt lat="38.57776" lon="-1.972196"><ele>810.6</ele></trkpt>
    <trkpt lat="38.577816" lon="-1.970927"><ele>808.8</ele></trkpt>
    <trkpt lat="38.577813" lon="-1.970511"><ele>807.4</ele></trkpt>
    <trkpt lat="38.577722" lon="-1.970076"><ele>805.6</ele></trkpt>
    <trkpt lat="38.577618" lon="-1.969879"><ele>804.8</ele></trkpt>
    <trkpt lat="38.577377" lon="-1.969614"><ele>803.7</ele></trkpt>
    <trkpt lat="38.577134" lon="-1.969494"><ele>803</ele></trkpt>
    <trkpt lat="38.576991" lon="-1.969465"><ele>802.7</ele></trkpt>
    <trkpt lat="38.576867" lon="-1.969459"><ele>802.5</ele></trkpt>
    <trkpt lat="38.57672" lon="-1.969492"><ele>802.3</ele></trkpt>
    <trkpt lat="38.576516" lon="-1.969577"><ele>802.3</ele></trkpt>
    <trkpt lat="38.576126" lon="-1.969867"><ele>803.1</ele></trkpt>
    <trkpt lat="38.575994" lon="-1.969981"><ele>803.6</ele></trkpt>
    <trkpt lat="38.575749" lon="-1.970092"><ele>804.8</ele></trkpt>
    <trkpt lat="38.575574" lon="-1.970117"><ele>805.5</ele></trkpt>
    <trkpt lat="38.575391" lon="-1.970085"><ele>806.3</ele></trkpt>
    <trkpt lat="38.575113" lon="-1.969933"><ele>807.7</ele></trkpt>
    <trkpt lat="38.574666" lon="-1.96952"><ele>810.2</ele></trkpt>
    <trkpt lat="38.574297" lon="-1.969178"><ele>812.2</ele></trkpt>
    <trkpt lat="38.574052" lon="-1.968893"><ele>813.1</ele></trkpt>
    <trkpt lat="38.573897" lon="-1.96854"><ele>813.7</ele></trkpt>
    <trkpt lat="38.573842" lon="-1.968262"><ele>813.9</ele></trkpt>
    <trkpt lat="38.573402" lon="-1.964473"><ele>804.6</ele></trkpt>
    <trkpt lat="38.573339" lon="-1.964236"><ele>803.7</ele></trkpt>
    <trkpt lat="38.573176" lon="-1.963936"><ele>802.5</ele></trkpt>
    <trkpt lat="38.573048" lon="-1.963808"><ele>801.8</ele></trkpt>
    <trkpt lat="38.572871" lon="-1.963683"><ele>801</ele></trkpt>
    <trkpt lat="38.572216" lon="-1.963358"><ele>798.9</ele></trkpt>
    <trkpt lat="38.571228" lon="-1.962816"><ele>798.1</ele></trkpt>
    <trkpt lat="38.570624" lon="-1.962405"><ele>799.4</ele></trkpt>
    <trkpt lat="38.568976" lon="-1.961206"><ele>804.8</ele></trkpt>
    <trkpt lat="38.568239" lon="-1.960728"><ele>806</ele></trkpt>
    <trkpt lat="38.567591" lon="-1.960365"><ele>807.2</ele></trkpt>
    <trkpt lat="38.565956" lon="-1.959295"><ele>814.8</ele></trkpt>
    <trkpt lat="38.564951" lon="-1.958624"><ele>820.7</ele></trkpt>
    <trkpt lat="38.56466" lon="-1.958467"><ele>822.2</ele></trkpt>
    <trkpt lat="38.564484" lon="-1.958403"><ele>823</ele></trkpt>
    <trkpt lat="38.564273" lon="-1.958346"><ele>823.9</ele></trkpt>
    <trkpt lat="38.564065" lon="-1.958329"><ele>824.6</ele></trkpt>
    <trkpt lat="38.563178" lon="-1.958488"><ele>825.6</ele></trkpt>
    <trkpt lat="38.562781" lon="-1.958525"><ele>825.9</ele></trkpt>
    <trkpt lat="38.562532" lon="-1.95849"><ele>826.2</ele></trkpt>
    <trkpt lat="38.56224" lon="-1.958389"><ele>826.5</ele></trkpt>
    <trkpt lat="38.561968" lon="-1.958233"><ele>826.5</ele></trkpt>
    <trkpt lat="38.561584" lon="-1.957842"><ele>826.4</ele></trkpt>
    <trkpt lat="38.561445" lon="-1.957635"><ele>826.2</ele></trkpt>
    <trkpt lat="38.56112" lon="-1.957003"><ele>824.4</ele></trkpt>
    <trkpt lat="38.560504" lon="-1.955667"><ele>817.5</ele></trkpt>
    <trkpt lat="38.560444" lon="-1.955542"><ele>816.9</ele></trkpt>
    <trkpt lat="38.560409" lon="-1.955472"><ele>816.5</ele></trkpt>
    <trkpt lat="38.560046" lon="-1.954764"><ele>812.9</ele></trkpt>
    <trkpt lat="38.559184" lon="-1.953452"><ele>804.2</ele></trkpt>
    <trkpt lat="38.558347" lon="-1.952225"><ele>793.7</ele></trkpt>
    <trkpt lat="38.557692" lon="-1.951427"><ele>786.6</ele></trkpt>
    <trkpt lat="38.555036" lon="-1.948336"><ele>762.6</ele></trkpt>
    <trkpt lat="38.553654" lon="-1.946691"><ele>754.4</ele></trkpt>
    <trkpt lat="38.553517" lon="-1.946421"><ele>752.5</ele></trkpt>
    <trkpt lat="38.553421" lon="-1.946169"><ele>750.6</ele></trkpt>
    <trkpt lat="38.553361" lon="-1.945885"><ele>748.6</ele></trkpt>
    <trkpt lat="38.55333" lon="-1.945519"><ele>746.3</ele></trkpt>
    <trkpt lat="38.553393" lon="-1.945031"><ele>743.2</ele></trkpt>
    <trkpt lat="38.553441" lon="-1.944834"><ele>741.9</ele></trkpt>
    <trkpt lat="38.553549" lon="-1.944589"><ele>740.5</ele></trkpt>
    <trkpt lat="38.553671" lon="-1.944387"><ele>739.5</ele></trkpt>
    <trkpt lat="38.553852" lon="-1.944178"><ele>738.4</ele></trkpt>
    <trkpt lat="38.554848" lon="-1.94328"><ele>732.6</ele></trkpt>
    <trkpt lat="38.555047" lon="-1.943011"><ele>731.2</ele></trkpt>
    <trkpt lat="38.55517" lon="-1.942769"><ele>730.2</ele></trkpt>
    <trkpt lat="38.55527" lon="-1.942494"><ele>729.4</ele></trkpt>
    <trkpt lat="38.555332" lon="-1.942125"><ele>728.6</ele></trkpt>
    <trkpt lat="38.555685" lon="-1.938947"><ele>725</ele></trkpt>
    <trkpt lat="38.555774" lon="-1.937741"><ele>717.8</ele></trkpt>
    <trkpt lat="38.555768" lon="-1.937262"><ele>713.8</ele></trkpt>
    <trkpt lat="38.55566" lon="-1.936369"><ele>706</ele></trkpt>
    <trkpt lat="38.555576" lon="-1.93596"><ele>702.4</ele></trkpt>
    <trkpt lat="38.555425" lon="-1.935421"><ele>698</ele></trkpt>
    <trkpt lat="38.555108" lon="-1.934494"><ele>691.6</ele></trkpt>
    <trkpt lat="38.554675" lon="-1.933184"><ele>685.4</ele></trkpt>
    <trkpt lat="38.554619" lon="-1.932859"><ele>684.3</ele></trkpt>
    <trkpt lat="38.554573" lon="-1.932394"><ele>682.9</ele></trkpt>
    <trkpt lat="38.554535" lon="-1.929428"><ele>675.8</ele></trkpt>
    <trkpt lat="38.554555" lon="-1.929077"><ele>675.3</ele></trkpt>
    <trkpt lat="38.554608" lon="-1.928825"><ele>675</ele></trkpt>
    <trkpt lat="38.554872" lon="-1.928207"><ele>674.1</ele></trkpt>
    <trkpt lat="38.554912" lon="-1.928115"><ele>673.9</ele></trkpt>
    <trkpt lat="38.55504" lon="-1.927821"><ele>673.6</ele></trkpt>
    <trkpt lat="38.555084" lon="-1.927503"><ele>673.2</ele></trkpt>
    <trkpt lat="38.555093" lon="-1.927083"><ele>672.5</ele></trkpt>
    <trkpt lat="38.555021" lon="-1.926588"><ele>671.8</ele></trkpt>
    <trkpt lat="38.55485" lon="-1.92584"><ele>670.9</ele></trkpt>
    <trkpt lat="38.55423" lon="-1.922946"><ele>669.4</ele></trkpt>
    <trkpt lat="38.553785" lon="-1.920307"><ele>665.5</ele></trkpt>
    <trkpt lat="38.553499" lon="-1.918543"><ele>655.9</ele></trkpt>
    <trkpt lat="38.55285" lon="-1.916395"><ele>645.4</ele></trkpt>
    <trkpt lat="38.552699" lon="-1.916054"><ele>643.8</ele></trkpt>
    <trkpt lat="38.552445" lon="-1.915693"><ele>641.8</ele></trkpt>
    <trkpt lat="38.552202" lon="-1.915491"><ele>640.3</ele></trkpt>
    <trkpt lat="38.55194" lon="-1.915359"><ele>638.9</ele></trkpt>
    <trkpt lat="38.551235" lon="-1.915186"><ele>635.9</ele></trkpt>
    <trkpt lat="38.550919" lon="-1.915102"><ele>634.9</ele></trkpt>
    <trkpt lat="38.550705" lon="-1.915013"><ele>634.3</ele></trkpt>
    <trkpt lat="38.550285" lon="-1.914789"><ele>633.1</ele></trkpt>
    <trkpt lat="38.550083" lon="-1.914648"><ele>632.7</ele></trkpt>
    <trkpt lat="38.549909" lon="-1.914494"><ele>632.3</ele></trkpt>
    <trkpt lat="38.549716" lon="-1.914312"><ele>631.8</ele></trkpt>
    <trkpt lat="38.549286" lon="-1.913755"><ele>630.8</ele></trkpt>
    <trkpt lat="38.548603" lon="-1.912724"><ele>628.5</ele></trkpt>
    <trkpt lat="38.548439" lon="-1.912381"><ele>627.7</ele></trkpt>
    <trkpt lat="38.548346" lon="-1.911908"><ele>626.6</ele></trkpt>
    <trkpt lat="38.548253" lon="-1.91095"><ele>624.7</ele></trkpt>
    <trkpt lat="38.548206" lon="-1.910714"><ele>624.3</ele></trkpt>
    <trkpt lat="38.548135" lon="-1.9105"><ele>623.9</ele></trkpt>
    <trkpt lat="38.547931" lon="-1.910146"><ele>623.3</ele></trkpt>
    <trkpt lat="38.547046" lon="-1.909244"><ele>622.5</ele></trkpt>
    <trkpt lat="38.546516" lon="-1.908668"><ele>622.6</ele></trkpt>
    <trkpt lat="38.546124" lon="-1.908098"><ele>622.4</ele></trkpt>
    <trkpt lat="38.545823" lon="-1.907486"><ele>621.7</ele></trkpt>
    <trkpt lat="38.54566" lon="-1.907061"><ele>621.1</ele></trkpt>
    <trkpt lat="38.545502" lon="-1.906544"><ele>620.5</ele></trkpt>
    <trkpt lat="38.545391" lon="-1.906029"><ele>620.2</ele></trkpt>
    <trkpt lat="38.545316" lon="-1.905236"><ele>620.4</ele></trkpt>
    <trkpt lat="38.545253" lon="-1.904172"><ele>620.7</ele></trkpt>
    <trkpt lat="38.545198" lon="-1.903862"><ele>620.4</ele></trkpt>
    <trkpt lat="38.544801" lon="-1.902367"><ele>616.3</ele></trkpt>
    <trkpt lat="38.544599" lon="-1.901227"><ele>612.7</ele></trkpt>
    <trkpt lat="38.544488" lon="-1.90081"><ele>611.3</ele></trkpt>
    <trkpt lat="38.544317" lon="-1.900375"><ele>609.8</ele></trkpt>
    <trkpt lat="38.543945" lon="-1.899709"><ele>607.3</ele></trkpt>
    <trkpt lat="38.543604" lon="-1.899257"><ele>605.3</ele></trkpt>
    <trkpt lat="38.542765" lon="-1.898274"><ele>602.9</ele></trkpt>
    <trkpt lat="38.542487" lon="-1.897853"><ele>603.1</ele></trkpt>
    <trkpt lat="38.542401" lon="-1.897632"><ele>603.2</ele></trkpt>
    <trkpt lat="38.542341" lon="-1.89738"><ele>603.5</ele></trkpt>
    <trkpt lat="38.542342" lon="-1.89692"><ele>604.3</ele></trkpt>
    <trkpt lat="38.54239" lon="-1.896704"><ele>604.9</ele></trkpt>
    <trkpt lat="38.542497" lon="-1.896389"><ele>605.9</ele></trkpt>
    <trkpt lat="38.542635" lon="-1.89603"><ele>607.2</ele></trkpt>
    <trkpt lat="38.543295" lon="-1.89441"><ele>615.7</ele></trkpt>
    <trkpt lat="38.543415" lon="-1.894002"><ele>617.6</ele></trkpt>
    <trkpt lat="38.543508" lon="-1.893368"><ele>619.7</ele></trkpt>
    <trkpt lat="38.543637" lon="-1.891983"><ele>622</ele></trkpt>
    <trkpt lat="38.543861" lon="-1.890788"><ele>623.7</ele></trkpt>
    <trkpt lat="38.544039" lon="-1.890176"><ele>625.3</ele></trkpt>
    <trkpt lat="38.544132" lon="-1.889905"><ele>626.1</ele></trkpt>
    <trkpt lat="38.545029" lon="-1.887784"><ele>633.8</ele></trkpt>
    <trkpt lat="38.545173" lon="-1.88738"><ele>635.4</ele></trkpt>
    <trkpt lat="38.545249" lon="-1.887077"><ele>636.5</ele></trkpt>
    <trkpt lat="38.545299" lon="-1.88674"><ele>637.8</ele></trkpt>
    <trkpt lat="38.545318" lon="-1.886353"><ele>639.2</ele></trkpt>
    <trkpt lat="38.545298" lon="-1.88599"><ele>640.5</ele></trkpt>
    <trkpt lat="38.545239" lon="-1.885647"><ele>641.8</ele></trkpt>
    <trkpt lat="38.543773" lon="-1.88043"><ele>658.6</ele></trkpt>
    <trkpt lat="38.541784" lon="-1.873384"><ele>659.6</ele></trkpt>
    <trkpt lat="38.54131" lon="-1.871202"><ele>658.3</ele></trkpt>
    <trkpt lat="38.539902" lon="-1.864513"><ele>653.9</ele></trkpt>
    <trkpt lat="38.539625" lon="-1.863399"><ele>653.7</ele></trkpt>
    <trkpt lat="38.53927" lon="-1.86217"><ele>653.9</ele></trkpt>
    <trkpt lat="38.537451" lon="-1.857081"><ele>656.2</ele></trkpt>
    <trkpt lat="38.537325" lon="-1.856663"><ele>656.1</ele></trkpt>
    <trkpt lat="38.537212" lon="-1.855986"><ele>655.6</ele></trkpt>
    <trkpt lat="38.536756" lon="-1.851859"><ele>649.6</ele></trkpt>
    <trkpt lat="38.536446" lon="-1.849312"><ele>653.9</ele></trkpt>
    <trkpt lat="38.536391" lon="-1.849039"><ele>654.8</ele></trkpt>
    <trkpt lat="38.536196" lon="-1.84848"><ele>656.9</ele></trkpt>
    <trkpt lat="38.535387" lon="-1.846657"><ele>662.9</ele></trkpt>
    <trkpt lat="38.533911" lon="-1.843293"><ele>659.8</ele></trkpt>
    <trkpt lat="38.533436" lon="-1.842212"><ele>662.9</ele></trkpt>
    <trkpt lat="38.533183" lon="-1.841579"><ele>666.6</ele></trkpt>
    <trkpt lat="38.532932" lon="-1.840856"><ele>671.4</ele></trkpt>
    <trkpt lat="38.532567" lon="-1.839698"><ele>678.6</ele></trkpt>
    <trkpt lat="38.530312" lon="-1.831216"><ele>704.6</ele></trkpt>
    <trkpt lat="38.530173" lon="-1.830797"><ele>705.9</ele></trkpt>
    <trkpt lat="38.52946" lon="-1.829233"><ele>712.1</ele></trkpt>
    <trkpt lat="38.529283" lon="-1.828656"><ele>714.9</ele></trkpt>
    <trkpt lat="38.529234" lon="-1.828279"><ele>716.7</ele></trkpt>
    <trkpt lat="38.529167" lon="-1.827357"><ele>720.1</ele></trkpt>
    <trkpt lat="38.529157" lon="-1.826614"><ele>721.1</ele></trkpt>
    <trkpt lat="38.529271" lon="-1.824049"><ele>713.6</ele></trkpt>
    <trkpt lat="38.529277" lon="-1.823463"><ele>711.2</ele></trkpt>
    <trkpt lat="38.529245" lon="-1.823193"><ele>710.1</ele></trkpt>
    <trkpt lat="38.529169" lon="-1.822857"><ele>708.7</ele></trkpt>
    <trkpt lat="38.529093" lon="-1.822557"><ele>707.3</ele></trkpt>
    <trkpt lat="38.528962" lon="-1.822214"><ele>705.7</ele></trkpt>
    <trkpt lat="38.528301" lon="-1.820741"><ele>698.1</ele></trkpt>
    <trkpt lat="38.52816" lon="-1.820216"><ele>695.5</ele></trkpt>
    <trkpt lat="38.52813" lon="-1.819908"><ele>694</ele></trkpt>
    <trkpt lat="38.527916" lon="-1.8129"><ele>667.2</ele></trkpt>
    <trkpt lat="38.527766" lon="-1.806916"><ele>647.4</ele></trkpt>
    <trkpt lat="38.527657" lon="-1.804108"><ele>640.6</ele></trkpt>
    <trkpt lat="38.527634" lon="-1.803497"><ele>638.5</ele></trkpt>
    <trkpt lat="38.527596" lon="-1.803193"><ele>637.4</ele></trkpt>
    <trkpt lat="38.527475" lon="-1.802699"><ele>635.6</ele></trkpt>
    <trkpt lat="38.527362" lon="-1.802413"><ele>634.6</ele></trkpt>
    <trkpt lat="38.527166" lon="-1.802026"><ele>633.6</ele></trkpt>
    <trkpt lat="38.526923" lon="-1.801689"><ele>632.9</ele></trkpt>
    <trkpt lat="38.525564" lon="-1.800237"><ele>634.1</ele></trkpt>
    <trkpt lat="38.525229" lon="-1.799778"><ele>635.2</ele></trkpt>
    <trkpt lat="38.525015" lon="-1.799376"><ele>636.1</ele></trkpt>
    <trkpt lat="38.522486" lon="-1.794167"><ele>649.4</ele></trkpt>
    <trkpt lat="38.522278" lon="-1.793604"><ele>649.8</ele></trkpt>
    <trkpt lat="38.521952" lon="-1.792112"><ele>648.5</ele></trkpt>
    <trkpt lat="38.521662" lon="-1.79092"><ele>646</ele></trkpt>
    <trkpt lat="38.521544" lon="-1.790569"><ele>645.1</ele></trkpt>
    <trkpt lat="38.520361" lon="-1.787651"><ele>633.9</ele></trkpt>
    <trkpt lat="38.519841" lon="-1.786381"><ele>629</ele></trkpt>
    <trkpt lat="38.519663" lon="-1.786035"><ele>627.6</ele></trkpt>
    <trkpt lat="38.519511" lon="-1.785799"><ele>626.5</ele></trkpt>
    <trkpt lat="38.518625" lon="-1.784623"><ele>620.8</ele></trkpt>
    <trkpt lat="38.518378" lon="-1.784107"><ele>618.7</ele></trkpt>
    <trkpt lat="38.518293" lon="-1.783694"><ele>617.2</ele></trkpt>
    <trkpt lat="38.518289" lon="-1.78333"><ele>616.1</ele></trkpt>
    <trkpt lat="38.518333" lon="-1.782732"><ele>614.3</ele></trkpt>
    <trkpt lat="38.51833" lon="-1.782492"><ele>613.6</ele></trkpt>
    <trkpt lat="38.518287" lon="-1.782242"><ele>612.9</ele></trkpt>
    <trkpt lat="38.518216" lon="-1.782004"><ele>612.2</ele></trkpt>
    <trkpt lat="38.518098" lon="-1.781775"><ele>611.5</ele></trkpt>
    <trkpt lat="38.517915" lon="-1.781525"><ele>610.6</ele></trkpt>
    <trkpt lat="38.517725" lon="-1.781389"><ele>609.9</ele></trkpt>
    <trkpt lat="38.517544" lon="-1.781309"><ele>609.2</ele></trkpt>
    <trkpt lat="38.51721" lon="-1.781243"><ele>608.1</ele></trkpt>
    <trkpt lat="38.514105" lon="-1.78122"><ele>594.9</ele></trkpt>
    <trkpt lat="38.513759" lon="-1.781197"><ele>593.1</ele></trkpt>
    <trkpt lat="38.513557" lon="-1.781145"><ele>592</ele></trkpt>
    <trkpt lat="38.513342" lon="-1.781045"><ele>590.8</ele></trkpt>
    <trkpt lat="38.513163" lon="-1.780915"><ele>589.8</ele></trkpt>
    <trkpt lat="38.512862" lon="-1.780584"><ele>587.9</ele></trkpt>
    <trkpt lat="38.512732" lon="-1.780361"><ele>587.1</ele></trkpt>
    <trkpt lat="38.512576" lon="-1.779859"><ele>585.6</ele></trkpt>
    <trkpt lat="38.512538" lon="-1.779642"><ele>585.1</ele></trkpt>
    <trkpt lat="38.512305" lon="-1.777398"><ele>582.3</ele></trkpt>
    <trkpt lat="38.512217" lon="-1.776339"><ele>582.2</ele></trkpt>
    <trkpt lat="38.51203" lon="-1.774027"><ele>583.1</ele></trkpt>
    <trkpt lat="38.511949" lon="-1.771412"><ele>576.7</ele></trkpt>
    <trkpt lat="38.511978" lon="-1.769515"><ele>576.9</ele></trkpt>
    <trkpt lat="38.512116" lon="-1.767256"><ele>579.5</ele></trkpt>
    <trkpt lat="38.512165" lon="-1.766252"><ele>579.4</ele></trkpt>
    <trkpt lat="38.512412" lon="-1.762618"><ele>569.6</ele></trkpt>
    <trkpt lat="38.512502" lon="-1.762199"><ele>568.5</ele></trkpt>
    <trkpt lat="38.512592" lon="-1.761896"><ele>567.9</ele></trkpt>
    <trkpt lat="38.512767" lon="-1.761529"><ele>567.4</ele></trkpt>
    <trkpt lat="38.512957" lon="-1.761212"><ele>567.3</ele></trkpt>
    <trkpt lat="38.513139" lon="-1.760998"><ele>567.5</ele></trkpt>
    <trkpt lat="38.513518" lon="-1.760684"><ele>568.1</ele></trkpt>
    <trkpt lat="38.513943" lon="-1.760496"><ele>568.6</ele></trkpt>
    <trkpt lat="38.514662" lon="-1.760301"><ele>568.1</ele></trkpt>
    <trkpt lat="38.514876" lon="-1.760194"><ele>567.6</ele></trkpt>
    <trkpt lat="38.515031" lon="-1.760083"><ele>567.1</ele></trkpt>
    <trkpt lat="38.515194" lon="-1.75989"><ele>566.6</ele></trkpt>
    <trkpt lat="38.515333" lon="-1.759652"><ele>566.4</ele></trkpt>
    <trkpt lat="38.515424" lon="-1.759383"><ele>566.5</ele></trkpt>
    <trkpt lat="38.515476" lon="-1.758847"><ele>566.6</ele></trkpt>
    <trkpt lat="38.515484" lon="-1.758703"><ele>566.7</ele></trkpt>
    <trkpt lat="38.515514" lon="-1.758343"><ele>566.8</ele></trkpt>
    <trkpt lat="38.515581" lon="-1.757998"><ele>566.9</ele></trkpt>
    <trkpt lat="38.515746" lon="-1.757659"><ele>566.8</ele></trkpt>
    <trkpt lat="38.515899" lon="-1.757464"><ele>566.6</ele></trkpt>
    <trkpt lat="38.517133" lon="-1.756322"><ele>559.4</ele></trkpt>
    <trkpt lat="38.517382" lon="-1.756031"><ele>557.1</ele></trkpt>
    <trkpt lat="38.517506" lon="-1.755808"><ele>555.6</ele></trkpt>
    <trkpt lat="38.517609" lon="-1.755476"><ele>553.6</ele></trkpt>
    <trkpt lat="38.51764" lon="-1.755153"><ele>551.8</ele></trkpt>
    <trkpt lat="38.517621" lon="-1.75489"><ele>550.3</ele></trkpt>
    <trkpt lat="38.517554" lon="-1.754596"><ele>548.6</ele></trkpt>
    <trkpt lat="38.517496" lon="-1.754438"><ele>547.6</ele></trkpt>
    <trkpt lat="38.517395" lon="-1.754255"><ele>546.3</ele></trkpt>
    <trkpt lat="38.516817" lon="-1.753573"><ele>541.5</ele></trkpt>
    <trkpt lat="38.516591" lon="-1.753071"><ele>540.1</ele></trkpt>
    <trkpt lat="38.516479" lon="-1.752833"><ele>539.7</ele></trkpt>
    <trkpt lat="38.51633" lon="-1.752512"><ele>539.4</ele></trkpt>
    <trkpt lat="38.516253" lon="-1.752268"><ele>539.4</ele></trkpt>
    <trkpt lat="38.516205" lon="-1.752005"><ele>539.6</ele></trkpt>
    <trkpt lat="38.516199" lon="-1.751763"><ele>539.9</ele></trkpt>
    <trkpt lat="38.516295" lon="-1.751195"><ele>540.9</ele></trkpt>
    <trkpt lat="38.516991" lon="-1.748252"><ele>548</ele></trkpt>
    <trkpt lat="38.517352" lon="-1.746733"><ele>549.6</ele></trkpt>
    <trkpt lat="38.517427" lon="-1.746249"><ele>549.8</ele></trkpt>
    <trkpt lat="38.517675" lon="-1.740212"><ele>549.8</ele></trkpt>
    <trkpt lat="38.517812" lon="-1.7364"><ele>548.9</ele></trkpt>
    <trkpt lat="38.517781" lon="-1.735483"><ele>548.9</ele></trkpt>
    <trkpt lat="38.5176" lon="-1.733203"><ele>549.9</ele></trkpt>
    <trkpt lat="38.517592" lon="-1.733096"><ele>549.9</ele></trkpt>
    <trkpt lat="38.517592" lon="-1.733096"><ele>550</ele></trkpt>
    <trkpt lat="38.517592" lon="-1.733096"><ele>550</ele></trkpt>
    <trkpt lat="38.517601" lon="-1.732825"><ele>550.2</ele></trkpt>
    <trkpt lat="38.517601" lon="-1.732825"><ele>550.3</ele></trkpt>
    <trkpt lat="38.517601" lon="-1.732825"><ele>550.3</ele></trkpt>
    <trkpt lat="38.517726" lon="-1.732503"><ele>550.6</ele></trkpt>
    <trkpt lat="38.517726" lon="-1.732503"><ele>550.6</ele></trkpt>
    <trkpt lat="38.517845" lon="-1.732243"><ele>551</ele></trkpt>
    <trkpt lat="38.517845" lon="-1.732243"><ele>551</ele></trkpt>
    <trkpt lat="38.518025" lon="-1.732053"><ele>551.4</ele></trkpt>
    <trkpt lat="38.524497" lon="-1.727879"><ele>566.3</ele></trkpt>
    <trkpt lat="38.527856" lon="-1.725683"><ele>569.7</ele></trkpt>
    <trkpt lat="38.528499" lon="-1.725201"><ele>571.9</ele></trkpt>
    <trkpt lat="38.529003" lon="-1.724739"><ele>574</ele></trkpt>
    <trkpt lat="38.529467" lon="-1.724241"><ele>575.8</ele></trkpt>
    <trkpt lat="38.530136" lon="-1.723355"><ele>577.2</ele></trkpt>
    <trkpt lat="38.530269" lon="-1.72313"><ele>577.3</ele></trkpt>
    <trkpt lat="38.53067" lon="-1.72241"><ele>577.3</ele></trkpt>
    <trkpt lat="38.530914" lon="-1.721884"><ele>577.1</ele></trkpt>
    <trkpt lat="38.531314" lon="-1.720901"><ele>577.2</ele></trkpt>
    <trkpt lat="38.534297" lon="-1.712509"><ele>586.9</ele></trkpt>
    <trkpt lat="38.534442" lon="-1.71212"><ele>587.8</ele></trkpt>
    <trkpt lat="38.534862" lon="-1.710611"><ele>592.5</ele></trkpt>
    <trkpt lat="38.534953" lon="-1.710021"><ele>594.4</ele></trkpt>
    <trkpt lat="38.535007" lon="-1.709538"><ele>595.8</ele></trkpt>
    <trkpt lat="38.535024" lon="-1.709157"><ele>596.6</ele></trkpt>
    <trkpt lat="38.535012" lon="-1.708832"><ele>597.1</ele></trkpt>
    <trkpt lat="38.534962" lon="-1.708504"><ele>597.5</ele></trkpt>
    <trkpt lat="38.534889" lon="-1.708382"><ele>597.6</ele></trkpt>
    <trkpt lat="38.534881" lon="-1.708357"><ele>597.6</ele></trkpt>
    <trkpt lat="38.534655" lon="-1.708214"><ele>597.7</ele></trkpt>
    <trkpt lat="38.534301" lon="-1.708173"><ele>597.5</ele></trkpt>
    <trkpt lat="38.531988" lon="-1.707847"><ele>592.1</ele></trkpt>
    <trkpt lat="38.531715" lon="-1.707808"><ele>591.3</ele></trkpt>
    <trkpt lat="38.531106" lon="-1.707722"><ele>589.9</ele></trkpt>
    <trkpt lat="38.528201" lon="-1.707248"><ele>584.7</ele></trkpt>
    <trkpt lat="38.527405" lon="-1.707145"><ele>582.9</ele></trkpt>
    <trkpt lat="38.525574" lon="-1.70699"><ele>578.8</ele></trkpt>
    <trkpt lat="38.525363" lon="-1.706944"><ele>578.5</ele></trkpt>
    <trkpt lat="38.525065" lon="-1.706832"><ele>578.1</ele></trkpt>
    <trkpt lat="38.52394" lon="-1.706139"><ele>577.7</ele></trkpt>
    <trkpt lat="38.52228" lon="-1.705279"><ele>578.8</ele></trkpt>
    <trkpt lat="38.522179" lon="-1.705226"><ele>578.8</ele></trkpt>
    <trkpt lat="38.521437" lon="-1.704833"><ele>578.4</ele></trkpt>
    <trkpt lat="38.521327" lon="-1.704774"><ele>578.3</ele></trkpt>
    <trkpt lat="38.521297" lon="-1.704758"><ele>578.2</ele></trkpt>
    <trkpt lat="38.520819" lon="-1.704478"><ele>577.5</ele></trkpt>
    <trkpt lat="38.520777" lon="-1.704455"><ele>577.4</ele></trkpt>
    <trkpt lat="38.520141" lon="-1.704157"><ele>576.6</ele></trkpt>
    <trkpt lat="38.519807" lon="-1.704021"><ele>576.2</ele></trkpt>
    <trkpt lat="38.519627" lon="-1.703906"><ele>575.9</ele></trkpt>
    <trkpt lat="38.519528" lon="-1.703904"><ele>575.7</ele></trkpt>
    <trkpt lat="38.519484" lon="-1.703871"><ele>575.6</ele></trkpt>
    <trkpt lat="38.519435" lon="-1.703766"><ele>575.4</ele></trkpt>
    <trkpt lat="38.519432" lon="-1.703704"><ele>575.3</ele></trkpt>
    <trkpt lat="38.519495" lon="-1.703569"><ele>575.1</ele></trkpt>
    <trkpt lat="38.519454" lon="-1.703364"><ele>574.7</ele></trkpt>
    <trkpt lat="38.519398" lon="-1.703241"><ele>574.4</ele></trkpt>
    <trkpt lat="38.519254" lon="-1.703059"><ele>574</ele></trkpt>
    <trkpt lat="38.518962" lon="-1.702682"><ele>573</ele></trkpt>
    <trkpt lat="38.51789" lon="-1.701091"><ele>567.7</ele></trkpt>
    <trkpt lat="38.517564" lon="-1.700575"><ele>565.9</ele></trkpt>
    <trkpt lat="38.517027" lon="-1.699733"><ele>563.7</ele></trkpt>
    <trkpt lat="38.516703" lon="-1.69923"><ele>563</ele></trkpt>
    <trkpt lat="38.516168" lon="-1.698406"><ele>561.9</ele></trkpt>
    <trkpt lat="38.515735" lon="-1.697753"><ele>559.6</ele></trkpt>
    <trkpt lat="38.515592" lon="-1.697533"><ele>558.7</ele></trkpt>
    <trkpt lat="38.515376" lon="-1.697312"><ele>557.7</ele></trkpt>
    <trkpt lat="38.515094" lon="-1.697178"><ele>556.6</ele></trkpt>
    <trkpt lat="38.51489" lon="-1.697152"><ele>555.8</ele></trkpt>
    <trkpt lat="38.514747" lon="-1.697168"><ele>555.3</ele></trkpt>
    <trkpt lat="38.514335" lon="-1.697173"><ele>554.1</ele></trkpt>
    <trkpt lat="38.512889" lon="-1.697271"><ele>550.5</ele></trkpt>
    <trkpt lat="38.512536" lon="-1.697271"><ele>549.4</ele></trkpt>
    <trkpt lat="38.512029" lon="-1.697203"><ele>548.2</ele></trkpt>
    <trkpt lat="38.511782" lon="-1.697155"><ele>547.9</ele></trkpt>
    <trkpt lat="38.51148" lon="-1.697096"><ele>547.6</ele></trkpt>
    <trkpt lat="38.511438" lon="-1.697003"><ele>547.6</ele></trkpt>
    <trkpt lat="38.510766" lon="-1.698094"><ele>548.3</ele></trkpt>
    <trkpt lat="38.510507" lon="-1.698522"><ele>548.5</ele></trkpt>
    <trkpt lat="38.510371" lon="-1.698753"><ele>548.6</ele></trkpt>
    <trkpt lat="38.510205" lon="-1.699036"><ele>548.8</ele></trkpt>
    <trkpt lat="38.509945" lon="-1.699479"><ele>549</ele></trkpt>
    <trkpt lat="38.50989" lon="-1.699573"><ele>549</ele></trkpt>
    <trkpt lat="38.509867" lon="-1.699622"><ele>549.1</ele></trkpt>
    <trkpt lat="38.509521" lon="-1.700364"><ele>549.4</ele></trkpt>
    <trkpt lat="38.509359" lon="-1.700713"><ele>549.3</ele></trkpt>
    <trkpt lat="38.509274" lon="-1.700894"><ele>549.2</ele></trkpt>
    <trkpt lat="38.509116" lon="-1.701233"><ele>548.9</ele></trkpt>
    <trkpt lat="38.508931" lon="-1.70163"><ele>548.3</ele></trkpt>
    <trkpt lat="38.508855" lon="-1.701794"><ele>547.9</ele></trkpt>
    <trkpt lat="38.508722" lon="-1.702079"><ele>547.3</ele></trkpt>
    <trkpt lat="38.508539" lon="-1.70247"><ele>546.1</ele></trkpt>
    <trkpt lat="38.508196" lon="-1.703204"><ele>543.9</ele></trkpt>
    <trkpt lat="38.507963" lon="-1.70372"><ele>542.4</ele></trkpt>
    <trkpt lat="38.507966" lon="-1.703843"><ele>542</ele></trkpt>
    <trkpt lat="38.508016" lon="-1.703918"><ele>541.8</ele></trkpt>
    <trkpt lat="38.508024" lon="-1.704023"><ele>541.5</ele></trkpt>
    <trkpt lat="38.507992" lon="-1.704102"><ele>541.2</ele></trkpt>
    <trkpt lat="38.507913" lon="-1.704154"><ele>540.9</ele></trkpt>
    <trkpt lat="38.507838" lon="-1.704139"><ele>540.7</ele></trkpt>
    <trkpt lat="38.507728" lon="-1.704262"><ele>540.1</ele></trkpt>
    <trkpt lat="38.507606" lon="-1.704513"><ele>539.3</ele></trkpt>
    <trkpt lat="38.507347" lon="-1.705061"><ele>537.5</ele></trkpt>
    <trkpt lat="38.507284" lon="-1.705194"><ele>537.1</ele></trkpt>
    <trkpt lat="38.506468" lon="-1.706925"><ele>532.1</ele></trkpt>
    <trkpt lat="38.506304" lon="-1.707272"><ele>531.5</ele></trkpt>
    <trkpt lat="38.505849" lon="-1.708235"><ele>530.2</ele></trkpt>
    <trkpt lat="38.505431" lon="-1.709122"><ele>529.6</ele></trkpt>
    <trkpt lat="38.505185" lon="-1.709639"><ele>529</ele></trkpt>
    <trkpt lat="38.504903" lon="-1.710239"><ele>528.2</ele></trkpt>
    <trkpt lat="38.504668" lon="-1.710739"><ele>527.5</ele></trkpt>
    <trkpt lat="38.504488" lon="-1.711121"><ele>526.8</ele></trkpt>
    <trkpt lat="38.502926" lon="-1.71443"><ele>520.7</ele></trkpt>
    <trkpt lat="38.502842" lon="-1.714606"><ele>520.4</ele></trkpt>
    <trkpt lat="38.50249" lon="-1.715352"><ele>519.6</ele></trkpt>
    <trkpt lat="38.501842" lon="-1.716797"><ele>519.2</ele></trkpt>
    <trkpt lat="38.500769" lon="-1.719052"><ele>519.7</ele></trkpt>
    <trkpt lat="38.500414" lon="-1.719798"><ele>519.8</ele></trkpt>
    <trkpt lat="38.499837" lon="-1.721084"><ele>520</ele></trkpt>
    <trkpt lat="38.499695" lon="-1.721378"><ele>520</ele></trkpt>
    <trkpt lat="38.499558" lon="-1.721661"><ele>520</ele></trkpt>
    <trkpt lat="38.498716" lon="-1.72344"><ele>519.6</ele></trkpt>
    <trkpt lat="38.49862" lon="-1.723642"><ele>519.5</ele></trkpt>
    <trkpt lat="38.498346" lon="-1.724215"><ele>519.3</ele></trkpt>
    <trkpt lat="38.497961" lon="-1.725089"><ele>518.8</ele></trkpt>
    <trkpt lat="38.49737" lon="-1.72629"><ele>516.8</ele></trkpt>
    <trkpt lat="38.496749" lon="-1.727962"><ele>512.4</ele></trkpt>
    <trkpt lat="38.496693" lon="-1.728273"><ele>511.9</ele></trkpt>
    <trkpt lat="38.496703" lon="-1.728331"><ele>511.7</ele></trkpt>
    <trkpt lat="38.496679" lon="-1.728419"><ele>511.6</ele></trkpt>
    <trkpt lat="38.496617" lon="-1.728468"><ele>511.4</ele></trkpt>
    <trkpt lat="38.496529" lon="-1.72859"><ele>511.1</ele></trkpt>
    <trkpt lat="38.496409" lon="-1.728852"><ele>510.6</ele></trkpt>
    <trkpt lat="38.495576" lon="-1.731088"><ele>504.1</ele></trkpt>
    <trkpt lat="38.495288" lon="-1.731605"><ele>501.8</ele></trkpt>
    <trkpt lat="38.494504" lon="-1.732774"><ele>496.5</ele></trkpt>
    <trkpt lat="38.493992" lon="-1.733539"><ele>493.4</ele></trkpt>
    <trkpt lat="38.493883" lon="-1.733701"><ele>492.7</ele></trkpt>
    <trkpt lat="38.493794" lon="-1.733834"><ele>492.1</ele></trkpt>
    <trkpt lat="38.493516" lon="-1.734248"><ele>490.8</ele></trkpt>
    <trkpt lat="38.493264" lon="-1.734972"><ele>490.5</ele></trkpt>
    <trkpt lat="38.493202" lon="-1.735222"><ele>490.8</ele></trkpt>
    <trkpt lat="38.493141" lon="-1.735616"><ele>491.6</ele></trkpt>
    <trkpt lat="38.493193" lon="-1.736295"><ele>494.1</ele></trkpt>
    <trkpt lat="38.493196" lon="-1.736319"><ele>494.2</ele></trkpt>
    <trkpt lat="38.493287" lon="-1.737004"><ele>497.8</ele></trkpt>
    <trkpt lat="38.493311" lon="-1.737183"><ele>498.7</ele></trkpt>
    <trkpt lat="38.493473" lon="-1.738266"><ele>502.2</ele></trkpt>
    <trkpt lat="38.493476" lon="-1.738417"><ele>502.4</ele></trkpt>
    <trkpt lat="38.493416" lon="-1.738706"><ele>502.8</ele></trkpt>
    <trkpt lat="38.493065" lon="-1.739238"><ele>503</ele></trkpt>
    <trkpt lat="38.492642" lon="-1.739901"><ele>501.9</ele></trkpt>
    <trkpt lat="38.492002" lon="-1.740903"><ele>499.8</ele></trkpt>
    <trkpt lat="38.49144" lon="-1.741785"><ele>498.7</ele></trkpt>
    <trkpt lat="38.491322" lon="-1.74197"><ele>498.4</ele></trkpt>
    <trkpt lat="38.491018" lon="-1.742447"><ele>497.7</ele></trkpt>
    <trkpt lat="38.490818" lon="-1.74276"><ele>497.2</ele></trkpt>
    <trkpt lat="38.49055" lon="-1.743181"><ele>496.5</ele></trkpt>
    <trkpt lat="38.490514" lon="-1.743237"><ele>496.3</ele></trkpt>
    <trkpt lat="38.490291" lon="-1.743587"><ele>495.4</ele></trkpt>
    <trkpt lat="38.490079" lon="-1.74392"><ele>494.3</ele></trkpt>
    <trkpt lat="38.489862" lon="-1.744231"><ele>493.4</ele></trkpt>
    <trkpt lat="38.489219" lon="-1.745259"><ele>491.8</ele></trkpt>
    <trkpt lat="38.489146" lon="-1.745414"><ele>491.7</ele></trkpt>
    <trkpt lat="38.488669" lon="-1.746709"><ele>490.6</ele></trkpt>
    <trkpt lat="38.488605" lon="-1.746959"><ele>490.3</ele></trkpt>
    <trkpt lat="38.488326" lon="-1.74757"><ele>489.1</ele></trkpt>
    <trkpt lat="38.488087" lon="-1.748045"><ele>488</ele></trkpt>
    <trkpt lat="38.488019" lon="-1.748174"><ele>487.6</ele></trkpt>
    <trkpt lat="38.487508" lon="-1.749134"><ele>485.4</ele></trkpt>
    <trkpt lat="38.487269" lon="-1.749583"><ele>484.5</ele></trkpt>
    <trkpt lat="38.486812" lon="-1.750461"><ele>482.5</ele></trkpt>
    <trkpt lat="38.486362" lon="-1.751391"><ele>480.4</ele></trkpt>
    <trkpt lat="38.484423" lon="-1.755165"><ele>472.5</ele></trkpt>
    <trkpt lat="38.484271" lon="-1.755469"><ele>472.1</ele></trkpt>
    <trkpt lat="38.483522" lon="-1.756934"><ele>469.8</ele></trkpt>
    <trkpt lat="38.483209" lon="-1.757542"><ele>468.8</ele></trkpt>
    <trkpt lat="38.482943" lon="-1.758059"><ele>467.9</ele></trkpt>
    <trkpt lat="38.482343" lon="-1.75923"><ele>466.5</ele></trkpt>
    <trkpt lat="38.481482" lon="-1.760909"><ele>465.6</ele></trkpt>
    <trkpt lat="38.481101" lon="-1.761651"><ele>465</ele></trkpt>
    <trkpt lat="38.481055" lon="-1.761742"><ele>464.9</ele></trkpt>
    <trkpt lat="38.480674" lon="-1.762484"><ele>463.6</ele></trkpt>
    <trkpt lat="38.480286" lon="-1.763241"><ele>462</ele></trkpt>
    <trkpt lat="38.479296" lon="-1.765172"><ele>459.4</ele></trkpt>
    <trkpt lat="38.478923" lon="-1.765901"><ele>459.2</ele></trkpt>
    <trkpt lat="38.478293" lon="-1.767118"><ele>459</ele></trkpt>
    <trkpt lat="38.477538" lon="-1.768579"><ele>456.9</ele></trkpt>
    <trkpt lat="38.475826" lon="-1.771894"><ele>447.6</ele></trkpt>
    <trkpt lat="38.475717" lon="-1.772141"><ele>447</ele></trkpt>
    <trkpt lat="38.475616" lon="-1.772409"><ele>446.3</ele></trkpt>
    <trkpt lat="38.475307" lon="-1.773653"><ele>443.9</ele></trkpt>
    <trkpt lat="38.474998" lon="-1.77441"><ele>443.2</ele></trkpt>
    <trkpt lat="38.474944" lon="-1.774667"><ele>443.1</ele></trkpt>
    <trkpt lat="38.474952" lon="-1.775038"><ele>443</ele></trkpt>
    <trkpt lat="38.475037" lon="-1.775381"><ele>443.2</ele></trkpt>
    <trkpt lat="38.475037" lon="-1.775381"><ele>443.2</ele></trkpt>
    <trkpt lat="38.475058" lon="-1.775721"><ele>443.2</ele></trkpt>
    <trkpt lat="38.475058" lon="-1.775721"><ele>443.2</ele></trkpt>
    <trkpt lat="38.47502" lon="-1.775963"><ele>443.2</ele></trkpt>
    <trkpt lat="38.474968" lon="-1.776083"><ele>443.2</ele></trkpt>
    <trkpt lat="38.474928" lon="-1.776138"><ele>443.1</ele></trkpt>
    <trkpt lat="38.474928" lon="-1.776138"><ele>443.1</ele></trkpt>
    <trkpt lat="38.474733" lon="-1.77633"><ele>442.9</ele></trkpt>
    <trkpt lat="38.474154" lon="-1.776733"><ele>441.5</ele></trkpt>
    <trkpt lat="38.473771" lon="-1.777033"><ele>440.2</ele></trkpt>
    <trkpt lat="38.473402" lon="-1.777371"><ele>438.9</ele></trkpt>
    <trkpt lat="38.473016" lon="-1.777779"><ele>437.7</ele></trkpt>
    <trkpt lat="38.472597" lon="-1.778267"><ele>436.8</ele></trkpt>
    <trkpt lat="38.470812" lon="-1.780515"><ele>434.6</ele></trkpt>
    <trkpt lat="38.470703" lon="-1.780638"><ele>434.4</ele></trkpt>
    <trkpt lat="38.468775" lon="-1.783105"><ele>430.1</ele></trkpt>
    <trkpt lat="38.468705" lon="-1.783194"><ele>430</ele></trkpt>
    <trkpt lat="38.468328" lon="-1.783683"><ele>429.4</ele></trkpt>
    <trkpt lat="38.468139" lon="-1.783982"><ele>429.1</ele></trkpt>
    <trkpt lat="38.467978" lon="-1.784345"><ele>428.8</ele></trkpt>
    <trkpt lat="38.467835" lon="-1.784812"><ele>428.3</ele></trkpt>
    <trkpt lat="38.467522" lon="-1.786009"><ele>427.5</ele></trkpt>
    <trkpt lat="38.466127" lon="-1.79126"><ele>427.5</ele></trkpt>
    <trkpt lat="38.465927" lon="-1.791925"><ele>427.8</ele></trkpt>
    <trkpt lat="38.465569" lon="-1.792725"><ele>429.1</ele></trkpt>
    <trkpt lat="38.465273" lon="-1.793315"><ele>430.5</ele></trkpt>
    <trkpt lat="38.465194" lon="-1.793473"><ele>430.9</ele></trkpt>
    <trkpt lat="38.464962" lon="-1.793996"><ele>432.5</ele></trkpt>
    <trkpt lat="38.464842" lon="-1.794366"><ele>433.5</ele></trkpt>
    <trkpt lat="38.464781" lon="-1.794699"><ele>434.3</ele></trkpt>
    <trkpt lat="38.464118" lon="-1.800577"><ele>446.8</ele></trkpt>
    <trkpt lat="38.46405" lon="-1.801049"><ele>447.2</ele></trkpt>
    <trkpt lat="38.464011" lon="-1.801225"><ele>447.4</ele></trkpt>
    <trkpt lat="38.463901" lon="-1.801605"><ele>447.8</ele></trkpt>
    <trkpt lat="38.463809" lon="-1.801817"><ele>448</ele></trkpt>
    <trkpt lat="38.463582" lon="-1.802214"><ele>448.5</ele></trkpt>
    <trkpt lat="38.462187" lon="-1.804165"><ele>454</ele></trkpt>
    <trkpt lat="38.460213" lon="-1.806849"><ele>458.8</ele></trkpt>
    <trkpt lat="38.459966" lon="-1.807154"><ele>459</ele></trkpt>
    <trkpt lat="38.459614" lon="-1.807496"><ele>459.6</ele></trkpt>
    <trkpt lat="38.459437" lon="-1.807656"><ele>459.9</ele></trkpt>
    <trkpt lat="38.458949" lon="-1.808007"><ele>461.1</ele></trkpt>
    <trkpt lat="38.458384" lon="-1.808287"><ele>463.4</ele></trkpt>
    <trkpt lat="38.456549" lon="-1.808785"><ele>467.7</ele></trkpt>
    <trkpt lat="38.455618" lon="-1.80901"><ele>469</ele></trkpt>
    <trkpt lat="38.455372" lon="-1.809097"><ele>469.1</ele></trkpt>
    <trkpt lat="38.454933" lon="-1.809332"><ele>469.3</ele></trkpt>
    <trkpt lat="38.45403" lon="-1.809917"><ele>469.2</ele></trkpt>
    <trkpt lat="38.453708" lon="-1.810057"><ele>469.6</ele></trkpt>
    <trkpt lat="38.4533" lon="-1.810111"><ele>470.3</ele></trkpt>
    <trkpt lat="38.453002" lon="-1.810107"><ele>471</ele></trkpt>
    <trkpt lat="38.452425" lon="-1.810113"><ele>472.6</ele></trkpt>
    <trkpt lat="38.451558" lon="-1.810075"><ele>475</ele></trkpt>
    <trkpt lat="38.451215" lon="-1.810024"><ele>476</ele></trkpt>
    <trkpt lat="38.450947" lon="-1.809935"><ele>476.8</ele></trkpt>
    <trkpt lat="38.450763" lon="-1.809871"><ele>477.4</ele></trkpt>
    <trkpt lat="38.450225" lon="-1.809553"><ele>479.5</ele></trkpt>
    <trkpt lat="38.449179" lon="-1.808807"><ele>482.9</ele></trkpt>
    <trkpt lat="38.448896" lon="-1.808683"><ele>483.1</ele></trkpt>
    <trkpt lat="38.448623" lon="-1.808608"><ele>483.3</ele></trkpt>
    <trkpt lat="38.448392" lon="-1.808592"><ele>483.4</ele></trkpt>
    <trkpt lat="38.447969" lon="-1.808657"><ele>483.5</ele></trkpt>
    <trkpt lat="38.44772" lon="-1.808764"><ele>483.7</ele></trkpt>
    <trkpt lat="38.447159" lon="-1.809065"><ele>484.3</ele></trkpt>
    <trkpt lat="38.444762" lon="-1.810378"><ele>488.4</ele></trkpt>
    <trkpt lat="38.444308" lon="-1.810679"><ele>489.3</ele></trkpt>
    <trkpt lat="38.441991" lon="-1.812847"><ele>495.1</ele></trkpt>
    <trkpt lat="38.441544" lon="-1.813265"><ele>497</ele></trkpt>
    <trkpt lat="38.441383" lon="-1.813416"><ele>497.7</ele></trkpt>
    <trkpt lat="38.441202" lon="-1.813603"><ele>498.6</ele></trkpt>
    <trkpt lat="38.441035" lon="-1.813811"><ele>499.5</ele></trkpt>
    <trkpt lat="38.440949" lon="-1.813959"><ele>500.1</ele></trkpt>
    <trkpt lat="38.440835" lon="-1.814234"><ele>501.2</ele></trkpt>
    <trkpt lat="38.440809" lon="-1.814382"><ele>501.8</ele></trkpt>
    <trkpt lat="38.4408" lon="-1.814472"><ele>502.2</ele></trkpt>
    <trkpt lat="38.440821" lon="-1.814848"><ele>503.5</ele></trkpt>
    <trkpt lat="38.440894" lon="-1.81513"><ele>504.5</ele></trkpt>
    <trkpt lat="38.441027" lon="-1.815442"><ele>505.9</ele></trkpt>
    <trkpt lat="38.441422" lon="-1.81622"><ele>509.9</ele></trkpt>
    <trkpt lat="38.441518" lon="-1.816472"><ele>511.1</ele></trkpt>
    <trkpt lat="38.441577" lon="-1.81673"><ele>512.4</ele></trkpt>
    <trkpt lat="38.441603" lon="-1.817111"><ele>514</ele></trkpt>
    <trkpt lat="38.441347" lon="-1.820018"><ele>525.6</ele></trkpt>
    <trkpt lat="38.441077" lon="-1.821847"><ele>532.9</ele></trkpt>
    <trkpt lat="38.44101" lon="-1.822405"><ele>535.3</ele></trkpt>
    <trkpt lat="38.440963" lon="-1.823156"><ele>538.6</ele></trkpt>
    <trkpt lat="38.440892" lon="-1.824326"><ele>543.3</ele></trkpt>
    <trkpt lat="38.44085" lon="-1.824717"><ele>544.6</ele></trkpt>
    <trkpt lat="38.440682" lon="-1.825517"><ele>546.7</ele></trkpt>
    <trkpt lat="38.440538" lon="-1.826423"><ele>547.8</ele></trkpt>
    <trkpt lat="38.440472" lon="-1.827378"><ele>548</ele></trkpt>
    <trkpt lat="38.440468" lon="-1.827754"><ele>547.8</ele></trkpt>
    <trkpt lat="38.440607" lon="-1.829878"><ele>546.6</ele></trkpt>
    <trkpt lat="38.441617" lon="-1.843319"><ele>556.4</ele></trkpt>
    <trkpt lat="38.441617" lon="-1.843319"><ele>556.5</ele></trkpt>
    <trkpt lat="38.441617" lon="-1.843319"><ele>556.5</ele></trkpt>
    <trkpt lat="38.441629" lon="-1.844033"><ele>557.1</ele></trkpt>
    <trkpt lat="38.441629" lon="-1.844033"><ele>557</ele></trkpt>
    <trkpt lat="38.441629" lon="-1.844033"><ele>557</ele></trkpt>
    <trkpt lat="38.441662" lon="-1.844711"><ele>557.4</ele></trkpt>
    <trkpt lat="38.441677" lon="-1.844977"><ele>557.4</ele></trkpt>
    <trkpt lat="38.441672" lon="-1.845004"><ele>557.4</ele></trkpt>
    <trkpt lat="38.441617" lon="-1.845279"><ele>557.4</ele></trkpt>
    <trkpt lat="38.441602" lon="-1.845315"><ele>557.4</ele></trkpt>
    <trkpt lat="38.441602" lon="-1.845315"><ele>557.4</ele></trkpt>
    <trkpt lat="38.441418" lon="-1.845777"><ele>557.3</ele></trkpt>
    <trkpt lat="38.441268" lon="-1.846104"><ele>557.2</ele></trkpt>
    <trkpt lat="38.440174" lon="-1.848506"><ele>556.8</ele></trkpt>
    <trkpt lat="38.43728" lon="-1.854908"><ele>561.1</ele></trkpt>
    <trkpt lat="38.436963" lon="-1.855454"><ele>560.5</ele></trkpt>
    <trkpt lat="38.435339" lon="-1.857607"><ele>555</ele></trkpt>
    <trkpt lat="38.435219" lon="-1.857733"><ele>554.4</ele></trkpt>
    <trkpt lat="38.434743" lon="-1.858079"><ele>551.8</ele></trkpt>
    <trkpt lat="38.434607" lon="-1.858282"><ele>550.5</ele></trkpt>
    <trkpt lat="38.434487" lon="-1.858554"><ele>549</ele></trkpt>
    <trkpt lat="38.434295" lon="-1.858714"><ele>547.5</ele></trkpt>
    <trkpt lat="38.433796" lon="-1.858889"><ele>544.4</ele></trkpt>
    <trkpt lat="38.433588" lon="-1.859"><ele>543.3</ele></trkpt>
    <trkpt lat="38.433487" lon="-1.85908"><ele>542.8</ele></trkpt>
    <trkpt lat="38.433338" lon="-1.859321"><ele>541.9</ele></trkpt>
    <trkpt lat="38.433145" lon="-1.860072"><ele>540.5</ele></trkpt>
    <trkpt lat="38.43306" lon="-1.860615"><ele>540</ele></trkpt>
    <trkpt lat="38.433007" lon="-1.862335"><ele>537.2</ele></trkpt>
    <trkpt lat="38.432927" lon="-1.862618"><ele>536.3</ele></trkpt>
    <trkpt lat="38.432797" lon="-1.862934"><ele>535.3</ele></trkpt>
    <trkpt lat="38.432741" lon="-1.863296"><ele>533.9</ele></trkpt>
    <trkpt lat="38.432773" lon="-1.863668"><ele>532.3</ele></trkpt>
    <trkpt lat="38.432816" lon="-1.863855"><ele>531.2</ele></trkpt>
    <trkpt lat="38.433009" lon="-1.864428"><ele>527.4</ele></trkpt>
    <trkpt lat="38.433049" lon="-1.864726"><ele>525.2</ele></trkpt>
    <trkpt lat="38.433041" lon="-1.864881"><ele>524</ele></trkpt>
    <trkpt lat="38.433003" lon="-1.865041"><ele>522.6</ele></trkpt>
    <trkpt lat="38.432834" lon="-1.865413"><ele>518.9</ele></trkpt>
    <trkpt lat="38.43258" lon="-1.865816"><ele>514.5</ele></trkpt>
    <trkpt lat="38.432463" lon="-1.865961"><ele>512.7</ele></trkpt>
    <trkpt lat="38.432375" lon="-1.866057"><ele>511.5</ele></trkpt>
    <trkpt lat="38.432202" lon="-1.866173"><ele>509.5</ele></trkpt>
    <trkpt lat="38.43184" lon="-1.866305"><ele>506.1</ele></trkpt>
    <trkpt lat="38.431673" lon="-1.866322"><ele>504.8</ele></trkpt>
    <trkpt lat="38.430937" lon="-1.866202"><ele>500.4</ele></trkpt>
    <trkpt lat="38.430029" lon="-1.866084"><ele>495.7</ele></trkpt>
    <trkpt lat="38.429722" lon="-1.866126"><ele>493.9</ele></trkpt>
    <trkpt lat="38.429544" lon="-1.866199"><ele>492.7</ele></trkpt>
    <trkpt lat="38.429392" lon="-1.866291"><ele>491.5</ele></trkpt>
    <trkpt lat="38.429135" lon="-1.866559"><ele>489.2</ele></trkpt>
    <trkpt lat="38.428824" lon="-1.867107"><ele>485.9</ele></trkpt>
    <trkpt lat="38.428669" lon="-1.867389"><ele>484.6</ele></trkpt>
    <trkpt lat="38.423734" lon="-1.876623"><ele>494.6</ele></trkpt>
    <trkpt lat="38.422922" lon="-1.877997"><ele>494.5</ele></trkpt>
    <trkpt lat="38.422236" lon="-1.879013"><ele>491.2</ele></trkpt>
    <trkpt lat="38.421716" lon="-1.879884"><ele>486.3</ele></trkpt>
    <trkpt lat="38.420665" lon="-1.881719"><ele>473.7</ele></trkpt>
    <trkpt lat="38.420514" lon="-1.88204"><ele>471.8</ele></trkpt>
    <trkpt lat="38.420455" lon="-1.882211"><ele>470.8</ele></trkpt>
    <trkpt lat="38.420345" lon="-1.882709"><ele>468.2</ele></trkpt>
    <trkpt lat="38.420109" lon="-1.884424"><ele>460.5</ele></trkpt>
    <trkpt lat="38.420084" lon="-1.884876"><ele>459.2</ele></trkpt>
    <trkpt lat="38.420153" lon="-1.8857"><ele>458.1</ele></trkpt>
    <trkpt lat="38.420262" lon="-1.886621"><ele>458.5</ele></trkpt>
    <trkpt lat="38.42035" lon="-1.886939"><ele>458.9</ele></trkpt>
    <trkpt lat="38.420496" lon="-1.887226"><ele>459.3</ele></trkpt>
    <trkpt lat="38.420655" lon="-1.887449"><ele>459.7</ele></trkpt>
    <trkpt lat="38.421178" lon="-1.887926"><ele>460.5</ele></trkpt>
    <trkpt lat="38.421451" lon="-1.888181"><ele>460.9</ele></trkpt>
    <trkpt lat="38.421614" lon="-1.888417"><ele>461.3</ele></trkpt>
    <trkpt lat="38.421679" lon="-1.888571"><ele>461.6</ele></trkpt>
    <trkpt lat="38.421748" lon="-1.888929"><ele>462.2</ele></trkpt>
    <trkpt lat="38.421851" lon="-1.890048"><ele>464.1</ele></trkpt>
    <trkpt lat="38.42213" lon="-1.893009"><ele>468.1</ele></trkpt>
    <trkpt lat="38.422653" lon="-1.895712"><ele>469.4</ele></trkpt>
    <trkpt lat="38.423094" lon="-1.897982"><ele>469.2</ele></trkpt>
    <trkpt lat="38.42308" lon="-1.898437"><ele>469.2</ele></trkpt>
    <trkpt lat="38.422951" lon="-1.898764"><ele>469.1</ele></trkpt>
    <trkpt lat="38.422699" lon="-1.899061"><ele>469</ele></trkpt>
    <trkpt lat="38.422247" lon="-1.899688"><ele>468.7</ele></trkpt>
    <trkpt lat="38.421605" lon="-1.900715"><ele>469.1</ele></trkpt>
    <trkpt lat="38.421491" lon="-1.900954"><ele>469.6</ele></trkpt>
    <trkpt lat="38.421436" lon="-1.901138"><ele>470</ele></trkpt>
    <trkpt lat="38.421408" lon="-1.901506"><ele>470.8</ele></trkpt>
    <trkpt lat="38.421418" lon="-1.901826"><ele>471.8</ele></trkpt>
    <trkpt lat="38.421614" lon="-1.904943"><ele>482.8</ele></trkpt>
    <trkpt lat="38.421694" lon="-1.905703"><ele>485.1</ele></trkpt>
    <trkpt lat="38.423135" lon="-1.912516"><ele>502.2</ele></trkpt>
    <trkpt lat="38.423205" lon="-1.912959"><ele>503.5</ele></trkpt>
    <trkpt lat="38.423211" lon="-1.913307"><ele>504.6</ele></trkpt>
    <trkpt lat="38.423068" lon="-1.914377"><ele>508.6</ele></trkpt>
    <trkpt lat="38.42283" lon="-1.915709"><ele>513.2</ele></trkpt>
    <trkpt lat="38.422236" lon="-1.918167"><ele>518.8</ele></trkpt>
    <trkpt lat="38.422041" lon="-1.918711"><ele>519.8</ele></trkpt>
    <trkpt lat="38.421482" lon="-1.919807"><ele>521.1</ele></trkpt>
    <trkpt lat="38.420366" lon="-1.921875"><ele>519.7</ele></trkpt>
    <trkpt lat="38.41967" lon="-1.923437"><ele>517.3</ele></trkpt>
    <trkpt lat="38.418981" lon="-1.924794"><ele>514.6</ele></trkpt>
    <trkpt lat="38.418672" lon="-1.925251"><ele>514</ele></trkpt>
    <trkpt lat="38.417887" lon="-1.926193"><ele>512.4</ele></trkpt>
    <trkpt lat="38.417577" lon="-1.92662"><ele>511</ele></trkpt>
    <trkpt lat="38.417482" lon="-1.926781"><ele>510.5</ele></trkpt>
    <trkpt lat="38.41725" lon="-1.927381"><ele>509.1</ele></trkpt>
    <trkpt lat="38.416995" lon="-1.927946"><ele>508.7</ele></trkpt>
    <trkpt lat="38.416299" lon="-1.929013"><ele>513</ele></trkpt>
    <trkpt lat="38.416215" lon="-1.929176"><ele>514.2</ele></trkpt>
    <trkpt lat="38.416147" lon="-1.929384"><ele>515.6</ele></trkpt>
    <trkpt lat="38.41605" lon="-1.929809"><ele>518.5</ele></trkpt>
    <trkpt lat="38.416033" lon="-1.930001"><ele>519.8</ele></trkpt>
    <trkpt lat="38.416099" lon="-1.930918"><ele>526.8</ele></trkpt>
    <trkpt lat="38.416066" lon="-1.931289"><ele>529.8</ele></trkpt>
    <trkpt lat="38.415883" lon="-1.931768"><ele>534.2</ele></trkpt>
    <trkpt lat="38.415724" lon="-1.931992"><ele>536.8</ele></trkpt>
    <trkpt lat="38.415548" lon="-1.932146"><ele>539.1</ele></trkpt>
    <trkpt lat="38.415213" lon="-1.9323"><ele>543.1</ele></trkpt>
    <trkpt lat="38.413801" lon="-1.93279"><ele>559.9</ele></trkpt>
    <trkpt lat="38.413031" lon="-1.933271"><ele>569.3</ele></trkpt>
    <trkpt lat="38.412856" lon="-1.933356"><ele>571.4</ele></trkpt>
    <trkpt lat="38.412147" lon="-1.933526"><ele>579.5</ele></trkpt>
    <trkpt lat="38.412063" lon="-1.933567"><ele>580.5</ele></trkpt>
    <trkpt lat="38.411797" lon="-1.933822"><ele>584.2</ele></trkpt>
    <trkpt lat="38.410483" lon="-1.935609"><ele>603</ele></trkpt>
    <trkpt lat="38.410316" lon="-1.93575"><ele>604.2</ele></trkpt>
    <trkpt lat="38.41021" lon="-1.935806"><ele>604.7</ele></trkpt>
    <trkpt lat="38.409972" lon="-1.935852"><ele>605.5</ele></trkpt>
    <trkpt lat="38.40925" lon="-1.935867"><ele>604.2</ele></trkpt>
    <trkpt lat="38.40893" lon="-1.935911"><ele>601.9</ele></trkpt>
    <trkpt lat="38.408194" lon="-1.93626"><ele>594.1</ele></trkpt>
    <trkpt lat="38.408036" lon="-1.936285"><ele>592.2</ele></trkpt>
    <trkpt lat="38.407316" lon="-1.936273"><ele>584.2</ele></trkpt>
    <trkpt lat="38.40716" lon="-1.936244"><ele>582.7</ele></trkpt>
    <trkpt lat="38.407058" lon="-1.936189"><ele>581.6</ele></trkpt>
    <trkpt lat="38.406968" lon="-1.9361"><ele>580.6</ele></trkpt>
    <trkpt lat="38.40661" lon="-1.935453"><ele>575.7</ele></trkpt>
    <trkpt lat="38.40652" lon="-1.935335"><ele>574.8</ele></trkpt>
    <trkpt lat="38.406422" lon="-1.935262"><ele>574.2</ele></trkpt>
    <trkpt lat="38.406311" lon="-1.935235"><ele>573.6</ele></trkpt>
    <trkpt lat="38.406196" lon="-1.935247"><ele>573.1</ele></trkpt>
    <trkpt lat="38.40607" lon="-1.93531"><ele>572.6</ele></trkpt>
    <trkpt lat="38.406063" lon="-1.935318"><ele>572.5</ele></trkpt>
    <trkpt lat="38.406" lon="-1.935394"><ele>572.2</ele></trkpt>
    <trkpt lat="38.405983" lon="-1.935453"><ele>572.1</ele></trkpt>
    <trkpt lat="38.405966" lon="-1.935516"><ele>571.9</ele></trkpt>
    <trkpt lat="38.40598" lon="-1.935644"><ele>571.7</ele></trkpt>
    <trkpt lat="38.406088" lon="-1.935978"><ele>571.3</ele></trkpt>
    <trkpt lat="38.40627" lon="-1.936359"><ele>571.2</ele></trkpt>
    <trkpt lat="38.406353" lon="-1.936444"><ele>571.3</ele></trkpt>
    <trkpt lat="38.406463" lon="-1.936502"><ele>571.4</ele></trkpt>
    <trkpt lat="38.406724" lon="-1.936563"><ele>571.5</ele></trkpt>
    <trkpt lat="38.406848" lon="-1.936636"><ele>571.4</ele></trkpt>
    <trkpt lat="38.407117" lon="-1.936856"><ele>571</ele></trkpt>
    <trkpt lat="38.407231" lon="-1.937007"><ele>570.5</ele></trkpt>
    <trkpt lat="38.407248" lon="-1.937108"><ele>570.2</ele></trkpt>
    <trkpt lat="38.407222" lon="-1.937214"><ele>569.9</ele></trkpt>
    <trkpt lat="38.407166" lon="-1.937308"><ele>569.5</ele></trkpt>
    <trkpt lat="38.407032" lon="-1.937354"><ele>568.8</ele></trkpt>
    <trkpt lat="38.406948" lon="-1.937333"><ele>568.3</ele></trkpt>
    <trkpt lat="38.406855" lon="-1.937269"><ele>567.6</ele></trkpt>
    <trkpt lat="38.40541" lon="-1.936186"><ele>550.9</ele></trkpt>
    <trkpt lat="38.404475" lon="-1.93604"><ele>540.8</ele></trkpt>
    <trkpt lat="38.40412" lon="-1.935932"><ele>537.4</ele></trkpt>
    <trkpt lat="38.403957" lon="-1.935803"><ele>535.8</ele></trkpt>
    <trkpt lat="38.403683" lon="-1.935388"><ele>532.7</ele></trkpt>
    <trkpt lat="38.403394" lon="-1.935241"><ele>530.7</ele></trkpt>
    <trkpt lat="38.40308" lon="-1.934949"><ele>528.4</ele></trkpt>
    <trkpt lat="38.402815" lon="-1.934783"><ele>526.6</ele></trkpt>
    <trkpt lat="38.401881" lon="-1.934457"><ele>517.1</ele></trkpt>
    <trkpt lat="38.401731" lon="-1.934444"><ele>515.1</ele></trkpt>
    <trkpt lat="38.401656" lon="-1.934464"><ele>514.1</ele></trkpt>
    <trkpt lat="38.401538" lon="-1.934561"><ele>512.3</ele></trkpt>
    <trkpt lat="38.40134" lon="-1.934816"><ele>508.7</ele></trkpt>
    <trkpt lat="38.401231" lon="-1.934912"><ele>507.1</ele></trkpt>
    <trkpt lat="38.401152" lon="-1.934944"><ele>506.1</ele></trkpt>
    <trkpt lat="38.401004" lon="-1.934947"><ele>504.4</ele></trkpt>
    <trkpt lat="38.400825" lon="-1.934836"><ele>502.1</ele></trkpt>
    <trkpt lat="38.400721" lon="-1.934647"><ele>500.2</ele></trkpt>
    <trkpt lat="38.400709" lon="-1.934513"><ele>499.1</ele></trkpt>
    <trkpt lat="38.400728" lon="-1.934162"><ele>496.5</ele></trkpt>
    <trkpt lat="38.400652" lon="-1.933988"><ele>495.2</ele></trkpt>
    <trkpt lat="38.400585" lon="-1.933938"><ele>494.5</ele></trkpt>
    <trkpt lat="38.400477" lon="-1.93391"><ele>493.6</ele></trkpt>
    <trkpt lat="38.400308" lon="-1.933926"><ele>492.2</ele></trkpt>
    <trkpt lat="38.400228" lon="-1.933906"><ele>491.5</ele></trkpt>
    <trkpt lat="38.399954" lon="-1.933758"><ele>489</ele></trkpt>
    <trkpt lat="38.399728" lon="-1.933736"><ele>486.9</ele></trkpt>
    <trkpt lat="38.399186" lon="-1.934052"><ele>480.2</ele></trkpt>
    <trkpt lat="38.398981" lon="-1.934091"><ele>477.5</ele></trkpt>
    <trkpt lat="38.39882" lon="-1.93403"><ele>475.3</ele></trkpt>
    <trkpt lat="38.398541" lon="-1.933711"><ele>470.3</ele></trkpt>
    <trkpt lat="38.39846" lon="-1.933651"><ele>469.2</ele></trkpt>
    <trkpt lat="38.398093" lon="-1.933536"><ele>464.9</ele></trkpt>
    <trkpt lat="38.397927" lon="-1.9334"><ele>462.9</ele></trkpt>
    <trkpt lat="38.397824" lon="-1.933258"><ele>461.5</ele></trkpt>
    <trkpt lat="38.397654" lon="-1.93296"><ele>459</ele></trkpt>
    <trkpt lat="38.397175" lon="-1.931867"><ele>453.2</ele></trkpt>
    <trkpt lat="38.396382" lon="-1.930468"><ele>445.6</ele></trkpt>
    <trkpt lat="38.396032" lon="-1.92982"><ele>440.3</ele></trkpt>
    <trkpt lat="38.395869" lon="-1.929402"><ele>437</ele></trkpt>
    <trkpt lat="38.395757" lon="-1.928881"><ele>433.5</ele></trkpt>
    <trkpt lat="38.39563" lon="-1.927952"><ele>429.8</ele></trkpt>
    <trkpt lat="38.395621" lon="-1.927388"><ele>428.9</ele></trkpt>
    <trkpt lat="38.395888" lon="-1.926174"><ele>430.3</ele></trkpt>
    <trkpt lat="38.395844" lon="-1.925936"><ele>431.5</ele></trkpt>
    <trkpt lat="38.395745" lon="-1.925768"><ele>432.6</ele></trkpt>
    <trkpt lat="38.395227" lon="-1.925203"><ele>437.8</ele></trkpt>
    <trkpt lat="38.39512" lon="-1.92517"><ele>438.8</ele></trkpt>
    <trkpt lat="38.394997" lon="-1.925226"><ele>440</ele></trkpt>
    <trkpt lat="38.394323" lon="-1.925856"><ele>451</ele></trkpt>
    <trkpt lat="38.394137" lon="-1.925925"><ele>453.6</ele></trkpt>
    <trkpt lat="38.393673" lon="-1.926001"><ele>460.4</ele></trkpt>
    <trkpt lat="38.393553" lon="-1.926081"><ele>462.4</ele></trkpt>
    <trkpt lat="38.39344" lon="-1.926216"><ele>464.9</ele></trkpt>
    <trkpt lat="38.393361" lon="-1.926379"><ele>467.3</ele></trkpt>
    <trkpt lat="38.393199" lon="-1.927031"><ele>475.5</ele></trkpt>
    <trkpt lat="38.393015" lon="-1.927416"><ele>480.2</ele></trkpt>
    <trkpt lat="38.392334" lon="-1.92835"><ele>488.5</ele></trkpt>
    <trkpt lat="38.392134" lon="-1.928557"><ele>489.8</ele></trkpt>
    <trkpt lat="38.391978" lon="-1.928679"><ele>490.6</ele></trkpt>
    <trkpt lat="38.39172" lon="-1.928837"><ele>491.9</ele></trkpt>
    <trkpt lat="38.391443" lon="-1.928955"><ele>493</ele></trkpt>
    <trkpt lat="38.390418" lon="-1.929265"><ele>497.4</ele></trkpt>
    <trkpt lat="38.389577" lon="-1.929762"><ele>502</ele></trkpt>
    <trkpt lat="38.389396" lon="-1.929835"><ele>503</ele></trkpt>
    <trkpt lat="38.387997" lon="-1.930221"><ele>513.3</ele></trkpt>
    <trkpt lat="38.387745" lon="-1.930337"><ele>515.8</ele></trkpt>
    <trkpt lat="38.387423" lon="-1.930534"><ele>518.8</ele></trkpt>
    <trkpt lat="38.386983" lon="-1.930926"><ele>522.7</ele></trkpt>
    <trkpt lat="38.386799" lon="-1.931144"><ele>524.1</ele></trkpt>
    <trkpt lat="38.38619" lon="-1.932008"><ele>526.4</ele></trkpt>
    <trkpt lat="38.385653" lon="-1.93261"><ele>527.4</ele></trkpt>
    <trkpt lat="38.385395" lon="-1.932853"><ele>528.3</ele></trkpt>
    <trkpt lat="38.385199" lon="-1.932918"><ele>529.1</ele></trkpt>
    <trkpt lat="38.384989" lon="-1.932893"><ele>529.9</ele></trkpt>
    <trkpt lat="38.384799" lon="-1.932773"><ele>530.8</ele></trkpt>
    <trkpt lat="38.384072" lon="-1.932174"><ele>533.8</ele></trkpt>
    <trkpt lat="38.383779" lon="-1.932004"><ele>534.4</ele></trkpt>
    <trkpt lat="38.383418" lon="-1.931903"><ele>534.6</ele></trkpt>
    <trkpt lat="38.382712" lon="-1.931834"><ele>533.7</ele></trkpt>
    <trkpt lat="38.382241" lon="-1.931824"><ele>532.7</ele></trkpt>
    <trkpt lat="38.381848" lon="-1.931856"><ele>531.8</ele></trkpt>
    <trkpt lat="38.379826" lon="-1.932249"><ele>527.5</ele></trkpt>
    <trkpt lat="38.378257" lon="-1.932556"><ele>526</ele></trkpt>
    <trkpt lat="38.377983" lon="-1.932632"><ele>526.1</ele></trkpt>
    <trkpt lat="38.377636" lon="-1.93278"><ele>526.5</ele></trkpt>
    <trkpt lat="38.377228" lon="-1.933065"><ele>527.2</ele></trkpt>
    <trkpt lat="38.371412" lon="-1.938265"><ele>547</ele></trkpt>
    <trkpt lat="38.36853" lon="-1.940913"><ele>555.8</ele></trkpt>
    <trkpt lat="38.367612" lon="-1.941884"><ele>556.9</ele></trkpt>
    <trkpt lat="38.367514" lon="-1.941991"><ele>557</ele></trkpt>
    <trkpt lat="38.367404" lon="-1.942112"><ele>557.1</ele></trkpt>
    <trkpt lat="38.367304" lon="-1.942221"><ele>557.3</ele></trkpt>
    <trkpt lat="38.367164" lon="-1.942379"><ele>557.5</ele></trkpt>
    <trkpt lat="38.366927" lon="-1.942678"><ele>558.1</ele></trkpt>
    <trkpt lat="38.366659" lon="-1.943121"><ele>559.1</ele></trkpt>
    <trkpt lat="38.365504" lon="-1.945451"><ele>567.1</ele></trkpt>
    <trkpt lat="38.36533" lon="-1.945772"><ele>568.1</ele></trkpt>
    <trkpt lat="38.365194" lon="-1.94594"><ele>568.7</ele></trkpt>
    <trkpt lat="38.364919" lon="-1.946163"><ele>569.7</ele></trkpt>
    <trkpt lat="38.363186" lon="-1.947257"><ele>574.5</ele></trkpt>
    <trkpt lat="38.362988" lon="-1.947414"><ele>574.7</ele></trkpt>
    <trkpt lat="38.36184" lon="-1.948518"><ele>574.3</ele></trkpt>
    <trkpt lat="38.361649" lon="-1.94866"><ele>574.1</ele></trkpt>
    <trkpt lat="38.360178" lon="-1.949578"><ele>575.8</ele></trkpt>
    <trkpt lat="38.35998" lon="-1.949743"><ele>576.7</ele></trkpt>
    <trkpt lat="38.357917" lon="-1.951911"><ele>594.3</ele></trkpt>
    <trkpt lat="38.357706" lon="-1.952171"><ele>596.3</ele></trkpt>
    <trkpt lat="38.357477" lon="-1.952566"><ele>598.7</ele></trkpt>
    <trkpt lat="38.356994" lon="-1.953604"><ele>603.7</ele></trkpt>
    <trkpt lat="38.356885" lon="-1.95394"><ele>604.7</ele></trkpt>
    <trkpt lat="38.356866" lon="-1.9541"><ele>605</ele></trkpt>
    <trkpt lat="38.356865" lon="-1.954303"><ele>605.4</ele></trkpt>
    <trkpt lat="38.356896" lon="-1.954539"><ele>605.7</ele></trkpt>
    <trkpt lat="38.357024" lon="-1.954892"><ele>605.8</ele></trkpt>
    <trkpt lat="38.357146" lon="-1.955129"><ele>605.6</ele></trkpt>
    <trkpt lat="38.357402" lon="-1.955549"><ele>604.8</ele></trkpt>
    <trkpt lat="38.357784" lon="-1.956062"><ele>603.6</ele></trkpt>
    <trkpt lat="38.357911" lon="-1.956335"><ele>603.2</ele></trkpt>
    <trkpt lat="38.357982" lon="-1.956665"><ele>603</ele></trkpt>
    <trkpt lat="38.358041" lon="-1.957749"><ele>604.5</ele></trkpt>
    <trkpt lat="38.357968" lon="-1.958157"><ele>606</ele></trkpt>
    <trkpt lat="38.35733" lon="-1.960211"><ele>614.7</ele></trkpt>
    <trkpt lat="38.357292" lon="-1.960484"><ele>615.3</ele></trkpt>
    <trkpt lat="38.35731" lon="-1.960814"><ele>615.9</ele></trkpt>
    <trkpt lat="38.357663" lon="-1.961842"><ele>618.1</ele></trkpt>
    <trkpt lat="38.357705" lon="-1.962172"><ele>619.1</ele></trkpt>
    <trkpt lat="38.357655" lon="-1.962525"><ele>620.6</ele></trkpt>
    <trkpt lat="38.357585" lon="-1.962744"><ele>621.7</ele></trkpt>
    <trkpt lat="38.357018" lon="-1.964095"><ele>632</ele></trkpt>
    <trkpt lat="38.356824" lon="-1.964457"><ele>635.5</ele></trkpt>
    <trkpt lat="38.356142" lon="-1.965535"><ele>648.3</ele></trkpt>
    <trkpt lat="38.355987" lon="-1.965831"><ele>651.7</ele></trkpt>
    <trkpt lat="38.355889" lon="-1.96618"><ele>655</ele></trkpt>
    <trkpt lat="38.355877" lon="-1.966519"><ele>657.8</ele></trkpt>
    <trkpt lat="38.355916" lon="-1.966854"><ele>660.3</ele></trkpt>
    <trkpt lat="38.356168" lon="-1.967665"><ele>665.4</ele></trkpt>
    <trkpt lat="38.356254" lon="-1.968091"><ele>667.2</ele></trkpt>
    <trkpt lat="38.356259" lon="-1.968293"><ele>667.8</ele></trkpt>
    <trkpt lat="38.356213" lon="-1.968632"><ele>668.8</ele></trkpt>
    <trkpt lat="38.356124" lon="-1.968892"><ele>669.6</ele></trkpt>
    <trkpt lat="38.356006" lon="-1.96911"><ele>670.2</ele></trkpt>
    <trkpt lat="38.355824" lon="-1.969338"><ele>671</ele></trkpt>
    <trkpt lat="38.355417" lon="-1.969761"><ele>672.6</ele></trkpt>
    <trkpt lat="38.355114" lon="-1.969998"><ele>673.7</ele></trkpt>
    <trkpt lat="38.354672" lon="-1.970166"><ele>675.2</ele></trkpt>
    <trkpt lat="38.353998" lon="-1.970331"><ele>678.4</ele></trkpt>
    <trkpt lat="38.353424" lon="-1.970478"><ele>682.1</ele></trkpt>
    <trkpt lat="38.352717" lon="-1.970728"><ele>687.8</ele></trkpt>
    <trkpt lat="38.352523" lon="-1.970821"><ele>689.5</ele></trkpt>
    <trkpt lat="38.352136" lon="-1.971069"><ele>693.1</ele></trkpt>
    <trkpt lat="38.351703" lon="-1.971437"><ele>697.6</ele></trkpt>
    <trkpt lat="38.351485" lon="-1.971673"><ele>700.2</ele></trkpt>
    <trkpt lat="38.3512" lon="-1.972047"><ele>704</ele></trkpt>
    <trkpt lat="38.350899" lon="-1.972529"><ele>708.8</ele></trkpt>
    <trkpt lat="38.350391" lon="-1.973348"><ele>715.8</ele></trkpt>
    <trkpt lat="38.350177" lon="-1.973641"><ele>717.8</ele></trkpt>
    <trkpt lat="38.349952" lon="-1.973855"><ele>719.2</ele></trkpt>
    <trkpt lat="38.349683" lon="-1.974016"><ele>720.3</ele></trkpt>
    <trkpt lat="38.349122" lon="-1.974128"><ele>721.4</ele></trkpt>
    <trkpt lat="38.348084" lon="-1.974231"><ele>723.2</ele></trkpt>
    <trkpt lat="38.346995" lon="-1.974287"><ele>726.7</ele></trkpt>
    <trkpt lat="38.346553" lon="-1.974434"><ele>728.4</ele></trkpt>
    <trkpt lat="38.346252" lon="-1.97463"><ele>729.7</ele></trkpt>
    <trkpt lat="38.346092" lon="-1.974764"><ele>730.4</ele></trkpt>
    <trkpt lat="38.345804" lon="-1.975126"><ele>731.9</ele></trkpt>
    <trkpt lat="38.345241" lon="-1.976077"><ele>734.4</ele></trkpt>
    <trkpt lat="38.34441" lon="-1.977561"><ele>738</ele></trkpt>
    <trkpt lat="38.344249" lon="-1.977848"><ele>738.5</ele></trkpt>
    <trkpt lat="38.343908" lon="-1.978517"><ele>739.7</ele></trkpt>
    <trkpt lat="38.343855" lon="-1.978662"><ele>739.9</ele></trkpt>
    <trkpt lat="38.343801" lon="-1.978934"><ele>740.2</ele></trkpt>
    <trkpt lat="38.34379" lon="-1.979115"><ele>740.4</ele></trkpt>
    <trkpt lat="38.343815" lon="-1.979545"><ele>740.8</ele></trkpt>
    <trkpt lat="38.343901" lon="-1.980895"><ele>742.8</ele></trkpt>
    <trkpt lat="38.343897" lon="-1.981253"><ele>743.5</ele></trkpt>
    <trkpt lat="38.343853" lon="-1.981512"><ele>744.1</ele></trkpt>
    <trkpt lat="38.343788" lon="-1.981672"><ele>744.6</ele></trkpt>
    <trkpt lat="38.343611" lon="-1.981918"><ele>745.6</ele></trkpt>
    <trkpt lat="38.343161" lon="-1.982293"><ele>748</ele></trkpt>
    <trkpt lat="38.342929" lon="-1.982564"><ele>749.5</ele></trkpt>
    <trkpt lat="38.342733" lon="-1.983028"><ele>751.7</ele></trkpt>
    <trkpt lat="38.342248" lon="-1.984602"><ele>759.5</ele></trkpt>
    <trkpt lat="38.342089" lon="-1.985011"><ele>761.7</ele></trkpt>
    <trkpt lat="38.341871" lon="-1.985377"><ele>763.9</ele></trkpt>
    <trkpt lat="38.341524" lon="-1.98572"><ele>766.3</ele></trkpt>
    <trkpt lat="38.339714" lon="-1.986873"><ele>773</ele></trkpt>
    <trkpt lat="38.339148" lon="-1.987253"><ele>773.7</ele></trkpt>
    <trkpt lat="38.338858" lon="-1.987533"><ele>773.6</ele></trkpt>
    <trkpt lat="38.338727" lon="-1.987704"><ele>773.5</ele></trkpt>
    <trkpt lat="38.338512" lon="-1.988057"><ele>773.2</ele></trkpt>
    <trkpt lat="38.338417" lon="-1.988307"><ele>773.1</ele></trkpt>
    <trkpt lat="38.338209" lon="-1.989058"><ele>772.9</ele></trkpt>
    <trkpt lat="38.33806" lon="-1.989595"><ele>773.2</ele></trkpt>
    <trkpt lat="38.338" lon="-1.98981"><ele>773.5</ele></trkpt>
    <trkpt lat="38.337803" lon="-1.990362"><ele>774.5</ele></trkpt>
    <trkpt lat="38.337583" lon="-1.990849"><ele>775.8</ele></trkpt>
    <trkpt lat="38.337021" lon="-1.991946"><ele>777.7</ele></trkpt>
    <trkpt lat="38.33698" lon="-1.992098"><ele>777.7</ele></trkpt>
    <trkpt lat="38.336983" lon="-1.992254"><ele>777.6</ele></trkpt>
    <trkpt lat="38.337026" lon="-1.992336"><ele>777.6</ele></trkpt>
    <trkpt lat="38.337194" lon="-1.992515"><ele>777.3</ele></trkpt>
    <trkpt lat="38.337467" lon="-1.992705"><ele>776.7</ele></trkpt>
    <trkpt lat="38.338119" lon="-1.993197"><ele>773.6</ele></trkpt>
    <trkpt lat="38.338308" lon="-1.993347"><ele>772.4</ele></trkpt>
    <trkpt lat="38.338968" lon="-1.994123"><ele>767.4</ele></trkpt>
    <trkpt lat="38.339183" lon="-1.994391"><ele>765.7</ele></trkpt>
    <trkpt lat="38.340272" lon="-1.995762"><ele>757.5</ele></trkpt>
    <trkpt lat="38.340407" lon="-1.99595"><ele>756.5</ele></trkpt>
    <trkpt lat="38.340486" lon="-1.996104"><ele>755.8</ele></trkpt>
    <trkpt lat="38.340784" lon="-1.996805"><ele>752.5</ele></trkpt>
    <trkpt lat="38.341022" lon="-1.997367"><ele>749.8</ele></trkpt>
    <trkpt lat="38.341231" lon="-1.997685"><ele>748</ele></trkpt>
    <trkpt lat="38.341421" lon="-1.997801"><ele>747</ele></trkpt>
    <trkpt lat="38.341909" lon="-1.997988"><ele>744.5</ele></trkpt>
    <trkpt lat="38.342153" lon="-1.998203"><ele>743</ele></trkpt>
    <trkpt lat="38.342262" lon="-1.998375"><ele>742.2</ele></trkpt>
    <trkpt lat="38.342351" lon="-1.998579"><ele>741.2</ele></trkpt>
    <trkpt lat="38.342426" lon="-1.999362"><ele>737.8</ele></trkpt>
    <trkpt lat="38.342468" lon="-1.99956"><ele>736.8</ele></trkpt>
    <trkpt lat="38.342628" lon="-1.999887"><ele>734.9</ele></trkpt>
    <trkpt lat="38.342735" lon="-1.999986"><ele>734</ele></trkpt>
    <trkpt lat="38.342911" lon="-2.000087"><ele>732.6</ele></trkpt>
    <trkpt lat="38.343567" lon="-2.000317"><ele>727.8</ele></trkpt>
    <trkpt lat="38.343688" lon="-2.000392"><ele>726.9</ele></trkpt>
    <trkpt lat="38.343809" lon="-2.000542"><ele>725.8</ele></trkpt>
    <trkpt lat="38.343899" lon="-2.000767"><ele>724.7</ele></trkpt>
    <trkpt lat="38.343945" lon="-2.000987"><ele>723.7</ele></trkpt>
    <trkpt lat="38.343941" lon="-2.001137"><ele>723.1</ele></trkpt>
    <trkpt lat="38.343902" lon="-2.001335"><ele>722.3</ele></trkpt>
    <trkpt lat="38.343646" lon="-2.001923"><ele>720.2</ele></trkpt>
    <trkpt lat="38.3436" lon="-2.002092"><ele>719.6</ele></trkpt>
    <trkpt lat="38.34358" lon="-2.002341"><ele>718.9</ele></trkpt>
    <trkpt lat="38.3436" lon="-2.002747"><ele>717.7</ele></trkpt>
    <trkpt lat="38.34364" lon="-2.002864"><ele>717.4</ele></trkpt>
    <trkpt lat="38.343717" lon="-2.002979"><ele>717</ele></trkpt>
    <trkpt lat="38.343739" lon="-2.002995"><ele>716.9</ele></trkpt>
    <trkpt lat="38.343945" lon="-2.003085"><ele>716.1</ele></trkpt>
    <trkpt lat="38.344997" lon="-2.002934"><ele>712.3</ele></trkpt>
    <trkpt lat="38.345275" lon="-2.0028"><ele>711.4</ele></trkpt>
    <trkpt lat="38.346063" lon="-2.002343"><ele>708.4</ele></trkpt>
    <trkpt lat="38.346287" lon="-2.002252"><ele>707.3</ele></trkpt>
    <trkpt lat="38.346364" lon="-2.002226"><ele>706.9</ele></trkpt>
    <trkpt lat="38.347282" lon="-2.002022"><ele>702.3</ele></trkpt>
    <trkpt lat="38.347565" lon="-2.002001"><ele>700.8</ele></trkpt>
    <trkpt lat="38.34812" lon="-2.002025"><ele>698</ele></trkpt>
    <trkpt lat="38.348611" lon="-2.0022"><ele>695.8</ele></trkpt>
    <trkpt lat="38.348903" lon="-2.002352"><ele>694.5</ele></trkpt>
    <trkpt lat="38.349099" lon="-2.0025"><ele>693.7</ele></trkpt>
    <trkpt lat="38.349502" lon="-2.002892"><ele>692.2</ele></trkpt>
    <trkpt lat="38.349637" lon="-2.003025"><ele>691.7</ele></trkpt>
    <trkpt lat="38.349809" lon="-2.003273"><ele>691.1</ele></trkpt>
    <trkpt lat="38.35024" lon="-2.00402"><ele>689.5</ele></trkpt>
    <trkpt lat="38.350454" lon="-2.004458"><ele>688.6</ele></trkpt>
    <trkpt lat="38.350513" lon="-2.004721"><ele>687.9</ele></trkpt>
    <trkpt lat="38.350623" lon="-2.005501"><ele>685.9</ele></trkpt>
    <trkpt lat="38.350686" lon="-2.005748"><ele>685.2</ele></trkpt>
    <trkpt lat="38.350757" lon="-2.005922"><ele>684.6</ele></trkpt>
    <trkpt lat="38.351018" lon="-2.006293"><ele>683.4</ele></trkpt>
    <trkpt lat="38.351408" lon="-2.006775"><ele>681.9</ele></trkpt>
    <trkpt lat="38.351687" lon="-2.007108"><ele>680.9</ele></trkpt>
    <trkpt lat="38.352014" lon="-2.00744"><ele>679.9</ele></trkpt>
    <trkpt lat="38.352642" lon="-2.007952"><ele>678.6</ele></trkpt>
    <trkpt lat="38.352872" lon="-2.008127"><ele>678.6</ele></trkpt>
    <trkpt lat="38.353171" lon="-2.008449"><ele>679.1</ele></trkpt>
    <trkpt lat="38.353282" lon="-2.008602"><ele>679.5</ele></trkpt>
    <trkpt lat="38.353481" lon="-2.009039"><ele>680.9</ele></trkpt>
    <trkpt lat="38.353596" lon="-2.009522"><ele>682.9</ele></trkpt>
    <trkpt lat="38.353613" lon="-2.010385"><ele>685.7</ele></trkpt>
    <trkpt lat="38.353616" lon="-2.010689"><ele>686</ele></trkpt>
    <trkpt lat="38.353615" lon="-2.010763"><ele>686</ele></trkpt>
    <trkpt lat="38.353618" lon="-2.010879"><ele>686</ele></trkpt>
    <trkpt lat="38.35362" lon="-2.011078"><ele>685.9</ele></trkpt>
    <trkpt lat="38.353655" lon="-2.01132"><ele>685.6</ele></trkpt>
    <trkpt lat="38.353705" lon="-2.011659"><ele>685</ele></trkpt>
    <trkpt lat="38.353815" lon="-2.011967"><ele>684.1</ele></trkpt>
    <trkpt lat="38.354069" lon="-2.012309"><ele>682.8</ele></trkpt>
    <trkpt lat="38.354382" lon="-2.012487"><ele>681.5</ele></trkpt>
    <trkpt lat="38.354568" lon="-2.012558"><ele>680.9</ele></trkpt>
    <trkpt lat="38.35503" lon="-2.012672"><ele>679.4</ele></trkpt>
    <trkpt lat="38.355289" lon="-2.012668"><ele>678.5</ele></trkpt>
    <trkpt lat="38.355478" lon="-2.01263"><ele>677.7</ele></trkpt>
    <trkpt lat="38.355617" lon="-2.012571"><ele>677.1</ele></trkpt>
    <trkpt lat="38.3558" lon="-2.012456"><ele>676.3</ele></trkpt>
    <trkpt lat="38.356326" lon="-2.011984"><ele>673.7</ele></trkpt>
    <trkpt lat="38.356469" lon="-2.01192"><ele>673.2</ele></trkpt>
    <trkpt lat="38.356675" lon="-2.011861"><ele>672.5</ele></trkpt>
    <trkpt lat="38.357719" lon="-2.011902"><ele>670.7</ele></trkpt>
    <trkpt lat="38.359026" lon="-2.011923"><ele>668.3</ele></trkpt>
    <trkpt lat="38.359202" lon="-2.011932"><ele>667.8</ele></trkpt>
    <trkpt lat="38.359675" lon="-2.011957"><ele>666.5</ele></trkpt>
    <trkpt lat="38.359842" lon="-2.011996"><ele>666.1</ele></trkpt>
    <trkpt lat="38.360074" lon="-2.012059"><ele>665.4</ele></trkpt>
    <trkpt lat="38.360474" lon="-2.012295"><ele>664.2</ele></trkpt>
    <trkpt lat="38.361196" lon="-2.012632"><ele>662.1</ele></trkpt>
    <trkpt lat="38.361357" lon="-2.012666"><ele>661.6</ele></trkpt>
    <trkpt lat="38.362104" lon="-2.012684"><ele>658.6</ele></trkpt>
    <trkpt lat="38.363494" lon="-2.012725"><ele>651.9</ele></trkpt>
    <trkpt lat="38.363671" lon="-2.012767"><ele>651.1</ele></trkpt>
    <trkpt lat="38.363847" lon="-2.012843"><ele>650.3</ele></trkpt>
    <trkpt lat="38.364024" lon="-2.013046"><ele>649.3</ele></trkpt>
    <trkpt lat="38.364107" lon="-2.013237"><ele>648.6</ele></trkpt>
    <trkpt lat="38.364188" lon="-2.013497"><ele>647.8</ele></trkpt>
    <trkpt lat="38.364226" lon="-2.013722"><ele>647.1</ele></trkpt>
    <trkpt lat="38.364384" lon="-2.014889"><ele>642.8</ele></trkpt>
    <trkpt lat="38.364565" lon="-2.015642"><ele>638.7</ele></trkpt>
    <trkpt lat="38.364871" lon="-2.016627"><ele>633</ele></trkpt>
    <trkpt lat="38.36497" lon="-2.016839"><ele>632.3</ele></trkpt>
    <trkpt lat="38.365105" lon="-2.017054"><ele>631.7</ele></trkpt>
    <trkpt lat="38.365275" lon="-2.017238"><ele>631.4</ele></trkpt>
    <trkpt lat="38.365416" lon="-2.017375"><ele>631.3</ele></trkpt>
    <trkpt lat="38.365622" lon="-2.017488"><ele>631.5</ele></trkpt>
    <trkpt lat="38.365745" lon="-2.017498"><ele>631.7</ele></trkpt>
    <trkpt lat="38.365946" lon="-2.017375"><ele>632.4</ele></trkpt>
    <trkpt lat="38.366051" lon="-2.017236"><ele>633</ele></trkpt>
    <trkpt lat="38.366367" lon="-2.016474"><ele>637.3</ele></trkpt>
    <trkpt lat="38.366632" lon="-2.016104"><ele>639.5</ele></trkpt>
    <trkpt lat="38.367191" lon="-2.015557"><ele>643.1</ele></trkpt>
    <trkpt lat="38.367576" lon="-2.015223"><ele>645.1</ele></trkpt>
    <trkpt lat="38.368099" lon="-2.014736"><ele>646.9</ele></trkpt>
    <trkpt lat="38.368322" lon="-2.014409"><ele>647.2</ele></trkpt>
    <trkpt lat="38.368446" lon="-2.014165"><ele>647.2</ele></trkpt>
    <trkpt lat="38.368528" lon="-2.013851"><ele>647.1</ele></trkpt>
    <trkpt lat="38.368693" lon="-2.013427"><ele>646.9</ele></trkpt>
    <trkpt lat="38.36897" lon="-2.013052"><ele>646.6</ele></trkpt>
    <trkpt lat="38.369891" lon="-2.012199"><ele>645.9</ele></trkpt>
    <trkpt lat="38.370297" lon="-2.011791"><ele>645.8</ele></trkpt>
    <trkpt lat="38.370997" lon="-2.011126"><ele>645.6</ele></trkpt>
    <trkpt lat="38.371136" lon="-2.010954"><ele>645.6</ele></trkpt>
    <trkpt lat="38.371237" lon="-2.010809"><ele>645.7</ele></trkpt>
    <trkpt lat="38.3713" lon="-2.01067"><ele>645.7</ele></trkpt>
    <trkpt lat="38.371413" lon="-2.010282"><ele>646</ele></trkpt>
    <trkpt lat="38.371595" lon="-2.009592"><ele>646.5</ele></trkpt>
    <trkpt lat="38.371662" lon="-2.009238"><ele>646.8</ele></trkpt>
    <trkpt lat="38.371792" lon="-2.0067"><ele>648.3</ele></trkpt>
    <trkpt lat="38.371839" lon="-2.006228"><ele>649.3</ele></trkpt>
    <trkpt lat="38.372015" lon="-2.005429"><ele>651.7</ele></trkpt>
    <trkpt lat="38.372091" lon="-2.005177"><ele>652.4</ele></trkpt>
    <trkpt lat="38.372196" lon="-2.004967"><ele>652.9</ele></trkpt>
    <trkpt lat="38.372335" lon="-2.00479"><ele>653.2</ele></trkpt>
    <trkpt lat="38.37252" lon="-2.00464"><ele>653.3</ele></trkpt>
    <trkpt lat="38.372743" lon="-2.004538"><ele>653</ele></trkpt>
    <trkpt lat="38.373672" lon="-2.004318"><ele>646.9</ele></trkpt>
    <trkpt lat="38.37395" lon="-2.004211"><ele>643.7</ele></trkpt>
    <trkpt lat="38.375426" lon="-2.002967"><ele>620.7</ele></trkpt>
    <trkpt lat="38.375663" lon="-2.002574"><ele>617</ele></trkpt>
    <trkpt lat="38.375839" lon="-2.00232"><ele>615.1</ele></trkpt>
    <trkpt lat="38.376019" lon="-2.002189"><ele>613.9</ele></trkpt>
    <trkpt lat="38.376212" lon="-2.00214"><ele>613.1</ele></trkpt>
    <trkpt lat="38.376511" lon="-2.002189"><ele>612.4</ele></trkpt>
    <trkpt lat="38.376877" lon="-2.002409"><ele>612.6</ele></trkpt>
    <trkpt lat="38.377059" lon="-2.002631"><ele>612.8</ele></trkpt>
    <trkpt lat="38.377269" lon="-2.003007"><ele>612.8</ele></trkpt>
    <trkpt lat="38.377541" lon="-2.003632"><ele>611.8</ele></trkpt>
    <trkpt lat="38.377688" lon="-2.003809"><ele>611.1</ele></trkpt>
    <trkpt lat="38.37784" lon="-2.003911"><ele>610.4</ele></trkpt>
    <trkpt lat="38.377987" lon="-2.00397"><ele>609.7</ele></trkpt>
    <trkpt lat="38.378138" lon="-2.003991"><ele>609.1</ele></trkpt>
    <trkpt lat="38.378689" lon="-2.004018"><ele>607.1</ele></trkpt>
    <trkpt lat="38.37903" lon="-2.004115"><ele>606.2</ele></trkpt>
    <trkpt lat="38.381263" lon="-2.004962"><ele>611.6</ele></trkpt>
    <trkpt lat="38.381448" lon="-2.005069"><ele>612.2</ele></trkpt>
    <trkpt lat="38.381641" lon="-2.005236"><ele>612.7</ele></trkpt>
    <trkpt lat="38.381801" lon="-2.005482"><ele>613.2</ele></trkpt>
    <trkpt lat="38.381923" lon="-2.00581"><ele>613.4</ele></trkpt>
    <trkpt lat="38.382091" lon="-2.006394"><ele>613</ele></trkpt>
    <trkpt lat="38.382188" lon="-2.006593"><ele>612.6</ele></trkpt>
    <trkpt lat="38.382743" lon="-2.007242"><ele>610.4</ele></trkpt>
    <trkpt lat="38.382979" lon="-2.007575"><ele>609.1</ele></trkpt>
    <trkpt lat="38.383391" lon="-2.008465"><ele>606.7</ele></trkpt>
    <trkpt lat="38.383634" lon="-2.008926"><ele>605.7</ele></trkpt>
    <trkpt lat="38.383933" lon="-2.009399"><ele>604.7</ele></trkpt>
    <trkpt lat="38.384131" lon="-2.009629"><ele>604.1</ele></trkpt>
    <trkpt lat="38.384278" lon="-2.009736"><ele>603.8</ele></trkpt>
    <trkpt lat="38.384585" lon="-2.009822"><ele>602.9</ele></trkpt>
    <trkpt lat="38.384724" lon="-2.009785"><ele>602.5</ele></trkpt>
    <trkpt lat="38.384875" lon="-2.009704"><ele>602</ele></trkpt>
    <trkpt lat="38.384963" lon="-2.009581"><ele>601.6</ele></trkpt>
    <trkpt lat="38.385005" lon="-2.009452"><ele>601.3</ele></trkpt>
    <trkpt lat="38.385031" lon="-2.009286"><ele>600.9</ele></trkpt>
    <trkpt lat="38.38501" lon="-2.008976"><ele>600.2</ele></trkpt>
    <trkpt lat="38.384984" lon="-2.00832"><ele>598.8</ele></trkpt>
    <trkpt lat="38.384839" lon="-2.006185"><ele>594.4</ele></trkpt>
    <trkpt lat="38.384783" lon="-2.005047"><ele>592.4</ele></trkpt>
    <trkpt lat="38.384783" lon="-2.004602"><ele>592.3</ele></trkpt>
    <trkpt lat="38.384841" lon="-2.004265"><ele>592.6</ele></trkpt>
    <trkpt lat="38.384917" lon="-2.003991"><ele>593.2</ele></trkpt>
    <trkpt lat="38.385081" lon="-2.003621"><ele>594.4</ele></trkpt>
    <trkpt lat="38.385232" lon="-2.003396"><ele>595.4</ele></trkpt>
    <trkpt lat="38.385422" lon="-2.003181"><ele>596.8</ele></trkpt>
    <trkpt lat="38.38654" lon="-2.002167"><ele>602.9</ele></trkpt>
    <trkpt lat="38.386788" lon="-2.001915"><ele>603.6</ele></trkpt>
    <trkpt lat="38.38702" lon="-2.001663"><ele>603.8</ele></trkpt>
    <trkpt lat="38.387554" lon="-2.000987"><ele>603.5</ele></trkpt>
    <trkpt lat="38.387688" lon="-2.000848"><ele>603.6</ele></trkpt>
    <trkpt lat="38.387789" lon="-2.000789"><ele>603.7</ele></trkpt>
    <trkpt lat="38.387928" lon="-2.000762"><ele>603.9</ele></trkpt>
    <trkpt lat="38.388041" lon="-2.000783"><ele>604.1</ele></trkpt>
    <trkpt lat="38.388177" lon="-2.000882"><ele>604.4</ele></trkpt>
    <trkpt lat="38.388289" lon="-2.001073"><ele>605</ele></trkpt>
    <trkpt lat="38.388522" lon="-2.0018"><ele>607.7</ele></trkpt>
    <trkpt lat="38.388735" lon="-2.002629"><ele>612.2</ele></trkpt>
    <trkpt lat="38.3889" lon="-2.003591"><ele>615.7</ele></trkpt>
    <trkpt lat="38.389008" lon="-2.004002"><ele>616.2</ele></trkpt>
    <trkpt lat="38.389176" lon="-2.004324"><ele>616</ele></trkpt>
    <trkpt lat="38.389378" lon="-2.004619"><ele>615.7</ele></trkpt>
    <trkpt lat="38.389547" lon="-2.004753"><ele>615.5</ele></trkpt>
    <trkpt lat="38.389807" lon="-2.004882"><ele>615.3</ele></trkpt>
    <trkpt lat="38.390039" lon="-2.004925"><ele>615.2</ele></trkpt>
    <trkpt lat="38.390261" lon="-2.004914"><ele>615.2</ele></trkpt>
    <trkpt lat="38.390401" lon="-2.00487"><ele>615.2</ele></trkpt>
    <trkpt lat="38.390699" lon="-2.004726"><ele>615.4</ele></trkpt>
    <trkpt lat="38.390942" lon="-2.004554"><ele>615.8</ele></trkpt>
    <trkpt lat="38.391338" lon="-2.004147"><ele>617</ele></trkpt>
    <trkpt lat="38.391527" lon="-2.00383"><ele>617.6</ele></trkpt>
    <trkpt lat="38.391691" lon="-2.003413"><ele>617.9</ele></trkpt>
    <trkpt lat="38.391767" lon="-2.003138"><ele>618.2</ele></trkpt>
    <trkpt lat="38.391897" lon="-2.0025"><ele>619</ele></trkpt>
    <trkpt lat="38.391939" lon="-2.00214"><ele>619.8</ele></trkpt>
    <trkpt lat="38.392153" lon="-2.001379"><ele>622.4</ele></trkpt>
    <trkpt lat="38.392443" lon="-2.000773"><ele>625.3</ele></trkpt>
    <trkpt lat="38.392649" lon="-2.000456"><ele>627</ele></trkpt>
    <trkpt lat="38.393961" lon="-1.998739"><ele>632.3</ele></trkpt>
    <trkpt lat="38.394129" lon="-1.998562"><ele>631.8</ele></trkpt>
    <trkpt lat="38.394302" lon="-1.998428"><ele>631.2</ele></trkpt>
    <trkpt lat="38.394764" lon="-1.998208"><ele>629.2</ele></trkpt>
    <trkpt lat="38.394953" lon="-1.998085"><ele>628</ele></trkpt>
    <trkpt lat="38.395168" lon="-1.997886"><ele>626.4</ele></trkpt>
    <trkpt lat="38.395374" lon="-1.997602"><ele>624.4</ele></trkpt>
    <trkpt lat="38.395534" lon="-1.997243"><ele>622.1</ele></trkpt>
    <trkpt lat="38.395714" lon="-1.996744"><ele>619</ele></trkpt>
    <trkpt lat="38.395815" lon="-1.996578"><ele>617.8</ele></trkpt>
    <trkpt lat="38.395941" lon="-1.996444"><ele>616.6</ele></trkpt>
    <trkpt lat="38.396093" lon="-1.996385"><ele>615.5</ele></trkpt>
    <trkpt lat="38.396244" lon="-1.996395"><ele>614.4</ele></trkpt>
    <trkpt lat="38.396387" lon="-1.99647"><ele>613.4</ele></trkpt>
    <trkpt lat="38.396986" lon="-1.997132"><ele>609</ele></trkpt>
    <trkpt lat="38.397236" lon="-1.997538"><ele>607.5</ele></trkpt>
    <trkpt lat="38.397358" lon="-1.997795"><ele>606.6</ele></trkpt>
    <trkpt lat="38.397414" lon="-1.997969"><ele>606.1</ele></trkpt>
    <trkpt lat="38.397499" lon="-1.998409"><ele>604.6</ele></trkpt>
    <trkpt lat="38.39749" lon="-1.999638"><ele>599.8</ele></trkpt>
    <trkpt lat="38.39756" lon="-1.999995"><ele>598.5</ele></trkpt>
    <trkpt lat="38.397636" lon="-2.000274"><ele>597.6</ele></trkpt>
    <trkpt lat="38.39778" lon="-2.000566"><ele>596.7</ele></trkpt>
    <trkpt lat="38.397923" lon="-2.000764"><ele>596.2</ele></trkpt>
    <trkpt lat="38.398103" lon="-2.000939"><ele>595.7</ele></trkpt>
    <trkpt lat="38.398241" lon="-2.001035"><ele>595.5</ele></trkpt>
    <trkpt lat="38.398409" lon="-2.001127"><ele>595.3</ele></trkpt>
    <trkpt lat="38.39883" lon="-2.001223"><ele>594.9</ele></trkpt>
    <trkpt lat="38.40031" lon="-2.001352"><ele>594.7</ele></trkpt>
    <trkpt lat="38.400537" lon="-2.001406"><ele>594.8</ele></trkpt>
    <trkpt lat="38.400705" lon="-2.001502"><ele>594.8</ele></trkpt>
    <trkpt lat="38.400835" lon="-2.001631"><ele>594.8</ele></trkpt>
    <trkpt lat="38.400971" lon="-2.001816"><ele>594.6</ele></trkpt>
    <trkpt lat="38.401156" lon="-2.002175"><ele>594.2</ele></trkpt>
    <trkpt lat="38.401277" lon="-2.002328"><ele>594</ele></trkpt>
    <trkpt lat="38.401474" lon="-2.002414"><ele>593.6</ele></trkpt>
    <trkpt lat="38.401832" lon="-2.002489"><ele>592.9</ele></trkpt>
    <trkpt lat="38.402042" lon="-2.002591"><ele>592.4</ele></trkpt>
    <trkpt lat="38.40222" lon="-2.002717"><ele>592</ele></trkpt>
    <trkpt lat="38.402485" lon="-2.003076"><ele>591</ele></trkpt>
    <trkpt lat="38.402846" lon="-2.00387"><ele>588.6</ele></trkpt>
    <trkpt lat="38.403039" lon="-2.004401"><ele>586.1</ele></trkpt>
    <trkpt lat="38.403376" lon="-2.00547"><ele>579.9</ele></trkpt>
    <trkpt lat="38.403557" lon="-2.006322"><ele>576.2</ele></trkpt>
    <trkpt lat="38.403643" lon="-2.006992"><ele>572.7</ele></trkpt>
    <trkpt lat="38.403725" lon="-2.007346"><ele>570.3</ele></trkpt>
    <trkpt lat="38.4038" lon="-2.00755"><ele>568.7</ele></trkpt>
    <trkpt lat="38.403991" lon="-2.007837"><ele>565.9</ele></trkpt>
    <trkpt lat="38.40417" lon="-2.007985"><ele>563.5</ele></trkpt>
    <trkpt lat="38.404397" lon="-2.008006"><ele>560.6</ele></trkpt>
    <trkpt lat="38.40454" lon="-2.007979"><ele>558.7</ele></trkpt>
    <trkpt lat="38.405185" lon="-2.007753"><ele>550.5</ele></trkpt>
    <trkpt lat="38.405439" lon="-2.007649"><ele>547.9</ele></trkpt>
    <trkpt lat="38.405589" lon="-2.00755"><ele>546.5</ele></trkpt>
    <trkpt lat="38.405842" lon="-2.007355"><ele>544.3</ele></trkpt>
    <trkpt lat="38.406019" lon="-2.007183"><ele>542.8</ele></trkpt>
    <trkpt lat="38.406187" lon="-2.006968"><ele>541.3</ele></trkpt>
    <trkpt lat="38.406393" lon="-2.006518"><ele>539</ele></trkpt>
    <trkpt lat="38.406544" lon="-2.006051"><ele>536.9</ele></trkpt>
    <trkpt lat="38.40659" lon="-2.005609"><ele>535.1</ele></trkpt>
    <trkpt lat="38.406573" lon="-2.005324"><ele>534.1</ele></trkpt>
    <trkpt lat="38.406503" lon="-2.004731"><ele>532.4</ele></trkpt>
    <trkpt lat="38.406401" lon="-2.00412"><ele>531.2</ele></trkpt>
    <trkpt lat="38.406384" lon="-2.003744"><ele>530.4</ele></trkpt>
    <trkpt lat="38.406414" lon="-2.003476"><ele>529.7</ele></trkpt>
    <trkpt lat="38.406552" lon="-2.003208"><ele>528.7</ele></trkpt>
    <trkpt lat="38.406658" lon="-2.003117"><ele>528.1</ele></trkpt>
    <trkpt lat="38.406879" lon="-2.003025"><ele>527</ele></trkpt>
    <trkpt lat="38.407696" lon="-2.003058"><ele>521.4</ele></trkpt>
    <trkpt lat="38.40836" lon="-2.00279"><ele>516.3</ele></trkpt>
    <trkpt lat="38.408583" lon="-2.002741"><ele>514.9</ele></trkpt>
    <trkpt lat="38.408779" lon="-2.00274"><ele>513.9</ele></trkpt>
    <trkpt lat="38.408953" lon="-2.002784"><ele>513.1</ele></trkpt>
    <trkpt lat="38.409133" lon="-2.002865"><ele>512.3</ele></trkpt>
    <trkpt lat="38.409323" lon="-2.002993"><ele>511.4</ele></trkpt>
    <trkpt lat="38.409572" lon="-2.003323"><ele>509.9</ele></trkpt>
    <trkpt lat="38.409761" lon="-2.003806"><ele>507.6</ele></trkpt>
    <trkpt lat="38.409795" lon="-2.003988"><ele>506.6</ele></trkpt>
    <trkpt lat="38.409816" lon="-2.004434"><ele>504</ele></trkpt>
    <trkpt lat="38.409765" lon="-2.004975"><ele>500.3</ele></trkpt>
    <trkpt lat="38.409644" lon="-2.005709"><ele>494.5</ele></trkpt>
    <trkpt lat="38.409625" lon="-2.006316"><ele>489.9</ele></trkpt>
    <trkpt lat="38.40969" lon="-2.006906"><ele>486</ele></trkpt>
    <trkpt lat="38.409976" lon="-2.008017"><ele>480.4</ele></trkpt>
    <trkpt lat="38.410039" lon="-2.00836"><ele>479.1</ele></trkpt>
    <trkpt lat="38.410062" lon="-2.008883"><ele>477.3</ele></trkpt>
    <trkpt lat="38.410051" lon="-2.009197"><ele>475.7</ele></trkpt>
    <trkpt lat="38.409898" lon="-2.01008"><ele>468.3</ele></trkpt>
    <trkpt lat="38.409904" lon="-2.010248"><ele>466.8</ele></trkpt>
    <trkpt lat="38.40997" lon="-2.010423"><ele>465.2</ele></trkpt>
    <trkpt lat="38.410078" lon="-2.010558"><ele>463.7</ele></trkpt>
    <trkpt lat="38.410155" lon="-2.010622"><ele>462.9</ele></trkpt>
    <trkpt lat="38.41027" lon="-2.010648"><ele>462</ele></trkpt>
    <trkpt lat="38.410739" lon="-2.010603"><ele>459.2</ele></trkpt>
    <trkpt lat="38.410881" lon="-2.010551"><ele>458.6</ele></trkpt>
    <trkpt lat="38.411093" lon="-2.010378"><ele>458.2</ele></trkpt>
    <trkpt lat="38.411257" lon="-2.010299"><ele>458.5</ele></trkpt>
    <trkpt lat="38.411368" lon="-2.010299"><ele>458.8</ele></trkpt>
    <trkpt lat="38.411478" lon="-2.010346"><ele>459.2</ele></trkpt>
    <trkpt lat="38.41158" lon="-2.010454"><ele>459.8</ele></trkpt>
    <trkpt lat="38.411646" lon="-2.010589"><ele>460.4</ele></trkpt>
    <trkpt lat="38.411665" lon="-2.010716"><ele>461</ele></trkpt>
    <trkpt lat="38.411659" lon="-2.010857"><ele>461.5</ele></trkpt>
    <trkpt lat="38.411626" lon="-2.010965"><ele>462</ele></trkpt>
    <trkpt lat="38.411555" lon="-2.011104"><ele>462.7</ele></trkpt>
    <trkpt lat="38.411214" lon="-2.011582"><ele>464.9</ele></trkpt>
    <trkpt lat="38.411049" lon="-2.011976"><ele>466.3</ele></trkpt>
    <trkpt lat="38.410827" lon="-2.013068"><ele>471.1</ele></trkpt>
    <trkpt lat="38.41071" lon="-2.013288"><ele>472.8</ele></trkpt>
    <trkpt lat="38.410462" lon="-2.013658"><ele>476.2</ele></trkpt>
    <trkpt lat="38.410386" lon="-2.013835"><ele>477.6</ele></trkpt>
    <trkpt lat="38.410369" lon="-2.014114"><ele>479.6</ele></trkpt>
    <trkpt lat="38.410407" lon="-2.014243"><ele>480.6</ele></trkpt>
    <trkpt lat="38.410466" lon="-2.014361"><ele>481.6</ele></trkpt>
    <trkpt lat="38.410613" lon="-2.014538"><ele>483.4</ele></trkpt>
    <trkpt lat="38.410756" lon="-2.014645"><ele>485</ele></trkpt>
    <trkpt lat="38.411092" lon="-2.014747"><ele>488.2</ele></trkpt>
    <trkpt lat="38.41126" lon="-2.014736"><ele>489.7</ele></trkpt>
    <trkpt lat="38.411838" lon="-2.014556"><ele>494.8</ele></trkpt>
    <trkpt lat="38.412198" lon="-2.014447"><ele>497.5</ele></trkpt>
    <trkpt lat="38.412551" lon="-2.014371"><ele>499.9</ele></trkpt>
    <trkpt lat="38.412879" lon="-2.014355"><ele>501.9</ele></trkpt>
    <trkpt lat="38.413443" lon="-2.014427"><ele>505.1</ele></trkpt>
    <trkpt lat="38.414354" lon="-2.014768"><ele>511.1</ele></trkpt>
    <trkpt lat="38.415607" lon="-2.015299"><ele>521.8</ele></trkpt>
    <trkpt lat="38.415743" lon="-2.015378"><ele>523.3</ele></trkpt>
    <trkpt lat="38.41587" lon="-2.015467"><ele>524.7</ele></trkpt>
    <trkpt lat="38.416506" lon="-2.016125"><ele>533.8</ele></trkpt>
    <trkpt lat="38.416683" lon="-2.016233"><ele>536</ele></trkpt>
    <trkpt lat="38.416981" lon="-2.016341"><ele>539.3</ele></trkpt>
    <trkpt lat="38.41725" lon="-2.016345"><ele>541.9</ele></trkpt>
    <trkpt lat="38.417767" lon="-2.016278"><ele>546.4</ele></trkpt>
    <trkpt lat="38.418036" lon="-2.016284"><ele>548.4</ele></trkpt>
    <trkpt lat="38.41829" lon="-2.016335"><ele>550.2</ele></trkpt>
    <trkpt lat="38.418652" lon="-2.016514"><ele>552.6</ele></trkpt>
    <trkpt lat="38.418953" lon="-2.016786"><ele>554.6</ele></trkpt>
    <trkpt lat="38.419096" lon="-2.016968"><ele>555.5</ele></trkpt>
    <trkpt lat="38.419217" lon="-2.017161"><ele>556.3</ele></trkpt>
    <trkpt lat="38.419381" lon="-2.017536"><ele>557.4</ele></trkpt>
    <trkpt lat="38.419975" lon="-2.019151"><ele>557.1</ele></trkpt>
    <trkpt lat="38.420265" lon="-2.020012"><ele>553.5</ele></trkpt>
    <trkpt lat="38.420747" lon="-2.021614"><ele>543.4</ele></trkpt>
    <trkpt lat="38.42132" lon="-2.023703"><ele>531.9</ele></trkpt>
    <trkpt lat="38.421533" lon="-2.024306"><ele>529.1</ele></trkpt>
    <trkpt lat="38.422158" lon="-2.025431"><ele>525.1</ele></trkpt>
    <trkpt lat="38.422281" lon="-2.025602"><ele>524.9</ele></trkpt>
    <trkpt lat="38.422494" lon="-2.02575"><ele>524.8</ele></trkpt>
    <trkpt lat="38.422626" lon="-2.025787"><ele>524.8</ele></trkpt>
    <trkpt lat="38.422995" lon="-2.025733"><ele>525.2</ele></trkpt>
    <trkpt lat="38.423658" lon="-2.025493"><ele>526.1</ele></trkpt>
    <trkpt lat="38.424113" lon="-2.025302"><ele>526.4</ele></trkpt>
    <trkpt lat="38.424368" lon="-2.025128"><ele>526.4</ele></trkpt>
    <trkpt lat="38.424996" lon="-2.024655"><ele>525.1</ele></trkpt>
    <trkpt lat="38.42545" lon="-2.024269"><ele>524.3</ele></trkpt>
    <trkpt lat="38.425525" lon="-2.024129"><ele>524.2</ele></trkpt>
    <trkpt lat="38.426042" lon="-2.02228"><ele>522.3</ele></trkpt>
    <trkpt lat="38.426135" lon="-2.021964"><ele>521.5</ele></trkpt>
    <trkpt lat="38.426275" lon="-2.021655"><ele>520.8</ele></trkpt>
    <trkpt lat="38.426416" lon="-2.021501"><ele>520.5</ele></trkpt>
    <trkpt lat="38.426628" lon="-2.021392"><ele>520.2</ele></trkpt>
    <trkpt lat="38.426722" lon="-2.021374"><ele>520.1</ele></trkpt>
    <trkpt lat="38.426926" lon="-2.021403"><ele>520</ele></trkpt>
    <trkpt lat="38.427038" lon="-2.021451"><ele>519.9</ele></trkpt>
    <trkpt lat="38.427344" lon="-2.021707"><ele>520.4</ele></trkpt>
    <trkpt lat="38.427463" lon="-2.021816"><ele>520.8</ele></trkpt>
    <trkpt lat="38.428261" lon="-2.02259"><ele>525.1</ele></trkpt>
    <trkpt lat="38.428551" lon="-2.022928"><ele>526.3</ele></trkpt>
    <trkpt lat="38.428779" lon="-2.023246"><ele>527.2</ele></trkpt>
    <trkpt lat="38.429505" lon="-2.024497"><ele>529.4</ele></trkpt>
    <trkpt lat="38.429818" lon="-2.025086"><ele>530.6</ele></trkpt>
    <trkpt lat="38.430187" lon="-2.025977"><ele>533</ele></trkpt>
    <trkpt lat="38.430296" lon="-2.02639"><ele>534.3</ele></trkpt>
    <trkpt lat="38.430393" lon="-2.026825"><ele>535.9</ele></trkpt>
    <trkpt lat="38.430578" lon="-2.028048"><ele>540.4</ele></trkpt>
    <trkpt lat="38.430785" lon="-2.029419"><ele>544.7</ele></trkpt>
    <trkpt lat="38.430803" lon="-2.029504"><ele>544.9</ele></trkpt>
    <trkpt lat="38.430846" lon="-2.029715"><ele>545.6</ele></trkpt>
    <trkpt lat="38.430946" lon="-2.030075"><ele>546.7</ele></trkpt>
    <trkpt lat="38.43107" lon="-2.030403"><ele>547.7</ele></trkpt>
    <trkpt lat="38.431604" lon="-2.031704"><ele>552.7</ele></trkpt>
    <trkpt lat="38.432316" lon="-2.033275"><ele>559.7</ele></trkpt>
    <trkpt lat="38.432538" lon="-2.033688"><ele>561.4</ele></trkpt>
    <trkpt lat="38.432673" lon="-2.033892"><ele>562.2</ele></trkpt>
    <trkpt lat="38.433249" lon="-2.034665"><ele>565</ele></trkpt>
    <trkpt lat="38.433391" lon="-2.034854"><ele>565.5</ele></trkpt>
    <trkpt lat="38.434102" lon="-2.035681"><ele>567.3</ele></trkpt>
    <trkpt lat="38.434482" lon="-2.036564"><ele>568.6</ele></trkpt>
    <trkpt lat="38.434896" lon="-2.037141"><ele>569.8</ele></trkpt>
    <trkpt lat="38.435075" lon="-2.037554"><ele>570.6</ele></trkpt>
    <trkpt lat="38.435401" lon="-2.038726"><ele>572.8</ele></trkpt>
    <trkpt lat="38.435411" lon="-2.039007"><ele>573.4</ele></trkpt>
    <trkpt lat="38.435321" lon="-2.039772"><ele>575.9</ele></trkpt>
    <trkpt lat="38.435356" lon="-2.040016"><ele>576.8</ele></trkpt>
    <trkpt lat="38.435455" lon="-2.04034"><ele>578.2</ele></trkpt>
    <trkpt lat="38.435543" lon="-2.040509"><ele>579.1</ele></trkpt>
    <trkpt lat="38.435705" lon="-2.040708"><ele>580.3</ele></trkpt>
    <trkpt lat="38.436244" lon="-2.041353"><ele>583.9</ele></trkpt>
    <trkpt lat="38.436875" lon="-2.042086"><ele>586.1</ele></trkpt>
    <trkpt lat="38.437123" lon="-2.042317"><ele>586.7</ele></trkpt>
    <trkpt lat="38.437357" lon="-2.042457"><ele>587.1</ele></trkpt>
    <trkpt lat="38.437834" lon="-2.042636"><ele>588.5</ele></trkpt>
    <trkpt lat="38.43855" lon="-2.043049"><ele>591.9</ele></trkpt>
    <trkpt lat="38.438691" lon="-2.043095"><ele>592.6</ele></trkpt>
    <trkpt lat="38.438957" lon="-2.043117"><ele>594.1</ele></trkpt>
    <trkpt lat="38.439606" lon="-2.043004"><ele>597.4</ele></trkpt>
    <trkpt lat="38.440004" lon="-2.042969"><ele>598.6</ele></trkpt>
    <trkpt lat="38.440321" lon="-2.043041"><ele>599.2</ele></trkpt>
    <trkpt lat="38.440631" lon="-2.043176"><ele>599.5</ele></trkpt>
    <trkpt lat="38.440926" lon="-2.043419"><ele>599.8</ele></trkpt>
    <trkpt lat="38.441392" lon="-2.043956"><ele>600.8</ele></trkpt>
    <trkpt lat="38.441527" lon="-2.044042"><ele>601.1</ele></trkpt>
    <trkpt lat="38.441645" lon="-2.044074"><ele>601.5</ele></trkpt>
    <trkpt lat="38.441884" lon="-2.044004"><ele>602.5</ele></trkpt>
    <trkpt lat="38.441989" lon="-2.043907"><ele>603.1</ele></trkpt>
    <trkpt lat="38.442098" lon="-2.043757"><ele>603.9</ele></trkpt>
    <trkpt lat="38.442787" lon="-2.042593"><ele>610</ele></trkpt>
    <trkpt lat="38.442923" lon="-2.042486"><ele>610.8</ele></trkpt>
    <trkpt lat="38.443056" lon="-2.042432"><ele>611.4</ele></trkpt>
    <trkpt lat="38.443191" lon="-2.042427"><ele>612.1</ele></trkpt>
    <trkpt lat="38.443472" lon="-2.042518"><ele>613.4</ele></trkpt>
    <trkpt lat="38.443629" lon="-2.042615"><ele>614.3</ele></trkpt>
    <trkpt lat="38.444098" lon="-2.043031"><ele>616.7</ele></trkpt>
    <trkpt lat="38.444209" lon="-2.043125"><ele>617.3</ele></trkpt>
    <trkpt lat="38.444293" lon="-2.043157"><ele>617.6</ele></trkpt>
    <trkpt lat="38.444377" lon="-2.043184"><ele>618</ele></trkpt>
    <trkpt lat="38.444513" lon="-2.043173"><ele>618.5</ele></trkpt>
    <trkpt lat="38.444979" lon="-2.043133"><ele>620.2</ele></trkpt>
    <trkpt lat="38.44573" lon="-2.043077"><ele>622.1</ele></trkpt>
    <trkpt lat="38.445791" lon="-2.043073"><ele>622.2</ele></trkpt>
    <trkpt lat="38.446209" lon="-2.043044"><ele>623.1</ele></trkpt>
    <trkpt lat="38.447025" lon="-2.04298"><ele>624.6</ele></trkpt>
    <trkpt lat="38.44721" lon="-2.043046"><ele>624.9</ele></trkpt>
    <trkpt lat="38.447345" lon="-2.043123"><ele>625.1</ele></trkpt>
    <trkpt lat="38.447713" lon="-2.043461"><ele>625.9</ele></trkpt>
    <trkpt lat="38.44821" lon="-2.043805"><ele>626.7</ele></trkpt>
    <trkpt lat="38.448555" lon="-2.044199"><ele>627.7</ele></trkpt>
    <trkpt lat="38.448854" lon="-2.044576"><ele>629.1</ele></trkpt>
    <trkpt lat="38.448988" lon="-2.044659"><ele>629.7</ele></trkpt>
    <trkpt lat="38.44939" lon="-2.044715"><ele>631.5</ele></trkpt>
    <trkpt lat="38.45008" lon="-2.044824"><ele>634.2</ele></trkpt>
    <trkpt lat="38.450418" lon="-2.045031"><ele>635.6</ele></trkpt>
    <trkpt lat="38.450485" lon="-2.045115"><ele>635.9</ele></trkpt>
    <trkpt lat="38.450535" lon="-2.0453"><ele>636.4</ele></trkpt>
    <trkpt lat="38.450581" lon="-2.045535"><ele>636.8</ele></trkpt>
    <trkpt lat="38.450641" lon="-2.04584"><ele>637.2</ele></trkpt>
    <trkpt lat="38.450685" lon="-2.04606"><ele>637.4</ele></trkpt>
    <trkpt lat="38.450771" lon="-2.046499"><ele>637.9</ele></trkpt>
    <trkpt lat="38.450882" lon="-2.046595"><ele>638.2</ele></trkpt>
    <trkpt lat="38.450836" lon="-2.046848"><ele>638.7</ele></trkpt>
    <trkpt lat="38.450809" lon="-2.046961"><ele>638.9</ele></trkpt>
    <trkpt lat="38.450727" lon="-2.047308"><ele>639.6</ele></trkpt>
    <trkpt lat="38.450547" lon="-2.048089"><ele>641</ele></trkpt>
    <trkpt lat="38.450569" lon="-2.048162"><ele>641.2</ele></trkpt>
    <trkpt lat="38.450944" lon="-2.048461"><ele>642.8</ele></trkpt>
    <trkpt lat="38.451044" lon="-2.048544"><ele>643.2</ele></trkpt>
    <trkpt lat="38.451073" lon="-2.048568"><ele>643.3</ele></trkpt>
    <trkpt lat="38.451254" lon="-2.048719"><ele>644</ele></trkpt>
    <trkpt lat="38.451404" lon="-2.048855"><ele>644.4</ele></trkpt>
    <trkpt lat="38.451615" lon="-2.049086"><ele>644.9</ele></trkpt>
    <trkpt lat="38.451849" lon="-2.049373"><ele>645.3</ele></trkpt>
    <trkpt lat="38.451894" lon="-2.049431"><ele>645.3</ele></trkpt>
    <trkpt lat="38.451935" lon="-2.049491"><ele>645.3</ele></trkpt>
    <trkpt lat="38.451973" lon="-2.049563"><ele>645.3</ele></trkpt>
    <trkpt lat="38.452111" lon="-2.050433"><ele>644.3</ele></trkpt>
    <trkpt lat="38.452203" lon="-2.05108"><ele>642.8</ele></trkpt>
    <trkpt lat="38.452212" lon="-2.05113"><ele>642.7</ele></trkpt>
    <trkpt lat="38.45226" lon="-2.051456"><ele>641.9</ele></trkpt>
    <trkpt lat="38.452349" lon="-2.052059"><ele>640.5</ele></trkpt>
    <trkpt lat="38.452399" lon="-2.052396"><ele>639.9</ele></trkpt>
    <trkpt lat="38.452423" lon="-2.052562"><ele>639.7</ele></trkpt>
    <trkpt lat="38.452468" lon="-2.052792"><ele>639.5</ele></trkpt>
    <trkpt lat="38.452486" lon="-2.052887"><ele>639.4</ele></trkpt>
    <trkpt lat="38.452571" lon="-2.053286"><ele>639.1</ele></trkpt>
    <trkpt lat="38.452642" lon="-2.053601"><ele>639</ele></trkpt>
  </trkseg></trk></gpx>