<?xml version="1.0" encoding="UTF-8"?>
<gpx version="1.1" creator="tour-scraper" xmlns="http://www.topografix.com/GPX/1/1">
  <trk><name>Stage 16: From Cortegana to La Rábida. Palos de la Frontera — La Vuelta 26</name><trkseg>
    <trkpt lat="37.888026" lon="-6.802657"><ele>610.2</ele></trkpt>
    <trkpt lat="37.88785" lon="-6.802835"><ele>610.2</ele></trkpt>
    <trkpt lat="37.887754" lon="-6.802893"><ele>610.3</ele></trkpt>
    <trkpt lat="37.887599" lon="-6.802888"><ele>610.3</ele></trkpt>
    <trkpt lat="37.887049" lon="-6.802574"><ele>610.8</ele></trkpt>
    <trkpt lat="37.886902" lon="-6.802459"><ele>611</ele></trkpt>
    <trkpt lat="37.886616" lon="-6.802119"><ele>611.7</ele></trkpt>
    <trkpt lat="37.885072" lon="-6.800048"><ele>620.6</ele></trkpt>
    <trkpt lat="37.884989" lon="-6.799969"><ele>621.3</ele></trkpt>
    <trkpt lat="37.884806" lon="-6.799938"><ele>622.7</ele></trkpt>
    <trkpt lat="37.883597" lon="-6.800113"><ele>632.5</ele></trkpt>
    <trkpt lat="37.883395" lon="-6.800101"><ele>633.5</ele></trkpt>
    <trkpt lat="37.883281" lon="-6.800054"><ele>633.9</ele></trkpt>
    <trkpt lat="37.882769" lon="-6.799728"><ele>633.8</ele></trkpt>
    <trkpt lat="37.88103" lon="-6.799063"><ele>619.2</ele></trkpt>
    <trkpt lat="37.879075" lon="-6.798302"><ele>608.8</ele></trkpt>
    <trkpt lat="37.878976" lon="-6.798247"><ele>608.7</ele></trkpt>
    <trkpt lat="37.878805" lon="-6.798087"><ele>608.5</ele></trkpt>
    <trkpt lat="37.878639" lon="-6.797809"><ele>608.5</ele></trkpt>
    <trkpt lat="37.877143" lon="-6.794561"><ele>613.8</ele></trkpt>
    <trkpt lat="37.87693" lon="-6.7941"><ele>613.6</ele></trkpt>
    <trkpt lat="37.876748" lon="-6.793809"><ele>613</ele></trkpt>
    <trkpt lat="37.875754" lon="-6.792828"><ele>606.1</ele></trkpt>
    <trkpt lat="37.874913" lon="-6.791986"><ele>597.1</ele></trkpt>
    <trkpt lat="37.874752" lon="-6.791784"><ele>595.3</ele></trkpt>
    <trkpt lat="37.874694" lon="-6.791673"><ele>594.5</ele></trkpt>
    <trkpt lat="37.874451" lon="-6.790868"><ele>590.6</ele></trkpt>
    <trkpt lat="37.87423" lon="-6.790097"><ele>588.2</ele></trkpt>
    <trkpt lat="37.873988" lon="-6.789197"><ele>586.5</ele></trkpt>
    <trkpt lat="37.873957" lon="-6.789074"><ele>586.3</ele></trkpt>
    <trkpt lat="37.873883" lon="-6.78881"><ele>585.9</ele></trkpt>
    <trkpt lat="37.873741" lon="-6.788344"><ele>585</ele></trkpt>
    <trkpt lat="37.873622" lon="-6.787777"><ele>584.1</ele></trkpt>
    <trkpt lat="37.873544" lon="-6.787267"><ele>582.7</ele></trkpt>
    <trkpt lat="37.873494" lon="-6.786932"><ele>581.4</ele></trkpt>
    <trkpt lat="37.873465" lon="-6.78663"><ele>580.2</ele></trkpt>
    <trkpt lat="37.873388" lon="-6.785559"><ele>575.2</ele></trkpt>
    <trkpt lat="37.873382" lon="-6.785483"><ele>574.9</ele></trkpt>
    <trkpt lat="37.873376" lon="-6.785406"><ele>574.5</ele></trkpt>
    <trkpt lat="37.873371" lon="-6.785342"><ele>574.2</ele></trkpt>
    <trkpt lat="37.87335" lon="-6.784869"><ele>572.2</ele></trkpt>
    <trkpt lat="37.873322" lon="-6.784236"><ele>571</ele></trkpt>
    <trkpt lat="37.873286" lon="-6.783937"><ele>571</ele></trkpt>
    <trkpt lat="37.873082" lon="-6.783417"><ele>570.9</ele></trkpt>
    <trkpt lat="37.873" lon="-6.783315"><ele>570.8</ele></trkpt>
    <trkpt lat="37.872854" lon="-6.783215"><ele>570.8</ele></trkpt>
    <trkpt lat="37.872718" lon="-6.783239"><ele>570.8</ele></trkpt>
    <trkpt lat="37.87207" lon="-6.783821"><ele>571</ele></trkpt>
    <trkpt lat="37.87189" lon="-6.783875"><ele>571.1</ele></trkpt>
    <trkpt lat="37.871709" lon="-6.783828"><ele>571</ele></trkpt>
    <trkpt lat="37.87153" lon="-6.783671"><ele>571.2</ele></trkpt>
    <trkpt lat="37.871408" lon="-6.783496"><ele>571.4</ele></trkpt>
    <trkpt lat="37.871312" lon="-6.783303"><ele>571.7</ele></trkpt>
    <trkpt lat="37.870902" lon="-6.782411"><ele>573.2</ele></trkpt>
    <trkpt lat="37.870821" lon="-6.782301"><ele>573.3</ele></trkpt>
    <trkpt lat="37.870729" lon="-6.78223"><ele>573.4</ele></trkpt>
    <trkpt lat="37.870444" lon="-6.782099"><ele>573.4</ele></trkpt>
    <trkpt lat="37.87038" lon="-6.78203"><ele>573.4</ele></trkpt>
    <trkpt lat="37.870331" lon="-6.781955"><ele>573.3</ele></trkpt>
    <trkpt lat="37.870274" lon="-6.781712"><ele>573</ele></trkpt>
    <trkpt lat="37.869999" lon="-6.779724"><ele>568.8</ele></trkpt>
    <trkpt lat="37.869995" lon="-6.779235"><ele>568.2</ele></trkpt>
    <trkpt lat="37.870135" lon="-6.778313"><ele>567.6</ele></trkpt>
    <trkpt lat="37.870139" lon="-6.778093"><ele>567.4</ele></trkpt>
    <trkpt lat="37.870027" lon="-6.77662"><ele>564.7</ele></trkpt>
    <trkpt lat="37.869995" lon="-6.776457"><ele>564.2</ele></trkpt>
    <trkpt lat="37.86987" lon="-6.776234"><ele>563.4</ele></trkpt>
    <trkpt lat="37.869529" lon="-6.775976"><ele>562</ele></trkpt>
    <trkpt lat="37.869451" lon="-6.775891"><ele>561.7</ele></trkpt>
    <trkpt lat="37.869396" lon="-6.775778"><ele>561.3</ele></trkpt>
    <trkpt lat="37.869301" lon="-6.774807"><ele>558.8</ele></trkpt>
    <trkpt lat="37.869254" lon="-6.773689"><ele>556.5</ele></trkpt>
    <trkpt lat="37.869281" lon="-6.772879"><ele>554.5</ele></trkpt>
    <trkpt lat="37.869335" lon="-6.772594"><ele>553.7</ele></trkpt>
    <trkpt lat="37.869841" lon="-6.770832"><ele>548.7</ele></trkpt>
    <trkpt lat="37.869951" lon="-6.77003"><ele>547.1</ele></trkpt>
    <trkpt lat="37.869999" lon="-6.769917"><ele>546.9</ele></trkpt>
    <trkpt lat="37.870266" lon="-6.769708"><ele>546.5</ele></trkpt>
    <trkpt lat="37.870347" lon="-6.769598"><ele>546.4</ele></trkpt>
    <trkpt lat="37.870406" lon="-6.769456"><ele>546.3</ele></trkpt>
    <trkpt lat="37.870425" lon="-6.769368"><ele>546.3</ele></trkpt>
    <trkpt lat="37.870467" lon="-6.769043"><ele>546.2</ele></trkpt>
    <trkpt lat="37.870444" lon="-6.768917"><ele>546.2</ele></trkpt>
    <trkpt lat="37.870372" lon="-6.76882"><ele>546.2</ele></trkpt>
    <trkpt lat="37.869326" lon="-6.768402"><ele>546.5</ele></trkpt>
    <trkpt lat="37.86882" lon="-6.768287"><ele>546.3</ele></trkpt>
    <trkpt lat="37.868435" lon="-6.768147"><ele>546.1</ele></trkpt>
    <trkpt lat="37.868314" lon="-6.768064"><ele>546.1</ele></trkpt>
    <trkpt lat="37.868053" lon="-6.767809"><ele>546</ele></trkpt>
    <trkpt lat="37.867899" lon="-6.767619"><ele>546.1</ele></trkpt>
    <trkpt lat="37.867797" lon="-6.767415"><ele>546.1</ele></trkpt>
    <trkpt lat="37.867329" lon="-6.766095"><ele>546.7</ele></trkpt>
    <trkpt lat="37.867253" lon="-6.76594"><ele>546.7</ele></trkpt>
    <trkpt lat="37.86716" lon="-6.765814"><ele>546.6</ele></trkpt>
    <trkpt lat="37.866807" lon="-6.765547"><ele>546.2</ele></trkpt>
    <trkpt lat="37.866686" lon="-6.765409"><ele>545.8</ele></trkpt>
    <trkpt lat="37.866301" lon="-6.764627"><ele>543.7</ele></trkpt>
    <trkpt lat="37.865941" lon="-6.763914"><ele>541.8</ele></trkpt>
    <trkpt lat="37.865784" lon="-6.763719"><ele>541</ele></trkpt>
    <trkpt lat="37.865615" lon="-6.763501"><ele>539.9</ele></trkpt>
    <trkpt lat="37.865514" lon="-6.76337"><ele>539.2</ele></trkpt>
    <trkpt lat="37.86512" lon="-6.762899"><ele>536.7</ele></trkpt>
    <trkpt lat="37.864761" lon="-6.762368"><ele>534.7</ele></trkpt>
    <trkpt lat="37.864727" lon="-6.762222"><ele>534.2</ele></trkpt>
    <trkpt lat="37.864727" lon="-6.762034"><ele>533.6</ele></trkpt>
    <trkpt lat="37.864833" lon="-6.76108"><ele>531.8</ele></trkpt>
    <trkpt lat="37.864803" lon="-6.760528"><ele>531.6</ele></trkpt>
    <trkpt lat="37.864858" lon="-6.760076"><ele>531.5</ele></trkpt>
    <trkpt lat="37.865026" lon="-6.759535"><ele>531.6</ele></trkpt>
    <trkpt lat="37.865515" lon="-6.758448"><ele>533.2</ele></trkpt>
    <trkpt lat="37.865911" lon="-6.757794"><ele>534.6</ele></trkpt>
    <trkpt lat="37.865972" lon="-6.757647"><ele>534.8</ele></trkpt>
    <trkpt lat="37.865976" lon="-6.757531"><ele>535</ele></trkpt>
    <trkpt lat="37.865953" lon="-6.757429"><ele>535.2</ele></trkpt>
    <trkpt lat="37.865788" lon="-6.75719"><ele>535.7</ele></trkpt>
    <trkpt lat="37.865682" lon="-6.756964"><ele>536</ele></trkpt>
    <trkpt lat="37.865592" lon="-6.756624"><ele>536.1</ele></trkpt>
    <trkpt lat="37.865462" lon="-6.755763"><ele>534.6</ele></trkpt>
    <trkpt lat="37.865421" lon="-6.755624"><ele>534.3</ele></trkpt>
    <trkpt lat="37.864829" lon="-6.755082"><ele>531.6</ele></trkpt>
    <trkpt lat="37.864765" lon="-6.754965"><ele>531.1</ele></trkpt>
    <trkpt lat="37.864413" lon="-6.753742"><ele>527.4</ele></trkpt>
    <trkpt lat="37.864292" lon="-6.753261"><ele>526.8</ele></trkpt>
    <trkpt lat="37.864271" lon="-6.75305"><ele>526.6</ele></trkpt>
    <trkpt lat="37.864246" lon="-6.751603"><ele>525.1</ele></trkpt>
    <trkpt lat="37.864196" lon="-6.751239"><ele>524.7</ele></trkpt>
    <trkpt lat="37.863963" lon="-6.750357"><ele>524.9</ele></trkpt>
    <trkpt lat="37.863954" lon="-6.750238"><ele>525.1</ele></trkpt>
    <trkpt lat="37.864001" lon="-6.749973"><ele>525.8</ele></trkpt>
    <trkpt lat="37.864062" lon="-6.749777"><ele>526.5</ele></trkpt>
    <trkpt lat="37.86414" lon="-6.749618"><ele>527.3</ele></trkpt>
    <trkpt lat="37.864345" lon="-6.74942"><ele>529</ele></trkpt>
    <trkpt lat="37.864474" lon="-6.749392"><ele>530</ele></trkpt>
    <trkpt lat="37.864633" lon="-6.749424"><ele>531.3</ele></trkpt>
    <trkpt lat="37.865198" lon="-6.749784"><ele>536.2</ele></trkpt>
    <trkpt lat="37.865586" lon="-6.750137"><ele>539.1</ele></trkpt>
    <trkpt lat="37.866367" lon="-6.751133"><ele>540.5</ele></trkpt>
    <trkpt lat="37.866566" lon="-6.751358"><ele>539.8</ele></trkpt>
    <trkpt lat="37.866641" lon="-6.751382"><ele>539.5</ele></trkpt>
    <trkpt lat="37.86673" lon="-6.751353"><ele>539.1</ele></trkpt>
    <trkpt lat="37.867416" lon="-6.750581"><ele>536.2</ele></trkpt>
    <trkpt lat="37.867564" lon="-6.750477"><ele>535.8</ele></trkpt>
    <trkpt lat="37.868035" lon="-6.750424"><ele>535.5</ele></trkpt>
    <trkpt lat="37.868343" lon="-6.750459"><ele>536</ele></trkpt>
    <trkpt lat="37.869123" lon="-6.75071"><ele>539.5</ele></trkpt>
    <trkpt lat="37.869288" lon="-6.750788"><ele>540.4</ele></trkpt>
    <trkpt lat="37.869553" lon="-6.751007"><ele>541.8</ele></trkpt>
    <trkpt lat="37.869651" lon="-6.751201"><ele>542.5</ele></trkpt>
    <trkpt lat="37.869867" lon="-6.75188"><ele>543.4</ele></trkpt>
    <trkpt lat="37.870046" lon="-6.75225"><ele>543</ele></trkpt>
    <trkpt lat="37.870224" lon="-6.752534"><ele>542.2</ele></trkpt>
    <trkpt lat="37.870301" lon="-6.752614"><ele>541.9</ele></trkpt>
    <trkpt lat="37.870395" lon="-6.752641"><ele>541.6</ele></trkpt>
    <trkpt lat="37.870527" lon="-6.752599"><ele>541.1</ele></trkpt>
    <trkpt lat="37.870573" lon="-6.75254"><ele>540.9</ele></trkpt>
    <trkpt lat="37.870614" lon="-6.752468"><ele>540.6</ele></trkpt>
    <trkpt lat="37.87064" lon="-6.752299"><ele>540.2</ele></trkpt>
    <trkpt lat="37.870606" lon="-6.751569"><ele>539.1</ele></trkpt>
    <trkpt lat="37.870685" lon="-6.751306"><ele>539.2</ele></trkpt>
    <trkpt lat="37.870878" lon="-6.751"><ele>540.1</ele></trkpt>
    <trkpt lat="37.871106" lon="-6.750725"><ele>541.7</ele></trkpt>
    <trkpt lat="37.871367" lon="-6.750563"><ele>543.6</ele></trkpt>
    <trkpt lat="37.871628" lon="-6.750466"><ele>545.5</ele></trkpt>
    <trkpt lat="37.871932" lon="-6.750448"><ele>547.7</ele></trkpt>
    <trkpt lat="37.872032" lon="-6.750372"><ele>548.6</ele></trkpt>
    <trkpt lat="37.872106" lon="-6.750267"><ele>549.3</ele></trkpt>
    <trkpt lat="37.872513" lon="-6.749396"><ele>554.4</ele></trkpt>
    <trkpt lat="37.872534" lon="-6.74927"><ele>555</ele></trkpt>
    <trkpt lat="37.872511" lon="-6.749004"><ele>556.2</ele></trkpt>
    <trkpt lat="37.872215" lon="-6.748158"><ele>560</ele></trkpt>
    <trkpt lat="37.872106" lon="-6.747955"><ele>561</ele></trkpt>
    <trkpt lat="37.871401" lon="-6.74725"><ele>564.8</ele></trkpt>
    <trkpt lat="37.871119" lon="-6.746882"><ele>566</ele></trkpt>
    <trkpt lat="37.870659" lon="-6.745971"><ele>567.3</ele></trkpt>
    <trkpt lat="37.870556" lon="-6.745722"><ele>567.4</ele></trkpt>
    <trkpt lat="37.870535" lon="-6.745559"><ele>567.5</ele></trkpt>
    <trkpt lat="37.870611" lon="-6.744559"><ele>567.6</ele></trkpt>
    <trkpt lat="37.87074" lon="-6.744093"><ele>567.7</ele></trkpt>
    <trkpt lat="37.870971" lon="-6.743447"><ele>568.4</ele></trkpt>
    <trkpt lat="37.871168" lon="-6.743084"><ele>569.1</ele></trkpt>
    <trkpt lat="37.871402" lon="-6.742758"><ele>570.1</ele></trkpt>
    <trkpt lat="37.871841" lon="-6.742307"><ele>571.9</ele></trkpt>
    <trkpt lat="37.872214" lon="-6.74199"><ele>573.4</ele></trkpt>
    <trkpt lat="37.87236" lon="-6.741896"><ele>573.9</ele></trkpt>
    <trkpt lat="37.87263" lon="-6.741747"><ele>574.7</ele></trkpt>
    <trkpt lat="37.872909" lon="-6.741522"><ele>575.5</ele></trkpt>
    <trkpt lat="37.873154" lon="-6.741281"><ele>576.2</ele></trkpt>
    <trkpt lat="37.873261" lon="-6.741028"><ele>576.6</ele></trkpt>
    <trkpt lat="37.873281" lon="-6.740786"><ele>577.1</ele></trkpt>
    <trkpt lat="37.873276" lon="-6.740706"><ele>577.2</ele></trkpt>
    <trkpt lat="37.873228" lon="-6.740596"><ele>577.4</ele></trkpt>
    <trkpt lat="37.873075" lon="-6.740318"><ele>578.1</ele></trkpt>
    <trkpt lat="37.873057" lon="-6.740172"><ele>578.4</ele></trkpt>
    <trkpt lat="37.873067" lon="-6.738752"><ele>582</ele></trkpt>
    <trkpt lat="37.873016" lon="-6.738611"><ele>582.4</ele></trkpt>
    <trkpt lat="37.872944" lon="-6.73852"><ele>582.9</ele></trkpt>
    <trkpt lat="37.872535" lon="-6.738284"><ele>585</ele></trkpt>
    <trkpt lat="37.872252" lon="-6.737913"><ele>586.9</ele></trkpt>
    <trkpt lat="37.872033" lon="-6.737408"><ele>588.8</ele></trkpt>
    <trkpt lat="37.87196" lon="-6.737188"><ele>589.6</ele></trkpt>
    <trkpt lat="37.873141" lon="-6.737722"><ele>594.4</ele></trkpt>
    <trkpt lat="37.873443" lon="-6.737902"><ele>595.2</ele></trkpt>
    <trkpt lat="37.873578" lon="-6.738036"><ele>595.6</ele></trkpt>
    <trkpt lat="37.873749" lon="-6.738297"><ele>596.3</ele></trkpt>
    <trkpt lat="37.874241" lon="-6.739579"><ele>599.2</ele></trkpt>
    <trkpt lat="37.874421" lon="-6.739947"><ele>600.4</ele></trkpt>
    <trkpt lat="37.874662" lon="-6.740249"><ele>601.7</ele></trkpt>
    <trkpt lat="37.875079" lon="-6.740686"><ele>604</ele></trkpt>
    <trkpt lat="37.875273" lon="-6.741005"><ele>605.5</ele></trkpt>
    <trkpt lat="37.875503" lon="-6.741467"><ele>607.9</ele></trkpt>
    <trkpt lat="37.875792" lon="-6.741978"><ele>610.9</ele></trkpt>
    <trkpt lat="37.875993" lon="-6.742219"><ele>612.5</ele></trkpt>
    <trkpt lat="37.876166" lon="-6.74234"><ele>613.8</ele></trkpt>
    <trkpt lat="37.877162" lon="-6.742878"><ele>618.6</ele></trkpt>
    <trkpt lat="37.878208" lon="-6.743236"><ele>617</ele></trkpt>
    <trkpt lat="37.878346" lon="-6.743271"><ele>616.4</ele></trkpt>
    <trkpt lat="37.878405" lon="-6.743288"><ele>616.1</ele></trkpt>
    <trkpt lat="37.878631" lon="-6.743363"><ele>615.3</ele></trkpt>
    <trkpt lat="37.879289" lon="-6.743576"><ele>613.7</ele></trkpt>
    <trkpt lat="37.880238" lon="-6.7439"><ele>616.2</ele></trkpt>
    <trkpt lat="37.880821" lon="-6.74407"><ele>620.7</ele></trkpt>
    <trkpt lat="37.881169" lon="-6.744076"><ele>623.5</ele></trkpt>
    <trkpt lat="37.881465" lon="-6.743966"><ele>626.1</ele></trkpt>
    <trkpt lat="37.88168" lon="-6.743792"><ele>627.9</ele></trkpt>
    <trkpt lat="37.881838" lon="-6.743594"><ele>629.3</ele></trkpt>
    <trkpt lat="37.881948" lon="-6.74339"><ele>630.4</ele></trkpt>
    <trkpt lat="37.882045" lon="-6.743114"><ele>631.5</ele></trkpt>
    <trkpt lat="37.882076" lon="-6.742959"><ele>631.9</ele></trkpt>
    <trkpt lat="37.882194" lon="-6.742086"><ele>633.6</ele></trkpt>
    <trkpt lat="37.882262" lon="-6.741873"><ele>634</ele></trkpt>
    <trkpt lat="37.882368" lon="-6.741654"><ele>634.4</ele></trkpt>
    <trkpt lat="37.882534" lon="-6.741462"><ele>634.8</ele></trkpt>
    <trkpt lat="37.882744" lon="-6.741316"><ele>635.5</ele></trkpt>
    <trkpt lat="37.883371" lon="-6.741044"><ele>638.6</ele></trkpt>
    <trkpt lat="37.88348" lon="-6.740966"><ele>639.3</ele></trkpt>
    <trkpt lat="37.883648" lon="-6.740782"><ele>640.7</ele></trkpt>
    <trkpt lat="37.883755" lon="-6.740558"><ele>641.9</ele></trkpt>
    <trkpt lat="37.883783" lon="-6.74043"><ele>642.5</ele></trkpt>
    <trkpt lat="37.883803" lon="-6.740161"><ele>643.4</ele></trkpt>
    <trkpt lat="37.883788" lon="-6.740006"><ele>643.9</ele></trkpt>
    <trkpt lat="37.883657" lon="-6.73934"><ele>645.2</ele></trkpt>
    <trkpt lat="37.883653" lon="-6.739085"><ele>645.5</ele></trkpt>
    <trkpt lat="37.883672" lon="-6.738961"><ele>645.7</ele></trkpt>
    <trkpt lat="37.883748" lon="-6.738725"><ele>646.1</ele></trkpt>
    <trkpt lat="37.883801" lon="-6.738629"><ele>646.2</ele></trkpt>
    <trkpt lat="37.884034" lon="-6.73837"><ele>646.6</ele></trkpt>
    <trkpt lat="37.884192" lon="-6.738275"><ele>646.7</ele></trkpt>
    <trkpt lat="37.884292" lon="-6.738253"><ele>646.7</ele></trkpt>
    <trkpt lat="37.884591" lon="-6.738336"><ele>647</ele></trkpt>
    <trkpt lat="37.885081" lon="-6.738537"><ele>647.8</ele></trkpt>
    <trkpt lat="37.885512" lon="-6.73867"><ele>649.2</ele></trkpt>
    <trkpt lat="37.885726" lon="-6.738709"><ele>649.8</ele></trkpt>
    <trkpt lat="37.885973" lon="-6.738688"><ele>650.6</ele></trkpt>
    <trkpt lat="37.886143" lon="-6.738597"><ele>651.3</ele></trkpt>
    <trkpt lat="37.886242" lon="-6.738512"><ele>651.8</ele></trkpt>
    <trkpt lat="37.88639" lon="-6.73827"><ele>652.6</ele></trkpt>
    <trkpt lat="37.886696" lon="-6.737643"><ele>655</ele></trkpt>
    <trkpt lat="37.886941" lon="-6.737343"><ele>656.7</ele></trkpt>
    <trkpt lat="37.887168" lon="-6.737192"><ele>657.9</ele></trkpt>
    <trkpt lat="37.887296" lon="-6.737143"><ele>658.6</ele></trkpt>
    <trkpt lat="37.888042" lon="-6.73707"><ele>662</ele></trkpt>
    <trkpt lat="37.888378" lon="-6.736993"><ele>663.9</ele></trkpt>
    <trkpt lat="37.888681" lon="-6.736842"><ele>665.6</ele></trkpt>
    <trkpt lat="37.889027" lon="-6.736592"><ele>667.3</ele></trkpt>
    <trkpt lat="37.889217" lon="-6.736536"><ele>667.9</ele></trkpt>
    <trkpt lat="37.889406" lon="-6.736542"><ele>668.2</ele></trkpt>
    <trkpt lat="37.889659" lon="-6.7366"><ele>668.2</ele></trkpt>
    <trkpt lat="37.890027" lon="-6.736748"><ele>667.4</ele></trkpt>
    <trkpt lat="37.890175" lon="-6.736897"><ele>666.5</ele></trkpt>
    <trkpt lat="37.890298" lon="-6.737088"><ele>665.3</ele></trkpt>
    <trkpt lat="37.890363" lon="-6.737225"><ele>664.5</ele></trkpt>
    <trkpt lat="37.890453" lon="-6.737515"><ele>662.9</ele></trkpt>
    <trkpt lat="37.890498" lon="-6.737786"><ele>661.5</ele></trkpt>
    <trkpt lat="37.890531" lon="-6.738336"><ele>659.4</ele></trkpt>
    <trkpt lat="37.890602" lon="-6.738688"><ele>658.6</ele></trkpt>
    <trkpt lat="37.890706" lon="-6.738997"><ele>658.3</ele></trkpt>
    <trkpt lat="37.891182" lon="-6.73968"><ele>659.3</ele></trkpt>
    <trkpt lat="37.891632" lon="-6.740444"><ele>663.2</ele></trkpt>
    <trkpt lat="37.891912" lon="-6.740735"><ele>665.5</ele></trkpt>
    <trkpt lat="37.892117" lon="-6.740854"><ele>667.1</ele></trkpt>
    <trkpt lat="37.892431" lon="-6.74095"><ele>669.6</ele></trkpt>
    <trkpt lat="37.892747" lon="-6.740938"><ele>672.1</ele></trkpt>
    <trkpt lat="37.893062" lon="-6.740823"><ele>674.9</ele></trkpt>
    <trkpt lat="37.893335" lon="-6.74061"><ele>677.2</ele></trkpt>
    <trkpt lat="37.893575" lon="-6.740289"><ele>679.1</ele></trkpt>
    <trkpt lat="37.893699" lon="-6.740025"><ele>679.9</ele></trkpt>
    <trkpt lat="37.893795" lon="-6.739546"><ele>680.5</ele></trkpt>
    <trkpt lat="37.893807" lon="-6.737896"><ele>677.4</ele></trkpt>
    <trkpt lat="37.893788" lon="-6.737651"><ele>676.8</ele></trkpt>
    <trkpt lat="37.893714" lon="-6.737333"><ele>676.1</ele></trkpt>
    <trkpt lat="37.893069" lon="-6.735454"><ele>673.3</ele></trkpt>
    <trkpt lat="37.892986" lon="-6.734902"><ele>672</ele></trkpt>
    <trkpt lat="37.892974" lon="-6.734437"><ele>670.3</ele></trkpt>
    <trkpt lat="37.893011" lon="-6.734037"><ele>668.2</ele></trkpt>
    <trkpt lat="37.893181" lon="-6.733427"><ele>663.6</ele></trkpt>
    <trkpt lat="37.893389" lon="-6.732989"><ele>659.1</ele></trkpt>
    <trkpt lat="37.893574" lon="-6.732729"><ele>656</ele></trkpt>
    <trkpt lat="37.893847" lon="-6.73252"><ele>652.5</ele></trkpt>
    <trkpt lat="37.894163" lon="-6.732416"><ele>649.7</ele></trkpt>
    <trkpt lat="37.894414" lon="-6.732414"><ele>647.9</ele></trkpt>
    <trkpt lat="37.894736" lon="-6.732533"><ele>646.4</ele></trkpt>
    <trkpt lat="37.89557" lon="-6.73305"><ele>646.7</ele></trkpt>
    <trkpt lat="37.896213" lon="-6.733408"><ele>648.2</ele></trkpt>
    <trkpt lat="37.896455" lon="-6.733445"><ele>648.4</ele></trkpt>
    <trkpt lat="37.89679" lon="-6.733403"><ele>648.3</ele></trkpt>
    <trkpt lat="37.897714" lon="-6.733003"><ele>648.4</ele></trkpt>
    <trkpt lat="37.89793" lon="-6.732869"><ele>648.9</ele></trkpt>
    <trkpt lat="37.898094" lon="-6.732712"><ele>649.6</ele></trkpt>
    <trkpt lat="37.898295" lon="-6.732393"><ele>651.3</ele></trkpt>
    <trkpt lat="37.898375" lon="-6.732165"><ele>652.5</ele></trkpt>
    <trkpt lat="37.898438" lon="-6.731747"><ele>654.6</ele></trkpt>
    <trkpt lat="37.898403" lon="-6.73132"><ele>656.7</ele></trkpt>
    <trkpt lat="37.898021" lon="-6.73015"><ele>660.3</ele></trkpt>
    <trkpt lat="37.897802" lon="-6.729407"><ele>659.6</ele></trkpt>
    <trkpt lat="37.897755" lon="-6.72897"><ele>658.5</ele></trkpt>
    <trkpt lat="37.89779" lon="-6.728661"><ele>657.6</ele></trkpt>
    <trkpt lat="37.897834" lon="-6.728497"><ele>657.1</ele></trkpt>
    <trkpt lat="37.897983" lon="-6.72817"><ele>656.1</ele></trkpt>
    <trkpt lat="37.898073" lon="-6.72804"><ele>655.6</ele></trkpt>
    <trkpt lat="37.898278" lon="-6.727836"><ele>654.9</ele></trkpt>
    <trkpt lat="37.898537" lon="-6.727694"><ele>654.2</ele></trkpt>
    <trkpt lat="37.89912" lon="-6.727515"><ele>653.9</ele></trkpt>
    <trkpt lat="37.899312" lon="-6.727396"><ele>654.2</ele></trkpt>
    <trkpt lat="37.899561" lon="-6.727167"><ele>655</ele></trkpt>
    <trkpt lat="37.900499" lon="-6.72622"><ele>656.7</ele></trkpt>
    <trkpt lat="37.901016" lon="-6.725743"><ele>655.3</ele></trkpt>
    <trkpt lat="37.901245" lon="-6.725545"><ele>654.6</ele></trkpt>
    <trkpt lat="37.901608" lon="-6.725297"><ele>654.1</ele></trkpt>
    <trkpt lat="37.901759" lon="-6.725239"><ele>653.9</ele></trkpt>
    <trkpt lat="37.901867" lon="-6.725159"><ele>653.8</ele></trkpt>
    <trkpt lat="37.9022" lon="-6.725123"><ele>653.7</ele></trkpt>
    <trkpt lat="37.902276" lon="-6.725018"><ele>653.9</ele></trkpt>
    <trkpt lat="37.902313" lon="-6.724971"><ele>654.1</ele></trkpt>
    <trkpt lat="37.90225" lon="-6.724844"><ele>654.6</ele></trkpt>
    <trkpt lat="37.902191" lon="-6.724807"><ele>654.9</ele></trkpt>
    <trkpt lat="37.901992" lon="-6.724759"><ele>655.8</ele></trkpt>
    <trkpt lat="37.901614" lon="-6.72444"><ele>658</ele></trkpt>
    <trkpt lat="37.901575" lon="-6.724233"><ele>658.8</ele></trkpt>
    <trkpt lat="37.901522" lon="-6.724106"><ele>659.3</ele></trkpt>
    <trkpt lat="37.901422" lon="-6.723866"><ele>659.8</ele></trkpt>
    <trkpt lat="37.900982" lon="-6.723666"><ele>661.5</ele></trkpt>
    <trkpt lat="37.900537" lon="-6.72362"><ele>662.8</ele></trkpt>
    <trkpt lat="37.900389" lon="-6.723523"><ele>662.9</ele></trkpt>
    <trkpt lat="37.900135" lon="-6.723051"><ele>663.2</ele></trkpt>
    <trkpt lat="37.899949" lon="-6.722804"><ele>663.4</ele></trkpt>
    <trkpt lat="37.899635" lon="-6.722458"><ele>663.7</ele></trkpt>
    <trkpt lat="37.899559" lon="-6.721903"><ele>664.5</ele></trkpt>
    <trkpt lat="37.899319" lon="-6.721619"><ele>665.3</ele></trkpt>
    <trkpt lat="37.898805" lon="-6.721511"><ele>666.9</ele></trkpt>
    <trkpt lat="37.898442" lon="-6.72171"><ele>668.3</ele></trkpt>
    <trkpt lat="37.898289" lon="-6.721678"><ele>668.8</ele></trkpt>
    <trkpt lat="37.898182" lon="-6.721545"><ele>669.2</ele></trkpt>
    <trkpt lat="37.897968" lon="-6.720905"><ele>670.1</ele></trkpt>
    <trkpt lat="37.897841" lon="-6.720776"><ele>670.1</ele></trkpt>
    <trkpt lat="37.897693" lon="-6.72072"><ele>670</ele></trkpt>
    <trkpt lat="37.897341" lon="-6.720701"><ele>669.3</ele></trkpt>
    <trkpt lat="37.897067" lon="-6.72024"><ele>668.1</ele></trkpt>
    <trkpt lat="37.896828" lon="-6.720045"><ele>667.3</ele></trkpt>
    <trkpt lat="37.895983" lon="-6.719973"><ele>665.6</ele></trkpt>
    <trkpt lat="37.895697" lon="-6.719987"><ele>665.4</ele></trkpt>
    <trkpt lat="37.895309" lon="-6.719875"><ele>665.6</ele></trkpt>
    <trkpt lat="37.895126" lon="-6.719914"><ele>665.7</ele></trkpt>
    <trkpt lat="37.894961" lon="-6.720308"><ele>665.9</ele></trkpt>
    <trkpt lat="37.894793" lon="-6.720412"><ele>665.9</ele></trkpt>
    <trkpt lat="37.894615" lon="-6.720468"><ele>665.9</ele></trkpt>
    <trkpt lat="37.89442" lon="-6.720379"><ele>665.7</ele></trkpt>
    <trkpt lat="37.894344" lon="-6.720192"><ele>665.6</ele></trkpt>
    <trkpt lat="37.894558" lon="-6.719674"><ele>665.3</ele></trkpt>
    <trkpt lat="37.89459" lon="-6.719446"><ele>665.2</ele></trkpt>
    <trkpt lat="37.894353" lon="-6.719135"><ele>665.2</ele></trkpt>
    <trkpt lat="37.893814" lon="-6.718814"><ele>665.6</ele></trkpt>
    <trkpt lat="37.893291" lon="-6.718685"><ele>666</ele></trkpt>
    <trkpt lat="37.893074" lon="-6.718546"><ele>665.9</ele></trkpt>
    <trkpt lat="37.892971" lon="-6.718259"><ele>665.6</ele></trkpt>
    <trkpt lat="37.893098" lon="-6.717909"><ele>665.1</ele></trkpt>
    <trkpt lat="37.893181" lon="-6.717814"><ele>664.9</ele></trkpt>
    <trkpt lat="37.893414" lon="-6.717702"><ele>664.6</ele></trkpt>
    <trkpt lat="37.893515" lon="-6.71759"><ele>664.4</ele></trkpt>
    <trkpt lat="37.893556" lon="-6.717454"><ele>664.3</ele></trkpt>
    <trkpt lat="37.893523" lon="-6.717284"><ele>664.2</ele></trkpt>
    <trkpt lat="37.893302" lon="-6.716969"><ele>664.1</ele></trkpt>
    <trkpt lat="37.89283" lon="-6.716542"><ele>665.1</ele></trkpt>
    <trkpt lat="37.892763" lon="-6.716425"><ele>665.5</ele></trkpt>
    <trkpt lat="37.892595" lon="-6.715554"><ele>668.8</ele></trkpt>
    <trkpt lat="37.89218" lon="-6.714987"><ele>671</ele></trkpt>
    <trkpt lat="37.892023" lon="-6.714651"><ele>671.7</ele></trkpt>
    <trkpt lat="37.89191" lon="-6.714313"><ele>672</ele></trkpt>
    <trkpt lat="37.89192" lon="-6.714164"><ele>672.1</ele></trkpt>
    <trkpt lat="37.892016" lon="-6.714042"><ele>672.1</ele></trkpt>
    <trkpt lat="37.892161" lon="-6.714036"><ele>672</ele></trkpt>
    <trkpt lat="37.892608" lon="-6.71444"><ele>671</ele></trkpt>
    <trkpt lat="37.892989" lon="-6.714479"><ele>670.1</ele></trkpt>
    <trkpt lat="37.8936" lon="-6.71497"><ele>671.1</ele></trkpt>
    <trkpt lat="37.893826" lon="-6.714984"><ele>672.2</ele></trkpt>
    <trkpt lat="37.893973" lon="-6.714944"><ele>673.1</ele></trkpt>
    <trkpt lat="37.894082" lon="-6.714851"><ele>674</ele></trkpt>
    <trkpt lat="37.894336" lon="-6.714479"><ele>677.1</ele></trkpt>
    <trkpt lat="37.894683" lon="-6.714371"><ele>680.6</ele></trkpt>
    <trkpt lat="37.894929" lon="-6.714195"><ele>683.5</ele></trkpt>
    <trkpt lat="37.895077" lon="-6.71404"><ele>685.5</ele></trkpt>
    <trkpt lat="37.895335" lon="-6.713652"><ele>689.1</ele></trkpt>
    <trkpt lat="37.895349" lon="-6.713187"><ele>692</ele></trkpt>
    <trkpt lat="37.895462" lon="-6.712812"><ele>694.5</ele></trkpt>
    <trkpt lat="37.895453" lon="-6.712569"><ele>696</ele></trkpt>
    <trkpt lat="37.895011" lon="-6.711968"><ele>700.9</ele></trkpt>
    <trkpt lat="37.894535" lon="-6.711704"><ele>704.6</ele></trkpt>
    <trkpt lat="37.8943" lon="-6.711172"><ele>707.4</ele></trkpt>
    <trkpt lat="37.894184" lon="-6.710713"><ele>709.4</ele></trkpt>
    <trkpt lat="37.894161" lon="-6.710432"><ele>710.5</ele></trkpt>
    <trkpt lat="37.894208" lon="-6.710253"><ele>711.3</ele></trkpt>
    <trkpt lat="37.894375" lon="-6.709986"><ele>712.7</ele></trkpt>
    <trkpt lat="37.894409" lon="-6.70988"><ele>713.1</ele></trkpt>
    <trkpt lat="37.894416" lon="-6.709652"><ele>713.9</ele></trkpt>
    <trkpt lat="37.894359" lon="-6.709493"><ele>714.4</ele></trkpt>
    <trkpt lat="37.894149" lon="-6.709299"><ele>714.7</ele></trkpt>
    <trkpt lat="37.894067" lon="-6.709189"><ele>714.8</ele></trkpt>
    <trkpt lat="37.893879" lon="-6.708802"><ele>714.9</ele></trkpt>
    <trkpt lat="37.893856" lon="-6.708706"><ele>714.9</ele></trkpt>
    <trkpt lat="37.89387" lon="-6.708535"><ele>714.9</ele></trkpt>
    <trkpt lat="37.894024" lon="-6.708202"><ele>714.9</ele></trkpt>
    <trkpt lat="37.894035" lon="-6.708187"><ele>714.9</ele></trkpt>
    <trkpt lat="37.894095" lon="-6.708111"><ele>714.9</ele></trkpt>
    <trkpt lat="37.894384" lon="-6.707812"><ele>714.8</ele></trkpt>
    <trkpt lat="37.894672" lon="-6.707561"><ele>714.6</ele></trkpt>
    <trkpt lat="37.894862" lon="-6.707436"><ele>714.8</ele></trkpt>
    <trkpt lat="37.894944" lon="-6.707394"><ele>715</ele></trkpt>
    <trkpt lat="37.896201" lon="-6.706981"><ele>722.9</ele></trkpt>
    <trkpt lat="37.896685" lon="-6.706741"><ele>727.4</ele></trkpt>
    <trkpt lat="37.896972" lon="-6.706525"><ele>730.9</ele></trkpt>
    <trkpt lat="37.897107" lon="-6.706381"><ele>733</ele></trkpt>
    <trkpt lat="37.897213" lon="-6.70622"><ele>734.9</ele></trkpt>
    <trkpt lat="37.897288" lon="-6.706083"><ele>736.5</ele></trkpt>
    <trkpt lat="37.897414" lon="-6.70575"><ele>740</ele></trkpt>
    <trkpt lat="37.897523" lon="-6.705217"><ele>745.3</ele></trkpt>
    <trkpt lat="37.897734" lon="-6.703469"><ele>761.2</ele></trkpt>
    <trkpt lat="37.897808" lon="-6.703125"><ele>764.6</ele></trkpt>
    <trkpt lat="37.898191" lon="-6.701743"><ele>780.8</ele></trkpt>
    <trkpt lat="37.89852" lon="-6.700037"><ele>800.3</ele></trkpt>
    <trkpt lat="37.89856" lon="-6.699622"><ele>803.7</ele></trkpt>
    <trkpt lat="37.898559" lon="-6.699379"><ele>805.2</ele></trkpt>
    <trkpt lat="37.898471" lon="-6.698601"><ele>808.1</ele></trkpt>
    <trkpt lat="37.898461" lon="-6.698536"><ele>808.2</ele></trkpt>
    <trkpt lat="37.897779" lon="-6.693419"><ele>797.7</ele></trkpt>
    <trkpt lat="37.897766" lon="-6.692978"><ele>796.5</ele></trkpt>
    <trkpt lat="37.89787" lon="-6.691845"><ele>792.4</ele></trkpt>
    <trkpt lat="37.898001" lon="-6.690845"><ele>787.5</ele></trkpt>
    <trkpt lat="37.898148" lon="-6.690095"><ele>782.4</ele></trkpt>
    <trkpt lat="37.898522" lon="-6.688771"><ele>772.5</ele></trkpt>
    <trkpt lat="37.898595" lon="-6.688538"><ele>771</ele></trkpt>
    <trkpt lat="37.898735" lon="-6.688214"><ele>768.7</ele></trkpt>
    <trkpt lat="37.898821" lon="-6.688066"><ele>767.7</ele></trkpt>
    <trkpt lat="37.899042" lon="-6.687794"><ele>765.6</ele></trkpt>
    <trkpt lat="37.901654" lon="-6.685208"><ele>744</ele></trkpt>
    <trkpt lat="37.901861" lon="-6.684909"><ele>741.4</ele></trkpt>
    <trkpt lat="37.901996" lon="-6.684605"><ele>738.9</ele></trkpt>
    <trkpt lat="37.902055" lon="-6.684258"><ele>736.1</ele></trkpt>
    <trkpt lat="37.902019" lon="-6.683824"><ele>732.3</ele></trkpt>
    <trkpt lat="37.901971" lon="-6.683613"><ele>730.3</ele></trkpt>
    <trkpt lat="37.901855" lon="-6.683296"><ele>727.2</ele></trkpt>
    <trkpt lat="37.90158" lon="-6.682698"><ele>721.6</ele></trkpt>
    <trkpt lat="37.901494" lon="-6.682247"><ele>718.6</ele></trkpt>
    <trkpt lat="37.901519" lon="-6.681771"><ele>716.5</ele></trkpt>
    <trkpt lat="37.90159" lon="-6.681344"><ele>715.3</ele></trkpt>
    <trkpt lat="37.90178" lon="-6.680809"><ele>715.2</ele></trkpt>
    <trkpt lat="37.901977" lon="-6.680471"><ele>716.1</ele></trkpt>
    <trkpt lat="37.902387" lon="-6.68004"><ele>718.9</ele></trkpt>
    <trkpt lat="37.902714" lon="-6.679858"><ele>721.3</ele></trkpt>
    <trkpt lat="37.902948" lon="-6.679672"><ele>723.3</ele></trkpt>
    <trkpt lat="37.903216" lon="-6.679295"><ele>726.3</ele></trkpt>
    <trkpt lat="37.90332" lon="-6.679014"><ele>728</ele></trkpt>
    <trkpt lat="37.903457" lon="-6.678209"><ele>731.9</ele></trkpt>
    <trkpt lat="37.903575" lon="-6.677869"><ele>733.3</ele></trkpt>
    <trkpt lat="37.903642" lon="-6.677728"><ele>733.8</ele></trkpt>
    <trkpt lat="37.904083" lon="-6.677111"><ele>736.7</ele></trkpt>
    <trkpt lat="37.904278" lon="-6.676592"><ele>738.9</ele></trkpt>
    <trkpt lat="37.904377" lon="-6.676008"><ele>740.6</ele></trkpt>
    <trkpt lat="37.904377" lon="-6.675588"><ele>741.3</ele></trkpt>
    <trkpt lat="37.904343" lon="-6.675267"><ele>741.5</ele></trkpt>
    <trkpt lat="37.90424" lon="-6.674612"><ele>741.1</ele></trkpt>
    <trkpt lat="37.904113" lon="-6.674071"><ele>740.1</ele></trkpt>
    <trkpt lat="37.904031" lon="-6.673863"><ele>739.6</ele></trkpt>
    <trkpt lat="37.90388" lon="-6.67358"><ele>739</ele></trkpt>
    <trkpt lat="37.903553" lon="-6.67304"><ele>738.5</ele></trkpt>
    <trkpt lat="37.9034" lon="-6.672744"><ele>738.3</ele></trkpt>
    <trkpt lat="37.903323" lon="-6.672539"><ele>738.2</ele></trkpt>
    <trkpt lat="37.903219" lon="-6.672125"><ele>738</ele></trkpt>
    <trkpt lat="37.903166" lon="-6.671701"><ele>737.8</ele></trkpt>
    <trkpt lat="37.903133" lon="-6.671065"><ele>737.3</ele></trkpt>
    <trkpt lat="37.90304" lon="-6.668798"><ele>736.5</ele></trkpt>
    <trkpt lat="37.90296" lon="-6.667536"><ele>739.8</ele></trkpt>
    <trkpt lat="37.902875" lon="-6.66695"><ele>740.8</ele></trkpt>
    <trkpt lat="37.902458" lon="-6.665228"><ele>738.5</ele></trkpt>
    <trkpt lat="37.902411" lon="-6.665111"><ele>738.3</ele></trkpt>
    <trkpt lat="37.902312" lon="-6.664898"><ele>737.9</ele></trkpt>
    <trkpt lat="37.902158" lon="-6.664669"><ele>737.6</ele></trkpt>
    <trkpt lat="37.901987" lon="-6.664495"><ele>737.4</ele></trkpt>
    <trkpt lat="37.901604" lon="-6.664208"><ele>737.6</ele></trkpt>
    <trkpt lat="37.90146" lon="-6.664057"><ele>737.9</ele></trkpt>
    <trkpt lat="37.901348" lon="-6.663874"><ele>738.2</ele></trkpt>
    <trkpt lat="37.901268" lon="-6.663637"><ele>738.6</ele></trkpt>
    <trkpt lat="37.901254" lon="-6.663406"><ele>739</ele></trkpt>
    <trkpt lat="37.901288" lon="-6.662955"><ele>739.7</ele></trkpt>
    <trkpt lat="37.901283" lon="-6.662781"><ele>739.9</ele></trkpt>
    <trkpt lat="37.901243" lon="-6.662563"><ele>740.1</ele></trkpt>
    <trkpt lat="37.901189" lon="-6.662389"><ele>740.3</ele></trkpt>
    <trkpt lat="37.900641" lon="-6.661337"><ele>740.1</ele></trkpt>
    <trkpt lat="37.900551" lon="-6.661204"><ele>739.9</ele></trkpt>
    <trkpt lat="37.900426" lon="-6.661092"><ele>739.6</ele></trkpt>
    <trkpt lat="37.899481" lon="-6.660506"><ele>735.7</ele></trkpt>
    <trkpt lat="37.899132" lon="-6.660167"><ele>734.1</ele></trkpt>
    <trkpt lat="37.899009" lon="-6.660055"><ele>733.6</ele></trkpt>
    <trkpt lat="37.898995" lon="-6.660009"><ele>733.5</ele></trkpt>
    <trkpt lat="37.898938" lon="-6.659983"><ele>733.4</ele></trkpt>
    <trkpt lat="37.898918" lon="-6.659957"><ele>733.3</ele></trkpt>
    <trkpt lat="37.898902" lon="-6.659852"><ele>733.1</ele></trkpt>
    <trkpt lat="37.89894" lon="-6.65978"><ele>732.9</ele></trkpt>
    <trkpt lat="37.898992" lon="-6.659513"><ele>732.5</ele></trkpt>
    <trkpt lat="37.899079" lon="-6.659019"><ele>732</ele></trkpt>
    <trkpt lat="37.89923" lon="-6.658438"><ele>731.8</ele></trkpt>
    <trkpt lat="37.899323" lon="-6.658149"><ele>731.6</ele></trkpt>
    <trkpt lat="37.899551" lon="-6.657677"><ele>730.7</ele></trkpt>
    <trkpt lat="37.899667" lon="-6.6575"><ele>730.1</ele></trkpt>
    <trkpt lat="37.899905" lon="-6.657267"><ele>728.9</ele></trkpt>
    <trkpt lat="37.900351" lon="-6.65702"><ele>726.4</ele></trkpt>
    <trkpt lat="37.900374" lon="-6.65701"><ele>726.3</ele></trkpt>
    <trkpt lat="37.900517" lon="-6.656943"><ele>725.5</ele></trkpt>
    <trkpt lat="37.900546" lon="-6.656929"><ele>725.3</ele></trkpt>
    <trkpt lat="37.900661" lon="-6.656868"><ele>724.8</ele></trkpt>
    <trkpt lat="37.900906" lon="-6.656709"><ele>724</ele></trkpt>
    <trkpt lat="37.901025" lon="-6.656593"><ele>723.8</ele></trkpt>
    <trkpt lat="37.901218" lon="-6.65631"><ele>723.9</ele></trkpt>
    <trkpt lat="37.901297" lon="-6.656094"><ele>724.3</ele></trkpt>
    <trkpt lat="37.901427" lon="-6.655103"><ele>728.1</ele></trkpt>
    <trkpt lat="37.901552" lon="-6.654033"><ele>733.3</ele></trkpt>
    <trkpt lat="37.901568" lon="-6.653686"><ele>734.4</ele></trkpt>
    <trkpt lat="37.901517" lon="-6.653403"><ele>735</ele></trkpt>
    <trkpt lat="37.901357" lon="-6.652932"><ele>735.6</ele></trkpt>
    <trkpt lat="37.90132" lon="-6.652664"><ele>735.5</ele></trkpt>
    <trkpt lat="37.901351" lon="-6.652382"><ele>735.2</ele></trkpt>
    <trkpt lat="37.901426" lon="-6.652133"><ele>734.6</ele></trkpt>
    <trkpt lat="37.901607" lon="-6.651777"><ele>733.3</ele></trkpt>
    <trkpt lat="37.901864" lon="-6.651483"><ele>731.6</ele></trkpt>
    <trkpt lat="37.901993" lon="-6.651393"><ele>730.7</ele></trkpt>
    <trkpt lat="37.902249" lon="-6.651284"><ele>728.8</ele></trkpt>
    <trkpt lat="37.902464" lon="-6.651131"><ele>726.8</ele></trkpt>
    <trkpt lat="37.902703" lon="-6.650816"><ele>723.6</ele></trkpt>
    <trkpt lat="37.903087" lon="-6.650214"><ele>719.4</ele></trkpt>
    <trkpt lat="37.903179" lon="-6.649969"><ele>718.4</ele></trkpt>
    <trkpt lat="37.90329" lon="-6.649841"><ele>717.9</ele></trkpt>
    <trkpt lat="37.903127" lon="-6.649667"><ele>717.5</ele></trkpt>
    <trkpt lat="37.902419" lon="-6.64888"><ele>718.4</ele></trkpt>
    <trkpt lat="37.902008" lon="-6.648352"><ele>719.3</ele></trkpt>
    <trkpt lat="37.901574" lon="-6.647827"><ele>719.2</ele></trkpt>
    <trkpt lat="37.901335" lon="-6.647442"><ele>718.7</ele></trkpt>
    <trkpt lat="37.901152" lon="-6.647048"><ele>718.1</ele></trkpt>
    <trkpt lat="37.900365" lon="-6.645096"><ele>717.6</ele></trkpt>
    <trkpt lat="37.900255" lon="-6.644677"><ele>717.6</ele></trkpt>
    <trkpt lat="37.900166" lon="-6.644007"><ele>717.8</ele></trkpt>
    <trkpt lat="37.900182" lon="-6.643214"><ele>719</ele></trkpt>
    <trkpt lat="37.900199" lon="-6.640793"><ele>727.5</ele></trkpt>
    <trkpt lat="37.900084" lon="-6.638841"><ele>734</ele></trkpt>
    <trkpt lat="37.900018" lon="-6.638338"><ele>734.4</ele></trkpt>
    <trkpt lat="37.899907" lon="-6.63781"><ele>733.8</ele></trkpt>
    <trkpt lat="37.899589" lon="-6.63666"><ele>731.4</ele></trkpt>
    <trkpt lat="37.899539" lon="-6.636336"><ele>731.1</ele></trkpt>
    <trkpt lat="37.89951" lon="-6.635946"><ele>731.2</ele></trkpt>
    <trkpt lat="37.899467" lon="-6.633004"><ele>744.3</ele></trkpt>
    <trkpt lat="37.899425" lon="-6.63251"><ele>746.7</ele></trkpt>
    <trkpt lat="37.899343" lon="-6.632037"><ele>748.5</ele></trkpt>
    <trkpt lat="37.899218" lon="-6.631539"><ele>749.8</ele></trkpt>
    <trkpt lat="37.89907" lon="-6.631066"><ele>750.4</ele></trkpt>
    <trkpt lat="37.898207" lon="-6.628618"><ele>745.2</ele></trkpt>
    <trkpt lat="37.89811" lon="-6.62825"><ele>744.1</ele></trkpt>
    <trkpt lat="37.898049" lon="-6.627901"><ele>743.1</ele></trkpt>
    <trkpt lat="37.898006" lon="-6.627717"><ele>742.6</ele></trkpt>
    <trkpt lat="37.897982" lon="-6.627459"><ele>741.8</ele></trkpt>
    <trkpt lat="37.897974" lon="-6.627189"><ele>741</ele></trkpt>
    <trkpt lat="37.898007" lon="-6.626709"><ele>739.7</ele></trkpt>
    <trkpt lat="37.898142" lon="-6.62591"><ele>738.8</ele></trkpt>
    <trkpt lat="37.898202" lon="-6.625628"><ele>738.8</ele></trkpt>
    <trkpt lat="37.898281" lon="-6.625277"><ele>738.9</ele></trkpt>
    <trkpt lat="37.898338" lon="-6.625017"><ele>739.1</ele></trkpt>
    <trkpt lat="37.89868" lon="-6.623506"><ele>741.1</ele></trkpt>
    <trkpt lat="37.898892" lon="-6.622869"><ele>740</ele></trkpt>
    <trkpt lat="37.898966" lon="-6.622662"><ele>739.3</ele></trkpt>
    <trkpt lat="37.899171" lon="-6.622245"><ele>737.8</ele></trkpt>
    <trkpt lat="37.899407" lon="-6.6219"><ele>736.3</ele></trkpt>
    <trkpt lat="37.899663" lon="-6.62162"><ele>735</ele></trkpt>
    <trkpt lat="37.901383" lon="-6.620005"><ele>736.1</ele></trkpt>
    <trkpt lat="37.901622" lon="-6.61975"><ele>736.5</ele></trkpt>
    <trkpt lat="37.901818" lon="-6.619481"><ele>736.5</ele></trkpt>
    <trkpt lat="37.90205" lon="-6.619027"><ele>735.9</ele></trkpt>
    <trkpt lat="37.902712" lon="-6.617176"><ele>729.8</ele></trkpt>
    <trkpt lat="37.902756" lon="-6.61705"><ele>729.4</ele></trkpt>
    <trkpt lat="37.902959" lon="-6.616471"><ele>727.3</ele></trkpt>
    <trkpt lat="37.903071" lon="-6.616007"><ele>725.7</ele></trkpt>
    <trkpt lat="37.903118" lon="-6.615563"><ele>724.3</ele></trkpt>
    <trkpt lat="37.903118" lon="-6.615268"><ele>723.1</ele></trkpt>
    <trkpt lat="37.903074" lon="-6.614822"><ele>720.8</ele></trkpt>
    <trkpt lat="37.902887" lon="-6.613653"><ele>716.3</ele></trkpt>
    <trkpt lat="37.902777" lon="-6.612931"><ele>715.3</ele></trkpt>
    <trkpt lat="37.902595" lon="-6.612184"><ele>715</ele></trkpt>
    <trkpt lat="37.902497" lon="-6.611873"><ele>715</ele></trkpt>
    <trkpt lat="37.900986" lon="-6.608118"><ele>710.5</ele></trkpt>
    <trkpt lat="37.900856" lon="-6.607664"><ele>709.7</ele></trkpt>
    <trkpt lat="37.900766" lon="-6.607201"><ele>709</ele></trkpt>
    <trkpt lat="37.900697" lon="-6.606636"><ele>708.2</ele></trkpt>
    <trkpt lat="37.900564" lon="-6.604275"><ele>706</ele></trkpt>
    <trkpt lat="37.900503" lon="-6.603724"><ele>705.7</ele></trkpt>
    <trkpt lat="37.900429" lon="-6.603311"><ele>705.4</ele></trkpt>
    <trkpt lat="37.900307" lon="-6.602938"><ele>705.3</ele></trkpt>
    <trkpt lat="37.900151" lon="-6.602586"><ele>705.3</ele></trkpt>
    <trkpt lat="37.899325" lon="-6.601034"><ele>706.1</ele></trkpt>
    <trkpt lat="37.898974" lon="-6.600335"><ele>706.3</ele></trkpt>
    <trkpt lat="37.898847" lon="-6.599969"><ele>706.2</ele></trkpt>
    <trkpt lat="37.898752" lon="-6.599603"><ele>706.1</ele></trkpt>
    <trkpt lat="37.898706" lon="-6.599264"><ele>706</ele></trkpt>
    <trkpt lat="37.898709" lon="-6.598659"><ele>705.9</ele></trkpt>
    <trkpt lat="37.898873" lon="-6.596019"><ele>708</ele></trkpt>
    <trkpt lat="37.89886" lon="-6.595683"><ele>708.3</ele></trkpt>
    <trkpt lat="37.89882" lon="-6.595404"><ele>708.6</ele></trkpt>
    <trkpt lat="37.898757" lon="-6.595125"><ele>708.8</ele></trkpt>
    <trkpt lat="37.898666" lon="-6.594855"><ele>709</ele></trkpt>
    <trkpt lat="37.897848" lon="-6.592945"><ele>710</ele></trkpt>
    <trkpt lat="37.896949" lon="-6.590315"><ele>717</ele></trkpt>
    <trkpt lat="37.896641" lon="-6.589307"><ele>720.3</ele></trkpt>
    <trkpt lat="37.896419" lon="-6.588569"><ele>722.9</ele></trkpt>
    <trkpt lat="37.896157" lon="-6.587554"><ele>726.6</ele></trkpt>
    <trkpt lat="37.895862" lon="-6.586822"><ele>729</ele></trkpt>
    <trkpt lat="37.895502" lon="-6.586043"><ele>729.7</ele></trkpt>
    <trkpt lat="37.89538" lon="-6.585697"><ele>729.4</ele></trkpt>
    <trkpt lat="37.895295" lon="-6.585287"><ele>728.6</ele></trkpt>
    <trkpt lat="37.89525" lon="-6.584827"><ele>727.6</ele></trkpt>
    <trkpt lat="37.895263" lon="-6.584458"><ele>726.6</ele></trkpt>
    <trkpt lat="37.895308" lon="-6.584088"><ele>725.7</ele></trkpt>
    <trkpt lat="37.89539" lon="-6.583745"><ele>724.8</ele></trkpt>
    <trkpt lat="37.895497" lon="-6.583419"><ele>723.8</ele></trkpt>
    <trkpt lat="37.895753" lon="-6.582938"><ele>722</ele></trkpt>
    <trkpt lat="37.896225" lon="-6.582049"><ele>718.4</ele></trkpt>
    <trkpt lat="37.896366" lon="-6.581743"><ele>717</ele></trkpt>
    <trkpt lat="37.896546" lon="-6.581136"><ele>715.1</ele></trkpt>
    <trkpt lat="37.896605" lon="-6.580517"><ele>714.1</ele></trkpt>
    <trkpt lat="37.896582" lon="-6.579489"><ele>713.8</ele></trkpt>
    <trkpt lat="37.896501" lon="-6.576893"><ele>715.7</ele></trkpt>
    <trkpt lat="37.89653" lon="-6.576561"><ele>716.3</ele></trkpt>
    <trkpt lat="37.896602" lon="-6.576154"><ele>717.2</ele></trkpt>
    <trkpt lat="37.896921" lon="-6.57469"><ele>720.9</ele></trkpt>
    <trkpt lat="37.89701" lon="-6.572993"><ele>723.4</ele></trkpt>
    <trkpt lat="37.897063" lon="-6.571273"><ele>722.8</ele></trkpt>
    <trkpt lat="37.8971" lon="-6.570483"><ele>721.1</ele></trkpt>
    <trkpt lat="37.897161" lon="-6.569679"><ele>718.7</ele></trkpt>
    <trkpt lat="37.897199" lon="-6.569551"><ele>718.3</ele></trkpt>
    <trkpt lat="37.897602" lon="-6.568183"><ele>714.8</ele></trkpt>
    <trkpt lat="37.897571" lon="-6.567929"><ele>714.1</ele></trkpt>
    <trkpt lat="37.897538" lon="-6.567844"><ele>713.9</ele></trkpt>
    <trkpt lat="37.897559" lon="-6.567675"><ele>713.5</ele></trkpt>
    <trkpt lat="37.897615" lon="-6.567603"><ele>713.2</ele></trkpt>
    <trkpt lat="37.897646" lon="-6.567583"><ele>713.1</ele></trkpt>
    <trkpt lat="37.897724" lon="-6.567364"><ele>712.5</ele></trkpt>
    <trkpt lat="37.897736" lon="-6.566522"><ele>710</ele></trkpt>
    <trkpt lat="37.897819" lon="-6.564833"><ele>703.4</ele></trkpt>
    <trkpt lat="37.897824" lon="-6.564711"><ele>703</ele></trkpt>
    <trkpt lat="37.897859" lon="-6.563999"><ele>701.1</ele></trkpt>
    <trkpt lat="37.897814" lon="-6.563601"><ele>700.5</ele></trkpt>
    <trkpt lat="37.89775" lon="-6.563358"><ele>700.1</ele></trkpt>
    <trkpt lat="37.89769" lon="-6.563132"><ele>699.9</ele></trkpt>
    <trkpt lat="37.897646" lon="-6.562953"><ele>699.8</ele></trkpt>
    <trkpt lat="37.897551" lon="-6.562568"><ele>699.6</ele></trkpt>
    <trkpt lat="37.89741" lon="-6.562022"><ele>699.5</ele></trkpt>
    <trkpt lat="37.89739" lon="-6.561727"><ele>699.3</ele></trkpt>
    <trkpt lat="37.897554" lon="-6.559852"><ele>696.2</ele></trkpt>
    <trkpt lat="37.897504" lon="-6.559379"><ele>695.1</ele></trkpt>
    <trkpt lat="37.897356" lon="-6.558915"><ele>694.4</ele></trkpt>
    <trkpt lat="37.897352" lon="-6.558904"><ele>694.4</ele></trkpt>
    <trkpt lat="37.897159" lon="-6.558575"><ele>694.2</ele></trkpt>
    <trkpt lat="37.896863" lon="-6.558254"><ele>694.6</ele></trkpt>
    <trkpt lat="37.89678" lon="-6.558192"><ele>694.9</ele></trkpt>
    <trkpt lat="37.896566" lon="-6.558059"><ele>695.5</ele></trkpt>
    <trkpt lat="37.896217" lon="-6.557951"><ele>696.6</ele></trkpt>
    <trkpt lat="37.895932" lon="-6.557938"><ele>697.5</ele></trkpt>
    <trkpt lat="37.895662" lon="-6.557994"><ele>698.2</ele></trkpt>
    <trkpt lat="37.894495" lon="-6.558281"><ele>697.4</ele></trkpt>
    <trkpt lat="37.894267" lon="-6.558315"><ele>696.8</ele></trkpt>
    <trkpt lat="37.894035" lon="-6.558277"><ele>696.4</ele></trkpt>
    <trkpt lat="37.893841" lon="-6.558186"><ele>696.1</ele></trkpt>
    <trkpt lat="37.892807" lon="-6.557535"><ele>695.5</ele></trkpt>
    <trkpt lat="37.892241" lon="-6.557184"><ele>694.4</ele></trkpt>
    <trkpt lat="37.892133" lon="-6.557108"><ele>694.1</ele></trkpt>
    <trkpt lat="37.891978" lon="-6.556969"><ele>693.4</ele></trkpt>
    <trkpt lat="37.891833" lon="-6.556758"><ele>692.5</ele></trkpt>
    <trkpt lat="37.891053" lon="-6.555336"><ele>685.3</ele></trkpt>
    <trkpt lat="37.89095" lon="-6.555196"><ele>684.5</ele></trkpt>
    <trkpt lat="37.890819" lon="-6.555093"><ele>683.6</ele></trkpt>
    <trkpt lat="37.89069" lon="-6.555034"><ele>682.8</ele></trkpt>
    <trkpt lat="37.890521" lon="-6.555032"><ele>681.8</ele></trkpt>
    <trkpt lat="37.890369" lon="-6.555079"><ele>680.8</ele></trkpt>
    <trkpt lat="37.889766" lon="-6.555599"><ele>676.1</ele></trkpt>
    <trkpt lat="37.889637" lon="-6.555738"><ele>674.7</ele></trkpt>
    <trkpt lat="37.889368" lon="-6.555927"><ele>672.1</ele></trkpt>
    <trkpt lat="37.888998" lon="-6.556108"><ele>669.1</ele></trkpt>
    <trkpt lat="37.888679" lon="-6.556229"><ele>666.7</ele></trkpt>
    <trkpt lat="37.888406" lon="-6.556305"><ele>664.9</ele></trkpt>
    <trkpt lat="37.888255" lon="-6.556346"><ele>664</ele></trkpt>
    <trkpt lat="37.887978" lon="-6.556434"><ele>662.4</ele></trkpt>
    <trkpt lat="37.887593" lon="-6.556563"><ele>660.5</ele></trkpt>
    <trkpt lat="37.887434" lon="-6.556682"><ele>659.8</ele></trkpt>
    <trkpt lat="37.887381" lon="-6.55675"><ele>659.6</ele></trkpt>
    <trkpt lat="37.887322" lon="-6.556855"><ele>659.2</ele></trkpt>
    <trkpt lat="37.887391" lon="-6.557123"><ele>658.3</ele></trkpt>
    <trkpt lat="37.887627" lon="-6.557754"><ele>655.3</ele></trkpt>
    <trkpt lat="37.887755" lon="-6.558132"><ele>653.5</ele></trkpt>
    <trkpt lat="37.887841" lon="-6.55853"><ele>651.5</ele></trkpt>
    <trkpt lat="37.887839" lon="-6.558666"><ele>650.9</ele></trkpt>
    <trkpt lat="37.887838" lon="-6.558766"><ele>650.4</ele></trkpt>
    <trkpt lat="37.887783" lon="-6.558982"><ele>649.3</ele></trkpt>
    <trkpt lat="37.887624" lon="-6.55928"><ele>647.7</ele></trkpt>
    <trkpt lat="37.88737" lon="-6.559674"><ele>645.8</ele></trkpt>
    <trkpt lat="37.887287" lon="-6.559896"><ele>645.2</ele></trkpt>
    <trkpt lat="37.887271" lon="-6.560184"><ele>644.9</ele></trkpt>
    <trkpt lat="37.887359" lon="-6.560668"><ele>644.7</ele></trkpt>
    <trkpt lat="37.887431" lon="-6.5611"><ele>644.7</ele></trkpt>
    <trkpt lat="37.887514" lon="-6.561516"><ele>644.7</ele></trkpt>
    <trkpt lat="37.887591" lon="-6.561911"><ele>644.5</ele></trkpt>
    <trkpt lat="37.88772" lon="-6.562572"><ele>643.9</ele></trkpt>
    <trkpt lat="37.887712" lon="-6.562805"><ele>643.6</ele></trkpt>
    <trkpt lat="37.887728" lon="-6.563019"><ele>643.2</ele></trkpt>
    <trkpt lat="37.887831" lon="-6.563446"><ele>642.2</ele></trkpt>
    <trkpt lat="37.887909" lon="-6.563758"><ele>641.4</ele></trkpt>
    <trkpt lat="37.88796" lon="-6.564132"><ele>640.5</ele></trkpt>
    <trkpt lat="37.887973" lon="-6.564667"><ele>639.6</ele></trkpt>
    <trkpt lat="37.888016" lon="-6.565257"><ele>638.8</ele></trkpt>
    <trkpt lat="37.888082" lon="-6.565678"><ele>638.2</ele></trkpt>
    <trkpt lat="37.888173" lon="-6.566057"><ele>637.6</ele></trkpt>
    <trkpt lat="37.888239" lon="-6.566068"><ele>637.5</ele></trkpt>
    <trkpt lat="37.888267" lon="-6.566114"><ele>637.4</ele></trkpt>
    <trkpt lat="37.888257" lon="-6.566198"><ele>637.3</ele></trkpt>
    <trkpt lat="37.888221" lon="-6.566233"><ele>637.3</ele></trkpt>
    <trkpt lat="37.88814" lon="-6.566202"><ele>637.1</ele></trkpt>
    <trkpt lat="37.887534" lon="-6.566789"><ele>636.8</ele></trkpt>
    <trkpt lat="37.88754" lon="-6.566815"><ele>636.9</ele></trkpt>
    <trkpt lat="37.887541" lon="-6.566841"><ele>636.9</ele></trkpt>
    <trkpt lat="37.887507" lon="-6.566916"><ele>636.9</ele></trkpt>
    <trkpt lat="37.887464" lon="-6.566934"><ele>636.8</ele></trkpt>
    <trkpt lat="37.887403" lon="-6.566903"><ele>636.8</ele></trkpt>
    <trkpt lat="37.88691" lon="-6.567375"><ele>637.3</ele></trkpt>
    <trkpt lat="37.886434" lon="-6.567993"><ele>639</ele></trkpt>
    <trkpt lat="37.886111" lon="-6.568625"><ele>640.4</ele></trkpt>
    <trkpt lat="37.886074" lon="-6.568703"><ele>640.5</ele></trkpt>
    <trkpt lat="37.886073" lon="-6.568905"><ele>640.7</ele></trkpt>
    <trkpt lat="37.886095" lon="-6.568966"><ele>640.8</ele></trkpt>
    <trkpt lat="37.886079" lon="-6.56906"><ele>640.8</ele></trkpt>
    <trkpt lat="37.886034" lon="-6.569108"><ele>640.9</ele></trkpt>
    <trkpt lat="37.885976" lon="-6.569116"><ele>640.9</ele></trkpt>
    <trkpt lat="37.885899" lon="-6.569042"><ele>640.9</ele></trkpt>
    <trkpt lat="37.885892" lon="-6.568959"><ele>640.9</ele></trkpt>
    <trkpt lat="37.885746" lon="-6.568862"><ele>640.8</ele></trkpt>
    <trkpt lat="37.885198" lon="-6.568375"><ele>639</ele></trkpt>
    <trkpt lat="37.884898" lon="-6.568209"><ele>636.9</ele></trkpt>
    <trkpt lat="37.884766" lon="-6.568186"><ele>635.9</ele></trkpt>
    <trkpt lat="37.884632" lon="-6.568248"><ele>634.7</ele></trkpt>
    <trkpt lat="37.884558" lon="-6.56832"><ele>633.9</ele></trkpt>
    <trkpt lat="37.884186" lon="-6.568767"><ele>629.3</ele></trkpt>
    <trkpt lat="37.883973" lon="-6.569014"><ele>626.8</ele></trkpt>
    <trkpt lat="37.88364" lon="-6.5693"><ele>623.5</ele></trkpt>
    <trkpt lat="37.88349" lon="-6.569376"><ele>622.2</ele></trkpt>
    <trkpt lat="37.882321" lon="-6.569769"><ele>614.8</ele></trkpt>
    <trkpt lat="37.881721" lon="-6.570085"><ele>611.2</ele></trkpt>
    <trkpt lat="37.880898" lon="-6.570517"><ele>606.5</ele></trkpt>
    <trkpt lat="37.880715" lon="-6.570569"><ele>605.7</ele></trkpt>
    <trkpt lat="37.878619" lon="-6.57052"><ele>599</ele></trkpt>
    <trkpt lat="37.878" lon="-6.570414"><ele>598</ele></trkpt>
    <trkpt lat="37.877753" lon="-6.570297"><ele>597.9</ele></trkpt>
    <trkpt lat="37.87755" lon="-6.570153"><ele>597.9</ele></trkpt>
    <trkpt lat="37.877356" lon="-6.569972"><ele>598.2</ele></trkpt>
    <trkpt lat="37.877181" lon="-6.569747"><ele>598.6</ele></trkpt>
    <trkpt lat="37.876992" lon="-6.569389"><ele>599.3</ele></trkpt>
    <trkpt lat="37.876746" lon="-6.568648"><ele>601.1</ele></trkpt>
    <trkpt lat="37.876349" lon="-6.567537"><ele>603.3</ele></trkpt>
    <trkpt lat="37.876116" lon="-6.567114"><ele>603.4</ele></trkpt>
    <trkpt lat="37.875811" lon="-6.566734"><ele>603.1</ele></trkpt>
    <trkpt lat="37.875554" lon="-6.566528"><ele>602.7</ele></trkpt>
    <trkpt lat="37.87523" lon="-6.566347"><ele>602.1</ele></trkpt>
    <trkpt lat="37.874944" lon="-6.566255"><ele>601.3</ele></trkpt>
    <trkpt lat="37.87463" lon="-6.566199"><ele>600.4</ele></trkpt>
    <trkpt lat="37.874312" lon="-6.566216"><ele>599.4</ele></trkpt>
    <trkpt lat="37.873976" lon="-6.566313"><ele>598.2</ele></trkpt>
    <trkpt lat="37.87332" lon="-6.566621"><ele>595.5</ele></trkpt>
    <trkpt lat="37.871603" lon="-6.567822"><ele>585.9</ele></trkpt>
    <trkpt lat="37.871164" lon="-6.568054"><ele>583.2</ele></trkpt>
    <trkpt lat="37.870685" lon="-6.568225"><ele>579.7</ele></trkpt>
    <trkpt lat="37.870405" lon="-6.568259"><ele>577.5</ele></trkpt>
    <trkpt lat="37.870153" lon="-6.568249"><ele>575.5</ele></trkpt>
    <trkpt lat="37.869877" lon="-6.568197"><ele>573.3</ele></trkpt>
    <trkpt lat="37.869644" lon="-6.56811"><ele>571.5</ele></trkpt>
    <trkpt lat="37.869405" lon="-6.56797"><ele>569.6</ele></trkpt>
    <trkpt lat="37.869161" lon="-6.567763"><ele>567.6</ele></trkpt>
    <trkpt lat="37.868037" lon="-6.56662"><ele>560.3</ele></trkpt>
    <trkpt lat="37.867482" lon="-6.566227"><ele>556.4</ele></trkpt>
    <trkpt lat="37.867068" lon="-6.566053"><ele>553.9</ele></trkpt>
    <trkpt lat="37.866596" lon="-6.565965"><ele>551.1</ele></trkpt>
    <trkpt lat="37.866015" lon="-6.565944"><ele>547.9</ele></trkpt>
    <trkpt lat="37.861502" lon="-6.566455"><ele>523.8</ele></trkpt>
    <trkpt lat="37.861232" lon="-6.566421"><ele>523.5</ele></trkpt>
    <trkpt lat="37.860955" lon="-6.566296"><ele>523.6</ele></trkpt>
    <trkpt lat="37.86068" lon="-6.566135"><ele>524.4</ele></trkpt>
    <trkpt lat="37.860405" lon="-6.565925"><ele>525.9</ele></trkpt>
    <trkpt lat="37.860117" lon="-6.565544"><ele>528.3</ele></trkpt>
    <trkpt lat="37.859925" lon="-6.565176"><ele>530.4</ele></trkpt>
    <trkpt lat="37.859763" lon="-6.564729"><ele>532.5</ele></trkpt>
    <trkpt lat="37.859399" lon="-6.563385"><ele>537.5</ele></trkpt>
    <trkpt lat="37.859212" lon="-6.562942"><ele>539.8</ele></trkpt>
    <trkpt lat="37.858978" lon="-6.562535"><ele>543</ele></trkpt>
    <trkpt lat="37.858685" lon="-6.562133"><ele>546.9</ele></trkpt>
    <trkpt lat="37.858426" lon="-6.561888"><ele>549.9</ele></trkpt>
    <trkpt lat="37.858116" lon="-6.561697"><ele>552.6</ele></trkpt>
    <trkpt lat="37.857713" lon="-6.561606"><ele>554.4</ele></trkpt>
    <trkpt lat="37.857381" lon="-6.561667"><ele>554.5</ele></trkpt>
    <trkpt lat="37.857064" lon="-6.561838"><ele>553.4</ele></trkpt>
    <trkpt lat="37.856804" lon="-6.562124"><ele>551.6</ele></trkpt>
    <trkpt lat="37.85665" lon="-6.562435"><ele>549.8</ele></trkpt>
    <trkpt lat="37.856383" lon="-6.563241"><ele>546.4</ele></trkpt>
    <trkpt lat="37.85621" lon="-6.563579"><ele>545.7</ele></trkpt>
    <trkpt lat="37.855947" lon="-6.56392"><ele>545.6</ele></trkpt>
    <trkpt lat="37.855399" lon="-6.564453"><ele>546.1</ele></trkpt>
    <trkpt lat="37.855178" lon="-6.564743"><ele>546.5</ele></trkpt>
    <trkpt lat="37.854967" lon="-6.565183"><ele>547</ele></trkpt>
    <trkpt lat="37.854834" lon="-6.565643"><ele>547.5</ele></trkpt>
    <trkpt lat="37.854484" lon="-6.567663"><ele>552.3</ele></trkpt>
    <trkpt lat="37.854282" lon="-6.568551"><ele>554.6</ele></trkpt>
    <trkpt lat="37.853987" lon="-6.569512"><ele>556.1</ele></trkpt>
    <trkpt lat="37.853638" lon="-6.570407"><ele>557</ele></trkpt>
    <trkpt lat="37.853328" lon="-6.571093"><ele>557.2</ele></trkpt>
    <trkpt lat="37.852817" lon="-6.572019"><ele>556.6</ele></trkpt>
    <trkpt lat="37.852408" lon="-6.572566"><ele>555.6</ele></trkpt>
    <trkpt lat="37.85198" lon="-6.573039"><ele>554.9</ele></trkpt>
    <trkpt lat="37.85154" lon="-6.573417"><ele>555</ele></trkpt>
    <trkpt lat="37.851042" lon="-6.573722"><ele>555.7</ele></trkpt>
    <trkpt lat="37.850671" lon="-6.573873"><ele>556.2</ele></trkpt>
    <trkpt lat="37.850252" lon="-6.57395"><ele>556.4</ele></trkpt>
    <trkpt lat="37.849993" lon="-6.573956"><ele>556.3</ele></trkpt>
    <trkpt lat="37.849667" lon="-6.573913"><ele>556.1</ele></trkpt>
    <trkpt lat="37.849185" lon="-6.573767"><ele>555.6</ele></trkpt>
    <trkpt lat="37.848634" lon="-6.573564"><ele>555.2</ele></trkpt>
    <trkpt lat="37.848422" lon="-6.573532"><ele>555.1</ele></trkpt>
    <trkpt lat="37.848166" lon="-6.573545"><ele>555.2</ele></trkpt>
    <trkpt lat="37.847777" lon="-6.573644"><ele>555.6</ele></trkpt>
    <trkpt lat="37.847344" lon="-6.573913"><ele>555.9</ele></trkpt>
    <trkpt lat="37.847071" lon="-6.574176"><ele>556.2</ele></trkpt>
    <trkpt lat="37.846766" lon="-6.574576"><ele>556.6</ele></trkpt>
    <trkpt lat="37.846494" lon="-6.574982"><ele>557</ele></trkpt>
    <trkpt lat="37.846192" lon="-6.575328"><ele>557.4</ele></trkpt>
    <trkpt lat="37.845911" lon="-6.575579"><ele>557.9</ele></trkpt>
    <trkpt lat="37.845573" lon="-6.575758"><ele>558.3</ele></trkpt>
    <trkpt lat="37.842624" lon="-6.5764"><ele>559.1</ele></trkpt>
    <trkpt lat="37.842181" lon="-6.576469"><ele>559</ele></trkpt>
    <trkpt lat="37.842075" lon="-6.576472"><ele>558.9</ele></trkpt>
    <trkpt lat="37.841635" lon="-6.5764"><ele>558.5</ele></trkpt>
    <trkpt lat="37.841295" lon="-6.576237"><ele>558</ele></trkpt>
    <trkpt lat="37.841127" lon="-6.576119"><ele>557.7</ele></trkpt>
    <trkpt lat="37.840929" lon="-6.575952"><ele>557.3</ele></trkpt>
    <trkpt lat="37.83921" lon="-6.574257"><ele>552.2</ele></trkpt>
    <trkpt lat="37.838659" lon="-6.573647"><ele>550.4</ele></trkpt>
    <trkpt lat="37.838413" lon="-6.573315"><ele>549.2</ele></trkpt>
    <trkpt lat="37.836839" lon="-6.571024"><ele>535.5</ele></trkpt>
    <trkpt lat="37.836446" lon="-6.57062"><ele>532.7</ele></trkpt>
    <trkpt lat="37.836264" lon="-6.57048"><ele>531.7</ele></trkpt>
    <trkpt lat="37.835854" lon="-6.570236"><ele>530</ele></trkpt>
    <trkpt lat="37.835606" lon="-6.570133"><ele>529.3</ele></trkpt>
    <trkpt lat="37.832008" lon="-6.5689"><ele>526.7</ele></trkpt>
    <trkpt lat="37.8317" lon="-6.568746"><ele>526.9</ele></trkpt>
    <trkpt lat="37.831558" lon="-6.568646"><ele>527</ele></trkpt>
    <trkpt lat="37.831252" lon="-6.568347"><ele>527.3</ele></trkpt>
    <trkpt lat="37.830978" lon="-6.567927"><ele>527.7</ele></trkpt>
    <trkpt lat="37.830783" lon="-6.567462"><ele>527.9</ele></trkpt>
    <trkpt lat="37.830025" lon="-6.565314"><ele>528.2</ele></trkpt>
    <trkpt lat="37.829875" lon="-6.564802"><ele>528.1</ele></trkpt>
    <trkpt lat="37.828882" lon="-6.559687"><ele>524.5</ele></trkpt>
    <trkpt lat="37.828669" lon="-6.558898"><ele>523.5</ele></trkpt>
    <trkpt lat="37.828449" lon="-6.55834"><ele>522.6</ele></trkpt>
    <trkpt lat="37.828176" lon="-6.557859"><ele>521.9</ele></trkpt>
    <trkpt lat="37.828013" lon="-6.557649"><ele>521.7</ele></trkpt>
    <trkpt lat="37.827708" lon="-6.557348"><ele>521.2</ele></trkpt>
    <trkpt lat="37.827346" lon="-6.557105"><ele>520.7</ele></trkpt>
    <trkpt lat="37.827146" lon="-6.557024"><ele>520.3</ele></trkpt>
    <trkpt lat="37.826745" lon="-6.556946"><ele>519.7</ele></trkpt>
    <trkpt lat="37.82655" lon="-6.556951"><ele>519.3</ele></trkpt>
    <trkpt lat="37.826339" lon="-6.556978"><ele>518.9</ele></trkpt>
    <trkpt lat="37.826146" lon="-6.557042"><ele>518.4</ele></trkpt>
    <trkpt lat="37.825912" lon="-6.557146"><ele>517.8</ele></trkpt>
    <trkpt lat="37.82519" lon="-6.55755"><ele>516.3</ele></trkpt>
    <trkpt lat="37.824999" lon="-6.557623"><ele>516.1</ele></trkpt>
    <trkpt lat="37.824796" lon="-6.557673"><ele>515.9</ele></trkpt>
    <trkpt lat="37.824578" lon="-6.55769"><ele>515.8</ele></trkpt>
    <trkpt lat="37.824242" lon="-6.55766"><ele>515.7</ele></trkpt>
    <trkpt lat="37.824036" lon="-6.557607"><ele>515.7</ele></trkpt>
    <trkpt lat="37.82276" lon="-6.557104"><ele>513.5</ele></trkpt>
    <trkpt lat="37.821343" lon="-6.556423"><ele>502</ele></trkpt>
    <trkpt lat="37.820804" lon="-6.556193"><ele>496.5</ele></trkpt>
    <trkpt lat="37.820237" lon="-6.556032"><ele>491.4</ele></trkpt>
    <trkpt lat="37.819735" lon="-6.555971"><ele>487.5</ele></trkpt>
    <trkpt lat="37.819053" lon="-6.555968"><ele>483.5</ele></trkpt>
    <trkpt lat="37.81866" lon="-6.555908"><ele>481.9</ele></trkpt>
    <trkpt lat="37.818232" lon="-6.555724"><ele>480.6</ele></trkpt>
    <trkpt lat="37.81751" lon="-6.555303"><ele>478</ele></trkpt>
    <trkpt lat="37.817231" lon="-6.555192"><ele>476.6</ele></trkpt>
    <trkpt lat="37.817" lon="-6.555139"><ele>475.3</ele></trkpt>
    <trkpt lat="37.816718" lon="-6.555126"><ele>473.5</ele></trkpt>
    <trkpt lat="37.816417" lon="-6.555147"><ele>471.2</ele></trkpt>
    <trkpt lat="37.814197" lon="-6.555452"><ele>451</ele></trkpt>
    <trkpt lat="37.813821" lon="-6.555479"><ele>448.3</ele></trkpt>
    <trkpt lat="37.813423" lon="-6.555427"><ele>445.9</ele></trkpt>
    <trkpt lat="37.813052" lon="-6.555276"><ele>444.1</ele></trkpt>
    <trkpt lat="37.812726" lon="-6.555029"><ele>442.5</ele></trkpt>
    <trkpt lat="37.812577" lon="-6.554875"><ele>441.7</ele></trkpt>
    <trkpt lat="37.812333" lon="-6.554554"><ele>440.3</ele></trkpt>
    <trkpt lat="37.811953" lon="-6.553963"><ele>437.7</ele></trkpt>
    <trkpt lat="37.811771" lon="-6.553727"><ele>436.5</ele></trkpt>
    <trkpt lat="37.811483" lon="-6.553459"><ele>434.8</ele></trkpt>
    <trkpt lat="37.811164" lon="-6.553271"><ele>433</ele></trkpt>
    <trkpt lat="37.810892" lon="-6.553173"><ele>431.6</ele></trkpt>
    <trkpt lat="37.808486" lon="-6.552864"><ele>417</ele></trkpt>
    <trkpt lat="37.80824" lon="-6.552875"><ele>415.1</ele></trkpt>
    <trkpt lat="37.807988" lon="-6.552926"><ele>413.1</ele></trkpt>
    <trkpt lat="37.807041" lon="-6.553213"><ele>405.3</ele></trkpt>
    <trkpt lat="37.806597" lon="-6.553224"><ele>401.8</ele></trkpt>
    <trkpt lat="37.80612" lon="-6.553107"><ele>397.7</ele></trkpt>
    <trkpt lat="37.805631" lon="-6.552878"><ele>393.1</ele></trkpt>
    <trkpt lat="37.805172" lon="-6.552538"><ele>388.5</ele></trkpt>
    <trkpt lat="37.804941" lon="-6.552312"><ele>386.3</ele></trkpt>
    <trkpt lat="37.804547" lon="-6.551804"><ele>382.5</ele></trkpt>
    <trkpt lat="37.804386" lon="-6.551513"><ele>380.8</ele></trkpt>
    <trkpt lat="37.804239" lon="-6.551219"><ele>379.2</ele></trkpt>
    <trkpt lat="37.804122" lon="-6.550918"><ele>377.7</ele></trkpt>
    <trkpt lat="37.803761" lon="-6.549645"><ele>370.6</ele></trkpt>
    <trkpt lat="37.803633" lon="-6.549282"><ele>368.1</ele></trkpt>
    <trkpt lat="37.803413" lon="-6.548816"><ele>364.5</ele></trkpt>
    <trkpt lat="37.803284" lon="-6.548632"><ele>362.8</ele></trkpt>
    <trkpt lat="37.802995" lon="-6.548335"><ele>359.2</ele></trkpt>
    <trkpt lat="37.802674" lon="-6.548152"><ele>355.5</ele></trkpt>
    <trkpt lat="37.802334" lon="-6.548063"><ele>351.6</ele></trkpt>
    <trkpt lat="37.802007" lon="-6.54808"><ele>348</ele></trkpt>
    <trkpt lat="37.801858" lon="-6.548118"><ele>346.4</ele></trkpt>
    <trkpt lat="37.801696" lon="-6.548177"><ele>344.7</ele></trkpt>
    <trkpt lat="37.801544" lon="-6.548269"><ele>343.1</ele></trkpt>
    <trkpt lat="37.801394" lon="-6.548372"><ele>341.5</ele></trkpt>
    <trkpt lat="37.801144" lon="-6.548637"><ele>338.8</ele></trkpt>
    <trkpt lat="37.800934" lon="-6.548992"><ele>336.1</ele></trkpt>
    <trkpt lat="37.800796" lon="-6.549398"><ele>333.5</ele></trkpt>
    <trkpt lat="37.800735" lon="-6.549842"><ele>330.9</ele></trkpt>
    <trkpt lat="37.800744" lon="-6.550457"><ele>327</ele></trkpt>
    <trkpt lat="37.800826" lon="-6.551469"><ele>320.4</ele></trkpt>
    <trkpt lat="37.800821" lon="-6.55191"><ele>318.4</ele></trkpt>
    <trkpt lat="37.80077" lon="-6.55226"><ele>317.5</ele></trkpt>
    <trkpt lat="37.80067" lon="-6.552619"><ele>317.1</ele></trkpt>
    <trkpt lat="37.800584" lon="-6.552827"><ele>317.1</ele></trkpt>
    <trkpt lat="37.80031" lon="-6.553278"><ele>317.7</ele></trkpt>
    <trkpt lat="37.800054" lon="-6.55355"><ele>318.7</ele></trkpt>
    <trkpt lat="37.799894" lon="-6.553673"><ele>319.4</ele></trkpt>
    <trkpt lat="37.799731" lon="-6.553776"><ele>320.1</ele></trkpt>
    <trkpt lat="37.79952" lon="-6.553867"><ele>321</ele></trkpt>
    <trkpt lat="37.79934" lon="-6.553924"><ele>321.8</ele></trkpt>
    <trkpt lat="37.798983" lon="-6.553958"><ele>323.5</ele></trkpt>
    <trkpt lat="37.7975" lon="-6.553682"><ele>331</ele></trkpt>
    <trkpt lat="37.797081" lon="-6.553678"><ele>333</ele></trkpt>
    <trkpt lat="37.796732" lon="-6.553778"><ele>334.8</ele></trkpt>
    <trkpt lat="37.796136" lon="-6.554106"><ele>338.7</ele></trkpt>
    <trkpt lat="37.795861" lon="-6.554278"><ele>340.8</ele></trkpt>
    <trkpt lat="37.795501" lon="-6.554569"><ele>344.2</ele></trkpt>
    <trkpt lat="37.794821" lon="-6.555376"><ele>352.1</ele></trkpt>
    <trkpt lat="37.794528" lon="-6.555653"><ele>355.2</ele></trkpt>
    <trkpt lat="37.794245" lon="-6.555803"><ele>357.6</ele></trkpt>
    <trkpt lat="37.79366" lon="-6.555965"><ele>361.9</ele></trkpt>
    <trkpt lat="37.793281" lon="-6.556023"><ele>364.5</ele></trkpt>
    <trkpt lat="37.793113" lon="-6.556021"><ele>365.6</ele></trkpt>
    <trkpt lat="37.792859" lon="-6.555955"><ele>367.3</ele></trkpt>
    <trkpt lat="37.792642" lon="-6.555818"><ele>368.8</ele></trkpt>
    <trkpt lat="37.791878" lon="-6.555063"><ele>375.4</ele></trkpt>
    <trkpt lat="37.791626" lon="-6.554902"><ele>377.9</ele></trkpt>
    <trkpt lat="37.791369" lon="-6.554825"><ele>380.4</ele></trkpt>
    <trkpt lat="37.791074" lon="-6.554855"><ele>383.3</ele></trkpt>
    <trkpt lat="37.790661" lon="-6.555017"><ele>387.7</ele></trkpt>
    <trkpt lat="37.790292" lon="-6.555213"><ele>391.5</ele></trkpt>
    <trkpt lat="37.789986" lon="-6.555462"><ele>394.6</ele></trkpt>
    <trkpt lat="37.789868" lon="-6.555594"><ele>395.9</ele></trkpt>
    <trkpt lat="37.789763" lon="-6.555738"><ele>396.9</ele></trkpt>
    <trkpt lat="37.788942" lon="-6.557165"><ele>405.3</ele></trkpt>
    <trkpt lat="37.788759" lon="-6.557535"><ele>407.6</ele></trkpt>
    <trkpt lat="37.788653" lon="-6.55782"><ele>409.4</ele></trkpt>
    <trkpt lat="37.788581" lon="-6.558101"><ele>411.2</ele></trkpt>
    <trkpt lat="37.788533" lon="-6.558359"><ele>412.8</ele></trkpt>
    <trkpt lat="37.788463" lon="-6.559083"><ele>417</ele></trkpt>
    <trkpt lat="37.788243" lon="-6.562796"><ele>432.3</ele></trkpt>
    <trkpt lat="37.78821" lon="-6.563111"><ele>433.2</ele></trkpt>
    <trkpt lat="37.788113" lon="-6.563615"><ele>435</ele></trkpt>
    <trkpt lat="37.787967" lon="-6.564041"><ele>436.9</ele></trkpt>
    <trkpt lat="37.787761" lon="-6.564395"><ele>438.8</ele></trkpt>
    <trkpt lat="37.78751" lon="-6.564711"><ele>441.3</ele></trkpt>
    <trkpt lat="37.786171" lon="-6.565898"><ele>453.8</ele></trkpt>
    <trkpt lat="37.78597" lon="-6.566119"><ele>455.3</ele></trkpt>
    <trkpt lat="37.785489" lon="-6.566761"><ele>458.1</ele></trkpt>
    <trkpt lat="37.78532" lon="-6.566951"><ele>458.6</ele></trkpt>
    <trkpt lat="37.785049" lon="-6.567141"><ele>459</ele></trkpt>
    <trkpt lat="37.784913" lon="-6.567191"><ele>459.1</ele></trkpt>
    <trkpt lat="37.784681" lon="-6.56723"><ele>459.2</ele></trkpt>
    <trkpt lat="37.783593" lon="-6.567125"><ele>458.6</ele></trkpt>
    <trkpt lat="37.783386" lon="-6.567129"><ele>458.4</ele></trkpt>
    <trkpt lat="37.782956" lon="-6.5672"><ele>458.1</ele></trkpt>
    <trkpt lat="37.782405" lon="-6.567336"><ele>457.8</ele></trkpt>
    <trkpt lat="37.782252" lon="-6.567394"><ele>457.9</ele></trkpt>
    <trkpt lat="37.782013" lon="-6.567542"><ele>458.1</ele></trkpt>
    <trkpt lat="37.781768" lon="-6.567815"><ele>458.4</ele></trkpt>
    <trkpt lat="37.781445" lon="-6.568332"><ele>458.5</ele></trkpt>
    <trkpt lat="37.781281" lon="-6.568576"><ele>458.5</ele></trkpt>
    <trkpt lat="37.781112" lon="-6.568753"><ele>458.5</ele></trkpt>
    <trkpt lat="37.780885" lon="-6.568927"><ele>458.3</ele></trkpt>
    <trkpt lat="37.780661" lon="-6.569014"><ele>458</ele></trkpt>
    <trkpt lat="37.780204" lon="-6.569032"><ele>456.5</ele></trkpt>
    <trkpt lat="37.779661" lon="-6.568964"><ele>454.6</ele></trkpt>
    <trkpt lat="37.77942" lon="-6.568894"><ele>453.7</ele></trkpt>
    <trkpt lat="37.779131" lon="-6.568732"><ele>452.5</ele></trkpt>
    <trkpt lat="37.778931" lon="-6.568525"><ele>451.5</ele></trkpt>
    <trkpt lat="37.77875" lon="-6.568199"><ele>450.3</ele></trkpt>
    <trkpt lat="37.777707" lon="-6.565188"><ele>439.5</ele></trkpt>
    <trkpt lat="37.777519" lon="-6.564795"><ele>438.5</ele></trkpt>
    <trkpt lat="37.777317" lon="-6.564525"><ele>438</ele></trkpt>
    <trkpt lat="37.777185" lon="-6.564404"><ele>437.8</ele></trkpt>
    <trkpt lat="37.776833" lon="-6.564174"><ele>437.8</ele></trkpt>
    <trkpt lat="37.773935" lon="-6.562693"><ele>446.4</ele></trkpt>
    <trkpt lat="37.773671" lon="-6.562592"><ele>447.8</ele></trkpt>
    <trkpt lat="37.773353" lon="-6.562543"><ele>449.7</ele></trkpt>
    <trkpt lat="37.773054" lon="-6.56258"><ele>451.8</ele></trkpt>
    <trkpt lat="37.7729" lon="-6.56264"><ele>453</ele></trkpt>
    <trkpt lat="37.772573" lon="-6.562844"><ele>455.8</ele></trkpt>
    <trkpt lat="37.77242" lon="-6.562979"><ele>457.3</ele></trkpt>
    <trkpt lat="37.7676" lon="-6.568656"><ele>505.5</ele></trkpt>
    <trkpt lat="37.766331" lon="-6.570162"><ele>517.2</ele></trkpt>
    <trkpt lat="37.765677" lon="-6.570909"><ele>521.4</ele></trkpt>
    <trkpt lat="37.765128" lon="-6.571291"><ele>522.7</ele></trkpt>
    <trkpt lat="37.765036" lon="-6.571379"><ele>523</ele></trkpt>
    <trkpt lat="37.764912" lon="-6.571568"><ele>523.6</ele></trkpt>
    <trkpt lat="37.764886" lon="-6.571672"><ele>523.9</ele></trkpt>
    <trkpt lat="37.764873" lon="-6.57215"><ele>525.6</ele></trkpt>
    <trkpt lat="37.764875" lon="-6.572328"><ele>526.3</ele></trkpt>
    <trkpt lat="37.764829" lon="-6.572528"><ele>527</ele></trkpt>
    <trkpt lat="37.764695" lon="-6.572733"><ele>528</ele></trkpt>
    <trkpt lat="37.764617" lon="-6.572803"><ele>528.3</ele></trkpt>
    <trkpt lat="37.76451" lon="-6.572837"><ele>528.8</ele></trkpt>
    <trkpt lat="37.764421" lon="-6.572843"><ele>529.3</ele></trkpt>
    <trkpt lat="37.764258" lon="-6.572803"><ele>530.3</ele></trkpt>
    <trkpt lat="37.764013" lon="-6.572593"><ele>532.7</ele></trkpt>
    <trkpt lat="37.763878" lon="-6.572367"><ele>534.5</ele></trkpt>
    <trkpt lat="37.763839" lon="-6.572252"><ele>535.4</ele></trkpt>
    <trkpt lat="37.763772" lon="-6.572089"><ele>536.6</ele></trkpt>
    <trkpt lat="37.763664" lon="-6.571686"><ele>539.3</ele></trkpt>
    <trkpt lat="37.763608" lon="-6.571235"><ele>542.1</ele></trkpt>
    <trkpt lat="37.763606" lon="-6.571062"><ele>543.3</ele></trkpt>
    <trkpt lat="37.763691" lon="-6.570481"><ele>547.3</ele></trkpt>
    <trkpt lat="37.763683" lon="-6.570105"><ele>549.7</ele></trkpt>
    <trkpt lat="37.763575" lon="-6.569994"><ele>550.7</ele></trkpt>
    <trkpt lat="37.763394" lon="-6.570061"><ele>552</ele></trkpt>
    <trkpt lat="37.763282" lon="-6.57037"><ele>553.7</ele></trkpt>
    <trkpt lat="37.763193" lon="-6.570525"><ele>554.6</ele></trkpt>
    <trkpt lat="37.762958" lon="-6.570855"><ele>556.4</ele></trkpt>
    <trkpt lat="37.762848" lon="-6.570958"><ele>557</ele></trkpt>
    <trkpt lat="37.762188" lon="-6.571868"><ele>557.6</ele></trkpt>
    <trkpt lat="37.761768" lon="-6.572496"><ele>553.6</ele></trkpt>
    <trkpt lat="37.761514" lon="-6.57297"><ele>548.5</ele></trkpt>
    <trkpt lat="37.761289" lon="-6.573561"><ele>541.3</ele></trkpt>
    <trkpt lat="37.761156" lon="-6.574162"><ele>534.7</ele></trkpt>
    <trkpt lat="37.761105" lon="-6.574698"><ele>530.3</ele></trkpt>
    <trkpt lat="37.761126" lon="-6.575247"><ele>527.2</ele></trkpt>
    <trkpt lat="37.761226" lon="-6.576178"><ele>524.5</ele></trkpt>
    <trkpt lat="37.76119" lon="-6.576806"><ele>523.2</ele></trkpt>
    <trkpt lat="37.761082" lon="-6.577268"><ele>521.7</ele></trkpt>
    <trkpt lat="37.760873" lon="-6.577764"><ele>519.1</ele></trkpt>
    <trkpt lat="37.759251" lon="-6.580236"><ele>499.1</ele></trkpt>
    <trkpt lat="37.758864" lon="-6.580939"><ele>495.4</ele></trkpt>
    <trkpt lat="37.758013" lon="-6.582748"><ele>489.2</ele></trkpt>
    <trkpt lat="37.757679" lon="-6.583328"><ele>487.2</ele></trkpt>
    <trkpt lat="37.757035" lon="-6.584226"><ele>482.7</ele></trkpt>
    <trkpt lat="37.756094" lon="-6.58533"><ele>473.4</ele></trkpt>
    <trkpt lat="37.755757" lon="-6.585691"><ele>469.5</ele></trkpt>
    <trkpt lat="37.75552" lon="-6.585925"><ele>467</ele></trkpt>
    <trkpt lat="37.755145" lon="-6.586263"><ele>463.7</ele></trkpt>
    <trkpt lat="37.754674" lon="-6.586628"><ele>460.7</ele></trkpt>
    <trkpt lat="37.754267" lon="-6.586858"><ele>459.3</ele></trkpt>
    <trkpt lat="37.753636" lon="-6.587103"><ele>458.4</ele></trkpt>
    <trkpt lat="37.751854" lon="-6.587572"><ele>455.9</ele></trkpt>
    <trkpt lat="37.751557" lon="-6.58758"><ele>455.6</ele></trkpt>
    <trkpt lat="37.751421" lon="-6.587558"><ele>455.6</ele></trkpt>
    <trkpt lat="37.751151" lon="-6.587459"><ele>455.7</ele></trkpt>
    <trkpt lat="37.750899" lon="-6.587292"><ele>456</ele></trkpt>
    <trkpt lat="37.750661" lon="-6.587043"><ele>456.5</ele></trkpt>
    <trkpt lat="37.750535" lon="-6.586877"><ele>456.9</ele></trkpt>
    <trkpt lat="37.749939" lon="-6.585916"><ele>458.9</ele></trkpt>
    <trkpt lat="37.749752" lon="-6.585685"><ele>459.4</ele></trkpt>
    <trkpt lat="37.749602" lon="-6.585571"><ele>459.8</ele></trkpt>
    <trkpt lat="37.74937" lon="-6.585453"><ele>460.3</ele></trkpt>
    <trkpt lat="37.748762" lon="-6.585223"><ele>461.8</ele></trkpt>
    <trkpt lat="37.748599" lon="-6.585129"><ele>462.2</ele></trkpt>
    <trkpt lat="37.748249" lon="-6.584802"><ele>462.4</ele></trkpt>
    <trkpt lat="37.747836" lon="-6.584165"><ele>459.6</ele></trkpt>
    <trkpt lat="37.747534" lon="-6.583751"><ele>456</ele></trkpt>
    <trkpt lat="37.747403" lon="-6.583652"><ele>454.7</ele></trkpt>
    <trkpt lat="37.747126" lon="-6.583563"><ele>452.2</ele></trkpt>
    <trkpt lat="37.746985" lon="-6.583561"><ele>451</ele></trkpt>
    <trkpt lat="37.746672" lon="-6.583656"><ele>448.3</ele></trkpt>
    <trkpt lat="37.745912" lon="-6.584231"><ele>443.3</ele></trkpt>
    <trkpt lat="37.745722" lon="-6.584344"><ele>442.4</ele></trkpt>
    <trkpt lat="37.74469" lon="-6.584778"><ele>435.9</ele></trkpt>
    <trkpt lat="37.743762" lon="-6.585488"><ele>427.7</ele></trkpt>
    <trkpt lat="37.743437" lon="-6.585673"><ele>425.1</ele></trkpt>
    <trkpt lat="37.743039" lon="-6.585861"><ele>421.9</ele></trkpt>
    <trkpt lat="37.741646" lon="-6.586335"><ele>411.1</ele></trkpt>
    <trkpt lat="37.741383" lon="-6.586469"><ele>409.4</ele></trkpt>
    <trkpt lat="37.741196" lon="-6.586622"><ele>408.3</ele></trkpt>
    <trkpt lat="37.741056" lon="-6.586792"><ele>407.5</ele></trkpt>
    <trkpt lat="37.740932" lon="-6.587023"><ele>406.7</ele></trkpt>
    <trkpt lat="37.740837" lon="-6.587269"><ele>406.2</ele></trkpt>
    <trkpt lat="37.740777" lon="-6.587631"><ele>405.4</ele></trkpt>
    <trkpt lat="37.740738" lon="-6.588392"><ele>403.6</ele></trkpt>
    <trkpt lat="37.740688" lon="-6.588663"><ele>402.8</ele></trkpt>
    <trkpt lat="37.74063" lon="-6.588809"><ele>402.3</ele></trkpt>
    <trkpt lat="37.740482" lon="-6.589042"><ele>401.3</ele></trkpt>
    <trkpt lat="37.740276" lon="-6.58926"><ele>400.1</ele></trkpt>
    <trkpt lat="37.740058" lon="-6.589403"><ele>398.9</ele></trkpt>
    <trkpt lat="37.739805" lon="-6.589492"><ele>397.7</ele></trkpt>
    <trkpt lat="37.739548" lon="-6.589498"><ele>396.4</ele></trkpt>
    <trkpt lat="37.73933" lon="-6.589442"><ele>395.5</ele></trkpt>
    <trkpt lat="37.739097" lon="-6.589317"><ele>394.4</ele></trkpt>
    <trkpt lat="37.738933" lon="-6.589196"><ele>393.7</ele></trkpt>
    <trkpt lat="37.73858" lon="-6.588916"><ele>392</ele></trkpt>
    <trkpt lat="37.737355" lon="-6.588008"><ele>385.6</ele></trkpt>
    <trkpt lat="37.73648" lon="-6.587462"><ele>380.5</ele></trkpt>
    <trkpt lat="37.735737" lon="-6.587211"><ele>377.7</ele></trkpt>
    <trkpt lat="37.73559" lon="-6.587156"><ele>377.3</ele></trkpt>
    <trkpt lat="37.734956" lon="-6.586925"><ele>376.2</ele></trkpt>
    <trkpt lat="37.734761" lon="-6.586829"><ele>376.1</ele></trkpt>
    <trkpt lat="37.734561" lon="-6.586698"><ele>376.1</ele></trkpt>
    <trkpt lat="37.734043" lon="-6.586283"><ele>376.1</ele></trkpt>
    <trkpt lat="37.733664" lon="-6.58604"><ele>376.1</ele></trkpt>
    <trkpt lat="37.728906" lon="-6.583492"><ele>377.9</ele></trkpt>
    <trkpt lat="37.72865" lon="-6.583391"><ele>378.4</ele></trkpt>
    <trkpt lat="37.728338" lon="-6.583334"><ele>379</ele></trkpt>
    <trkpt lat="37.727958" lon="-6.583353"><ele>379.8</ele></trkpt>
    <trkpt lat="37.72761" lon="-6.583461"><ele>380.7</ele></trkpt>
    <trkpt lat="37.727335" lon="-6.583618"><ele>381.5</ele></trkpt>
    <trkpt lat="37.726334" lon="-6.58458"><ele>385.3</ele></trkpt>
    <trkpt lat="37.726075" lon="-6.58475"><ele>386.2</ele></trkpt>
    <trkpt lat="37.725801" lon="-6.584883"><ele>387</ele></trkpt>
    <trkpt lat="37.725462" lon="-6.584999"><ele>387.8</ele></trkpt>
    <trkpt lat="37.725172" lon="-6.585063"><ele>388.4</ele></trkpt>
    <trkpt lat="37.724817" lon="-6.58509"><ele>388.8</ele></trkpt>
    <trkpt lat="37.724131" lon="-6.585032"><ele>389.9</ele></trkpt>
    <trkpt lat="37.723744" lon="-6.584939"><ele>391.3</ele></trkpt>
    <trkpt lat="37.723468" lon="-6.584826"><ele>392.8</ele></trkpt>
    <trkpt lat="37.723174" lon="-6.584652"><ele>395</ele></trkpt>
    <trkpt lat="37.72288" lon="-6.584424"><ele>397.5</ele></trkpt>
    <trkpt lat="37.722547" lon="-6.58411"><ele>400.8</ele></trkpt>
    <trkpt lat="37.722288" lon="-6.583815"><ele>403.2</ele></trkpt>
    <trkpt lat="37.722044" lon="-6.583454"><ele>405.3</ele></trkpt>
    <trkpt lat="37.720989" lon="-6.581551"><ele>407.6</ele></trkpt>
    <trkpt lat="37.72068" lon="-6.581055"><ele>407.2</ele></trkpt>
    <trkpt lat="37.720473" lon="-6.580784"><ele>407.3</ele></trkpt>
    <trkpt lat="37.720257" lon="-6.580542"><ele>407.6</ele></trkpt>
    <trkpt lat="37.719593" lon="-6.579922"><ele>410.9</ele></trkpt>
    <trkpt lat="37.71918" lon="-6.57963"><ele>414.2</ele></trkpt>
    <trkpt lat="37.719029" lon="-6.57954"><ele>415.4</ele></trkpt>
    <trkpt lat="37.71883" lon="-6.579447"><ele>417</ele></trkpt>
    <trkpt lat="37.718664" lon="-6.579392"><ele>418.3</ele></trkpt>
    <trkpt lat="37.718332" lon="-6.579263"><ele>421</ele></trkpt>
    <trkpt lat="37.717344" lon="-6.578959"><ele>428.5</ele></trkpt>
    <trkpt lat="37.716977" lon="-6.578875"><ele>431</ele></trkpt>
    <trkpt lat="37.716597" lon="-6.578859"><ele>433.2</ele></trkpt>
    <trkpt lat="37.716336" lon="-6.578887"><ele>434.4</ele></trkpt>
    <trkpt lat="37.716045" lon="-6.578946"><ele>435.6</ele></trkpt>
    <trkpt lat="37.715483" lon="-6.579198"><ele>437.5</ele></trkpt>
    <trkpt lat="37.715223" lon="-6.579386"><ele>438.2</ele></trkpt>
    <trkpt lat="37.713624" lon="-6.580662"><ele>442.1</ele></trkpt>
    <trkpt lat="37.713427" lon="-6.580821"><ele>442.8</ele></trkpt>
    <trkpt lat="37.713255" lon="-6.580958"><ele>443.3</ele></trkpt>
    <trkpt lat="37.713112" lon="-6.581084"><ele>443.8</ele></trkpt>
    <trkpt lat="37.712977" lon="-6.581214"><ele>444.3</ele></trkpt>
    <trkpt lat="37.712774" lon="-6.581482"><ele>445.1</ele></trkpt>
    <trkpt lat="37.712614" lon="-6.581838"><ele>445.9</ele></trkpt>
    <trkpt lat="37.712555" lon="-6.582058"><ele>446.4</ele></trkpt>
    <trkpt lat="37.712515" lon="-6.582285"><ele>446.8</ele></trkpt>
    <trkpt lat="37.712491" lon="-6.582777"><ele>447.4</ele></trkpt>
    <trkpt lat="37.712618" lon="-6.583638"><ele>446.8</ele></trkpt>
    <trkpt lat="37.712637" lon="-6.583758"><ele>446.6</ele></trkpt>
    <trkpt lat="37.712697" lon="-6.58421"><ele>445.9</ele></trkpt>
    <trkpt lat="37.712838" lon="-6.585395"><ele>443.2</ele></trkpt>
    <trkpt lat="37.712823" lon="-6.586041"><ele>441.7</ele></trkpt>
    <trkpt lat="37.712766" lon="-6.586306"><ele>441</ele></trkpt>
    <trkpt lat="37.712675" lon="-6.58667"><ele>440</ele></trkpt>
    <trkpt lat="37.712571" lon="-6.586972"><ele>439.2</ele></trkpt>
    <trkpt lat="37.71158" lon="-6.588876"><ele>433.6</ele></trkpt>
    <trkpt lat="37.711347" lon="-6.589326"><ele>432.6</ele></trkpt>
    <trkpt lat="37.710999" lon="-6.58981"><ele>431.3</ele></trkpt>
    <trkpt lat="37.710781" lon="-6.589994"><ele>430.5</ele></trkpt>
    <trkpt lat="37.710086" lon="-6.590429"><ele>427.3</ele></trkpt>
    <trkpt lat="37.709859" lon="-6.590584"><ele>426</ele></trkpt>
    <trkpt lat="37.709456" lon="-6.590966"><ele>423.4</ele></trkpt>
    <trkpt lat="37.709275" lon="-6.591201"><ele>422.2</ele></trkpt>
    <trkpt lat="37.709002" lon="-6.591634"><ele>420.8</ele></trkpt>
    <trkpt lat="37.70889" lon="-6.591811"><ele>420.4</ele></trkpt>
    <trkpt lat="37.708565" lon="-6.592332"><ele>420.2</ele></trkpt>
    <trkpt lat="37.708201" lon="-6.592804"><ele>421.1</ele></trkpt>
    <trkpt lat="37.707966" lon="-6.593034"><ele>421.7</ele></trkpt>
    <trkpt lat="37.707642" lon="-6.593245"><ele>422.3</ele></trkpt>
    <trkpt lat="37.707315" lon="-6.593397"><ele>422.4</ele></trkpt>
    <trkpt lat="37.706878" lon="-6.593485"><ele>422</ele></trkpt>
    <trkpt lat="37.706521" lon="-6.593482"><ele>421.2</ele></trkpt>
    <trkpt lat="37.705047" lon="-6.593233"><ele>416.2</ele></trkpt>
    <trkpt lat="37.702737" lon="-6.593032"><ele>411.7</ele></trkpt>
    <trkpt lat="37.702145" lon="-6.593045"><ele>413.7</ele></trkpt>
    <trkpt lat="37.701741" lon="-6.593108"><ele>416.4</ele></trkpt>
    <trkpt lat="37.701119" lon="-6.593205"><ele>422.2</ele></trkpt>
    <trkpt lat="37.70038" lon="-6.593315"><ele>428.8</ele></trkpt>
    <trkpt lat="37.699674" lon="-6.593355"><ele>432</ele></trkpt>
    <trkpt lat="37.69948" lon="-6.593366"><ele>432.2</ele></trkpt>
    <trkpt lat="37.699116" lon="-6.59337"><ele>431.7</ele></trkpt>
    <trkpt lat="37.698741" lon="-6.593414"><ele>430.8</ele></trkpt>
    <trkpt lat="37.698433" lon="-6.593582"><ele>429.9</ele></trkpt>
    <trkpt lat="37.698384" lon="-6.593665"><ele>429.6</ele></trkpt>
    <trkpt lat="37.698313" lon="-6.593717"><ele>429.4</ele></trkpt>
    <trkpt lat="37.698233" lon="-6.593728"><ele>429.2</ele></trkpt>
    <trkpt lat="37.698206" lon="-6.593723"><ele>429.2</ele></trkpt>
    <trkpt lat="37.698104" lon="-6.593649"><ele>429</ele></trkpt>
    <trkpt lat="37.698052" lon="-6.593515"><ele>428.8</ele></trkpt>
    <trkpt lat="37.698057" lon="-6.59341"><ele>428.6</ele></trkpt>
    <trkpt lat="37.698095" lon="-6.593316"><ele>428.6</ele></trkpt>
    <trkpt lat="37.698093" lon="-6.593111"><ele>428.4</ele></trkpt>
    <trkpt lat="37.697971" lon="-6.592829"><ele>428.4</ele></trkpt>
    <trkpt lat="37.697851" lon="-6.592725"><ele>428.4</ele></trkpt>
    <trkpt lat="37.697648" lon="-6.592627"><ele>428.4</ele></trkpt>
    <trkpt lat="37.696466" lon="-6.592196"><ele>427.8</ele></trkpt>
    <trkpt lat="37.696218" lon="-6.592066"><ele>427.3</ele></trkpt>
    <trkpt lat="37.696097" lon="-6.591956"><ele>427.1</ele></trkpt>
    <trkpt lat="37.695938" lon="-6.591806"><ele>426.7</ele></trkpt>
    <trkpt lat="37.695701" lon="-6.591436"><ele>425.9</ele></trkpt>
    <trkpt lat="37.695267" lon="-6.590755"><ele>423.4</ele></trkpt>
    <trkpt lat="37.695095" lon="-6.590538"><ele>422.3</ele></trkpt>
    <trkpt lat="37.69468" lon="-6.590157"><ele>419.7</ele></trkpt>
    <trkpt lat="37.694079" lon="-6.589725"><ele>415.6</ele></trkpt>
    <trkpt lat="37.693909" lon="-6.589617"><ele>414.5</ele></trkpt>
    <trkpt lat="37.693664" lon="-6.589446"><ele>413</ele></trkpt>
    <trkpt lat="37.693447" lon="-6.58929"><ele>411.7</ele></trkpt>
    <trkpt lat="37.693036" lon="-6.588924"><ele>409.3</ele></trkpt>
    <trkpt lat="37.692609" lon="-6.588384"><ele>407.1</ele></trkpt>
    <trkpt lat="37.692293" lon="-6.587953"><ele>405.6</ele></trkpt>
    <trkpt lat="37.692011" lon="-6.587497"><ele>404.3</ele></trkpt>
    <trkpt lat="37.689171" lon="-6.58369"><ele>396.2</ele></trkpt>
    <trkpt lat="37.689037" lon="-6.583506"><ele>395.9</ele></trkpt>
    <trkpt lat="37.688846" lon="-6.583245"><ele>395.7</ele></trkpt>
    <trkpt lat="37.688416" lon="-6.582599"><ele>394.9</ele></trkpt>
    <trkpt lat="37.688282" lon="-6.582516"><ele>394.6</ele></trkpt>
    <trkpt lat="37.688191" lon="-6.582509"><ele>394.3</ele></trkpt>
    <trkpt lat="37.688175" lon="-6.582535"><ele>394.3</ele></trkpt>
    <trkpt lat="37.688114" lon="-6.582829"><ele>393.5</ele></trkpt>
    <trkpt lat="37.688063" lon="-6.582949"><ele>393.1</ele></trkpt>
    <trkpt lat="37.687797" lon="-6.583187"><ele>392</ele></trkpt>
    <trkpt lat="37.687774" lon="-6.583285"><ele>391.7</ele></trkpt>
    <trkpt lat="37.687759" lon="-6.583674"><ele>390.6</ele></trkpt>
    <trkpt lat="37.687731" lon="-6.583811"><ele>390.1</ele></trkpt>
    <trkpt lat="37.687673" lon="-6.583954"><ele>389.6</ele></trkpt>
    <trkpt lat="37.687251" lon="-6.584408"><ele>387.4</ele></trkpt>
    <trkpt lat="37.686802" lon="-6.585138"><ele>387.1</ele></trkpt>
    <trkpt lat="37.686569" lon="-6.585598"><ele>388.3</ele></trkpt>
    <trkpt lat="37.686409" lon="-6.585992"><ele>389.5</ele></trkpt>
    <trkpt lat="37.686199" lon="-6.586687"><ele>391.4</ele></trkpt>
    <trkpt lat="37.68581" lon="-6.587301"><ele>391.8</ele></trkpt>
    <trkpt lat="37.685631" lon="-6.587714"><ele>390.9</ele></trkpt>
    <trkpt lat="37.685551" lon="-6.587851"><ele>390.3</ele></trkpt>
    <trkpt lat="37.68544" lon="-6.587953"><ele>389.6</ele></trkpt>
    <trkpt lat="37.685066" lon="-6.588107"><ele>387.2</ele></trkpt>
    <trkpt lat="37.684649" lon="-6.588157"><ele>384.2</ele></trkpt>
    <trkpt lat="37.684513" lon="-6.588137"><ele>383.2</ele></trkpt>
    <trkpt lat="37.683956" lon="-6.587922"><ele>378.7</ele></trkpt>
    <trkpt lat="37.683093" lon="-6.587802"><ele>372.4</ele></trkpt>
    <trkpt lat="37.682952" lon="-6.587733"><ele>371.4</ele></trkpt>
    <trkpt lat="37.682262" lon="-6.587263"><ele>366.7</ele></trkpt>
    <trkpt lat="37.68146" lon="-6.586799"><ele>363.1</ele></trkpt>
    <trkpt lat="37.681311" lon="-6.586648"><ele>362.5</ele></trkpt>
    <trkpt lat="37.681108" lon="-6.58635"><ele>361.5</ele></trkpt>
    <trkpt lat="37.681046" lon="-6.586194"><ele>361.1</ele></trkpt>
    <trkpt lat="37.680915" lon="-6.585464"><ele>359.1</ele></trkpt>
    <trkpt lat="37.680737" lon="-6.585024"><ele>357.5</ele></trkpt>
    <trkpt lat="37.680456" lon="-6.584615"><ele>355.4</ele></trkpt>
    <trkpt lat="37.680239" lon="-6.58439"><ele>353.9</ele></trkpt>
    <trkpt lat="37.680011" lon="-6.584225"><ele>352.5</ele></trkpt>
    <trkpt lat="37.678964" lon="-6.583755"><ele>346.7</ele></trkpt>
    <trkpt lat="37.678088" lon="-6.583292"><ele>342.6</ele></trkpt>
    <trkpt lat="37.677854" lon="-6.583165"><ele>341.5</ele></trkpt>
    <trkpt lat="37.677719" lon="-6.583035"><ele>340.8</ele></trkpt>
    <trkpt lat="37.677654" lon="-6.582916"><ele>340.2</ele></trkpt>
    <trkpt lat="37.677618" lon="-6.582773"><ele>339.7</ele></trkpt>
    <trkpt lat="37.677615" lon="-6.581829"><ele>336</ele></trkpt>
    <trkpt lat="37.677569" lon="-6.581675"><ele>335.3</ele></trkpt>
    <trkpt lat="37.677506" lon="-6.581562"><ele>334.7</ele></trkpt>
    <trkpt lat="37.67739" lon="-6.581473"><ele>334</ele></trkpt>
    <trkpt lat="37.677253" lon="-6.58145"><ele>333.3</ele></trkpt>
    <trkpt lat="37.677121" lon="-6.581471"><ele>332.6</ele></trkpt>
    <trkpt lat="37.676697" lon="-6.581613"><ele>330.5</ele></trkpt>
    <trkpt lat="37.676535" lon="-6.581647"><ele>329.8</ele></trkpt>
    <trkpt lat="37.676405" lon="-6.58164"><ele>329.3</ele></trkpt>
    <trkpt lat="37.676293" lon="-6.581588"><ele>328.8</ele></trkpt>
    <trkpt lat="37.675996" lon="-6.581376"><ele>327.7</ele></trkpt>
    <trkpt lat="37.675838" lon="-6.581318"><ele>327.1</ele></trkpt>
    <trkpt lat="37.675404" lon="-6.581239"><ele>325.9</ele></trkpt>
    <trkpt lat="37.675201" lon="-6.581099"><ele>325.3</ele></trkpt>
    <trkpt lat="37.674928" lon="-6.580832"><ele>324.6</ele></trkpt>
    <trkpt lat="37.67468" lon="-6.580707"><ele>324.2</ele></trkpt>
    <trkpt lat="37.674472" lon="-6.58067"><ele>323.8</ele></trkpt>
    <trkpt lat="37.673661" lon="-6.580683"><ele>321.4</ele></trkpt>
    <trkpt lat="37.673268" lon="-6.580622"><ele>319.7</ele></trkpt>
    <trkpt lat="37.672925" lon="-6.580487"><ele>317.6</ele></trkpt>
    <trkpt lat="37.672331" lon="-6.580327"><ele>313</ele></trkpt>
    <trkpt lat="37.671962" lon="-6.580189"><ele>309.9</ele></trkpt>
    <trkpt lat="37.671527" lon="-6.579953"><ele>306.1</ele></trkpt>
    <trkpt lat="37.670587" lon="-6.579263"><ele>300</ele></trkpt>
    <trkpt lat="37.67048" lon="-6.579224"><ele>299.8</ele></trkpt>
    <trkpt lat="37.670259" lon="-6.57923"><ele>299.6</ele></trkpt>
    <trkpt lat="37.669771" lon="-6.579373"><ele>300.2</ele></trkpt>
    <trkpt lat="37.669534" lon="-6.579411"><ele>300.8</ele></trkpt>
    <trkpt lat="37.669277" lon="-6.579422"><ele>301.7</ele></trkpt>
    <trkpt lat="37.668978" lon="-6.579384"><ele>302.8</ele></trkpt>
    <trkpt lat="37.668632" lon="-6.579311"><ele>303.9</ele></trkpt>
    <trkpt lat="37.668371" lon="-6.579157"><ele>304.6</ele></trkpt>
    <trkpt lat="37.667994" lon="-6.57874"><ele>304.8</ele></trkpt>
    <trkpt lat="37.66762" lon="-6.578277"><ele>304.7</ele></trkpt>
    <trkpt lat="37.667399" lon="-6.578103"><ele>304.9</ele></trkpt>
    <trkpt lat="37.667189" lon="-6.578095"><ele>305.3</ele></trkpt>
    <trkpt lat="37.666742" lon="-6.578297"><ele>307.1</ele></trkpt>
    <trkpt lat="37.666193" lon="-6.57887"><ele>312.1</ele></trkpt>
    <trkpt lat="37.665974" lon="-6.579022"><ele>314.2</ele></trkpt>
    <trkpt lat="37.665803" lon="-6.579052"><ele>315.6</ele></trkpt>
    <trkpt lat="37.665131" lon="-6.579078"><ele>319.6</ele></trkpt>
    <trkpt lat="37.665003" lon="-6.579055"><ele>320.1</ele></trkpt>
    <trkpt lat="37.664909" lon="-6.579008"><ele>320.4</ele></trkpt>
    <trkpt lat="37.664711" lon="-6.578798"><ele>320.8</ele></trkpt>
    <trkpt lat="37.664362" lon="-6.578301"><ele>320.9</ele></trkpt>
    <trkpt lat="37.66415" lon="-6.578153"><ele>320.7</ele></trkpt>
    <trkpt lat="37.664031" lon="-6.578135"><ele>320.5</ele></trkpt>
    <trkpt lat="37.663084" lon="-6.578244"><ele>321.1</ele></trkpt>
    <trkpt lat="37.662628" lon="-6.578236"><ele>322.4</ele></trkpt>
    <trkpt lat="37.662461" lon="-6.5782"><ele>322.9</ele></trkpt>
    <trkpt lat="37.662122" lon="-6.578028"><ele>324.2</ele></trkpt>
    <trkpt lat="37.66126" lon="-6.577315"><ele>326.4</ele></trkpt>
    <trkpt lat="37.661198" lon="-6.57737"><ele>326.4</ele></trkpt>
    <trkpt lat="37.660985" lon="-6.577437"><ele>326.2</ele></trkpt>
    <trkpt lat="37.660779" lon="-6.577539"><ele>326</ele></trkpt>
    <trkpt lat="37.66067" lon="-6.577626"><ele>325.8</ele></trkpt>
    <trkpt lat="37.660566" lon="-6.577805"><ele>325.5</ele></trkpt>
    <trkpt lat="37.660516" lon="-6.578009"><ele>325.1</ele></trkpt>
    <trkpt lat="37.660345" lon="-6.581012"><ele>321.2</ele></trkpt>
    <trkpt lat="37.660179" lon="-6.583493"><ele>327.9</ele></trkpt>
    <trkpt lat="37.660112" lon="-6.583776"><ele>329</ele></trkpt>
    <trkpt lat="37.659817" lon="-6.584356"><ele>331.6</ele></trkpt>
    <trkpt lat="37.659565" lon="-6.584813"><ele>333.5</ele></trkpt>
    <trkpt lat="37.659414" lon="-6.585002"><ele>334.3</ele></trkpt>
    <trkpt lat="37.659292" lon="-6.585112"><ele>334.8</ele></trkpt>
    <trkpt lat="37.659145" lon="-6.585166"><ele>335.3</ele></trkpt>
    <trkpt lat="37.656718" lon="-6.585276"><ele>342.1</ele></trkpt>
    <trkpt lat="37.656486" lon="-6.585242"><ele>343.1</ele></trkpt>
    <trkpt lat="37.655267" lon="-6.584517"><ele>349.3</ele></trkpt>
    <trkpt lat="37.655002" lon="-6.584439"><ele>349.9</ele></trkpt>
    <trkpt lat="37.654841" lon="-6.584456"><ele>350.1</ele></trkpt>
    <trkpt lat="37.653405" lon="-6.584997"><ele>346.3</ele></trkpt>
    <trkpt lat="37.653295" lon="-6.585066"><ele>345.6</ele></trkpt>
    <trkpt lat="37.652441" lon="-6.586006"><ele>338.4</ele></trkpt>
    <trkpt lat="37.650398" lon="-6.587"><ele>323.3</ele></trkpt>
    <trkpt lat="37.650282" lon="-6.58699"><ele>322.3</ele></trkpt>
    <trkpt lat="37.650173" lon="-6.586939"><ele>321.5</ele></trkpt>
    <trkpt lat="37.649569" lon="-6.586438"><ele>317</ele></trkpt>
    <trkpt lat="37.649382" lon="-6.58622"><ele>315.7</ele></trkpt>
    <trkpt lat="37.648887" lon="-6.585285"><ele>312.2</ele></trkpt>
    <trkpt lat="37.648772" lon="-6.585133"><ele>311.5</ele></trkpt>
    <trkpt lat="37.648687" lon="-6.585065"><ele>311</ele></trkpt>
    <trkpt lat="37.648598" lon="-6.58503"><ele>310.5</ele></trkpt>
    <trkpt lat="37.648514" lon="-6.585046"><ele>310</ele></trkpt>
    <trkpt lat="37.648391" lon="-6.585122"><ele>309.2</ele></trkpt>
    <trkpt lat="37.647898" lon="-6.5859"><ele>303.4</ele></trkpt>
    <trkpt lat="37.647768" lon="-6.586061"><ele>302</ele></trkpt>
    <trkpt lat="37.647698" lon="-6.586108"><ele>301.4</ele></trkpt>
    <trkpt lat="37.647624" lon="-6.586106"><ele>300.8</ele></trkpt>
    <trkpt lat="37.647544" lon="-6.586052"><ele>300.2</ele></trkpt>
    <trkpt lat="37.647485" lon="-6.585969"><ele>299.6</ele></trkpt>
    <trkpt lat="37.647341" lon="-6.585548"><ele>297.4</ele></trkpt>
    <trkpt lat="37.647276" lon="-6.585451"><ele>297</ele></trkpt>
    <trkpt lat="37.646562" lon="-6.584844"><ele>294</ele></trkpt>
    <trkpt lat="37.646184" lon="-6.584695"><ele>292.3</ele></trkpt>
    <trkpt lat="37.646008" lon="-6.584672"><ele>291.4</ele></trkpt>
    <trkpt lat="37.6459" lon="-6.584736"><ele>290.6</ele></trkpt>
    <trkpt lat="37.645828" lon="-6.584861"><ele>289.9</ele></trkpt>
    <trkpt lat="37.645575" lon="-6.585839"><ele>283.2</ele></trkpt>
    <trkpt lat="37.645471" lon="-6.586026"><ele>281.4</ele></trkpt>
    <trkpt lat="37.644948" lon="-6.58648"><ele>275.2</ele></trkpt>
    <trkpt lat="37.644847" lon="-6.586524"><ele>274.2</ele></trkpt>
    <trkpt lat="37.64459" lon="-6.586542"><ele>272.1</ele></trkpt>
    <trkpt lat="37.644461" lon="-6.586514"><ele>271.1</ele></trkpt>
    <trkpt lat="37.644232" lon="-6.586327"><ele>269.2</ele></trkpt>
    <trkpt lat="37.644172" lon="-6.586231"><ele>268.6</ele></trkpt>
    <trkpt lat="37.644106" lon="-6.586041"><ele>267.5</ele></trkpt>
    <trkpt lat="37.644049" lon="-6.585963"><ele>266.9</ele></trkpt>
    <trkpt lat="37.643882" lon="-6.585862"><ele>265.7</ele></trkpt>
    <trkpt lat="37.643644" lon="-6.585586"><ele>263.4</ele></trkpt>
    <trkpt lat="37.643339" lon="-6.585397"><ele>260.6</ele></trkpt>
    <trkpt lat="37.643246" lon="-6.585383"><ele>259.7</ele></trkpt>
    <trkpt lat="37.643098" lon="-6.585471"><ele>258.2</ele></trkpt>
    <trkpt lat="37.642882" lon="-6.585769"><ele>255</ele></trkpt>
    <trkpt lat="37.642578" lon="-6.58606"><ele>250.8</ele></trkpt>
    <trkpt lat="37.642255" lon="-6.586182"><ele>246.9</ele></trkpt>
    <trkpt lat="37.642157" lon="-6.586271"><ele>245.5</ele></trkpt>
    <trkpt lat="37.641852" lon="-6.587133"><ele>238.1</ele></trkpt>
    <trkpt lat="37.641813" lon="-6.587184"><ele>237.6</ele></trkpt>
    <trkpt lat="37.640795" lon="-6.587322"><ele>228.5</ele></trkpt>
    <trkpt lat="37.640522" lon="-6.58732"><ele>226.1</ele></trkpt>
    <trkpt lat="37.64037" lon="-6.58746"><ele>224.5</ele></trkpt>
    <trkpt lat="37.640163" lon="-6.58753"><ele>222.8</ele></trkpt>
    <trkpt lat="37.639965" lon="-6.587502"><ele>221.2</ele></trkpt>
    <trkpt lat="37.639771" lon="-6.587435"><ele>219.8</ele></trkpt>
    <trkpt lat="37.63966" lon="-6.587304"><ele>218.7</ele></trkpt>
    <trkpt lat="37.639372" lon="-6.586633"><ele>215.4</ele></trkpt>
    <trkpt lat="37.63857" lon="-6.585912"><ele>212.3</ele></trkpt>
    <trkpt lat="37.638425" lon="-6.5857"><ele>211.7</ele></trkpt>
    <trkpt lat="37.638314" lon="-6.585428"><ele>211</ele></trkpt>
    <trkpt lat="37.638121" lon="-6.584505"><ele>208.6</ele></trkpt>
    <trkpt lat="37.63809" lon="-6.584253"><ele>208</ele></trkpt>
    <trkpt lat="37.638115" lon="-6.584125"><ele>207.7</ele></trkpt>
    <trkpt lat="37.63846" lon="-6.583579"><ele>206.8</ele></trkpt>
    <trkpt lat="37.638481" lon="-6.5834"><ele>206.8</ele></trkpt>
    <trkpt lat="37.638449" lon="-6.583165"><ele>207</ele></trkpt>
    <trkpt lat="37.638387" lon="-6.582867"><ele>207.4</ele></trkpt>
    <trkpt lat="37.638152" lon="-6.582481"><ele>208.6</ele></trkpt>
    <trkpt lat="37.637631" lon="-6.581909"><ele>212.9</ele></trkpt>
    <trkpt lat="37.637567" lon="-6.58188"><ele>213.5</ele></trkpt>
    <trkpt lat="37.63741" lon="-6.58192"><ele>214.8</ele></trkpt>
    <trkpt lat="37.63705" lon="-6.582344"><ele>219.3</ele></trkpt>
    <trkpt lat="37.636961" lon="-6.582396"><ele>220.3</ele></trkpt>
    <trkpt lat="37.636602" lon="-6.582477"><ele>224.1</ele></trkpt>
    <trkpt lat="37.636023" lon="-6.582895"><ele>230.7</ele></trkpt>
    <trkpt lat="37.635731" lon="-6.583138"><ele>233.8</ele></trkpt>
    <trkpt lat="37.635466" lon="-6.583418"><ele>236.6</ele></trkpt>
    <trkpt lat="37.635095" lon="-6.584028"><ele>241.1</ele></trkpt>
    <trkpt lat="37.634797" lon="-6.584354"><ele>243.6</ele></trkpt>
    <trkpt lat="37.634643" lon="-6.584585"><ele>245</ele></trkpt>
    <trkpt lat="37.634295" lon="-6.58522"><ele>249</ele></trkpt>
    <trkpt lat="37.634099" lon="-6.585475"><ele>251.2</ele></trkpt>
    <trkpt lat="37.633896" lon="-6.585625"><ele>253.2</ele></trkpt>
    <trkpt lat="37.633551" lon="-6.585773"><ele>256.3</ele></trkpt>
    <trkpt lat="37.633008" lon="-6.585886"><ele>260.4</ele></trkpt>
    <trkpt lat="37.632602" lon="-6.585881"><ele>263.1</ele></trkpt>
    <trkpt lat="37.632406" lon="-6.586086"><ele>264.6</ele></trkpt>
    <trkpt lat="37.632383" lon="-6.586152"><ele>265</ele></trkpt>
    <trkpt lat="37.632433" lon="-6.586271"><ele>265.7</ele></trkpt>
    <trkpt lat="37.632647" lon="-6.586382"><ele>267.2</ele></trkpt>
    <trkpt lat="37.632713" lon="-6.586488"><ele>267.9</ele></trkpt>
    <trkpt lat="37.632742" lon="-6.586628"><ele>268.7</ele></trkpt>
    <trkpt lat="37.632736" lon="-6.586764"><ele>269.4</ele></trkpt>
    <trkpt lat="37.632677" lon="-6.586915"><ele>270.4</ele></trkpt>
    <trkpt lat="37.632572" lon="-6.587026"><ele>271.5</ele></trkpt>
    <trkpt lat="37.632447" lon="-6.58709"><ele>272.7</ele></trkpt>
    <trkpt lat="37.63221" lon="-6.587087"><ele>275</ele></trkpt>
    <trkpt lat="37.631886" lon="-6.586992"><ele>278.9</ele></trkpt>
    <trkpt lat="37.631105" lon="-6.586604"><ele>290.2</ele></trkpt>
    <trkpt lat="37.630955" lon="-6.586474"><ele>292.6</ele></trkpt>
    <trkpt lat="37.630913" lon="-6.586394"><ele>293.6</ele></trkpt>
    <trkpt lat="37.630942" lon="-6.585441"><ele>303</ele></trkpt>
    <trkpt lat="37.630911" lon="-6.584941"><ele>307.7</ele></trkpt>
    <trkpt lat="37.630757" lon="-6.584363"><ele>313.2</ele></trkpt>
    <trkpt lat="37.630581" lon="-6.583873"><ele>317.7</ele></trkpt>
    <trkpt lat="37.630377" lon="-6.583514"><ele>321.2</ele></trkpt>
    <trkpt lat="37.63031" lon="-6.583112"><ele>324.1</ele></trkpt>
    <trkpt lat="37.630274" lon="-6.582999"><ele>324.9</ele></trkpt>
    <trkpt lat="37.630224" lon="-6.582935"><ele>325.4</ele></trkpt>
    <trkpt lat="37.630124" lon="-6.58291"><ele>326.2</ele></trkpt>
    <trkpt lat="37.630064" lon="-6.582943"><ele>326.6</ele></trkpt>
    <trkpt lat="37.629898" lon="-6.583514"><ele>329.3</ele></trkpt>
    <trkpt lat="37.62982" lon="-6.583699"><ele>329.9</ele></trkpt>
    <trkpt lat="37.629723" lon="-6.583863"><ele>330.3</ele></trkpt>
    <trkpt lat="37.629602" lon="-6.58396"><ele>330.5</ele></trkpt>
    <trkpt lat="37.629413" lon="-6.58402"><ele>330.6</ele></trkpt>
    <trkpt lat="37.629183" lon="-6.583981"><ele>330.3</ele></trkpt>
    <trkpt lat="37.628606" lon="-6.584102"><ele>328</ele></trkpt>
    <trkpt lat="37.628434" lon="-6.584187"><ele>326.8</ele></trkpt>
    <trkpt lat="37.627814" lon="-6.584773"><ele>320.3</ele></trkpt>
    <trkpt lat="37.627523" lon="-6.584889"><ele>317.7</ele></trkpt>
    <trkpt lat="37.627276" lon="-6.584941"><ele>315.7</ele></trkpt>
    <trkpt lat="37.62694" lon="-6.584924"><ele>313.4</ele></trkpt>
    <trkpt lat="37.626706" lon="-6.585075"><ele>311.8</ele></trkpt>
    <trkpt lat="37.626081" lon="-6.585288"><ele>309</ele></trkpt>
    <trkpt lat="37.625938" lon="-6.585278"><ele>308.5</ele></trkpt>
    <trkpt lat="37.625825" lon="-6.585195"><ele>308.2</ele></trkpt>
    <trkpt lat="37.625689" lon="-6.584941"><ele>307.8</ele></trkpt>
    <trkpt lat="37.625522" lon="-6.584759"><ele>307.5</ele></trkpt>
    <trkpt lat="37.625353" lon="-6.584642"><ele>307.4</ele></trkpt>
    <trkpt lat="37.624948" lon="-6.58459"><ele>307.6</ele></trkpt>
    <trkpt lat="37.624857" lon="-6.584528"><ele>307.7</ele></trkpt>
    <trkpt lat="37.624612" lon="-6.584217"><ele>308.5</ele></trkpt>
    <trkpt lat="37.62475" lon="-6.583627"><ele>310.2</ele></trkpt>
    <trkpt lat="37.624925" lon="-6.582481"><ele>314.5</ele></trkpt>
    <trkpt lat="37.624905" lon="-6.582093"><ele>316.1</ele></trkpt>
    <trkpt lat="37.624768" lon="-6.581485"><ele>318.7</ele></trkpt>
    <trkpt lat="37.624361" lon="-6.580867"><ele>322.1</ele></trkpt>
    <trkpt lat="37.623728" lon="-6.580184"><ele>326.6</ele></trkpt>
    <trkpt lat="37.623258" lon="-6.579236"><ele>331.7</ele></trkpt>
    <trkpt lat="37.623034" lon="-6.578926"><ele>333.6</ele></trkpt>
    <trkpt lat="37.622803" lon="-6.578753"><ele>335.2</ele></trkpt>
    <trkpt lat="37.621915" lon="-6.578241"><ele>340</ele></trkpt>
    <trkpt lat="37.621762" lon="-6.578102"><ele>340.6</ele></trkpt>
    <trkpt lat="37.621647" lon="-6.577891"><ele>341.1</ele></trkpt>
    <trkpt lat="37.621516" lon="-6.5771"><ele>342.1</ele></trkpt>
    <trkpt lat="37.62142" lon="-6.576901"><ele>342.2</ele></trkpt>
    <trkpt lat="37.620893" lon="-6.576417"><ele>342.2</ele></trkpt>
    <trkpt lat="37.620758" lon="-6.57632"><ele>342</ele></trkpt>
    <trkpt lat="37.620632" lon="-6.576188"><ele>341.8</ele></trkpt>
    <trkpt lat="37.620548" lon="-6.576031"><ele>341.6</ele></trkpt>
    <trkpt lat="37.62052" lon="-6.575845"><ele>341.4</ele></trkpt>
    <trkpt lat="37.62056" lon="-6.575652"><ele>341.1</ele></trkpt>
    <trkpt lat="37.620796" lon="-6.575318"><ele>340.3</ele></trkpt>
    <trkpt lat="37.621274" lon="-6.574728"><ele>338.6</ele></trkpt>
    <trkpt lat="37.621399" lon="-6.57437"><ele>337.9</ele></trkpt>
    <trkpt lat="37.621423" lon="-6.574155"><ele>337.5</ele></trkpt>
    <trkpt lat="37.621384" lon="-6.573054"><ele>335.5</ele></trkpt>
    <trkpt lat="37.621322" lon="-6.57276"><ele>334.8</ele></trkpt>
    <trkpt lat="37.620914" lon="-6.571356"><ele>329.5</ele></trkpt>
    <trkpt lat="37.620854" lon="-6.570962"><ele>327.7</ele></trkpt>
    <trkpt lat="37.620712" lon="-6.569368"><ele>322.6</ele></trkpt>
    <trkpt lat="37.620634" lon="-6.569087"><ele>322.3</ele></trkpt>
    <trkpt lat="37.620497" lon="-6.568861"><ele>322.4</ele></trkpt>
    <trkpt lat="37.620392" lon="-6.568755"><ele>322.5</ele></trkpt>
    <trkpt lat="37.619335" lon="-6.567942"><ele>327.2</ele></trkpt>
    <trkpt lat="37.61855" lon="-6.567446"><ele>331</ele></trkpt>
    <trkpt lat="37.61725" lon="-6.566548"><ele>334.5</ele></trkpt>
    <trkpt lat="37.617106" lon="-6.566469"><ele>334.7</ele></trkpt>
    <trkpt lat="37.616937" lon="-6.566433"><ele>334.8</ele></trkpt>
    <trkpt lat="37.616671" lon="-6.566515"><ele>335</ele></trkpt>
    <trkpt lat="37.61559" lon="-6.567215"><ele>336.1</ele></trkpt>
    <trkpt lat="37.614406" lon="-6.568154"><ele>339</ele></trkpt>
    <trkpt lat="37.614256" lon="-6.568205"><ele>339.5</ele></trkpt>
    <trkpt lat="37.614066" lon="-6.568145"><ele>340.2</ele></trkpt>
    <trkpt lat="37.6139" lon="-6.567952"><ele>341</ele></trkpt>
    <trkpt lat="37.613782" lon="-6.567738"><ele>341.7</ele></trkpt>
    <trkpt lat="37.611522" lon="-6.563093"><ele>359.7</ele></trkpt>
    <trkpt lat="37.611226" lon="-6.562614"><ele>359.1</ele></trkpt>
    <trkpt lat="37.611127" lon="-6.562491"><ele>358.6</ele></trkpt>
    <trkpt lat="37.61089" lon="-6.562346"><ele>357.3</ele></trkpt>
    <trkpt lat="37.610382" lon="-6.562104"><ele>352.8</ele></trkpt>
    <trkpt lat="37.60997" lon="-6.562124"><ele>348.2</ele></trkpt>
    <trkpt lat="37.608904" lon="-6.562295"><ele>333</ele></trkpt>
    <trkpt lat="37.607759" lon="-6.562589"><ele>316</ele></trkpt>
    <trkpt lat="37.607046" lon="-6.562918"><ele>307.2</ele></trkpt>
    <trkpt lat="37.606715" lon="-6.563034"><ele>303.7</ele></trkpt>
    <trkpt lat="37.606373" lon="-6.563024"><ele>300.5</ele></trkpt>
    <trkpt lat="37.605678" lon="-6.562743"><ele>293.5</ele></trkpt>
    <trkpt lat="37.6051" lon="-6.562559"><ele>287.4</ele></trkpt>
    <trkpt lat="37.603694" lon="-6.56224"><ele>272.7</ele></trkpt>
    <trkpt lat="37.603075" lon="-6.562246"><ele>267.6</ele></trkpt>
    <trkpt lat="37.60279" lon="-6.56215"><ele>265.6</ele></trkpt>
    <trkpt lat="37.601998" lon="-6.561268"><ele>261.4</ele></trkpt>
    <trkpt lat="37.601497" lon="-6.56089"><ele>259.9</ele></trkpt>
    <trkpt lat="37.60114" lon="-6.560482"><ele>258.2</ele></trkpt>
    <trkpt lat="37.600777" lon="-6.559866"><ele>255.5</ele></trkpt>
    <trkpt lat="37.600456" lon="-6.559514"><ele>253</ele></trkpt>
    <trkpt lat="37.599212" lon="-6.558966"><ele>245.2</ele></trkpt>
    <trkpt lat="37.598824" lon="-6.558885"><ele>243</ele></trkpt>
    <trkpt lat="37.598608" lon="-6.558885"><ele>241.7</ele></trkpt>
    <trkpt lat="37.598381" lon="-6.558923"><ele>240.2</ele></trkpt>
    <trkpt lat="37.59826" lon="-6.558998"><ele>239.2</ele></trkpt>
    <trkpt lat="37.598128" lon="-6.559191"><ele>237.6</ele></trkpt>
    <trkpt lat="37.597993" lon="-6.559703"><ele>233.7</ele></trkpt>
    <trkpt lat="37.597953" lon="-6.560042"><ele>230.8</ele></trkpt>
    <trkpt lat="37.59789" lon="-6.560314"><ele>228.1</ele></trkpt>
    <trkpt lat="37.597704" lon="-6.560659"><ele>223.6</ele></trkpt>
    <trkpt lat="37.597535" lon="-6.560814"><ele>220.5</ele></trkpt>
    <trkpt lat="37.59742" lon="-6.560855"><ele>218.7</ele></trkpt>
    <trkpt lat="37.597004" lon="-6.560865"><ele>212</ele></trkpt>
    <trkpt lat="37.596169" lon="-6.560597"><ele>197.7</ele></trkpt>
    <trkpt lat="37.595728" lon="-6.560278"><ele>190.9</ele></trkpt>
    <trkpt lat="37.595667" lon="-6.560208"><ele>190</ele></trkpt>
    <trkpt lat="37.595613" lon="-6.560084"><ele>188.9</ele></trkpt>
    <trkpt lat="37.595594" lon="-6.559723"><ele>186.5</ele></trkpt>
    <trkpt lat="37.595619" lon="-6.559231"><ele>184</ele></trkpt>
    <trkpt lat="37.595716" lon="-6.558784"><ele>182.1</ele></trkpt>
    <trkpt lat="37.595652" lon="-6.558502"><ele>180.9</ele></trkpt>
    <trkpt lat="37.595535" lon="-6.558309"><ele>179.9</ele></trkpt>
    <trkpt lat="37.595462" lon="-6.558234"><ele>179.3</ele></trkpt>
    <trkpt lat="37.595204" lon="-6.558142"><ele>177.5</ele></trkpt>
    <trkpt lat="37.594886" lon="-6.557971"><ele>174.8</ele></trkpt>
    <trkpt lat="37.594753" lon="-6.557849"><ele>173.3</ele></trkpt>
    <trkpt lat="37.594645" lon="-6.557707"><ele>171.9</ele></trkpt>
    <trkpt lat="37.594577" lon="-6.557551"><ele>170.6</ele></trkpt>
    <trkpt lat="37.594465" lon="-6.557166"><ele>167.6</ele></trkpt>
    <trkpt lat="37.594275" lon="-6.555956"><ele>161.8</ele></trkpt>
    <trkpt lat="37.594196" lon="-6.555748"><ele>160.9</ele></trkpt>
    <trkpt lat="37.594126" lon="-6.55564"><ele>160.4</ele></trkpt>
    <trkpt lat="37.593904" lon="-6.555437"><ele>158.7</ele></trkpt>
    <trkpt lat="37.593798" lon="-6.555375"><ele>157.9</ele></trkpt>
    <trkpt lat="37.593583" lon="-6.555306"><ele>156.2</ele></trkpt>
    <trkpt lat="37.5934" lon="-6.555293"><ele>154.7</ele></trkpt>
    <trkpt lat="37.593248" lon="-6.555351"><ele>153.5</ele></trkpt>
    <trkpt lat="37.59286" lon="-6.555647"><ele>149.5</ele></trkpt>
    <trkpt lat="37.592625" lon="-6.555763"><ele>147.3</ele></trkpt>
    <trkpt lat="37.592438" lon="-6.555805"><ele>145.7</ele></trkpt>
    <trkpt lat="37.592377" lon="-6.555778"><ele>145.1</ele></trkpt>
    <trkpt lat="37.592322" lon="-6.555711"><ele>144.5</ele></trkpt>
    <trkpt lat="37.592283" lon="-6.555623"><ele>143.8</ele></trkpt>
    <trkpt lat="37.592275" lon="-6.555523"><ele>143.2</ele></trkpt>
    <trkpt lat="37.59242" lon="-6.554861"><ele>139.5</ele></trkpt>
    <trkpt lat="37.592436" lon="-6.554507"><ele>138</ele></trkpt>
    <trkpt lat="37.59237" lon="-6.554232"><ele>136.7</ele></trkpt>
    <trkpt lat="37.592158" lon="-6.553734"><ele>133.9</ele></trkpt>
    <trkpt lat="37.592109" lon="-6.553535"><ele>132.9</ele></trkpt>
    <trkpt lat="37.592027" lon="-6.552834"><ele>129.1</ele></trkpt>
    <trkpt lat="37.591852" lon="-6.552112"><ele>125.2</ele></trkpt>
    <trkpt lat="37.591853" lon="-6.55197"><ele>124.6</ele></trkpt>
    <trkpt lat="37.591887" lon="-6.551814"><ele>124</ele></trkpt>
    <trkpt lat="37.59203" lon="-6.551576"><ele>122.9</ele></trkpt>
    <trkpt lat="37.592229" lon="-6.551368"><ele>122</ele></trkpt>
    <trkpt lat="37.592356" lon="-6.551279"><ele>121.5</ele></trkpt>
    <trkpt lat="37.592484" lon="-6.55124"><ele>121.1</ele></trkpt>
    <trkpt lat="37.593126" lon="-6.551188"><ele>120.3</ele></trkpt>
    <trkpt lat="37.593199" lon="-6.551164"><ele>120.4</ele></trkpt>
    <trkpt lat="37.593857" lon="-6.550901"><ele>123.5</ele></trkpt>
    <trkpt lat="37.594273" lon="-6.550733"><ele>126.9</ele></trkpt>
    <trkpt lat="37.594391" lon="-6.55066"><ele>128.2</ele></trkpt>
    <trkpt lat="37.594532" lon="-6.55053"><ele>129.9</ele></trkpt>
    <trkpt lat="37.594676" lon="-6.550333"><ele>132.1</ele></trkpt>
    <trkpt lat="37.594741" lon="-6.55019"><ele>133.5</ele></trkpt>
    <trkpt lat="37.594826" lon="-6.549852"><ele>136.7</ele></trkpt>
    <trkpt lat="37.594939" lon="-6.549657"><ele>138.9</ele></trkpt>
    <trkpt lat="37.595482" lon="-6.549362"><ele>144.7</ele></trkpt>
    <trkpt lat="37.595963" lon="-6.548926"><ele>148.9</ele></trkpt>
    <trkpt lat="37.596412" lon="-6.54862"><ele>151.7</ele></trkpt>
    <trkpt lat="37.596769" lon="-6.548434"><ele>153.7</ele></trkpt>
    <trkpt lat="37.597315" lon="-6.54825"><ele>156.6</ele></trkpt>
    <trkpt lat="37.597407" lon="-6.548182"><ele>157.2</ele></trkpt>
    <trkpt lat="37.597508" lon="-6.548038"><ele>158.2</ele></trkpt>
    <trkpt lat="37.597601" lon="-6.547615"><ele>160.7</ele></trkpt>
    <trkpt lat="37.597703" lon="-6.547402"><ele>162.4</ele></trkpt>
    <trkpt lat="37.597836" lon="-6.547253"><ele>164</ele></trkpt>
    <trkpt lat="37.598008" lon="-6.547141"><ele>166</ele></trkpt>
    <trkpt lat="37.598188" lon="-6.546957"><ele>168.3</ele></trkpt>
    <trkpt lat="37.598267" lon="-6.546779"><ele>170</ele></trkpt>
    <trkpt lat="37.598266" lon="-6.546653"><ele>170.9</ele></trkpt>
    <trkpt lat="37.598238" lon="-6.546546"><ele>171.8</ele></trkpt>
    <trkpt lat="37.597987" lon="-6.546192"><ele>175</ele></trkpt>
    <trkpt lat="37.597948" lon="-6.546084"><ele>175.8</ele></trkpt>
    <trkpt lat="37.597915" lon="-6.545714"><ele>178.1</ele></trkpt>
    <trkpt lat="37.597881" lon="-6.545588"><ele>178.9</ele></trkpt>
    <trkpt lat="37.597815" lon="-6.545461"><ele>179.8</ele></trkpt>
    <trkpt lat="37.597622" lon="-6.545198"><ele>182.1</ele></trkpt>
    <trkpt lat="37.597589" lon="-6.545065"><ele>183</ele></trkpt>
    <trkpt lat="37.597595" lon="-6.544968"><ele>183.7</ele></trkpt>
    <trkpt lat="37.59764" lon="-6.544843"><ele>184.7</ele></trkpt>
    <trkpt lat="37.597734" lon="-6.544723"><ele>185.9</ele></trkpt>
    <trkpt lat="37.597922" lon="-6.544603"><ele>188</ele></trkpt>
    <trkpt lat="37.598178" lon="-6.54456"><ele>190.8</ele></trkpt>
    <trkpt lat="37.598779" lon="-6.54463"><ele>198.1</ele></trkpt>
    <trkpt lat="37.59925" lon="-6.544809"><ele>203.9</ele></trkpt>
    <trkpt lat="37.599413" lon="-6.544816"><ele>205.7</ele></trkpt>
    <trkpt lat="37.599714" lon="-6.544691"><ele>208.4</ele></trkpt>
    <trkpt lat="37.60004" lon="-6.544449"><ele>210.4</ele></trkpt>
    <trkpt lat="37.600222" lon="-6.544143"><ele>211.2</ele></trkpt>
    <trkpt lat="37.600302" lon="-6.544068"><ele>211.5</ele></trkpt>
    <trkpt lat="37.600231" lon="-6.543869"><ele>211.6</ele></trkpt>
    <trkpt lat="37.599848" lon="-6.543198"><ele>210.7</ele></trkpt>
    <trkpt lat="37.599703" lon="-6.542789"><ele>209.6</ele></trkpt>
    <trkpt lat="37.599617" lon="-6.542612"><ele>208.9</ele></trkpt>
    <trkpt lat="37.599481" lon="-6.542389"><ele>208.1</ele></trkpt>
    <trkpt lat="37.599273" lon="-6.542221"><ele>207.3</ele></trkpt>
    <trkpt lat="37.599083" lon="-6.542168"><ele>206.6</ele></trkpt>
    <trkpt lat="37.598872" lon="-6.542189"><ele>206</ele></trkpt>
    <trkpt lat="37.598643" lon="-6.542299"><ele>205.5</ele></trkpt>
    <trkpt lat="37.598315" lon="-6.542566"><ele>205.1</ele></trkpt>
    <trkpt lat="37.598126" lon="-6.542665"><ele>205</ele></trkpt>
    <trkpt lat="37.597688" lon="-6.542744"><ele>205.1</ele></trkpt>
    <trkpt lat="37.597493" lon="-6.542806"><ele>205.4</ele></trkpt>
    <trkpt lat="37.596016" lon="-6.544025"><ele>206.8</ele></trkpt>
    <trkpt lat="37.595866" lon="-6.544251"><ele>206.4</ele></trkpt>
    <trkpt lat="37.595747" lon="-6.544538"><ele>205.8</ele></trkpt>
    <trkpt lat="37.595688" lon="-6.54484"><ele>205.1</ele></trkpt>
    <trkpt lat="37.595686" lon="-6.545075"><ele>204.3</ele></trkpt>
    <trkpt lat="37.595885" lon="-6.545713"><ele>201.8</ele></trkpt>
    <trkpt lat="37.595933" lon="-6.546104"><ele>200.2</ele></trkpt>
    <trkpt lat="37.595895" lon="-6.546447"><ele>198.8</ele></trkpt>
    <trkpt lat="37.5958" lon="-6.546704"><ele>197.7</ele></trkpt>
    <trkpt lat="37.595633" lon="-6.546926"><ele>196.4</ele></trkpt>
    <trkpt lat="37.595423" lon="-6.547142"><ele>195.2</ele></trkpt>
    <trkpt lat="37.595009" lon="-6.547482"><ele>193.2</ele></trkpt>
    <trkpt lat="37.594708" lon="-6.547622"><ele>192</ele></trkpt>
    <trkpt lat="37.594276" lon="-6.547671"><ele>190.5</ele></trkpt>
    <trkpt lat="37.593637" lon="-6.547689"><ele>188.4</ele></trkpt>
    <trkpt lat="37.593343" lon="-6.547598"><ele>187.3</ele></trkpt>
    <trkpt lat="37.592896" lon="-6.547265"><ele>184.5</ele></trkpt>
    <trkpt lat="37.592671" lon="-6.547055"><ele>182.6</ele></trkpt>
    <trkpt lat="37.59146" lon="-6.546324"><ele>172</ele></trkpt>
    <trkpt lat="37.591293" lon="-6.546253"><ele>171</ele></trkpt>
    <trkpt lat="37.591071" lon="-6.546234"><ele>169.9</ele></trkpt>
    <trkpt lat="37.590858" lon="-6.546298"><ele>169.2</ele></trkpt>
    <trkpt lat="37.590585" lon="-6.546495"><ele>168.4</ele></trkpt>
    <trkpt lat="37.590238" lon="-6.546804"><ele>167.6</ele></trkpt>
    <trkpt lat="37.589939" lon="-6.546939"><ele>167.1</ele></trkpt>
    <trkpt lat="37.589663" lon="-6.546995"><ele>166.6</ele></trkpt>
    <trkpt lat="37.588772" lon="-6.547007"><ele>162.5</ele></trkpt>
    <trkpt lat="37.588471" lon="-6.54706"><ele>160.1</ele></trkpt>
    <trkpt lat="37.588279" lon="-6.547136"><ele>158.4</ele></trkpt>
    <trkpt lat="37.58809" lon="-6.547264"><ele>156.4</ele></trkpt>
    <trkpt lat="37.587821" lon="-6.5475"><ele>153.3</ele></trkpt>
    <trkpt lat="37.587086" lon="-6.5479"><ele>144.5</ele></trkpt>
    <trkpt lat="37.585559" lon="-6.549114"><ele>125</ele></trkpt>
    <trkpt lat="37.585451" lon="-6.549162"><ele>124.4</ele></trkpt>
    <trkpt lat="37.585334" lon="-6.54917"><ele>123.9</ele></trkpt>
    <trkpt lat="37.585149" lon="-6.54912"><ele>123.4</ele></trkpt>
    <trkpt lat="37.585048" lon="-6.549028"><ele>123</ele></trkpt>
    <trkpt lat="37.584955" lon="-6.548883"><ele>122.6</ele></trkpt>
    <trkpt lat="37.584889" lon="-6.548677"><ele>122.4</ele></trkpt>
    <trkpt lat="37.584747" lon="-6.548069"><ele>123.4</ele></trkpt>
    <trkpt lat="37.584766" lon="-6.547884"><ele>124.2</ele></trkpt>
    <trkpt lat="37.584885" lon="-6.547561"><ele>126.1</ele></trkpt>
    <trkpt lat="37.58492" lon="-6.547463"><ele>126.8</ele></trkpt>
    <trkpt lat="37.584939" lon="-6.547269"><ele>128.2</ele></trkpt>
    <trkpt lat="37.58487" lon="-6.547009"><ele>130.1</ele></trkpt>
    <trkpt lat="37.584208" lon="-6.545988"><ele>137.8</ele></trkpt>
    <trkpt lat="37.584116" lon="-6.545881"><ele>138.5</ele></trkpt>
    <trkpt lat="37.583296" lon="-6.545229"><ele>140.9</ele></trkpt>
    <trkpt lat="37.582838" lon="-6.544969"><ele>140.6</ele></trkpt>
    <trkpt lat="37.582265" lon="-6.544711"><ele>141.8</ele></trkpt>
    <trkpt lat="37.582132" lon="-6.544723"><ele>142.4</ele></trkpt>
    <trkpt lat="37.581994" lon="-6.544784"><ele>143.1</ele></trkpt>
    <trkpt lat="37.581631" lon="-6.545068"><ele>145.6</ele></trkpt>
    <trkpt lat="37.581422" lon="-6.545407"><ele>147.5</ele></trkpt>
    <trkpt lat="37.581253" lon="-6.545542"><ele>148.5</ele></trkpt>
    <trkpt lat="37.580877" lon="-6.545542"><ele>149.9</ele></trkpt>
    <trkpt lat="37.580548" lon="-6.545641"><ele>150.4</ele></trkpt>
    <trkpt lat="37.580152" lon="-6.54554"><ele>151</ele></trkpt>
    <trkpt lat="37.579766" lon="-6.545496"><ele>151.6</ele></trkpt>
    <trkpt lat="37.579548" lon="-6.545441"><ele>152</ele></trkpt>
    <trkpt lat="37.579044" lon="-6.545086"><ele>154.7</ele></trkpt>
    <trkpt lat="37.578399" lon="-6.544922"><ele>160.2</ele></trkpt>
    <trkpt lat="37.577536" lon="-6.54453"><ele>167.6</ele></trkpt>
    <trkpt lat="37.577121" lon="-6.544418"><ele>170.7</ele></trkpt>
    <trkpt lat="37.57698" lon="-6.544337"><ele>172</ele></trkpt>
    <trkpt lat="37.576842" lon="-6.5442"><ele>173.4</ele></trkpt>
    <trkpt lat="37.576678" lon="-6.543938"><ele>175.6</ele></trkpt>
    <trkpt lat="37.576514" lon="-6.543732"><ele>177.6</ele></trkpt>
    <trkpt lat="37.575882" lon="-6.543255"><ele>183.8</ele></trkpt>
    <trkpt lat="37.575712" lon="-6.543211"><ele>185.3</ele></trkpt>
    <trkpt lat="37.575559" lon="-6.543249"><ele>186.7</ele></trkpt>
    <trkpt lat="37.574967" lon="-6.54356"><ele>192.2</ele></trkpt>
    <trkpt lat="37.574746" lon="-6.543605"><ele>193.9</ele></trkpt>
    <trkpt lat="37.574466" lon="-6.543478"><ele>196.1</ele></trkpt>
    <trkpt lat="37.574266" lon="-6.543418"><ele>197.6</ele></trkpt>
    <trkpt lat="37.574089" lon="-6.543477"><ele>199</ele></trkpt>
    <trkpt lat="37.573835" lon="-6.543661"><ele>201.3</ele></trkpt>
    <trkpt lat="37.573682" lon="-6.54371"><ele>202.7</ele></trkpt>
    <trkpt lat="37.573491" lon="-6.543703"><ele>204.5</ele></trkpt>
    <trkpt lat="37.572969" lon="-6.543575"><ele>210.1</ele></trkpt>
    <trkpt lat="37.572873" lon="-6.5436"><ele>211.1</ele></trkpt>
    <trkpt lat="37.572776" lon="-6.543661"><ele>212.4</ele></trkpt>
    <trkpt lat="37.572476" lon="-6.544183"><ele>218.1</ele></trkpt>
    <trkpt lat="37.571926" lon="-6.544524"><ele>224.2</ele></trkpt>
    <trkpt lat="37.571789" lon="-6.544512"><ele>225.4</ele></trkpt>
    <trkpt lat="37.571692" lon="-6.544425"><ele>226.4</ele></trkpt>
    <trkpt lat="37.5716" lon="-6.544059"><ele>228.7</ele></trkpt>
    <trkpt lat="37.571517" lon="-6.543855"><ele>230</ele></trkpt>
    <trkpt lat="37.57134" lon="-6.543731"><ele>231.3</ele></trkpt>
    <trkpt lat="37.570585" lon="-6.543642"><ele>236.3</ele></trkpt>
    <trkpt lat="37.570211" lon="-6.543673"><ele>239.6</ele></trkpt>
    <trkpt lat="37.570021" lon="-6.543655"><ele>241.6</ele></trkpt>
    <trkpt lat="37.569704" lon="-6.543513"><ele>245</ele></trkpt>
    <trkpt lat="37.569459" lon="-6.543505"><ele>247.4</ele></trkpt>
    <trkpt lat="37.56916" lon="-6.543613"><ele>250.1</ele></trkpt>
    <trkpt lat="37.568951" lon="-6.543604"><ele>251.9</ele></trkpt>
    <trkpt lat="37.568695" lon="-6.543477"><ele>254</ele></trkpt>
    <trkpt lat="37.568583" lon="-6.543299"><ele>255.2</ele></trkpt>
    <trkpt lat="37.568536" lon="-6.543099"><ele>256.3</ele></trkpt>
    <trkpt lat="37.56849" lon="-6.542716"><ele>258.1</ele></trkpt>
    <trkpt lat="37.568404" lon="-6.54253"><ele>259</ele></trkpt>
    <trkpt lat="37.568245" lon="-6.542381"><ele>259.9</ele></trkpt>
    <trkpt lat="37.567962" lon="-6.542236"><ele>260.9</ele></trkpt>
    <trkpt lat="37.567808" lon="-6.542066"><ele>261.4</ele></trkpt>
    <trkpt lat="37.56774" lon="-6.541849"><ele>261.9</ele></trkpt>
    <trkpt lat="37.567759" lon="-6.54152"><ele>262.3</ele></trkpt>
    <trkpt lat="37.567727" lon="-6.541315"><ele>262.4</ele></trkpt>
    <trkpt lat="37.567539" lon="-6.540995"><ele>262.5</ele></trkpt>
    <trkpt lat="37.567203" lon="-6.540611"><ele>262.2</ele></trkpt>
    <trkpt lat="37.566949" lon="-6.540422"><ele>262.1</ele></trkpt>
    <trkpt lat="37.566459" lon="-6.540333"><ele>262.1</ele></trkpt>
    <trkpt lat="37.566315" lon="-6.5404"><ele>262.2</ele></trkpt>
    <trkpt lat="37.566168" lon="-6.540517"><ele>262.5</ele></trkpt>
    <trkpt lat="37.565848" lon="-6.540674"><ele>263.5</ele></trkpt>
    <trkpt lat="37.565449" lon="-6.540719"><ele>265.2</ele></trkpt>
    <trkpt lat="37.565267" lon="-6.54066"><ele>266.2</ele></trkpt>
    <trkpt lat="37.564943" lon="-6.54044"><ele>268.1</ele></trkpt>
    <trkpt lat="37.564612" lon="-6.540327"><ele>269.6</ele></trkpt>
    <trkpt lat="37.564385" lon="-6.540319"><ele>270.5</ele></trkpt>
    <trkpt lat="37.564164" lon="-6.540376"><ele>271.3</ele></trkpt>
    <trkpt lat="37.563481" lon="-6.540758"><ele>272.5</ele></trkpt>
    <trkpt lat="37.563341" lon="-6.540806"><ele>272.5</ele></trkpt>
    <trkpt lat="37.563157" lon="-6.540802"><ele>272.5</ele></trkpt>
    <trkpt lat="37.562675" lon="-6.540578"><ele>272.5</ele></trkpt>
    <trkpt lat="37.562471" lon="-6.540522"><ele>272.6</ele></trkpt>
    <trkpt lat="37.562257" lon="-6.540527"><ele>272.8</ele></trkpt>
    <trkpt lat="37.561724" lon="-6.540634"><ele>273.6</ele></trkpt>
    <trkpt lat="37.560869" lon="-6.540514"><ele>275.6</ele></trkpt>
    <trkpt lat="37.560717" lon="-6.540428"><ele>276</ele></trkpt>
    <trkpt lat="37.560627" lon="-6.540332"><ele>276.3</ele></trkpt>
    <trkpt lat="37.560533" lon="-6.540174"><ele>276.6</ele></trkpt>
    <trkpt lat="37.56014" lon="-6.539122"><ele>277.8</ele></trkpt>
    <trkpt lat="37.559895" lon="-6.538674"><ele>278.1</ele></trkpt>
    <trkpt lat="37.559687" lon="-6.538369"><ele>278.3</ele></trkpt>
    <trkpt lat="37.559464" lon="-6.538266"><ele>278.5</ele></trkpt>
    <trkpt lat="37.559243" lon="-6.538348"><ele>278.6</ele></trkpt>
    <trkpt lat="37.558891" lon="-6.538625"><ele>279.2</ele></trkpt>
    <trkpt lat="37.558709" lon="-6.538634"><ele>279.5</ele></trkpt>
    <trkpt lat="37.558293" lon="-6.538441"><ele>281</ele></trkpt>
    <trkpt lat="37.55809" lon="-6.538497"><ele>281.9</ele></trkpt>
    <trkpt lat="37.557909" lon="-6.53869"><ele>283.1</ele></trkpt>
    <trkpt lat="37.557723" lon="-6.53884"><ele>284.4</ele></trkpt>
    <trkpt lat="37.557555" lon="-6.538868"><ele>285.4</ele></trkpt>
    <trkpt lat="37.557309" lon="-6.538742"><ele>287.1</ele></trkpt>
    <trkpt lat="37.557067" lon="-6.538514"><ele>289.1</ele></trkpt>
    <trkpt lat="37.55675" lon="-6.538011"><ele>292.4</ele></trkpt>
    <trkpt lat="37.55664" lon="-6.537759"><ele>293.6</ele></trkpt>
    <trkpt lat="37.556612" lon="-6.537484"><ele>294.6</ele></trkpt>
    <trkpt lat="37.556644" lon="-6.537175"><ele>295.6</ele></trkpt>
    <trkpt lat="37.556569" lon="-6.536856"><ele>296.5</ele></trkpt>
    <trkpt lat="37.555977" lon="-6.536318"><ele>299.1</ele></trkpt>
    <trkpt lat="37.555769" lon="-6.536263"><ele>299.9</ele></trkpt>
    <trkpt lat="37.555652" lon="-6.536378"><ele>300.5</ele></trkpt>
    <trkpt lat="37.55566" lon="-6.536676"><ele>301.6</ele></trkpt>
    <trkpt lat="37.555599" lon="-6.536936"><ele>302.7</ele></trkpt>
    <trkpt lat="37.555462" lon="-6.53709"><ele>303.7</ele></trkpt>
    <trkpt lat="37.555217" lon="-6.537135"><ele>305.1</ele></trkpt>
    <trkpt lat="37.555039" lon="-6.537214"><ele>306.3</ele></trkpt>
    <trkpt lat="37.554831" lon="-6.537412"><ele>307.9</ele></trkpt>
    <trkpt lat="37.554636" lon="-6.537648"><ele>309.5</ele></trkpt>
    <trkpt lat="37.55385" lon="-6.538239"><ele>314.8</ele></trkpt>
    <trkpt lat="37.553593" lon="-6.538353"><ele>316.4</ele></trkpt>
    <trkpt lat="37.553346" lon="-6.53836"><ele>317.8</ele></trkpt>
    <trkpt lat="37.552995" lon="-6.538174"><ele>319.6</ele></trkpt>
    <trkpt lat="37.5526" lon="-6.537727"><ele>321.6</ele></trkpt>
    <trkpt lat="37.551836" lon="-6.537276"><ele>323.9</ele></trkpt>
    <trkpt lat="37.551684" lon="-6.537084"><ele>324.3</ele></trkpt>
    <trkpt lat="37.55143" lon="-6.536531"><ele>324.8</ele></trkpt>
    <trkpt lat="37.551266" lon="-6.536278"><ele>324.8</ele></trkpt>
    <trkpt lat="37.551043" lon="-6.536103"><ele>324.9</ele></trkpt>
    <trkpt lat="37.550599" lon="-6.535925"><ele>325.2</ele></trkpt>
    <trkpt lat="37.550218" lon="-6.535886"><ele>325.4</ele></trkpt>
    <trkpt lat="37.549906" lon="-6.535879"><ele>325.4</ele></trkpt>
    <trkpt lat="37.549653" lon="-6.535806"><ele>325.5</ele></trkpt>
    <trkpt lat="37.549262" lon="-6.535596"><ele>325.9</ele></trkpt>
    <trkpt lat="37.548992" lon="-6.535492"><ele>326.2</ele></trkpt>
    <trkpt lat="37.548713" lon="-6.535464"><ele>326.5</ele></trkpt>
    <trkpt lat="37.548215" lon="-6.535633"><ele>326.7</ele></trkpt>
    <trkpt lat="37.548036" lon="-6.535631"><ele>326.8</ele></trkpt>
    <trkpt lat="37.547876" lon="-6.535592"><ele>327</ele></trkpt>
    <trkpt lat="37.547711" lon="-6.535513"><ele>327.2</ele></trkpt>
    <trkpt lat="37.547559" lon="-6.53538"><ele>327.5</ele></trkpt>
    <trkpt lat="37.547413" lon="-6.535197"><ele>327.9</ele></trkpt>
    <trkpt lat="37.547083" lon="-6.534498"><ele>329.6</ele></trkpt>
    <trkpt lat="37.546725" lon="-6.533578"><ele>331.6</ele></trkpt>
    <trkpt lat="37.546586" lon="-6.533098"><ele>332</ele></trkpt>
    <trkpt lat="37.546552" lon="-6.53236"><ele>331.7</ele></trkpt>
    <trkpt lat="37.546504" lon="-6.532019"><ele>331.2</ele></trkpt>
    <trkpt lat="37.546278" lon="-6.531281"><ele>329.4</ele></trkpt>
    <trkpt lat="37.546011" lon="-6.530621"><ele>327.4</ele></trkpt>
    <trkpt lat="37.545884" lon="-6.530474"><ele>326.7</ele></trkpt>
    <trkpt lat="37.545715" lon="-6.530339"><ele>326</ele></trkpt>
    <trkpt lat="37.545215" lon="-6.530192"><ele>324.3</ele></trkpt>
    <trkpt lat="37.544897" lon="-6.530052"><ele>323.5</ele></trkpt>
    <trkpt lat="37.544713" lon="-6.529916"><ele>323.1</ele></trkpt>
    <trkpt lat="37.544527" lon="-6.529714"><ele>322.8</ele></trkpt>
    <trkpt lat="37.544406" lon="-6.529509"><ele>322.7</ele></trkpt>
    <trkpt lat="37.543988" lon="-6.528475"><ele>324.2</ele></trkpt>
    <trkpt lat="37.54386" lon="-6.528231"><ele>324.5</ele></trkpt>
    <trkpt lat="37.543742" lon="-6.528116"><ele>324.6</ele></trkpt>
    <trkpt lat="37.543577" lon="-6.528038"><ele>324.6</ele></trkpt>
    <trkpt lat="37.543391" lon="-6.528043"><ele>324.5</ele></trkpt>
    <trkpt lat="37.543011" lon="-6.528139"><ele>323.9</ele></trkpt>
    <trkpt lat="37.542713" lon="-6.528069"><ele>323.1</ele></trkpt>
    <trkpt lat="37.54249" lon="-6.527924"><ele>322.1</ele></trkpt>
    <trkpt lat="37.541932" lon="-6.527437"><ele>319.1</ele></trkpt>
    <trkpt lat="37.541695" lon="-6.527338"><ele>318.4</ele></trkpt>
    <trkpt lat="37.541061" lon="-6.527345"><ele>317.6</ele></trkpt>
    <trkpt lat="37.540822" lon="-6.527396"><ele>317.5</ele></trkpt>
    <trkpt lat="37.540591" lon="-6.527508"><ele>317.4</ele></trkpt>
    <trkpt lat="37.54035" lon="-6.527811"><ele>317.2</ele></trkpt>
    <trkpt lat="37.540099" lon="-6.528459"><ele>316.3</ele></trkpt>
    <trkpt lat="37.539708" lon="-6.528988"><ele>314.2</ele></trkpt>
    <trkpt lat="37.53959" lon="-6.529283"><ele>313</ele></trkpt>
    <trkpt lat="37.539512" lon="-6.529897"><ele>310.5</ele></trkpt>
    <trkpt lat="37.539446" lon="-6.530175"><ele>309.4</ele></trkpt>
    <trkpt lat="37.539239" lon="-6.530543"><ele>307.9</ele></trkpt>
    <trkpt lat="37.538553" lon="-6.531133"><ele>306</ele></trkpt>
    <trkpt lat="37.53837" lon="-6.531406"><ele>305.8</ele></trkpt>
    <trkpt lat="37.536956" lon="-6.533982"><ele>306.2</ele></trkpt>
    <trkpt lat="37.536773" lon="-6.534243"><ele>305.8</ele></trkpt>
    <trkpt lat="37.536585" lon="-6.534398"><ele>305.3</ele></trkpt>
    <trkpt lat="37.536334" lon="-6.534499"><ele>304.5</ele></trkpt>
    <trkpt lat="37.535961" lon="-6.534525"><ele>302.9</ele></trkpt>
    <trkpt lat="37.535616" lon="-6.534588"><ele>300.9</ele></trkpt>
    <trkpt lat="37.535421" lon="-6.534687"><ele>299.5</ele></trkpt>
    <trkpt lat="37.535233" lon="-6.534834"><ele>297.9</ele></trkpt>
    <trkpt lat="37.534772" lon="-6.535254"><ele>293.6</ele></trkpt>
    <trkpt lat="37.53464" lon="-6.535468"><ele>292</ele></trkpt>
    <trkpt lat="37.534572" lon="-6.535761"><ele>290.2</ele></trkpt>
    <trkpt lat="37.534583" lon="-6.536038"><ele>288.7</ele></trkpt>
    <trkpt lat="37.534737" lon="-6.536661"><ele>285.5</ele></trkpt>
    <trkpt lat="37.534723" lon="-6.536936"><ele>284.3</ele></trkpt>
    <trkpt lat="37.534646" lon="-6.537182"><ele>283.1</ele></trkpt>
    <trkpt lat="37.534456" lon="-6.537433"><ele>281.6</ele></trkpt>
    <trkpt lat="37.534302" lon="-6.537515"><ele>280.7</ele></trkpt>
    <trkpt lat="37.53412" lon="-6.537543"><ele>279.7</ele></trkpt>
    <trkpt lat="37.533525" lon="-6.537436"><ele>276.1</ele></trkpt>
    <trkpt lat="37.533189" lon="-6.537508"><ele>274.2</ele></trkpt>
    <trkpt lat="37.532942" lon="-6.537706"><ele>272.6</ele></trkpt>
    <trkpt lat="37.532799" lon="-6.537934"><ele>271.5</ele></trkpt>
    <trkpt lat="37.532648" lon="-6.538276"><ele>270</ele></trkpt>
    <trkpt lat="37.532468" lon="-6.538586"><ele>268.8</ele></trkpt>
    <trkpt lat="37.532245" lon="-6.538789"><ele>267.8</ele></trkpt>
    <trkpt lat="37.531587" lon="-6.539095"><ele>265.5</ele></trkpt>
    <trkpt lat="37.53135" lon="-6.539144"><ele>264.6</ele></trkpt>
    <trkpt lat="37.530842" lon="-6.539043"><ele>262.5</ele></trkpt>
    <trkpt lat="37.530634" lon="-6.539045"><ele>261.6</ele></trkpt>
    <trkpt lat="37.530455" lon="-6.539074"><ele>260.7</ele></trkpt>
    <trkpt lat="37.529871" lon="-6.539283"><ele>258.1</ele></trkpt>
    <trkpt lat="37.529697" lon="-6.539301"><ele>257.4</ele></trkpt>
    <trkpt lat="37.529254" lon="-6.539192"><ele>256</ele></trkpt>
    <trkpt lat="37.529109" lon="-6.539211"><ele>255.6</ele></trkpt>
    <trkpt lat="37.528493" lon="-6.53952"><ele>255</ele></trkpt>
    <trkpt lat="37.528305" lon="-6.53953"><ele>255.1</ele></trkpt>
    <trkpt lat="37.528144" lon="-6.539505"><ele>255.3</ele></trkpt>
    <trkpt lat="37.527332" lon="-6.539236"><ele>256.6</ele></trkpt>
    <trkpt lat="37.52718" lon="-6.539139"><ele>256.9</ele></trkpt>
    <trkpt lat="37.527045" lon="-6.538999"><ele>257</ele></trkpt>
    <trkpt lat="37.526712" lon="-6.538514"><ele>257.3</ele></trkpt>
    <trkpt lat="37.526557" lon="-6.538394"><ele>257.3</ele></trkpt>
    <trkpt lat="37.526266" lon="-6.538244"><ele>257.2</ele></trkpt>
    <trkpt lat="37.525987" lon="-6.538157"><ele>256.9</ele></trkpt>
    <trkpt lat="37.525525" lon="-6.538235"><ele>256</ele></trkpt>
    <trkpt lat="37.52521" lon="-6.53822"><ele>255.3</ele></trkpt>
    <trkpt lat="37.523362" lon="-6.537693"><ele>251.3</ele></trkpt>
    <trkpt lat="37.522984" lon="-6.53773"><ele>250.7</ele></trkpt>
    <trkpt lat="37.52249" lon="-6.537858"><ele>249.8</ele></trkpt>
    <trkpt lat="37.52229" lon="-6.537967"><ele>249.3</ele></trkpt>
    <trkpt lat="37.522064" lon="-6.538131"><ele>248.5</ele></trkpt>
    <trkpt lat="37.521621" lon="-6.538509"><ele>246.6</ele></trkpt>
    <trkpt lat="37.521415" lon="-6.538645"><ele>245.6</ele></trkpt>
    <trkpt lat="37.521188" lon="-6.538722"><ele>244.4</ele></trkpt>
    <trkpt lat="37.52095" lon="-6.538712"><ele>243.3</ele></trkpt>
    <trkpt lat="37.520737" lon="-6.538643"><ele>242.4</ele></trkpt>
    <trkpt lat="37.520532" lon="-6.538495"><ele>241.4</ele></trkpt>
    <trkpt lat="37.520218" lon="-6.53817"><ele>240.1</ele></trkpt>
    <trkpt lat="37.52004" lon="-6.538046"><ele>239.5</ele></trkpt>
    <trkpt lat="37.519107" lon="-6.537634"><ele>237.7</ele></trkpt>
    <trkpt lat="37.5188" lon="-6.537636"><ele>237.7</ele></trkpt>
    <trkpt lat="37.518662" lon="-6.537668"><ele>237.8</ele></trkpt>
    <trkpt lat="37.518532" lon="-6.537738"><ele>237.9</ele></trkpt>
    <trkpt lat="37.518297" lon="-6.537949"><ele>238.1</ele></trkpt>
    <trkpt lat="37.517744" lon="-6.538473"><ele>239</ele></trkpt>
    <trkpt lat="37.517273" lon="-6.538894"><ele>239.8</ele></trkpt>
    <trkpt lat="37.517088" lon="-6.538993"><ele>240</ele></trkpt>
    <trkpt lat="37.516294" lon="-6.539177"><ele>240.2</ele></trkpt>
    <trkpt lat="37.516061" lon="-6.539382"><ele>240.3</ele></trkpt>
    <trkpt lat="37.515201" lon="-6.540275"><ele>238.5</ele></trkpt>
    <trkpt lat="37.515042" lon="-6.540411"><ele>237.9</ele></trkpt>
    <trkpt lat="37.514892" lon="-6.540429"><ele>237.3</ele></trkpt>
    <trkpt lat="37.513829" lon="-6.540338"><ele>232</ele></trkpt>
    <trkpt lat="37.513405" lon="-6.540335"><ele>230</ele></trkpt>
    <trkpt lat="37.512594" lon="-6.540452"><ele>226.8</ele></trkpt>
    <trkpt lat="37.511713" lon="-6.540163"><ele>223.4</ele></trkpt>
    <trkpt lat="37.511529" lon="-6.540174"><ele>222.6</ele></trkpt>
    <trkpt lat="37.511374" lon="-6.540291"><ele>221.9</ele></trkpt>
    <trkpt lat="37.51073" lon="-6.540965"><ele>218.4</ele></trkpt>
    <trkpt lat="37.510526" lon="-6.541043"><ele>217.6</ele></trkpt>
    <trkpt lat="37.510182" lon="-6.541043"><ele>216.5</ele></trkpt>
    <trkpt lat="37.509914" lon="-6.541132"><ele>215.7</ele></trkpt>
    <trkpt lat="37.509175" lon="-6.541512"><ele>213.3</ele></trkpt>
    <trkpt lat="37.508892" lon="-6.541553"><ele>212.2</ele></trkpt>
    <trkpt lat="37.50867" lon="-6.541619"><ele>211.3</ele></trkpt>
    <trkpt lat="37.508446" lon="-6.541735"><ele>210.3</ele></trkpt>
    <trkpt lat="37.508236" lon="-6.541765"><ele>209.4</ele></trkpt>
    <trkpt lat="37.508135" lon="-6.541734"><ele>209</ele></trkpt>
    <trkpt lat="37.50801" lon="-6.541635"><ele>208.3</ele></trkpt>
    <trkpt lat="37.507839" lon="-6.541368"><ele>207.1</ele></trkpt>
    <trkpt lat="37.507507" lon="-6.540684"><ele>205</ele></trkpt>
    <trkpt lat="37.507267" lon="-6.540363"><ele>204.3</ele></trkpt>
    <trkpt lat="37.507002" lon="-6.540099"><ele>204</ele></trkpt>
    <trkpt lat="37.506719" lon="-6.539873"><ele>203.8</ele></trkpt>
    <trkpt lat="37.506464" lon="-6.539743"><ele>203.8</ele></trkpt>
    <trkpt lat="37.506028" lon="-6.539708"><ele>203.6</ele></trkpt>
    <trkpt lat="37.505875" lon="-6.539737"><ele>203.5</ele></trkpt>
    <trkpt lat="37.505488" lon="-6.539923"><ele>202.8</ele></trkpt>
    <trkpt lat="37.505296" lon="-6.539949"><ele>202.3</ele></trkpt>
    <trkpt lat="37.50458" lon="-6.539632"><ele>200</ele></trkpt>
    <trkpt lat="37.504401" lon="-6.539597"><ele>199.4</ele></trkpt>
    <trkpt lat="37.50415" lon="-6.539618"><ele>198.5</ele></trkpt>
    <trkpt lat="37.504004" lon="-6.539688"><ele>197.9</ele></trkpt>
    <trkpt lat="37.503881" lon="-6.539808"><ele>197.4</ele></trkpt>
    <trkpt lat="37.503792" lon="-6.53999"><ele>196.8</ele></trkpt>
    <trkpt lat="37.503646" lon="-6.540654"><ele>194.8</ele></trkpt>
    <trkpt lat="37.503563" lon="-6.540907"><ele>193.9</ele></trkpt>
    <trkpt lat="37.503419" lon="-6.541109"><ele>193</ele></trkpt>
    <trkpt lat="37.503228" lon="-6.541321"><ele>191.7</ele></trkpt>
    <trkpt lat="37.50307" lon="-6.541398"><ele>190.9</ele></trkpt>
    <trkpt lat="37.5029" lon="-6.541379"><ele>190</ele></trkpt>
    <trkpt lat="37.502788" lon="-6.541265"><ele>189.2</ele></trkpt>
    <trkpt lat="37.502394" lon="-6.540724"><ele>186</ele></trkpt>
    <trkpt lat="37.50216" lon="-6.540507"><ele>184.6</ele></trkpt>
    <trkpt lat="37.501955" lon="-6.540382"><ele>183.4</ele></trkpt>
    <trkpt lat="37.501713" lon="-6.540372"><ele>182.2</ele></trkpt>
    <trkpt lat="37.501333" lon="-6.540458"><ele>180.4</ele></trkpt>
    <trkpt lat="37.501099" lon="-6.540547"><ele>179.2</ele></trkpt>
    <trkpt lat="37.50048" lon="-6.540891"><ele>175.8</ele></trkpt>
    <trkpt lat="37.500147" lon="-6.540997"><ele>173.8</ele></trkpt>
    <trkpt lat="37.499961" lon="-6.541016"><ele>172.7</ele></trkpt>
    <trkpt lat="37.499831" lon="-6.540983"><ele>171.8</ele></trkpt>
    <trkpt lat="37.49894" lon="-6.540433"><ele>165.3</ele></trkpt>
    <trkpt lat="37.498744" lon="-6.540385"><ele>163.8</ele></trkpt>
    <trkpt lat="37.497304" lon="-6.540927"><ele>153.9</ele></trkpt>
    <trkpt lat="37.496981" lon="-6.541"><ele>152.4</ele></trkpt>
    <trkpt lat="37.496762" lon="-6.541013"><ele>151.6</ele></trkpt>
    <trkpt lat="37.496537" lon="-6.540991"><ele>150.9</ele></trkpt>
    <trkpt lat="37.495925" lon="-6.540873"><ele>149.4</ele></trkpt>
    <trkpt lat="37.495703" lon="-6.540894"><ele>148.8</ele></trkpt>
    <trkpt lat="37.495463" lon="-6.541019"><ele>148.2</ele></trkpt>
    <trkpt lat="37.49479" lon="-6.541562"><ele>145.5</ele></trkpt>
    <trkpt lat="37.494592" lon="-6.541627"><ele>144.7</ele></trkpt>
    <trkpt lat="37.494048" lon="-6.541727"><ele>142.4</ele></trkpt>
    <trkpt lat="37.49308" lon="-6.542114"><ele>138</ele></trkpt>
    <trkpt lat="37.492957" lon="-6.542137"><ele>137.5</ele></trkpt>
    <trkpt lat="37.492812" lon="-6.542099"><ele>136.9</ele></trkpt>
    <trkpt lat="37.492368" lon="-6.541854"><ele>135.1</ele></trkpt>
    <trkpt lat="37.492164" lon="-6.541807"><ele>134.4</ele></trkpt>
    <trkpt lat="37.491917" lon="-6.541882"><ele>133.6</ele></trkpt>
    <trkpt lat="37.491709" lon="-6.542041"><ele>132.9</ele></trkpt>
    <trkpt lat="37.491192" lon="-6.542514"><ele>131.3</ele></trkpt>
    <trkpt lat="37.490878" lon="-6.542638"><ele>130.6</ele></trkpt>
    <trkpt lat="37.489684" lon="-6.542783"><ele>127.9</ele></trkpt>
    <trkpt lat="37.489179" lon="-6.542718"><ele>126.8</ele></trkpt>
    <trkpt lat="37.48876" lon="-6.5427"><ele>126</ele></trkpt>
    <trkpt lat="37.487398" lon="-6.542892"><ele>123.5</ele></trkpt>
    <trkpt lat="37.48701" lon="-6.542914"><ele>122.8</ele></trkpt>
    <trkpt lat="37.486498" lon="-6.542871"><ele>121.8</ele></trkpt>
    <trkpt lat="37.486171" lon="-6.54279"><ele>121.1</ele></trkpt>
    <trkpt lat="37.485948" lon="-6.542659"><ele>120.7</ele></trkpt>
    <trkpt lat="37.485365" lon="-6.542142"><ele>119.5</ele></trkpt>
    <trkpt lat="37.485105" lon="-6.542"><ele>119.1</ele></trkpt>
    <trkpt lat="37.48478" lon="-6.541914"><ele>118.8</ele></trkpt>
    <trkpt lat="37.482868" lon="-6.541426"><ele>117.2</ele></trkpt>
    <trkpt lat="37.482721" lon="-6.541409"><ele>117.1</ele></trkpt>
    <trkpt lat="37.482506" lon="-6.54144"><ele>116.9</ele></trkpt>
    <trkpt lat="37.482215" lon="-6.541537"><ele>116.5</ele></trkpt>
    <trkpt lat="37.482071" lon="-6.541614"><ele>116.4</ele></trkpt>
    <trkpt lat="37.481931" lon="-6.541729"><ele>116.1</ele></trkpt>
    <trkpt lat="37.481558" lon="-6.542205"><ele>115.3</ele></trkpt>
    <trkpt lat="37.480967" lon="-6.543293"><ele>113.5</ele></trkpt>
    <trkpt lat="37.480804" lon="-6.543512"><ele>113.2</ele></trkpt>
    <trkpt lat="37.480006" lon="-6.543899"><ele>112.3</ele></trkpt>
    <trkpt lat="37.479747" lon="-6.54409"><ele>112</ele></trkpt>
    <trkpt lat="37.4796" lon="-6.544288"><ele>111.8</ele></trkpt>
    <trkpt lat="37.479271" lon="-6.544897"><ele>111.3</ele></trkpt>
    <trkpt lat="37.479144" lon="-6.54504"><ele>111.1</ele></trkpt>
    <trkpt lat="37.478997" lon="-6.545121"><ele>110.9</ele></trkpt>
    <trkpt lat="37.478583" lon="-6.545162"><ele>110.3</ele></trkpt>
    <trkpt lat="37.478444" lon="-6.545205"><ele>110.1</ele></trkpt>
    <trkpt lat="37.478331" lon="-6.545333"><ele>109.9</ele></trkpt>
    <trkpt lat="37.478306" lon="-6.545633"><ele>109.4</ele></trkpt>
    <trkpt lat="37.478375" lon="-6.546162"><ele>108.6</ele></trkpt>
    <trkpt lat="37.478403" lon="-6.546921"><ele>107.2</ele></trkpt>
    <trkpt lat="37.478344" lon="-6.547323"><ele>106.4</ele></trkpt>
    <trkpt lat="37.478191" lon="-6.547741"><ele>105.6</ele></trkpt>
    <trkpt lat="37.47778" lon="-6.548327"><ele>104.8</ele></trkpt>
    <trkpt lat="37.47737" lon="-6.548828"><ele>104.4</ele></trkpt>
    <trkpt lat="37.477213" lon="-6.548958"><ele>104.3</ele></trkpt>
    <trkpt lat="37.477" lon="-6.549057"><ele>104.2</ele></trkpt>
    <trkpt lat="37.475359" lon="-6.549575"><ele>103.5</ele></trkpt>
    <trkpt lat="37.475182" lon="-6.549606"><ele>103.4</ele></trkpt>
    <trkpt lat="37.473039" lon="-6.549551"><ele>102.1</ele></trkpt>
    <trkpt lat="37.472358" lon="-6.54947"><ele>102.3</ele></trkpt>
    <trkpt lat="37.472206" lon="-6.549486"><ele>102.4</ele></trkpt>
    <trkpt lat="37.47154" lon="-6.549745"><ele>102.5</ele></trkpt>
    <trkpt lat="37.471321" lon="-6.549749"><ele>102.3</ele></trkpt>
    <trkpt lat="37.471084" lon="-6.549709"><ele>102</ele></trkpt>
    <trkpt lat="37.47084" lon="-6.549606"><ele>101.5</ele></trkpt>
    <trkpt lat="37.470297" lon="-6.549129"><ele>99.6</ele></trkpt>
    <trkpt lat="37.470029" lon="-6.548993"><ele>98.5</ele></trkpt>
    <trkpt lat="37.469691" lon="-6.548903"><ele>97.4</ele></trkpt>
    <trkpt lat="37.469102" lon="-6.548852"><ele>96.1</ele></trkpt>
    <trkpt lat="37.46868" lon="-6.548772"><ele>95.9</ele></trkpt>
    <trkpt lat="37.46808" lon="-6.54858"><ele>97.1</ele></trkpt>
    <trkpt lat="37.467887" lon="-6.548575"><ele>97.9</ele></trkpt>
    <trkpt lat="37.467685" lon="-6.548714"><ele>99.2</ele></trkpt>
    <trkpt lat="37.467508" lon="-6.548978"><ele>101.1</ele></trkpt>
    <trkpt lat="37.467276" lon="-6.549492"><ele>105.3</ele></trkpt>
    <trkpt lat="37.467106" lon="-6.549816"><ele>108.4</ele></trkpt>
    <trkpt lat="37.46692" lon="-6.550108"><ele>111.3</ele></trkpt>
    <trkpt lat="37.466741" lon="-6.550274"><ele>113.5</ele></trkpt>
    <trkpt lat="37.466525" lon="-6.550371"><ele>115.5</ele></trkpt>
    <trkpt lat="37.466173" lon="-6.550493"><ele>118.2</ele></trkpt>
    <trkpt lat="37.465665" lon="-6.550603"><ele>120.9</ele></trkpt>
    <trkpt lat="37.46511" lon="-6.550687"><ele>122.4</ele></trkpt>
    <trkpt lat="37.464535" lon="-6.550754"><ele>123</ele></trkpt>
    <trkpt lat="37.463219" lon="-6.550762"><ele>121.5</ele></trkpt>
    <trkpt lat="37.46235" lon="-6.550897"><ele>118.5</ele></trkpt>
    <trkpt lat="37.461425" lon="-6.551127"><ele>114.7</ele></trkpt>
    <trkpt lat="37.46067" lon="-6.551122"><ele>112.1</ele></trkpt>
    <trkpt lat="37.459703" lon="-6.551286"><ele>108.7</ele></trkpt>
    <trkpt lat="37.459355" lon="-6.551409"><ele>107.2</ele></trkpt>
    <trkpt lat="37.45868" lon="-6.55171"><ele>103.8</ele></trkpt>
    <trkpt lat="37.458445" lon="-6.551899"><ele>102.7</ele></trkpt>
    <trkpt lat="37.458006" lon="-6.552647"><ele>101.3</ele></trkpt>
    <trkpt lat="37.457861" lon="-6.552997"><ele>101.5</ele></trkpt>
    <trkpt lat="37.457666" lon="-6.553954"><ele>103.9</ele></trkpt>
    <trkpt lat="37.457527" lon="-6.554168"><ele>104.8</ele></trkpt>
    <trkpt lat="37.457369" lon="-6.55432"><ele>105.5</ele></trkpt>
    <trkpt lat="37.457063" lon="-6.554471"><ele>106.3</ele></trkpt>
    <trkpt lat="37.456751" lon="-6.554581"><ele>106.7</ele></trkpt>
    <trkpt lat="37.456536" lon="-6.554743"><ele>106.7</ele></trkpt>
    <trkpt lat="37.456006" lon="-6.555328"><ele>105.8</ele></trkpt>
    <trkpt lat="37.455772" lon="-6.55547"><ele>105.3</ele></trkpt>
    <trkpt lat="37.45526" lon="-6.555563"><ele>104.3</ele></trkpt>
    <trkpt lat="37.455034" lon="-6.555659"><ele>104.1</ele></trkpt>
    <trkpt lat="37.454858" lon="-6.555778"><ele>104</ele></trkpt>
    <trkpt lat="37.454706" lon="-6.555983"><ele>104</ele></trkpt>
    <trkpt lat="37.454597" lon="-6.55625"><ele>104.2</ele></trkpt>
    <trkpt lat="37.454406" lon="-6.557007"><ele>105.4</ele></trkpt>
    <trkpt lat="37.454273" lon="-6.557277"><ele>106.1</ele></trkpt>
    <trkpt lat="37.454073" lon="-6.557447"><ele>106.9</ele></trkpt>
    <trkpt lat="37.453132" lon="-6.557799"><ele>108.4</ele></trkpt>
    <trkpt lat="37.452637" lon="-6.558101"><ele>107.9</ele></trkpt>
    <trkpt lat="37.45233" lon="-6.558464"><ele>107.5</ele></trkpt>
    <trkpt lat="37.452135" lon="-6.558785"><ele>107</ele></trkpt>
    <trkpt lat="37.451992" lon="-6.559161"><ele>106.3</ele></trkpt>
    <trkpt lat="37.451917" lon="-6.559523"><ele>105.7</ele></trkpt>
    <trkpt lat="37.451869" lon="-6.559916"><ele>105</ele></trkpt>
    <trkpt lat="37.451886" lon="-6.560701"><ele>103.3</ele></trkpt>
    <trkpt lat="37.45178" lon="-6.562538"><ele>97.5</ele></trkpt>
    <trkpt lat="37.451855" lon="-6.563327"><ele>96.1</ele></trkpt>
    <trkpt lat="37.451926" lon="-6.563559"><ele>95.9</ele></trkpt>
    <trkpt lat="37.452194" lon="-6.564107"><ele>95.8</ele></trkpt>
    <trkpt lat="37.452244" lon="-6.564377"><ele>95.8</ele></trkpt>
    <trkpt lat="37.452236" lon="-6.564678"><ele>95.8</ele></trkpt>
    <trkpt lat="37.452104" lon="-6.565109"><ele>95.9</ele></trkpt>
    <trkpt lat="37.451927" lon="-6.565335"><ele>95.8</ele></trkpt>
    <trkpt lat="37.451679" lon="-6.565535"><ele>95.8</ele></trkpt>
    <trkpt lat="37.451268" lon="-6.565766"><ele>95.5</ele></trkpt>
    <trkpt lat="37.451064" lon="-6.56592"><ele>95</ele></trkpt>
    <trkpt lat="37.450884" lon="-6.566137"><ele>94.3</ele></trkpt>
    <trkpt lat="37.450763" lon="-6.566423"><ele>93.2</ele></trkpt>
    <trkpt lat="37.450703" lon="-6.566763"><ele>91.8</ele></trkpt>
    <trkpt lat="37.450521" lon="-6.568007"><ele>84.3</ele></trkpt>
    <trkpt lat="37.450423" lon="-6.568361"><ele>81.6</ele></trkpt>
    <trkpt lat="37.450236" lon="-6.568619"><ele>79.2</ele></trkpt>
    <trkpt lat="37.449827" lon="-6.569042"><ele>75.4</ele></trkpt>
    <trkpt lat="37.449695" lon="-6.569277"><ele>74.3</ele></trkpt>
    <trkpt lat="37.449616" lon="-6.569601"><ele>73.3</ele></trkpt>
    <trkpt lat="37.44961" lon="-6.569758"><ele>72.9</ele></trkpt>
    <trkpt lat="37.44963" lon="-6.569949"><ele>72.6</ele></trkpt>
    <trkpt lat="37.449685" lon="-6.570143"><ele>72.3</ele></trkpt>
    <trkpt lat="37.449855" lon="-6.570691"><ele>72</ele></trkpt>
    <trkpt lat="37.450068" lon="-6.57135"><ele>71.8</ele></trkpt>
    <trkpt lat="37.450106" lon="-6.571548"><ele>71.8</ele></trkpt>
    <trkpt lat="37.450119" lon="-6.571736"><ele>71.8</ele></trkpt>
    <trkpt lat="37.450099" lon="-6.571903"><ele>71.8</ele></trkpt>
    <trkpt lat="37.450044" lon="-6.572086"><ele>71.8</ele></trkpt>
    <trkpt lat="37.449929" lon="-6.572282"><ele>71.9</ele></trkpt>
    <trkpt lat="37.449737" lon="-6.572482"><ele>72</ele></trkpt>
    <trkpt lat="37.448357" lon="-6.573023"><ele>74.7</ele></trkpt>
    <trkpt lat="37.448169" lon="-6.573136"><ele>74.9</ele></trkpt>
    <trkpt lat="37.447793" lon="-6.573462"><ele>74.9</ele></trkpt>
    <trkpt lat="37.447599" lon="-6.573582"><ele>74.7</ele></trkpt>
    <trkpt lat="37.447446" lon="-6.573614"><ele>74.6</ele></trkpt>
    <trkpt lat="37.447113" lon="-6.573591"><ele>74.2</ele></trkpt>
    <trkpt lat="37.446788" lon="-6.573516"><ele>73.7</ele></trkpt>
    <trkpt lat="37.446528" lon="-6.573521"><ele>73.2</ele></trkpt>
    <trkpt lat="37.446196" lon="-6.573595"><ele>72.8</ele></trkpt>
    <trkpt lat="37.446008" lon="-6.573561"><ele>72.8</ele></trkpt>
    <trkpt lat="37.445822" lon="-6.573447"><ele>72.9</ele></trkpt>
    <trkpt lat="37.445558" lon="-6.573163"><ele>73.2</ele></trkpt>
    <trkpt lat="37.445382" lon="-6.573046"><ele>73.4</ele></trkpt>
    <trkpt lat="37.445153" lon="-6.572953"><ele>73.8</ele></trkpt>
    <trkpt lat="37.444917" lon="-6.572918"><ele>74.3</ele></trkpt>
    <trkpt lat="37.444602" lon="-6.572962"><ele>75</ele></trkpt>
    <trkpt lat="37.443725" lon="-6.573215"><ele>77.7</ele></trkpt>
    <trkpt lat="37.443374" lon="-6.573225"><ele>78.7</ele></trkpt>
    <trkpt lat="37.443254" lon="-6.573176"><ele>79</ele></trkpt>
    <trkpt lat="37.442734" lon="-6.57275"><ele>80.4</ele></trkpt>
    <trkpt lat="37.442619" lon="-6.572712"><ele>80.7</ele></trkpt>
    <trkpt lat="37.442386" lon="-6.572698"><ele>81.2</ele></trkpt>
    <trkpt lat="37.442173" lon="-6.572777"><ele>81.7</ele></trkpt>
    <trkpt lat="37.441975" lon="-6.572966"><ele>82.3</ele></trkpt>
    <trkpt lat="37.441906" lon="-6.573069"><ele>82.6</ele></trkpt>
    <trkpt lat="37.441857" lon="-6.573177"><ele>82.7</ele></trkpt>
    <trkpt lat="37.441676" lon="-6.574003"><ele>84.4</ele></trkpt>
    <trkpt lat="37.441519" lon="-6.574233"><ele>85.2</ele></trkpt>
    <trkpt lat="37.441291" lon="-6.574374"><ele>85.9</ele></trkpt>
    <trkpt lat="37.441058" lon="-6.574456"><ele>86.5</ele></trkpt>
    <trkpt lat="37.440661" lon="-6.574472"><ele>87.2</ele></trkpt>
    <trkpt lat="37.439628" lon="-6.574152"><ele>87.2</ele></trkpt>
    <trkpt lat="37.43896" lon="-6.574093"><ele>85</ele></trkpt>
    <trkpt lat="37.438327" lon="-6.574191"><ele>82.3</ele></trkpt>
    <trkpt lat="37.438058" lon="-6.574294"><ele>81.3</ele></trkpt>
    <trkpt lat="37.43672" lon="-6.575053"><ele>77.6</ele></trkpt>
    <trkpt lat="37.436395" lon="-6.575192"><ele>77.2</ele></trkpt>
    <trkpt lat="37.43598" lon="-6.575247"><ele>76.8</ele></trkpt>
    <trkpt lat="37.435525" lon="-6.575197"><ele>76.7</ele></trkpt>
    <trkpt lat="37.435069" lon="-6.575053"><ele>76.6</ele></trkpt>
    <trkpt lat="37.434645" lon="-6.574743"><ele>76.7</ele></trkpt>
    <trkpt lat="37.434419" lon="-6.574512"><ele>76.6</ele></trkpt>
    <trkpt lat="37.434218" lon="-6.574246"><ele>76.6</ele></trkpt>
    <trkpt lat="37.433989" lon="-6.573791"><ele>76.3</ele></trkpt>
    <trkpt lat="37.433104" lon="-6.57141"><ele>75.5</ele></trkpt>
    <trkpt lat="37.432849" lon="-6.570937"><ele>75.1</ele></trkpt>
    <trkpt lat="37.432525" lon="-6.570552"><ele>74.9</ele></trkpt>
    <trkpt lat="37.43225" lon="-6.570303"><ele>74.8</ele></trkpt>
    <trkpt lat="37.430957" lon="-6.569152"><ele>76.9</ele></trkpt>
    <trkpt lat="37.430699" lon="-6.568799"><ele>77.4</ele></trkpt>
    <trkpt lat="37.430399" lon="-6.568161"><ele>77.5</ele></trkpt>
    <trkpt lat="37.429854" lon="-6.565797"><ele>73.8</ele></trkpt>
    <trkpt lat="37.42964" lon="-6.565258"><ele>73.3</ele></trkpt>
    <trkpt lat="37.429324" lon="-6.564772"><ele>73.3</ele></trkpt>
    <trkpt lat="37.428867" lon="-6.564302"><ele>73.6</ele></trkpt>
    <trkpt lat="37.428358" lon="-6.563959"><ele>74</ele></trkpt>
    <trkpt lat="37.424829" lon="-6.562875"><ele>73.4</ele></trkpt>
    <trkpt lat="37.423815" lon="-6.562622"><ele>74.2</ele></trkpt>
    <trkpt lat="37.422565" lon="-6.562371"><ele>75.9</ele></trkpt>
    <trkpt lat="37.422255" lon="-6.56233"><ele>76.1</ele></trkpt>
    <trkpt lat="37.42095" lon="-6.562203"><ele>74.6</ele></trkpt>
    <trkpt lat="37.418225" lon="-6.561539"><ele>64.3</ele></trkpt>
    <trkpt lat="37.412758" lon="-6.560358"><ele>56.1</ele></trkpt>
    <trkpt lat="37.412662" lon="-6.560334"><ele>56.1</ele></trkpt>
    <trkpt lat="37.412467" lon="-6.560285"><ele>56</ele></trkpt>
    <trkpt lat="37.412213" lon="-6.560221"><ele>55.9</ele></trkpt>
    <trkpt lat="37.410046" lon="-6.559706"><ele>57.5</ele></trkpt>
    <trkpt lat="37.409453" lon="-6.55954"><ele>58.4</ele></trkpt>
    <trkpt lat="37.408677" lon="-6.559204"><ele>60.4</ele></trkpt>
    <trkpt lat="37.406986" lon="-6.55873"><ele>65.9</ele></trkpt>
    <trkpt lat="37.406385" lon="-6.558602"><ele>67.1</ele></trkpt>
    <trkpt lat="37.405933" lon="-6.558453"><ele>67.6</ele></trkpt>
    <trkpt lat="37.40413" lon="-6.557652"><ele>68.2</ele></trkpt>
    <trkpt lat="37.401708" lon="-6.556651"><ele>70.2</ele></trkpt>
    <trkpt lat="37.399385" lon="-6.555517"><ele>73.1</ele></trkpt>
    <trkpt lat="37.397782" lon="-6.554905"><ele>75.2</ele></trkpt>
    <trkpt lat="37.396205" lon="-6.554224"><ele>77.5</ele></trkpt>
    <trkpt lat="37.395226" lon="-6.553857"><ele>78.8</ele></trkpt>
    <trkpt lat="37.394639" lon="-6.553591"><ele>79.7</ele></trkpt>
    <trkpt lat="37.394075" lon="-6.553336"><ele>80.7</ele></trkpt>
    <trkpt lat="37.393351" lon="-6.553091"><ele>81.7</ele></trkpt>
    <trkpt lat="37.393142" lon="-6.553098"><ele>81.9</ele></trkpt>
    <trkpt lat="37.393093" lon="-6.554242"><ele>82.3</ele></trkpt>
    <trkpt lat="37.393067" lon="-6.554399"><ele>82.3</ele></trkpt>
    <trkpt lat="37.392997" lon="-6.555684"><ele>82</ele></trkpt>
    <trkpt lat="37.392835" lon="-6.556966"><ele>81.4</ele></trkpt>
    <trkpt lat="37.392795" lon="-6.557208"><ele>81.4</ele></trkpt>
    <trkpt lat="37.39275" lon="-6.557489"><ele>81.3</ele></trkpt>
    <trkpt lat="37.392687" lon="-6.557812"><ele>81.1</ele></trkpt>
    <trkpt lat="37.392272" lon="-6.55935"><ele>80.5</ele></trkpt>
    <trkpt lat="37.391989" lon="-6.56033"><ele>80.1</ele></trkpt>
    <trkpt lat="37.391949" lon="-6.560696"><ele>80</ele></trkpt>
    <trkpt lat="37.391941" lon="-6.560773"><ele>80</ele></trkpt>
    <trkpt lat="37.391978" lon="-6.560847"><ele>79.9</ele></trkpt>
    <trkpt lat="37.391981" lon="-6.560935"><ele>79.9</ele></trkpt>
    <trkpt lat="37.391949" lon="-6.561012"><ele>79.9</ele></trkpt>
    <trkpt lat="37.39189" lon="-6.561059"><ele>79.9</ele></trkpt>
    <trkpt lat="37.391794" lon="-6.561173"><ele>79.9</ele></trkpt>
    <trkpt lat="37.391697" lon="-6.561356"><ele>79.9</ele></trkpt>
    <trkpt lat="37.389799" lon="-6.567766"><ele>79.7</ele></trkpt>
    <trkpt lat="37.389495" lon="-6.568657"><ele>80.3</ele></trkpt>
    <trkpt lat="37.389392" lon="-6.569082"><ele>80.7</ele></trkpt>
    <trkpt lat="37.389466" lon="-6.569496"><ele>81.1</ele></trkpt>
    <trkpt lat="37.389511" lon="-6.569562"><ele>81.2</ele></trkpt>
    <trkpt lat="37.389545" lon="-6.569729"><ele>81.4</ele></trkpt>
    <trkpt lat="37.389498" lon="-6.56989"><ele>81.5</ele></trkpt>
    <trkpt lat="37.389387" lon="-6.56999"><ele>81.7</ele></trkpt>
    <trkpt lat="37.389221" lon="-6.570216"><ele>81.9</ele></trkpt>
    <trkpt lat="37.389144" lon="-6.570455"><ele>82</ele></trkpt>
    <trkpt lat="37.388168" lon="-6.584076"><ele>78.8</ele></trkpt>
    <trkpt lat="37.388047" lon="-6.585902"><ele>77.1</ele></trkpt>
    <trkpt lat="37.387385" lon="-6.59556"><ele>73.2</ele></trkpt>
    <trkpt lat="37.387291" lon="-6.597025"><ele>72.5</ele></trkpt>
    <trkpt lat="37.387236" lon="-6.59847"><ele>72.1</ele></trkpt>
    <trkpt lat="37.387214" lon="-6.59904"><ele>71.8</ele></trkpt>
    <trkpt lat="37.387201" lon="-6.599504"><ele>71.7</ele></trkpt>
    <trkpt lat="37.387183" lon="-6.600108"><ele>71.5</ele></trkpt>
    <trkpt lat="37.387152" lon="-6.600858"><ele>71.3</ele></trkpt>
    <trkpt lat="37.387061" lon="-6.601845"><ele>71</ele></trkpt>
    <trkpt lat="37.386795" lon="-6.603372"><ele>70.6</ele></trkpt>
    <trkpt lat="37.386489" lon="-6.605117"><ele>69.8</ele></trkpt>
    <trkpt lat="37.386456" lon="-6.605305"><ele>69.7</ele></trkpt>
    <trkpt lat="37.386391" lon="-6.605648"><ele>69.5</ele></trkpt>
    <trkpt lat="37.38626" lon="-6.606264"><ele>69.2</ele></trkpt>
    <trkpt lat="37.386178" lon="-6.60671"><ele>68.9</ele></trkpt>
    <trkpt lat="37.386076" lon="-6.607293"><ele>68.4</ele></trkpt>
    <trkpt lat="37.385915" lon="-6.608105"><ele>67.4</ele></trkpt>
    <trkpt lat="37.385731" lon="-6.608814"><ele>66.4</ele></trkpt>
    <trkpt lat="37.385675" lon="-6.609017"><ele>66.1</ele></trkpt>
    <trkpt lat="37.385632" lon="-6.609176"><ele>65.9</ele></trkpt>
    <trkpt lat="37.384688" lon="-6.612653"><ele>61.5</ele></trkpt>
    <trkpt lat="37.377982" lon="-6.637101"><ele>49.6</ele></trkpt>
    <trkpt lat="37.374273" lon="-6.650534"><ele>43.7</ele></trkpt>
    <trkpt lat="37.373465" lon="-6.653454"><ele>41.4</ele></trkpt>
    <trkpt lat="37.373309" lon="-6.654172"><ele>40.4</ele></trkpt>
    <trkpt lat="37.373264" lon="-6.654588"><ele>39.7</ele></trkpt>
    <trkpt lat="37.373251" lon="-6.654957"><ele>39.1</ele></trkpt>
    <trkpt lat="37.373214" lon="-6.659398"><ele>31.3</ele></trkpt>
    <trkpt lat="37.373189" lon="-6.659882"><ele>30.8</ele></trkpt>
    <trkpt lat="37.373137" lon="-6.660286"><ele>30.4</ele></trkpt>
    <trkpt lat="37.373085" lon="-6.660507"><ele>30.3</ele></trkpt>
    <trkpt lat="37.372974" lon="-6.660893"><ele>30</ele></trkpt>
    <trkpt lat="37.372649" lon="-6.661611"><ele>29.5</ele></trkpt>
    <trkpt lat="37.370226" lon="-6.666023"><ele>25.4</ele></trkpt>
    <trkpt lat="37.369856" lon="-6.666684"><ele>24.7</ele></trkpt>
    <trkpt lat="37.369656" lon="-6.667005"><ele>24.3</ele></trkpt>
    <trkpt lat="37.36946" lon="-6.667258"><ele>24</ele></trkpt>
    <trkpt lat="37.366283" lon="-6.670605"><ele>21.5</ele></trkpt>
    <trkpt lat="37.364963" lon="-6.67199"><ele>20.9</ele></trkpt>
    <trkpt lat="37.364801" lon="-6.672185"><ele>21</ele></trkpt>
    <trkpt lat="37.364683" lon="-6.672307"><ele>21</ele></trkpt>
    <trkpt lat="37.364584" lon="-6.672468"><ele>21.1</ele></trkpt>
    <trkpt lat="37.364561" lon="-6.672548"><ele>21.1</ele></trkpt>
    <trkpt lat="37.364495" lon="-6.672608"><ele>21.1</ele></trkpt>
    <trkpt lat="37.364415" lon="-6.672607"><ele>21.2</ele></trkpt>
    <trkpt lat="37.364358" lon="-6.672558"><ele>21.2</ele></trkpt>
    <trkpt lat="37.364179" lon="-6.672474"><ele>21.3</ele></trkpt>
    <trkpt lat="37.363805" lon="-6.672463"><ele>21.5</ele></trkpt>
    <trkpt lat="37.362996" lon="-6.672402"><ele>22.4</ele></trkpt>
    <trkpt lat="37.362669" lon="-6.672277"><ele>22.9</ele></trkpt>
    <trkpt lat="37.362529" lon="-6.672188"><ele>23.2</ele></trkpt>
    <trkpt lat="37.362409" lon="-6.672096"><ele>23.4</ele></trkpt>
    <trkpt lat="37.361209" lon="-6.670808"><ele>28.3</ele></trkpt>
    <trkpt lat="37.360762" lon="-6.670408"><ele>30.3</ele></trkpt>
    <trkpt lat="37.360396" lon="-6.670151"><ele>31.7</ele></trkpt>
    <trkpt lat="37.358081" lon="-6.668778"><ele>37.7</ele></trkpt>
    <trkpt lat="37.35796" lon="-6.668703"><ele>38</ele></trkpt>
    <trkpt lat="37.357522" lon="-6.668416"><ele>38.9</ele></trkpt>
    <trkpt lat="37.357284" lon="-6.668288"><ele>39.3</ele></trkpt>
    <trkpt lat="37.357142" lon="-6.668302"><ele>39.5</ele></trkpt>
    <trkpt lat="37.357065" lon="-6.668342"><ele>39.6</ele></trkpt>
    <trkpt lat="37.356935" lon="-6.668472"><ele>39.8</ele></trkpt>
    <trkpt lat="37.356909" lon="-6.668526"><ele>39.8</ele></trkpt>
    <trkpt lat="37.356722" lon="-6.669061"><ele>40.2</ele></trkpt>
    <trkpt lat="37.35631" lon="-6.669754"><ele>40.6</ele></trkpt>
    <trkpt lat="37.354965" lon="-6.671257"><ele>42.3</ele></trkpt>
    <trkpt lat="37.351927" lon="-6.674616"><ele>48</ele></trkpt>
    <trkpt lat="37.351894" lon="-6.674681"><ele>48</ele></trkpt>
    <trkpt lat="37.351693" lon="-6.674904"><ele>48.3</ele></trkpt>
    <trkpt lat="37.351492" lon="-6.675078"><ele>48.4</ele></trkpt>
    <trkpt lat="37.350638" lon="-6.675533"><ele>49.8</ele></trkpt>
    <trkpt lat="37.349995" lon="-6.67583"><ele>51</ele></trkpt>
    <trkpt lat="37.349578" lon="-6.675887"><ele>51.9</ele></trkpt>
    <trkpt lat="37.349524" lon="-6.675872"><ele>52</ele></trkpt>
    <trkpt lat="37.348106" lon="-6.676025"><ele>53.8</ele></trkpt>
    <trkpt lat="37.346786" lon="-6.676361"><ele>53.6</ele></trkpt>
    <trkpt lat="37.344553" lon="-6.676396"><ele>54.4</ele></trkpt>
    <trkpt lat="37.344421" lon="-6.676424"><ele>54.6</ele></trkpt>
    <trkpt lat="37.343893" lon="-6.676461"><ele>55.4</ele></trkpt>
    <trkpt lat="37.343509" lon="-6.676478"><ele>56.2</ele></trkpt>
    <trkpt lat="37.343156" lon="-6.676506"><ele>57.2</ele></trkpt>
    <trkpt lat="37.342989" lon="-6.676496"><ele>57.7</ele></trkpt>
    <trkpt lat="37.34215" lon="-6.676584"><ele>60.2</ele></trkpt>
    <trkpt lat="37.341788" lon="-6.67665"><ele>61.6</ele></trkpt>
    <trkpt lat="37.341591" lon="-6.67666"><ele>62.2</ele></trkpt>
    <trkpt lat="37.341227" lon="-6.676649"><ele>63.4</ele></trkpt>
    <trkpt lat="37.340904" lon="-6.676608"><ele>64.4</ele></trkpt>
    <trkpt lat="37.340773" lon="-6.676563"><ele>64.8</ele></trkpt>
    <trkpt lat="37.34012" lon="-6.676392"><ele>66.7</ele></trkpt>
    <trkpt lat="37.340016" lon="-6.67638"><ele>67.1</ele></trkpt>
    <trkpt lat="37.339221" lon="-6.676121"><ele>70.2</ele></trkpt>
    <trkpt lat="37.338846" lon="-6.675995"><ele>72</ele></trkpt>
    <trkpt lat="37.338751" lon="-6.675961"><ele>72.5</ele></trkpt>
    <trkpt lat="37.338528" lon="-6.675889"><ele>73.7</ele></trkpt>
    <trkpt lat="37.338125" lon="-6.675737"><ele>76.2</ele></trkpt>
    <trkpt lat="37.337986" lon="-6.675651"><ele>77.1</ele></trkpt>
    <trkpt lat="37.337359" lon="-6.675319"><ele>81.5</ele></trkpt>
    <trkpt lat="37.337036" lon="-6.67508"><ele>84</ele></trkpt>
    <trkpt lat="37.336701" lon="-6.674778"><ele>86.5</ele></trkpt>
    <trkpt lat="37.336414" lon="-6.674458"><ele>88.4</ele></trkpt>
    <trkpt lat="37.336096" lon="-6.674045"><ele>90.1</ele></trkpt>
    <trkpt lat="37.335185" lon="-6.672702"><ele>92.5</ele></trkpt>
    <trkpt lat="37.335119" lon="-6.672609"><ele>92.6</ele></trkpt>
    <trkpt lat="37.334716" lon="-6.672131"><ele>94.1</ele></trkpt>
    <trkpt lat="37.334182" lon="-6.671623"><ele>96.9</ele></trkpt>
    <trkpt lat="37.333817" lon="-6.671377"><ele>99</ele></trkpt>
    <trkpt lat="37.33342" lon="-6.671171"><ele>101.3</ele></trkpt>
    <trkpt lat="37.332532" lon="-6.670906"><ele>105.5</ele></trkpt>
    <trkpt lat="37.330906" lon="-6.670646"><ele>111.5</ele></trkpt>
    <trkpt lat="37.330239" lon="-6.670519"><ele>114.2</ele></trkpt>
    <trkpt lat="37.329742" lon="-6.670377"><ele>116.7</ele></trkpt>
    <trkpt lat="37.329224" lon="-6.67018"><ele>120</ele></trkpt>
    <trkpt lat="37.328803" lon="-6.669953"><ele>122.9</ele></trkpt>
    <trkpt lat="37.328272" lon="-6.669603"><ele>126.6</ele></trkpt>
    <trkpt lat="37.326551" lon="-6.668355"><ele>134.5</ele></trkpt>
    <trkpt lat="37.326426" lon="-6.668291"><ele>134.8</ele></trkpt>
    <trkpt lat="37.325885" lon="-6.667902"><ele>136.1</ele></trkpt>
    <trkpt lat="37.325372" lon="-6.667525"><ele>136.8</ele></trkpt>
    <trkpt lat="37.324684" lon="-6.666992"><ele>137</ele></trkpt>
    <trkpt lat="37.324568" lon="-6.66686"><ele>137</ele></trkpt>
    <trkpt lat="37.323637" lon="-6.665971"><ele>135.4</ele></trkpt>
    <trkpt lat="37.323503" lon="-6.665854"><ele>135</ele></trkpt>
    <trkpt lat="37.32295" lon="-6.665243"><ele>133.1</ele></trkpt>
    <trkpt lat="37.322545" lon="-6.664787"><ele>132</ele></trkpt>
    <trkpt lat="37.321695" lon="-6.663885"><ele>130.6</ele></trkpt>
    <trkpt lat="37.32148" lon="-6.663683"><ele>130.6</ele></trkpt>
    <trkpt lat="37.320726" lon="-6.663053"><ele>130.2</ele></trkpt>
    <trkpt lat="37.319668" lon="-6.662272"><ele>129.3</ele></trkpt>
    <trkpt lat="37.319468" lon="-6.662132"><ele>129</ele></trkpt>
    <trkpt lat="37.319423" lon="-6.6621"><ele>128.9</ele></trkpt>
    <trkpt lat="37.318583" lon="-6.6615"><ele>127.6</ele></trkpt>
    <trkpt lat="37.315192" lon="-6.659147"><ele>122</ele></trkpt>
    <trkpt lat="37.314614" lon="-6.658701"><ele>119.9</ele></trkpt>
    <trkpt lat="37.313883" lon="-6.658053"><ele>116.1</ele></trkpt>
    <trkpt lat="37.313314" lon="-6.657474"><ele>113</ele></trkpt>
    <trkpt lat="37.312713" lon="-6.656808"><ele>110.3</ele></trkpt>
    <trkpt lat="37.312545" lon="-6.656593"><ele>109.7</ele></trkpt>
    <trkpt lat="37.312214" lon="-6.656168"><ele>108.6</ele></trkpt>
    <trkpt lat="37.311343" lon="-6.654902"><ele>106.2</ele></trkpt>
    <trkpt lat="37.311194" lon="-6.654689"><ele>105.8</ele></trkpt>
    <trkpt lat="37.310713" lon="-6.653886"><ele>104</ele></trkpt>
    <trkpt lat="37.309722" lon="-6.652011"><ele>100.6</ele></trkpt>
    <trkpt lat="37.309651" lon="-6.651953"><ele>100.6</ele></trkpt>
    <trkpt lat="37.309562" lon="-6.651782"><ele>100.5</ele></trkpt>
    <trkpt lat="37.30949" lon="-6.651714"><ele>100.5</ele></trkpt>
    <trkpt lat="37.309362" lon="-6.651702"><ele>100.5</ele></trkpt>
    <trkpt lat="37.309268" lon="-6.651838"><ele>100.5</ele></trkpt>
    <trkpt lat="37.309259" lon="-6.651981"><ele>100.6</ele></trkpt>
    <trkpt lat="37.309344" lon="-6.65226"><ele>100.7</ele></trkpt>
    <trkpt lat="37.309458" lon="-6.652498"><ele>101</ele></trkpt>
    <trkpt lat="37.309678" lon="-6.652848"><ele>101.5</ele></trkpt>
    <trkpt lat="37.309778" lon="-6.65307"><ele>102</ele></trkpt>
    <trkpt lat="37.309851" lon="-6.653322"><ele>102.5</ele></trkpt>
    <trkpt lat="37.309898" lon="-6.653912"><ele>103.6</ele></trkpt>
    <trkpt lat="37.309949" lon="-6.654274"><ele>104.4</ele></trkpt>
    <trkpt lat="37.310252" lon="-6.655633"><ele>108.1</ele></trkpt>
    <trkpt lat="37.310312" lon="-6.655979"><ele>109</ele></trkpt>
    <trkpt lat="37.310331" lon="-6.656302"><ele>109.9</ele></trkpt>
    <trkpt lat="37.310278" lon="-6.65793"><ele>113.3</ele></trkpt>
    <trkpt lat="37.310219" lon="-6.658765"><ele>114.9</ele></trkpt>
    <trkpt lat="37.310183" lon="-6.659053"><ele>115.5</ele></trkpt>
    <trkpt lat="37.310078" lon="-6.659517"><ele>116.3</ele></trkpt>
    <trkpt lat="37.309835" lon="-6.660089"><ele>117.4</ele></trkpt>
    <trkpt lat="37.309678" lon="-6.660466"><ele>118</ele></trkpt>
    <trkpt lat="37.309587" lon="-6.660663"><ele>118.4</ele></trkpt>
    <trkpt lat="37.30949" lon="-6.660842"><ele>118.7</ele></trkpt>
    <trkpt lat="37.309238" lon="-6.661272"><ele>119.4</ele></trkpt>
    <trkpt lat="37.306212" lon="-6.667289"><ele>128</ele></trkpt>
    <trkpt lat="37.30561" lon="-6.668537"><ele>126</ele></trkpt>
    <trkpt lat="37.305231" lon="-6.669397"><ele>124.5</ele></trkpt>
    <trkpt lat="37.302027" lon="-6.676897"><ele>123.2</ele></trkpt>
    <trkpt lat="37.300635" lon="-6.680378"><ele>119.1</ele></trkpt>
    <trkpt lat="37.300379" lon="-6.681047"><ele>119.5</ele></trkpt>
    <trkpt lat="37.300252" lon="-6.681362"><ele>120</ele></trkpt>
    <trkpt lat="37.300149" lon="-6.681619"><ele>120.5</ele></trkpt>
    <trkpt lat="37.299828" lon="-6.682366"><ele>121.8</ele></trkpt>
    <trkpt lat="37.299539" lon="-6.682969"><ele>123.1</ele></trkpt>
    <trkpt lat="37.298879" lon="-6.684185"><ele>124.6</ele></trkpt>
    <trkpt lat="37.298772" lon="-6.684484"><ele>124.8</ele></trkpt>
    <trkpt lat="37.298531" lon="-6.685441"><ele>125.4</ele></trkpt>
    <trkpt lat="37.298317" lon="-6.686542"><ele>125.8</ele></trkpt>
    <trkpt lat="37.297766" lon="-6.690865"><ele>126.8</ele></trkpt>
    <trkpt lat="37.297538" lon="-6.693272"><ele>124.7</ele></trkpt>
    <trkpt lat="37.297328" lon="-6.699655"><ele>123.7</ele></trkpt>
    <trkpt lat="37.29723" lon="-6.702412"><ele>125.4</ele></trkpt>
    <trkpt lat="37.297241" lon="-6.702907"><ele>125.3</ele></trkpt>
    <trkpt lat="37.297387" lon="-6.704536"><ele>124.5</ele></trkpt>
    <trkpt lat="37.297474" lon="-6.704944"><ele>124.4</ele></trkpt>
    <trkpt lat="37.297702" lon="-6.705628"><ele>124.6</ele></trkpt>
    <trkpt lat="37.297756" lon="-6.705787"><ele>124.7</ele></trkpt>
    <trkpt lat="37.297971" lon="-6.706391"><ele>125.2</ele></trkpt>
    <trkpt lat="37.298715" lon="-6.708214"><ele>126.1</ele></trkpt>
    <trkpt lat="37.29878" lon="-6.708427"><ele>126.1</ele></trkpt>
    <trkpt lat="37.298893" lon="-6.709006"><ele>126.1</ele></trkpt>
    <trkpt lat="37.299211" lon="-6.711462"><ele>125.2</ele></trkpt>
    <trkpt lat="37.299397" lon="-6.71226"><ele>124.3</ele></trkpt>
    <trkpt lat="37.299584" lon="-6.712761"><ele>123.4</ele></trkpt>
    <trkpt lat="37.299813" lon="-6.713163"><ele>122.3</ele></trkpt>
    <trkpt lat="37.299931" lon="-6.713305"><ele>121.7</ele></trkpt>
    <trkpt lat="37.300371" lon="-6.714062"><ele>118.3</ele></trkpt>
    <trkpt lat="37.300803" lon="-6.71471"><ele>114.7</ele></trkpt>
    <trkpt lat="37.301042" lon="-6.71506"><ele>112.6</ele></trkpt>
    <trkpt lat="37.301144" lon="-6.715215"><ele>111.6</ele></trkpt>
    <trkpt lat="37.301274" lon="-6.715519"><ele>110.1</ele></trkpt>
    <trkpt lat="37.301369" lon="-6.715974"><ele>108.2</ele></trkpt>
    <trkpt lat="37.301605" lon="-6.717479"><ele>103.5</ele></trkpt>
    <trkpt lat="37.301725" lon="-6.717876"><ele>102.5</ele></trkpt>
    <trkpt lat="37.301892" lon="-6.718203"><ele>101.6</ele></trkpt>
    <trkpt lat="37.302231" lon="-6.718853"><ele>100</ele></trkpt>
    <trkpt lat="37.302275" lon="-6.71909"><ele>99.5</ele></trkpt>
    <trkpt lat="37.302256" lon="-6.719347"><ele>98.9</ele></trkpt>
    <trkpt lat="37.302119" lon="-6.72022"><ele>97.1</ele></trkpt>
    <trkpt lat="37.302057" lon="-6.720616"><ele>96.3</ele></trkpt>
    <trkpt lat="37.302035" lon="-6.721"><ele>95.6</ele></trkpt>
    <trkpt lat="37.30206" lon="-6.721341"><ele>95</ele></trkpt>
    <trkpt lat="37.302484" lon="-6.723252"><ele>91.7</ele></trkpt>
    <trkpt lat="37.30263" lon="-6.723671"><ele>90.9</ele></trkpt>
    <trkpt lat="37.303024" lon="-6.724809"><ele>89.2</ele></trkpt>
    <trkpt lat="37.303123" lon="-6.725087"><ele>88.9</ele></trkpt>
    <trkpt lat="37.30316" lon="-6.725274"><ele>88.7</ele></trkpt>
    <trkpt lat="37.303194" lon="-6.725444"><ele>88.6</ele></trkpt>
    <trkpt lat="37.303199" lon="-6.725468"><ele>88.6</ele></trkpt>
    <trkpt lat="37.303231" lon="-6.725629"><ele>88.5</ele></trkpt>
    <trkpt lat="37.303246" lon="-6.725705"><ele>88.4</ele></trkpt>
    <trkpt lat="37.303258" lon="-6.725761"><ele>88.4</ele></trkpt>
    <trkpt lat="37.303296" lon="-6.725953"><ele>88.2</ele></trkpt>
    <trkpt lat="37.303366" lon="-6.726302"><ele>88</ele></trkpt>
    <trkpt lat="37.303445" lon="-6.726695"><ele>87.8</ele></trkpt>
    <trkpt lat="37.303565" lon="-6.727305"><ele>87.4</ele></trkpt>
    <trkpt lat="37.303758" lon="-6.727764"><ele>86.9</ele></trkpt>
    <trkpt lat="37.303761" lon="-6.727771"><ele>86.8</ele></trkpt>
    <trkpt lat="37.30416" lon="-6.728558"><ele>85.4</ele></trkpt>
    <trkpt lat="37.304436" lon="-6.729265"><ele>83.1</ele></trkpt>
    <trkpt lat="37.304607" lon="-6.729646"><ele>81.3</ele></trkpt>
    <trkpt lat="37.304626" lon="-6.729688"><ele>81</ele></trkpt>
    <trkpt lat="37.305048" lon="-6.730539"><ele>75.4</ele></trkpt>
    <trkpt lat="37.305241" lon="-6.730846"><ele>72.9</ele></trkpt>
    <trkpt lat="37.305395" lon="-6.731091"><ele>70.8</ele></trkpt>
    <trkpt lat="37.305408" lon="-6.731112"><ele>70.6</ele></trkpt>
    <trkpt lat="37.306155" lon="-6.731986"><ele>63.3</ele></trkpt>
    <trkpt lat="37.306227" lon="-6.732062"><ele>62.7</ele></trkpt>
    <trkpt lat="37.306394" lon="-6.732235"><ele>61.3</ele></trkpt>
    <trkpt lat="37.306513" lon="-6.732408"><ele>60.1</ele></trkpt>
    <trkpt lat="37.306557" lon="-6.732536"><ele>59.4</ele></trkpt>
    <trkpt lat="37.30656" lon="-6.732583"><ele>59.2</ele></trkpt>
    <trkpt lat="37.306536" lon="-6.732734"><ele>58.4</ele></trkpt>
    <trkpt lat="37.306377" lon="-6.733057"><ele>56.6</ele></trkpt>
    <trkpt lat="37.305211" lon="-6.734981"><ele>43.6</ele></trkpt>
    <trkpt lat="37.304979" lon="-6.735331"><ele>41</ele></trkpt>
    <trkpt lat="37.304427" lon="-6.735981"><ele>36</ele></trkpt>
    <trkpt lat="37.304302" lon="-6.736193"><ele>34.8</ele></trkpt>
    <trkpt lat="37.304161" lon="-6.736621"><ele>32.9</ele></trkpt>
    <trkpt lat="37.304046" lon="-6.737473"><ele>30.3</ele></trkpt>
    <trkpt lat="37.304137" lon="-6.739087"><ele>27.6</ele></trkpt>
    <trkpt lat="37.30415" lon="-6.739718"><ele>26.8</ele></trkpt>
    <trkpt lat="37.304152" lon="-6.739917"><ele>26.4</ele></trkpt>
    <trkpt lat="37.304168" lon="-6.740697"><ele>24.8</ele></trkpt>
    <trkpt lat="37.304226" lon="-6.741673"><ele>22.2</ele></trkpt>
    <trkpt lat="37.304293" lon="-6.742286"><ele>20.3</ele></trkpt>
    <trkpt lat="37.304266" lon="-6.743053"><ele>18.3</ele></trkpt>
    <trkpt lat="37.304228" lon="-6.745481"><ele>14.4</ele></trkpt>
    <trkpt lat="37.304125" lon="-6.746885"><ele>12</ele></trkpt>
    <trkpt lat="37.303763" lon="-6.749725"><ele>9.3</ele></trkpt>
    <trkpt lat="37.303645" lon="-6.750869"><ele>8.7</ele></trkpt>
    <trkpt lat="37.303549" lon="-6.751881"><ele>8.4</ele></trkpt>
    <trkpt lat="37.303408" lon="-6.753921"><ele>7.7</ele></trkpt>
    <trkpt lat="37.302989" lon="-6.760058"><ele>5.1</ele></trkpt>
    <trkpt lat="37.302733" lon="-6.763795"><ele>5.2</ele></trkpt>
    <trkpt lat="37.302602" lon="-6.765708"><ele>6.4</ele></trkpt>
    <trkpt lat="37.301934" lon="-6.77566"><ele>4.5</ele></trkpt>
    <trkpt lat="37.301901" lon="-6.776194"><ele>4.4</ele></trkpt>
    <trkpt lat="37.301908" lon="-6.77673"><ele>4.4</ele></trkpt>
    <trkpt lat="37.301954" lon="-6.777262"><ele>4.3</ele></trkpt>
    <trkpt lat="37.302038" lon="-6.777787"><ele>4.4</ele></trkpt>
    <trkpt lat="37.302161" lon="-6.7783"><ele>4.5</ele></trkpt>
    <trkpt lat="37.303539" lon="-6.782681"><ele>5.3</ele></trkpt>
    <trkpt lat="37.304083" lon="-6.78441"><ele>4.6</ele></trkpt>
    <trkpt lat="37.304147" lon="-6.784704"><ele>4.5</ele></trkpt>
    <trkpt lat="37.304205" lon="-6.785309"><ele>4.3</ele></trkpt>
    <trkpt lat="37.304168" lon="-6.785916"><ele>4.2</ele></trkpt>
    <trkpt lat="37.301633" lon="-6.800315"><ele>4.7</ele></trkpt>
    <trkpt lat="37.301567" lon="-6.800885"><ele>5</ele></trkpt>
    <trkpt lat="37.301532" lon="-6.801503"><ele>5.2</ele></trkpt>
    <trkpt lat="37.301544" lon="-6.802134"><ele>5.4</ele></trkpt>
    <trkpt lat="37.301829" lon="-6.807355"><ele>3.6</ele></trkpt>
    <trkpt lat="37.301824" lon="-6.80845"><ele>3.6</ele></trkpt>
    <trkpt lat="37.301687" lon="-6.810626"><ele>3.8</ele></trkpt>
    <trkpt lat="37.301671" lon="-6.811183"><ele>3.9</ele></trkpt>
    <trkpt lat="37.302005" lon="-6.818984"><ele>2.1</ele></trkpt>
    <trkpt lat="37.30205" lon="-6.819437"><ele>2.1</ele></trkpt>
    <trkpt lat="37.30219" lon="-6.820157"><ele>2.3</ele></trkpt>
    <trkpt lat="37.302321" lon="-6.820384"><ele>2.3</ele></trkpt>
    <trkpt lat="37.302442" lon="-6.820453"><ele>2.3</ele></trkpt>
    <trkpt lat="37.302511" lon="-6.820597"><ele>2.3</ele></trkpt>
    <trkpt lat="37.302652" lon="-6.820827"><ele>2.3</ele></trkpt>
    <trkpt lat="37.302779" lon="-6.821104"><ele>2.3</ele></trkpt>
    <trkpt lat="37.302802" lon="-6.821181"><ele>2.3</ele></trkpt>
    <trkpt lat="37.30279" lon="-6.82127"><ele>2.3</ele></trkpt>
    <trkpt lat="37.302781" lon="-6.821333"><ele>2.3</ele></trkpt>
    <trkpt lat="37.302748" lon="-6.821354"><ele>2.3</ele></trkpt>
    <trkpt lat="37.302371" lon="-6.821669"><ele>2.1</ele></trkpt>
    <trkpt lat="37.302296" lon="-6.821791"><ele>2</ele></trkpt>
    <trkpt lat="37.302048" lon="-6.822054"><ele>1.8</ele></trkpt>
    <trkpt lat="37.301652" lon="-6.822567"><ele>1.5</ele></trkpt>
    <trkpt lat="37.301016" lon="-6.823691"><ele>1.5</ele></trkpt>
    <trkpt lat="37.300475" lon="-6.824605"><ele>1.9</ele></trkpt>
    <trkpt lat="37.30036" lon="-6.824765"><ele>2.1</ele></trkpt>
    <trkpt lat="37.299656" lon="-6.82607"><ele>3.5</ele></trkpt>
    <trkpt lat="37.299211" lon="-6.826869"><ele>5</ele></trkpt>
    <trkpt lat="37.298911" lon="-6.827359"><ele>5.8</ele></trkpt>
    <trkpt lat="37.298668" lon="-6.827688"><ele>6.3</ele></trkpt>
    <trkpt lat="37.298379" lon="-6.828009"><ele>6.6</ele></trkpt>
    <trkpt lat="37.298051" lon="-6.828306"><ele>6.7</ele></trkpt>
    <trkpt lat="37.297711" lon="-6.828558"><ele>6.7</ele></trkpt>
    <trkpt lat="37.297303" lon="-6.828795"><ele>6.7</ele></trkpt>
    <trkpt lat="37.296901" lon="-6.828956"><ele>7</ele></trkpt>
    <trkpt lat="37.296483" lon="-6.829071"><ele>7.6</ele></trkpt>
    <trkpt lat="37.294436" lon="-6.829351"><ele>13.9</ele></trkpt>
    <trkpt lat="37.293754" lon="-6.829446"><ele>15.9</ele></trkpt>
    <trkpt lat="37.29233" lon="-6.829644"><ele>20</ele></trkpt>
    <trkpt lat="37.290666" lon="-6.829831"><ele>26.8</ele></trkpt>
    <trkpt lat="37.28977" lon="-6.829899"><ele>30.5</ele></trkpt>
    <trkpt lat="37.285525" lon="-6.830254"><ele>48.3</ele></trkpt>
    <trkpt lat="37.285059" lon="-6.830249"><ele>50</ele></trkpt>
    <trkpt lat="37.28474" lon="-6.83021"><ele>51.1</ele></trkpt>
    <trkpt lat="37.284194" lon="-6.830107"><ele>52.8</ele></trkpt>
    <trkpt lat="37.283686" lon="-6.829903"><ele>54.5</ele></trkpt>
    <trkpt lat="37.283352" lon="-6.829876"><ele>55.5</ele></trkpt>
    <trkpt lat="37.283246" lon="-6.829864"><ele>55.8</ele></trkpt>
    <trkpt lat="37.282877" lon="-6.829712"><ele>57.1</ele></trkpt>
    <trkpt lat="37.282825" lon="-6.829669"><ele>57.3</ele></trkpt>
    <trkpt lat="37.282809" lon="-6.829672"><ele>57.4</ele></trkpt>
    <trkpt lat="37.282739" lon="-6.829654"><ele>57.6</ele></trkpt>
    <trkpt lat="37.282691" lon="-6.829585"><ele>57.9</ele></trkpt>
    <trkpt lat="37.282687" lon="-6.829571"><ele>57.9</ele></trkpt>
    <trkpt lat="37.282526" lon="-6.829458"><ele>58.6</ele></trkpt>
    <trkpt lat="37.282265" lon="-6.829354"><ele>59.5</ele></trkpt>
    <trkpt lat="37.281562" lon="-6.829202"><ele>61.7</ele></trkpt>
    <trkpt lat="37.280942" lon="-6.82914"><ele>62.7</ele></trkpt>
    <trkpt lat="37.279916" lon="-6.829203"><ele>62</ele></trkpt>
    <trkpt lat="37.27937" lon="-6.829301"><ele>60.7</ele></trkpt>
    <trkpt lat="37.278089" lon="-6.829552"><ele>57.1</ele></trkpt>
    <trkpt lat="37.277172" lon="-6.829746"><ele>54.7</ele></trkpt>
    <trkpt lat="37.276946" lon="-6.829841"><ele>54.2</ele></trkpt>
    <trkpt lat="37.276922" lon="-6.829882"><ele>54.1</ele></trkpt>
    <trkpt lat="37.276903" lon="-6.829901"><ele>54</ele></trkpt>
    <trkpt lat="37.276865" lon="-6.829921"><ele>53.9</ele></trkpt>
    <trkpt lat="37.276784" lon="-6.829907"><ele>53.8</ele></trkpt>
    <trkpt lat="37.27676" lon="-6.829885"><ele>53.7</ele></trkpt>
    <trkpt lat="37.276402" lon="-6.829911"><ele>52.9</ele></trkpt>
    <trkpt lat="37.27589" lon="-6.830016"><ele>51.8</ele></trkpt>
    <trkpt lat="37.274841" lon="-6.830251"><ele>49.5</ele></trkpt>
    <trkpt lat="37.274422" lon="-6.830372"><ele>48.3</ele></trkpt>
    <trkpt lat="37.274191" lon="-6.83045"><ele>47.5</ele></trkpt>
    <trkpt lat="37.274" lon="-6.830523"><ele>46.9</ele></trkpt>
    <trkpt lat="37.273857" lon="-6.830559"><ele>46.3</ele></trkpt>
    <trkpt lat="37.273537" lon="-6.830707"><ele>45.1</ele></trkpt>
    <trkpt lat="37.273454" lon="-6.830745"><ele>44.8</ele></trkpt>
    <trkpt lat="37.272857" lon="-6.831101"><ele>42.5</ele></trkpt>
    <trkpt lat="37.272604" lon="-6.831252"><ele>41.6</ele></trkpt>
    <trkpt lat="37.272162" lon="-6.831601"><ele>40</ele></trkpt>
    <trkpt lat="37.271878" lon="-6.831825"><ele>39.1</ele></trkpt>
    <trkpt lat="37.271432" lon="-6.832253"><ele>37.5</ele></trkpt>
    <trkpt lat="37.271328" lon="-6.832362"><ele>37.2</ele></trkpt>
    <trkpt lat="37.271091" lon="-6.83261"><ele>36.4</ele></trkpt>
    <trkpt lat="37.270986" lon="-6.832721"><ele>36.1</ele></trkpt>
    <trkpt lat="37.270314" lon="-6.833435"><ele>34.2</ele></trkpt>
    <trkpt lat="37.269713" lon="-6.834076"><ele>32.9</ele></trkpt>
    <trkpt lat="37.269181" lon="-6.834642"><ele>32.2</ele></trkpt>
    <trkpt lat="37.26909" lon="-6.834766"><ele>32.1</ele></trkpt>
    <trkpt lat="37.268687" lon="-6.835193"><ele>32.1</ele></trkpt>
    <trkpt lat="37.268307" lon="-6.8356"><ele>32.4</ele></trkpt>
    <trkpt lat="37.266849" lon="-6.837155"><ele>34.2</ele></trkpt>
    <trkpt lat="37.266084" lon="-6.838051"><ele>36.6</ele></trkpt>
    <trkpt lat="37.265763" lon="-6.838435"><ele>37.4</ele></trkpt>
    <trkpt lat="37.264922" lon="-6.839525"><ele>37.5</ele></trkpt>
    <trkpt lat="37.264415" lon="-6.840242"><ele>36.8</ele></trkpt>
    <trkpt lat="37.264034" lon="-6.840808"><ele>36.5</ele></trkpt>
    <trkpt lat="37.263755" lon="-6.841238"><ele>36.8</ele></trkpt>
    <trkpt lat="37.262478" lon="-6.843306"><ele>39.9</ele></trkpt>
    <trkpt lat="37.261961" lon="-6.844158"><ele>39.3</ele></trkpt>
    <trkpt lat="37.261121" lon="-6.845528"><ele>37.7</ele></trkpt>
    <trkpt lat="37.261017" lon="-6.845732"><ele>37.5</ele></trkpt>
    <trkpt lat="37.260312" lon="-6.846863"><ele>37.5</ele></trkpt>
    <trkpt lat="37.260054" lon="-6.847277"><ele>37.7</ele></trkpt>
    <trkpt lat="37.259843" lon="-6.847648"><ele>37.8</ele></trkpt>
    <trkpt lat="37.259403" lon="-6.848483"><ele>37.6</ele></trkpt>
    <trkpt lat="37.259186" lon="-6.848987"><ele>36.9</ele></trkpt>
    <trkpt lat="37.258741" lon="-6.85016"><ele>34.8</ele></trkpt>
    <trkpt lat="37.257772" lon="-6.852789"><ele>34.5</ele></trkpt>
    <trkpt lat="37.257561" lon="-6.853259"><ele>36.1</ele></trkpt>
    <trkpt lat="37.257" lon="-6.8542"><ele>39.8</ele></trkpt>
    <trkpt lat="37.256147" lon="-6.855553"><ele>41.1</ele></trkpt>
    <trkpt lat="37.25494" lon="-6.85756"><ele>40.8</ele></trkpt>
    <trkpt lat="37.253676" lon="-6.859585"><ele>39.8</ele></trkpt>
    <trkpt lat="37.253115" lon="-6.860581"><ele>40.1</ele></trkpt>
    <trkpt lat="37.252355" lon="-6.862011"><ele>40.3</ele></trkpt>
    <trkpt lat="37.250182" lon="-6.865789"><ele>36.5</ele></trkpt>
    <trkpt lat="37.249959" lon="-6.866221"><ele>36.7</ele></trkpt>
    <trkpt lat="37.249814" lon="-6.866614"><ele>37</ele></trkpt>
    <trkpt lat="37.249314" lon="-6.868378"><ele>37.7</ele></trkpt>
    <trkpt lat="37.248995" lon="-6.869197"><ele>36.6</ele></trkpt>
    <trkpt lat="37.24821" lon="-6.871215"><ele>31.9</ele></trkpt>
    <trkpt lat="37.24796" lon="-6.871809"><ele>30.2</ele></trkpt>
    <trkpt lat="37.247519" lon="-6.872711"><ele>27.8</ele></trkpt>
    <trkpt lat="37.24728" lon="-6.873073"><ele>27.1</ele></trkpt>
    <trkpt lat="37.246944" lon="-6.873496"><ele>26.7</ele></trkpt>
    <trkpt lat="37.245926" lon="-6.874623"><ele>28.4</ele></trkpt>
    <trkpt lat="37.245679" lon="-6.874968"><ele>29.4</ele></trkpt>
    <trkpt lat="37.244636" lon="-6.876751"><ele>34.7</ele></trkpt>
    <trkpt lat="37.24412" lon="-6.877755"><ele>35.3</ele></trkpt>
    <trkpt lat="37.243969" lon="-6.878009"><ele>35.2</ele></trkpt>
    <trkpt lat="37.243794" lon="-6.878253"><ele>35.1</ele></trkpt>
    <trkpt lat="37.243148" lon="-6.879002"><ele>35.3</ele></trkpt>
    <trkpt lat="37.242319" lon="-6.880154"><ele>36.1</ele></trkpt>
    <trkpt lat="37.242149" lon="-6.880348"><ele>36.1</ele></trkpt>
    <trkpt lat="37.241916" lon="-6.880585"><ele>35.9</ele></trkpt>
    <trkpt lat="37.241366" lon="-6.880981"><ele>35.1</ele></trkpt>
    <trkpt lat="37.240821" lon="-6.881318"><ele>33.5</ele></trkpt>
    <trkpt lat="37.240597" lon="-6.881502"><ele>32.8</ele></trkpt>
    <trkpt lat="37.240491" lon="-6.881632"><ele>32.4</ele></trkpt>
    <trkpt lat="37.240444" lon="-6.881783"><ele>32.1</ele></trkpt>
    <trkpt lat="37.240335" lon="-6.88187"><ele>31.8</ele></trkpt>
    <trkpt lat="37.240075" lon="-6.882148"><ele>30.8</ele></trkpt>
    <trkpt lat="37.239861" lon="-6.882401"><ele>30</ele></trkpt>
    <trkpt lat="37.238355" lon="-6.883931"><ele>25.5</ele></trkpt>
    <trkpt lat="37.235463" lon="-6.886908"><ele>17.2</ele></trkpt>
    <trkpt lat="37.232742" lon="-6.889696"><ele>6.9</ele></trkpt>
    <trkpt lat="37.232547" lon="-6.889848"><ele>6.7</ele></trkpt>
    <trkpt lat="37.232351" lon="-6.889937"><ele>6.7</ele></trkpt>
    <trkpt lat="37.232322" lon="-6.889945"><ele>6.7</ele></trkpt>
    <trkpt lat="37.231876" lon="-6.890164"><ele>7.2</ele></trkpt>
    <trkpt lat="37.231805" lon="-6.890192"><ele>7.4</ele></trkpt>
    <trkpt lat="37.23148" lon="-6.890318"><ele>8.7</ele></trkpt>
    <trkpt lat="37.231142" lon="-6.890565"><ele>11</ele></trkpt>
    <trkpt lat="37.231068" lon="-6.890721"><ele>12</ele></trkpt>
    <trkpt lat="37.230933" lon="-6.891125"><ele>14.7</ele></trkpt>
    <trkpt lat="37.230806" lon="-6.891312"><ele>16</ele></trkpt>
    <trkpt lat="37.230715" lon="-6.891383"><ele>16.7</ele></trkpt>
    <trkpt lat="37.23064" lon="-6.89141"><ele>17.3</ele></trkpt>
    <trkpt lat="37.230595" lon="-6.891426"><ele>17.5</ele></trkpt>
    <trkpt lat="37.230501" lon="-6.891445"><ele>18.3</ele></trkpt>
    <trkpt lat="37.230348" lon="-6.891459"><ele>19.4</ele></trkpt>
    <trkpt lat="37.229973" lon="-6.891524"><ele>21.7</ele></trkpt>
    <trkpt lat="37.229851" lon="-6.891603"><ele>22.6</ele></trkpt>
    <trkpt lat="37.229851" lon="-6.891603"><ele>22.4</ele></trkpt>
    <trkpt lat="37.229851" lon="-6.891603"><ele>22.4</ele></trkpt>
    <trkpt lat="37.229849" lon="-6.891599"><ele>22.4</ele></trkpt>
    <trkpt lat="37.229429" lon="-6.892039"><ele>24.5</ele></trkpt>
    <trkpt lat="37.229159" lon="-6.892359"><ele>25.1</ele></trkpt>
    <trkpt lat="37.228869" lon="-6.892729"><ele>25.4</ele></trkpt>
    <trkpt lat="37.228684" lon="-6.893045"><ele>25.6</ele></trkpt>
    <trkpt lat="37.228718" lon="-6.893"><ele>25.7</ele></trkpt>
    <trkpt lat="37.22857" lon="-6.893238"><ele>25.5</ele></trkpt>
    <trkpt lat="37.228525" lon="-6.893321"><ele>25.5</ele></trkpt>
    <trkpt lat="37.228426" lon="-6.893471"><ele>25.3</ele></trkpt>
    <trkpt lat="37.228134" lon="-6.893982"><ele>24.2</ele></trkpt>
    <trkpt lat="37.227627" lon="-6.894987"><ele>20.5</ele></trkpt>
    <trkpt lat="37.22739" lon="-6.895487"><ele>18.7</ele></trkpt>
    <trkpt lat="37.227373" lon="-6.895523"><ele>18.6</ele></trkpt>
    <trkpt lat="37.227228" lon="-6.89593"><ele>17.7</ele></trkpt>
    <trkpt lat="37.227144" lon="-6.896203"><ele>17.3</ele></trkpt>
    <trkpt lat="37.226981" lon="-6.896726"><ele>16.9</ele></trkpt>
    <trkpt lat="37.226921" lon="-6.896922"><ele>16.9</ele></trkpt>
    <trkpt lat="37.226887" lon="-6.897028"><ele>17</ele></trkpt>
    <trkpt lat="37.226704" lon="-6.897602"><ele>17.5</ele></trkpt>
    <trkpt lat="37.226042" lon="-6.899826"><ele>20.8</ele></trkpt>
    <trkpt lat="37.225937" lon="-6.900109"><ele>21</ele></trkpt>
    <trkpt lat="37.225796" lon="-6.900414"><ele>21.2</ele></trkpt>
    <trkpt lat="37.225578" lon="-6.900741"><ele>21.3</ele></trkpt>
    <trkpt lat="37.225155" lon="-6.901252"><ele>21.1</ele></trkpt>
    <trkpt lat="37.224429" lon="-6.90214"><ele>20.6</ele></trkpt>
    <trkpt lat="37.223687" lon="-6.903019"><ele>19.6</ele></trkpt>
    <trkpt lat="37.223312" lon="-6.903412"><ele>18.8</ele></trkpt>
    <trkpt lat="37.222827" lon="-6.903876"><ele>17.5</ele></trkpt>
    <trkpt lat="37.222693" lon="-6.903975"><ele>17.3</ele></trkpt>
    <trkpt lat="37.222442" lon="-6.904093"><ele>17</ele></trkpt>
    <trkpt lat="37.222226" lon="-6.904001"><ele>16.9</ele></trkpt>
    <trkpt lat="37.222235" lon="-6.903962"><ele>16.9</ele></trkpt>
    <trkpt lat="37.222297" lon="-6.903697"><ele>17</ele></trkpt>
    <trkpt lat="37.222582" lon="-6.902534"><ele>18.8</ele></trkpt>
    <trkpt lat="37.223415" lon="-6.899141"><ele>25.4</ele></trkpt>
    <trkpt lat="37.223641" lon="-6.898112"><ele>25.2</ele></trkpt>
    <trkpt lat="37.223762" lon="-6.89735"><ele>24.8</ele></trkpt>
    <trkpt lat="37.22382" lon="-6.896787"><ele>25</ele></trkpt>
    <trkpt lat="37.223906" lon="-6.89536"><ele>27</ele></trkpt>
    <trkpt lat="37.224019" lon="-6.893109"><ele>31.9</ele></trkpt>
    <trkpt lat="37.224025" lon="-6.89301"><ele>32.2</ele></trkpt>
    <trkpt lat="37.224029" lon="-6.892675"><ele>33.1</ele></trkpt>
    <trkpt lat="37.22406" lon="-6.892454"><ele>33.8</ele></trkpt>
    <trkpt lat="37.224198" lon="-6.891842"><ele>35.9</ele></trkpt>
    <trkpt lat="37.22421" lon="-6.891704"><ele>36.5</ele></trkpt>
    <trkpt lat="37.224187" lon="-6.891639"><ele>36.7</ele></trkpt>
    <trkpt lat="37.22409" lon="-6.891508"><ele>37.4</ele></trkpt>
    <trkpt lat="37.22397" lon="-6.891405"><ele>38.1</ele></trkpt>
    <trkpt lat="37.223655" lon="-6.891273"><ele>39.7</ele></trkpt>
    <trkpt lat="37.222836" lon="-6.89096"><ele>43.2</ele></trkpt>
    <trkpt lat="37.222233" lon="-6.890714"><ele>44.2</ele></trkpt>
    <trkpt lat="37.222189" lon="-6.890708"><ele>44.2</ele></trkpt>
    <trkpt lat="37.222158" lon="-6.890668"><ele>44.2</ele></trkpt>
    <trkpt lat="37.222151" lon="-6.890632"><ele>44.3</ele></trkpt>
    <trkpt lat="37.221516" lon="-6.890394"><ele>43.8</ele></trkpt>
    <trkpt lat="37.221356" lon="-6.890326"><ele>43.6</ele></trkpt>
    <trkpt lat="37.220927" lon="-6.89016"><ele>42.8</ele></trkpt>
    <trkpt lat="37.220893" lon="-6.890146"><ele>42.8</ele></trkpt>
    <trkpt lat="37.220808" lon="-6.890108"><ele>42.6</ele></trkpt>
    <trkpt lat="37.220312" lon="-6.889911"><ele>41.9</ele></trkpt>
    <trkpt lat="37.220178" lon="-6.889857"><ele>41.7</ele></trkpt>
    <trkpt lat="37.219969" lon="-6.889774"><ele>41.4</ele></trkpt>
    <trkpt lat="37.218991" lon="-6.889385"><ele>39.4</ele></trkpt>
    <trkpt lat="37.218548" lon="-6.88924"><ele>38</ele></trkpt>
    <trkpt lat="37.218004" lon="-6.889168"><ele>35.7</ele></trkpt>
    <trkpt lat="37.215683" lon="-6.889115"><ele>23.1</ele></trkpt>
    <trkpt lat="37.215029" lon="-6.889017"><ele>20.3</ele></trkpt>
    <trkpt lat="37.211419" lon="-6.886946"><ele>13.3</ele></trkpt>
    <trkpt lat="37.210605" lon="-6.886491"><ele>11.7</ele></trkpt>
    <trkpt lat="37.209928" lon="-6.886204"><ele>10</ele></trkpt>
    <trkpt lat="37.209325" lon="-6.886063"><ele>8.4</ele></trkpt>
    <trkpt lat="37.20767" lon="-6.886017"><ele>4.6</ele></trkpt>
    <trkpt lat="37.207006" lon="-6.885979"><ele>3.5</ele></trkpt>
    <trkpt lat="37.20637" lon="-6.885825"><ele>2.9</ele></trkpt>
    <trkpt lat="37.205995" lon="-6.885657"><ele>2.8</ele></trkpt>
    <trkpt lat="37.20554" lon="-6.885344"><ele>2.9</ele></trkpt>
    <trkpt lat="37.205396" lon="-6.88523"><ele>3</ele></trkpt>
    <trkpt lat="37.201983" lon="-6.882624"><ele>12.7</ele></trkpt>
    <trkpt lat="37.201593" lon="-6.882312"><ele>14.7</ele></trkpt>
    <trkpt lat="37.201332" lon="-6.882047"><ele>16.4</ele></trkpt>
    <trkpt lat="37.20097" lon="-6.881565"><ele>19.1</ele></trkpt>
    <trkpt lat="37.200797" lon="-6.881259"><ele>20.5</ele></trkpt>
    <trkpt lat="37.1999" lon="-6.87937"><ele>26.4</ele></trkpt>
    <trkpt lat="37.19952" lon="-6.878793"><ele>27.2</ele></trkpt>
    <trkpt lat="37.199268" lon="-6.878481"><ele>27.5</ele></trkpt>
    <trkpt lat="37.197015" lon="-6.875881"><ele>27.6</ele></trkpt>
    <trkpt lat="37.196792" lon="-6.875589"><ele>27.6</ele></trkpt>
    <trkpt lat="37.196663" lon="-6.875418"><ele>27.6</ele></trkpt>
    <trkpt lat="37.196267" lon="-6.874763"><ele>27.6</ele></trkpt>
    <trkpt lat="37.196047" lon="-6.874388"><ele>27.5</ele></trkpt>
    <trkpt lat="37.195823" lon="-6.873994"><ele>27.5</ele></trkpt>
    <trkpt lat="37.195353" lon="-6.873154"><ele>27.3</ele></trkpt>
    <trkpt lat="37.195286" lon="-6.873035"><ele>27.2</ele></trkpt>
    <trkpt lat="37.195099" lon="-6.872738"><ele>27.1</ele></trkpt>
    <trkpt lat="37.194914" lon="-6.872501"><ele>26.9</ele></trkpt>
    <trkpt lat="37.19451" lon="-6.872099"><ele>26.6</ele></trkpt>
    <trkpt lat="37.193934" lon="-6.8716"><ele>26.2</ele></trkpt>
    <trkpt lat="37.193816" lon="-6.871428"><ele>26.1</ele></trkpt>
    <trkpt lat="37.192848" lon="-6.870604"><ele>25.7</ele></trkpt>
    <trkpt lat="37.191608" lon="-6.869538"><ele>25.2</ele></trkpt>
    <trkpt lat="37.191511" lon="-6.869486"><ele>25.1</ele></trkpt>
    <trkpt lat="37.190277" lon="-6.868435"><ele>23.9</ele></trkpt>
    <trkpt lat="37.190095" lon="-6.868285"><ele>23.8</ele></trkpt>
    <trkpt lat="37.190053" lon="-6.86832"><ele>23.8</ele></trkpt>
    <trkpt lat="37.189975" lon="-6.868329"><ele>23.7</ele></trkpt>
    <trkpt lat="37.189872" lon="-6.868297"><ele>23.7</ele></trkpt>
    <trkpt lat="37.189782" lon="-6.868157"><ele>23.6</ele></trkpt>
    <trkpt lat="37.189772" lon="-6.868115"><ele>23.6</ele></trkpt>
    <trkpt lat="37.189715" lon="-6.867947"><ele>23.6</ele></trkpt>
    <trkpt lat="37.186425" lon="-6.865131"><ele>24</ele></trkpt>
    <trkpt lat="37.186238" lon="-6.864991"><ele>24</ele></trkpt>
    <trkpt lat="37.186192" lon="-6.865027"><ele>24</ele></trkpt>
    <trkpt lat="37.186088" lon="-6.865024"><ele>24.1</ele></trkpt>
    <trkpt lat="37.185995" lon="-6.864979"><ele>24.1</ele></trkpt>
    <trkpt lat="37.185943" lon="-6.864919"><ele>24.1</ele></trkpt>
    <trkpt lat="37.185917" lon="-6.864829"><ele>24.1</ele></trkpt>
    <trkpt lat="37.185864" lon="-6.864658"><ele>24.1</ele></trkpt>
    <trkpt lat="37.180966" lon="-6.860468"><ele>26.2</ele></trkpt>
    <trkpt lat="37.180895" lon="-6.860456"><ele>26.3</ele></trkpt>
    <trkpt lat="37.180761" lon="-6.860377"><ele>26.3</ele></trkpt>
    <trkpt lat="37.180689" lon="-6.860382"><ele>26.4</ele></trkpt>
    <trkpt lat="37.180592" lon="-6.860367"><ele>26.4</ele></trkpt>
    <trkpt lat="37.180515" lon="-6.860314"><ele>26.4</ele></trkpt>
    <trkpt lat="37.18046" lon="-6.860214"><ele>26.5</ele></trkpt>
    <trkpt lat="37.180453" lon="-6.860171"><ele>26.5</ele></trkpt>
    <trkpt lat="37.180383" lon="-6.859998"><ele>26.5</ele></trkpt>
    <trkpt lat="37.180026" lon="-6.859652"><ele>26.6</ele></trkpt>
    <trkpt lat="37.179212" lon="-6.858938"><ele>26.8</ele></trkpt>
    <trkpt lat="37.179159" lon="-6.858862"><ele>26.9</ele></trkpt>
    <trkpt lat="37.175039" lon="-6.855331"><ele>29.9</ele></trkpt>
    <trkpt lat="37.173764" lon="-6.854236"><ele>32.3</ele></trkpt>
    <trkpt lat="37.172449" lon="-6.853106"><ele>32.7</ele></trkpt>
    <trkpt lat="37.169515" lon="-6.850627"><ele>27.2</ele></trkpt>
    <trkpt lat="37.169149" lon="-6.850258"><ele>26.7</ele></trkpt>
    <trkpt lat="37.168895" lon="-6.849911"><ele>26.3</ele></trkpt>
    <trkpt lat="37.166203" lon="-6.845832"><ele>22.8</ele></trkpt>
    <trkpt lat="37.165923" lon="-6.845439"><ele>22.3</ele></trkpt>
    <trkpt lat="37.165661" lon="-6.845154"><ele>21.9</ele></trkpt>
    <trkpt lat="37.165357" lon="-6.844894"><ele>21.2</ele></trkpt>
    <trkpt lat="37.164709" lon="-6.844536"><ele>19.6</ele></trkpt>
    <trkpt lat="37.163501" lon="-6.843935"><ele>15.6</ele></trkpt>
    <trkpt lat="37.162911" lon="-6.843612"><ele>13.9</ele></trkpt>
    <trkpt lat="37.162572" lon="-6.843354"><ele>13</ele></trkpt>
    <trkpt lat="37.160988" lon="-6.841743"><ele>12.5</ele></trkpt>
    <trkpt lat="37.160634" lon="-6.841413"><ele>14</ele></trkpt>
    <trkpt lat="37.160313" lon="-6.841177"><ele>15.6</ele></trkpt>
    <trkpt lat="37.159961" lon="-6.840965"><ele>17.3</ele></trkpt>
    <trkpt lat="37.159504" lon="-6.840762"><ele>19.3</ele></trkpt>
    <trkpt lat="37.158467" lon="-6.840422"><ele>21.6</ele></trkpt>
    <trkpt lat="37.153438" lon="-6.838666"><ele>28.5</ele></trkpt>
    <trkpt lat="37.153007" lon="-6.838438"><ele>29.3</ele></trkpt>
    <trkpt lat="37.152131" lon="-6.83783"><ele>31</ele></trkpt>
    <trkpt lat="37.149927" lon="-6.836282"><ele>33.8</ele></trkpt>
    <trkpt lat="37.147646" lon="-6.834679"><ele>36.2</ele></trkpt>
    <trkpt lat="37.146721" lon="-6.833994"><ele>36.2</ele></trkpt>
    <trkpt lat="37.142294" lon="-6.83101"><ele>32.8</ele></trkpt>
    <trkpt lat="37.141918" lon="-6.830826"><ele>32.6</ele></trkpt>
    <trkpt lat="37.141813" lon="-6.830818"><ele>32.5</ele></trkpt>
    <trkpt lat="37.141673" lon="-6.83087"><ele>32.4</ele></trkpt>
    <trkpt lat="37.141612" lon="-6.830934"><ele>32.4</ele></trkpt>
    <trkpt lat="37.141509" lon="-6.831169"><ele>32.3</ele></trkpt>
    <trkpt lat="37.141502" lon="-6.831319"><ele>32.3</ele></trkpt>
    <trkpt lat="37.141546" lon="-6.83166"><ele>32.2</ele></trkpt>
    <trkpt lat="37.141692" lon="-6.832185"><ele>32.2</ele></trkpt>
    <trkpt lat="37.141879" lon="-6.832725"><ele>32.3</ele></trkpt>
    <trkpt lat="37.142105" lon="-6.833232"><ele>32.5</ele></trkpt>
    <trkpt lat="37.14234" lon="-6.833674"><ele>32.7</ele></trkpt>
    <trkpt lat="37.146138" lon="-6.839817"><ele>32.3</ele></trkpt>
    <trkpt lat="37.146254" lon="-6.840003"><ele>32.2</ele></trkpt>
    <trkpt lat="37.146551" lon="-6.840491"><ele>31.9</ele></trkpt>
    <trkpt lat="37.146934" lon="-6.841161"><ele>31.3</ele></trkpt>
    <trkpt lat="37.147103" lon="-6.841473"><ele>31.2</ele></trkpt>
    <trkpt lat="37.147244" lon="-6.841745"><ele>31</ele></trkpt>
    <trkpt lat="37.147278" lon="-6.841816"><ele>30.9</ele></trkpt>
    <trkpt lat="37.147977" lon="-6.843297"><ele>29.1</ele></trkpt>
    <trkpt lat="37.148431" lon="-6.844428"><ele>27</ele></trkpt>
    <trkpt lat="37.148829" lon="-6.84557"><ele>24.9</ele></trkpt>
    <trkpt lat="37.149285" lon="-6.847168"><ele>22.9</ele></trkpt>
    <trkpt lat="37.149597" lon="-6.848539"><ele>21</ele></trkpt>
    <trkpt lat="37.149866" lon="-6.850081"><ele>18.6</ele></trkpt>
    <trkpt lat="37.150056" lon="-6.851936"><ele>17.2</ele></trkpt>
    <trkpt lat="37.150158" lon="-6.853359"><ele>16.5</ele></trkpt>
    <trkpt lat="37.15073" lon="-6.864285"><ele>13.3</ele></trkpt>
    <trkpt lat="37.150841" lon="-6.865036"><ele>12.7</ele></trkpt>
    <trkpt lat="37.150973" lon="-6.865691"><ele>12.2</ele></trkpt>
    <trkpt lat="37.151162" lon="-6.866398"><ele>11.7</ele></trkpt>
    <trkpt lat="37.151489" lon="-6.867297"><ele>11.3</ele></trkpt>
    <trkpt lat="37.151799" lon="-6.867977"><ele>10.8</ele></trkpt>
    <trkpt lat="37.152303" lon="-6.868858"><ele>10</ele></trkpt>
    <trkpt lat="37.153278" lon="-6.870362"><ele>8.2</ele></trkpt>
    <trkpt lat="37.154231" lon="-6.871781"><ele>6.8</ele></trkpt>
    <trkpt lat="37.154717" lon="-6.872402"><ele>6.6</ele></trkpt>
    <trkpt lat="37.155073" lon="-6.872833"><ele>6.6</ele></trkpt>
    <trkpt lat="37.156277" lon="-6.874205"><ele>6.9</ele></trkpt>
    <trkpt lat="37.156559" lon="-6.874555"><ele>7</ele></trkpt>
    <trkpt lat="37.156759" lon="-6.874846"><ele>7.1</ele></trkpt>
    <trkpt lat="37.157177" lon="-6.875524"><ele>7.3</ele></trkpt>
    <trkpt lat="37.157431" lon="-6.876052"><ele>7.6</ele></trkpt>
    <trkpt lat="37.158747" lon="-6.878968"><ele>8.5</ele></trkpt>
    <trkpt lat="37.15975" lon="-6.881148"><ele>7.7</ele></trkpt>
    <trkpt lat="37.160215" lon="-6.882019"><ele>7.2</ele></trkpt>
    <trkpt lat="37.161223" lon="-6.883775"><ele>6.2</ele></trkpt>
    <trkpt lat="37.161537" lon="-6.884489"><ele>5.9</ele></trkpt>
    <trkpt lat="37.162422" lon="-6.886749"><ele>5.4</ele></trkpt>
    <trkpt lat="37.162669" lon="-6.887289"><ele>5.2</ele></trkpt>
    <trkpt lat="37.162951" lon="-6.887796"><ele>5</ele></trkpt>
    <trkpt lat="37.163271" lon="-6.888243"><ele>4.7</ele></trkpt>
    <trkpt lat="37.163771" lon="-6.888792"><ele>4.3</ele></trkpt>
    <trkpt lat="37.164081" lon="-6.889059"><ele>4.2</ele></trkpt>
    <trkpt lat="37.164317" lon="-6.889263"><ele>4.1</ele></trkpt>
    <trkpt lat="37.16478" lon="-6.889569"><ele>4</ele></trkpt>
    <trkpt lat="37.166314" lon="-6.890645"><ele>4.1</ele></trkpt>
    <trkpt lat="37.167123" lon="-6.891373"><ele>5.1</ele></trkpt>
    <trkpt lat="37.168194" lon="-6.892408"><ele>7.7</ele></trkpt>
    <trkpt lat="37.168825" lon="-6.893124"><ele>8.8</ele></trkpt>
    <trkpt lat="37.169407" lon="-6.893879"><ele>8.8</ele></trkpt>
    <trkpt lat="37.169998" lon="-6.894778"><ele>7.8</ele></trkpt>
    <trkpt lat="37.170187" lon="-6.895065"><ele>7.5</ele></trkpt>
    <trkpt lat="37.17136" lon="-6.89708"><ele>6.9</ele></trkpt>
    <trkpt lat="37.171663" lon="-6.897595"><ele>7.1</ele></trkpt>
    <trkpt lat="37.172895" lon="-6.89966"><ele>7.8</ele></trkpt>
    <trkpt lat="37.173102" lon="-6.899875"><ele>7.9</ele></trkpt>
    <trkpt lat="37.173183" lon="-6.899918"><ele>7.9</ele></trkpt>
    <trkpt lat="37.173271" lon="-6.899932"><ele>8</ele></trkpt>
    <trkpt lat="37.173345" lon="-6.899996"><ele>8</ele></trkpt>
    <trkpt lat="37.173385" lon="-6.900082"><ele>8</ele></trkpt>
    <trkpt lat="37.173395" lon="-6.900164"><ele>8</ele></trkpt>
    <trkpt lat="37.173371" lon="-6.900272"><ele>8.1</ele></trkpt>
    <trkpt lat="37.173524" lon="-6.90072"><ele>8.2</ele></trkpt>
    <trkpt lat="37.174593" lon="-6.902543"><ele>9.4</ele></trkpt>
    <trkpt lat="37.17532" lon="-6.903789"><ele>10.5</ele></trkpt>
    <trkpt lat="37.175973" lon="-6.904843"><ele>10.6</ele></trkpt>
    <trkpt lat="37.176503" lon="-6.905615"><ele>10.2</ele></trkpt>
    <trkpt lat="37.18026" lon="-6.910451"><ele>5.9</ele></trkpt>
    <trkpt lat="37.180869" lon="-6.911124"><ele>5.5</ele></trkpt>
    <trkpt lat="37.181974" lon="-6.912558"><ele>5</ele></trkpt>
    <trkpt lat="37.182687" lon="-6.913474"><ele>4.8</ele></trkpt>
    <trkpt lat="37.183364" lon="-6.914455"><ele>4.7</ele></trkpt>
    <trkpt lat="37.184768" lon="-6.916263"><ele>5.4</ele></trkpt>
    <trkpt lat="37.185541" lon="-6.91715"><ele>5.4</ele></trkpt>
    <trkpt lat="37.186506" lon="-6.918064"><ele>4.8</ele></trkpt>
    <trkpt lat="37.187934" lon="-6.919232"><ele>3.8</ele></trkpt>
    <trkpt lat="37.188539" lon="-6.919737"><ele>3.5</ele></trkpt>
    <trkpt lat="37.189141" lon="-6.920238"><ele>3.4</ele></trkpt>
    <trkpt lat="37.193753" lon="-6.924068"><ele>3.8</ele></trkpt>
    <trkpt lat="37.19432" lon="-6.92444"><ele>3.8</ele></trkpt>
    <trkpt lat="37.194608" lon="-6.924596"><ele>3.8</ele></trkpt>
    <trkpt lat="37.194994" lon="-6.924866"><ele>3.8</ele></trkpt>
    <trkpt lat="37.195153" lon="-6.924977"><ele>3.8</ele></trkpt>
    <trkpt lat="37.195378" lon="-6.925108"><ele>3.8</ele></trkpt>
    <trkpt lat="37.195603" lon="-6.925219"><ele>3.7</ele></trkpt>
    <trkpt lat="37.195848" lon="-6.925253"><ele>3.6</ele></trkpt>
    <trkpt lat="37.19611" lon="-6.925229"><ele>3.5</ele></trkpt>
    <trkpt lat="37.196161" lon="-6.925211"><ele>3.5</ele></trkpt>
    <trkpt lat="37.197178" lon="-6.924844"><ele>2.9</ele></trkpt>
    <trkpt lat="37.198929" lon="-6.924217"><ele>1.4</ele></trkpt>
    <trkpt lat="37.199877" lon="-6.923872"><ele>1.3</ele></trkpt>
    <trkpt lat="37.20081" lon="-6.923527"><ele>2.9</ele></trkpt>
    <trkpt lat="37.200862" lon="-6.923483"><ele>3</ele></trkpt>
    <trkpt lat="37.201028" lon="-6.9234"><ele>3.4</ele></trkpt>
    <trkpt lat="37.201127" lon="-6.923311"><ele>3.6</ele></trkpt>
    <trkpt lat="37.201188" lon="-6.923189"><ele>3.8</ele></trkpt>
    <trkpt lat="37.201239" lon="-6.923154"><ele>3.9</ele></trkpt>
    <trkpt lat="37.201347" lon="-6.923152"><ele>4.1</ele></trkpt>
    <trkpt lat="37.201397" lon="-6.923183"><ele>4.2</ele></trkpt>
    <trkpt lat="37.201455" lon="-6.923276"><ele>4.3</ele></trkpt>
    <trkpt lat="37.201465" lon="-6.923393"><ele>4.4</ele></trkpt>
    <trkpt lat="37.201453" lon="-6.923445"><ele>4.5</ele></trkpt>
    <trkpt lat="37.201505" lon="-6.923616"><ele>4.6</ele></trkpt>
    <trkpt lat="37.201647" lon="-6.923797"><ele>4.8</ele></trkpt>
    <trkpt lat="37.202823" lon="-6.924864"><ele>4.2</ele></trkpt>
    <trkpt lat="37.204316" lon="-6.926217"><ele>3.9</ele></trkpt>
    <trkpt lat="37.204794" lon="-6.92665"><ele>4</ele></trkpt>
  </trkseg></trk></gpx>