<?xml version="1.0" encoding="UTF-8"?>
<gpx version="1.1" creator="tour-scraper" xmlns="http://www.topografix.com/GPX/1/1">
  <trk><name>Stage 13: From Almuñécar to Loja — La Vuelta 26</name><trkseg>
    <trkpt lat="36.744039" lon="-3.637522"><ele>101.5</ele></trkpt>
    <trkpt lat="36.744018" lon="-3.637486"><ele>101.5</ele></trkpt>
    <trkpt lat="36.743808" lon="-3.637004"><ele>101</ele></trkpt>
    <trkpt lat="36.743723" lon="-3.636699"><ele>100.6</ele></trkpt>
    <trkpt lat="36.74368" lon="-3.63643"><ele>100.1</ele></trkpt>
    <trkpt lat="36.743668" lon="-3.636123"><ele>99.4</ele></trkpt>
    <trkpt lat="36.743703" lon="-3.633964"><ele>94.2</ele></trkpt>
    <trkpt lat="36.74372" lon="-3.633582"><ele>93.2</ele></trkpt>
    <trkpt lat="36.743756" lon="-3.633312"><ele>92.7</ele></trkpt>
    <trkpt lat="36.743828" lon="-3.632996"><ele>92</ele></trkpt>
    <trkpt lat="36.744447" lon="-3.631322"><ele>89.7</ele></trkpt>
    <trkpt lat="36.744501" lon="-3.631095"><ele>89.3</ele></trkpt>
    <trkpt lat="36.744524" lon="-3.630894"><ele>88.7</ele></trkpt>
    <trkpt lat="36.744517" lon="-3.630719"><ele>88</ele></trkpt>
    <trkpt lat="36.744479" lon="-3.63054"><ele>87.2</ele></trkpt>
    <trkpt lat="36.74433" lon="-3.630229"><ele>85</ele></trkpt>
    <trkpt lat="36.744019" lon="-3.629678"><ele>81.7</ele></trkpt>
    <trkpt lat="36.743959" lon="-3.629477"><ele>80.8</ele></trkpt>
    <trkpt lat="36.743919" lon="-3.629206"><ele>79.7</ele></trkpt>
    <trkpt lat="36.743856" lon="-3.627333"><ele>80.3</ele></trkpt>
    <trkpt lat="36.743886" lon="-3.626892"><ele>81.4</ele></trkpt>
    <trkpt lat="36.743964" lon="-3.626552"><ele>82.2</ele></trkpt>
    <trkpt lat="36.744101" lon="-3.626223"><ele>82.8</ele></trkpt>
    <trkpt lat="36.744215" lon="-3.626033"><ele>83</ele></trkpt>
    <trkpt lat="36.74449" lon="-3.625709"><ele>83.1</ele></trkpt>
    <trkpt lat="36.74466" lon="-3.62557"><ele>82.9</ele></trkpt>
    <trkpt lat="36.744901" lon="-3.625427"><ele>82.5</ele></trkpt>
    <trkpt lat="36.745786" lon="-3.624997"><ele>82.4</ele></trkpt>
    <trkpt lat="36.746367" lon="-3.624706"><ele>80.3</ele></trkpt>
    <trkpt lat="36.746632" lon="-3.624548"><ele>79.4</ele></trkpt>
    <trkpt lat="36.746816" lon="-3.624355"><ele>78.9</ele></trkpt>
    <trkpt lat="36.746958" lon="-3.624141"><ele>78.4</ele></trkpt>
    <trkpt lat="36.747035" lon="-3.623923"><ele>78.3</ele></trkpt>
    <trkpt lat="36.747084" lon="-3.623656"><ele>78.4</ele></trkpt>
    <trkpt lat="36.747082" lon="-3.62339"><ele>78.5</ele></trkpt>
    <trkpt lat="36.747016" lon="-3.623128"><ele>79</ele></trkpt>
    <trkpt lat="36.746903" lon="-3.622887"><ele>79.7</ele></trkpt>
    <trkpt lat="36.746774" lon="-3.62268"><ele>81</ele></trkpt>
    <trkpt lat="36.746344" lon="-3.622208"><ele>85.7</ele></trkpt>
    <trkpt lat="36.746037" lon="-3.621914"><ele>88.9</ele></trkpt>
    <trkpt lat="36.745822" lon="-3.621695"><ele>90.6</ele></trkpt>
    <trkpt lat="36.745556" lon="-3.621435"><ele>92</ele></trkpt>
    <trkpt lat="36.744881" lon="-3.620772"><ele>92.8</ele></trkpt>
    <trkpt lat="36.744461" lon="-3.620351"><ele>90.9</ele></trkpt>
    <trkpt lat="36.744236" lon="-3.620078"><ele>89.5</ele></trkpt>
    <trkpt lat="36.744076" lon="-3.619803"><ele>88</ele></trkpt>
    <trkpt lat="36.743996" lon="-3.619611"><ele>87</ele></trkpt>
    <trkpt lat="36.743929" lon="-3.619372"><ele>85.5</ele></trkpt>
    <trkpt lat="36.743893" lon="-3.619115"><ele>83.9</ele></trkpt>
    <trkpt lat="36.743892" lon="-3.61874"><ele>82</ele></trkpt>
    <trkpt lat="36.744017" lon="-3.617805"><ele>79.8</ele></trkpt>
    <trkpt lat="36.744101" lon="-3.617176"><ele>79.5</ele></trkpt>
    <trkpt lat="36.744118" lon="-3.617057"><ele>79.4</ele></trkpt>
    <trkpt lat="36.744195" lon="-3.616495"><ele>79.4</ele></trkpt>
    <trkpt lat="36.744302" lon="-3.615895"><ele>79.9</ele></trkpt>
    <trkpt lat="36.744484" lon="-3.615252"><ele>79.5</ele></trkpt>
    <trkpt lat="36.7446" lon="-3.614936"><ele>78.9</ele></trkpt>
    <trkpt lat="36.744853" lon="-3.614448"><ele>78.6</ele></trkpt>
    <trkpt lat="36.745266" lon="-3.61384"><ele>79.6</ele></trkpt>
    <trkpt lat="36.745473" lon="-3.613459"><ele>79.9</ele></trkpt>
    <trkpt lat="36.74554" lon="-3.61326"><ele>79.9</ele></trkpt>
    <trkpt lat="36.745613" lon="-3.612902"><ele>79.7</ele></trkpt>
    <trkpt lat="36.745635" lon="-3.61263"><ele>79.1</ele></trkpt>
    <trkpt lat="36.745649" lon="-3.61163"><ele>75.8</ele></trkpt>
    <trkpt lat="36.745657" lon="-3.611368"><ele>74.6</ele></trkpt>
    <trkpt lat="36.745757" lon="-3.610099"><ele>70.5</ele></trkpt>
    <trkpt lat="36.745929" lon="-3.60878"><ele>68.1</ele></trkpt>
    <trkpt lat="36.745997" lon="-3.608093"><ele>67.3</ele></trkpt>
    <trkpt lat="36.746008" lon="-3.607751"><ele>66.9</ele></trkpt>
    <trkpt lat="36.745985" lon="-3.607056"><ele>65.4</ele></trkpt>
    <trkpt lat="36.745884" lon="-3.606276"><ele>62.9</ele></trkpt>
    <trkpt lat="36.74569" lon="-3.605237"><ele>58.3</ele></trkpt>
    <trkpt lat="36.745663" lon="-3.604793"><ele>56.6</ele></trkpt>
    <trkpt lat="36.745682" lon="-3.604646"><ele>56</ele></trkpt>
    <trkpt lat="36.745759" lon="-3.604396"><ele>54.7</ele></trkpt>
    <trkpt lat="36.745923" lon="-3.604125"><ele>52.9</ele></trkpt>
    <trkpt lat="36.746108" lon="-3.60395"><ele>51.1</ele></trkpt>
    <trkpt lat="36.746267" lon="-3.603842"><ele>49.8</ele></trkpt>
    <trkpt lat="36.746538" lon="-3.603639"><ele>47.3</ele></trkpt>
    <trkpt lat="36.746735" lon="-3.603384"><ele>44.8</ele></trkpt>
    <trkpt lat="36.747021" lon="-3.602607"><ele>38.3</ele></trkpt>
    <trkpt lat="36.747215" lon="-3.602167"><ele>35.6</ele></trkpt>
    <trkpt lat="36.747267" lon="-3.602021"><ele>35</ele></trkpt>
    <trkpt lat="36.747369" lon="-3.601865"><ele>34.3</ele></trkpt>
    <trkpt lat="36.74765" lon="-3.601603"><ele>33</ele></trkpt>
    <trkpt lat="36.747939" lon="-3.601432"><ele>32.5</ele></trkpt>
    <trkpt lat="36.747984" lon="-3.601406"><ele>32.5</ele></trkpt>
    <trkpt lat="36.748205" lon="-3.601284"><ele>32.5</ele></trkpt>
    <trkpt lat="36.748473" lon="-3.601116"><ele>32.7</ele></trkpt>
    <trkpt lat="36.748685" lon="-3.60087"><ele>32.7</ele></trkpt>
    <trkpt lat="36.748704" lon="-3.600819"><ele>32.8</ele></trkpt>
    <trkpt lat="36.748765" lon="-3.600579"><ele>32.8</ele></trkpt>
    <trkpt lat="36.748782" lon="-3.600346"><ele>32.9</ele></trkpt>
    <trkpt lat="36.748707" lon="-3.600092"><ele>33.1</ele></trkpt>
    <trkpt lat="36.748612" lon="-3.59991"><ele>33.5</ele></trkpt>
    <trkpt lat="36.748604" lon="-3.599894"><ele>33.6</ele></trkpt>
    <trkpt lat="36.748459" lon="-3.599715"><ele>34.2</ele></trkpt>
    <trkpt lat="36.748247" lon="-3.599541"><ele>35.1</ele></trkpt>
    <trkpt lat="36.74801" lon="-3.599351"><ele>35.9</ele></trkpt>
    <trkpt lat="36.747767" lon="-3.599115"><ele>36.4</ele></trkpt>
    <trkpt lat="36.747672" lon="-3.59899"><ele>36.5</ele></trkpt>
    <trkpt lat="36.747529" lon="-3.59871"><ele>36.5</ele></trkpt>
    <trkpt lat="36.747442" lon="-3.598441"><ele>36.2</ele></trkpt>
    <trkpt lat="36.747389" lon="-3.598218"><ele>35.9</ele></trkpt>
    <trkpt lat="36.747374" lon="-3.597979"><ele>35.6</ele></trkpt>
    <trkpt lat="36.747405" lon="-3.59744"><ele>35.2</ele></trkpt>
    <trkpt lat="36.747455" lon="-3.597011"><ele>34.8</ele></trkpt>
    <trkpt lat="36.74753" lon="-3.596452"><ele>34.3</ele></trkpt>
    <trkpt lat="36.747564" lon="-3.596179"><ele>34.1</ele></trkpt>
    <trkpt lat="36.747599" lon="-3.595622"><ele>34.1</ele></trkpt>
    <trkpt lat="36.747583" lon="-3.595299"><ele>34.1</ele></trkpt>
    <trkpt lat="36.747435" lon="-3.593999"><ele>32.9</ele></trkpt>
    <trkpt lat="36.747426" lon="-3.593732"><ele>32.8</ele></trkpt>
    <trkpt lat="36.747474" lon="-3.59325"><ele>32.8</ele></trkpt>
    <trkpt lat="36.74758" lon="-3.592879"><ele>33.2</ele></trkpt>
    <trkpt lat="36.747696" lon="-3.592622"><ele>33.6</ele></trkpt>
    <trkpt lat="36.748394" lon="-3.591512"><ele>34</ele></trkpt>
    <trkpt lat="36.748486" lon="-3.591354"><ele>33.7</ele></trkpt>
    <trkpt lat="36.748606" lon="-3.591128"><ele>33.1</ele></trkpt>
    <trkpt lat="36.748732" lon="-3.590804"><ele>32</ele></trkpt>
    <trkpt lat="36.748864" lon="-3.590349"><ele>30.1</ele></trkpt>
    <trkpt lat="36.748929" lon="-3.58985"><ele>27.8</ele></trkpt>
    <trkpt lat="36.748901" lon="-3.589376"><ele>25.8</ele></trkpt>
    <trkpt lat="36.748848" lon="-3.589128"><ele>24.8</ele></trkpt>
    <trkpt lat="36.748702" lon="-3.588687"><ele>23.1</ele></trkpt>
    <trkpt lat="36.74832" lon="-3.58783"><ele>20.2</ele></trkpt>
    <trkpt lat="36.747554" lon="-3.586111"><ele>16.6</ele></trkpt>
    <trkpt lat="36.746983" lon="-3.584793"><ele>16</ele></trkpt>
    <trkpt lat="36.746377" lon="-3.583412"><ele>15.8</ele></trkpt>
    <trkpt lat="36.746265" lon="-3.582983"><ele>15.5</ele></trkpt>
    <trkpt lat="36.746143" lon="-3.581223"><ele>14</ele></trkpt>
    <trkpt lat="36.745833" lon="-3.57609"><ele>14.3</ele></trkpt>
    <trkpt lat="36.745471" lon="-3.570085"><ele>16</ele></trkpt>
    <trkpt lat="36.745393" lon="-3.568823"><ele>16.4</ele></trkpt>
    <trkpt lat="36.74527" lon="-3.566782"><ele>17.7</ele></trkpt>
    <trkpt lat="36.745213" lon="-3.566571"><ele>17.9</ele></trkpt>
    <trkpt lat="36.745109" lon="-3.565544"><ele>18.7</ele></trkpt>
    <trkpt lat="36.744741" lon="-3.563654"><ele>19.3</ele></trkpt>
    <trkpt lat="36.744753" lon="-3.563575"><ele>19.3</ele></trkpt>
    <trkpt lat="36.744729" lon="-3.563537"><ele>19.3</ele></trkpt>
    <trkpt lat="36.74469" lon="-3.563379"><ele>19.3</ele></trkpt>
    <trkpt lat="36.744698" lon="-3.563296"><ele>19.3</ele></trkpt>
    <trkpt lat="36.74471" lon="-3.563256"><ele>19.3</ele></trkpt>
    <trkpt lat="36.744821" lon="-3.563109"><ele>19.2</ele></trkpt>
    <trkpt lat="36.74494" lon="-3.563077"><ele>19.2</ele></trkpt>
    <trkpt lat="36.745087" lon="-3.563162"><ele>19.2</ele></trkpt>
    <trkpt lat="36.745113" lon="-3.563197"><ele>19.2</ele></trkpt>
    <trkpt lat="36.745357" lon="-3.563226"><ele>19.1</ele></trkpt>
    <trkpt lat="36.745574" lon="-3.563184"><ele>19.1</ele></trkpt>
    <trkpt lat="36.746281" lon="-3.563143"><ele>19.2</ele></trkpt>
    <trkpt lat="36.746511" lon="-3.563159"><ele>19.2</ele></trkpt>
    <trkpt lat="36.747062" lon="-3.563263"><ele>19.6</ele></trkpt>
    <trkpt lat="36.74756" lon="-3.563435"><ele>20.3</ele></trkpt>
    <trkpt lat="36.74886" lon="-3.564132"><ele>22.3</ele></trkpt>
    <trkpt lat="36.74909" lon="-3.564234"><ele>22.8</ele></trkpt>
    <trkpt lat="36.749393" lon="-3.564222"><ele>23.3</ele></trkpt>
    <trkpt lat="36.749528" lon="-3.564147"><ele>23.5</ele></trkpt>
    <trkpt lat="36.749676" lon="-3.564162"><ele>23.7</ele></trkpt>
    <trkpt lat="36.749796" lon="-3.564261"><ele>23.8</ele></trkpt>
    <trkpt lat="36.749865" lon="-3.564418"><ele>24</ele></trkpt>
    <trkpt lat="36.749865" lon="-3.564418"><ele>24</ele></trkpt>
    <trkpt lat="36.750094" lon="-3.564592"><ele>24.3</ele></trkpt>
    <trkpt lat="36.750835" lon="-3.564729"><ele>25.3</ele></trkpt>
    <trkpt lat="36.751688" lon="-3.564716"><ele>25.8</ele></trkpt>
    <trkpt lat="36.752542" lon="-3.564704"><ele>26.3</ele></trkpt>
    <trkpt lat="36.753251" lon="-3.564661"><ele>26.4</ele></trkpt>
    <trkpt lat="36.75396" lon="-3.564618"><ele>26.6</ele></trkpt>
    <trkpt lat="36.754669" lon="-3.564575"><ele>27.2</ele></trkpt>
    <trkpt lat="36.755408" lon="-3.564499"><ele>27.8</ele></trkpt>
    <trkpt lat="36.756147" lon="-3.564424"><ele>28.5</ele></trkpt>
    <trkpt lat="36.756885" lon="-3.564348"><ele>28.6</ele></trkpt>
    <trkpt lat="36.75757" lon="-3.56419"><ele>29</ele></trkpt>
    <trkpt lat="36.758255" lon="-3.564032"><ele>29.4</ele></trkpt>
    <trkpt lat="36.75894" lon="-3.563875"><ele>30.1</ele></trkpt>
    <trkpt lat="36.759667" lon="-3.563673"><ele>31.1</ele></trkpt>
    <trkpt lat="36.760393" lon="-3.563471"><ele>32</ele></trkpt>
    <trkpt lat="36.76112" lon="-3.56327"><ele>33.1</ele></trkpt>
    <trkpt lat="36.761979" lon="-3.56297"><ele>34.1</ele></trkpt>
    <trkpt lat="36.762838" lon="-3.56267"><ele>35</ele></trkpt>
    <trkpt lat="36.763697" lon="-3.562369"><ele>35.8</ele></trkpt>
    <trkpt lat="36.764291" lon="-3.562119"><ele>36.4</ele></trkpt>
    <trkpt lat="36.764885" lon="-3.561869"><ele>37.2</ele></trkpt>
    <trkpt lat="36.765479" lon="-3.561618"><ele>38</ele></trkpt>
    <trkpt lat="36.766114" lon="-3.561306"><ele>38.7</ele></trkpt>
    <trkpt lat="36.766749" lon="-3.560994"><ele>39.3</ele></trkpt>
    <trkpt lat="36.767384" lon="-3.560682"><ele>39.8</ele></trkpt>
    <trkpt lat="36.768102" lon="-3.560282"><ele>40.5</ele></trkpt>
    <trkpt lat="36.768821" lon="-3.559881"><ele>41.3</ele></trkpt>
    <trkpt lat="36.76928" lon="-3.559461"><ele>41.6</ele></trkpt>
    <trkpt lat="36.769738" lon="-3.55904"><ele>41.5</ele></trkpt>
    <trkpt lat="36.770213" lon="-3.558361"><ele>40.8</ele></trkpt>
    <trkpt lat="36.770214" lon="-3.557894"><ele>40.6</ele></trkpt>
    <trkpt lat="36.770265" lon="-3.557764"><ele>40.6</ele></trkpt>
    <trkpt lat="36.77042" lon="-3.557596"><ele>40.6</ele></trkpt>
    <trkpt lat="36.77051" lon="-3.557555"><ele>40.6</ele></trkpt>
    <trkpt lat="36.770677" lon="-3.557559"><ele>40.6</ele></trkpt>
    <trkpt lat="36.770796" lon="-3.557616"><ele>40.6</ele></trkpt>
    <trkpt lat="36.770886" lon="-3.55771"><ele>40.7</ele></trkpt>
    <trkpt lat="36.771027" lon="-3.557676"><ele>40.8</ele></trkpt>
    <trkpt lat="36.771215" lon="-3.557371"><ele>41.3</ele></trkpt>
    <trkpt lat="36.772965" lon="-3.553342"><ele>47.2</ele></trkpt>
    <trkpt lat="36.77418" lon="-3.550611"><ele>49.7</ele></trkpt>
    <trkpt lat="36.774467" lon="-3.550011"><ele>50</ele></trkpt>
    <trkpt lat="36.774945" lon="-3.549155"><ele>50.3</ele></trkpt>
    <trkpt lat="36.775641" lon="-3.548034"><ele>51.4</ele></trkpt>
    <trkpt lat="36.775866" lon="-3.547685"><ele>51.9</ele></trkpt>
    <trkpt lat="36.775985" lon="-3.547499"><ele>52.2</ele></trkpt>
    <trkpt lat="36.776193" lon="-3.547162"><ele>52.6</ele></trkpt>
    <trkpt lat="36.776328" lon="-3.546953"><ele>52.8</ele></trkpt>
    <trkpt lat="36.776418" lon="-3.54681"><ele>52.9</ele></trkpt>
    <trkpt lat="36.776478" lon="-3.546715"><ele>52.9</ele></trkpt>
    <trkpt lat="36.776605" lon="-3.546514"><ele>53</ele></trkpt>
    <trkpt lat="36.776933" lon="-3.546023"><ele>53.3</ele></trkpt>
    <trkpt lat="36.777316" lon="-3.545552"><ele>53.5</ele></trkpt>
    <trkpt lat="36.777828" lon="-3.54515"><ele>53.9</ele></trkpt>
    <trkpt lat="36.778086" lon="-3.545016"><ele>54.1</ele></trkpt>
    <trkpt lat="36.778343" lon="-3.54492"><ele>54.3</ele></trkpt>
    <trkpt lat="36.778585" lon="-3.544853"><ele>54.4</ele></trkpt>
    <trkpt lat="36.778849" lon="-3.544816"><ele>54.5</ele></trkpt>
    <trkpt lat="36.779748" lon="-3.54484"><ele>54.9</ele></trkpt>
    <trkpt lat="36.780937" lon="-3.544931"><ele>57.7</ele></trkpt>
    <trkpt lat="36.781064" lon="-3.544943"><ele>58.1</ele></trkpt>
    <trkpt lat="36.781815" lon="-3.545015"><ele>60.4</ele></trkpt>
    <trkpt lat="36.782603" lon="-3.545068"><ele>64.1</ele></trkpt>
    <trkpt lat="36.782934" lon="-3.545032"><ele>65.5</ele></trkpt>
    <trkpt lat="36.783259" lon="-3.544888"><ele>67</ele></trkpt>
    <trkpt lat="36.783548" lon="-3.544637"><ele>68.7</ele></trkpt>
    <trkpt lat="36.78367" lon="-3.544473"><ele>69.7</ele></trkpt>
    <trkpt lat="36.783771" lon="-3.544318"><ele>70.6</ele></trkpt>
    <trkpt lat="36.783945" lon="-3.543916"><ele>72.3</ele></trkpt>
    <trkpt lat="36.78429" lon="-3.542824"><ele>74.8</ele></trkpt>
    <trkpt lat="36.784543" lon="-3.542206"><ele>74.1</ele></trkpt>
    <trkpt lat="36.784788" lon="-3.541799"><ele>73.1</ele></trkpt>
    <trkpt lat="36.785055" lon="-3.541459"><ele>71.8</ele></trkpt>
    <trkpt lat="36.785085" lon="-3.541426"><ele>71.6</ele></trkpt>
    <trkpt lat="36.785294" lon="-3.541208"><ele>70.7</ele></trkpt>
    <trkpt lat="36.78597" lon="-3.54059"><ele>70.6</ele></trkpt>
    <trkpt lat="36.786834" lon="-3.539852"><ele>74.9</ele></trkpt>
    <trkpt lat="36.787348" lon="-3.539412"><ele>78.9</ele></trkpt>
    <trkpt lat="36.788693" lon="-3.538255"><ele>94.4</ele></trkpt>
    <trkpt lat="36.789272" lon="-3.537791"><ele>97.5</ele></trkpt>
    <trkpt lat="36.78944" lon="-3.5377"><ele>97.4</ele></trkpt>
    <trkpt lat="36.789725" lon="-3.537624"><ele>96.3</ele></trkpt>
    <trkpt lat="36.790051" lon="-3.537642"><ele>93.7</ele></trkpt>
    <trkpt lat="36.790315" lon="-3.537774"><ele>90.2</ele></trkpt>
    <trkpt lat="36.790484" lon="-3.537895"><ele>87.4</ele></trkpt>
    <trkpt lat="36.790659" lon="-3.538093"><ele>84.1</ele></trkpt>
    <trkpt lat="36.790759" lon="-3.538267"><ele>82.1</ele></trkpt>
    <trkpt lat="36.790827" lon="-3.538441"><ele>80.6</ele></trkpt>
    <trkpt lat="36.790895" lon="-3.538716"><ele>78.9</ele></trkpt>
    <trkpt lat="36.790917" lon="-3.538941"><ele>77.9</ele></trkpt>
    <trkpt lat="36.790974" lon="-3.540552"><ele>80.3</ele></trkpt>
    <trkpt lat="36.791011" lon="-3.54075"><ele>81.3</ele></trkpt>
    <trkpt lat="36.791086" lon="-3.540981"><ele>82.5</ele></trkpt>
    <trkpt lat="36.791167" lon="-3.541136"><ele>83.4</ele></trkpt>
    <trkpt lat="36.791283" lon="-3.541313"><ele>84.5</ele></trkpt>
    <trkpt lat="36.791383" lon="-3.541416"><ele>85.4</ele></trkpt>
    <trkpt lat="36.791584" lon="-3.541558"><ele>87.1</ele></trkpt>
    <trkpt lat="36.791888" lon="-3.54167"><ele>89.7</ele></trkpt>
    <trkpt lat="36.792065" lon="-3.541684"><ele>91.3</ele></trkpt>
    <trkpt lat="36.79238" lon="-3.541627"><ele>94.6</ele></trkpt>
    <trkpt lat="36.792558" lon="-3.541536"><ele>96.8</ele></trkpt>
    <trkpt lat="36.792678" lon="-3.541443"><ele>98.4</ele></trkpt>
    <trkpt lat="36.792887" lon="-3.541206"><ele>101.3</ele></trkpt>
    <trkpt lat="36.793287" lon="-3.540648"><ele>106.8</ele></trkpt>
    <trkpt lat="36.794491" lon="-3.538981"><ele>107.6</ele></trkpt>
    <trkpt lat="36.794792" lon="-3.538618"><ele>103.6</ele></trkpt>
    <trkpt lat="36.79497" lon="-3.538462"><ele>101</ele></trkpt>
    <trkpt lat="36.795186" lon="-3.538346"><ele>98</ele></trkpt>
    <trkpt lat="36.795301" lon="-3.538309"><ele>96.5</ele></trkpt>
    <trkpt lat="36.795578" lon="-3.538299"><ele>92.9</ele></trkpt>
    <trkpt lat="36.795893" lon="-3.538385"><ele>88.9</ele></trkpt>
    <trkpt lat="36.796145" lon="-3.538538"><ele>85.7</ele></trkpt>
    <trkpt lat="36.79733" lon="-3.539462"><ele>79.8</ele></trkpt>
    <trkpt lat="36.797667" lon="-3.539697"><ele>80.9</ele></trkpt>
    <trkpt lat="36.797967" lon="-3.539843"><ele>82.5</ele></trkpt>
    <trkpt lat="36.798418" lon="-3.539973"><ele>85.8</ele></trkpt>
    <trkpt lat="36.798715" lon="-3.540009"><ele>88.3</ele></trkpt>
    <trkpt lat="36.799317" lon="-3.539965"><ele>93.2</ele></trkpt>
    <trkpt lat="36.800041" lon="-3.539832"><ele>97.1</ele></trkpt>
    <trkpt lat="36.800298" lon="-3.539815"><ele>97.8</ele></trkpt>
    <trkpt lat="36.800605" lon="-3.539828"><ele>98</ele></trkpt>
    <trkpt lat="36.800823" lon="-3.539882"><ele>98</ele></trkpt>
    <trkpt lat="36.801097" lon="-3.539982"><ele>97.7</ele></trkpt>
    <trkpt lat="36.801505" lon="-3.540195"><ele>96.9</ele></trkpt>
    <trkpt lat="36.803643" lon="-3.541388"><ele>90.8</ele></trkpt>
    <trkpt lat="36.804909" lon="-3.542087"><ele>88.3</ele></trkpt>
    <trkpt lat="36.807176" lon="-3.543354"><ele>84.9</ele></trkpt>
    <trkpt lat="36.807638" lon="-3.54354"><ele>85</ele></trkpt>
    <trkpt lat="36.807912" lon="-3.543622"><ele>85.1</ele></trkpt>
    <trkpt lat="36.807913" lon="-3.543623"><ele>85.1</ele></trkpt>
    <trkpt lat="36.809003" lon="-3.543697"><ele>87.2</ele></trkpt>
    <trkpt lat="36.809478" lon="-3.543687"><ele>89.3</ele></trkpt>
    <trkpt lat="36.809951" lon="-3.543597"><ele>92.1</ele></trkpt>
    <trkpt lat="36.810194" lon="-3.54351"><ele>94</ele></trkpt>
    <trkpt lat="36.810536" lon="-3.543322"><ele>97.3</ele></trkpt>
    <trkpt lat="36.810883" lon="-3.543061"><ele>101.5</ele></trkpt>
    <trkpt lat="36.811174" lon="-3.542716"><ele>106.3</ele></trkpt>
    <trkpt lat="36.811454" lon="-3.542309"><ele>109.7</ele></trkpt>
    <trkpt lat="36.811667" lon="-3.541912"><ele>110.2</ele></trkpt>
    <trkpt lat="36.811765" lon="-3.541676"><ele>109.9</ele></trkpt>
    <trkpt lat="36.811846" lon="-3.541579"><ele>109.3</ele></trkpt>
    <trkpt lat="36.811979" lon="-3.541268"><ele>107.7</ele></trkpt>
    <trkpt lat="36.812032" lon="-3.541225"><ele>107.4</ele></trkpt>
    <trkpt lat="36.812115" lon="-3.541287"><ele>106.6</ele></trkpt>
    <trkpt lat="36.812851" lon="-3.541811"><ele>97.5</ele></trkpt>
    <trkpt lat="36.812915" lon="-3.541911"><ele>96.4</ele></trkpt>
    <trkpt lat="36.812924" lon="-3.541968"><ele>95.9</ele></trkpt>
    <trkpt lat="36.812911" lon="-3.542229"><ele>94.1</ele></trkpt>
    <trkpt lat="36.812888" lon="-3.543477"><ele>90.9</ele></trkpt>
    <trkpt lat="36.812826" lon="-3.543701"><ele>90.6</ele></trkpt>
    <trkpt lat="36.81219" lon="-3.545125"><ele>95.5</ele></trkpt>
    <trkpt lat="36.811943" lon="-3.545669"><ele>99</ele></trkpt>
    <trkpt lat="36.811913" lon="-3.545872"><ele>100.2</ele></trkpt>
    <trkpt lat="36.811931" lon="-3.546023"><ele>101.2</ele></trkpt>
    <trkpt lat="36.812023" lon="-3.546331"><ele>103.3</ele></trkpt>
    <trkpt lat="36.812031" lon="-3.546707"><ele>105.8</ele></trkpt>
    <trkpt lat="36.812086" lon="-3.54696"><ele>107.2</ele></trkpt>
    <trkpt lat="36.812221" lon="-3.547143"><ele>108.2</ele></trkpt>
    <trkpt lat="36.812387" lon="-3.547223"><ele>108.9</ele></trkpt>
    <trkpt lat="36.81269" lon="-3.547291"><ele>110.1</ele></trkpt>
    <trkpt lat="36.812832" lon="-3.547424"><ele>110.8</ele></trkpt>
    <trkpt lat="36.813268" lon="-3.548233"><ele>114.1</ele></trkpt>
    <trkpt lat="36.813291" lon="-3.548388"><ele>114.5</ele></trkpt>
    <trkpt lat="36.813285" lon="-3.548542"><ele>114.9</ele></trkpt>
    <trkpt lat="36.813182" lon="-3.548732"><ele>115.5</ele></trkpt>
    <trkpt lat="36.812537" lon="-3.549309"><ele>117.9</ele></trkpt>
    <trkpt lat="36.812402" lon="-3.549591"><ele>119</ele></trkpt>
    <trkpt lat="36.812393" lon="-3.549835"><ele>119.9</ele></trkpt>
    <trkpt lat="36.812422" lon="-3.549986"><ele>120.6</ele></trkpt>
    <trkpt lat="36.812494" lon="-3.550173"><ele>121.5</ele></trkpt>
    <trkpt lat="36.812746" lon="-3.550645"><ele>123.9</ele></trkpt>
    <trkpt lat="36.812856" lon="-3.550746"><ele>124.6</ele></trkpt>
    <trkpt lat="36.813117" lon="-3.550873"><ele>126.1</ele></trkpt>
    <trkpt lat="36.813459" lon="-3.550874"><ele>128</ele></trkpt>
    <trkpt lat="36.814158" lon="-3.550879"><ele>132</ele></trkpt>
    <trkpt lat="36.814491" lon="-3.550885"><ele>133.9</ele></trkpt>
    <trkpt lat="36.814547" lon="-3.550905"><ele>134.2</ele></trkpt>
    <trkpt lat="36.814709" lon="-3.551041"><ele>135.4</ele></trkpt>
    <trkpt lat="36.815223" lon="-3.551545"><ele>140.5</ele></trkpt>
    <trkpt lat="36.815638" lon="-3.552021"><ele>145.9</ele></trkpt>
    <trkpt lat="36.815776" lon="-3.552284"><ele>148.1</ele></trkpt>
    <trkpt lat="36.815923" lon="-3.552497"><ele>150</ele></trkpt>
    <trkpt lat="36.816082" lon="-3.552564"><ele>151.3</ele></trkpt>
    <trkpt lat="36.816349" lon="-3.552546"><ele>153.1</ele></trkpt>
    <trkpt lat="36.816484" lon="-3.552626"><ele>154.1</ele></trkpt>
    <trkpt lat="36.816548" lon="-3.552713"><ele>154.7</ele></trkpt>
    <trkpt lat="36.816604" lon="-3.552815"><ele>155.3</ele></trkpt>
    <trkpt lat="36.816889" lon="-3.553596"><ele>158.2</ele></trkpt>
    <trkpt lat="36.817119" lon="-3.554603"><ele>162.5</ele></trkpt>
    <trkpt lat="36.817219" lon="-3.554806"><ele>163.9</ele></trkpt>
    <trkpt lat="36.8173" lon="-3.554889"><ele>164.7</ele></trkpt>
    <trkpt lat="36.81751" lon="-3.554927"><ele>166.4</ele></trkpt>
    <trkpt lat="36.817603" lon="-3.554892"><ele>167</ele></trkpt>
    <trkpt lat="36.8177" lon="-3.554817"><ele>167.9</ele></trkpt>
    <trkpt lat="36.817827" lon="-3.554628"><ele>169.2</ele></trkpt>
    <trkpt lat="36.817903" lon="-3.554382"><ele>170.4</ele></trkpt>
    <trkpt lat="36.817961" lon="-3.554034"><ele>172.2</ele></trkpt>
    <trkpt lat="36.817975" lon="-3.553691"><ele>174.2</ele></trkpt>
    <trkpt lat="36.817933" lon="-3.553143"><ele>177.6</ele></trkpt>
    <trkpt lat="36.817947" lon="-3.553043"><ele>178.1</ele></trkpt>
    <trkpt lat="36.818028" lon="-3.552904"><ele>179</ele></trkpt>
    <trkpt lat="36.818313" lon="-3.552841"><ele>180.9</ele></trkpt>
    <trkpt lat="36.818667" lon="-3.552962"><ele>183.9</ele></trkpt>
    <trkpt lat="36.818855" lon="-3.553136"><ele>186.1</ele></trkpt>
    <trkpt lat="36.818955" lon="-3.553429"><ele>188.8</ele></trkpt>
    <trkpt lat="36.819055" lon="-3.553792"><ele>191.8</ele></trkpt>
    <trkpt lat="36.819125" lon="-3.55388"><ele>192.7</ele></trkpt>
    <trkpt lat="36.819193" lon="-3.553944"><ele>193.3</ele></trkpt>
    <trkpt lat="36.819291" lon="-3.553987"><ele>194</ele></trkpt>
    <trkpt lat="36.819435" lon="-3.553998"><ele>194.9</ele></trkpt>
    <trkpt lat="36.819585" lon="-3.553961"><ele>195.7</ele></trkpt>
    <trkpt lat="36.819766" lon="-3.553968"><ele>196.8</ele></trkpt>
    <trkpt lat="36.819895" lon="-3.554066"><ele>197.8</ele></trkpt>
    <trkpt lat="36.820147" lon="-3.554453"><ele>200</ele></trkpt>
    <trkpt lat="36.820255" lon="-3.554552"><ele>200.6</ele></trkpt>
    <trkpt lat="36.820376" lon="-3.55461"><ele>201.1</ele></trkpt>
    <trkpt lat="36.820787" lon="-3.554654"><ele>202.3</ele></trkpt>
    <trkpt lat="36.820919" lon="-3.554757"><ele>202.8</ele></trkpt>
    <trkpt lat="36.821062" lon="-3.554808"><ele>203.4</ele></trkpt>
    <trkpt lat="36.821437" lon="-3.554843"><ele>205.2</ele></trkpt>
    <trkpt lat="36.821552" lon="-3.554886"><ele>206</ele></trkpt>
    <trkpt lat="36.82172" lon="-3.55519"><ele>208</ele></trkpt>
    <trkpt lat="36.821916" lon="-3.555325"><ele>209.8</ele></trkpt>
    <trkpt lat="36.821997" lon="-3.55533"><ele>210.4</ele></trkpt>
    <trkpt lat="36.822843" lon="-3.555061"><ele>217.6</ele></trkpt>
    <trkpt lat="36.822998" lon="-3.555093"><ele>218.5</ele></trkpt>
    <trkpt lat="36.823139" lon="-3.555196"><ele>219.2</ele></trkpt>
    <trkpt lat="36.823189" lon="-3.555288"><ele>219.5</ele></trkpt>
    <trkpt lat="36.823191" lon="-3.55536"><ele>219.8</ele></trkpt>
    <trkpt lat="36.823176" lon="-3.555435"><ele>220</ele></trkpt>
    <trkpt lat="36.823083" lon="-3.555551"><ele>220.4</ele></trkpt>
    <trkpt lat="36.822772" lon="-3.555701"><ele>220.8</ele></trkpt>
    <trkpt lat="36.82263" lon="-3.555843"><ele>220.3</ele></trkpt>
    <trkpt lat="36.822457" lon="-3.556137"><ele>218.8</ele></trkpt>
    <trkpt lat="36.822411" lon="-3.556469"><ele>216.8</ele></trkpt>
    <trkpt lat="36.822371" lon="-3.55656"><ele>216.1</ele></trkpt>
    <trkpt lat="36.822328" lon="-3.556622"><ele>215.5</ele></trkpt>
    <trkpt lat="36.822266" lon="-3.556656"><ele>215</ele></trkpt>
    <trkpt lat="36.822106" lon="-3.55669"><ele>213.8</ele></trkpt>
    <trkpt lat="36.821985" lon="-3.556799"><ele>213.1</ele></trkpt>
    <trkpt lat="36.821681" lon="-3.557247"><ele>211.8</ele></trkpt>
    <trkpt lat="36.821574" lon="-3.557458"><ele>211.7</ele></trkpt>
    <trkpt lat="36.821549" lon="-3.55756"><ele>211.5</ele></trkpt>
    <trkpt lat="36.821559" lon="-3.557758"><ele>211.1</ele></trkpt>
    <trkpt lat="36.821652" lon="-3.558163"><ele>210.9</ele></trkpt>
    <trkpt lat="36.821707" lon="-3.558699"><ele>211.8</ele></trkpt>
    <trkpt lat="36.821717" lon="-3.559006"><ele>213.3</ele></trkpt>
    <trkpt lat="36.821642" lon="-3.559418"><ele>216.2</ele></trkpt>
    <trkpt lat="36.821587" lon="-3.559755"><ele>218.7</ele></trkpt>
    <trkpt lat="36.821617" lon="-3.560118"><ele>220.2</ele></trkpt>
    <trkpt lat="36.821702" lon="-3.560284"><ele>220.6</ele></trkpt>
    <trkpt lat="36.821764" lon="-3.560353"><ele>220.8</ele></trkpt>
    <trkpt lat="36.822065" lon="-3.560572"><ele>222.2</ele></trkpt>
    <trkpt lat="36.82212" lon="-3.560715"><ele>222.8</ele></trkpt>
    <trkpt lat="36.822119" lon="-3.560799"><ele>223.2</ele></trkpt>
    <trkpt lat="36.821996" lon="-3.561039"><ele>224.3</ele></trkpt>
    <trkpt lat="36.821905" lon="-3.561218"><ele>224.9</ele></trkpt>
    <trkpt lat="36.821885" lon="-3.561403"><ele>225.3</ele></trkpt>
    <trkpt lat="36.821905" lon="-3.561491"><ele>225.4</ele></trkpt>
    <trkpt lat="36.822192" lon="-3.562187"><ele>226.3</ele></trkpt>
    <trkpt lat="36.82226" lon="-3.562275"><ele>226.5</ele></trkpt>
    <trkpt lat="36.822426" lon="-3.562358"><ele>227.2</ele></trkpt>
    <trkpt lat="36.822641" lon="-3.56238"><ele>228.1</ele></trkpt>
    <trkpt lat="36.822876" lon="-3.562466"><ele>229</ele></trkpt>
    <trkpt lat="36.823228" lon="-3.562526"><ele>229.6</ele></trkpt>
    <trkpt lat="36.823325" lon="-3.562611"><ele>229.7</ele></trkpt>
    <trkpt lat="36.823382" lon="-3.562716"><ele>229.7</ele></trkpt>
    <trkpt lat="36.823386" lon="-3.562842"><ele>229.8</ele></trkpt>
    <trkpt lat="36.823299" lon="-3.563174"><ele>229.9</ele></trkpt>
    <trkpt lat="36.823302" lon="-3.563289"><ele>229.8</ele></trkpt>
    <trkpt lat="36.823426" lon="-3.563674"><ele>229.3</ele></trkpt>
    <trkpt lat="36.823414" lon="-3.563765"><ele>229.3</ele></trkpt>
    <trkpt lat="36.823344" lon="-3.5639"><ele>229.2</ele></trkpt>
    <trkpt lat="36.823053" lon="-3.564111"><ele>229.2</ele></trkpt>
    <trkpt lat="36.822945" lon="-3.564258"><ele>229.3</ele></trkpt>
    <trkpt lat="36.822867" lon="-3.564528"><ele>229.7</ele></trkpt>
    <trkpt lat="36.82285" lon="-3.564854"><ele>230.9</ele></trkpt>
    <trkpt lat="36.822837" lon="-3.565147"><ele>232.5</ele></trkpt>
    <trkpt lat="36.822764" lon="-3.5654"><ele>234.2</ele></trkpt>
    <trkpt lat="36.822768" lon="-3.56565"><ele>235.7</ele></trkpt>
    <trkpt lat="36.822872" lon="-3.566129"><ele>238.9</ele></trkpt>
    <trkpt lat="36.823057" lon="-3.566508"><ele>241.3</ele></trkpt>
    <trkpt lat="36.823073" lon="-3.566588"><ele>241.7</ele></trkpt>
    <trkpt lat="36.823052" lon="-3.566973"><ele>244.3</ele></trkpt>
    <trkpt lat="36.823074" lon="-3.567066"><ele>245.1</ele></trkpt>
    <trkpt lat="36.823112" lon="-3.567142"><ele>245.8</ele></trkpt>
    <trkpt lat="36.823389" lon="-3.567409"><ele>248.5</ele></trkpt>
    <trkpt lat="36.823487" lon="-3.567755"><ele>249.7</ele></trkpt>
    <trkpt lat="36.823613" lon="-3.56789"><ele>250.1</ele></trkpt>
    <trkpt lat="36.823887" lon="-3.567895"><ele>250.8</ele></trkpt>
    <trkpt lat="36.824011" lon="-3.567931"><ele>251.2</ele></trkpt>
    <trkpt lat="36.824059" lon="-3.567975"><ele>251.3</ele></trkpt>
    <trkpt lat="36.824203" lon="-3.568262"><ele>252.2</ele></trkpt>
    <trkpt lat="36.82441" lon="-3.568464"><ele>253.2</ele></trkpt>
    <trkpt lat="36.824566" lon="-3.568551"><ele>253.7</ele></trkpt>
    <trkpt lat="36.824682" lon="-3.568568"><ele>253.9</ele></trkpt>
    <trkpt lat="36.824787" lon="-3.568555"><ele>254</ele></trkpt>
    <trkpt lat="36.825299" lon="-3.568298"><ele>255.5</ele></trkpt>
    <trkpt lat="36.825427" lon="-3.568262"><ele>256.3</ele></trkpt>
    <trkpt lat="36.825589" lon="-3.568275"><ele>257.5</ele></trkpt>
    <trkpt lat="36.826174" lon="-3.568458"><ele>262.4</ele></trkpt>
    <trkpt lat="36.826251" lon="-3.568452"><ele>263</ele></trkpt>
    <trkpt lat="36.826597" lon="-3.5681"><ele>265.3</ele></trkpt>
    <trkpt lat="36.826803" lon="-3.568007"><ele>266.1</ele></trkpt>
    <trkpt lat="36.826884" lon="-3.568035"><ele>266.3</ele></trkpt>
    <trkpt lat="36.826957" lon="-3.568103"><ele>266.6</ele></trkpt>
    <trkpt lat="36.827114" lon="-3.568646"><ele>267.2</ele></trkpt>
    <trkpt lat="36.827193" lon="-3.56878"><ele>267.1</ele></trkpt>
    <trkpt lat="36.827296" lon="-3.568893"><ele>266.8</ele></trkpt>
    <trkpt lat="36.827395" lon="-3.568944"><ele>266.4</ele></trkpt>
    <trkpt lat="36.82765" lon="-3.568971"><ele>265.3</ele></trkpt>
    <trkpt lat="36.827872" lon="-3.569085"><ele>264.4</ele></trkpt>
    <trkpt lat="36.827939" lon="-3.56917"><ele>264</ele></trkpt>
    <trkpt lat="36.827967" lon="-3.569287"><ele>263.7</ele></trkpt>
    <trkpt lat="36.827932" lon="-3.569641"><ele>263.3</ele></trkpt>
    <trkpt lat="36.82794" lon="-3.569755"><ele>263.4</ele></trkpt>
    <trkpt lat="36.827977" lon="-3.569854"><ele>263.4</ele></trkpt>
    <trkpt lat="36.828285" lon="-3.57012"><ele>264.6</ele></trkpt>
    <trkpt lat="36.828508" lon="-3.570249"><ele>265.9</ele></trkpt>
    <trkpt lat="36.828654" lon="-3.570236"><ele>266.9</ele></trkpt>
    <trkpt lat="36.828721" lon="-3.570201"><ele>267.4</ele></trkpt>
    <trkpt lat="36.828795" lon="-3.570115"><ele>268</ele></trkpt>
    <trkpt lat="36.829205" lon="-3.569352"><ele>271.3</ele></trkpt>
    <trkpt lat="36.829324" lon="-3.569243"><ele>271.7</ele></trkpt>
    <trkpt lat="36.829456" lon="-3.569184"><ele>271.8</ele></trkpt>
    <trkpt lat="36.829686" lon="-3.569137"><ele>271.6</ele></trkpt>
    <trkpt lat="36.829777" lon="-3.569169"><ele>271.3</ele></trkpt>
    <trkpt lat="36.829916" lon="-3.56959"><ele>269.4</ele></trkpt>
    <trkpt lat="36.830402" lon="-3.570633"><ele>262.1</ele></trkpt>
    <trkpt lat="36.830643" lon="-3.571087"><ele>260.5</ele></trkpt>
    <trkpt lat="36.830771" lon="-3.571193"><ele>260.1</ele></trkpt>
    <trkpt lat="36.830942" lon="-3.571231"><ele>259.7</ele></trkpt>
    <trkpt lat="36.831261" lon="-3.571183"><ele>259.6</ele></trkpt>
    <trkpt lat="36.831629" lon="-3.571298"><ele>260.5</ele></trkpt>
    <trkpt lat="36.832001" lon="-3.571346"><ele>260.5</ele></trkpt>
    <trkpt lat="36.832173" lon="-3.571283"><ele>260.1</ele></trkpt>
    <trkpt lat="36.83229" lon="-3.571185"><ele>259.8</ele></trkpt>
    <trkpt lat="36.832423" lon="-3.570939"><ele>259</ele></trkpt>
    <trkpt lat="36.832515" lon="-3.57083"><ele>258.6</ele></trkpt>
    <trkpt lat="36.832623" lon="-3.570795"><ele>258.3</ele></trkpt>
    <trkpt lat="36.83274" lon="-3.570832"><ele>258</ele></trkpt>
    <trkpt lat="36.832807" lon="-3.570891"><ele>257.8</ele></trkpt>
    <trkpt lat="36.833007" lon="-3.571616"><ele>255.5</ele></trkpt>
    <trkpt lat="36.83316" lon="-3.571972"><ele>254.5</ele></trkpt>
    <trkpt lat="36.833249" lon="-3.572089"><ele>254.5</ele></trkpt>
    <trkpt lat="36.833395" lon="-3.572208"><ele>254.9</ele></trkpt>
    <trkpt lat="36.833582" lon="-3.572281"><ele>255.6</ele></trkpt>
    <trkpt lat="36.833718" lon="-3.572259"><ele>256.4</ele></trkpt>
    <trkpt lat="36.834052" lon="-3.572141"><ele>258.8</ele></trkpt>
    <trkpt lat="36.83456" lon="-3.572127"><ele>262.5</ele></trkpt>
    <trkpt lat="36.834672" lon="-3.572083"><ele>263.5</ele></trkpt>
    <trkpt lat="36.834911" lon="-3.572005"><ele>265.6</ele></trkpt>
    <trkpt lat="36.835028" lon="-3.572005"><ele>266.6</ele></trkpt>
    <trkpt lat="36.835338" lon="-3.57208"><ele>268.7</ele></trkpt>
    <trkpt lat="36.836139" lon="-3.572441"><ele>271.2</ele></trkpt>
    <trkpt lat="36.836202" lon="-3.57251"><ele>271.4</ele></trkpt>
    <trkpt lat="36.836229" lon="-3.572617"><ele>271.7</ele></trkpt>
    <trkpt lat="36.836227" lon="-3.572704"><ele>271.8</ele></trkpt>
    <trkpt lat="36.836121" lon="-3.573062"><ele>272.4</ele></trkpt>
    <trkpt lat="36.836126" lon="-3.573225"><ele>272.7</ele></trkpt>
    <trkpt lat="36.836216" lon="-3.573371"><ele>272.8</ele></trkpt>
    <trkpt lat="36.836357" lon="-3.573442"><ele>272.7</ele></trkpt>
    <trkpt lat="36.836605" lon="-3.57347"><ele>272.7</ele></trkpt>
    <trkpt lat="36.836815" lon="-3.573631"><ele>273.4</ele></trkpt>
    <trkpt lat="36.836903" lon="-3.573733"><ele>274.1</ele></trkpt>
    <trkpt lat="36.83694" lon="-3.573805"><ele>274.6</ele></trkpt>
    <trkpt lat="36.836942" lon="-3.57388"><ele>275</ele></trkpt>
    <trkpt lat="36.836881" lon="-3.574173"><ele>276.9</ele></trkpt>
    <trkpt lat="36.836884" lon="-3.574259"><ele>277.3</ele></trkpt>
    <trkpt lat="36.836934" lon="-3.574423"><ele>278.4</ele></trkpt>
    <trkpt lat="36.837014" lon="-3.574502"><ele>279.2</ele></trkpt>
    <trkpt lat="36.837168" lon="-3.574602"><ele>280.7</ele></trkpt>
    <trkpt lat="36.837301" lon="-3.57469"><ele>282.1</ele></trkpt>
    <trkpt lat="36.837528" lon="-3.57495"><ele>285.2</ele></trkpt>
    <trkpt lat="36.837742" lon="-3.575119"><ele>287.8</ele></trkpt>
    <trkpt lat="36.838142" lon="-3.57534"><ele>292.9</ele></trkpt>
    <trkpt lat="36.838229" lon="-3.575439"><ele>294</ele></trkpt>
    <trkpt lat="36.838373" lon="-3.575676"><ele>295.8</ele></trkpt>
    <trkpt lat="36.838527" lon="-3.575931"><ele>297.5</ele></trkpt>
    <trkpt lat="36.838641" lon="-3.576043"><ele>298.3</ele></trkpt>
    <trkpt lat="36.839043" lon="-3.576287"><ele>299.9</ele></trkpt>
    <trkpt lat="36.839354" lon="-3.576475"><ele>300.2</ele></trkpt>
    <trkpt lat="36.839441" lon="-3.576563"><ele>300.4</ele></trkpt>
    <trkpt lat="36.839525" lon="-3.5767"><ele>300.6</ele></trkpt>
    <trkpt lat="36.839638" lon="-3.577033"><ele>301.4</ele></trkpt>
    <trkpt lat="36.839659" lon="-3.577095"><ele>301.6</ele></trkpt>
    <trkpt lat="36.83973" lon="-3.577196"><ele>302</ele></trkpt>
    <trkpt lat="36.839881" lon="-3.577435"><ele>302.8</ele></trkpt>
    <trkpt lat="36.840032" lon="-3.577744"><ele>304.2</ele></trkpt>
    <trkpt lat="36.840174" lon="-3.578147"><ele>306.1</ele></trkpt>
    <trkpt lat="36.840224" lon="-3.578204"><ele>306.4</ele></trkpt>
    <trkpt lat="36.840343" lon="-3.578258"><ele>307.2</ele></trkpt>
    <trkpt lat="36.840818" lon="-3.578219"><ele>308.8</ele></trkpt>
    <trkpt lat="36.840949" lon="-3.578307"><ele>309.2</ele></trkpt>
    <trkpt lat="36.841196" lon="-3.578615"><ele>310.1</ele></trkpt>
    <trkpt lat="36.841245" lon="-3.578731"><ele>310.3</ele></trkpt>
    <trkpt lat="36.841248" lon="-3.578791"><ele>310.4</ele></trkpt>
    <trkpt lat="36.841113" lon="-3.579152"><ele>310.6</ele></trkpt>
    <trkpt lat="36.841091" lon="-3.579349"><ele>310.5</ele></trkpt>
    <trkpt lat="36.841216" lon="-3.579871"><ele>309.7</ele></trkpt>
    <trkpt lat="36.841228" lon="-3.580117"><ele>309.3</ele></trkpt>
    <trkpt lat="36.841147" lon="-3.580577"><ele>309.4</ele></trkpt>
    <trkpt lat="36.841126" lon="-3.580844"><ele>310.3</ele></trkpt>
    <trkpt lat="36.840865" lon="-3.581863"><ele>314.3</ele></trkpt>
    <trkpt lat="36.840888" lon="-3.581939"><ele>314.7</ele></trkpt>
    <trkpt lat="36.840936" lon="-3.581986"><ele>315.1</ele></trkpt>
    <trkpt lat="36.84099" lon="-3.581912"><ele>315.7</ele></trkpt>
    <trkpt lat="36.841492" lon="-3.580276"><ele>328.6</ele></trkpt>
    <trkpt lat="36.841562" lon="-3.580018"><ele>330.7</ele></trkpt>
    <trkpt lat="36.841663" lon="-3.579162"><ele>338.4</ele></trkpt>
    <trkpt lat="36.841713" lon="-3.578971"><ele>340.3</ele></trkpt>
    <trkpt lat="36.841815" lon="-3.578803"><ele>342.2</ele></trkpt>
    <trkpt lat="36.842236" lon="-3.578416"><ele>347.4</ele></trkpt>
    <trkpt lat="36.84229" lon="-3.578306"><ele>348.4</ele></trkpt>
    <trkpt lat="36.8423" lon="-3.578186"><ele>349.3</ele></trkpt>
    <trkpt lat="36.842269" lon="-3.578065"><ele>350.3</ele></trkpt>
    <trkpt lat="36.842183" lon="-3.577972"><ele>351.4</ele></trkpt>
    <trkpt lat="36.841891" lon="-3.577883"><ele>353.8</ele></trkpt>
    <trkpt lat="36.841664" lon="-3.577772"><ele>355.1</ele></trkpt>
    <trkpt lat="36.841586" lon="-3.577708"><ele>355.5</ele></trkpt>
    <trkpt lat="36.840926" lon="-3.576724"><ele>359.2</ele></trkpt>
    <trkpt lat="36.840876" lon="-3.576465"><ele>360.9</ele></trkpt>
    <trkpt lat="36.840965" lon="-3.575958"><ele>365.4</ele></trkpt>
    <trkpt lat="36.841105" lon="-3.575161"><ele>375.1</ele></trkpt>
    <trkpt lat="36.841287" lon="-3.574527"><ele>383.7</ele></trkpt>
    <trkpt lat="36.841299" lon="-3.574335"><ele>386.1</ele></trkpt>
    <trkpt lat="36.841223" lon="-3.573877"><ele>390.7</ele></trkpt>
    <trkpt lat="36.841149" lon="-3.5734"><ele>394.4</ele></trkpt>
    <trkpt lat="36.841094" lon="-3.573001"><ele>396.7</ele></trkpt>
    <trkpt lat="36.841027" lon="-3.572884"><ele>397.4</ele></trkpt>
    <trkpt lat="36.840952" lon="-3.572828"><ele>398</ele></trkpt>
    <trkpt lat="36.840676" lon="-3.572717"><ele>399.4</ele></trkpt>
    <trkpt lat="36.840434" lon="-3.572457"><ele>401.2</ele></trkpt>
    <trkpt lat="36.840359" lon="-3.572284"><ele>402.2</ele></trkpt>
    <trkpt lat="36.840266" lon="-3.571813"><ele>404.7</ele></trkpt>
    <trkpt lat="36.840023" lon="-3.570961"><ele>410.1</ele></trkpt>
    <trkpt lat="36.839982" lon="-3.57039"><ele>413.7</ele></trkpt>
    <trkpt lat="36.839844" lon="-3.569602"><ele>419.5</ele></trkpt>
    <trkpt lat="36.839943" lon="-3.568271"><ele>427.8</ele></trkpt>
    <trkpt lat="36.839889" lon="-3.568149"><ele>428.4</ele></trkpt>
    <trkpt lat="36.83961" lon="-3.56792"><ele>430.1</ele></trkpt>
    <trkpt lat="36.83953" lon="-3.567807"><ele>430.8</ele></trkpt>
    <trkpt lat="36.83947" lon="-3.567565"><ele>432</ele></trkpt>
    <trkpt lat="36.839467" lon="-3.567286"><ele>433.5</ele></trkpt>
    <trkpt lat="36.839553" lon="-3.566986"><ele>435.3</ele></trkpt>
    <trkpt lat="36.839956" lon="-3.565694"><ele>446.1</ele></trkpt>
    <trkpt lat="36.839952" lon="-3.565397"><ele>449.7</ele></trkpt>
    <trkpt lat="36.839735" lon="-3.564813"><ele>457.9</ele></trkpt>
    <trkpt lat="36.839683" lon="-3.564536"><ele>461.1</ele></trkpt>
    <trkpt lat="36.839737" lon="-3.564304"><ele>463.4</ele></trkpt>
    <trkpt lat="36.839797" lon="-3.564245"><ele>464.3</ele></trkpt>
    <trkpt lat="36.839868" lon="-3.564197"><ele>465.2</ele></trkpt>
    <trkpt lat="36.840063" lon="-3.564224"><ele>467.5</ele></trkpt>
    <trkpt lat="36.840485" lon="-3.564363"><ele>472.5</ele></trkpt>
    <trkpt lat="36.840526" lon="-3.564353"><ele>473</ele></trkpt>
    <trkpt lat="36.840674" lon="-3.564315"><ele>474.9</ele></trkpt>
    <trkpt lat="36.840763" lon="-3.564231"><ele>476.2</ele></trkpt>
    <trkpt lat="36.841138" lon="-3.56387"><ele>480.1</ele></trkpt>
    <trkpt lat="36.84133" lon="-3.563543"><ele>482.3</ele></trkpt>
    <trkpt lat="36.841503" lon="-3.563459"><ele>483.7</ele></trkpt>
    <trkpt lat="36.841819" lon="-3.563376"><ele>486.6</ele></trkpt>
    <trkpt lat="36.842297" lon="-3.563029"><ele>492.1</ele></trkpt>
    <trkpt lat="36.84241" lon="-3.56302"><ele>493.2</ele></trkpt>
    <trkpt lat="36.842864" lon="-3.56318"><ele>497.7</ele></trkpt>
    <trkpt lat="36.843062" lon="-3.563193"><ele>499.2</ele></trkpt>
    <trkpt lat="36.843454" lon="-3.563025"><ele>502.1</ele></trkpt>
    <trkpt lat="36.843752" lon="-3.563008"><ele>503.7</ele></trkpt>
    <trkpt lat="36.84405" lon="-3.563027"><ele>505.1</ele></trkpt>
    <trkpt lat="36.844368" lon="-3.562814"><ele>506.7</ele></trkpt>
    <trkpt lat="36.844509" lon="-3.562757"><ele>507.1</ele></trkpt>
    <trkpt lat="36.844951" lon="-3.562884"><ele>508</ele></trkpt>
    <trkpt lat="36.845034" lon="-3.562866"><ele>508.2</ele></trkpt>
    <trkpt lat="36.845109" lon="-3.562791"><ele>508.5</ele></trkpt>
    <trkpt lat="36.845238" lon="-3.562455"><ele>509.3</ele></trkpt>
    <trkpt lat="36.845325" lon="-3.562186"><ele>510</ele></trkpt>
    <trkpt lat="36.845437" lon="-3.561942"><ele>511</ele></trkpt>
    <trkpt lat="36.845736" lon="-3.561656"><ele>513.4</ele></trkpt>
    <trkpt lat="36.845979" lon="-3.561115"><ele>517.3</ele></trkpt>
    <trkpt lat="36.84616" lon="-3.5607"><ele>521.5</ele></trkpt>
    <trkpt lat="36.846347" lon="-3.560442"><ele>524.7</ele></trkpt>
    <trkpt lat="36.846572" lon="-3.560266"><ele>527.9</ele></trkpt>
    <trkpt lat="36.846675" lon="-3.560246"><ele>529.2</ele></trkpt>
    <trkpt lat="36.846783" lon="-3.560265"><ele>530.5</ele></trkpt>
    <trkpt lat="36.847141" lon="-3.560418"><ele>534.9</ele></trkpt>
    <trkpt lat="36.847237" lon="-3.560412"><ele>535.8</ele></trkpt>
    <trkpt lat="36.847301" lon="-3.560347"><ele>536.6</ele></trkpt>
    <trkpt lat="36.847358" lon="-3.560229"><ele>537.7</ele></trkpt>
    <trkpt lat="36.847473" lon="-3.559824"><ele>540.7</ele></trkpt>
    <trkpt lat="36.847542" lon="-3.559726"><ele>541.6</ele></trkpt>
    <trkpt lat="36.847632" lon="-3.559661"><ele>542.5</ele></trkpt>
    <trkpt lat="36.847773" lon="-3.559647"><ele>543.6</ele></trkpt>
    <trkpt lat="36.848366" lon="-3.559781"><ele>548.5</ele></trkpt>
    <trkpt lat="36.848549" lon="-3.559751"><ele>550</ele></trkpt>
    <trkpt lat="36.84934" lon="-3.559032"><ele>553.9</ele></trkpt>
    <trkpt lat="36.849424" lon="-3.558868"><ele>554.2</ele></trkpt>
    <trkpt lat="36.849437" lon="-3.558673"><ele>554.7</ele></trkpt>
    <trkpt lat="36.849351" lon="-3.558207"><ele>556.4</ele></trkpt>
    <trkpt lat="36.849347" lon="-3.558075"><ele>557</ele></trkpt>
    <trkpt lat="36.849377" lon="-3.55796"><ele>557.7</ele></trkpt>
    <trkpt lat="36.849432" lon="-3.557872"><ele>558.2</ele></trkpt>
    <trkpt lat="36.849505" lon="-3.55781"><ele>558.9</ele></trkpt>
    <trkpt lat="36.849663" lon="-3.55781"><ele>560.1</ele></trkpt>
    <trkpt lat="36.85026" lon="-3.558169"><ele>566.4</ele></trkpt>
    <trkpt lat="36.850568" lon="-3.558549"><ele>570.1</ele></trkpt>
    <trkpt lat="36.850628" lon="-3.558592"><ele>570.6</ele></trkpt>
    <trkpt lat="36.850731" lon="-3.558576"><ele>571.2</ele></trkpt>
    <trkpt lat="36.850813" lon="-3.558507"><ele>571.6</ele></trkpt>
    <trkpt lat="36.850845" lon="-3.558405"><ele>571.9</ele></trkpt>
    <trkpt lat="36.850825" lon="-3.558271"><ele>572.2</ele></trkpt>
    <trkpt lat="36.850594" lon="-3.557558"><ele>573.1</ele></trkpt>
    <trkpt lat="36.850589" lon="-3.557179"><ele>573.5</ele></trkpt>
    <trkpt lat="36.850634" lon="-3.556998"><ele>574</ele></trkpt>
    <trkpt lat="36.850719" lon="-3.556849"><ele>574.5</ele></trkpt>
    <trkpt lat="36.850935" lon="-3.556611"><ele>576.5</ele></trkpt>
    <trkpt lat="36.851349" lon="-3.55625"><ele>582.3</ele></trkpt>
    <trkpt lat="36.851507" lon="-3.556148"><ele>584.8</ele></trkpt>
    <trkpt lat="36.852125" lon="-3.555893"><ele>593.6</ele></trkpt>
    <trkpt lat="36.85225" lon="-3.555733"><ele>595.6</ele></trkpt>
    <trkpt lat="36.852297" lon="-3.555515"><ele>597.3</ele></trkpt>
    <trkpt lat="36.852229" lon="-3.555309"><ele>598.7</ele></trkpt>
    <trkpt lat="36.852159" lon="-3.555228"><ele>599.3</ele></trkpt>
    <trkpt lat="36.852081" lon="-3.555168"><ele>599.8</ele></trkpt>
    <trkpt lat="36.851511" lon="-3.554959"><ele>601.2</ele></trkpt>
    <trkpt lat="36.851092" lon="-3.554732"><ele>602.4</ele></trkpt>
    <trkpt lat="36.850989" lon="-3.554619"><ele>602.9</ele></trkpt>
    <trkpt lat="36.850938" lon="-3.554532"><ele>603.2</ele></trkpt>
    <trkpt lat="36.850924" lon="-3.554447"><ele>603.7</ele></trkpt>
    <trkpt lat="36.85092" lon="-3.55435"><ele>604</ele></trkpt>
    <trkpt lat="36.850961" lon="-3.554188"><ele>604.8</ele></trkpt>
    <trkpt lat="36.851421" lon="-3.553581"><ele>609.8</ele></trkpt>
    <trkpt lat="36.851492" lon="-3.553359"><ele>611.6</ele></trkpt>
    <trkpt lat="36.851521" lon="-3.552648"><ele>617</ele></trkpt>
    <trkpt lat="36.851463" lon="-3.552464"><ele>618</ele></trkpt>
    <trkpt lat="36.851308" lon="-3.552204"><ele>619.3</ele></trkpt>
    <trkpt lat="36.851125" lon="-3.551504"><ele>620.5</ele></trkpt>
    <trkpt lat="36.851045" lon="-3.551354"><ele>620.7</ele></trkpt>
    <trkpt lat="36.850631" lon="-3.550996"><ele>622.6</ele></trkpt>
    <trkpt lat="36.8505" lon="-3.5508"><ele>623.4</ele></trkpt>
    <trkpt lat="36.850459" lon="-3.550577"><ele>624.2</ele></trkpt>
    <trkpt lat="36.850485" lon="-3.55021"><ele>625.5</ele></trkpt>
    <trkpt lat="36.850517" lon="-3.550025"><ele>626.2</ele></trkpt>
    <trkpt lat="36.850578" lon="-3.549908"><ele>626.8</ele></trkpt>
    <trkpt lat="36.851259" lon="-3.548804"><ele>632.8</ele></trkpt>
    <trkpt lat="36.851615" lon="-3.548437"><ele>634.8</ele></trkpt>
    <trkpt lat="36.851741" lon="-3.548269"><ele>635.9</ele></trkpt>
    <trkpt lat="36.851867" lon="-3.547654"><ele>639.5</ele></trkpt>
    <trkpt lat="36.852005" lon="-3.547469"><ele>641.2</ele></trkpt>
    <trkpt lat="36.852096" lon="-3.547434"><ele>642.1</ele></trkpt>
    <trkpt lat="36.852538" lon="-3.547289"><ele>646.4</ele></trkpt>
    <trkpt lat="36.852697" lon="-3.54714"><ele>648.3</ele></trkpt>
    <trkpt lat="36.853297" lon="-3.546219"><ele>656.5</ele></trkpt>
    <trkpt lat="36.853537" lon="-3.545587"><ele>660.9</ele></trkpt>
    <trkpt lat="36.853685" lon="-3.545394"><ele>662.5</ele></trkpt>
    <trkpt lat="36.853885" lon="-3.54533"><ele>664</ele></trkpt>
    <trkpt lat="36.854199" lon="-3.545272"><ele>666</ele></trkpt>
    <trkpt lat="36.854733" lon="-3.545174"><ele>669.4</ele></trkpt>
    <trkpt lat="36.854877" lon="-3.545072"><ele>670.5</ele></trkpt>
    <trkpt lat="36.85523" lon="-3.544529"><ele>674</ele></trkpt>
    <trkpt lat="36.8555" lon="-3.544264"><ele>676.1</ele></trkpt>
    <trkpt lat="36.85595" lon="-3.544058"><ele>679</ele></trkpt>
    <trkpt lat="36.856978" lon="-3.543251"><ele>689.4</ele></trkpt>
    <trkpt lat="36.857096" lon="-3.543193"><ele>690.6</ele></trkpt>
    <trkpt lat="36.857409" lon="-3.543108"><ele>693.4</ele></trkpt>
    <trkpt lat="36.857927" lon="-3.543038"><ele>697.4</ele></trkpt>
    <trkpt lat="36.858108" lon="-3.542992"><ele>698.8</ele></trkpt>
    <trkpt lat="36.858527" lon="-3.542677"><ele>702.5</ele></trkpt>
    <trkpt lat="36.858775" lon="-3.542601"><ele>704.3</ele></trkpt>
    <trkpt lat="36.859745" lon="-3.542653"><ele>711.4</ele></trkpt>
    <trkpt lat="36.860239" lon="-3.542451"><ele>716.2</ele></trkpt>
    <trkpt lat="36.860689" lon="-3.542506"><ele>720.5</ele></trkpt>
    <trkpt lat="36.860807" lon="-3.542486"><ele>721.6</ele></trkpt>
    <trkpt lat="36.860984" lon="-3.542445"><ele>723.4</ele></trkpt>
    <trkpt lat="36.861149" lon="-3.542452"><ele>725</ele></trkpt>
    <trkpt lat="36.862012" lon="-3.542838"><ele>733.5</ele></trkpt>
    <trkpt lat="36.862117" lon="-3.54286"><ele>734.4</ele></trkpt>
    <trkpt lat="36.862207" lon="-3.542851"><ele>735.2</ele></trkpt>
    <trkpt lat="36.86291" lon="-3.542533"><ele>740.9</ele></trkpt>
    <trkpt lat="36.863889" lon="-3.54247"><ele>749.6</ele></trkpt>
    <trkpt lat="36.864053" lon="-3.542528"><ele>751.2</ele></trkpt>
    <trkpt lat="36.86453" lon="-3.543006"><ele>757</ele></trkpt>
    <trkpt lat="36.864665" lon="-3.543109"><ele>758.5</ele></trkpt>
    <trkpt lat="36.864811" lon="-3.543118"><ele>759.9</ele></trkpt>
    <trkpt lat="36.865096" lon="-3.54302"><ele>762.7</ele></trkpt>
    <trkpt lat="36.865329" lon="-3.543086"><ele>764.9</ele></trkpt>
    <trkpt lat="36.86608" lon="-3.54351"><ele>769.8</ele></trkpt>
    <trkpt lat="36.866474" lon="-3.543852"><ele>769.2</ele></trkpt>
    <trkpt lat="36.86656" lon="-3.543882"><ele>768.9</ele></trkpt>
    <trkpt lat="36.866767" lon="-3.543801"><ele>768.4</ele></trkpt>
    <trkpt lat="36.866871" lon="-3.543639"><ele>768.1</ele></trkpt>
    <trkpt lat="36.866882" lon="-3.543524"><ele>767.9</ele></trkpt>
    <trkpt lat="36.866823" lon="-3.543179"><ele>767.4</ele></trkpt>
    <trkpt lat="36.866825" lon="-3.543057"><ele>767.1</ele></trkpt>
    <trkpt lat="36.866867" lon="-3.542932"><ele>766.9</ele></trkpt>
    <trkpt lat="36.867202" lon="-3.542499"><ele>766.1</ele></trkpt>
    <trkpt lat="36.867332" lon="-3.542375"><ele>766.1</ele></trkpt>
    <trkpt lat="36.867464" lon="-3.542275"><ele>766.5</ele></trkpt>
    <trkpt lat="36.867996" lon="-3.542057"><ele>771.7</ele></trkpt>
    <trkpt lat="36.868228" lon="-3.542003"><ele>774.5</ele></trkpt>
    <trkpt lat="36.868468" lon="-3.542046"><ele>777.1</ele></trkpt>
    <trkpt lat="36.868674" lon="-3.542181"><ele>779.6</ele></trkpt>
    <trkpt lat="36.868913" lon="-3.54264"><ele>783.7</ele></trkpt>
    <trkpt lat="36.868974" lon="-3.542721"><ele>784.4</ele></trkpt>
    <trkpt lat="36.869069" lon="-3.542801"><ele>785.2</ele></trkpt>
    <trkpt lat="36.869211" lon="-3.54284"><ele>786.1</ele></trkpt>
    <trkpt lat="36.869326" lon="-3.542801"><ele>786.7</ele></trkpt>
    <trkpt lat="36.869417" lon="-3.542698"><ele>787.2</ele></trkpt>
    <trkpt lat="36.869491" lon="-3.54254"><ele>787.7</ele></trkpt>
    <trkpt lat="36.869879" lon="-3.541572"><ele>789.2</ele></trkpt>
    <trkpt lat="36.869932" lon="-3.541112"><ele>790.7</ele></trkpt>
    <trkpt lat="36.869955" lon="-3.541034"><ele>791.1</ele></trkpt>
    <trkpt lat="36.869974" lon="-3.540968"><ele>791.5</ele></trkpt>
    <trkpt lat="36.870061" lon="-3.540837"><ele>792.4</ele></trkpt>
    <trkpt lat="36.870444" lon="-3.540426"><ele>797.4</ele></trkpt>
    <trkpt lat="36.870557" lon="-3.540333"><ele>799</ele></trkpt>
    <trkpt lat="36.87065" lon="-3.540283"><ele>800.2</ele></trkpt>
    <trkpt lat="36.871132" lon="-3.540208"><ele>805.6</ele></trkpt>
    <trkpt lat="36.871203" lon="-3.540144"><ele>806.5</ele></trkpt>
    <trkpt lat="36.871269" lon="-3.540028"><ele>807.6</ele></trkpt>
    <trkpt lat="36.871317" lon="-3.539795"><ele>809.1</ele></trkpt>
    <trkpt lat="36.871382" lon="-3.539639"><ele>810.1</ele></trkpt>
    <trkpt lat="36.871512" lon="-3.539499"><ele>811.3</ele></trkpt>
    <trkpt lat="36.871828" lon="-3.53928"><ele>813.5</ele></trkpt>
    <trkpt lat="36.871879" lon="-3.539195"><ele>814</ele></trkpt>
    <trkpt lat="36.871927" lon="-3.538952"><ele>814.9</ele></trkpt>
    <trkpt lat="36.871945" lon="-3.538664"><ele>815.9</ele></trkpt>
    <trkpt lat="36.872005" lon="-3.53854"><ele>816.4</ele></trkpt>
    <trkpt lat="36.872128" lon="-3.538434"><ele>816.9</ele></trkpt>
    <trkpt lat="36.872232" lon="-3.538419"><ele>817.2</ele></trkpt>
    <trkpt lat="36.872682" lon="-3.538535"><ele>817.5</ele></trkpt>
    <trkpt lat="36.873044" lon="-3.538725"><ele>816.9</ele></trkpt>
    <trkpt lat="36.873146" lon="-3.538687"><ele>816.6</ele></trkpt>
    <trkpt lat="36.873209" lon="-3.538623"><ele>816.3</ele></trkpt>
    <trkpt lat="36.873237" lon="-3.538493"><ele>815.9</ele></trkpt>
    <trkpt lat="36.873217" lon="-3.538176"><ele>814.8</ele></trkpt>
    <trkpt lat="36.873236" lon="-3.538063"><ele>814.4</ele></trkpt>
    <trkpt lat="36.873425" lon="-3.537627"><ele>812.5</ele></trkpt>
    <trkpt lat="36.873556" lon="-3.537407"><ele>811.4</ele></trkpt>
    <trkpt lat="36.873673" lon="-3.537355"><ele>810.9</ele></trkpt>
    <trkpt lat="36.873937" lon="-3.537399"><ele>809.9</ele></trkpt>
    <trkpt lat="36.874134" lon="-3.537296"><ele>809.4</ele></trkpt>
    <trkpt lat="36.874415" lon="-3.537045"><ele>808.9</ele></trkpt>
    <trkpt lat="36.874474" lon="-3.53702"><ele>808.8</ele></trkpt>
    <trkpt lat="36.874786" lon="-3.537033"><ele>808.3</ele></trkpt>
    <trkpt lat="36.87502" lon="-3.536847"><ele>807.8</ele></trkpt>
    <trkpt lat="36.875228" lon="-3.536758"><ele>807.3</ele></trkpt>
    <trkpt lat="36.875371" lon="-3.536737"><ele>806.9</ele></trkpt>
    <trkpt lat="36.875952" lon="-3.536853"><ele>806.4</ele></trkpt>
    <trkpt lat="36.876077" lon="-3.536795"><ele>806.9</ele></trkpt>
    <trkpt lat="36.876298" lon="-3.536637"><ele>808.3</ele></trkpt>
    <trkpt lat="36.876368" lon="-3.536627"><ele>808.7</ele></trkpt>
    <trkpt lat="36.876689" lon="-3.536682"><ele>810.6</ele></trkpt>
    <trkpt lat="36.876922" lon="-3.536769"><ele>811.7</ele></trkpt>
    <trkpt lat="36.876991" lon="-3.536836"><ele>812</ele></trkpt>
    <trkpt lat="36.877094" lon="-3.537002"><ele>812.5</ele></trkpt>
    <trkpt lat="36.8773" lon="-3.537364"><ele>813.1</ele></trkpt>
    <trkpt lat="36.877353" lon="-3.53743"><ele>813.1</ele></trkpt>
    <trkpt lat="36.877412" lon="-3.537457"><ele>813.1</ele></trkpt>
    <trkpt lat="36.877545" lon="-3.537437"><ele>813</ele></trkpt>
    <trkpt lat="36.877763" lon="-3.537325"><ele>812.6</ele></trkpt>
    <trkpt lat="36.878011" lon="-3.53725"><ele>811.3</ele></trkpt>
    <trkpt lat="36.878286" lon="-3.537318"><ele>809.1</ele></trkpt>
    <trkpt lat="36.878549" lon="-3.537449"><ele>806.6</ele></trkpt>
    <trkpt lat="36.878626" lon="-3.537514"><ele>805.8</ele></trkpt>
    <trkpt lat="36.878975" lon="-3.538051"><ele>802.5</ele></trkpt>
    <trkpt lat="36.879044" lon="-3.538104"><ele>802.2</ele></trkpt>
    <trkpt lat="36.879306" lon="-3.538196"><ele>801.7</ele></trkpt>
    <trkpt lat="36.879393" lon="-3.538306"><ele>801.6</ele></trkpt>
    <trkpt lat="36.879509" lon="-3.539054"><ele>800.4</ele></trkpt>
    <trkpt lat="36.879616" lon="-3.539409"><ele>799.2</ele></trkpt>
    <trkpt lat="36.879638" lon="-3.539463"><ele>799</ele></trkpt>
    <trkpt lat="36.879796" lon="-3.539741"><ele>797.9</ele></trkpt>
    <trkpt lat="36.879861" lon="-3.539784"><ele>797.7</ele></trkpt>
    <trkpt lat="36.880177" lon="-3.539806"><ele>796.7</ele></trkpt>
    <trkpt lat="36.880284" lon="-3.539846"><ele>796.4</ele></trkpt>
    <trkpt lat="36.880759" lon="-3.540116"><ele>793.2</ele></trkpt>
    <trkpt lat="36.881009" lon="-3.540082"><ele>790.8</ele></trkpt>
    <trkpt lat="36.881131" lon="-3.540171"><ele>789.5</ele></trkpt>
    <trkpt lat="36.881243" lon="-3.540386"><ele>787.6</ele></trkpt>
    <trkpt lat="36.8813" lon="-3.540446"><ele>787</ele></trkpt>
    <trkpt lat="36.881488" lon="-3.540483"><ele>785.2</ele></trkpt>
    <trkpt lat="36.881576" lon="-3.540473"><ele>784.5</ele></trkpt>
    <trkpt lat="36.881661" lon="-3.54037"><ele>783.5</ele></trkpt>
    <trkpt lat="36.881842" lon="-3.539696"><ele>779.3</ele></trkpt>
    <trkpt lat="36.881878" lon="-3.539622"><ele>778.8</ele></trkpt>
    <trkpt lat="36.882017" lon="-3.53955"><ele>777.8</ele></trkpt>
    <trkpt lat="36.882594" lon="-3.539484"><ele>775.6</ele></trkpt>
    <trkpt lat="36.882685" lon="-3.539493"><ele>775.5</ele></trkpt>
    <trkpt lat="36.882799" lon="-3.539578"><ele>775.3</ele></trkpt>
    <trkpt lat="36.882946" lon="-3.539852"><ele>775.4</ele></trkpt>
    <trkpt lat="36.883052" lon="-3.539942"><ele>775.4</ele></trkpt>
    <trkpt lat="36.883364" lon="-3.53988"><ele>774.8</ele></trkpt>
    <trkpt lat="36.88349" lon="-3.539882"><ele>774.2</ele></trkpt>
    <trkpt lat="36.883861" lon="-3.539998"><ele>771.8</ele></trkpt>
    <trkpt lat="36.884011" lon="-3.539996"><ele>770.6</ele></trkpt>
    <trkpt lat="36.884108" lon="-3.539955"><ele>769.9</ele></trkpt>
    <trkpt lat="36.884614" lon="-3.539601"><ele>766.2</ele></trkpt>
    <trkpt lat="36.884762" lon="-3.539599"><ele>765.4</ele></trkpt>
    <trkpt lat="36.884971" lon="-3.539717"><ele>764.4</ele></trkpt>
    <trkpt lat="36.885093" lon="-3.539853"><ele>763.8</ele></trkpt>
    <trkpt lat="36.885187" lon="-3.540021"><ele>763.9</ele></trkpt>
    <trkpt lat="36.885229" lon="-3.54043"><ele>765.6</ele></trkpt>
    <trkpt lat="36.885225" lon="-3.540986"><ele>767.4</ele></trkpt>
    <trkpt lat="36.885188" lon="-3.541105"><ele>767.5</ele></trkpt>
    <trkpt lat="36.884989" lon="-3.541501"><ele>767</ele></trkpt>
    <trkpt lat="36.884983" lon="-3.541673"><ele>766.3</ele></trkpt>
    <trkpt lat="36.88501" lon="-3.541755"><ele>765.8</ele></trkpt>
    <trkpt lat="36.885061" lon="-3.541817"><ele>765.3</ele></trkpt>
    <trkpt lat="36.885171" lon="-3.5419"><ele>764.1</ele></trkpt>
    <trkpt lat="36.885267" lon="-3.541927"><ele>763.2</ele></trkpt>
    <trkpt lat="36.885412" lon="-3.541911"><ele>761.7</ele></trkpt>
    <trkpt lat="36.886308" lon="-3.54153"><ele>750.2</ele></trkpt>
    <trkpt lat="36.886459" lon="-3.5415"><ele>748.8</ele></trkpt>
    <trkpt lat="36.886513" lon="-3.541509"><ele>748.5</ele></trkpt>
    <trkpt lat="36.88663" lon="-3.541591"><ele>747.5</ele></trkpt>
    <trkpt lat="36.886898" lon="-3.541825"><ele>744.7</ele></trkpt>
    <trkpt lat="36.886966" lon="-3.541896"><ele>743.9</ele></trkpt>
    <trkpt lat="36.887061" lon="-3.542094"><ele>742.1</ele></trkpt>
    <trkpt lat="36.887118" lon="-3.542165"><ele>741.4</ele></trkpt>
    <trkpt lat="36.887285" lon="-3.542266"><ele>739.9</ele></trkpt>
    <trkpt lat="36.887448" lon="-3.542293"><ele>738.7</ele></trkpt>
    <trkpt lat="36.887767" lon="-3.542128"><ele>735.4</ele></trkpt>
    <trkpt lat="36.887946" lon="-3.541981"><ele>733</ele></trkpt>
    <trkpt lat="36.887991" lon="-3.541911"><ele>732.2</ele></trkpt>
    <trkpt lat="36.888045" lon="-3.541652"><ele>729.5</ele></trkpt>
    <trkpt lat="36.888134" lon="-3.54148"><ele>727.3</ele></trkpt>
    <trkpt lat="36.88869" lon="-3.540871"><ele>721</ele></trkpt>
    <trkpt lat="36.888852" lon="-3.540732"><ele>720.9</ele></trkpt>
    <trkpt lat="36.889062" lon="-3.540614"><ele>721.2</ele></trkpt>
    <trkpt lat="36.889215" lon="-3.540579"><ele>721.5</ele></trkpt>
    <trkpt lat="36.889271" lon="-3.540594"><ele>721.7</ele></trkpt>
    <trkpt lat="36.889366" lon="-3.540726"><ele>722.1</ele></trkpt>
    <trkpt lat="36.889376" lon="-3.540897"><ele>722.5</ele></trkpt>
    <trkpt lat="36.88929" lon="-3.541322"><ele>723.6</ele></trkpt>
    <trkpt lat="36.889125" lon="-3.542101"><ele>724.7</ele></trkpt>
    <trkpt lat="36.889114" lon="-3.542331"><ele>724.6</ele></trkpt>
    <trkpt lat="36.889181" lon="-3.542597"><ele>724.1</ele></trkpt>
    <trkpt lat="36.889341" lon="-3.542821"><ele>723</ele></trkpt>
    <trkpt lat="36.889412" lon="-3.543001"><ele>722.2</ele></trkpt>
    <trkpt lat="36.889411" lon="-3.543315"><ele>720.4</ele></trkpt>
    <trkpt lat="36.889268" lon="-3.543709"><ele>717.3</ele></trkpt>
    <trkpt lat="36.889301" lon="-3.543887"><ele>715.8</ele></trkpt>
    <trkpt lat="36.88937" lon="-3.544014"><ele>714.6</ele></trkpt>
    <trkpt lat="36.889483" lon="-3.544051"><ele>713.3</ele></trkpt>
    <trkpt lat="36.889652" lon="-3.544019"><ele>711.5</ele></trkpt>
    <trkpt lat="36.889744" lon="-3.543978"><ele>710.4</ele></trkpt>
    <trkpt lat="36.890065" lon="-3.543722"><ele>706.1</ele></trkpt>
    <trkpt lat="36.890314" lon="-3.543477"><ele>703</ele></trkpt>
    <trkpt lat="36.890563" lon="-3.543048"><ele>699.8</ele></trkpt>
    <trkpt lat="36.89073" lon="-3.542864"><ele>698.5</ele></trkpt>
    <trkpt lat="36.890845" lon="-3.54285"><ele>698</ele></trkpt>
    <trkpt lat="36.890979" lon="-3.542899"><ele>697.5</ele></trkpt>
    <trkpt lat="36.891086" lon="-3.543013"><ele>697.1</ele></trkpt>
    <trkpt lat="36.891132" lon="-3.543204"><ele>696.8</ele></trkpt>
    <trkpt lat="36.891216" lon="-3.543765"><ele>696.6</ele></trkpt>
    <trkpt lat="36.891208" lon="-3.544686"><ele>695.4</ele></trkpt>
    <trkpt lat="36.891179" lon="-3.544882"><ele>694.5</ele></trkpt>
    <trkpt lat="36.891095" lon="-3.545112"><ele>693</ele></trkpt>
    <trkpt lat="36.891097" lon="-3.545211"><ele>692.3</ele></trkpt>
    <trkpt lat="36.891197" lon="-3.545455"><ele>690.3</ele></trkpt>
    <trkpt lat="36.891237" lon="-3.545484"><ele>689.8</ele></trkpt>
    <trkpt lat="36.891348" lon="-3.545478"><ele>688.7</ele></trkpt>
    <trkpt lat="36.891773" lon="-3.545156"><ele>683.6</ele></trkpt>
    <trkpt lat="36.892001" lon="-3.544647"><ele>678.8</ele></trkpt>
    <trkpt lat="36.892114" lon="-3.544458"><ele>677.2</ele></trkpt>
    <trkpt lat="36.89225" lon="-3.544325"><ele>676</ele></trkpt>
    <trkpt lat="36.892734" lon="-3.544123"><ele>673.6</ele></trkpt>
    <trkpt lat="36.892814" lon="-3.544119"><ele>673.4</ele></trkpt>
    <trkpt lat="36.893024" lon="-3.544197"><ele>672.9</ele></trkpt>
    <trkpt lat="36.893205" lon="-3.544319"><ele>672.7</ele></trkpt>
    <trkpt lat="36.893285" lon="-3.544484"><ele>672.5</ele></trkpt>
    <trkpt lat="36.893315" lon="-3.544606"><ele>672.4</ele></trkpt>
    <trkpt lat="36.893348" lon="-3.54499"><ele>672.4</ele></trkpt>
    <trkpt lat="36.893334" lon="-3.545164"><ele>672.4</ele></trkpt>
    <trkpt lat="36.893265" lon="-3.545297"><ele>672.4</ele></trkpt>
    <trkpt lat="36.893066" lon="-3.54549"><ele>672.2</ele></trkpt>
    <trkpt lat="36.893011" lon="-3.545622"><ele>672</ele></trkpt>
    <trkpt lat="36.893038" lon="-3.54603"><ele>671.5</ele></trkpt>
    <trkpt lat="36.893015" lon="-3.546188"><ele>671.4</ele></trkpt>
    <trkpt lat="36.892904" lon="-3.546336"><ele>671.2</ele></trkpt>
    <trkpt lat="36.892593" lon="-3.546494"><ele>670.9</ele></trkpt>
    <trkpt lat="36.892505" lon="-3.54662"><ele>670.8</ele></trkpt>
    <trkpt lat="36.892492" lon="-3.546684"><ele>670.8</ele></trkpt>
    <trkpt lat="36.892511" lon="-3.54686"><ele>670.7</ele></trkpt>
    <trkpt lat="36.892638" lon="-3.547047"><ele>670.6</ele></trkpt>
    <trkpt lat="36.892677" lon="-3.54716"><ele>670.5</ele></trkpt>
    <trkpt lat="36.892676" lon="-3.547238"><ele>670.3</ele></trkpt>
    <trkpt lat="36.892647" lon="-3.547318"><ele>670.2</ele></trkpt>
    <trkpt lat="36.892428" lon="-3.547649"><ele>668.8</ele></trkpt>
    <trkpt lat="36.892393" lon="-3.547788"><ele>668.2</ele></trkpt>
    <trkpt lat="36.892396" lon="-3.547873"><ele>667.9</ele></trkpt>
    <trkpt lat="36.892417" lon="-3.547951"><ele>667.5</ele></trkpt>
    <trkpt lat="36.89251" lon="-3.54808"><ele>666.6</ele></trkpt>
    <trkpt lat="36.892575" lon="-3.548102"><ele>666.1</ele></trkpt>
    <trkpt lat="36.892699" lon="-3.548076"><ele>665.1</ele></trkpt>
    <trkpt lat="36.893257" lon="-3.54775"><ele>659.8</ele></trkpt>
    <trkpt lat="36.893461" lon="-3.54755"><ele>657.5</ele></trkpt>
    <trkpt lat="36.893605" lon="-3.547485"><ele>656.1</ele></trkpt>
    <trkpt lat="36.893724" lon="-3.547519"><ele>655.1</ele></trkpt>
    <trkpt lat="36.893875" lon="-3.547725"><ele>653.5</ele></trkpt>
    <trkpt lat="36.894117" lon="-3.548205"><ele>651.4</ele></trkpt>
    <trkpt lat="36.894188" lon="-3.548446"><ele>650.9</ele></trkpt>
    <trkpt lat="36.894194" lon="-3.54857"><ele>650.7</ele></trkpt>
    <trkpt lat="36.894157" lon="-3.549086"><ele>649.9</ele></trkpt>
    <trkpt lat="36.894123" lon="-3.549272"><ele>649.3</ele></trkpt>
    <trkpt lat="36.893902" lon="-3.549806"><ele>646.2</ele></trkpt>
    <trkpt lat="36.893754" lon="-3.550003"><ele>644.3</ele></trkpt>
    <trkpt lat="36.893662" lon="-3.550164"><ele>642.8</ele></trkpt>
    <trkpt lat="36.893657" lon="-3.550264"><ele>642</ele></trkpt>
    <trkpt lat="36.893678" lon="-3.550765"><ele>637.9</ele></trkpt>
    <trkpt lat="36.893716" lon="-3.551096"><ele>635.2</ele></trkpt>
    <trkpt lat="36.893699" lon="-3.551262"><ele>633.9</ele></trkpt>
    <trkpt lat="36.893545" lon="-3.5515"><ele>632.1</ele></trkpt>
    <trkpt lat="36.893419" lon="-3.551846"><ele>630.5</ele></trkpt>
    <trkpt lat="36.893096" lon="-3.552394"><ele>629</ele></trkpt>
    <trkpt lat="36.892892" lon="-3.552584"><ele>629.3</ele></trkpt>
    <trkpt lat="36.892767" lon="-3.552606"><ele>629.7</ele></trkpt>
    <trkpt lat="36.892731" lon="-3.552631"><ele>629.8</ele></trkpt>
    <trkpt lat="36.89268" lon="-3.552681"><ele>630</ele></trkpt>
    <trkpt lat="36.892645" lon="-3.552763"><ele>630.4</ele></trkpt>
    <trkpt lat="36.892632" lon="-3.552889"><ele>630.9</ele></trkpt>
    <trkpt lat="36.892743" lon="-3.553132"><ele>632.2</ele></trkpt>
    <trkpt lat="36.892763" lon="-3.553234"><ele>632.7</ele></trkpt>
    <trkpt lat="36.892876" lon="-3.554595"><ele>630.6</ele></trkpt>
    <trkpt lat="36.892922" lon="-3.554758"><ele>630.1</ele></trkpt>
    <trkpt lat="36.892956" lon="-3.554789"><ele>629.7</ele></trkpt>
    <trkpt lat="36.893249" lon="-3.554917"><ele>627.8</ele></trkpt>
    <trkpt lat="36.893374" lon="-3.554907"><ele>627</ele></trkpt>
    <trkpt lat="36.893425" lon="-3.554865"><ele>626.5</ele></trkpt>
    <trkpt lat="36.893525" lon="-3.554676"><ele>624.9</ele></trkpt>
    <trkpt lat="36.893546" lon="-3.554545"><ele>623.9</ele></trkpt>
    <trkpt lat="36.893456" lon="-3.554222"><ele>621.2</ele></trkpt>
    <trkpt lat="36.893462" lon="-3.553846"><ele>619.7</ele></trkpt>
    <trkpt lat="36.893518" lon="-3.553648"><ele>620</ele></trkpt>
    <trkpt lat="36.893625" lon="-3.553421"><ele>620.8</ele></trkpt>
    <trkpt lat="36.89377" lon="-3.553187"><ele>622.2</ele></trkpt>
    <trkpt lat="36.893905" lon="-3.553105"><ele>623.4</ele></trkpt>
    <trkpt lat="36.893992" lon="-3.553097"><ele>624.2</ele></trkpt>
    <trkpt lat="36.89453" lon="-3.553135"><ele>629.1</ele></trkpt>
    <trkpt lat="36.894746" lon="-3.553172"><ele>630.7</ele></trkpt>
    <trkpt lat="36.894992" lon="-3.553336"><ele>632.8</ele></trkpt>
    <trkpt lat="36.895049" lon="-3.553348"><ele>633.2</ele></trkpt>
    <trkpt lat="36.895215" lon="-3.5533"><ele>634.3</ele></trkpt>
    <trkpt lat="36.895265" lon="-3.553243"><ele>634.7</ele></trkpt>
    <trkpt lat="36.895446" lon="-3.552997"><ele>636.3</ele></trkpt>
    <trkpt lat="36.895508" lon="-3.552821"><ele>637.2</ele></trkpt>
    <trkpt lat="36.895568" lon="-3.55235"><ele>639.2</ele></trkpt>
    <trkpt lat="36.895691" lon="-3.552229"><ele>639.9</ele></trkpt>
    <trkpt lat="36.895817" lon="-3.552235"><ele>640.4</ele></trkpt>
    <trkpt lat="36.896602" lon="-3.552804"><ele>647.7</ele></trkpt>
    <trkpt lat="36.896742" lon="-3.552867"><ele>649.2</ele></trkpt>
    <trkpt lat="36.897461" lon="-3.552929"><ele>655.9</ele></trkpt>
    <trkpt lat="36.898084" lon="-3.552554"><ele>661.4</ele></trkpt>
    <trkpt lat="36.898316" lon="-3.552465"><ele>663</ele></trkpt>
    <trkpt lat="36.898921" lon="-3.552339"><ele>666.9</ele></trkpt>
    <trkpt lat="36.899203" lon="-3.552156"><ele>668.6</ele></trkpt>
    <trkpt lat="36.899451" lon="-3.551995"><ele>669.9</ele></trkpt>
    <trkpt lat="36.899555" lon="-3.551865"><ele>670.5</ele></trkpt>
    <trkpt lat="36.899591" lon="-3.551732"><ele>670.8</ele></trkpt>
    <trkpt lat="36.899554" lon="-3.551242"><ele>671.9</ele></trkpt>
    <trkpt lat="36.899584" lon="-3.55103"><ele>672.4</ele></trkpt>
    <trkpt lat="36.899721" lon="-3.550759"><ele>673.2</ele></trkpt>
    <trkpt lat="36.900028" lon="-3.550346"><ele>674.5</ele></trkpt>
    <trkpt lat="36.900242" lon="-3.55012"><ele>675.6</ele></trkpt>
    <trkpt lat="36.900617" lon="-3.549855"><ele>678.2</ele></trkpt>
    <trkpt lat="36.901058" lon="-3.549782"><ele>682.1</ele></trkpt>
    <trkpt lat="36.901378" lon="-3.549763"><ele>685.7</ele></trkpt>
    <trkpt lat="36.902211" lon="-3.550366"><ele>697.3</ele></trkpt>
    <trkpt lat="36.902409" lon="-3.550403"><ele>699.9</ele></trkpt>
    <trkpt lat="36.902542" lon="-3.550378"><ele>701.5</ele></trkpt>
    <trkpt lat="36.902707" lon="-3.550308"><ele>703.6</ele></trkpt>
    <trkpt lat="36.902788" lon="-3.550314"><ele>704.5</ele></trkpt>
    <trkpt lat="36.903094" lon="-3.550443"><ele>708.1</ele></trkpt>
    <trkpt lat="36.903779" lon="-3.550744"><ele>715</ele></trkpt>
    <trkpt lat="36.904083" lon="-3.551053"><ele>718.5</ele></trkpt>
    <trkpt lat="36.904202" lon="-3.551102"><ele>719.4</ele></trkpt>
    <trkpt lat="36.904265" lon="-3.551089"><ele>719.8</ele></trkpt>
    <trkpt lat="36.904392" lon="-3.550995"><ele>720.6</ele></trkpt>
    <trkpt lat="36.904688" lon="-3.55061"><ele>721.8</ele></trkpt>
    <trkpt lat="36.904826" lon="-3.550556"><ele>722.1</ele></trkpt>
    <trkpt lat="36.90511" lon="-3.550516"><ele>722.5</ele></trkpt>
    <trkpt lat="36.905212" lon="-3.550522"><ele>722.5</ele></trkpt>
    <trkpt lat="36.905575" lon="-3.550689"><ele>721.9</ele></trkpt>
    <trkpt lat="36.905659" lon="-3.550757"><ele>721.4</ele></trkpt>
    <trkpt lat="36.905844" lon="-3.550995"><ele>719.7</ele></trkpt>
    <trkpt lat="36.906165" lon="-3.551126"><ele>717.9</ele></trkpt>
    <trkpt lat="36.906312" lon="-3.551106"><ele>717.5</ele></trkpt>
    <trkpt lat="36.906605" lon="-3.55088"><ele>717</ele></trkpt>
    <trkpt lat="36.906755" lon="-3.550768"><ele>717</ele></trkpt>
    <trkpt lat="36.906823" lon="-3.550756"><ele>717.1</ele></trkpt>
    <trkpt lat="36.906885" lon="-3.550765"><ele>717</ele></trkpt>
    <trkpt lat="36.906989" lon="-3.550839"><ele>716.8</ele></trkpt>
    <trkpt lat="36.907358" lon="-3.551211"><ele>715.1</ele></trkpt>
    <trkpt lat="36.907459" lon="-3.551583"><ele>714.8</ele></trkpt>
    <trkpt lat="36.907551" lon="-3.551725"><ele>714.9</ele></trkpt>
    <trkpt lat="36.907651" lon="-3.551793"><ele>715</ele></trkpt>
    <trkpt lat="36.907922" lon="-3.551869"><ele>715</ele></trkpt>
    <trkpt lat="36.908153" lon="-3.551822"><ele>714.8</ele></trkpt>
    <trkpt lat="36.908291" lon="-3.551845"><ele>714.6</ele></trkpt>
    <trkpt lat="36.908523" lon="-3.552073"><ele>713.7</ele></trkpt>
    <trkpt lat="36.908669" lon="-3.552279"><ele>713.1</ele></trkpt>
    <trkpt lat="36.908714" lon="-3.552445"><ele>712.9</ele></trkpt>
    <trkpt lat="36.908773" lon="-3.552859"><ele>712.8</ele></trkpt>
    <trkpt lat="36.908757" lon="-3.553358"><ele>713.1</ele></trkpt>
    <trkpt lat="36.908819" lon="-3.55369"><ele>713.2</ele></trkpt>
    <trkpt lat="36.908831" lon="-3.553886"><ele>713.2</ele></trkpt>
    <trkpt lat="36.908776" lon="-3.554051"><ele>713.2</ele></trkpt>
    <trkpt lat="36.908612" lon="-3.554357"><ele>712.9</ele></trkpt>
    <trkpt lat="36.908593" lon="-3.55445"><ele>712.9</ele></trkpt>
    <trkpt lat="36.908574" lon="-3.554634"><ele>712.8</ele></trkpt>
    <trkpt lat="36.908679" lon="-3.555574"><ele>712.7</ele></trkpt>
    <trkpt lat="36.908789" lon="-3.556618"><ele>712.8</ele></trkpt>
    <trkpt lat="36.908894" lon="-3.557622"><ele>713.2</ele></trkpt>
    <trkpt lat="36.909041" lon="-3.558109"><ele>712.9</ele></trkpt>
    <trkpt lat="36.9092" lon="-3.558497"><ele>712.3</ele></trkpt>
    <trkpt lat="36.909333" lon="-3.558651"><ele>711.9</ele></trkpt>
    <trkpt lat="36.909404" lon="-3.558678"><ele>711.7</ele></trkpt>
    <trkpt lat="36.910418" lon="-3.55841"><ele>709.6</ele></trkpt>
    <trkpt lat="36.910512" lon="-3.558436"><ele>709.4</ele></trkpt>
    <trkpt lat="36.91067" lon="-3.558623"><ele>709.1</ele></trkpt>
    <trkpt lat="36.91068" lon="-3.558697"><ele>709</ele></trkpt>
    <trkpt lat="36.910694" lon="-3.558885"><ele>708.8</ele></trkpt>
    <trkpt lat="36.910725" lon="-3.558961"><ele>708.7</ele></trkpt>
    <trkpt lat="36.910783" lon="-3.559019"><ele>708.7</ele></trkpt>
    <trkpt lat="36.911181" lon="-3.559149"><ele>708.6</ele></trkpt>
    <trkpt lat="36.911245" lon="-3.55918"><ele>708.6</ele></trkpt>
    <trkpt lat="36.911328" lon="-3.559231"><ele>708.6</ele></trkpt>
    <trkpt lat="36.911466" lon="-3.559373"><ele>708.5</ele></trkpt>
    <trkpt lat="36.911597" lon="-3.559544"><ele>708.1</ele></trkpt>
    <trkpt lat="36.911926" lon="-3.560069"><ele>706.5</ele></trkpt>
    <trkpt lat="36.912543" lon="-3.56071"><ele>703.4</ele></trkpt>
    <trkpt lat="36.91288" lon="-3.561015"><ele>701.7</ele></trkpt>
    <trkpt lat="36.913177" lon="-3.561186"><ele>700.5</ele></trkpt>
    <trkpt lat="36.913258" lon="-3.561303"><ele>700</ele></trkpt>
    <trkpt lat="36.913346" lon="-3.561549"><ele>699.5</ele></trkpt>
    <trkpt lat="36.913539" lon="-3.561763"><ele>698.9</ele></trkpt>
    <trkpt lat="36.914114" lon="-3.562102"><ele>697.9</ele></trkpt>
    <trkpt lat="36.914296" lon="-3.56233"><ele>697.2</ele></trkpt>
    <trkpt lat="36.91453" lon="-3.56279"><ele>695.5</ele></trkpt>
    <trkpt lat="36.914665" lon="-3.562863"><ele>694.8</ele></trkpt>
    <trkpt lat="36.915001" lon="-3.562862"><ele>693.4</ele></trkpt>
    <trkpt lat="36.915123" lon="-3.562894"><ele>692.9</ele></trkpt>
    <trkpt lat="36.915396" lon="-3.563052"><ele>691.4</ele></trkpt>
    <trkpt lat="36.915555" lon="-3.563195"><ele>690.4</ele></trkpt>
    <trkpt lat="36.915849" lon="-3.56368"><ele>688.1</ele></trkpt>
    <trkpt lat="36.91597" lon="-3.563804"><ele>687.5</ele></trkpt>
    <trkpt lat="36.916359" lon="-3.564084"><ele>686.1</ele></trkpt>
    <trkpt lat="36.916783" lon="-3.56448"><ele>684.8</ele></trkpt>
    <trkpt lat="36.917237" lon="-3.565138"><ele>685.4</ele></trkpt>
    <trkpt lat="36.917359" lon="-3.5654"><ele>685</ele></trkpt>
    <trkpt lat="36.917354" lon="-3.565532"><ele>684.5</ele></trkpt>
    <trkpt lat="36.917282" lon="-3.565733"><ele>683.7</ele></trkpt>
    <trkpt lat="36.917194" lon="-3.565981"><ele>682.6</ele></trkpt>
    <trkpt lat="36.917178" lon="-3.566118"><ele>682</ele></trkpt>
    <trkpt lat="36.917221" lon="-3.566339"><ele>681.2</ele></trkpt>
    <trkpt lat="36.917318" lon="-3.566461"><ele>680.7</ele></trkpt>
    <trkpt lat="36.917525" lon="-3.566469"><ele>679.9</ele></trkpt>
    <trkpt lat="36.917834" lon="-3.566432"><ele>678.7</ele></trkpt>
    <trkpt lat="36.917925" lon="-3.566493"><ele>678.2</ele></trkpt>
    <trkpt lat="36.918215" lon="-3.566997"><ele>675.3</ele></trkpt>
    <trkpt lat="36.918307" lon="-3.567408"><ele>674.8</ele></trkpt>
    <trkpt lat="36.918374" lon="-3.567877"><ele>675.1</ele></trkpt>
    <trkpt lat="36.918312" lon="-3.568099"><ele>675</ele></trkpt>
    <trkpt lat="36.91817" lon="-3.568399"><ele>674.2</ele></trkpt>
    <trkpt lat="36.917989" lon="-3.568674"><ele>673</ele></trkpt>
    <trkpt lat="36.917964" lon="-3.568817"><ele>672.4</ele></trkpt>
    <trkpt lat="36.917984" lon="-3.569148"><ele>671.2</ele></trkpt>
    <trkpt lat="36.917942" lon="-3.56966"><ele>669.2</ele></trkpt>
    <trkpt lat="36.917946" lon="-3.5698"><ele>668.6</ele></trkpt>
    <trkpt lat="36.918262" lon="-3.571429"><ele>662.6</ele></trkpt>
    <trkpt lat="36.918276" lon="-3.572071"><ele>659.3</ele></trkpt>
    <trkpt lat="36.918303" lon="-3.572291"><ele>657.9</ele></trkpt>
    <trkpt lat="36.918405" lon="-3.5724"><ele>656.9</ele></trkpt>
    <trkpt lat="36.918597" lon="-3.572537"><ele>655.1</ele></trkpt>
    <trkpt lat="36.918658" lon="-3.572548"><ele>654.6</ele></trkpt>
    <trkpt lat="36.91877" lon="-3.572506"><ele>653.7</ele></trkpt>
    <trkpt lat="36.918899" lon="-3.572331"><ele>652.3</ele></trkpt>
    <trkpt lat="36.919145" lon="-3.572188"><ele>650.4</ele></trkpt>
    <trkpt lat="36.919327" lon="-3.572146"><ele>649.2</ele></trkpt>
    <trkpt lat="36.919447" lon="-3.572191"><ele>648.5</ele></trkpt>
    <trkpt lat="36.919498" lon="-3.572246"><ele>648.1</ele></trkpt>
    <trkpt lat="36.92005" lon="-3.573128"><ele>645.7</ele></trkpt>
    <trkpt lat="36.92011" lon="-3.573275"><ele>645.2</ele></trkpt>
    <trkpt lat="36.920119" lon="-3.573365"><ele>644.9</ele></trkpt>
    <trkpt lat="36.920097" lon="-3.57345"><ele>644.6</ele></trkpt>
    <trkpt lat="36.919895" lon="-3.573773"><ele>642.9</ele></trkpt>
    <trkpt lat="36.919869" lon="-3.57393"><ele>642.2</ele></trkpt>
    <trkpt lat="36.919882" lon="-3.573974"><ele>641.9</ele></trkpt>
    <trkpt lat="36.919928" lon="-3.574061"><ele>641.4</ele></trkpt>
    <trkpt lat="36.920028" lon="-3.574107"><ele>640.7</ele></trkpt>
    <trkpt lat="36.92034" lon="-3.574049"><ele>638.4</ele></trkpt>
    <trkpt lat="36.920406" lon="-3.574072"><ele>637.9</ele></trkpt>
    <trkpt lat="36.920501" lon="-3.574209"><ele>636.8</ele></trkpt>
    <trkpt lat="36.920648" lon="-3.574527"><ele>634.3</ele></trkpt>
    <trkpt lat="36.920801" lon="-3.574777"><ele>632</ele></trkpt>
    <trkpt lat="36.920898" lon="-3.575446"><ele>627.7</ele></trkpt>
    <trkpt lat="36.920933" lon="-3.575532"><ele>627.1</ele></trkpt>
    <trkpt lat="36.921172" lon="-3.575852"><ele>624.7</ele></trkpt>
    <trkpt lat="36.921202" lon="-3.575938"><ele>624.3</ele></trkpt>
    <trkpt lat="36.92122" lon="-3.576519"><ele>621.4</ele></trkpt>
    <trkpt lat="36.921202" lon="-3.576643"><ele>620.8</ele></trkpt>
    <trkpt lat="36.921155" lon="-3.576742"><ele>620.2</ele></trkpt>
    <trkpt lat="36.921096" lon="-3.576805"><ele>619.8</ele></trkpt>
    <trkpt lat="36.920732" lon="-3.577082"><ele>617.4</ele></trkpt>
    <trkpt lat="36.920388" lon="-3.577218"><ele>614.5</ele></trkpt>
    <trkpt lat="36.920327" lon="-3.577268"><ele>613.9</ele></trkpt>
    <trkpt lat="36.920295" lon="-3.577346"><ele>613.4</ele></trkpt>
    <trkpt lat="36.920293" lon="-3.577405"><ele>613</ele></trkpt>
    <trkpt lat="36.920347" lon="-3.577674"><ele>611.3</ele></trkpt>
    <trkpt lat="36.920461" lon="-3.577779"><ele>610.2</ele></trkpt>
    <trkpt lat="36.920694" lon="-3.577808"><ele>608.2</ele></trkpt>
    <trkpt lat="36.921338" lon="-3.577891"><ele>602.7</ele></trkpt>
    <trkpt lat="36.92161" lon="-3.578024"><ele>599.7</ele></trkpt>
    <trkpt lat="36.922221" lon="-3.578258"><ele>594.4</ele></trkpt>
    <trkpt lat="36.922372" lon="-3.578255"><ele>593.4</ele></trkpt>
    <trkpt lat="36.922812" lon="-3.578122"><ele>590.5</ele></trkpt>
    <trkpt lat="36.922871" lon="-3.57813"><ele>590</ele></trkpt>
    <trkpt lat="36.92318" lon="-3.578304"><ele>587.9</ele></trkpt>
    <trkpt lat="36.923243" lon="-3.578311"><ele>587.5</ele></trkpt>
    <trkpt lat="36.923791" lon="-3.578187"><ele>584.3</ele></trkpt>
    <trkpt lat="36.924212" lon="-3.578217"><ele>582</ele></trkpt>
    <trkpt lat="36.924353" lon="-3.578166"><ele>581</ele></trkpt>
    <trkpt lat="36.92485" lon="-3.57763"><ele>575.8</ele></trkpt>
    <trkpt lat="36.925205" lon="-3.57736"><ele>572.4</ele></trkpt>
    <trkpt lat="36.925388" lon="-3.577293"><ele>570.9</ele></trkpt>
    <trkpt lat="36.925685" lon="-3.577196"><ele>568.8</ele></trkpt>
    <trkpt lat="36.92619" lon="-3.577176"><ele>566</ele></trkpt>
    <trkpt lat="36.926401" lon="-3.577198"><ele>565.1</ele></trkpt>
    <trkpt lat="36.926496" lon="-3.577288"><ele>564.7</ele></trkpt>
    <trkpt lat="36.926536" lon="-3.577372"><ele>564.4</ele></trkpt>
    <trkpt lat="36.926547" lon="-3.577472"><ele>564.1</ele></trkpt>
    <trkpt lat="36.926525" lon="-3.57791"><ele>563.3</ele></trkpt>
    <trkpt lat="36.926669" lon="-3.578195"><ele>562.8</ele></trkpt>
    <trkpt lat="36.926722" lon="-3.578433"><ele>562.3</ele></trkpt>
    <trkpt lat="36.926709" lon="-3.578637"><ele>561.9</ele></trkpt>
    <trkpt lat="36.926512" lon="-3.579026"><ele>560.6</ele></trkpt>
    <trkpt lat="36.926514" lon="-3.579225"><ele>559.9</ele></trkpt>
    <trkpt lat="36.926769" lon="-3.579926"><ele>556</ele></trkpt>
    <trkpt lat="36.926928" lon="-3.58002"><ele>554.7</ele></trkpt>
    <trkpt lat="36.927677" lon="-3.580387"><ele>548.9</ele></trkpt>
    <trkpt lat="36.927771" lon="-3.580496"><ele>548</ele></trkpt>
    <trkpt lat="36.928082" lon="-3.581069"><ele>545</ele></trkpt>
    <trkpt lat="36.928609" lon="-3.582027"><ele>542</ele></trkpt>
    <trkpt lat="36.928678" lon="-3.582118"><ele>541.8</ele></trkpt>
    <trkpt lat="36.928858" lon="-3.58223"><ele>541.5</ele></trkpt>
    <trkpt lat="36.928927" lon="-3.582311"><ele>541.3</ele></trkpt>
    <trkpt lat="36.929181" lon="-3.582938"><ele>539.4</ele></trkpt>
    <trkpt lat="36.929279" lon="-3.583169"><ele>538.4</ele></trkpt>
    <trkpt lat="36.929353" lon="-3.583259"><ele>538</ele></trkpt>
    <trkpt lat="36.929462" lon="-3.583278"><ele>537.5</ele></trkpt>
    <trkpt lat="36.929673" lon="-3.583273"><ele>536.7</ele></trkpt>
    <trkpt lat="36.92975" lon="-3.583298"><ele>536.4</ele></trkpt>
    <trkpt lat="36.930006" lon="-3.583446"><ele>535.3</ele></trkpt>
    <trkpt lat="36.930139" lon="-3.583483"><ele>534.8</ele></trkpt>
    <trkpt lat="36.930231" lon="-3.583441"><ele>534.4</ele></trkpt>
    <trkpt lat="36.930361" lon="-3.583292"><ele>533.7</ele></trkpt>
    <trkpt lat="36.930419" lon="-3.583094"><ele>533</ele></trkpt>
    <trkpt lat="36.930449" lon="-3.58287"><ele>532.4</ele></trkpt>
    <trkpt lat="36.930437" lon="-3.582701"><ele>531.8</ele></trkpt>
    <trkpt lat="36.930211" lon="-3.581897"><ele>528.2</ele></trkpt>
    <trkpt lat="36.930206" lon="-3.581681"><ele>527.2</ele></trkpt>
    <trkpt lat="36.930245" lon="-3.581545"><ele>526.4</ele></trkpt>
    <trkpt lat="36.930276" lon="-3.581524"><ele>526.1</ele></trkpt>
    <trkpt lat="36.930357" lon="-3.581509"><ele>525.5</ele></trkpt>
    <trkpt lat="36.930421" lon="-3.581537"><ele>525.1</ele></trkpt>
    <trkpt lat="36.93048" lon="-3.58161"><ele>524.4</ele></trkpt>
    <trkpt lat="36.930513" lon="-3.58172"><ele>523.6</ele></trkpt>
    <trkpt lat="36.930513" lon="-3.582072"><ele>521.1</ele></trkpt>
    <trkpt lat="36.930539" lon="-3.582189"><ele>520.2</ele></trkpt>
    <trkpt lat="36.930586" lon="-3.582262"><ele>519.5</ele></trkpt>
    <trkpt lat="36.930649" lon="-3.582292"><ele>518.8</ele></trkpt>
    <trkpt lat="36.930762" lon="-3.582245"><ele>517.7</ele></trkpt>
    <trkpt lat="36.930823" lon="-3.582114"><ele>516.5</ele></trkpt>
    <trkpt lat="36.930889" lon="-3.581786"><ele>514.1</ele></trkpt>
    <trkpt lat="36.9309" lon="-3.581615"><ele>512.9</ele></trkpt>
    <trkpt lat="36.930835" lon="-3.581013"><ele>508.3</ele></trkpt>
    <trkpt lat="36.930829" lon="-3.580788"><ele>506.6</ele></trkpt>
    <trkpt lat="36.93083" lon="-3.580515"><ele>504.9</ele></trkpt>
    <trkpt lat="36.930851" lon="-3.580381"><ele>504.1</ele></trkpt>
    <trkpt lat="36.930968" lon="-3.580209"><ele>503.2</ele></trkpt>
    <trkpt lat="36.931048" lon="-3.580167"><ele>502.8</ele></trkpt>
    <trkpt lat="36.93151" lon="-3.579995"><ele>501.8</ele></trkpt>
    <trkpt lat="36.931683" lon="-3.579929"><ele>501.8</ele></trkpt>
    <trkpt lat="36.931805" lon="-3.579849"><ele>501.9</ele></trkpt>
    <trkpt lat="36.932296" lon="-3.579299"><ele>504.6</ele></trkpt>
    <trkpt lat="36.933625" lon="-3.577733"><ele>515</ele></trkpt>
    <trkpt lat="36.933723" lon="-3.577587"><ele>515.6</ele></trkpt>
    <trkpt lat="36.933858" lon="-3.57723"><ele>516.8</ele></trkpt>
    <trkpt lat="36.934012" lon="-3.576795"><ele>518.3</ele></trkpt>
    <trkpt lat="36.93418" lon="-3.576296"><ele>519.9</ele></trkpt>
    <trkpt lat="36.934216" lon="-3.576072"><ele>520.4</ele></trkpt>
    <trkpt lat="36.934222" lon="-3.575831"><ele>520.9</ele></trkpt>
    <trkpt lat="36.934195" lon="-3.57561"><ele>521.2</ele></trkpt>
    <trkpt lat="36.934134" lon="-3.575406"><ele>521.3</ele></trkpt>
    <trkpt lat="36.933643" lon="-3.575101"><ele>522</ele></trkpt>
    <trkpt lat="36.93316" lon="-3.574696"><ele>524.4</ele></trkpt>
    <trkpt lat="36.933092" lon="-3.574537"><ele>525.2</ele></trkpt>
    <trkpt lat="36.933105" lon="-3.574339"><ele>526.4</ele></trkpt>
    <trkpt lat="36.933182" lon="-3.574185"><ele>527.5</ele></trkpt>
    <trkpt lat="36.933316" lon="-3.574009"><ele>529.2</ele></trkpt>
    <trkpt lat="36.933493" lon="-3.573866"><ele>531.2</ele></trkpt>
    <trkpt lat="36.933783" lon="-3.573771"><ele>534.4</ele></trkpt>
    <trkpt lat="36.93387" lon="-3.573694"><ele>535.6</ele></trkpt>
    <trkpt lat="36.934007" lon="-3.573466"><ele>538</ele></trkpt>
    <trkpt lat="36.934084" lon="-3.573272"><ele>539.8</ele></trkpt>
    <trkpt lat="36.934113" lon="-3.573091"><ele>541.2</ele></trkpt>
    <trkpt lat="36.934104" lon="-3.572943"><ele>542.2</ele></trkpt>
    <trkpt lat="36.934048" lon="-3.572783"><ele>543.2</ele></trkpt>
    <trkpt lat="36.933885" lon="-3.572447"><ele>544.9</ele></trkpt>
    <trkpt lat="36.933808" lon="-3.572119"><ele>546.1</ele></trkpt>
    <trkpt lat="36.933834" lon="-3.571345"><ele>548.5</ele></trkpt>
    <trkpt lat="36.93385" lon="-3.570657"><ele>551.2</ele></trkpt>
    <trkpt lat="36.933895" lon="-3.570522"><ele>551.8</ele></trkpt>
    <trkpt lat="36.933984" lon="-3.570415"><ele>552.4</ele></trkpt>
    <trkpt lat="36.934315" lon="-3.570332"><ele>554.3</ele></trkpt>
    <trkpt lat="36.934613" lon="-3.57026"><ele>556.1</ele></trkpt>
    <trkpt lat="36.934777" lon="-3.570144"><ele>557.2</ele></trkpt>
    <trkpt lat="36.935535" lon="-3.569467"><ele>563.1</ele></trkpt>
    <trkpt lat="36.935656" lon="-3.569346"><ele>564</ele></trkpt>
    <trkpt lat="36.935892" lon="-3.569122"><ele>565.6</ele></trkpt>
    <trkpt lat="36.936012" lon="-3.568965"><ele>566.6</ele></trkpt>
    <trkpt lat="36.936247" lon="-3.568643"><ele>568.5</ele></trkpt>
    <trkpt lat="36.936478" lon="-3.568307"><ele>570.6</ele></trkpt>
    <trkpt lat="36.936984" lon="-3.567362"><ele>575.4</ele></trkpt>
    <trkpt lat="36.93709" lon="-3.567207"><ele>576.3</ele></trkpt>
    <trkpt lat="36.937473" lon="-3.566781"><ele>578.9</ele></trkpt>
    <trkpt lat="36.93755" lon="-3.566484"><ele>580.1</ele></trkpt>
    <trkpt lat="36.937551" lon="-3.565946"><ele>582.2</ele></trkpt>
    <trkpt lat="36.937585" lon="-3.565769"><ele>582.9</ele></trkpt>
    <trkpt lat="36.937925" lon="-3.564821"><ele>587.5</ele></trkpt>
    <trkpt lat="36.938012" lon="-3.564645"><ele>588.6</ele></trkpt>
    <trkpt lat="36.938226" lon="-3.564319"><ele>590.7</ele></trkpt>
    <trkpt lat="36.938285" lon="-3.564217"><ele>591.4</ele></trkpt>
    <trkpt lat="36.93831" lon="-3.564081"><ele>592.1</ele></trkpt>
    <trkpt lat="36.938169" lon="-3.563746"><ele>594.1</ele></trkpt>
    <trkpt lat="36.938067" lon="-3.563684"><ele>594.8</ele></trkpt>
    <trkpt lat="36.937675" lon="-3.56362"><ele>597.2</ele></trkpt>
    <trkpt lat="36.937014" lon="-3.563604"><ele>600.6</ele></trkpt>
    <trkpt lat="36.936581" lon="-3.563733"><ele>603</ele></trkpt>
    <trkpt lat="36.936415" lon="-3.563739"><ele>603.9</ele></trkpt>
    <trkpt lat="36.936173" lon="-3.563685"><ele>605.2</ele></trkpt>
    <trkpt lat="36.936161" lon="-3.563682"><ele>605.2</ele></trkpt>
    <trkpt lat="36.935573" lon="-3.563488"><ele>608.2</ele></trkpt>
    <trkpt lat="36.935375" lon="-3.563479"><ele>609.1</ele></trkpt>
    <trkpt lat="36.935085" lon="-3.563539"><ele>610.2</ele></trkpt>
    <trkpt lat="36.934211" lon="-3.563981"><ele>611</ele></trkpt>
    <trkpt lat="36.934076" lon="-3.564024"><ele>611.1</ele></trkpt>
    <trkpt lat="36.933979" lon="-3.564008"><ele>611.3</ele></trkpt>
    <trkpt lat="36.933895" lon="-3.563937"><ele>611.5</ele></trkpt>
    <trkpt lat="36.933837" lon="-3.563801"><ele>611.9</ele></trkpt>
    <trkpt lat="36.933856" lon="-3.563689"><ele>612.2</ele></trkpt>
    <trkpt lat="36.933921" lon="-3.563564"><ele>612.6</ele></trkpt>
    <trkpt lat="36.934056" lon="-3.563468"><ele>613.3</ele></trkpt>
    <trkpt lat="36.934224" lon="-3.563381"><ele>614.3</ele></trkpt>
    <trkpt lat="36.934773" lon="-3.563198"><ele>617.4</ele></trkpt>
    <trkpt lat="36.934854" lon="-3.563156"><ele>618</ele></trkpt>
    <trkpt lat="36.935054" lon="-3.563016"><ele>619.9</ele></trkpt>
    <trkpt lat="36.935152" lon="-3.562881"><ele>621.1</ele></trkpt>
    <trkpt lat="36.935189" lon="-3.562788"><ele>621.7</ele></trkpt>
    <trkpt lat="36.93521" lon="-3.562643"><ele>622.6</ele></trkpt>
    <trkpt lat="36.93517" lon="-3.562513"><ele>623.4</ele></trkpt>
    <trkpt lat="36.935079" lon="-3.562366"><ele>624.3</ele></trkpt>
    <trkpt lat="36.93507" lon="-3.562248"><ele>624.9</ele></trkpt>
    <trkpt lat="36.935093" lon="-3.562134"><ele>625.4</ele></trkpt>
    <trkpt lat="36.935157" lon="-3.562047"><ele>625.9</ele></trkpt>
    <trkpt lat="36.935258" lon="-3.561981"><ele>626.4</ele></trkpt>
    <trkpt lat="36.937249" lon="-3.561617"><ele>635.5</ele></trkpt>
    <trkpt lat="36.937387" lon="-3.561551"><ele>636.1</ele></trkpt>
    <trkpt lat="36.937507" lon="-3.561439"><ele>636.7</ele></trkpt>
    <trkpt lat="36.937713" lon="-3.561127"><ele>637.9</ele></trkpt>
    <trkpt lat="36.937842" lon="-3.560997"><ele>638.5</ele></trkpt>
    <trkpt lat="36.93886" lon="-3.560061"><ele>644</ele></trkpt>
    <trkpt lat="36.939505" lon="-3.559533"><ele>648.6</ele></trkpt>
    <trkpt lat="36.939579" lon="-3.559439"><ele>649.3</ele></trkpt>
    <trkpt lat="36.939751" lon="-3.559024"><ele>652.2</ele></trkpt>
    <trkpt lat="36.940214" lon="-3.558389"><ele>659.9</ele></trkpt>
    <trkpt lat="36.940381" lon="-3.558082"><ele>663.5</ele></trkpt>
    <trkpt lat="36.940485" lon="-3.557987"><ele>665</ele></trkpt>
    <trkpt lat="36.940751" lon="-3.557835"><ele>668.4</ele></trkpt>
    <trkpt lat="36.940869" lon="-3.557727"><ele>670</ele></trkpt>
    <trkpt lat="36.941009" lon="-3.557401"><ele>673.2</ele></trkpt>
    <trkpt lat="36.941082" lon="-3.557115"><ele>675.6</ele></trkpt>
    <trkpt lat="36.941086" lon="-3.55697"><ele>676.6</ele></trkpt>
    <trkpt lat="36.941057" lon="-3.556844"><ele>677.5</ele></trkpt>
    <trkpt lat="36.940912" lon="-3.556562"><ele>678.9</ele></trkpt>
    <trkpt lat="36.940749" lon="-3.555836"><ele>680.1</ele></trkpt>
    <trkpt lat="36.940696" lon="-3.555567"><ele>680.4</ele></trkpt>
    <trkpt lat="36.940714" lon="-3.555418"><ele>680.5</ele></trkpt>
    <trkpt lat="36.940805" lon="-3.555294"><ele>680.7</ele></trkpt>
    <trkpt lat="36.940927" lon="-3.555208"><ele>680.7</ele></trkpt>
    <trkpt lat="36.941048" lon="-3.555194"><ele>680.8</ele></trkpt>
    <trkpt lat="36.941564" lon="-3.555259"><ele>680.5</ele></trkpt>
    <trkpt lat="36.94227" lon="-3.555239"><ele>679.6</ele></trkpt>
    <trkpt lat="36.942454" lon="-3.555196"><ele>679.4</ele></trkpt>
    <trkpt lat="36.942715" lon="-3.554999"><ele>679.1</ele></trkpt>
    <trkpt lat="36.943179" lon="-3.55459"><ele>679.3</ele></trkpt>
    <trkpt lat="36.943777" lon="-3.554245"><ele>680.6</ele></trkpt>
    <trkpt lat="36.944046" lon="-3.55414"><ele>681.3</ele></trkpt>
    <trkpt lat="36.944701" lon="-3.554067"><ele>683.1</ele></trkpt>
    <trkpt lat="36.945309" lon="-3.554135"><ele>684.9</ele></trkpt>
    <trkpt lat="36.945435" lon="-3.554112"><ele>685.3</ele></trkpt>
    <trkpt lat="36.94563" lon="-3.554019"><ele>686</ele></trkpt>
    <trkpt lat="36.946546" lon="-3.553466"><ele>690.4</ele></trkpt>
    <trkpt lat="36.947565" lon="-3.552866"><ele>696</ele></trkpt>
    <trkpt lat="36.947646" lon="-3.552815"><ele>696.5</ele></trkpt>
    <trkpt lat="36.94783" lon="-3.552706"><ele>697.6</ele></trkpt>
    <trkpt lat="36.948206" lon="-3.552479"><ele>699.6</ele></trkpt>
    <trkpt lat="36.948289" lon="-3.55237"><ele>700.1</ele></trkpt>
    <trkpt lat="36.94832" lon="-3.552284"><ele>700.5</ele></trkpt>
    <trkpt lat="36.948444" lon="-3.551942"><ele>702</ele></trkpt>
    <trkpt lat="36.948495" lon="-3.551801"><ele>702.5</ele></trkpt>
    <trkpt lat="36.948566" lon="-3.551503"><ele>703.6</ele></trkpt>
    <trkpt lat="36.94865" lon="-3.551582"><ele>704</ele></trkpt>
    <trkpt lat="36.94871" lon="-3.55162"><ele>704.2</ele></trkpt>
    <trkpt lat="36.948876" lon="-3.551742"><ele>705</ele></trkpt>
    <trkpt lat="36.948919" lon="-3.551763"><ele>705.2</ele></trkpt>
    <trkpt lat="36.949118" lon="-3.551847"><ele>705.8</ele></trkpt>
    <trkpt lat="36.949292" lon="-3.551874"><ele>706.5</ele></trkpt>
    <trkpt lat="36.949545" lon="-3.551836"><ele>707.7</ele></trkpt>
    <trkpt lat="36.949754" lon="-3.551734"><ele>708.9</ele></trkpt>
    <trkpt lat="36.950089" lon="-3.551508"><ele>711</ele></trkpt>
    <trkpt lat="36.95013" lon="-3.551485"><ele>711.2</ele></trkpt>
    <trkpt lat="36.950226" lon="-3.551416"><ele>711.8</ele></trkpt>
    <trkpt lat="36.950599" lon="-3.551143"><ele>714</ele></trkpt>
    <trkpt lat="36.95145" lon="-3.550538"><ele>720.5</ele></trkpt>
    <trkpt lat="36.951806" lon="-3.550289"><ele>722.8</ele></trkpt>
    <trkpt lat="36.952154" lon="-3.550034"><ele>725.2</ele></trkpt>
    <trkpt lat="36.952284" lon="-3.54994"><ele>726.2</ele></trkpt>
    <trkpt lat="36.952346" lon="-3.549894"><ele>726.7</ele></trkpt>
    <trkpt lat="36.952556" lon="-3.549734"><ele>728.5</ele></trkpt>
    <trkpt lat="36.953048" lon="-3.54935"><ele>732.4</ele></trkpt>
    <trkpt lat="36.953048" lon="-3.54935"><ele>732.5</ele></trkpt>
    <trkpt lat="36.953048" lon="-3.54935"><ele>732.5</ele></trkpt>
    <trkpt lat="36.953418" lon="-3.549077"><ele>735.3</ele></trkpt>
    <trkpt lat="36.953418" lon="-3.549077"><ele>735.3</ele></trkpt>
    <trkpt lat="36.953781" lon="-3.548861"><ele>737.9</ele></trkpt>
    <trkpt lat="36.954706" lon="-3.54837"><ele>744</ele></trkpt>
    <trkpt lat="36.955756" lon="-3.547766"><ele>750.9</ele></trkpt>
    <trkpt lat="36.95676" lon="-3.54692"><ele>756.8</ele></trkpt>
    <trkpt lat="36.957007" lon="-3.546766"><ele>757.3</ele></trkpt>
    <trkpt lat="36.957873" lon="-3.546469"><ele>761</ele></trkpt>
    <trkpt lat="36.958097" lon="-3.546332"><ele>761.9</ele></trkpt>
    <trkpt lat="36.958216" lon="-3.546183"><ele>762.5</ele></trkpt>
    <trkpt lat="36.958293" lon="-3.546033"><ele>763.2</ele></trkpt>
    <trkpt lat="36.958399" lon="-3.545761"><ele>764.4</ele></trkpt>
    <trkpt lat="36.958556" lon="-3.545318"><ele>766.7</ele></trkpt>
    <trkpt lat="36.958633" lon="-3.545191"><ele>767.3</ele></trkpt>
    <trkpt lat="36.958705" lon="-3.545126"><ele>767.7</ele></trkpt>
    <trkpt lat="36.959288" lon="-3.544894"><ele>767.7</ele></trkpt>
    <trkpt lat="36.959533" lon="-3.544893"><ele>767.7</ele></trkpt>
    <trkpt lat="36.959971" lon="-3.544992"><ele>768.3</ele></trkpt>
    <trkpt lat="36.960471" lon="-3.545069"><ele>769.1</ele></trkpt>
    <trkpt lat="36.960842" lon="-3.545066"><ele>770.3</ele></trkpt>
    <trkpt lat="36.961766" lon="-3.545034"><ele>776.2</ele></trkpt>
    <trkpt lat="36.961996" lon="-3.545003"><ele>777.6</ele></trkpt>
    <trkpt lat="36.962396" lon="-3.544906"><ele>780</ele></trkpt>
    <trkpt lat="36.963481" lon="-3.544566"><ele>788.1</ele></trkpt>
    <trkpt lat="36.963761" lon="-3.544447"><ele>790.1</ele></trkpt>
    <trkpt lat="36.96416" lon="-3.544234"><ele>793.1</ele></trkpt>
    <trkpt lat="36.964858" lon="-3.543744"><ele>799.8</ele></trkpt>
    <trkpt lat="36.965222" lon="-3.543558"><ele>803</ele></trkpt>
    <trkpt lat="36.965401" lon="-3.543469"><ele>804.6</ele></trkpt>
    <trkpt lat="36.965905" lon="-3.543148"><ele>808.2</ele></trkpt>
    <trkpt lat="36.966341" lon="-3.542782"><ele>808.4</ele></trkpt>
    <trkpt lat="36.966411" lon="-3.542747"><ele>808.2</ele></trkpt>
    <trkpt lat="36.966481" lon="-3.542738"><ele>808.1</ele></trkpt>
    <trkpt lat="36.966603" lon="-3.542799"><ele>807.8</ele></trkpt>
    <trkpt lat="36.966771" lon="-3.543051"><ele>807.2</ele></trkpt>
    <trkpt lat="36.967119" lon="-3.543679"><ele>806.9</ele></trkpt>
    <trkpt lat="36.967313" lon="-3.544026"><ele>806.3</ele></trkpt>
    <trkpt lat="36.96734" lon="-3.54414"><ele>806.4</ele></trkpt>
    <trkpt lat="36.967352" lon="-3.544266"><ele>806.6</ele></trkpt>
    <trkpt lat="36.967335" lon="-3.544413"><ele>806.9</ele></trkpt>
    <trkpt lat="36.967295" lon="-3.54455"><ele>807.2</ele></trkpt>
    <trkpt lat="36.967223" lon="-3.544666"><ele>807.7</ele></trkpt>
    <trkpt lat="36.967128" lon="-3.544752"><ele>808.1</ele></trkpt>
    <trkpt lat="36.965965" lon="-3.545511"><ele>809.4</ele></trkpt>
    <trkpt lat="36.964464" lon="-3.546771"><ele>810.6</ele></trkpt>
    <trkpt lat="36.964065" lon="-3.547027"><ele>814.2</ele></trkpt>
    <trkpt lat="36.963894" lon="-3.547169"><ele>816.5</ele></trkpt>
    <trkpt lat="36.963777" lon="-3.547387"><ele>819</ele></trkpt>
    <trkpt lat="36.96373" lon="-3.547578"><ele>821.1</ele></trkpt>
    <trkpt lat="36.963731" lon="-3.547699"><ele>822.4</ele></trkpt>
    <trkpt lat="36.963762" lon="-3.547835"><ele>823.9</ele></trkpt>
    <trkpt lat="36.963995" lon="-3.54841"><ele>830.7</ele></trkpt>
    <trkpt lat="36.964172" lon="-3.548924"><ele>835.4</ele></trkpt>
    <trkpt lat="36.964261" lon="-3.549352"><ele>838.2</ele></trkpt>
    <trkpt lat="36.96431" lon="-3.549965"><ele>841</ele></trkpt>
    <trkpt lat="36.964359" lon="-3.550151"><ele>841.7</ele></trkpt>
    <trkpt lat="36.964502" lon="-3.550304"><ele>842.5</ele></trkpt>
    <trkpt lat="36.965121" lon="-3.550777"><ele>844.8</ele></trkpt>
    <trkpt lat="36.967503" lon="-3.552553"><ele>847.9</ele></trkpt>
    <trkpt lat="36.967859" lon="-3.552823"><ele>847.7</ele></trkpt>
    <trkpt lat="36.967925" lon="-3.552873"><ele>847.7</ele></trkpt>
    <trkpt lat="36.968311" lon="-3.553164"><ele>847.1</ele></trkpt>
    <trkpt lat="36.968808" lon="-3.553538"><ele>846</ele></trkpt>
    <trkpt lat="36.970834" lon="-3.555064"><ele>838.2</ele></trkpt>
    <trkpt lat="36.971622" lon="-3.55565"><ele>835.4</ele></trkpt>
    <trkpt lat="36.973607" lon="-3.557139"><ele>830.4</ele></trkpt>
    <trkpt lat="36.97386" lon="-3.557329"><ele>829.7</ele></trkpt>
    <trkpt lat="36.974065" lon="-3.557486"><ele>829.1</ele></trkpt>
    <trkpt lat="36.974186" lon="-3.557569"><ele>828.8</ele></trkpt>
    <trkpt lat="36.974186" lon="-3.557569"><ele>828.7</ele></trkpt>
    <trkpt lat="36.974186" lon="-3.557569"><ele>828.7</ele></trkpt>
    <trkpt lat="36.974177" lon="-3.557642"><ele>828.6</ele></trkpt>
    <trkpt lat="36.974177" lon="-3.557642"><ele>828.6</ele></trkpt>
    <trkpt lat="36.974208" lon="-3.55772"><ele>828.5</ele></trkpt>
    <trkpt lat="36.974054" lon="-3.558112"><ele>827.7</ele></trkpt>
    <trkpt lat="36.974009" lon="-3.558379"><ele>827.3</ele></trkpt>
    <trkpt lat="36.974005" lon="-3.558544"><ele>827.1</ele></trkpt>
    <trkpt lat="36.973982" lon="-3.558617"><ele>827</ele></trkpt>
    <trkpt lat="36.973991" lon="-3.558637"><ele>827</ele></trkpt>
    <trkpt lat="36.974154" lon="-3.558739"><ele>826.6</ele></trkpt>
    <trkpt lat="36.974202" lon="-3.558769"><ele>826.5</ele></trkpt>
    <trkpt lat="36.974484" lon="-3.558844"><ele>826</ele></trkpt>
    <trkpt lat="36.975671" lon="-3.558817"><ele>824</ele></trkpt>
    <trkpt lat="36.975826" lon="-3.558814"><ele>823.6</ele></trkpt>
    <trkpt lat="36.975987" lon="-3.55878"><ele>823.2</ele></trkpt>
    <trkpt lat="36.976244" lon="-3.558744"><ele>822.6</ele></trkpt>
    <trkpt lat="36.97669" lon="-3.558728"><ele>821.5</ele></trkpt>
    <trkpt lat="36.976881" lon="-3.558725"><ele>821</ele></trkpt>
    <trkpt lat="36.977567" lon="-3.558769"><ele>819.5</ele></trkpt>
    <trkpt lat="36.977868" lon="-3.558762"><ele>818.8</ele></trkpt>
    <trkpt lat="36.978975" lon="-3.558731"><ele>816.8</ele></trkpt>
    <trkpt lat="36.982064" lon="-3.55866"><ele>813.6</ele></trkpt>
    <trkpt lat="36.984575" lon="-3.558602"><ele>811.2</ele></trkpt>
    <trkpt lat="36.985276" lon="-3.558628"><ele>810.7</ele></trkpt>
    <trkpt lat="36.98583" lon="-3.558714"><ele>810.3</ele></trkpt>
    <trkpt lat="36.986241" lon="-3.558818"><ele>809.9</ele></trkpt>
    <trkpt lat="36.986609" lon="-3.558945"><ele>809.4</ele></trkpt>
    <trkpt lat="36.987246" lon="-3.559233"><ele>808.5</ele></trkpt>
    <trkpt lat="36.987746" lon="-3.559525"><ele>807.3</ele></trkpt>
    <trkpt lat="36.988053" lon="-3.559736"><ele>806.5</ele></trkpt>
    <trkpt lat="36.988214" lon="-3.559869"><ele>806.1</ele></trkpt>
    <trkpt lat="36.988711" lon="-3.560282"><ele>804.6</ele></trkpt>
    <trkpt lat="36.989202" lon="-3.560809"><ele>802.6</ele></trkpt>
    <trkpt lat="36.989724" lon="-3.561515"><ele>799.7</ele></trkpt>
    <trkpt lat="36.990992" lon="-3.563601"><ele>790.6</ele></trkpt>
    <trkpt lat="36.991456" lon="-3.56438"><ele>787.4</ele></trkpt>
    <trkpt lat="36.992545" lon="-3.5662"><ele>780.1</ele></trkpt>
    <trkpt lat="36.992963" lon="-3.566899"><ele>777.1</ele></trkpt>
    <trkpt lat="36.994248" lon="-3.569003"><ele>767.8</ele></trkpt>
    <trkpt lat="36.994857" lon="-3.569907"><ele>764.4</ele></trkpt>
    <trkpt lat="36.996052" lon="-3.571511"><ele>759.8</ele></trkpt>
    <trkpt lat="36.996381" lon="-3.571915"><ele>758.5</ele></trkpt>
    <trkpt lat="36.996675" lon="-3.572271"><ele>757.2</ele></trkpt>
    <trkpt lat="36.99684" lon="-3.572468"><ele>756.4</ele></trkpt>
    <trkpt lat="36.997256" lon="-3.572965"><ele>754.6</ele></trkpt>
    <trkpt lat="36.998705" lon="-3.574709"><ele>755.6</ele></trkpt>
    <trkpt lat="36.999377" lon="-3.575572"><ele>764.1</ele></trkpt>
    <trkpt lat="36.999901" lon="-3.576349"><ele>770.8</ele></trkpt>
    <trkpt lat="37.00001" lon="-3.576482"><ele>771.5</ele></trkpt>
    <trkpt lat="37.000444" lon="-3.577227"><ele>773.4</ele></trkpt>
    <trkpt lat="37.000661" lon="-3.577604"><ele>774.2</ele></trkpt>
    <trkpt lat="37.000894" lon="-3.577969"><ele>775</ele></trkpt>
    <trkpt lat="37.001386" lon="-3.578598"><ele>776.4</ele></trkpt>
    <trkpt lat="37.001806" lon="-3.579059"><ele>777.4</ele></trkpt>
    <trkpt lat="37.002" lon="-3.579241"><ele>777.7</ele></trkpt>
    <trkpt lat="37.002528" lon="-3.579736"><ele>778.2</ele></trkpt>
    <trkpt lat="37.002901" lon="-3.580085"><ele>778.3</ele></trkpt>
    <trkpt lat="37.002963" lon="-3.580141"><ele>778.2</ele></trkpt>
    <trkpt lat="37.004253" lon="-3.581356"><ele>777.8</ele></trkpt>
    <trkpt lat="37.004522" lon="-3.581606"><ele>777.5</ele></trkpt>
    <trkpt lat="37.004868" lon="-3.581929"><ele>777</ele></trkpt>
    <trkpt lat="37.005319" lon="-3.582355"><ele>776</ele></trkpt>
    <trkpt lat="37.005565" lon="-3.582607"><ele>775.2</ele></trkpt>
    <trkpt lat="37.005769" lon="-3.582823"><ele>774.4</ele></trkpt>
    <trkpt lat="37.006081" lon="-3.583167"><ele>773</ele></trkpt>
    <trkpt lat="37.006336" lon="-3.583449"><ele>771.7</ele></trkpt>
    <trkpt lat="37.00753" lon="-3.584762"><ele>766</ele></trkpt>
    <trkpt lat="37.008127" lon="-3.585439"><ele>764.6</ele></trkpt>
    <trkpt lat="37.008373" lon="-3.585603"><ele>764.3</ele></trkpt>
    <trkpt lat="37.008463" lon="-3.585591"><ele>764.2</ele></trkpt>
    <trkpt lat="37.008504" lon="-3.585609"><ele>764.2</ele></trkpt>
    <trkpt lat="37.008578" lon="-3.585716"><ele>764.1</ele></trkpt>
    <trkpt lat="37.008582" lon="-3.585826"><ele>764</ele></trkpt>
    <trkpt lat="37.008577" lon="-3.585848"><ele>764</ele></trkpt>
    <trkpt lat="37.008702" lon="-3.586097"><ele>763.9</ele></trkpt>
    <trkpt lat="37.008767" lon="-3.586167"><ele>763.8</ele></trkpt>
    <trkpt lat="37.008776" lon="-3.586177"><ele>763.8</ele></trkpt>
    <trkpt lat="37.009721" lon="-3.587244"><ele>762.6</ele></trkpt>
    <trkpt lat="37.009795" lon="-3.587327"><ele>762.5</ele></trkpt>
    <trkpt lat="37.010005" lon="-3.587566"><ele>762.2</ele></trkpt>
    <trkpt lat="37.010653" lon="-3.588295"><ele>761.3</ele></trkpt>
    <trkpt lat="37.010675" lon="-3.58832"><ele>761.3</ele></trkpt>
    <trkpt lat="37.011335" lon="-3.58906"><ele>760.1</ele></trkpt>
    <trkpt lat="37.012069" lon="-3.589897"><ele>759.4</ele></trkpt>
    <trkpt lat="37.012332" lon="-3.590197"><ele>759.1</ele></trkpt>
    <trkpt lat="37.01306" lon="-3.591075"><ele>758.5</ele></trkpt>
    <trkpt lat="37.014233" lon="-3.592577"><ele>755.1</ele></trkpt>
    <trkpt lat="37.01709" lon="-3.596446"><ele>744.2</ele></trkpt>
    <trkpt lat="37.017477" lon="-3.596992"><ele>742.4</ele></trkpt>
    <trkpt lat="37.017637" lon="-3.597214"><ele>741.6</ele></trkpt>
    <trkpt lat="37.017871" lon="-3.597701"><ele>740.3</ele></trkpt>
    <trkpt lat="37.017973" lon="-3.598016"><ele>739.6</ele></trkpt>
    <trkpt lat="37.01807" lon="-3.598455"><ele>738.9</ele></trkpt>
    <trkpt lat="37.018129" lon="-3.598965"><ele>738.2</ele></trkpt>
    <trkpt lat="37.018165" lon="-3.599322"><ele>737.9</ele></trkpt>
    <trkpt lat="37.018254" lon="-3.600286"><ele>737.6</ele></trkpt>
    <trkpt lat="37.018317" lon="-3.600739"><ele>737.4</ele></trkpt>
    <trkpt lat="37.018434" lon="-3.601157"><ele>737.2</ele></trkpt>
    <trkpt lat="37.018833" lon="-3.602183"><ele>736.4</ele></trkpt>
    <trkpt lat="37.019224" lon="-3.603163"><ele>735.3</ele></trkpt>
    <trkpt lat="37.019622" lon="-3.604131"><ele>734.7</ele></trkpt>
    <trkpt lat="37.019622" lon="-3.604131"><ele>734.7</ele></trkpt>
    <trkpt lat="37.019878" lon="-3.60482"><ele>734.4</ele></trkpt>
    <trkpt lat="37.020134" lon="-3.605508"><ele>733.7</ele></trkpt>
    <trkpt lat="37.020216" lon="-3.605869"><ele>733.4</ele></trkpt>
    <trkpt lat="37.020211" lon="-3.605929"><ele>733.3</ele></trkpt>
    <trkpt lat="37.020199" lon="-3.606067"><ele>733.2</ele></trkpt>
    <trkpt lat="37.020162" lon="-3.606157"><ele>733.1</ele></trkpt>
    <trkpt lat="37.020154" lon="-3.606216"><ele>733</ele></trkpt>
    <trkpt lat="37.020143" lon="-3.606288"><ele>732.9</ele></trkpt>
    <trkpt lat="37.020161" lon="-3.606424"><ele>732.8</ele></trkpt>
    <trkpt lat="37.020172" lon="-3.606447"><ele>732.8</ele></trkpt>
    <trkpt lat="37.020223" lon="-3.60655"><ele>732.7</ele></trkpt>
    <trkpt lat="37.020335" lon="-3.60668"><ele>732.6</ele></trkpt>
    <trkpt lat="37.020604" lon="-3.60707"><ele>732.2</ele></trkpt>
    <trkpt lat="37.020855" lon="-3.607574"><ele>732.5</ele></trkpt>
    <trkpt lat="37.021001" lon="-3.607999"><ele>732.9</ele></trkpt>
    <trkpt lat="37.021119" lon="-3.608343"><ele>733.4</ele></trkpt>
    <trkpt lat="37.021217" lon="-3.608758"><ele>734.1</ele></trkpt>
    <trkpt lat="37.021474" lon="-3.610205"><ele>737.2</ele></trkpt>
    <trkpt lat="37.02165" lon="-3.611209"><ele>739.5</ele></trkpt>
    <trkpt lat="37.02169" lon="-3.611439"><ele>740</ele></trkpt>
    <trkpt lat="37.021831" lon="-3.612219"><ele>741.5</ele></trkpt>
    <trkpt lat="37.021872" lon="-3.612454"><ele>742</ele></trkpt>
    <trkpt lat="37.021993" lon="-3.613152"><ele>743.2</ele></trkpt>
    <trkpt lat="37.022145" lon="-3.613911"><ele>744.3</ele></trkpt>
    <trkpt lat="37.022173" lon="-3.614025"><ele>744.4</ele></trkpt>
    <trkpt lat="37.022262" lon="-3.614336"><ele>744.7</ele></trkpt>
    <trkpt lat="37.022334" lon="-3.614563"><ele>744.9</ele></trkpt>
    <trkpt lat="37.022518" lon="-3.615067"><ele>745.2</ele></trkpt>
    <trkpt lat="37.022979" lon="-3.616202"><ele>744.9</ele></trkpt>
    <trkpt lat="37.022987" lon="-3.616221"><ele>744.9</ele></trkpt>
    <trkpt lat="37.023121" lon="-3.61652"><ele>744.6</ele></trkpt>
    <trkpt lat="37.023805" lon="-3.617822"><ele>742.7</ele></trkpt>
    <trkpt lat="37.023896" lon="-3.618005"><ele>742.5</ele></trkpt>
    <trkpt lat="37.023992" lon="-3.618197"><ele>742.4</ele></trkpt>
    <trkpt lat="37.024383" lon="-3.618939"><ele>742.1</ele></trkpt>
    <trkpt lat="37.024438" lon="-3.619052"><ele>742.2</ele></trkpt>
    <trkpt lat="37.024748" lon="-3.619634"><ele>742</ele></trkpt>
    <trkpt lat="37.024898" lon="-3.61998"><ele>741.5</ele></trkpt>
    <trkpt lat="37.024911" lon="-3.620068"><ele>741.4</ele></trkpt>
    <trkpt lat="37.024892" lon="-3.620268"><ele>741.2</ele></trkpt>
    <trkpt lat="37.024817" lon="-3.620409"><ele>740.9</ele></trkpt>
    <trkpt lat="37.024726" lon="-3.62051"><ele>740.7</ele></trkpt>
    <trkpt lat="37.024237" lon="-3.620912"><ele>739.9</ele></trkpt>
    <trkpt lat="37.023976" lon="-3.621122"><ele>739.4</ele></trkpt>
    <trkpt lat="37.023715" lon="-3.621336"><ele>738.9</ele></trkpt>
    <trkpt lat="37.023402" lon="-3.621593"><ele>738.6</ele></trkpt>
    <trkpt lat="37.023336" lon="-3.621657"><ele>738.6</ele></trkpt>
    <trkpt lat="37.02325" lon="-3.621775"><ele>738.7</ele></trkpt>
    <trkpt lat="37.023174" lon="-3.621996"><ele>738.7</ele></trkpt>
    <trkpt lat="37.023125" lon="-3.622403"><ele>738.9</ele></trkpt>
    <trkpt lat="37.023105" lon="-3.622572"><ele>739</ele></trkpt>
    <trkpt lat="37.02308" lon="-3.622793"><ele>739.2</ele></trkpt>
    <trkpt lat="37.023025" lon="-3.623234"><ele>739.7</ele></trkpt>
    <trkpt lat="37.022998" lon="-3.623449"><ele>740.1</ele></trkpt>
    <trkpt lat="37.022926" lon="-3.624049"><ele>741.2</ele></trkpt>
    <trkpt lat="37.022919" lon="-3.624111"><ele>741.3</ele></trkpt>
    <trkpt lat="37.022846" lon="-3.624726"><ele>742.6</ele></trkpt>
    <trkpt lat="37.022772" lon="-3.625324"><ele>743.8</ele></trkpt>
    <trkpt lat="37.022765" lon="-3.625375"><ele>743.9</ele></trkpt>
    <trkpt lat="37.022761" lon="-3.625408"><ele>743.9</ele></trkpt>
    <trkpt lat="37.022599" lon="-3.626607"><ele>745.4</ele></trkpt>
    <trkpt lat="37.022594" lon="-3.626659"><ele>745.5</ele></trkpt>
    <trkpt lat="37.022581" lon="-3.626822"><ele>745.7</ele></trkpt>
    <trkpt lat="37.022558" lon="-3.627121"><ele>746.3</ele></trkpt>
    <trkpt lat="37.022571" lon="-3.627236"><ele>746.5</ele></trkpt>
    <trkpt lat="37.02263" lon="-3.627418"><ele>747</ele></trkpt>
    <trkpt lat="37.022722" lon="-3.627557"><ele>747.5</ele></trkpt>
    <trkpt lat="37.02281" lon="-3.627691"><ele>747.9</ele></trkpt>
    <trkpt lat="37.023421" lon="-3.628295"><ele>751.5</ele></trkpt>
    <trkpt lat="37.023472" lon="-3.628354"><ele>751.9</ele></trkpt>
    <trkpt lat="37.024293" lon="-3.629166"><ele>757.8</ele></trkpt>
    <trkpt lat="37.024717" lon="-3.629589"><ele>760.8</ele></trkpt>
    <trkpt lat="37.024752" lon="-3.629615"><ele>761</ele></trkpt>
    <trkpt lat="37.025121" lon="-3.629845"><ele>763.5</ele></trkpt>
    <trkpt lat="37.025437" lon="-3.630042"><ele>765.7</ele></trkpt>
    <trkpt lat="37.025626" lon="-3.630153"><ele>767.1</ele></trkpt>
    <trkpt lat="37.025832" lon="-3.63029"><ele>768.6</ele></trkpt>
    <trkpt lat="37.025942" lon="-3.630424"><ele>769.6</ele></trkpt>
    <trkpt lat="37.026012" lon="-3.630568"><ele>770.4</ele></trkpt>
    <trkpt lat="37.026099" lon="-3.630883"><ele>772</ele></trkpt>
    <trkpt lat="37.026192" lon="-3.631268"><ele>773.8</ele></trkpt>
    <trkpt lat="37.026274" lon="-3.631588"><ele>775.2</ele></trkpt>
    <trkpt lat="37.026421" lon="-3.632164"><ele>777</ele></trkpt>
    <trkpt lat="37.026517" lon="-3.632565"><ele>778.1</ele></trkpt>
    <trkpt lat="37.026726" lon="-3.633386"><ele>780.5</ele></trkpt>
    <trkpt lat="37.026985" lon="-3.634397"><ele>783.6</ele></trkpt>
    <trkpt lat="37.027051" lon="-3.634656"><ele>784.6</ele></trkpt>
    <trkpt lat="37.027209" lon="-3.635255"><ele>787.3</ele></trkpt>
    <trkpt lat="37.027321" lon="-3.635516"><ele>788.7</ele></trkpt>
    <trkpt lat="37.027502" lon="-3.635718"><ele>790.3</ele></trkpt>
    <trkpt lat="37.027696" lon="-3.635828"><ele>791.7</ele></trkpt>
    <trkpt lat="37.027987" lon="-3.635869"><ele>793.6</ele></trkpt>
    <trkpt lat="37.028224" lon="-3.635866"><ele>795.3</ele></trkpt>
    <trkpt lat="37.028421" lon="-3.635861"><ele>796.8</ele></trkpt>
    <trkpt lat="37.02858" lon="-3.635858"><ele>798</ele></trkpt>
    <trkpt lat="37.028621" lon="-3.635858"><ele>798.2</ele></trkpt>
    <trkpt lat="37.028717" lon="-3.635856"><ele>798.9</ele></trkpt>
    <trkpt lat="37.029078" lon="-3.635846"><ele>801.4</ele></trkpt>
    <trkpt lat="37.029417" lon="-3.635841"><ele>803.5</ele></trkpt>
    <trkpt lat="37.030125" lon="-3.635867"><ele>807.4</ele></trkpt>
    <trkpt lat="37.030851" lon="-3.636037"><ele>811</ele></trkpt>
    <trkpt lat="37.030915" lon="-3.636056"><ele>811.3</ele></trkpt>
    <trkpt lat="37.030915" lon="-3.636056"><ele>811.3</ele></trkpt>
    <trkpt lat="37.031085" lon="-3.635936"><ele>812.1</ele></trkpt>
    <trkpt lat="37.031197" lon="-3.635912"><ele>812.5</ele></trkpt>
    <trkpt lat="37.031217" lon="-3.635919"><ele>812.6</ele></trkpt>
    <trkpt lat="37.031217" lon="-3.635919"><ele>812.6</ele></trkpt>
    <trkpt lat="37.031443" lon="-3.635995"><ele>813.4</ele></trkpt>
    <trkpt lat="37.033404" lon="-3.637476"><ele>817.7</ele></trkpt>
    <trkpt lat="37.035263" lon="-3.638872"><ele>820.1</ele></trkpt>
    <trkpt lat="37.035787" lon="-3.639265"><ele>820.9</ele></trkpt>
    <trkpt lat="37.036064" lon="-3.639334"><ele>821.2</ele></trkpt>
    <trkpt lat="37.036203" lon="-3.639326"><ele>821.4</ele></trkpt>
    <trkpt lat="37.036265" lon="-3.639402"><ele>821.5</ele></trkpt>
    <trkpt lat="37.036289" lon="-3.639489"><ele>821.6</ele></trkpt>
    <trkpt lat="37.036426" lon="-3.639646"><ele>821.7</ele></trkpt>
    <trkpt lat="37.036529" lon="-3.639746"><ele>821.9</ele></trkpt>
    <trkpt lat="37.038277" lon="-3.640754"><ele>822.7</ele></trkpt>
    <trkpt lat="37.039464" lon="-3.641609"><ele>823.3</ele></trkpt>
    <trkpt lat="37.040495" lon="-3.642364"><ele>823.5</ele></trkpt>
    <trkpt lat="37.040794" lon="-3.642583"><ele>823.7</ele></trkpt>
    <trkpt lat="37.041287" lon="-3.642942"><ele>824.5</ele></trkpt>
    <trkpt lat="37.042453" lon="-3.643807"><ele>827.2</ele></trkpt>
    <trkpt lat="37.044824" lon="-3.645935"><ele>834.8</ele></trkpt>
    <trkpt lat="37.045114" lon="-3.646175"><ele>836.3</ele></trkpt>
    <trkpt lat="37.045851" lon="-3.646662"><ele>840.4</ele></trkpt>
    <trkpt lat="37.046646" lon="-3.647088"><ele>844.3</ele></trkpt>
    <trkpt lat="37.0472" lon="-3.647414"><ele>846</ele></trkpt>
    <trkpt lat="37.047737" lon="-3.647689"><ele>846.9</ele></trkpt>
    <trkpt lat="37.048447" lon="-3.647942"><ele>846.7</ele></trkpt>
    <trkpt lat="37.048502" lon="-3.647951"><ele>846.7</ele></trkpt>
    <trkpt lat="37.048502" lon="-3.647951"><ele>846.6</ele></trkpt>
    <trkpt lat="37.048502" lon="-3.647951"><ele>846.6</ele></trkpt>
    <trkpt lat="37.048933" lon="-3.64825"><ele>845.7</ele></trkpt>
    <trkpt lat="37.048933" lon="-3.64825"><ele>845.5</ele></trkpt>
    <trkpt lat="37.048933" lon="-3.64825"><ele>845.5</ele></trkpt>
    <trkpt lat="37.048916" lon="-3.648891"><ele>843.9</ele></trkpt>
    <trkpt lat="37.04887" lon="-3.648981"><ele>843.6</ele></trkpt>
    <trkpt lat="37.04826" lon="-3.650789"><ele>836.6</ele></trkpt>
    <trkpt lat="37.048172" lon="-3.651208"><ele>835.1</ele></trkpt>
    <trkpt lat="37.048157" lon="-3.651459"><ele>834.3</ele></trkpt>
    <trkpt lat="37.048209" lon="-3.651611"><ele>833.8</ele></trkpt>
    <trkpt lat="37.048195" lon="-3.651768"><ele>833.4</ele></trkpt>
    <trkpt lat="37.048124" lon="-3.651892"><ele>833</ele></trkpt>
    <trkpt lat="37.047998" lon="-3.651964"><ele>832.7</ele></trkpt>
    <trkpt lat="37.047648" lon="-3.652404"><ele>832.2</ele></trkpt>
    <trkpt lat="37.047576" lon="-3.652557"><ele>832.1</ele></trkpt>
    <trkpt lat="37.047314" lon="-3.653179"><ele>832.4</ele></trkpt>
    <trkpt lat="37.047244" lon="-3.653321"><ele>832.6</ele></trkpt>
    <trkpt lat="37.047159" lon="-3.653643"><ele>833.1</ele></trkpt>
    <trkpt lat="37.04712" lon="-3.653903"><ele>833.6</ele></trkpt>
    <trkpt lat="37.047156" lon="-3.654004"><ele>833.9</ele></trkpt>
    <trkpt lat="37.047157" lon="-3.654143"><ele>834.1</ele></trkpt>
    <trkpt lat="37.04712" lon="-3.654251"><ele>834.3</ele></trkpt>
    <trkpt lat="37.04705" lon="-3.654337"><ele>834.6</ele></trkpt>
    <trkpt lat="37.04696" lon="-3.654382"><ele>834.8</ele></trkpt>
    <trkpt lat="37.04679" lon="-3.654572"><ele>835.3</ele></trkpt>
    <trkpt lat="37.046603" lon="-3.654931"><ele>835.8</ele></trkpt>
    <trkpt lat="37.046549" lon="-3.655165"><ele>836.2</ele></trkpt>
    <trkpt lat="37.046508" lon="-3.655496"><ele>836.7</ele></trkpt>
    <trkpt lat="37.046495" lon="-3.655871"><ele>837.4</ele></trkpt>
    <trkpt lat="37.04652" lon="-3.656245"><ele>838.3</ele></trkpt>
    <trkpt lat="37.046559" lon="-3.656585"><ele>839.2</ele></trkpt>
    <trkpt lat="37.046921" lon="-3.659602"><ele>849.5</ele></trkpt>
    <trkpt lat="37.046943" lon="-3.659927"><ele>850.6</ele></trkpt>
    <trkpt lat="37.046917" lon="-3.66048"><ele>852.8</ele></trkpt>
    <trkpt lat="37.046794" lon="-3.661306"><ele>857.3</ele></trkpt>
    <trkpt lat="37.046707" lon="-3.661646"><ele>859.1</ele></trkpt>
    <trkpt lat="37.046646" lon="-3.661792"><ele>859.8</ele></trkpt>
    <trkpt lat="37.046415" lon="-3.662138"><ele>861.5</ele></trkpt>
    <trkpt lat="37.046237" lon="-3.662295"><ele>862.2</ele></trkpt>
    <trkpt lat="37.046072" lon="-3.662388"><ele>862.6</ele></trkpt>
    <trkpt lat="37.043478" lon="-3.663561"><ele>850.6</ele></trkpt>
    <trkpt lat="37.043045" lon="-3.66384"><ele>848.7</ele></trkpt>
    <trkpt lat="37.042927" lon="-3.663934"><ele>848.3</ele></trkpt>
    <trkpt lat="37.042547" lon="-3.664417"><ele>847.7</ele></trkpt>
    <trkpt lat="37.04156" lon="-3.665917"><ele>853</ele></trkpt>
    <trkpt lat="37.040185" lon="-3.668254"><ele>868.1</ele></trkpt>
    <trkpt lat="37.040143" lon="-3.668351"><ele>868.7</ele></trkpt>
    <trkpt lat="37.039546" lon="-3.669728"><ele>877.9</ele></trkpt>
    <trkpt lat="37.038711" lon="-3.671885"><ele>895.8</ele></trkpt>
    <trkpt lat="37.038469" lon="-3.672379"><ele>900.4</ele></trkpt>
    <trkpt lat="37.038237" lon="-3.672689"><ele>903.6</ele></trkpt>
    <trkpt lat="37.037957" lon="-3.672948"><ele>906.7</ele></trkpt>
    <trkpt lat="37.037698" lon="-3.673105"><ele>909.1</ele></trkpt>
    <trkpt lat="37.03744" lon="-3.673197"><ele>911.2</ele></trkpt>
    <trkpt lat="37.035598" lon="-3.673516"><ele>924</ele></trkpt>
    <trkpt lat="37.034869" lon="-3.673451"><ele>928.7</ele></trkpt>
    <trkpt lat="37.033598" lon="-3.673287"><ele>934.8</ele></trkpt>
    <trkpt lat="37.033288" lon="-3.673282"><ele>935.8</ele></trkpt>
    <trkpt lat="37.033182" lon="-3.673315"><ele>936.1</ele></trkpt>
    <trkpt lat="37.033061" lon="-3.673376"><ele>936.5</ele></trkpt>
    <trkpt lat="37.032822" lon="-3.673577"><ele>937.4</ele></trkpt>
    <trkpt lat="37.032018" lon="-3.674503"><ele>941.1</ele></trkpt>
    <trkpt lat="37.031564" lon="-3.674977"><ele>943.7</ele></trkpt>
    <trkpt lat="37.030985" lon="-3.675532"><ele>946.8</ele></trkpt>
    <trkpt lat="37.029938" lon="-3.676534"><ele>951.5</ele></trkpt>
    <trkpt lat="37.029717" lon="-3.676817"><ele>952.5</ele></trkpt>
    <trkpt lat="37.029564" lon="-3.677158"><ele>953.5</ele></trkpt>
    <trkpt lat="37.029405" lon="-3.677812"><ele>955.3</ele></trkpt>
    <trkpt lat="37.029253" lon="-3.678536"><ele>957.5</ele></trkpt>
    <trkpt lat="37.028871" lon="-3.680571"><ele>965.1</ele></trkpt>
    <trkpt lat="37.02854" lon="-3.684469"><ele>982.9</ele></trkpt>
    <trkpt lat="37.028468" lon="-3.684827"><ele>984.5</ele></trkpt>
    <trkpt lat="37.027958" lon="-3.686323"><ele>989.7</ele></trkpt>
    <trkpt lat="37.027863" lon="-3.686507"><ele>990.2</ele></trkpt>
    <trkpt lat="37.02775" lon="-3.686662"><ele>990.6</ele></trkpt>
    <trkpt lat="37.026349" lon="-3.688145"><ele>993</ele></trkpt>
    <trkpt lat="37.026206" lon="-3.688362"><ele>993.3</ele></trkpt>
    <trkpt lat="37.026068" lon="-3.68867"><ele>993.8</ele></trkpt>
    <trkpt lat="37.025896" lon="-3.689236"><ele>994.6</ele></trkpt>
    <trkpt lat="37.02551" lon="-3.690475"><ele>998.7</ele></trkpt>
    <trkpt lat="37.025399" lon="-3.690683"><ele>999.8</ele></trkpt>
    <trkpt lat="37.025168" lon="-3.690916"><ele>1001.7</ele></trkpt>
    <trkpt lat="37.025056" lon="-3.690984"><ele>1002.5</ele></trkpt>
    <trkpt lat="37.024941" lon="-3.691036"><ele>1003.3</ele></trkpt>
    <trkpt lat="37.024767" lon="-3.691069"><ele>1004.5</ele></trkpt>
    <trkpt lat="37.024334" lon="-3.691043"><ele>1007.7</ele></trkpt>
    <trkpt lat="37.023419" lon="-3.690877"><ele>1013.5</ele></trkpt>
    <trkpt lat="37.023057" lon="-3.690678"><ele>1015.3</ele></trkpt>
    <trkpt lat="37.021766" lon="-3.689831"><ele>1020.3</ele></trkpt>
    <trkpt lat="37.021436" lon="-3.689704"><ele>1020.7</ele></trkpt>
    <trkpt lat="37.021085" lon="-3.68969"><ele>1020.9</ele></trkpt>
    <trkpt lat="37.020899" lon="-3.689729"><ele>1020.9</ele></trkpt>
    <trkpt lat="37.020747" lon="-3.689782"><ele>1020.8</ele></trkpt>
    <trkpt lat="37.020524" lon="-3.689916"><ele>1020.5</ele></trkpt>
    <trkpt lat="37.020413" lon="-3.68999"><ele>1020.4</ele></trkpt>
    <trkpt lat="37.018552" lon="-3.691254"><ele>1017.8</ele></trkpt>
    <trkpt lat="37.016306" lon="-3.692863"><ele>1019.4</ele></trkpt>
    <trkpt lat="37.016051" lon="-3.693102"><ele>1019.3</ele></trkpt>
    <trkpt lat="37.015054" lon="-3.694232"><ele>1017.8</ele></trkpt>
    <trkpt lat="37.014363" lon="-3.695072"><ele>1016.8</ele></trkpt>
    <trkpt lat="37.012167" lon="-3.697606"><ele>1018.7</ele></trkpt>
    <trkpt lat="37.009634" lon="-3.700521"><ele>1021.2</ele></trkpt>
    <trkpt lat="37.003125" lon="-3.708079"><ele>1046.9</ele></trkpt>
    <trkpt lat="37.002584" lon="-3.708713"><ele>1049.6</ele></trkpt>
    <trkpt lat="37.002444" lon="-3.708941"><ele>1050.5</ele></trkpt>
    <trkpt lat="37.002361" lon="-3.709077"><ele>1051.1</ele></trkpt>
    <trkpt lat="37.001061" lon="-3.711444"><ele>1061.1</ele></trkpt>
    <trkpt lat="36.999779" lon="-3.714455"><ele>1074.4</ele></trkpt>
    <trkpt lat="36.999521" lon="-3.71488"><ele>1077.1</ele></trkpt>
    <trkpt lat="36.99838" lon="-3.716308"><ele>1088.6</ele></trkpt>
    <trkpt lat="36.99813" lon="-3.716586"><ele>1090.8</ele></trkpt>
    <trkpt lat="36.998005" lon="-3.716675"><ele>1091.7</ele></trkpt>
    <trkpt lat="36.997815" lon="-3.716761"><ele>1093</ele></trkpt>
    <trkpt lat="36.996897" lon="-3.717084"><ele>1098.1</ele></trkpt>
    <trkpt lat="36.995824" lon="-3.717461"><ele>1103.5</ele></trkpt>
    <trkpt lat="36.995391" lon="-3.717612"><ele>1105.4</ele></trkpt>
    <trkpt lat="36.995186" lon="-3.717687"><ele>1106.3</ele></trkpt>
    <trkpt lat="36.994719" lon="-3.717887"><ele>1108.3</ele></trkpt>
    <trkpt lat="36.994466" lon="-3.718137"><ele>1109.6</ele></trkpt>
    <trkpt lat="36.994109" lon="-3.718848"><ele>1112.1</ele></trkpt>
    <trkpt lat="36.993607" lon="-3.719946"><ele>1116.6</ele></trkpt>
    <trkpt lat="36.993522" lon="-3.720077"><ele>1117.3</ele></trkpt>
    <trkpt lat="36.992876" lon="-3.720837"><ele>1121.8</ele></trkpt>
    <trkpt lat="36.992721" lon="-3.721"><ele>1122.8</ele></trkpt>
    <trkpt lat="36.991819" lon="-3.721597"><ele>1128.4</ele></trkpt>
    <trkpt lat="36.99158" lon="-3.721795"><ele>1130</ele></trkpt>
    <trkpt lat="36.991453" lon="-3.721945"><ele>1131.1</ele></trkpt>
    <trkpt lat="36.991371" lon="-3.722107"><ele>1132.1</ele></trkpt>
    <trkpt lat="36.991174" lon="-3.722723"><ele>1135.9</ele></trkpt>
    <trkpt lat="36.990887" lon="-3.723749"><ele>1141.9</ele></trkpt>
    <trkpt lat="36.990765" lon="-3.724062"><ele>1143.8</ele></trkpt>
    <trkpt lat="36.990505" lon="-3.724391"><ele>1146.4</ele></trkpt>
    <trkpt lat="36.990397" lon="-3.724468"><ele>1147.3</ele></trkpt>
    <trkpt lat="36.990163" lon="-3.72456"><ele>1149.1</ele></trkpt>
    <trkpt lat="36.990002" lon="-3.724578"><ele>1150.3</ele></trkpt>
    <trkpt lat="36.988969" lon="-3.724563"><ele>1158.2</ele></trkpt>
    <trkpt lat="36.987975" lon="-3.724622"><ele>1165.9</ele></trkpt>
    <trkpt lat="36.987797" lon="-3.724543"><ele>1167.3</ele></trkpt>
    <trkpt lat="36.987363" lon="-3.724106"><ele>1171.1</ele></trkpt>
    <trkpt lat="36.987125" lon="-3.723982"><ele>1172.8</ele></trkpt>
    <trkpt lat="36.98545" lon="-3.723608"><ele>1180.5</ele></trkpt>
    <trkpt lat="36.985295" lon="-3.723581"><ele>1180.7</ele></trkpt>
    <trkpt lat="36.985135" lon="-3.7236"><ele>1180.8</ele></trkpt>
    <trkpt lat="36.984347" lon="-3.723938"><ele>1180.8</ele></trkpt>
    <trkpt lat="36.984126" lon="-3.724056"><ele>1180.8</ele></trkpt>
    <trkpt lat="36.983946" lon="-3.724233"><ele>1180.9</ele></trkpt>
    <trkpt lat="36.983808" lon="-3.72448"><ele>1181.1</ele></trkpt>
    <trkpt lat="36.983369" lon="-3.725875"><ele>1183.3</ele></trkpt>
    <trkpt lat="36.983291" lon="-3.726119"><ele>1183.6</ele></trkpt>
    <trkpt lat="36.982962" lon="-3.727155"><ele>1185.2</ele></trkpt>
    <trkpt lat="36.98294" lon="-3.727226"><ele>1185.3</ele></trkpt>
    <trkpt lat="36.982891" lon="-3.727327"><ele>1185.5</ele></trkpt>
    <trkpt lat="36.982633" lon="-3.727705"><ele>1186.9</ele></trkpt>
    <trkpt lat="36.982563" lon="-3.727788"><ele>1187.3</ele></trkpt>
    <trkpt lat="36.98237" lon="-3.727929"><ele>1188.4</ele></trkpt>
    <trkpt lat="36.980583" lon="-3.728931"><ele>1201.6</ele></trkpt>
    <trkpt lat="36.980474" lon="-3.728992"><ele>1202.4</ele></trkpt>
    <trkpt lat="36.980007" lon="-3.729249"><ele>1205.7</ele></trkpt>
    <trkpt lat="36.979678" lon="-3.729429"><ele>1208</ele></trkpt>
    <trkpt lat="36.979133" lon="-3.729634"><ele>1211.4</ele></trkpt>
    <trkpt lat="36.978372" lon="-3.729919"><ele>1216.7</ele></trkpt>
    <trkpt lat="36.977956" lon="-3.730027"><ele>1219.8</ele></trkpt>
    <trkpt lat="36.977893" lon="-3.730036"><ele>1220.2</ele></trkpt>
    <trkpt lat="36.977494" lon="-3.730089"><ele>1223.5</ele></trkpt>
    <trkpt lat="36.976908" lon="-3.730159"><ele>1228.3</ele></trkpt>
    <trkpt lat="36.976562" lon="-3.73021"><ele>1231.2</ele></trkpt>
    <trkpt lat="36.974568" lon="-3.731009"><ele>1247.2</ele></trkpt>
    <trkpt lat="36.973962" lon="-3.730965"><ele>1251.8</ele></trkpt>
    <trkpt lat="36.973692" lon="-3.73095"><ele>1253.8</ele></trkpt>
    <trkpt lat="36.973047" lon="-3.731007"><ele>1258.7</ele></trkpt>
    <trkpt lat="36.972405" lon="-3.731105"><ele>1264</ele></trkpt>
    <trkpt lat="36.972113" lon="-3.731028"><ele>1266.4</ele></trkpt>
    <trkpt lat="36.971877" lon="-3.730913"><ele>1268.5</ele></trkpt>
    <trkpt lat="36.971641" lon="-3.730872"><ele>1270.3</ele></trkpt>
    <trkpt lat="36.971193" lon="-3.73095"><ele>1273.3</ele></trkpt>
    <trkpt lat="36.970846" lon="-3.73106"><ele>1275.1</ele></trkpt>
    <trkpt lat="36.970137" lon="-3.73144"><ele>1277.4</ele></trkpt>
    <trkpt lat="36.969887" lon="-3.731427"><ele>1277.8</ele></trkpt>
    <trkpt lat="36.969559" lon="-3.731326"><ele>1278.5</ele></trkpt>
    <trkpt lat="36.969358" lon="-3.731322"><ele>1279.1</ele></trkpt>
    <trkpt lat="36.96902" lon="-3.731351"><ele>1280.4</ele></trkpt>
    <trkpt lat="36.968668" lon="-3.731433"><ele>1282.2</ele></trkpt>
    <trkpt lat="36.968337" lon="-3.731559"><ele>1284</ele></trkpt>
    <trkpt lat="36.968113" lon="-3.73169"><ele>1285.2</ele></trkpt>
    <trkpt lat="36.967838" lon="-3.731924"><ele>1286.8</ele></trkpt>
    <trkpt lat="36.967579" lon="-3.732074"><ele>1288.1</ele></trkpt>
    <trkpt lat="36.967297" lon="-3.732137"><ele>1289.2</ele></trkpt>
    <trkpt lat="36.966945" lon="-3.732031"><ele>1290.5</ele></trkpt>
    <trkpt lat="36.96678" lon="-3.731924"><ele>1291.1</ele></trkpt>
    <trkpt lat="36.966573" lon="-3.731699"><ele>1291.8</ele></trkpt>
    <trkpt lat="36.966373" lon="-3.731432"><ele>1292.8</ele></trkpt>
    <trkpt lat="36.966179" lon="-3.731241"><ele>1293.7</ele></trkpt>
    <trkpt lat="36.965862" lon="-3.73107"><ele>1295.2</ele></trkpt>
    <trkpt lat="36.965656" lon="-3.730814"><ele>1296.7</ele></trkpt>
    <trkpt lat="36.965453" lon="-3.730378"><ele>1299.1</ele></trkpt>
    <trkpt lat="36.965116" lon="-3.729919"><ele>1302.2</ele></trkpt>
    <trkpt lat="36.964764" lon="-3.729592"><ele>1305</ele></trkpt>
    <trkpt lat="36.964463" lon="-3.729386"><ele>1307.3</ele></trkpt>
    <trkpt lat="36.964139" lon="-3.729251"><ele>1309.5</ele></trkpt>
    <trkpt lat="36.963963" lon="-3.729116"><ele>1310.7</ele></trkpt>
    <trkpt lat="36.963765" lon="-3.728858"><ele>1312.3</ele></trkpt>
    <trkpt lat="36.963743" lon="-3.728831"><ele>1312.5</ele></trkpt>
    <trkpt lat="36.963604" lon="-3.728669"><ele>1313.5</ele></trkpt>
    <trkpt lat="36.962931" lon="-3.728554"><ele>1317</ele></trkpt>
    <trkpt lat="36.962526" lon="-3.728356"><ele>1318.9</ele></trkpt>
    <trkpt lat="36.962299" lon="-3.728277"><ele>1319.7</ele></trkpt>
    <trkpt lat="36.962026" lon="-3.728235"><ele>1320.6</ele></trkpt>
    <trkpt lat="36.96156" lon="-3.728235"><ele>1321.8</ele></trkpt>
    <trkpt lat="36.961087" lon="-3.728191"><ele>1322.7</ele></trkpt>
    <trkpt lat="36.960931" lon="-3.728082"><ele>1323</ele></trkpt>
    <trkpt lat="36.960844" lon="-3.728021"><ele>1323.1</ele></trkpt>
    <trkpt lat="36.960721" lon="-3.727894"><ele>1323.3</ele></trkpt>
    <trkpt lat="36.960403" lon="-3.727456"><ele>1323.8</ele></trkpt>
    <trkpt lat="36.959282" lon="-3.726752"><ele>1325.8</ele></trkpt>
    <trkpt lat="36.958936" lon="-3.726332"><ele>1327</ele></trkpt>
    <trkpt lat="36.958268" lon="-3.725334"><ele>1329.8</ele></trkpt>
    <trkpt lat="36.958098" lon="-3.725224"><ele>1330.1</ele></trkpt>
    <trkpt lat="36.957764" lon="-3.725208"><ele>1330.1</ele></trkpt>
    <trkpt lat="36.957505" lon="-3.725306"><ele>1329.7</ele></trkpt>
    <trkpt lat="36.957301" lon="-3.725517"><ele>1329</ele></trkpt>
    <trkpt lat="36.957041" lon="-3.725562"><ele>1328</ele></trkpt>
    <trkpt lat="36.956485" lon="-3.725455"><ele>1325.2</ele></trkpt>
    <trkpt lat="36.955942" lon="-3.725142"><ele>1322.7</ele></trkpt>
    <trkpt lat="36.955703" lon="-3.724972"><ele>1322</ele></trkpt>
    <trkpt lat="36.955647" lon="-3.724808"><ele>1321.7</ele></trkpt>
    <trkpt lat="36.955644" lon="-3.724537"><ele>1321.5</ele></trkpt>
    <trkpt lat="36.955601" lon="-3.724343"><ele>1321.4</ele></trkpt>
    <trkpt lat="36.955565" lon="-3.724295"><ele>1321.4</ele></trkpt>
    <trkpt lat="36.955519" lon="-3.724234"><ele>1321.4</ele></trkpt>
    <trkpt lat="36.955335" lon="-3.724143"><ele>1321.4</ele></trkpt>
    <trkpt lat="36.954925" lon="-3.724132"><ele>1321.9</ele></trkpt>
    <trkpt lat="36.954871" lon="-3.72413"><ele>1321.9</ele></trkpt>
    <trkpt lat="36.954572" lon="-3.724139"><ele>1322.5</ele></trkpt>
    <trkpt lat="36.954377" lon="-3.724051"><ele>1322.8</ele></trkpt>
    <trkpt lat="36.954151" lon="-3.72378"><ele>1323.5</ele></trkpt>
    <trkpt lat="36.953951" lon="-3.723493"><ele>1324.3</ele></trkpt>
    <trkpt lat="36.953818" lon="-3.7232"><ele>1325.1</ele></trkpt>
    <trkpt lat="36.95355" lon="-3.722447"><ele>1328.6</ele></trkpt>
    <trkpt lat="36.953387" lon="-3.722392"><ele>1329.6</ele></trkpt>
    <trkpt lat="36.953249" lon="-3.722437"><ele>1330.5</ele></trkpt>
    <trkpt lat="36.953127" lon="-3.722588"><ele>1331.5</ele></trkpt>
    <trkpt lat="36.953081" lon="-3.722645"><ele>1331.9</ele></trkpt>
    <trkpt lat="36.953023" lon="-3.722898"><ele>1333.2</ele></trkpt>
    <trkpt lat="36.953047" lon="-3.723113"><ele>1334.4</ele></trkpt>
    <trkpt lat="36.953324" lon="-3.723935"><ele>1339.8</ele></trkpt>
    <trkpt lat="36.953349" lon="-3.724168"><ele>1341.3</ele></trkpt>
    <trkpt lat="36.95326" lon="-3.724348"><ele>1342.7</ele></trkpt>
    <trkpt lat="36.953106" lon="-3.724438"><ele>1344.2</ele></trkpt>
    <trkpt lat="36.952312" lon="-3.724367"><ele>1351.1</ele></trkpt>
    <trkpt lat="36.952005" lon="-3.724403"><ele>1353.5</ele></trkpt>
    <trkpt lat="36.951322" lon="-3.724782"><ele>1356.5</ele></trkpt>
    <trkpt lat="36.948627" lon="-3.725987"><ele>1346.1</ele></trkpt>
    <trkpt lat="36.948439" lon="-3.726072"><ele>1345</ele></trkpt>
    <trkpt lat="36.948165" lon="-3.726312"><ele>1343</ele></trkpt>
    <trkpt lat="36.947961" lon="-3.726428"><ele>1341.7</ele></trkpt>
    <trkpt lat="36.94693" lon="-3.726691"><ele>1336.7</ele></trkpt>
    <trkpt lat="36.946663" lon="-3.726792"><ele>1335.6</ele></trkpt>
    <trkpt lat="36.946475" lon="-3.726937"><ele>1334.7</ele></trkpt>
    <trkpt lat="36.946008" lon="-3.727454"><ele>1332.4</ele></trkpt>
    <trkpt lat="36.94482" lon="-3.728428"><ele>1326.5</ele></trkpt>
    <trkpt lat="36.944361" lon="-3.72896"><ele>1323.8</ele></trkpt>
    <trkpt lat="36.944209" lon="-3.729103"><ele>1323.1</ele></trkpt>
    <trkpt lat="36.944107" lon="-3.72918"><ele>1322.8</ele></trkpt>
    <trkpt lat="36.944006" lon="-3.729194"><ele>1322.5</ele></trkpt>
    <trkpt lat="36.943875" lon="-3.729194"><ele>1322.1</ele></trkpt>
    <trkpt lat="36.943667" lon="-3.729121"><ele>1321.6</ele></trkpt>
    <trkpt lat="36.941148" lon="-3.72809"><ele>1323.4</ele></trkpt>
    <trkpt lat="36.941082" lon="-3.728064"><ele>1323.6</ele></trkpt>
    <trkpt lat="36.93974" lon="-3.72752"><ele>1326.7</ele></trkpt>
    <trkpt lat="36.939541" lon="-3.727399"><ele>1327.3</ele></trkpt>
    <trkpt lat="36.938784" lon="-3.726415"><ele>1331</ele></trkpt>
    <trkpt lat="36.938651" lon="-3.726301"><ele>1331.6</ele></trkpt>
    <trkpt lat="36.938229" lon="-3.726171"><ele>1333.2</ele></trkpt>
    <trkpt lat="36.937796" lon="-3.726076"><ele>1335.1</ele></trkpt>
    <trkpt lat="36.937186" lon="-3.726137"><ele>1338</ele></trkpt>
    <trkpt lat="36.936759" lon="-3.726149"><ele>1340.2</ele></trkpt>
    <trkpt lat="36.936115" lon="-3.725864"><ele>1343.6</ele></trkpt>
    <trkpt lat="36.935992" lon="-3.725808"><ele>1344</ele></trkpt>
    <trkpt lat="36.935765" lon="-3.725705"><ele>1344.7</ele></trkpt>
    <trkpt lat="36.935617" lon="-3.725685"><ele>1344.9</ele></trkpt>
    <trkpt lat="36.935324" lon="-3.72556"><ele>1345.3</ele></trkpt>
    <trkpt lat="36.935274" lon="-3.725577"><ele>1345.4</ele></trkpt>
    <trkpt lat="36.935208" lon="-3.725722"><ele>1345.4</ele></trkpt>
    <trkpt lat="36.935284" lon="-3.726221"><ele>1345.4</ele></trkpt>
    <trkpt lat="36.936186" lon="-3.729981"><ele>1341.8</ele></trkpt>
    <trkpt lat="36.936425" lon="-3.730626"><ele>1341.6</ele></trkpt>
    <trkpt lat="36.937225" lon="-3.732034"><ele>1341.3</ele></trkpt>
    <trkpt lat="36.937917" lon="-3.73323"><ele>1339.6</ele></trkpt>
    <trkpt lat="36.939509" lon="-3.736082"><ele>1327.5</ele></trkpt>
    <trkpt lat="36.939795" lon="-3.736843"><ele>1324.2</ele></trkpt>
    <trkpt lat="36.939914" lon="-3.737281"><ele>1322.5</ele></trkpt>
    <trkpt lat="36.940134" lon="-3.738309"><ele>1319.5</ele></trkpt>
    <trkpt lat="36.940286" lon="-3.738891"><ele>1318.2</ele></trkpt>
    <trkpt lat="36.940419" lon="-3.739264"><ele>1317.2</ele></trkpt>
    <trkpt lat="36.940548" lon="-3.739548"><ele>1316.4</ele></trkpt>
    <trkpt lat="36.941184" lon="-3.74052"><ele>1312.2</ele></trkpt>
    <trkpt lat="36.941612" lon="-3.741309"><ele>1309.4</ele></trkpt>
    <trkpt lat="36.941809" lon="-3.741638"><ele>1308.3</ele></trkpt>
    <trkpt lat="36.941954" lon="-3.741821"><ele>1307.6</ele></trkpt>
    <trkpt lat="36.942095" lon="-3.74196"><ele>1307</ele></trkpt>
    <trkpt lat="36.942476" lon="-3.742243"><ele>1305.6</ele></trkpt>
    <trkpt lat="36.942676" lon="-3.742437"><ele>1304.6</ele></trkpt>
    <trkpt lat="36.942827" lon="-3.74263"><ele>1303.5</ele></trkpt>
    <trkpt lat="36.942961" lon="-3.742838"><ele>1302.4</ele></trkpt>
    <trkpt lat="36.943064" lon="-3.743059"><ele>1301.1</ele></trkpt>
    <trkpt lat="36.943196" lon="-3.743498"><ele>1298.6</ele></trkpt>
    <trkpt lat="36.943234" lon="-3.743817"><ele>1296.8</ele></trkpt>
    <trkpt lat="36.943377" lon="-3.746149"><ele>1281.7</ele></trkpt>
    <trkpt lat="36.943367" lon="-3.746475"><ele>1279.1</ele></trkpt>
    <trkpt lat="36.94332" lon="-3.746771"><ele>1276.6</ele></trkpt>
    <trkpt lat="36.943146" lon="-3.747465"><ele>1270.5</ele></trkpt>
    <trkpt lat="36.943145" lon="-3.747674"><ele>1268.7</ele></trkpt>
    <trkpt lat="36.943194" lon="-3.747962"><ele>1266.3</ele></trkpt>
    <trkpt lat="36.943698" lon="-3.74973"><ele>1253.7</ele></trkpt>
    <trkpt lat="36.94377" lon="-3.750088"><ele>1251.7</ele></trkpt>
    <trkpt lat="36.943884" lon="-3.750943"><ele>1246.8</ele></trkpt>
    <trkpt lat="36.943996" lon="-3.751734"><ele>1242.2</ele></trkpt>
    <trkpt lat="36.944064" lon="-3.752011"><ele>1240.5</ele></trkpt>
    <trkpt lat="36.944162" lon="-3.752286"><ele>1238.7</ele></trkpt>
    <trkpt lat="36.945091" lon="-3.754446"><ele>1224.4</ele></trkpt>
    <trkpt lat="36.945362" lon="-3.754965"><ele>1220.8</ele></trkpt>
    <trkpt lat="36.945607" lon="-3.75535"><ele>1218.1</ele></trkpt>
    <trkpt lat="36.946421" lon="-3.756596"><ele>1211.3</ele></trkpt>
    <trkpt lat="36.946814" lon="-3.757286"><ele>1207.5</ele></trkpt>
    <trkpt lat="36.948271" lon="-3.760516"><ele>1184.3</ele></trkpt>
    <trkpt lat="36.949149" lon="-3.76245"><ele>1177.6</ele></trkpt>
    <trkpt lat="36.949305" lon="-3.762876"><ele>1176.3</ele></trkpt>
    <trkpt lat="36.94937" lon="-3.76317"><ele>1175.4</ele></trkpt>
    <trkpt lat="36.949577" lon="-3.764662"><ele>1169.6</ele></trkpt>
    <trkpt lat="36.949664" lon="-3.765022"><ele>1167.6</ele></trkpt>
    <trkpt lat="36.949767" lon="-3.765327"><ele>1165.5</ele></trkpt>
    <trkpt lat="36.949969" lon="-3.765776"><ele>1161.6</ele></trkpt>
    <trkpt lat="36.950064" lon="-3.766055"><ele>1159</ele></trkpt>
    <trkpt lat="36.950131" lon="-3.766317"><ele>1156.5</ele></trkpt>
    <trkpt lat="36.950176" lon="-3.766892"><ele>1151.2</ele></trkpt>
    <trkpt lat="36.950137" lon="-3.767333"><ele>1147.2</ele></trkpt>
    <trkpt lat="36.949951" lon="-3.768314"><ele>1139.6</ele></trkpt>
    <trkpt lat="36.949942" lon="-3.768579"><ele>1138</ele></trkpt>
    <trkpt lat="36.949989" lon="-3.769173"><ele>1134.6</ele></trkpt>
    <trkpt lat="36.949981" lon="-3.769461"><ele>1132.9</ele></trkpt>
    <trkpt lat="36.949923" lon="-3.769767"><ele>1131.2</ele></trkpt>
    <trkpt lat="36.949815" lon="-3.770103"><ele>1129</ele></trkpt>
    <trkpt lat="36.949244" lon="-3.771473"><ele>1121</ele></trkpt>
    <trkpt lat="36.949157" lon="-3.771831"><ele>1119.7</ele></trkpt>
    <trkpt lat="36.949103" lon="-3.772246"><ele>1118.5</ele></trkpt>
    <trkpt lat="36.949089" lon="-3.773754"><ele>1115.1</ele></trkpt>
    <trkpt lat="36.949058" lon="-3.77411"><ele>1114.2</ele></trkpt>
    <trkpt lat="36.948998" lon="-3.774383"><ele>1113.5</ele></trkpt>
    <trkpt lat="36.948789" lon="-3.775028"><ele>1111.6</ele></trkpt>
    <trkpt lat="36.948663" lon="-3.775718"><ele>1109.2</ele></trkpt>
    <trkpt lat="36.948522" lon="-3.776321"><ele>1106.3</ele></trkpt>
    <trkpt lat="36.948478" lon="-3.776656"><ele>1104.5</ele></trkpt>
    <trkpt lat="36.948473" lon="-3.777014"><ele>1102.3</ele></trkpt>
    <trkpt lat="36.948509" lon="-3.777391"><ele>1100</ele></trkpt>
    <trkpt lat="36.948663" lon="-3.778403"><ele>1094.6</ele></trkpt>
    <trkpt lat="36.948769" lon="-3.778726"><ele>1093.3</ele></trkpt>
    <trkpt lat="36.948885" lon="-3.778901"><ele>1092.6</ele></trkpt>
    <trkpt lat="36.949004" lon="-3.779024"><ele>1092.1</ele></trkpt>
    <trkpt lat="36.949137" lon="-3.779091"><ele>1091.7</ele></trkpt>
    <trkpt lat="36.949298" lon="-3.779113"><ele>1091.4</ele></trkpt>
    <trkpt lat="36.949454" lon="-3.779081"><ele>1091.2</ele></trkpt>
    <trkpt lat="36.949594" lon="-3.778996"><ele>1091.1</ele></trkpt>
    <trkpt lat="36.949717" lon="-3.778859"><ele>1091</ele></trkpt>
    <trkpt lat="36.949802" lon="-3.778694"><ele>1091</ele></trkpt>
    <trkpt lat="36.949836" lon="-3.778508"><ele>1091.1</ele></trkpt>
    <trkpt lat="36.949818" lon="-3.778269"><ele>1091.1</ele></trkpt>
    <trkpt lat="36.949418" lon="-3.776447"><ele>1091.6</ele></trkpt>
    <trkpt lat="36.949426" lon="-3.776215"><ele>1090.9</ele></trkpt>
    <trkpt lat="36.949471" lon="-3.775994"><ele>1090</ele></trkpt>
    <trkpt lat="36.949566" lon="-3.775792"><ele>1088.7</ele></trkpt>
    <trkpt lat="36.949703" lon="-3.775636"><ele>1087.3</ele></trkpt>
    <trkpt lat="36.949847" lon="-3.775548"><ele>1085.9</ele></trkpt>
    <trkpt lat="36.950005" lon="-3.775524"><ele>1084.3</ele></trkpt>
    <trkpt lat="36.950175" lon="-3.775561"><ele>1082.5</ele></trkpt>
    <trkpt lat="36.950381" lon="-3.775698"><ele>1079.8</ele></trkpt>
    <trkpt lat="36.950554" lon="-3.775942"><ele>1076.7</ele></trkpt>
    <trkpt lat="36.950708" lon="-3.776217"><ele>1073.5</ele></trkpt>
    <trkpt lat="36.951528" lon="-3.777865"><ele>1058.3</ele></trkpt>
    <trkpt lat="36.952124" lon="-3.779091"><ele>1049.2</ele></trkpt>
    <trkpt lat="36.9523" lon="-3.779492"><ele>1046.4</ele></trkpt>
    <trkpt lat="36.952517" lon="-3.780098"><ele>1042.6</ele></trkpt>
    <trkpt lat="36.952861" lon="-3.780727"><ele>1038.7</ele></trkpt>
    <trkpt lat="36.954272" lon="-3.782914"><ele>1030.2</ele></trkpt>
    <trkpt lat="36.954424" lon="-3.78309"><ele>1030.1</ele></trkpt>
    <trkpt lat="36.954606" lon="-3.783218"><ele>1029.9</ele></trkpt>
    <trkpt lat="36.95513" lon="-3.783455"><ele>1030.1</ele></trkpt>
    <trkpt lat="36.955351" lon="-3.783633"><ele>1030.5</ele></trkpt>
    <trkpt lat="36.955527" lon="-3.783845"><ele>1031</ele></trkpt>
    <trkpt lat="36.955663" lon="-3.784081"><ele>1031.4</ele></trkpt>
    <trkpt lat="36.955736" lon="-3.784269"><ele>1031.7</ele></trkpt>
    <trkpt lat="36.955794" lon="-3.784511"><ele>1032</ele></trkpt>
    <trkpt lat="36.955826" lon="-3.784868"><ele>1032.3</ele></trkpt>
    <trkpt lat="36.955815" lon="-3.785273"><ele>1032.3</ele></trkpt>
    <trkpt lat="36.955769" lon="-3.785745"><ele>1031.8</ele></trkpt>
    <trkpt lat="36.95569" lon="-3.786193"><ele>1030.6</ele></trkpt>
    <trkpt lat="36.955579" lon="-3.786635"><ele>1028.6</ele></trkpt>
    <trkpt lat="36.955145" lon="-3.787789"><ele>1021.6</ele></trkpt>
    <trkpt lat="36.954962" lon="-3.788204"><ele>1019.3</ele></trkpt>
    <trkpt lat="36.954752" lon="-3.788585"><ele>1017.1</ele></trkpt>
    <trkpt lat="36.954371" lon="-3.789137"><ele>1013.6</ele></trkpt>
    <trkpt lat="36.954175" lon="-3.789347"><ele>1012</ele></trkpt>
    <trkpt lat="36.953232" lon="-3.790061"><ele>1003.4</ele></trkpt>
    <trkpt lat="36.952971" lon="-3.790293"><ele>1000.6</ele></trkpt>
    <trkpt lat="36.952749" lon="-3.790532"><ele>998</ele></trkpt>
    <trkpt lat="36.952402" lon="-3.791054"><ele>993.3</ele></trkpt>
    <trkpt lat="36.9519" lon="-3.792026"><ele>986.2</ele></trkpt>
    <trkpt lat="36.951713" lon="-3.792318"><ele>984.3</ele></trkpt>
    <trkpt lat="36.951544" lon="-3.792531"><ele>982.9</ele></trkpt>
    <trkpt lat="36.95082" lon="-3.793226"><ele>978.4</ele></trkpt>
    <trkpt lat="36.950631" lon="-3.793449"><ele>977.3</ele></trkpt>
    <trkpt lat="36.950456" lon="-3.793718"><ele>976.2</ele></trkpt>
    <trkpt lat="36.949885" lon="-3.794921"><ele>971.8</ele></trkpt>
    <trkpt lat="36.949314" lon="-3.795971"><ele>965.7</ele></trkpt>
    <trkpt lat="36.948939" lon="-3.796485"><ele>961.3</ele></trkpt>
    <trkpt lat="36.947968" lon="-3.797494"><ele>950.8</ele></trkpt>
    <trkpt lat="36.947797" lon="-3.79769"><ele>949.2</ele></trkpt>
    <trkpt lat="36.94769" lon="-3.797855"><ele>948.1</ele></trkpt>
    <trkpt lat="36.947531" lon="-3.798154"><ele>946.3</ele></trkpt>
    <trkpt lat="36.947431" lon="-3.79845"><ele>944.8</ele></trkpt>
    <trkpt lat="36.947362" lon="-3.798816"><ele>943.5</ele></trkpt>
    <trkpt lat="36.947341" lon="-3.79922"><ele>942.1</ele></trkpt>
    <trkpt lat="36.947333" lon="-3.802913"><ele>933.9</ele></trkpt>
    <trkpt lat="36.94735" lon="-3.803389"><ele>933.2</ele></trkpt>
    <trkpt lat="36.947393" lon="-3.80379"><ele>932.5</ele></trkpt>
    <trkpt lat="36.947486" lon="-3.804194"><ele>931.8</ele></trkpt>
    <trkpt lat="36.947646" lon="-3.804688"><ele>930.8</ele></trkpt>
    <trkpt lat="36.948246" lon="-3.806245"><ele>926.9</ele></trkpt>
    <trkpt lat="36.948373" lon="-3.806692"><ele>926.1</ele></trkpt>
    <trkpt lat="36.948862" lon="-3.809408"><ele>922.8</ele></trkpt>
    <trkpt lat="36.948953" lon="-3.809667"><ele>922.4</ele></trkpt>
    <trkpt lat="36.949086" lon="-3.809912"><ele>921.9</ele></trkpt>
    <trkpt lat="36.949233" lon="-3.81012"><ele>921.5</ele></trkpt>
    <trkpt lat="36.949407" lon="-3.810302"><ele>921.2</ele></trkpt>
    <trkpt lat="36.949813" lon="-3.810624"><ele>920.6</ele></trkpt>
    <trkpt lat="36.949964" lon="-3.81083"><ele>920.2</ele></trkpt>
    <trkpt lat="36.950076" lon="-3.811091"><ele>919.7</ele></trkpt>
    <trkpt lat="36.950156" lon="-3.811513"><ele>918.9</ele></trkpt>
    <trkpt lat="36.950116" lon="-3.811817"><ele>918.2</ele></trkpt>
    <trkpt lat="36.950045" lon="-3.812091"><ele>917.4</ele></trkpt>
    <trkpt lat="36.949476" lon="-3.813708"><ele>910.8</ele></trkpt>
    <trkpt lat="36.949254" lon="-3.814346"><ele>909</ele></trkpt>
    <trkpt lat="36.949122" lon="-3.814811"><ele>908.2</ele></trkpt>
    <trkpt lat="36.949041" lon="-3.815282"><ele>907.8</ele></trkpt>
    <trkpt lat="36.949001" lon="-3.816214"><ele>907.8</ele></trkpt>
    <trkpt lat="36.949007" lon="-3.816422"><ele>907.8</ele></trkpt>
    <trkpt lat="36.949101" lon="-3.817213"><ele>907.1</ele></trkpt>
    <trkpt lat="36.949101" lon="-3.817681"><ele>906.8</ele></trkpt>
    <trkpt lat="36.94907" lon="-3.81797"><ele>906.7</ele></trkpt>
    <trkpt lat="36.949032" lon="-3.818211"><ele>906.6</ele></trkpt>
    <trkpt lat="36.948883" lon="-3.81879"><ele>906.2</ele></trkpt>
    <trkpt lat="36.948835" lon="-3.819202"><ele>906</ele></trkpt>
    <trkpt lat="36.948841" lon="-3.819548"><ele>906</ele></trkpt>
    <trkpt lat="36.948844" lon="-3.819738"><ele>906</ele></trkpt>
    <trkpt lat="36.948848" lon="-3.820014"><ele>906</ele></trkpt>
    <trkpt lat="36.948855" lon="-3.820219"><ele>905.9</ele></trkpt>
    <trkpt lat="36.948873" lon="-3.82045"><ele>905.9</ele></trkpt>
    <trkpt lat="36.94888" lon="-3.820658"><ele>905.8</ele></trkpt>
    <trkpt lat="36.948886" lon="-3.820897"><ele>905.5</ele></trkpt>
    <trkpt lat="36.948873" lon="-3.821087"><ele>905.3</ele></trkpt>
    <trkpt lat="36.948859" lon="-3.82152"><ele>905.3</ele></trkpt>
    <trkpt lat="36.948876" lon="-3.821742"><ele>905.6</ele></trkpt>
    <trkpt lat="36.948872" lon="-3.821823"><ele>905.6</ele></trkpt>
    <trkpt lat="36.948588" lon="-3.822254"><ele>906.5</ele></trkpt>
    <trkpt lat="36.948641" lon="-3.822419"><ele>906.8</ele></trkpt>
    <trkpt lat="36.948754" lon="-3.822565"><ele>907.1</ele></trkpt>
    <trkpt lat="36.948809" lon="-3.822704"><ele>907.4</ele></trkpt>
    <trkpt lat="36.948849" lon="-3.823132"><ele>908</ele></trkpt>
    <trkpt lat="36.948835" lon="-3.823449"><ele>908.6</ele></trkpt>
    <trkpt lat="36.948808" lon="-3.823504"><ele>908.7</ele></trkpt>
    <trkpt lat="36.94879" lon="-3.823615"><ele>908.9</ele></trkpt>
    <trkpt lat="36.948839" lon="-3.823837"><ele>909.1</ele></trkpt>
    <trkpt lat="36.948859" lon="-3.824069"><ele>909.1</ele></trkpt>
    <trkpt lat="36.949084" lon="-3.824605"><ele>907.8</ele></trkpt>
    <trkpt lat="36.949102" lon="-3.824663"><ele>907.6</ele></trkpt>
    <trkpt lat="36.949158" lon="-3.824843"><ele>906.9</ele></trkpt>
    <trkpt lat="36.94923" lon="-3.825037"><ele>906</ele></trkpt>
    <trkpt lat="36.949279" lon="-3.825263"><ele>904.9</ele></trkpt>
    <trkpt lat="36.949302" lon="-3.82554"><ele>903.4</ele></trkpt>
    <trkpt lat="36.949313" lon="-3.825772"><ele>902.1</ele></trkpt>
    <trkpt lat="36.949352" lon="-3.826544"><ele>897.7</ele></trkpt>
    <trkpt lat="36.949416" lon="-3.826947"><ele>895.3</ele></trkpt>
    <trkpt lat="36.949611" lon="-3.827368"><ele>892.7</ele></trkpt>
    <trkpt lat="36.949796" lon="-3.827615"><ele>891.1</ele></trkpt>
    <trkpt lat="36.950057" lon="-3.827891"><ele>889.4</ele></trkpt>
    <trkpt lat="36.950325" lon="-3.82826"><ele>887.5</ele></trkpt>
    <trkpt lat="36.950586" lon="-3.828805"><ele>885.2</ele></trkpt>
    <trkpt lat="36.950755" lon="-3.829384"><ele>882.9</ele></trkpt>
    <trkpt lat="36.95087" lon="-3.830096"><ele>880.3</ele></trkpt>
    <trkpt lat="36.950989" lon="-3.830831"><ele>877.9</ele></trkpt>
    <trkpt lat="36.951148" lon="-3.831296"><ele>876.5</ele></trkpt>
    <trkpt lat="36.951385" lon="-3.831669"><ele>875.5</ele></trkpt>
    <trkpt lat="36.952401" lon="-3.832803"><ele>873.5</ele></trkpt>
    <trkpt lat="36.952571" lon="-3.833047"><ele>873.3</ele></trkpt>
    <trkpt lat="36.95269" lon="-3.833282"><ele>873.1</ele></trkpt>
    <trkpt lat="36.95278" lon="-3.833557"><ele>873</ele></trkpt>
    <trkpt lat="36.952844" lon="-3.833882"><ele>872.8</ele></trkpt>
    <trkpt lat="36.9529" lon="-3.834573"><ele>872.4</ele></trkpt>
    <trkpt lat="36.952974" lon="-3.835049"><ele>871.9</ele></trkpt>
    <trkpt lat="36.953071" lon="-3.83543"><ele>871.4</ele></trkpt>
    <trkpt lat="36.953409" lon="-3.836316"><ele>870</ele></trkpt>
    <trkpt lat="36.953494" lon="-3.836658"><ele>869.3</ele></trkpt>
    <trkpt lat="36.953564" lon="-3.83724"><ele>868.1</ele></trkpt>
    <trkpt lat="36.95364" lon="-3.837525"><ele>867.4</ele></trkpt>
    <trkpt lat="36.954177" lon="-3.838652"><ele>864.6</ele></trkpt>
    <trkpt lat="36.954389" lon="-3.839194"><ele>863.7</ele></trkpt>
    <trkpt lat="36.954518" lon="-3.839588"><ele>863.2</ele></trkpt>
    <trkpt lat="36.95469" lon="-3.840417"><ele>862.3</ele></trkpt>
    <trkpt lat="36.955027" lon="-3.841561"><ele>860.5</ele></trkpt>
    <trkpt lat="36.955286" lon="-3.842288"><ele>859.1</ele></trkpt>
    <trkpt lat="36.955557" lon="-3.842868"><ele>858.2</ele></trkpt>
    <trkpt lat="36.956365" lon="-3.844219"><ele>857</ele></trkpt>
    <trkpt lat="36.95657" lon="-3.84487"><ele>856.5</ele></trkpt>
    <trkpt lat="36.956691" lon="-3.845338"><ele>856.2</ele></trkpt>
    <trkpt lat="36.956712" lon="-3.845694"><ele>855.8</ele></trkpt>
    <trkpt lat="36.956505" lon="-3.847776"><ele>853.4</ele></trkpt>
    <trkpt lat="36.95634" lon="-3.849741"><ele>850.6</ele></trkpt>
    <trkpt lat="36.956325" lon="-3.849959"><ele>850.3</ele></trkpt>
    <trkpt lat="36.956275" lon="-3.850502"><ele>849.9</ele></trkpt>
    <trkpt lat="36.956275" lon="-3.850866"><ele>849.7</ele></trkpt>
    <trkpt lat="36.956317" lon="-3.851102"><ele>849.6</ele></trkpt>
    <trkpt lat="36.956686" lon="-3.852422"><ele>849.3</ele></trkpt>
    <trkpt lat="36.956814" lon="-3.853"><ele>848.8</ele></trkpt>
    <trkpt lat="36.956927" lon="-3.853518"><ele>847.9</ele></trkpt>
    <trkpt lat="36.957026" lon="-3.854034"><ele>846.9</ele></trkpt>
    <trkpt lat="36.957121" lon="-3.854375"><ele>846.3</ele></trkpt>
    <trkpt lat="36.957182" lon="-3.854513"><ele>846.1</ele></trkpt>
    <trkpt lat="36.957362" lon="-3.854792"><ele>845.6</ele></trkpt>
    <trkpt lat="36.958369" lon="-3.856"><ele>845.1</ele></trkpt>
    <trkpt lat="36.958575" lon="-3.856217"><ele>845.2</ele></trkpt>
    <trkpt lat="36.958806" lon="-3.856418"><ele>845.4</ele></trkpt>
    <trkpt lat="36.960433" lon="-3.857562"><ele>847.8</ele></trkpt>
    <trkpt lat="36.960611" lon="-3.857633"><ele>848</ele></trkpt>
    <trkpt lat="36.96076" lon="-3.857654"><ele>848.1</ele></trkpt>
    <trkpt lat="36.961316" lon="-3.857618"><ele>848.1</ele></trkpt>
    <trkpt lat="36.962042" lon="-3.857869"><ele>847.2</ele></trkpt>
    <trkpt lat="36.962401" lon="-3.857952"><ele>846.6</ele></trkpt>
    <trkpt lat="36.963169" lon="-3.857955"><ele>845.2</ele></trkpt>
    <trkpt lat="36.963596" lon="-3.858009"><ele>844.5</ele></trkpt>
    <trkpt lat="36.963806" lon="-3.858065"><ele>844.2</ele></trkpt>
    <trkpt lat="36.964186" lon="-3.858256"><ele>843.4</ele></trkpt>
    <trkpt lat="36.964372" lon="-3.858392"><ele>843</ele></trkpt>
    <trkpt lat="36.967617" lon="-3.861349"><ele>835</ele></trkpt>
    <trkpt lat="36.968104" lon="-3.861722"><ele>835.1</ele></trkpt>
    <trkpt lat="36.968881" lon="-3.861975"><ele>836.7</ele></trkpt>
    <trkpt lat="36.969774" lon="-3.862572"><ele>840.7</ele></trkpt>
    <trkpt lat="36.969884" lon="-3.862617"><ele>841.2</ele></trkpt>
    <trkpt lat="36.970101" lon="-3.862657"><ele>842</ele></trkpt>
    <trkpt lat="36.970622" lon="-3.862542"><ele>843</ele></trkpt>
    <trkpt lat="36.97072" lon="-3.862551"><ele>843.1</ele></trkpt>
    <trkpt lat="36.970879" lon="-3.862635"><ele>843.1</ele></trkpt>
    <trkpt lat="36.971023" lon="-3.86283"><ele>843</ele></trkpt>
    <trkpt lat="36.971647" lon="-3.864133"><ele>839.2</ele></trkpt>
    <trkpt lat="36.971797" lon="-3.864373"><ele>838.6</ele></trkpt>
    <trkpt lat="36.971964" lon="-3.864535"><ele>838.1</ele></trkpt>
    <trkpt lat="36.972335" lon="-3.864719"><ele>837.5</ele></trkpt>
    <trkpt lat="36.972489" lon="-3.864838"><ele>837.3</ele></trkpt>
    <trkpt lat="36.972557" lon="-3.864931"><ele>837.2</ele></trkpt>
    <trkpt lat="36.97261" lon="-3.865056"><ele>837.2</ele></trkpt>
    <trkpt lat="36.972652" lon="-3.865308"><ele>837.2</ele></trkpt>
    <trkpt lat="36.97255" lon="-3.865819"><ele>837.6</ele></trkpt>
    <trkpt lat="36.972589" lon="-3.866255"><ele>838.1</ele></trkpt>
    <trkpt lat="36.973056" lon="-3.867721"><ele>841.5</ele></trkpt>
    <trkpt lat="36.973194" lon="-3.867971"><ele>842.9</ele></trkpt>
    <trkpt lat="36.973405" lon="-3.868144"><ele>844.6</ele></trkpt>
    <trkpt lat="36.97357" lon="-3.868178"><ele>845.8</ele></trkpt>
    <trkpt lat="36.973664" lon="-3.868165"><ele>846.6</ele></trkpt>
    <trkpt lat="36.973836" lon="-3.868082"><ele>848.1</ele></trkpt>
    <trkpt lat="36.973983" lon="-3.867952"><ele>849.6</ele></trkpt>
    <trkpt lat="36.974266" lon="-3.867608"><ele>853.3</ele></trkpt>
    <trkpt lat="36.974497" lon="-3.867154"><ele>857.3</ele></trkpt>
    <trkpt lat="36.974606" lon="-3.867013"><ele>858.7</ele></trkpt>
    <trkpt lat="36.974827" lon="-3.866888"><ele>860.7</ele></trkpt>
    <trkpt lat="36.975107" lon="-3.866812"><ele>862.7</ele></trkpt>
    <trkpt lat="36.975193" lon="-3.866764"><ele>863.3</ele></trkpt>
    <trkpt lat="36.975578" lon="-3.866367"><ele>866.2</ele></trkpt>
    <trkpt lat="36.975807" lon="-3.866229"><ele>867.5</ele></trkpt>
    <trkpt lat="36.975915" lon="-3.866204"><ele>868.1</ele></trkpt>
    <trkpt lat="36.976029" lon="-3.866199"><ele>868.7</ele></trkpt>
    <trkpt lat="36.97627" lon="-3.866255"><ele>869.9</ele></trkpt>
    <trkpt lat="36.977478" lon="-3.866916"><ele>877.9</ele></trkpt>
    <trkpt lat="36.978864" lon="-3.867693"><ele>890.7</ele></trkpt>
    <trkpt lat="36.979074" lon="-3.867759"><ele>892.5</ele></trkpt>
    <trkpt lat="36.97934" lon="-3.867732"><ele>894.8</ele></trkpt>
    <trkpt lat="36.979955" lon="-3.867396"><ele>900.3</ele></trkpt>
    <trkpt lat="36.980169" lon="-3.867357"><ele>902.1</ele></trkpt>
    <trkpt lat="36.982052" lon="-3.867839"><ele>914.8</ele></trkpt>
    <trkpt lat="36.982112" lon="-3.867856"><ele>914.9</ele></trkpt>
    <trkpt lat="36.9821" lon="-3.868021"><ele>915</ele></trkpt>
    <trkpt lat="36.982165" lon="-3.868319"><ele>914.7</ele></trkpt>
    <trkpt lat="36.982166" lon="-3.868424"><ele>914.6</ele></trkpt>
    <trkpt lat="36.98209" lon="-3.868608"><ele>914.1</ele></trkpt>
    <trkpt lat="36.980763" lon="-3.870075"><ele>901.6</ele></trkpt>
    <trkpt lat="36.980687" lon="-3.870197"><ele>901</ele></trkpt>
    <trkpt lat="36.980658" lon="-3.870331"><ele>900.5</ele></trkpt>
    <trkpt lat="36.980658" lon="-3.870443"><ele>900.1</ele></trkpt>
    <trkpt lat="36.980683" lon="-3.870543"><ele>899.8</ele></trkpt>
    <trkpt lat="36.980749" lon="-3.870654"><ele>899.5</ele></trkpt>
    <trkpt lat="36.982709" lon="-3.872757"><ele>900.6</ele></trkpt>
    <trkpt lat="36.982901" lon="-3.872836"><ele>900.6</ele></trkpt>
    <trkpt lat="36.983093" lon="-3.872785"><ele>900.5</ele></trkpt>
    <trkpt lat="36.983181" lon="-3.872702"><ele>900.4</ele></trkpt>
    <trkpt lat="36.98325" lon="-3.872563"><ele>900.2</ele></trkpt>
    <trkpt lat="36.983362" lon="-3.87215"><ele>899.4</ele></trkpt>
    <trkpt lat="36.98346" lon="-3.87154"><ele>897.7</ele></trkpt>
    <trkpt lat="36.983533" lon="-3.87135"><ele>897</ele></trkpt>
    <trkpt lat="36.984235" lon="-3.870284"><ele>891.6</ele></trkpt>
    <trkpt lat="36.98472" lon="-3.869417"><ele>887</ele></trkpt>
    <trkpt lat="36.984835" lon="-3.869255"><ele>886</ele></trkpt>
    <trkpt lat="36.985051" lon="-3.869071"><ele>884.5</ele></trkpt>
    <trkpt lat="36.985134" lon="-3.869033"><ele>884</ele></trkpt>
    <trkpt lat="36.985264" lon="-3.869023"><ele>883.2</ele></trkpt>
    <trkpt lat="36.985515" lon="-3.869073"><ele>881.8</ele></trkpt>
    <trkpt lat="36.985626" lon="-3.869123"><ele>881.1</ele></trkpt>
    <trkpt lat="36.985828" lon="-3.869339"><ele>879.5</ele></trkpt>
    <trkpt lat="36.98753" lon="-3.872153"><ele>867.1</ele></trkpt>
    <trkpt lat="36.987632" lon="-3.87228"><ele>866.9</ele></trkpt>
    <trkpt lat="36.987715" lon="-3.872351"><ele>866.7</ele></trkpt>
    <trkpt lat="36.987887" lon="-3.872395"><ele>866.5</ele></trkpt>
    <trkpt lat="36.987981" lon="-3.872376"><ele>866.4</ele></trkpt>
    <trkpt lat="36.988079" lon="-3.87232"><ele>866.3</ele></trkpt>
    <trkpt lat="36.988167" lon="-3.872236"><ele>866.2</ele></trkpt>
    <trkpt lat="36.988226" lon="-3.872119"><ele>866.1</ele></trkpt>
    <trkpt lat="36.988263" lon="-3.871975"><ele>866</ele></trkpt>
    <trkpt lat="36.988296" lon="-3.87163"><ele>865.7</ele></trkpt>
    <trkpt lat="36.988411" lon="-3.871403"><ele>865.5</ele></trkpt>
    <trkpt lat="36.988494" lon="-3.87133"><ele>865.3</ele></trkpt>
    <trkpt lat="36.988589" lon="-3.8713"><ele>865.2</ele></trkpt>
    <trkpt lat="36.988762" lon="-3.871313"><ele>865</ele></trkpt>
    <trkpt lat="36.988893" lon="-3.87142"><ele>864.6</ele></trkpt>
    <trkpt lat="36.988953" lon="-3.871513"><ele>864.4</ele></trkpt>
    <trkpt lat="36.989288" lon="-3.872721"><ele>860.9</ele></trkpt>
    <trkpt lat="36.989449" lon="-3.873178"><ele>859.6</ele></trkpt>
    <trkpt lat="36.9897" lon="-3.873634"><ele>858.2</ele></trkpt>
    <trkpt lat="36.991457" lon="-3.876138"><ele>850.7</ele></trkpt>
    <trkpt lat="36.992858" lon="-3.878195"><ele>846.5</ele></trkpt>
    <trkpt lat="36.993846" lon="-3.87966"><ele>842.3</ele></trkpt>
    <trkpt lat="36.994918" lon="-3.881355"><ele>836.3</ele></trkpt>
    <trkpt lat="36.99513" lon="-3.881861"><ele>834.8</ele></trkpt>
    <trkpt lat="36.995662" lon="-3.883593"><ele>831.3</ele></trkpt>
    <trkpt lat="36.995962" lon="-3.884602"><ele>830.8</ele></trkpt>
    <trkpt lat="36.996592" lon="-3.886713"><ele>831.2</ele></trkpt>
    <trkpt lat="36.996616" lon="-3.886788"><ele>831.2</ele></trkpt>
    <trkpt lat="36.996841" lon="-3.887569"><ele>832.1</ele></trkpt>
    <trkpt lat="36.996943" lon="-3.887836"><ele>832.7</ele></trkpt>
    <trkpt lat="36.997179" lon="-3.88833"><ele>834.4</ele></trkpt>
    <trkpt lat="36.997563" lon="-3.889055"><ele>837.4</ele></trkpt>
    <trkpt lat="36.997717" lon="-3.889196"><ele>838.3</ele></trkpt>
    <trkpt lat="36.998578" lon="-3.889728"><ele>841</ele></trkpt>
    <trkpt lat="36.998408" lon="-3.890045"><ele>841</ele></trkpt>
    <trkpt lat="36.997981" lon="-3.890698"><ele>839</ele></trkpt>
    <trkpt lat="36.997769" lon="-3.891014"><ele>837.1</ele></trkpt>
    <trkpt lat="36.997363" lon="-3.891609"><ele>832.8</ele></trkpt>
    <trkpt lat="36.99725" lon="-3.891749"><ele>831.5</ele></trkpt>
    <trkpt lat="36.997099" lon="-3.891879"><ele>830.2</ele></trkpt>
    <trkpt lat="36.996549" lon="-3.892279"><ele>826.2</ele></trkpt>
    <trkpt lat="36.996313" lon="-3.892563"><ele>824.7</ele></trkpt>
    <trkpt lat="36.996145" lon="-3.892951"><ele>823.6</ele></trkpt>
    <trkpt lat="36.996094" lon="-3.893159"><ele>823.3</ele></trkpt>
    <trkpt lat="36.996076" lon="-3.89346"><ele>823.2</ele></trkpt>
    <trkpt lat="36.996071" lon="-3.893539"><ele>823.3</ele></trkpt>
    <trkpt lat="36.996093" lon="-3.893745"><ele>823.4</ele></trkpt>
    <trkpt lat="36.996201" lon="-3.894122"><ele>824.1</ele></trkpt>
    <trkpt lat="36.996423" lon="-3.89447"><ele>825.2</ele></trkpt>
    <trkpt lat="36.996642" lon="-3.894679"><ele>826.1</ele></trkpt>
    <trkpt lat="36.997259" lon="-3.894993"><ele>828.5</ele></trkpt>
    <trkpt lat="36.997367" lon="-3.895075"><ele>828.9</ele></trkpt>
    <trkpt lat="36.997473" lon="-3.895211"><ele>829.4</ele></trkpt>
    <trkpt lat="36.999068" lon="-3.897988"><ele>835.4</ele></trkpt>
    <trkpt lat="36.999442" lon="-3.898646"><ele>837.5</ele></trkpt>
    <trkpt lat="36.999493" lon="-3.898777"><ele>837.9</ele></trkpt>
    <trkpt lat="36.999524" lon="-3.89901"><ele>838.5</ele></trkpt>
    <trkpt lat="36.999449" lon="-3.89936"><ele>839.5</ele></trkpt>
    <trkpt lat="36.998981" lon="-3.900556"><ele>844</ele></trkpt>
    <trkpt lat="36.99894" lon="-3.900712"><ele>844.6</ele></trkpt>
    <trkpt lat="36.998939" lon="-3.901049"><ele>845.8</ele></trkpt>
    <trkpt lat="36.999132" lon="-3.902961"><ele>855.3</ele></trkpt>
    <trkpt lat="36.999138" lon="-3.903267"><ele>857</ele></trkpt>
    <trkpt lat="36.999105" lon="-3.903403"><ele>857.7</ele></trkpt>
    <trkpt lat="36.998928" lon="-3.903632"><ele>859.5</ele></trkpt>
    <trkpt lat="36.998442" lon="-3.904008"><ele>863.4</ele></trkpt>
    <trkpt lat="36.998359" lon="-3.904136"><ele>864.3</ele></trkpt>
    <trkpt lat="36.998326" lon="-3.904247"><ele>865</ele></trkpt>
    <trkpt lat="36.998329" lon="-3.904466"><ele>866.1</ele></trkpt>
    <trkpt lat="36.998364" lon="-3.904552"><ele>866.6</ele></trkpt>
    <trkpt lat="36.998455" lon="-3.90465"><ele>867.4</ele></trkpt>
    <trkpt lat="36.99862" lon="-3.904714"><ele>868.6</ele></trkpt>
    <trkpt lat="36.999362" lon="-3.904686"><ele>873.5</ele></trkpt>
    <trkpt lat="36.999758" lon="-3.904602"><ele>876.2</ele></trkpt>
    <trkpt lat="36.999908" lon="-3.904598"><ele>877.1</ele></trkpt>
    <trkpt lat="37.000005" lon="-3.904622"><ele>877.8</ele></trkpt>
    <trkpt lat="37.000082" lon="-3.904675"><ele>878.4</ele></trkpt>
    <trkpt lat="37.000183" lon="-3.904816"><ele>879.4</ele></trkpt>
    <trkpt lat="37.000224" lon="-3.904927"><ele>880</ele></trkpt>
    <trkpt lat="37.000543" lon="-3.906172"><ele>886.7</ele></trkpt>
    <trkpt lat="37.000752" lon="-3.906393"><ele>888.2</ele></trkpt>
    <trkpt lat="37.001228" lon="-3.906653"><ele>890.6</ele></trkpt>
    <trkpt lat="37.001695" lon="-3.90738"><ele>892.9</ele></trkpt>
    <trkpt lat="37.002125" lon="-3.908107"><ele>893.9</ele></trkpt>
    <trkpt lat="37.002329" lon="-3.908691"><ele>895.2</ele></trkpt>
    <trkpt lat="37.002353" lon="-3.908788"><ele>895.5</ele></trkpt>
    <trkpt lat="37.00245" lon="-3.909194"><ele>896.7</ele></trkpt>
    <trkpt lat="37.002751" lon="-3.909716"><ele>898.8</ele></trkpt>
    <trkpt lat="37.002984" lon="-3.9107"><ele>902.5</ele></trkpt>
    <trkpt lat="37.003062" lon="-3.910887"><ele>903.1</ele></trkpt>
    <trkpt lat="37.003214" lon="-3.911019"><ele>903.6</ele></trkpt>
    <trkpt lat="37.003481" lon="-3.911142"><ele>904.4</ele></trkpt>
    <trkpt lat="37.004036" lon="-3.911239"><ele>905.7</ele></trkpt>
    <trkpt lat="37.004271" lon="-3.911306"><ele>906.2</ele></trkpt>
    <trkpt lat="37.005567" lon="-3.912111"><ele>910.5</ele></trkpt>
    <trkpt lat="37.006329" lon="-3.9127"><ele>913.4</ele></trkpt>
    <trkpt lat="37.006421" lon="-3.912778"><ele>913.8</ele></trkpt>
    <trkpt lat="37.006726" lon="-3.913042"><ele>914.9</ele></trkpt>
    <trkpt lat="37.006901" lon="-3.913283"><ele>915.6</ele></trkpt>
    <trkpt lat="37.006973" lon="-3.913548"><ele>916.2</ele></trkpt>
    <trkpt lat="37.0071" lon="-3.913736"><ele>916.7</ele></trkpt>
    <trkpt lat="37.007258" lon="-3.913803"><ele>917.1</ele></trkpt>
    <trkpt lat="37.007456" lon="-3.913783"><ele>917.6</ele></trkpt>
    <trkpt lat="37.007764" lon="-3.913806"><ele>918.4</ele></trkpt>
    <trkpt lat="37.008342" lon="-3.913929"><ele>919.8</ele></trkpt>
    <trkpt lat="37.009831" lon="-3.913712"><ele>926</ele></trkpt>
    <trkpt lat="37.010059" lon="-3.913849"><ele>927.5</ele></trkpt>
    <trkpt lat="37.01031" lon="-3.914444"><ele>930.6</ele></trkpt>
    <trkpt lat="37.010413" lon="-3.914753"><ele>932.1</ele></trkpt>
    <trkpt lat="37.010418" lon="-3.914912"><ele>932.8</ele></trkpt>
    <trkpt lat="37.010422" lon="-3.915034"><ele>933.3</ele></trkpt>
    <trkpt lat="37.010173" lon="-3.915805"><ele>936.3</ele></trkpt>
    <trkpt lat="37.010144" lon="-3.916037"><ele>936.9</ele></trkpt>
    <trkpt lat="37.010378" lon="-3.916711"><ele>938.6</ele></trkpt>
    <trkpt lat="37.010419" lon="-3.91707"><ele>939.5</ele></trkpt>
    <trkpt lat="37.010383" lon="-3.917548"><ele>940.6</ele></trkpt>
    <trkpt lat="37.010439" lon="-3.917804"><ele>941.3</ele></trkpt>
    <trkpt lat="37.010557" lon="-3.918151"><ele>942.2</ele></trkpt>
    <trkpt lat="37.010473" lon="-3.919538"><ele>945.6</ele></trkpt>
    <trkpt lat="37.010587" lon="-3.9198"><ele>946.2</ele></trkpt>
    <trkpt lat="37.011365" lon="-3.920429"><ele>948.9</ele></trkpt>
    <trkpt lat="37.011514" lon="-3.920718"><ele>949.9</ele></trkpt>
    <trkpt lat="37.011561" lon="-3.921094"><ele>951.1</ele></trkpt>
    <trkpt lat="37.011633" lon="-3.922289"><ele>955.1</ele></trkpt>
    <trkpt lat="37.011697" lon="-3.922718"><ele>956.6</ele></trkpt>
    <trkpt lat="37.011905" lon="-3.923447"><ele>958.9</ele></trkpt>
    <trkpt lat="37.011994" lon="-3.923867"><ele>960.1</ele></trkpt>
    <trkpt lat="37.012002" lon="-3.924184"><ele>960.8</ele></trkpt>
    <trkpt lat="37.011954" lon="-3.925204"><ele>963.4</ele></trkpt>
    <trkpt lat="37.012029" lon="-3.925484"><ele>964.2</ele></trkpt>
    <trkpt lat="37.012243" lon="-3.926034"><ele>965.9</ele></trkpt>
    <trkpt lat="37.012212" lon="-3.92655"><ele>967.6</ele></trkpt>
    <trkpt lat="37.012259" lon="-3.926969"><ele>968.9</ele></trkpt>
    <trkpt lat="37.012342" lon="-3.927283"><ele>969.9</ele></trkpt>
    <trkpt lat="37.012568" lon="-3.92785"><ele>971.3</ele></trkpt>
    <trkpt lat="37.012892" lon="-3.928322"><ele>972</ele></trkpt>
    <trkpt lat="37.013228" lon="-3.928663"><ele>972.6</ele></trkpt>
    <trkpt lat="37.013554" lon="-3.928817"><ele>973</ele></trkpt>
    <trkpt lat="37.013747" lon="-3.928907"><ele>973.3</ele></trkpt>
    <trkpt lat="37.014878" lon="-3.930053"><ele>976.7</ele></trkpt>
    <trkpt lat="37.015293" lon="-3.930112"><ele>977.7</ele></trkpt>
    <trkpt lat="37.015438" lon="-3.930107"><ele>978</ele></trkpt>
    <trkpt lat="37.015919" lon="-3.930252"><ele>978.8</ele></trkpt>
    <trkpt lat="37.016453" lon="-3.93023"><ele>979.9</ele></trkpt>
    <trkpt lat="37.01672" lon="-3.930173"><ele>980.7</ele></trkpt>
    <trkpt lat="37.017137" lon="-3.929697"><ele>983.5</ele></trkpt>
    <trkpt lat="37.017397" lon="-3.929651"><ele>985.2</ele></trkpt>
    <trkpt lat="37.017591" lon="-3.929761"><ele>986.6</ele></trkpt>
    <trkpt lat="37.017737" lon="-3.930035"><ele>988.4</ele></trkpt>
    <trkpt lat="37.017849" lon="-3.930493"><ele>990.9</ele></trkpt>
    <trkpt lat="37.018012" lon="-3.930926"><ele>993</ele></trkpt>
    <trkpt lat="37.018269" lon="-3.931448"><ele>994.7</ele></trkpt>
    <trkpt lat="37.018453" lon="-3.931611"><ele>995.2</ele></trkpt>
    <trkpt lat="37.018778" lon="-3.931705"><ele>995.7</ele></trkpt>
    <trkpt lat="37.019243" lon="-3.931773"><ele>996.4</ele></trkpt>
    <trkpt lat="37.019791" lon="-3.931538"><ele>998</ele></trkpt>
    <trkpt lat="37.020021" lon="-3.931555"><ele>998.9</ele></trkpt>
    <trkpt lat="37.020907" lon="-3.932559"><ele>1003.9</ele></trkpt>
    <trkpt lat="37.021104" lon="-3.932698"><ele>1004.8</ele></trkpt>
    <trkpt lat="37.022028" lon="-3.932941"><ele>1008.6</ele></trkpt>
    <trkpt lat="37.022411" lon="-3.933289"><ele>1011</ele></trkpt>
    <trkpt lat="37.02319" lon="-3.934581"><ele>1016.8</ele></trkpt>
    <trkpt lat="37.023385" lon="-3.93472"><ele>1017.5</ele></trkpt>
    <trkpt lat="37.023512" lon="-3.93474"><ele>1017.9</ele></trkpt>
    <trkpt lat="37.0236" lon="-3.934754"><ele>1018</ele></trkpt>
    <trkpt lat="37.024301" lon="-3.934864"><ele>1019</ele></trkpt>
    <trkpt lat="37.025326" lon="-3.934893"><ele>1021.9</ele></trkpt>
    <trkpt lat="37.025564" lon="-3.934864"><ele>1023.2</ele></trkpt>
    <trkpt lat="37.025798" lon="-3.93479"><ele>1024.7</ele></trkpt>
    <trkpt lat="37.026071" lon="-3.934743"><ele>1026.4</ele></trkpt>
    <trkpt lat="37.026281" lon="-3.93482"><ele>1027.8</ele></trkpt>
    <trkpt lat="37.026452" lon="-3.93503"><ele>1029.2</ele></trkpt>
    <trkpt lat="37.026564" lon="-3.935307"><ele>1030.7</ele></trkpt>
    <trkpt lat="37.027449" lon="-3.938093"><ele>1035.4</ele></trkpt>
    <trkpt lat="37.027614" lon="-3.938301"><ele>1035.5</ele></trkpt>
    <trkpt lat="37.029343" lon="-3.939786"><ele>1036.7</ele></trkpt>
    <trkpt lat="37.029672" lon="-3.940192"><ele>1036.9</ele></trkpt>
    <trkpt lat="37.030203" lon="-3.941129"><ele>1036.7</ele></trkpt>
    <trkpt lat="37.030615" lon="-3.941676"><ele>1035.8</ele></trkpt>
    <trkpt lat="37.030673" lon="-3.94176"><ele>1035.6</ele></trkpt>
    <trkpt lat="37.030834" lon="-3.941772"><ele>1035.2</ele></trkpt>
    <trkpt lat="37.030901" lon="-3.94153"><ele>1034.6</ele></trkpt>
    <trkpt lat="37.031501" lon="-3.938176"><ele>1023.7</ele></trkpt>
    <trkpt lat="37.031632" lon="-3.937774"><ele>1022.3</ele></trkpt>
    <trkpt lat="37.031804" lon="-3.937421"><ele>1020.9</ele></trkpt>
    <trkpt lat="37.032011" lon="-3.937134"><ele>1019.4</ele></trkpt>
    <trkpt lat="37.032149" lon="-3.937025"><ele>1018.5</ele></trkpt>
    <trkpt lat="37.032356" lon="-3.936978"><ele>1017.3</ele></trkpt>
    <trkpt lat="37.032771" lon="-3.936964"><ele>1014.6</ele></trkpt>
    <trkpt lat="37.033228" lon="-3.936798"><ele>1011.1</ele></trkpt>
    <trkpt lat="37.033573" lon="-3.9368"><ele>1008.4</ele></trkpt>
    <trkpt lat="37.033637" lon="-3.936768"><ele>1007.8</ele></trkpt>
    <trkpt lat="37.033671" lon="-3.936705"><ele>1007.4</ele></trkpt>
    <trkpt lat="37.033678" lon="-3.936533"><ele>1006.3</ele></trkpt>
    <trkpt lat="37.033558" lon="-3.936188"><ele>1003.9</ele></trkpt>
    <trkpt lat="37.033534" lon="-3.935955"><ele>1002.4</ele></trkpt>
    <trkpt lat="37.033568" lon="-3.935587"><ele>1000.1</ele></trkpt>
    <trkpt lat="37.033516" lon="-3.935378"><ele>998.7</ele></trkpt>
    <trkpt lat="37.03322" lon="-3.934881"><ele>994.8</ele></trkpt>
    <trkpt lat="37.03309" lon="-3.934752"><ele>993.5</ele></trkpt>
    <trkpt lat="37.032782" lon="-3.934551"><ele>991</ele></trkpt>
    <trkpt lat="37.032703" lon="-3.934457"><ele>990.3</ele></trkpt>
    <trkpt lat="37.032652" lon="-3.934332"><ele>989.5</ele></trkpt>
    <trkpt lat="37.032622" lon="-3.934175"><ele>988.7</ele></trkpt>
    <trkpt lat="37.032634" lon="-3.933748"><ele>986.7</ele></trkpt>
    <trkpt lat="37.032674" lon="-3.933407"><ele>985.2</ele></trkpt>
    <trkpt lat="37.032709" lon="-3.933317"><ele>984.8</ele></trkpt>
    <trkpt lat="37.03276" lon="-3.93327"><ele>984.4</ele></trkpt>
    <trkpt lat="37.033114" lon="-3.933141"><ele>982.4</ele></trkpt>
    <trkpt lat="37.033205" lon="-3.933076"><ele>981.9</ele></trkpt>
    <trkpt lat="37.033276" lon="-3.932965"><ele>981.3</ele></trkpt>
    <trkpt lat="37.033344" lon="-3.932662"><ele>980.1</ele></trkpt>
    <trkpt lat="37.033538" lon="-3.932041"><ele>977.4</ele></trkpt>
    <trkpt lat="37.03355" lon="-3.931873"><ele>976.7</ele></trkpt>
    <trkpt lat="37.033416" lon="-3.931301"><ele>974.4</ele></trkpt>
    <trkpt lat="37.033425" lon="-3.931174"><ele>974</ele></trkpt>
    <trkpt lat="37.033463" lon="-3.931025"><ele>973.6</ele></trkpt>
    <trkpt lat="37.033882" lon="-3.930227"><ele>971.8</ele></trkpt>
    <trkpt lat="37.033951" lon="-3.930174"><ele>971.6</ele></trkpt>
    <trkpt lat="37.034065" lon="-3.930171"><ele>971.4</ele></trkpt>
    <trkpt lat="37.034192" lon="-3.930208"><ele>971.2</ele></trkpt>
    <trkpt lat="37.034337" lon="-3.930319"><ele>970.8</ele></trkpt>
    <trkpt lat="37.034429" lon="-3.930494"><ele>970.5</ele></trkpt>
    <trkpt lat="37.034629" lon="-3.931099"><ele>968.8</ele></trkpt>
    <trkpt lat="37.034719" lon="-3.931231"><ele>968.2</ele></trkpt>
    <trkpt lat="37.034817" lon="-3.931307"><ele>967.7</ele></trkpt>
    <trkpt lat="37.034932" lon="-3.93135"><ele>967.1</ele></trkpt>
    <trkpt lat="37.035029" lon="-3.931353"><ele>966.6</ele></trkpt>
    <trkpt lat="37.035149" lon="-3.931279"><ele>965.9</ele></trkpt>
    <trkpt lat="37.03538" lon="-3.931061"><ele>964</ele></trkpt>
    <trkpt lat="37.035503" lon="-3.931019"><ele>963.1</ele></trkpt>
    <trkpt lat="37.035626" lon="-3.931029"><ele>962.1</ele></trkpt>
    <trkpt lat="37.036265" lon="-3.931247"><ele>955.8</ele></trkpt>
    <trkpt lat="37.036352" lon="-3.931242"><ele>954.8</ele></trkpt>
    <trkpt lat="37.036437" lon="-3.931193"><ele>953.8</ele></trkpt>
    <trkpt lat="37.036494" lon="-3.931117"><ele>952.9</ele></trkpt>
    <trkpt lat="37.036709" lon="-3.930697"><ele>948.3</ele></trkpt>
    <trkpt lat="37.036822" lon="-3.930165"><ele>943.1</ele></trkpt>
    <trkpt lat="37.037107" lon="-3.92927"><ele>935.4</ele></trkpt>
    <trkpt lat="37.03732" lon="-3.928447"><ele>931.9</ele></trkpt>
    <trkpt lat="37.037374" lon="-3.928354"><ele>931.6</ele></trkpt>
    <trkpt lat="37.037489" lon="-3.928291"><ele>931.2</ele></trkpt>
    <trkpt lat="37.037616" lon="-3.928289"><ele>930.9</ele></trkpt>
    <trkpt lat="37.03777" lon="-3.928327"><ele>930.7</ele></trkpt>
    <trkpt lat="37.038197" lon="-3.928517"><ele>930.3</ele></trkpt>
    <trkpt lat="37.03829" lon="-3.928531"><ele>930.3</ele></trkpt>
    <trkpt lat="37.038542" lon="-3.928412"><ele>930.3</ele></trkpt>
    <trkpt lat="37.038745" lon="-3.928378"><ele>930.3</ele></trkpt>
    <trkpt lat="37.038879" lon="-3.928402"><ele>930.2</ele></trkpt>
    <trkpt lat="37.038989" lon="-3.92846"><ele>930</ele></trkpt>
    <trkpt lat="37.039082" lon="-3.928554"><ele>929.8</ele></trkpt>
    <trkpt lat="37.039362" lon="-3.929068"><ele>928.4</ele></trkpt>
    <trkpt lat="37.039442" lon="-3.929136"><ele>928.1</ele></trkpt>
    <trkpt lat="37.039554" lon="-3.929167"><ele>927.7</ele></trkpt>
    <trkpt lat="37.039659" lon="-3.929151"><ele>927.3</ele></trkpt>
    <trkpt lat="37.040398" lon="-3.928742"><ele>923.9</ele></trkpt>
    <trkpt lat="37.040546" lon="-3.928714"><ele>923.1</ele></trkpt>
    <trkpt lat="37.040672" lon="-3.928726"><ele>922.5</ele></trkpt>
    <trkpt lat="37.041033" lon="-3.928929"><ele>920.5</ele></trkpt>
    <trkpt lat="37.041173" lon="-3.929057"><ele>919.6</ele></trkpt>
    <trkpt lat="37.041628" lon="-3.929649"><ele>916.3</ele></trkpt>
    <trkpt lat="37.041851" lon="-3.92984"><ele>914.7</ele></trkpt>
    <trkpt lat="37.042411" lon="-3.930203"><ele>910.6</ele></trkpt>
    <trkpt lat="37.042531" lon="-3.930227"><ele>909.7</ele></trkpt>
    <trkpt lat="37.042643" lon="-3.930223"><ele>908.9</ele></trkpt>
    <trkpt lat="37.042957" lon="-3.930083"><ele>906.5</ele></trkpt>
    <trkpt lat="37.043818" lon="-3.929818"><ele>899.7</ele></trkpt>
    <trkpt lat="37.043972" lon="-3.929704"><ele>898.3</ele></trkpt>
    <trkpt lat="37.044221" lon="-3.929426"><ele>895.9</ele></trkpt>
    <trkpt lat="37.044414" lon="-3.929342"><ele>894.3</ele></trkpt>
    <trkpt lat="37.045599" lon="-3.929337"><ele>886.1</ele></trkpt>
    <trkpt lat="37.045749" lon="-3.929298"><ele>885.2</ele></trkpt>
    <trkpt lat="37.045901" lon="-3.929175"><ele>884.2</ele></trkpt>
    <trkpt lat="37.046204" lon="-3.928787"><ele>882.2</ele></trkpt>
    <trkpt lat="37.046286" lon="-3.928714"><ele>881.8</ele></trkpt>
    <trkpt lat="37.046382" lon="-3.928697"><ele>881.4</ele></trkpt>
    <trkpt lat="37.04647" lon="-3.928715"><ele>881.1</ele></trkpt>
    <trkpt lat="37.047013" lon="-3.928963"><ele>879.1</ele></trkpt>
    <trkpt lat="37.047842" lon="-3.929086"><ele>875.8</ele></trkpt>
    <trkpt lat="37.047984" lon="-3.92917"><ele>874.9</ele></trkpt>
    <trkpt lat="37.048157" lon="-3.929413"><ele>873.2</ele></trkpt>
    <trkpt lat="37.048308" lon="-3.929487"><ele>872.1</ele></trkpt>
    <trkpt lat="37.048475" lon="-3.929432"><ele>870.7</ele></trkpt>
    <trkpt lat="37.04855" lon="-3.929357"><ele>869.9</ele></trkpt>
    <trkpt lat="37.048604" lon="-3.92925"><ele>869.1</ele></trkpt>
    <trkpt lat="37.048619" lon="-3.92914"><ele>868.3</ele></trkpt>
    <trkpt lat="37.048467" lon="-3.92805"><ele>860.6</ele></trkpt>
    <trkpt lat="37.048487" lon="-3.927768"><ele>858.8</ele></trkpt>
    <trkpt lat="37.048653" lon="-3.927084"><ele>855.1</ele></trkpt>
    <trkpt lat="37.048758" lon="-3.926898"><ele>854.2</ele></trkpt>
    <trkpt lat="37.049213" lon="-3.926461"><ele>851.9</ele></trkpt>
    <trkpt lat="37.049355" lon="-3.926378"><ele>851.3</ele></trkpt>
    <trkpt lat="37.049518" lon="-3.926278"><ele>850.5</ele></trkpt>
    <trkpt lat="37.049732" lon="-3.926205"><ele>849.5</ele></trkpt>
    <trkpt lat="37.050264" lon="-3.926207"><ele>846.8</ele></trkpt>
    <trkpt lat="37.051131" lon="-3.925748"><ele>840.7</ele></trkpt>
    <trkpt lat="37.051192" lon="-3.925657"><ele>840.1</ele></trkpt>
    <trkpt lat="37.0512" lon="-3.925547"><ele>839.5</ele></trkpt>
    <trkpt lat="37.051165" lon="-3.925455"><ele>838.9</ele></trkpt>
    <trkpt lat="37.051103" lon="-3.925401"><ele>838.4</ele></trkpt>
    <trkpt lat="37.050913" lon="-3.925358"><ele>837.1</ele></trkpt>
    <trkpt lat="37.050535" lon="-3.925334"><ele>834.6</ele></trkpt>
    <trkpt lat="37.050386" lon="-3.925294"><ele>833.6</ele></trkpt>
    <trkpt lat="37.049934" lon="-3.924939"><ele>830</ele></trkpt>
    <trkpt lat="37.049307" lon="-3.924289"><ele>824.4</ele></trkpt>
    <trkpt lat="37.049232" lon="-3.924228"><ele>823.8</ele></trkpt>
    <trkpt lat="37.049143" lon="-3.924213"><ele>823.2</ele></trkpt>
    <trkpt lat="37.049055" lon="-3.924228"><ele>822.6</ele></trkpt>
    <trkpt lat="37.048544" lon="-3.924547"><ele>819.3</ele></trkpt>
    <trkpt lat="37.048436" lon="-3.924564"><ele>818.8</ele></trkpt>
    <trkpt lat="37.04834" lon="-3.924541"><ele>818.4</ele></trkpt>
    <trkpt lat="37.048056" lon="-3.924428"><ele>817.3</ele></trkpt>
    <trkpt lat="37.047951" lon="-3.92445"><ele>817</ele></trkpt>
    <trkpt lat="37.047834" lon="-3.92452"><ele>816.5</ele></trkpt>
    <trkpt lat="37.047577" lon="-3.924923"><ele>815</ele></trkpt>
    <trkpt lat="37.047507" lon="-3.924963"><ele>814.7</ele></trkpt>
    <trkpt lat="37.047441" lon="-3.924962"><ele>814.4</ele></trkpt>
    <trkpt lat="37.047375" lon="-3.924916"><ele>814</ele></trkpt>
    <trkpt lat="37.047293" lon="-3.924756"><ele>813.2</ele></trkpt>
    <trkpt lat="37.047236" lon="-3.924546"><ele>812</ele></trkpt>
    <trkpt lat="37.047171" lon="-3.924131"><ele>809.3</ele></trkpt>
    <trkpt lat="37.047174" lon="-3.92353"><ele>804.1</ele></trkpt>
    <trkpt lat="37.047106" lon="-3.92322"><ele>800.8</ele></trkpt>
    <trkpt lat="37.04695" lon="-3.922893"><ele>796.6</ele></trkpt>
    <trkpt lat="37.046613" lon="-3.9211"><ele>777</ele></trkpt>
    <trkpt lat="37.04661" lon="-3.920939"><ele>775.7</ele></trkpt>
    <trkpt lat="37.046645" lon="-3.920834"><ele>774.8</ele></trkpt>
    <trkpt lat="37.046726" lon="-3.920728"><ele>773.7</ele></trkpt>
    <trkpt lat="37.047004" lon="-3.920504"><ele>770.7</ele></trkpt>
    <trkpt lat="37.047174" lon="-3.920431"><ele>769.1</ele></trkpt>
    <trkpt lat="37.047309" lon="-3.920434"><ele>767.9</ele></trkpt>
    <trkpt lat="37.047484" lon="-3.920513"><ele>766.2</ele></trkpt>
    <trkpt lat="37.047792" lon="-3.920712"><ele>763</ele></trkpt>
    <trkpt lat="37.04804" lon="-3.920803"><ele>760.5</ele></trkpt>
    <trkpt lat="37.048219" lon="-3.920778"><ele>758.8</ele></trkpt>
    <trkpt lat="37.048332" lon="-3.920718"><ele>757.6</ele></trkpt>
    <trkpt lat="37.048448" lon="-3.920559"><ele>756</ele></trkpt>
    <trkpt lat="37.048548" lon="-3.920187"><ele>753</ele></trkpt>
    <trkpt lat="37.048632" lon="-3.919513"><ele>747.9</ele></trkpt>
    <trkpt lat="37.048696" lon="-3.919435"><ele>747.1</ele></trkpt>
    <trkpt lat="37.048776" lon="-3.919408"><ele>746.4</ele></trkpt>
    <trkpt lat="37.048886" lon="-3.919431"><ele>745.4</ele></trkpt>
    <trkpt lat="37.049238" lon="-3.919642"><ele>742.1</ele></trkpt>
    <trkpt lat="37.049341" lon="-3.919672"><ele>741.2</ele></trkpt>
    <trkpt lat="37.049832" lon="-3.919701"><ele>737</ele></trkpt>
    <trkpt lat="37.049901" lon="-3.919685"><ele>736.4</ele></trkpt>
    <trkpt lat="37.05036" lon="-3.919381"><ele>731.5</ele></trkpt>
    <trkpt lat="37.050477" lon="-3.919363"><ele>730.4</ele></trkpt>
    <trkpt lat="37.050675" lon="-3.919405"><ele>728.4</ele></trkpt>
    <trkpt lat="37.050918" lon="-3.91957"><ele>725.8</ele></trkpt>
    <trkpt lat="37.051" lon="-3.919571"><ele>725</ele></trkpt>
    <trkpt lat="37.051069" lon="-3.919525"><ele>724.3</ele></trkpt>
    <trkpt lat="37.051315" lon="-3.919176"><ele>721</ele></trkpt>
    <trkpt lat="37.051439" lon="-3.91905"><ele>719.6</ele></trkpt>
    <trkpt lat="37.051596" lon="-3.91901"><ele>718.2</ele></trkpt>
    <trkpt lat="37.052061" lon="-3.918993"><ele>714.4</ele></trkpt>
    <trkpt lat="37.052291" lon="-3.918958"><ele>712.7</ele></trkpt>
    <trkpt lat="37.05241" lon="-3.918837"><ele>711.7</ele></trkpt>
    <trkpt lat="37.052485" lon="-3.918648"><ele>710.6</ele></trkpt>
    <trkpt lat="37.052526" lon="-3.918426"><ele>709.6</ele></trkpt>
    <trkpt lat="37.0534" lon="-3.918595"><ele>704.9</ele></trkpt>
    <trkpt lat="37.05428" lon="-3.918765"><ele>701.6</ele></trkpt>
    <trkpt lat="37.057121" lon="-3.920541"><ele>695.3</ele></trkpt>
    <trkpt lat="37.058298" lon="-3.921287"><ele>693.9</ele></trkpt>
    <trkpt lat="37.058482" lon="-3.921374"><ele>693.7</ele></trkpt>
    <trkpt lat="37.060656" lon="-3.921756"><ele>693.4</ele></trkpt>
    <trkpt lat="37.06156" lon="-3.921915"><ele>694.4</ele></trkpt>
    <trkpt lat="37.061804" lon="-3.92193"><ele>694.7</ele></trkpt>
    <trkpt lat="37.062917" lon="-3.921886"><ele>694.9</ele></trkpt>
    <trkpt lat="37.063201" lon="-3.921934"><ele>694.7</ele></trkpt>
    <trkpt lat="37.066617" lon="-3.923025"><ele>692.4</ele></trkpt>
    <trkpt lat="37.066976" lon="-3.923168"><ele>692.8</ele></trkpt>
    <trkpt lat="37.068028" lon="-3.923793"><ele>694.9</ele></trkpt>
    <trkpt lat="37.068243" lon="-3.92396"><ele>695.3</ele></trkpt>
    <trkpt lat="37.069444" lon="-3.925075"><ele>696.5</ele></trkpt>
    <trkpt lat="37.069563" lon="-3.925155"><ele>696.5</ele></trkpt>
    <trkpt lat="37.069696" lon="-3.925197"><ele>696.5</ele></trkpt>
    <trkpt lat="37.069896" lon="-3.925218"><ele>696.5</ele></trkpt>
    <trkpt lat="37.070973" lon="-3.92524"><ele>696</ele></trkpt>
    <trkpt lat="37.071163" lon="-3.925269"><ele>695.8</ele></trkpt>
    <trkpt lat="37.071356" lon="-3.925331"><ele>695.6</ele></trkpt>
    <trkpt lat="37.072432" lon="-3.925861"><ele>693.6</ele></trkpt>
    <trkpt lat="37.074039" lon="-3.927167"><ele>690.3</ele></trkpt>
    <trkpt lat="37.07477" lon="-3.927703"><ele>689.6</ele></trkpt>
    <trkpt lat="37.07642" lon="-3.928789"><ele>688.2</ele></trkpt>
    <trkpt lat="37.076786" lon="-3.929015"><ele>687.6</ele></trkpt>
    <trkpt lat="37.077168" lon="-3.929163"><ele>686.9</ele></trkpt>
    <trkpt lat="37.079341" lon="-3.929624"><ele>682.8</ele></trkpt>
    <trkpt lat="37.079532" lon="-3.929723"><ele>682.6</ele></trkpt>
    <trkpt lat="37.080533" lon="-3.93042"><ele>681.6</ele></trkpt>
    <trkpt lat="37.080765" lon="-3.93054"><ele>681.3</ele></trkpt>
    <trkpt lat="37.082429" lon="-3.930921"><ele>677.8</ele></trkpt>
    <trkpt lat="37.082952" lon="-3.931081"><ele>676.4</ele></trkpt>
    <trkpt lat="37.086253" lon="-3.933317"><ele>670.7</ele></trkpt>
    <trkpt lat="37.089549" lon="-3.934821"><ele>670.7</ele></trkpt>
    <trkpt lat="37.08981" lon="-3.934909"><ele>671.1</ele></trkpt>
    <trkpt lat="37.090072" lon="-3.934952"><ele>671.5</ele></trkpt>
    <trkpt lat="37.092186" lon="-3.935208"><ele>677.1</ele></trkpt>
    <trkpt lat="37.092372" lon="-3.935247"><ele>677.7</ele></trkpt>
    <trkpt lat="37.093453" lon="-3.935631"><ele>680.8</ele></trkpt>
    <trkpt lat="37.093682" lon="-3.93563"><ele>681.4</ele></trkpt>
    <trkpt lat="37.095656" lon="-3.935187"><ele>685</ele></trkpt>
    <trkpt lat="37.095891" lon="-3.935175"><ele>684.9</ele></trkpt>
    <trkpt lat="37.096077" lon="-3.93522"><ele>684.7</ele></trkpt>
    <trkpt lat="37.096821" lon="-3.935581"><ele>682.5</ele></trkpt>
    <trkpt lat="37.097036" lon="-3.935644"><ele>681.5</ele></trkpt>
    <trkpt lat="37.09727" lon="-3.93562"><ele>680.3</ele></trkpt>
    <trkpt lat="37.098418" lon="-3.935098"><ele>673.1</ele></trkpt>
    <trkpt lat="37.09856" lon="-3.934987"><ele>672</ele></trkpt>
    <trkpt lat="37.098675" lon="-3.934851"><ele>671.1</ele></trkpt>
    <trkpt lat="37.098963" lon="-3.934079"><ele>667.2</ele></trkpt>
    <trkpt lat="37.099583" lon="-3.932969"><ele>662.2</ele></trkpt>
    <trkpt lat="37.099932" lon="-3.932294"><ele>661.1</ele></trkpt>
    <trkpt lat="37.100076" lon="-3.931909"><ele>660.7</ele></trkpt>
    <trkpt lat="37.100146" lon="-3.931721"><ele>660.6</ele></trkpt>
    <trkpt lat="37.100209" lon="-3.93151"><ele>660.6</ele></trkpt>
    <trkpt lat="37.100253" lon="-3.931439"><ele>660.6</ele></trkpt>
    <trkpt lat="37.100369" lon="-3.931411"><ele>660.6</ele></trkpt>
    <trkpt lat="37.100611" lon="-3.931439"><ele>660.7</ele></trkpt>
    <trkpt lat="37.100767" lon="-3.931519"><ele>660.9</ele></trkpt>
    <trkpt lat="37.101295" lon="-3.931955"><ele>661.5</ele></trkpt>
    <trkpt lat="37.101747" lon="-3.93223"><ele>661.9</ele></trkpt>
    <trkpt lat="37.10186" lon="-3.932254"><ele>662.1</ele></trkpt>
    <trkpt lat="37.102545" lon="-3.932068"><ele>663.3</ele></trkpt>
    <trkpt lat="37.103073" lon="-3.931767"><ele>664.4</ele></trkpt>
    <trkpt lat="37.103372" lon="-3.931425"><ele>664.9</ele></trkpt>
    <trkpt lat="37.103564" lon="-3.931114"><ele>665.3</ele></trkpt>
    <trkpt lat="37.103745" lon="-3.930702"><ele>665.7</ele></trkpt>
    <trkpt lat="37.104142" lon="-3.930147"><ele>666.1</ele></trkpt>
    <trkpt lat="37.104366" lon="-3.929627"><ele>666.2</ele></trkpt>
    <trkpt lat="37.105164" lon="-3.928463"><ele>665</ele></trkpt>
    <trkpt lat="37.105417" lon="-3.928209"><ele>664.2</ele></trkpt>
    <trkpt lat="37.105939" lon="-3.928007"><ele>662.7</ele></trkpt>
    <trkpt lat="37.106483" lon="-3.927623"><ele>661</ele></trkpt>
    <trkpt lat="37.106786" lon="-3.927494"><ele>660.3</ele></trkpt>
    <trkpt lat="37.107471" lon="-3.927366"><ele>658.9</ele></trkpt>
    <trkpt lat="37.108338" lon="-3.92749"><ele>657.8</ele></trkpt>
    <trkpt lat="37.108653" lon="-3.927548"><ele>657.5</ele></trkpt>
    <trkpt lat="37.109355" lon="-3.928176"><ele>656.7</ele></trkpt>
    <trkpt lat="37.110174" lon="-3.929477"><ele>655.9</ele></trkpt>
    <trkpt lat="37.111042" lon="-3.930218"><ele>656</ele></trkpt>
    <trkpt lat="37.111512" lon="-3.930821"><ele>656.7</ele></trkpt>
    <trkpt lat="37.111691" lon="-3.930991"><ele>656.8</ele></trkpt>
    <trkpt lat="37.111902" lon="-3.931101"><ele>657</ele></trkpt>
    <trkpt lat="37.112402" lon="-3.931275"><ele>657.1</ele></trkpt>
    <trkpt lat="37.112579" lon="-3.931399"><ele>657.1</ele></trkpt>
    <trkpt lat="37.113272" lon="-3.932025"><ele>656.8</ele></trkpt>
    <trkpt lat="37.113743" lon="-3.932275"><ele>656.4</ele></trkpt>
    <trkpt lat="37.114079" lon="-3.932406"><ele>656.5</ele></trkpt>
    <trkpt lat="37.114493" lon="-3.932531"><ele>657</ele></trkpt>
    <trkpt lat="37.114666" lon="-3.932534"><ele>657.3</ele></trkpt>
    <trkpt lat="37.115663" lon="-3.931934"><ele>660.4</ele></trkpt>
    <trkpt lat="37.115789" lon="-3.9318"><ele>660.9</ele></trkpt>
    <trkpt lat="37.115902" lon="-3.931614"><ele>661.4</ele></trkpt>
    <trkpt lat="37.116152" lon="-3.931279"><ele>662.1</ele></trkpt>
    <trkpt lat="37.116506" lon="-3.930884"><ele>662.2</ele></trkpt>
    <trkpt lat="37.116793" lon="-3.930392"><ele>661.9</ele></trkpt>
    <trkpt lat="37.116907" lon="-3.930286"><ele>661.7</ele></trkpt>
    <trkpt lat="37.117414" lon="-3.930247"><ele>660.8</ele></trkpt>
    <trkpt lat="37.117669" lon="-3.930304"><ele>660.7</ele></trkpt>
    <trkpt lat="37.118469" lon="-3.929973"><ele>662.3</ele></trkpt>
    <trkpt lat="37.118543" lon="-3.929893"><ele>662.6</ele></trkpt>
    <trkpt lat="37.118595" lon="-3.929513"><ele>663.4</ele></trkpt>
    <trkpt lat="37.118692" lon="-3.929285"><ele>663.6</ele></trkpt>
    <trkpt lat="37.118799" lon="-3.929141"><ele>663.6</ele></trkpt>
    <trkpt lat="37.118986" lon="-3.929017"><ele>663.6</ele></trkpt>
    <trkpt lat="37.119172" lon="-3.928959"><ele>663.4</ele></trkpt>
    <trkpt lat="37.119286" lon="-3.928975"><ele>663.2</ele></trkpt>
    <trkpt lat="37.119352" lon="-3.929084"><ele>663</ele></trkpt>
    <trkpt lat="37.119374" lon="-3.929235"><ele>662.7</ele></trkpt>
    <trkpt lat="37.119317" lon="-3.929348"><ele>662.4</ele></trkpt>
    <trkpt lat="37.119094" lon="-3.929505"><ele>661.5</ele></trkpt>
    <trkpt lat="37.119039" lon="-3.929609"><ele>661.2</ele></trkpt>
    <trkpt lat="37.119031" lon="-3.929735"><ele>660.8</ele></trkpt>
    <trkpt lat="37.119081" lon="-3.929835"><ele>660.5</ele></trkpt>
    <trkpt lat="37.119193" lon="-3.929894"><ele>660.1</ele></trkpt>
    <trkpt lat="37.119527" lon="-3.929915"><ele>659.2</ele></trkpt>
    <trkpt lat="37.119704" lon="-3.929974"><ele>658.9</ele></trkpt>
    <trkpt lat="37.120462" lon="-3.930375"><ele>658.7</ele></trkpt>
    <trkpt lat="37.120559" lon="-3.930477"><ele>658.8</ele></trkpt>
    <trkpt lat="37.1214" lon="-3.931778"><ele>659.2</ele></trkpt>
    <trkpt lat="37.121801" lon="-3.932359"><ele>659.4</ele></trkpt>
    <trkpt lat="37.122877" lon="-3.933809"><ele>657.6</ele></trkpt>
    <trkpt lat="37.122974" lon="-3.933883"><ele>657.1</ele></trkpt>
    <trkpt lat="37.12328" lon="-3.933933"><ele>655.5</ele></trkpt>
    <trkpt lat="37.123361" lon="-3.934035"><ele>654.8</ele></trkpt>
    <trkpt lat="37.12339" lon="-3.934168"><ele>654.1</ele></trkpt>
    <trkpt lat="37.123358" lon="-3.934264"><ele>653.6</ele></trkpt>
    <trkpt lat="37.123216" lon="-3.934394"><ele>652.5</ele></trkpt>
    <trkpt lat="37.123144" lon="-3.934512"><ele>651.8</ele></trkpt>
    <trkpt lat="37.123132" lon="-3.934642"><ele>651.2</ele></trkpt>
    <trkpt lat="37.123287" lon="-3.935334"><ele>648.8</ele></trkpt>
    <trkpt lat="37.123461" lon="-3.935843"><ele>648.1</ele></trkpt>
    <trkpt lat="37.123576" lon="-3.936049"><ele>648.2</ele></trkpt>
    <trkpt lat="37.123773" lon="-3.936233"><ele>648.6</ele></trkpt>
    <trkpt lat="37.124906" lon="-3.936789"><ele>652.2</ele></trkpt>
    <trkpt lat="37.12537" lon="-3.937133"><ele>653</ele></trkpt>
    <trkpt lat="37.125536" lon="-3.937185"><ele>653.1</ele></trkpt>
    <trkpt lat="37.125931" lon="-3.937145"><ele>653.3</ele></trkpt>
    <trkpt lat="37.126069" lon="-3.93718"><ele>653.3</ele></trkpt>
    <trkpt lat="37.126417" lon="-3.937448"><ele>653.2</ele></trkpt>
    <trkpt lat="37.126494" lon="-3.937561"><ele>653.1</ele></trkpt>
    <trkpt lat="37.126696" lon="-3.938097"><ele>653</ele></trkpt>
    <trkpt lat="37.126779" lon="-3.938183"><ele>652.9</ele></trkpt>
    <trkpt lat="37.127533" lon="-3.938586"><ele>652.1</ele></trkpt>
    <trkpt lat="37.127902" lon="-3.93894"><ele>651.4</ele></trkpt>
    <trkpt lat="37.128382" lon="-3.939564"><ele>650.2</ele></trkpt>
    <trkpt lat="37.128514" lon="-3.939685"><ele>649.9</ele></trkpt>
    <trkpt lat="37.128769" lon="-3.939776"><ele>649.4</ele></trkpt>
    <trkpt lat="37.128841" lon="-3.939848"><ele>649.2</ele></trkpt>
    <trkpt lat="37.128942" lon="-3.940389"><ele>648.3</ele></trkpt>
    <trkpt lat="37.129453" lon="-3.941474"><ele>648.6</ele></trkpt>
    <trkpt lat="37.129533" lon="-3.941542"><ele>648.8</ele></trkpt>
    <trkpt lat="37.130278" lon="-3.941855"><ele>651.3</ele></trkpt>
    <trkpt lat="37.130886" lon="-3.942175"><ele>653.7</ele></trkpt>
    <trkpt lat="37.131001" lon="-3.942212"><ele>654</ele></trkpt>
    <trkpt lat="37.131426" lon="-3.942181"><ele>654.8</ele></trkpt>
    <trkpt lat="37.1316" lon="-3.942217"><ele>655</ele></trkpt>
    <trkpt lat="37.131763" lon="-3.942332"><ele>654.9</ele></trkpt>
    <trkpt lat="37.131895" lon="-3.942383"><ele>654.8</ele></trkpt>
    <trkpt lat="37.132014" lon="-3.942429"><ele>654.7</ele></trkpt>
    <trkpt lat="37.132561" lon="-3.942501"><ele>653.7</ele></trkpt>
    <trkpt lat="37.132653" lon="-3.94257"><ele>653.5</ele></trkpt>
    <trkpt lat="37.132775" lon="-3.942751"><ele>653.2</ele></trkpt>
    <trkpt lat="37.13296" lon="-3.942915"><ele>653.1</ele></trkpt>
    <trkpt lat="37.133209" lon="-3.943138"><ele>653.3</ele></trkpt>
    <trkpt lat="37.133368" lon="-3.943221"><ele>653.3</ele></trkpt>
    <trkpt lat="37.133515" lon="-3.943262"><ele>653.4</ele></trkpt>
    <trkpt lat="37.133637" lon="-3.943266"><ele>653.5</ele></trkpt>
    <trkpt lat="37.133728" lon="-3.943237"><ele>653.6</ele></trkpt>
    <trkpt lat="37.133887" lon="-3.943186"><ele>653.9</ele></trkpt>
    <trkpt lat="37.134459" lon="-3.942958"><ele>655</ele></trkpt>
    <trkpt lat="37.134994" lon="-3.942737"><ele>656.3</ele></trkpt>
    <trkpt lat="37.135964" lon="-3.942775"><ele>656.3</ele></trkpt>
    <trkpt lat="37.136437" lon="-3.942841"><ele>655.6</ele></trkpt>
    <trkpt lat="37.136522" lon="-3.942874"><ele>655.4</ele></trkpt>
    <trkpt lat="37.136623" lon="-3.942936"><ele>655.2</ele></trkpt>
    <trkpt lat="37.13735" lon="-3.943653"><ele>654.3</ele></trkpt>
    <trkpt lat="37.137973" lon="-3.943882"><ele>655.6</ele></trkpt>
    <trkpt lat="37.138149" lon="-3.943843"><ele>655.9</ele></trkpt>
    <trkpt lat="37.138321" lon="-3.94354"><ele>656.2</ele></trkpt>
    <trkpt lat="37.13848" lon="-3.943346"><ele>656.5</ele></trkpt>
    <trkpt lat="37.138631" lon="-3.943372"><ele>656.6</ele></trkpt>
    <trkpt lat="37.138917" lon="-3.943856"><ele>656.6</ele></trkpt>
    <trkpt lat="37.139482" lon="-3.944664"><ele>654.6</ele></trkpt>
    <trkpt lat="37.139513" lon="-3.945053"><ele>654.1</ele></trkpt>
    <trkpt lat="37.139589" lon="-3.945256"><ele>653.9</ele></trkpt>
    <trkpt lat="37.140447" lon="-3.945865"><ele>653.6</ele></trkpt>
    <trkpt lat="37.140822" lon="-3.946211"><ele>653.4</ele></trkpt>
    <trkpt lat="37.141349" lon="-3.946993"><ele>653.3</ele></trkpt>
    <trkpt lat="37.142327" lon="-3.947974"><ele>653.7</ele></trkpt>
    <trkpt lat="37.142699" lon="-3.948307"><ele>653.7</ele></trkpt>
    <trkpt lat="37.143102" lon="-3.9486"><ele>653.7</ele></trkpt>
    <trkpt lat="37.143491" lon="-3.948717"><ele>653.7</ele></trkpt>
    <trkpt lat="37.143616" lon="-3.948692"><ele>653.8</ele></trkpt>
    <trkpt lat="37.143861" lon="-3.948571"><ele>653.9</ele></trkpt>
    <trkpt lat="37.144033" lon="-3.948592"><ele>653.9</ele></trkpt>
    <trkpt lat="37.144123" lon="-3.94865"><ele>654</ele></trkpt>
    <trkpt lat="37.145177" lon="-3.949521"><ele>655.7</ele></trkpt>
    <trkpt lat="37.145926" lon="-3.949781"><ele>655.7</ele></trkpt>
    <trkpt lat="37.146786" lon="-3.950439"><ele>652.7</ele></trkpt>
    <trkpt lat="37.146926" lon="-3.950578"><ele>651.7</ele></trkpt>
    <trkpt lat="37.14704" lon="-3.950766"><ele>650.6</ele></trkpt>
    <trkpt lat="37.147288" lon="-3.951274"><ele>647.7</ele></trkpt>
    <trkpt lat="37.148034" lon="-3.9528"><ele>639.4</ele></trkpt>
    <trkpt lat="37.148199" lon="-3.952936"><ele>638.5</ele></trkpt>
    <trkpt lat="37.149463" lon="-3.953622"><ele>633.2</ele></trkpt>
    <trkpt lat="37.149624" lon="-3.953818"><ele>632.3</ele></trkpt>
    <trkpt lat="37.150015" lon="-3.954423"><ele>629.6</ele></trkpt>
    <trkpt lat="37.15132" lon="-3.956411"><ele>622.8</ele></trkpt>
    <trkpt lat="37.15269" lon="-3.957817"><ele>625.8</ele></trkpt>
    <trkpt lat="37.153702" lon="-3.958442"><ele>625.2</ele></trkpt>
    <trkpt lat="37.155124" lon="-3.958973"><ele>617.7</ele></trkpt>
    <trkpt lat="37.155319" lon="-3.959045"><ele>616.5</ele></trkpt>
    <trkpt lat="37.15534" lon="-3.95912"><ele>616.1</ele></trkpt>
    <trkpt lat="37.155326" lon="-3.959218"><ele>615.6</ele></trkpt>
    <trkpt lat="37.155242" lon="-3.959378"><ele>614.7</ele></trkpt>
    <trkpt lat="37.154862" lon="-3.960986"><ele>606.6</ele></trkpt>
    <trkpt lat="37.154818" lon="-3.961326"><ele>604.8</ele></trkpt>
    <trkpt lat="37.154826" lon="-3.961475"><ele>604.1</ele></trkpt>
    <trkpt lat="37.154889" lon="-3.961733"><ele>602.7</ele></trkpt>
    <trkpt lat="37.155044" lon="-3.961983"><ele>601.3</ele></trkpt>
    <trkpt lat="37.155676" lon="-3.962525"><ele>599.2</ele></trkpt>
    <trkpt lat="37.155849" lon="-3.962602"><ele>599</ele></trkpt>
    <trkpt lat="37.155988" lon="-3.962558"><ele>599</ele></trkpt>
    <trkpt lat="37.156055" lon="-3.962491"><ele>599</ele></trkpt>
    <trkpt lat="37.156151" lon="-3.962306"><ele>599</ele></trkpt>
    <trkpt lat="37.156208" lon="-3.96224"><ele>599.1</ele></trkpt>
    <trkpt lat="37.156745" lon="-3.961273"><ele>600.9</ele></trkpt>
    <trkpt lat="37.156902" lon="-3.961083"><ele>601.5</ele></trkpt>
    <trkpt lat="37.15717" lon="-3.960822"><ele>602.7</ele></trkpt>
    <trkpt lat="37.157318" lon="-3.960718"><ele>603.4</ele></trkpt>
    <trkpt lat="37.157487" lon="-3.960642"><ele>604.2</ele></trkpt>
    <trkpt lat="37.157632" lon="-3.960571"><ele>605</ele></trkpt>
    <trkpt lat="37.158084" lon="-3.960437"><ele>607.5</ele></trkpt>
    <trkpt lat="37.158487" lon="-3.960426"><ele>609.9</ele></trkpt>
    <trkpt lat="37.161377" lon="-3.960815"><ele>625.2</ele></trkpt>
    <trkpt lat="37.16178" lon="-3.960794"><ele>630.5</ele></trkpt>
    <trkpt lat="37.162129" lon="-3.960684"><ele>636.1</ele></trkpt>
    <trkpt lat="37.162444" lon="-3.96049"><ele>641.6</ele></trkpt>
    <trkpt lat="37.1626" lon="-3.960351"><ele>644.5</ele></trkpt>
    <trkpt lat="37.162879" lon="-3.960019"><ele>649.5</ele></trkpt>
    <trkpt lat="37.163028" lon="-3.959771"><ele>652</ele></trkpt>
    <trkpt lat="37.164082" lon="-3.957332"><ele>650.1</ele></trkpt>
    <trkpt lat="37.164305" lon="-3.956834"><ele>647</ele></trkpt>
    <trkpt lat="37.164468" lon="-3.95641"><ele>644.1</ele></trkpt>
    <trkpt lat="37.164558" lon="-3.956207"><ele>642.5</ele></trkpt>
    <trkpt lat="37.164863" lon="-3.955453"><ele>637.5</ele></trkpt>
    <trkpt lat="37.164974" lon="-3.955046"><ele>635.4</ele></trkpt>
    <trkpt lat="37.165043" lon="-3.954521"><ele>633.5</ele></trkpt>
    <trkpt lat="37.165063" lon="-3.953397"><ele>631.4</ele></trkpt>
    <trkpt lat="37.165072" lon="-3.952849"><ele>630.7</ele></trkpt>
    <trkpt lat="37.165076" lon="-3.952215"><ele>630</ele></trkpt>
    <trkpt lat="37.165115" lon="-3.951558"><ele>629</ele></trkpt>
    <trkpt lat="37.16522" lon="-3.951011"><ele>628</ele></trkpt>
    <trkpt lat="37.165292" lon="-3.950759"><ele>627.5</ele></trkpt>
    <trkpt lat="37.165398" lon="-3.950458"><ele>626.8</ele></trkpt>
    <trkpt lat="37.165627" lon="-3.950001"><ele>625.4</ele></trkpt>
    <trkpt lat="37.165787" lon="-3.949762"><ele>624.4</ele></trkpt>
    <trkpt lat="37.166034" lon="-3.949495"><ele>623</ele></trkpt>
    <trkpt lat="37.166354" lon="-3.9492"><ele>621.1</ele></trkpt>
    <trkpt lat="37.166716" lon="-3.948955"><ele>619</ele></trkpt>
    <trkpt lat="37.16709" lon="-3.948793"><ele>616.9</ele></trkpt>
    <trkpt lat="37.167278" lon="-3.948739"><ele>615.9</ele></trkpt>
    <trkpt lat="37.167722" lon="-3.948667"><ele>613.7</ele></trkpt>
    <trkpt lat="37.168244" lon="-3.948692"><ele>611.3</ele></trkpt>
    <trkpt lat="37.174083" lon="-3.949234"><ele>588.4</ele></trkpt>
    <trkpt lat="37.175386" lon="-3.949264"><ele>584.5</ele></trkpt>
    <trkpt lat="37.176273" lon="-3.949232"><ele>582.3</ele></trkpt>
    <trkpt lat="37.178821" lon="-3.949063"><ele>576.6</ele></trkpt>
    <trkpt lat="37.180479" lon="-3.948923"><ele>575.1</ele></trkpt>
    <trkpt lat="37.180656" lon="-3.948813"><ele>575.3</ele></trkpt>
    <trkpt lat="37.180676" lon="-3.948727"><ele>575.4</ele></trkpt>
    <trkpt lat="37.180717" lon="-3.948654"><ele>575.4</ele></trkpt>
    <trkpt lat="37.180772" lon="-3.948605"><ele>575.5</ele></trkpt>
    <trkpt lat="37.180904" lon="-3.94858"><ele>575.7</ele></trkpt>
    <trkpt lat="37.181023" lon="-3.948658"><ele>575.9</ele></trkpt>
    <trkpt lat="37.181303" lon="-3.94866"><ele>576.2</ele></trkpt>
    <trkpt lat="37.181366" lon="-3.948627"><ele>576.5</ele></trkpt>
    <trkpt lat="37.181851" lon="-3.94838"><ele>577.3</ele></trkpt>
    <trkpt lat="37.181962" lon="-3.948326"><ele>577.5</ele></trkpt>
    <trkpt lat="37.181962" lon="-3.948326"><ele>577.4</ele></trkpt>
    <trkpt lat="37.181962" lon="-3.948326"><ele>577.4</ele></trkpt>
    <trkpt lat="37.182138" lon="-3.948312"><ele>577.5</ele></trkpt>
    <trkpt lat="37.182138" lon="-3.948312"><ele>577.4</ele></trkpt>
    <trkpt lat="37.182138" lon="-3.948312"><ele>577.4</ele></trkpt>
    <trkpt lat="37.18228" lon="-3.948415"><ele>577.4</ele></trkpt>
    <trkpt lat="37.18228" lon="-3.948415"><ele>577.3</ele></trkpt>
    <trkpt lat="37.18228" lon="-3.948415"><ele>577.3</ele></trkpt>
    <trkpt lat="37.182388" lon="-3.948671"><ele>577.3</ele></trkpt>
    <trkpt lat="37.182311" lon="-3.94947"><ele>576.2</ele></trkpt>
    <trkpt lat="37.182334" lon="-3.949831"><ele>575.4</ele></trkpt>
    <trkpt lat="37.182417" lon="-3.95022"><ele>574.6</ele></trkpt>
    <trkpt lat="37.182659" lon="-3.95111"><ele>572.8</ele></trkpt>
    <trkpt lat="37.183393" lon="-3.953417"><ele>570.1</ele></trkpt>
    <trkpt lat="37.183558" lon="-3.953921"><ele>569.7</ele></trkpt>
    <trkpt lat="37.184471" lon="-3.956708"><ele>567.9</ele></trkpt>
    <trkpt lat="37.184766" lon="-3.957437"><ele>569</ele></trkpt>
    <trkpt lat="37.18509" lon="-3.957199"><ele>570.1</ele></trkpt>
    <trkpt lat="37.185583" lon="-3.956835"><ele>572.6</ele></trkpt>
    <trkpt lat="37.186214" lon="-3.956375"><ele>575.8</ele></trkpt>
    <trkpt lat="37.186661" lon="-3.956053"><ele>577.3</ele></trkpt>
    <trkpt lat="37.187202" lon="-3.955656"><ele>577.2</ele></trkpt>
    <trkpt lat="37.187466" lon="-3.955526"><ele>576.5</ele></trkpt>
    <trkpt lat="37.188033" lon="-3.955325"><ele>574</ele></trkpt>
    <trkpt lat="37.188291" lon="-3.955318"><ele>572.5</ele></trkpt>
    <trkpt lat="37.188776" lon="-3.955528"><ele>569.3</ele></trkpt>
    <trkpt lat="37.18925" lon="-3.955694"><ele>566.2</ele></trkpt>
    <trkpt lat="37.189397" lon="-3.955807"><ele>565.2</ele></trkpt>
    <trkpt lat="37.189607" lon="-3.956077"><ele>563.3</ele></trkpt>
    <trkpt lat="37.189697" lon="-3.956129"><ele>562.7</ele></trkpt>
    <trkpt lat="37.189765" lon="-3.956107"><ele>562.3</ele></trkpt>
    <trkpt lat="37.189792" lon="-3.956029"><ele>561.9</ele></trkpt>
    <trkpt lat="37.189632" lon="-3.955646"><ele>559.9</ele></trkpt>
    <trkpt lat="37.189571" lon="-3.955385"><ele>558.8</ele></trkpt>
    <trkpt lat="37.189464" lon="-3.955114"><ele>557.5</ele></trkpt>
    <trkpt lat="37.189443" lon="-3.954933"><ele>556.8</ele></trkpt>
    <trkpt lat="37.189492" lon="-3.954746"><ele>556.2</ele></trkpt>
    <trkpt lat="37.18988" lon="-3.953833"><ele>554.9</ele></trkpt>
    <trkpt lat="37.190415" lon="-3.952607"><ele>557.7</ele></trkpt>
    <trkpt lat="37.190533" lon="-3.952441"><ele>558.4</ele></trkpt>
    <trkpt lat="37.19063" lon="-3.952419"><ele>558.8</ele></trkpt>
    <trkpt lat="37.190744" lon="-3.952481"><ele>559.4</ele></trkpt>
    <trkpt lat="37.19143" lon="-3.953029"><ele>562.9</ele></trkpt>
    <trkpt lat="37.191541" lon="-3.953066"><ele>563.4</ele></trkpt>
    <trkpt lat="37.191638" lon="-3.953044"><ele>563.9</ele></trkpt>
    <trkpt lat="37.191757" lon="-3.952947"><ele>564.6</ele></trkpt>
    <trkpt lat="37.193787" lon="-3.949896"><ele>582.7</ele></trkpt>
    <trkpt lat="37.19387" lon="-3.949721"><ele>583.6</ele></trkpt>
    <trkpt lat="37.193897" lon="-3.949532"><ele>584.4</ele></trkpt>
    <trkpt lat="37.193874" lon="-3.949339"><ele>585.1</ele></trkpt>
    <trkpt lat="37.193647" lon="-3.948424"><ele>586.8</ele></trkpt>
    <trkpt lat="37.193627" lon="-3.948247"><ele>586.8</ele></trkpt>
    <trkpt lat="37.193661" lon="-3.948101"><ele>586.6</ele></trkpt>
    <trkpt lat="37.193751" lon="-3.94803"><ele>586.5</ele></trkpt>
    <trkpt lat="37.194211" lon="-3.947959"><ele>585.3</ele></trkpt>
    <trkpt lat="37.194336" lon="-3.947993"><ele>584.8</ele></trkpt>
    <trkpt lat="37.194556" lon="-3.948164"><ele>583.6</ele></trkpt>
    <trkpt lat="37.194683" lon="-3.948184"><ele>582.9</ele></trkpt>
    <trkpt lat="37.195062" lon="-3.948126"><ele>580.7</ele></trkpt>
    <trkpt lat="37.196008" lon="-3.948126"><ele>575.7</ele></trkpt>
    <trkpt lat="37.19609" lon="-3.948108"><ele>575.3</ele></trkpt>
    <trkpt lat="37.196183" lon="-3.948062"><ele>574.8</ele></trkpt>
    <trkpt lat="37.196302" lon="-3.947931"><ele>574.2</ele></trkpt>
    <trkpt lat="37.19653" lon="-3.947501"><ele>572.7</ele></trkpt>
    <trkpt lat="37.196642" lon="-3.947394"><ele>572.3</ele></trkpt>
    <trkpt lat="37.196807" lon="-3.947294"><ele>571.8</ele></trkpt>
    <trkpt lat="37.197646" lon="-3.947045"><ele>570.4</ele></trkpt>
    <trkpt lat="37.197789" lon="-3.946953"><ele>570.2</ele></trkpt>
    <trkpt lat="37.198281" lon="-3.946404"><ele>569.1</ele></trkpt>
    <trkpt lat="37.198442" lon="-3.946293"><ele>568.7</ele></trkpt>
    <trkpt lat="37.198958" lon="-3.946147"><ele>567.4</ele></trkpt>
    <trkpt lat="37.199379" lon="-3.94617"><ele>566.3</ele></trkpt>
    <trkpt lat="37.199549" lon="-3.94614"><ele>565.8</ele></trkpt>
    <trkpt lat="37.199838" lon="-3.945982"><ele>564.6</ele></trkpt>
    <trkpt lat="37.200174" lon="-3.945697"><ele>562.5</ele></trkpt>
    <trkpt lat="37.20048" lon="-3.945361"><ele>559.7</ele></trkpt>
    <trkpt lat="37.200683" lon="-3.945212"><ele>557.8</ele></trkpt>
    <trkpt lat="37.200858" lon="-3.945193"><ele>556.2</ele></trkpt>
    <trkpt lat="37.201415" lon="-3.945323"><ele>550.8</ele></trkpt>
    <trkpt lat="37.201528" lon="-3.94532"><ele>549.7</ele></trkpt>
    <trkpt lat="37.201638" lon="-3.945227"><ele>548.4</ele></trkpt>
    <trkpt lat="37.201806" lon="-3.944876"><ele>545.4</ele></trkpt>
    <trkpt lat="37.201924" lon="-3.944667"><ele>543.8</ele></trkpt>
    <trkpt lat="37.202069" lon="-3.944504"><ele>542.5</ele></trkpt>
    <trkpt lat="37.202126" lon="-3.94436"><ele>541.7</ele></trkpt>
    <trkpt lat="37.202157" lon="-3.943954"><ele>540.1</ele></trkpt>
    <trkpt lat="37.202139" lon="-3.943762"><ele>539.5</ele></trkpt>
    <trkpt lat="37.202087" lon="-3.94359"><ele>539</ele></trkpt>
    <trkpt lat="37.201802" lon="-3.943122"><ele>537.7</ele></trkpt>
    <trkpt lat="37.201736" lon="-3.942948"><ele>537.5</ele></trkpt>
    <trkpt lat="37.201623" lon="-3.942066"><ele>533.6</ele></trkpt>
    <trkpt lat="37.201628" lon="-3.941847"><ele>531.5</ele></trkpt>
    <trkpt lat="37.201653" lon="-3.941712"><ele>529.9</ele></trkpt>
    <trkpt lat="37.201736" lon="-3.94149"><ele>527.4</ele></trkpt>
    <trkpt lat="37.201835" lon="-3.941359"><ele>525.5</ele></trkpt>
    <trkpt lat="37.201958" lon="-3.941351"><ele>523.8</ele></trkpt>
    <trkpt lat="37.202525" lon="-3.941522"><ele>516.6</ele></trkpt>
    <trkpt lat="37.202708" lon="-3.941598"><ele>514.4</ele></trkpt>
    <trkpt lat="37.202828" lon="-3.941686"><ele>512.8</ele></trkpt>
    <trkpt lat="37.203001" lon="-3.941935"><ele>510.5</ele></trkpt>
    <trkpt lat="37.203109" lon="-3.942153"><ele>509.7</ele></trkpt>
    <trkpt lat="37.203216" lon="-3.942286"><ele>509.6</ele></trkpt>
    <trkpt lat="37.203378" lon="-3.942413"><ele>510.1</ele></trkpt>
    <trkpt lat="37.203738" lon="-3.942626"><ele>512</ele></trkpt>
    <trkpt lat="37.203891" lon="-3.942701"><ele>512.9</ele></trkpt>
    <trkpt lat="37.204642" lon="-3.942837"><ele>518</ele></trkpt>
    <trkpt lat="37.204978" lon="-3.942776"><ele>520.3</ele></trkpt>
    <trkpt lat="37.20569" lon="-3.942267"><ele>524.2</ele></trkpt>
    <trkpt lat="37.206209" lon="-3.942115"><ele>524.8</ele></trkpt>
    <trkpt lat="37.206962" lon="-3.942418"><ele>523.8</ele></trkpt>
    <trkpt lat="37.207672" lon="-3.942553"><ele>522.3</ele></trkpt>
    <trkpt lat="37.207889" lon="-3.942742"><ele>522.4</ele></trkpt>
    <trkpt lat="37.20847" lon="-3.943415"><ele>524</ele></trkpt>
    <trkpt lat="37.208607" lon="-3.943543"><ele>524.5</ele></trkpt>
    <trkpt lat="37.209062" lon="-3.943811"><ele>525.9</ele></trkpt>
    <trkpt lat="37.209438" lon="-3.944105"><ele>527.4</ele></trkpt>
    <trkpt lat="37.210142" lon="-3.944373"><ele>529</ele></trkpt>
    <trkpt lat="37.210442" lon="-3.944639"><ele>529.9</ele></trkpt>
    <trkpt lat="37.211542" lon="-3.945188"><ele>534.7</ele></trkpt>
    <trkpt lat="37.213374" lon="-3.946796"><ele>549.6</ele></trkpt>
    <trkpt lat="37.213842" lon="-3.947061"><ele>553.3</ele></trkpt>
    <trkpt lat="37.214391" lon="-3.947183"><ele>557.4</ele></trkpt>
    <trkpt lat="37.215541" lon="-3.947132"><ele>565.2</ele></trkpt>
    <trkpt lat="37.216091" lon="-3.946786"><ele>568.5</ele></trkpt>
    <trkpt lat="37.219378" lon="-3.946643"><ele>578</ele></trkpt>
    <trkpt lat="37.219642" lon="-3.94645"><ele>577.8</ele></trkpt>
    <trkpt lat="37.219754" lon="-3.946328"><ele>577.6</ele></trkpt>
    <trkpt lat="37.221993" lon="-3.945799"><ele>571.2</ele></trkpt>
    <trkpt lat="37.222248" lon="-3.945768"><ele>571.4</ele></trkpt>
    <trkpt lat="37.222421" lon="-3.945819"><ele>571.7</ele></trkpt>
    <trkpt lat="37.223341" lon="-3.946485"><ele>576.2</ele></trkpt>
    <trkpt lat="37.223778" lon="-3.946755"><ele>578.9</ele></trkpt>
    <trkpt lat="37.223998" lon="-3.946796"><ele>580.1</ele></trkpt>
    <trkpt lat="37.224396" lon="-3.946744"><ele>582.5</ele></trkpt>
    <trkpt lat="37.225053" lon="-3.946533"><ele>586.3</ele></trkpt>
    <trkpt lat="37.225505" lon="-3.946408"><ele>588.3</ele></trkpt>
    <trkpt lat="37.226551" lon="-3.94612"><ele>590.9</ele></trkpt>
    <trkpt lat="37.227703" lon="-3.945802"><ele>591.9</ele></trkpt>
    <trkpt lat="37.227964" lon="-3.945809"><ele>592</ele></trkpt>
    <trkpt lat="37.228241" lon="-3.945905"><ele>592</ele></trkpt>
    <trkpt lat="37.228374" lon="-3.945964"><ele>591.9</ele></trkpt>
    <trkpt lat="37.228537" lon="-3.946107"><ele>591.7</ele></trkpt>
    <trkpt lat="37.228863" lon="-3.946609"><ele>590.8</ele></trkpt>
    <trkpt lat="37.232229" lon="-3.954933"><ele>556.6</ele></trkpt>
    <trkpt lat="37.23249" lon="-3.955631"><ele>554.9</ele></trkpt>
    <trkpt lat="37.232562" lon="-3.955936"><ele>554.4</ele></trkpt>
    <trkpt lat="37.232587" lon="-3.956167"><ele>554.2</ele></trkpt>
    <trkpt lat="37.232597" lon="-3.956438"><ele>553.9</ele></trkpt>
    <trkpt lat="37.232552" lon="-3.95849"><ele>552.8</ele></trkpt>
    <trkpt lat="37.232462" lon="-3.962829"><ele>551.7</ele></trkpt>
    <trkpt lat="37.232429" lon="-3.963057"><ele>551.7</ele></trkpt>
    <trkpt lat="37.232368" lon="-3.963254"><ele>551.8</ele></trkpt>
    <trkpt lat="37.232257" lon="-3.963483"><ele>551.9</ele></trkpt>
    <trkpt lat="37.231996" lon="-3.963885"><ele>552.2</ele></trkpt>
    <trkpt lat="37.231948" lon="-3.964045"><ele>552.4</ele></trkpt>
    <trkpt lat="37.231932" lon="-3.964215"><ele>552.5</ele></trkpt>
    <trkpt lat="37.231944" lon="-3.964389"><ele>552.7</ele></trkpt>
    <trkpt lat="37.23199" lon="-3.964549"><ele>552.8</ele></trkpt>
    <trkpt lat="37.232065" lon="-3.96469"><ele>552.9</ele></trkpt>
    <trkpt lat="37.232158" lon="-3.964801"><ele>553.1</ele></trkpt>
    <trkpt lat="37.232269" lon="-3.964886"><ele>553.2</ele></trkpt>
    <trkpt lat="37.232512" lon="-3.964955"><ele>553.4</ele></trkpt>
    <trkpt lat="37.233031" lon="-3.964979"><ele>553.7</ele></trkpt>
    <trkpt lat="37.233254" lon="-3.964944"><ele>553.8</ele></trkpt>
    <trkpt lat="37.233342" lon="-3.964903"><ele>553.8</ele></trkpt>
    <trkpt lat="37.233488" lon="-3.964761"><ele>553.8</ele></trkpt>
    <trkpt lat="37.233573" lon="-3.964618"><ele>553.7</ele></trkpt>
    <trkpt lat="37.23363" lon="-3.96447"><ele>553.7</ele></trkpt>
    <trkpt lat="37.233652" lon="-3.96431"><ele>553.7</ele></trkpt>
    <trkpt lat="37.233627" lon="-3.964019"><ele>553.6</ele></trkpt>
    <trkpt lat="37.233636" lon="-3.963841"><ele>553.6</ele></trkpt>
    <trkpt lat="37.233688" lon="-3.963663"><ele>553.5</ele></trkpt>
    <trkpt lat="37.233771" lon="-3.963499"><ele>553.5</ele></trkpt>
    <trkpt lat="37.233872" lon="-3.963384"><ele>553.4</ele></trkpt>
    <trkpt lat="37.234004" lon="-3.963281"><ele>553.4</ele></trkpt>
    <trkpt lat="37.234123" lon="-3.963258"><ele>553.4</ele></trkpt>
    <trkpt lat="37.234311" lon="-3.963252"><ele>553.4</ele></trkpt>
    <trkpt lat="37.236236" lon="-3.963398"><ele>554</ele></trkpt>
    <trkpt lat="37.236705" lon="-3.963434"><ele>554.5</ele></trkpt>
    <trkpt lat="37.237358" lon="-3.963485"><ele>555.3</ele></trkpt>
    <trkpt lat="37.237604" lon="-3.963504"><ele>555.6</ele></trkpt>
    <trkpt lat="37.238059" lon="-3.963539"><ele>556.3</ele></trkpt>
    <trkpt lat="37.238121" lon="-3.963544"><ele>556.4</ele></trkpt>
    <trkpt lat="37.240047" lon="-3.963697"><ele>558.6</ele></trkpt>
    <trkpt lat="37.240427" lon="-3.963732"><ele>559</ele></trkpt>
    <trkpt lat="37.240756" lon="-3.963755"><ele>559.3</ele></trkpt>
    <trkpt lat="37.24179" lon="-3.963832"><ele>560.5</ele></trkpt>
    <trkpt lat="37.243457" lon="-3.963956"><ele>564.5</ele></trkpt>
    <trkpt lat="37.244736" lon="-3.964041"><ele>569.4</ele></trkpt>
    <trkpt lat="37.244847" lon="-3.964103"><ele>569.9</ele></trkpt>
    <trkpt lat="37.244894" lon="-3.964185"><ele>570.3</ele></trkpt>
    <trkpt lat="37.244947" lon="-3.964305"><ele>570.8</ele></trkpt>
    <trkpt lat="37.245075" lon="-3.964833"><ele>572.7</ele></trkpt>
    <trkpt lat="37.245138" lon="-3.964983"><ele>573.3</ele></trkpt>
    <trkpt lat="37.245241" lon="-3.965107"><ele>574</ele></trkpt>
    <trkpt lat="37.245379" lon="-3.965196"><ele>574.7</ele></trkpt>
    <trkpt lat="37.246564" lon="-3.965404"><ele>580.3</ele></trkpt>
    <trkpt lat="37.246764" lon="-3.965418"><ele>581.1</ele></trkpt>
    <trkpt lat="37.248577" lon="-3.965297"><ele>586.4</ele></trkpt>
    <trkpt lat="37.248781" lon="-3.965246"><ele>586.7</ele></trkpt>
    <trkpt lat="37.249328" lon="-3.965032"><ele>587.5</ele></trkpt>
    <trkpt lat="37.24948" lon="-3.964925"><ele>587.7</ele></trkpt>
    <trkpt lat="37.249791" lon="-3.96463"><ele>587.9</ele></trkpt>
    <trkpt lat="37.25" lon="-3.964533"><ele>588</ele></trkpt>
    <trkpt lat="37.252505" lon="-3.964172"><ele>587.9</ele></trkpt>
    <trkpt lat="37.252831" lon="-3.964153"><ele>587.7</ele></trkpt>
    <trkpt lat="37.253076" lon="-3.964177"><ele>587.4</ele></trkpt>
    <trkpt lat="37.253284" lon="-3.964234"><ele>587.3</ele></trkpt>
    <trkpt lat="37.253511" lon="-3.96434"><ele>587.1</ele></trkpt>
    <trkpt lat="37.253737" lon="-3.964502"><ele>587</ele></trkpt>
    <trkpt lat="37.253927" lon="-3.964684"><ele>587</ele></trkpt>
    <trkpt lat="37.25407" lon="-3.96483"><ele>587</ele></trkpt>
    <trkpt lat="37.258379" lon="-3.969432"><ele>593.1</ele></trkpt>
    <trkpt lat="37.25845" lon="-3.969644"><ele>593.4</ele></trkpt>
    <trkpt lat="37.258434" lon="-3.969862"><ele>593.7</ele></trkpt>
    <trkpt lat="37.25823" lon="-3.970753"><ele>595.9</ele></trkpt>
    <trkpt lat="37.258181" lon="-3.97102"><ele>596.7</ele></trkpt>
    <trkpt lat="37.258203" lon="-3.971232"><ele>597.5</ele></trkpt>
    <trkpt lat="37.258254" lon="-3.971356"><ele>598</ele></trkpt>
    <trkpt lat="37.259044" lon="-3.972346"><ele>604.7</ele></trkpt>
    <trkpt lat="37.2597" lon="-3.973279"><ele>610.7</ele></trkpt>
    <trkpt lat="37.259833" lon="-3.973547"><ele>612.2</ele></trkpt>
    <trkpt lat="37.26134" lon="-3.978206"><ele>633.5</ele></trkpt>
    <trkpt lat="37.261373" lon="-3.978366"><ele>634.4</ele></trkpt>
    <trkpt lat="37.261378" lon="-3.97856"><ele>635.4</ele></trkpt>
    <trkpt lat="37.261302" lon="-3.979647"><ele>641.1</ele></trkpt>
    <trkpt lat="37.261315" lon="-3.979813"><ele>642</ele></trkpt>
    <trkpt lat="37.26137" lon="-3.979974"><ele>642.9</ele></trkpt>
    <trkpt lat="37.261806" lon="-3.98071"><ele>647.4</ele></trkpt>
    <trkpt lat="37.261865" lon="-3.980878"><ele>648.2</ele></trkpt>
    <trkpt lat="37.261887" lon="-3.98118"><ele>649.6</ele></trkpt>
    <trkpt lat="37.261857" lon="-3.981325"><ele>650.3</ele></trkpt>
    <trkpt lat="37.261697" lon="-3.98174"><ele>652.5</ele></trkpt>
    <trkpt lat="37.261675" lon="-3.981879"><ele>653.3</ele></trkpt>
    <trkpt lat="37.261723" lon="-3.982119"><ele>654.6</ele></trkpt>
    <trkpt lat="37.261893" lon="-3.982444"><ele>656.6</ele></trkpt>
    <trkpt lat="37.261943" lon="-3.982645"><ele>657.7</ele></trkpt>
    <trkpt lat="37.261874" lon="-3.983466"><ele>661.9</ele></trkpt>
    <trkpt lat="37.261957" lon="-3.985054"><ele>667.9</ele></trkpt>
    <trkpt lat="37.261994" lon="-3.985218"><ele>668.3</ele></trkpt>
    <trkpt lat="37.262053" lon="-3.985343"><ele>668.6</ele></trkpt>
    <trkpt lat="37.262155" lon="-3.985458"><ele>669.1</ele></trkpt>
    <trkpt lat="37.262254" lon="-3.985522"><ele>669.5</ele></trkpt>
    <trkpt lat="37.262376" lon="-3.985552"><ele>669.9</ele></trkpt>
    <trkpt lat="37.262919" lon="-3.985592"><ele>671.8</ele></trkpt>
    <trkpt lat="37.263398" lon="-3.985638"><ele>673.7</ele></trkpt>
    <trkpt lat="37.263518" lon="-3.98561"><ele>674.3</ele></trkpt>
    <trkpt lat="37.263613" lon="-3.985542"><ele>674.8</ele></trkpt>
    <trkpt lat="37.263693" lon="-3.985423"><ele>675.5</ele></trkpt>
    <trkpt lat="37.263907" lon="-3.984886"><ele>678.3</ele></trkpt>
    <trkpt lat="37.264011" lon="-3.984702"><ele>679.4</ele></trkpt>
    <trkpt lat="37.264147" lon="-3.984572"><ele>680.4</ele></trkpt>
    <trkpt lat="37.264912" lon="-3.984084"><ele>685.7</ele></trkpt>
    <trkpt lat="37.265767" lon="-3.983416"><ele>692.5</ele></trkpt>
    <trkpt lat="37.265996" lon="-3.983268"><ele>694.3</ele></trkpt>
    <trkpt lat="37.267311" lon="-3.982888"><ele>704.3</ele></trkpt>
    <trkpt lat="37.267935" lon="-3.982641"><ele>709.9</ele></trkpt>
    <trkpt lat="37.268068" lon="-3.98262"><ele>711.1</ele></trkpt>
    <trkpt lat="37.268191" lon="-3.982657"><ele>712.3</ele></trkpt>
    <trkpt lat="37.268363" lon="-3.982841"><ele>714.4</ele></trkpt>
    <trkpt lat="37.268422" lon="-3.983001"><ele>715.6</ele></trkpt>
    <trkpt lat="37.268469" lon="-3.983236"><ele>717.3</ele></trkpt>
    <trkpt lat="37.2685" lon="-3.983506"><ele>719.1</ele></trkpt>
    <trkpt lat="37.26851" lon="-3.984013"><ele>721.9</ele></trkpt>
    <trkpt lat="37.268551" lon="-3.984229"><ele>722.9</ele></trkpt>
    <trkpt lat="37.26864" lon="-3.984357"><ele>723.7</ele></trkpt>
    <trkpt lat="37.268775" lon="-3.984473"><ele>724.5</ele></trkpt>
    <trkpt lat="37.268926" lon="-3.984533"><ele>725.3</ele></trkpt>
    <trkpt lat="37.269107" lon="-3.98456"><ele>726</ele></trkpt>
    <trkpt lat="37.269315" lon="-3.984549"><ele>726.9</ele></trkpt>
    <trkpt lat="37.269527" lon="-3.984498"><ele>727.9</ele></trkpt>
    <trkpt lat="37.270099" lon="-3.98427"><ele>731.7</ele></trkpt>
    <trkpt lat="37.270269" lon="-3.984229"><ele>733.1</ele></trkpt>
    <trkpt lat="37.270559" lon="-3.984274"><ele>735.9</ele></trkpt>
    <trkpt lat="37.270669" lon="-3.984354"><ele>737.1</ele></trkpt>
    <trkpt lat="37.270775" lon="-3.984483"><ele>738.7</ele></trkpt>
    <trkpt lat="37.270843" lon="-3.984671"><ele>740.4</ele></trkpt>
    <trkpt lat="37.270853" lon="-3.984824"><ele>741.7</ele></trkpt>
    <trkpt lat="37.2708" lon="-3.985223"><ele>745.3</ele></trkpt>
    <trkpt lat="37.270812" lon="-3.985382"><ele>746.7</ele></trkpt>
    <trkpt lat="37.270855" lon="-3.985493"><ele>747.8</ele></trkpt>
    <trkpt lat="37.270947" lon="-3.985604"><ele>749.1</ele></trkpt>
    <trkpt lat="37.271341" lon="-3.985905"><ele>753.5</ele></trkpt>
    <trkpt lat="37.271424" lon="-3.986024"><ele>754.6</ele></trkpt>
    <trkpt lat="37.271472" lon="-3.986184"><ele>755.7</ele></trkpt>
    <trkpt lat="37.271545" lon="-3.986756"><ele>758.8</ele></trkpt>
    <trkpt lat="37.271594" lon="-3.986944"><ele>759.8</ele></trkpt>
    <trkpt lat="37.271677" lon="-3.987097"><ele>760.8</ele></trkpt>
    <trkpt lat="37.271836" lon="-3.987267"><ele>762.1</ele></trkpt>
    <trkpt lat="37.272006" lon="-3.987362"><ele>763.2</ele></trkpt>
    <trkpt lat="37.272219" lon="-3.987422"><ele>764.5</ele></trkpt>
    <trkpt lat="37.272406" lon="-3.987551"><ele>765.8</ele></trkpt>
    <trkpt lat="37.273249" lon="-3.988351"><ele>773.7</ele></trkpt>
    <trkpt lat="37.27351" lon="-3.9886"><ele>776.6</ele></trkpt>
    <trkpt lat="37.273665" lon="-3.988805"><ele>778.3</ele></trkpt>
    <trkpt lat="37.273963" lon="-3.989378"><ele>780.9</ele></trkpt>
    <trkpt lat="37.274068" lon="-3.989504"><ele>781.1</ele></trkpt>
    <trkpt lat="37.274157" lon="-3.98953"><ele>781.2</ele></trkpt>
    <trkpt lat="37.274235" lon="-3.989495"><ele>781.3</ele></trkpt>
    <trkpt lat="37.274305" lon="-3.989412"><ele>781.3</ele></trkpt>
    <trkpt lat="37.274328" lon="-3.989347"><ele>781.3</ele></trkpt>
    <trkpt lat="37.274311" lon="-3.989022"><ele>781.1</ele></trkpt>
    <trkpt lat="37.274327" lon="-3.988831"><ele>780.9</ele></trkpt>
    <trkpt lat="37.274392" lon="-3.988356"><ele>779.9</ele></trkpt>
    <trkpt lat="37.274447" lon="-3.988176"><ele>779.5</ele></trkpt>
    <trkpt lat="37.275182" lon="-3.987205"><ele>780.5</ele></trkpt>
    <trkpt lat="37.275271" lon="-3.987039"><ele>781.4</ele></trkpt>
    <trkpt lat="37.275383" lon="-3.98654"><ele>783.8</ele></trkpt>
    <trkpt lat="37.275487" lon="-3.986294"><ele>785.3</ele></trkpt>
    <trkpt lat="37.27563" lon="-3.986035"><ele>787.1</ele></trkpt>
    <trkpt lat="37.275789" lon="-3.985809"><ele>789.1</ele></trkpt>
    <trkpt lat="37.275935" lon="-3.985662"><ele>790.8</ele></trkpt>
    <trkpt lat="37.276078" lon="-3.985574"><ele>792.4</ele></trkpt>
    <trkpt lat="37.276317" lon="-3.985501"><ele>794.9</ele></trkpt>
    <trkpt lat="37.27666" lon="-3.985464"><ele>798.7</ele></trkpt>
    <trkpt lat="37.276809" lon="-3.985493"><ele>800.6</ele></trkpt>
    <trkpt lat="37.276933" lon="-3.985561"><ele>802.2</ele></trkpt>
    <trkpt lat="37.277628" lon="-3.986292"><ele>813.5</ele></trkpt>
    <trkpt lat="37.27794" lon="-3.9867"><ele>818.9</ele></trkpt>
    <trkpt lat="37.278206" lon="-3.986912"><ele>822.3</ele></trkpt>
    <trkpt lat="37.278432" lon="-3.987009"><ele>824.7</ele></trkpt>
    <trkpt lat="37.278516" lon="-3.987075"><ele>825.6</ele></trkpt>
    <trkpt lat="37.27863" lon="-3.987283"><ele>827.1</ele></trkpt>
    <trkpt lat="37.278701" lon="-3.987606"><ele>829</ele></trkpt>
    <trkpt lat="37.278797" lon="-3.987829"><ele>830.3</ele></trkpt>
    <trkpt lat="37.278928" lon="-3.988042"><ele>831.6</ele></trkpt>
    <trkpt lat="37.279072" lon="-3.988183"><ele>832.5</ele></trkpt>
    <trkpt lat="37.27915" lon="-3.988223"><ele>833</ele></trkpt>
    <trkpt lat="37.279265" lon="-3.988224"><ele>833.5</ele></trkpt>
    <trkpt lat="37.280053" lon="-3.987905"><ele>837.6</ele></trkpt>
    <trkpt lat="37.280187" lon="-3.987903"><ele>838.4</ele></trkpt>
    <trkpt lat="37.280372" lon="-3.987983"><ele>839.5</ele></trkpt>
    <trkpt lat="37.280559" lon="-3.988169"><ele>841.1</ele></trkpt>
    <trkpt lat="37.28065" lon="-3.988218"><ele>841.9</ele></trkpt>
    <trkpt lat="37.281182" lon="-3.988282"><ele>846.3</ele></trkpt>
    <trkpt lat="37.281739" lon="-3.98835"><ele>851.1</ele></trkpt>
    <trkpt lat="37.281873" lon="-3.988393"><ele>852.2</ele></trkpt>
    <trkpt lat="37.282024" lon="-3.988547"><ele>853.7</ele></trkpt>
    <trkpt lat="37.282218" lon="-3.9889"><ele>856.4</ele></trkpt>
    <trkpt lat="37.282296" lon="-3.98897"><ele>857.1</ele></trkpt>
    <trkpt lat="37.28244" lon="-3.988977"><ele>858.2</ele></trkpt>
    <trkpt lat="37.282685" lon="-3.988821"><ele>860.2</ele></trkpt>
    <trkpt lat="37.282789" lon="-3.988783"><ele>861</ele></trkpt>
    <trkpt lat="37.28294" lon="-3.988772"><ele>862</ele></trkpt>
    <trkpt lat="37.283315" lon="-3.988814"><ele>864.2</ele></trkpt>
    <trkpt lat="37.283378" lon="-3.988767"><ele>864.6</ele></trkpt>
    <trkpt lat="37.283417" lon="-3.988673"><ele>865</ele></trkpt>
    <trkpt lat="37.283391" lon="-3.9885"><ele>865.8</ele></trkpt>
    <trkpt lat="37.283059" lon="-3.988027"><ele>868.3</ele></trkpt>
    <trkpt lat="37.282842" lon="-3.987631"><ele>870.3</ele></trkpt>
    <trkpt lat="37.282757" lon="-3.987355"><ele>871.6</ele></trkpt>
    <trkpt lat="37.282766" lon="-3.987245"><ele>872.2</ele></trkpt>
    <trkpt lat="37.282809" lon="-3.987121"><ele>872.8</ele></trkpt>
    <trkpt lat="37.282885" lon="-3.987048"><ele>873.4</ele></trkpt>
    <trkpt lat="37.283398" lon="-3.986831"><ele>877.3</ele></trkpt>
    <trkpt lat="37.283598" lon="-3.986785"><ele>878.9</ele></trkpt>
    <trkpt lat="37.283786" lon="-3.98678"><ele>880.5</ele></trkpt>
    <trkpt lat="37.284183" lon="-3.986852"><ele>884</ele></trkpt>
    <trkpt lat="37.285379" lon="-3.987246"><ele>895.7</ele></trkpt>
    <trkpt lat="37.285636" lon="-3.987444"><ele>898.6</ele></trkpt>
    <trkpt lat="37.285989" lon="-3.98791"><ele>903.2</ele></trkpt>
    <trkpt lat="37.28632" lon="-3.988429"><ele>907.5</ele></trkpt>
    <trkpt lat="37.286448" lon="-3.988692"><ele>909.3</ele></trkpt>
    <trkpt lat="37.286785" lon="-3.989752"><ele>915.2</ele></trkpt>
    <trkpt lat="37.286848" lon="-3.989893"><ele>916.1</ele></trkpt>
    <trkpt lat="37.286882" lon="-3.989971"><ele>916.5</ele></trkpt>
    <trkpt lat="37.287033" lon="-3.990126"><ele>917.8</ele></trkpt>
    <trkpt lat="37.288414" lon="-3.99061"><ele>928.8</ele></trkpt>
    <trkpt lat="37.289157" lon="-3.990793"><ele>932.6</ele></trkpt>
    <trkpt lat="37.289241" lon="-3.990787"><ele>932.9</ele></trkpt>
    <trkpt lat="37.289302" lon="-3.990755"><ele>933</ele></trkpt>
    <trkpt lat="37.289341" lon="-3.990695"><ele>933.2</ele></trkpt>
    <trkpt lat="37.28937" lon="-3.990522"><ele>933.5</ele></trkpt>
    <trkpt lat="37.289335" lon="-3.990438"><ele>933.6</ele></trkpt>
    <trkpt lat="37.288994" lon="-3.989979"><ele>934.4</ele></trkpt>
    <trkpt lat="37.288912" lon="-3.989829"><ele>934.7</ele></trkpt>
    <trkpt lat="37.288873" lon="-3.989705"><ele>934.8</ele></trkpt>
    <trkpt lat="37.288887" lon="-3.98951"><ele>935.2</ele></trkpt>
    <trkpt lat="37.288929" lon="-3.989435"><ele>935.4</ele></trkpt>
    <trkpt lat="37.289004" lon="-3.98938"><ele>935.7</ele></trkpt>
    <trkpt lat="37.289124" lon="-3.989338"><ele>936.3</ele></trkpt>
    <trkpt lat="37.289305" lon="-3.989338"><ele>937.3</ele></trkpt>
    <trkpt lat="37.290179" lon="-3.989484"><ele>943.6</ele></trkpt>
    <trkpt lat="37.290283" lon="-3.989474"><ele>944.2</ele></trkpt>
    <trkpt lat="37.290394" lon="-3.989374"><ele>945.1</ele></trkpt>
    <trkpt lat="37.290432" lon="-3.989285"><ele>945.6</ele></trkpt>
    <trkpt lat="37.290445" lon="-3.989108"><ele>946.5</ele></trkpt>
    <trkpt lat="37.290417" lon="-3.989003"><ele>947</ele></trkpt>
    <trkpt lat="37.290186" lon="-3.988597"><ele>949</ele></trkpt>
    <trkpt lat="37.290144" lon="-3.988469"><ele>949.5</ele></trkpt>
    <trkpt lat="37.290137" lon="-3.988358"><ele>949.9</ele></trkpt>
    <trkpt lat="37.290157" lon="-3.988271"><ele>950.2</ele></trkpt>
    <trkpt lat="37.290262" lon="-3.988138"><ele>950.8</ele></trkpt>
    <trkpt lat="37.290931" lon="-3.987851"><ele>953.6</ele></trkpt>
    <trkpt lat="37.291141" lon="-3.987725"><ele>954.8</ele></trkpt>
    <trkpt lat="37.291252" lon="-3.987595"><ele>955.7</ele></trkpt>
    <trkpt lat="37.29128" lon="-3.98751"><ele>956.1</ele></trkpt>
    <trkpt lat="37.29128" lon="-3.987419"><ele>956.6</ele></trkpt>
    <trkpt lat="37.29113" lon="-3.986744"><ele>960.1</ele></trkpt>
    <trkpt lat="37.291125" lon="-3.98664"><ele>960.7</ele></trkpt>
    <trkpt lat="37.291182" lon="-3.986456"><ele>961.8</ele></trkpt>
    <trkpt lat="37.291237" lon="-3.986401"><ele>962.3</ele></trkpt>
    <trkpt lat="37.291423" lon="-3.986356"><ele>963.8</ele></trkpt>
    <trkpt lat="37.292129" lon="-3.986386"><ele>970.5</ele></trkpt>
    <trkpt lat="37.29226" lon="-3.986356"><ele>972</ele></trkpt>
    <trkpt lat="37.292527" lon="-3.98612"><ele>975.7</ele></trkpt>
    <trkpt lat="37.292635" lon="-3.98607"><ele>977</ele></trkpt>
    <trkpt lat="37.29273" lon="-3.986063"><ele>978</ele></trkpt>
    <trkpt lat="37.292822" lon="-3.986088"><ele>979</ele></trkpt>
    <trkpt lat="37.293138" lon="-3.986308"><ele>982.8</ele></trkpt>
    <trkpt lat="37.293502" lon="-3.986486"><ele>986.6</ele></trkpt>
    <trkpt lat="37.29396" lon="-3.986869"><ele>991.6</ele></trkpt>
    <trkpt lat="37.294063" lon="-3.986914"><ele>992.5</ele></trkpt>
    <trkpt lat="37.294231" lon="-3.986884"><ele>994</ele></trkpt>
    <trkpt lat="37.294527" lon="-3.986595"><ele>997</ele></trkpt>
    <trkpt lat="37.294622" lon="-3.98654"><ele>997.8</ele></trkpt>
    <trkpt lat="37.294835" lon="-3.986528"><ele>999.5</ele></trkpt>
    <trkpt lat="37.294975" lon="-3.986593"><ele>1000.7</ele></trkpt>
    <trkpt lat="37.297134" lon="-3.987968"><ele>1018</ele></trkpt>
    <trkpt lat="37.297247" lon="-3.988089"><ele>1018.8</ele></trkpt>
    <trkpt lat="37.297339" lon="-3.988246"><ele>1019.7</ele></trkpt>
    <trkpt lat="37.29774" lon="-3.989126"><ele>1024.7</ele></trkpt>
    <trkpt lat="37.29777" lon="-3.989276"><ele>1025.5</ele></trkpt>
    <trkpt lat="37.297731" lon="-3.989533"><ele>1026.8</ele></trkpt>
    <trkpt lat="37.29735" lon="-3.990353"><ele>1030.8</ele></trkpt>
    <trkpt lat="37.297312" lon="-3.990506"><ele>1031.3</ele></trkpt>
    <trkpt lat="37.297312" lon="-3.990519"><ele>1031.4</ele></trkpt>
    <trkpt lat="37.297313" lon="-3.990649"><ele>1031.7</ele></trkpt>
    <trkpt lat="37.29742" lon="-3.991216"><ele>1032.5</ele></trkpt>
    <trkpt lat="37.297448" lon="-3.991623"><ele>1032.4</ele></trkpt>
    <trkpt lat="37.297472" lon="-3.991727"><ele>1032.3</ele></trkpt>
    <trkpt lat="37.297528" lon="-3.991821"><ele>1032.2</ele></trkpt>
    <trkpt lat="37.297611" lon="-3.991884"><ele>1032.1</ele></trkpt>
    <trkpt lat="37.297724" lon="-3.991919"><ele>1032</ele></trkpt>
    <trkpt lat="37.297878" lon="-3.991916"><ele>1031.9</ele></trkpt>
    <trkpt lat="37.298249" lon="-3.99185"><ele>1031.6</ele></trkpt>
    <trkpt lat="37.298466" lon="-3.99188"><ele>1031.7</ele></trkpt>
    <trkpt lat="37.298692" lon="-3.991979"><ele>1031.9</ele></trkpt>
    <trkpt lat="37.299019" lon="-3.992167"><ele>1032.7</ele></trkpt>
    <trkpt lat="37.299864" lon="-3.992825"><ele>1036</ele></trkpt>
    <trkpt lat="37.299977" lon="-3.992884"><ele>1036.4</ele></trkpt>
    <trkpt lat="37.300092" lon="-3.992906"><ele>1036.8</ele></trkpt>
    <trkpt lat="37.300401" lon="-3.992894"><ele>1037.7</ele></trkpt>
    <trkpt lat="37.300536" lon="-3.992925"><ele>1038.1</ele></trkpt>
    <trkpt lat="37.300717" lon="-3.993062"><ele>1038.8</ele></trkpt>
    <trkpt lat="37.301323" lon="-3.993825"><ele>1041.9</ele></trkpt>
    <trkpt lat="37.301378" lon="-3.993937"><ele>1042.3</ele></trkpt>
    <trkpt lat="37.301424" lon="-3.994177"><ele>1043</ele></trkpt>
    <trkpt lat="37.301424" lon="-3.99435"><ele>1043.5</ele></trkpt>
    <trkpt lat="37.301309" lon="-3.995088"><ele>1045.2</ele></trkpt>
    <trkpt lat="37.301205" lon="-3.995378"><ele>1045.7</ele></trkpt>
    <trkpt lat="37.300967" lon="-3.995773"><ele>1045.7</ele></trkpt>
    <trkpt lat="37.300915" lon="-3.995904"><ele>1045.5</ele></trkpt>
    <trkpt lat="37.30089" lon="-3.996047"><ele>1045.3</ele></trkpt>
    <trkpt lat="37.300899" lon="-3.996172"><ele>1045.1</ele></trkpt>
    <trkpt lat="37.300932" lon="-3.996263"><ele>1044.9</ele></trkpt>
    <trkpt lat="37.30098" lon="-3.996322"><ele>1044.7</ele></trkpt>
    <trkpt lat="37.301071" lon="-3.996357"><ele>1044.3</ele></trkpt>
    <trkpt lat="37.301165" lon="-3.996355"><ele>1044</ele></trkpt>
    <trkpt lat="37.301456" lon="-3.996269"><ele>1042.6</ele></trkpt>
    <trkpt lat="37.302363" lon="-3.99579"><ele>1037.7</ele></trkpt>
    <trkpt lat="37.302822" lon="-3.995734"><ele>1036.4</ele></trkpt>
    <trkpt lat="37.302952" lon="-3.995686"><ele>1036.2</ele></trkpt>
    <trkpt lat="37.30335" lon="-3.995433"><ele>1035.8</ele></trkpt>
    <trkpt lat="37.303549" lon="-3.995423"><ele>1035.8</ele></trkpt>
    <trkpt lat="37.30396" lon="-3.995505"><ele>1036.1</ele></trkpt>
    <trkpt lat="37.304083" lon="-3.995505"><ele>1036.3</ele></trkpt>
    <trkpt lat="37.304257" lon="-3.995445"><ele>1036.5</ele></trkpt>
    <trkpt lat="37.304363" lon="-3.995366"><ele>1036.6</ele></trkpt>
    <trkpt lat="37.305194" lon="-3.994334"><ele>1038</ele></trkpt>
    <trkpt lat="37.305311" lon="-3.994233"><ele>1038.3</ele></trkpt>
    <trkpt lat="37.305491" lon="-3.994179"><ele>1038.9</ele></trkpt>
    <trkpt lat="37.305698" lon="-3.994187"><ele>1039.5</ele></trkpt>
    <trkpt lat="37.305826" lon="-3.994148"><ele>1040</ele></trkpt>
    <trkpt lat="37.30606" lon="-3.993957"><ele>1040.9</ele></trkpt>
    <trkpt lat="37.306139" lon="-3.993935"><ele>1041.2</ele></trkpt>
    <trkpt lat="37.306259" lon="-3.993978"><ele>1041.7</ele></trkpt>
    <trkpt lat="37.306314" lon="-3.994046"><ele>1042</ele></trkpt>
    <trkpt lat="37.306385" lon="-3.994283"><ele>1042.8</ele></trkpt>
    <trkpt lat="37.306452" lon="-3.996062"><ele>1047.3</ele></trkpt>
    <trkpt lat="37.30642" lon="-3.996212"><ele>1047.6</ele></trkpt>
    <trkpt lat="37.306376" lon="-3.996311"><ele>1047.8</ele></trkpt>
    <trkpt lat="37.306312" lon="-3.996382"><ele>1048</ele></trkpt>
    <trkpt lat="37.30597" lon="-3.9965"><ele>1048.6</ele></trkpt>
    <trkpt lat="37.305871" lon="-3.996582"><ele>1048.8</ele></trkpt>
    <trkpt lat="37.305813" lon="-3.996686"><ele>1048.9</ele></trkpt>
    <trkpt lat="37.305774" lon="-3.996842"><ele>1048.9</ele></trkpt>
    <trkpt lat="37.305729" lon="-3.997855"><ele>1046.9</ele></trkpt>
    <trkpt lat="37.305639" lon="-3.998238"><ele>1045.1</ele></trkpt>
    <trkpt lat="37.305492" lon="-3.998572"><ele>1043.2</ele></trkpt>
    <trkpt lat="37.305366" lon="-3.999145"><ele>1040.2</ele></trkpt>
    <trkpt lat="37.305304" lon="-3.999302"><ele>1039.3</ele></trkpt>
    <trkpt lat="37.305157" lon="-3.9995"><ele>1038</ele></trkpt>
    <trkpt lat="37.304942" lon="-3.999654"><ele>1036.5</ele></trkpt>
    <trkpt lat="37.304872" lon="-3.999771"><ele>1035.9</ele></trkpt>
    <trkpt lat="37.304817" lon="-4.000058"><ele>1034.7</ele></trkpt>
    <trkpt lat="37.304828" lon="-4.000196"><ele>1034.2</ele></trkpt>
    <trkpt lat="37.304885" lon="-4.000332"><ele>1033.7</ele></trkpt>
    <trkpt lat="37.305457" lon="-4.001082"><ele>1031.5</ele></trkpt>
    <trkpt lat="37.305577" lon="-4.001395"><ele>1030.7</ele></trkpt>
    <trkpt lat="37.305588" lon="-4.001531"><ele>1030.4</ele></trkpt>
    <trkpt lat="37.305569" lon="-4.001687"><ele>1029.9</ele></trkpt>
    <trkpt lat="37.305501" lon="-4.001895"><ele>1029.2</ele></trkpt>
    <trkpt lat="37.305292" lon="-4.002356"><ele>1027.4</ele></trkpt>
    <trkpt lat="37.305261" lon="-4.002501"><ele>1026.9</ele></trkpt>
    <trkpt lat="37.305265" lon="-4.002643"><ele>1026.5</ele></trkpt>
    <trkpt lat="37.305377" lon="-4.002862"><ele>1025.7</ele></trkpt>
    <trkpt lat="37.305663" lon="-4.003111"><ele>1024.1</ele></trkpt>
    <trkpt lat="37.305726" lon="-4.003191"><ele>1023.6</ele></trkpt>
    <trkpt lat="37.305761" lon="-4.003287"><ele>1023.1</ele></trkpt>
    <trkpt lat="37.30575" lon="-4.003504"><ele>1021.9</ele></trkpt>
    <trkpt lat="37.305703" lon="-4.003609"><ele>1021.2</ele></trkpt>
    <trkpt lat="37.305405" lon="-4.00401"><ele>1017.6</ele></trkpt>
    <trkpt lat="37.305367" lon="-4.004127"><ele>1016.8</ele></trkpt>
    <trkpt lat="37.305363" lon="-4.004223"><ele>1016.2</ele></trkpt>
    <trkpt lat="37.305442" lon="-4.004385"><ele>1015</ele></trkpt>
    <trkpt lat="37.305744" lon="-4.004635"><ele>1012</ele></trkpt>
    <trkpt lat="37.305805" lon="-4.00472"><ele>1011.2</ele></trkpt>
    <trkpt lat="37.305862" lon="-4.004935"><ele>1009.6</ele></trkpt>
    <trkpt lat="37.305797" lon="-4.005682"><ele>1004.2</ele></trkpt>
    <trkpt lat="37.305807" lon="-4.00592"><ele>1002.6</ele></trkpt>
    <trkpt lat="37.305888" lon="-4.006346"><ele>999.9</ele></trkpt>
    <trkpt lat="37.305902" lon="-4.006577"><ele>998.6</ele></trkpt>
    <trkpt lat="37.305828" lon="-4.007499"><ele>992.7</ele></trkpt>
    <trkpt lat="37.305836" lon="-4.007613"><ele>991.9</ele></trkpt>
    <trkpt lat="37.305881" lon="-4.007725"><ele>991.1</ele></trkpt>
    <trkpt lat="37.305962" lon="-4.00781"><ele>990.2</ele></trkpt>
    <trkpt lat="37.306244" lon="-4.008011"><ele>987.3</ele></trkpt>
    <trkpt lat="37.306312" lon="-4.008104"><ele>986.4</ele></trkpt>
    <trkpt lat="37.306384" lon="-4.00824"><ele>985.3</ele></trkpt>
    <trkpt lat="37.306706" lon="-4.009218"><ele>978.1</ele></trkpt>
    <trkpt lat="37.307148" lon="-4.010093"><ele>970.8</ele></trkpt>
    <trkpt lat="37.307227" lon="-4.010191"><ele>969.8</ele></trkpt>
    <trkpt lat="37.307346" lon="-4.01024"><ele>968.6</ele></trkpt>
    <trkpt lat="37.307464" lon="-4.010217"><ele>967.4</ele></trkpt>
    <trkpt lat="37.307569" lon="-4.010086"><ele>966</ele></trkpt>
    <trkpt lat="37.30792" lon="-4.009309"><ele>959.6</ele></trkpt>
    <trkpt lat="37.308302" lon="-4.008674"><ele>955.2</ele></trkpt>
    <trkpt lat="37.308595" lon="-4.00801"><ele>952</ele></trkpt>
    <trkpt lat="37.308704" lon="-4.00789"><ele>951.3</ele></trkpt>
    <trkpt lat="37.309158" lon="-4.007515"><ele>948.7</ele></trkpt>
    <trkpt lat="37.309249" lon="-4.007362"><ele>947.9</ele></trkpt>
    <trkpt lat="37.309377" lon="-4.006964"><ele>946.1</ele></trkpt>
    <trkpt lat="37.309428" lon="-4.006875"><ele>945.6</ele></trkpt>
    <trkpt lat="37.309579" lon="-4.006762"><ele>944.6</ele></trkpt>
    <trkpt lat="37.3097" lon="-4.006753"><ele>943.8</ele></trkpt>
    <trkpt lat="37.310148" lon="-4.006898"><ele>940.7</ele></trkpt>
    <trkpt lat="37.310267" lon="-4.006896"><ele>939.9</ele></trkpt>
    <trkpt lat="37.31053" lon="-4.006824"><ele>938.1</ele></trkpt>
    <trkpt lat="37.310637" lon="-4.006832"><ele>937.3</ele></trkpt>
    <trkpt lat="37.310922" lon="-4.006957"><ele>935.2</ele></trkpt>
    <trkpt lat="37.311195" lon="-4.007017"><ele>933.1</ele></trkpt>
    <trkpt lat="37.311702" lon="-4.007028"><ele>929.1</ele></trkpt>
    <trkpt lat="37.311795" lon="-4.007083"><ele>928.3</ele></trkpt>
    <trkpt lat="37.31201" lon="-4.007379"><ele>925.5</ele></trkpt>
    <trkpt lat="37.312095" lon="-4.007418"><ele>924.7</ele></trkpt>
    <trkpt lat="37.312285" lon="-4.007421"><ele>923.1</ele></trkpt>
    <trkpt lat="37.312387" lon="-4.007452"><ele>922.2</ele></trkpt>
    <trkpt lat="37.31266" lon="-4.007606"><ele>919.9</ele></trkpt>
    <trkpt lat="37.312823" lon="-4.007654"><ele>918.6</ele></trkpt>
    <trkpt lat="37.312982" lon="-4.007657"><ele>917.5</ele></trkpt>
    <trkpt lat="37.313089" lon="-4.007629"><ele>916.7</ele></trkpt>
    <trkpt lat="37.313282" lon="-4.007522"><ele>915.4</ele></trkpt>
    <trkpt lat="37.313362" lon="-4.007509"><ele>914.9</ele></trkpt>
    <trkpt lat="37.31351" lon="-4.007571"><ele>913.9</ele></trkpt>
    <trkpt lat="37.313668" lon="-4.007722"><ele>912.7</ele></trkpt>
    <trkpt lat="37.313759" lon="-4.007757"><ele>912.1</ele></trkpt>
    <trkpt lat="37.314379" lon="-4.007858"><ele>908.1</ele></trkpt>
    <trkpt lat="37.31504" lon="-4.007893"><ele>902.8</ele></trkpt>
    <trkpt lat="37.315494" lon="-4.007871"><ele>898.8</ele></trkpt>
    <trkpt lat="37.315648" lon="-4.007907"><ele>897.5</ele></trkpt>
    <trkpt lat="37.316099" lon="-4.008228"><ele>894</ele></trkpt>
    <trkpt lat="37.31652" lon="-4.008407"><ele>892.1</ele></trkpt>
    <trkpt lat="37.316923" lon="-4.008804"><ele>890.8</ele></trkpt>
    <trkpt lat="37.317087" lon="-4.009043"><ele>890.5</ele></trkpt>
    <trkpt lat="37.317139" lon="-4.009171"><ele>890.5</ele></trkpt>
    <trkpt lat="37.317183" lon="-4.009429"><ele>890.3</ele></trkpt>
    <trkpt lat="37.317175" lon="-4.009567"><ele>890.2</ele></trkpt>
    <trkpt lat="37.317053" lon="-4.010099"><ele>889.4</ele></trkpt>
    <trkpt lat="37.317043" lon="-4.010336"><ele>888.4</ele></trkpt>
    <trkpt lat="37.317067" lon="-4.010561"><ele>886.7</ele></trkpt>
    <trkpt lat="37.317191" lon="-4.01107"><ele>882.4</ele></trkpt>
    <trkpt lat="37.317262" lon="-4.011173"><ele>881.3</ele></trkpt>
    <trkpt lat="37.31735" lon="-4.011241"><ele>880.2</ele></trkpt>
    <trkpt lat="37.31751" lon="-4.011319"><ele>878.2</ele></trkpt>
    <trkpt lat="37.317728" lon="-4.011369"><ele>875.1</ele></trkpt>
    <trkpt lat="37.317746" lon="-4.011339"><ele>874.7</ele></trkpt>
    <trkpt lat="37.317789" lon="-4.011333"><ele>874.1</ele></trkpt>
    <trkpt lat="37.317817" lon="-4.011395"><ele>873.2</ele></trkpt>
    <trkpt lat="37.317775" lon="-4.011444"><ele>872.3</ele></trkpt>
    <trkpt lat="37.317792" lon="-4.011531"><ele>871.2</ele></trkpt>
    <trkpt lat="37.317767" lon="-4.012483"><ele>858</ele></trkpt>
    <trkpt lat="37.317821" lon="-4.012701"><ele>855.7</ele></trkpt>
    <trkpt lat="37.317904" lon="-4.012842"><ele>854.2</ele></trkpt>
    <trkpt lat="37.318059" lon="-4.013003"><ele>851.9</ele></trkpt>
    <trkpt lat="37.31837" lon="-4.01318"><ele>848.3</ele></trkpt>
    <trkpt lat="37.318528" lon="-4.013186"><ele>846.9</ele></trkpt>
    <trkpt lat="37.318595" lon="-4.013141"><ele>846.2</ele></trkpt>
    <trkpt lat="37.318701" lon="-4.01296"><ele>844.6</ele></trkpt>
    <trkpt lat="37.318828" lon="-4.012289"><ele>840.3</ele></trkpt>
    <trkpt lat="37.318845" lon="-4.012013"><ele>838.8</ele></trkpt>
    <trkpt lat="37.318794" lon="-4.011768"><ele>837.2</ele></trkpt>
    <trkpt lat="37.318805" lon="-4.011624"><ele>836.3</ele></trkpt>
    <trkpt lat="37.318852" lon="-4.011489"><ele>835.4</ele></trkpt>
    <trkpt lat="37.31921" lon="-4.010912"><ele>830.1</ele></trkpt>
    <trkpt lat="37.319254" lon="-4.010781"><ele>829</ele></trkpt>
    <trkpt lat="37.319272" lon="-4.010635"><ele>827.9</ele></trkpt>
    <trkpt lat="37.319261" lon="-4.010506"><ele>826.9</ele></trkpt>
    <trkpt lat="37.319153" lon="-4.010163"><ele>824</ele></trkpt>
    <trkpt lat="37.31914" lon="-4.010053"><ele>823.1</ele></trkpt>
    <trkpt lat="37.319176" lon="-4.009886"><ele>821.8</ele></trkpt>
    <trkpt lat="37.319304" lon="-4.009796"><ele>820.5</ele></trkpt>
    <trkpt lat="37.319422" lon="-4.009833"><ele>819.4</ele></trkpt>
    <trkpt lat="37.319698" lon="-4.010015"><ele>817.1</ele></trkpt>
    <trkpt lat="37.319823" lon="-4.010098"><ele>816.2</ele></trkpt>
    <trkpt lat="37.319899" lon="-4.010195"><ele>815.6</ele></trkpt>
    <trkpt lat="37.319934" lon="-4.010289"><ele>815.1</ele></trkpt>
    <trkpt lat="37.319958" lon="-4.010571"><ele>813.9</ele></trkpt>
    <trkpt lat="37.319931" lon="-4.011396"><ele>810.6</ele></trkpt>
    <trkpt lat="37.319983" lon="-4.0118"><ele>809.5</ele></trkpt>
    <trkpt lat="37.319933" lon="-4.01206"><ele>808.8</ele></trkpt>
    <trkpt lat="37.319477" lon="-4.013133"><ele>806.2</ele></trkpt>
    <trkpt lat="37.319448" lon="-4.013371"><ele>805.5</ele></trkpt>
    <trkpt lat="37.319522" lon="-4.014001"><ele>802.6</ele></trkpt>
    <trkpt lat="37.319539" lon="-4.01456"><ele>798.6</ele></trkpt>
    <trkpt lat="37.319578" lon="-4.014756"><ele>796.9</ele></trkpt>
    <trkpt lat="37.319649" lon="-4.014934"><ele>795.2</ele></trkpt>
    <trkpt lat="37.320213" lon="-4.015764"><ele>784.8</ele></trkpt>
    <trkpt lat="37.320312" lon="-4.015875"><ele>783.3</ele></trkpt>
    <trkpt lat="37.321187" lon="-4.016568"><ele>777.5</ele></trkpt>
    <trkpt lat="37.321287" lon="-4.016691"><ele>777.8</ele></trkpt>
    <trkpt lat="37.321669" lon="-4.01759"><ele>778.7</ele></trkpt>
    <trkpt lat="37.321754" lon="-4.017916"><ele>778</ele></trkpt>
    <trkpt lat="37.32183" lon="-4.018068"><ele>777.4</ele></trkpt>
    <trkpt lat="37.321929" lon="-4.018191"><ele>776.5</ele></trkpt>
    <trkpt lat="37.322732" lon="-4.018873"><ele>765.7</ele></trkpt>
    <trkpt lat="37.322921" lon="-4.019114"><ele>761.9</ele></trkpt>
    <trkpt lat="37.323009" lon="-4.019273"><ele>760</ele></trkpt>
    <trkpt lat="37.323062" lon="-4.019418"><ele>758.6</ele></trkpt>
    <trkpt lat="37.323114" lon="-4.019849"><ele>755.5</ele></trkpt>
    <trkpt lat="37.323108" lon="-4.020043"><ele>754.5</ele></trkpt>
    <trkpt lat="37.323059" lon="-4.020257"><ele>753.6</ele></trkpt>
    <trkpt lat="37.322727" lon="-4.021236"><ele>752.4</ele></trkpt>
    <trkpt lat="37.322668" lon="-4.021565"><ele>752.3</ele></trkpt>
    <trkpt lat="37.322608" lon="-4.023251"><ele>750</ele></trkpt>
    <trkpt lat="37.322629" lon="-4.02363"><ele>748.9</ele></trkpt>
    <trkpt lat="37.322677" lon="-4.023843"><ele>748.3</ele></trkpt>
    <trkpt lat="37.322813" lon="-4.024125"><ele>747.1</ele></trkpt>
    <trkpt lat="37.323004" lon="-4.02466"><ele>744.7</ele></trkpt>
    <trkpt lat="37.323157" lon="-4.025621"><ele>739.6</ele></trkpt>
    <trkpt lat="37.323156" lon="-4.02564"><ele>739.4</ele></trkpt>
    <trkpt lat="37.323131" lon="-4.026143"><ele>736.5</ele></trkpt>
    <trkpt lat="37.32309" lon="-4.026612"><ele>733.6</ele></trkpt>
    <trkpt lat="37.323023" lon="-4.027005"><ele>731.1</ele></trkpt>
    <trkpt lat="37.322945" lon="-4.027254"><ele>729.3</ele></trkpt>
    <trkpt lat="37.322809" lon="-4.027507"><ele>727.4</ele></trkpt>
    <trkpt lat="37.322522" lon="-4.027786"><ele>724.8</ele></trkpt>
    <trkpt lat="37.322283" lon="-4.028098"><ele>722.6</ele></trkpt>
    <trkpt lat="37.322197" lon="-4.028344"><ele>721.3</ele></trkpt>
    <trkpt lat="37.32214" lon="-4.028866"><ele>719.3</ele></trkpt>
    <trkpt lat="37.32212" lon="-4.029149"><ele>718.4</ele></trkpt>
    <trkpt lat="37.322061" lon="-4.029413"><ele>717.6</ele></trkpt>
    <trkpt lat="37.321847" lon="-4.030027"><ele>716.1</ele></trkpt>
    <trkpt lat="37.321361" lon="-4.031188"><ele>714.1</ele></trkpt>
    <trkpt lat="37.320602" lon="-4.032876"><ele>711.6</ele></trkpt>
    <trkpt lat="37.320411" lon="-4.033806"><ele>710.4</ele></trkpt>
    <trkpt lat="37.320175" lon="-4.036005"><ele>707.8</ele></trkpt>
    <trkpt lat="37.320109" lon="-4.036529"><ele>707.1</ele></trkpt>
    <trkpt lat="37.320094" lon="-4.036727"><ele>706.8</ele></trkpt>
    <trkpt lat="37.320081" lon="-4.037101"><ele>706.3</ele></trkpt>
    <trkpt lat="37.32011" lon="-4.039689"><ele>701.9</ele></trkpt>
    <trkpt lat="37.320062" lon="-4.040695"><ele>700.8</ele></trkpt>
    <trkpt lat="37.319967" lon="-4.041911"><ele>699.8</ele></trkpt>
    <trkpt lat="37.319924" lon="-4.043093"><ele>698.9</ele></trkpt>
    <trkpt lat="37.319862" lon="-4.044716"><ele>697.7</ele></trkpt>
    <trkpt lat="37.319771" lon="-4.045734"><ele>697.1</ele></trkpt>
    <trkpt lat="37.319637" lon="-4.047196"><ele>695.9</ele></trkpt>
    <trkpt lat="37.318977" lon="-4.052381"><ele>689.6</ele></trkpt>
    <trkpt lat="37.318922" lon="-4.052751"><ele>689.1</ele></trkpt>
    <trkpt lat="37.318868" lon="-4.052955"><ele>688.8</ele></trkpt>
    <trkpt lat="37.318642" lon="-4.053532"><ele>688</ele></trkpt>
    <trkpt lat="37.318533" lon="-4.053832"><ele>687.6</ele></trkpt>
    <trkpt lat="37.317946" lon="-4.054674"><ele>687.2</ele></trkpt>
    <trkpt lat="37.317343" lon="-4.055274"><ele>687.3</ele></trkpt>
    <trkpt lat="37.316561" lon="-4.055998"><ele>687.2</ele></trkpt>
    <trkpt lat="37.316439" lon="-4.056154"><ele>687.1</ele></trkpt>
    <trkpt lat="37.315613" lon="-4.057964"><ele>685.8</ele></trkpt>
    <trkpt lat="37.315283" lon="-4.058736"><ele>686</ele></trkpt>
    <trkpt lat="37.315198" lon="-4.059114"><ele>685.9</ele></trkpt>
    <trkpt lat="37.315163" lon="-4.05954"><ele>685.7</ele></trkpt>
    <trkpt lat="37.315187" lon="-4.05985"><ele>685.4</ele></trkpt>
    <trkpt lat="37.315226" lon="-4.059991"><ele>685.3</ele></trkpt>
    <trkpt lat="37.315399" lon="-4.060361"><ele>684.8</ele></trkpt>
    <trkpt lat="37.315505" lon="-4.060557"><ele>684.4</ele></trkpt>
    <trkpt lat="37.315647" lon="-4.060823"><ele>683.9</ele></trkpt>
    <trkpt lat="37.315763" lon="-4.061181"><ele>683.1</ele></trkpt>
    <trkpt lat="37.315763" lon="-4.061181"><ele>683.2</ele></trkpt>
    <trkpt lat="37.315763" lon="-4.061181"><ele>683.2</ele></trkpt>
    <trkpt lat="37.315768" lon="-4.061865"><ele>681.9</ele></trkpt>
    <trkpt lat="37.315715" lon="-4.062001"><ele>681.7</ele></trkpt>
    <trkpt lat="37.315715" lon="-4.062001"><ele>681.6</ele></trkpt>
    <trkpt lat="37.315715" lon="-4.062001"><ele>681.6</ele></trkpt>
    <trkpt lat="37.31559" lon="-4.062203"><ele>681.3</ele></trkpt>
    <trkpt lat="37.31559" lon="-4.062203"><ele>681.2</ele></trkpt>
    <trkpt lat="37.31559" lon="-4.062203"><ele>681.2</ele></trkpt>
    <trkpt lat="37.315366" lon="-4.062293"><ele>680.9</ele></trkpt>
    <trkpt lat="37.315122" lon="-4.062397"><ele>680.2</ele></trkpt>
    <trkpt lat="37.314982" lon="-4.062512"><ele>679.9</ele></trkpt>
    <trkpt lat="37.313859" lon="-4.063626"><ele>677.9</ele></trkpt>
    <trkpt lat="37.313097" lon="-4.064331"><ele>677.4</ele></trkpt>
    <trkpt lat="37.312867" lon="-4.064449"><ele>677.3</ele></trkpt>
    <trkpt lat="37.312557" lon="-4.06457"><ele>677.2</ele></trkpt>
    <trkpt lat="37.311816" lon="-4.064754"><ele>676.3</ele></trkpt>
    <trkpt lat="37.311653" lon="-4.06482"><ele>676.1</ele></trkpt>
    <trkpt lat="37.311115" lon="-4.065069"><ele>675.1</ele></trkpt>
    <trkpt lat="37.310882" lon="-4.065237"><ele>674.5</ele></trkpt>
    <trkpt lat="37.310524" lon="-4.065549"><ele>673.4</ele></trkpt>
    <trkpt lat="37.310207" lon="-4.065917"><ele>672.3</ele></trkpt>
    <trkpt lat="37.309653" lon="-4.066719"><ele>670.4</ele></trkpt>
    <trkpt lat="37.308159" lon="-4.06892"><ele>666.3</ele></trkpt>
    <trkpt lat="37.307475" lon="-4.069871"><ele>664.9</ele></trkpt>
    <trkpt lat="37.307305" lon="-4.070106"><ele>664.5</ele></trkpt>
    <trkpt lat="37.306613" lon="-4.070913"><ele>663.1</ele></trkpt>
    <trkpt lat="37.305612" lon="-4.07193"><ele>661</ele></trkpt>
    <trkpt lat="37.305162" lon="-4.072482"><ele>660.1</ele></trkpt>
    <trkpt lat="37.304953" lon="-4.072809"><ele>659.6</ele></trkpt>
    <trkpt lat="37.304274" lon="-4.074195"><ele>660.3</ele></trkpt>
    <trkpt lat="37.303197" lon="-4.076423"><ele>669.1</ele></trkpt>
    <trkpt lat="37.303042" lon="-4.076592"><ele>670</ele></trkpt>
    <trkpt lat="37.302728" lon="-4.076806"><ele>671.5</ele></trkpt>
    <trkpt lat="37.302546" lon="-4.076968"><ele>672.4</ele></trkpt>
    <trkpt lat="37.302119" lon="-4.077576"><ele>673.6</ele></trkpt>
    <trkpt lat="37.301901" lon="-4.077748"><ele>673.2</ele></trkpt>
    <trkpt lat="37.301653" lon="-4.077782"><ele>672.4</ele></trkpt>
    <trkpt lat="37.301397" lon="-4.077688"><ele>670.9</ele></trkpt>
    <trkpt lat="37.300743" lon="-4.077317"><ele>664.3</ele></trkpt>
    <trkpt lat="37.300417" lon="-4.077253"><ele>660.6</ele></trkpt>
    <trkpt lat="37.299889" lon="-4.077242"><ele>655.9</ele></trkpt>
    <trkpt lat="37.299581" lon="-4.077208"><ele>654</ele></trkpt>
    <trkpt lat="37.298309" lon="-4.076761"><ele>649.9</ele></trkpt>
    <trkpt lat="37.297993" lon="-4.076697"><ele>648.6</ele></trkpt>
    <trkpt lat="37.297691" lon="-4.076697"><ele>647.4</ele></trkpt>
    <trkpt lat="37.297482" lon="-4.076754"><ele>646.5</ele></trkpt>
    <trkpt lat="37.297258" lon="-4.076855"><ele>645.5</ele></trkpt>
    <trkpt lat="37.29701" lon="-4.077035"><ele>644.3</ele></trkpt>
    <trkpt lat="37.296219" lon="-4.07794"><ele>642.9</ele></trkpt>
    <trkpt lat="37.295968" lon="-4.07818"><ele>643.6</ele></trkpt>
    <trkpt lat="37.295792" lon="-4.07827"><ele>644.4</ele></trkpt>
    <trkpt lat="37.295015" lon="-4.0784"><ele>650.9</ele></trkpt>
    <trkpt lat="37.294576" lon="-4.078613"><ele>655.1</ele></trkpt>
    <trkpt lat="37.294328" lon="-4.078651"><ele>656.7</ele></trkpt>
    <trkpt lat="37.294129" lon="-4.078592"><ele>657.5</ele></trkpt>
    <trkpt lat="37.293944" lon="-4.078403"><ele>658.1</ele></trkpt>
    <trkpt lat="37.293234" lon="-4.077222"><ele>649.8</ele></trkpt>
    <trkpt lat="37.293148" lon="-4.077117"><ele>648.4</ele></trkpt>
    <trkpt lat="37.293044" lon="-4.077066"><ele>647.1</ele></trkpt>
    <trkpt lat="37.292907" lon="-4.077053"><ele>645.7</ele></trkpt>
    <trkpt lat="37.292715" lon="-4.077132"><ele>643.6</ele></trkpt>
    <trkpt lat="37.292596" lon="-4.077248"><ele>642.2</ele></trkpt>
    <trkpt lat="37.292272" lon="-4.077777"><ele>637.8</ele></trkpt>
    <trkpt lat="37.292098" lon="-4.07798"><ele>636.2</ele></trkpt>
    <trkpt lat="37.291939" lon="-4.078085"><ele>635.1</ele></trkpt>
    <trkpt lat="37.291636" lon="-4.078183"><ele>633.5</ele></trkpt>
    <trkpt lat="37.290911" lon="-4.078135"><ele>631.6</ele></trkpt>
    <trkpt lat="37.290723" lon="-4.078153"><ele>632</ele></trkpt>
    <trkpt lat="37.29047" lon="-4.078244"><ele>633.2</ele></trkpt>
    <trkpt lat="37.290227" lon="-4.078429"><ele>635.1</ele></trkpt>
    <trkpt lat="37.290014" lon="-4.078647"><ele>637</ele></trkpt>
    <trkpt lat="37.289839" lon="-4.078767"><ele>638.4</ele></trkpt>
    <trkpt lat="37.289584" lon="-4.078796"><ele>640.2</ele></trkpt>
    <trkpt lat="37.289463" lon="-4.078757"><ele>641</ele></trkpt>
    <trkpt lat="37.289361" lon="-4.07867"><ele>641.7</ele></trkpt>
    <trkpt lat="37.289274" lon="-4.078537"><ele>642.5</ele></trkpt>
    <trkpt lat="37.289202" lon="-4.078376"><ele>643.2</ele></trkpt>
    <trkpt lat="37.289027" lon="-4.077809"><ele>644.4</ele></trkpt>
    <trkpt lat="37.288933" lon="-4.077629"><ele>644.3</ele></trkpt>
    <trkpt lat="37.288689" lon="-4.077409"><ele>643.7</ele></trkpt>
    <trkpt lat="37.287789" lon="-4.07677"><ele>638.5</ele></trkpt>
    <trkpt lat="37.287601" lon="-4.076593"><ele>636.6</ele></trkpt>
    <trkpt lat="37.287278" lon="-4.0761"><ele>631.8</ele></trkpt>
    <trkpt lat="37.28713" lon="-4.075935"><ele>629.8</ele></trkpt>
    <trkpt lat="37.286964" lon="-4.075801"><ele>627.8</ele></trkpt>
    <trkpt lat="37.28683" lon="-4.075737"><ele>626.4</ele></trkpt>
    <trkpt lat="37.286565" lon="-4.07571"><ele>624</ele></trkpt>
    <trkpt lat="37.286446" lon="-4.075737"><ele>623.1</ele></trkpt>
    <trkpt lat="37.286281" lon="-4.075823"><ele>622</ele></trkpt>
    <trkpt lat="37.285498" lon="-4.076461"><ele>618.3</ele></trkpt>
    <trkpt lat="37.28533" lon="-4.076586"><ele>617.8</ele></trkpt>
    <trkpt lat="37.28518" lon="-4.076656"><ele>617.3</ele></trkpt>
    <trkpt lat="37.285023" lon="-4.076699"><ele>616.8</ele></trkpt>
    <trkpt lat="37.284583" lon="-4.076735"><ele>615.5</ele></trkpt>
    <trkpt lat="37.28418" lon="-4.076806"><ele>614.4</ele></trkpt>
    <trkpt lat="37.284005" lon="-4.076865"><ele>614</ele></trkpt>
    <trkpt lat="37.283844" lon="-4.076942"><ele>613.9</ele></trkpt>
    <trkpt lat="37.283548" lon="-4.077137"><ele>613.9</ele></trkpt>
    <trkpt lat="37.283018" lon="-4.077523"><ele>614.8</ele></trkpt>
    <trkpt lat="37.282906" lon="-4.077561"><ele>615</ele></trkpt>
    <trkpt lat="37.282608" lon="-4.07758"><ele>615.4</ele></trkpt>
    <trkpt lat="37.282412" lon="-4.077523"><ele>615.6</ele></trkpt>
    <trkpt lat="37.282313" lon="-4.077466"><ele>615.8</ele></trkpt>
    <trkpt lat="37.281606" lon="-4.076826"><ele>615.4</ele></trkpt>
    <trkpt lat="37.281307" lon="-4.076633"><ele>615</ele></trkpt>
    <trkpt lat="37.281173" lon="-4.076594"><ele>614.8</ele></trkpt>
    <trkpt lat="37.281041" lon="-4.076594"><ele>614.6</ele></trkpt>
    <trkpt lat="37.280903" lon="-4.076635"><ele>614.3</ele></trkpt>
    <trkpt lat="37.280774" lon="-4.076708"><ele>613.9</ele></trkpt>
    <trkpt lat="37.280299" lon="-4.077078"><ele>611.9</ele></trkpt>
    <trkpt lat="37.280149" lon="-4.077155"><ele>611.1</ele></trkpt>
    <trkpt lat="37.279924" lon="-4.077197"><ele>609.8</ele></trkpt>
    <trkpt lat="37.279782" lon="-4.077192"><ele>609</ele></trkpt>
    <trkpt lat="37.279498" lon="-4.077113"><ele>607.4</ele></trkpt>
    <trkpt lat="37.279014" lon="-4.076839"><ele>604.7</ele></trkpt>
    <trkpt lat="37.278461" lon="-4.076567"><ele>604</ele></trkpt>
    <trkpt lat="37.278004" lon="-4.076422"><ele>605.5</ele></trkpt>
    <trkpt lat="37.277311" lon="-4.076295"><ele>609.4</ele></trkpt>
    <trkpt lat="37.276745" lon="-4.076117"><ele>612.4</ele></trkpt>
    <trkpt lat="37.276327" lon="-4.075863"><ele>613.7</ele></trkpt>
    <trkpt lat="37.27592" lon="-4.075477"><ele>613.9</ele></trkpt>
    <trkpt lat="37.274887" lon="-4.074025"><ele>608.8</ele></trkpt>
    <trkpt lat="37.274546" lon="-4.073635"><ele>606</ele></trkpt>
    <trkpt lat="37.274361" lon="-4.073536"><ele>604.9</ele></trkpt>
    <trkpt lat="37.274267" lon="-4.073514"><ele>604.4</ele></trkpt>
    <trkpt lat="37.274091" lon="-4.073553"><ele>603.4</ele></trkpt>
    <trkpt lat="37.273942" lon="-4.07363"><ele>602.7</ele></trkpt>
    <trkpt lat="37.273757" lon="-4.073804"><ele>602</ele></trkpt>
    <trkpt lat="37.273569" lon="-4.074115"><ele>601.9</ele></trkpt>
    <trkpt lat="37.273396" lon="-4.074716"><ele>603.7</ele></trkpt>
    <trkpt lat="37.273246" lon="-4.075049"><ele>605.4</ele></trkpt>
    <trkpt lat="37.273066" lon="-4.075266"><ele>606.7</ele></trkpt>
    <trkpt lat="37.272942" lon="-4.075326"><ele>607.3</ele></trkpt>
    <trkpt lat="37.272785" lon="-4.075348"><ele>607.8</ele></trkpt>
    <trkpt lat="37.272642" lon="-4.075337"><ele>608.1</ele></trkpt>
    <trkpt lat="37.272544" lon="-4.075293"><ele>608.2</ele></trkpt>
    <trkpt lat="37.272352" lon="-4.075139"><ele>608.1</ele></trkpt>
    <trkpt lat="37.272141" lon="-4.074861"><ele>606.9</ele></trkpt>
    <trkpt lat="37.271586" lon="-4.073959"><ele>597.9</ele></trkpt>
    <trkpt lat="37.27146" lon="-4.07379"><ele>595.8</ele></trkpt>
    <trkpt lat="37.271366" lon="-4.0737"><ele>594.5</ele></trkpt>
    <trkpt lat="37.271181" lon="-4.07367"><ele>592.6</ele></trkpt>
    <trkpt lat="37.271094" lon="-4.073698"><ele>591.7</ele></trkpt>
    <trkpt lat="37.270942" lon="-4.073832"><ele>590.1</ele></trkpt>
    <trkpt lat="37.269546" lon="-4.07524"><ele>583.5</ele></trkpt>
    <trkpt lat="37.268647" lon="-4.076058"><ele>583.3</ele></trkpt>
    <trkpt lat="37.268327" lon="-4.076271"><ele>582.8</ele></trkpt>
    <trkpt lat="37.268121" lon="-4.076367"><ele>582.3</ele></trkpt>
    <trkpt lat="37.267856" lon="-4.076442"><ele>581.4</ele></trkpt>
    <trkpt lat="37.267304" lon="-4.076458"><ele>579.2</ele></trkpt>
    <trkpt lat="37.267091" lon="-4.076501"><ele>578.2</ele></trkpt>
    <trkpt lat="37.266934" lon="-4.076594"><ele>577.4</ele></trkpt>
    <trkpt lat="37.266683" lon="-4.076894"><ele>575.9</ele></trkpt>
    <trkpt lat="37.266262" lon="-4.077627"><ele>573.7</ele></trkpt>
    <trkpt lat="37.266072" lon="-4.077901"><ele>573.2</ele></trkpt>
    <trkpt lat="37.264389" lon="-4.079907"><ele>570.3</ele></trkpt>
    <trkpt lat="37.263485" lon="-4.080992"><ele>568.3</ele></trkpt>
    <trkpt lat="37.263024" lon="-4.081562"><ele>566.7</ele></trkpt>
    <trkpt lat="37.262806" lon="-4.081794"><ele>565.8</ele></trkpt>
    <trkpt lat="37.262317" lon="-4.082204"><ele>563.8</ele></trkpt>
    <trkpt lat="37.261527" lon="-4.082807"><ele>562</ele></trkpt>
    <trkpt lat="37.261364" lon="-4.082967"><ele>561.9</ele></trkpt>
    <trkpt lat="37.261252" lon="-4.083136"><ele>561.9</ele></trkpt>
    <trkpt lat="37.261068" lon="-4.083516"><ele>562</ele></trkpt>
    <trkpt lat="37.261044" lon="-4.083587"><ele>562.1</ele></trkpt>
    <trkpt lat="37.260923" lon="-4.083849"><ele>562.3</ele></trkpt>
    <trkpt lat="37.260706" lon="-4.08416"><ele>562.9</ele></trkpt>
    <trkpt lat="37.260484" lon="-4.084381"><ele>563.5</ele></trkpt>
    <trkpt lat="37.260315" lon="-4.084512"><ele>563.8</ele></trkpt>
    <trkpt lat="37.260104" lon="-4.084629"><ele>564.1</ele></trkpt>
    <trkpt lat="37.259744" lon="-4.084731"><ele>564.3</ele></trkpt>
    <trkpt lat="37.259467" lon="-4.084746"><ele>564.4</ele></trkpt>
    <trkpt lat="37.259189" lon="-4.084726"><ele>564.4</ele></trkpt>
    <trkpt lat="37.258875" lon="-4.084604"><ele>564.3</ele></trkpt>
    <trkpt lat="37.258124" lon="-4.084207"><ele>563.8</ele></trkpt>
    <trkpt lat="37.257904" lon="-4.084128"><ele>563.7</ele></trkpt>
    <trkpt lat="37.257714" lon="-4.084128"><ele>563.4</ele></trkpt>
    <trkpt lat="37.257296" lon="-4.084293"><ele>562.7</ele></trkpt>
    <trkpt lat="37.256923" lon="-4.084445"><ele>561.8</ele></trkpt>
    <trkpt lat="37.256563" lon="-4.084461"><ele>560.7</ele></trkpt>
    <trkpt lat="37.256187" lon="-4.084359"><ele>559.1</ele></trkpt>
    <trkpt lat="37.255183" lon="-4.083918"><ele>555.2</ele></trkpt>
    <trkpt lat="37.255161" lon="-4.083908"><ele>555.2</ele></trkpt>
    <trkpt lat="37.254604" lon="-4.083639"><ele>555.4</ele></trkpt>
    <trkpt lat="37.254531" lon="-4.083579"><ele>555.5</ele></trkpt>
    <trkpt lat="37.254315" lon="-4.083402"><ele>556.2</ele></trkpt>
    <trkpt lat="37.254097" lon="-4.083138"><ele>557.4</ele></trkpt>
    <trkpt lat="37.253976" lon="-4.082954"><ele>558.2</ele></trkpt>
    <trkpt lat="37.253861" lon="-4.082711"><ele>559.1</ele></trkpt>
    <trkpt lat="37.25347" lon="-4.081714"><ele>561.6</ele></trkpt>
    <trkpt lat="37.253265" lon="-4.081268"><ele>561.6</ele></trkpt>
    <trkpt lat="37.253093" lon="-4.080991"><ele>561.2</ele></trkpt>
    <trkpt lat="37.2523" lon="-4.080144"><ele>556.7</ele></trkpt>
    <trkpt lat="37.251923" lon="-4.079843"><ele>554.2</ele></trkpt>
    <trkpt lat="37.251784" lon="-4.079798"><ele>553.5</ele></trkpt>
    <trkpt lat="37.251045" lon="-4.079822"><ele>550.6</ele></trkpt>
    <trkpt lat="37.250761" lon="-4.079778"><ele>549.8</ele></trkpt>
    <trkpt lat="37.250495" lon="-4.079668"><ele>549.3</ele></trkpt>
    <trkpt lat="37.249997" lon="-4.079353"><ele>549.1</ele></trkpt>
    <trkpt lat="37.249872" lon="-4.079308"><ele>549.2</ele></trkpt>
    <trkpt lat="37.249746" lon="-4.079301"><ele>549.3</ele></trkpt>
    <trkpt lat="37.247867" lon="-4.079849"><ele>554.8</ele></trkpt>
    <trkpt lat="37.247657" lon="-4.07987"><ele>555.4</ele></trkpt>
    <trkpt lat="37.247366" lon="-4.079855"><ele>556</ele></trkpt>
    <trkpt lat="37.247269" lon="-4.079849"><ele>556.2</ele></trkpt>
    <trkpt lat="37.246827" lon="-4.079685"><ele>556.5</ele></trkpt>
    <trkpt lat="37.246582" lon="-4.079534"><ele>556.2</ele></trkpt>
    <trkpt lat="37.246194" lon="-4.079202"><ele>555.1</ele></trkpt>
    <trkpt lat="37.244613" lon="-4.077574"><ele>545.3</ele></trkpt>
    <trkpt lat="37.24416" lon="-4.077158"><ele>543.1</ele></trkpt>
    <trkpt lat="37.243956" lon="-4.077009"><ele>542.3</ele></trkpt>
    <trkpt lat="37.243689" lon="-4.076859"><ele>541.5</ele></trkpt>
    <trkpt lat="37.243459" lon="-4.076773"><ele>541</ele></trkpt>
    <trkpt lat="37.243036" lon="-4.076709"><ele>540.4</ele></trkpt>
    <trkpt lat="37.242808" lon="-4.076744"><ele>540.2</ele></trkpt>
    <trkpt lat="37.241835" lon="-4.077179"><ele>541</ele></trkpt>
    <trkpt lat="37.240546" lon="-4.077719"><ele>543.8</ele></trkpt>
    <trkpt lat="37.240408" lon="-4.077754"><ele>543.7</ele></trkpt>
    <trkpt lat="37.24017" lon="-4.077784"><ele>543.4</ele></trkpt>
    <trkpt lat="37.240068" lon="-4.077789"><ele>543.1</ele></trkpt>
    <trkpt lat="37.23985" lon="-4.077733"><ele>542.5</ele></trkpt>
    <trkpt lat="37.239694" lon="-4.077644"><ele>541.8</ele></trkpt>
    <trkpt lat="37.23874" lon="-4.076937"><ele>535.9</ele></trkpt>
    <trkpt lat="37.238478" lon="-4.076816"><ele>534.7</ele></trkpt>
    <trkpt lat="37.238211" lon="-4.076717"><ele>533.7</ele></trkpt>
    <trkpt lat="37.23799" lon="-4.076683"><ele>533.1</ele></trkpt>
    <trkpt lat="37.237574" lon="-4.076683"><ele>532.2</ele></trkpt>
    <trkpt lat="37.234984" lon="-4.076928"><ele>529.2</ele></trkpt>
    <trkpt lat="37.232433" lon="-4.077162"><ele>525.3</ele></trkpt>
    <trkpt lat="37.232188" lon="-4.0771"><ele>524.8</ele></trkpt>
    <trkpt lat="37.231876" lon="-4.076892"><ele>524.2</ele></trkpt>
    <trkpt lat="37.23111" lon="-4.076412"><ele>522.3</ele></trkpt>
    <trkpt lat="37.230745" lon="-4.076197"><ele>521.4</ele></trkpt>
    <trkpt lat="37.22965" lon="-4.075631"><ele>518.8</ele></trkpt>
    <trkpt lat="37.228278" lon="-4.075063"><ele>516.2</ele></trkpt>
    <trkpt lat="37.227569" lon="-4.074819"><ele>515.2</ele></trkpt>
    <trkpt lat="37.224758" lon="-4.074176"><ele>513.5</ele></trkpt>
    <trkpt lat="37.223971" lon="-4.073838"><ele>512.7</ele></trkpt>
    <trkpt lat="37.223846" lon="-4.073782"><ele>512.5</ele></trkpt>
    <trkpt lat="37.223132" lon="-4.073515"><ele>511.3</ele></trkpt>
    <trkpt lat="37.222712" lon="-4.07329"><ele>510.4</ele></trkpt>
    <trkpt lat="37.221539" lon="-4.072242"><ele>508.2</ele></trkpt>
    <trkpt lat="37.221306" lon="-4.072063"><ele>507.9</ele></trkpt>
    <trkpt lat="37.220041" lon="-4.07155"><ele>506.3</ele></trkpt>
    <trkpt lat="37.219182" lon="-4.071138"><ele>505.1</ele></trkpt>
    <trkpt lat="37.218248" lon="-4.070484"><ele>503.6</ele></trkpt>
    <trkpt lat="37.217284" lon="-4.06958"><ele>502</ele></trkpt>
    <trkpt lat="37.216921" lon="-4.069236"><ele>501.4</ele></trkpt>
    <trkpt lat="37.215683" lon="-4.068059"><ele>498.3</ele></trkpt>
    <trkpt lat="37.215431" lon="-4.067773"><ele>497.6</ele></trkpt>
    <trkpt lat="37.215374" lon="-4.067699"><ele>497.5</ele></trkpt>
    <trkpt lat="37.215254" lon="-4.067414"><ele>497</ele></trkpt>
    <trkpt lat="37.214333" lon="-4.065399"><ele>494.9</ele></trkpt>
    <trkpt lat="37.213878" lon="-4.064502"><ele>494.5</ele></trkpt>
    <trkpt lat="37.213609" lon="-4.064125"><ele>494.3</ele></trkpt>
    <trkpt lat="37.213269" lon="-4.063822"><ele>494.1</ele></trkpt>
    <trkpt lat="37.213038" lon="-4.063638"><ele>493.9</ele></trkpt>
    <trkpt lat="37.212964" lon="-4.063537"><ele>493.9</ele></trkpt>
    <trkpt lat="37.212791" lon="-4.063225"><ele>493.7</ele></trkpt>
    <trkpt lat="37.212727" lon="-4.063154"><ele>493.6</ele></trkpt>
    <trkpt lat="37.212602" lon="-4.063093"><ele>493.5</ele></trkpt>
    <trkpt lat="37.21208" lon="-4.062939"><ele>492.9</ele></trkpt>
    <trkpt lat="37.211646" lon="-4.062802"><ele>492.4</ele></trkpt>
    <trkpt lat="37.211307" lon="-4.062702"><ele>492.1</ele></trkpt>
    <trkpt lat="37.210871" lon="-4.062588"><ele>491.6</ele></trkpt>
    <trkpt lat="37.210646" lon="-4.062502"><ele>491.4</ele></trkpt>
    <trkpt lat="37.210053" lon="-4.062143"><ele>490.9</ele></trkpt>
    <trkpt lat="37.209661" lon="-4.061863"><ele>490.6</ele></trkpt>
    <trkpt lat="37.20941" lon="-4.061715"><ele>490.4</ele></trkpt>
    <trkpt lat="37.209188" lon="-4.061634"><ele>490.1</ele></trkpt>
    <trkpt lat="37.207604" lon="-4.061154"><ele>488.4</ele></trkpt>
    <trkpt lat="37.206967" lon="-4.060969"><ele>487.8</ele></trkpt>
    <trkpt lat="37.206626" lon="-4.060921"><ele>487.6</ele></trkpt>
    <trkpt lat="37.20534" lon="-4.060817"><ele>487.2</ele></trkpt>
    <trkpt lat="37.204719" lon="-4.060825"><ele>487.2</ele></trkpt>
    <trkpt lat="37.204502" lon="-4.060933"><ele>487.3</ele></trkpt>
    <trkpt lat="37.204209" lon="-4.061206"><ele>487.3</ele></trkpt>
    <trkpt lat="37.203938" lon="-4.061531"><ele>487.2</ele></trkpt>
    <trkpt lat="37.203814" lon="-4.061605"><ele>487.1</ele></trkpt>
    <trkpt lat="37.203662" lon="-4.061646"><ele>487</ele></trkpt>
    <trkpt lat="37.203467" lon="-4.061615"><ele>486.8</ele></trkpt>
    <trkpt lat="37.203116" lon="-4.061385"><ele>486.4</ele></trkpt>
    <trkpt lat="37.202706" lon="-4.06102"><ele>485.7</ele></trkpt>
    <trkpt lat="37.202552" lon="-4.060814"><ele>485.3</ele></trkpt>
    <trkpt lat="37.202266" lon="-4.060158"><ele>484.4</ele></trkpt>
    <trkpt lat="37.202098" lon="-4.059886"><ele>484.1</ele></trkpt>
    <trkpt lat="37.201856" lon="-4.059697"><ele>483.8</ele></trkpt>
    <trkpt lat="37.201723" lon="-4.059644"><ele>483.7</ele></trkpt>
    <trkpt lat="37.201524" lon="-4.059603"><ele>483.5</ele></trkpt>
    <trkpt lat="37.201296" lon="-4.05957"><ele>483.3</ele></trkpt>
    <trkpt lat="37.201085" lon="-4.059498"><ele>483.2</ele></trkpt>
    <trkpt lat="37.200937" lon="-4.059404"><ele>483</ele></trkpt>
    <trkpt lat="37.20071" lon="-4.059176"><ele>482.8</ele></trkpt>
    <trkpt lat="37.200149" lon="-4.058258"><ele>482.4</ele></trkpt>
    <trkpt lat="37.199817" lon="-4.057871"><ele>482.1</ele></trkpt>
    <trkpt lat="37.199504" lon="-4.057542"><ele>481.7</ele></trkpt>
    <trkpt lat="37.199426" lon="-4.057412"><ele>481.6</ele></trkpt>
    <trkpt lat="37.199023" lon="-4.056491"><ele>481</ele></trkpt>
    <trkpt lat="37.198898" lon="-4.05624"><ele>480.8</ele></trkpt>
    <trkpt lat="37.198876" lon="-4.056194"><ele>480.8</ele></trkpt>
    <trkpt lat="37.198799" lon="-4.056032"><ele>480.7</ele></trkpt>
    <trkpt lat="37.198688" lon="-4.055901"><ele>480.7</ele></trkpt>
    <trkpt lat="37.198555" lon="-4.055834"><ele>480.6</ele></trkpt>
    <trkpt lat="37.198492" lon="-4.055823"><ele>480.6</ele></trkpt>
    <trkpt lat="37.198395" lon="-4.05586"><ele>480.6</ele></trkpt>
    <trkpt lat="37.198272" lon="-4.055962"><ele>480.6</ele></trkpt>
    <trkpt lat="37.197858" lon="-4.056392"><ele>480.7</ele></trkpt>
    <trkpt lat="37.1978" lon="-4.056426"><ele>480.7</ele></trkpt>
    <trkpt lat="37.197431" lon="-4.056643"><ele>480.7</ele></trkpt>
    <trkpt lat="37.196959" lon="-4.056819"><ele>480.7</ele></trkpt>
    <trkpt lat="37.197008" lon="-4.057192"><ele>480.6</ele></trkpt>
    <trkpt lat="37.197176" lon="-4.058414"><ele>480.8</ele></trkpt>
    <trkpt lat="37.197264" lon="-4.058577"><ele>480.8</ele></trkpt>
    <trkpt lat="37.197522" lon="-4.058931"><ele>481</ele></trkpt>
    <trkpt lat="37.197619" lon="-4.059131"><ele>481.1</ele></trkpt>
    <trkpt lat="37.197691" lon="-4.05938"><ele>481.2</ele></trkpt>
    <trkpt lat="37.197744" lon="-4.059697"><ele>481.5</ele></trkpt>
    <trkpt lat="37.197829" lon="-4.060698"><ele>482.6</ele></trkpt>
    <trkpt lat="37.197901" lon="-4.061561"><ele>484.6</ele></trkpt>
    <trkpt lat="37.198" lon="-4.062662"><ele>487.8</ele></trkpt>
    <trkpt lat="37.198131" lon="-4.063393"><ele>489.8</ele></trkpt>
    <trkpt lat="37.198396" lon="-4.064403"><ele>491.6</ele></trkpt>
    <trkpt lat="37.198574" lon="-4.06538"><ele>492.3</ele></trkpt>
    <trkpt lat="37.198764" lon="-4.065952"><ele>492.3</ele></trkpt>
    <trkpt lat="37.199118" lon="-4.066774"><ele>491.4</ele></trkpt>
    <trkpt lat="37.199146" lon="-4.066841"><ele>491.3</ele></trkpt>
    <trkpt lat="37.199267" lon="-4.067123"><ele>490.9</ele></trkpt>
    <trkpt lat="37.199421" lon="-4.067415"><ele>490.5</ele></trkpt>
    <trkpt lat="37.199503" lon="-4.067514"><ele>490.4</ele></trkpt>
    <trkpt lat="37.199975" lon="-4.067997"><ele>489.7</ele></trkpt>
    <trkpt lat="37.200131" lon="-4.068194"><ele>489.4</ele></trkpt>
    <trkpt lat="37.20018" lon="-4.06831"><ele>489.3</ele></trkpt>
    <trkpt lat="37.200228" lon="-4.06852"><ele>489.2</ele></trkpt>
    <trkpt lat="37.200183" lon="-4.068817"><ele>489</ele></trkpt>
    <trkpt lat="37.200161" lon="-4.068912"><ele>489</ele></trkpt>
    <trkpt lat="37.200007" lon="-4.069109"><ele>488.9</ele></trkpt>
    <trkpt lat="37.199213" lon="-4.069625"><ele>488.3</ele></trkpt>
    <trkpt lat="37.198858" lon="-4.069954"><ele>488.1</ele></trkpt>
    <trkpt lat="37.197312" lon="-4.071677"><ele>487.6</ele></trkpt>
    <trkpt lat="37.197129" lon="-4.071977"><ele>487.7</ele></trkpt>
    <trkpt lat="37.196808" lon="-4.073081"><ele>488.2</ele></trkpt>
    <trkpt lat="37.196196" lon="-4.076274"><ele>490.2</ele></trkpt>
    <trkpt lat="37.19611" lon="-4.076519"><ele>490.2</ele></trkpt>
    <trkpt lat="37.195966" lon="-4.076724"><ele>490.2</ele></trkpt>
    <trkpt lat="37.195879" lon="-4.076809"><ele>490.2</ele></trkpt>
    <trkpt lat="37.195595" lon="-4.076925"><ele>490.1</ele></trkpt>
    <trkpt lat="37.193935" lon="-4.077367"><ele>489.7</ele></trkpt>
    <trkpt lat="37.1936" lon="-4.077499"><ele>490.1</ele></trkpt>
    <trkpt lat="37.193247" lon="-4.077724"><ele>490.9</ele></trkpt>
    <trkpt lat="37.192623" lon="-4.078472"><ele>493.2</ele></trkpt>
    <trkpt lat="37.192346" lon="-4.07869"><ele>494.1</ele></trkpt>
    <trkpt lat="37.191303" lon="-4.079211"><ele>495.8</ele></trkpt>
    <trkpt lat="37.191164" lon="-4.079303"><ele>495.8</ele></trkpt>
    <trkpt lat="37.190134" lon="-4.080315"><ele>493.3</ele></trkpt>
    <trkpt lat="37.189913" lon="-4.080472"><ele>492.6</ele></trkpt>
    <trkpt lat="37.189725" lon="-4.080561"><ele>492</ele></trkpt>
    <trkpt lat="37.189287" lon="-4.080664"><ele>490.5</ele></trkpt>
    <trkpt lat="37.189141" lon="-4.080668"><ele>490.1</ele></trkpt>
    <trkpt lat="37.188783" lon="-4.080605"><ele>489.1</ele></trkpt>
    <trkpt lat="37.188373" lon="-4.080442"><ele>488.2</ele></trkpt>
    <trkpt lat="37.187941" lon="-4.080262"><ele>487.3</ele></trkpt>
    <trkpt lat="37.187452" lon="-4.080085"><ele>486.2</ele></trkpt>
    <trkpt lat="37.187276" lon="-4.080055"><ele>485.7</ele></trkpt>
    <trkpt lat="37.186851" lon="-4.080068"><ele>484.2</ele></trkpt>
    <trkpt lat="37.186469" lon="-4.080149"><ele>482.6</ele></trkpt>
    <trkpt lat="37.186194" lon="-4.080241"><ele>481.3</ele></trkpt>
    <trkpt lat="37.185939" lon="-4.080413"><ele>479.9</ele></trkpt>
    <trkpt lat="37.185191" lon="-4.081367"><ele>476.2</ele></trkpt>
    <trkpt lat="37.185013" lon="-4.081628"><ele>475.8</ele></trkpt>
    <trkpt lat="37.184935" lon="-4.081776"><ele>475.6</ele></trkpt>
    <trkpt lat="37.184867" lon="-4.082013"><ele>475.4</ele></trkpt>
    <trkpt lat="37.181853" lon="-4.085443"><ele>474.8</ele></trkpt>
    <trkpt lat="37.180249" lon="-4.087167"><ele>475</ele></trkpt>
    <trkpt lat="37.179017" lon="-4.088373"><ele>475.3</ele></trkpt>
    <trkpt lat="37.178094" lon="-4.089264"><ele>474.9</ele></trkpt>
    <trkpt lat="37.177466" lon="-4.089968"><ele>474.7</ele></trkpt>
    <trkpt lat="37.176873" lon="-4.090673"><ele>474.8</ele></trkpt>
    <trkpt lat="37.17612" lon="-4.091712"><ele>475</ele></trkpt>
    <trkpt lat="37.175992" lon="-4.091854"><ele>475</ele></trkpt>
    <trkpt lat="37.175345" lon="-4.092427"><ele>474.9</ele></trkpt>
    <trkpt lat="37.174547" lon="-4.092878"><ele>474.7</ele></trkpt>
    <trkpt lat="37.174444" lon="-4.09293"><ele>474.7</ele></trkpt>
    <trkpt lat="37.173867" lon="-4.093182"><ele>474.8</ele></trkpt>
    <trkpt lat="37.173631" lon="-4.093336"><ele>474.9</ele></trkpt>
    <trkpt lat="37.173343" lon="-4.093658"><ele>475.1</ele></trkpt>
    <trkpt lat="37.17322" lon="-4.093984"><ele>475.2</ele></trkpt>
    <trkpt lat="37.173177" lon="-4.094239"><ele>475.3</ele></trkpt>
    <trkpt lat="37.173185" lon="-4.09452"><ele>475.5</ele></trkpt>
    <trkpt lat="37.173346" lon="-4.095083"><ele>475.8</ele></trkpt>
    <trkpt lat="37.173478" lon="-4.095479"><ele>476</ele></trkpt>
    <trkpt lat="37.173616" lon="-4.095992"><ele>476.2</ele></trkpt>
    <trkpt lat="37.173639" lon="-4.096398"><ele>476.3</ele></trkpt>
    <trkpt lat="37.17361" lon="-4.096543"><ele>476.4</ele></trkpt>
    <trkpt lat="37.173597" lon="-4.096678"><ele>476.4</ele></trkpt>
    <trkpt lat="37.173542" lon="-4.096856"><ele>476.5</ele></trkpt>
    <trkpt lat="37.173396" lon="-4.097175"><ele>476.5</ele></trkpt>
    <trkpt lat="37.172841" lon="-4.098166"><ele>476.9</ele></trkpt>
    <trkpt lat="37.17167" lon="-4.100115"><ele>478.7</ele></trkpt>
    <trkpt lat="37.17122" lon="-4.100922"><ele>479.3</ele></trkpt>
    <trkpt lat="37.170984" lon="-4.10157"><ele>479.4</ele></trkpt>
    <trkpt lat="37.170912" lon="-4.101866"><ele>479.4</ele></trkpt>
    <trkpt lat="37.170796" lon="-4.10262"><ele>479.5</ele></trkpt>
    <trkpt lat="37.170646" lon="-4.103198"><ele>479.3</ele></trkpt>
    <trkpt lat="37.170498" lon="-4.103602"><ele>479</ele></trkpt>
    <trkpt lat="37.170392" lon="-4.103817"><ele>478.7</ele></trkpt>
    <trkpt lat="37.170248" lon="-4.104028"><ele>478.3</ele></trkpt>
    <trkpt lat="37.170035" lon="-4.10434"><ele>477.7</ele></trkpt>
    <trkpt lat="37.169746" lon="-4.104801"><ele>476.9</ele></trkpt>
    <trkpt lat="37.169637" lon="-4.105068"><ele>476.4</ele></trkpt>
    <trkpt lat="37.16955" lon="-4.105389"><ele>476</ele></trkpt>
    <trkpt lat="37.169498" lon="-4.105859"><ele>475.5</ele></trkpt>
    <trkpt lat="37.169451" lon="-4.107127"><ele>475.1</ele></trkpt>
    <trkpt lat="37.169552" lon="-4.108827"><ele>474.9</ele></trkpt>
    <trkpt lat="37.16954" lon="-4.109052"><ele>474.9</ele></trkpt>
    <trkpt lat="37.169457" lon="-4.109515"><ele>474.8</ele></trkpt>
    <trkpt lat="37.169451" lon="-4.109867"><ele>474.8</ele></trkpt>
    <trkpt lat="37.169471" lon="-4.110574"><ele>474.9</ele></trkpt>
    <trkpt lat="37.169499" lon="-4.110801"><ele>474.9</ele></trkpt>
    <trkpt lat="37.169604" lon="-4.111233"><ele>475</ele></trkpt>
    <trkpt lat="37.16981" lon="-4.111813"><ele>475.3</ele></trkpt>
    <trkpt lat="37.169882" lon="-4.112218"><ele>475.6</ele></trkpt>
    <trkpt lat="37.169944" lon="-4.11343"><ele>476</ele></trkpt>
    <trkpt lat="37.169941" lon="-4.113675"><ele>476.1</ele></trkpt>
    <trkpt lat="37.169868" lon="-4.114054"><ele>476.2</ele></trkpt>
    <trkpt lat="37.169865" lon="-4.114396"><ele>476.4</ele></trkpt>
    <trkpt lat="37.169976" lon="-4.114748"><ele>476.7</ele></trkpt>
    <trkpt lat="37.169996" lon="-4.114868"><ele>476.8</ele></trkpt>
    <trkpt lat="37.170022" lon="-4.115286"><ele>477.2</ele></trkpt>
    <trkpt lat="37.170068" lon="-4.115491"><ele>477.5</ele></trkpt>
    <trkpt lat="37.170229" lon="-4.115805"><ele>477.9</ele></trkpt>
    <trkpt lat="37.170549" lon="-4.11619"><ele>478.3</ele></trkpt>
    <trkpt lat="37.170851" lon="-4.116398"><ele>478.4</ele></trkpt>
    <trkpt lat="37.17114" lon="-4.116559"><ele>478.3</ele></trkpt>
    <trkpt lat="37.171293" lon="-4.11672"><ele>478.2</ele></trkpt>
    <trkpt lat="37.171458" lon="-4.116941"><ele>478</ele></trkpt>
    <trkpt lat="37.171569" lon="-4.117146"><ele>477.7</ele></trkpt>
    <trkpt lat="37.171675" lon="-4.117397"><ele>477.3</ele></trkpt>
    <trkpt lat="37.171754" lon="-4.117774"><ele>476.8</ele></trkpt>
    <trkpt lat="37.171803" lon="-4.118059"><ele>476.4</ele></trkpt>
    <trkpt lat="37.171915" lon="-4.118376"><ele>475.8</ele></trkpt>
    <trkpt lat="37.172305" lon="-4.119294"><ele>474.5</ele></trkpt>
    <trkpt lat="37.172337" lon="-4.119372"><ele>474.3</ele></trkpt>
    <trkpt lat="37.172801" lon="-4.12051"><ele>474.7</ele></trkpt>
    <trkpt lat="37.173068" lon="-4.121165"><ele>476.5</ele></trkpt>
    <trkpt lat="37.173209" lon="-4.121608"><ele>478.3</ele></trkpt>
    <trkpt lat="37.17353" lon="-4.122904"><ele>484.1</ele></trkpt>
    <trkpt lat="37.173895" lon="-4.124428"><ele>489.5</ele></trkpt>
    <trkpt lat="37.173981" lon="-4.125086"><ele>491.3</ele></trkpt>
    <trkpt lat="37.173995" lon="-4.125214"><ele>491.6</ele></trkpt>
    <trkpt lat="37.174021" lon="-4.125585"><ele>492.3</ele></trkpt>
    <trkpt lat="37.174" lon="-4.126379"><ele>492.7</ele></trkpt>
    <trkpt lat="37.174036" lon="-4.126888"><ele>492.1</ele></trkpt>
    <trkpt lat="37.17406" lon="-4.127019"><ele>491.9</ele></trkpt>
    <trkpt lat="37.174145" lon="-4.127221"><ele>491.6</ele></trkpt>
    <trkpt lat="37.174328" lon="-4.127513"><ele>491.3</ele></trkpt>
    <trkpt lat="37.17438" lon="-4.127678"><ele>491.2</ele></trkpt>
    <trkpt lat="37.174346" lon="-4.127914"><ele>491.2</ele></trkpt>
    <trkpt lat="37.174244" lon="-4.128097"><ele>491.3</ele></trkpt>
    <trkpt lat="37.174055" lon="-4.128525"><ele>491.2</ele></trkpt>
    <trkpt lat="37.173866" lon="-4.129022"><ele>490.6</ele></trkpt>
    <trkpt lat="37.173779" lon="-4.129202"><ele>490.2</ele></trkpt>
    <trkpt lat="37.173551" lon="-4.129597"><ele>489.2</ele></trkpt>
    <trkpt lat="37.173352" lon="-4.129866"><ele>487.7</ele></trkpt>
    <trkpt lat="37.173179" lon="-4.130154"><ele>485.4</ele></trkpt>
    <trkpt lat="37.172965" lon="-4.130583"><ele>481.8</ele></trkpt>
    <trkpt lat="37.172722" lon="-4.131101"><ele>477.9</ele></trkpt>
    <trkpt lat="37.172673" lon="-4.131338"><ele>476.5</ele></trkpt>
    <trkpt lat="37.172637" lon="-4.131998"><ele>473.5</ele></trkpt>
    <trkpt lat="37.172517" lon="-4.132781"><ele>471.2</ele></trkpt>
    <trkpt lat="37.172498" lon="-4.133089"><ele>470.5</ele></trkpt>
    <trkpt lat="37.172511" lon="-4.133309"><ele>470.1</ele></trkpt>
    <trkpt lat="37.17263" lon="-4.134448"><ele>467.8</ele></trkpt>
    <trkpt lat="37.172612" lon="-4.135483"><ele>465.9</ele></trkpt>
    <trkpt lat="37.172563" lon="-4.136633"><ele>464</ele></trkpt>
    <trkpt lat="37.172064" lon="-4.138628"><ele>460.5</ele></trkpt>
    <trkpt lat="37.171772" lon="-4.140949"><ele>457.1</ele></trkpt>
    <trkpt lat="37.171798" lon="-4.141795"><ele>455.5</ele></trkpt>
    <trkpt lat="37.171853" lon="-4.142083"><ele>455</ele></trkpt>
    <trkpt lat="37.172042" lon="-4.142624"><ele>454</ele></trkpt>
    <trkpt lat="37.17208" lon="-4.142804"><ele>453.6</ele></trkpt>
    <trkpt lat="37.172073" lon="-4.143299"><ele>452.8</ele></trkpt>
    <trkpt lat="37.172059" lon="-4.143416"><ele>452.6</ele></trkpt>
    <trkpt lat="37.17201" lon="-4.143521"><ele>452.4</ele></trkpt>
    <trkpt lat="37.171762" lon="-4.14379"><ele>452</ele></trkpt>
    <trkpt lat="37.171673" lon="-4.143832"><ele>451.9</ele></trkpt>
    <trkpt lat="37.171586" lon="-4.143824"><ele>451.8</ele></trkpt>
    <trkpt lat="37.171525" lon="-4.143818"><ele>451.7</ele></trkpt>
    <trkpt lat="37.171406" lon="-4.143849"><ele>451.6</ele></trkpt>
    <trkpt lat="37.171318" lon="-4.143959"><ele>451.5</ele></trkpt>
    <trkpt lat="37.171299" lon="-4.144073"><ele>451.4</ele></trkpt>
    <trkpt lat="37.171367" lon="-4.144179"><ele>451.3</ele></trkpt>
    <trkpt lat="37.171467" lon="-4.144246"><ele>451.2</ele></trkpt>
    <trkpt lat="37.171575" lon="-4.144244"><ele>451.1</ele></trkpt>
    <trkpt lat="37.171655" lon="-4.144314"><ele>451</ele></trkpt>
    <trkpt lat="37.171686" lon="-4.144387"><ele>451</ele></trkpt>
    <trkpt lat="37.171692" lon="-4.144476"><ele>450.9</ele></trkpt>
    <trkpt lat="37.171647" lon="-4.144595"><ele>450.8</ele></trkpt>
    <trkpt lat="37.17159" lon="-4.144646"><ele>450.7</ele></trkpt>
    <trkpt lat="37.171521" lon="-4.144663"><ele>450.7</ele></trkpt>
    <trkpt lat="37.17145" lon="-4.144642"><ele>450.6</ele></trkpt>
    <trkpt lat="37.171241" lon="-4.144681"><ele>450.4</ele></trkpt>
    <trkpt lat="37.170944" lon="-4.144875"><ele>450</ele></trkpt>
    <trkpt lat="37.170477" lon="-4.145073"><ele>449.1</ele></trkpt>
    <trkpt lat="37.169335" lon="-4.145464"><ele>447.8</ele></trkpt>
    <trkpt lat="37.168346" lon="-4.145815"><ele>449.9</ele></trkpt>
    <trkpt lat="37.167853" lon="-4.145955"><ele>452.1</ele></trkpt>
    <trkpt lat="37.16785" lon="-4.146045"><ele>452.5</ele></trkpt>
    <trkpt lat="37.167806" lon="-4.146116"><ele>452.9</ele></trkpt>
    <trkpt lat="37.16773" lon="-4.146143"><ele>453.4</ele></trkpt>
    <trkpt lat="37.167657" lon="-4.146103"><ele>453.8</ele></trkpt>
    <trkpt lat="37.167394" lon="-4.146005"><ele>455.4</ele></trkpt>
    <trkpt lat="37.167308" lon="-4.14599"><ele>456</ele></trkpt>
    <trkpt lat="37.167134" lon="-4.145902"><ele>457</ele></trkpt>
    <trkpt lat="37.16684" lon="-4.145752"><ele>458.8</ele></trkpt>
    <trkpt lat="37.166336" lon="-4.145694"><ele>461.6</ele></trkpt>
    <trkpt lat="37.166228" lon="-4.145684"><ele>462.3</ele></trkpt>
    <trkpt lat="37.166107" lon="-4.145673"><ele>463.3</ele></trkpt>
    <trkpt lat="37.166044" lon="-4.145669"><ele>463.9</ele></trkpt>
    <trkpt lat="37.165958" lon="-4.145665"><ele>464.7</ele></trkpt>
    <trkpt lat="37.165397" lon="-4.1456"><ele>468.3</ele></trkpt>
    <trkpt lat="37.165065" lon="-4.1454"><ele>470.7</ele></trkpt>
    <trkpt lat="37.164999" lon="-4.145443"><ele>471.2</ele></trkpt>
    <trkpt lat="37.164945" lon="-4.145393"><ele>471.7</ele></trkpt>
    <trkpt lat="37.164953" lon="-4.145309"><ele>472.2</ele></trkpt>
    <trkpt lat="37.164981" lon="-4.145283"><ele>472.4</ele></trkpt>
    <trkpt lat="37.164732" lon="-4.144868"><ele>475.3</ele></trkpt>
    <trkpt lat="37.164383" lon="-4.144344"><ele>478.2</ele></trkpt>
    <trkpt lat="37.164282" lon="-4.144122"><ele>478.8</ele></trkpt>
    <trkpt lat="37.164189" lon="-4.143931"><ele>479.6</ele></trkpt>
    <trkpt lat="37.164115" lon="-4.143669"><ele>480.7</ele></trkpt>
    <trkpt lat="37.164138" lon="-4.143239"><ele>482.2</ele></trkpt>
    <trkpt lat="37.164188" lon="-4.142889"><ele>483.4</ele></trkpt>
    <trkpt lat="37.164222" lon="-4.142726"><ele>484</ele></trkpt>
    <trkpt lat="37.164531" lon="-4.14211"><ele>486.6</ele></trkpt>
    <trkpt lat="37.16461" lon="-4.141872"><ele>487.5</ele></trkpt>
    <trkpt lat="37.164576" lon="-4.141842"><ele>487.7</ele></trkpt>
    <trkpt lat="37.164561" lon="-4.141793"><ele>487.9</ele></trkpt>
    <trkpt lat="37.164571" lon="-4.141743"><ele>488.1</ele></trkpt>
    <trkpt lat="37.16462" lon="-4.141701"><ele>488.3</ele></trkpt>
    <trkpt lat="37.164594" lon="-4.141494"><ele>489.1</ele></trkpt>
    <trkpt lat="37.164543" lon="-4.141324"><ele>489.7</ele></trkpt>
    <trkpt lat="37.164473" lon="-4.141027"><ele>490.7</ele></trkpt>
    <trkpt lat="37.164422" lon="-4.140164"><ele>492.5</ele></trkpt>
    <trkpt lat="37.164386" lon="-4.139827"><ele>492.8</ele></trkpt>
    <trkpt lat="37.164358" lon="-4.139776"><ele>492.8</ele></trkpt>
    <trkpt lat="37.164328" lon="-4.139674"><ele>492.9</ele></trkpt>
    <trkpt lat="37.164267" lon="-4.139535"><ele>492.9</ele></trkpt>
    <trkpt lat="37.164156" lon="-4.139413"><ele>492.9</ele></trkpt>
    <trkpt lat="37.164126" lon="-4.139389"><ele>492.9</ele></trkpt>
    <trkpt lat="37.164113" lon="-4.139396"><ele>492.9</ele></trkpt>
    <trkpt lat="37.164033" lon="-4.13939"><ele>492.9</ele></trkpt>
    <trkpt lat="37.16397" lon="-4.139327"><ele>492.8</ele></trkpt>
    <trkpt lat="37.163956" lon="-4.139295"><ele>492.8</ele></trkpt>
    <trkpt lat="37.163947" lon="-4.139239"><ele>492.8</ele></trkpt>
    <trkpt lat="37.163954" lon="-4.139182"><ele>492.8</ele></trkpt>
    <trkpt lat="37.164009" lon="-4.139092"><ele>492.8</ele></trkpt>
    <trkpt lat="37.164058" lon="-4.139068"><ele>492.8</ele></trkpt>
    <trkpt lat="37.164061" lon="-4.138988"><ele>492.8</ele></trkpt>
    <trkpt lat="37.164195" lon="-4.138437"><ele>493</ele></trkpt>
    <trkpt lat="37.164254" lon="-4.138061"><ele>493.5</ele></trkpt>
    <trkpt lat="37.164289" lon="-4.137576"><ele>494.9</ele></trkpt>
    <trkpt lat="37.164288" lon="-4.137355"><ele>495.7</ele></trkpt>
    <trkpt lat="37.164241" lon="-4.136899"><ele>497.9</ele></trkpt>
    <trkpt lat="37.164171" lon="-4.136562"><ele>499.6</ele></trkpt>
    <trkpt lat="37.16391" lon="-4.135667"><ele>503.7</ele></trkpt>
    <trkpt lat="37.163814" lon="-4.135347"><ele>504.9</ele></trkpt>
  </trkseg></trk></gpx>