<?xml version="1.0" encoding="UTF-8"?>
<gpx version="1.1" creator="tour-scraper" xmlns="http://www.topografix.com/GPX/1/1">
  <trk><name>Stage 12: From Vera to Calar Alto — La Vuelta 26</name><trkseg>
    <trkpt lat="37.257184" lon="-1.890875"><ele>113.3</ele></trkpt>
    <trkpt lat="37.258535" lon="-1.894026"><ele>118.2</ele></trkpt>
    <trkpt lat="37.258621" lon="-1.894226"><ele>118.6</ele></trkpt>
    <trkpt lat="37.258868" lon="-1.894798"><ele>119.8</ele></trkpt>
    <trkpt lat="37.258956" lon="-1.894993"><ele>120.1</ele></trkpt>
    <trkpt lat="37.259178" lon="-1.895598"><ele>120.9</ele></trkpt>
    <trkpt lat="37.259292" lon="-1.896104"><ele>121.1</ele></trkpt>
    <trkpt lat="37.259462" lon="-1.89804"><ele>121</ele></trkpt>
    <trkpt lat="37.259555" lon="-1.899167"><ele>121.2</ele></trkpt>
    <trkpt lat="37.259605" lon="-1.899811"><ele>121.6</ele></trkpt>
    <trkpt lat="37.259719" lon="-1.900301"><ele>121.9</ele></trkpt>
    <trkpt lat="37.259771" lon="-1.900323"><ele>122</ele></trkpt>
    <trkpt lat="37.259817" lon="-1.900363"><ele>122.1</ele></trkpt>
    <trkpt lat="37.259879" lon="-1.900479"><ele>122.2</ele></trkpt>
    <trkpt lat="37.25989" lon="-1.900532"><ele>122.3</ele></trkpt>
    <trkpt lat="37.25987" lon="-1.900688"><ele>122.5</ele></trkpt>
    <trkpt lat="37.259834" lon="-1.900755"><ele>122.7</ele></trkpt>
    <trkpt lat="37.259822" lon="-1.90077"><ele>122.7</ele></trkpt>
    <trkpt lat="37.259759" lon="-1.901066"><ele>123.2</ele></trkpt>
    <trkpt lat="37.259752" lon="-1.901215"><ele>123.5</ele></trkpt>
    <trkpt lat="37.259827" lon="-1.90208"><ele>124.7</ele></trkpt>
    <trkpt lat="37.259848" lon="-1.902342"><ele>124.9</ele></trkpt>
    <trkpt lat="37.259855" lon="-1.902426"><ele>125</ele></trkpt>
    <trkpt lat="37.25987" lon="-1.902608"><ele>125.1</ele></trkpt>
    <trkpt lat="37.259925" lon="-1.903247"><ele>125.3</ele></trkpt>
    <trkpt lat="37.259969" lon="-1.903388"><ele>125.2</ele></trkpt>
    <trkpt lat="37.260068" lon="-1.903471"><ele>125.2</ele></trkpt>
    <trkpt lat="37.260113" lon="-1.903609"><ele>125.1</ele></trkpt>
    <trkpt lat="37.260109" lon="-1.903684"><ele>125.1</ele></trkpt>
    <trkpt lat="37.26003" lon="-1.90384"><ele>125</ele></trkpt>
    <trkpt lat="37.259981" lon="-1.904087"><ele>124.8</ele></trkpt>
    <trkpt lat="37.259993" lon="-1.904306"><ele>124.7</ele></trkpt>
    <trkpt lat="37.260014" lon="-1.90483"><ele>124.7</ele></trkpt>
    <trkpt lat="37.260086" lon="-1.905576"><ele>125.4</ele></trkpt>
    <trkpt lat="37.260139" lon="-1.906264"><ele>126.3</ele></trkpt>
    <trkpt lat="37.260335" lon="-1.908745"><ele>129</ele></trkpt>
    <trkpt lat="37.260347" lon="-1.908919"><ele>129.1</ele></trkpt>
    <trkpt lat="37.260407" lon="-1.909197"><ele>129.3</ele></trkpt>
    <trkpt lat="37.260478" lon="-1.909253"><ele>129.4</ele></trkpt>
    <trkpt lat="37.260496" lon="-1.909295"><ele>129.4</ele></trkpt>
    <trkpt lat="37.260498" lon="-1.909389"><ele>129.5</ele></trkpt>
    <trkpt lat="37.260458" lon="-1.909466"><ele>129.6</ele></trkpt>
    <trkpt lat="37.260419" lon="-1.909738"><ele>129.8</ele></trkpt>
    <trkpt lat="37.260654" lon="-1.910811"><ele>131.2</ele></trkpt>
    <trkpt lat="37.26084" lon="-1.911404"><ele>132.1</ele></trkpt>
    <trkpt lat="37.261579" lon="-1.913665"><ele>134.4</ele></trkpt>
    <trkpt lat="37.261672" lon="-1.913838"><ele>134.8</ele></trkpt>
    <trkpt lat="37.261924" lon="-1.9142"><ele>135.7</ele></trkpt>
    <trkpt lat="37.262128" lon="-1.91435"><ele>136.3</ele></trkpt>
    <trkpt lat="37.262198" lon="-1.914351"><ele>136.4</ele></trkpt>
    <trkpt lat="37.262236" lon="-1.914377"><ele>136.6</ele></trkpt>
    <trkpt lat="37.262272" lon="-1.914439"><ele>136.7</ele></trkpt>
    <trkpt lat="37.262431" lon="-1.914578"><ele>137.2</ele></trkpt>
    <trkpt lat="37.26286" lon="-1.914734"><ele>138.4</ele></trkpt>
    <trkpt lat="37.26319" lon="-1.914809"><ele>139.2</ele></trkpt>
    <trkpt lat="37.263546" lon="-1.91479"><ele>139.9</ele></trkpt>
    <trkpt lat="37.264088" lon="-1.914651"><ele>140</ele></trkpt>
    <trkpt lat="37.264479" lon="-1.914541"><ele>139.6</ele></trkpt>
    <trkpt lat="37.265453" lon="-1.914274"><ele>138.6</ele></trkpt>
    <trkpt lat="37.265814" lon="-1.91427"><ele>138.5</ele></trkpt>
    <trkpt lat="37.266141" lon="-1.914359"><ele>138.6</ele></trkpt>
    <trkpt lat="37.266451" lon="-1.914544"><ele>138.8</ele></trkpt>
    <trkpt lat="37.266761" lon="-1.914879"><ele>139.2</ele></trkpt>
    <trkpt lat="37.267482" lon="-1.91581"><ele>140.1</ele></trkpt>
    <trkpt lat="37.267603" lon="-1.915962"><ele>140.1</ele></trkpt>
    <trkpt lat="37.267821" lon="-1.916247"><ele>140.2</ele></trkpt>
    <trkpt lat="37.26792" lon="-1.916369"><ele>140.3</ele></trkpt>
    <trkpt lat="37.269509" lon="-1.918395"><ele>140.6</ele></trkpt>
    <trkpt lat="37.271657" lon="-1.921148"><ele>142.9</ele></trkpt>
    <trkpt lat="37.271759" lon="-1.92109"><ele>143</ele></trkpt>
    <trkpt lat="37.271816" lon="-1.921096"><ele>143</ele></trkpt>
    <trkpt lat="37.271868" lon="-1.921125"><ele>143</ele></trkpt>
    <trkpt lat="37.271909" lon="-1.921175"><ele>143.1</ele></trkpt>
    <trkpt lat="37.271941" lon="-1.92131"><ele>143.1</ele></trkpt>
    <trkpt lat="37.271899" lon="-1.92144"><ele>143.1</ele></trkpt>
    <trkpt lat="37.273191" lon="-1.923073"><ele>142</ele></trkpt>
    <trkpt lat="37.273376" lon="-1.923307"><ele>141.8</ele></trkpt>
    <trkpt lat="37.27394" lon="-1.924026"><ele>141.6</ele></trkpt>
    <trkpt lat="37.274595" lon="-1.92486"><ele>142.4</ele></trkpt>
    <trkpt lat="37.274855" lon="-1.925115"><ele>143</ele></trkpt>
    <trkpt lat="37.27499" lon="-1.925212"><ele>143.3</ele></trkpt>
    <trkpt lat="37.275241" lon="-1.925331"><ele>143.8</ele></trkpt>
    <trkpt lat="37.27541" lon="-1.925388"><ele>144.1</ele></trkpt>
    <trkpt lat="37.275585" lon="-1.92541"><ele>144.4</ele></trkpt>
    <trkpt lat="37.275765" lon="-1.92541"><ele>144.7</ele></trkpt>
    <trkpt lat="37.276129" lon="-1.925342"><ele>145.3</ele></trkpt>
    <trkpt lat="37.278401" lon="-1.924672"><ele>149.6</ele></trkpt>
    <trkpt lat="37.278806" lon="-1.924643"><ele>150.8</ele></trkpt>
    <trkpt lat="37.279425" lon="-1.924691"><ele>152.7</ele></trkpt>
    <trkpt lat="37.279609" lon="-1.924702"><ele>153.1</ele></trkpt>
    <trkpt lat="37.27965" lon="-1.924892"><ele>153.4</ele></trkpt>
    <trkpt lat="37.27967" lon="-1.925135"><ele>153.7</ele></trkpt>
    <trkpt lat="37.27986" lon="-1.92545"><ele>154</ele></trkpt>
    <trkpt lat="37.280029" lon="-1.925668"><ele>154.2</ele></trkpt>
    <trkpt lat="37.280317" lon="-1.926041"><ele>154.5</ele></trkpt>
    <trkpt lat="37.281003" lon="-1.926938"><ele>155.7</ele></trkpt>
    <trkpt lat="37.28121" lon="-1.927258"><ele>156.6</ele></trkpt>
    <trkpt lat="37.281605" lon="-1.928256"><ele>158.7</ele></trkpt>
    <trkpt lat="37.281752" lon="-1.92853"><ele>159.1</ele></trkpt>
    <trkpt lat="37.281848" lon="-1.928656"><ele>159.2</ele></trkpt>
    <trkpt lat="37.282661" lon="-1.929422"><ele>159.9</ele></trkpt>
    <trkpt lat="37.283057" lon="-1.929798"><ele>160.6</ele></trkpt>
    <trkpt lat="37.283156" lon="-1.929974"><ele>161.1</ele></trkpt>
    <trkpt lat="37.283184" lon="-1.930121"><ele>161.4</ele></trkpt>
    <trkpt lat="37.283161" lon="-1.930324"><ele>161.9</ele></trkpt>
    <trkpt lat="37.282927" lon="-1.930952"><ele>163.8</ele></trkpt>
    <trkpt lat="37.282804" lon="-1.93144"><ele>165.2</ele></trkpt>
    <trkpt lat="37.282755" lon="-1.931725"><ele>166</ele></trkpt>
    <trkpt lat="37.282485" lon="-1.934141"><ele>169.5</ele></trkpt>
    <trkpt lat="37.282462" lon="-1.934393"><ele>169.8</ele></trkpt>
    <trkpt lat="37.282469" lon="-1.934877"><ele>170.3</ele></trkpt>
    <trkpt lat="37.282817" lon="-1.937181"><ele>171.8</ele></trkpt>
    <trkpt lat="37.282874" lon="-1.937712"><ele>172.1</ele></trkpt>
    <trkpt lat="37.283296" lon="-1.938894"><ele>172.9</ele></trkpt>
    <trkpt lat="37.28335" lon="-1.939076"><ele>173.1</ele></trkpt>
    <trkpt lat="37.28344" lon="-1.939802"><ele>173.7</ele></trkpt>
    <trkpt lat="37.283599" lon="-1.942016"><ele>176.6</ele></trkpt>
    <trkpt lat="37.283609" lon="-1.943401"><ele>177.9</ele></trkpt>
    <trkpt lat="37.283288" lon="-1.947608"><ele>181</ele></trkpt>
    <trkpt lat="37.283369" lon="-1.947998"><ele>181.3</ele></trkpt>
    <trkpt lat="37.283486" lon="-1.948381"><ele>181.7</ele></trkpt>
    <trkpt lat="37.283501" lon="-1.948512"><ele>181.8</ele></trkpt>
    <trkpt lat="37.283407" lon="-1.948917"><ele>182.2</ele></trkpt>
    <trkpt lat="37.283377" lon="-1.94918"><ele>182.5</ele></trkpt>
    <trkpt lat="37.283392" lon="-1.949561"><ele>182.9</ele></trkpt>
    <trkpt lat="37.283991" lon="-1.95152"><ele>185.7</ele></trkpt>
    <trkpt lat="37.284061" lon="-1.951974"><ele>186.5</ele></trkpt>
    <trkpt lat="37.284206" lon="-1.953425"><ele>189</ele></trkpt>
    <trkpt lat="37.284208" lon="-1.953901"><ele>189.7</ele></trkpt>
    <trkpt lat="37.284171" lon="-1.954188"><ele>190.2</ele></trkpt>
    <trkpt lat="37.284112" lon="-1.954404"><ele>190.6</ele></trkpt>
    <trkpt lat="37.283917" lon="-1.954848"><ele>191.3</ele></trkpt>
    <trkpt lat="37.283458" lon="-1.95576"><ele>192.5</ele></trkpt>
    <trkpt lat="37.283347" lon="-1.956146"><ele>192.8</ele></trkpt>
    <trkpt lat="37.283258" lon="-1.956658"><ele>193.2</ele></trkpt>
    <trkpt lat="37.283296" lon="-1.956934"><ele>193.5</ele></trkpt>
    <trkpt lat="37.283296" lon="-1.957178"><ele>193.7</ele></trkpt>
    <trkpt lat="37.283064" lon="-1.958034"><ele>195</ele></trkpt>
    <trkpt lat="37.282919" lon="-1.958627"><ele>196.5</ele></trkpt>
    <trkpt lat="37.282892" lon="-1.958827"><ele>197.1</ele></trkpt>
    <trkpt lat="37.28291" lon="-1.959169"><ele>198.3</ele></trkpt>
    <trkpt lat="37.283085" lon="-1.960048"><ele>202.1</ele></trkpt>
    <trkpt lat="37.283057" lon="-1.960748"><ele>205.2</ele></trkpt>
    <trkpt lat="37.283108" lon="-1.961481"><ele>208.2</ele></trkpt>
    <trkpt lat="37.28329" lon="-1.962921"><ele>211.6</ele></trkpt>
    <trkpt lat="37.28337" lon="-1.96396"><ele>212.4</ele></trkpt>
    <trkpt lat="37.283485" lon="-1.964684"><ele>212.9</ele></trkpt>
    <trkpt lat="37.283579" lon="-1.96704"><ele>216.7</ele></trkpt>
    <trkpt lat="37.283555" lon="-1.9674"><ele>217.3</ele></trkpt>
    <trkpt lat="37.283443" lon="-1.968277"><ele>218.7</ele></trkpt>
    <trkpt lat="37.283181" lon="-1.970144"><ele>221.4</ele></trkpt>
    <trkpt lat="37.283173" lon="-1.971969"><ele>225.6</ele></trkpt>
    <trkpt lat="37.282946" lon="-1.97494"><ele>234.3</ele></trkpt>
    <trkpt lat="37.282961" lon="-1.975256"><ele>234.8</ele></trkpt>
    <trkpt lat="37.283281" lon="-1.976552"><ele>236.8</ele></trkpt>
    <trkpt lat="37.28333" lon="-1.97689"><ele>237.7</ele></trkpt>
    <trkpt lat="37.283163" lon="-1.978087"><ele>243.1</ele></trkpt>
    <trkpt lat="37.283267" lon="-1.978769"><ele>246.9</ele></trkpt>
    <trkpt lat="37.283283" lon="-1.979017"><ele>248.1</ele></trkpt>
    <trkpt lat="37.283202" lon="-1.97939"><ele>250</ele></trkpt>
    <trkpt lat="37.283027" lon="-1.979929"><ele>252.4</ele></trkpt>
    <trkpt lat="37.282901" lon="-1.980436"><ele>254.1</ele></trkpt>
    <trkpt lat="37.282774" lon="-1.981818"><ele>257.4</ele></trkpt>
    <trkpt lat="37.282773" lon="-1.982155"><ele>258.2</ele></trkpt>
    <trkpt lat="37.283102" lon="-1.984185"><ele>262.4</ele></trkpt>
    <trkpt lat="37.283195" lon="-1.984619"><ele>263.2</ele></trkpt>
    <trkpt lat="37.283804" lon="-1.98609"><ele>265.1</ele></trkpt>
    <trkpt lat="37.283944" lon="-1.986579"><ele>265.5</ele></trkpt>
    <trkpt lat="37.284041" lon="-1.988233"><ele>266.8</ele></trkpt>
    <trkpt lat="37.28401" lon="-1.988572"><ele>267.1</ele></trkpt>
    <trkpt lat="37.283823" lon="-1.989622"><ele>268.2</ele></trkpt>
    <trkpt lat="37.283811" lon="-1.989923"><ele>268.5</ele></trkpt>
    <trkpt lat="37.283896" lon="-1.990384"><ele>269.1</ele></trkpt>
    <trkpt lat="37.284084" lon="-1.991103"><ele>270.5</ele></trkpt>
    <trkpt lat="37.284263" lon="-1.99172"><ele>272.1</ele></trkpt>
    <trkpt lat="37.284452" lon="-1.99214"><ele>273.3</ele></trkpt>
    <trkpt lat="37.284489" lon="-1.992294"><ele>273.8</ele></trkpt>
    <trkpt lat="37.284915" lon="-1.995495"><ele>281.6</ele></trkpt>
    <trkpt lat="37.284985" lon="-1.995887"><ele>282.2</ele></trkpt>
    <trkpt lat="37.285018" lon="-1.995966"><ele>282.4</ele></trkpt>
    <trkpt lat="37.285137" lon="-1.996109"><ele>282.7</ele></trkpt>
    <trkpt lat="37.285395" lon="-1.996319"><ele>283.3</ele></trkpt>
    <trkpt lat="37.285461" lon="-1.996404"><ele>283.5</ele></trkpt>
    <trkpt lat="37.285567" lon="-1.996609"><ele>283.9</ele></trkpt>
    <trkpt lat="37.285648" lon="-1.996915"><ele>284.4</ele></trkpt>
    <trkpt lat="37.285851" lon="-2.000319"><ele>291.6</ele></trkpt>
    <trkpt lat="37.285913" lon="-2.000749"><ele>292.4</ele></trkpt>
    <trkpt lat="37.286525" lon="-2.003779"><ele>297.8</ele></trkpt>
    <trkpt lat="37.286553" lon="-2.004117"><ele>298.5</ele></trkpt>
    <trkpt lat="37.286446" lon="-2.004868"><ele>300</ele></trkpt>
    <trkpt lat="37.285716" lon="-2.007143"><ele>305.1</ele></trkpt>
    <trkpt lat="37.285635" lon="-2.007464"><ele>305.8</ele></trkpt>
    <trkpt lat="37.285601" lon="-2.007727"><ele>306.3</ele></trkpt>
    <trkpt lat="37.285552" lon="-2.007818"><ele>306.5</ele></trkpt>
    <trkpt lat="37.285277" lon="-2.008044"><ele>307.3</ele></trkpt>
    <trkpt lat="37.285228" lon="-2.008122"><ele>307.5</ele></trkpt>
    <trkpt lat="37.28522" lon="-2.008214"><ele>307.7</ele></trkpt>
    <trkpt lat="37.285272" lon="-2.008376"><ele>308.1</ele></trkpt>
    <trkpt lat="37.286421" lon="-2.010797"><ele>314.3</ele></trkpt>
    <trkpt lat="37.286734" lon="-2.012158"><ele>318.8</ele></trkpt>
    <trkpt lat="37.286796" lon="-2.012319"><ele>319.4</ele></trkpt>
    <trkpt lat="37.287513" lon="-2.013548"><ele>324.6</ele></trkpt>
    <trkpt lat="37.287779" lon="-2.013949"><ele>326.1</ele></trkpt>
    <trkpt lat="37.287822" lon="-2.014146"><ele>326.7</ele></trkpt>
    <trkpt lat="37.287742" lon="-2.014433"><ele>327.5</ele></trkpt>
    <trkpt lat="37.287636" lon="-2.01459"><ele>327.9</ele></trkpt>
    <trkpt lat="37.287549" lon="-2.014653"><ele>328.1</ele></trkpt>
    <trkpt lat="37.287041" lon="-2.014733"><ele>329.2</ele></trkpt>
    <trkpt lat="37.286947" lon="-2.014865"><ele>329.6</ele></trkpt>
    <trkpt lat="37.286881" lon="-2.015012"><ele>329.9</ele></trkpt>
    <trkpt lat="37.286753" lon="-2.015465"><ele>330.9</ele></trkpt>
    <trkpt lat="37.286693" lon="-2.015608"><ele>331.3</ele></trkpt>
    <trkpt lat="37.286186" lon="-2.016434"><ele>335</ele></trkpt>
    <trkpt lat="37.286141" lon="-2.01657"><ele>335.7</ele></trkpt>
    <trkpt lat="37.286141" lon="-2.016804"><ele>336.9</ele></trkpt>
    <trkpt lat="37.286212" lon="-2.017022"><ele>338.1</ele></trkpt>
    <trkpt lat="37.286286" lon="-2.017131"><ele>338.8</ele></trkpt>
    <trkpt lat="37.286369" lon="-2.01722"><ele>339.4</ele></trkpt>
    <trkpt lat="37.286644" lon="-2.017413"><ele>341.2</ele></trkpt>
    <trkpt lat="37.2871" lon="-2.01765"><ele>343.7</ele></trkpt>
    <trkpt lat="37.287305" lon="-2.017867"><ele>344.9</ele></trkpt>
    <trkpt lat="37.287413" lon="-2.017912"><ele>345.3</ele></trkpt>
    <trkpt lat="37.287638" lon="-2.017859"><ele>346</ele></trkpt>
    <trkpt lat="37.287697" lon="-2.017796"><ele>346.2</ele></trkpt>
    <trkpt lat="37.287889" lon="-2.017403"><ele>347.3</ele></trkpt>
    <trkpt lat="37.287972" lon="-2.017273"><ele>347.8</ele></trkpt>
    <trkpt lat="37.288038" lon="-2.017217"><ele>348.1</ele></trkpt>
    <trkpt lat="37.288169" lon="-2.017165"><ele>348.7</ele></trkpt>
    <trkpt lat="37.288346" lon="-2.017234"><ele>349.7</ele></trkpt>
    <trkpt lat="37.288392" lon="-2.017285"><ele>350</ele></trkpt>
    <trkpt lat="37.288556" lon="-2.017531"><ele>351.6</ele></trkpt>
    <trkpt lat="37.288646" lon="-2.017807"><ele>353.1</ele></trkpt>
    <trkpt lat="37.288742" lon="-2.018783"><ele>358.1</ele></trkpt>
    <trkpt lat="37.288965" lon="-2.019656"><ele>361.3</ele></trkpt>
    <trkpt lat="37.289071" lon="-2.019896"><ele>361.9</ele></trkpt>
    <trkpt lat="37.289291" lon="-2.020146"><ele>362.9</ele></trkpt>
    <trkpt lat="37.289391" lon="-2.02035"><ele>363.7</ele></trkpt>
    <trkpt lat="37.289468" lon="-2.020897"><ele>366.3</ele></trkpt>
    <trkpt lat="37.289542" lon="-2.021195"><ele>368</ele></trkpt>
    <trkpt lat="37.289619" lon="-2.02149"><ele>369.8</ele></trkpt>
    <trkpt lat="37.289623" lon="-2.021728"><ele>371.2</ele></trkpt>
    <trkpt lat="37.289587" lon="-2.022289"><ele>375.4</ele></trkpt>
    <trkpt lat="37.289673" lon="-2.022675"><ele>378.7</ele></trkpt>
    <trkpt lat="37.289683" lon="-2.022855"><ele>380.1</ele></trkpt>
    <trkpt lat="37.28969" lon="-2.023271"><ele>382.9</ele></trkpt>
    <trkpt lat="37.2895" lon="-2.023847"><ele>386.3</ele></trkpt>
    <trkpt lat="37.289517" lon="-2.025135"><ele>393.1</ele></trkpt>
    <trkpt lat="37.289547" lon="-2.025425"><ele>394.3</ele></trkpt>
    <trkpt lat="37.289539" lon="-2.025616"><ele>395</ele></trkpt>
    <trkpt lat="37.289468" lon="-2.025926"><ele>396.4</ele></trkpt>
    <trkpt lat="37.289288" lon="-2.026261"><ele>398.2</ele></trkpt>
    <trkpt lat="37.289126" lon="-2.026677"><ele>400.3</ele></trkpt>
    <trkpt lat="37.289056" lon="-2.026803"><ele>400.9</ele></trkpt>
    <trkpt lat="37.288926" lon="-2.0269"><ele>401.7</ele></trkpt>
    <trkpt lat="37.288437" lon="-2.027028"><ele>403.9</ele></trkpt>
    <trkpt lat="37.288019" lon="-2.027522"><ele>404.9</ele></trkpt>
    <trkpt lat="37.287955" lon="-2.027667"><ele>404.9</ele></trkpt>
    <trkpt lat="37.287824" lon="-2.028472"><ele>403.6</ele></trkpt>
    <trkpt lat="37.287839" lon="-2.028656"><ele>403.2</ele></trkpt>
    <trkpt lat="37.287891" lon="-2.028742"><ele>403</ele></trkpt>
    <trkpt lat="37.287971" lon="-2.028776"><ele>402.8</ele></trkpt>
    <trkpt lat="37.288063" lon="-2.02875"><ele>402.6</ele></trkpt>
    <trkpt lat="37.288136" lon="-2.028598"><ele>402.4</ele></trkpt>
    <trkpt lat="37.288229" lon="-2.028256"><ele>402.3</ele></trkpt>
    <trkpt lat="37.288314" lon="-2.028119"><ele>402.4</ele></trkpt>
    <trkpt lat="37.28838" lon="-2.028052"><ele>402.5</ele></trkpt>
    <trkpt lat="37.288481" lon="-2.028011"><ele>402.7</ele></trkpt>
    <trkpt lat="37.288621" lon="-2.028077"><ele>403.2</ele></trkpt>
    <trkpt lat="37.28871" lon="-2.028176"><ele>403.6</ele></trkpt>
    <trkpt lat="37.288783" lon="-2.028324"><ele>404.3</ele></trkpt>
    <trkpt lat="37.288759" lon="-2.028716"><ele>406.4</ele></trkpt>
    <trkpt lat="37.288807" lon="-2.028854"><ele>407.4</ele></trkpt>
    <trkpt lat="37.288911" lon="-2.028935"><ele>408.4</ele></trkpt>
    <trkpt lat="37.289205" lon="-2.029059"><ele>411.3</ele></trkpt>
    <trkpt lat="37.289329" lon="-2.029236"><ele>412.8</ele></trkpt>
    <trkpt lat="37.289421" lon="-2.029641"><ele>415</ele></trkpt>
    <trkpt lat="37.289459" lon="-2.030201"><ele>416.8</ele></trkpt>
    <trkpt lat="37.289489" lon="-2.030277"><ele>417</ele></trkpt>
    <trkpt lat="37.28955" lon="-2.030313"><ele>417.1</ele></trkpt>
    <trkpt lat="37.289647" lon="-2.030328"><ele>417.2</ele></trkpt>
    <trkpt lat="37.289769" lon="-2.030285"><ele>417.4</ele></trkpt>
    <trkpt lat="37.290033" lon="-2.029984"><ele>417.7</ele></trkpt>
    <trkpt lat="37.290067" lon="-2.029917"><ele>417.8</ele></trkpt>
    <trkpt lat="37.290108" lon="-2.029735"><ele>417.9</ele></trkpt>
    <trkpt lat="37.290067" lon="-2.029389"><ele>418.1</ele></trkpt>
    <trkpt lat="37.290093" lon="-2.029233"><ele>418.3</ele></trkpt>
    <trkpt lat="37.290195" lon="-2.029193"><ele>418.6</ele></trkpt>
    <trkpt lat="37.290256" lon="-2.029243"><ele>418.8</ele></trkpt>
    <trkpt lat="37.290282" lon="-2.029315"><ele>419</ele></trkpt>
    <trkpt lat="37.290302" lon="-2.029984"><ele>422.4</ele></trkpt>
    <trkpt lat="37.290291" lon="-2.0301"><ele>423.2</ele></trkpt>
    <trkpt lat="37.290219" lon="-2.030271"><ele>424.6</ele></trkpt>
    <trkpt lat="37.289983" lon="-2.030581"><ele>427.7</ele></trkpt>
    <trkpt lat="37.289899" lon="-2.030647"><ele>428.5</ele></trkpt>
    <trkpt lat="37.28935" lon="-2.03092"><ele>431.4</ele></trkpt>
    <trkpt lat="37.28928" lon="-2.030926"><ele>431.5</ele></trkpt>
    <trkpt lat="37.289156" lon="-2.030872"><ele>431.6</ele></trkpt>
    <trkpt lat="37.288956" lon="-2.030633"><ele>431.4</ele></trkpt>
    <trkpt lat="37.288901" lon="-2.03045"><ele>431.1</ele></trkpt>
    <trkpt lat="37.288866" lon="-2.030003"><ele>430.3</ele></trkpt>
    <trkpt lat="37.288783" lon="-2.029743"><ele>429.8</ele></trkpt>
    <trkpt lat="37.28871" lon="-2.029695"><ele>429.7</ele></trkpt>
    <trkpt lat="37.288608" lon="-2.029729"><ele>429.6</ele></trkpt>
    <trkpt lat="37.288463" lon="-2.030035"><ele>430</ele></trkpt>
    <trkpt lat="37.288465" lon="-2.030204"><ele>430.5</ele></trkpt>
    <trkpt lat="37.288702" lon="-2.030647"><ele>433.2</ele></trkpt>
    <trkpt lat="37.288774" lon="-2.030842"><ele>434.8</ele></trkpt>
    <trkpt lat="37.288881" lon="-2.031274"><ele>438.7</ele></trkpt>
    <trkpt lat="37.288971" lon="-2.031362"><ele>440</ele></trkpt>
    <trkpt lat="37.289045" lon="-2.031397"><ele>440.9</ele></trkpt>
    <trkpt lat="37.289069" lon="-2.031408"><ele>441.2</ele></trkpt>
    <trkpt lat="37.289413" lon="-2.03137"><ele>445.1</ele></trkpt>
    <trkpt lat="37.289499" lon="-2.031439"><ele>446.3</ele></trkpt>
    <trkpt lat="37.289547" lon="-2.031535"><ele>447.2</ele></trkpt>
    <trkpt lat="37.289525" lon="-2.031693"><ele>448.6</ele></trkpt>
    <trkpt lat="37.289314" lon="-2.032146"><ele>452.9</ele></trkpt>
    <trkpt lat="37.289274" lon="-2.032278"><ele>454.1</ele></trkpt>
    <trkpt lat="37.289239" lon="-2.032535"><ele>456.3</ele></trkpt>
    <trkpt lat="37.289244" lon="-2.032677"><ele>457.5</ele></trkpt>
    <trkpt lat="37.289358" lon="-2.033118"><ele>460.8</ele></trkpt>
    <trkpt lat="37.289398" lon="-2.033491"><ele>463.4</ele></trkpt>
    <trkpt lat="37.289449" lon="-2.033606"><ele>464.4</ele></trkpt>
    <trkpt lat="37.289517" lon="-2.033498"><ele>465.2</ele></trkpt>
    <trkpt lat="37.28969" lon="-2.033402"><ele>466.8</ele></trkpt>
    <trkpt lat="37.290592" lon="-2.033337"><ele>472.1</ele></trkpt>
    <trkpt lat="37.290833" lon="-2.033375"><ele>472.6</ele></trkpt>
    <trkpt lat="37.291012" lon="-2.033507"><ele>472.9</ele></trkpt>
    <trkpt lat="37.291164" lon="-2.033672"><ele>473</ele></trkpt>
    <trkpt lat="37.291964" lon="-2.034842"><ele>470.3</ele></trkpt>
    <trkpt lat="37.292174" lon="-2.03511"><ele>468.9</ele></trkpt>
    <trkpt lat="37.292622" lon="-2.03551"><ele>466.3</ele></trkpt>
    <trkpt lat="37.293733" lon="-2.036314"><ele>462.9</ele></trkpt>
    <trkpt lat="37.293842" lon="-2.036414"><ele>463</ele></trkpt>
    <trkpt lat="37.293915" lon="-2.036518"><ele>463</ele></trkpt>
    <trkpt lat="37.294041" lon="-2.036808"><ele>463.2</ele></trkpt>
    <trkpt lat="37.294213" lon="-2.037417"><ele>464.1</ele></trkpt>
    <trkpt lat="37.294531" lon="-2.038702"><ele>464.5</ele></trkpt>
    <trkpt lat="37.294581" lon="-2.038833"><ele>464.4</ele></trkpt>
    <trkpt lat="37.294719" lon="-2.039002"><ele>464.2</ele></trkpt>
    <trkpt lat="37.294881" lon="-2.039104"><ele>464.1</ele></trkpt>
    <trkpt lat="37.295131" lon="-2.039109"><ele>463.9</ele></trkpt>
    <trkpt lat="37.29632" lon="-2.038645"><ele>461.9</ele></trkpt>
    <trkpt lat="37.296789" lon="-2.038431"><ele>460.9</ele></trkpt>
    <trkpt lat="37.296985" lon="-2.038436"><ele>460.4</ele></trkpt>
    <trkpt lat="37.297646" lon="-2.0389"><ele>458.2</ele></trkpt>
    <trkpt lat="37.297781" lon="-2.039107"><ele>457.6</ele></trkpt>
    <trkpt lat="37.297828" lon="-2.039236"><ele>457.4</ele></trkpt>
    <trkpt lat="37.297851" lon="-2.039453"><ele>457</ele></trkpt>
    <trkpt lat="37.297962" lon="-2.042739"><ele>448.8</ele></trkpt>
    <trkpt lat="37.29805" lon="-2.04295"><ele>448.3</ele></trkpt>
    <trkpt lat="37.298148" lon="-2.043049"><ele>448</ele></trkpt>
    <trkpt lat="37.298323" lon="-2.043106"><ele>447.5</ele></trkpt>
    <trkpt lat="37.298498" lon="-2.043092"><ele>447.2</ele></trkpt>
    <trkpt lat="37.299394" lon="-2.042907"><ele>447.5</ele></trkpt>
    <trkpt lat="37.299499" lon="-2.042899"><ele>447.8</ele></trkpt>
    <trkpt lat="37.299763" lon="-2.04295"><ele>448.4</ele></trkpt>
    <trkpt lat="37.300154" lon="-2.043068"><ele>449.5</ele></trkpt>
    <trkpt lat="37.300397" lon="-2.043175"><ele>450.4</ele></trkpt>
    <trkpt lat="37.30086" lon="-2.043605"><ele>452.3</ele></trkpt>
    <trkpt lat="37.301076" lon="-2.043712"><ele>453</ele></trkpt>
    <trkpt lat="37.302102" lon="-2.043902"><ele>456.6</ele></trkpt>
    <trkpt lat="37.302304" lon="-2.04398"><ele>457.6</ele></trkpt>
    <trkpt lat="37.302392" lon="-2.04405"><ele>458.1</ele></trkpt>
    <trkpt lat="37.302475" lon="-2.044138"><ele>458.6</ele></trkpt>
    <trkpt lat="37.303134" lon="-2.045262"><ele>464.6</ele></trkpt>
    <trkpt lat="37.303369" lon="-2.045616"><ele>466.5</ele></trkpt>
    <trkpt lat="37.304135" lon="-2.046413"><ele>470.1</ele></trkpt>
    <trkpt lat="37.304269" lon="-2.04659"><ele>470.4</ele></trkpt>
    <trkpt lat="37.304344" lon="-2.046899"><ele>470.4</ele></trkpt>
    <trkpt lat="37.304361" lon="-2.047594"><ele>469.8</ele></trkpt>
    <trkpt lat="37.304449" lon="-2.047888"><ele>469.2</ele></trkpt>
    <trkpt lat="37.30463" lon="-2.048172"><ele>468.4</ele></trkpt>
    <trkpt lat="37.3061" lon="-2.050173"><ele>462.8</ele></trkpt>
    <trkpt lat="37.306296" lon="-2.050331"><ele>461.9</ele></trkpt>
    <trkpt lat="37.306525" lon="-2.050423"><ele>460.9</ele></trkpt>
    <trkpt lat="37.306725" lon="-2.050452"><ele>460</ele></trkpt>
    <trkpt lat="37.30767" lon="-2.050463"><ele>455.1</ele></trkpt>
    <trkpt lat="37.307854" lon="-2.050501"><ele>454.1</ele></trkpt>
    <trkpt lat="37.308009" lon="-2.050621"><ele>453.2</ele></trkpt>
    <trkpt lat="37.308174" lon="-2.050838"><ele>451.9</ele></trkpt>
    <trkpt lat="37.308216" lon="-2.05104"><ele>451</ele></trkpt>
    <trkpt lat="37.308289" lon="-2.05178"><ele>447.6</ele></trkpt>
    <trkpt lat="37.308329" lon="-2.05196"><ele>446.6</ele></trkpt>
    <trkpt lat="37.308468" lon="-2.05229"><ele>444.6</ele></trkpt>
    <trkpt lat="37.30856" lon="-2.052429"><ele>443.6</ele></trkpt>
    <trkpt lat="37.30882" lon="-2.052716"><ele>440.9</ele></trkpt>
    <trkpt lat="37.308967" lon="-2.052839"><ele>439.5</ele></trkpt>
    <trkpt lat="37.310845" lon="-2.054245"><ele>424.6</ele></trkpt>
    <trkpt lat="37.311022" lon="-2.054288"><ele>423.8</ele></trkpt>
    <trkpt lat="37.31118" lon="-2.054234"><ele>423.2</ele></trkpt>
    <trkpt lat="37.311239" lon="-2.054178"><ele>422.9</ele></trkpt>
    <trkpt lat="37.311512" lon="-2.053682"><ele>421.1</ele></trkpt>
    <trkpt lat="37.311659" lon="-2.053555"><ele>420.5</ele></trkpt>
    <trkpt lat="37.311762" lon="-2.053523"><ele>420.1</ele></trkpt>
    <trkpt lat="37.311996" lon="-2.053561"><ele>419.3</ele></trkpt>
    <trkpt lat="37.312871" lon="-2.053904"><ele>414.9</ele></trkpt>
    <trkpt lat="37.313119" lon="-2.053923"><ele>413.5</ele></trkpt>
    <trkpt lat="37.313319" lon="-2.053829"><ele>412.3</ele></trkpt>
    <trkpt lat="37.31401" lon="-2.053271"><ele>408.1</ele></trkpt>
    <trkpt lat="37.314273" lon="-2.05318"><ele>406.8</ele></trkpt>
    <trkpt lat="37.315403" lon="-2.052917"><ele>402.1</ele></trkpt>
    <trkpt lat="37.316549" lon="-2.052965"><ele>397.7</ele></trkpt>
    <trkpt lat="37.31676" lon="-2.053019"><ele>396.9</ele></trkpt>
    <trkpt lat="37.317039" lon="-2.053148"><ele>395.8</ele></trkpt>
    <trkpt lat="37.318083" lon="-2.053853"><ele>391.1</ele></trkpt>
    <trkpt lat="37.318793" lon="-2.054521"><ele>386.4</ele></trkpt>
    <trkpt lat="37.319027" lon="-2.054588"><ele>385</ele></trkpt>
    <trkpt lat="37.31935" lon="-2.054556"><ele>383.3</ele></trkpt>
    <trkpt lat="37.319561" lon="-2.054583"><ele>382.2</ele></trkpt>
    <trkpt lat="37.32097" lon="-2.055241"><ele>378.6</ele></trkpt>
    <trkpt lat="37.321382" lon="-2.055422"><ele>378.1</ele></trkpt>
    <trkpt lat="37.321521" lon="-2.055395"><ele>377.9</ele></trkpt>
    <trkpt lat="37.322218" lon="-2.055041"><ele>375.7</ele></trkpt>
    <trkpt lat="37.322353" lon="-2.055004"><ele>375</ele></trkpt>
    <trkpt lat="37.322588" lon="-2.055012"><ele>373.6</ele></trkpt>
    <trkpt lat="37.322965" lon="-2.055149"><ele>371</ele></trkpt>
    <trkpt lat="37.323215" lon="-2.05513"><ele>369.2</ele></trkpt>
    <trkpt lat="37.323541" lon="-2.055066"><ele>366.8</ele></trkpt>
    <trkpt lat="37.323729" lon="-2.054929"><ele>365.4</ele></trkpt>
    <trkpt lat="37.324014" lon="-2.054459"><ele>362.7</ele></trkpt>
    <trkpt lat="37.324113" lon="-2.054363"><ele>362</ele></trkpt>
    <trkpt lat="37.324189" lon="-2.054309"><ele>361.5</ele></trkpt>
    <trkpt lat="37.324719" lon="-2.054096"><ele>358.5</ele></trkpt>
    <trkpt lat="37.324723" lon="-2.054095"><ele>358.5</ele></trkpt>
    <trkpt lat="37.324814" lon="-2.054033"><ele>357.9</ele></trkpt>
    <trkpt lat="37.324897" lon="-2.053944"><ele>357.4</ele></trkpt>
    <trkpt lat="37.325424" lon="-2.053118"><ele>352.9</ele></trkpt>
    <trkpt lat="37.325463" lon="-2.053008"><ele>352.4</ele></trkpt>
    <trkpt lat="37.325563" lon="-2.052247"><ele>349.8</ele></trkpt>
    <trkpt lat="37.325653" lon="-2.052062"><ele>349.2</ele></trkpt>
    <trkpt lat="37.325787" lon="-2.051962"><ele>348.5</ele></trkpt>
    <trkpt lat="37.325879" lon="-2.051933"><ele>348.2</ele></trkpt>
    <trkpt lat="37.326423" lon="-2.051986"><ele>345.7</ele></trkpt>
    <trkpt lat="37.326493" lon="-2.051973"><ele>345.3</ele></trkpt>
    <trkpt lat="37.326595" lon="-2.051911"><ele>344.7</ele></trkpt>
    <trkpt lat="37.327139" lon="-2.051439"><ele>340.5</ele></trkpt>
    <trkpt lat="37.327532" lon="-2.051222"><ele>337.4</ele></trkpt>
    <trkpt lat="37.3276" lon="-2.051158"><ele>336.8</ele></trkpt>
    <trkpt lat="37.327655" lon="-2.051037"><ele>336</ele></trkpt>
    <trkpt lat="37.3278" lon="-2.050559"><ele>333.2</ele></trkpt>
    <trkpt lat="37.327899" lon="-2.050358"><ele>332</ele></trkpt>
    <trkpt lat="37.327956" lon="-2.050291"><ele>331.5</ele></trkpt>
    <trkpt lat="37.328265" lon="-2.050077"><ele>329.3</ele></trkpt>
    <trkpt lat="37.328406" lon="-2.049948"><ele>328.2</ele></trkpt>
    <trkpt lat="37.328752" lon="-2.049358"><ele>324.4</ele></trkpt>
    <trkpt lat="37.329498" lon="-2.048618"><ele>317.7</ele></trkpt>
    <trkpt lat="37.329703" lon="-2.048518"><ele>316.3</ele></trkpt>
    <trkpt lat="37.330341" lon="-2.048473"><ele>312.7</ele></trkpt>
    <trkpt lat="37.330507" lon="-2.048368"><ele>311.8</ele></trkpt>
    <trkpt lat="37.330588" lon="-2.048264"><ele>311.3</ele></trkpt>
    <trkpt lat="37.330767" lon="-2.047767"><ele>309.6</ele></trkpt>
    <trkpt lat="37.330904" lon="-2.047523"><ele>308.8</ele></trkpt>
    <trkpt lat="37.331678" lon="-2.04689"><ele>306.2</ele></trkpt>
    <trkpt lat="37.331784" lon="-2.046788"><ele>305.9</ele></trkpt>
    <trkpt lat="37.331876" lon="-2.046649"><ele>305.5</ele></trkpt>
    <trkpt lat="37.332017" lon="-2.046228"><ele>304.5</ele></trkpt>
    <trkpt lat="37.332384" lon="-2.044645"><ele>301.3</ele></trkpt>
    <trkpt lat="37.332482" lon="-2.044415"><ele>300.8</ele></trkpt>
    <trkpt lat="37.332725" lon="-2.044144"><ele>300.1</ele></trkpt>
    <trkpt lat="37.333599" lon="-2.043318"><ele>298.8</ele></trkpt>
    <trkpt lat="37.333915" lon="-2.043071"><ele>298.8</ele></trkpt>
    <trkpt lat="37.33439" lon="-2.042768"><ele>298.9</ele></trkpt>
    <trkpt lat="37.334615" lon="-2.042571"><ele>298.9</ele></trkpt>
    <trkpt lat="37.334744" lon="-2.042401"><ele>298.9</ele></trkpt>
    <trkpt lat="37.33493" lon="-2.042"><ele>298.9</ele></trkpt>
    <trkpt lat="37.334992" lon="-2.041791"><ele>298.8</ele></trkpt>
    <trkpt lat="37.335175" lon="-2.040643"><ele>298.2</ele></trkpt>
    <trkpt lat="37.335212" lon="-2.040513"><ele>298.1</ele></trkpt>
    <trkpt lat="37.335352" lon="-2.040252"><ele>297.9</ele></trkpt>
    <trkpt lat="37.335544" lon="-2.040072"><ele>297.7</ele></trkpt>
    <trkpt lat="37.336572" lon="-2.039566"><ele>295.7</ele></trkpt>
    <trkpt lat="37.336783" lon="-2.039436"><ele>295.2</ele></trkpt>
    <trkpt lat="37.337402" lon="-2.03867"><ele>292.9</ele></trkpt>
    <trkpt lat="37.337496" lon="-2.03838"><ele>292.1</ele></trkpt>
    <trkpt lat="37.337845" lon="-2.035558"><ele>283.3</ele></trkpt>
    <trkpt lat="37.337882" lon="-2.035441"><ele>282.8</ele></trkpt>
    <trkpt lat="37.338018" lon="-2.035236"><ele>281.6</ele></trkpt>
    <trkpt lat="37.338187" lon="-2.035141"><ele>280.5</ele></trkpt>
    <trkpt lat="37.33834" lon="-2.035131"><ele>279.5</ele></trkpt>
    <trkpt lat="37.338393" lon="-2.03514"><ele>279.1</ele></trkpt>
    <trkpt lat="37.338613" lon="-2.035258"><ele>277.5</ele></trkpt>
    <trkpt lat="37.339741" lon="-2.036384"><ele>264.9</ele></trkpt>
    <trkpt lat="37.340042" lon="-2.037017"><ele>259.5</ele></trkpt>
    <trkpt lat="37.340355" lon="-2.037765"><ele>255.1</ele></trkpt>
    <trkpt lat="37.340515" lon="-2.037949"><ele>254.2</ele></trkpt>
    <trkpt lat="37.340586" lon="-2.037993"><ele>253.8</ele></trkpt>
    <trkpt lat="37.34075" lon="-2.038031"><ele>253.2</ele></trkpt>
    <trkpt lat="37.341315" lon="-2.037918"><ele>251</ele></trkpt>
    <trkpt lat="37.341473" lon="-2.037953"><ele>250.5</ele></trkpt>
    <trkpt lat="37.341541" lon="-2.037993"><ele>250.3</ele></trkpt>
    <trkpt lat="37.341827" lon="-2.038187"><ele>249.2</ele></trkpt>
    <trkpt lat="37.342042" lon="-2.038272"><ele>248.4</ele></trkpt>
    <trkpt lat="37.34226" lon="-2.038302"><ele>247.6</ele></trkpt>
    <trkpt lat="37.34227" lon="-2.038409"><ele>247.2</ele></trkpt>
    <trkpt lat="37.342425" lon="-2.038845"><ele>245.7</ele></trkpt>
    <trkpt lat="37.342454" lon="-2.038992"><ele>245.3</ele></trkpt>
    <trkpt lat="37.342449" lon="-2.039399"><ele>244.6</ele></trkpt>
    <trkpt lat="37.342427" lon="-2.03948"><ele>244.6</ele></trkpt>
    <trkpt lat="37.34233" lon="-2.039824"><ele>244.6</ele></trkpt>
    <trkpt lat="37.342234" lon="-2.040092"><ele>244.4</ele></trkpt>
    <trkpt lat="37.342221" lon="-2.040177"><ele>244.3</ele></trkpt>
    <trkpt lat="37.342262" lon="-2.040364"><ele>244.1</ele></trkpt>
    <trkpt lat="37.342368" lon="-2.040449"><ele>244</ele></trkpt>
    <trkpt lat="37.342437" lon="-2.040472"><ele>244</ele></trkpt>
    <trkpt lat="37.342648" lon="-2.040454"><ele>243.9</ele></trkpt>
    <trkpt lat="37.342925" lon="-2.040476"><ele>243.7</ele></trkpt>
    <trkpt lat="37.343108" lon="-2.040566"><ele>243.4</ele></trkpt>
    <trkpt lat="37.343368" lon="-2.040745"><ele>243.2</ele></trkpt>
    <trkpt lat="37.343809" lon="-2.041155"><ele>242.8</ele></trkpt>
    <trkpt lat="37.343938" lon="-2.041265"><ele>243</ele></trkpt>
    <trkpt lat="37.344019" lon="-2.041346"><ele>243.1</ele></trkpt>
    <trkpt lat="37.344138" lon="-2.041408"><ele>243.4</ele></trkpt>
    <trkpt lat="37.344478" lon="-2.041458"><ele>244.6</ele></trkpt>
    <trkpt lat="37.344575" lon="-2.041526"><ele>245.1</ele></trkpt>
    <trkpt lat="37.344663" lon="-2.041631"><ele>245.6</ele></trkpt>
    <trkpt lat="37.344776" lon="-2.041828"><ele>246.5</ele></trkpt>
    <trkpt lat="37.345013" lon="-2.042416"><ele>249.6</ele></trkpt>
    <trkpt lat="37.345134" lon="-2.042907"><ele>252.1</ele></trkpt>
    <trkpt lat="37.345251" lon="-2.044047"><ele>254.9</ele></trkpt>
    <trkpt lat="37.345252" lon="-2.044194"><ele>254.9</ele></trkpt>
    <trkpt lat="37.345089" lon="-2.044798"><ele>254.1</ele></trkpt>
    <trkpt lat="37.345091" lon="-2.044892"><ele>253.9</ele></trkpt>
    <trkpt lat="37.345149" lon="-2.045037"><ele>253.5</ele></trkpt>
    <trkpt lat="37.345298" lon="-2.045222"><ele>253</ele></trkpt>
    <trkpt lat="37.345418" lon="-2.045305"><ele>252.7</ele></trkpt>
    <trkpt lat="37.34552" lon="-2.045332"><ele>252.4</ele></trkpt>
    <trkpt lat="37.345701" lon="-2.045308"><ele>252</ele></trkpt>
    <trkpt lat="37.34597" lon="-2.045152"><ele>251.6</ele></trkpt>
    <trkpt lat="37.346096" lon="-2.045193"><ele>251.4</ele></trkpt>
    <trkpt lat="37.34614" lon="-2.045259"><ele>251.4</ele></trkpt>
    <trkpt lat="37.346177" lon="-2.04538"><ele>251.3</ele></trkpt>
    <trkpt lat="37.346168" lon="-2.045693"><ele>251.3</ele></trkpt>
    <trkpt lat="37.346019" lon="-2.04634"><ele>251.8</ele></trkpt>
    <trkpt lat="37.346004" lon="-2.046695"><ele>252.3</ele></trkpt>
    <trkpt lat="37.346021" lon="-2.046834"><ele>252.5</ele></trkpt>
    <trkpt lat="37.34619" lon="-2.047215"><ele>253</ele></trkpt>
    <trkpt lat="37.346333" lon="-2.047439"><ele>253.3</ele></trkpt>
    <trkpt lat="37.346561" lon="-2.047714"><ele>253.5</ele></trkpt>
    <trkpt lat="37.347243" lon="-2.048304"><ele>253.5</ele></trkpt>
    <trkpt lat="37.347466" lon="-2.048534"><ele>253.3</ele></trkpt>
    <trkpt lat="37.34806" lon="-2.049383"><ele>253.5</ele></trkpt>
    <trkpt lat="37.348429" lon="-2.050034"><ele>255.3</ele></trkpt>
    <trkpt lat="37.348971" lon="-2.051799"><ele>262.9</ele></trkpt>
    <trkpt lat="37.349523" lon="-2.054072"><ele>265.9</ele></trkpt>
    <trkpt lat="37.350101" lon="-2.055508"><ele>265.1</ele></trkpt>
    <trkpt lat="37.350244" lon="-2.055684"><ele>264.9</ele></trkpt>
    <trkpt lat="37.35102" lon="-2.056369"><ele>263.2</ele></trkpt>
    <trkpt lat="37.351349" lon="-2.056612"><ele>262.3</ele></trkpt>
    <trkpt lat="37.351666" lon="-2.056679"><ele>261.6</ele></trkpt>
    <trkpt lat="37.351978" lon="-2.056662"><ele>260.8</ele></trkpt>
    <trkpt lat="37.352687" lon="-2.056328"><ele>258.6</ele></trkpt>
    <trkpt lat="37.352773" lon="-2.056315"><ele>258.4</ele></trkpt>
    <trkpt lat="37.352927" lon="-2.056357"><ele>258</ele></trkpt>
    <trkpt lat="37.353327" lon="-2.0566"><ele>257.4</ele></trkpt>
    <trkpt lat="37.353504" lon="-2.056748"><ele>257.4</ele></trkpt>
    <trkpt lat="37.353719" lon="-2.057042"><ele>257.6</ele></trkpt>
    <trkpt lat="37.353799" lon="-2.057194"><ele>257.7</ele></trkpt>
    <trkpt lat="37.353925" lon="-2.05759"><ele>258.4</ele></trkpt>
    <trkpt lat="37.354178" lon="-2.058909"><ele>261.5</ele></trkpt>
    <trkpt lat="37.354204" lon="-2.05914"><ele>261.7</ele></trkpt>
    <trkpt lat="37.354158" lon="-2.05973"><ele>261.9</ele></trkpt>
    <trkpt lat="37.35425" lon="-2.060894"><ele>262.1</ele></trkpt>
    <trkpt lat="37.354307" lon="-2.061747"><ele>263.2</ele></trkpt>
    <trkpt lat="37.354213" lon="-2.06236"><ele>264.7</ele></trkpt>
    <trkpt lat="37.354454" lon="-2.063324"><ele>267</ele></trkpt>
    <trkpt lat="37.354658" lon="-2.063886"><ele>267.9</ele></trkpt>
    <trkpt lat="37.354684" lon="-2.064652"><ele>268.5</ele></trkpt>
    <trkpt lat="37.354666" lon="-2.064983"><ele>268.8</ele></trkpt>
    <trkpt lat="37.354931" lon="-2.065323"><ele>269.3</ele></trkpt>
    <trkpt lat="37.354987" lon="-2.065437"><ele>269.4</ele></trkpt>
    <trkpt lat="37.355081" lon="-2.065732"><ele>269.8</ele></trkpt>
    <trkpt lat="37.355144" lon="-2.066026"><ele>270.2</ele></trkpt>
    <trkpt lat="37.355179" lon="-2.066385"><ele>270.7</ele></trkpt>
    <trkpt lat="37.355181" lon="-2.066758"><ele>271.2</ele></trkpt>
    <trkpt lat="37.355106" lon="-2.067448"><ele>272.6</ele></trkpt>
    <trkpt lat="37.355109" lon="-2.06783"><ele>273.5</ele></trkpt>
    <trkpt lat="37.355108" lon="-2.068081"><ele>274.2</ele></trkpt>
    <trkpt lat="37.355054" lon="-2.068211"><ele>274.7</ele></trkpt>
    <trkpt lat="37.355041" lon="-2.06829"><ele>274.9</ele></trkpt>
    <trkpt lat="37.355" lon="-2.068783"><ele>276.4</ele></trkpt>
    <trkpt lat="37.354896" lon="-2.069225"><ele>277.9</ele></trkpt>
    <trkpt lat="37.354637" lon="-2.070016"><ele>279.5</ele></trkpt>
    <trkpt lat="37.354573" lon="-2.070358"><ele>279.7</ele></trkpt>
    <trkpt lat="37.354543" lon="-2.070921"><ele>279.4</ele></trkpt>
    <trkpt lat="37.354404" lon="-2.07159"><ele>278.4</ele></trkpt>
    <trkpt lat="37.354163" lon="-2.072243"><ele>277.2</ele></trkpt>
    <trkpt lat="37.353954" lon="-2.072687"><ele>276.5</ele></trkpt>
    <trkpt lat="37.353395" lon="-2.073539"><ele>275</ele></trkpt>
    <trkpt lat="37.352964" lon="-2.074112"><ele>272</ele></trkpt>
    <trkpt lat="37.352969" lon="-2.074368"><ele>271</ele></trkpt>
    <trkpt lat="37.353004" lon="-2.074522"><ele>270.4</ele></trkpt>
    <trkpt lat="37.35295" lon="-2.074654"><ele>269.9</ele></trkpt>
    <trkpt lat="37.352983" lon="-2.074893"><ele>268.9</ele></trkpt>
    <trkpt lat="37.353579" lon="-2.076566"><ele>264</ele></trkpt>
    <trkpt lat="37.35438" lon="-2.078807"><ele>265.3</ele></trkpt>
    <trkpt lat="37.354629" lon="-2.079581"><ele>267.2</ele></trkpt>
    <trkpt lat="37.354648" lon="-2.079737"><ele>267.6</ele></trkpt>
    <trkpt lat="37.354717" lon="-2.08001"><ele>268.7</ele></trkpt>
    <trkpt lat="37.354756" lon="-2.080044"><ele>268.9</ele></trkpt>
    <trkpt lat="37.354781" lon="-2.080121"><ele>269.3</ele></trkpt>
    <trkpt lat="37.354776" lon="-2.080164"><ele>269.5</ele></trkpt>
    <trkpt lat="37.354747" lon="-2.08022"><ele>269.8</ele></trkpt>
    <trkpt lat="37.354651" lon="-2.08042"><ele>271</ele></trkpt>
    <trkpt lat="37.354539" lon="-2.080974"><ele>274.5</ele></trkpt>
    <trkpt lat="37.354359" lon="-2.081399"><ele>277.9</ele></trkpt>
    <trkpt lat="37.354145" lon="-2.081814"><ele>281.4</ele></trkpt>
    <trkpt lat="37.353756" lon="-2.082378"><ele>286.6</ele></trkpt>
    <trkpt lat="37.353635" lon="-2.08256"><ele>288.1</ele></trkpt>
    <trkpt lat="37.35346" lon="-2.082825"><ele>290.1</ele></trkpt>
    <trkpt lat="37.352907" lon="-2.083784"><ele>295.1</ele></trkpt>
    <trkpt lat="37.352407" lon="-2.084659"><ele>298.3</ele></trkpt>
    <trkpt lat="37.352285" lon="-2.084961"><ele>299.2</ele></trkpt>
    <trkpt lat="37.35221" lon="-2.08527"><ele>300</ele></trkpt>
    <trkpt lat="37.35218" lon="-2.085498"><ele>300.6</ele></trkpt>
    <trkpt lat="37.352109" lon="-2.086367"><ele>302.9</ele></trkpt>
    <trkpt lat="37.35209" lon="-2.086758"><ele>303.7</ele></trkpt>
    <trkpt lat="37.35206" lon="-2.087376"><ele>304.7</ele></trkpt>
    <trkpt lat="37.35202" lon="-2.088201"><ele>305.6</ele></trkpt>
    <trkpt lat="37.352026" lon="-2.088577"><ele>306.2</ele></trkpt>
    <trkpt lat="37.351937" lon="-2.088872"><ele>306.9</ele></trkpt>
    <trkpt lat="37.351781" lon="-2.089154"><ele>307.8</ele></trkpt>
    <trkpt lat="37.351617" lon="-2.089336"><ele>308.6</ele></trkpt>
    <trkpt lat="37.351359" lon="-2.089529"><ele>309.8</ele></trkpt>
    <trkpt lat="37.35126" lon="-2.089645"><ele>310.2</ele></trkpt>
    <trkpt lat="37.351194" lon="-2.089752"><ele>310.6</ele></trkpt>
    <trkpt lat="37.351145" lon="-2.089902"><ele>310.9</ele></trkpt>
    <trkpt lat="37.351159" lon="-2.090137"><ele>311.1</ele></trkpt>
    <trkpt lat="37.351223" lon="-2.090231"><ele>311.2</ele></trkpt>
    <trkpt lat="37.351244" lon="-2.090335"><ele>311.3</ele></trkpt>
    <trkpt lat="37.351333" lon="-2.090441"><ele>311.3</ele></trkpt>
    <trkpt lat="37.351576" lon="-2.090508"><ele>311</ele></trkpt>
    <trkpt lat="37.35173" lon="-2.090444"><ele>310.7</ele></trkpt>
    <trkpt lat="37.351867" lon="-2.090196"><ele>309.9</ele></trkpt>
    <trkpt lat="37.351989" lon="-2.090077"><ele>309.3</ele></trkpt>
    <trkpt lat="37.352131" lon="-2.089998"><ele>308.7</ele></trkpt>
    <trkpt lat="37.352298" lon="-2.089964"><ele>308</ele></trkpt>
    <trkpt lat="37.352467" lon="-2.089985"><ele>307.2</ele></trkpt>
    <trkpt lat="37.352626" lon="-2.090062"><ele>306.5</ele></trkpt>
    <trkpt lat="37.352763" lon="-2.090188"><ele>305.9</ele></trkpt>
    <trkpt lat="37.352854" lon="-2.090325"><ele>305.5</ele></trkpt>
    <trkpt lat="37.352919" lon="-2.090483"><ele>305.2</ele></trkpt>
    <trkpt lat="37.352955" lon="-2.090655"><ele>305.1</ele></trkpt>
    <trkpt lat="37.35296" lon="-2.090832"><ele>305.2</ele></trkpt>
    <trkpt lat="37.353171" lon="-2.091116"><ele>305.9</ele></trkpt>
    <trkpt lat="37.353273" lon="-2.091243"><ele>306.5</ele></trkpt>
    <trkpt lat="37.353337" lon="-2.091394"><ele>307.2</ele></trkpt>
    <trkpt lat="37.353354" lon="-2.091622"><ele>308.4</ele></trkpt>
    <trkpt lat="37.353324" lon="-2.091758"><ele>309.2</ele></trkpt>
    <trkpt lat="37.353249" lon="-2.091994"><ele>310.8</ele></trkpt>
    <trkpt lat="37.353134" lon="-2.092174"><ele>312.3</ele></trkpt>
    <trkpt lat="37.352849" lon="-2.092528"><ele>315.8</ele></trkpt>
    <trkpt lat="37.352841" lon="-2.09274"><ele>317.5</ele></trkpt>
    <trkpt lat="37.352882" lon="-2.092834"><ele>318.2</ele></trkpt>
    <trkpt lat="37.352888" lon="-2.092941"><ele>319</ele></trkpt>
    <trkpt lat="37.352867" lon="-2.093025"><ele>319.6</ele></trkpt>
    <trkpt lat="37.352766" lon="-2.093142"><ele>320.6</ele></trkpt>
    <trkpt lat="37.352731" lon="-2.093323"><ele>321.6</ele></trkpt>
    <trkpt lat="37.352821" lon="-2.093663"><ele>323.1</ele></trkpt>
    <trkpt lat="37.352974" lon="-2.093995"><ele>324.2</ele></trkpt>
    <trkpt lat="37.35561" lon="-2.098403"><ele>320.9</ele></trkpt>
    <trkpt lat="37.355952" lon="-2.098973"><ele>320.2</ele></trkpt>
    <trkpt lat="37.356467" lon="-2.099928"><ele>319.6</ele></trkpt>
    <trkpt lat="37.35706" lon="-2.10103"><ele>320.7</ele></trkpt>
    <trkpt lat="37.357106" lon="-2.101114"><ele>320.8</ele></trkpt>
    <trkpt lat="37.357531" lon="-2.101885"><ele>322.2</ele></trkpt>
    <trkpt lat="37.3578" lon="-2.102283"><ele>323.2</ele></trkpt>
    <trkpt lat="37.359625" lon="-2.104805"><ele>329.5</ele></trkpt>
    <trkpt lat="37.359831" lon="-2.104962"><ele>330.1</ele></trkpt>
    <trkpt lat="37.359841" lon="-2.104958"><ele>330.1</ele></trkpt>
    <trkpt lat="37.359944" lon="-2.104967"><ele>330.3</ele></trkpt>
    <trkpt lat="37.359969" lon="-2.104983"><ele>330.4</ele></trkpt>
    <trkpt lat="37.360015" lon="-2.105041"><ele>330.6</ele></trkpt>
    <trkpt lat="37.360037" lon="-2.10511"><ele>330.7</ele></trkpt>
    <trkpt lat="37.360036" lon="-2.105192"><ele>330.9</ele></trkpt>
    <trkpt lat="37.360032" lon="-2.105211"><ele>330.9</ele></trkpt>
    <trkpt lat="37.360104" lon="-2.105463"><ele>331.4</ele></trkpt>
    <trkpt lat="37.361133" lon="-2.106875"><ele>335.2</ele></trkpt>
    <trkpt lat="37.361295" lon="-2.107103"><ele>335.8</ele></trkpt>
    <trkpt lat="37.362813" lon="-2.10919"><ele>341</ele></trkpt>
    <trkpt lat="37.36304" lon="-2.109423"><ele>341.7</ele></trkpt>
    <trkpt lat="37.363402" lon="-2.109751"><ele>342.6</ele></trkpt>
    <trkpt lat="37.364176" lon="-2.11033"><ele>343.9</ele></trkpt>
    <trkpt lat="37.364447" lon="-2.110602"><ele>344.1</ele></trkpt>
    <trkpt lat="37.364641" lon="-2.110848"><ele>344.1</ele></trkpt>
    <trkpt lat="37.364834" lon="-2.111186"><ele>343.7</ele></trkpt>
    <trkpt lat="37.364979" lon="-2.111512"><ele>343</ele></trkpt>
    <trkpt lat="37.365093" lon="-2.111932"><ele>341.8</ele></trkpt>
    <trkpt lat="37.36517" lon="-2.112391"><ele>340.3</ele></trkpt>
    <trkpt lat="37.365179" lon="-2.112696"><ele>339.4</ele></trkpt>
    <trkpt lat="37.36515" lon="-2.113188"><ele>338.3</ele></trkpt>
    <trkpt lat="37.365115" lon="-2.113518"><ele>338</ele></trkpt>
    <trkpt lat="37.365083" lon="-2.113813"><ele>338.1</ele></trkpt>
    <trkpt lat="37.365018" lon="-2.114382"><ele>339.5</ele></trkpt>
    <trkpt lat="37.365" lon="-2.114529"><ele>340.1</ele></trkpt>
    <trkpt lat="37.36494" lon="-2.115254"><ele>344</ele></trkpt>
    <trkpt lat="37.364952" lon="-2.11567"><ele>346.3</ele></trkpt>
    <trkpt lat="37.36501" lon="-2.116067"><ele>348.4</ele></trkpt>
    <trkpt lat="37.365175" lon="-2.116513"><ele>350.6</ele></trkpt>
    <trkpt lat="37.365581" lon="-2.117272"><ele>353.3</ele></trkpt>
    <trkpt lat="37.365804" lon="-2.117538"><ele>354.1</ele></trkpt>
    <trkpt lat="37.365962" lon="-2.117688"><ele>354.7</ele></trkpt>
    <trkpt lat="37.366238" lon="-2.117929"><ele>355.8</ele></trkpt>
    <trkpt lat="37.366419" lon="-2.118037"><ele>356.6</ele></trkpt>
    <trkpt lat="37.366533" lon="-2.118006"><ele>357</ele></trkpt>
    <trkpt lat="37.366624" lon="-2.1181"><ele>357.4</ele></trkpt>
    <trkpt lat="37.366631" lon="-2.118218"><ele>357.8</ele></trkpt>
    <trkpt lat="37.366701" lon="-2.118329"><ele>358.2</ele></trkpt>
    <trkpt lat="37.367765" lon="-2.119283"><ele>363.1</ele></trkpt>
    <trkpt lat="37.368067" lon="-2.11955"><ele>364.4</ele></trkpt>
    <trkpt lat="37.368852" lon="-2.120393"><ele>367.8</ele></trkpt>
    <trkpt lat="37.369681" lon="-2.121347"><ele>370.7</ele></trkpt>
    <trkpt lat="37.369935" lon="-2.121639"><ele>371.4</ele></trkpt>
    <trkpt lat="37.370245" lon="-2.121995"><ele>372.1</ele></trkpt>
    <trkpt lat="37.37128" lon="-2.12318"><ele>374.2</ele></trkpt>
    <trkpt lat="37.371762" lon="-2.123666"><ele>375</ele></trkpt>
    <trkpt lat="37.37247" lon="-2.124131"><ele>376.1</ele></trkpt>
    <trkpt lat="37.372604" lon="-2.124151"><ele>376.3</ele></trkpt>
    <trkpt lat="37.372629" lon="-2.124125"><ele>376.3</ele></trkpt>
    <trkpt lat="37.372686" lon="-2.124092"><ele>376.4</ele></trkpt>
    <trkpt lat="37.372776" lon="-2.124104"><ele>376.5</ele></trkpt>
    <trkpt lat="37.372844" lon="-2.12418"><ele>376.6</ele></trkpt>
    <trkpt lat="37.372861" lon="-2.124234"><ele>376.6</ele></trkpt>
    <trkpt lat="37.372865" lon="-2.124292"><ele>376.7</ele></trkpt>
    <trkpt lat="37.372854" lon="-2.124348"><ele>376.7</ele></trkpt>
    <trkpt lat="37.372949" lon="-2.124494"><ele>376.8</ele></trkpt>
    <trkpt lat="37.373099" lon="-2.124646"><ele>376.8</ele></trkpt>
    <trkpt lat="37.373335" lon="-2.124934"><ele>376.7</ele></trkpt>
    <trkpt lat="37.373534" lon="-2.125275"><ele>376.4</ele></trkpt>
    <trkpt lat="37.37368" lon="-2.125615"><ele>376.1</ele></trkpt>
    <trkpt lat="37.373893" lon="-2.126351"><ele>375.6</ele></trkpt>
    <trkpt lat="37.37392" lon="-2.126457"><ele>375.6</ele></trkpt>
    <trkpt lat="37.374005" lon="-2.126806"><ele>375.6</ele></trkpt>
    <trkpt lat="37.374034" lon="-2.126908"><ele>375.7</ele></trkpt>
    <trkpt lat="37.374109" lon="-2.127042"><ele>375.8</ele></trkpt>
    <trkpt lat="37.374205" lon="-2.127093"><ele>376</ele></trkpt>
    <trkpt lat="37.374253" lon="-2.127207"><ele>376.1</ele></trkpt>
    <trkpt lat="37.374233" lon="-2.127335"><ele>376.3</ele></trkpt>
    <trkpt lat="37.374199" lon="-2.127385"><ele>376.5</ele></trkpt>
    <trkpt lat="37.374194" lon="-2.127565"><ele>376.8</ele></trkpt>
    <trkpt lat="37.374199" lon="-2.127582"><ele>376.9</ele></trkpt>
    <trkpt lat="37.374378" lon="-2.128176"><ele>378.6</ele></trkpt>
    <trkpt lat="37.374501" lon="-2.128448"><ele>379.6</ele></trkpt>
    <trkpt lat="37.374732" lon="-2.128833"><ele>381.1</ele></trkpt>
    <trkpt lat="37.37483" lon="-2.12894"><ele>381.7</ele></trkpt>
    <trkpt lat="37.375176" lon="-2.129434"><ele>383.8</ele></trkpt>
    <trkpt lat="37.376119" lon="-2.130681"><ele>388.5</ele></trkpt>
    <trkpt lat="37.377402" lon="-2.132383"><ele>393</ele></trkpt>
    <trkpt lat="37.377555" lon="-2.132606"><ele>393.5</ele></trkpt>
    <trkpt lat="37.377716" lon="-2.132728"><ele>393.9</ele></trkpt>
    <trkpt lat="37.377775" lon="-2.132713"><ele>394.1</ele></trkpt>
    <trkpt lat="37.377847" lon="-2.132776"><ele>394.3</ele></trkpt>
    <trkpt lat="37.377848" lon="-2.132886"><ele>394.5</ele></trkpt>
    <trkpt lat="37.377997" lon="-2.133205"><ele>395.3</ele></trkpt>
    <trkpt lat="37.378149" lon="-2.133374"><ele>395.8</ele></trkpt>
    <trkpt lat="37.379472" lon="-2.135129"><ele>402.4</ele></trkpt>
    <trkpt lat="37.379772" lon="-2.135548"><ele>403.8</ele></trkpt>
    <trkpt lat="37.379939" lon="-2.135699"><ele>404.5</ele></trkpt>
    <trkpt lat="37.379967" lon="-2.135701"><ele>404.6</ele></trkpt>
    <trkpt lat="37.38003" lon="-2.13575"><ele>404.8</ele></trkpt>
    <trkpt lat="37.380052" lon="-2.135851"><ele>405.1</ele></trkpt>
    <trkpt lat="37.380045" lon="-2.135883"><ele>405.2</ele></trkpt>
    <trkpt lat="37.380197" lon="-2.136102"><ele>405.9</ele></trkpt>
    <trkpt lat="37.380344" lon="-2.136311"><ele>406.5</ele></trkpt>
    <trkpt lat="37.380871" lon="-2.136992"><ele>407.5</ele></trkpt>
    <trkpt lat="37.38091" lon="-2.137062"><ele>407.5</ele></trkpt>
    <trkpt lat="37.380998" lon="-2.137193"><ele>407.4</ele></trkpt>
    <trkpt lat="37.381079" lon="-2.137345"><ele>407.2</ele></trkpt>
    <trkpt lat="37.381108" lon="-2.137419"><ele>407.1</ele></trkpt>
    <trkpt lat="37.381157" lon="-2.137541"><ele>406.9</ele></trkpt>
    <trkpt lat="37.381246" lon="-2.138076"><ele>405.8</ele></trkpt>
    <trkpt lat="37.381223" lon="-2.138756"><ele>403.5</ele></trkpt>
    <trkpt lat="37.381156" lon="-2.139095"><ele>402</ele></trkpt>
    <trkpt lat="37.381051" lon="-2.139473"><ele>400.5</ele></trkpt>
    <trkpt lat="37.380889" lon="-2.139887"><ele>398.9</ele></trkpt>
    <trkpt lat="37.3807" lon="-2.140234"><ele>397.5</ele></trkpt>
    <trkpt lat="37.379373" lon="-2.141997"><ele>389</ele></trkpt>
    <trkpt lat="37.379117" lon="-2.142508"><ele>387.8</ele></trkpt>
    <trkpt lat="37.378909" lon="-2.143"><ele>387.3</ele></trkpt>
    <trkpt lat="37.378408" lon="-2.14421"><ele>389.8</ele></trkpt>
    <trkpt lat="37.378028" lon="-2.145155"><ele>393.8</ele></trkpt>
    <trkpt lat="37.377861" lon="-2.145559"><ele>395.7</ele></trkpt>
    <trkpt lat="37.377685" lon="-2.14599"><ele>397.3</ele></trkpt>
    <trkpt lat="37.377414" lon="-2.146339"><ele>398.1</ele></trkpt>
    <trkpt lat="37.377382" lon="-2.146366"><ele>398.2</ele></trkpt>
    <trkpt lat="37.377319" lon="-2.146419"><ele>398.2</ele></trkpt>
    <trkpt lat="37.377206" lon="-2.146465"><ele>398.4</ele></trkpt>
    <trkpt lat="37.377078" lon="-2.146452"><ele>398.6</ele></trkpt>
    <trkpt lat="37.37693" lon="-2.146438"><ele>398.8</ele></trkpt>
    <trkpt lat="37.376829" lon="-2.146374"><ele>398.9</ele></trkpt>
    <trkpt lat="37.37682" lon="-2.146368"><ele>398.9</ele></trkpt>
    <trkpt lat="37.376612" lon="-2.146156"><ele>398.8</ele></trkpt>
    <trkpt lat="37.376583" lon="-2.146155"><ele>398.9</ele></trkpt>
    <trkpt lat="37.376454" lon="-2.146148"><ele>398.7</ele></trkpt>
    <trkpt lat="37.376454" lon="-2.146148"><ele>398.7</ele></trkpt>
    <trkpt lat="37.376213" lon="-2.146153"><ele>398.2</ele></trkpt>
    <trkpt lat="37.376213" lon="-2.146153"><ele>398.3</ele></trkpt>
    <trkpt lat="37.375905" lon="-2.146124"><ele>397.6</ele></trkpt>
    <trkpt lat="37.374859" lon="-2.14555"><ele>393.9</ele></trkpt>
    <trkpt lat="37.374383" lon="-2.145303"><ele>391.2</ele></trkpt>
    <trkpt lat="37.373606" lon="-2.144965"><ele>386.8</ele></trkpt>
    <trkpt lat="37.372282" lon="-2.144574"><ele>381.1</ele></trkpt>
    <trkpt lat="37.371616" lon="-2.144306"><ele>378.9</ele></trkpt>
    <trkpt lat="37.370238" lon="-2.143601"><ele>373.4</ele></trkpt>
    <trkpt lat="37.370033" lon="-2.143535"><ele>372.3</ele></trkpt>
    <trkpt lat="37.369777" lon="-2.143523"><ele>370.9</ele></trkpt>
    <trkpt lat="37.369577" lon="-2.143579"><ele>369.7</ele></trkpt>
    <trkpt lat="37.369374" lon="-2.143727"><ele>368.4</ele></trkpt>
    <trkpt lat="37.369395" lon="-2.143831"><ele>367.9</ele></trkpt>
    <trkpt lat="37.369387" lon="-2.143915"><ele>367.6</ele></trkpt>
    <trkpt lat="37.369311" lon="-2.144055"><ele>366.9</ele></trkpt>
    <trkpt lat="37.369251" lon="-2.144095"><ele>366.5</ele></trkpt>
    <trkpt lat="37.369184" lon="-2.14411"><ele>366.2</ele></trkpt>
    <trkpt lat="37.369056" lon="-2.144061"><ele>365.7</ele></trkpt>
    <trkpt lat="37.368818" lon="-2.14441"><ele>364.4</ele></trkpt>
    <trkpt lat="37.368619" lon="-2.144579"><ele>363.9</ele></trkpt>
    <trkpt lat="37.368127" lon="-2.144858"><ele>363.8</ele></trkpt>
    <trkpt lat="37.368171" lon="-2.145001"><ele>363.9</ele></trkpt>
    <trkpt lat="37.368184" lon="-2.145229"><ele>364.1</ele></trkpt>
    <trkpt lat="37.368139" lon="-2.145474"><ele>364.3</ele></trkpt>
    <trkpt lat="37.368037" lon="-2.14569"><ele>364.4</ele></trkpt>
    <trkpt lat="37.367886" lon="-2.145856"><ele>364.3</ele></trkpt>
    <trkpt lat="37.367703" lon="-2.145956"><ele>364.3</ele></trkpt>
    <trkpt lat="37.367504" lon="-2.14598"><ele>364.2</ele></trkpt>
    <trkpt lat="37.367309" lon="-2.145927"><ele>364.3</ele></trkpt>
    <trkpt lat="37.367136" lon="-2.1458"><ele>364.3</ele></trkpt>
    <trkpt lat="37.367035" lon="-2.145671"><ele>364.2</ele></trkpt>
    <trkpt lat="37.366959" lon="-2.145515"><ele>364.1</ele></trkpt>
    <trkpt lat="37.366721" lon="-2.145638"><ele>363.9</ele></trkpt>
    <trkpt lat="37.366447" lon="-2.145642"><ele>363.4</ele></trkpt>
    <trkpt lat="37.366301" lon="-2.145567"><ele>363.1</ele></trkpt>
    <trkpt lat="37.366241" lon="-2.145535"><ele>363</ele></trkpt>
    <trkpt lat="37.366084" lon="-2.145378"><ele>362.7</ele></trkpt>
    <trkpt lat="37.365965" lon="-2.145063"><ele>362.3</ele></trkpt>
    <trkpt lat="37.365796" lon="-2.144391"><ele>360.9</ele></trkpt>
    <trkpt lat="37.365681" lon="-2.144127"><ele>360.1</ele></trkpt>
    <trkpt lat="37.365561" lon="-2.143938"><ele>359.3</ele></trkpt>
    <trkpt lat="37.36531" lon="-2.143696"><ele>358</ele></trkpt>
    <trkpt lat="37.36516" lon="-2.143614"><ele>357.3</ele></trkpt>
    <trkpt lat="37.364918" lon="-2.143512"><ele>356.3</ele></trkpt>
    <trkpt lat="37.364432" lon="-2.143422"><ele>354.5</ele></trkpt>
    <trkpt lat="37.364075" lon="-2.143289"><ele>353.3</ele></trkpt>
    <trkpt lat="37.363741" lon="-2.143065"><ele>352.4</ele></trkpt>
    <trkpt lat="37.363421" lon="-2.142717"><ele>351.7</ele></trkpt>
    <trkpt lat="37.363315" lon="-2.142559"><ele>351.6</ele></trkpt>
    <trkpt lat="37.363181" lon="-2.142287"><ele>351.4</ele></trkpt>
    <trkpt lat="37.363102" lon="-2.142048"><ele>351.4</ele></trkpt>
    <trkpt lat="37.362871" lon="-2.140681"><ele>351.1</ele></trkpt>
    <trkpt lat="37.362642" lon="-2.140122"><ele>350.5</ele></trkpt>
    <trkpt lat="37.362541" lon="-2.139978"><ele>350.2</ele></trkpt>
    <trkpt lat="37.362438" lon="-2.139888"><ele>350</ele></trkpt>
    <trkpt lat="37.362299" lon="-2.139817"><ele>349.8</ele></trkpt>
    <trkpt lat="37.361866" lon="-2.13976"><ele>349.2</ele></trkpt>
    <trkpt lat="37.361479" lon="-2.139751"><ele>349.1</ele></trkpt>
    <trkpt lat="37.360779" lon="-2.139813"><ele>350.9</ele></trkpt>
    <trkpt lat="37.360232" lon="-2.139823"><ele>353.5</ele></trkpt>
    <trkpt lat="37.359782" lon="-2.139732"><ele>355.3</ele></trkpt>
    <trkpt lat="37.359609" lon="-2.139673"><ele>355.7</ele></trkpt>
    <trkpt lat="37.359464" lon="-2.13959"><ele>355.8</ele></trkpt>
    <trkpt lat="37.359281" lon="-2.139426"><ele>355.5</ele></trkpt>
    <trkpt lat="37.359185" lon="-2.139381"><ele>355.3</ele></trkpt>
    <trkpt lat="37.358759" lon="-2.139341"><ele>353.1</ele></trkpt>
    <trkpt lat="37.358473" lon="-2.139225"><ele>350.7</ele></trkpt>
    <trkpt lat="37.358002" lon="-2.138651"><ele>344.8</ele></trkpt>
    <trkpt lat="37.357788" lon="-2.138526"><ele>342.9</ele></trkpt>
    <trkpt lat="37.357481" lon="-2.138488"><ele>341</ele></trkpt>
    <trkpt lat="37.357122" lon="-2.13855"><ele>340</ele></trkpt>
    <trkpt lat="37.356553" lon="-2.138657"><ele>340.9</ele></trkpt>
    <trkpt lat="37.356398" lon="-2.138735"><ele>341.5</ele></trkpt>
    <trkpt lat="37.356053" lon="-2.139019"><ele>343.3</ele></trkpt>
    <trkpt lat="37.35595" lon="-2.13906"><ele>343.8</ele></trkpt>
    <trkpt lat="37.355772" lon="-2.139035"><ele>344.5</ele></trkpt>
    <trkpt lat="37.355475" lon="-2.138891"><ele>345.6</ele></trkpt>
    <trkpt lat="37.355309" lon="-2.138743"><ele>346.1</ele></trkpt>
    <trkpt lat="37.354942" lon="-2.13815"><ele>346.2</ele></trkpt>
    <trkpt lat="37.354848" lon="-2.138059"><ele>346.1</ele></trkpt>
    <trkpt lat="37.354183" lon="-2.1376"><ele>345.6</ele></trkpt>
    <trkpt lat="37.35377" lon="-2.137396"><ele>345.6</ele></trkpt>
    <trkpt lat="37.353426" lon="-2.137289"><ele>345.7</ele></trkpt>
    <trkpt lat="37.353339" lon="-2.137246"><ele>345.7</ele></trkpt>
    <trkpt lat="37.353189" lon="-2.137117"><ele>345.8</ele></trkpt>
    <trkpt lat="37.352614" lon="-2.136286"><ele>345.2</ele></trkpt>
    <trkpt lat="37.352181" lon="-2.135848"><ele>344.5</ele></trkpt>
    <trkpt lat="37.351974" lon="-2.135685"><ele>344.3</ele></trkpt>
    <trkpt lat="37.351884" lon="-2.135656"><ele>344.3</ele></trkpt>
    <trkpt lat="37.351708" lon="-2.135677"><ele>344.2</ele></trkpt>
    <trkpt lat="37.351156" lon="-2.13594"><ele>344.1</ele></trkpt>
    <trkpt lat="37.350254" lon="-2.136369"><ele>342.4</ele></trkpt>
    <trkpt lat="37.350079" lon="-2.136286"><ele>341.6</ele></trkpt>
    <trkpt lat="37.34991" lon="-2.136111"><ele>340.6</ele></trkpt>
    <trkpt lat="37.349589" lon="-2.135721"><ele>338.2</ele></trkpt>
    <trkpt lat="37.349277" lon="-2.135342"><ele>335.9</ele></trkpt>
    <trkpt lat="37.349162" lon="-2.135197"><ele>335.1</ele></trkpt>
    <trkpt lat="37.349149" lon="-2.135178"><ele>335</ele></trkpt>
    <trkpt lat="37.349085" lon="-2.135084"><ele>334.7</ele></trkpt>
    <trkpt lat="37.348999" lon="-2.134753"><ele>333.9</ele></trkpt>
    <trkpt lat="37.348934" lon="-2.134703"><ele>333.7</ele></trkpt>
    <trkpt lat="37.348776" lon="-2.134626"><ele>333.4</ele></trkpt>
    <trkpt lat="37.34859" lon="-2.134778"><ele>333.1</ele></trkpt>
    <trkpt lat="37.348589" lon="-2.134779"><ele>333.1</ele></trkpt>
    <trkpt lat="37.348291" lon="-2.135179"><ele>332.7</ele></trkpt>
    <trkpt lat="37.348166" lon="-2.135387"><ele>332.6</ele></trkpt>
    <trkpt lat="37.348071" lon="-2.13555"><ele>332.6</ele></trkpt>
    <trkpt lat="37.347944" lon="-2.135768"><ele>332.6</ele></trkpt>
    <trkpt lat="37.347435" lon="-2.13666"><ele>332.5</ele></trkpt>
    <trkpt lat="37.346457" lon="-2.138328"><ele>332.7</ele></trkpt>
    <trkpt lat="37.346315" lon="-2.138568"><ele>332.7</ele></trkpt>
    <trkpt lat="37.34607" lon="-2.13895"><ele>332.6</ele></trkpt>
    <trkpt lat="37.345957" lon="-2.139183"><ele>332.4</ele></trkpt>
    <trkpt lat="37.345776" lon="-2.139702"><ele>332</ele></trkpt>
    <trkpt lat="37.345648" lon="-2.140162"><ele>331.7</ele></trkpt>
    <trkpt lat="37.345607" lon="-2.140438"><ele>331.6</ele></trkpt>
    <trkpt lat="37.345623" lon="-2.140798"><ele>331.5</ele></trkpt>
    <trkpt lat="37.345746" lon="-2.142398"><ele>331.2</ele></trkpt>
    <trkpt lat="37.345862" lon="-2.143067"><ele>330.8</ele></trkpt>
    <trkpt lat="37.345918" lon="-2.143381"><ele>330.5</ele></trkpt>
    <trkpt lat="37.345925" lon="-2.144204"><ele>329</ele></trkpt>
    <trkpt lat="37.346055" lon="-2.144834"><ele>327.4</ele></trkpt>
    <trkpt lat="37.346277" lon="-2.145199"><ele>326.2</ele></trkpt>
    <trkpt lat="37.346367" lon="-2.145276"><ele>325.9</ele></trkpt>
    <trkpt lat="37.346838" lon="-2.145577"><ele>324.7</ele></trkpt>
    <trkpt lat="37.347518" lon="-2.145926"><ele>324.3</ele></trkpt>
    <trkpt lat="37.347578" lon="-2.146122"><ele>324.4</ele></trkpt>
    <trkpt lat="37.347558" lon="-2.146832"><ele>325.6</ele></trkpt>
    <trkpt lat="37.347631" lon="-2.147549"><ele>327.3</ele></trkpt>
    <trkpt lat="37.347637" lon="-2.148018"><ele>328.7</ele></trkpt>
    <trkpt lat="37.347708" lon="-2.1482"><ele>329.4</ele></trkpt>
    <trkpt lat="37.347865" lon="-2.148407"><ele>330.4</ele></trkpt>
    <trkpt lat="37.348377" lon="-2.149686"><ele>333.9</ele></trkpt>
    <trkpt lat="37.348408" lon="-2.149904"><ele>334.4</ele></trkpt>
    <trkpt lat="37.348488" lon="-2.150539"><ele>335.8</ele></trkpt>
    <trkpt lat="37.348912" lon="-2.15196"><ele>340</ele></trkpt>
    <trkpt lat="37.34894" lon="-2.152113"><ele>340.5</ele></trkpt>
    <trkpt lat="37.348955" lon="-2.1525"><ele>341.8</ele></trkpt>
    <trkpt lat="37.34913" lon="-2.153017"><ele>343.9</ele></trkpt>
    <trkpt lat="37.349153" lon="-2.153194"><ele>344.6</ele></trkpt>
    <trkpt lat="37.349147" lon="-2.153544"><ele>346</ele></trkpt>
    <trkpt lat="37.349058" lon="-2.154162"><ele>348.4</ele></trkpt>
    <trkpt lat="37.348785" lon="-2.15537"><ele>351.7</ele></trkpt>
    <trkpt lat="37.348652" lon="-2.155759"><ele>352.3</ele></trkpt>
    <trkpt lat="37.348505" lon="-2.156097"><ele>352.8</ele></trkpt>
    <trkpt lat="37.348336" lon="-2.156607"><ele>353.6</ele></trkpt>
    <trkpt lat="37.348202" lon="-2.156741"><ele>354</ele></trkpt>
    <trkpt lat="37.347968" lon="-2.15681"><ele>354.6</ele></trkpt>
    <trkpt lat="37.347695" lon="-2.156818"><ele>355.5</ele></trkpt>
    <trkpt lat="37.347573" lon="-2.156848"><ele>355.9</ele></trkpt>
    <trkpt lat="37.347338" lon="-2.156971"><ele>356.8</ele></trkpt>
    <trkpt lat="37.346934" lon="-2.157352"><ele>358.6</ele></trkpt>
    <trkpt lat="37.346558" lon="-2.157805"><ele>359.3</ele></trkpt>
    <trkpt lat="37.346413" lon="-2.158036"><ele>359.3</ele></trkpt>
    <trkpt lat="37.346369" lon="-2.158124"><ele>359.3</ele></trkpt>
    <trkpt lat="37.346157" lon="-2.158865"><ele>358.8</ele></trkpt>
    <trkpt lat="37.345989" lon="-2.159562"><ele>357.6</ele></trkpt>
    <trkpt lat="37.345855" lon="-2.159882"><ele>356.8</ele></trkpt>
    <trkpt lat="37.345548" lon="-2.160742"><ele>354.6</ele></trkpt>
    <trkpt lat="37.345289" lon="-2.161225"><ele>353.9</ele></trkpt>
    <trkpt lat="37.345206" lon="-2.161443"><ele>354</ele></trkpt>
    <trkpt lat="37.345174" lon="-2.161532"><ele>354</ele></trkpt>
    <trkpt lat="37.345053" lon="-2.161923"><ele>354.4</ele></trkpt>
    <trkpt lat="37.345025" lon="-2.162025"><ele>354.5</ele></trkpt>
    <trkpt lat="37.344968" lon="-2.162343"><ele>355.3</ele></trkpt>
    <trkpt lat="37.344985" lon="-2.162579"><ele>356</ele></trkpt>
    <trkpt lat="37.345068" lon="-2.162831"><ele>357</ele></trkpt>
    <trkpt lat="37.345185" lon="-2.163041"><ele>358.1</ele></trkpt>
    <trkpt lat="37.345211" lon="-2.163213"><ele>358.8</ele></trkpt>
    <trkpt lat="37.345175" lon="-2.16347"><ele>360</ele></trkpt>
    <trkpt lat="37.344995" lon="-2.163923"><ele>361.5</ele></trkpt>
    <trkpt lat="37.344972" lon="-2.16405"><ele>361.8</ele></trkpt>
    <trkpt lat="37.344886" lon="-2.16482"><ele>363.4</ele></trkpt>
    <trkpt lat="37.34475" lon="-2.165743"><ele>364.8</ele></trkpt>
    <trkpt lat="37.344565" lon="-2.167276"><ele>365.8</ele></trkpt>
    <trkpt lat="37.344554" lon="-2.167445"><ele>365.6</ele></trkpt>
    <trkpt lat="37.344586" lon="-2.16774"><ele>365.1</ele></trkpt>
    <trkpt lat="37.344729" lon="-2.168182"><ele>363.9</ele></trkpt>
    <trkpt lat="37.345219" lon="-2.169103"><ele>361.5</ele></trkpt>
    <trkpt lat="37.345369" lon="-2.16936"><ele>361.6</ele></trkpt>
    <trkpt lat="37.345311" lon="-2.169443"><ele>361.7</ele></trkpt>
    <trkpt lat="37.345216" lon="-2.169513"><ele>361.9</ele></trkpt>
    <trkpt lat="37.345104" lon="-2.16958"><ele>362.1</ele></trkpt>
    <trkpt lat="37.344843" lon="-2.169661"><ele>362.7</ele></trkpt>
    <trkpt lat="37.344735" lon="-2.169666"><ele>363.1</ele></trkpt>
    <trkpt lat="37.344664" lon="-2.169623"><ele>363.4</ele></trkpt>
    <trkpt lat="37.344633" lon="-2.16954"><ele>363.7</ele></trkpt>
    <trkpt lat="37.344569" lon="-2.169057"><ele>365.7</ele></trkpt>
    <trkpt lat="37.344496" lon="-2.168733"><ele>367.3</ele></trkpt>
    <trkpt lat="37.344466" lon="-2.168693"><ele>367.6</ele></trkpt>
    <trkpt lat="37.344345" lon="-2.168105"><ele>370.3</ele></trkpt>
    <trkpt lat="37.344222" lon="-2.167297"><ele>374.4</ele></trkpt>
    <trkpt lat="37.344066" lon="-2.166525"><ele>378.6</ele></trkpt>
    <trkpt lat="37.344047" lon="-2.166053"><ele>380.7</ele></trkpt>
    <trkpt lat="37.344359" lon="-2.163942"><ele>383.8</ele></trkpt>
    <trkpt lat="37.344403" lon="-2.163534"><ele>383.9</ele></trkpt>
    <trkpt lat="37.344396" lon="-2.163403"><ele>383.9</ele></trkpt>
    <trkpt lat="37.344328" lon="-2.163164"><ele>384.2</ele></trkpt>
    <trkpt lat="37.344256" lon="-2.163046"><ele>384.4</ele></trkpt>
    <trkpt lat="37.3441" lon="-2.162925"><ele>385</ele></trkpt>
    <trkpt lat="37.34397" lon="-2.16288"><ele>385.6</ele></trkpt>
    <trkpt lat="37.343224" lon="-2.162831"><ele>391.2</ele></trkpt>
    <trkpt lat="37.343125" lon="-2.162861"><ele>392.3</ele></trkpt>
    <trkpt lat="37.342968" lon="-2.162965"><ele>394.1</ele></trkpt>
    <trkpt lat="37.342786" lon="-2.163191"><ele>396.8</ele></trkpt>
    <trkpt lat="37.34256" lon="-2.163371"><ele>399.2</ele></trkpt>
    <trkpt lat="37.342334" lon="-2.163451"><ele>401.1</ele></trkpt>
    <trkpt lat="37.342211" lon="-2.163454"><ele>401.9</ele></trkpt>
    <trkpt lat="37.341976" lon="-2.163397"><ele>403.2</ele></trkpt>
    <trkpt lat="37.341739" lon="-2.163228"><ele>403.8</ele></trkpt>
    <trkpt lat="37.341539" lon="-2.163038"><ele>404</ele></trkpt>
    <trkpt lat="37.341385" lon="-2.162949"><ele>403.9</ele></trkpt>
    <trkpt lat="37.341313" lon="-2.16292"><ele>403.8</ele></trkpt>
    <trkpt lat="37.3411" lon="-2.162925"><ele>403.5</ele></trkpt>
    <trkpt lat="37.340923" lon="-2.163016"><ele>403.2</ele></trkpt>
    <trkpt lat="37.340778" lon="-2.163167"><ele>403</ele></trkpt>
    <trkpt lat="37.339957" lon="-2.164489"><ele>403.6</ele></trkpt>
    <trkpt lat="37.339875" lon="-2.164602"><ele>404</ele></trkpt>
    <trkpt lat="37.339688" lon="-2.164763"><ele>404.7</ele></trkpt>
    <trkpt lat="37.339467" lon="-2.164852"><ele>405.5</ele></trkpt>
    <trkpt lat="37.339246" lon="-2.164859"><ele>406.5</ele></trkpt>
    <trkpt lat="37.339146" lon="-2.164835"><ele>407</ele></trkpt>
    <trkpt lat="37.339053" lon="-2.164806"><ele>407.6</ele></trkpt>
    <trkpt lat="37.338867" lon="-2.16469"><ele>408.8</ele></trkpt>
    <trkpt lat="37.338624" lon="-2.164436"><ele>411</ele></trkpt>
    <trkpt lat="37.338169" lon="-2.163915"><ele>416.5</ele></trkpt>
    <trkpt lat="37.337909" lon="-2.163676"><ele>419.7</ele></trkpt>
    <trkpt lat="37.337667" lon="-2.163516"><ele>422.3</ele></trkpt>
    <trkpt lat="37.337376" lon="-2.163408"><ele>425.1</ele></trkpt>
    <trkpt lat="37.337221" lon="-2.163371"><ele>426.4</ele></trkpt>
    <trkpt lat="37.336335" lon="-2.163352"><ele>432.2</ele></trkpt>
    <trkpt lat="37.335995" lon="-2.163285"><ele>433.2</ele></trkpt>
    <trkpt lat="37.335916" lon="-2.163263"><ele>433.3</ele></trkpt>
    <trkpt lat="37.335493" lon="-2.16311"><ele>433.8</ele></trkpt>
    <trkpt lat="37.334973" lon="-2.162842"><ele>434</ele></trkpt>
    <trkpt lat="37.334762" lon="-2.162784"><ele>434</ele></trkpt>
    <trkpt lat="37.334127" lon="-2.16277"><ele>434.4</ele></trkpt>
    <trkpt lat="37.333583" lon="-2.162862"><ele>435.5</ele></trkpt>
    <trkpt lat="37.333405" lon="-2.162864"><ele>436</ele></trkpt>
    <trkpt lat="37.333277" lon="-2.162861"><ele>436.5</ele></trkpt>
    <trkpt lat="37.333048" lon="-2.162787"><ele>437.4</ele></trkpt>
    <trkpt lat="37.33286" lon="-2.16265"><ele>438.4</ele></trkpt>
    <trkpt lat="37.332689" lon="-2.162451"><ele>439.6</ele></trkpt>
    <trkpt lat="37.331639" lon="-2.160994"><ele>448.3</ele></trkpt>
    <trkpt lat="37.331445" lon="-2.160788"><ele>449.7</ele></trkpt>
    <trkpt lat="37.33128" lon="-2.160665"><ele>450.6</ele></trkpt>
    <trkpt lat="37.331074" lon="-2.160533"><ele>451.8</ele></trkpt>
    <trkpt lat="37.330936" lon="-2.160477"><ele>452.5</ele></trkpt>
    <trkpt lat="37.330663" lon="-2.160417"><ele>454</ele></trkpt>
    <trkpt lat="37.33025" lon="-2.160426"><ele>456.2</ele></trkpt>
    <trkpt lat="37.328714" lon="-2.160547"><ele>465.1</ele></trkpt>
    <trkpt lat="37.328348" lon="-2.160621"><ele>467</ele></trkpt>
    <trkpt lat="37.328125" lon="-2.160758"><ele>468.4</ele></trkpt>
    <trkpt lat="37.32795" lon="-2.160954"><ele>469.7</ele></trkpt>
    <trkpt lat="37.327879" lon="-2.161072"><ele>470.3</ele></trkpt>
    <trkpt lat="37.327754" lon="-2.161381"><ele>472</ele></trkpt>
    <trkpt lat="37.327658" lon="-2.16197"><ele>475</ele></trkpt>
    <trkpt lat="37.327581" lon="-2.162215"><ele>476.5</ele></trkpt>
    <trkpt lat="37.327433" lon="-2.162413"><ele>478.1</ele></trkpt>
    <trkpt lat="37.327229" lon="-2.162555"><ele>479.6</ele></trkpt>
    <trkpt lat="37.327129" lon="-2.162577"><ele>480.2</ele></trkpt>
    <trkpt lat="37.32696" lon="-2.162561"><ele>481</ele></trkpt>
    <trkpt lat="37.326816" lon="-2.162486"><ele>481.6</ele></trkpt>
    <trkpt lat="37.326428" lon="-2.162215"><ele>482.1</ele></trkpt>
    <trkpt lat="37.326197" lon="-2.162172"><ele>481.9</ele></trkpt>
    <trkpt lat="37.326009" lon="-2.162198"><ele>481.5</ele></trkpt>
    <trkpt lat="37.32568" lon="-2.162357"><ele>480.5</ele></trkpt>
    <trkpt lat="37.325052" lon="-2.162789"><ele>477.6</ele></trkpt>
    <trkpt lat="37.324706" lon="-2.162931"><ele>475.9</ele></trkpt>
    <trkpt lat="37.324416" lon="-2.162988"><ele>474.9</ele></trkpt>
    <trkpt lat="37.324267" lon="-2.163047"><ele>474.4</ele></trkpt>
    <trkpt lat="37.323923" lon="-2.163253"><ele>473.7</ele></trkpt>
    <trkpt lat="37.323778" lon="-2.163408"><ele>473.5</ele></trkpt>
    <trkpt lat="37.323541" lon="-2.163843"><ele>473.2</ele></trkpt>
    <trkpt lat="37.323481" lon="-2.164055"><ele>473.2</ele></trkpt>
    <trkpt lat="37.323" lon="-2.166386"><ele>477.5</ele></trkpt>
    <trkpt lat="37.322874" lon="-2.166799"><ele>479.2</ele></trkpt>
    <trkpt lat="37.322682" lon="-2.167105"><ele>481.2</ele></trkpt>
    <trkpt lat="37.321589" lon="-2.168569"><ele>497.7</ele></trkpt>
    <trkpt lat="37.321385" lon="-2.168813"><ele>500.4</ele></trkpt>
    <trkpt lat="37.321214" lon="-2.168968"><ele>502</ele></trkpt>
    <trkpt lat="37.321095" lon="-2.169041"><ele>502.8</ele></trkpt>
    <trkpt lat="37.321005" lon="-2.169065"><ele>503.3</ele></trkpt>
    <trkpt lat="37.320804" lon="-2.169068"><ele>504</ele></trkpt>
    <trkpt lat="37.320462" lon="-2.168953"><ele>504.4</ele></trkpt>
    <trkpt lat="37.319518" lon="-2.168542"><ele>500.1</ele></trkpt>
    <trkpt lat="37.319431" lon="-2.168518"><ele>499.5</ele></trkpt>
    <trkpt lat="37.319245" lon="-2.168528"><ele>498.3</ele></trkpt>
    <trkpt lat="37.319128" lon="-2.168582"><ele>497.6</ele></trkpt>
    <trkpt lat="37.318981" lon="-2.168701"><ele>496.7</ele></trkpt>
    <trkpt lat="37.318853" lon="-2.168917"><ele>495.7</ele></trkpt>
    <trkpt lat="37.318808" lon="-2.169097"><ele>495.1</ele></trkpt>
    <trkpt lat="37.318767" lon="-2.16955"><ele>494.2</ele></trkpt>
    <trkpt lat="37.318713" lon="-2.169831"><ele>494</ele></trkpt>
    <trkpt lat="37.318649" lon="-2.170058"><ele>493.9</ele></trkpt>
    <trkpt lat="37.318544" lon="-2.170255"><ele>494</ele></trkpt>
    <trkpt lat="37.318411" lon="-2.170431"><ele>494.1</ele></trkpt>
    <trkpt lat="37.318275" lon="-2.170554"><ele>494.1</ele></trkpt>
    <trkpt lat="37.31806" lon="-2.170682"><ele>493.9</ele></trkpt>
    <trkpt lat="37.317771" lon="-2.170744"><ele>493.4</ele></trkpt>
    <trkpt lat="37.317394" lon="-2.170679"><ele>492.3</ele></trkpt>
    <trkpt lat="37.316888" lon="-2.170484"><ele>489.9</ele></trkpt>
    <trkpt lat="37.316651" lon="-2.170449"><ele>488.8</ele></trkpt>
    <trkpt lat="37.316508" lon="-2.170468"><ele>488.1</ele></trkpt>
    <trkpt lat="37.316257" lon="-2.170556"><ele>487</ele></trkpt>
    <trkpt lat="37.315762" lon="-2.17094"><ele>485.4</ele></trkpt>
    <trkpt lat="37.315651" lon="-2.170999"><ele>485.1</ele></trkpt>
    <trkpt lat="37.315361" lon="-2.171075"><ele>484.4</ele></trkpt>
    <trkpt lat="37.314972" lon="-2.171085"><ele>483.5</ele></trkpt>
    <trkpt lat="37.314845" lon="-2.17112"><ele>483.1</ele></trkpt>
    <trkpt lat="37.314736" lon="-2.171186"><ele>482.9</ele></trkpt>
    <trkpt lat="37.314571" lon="-2.17138"><ele>482.4</ele></trkpt>
    <trkpt lat="37.314522" lon="-2.171492"><ele>482.2</ele></trkpt>
    <trkpt lat="37.314388" lon="-2.172112"><ele>480.8</ele></trkpt>
    <trkpt lat="37.314276" lon="-2.172343"><ele>480</ele></trkpt>
    <trkpt lat="37.313838" lon="-2.17277"><ele>478.6</ele></trkpt>
    <trkpt lat="37.313772" lon="-2.172858"><ele>478.4</ele></trkpt>
    <trkpt lat="37.313675" lon="-2.173085"><ele>477.9</ele></trkpt>
    <trkpt lat="37.313635" lon="-2.173359"><ele>477.4</ele></trkpt>
    <trkpt lat="37.313667" lon="-2.173643"><ele>476.9</ele></trkpt>
    <trkpt lat="37.313882" lon="-2.174193"><ele>475.7</ele></trkpt>
    <trkpt lat="37.313947" lon="-2.174537"><ele>475.2</ele></trkpt>
    <trkpt lat="37.313946" lon="-2.174826"><ele>474.7</ele></trkpt>
    <trkpt lat="37.313848" lon="-2.175186"><ele>474</ele></trkpt>
    <trkpt lat="37.313768" lon="-2.175355"><ele>473.7</ele></trkpt>
    <trkpt lat="37.31356" lon="-2.175668"><ele>472.7</ele></trkpt>
    <trkpt lat="37.313036" lon="-2.17638"><ele>468.2</ele></trkpt>
    <trkpt lat="37.312694" lon="-2.176744"><ele>464.3</ele></trkpt>
    <trkpt lat="37.312421" lon="-2.176959"><ele>461.5</ele></trkpt>
    <trkpt lat="37.31226" lon="-2.177067"><ele>460.1</ele></trkpt>
    <trkpt lat="37.311913" lon="-2.177229"><ele>458.2</ele></trkpt>
    <trkpt lat="37.31149" lon="-2.177316"><ele>458</ele></trkpt>
    <trkpt lat="37.311248" lon="-2.177332"><ele>458.6</ele></trkpt>
    <trkpt lat="37.310854" lon="-2.177308"><ele>460.3</ele></trkpt>
    <trkpt lat="37.310431" lon="-2.177208"><ele>462.7</ele></trkpt>
    <trkpt lat="37.309236" lon="-2.176645"><ele>464.9</ele></trkpt>
    <trkpt lat="37.308995" lon="-2.176484"><ele>463.8</ele></trkpt>
    <trkpt lat="37.308822" lon="-2.176261"><ele>462.4</ele></trkpt>
    <trkpt lat="37.308752" lon="-2.176103"><ele>461.4</ele></trkpt>
    <trkpt lat="37.30865" lon="-2.175506"><ele>456.2</ele></trkpt>
    <trkpt lat="37.308455" lon="-2.175156"><ele>451.7</ele></trkpt>
    <trkpt lat="37.308299" lon="-2.175003"><ele>449.1</ele></trkpt>
    <trkpt lat="37.308124" lon="-2.17494"><ele>446.4</ele></trkpt>
    <trkpt lat="37.30812" lon="-2.174939"><ele>446.4</ele></trkpt>
    <trkpt lat="37.307918" lon="-2.174939"><ele>443.5</ele></trkpt>
    <trkpt lat="37.307764" lon="-2.175003"><ele>441.2</ele></trkpt>
    <trkpt lat="37.307676" lon="-2.175065"><ele>439.8</ele></trkpt>
    <trkpt lat="37.307423" lon="-2.175448"><ele>434.6</ele></trkpt>
    <trkpt lat="37.307258" lon="-2.175628"><ele>432</ele></trkpt>
    <trkpt lat="37.30617" lon="-2.177439"><ele>421.3</ele></trkpt>
    <trkpt lat="37.305983" lon="-2.177834"><ele>421</ele></trkpt>
    <trkpt lat="37.30591" lon="-2.178053"><ele>421.2</ele></trkpt>
    <trkpt lat="37.305818" lon="-2.178469"><ele>422</ele></trkpt>
    <trkpt lat="37.305748" lon="-2.179085"><ele>424.4</ele></trkpt>
    <trkpt lat="37.305656" lon="-2.179649"><ele>427.2</ele></trkpt>
    <trkpt lat="37.30543" lon="-2.180325"><ele>431.1</ele></trkpt>
    <trkpt lat="37.305033" lon="-2.181392"><ele>435.9</ele></trkpt>
    <trkpt lat="37.304833" lon="-2.182052"><ele>437.8</ele></trkpt>
    <trkpt lat="37.304771" lon="-2.182326"><ele>438.4</ele></trkpt>
    <trkpt lat="37.30466" lon="-2.183002"><ele>439.8</ele></trkpt>
    <trkpt lat="37.304517" lon="-2.184659"><ele>446.3</ele></trkpt>
    <trkpt lat="37.30447" lon="-2.184946"><ele>448.5</ele></trkpt>
    <trkpt lat="37.304336" lon="-2.185362"><ele>452.3</ele></trkpt>
    <trkpt lat="37.30419" lon="-2.185627"><ele>455.2</ele></trkpt>
    <trkpt lat="37.304056" lon="-2.185823"><ele>457.4</ele></trkpt>
    <trkpt lat="37.303898" lon="-2.185987"><ele>459.4</ele></trkpt>
    <trkpt lat="37.303781" lon="-2.186091"><ele>460.7</ele></trkpt>
    <trkpt lat="37.303391" lon="-2.186296"><ele>463.6</ele></trkpt>
    <trkpt lat="37.303105" lon="-2.186358"><ele>464.6</ele></trkpt>
    <trkpt lat="37.3019" lon="-2.186291"><ele>461.9</ele></trkpt>
    <trkpt lat="37.301405" lon="-2.186224"><ele>459.7</ele></trkpt>
    <trkpt lat="37.30101" lon="-2.186114"><ele>458.2</ele></trkpt>
    <trkpt lat="37.300679" lon="-2.185974"><ele>457</ele></trkpt>
    <trkpt lat="37.300265" lon="-2.185732"><ele>455.3</ele></trkpt>
    <trkpt lat="37.299814" lon="-2.18537"><ele>452.5</ele></trkpt>
    <trkpt lat="37.299475" lon="-2.185"><ele>449</ele></trkpt>
    <trkpt lat="37.298713" lon="-2.184021"><ele>439.5</ele></trkpt>
    <trkpt lat="37.298431" lon="-2.183735"><ele>438</ele></trkpt>
    <trkpt lat="37.297784" lon="-2.183252"><ele>439</ele></trkpt>
    <trkpt lat="37.297453" lon="-2.183024"><ele>441</ele></trkpt>
    <trkpt lat="37.295849" lon="-2.181846"><ele>446.4</ele></trkpt>
    <trkpt lat="37.295678" lon="-2.181677"><ele>446</ele></trkpt>
    <trkpt lat="37.295349" lon="-2.181186"><ele>444.6</ele></trkpt>
    <trkpt lat="37.295255" lon="-2.181081"><ele>444.2</ele></trkpt>
    <trkpt lat="37.295129" lon="-2.181003"><ele>443.7</ele></trkpt>
    <trkpt lat="37.294898" lon="-2.180888"><ele>443.1</ele></trkpt>
    <trkpt lat="37.294549" lon="-2.180857"><ele>442.5</ele></trkpt>
    <trkpt lat="37.294496" lon="-2.180859"><ele>442.5</ele></trkpt>
    <trkpt lat="37.294191" lon="-2.180877"><ele>442.5</ele></trkpt>
    <trkpt lat="37.293365" lon="-2.180929"><ele>444.5</ele></trkpt>
    <trkpt lat="37.293135" lon="-2.180937"><ele>445.5</ele></trkpt>
    <trkpt lat="37.292797" lon="-2.180966"><ele>446.9</ele></trkpt>
    <trkpt lat="37.292067" lon="-2.181094"><ele>449.6</ele></trkpt>
    <trkpt lat="37.290717" lon="-2.181031"><ele>453.6</ele></trkpt>
    <trkpt lat="37.290369" lon="-2.180919"><ele>454.4</ele></trkpt>
    <trkpt lat="37.289651" lon="-2.180651"><ele>455.5</ele></trkpt>
    <trkpt lat="37.289167" lon="-2.180491"><ele>457</ele></trkpt>
    <trkpt lat="37.289046" lon="-2.180484"><ele>457.4</ele></trkpt>
    <trkpt lat="37.288853" lon="-2.180569"><ele>458</ele></trkpt>
    <trkpt lat="37.288677" lon="-2.180779"><ele>458.7</ele></trkpt>
    <trkpt lat="37.288446" lon="-2.181078"><ele>459.5</ele></trkpt>
    <trkpt lat="37.288382" lon="-2.181176"><ele>459.9</ele></trkpt>
    <trkpt lat="37.288265" lon="-2.181449"><ele>460.8</ele></trkpt>
    <trkpt lat="37.288238" lon="-2.181512"><ele>461.1</ele></trkpt>
    <trkpt lat="37.288181" lon="-2.181522"><ele>461.3</ele></trkpt>
    <trkpt lat="37.288017" lon="-2.181578"><ele>462.2</ele></trkpt>
    <trkpt lat="37.287788" lon="-2.18177"><ele>463.5</ele></trkpt>
    <trkpt lat="37.286721" lon="-2.182516"><ele>467.8</ele></trkpt>
    <trkpt lat="37.286252" lon="-2.182913"><ele>469.1</ele></trkpt>
    <trkpt lat="37.285431" lon="-2.183737"><ele>470.2</ele></trkpt>
    <trkpt lat="37.285085" lon="-2.184059"><ele>470.5</ele></trkpt>
    <trkpt lat="37.283862" lon="-2.18533"><ele>472.5</ele></trkpt>
    <trkpt lat="37.283127" lon="-2.186183"><ele>471.8</ele></trkpt>
    <trkpt lat="37.282887" lon="-2.186501"><ele>472</ele></trkpt>
    <trkpt lat="37.282171" lon="-2.187368"><ele>477.8</ele></trkpt>
    <trkpt lat="37.28197" lon="-2.187613"><ele>480.7</ele></trkpt>
    <trkpt lat="37.281589" lon="-2.187959"><ele>485.6</ele></trkpt>
    <trkpt lat="37.281367" lon="-2.188087"><ele>488.1</ele></trkpt>
    <trkpt lat="37.279899" lon="-2.188574"><ele>499.1</ele></trkpt>
    <trkpt lat="37.278667" lon="-2.188935"><ele>507.8</ele></trkpt>
    <trkpt lat="37.278392" lon="-2.189003"><ele>509.9</ele></trkpt>
    <trkpt lat="37.278236" lon="-2.189007"><ele>511</ele></trkpt>
    <trkpt lat="37.27789" lon="-2.188892"><ele>513.7</ele></trkpt>
    <trkpt lat="37.27681" lon="-2.188109"><ele>523.1</ele></trkpt>
    <trkpt lat="37.276655" lon="-2.188042"><ele>524.5</ele></trkpt>
    <trkpt lat="37.276439" lon="-2.188042"><ele>526.4</ele></trkpt>
    <trkpt lat="37.276031" lon="-2.188152"><ele>530.1</ele></trkpt>
    <trkpt lat="37.27537" lon="-2.188492"><ele>536.2</ele></trkpt>
    <trkpt lat="37.275216" lon="-2.188535"><ele>537.5</ele></trkpt>
    <trkpt lat="37.275024" lon="-2.188472"><ele>539</ele></trkpt>
    <trkpt lat="37.274783" lon="-2.188246"><ele>541.1</ele></trkpt>
    <trkpt lat="37.274715" lon="-2.188197"><ele>541.6</ele></trkpt>
    <trkpt lat="37.274627" lon="-2.188176"><ele>542.1</ele></trkpt>
    <trkpt lat="37.27449" lon="-2.188184"><ele>542.9</ele></trkpt>
    <trkpt lat="37.274273" lon="-2.188331"><ele>544.1</ele></trkpt>
    <trkpt lat="37.274136" lon="-2.188366"><ele>544.8</ele></trkpt>
    <trkpt lat="37.274034" lon="-2.188339"><ele>545.3</ele></trkpt>
    <trkpt lat="37.27397" lon="-2.188286"><ele>545.8</ele></trkpt>
    <trkpt lat="37.273632" lon="-2.187453"><ele>550.6</ele></trkpt>
    <trkpt lat="37.273583" lon="-2.187379"><ele>551.1</ele></trkpt>
    <trkpt lat="37.27353" lon="-2.187328"><ele>551.6</ele></trkpt>
    <trkpt lat="37.273374" lon="-2.187331"><ele>552.7</ele></trkpt>
    <trkpt lat="37.273312" lon="-2.187396"><ele>553.3</ele></trkpt>
    <trkpt lat="37.273265" lon="-2.187548"><ele>554.2</ele></trkpt>
    <trkpt lat="37.273336" lon="-2.187883"><ele>556.3</ele></trkpt>
    <trkpt lat="37.274311" lon="-2.190045"><ele>568.7</ele></trkpt>
    <trkpt lat="37.274452" lon="-2.190142"><ele>568.9</ele></trkpt>
    <trkpt lat="37.274576" lon="-2.190152"><ele>569</ele></trkpt>
    <trkpt lat="37.274652" lon="-2.190124"><ele>569</ele></trkpt>
    <trkpt lat="37.274732" lon="-2.190064"><ele>569.1</ele></trkpt>
    <trkpt lat="37.275098" lon="-2.189579"><ele>570.2</ele></trkpt>
    <trkpt lat="37.275318" lon="-2.189427"><ele>571.4</ele></trkpt>
    <trkpt lat="37.275508" lon="-2.189413"><ele>572.5</ele></trkpt>
    <trkpt lat="37.27557" lon="-2.189447"><ele>573</ele></trkpt>
    <trkpt lat="37.275634" lon="-2.189525"><ele>573.7</ele></trkpt>
    <trkpt lat="37.275701" lon="-2.189678"><ele>574.9</ele></trkpt>
    <trkpt lat="37.275679" lon="-2.189884"><ele>576.6</ele></trkpt>
    <trkpt lat="37.275459" lon="-2.190341"><ele>581.6</ele></trkpt>
    <trkpt lat="37.27543" lon="-2.190431"><ele>582.6</ele></trkpt>
    <trkpt lat="37.275421" lon="-2.190625"><ele>584.7</ele></trkpt>
    <trkpt lat="37.275526" lon="-2.190903"><ele>588.1</ele></trkpt>
    <trkpt lat="37.276285" lon="-2.192531"><ele>602.7</ele></trkpt>
    <trkpt lat="37.27632" lon="-2.192652"><ele>603.3</ele></trkpt>
    <trkpt lat="37.276307" lon="-2.193004"><ele>604.8</ele></trkpt>
    <trkpt lat="37.276418" lon="-2.193712"><ele>606.3</ele></trkpt>
    <trkpt lat="37.276405" lon="-2.193905"><ele>606.2</ele></trkpt>
    <trkpt lat="37.276177" lon="-2.194913"><ele>603.1</ele></trkpt>
    <trkpt lat="37.276044" lon="-2.195082"><ele>602.1</ele></trkpt>
    <trkpt lat="37.275923" lon="-2.195144"><ele>601.4</ele></trkpt>
    <trkpt lat="37.275814" lon="-2.195152"><ele>600.9</ele></trkpt>
    <trkpt lat="37.275391" lon="-2.195144"><ele>599.8</ele></trkpt>
    <trkpt lat="37.275165" lon="-2.195082"><ele>599.9</ele></trkpt>
    <trkpt lat="37.274971" lon="-2.194921"><ele>600.4</ele></trkpt>
    <trkpt lat="37.274616" lon="-2.194523"><ele>603.2</ele></trkpt>
    <trkpt lat="37.274373" lon="-2.194358"><ele>605.6</ele></trkpt>
    <trkpt lat="37.274136" lon="-2.194284"><ele>608.2</ele></trkpt>
    <trkpt lat="37.273944" lon="-2.194299"><ele>610.4</ele></trkpt>
    <trkpt lat="37.273024" lon="-2.194532"><ele>620.1</ele></trkpt>
    <trkpt lat="37.272802" lon="-2.194683"><ele>622</ele></trkpt>
    <trkpt lat="37.272666" lon="-2.194908"><ele>623.4</ele></trkpt>
    <trkpt lat="37.272636" lon="-2.195047"><ele>624.1</ele></trkpt>
    <trkpt lat="37.272619" lon="-2.195179"><ele>624.8</ele></trkpt>
    <trkpt lat="37.272621" lon="-2.195726"><ele>627.3</ele></trkpt>
    <trkpt lat="37.272523" lon="-2.195949"><ele>628.4</ele></trkpt>
    <trkpt lat="37.272433" lon="-2.19604"><ele>629</ele></trkpt>
    <trkpt lat="37.27235" lon="-2.196091"><ele>629.5</ele></trkpt>
    <trkpt lat="37.272187" lon="-2.19611"><ele>630.4</ele></trkpt>
    <trkpt lat="37.271773" lon="-2.195946"><ele>633.3</ele></trkpt>
    <trkpt lat="37.271579" lon="-2.195982"><ele>634.8</ele></trkpt>
    <trkpt lat="37.270657" lon="-2.196625"><ele>643.7</ele></trkpt>
    <trkpt lat="37.27051" lon="-2.196835"><ele>645.3</ele></trkpt>
    <trkpt lat="37.270426" lon="-2.197151"><ele>647.1</ele></trkpt>
    <trkpt lat="37.270298" lon="-2.197902"><ele>650.5</ele></trkpt>
    <trkpt lat="37.270151" lon="-2.198597"><ele>653</ele></trkpt>
    <trkpt lat="37.269743" lon="-2.199289"><ele>657.3</ele></trkpt>
    <trkpt lat="37.269662" lon="-2.199388"><ele>658.2</ele></trkpt>
    <trkpt lat="37.269566" lon="-2.199445"><ele>659</ele></trkpt>
    <trkpt lat="37.269062" lon="-2.199552"><ele>663.4</ele></trkpt>
    <trkpt lat="37.268834" lon="-2.199662"><ele>665.4</ele></trkpt>
    <trkpt lat="37.268723" lon="-2.199753"><ele>666.4</ele></trkpt>
    <trkpt lat="37.268631" lon="-2.199868"><ele>667.3</ele></trkpt>
    <trkpt lat="37.268505" lon="-2.200102"><ele>668.5</ele></trkpt>
    <trkpt lat="37.268431" lon="-2.200408"><ele>669.5</ele></trkpt>
    <trkpt lat="37.268435" lon="-2.200737"><ele>669.9</ele></trkpt>
    <trkpt lat="37.268685" lon="-2.201971"><ele>669.4</ele></trkpt>
    <trkpt lat="37.268681" lon="-2.202189"><ele>669.1</ele></trkpt>
    <trkpt lat="37.26866" lon="-2.202304"><ele>668.8</ele></trkpt>
    <trkpt lat="37.268557" lon="-2.202533"><ele>667.8</ele></trkpt>
    <trkpt lat="37.268206" lon="-2.203126"><ele>664.4</ele></trkpt>
    <trkpt lat="37.268185" lon="-2.203236"><ele>663.9</ele></trkpt>
    <trkpt lat="37.268203" lon="-2.203462"><ele>663.1</ele></trkpt>
    <trkpt lat="37.268231" lon="-2.20359"><ele>662.6</ele></trkpt>
    <trkpt lat="37.268354" lon="-2.203854"><ele>661.5</ele></trkpt>
    <trkpt lat="37.26839" lon="-2.204055"><ele>660.8</ele></trkpt>
    <trkpt lat="37.268381" lon="-2.204132"><ele>660.5</ele></trkpt>
    <trkpt lat="37.268347" lon="-2.204194"><ele>660.2</ele></trkpt>
    <trkpt lat="37.268258" lon="-2.204277"><ele>659.6</ele></trkpt>
    <trkpt lat="37.26814" lon="-2.204291"><ele>658.9</ele></trkpt>
    <trkpt lat="37.268037" lon="-2.204236"><ele>658.2</ele></trkpt>
    <trkpt lat="37.267952" lon="-2.204069"><ele>657.3</ele></trkpt>
    <trkpt lat="37.267857" lon="-2.203737"><ele>656.1</ele></trkpt>
    <trkpt lat="37.267751" lon="-2.203643"><ele>655.6</ele></trkpt>
    <trkpt lat="37.267678" lon="-2.20364"><ele>655.4</ele></trkpt>
    <trkpt lat="37.267504" lon="-2.203728"><ele>654.7</ele></trkpt>
    <trkpt lat="37.267342" lon="-2.203901"><ele>653.3</ele></trkpt>
    <trkpt lat="37.266993" lon="-2.204074"><ele>650.3</ele></trkpt>
    <trkpt lat="37.266759" lon="-2.204401"><ele>647.4</ele></trkpt>
    <trkpt lat="37.266536" lon="-2.204654"><ele>644.8</ele></trkpt>
    <trkpt lat="37.266393" lon="-2.204721"><ele>643.3</ele></trkpt>
    <trkpt lat="37.266273" lon="-2.204716"><ele>642.1</ele></trkpt>
    <trkpt lat="37.266129" lon="-2.204721"><ele>640.5</ele></trkpt>
    <trkpt lat="37.265949" lon="-2.20488"><ele>637.8</ele></trkpt>
    <trkpt lat="37.265808" lon="-2.204958"><ele>635.9</ele></trkpt>
    <trkpt lat="37.265713" lon="-2.204995"><ele>634.7</ele></trkpt>
    <trkpt lat="37.265667" lon="-2.205056"><ele>634</ele></trkpt>
    <trkpt lat="37.265545" lon="-2.205195"><ele>632.3</ele></trkpt>
    <trkpt lat="37.265376" lon="-2.205295"><ele>630.6</ele></trkpt>
    <trkpt lat="37.265028" lon="-2.205589"><ele>627.2</ele></trkpt>
    <trkpt lat="37.264905" lon="-2.205642"><ele>626.2</ele></trkpt>
    <trkpt lat="37.264485" lon="-2.20557"><ele>622.7</ele></trkpt>
    <trkpt lat="37.264365" lon="-2.205494"><ele>621.7</ele></trkpt>
    <trkpt lat="37.264171" lon="-2.205278"><ele>619.8</ele></trkpt>
    <trkpt lat="37.264043" lon="-2.205219"><ele>619.1</ele></trkpt>
    <trkpt lat="37.263979" lon="-2.205226"><ele>618.8</ele></trkpt>
    <trkpt lat="37.263854" lon="-2.205316"><ele>618.3</ele></trkpt>
    <trkpt lat="37.2637" lon="-2.205513"><ele>617.6</ele></trkpt>
    <trkpt lat="37.263378" lon="-2.205655"><ele>616.8</ele></trkpt>
    <trkpt lat="37.263259" lon="-2.205826"><ele>616.5</ele></trkpt>
    <trkpt lat="37.263067" lon="-2.206289"><ele>615.9</ele></trkpt>
    <trkpt lat="37.262969" lon="-2.206393"><ele>615.6</ele></trkpt>
    <trkpt lat="37.262889" lon="-2.206408"><ele>615.4</ele></trkpt>
    <trkpt lat="37.262769" lon="-2.20635"><ele>615</ele></trkpt>
    <trkpt lat="37.262631" lon="-2.206031"><ele>614.1</ele></trkpt>
    <trkpt lat="37.262551" lon="-2.205973"><ele>613.8</ele></trkpt>
    <trkpt lat="37.262442" lon="-2.205977"><ele>613.4</ele></trkpt>
    <trkpt lat="37.262367" lon="-2.206063"><ele>613</ele></trkpt>
    <trkpt lat="37.262221" lon="-2.206434"><ele>611.2</ele></trkpt>
    <trkpt lat="37.262189" lon="-2.206685"><ele>609.9</ele></trkpt>
    <trkpt lat="37.262179" lon="-2.207328"><ele>606.6</ele></trkpt>
    <trkpt lat="37.262055" lon="-2.207667"><ele>604.4</ele></trkpt>
    <trkpt lat="37.261935" lon="-2.20782"><ele>603.1</ele></trkpt>
    <trkpt lat="37.261665" lon="-2.208002"><ele>600.6</ele></trkpt>
    <trkpt lat="37.261152" lon="-2.208341"><ele>597.2</ele></trkpt>
    <trkpt lat="37.260634" lon="-2.208833"><ele>595.9</ele></trkpt>
    <trkpt lat="37.260512" lon="-2.208922"><ele>595.7</ele></trkpt>
    <trkpt lat="37.260236" lon="-2.209026"><ele>595.4</ele></trkpt>
    <trkpt lat="37.259503" lon="-2.209102"><ele>596.6</ele></trkpt>
    <trkpt lat="37.2592" lon="-2.209014"><ele>598.4</ele></trkpt>
    <trkpt lat="37.258944" lon="-2.208846"><ele>600.4</ele></trkpt>
    <trkpt lat="37.258659" lon="-2.208523"><ele>603.7</ele></trkpt>
    <trkpt lat="37.258525" lon="-2.208399"><ele>605.4</ele></trkpt>
    <trkpt lat="37.258434" lon="-2.208356"><ele>606.4</ele></trkpt>
    <trkpt lat="37.25803" lon="-2.208379"><ele>610.8</ele></trkpt>
    <trkpt lat="37.257305" lon="-2.208474"><ele>618.4</ele></trkpt>
    <trkpt lat="37.256777" lon="-2.208589"><ele>622.7</ele></trkpt>
    <trkpt lat="37.256352" lon="-2.208713"><ele>625.7</ele></trkpt>
    <trkpt lat="37.256176" lon="-2.208669"><ele>626.7</ele></trkpt>
    <trkpt lat="37.255718" lon="-2.208401"><ele>629.3</ele></trkpt>
    <trkpt lat="37.255411" lon="-2.20838"><ele>630.9</ele></trkpt>
    <trkpt lat="37.255104" lon="-2.208426"><ele>632.7</ele></trkpt>
    <trkpt lat="37.254986" lon="-2.208471"><ele>633.3</ele></trkpt>
    <trkpt lat="37.254867" lon="-2.208559"><ele>634.1</ele></trkpt>
    <trkpt lat="37.254525" lon="-2.20895"><ele>636.9</ele></trkpt>
    <trkpt lat="37.254064" lon="-2.209279"><ele>640</ele></trkpt>
    <trkpt lat="37.253855" lon="-2.209477"><ele>641.5</ele></trkpt>
    <trkpt lat="37.253637" lon="-2.209795"><ele>643.3</ele></trkpt>
    <trkpt lat="37.253316" lon="-2.210791"><ele>646</ele></trkpt>
    <trkpt lat="37.253149" lon="-2.211382"><ele>646.6</ele></trkpt>
    <trkpt lat="37.252927" lon="-2.211907"><ele>646.7</ele></trkpt>
    <trkpt lat="37.252305" lon="-2.213083"><ele>645</ele></trkpt>
    <trkpt lat="37.251995" lon="-2.213763"><ele>642.7</ele></trkpt>
    <trkpt lat="37.251844" lon="-2.214289"><ele>640.4</ele></trkpt>
    <trkpt lat="37.25171" lon="-2.21452"><ele>639.2</ele></trkpt>
    <trkpt lat="37.251211" lon="-2.215057"><ele>636.5</ele></trkpt>
    <trkpt lat="37.250701" lon="-2.21589"><ele>638.6</ele></trkpt>
    <trkpt lat="37.250482" lon="-2.216249"><ele>641.1</ele></trkpt>
    <trkpt lat="37.250295" lon="-2.216709"><ele>644.2</ele></trkpt>
    <trkpt lat="37.250216" lon="-2.217332"><ele>647.8</ele></trkpt>
    <trkpt lat="37.250331" lon="-2.21795"><ele>650.3</ele></trkpt>
    <trkpt lat="37.250478" lon="-2.218291"><ele>651</ele></trkpt>
    <trkpt lat="37.250719" lon="-2.218591"><ele>651.4</ele></trkpt>
    <trkpt lat="37.251405" lon="-2.219344"><ele>653.3</ele></trkpt>
    <trkpt lat="37.251825" lon="-2.220432"><ele>657.6</ele></trkpt>
    <trkpt lat="37.252123" lon="-2.221312"><ele>661.7</ele></trkpt>
    <trkpt lat="37.252195" lon="-2.222444"><ele>667.1</ele></trkpt>
    <trkpt lat="37.25224" lon="-2.224052"><ele>676</ele></trkpt>
    <trkpt lat="37.252229" lon="-2.224838"><ele>680.6</ele></trkpt>
    <trkpt lat="37.251965" lon="-2.226023"><ele>685.2</ele></trkpt>
    <trkpt lat="37.251741" lon="-2.226553"><ele>685.8</ele></trkpt>
    <trkpt lat="37.251376" lon="-2.227151"><ele>686.7</ele></trkpt>
    <trkpt lat="37.251252" lon="-2.227555"><ele>687.6</ele></trkpt>
    <trkpt lat="37.251388" lon="-2.229023"><ele>697.5</ele></trkpt>
    <trkpt lat="37.251364" lon="-2.229871"><ele>705.5</ele></trkpt>
    <trkpt lat="37.251437" lon="-2.23036"><ele>709.8</ele></trkpt>
    <trkpt lat="37.25167" lon="-2.231069"><ele>715.4</ele></trkpt>
    <trkpt lat="37.25194" lon="-2.231741"><ele>718.9</ele></trkpt>
    <trkpt lat="37.252593" lon="-2.232793"><ele>719.6</ele></trkpt>
    <trkpt lat="37.252726" lon="-2.232962"><ele>719.1</ele></trkpt>
    <trkpt lat="37.252832" lon="-2.233053"><ele>718.9</ele></trkpt>
    <trkpt lat="37.252955" lon="-2.233102"><ele>718.6</ele></trkpt>
    <trkpt lat="37.253071" lon="-2.233111"><ele>718.4</ele></trkpt>
    <trkpt lat="37.253278" lon="-2.233044"><ele>718.2</ele></trkpt>
    <trkpt lat="37.253403" lon="-2.232948"><ele>718.1</ele></trkpt>
    <trkpt lat="37.253476" lon="-2.232837"><ele>717.9</ele></trkpt>
    <trkpt lat="37.253522" lon="-2.232695"><ele>717.7</ele></trkpt>
    <trkpt lat="37.253554" lon="-2.232497"><ele>717.6</ele></trkpt>
    <trkpt lat="37.253547" lon="-2.231774"><ele>718.4</ele></trkpt>
    <trkpt lat="37.253492" lon="-2.231588"><ele>718.9</ele></trkpt>
    <trkpt lat="37.253191" lon="-2.231014"><ele>722</ele></trkpt>
    <trkpt lat="37.253113" lon="-2.230752"><ele>723.6</ele></trkpt>
    <trkpt lat="37.253112" lon="-2.230627"><ele>724.4</ele></trkpt>
    <trkpt lat="37.253137" lon="-2.230517"><ele>725.1</ele></trkpt>
    <trkpt lat="37.253272" lon="-2.23035"><ele>726.8</ele></trkpt>
    <trkpt lat="37.253407" lon="-2.230263"><ele>728.3</ele></trkpt>
    <trkpt lat="37.25397" lon="-2.230006"><ele>735</ele></trkpt>
    <trkpt lat="37.254067" lon="-2.229973"><ele>736.2</ele></trkpt>
    <trkpt lat="37.254161" lon="-2.22998"><ele>737.2</ele></trkpt>
    <trkpt lat="37.254241" lon="-2.230005"><ele>738.2</ele></trkpt>
    <trkpt lat="37.25432" lon="-2.230074"><ele>739.3</ele></trkpt>
    <trkpt lat="37.254544" lon="-2.230423"><ele>742.8</ele></trkpt>
    <trkpt lat="37.254646" lon="-2.230498"><ele>743.9</ele></trkpt>
    <trkpt lat="37.254803" lon="-2.230544"><ele>745.3</ele></trkpt>
    <trkpt lat="37.254988" lon="-2.230478"><ele>746.9</ele></trkpt>
    <trkpt lat="37.255095" lon="-2.230389"><ele>747.9</ele></trkpt>
    <trkpt lat="37.255433" lon="-2.229958"><ele>751.7</ele></trkpt>
    <trkpt lat="37.255604" lon="-2.229824"><ele>753.3</ele></trkpt>
    <trkpt lat="37.255707" lon="-2.2298"><ele>754.2</ele></trkpt>
    <trkpt lat="37.255807" lon="-2.229812"><ele>755.1</ele></trkpt>
    <trkpt lat="37.25591" lon="-2.229861"><ele>756</ele></trkpt>
    <trkpt lat="37.2563" lon="-2.230208"><ele>760.2</ele></trkpt>
    <trkpt lat="37.256572" lon="-2.230309"><ele>763.1</ele></trkpt>
    <trkpt lat="37.256685" lon="-2.230309"><ele>764.3</ele></trkpt>
    <trkpt lat="37.256835" lon="-2.23026"><ele>765.9</ele></trkpt>
    <trkpt lat="37.257068" lon="-2.230107"><ele>768.6</ele></trkpt>
    <trkpt lat="37.257244" lon="-2.230048"><ele>770.3</ele></trkpt>
    <trkpt lat="37.257448" lon="-2.230079"><ele>772.2</ele></trkpt>
    <trkpt lat="37.257726" lon="-2.230246"><ele>775.1</ele></trkpt>
    <trkpt lat="37.257981" lon="-2.230322"><ele>777.5</ele></trkpt>
    <trkpt lat="37.25822" lon="-2.230309"><ele>780</ele></trkpt>
    <trkpt lat="37.258529" lon="-2.230148"><ele>783.7</ele></trkpt>
    <trkpt lat="37.258705" lon="-2.23016"><ele>785.5</ele></trkpt>
    <trkpt lat="37.259358" lon="-2.230498"><ele>792.1</ele></trkpt>
    <trkpt lat="37.259759" lon="-2.23081"><ele>795.6</ele></trkpt>
    <trkpt lat="37.260642" lon="-2.231598"><ele>798.5</ele></trkpt>
    <trkpt lat="37.260753" lon="-2.231732"><ele>798.3</ele></trkpt>
    <trkpt lat="37.260864" lon="-2.231912"><ele>798.1</ele></trkpt>
    <trkpt lat="37.260948" lon="-2.232111"><ele>797.8</ele></trkpt>
    <trkpt lat="37.261015" lon="-2.23237"><ele>797.4</ele></trkpt>
    <trkpt lat="37.261051" lon="-2.232615"><ele>797</ele></trkpt>
    <trkpt lat="37.26102" lon="-2.233008"><ele>796.2</ele></trkpt>
    <trkpt lat="37.260954" lon="-2.233255"><ele>795.7</ele></trkpt>
    <trkpt lat="37.260866" lon="-2.233481"><ele>795.3</ele></trkpt>
    <trkpt lat="37.260546" lon="-2.234096"><ele>794.8</ele></trkpt>
    <trkpt lat="37.260469" lon="-2.23439"><ele>795</ele></trkpt>
    <trkpt lat="37.26046" lon="-2.234574"><ele>795.1</ele></trkpt>
    <trkpt lat="37.260486" lon="-2.235826"><ele>797.9</ele></trkpt>
    <trkpt lat="37.260563" lon="-2.237156"><ele>802.2</ele></trkpt>
    <trkpt lat="37.260608" lon="-2.237556"><ele>803.5</ele></trkpt>
    <trkpt lat="37.260705" lon="-2.237934"><ele>804.8</ele></trkpt>
    <trkpt lat="37.260941" lon="-2.23857"><ele>807.1</ele></trkpt>
    <trkpt lat="37.261173" lon="-2.238945"><ele>808.7</ele></trkpt>
    <trkpt lat="37.261451" lon="-2.23931"><ele>810.3</ele></trkpt>
    <trkpt lat="37.26261" lon="-2.240554"><ele>817.1</ele></trkpt>
    <trkpt lat="37.262796" lon="-2.240801"><ele>818.3</ele></trkpt>
    <trkpt lat="37.262869" lon="-2.241087"><ele>819.4</ele></trkpt>
    <trkpt lat="37.262943" lon="-2.242008"><ele>823.3</ele></trkpt>
    <trkpt lat="37.263009" lon="-2.242325"><ele>824.9</ele></trkpt>
    <trkpt lat="37.263133" lon="-2.242625"><ele>826.6</ele></trkpt>
    <trkpt lat="37.263391" lon="-2.242952"><ele>829.2</ele></trkpt>
    <trkpt lat="37.263773" lon="-2.243161"><ele>832.2</ele></trkpt>
    <trkpt lat="37.265146" lon="-2.243612"><ele>842.1</ele></trkpt>
    <trkpt lat="37.265424" lon="-2.243794"><ele>844</ele></trkpt>
    <trkpt lat="37.265746" lon="-2.244221"><ele>847</ele></trkpt>
    <trkpt lat="37.265897" lon="-2.244798"><ele>850.3</ele></trkpt>
    <trkpt lat="37.265878" lon="-2.245272"><ele>853.2</ele></trkpt>
    <trkpt lat="37.265663" lon="-2.245809"><ele>857.2</ele></trkpt>
    <trkpt lat="37.265319" lon="-2.246211"><ele>861</ele></trkpt>
    <trkpt lat="37.265007" lon="-2.24634"><ele>863.4</ele></trkpt>
    <trkpt lat="37.264736" lon="-2.246369"><ele>865.4</ele></trkpt>
    <trkpt lat="37.264081" lon="-2.246297"><ele>869.5</ele></trkpt>
    <trkpt lat="37.263872" lon="-2.246305"><ele>870.9</ele></trkpt>
    <trkpt lat="37.263669" lon="-2.246455"><ele>872.5</ele></trkpt>
    <trkpt lat="37.263532" lon="-2.246699"><ele>874.1</ele></trkpt>
    <trkpt lat="37.263342" lon="-2.247198"><ele>876.3</ele></trkpt>
    <trkpt lat="37.263303" lon="-2.247487"><ele>877.2</ele></trkpt>
    <trkpt lat="37.263365" lon="-2.247837"><ele>877.7</ele></trkpt>
    <trkpt lat="37.263642" lon="-2.249077"><ele>872.4</ele></trkpt>
    <trkpt lat="37.263732" lon="-2.249347"><ele>869.6</ele></trkpt>
    <trkpt lat="37.263966" lon="-2.249781"><ele>864.2</ele></trkpt>
    <trkpt lat="37.264258" lon="-2.250096"><ele>859.1</ele></trkpt>
    <trkpt lat="37.264618" lon="-2.250548"><ele>853.3</ele></trkpt>
    <trkpt lat="37.264965" lon="-2.250985"><ele>849.4</ele></trkpt>
    <trkpt lat="37.265281" lon="-2.251283"><ele>847.1</ele></trkpt>
    <trkpt lat="37.265558" lon="-2.251302"><ele>845.5</ele></trkpt>
    <trkpt lat="37.265764" lon="-2.251251"><ele>844.2</ele></trkpt>
    <trkpt lat="37.265858" lon="-2.25131"><ele>843.7</ele></trkpt>
    <trkpt lat="37.265909" lon="-2.251492"><ele>842.8</ele></trkpt>
    <trkpt lat="37.265969" lon="-2.252077"><ele>839.7</ele></trkpt>
    <trkpt lat="37.266635" lon="-2.252994"><ele>834</ele></trkpt>
    <trkpt lat="37.266805" lon="-2.253091"><ele>833.5</ele></trkpt>
    <trkpt lat="37.267073" lon="-2.253031"><ele>833.3</ele></trkpt>
    <trkpt lat="37.267236" lon="-2.252799"><ele>833.4</ele></trkpt>
    <trkpt lat="37.267451" lon="-2.252282"><ele>833.8</ele></trkpt>
    <trkpt lat="37.267544" lon="-2.251989"><ele>833.8</ele></trkpt>
    <trkpt lat="37.2676" lon="-2.251726"><ele>833.5</ele></trkpt>
    <trkpt lat="37.267712" lon="-2.251672"><ele>833.1</ele></trkpt>
    <trkpt lat="37.267819" lon="-2.251797"><ele>832.5</ele></trkpt>
    <trkpt lat="37.267872" lon="-2.251939"><ele>831.8</ele></trkpt>
    <trkpt lat="37.267998" lon="-2.252308"><ele>829.3</ele></trkpt>
    <trkpt lat="37.267845" lon="-2.253777"><ele>814.8</ele></trkpt>
    <trkpt lat="37.267852" lon="-2.254125"><ele>811.3</ele></trkpt>
    <trkpt lat="37.267967" lon="-2.25432"><ele>808.9</ele></trkpt>
    <trkpt lat="37.268704" lon="-2.254992"><ele>799.6</ele></trkpt>
    <trkpt lat="37.269212" lon="-2.255668"><ele>793.2</ele></trkpt>
    <trkpt lat="37.269467" lon="-2.255964"><ele>790.6</ele></trkpt>
    <trkpt lat="37.26977" lon="-2.256246"><ele>788.6</ele></trkpt>
    <trkpt lat="37.27011" lon="-2.256476"><ele>787.4</ele></trkpt>
    <trkpt lat="37.269895" lon="-2.256496"><ele>787</ele></trkpt>
    <trkpt lat="37.269136" lon="-2.255967"><ele>787.9</ele></trkpt>
    <trkpt lat="37.268802" lon="-2.255842"><ele>788.5</ele></trkpt>
    <trkpt lat="37.268484" lon="-2.255785"><ele>788.6</ele></trkpt>
    <trkpt lat="37.26801" lon="-2.255823"><ele>788</ele></trkpt>
    <trkpt lat="37.267986" lon="-2.255833"><ele>788</ele></trkpt>
    <trkpt lat="37.267816" lon="-2.255906"><ele>787.6</ele></trkpt>
    <trkpt lat="37.267731" lon="-2.255981"><ele>787.3</ele></trkpt>
    <trkpt lat="37.267677" lon="-2.256064"><ele>787.1</ele></trkpt>
    <trkpt lat="37.267608" lon="-2.256252"><ele>786.5</ele></trkpt>
    <trkpt lat="37.267505" lon="-2.256736"><ele>785.1</ele></trkpt>
    <trkpt lat="37.267336" lon="-2.257914"><ele>781.2</ele></trkpt>
    <trkpt lat="37.267302" lon="-2.258153"><ele>780.4</ele></trkpt>
    <trkpt lat="37.267189" lon="-2.259003"><ele>778.6</ele></trkpt>
    <trkpt lat="37.267184" lon="-2.259036"><ele>778.6</ele></trkpt>
    <trkpt lat="37.267112" lon="-2.259666"><ele>778.6</ele></trkpt>
    <trkpt lat="37.267069" lon="-2.260114"><ele>779.5</ele></trkpt>
    <trkpt lat="37.267086" lon="-2.260265"><ele>780</ele></trkpt>
    <trkpt lat="37.26715" lon="-2.260391"><ele>780.5</ele></trkpt>
    <trkpt lat="37.267231" lon="-2.260442"><ele>781</ele></trkpt>
    <trkpt lat="37.267615" lon="-2.260509"><ele>783.6</ele></trkpt>
    <trkpt lat="37.268029" lon="-2.260631"><ele>786.7</ele></trkpt>
    <trkpt lat="37.268321" lon="-2.26078"><ele>788.5</ele></trkpt>
    <trkpt lat="37.268324" lon="-2.260782"><ele>788.5</ele></trkpt>
    <trkpt lat="37.268467" lon="-2.260893"><ele>789.4</ele></trkpt>
    <trkpt lat="37.268611" lon="-2.261082"><ele>790.3</ele></trkpt>
    <trkpt lat="37.268749" lon="-2.261312"><ele>791</ele></trkpt>
    <trkpt lat="37.269164" lon="-2.262224"><ele>791.2</ele></trkpt>
    <trkpt lat="37.26933" lon="-2.262759"><ele>789.9</ele></trkpt>
    <trkpt lat="37.269366" lon="-2.263007"><ele>789.4</ele></trkpt>
    <trkpt lat="37.269435" lon="-2.263203"><ele>789.1</ele></trkpt>
    <trkpt lat="37.26959" lon="-2.263437"><ele>788.7</ele></trkpt>
    <trkpt lat="37.269857" lon="-2.263671"><ele>788.6</ele></trkpt>
    <trkpt lat="37.270016" lon="-2.263788"><ele>788.7</ele></trkpt>
    <trkpt lat="37.270049" lon="-2.263819"><ele>788.8</ele></trkpt>
    <trkpt lat="37.270212" lon="-2.263999"><ele>789.2</ele></trkpt>
    <trkpt lat="37.270297" lon="-2.264293"><ele>789.8</ele></trkpt>
    <trkpt lat="37.270311" lon="-2.264759"><ele>791.3</ele></trkpt>
    <trkpt lat="37.27046" lon="-2.26544"><ele>794.3</ele></trkpt>
    <trkpt lat="37.270589" lon="-2.265922"><ele>796.3</ele></trkpt>
    <trkpt lat="37.270849" lon="-2.266389"><ele>798</ele></trkpt>
    <trkpt lat="37.270908" lon="-2.266759"><ele>798.9</ele></trkpt>
    <trkpt lat="37.270946" lon="-2.26709"><ele>799.6</ele></trkpt>
    <trkpt lat="37.270972" lon="-2.267165"><ele>799.7</ele></trkpt>
    <trkpt lat="37.27103" lon="-2.267335"><ele>800.2</ele></trkpt>
    <trkpt lat="37.27113" lon="-2.267506"><ele>800.8</ele></trkpt>
    <trkpt lat="37.271621" lon="-2.2682"><ele>804</ele></trkpt>
    <trkpt lat="37.271679" lon="-2.268337"><ele>804.7</ele></trkpt>
    <trkpt lat="37.271824" lon="-2.268872"><ele>807.9</ele></trkpt>
    <trkpt lat="37.271879" lon="-2.268958"><ele>808.6</ele></trkpt>
    <trkpt lat="37.271997" lon="-2.269013"><ele>809.7</ele></trkpt>
    <trkpt lat="37.272294" lon="-2.269065"><ele>812.8</ele></trkpt>
    <trkpt lat="37.272367" lon="-2.269128"><ele>813.8</ele></trkpt>
    <trkpt lat="37.272427" lon="-2.269243"><ele>815.1</ele></trkpt>
    <trkpt lat="37.272447" lon="-2.269333"><ele>815.9</ele></trkpt>
    <trkpt lat="37.272169" lon="-2.270575"><ele>823.3</ele></trkpt>
    <trkpt lat="37.272153" lon="-2.270756"><ele>823.8</ele></trkpt>
    <trkpt lat="37.272199" lon="-2.270916"><ele>824.1</ele></trkpt>
    <trkpt lat="37.272249" lon="-2.271005"><ele>824.3</ele></trkpt>
    <trkpt lat="37.272436" lon="-2.271101"><ele>824.4</ele></trkpt>
    <trkpt lat="37.272541" lon="-2.271118"><ele>824.4</ele></trkpt>
    <trkpt lat="37.272751" lon="-2.271065"><ele>824.2</ele></trkpt>
    <trkpt lat="37.272838" lon="-2.270987"><ele>824.1</ele></trkpt>
    <trkpt lat="37.272882" lon="-2.27088"><ele>824</ele></trkpt>
    <trkpt lat="37.272982" lon="-2.270371"><ele>823.5</ele></trkpt>
    <trkpt lat="37.273035" lon="-2.270209"><ele>823.6</ele></trkpt>
    <trkpt lat="37.273099" lon="-2.27008"><ele>824</ele></trkpt>
    <trkpt lat="37.273202" lon="-2.270017"><ele>824.4</ele></trkpt>
    <trkpt lat="37.273317" lon="-2.269971"><ele>825</ele></trkpt>
    <trkpt lat="37.273443" lon="-2.269973"><ele>825.8</ele></trkpt>
    <trkpt lat="37.273657" lon="-2.270019"><ele>827.4</ele></trkpt>
    <trkpt lat="37.273832" lon="-2.270105"><ele>829.1</ele></trkpt>
    <trkpt lat="37.273998" lon="-2.270256"><ele>831.1</ele></trkpt>
    <trkpt lat="37.274115" lon="-2.270417"><ele>833</ele></trkpt>
    <trkpt lat="37.2742" lon="-2.270596"><ele>835</ele></trkpt>
    <trkpt lat="37.27423" lon="-2.270847"><ele>837.5</ele></trkpt>
    <trkpt lat="37.27423" lon="-2.271122"><ele>840.2</ele></trkpt>
    <trkpt lat="37.27421" lon="-2.272151"><ele>849.6</ele></trkpt>
    <trkpt lat="37.274172" lon="-2.272617"><ele>852</ele></trkpt>
    <trkpt lat="37.274187" lon="-2.272838"><ele>852.7</ele></trkpt>
    <trkpt lat="37.274229" lon="-2.273001"><ele>853.1</ele></trkpt>
    <trkpt lat="37.274299" lon="-2.273114"><ele>853.2</ele></trkpt>
    <trkpt lat="37.274373" lon="-2.273175"><ele>853.2</ele></trkpt>
    <trkpt lat="37.274447" lon="-2.273225"><ele>853.2</ele></trkpt>
    <trkpt lat="37.274534" lon="-2.273209"><ele>853.1</ele></trkpt>
    <trkpt lat="37.274597" lon="-2.27316"><ele>853</ele></trkpt>
    <trkpt lat="37.27463" lon="-2.273049"><ele>852.9</ele></trkpt>
    <trkpt lat="37.275062" lon="-2.272164"><ele>852.1</ele></trkpt>
    <trkpt lat="37.275198" lon="-2.271944"><ele>852.3</ele></trkpt>
    <trkpt lat="37.275334" lon="-2.271892"><ele>852.7</ele></trkpt>
    <trkpt lat="37.275482" lon="-2.271971"><ele>853.4</ele></trkpt>
    <trkpt lat="37.275956" lon="-2.272493"><ele>858.6</ele></trkpt>
    <trkpt lat="37.276181" lon="-2.272574"><ele>861.5</ele></trkpt>
    <trkpt lat="37.276442" lon="-2.272615"><ele>864.9</ele></trkpt>
    <trkpt lat="37.276519" lon="-2.27269"><ele>866.3</ele></trkpt>
    <trkpt lat="37.276624" lon="-2.272945"><ele>869.4</ele></trkpt>
    <trkpt lat="37.27687" lon="-2.27406"><ele>880.8</ele></trkpt>
    <trkpt lat="37.276919" lon="-2.274207"><ele>882.3</ele></trkpt>
    <trkpt lat="37.27719" lon="-2.274517"><ele>886.6</ele></trkpt>
    <trkpt lat="37.277422" lon="-2.274877"><ele>890.8</ele></trkpt>
    <trkpt lat="37.277737" lon="-2.275184"><ele>894.8</ele></trkpt>
    <trkpt lat="37.27778" lon="-2.275296"><ele>895.7</ele></trkpt>
    <trkpt lat="37.277843" lon="-2.275724"><ele>898.6</ele></trkpt>
    <trkpt lat="37.277879" lon="-2.275803"><ele>899.2</ele></trkpt>
    <trkpt lat="37.278022" lon="-2.275944"><ele>900.8</ele></trkpt>
    <trkpt lat="37.278377" lon="-2.276127"><ele>904.2</ele></trkpt>
    <trkpt lat="37.278748" lon="-2.276241"><ele>907.9</ele></trkpt>
    <trkpt lat="37.278849" lon="-2.276325"><ele>909.1</ele></trkpt>
    <trkpt lat="37.278923" lon="-2.276429"><ele>910.1</ele></trkpt>
    <trkpt lat="37.278972" lon="-2.276709"><ele>912.3</ele></trkpt>
    <trkpt lat="37.278895" lon="-2.277451"><ele>917.4</ele></trkpt>
    <trkpt lat="37.279056" lon="-2.278034"><ele>920.6</ele></trkpt>
    <trkpt lat="37.279129" lon="-2.278172"><ele>921.3</ele></trkpt>
    <trkpt lat="37.279181" lon="-2.278236"><ele>921.6</ele></trkpt>
    <trkpt lat="37.27925" lon="-2.278247"><ele>921.9</ele></trkpt>
    <trkpt lat="37.279329" lon="-2.278224"><ele>922.2</ele></trkpt>
    <trkpt lat="37.279495" lon="-2.278091"><ele>922.7</ele></trkpt>
    <trkpt lat="37.279609" lon="-2.278055"><ele>922.9</ele></trkpt>
    <trkpt lat="37.279755" lon="-2.278086"><ele>923.1</ele></trkpt>
    <trkpt lat="37.279946" lon="-2.278167"><ele>923.1</ele></trkpt>
    <trkpt lat="37.280462" lon="-2.278482"><ele>922.9</ele></trkpt>
    <trkpt lat="37.280586" lon="-2.278523"><ele>923</ele></trkpt>
    <trkpt lat="37.280679" lon="-2.278504"><ele>923.2</ele></trkpt>
    <trkpt lat="37.280743" lon="-2.278446"><ele>923.3</ele></trkpt>
    <trkpt lat="37.280814" lon="-2.278353"><ele>923.6</ele></trkpt>
    <trkpt lat="37.280875" lon="-2.278173"><ele>924.2</ele></trkpt>
    <trkpt lat="37.28097" lon="-2.277882"><ele>925.5</ele></trkpt>
    <trkpt lat="37.281033" lon="-2.277801"><ele>926</ele></trkpt>
    <trkpt lat="37.281409" lon="-2.277603"><ele>929.1</ele></trkpt>
    <trkpt lat="37.281497" lon="-2.277514"><ele>930</ele></trkpt>
    <trkpt lat="37.281686" lon="-2.27716"><ele>933.2</ele></trkpt>
    <trkpt lat="37.281785" lon="-2.277033"><ele>934.7</ele></trkpt>
    <trkpt lat="37.281895" lon="-2.276955"><ele>936</ele></trkpt>
    <trkpt lat="37.282046" lon="-2.276926"><ele>937.6</ele></trkpt>
    <trkpt lat="37.282122" lon="-2.276944"><ele>938.3</ele></trkpt>
    <trkpt lat="37.282256" lon="-2.277049"><ele>939.6</ele></trkpt>
    <trkpt lat="37.282664" lon="-2.277682"><ele>941.7</ele></trkpt>
    <trkpt lat="37.282805" lon="-2.277828"><ele>941.3</ele></trkpt>
    <trkpt lat="37.283006" lon="-2.27793"><ele>940.2</ele></trkpt>
    <trkpt lat="37.283658" lon="-2.278122"><ele>933.4</ele></trkpt>
    <trkpt lat="37.283901" lon="-2.278337"><ele>929.5</ele></trkpt>
    <trkpt lat="37.284068" lon="-2.278602"><ele>926.3</ele></trkpt>
    <trkpt lat="37.284208" lon="-2.279214"><ele>921.8</ele></trkpt>
    <trkpt lat="37.2842" lon="-2.279316"><ele>921.3</ele></trkpt>
    <trkpt lat="37.284159" lon="-2.279436"><ele>920.6</ele></trkpt>
    <trkpt lat="37.283965" lon="-2.279565"><ele>919.2</ele></trkpt>
    <trkpt lat="37.283526" lon="-2.279654"><ele>916.3</ele></trkpt>
    <trkpt lat="37.283407" lon="-2.279726"><ele>915.3</ele></trkpt>
    <trkpt lat="37.283362" lon="-2.279805"><ele>914.6</ele></trkpt>
    <trkpt lat="37.283359" lon="-2.279893"><ele>914.1</ele></trkpt>
    <trkpt lat="37.283381" lon="-2.279977"><ele>913.5</ele></trkpt>
    <trkpt lat="37.283483" lon="-2.280031"><ele>912.5</ele></trkpt>
    <trkpt lat="37.283743" lon="-2.279961"><ele>909.7</ele></trkpt>
    <trkpt lat="37.284062" lon="-2.279916"><ele>905.8</ele></trkpt>
    <trkpt lat="37.284568" lon="-2.279992"><ele>899.2</ele></trkpt>
    <trkpt lat="37.285039" lon="-2.279904"><ele>894.5</ele></trkpt>
    <trkpt lat="37.285402" lon="-2.279941"><ele>892.6</ele></trkpt>
    <trkpt lat="37.285462" lon="-2.279908"><ele>892.4</ele></trkpt>
    <trkpt lat="37.285545" lon="-2.279775"><ele>892</ele></trkpt>
    <trkpt lat="37.285554" lon="-2.279691"><ele>891.8</ele></trkpt>
    <trkpt lat="37.285533" lon="-2.279608"><ele>891.7</ele></trkpt>
    <trkpt lat="37.285494" lon="-2.279526"><ele>891.6</ele></trkpt>
    <trkpt lat="37.285176" lon="-2.279183"><ele>891.1</ele></trkpt>
    <trkpt lat="37.285127" lon="-2.279012"><ele>890.8</ele></trkpt>
    <trkpt lat="37.285214" lon="-2.278829"><ele>890.4</ele></trkpt>
    <trkpt lat="37.285398" lon="-2.278732"><ele>889.8</ele></trkpt>
    <trkpt lat="37.285525" lon="-2.278832"><ele>889.2</ele></trkpt>
    <trkpt lat="37.285615" lon="-2.278939"><ele>888.6</ele></trkpt>
    <trkpt lat="37.285836" lon="-2.27966"><ele>885.5</ele></trkpt>
    <trkpt lat="37.285832" lon="-2.279834"><ele>884.9</ele></trkpt>
    <trkpt lat="37.285786" lon="-2.279935"><ele>884.6</ele></trkpt>
    <trkpt lat="37.285712" lon="-2.280015"><ele>884.3</ele></trkpt>
    <trkpt lat="37.285553" lon="-2.280108"><ele>883.8</ele></trkpt>
    <trkpt lat="37.285008" lon="-2.280206"><ele>883.4</ele></trkpt>
    <trkpt lat="37.284758" lon="-2.280325"><ele>882.6</ele></trkpt>
    <trkpt lat="37.284662" lon="-2.280405"><ele>882.3</ele></trkpt>
    <trkpt lat="37.284593" lon="-2.280531"><ele>882</ele></trkpt>
    <trkpt lat="37.284532" lon="-2.280726"><ele>881.5</ele></trkpt>
    <trkpt lat="37.284539" lon="-2.280836"><ele>881.2</ele></trkpt>
    <trkpt lat="37.28466" lon="-2.28104"><ele>880.4</ele></trkpt>
    <trkpt lat="37.284757" lon="-2.281129"><ele>879.9</ele></trkpt>
    <trkpt lat="37.284842" lon="-2.281168"><ele>879.5</ele></trkpt>
    <trkpt lat="37.284899" lon="-2.281187"><ele>879.4</ele></trkpt>
    <trkpt lat="37.285089" lon="-2.281138"><ele>878.6</ele></trkpt>
    <trkpt lat="37.285484" lon="-2.280851"><ele>877</ele></trkpt>
    <trkpt lat="37.285705" lon="-2.280831"><ele>876.1</ele></trkpt>
    <trkpt lat="37.286033" lon="-2.280866"><ele>875.8</ele></trkpt>
    <trkpt lat="37.28616" lon="-2.280856"><ele>875.9</ele></trkpt>
    <trkpt lat="37.286505" lon="-2.280711"><ele>876.5</ele></trkpt>
    <trkpt lat="37.286673" lon="-2.280581"><ele>876.9</ele></trkpt>
    <trkpt lat="37.286737" lon="-2.280492"><ele>877.2</ele></trkpt>
    <trkpt lat="37.286964" lon="-2.280049"><ele>878.7</ele></trkpt>
    <trkpt lat="37.287087" lon="-2.279882"><ele>879.5</ele></trkpt>
    <trkpt lat="37.287219" lon="-2.279809"><ele>880.2</ele></trkpt>
    <trkpt lat="37.287335" lon="-2.27978"><ele>880.7</ele></trkpt>
    <trkpt lat="37.287468" lon="-2.279782"><ele>881.5</ele></trkpt>
    <trkpt lat="37.287717" lon="-2.279859"><ele>883.1</ele></trkpt>
    <trkpt lat="37.288452" lon="-2.279877"><ele>889.3</ele></trkpt>
    <trkpt lat="37.288547" lon="-2.2799"><ele>890.2</ele></trkpt>
    <trkpt lat="37.288671" lon="-2.279997"><ele>891.4</ele></trkpt>
    <trkpt lat="37.288878" lon="-2.280317"><ele>894.2</ele></trkpt>
    <trkpt lat="37.288924" lon="-2.280381"><ele>894.7</ele></trkpt>
    <trkpt lat="37.289078" lon="-2.2805"><ele>895.9</ele></trkpt>
    <trkpt lat="37.289354" lon="-2.280606"><ele>897.4</ele></trkpt>
    <trkpt lat="37.289194" lon="-2.280638"><ele>898</ele></trkpt>
    <trkpt lat="37.288977" lon="-2.280637"><ele>898.7</ele></trkpt>
    <trkpt lat="37.288782" lon="-2.280562"><ele>899</ele></trkpt>
    <trkpt lat="37.288415" lon="-2.280354"><ele>899.6</ele></trkpt>
    <trkpt lat="37.288307" lon="-2.280325"><ele>899.8</ele></trkpt>
    <trkpt lat="37.288062" lon="-2.28036"><ele>900.5</ele></trkpt>
    <trkpt lat="37.287805" lon="-2.28048"><ele>901</ele></trkpt>
    <trkpt lat="37.287561" lon="-2.280632"><ele>901.4</ele></trkpt>
    <trkpt lat="37.286952" lon="-2.281157"><ele>903.7</ele></trkpt>
    <trkpt lat="37.286455" lon="-2.281477"><ele>906.5</ele></trkpt>
    <trkpt lat="37.286303" lon="-2.281626"><ele>907.5</ele></trkpt>
    <trkpt lat="37.286236" lon="-2.281746"><ele>908.2</ele></trkpt>
    <trkpt lat="37.285795" lon="-2.283048"><ele>916.3</ele></trkpt>
    <trkpt lat="37.285721" lon="-2.283378"><ele>918.7</ele></trkpt>
    <trkpt lat="37.285703" lon="-2.283553"><ele>919.8</ele></trkpt>
    <trkpt lat="37.285746" lon="-2.28388"><ele>922.1</ele></trkpt>
    <trkpt lat="37.285824" lon="-2.284077"><ele>923.6</ele></trkpt>
    <trkpt lat="37.286169" lon="-2.284556"><ele>927.9</ele></trkpt>
    <trkpt lat="37.286244" lon="-2.284699"><ele>929.1</ele></trkpt>
    <trkpt lat="37.28629" lon="-2.28488"><ele>930.4</ele></trkpt>
    <trkpt lat="37.2863" lon="-2.285262"><ele>933.1</ele></trkpt>
    <trkpt lat="37.286254" lon="-2.28545"><ele>934.5</ele></trkpt>
    <trkpt lat="37.286169" lon="-2.285654"><ele>936</ele></trkpt>
    <trkpt lat="37.286048" lon="-2.285806"><ele>937.4</ele></trkpt>
    <trkpt lat="37.285891" lon="-2.285945"><ele>938.9</ele></trkpt>
    <trkpt lat="37.285746" lon="-2.28601"><ele>940.1</ele></trkpt>
    <trkpt lat="37.285412" lon="-2.286033"><ele>942.4</ele></trkpt>
    <trkpt lat="37.284896" lon="-2.285955"><ele>945.3</ele></trkpt>
    <trkpt lat="37.284608" lon="-2.286049"><ele>946.6</ele></trkpt>
    <trkpt lat="37.284487" lon="-2.286169"><ele>947.2</ele></trkpt>
    <trkpt lat="37.284312" lon="-2.286428"><ele>948.4</ele></trkpt>
    <trkpt lat="37.284239" lon="-2.286609"><ele>949.1</ele></trkpt>
    <trkpt lat="37.284198" lon="-2.286852"><ele>950.1</ele></trkpt>
    <trkpt lat="37.284198" lon="-2.287104"><ele>951.2</ele></trkpt>
    <trkpt lat="37.284255" lon="-2.287367"><ele>952.6</ele></trkpt>
    <trkpt lat="37.284641" lon="-2.288367"><ele>960.3</ele></trkpt>
    <trkpt lat="37.284824" lon="-2.288966"><ele>965.3</ele></trkpt>
    <trkpt lat="37.284948" lon="-2.289542"><ele>969.3</ele></trkpt>
    <trkpt lat="37.284994" lon="-2.28997"><ele>972.2</ele></trkpt>
    <trkpt lat="37.284976" lon="-2.290242"><ele>974.2</ele></trkpt>
    <trkpt lat="37.284906" lon="-2.290549"><ele>976.5</ele></trkpt>
    <trkpt lat="37.28476" lon="-2.290902"><ele>979.6</ele></trkpt>
    <trkpt lat="37.284654" lon="-2.291064"><ele>981.3</ele></trkpt>
    <trkpt lat="37.284497" lon="-2.291203"><ele>983.3</ele></trkpt>
    <trkpt lat="37.284345" lon="-2.291287"><ele>985.1</ele></trkpt>
    <trkpt lat="37.28416" lon="-2.291339"><ele>987.2</ele></trkpt>
    <trkpt lat="37.283941" lon="-2.291329"><ele>989.8</ele></trkpt>
    <trkpt lat="37.28351" lon="-2.291177"><ele>995</ele></trkpt>
    <trkpt lat="37.282823" lon="-2.290721"><ele>1001.6</ele></trkpt>
    <trkpt lat="37.282622" lon="-2.290633"><ele>1002.7</ele></trkpt>
    <trkpt lat="37.282405" lon="-2.290588"><ele>1003.6</ele></trkpt>
    <trkpt lat="37.282204" lon="-2.290607"><ele>1004.1</ele></trkpt>
    <trkpt lat="37.282029" lon="-2.290662"><ele>1004.3</ele></trkpt>
    <trkpt lat="37.281771" lon="-2.29088"><ele>1004.9</ele></trkpt>
    <trkpt lat="37.281612" lon="-2.291072"><ele>1005.4</ele></trkpt>
    <trkpt lat="37.281522" lon="-2.29125"><ele>1005.9</ele></trkpt>
    <trkpt lat="37.281455" lon="-2.291529"><ele>1006.6</ele></trkpt>
    <trkpt lat="37.281441" lon="-2.291753"><ele>1007.3</ele></trkpt>
    <trkpt lat="37.281459" lon="-2.292025"><ele>1008.2</ele></trkpt>
    <trkpt lat="37.281557" lon="-2.29268"><ele>1010.8</ele></trkpt>
    <trkpt lat="37.281564" lon="-2.292876"><ele>1011.8</ele></trkpt>
    <trkpt lat="37.281498" lon="-2.293407"><ele>1014.9</ele></trkpt>
    <trkpt lat="37.281413" lon="-2.293691"><ele>1016.6</ele></trkpt>
    <trkpt lat="37.281214" lon="-2.294107"><ele>1018.8</ele></trkpt>
    <trkpt lat="37.281029" lon="-2.294369"><ele>1020.2</ele></trkpt>
    <trkpt lat="37.280824" lon="-2.294541"><ele>1021.5</ele></trkpt>
    <trkpt lat="37.280547" lon="-2.294688"><ele>1023.2</ele></trkpt>
    <trkpt lat="37.280218" lon="-2.294748"><ele>1025.1</ele></trkpt>
    <trkpt lat="37.279875" lon="-2.294748"><ele>1027.3</ele></trkpt>
    <trkpt lat="37.279391" lon="-2.294636"><ele>1031.2</ele></trkpt>
    <trkpt lat="37.278909" lon="-2.294463"><ele>1036.5</ele></trkpt>
    <trkpt lat="37.278511" lon="-2.294369"><ele>1041.5</ele></trkpt>
    <trkpt lat="37.27818" lon="-2.294343"><ele>1045.6</ele></trkpt>
    <trkpt lat="37.277869" lon="-2.2944"><ele>1049.1</ele></trkpt>
    <trkpt lat="37.277653" lon="-2.294482"><ele>1051.4</ele></trkpt>
    <trkpt lat="37.277414" lon="-2.294629"><ele>1053.7</ele></trkpt>
    <trkpt lat="37.27685" lon="-2.295117"><ele>1058.4</ele></trkpt>
    <trkpt lat="37.276622" lon="-2.295244"><ele>1059.7</ele></trkpt>
    <trkpt lat="37.276424" lon="-2.295265"><ele>1060.9</ele></trkpt>
    <trkpt lat="37.275826" lon="-2.295219"><ele>1066.3</ele></trkpt>
    <trkpt lat="37.27557" lon="-2.295252"><ele>1069.3</ele></trkpt>
    <trkpt lat="37.275318" lon="-2.29541"><ele>1073.1</ele></trkpt>
    <trkpt lat="37.275122" lon="-2.295616"><ele>1076.9</ele></trkpt>
    <trkpt lat="37.274528" lon="-2.296716"><ele>1092.2</ele></trkpt>
    <trkpt lat="37.274317" lon="-2.297196"><ele>1096.8</ele></trkpt>
    <trkpt lat="37.274276" lon="-2.297373"><ele>1098.1</ele></trkpt>
    <trkpt lat="37.274259" lon="-2.297598"><ele>1099.5</ele></trkpt>
    <trkpt lat="37.274353" lon="-2.299117"><ele>1104.4</ele></trkpt>
    <trkpt lat="37.274417" lon="-2.299369"><ele>1105</ele></trkpt>
    <trkpt lat="37.274515" lon="-2.299591"><ele>1105.7</ele></trkpt>
    <trkpt lat="37.274857" lon="-2.300187"><ele>1108.4</ele></trkpt>
    <trkpt lat="37.274957" lon="-2.300412"><ele>1109.6</ele></trkpt>
    <trkpt lat="37.275038" lon="-2.300873"><ele>1111.9</ele></trkpt>
    <trkpt lat="37.274988" lon="-2.301223"><ele>1113.7</ele></trkpt>
    <trkpt lat="37.274903" lon="-2.301483"><ele>1115.1</ele></trkpt>
    <trkpt lat="37.274623" lon="-2.302099"><ele>1116.9</ele></trkpt>
    <trkpt lat="37.274432" lon="-2.302519"><ele>1116.6</ele></trkpt>
    <trkpt lat="37.274291" lon="-2.302754"><ele>1115.9</ele></trkpt>
    <trkpt lat="37.274129" lon="-2.302946"><ele>1115.1</ele></trkpt>
    <trkpt lat="37.27393" lon="-2.303089"><ele>1114.3</ele></trkpt>
    <trkpt lat="37.273697" lon="-2.303147"><ele>1113.6</ele></trkpt>
    <trkpt lat="37.27344" lon="-2.303165"><ele>1112.6</ele></trkpt>
    <trkpt lat="37.273185" lon="-2.303104"><ele>1111.9</ele></trkpt>
    <trkpt lat="37.27281" lon="-2.302883"><ele>1111.1</ele></trkpt>
    <trkpt lat="37.271887" lon="-2.302223"><ele>1115.5</ele></trkpt>
    <trkpt lat="37.271538" lon="-2.302001"><ele>1118.3</ele></trkpt>
    <trkpt lat="37.271152" lon="-2.301806"><ele>1121.5</ele></trkpt>
    <trkpt lat="37.270761" lon="-2.301681"><ele>1124.8</ele></trkpt>
    <trkpt lat="37.269173" lon="-2.301296"><ele>1136.8</ele></trkpt>
    <trkpt lat="37.268884" lon="-2.301319"><ele>1139.4</ele></trkpt>
    <trkpt lat="37.268649" lon="-2.301393"><ele>1141.5</ele></trkpt>
    <trkpt lat="37.268437" lon="-2.301522"><ele>1143.3</ele></trkpt>
    <trkpt lat="37.268245" lon="-2.301725"><ele>1145.2</ele></trkpt>
    <trkpt lat="37.267693" lon="-2.30314"><ele>1148.4</ele></trkpt>
    <trkpt lat="37.267549" lon="-2.303447"><ele>1148.5</ele></trkpt>
    <trkpt lat="37.267371" lon="-2.30369"><ele>1149.1</ele></trkpt>
    <trkpt lat="37.267197" lon="-2.303842"><ele>1149.9</ele></trkpt>
    <trkpt lat="37.267029" lon="-2.303917"><ele>1150.7</ele></trkpt>
    <trkpt lat="37.266804" lon="-2.30396"><ele>1152.1</ele></trkpt>
    <trkpt lat="37.266464" lon="-2.303948"><ele>1154.6</ele></trkpt>
    <trkpt lat="37.265608" lon="-2.303831"><ele>1160.2</ele></trkpt>
    <trkpt lat="37.265293" lon="-2.303842"><ele>1160.8</ele></trkpt>
    <trkpt lat="37.264551" lon="-2.303968"><ele>1158.3</ele></trkpt>
    <trkpt lat="37.264414" lon="-2.303968"><ele>1157.3</ele></trkpt>
    <trkpt lat="37.264299" lon="-2.303968"><ele>1156.4</ele></trkpt>
    <trkpt lat="37.264081" lon="-2.303889"><ele>1154.5</ele></trkpt>
    <trkpt lat="37.263888" lon="-2.303756"><ele>1152.6</ele></trkpt>
    <trkpt lat="37.263722" lon="-2.303553"><ele>1150.8</ele></trkpt>
    <trkpt lat="37.26356" lon="-2.303247"><ele>1148.6</ele></trkpt>
    <trkpt lat="37.263392" lon="-2.30282"><ele>1146.1</ele></trkpt>
    <trkpt lat="37.263246" lon="-2.302542"><ele>1144.3</ele></trkpt>
    <trkpt lat="37.263068" lon="-2.302327"><ele>1142.8</ele></trkpt>
    <trkpt lat="37.262681" lon="-2.302006"><ele>1139.9</ele></trkpt>
    <trkpt lat="37.262507" lon="-2.301806"><ele>1138.4</ele></trkpt>
    <trkpt lat="37.262364" lon="-2.301544"><ele>1136.9</ele></trkpt>
    <trkpt lat="37.262147" lon="-2.300526"><ele>1132.9</ele></trkpt>
    <trkpt lat="37.262006" lon="-2.300277"><ele>1132.3</ele></trkpt>
    <trkpt lat="37.261799" lon="-2.300057"><ele>1131.9</ele></trkpt>
    <trkpt lat="37.261217" lon="-2.299657"><ele>1130.8</ele></trkpt>
    <trkpt lat="37.260818" lon="-2.299308"><ele>1129.1</ele></trkpt>
    <trkpt lat="37.260257" lon="-2.29865"><ele>1124.8</ele></trkpt>
    <trkpt lat="37.260086" lon="-2.298498"><ele>1123.4</ele></trkpt>
    <trkpt lat="37.259774" lon="-2.298302"><ele>1121.2</ele></trkpt>
    <trkpt lat="37.259378" lon="-2.298118"><ele>1119</ele></trkpt>
    <trkpt lat="37.258973" lon="-2.298016"><ele>1117.5</ele></trkpt>
    <trkpt lat="37.258381" lon="-2.297926"><ele>1115.7</ele></trkpt>
    <trkpt lat="37.257951" lon="-2.297903"><ele>1114.3</ele></trkpt>
    <trkpt lat="37.25768" lon="-2.297824"><ele>1113.6</ele></trkpt>
    <trkpt lat="37.257396" lon="-2.297613"><ele>1113</ele></trkpt>
    <trkpt lat="37.25729" lon="-2.297437"><ele>1112.9</ele></trkpt>
    <trkpt lat="37.257222" lon="-2.297237"><ele>1112.9</ele></trkpt>
    <trkpt lat="37.257197" lon="-2.297049"><ele>1113</ele></trkpt>
    <trkpt lat="37.257194" lon="-2.296818"><ele>1113.3</ele></trkpt>
    <trkpt lat="37.257309" lon="-2.296015"><ele>1116.1</ele></trkpt>
    <trkpt lat="37.25732" lon="-2.295837"><ele>1116.9</ele></trkpt>
    <trkpt lat="37.257288" lon="-2.295623"><ele>1118</ele></trkpt>
    <trkpt lat="37.257198" lon="-2.295432"><ele>1119</ele></trkpt>
    <trkpt lat="37.256995" lon="-2.295164"><ele>1120.6</ele></trkpt>
    <trkpt lat="37.256873" lon="-2.295094"><ele>1121.2</ele></trkpt>
    <trkpt lat="37.256677" lon="-2.295049"><ele>1121.9</ele></trkpt>
    <trkpt lat="37.254937" lon="-2.294985"><ele>1120.9</ele></trkpt>
    <trkpt lat="37.254505" lon="-2.294879"><ele>1119.6</ele></trkpt>
    <trkpt lat="37.253259" lon="-2.294352"><ele>1112.9</ele></trkpt>
    <trkpt lat="37.253015" lon="-2.294275"><ele>1111.5</ele></trkpt>
    <trkpt lat="37.252758" lon="-2.294303"><ele>1110.2</ele></trkpt>
    <trkpt lat="37.252624" lon="-2.294349"><ele>1109.5</ele></trkpt>
    <trkpt lat="37.252432" lon="-2.294475"><ele>1108.5</ele></trkpt>
    <trkpt lat="37.252029" lon="-2.294909"><ele>1106.6</ele></trkpt>
    <trkpt lat="37.250624" lon="-2.296329"><ele>1104.5</ele></trkpt>
    <trkpt lat="37.250457" lon="-2.29641"><ele>1104.3</ele></trkpt>
    <trkpt lat="37.25025" lon="-2.296441"><ele>1103.9</ele></trkpt>
    <trkpt lat="37.25005" lon="-2.296396"><ele>1103.4</ele></trkpt>
    <trkpt lat="37.249509" lon="-2.296105"><ele>1101.1</ele></trkpt>
    <trkpt lat="37.249277" lon="-2.296025"><ele>1100.2</ele></trkpt>
    <trkpt lat="37.248987" lon="-2.296041"><ele>1099.3</ele></trkpt>
    <trkpt lat="37.248852" lon="-2.29612"><ele>1099</ele></trkpt>
    <trkpt lat="37.24843" lon="-2.29661"><ele>1098.4</ele></trkpt>
    <trkpt lat="37.248109" lon="-2.296868"><ele>1098.6</ele></trkpt>
    <trkpt lat="37.247905" lon="-2.296927"><ele>1098.8</ele></trkpt>
    <trkpt lat="37.247623" lon="-2.29688"><ele>1098.9</ele></trkpt>
    <trkpt lat="37.247519" lon="-2.296805"><ele>1098.9</ele></trkpt>
    <trkpt lat="37.247418" lon="-2.296686"><ele>1098.8</ele></trkpt>
    <trkpt lat="37.247308" lon="-2.296493"><ele>1098.5</ele></trkpt>
    <trkpt lat="37.247059" lon="-2.295669"><ele>1094.2</ele></trkpt>
    <trkpt lat="37.246933" lon="-2.29538"><ele>1091.7</ele></trkpt>
    <trkpt lat="37.246772" lon="-2.295167"><ele>1089.6</ele></trkpt>
    <trkpt lat="37.246618" lon="-2.295064"><ele>1088.1</ele></trkpt>
    <trkpt lat="37.246442" lon="-2.295012"><ele>1087.1</ele></trkpt>
    <trkpt lat="37.246256" lon="-2.295004"><ele>1086.4</ele></trkpt>
    <trkpt lat="37.246111" lon="-2.29504"><ele>1086.2</ele></trkpt>
    <trkpt lat="37.245975" lon="-2.295127"><ele>1086.2</ele></trkpt>
    <trkpt lat="37.24584" lon="-2.295266"><ele>1086.5</ele></trkpt>
    <trkpt lat="37.24572" lon="-2.295456"><ele>1087.2</ele></trkpt>
    <trkpt lat="37.245465" lon="-2.296065"><ele>1091.1</ele></trkpt>
    <trkpt lat="37.24537" lon="-2.296235"><ele>1092.7</ele></trkpt>
    <trkpt lat="37.245257" lon="-2.29637"><ele>1094.1</ele></trkpt>
    <trkpt lat="37.245112" lon="-2.296449"><ele>1095.5</ele></trkpt>
    <trkpt lat="37.244945" lon="-2.296501"><ele>1097</ele></trkpt>
    <trkpt lat="37.244765" lon="-2.296501"><ele>1098.3</ele></trkpt>
    <trkpt lat="37.244485" lon="-2.296433"><ele>1099.6</ele></trkpt>
    <trkpt lat="37.244183" lon="-2.296263"><ele>1100.3</ele></trkpt>
    <trkpt lat="37.243909" lon="-2.296018"><ele>1100.2</ele></trkpt>
    <trkpt lat="37.243798" lon="-2.295836"><ele>1100</ele></trkpt>
    <trkpt lat="37.243738" lon="-2.295646"><ele>1099.6</ele></trkpt>
    <trkpt lat="37.24371" lon="-2.295289"><ele>1098.8</ele></trkpt>
    <trkpt lat="37.243753" lon="-2.295095"><ele>1098.2</ele></trkpt>
    <trkpt lat="37.244039" lon="-2.294221"><ele>1094.6</ele></trkpt>
    <trkpt lat="37.244083" lon="-2.293971"><ele>1093.5</ele></trkpt>
    <trkpt lat="37.244083" lon="-2.293726"><ele>1092.3</ele></trkpt>
    <trkpt lat="37.244029" lon="-2.293528"><ele>1091.3</ele></trkpt>
    <trkpt lat="37.243909" lon="-2.293243"><ele>1089.6</ele></trkpt>
    <trkpt lat="37.243764" lon="-2.293018"><ele>1087.9</ele></trkpt>
    <trkpt lat="37.243609" lon="-2.292895"><ele>1086.7</ele></trkpt>
    <trkpt lat="37.243341" lon="-2.29278"><ele>1085.2</ele></trkpt>
    <trkpt lat="37.243114" lon="-2.292779"><ele>1084.4</ele></trkpt>
    <trkpt lat="37.24288" lon="-2.292798"><ele>1083.8</ele></trkpt>
    <trkpt lat="37.242579" lon="-2.292862"><ele>1083.4</ele></trkpt>
    <trkpt lat="37.242288" lon="-2.292959"><ele>1083.3</ele></trkpt>
    <trkpt lat="37.242013" lon="-2.29305"><ele>1083.4</ele></trkpt>
    <trkpt lat="37.241599" lon="-2.293144"><ele>1084</ele></trkpt>
    <trkpt lat="37.241361" lon="-2.293147"><ele>1084.2</ele></trkpt>
    <trkpt lat="37.241176" lon="-2.293104"><ele>1084.1</ele></trkpt>
    <trkpt lat="37.240943" lon="-2.292957"><ele>1083.6</ele></trkpt>
    <trkpt lat="37.240325" lon="-2.292377"><ele>1079.5</ele></trkpt>
    <trkpt lat="37.240029" lon="-2.292144"><ele>1076.9</ele></trkpt>
    <trkpt lat="37.239612" lon="-2.291948"><ele>1073.5</ele></trkpt>
    <trkpt lat="37.239285" lon="-2.29187"><ele>1071.2</ele></trkpt>
    <trkpt lat="37.239026" lon="-2.291873"><ele>1069.8</ele></trkpt>
    <trkpt lat="37.238905" lon="-2.291905"><ele>1069.3</ele></trkpt>
    <trkpt lat="37.238655" lon="-2.292068"><ele>1068.9</ele></trkpt>
    <trkpt lat="37.238355" lon="-2.29236"><ele>1069.3</ele></trkpt>
    <trkpt lat="37.238242" lon="-2.292466"><ele>1069.7</ele></trkpt>
    <trkpt lat="37.238115" lon="-2.292572"><ele>1070.1</ele></trkpt>
    <trkpt lat="37.237947" lon="-2.292694"><ele>1070.6</ele></trkpt>
    <trkpt lat="37.237761" lon="-2.292755"><ele>1071.1</ele></trkpt>
    <trkpt lat="37.237689" lon="-2.292761"><ele>1071.3</ele></trkpt>
    <trkpt lat="37.237489" lon="-2.29272"><ele>1071.7</ele></trkpt>
    <trkpt lat="37.237217" lon="-2.292601"><ele>1071.9</ele></trkpt>
    <trkpt lat="37.236751" lon="-2.292404"><ele>1071.5</ele></trkpt>
    <trkpt lat="37.236547" lon="-2.292384"><ele>1070.8</ele></trkpt>
    <trkpt lat="37.236369" lon="-2.29241"><ele>1070</ele></trkpt>
    <trkpt lat="37.236131" lon="-2.292517"><ele>1068.7</ele></trkpt>
    <trkpt lat="37.234268" lon="-2.293728"><ele>1061.2</ele></trkpt>
    <trkpt lat="37.233686" lon="-2.294179"><ele>1058.9</ele></trkpt>
    <trkpt lat="37.233524" lon="-2.294358"><ele>1058.1</ele></trkpt>
    <trkpt lat="37.233387" lon="-2.294614"><ele>1057.2</ele></trkpt>
    <trkpt lat="37.233328" lon="-2.294899"><ele>1056.1</ele></trkpt>
    <trkpt lat="37.233305" lon="-2.295277"><ele>1054.4</ele></trkpt>
    <trkpt lat="37.233335" lon="-2.295741"><ele>1051.9</ele></trkpt>
    <trkpt lat="37.23333" lon="-2.29607"><ele>1050.2</ele></trkpt>
    <trkpt lat="37.233303" lon="-2.296151"><ele>1049.7</ele></trkpt>
    <trkpt lat="37.233225" lon="-2.296381"><ele>1048.5</ele></trkpt>
    <trkpt lat="37.233028" lon="-2.296638"><ele>1046.9</ele></trkpt>
    <trkpt lat="37.232876" lon="-2.296765"><ele>1046.1</ele></trkpt>
    <trkpt lat="37.23269" lon="-2.296836"><ele>1045.3</ele></trkpt>
    <trkpt lat="37.232471" lon="-2.296856"><ele>1044.6</ele></trkpt>
    <trkpt lat="37.232265" lon="-2.2968"><ele>1044.1</ele></trkpt>
    <trkpt lat="37.231757" lon="-2.296544"><ele>1043.1</ele></trkpt>
    <trkpt lat="37.231629" lon="-2.296495"><ele>1043.1</ele></trkpt>
    <trkpt lat="37.23152" lon="-2.296451"><ele>1043.2</ele></trkpt>
    <trkpt lat="37.231333" lon="-2.296435"><ele>1043.7</ele></trkpt>
    <trkpt lat="37.231153" lon="-2.296479"><ele>1044.4</ele></trkpt>
    <trkpt lat="37.231034" lon="-2.296526"><ele>1045</ele></trkpt>
    <trkpt lat="37.230761" lon="-2.296732"><ele>1046.8</ele></trkpt>
    <trkpt lat="37.230541" lon="-2.296914"><ele>1048.6</ele></trkpt>
    <trkpt lat="37.230335" lon="-2.297008"><ele>1050.2</ele></trkpt>
    <trkpt lat="37.230126" lon="-2.297047"><ele>1051.9</ele></trkpt>
    <trkpt lat="37.229933" lon="-2.297031"><ele>1053.5</ele></trkpt>
    <trkpt lat="37.229788" lon="-2.296943"><ele>1055.1</ele></trkpt>
    <trkpt lat="37.229651" lon="-2.2968"><ele>1057</ele></trkpt>
    <trkpt lat="37.229533" lon="-2.296609"><ele>1058.9</ele></trkpt>
    <trkpt lat="37.228338" lon="-2.294202"><ele>1070.3</ele></trkpt>
    <trkpt lat="37.228123" lon="-2.293906"><ele>1070.1</ele></trkpt>
    <trkpt lat="37.227917" lon="-2.293752"><ele>1070</ele></trkpt>
    <trkpt lat="37.227704" lon="-2.293678"><ele>1069.9</ele></trkpt>
    <trkpt lat="37.227415" lon="-2.293689"><ele>1069.6</ele></trkpt>
    <trkpt lat="37.227172" lon="-2.293777"><ele>1069.3</ele></trkpt>
    <trkpt lat="37.226935" lon="-2.293997"><ele>1068.9</ele></trkpt>
    <trkpt lat="37.22676" lon="-2.294282"><ele>1069.1</ele></trkpt>
    <trkpt lat="37.226611" lon="-2.294641"><ele>1069.7</ele></trkpt>
    <trkpt lat="37.226484" lon="-2.294978"><ele>1070.2</ele></trkpt>
    <trkpt lat="37.226392" lon="-2.295136"><ele>1070.5</ele></trkpt>
    <trkpt lat="37.226251" lon="-2.295288"><ele>1070.9</ele></trkpt>
    <trkpt lat="37.225616" lon="-2.295677"><ele>1072.3</ele></trkpt>
    <trkpt lat="37.225514" lon="-2.295764"><ele>1072.8</ele></trkpt>
    <trkpt lat="37.225387" lon="-2.295958"><ele>1073.6</ele></trkpt>
    <trkpt lat="37.225309" lon="-2.296372"><ele>1074.9</ele></trkpt>
    <trkpt lat="37.225307" lon="-2.296561"><ele>1075.7</ele></trkpt>
    <trkpt lat="37.225372" lon="-2.297235"><ele>1079.6</ele></trkpt>
    <trkpt lat="37.225351" lon="-2.297523"><ele>1081.7</ele></trkpt>
    <trkpt lat="37.225276" lon="-2.297776"><ele>1083.8</ele></trkpt>
    <trkpt lat="37.225093" lon="-2.298038"><ele>1086.7</ele></trkpt>
    <trkpt lat="37.224112" lon="-2.299062"><ele>1098.7</ele></trkpt>
    <trkpt lat="37.223916" lon="-2.299211"><ele>1101</ele></trkpt>
    <trkpt lat="37.223726" lon="-2.299273"><ele>1103</ele></trkpt>
    <trkpt lat="37.223571" lon="-2.299286"><ele>1104.5</ele></trkpt>
    <trkpt lat="37.223385" lon="-2.299234"><ele>1106.2</ele></trkpt>
    <trkpt lat="37.223246" lon="-2.299146"><ele>1107.3</ele></trkpt>
    <trkpt lat="37.223106" lon="-2.298991"><ele>1108.6</ele></trkpt>
    <trkpt lat="37.223021" lon="-2.298803"><ele>1109.5</ele></trkpt>
    <trkpt lat="37.222972" lon="-2.298608"><ele>1110.3</ele></trkpt>
    <trkpt lat="37.222967" lon="-2.298411"><ele>1111.1</ele></trkpt>
    <trkpt lat="37.223" lon="-2.297679"><ele>1113.2</ele></trkpt>
    <trkpt lat="37.222944" lon="-2.297361"><ele>1113.5</ele></trkpt>
    <trkpt lat="37.22283" lon="-2.297141"><ele>1113.5</ele></trkpt>
    <trkpt lat="37.222541" lon="-2.296746"><ele>1113.6</ele></trkpt>
    <trkpt lat="37.222301" lon="-2.296285"><ele>1114.2</ele></trkpt>
    <trkpt lat="37.222144" lon="-2.295663"><ele>1115.5</ele></trkpt>
    <trkpt lat="37.222015" lon="-2.294869"><ele>1116.6</ele></trkpt>
    <trkpt lat="37.221989" lon="-2.294552"><ele>1116.6</ele></trkpt>
    <trkpt lat="37.222017" lon="-2.294199"><ele>1116.4</ele></trkpt>
    <trkpt lat="37.222152" lon="-2.293463"><ele>1115.4</ele></trkpt>
    <trkpt lat="37.222144" lon="-2.293223"><ele>1114.8</ele></trkpt>
    <trkpt lat="37.222097" lon="-2.292994"><ele>1114.2</ele></trkpt>
    <trkpt lat="37.222005" lon="-2.292822"><ele>1113.6</ele></trkpt>
    <trkpt lat="37.221834" lon="-2.292631"><ele>1113.1</ele></trkpt>
    <trkpt lat="37.221656" lon="-2.29254"><ele>1112.9</ele></trkpt>
    <trkpt lat="37.221523" lon="-2.292514"><ele>1112.8</ele></trkpt>
    <trkpt lat="37.221455" lon="-2.292501"><ele>1112.7</ele></trkpt>
    <trkpt lat="37.221246" lon="-2.292543"><ele>1112.8</ele></trkpt>
    <trkpt lat="37.22112" lon="-2.292631"><ele>1113</ele></trkpt>
    <trkpt lat="37.220942" lon="-2.292851"><ele>1113.4</ele></trkpt>
    <trkpt lat="37.220521" lon="-2.293658"><ele>1115.9</ele></trkpt>
    <trkpt lat="37.217956" lon="-2.297335"><ele>1137</ele></trkpt>
    <trkpt lat="37.217778" lon="-2.297578"><ele>1139</ele></trkpt>
    <trkpt lat="37.217564" lon="-2.297724"><ele>1140.9</ele></trkpt>
    <trkpt lat="37.217399" lon="-2.297776"><ele>1142.3</ele></trkpt>
    <trkpt lat="37.217123" lon="-2.297773"><ele>1144.5</ele></trkpt>
    <trkpt lat="37.216945" lon="-2.297708"><ele>1146.1</ele></trkpt>
    <trkpt lat="37.216777" lon="-2.297588"><ele>1147.7</ele></trkpt>
    <trkpt lat="37.21663" lon="-2.297403"><ele>1149.3</ele></trkpt>
    <trkpt lat="37.216519" lon="-2.297196"><ele>1150.6</ele></trkpt>
    <trkpt lat="37.216462" lon="-2.296982"><ele>1151.6</ele></trkpt>
    <trkpt lat="37.216452" lon="-2.296684"><ele>1152.9</ele></trkpt>
    <trkpt lat="37.216486" lon="-2.296438"><ele>1154</ele></trkpt>
    <trkpt lat="37.21696" lon="-2.294756"><ele>1158</ele></trkpt>
    <trkpt lat="37.217022" lon="-2.294471"><ele>1157.6</ele></trkpt>
    <trkpt lat="37.217038" lon="-2.29426"><ele>1157.2</ele></trkpt>
    <trkpt lat="37.217007" lon="-2.29404"><ele>1156.8</ele></trkpt>
    <trkpt lat="37.216932" lon="-2.293852"><ele>1156.4</ele></trkpt>
    <trkpt lat="37.216806" lon="-2.293658"><ele>1155.9</ele></trkpt>
    <trkpt lat="37.216671" lon="-2.293544"><ele>1155.6</ele></trkpt>
    <trkpt lat="37.216512" lon="-2.293486"><ele>1155.5</ele></trkpt>
    <trkpt lat="37.216344" lon="-2.293473"><ele>1155.6</ele></trkpt>
    <trkpt lat="37.216202" lon="-2.293502"><ele>1156</ele></trkpt>
    <trkpt lat="37.216037" lon="-2.29358"><ele>1156.6</ele></trkpt>
    <trkpt lat="37.215789" lon="-2.293846"><ele>1158.7</ele></trkpt>
    <trkpt lat="37.215257" lon="-2.294892"><ele>1171.5</ele></trkpt>
    <trkpt lat="37.215087" lon="-2.29507"><ele>1174.7</ele></trkpt>
    <trkpt lat="37.214873" lon="-2.29519"><ele>1177.8</ele></trkpt>
    <trkpt lat="37.214677" lon="-2.295213"><ele>1180.1</ele></trkpt>
    <trkpt lat="37.21452" lon="-2.295177"><ele>1181.8</ele></trkpt>
    <trkpt lat="37.214354" lon="-2.295083"><ele>1183.5</ele></trkpt>
    <trkpt lat="37.214169" lon="-2.294892"><ele>1185.6</ele></trkpt>
    <trkpt lat="37.213885" lon="-2.294494"><ele>1188.7</ele></trkpt>
    <trkpt lat="37.213691" lon="-2.294273"><ele>1190.3</ele></trkpt>
    <trkpt lat="37.213144" lon="-2.293761"><ele>1194.8</ele></trkpt>
    <trkpt lat="37.213031" lon="-2.293596"><ele>1196</ele></trkpt>
    <trkpt lat="37.212951" lon="-2.293379"><ele>1197.4</ele></trkpt>
    <trkpt lat="37.212925" lon="-2.293104"><ele>1199</ele></trkpt>
    <trkpt lat="37.212951" lon="-2.292569"><ele>1201.9</ele></trkpt>
    <trkpt lat="37.212922" lon="-2.292258"><ele>1203.8</ele></trkpt>
    <trkpt lat="37.212868" lon="-2.291992"><ele>1205.6</ele></trkpt>
    <trkpt lat="37.212791" lon="-2.291778"><ele>1207.2</ele></trkpt>
    <trkpt lat="37.212682" lon="-2.291594"><ele>1208.7</ele></trkpt>
    <trkpt lat="37.212238" lon="-2.290988"><ele>1214.4</ele></trkpt>
    <trkpt lat="37.212128" lon="-2.290784"><ele>1216.2</ele></trkpt>
    <trkpt lat="37.212035" lon="-2.290531"><ele>1218.1</ele></trkpt>
    <trkpt lat="37.211981" lon="-2.290256"><ele>1220.1</ele></trkpt>
    <trkpt lat="37.211981" lon="-2.289773"><ele>1222.6</ele></trkpt>
    <trkpt lat="37.212024" lon="-2.28953"><ele>1223.6</ele></trkpt>
    <trkpt lat="37.212091" lon="-2.289303"><ele>1224.3</ele></trkpt>
    <trkpt lat="37.212458" lon="-2.288613"><ele>1226</ele></trkpt>
    <trkpt lat="37.212595" lon="-2.288302"><ele>1226.4</ele></trkpt>
    <trkpt lat="37.212649" lon="-2.288049"><ele>1226.6</ele></trkpt>
    <trkpt lat="37.212669" lon="-2.287819"><ele>1226.9</ele></trkpt>
    <trkpt lat="37.212654" lon="-2.287524"><ele>1227.2</ele></trkpt>
    <trkpt lat="37.212471" lon="-2.285898"><ele>1230.6</ele></trkpt>
    <trkpt lat="37.212381" lon="-2.285428"><ele>1231.7</ele></trkpt>
    <trkpt lat="37.212208" lon="-2.285065"><ele>1232.9</ele></trkpt>
    <trkpt lat="37.212078" lon="-2.284906"><ele>1233.6</ele></trkpt>
    <trkpt lat="37.21188" lon="-2.284712"><ele>1235</ele></trkpt>
    <trkpt lat="37.211661" lon="-2.284589"><ele>1236.4</ele></trkpt>
    <trkpt lat="37.21149" lon="-2.28453"><ele>1237.4</ele></trkpt>
    <trkpt lat="37.21125" lon="-2.284508"><ele>1238.7</ele></trkpt>
    <trkpt lat="37.211067" lon="-2.284524"><ele>1239.4</ele></trkpt>
    <trkpt lat="37.210892" lon="-2.284579"><ele>1239.9</ele></trkpt>
    <trkpt lat="37.210719" lon="-2.28467"><ele>1240.2</ele></trkpt>
    <trkpt lat="37.210584" lon="-2.284782"><ele>1240.3</ele></trkpt>
    <trkpt lat="37.210575" lon="-2.284789"><ele>1240.3</ele></trkpt>
    <trkpt lat="37.21052" lon="-2.284835"><ele>1240.3</ele></trkpt>
    <trkpt lat="37.210375" lon="-2.284994"><ele>1240</ele></trkpt>
    <trkpt lat="37.210222" lon="-2.285273"><ele>1239</ele></trkpt>
    <trkpt lat="37.209911" lon="-2.286215"><ele>1230.8</ele></trkpt>
    <trkpt lat="37.209748" lon="-2.286484"><ele>1226.8</ele></trkpt>
    <trkpt lat="37.209586" lon="-2.286669"><ele>1223.6</ele></trkpt>
    <trkpt lat="37.209152" lon="-2.287041"><ele>1216.6</ele></trkpt>
    <trkpt lat="37.208936" lon="-2.287291"><ele>1213.2</ele></trkpt>
    <trkpt lat="37.208807" lon="-2.287489"><ele>1211.1</ele></trkpt>
    <trkpt lat="37.208438" lon="-2.288185"><ele>1205.4</ele></trkpt>
    <trkpt lat="37.208272" lon="-2.288409"><ele>1203.9</ele></trkpt>
    <trkpt lat="37.20667" lon="-2.289993"><ele>1191</ele></trkpt>
    <trkpt lat="37.206417" lon="-2.290311"><ele>1188.9</ele></trkpt>
    <trkpt lat="37.206301" lon="-2.290521"><ele>1187.9</ele></trkpt>
    <trkpt lat="37.20619" lon="-2.290797"><ele>1186.8</ele></trkpt>
    <trkpt lat="37.206136" lon="-2.291024"><ele>1186.1</ele></trkpt>
    <trkpt lat="37.206063" lon="-2.291386"><ele>1185.5</ele></trkpt>
    <trkpt lat="37.20596" lon="-2.292284"><ele>1185.9</ele></trkpt>
    <trkpt lat="37.205893" lon="-2.292566"><ele>1186.4</ele></trkpt>
    <trkpt lat="37.205829" lon="-2.29275"><ele>1186.8</ele></trkpt>
    <trkpt lat="37.205694" lon="-2.292955"><ele>1187.1</ele></trkpt>
    <trkpt lat="37.205578" lon="-2.293094"><ele>1187.2</ele></trkpt>
    <trkpt lat="37.20541" lon="-2.293227"><ele>1187.1</ele></trkpt>
    <trkpt lat="37.20522" lon="-2.293298"><ele>1186.8</ele></trkpt>
    <trkpt lat="37.205057" lon="-2.293305"><ele>1186.4</ele></trkpt>
    <trkpt lat="37.204861" lon="-2.293279"><ele>1185.7</ele></trkpt>
    <trkpt lat="37.204546" lon="-2.29312"><ele>1183.9</ele></trkpt>
    <trkpt lat="37.204389" lon="-2.292955"><ele>1182.3</ele></trkpt>
    <trkpt lat="37.203203" lon="-2.291258"><ele>1165</ele></trkpt>
    <trkpt lat="37.20296" lon="-2.291006"><ele>1162.3</ele></trkpt>
    <trkpt lat="37.202698" lon="-2.290856"><ele>1160</ele></trkpt>
    <trkpt lat="37.202428" lon="-2.290797"><ele>1158.1</ele></trkpt>
    <trkpt lat="37.202267" lon="-2.290801"><ele>1157.1</ele></trkpt>
    <trkpt lat="37.201434" lon="-2.291023"><ele>1152.9</ele></trkpt>
    <trkpt lat="37.201207" lon="-2.291065"><ele>1151.9</ele></trkpt>
    <trkpt lat="37.200781" lon="-2.29108"><ele>1149.6</ele></trkpt>
    <trkpt lat="37.200354" lon="-2.291008"><ele>1146.7</ele></trkpt>
    <trkpt lat="37.198668" lon="-2.290458"><ele>1129.2</ele></trkpt>
    <trkpt lat="37.198336" lon="-2.290438"><ele>1125.6</ele></trkpt>
    <trkpt lat="37.198033" lon="-2.290518"><ele>1122.4</ele></trkpt>
    <trkpt lat="37.197625" lon="-2.290816"><ele>1118.1</ele></trkpt>
    <trkpt lat="37.197181" lon="-2.291192"><ele>1114.6</ele></trkpt>
    <trkpt lat="37.196861" lon="-2.291463"><ele>1112.7</ele></trkpt>
    <trkpt lat="37.196693" lon="-2.291572"><ele>1112</ele></trkpt>
    <trkpt lat="37.196512" lon="-2.29166"><ele>1111.2</ele></trkpt>
    <trkpt lat="37.196306" lon="-2.291712"><ele>1110.4</ele></trkpt>
    <trkpt lat="37.196025" lon="-2.291729"><ele>1109.1</ele></trkpt>
    <trkpt lat="37.195644" lon="-2.29161"><ele>1107</ele></trkpt>
    <trkpt lat="37.195442" lon="-2.291519"><ele>1105.7</ele></trkpt>
    <trkpt lat="37.195356" lon="-2.291445"><ele>1104.9</ele></trkpt>
    <trkpt lat="37.194954" lon="-2.291262"><ele>1101.6</ele></trkpt>
    <trkpt lat="37.194494" lon="-2.291119"><ele>1097.5</ele></trkpt>
    <trkpt lat="37.194201" lon="-2.291069"><ele>1094.8</ele></trkpt>
    <trkpt lat="37.1934" lon="-2.291007"><ele>1086.8</ele></trkpt>
    <trkpt lat="37.193148" lon="-2.290962"><ele>1084.2</ele></trkpt>
    <trkpt lat="37.192877" lon="-2.290839"><ele>1081.2</ele></trkpt>
    <trkpt lat="37.192662" lon="-2.290662"><ele>1078.6</ele></trkpt>
    <trkpt lat="37.192499" lon="-2.290462"><ele>1076.4</ele></trkpt>
    <trkpt lat="37.192324" lon="-2.290084"><ele>1073.1</ele></trkpt>
    <trkpt lat="37.192135" lon="-2.28953"><ele>1068.9</ele></trkpt>
    <trkpt lat="37.192045" lon="-2.289183"><ele>1066.4</ele></trkpt>
    <trkpt lat="37.192005" lon="-2.288886"><ele>1064.4</ele></trkpt>
    <trkpt lat="37.191989" lon="-2.288412"><ele>1061</ele></trkpt>
    <trkpt lat="37.192035" lon="-2.287231"><ele>1054.3</ele></trkpt>
    <trkpt lat="37.192056" lon="-2.286469"><ele>1050.9</ele></trkpt>
    <trkpt lat="37.192016" lon="-2.285976"><ele>1049</ele></trkpt>
    <trkpt lat="37.191875" lon="-2.285469"><ele>1047.1</ele></trkpt>
    <trkpt lat="37.191787" lon="-2.285271"><ele>1046</ele></trkpt>
    <trkpt lat="37.191598" lon="-2.28497"><ele>1044</ele></trkpt>
    <trkpt lat="37.189941" lon="-2.283057"><ele>1025.5</ele></trkpt>
    <trkpt lat="37.189633" lon="-2.28274"><ele>1021.5</ele></trkpt>
    <trkpt lat="37.189279" lon="-2.282423"><ele>1017.1</ele></trkpt>
    <trkpt lat="37.18784" lon="-2.281295"><ele>999.9</ele></trkpt>
    <trkpt lat="37.187408" lon="-2.281054"><ele>995.3</ele></trkpt>
    <trkpt lat="37.186895" lon="-2.280867"><ele>990.2</ele></trkpt>
    <trkpt lat="37.186484" lon="-2.280787"><ele>986.5</ele></trkpt>
    <trkpt lat="37.186144" lon="-2.280769"><ele>984.2</ele></trkpt>
    <trkpt lat="37.185595" lon="-2.280832"><ele>981.6</ele></trkpt>
    <trkpt lat="37.184436" lon="-2.281135"><ele>981</ele></trkpt>
    <trkpt lat="37.183814" lon="-2.281255"><ele>980.4</ele></trkpt>
    <trkpt lat="37.18346" lon="-2.281271"><ele>979.2</ele></trkpt>
    <trkpt lat="37.182189" lon="-2.281248"><ele>970.6</ele></trkpt>
    <trkpt lat="37.18192" lon="-2.281218"><ele>968.5</ele></trkpt>
    <trkpt lat="37.181617" lon="-2.281135"><ele>966.2</ele></trkpt>
    <trkpt lat="37.181151" lon="-2.280888"><ele>962.8</ele></trkpt>
    <trkpt lat="37.180907" lon="-2.280701"><ele>960.8</ele></trkpt>
    <trkpt lat="37.18072" lon="-2.28051"><ele>959.1</ele></trkpt>
    <trkpt lat="37.180526" lon="-2.280263"><ele>957</ele></trkpt>
    <trkpt lat="37.179723" lon="-2.279025"><ele>945.5</ele></trkpt>
    <trkpt lat="37.179516" lon="-2.278741"><ele>942.4</ele></trkpt>
    <trkpt lat="37.179322" lon="-2.278561"><ele>939.9</ele></trkpt>
    <trkpt lat="37.179146" lon="-2.278467"><ele>937.9</ele></trkpt>
    <trkpt lat="37.178936" lon="-2.278401"><ele>935.7</ele></trkpt>
    <trkpt lat="37.17868" lon="-2.278401"><ele>933</ele></trkpt>
    <trkpt lat="37.178324" lon="-2.278517"><ele>929.6</ele></trkpt>
    <trkpt lat="37.178038" lon="-2.278752"><ele>926.9</ele></trkpt>
    <trkpt lat="37.177905" lon="-2.278938"><ele>925.5</ele></trkpt>
    <trkpt lat="37.177798" lon="-2.279157"><ele>924.3</ele></trkpt>
    <trkpt lat="37.177724" lon="-2.279407"><ele>923.2</ele></trkpt>
    <trkpt lat="37.17745" lon="-2.280724"><ele>917.5</ele></trkpt>
    <trkpt lat="37.177363" lon="-2.281033"><ele>915.5</ele></trkpt>
    <trkpt lat="37.17725" lon="-2.281303"><ele>913.4</ele></trkpt>
    <trkpt lat="37.177109" lon="-2.281541"><ele>911</ele></trkpt>
    <trkpt lat="37.176872" lon="-2.281862"><ele>907</ele></trkpt>
    <trkpt lat="37.175505" lon="-2.283592"><ele>884.1</ele></trkpt>
    <trkpt lat="37.175239" lon="-2.283977"><ele>880.3</ele></trkpt>
    <trkpt lat="37.174991" lon="-2.284412"><ele>876.7</ele></trkpt>
    <trkpt lat="37.174825" lon="-2.284775"><ele>874.3</ele></trkpt>
    <trkpt lat="37.174583" lon="-2.285446"><ele>870.8</ele></trkpt>
    <trkpt lat="37.174397" lon="-2.286229"><ele>867.6</ele></trkpt>
    <trkpt lat="37.174296" lon="-2.286959"><ele>864.8</ele></trkpt>
    <trkpt lat="37.174019" lon="-2.289543"><ele>855.3</ele></trkpt>
    <trkpt lat="37.173961" lon="-2.289869"><ele>854.6</ele></trkpt>
    <trkpt lat="37.173793" lon="-2.290462"><ele>853.7</ele></trkpt>
    <trkpt lat="37.173634" lon="-2.290859"><ele>853.4</ele></trkpt>
    <trkpt lat="37.173377" lon="-2.29136"><ele>853.1</ele></trkpt>
    <trkpt lat="37.173003" lon="-2.291881"><ele>852.4</ele></trkpt>
    <trkpt lat="37.172809" lon="-2.292098"><ele>851.9</ele></trkpt>
    <trkpt lat="37.172592" lon="-2.292309"><ele>851.2</ele></trkpt>
    <trkpt lat="37.172091" lon="-2.292688"><ele>849.5</ele></trkpt>
    <trkpt lat="37.171003" lon="-2.293327"><ele>844.6</ele></trkpt>
    <trkpt lat="37.170786" lon="-2.293452"><ele>843.5</ele></trkpt>
    <trkpt lat="37.169507" lon="-2.294191"><ele>838.7</ele></trkpt>
    <trkpt lat="37.168842" lon="-2.294514"><ele>835.8</ele></trkpt>
    <trkpt lat="37.168187" lon="-2.294729"><ele>831.1</ele></trkpt>
    <trkpt lat="37.166647" lon="-2.295112"><ele>814.2</ele></trkpt>
    <trkpt lat="37.16621" lon="-2.295269"><ele>810.3</ele></trkpt>
    <trkpt lat="37.165793" lon="-2.295469"><ele>806.9</ele></trkpt>
    <trkpt lat="37.16542" lon="-2.295699"><ele>803.9</ele></trkpt>
    <trkpt lat="37.164984" lon="-2.29605"><ele>799.6</ele></trkpt>
    <trkpt lat="37.164628" lon="-2.2964"><ele>794.9</ele></trkpt>
    <trkpt lat="37.164359" lon="-2.296718"><ele>790.6</ele></trkpt>
    <trkpt lat="37.164066" lon="-2.297128"><ele>785.5</ele></trkpt>
    <trkpt lat="37.163859" lon="-2.297479"><ele>781.9</ele></trkpt>
    <trkpt lat="37.16367" lon="-2.297883"><ele>778.7</ele></trkpt>
    <trkpt lat="37.163351" lon="-2.298774"><ele>775.5</ele></trkpt>
    <trkpt lat="37.163171" lon="-2.299507"><ele>775.5</ele></trkpt>
    <trkpt lat="37.162848" lon="-2.301259"><ele>774.9</ele></trkpt>
    <trkpt lat="37.162268" lon="-2.304325"><ele>758.3</ele></trkpt>
    <trkpt lat="37.162164" lon="-2.304803"><ele>756.6</ele></trkpt>
    <trkpt lat="37.161964" lon="-2.305525"><ele>754.4</ele></trkpt>
    <trkpt lat="37.161204" lon="-2.307614"><ele>747.7</ele></trkpt>
    <trkpt lat="37.160959" lon="-2.308381"><ele>745</ele></trkpt>
    <trkpt lat="37.160566" lon="-2.310297"><ele>738.4</ele></trkpt>
    <trkpt lat="37.160129" lon="-2.312381"><ele>727.1</ele></trkpt>
    <trkpt lat="37.160012" lon="-2.312721"><ele>724.5</ele></trkpt>
    <trkpt lat="37.159844" lon="-2.313052"><ele>721.9</ele></trkpt>
    <trkpt lat="37.159629" lon="-2.313372"><ele>719.1</ele></trkpt>
    <trkpt lat="37.159424" lon="-2.313599"><ele>717</ele></trkpt>
    <trkpt lat="37.15737" lon="-2.315572"><ele>704.8</ele></trkpt>
    <trkpt lat="37.157061" lon="-2.315909"><ele>702.7</ele></trkpt>
    <trkpt lat="37.156676" lon="-2.316346"><ele>699.5</ele></trkpt>
    <trkpt lat="37.156293" lon="-2.316867"><ele>696.4</ele></trkpt>
    <trkpt lat="37.155987" lon="-2.317315"><ele>694.5</ele></trkpt>
    <trkpt lat="37.155819" lon="-2.317602"><ele>693.4</ele></trkpt>
    <trkpt lat="37.155409" lon="-2.318299"><ele>690.7</ele></trkpt>
    <trkpt lat="37.155156" lon="-2.318607"><ele>689.1</ele></trkpt>
    <trkpt lat="37.153922" lon="-2.319662"><ele>678.7</ele></trkpt>
    <trkpt lat="37.153757" lon="-2.319809"><ele>677.5</ele></trkpt>
    <trkpt lat="37.153496" lon="-2.320052"><ele>675.8</ele></trkpt>
    <trkpt lat="37.15318" lon="-2.320406"><ele>673.9</ele></trkpt>
    <trkpt lat="37.152682" lon="-2.321063"><ele>670.6</ele></trkpt>
    <trkpt lat="37.151474" lon="-2.322866"><ele>656.7</ele></trkpt>
    <trkpt lat="37.150644" lon="-2.324058"><ele>648.6</ele></trkpt>
    <trkpt lat="37.150386" lon="-2.324342"><ele>646.1</ele></trkpt>
    <trkpt lat="37.148954" lon="-2.325543"><ele>633</ele></trkpt>
    <trkpt lat="37.148651" lon="-2.325877"><ele>631.1</ele></trkpt>
    <trkpt lat="37.148382" lon="-2.326284"><ele>629.7</ele></trkpt>
    <trkpt lat="37.148175" lon="-2.326688"><ele>628.7</ele></trkpt>
    <trkpt lat="37.148013" lon="-2.327086"><ele>627.8</ele></trkpt>
    <trkpt lat="37.147697" lon="-2.328364"><ele>624.5</ele></trkpt>
    <trkpt lat="37.147684" lon="-2.32849"><ele>624.2</ele></trkpt>
    <trkpt lat="37.147365" lon="-2.329923"><ele>620.7</ele></trkpt>
    <trkpt lat="37.147202" lon="-2.330632"><ele>619.7</ele></trkpt>
    <trkpt lat="37.146978" lon="-2.331534"><ele>618.1</ele></trkpt>
    <trkpt lat="37.14665" lon="-2.332684"><ele>616.6</ele></trkpt>
    <trkpt lat="37.1466" lon="-2.332822"><ele>616.3</ele></trkpt>
    <trkpt lat="37.146498" lon="-2.333057"><ele>615.8</ele></trkpt>
    <trkpt lat="37.146457" lon="-2.333105"><ele>615.7</ele></trkpt>
    <trkpt lat="37.146257" lon="-2.333425"><ele>615</ele></trkpt>
    <trkpt lat="37.144777" lon="-2.335433"><ele>610.9</ele></trkpt>
    <trkpt lat="37.144098" lon="-2.336058"><ele>609</ele></trkpt>
    <trkpt lat="37.143333" lon="-2.336646"><ele>606.6</ele></trkpt>
    <trkpt lat="37.142741" lon="-2.337053"><ele>604.7</ele></trkpt>
    <trkpt lat="37.142615" lon="-2.337096"><ele>604.4</ele></trkpt>
    <trkpt lat="37.142574" lon="-2.337109"><ele>604.3</ele></trkpt>
    <trkpt lat="37.142296" lon="-2.337203"><ele>603.7</ele></trkpt>
    <trkpt lat="37.141886" lon="-2.337263"><ele>603.3</ele></trkpt>
    <trkpt lat="37.141221" lon="-2.337197"><ele>603.9</ele></trkpt>
    <trkpt lat="37.140634" lon="-2.337221"><ele>606</ele></trkpt>
    <trkpt lat="37.14007" lon="-2.337419"><ele>607.9</ele></trkpt>
    <trkpt lat="37.13963" lon="-2.337748"><ele>608.8</ele></trkpt>
    <trkpt lat="37.138966" lon="-2.338372"><ele>607.4</ele></trkpt>
    <trkpt lat="37.138493" lon="-2.338707"><ele>605</ele></trkpt>
    <trkpt lat="37.136869" lon="-2.339241"><ele>598.7</ele></trkpt>
    <trkpt lat="37.133634" lon="-2.340766"><ele>587.2</ele></trkpt>
    <trkpt lat="37.132316" lon="-2.341416"><ele>581.8</ele></trkpt>
    <trkpt lat="37.13164" lon="-2.341856"><ele>579.3</ele></trkpt>
    <trkpt lat="37.130632" lon="-2.342808"><ele>576.1</ele></trkpt>
    <trkpt lat="37.130343" lon="-2.343087"><ele>575.5</ele></trkpt>
    <trkpt lat="37.129433" lon="-2.343936"><ele>576</ele></trkpt>
    <trkpt lat="37.128913" lon="-2.344289"><ele>576.8</ele></trkpt>
    <trkpt lat="37.128634" lon="-2.344459"><ele>577</ele></trkpt>
    <trkpt lat="37.127561" lon="-2.344793"><ele>576.3</ele></trkpt>
    <trkpt lat="37.126349" lon="-2.345025"><ele>573.7</ele></trkpt>
    <trkpt lat="37.125779" lon="-2.345159"><ele>572.5</ele></trkpt>
    <trkpt lat="37.125129" lon="-2.345386"><ele>571.2</ele></trkpt>
    <trkpt lat="37.121054" lon="-2.347668"><ele>561.9</ele></trkpt>
    <trkpt lat="37.115708" lon="-2.3515"><ele>561.4</ele></trkpt>
    <trkpt lat="37.115182" lon="-2.351896"><ele>560.8</ele></trkpt>
    <trkpt lat="37.114675" lon="-2.352198"><ele>559.8</ele></trkpt>
    <trkpt lat="37.113073" lon="-2.35312"><ele>554</ele></trkpt>
    <trkpt lat="37.107806" lon="-2.356052"><ele>531.5</ele></trkpt>
    <trkpt lat="37.107363" lon="-2.35631"><ele>529.6</ele></trkpt>
    <trkpt lat="37.106937" lon="-2.356598"><ele>527.8</ele></trkpt>
    <trkpt lat="37.10627" lon="-2.357182"><ele>525</ele></trkpt>
    <trkpt lat="37.105242" lon="-2.358376"><ele>520.8</ele></trkpt>
    <trkpt lat="37.104714" lon="-2.358936"><ele>519</ele></trkpt>
    <trkpt lat="37.102378" lon="-2.36108"><ele>511.2</ele></trkpt>
    <trkpt lat="37.101913" lon="-2.361462"><ele>509.7</ele></trkpt>
    <trkpt lat="37.10163" lon="-2.361658"><ele>508.8</ele></trkpt>
    <trkpt lat="37.100014" lon="-2.362619"><ele>503.8</ele></trkpt>
    <trkpt lat="37.099635" lon="-2.362894"><ele>502.7</ele></trkpt>
    <trkpt lat="37.099613" lon="-2.362913"><ele>502.7</ele></trkpt>
    <trkpt lat="37.098162" lon="-2.364279"><ele>499.7</ele></trkpt>
    <trkpt lat="37.09728" lon="-2.36504"><ele>498.2</ele></trkpt>
    <trkpt lat="37.097096" lon="-2.365175"><ele>497.8</ele></trkpt>
    <trkpt lat="37.096811" lon="-2.365362"><ele>497.2</ele></trkpt>
    <trkpt lat="37.095754" lon="-2.366117"><ele>493.9</ele></trkpt>
    <trkpt lat="37.094183" lon="-2.367548"><ele>488.8</ele></trkpt>
    <trkpt lat="37.09294" lon="-2.368678"><ele>485.6</ele></trkpt>
    <trkpt lat="37.092526" lon="-2.369001"><ele>484.7</ele></trkpt>
    <trkpt lat="37.092079" lon="-2.369291"><ele>483.6</ele></trkpt>
    <trkpt lat="37.091319" lon="-2.369655"><ele>482</ele></trkpt>
    <trkpt lat="37.089339" lon="-2.37039"><ele>478.5</ele></trkpt>
    <trkpt lat="37.088989" lon="-2.370528"><ele>477.9</ele></trkpt>
    <trkpt lat="37.088423" lon="-2.370831"><ele>477.1</ele></trkpt>
    <trkpt lat="37.086793" lon="-2.371876"><ele>474.8</ele></trkpt>
    <trkpt lat="37.086331" lon="-2.372211"><ele>474.1</ele></trkpt>
    <trkpt lat="37.085853" lon="-2.372637"><ele>473.4</ele></trkpt>
    <trkpt lat="37.084349" lon="-2.374144"><ele>472.1</ele></trkpt>
    <trkpt lat="37.08433" lon="-2.374163"><ele>472.1</ele></trkpt>
    <trkpt lat="37.082414" lon="-2.376086"><ele>473.4</ele></trkpt>
    <trkpt lat="37.081331" lon="-2.377116"><ele>473.6</ele></trkpt>
    <trkpt lat="37.080679" lon="-2.377649"><ele>473.4</ele></trkpt>
    <trkpt lat="37.080502" lon="-2.37779"><ele>473.3</ele></trkpt>
    <trkpt lat="37.079264" lon="-2.378773"><ele>472.3</ele></trkpt>
    <trkpt lat="37.078523" lon="-2.379366"><ele>471.5</ele></trkpt>
    <trkpt lat="37.076055" lon="-2.381318"><ele>467.6</ele></trkpt>
    <trkpt lat="37.07443" lon="-2.382427"><ele>465.5</ele></trkpt>
    <trkpt lat="37.072693" lon="-2.383614"><ele>463.1</ele></trkpt>
    <trkpt lat="37.072609" lon="-2.383694"><ele>463</ele></trkpt>
    <trkpt lat="37.071642" lon="-2.384348"><ele>461.7</ele></trkpt>
    <trkpt lat="37.071399" lon="-2.384632"><ele>461.3</ele></trkpt>
    <trkpt lat="37.071354" lon="-2.384737"><ele>461.2</ele></trkpt>
    <trkpt lat="37.071318" lon="-2.384935"><ele>460.9</ele></trkpt>
    <trkpt lat="37.071445" lon="-2.385372"><ele>460.6</ele></trkpt>
    <trkpt lat="37.071571" lon="-2.385564"><ele>460.5</ele></trkpt>
    <trkpt lat="37.071681" lon="-2.38567"><ele>460.5</ele></trkpt>
    <trkpt lat="37.07188" lon="-2.385782"><ele>460.6</ele></trkpt>
    <trkpt lat="37.07211" lon="-2.385812"><ele>460.7</ele></trkpt>
    <trkpt lat="37.072805" lon="-2.385684"><ele>461.6</ele></trkpt>
    <trkpt lat="37.0733" lon="-2.385641"><ele>462.9</ele></trkpt>
    <trkpt lat="37.075166" lon="-2.385551"><ele>468.9</ele></trkpt>
    <trkpt lat="37.075416" lon="-2.38554"><ele>469.5</ele></trkpt>
    <trkpt lat="37.075739" lon="-2.38553"><ele>470.3</ele></trkpt>
    <trkpt lat="37.076004" lon="-2.385577"><ele>470.9</ele></trkpt>
    <trkpt lat="37.076651" lon="-2.385735"><ele>472.3</ele></trkpt>
    <trkpt lat="37.079938" lon="-2.386301"><ele>480.9</ele></trkpt>
    <trkpt lat="37.081301" lon="-2.386668"><ele>484.2</ele></trkpt>
    <trkpt lat="37.082305" lon="-2.386852"><ele>486.7</ele></trkpt>
    <trkpt lat="37.084499" lon="-2.387088"><ele>492.9</ele></trkpt>
    <trkpt lat="37.086385" lon="-2.387345"><ele>497.3</ele></trkpt>
    <trkpt lat="37.087095" lon="-2.387499"><ele>498.8</ele></trkpt>
    <trkpt lat="37.089517" lon="-2.388213"><ele>504.6</ele></trkpt>
    <trkpt lat="37.08979" lon="-2.388377"><ele>505.4</ele></trkpt>
    <trkpt lat="37.090065" lon="-2.388685"><ele>506.4</ele></trkpt>
    <trkpt lat="37.090175" lon="-2.388869"><ele>506.9</ele></trkpt>
    <trkpt lat="37.090964" lon="-2.39026"><ele>509.1</ele></trkpt>
    <trkpt lat="37.091107" lon="-2.390691"><ele>509</ele></trkpt>
    <trkpt lat="37.091198" lon="-2.391118"><ele>509</ele></trkpt>
    <trkpt lat="37.091195" lon="-2.391833"><ele>509</ele></trkpt>
    <trkpt lat="37.091169" lon="-2.392378"><ele>509.6</ele></trkpt>
    <trkpt lat="37.091185" lon="-2.39286"><ele>510.6</ele></trkpt>
    <trkpt lat="37.091191" lon="-2.393041"><ele>511</ele></trkpt>
    <trkpt lat="37.091266" lon="-2.393541"><ele>512.6</ele></trkpt>
    <trkpt lat="37.091435" lon="-2.394006"><ele>514.3</ele></trkpt>
    <trkpt lat="37.091918" lon="-2.395012"><ele>517.7</ele></trkpt>
    <trkpt lat="37.09231" lon="-2.39572"><ele>520</ele></trkpt>
    <trkpt lat="37.093049" lon="-2.39674"><ele>523.3</ele></trkpt>
    <trkpt lat="37.093386" lon="-2.397139"><ele>524.6</ele></trkpt>
    <trkpt lat="37.094019" lon="-2.397834"><ele>526.6</ele></trkpt>
    <trkpt lat="37.09459" lon="-2.398399"><ele>528.1</ele></trkpt>
    <trkpt lat="37.095521" lon="-2.399049"><ele>530.3</ele></trkpt>
    <trkpt lat="37.096247" lon="-2.399452"><ele>532</ele></trkpt>
    <trkpt lat="37.097261" lon="-2.399948"><ele>534.5</ele></trkpt>
    <trkpt lat="37.098212" lon="-2.400401"><ele>537.1</ele></trkpt>
    <trkpt lat="37.100791" lon="-2.401737"><ele>545.3</ele></trkpt>
    <trkpt lat="37.103515" lon="-2.402992"><ele>553.6</ele></trkpt>
    <trkpt lat="37.104808" lon="-2.403549"><ele>557.6</ele></trkpt>
    <trkpt lat="37.105503" lon="-2.40392"><ele>559.7</ele></trkpt>
    <trkpt lat="37.108391" lon="-2.405683"><ele>568</ele></trkpt>
    <trkpt lat="37.11269" lon="-2.408297"><ele>581.3</ele></trkpt>
    <trkpt lat="37.114506" lon="-2.409361"><ele>587</ele></trkpt>
    <trkpt lat="37.116255" lon="-2.410397"><ele>593.2</ele></trkpt>
    <trkpt lat="37.116611" lon="-2.410728"><ele>594.8</ele></trkpt>
    <trkpt lat="37.117689" lon="-2.412023"><ele>600.1</ele></trkpt>
    <trkpt lat="37.118016" lon="-2.412363"><ele>601.3</ele></trkpt>
    <trkpt lat="37.118351" lon="-2.412615"><ele>602.4</ele></trkpt>
    <trkpt lat="37.121765" lon="-2.414479"><ele>611.4</ele></trkpt>
    <trkpt lat="37.122113" lon="-2.414793"><ele>612.5</ele></trkpt>
    <trkpt lat="37.124421" lon="-2.417324"><ele>620.1</ele></trkpt>
    <trkpt lat="37.125703" lon="-2.418685"><ele>625.4</ele></trkpt>
    <trkpt lat="37.126256" lon="-2.419405"><ele>629.6</ele></trkpt>
    <trkpt lat="37.126563" lon="-2.419865"><ele>633.3</ele></trkpt>
    <trkpt lat="37.126756" lon="-2.420249"><ele>636.7</ele></trkpt>
    <trkpt lat="37.12701" lon="-2.421204"><ele>643.7</ele></trkpt>
    <trkpt lat="37.127151" lon="-2.421636"><ele>645.7</ele></trkpt>
    <trkpt lat="37.127348" lon="-2.422025"><ele>646.9</ele></trkpt>
    <trkpt lat="37.127952" lon="-2.422459"><ele>646.8</ele></trkpt>
    <trkpt lat="37.128747" lon="-2.422949"><ele>645</ele></trkpt>
    <trkpt lat="37.129536" lon="-2.422909"><ele>645.8</ele></trkpt>
    <trkpt lat="37.12987" lon="-2.423072"><ele>646.6</ele></trkpt>
    <trkpt lat="37.131529" lon="-2.424009"><ele>651.3</ele></trkpt>
    <trkpt lat="37.131874" lon="-2.424128"><ele>651.7</ele></trkpt>
    <trkpt lat="37.133741" lon="-2.424195"><ele>651.9</ele></trkpt>
    <trkpt lat="37.134262" lon="-2.424142"><ele>652.2</ele></trkpt>
    <trkpt lat="37.135312" lon="-2.423832"><ele>654.4</ele></trkpt>
    <trkpt lat="37.135562" lon="-2.423806"><ele>655.2</ele></trkpt>
    <trkpt lat="37.135922" lon="-2.423929"><ele>656.5</ele></trkpt>
    <trkpt lat="37.138207" lon="-2.425132"><ele>669.7</ele></trkpt>
    <trkpt lat="37.138879" lon="-2.425491"><ele>674.8</ele></trkpt>
    <trkpt lat="37.13955" lon="-2.425807"><ele>677.1</ele></trkpt>
    <trkpt lat="37.139993" lon="-2.425874"><ele>676.7</ele></trkpt>
    <trkpt lat="37.140578" lon="-2.425789"><ele>675.1</ele></trkpt>
    <trkpt lat="37.141065" lon="-2.425707"><ele>673.7</ele></trkpt>
    <trkpt lat="37.14131" lon="-2.425659"><ele>673.2</ele></trkpt>
    <trkpt lat="37.141576" lon="-2.425594"><ele>673.1</ele></trkpt>
    <trkpt lat="37.142715" lon="-2.42521"><ele>674.2</ele></trkpt>
    <trkpt lat="37.142882" lon="-2.425152"><ele>674.5</ele></trkpt>
    <trkpt lat="37.143433" lon="-2.424872"><ele>676</ele></trkpt>
    <trkpt lat="37.143794" lon="-2.4247"><ele>676.9</ele></trkpt>
    <trkpt lat="37.144118" lon="-2.424529"><ele>677.6</ele></trkpt>
    <trkpt lat="37.14461" lon="-2.423719"><ele>679.4</ele></trkpt>
    <trkpt lat="37.144872" lon="-2.423471"><ele>679.8</ele></trkpt>
    <trkpt lat="37.145092" lon="-2.423286"><ele>680.1</ele></trkpt>
    <trkpt lat="37.145242" lon="-2.423163"><ele>680.3</ele></trkpt>
    <trkpt lat="37.145261" lon="-2.423147"><ele>680.3</ele></trkpt>
    <trkpt lat="37.145489" lon="-2.422965"><ele>680.6</ele></trkpt>
    <trkpt lat="37.146017" lon="-2.422529"><ele>681.2</ele></trkpt>
    <trkpt lat="37.146636" lon="-2.422017"><ele>681.6</ele></trkpt>
    <trkpt lat="37.146986" lon="-2.421728"><ele>682</ele></trkpt>
    <trkpt lat="37.147087" lon="-2.421644"><ele>682.1</ele></trkpt>
    <trkpt lat="37.148544" lon="-2.420415"><ele>687.4</ele></trkpt>
    <trkpt lat="37.149216" lon="-2.419874"><ele>693.7</ele></trkpt>
    <trkpt lat="37.149528" lon="-2.419592"><ele>695.8</ele></trkpt>
    <trkpt lat="37.149843" lon="-2.41926"><ele>697.5</ele></trkpt>
    <trkpt lat="37.150015" lon="-2.419078"><ele>698.4</ele></trkpt>
    <trkpt lat="37.150204" lon="-2.418948"><ele>699.3</ele></trkpt>
    <trkpt lat="37.150437" lon="-2.418886"><ele>700</ele></trkpt>
    <trkpt lat="37.15067" lon="-2.41888"><ele>700.4</ele></trkpt>
    <trkpt lat="37.151087" lon="-2.418857"><ele>700.9</ele></trkpt>
    <trkpt lat="37.151393" lon="-2.4188"><ele>701.6</ele></trkpt>
    <trkpt lat="37.151566" lon="-2.418716"><ele>702.2</ele></trkpt>
    <trkpt lat="37.151762" lon="-2.418554"><ele>703</ele></trkpt>
    <trkpt lat="37.152008" lon="-2.418278"><ele>704</ele></trkpt>
    <trkpt lat="37.152314" lon="-2.41797"><ele>704.7</ele></trkpt>
    <trkpt lat="37.152528" lon="-2.417823"><ele>705</ele></trkpt>
    <trkpt lat="37.152957" lon="-2.417654"><ele>705.6</ele></trkpt>
    <trkpt lat="37.153483" lon="-2.41755"><ele>706.8</ele></trkpt>
    <trkpt lat="37.153705" lon="-2.417533"><ele>707.5</ele></trkpt>
    <trkpt lat="37.154421" lon="-2.417616"><ele>710.2</ele></trkpt>
    <trkpt lat="37.154782" lon="-2.417673"><ele>712.5</ele></trkpt>
    <trkpt lat="37.155082" lon="-2.417721"><ele>714.2</ele></trkpt>
    <trkpt lat="37.155195" lon="-2.417697"><ele>714.6</ele></trkpt>
    <trkpt lat="37.155276" lon="-2.41766"><ele>714.8</ele></trkpt>
    <trkpt lat="37.155442" lon="-2.417498"><ele>715.4</ele></trkpt>
    <trkpt lat="37.15573" lon="-2.417054"><ele>716.2</ele></trkpt>
    <trkpt lat="37.155923" lon="-2.416845"><ele>716.7</ele></trkpt>
    <trkpt lat="37.15595" lon="-2.416821"><ele>716.8</ele></trkpt>
    <trkpt lat="37.156408" lon="-2.416494"><ele>717.6</ele></trkpt>
    <trkpt lat="37.156801" lon="-2.416264"><ele>716.9</ele></trkpt>
    <trkpt lat="37.157059" lon="-2.416216"><ele>716.6</ele></trkpt>
    <trkpt lat="37.157359" lon="-2.41626"><ele>716.7</ele></trkpt>
    <trkpt lat="37.157623" lon="-2.416353"><ele>717</ele></trkpt>
    <trkpt lat="37.158102" lon="-2.41662"><ele>717.4</ele></trkpt>
    <trkpt lat="37.159272" lon="-2.417324"><ele>718.8</ele></trkpt>
    <trkpt lat="37.159745" lon="-2.417583"><ele>720.8</ele></trkpt>
    <trkpt lat="37.159898" lon="-2.417584"><ele>721.5</ele></trkpt>
    <trkpt lat="37.160065" lon="-2.417505"><ele>722.4</ele></trkpt>
    <trkpt lat="37.160815" lon="-2.416797"><ele>726.5</ele></trkpt>
    <trkpt lat="37.161026" lon="-2.416688"><ele>727.3</ele></trkpt>
    <trkpt lat="37.161442" lon="-2.416556"><ele>728.5</ele></trkpt>
    <trkpt lat="37.161606" lon="-2.416572"><ele>728.9</ele></trkpt>
    <trkpt lat="37.161835" lon="-2.41665"><ele>729.4</ele></trkpt>
    <trkpt lat="37.1621" lon="-2.416674"><ele>729.8</ele></trkpt>
    <trkpt lat="37.162328" lon="-2.416634"><ele>730.1</ele></trkpt>
    <trkpt lat="37.162417" lon="-2.416589"><ele>730.2</ele></trkpt>
    <trkpt lat="37.162559" lon="-2.416428"><ele>730.4</ele></trkpt>
    <trkpt lat="37.16263" lon="-2.416302"><ele>730.6</ele></trkpt>
    <trkpt lat="37.162819" lon="-2.415797"><ele>731.3</ele></trkpt>
    <trkpt lat="37.162924" lon="-2.415616"><ele>731.6</ele></trkpt>
    <trkpt lat="37.163047" lon="-2.415471"><ele>731.9</ele></trkpt>
    <trkpt lat="37.163323" lon="-2.415264"><ele>732.5</ele></trkpt>
    <trkpt lat="37.163836" lon="-2.415008"><ele>733.8</ele></trkpt>
    <trkpt lat="37.164264" lon="-2.414862"><ele>735.6</ele></trkpt>
    <trkpt lat="37.164413" lon="-2.414833"><ele>736.4</ele></trkpt>
    <trkpt lat="37.164787" lon="-2.414772"><ele>738.7</ele></trkpt>
    <trkpt lat="37.166074" lon="-2.41456"><ele>748.2</ele></trkpt>
    <trkpt lat="37.166187" lon="-2.414538"><ele>749.1</ele></trkpt>
    <trkpt lat="37.166964" lon="-2.414395"><ele>753.9</ele></trkpt>
    <trkpt lat="37.167365" lon="-2.414321"><ele>755.6</ele></trkpt>
    <trkpt lat="37.168489" lon="-2.414069"><ele>757.6</ele></trkpt>
    <trkpt lat="37.169803" lon="-2.413774"><ele>757.2</ele></trkpt>
    <trkpt lat="37.170414" lon="-2.413631"><ele>757.5</ele></trkpt>
    <trkpt lat="37.172878" lon="-2.413093"><ele>765</ele></trkpt>
    <trkpt lat="37.17306" lon="-2.413035"><ele>765.6</ele></trkpt>
    <trkpt lat="37.173187" lon="-2.413025"><ele>766</ele></trkpt>
    <trkpt lat="37.173391" lon="-2.413054"><ele>766.6</ele></trkpt>
    <trkpt lat="37.173822" lon="-2.413192"><ele>767.4</ele></trkpt>
    <trkpt lat="37.174006" lon="-2.413204"><ele>767.7</ele></trkpt>
    <trkpt lat="37.174563" lon="-2.413157"><ele>768.8</ele></trkpt>
    <trkpt lat="37.174892" lon="-2.413047"><ele>769.5</ele></trkpt>
    <trkpt lat="37.175214" lon="-2.412952"><ele>769.8</ele></trkpt>
    <trkpt lat="37.17544" lon="-2.412953"><ele>770</ele></trkpt>
    <trkpt lat="37.176706" lon="-2.413407"><ele>772.9</ele></trkpt>
    <trkpt lat="37.177007" lon="-2.413537"><ele>774.3</ele></trkpt>
    <trkpt lat="37.177415" lon="-2.413632"><ele>776.5</ele></trkpt>
    <trkpt lat="37.177877" lon="-2.413673"><ele>779.2</ele></trkpt>
    <trkpt lat="37.17803" lon="-2.413664"><ele>780.2</ele></trkpt>
    <trkpt lat="37.178485" lon="-2.413554"><ele>783.2</ele></trkpt>
    <trkpt lat="37.178852" lon="-2.413356"><ele>786.4</ele></trkpt>
    <trkpt lat="37.179198" lon="-2.413124"><ele>789.4</ele></trkpt>
    <trkpt lat="37.179349" lon="-2.412988"><ele>790.6</ele></trkpt>
    <trkpt lat="37.179591" lon="-2.412687"><ele>792.8</ele></trkpt>
    <trkpt lat="37.17995" lon="-2.412103"><ele>797.1</ele></trkpt>
    <trkpt lat="37.18016" lon="-2.411852"><ele>799.1</ele></trkpt>
    <trkpt lat="37.180272" lon="-2.411707"><ele>799.9</ele></trkpt>
    <trkpt lat="37.180547" lon="-2.411154"><ele>801.7</ele></trkpt>
    <trkpt lat="37.180652" lon="-2.411005"><ele>802.2</ele></trkpt>
    <trkpt lat="37.180811" lon="-2.410846"><ele>802.7</ele></trkpt>
    <trkpt lat="37.181319" lon="-2.410401"><ele>804.1</ele></trkpt>
    <trkpt lat="37.181465" lon="-2.410311"><ele>804.3</ele></trkpt>
    <trkpt lat="37.182056" lon="-2.410081"><ele>806</ele></trkpt>
    <trkpt lat="37.182699" lon="-2.409878"><ele>810.9</ele></trkpt>
    <trkpt lat="37.18287" lon="-2.409774"><ele>812.7</ele></trkpt>
    <trkpt lat="37.182988" lon="-2.409664"><ele>814.2</ele></trkpt>
    <trkpt lat="37.183195" lon="-2.409409"><ele>817.5</ele></trkpt>
    <trkpt lat="37.183648" lon="-2.408705"><ele>826.6</ele></trkpt>
    <trkpt lat="37.18384" lon="-2.408297"><ele>830.6</ele></trkpt>
    <trkpt lat="37.183909" lon="-2.407989"><ele>833</ele></trkpt>
    <trkpt lat="37.184021" lon="-2.406757"><ele>839.7</ele></trkpt>
    <trkpt lat="37.184189" lon="-2.405986"><ele>841.9</ele></trkpt>
    <trkpt lat="37.184367" lon="-2.405363"><ele>842.4</ele></trkpt>
    <trkpt lat="37.184641" lon="-2.404733"><ele>842.3</ele></trkpt>
    <trkpt lat="37.184747" lon="-2.404592"><ele>842.2</ele></trkpt>
    <trkpt lat="37.184834" lon="-2.404532"><ele>842.1</ele></trkpt>
    <trkpt lat="37.185473" lon="-2.404309"><ele>840.8</ele></trkpt>
    <trkpt lat="37.185707" lon="-2.404296"><ele>840.6</ele></trkpt>
    <trkpt lat="37.185791" lon="-2.404321"><ele>840.6</ele></trkpt>
    <trkpt lat="37.185859" lon="-2.404365"><ele>840.6</ele></trkpt>
    <trkpt lat="37.185968" lon="-2.404482"><ele>840.6</ele></trkpt>
    <trkpt lat="37.186188" lon="-2.404625"><ele>840.9</ele></trkpt>
    <trkpt lat="37.186478" lon="-2.404696"><ele>841.4</ele></trkpt>
    <trkpt lat="37.187395" lon="-2.4048"><ele>844.8</ele></trkpt>
    <trkpt lat="37.187756" lon="-2.4048"><ele>846.8</ele></trkpt>
    <trkpt lat="37.18805" lon="-2.404749"><ele>848.5</ele></trkpt>
    <trkpt lat="37.188321" lon="-2.404631"><ele>850.3</ele></trkpt>
    <trkpt lat="37.188452" lon="-2.404542"><ele>851.3</ele></trkpt>
    <trkpt lat="37.188715" lon="-2.404258"><ele>853.7</ele></trkpt>
    <trkpt lat="37.189003" lon="-2.404014"><ele>856.3</ele></trkpt>
    <trkpt lat="37.18917" lon="-2.403924"><ele>857.8</ele></trkpt>
    <trkpt lat="37.18949" lon="-2.403828"><ele>860.8</ele></trkpt>
    <trkpt lat="37.18971" lon="-2.403727"><ele>863.1</ele></trkpt>
    <trkpt lat="37.189815" lon="-2.403665"><ele>864.2</ele></trkpt>
    <trkpt lat="37.189999" lon="-2.403502"><ele>866.2</ele></trkpt>
    <trkpt lat="37.190461" lon="-2.403114"><ele>870.7</ele></trkpt>
    <trkpt lat="37.190679" lon="-2.403018"><ele>872.3</ele></trkpt>
    <trkpt lat="37.190835" lon="-2.40303"><ele>873.4</ele></trkpt>
    <trkpt lat="37.1909" lon="-2.40306"><ele>873.9</ele></trkpt>
    <trkpt lat="37.191121" lon="-2.403236"><ele>875.4</ele></trkpt>
    <trkpt lat="37.191212" lon="-2.403444"><ele>876.4</ele></trkpt>
    <trkpt lat="37.191325" lon="-2.405064"><ele>883</ele></trkpt>
    <trkpt lat="37.191371" lon="-2.405248"><ele>884.1</ele></trkpt>
    <trkpt lat="37.191474" lon="-2.405362"><ele>885.1</ele></trkpt>
    <trkpt lat="37.191533" lon="-2.405381"><ele>885.6</ele></trkpt>
    <trkpt lat="37.191683" lon="-2.405349"><ele>886.8</ele></trkpt>
    <trkpt lat="37.191837" lon="-2.405237"><ele>888.4</ele></trkpt>
    <trkpt lat="37.192013" lon="-2.405043"><ele>890.6</ele></trkpt>
    <trkpt lat="37.192082" lon="-2.404915"><ele>891.8</ele></trkpt>
    <trkpt lat="37.192143" lon="-2.40467"><ele>893.8</ele></trkpt>
    <trkpt lat="37.192116" lon="-2.404202"><ele>897.5</ele></trkpt>
    <trkpt lat="37.192153" lon="-2.40414"><ele>898.1</ele></trkpt>
    <trkpt lat="37.192192" lon="-2.404138"><ele>898.5</ele></trkpt>
    <trkpt lat="37.192223" lon="-2.404162"><ele>898.9</ele></trkpt>
    <trkpt lat="37.192284" lon="-2.404238"><ele>899.8</ele></trkpt>
    <trkpt lat="37.192431" lon="-2.404789"><ele>904.4</ele></trkpt>
    <trkpt lat="37.192533" lon="-2.405029"><ele>906.1</ele></trkpt>
    <trkpt lat="37.192704" lon="-2.40522"><ele>907.6</ele></trkpt>
    <trkpt lat="37.192998" lon="-2.405418"><ele>909.4</ele></trkpt>
    <trkpt lat="37.193029" lon="-2.405491"><ele>909.7</ele></trkpt>
    <trkpt lat="37.193026" lon="-2.405665"><ele>910.4</ele></trkpt>
    <trkpt lat="37.192905" lon="-2.406005"><ele>912.2</ele></trkpt>
    <trkpt lat="37.192863" lon="-2.406228"><ele>913.5</ele></trkpt>
    <trkpt lat="37.192916" lon="-2.406446"><ele>914.9</ele></trkpt>
    <trkpt lat="37.193036" lon="-2.40666"><ele>916.7</ele></trkpt>
    <trkpt lat="37.193188" lon="-2.406769"><ele>918.3</ele></trkpt>
    <trkpt lat="37.193299" lon="-2.406811"><ele>919.3</ele></trkpt>
    <trkpt lat="37.193517" lon="-2.406856"><ele>921.6</ele></trkpt>
    <trkpt lat="37.193601" lon="-2.406839"><ele>922.5</ele></trkpt>
    <trkpt lat="37.193687" lon="-2.406788"><ele>923.6</ele></trkpt>
    <trkpt lat="37.193853" lon="-2.406605"><ele>926.3</ele></trkpt>
    <trkpt lat="37.193897" lon="-2.406505"><ele>927.4</ele></trkpt>
    <trkpt lat="37.193908" lon="-2.406376"><ele>928.7</ele></trkpt>
    <trkpt lat="37.193905" lon="-2.406332"><ele>929.2</ele></trkpt>
    <trkpt lat="37.193855" lon="-2.405946"><ele>932.9</ele></trkpt>
    <trkpt lat="37.193877" lon="-2.405606"><ele>935.8</ele></trkpt>
    <trkpt lat="37.193939" lon="-2.405334"><ele>937.9</ele></trkpt>
    <trkpt lat="37.193983" lon="-2.404993"><ele>940.1</ele></trkpt>
    <trkpt lat="37.193961" lon="-2.404749"><ele>941.4</ele></trkpt>
    <trkpt lat="37.193865" lon="-2.404407"><ele>943.6</ele></trkpt>
    <trkpt lat="37.19386" lon="-2.404256"><ele>944.7</ele></trkpt>
    <trkpt lat="37.193935" lon="-2.404104"><ele>946</ele></trkpt>
    <trkpt lat="37.194003" lon="-2.404047"><ele>946.7</ele></trkpt>
    <trkpt lat="37.194064" lon="-2.404027"><ele>947.4</ele></trkpt>
    <trkpt lat="37.194187" lon="-2.404046"><ele>948.6</ele></trkpt>
    <trkpt lat="37.194342" lon="-2.404156"><ele>950.4</ele></trkpt>
    <trkpt lat="37.194823" lon="-2.40489"><ele>959.2</ele></trkpt>
    <trkpt lat="37.194892" lon="-2.404984"><ele>960.5</ele></trkpt>
    <trkpt lat="37.195112" lon="-2.405183"><ele>963.8</ele></trkpt>
    <trkpt lat="37.195546" lon="-2.405489"><ele>970.4</ele></trkpt>
    <trkpt lat="37.195982" lon="-2.406034"><ele>978.1</ele></trkpt>
    <trkpt lat="37.196196" lon="-2.40619"><ele>980.6</ele></trkpt>
    <trkpt lat="37.196402" lon="-2.40629"><ele>982.9</ele></trkpt>
    <trkpt lat="37.196742" lon="-2.406558"><ele>987</ele></trkpt>
    <trkpt lat="37.19683" lon="-2.40667"><ele>988.2</ele></trkpt>
    <trkpt lat="37.196863" lon="-2.406755"><ele>989</ele></trkpt>
    <trkpt lat="37.19694" lon="-2.40745"><ele>994</ele></trkpt>
    <trkpt lat="37.197041" lon="-2.407801"><ele>996.2</ele></trkpt>
    <trkpt lat="37.197174" lon="-2.40812"><ele>998.5</ele></trkpt>
    <trkpt lat="37.197196" lon="-2.408264"><ele>999.5</ele></trkpt>
    <trkpt lat="37.197207" lon="-2.409097"><ele>1006</ele></trkpt>
    <trkpt lat="37.197218" lon="-2.409657"><ele>1011.2</ele></trkpt>
    <trkpt lat="37.197278" lon="-2.409864"><ele>1013.5</ele></trkpt>
    <trkpt lat="37.19738" lon="-2.409997"><ele>1015.5</ele></trkpt>
    <trkpt lat="37.197471" lon="-2.410054"><ele>1017</ele></trkpt>
    <trkpt lat="37.197981" lon="-2.410247"><ele>1025.4</ele></trkpt>
    <trkpt lat="37.198394" lon="-2.410349"><ele>1032.2</ele></trkpt>
    <trkpt lat="37.198699" lon="-2.410326"><ele>1036.7</ele></trkpt>
    <trkpt lat="37.199066" lon="-2.410149"><ele>1041.8</ele></trkpt>
    <trkpt lat="37.199139" lon="-2.410123"><ele>1042.7</ele></trkpt>
    <trkpt lat="37.199212" lon="-2.410135"><ele>1043.6</ele></trkpt>
    <trkpt lat="37.199321" lon="-2.410224"><ele>1045.1</ele></trkpt>
    <trkpt lat="37.199363" lon="-2.41034"><ele>1046.2</ele></trkpt>
    <trkpt lat="37.199429" lon="-2.410759"><ele>1049.7</ele></trkpt>
    <trkpt lat="37.199459" lon="-2.410836"><ele>1050.4</ele></trkpt>
    <trkpt lat="37.199581" lon="-2.410955"><ele>1052</ele></trkpt>
    <trkpt lat="37.199709" lon="-2.410949"><ele>1053.2</ele></trkpt>
    <trkpt lat="37.199804" lon="-2.410839"><ele>1054.5</ele></trkpt>
    <trkpt lat="37.199827" lon="-2.410708"><ele>1055.5</ele></trkpt>
    <trkpt lat="37.199648" lon="-2.409809"><ele>1062.1</ele></trkpt>
    <trkpt lat="37.199569" lon="-2.409662"><ele>1063.3</ele></trkpt>
    <trkpt lat="37.199406" lon="-2.409546"><ele>1064.7</ele></trkpt>
    <trkpt lat="37.198512" lon="-2.409416"><ele>1068.9</ele></trkpt>
    <trkpt lat="37.198383" lon="-2.409303"><ele>1069.2</ele></trkpt>
    <trkpt lat="37.198354" lon="-2.409216"><ele>1069.3</ele></trkpt>
    <trkpt lat="37.19833" lon="-2.409052"><ele>1069.4</ele></trkpt>
    <trkpt lat="37.198313" lon="-2.408151"><ele>1070.2</ele></trkpt>
    <trkpt lat="37.198149" lon="-2.407012"><ele>1074.5</ele></trkpt>
    <trkpt lat="37.198203" lon="-2.406436"><ele>1079</ele></trkpt>
    <trkpt lat="37.19823" lon="-2.406367"><ele>1079.8</ele></trkpt>
    <trkpt lat="37.19828" lon="-2.406316"><ele>1080.6</ele></trkpt>
    <trkpt lat="37.198479" lon="-2.406291"><ele>1083.3</ele></trkpt>
    <trkpt lat="37.198557" lon="-2.406313"><ele>1084.5</ele></trkpt>
    <trkpt lat="37.198648" lon="-2.406427"><ele>1086.6</ele></trkpt>
    <trkpt lat="37.198731" lon="-2.406837"><ele>1092.5</ele></trkpt>
    <trkpt lat="37.198841" lon="-2.407208"><ele>1098.5</ele></trkpt>
    <trkpt lat="37.198985" lon="-2.407428"><ele>1102.7</ele></trkpt>
    <trkpt lat="37.199607" lon="-2.407843"><ele>1114.5</ele></trkpt>
    <trkpt lat="37.200002" lon="-2.408238"><ele>1121</ele></trkpt>
    <trkpt lat="37.200102" lon="-2.408292"><ele>1122.1</ele></trkpt>
    <trkpt lat="37.200167" lon="-2.40828"><ele>1122.7</ele></trkpt>
    <trkpt lat="37.200239" lon="-2.408204"><ele>1123.6</ele></trkpt>
    <trkpt lat="37.200285" lon="-2.407813"><ele>1125.7</ele></trkpt>
    <trkpt lat="37.200339" lon="-2.407641"><ele>1126.4</ele></trkpt>
    <trkpt lat="37.20083" lon="-2.406351"><ele>1134.1</ele></trkpt>
    <trkpt lat="37.201001" lon="-2.405954"><ele>1138.4</ele></trkpt>
    <trkpt lat="37.20111" lon="-2.405778"><ele>1140.9</ele></trkpt>
    <trkpt lat="37.201288" lon="-2.405619"><ele>1144.4</ele></trkpt>
    <trkpt lat="37.201379" lon="-2.405597"><ele>1146</ele></trkpt>
    <trkpt lat="37.201533" lon="-2.405634"><ele>1148.9</ele></trkpt>
    <trkpt lat="37.201676" lon="-2.405712"><ele>1151.8</ele></trkpt>
    <trkpt lat="37.201912" lon="-2.405915"><ele>1157.2</ele></trkpt>
    <trkpt lat="37.202206" lon="-2.406313"><ele>1164.8</ele></trkpt>
    <trkpt lat="37.203011" lon="-2.40755"><ele>1183.8</ele></trkpt>
    <trkpt lat="37.2031" lon="-2.407694"><ele>1185.8</ele></trkpt>
    <trkpt lat="37.2033" lon="-2.407931"><ele>1189.4</ele></trkpt>
    <trkpt lat="37.203936" lon="-2.408527"><ele>1199.1</ele></trkpt>
    <trkpt lat="37.204186" lon="-2.408712"><ele>1201.9</ele></trkpt>
    <trkpt lat="37.204431" lon="-2.408834"><ele>1204.1</ele></trkpt>
    <trkpt lat="37.204778" lon="-2.4089"><ele>1206.8</ele></trkpt>
    <trkpt lat="37.205278" lon="-2.40888"><ele>1210.4</ele></trkpt>
    <trkpt lat="37.205462" lon="-2.409001"><ele>1211.9</ele></trkpt>
    <trkpt lat="37.205995" lon="-2.409518"><ele>1218.1</ele></trkpt>
    <trkpt lat="37.20651" lon="-2.409547"><ele>1225.1</ele></trkpt>
    <trkpt lat="37.206769" lon="-2.409686"><ele>1228.6</ele></trkpt>
    <trkpt lat="37.207132" lon="-2.409979"><ele>1233.8</ele></trkpt>
    <trkpt lat="37.207414" lon="-2.410018"><ele>1237.2</ele></trkpt>
    <trkpt lat="37.207812" lon="-2.410055"><ele>1241.5</ele></trkpt>
    <trkpt lat="37.207933" lon="-2.410107"><ele>1242.7</ele></trkpt>
    <trkpt lat="37.208048" lon="-2.410242"><ele>1244</ele></trkpt>
    <trkpt lat="37.208152" lon="-2.410527"><ele>1245.6</ele></trkpt>
    <trkpt lat="37.208208" lon="-2.410558"><ele>1246</ele></trkpt>
    <trkpt lat="37.208268" lon="-2.410553"><ele>1246.4</ele></trkpt>
    <trkpt lat="37.208399" lon="-2.41044"><ele>1247.3</ele></trkpt>
    <trkpt lat="37.208644" lon="-2.410013"><ele>1250.5</ele></trkpt>
    <trkpt lat="37.208916" lon="-2.40974"><ele>1253.5</ele></trkpt>
    <trkpt lat="37.209113" lon="-2.409612"><ele>1255.6</ele></trkpt>
    <trkpt lat="37.209368" lon="-2.409578"><ele>1258.3</ele></trkpt>
    <trkpt lat="37.209874" lon="-2.409619"><ele>1264.4</ele></trkpt>
    <trkpt lat="37.210057" lon="-2.409675"><ele>1266.9</ele></trkpt>
    <trkpt lat="37.210146" lon="-2.409738"><ele>1268.2</ele></trkpt>
    <trkpt lat="37.210428" lon="-2.410051"><ele>1273.1</ele></trkpt>
    <trkpt lat="37.210554" lon="-2.410105"><ele>1274.7</ele></trkpt>
    <trkpt lat="37.210646" lon="-2.410107"><ele>1275.8</ele></trkpt>
    <trkpt lat="37.210837" lon="-2.410045"><ele>1278</ele></trkpt>
    <trkpt lat="37.210968" lon="-2.40998"><ele>1279.4</ele></trkpt>
    <trkpt lat="37.211249" lon="-2.409737"><ele>1282.4</ele></trkpt>
    <trkpt lat="37.211337" lon="-2.409736"><ele>1283</ele></trkpt>
    <trkpt lat="37.211373" lon="-2.40977"><ele>1283.4</ele></trkpt>
    <trkpt lat="37.211383" lon="-2.409839"><ele>1283.7</ele></trkpt>
    <trkpt lat="37.211373" lon="-2.4099"><ele>1284</ele></trkpt>
    <trkpt lat="37.211297" lon="-2.410032"><ele>1284.7</ele></trkpt>
    <trkpt lat="37.21105" lon="-2.410229"><ele>1286.1</ele></trkpt>
    <trkpt lat="37.210569" lon="-2.410532"><ele>1288.1</ele></trkpt>
    <trkpt lat="37.210459" lon="-2.410545"><ele>1288.6</ele></trkpt>
    <trkpt lat="37.209962" lon="-2.410416"><ele>1291.7</ele></trkpt>
    <trkpt lat="37.209865" lon="-2.410443"><ele>1292.5</ele></trkpt>
    <trkpt lat="37.209793" lon="-2.410498"><ele>1293.2</ele></trkpt>
    <trkpt lat="37.209726" lon="-2.410653"><ele>1294.3</ele></trkpt>
    <trkpt lat="37.209742" lon="-2.4109"><ele>1295.7</ele></trkpt>
    <trkpt lat="37.209796" lon="-2.411055"><ele>1296.6</ele></trkpt>
    <trkpt lat="37.210039" lon="-2.411491"><ele>1299.7</ele></trkpt>
    <trkpt lat="37.210075" lon="-2.411608"><ele>1300.5</ele></trkpt>
    <trkpt lat="37.21006" lon="-2.411784"><ele>1301.6</ele></trkpt>
    <trkpt lat="37.209971" lon="-2.411919"><ele>1302.8</ele></trkpt>
    <trkpt lat="37.209642" lon="-2.412251"><ele>1306.3</ele></trkpt>
    <trkpt lat="37.209503" lon="-2.412378"><ele>1307.5</ele></trkpt>
    <trkpt lat="37.208806" lon="-2.41275"><ele>1311.7</ele></trkpt>
    <trkpt lat="37.208631" lon="-2.412874"><ele>1312.8</ele></trkpt>
    <trkpt lat="37.208404" lon="-2.413091"><ele>1314.4</ele></trkpt>
    <trkpt lat="37.208305" lon="-2.413148"><ele>1314.9</ele></trkpt>
    <trkpt lat="37.208205" lon="-2.413175"><ele>1315.2</ele></trkpt>
    <trkpt lat="37.207931" lon="-2.41313"><ele>1316.1</ele></trkpt>
    <trkpt lat="37.207604" lon="-2.413115"><ele>1316.7</ele></trkpt>
    <trkpt lat="37.207501" lon="-2.413135"><ele>1316.8</ele></trkpt>
    <trkpt lat="37.207213" lon="-2.413263"><ele>1316.9</ele></trkpt>
    <trkpt lat="37.207081" lon="-2.413401"><ele>1317</ele></trkpt>
    <trkpt lat="37.207029" lon="-2.413598"><ele>1317.2</ele></trkpt>
    <trkpt lat="37.207029" lon="-2.413702"><ele>1317.4</ele></trkpt>
    <trkpt lat="37.207107" lon="-2.413849"><ele>1317.8</ele></trkpt>
    <trkpt lat="37.207189" lon="-2.413927"><ele>1318.2</ele></trkpt>
    <trkpt lat="37.207364" lon="-2.414056"><ele>1319.2</ele></trkpt>
    <trkpt lat="37.207995" lon="-2.414428"><ele>1324.2</ele></trkpt>
    <trkpt lat="37.20807" lon="-2.414437"><ele>1324.9</ele></trkpt>
    <trkpt lat="37.20823" lon="-2.414368"><ele>1326.3</ele></trkpt>
    <trkpt lat="37.208342" lon="-2.414215"><ele>1327.9</ele></trkpt>
    <trkpt lat="37.208477" lon="-2.413911"><ele>1330.7</ele></trkpt>
    <trkpt lat="37.208658" lon="-2.413679"><ele>1333.4</ele></trkpt>
    <trkpt lat="37.208892" lon="-2.413505"><ele>1336</ele></trkpt>
    <trkpt lat="37.209122" lon="-2.413415"><ele>1338.3</ele></trkpt>
    <trkpt lat="37.210823" lon="-2.412758"><ele>1353.4</ele></trkpt>
    <trkpt lat="37.211303" lon="-2.412603"><ele>1358.2</ele></trkpt>
    <trkpt lat="37.211666" lon="-2.412508"><ele>1362.1</ele></trkpt>
    <trkpt lat="37.211936" lon="-2.412464"><ele>1364.3</ele></trkpt>
    <trkpt lat="37.212405" lon="-2.412516"><ele>1367.4</ele></trkpt>
    <trkpt lat="37.212557" lon="-2.412502"><ele>1368.4</ele></trkpt>
    <trkpt lat="37.212697" lon="-2.412469"><ele>1369.3</ele></trkpt>
    <trkpt lat="37.212903" lon="-2.412368"><ele>1370.5</ele></trkpt>
    <trkpt lat="37.2131" lon="-2.412264"><ele>1371.3</ele></trkpt>
    <trkpt lat="37.213186" lon="-2.412192"><ele>1371.6</ele></trkpt>
    <trkpt lat="37.213245" lon="-2.41209"><ele>1371.8</ele></trkpt>
    <trkpt lat="37.213322" lon="-2.411925"><ele>1371.8</ele></trkpt>
    <trkpt lat="37.213412" lon="-2.411572"><ele>1371.2</ele></trkpt>
    <trkpt lat="37.213401" lon="-2.411428"><ele>1370.6</ele></trkpt>
    <trkpt lat="37.213179" lon="-2.410448"><ele>1368</ele></trkpt>
    <trkpt lat="37.212958" lon="-2.409731"><ele>1368.1</ele></trkpt>
    <trkpt lat="37.212944" lon="-2.409629"><ele>1368.4</ele></trkpt>
    <trkpt lat="37.212947" lon="-2.409569"><ele>1368.6</ele></trkpt>
    <trkpt lat="37.212979" lon="-2.409516"><ele>1368.9</ele></trkpt>
    <trkpt lat="37.213072" lon="-2.4095"><ele>1369.3</ele></trkpt>
    <trkpt lat="37.213176" lon="-2.409603"><ele>1370.1</ele></trkpt>
    <trkpt lat="37.213208" lon="-2.409692"><ele>1370.6</ele></trkpt>
    <trkpt lat="37.213296" lon="-2.41013"><ele>1373.8</ele></trkpt>
    <trkpt lat="37.213381" lon="-2.410379"><ele>1376.2</ele></trkpt>
    <trkpt lat="37.213718" lon="-2.411104"><ele>1385.2</ele></trkpt>
    <trkpt lat="37.213897" lon="-2.411651"><ele>1390.9</ele></trkpt>
    <trkpt lat="37.213915" lon="-2.411794"><ele>1392.2</ele></trkpt>
    <trkpt lat="37.213903" lon="-2.411901"><ele>1393.2</ele></trkpt>
    <trkpt lat="37.213755" lon="-2.412267"><ele>1396.9</ele></trkpt>
    <trkpt lat="37.213662" lon="-2.412575"><ele>1399.8</ele></trkpt>
    <trkpt lat="37.213632" lon="-2.412711"><ele>1401</ele></trkpt>
    <trkpt lat="37.213534" lon="-2.412906"><ele>1402.8</ele></trkpt>
    <trkpt lat="37.212982" lon="-2.413431"><ele>1409</ele></trkpt>
    <trkpt lat="37.212815" lon="-2.413547"><ele>1410.5</ele></trkpt>
    <trkpt lat="37.212094" lon="-2.413799"><ele>1414.9</ele></trkpt>
    <trkpt lat="37.211728" lon="-2.414044"><ele>1416.6</ele></trkpt>
    <trkpt lat="37.211243" lon="-2.4146"><ele>1419.2</ele></trkpt>
    <trkpt lat="37.210876" lon="-2.414924"><ele>1421.5</ele></trkpt>
    <trkpt lat="37.210601" lon="-2.415126"><ele>1423.5</ele></trkpt>
    <trkpt lat="37.210583" lon="-2.415223"><ele>1424.1</ele></trkpt>
    <trkpt lat="37.210626" lon="-2.41529"><ele>1424.6</ele></trkpt>
    <trkpt lat="37.210708" lon="-2.415294"><ele>1425.1</ele></trkpt>
    <trkpt lat="37.210768" lon="-2.415261"><ele>1425.6</ele></trkpt>
    <trkpt lat="37.210972" lon="-2.415078"><ele>1427.5</ele></trkpt>
    <trkpt lat="37.211575" lon="-2.41468"><ele>1433.7</ele></trkpt>
    <trkpt lat="37.211821" lon="-2.414559"><ele>1436.3</ele></trkpt>
    <trkpt lat="37.212212" lon="-2.414417"><ele>1440.5</ele></trkpt>
    <trkpt lat="37.212489" lon="-2.414371"><ele>1443.3</ele></trkpt>
    <trkpt lat="37.212751" lon="-2.414523"><ele>1446.4</ele></trkpt>
    <trkpt lat="37.212847" lon="-2.414547"><ele>1447.6</ele></trkpt>
    <trkpt lat="37.213014" lon="-2.414492"><ele>1449.6</ele></trkpt>
    <trkpt lat="37.213231" lon="-2.414344"><ele>1452.8</ele></trkpt>
    <trkpt lat="37.213341" lon="-2.414327"><ele>1454.2</ele></trkpt>
    <trkpt lat="37.213627" lon="-2.41439"><ele>1458.2</ele></trkpt>
    <trkpt lat="37.214314" lon="-2.414547"><ele>1467.8</ele></trkpt>
    <trkpt lat="37.214736" lon="-2.414572"><ele>1472.9</ele></trkpt>
    <trkpt lat="37.21483" lon="-2.414633"><ele>1474</ele></trkpt>
    <trkpt lat="37.214861" lon="-2.414724"><ele>1474.7</ele></trkpt>
    <trkpt lat="37.214846" lon="-2.414788"><ele>1475.2</ele></trkpt>
    <trkpt lat="37.21477" lon="-2.41488"><ele>1476.2</ele></trkpt>
    <trkpt lat="37.214615" lon="-2.414957"><ele>1477.5</ele></trkpt>
    <trkpt lat="37.214501" lon="-2.414983"><ele>1478.4</ele></trkpt>
    <trkpt lat="37.213983" lon="-2.415023"><ele>1481.7</ele></trkpt>
    <trkpt lat="37.213745" lon="-2.415078"><ele>1482.7</ele></trkpt>
    <trkpt lat="37.213624" lon="-2.415218"><ele>1483.3</ele></trkpt>
    <trkpt lat="37.213414" lon="-2.415674"><ele>1484.4</ele></trkpt>
    <trkpt lat="37.213303" lon="-2.415774"><ele>1484.8</ele></trkpt>
    <trkpt lat="37.213131" lon="-2.415783"><ele>1485.4</ele></trkpt>
    <trkpt lat="37.212948" lon="-2.415729"><ele>1486.1</ele></trkpt>
    <trkpt lat="37.212502" lon="-2.415433"><ele>1488.6</ele></trkpt>
    <trkpt lat="37.212409" lon="-2.415439"><ele>1489.1</ele></trkpt>
    <trkpt lat="37.21237" lon="-2.415487"><ele>1489.4</ele></trkpt>
    <trkpt lat="37.212346" lon="-2.415629"><ele>1490.1</ele></trkpt>
    <trkpt lat="37.212401" lon="-2.415785"><ele>1490.9</ele></trkpt>
    <trkpt lat="37.212572" lon="-2.415914"><ele>1492.1</ele></trkpt>
    <trkpt lat="37.213518" lon="-2.416445"><ele>1500.5</ele></trkpt>
    <trkpt lat="37.213733" lon="-2.416544"><ele>1502.3</ele></trkpt>
    <trkpt lat="37.213897" lon="-2.416581"><ele>1503.5</ele></trkpt>
    <trkpt lat="37.214106" lon="-2.416539"><ele>1505</ele></trkpt>
    <trkpt lat="37.214316" lon="-2.416437"><ele>1506.4</ele></trkpt>
    <trkpt lat="37.214954" lon="-2.415995"><ele>1509.7</ele></trkpt>
    <trkpt lat="37.215257" lon="-2.415719"><ele>1511</ele></trkpt>
    <trkpt lat="37.215591" lon="-2.415463"><ele>1512.4</ele></trkpt>
    <trkpt lat="37.215676" lon="-2.415299"><ele>1513.1</ele></trkpt>
    <trkpt lat="37.215767" lon="-2.415023"><ele>1514.2</ele></trkpt>
    <trkpt lat="37.215883" lon="-2.414838"><ele>1515.3</ele></trkpt>
    <trkpt lat="37.216497" lon="-2.414341"><ele>1520.7</ele></trkpt>
    <trkpt lat="37.216544" lon="-2.414327"><ele>1521.2</ele></trkpt>
    <trkpt lat="37.216607" lon="-2.414361"><ele>1521.8</ele></trkpt>
    <trkpt lat="37.216627" lon="-2.414471"><ele>1522.6</ele></trkpt>
    <trkpt lat="37.216577" lon="-2.414587"><ele>1523.7</ele></trkpt>
    <trkpt lat="37.216338" lon="-2.414837"><ele>1526.8</ele></trkpt>
    <trkpt lat="37.216192" lon="-2.415057"><ele>1529.2</ele></trkpt>
    <trkpt lat="37.216133" lon="-2.415332"><ele>1531.6</ele></trkpt>
    <trkpt lat="37.21614" lon="-2.415778"><ele>1535.8</ele></trkpt>
    <trkpt lat="37.216121" lon="-2.415885"><ele>1536.8</ele></trkpt>
    <trkpt lat="37.215745" lon="-2.416504"><ele>1543</ele></trkpt>
    <trkpt lat="37.215597" lon="-2.416922"><ele>1545.4</ele></trkpt>
    <trkpt lat="37.215513" lon="-2.41717"><ele>1546.5</ele></trkpt>
    <trkpt lat="37.215437" lon="-2.417287"><ele>1547.1</ele></trkpt>
    <trkpt lat="37.215333" lon="-2.417394"><ele>1547.6</ele></trkpt>
    <trkpt lat="37.21491" lon="-2.417719"><ele>1549.6</ele></trkpt>
    <trkpt lat="37.214433" lon="-2.418045"><ele>1551.7</ele></trkpt>
    <trkpt lat="37.214374" lon="-2.418116"><ele>1552</ele></trkpt>
    <trkpt lat="37.21435" lon="-2.418188"><ele>1552.3</ele></trkpt>
    <trkpt lat="37.214377" lon="-2.418315"><ele>1552.9</ele></trkpt>
    <trkpt lat="37.214417" lon="-2.418353"><ele>1553.2</ele></trkpt>
    <trkpt lat="37.214511" lon="-2.418354"><ele>1553.8</ele></trkpt>
    <trkpt lat="37.214862" lon="-2.418015"><ele>1557.3</ele></trkpt>
    <trkpt lat="37.216164" lon="-2.41727"><ele>1570.6</ele></trkpt>
    <trkpt lat="37.21632" lon="-2.417139"><ele>1572.1</ele></trkpt>
    <trkpt lat="37.216473" lon="-2.416949"><ele>1573.7</ele></trkpt>
    <trkpt lat="37.216671" lon="-2.416694"><ele>1575.9</ele></trkpt>
    <trkpt lat="37.216935" lon="-2.416556"><ele>1577.9</ele></trkpt>
    <trkpt lat="37.217081" lon="-2.416433"><ele>1579.1</ele></trkpt>
    <trkpt lat="37.217201" lon="-2.416198"><ele>1580.6</ele></trkpt>
    <trkpt lat="37.217461" lon="-2.415441"><ele>1585.4</ele></trkpt>
    <trkpt lat="37.217548" lon="-2.415352"><ele>1586.3</ele></trkpt>
    <trkpt lat="37.217642" lon="-2.415383"><ele>1587.1</ele></trkpt>
    <trkpt lat="37.217668" lon="-2.415478"><ele>1587.8</ele></trkpt>
    <trkpt lat="37.21765" lon="-2.415562"><ele>1588.3</ele></trkpt>
    <trkpt lat="37.217529" lon="-2.41582"><ele>1590.5</ele></trkpt>
    <trkpt lat="37.217395" lon="-2.416362"><ele>1594.4</ele></trkpt>
    <trkpt lat="37.21722" lon="-2.416942"><ele>1598.3</ele></trkpt>
    <trkpt lat="37.217208" lon="-2.41706"><ele>1598.9</ele></trkpt>
    <trkpt lat="37.217251" lon="-2.41712"><ele>1599.3</ele></trkpt>
    <trkpt lat="37.217322" lon="-2.417121"><ele>1599.7</ele></trkpt>
    <trkpt lat="37.217368" lon="-2.417063"><ele>1600.1</ele></trkpt>
    <trkpt lat="37.217641" lon="-2.416313"><ele>1604.5</ele></trkpt>
    <trkpt lat="37.217787" lon="-2.416025"><ele>1606.1</ele></trkpt>
    <trkpt lat="37.217893" lon="-2.415928"><ele>1606.9</ele></trkpt>
    <trkpt lat="37.218123" lon="-2.415865"><ele>1608.7</ele></trkpt>
    <trkpt lat="37.218198" lon="-2.415833"><ele>1609.3</ele></trkpt>
    <trkpt lat="37.218299" lon="-2.415695"><ele>1610.6</ele></trkpt>
    <trkpt lat="37.218388" lon="-2.415291"><ele>1613.4</ele></trkpt>
    <trkpt lat="37.218464" lon="-2.415244"><ele>1614.1</ele></trkpt>
    <trkpt lat="37.21855" lon="-2.415286"><ele>1614.7</ele></trkpt>
    <trkpt lat="37.218614" lon="-2.41546"><ele>1615.6</ele></trkpt>
    <trkpt lat="37.218649" lon="-2.415753"><ele>1616.6</ele></trkpt>
    <trkpt lat="37.218637" lon="-2.415981"><ele>1617.2</ele></trkpt>
    <trkpt lat="37.218574" lon="-2.416179"><ele>1617.8</ele></trkpt>
    <trkpt lat="37.218525" lon="-2.41622"><ele>1618</ele></trkpt>
    <trkpt lat="37.218143" lon="-2.416223"><ele>1619.7</ele></trkpt>
    <trkpt lat="37.218078" lon="-2.416249"><ele>1620</ele></trkpt>
    <trkpt lat="37.21793" lon="-2.416427"><ele>1620.8</ele></trkpt>
    <trkpt lat="37.217832" lon="-2.416644"><ele>1621.4</ele></trkpt>
    <trkpt lat="37.21763" lon="-2.417522"><ele>1623.4</ele></trkpt>
    <trkpt lat="37.217645" lon="-2.417649"><ele>1623.9</ele></trkpt>
    <trkpt lat="37.217706" lon="-2.417697"><ele>1624.4</ele></trkpt>
    <trkpt lat="37.217754" lon="-2.417685"><ele>1624.7</ele></trkpt>
    <trkpt lat="37.217802" lon="-2.417636"><ele>1625.1</ele></trkpt>
    <trkpt lat="37.21783" lon="-2.417563"><ele>1625.5</ele></trkpt>
    <trkpt lat="37.217865" lon="-2.417068"><ele>1628.7</ele></trkpt>
    <trkpt lat="37.217934" lon="-2.416823"><ele>1630.1</ele></trkpt>
    <trkpt lat="37.217985" lon="-2.416737"><ele>1630.5</ele></trkpt>
    <trkpt lat="37.218111" lon="-2.416642"><ele>1631.1</ele></trkpt>
    <trkpt lat="37.218206" lon="-2.416614"><ele>1631.4</ele></trkpt>
    <trkpt lat="37.218752" lon="-2.416583"><ele>1633.7</ele></trkpt>
    <trkpt lat="37.218814" lon="-2.416532"><ele>1634.2</ele></trkpt>
    <trkpt lat="37.218871" lon="-2.416441"><ele>1634.9</ele></trkpt>
    <trkpt lat="37.21898" lon="-2.416131"><ele>1637.5</ele></trkpt>
    <trkpt lat="37.219067" lon="-2.415734"><ele>1641</ele></trkpt>
    <trkpt lat="37.219079" lon="-2.415335"><ele>1644.4</ele></trkpt>
    <trkpt lat="37.219104" lon="-2.415275"><ele>1645</ele></trkpt>
    <trkpt lat="37.219151" lon="-2.415253"><ele>1645.6</ele></trkpt>
    <trkpt lat="37.219232" lon="-2.415314"><ele>1646.7</ele></trkpt>
    <trkpt lat="37.219265" lon="-2.415498"><ele>1648.6</ele></trkpt>
    <trkpt lat="37.21931" lon="-2.416874"><ele>1660.1</ele></trkpt>
    <trkpt lat="37.219288" lon="-2.416965"><ele>1660.6</ele></trkpt>
    <trkpt lat="37.219193" lon="-2.417115"><ele>1661.5</ele></trkpt>
    <trkpt lat="37.219109" lon="-2.41717"><ele>1662</ele></trkpt>
    <trkpt lat="37.218983" lon="-2.417207"><ele>1662.7</ele></trkpt>
    <trkpt lat="37.218533" lon="-2.417298"><ele>1665.1</ele></trkpt>
    <trkpt lat="37.218445" lon="-2.417365"><ele>1665.6</ele></trkpt>
    <trkpt lat="37.218425" lon="-2.417421"><ele>1665.9</ele></trkpt>
    <trkpt lat="37.218434" lon="-2.417481"><ele>1666.1</ele></trkpt>
    <trkpt lat="37.218515" lon="-2.417546"><ele>1666.5</ele></trkpt>
    <trkpt lat="37.21891" lon="-2.417434"><ele>1668.6</ele></trkpt>
    <trkpt lat="37.219505" lon="-2.417314"><ele>1672.6</ele></trkpt>
    <trkpt lat="37.219667" lon="-2.417236"><ele>1673.9</ele></trkpt>
    <trkpt lat="37.219728" lon="-2.417165"><ele>1674.5</ele></trkpt>
    <trkpt lat="37.219771" lon="-2.417032"><ele>1675.2</ele></trkpt>
    <trkpt lat="37.219891" lon="-2.416398"><ele>1678.2</ele></trkpt>
    <trkpt lat="37.219931" lon="-2.415882"><ele>1680.2</ele></trkpt>
    <trkpt lat="37.21992" lon="-2.41571"><ele>1681</ele></trkpt>
    <trkpt lat="37.219789" lon="-2.415187"><ele>1684.2</ele></trkpt>
    <trkpt lat="37.219804" lon="-2.415129"><ele>1684.6</ele></trkpt>
    <trkpt lat="37.219889" lon="-2.415091"><ele>1685.4</ele></trkpt>
    <trkpt lat="37.219938" lon="-2.415121"><ele>1685.8</ele></trkpt>
    <trkpt lat="37.220008" lon="-2.415267"><ele>1687</ele></trkpt>
    <trkpt lat="37.220183" lon="-2.415946"><ele>1692.8</ele></trkpt>
    <trkpt lat="37.220264" lon="-2.416514"><ele>1698.2</ele></trkpt>
    <trkpt lat="37.220334" lon="-2.417567"><ele>1707.6</ele></trkpt>
    <trkpt lat="37.220307" lon="-2.417797"><ele>1709.4</ele></trkpt>
    <trkpt lat="37.220242" lon="-2.417929"><ele>1710.6</ele></trkpt>
    <trkpt lat="37.219981" lon="-2.418275"><ele>1714.1</ele></trkpt>
    <trkpt lat="37.219879" lon="-2.418361"><ele>1715.2</ele></trkpt>
    <trkpt lat="37.219788" lon="-2.418389"><ele>1716</ele></trkpt>
    <trkpt lat="37.219388" lon="-2.418438"><ele>1719.5</ele></trkpt>
    <trkpt lat="37.219315" lon="-2.418479"><ele>1720.2</ele></trkpt>
    <trkpt lat="37.219262" lon="-2.418559"><ele>1720.9</ele></trkpt>
    <trkpt lat="37.21926" lon="-2.418691"><ele>1721.8</ele></trkpt>
    <trkpt lat="37.219296" lon="-2.418741"><ele>1722.3</ele></trkpt>
    <trkpt lat="37.219428" lon="-2.41881"><ele>1723.4</ele></trkpt>
    <trkpt lat="37.220153" lon="-2.418782"><ele>1729</ele></trkpt>
    <trkpt lat="37.220313" lon="-2.41872"><ele>1730.5</ele></trkpt>
    <trkpt lat="37.220889" lon="-2.418377"><ele>1734.7</ele></trkpt>
    <trkpt lat="37.221111" lon="-2.418199"><ele>1735.8</ele></trkpt>
    <trkpt lat="37.221187" lon="-2.4181"><ele>1736.1</ele></trkpt>
    <trkpt lat="37.221236" lon="-2.417975"><ele>1736.4</ele></trkpt>
    <trkpt lat="37.221268" lon="-2.417781"><ele>1736.8</ele></trkpt>
    <trkpt lat="37.221291" lon="-2.417271"><ele>1737.9</ele></trkpt>
    <trkpt lat="37.221238" lon="-2.41613"><ele>1739.7</ele></trkpt>
    <trkpt lat="37.221193" lon="-2.415831"><ele>1740.4</ele></trkpt>
    <trkpt lat="37.221016" lon="-2.415145"><ele>1743</ele></trkpt>
    <trkpt lat="37.220834" lon="-2.414338"><ele>1747.4</ele></trkpt>
    <trkpt lat="37.22085" lon="-2.414147"><ele>1748.5</ele></trkpt>
    <trkpt lat="37.220885" lon="-2.414064"><ele>1749.1</ele></trkpt>
    <trkpt lat="37.220976" lon="-2.413949"><ele>1750</ele></trkpt>
    <trkpt lat="37.22115" lon="-2.413842"><ele>1751.5</ele></trkpt>
    <trkpt lat="37.222457" lon="-2.413422"><ele>1760.4</ele></trkpt>
    <trkpt lat="37.222718" lon="-2.413306"><ele>1761.9</ele></trkpt>
    <trkpt lat="37.223144" lon="-2.413076"><ele>1764.5</ele></trkpt>
    <trkpt lat="37.224072" lon="-2.412659"><ele>1769.8</ele></trkpt>
    <trkpt lat="37.224338" lon="-2.412481"><ele>1771.6</ele></trkpt>
    <trkpt lat="37.225107" lon="-2.411866"><ele>1777.3</ele></trkpt>
    <trkpt lat="37.225585" lon="-2.41145"><ele>1781</ele></trkpt>
    <trkpt lat="37.225733" lon="-2.411365"><ele>1782.1</ele></trkpt>
    <trkpt lat="37.225824" lon="-2.411386"><ele>1782.7</ele></trkpt>
    <trkpt lat="37.226115" lon="-2.411595"><ele>1785.1</ele></trkpt>
    <trkpt lat="37.226271" lon="-2.411759"><ele>1786.6</ele></trkpt>
    <trkpt lat="37.22633" lon="-2.411885"><ele>1787.4</ele></trkpt>
    <trkpt lat="37.226337" lon="-2.411969"><ele>1787.8</ele></trkpt>
    <trkpt lat="37.226307" lon="-2.412123"><ele>1788.5</ele></trkpt>
    <trkpt lat="37.22612" lon="-2.412675"><ele>1790.9</ele></trkpt>
    <trkpt lat="37.226073" lon="-2.412927"><ele>1791.9</ele></trkpt>
    <trkpt lat="37.22614" lon="-2.413111"><ele>1792.6</ele></trkpt>
    <trkpt lat="37.226386" lon="-2.413434"><ele>1794</ele></trkpt>
    <trkpt lat="37.226912" lon="-2.414296"><ele>1796</ele></trkpt>
    <trkpt lat="37.227172" lon="-2.414604"><ele>1796.6</ele></trkpt>
    <trkpt lat="37.227409" lon="-2.414956"><ele>1797.5</ele></trkpt>
    <trkpt lat="37.227707" lon="-2.415556"><ele>1798.3</ele></trkpt>
    <trkpt lat="37.227902" lon="-2.415886"><ele>1798.9</ele></trkpt>
    <trkpt lat="37.228033" lon="-2.416179"><ele>1799.6</ele></trkpt>
    <trkpt lat="37.228108" lon="-2.416464"><ele>1800.2</ele></trkpt>
    <trkpt lat="37.228115" lon="-2.416748"><ele>1800.6</ele></trkpt>
    <trkpt lat="37.228048" lon="-2.41713"><ele>1800.8</ele></trkpt>
    <trkpt lat="37.227994" lon="-2.41741"><ele>1800.6</ele></trkpt>
    <trkpt lat="37.227992" lon="-2.417583"><ele>1800.4</ele></trkpt>
    <trkpt lat="37.228083" lon="-2.417716"><ele>1800.2</ele></trkpt>
    <trkpt lat="37.228207" lon="-2.417755"><ele>1799.9</ele></trkpt>
    <trkpt lat="37.228437" lon="-2.417747"><ele>1799.6</ele></trkpt>
    <trkpt lat="37.228791" lon="-2.417614"><ele>1799.3</ele></trkpt>
    <trkpt lat="37.229155" lon="-2.417393"><ele>1799</ele></trkpt>
    <trkpt lat="37.229449" lon="-2.417326"><ele>1799.4</ele></trkpt>
    <trkpt lat="37.229633" lon="-2.417334"><ele>1799.9</ele></trkpt>
    <trkpt lat="37.229822" lon="-2.417405"><ele>1800.6</ele></trkpt>
    <trkpt lat="37.229913" lon="-2.417472"><ele>1801</ele></trkpt>
    <trkpt lat="37.230432" lon="-2.418026"><ele>1804.5</ele></trkpt>
    <trkpt lat="37.230945" lon="-2.418611"><ele>1805.8</ele></trkpt>
    <trkpt lat="37.231109" lon="-2.418707"><ele>1806</ele></trkpt>
    <trkpt lat="37.2312" lon="-2.41867"><ele>1806</ele></trkpt>
    <trkpt lat="37.231433" lon="-2.418282"><ele>1806.1</ele></trkpt>
    <trkpt lat="37.231594" lon="-2.418057"><ele>1806.2</ele></trkpt>
    <trkpt lat="37.231698" lon="-2.417958"><ele>1806.3</ele></trkpt>
    <trkpt lat="37.231921" lon="-2.417851"><ele>1806.2</ele></trkpt>
    <trkpt lat="37.232607" lon="-2.417719"><ele>1806.9</ele></trkpt>
    <trkpt lat="37.233051" lon="-2.417664"><ele>1807.1</ele></trkpt>
    <trkpt lat="37.233387" lon="-2.417506"><ele>1806.7</ele></trkpt>
    <trkpt lat="37.233611" lon="-2.417298"><ele>1806.4</ele></trkpt>
    <trkpt lat="37.233994" lon="-2.416636"><ele>1806.2</ele></trkpt>
    <trkpt lat="37.234162" lon="-2.416445"><ele>1806.6</ele></trkpt>
    <trkpt lat="37.234263" lon="-2.416371"><ele>1806.9</ele></trkpt>
    <trkpt lat="37.234339" lon="-2.416353"><ele>1807.1</ele></trkpt>
    <trkpt lat="37.234364" lon="-2.416354"><ele>1807.2</ele></trkpt>
    <trkpt lat="37.234585" lon="-2.416369"><ele>1808.1</ele></trkpt>
    <trkpt lat="37.235047" lon="-2.416485"><ele>1810.6</ele></trkpt>
    <trkpt lat="37.235132" lon="-2.416522"><ele>1811.2</ele></trkpt>
    <trkpt lat="37.235282" lon="-2.416652"><ele>1812.3</ele></trkpt>
    <trkpt lat="37.235369" lon="-2.416851"><ele>1813.3</ele></trkpt>
    <trkpt lat="37.235404" lon="-2.41709"><ele>1814</ele></trkpt>
    <trkpt lat="37.235413" lon="-2.417448"><ele>1814.4</ele></trkpt>
    <trkpt lat="37.235389" lon="-2.417861"><ele>1813.9</ele></trkpt>
    <trkpt lat="37.235388" lon="-2.417874"><ele>1813.9</ele></trkpt>
    <trkpt lat="37.235403" lon="-2.41794"><ele>1813.7</ele></trkpt>
    <trkpt lat="37.235467" lon="-2.418047"><ele>1813.3</ele></trkpt>
    <trkpt lat="37.23571" lon="-2.418279"><ele>1811.6</ele></trkpt>
    <trkpt lat="37.235948" lon="-2.418471"><ele>1809.6</ele></trkpt>
    <trkpt lat="37.236107" lon="-2.418543"><ele>1808.2</ele></trkpt>
    <trkpt lat="37.236516" lon="-2.418666"><ele>1804.5</ele></trkpt>
    <trkpt lat="37.236763" lon="-2.418711"><ele>1802.6</ele></trkpt>
    <trkpt lat="37.236904" lon="-2.418719"><ele>1801.6</ele></trkpt>
    <trkpt lat="37.237589" lon="-2.418647"><ele>1797.9</ele></trkpt>
    <trkpt lat="37.237663" lon="-2.418658"><ele>1797.7</ele></trkpt>
    <trkpt lat="37.237759" lon="-2.418741"><ele>1797.3</ele></trkpt>
    <trkpt lat="37.237775" lon="-2.418899"><ele>1796.8</ele></trkpt>
    <trkpt lat="37.23773" lon="-2.419205"><ele>1795.8</ele></trkpt>
    <trkpt lat="37.237736" lon="-2.419307"><ele>1795.5</ele></trkpt>
    <trkpt lat="37.237872" lon="-2.419789"><ele>1793.2</ele></trkpt>
    <trkpt lat="37.237845" lon="-2.420029"><ele>1791.9</ele></trkpt>
    <trkpt lat="37.237763" lon="-2.420114"><ele>1791.1</ele></trkpt>
    <trkpt lat="37.237688" lon="-2.420136"><ele>1790.5</ele></trkpt>
    <trkpt lat="37.236956" lon="-2.420153"><ele>1784.1</ele></trkpt>
    <trkpt lat="37.236776" lon="-2.420221"><ele>1782.3</ele></trkpt>
    <trkpt lat="37.236713" lon="-2.420275"><ele>1781.5</ele></trkpt>
    <trkpt lat="37.236596" lon="-2.420443"><ele>1779.7</ele></trkpt>
    <trkpt lat="37.236453" lon="-2.420816"><ele>1776.4</ele></trkpt>
    <trkpt lat="37.236398" lon="-2.421104"><ele>1774.2</ele></trkpt>
    <trkpt lat="37.236401" lon="-2.42141"><ele>1772.1</ele></trkpt>
    <trkpt lat="37.236543" lon="-2.422294"><ele>1766.8</ele></trkpt>
    <trkpt lat="37.236625" lon="-2.422586"><ele>1765.2</ele></trkpt>
    <trkpt lat="37.236917" lon="-2.423424"><ele>1762.1</ele></trkpt>
    <trkpt lat="37.236983" lon="-2.423565"><ele>1761.7</ele></trkpt>
    <trkpt lat="37.237106" lon="-2.423722"><ele>1761.3</ele></trkpt>
    <trkpt lat="37.237353" lon="-2.423924"><ele>1760.7</ele></trkpt>
    <trkpt lat="37.237684" lon="-2.424115"><ele>1760</ele></trkpt>
    <trkpt lat="37.237894" lon="-2.424227"><ele>1759.8</ele></trkpt>
    <trkpt lat="37.238257" lon="-2.424366"><ele>1759.3</ele></trkpt>
    <trkpt lat="37.238704" lon="-2.424396"><ele>1758.4</ele></trkpt>
    <trkpt lat="37.238986" lon="-2.424373"><ele>1757.3</ele></trkpt>
    <trkpt lat="37.239138" lon="-2.424308"><ele>1756.4</ele></trkpt>
    <trkpt lat="37.239472" lon="-2.423983"><ele>1753.9</ele></trkpt>
    <trkpt lat="37.239631" lon="-2.423938"><ele>1752.8</ele></trkpt>
    <trkpt lat="37.239746" lon="-2.423966"><ele>1752</ele></trkpt>
    <trkpt lat="37.239794" lon="-2.424005"><ele>1751.6</ele></trkpt>
    <trkpt lat="37.240055" lon="-2.424367"><ele>1748.6</ele></trkpt>
    <trkpt lat="37.24018" lon="-2.424456"><ele>1747.4</ele></trkpt>
    <trkpt lat="37.240473" lon="-2.424473"><ele>1744.5</ele></trkpt>
    <trkpt lat="37.240872" lon="-2.424405"><ele>1740</ele></trkpt>
    <trkpt lat="37.240971" lon="-2.424473"><ele>1738.8</ele></trkpt>
    <trkpt lat="37.241021" lon="-2.424547"><ele>1737.9</ele></trkpt>
    <trkpt lat="37.241065" lon="-2.424687"><ele>1736.7</ele></trkpt>
    <trkpt lat="37.241054" lon="-2.424889"><ele>1735</ele></trkpt>
    <trkpt lat="37.240937" lon="-2.425694"><ele>1728.5</ele></trkpt>
    <trkpt lat="37.240759" lon="-2.426501"><ele>1722.4</ele></trkpt>
    <trkpt lat="37.240761" lon="-2.426838"><ele>1720.3</ele></trkpt>
    <trkpt lat="37.240811" lon="-2.427183"><ele>1718.4</ele></trkpt>
    <trkpt lat="37.241112" lon="-2.428424"><ele>1712.2</ele></trkpt>
    <trkpt lat="37.241187" lon="-2.428663"><ele>1711.3</ele></trkpt>
    <trkpt lat="37.241451" lon="-2.429104"><ele>1709.7</ele></trkpt>
    <trkpt lat="37.24184" lon="-2.429876"><ele>1708</ele></trkpt>
    <trkpt lat="37.24204" lon="-2.430077"><ele>1707.9</ele></trkpt>
    <trkpt lat="37.242443" lon="-2.430396"><ele>1707.7</ele></trkpt>
    <trkpt lat="37.242614" lon="-2.430455"><ele>1707.6</ele></trkpt>
    <trkpt lat="37.242876" lon="-2.430413"><ele>1707.7</ele></trkpt>
    <trkpt lat="37.243062" lon="-2.430307"><ele>1707.8</ele></trkpt>
    <trkpt lat="37.243576" lon="-2.429906"><ele>1706.2</ele></trkpt>
    <trkpt lat="37.243936" lon="-2.429645"><ele>1703</ele></trkpt>
    <trkpt lat="37.244027" lon="-2.429628"><ele>1702.2</ele></trkpt>
    <trkpt lat="37.244155" lon="-2.42971"><ele>1700.8</ele></trkpt>
    <trkpt lat="37.244186" lon="-2.429791"><ele>1700.1</ele></trkpt>
    <trkpt lat="37.244211" lon="-2.430036"><ele>1698.1</ele></trkpt>
    <trkpt lat="37.244231" lon="-2.430615"><ele>1693</ele></trkpt>
    <trkpt lat="37.244259" lon="-2.430846"><ele>1690.8</ele></trkpt>
    <trkpt lat="37.244311" lon="-2.431016"><ele>1689</ele></trkpt>
    <trkpt lat="37.244413" lon="-2.431267"><ele>1686.4</ele></trkpt>
    <trkpt lat="37.245113" lon="-2.432694"><ele>1679.2</ele></trkpt>
    <trkpt lat="37.245383" lon="-2.433088"><ele>1677.5</ele></trkpt>
    <trkpt lat="37.245618" lon="-2.433326"><ele>1676.1</ele></trkpt>
    <trkpt lat="37.246071" lon="-2.433574"><ele>1673.4</ele></trkpt>
    <trkpt lat="37.246604" lon="-2.433887"><ele>1669.5</ele></trkpt>
    <trkpt lat="37.24676" lon="-2.43401"><ele>1668.2</ele></trkpt>
    <trkpt lat="37.247014" lon="-2.43429"><ele>1665.9</ele></trkpt>
    <trkpt lat="37.247466" lon="-2.434885"><ele>1663.2</ele></trkpt>
    <trkpt lat="37.247759" lon="-2.435256"><ele>1662.3</ele></trkpt>
    <trkpt lat="37.247862" lon="-2.435354"><ele>1662</ele></trkpt>
    <trkpt lat="37.248035" lon="-2.435407"><ele>1661.8</ele></trkpt>
    <trkpt lat="37.248286" lon="-2.435334"><ele>1661.5</ele></trkpt>
    <trkpt lat="37.24926" lon="-2.434932"><ele>1660.5</ele></trkpt>
    <trkpt lat="37.249492" lon="-2.434745"><ele>1660.2</ele></trkpt>
    <trkpt lat="37.249598" lon="-2.434607"><ele>1660.1</ele></trkpt>
    <trkpt lat="37.249732" lon="-2.434369"><ele>1660</ele></trkpt>
    <trkpt lat="37.249826" lon="-2.434133"><ele>1659.7</ele></trkpt>
    <trkpt lat="37.250001" lon="-2.433481"><ele>1657.9</ele></trkpt>
    <trkpt lat="37.250103" lon="-2.433311"><ele>1657.2</ele></trkpt>
    <trkpt lat="37.250175" lon="-2.433294"><ele>1656.8</ele></trkpt>
    <trkpt lat="37.250376" lon="-2.433421"><ele>1655.5</ele></trkpt>
    <trkpt lat="37.250751" lon="-2.433775"><ele>1651.9</ele></trkpt>
    <trkpt lat="37.251039" lon="-2.43394"><ele>1649</ele></trkpt>
    <trkpt lat="37.251239" lon="-2.433939"><ele>1647</ele></trkpt>
    <trkpt lat="37.251352" lon="-2.433872"><ele>1645.9</ele></trkpt>
    <trkpt lat="37.25156" lon="-2.43369"><ele>1643.7</ele></trkpt>
    <trkpt lat="37.251622" lon="-2.433674"><ele>1643.2</ele></trkpt>
    <trkpt lat="37.251714" lon="-2.433689"><ele>1642.6</ele></trkpt>
    <trkpt lat="37.251788" lon="-2.43383"><ele>1641.7</ele></trkpt>
    <trkpt lat="37.251787" lon="-2.43395"><ele>1641.2</ele></trkpt>
    <trkpt lat="37.251753" lon="-2.434083"><ele>1640.6</ele></trkpt>
    <trkpt lat="37.251695" lon="-2.434213"><ele>1640</ele></trkpt>
    <trkpt lat="37.251612" lon="-2.434308"><ele>1639.5</ele></trkpt>
    <trkpt lat="37.25136" lon="-2.434418"><ele>1638.5</ele></trkpt>
    <trkpt lat="37.2506" lon="-2.434653"><ele>1636</ele></trkpt>
    <trkpt lat="37.250466" lon="-2.434738"><ele>1635.3</ele></trkpt>
    <trkpt lat="37.250367" lon="-2.434842"><ele>1634.5</ele></trkpt>
    <trkpt lat="37.250278" lon="-2.435019"><ele>1633.5</ele></trkpt>
    <trkpt lat="37.250198" lon="-2.4353"><ele>1631.9</ele></trkpt>
    <trkpt lat="37.250072" lon="-2.436082"><ele>1626.9</ele></trkpt>
    <trkpt lat="37.250004" lon="-2.436235"><ele>1625.6</ele></trkpt>
    <trkpt lat="37.249908" lon="-2.436371"><ele>1624.2</ele></trkpt>
    <trkpt lat="37.249603" lon="-2.436702"><ele>1620</ele></trkpt>
    <trkpt lat="37.249029" lon="-2.437576"><ele>1611.8</ele></trkpt>
    <trkpt lat="37.248831" lon="-2.437803"><ele>1609.5</ele></trkpt>
    <trkpt lat="37.248653" lon="-2.4379"><ele>1607.8</ele></trkpt>
    <trkpt lat="37.246976" lon="-2.437807"><ele>1595.3</ele></trkpt>
    <trkpt lat="37.246448" lon="-2.437803"><ele>1592.9</ele></trkpt>
    <trkpt lat="37.246234" lon="-2.43777"><ele>1592.3</ele></trkpt>
    <trkpt lat="37.246074" lon="-2.437645"><ele>1591.9</ele></trkpt>
    <trkpt lat="37.245362" lon="-2.436358"><ele>1589.2</ele></trkpt>
    <trkpt lat="37.245246" lon="-2.436233"><ele>1588.4</ele></trkpt>
    <trkpt lat="37.245142" lon="-2.436195"><ele>1587.8</ele></trkpt>
    <trkpt lat="37.245069" lon="-2.436201"><ele>1587.4</ele></trkpt>
    <trkpt lat="37.244993" lon="-2.436246"><ele>1586.8</ele></trkpt>
    <trkpt lat="37.24496" lon="-2.436296"><ele>1586.4</ele></trkpt>
    <trkpt lat="37.244939" lon="-2.436328"><ele>1586.2</ele></trkpt>
    <trkpt lat="37.244939" lon="-2.436438"><ele>1585.5</ele></trkpt>
    <trkpt lat="37.244978" lon="-2.436552"><ele>1584.7</ele></trkpt>
    <trkpt lat="37.245849" lon="-2.438043"><ele>1575.7</ele></trkpt>
    <trkpt lat="37.246002" lon="-2.438199"><ele>1575.6</ele></trkpt>
    <trkpt lat="37.246124" lon="-2.438256"><ele>1575.6</ele></trkpt>
    <trkpt lat="37.246561" lon="-2.438367"><ele>1575.4</ele></trkpt>
    <trkpt lat="37.247208" lon="-2.438417"><ele>1574.3</ele></trkpt>
    <trkpt lat="37.24752" lon="-2.438503"><ele>1572.8</ele></trkpt>
    <trkpt lat="37.247904" lon="-2.438718"><ele>1569.8</ele></trkpt>
    <trkpt lat="37.248557" lon="-2.439136"><ele>1565.2</ele></trkpt>
    <trkpt lat="37.249129" lon="-2.43938"><ele>1562.6</ele></trkpt>
    <trkpt lat="37.249633" lon="-2.439678"><ele>1560.8</ele></trkpt>
    <trkpt lat="37.250201" lon="-2.43994"><ele>1558.7</ele></trkpt>
    <trkpt lat="37.250786" lon="-2.440068"><ele>1556.8</ele></trkpt>
    <trkpt lat="37.250947" lon="-2.440055"><ele>1556.3</ele></trkpt>
    <trkpt lat="37.251051" lon="-2.440022"><ele>1555.9</ele></trkpt>
    <trkpt lat="37.251133" lon="-2.439962"><ele>1555.5</ele></trkpt>
    <trkpt lat="37.251526" lon="-2.439517"><ele>1552.9</ele></trkpt>
    <trkpt lat="37.252191" lon="-2.439254"><ele>1548.8</ele></trkpt>
    <trkpt lat="37.252689" lon="-2.438923"><ele>1545</ele></trkpt>
    <trkpt lat="37.253029" lon="-2.438664"><ele>1542.5</ele></trkpt>
    <trkpt lat="37.25422" lon="-2.437652"><ele>1533.9</ele></trkpt>
    <trkpt lat="37.254799" lon="-2.437209"><ele>1530</ele></trkpt>
    <trkpt lat="37.255114" lon="-2.436987"><ele>1528</ele></trkpt>
    <trkpt lat="37.255417" lon="-2.436695"><ele>1526.1</ele></trkpt>
    <trkpt lat="37.255702" lon="-2.43627"><ele>1525.6</ele></trkpt>
    <trkpt lat="37.255762" lon="-2.436144"><ele>1525.6</ele></trkpt>
    <trkpt lat="37.255827" lon="-2.435878"><ele>1525.2</ele></trkpt>
    <trkpt lat="37.255802" lon="-2.435482"><ele>1524.4</ele></trkpt>
    <trkpt lat="37.255728" lon="-2.434808"><ele>1523.5</ele></trkpt>
    <trkpt lat="37.255718" lon="-2.434215"><ele>1523.6</ele></trkpt>
    <trkpt lat="37.25565" lon="-2.433996"><ele>1523.6</ele></trkpt>
    <trkpt lat="37.255476" lon="-2.433797"><ele>1523.4</ele></trkpt>
    <trkpt lat="37.255239" lon="-2.433658"><ele>1522.7</ele></trkpt>
    <trkpt lat="37.255016" lon="-2.433469"><ele>1521.9</ele></trkpt>
    <trkpt lat="37.254731" lon="-2.433137"><ele>1520.4</ele></trkpt>
    <trkpt lat="37.2547" lon="-2.433082"><ele>1520.1</ele></trkpt>
    <trkpt lat="37.254683" lon="-2.432964"><ele>1519.7</ele></trkpt>
    <trkpt lat="37.254754" lon="-2.432869"><ele>1519.2</ele></trkpt>
    <trkpt lat="37.254803" lon="-2.432853"><ele>1519</ele></trkpt>
    <trkpt lat="37.255138" lon="-2.432831"><ele>1517</ele></trkpt>
    <trkpt lat="37.2553" lon="-2.432763"><ele>1515.6</ele></trkpt>
    <trkpt lat="37.25547" lon="-2.432598"><ele>1513.5</ele></trkpt>
    <trkpt lat="37.25579" lon="-2.432114"><ele>1507.1</ele></trkpt>
    <trkpt lat="37.255942" lon="-2.432033"><ele>1504.9</ele></trkpt>
    <trkpt lat="37.256042" lon="-2.43204"><ele>1503.6</ele></trkpt>
    <trkpt lat="37.256152" lon="-2.432098"><ele>1502</ele></trkpt>
    <trkpt lat="37.25635" lon="-2.432505"><ele>1497</ele></trkpt>
    <trkpt lat="37.256549" lon="-2.432795"><ele>1493.1</ele></trkpt>
    <trkpt lat="37.257862" lon="-2.434161"><ele>1478</ele></trkpt>
    <trkpt lat="37.258183" lon="-2.434525"><ele>1475</ele></trkpt>
    <trkpt lat="37.258336" lon="-2.43475"><ele>1473.2</ele></trkpt>
    <trkpt lat="37.258471" lon="-2.435065"><ele>1470.7</ele></trkpt>
    <trkpt lat="37.258615" lon="-2.435605"><ele>1466.1</ele></trkpt>
    <trkpt lat="37.25867" lon="-2.43574"><ele>1464.7</ele></trkpt>
    <trkpt lat="37.258793" lon="-2.435916"><ele>1462.6</ele></trkpt>
    <trkpt lat="37.259059" lon="-2.436135"><ele>1458.7</ele></trkpt>
    <trkpt lat="37.259173" lon="-2.436324"><ele>1456.6</ele></trkpt>
    <trkpt lat="37.259204" lon="-2.436459"><ele>1455.6</ele></trkpt>
    <trkpt lat="37.259221" lon="-2.436984"><ele>1452.6</ele></trkpt>
    <trkpt lat="37.259344" lon="-2.437393"><ele>1450.7</ele></trkpt>
    <trkpt lat="37.259499" lon="-2.437755"><ele>1449</ele></trkpt>
    <trkpt lat="37.259618" lon="-2.437973"><ele>1447.8</ele></trkpt>
    <trkpt lat="37.259884" lon="-2.438296"><ele>1445.2</ele></trkpt>
    <trkpt lat="37.259917" lon="-2.438365"><ele>1444.7</ele></trkpt>
    <trkpt lat="37.259944" lon="-2.438934"><ele>1441.8</ele></trkpt>
    <trkpt lat="37.260022" lon="-2.439407"><ele>1438.9</ele></trkpt>
    <trkpt lat="37.260075" lon="-2.439572"><ele>1437.7</ele></trkpt>
    <trkpt lat="37.260212" lon="-2.439799"><ele>1435.9</ele></trkpt>
    <trkpt lat="37.2603" lon="-2.439959"><ele>1434.8</ele></trkpt>
    <trkpt lat="37.260361" lon="-2.440287"><ele>1432.8</ele></trkpt>
    <trkpt lat="37.260399" lon="-2.440388"><ele>1432.3</ele></trkpt>
    <trkpt lat="37.260781" lon="-2.440912"><ele>1429.3</ele></trkpt>
    <trkpt lat="37.260834" lon="-2.441077"><ele>1428.6</ele></trkpt>
    <trkpt lat="37.260902" lon="-2.441868"><ele>1423.8</ele></trkpt>
    <trkpt lat="37.260892" lon="-2.442378"><ele>1420.3</ele></trkpt>
    <trkpt lat="37.260912" lon="-2.44249"><ele>1419.5</ele></trkpt>
    <trkpt lat="37.260968" lon="-2.442626"><ele>1418.5</ele></trkpt>
    <trkpt lat="37.261244" lon="-2.443058"><ele>1416</ele></trkpt>
    <trkpt lat="37.26153" lon="-2.443629"><ele>1414.7</ele></trkpt>
    <trkpt lat="37.261592" lon="-2.44372"><ele>1414.6</ele></trkpt>
    <trkpt lat="37.261704" lon="-2.443814"><ele>1414.6</ele></trkpt>
    <trkpt lat="37.261803" lon="-2.443838"><ele>1414.6</ele></trkpt>
    <trkpt lat="37.262041" lon="-2.443817"><ele>1414.6</ele></trkpt>
    <trkpt lat="37.262579" lon="-2.443664"><ele>1414.1</ele></trkpt>
    <trkpt lat="37.26309" lon="-2.443462"><ele>1411.9</ele></trkpt>
    <trkpt lat="37.264036" lon="-2.44303"><ele>1404.2</ele></trkpt>
    <trkpt lat="37.264205" lon="-2.443003"><ele>1402.7</ele></trkpt>
    <trkpt lat="37.264327" lon="-2.443052"><ele>1401.7</ele></trkpt>
    <trkpt lat="37.264363" lon="-2.443175"><ele>1400.8</ele></trkpt>
    <trkpt lat="37.264317" lon="-2.443258"><ele>1400.2</ele></trkpt>
    <trkpt lat="37.26427" lon="-2.443289"><ele>1399.8</ele></trkpt>
    <trkpt lat="37.26397" lon="-2.443342"><ele>1397.3</ele></trkpt>
    <trkpt lat="37.263838" lon="-2.443419"><ele>1396.2</ele></trkpt>
    <trkpt lat="37.263762" lon="-2.443502"><ele>1395.4</ele></trkpt>
    <trkpt lat="37.263503" lon="-2.443936"><ele>1392</ele></trkpt>
    <trkpt lat="37.26321" lon="-2.444353"><ele>1388.4</ele></trkpt>
    <trkpt lat="37.262981" lon="-2.444653"><ele>1385.6</ele></trkpt>
    <trkpt lat="37.262848" lon="-2.444788"><ele>1384</ele></trkpt>
    <trkpt lat="37.262706" lon="-2.444865"><ele>1382.5</ele></trkpt>
    <trkpt lat="37.262302" lon="-2.444921"><ele>1378.3</ele></trkpt>
    <trkpt lat="37.262183" lon="-2.44498"><ele>1377</ele></trkpt>
    <trkpt lat="37.261893" lon="-2.44522"><ele>1374.1</ele></trkpt>
    <trkpt lat="37.261779" lon="-2.445287"><ele>1373.2</ele></trkpt>
    <trkpt lat="37.261487" lon="-2.445349"><ele>1371.5</ele></trkpt>
    <trkpt lat="37.261428" lon="-2.445376"><ele>1371.2</ele></trkpt>
    <trkpt lat="37.261385" lon="-2.445432"><ele>1370.9</ele></trkpt>
    <trkpt lat="37.261424" lon="-2.445572"><ele>1370.3</ele></trkpt>
    <trkpt lat="37.26153" lon="-2.44561"><ele>1369.8</ele></trkpt>
    <trkpt lat="37.262323" lon="-2.445295"><ele>1366.4</ele></trkpt>
    <trkpt lat="37.26247" lon="-2.445266"><ele>1365.9</ele></trkpt>
    <trkpt lat="37.263202" lon="-2.445491"><ele>1363.2</ele></trkpt>
    <trkpt lat="37.263511" lon="-2.445512"><ele>1361.3</ele></trkpt>
    <trkpt lat="37.263762" lon="-2.445447"><ele>1359.4</ele></trkpt>
    <trkpt lat="37.264377" lon="-2.445221"><ele>1354.6</ele></trkpt>
    <trkpt lat="37.264672" lon="-2.445061"><ele>1352.3</ele></trkpt>
    <trkpt lat="37.264973" lon="-2.44485"><ele>1349.6</ele></trkpt>
    <trkpt lat="37.265092" lon="-2.444834"><ele>1348.6</ele></trkpt>
    <trkpt lat="37.265213" lon="-2.444925"><ele>1347.3</ele></trkpt>
    <trkpt lat="37.265246" lon="-2.44499"><ele>1346.8</ele></trkpt>
    <trkpt lat="37.265264" lon="-2.445072"><ele>1346.2</ele></trkpt>
    <trkpt lat="37.265241" lon="-2.445217"><ele>1345</ele></trkpt>
    <trkpt lat="37.265206" lon="-2.445295"><ele>1344.4</ele></trkpt>
    <trkpt lat="37.265034" lon="-2.445505"><ele>1342.1</ele></trkpt>
    <trkpt lat="37.264626" lon="-2.445919"><ele>1337.7</ele></trkpt>
    <trkpt lat="37.264433" lon="-2.44607"><ele>1336.2</ele></trkpt>
    <trkpt lat="37.264116" lon="-2.446212"><ele>1333.3</ele></trkpt>
    <trkpt lat="37.263909" lon="-2.446256"><ele>1331.3</ele></trkpt>
    <trkpt lat="37.263475" lon="-2.446278"><ele>1327.3</ele></trkpt>
    <trkpt lat="37.263423" lon="-2.446311"><ele>1326.7</ele></trkpt>
    <trkpt lat="37.263399" lon="-2.446427"><ele>1325.8</ele></trkpt>
    <trkpt lat="37.263426" lon="-2.446487"><ele>1325.2</ele></trkpt>
    <trkpt lat="37.263562" lon="-2.446549"><ele>1323.7</ele></trkpt>
    <trkpt lat="37.263989" lon="-2.446487"><ele>1319.7</ele></trkpt>
    <trkpt lat="37.264159" lon="-2.446503"><ele>1318.2</ele></trkpt>
    <trkpt lat="37.264297" lon="-2.446613"><ele>1316.9</ele></trkpt>
    <trkpt lat="37.264631" lon="-2.447027"><ele>1314.3</ele></trkpt>
    <trkpt lat="37.264696" lon="-2.447081"><ele>1314.1</ele></trkpt>
    <trkpt lat="37.264829" lon="-2.447113"><ele>1313.8</ele></trkpt>
    <trkpt lat="37.264932" lon="-2.447092"><ele>1313.6</ele></trkpt>
    <trkpt lat="37.265111" lon="-2.446997"><ele>1313.3</ele></trkpt>
    <trkpt lat="37.265253" lon="-2.446825"><ele>1313.1</ele></trkpt>
    <trkpt lat="37.265565" lon="-2.44624"><ele>1311.9</ele></trkpt>
    <trkpt lat="37.265677" lon="-2.446153"><ele>1311.4</ele></trkpt>
    <trkpt lat="37.265775" lon="-2.446191"><ele>1310.9</ele></trkpt>
    <trkpt lat="37.265807" lon="-2.446255"><ele>1310.5</ele></trkpt>
    <trkpt lat="37.265788" lon="-2.446415"><ele>1309.6</ele></trkpt>
    <trkpt lat="37.265738" lon="-2.446537"><ele>1308.6</ele></trkpt>
    <trkpt lat="37.265524" lon="-2.446895"><ele>1304.7</ele></trkpt>
    <trkpt lat="37.265193" lon="-2.447304"><ele>1298.9</ele></trkpt>
    <trkpt lat="37.264995" lon="-2.447475"><ele>1296</ele></trkpt>
    <trkpt lat="37.264769" lon="-2.447624"><ele>1293.4</ele></trkpt>
    <trkpt lat="37.264593" lon="-2.447685"><ele>1291.8</ele></trkpt>
    <trkpt lat="37.264451" lon="-2.447656"><ele>1290.8</ele></trkpt>
    <trkpt lat="37.264355" lon="-2.44756"><ele>1290</ele></trkpt>
    <trkpt lat="37.264179" lon="-2.44726"><ele>1288.5</ele></trkpt>
    <trkpt lat="37.264047" lon="-2.447158"><ele>1288</ele></trkpt>
    <trkpt lat="37.26345" lon="-2.447249"><ele>1286.3</ele></trkpt>
    <trkpt lat="37.263384" lon="-2.447269"><ele>1286.1</ele></trkpt>
    <trkpt lat="37.263309" lon="-2.447351"><ele>1285.7</ele></trkpt>
    <trkpt lat="37.263322" lon="-2.447485"><ele>1285.1</ele></trkpt>
    <trkpt lat="37.263358" lon="-2.447532"><ele>1284.8</ele></trkpt>
    <trkpt lat="37.263456" lon="-2.447567"><ele>1284.2</ele></trkpt>
    <trkpt lat="37.263903" lon="-2.447421"><ele>1280.1</ele></trkpt>
    <trkpt lat="37.264025" lon="-2.447464"><ele>1278.9</ele></trkpt>
    <trkpt lat="37.264176" lon="-2.447757"><ele>1276.2</ele></trkpt>
    <trkpt lat="37.264448" lon="-2.448177"><ele>1272.1</ele></trkpt>
    <trkpt lat="37.264546" lon="-2.448252"><ele>1271.1</ele></trkpt>
    <trkpt lat="37.264639" lon="-2.448237"><ele>1270.4</ele></trkpt>
    <trkpt lat="37.264922" lon="-2.448144"><ele>1268.6</ele></trkpt>
    <trkpt lat="37.265379" lon="-2.448109"><ele>1267.5</ele></trkpt>
    <trkpt lat="37.265592" lon="-2.448051"><ele>1267.7</ele></trkpt>
    <trkpt lat="37.265698" lon="-2.447983"><ele>1267.8</ele></trkpt>
    <trkpt lat="37.266156" lon="-2.447556"><ele>1267.7</ele></trkpt>
    <trkpt lat="37.266437" lon="-2.447375"><ele>1267</ele></trkpt>
    <trkpt lat="37.266561" lon="-2.447405"><ele>1266.5</ele></trkpt>
    <trkpt lat="37.266622" lon="-2.447515"><ele>1266</ele></trkpt>
    <trkpt lat="37.266624" lon="-2.447715"><ele>1265.1</ele></trkpt>
    <trkpt lat="37.266498" lon="-2.448323"><ele>1261</ele></trkpt>
    <trkpt lat="37.266495" lon="-2.448626"><ele>1258.4</ele></trkpt>
    <trkpt lat="37.266542" lon="-2.449002"><ele>1255</ele></trkpt>
    <trkpt lat="37.266519" lon="-2.449277"><ele>1252.6</ele></trkpt>
    <trkpt lat="37.266468" lon="-2.449391"><ele>1251.5</ele></trkpt>
    <trkpt lat="37.265977" lon="-2.449967"><ele>1245.1</ele></trkpt>
    <trkpt lat="37.26558" lon="-2.450637"><ele>1238.4</ele></trkpt>
    <trkpt lat="37.265477" lon="-2.450937"><ele>1235.3</ele></trkpt>
    <trkpt lat="37.265403" lon="-2.451382"><ele>1230.8</ele></trkpt>
    <trkpt lat="37.265351" lon="-2.451509"><ele>1229.4</ele></trkpt>
    <trkpt lat="37.26523" lon="-2.451677"><ele>1227</ele></trkpt>
    <trkpt lat="37.265056" lon="-2.451782"><ele>1224.3</ele></trkpt>
    <trkpt lat="37.264786" lon="-2.45185"><ele>1220.4</ele></trkpt>
    <trkpt lat="37.264426" lon="-2.451843"><ele>1215.6</ele></trkpt>
    <trkpt lat="37.264339" lon="-2.451818"><ele>1214.5</ele></trkpt>
    <trkpt lat="37.264192" lon="-2.451691"><ele>1212.6</ele></trkpt>
    <trkpt lat="37.263946" lon="-2.451377"><ele>1210.2</ele></trkpt>
    <trkpt lat="37.263892" lon="-2.451283"><ele>1209.9</ele></trkpt>
    <trkpt lat="37.263846" lon="-2.451118"><ele>1209.7</ele></trkpt>
    <trkpt lat="37.263949" lon="-2.450622"><ele>1210.1</ele></trkpt>
    <trkpt lat="37.26405" lon="-2.450336"><ele>1211.3</ele></trkpt>
    <trkpt lat="37.264292" lon="-2.450008"><ele>1213.4</ele></trkpt>
    <trkpt lat="37.264699" lon="-2.449598"><ele>1216</ele></trkpt>
    <trkpt lat="37.264719" lon="-2.449552"><ele>1216.1</ele></trkpt>
    <trkpt lat="37.264716" lon="-2.449427"><ele>1216.5</ele></trkpt>
    <trkpt lat="37.264631" lon="-2.449349"><ele>1216.7</ele></trkpt>
    <trkpt lat="37.264474" lon="-2.449349"><ele>1216.8</ele></trkpt>
    <trkpt lat="37.264211" lon="-2.449427"><ele>1216.1</ele></trkpt>
    <trkpt lat="37.263864" lon="-2.449571"><ele>1213.4</ele></trkpt>
    <trkpt lat="37.263601" lon="-2.449742"><ele>1209.9</ele></trkpt>
    <trkpt lat="37.263477" lon="-2.449861"><ele>1207.7</ele></trkpt>
    <trkpt lat="37.2632" lon="-2.45022"><ele>1202.4</ele></trkpt>
    <trkpt lat="37.262994" lon="-2.45064"><ele>1197.5</ele></trkpt>
    <trkpt lat="37.262814" lon="-2.450888"><ele>1194.4</ele></trkpt>
    <trkpt lat="37.262685" lon="-2.451023"><ele>1192.6</ele></trkpt>
    <trkpt lat="37.262599" lon="-2.451084"><ele>1191.6</ele></trkpt>
    <trkpt lat="37.262456" lon="-2.451135"><ele>1190.2</ele></trkpt>
    <trkpt lat="37.26208" lon="-2.451213"><ele>1187</ele></trkpt>
    <trkpt lat="37.261946" lon="-2.451275"><ele>1186.1</ele></trkpt>
    <trkpt lat="37.261847" lon="-2.451385"><ele>1185.5</ele></trkpt>
    <trkpt lat="37.261795" lon="-2.451474"><ele>1185.1</ele></trkpt>
    <trkpt lat="37.261805" lon="-2.451666"><ele>1184.7</ele></trkpt>
    <trkpt lat="37.261978" lon="-2.45216"><ele>1184.3</ele></trkpt>
    <trkpt lat="37.262033" lon="-2.45231"><ele>1184.3</ele></trkpt>
    <trkpt lat="37.262072" lon="-2.452426"><ele>1184.5</ele></trkpt>
    <trkpt lat="37.262432" lon="-2.453493"><ele>1187.9</ele></trkpt>
    <trkpt lat="37.262439" lon="-2.453584"><ele>1188.4</ele></trkpt>
    <trkpt lat="37.262413" lon="-2.453686"><ele>1189.1</ele></trkpt>
    <trkpt lat="37.262353" lon="-2.453764"><ele>1189.8</ele></trkpt>
    <trkpt lat="37.262274" lon="-2.453812"><ele>1190.5</ele></trkpt>
    <trkpt lat="37.261773" lon="-2.453909"><ele>1194.8</ele></trkpt>
    <trkpt lat="37.26157" lon="-2.453973"><ele>1196.5</ele></trkpt>
    <trkpt lat="37.261446" lon="-2.454048"><ele>1197.4</ele></trkpt>
    <trkpt lat="37.261413" lon="-2.454081"><ele>1197.7</ele></trkpt>
    <trkpt lat="37.260724" lon="-2.454766"><ele>1199.5</ele></trkpt>
    <trkpt lat="37.260548" lon="-2.455451"><ele>1198.6</ele></trkpt>
    <trkpt lat="37.260465" lon="-2.455605"><ele>1198.1</ele></trkpt>
    <trkpt lat="37.260319" lon="-2.455751"><ele>1197.5</ele></trkpt>
    <trkpt lat="37.259656" lon="-2.456241"><ele>1194.6</ele></trkpt>
    <trkpt lat="37.259315" lon="-2.457016"><ele>1192.6</ele></trkpt>
    <trkpt lat="37.259031" lon="-2.457547"><ele>1189.5</ele></trkpt>
    <trkpt lat="37.259019" lon="-2.457829"><ele>1189</ele></trkpt>
    <trkpt lat="37.259095" lon="-2.458061"><ele>1188.1</ele></trkpt>
    <trkpt lat="37.259189" lon="-2.458192"><ele>1187.5</ele></trkpt>
    <trkpt lat="37.259309" lon="-2.458283"><ele>1186.7</ele></trkpt>
    <trkpt lat="37.25952" lon="-2.458373"><ele>1185.4</ele></trkpt>
    <trkpt lat="37.259686" lon="-2.458397"><ele>1184.6</ele></trkpt>
    <trkpt lat="37.259758" lon="-2.458369"><ele>1184.4</ele></trkpt>
    <trkpt lat="37.259861" lon="-2.458274"><ele>1183.9</ele></trkpt>
    <trkpt lat="37.260147" lon="-2.45785"><ele>1184</ele></trkpt>
    <trkpt lat="37.260361" lon="-2.457719"><ele>1185</ele></trkpt>
    <trkpt lat="37.260635" lon="-2.457631"><ele>1186.3</ele></trkpt>
    <trkpt lat="37.260934" lon="-2.457473"><ele>1187</ele></trkpt>
    <trkpt lat="37.261262" lon="-2.457147"><ele>1188.8</ele></trkpt>
    <trkpt lat="37.261533" lon="-2.456916"><ele>1190.7</ele></trkpt>
    <trkpt lat="37.261987" lon="-2.456728"><ele>1193.9</ele></trkpt>
    <trkpt lat="37.26207" lon="-2.456657"><ele>1194.7</ele></trkpt>
    <trkpt lat="37.262375" lon="-2.456276"><ele>1198.5</ele></trkpt>
    <trkpt lat="37.262447" lon="-2.456229"><ele>1199.3</ele></trkpt>
    <trkpt lat="37.262628" lon="-2.456222"><ele>1201.1</ele></trkpt>
    <trkpt lat="37.263102" lon="-2.456319"><ele>1206.1</ele></trkpt>
    <trkpt lat="37.263639" lon="-2.45642"><ele>1211.9</ele></trkpt>
    <trkpt lat="37.263778" lon="-2.456429"><ele>1213.4</ele></trkpt>
    <trkpt lat="37.263905" lon="-2.456387"><ele>1214.9</ele></trkpt>
    <trkpt lat="37.264086" lon="-2.45624"><ele>1217.2</ele></trkpt>
    <trkpt lat="37.264224" lon="-2.456086"><ele>1219.2</ele></trkpt>
    <trkpt lat="37.264396" lon="-2.455991"><ele>1221.3</ele></trkpt>
    <trkpt lat="37.264499" lon="-2.455978"><ele>1222.4</ele></trkpt>
    <trkpt lat="37.264692" lon="-2.45601"><ele>1224.4</ele></trkpt>
    <trkpt lat="37.264802" lon="-2.456059"><ele>1225.5</ele></trkpt>
    <trkpt lat="37.264985" lon="-2.456209"><ele>1227.8</ele></trkpt>
    <trkpt lat="37.26503" lon="-2.456298"><ele>1228.8</ele></trkpt>
    <trkpt lat="37.265045" lon="-2.456467"><ele>1230.2</ele></trkpt>
    <trkpt lat="37.265018" lon="-2.456539"><ele>1230.8</ele></trkpt>
    <trkpt lat="37.264947" lon="-2.456619"><ele>1231.7</ele></trkpt>
    <trkpt lat="37.26477" lon="-2.456688"><ele>1233.7</ele></trkpt>
    <trkpt lat="37.264559" lon="-2.456731"><ele>1235.9</ele></trkpt>
    <trkpt lat="37.264384" lon="-2.456847"><ele>1237.9</ele></trkpt>
    <trkpt lat="37.264291" lon="-2.456965"><ele>1239.3</ele></trkpt>
    <trkpt lat="37.264218" lon="-2.457009"><ele>1240.2</ele></trkpt>
    <trkpt lat="37.264132" lon="-2.456982"><ele>1241</ele></trkpt>
    <trkpt lat="37.264005" lon="-2.456989"><ele>1242.3</ele></trkpt>
    <trkpt lat="37.263688" lon="-2.457313"><ele>1246.2</ele></trkpt>
    <trkpt lat="37.263391" lon="-2.457515"><ele>1249.6</ele></trkpt>
    <trkpt lat="37.26317" lon="-2.457776"><ele>1252.8</ele></trkpt>
    <trkpt lat="37.26296" lon="-2.458302"><ele>1258.3</ele></trkpt>
    <trkpt lat="37.262844" lon="-2.458479"><ele>1260.4</ele></trkpt>
    <trkpt lat="37.26272" lon="-2.458576"><ele>1261.9</ele></trkpt>
    <trkpt lat="37.262511" lon="-2.458662"><ele>1264.1</ele></trkpt>
    <trkpt lat="37.262416" lon="-2.458746"><ele>1265.2</ele></trkpt>
    <trkpt lat="37.262339" lon="-2.458902"><ele>1266.5</ele></trkpt>
    <trkpt lat="37.262286" lon="-2.459453"><ele>1270.5</ele></trkpt>
    <trkpt lat="37.262249" lon="-2.459601"><ele>1271.6</ele></trkpt>
    <trkpt lat="37.26208" lon="-2.459929"><ele>1274.2</ele></trkpt>
    <trkpt lat="37.261931" lon="-2.460845"><ele>1280.2</ele></trkpt>
    <trkpt lat="37.261938" lon="-2.461161"><ele>1282.4</ele></trkpt>
    <trkpt lat="37.262052" lon="-2.461999"><ele>1287.4</ele></trkpt>
    <trkpt lat="37.26204" lon="-2.462257"><ele>1288.1</ele></trkpt>
    <trkpt lat="37.262006" lon="-2.462763"><ele>1290</ele></trkpt>
    <trkpt lat="37.261892" lon="-2.462997"><ele>1291.6</ele></trkpt>
    <trkpt lat="37.261635" lon="-2.463331"><ele>1294.9</ele></trkpt>
    <trkpt lat="37.261605" lon="-2.463485"><ele>1296.2</ele></trkpt>
    <trkpt lat="37.261727" lon="-2.463832"><ele>1299.7</ele></trkpt>
    <trkpt lat="37.261812" lon="-2.463964"><ele>1301.4</ele></trkpt>
    <trkpt lat="37.261943" lon="-2.464093"><ele>1303.6</ele></trkpt>
    <trkpt lat="37.262655" lon="-2.464218"><ele>1316.3</ele></trkpt>
    <trkpt lat="37.262805" lon="-2.464223"><ele>1319.2</ele></trkpt>
    <trkpt lat="37.262939" lon="-2.464171"><ele>1321.8</ele></trkpt>
    <trkpt lat="37.263133" lon="-2.464009"><ele>1325.7</ele></trkpt>
    <trkpt lat="37.263488" lon="-2.46366"><ele>1332.6</ele></trkpt>
    <trkpt lat="37.263663" lon="-2.463596"><ele>1335</ele></trkpt>
    <trkpt lat="37.26388" lon="-2.463649"><ele>1337.8</ele></trkpt>
    <trkpt lat="37.264304" lon="-2.463858"><ele>1343.2</ele></trkpt>
    <trkpt lat="37.264429" lon="-2.463875"><ele>1344.5</ele></trkpt>
    <trkpt lat="37.264526" lon="-2.463821"><ele>1345.5</ele></trkpt>
    <trkpt lat="37.264602" lon="-2.46371"><ele>1346.5</ele></trkpt>
    <trkpt lat="37.264623" lon="-2.463609"><ele>1347.2</ele></trkpt>
    <trkpt lat="37.264625" lon="-2.463492"><ele>1348</ele></trkpt>
    <trkpt lat="37.264574" lon="-2.463137"><ele>1350.4</ele></trkpt>
    <trkpt lat="37.26458" lon="-2.462933"><ele>1351.8</ele></trkpt>
    <trkpt lat="37.264642" lon="-2.462807"><ele>1352.7</ele></trkpt>
    <trkpt lat="37.264764" lon="-2.46271"><ele>1353.9</ele></trkpt>
    <trkpt lat="37.264788" lon="-2.462702"><ele>1354.1</ele></trkpt>
    <trkpt lat="37.265002" lon="-2.46271"><ele>1355.8</ele></trkpt>
    <trkpt lat="37.265505" lon="-2.462851"><ele>1359.8</ele></trkpt>
    <trkpt lat="37.265628" lon="-2.462934"><ele>1360.9</ele></trkpt>
    <trkpt lat="37.265674" lon="-2.462996"><ele>1361.5</ele></trkpt>
    <trkpt lat="37.265717" lon="-2.463169"><ele>1362.7</ele></trkpt>
    <trkpt lat="37.265709" lon="-2.46328"><ele>1363.5</ele></trkpt>
    <trkpt lat="37.265659" lon="-2.463412"><ele>1364.7</ele></trkpt>
    <trkpt lat="37.265431" lon="-2.463834"><ele>1369.4</ele></trkpt>
    <trkpt lat="37.265365" lon="-2.463989"><ele>1371.2</ele></trkpt>
    <trkpt lat="37.265332" lon="-2.464174"><ele>1373.1</ele></trkpt>
    <trkpt lat="37.26536" lon="-2.46427"><ele>1374.2</ele></trkpt>
    <trkpt lat="37.265436" lon="-2.464393"><ele>1375.9</ele></trkpt>
    <trkpt lat="37.265769" lon="-2.464693"><ele>1381.7</ele></trkpt>
    <trkpt lat="37.26591" lon="-2.464895"><ele>1384.9</ele></trkpt>
    <trkpt lat="37.266145" lon="-2.465339"><ele>1391.5</ele></trkpt>
    <trkpt lat="37.266387" lon="-2.465893"><ele>1399.1</ele></trkpt>
    <trkpt lat="37.266466" lon="-2.466172"><ele>1402.4</ele></trkpt>
    <trkpt lat="37.266482" lon="-2.466326"><ele>1404.1</ele></trkpt>
    <trkpt lat="37.266426" lon="-2.467103"><ele>1412</ele></trkpt>
    <trkpt lat="37.266343" lon="-2.46747"><ele>1415.8</ele></trkpt>
    <trkpt lat="37.26616" lon="-2.468048"><ele>1422</ele></trkpt>
    <trkpt lat="37.266115" lon="-2.468465"><ele>1425.9</ele></trkpt>
    <trkpt lat="37.265985" lon="-2.468821"><ele>1429.4</ele></trkpt>
    <trkpt lat="37.265918" lon="-2.469089"><ele>1431.7</ele></trkpt>
    <trkpt lat="37.265893" lon="-2.469554"><ele>1434.9</ele></trkpt>
    <trkpt lat="37.265842" lon="-2.469649"><ele>1435.6</ele></trkpt>
    <trkpt lat="37.265605" lon="-2.469875"><ele>1437.8</ele></trkpt>
    <trkpt lat="37.265236" lon="-2.470335"><ele>1441.7</ele></trkpt>
    <trkpt lat="37.265083" lon="-2.470584"><ele>1443.8</ele></trkpt>
    <trkpt lat="37.26504" lon="-2.470805"><ele>1445.4</ele></trkpt>
    <trkpt lat="37.265009" lon="-2.471512"><ele>1451.2</ele></trkpt>
    <trkpt lat="37.265056" lon="-2.472307"><ele>1459.1</ele></trkpt>
    <trkpt lat="37.265084" lon="-2.473477"><ele>1470.1</ele></trkpt>
    <trkpt lat="37.265103" lon="-2.473642"><ele>1471.2</ele></trkpt>
    <trkpt lat="37.26529" lon="-2.474147"><ele>1474</ele></trkpt>
    <trkpt lat="37.265337" lon="-2.47441"><ele>1475.2</ele></trkpt>
    <trkpt lat="37.265316" lon="-2.474639"><ele>1476.4</ele></trkpt>
    <trkpt lat="37.265152" lon="-2.475095"><ele>1479.4</ele></trkpt>
    <trkpt lat="37.265168" lon="-2.475309"><ele>1480.9</ele></trkpt>
    <trkpt lat="37.265269" lon="-2.475541"><ele>1482.8</ele></trkpt>
    <trkpt lat="37.265435" lon="-2.475762"><ele>1485.1</ele></trkpt>
    <trkpt lat="37.265527" lon="-2.475834"><ele>1486.1</ele></trkpt>
    <trkpt lat="37.265993" lon="-2.476046"><ele>1491.1</ele></trkpt>
    <trkpt lat="37.266142" lon="-2.476174"><ele>1493</ele></trkpt>
    <trkpt lat="37.266185" lon="-2.47625"><ele>1493.8</ele></trkpt>
    <trkpt lat="37.266226" lon="-2.476435"><ele>1495.4</ele></trkpt>
    <trkpt lat="37.266249" lon="-2.476897"><ele>1498.7</ele></trkpt>
    <trkpt lat="37.266252" lon="-2.477218"><ele>1500.3</ele></trkpt>
    <trkpt lat="37.266225" lon="-2.477436"><ele>1501.3</ele></trkpt>
    <trkpt lat="37.266126" lon="-2.477682"><ele>1502.4</ele></trkpt>
    <trkpt lat="37.266037" lon="-2.477876"><ele>1503.4</ele></trkpt>
    <trkpt lat="37.265918" lon="-2.478268"><ele>1505.4</ele></trkpt>
    <trkpt lat="37.265715" lon="-2.47923"><ele>1511.7</ele></trkpt>
    <trkpt lat="37.265713" lon="-2.47926"><ele>1511.9</ele></trkpt>
    <trkpt lat="37.265631" lon="-2.480247"><ele>1518.1</ele></trkpt>
    <trkpt lat="37.265525" lon="-2.480724"><ele>1521.4</ele></trkpt>
    <trkpt lat="37.265363" lon="-2.481292"><ele>1526.5</ele></trkpt>
    <trkpt lat="37.265317" lon="-2.481498"><ele>1528.7</ele></trkpt>
    <trkpt lat="37.265318" lon="-2.481646"><ele>1530.3</ele></trkpt>
    <trkpt lat="37.26534" lon="-2.48173"><ele>1531.2</ele></trkpt>
    <trkpt lat="37.265445" lon="-2.481863"><ele>1533.4</ele></trkpt>
    <trkpt lat="37.265831" lon="-2.48202"><ele>1539.7</ele></trkpt>
    <trkpt lat="37.266013" lon="-2.482158"><ele>1543.3</ele></trkpt>
    <trkpt lat="37.266112" lon="-2.48227"><ele>1545.6</ele></trkpt>
    <trkpt lat="37.266621" lon="-2.48305"><ele>1557.4</ele></trkpt>
    <trkpt lat="37.266655" lon="-2.483134"><ele>1558.3</ele></trkpt>
    <trkpt lat="37.266673" lon="-2.483301"><ele>1559.6</ele></trkpt>
    <trkpt lat="37.266616" lon="-2.483487"><ele>1561.1</ele></trkpt>
    <trkpt lat="37.266515" lon="-2.483645"><ele>1562.4</ele></trkpt>
    <trkpt lat="37.266249" lon="-2.483849"><ele>1564.9</ele></trkpt>
    <trkpt lat="37.266121" lon="-2.48398"><ele>1566.2</ele></trkpt>
    <trkpt lat="37.266085" lon="-2.484056"><ele>1566.7</ele></trkpt>
    <trkpt lat="37.266044" lon="-2.48426"><ele>1567.9</ele></trkpt>
    <trkpt lat="37.266042" lon="-2.484372"><ele>1568.6</ele></trkpt>
    <trkpt lat="37.266099" lon="-2.484769"><ele>1571.2</ele></trkpt>
    <trkpt lat="37.266441" lon="-2.48641"><ele>1585.9</ele></trkpt>
    <trkpt lat="37.266539" lon="-2.486718"><ele>1589</ele></trkpt>
    <trkpt lat="37.266853" lon="-2.487378"><ele>1596</ele></trkpt>
    <trkpt lat="37.267116" lon="-2.488005"><ele>1602.4</ele></trkpt>
    <trkpt lat="37.26717" lon="-2.48823"><ele>1604.6</ele></trkpt>
    <trkpt lat="37.267526" lon="-2.490482"><ele>1624.5</ele></trkpt>
    <trkpt lat="37.267703" lon="-2.491435"><ele>1634.3</ele></trkpt>
    <trkpt lat="37.267802" lon="-2.491688"><ele>1637.4</ele></trkpt>
    <trkpt lat="37.268007" lon="-2.492016"><ele>1642.1</ele></trkpt>
    <trkpt lat="37.268201" lon="-2.492244"><ele>1646.2</ele></trkpt>
    <trkpt lat="37.268454" lon="-2.49252"><ele>1651.9</ele></trkpt>
    <trkpt lat="37.268617" lon="-2.492742"><ele>1656.3</ele></trkpt>
    <trkpt lat="37.268733" lon="-2.493052"><ele>1661.2</ele></trkpt>
    <trkpt lat="37.268819" lon="-2.493419"><ele>1666.2</ele></trkpt>
    <trkpt lat="37.26897" lon="-2.494264"><ele>1675.5</ele></trkpt>
    <trkpt lat="37.269155" lon="-2.495254"><ele>1684.2</ele></trkpt>
    <trkpt lat="37.26916" lon="-2.495396"><ele>1685.1</ele></trkpt>
    <trkpt lat="37.269073" lon="-2.496318"><ele>1690.6</ele></trkpt>
    <trkpt lat="37.269082" lon="-2.496678"><ele>1693</ele></trkpt>
    <trkpt lat="37.268973" lon="-2.496823"><ele>1694.3</ele></trkpt>
    <trkpt lat="37.268943" lon="-2.496835"><ele>1694.5</ele></trkpt>
    <trkpt lat="37.268825" lon="-2.496784"><ele>1695.4</ele></trkpt>
    <trkpt lat="37.268622" lon="-2.496619"><ele>1697</ele></trkpt>
    <trkpt lat="37.268543" lon="-2.496565"><ele>1697.6</ele></trkpt>
    <trkpt lat="37.268338" lon="-2.496301"><ele>1699.4</ele></trkpt>
    <trkpt lat="37.268055" lon="-2.495757"><ele>1703.5</ele></trkpt>
    <trkpt lat="37.267984" lon="-2.495689"><ele>1704.2</ele></trkpt>
    <trkpt lat="37.267898" lon="-2.49566"><ele>1705</ele></trkpt>
    <trkpt lat="37.267751" lon="-2.495718"><ele>1706.3</ele></trkpt>
    <trkpt lat="37.267713" lon="-2.495755"><ele>1706.7</ele></trkpt>
    <trkpt lat="37.267641" lon="-2.495915"><ele>1708</ele></trkpt>
    <trkpt lat="37.267479" lon="-2.496801"><ele>1715.4</ele></trkpt>
    <trkpt lat="37.267468" lon="-2.497003"><ele>1717.3</ele></trkpt>
    <trkpt lat="37.267534" lon="-2.497229"><ele>1719.7</ele></trkpt>
    <trkpt lat="37.268265" lon="-2.499104"><ele>1737.4</ele></trkpt>
    <trkpt lat="37.268278" lon="-2.499346"><ele>1738.9</ele></trkpt>
    <trkpt lat="37.268223" lon="-2.499526"><ele>1740.1</ele></trkpt>
    <trkpt lat="37.268097" lon="-2.499892"><ele>1742.5</ele></trkpt>
    <trkpt lat="37.26801" lon="-2.500596"><ele>1746.3</ele></trkpt>
    <trkpt lat="37.268014" lon="-2.500803"><ele>1747.3</ele></trkpt>
    <trkpt lat="37.268113" lon="-2.501381"><ele>1749.5</ele></trkpt>
    <trkpt lat="37.268111" lon="-2.50161"><ele>1750.3</ele></trkpt>
    <trkpt lat="37.267936" lon="-2.502243"><ele>1753.2</ele></trkpt>
    <trkpt lat="37.267823" lon="-2.503207"><ele>1758.1</ele></trkpt>
    <trkpt lat="37.267712" lon="-2.50352"><ele>1760.1</ele></trkpt>
    <trkpt lat="37.267207" lon="-2.504648"><ele>1769.3</ele></trkpt>
    <trkpt lat="37.267105" lon="-2.504769"><ele>1770.7</ele></trkpt>
    <trkpt lat="37.266927" lon="-2.504904"><ele>1772.8</ele></trkpt>
    <trkpt lat="37.266175" lon="-2.505363"><ele>1781</ele></trkpt>
    <trkpt lat="37.265952" lon="-2.505541"><ele>1783.4</ele></trkpt>
    <trkpt lat="37.265819" lon="-2.505707"><ele>1785.1</ele></trkpt>
    <trkpt lat="37.265465" lon="-2.50629"><ele>1790</ele></trkpt>
    <trkpt lat="37.265259" lon="-2.506504"><ele>1792</ele></trkpt>
    <trkpt lat="37.265172" lon="-2.506552"><ele>1792.6</ele></trkpt>
    <trkpt lat="37.263914" lon="-2.506943"><ele>1801.2</ele></trkpt>
    <trkpt lat="37.263386" lon="-2.506955"><ele>1804.5</ele></trkpt>
    <trkpt lat="37.263227" lon="-2.507015"><ele>1805.6</ele></trkpt>
    <trkpt lat="37.263088" lon="-2.507126"><ele>1806.5</ele></trkpt>
    <trkpt lat="37.262032" lon="-2.508245"><ele>1810.7</ele></trkpt>
    <trkpt lat="37.261253" lon="-2.509078"><ele>1808.6</ele></trkpt>
    <trkpt lat="37.260842" lon="-2.509768"><ele>1808.7</ele></trkpt>
    <trkpt lat="37.260611" lon="-2.510161"><ele>1810.7</ele></trkpt>
    <trkpt lat="37.260376" lon="-2.510532"><ele>1813.9</ele></trkpt>
    <trkpt lat="37.260255" lon="-2.510667"><ele>1815.6</ele></trkpt>
    <trkpt lat="37.260122" lon="-2.510766"><ele>1817.4</ele></trkpt>
    <trkpt lat="37.259854" lon="-2.510864"><ele>1820.8</ele></trkpt>
    <trkpt lat="37.25958" lon="-2.510924"><ele>1824</ele></trkpt>
    <trkpt lat="37.259379" lon="-2.510933"><ele>1826.1</ele></trkpt>
    <trkpt lat="37.259188" lon="-2.510814"><ele>1828.2</ele></trkpt>
    <trkpt lat="37.258756" lon="-2.510302"><ele>1833.3</ele></trkpt>
    <trkpt lat="37.258668" lon="-2.510225"><ele>1834.1</ele></trkpt>
    <trkpt lat="37.258573" lon="-2.510185"><ele>1834.7</ele></trkpt>
    <trkpt lat="37.258455" lon="-2.510167"><ele>1835.5</ele></trkpt>
    <trkpt lat="37.258336" lon="-2.510192"><ele>1836.2</ele></trkpt>
    <trkpt lat="37.257909" lon="-2.510478"><ele>1838.6</ele></trkpt>
    <trkpt lat="37.257706" lon="-2.510487"><ele>1839.6</ele></trkpt>
    <trkpt lat="37.257567" lon="-2.510445"><ele>1840.3</ele></trkpt>
    <trkpt lat="37.256116" lon="-2.509717"><ele>1846.7</ele></trkpt>
    <trkpt lat="37.254936" lon="-2.509522"><ele>1851.2</ele></trkpt>
    <trkpt lat="37.254647" lon="-2.509547"><ele>1852.4</ele></trkpt>
    <trkpt lat="37.254262" lon="-2.509675"><ele>1853.9</ele></trkpt>
    <trkpt lat="37.253173" lon="-2.51014"><ele>1859</ele></trkpt>
    <trkpt lat="37.252977" lon="-2.510266"><ele>1860.3</ele></trkpt>
    <trkpt lat="37.250292" lon="-2.512361"><ele>1884.7</ele></trkpt>
    <trkpt lat="37.25011" lon="-2.512468"><ele>1885.8</ele></trkpt>
    <trkpt lat="37.249965" lon="-2.512497"><ele>1886.4</ele></trkpt>
    <trkpt lat="37.2498" lon="-2.512422"><ele>1887.1</ele></trkpt>
    <trkpt lat="37.24969" lon="-2.512237"><ele>1887.6</ele></trkpt>
    <trkpt lat="37.249644" lon="-2.512049"><ele>1887.8</ele></trkpt>
    <trkpt lat="37.249567" lon="-2.511392"><ele>1887.9</ele></trkpt>
    <trkpt lat="37.249538" lon="-2.511264"><ele>1887.7</ele></trkpt>
    <trkpt lat="37.249428" lon="-2.511027"><ele>1887.2</ele></trkpt>
    <trkpt lat="37.248434" lon="-2.509684"><ele>1883.2</ele></trkpt>
    <trkpt lat="37.248272" lon="-2.509505"><ele>1882.5</ele></trkpt>
    <trkpt lat="37.248109" lon="-2.509411"><ele>1881.9</ele></trkpt>
    <trkpt lat="37.247942" lon="-2.509391"><ele>1881.4</ele></trkpt>
    <trkpt lat="37.247592" lon="-2.509415"><ele>1880.2</ele></trkpt>
    <trkpt lat="37.247098" lon="-2.509482"><ele>1878.7</ele></trkpt>
    <trkpt lat="37.246988" lon="-2.509556"><ele>1878.3</ele></trkpt>
    <trkpt lat="37.24689" lon="-2.509686"><ele>1877.9</ele></trkpt>
    <trkpt lat="37.246745" lon="-2.510182"><ele>1876.5</ele></trkpt>
    <trkpt lat="37.246574" lon="-2.510357"><ele>1875.6</ele></trkpt>
    <trkpt lat="37.246158" lon="-2.510663"><ele>1873.2</ele></trkpt>
    <trkpt lat="37.246007" lon="-2.510693"><ele>1872.5</ele></trkpt>
    <trkpt lat="37.245694" lon="-2.510676"><ele>1871</ele></trkpt>
    <trkpt lat="37.245519" lon="-2.510762"><ele>1870.1</ele></trkpt>
    <trkpt lat="37.245416" lon="-2.51094"><ele>1869.3</ele></trkpt>
    <trkpt lat="37.245055" lon="-2.512224"><ele>1865.1</ele></trkpt>
    <trkpt lat="37.244875" lon="-2.513414"><ele>1864.5</ele></trkpt>
    <trkpt lat="37.24477" lon="-2.513565"><ele>1864.2</ele></trkpt>
    <trkpt lat="37.244307" lon="-2.513843"><ele>1863.3</ele></trkpt>
    <trkpt lat="37.243957" lon="-2.514051"><ele>1862.6</ele></trkpt>
    <trkpt lat="37.243877" lon="-2.514124"><ele>1862.5</ele></trkpt>
    <trkpt lat="37.243284" lon="-2.5149"><ele>1861.5</ele></trkpt>
    <trkpt lat="37.243209" lon="-2.514941"><ele>1861.4</ele></trkpt>
    <trkpt lat="37.243171" lon="-2.514952"><ele>1861.4</ele></trkpt>
    <trkpt lat="37.242967" lon="-2.514935"><ele>1861.4</ele></trkpt>
    <trkpt lat="37.242288" lon="-2.514646"><ele>1862.6</ele></trkpt>
    <trkpt lat="37.242151" lon="-2.514611"><ele>1863</ele></trkpt>
    <trkpt lat="37.242049" lon="-2.514617"><ele>1863.4</ele></trkpt>
    <trkpt lat="37.241697" lon="-2.514773"><ele>1864.5</ele></trkpt>
    <trkpt lat="37.240499" lon="-2.515404"><ele>1869.8</ele></trkpt>
    <trkpt lat="37.239752" lon="-2.515507"><ele>1873</ele></trkpt>
    <trkpt lat="37.239153" lon="-2.515694"><ele>1875.2</ele></trkpt>
    <trkpt lat="37.238941" lon="-2.515715"><ele>1875.9</ele></trkpt>
    <trkpt lat="37.238814" lon="-2.515697"><ele>1876.4</ele></trkpt>
    <trkpt lat="37.238208" lon="-2.515493"><ele>1878.5</ele></trkpt>
    <trkpt lat="37.237967" lon="-2.515478"><ele>1879.3</ele></trkpt>
    <trkpt lat="37.237849" lon="-2.515508"><ele>1879.7</ele></trkpt>
    <trkpt lat="37.237275" lon="-2.51577"><ele>1881.8</ele></trkpt>
    <trkpt lat="37.236931" lon="-2.515918"><ele>1883.1</ele></trkpt>
    <trkpt lat="37.23673" lon="-2.515934"><ele>1883.8</ele></trkpt>
    <trkpt lat="37.235376" lon="-2.515442"><ele>1887.5</ele></trkpt>
    <trkpt lat="37.234848" lon="-2.515419"><ele>1889.2</ele></trkpt>
    <trkpt lat="37.234375" lon="-2.515468"><ele>1891</ele></trkpt>
    <trkpt lat="37.233866" lon="-2.515727"><ele>1893.2</ele></trkpt>
    <trkpt lat="37.233706" lon="-2.515729"><ele>1894</ele></trkpt>
    <trkpt lat="37.233604" lon="-2.515673"><ele>1894.5</ele></trkpt>
    <trkpt lat="37.2333" lon="-2.5153"><ele>1896.4</ele></trkpt>
    <trkpt lat="37.233169" lon="-2.515197"><ele>1897</ele></trkpt>
    <trkpt lat="37.232984" lon="-2.515138"><ele>1897.8</ele></trkpt>
    <trkpt lat="37.232539" lon="-2.515105"><ele>1899.4</ele></trkpt>
    <trkpt lat="37.232438" lon="-2.515063"><ele>1899.8</ele></trkpt>
    <trkpt lat="37.231908" lon="-2.514475"><ele>1903.2</ele></trkpt>
    <trkpt lat="37.229842" lon="-2.512615"><ele>1920.4</ele></trkpt>
    <trkpt lat="37.229579" lon="-2.512505"><ele>1921.9</ele></trkpt>
    <trkpt lat="37.22919" lon="-2.512483"><ele>1923.7</ele></trkpt>
    <trkpt lat="37.228865" lon="-2.512523"><ele>1924.9</ele></trkpt>
    <trkpt lat="37.228425" lon="-2.512625"><ele>1926.2</ele></trkpt>
    <trkpt lat="37.227899" lon="-2.512846"><ele>1927.5</ele></trkpt>
    <trkpt lat="37.227574" lon="-2.513049"><ele>1928.2</ele></trkpt>
    <trkpt lat="37.227369" lon="-2.513313"><ele>1929</ele></trkpt>
    <trkpt lat="37.226205" lon="-2.515196"><ele>1935.1</ele></trkpt>
    <trkpt lat="37.226028" lon="-2.515421"><ele>1935.9</ele></trkpt>
    <trkpt lat="37.225839" lon="-2.515505"><ele>1936.4</ele></trkpt>
    <trkpt lat="37.225655" lon="-2.515528"><ele>1936.9</ele></trkpt>
    <trkpt lat="37.224641" lon="-2.515579"><ele>1937.4</ele></trkpt>
    <trkpt lat="37.223942" lon="-2.515839"><ele>1936.2</ele></trkpt>
    <trkpt lat="37.223509" lon="-2.515947"><ele>1934.9</ele></trkpt>
    <trkpt lat="37.223423" lon="-2.515945"><ele>1934.6</ele></trkpt>
    <trkpt lat="37.222677" lon="-2.515757"><ele>1932</ele></trkpt>
    <trkpt lat="37.222536" lon="-2.515773"><ele>1931.5</ele></trkpt>
    <trkpt lat="37.22239" lon="-2.515868"><ele>1930.8</ele></trkpt>
    <trkpt lat="37.221881" lon="-2.516659"><ele>1927.4</ele></trkpt>
    <trkpt lat="37.221581" lon="-2.51718"><ele>1926.2</ele></trkpt>
    <trkpt lat="37.22149" lon="-2.517405"><ele>1926</ele></trkpt>
    <trkpt lat="37.221453" lon="-2.517605"><ele>1926</ele></trkpt>
    <trkpt lat="37.221457" lon="-2.517815"><ele>1926.1</ele></trkpt>
    <trkpt lat="37.221588" lon="-2.518852"><ele>1927.3</ele></trkpt>
    <trkpt lat="37.221582" lon="-2.519024"><ele>1927.5</ele></trkpt>
    <trkpt lat="37.221514" lon="-2.519167"><ele>1927.7</ele></trkpt>
    <trkpt lat="37.221193" lon="-2.51955"><ele>1928.1</ele></trkpt>
    <trkpt lat="37.221084" lon="-2.519611"><ele>1928.2</ele></trkpt>
    <trkpt lat="37.22032" lon="-2.519557"><ele>1930.6</ele></trkpt>
    <trkpt lat="37.220237" lon="-2.519581"><ele>1931</ele></trkpt>
    <trkpt lat="37.22014" lon="-2.519727"><ele>1931.8</ele></trkpt>
    <trkpt lat="37.220087" lon="-2.520201"><ele>1933.9</ele></trkpt>
    <trkpt lat="37.220037" lon="-2.520347"><ele>1934.7</ele></trkpt>
    <trkpt lat="37.219948" lon="-2.520468"><ele>1935.5</ele></trkpt>
    <trkpt lat="37.219793" lon="-2.520561"><ele>1936.7</ele></trkpt>
    <trkpt lat="37.219698" lon="-2.520545"><ele>1937.3</ele></trkpt>
    <trkpt lat="37.219614" lon="-2.520475"><ele>1938</ele></trkpt>
    <trkpt lat="37.219035" lon="-2.519613"><ele>1941.8</ele></trkpt>
    <trkpt lat="37.218918" lon="-2.519472"><ele>1942</ele></trkpt>
    <trkpt lat="37.218283" lon="-2.518893"><ele>1944.1</ele></trkpt>
    <trkpt lat="37.21805" lon="-2.518802"><ele>1945.3</ele></trkpt>
    <trkpt lat="37.217791" lon="-2.518834"><ele>1946.9</ele></trkpt>
    <trkpt lat="37.217183" lon="-2.519254"><ele>1952.1</ele></trkpt>
    <trkpt lat="37.217098" lon="-2.519284"><ele>1952.8</ele></trkpt>
    <trkpt lat="37.216996" lon="-2.519273"><ele>1953.6</ele></trkpt>
    <trkpt lat="37.21669" lon="-2.519032"><ele>1956.3</ele></trkpt>
    <trkpt lat="37.215801" lon="-2.518131"><ele>1961.2</ele></trkpt>
    <trkpt lat="37.215365" lon="-2.517711"><ele>1962.9</ele></trkpt>
    <trkpt lat="37.215167" lon="-2.517559"><ele>1963.7</ele></trkpt>
    <trkpt lat="37.214877" lon="-2.517414"><ele>1964.9</ele></trkpt>
    <trkpt lat="37.214086" lon="-2.517219"><ele>1967.8</ele></trkpt>
    <trkpt lat="37.213805" lon="-2.517061"><ele>1968.9</ele></trkpt>
    <trkpt lat="37.213366" lon="-2.516755"><ele>1970.6</ele></trkpt>
    <trkpt lat="37.213281" lon="-2.516844"><ele>1971</ele></trkpt>
    <trkpt lat="37.213307" lon="-2.51692"><ele>1971.2</ele></trkpt>
    <trkpt lat="37.213512" lon="-2.517263"><ele>1972</ele></trkpt>
    <trkpt lat="37.213654" lon="-2.517597"><ele>1972.9</ele></trkpt>
    <trkpt lat="37.213771" lon="-2.518202"><ele>1975.2</ele></trkpt>
    <trkpt lat="37.213883" lon="-2.518667"><ele>1977.7</ele></trkpt>
    <trkpt lat="37.214709" lon="-2.521559"><ele>2004.5</ele></trkpt>
    <trkpt lat="37.214762" lon="-2.521864"><ele>2007.4</ele></trkpt>
    <trkpt lat="37.215029" lon="-2.523642"><ele>2024</ele></trkpt>
    <trkpt lat="37.215032" lon="-2.52398"><ele>2027.1</ele></trkpt>
    <trkpt lat="37.214937" lon="-2.525317"><ele>2040.1</ele></trkpt>
    <trkpt lat="37.214949" lon="-2.525487"><ele>2041.9</ele></trkpt>
    <trkpt lat="37.214993" lon="-2.525611"><ele>2043.3</ele></trkpt>
    <trkpt lat="37.215757" lon="-2.526441"><ele>2056.9</ele></trkpt>
    <trkpt lat="37.216915" lon="-2.527874"><ele>2075.9</ele></trkpt>
    <trkpt lat="37.217051" lon="-2.528059"><ele>2077.6</ele></trkpt>
    <trkpt lat="37.217362" lon="-2.528668"><ele>2081.5</ele></trkpt>
    <trkpt lat="37.217476" lon="-2.528826"><ele>2082.5</ele></trkpt>
    <trkpt lat="37.217672" lon="-2.529024"><ele>2083.7</ele></trkpt>
    <trkpt lat="37.219522" lon="-2.530583"><ele>2095.5</ele></trkpt>
    <trkpt lat="37.219595" lon="-2.53076"><ele>2096.5</ele></trkpt>
    <trkpt lat="37.219615" lon="-2.53091"><ele>2097.2</ele></trkpt>
    <trkpt lat="37.219613" lon="-2.532311"><ele>2103.6</ele></trkpt>
    <trkpt lat="37.219776" lon="-2.533184"><ele>2106.8</ele></trkpt>
    <trkpt lat="37.219869" lon="-2.53401"><ele>2108.5</ele></trkpt>
    <trkpt lat="37.221273" lon="-2.538514"><ele>2106.1</ele></trkpt>
    <trkpt lat="37.221425" lon="-2.539032"><ele>2105.2</ele></trkpt>
    <trkpt lat="37.221445" lon="-2.539237"><ele>2104.9</ele></trkpt>
    <trkpt lat="37.221395" lon="-2.539837"><ele>2104.3</ele></trkpt>
    <trkpt lat="37.221283" lon="-2.540306"><ele>2104.1</ele></trkpt>
    <trkpt lat="37.22128" lon="-2.540556"><ele>2104.2</ele></trkpt>
    <trkpt lat="37.221617" lon="-2.54205"><ele>2107.6</ele></trkpt>
    <trkpt lat="37.221705" lon="-2.542274"><ele>2108.6</ele></trkpt>
    <trkpt lat="37.221822" lon="-2.542433"><ele>2109.5</ele></trkpt>
    <trkpt lat="37.221961" lon="-2.542536"><ele>2110.5</ele></trkpt>
    <trkpt lat="37.222107" lon="-2.542601"><ele>2111.4</ele></trkpt>
    <trkpt lat="37.22258" lon="-2.542618"><ele>2114.8</ele></trkpt>
    <trkpt lat="37.222736" lon="-2.542647"><ele>2116</ele></trkpt>
    <trkpt lat="37.222883" lon="-2.542733"><ele>2117.2</ele></trkpt>
    <trkpt lat="37.223011" lon="-2.542869"><ele>2118.5</ele></trkpt>
    <trkpt lat="37.22308" lon="-2.543026"><ele>2119.7</ele></trkpt>
    <trkpt lat="37.223091" lon="-2.543145"><ele>2120.4</ele></trkpt>
    <trkpt lat="37.223078" lon="-2.543256"><ele>2121.1</ele></trkpt>
    <trkpt lat="37.223008" lon="-2.543423"><ele>2122.3</ele></trkpt>
    <trkpt lat="37.222469" lon="-2.544045"><ele>2128.2</ele></trkpt>
    <trkpt lat="37.22227" lon="-2.544349"><ele>2130.7</ele></trkpt>
    <trkpt lat="37.22218" lon="-2.544601"><ele>2132.5</ele></trkpt>
    <trkpt lat="37.222127" lon="-2.544792"><ele>2133.9</ele></trkpt>
    <trkpt lat="37.221953" lon="-2.545421"><ele>2138.5</ele></trkpt>
    <trkpt lat="37.22182" lon="-2.545756"><ele>2141.1</ele></trkpt>
    <trkpt lat="37.221794" lon="-2.545858"><ele>2141.8</ele></trkpt>
    <trkpt lat="37.221792" lon="-2.546012"><ele>2142.8</ele></trkpt>
    <trkpt lat="37.221995" lon="-2.54674"><ele>2146.6</ele></trkpt>
    <trkpt lat="37.222016" lon="-2.546808"><ele>2146.9</ele></trkpt>
    <trkpt lat="37.222181" lon="-2.547355"><ele>2148.4</ele></trkpt>
    <trkpt lat="37.222524" lon="-2.548528"><ele>2147.2</ele></trkpt>
    <trkpt lat="37.222541" lon="-2.548821"><ele>2146.3</ele></trkpt>
    <trkpt lat="37.222525" lon="-2.548987"><ele>2145.6</ele></trkpt>
    <trkpt lat="37.222164" lon="-2.550193"><ele>2139.9</ele></trkpt>
    <trkpt lat="37.222114" lon="-2.550427"><ele>2138.9</ele></trkpt>
    <trkpt lat="37.222094" lon="-2.550864"><ele>2137.4</ele></trkpt>
  </trkseg></trk></gpx>