<?xml version="1.0" encoding="UTF-8"?>
<gpx version="1.1" creator="tour-scraper" xmlns="http://www.topografix.com/GPX/1/1">
  <trk><name>Stage 4: From Andorra la Vella to Andorra la Vella — La Vuelta 26</name><trkseg>
    <trkpt lat="42.513526" lon="1.552684"><ele>1150.1</ele></trkpt>
    <trkpt lat="42.513723" lon="1.552928"><ele>1149.1</ele></trkpt>
    <trkpt lat="42.514225" lon="1.553346"><ele>1146.5</ele></trkpt>
    <trkpt lat="42.514532" lon="1.553557"><ele>1145.6</ele></trkpt>
    <trkpt lat="42.515051" lon="1.55385"><ele>1145.9</ele></trkpt>
    <trkpt lat="42.515186" lon="1.553912"><ele>1146.2</ele></trkpt>
    <trkpt lat="42.515678" lon="1.554148"><ele>1147.7</ele></trkpt>
    <trkpt lat="42.516052" lon="1.554145"><ele>1149.4</ele></trkpt>
    <trkpt lat="42.516546" lon="1.553936"><ele>1153</ele></trkpt>
    <trkpt lat="42.51678" lon="1.553893"><ele>1154.3</ele></trkpt>
    <trkpt lat="42.516938" lon="1.553932"><ele>1155.1</ele></trkpt>
    <trkpt lat="42.51711" lon="1.554015"><ele>1156.1</ele></trkpt>
    <trkpt lat="42.517402" lon="1.554295"><ele>1159.4</ele></trkpt>
    <trkpt lat="42.51756" lon="1.554496"><ele>1161.8</ele></trkpt>
    <trkpt lat="42.517692" lon="1.554687"><ele>1163.9</ele></trkpt>
    <trkpt lat="42.517842" lon="1.554972"><ele>1166.8</ele></trkpt>
    <trkpt lat="42.517879" lon="1.555285"><ele>1169.2</ele></trkpt>
    <trkpt lat="42.51784" lon="1.555412"><ele>1170.3</ele></trkpt>
    <trkpt lat="42.51789" lon="1.555554"><ele>1171.4</ele></trkpt>
    <trkpt lat="42.518004" lon="1.555587"><ele>1172.3</ele></trkpt>
    <trkpt lat="42.518198" lon="1.555752"><ele>1174.1</ele></trkpt>
    <trkpt lat="42.518321" lon="1.55591"><ele>1175.2</ele></trkpt>
    <trkpt lat="42.518647" lon="1.556283"><ele>1177.2</ele></trkpt>
    <trkpt lat="42.518845" lon="1.556456"><ele>1177.4</ele></trkpt>
    <trkpt lat="42.519058" lon="1.556643"><ele>1177.5</ele></trkpt>
    <trkpt lat="42.519624" lon="1.556985"><ele>1177.8</ele></trkpt>
    <trkpt lat="42.51968" lon="1.557035"><ele>1177.9</ele></trkpt>
    <trkpt lat="42.519755" lon="1.557106"><ele>1177.9</ele></trkpt>
    <trkpt lat="42.52086" lon="1.558206"><ele>1182.5</ele></trkpt>
    <trkpt lat="42.521365" lon="1.558768"><ele>1185.1</ele></trkpt>
    <trkpt lat="42.521681" lon="1.559184"><ele>1186.1</ele></trkpt>
    <trkpt lat="42.521833" lon="1.559429"><ele>1186.7</ele></trkpt>
    <trkpt lat="42.521943" lon="1.559617"><ele>1187.3</ele></trkpt>
    <trkpt lat="42.522198" lon="1.560034"><ele>1188.1</ele></trkpt>
    <trkpt lat="42.522644" lon="1.560765"><ele>1187.2</ele></trkpt>
    <trkpt lat="42.523205" lon="1.561516"><ele>1186.8</ele></trkpt>
    <trkpt lat="42.523348" lon="1.56165"><ele>1186.8</ele></trkpt>
    <trkpt lat="42.523682" lon="1.561965"><ele>1186.8</ele></trkpt>
    <trkpt lat="42.524036" lon="1.562236"><ele>1188</ele></trkpt>
    <trkpt lat="42.524377" lon="1.562544"><ele>1190.4</ele></trkpt>
    <trkpt lat="42.524492" lon="1.562705"><ele>1191.4</ele></trkpt>
    <trkpt lat="42.524601" lon="1.562912"><ele>1192.3</ele></trkpt>
    <trkpt lat="42.524718" lon="1.56321"><ele>1193.6</ele></trkpt>
    <trkpt lat="42.524934" lon="1.563941"><ele>1196.3</ele></trkpt>
    <trkpt lat="42.525027" lon="1.56422"><ele>1197.6</ele></trkpt>
    <trkpt lat="42.525012" lon="1.564283"><ele>1198</ele></trkpt>
    <trkpt lat="42.525025" lon="1.564404"><ele>1198.5</ele></trkpt>
    <trkpt lat="42.525115" lon="1.564512"><ele>1199.4</ele></trkpt>
    <trkpt lat="42.525253" lon="1.565011"><ele>1202.2</ele></trkpt>
    <trkpt lat="42.525439" lon="1.565517"><ele>1205.2</ele></trkpt>
    <trkpt lat="42.525865" lon="1.566359"><ele>1211.4</ele></trkpt>
    <trkpt lat="42.526771" lon="1.567512"><ele>1217.7</ele></trkpt>
    <trkpt lat="42.526969" lon="1.567791"><ele>1218.6</ele></trkpt>
    <trkpt lat="42.527614" lon="1.569077"><ele>1225</ele></trkpt>
    <trkpt lat="42.527778" lon="1.569369"><ele>1227.4</ele></trkpt>
    <trkpt lat="42.528865" lon="1.571023"><ele>1243.9</ele></trkpt>
    <trkpt lat="42.529218" lon="1.571433"><ele>1248.7</ele></trkpt>
    <trkpt lat="42.529206" lon="1.571541"><ele>1249.6</ele></trkpt>
    <trkpt lat="42.529238" lon="1.571642"><ele>1250.2</ele></trkpt>
    <trkpt lat="42.529302" lon="1.57198"><ele>1252.1</ele></trkpt>
    <trkpt lat="42.529347" lon="1.572424"><ele>1253.4</ele></trkpt>
    <trkpt lat="42.529389" lon="1.57259"><ele>1253.9</ele></trkpt>
    <trkpt lat="42.529524" lon="1.572918"><ele>1255.3</ele></trkpt>
    <trkpt lat="42.529625" lon="1.573052"><ele>1255.9</ele></trkpt>
    <trkpt lat="42.529881" lon="1.573291"><ele>1256.8</ele></trkpt>
    <trkpt lat="42.530345" lon="1.57352"><ele>1257</ele></trkpt>
    <trkpt lat="42.530634" lon="1.573768"><ele>1256.7</ele></trkpt>
    <trkpt lat="42.530905" lon="1.57411"><ele>1257.6</ele></trkpt>
    <trkpt lat="42.53103" lon="1.574319"><ele>1258.6</ele></trkpt>
    <trkpt lat="42.531272" lon="1.574836"><ele>1261.4</ele></trkpt>
    <trkpt lat="42.531383" lon="1.575179"><ele>1263.3</ele></trkpt>
    <trkpt lat="42.531461" lon="1.57553"><ele>1265.4</ele></trkpt>
    <trkpt lat="42.531634" lon="1.576468"><ele>1271.3</ele></trkpt>
    <trkpt lat="42.531638" lon="1.576495"><ele>1271.4</ele></trkpt>
    <trkpt lat="42.531708" lon="1.577185"><ele>1275.3</ele></trkpt>
    <trkpt lat="42.531708" lon="1.5773"><ele>1276</ele></trkpt>
    <trkpt lat="42.531734" lon="1.577589"><ele>1277.6</ele></trkpt>
    <trkpt lat="42.53178" lon="1.578976"><ele>1285.6</ele></trkpt>
    <trkpt lat="42.531764" lon="1.57943"><ele>1288.1</ele></trkpt>
    <trkpt lat="42.5317" lon="1.579632"><ele>1289.5</ele></trkpt>
    <trkpt lat="42.53163" lon="1.579692"><ele>1290.4</ele></trkpt>
    <trkpt lat="42.531598" lon="1.579796"><ele>1291.2</ele></trkpt>
    <trkpt lat="42.531618" lon="1.579905"><ele>1292.2</ele></trkpt>
    <trkpt lat="42.53168" lon="1.579979"><ele>1293.2</ele></trkpt>
    <trkpt lat="42.531736" lon="1.580242"><ele>1295.9</ele></trkpt>
    <trkpt lat="42.531736" lon="1.58041"><ele>1297.6</ele></trkpt>
    <trkpt lat="42.531733" lon="1.580866"><ele>1302.4</ele></trkpt>
    <trkpt lat="42.531697" lon="1.581781"><ele>1310.1</ele></trkpt>
    <trkpt lat="42.531687" lon="1.582216"><ele>1312.9</ele></trkpt>
    <trkpt lat="42.531724" lon="1.582631"><ele>1314.4</ele></trkpt>
    <trkpt lat="42.531802" lon="1.582971"><ele>1314.7</ele></trkpt>
    <trkpt lat="42.531918" lon="1.583266"><ele>1314.2</ele></trkpt>
    <trkpt lat="42.532106" lon="1.583578"><ele>1313.1</ele></trkpt>
    <trkpt lat="42.532303" lon="1.583904"><ele>1311.9</ele></trkpt>
    <trkpt lat="42.53317" lon="1.584852"><ele>1312.5</ele></trkpt>
    <trkpt lat="42.533471" lon="1.585456"><ele>1314.4</ele></trkpt>
    <trkpt lat="42.533628" lon="1.585669"><ele>1315.5</ele></trkpt>
    <trkpt lat="42.533863" lon="1.585832"><ele>1317</ele></trkpt>
    <trkpt lat="42.53411" lon="1.58617"><ele>1319.1</ele></trkpt>
    <trkpt lat="42.534388" lon="1.586726"><ele>1322.6</ele></trkpt>
    <trkpt lat="42.53445" lon="1.586856"><ele>1323.3</ele></trkpt>
    <trkpt lat="42.534491" lon="1.586945"><ele>1323.8</ele></trkpt>
    <trkpt lat="42.534565" lon="1.587101"><ele>1324.7</ele></trkpt>
    <trkpt lat="42.534689" lon="1.58732"><ele>1325.8</ele></trkpt>
    <trkpt lat="42.535083" lon="1.587907"><ele>1329.5</ele></trkpt>
    <trkpt lat="42.535182" lon="1.588131"><ele>1330.6</ele></trkpt>
    <trkpt lat="42.535209" lon="1.588248"><ele>1331.1</ele></trkpt>
    <trkpt lat="42.535275" lon="1.588272"><ele>1331.4</ele></trkpt>
    <trkpt lat="42.535317" lon="1.588245"><ele>1331.7</ele></trkpt>
    <trkpt lat="42.535375" lon="1.588324"><ele>1332.1</ele></trkpt>
    <trkpt lat="42.535485" lon="1.588432"><ele>1332.8</ele></trkpt>
    <trkpt lat="42.535574" lon="1.588487"><ele>1333.3</ele></trkpt>
    <trkpt lat="42.535811" lon="1.588613"><ele>1333.9</ele></trkpt>
    <trkpt lat="42.536261" lon="1.588815"><ele>1335.1</ele></trkpt>
    <trkpt lat="42.536519" lon="1.588932"><ele>1336.8</ele></trkpt>
    <trkpt lat="42.53684" lon="1.589173"><ele>1339.7</ele></trkpt>
    <trkpt lat="42.536875" lon="1.589199"><ele>1340.1</ele></trkpt>
    <trkpt lat="42.536916" lon="1.589242"><ele>1340.6</ele></trkpt>
    <trkpt lat="42.537196" lon="1.589922"><ele>1346.6</ele></trkpt>
    <trkpt lat="42.53778" lon="1.591156"><ele>1359.5</ele></trkpt>
    <trkpt lat="42.538042" lon="1.591505"><ele>1362.4</ele></trkpt>
    <trkpt lat="42.538198" lon="1.591635"><ele>1363.5</ele></trkpt>
    <trkpt lat="42.538539" lon="1.591782"><ele>1365.2</ele></trkpt>
    <trkpt lat="42.539966" lon="1.591888"><ele>1371.4</ele></trkpt>
    <trkpt lat="42.540142" lon="1.591941"><ele>1372.2</ele></trkpt>
    <trkpt lat="42.540294" lon="1.592029"><ele>1372.8</ele></trkpt>
    <trkpt lat="42.540599" lon="1.592298"><ele>1373.5</ele></trkpt>
    <trkpt lat="42.540661" lon="1.592325"><ele>1373.6</ele></trkpt>
    <trkpt lat="42.540929" lon="1.592408"><ele>1373.8</ele></trkpt>
    <trkpt lat="42.541101" lon="1.592373"><ele>1373.9</ele></trkpt>
    <trkpt lat="42.541257" lon="1.592284"><ele>1374</ele></trkpt>
    <trkpt lat="42.541526" lon="1.592016"><ele>1374</ele></trkpt>
    <trkpt lat="42.541782" lon="1.591781"><ele>1374.3</ele></trkpt>
    <trkpt lat="42.541988" lon="1.591686"><ele>1374.9</ele></trkpt>
    <trkpt lat="42.542643" lon="1.591583"><ele>1380.6</ele></trkpt>
    <trkpt lat="42.543027" lon="1.591578"><ele>1385.5</ele></trkpt>
    <trkpt lat="42.543224" lon="1.591616"><ele>1387.7</ele></trkpt>
    <trkpt lat="42.543443" lon="1.591678"><ele>1389.8</ele></trkpt>
    <trkpt lat="42.543667" lon="1.591785"><ele>1391.8</ele></trkpt>
    <trkpt lat="42.543817" lon="1.591847"><ele>1392.8</ele></trkpt>
    <trkpt lat="42.544084" lon="1.5919"><ele>1394.2</ele></trkpt>
    <trkpt lat="42.544408" lon="1.591881"><ele>1395</ele></trkpt>
    <trkpt lat="42.54454" lon="1.591848"><ele>1395</ele></trkpt>
    <trkpt lat="42.545288" lon="1.591502"><ele>1393.4</ele></trkpt>
    <trkpt lat="42.545658" lon="1.591414"><ele>1393.4</ele></trkpt>
    <trkpt lat="42.546052" lon="1.591444"><ele>1393.4</ele></trkpt>
    <trkpt lat="42.546557" lon="1.59163"><ele>1394</ele></trkpt>
    <trkpt lat="42.547085" lon="1.591802"><ele>1395.3</ele></trkpt>
    <trkpt lat="42.547217" lon="1.591829"><ele>1395.6</ele></trkpt>
    <trkpt lat="42.547742" lon="1.591858"><ele>1396.5</ele></trkpt>
    <trkpt lat="42.54806" lon="1.59182"><ele>1396.9</ele></trkpt>
    <trkpt lat="42.54861" lon="1.591713"><ele>1397.5</ele></trkpt>
    <trkpt lat="42.549527" lon="1.591471"><ele>1399.6</ele></trkpt>
    <trkpt lat="42.550407" lon="1.591162"><ele>1403.8</ele></trkpt>
    <trkpt lat="42.550687" lon="1.591054"><ele>1405.5</ele></trkpt>
    <trkpt lat="42.5508" lon="1.591036"><ele>1406</ele></trkpt>
    <trkpt lat="42.550872" lon="1.591082"><ele>1406.4</ele></trkpt>
    <trkpt lat="42.550951" lon="1.591063"><ele>1406.6</ele></trkpt>
    <trkpt lat="42.551015" lon="1.590967"><ele>1406.9</ele></trkpt>
    <trkpt lat="42.551023" lon="1.590887"><ele>1407.1</ele></trkpt>
    <trkpt lat="42.551638" lon="1.590453"><ele>1407.2</ele></trkpt>
    <trkpt lat="42.551807" lon="1.59028"><ele>1407</ele></trkpt>
    <trkpt lat="42.552164" lon="1.589823"><ele>1406.1</ele></trkpt>
    <trkpt lat="42.552515" lon="1.589292"><ele>1406.1</ele></trkpt>
    <trkpt lat="42.552734" lon="1.58906"><ele>1406.7</ele></trkpt>
    <trkpt lat="42.552969" lon="1.588881"><ele>1407.7</ele></trkpt>
    <trkpt lat="42.553139" lon="1.588806"><ele>1408.5</ele></trkpt>
    <trkpt lat="42.553329" lon="1.588745"><ele>1409.7</ele></trkpt>
    <trkpt lat="42.553532" lon="1.588725"><ele>1411</ele></trkpt>
    <trkpt lat="42.553598" lon="1.588723"><ele>1411.5</ele></trkpt>
    <trkpt lat="42.553681" lon="1.588727"><ele>1412.2</ele></trkpt>
    <trkpt lat="42.553962" lon="1.588683"><ele>1414.6</ele></trkpt>
    <trkpt lat="42.554385" lon="1.588595"><ele>1418.9</ele></trkpt>
    <trkpt lat="42.554887" lon="1.588606"><ele>1424.2</ele></trkpt>
    <trkpt lat="42.555331" lon="1.588533"><ele>1428.9</ele></trkpt>
    <trkpt lat="42.555504" lon="1.588531"><ele>1430.5</ele></trkpt>
    <trkpt lat="42.556029" lon="1.588728"><ele>1435.7</ele></trkpt>
    <trkpt lat="42.556217" lon="1.588766"><ele>1437.5</ele></trkpt>
    <trkpt lat="42.556597" lon="1.588694"><ele>1440.8</ele></trkpt>
    <trkpt lat="42.556895" lon="1.588683"><ele>1443</ele></trkpt>
    <trkpt lat="42.557451" lon="1.588708"><ele>1447</ele></trkpt>
    <trkpt lat="42.557798" lon="1.588785"><ele>1449.3</ele></trkpt>
    <trkpt lat="42.558145" lon="1.588895"><ele>1451.7</ele></trkpt>
    <trkpt lat="42.558615" lon="1.589173"><ele>1454.5</ele></trkpt>
    <trkpt lat="42.558785" lon="1.589238"><ele>1455.3</ele></trkpt>
    <trkpt lat="42.55948" lon="1.58931"><ele>1458.7</ele></trkpt>
    <trkpt lat="42.559575" lon="1.589361"><ele>1459.7</ele></trkpt>
    <trkpt lat="42.559928" lon="1.589676"><ele>1464.4</ele></trkpt>
    <trkpt lat="42.560029" lon="1.589754"><ele>1465.9</ele></trkpt>
    <trkpt lat="42.560145" lon="1.589827"><ele>1467.6</ele></trkpt>
    <trkpt lat="42.560536" lon="1.590006"><ele>1473.7</ele></trkpt>
    <trkpt lat="42.560754" lon="1.590155"><ele>1477.8</ele></trkpt>
    <trkpt lat="42.560924" lon="1.590218"><ele>1481.1</ele></trkpt>
    <trkpt lat="42.561601" lon="1.590291"><ele>1494.1</ele></trkpt>
    <trkpt lat="42.562032" lon="1.590399"><ele>1501</ele></trkpt>
    <trkpt lat="42.562652" lon="1.590415"><ele>1509.4</ele></trkpt>
    <trkpt lat="42.562831" lon="1.590491"><ele>1511.8</ele></trkpt>
    <trkpt lat="42.563325" lon="1.590782"><ele>1517</ele></trkpt>
    <trkpt lat="42.56369" lon="1.59094"><ele>1519.2</ele></trkpt>
    <trkpt lat="42.563809" lon="1.591024"><ele>1519.7</ele></trkpt>
    <trkpt lat="42.563921" lon="1.591252"><ele>1520.3</ele></trkpt>
    <trkpt lat="42.563987" lon="1.59152"><ele>1520.9</ele></trkpt>
    <trkpt lat="42.564014" lon="1.592042"><ele>1522</ele></trkpt>
    <trkpt lat="42.56408" lon="1.592318"><ele>1522.3</ele></trkpt>
    <trkpt lat="42.564208" lon="1.592622"><ele>1522</ele></trkpt>
    <trkpt lat="42.564269" lon="1.592744"><ele>1521.8</ele></trkpt>
    <trkpt lat="42.56434" lon="1.592902"><ele>1521.7</ele></trkpt>
    <trkpt lat="42.564357" lon="1.593076"><ele>1522</ele></trkpt>
    <trkpt lat="42.564349" lon="1.593148"><ele>1522.1</ele></trkpt>
    <trkpt lat="42.564378" lon="1.593249"><ele>1522.3</ele></trkpt>
    <trkpt lat="42.564444" lon="1.593311"><ele>1522.6</ele></trkpt>
    <trkpt lat="42.564524" lon="1.593313"><ele>1522.8</ele></trkpt>
    <trkpt lat="42.564587" lon="1.593259"><ele>1523</ele></trkpt>
    <trkpt lat="42.564686" lon="1.593232"><ele>1523.3</ele></trkpt>
    <trkpt lat="42.564823" lon="1.593258"><ele>1523.6</ele></trkpt>
    <trkpt lat="42.565076" lon="1.593275"><ele>1523.9</ele></trkpt>
    <trkpt lat="42.565285" lon="1.593282"><ele>1524.3</ele></trkpt>
    <trkpt lat="42.565433" lon="1.593352"><ele>1524.3</ele></trkpt>
    <trkpt lat="42.565566" lon="1.593519"><ele>1524</ele></trkpt>
    <trkpt lat="42.565891" lon="1.59399"><ele>1524</ele></trkpt>
    <trkpt lat="42.565986" lon="1.594134"><ele>1524.1</ele></trkpt>
    <trkpt lat="42.56614" lon="1.594378"><ele>1524</ele></trkpt>
    <trkpt lat="42.566186" lon="1.594459"><ele>1523.8</ele></trkpt>
    <trkpt lat="42.566265" lon="1.594828"><ele>1523.4</ele></trkpt>
    <trkpt lat="42.566244" lon="1.595137"><ele>1523.4</ele></trkpt>
    <trkpt lat="42.566105" lon="1.595896"><ele>1524.4</ele></trkpt>
    <trkpt lat="42.566016" lon="1.596193"><ele>1525</ele></trkpt>
    <trkpt lat="42.565894" lon="1.596484"><ele>1525.7</ele></trkpt>
    <trkpt lat="42.56587" lon="1.596515"><ele>1525.8</ele></trkpt>
    <trkpt lat="42.565865" lon="1.596568"><ele>1525.9</ele></trkpt>
    <trkpt lat="42.565888" lon="1.596612"><ele>1526</ele></trkpt>
    <trkpt lat="42.565872" lon="1.596665"><ele>1526.1</ele></trkpt>
    <trkpt lat="42.565739" lon="1.597131"><ele>1527.4</ele></trkpt>
    <trkpt lat="42.565738" lon="1.597283"><ele>1527.8</ele></trkpt>
    <trkpt lat="42.565775" lon="1.597415"><ele>1528.1</ele></trkpt>
    <trkpt lat="42.56581" lon="1.597497"><ele>1528.4</ele></trkpt>
    <trkpt lat="42.565888" lon="1.597724"><ele>1528.9</ele></trkpt>
    <trkpt lat="42.566146" lon="1.598425"><ele>1530.4</ele></trkpt>
    <trkpt lat="42.56635" lon="1.599009"><ele>1530.9</ele></trkpt>
    <trkpt lat="42.566387" lon="1.599108"><ele>1530.9</ele></trkpt>
    <trkpt lat="42.566428" lon="1.59922"><ele>1530.9</ele></trkpt>
    <trkpt lat="42.566482" lon="1.599361"><ele>1530.9</ele></trkpt>
    <trkpt lat="42.566557" lon="1.599552"><ele>1530.8</ele></trkpt>
    <trkpt lat="42.566621" lon="1.59972"><ele>1530.7</ele></trkpt>
    <trkpt lat="42.56668" lon="1.600083"><ele>1530.5</ele></trkpt>
    <trkpt lat="42.56668" lon="1.600126"><ele>1530.5</ele></trkpt>
    <trkpt lat="42.566731" lon="1.600177"><ele>1530.5</ele></trkpt>
    <trkpt lat="42.566809" lon="1.600329"><ele>1530.4</ele></trkpt>
    <trkpt lat="42.566899" lon="1.600471"><ele>1530.5</ele></trkpt>
    <trkpt lat="42.567219" lon="1.601059"><ele>1530.3</ele></trkpt>
    <trkpt lat="42.567237" lon="1.601244"><ele>1530.2</ele></trkpt>
    <trkpt lat="42.567208" lon="1.601341"><ele>1530.2</ele></trkpt>
    <trkpt lat="42.567248" lon="1.60143"><ele>1530.2</ele></trkpt>
    <trkpt lat="42.567297" lon="1.601447"><ele>1530.2</ele></trkpt>
    <trkpt lat="42.567344" lon="1.601424"><ele>1530.2</ele></trkpt>
    <trkpt lat="42.567422" lon="1.601507"><ele>1530.3</ele></trkpt>
    <trkpt lat="42.567525" lon="1.601617"><ele>1530.3</ele></trkpt>
    <trkpt lat="42.568014" lon="1.602522"><ele>1530.7</ele></trkpt>
    <trkpt lat="42.568256" lon="1.603112"><ele>1530.7</ele></trkpt>
    <trkpt lat="42.568438" lon="1.603691"><ele>1531</ele></trkpt>
    <trkpt lat="42.568607" lon="1.604151"><ele>1531.5</ele></trkpt>
    <trkpt lat="42.568737" lon="1.604382"><ele>1531.8</ele></trkpt>
    <trkpt lat="42.568907" lon="1.604528"><ele>1532.4</ele></trkpt>
    <trkpt lat="42.569508" lon="1.604725"><ele>1536</ele></trkpt>
    <trkpt lat="42.56979" lon="1.604787"><ele>1537.7</ele></trkpt>
    <trkpt lat="42.569835" lon="1.604798"><ele>1537.9</ele></trkpt>
    <trkpt lat="42.569937" lon="1.604835"><ele>1538.5</ele></trkpt>
    <trkpt lat="42.570203" lon="1.604966"><ele>1539.9</ele></trkpt>
    <trkpt lat="42.570374" lon="1.605146"><ele>1540.9</ele></trkpt>
    <trkpt lat="42.570491" lon="1.605322"><ele>1541.6</ele></trkpt>
    <trkpt lat="42.570622" lon="1.605709"><ele>1543</ele></trkpt>
    <trkpt lat="42.57078" lon="1.606529"><ele>1544.5</ele></trkpt>
    <trkpt lat="42.570875" lon="1.607044"><ele>1545.6</ele></trkpt>
    <trkpt lat="42.570906" lon="1.60719"><ele>1546.1</ele></trkpt>
    <trkpt lat="42.571038" lon="1.607807"><ele>1548.3</ele></trkpt>
    <trkpt lat="42.5712" lon="1.608234"><ele>1550.2</ele></trkpt>
    <trkpt lat="42.571228" lon="1.608289"><ele>1550.5</ele></trkpt>
    <trkpt lat="42.571438" lon="1.60881"><ele>1552.6</ele></trkpt>
    <trkpt lat="42.571498" lon="1.609078"><ele>1553.4</ele></trkpt>
    <trkpt lat="42.571519" lon="1.609353"><ele>1554</ele></trkpt>
    <trkpt lat="42.571498" lon="1.609738"><ele>1554.5</ele></trkpt>
    <trkpt lat="42.571415" lon="1.610396"><ele>1554.8</ele></trkpt>
    <trkpt lat="42.571408" lon="1.610683"><ele>1554.8</ele></trkpt>
    <trkpt lat="42.571435" lon="1.610889"><ele>1554.8</ele></trkpt>
    <trkpt lat="42.571505" lon="1.611124"><ele>1554.9</ele></trkpt>
    <trkpt lat="42.571605" lon="1.611346"><ele>1555</ele></trkpt>
    <trkpt lat="42.571899" lon="1.611822"><ele>1555.4</ele></trkpt>
    <trkpt lat="42.572004" lon="1.612184"><ele>1555.9</ele></trkpt>
    <trkpt lat="42.572031" lon="1.613347"><ele>1557.8</ele></trkpt>
    <trkpt lat="42.572088" lon="1.613671"><ele>1558.6</ele></trkpt>
    <trkpt lat="42.572215" lon="1.614139"><ele>1559.8</ele></trkpt>
    <trkpt lat="42.57227" lon="1.614343"><ele>1560.3</ele></trkpt>
    <trkpt lat="42.572446" lon="1.614915"><ele>1561.3</ele></trkpt>
    <trkpt lat="42.572499" lon="1.615071"><ele>1561.6</ele></trkpt>
    <trkpt lat="42.572591" lon="1.615384"><ele>1562.3</ele></trkpt>
    <trkpt lat="42.572819" lon="1.615916"><ele>1563.8</ele></trkpt>
    <trkpt lat="42.572903" lon="1.616213"><ele>1564.5</ele></trkpt>
    <trkpt lat="42.573072" lon="1.616828"><ele>1565.5</ele></trkpt>
    <trkpt lat="42.573153" lon="1.617142"><ele>1566</ele></trkpt>
    <trkpt lat="42.573278" lon="1.617609"><ele>1567</ele></trkpt>
    <trkpt lat="42.573456" lon="1.618027"><ele>1568.1</ele></trkpt>
    <trkpt lat="42.573623" lon="1.618289"><ele>1568.8</ele></trkpt>
    <trkpt lat="42.573945" lon="1.618676"><ele>1570</ele></trkpt>
    <trkpt lat="42.574083" lon="1.618893"><ele>1570.6</ele></trkpt>
    <trkpt lat="42.574393" lon="1.620538"><ele>1576.1</ele></trkpt>
    <trkpt lat="42.574531" lon="1.620978"><ele>1578.8</ele></trkpt>
    <trkpt lat="42.574697" lon="1.621345"><ele>1581.7</ele></trkpt>
    <trkpt lat="42.57487" lon="1.621611"><ele>1584.2</ele></trkpt>
    <trkpt lat="42.575573" lon="1.622332"><ele>1589.4</ele></trkpt>
    <trkpt lat="42.575732" lon="1.622668"><ele>1590.4</ele></trkpt>
    <trkpt lat="42.575838" lon="1.62297"><ele>1590.8</ele></trkpt>
    <trkpt lat="42.576097" lon="1.624168"><ele>1590.1</ele></trkpt>
    <trkpt lat="42.576182" lon="1.624442"><ele>1590.2</ele></trkpt>
    <trkpt lat="42.576398" lon="1.624956"><ele>1591.9</ele></trkpt>
    <trkpt lat="42.576555" lon="1.625208"><ele>1593.5</ele></trkpt>
    <trkpt lat="42.576707" lon="1.625421"><ele>1595.2</ele></trkpt>
    <trkpt lat="42.576861" lon="1.62558"><ele>1597</ele></trkpt>
    <trkpt lat="42.577315" lon="1.625869"><ele>1600.8</ele></trkpt>
    <trkpt lat="42.577563" lon="1.626101"><ele>1602.8</ele></trkpt>
    <trkpt lat="42.577642" lon="1.626218"><ele>1603.6</ele></trkpt>
    <trkpt lat="42.577732" lon="1.626405"><ele>1604.8</ele></trkpt>
    <trkpt lat="42.577795" lon="1.626644"><ele>1606.1</ele></trkpt>
    <trkpt lat="42.577815" lon="1.627088"><ele>1607.9</ele></trkpt>
    <trkpt lat="42.577676" lon="1.628102"><ele>1610.8</ele></trkpt>
    <trkpt lat="42.577705" lon="1.628432"><ele>1612</ele></trkpt>
    <trkpt lat="42.577795" lon="1.628782"><ele>1613.9</ele></trkpt>
    <trkpt lat="42.578044" lon="1.62929"><ele>1617</ele></trkpt>
    <trkpt lat="42.57824" lon="1.629685"><ele>1618.8</ele></trkpt>
    <trkpt lat="42.578417" lon="1.630117"><ele>1620.7</ele></trkpt>
    <trkpt lat="42.578502" lon="1.630374"><ele>1621.8</ele></trkpt>
    <trkpt lat="42.578547" lon="1.630637"><ele>1622.9</ele></trkpt>
    <trkpt lat="42.578551" lon="1.630904"><ele>1623.9</ele></trkpt>
    <trkpt lat="42.578271" lon="1.632262"><ele>1629.4</ele></trkpt>
    <trkpt lat="42.578195" lon="1.632852"><ele>1632.3</ele></trkpt>
    <trkpt lat="42.578162" lon="1.633373"><ele>1634</ele></trkpt>
    <trkpt lat="42.578147" lon="1.633766"><ele>1635</ele></trkpt>
    <trkpt lat="42.578122" lon="1.633918"><ele>1635.3</ele></trkpt>
    <trkpt lat="42.578077" lon="1.634004"><ele>1635.5</ele></trkpt>
    <trkpt lat="42.578" lon="1.634084"><ele>1635.7</ele></trkpt>
    <trkpt lat="42.577982" lon="1.63417"><ele>1635.9</ele></trkpt>
    <trkpt lat="42.578018" lon="1.634297"><ele>1635.9</ele></trkpt>
    <trkpt lat="42.578076" lon="1.634345"><ele>1636.1</ele></trkpt>
    <trkpt lat="42.578139" lon="1.634402"><ele>1636.1</ele></trkpt>
    <trkpt lat="42.578249" lon="1.634673"><ele>1636.2</ele></trkpt>
    <trkpt lat="42.57838" lon="1.635451"><ele>1635.9</ele></trkpt>
    <trkpt lat="42.578518" lon="1.635937"><ele>1635.6</ele></trkpt>
    <trkpt lat="42.57879" lon="1.636713"><ele>1636.8</ele></trkpt>
    <trkpt lat="42.578837" lon="1.63695"><ele>1637.3</ele></trkpt>
    <trkpt lat="42.578857" lon="1.637209"><ele>1638</ele></trkpt>
    <trkpt lat="42.578854" lon="1.637561"><ele>1638.9</ele></trkpt>
    <trkpt lat="42.578787" lon="1.638219"><ele>1640.4</ele></trkpt>
    <trkpt lat="42.578759" lon="1.638575"><ele>1641.3</ele></trkpt>
    <trkpt lat="42.578766" lon="1.638776"><ele>1641.7</ele></trkpt>
    <trkpt lat="42.578865" lon="1.639099"><ele>1642.4</ele></trkpt>
    <trkpt lat="42.579028" lon="1.639479"><ele>1643.4</ele></trkpt>
    <trkpt lat="42.579079" lon="1.6396"><ele>1643.7</ele></trkpt>
    <trkpt lat="42.579165" lon="1.639785"><ele>1644.2</ele></trkpt>
    <trkpt lat="42.579225" lon="1.639925"><ele>1644.6</ele></trkpt>
    <trkpt lat="42.579415" lon="1.640437"><ele>1646</ele></trkpt>
    <trkpt lat="42.579464" lon="1.640679"><ele>1646.8</ele></trkpt>
    <trkpt lat="42.579488" lon="1.641384"><ele>1649.4</ele></trkpt>
    <trkpt lat="42.579493" lon="1.641537"><ele>1649.9</ele></trkpt>
    <trkpt lat="42.579501" lon="1.641808"><ele>1650.9</ele></trkpt>
    <trkpt lat="42.579527" lon="1.642483"><ele>1653.1</ele></trkpt>
    <trkpt lat="42.579536" lon="1.64275"><ele>1653.8</ele></trkpt>
    <trkpt lat="42.579565" lon="1.643645"><ele>1655.9</ele></trkpt>
    <trkpt lat="42.579597" lon="1.643992"><ele>1656.7</ele></trkpt>
    <trkpt lat="42.579789" lon="1.645253"><ele>1660.5</ele></trkpt>
    <trkpt lat="42.579797" lon="1.645579"><ele>1661.9</ele></trkpt>
    <trkpt lat="42.579756" lon="1.645662"><ele>1662.3</ele></trkpt>
    <trkpt lat="42.579763" lon="1.645762"><ele>1662.7</ele></trkpt>
    <trkpt lat="42.579847" lon="1.645844"><ele>1663.3</ele></trkpt>
    <trkpt lat="42.579997" lon="1.64603"><ele>1664.6</ele></trkpt>
    <trkpt lat="42.580081" lon="1.64624"><ele>1665.7</ele></trkpt>
    <trkpt lat="42.580275" lon="1.646956"><ele>1669.5</ele></trkpt>
    <trkpt lat="42.580307" lon="1.64721"><ele>1670.7</ele></trkpt>
    <trkpt lat="42.580304" lon="1.647397"><ele>1671.5</ele></trkpt>
    <trkpt lat="42.580252" lon="1.647685"><ele>1672.8</ele></trkpt>
    <trkpt lat="42.580023" lon="1.648315"><ele>1675.3</ele></trkpt>
    <trkpt lat="42.57993" lon="1.648572"><ele>1676.2</ele></trkpt>
    <trkpt lat="42.579633" lon="1.649319"><ele>1679.6</ele></trkpt>
    <trkpt lat="42.579437" lon="1.64943"><ele>1681</ele></trkpt>
    <trkpt lat="42.579401" lon="1.649409"><ele>1681.3</ele></trkpt>
    <trkpt lat="42.579341" lon="1.64942"><ele>1681.8</ele></trkpt>
    <trkpt lat="42.579297" lon="1.649479"><ele>1682.2</ele></trkpt>
    <trkpt lat="42.579288" lon="1.649543"><ele>1682.6</ele></trkpt>
    <trkpt lat="42.578999" lon="1.64977"><ele>1685.2</ele></trkpt>
    <trkpt lat="42.578919" lon="1.649884"><ele>1686.1</ele></trkpt>
    <trkpt lat="42.578778" lon="1.650097"><ele>1687.6</ele></trkpt>
    <trkpt lat="42.578723" lon="1.650251"><ele>1688.6</ele></trkpt>
    <trkpt lat="42.578654" lon="1.650681"><ele>1691.1</ele></trkpt>
    <trkpt lat="42.57858" lon="1.651112"><ele>1693.5</ele></trkpt>
    <trkpt lat="42.578401" lon="1.65181"><ele>1696.7</ele></trkpt>
    <trkpt lat="42.577778" lon="1.653856"><ele>1703.7</ele></trkpt>
    <trkpt lat="42.57772" lon="1.654086"><ele>1704.5</ele></trkpt>
    <trkpt lat="42.577616" lon="1.654673"><ele>1706.2</ele></trkpt>
    <trkpt lat="42.577596" lon="1.654931"><ele>1707</ele></trkpt>
    <trkpt lat="42.577627" lon="1.655406"><ele>1708.3</ele></trkpt>
    <trkpt lat="42.577682" lon="1.655757"><ele>1709.4</ele></trkpt>
    <trkpt lat="42.577827" lon="1.656225"><ele>1711.1</ele></trkpt>
    <trkpt lat="42.578179" lon="1.657018"><ele>1714.3</ele></trkpt>
    <trkpt lat="42.578801" lon="1.657864"><ele>1718</ele></trkpt>
    <trkpt lat="42.578983" lon="1.658125"><ele>1719.4</ele></trkpt>
    <trkpt lat="42.579315" lon="1.658654"><ele>1722.4</ele></trkpt>
    <trkpt lat="42.57936" lon="1.658726"><ele>1722.9</ele></trkpt>
    <trkpt lat="42.579407" lon="1.658801"><ele>1723.4</ele></trkpt>
    <trkpt lat="42.580092" lon="1.65982"><ele>1730.9</ele></trkpt>
    <trkpt lat="42.580539" lon="1.660401"><ele>1734.8</ele></trkpt>
    <trkpt lat="42.580933" lon="1.660852"><ele>1737.3</ele></trkpt>
    <trkpt lat="42.581472" lon="1.661398"><ele>1739.5</ele></trkpt>
    <trkpt lat="42.582129" lon="1.662052"><ele>1741.8</ele></trkpt>
    <trkpt lat="42.5828" lon="1.662629"><ele>1743.7</ele></trkpt>
    <trkpt lat="42.583353" lon="1.663029"><ele>1745.4</ele></trkpt>
    <trkpt lat="42.583528" lon="1.663137"><ele>1746.1</ele></trkpt>
    <trkpt lat="42.583722" lon="1.663286"><ele>1747.1</ele></trkpt>
    <trkpt lat="42.583827" lon="1.663419"><ele>1747.8</ele></trkpt>
    <trkpt lat="42.583897" lon="1.663565"><ele>1748.5</ele></trkpt>
    <trkpt lat="42.583928" lon="1.663744"><ele>1749.3</ele></trkpt>
    <trkpt lat="42.583925" lon="1.663949"><ele>1750.3</ele></trkpt>
    <trkpt lat="42.583882" lon="1.664138"><ele>1751.4</ele></trkpt>
    <trkpt lat="42.583778" lon="1.664372"><ele>1753</ele></trkpt>
    <trkpt lat="42.583705" lon="1.664476"><ele>1753.9</ele></trkpt>
    <trkpt lat="42.583608" lon="1.664556"><ele>1754.9</ele></trkpt>
    <trkpt lat="42.583381" lon="1.664655"><ele>1757.2</ele></trkpt>
    <trkpt lat="42.583111" lon="1.664644"><ele>1759.8</ele></trkpt>
    <trkpt lat="42.58234" lon="1.664513"><ele>1767.6</ele></trkpt>
    <trkpt lat="42.581298" lon="1.664434"><ele>1777.1</ele></trkpt>
    <trkpt lat="42.581268" lon="1.664423"><ele>1777.3</ele></trkpt>
    <trkpt lat="42.580373" lon="1.664036"><ele>1782.2</ele></trkpt>
    <trkpt lat="42.5797" lon="1.663784"><ele>1787.4</ele></trkpt>
    <trkpt lat="42.579092" lon="1.663695"><ele>1791.9</ele></trkpt>
    <trkpt lat="42.578923" lon="1.663571"><ele>1793.4</ele></trkpt>
    <trkpt lat="42.578584" lon="1.663238"><ele>1797.2</ele></trkpt>
    <trkpt lat="42.578317" lon="1.663087"><ele>1799.3</ele></trkpt>
    <trkpt lat="42.578111" lon="1.66301"><ele>1800.4</ele></trkpt>
    <trkpt lat="42.577918" lon="1.663002"><ele>1801.2</ele></trkpt>
    <trkpt lat="42.57778" lon="1.663037"><ele>1801.8</ele></trkpt>
    <trkpt lat="42.57765" lon="1.66316"><ele>1802.4</ele></trkpt>
    <trkpt lat="42.577559" lon="1.663313"><ele>1803</ele></trkpt>
    <trkpt lat="42.577514" lon="1.663507"><ele>1803.5</ele></trkpt>
    <trkpt lat="42.577478" lon="1.664076"><ele>1805.5</ele></trkpt>
    <trkpt lat="42.57746" lon="1.664217"><ele>1806</ele></trkpt>
    <trkpt lat="42.57704" lon="1.666141"><ele>1815.7</ele></trkpt>
    <trkpt lat="42.577019" lon="1.666234"><ele>1816.2</ele></trkpt>
    <trkpt lat="42.576989" lon="1.666357"><ele>1816.8</ele></trkpt>
    <trkpt lat="42.576954" lon="1.666493"><ele>1817.5</ele></trkpt>
    <trkpt lat="42.576916" lon="1.666657"><ele>1818.4</ele></trkpt>
    <trkpt lat="42.576885" lon="1.666774"><ele>1819</ele></trkpt>
    <trkpt lat="42.576744" lon="1.667465"><ele>1822.3</ele></trkpt>
    <trkpt lat="42.576708" lon="1.667905"><ele>1823.7</ele></trkpt>
    <trkpt lat="42.576685" lon="1.668097"><ele>1824.2</ele></trkpt>
    <trkpt lat="42.576603" lon="1.668375"><ele>1825</ele></trkpt>
    <trkpt lat="42.576418" lon="1.668772"><ele>1826.2</ele></trkpt>
    <trkpt lat="42.576233" lon="1.66916"><ele>1827.4</ele></trkpt>
    <trkpt lat="42.576159" lon="1.669319"><ele>1827.9</ele></trkpt>
    <trkpt lat="42.576135" lon="1.669372"><ele>1828</ele></trkpt>
    <trkpt lat="42.575873" lon="1.67018"><ele>1830.7</ele></trkpt>
    <trkpt lat="42.57553" lon="1.671329"><ele>1836.5</ele></trkpt>
    <trkpt lat="42.575313" lon="1.671889"><ele>1840.3</ele></trkpt>
    <trkpt lat="42.575072" lon="1.672348"><ele>1843.2</ele></trkpt>
    <trkpt lat="42.574935" lon="1.672568"><ele>1843.9</ele></trkpt>
    <trkpt lat="42.574461" lon="1.673133"><ele>1845.1</ele></trkpt>
    <trkpt lat="42.574359" lon="1.673295"><ele>1845.7</ele></trkpt>
    <trkpt lat="42.574225" lon="1.673536"><ele>1846.4</ele></trkpt>
    <trkpt lat="42.574093" lon="1.673611"><ele>1846.8</ele></trkpt>
    <trkpt lat="42.574029" lon="1.673652"><ele>1847</ele></trkpt>
    <trkpt lat="42.574001" lon="1.673787"><ele>1847.3</ele></trkpt>
    <trkpt lat="42.573958" lon="1.674018"><ele>1847.8</ele></trkpt>
    <trkpt lat="42.573594" lon="1.674457"><ele>1849.1</ele></trkpt>
    <trkpt lat="42.573016" lon="1.675006"><ele>1853.8</ele></trkpt>
    <trkpt lat="42.572711" lon="1.675352"><ele>1856.1</ele></trkpt>
    <trkpt lat="42.572047" lon="1.676294"><ele>1862.8</ele></trkpt>
    <trkpt lat="42.571762" lon="1.676625"><ele>1866.2</ele></trkpt>
    <trkpt lat="42.571422" lon="1.676934"><ele>1870</ele></trkpt>
    <trkpt lat="42.570825" lon="1.677322"><ele>1875.4</ele></trkpt>
    <trkpt lat="42.569836" lon="1.678172"><ele>1883.9</ele></trkpt>
    <trkpt lat="42.569565" lon="1.678292"><ele>1885.8</ele></trkpt>
    <trkpt lat="42.568857" lon="1.678436"><ele>1891.1</ele></trkpt>
    <trkpt lat="42.568263" lon="1.678599"><ele>1895.3</ele></trkpt>
    <trkpt lat="42.56795" lon="1.678613"><ele>1897.1</ele></trkpt>
    <trkpt lat="42.567319" lon="1.678584"><ele>1901.5</ele></trkpt>
    <trkpt lat="42.56705" lon="1.678686"><ele>1903.7</ele></trkpt>
    <trkpt lat="42.565825" lon="1.67945"><ele>1917</ele></trkpt>
    <trkpt lat="42.565451" lon="1.679591"><ele>1920.9</ele></trkpt>
    <trkpt lat="42.564601" lon="1.679661"><ele>1928.6</ele></trkpt>
    <trkpt lat="42.564485" lon="1.679715"><ele>1929.6</ele></trkpt>
    <trkpt lat="42.56433" lon="1.679855"><ele>1931</ele></trkpt>
    <trkpt lat="42.563719" lon="1.680457"><ele>1936.5</ele></trkpt>
    <trkpt lat="42.562034" lon="1.682172"><ele>1950.2</ele></trkpt>
    <trkpt lat="42.561217" lon="1.683175"><ele>1958.8</ele></trkpt>
    <trkpt lat="42.560698" lon="1.684185"><ele>1966.7</ele></trkpt>
    <trkpt lat="42.560199" lon="1.684892"><ele>1973.5</ele></trkpt>
    <trkpt lat="42.559579" lon="1.685776"><ele>1981</ele></trkpt>
    <trkpt lat="42.558897" lon="1.686686"><ele>1989.5</ele></trkpt>
    <trkpt lat="42.558385" lon="1.687447"><ele>1994.5</ele></trkpt>
    <trkpt lat="42.557748" lon="1.688413"><ele>1999.7</ele></trkpt>
    <trkpt lat="42.55767" lon="1.68852"><ele>2000.1</ele></trkpt>
    <trkpt lat="42.557649" lon="1.688544"><ele>2000.1</ele></trkpt>
    <trkpt lat="42.557374" lon="1.688881"><ele>2001</ele></trkpt>
    <trkpt lat="42.557095" lon="1.689158"><ele>2001.9</ele></trkpt>
    <trkpt lat="42.556422" lon="1.68969"><ele>2004.5</ele></trkpt>
    <trkpt lat="42.554787" lon="1.691132"><ele>2009.1</ele></trkpt>
    <trkpt lat="42.554009" lon="1.69187"><ele>2011.1</ele></trkpt>
    <trkpt lat="42.55332" lon="1.692719"><ele>2012.2</ele></trkpt>
    <trkpt lat="42.552562" lon="1.693847"><ele>2014.8</ele></trkpt>
    <trkpt lat="42.551774" lon="1.695034"><ele>2024</ele></trkpt>
    <trkpt lat="42.551679" lon="1.695127"><ele>2025.1</ele></trkpt>
    <trkpt lat="42.551547" lon="1.69519"><ele>2026.3</ele></trkpt>
    <trkpt lat="42.551459" lon="1.695266"><ele>2027.2</ele></trkpt>
    <trkpt lat="42.551421" lon="1.695363"><ele>2028.1</ele></trkpt>
    <trkpt lat="42.551424" lon="1.695509"><ele>2029.2</ele></trkpt>
    <trkpt lat="42.551458" lon="1.695589"><ele>2029.9</ele></trkpt>
    <trkpt lat="42.551413" lon="1.695779"><ele>2031.4</ele></trkpt>
    <trkpt lat="42.551349" lon="1.695911"><ele>2032.5</ele></trkpt>
    <trkpt lat="42.550999" lon="1.696241"><ele>2036.6</ele></trkpt>
    <trkpt lat="42.550867" lon="1.69648"><ele>2038.6</ele></trkpt>
    <trkpt lat="42.550275" lon="1.697383"><ele>2045.8</ele></trkpt>
    <trkpt lat="42.549985" lon="1.697904"><ele>2050</ele></trkpt>
    <trkpt lat="42.549626" lon="1.698617"><ele>2055.3</ele></trkpt>
    <trkpt lat="42.549291" lon="1.699055"><ele>2059</ele></trkpt>
    <trkpt lat="42.548811" lon="1.699572"><ele>2064.1</ele></trkpt>
    <trkpt lat="42.548387" lon="1.699878"><ele>2068.6</ele></trkpt>
    <trkpt lat="42.54801" lon="1.700053"><ele>2072.6</ele></trkpt>
    <trkpt lat="42.547651" lon="1.700191"><ele>2074.7</ele></trkpt>
    <trkpt lat="42.547393" lon="1.700372"><ele>2076.4</ele></trkpt>
    <trkpt lat="42.547146" lon="1.70058"><ele>2078.3</ele></trkpt>
    <trkpt lat="42.546778" lon="1.700872"><ele>2080.8</ele></trkpt>
    <trkpt lat="42.546539" lon="1.701034"><ele>2082.5</ele></trkpt>
    <trkpt lat="42.545907" lon="1.701457"><ele>2086.7</ele></trkpt>
    <trkpt lat="42.545643" lon="1.701701"><ele>2090.3</ele></trkpt>
    <trkpt lat="42.544923" lon="1.702487"><ele>2101.3</ele></trkpt>
    <trkpt lat="42.544329" lon="1.703071"><ele>2110.9</ele></trkpt>
    <trkpt lat="42.544095" lon="1.703256"><ele>2113.1</ele></trkpt>
    <trkpt lat="42.543644" lon="1.703526"><ele>2116.4</ele></trkpt>
    <trkpt lat="42.543466" lon="1.703555"><ele>2117.5</ele></trkpt>
    <trkpt lat="42.543183" lon="1.703518"><ele>2119.2</ele></trkpt>
    <trkpt lat="42.543051" lon="1.703438"><ele>2120</ele></trkpt>
    <trkpt lat="42.542947" lon="1.703427"><ele>2120.4</ele></trkpt>
    <trkpt lat="42.542857" lon="1.703501"><ele>2120.8</ele></trkpt>
    <trkpt lat="42.542831" lon="1.703618"><ele>2121.2</ele></trkpt>
    <trkpt lat="42.542844" lon="1.703719"><ele>2121.3</ele></trkpt>
    <trkpt lat="42.542875" lon="1.703775"><ele>2121.4</ele></trkpt>
    <trkpt lat="42.542967" lon="1.703839"><ele>2121.5</ele></trkpt>
    <trkpt lat="42.543371" lon="1.703904"><ele>2122.1</ele></trkpt>
    <trkpt lat="42.543602" lon="1.70389"><ele>2123.4</ele></trkpt>
    <trkpt lat="42.54387" lon="1.703823"><ele>2125.1</ele></trkpt>
    <trkpt lat="42.544049" lon="1.703717"><ele>2126.4</ele></trkpt>
    <trkpt lat="42.544201" lon="1.703638"><ele>2127.4</ele></trkpt>
    <trkpt lat="42.544265" lon="1.703642"><ele>2127.7</ele></trkpt>
    <trkpt lat="42.544331" lon="1.703726"><ele>2128.2</ele></trkpt>
    <trkpt lat="42.54436" lon="1.703898"><ele>2128.8</ele></trkpt>
    <trkpt lat="42.544303" lon="1.704023"><ele>2129.3</ele></trkpt>
    <trkpt lat="42.544255" lon="1.704046"><ele>2129.6</ele></trkpt>
    <trkpt lat="42.544005" lon="1.704065"><ele>2130.6</ele></trkpt>
    <trkpt lat="42.543871" lon="1.7041"><ele>2131.2</ele></trkpt>
    <trkpt lat="42.542877" lon="1.704588"><ele>2135.6</ele></trkpt>
    <trkpt lat="42.542656" lon="1.704664"><ele>2136.6</ele></trkpt>
    <trkpt lat="42.542455" lon="1.704699"><ele>2137.4</ele></trkpt>
    <trkpt lat="42.542221" lon="1.704686"><ele>2138.5</ele></trkpt>
    <trkpt lat="42.542133" lon="1.704747"><ele>2139.1</ele></trkpt>
    <trkpt lat="42.542105" lon="1.704808"><ele>2139.4</ele></trkpt>
    <trkpt lat="42.542098" lon="1.704967"><ele>2140.2</ele></trkpt>
    <trkpt lat="42.542124" lon="1.705042"><ele>2140.5</ele></trkpt>
    <trkpt lat="42.542204" lon="1.705109"><ele>2141.2</ele></trkpt>
    <trkpt lat="42.542291" lon="1.705102"><ele>2141.9</ele></trkpt>
    <trkpt lat="42.542455" lon="1.704977"><ele>2143.5</ele></trkpt>
    <trkpt lat="42.542557" lon="1.70495"><ele>2144.5</ele></trkpt>
    <trkpt lat="42.543442" lon="1.705024"><ele>2152</ele></trkpt>
    <trkpt lat="42.543619" lon="1.705024"><ele>2153.3</ele></trkpt>
    <trkpt lat="42.544011" lon="1.704956"><ele>2156.4</ele></trkpt>
    <trkpt lat="42.545343" lon="1.704562"><ele>2165.6</ele></trkpt>
    <trkpt lat="42.547014" lon="1.704116"><ele>2181.3</ele></trkpt>
    <trkpt lat="42.547257" lon="1.704079"><ele>2184</ele></trkpt>
    <trkpt lat="42.547396" lon="1.704073"><ele>2185.7</ele></trkpt>
    <trkpt lat="42.547921" lon="1.704145"><ele>2192.1</ele></trkpt>
    <trkpt lat="42.548338" lon="1.704322"><ele>2196.1</ele></trkpt>
    <trkpt lat="42.548516" lon="1.704384"><ele>2197.3</ele></trkpt>
    <trkpt lat="42.548761" lon="1.704387"><ele>2198.9</ele></trkpt>
    <trkpt lat="42.548882" lon="1.70436"><ele>2199.8</ele></trkpt>
    <trkpt lat="42.549201" lon="1.704148"><ele>2202.7</ele></trkpt>
    <trkpt lat="42.549524" lon="1.703786"><ele>2204.8</ele></trkpt>
    <trkpt lat="42.549664" lon="1.703618"><ele>2205.5</ele></trkpt>
    <trkpt lat="42.549714" lon="1.70359"><ele>2205.7</ele></trkpt>
    <trkpt lat="42.549766" lon="1.703585"><ele>2205.9</ele></trkpt>
    <trkpt lat="42.549859" lon="1.703645"><ele>2206.4</ele></trkpt>
    <trkpt lat="42.549903" lon="1.703792"><ele>2207.1</ele></trkpt>
    <trkpt lat="42.549895" lon="1.70387"><ele>2207.4</ele></trkpt>
    <trkpt lat="42.549862" lon="1.703944"><ele>2207.8</ele></trkpt>
    <trkpt lat="42.549735" lon="1.704079"><ele>2209</ele></trkpt>
    <trkpt lat="42.549382" lon="1.704471"><ele>2213.8</ele></trkpt>
    <trkpt lat="42.549033" lon="1.704967"><ele>2218.4</ele></trkpt>
    <trkpt lat="42.548711" lon="1.705311"><ele>2221.4</ele></trkpt>
    <trkpt lat="42.548525" lon="1.705436"><ele>2222.7</ele></trkpt>
    <trkpt lat="42.548288" lon="1.705485"><ele>2224</ele></trkpt>
    <trkpt lat="42.547726" lon="1.705434"><ele>2226.7</ele></trkpt>
    <trkpt lat="42.54754" lon="1.705486"><ele>2227.5</ele></trkpt>
    <trkpt lat="42.547311" lon="1.705604"><ele>2228.6</ele></trkpt>
    <trkpt lat="42.546653" lon="1.706081"><ele>2233.4</ele></trkpt>
    <trkpt lat="42.54639" lon="1.706358"><ele>2236.2</ele></trkpt>
    <trkpt lat="42.545954" lon="1.706946"><ele>2241.3</ele></trkpt>
    <trkpt lat="42.545754" lon="1.707144"><ele>2243.1</ele></trkpt>
    <trkpt lat="42.54547" lon="1.707362"><ele>2245.2</ele></trkpt>
    <trkpt lat="42.544409" lon="1.707954"><ele>2251.5</ele></trkpt>
    <trkpt lat="42.543974" lon="1.708078"><ele>2254.5</ele></trkpt>
    <trkpt lat="42.543748" lon="1.708172"><ele>2256.4</ele></trkpt>
    <trkpt lat="42.543156" lon="1.708617"><ele>2262.7</ele></trkpt>
    <trkpt lat="42.54286" lon="1.708971"><ele>2266.8</ele></trkpt>
    <trkpt lat="42.542621" lon="1.709315"><ele>2270.5</ele></trkpt>
    <trkpt lat="42.542371" lon="1.709721"><ele>2274.9</ele></trkpt>
    <trkpt lat="42.542215" lon="1.710025"><ele>2278.2</ele></trkpt>
    <trkpt lat="42.542103" lon="1.710289"><ele>2281.1</ele></trkpt>
    <trkpt lat="42.542008" lon="1.710704"><ele>2285.3</ele></trkpt>
    <trkpt lat="42.541954" lon="1.711089"><ele>2289</ele></trkpt>
    <trkpt lat="42.541861" lon="1.711339"><ele>2291.6</ele></trkpt>
    <trkpt lat="42.541795" lon="1.711443"><ele>2292.8</ele></trkpt>
    <trkpt lat="42.541575" lon="1.711666"><ele>2296.1</ele></trkpt>
    <trkpt lat="42.541374" lon="1.711755"><ele>2298.6</ele></trkpt>
    <trkpt lat="42.541153" lon="1.711744"><ele>2300.8</ele></trkpt>
    <trkpt lat="42.540826" lon="1.711539"><ele>2303.5</ele></trkpt>
    <trkpt lat="42.540693" lon="1.711491"><ele>2304.4</ele></trkpt>
    <trkpt lat="42.540646" lon="1.711519"><ele>2304.8</ele></trkpt>
    <trkpt lat="42.540599" lon="1.711599"><ele>2305.2</ele></trkpt>
    <trkpt lat="42.540607" lon="1.711762"><ele>2305.9</ele></trkpt>
    <trkpt lat="42.540631" lon="1.711811"><ele>2306.1</ele></trkpt>
    <trkpt lat="42.540723" lon="1.711871"><ele>2306.6</ele></trkpt>
    <trkpt lat="42.541047" lon="1.711988"><ele>2308.2</ele></trkpt>
    <trkpt lat="42.541997" lon="1.712582"><ele>2310.1</ele></trkpt>
    <trkpt lat="42.542096" lon="1.712602"><ele>2310</ele></trkpt>
    <trkpt lat="42.542173" lon="1.712597"><ele>2310</ele></trkpt>
    <trkpt lat="42.542292" lon="1.712533"><ele>2309.9</ele></trkpt>
    <trkpt lat="42.542386" lon="1.712431"><ele>2309.9</ele></trkpt>
    <trkpt lat="42.542423" lon="1.712352"><ele>2310</ele></trkpt>
    <trkpt lat="42.542466" lon="1.712215"><ele>2310</ele></trkpt>
    <trkpt lat="42.542484" lon="1.712058"><ele>2310.1</ele></trkpt>
    <trkpt lat="42.542452" lon="1.711816"><ele>2310.4</ele></trkpt>
    <trkpt lat="42.542429" lon="1.711698"><ele>2310.7</ele></trkpt>
    <trkpt lat="42.542435" lon="1.711553"><ele>2310.9</ele></trkpt>
    <trkpt lat="42.542474" lon="1.711476"><ele>2311.1</ele></trkpt>
    <trkpt lat="42.542543" lon="1.711445"><ele>2311.4</ele></trkpt>
    <trkpt lat="42.542594" lon="1.711449"><ele>2311.6</ele></trkpt>
    <trkpt lat="42.542663" lon="1.711538"><ele>2312</ele></trkpt>
    <trkpt lat="42.54268" lon="1.711616"><ele>2312.3</ele></trkpt>
    <trkpt lat="42.542673" lon="1.711801"><ele>2313.1</ele></trkpt>
    <trkpt lat="42.542701" lon="1.712539"><ele>2318</ele></trkpt>
    <trkpt lat="42.542628" lon="1.712876"><ele>2321.6</ele></trkpt>
    <trkpt lat="42.542362" lon="1.713362"><ele>2327.7</ele></trkpt>
    <trkpt lat="42.542178" lon="1.71364"><ele>2331.3</ele></trkpt>
    <trkpt lat="42.542013" lon="1.713837"><ele>2333.9</ele></trkpt>
    <trkpt lat="42.541851" lon="1.713951"><ele>2336</ele></trkpt>
    <trkpt lat="42.541716" lon="1.714007"><ele>2337.5</ele></trkpt>
    <trkpt lat="42.541441" lon="1.714043"><ele>2340.2</ele></trkpt>
    <trkpt lat="42.541181" lon="1.714001"><ele>2342.5</ele></trkpt>
    <trkpt lat="42.540746" lon="1.71382"><ele>2345.8</ele></trkpt>
    <trkpt lat="42.540535" lon="1.713698"><ele>2347.1</ele></trkpt>
    <trkpt lat="42.540282" lon="1.713434"><ele>2349</ele></trkpt>
    <trkpt lat="42.540236" lon="1.713428"><ele>2349.2</ele></trkpt>
    <trkpt lat="42.540148" lon="1.713482"><ele>2349.8</ele></trkpt>
    <trkpt lat="42.540117" lon="1.713543"><ele>2350.1</ele></trkpt>
    <trkpt lat="42.540117" lon="1.713687"><ele>2350.8</ele></trkpt>
    <trkpt lat="42.540156" lon="1.713755"><ele>2351.2</ele></trkpt>
    <trkpt lat="42.540344" lon="1.713925"><ele>2352.5</ele></trkpt>
    <trkpt lat="42.540468" lon="1.714108"><ele>2353.7</ele></trkpt>
    <trkpt lat="42.541284" lon="1.715933"><ele>2366</ele></trkpt>
    <trkpt lat="42.541461" lon="1.716117"><ele>2367.9</ele></trkpt>
    <trkpt lat="42.541565" lon="1.716181"><ele>2368.9</ele></trkpt>
    <trkpt lat="42.541803" lon="1.716219"><ele>2371</ele></trkpt>
    <trkpt lat="42.541931" lon="1.716189"><ele>2372.1</ele></trkpt>
    <trkpt lat="42.542192" lon="1.71609"><ele>2374.3</ele></trkpt>
    <trkpt lat="42.542256" lon="1.716096"><ele>2374.8</ele></trkpt>
    <trkpt lat="42.542345" lon="1.716166"><ele>2375.6</ele></trkpt>
    <trkpt lat="42.542383" lon="1.716313"><ele>2376.5</ele></trkpt>
    <trkpt lat="42.542375" lon="1.716423"><ele>2377.2</ele></trkpt>
    <trkpt lat="42.54221" lon="1.71682"><ele>2379.8</ele></trkpt>
    <trkpt lat="42.541599" lon="1.718068"><ele>2389.1</ele></trkpt>
    <trkpt lat="42.541433" lon="1.718343"><ele>2391.3</ele></trkpt>
    <trkpt lat="42.541335" lon="1.718457"><ele>2392.4</ele></trkpt>
    <trkpt lat="42.540927" lon="1.718773"><ele>2396</ele></trkpt>
    <trkpt lat="42.540509" lon="1.719078"><ele>2397.9</ele></trkpt>
    <trkpt lat="42.54027" lon="1.719267"><ele>2398</ele></trkpt>
    <trkpt lat="42.540176" lon="1.719381"><ele>2398</ele></trkpt>
    <trkpt lat="42.540079" lon="1.719561"><ele>2397.8</ele></trkpt>
    <trkpt lat="42.540011" lon="1.719764"><ele>2397.5</ele></trkpt>
    <trkpt lat="42.539978" lon="1.719936"><ele>2397</ele></trkpt>
    <trkpt lat="42.539972" lon="1.719968"><ele>2396.9</ele></trkpt>
    <trkpt lat="42.539949" lon="1.720327"><ele>2395.4</ele></trkpt>
    <trkpt lat="42.539987" lon="1.720636"><ele>2393.6</ele></trkpt>
    <trkpt lat="42.540119" lon="1.721107"><ele>2390.4</ele></trkpt>
    <trkpt lat="42.540116" lon="1.721182"><ele>2389.9</ele></trkpt>
    <trkpt lat="42.540048" lon="1.72128"><ele>2389.2</ele></trkpt>
    <trkpt lat="42.53993" lon="1.721278"><ele>2388.2</ele></trkpt>
    <trkpt lat="42.539857" lon="1.721166"><ele>2387.3</ele></trkpt>
    <trkpt lat="42.539774" lon="1.720905"><ele>2385.7</ele></trkpt>
    <trkpt lat="42.539725" lon="1.720785"><ele>2384.9</ele></trkpt>
    <trkpt lat="42.539473" lon="1.720364"><ele>2382.2</ele></trkpt>
    <trkpt lat="42.538998" lon="1.719692"><ele>2379.2</ele></trkpt>
    <trkpt lat="42.538843" lon="1.719485"><ele>2378.6</ele></trkpt>
    <trkpt lat="42.53868" lon="1.719287"><ele>2377.9</ele></trkpt>
    <trkpt lat="42.538512" lon="1.719176"><ele>2377.4</ele></trkpt>
    <trkpt lat="42.538294" lon="1.719113"><ele>2376.6</ele></trkpt>
    <trkpt lat="42.53815" lon="1.719105"><ele>2376.1</ele></trkpt>
    <trkpt lat="42.538045" lon="1.719134"><ele>2375.5</ele></trkpt>
    <trkpt lat="42.537827" lon="1.719265"><ele>2373.9</ele></trkpt>
    <trkpt lat="42.537657" lon="1.719486"><ele>2371.7</ele></trkpt>
    <trkpt lat="42.537557" lon="1.71973"><ele>2369.3</ele></trkpt>
    <trkpt lat="42.537506" lon="1.720054"><ele>2366.4</ele></trkpt>
    <trkpt lat="42.537519" lon="1.72036"><ele>2363.4</ele></trkpt>
    <trkpt lat="42.537559" lon="1.720571"><ele>2361.3</ele></trkpt>
    <trkpt lat="42.53769" lon="1.720911"><ele>2357.5</ele></trkpt>
    <trkpt lat="42.537801" lon="1.721109"><ele>2355</ele></trkpt>
    <trkpt lat="42.538065" lon="1.721477"><ele>2350.1</ele></trkpt>
    <trkpt lat="42.540475" lon="1.724419"><ele>2328.2</ele></trkpt>
    <trkpt lat="42.5407" lon="1.724669"><ele>2327.4</ele></trkpt>
    <trkpt lat="42.540915" lon="1.724803"><ele>2326.8</ele></trkpt>
    <trkpt lat="42.541275" lon="1.72481"><ele>2325.6</ele></trkpt>
    <trkpt lat="42.541507" lon="1.724682"><ele>2324.6</ele></trkpt>
    <trkpt lat="42.541608" lon="1.724656"><ele>2324</ele></trkpt>
    <trkpt lat="42.541665" lon="1.724684"><ele>2323.7</ele></trkpt>
    <trkpt lat="42.541707" lon="1.724743"><ele>2323.3</ele></trkpt>
    <trkpt lat="42.541724" lon="1.72484"><ele>2322.8</ele></trkpt>
    <trkpt lat="42.541715" lon="1.724909"><ele>2322.5</ele></trkpt>
    <trkpt lat="42.541666" lon="1.724985"><ele>2321.9</ele></trkpt>
    <trkpt lat="42.541313" lon="1.725051"><ele>2318.9</ele></trkpt>
    <trkpt lat="42.541193" lon="1.725102"><ele>2317.6</ele></trkpt>
    <trkpt lat="42.540889" lon="1.725327"><ele>2313.8</ele></trkpt>
    <trkpt lat="42.540644" lon="1.72544"><ele>2310.9</ele></trkpt>
    <trkpt lat="42.540508" lon="1.72546"><ele>2309.4</ele></trkpt>
    <trkpt lat="42.540203" lon="1.725374"><ele>2306.6</ele></trkpt>
    <trkpt lat="42.539995" lon="1.725212"><ele>2304.7</ele></trkpt>
    <trkpt lat="42.539631" lon="1.724707"><ele>2300.8</ele></trkpt>
    <trkpt lat="42.539464" lon="1.7244"><ele>2299</ele></trkpt>
    <trkpt lat="42.539367" lon="1.724382"><ele>2298.3</ele></trkpt>
    <trkpt lat="42.539283" lon="1.724477"><ele>2297.5</ele></trkpt>
    <trkpt lat="42.53929" lon="1.724658"><ele>2296.5</ele></trkpt>
    <trkpt lat="42.539582" lon="1.725176"><ele>2292.8</ele></trkpt>
    <trkpt lat="42.539876" lon="1.725696"><ele>2288.5</ele></trkpt>
    <trkpt lat="42.540062" lon="1.725914"><ele>2286.4</ele></trkpt>
    <trkpt lat="42.540237" lon="1.72603"><ele>2284.8</ele></trkpt>
    <trkpt lat="42.540877" lon="1.726212"><ele>2279.5</ele></trkpt>
    <trkpt lat="42.541106" lon="1.726327"><ele>2277.5</ele></trkpt>
    <trkpt lat="42.541329" lon="1.726513"><ele>2275.5</ele></trkpt>
    <trkpt lat="42.541704" lon="1.726968"><ele>2271.8</ele></trkpt>
    <trkpt lat="42.541948" lon="1.727143"><ele>2269.7</ele></trkpt>
    <trkpt lat="42.542992" lon="1.727658"><ele>2263</ele></trkpt>
    <trkpt lat="42.543149" lon="1.727664"><ele>2262.1</ele></trkpt>
    <trkpt lat="42.543278" lon="1.727602"><ele>2261.4</ele></trkpt>
    <trkpt lat="42.543431" lon="1.727557"><ele>2260.5</ele></trkpt>
    <trkpt lat="42.543507" lon="1.727605"><ele>2259.9</ele></trkpt>
    <trkpt lat="42.543542" lon="1.727695"><ele>2259.5</ele></trkpt>
    <trkpt lat="42.543514" lon="1.72785"><ele>2258.7</ele></trkpt>
    <trkpt lat="42.543481" lon="1.727893"><ele>2258.4</ele></trkpt>
    <trkpt lat="42.543374" lon="1.727921"><ele>2257.7</ele></trkpt>
    <trkpt lat="42.542855" lon="1.727885"><ele>2253.9</ele></trkpt>
    <trkpt lat="42.542062" lon="1.72778"><ele>2248.5</ele></trkpt>
    <trkpt lat="42.541769" lon="1.727697"><ele>2247</ele></trkpt>
    <trkpt lat="42.541125" lon="1.727434"><ele>2243.1</ele></trkpt>
    <trkpt lat="42.540747" lon="1.727377"><ele>2240.4</ele></trkpt>
    <trkpt lat="42.540348" lon="1.727402"><ele>2236.9</ele></trkpt>
    <trkpt lat="42.539817" lon="1.727734"><ele>2231.6</ele></trkpt>
    <trkpt lat="42.53966" lon="1.727779"><ele>2230.1</ele></trkpt>
    <trkpt lat="42.539493" lon="1.72778"><ele>2228.5</ele></trkpt>
    <trkpt lat="42.539437" lon="1.727769"><ele>2228</ele></trkpt>
    <trkpt lat="42.539324" lon="1.727745"><ele>2227</ele></trkpt>
    <trkpt lat="42.538106" lon="1.727092"><ele>2219.7</ele></trkpt>
    <trkpt lat="42.537832" lon="1.726852"><ele>2218.3</ele></trkpt>
    <trkpt lat="42.537623" lon="1.726649"><ele>2216.9</ele></trkpt>
    <trkpt lat="42.537494" lon="1.726638"><ele>2216.1</ele></trkpt>
    <trkpt lat="42.537426" lon="1.726702"><ele>2215.6</ele></trkpt>
    <trkpt lat="42.537383" lon="1.726843"><ele>2214.8</ele></trkpt>
    <trkpt lat="42.537403" lon="1.726956"><ele>2214.2</ele></trkpt>
    <trkpt lat="42.537603" lon="1.727168"><ele>2212.3</ele></trkpt>
    <trkpt lat="42.537696" lon="1.72728"><ele>2211.2</ele></trkpt>
    <trkpt lat="42.537743" lon="1.727379"><ele>2210.5</ele></trkpt>
    <trkpt lat="42.537858" lon="1.727773"><ele>2207.4</ele></trkpt>
    <trkpt lat="42.537941" lon="1.727975"><ele>2205.5</ele></trkpt>
    <trkpt lat="42.538188" lon="1.728323"><ele>2201.5</ele></trkpt>
    <trkpt lat="42.538417" lon="1.728578"><ele>2198.5</ele></trkpt>
    <trkpt lat="42.538814" lon="1.729017"><ele>2193.9</ele></trkpt>
    <trkpt lat="42.539126" lon="1.729254"><ele>2191</ele></trkpt>
    <trkpt lat="42.539274" lon="1.729303"><ele>2189.8</ele></trkpt>
    <trkpt lat="42.539975" lon="1.729354"><ele>2184.6</ele></trkpt>
    <trkpt lat="42.541101" lon="1.729761"><ele>2176.2</ele></trkpt>
    <trkpt lat="42.541749" lon="1.729874"><ele>2172.6</ele></trkpt>
    <trkpt lat="42.542592" lon="1.730119"><ele>2166.6</ele></trkpt>
    <trkpt lat="42.543954" lon="1.73053"><ele>2151.9</ele></trkpt>
    <trkpt lat="42.545007" lon="1.730568"><ele>2142.8</ele></trkpt>
    <trkpt lat="42.54595" lon="1.730759"><ele>2134</ele></trkpt>
    <trkpt lat="42.54614" lon="1.730839"><ele>2131.9</ele></trkpt>
    <trkpt lat="42.546214" lon="1.730898"><ele>2131</ele></trkpt>
    <trkpt lat="42.546267" lon="1.730947"><ele>2130.2</ele></trkpt>
    <trkpt lat="42.54627" lon="1.730988"><ele>2129.9</ele></trkpt>
    <trkpt lat="42.546334" lon="1.73108"><ele>2128.9</ele></trkpt>
    <trkpt lat="42.546388" lon="1.731083"><ele>2128.4</ele></trkpt>
    <trkpt lat="42.546451" lon="1.731016"><ele>2127.6</ele></trkpt>
    <trkpt lat="42.546563" lon="1.730972"><ele>2126.4</ele></trkpt>
    <trkpt lat="42.546668" lon="1.730978"><ele>2125.3</ele></trkpt>
    <trkpt lat="42.546782" lon="1.731032"><ele>2124.2</ele></trkpt>
    <trkpt lat="42.547042" lon="1.731212"><ele>2121.5</ele></trkpt>
    <trkpt lat="42.547259" lon="1.731438"><ele>2119.3</ele></trkpt>
    <trkpt lat="42.547427" lon="1.731561"><ele>2118.4</ele></trkpt>
    <trkpt lat="42.54804" lon="1.732035"><ele>2115.4</ele></trkpt>
    <trkpt lat="42.548246" lon="1.732158"><ele>2113.8</ele></trkpt>
    <trkpt lat="42.548436" lon="1.73218"><ele>2112.3</ele></trkpt>
    <trkpt lat="42.548719" lon="1.7321"><ele>2110.2</ele></trkpt>
    <trkpt lat="42.548779" lon="1.732122"><ele>2109.8</ele></trkpt>
    <trkpt lat="42.548836" lon="1.732191"><ele>2109.3</ele></trkpt>
    <trkpt lat="42.548856" lon="1.732349"><ele>2108.4</ele></trkpt>
    <trkpt lat="42.54882" lon="1.732449"><ele>2107.9</ele></trkpt>
    <trkpt lat="42.548775" lon="1.732495"><ele>2107.6</ele></trkpt>
    <trkpt lat="42.548656" lon="1.732516"><ele>2106.8</ele></trkpt>
    <trkpt lat="42.548452" lon="1.732478"><ele>2105.5</ele></trkpt>
    <trkpt lat="42.54714" lon="1.73198"><ele>2098.4</ele></trkpt>
    <trkpt lat="42.546875" lon="1.731802"><ele>2097.9</ele></trkpt>
    <trkpt lat="42.546602" lon="1.731685"><ele>2097.2</ele></trkpt>
    <trkpt lat="42.546467" lon="1.731667"><ele>2096.9</ele></trkpt>
    <trkpt lat="42.546223" lon="1.73171"><ele>2096.1</ele></trkpt>
    <trkpt lat="42.545117" lon="1.732009"><ele>2095.1</ele></trkpt>
    <trkpt lat="42.545034" lon="1.732035"><ele>2095.1</ele></trkpt>
    <trkpt lat="42.544697" lon="1.732065"><ele>2095</ele></trkpt>
    <trkpt lat="42.54464" lon="1.732058"><ele>2095</ele></trkpt>
    <trkpt lat="42.544606" lon="1.732106"><ele>2095</ele></trkpt>
    <trkpt lat="42.544476" lon="1.732136"><ele>2095</ele></trkpt>
    <trkpt lat="42.544447" lon="1.732144"><ele>2094.9</ele></trkpt>
    <trkpt lat="42.544398" lon="1.732158"><ele>2094.9</ele></trkpt>
    <trkpt lat="42.544226" lon="1.73224"><ele>2094.9</ele></trkpt>
    <trkpt lat="42.544127" lon="1.732325"><ele>2094.9</ele></trkpt>
    <trkpt lat="42.544007" lon="1.732428"><ele>2094.9</ele></trkpt>
    <trkpt lat="42.543878" lon="1.732603"><ele>2094.7</ele></trkpt>
    <trkpt lat="42.54381" lon="1.732742"><ele>2094.2</ele></trkpt>
    <trkpt lat="42.543747" lon="1.732916"><ele>2093.6</ele></trkpt>
    <trkpt lat="42.543685" lon="1.73327"><ele>2092.5</ele></trkpt>
    <trkpt lat="42.543659" lon="1.733576"><ele>2091.6</ele></trkpt>
    <trkpt lat="42.543595" lon="1.73365"><ele>2091.3</ele></trkpt>
    <trkpt lat="42.543568" lon="1.733759"><ele>2091</ele></trkpt>
    <trkpt lat="42.543569" lon="1.733792"><ele>2090.9</ele></trkpt>
    <trkpt lat="42.543614" lon="1.733921"><ele>2090.5</ele></trkpt>
    <trkpt lat="42.543658" lon="1.733963"><ele>2090.3</ele></trkpt>
    <trkpt lat="42.543717" lon="1.734085"><ele>2089.9</ele></trkpt>
    <trkpt lat="42.543728" lon="1.734196"><ele>2089.5</ele></trkpt>
    <trkpt lat="42.54373" lon="1.734635"><ele>2088.1</ele></trkpt>
    <trkpt lat="42.543673" lon="1.734884"><ele>2087.4</ele></trkpt>
    <trkpt lat="42.543603" lon="1.735031"><ele>2086.9</ele></trkpt>
    <trkpt lat="42.543404" lon="1.735318"><ele>2085.7</ele></trkpt>
    <trkpt lat="42.543372" lon="1.735452"><ele>2085.3</ele></trkpt>
    <trkpt lat="42.543381" lon="1.73558"><ele>2084.9</ele></trkpt>
    <trkpt lat="42.543412" lon="1.735656"><ele>2084.7</ele></trkpt>
    <trkpt lat="42.543474" lon="1.735753"><ele>2084.3</ele></trkpt>
    <trkpt lat="42.543641" lon="1.735929"><ele>2083.4</ele></trkpt>
    <trkpt lat="42.543666" lon="1.735963"><ele>2083.3</ele></trkpt>
    <trkpt lat="42.543836" lon="1.736144"><ele>2082.3</ele></trkpt>
    <trkpt lat="42.544031" lon="1.736293"><ele>2081.1</ele></trkpt>
    <trkpt lat="42.54426" lon="1.736405"><ele>2079.6</ele></trkpt>
    <trkpt lat="42.545027" lon="1.736586"><ele>2074.1</ele></trkpt>
    <trkpt lat="42.546502" lon="1.736866"><ele>2063.4</ele></trkpt>
    <trkpt lat="42.546626" lon="1.736925"><ele>2062.6</ele></trkpt>
    <trkpt lat="42.547194" lon="1.737327"><ele>2059.3</ele></trkpt>
    <trkpt lat="42.547772" lon="1.737538"><ele>2056.1</ele></trkpt>
    <trkpt lat="42.548211" lon="1.737762"><ele>2052.3</ele></trkpt>
    <trkpt lat="42.548496" lon="1.737797"><ele>2052.2</ele></trkpt>
    <trkpt lat="42.548496" lon="1.737797"><ele>2052.1</ele></trkpt>
    <trkpt lat="42.548496" lon="1.737797"><ele>2052</ele></trkpt>
    <trkpt lat="42.54891" lon="1.737738"><ele>2051.9</ele></trkpt>
    <trkpt lat="42.54891" lon="1.737738"><ele>2051.8</ele></trkpt>
    <trkpt lat="42.548994" lon="1.737527"><ele>2051.7</ele></trkpt>
    <trkpt lat="42.549038" lon="1.737229"><ele>2051.6</ele></trkpt>
    <trkpt lat="42.548973" lon="1.736634"><ele>2051.5</ele></trkpt>
    <trkpt lat="42.548759" lon="1.735888"><ele>2051.4</ele></trkpt>
    <trkpt lat="42.548348" lon="1.73509"><ele>2051.3</ele></trkpt>
    <trkpt lat="42.547868" lon="1.734437"><ele>2051.2</ele></trkpt>
    <trkpt lat="42.547817" lon="1.734069"><ele>2051.1</ele></trkpt>
    <trkpt lat="42.547557" lon="1.734"><ele>2051</ele></trkpt>
    <trkpt lat="42.547082" lon="1.733577"><ele>2050.9</ele></trkpt>
    <trkpt lat="42.546624" lon="1.732795"><ele>2050.8</ele></trkpt>
    <trkpt lat="42.546486" lon="1.732543"><ele>2050.7</ele></trkpt>
    <trkpt lat="42.546305" lon="1.732173"><ele>2050.6</ele></trkpt>
    <trkpt lat="42.546105" lon="1.731586"><ele>2050.5</ele></trkpt>
    <trkpt lat="42.545904" lon="1.730999"><ele>2050.4</ele></trkpt>
    <trkpt lat="42.545867" lon="1.730853"><ele>2050.3</ele></trkpt>
    <trkpt lat="42.54567" lon="1.72986"><ele>2050.2</ele></trkpt>
    <trkpt lat="42.54557" lon="1.729241"><ele>2050.1</ele></trkpt>
    <trkpt lat="42.545471" lon="1.728621"><ele>2050</ele></trkpt>
    <trkpt lat="42.545355" lon="1.727552"><ele>2049.9</ele></trkpt>
    <trkpt lat="42.54524" lon="1.726483"><ele>2049.8</ele></trkpt>
    <trkpt lat="42.545124" lon="1.725414"><ele>2049.7</ele></trkpt>
    <trkpt lat="42.545009" lon="1.724345"><ele>2049.6</ele></trkpt>
    <trkpt lat="42.544893" lon="1.723276"><ele>2049.5</ele></trkpt>
    <trkpt lat="42.544778" lon="1.722207"><ele>2049.4</ele></trkpt>
    <trkpt lat="42.544662" lon="1.721138"><ele>2049.3</ele></trkpt>
    <trkpt lat="42.544619" lon="1.72032"><ele>2049.2</ele></trkpt>
    <trkpt lat="42.544576" lon="1.719502"><ele>2049.1</ele></trkpt>
    <trkpt lat="42.544533" lon="1.718684"><ele>2049</ele></trkpt>
    <trkpt lat="42.544463" lon="1.717601"><ele>2048.9</ele></trkpt>
    <trkpt lat="42.544392" lon="1.716518"><ele>2048.8</ele></trkpt>
    <trkpt lat="42.544322" lon="1.715435"><ele>2048.7</ele></trkpt>
    <trkpt lat="42.544294" lon="1.714488"><ele>2048.6</ele></trkpt>
    <trkpt lat="42.544266" lon="1.713542"><ele>2048.5</ele></trkpt>
    <trkpt lat="42.544237" lon="1.712595"><ele>2048.4</ele></trkpt>
    <trkpt lat="42.544209" lon="1.711649"><ele>2048.3</ele></trkpt>
    <trkpt lat="42.544255" lon="1.710745"><ele>2048.2</ele></trkpt>
    <trkpt lat="42.544301" lon="1.709841"><ele>2048.1</ele></trkpt>
    <trkpt lat="42.544347" lon="1.708937"><ele>2048</ele></trkpt>
    <trkpt lat="42.544483" lon="1.707938"><ele>2047.9</ele></trkpt>
    <trkpt lat="42.54462" lon="1.70694"><ele>2047.8</ele></trkpt>
    <trkpt lat="42.544756" lon="1.705942"><ele>2047.7</ele></trkpt>
    <trkpt lat="42.544845" lon="1.705444"><ele>2047.6</ele></trkpt>
    <trkpt lat="42.54504" lon="1.704601"><ele>2047.5</ele></trkpt>
    <trkpt lat="42.545236" lon="1.703759"><ele>2047.4</ele></trkpt>
    <trkpt lat="42.545492" lon="1.702923"><ele>2047.3</ele></trkpt>
    <trkpt lat="42.545747" lon="1.702086"><ele>2047.2</ele></trkpt>
    <trkpt lat="42.546003" lon="1.70125"><ele>2047.1</ele></trkpt>
    <trkpt lat="42.546463" lon="1.700256"><ele>2047</ele></trkpt>
    <trkpt lat="42.546922" lon="1.699262"><ele>2046.9</ele></trkpt>
    <trkpt lat="42.547131" lon="1.698942"><ele>2046.8</ele></trkpt>
    <trkpt lat="42.547322" lon="1.698697"><ele>2044.5</ele></trkpt>
    <trkpt lat="42.547705" lon="1.698254"><ele>2041.5</ele></trkpt>
    <trkpt lat="42.548064" lon="1.697897"><ele>2040.2</ele></trkpt>
    <trkpt lat="42.548433" lon="1.697555"><ele>2039.1</ele></trkpt>
    <trkpt lat="42.548853" lon="1.697225"><ele>2037.6</ele></trkpt>
    <trkpt lat="42.548941" lon="1.697156"><ele>2037.3</ele></trkpt>
    <trkpt lat="42.549068" lon="1.697055"><ele>2036.8</ele></trkpt>
    <trkpt lat="42.549573" lon="1.696644"><ele>2033.4</ele></trkpt>
    <trkpt lat="42.550089" lon="1.696225"><ele>2028.9</ele></trkpt>
    <trkpt lat="42.550206" lon="1.696113"><ele>2027.8</ele></trkpt>
    <trkpt lat="42.550346" lon="1.69598"><ele>2026.5</ele></trkpt>
    <trkpt lat="42.550814" lon="1.695605"><ele>2022.7</ele></trkpt>
    <trkpt lat="42.551333" lon="1.695189"><ele>2019.6</ele></trkpt>
    <trkpt lat="42.551567" lon="1.694975"><ele>2018.5</ele></trkpt>
    <trkpt lat="42.551773" lon="1.694786"><ele>2017.4</ele></trkpt>
    <trkpt lat="42.552092" lon="1.694414"><ele>2015.9</ele></trkpt>
    <trkpt lat="42.552208" lon="1.694262"><ele>2015.4</ele></trkpt>
    <trkpt lat="42.55246" lon="1.693932"><ele>2014.6</ele></trkpt>
    <trkpt lat="42.552562" lon="1.693847"><ele>2014.3</ele></trkpt>
    <trkpt lat="42.55332" lon="1.692719"><ele>2012.2</ele></trkpt>
    <trkpt lat="42.554009" lon="1.69187"><ele>2011.1</ele></trkpt>
    <trkpt lat="42.554787" lon="1.691132"><ele>2009.1</ele></trkpt>
    <trkpt lat="42.556422" lon="1.68969"><ele>2004.5</ele></trkpt>
    <trkpt lat="42.557095" lon="1.689158"><ele>2001.9</ele></trkpt>
    <trkpt lat="42.557374" lon="1.688881"><ele>2001</ele></trkpt>
    <trkpt lat="42.557649" lon="1.688544"><ele>2000.1</ele></trkpt>
    <trkpt lat="42.55767" lon="1.68852"><ele>2000.1</ele></trkpt>
    <trkpt lat="42.557748" lon="1.688413"><ele>1999.7</ele></trkpt>
    <trkpt lat="42.558385" lon="1.687447"><ele>1994.5</ele></trkpt>
    <trkpt lat="42.558897" lon="1.686686"><ele>1989.5</ele></trkpt>
    <trkpt lat="42.559579" lon="1.685776"><ele>1981</ele></trkpt>
    <trkpt lat="42.560199" lon="1.684892"><ele>1973.5</ele></trkpt>
    <trkpt lat="42.560698" lon="1.684185"><ele>1966.7</ele></trkpt>
    <trkpt lat="42.561217" lon="1.683175"><ele>1958.8</ele></trkpt>
    <trkpt lat="42.562034" lon="1.682172"><ele>1950.2</ele></trkpt>
    <trkpt lat="42.563719" lon="1.680457"><ele>1936.5</ele></trkpt>
    <trkpt lat="42.56433" lon="1.679855"><ele>1931</ele></trkpt>
    <trkpt lat="42.564485" lon="1.679715"><ele>1929.6</ele></trkpt>
    <trkpt lat="42.564601" lon="1.679661"><ele>1928.6</ele></trkpt>
    <trkpt lat="42.565451" lon="1.679591"><ele>1920.9</ele></trkpt>
    <trkpt lat="42.565825" lon="1.67945"><ele>1917</ele></trkpt>
    <trkpt lat="42.56705" lon="1.678686"><ele>1903.7</ele></trkpt>
    <trkpt lat="42.567319" lon="1.678584"><ele>1901.5</ele></trkpt>
    <trkpt lat="42.56795" lon="1.678613"><ele>1897.1</ele></trkpt>
    <trkpt lat="42.568263" lon="1.678599"><ele>1895.3</ele></trkpt>
    <trkpt lat="42.568857" lon="1.678436"><ele>1891.1</ele></trkpt>
    <trkpt lat="42.569565" lon="1.678292"><ele>1885.8</ele></trkpt>
    <trkpt lat="42.569836" lon="1.678172"><ele>1883.9</ele></trkpt>
    <trkpt lat="42.570825" lon="1.677322"><ele>1875.4</ele></trkpt>
    <trkpt lat="42.571422" lon="1.676934"><ele>1870</ele></trkpt>
    <trkpt lat="42.571762" lon="1.676625"><ele>1866.2</ele></trkpt>
    <trkpt lat="42.572047" lon="1.676294"><ele>1862.8</ele></trkpt>
    <trkpt lat="42.572711" lon="1.675352"><ele>1856.1</ele></trkpt>
    <trkpt lat="42.573016" lon="1.675006"><ele>1853.8</ele></trkpt>
    <trkpt lat="42.573594" lon="1.674457"><ele>1850.2</ele></trkpt>
    <trkpt lat="42.573958" lon="1.674018"><ele>1848.9</ele></trkpt>
    <trkpt lat="42.574102" lon="1.673896"><ele>1848.4</ele></trkpt>
    <trkpt lat="42.574188" lon="1.673836"><ele>1848.2</ele></trkpt>
    <trkpt lat="42.574202" lon="1.673706"><ele>1847.9</ele></trkpt>
    <trkpt lat="42.574225" lon="1.673536"><ele>1847.5</ele></trkpt>
    <trkpt lat="42.574359" lon="1.673295"><ele>1846.9</ele></trkpt>
    <trkpt lat="42.574461" lon="1.673133"><ele>1846.3</ele></trkpt>
    <trkpt lat="42.574935" lon="1.672568"><ele>1844.1</ele></trkpt>
    <trkpt lat="42.575072" lon="1.672348"><ele>1843.2</ele></trkpt>
    <trkpt lat="42.575313" lon="1.671889"><ele>1840.3</ele></trkpt>
    <trkpt lat="42.57553" lon="1.671329"><ele>1836.5</ele></trkpt>
    <trkpt lat="42.575873" lon="1.67018"><ele>1830.7</ele></trkpt>
    <trkpt lat="42.576135" lon="1.669372"><ele>1828</ele></trkpt>
    <trkpt lat="42.576159" lon="1.669319"><ele>1827.9</ele></trkpt>
    <trkpt lat="42.576233" lon="1.66916"><ele>1827.4</ele></trkpt>
    <trkpt lat="42.576418" lon="1.668772"><ele>1826.2</ele></trkpt>
    <trkpt lat="42.576603" lon="1.668375"><ele>1825</ele></trkpt>
    <trkpt lat="42.576685" lon="1.668097"><ele>1824.2</ele></trkpt>
    <trkpt lat="42.576708" lon="1.667905"><ele>1823.7</ele></trkpt>
    <trkpt lat="42.576744" lon="1.667465"><ele>1822.3</ele></trkpt>
    <trkpt lat="42.576885" lon="1.666774"><ele>1819</ele></trkpt>
    <trkpt lat="42.576916" lon="1.666657"><ele>1818.4</ele></trkpt>
    <trkpt lat="42.576954" lon="1.666493"><ele>1817.5</ele></trkpt>
    <trkpt lat="42.576989" lon="1.666357"><ele>1816.8</ele></trkpt>
    <trkpt lat="42.577019" lon="1.666234"><ele>1816.2</ele></trkpt>
    <trkpt lat="42.57704" lon="1.666141"><ele>1815.7</ele></trkpt>
    <trkpt lat="42.57746" lon="1.664217"><ele>1806</ele></trkpt>
    <trkpt lat="42.577478" lon="1.664076"><ele>1805.5</ele></trkpt>
    <trkpt lat="42.577514" lon="1.663507"><ele>1803.5</ele></trkpt>
    <trkpt lat="42.577559" lon="1.663313"><ele>1803</ele></trkpt>
    <trkpt lat="42.57765" lon="1.66316"><ele>1802.4</ele></trkpt>
    <trkpt lat="42.57778" lon="1.663037"><ele>1801.8</ele></trkpt>
    <trkpt lat="42.577918" lon="1.663002"><ele>1801.2</ele></trkpt>
    <trkpt lat="42.578111" lon="1.66301"><ele>1800.4</ele></trkpt>
    <trkpt lat="42.578317" lon="1.663087"><ele>1799.3</ele></trkpt>
    <trkpt lat="42.578584" lon="1.663238"><ele>1797.2</ele></trkpt>
    <trkpt lat="42.578923" lon="1.663571"><ele>1793.4</ele></trkpt>
    <trkpt lat="42.579092" lon="1.663695"><ele>1791.9</ele></trkpt>
    <trkpt lat="42.5797" lon="1.663784"><ele>1787.4</ele></trkpt>
    <trkpt lat="42.580373" lon="1.664036"><ele>1782.2</ele></trkpt>
    <trkpt lat="42.581268" lon="1.664423"><ele>1777.3</ele></trkpt>
    <trkpt lat="42.581298" lon="1.664434"><ele>1777.1</ele></trkpt>
    <trkpt lat="42.58234" lon="1.664513"><ele>1767.6</ele></trkpt>
    <trkpt lat="42.583111" lon="1.664644"><ele>1759.8</ele></trkpt>
    <trkpt lat="42.583381" lon="1.664655"><ele>1757.2</ele></trkpt>
    <trkpt lat="42.583608" lon="1.664556"><ele>1754.9</ele></trkpt>
    <trkpt lat="42.583705" lon="1.664476"><ele>1753.9</ele></trkpt>
    <trkpt lat="42.583778" lon="1.664372"><ele>1753</ele></trkpt>
    <trkpt lat="42.583882" lon="1.664138"><ele>1751.4</ele></trkpt>
    <trkpt lat="42.583925" lon="1.663949"><ele>1750.3</ele></trkpt>
    <trkpt lat="42.583928" lon="1.663744"><ele>1749.3</ele></trkpt>
    <trkpt lat="42.583897" lon="1.663565"><ele>1748.5</ele></trkpt>
    <trkpt lat="42.583827" lon="1.663419"><ele>1747.8</ele></trkpt>
    <trkpt lat="42.583722" lon="1.663286"><ele>1747.1</ele></trkpt>
    <trkpt lat="42.583528" lon="1.663137"><ele>1746.1</ele></trkpt>
    <trkpt lat="42.583353" lon="1.663029"><ele>1745.4</ele></trkpt>
    <trkpt lat="42.5828" lon="1.662629"><ele>1743.7</ele></trkpt>
    <trkpt lat="42.582129" lon="1.662052"><ele>1741.8</ele></trkpt>
    <trkpt lat="42.581472" lon="1.661398"><ele>1739.5</ele></trkpt>
    <trkpt lat="42.580933" lon="1.660852"><ele>1737.3</ele></trkpt>
    <trkpt lat="42.580539" lon="1.660401"><ele>1734.8</ele></trkpt>
    <trkpt lat="42.580092" lon="1.65982"><ele>1730.9</ele></trkpt>
    <trkpt lat="42.579407" lon="1.658801"><ele>1723.4</ele></trkpt>
    <trkpt lat="42.57936" lon="1.658726"><ele>1722.9</ele></trkpt>
    <trkpt lat="42.579315" lon="1.658654"><ele>1722.4</ele></trkpt>
    <trkpt lat="42.578983" lon="1.658125"><ele>1719.4</ele></trkpt>
    <trkpt lat="42.578801" lon="1.657864"><ele>1718</ele></trkpt>
    <trkpt lat="42.578179" lon="1.657018"><ele>1714.3</ele></trkpt>
    <trkpt lat="42.577827" lon="1.656225"><ele>1711.1</ele></trkpt>
    <trkpt lat="42.577682" lon="1.655757"><ele>1709.4</ele></trkpt>
    <trkpt lat="42.577627" lon="1.655406"><ele>1708.3</ele></trkpt>
    <trkpt lat="42.577596" lon="1.654931"><ele>1707</ele></trkpt>
    <trkpt lat="42.577616" lon="1.654673"><ele>1706.2</ele></trkpt>
    <trkpt lat="42.57772" lon="1.654086"><ele>1704.5</ele></trkpt>
    <trkpt lat="42.577778" lon="1.653856"><ele>1703.7</ele></trkpt>
    <trkpt lat="42.578039" lon="1.652999"><ele>1701</ele></trkpt>
    <trkpt lat="42.578401" lon="1.65181"><ele>1696.7</ele></trkpt>
    <trkpt lat="42.57858" lon="1.651112"><ele>1693.5</ele></trkpt>
    <trkpt lat="42.578654" lon="1.650681"><ele>1691.3</ele></trkpt>
    <trkpt lat="42.578723" lon="1.650251"><ele>1689.1</ele></trkpt>
    <trkpt lat="42.578778" lon="1.650097"><ele>1688.2</ele></trkpt>
    <trkpt lat="42.578919" lon="1.649884"><ele>1686.6</ele></trkpt>
    <trkpt lat="42.579362" lon="1.649663"><ele>1682.9</ele></trkpt>
    <trkpt lat="42.579422" lon="1.649654"><ele>1682.5</ele></trkpt>
    <trkpt lat="42.579473" lon="1.649578"><ele>1681.9</ele></trkpt>
    <trkpt lat="42.579478" lon="1.649538"><ele>1681.7</ele></trkpt>
    <trkpt lat="42.579595" lon="1.649409"><ele>1680.6</ele></trkpt>
    <trkpt lat="42.579633" lon="1.649319"><ele>1680.1</ele></trkpt>
    <trkpt lat="42.57993" lon="1.648572"><ele>1676.6</ele></trkpt>
    <trkpt lat="42.580252" lon="1.647685"><ele>1672.8</ele></trkpt>
    <trkpt lat="42.580304" lon="1.647397"><ele>1671.5</ele></trkpt>
    <trkpt lat="42.580307" lon="1.64721"><ele>1670.8</ele></trkpt>
    <trkpt lat="42.580275" lon="1.646956"><ele>1669.7</ele></trkpt>
    <trkpt lat="42.580081" lon="1.64624"><ele>1666</ele></trkpt>
    <trkpt lat="42.579997" lon="1.64603"><ele>1664.9</ele></trkpt>
    <trkpt lat="42.579962" lon="1.645749"><ele>1663.5</ele></trkpt>
    <trkpt lat="42.579966" lon="1.645666"><ele>1663.2</ele></trkpt>
    <trkpt lat="42.5799" lon="1.645561"><ele>1662.5</ele></trkpt>
    <trkpt lat="42.579789" lon="1.645253"><ele>1661.1</ele></trkpt>
    <trkpt lat="42.579597" lon="1.643992"><ele>1656.7</ele></trkpt>
    <trkpt lat="42.579565" lon="1.643645"><ele>1655.9</ele></trkpt>
    <trkpt lat="42.579536" lon="1.64275"><ele>1653.8</ele></trkpt>
    <trkpt lat="42.579527" lon="1.642483"><ele>1653.1</ele></trkpt>
    <trkpt lat="42.579501" lon="1.641808"><ele>1650.9</ele></trkpt>
    <trkpt lat="42.579493" lon="1.641537"><ele>1649.9</ele></trkpt>
    <trkpt lat="42.579488" lon="1.641384"><ele>1649.4</ele></trkpt>
    <trkpt lat="42.579464" lon="1.640679"><ele>1646.8</ele></trkpt>
    <trkpt lat="42.579415" lon="1.640437"><ele>1646</ele></trkpt>
    <trkpt lat="42.579225" lon="1.639925"><ele>1644.6</ele></trkpt>
    <trkpt lat="42.579165" lon="1.639785"><ele>1644.2</ele></trkpt>
    <trkpt lat="42.579079" lon="1.6396"><ele>1643.7</ele></trkpt>
    <trkpt lat="42.579028" lon="1.639479"><ele>1643.4</ele></trkpt>
    <trkpt lat="42.578865" lon="1.639099"><ele>1642.4</ele></trkpt>
    <trkpt lat="42.578766" lon="1.638776"><ele>1641.7</ele></trkpt>
    <trkpt lat="42.578759" lon="1.638575"><ele>1641.3</ele></trkpt>
    <trkpt lat="42.578787" lon="1.638219"><ele>1640.4</ele></trkpt>
    <trkpt lat="42.578854" lon="1.637561"><ele>1638.9</ele></trkpt>
    <trkpt lat="42.578857" lon="1.637209"><ele>1638</ele></trkpt>
    <trkpt lat="42.578837" lon="1.63695"><ele>1637.3</ele></trkpt>
    <trkpt lat="42.57879" lon="1.636713"><ele>1636.8</ele></trkpt>
    <trkpt lat="42.578518" lon="1.635937"><ele>1635.6</ele></trkpt>
    <trkpt lat="42.57838" lon="1.635451"><ele>1635.3</ele></trkpt>
    <trkpt lat="42.578249" lon="1.634673"><ele>1635.1</ele></trkpt>
    <trkpt lat="42.578209" lon="1.634294"><ele>1634.8</ele></trkpt>
    <trkpt lat="42.578238" lon="1.634223"><ele>1634.7</ele></trkpt>
    <trkpt lat="42.578241" lon="1.634143"><ele>1634.6</ele></trkpt>
    <trkpt lat="42.578209" lon="1.634056"><ele>1634.4</ele></trkpt>
    <trkpt lat="42.578263" lon="1.632848"><ele>1630.6</ele></trkpt>
    <trkpt lat="42.578471" lon="1.631566"><ele>1625.7</ele></trkpt>
    <trkpt lat="42.578583" lon="1.630948"><ele>1623.3</ele></trkpt>
    <trkpt lat="42.578591" lon="1.630783"><ele>1622.7</ele></trkpt>
    <trkpt lat="42.578563" lon="1.630497"><ele>1621.7</ele></trkpt>
    <trkpt lat="42.578502" lon="1.630261"><ele>1620.9</ele></trkpt>
    <trkpt lat="42.578417" lon="1.630117"><ele>1620.3</ele></trkpt>
    <trkpt lat="42.57824" lon="1.629685"><ele>1618.7</ele></trkpt>
    <trkpt lat="42.578044" lon="1.62929"><ele>1617.1</ele></trkpt>
    <trkpt lat="42.577795" lon="1.628782"><ele>1613.9</ele></trkpt>
    <trkpt lat="42.577705" lon="1.628432"><ele>1611.9</ele></trkpt>
    <trkpt lat="42.577676" lon="1.628102"><ele>1610.7</ele></trkpt>
    <trkpt lat="42.577815" lon="1.627088"><ele>1608.4</ele></trkpt>
    <trkpt lat="42.577844" lon="1.626927"><ele>1607.9</ele></trkpt>
    <trkpt lat="42.577845" lon="1.626732"><ele>1607.3</ele></trkpt>
    <trkpt lat="42.577801" lon="1.626459"><ele>1606.3</ele></trkpt>
    <trkpt lat="42.577617" lon="1.62608"><ele>1604.3</ele></trkpt>
    <trkpt lat="42.577294" lon="1.625777"><ele>1601.9</ele></trkpt>
    <trkpt lat="42.576939" lon="1.625573"><ele>1599.1</ele></trkpt>
    <trkpt lat="42.576711" lon="1.625345"><ele>1596.5</ele></trkpt>
    <trkpt lat="42.576397" lon="1.624855"><ele>1592.8</ele></trkpt>
    <trkpt lat="42.576299" lon="1.62464"><ele>1591.8</ele></trkpt>
    <trkpt lat="42.576155" lon="1.624208"><ele>1590.8</ele></trkpt>
    <trkpt lat="42.575938" lon="1.623209"><ele>1591.6</ele></trkpt>
    <trkpt lat="42.575786" lon="1.622689"><ele>1591.1</ele></trkpt>
    <trkpt lat="42.575677" lon="1.622447"><ele>1590.5</ele></trkpt>
    <trkpt lat="42.575573" lon="1.622332"><ele>1590</ele></trkpt>
    <trkpt lat="42.57487" lon="1.621611"><ele>1584.4</ele></trkpt>
    <trkpt lat="42.574697" lon="1.621345"><ele>1581.7</ele></trkpt>
    <trkpt lat="42.574531" lon="1.620978"><ele>1578.8</ele></trkpt>
    <trkpt lat="42.574393" lon="1.620538"><ele>1576.1</ele></trkpt>
    <trkpt lat="42.574083" lon="1.618893"><ele>1570.6</ele></trkpt>
    <trkpt lat="42.573945" lon="1.618676"><ele>1570</ele></trkpt>
    <trkpt lat="42.573623" lon="1.618289"><ele>1568.8</ele></trkpt>
    <trkpt lat="42.573456" lon="1.618027"><ele>1568.1</ele></trkpt>
    <trkpt lat="42.573278" lon="1.617609"><ele>1567</ele></trkpt>
    <trkpt lat="42.573153" lon="1.617142"><ele>1566</ele></trkpt>
    <trkpt lat="42.573072" lon="1.616828"><ele>1565.5</ele></trkpt>
    <trkpt lat="42.572903" lon="1.616213"><ele>1564.7</ele></trkpt>
    <trkpt lat="42.572819" lon="1.615916"><ele>1564.2</ele></trkpt>
    <trkpt lat="42.572573" lon="1.615035"><ele>1562.8</ele></trkpt>
    <trkpt lat="42.572168" lon="1.613603"><ele>1560.6</ele></trkpt>
    <trkpt lat="42.572123" lon="1.613284"><ele>1559.9</ele></trkpt>
    <trkpt lat="42.572112" lon="1.612348"><ele>1558</ele></trkpt>
    <trkpt lat="42.57205" lon="1.611961"><ele>1557.3</ele></trkpt>
    <trkpt lat="42.57191" lon="1.611616"><ele>1556.7</ele></trkpt>
    <trkpt lat="42.571649" lon="1.611222"><ele>1556</ele></trkpt>
    <trkpt lat="42.571553" lon="1.610981"><ele>1555.8</ele></trkpt>
    <trkpt lat="42.571507" lon="1.610716"><ele>1555.7</ele></trkpt>
    <trkpt lat="42.571501" lon="1.610447"><ele>1555.7</ele></trkpt>
    <trkpt lat="42.57157" lon="1.609865"><ele>1555.7</ele></trkpt>
    <trkpt lat="42.571615" lon="1.60942"><ele>1555.3</ele></trkpt>
    <trkpt lat="42.571607" lon="1.60922"><ele>1554.9</ele></trkpt>
    <trkpt lat="42.57153" lon="1.608799"><ele>1553.8</ele></trkpt>
    <trkpt lat="42.571459" lon="1.608613"><ele>1553.1</ele></trkpt>
    <trkpt lat="42.571338" lon="1.60839"><ele>1552.2</ele></trkpt>
    <trkpt lat="42.571228" lon="1.608289"><ele>1551.5</ele></trkpt>
    <trkpt lat="42.5712" lon="1.608234"><ele>1551.2</ele></trkpt>
    <trkpt lat="42.571038" lon="1.607807"><ele>1549</ele></trkpt>
    <trkpt lat="42.570906" lon="1.60719"><ele>1546.3</ele></trkpt>
    <trkpt lat="42.570875" lon="1.607044"><ele>1545.7</ele></trkpt>
    <trkpt lat="42.57078" lon="1.606529"><ele>1544.5</ele></trkpt>
    <trkpt lat="42.570622" lon="1.605709"><ele>1543</ele></trkpt>
    <trkpt lat="42.570491" lon="1.605322"><ele>1541.6</ele></trkpt>
    <trkpt lat="42.570374" lon="1.605146"><ele>1540.9</ele></trkpt>
    <trkpt lat="42.570203" lon="1.604966"><ele>1539.9</ele></trkpt>
    <trkpt lat="42.569937" lon="1.604835"><ele>1538.5</ele></trkpt>
    <trkpt lat="42.569835" lon="1.604798"><ele>1537.9</ele></trkpt>
    <trkpt lat="42.56979" lon="1.604787"><ele>1537.7</ele></trkpt>
    <trkpt lat="42.569508" lon="1.604725"><ele>1536</ele></trkpt>
    <trkpt lat="42.568907" lon="1.604528"><ele>1532.4</ele></trkpt>
    <trkpt lat="42.568737" lon="1.604382"><ele>1531.8</ele></trkpt>
    <trkpt lat="42.568607" lon="1.604151"><ele>1531.5</ele></trkpt>
    <trkpt lat="42.568438" lon="1.603691"><ele>1531</ele></trkpt>
    <trkpt lat="42.568256" lon="1.603112"><ele>1530.7</ele></trkpt>
    <trkpt lat="42.568014" lon="1.602522"><ele>1530.8</ele></trkpt>
    <trkpt lat="42.567525" lon="1.601617"><ele>1530.4</ele></trkpt>
    <trkpt lat="42.567449" lon="1.601475"><ele>1530.4</ele></trkpt>
    <trkpt lat="42.567377" lon="1.60134"><ele>1530.4</ele></trkpt>
    <trkpt lat="42.567361" lon="1.601264"><ele>1530.4</ele></trkpt>
    <trkpt lat="42.567313" lon="1.60122"><ele>1530.4</ele></trkpt>
    <trkpt lat="42.567219" lon="1.601059"><ele>1530.4</ele></trkpt>
    <trkpt lat="42.566899" lon="1.600471"><ele>1530.7</ele></trkpt>
    <trkpt lat="42.566857" lon="1.600294"><ele>1530.7</ele></trkpt>
    <trkpt lat="42.566785" lon="1.600113"><ele>1530.6</ele></trkpt>
    <trkpt lat="42.566759" lon="1.600041"><ele>1530.5</ele></trkpt>
    <trkpt lat="42.566749" lon="1.600009"><ele>1530.5</ele></trkpt>
    <trkpt lat="42.566679" lon="1.599845"><ele>1530.6</ele></trkpt>
    <trkpt lat="42.566621" lon="1.59972"><ele>1530.7</ele></trkpt>
    <trkpt lat="42.566557" lon="1.599552"><ele>1530.8</ele></trkpt>
    <trkpt lat="42.566482" lon="1.599361"><ele>1530.9</ele></trkpt>
    <trkpt lat="42.566428" lon="1.59922"><ele>1530.9</ele></trkpt>
    <trkpt lat="42.566387" lon="1.599108"><ele>1530.9</ele></trkpt>
    <trkpt lat="42.56635" lon="1.599009"><ele>1530.9</ele></trkpt>
    <trkpt lat="42.566146" lon="1.598425"><ele>1530.4</ele></trkpt>
    <trkpt lat="42.565888" lon="1.597724"><ele>1528.9</ele></trkpt>
    <trkpt lat="42.56581" lon="1.597497"><ele>1528.4</ele></trkpt>
    <trkpt lat="42.565775" lon="1.597415"><ele>1528.2</ele></trkpt>
    <trkpt lat="42.565738" lon="1.597283"><ele>1527.8</ele></trkpt>
    <trkpt lat="42.565739" lon="1.597131"><ele>1527.5</ele></trkpt>
    <trkpt lat="42.565872" lon="1.596665"><ele>1526.3</ele></trkpt>
    <trkpt lat="42.565888" lon="1.596612"><ele>1526.1</ele></trkpt>
    <trkpt lat="42.565951" lon="1.596607"><ele>1525.9</ele></trkpt>
    <trkpt lat="42.565971" lon="1.596549"><ele>1525.8</ele></trkpt>
    <trkpt lat="42.566157" lon="1.595923"><ele>1524.7</ele></trkpt>
    <trkpt lat="42.566319" lon="1.595044"><ele>1524.6</ele></trkpt>
    <trkpt lat="42.566319" lon="1.594715"><ele>1524.7</ele></trkpt>
    <trkpt lat="42.566277" lon="1.594539"><ele>1524.8</ele></trkpt>
    <trkpt lat="42.566213" lon="1.594402"><ele>1524.9</ele></trkpt>
    <trkpt lat="42.566167" lon="1.594334"><ele>1525</ele></trkpt>
    <trkpt lat="42.565505" lon="1.593372"><ele>1524.4</ele></trkpt>
    <trkpt lat="42.565396" lon="1.593264"><ele>1524.1</ele></trkpt>
    <trkpt lat="42.565282" lon="1.59322"><ele>1523.7</ele></trkpt>
    <trkpt lat="42.564857" lon="1.593186"><ele>1522.3</ele></trkpt>
    <trkpt lat="42.564709" lon="1.593148"><ele>1522</ele></trkpt>
    <trkpt lat="42.564617" lon="1.593086"><ele>1521.8</ele></trkpt>
    <trkpt lat="42.564577" lon="1.592998"><ele>1521.6</ele></trkpt>
    <trkpt lat="42.564483" lon="1.59295"><ele>1521.5</ele></trkpt>
    <trkpt lat="42.564358" lon="1.59279"><ele>1521.4</ele></trkpt>
    <trkpt lat="42.564312" lon="1.592706"><ele>1521.5</ele></trkpt>
    <trkpt lat="42.564162" lon="1.592376"><ele>1521.7</ele></trkpt>
    <trkpt lat="42.564082" lon="1.592121"><ele>1521.8</ele></trkpt>
    <trkpt lat="42.564042" lon="1.591503"><ele>1521.3</ele></trkpt>
    <trkpt lat="42.563969" lon="1.591216"><ele>1520.8</ele></trkpt>
    <trkpt lat="42.563809" lon="1.591024"><ele>1520.2</ele></trkpt>
    <trkpt lat="42.56369" lon="1.59094"><ele>1519.7</ele></trkpt>
    <trkpt lat="42.563325" lon="1.590782"><ele>1517.4</ele></trkpt>
    <trkpt lat="42.562831" lon="1.590491"><ele>1511.8</ele></trkpt>
    <trkpt lat="42.562652" lon="1.590415"><ele>1509.4</ele></trkpt>
    <trkpt lat="42.562032" lon="1.590399"><ele>1501</ele></trkpt>
    <trkpt lat="42.561601" lon="1.590291"><ele>1494.1</ele></trkpt>
    <trkpt lat="42.560924" lon="1.590218"><ele>1481.1</ele></trkpt>
    <trkpt lat="42.560754" lon="1.590155"><ele>1477.8</ele></trkpt>
    <trkpt lat="42.560536" lon="1.590006"><ele>1473.7</ele></trkpt>
    <trkpt lat="42.560145" lon="1.589827"><ele>1467.6</ele></trkpt>
    <trkpt lat="42.560029" lon="1.589754"><ele>1465.9</ele></trkpt>
    <trkpt lat="42.559928" lon="1.589676"><ele>1464.4</ele></trkpt>
    <trkpt lat="42.559575" lon="1.589361"><ele>1459.7</ele></trkpt>
    <trkpt lat="42.55948" lon="1.58931"><ele>1458.7</ele></trkpt>
    <trkpt lat="42.558785" lon="1.589238"><ele>1455.6</ele></trkpt>
    <trkpt lat="42.558615" lon="1.589173"><ele>1454.9</ele></trkpt>
    <trkpt lat="42.558145" lon="1.588895"><ele>1452.5</ele></trkpt>
    <trkpt lat="42.557794" lon="1.588751"><ele>1450.4</ele></trkpt>
    <trkpt lat="42.557569" lon="1.588691"><ele>1449.1</ele></trkpt>
    <trkpt lat="42.557128" lon="1.588655"><ele>1446.4</ele></trkpt>
    <trkpt lat="42.556752" lon="1.588656"><ele>1443.8</ele></trkpt>
    <trkpt lat="42.556157" lon="1.588718"><ele>1438.6</ele></trkpt>
    <trkpt lat="42.55601" lon="1.588685"><ele>1437.1</ele></trkpt>
    <trkpt lat="42.555641" lon="1.588536"><ele>1433.3</ele></trkpt>
    <trkpt lat="42.555456" lon="1.588498"><ele>1431.4</ele></trkpt>
    <trkpt lat="42.55495" lon="1.588551"><ele>1425.8</ele></trkpt>
    <trkpt lat="42.554438" lon="1.588522"><ele>1419.8</ele></trkpt>
    <trkpt lat="42.554391" lon="1.58852"><ele>1419.3</ele></trkpt>
    <trkpt lat="42.554209" lon="1.588529"><ele>1417.2</ele></trkpt>
    <trkpt lat="42.5542" lon="1.58853"><ele>1417.1</ele></trkpt>
    <trkpt lat="42.553678" lon="1.588627"><ele>1411.7</ele></trkpt>
    <trkpt lat="42.553532" lon="1.588643"><ele>1410.4</ele></trkpt>
    <trkpt lat="42.553229" lon="1.588678"><ele>1408.2</ele></trkpt>
    <trkpt lat="42.553085" lon="1.588731"><ele>1407.3</ele></trkpt>
    <trkpt lat="42.552833" lon="1.588885"><ele>1406.2</ele></trkpt>
    <trkpt lat="42.552686" lon="1.589001"><ele>1405.6</ele></trkpt>
    <trkpt lat="42.552457" lon="1.589242"><ele>1404.9</ele></trkpt>
    <trkpt lat="42.552099" lon="1.589768"><ele>1404.8</ele></trkpt>
    <trkpt lat="42.5519" lon="1.590048"><ele>1405.1</ele></trkpt>
    <trkpt lat="42.551596" lon="1.59037"><ele>1405.4</ele></trkpt>
    <trkpt lat="42.551119" lon="1.590717"><ele>1404.7</ele></trkpt>
    <trkpt lat="42.550967" lon="1.590753"><ele>1404.1</ele></trkpt>
    <trkpt lat="42.550897" lon="1.59072"><ele>1403.7</ele></trkpt>
    <trkpt lat="42.550807" lon="1.59076"><ele>1403.3</ele></trkpt>
    <trkpt lat="42.550758" lon="1.59087"><ele>1403</ele></trkpt>
    <trkpt lat="42.550612" lon="1.590982"><ele>1402.2</ele></trkpt>
    <trkpt lat="42.549957" lon="1.591247"><ele>1398.6</ele></trkpt>
    <trkpt lat="42.54895" lon="1.591568"><ele>1394.9</ele></trkpt>
    <trkpt lat="42.547887" lon="1.591792"><ele>1393.7</ele></trkpt>
    <trkpt lat="42.547294" lon="1.591785"><ele>1392.5</ele></trkpt>
    <trkpt lat="42.54667" lon="1.591613"><ele>1390.5</ele></trkpt>
    <trkpt lat="42.546162" lon="1.591395"><ele>1388.7</ele></trkpt>
    <trkpt lat="42.545724" lon="1.591338"><ele>1387.7</ele></trkpt>
    <trkpt lat="42.545483" lon="1.591368"><ele>1387.4</ele></trkpt>
    <trkpt lat="42.544301" lon="1.591827"><ele>1387.4</ele></trkpt>
    <trkpt lat="42.543949" lon="1.591805"><ele>1386.5</ele></trkpt>
    <trkpt lat="42.543467" lon="1.591595"><ele>1383.4</ele></trkpt>
    <trkpt lat="42.543038" lon="1.591495"><ele>1379.2</ele></trkpt>
    <trkpt lat="42.542775" lon="1.591498"><ele>1376.2</ele></trkpt>
    <trkpt lat="42.542014" lon="1.591584"><ele>1370</ele></trkpt>
    <trkpt lat="42.541814" lon="1.59167"><ele>1369.3</ele></trkpt>
    <trkpt lat="42.54161" lon="1.591803"><ele>1368.8</ele></trkpt>
    <trkpt lat="42.541215" lon="1.592193"><ele>1368.5</ele></trkpt>
    <trkpt lat="42.541082" lon="1.592275"><ele>1368.5</ele></trkpt>
    <trkpt lat="42.540925" lon="1.592306"><ele>1368.5</ele></trkpt>
    <trkpt lat="42.540794" lon="1.592287"><ele>1368.4</ele></trkpt>
    <trkpt lat="42.540622" lon="1.5922"><ele>1368.3</ele></trkpt>
    <trkpt lat="42.540322" lon="1.591944"><ele>1367.3</ele></trkpt>
    <trkpt lat="42.540149" lon="1.591836"><ele>1366.5</ele></trkpt>
    <trkpt lat="42.539966" lon="1.591789"><ele>1365.6</ele></trkpt>
    <trkpt lat="42.538547" lon="1.591699"><ele>1359.5</ele></trkpt>
    <trkpt lat="42.538229" lon="1.59156"><ele>1358</ele></trkpt>
    <trkpt lat="42.538079" lon="1.591441"><ele>1357</ele></trkpt>
    <trkpt lat="42.537953" lon="1.591298"><ele>1355.9</ele></trkpt>
    <trkpt lat="42.537844" lon="1.591122"><ele>1354.6</ele></trkpt>
    <trkpt lat="42.537571" lon="1.590554"><ele>1350.1</ele></trkpt>
    <trkpt lat="42.537173" lon="1.589678"><ele>1342.3</ele></trkpt>
    <trkpt lat="42.537036" lon="1.589405"><ele>1340.2</ele></trkpt>
    <trkpt lat="42.536916" lon="1.589242"><ele>1339</ele></trkpt>
    <trkpt lat="42.536875" lon="1.589199"><ele>1338.6</ele></trkpt>
    <trkpt lat="42.53684" lon="1.589173"><ele>1338.3</ele></trkpt>
    <trkpt lat="42.536519" lon="1.588932"><ele>1336.2</ele></trkpt>
    <trkpt lat="42.536261" lon="1.588815"><ele>1334.8</ele></trkpt>
    <trkpt lat="42.535811" lon="1.588613"><ele>1333.6</ele></trkpt>
    <trkpt lat="42.535574" lon="1.588487"><ele>1333</ele></trkpt>
    <trkpt lat="42.535485" lon="1.588432"><ele>1332.6</ele></trkpt>
    <trkpt lat="42.535375" lon="1.588324"><ele>1331.8</ele></trkpt>
    <trkpt lat="42.535317" lon="1.588245"><ele>1331.4</ele></trkpt>
    <trkpt lat="42.535342" lon="1.588186"><ele>1331.1</ele></trkpt>
    <trkpt lat="42.535339" lon="1.588119"><ele>1330.9</ele></trkpt>
    <trkpt lat="42.535284" lon="1.588052"><ele>1330.5</ele></trkpt>
    <trkpt lat="42.535259" lon="1.588048"><ele>1330.3</ele></trkpt>
    <trkpt lat="42.535083" lon="1.587907"><ele>1329.2</ele></trkpt>
    <trkpt lat="42.534689" lon="1.58732"><ele>1325.5</ele></trkpt>
    <trkpt lat="42.534565" lon="1.587101"><ele>1324.4</ele></trkpt>
    <trkpt lat="42.534491" lon="1.586945"><ele>1323.7</ele></trkpt>
    <trkpt lat="42.53445" lon="1.586856"><ele>1323.2</ele></trkpt>
    <trkpt lat="42.534388" lon="1.586726"><ele>1322.5</ele></trkpt>
    <trkpt lat="42.53411" lon="1.58617"><ele>1318.7</ele></trkpt>
    <trkpt lat="42.533863" lon="1.585832"><ele>1316.4</ele></trkpt>
    <trkpt lat="42.533672" lon="1.585624"><ele>1315</ele></trkpt>
    <trkpt lat="42.533521" lon="1.585406"><ele>1314</ele></trkpt>
    <trkpt lat="42.533481" lon="1.585179"><ele>1313.3</ele></trkpt>
    <trkpt lat="42.53351" lon="1.585112"><ele>1313.1</ele></trkpt>
    <trkpt lat="42.533499" lon="1.585033"><ele>1312.9</ele></trkpt>
    <trkpt lat="42.533452" lon="1.584985"><ele>1312.7</ele></trkpt>
    <trkpt lat="42.533401" lon="1.584986"><ele>1312.6</ele></trkpt>
    <trkpt lat="42.53317" lon="1.584852"><ele>1311.6</ele></trkpt>
    <trkpt lat="42.532303" lon="1.583904"><ele>1311.9</ele></trkpt>
    <trkpt lat="42.532106" lon="1.583578"><ele>1313.1</ele></trkpt>
    <trkpt lat="42.531918" lon="1.583266"><ele>1314.2</ele></trkpt>
    <trkpt lat="42.531802" lon="1.582971"><ele>1314.7</ele></trkpt>
    <trkpt lat="42.531724" lon="1.582631"><ele>1314.4</ele></trkpt>
    <trkpt lat="42.531687" lon="1.582216"><ele>1312.9</ele></trkpt>
    <trkpt lat="42.531697" lon="1.581781"><ele>1310.1</ele></trkpt>
    <trkpt lat="42.531733" lon="1.580866"><ele>1301.3</ele></trkpt>
    <trkpt lat="42.531736" lon="1.58041"><ele>1296.5</ele></trkpt>
    <trkpt lat="42.531736" lon="1.580242"><ele>1294.7</ele></trkpt>
    <trkpt lat="42.531786" lon="1.579979"><ele>1292.1</ele></trkpt>
    <trkpt lat="42.531861" lon="1.57987"><ele>1290.7</ele></trkpt>
    <trkpt lat="42.531858" lon="1.579742"><ele>1289.6</ele></trkpt>
    <trkpt lat="42.531795" lon="1.579647"><ele>1288.7</ele></trkpt>
    <trkpt lat="42.531764" lon="1.57943"><ele>1287.2</ele></trkpt>
    <trkpt lat="42.53178" lon="1.578976"><ele>1284.5</ele></trkpt>
    <trkpt lat="42.531734" lon="1.577589"><ele>1277.6</ele></trkpt>
    <trkpt lat="42.531708" lon="1.5773"><ele>1276</ele></trkpt>
    <trkpt lat="42.531708" lon="1.577185"><ele>1275.3</ele></trkpt>
    <trkpt lat="42.531638" lon="1.576495"><ele>1271.4</ele></trkpt>
    <trkpt lat="42.531634" lon="1.576468"><ele>1271.3</ele></trkpt>
    <trkpt lat="42.531461" lon="1.57553"><ele>1265.4</ele></trkpt>
    <trkpt lat="42.531383" lon="1.575179"><ele>1263.3</ele></trkpt>
    <trkpt lat="42.531272" lon="1.574836"><ele>1261.4</ele></trkpt>
    <trkpt lat="42.53103" lon="1.574319"><ele>1258.6</ele></trkpt>
    <trkpt lat="42.530905" lon="1.57411"><ele>1257.6</ele></trkpt>
    <trkpt lat="42.530634" lon="1.573768"><ele>1256.7</ele></trkpt>
    <trkpt lat="42.530345" lon="1.57352"><ele>1257</ele></trkpt>
    <trkpt lat="42.529881" lon="1.573291"><ele>1256.8</ele></trkpt>
    <trkpt lat="42.529625" lon="1.573052"><ele>1255.8</ele></trkpt>
    <trkpt lat="42.529524" lon="1.572918"><ele>1255</ele></trkpt>
    <trkpt lat="42.52952" lon="1.572908"><ele>1255</ele></trkpt>
    <trkpt lat="42.529389" lon="1.57259"><ele>1252.7</ele></trkpt>
    <trkpt lat="42.529387" lon="1.572585"><ele>1252.7</ele></trkpt>
    <trkpt lat="42.529347" lon="1.572424"><ele>1251.4</ele></trkpt>
    <trkpt lat="42.529302" lon="1.57198"><ele>1247.4</ele></trkpt>
    <trkpt lat="42.529321" lon="1.571797"><ele>1245.5</ele></trkpt>
    <trkpt lat="42.529358" lon="1.571721"><ele>1244.4</ele></trkpt>
    <trkpt lat="42.529414" lon="1.571706"><ele>1243.5</ele></trkpt>
    <trkpt lat="42.529496" lon="1.5716"><ele>1241.6</ele></trkpt>
    <trkpt lat="42.529509" lon="1.571498"><ele>1240.4</ele></trkpt>
    <trkpt lat="42.529482" lon="1.571396"><ele>1239.1</ele></trkpt>
    <trkpt lat="42.529532" lon="1.571222"><ele>1237</ele></trkpt>
    <trkpt lat="42.530047" lon="1.57039"><ele>1228.2</ele></trkpt>
    <trkpt lat="42.530089" lon="1.570342"><ele>1227.9</ele></trkpt>
    <trkpt lat="42.530192" lon="1.570356"><ele>1227.3</ele></trkpt>
    <trkpt lat="42.530513" lon="1.570569"><ele>1226.3</ele></trkpt>
    <trkpt lat="42.531275" lon="1.570791"><ele>1226.4</ele></trkpt>
    <trkpt lat="42.532322" lon="1.571375"><ele>1227.5</ele></trkpt>
    <trkpt lat="42.53244" lon="1.571463"><ele>1227.8</ele></trkpt>
    <trkpt lat="42.532439" lon="1.571395"><ele>1227.9</ele></trkpt>
    <trkpt lat="42.532534" lon="1.571485"><ele>1228.2</ele></trkpt>
    <trkpt lat="42.532858" lon="1.572111"><ele>1230.3</ele></trkpt>
    <trkpt lat="42.532995" lon="1.572516"><ele>1231.7</ele></trkpt>
    <trkpt lat="42.533057" lon="1.572572"><ele>1232</ele></trkpt>
    <trkpt lat="42.533209" lon="1.572708"><ele>1232.9</ele></trkpt>
    <trkpt lat="42.533421" lon="1.573001"><ele>1234.4</ele></trkpt>
    <trkpt lat="42.533462" lon="1.573068"><ele>1234.8</ele></trkpt>
    <trkpt lat="42.53355" lon="1.573397"><ele>1236.4</ele></trkpt>
    <trkpt lat="42.533593" lon="1.573408"><ele>1236.7</ele></trkpt>
    <trkpt lat="42.533618" lon="1.57337"><ele>1237</ele></trkpt>
    <trkpt lat="42.533617" lon="1.573312"><ele>1237.3</ele></trkpt>
    <trkpt lat="42.533652" lon="1.573298"><ele>1237.6</ele></trkpt>
    <trkpt lat="42.533567" lon="1.572744"><ele>1240.6</ele></trkpt>
    <trkpt lat="42.533572" lon="1.57265"><ele>1241.1</ele></trkpt>
    <trkpt lat="42.533631" lon="1.572553"><ele>1241.7</ele></trkpt>
    <trkpt lat="42.53408" lon="1.572145"><ele>1245.5</ele></trkpt>
    <trkpt lat="42.534106" lon="1.572"><ele>1246.4</ele></trkpt>
    <trkpt lat="42.534063" lon="1.571861"><ele>1247.2</ele></trkpt>
    <trkpt lat="42.533755" lon="1.571754"><ele>1249.7</ele></trkpt>
    <trkpt lat="42.533685" lon="1.571685"><ele>1250.4</ele></trkpt>
    <trkpt lat="42.53361" lon="1.571539"><ele>1251.5</ele></trkpt>
    <trkpt lat="42.533399" lon="1.57062"><ele>1257.7</ele></trkpt>
    <trkpt lat="42.533415" lon="1.570479"><ele>1258.7</ele></trkpt>
    <trkpt lat="42.533532" lon="1.570237"><ele>1260.6</ele></trkpt>
    <trkpt lat="42.533516" lon="1.570088"><ele>1261.6</ele></trkpt>
    <trkpt lat="42.533432" lon="1.569956"><ele>1262.7</ele></trkpt>
    <trkpt lat="42.533268" lon="1.569824"><ele>1264.3</ele></trkpt>
    <trkpt lat="42.532937" lon="1.569864"><ele>1267</ele></trkpt>
    <trkpt lat="42.532865" lon="1.569827"><ele>1267.8</ele></trkpt>
    <trkpt lat="42.532675" lon="1.569605"><ele>1270.6</ele></trkpt>
    <trkpt lat="42.532504" lon="1.56956"><ele>1272.6</ele></trkpt>
    <trkpt lat="42.532214" lon="1.569579"><ele>1276.1</ele></trkpt>
    <trkpt lat="42.532121" lon="1.569505"><ele>1277.4</ele></trkpt>
    <trkpt lat="42.532063" lon="1.569385"><ele>1278.6</ele></trkpt>
    <trkpt lat="42.532057" lon="1.569246"><ele>1279.9</ele></trkpt>
    <trkpt lat="42.532082" lon="1.569123"><ele>1281</ele></trkpt>
    <trkpt lat="42.532576" lon="1.568693"><ele>1287.9</ele></trkpt>
    <trkpt lat="42.532787" lon="1.568593"><ele>1290.7</ele></trkpt>
    <trkpt lat="42.533003" lon="1.568539"><ele>1293.2</ele></trkpt>
    <trkpt lat="42.53304" lon="1.568478"><ele>1293.8</ele></trkpt>
    <trkpt lat="42.533046" lon="1.568391"><ele>1294.3</ele></trkpt>
    <trkpt lat="42.532968" lon="1.568297"><ele>1295.1</ele></trkpt>
    <trkpt lat="42.532069" lon="1.568016"><ele>1299.1</ele></trkpt>
    <trkpt lat="42.531822" lon="1.567885"><ele>1300</ele></trkpt>
    <trkpt lat="42.531571" lon="1.567682"><ele>1301.2</ele></trkpt>
    <trkpt lat="42.531488" lon="1.567558"><ele>1301.8</ele></trkpt>
    <trkpt lat="42.531457" lon="1.567328"><ele>1302.7</ele></trkpt>
    <trkpt lat="42.531463" lon="1.566761"><ele>1305.8</ele></trkpt>
    <trkpt lat="42.531547" lon="1.56643"><ele>1309.1</ele></trkpt>
    <trkpt lat="42.531979" lon="1.565603"><ele>1316.4</ele></trkpt>
    <trkpt lat="42.532082" lon="1.565384"><ele>1318.2</ele></trkpt>
    <trkpt lat="42.532077" lon="1.565266"><ele>1319.2</ele></trkpt>
    <trkpt lat="42.532007" lon="1.565193"><ele>1320.1</ele></trkpt>
    <trkpt lat="42.531803" lon="1.565236"><ele>1322.5</ele></trkpt>
    <trkpt lat="42.531691" lon="1.565202"><ele>1323.8</ele></trkpt>
    <trkpt lat="42.531626" lon="1.565144"><ele>1324.8</ele></trkpt>
    <trkpt lat="42.531499" lon="1.565076"><ele>1326.8</ele></trkpt>
    <trkpt lat="42.531456" lon="1.565004"><ele>1327.8</ele></trkpt>
    <trkpt lat="42.531447" lon="1.564764"><ele>1330.8</ele></trkpt>
    <trkpt lat="42.531488" lon="1.564651"><ele>1332.4</ele></trkpt>
    <trkpt lat="42.531594" lon="1.564609"><ele>1334.1</ele></trkpt>
    <trkpt lat="42.531943" lon="1.564654"><ele>1338.1</ele></trkpt>
    <trkpt lat="42.532054" lon="1.564641"><ele>1339.5</ele></trkpt>
    <trkpt lat="42.532151" lon="1.56458"><ele>1340.9</ele></trkpt>
    <trkpt lat="42.532196" lon="1.564459"><ele>1342.3</ele></trkpt>
    <trkpt lat="42.532259" lon="1.564301"><ele>1344.4</ele></trkpt>
    <trkpt lat="42.532476" lon="1.564143"><ele>1348.2</ele></trkpt>
    <trkpt lat="42.532458" lon="1.564056"><ele>1349</ele></trkpt>
    <trkpt lat="42.532354" lon="1.564065"><ele>1350.6</ele></trkpt>
    <trkpt lat="42.532083" lon="1.564228"><ele>1354.7</ele></trkpt>
    <trkpt lat="42.532001" lon="1.564213"><ele>1355.7</ele></trkpt>
    <trkpt lat="42.531905" lon="1.564106"><ele>1357.5</ele></trkpt>
    <trkpt lat="42.531648" lon="1.563586"><ele>1363.3</ele></trkpt>
    <trkpt lat="42.531327" lon="1.563097"><ele>1368</ele></trkpt>
    <trkpt lat="42.531191" lon="1.562779"><ele>1371.4</ele></trkpt>
    <trkpt lat="42.531203" lon="1.562678"><ele>1372.4</ele></trkpt>
    <trkpt lat="42.531234" lon="1.562654"><ele>1373</ele></trkpt>
    <trkpt lat="42.531285" lon="1.56267"><ele>1373.6</ele></trkpt>
    <trkpt lat="42.531397" lon="1.562863"><ele>1376.3</ele></trkpt>
    <trkpt lat="42.531485" lon="1.562933"><ele>1377.9</ele></trkpt>
    <trkpt lat="42.531871" lon="1.563127"><ele>1385.3</ele></trkpt>
    <trkpt lat="42.532019" lon="1.563265"><ele>1388.8</ele></trkpt>
    <trkpt lat="42.532107" lon="1.563291"><ele>1390.4</ele></trkpt>
    <trkpt lat="42.532484" lon="1.563134"><ele>1398.6</ele></trkpt>
    <trkpt lat="42.53259" lon="1.562941"><ele>1403.2</ele></trkpt>
    <trkpt lat="42.532862" lon="1.562305"><ele>1418.5</ele></trkpt>
    <trkpt lat="42.533049" lon="1.562006"><ele>1425.2</ele></trkpt>
    <trkpt lat="42.533199" lon="1.561827"><ele>1428.9</ele></trkpt>
    <trkpt lat="42.533373" lon="1.561528"><ele>1432.7</ele></trkpt>
    <trkpt lat="42.533369" lon="1.561453"><ele>1433.3</ele></trkpt>
    <trkpt lat="42.533342" lon="1.561416"><ele>1433.6</ele></trkpt>
    <trkpt lat="42.533271" lon="1.561404"><ele>1434.2</ele></trkpt>
    <trkpt lat="42.533196" lon="1.561435"><ele>1434.8</ele></trkpt>
    <trkpt lat="42.533153" lon="1.561486"><ele>1435.2</ele></trkpt>
    <trkpt lat="42.533119" lon="1.561641"><ele>1435.8</ele></trkpt>
    <trkpt lat="42.533073" lon="1.561707"><ele>1436.1</ele></trkpt>
    <trkpt lat="42.53294" lon="1.561845"><ele>1436.5</ele></trkpt>
    <trkpt lat="42.532694" lon="1.56201"><ele>1436.7</ele></trkpt>
    <trkpt lat="42.532331" lon="1.562118"><ele>1436.2</ele></trkpt>
    <trkpt lat="42.532028" lon="1.562103"><ele>1436.4</ele></trkpt>
    <trkpt lat="42.532004" lon="1.562036"><ele>1436.6</ele></trkpt>
    <trkpt lat="42.532029" lon="1.56197"><ele>1436.8</ele></trkpt>
    <trkpt lat="42.532273" lon="1.561905"><ele>1438</ele></trkpt>
    <trkpt lat="42.532647" lon="1.561635"><ele>1441.8</ele></trkpt>
    <trkpt lat="42.532665" lon="1.561543"><ele>1442.7</ele></trkpt>
    <trkpt lat="42.532624" lon="1.561488"><ele>1443.4</ele></trkpt>
    <trkpt lat="42.532415" lon="1.561561"><ele>1446.4</ele></trkpt>
    <trkpt lat="42.532173" lon="1.561555"><ele>1450.4</ele></trkpt>
    <trkpt lat="42.531934" lon="1.561494"><ele>1454.7</ele></trkpt>
    <trkpt lat="42.531806" lon="1.561408"><ele>1457.4</ele></trkpt>
    <trkpt lat="42.531751" lon="1.5613"><ele>1459.3</ele></trkpt>
    <trkpt lat="42.531693" lon="1.561051"><ele>1463.1</ele></trkpt>
    <trkpt lat="42.531683" lon="1.560965"><ele>1464.4</ele></trkpt>
    <trkpt lat="42.531719" lon="1.560718"><ele>1468</ele></trkpt>
    <trkpt lat="42.531706" lon="1.560642"><ele>1469.1</ele></trkpt>
    <trkpt lat="42.531194" lon="1.559857"><ele>1481.4</ele></trkpt>
    <trkpt lat="42.531188" lon="1.559745"><ele>1482.4</ele></trkpt>
    <trkpt lat="42.531253" lon="1.55972"><ele>1483.2</ele></trkpt>
    <trkpt lat="42.531429" lon="1.559929"><ele>1485.6</ele></trkpt>
    <trkpt lat="42.531669" lon="1.560034"><ele>1487.9</ele></trkpt>
    <trkpt lat="42.531873" lon="1.560307"><ele>1490.4</ele></trkpt>
    <trkpt lat="42.532045" lon="1.560348"><ele>1491.8</ele></trkpt>
    <trkpt lat="42.532255" lon="1.560329"><ele>1493.4</ele></trkpt>
    <trkpt lat="42.532333" lon="1.560218"><ele>1494.5</ele></trkpt>
    <trkpt lat="42.532338" lon="1.560034"><ele>1495.9</ele></trkpt>
    <trkpt lat="42.532324" lon="1.559947"><ele>1496.6</ele></trkpt>
    <trkpt lat="42.532213" lon="1.5597"><ele>1499.1</ele></trkpt>
    <trkpt lat="42.532221" lon="1.559616"><ele>1499.9</ele></trkpt>
    <trkpt lat="42.53229" lon="1.559567"><ele>1500.9</ele></trkpt>
    <trkpt lat="42.532492" lon="1.559574"><ele>1503.8</ele></trkpt>
    <trkpt lat="42.532579" lon="1.559523"><ele>1505.2</ele></trkpt>
    <trkpt lat="42.532626" lon="1.559458"><ele>1506.1</ele></trkpt>
    <trkpt lat="42.532662" lon="1.559255"><ele>1508.3</ele></trkpt>
    <trkpt lat="42.532686" lon="1.559168"><ele>1509.4</ele></trkpt>
    <trkpt lat="42.532735" lon="1.559147"><ele>1510.1</ele></trkpt>
    <trkpt lat="42.53287" lon="1.559164"><ele>1512</ele></trkpt>
    <trkpt lat="42.533182" lon="1.559278"><ele>1516</ele></trkpt>
    <trkpt lat="42.533287" lon="1.55927"><ele>1517.1</ele></trkpt>
    <trkpt lat="42.533331" lon="1.559225"><ele>1517.7</ele></trkpt>
    <trkpt lat="42.533344" lon="1.559133"><ele>1518.3</ele></trkpt>
    <trkpt lat="42.533312" lon="1.559058"><ele>1518.9</ele></trkpt>
    <trkpt lat="42.533266" lon="1.559016"><ele>1519.4</ele></trkpt>
    <trkpt lat="42.533068" lon="1.558866"><ele>1521.2</ele></trkpt>
    <trkpt lat="42.532841" lon="1.55877"><ele>1522.6</ele></trkpt>
    <trkpt lat="42.531892" lon="1.558618"><ele>1530.3</ele></trkpt>
    <trkpt lat="42.531527" lon="1.558569"><ele>1534.1</ele></trkpt>
    <trkpt lat="42.53138" lon="1.558522"><ele>1535.8</ele></trkpt>
    <trkpt lat="42.531216" lon="1.558439"><ele>1537.9</ele></trkpt>
    <trkpt lat="42.530923" lon="1.558159"><ele>1542.4</ele></trkpt>
    <trkpt lat="42.530841" lon="1.558133"><ele>1543.4</ele></trkpt>
    <trkpt lat="42.530623" lon="1.558225"><ele>1546.4</ele></trkpt>
    <trkpt lat="42.530219" lon="1.558489"><ele>1552.1</ele></trkpt>
    <trkpt lat="42.530141" lon="1.558434"><ele>1553</ele></trkpt>
    <trkpt lat="42.530142" lon="1.558378"><ele>1553.4</ele></trkpt>
    <trkpt lat="42.530312" lon="1.558125"><ele>1555.7</ele></trkpt>
    <trkpt lat="42.530783" lon="1.557594"><ele>1561</ele></trkpt>
    <trkpt lat="42.531012" lon="1.557675"><ele>1563</ele></trkpt>
    <trkpt lat="42.531322" lon="1.557692"><ele>1565.9</ele></trkpt>
    <trkpt lat="42.531418" lon="1.557662"><ele>1566.8</ele></trkpt>
    <trkpt lat="42.531447" lon="1.557623"><ele>1567.2</ele></trkpt>
    <trkpt lat="42.531453" lon="1.557523"><ele>1568</ele></trkpt>
    <trkpt lat="42.531322" lon="1.557352"><ele>1569.9</ele></trkpt>
    <trkpt lat="42.53122" lon="1.556989"><ele>1573</ele></trkpt>
    <trkpt lat="42.531223" lon="1.556901"><ele>1573.7</ele></trkpt>
    <trkpt lat="42.53125" lon="1.556868"><ele>1574.1</ele></trkpt>
    <trkpt lat="42.531316" lon="1.556872"><ele>1574.8</ele></trkpt>
    <trkpt lat="42.531433" lon="1.557105"><ele>1577.1</ele></trkpt>
    <trkpt lat="42.531497" lon="1.557117"><ele>1577.9</ele></trkpt>
    <trkpt lat="42.531521" lon="1.557084"><ele>1578.2</ele></trkpt>
    <trkpt lat="42.531528" lon="1.556883"><ele>1579.9</ele></trkpt>
    <trkpt lat="42.531579" lon="1.556716"><ele>1581.3</ele></trkpt>
    <trkpt lat="42.531552" lon="1.556469"><ele>1583.2</ele></trkpt>
    <trkpt lat="42.53149" lon="1.556243"><ele>1584.8</ele></trkpt>
    <trkpt lat="42.531289" lon="1.555808"><ele>1588.1</ele></trkpt>
    <trkpt lat="42.531291" lon="1.555751"><ele>1588.5</ele></trkpt>
    <trkpt lat="42.53134" lon="1.555682"><ele>1589.1</ele></trkpt>
    <trkpt lat="42.531413" lon="1.555677"><ele>1589.7</ele></trkpt>
    <trkpt lat="42.531486" lon="1.555741"><ele>1590.4</ele></trkpt>
    <trkpt lat="42.531646" lon="1.556158"><ele>1593</ele></trkpt>
    <trkpt lat="42.531771" lon="1.5563"><ele>1594.3</ele></trkpt>
    <trkpt lat="42.531835" lon="1.556436"><ele>1595.2</ele></trkpt>
    <trkpt lat="42.531941" lon="1.556577"><ele>1596.4</ele></trkpt>
    <trkpt lat="42.531981" lon="1.556603"><ele>1596.8</ele></trkpt>
    <trkpt lat="42.532102" lon="1.556571"><ele>1597.8</ele></trkpt>
    <trkpt lat="42.532221" lon="1.55645"><ele>1599</ele></trkpt>
    <trkpt lat="42.532247" lon="1.556367"><ele>1599.6</ele></trkpt>
    <trkpt lat="42.532231" lon="1.5562"><ele>1600.6</ele></trkpt>
    <trkpt lat="42.532202" lon="1.556138"><ele>1601.1</ele></trkpt>
    <trkpt lat="42.531964" lon="1.555798"><ele>1604.3</ele></trkpt>
    <trkpt lat="42.531818" lon="1.555497"><ele>1606.8</ele></trkpt>
    <trkpt lat="42.531656" lon="1.554941"><ele>1610.7</ele></trkpt>
    <trkpt lat="42.531587" lon="1.554825"><ele>1611.7</ele></trkpt>
    <trkpt lat="42.5315" lon="1.55473"><ele>1612.7</ele></trkpt>
    <trkpt lat="42.531328" lon="1.554626"><ele>1614.5</ele></trkpt>
    <trkpt lat="42.530853" lon="1.554565"><ele>1619.7</ele></trkpt>
    <trkpt lat="42.530539" lon="1.554494"><ele>1624.2</ele></trkpt>
    <trkpt lat="42.530087" lon="1.554296"><ele>1631.3</ele></trkpt>
    <trkpt lat="42.529997" lon="1.554234"><ele>1632.8</ele></trkpt>
    <trkpt lat="42.52993" lon="1.55419"><ele>1633.9</ele></trkpt>
    <trkpt lat="42.529796" lon="1.554114"><ele>1635.9</ele></trkpt>
    <trkpt lat="42.529469" lon="1.554148"><ele>1639.9</ele></trkpt>
    <trkpt lat="42.52928" lon="1.55412"><ele>1641.8</ele></trkpt>
    <trkpt lat="42.529177" lon="1.554012"><ele>1642.8</ele></trkpt>
    <trkpt lat="42.529128" lon="1.553823"><ele>1643.8</ele></trkpt>
    <trkpt lat="42.52913" lon="1.553696"><ele>1644.4</ele></trkpt>
    <trkpt lat="42.529165" lon="1.553566"><ele>1644.9</ele></trkpt>
    <trkpt lat="42.529233" lon="1.553472"><ele>1645.3</ele></trkpt>
    <trkpt lat="42.529345" lon="1.553414"><ele>1645.7</ele></trkpt>
    <trkpt lat="42.529443" lon="1.553405"><ele>1645.9</ele></trkpt>
    <trkpt lat="42.529527" lon="1.553439"><ele>1646.1</ele></trkpt>
    <trkpt lat="42.529863" lon="1.553633"><ele>1646.5</ele></trkpt>
    <trkpt lat="42.529932" lon="1.553673"><ele>1646.6</ele></trkpt>
    <trkpt lat="42.530136" lon="1.5537"><ele>1646.6</ele></trkpt>
    <trkpt lat="42.530246" lon="1.553677"><ele>1646.6</ele></trkpt>
    <trkpt lat="42.530615" lon="1.553482"><ele>1646.4</ele></trkpt>
    <trkpt lat="42.530857" lon="1.553409"><ele>1646.5</ele></trkpt>
    <trkpt lat="42.53109" lon="1.553411"><ele>1646.8</ele></trkpt>
    <trkpt lat="42.531307" lon="1.55347"><ele>1647.1</ele></trkpt>
    <trkpt lat="42.531592" lon="1.553664"><ele>1647.3</ele></trkpt>
    <trkpt lat="42.53204" lon="1.554133"><ele>1647.3</ele></trkpt>
    <trkpt lat="42.532133" lon="1.554257"><ele>1647.7</ele></trkpt>
    <trkpt lat="42.532379" lon="1.554767"><ele>1650</ele></trkpt>
    <trkpt lat="42.532499" lon="1.55495"><ele>1651</ele></trkpt>
    <trkpt lat="42.532573" lon="1.555019"><ele>1651.5</ele></trkpt>
    <trkpt lat="42.532682" lon="1.555074"><ele>1652.2</ele></trkpt>
    <trkpt lat="42.532832" lon="1.555078"><ele>1653.1</ele></trkpt>
    <trkpt lat="42.532931" lon="1.555008"><ele>1653.8</ele></trkpt>
    <trkpt lat="42.53295" lon="1.554903"><ele>1654.4</ele></trkpt>
    <trkpt lat="42.532922" lon="1.554802"><ele>1654.9</ele></trkpt>
    <trkpt lat="42.532646" lon="1.554609"><ele>1657.1</ele></trkpt>
    <trkpt lat="42.532467" lon="1.554398"><ele>1658.9</ele></trkpt>
    <trkpt lat="42.532107" lon="1.553719"><ele>1664.6</ele></trkpt>
    <trkpt lat="42.531776" lon="1.552917"><ele>1671.3</ele></trkpt>
    <trkpt lat="42.531617" lon="1.552689"><ele>1673.4</ele></trkpt>
    <trkpt lat="42.531425" lon="1.552544"><ele>1675.4</ele></trkpt>
    <trkpt lat="42.5311" lon="1.55242"><ele>1678.1</ele></trkpt>
    <trkpt lat="42.530805" lon="1.552397"><ele>1680.4</ele></trkpt>
    <trkpt lat="42.530431" lon="1.552453"><ele>1683</ele></trkpt>
    <trkpt lat="42.530238" lon="1.552388"><ele>1684.1</ele></trkpt>
    <trkpt lat="42.529939" lon="1.552108"><ele>1686.7</ele></trkpt>
    <trkpt lat="42.529554" lon="1.551477"><ele>1693.5</ele></trkpt>
    <trkpt lat="42.529387" lon="1.55133"><ele>1696</ele></trkpt>
    <trkpt lat="42.528965" lon="1.551126"><ele>1700.7</ele></trkpt>
    <trkpt lat="42.52889" lon="1.551099"><ele>1701.3</ele></trkpt>
    <trkpt lat="42.528579" lon="1.551086"><ele>1702.9</ele></trkpt>
    <trkpt lat="42.528327" lon="1.551127"><ele>1703</ele></trkpt>
    <trkpt lat="42.528235" lon="1.551177"><ele>1702.8</ele></trkpt>
    <trkpt lat="42.527831" lon="1.551746"><ele>1702.1</ele></trkpt>
    <trkpt lat="42.527569" lon="1.552002"><ele>1703</ele></trkpt>
    <trkpt lat="42.527495" lon="1.55203"><ele>1703.4</ele></trkpt>
    <trkpt lat="42.5274" lon="1.55198"><ele>1704</ele></trkpt>
    <trkpt lat="42.52737" lon="1.551897"><ele>1704.5</ele></trkpt>
    <trkpt lat="42.527379" lon="1.551725"><ele>1705.6</ele></trkpt>
    <trkpt lat="42.527417" lon="1.551638"><ele>1706.4</ele></trkpt>
    <trkpt lat="42.527655" lon="1.551328"><ele>1710.7</ele></trkpt>
    <trkpt lat="42.527689" lon="1.551139"><ele>1713</ele></trkpt>
    <trkpt lat="42.527702" lon="1.550762"><ele>1718.1</ele></trkpt>
    <trkpt lat="42.527743" lon="1.550563"><ele>1721.3</ele></trkpt>
    <trkpt lat="42.527786" lon="1.550477"><ele>1723</ele></trkpt>
    <trkpt lat="42.528253" lon="1.550029"><ele>1733.5</ele></trkpt>
    <trkpt lat="42.528437" lon="1.549935"><ele>1736</ele></trkpt>
    <trkpt lat="42.528508" lon="1.549917"><ele>1736.8</ele></trkpt>
    <trkpt lat="42.528889" lon="1.549764"><ele>1740.1</ele></trkpt>
    <trkpt lat="42.529031" lon="1.549678"><ele>1741</ele></trkpt>
    <trkpt lat="42.529516" lon="1.549666"><ele>1742.9</ele></trkpt>
    <trkpt lat="42.529668" lon="1.549721"><ele>1743.5</ele></trkpt>
    <trkpt lat="42.529738" lon="1.549778"><ele>1743.9</ele></trkpt>
    <trkpt lat="42.530315" lon="1.550391"><ele>1747.8</ele></trkpt>
    <trkpt lat="42.530401" lon="1.550449"><ele>1748.5</ele></trkpt>
    <trkpt lat="42.530518" lon="1.550457"><ele>1749.4</ele></trkpt>
    <trkpt lat="42.530575" lon="1.550328"><ele>1750.4</ele></trkpt>
    <trkpt lat="42.530574" lon="1.550241"><ele>1751</ele></trkpt>
    <trkpt lat="42.530533" lon="1.550128"><ele>1751.9</ele></trkpt>
    <trkpt lat="42.53014" lon="1.549847"><ele>1757.1</ele></trkpt>
    <trkpt lat="42.52961" lon="1.549043"><ele>1767</ele></trkpt>
    <trkpt lat="42.529541" lon="1.548979"><ele>1768</ele></trkpt>
    <trkpt lat="42.528927" lon="1.548692"><ele>1774.8</ele></trkpt>
    <trkpt lat="42.528632" lon="1.548758"><ele>1777.6</ele></trkpt>
    <trkpt lat="42.528436" lon="1.548724"><ele>1779.2</ele></trkpt>
    <trkpt lat="42.528076" lon="1.548406"><ele>1782.2</ele></trkpt>
    <trkpt lat="42.527892" lon="1.548438"><ele>1783.7</ele></trkpt>
    <trkpt lat="42.527586" lon="1.548696"><ele>1786.6</ele></trkpt>
    <trkpt lat="42.527208" lon="1.548885"><ele>1789</ele></trkpt>
    <trkpt lat="42.527111" lon="1.548886"><ele>1789.5</ele></trkpt>
    <trkpt lat="42.527063" lon="1.54883"><ele>1789.7</ele></trkpt>
    <trkpt lat="42.527073" lon="1.548696"><ele>1790</ele></trkpt>
    <trkpt lat="42.527205" lon="1.548553"><ele>1790.2</ele></trkpt>
    <trkpt lat="42.527424" lon="1.54841"><ele>1789.9</ele></trkpt>
    <trkpt lat="42.527521" lon="1.548314"><ele>1789.5</ele></trkpt>
    <trkpt lat="42.527689" lon="1.548071"><ele>1788.4</ele></trkpt>
    <trkpt lat="42.527742" lon="1.547933"><ele>1787.8</ele></trkpt>
    <trkpt lat="42.527751" lon="1.54791"><ele>1787.6</ele></trkpt>
    <trkpt lat="42.528482" lon="1.546169"><ele>1774.1</ele></trkpt>
    <trkpt lat="42.528597" lon="1.545997"><ele>1773.1</ele></trkpt>
    <trkpt lat="42.528877" lon="1.545911"><ele>1771.9</ele></trkpt>
    <trkpt lat="42.529209" lon="1.545877"><ele>1771.1</ele></trkpt>
    <trkpt lat="42.529353" lon="1.545821"><ele>1771</ele></trkpt>
    <trkpt lat="42.529769" lon="1.54587"><ele>1771</ele></trkpt>
    <trkpt lat="42.530228" lon="1.546041"><ele>1770</ele></trkpt>
    <trkpt lat="42.530641" lon="1.546171"><ele>1768</ele></trkpt>
    <trkpt lat="42.530739" lon="1.546178"><ele>1767.4</ele></trkpt>
    <trkpt lat="42.53087" lon="1.54614"><ele>1766.6</ele></trkpt>
    <trkpt lat="42.531031" lon="1.546074"><ele>1765.7</ele></trkpt>
    <trkpt lat="42.531815" lon="1.545576"><ele>1760.1</ele></trkpt>
    <trkpt lat="42.532017" lon="1.545492"><ele>1758.7</ele></trkpt>
    <trkpt lat="42.532193" lon="1.545461"><ele>1757.5</ele></trkpt>
    <trkpt lat="42.53335" lon="1.545652"><ele>1751.6</ele></trkpt>
    <trkpt lat="42.533971" lon="1.545657"><ele>1749.3</ele></trkpt>
    <trkpt lat="42.534589" lon="1.545592"><ele>1747.6</ele></trkpt>
    <trkpt lat="42.534687" lon="1.545612"><ele>1747.4</ele></trkpt>
    <trkpt lat="42.534936" lon="1.545788"><ele>1746.8</ele></trkpt>
    <trkpt lat="42.535183" lon="1.546072"><ele>1746</ele></trkpt>
    <trkpt lat="42.535494" lon="1.546579"><ele>1744.9</ele></trkpt>
    <trkpt lat="42.535963" lon="1.547145"><ele>1743</ele></trkpt>
    <trkpt lat="42.536163" lon="1.547324"><ele>1742.1</ele></trkpt>
    <trkpt lat="42.536887" lon="1.547716"><ele>1739.4</ele></trkpt>
    <trkpt lat="42.537119" lon="1.547919"><ele>1739</ele></trkpt>
    <trkpt lat="42.537343" lon="1.548217"><ele>1738.5</ele></trkpt>
    <trkpt lat="42.53778" lon="1.549025"><ele>1734.7</ele></trkpt>
    <trkpt lat="42.537919" lon="1.549148"><ele>1733.8</ele></trkpt>
    <trkpt lat="42.538004" lon="1.549135"><ele>1733.3</ele></trkpt>
    <trkpt lat="42.538037" lon="1.549078"><ele>1732.9</ele></trkpt>
    <trkpt lat="42.538035" lon="1.548964"><ele>1732.3</ele></trkpt>
    <trkpt lat="42.537671" lon="1.548326"><ele>1727.1</ele></trkpt>
    <trkpt lat="42.537523" lon="1.547943"><ele>1723.5</ele></trkpt>
    <trkpt lat="42.537212" lon="1.547307"><ele>1718.8</ele></trkpt>
    <trkpt lat="42.537127" lon="1.547142"><ele>1717.8</ele></trkpt>
    <trkpt lat="42.536733" lon="1.546635"><ele>1713.7</ele></trkpt>
    <trkpt lat="42.536518" lon="1.546304"><ele>1710.7</ele></trkpt>
    <trkpt lat="42.53632" lon="1.545776"><ele>1706</ele></trkpt>
    <trkpt lat="42.536279" lon="1.545623"><ele>1704.5</ele></trkpt>
    <trkpt lat="42.536248" lon="1.545332"><ele>1701.5</ele></trkpt>
    <trkpt lat="42.536268" lon="1.545209"><ele>1700.2</ele></trkpt>
    <trkpt lat="42.536402" lon="1.544814"><ele>1695.1</ele></trkpt>
    <trkpt lat="42.536397" lon="1.544582"><ele>1692.2</ele></trkpt>
    <trkpt lat="42.536313" lon="1.544218"><ele>1687.7</ele></trkpt>
    <trkpt lat="42.536173" lon="1.542966"><ele>1676.7</ele></trkpt>
    <trkpt lat="42.536106" lon="1.542796"><ele>1675.7</ele></trkpt>
    <trkpt lat="42.536033" lon="1.542723"><ele>1675.1</ele></trkpt>
    <trkpt lat="42.535957" lon="1.542699"><ele>1674.5</ele></trkpt>
    <trkpt lat="42.535137" lon="1.542704"><ele>1670</ele></trkpt>
    <trkpt lat="42.533979" lon="1.542517"><ele>1665.2</ele></trkpt>
    <trkpt lat="42.533253" lon="1.542273"><ele>1663.1</ele></trkpt>
    <trkpt lat="42.532703" lon="1.541975"><ele>1661.6</ele></trkpt>
    <trkpt lat="42.532433" lon="1.541678"><ele>1660</ele></trkpt>
    <trkpt lat="42.53239" lon="1.541577"><ele>1659.5</ele></trkpt>
    <trkpt lat="42.532382" lon="1.541496"><ele>1659</ele></trkpt>
    <trkpt lat="42.532387" lon="1.541417"><ele>1658.6</ele></trkpt>
    <trkpt lat="42.532441" lon="1.541345"><ele>1658.1</ele></trkpt>
    <trkpt lat="42.532542" lon="1.541382"><ele>1657.2</ele></trkpt>
    <trkpt lat="42.532707" lon="1.541493"><ele>1655.4</ele></trkpt>
    <trkpt lat="42.532911" lon="1.541551"><ele>1653</ele></trkpt>
    <trkpt lat="42.533151" lon="1.541517"><ele>1649.8</ele></trkpt>
    <trkpt lat="42.533538" lon="1.541385"><ele>1644</ele></trkpt>
    <trkpt lat="42.533608" lon="1.541336"><ele>1642.8</ele></trkpt>
    <trkpt lat="42.533943" lon="1.540942"><ele>1636.3</ele></trkpt>
    <trkpt lat="42.534315" lon="1.540787"><ele>1631.3</ele></trkpt>
    <trkpt lat="42.534599" lon="1.54076"><ele>1628.1</ele></trkpt>
    <trkpt lat="42.534942" lon="1.540856"><ele>1624.8</ele></trkpt>
    <trkpt lat="42.535241" lon="1.540829"><ele>1622.1</ele></trkpt>
    <trkpt lat="42.535572" lon="1.540758"><ele>1619.1</ele></trkpt>
    <trkpt lat="42.535937" lon="1.540538"><ele>1615.1</ele></trkpt>
    <trkpt lat="42.53627" lon="1.540432"><ele>1611.5</ele></trkpt>
    <trkpt lat="42.536665" lon="1.540206"><ele>1607.5</ele></trkpt>
    <trkpt lat="42.536848" lon="1.540128"><ele>1606</ele></trkpt>
    <trkpt lat="42.53713" lon="1.54006"><ele>1604.3</ele></trkpt>
    <trkpt lat="42.53724" lon="1.539969"><ele>1603.7</ele></trkpt>
    <trkpt lat="42.537331" lon="1.539943"><ele>1603.3</ele></trkpt>
    <trkpt lat="42.537401" lon="1.540065"><ele>1602.8</ele></trkpt>
    <trkpt lat="42.537489" lon="1.540416"><ele>1601.9</ele></trkpt>
    <trkpt lat="42.537637" lon="1.540868"><ele>1601</ele></trkpt>
    <trkpt lat="42.537916" lon="1.541487"><ele>1598.9</ele></trkpt>
    <trkpt lat="42.538098" lon="1.541823"><ele>1597.3</ele></trkpt>
    <trkpt lat="42.538248" lon="1.542383"><ele>1594</ele></trkpt>
    <trkpt lat="42.538307" lon="1.542442"><ele>1593.4</ele></trkpt>
    <trkpt lat="42.538381" lon="1.542389"><ele>1592.7</ele></trkpt>
    <trkpt lat="42.538402" lon="1.542249"><ele>1591.7</ele></trkpt>
    <trkpt lat="42.538326" lon="1.541748"><ele>1588</ele></trkpt>
    <trkpt lat="42.538105" lon="1.541066"><ele>1582.2</ele></trkpt>
    <trkpt lat="42.538134" lon="1.539498"><ele>1567.7</ele></trkpt>
    <trkpt lat="42.538065" lon="1.539238"><ele>1565.3</ele></trkpt>
    <trkpt lat="42.537986" lon="1.539066"><ele>1563.8</ele></trkpt>
    <trkpt lat="42.537767" lon="1.538727"><ele>1561.1</ele></trkpt>
    <trkpt lat="42.537646" lon="1.538641"><ele>1560.2</ele></trkpt>
    <trkpt lat="42.537515" lon="1.538615"><ele>1559.3</ele></trkpt>
    <trkpt lat="42.536905" lon="1.538679"><ele>1556.1</ele></trkpt>
    <trkpt lat="42.536711" lon="1.538647"><ele>1555.5</ele></trkpt>
    <trkpt lat="42.535992" lon="1.53812"><ele>1553.2</ele></trkpt>
    <trkpt lat="42.535381" lon="1.537876"><ele>1548.7</ele></trkpt>
    <trkpt lat="42.53518" lon="1.537841"><ele>1546.9</ele></trkpt>
    <trkpt lat="42.535125" lon="1.537762"><ele>1546.1</ele></trkpt>
    <trkpt lat="42.535117" lon="1.537648"><ele>1545.5</ele></trkpt>
    <trkpt lat="42.535291" lon="1.53671"><ele>1541.9</ele></trkpt>
    <trkpt lat="42.535284" lon="1.536553"><ele>1540.8</ele></trkpt>
    <trkpt lat="42.535255" lon="1.536456"><ele>1540.1</ele></trkpt>
    <trkpt lat="42.535204" lon="1.536394"><ele>1539.3</ele></trkpt>
    <trkpt lat="42.535075" lon="1.536335"><ele>1537.7</ele></trkpt>
    <trkpt lat="42.534822" lon="1.53633"><ele>1534.7</ele></trkpt>
    <trkpt lat="42.53472" lon="1.536301"><ele>1533.6</ele></trkpt>
    <trkpt lat="42.5347" lon="1.536249"><ele>1533</ele></trkpt>
    <trkpt lat="42.534703" lon="1.536238"><ele>1532.9</ele></trkpt>
    <trkpt lat="42.53473" lon="1.536136"><ele>1532</ele></trkpt>
    <trkpt lat="42.534767" lon="1.5361"><ele>1531.5</ele></trkpt>
    <trkpt lat="42.535086" lon="1.536019"><ele>1527.6</ele></trkpt>
    <trkpt lat="42.535202" lon="1.53599"><ele>1526.3</ele></trkpt>
    <trkpt lat="42.53527" lon="1.536004"><ele>1525.5</ele></trkpt>
    <trkpt lat="42.53536" lon="1.536074"><ele>1524.3</ele></trkpt>
    <trkpt lat="42.535487" lon="1.536243"><ele>1521.8</ele></trkpt>
    <trkpt lat="42.53554" lon="1.536241"><ele>1521</ele></trkpt>
    <trkpt lat="42.535576" lon="1.53624"><ele>1520.5</ele></trkpt>
    <trkpt lat="42.535611" lon="1.536144"><ele>1519.1</ele></trkpt>
    <trkpt lat="42.535567" lon="1.53579"><ele>1515.1</ele></trkpt>
    <trkpt lat="42.535648" lon="1.535378"><ele>1511.8</ele></trkpt>
    <trkpt lat="42.535648" lon="1.535221"><ele>1511</ele></trkpt>
    <trkpt lat="42.535613" lon="1.535079"><ele>1510.3</ele></trkpt>
    <trkpt lat="42.535519" lon="1.534947"><ele>1509.5</ele></trkpt>
    <trkpt lat="42.535248" lon="1.534728"><ele>1507.9</ele></trkpt>
    <trkpt lat="42.53487" lon="1.534502"><ele>1505.6</ele></trkpt>
    <trkpt lat="42.534812" lon="1.534422"><ele>1505.1</ele></trkpt>
    <trkpt lat="42.534802" lon="1.534039"><ele>1503.2</ele></trkpt>
    <trkpt lat="42.534732" lon="1.533684"><ele>1500.8</ele></trkpt>
    <trkpt lat="42.53461" lon="1.532201"><ele>1484.1</ele></trkpt>
    <trkpt lat="42.534505" lon="1.531716"><ele>1477.2</ele></trkpt>
    <trkpt lat="42.534401" lon="1.531395"><ele>1471.9</ele></trkpt>
    <trkpt lat="42.534068" lon="1.530734"><ele>1460.5</ele></trkpt>
    <trkpt lat="42.534025" lon="1.530537"><ele>1457.6</ele></trkpt>
    <trkpt lat="42.534007" lon="1.530317"><ele>1454.4</ele></trkpt>
    <trkpt lat="42.53394" lon="1.530118"><ele>1451.2</ele></trkpt>
    <trkpt lat="42.533846" lon="1.530039"><ele>1449.1</ele></trkpt>
    <trkpt lat="42.533774" lon="1.530052"><ele>1447.8</ele></trkpt>
    <trkpt lat="42.533486" lon="1.53022"><ele>1442.1</ele></trkpt>
    <trkpt lat="42.533056" lon="1.530412"><ele>1435.8</ele></trkpt>
    <trkpt lat="42.532972" lon="1.530512"><ele>1434.8</ele></trkpt>
    <trkpt lat="42.532764" lon="1.53094"><ele>1432.6</ele></trkpt>
    <trkpt lat="42.531989" lon="1.532096"><ele>1429.3</ele></trkpt>
    <trkpt lat="42.531883" lon="1.532172"><ele>1428.8</ele></trkpt>
    <trkpt lat="42.531845" lon="1.532162"><ele>1428.7</ele></trkpt>
    <trkpt lat="42.531814" lon="1.53207"><ele>1428.2</ele></trkpt>
    <trkpt lat="42.532137" lon="1.531518"><ele>1423.5</ele></trkpt>
    <trkpt lat="42.532597" lon="1.530319"><ele>1409.7</ele></trkpt>
    <trkpt lat="42.532714" lon="1.530075"><ele>1407.2</ele></trkpt>
    <trkpt lat="42.532921" lon="1.529751"><ele>1403.5</ele></trkpt>
    <trkpt lat="42.533398" lon="1.529175"><ele>1396.5</ele></trkpt>
    <trkpt lat="42.533633" lon="1.528905"><ele>1394</ele></trkpt>
    <trkpt lat="42.533885" lon="1.528466"><ele>1392.1</ele></trkpt>
    <trkpt lat="42.534156" lon="1.528139"><ele>1390.6</ele></trkpt>
    <trkpt lat="42.534312" lon="1.527997"><ele>1390</ele></trkpt>
    <trkpt lat="42.534471" lon="1.527998"><ele>1389.7</ele></trkpt>
    <trkpt lat="42.534546" lon="1.528029"><ele>1389.7</ele></trkpt>
    <trkpt lat="42.535258" lon="1.528823"><ele>1393.5</ele></trkpt>
    <trkpt lat="42.535344" lon="1.528955"><ele>1394.1</ele></trkpt>
    <trkpt lat="42.535419" lon="1.529136"><ele>1394.1</ele></trkpt>
    <trkpt lat="42.535638" lon="1.529922"><ele>1393.5</ele></trkpt>
    <trkpt lat="42.535749" lon="1.53016"><ele>1393.3</ele></trkpt>
    <trkpt lat="42.535976" lon="1.530306"><ele>1392.6</ele></trkpt>
    <trkpt lat="42.536527" lon="1.530545"><ele>1388.8</ele></trkpt>
    <trkpt lat="42.536597" lon="1.530701"><ele>1387.4</ele></trkpt>
    <trkpt lat="42.536591" lon="1.530907"><ele>1385.7</ele></trkpt>
    <trkpt lat="42.536632" lon="1.531002"><ele>1384.7</ele></trkpt>
    <trkpt lat="42.53675" lon="1.531008"><ele>1383.3</ele></trkpt>
    <trkpt lat="42.536806" lon="1.53092"><ele>1382.4</ele></trkpt>
    <trkpt lat="42.536791" lon="1.530797"><ele>1381.6</ele></trkpt>
    <trkpt lat="42.536605" lon="1.530355"><ele>1377.4</ele></trkpt>
    <trkpt lat="42.536369" lon="1.530067"><ele>1373.4</ele></trkpt>
    <trkpt lat="42.536276" lon="1.529841"><ele>1370.7</ele></trkpt>
    <trkpt lat="42.536218" lon="1.529668"><ele>1368.6</ele></trkpt>
    <trkpt lat="42.536152" lon="1.529426"><ele>1366.2</ele></trkpt>
    <trkpt lat="42.536121" lon="1.528957"><ele>1361.6</ele></trkpt>
    <trkpt lat="42.535952" lon="1.528447"><ele>1356</ele></trkpt>
    <trkpt lat="42.535879" lon="1.528271"><ele>1354.1</ele></trkpt>
    <trkpt lat="42.535507" lon="1.527662"><ele>1346.7</ele></trkpt>
    <trkpt lat="42.535246" lon="1.527329"><ele>1342.2</ele></trkpt>
    <trkpt lat="42.53521" lon="1.527204"><ele>1340.9</ele></trkpt>
    <trkpt lat="42.535252" lon="1.527129"><ele>1339.8</ele></trkpt>
    <trkpt lat="42.535336" lon="1.527121"><ele>1338.5</ele></trkpt>
    <trkpt lat="42.53566" lon="1.527519"><ele>1333.1</ele></trkpt>
    <trkpt lat="42.535915" lon="1.527788"><ele>1330.5</ele></trkpt>
    <trkpt lat="42.536215" lon="1.528029"><ele>1327.9</ele></trkpt>
    <trkpt lat="42.53628" lon="1.528121"><ele>1327.1</ele></trkpt>
    <trkpt lat="42.536375" lon="1.528342"><ele>1325.7</ele></trkpt>
    <trkpt lat="42.536449" lon="1.528344"><ele>1325</ele></trkpt>
    <trkpt lat="42.536521" lon="1.528497"><ele>1324.1</ele></trkpt>
    <trkpt lat="42.536851" lon="1.528868"><ele>1321.1</ele></trkpt>
    <trkpt lat="42.536977" lon="1.529172"><ele>1320.5</ele></trkpt>
    <trkpt lat="42.537241" lon="1.529394"><ele>1320.3</ele></trkpt>
    <trkpt lat="42.53755" lon="1.529658"><ele>1319</ele></trkpt>
    <trkpt lat="42.538037" lon="1.530252"><ele>1315.2</ele></trkpt>
    <trkpt lat="42.538139" lon="1.530302"><ele>1314.7</ele></trkpt>
    <trkpt lat="42.538262" lon="1.53024"><ele>1314</ele></trkpt>
    <trkpt lat="42.53831" lon="1.530112"><ele>1313.5</ele></trkpt>
    <trkpt lat="42.538311" lon="1.530036"><ele>1313.2</ele></trkpt>
    <trkpt lat="42.538252" lon="1.529698"><ele>1311.9</ele></trkpt>
    <trkpt lat="42.538093" lon="1.528692"><ele>1305.1</ele></trkpt>
    <trkpt lat="42.538098" lon="1.528564"><ele>1304.1</ele></trkpt>
    <trkpt lat="42.538209" lon="1.528043"><ele>1301</ele></trkpt>
    <trkpt lat="42.538212" lon="1.527815"><ele>1299.9</ele></trkpt>
    <trkpt lat="42.538201" lon="1.526966"><ele>1297.4</ele></trkpt>
    <trkpt lat="42.538184" lon="1.526817"><ele>1297.3</ele></trkpt>
    <trkpt lat="42.538063" lon="1.52646"><ele>1297.2</ele></trkpt>
    <trkpt lat="42.53807" lon="1.526207"><ele>1297.5</ele></trkpt>
    <trkpt lat="42.538171" lon="1.52597"><ele>1297.8</ele></trkpt>
    <trkpt lat="42.538226" lon="1.525906"><ele>1297.8</ele></trkpt>
    <trkpt lat="42.538538" lon="1.525672"><ele>1297.8</ele></trkpt>
    <trkpt lat="42.538784" lon="1.525435"><ele>1297.2</ele></trkpt>
    <trkpt lat="42.539129" lon="1.524985"><ele>1295.2</ele></trkpt>
    <trkpt lat="42.539998" lon="1.524154"><ele>1285.7</ele></trkpt>
    <trkpt lat="42.540187" lon="1.524019"><ele>1283.7</ele></trkpt>
    <trkpt lat="42.540229" lon="1.523992"><ele>1283.3</ele></trkpt>
    <trkpt lat="42.540596" lon="1.523809"><ele>1279.5</ele></trkpt>
    <trkpt lat="42.540747" lon="1.5237"><ele>1277.7</ele></trkpt>
    <trkpt lat="42.54092" lon="1.523523"><ele>1275.8</ele></trkpt>
    <trkpt lat="42.541246" lon="1.523129"><ele>1273</ele></trkpt>
    <trkpt lat="42.541651" lon="1.522903"><ele>1271.4</ele></trkpt>
    <trkpt lat="42.541765" lon="1.52285"><ele>1271.2</ele></trkpt>
    <trkpt lat="42.541924" lon="1.522833"><ele>1271</ele></trkpt>
    <trkpt lat="42.542439" lon="1.522931"><ele>1272.7</ele></trkpt>
    <trkpt lat="42.542656" lon="1.522935"><ele>1274.3</ele></trkpt>
    <trkpt lat="42.542907" lon="1.52297"><ele>1276.9</ele></trkpt>
    <trkpt lat="42.543219" lon="1.523153"><ele>1280.5</ele></trkpt>
    <trkpt lat="42.54324" lon="1.523165"><ele>1280.7</ele></trkpt>
    <trkpt lat="42.543393" lon="1.523252"><ele>1282.5</ele></trkpt>
    <trkpt lat="42.543592" lon="1.523359"><ele>1284.8</ele></trkpt>
    <trkpt lat="42.544044" lon="1.52349"><ele>1289.4</ele></trkpt>
    <trkpt lat="42.54449" lon="1.523749"><ele>1292.4</ele></trkpt>
    <trkpt lat="42.544704" lon="1.523857"><ele>1293.5</ele></trkpt>
    <trkpt lat="42.544798" lon="1.523905"><ele>1293.9</ele></trkpt>
    <trkpt lat="42.5449" lon="1.523957"><ele>1294.3</ele></trkpt>
    <trkpt lat="42.544947" lon="1.523982"><ele>1294.4</ele></trkpt>
    <trkpt lat="42.54499" lon="1.524003"><ele>1294.6</ele></trkpt>
    <trkpt lat="42.545688" lon="1.524358"><ele>1295.8</ele></trkpt>
    <trkpt lat="42.546356" lon="1.524713"><ele>1293.8</ele></trkpt>
    <trkpt lat="42.546401" lon="1.52473"><ele>1293.6</ele></trkpt>
    <trkpt lat="42.54691" lon="1.524706"><ele>1290.6</ele></trkpt>
    <trkpt lat="42.54741" lon="1.524664"><ele>1288</ele></trkpt>
    <trkpt lat="42.547494" lon="1.524674"><ele>1287.6</ele></trkpt>
    <trkpt lat="42.547533" lon="1.524678"><ele>1287.4</ele></trkpt>
    <trkpt lat="42.547798" lon="1.524776"><ele>1286</ele></trkpt>
    <trkpt lat="42.548114" lon="1.525101"><ele>1283.7</ele></trkpt>
    <trkpt lat="42.548358" lon="1.525248"><ele>1282.3</ele></trkpt>
    <trkpt lat="42.548475" lon="1.525299"><ele>1281.6</ele></trkpt>
    <trkpt lat="42.54894" lon="1.525405"><ele>1278.6</ele></trkpt>
    <trkpt lat="42.550051" lon="1.525969"><ele>1269.6</ele></trkpt>
    <trkpt lat="42.551151" lon="1.526754"><ele>1261.5</ele></trkpt>
    <trkpt lat="42.551294" lon="1.526771"><ele>1260.9</ele></trkpt>
    <trkpt lat="42.551381" lon="1.526698"><ele>1260.5</ele></trkpt>
    <trkpt lat="42.551412" lon="1.526638"><ele>1260.4</ele></trkpt>
    <trkpt lat="42.551435" lon="1.52651"><ele>1260</ele></trkpt>
    <trkpt lat="42.551459" lon="1.526475"><ele>1259.9</ele></trkpt>
    <trkpt lat="42.551578" lon="1.526439"><ele>1259.5</ele></trkpt>
    <trkpt lat="42.551706" lon="1.52646"><ele>1259.2</ele></trkpt>
    <trkpt lat="42.551866" lon="1.526555"><ele>1258.9</ele></trkpt>
    <trkpt lat="42.552022" lon="1.526695"><ele>1258.6</ele></trkpt>
    <trkpt lat="42.552916" lon="1.527875"><ele>1263.3</ele></trkpt>
    <trkpt lat="42.553255" lon="1.528252"><ele>1265.1</ele></trkpt>
    <trkpt lat="42.553589" lon="1.528546"><ele>1266</ele></trkpt>
    <trkpt lat="42.553628" lon="1.52862"><ele>1266.2</ele></trkpt>
    <trkpt lat="42.553639" lon="1.528663"><ele>1266.3</ele></trkpt>
    <trkpt lat="42.553681" lon="1.528705"><ele>1266.3</ele></trkpt>
    <trkpt lat="42.553728" lon="1.5287"><ele>1266.5</ele></trkpt>
    <trkpt lat="42.553869" lon="1.52875"><ele>1266.8</ele></trkpt>
    <trkpt lat="42.554499" lon="1.529215"><ele>1268.9</ele></trkpt>
    <trkpt lat="42.554675" lon="1.529367"><ele>1269.6</ele></trkpt>
    <trkpt lat="42.554925" lon="1.52967"><ele>1271</ele></trkpt>
    <trkpt lat="42.555599" lon="1.531145"><ele>1280.7</ele></trkpt>
    <trkpt lat="42.555676" lon="1.531429"><ele>1282.4</ele></trkpt>
    <trkpt lat="42.555695" lon="1.531656"><ele>1283.8</ele></trkpt>
    <trkpt lat="42.555649" lon="1.532249"><ele>1287.2</ele></trkpt>
    <trkpt lat="42.555638" lon="1.532338"><ele>1287.6</ele></trkpt>
    <trkpt lat="42.555626" lon="1.532431"><ele>1288</ele></trkpt>
    <trkpt lat="42.555587" lon="1.532632"><ele>1289</ele></trkpt>
    <trkpt lat="42.555576" lon="1.532713"><ele>1289.4</ele></trkpt>
    <trkpt lat="42.555572" lon="1.532811"><ele>1289.8</ele></trkpt>
    <trkpt lat="42.555552" lon="1.53283"><ele>1289.9</ele></trkpt>
    <trkpt lat="42.555538" lon="1.53286"><ele>1290</ele></trkpt>
    <trkpt lat="42.555535" lon="1.532927"><ele>1290.2</ele></trkpt>
    <trkpt lat="42.555523" lon="1.532944"><ele>1290.3</ele></trkpt>
    <trkpt lat="42.555501" lon="1.532965"><ele>1290.4</ele></trkpt>
    <trkpt lat="42.55539" lon="1.53302"><ele>1290.8</ele></trkpt>
    <trkpt lat="42.555293" lon="1.532954"><ele>1291.1</ele></trkpt>
    <trkpt lat="42.55521" lon="1.532868"><ele>1291.4</ele></trkpt>
    <trkpt lat="42.555041" lon="1.53274"><ele>1291.8</ele></trkpt>
    <trkpt lat="42.554704" lon="1.532387"><ele>1292.7</ele></trkpt>
    <trkpt lat="42.554544" lon="1.532256"><ele>1293.1</ele></trkpt>
    <trkpt lat="42.554335" lon="1.532148"><ele>1293.7</ele></trkpt>
    <trkpt lat="42.553915" lon="1.531956"><ele>1295.2</ele></trkpt>
    <trkpt lat="42.553842" lon="1.531922"><ele>1295.4</ele></trkpt>
    <trkpt lat="42.553805" lon="1.531903"><ele>1295.7</ele></trkpt>
    <trkpt lat="42.553805" lon="1.531903"><ele>1295.9</ele></trkpt>
    <trkpt lat="42.553805" lon="1.531903"><ele>1295.9</ele></trkpt>
    <trkpt lat="42.553694" lon="1.532018"><ele>1296.3</ele></trkpt>
    <trkpt lat="42.553694" lon="1.532018"><ele>1296.4</ele></trkpt>
    <trkpt lat="42.553694" lon="1.532018"><ele>1296.4</ele></trkpt>
    <trkpt lat="42.553709" lon="1.532144"><ele>1296.9</ele></trkpt>
    <trkpt lat="42.553812" lon="1.532377"><ele>1298.1</ele></trkpt>
    <trkpt lat="42.553853" lon="1.532553"><ele>1299.2</ele></trkpt>
    <trkpt lat="42.553992" lon="1.533576"><ele>1305.5</ele></trkpt>
    <trkpt lat="42.553981" lon="1.533705"><ele>1306.3</ele></trkpt>
    <trkpt lat="42.553954" lon="1.533759"><ele>1306.6</ele></trkpt>
    <trkpt lat="42.553855" lon="1.533841"><ele>1307.5</ele></trkpt>
    <trkpt lat="42.553767" lon="1.533824"><ele>1308.2</ele></trkpt>
    <trkpt lat="42.553284" lon="1.533234"><ele>1312.8</ele></trkpt>
    <trkpt lat="42.553127" lon="1.533085"><ele>1314.2</ele></trkpt>
    <trkpt lat="42.552861" lon="1.533011"><ele>1316.3</ele></trkpt>
    <trkpt lat="42.552359" lon="1.5327"><ele>1321</ele></trkpt>
    <trkpt lat="42.552269" lon="1.532576"><ele>1322.2</ele></trkpt>
    <trkpt lat="42.552192" lon="1.532267"><ele>1324.6</ele></trkpt>
    <trkpt lat="42.552143" lon="1.532099"><ele>1325.9</ele></trkpt>
    <trkpt lat="42.551849" lon="1.531142"><ele>1335.2</ele></trkpt>
    <trkpt lat="42.551762" lon="1.530928"><ele>1337.4</ele></trkpt>
    <trkpt lat="42.551637" lon="1.530749"><ele>1339.4</ele></trkpt>
    <trkpt lat="42.551434" lon="1.530639"><ele>1341.8</ele></trkpt>
    <trkpt lat="42.551332" lon="1.5306"><ele>1342.9</ele></trkpt>
    <trkpt lat="42.551273" lon="1.530545"><ele>1343.7</ele></trkpt>
    <trkpt lat="42.551209" lon="1.530364"><ele>1345.2</ele></trkpt>
    <trkpt lat="42.551127" lon="1.529646"><ele>1351</ele></trkpt>
    <trkpt lat="42.550919" lon="1.529196"><ele>1355.2</ele></trkpt>
    <trkpt lat="42.550859" lon="1.528764"><ele>1358.2</ele></trkpt>
    <trkpt lat="42.55079" lon="1.528522"><ele>1360.1</ele></trkpt>
    <trkpt lat="42.550693" lon="1.52845"><ele>1361.3</ele></trkpt>
    <trkpt lat="42.550612" lon="1.52848"><ele>1362.2</ele></trkpt>
    <trkpt lat="42.550575" lon="1.528549"><ele>1362.9</ele></trkpt>
    <trkpt lat="42.550528" lon="1.528981"><ele>1366.4</ele></trkpt>
    <trkpt lat="42.550409" lon="1.529449"><ele>1370.4</ele></trkpt>
    <trkpt lat="42.550376" lon="1.52981"><ele>1373</ele></trkpt>
    <trkpt lat="42.550421" lon="1.530202"><ele>1375.6</ele></trkpt>
    <trkpt lat="42.550526" lon="1.530577"><ele>1377.9</ele></trkpt>
    <trkpt lat="42.550554" lon="1.530789"><ele>1379</ele></trkpt>
    <trkpt lat="42.550502" lon="1.532517"><ele>1386.2</ele></trkpt>
    <trkpt lat="42.550544" lon="1.532737"><ele>1387.5</ele></trkpt>
    <trkpt lat="42.550765" lon="1.533352"><ele>1392.6</ele></trkpt>
    <trkpt lat="42.550783" lon="1.533476"><ele>1393.7</ele></trkpt>
    <trkpt lat="42.550726" lon="1.534786"><ele>1403</ele></trkpt>
    <trkpt lat="42.550858" lon="1.535342"><ele>1405.2</ele></trkpt>
    <trkpt lat="42.550954" lon="1.53562"><ele>1405.8</ele></trkpt>
    <trkpt lat="42.551236" lon="1.536133"><ele>1406.5</ele></trkpt>
    <trkpt lat="42.551593" lon="1.536875"><ele>1408.2</ele></trkpt>
    <trkpt lat="42.552071" lon="1.539306"><ele>1424.8</ele></trkpt>
    <trkpt lat="42.552185" lon="1.539597"><ele>1425.9</ele></trkpt>
    <trkpt lat="42.552434" lon="1.53993"><ele>1426.7</ele></trkpt>
    <trkpt lat="42.553109" lon="1.540643"><ele>1427.2</ele></trkpt>
    <trkpt lat="42.553183" lon="1.540678"><ele>1427.3</ele></trkpt>
    <trkpt lat="42.553631" lon="1.54075"><ele>1428.2</ele></trkpt>
    <trkpt lat="42.553728" lon="1.540796"><ele>1428.3</ele></trkpt>
    <trkpt lat="42.553815" lon="1.540885"><ele>1428.3</ele></trkpt>
    <trkpt lat="42.554079" lon="1.541263"><ele>1428.3</ele></trkpt>
    <trkpt lat="42.554138" lon="1.541308"><ele>1428.5</ele></trkpt>
    <trkpt lat="42.554268" lon="1.541314"><ele>1428.9</ele></trkpt>
    <trkpt lat="42.554473" lon="1.541219"><ele>1429.9</ele></trkpt>
    <trkpt lat="42.554817" lon="1.540941"><ele>1433.2</ele></trkpt>
    <trkpt lat="42.555" lon="1.54085"><ele>1435.4</ele></trkpt>
    <trkpt lat="42.555128" lon="1.540856"><ele>1437</ele></trkpt>
    <trkpt lat="42.555216" lon="1.540916"><ele>1438.3</ele></trkpt>
    <trkpt lat="42.555303" lon="1.541036"><ele>1440.1</ele></trkpt>
    <trkpt lat="42.55573" lon="1.542795"><ele>1469.4</ele></trkpt>
    <trkpt lat="42.555774" lon="1.543503"><ele>1477</ele></trkpt>
    <trkpt lat="42.555807" lon="1.543703"><ele>1478.7</ele></trkpt>
    <trkpt lat="42.555993" lon="1.544105"><ele>1481.7</ele></trkpt>
    <trkpt lat="42.556055" lon="1.544298"><ele>1482.4</ele></trkpt>
    <trkpt lat="42.556073" lon="1.544444"><ele>1482.7</ele></trkpt>
    <trkpt lat="42.55602" lon="1.545208"><ele>1482.5</ele></trkpt>
    <trkpt lat="42.556034" lon="1.545403"><ele>1482.6</ele></trkpt>
    <trkpt lat="42.556082" lon="1.545509"><ele>1482.8</ele></trkpt>
    <trkpt lat="42.556592" lon="1.545997"><ele>1487.1</ele></trkpt>
    <trkpt lat="42.556633" lon="1.546059"><ele>1487.7</ele></trkpt>
    <trkpt lat="42.55664" lon="1.546256"><ele>1489</ele></trkpt>
    <trkpt lat="42.55654" lon="1.54631"><ele>1489.9</ele></trkpt>
    <trkpt lat="42.556358" lon="1.546177"><ele>1491.8</ele></trkpt>
    <trkpt lat="42.555975" lon="1.545799"><ele>1497</ele></trkpt>
    <trkpt lat="42.555851" lon="1.54578"><ele>1498.5</ele></trkpt>
    <trkpt lat="42.555773" lon="1.545878"><ele>1500</ele></trkpt>
    <trkpt lat="42.555775" lon="1.545978"><ele>1501</ele></trkpt>
    <trkpt lat="42.555813" lon="1.546064"><ele>1501.9</ele></trkpt>
    <trkpt lat="42.556074" lon="1.546309"><ele>1505.8</ele></trkpt>
    <trkpt lat="42.556196" lon="1.546533"><ele>1507.8</ele></trkpt>
    <trkpt lat="42.556321" lon="1.546886"><ele>1509.9</ele></trkpt>
    <trkpt lat="42.556402" lon="1.547354"><ele>1511.7</ele></trkpt>
    <trkpt lat="42.55647" lon="1.547475"><ele>1512.2</ele></trkpt>
    <trkpt lat="42.556571" lon="1.547567"><ele>1512.8</ele></trkpt>
    <trkpt lat="42.557082" lon="1.547872"><ele>1516.4</ele></trkpt>
    <trkpt lat="42.557438" lon="1.548227"><ele>1519.7</ele></trkpt>
    <trkpt lat="42.557785" lon="1.548858"><ele>1524.1</ele></trkpt>
    <trkpt lat="42.557853" lon="1.549045"><ele>1525.4</ele></trkpt>
    <trkpt lat="42.557868" lon="1.549196"><ele>1526.5</ele></trkpt>
    <trkpt lat="42.557854" lon="1.549276"><ele>1527.1</ele></trkpt>
    <trkpt lat="42.557789" lon="1.549354"><ele>1527.9</ele></trkpt>
    <trkpt lat="42.557688" lon="1.549339"><ele>1529</ele></trkpt>
    <trkpt lat="42.557618" lon="1.54922"><ele>1530.3</ele></trkpt>
    <trkpt lat="42.557546" lon="1.548951"><ele>1532.6</ele></trkpt>
    <trkpt lat="42.557388" lon="1.548733"><ele>1535.2</ele></trkpt>
    <trkpt lat="42.556748" lon="1.548397"><ele>1543.4</ele></trkpt>
    <trkpt lat="42.55573" lon="1.547906"><ele>1557.5</ele></trkpt>
    <trkpt lat="42.555621" lon="1.547809"><ele>1558.9</ele></trkpt>
    <trkpt lat="42.555259" lon="1.547161"><ele>1564.4</ele></trkpt>
    <trkpt lat="42.555049" lon="1.54662"><ele>1567.6</ele></trkpt>
    <trkpt lat="42.554906" lon="1.546371"><ele>1568.8</ele></trkpt>
    <trkpt lat="42.554792" lon="1.546235"><ele>1569.2</ele></trkpt>
    <trkpt lat="42.554445" lon="1.545984"><ele>1569.1</ele></trkpt>
    <trkpt lat="42.554388" lon="1.545911"><ele>1568.9</ele></trkpt>
    <trkpt lat="42.554362" lon="1.545783"><ele>1568.6</ele></trkpt>
    <trkpt lat="42.554493" lon="1.545297"><ele>1567.8</ele></trkpt>
    <trkpt lat="42.554476" lon="1.544821"><ele>1567.5</ele></trkpt>
    <trkpt lat="42.554507" lon="1.544545"><ele>1568</ele></trkpt>
    <trkpt lat="42.554498" lon="1.544319"><ele>1568.7</ele></trkpt>
    <trkpt lat="42.554422" lon="1.544129"><ele>1569.7</ele></trkpt>
    <trkpt lat="42.554276" lon="1.544008"><ele>1571.1</ele></trkpt>
    <trkpt lat="42.554159" lon="1.54399"><ele>1572.1</ele></trkpt>
    <trkpt lat="42.554079" lon="1.544017"><ele>1572.8</ele></trkpt>
    <trkpt lat="42.55375" lon="1.544321"><ele>1577.2</ele></trkpt>
    <trkpt lat="42.553512" lon="1.54448"><ele>1580.7</ele></trkpt>
    <trkpt lat="42.553294" lon="1.54452"><ele>1583.4</ele></trkpt>
    <trkpt lat="42.553087" lon="1.5444"><ele>1586.1</ele></trkpt>
    <trkpt lat="42.552908" lon="1.543864"><ele>1590.2</ele></trkpt>
    <trkpt lat="42.552808" lon="1.543791"><ele>1591.1</ele></trkpt>
    <trkpt lat="42.552335" lon="1.543708"><ele>1594.5</ele></trkpt>
    <trkpt lat="42.551855" lon="1.543781"><ele>1599.2</ele></trkpt>
    <trkpt lat="42.551469" lon="1.543693"><ele>1604</ele></trkpt>
    <trkpt lat="42.55114" lon="1.543721"><ele>1608.3</ele></trkpt>
    <trkpt lat="42.551015" lon="1.543701"><ele>1610</ele></trkpt>
    <trkpt lat="42.550955" lon="1.543634"><ele>1611.1</ele></trkpt>
    <trkpt lat="42.550885" lon="1.543345"><ele>1614.3</ele></trkpt>
    <trkpt lat="42.550737" lon="1.542916"><ele>1619.2</ele></trkpt>
    <trkpt lat="42.550642" lon="1.542805"><ele>1621</ele></trkpt>
    <trkpt lat="42.550244" lon="1.542453"><ele>1627.1</ele></trkpt>
    <trkpt lat="42.550111" lon="1.542434"><ele>1628.6</ele></trkpt>
    <trkpt lat="42.549825" lon="1.542453"><ele>1631.4</ele></trkpt>
    <trkpt lat="42.549743" lon="1.542389"><ele>1632.3</ele></trkpt>
    <trkpt lat="42.549683" lon="1.542293"><ele>1633.1</ele></trkpt>
    <trkpt lat="42.549595" lon="1.54207"><ele>1634.9</ele></trkpt>
    <trkpt lat="42.549502" lon="1.541572"><ele>1638.3</ele></trkpt>
    <trkpt lat="42.549502" lon="1.540962"><ele>1642.5</ele></trkpt>
    <trkpt lat="42.549445" lon="1.540868"><ele>1643.4</ele></trkpt>
    <trkpt lat="42.549383" lon="1.540864"><ele>1643.9</ele></trkpt>
    <trkpt lat="42.549339" lon="1.540928"><ele>1644.4</ele></trkpt>
    <trkpt lat="42.549316" lon="1.541027"><ele>1645</ele></trkpt>
    <trkpt lat="42.549335" lon="1.541607"><ele>1647.9</ele></trkpt>
    <trkpt lat="42.549376" lon="1.542007"><ele>1649.4</ele></trkpt>
    <trkpt lat="42.549538" lon="1.542887"><ele>1651.7</ele></trkpt>
    <trkpt lat="42.549691" lon="1.542955"><ele>1652.3</ele></trkpt>
    <trkpt lat="42.549967" lon="1.542906"><ele>1653.5</ele></trkpt>
    <trkpt lat="42.550068" lon="1.542913"><ele>1653.9</ele></trkpt>
    <trkpt lat="42.550329" lon="1.543262"><ele>1655.8</ele></trkpt>
    <trkpt lat="42.550408" lon="1.543462"><ele>1656.4</ele></trkpt>
    <trkpt lat="42.550435" lon="1.543639"><ele>1656.7</ele></trkpt>
    <trkpt lat="42.550461" lon="1.544325"><ele>1658.1</ele></trkpt>
    <trkpt lat="42.550521" lon="1.544537"><ele>1658.8</ele></trkpt>
    <trkpt lat="42.550598" lon="1.544633"><ele>1659.3</ele></trkpt>
    <trkpt lat="42.551177" lon="1.544729"><ele>1662.1</ele></trkpt>
    <trkpt lat="42.551778" lon="1.545128"><ele>1666.1</ele></trkpt>
    <trkpt lat="42.551865" lon="1.545219"><ele>1667.1</ele></trkpt>
    <trkpt lat="42.551984" lon="1.545719"><ele>1671.9</ele></trkpt>
    <trkpt lat="42.55223" lon="1.546199"><ele>1679.1</ele></trkpt>
    <trkpt lat="42.552348" lon="1.546491"><ele>1682.9</ele></trkpt>
    <trkpt lat="42.552556" lon="1.547153"><ele>1689</ele></trkpt>
    <trkpt lat="42.552628" lon="1.547323"><ele>1690.2</ele></trkpt>
    <trkpt lat="42.552728" lon="1.547468"><ele>1691.3</ele></trkpt>
    <trkpt lat="42.553097" lon="1.5479"><ele>1694.3</ele></trkpt>
    <trkpt lat="42.553285" lon="1.548012"><ele>1695.6</ele></trkpt>
    <trkpt lat="42.553519" lon="1.548353"><ele>1697.4</ele></trkpt>
    <trkpt lat="42.553584" lon="1.548539"><ele>1698.1</ele></trkpt>
    <trkpt lat="42.553635" lon="1.548845"><ele>1699.4</ele></trkpt>
    <trkpt lat="42.55375" lon="1.549169"><ele>1701.6</ele></trkpt>
    <trkpt lat="42.553945" lon="1.549446"><ele>1704.2</ele></trkpt>
    <trkpt lat="42.554015" lon="1.549653"><ele>1705.8</ele></trkpt>
    <trkpt lat="42.554153" lon="1.550378"><ele>1711</ele></trkpt>
    <trkpt lat="42.554229" lon="1.550591"><ele>1712.5</ele></trkpt>
    <trkpt lat="42.555062" lon="1.552196"><ele>1725.6</ele></trkpt>
    <trkpt lat="42.555117" lon="1.552399"><ele>1727.5</ele></trkpt>
    <trkpt lat="42.55512" lon="1.552534"><ele>1728.7</ele></trkpt>
    <trkpt lat="42.554896" lon="1.553428"><ele>1738</ele></trkpt>
    <trkpt lat="42.554792" lon="1.554386"><ele>1746.6</ele></trkpt>
    <trkpt lat="42.554789" lon="1.55456"><ele>1747.5</ele></trkpt>
    <trkpt lat="42.554861" lon="1.554786"><ele>1748.4</ele></trkpt>
    <trkpt lat="42.554875" lon="1.554989"><ele>1748.8</ele></trkpt>
    <trkpt lat="42.554853" lon="1.555342"><ele>1748.7</ele></trkpt>
    <trkpt lat="42.554951" lon="1.555647"><ele>1747.9</ele></trkpt>
    <trkpt lat="42.555026" lon="1.555742"><ele>1747.5</ele></trkpt>
    <trkpt lat="42.555109" lon="1.555792"><ele>1747.1</ele></trkpt>
    <trkpt lat="42.555247" lon="1.55582"><ele>1746.6</ele></trkpt>
    <trkpt lat="42.555355" lon="1.555798"><ele>1746.2</ele></trkpt>
    <trkpt lat="42.555875" lon="1.555629"><ele>1745.4</ele></trkpt>
    <trkpt lat="42.556004" lon="1.555659"><ele>1745.6</ele></trkpt>
    <trkpt lat="42.556116" lon="1.555815"><ele>1746.2</ele></trkpt>
    <trkpt lat="42.556203" lon="1.556097"><ele>1747.7</ele></trkpt>
    <trkpt lat="42.556251" lon="1.556798"><ele>1753</ele></trkpt>
    <trkpt lat="42.556098" lon="1.557421"><ele>1759.4</ele></trkpt>
    <trkpt lat="42.556086" lon="1.557635"><ele>1761.4</ele></trkpt>
    <trkpt lat="42.556173" lon="1.558613"><ele>1768.2</ele></trkpt>
    <trkpt lat="42.556167" lon="1.558771"><ele>1769.1</ele></trkpt>
    <trkpt lat="42.556037" lon="1.559548"><ele>1772.9</ele></trkpt>
    <trkpt lat="42.555958" lon="1.560253"><ele>1777.3</ele></trkpt>
    <trkpt lat="42.555923" lon="1.561091"><ele>1783.5</ele></trkpt>
    <trkpt lat="42.555921" lon="1.561846"><ele>1788</ele></trkpt>
    <trkpt lat="42.555861" lon="1.562004"><ele>1789</ele></trkpt>
    <trkpt lat="42.555802" lon="1.562023"><ele>1789.4</ele></trkpt>
    <trkpt lat="42.555703" lon="1.561957"><ele>1790.2</ele></trkpt>
    <trkpt lat="42.555664" lon="1.561835"><ele>1790.8</ele></trkpt>
    <trkpt lat="42.555663" lon="1.561123"><ele>1794.5</ele></trkpt>
    <trkpt lat="42.555603" lon="1.560932"><ele>1795.5</ele></trkpt>
    <trkpt lat="42.555539" lon="1.560855"><ele>1796.1</ele></trkpt>
    <trkpt lat="42.555244" lon="1.560582"><ele>1798.1</ele></trkpt>
    <trkpt lat="42.555132" lon="1.560425"><ele>1799</ele></trkpt>
    <trkpt lat="42.555098" lon="1.560247"><ele>1799.8</ele></trkpt>
    <trkpt lat="42.555047" lon="1.559651"><ele>1803</ele></trkpt>
    <trkpt lat="42.554793" lon="1.558538"><ele>1809.7</ele></trkpt>
    <trkpt lat="42.55466" lon="1.558115"><ele>1812.6</ele></trkpt>
    <trkpt lat="42.554398" lon="1.557743"><ele>1816.2</ele></trkpt>
    <trkpt lat="42.554068" lon="1.557362"><ele>1820.6</ele></trkpt>
    <trkpt lat="42.55361" lon="1.556912"><ele>1826.8</ele></trkpt>
    <trkpt lat="42.553484" lon="1.556686"><ele>1829.2</ele></trkpt>
    <trkpt lat="42.553291" lon="1.556183"><ele>1833.7</ele></trkpt>
    <trkpt lat="42.553053" lon="1.555677"><ele>1837.5</ele></trkpt>
    <trkpt lat="42.552932" lon="1.555208"><ele>1840</ele></trkpt>
    <trkpt lat="42.552843" lon="1.554595"><ele>1842.3</ele></trkpt>
    <trkpt lat="42.552837" lon="1.554222"><ele>1843.4</ele></trkpt>
    <trkpt lat="42.552899" lon="1.553601"><ele>1844.1</ele></trkpt>
    <trkpt lat="42.552879" lon="1.553315"><ele>1844.2</ele></trkpt>
    <trkpt lat="42.552838" lon="1.553013"><ele>1844.2</ele></trkpt>
    <trkpt lat="42.552696" lon="1.552561"><ele>1844.6</ele></trkpt>
    <trkpt lat="42.552342" lon="1.551967"><ele>1846.9</ele></trkpt>
    <trkpt lat="42.552299" lon="1.551941"><ele>1847.2</ele></trkpt>
    <trkpt lat="42.552237" lon="1.551954"><ele>1847.6</ele></trkpt>
    <trkpt lat="42.552182" lon="1.552012"><ele>1848.1</ele></trkpt>
    <trkpt lat="42.552167" lon="1.552096"><ele>1848.6</ele></trkpt>
    <trkpt lat="42.552183" lon="1.552168"><ele>1849</ele></trkpt>
    <trkpt lat="42.552346" lon="1.552374"><ele>1850.9</ele></trkpt>
    <trkpt lat="42.552404" lon="1.55251"><ele>1852.1</ele></trkpt>
    <trkpt lat="42.552433" lon="1.552659"><ele>1853.4</ele></trkpt>
    <trkpt lat="42.552411" lon="1.552919"><ele>1855.7</ele></trkpt>
    <trkpt lat="42.552217" lon="1.553324"><ele>1860.7</ele></trkpt>
    <trkpt lat="42.552129" lon="1.553525"><ele>1863.3</ele></trkpt>
    <trkpt lat="42.552037" lon="1.554019"><ele>1868.9</ele></trkpt>
    <trkpt lat="42.551971" lon="1.554537"><ele>1873.8</ele></trkpt>
    <trkpt lat="42.551974" lon="1.55507"><ele>1877.9</ele></trkpt>
    <trkpt lat="42.552053" lon="1.555759"><ele>1882.4</ele></trkpt>
    <trkpt lat="42.552116" lon="1.556094"><ele>1884.5</ele></trkpt>
    <trkpt lat="42.552201" lon="1.556349"><ele>1886</ele></trkpt>
    <trkpt lat="42.55227" lon="1.55676"><ele>1888.4</ele></trkpt>
    <trkpt lat="42.55237" lon="1.557133"><ele>1890.9</ele></trkpt>
    <trkpt lat="42.552525" lon="1.557368"><ele>1893</ele></trkpt>
    <trkpt lat="42.552584" lon="1.557549"><ele>1894.5</ele></trkpt>
    <trkpt lat="42.552676" lon="1.558813"><ele>1905.6</ele></trkpt>
    <trkpt lat="42.552601" lon="1.559258"><ele>1909.7</ele></trkpt>
    <trkpt lat="42.552368" lon="1.559902"><ele>1915.7</ele></trkpt>
    <trkpt lat="42.552178" lon="1.560288"><ele>1919.3</ele></trkpt>
    <trkpt lat="42.552064" lon="1.560841"><ele>1923.2</ele></trkpt>
    <trkpt lat="42.55204" lon="1.561157"><ele>1925.1</ele></trkpt>
    <trkpt lat="42.552044" lon="1.561474"><ele>1926.6</ele></trkpt>
    <trkpt lat="42.551918" lon="1.562466"><ele>1929.6</ele></trkpt>
    <trkpt lat="42.551937" lon="1.563062"><ele>1930.1</ele></trkpt>
    <trkpt lat="42.551977" lon="1.563287"><ele>1930.1</ele></trkpt>
    <trkpt lat="42.552049" lon="1.563588"><ele>1930.1</ele></trkpt>
    <trkpt lat="42.552253" lon="1.564042"><ele>1930.3</ele></trkpt>
    <trkpt lat="42.552561" lon="1.564638"><ele>1931.5</ele></trkpt>
    <trkpt lat="42.553025" lon="1.565314"><ele>1936.1</ele></trkpt>
    <trkpt lat="42.553121" lon="1.565553"><ele>1937.9</ele></trkpt>
    <trkpt lat="42.553433" lon="1.566624"><ele>1945.7</ele></trkpt>
    <trkpt lat="42.553637" lon="1.567088"><ele>1948.2</ele></trkpt>
    <trkpt lat="42.553828" lon="1.567388"><ele>1949.7</ele></trkpt>
    <trkpt lat="42.554275" lon="1.567865"><ele>1951.9</ele></trkpt>
    <trkpt lat="42.554474" lon="1.568121"><ele>1952.9</ele></trkpt>
    <trkpt lat="42.554604" lon="1.568344"><ele>1953.8</ele></trkpt>
    <trkpt lat="42.555085" lon="1.570062"><ele>1962.9</ele></trkpt>
    <trkpt lat="42.555331" lon="1.570758"><ele>1966.4</ele></trkpt>
    <trkpt lat="42.555401" lon="1.570899"><ele>1967.1</ele></trkpt>
    <trkpt lat="42.555443" lon="1.571008"><ele>1967.6</ele></trkpt>
    <trkpt lat="42.555553" lon="1.571152"><ele>1968.5</ele></trkpt>
    <trkpt lat="42.55611" lon="1.571638"><ele>1971</ele></trkpt>
    <trkpt lat="42.556159" lon="1.571816"><ele>1971.1</ele></trkpt>
    <trkpt lat="42.55614" lon="1.572099"><ele>1971.1</ele></trkpt>
    <trkpt lat="42.556097" lon="1.572313"><ele>1971</ele></trkpt>
    <trkpt lat="42.555968" lon="1.572601"><ele>1970.5</ele></trkpt>
    <trkpt lat="42.555935" lon="1.57287"><ele>1969.9</ele></trkpt>
    <trkpt lat="42.555952" lon="1.572983"><ele>1969.5</ele></trkpt>
    <trkpt lat="42.556031" lon="1.573144"><ele>1968.9</ele></trkpt>
    <trkpt lat="42.556207" lon="1.573391"><ele>1967.3</ele></trkpt>
    <trkpt lat="42.55693" lon="1.574553"><ele>1957.1</ele></trkpt>
    <trkpt lat="42.557221" lon="1.575154"><ele>1953.1</ele></trkpt>
    <trkpt lat="42.557337" lon="1.575468"><ele>1951.6</ele></trkpt>
    <trkpt lat="42.557468" lon="1.575646"><ele>1950.8</ele></trkpt>
    <trkpt lat="42.557638" lon="1.575752"><ele>1950.1</ele></trkpt>
    <trkpt lat="42.558012" lon="1.575841"><ele>1949.3</ele></trkpt>
    <trkpt lat="42.558257" lon="1.575816"><ele>1949.1</ele></trkpt>
    <trkpt lat="42.55871" lon="1.575602"><ele>1949.2</ele></trkpt>
    <trkpt lat="42.559322" lon="1.575446"><ele>1949.5</ele></trkpt>
    <trkpt lat="42.559562" lon="1.575347"><ele>1949.4</ele></trkpt>
    <trkpt lat="42.560546" lon="1.574804"><ele>1944.7</ele></trkpt>
    <trkpt lat="42.560689" lon="1.574758"><ele>1943.6</ele></trkpt>
    <trkpt lat="42.56104" lon="1.574744"><ele>1941.1</ele></trkpt>
    <trkpt lat="42.561398" lon="1.574907"><ele>1938.5</ele></trkpt>
    <trkpt lat="42.561653" lon="1.574949"><ele>1936.8</ele></trkpt>
    <trkpt lat="42.562216" lon="1.574791"><ele>1933.5</ele></trkpt>
    <trkpt lat="42.562824" lon="1.574468"><ele>1929.9</ele></trkpt>
    <trkpt lat="42.563338" lon="1.574269"><ele>1925.3</ele></trkpt>
    <trkpt lat="42.563491" lon="1.574237"><ele>1923.8</ele></trkpt>
    <trkpt lat="42.563583" lon="1.574259"><ele>1922.8</ele></trkpt>
    <trkpt lat="42.563691" lon="1.57431"><ele>1921.6</ele></trkpt>
    <trkpt lat="42.563791" lon="1.574417"><ele>1920.2</ele></trkpt>
    <trkpt lat="42.56384" lon="1.57449"><ele>1919.4</ele></trkpt>
    <trkpt lat="42.563877" lon="1.574594"><ele>1918.5</ele></trkpt>
    <trkpt lat="42.5639" lon="1.574706"><ele>1917.6</ele></trkpt>
    <trkpt lat="42.563913" lon="1.574821"><ele>1916.8</ele></trkpt>
    <trkpt lat="42.563983" lon="1.575263"><ele>1913.9</ele></trkpt>
    <trkpt lat="42.564055" lon="1.575493"><ele>1912.6</ele></trkpt>
    <trkpt lat="42.564118" lon="1.575667"><ele>1912</ele></trkpt>
    <trkpt lat="42.564272" lon="1.575929"><ele>1911.7</ele></trkpt>
    <trkpt lat="42.564373" lon="1.576006"><ele>1911.8</ele></trkpt>
    <trkpt lat="42.564487" lon="1.57605"><ele>1911.9</ele></trkpt>
    <trkpt lat="42.564727" lon="1.576057"><ele>1912.5</ele></trkpt>
    <trkpt lat="42.564994" lon="1.576187"><ele>1913.6</ele></trkpt>
    <trkpt lat="42.56551" lon="1.576562"><ele>1916.9</ele></trkpt>
    <trkpt lat="42.56585" lon="1.576867"><ele>1919.4</ele></trkpt>
    <trkpt lat="42.566147" lon="1.577231"><ele>1921.5</ele></trkpt>
    <trkpt lat="42.566294" lon="1.577497"><ele>1922.6</ele></trkpt>
    <trkpt lat="42.566474" lon="1.577984"><ele>1924.1</ele></trkpt>
    <trkpt lat="42.566527" lon="1.578861"><ele>1925.8</ele></trkpt>
    <trkpt lat="42.566519" lon="1.579311"><ele>1926.1</ele></trkpt>
    <trkpt lat="42.566567" lon="1.581701"><ele>1924.3</ele></trkpt>
    <trkpt lat="42.566623" lon="1.582132"><ele>1923.6</ele></trkpt>
    <trkpt lat="42.566861" lon="1.583297"><ele>1922.4</ele></trkpt>
    <trkpt lat="42.56697" lon="1.583994"><ele>1923.5</ele></trkpt>
    <trkpt lat="42.567072" lon="1.584469"><ele>1925.2</ele></trkpt>
    <trkpt lat="42.567185" lon="1.584696"><ele>1926.3</ele></trkpt>
    <trkpt lat="42.567436" lon="1.58502"><ele>1928.3</ele></trkpt>
    <trkpt lat="42.567752" lon="1.585197"><ele>1930.2</ele></trkpt>
    <trkpt lat="42.567893" lon="1.585313"><ele>1931.1</ele></trkpt>
    <trkpt lat="42.568684" lon="1.58631"><ele>1933.9</ele></trkpt>
    <trkpt lat="42.568807" lon="1.586588"><ele>1934.1</ele></trkpt>
    <trkpt lat="42.56902" lon="1.587249"><ele>1935.7</ele></trkpt>
    <trkpt lat="42.569078" lon="1.587392"><ele>1936.1</ele></trkpt>
    <trkpt lat="42.569222" lon="1.58766"><ele>1937.3</ele></trkpt>
    <trkpt lat="42.569338" lon="1.587759"><ele>1937.9</ele></trkpt>
    <trkpt lat="42.569446" lon="1.587811"><ele>1938.4</ele></trkpt>
    <trkpt lat="42.56958" lon="1.587803"><ele>1938.9</ele></trkpt>
    <trkpt lat="42.569678" lon="1.587754"><ele>1939.2</ele></trkpt>
    <trkpt lat="42.569833" lon="1.587593"><ele>1939.8</ele></trkpt>
    <trkpt lat="42.570149" lon="1.58736"><ele>1940.5</ele></trkpt>
    <trkpt lat="42.570685" lon="1.587037"><ele>1940</ele></trkpt>
    <trkpt lat="42.571058" lon="1.586834"><ele>1939.1</ele></trkpt>
    <trkpt lat="42.571344" lon="1.586721"><ele>1937</ele></trkpt>
    <trkpt lat="42.571629" lon="1.586616"><ele>1934</ele></trkpt>
    <trkpt lat="42.571864" lon="1.586533"><ele>1931.6</ele></trkpt>
    <trkpt lat="42.57202" lon="1.586481"><ele>1930</ele></trkpt>
    <trkpt lat="42.572152" lon="1.586463"><ele>1928.7</ele></trkpt>
    <trkpt lat="42.572279" lon="1.586465"><ele>1927.5</ele></trkpt>
    <trkpt lat="42.572413" lon="1.586526"><ele>1926.1</ele></trkpt>
    <trkpt lat="42.572513" lon="1.58655"><ele>1925.2</ele></trkpt>
    <trkpt lat="42.572626" lon="1.586544"><ele>1924</ele></trkpt>
    <trkpt lat="42.572769" lon="1.586512"><ele>1922.2</ele></trkpt>
    <trkpt lat="42.572941" lon="1.586457"><ele>1919.9</ele></trkpt>
    <trkpt lat="42.573113" lon="1.586398"><ele>1917.4</ele></trkpt>
    <trkpt lat="42.573432" lon="1.586373"><ele>1913.1</ele></trkpt>
    <trkpt lat="42.573592" lon="1.586424"><ele>1911.3</ele></trkpt>
    <trkpt lat="42.573638" lon="1.5865"><ele>1910.6</ele></trkpt>
    <trkpt lat="42.573627" lon="1.586573"><ele>1910.2</ele></trkpt>
    <trkpt lat="42.57355" lon="1.586641"><ele>1909.4</ele></trkpt>
    <trkpt lat="42.573386" lon="1.586708"><ele>1908</ele></trkpt>
    <trkpt lat="42.573089" lon="1.586877"><ele>1905.2</ele></trkpt>
    <trkpt lat="42.572439" lon="1.58744"><ele>1898.6</ele></trkpt>
    <trkpt lat="42.571901" lon="1.587926"><ele>1893.7</ele></trkpt>
    <trkpt lat="42.571442" lon="1.588396"><ele>1891.5</ele></trkpt>
    <trkpt lat="42.571277" lon="1.588549"><ele>1891.2</ele></trkpt>
    <trkpt lat="42.571177" lon="1.588571"><ele>1891.1</ele></trkpt>
    <trkpt lat="42.570963" lon="1.588507"><ele>1891</ele></trkpt>
    <trkpt lat="42.570723" lon="1.588512"><ele>1891</ele></trkpt>
    <trkpt lat="42.570591" lon="1.588564"><ele>1891</ele></trkpt>
    <trkpt lat="42.570241" lon="1.588825"><ele>1891.2</ele></trkpt>
    <trkpt lat="42.569965" lon="1.589165"><ele>1890.7</ele></trkpt>
    <trkpt lat="42.569817" lon="1.589427"><ele>1889.6</ele></trkpt>
    <trkpt lat="42.569479" lon="1.59015"><ele>1884.7</ele></trkpt>
    <trkpt lat="42.569141" lon="1.590787"><ele>1878.2</ele></trkpt>
    <trkpt lat="42.569075" lon="1.590878"><ele>1877.3</ele></trkpt>
    <trkpt lat="42.568855" lon="1.591053"><ele>1875.2</ele></trkpt>
    <trkpt lat="42.568819" lon="1.591123"><ele>1874.8</ele></trkpt>
    <trkpt lat="42.568819" lon="1.591219"><ele>1874.3</ele></trkpt>
    <trkpt lat="42.568844" lon="1.591301"><ele>1873.9</ele></trkpt>
    <trkpt lat="42.568946" lon="1.591316"><ele>1873.4</ele></trkpt>
    <trkpt lat="42.56916" lon="1.591098"><ele>1872.3</ele></trkpt>
    <trkpt lat="42.569622" lon="1.590433"><ele>1869.1</ele></trkpt>
    <trkpt lat="42.569763" lon="1.590139"><ele>1867.6</ele></trkpt>
    <trkpt lat="42.569932" lon="1.589873"><ele>1865.6</ele></trkpt>
    <trkpt lat="42.570073" lon="1.589718"><ele>1863.8</ele></trkpt>
    <trkpt lat="42.570309" lon="1.589547"><ele>1860.4</ele></trkpt>
    <trkpt lat="42.570425" lon="1.589562"><ele>1858.7</ele></trkpt>
    <trkpt lat="42.570757" lon="1.589754"><ele>1852.8</ele></trkpt>
    <trkpt lat="42.5713" lon="1.590134"><ele>1842</ele></trkpt>
    <trkpt lat="42.571441" lon="1.590329"><ele>1839</ele></trkpt>
    <trkpt lat="42.571797" lon="1.590957"><ele>1834</ele></trkpt>
    <trkpt lat="42.571909" lon="1.591084"><ele>1833</ele></trkpt>
    <trkpt lat="42.572039" lon="1.591175"><ele>1832</ele></trkpt>
    <trkpt lat="42.572184" lon="1.591221"><ele>1831</ele></trkpt>
    <trkpt lat="42.572644" lon="1.591226"><ele>1828.5</ele></trkpt>
    <trkpt lat="42.572745" lon="1.59128"><ele>1827.9</ele></trkpt>
    <trkpt lat="42.572823" lon="1.591366"><ele>1827.3</ele></trkpt>
    <trkpt lat="42.57284" lon="1.591522"><ele>1826.5</ele></trkpt>
    <trkpt lat="42.572788" lon="1.591942"><ele>1824.3</ele></trkpt>
    <trkpt lat="42.572739" lon="1.592183"><ele>1822.7</ele></trkpt>
    <trkpt lat="42.57267" lon="1.5924"><ele>1820.7</ele></trkpt>
    <trkpt lat="42.572517" lon="1.592754"><ele>1816.4</ele></trkpt>
    <trkpt lat="42.572316" lon="1.593123"><ele>1812.1</ele></trkpt>
    <trkpt lat="42.572267" lon="1.593868"><ele>1806.6</ele></trkpt>
    <trkpt lat="42.572205" lon="1.594127"><ele>1805.3</ele></trkpt>
    <trkpt lat="42.572027" lon="1.594587"><ele>1804.3</ele></trkpt>
    <trkpt lat="42.57202" lon="1.594783"><ele>1804.4</ele></trkpt>
    <trkpt lat="42.572078" lon="1.595073"><ele>1804.6</ele></trkpt>
    <trkpt lat="42.572127" lon="1.595173"><ele>1804.7</ele></trkpt>
    <trkpt lat="42.572557" lon="1.595517"><ele>1804.8</ele></trkpt>
    <trkpt lat="42.572613" lon="1.595608"><ele>1804.8</ele></trkpt>
    <trkpt lat="42.572648" lon="1.595857"><ele>1804.5</ele></trkpt>
    <trkpt lat="42.572633" lon="1.596143"><ele>1803.9</ele></trkpt>
    <trkpt lat="42.572485" lon="1.596879"><ele>1800.9</ele></trkpt>
    <trkpt lat="42.572429" lon="1.597623"><ele>1796.2</ele></trkpt>
    <trkpt lat="42.572477" lon="1.599507"><ele>1787.7</ele></trkpt>
    <trkpt lat="42.572474" lon="1.600379"><ele>1785.8</ele></trkpt>
    <trkpt lat="42.57255" lon="1.600827"><ele>1784.6</ele></trkpt>
    <trkpt lat="42.572665" lon="1.601608"><ele>1782.1</ele></trkpt>
    <trkpt lat="42.572682" lon="1.602218"><ele>1780.3</ele></trkpt>
    <trkpt lat="42.572622" lon="1.602346"><ele>1779.8</ele></trkpt>
    <trkpt lat="42.572514" lon="1.602402"><ele>1779.2</ele></trkpt>
    <trkpt lat="42.572424" lon="1.60236"><ele>1778.6</ele></trkpt>
    <trkpt lat="42.572348" lon="1.602202"><ele>1777.6</ele></trkpt>
    <trkpt lat="42.572338" lon="1.602015"><ele>1776.5</ele></trkpt>
    <trkpt lat="42.572446" lon="1.601597"><ele>1773.2</ele></trkpt>
    <trkpt lat="42.572448" lon="1.601503"><ele>1772.5</ele></trkpt>
    <trkpt lat="42.572426" lon="1.601342"><ele>1771.3</ele></trkpt>
    <trkpt lat="42.572205" lon="1.600705"><ele>1765.8</ele></trkpt>
    <trkpt lat="42.572159" lon="1.60049"><ele>1763.9</ele></trkpt>
    <trkpt lat="42.572024" lon="1.598895"><ele>1748.2</ele></trkpt>
    <trkpt lat="42.57188" lon="1.598045"><ele>1742.2</ele></trkpt>
    <trkpt lat="42.571762" lon="1.596978"><ele>1737.4</ele></trkpt>
    <trkpt lat="42.57177" lon="1.5966"><ele>1735.9</ele></trkpt>
    <trkpt lat="42.571715" lon="1.596415"><ele>1735.2</ele></trkpt>
    <trkpt lat="42.571614" lon="1.596294"><ele>1734.5</ele></trkpt>
    <trkpt lat="42.571477" lon="1.596229"><ele>1733.7</ele></trkpt>
    <trkpt lat="42.571206" lon="1.596187"><ele>1732.6</ele></trkpt>
    <trkpt lat="42.571068" lon="1.596055"><ele>1732</ele></trkpt>
    <trkpt lat="42.570892" lon="1.595778"><ele>1731.5</ele></trkpt>
    <trkpt lat="42.570859" lon="1.595619"><ele>1731.6</ele></trkpt>
    <trkpt lat="42.570861" lon="1.595388"><ele>1731.9</ele></trkpt>
    <trkpt lat="42.570906" lon="1.594734"><ele>1731.4</ele></trkpt>
    <trkpt lat="42.570938" lon="1.594524"><ele>1731</ele></trkpt>
    <trkpt lat="42.571072" lon="1.594144"><ele>1730.2</ele></trkpt>
    <trkpt lat="42.571019" lon="1.594059"><ele>1730</ele></trkpt>
    <trkpt lat="42.570958" lon="1.59405"><ele>1729.7</ele></trkpt>
    <trkpt lat="42.570929" lon="1.594073"><ele>1729.6</ele></trkpt>
    <trkpt lat="42.570788" lon="1.594433"><ele>1727.8</ele></trkpt>
    <trkpt lat="42.570754" lon="1.595042"><ele>1723.3</ele></trkpt>
    <trkpt lat="42.570532" lon="1.595769"><ele>1714.1</ele></trkpt>
    <trkpt lat="42.570551" lon="1.595995"><ele>1712</ele></trkpt>
    <trkpt lat="42.570888" lon="1.596663"><ele>1705.5</ele></trkpt>
    <trkpt lat="42.571168" lon="1.59671"><ele>1703</ele></trkpt>
    <trkpt lat="42.571255" lon="1.596777"><ele>1702.1</ele></trkpt>
    <trkpt lat="42.571275" lon="1.596927"><ele>1701.2</ele></trkpt>
    <trkpt lat="42.571163" lon="1.598231"><ele>1694.3</ele></trkpt>
    <trkpt lat="42.571079" lon="1.598952"><ele>1692.2</ele></trkpt>
    <trkpt lat="42.570807" lon="1.600418"><ele>1687.8</ele></trkpt>
    <trkpt lat="42.570771" lon="1.600507"><ele>1687.4</ele></trkpt>
    <trkpt lat="42.570662" lon="1.600577"><ele>1686.7</ele></trkpt>
    <trkpt lat="42.570567" lon="1.600565"><ele>1686.1</ele></trkpt>
    <trkpt lat="42.570478" lon="1.600474"><ele>1685.3</ele></trkpt>
    <trkpt lat="42.570453" lon="1.600387"><ele>1684.8</ele></trkpt>
    <trkpt lat="42.57046" lon="1.600238"><ele>1683.9</ele></trkpt>
    <trkpt lat="42.570554" lon="1.599992"><ele>1682</ele></trkpt>
    <trkpt lat="42.570643" lon="1.599759"><ele>1680.1</ele></trkpt>
    <trkpt lat="42.570699" lon="1.599521"><ele>1678</ele></trkpt>
    <trkpt lat="42.570709" lon="1.599274"><ele>1675.6</ele></trkpt>
    <trkpt lat="42.570656" lon="1.598388"><ele>1668.8</ele></trkpt>
    <trkpt lat="42.57068" lon="1.598043"><ele>1666.2</ele></trkpt>
    <trkpt lat="42.570776" lon="1.597555"><ele>1662.6</ele></trkpt>
    <trkpt lat="42.570743" lon="1.59747"><ele>1661.9</ele></trkpt>
    <trkpt lat="42.57069" lon="1.597439"><ele>1661.4</ele></trkpt>
    <trkpt lat="42.570603" lon="1.597482"><ele>1660.5</ele></trkpt>
    <trkpt lat="42.570354" lon="1.598057"><ele>1656.2</ele></trkpt>
    <trkpt lat="42.570357" lon="1.598659"><ele>1652.1</ele></trkpt>
    <trkpt lat="42.570336" lon="1.598898"><ele>1650.6</ele></trkpt>
    <trkpt lat="42.570295" lon="1.599101"><ele>1649.2</ele></trkpt>
    <trkpt lat="42.570208" lon="1.599269"><ele>1647.9</ele></trkpt>
    <trkpt lat="42.57007" lon="1.599348"><ele>1646.5</ele></trkpt>
    <trkpt lat="42.56975" lon="1.599296"><ele>1643.2</ele></trkpt>
    <trkpt lat="42.569581" lon="1.59932"><ele>1641</ele></trkpt>
    <trkpt lat="42.569386" lon="1.599481"><ele>1637.9</ele></trkpt>
    <trkpt lat="42.569083" lon="1.599967"><ele>1630.6</ele></trkpt>
    <trkpt lat="42.568788" lon="1.600336"><ele>1624.8</ele></trkpt>
    <trkpt lat="42.56865" lon="1.600463"><ele>1622.7</ele></trkpt>
    <trkpt lat="42.568508" lon="1.600542"><ele>1620.8</ele></trkpt>
    <trkpt lat="42.568432" lon="1.600535"><ele>1620</ele></trkpt>
    <trkpt lat="42.568391" lon="1.6005"><ele>1619.5</ele></trkpt>
    <trkpt lat="42.568346" lon="1.600402"><ele>1618.6</ele></trkpt>
    <trkpt lat="42.568371" lon="1.600262"><ele>1617.5</ele></trkpt>
    <trkpt lat="42.568699" lon="1.600075"><ele>1614.6</ele></trkpt>
    <trkpt lat="42.568802" lon="1.599954"><ele>1613.8</ele></trkpt>
    <trkpt lat="42.568916" lon="1.599719"><ele>1613.2</ele></trkpt>
    <trkpt lat="42.568927" lon="1.599467"><ele>1613.1</ele></trkpt>
    <trkpt lat="42.568865" lon="1.598912"><ele>1613.9</ele></trkpt>
    <trkpt lat="42.568933" lon="1.598723"><ele>1614.1</ele></trkpt>
    <trkpt lat="42.569016" lon="1.598642"><ele>1614.1</ele></trkpt>
    <trkpt lat="42.569466" lon="1.598459"><ele>1614.5</ele></trkpt>
    <trkpt lat="42.569548" lon="1.598401"><ele>1614.5</ele></trkpt>
    <trkpt lat="42.569651" lon="1.598252"><ele>1614.4</ele></trkpt>
    <trkpt lat="42.569677" lon="1.59817"><ele>1614.3</ele></trkpt>
    <trkpt lat="42.56971" lon="1.59793"><ele>1613.7</ele></trkpt>
    <trkpt lat="42.569695" lon="1.597815"><ele>1613.3</ele></trkpt>
    <trkpt lat="42.569638" lon="1.597656"><ele>1612.5</ele></trkpt>
    <trkpt lat="42.569552" lon="1.597553"><ele>1611.8</ele></trkpt>
    <trkpt lat="42.56951" lon="1.597514"><ele>1611.3</ele></trkpt>
    <trkpt lat="42.569085" lon="1.597144"><ele>1605.9</ele></trkpt>
    <trkpt lat="42.56889" lon="1.596979"><ele>1602.7</ele></trkpt>
    <trkpt lat="42.568411" lon="1.596884"><ele>1595.9</ele></trkpt>
    <trkpt lat="42.568035" lon="1.596638"><ele>1590.1</ele></trkpt>
    <trkpt lat="42.567952" lon="1.596556"><ele>1588.8</ele></trkpt>
    <trkpt lat="42.56789" lon="1.596475"><ele>1587.8</ele></trkpt>
    <trkpt lat="42.567763" lon="1.596182"><ele>1585.3</ele></trkpt>
    <trkpt lat="42.567667" lon="1.59574"><ele>1582.4</ele></trkpt>
    <trkpt lat="42.567507" lon="1.594885"><ele>1577.7</ele></trkpt>
    <trkpt lat="42.567472" lon="1.59479"><ele>1577.2</ele></trkpt>
    <trkpt lat="42.567377" lon="1.594647"><ele>1576.3</ele></trkpt>
    <trkpt lat="42.567148" lon="1.594408"><ele>1574.4</ele></trkpt>
    <trkpt lat="42.566564" lon="1.59346"><ele>1568.5</ele></trkpt>
    <trkpt lat="42.566018" lon="1.592924"><ele>1565.3</ele></trkpt>
    <trkpt lat="42.565747" lon="1.592494"><ele>1563.1</ele></trkpt>
    <trkpt lat="42.565295" lon="1.592068"><ele>1560.1</ele></trkpt>
    <trkpt lat="42.56519" lon="1.591927"><ele>1559.2</ele></trkpt>
    <trkpt lat="42.565059" lon="1.591668"><ele>1557.6</ele></trkpt>
    <trkpt lat="42.565019" lon="1.591615"><ele>1557.3</ele></trkpt>
    <trkpt lat="42.564947" lon="1.591579"><ele>1556.7</ele></trkpt>
    <trkpt lat="42.564896" lon="1.591595"><ele>1556.4</ele></trkpt>
    <trkpt lat="42.564858" lon="1.591656"><ele>1555.9</ele></trkpt>
    <trkpt lat="42.564852" lon="1.591701"><ele>1555.7</ele></trkpt>
    <trkpt lat="42.564888" lon="1.591804"><ele>1555</ele></trkpt>
    <trkpt lat="42.565079" lon="1.592122"><ele>1551.9</ele></trkpt>
    <trkpt lat="42.565379" lon="1.592446"><ele>1547.7</ele></trkpt>
    <trkpt lat="42.565536" lon="1.592763"><ele>1545.2</ele></trkpt>
    <trkpt lat="42.56588" lon="1.593319"><ele>1541.3</ele></trkpt>
    <trkpt lat="42.566617" lon="1.594452"><ele>1534.7</ele></trkpt>
    <trkpt lat="42.566684" lon="1.594664"><ele>1534.1</ele></trkpt>
    <trkpt lat="42.566767" lon="1.595371"><ele>1531.8</ele></trkpt>
    <trkpt lat="42.566729" lon="1.595557"><ele>1531.1</ele></trkpt>
    <trkpt lat="42.566202" lon="1.596633"><ele>1526.2</ele></trkpt>
    <trkpt lat="42.56608" lon="1.596705"><ele>1525.8</ele></trkpt>
    <trkpt lat="42.565989" lon="1.596638"><ele>1525.5</ele></trkpt>
    <trkpt lat="42.565951" lon="1.596607"><ele>1525.4</ele></trkpt>
    <trkpt lat="42.565971" lon="1.596549"><ele>1525.3</ele></trkpt>
    <trkpt lat="42.566157" lon="1.595923"><ele>1524.4</ele></trkpt>
    <trkpt lat="42.566319" lon="1.595044"><ele>1524.6</ele></trkpt>
    <trkpt lat="42.566319" lon="1.594715"><ele>1524.7</ele></trkpt>
    <trkpt lat="42.566277" lon="1.594539"><ele>1524.8</ele></trkpt>
    <trkpt lat="42.566213" lon="1.594402"><ele>1524.9</ele></trkpt>
    <trkpt lat="42.566167" lon="1.594334"><ele>1525</ele></trkpt>
    <trkpt lat="42.565505" lon="1.593372"><ele>1524.4</ele></trkpt>
    <trkpt lat="42.565396" lon="1.593264"><ele>1524.1</ele></trkpt>
    <trkpt lat="42.565282" lon="1.59322"><ele>1523.7</ele></trkpt>
    <trkpt lat="42.564857" lon="1.593186"><ele>1522.3</ele></trkpt>
    <trkpt lat="42.564709" lon="1.593148"><ele>1522</ele></trkpt>
    <trkpt lat="42.564617" lon="1.593086"><ele>1521.8</ele></trkpt>
    <trkpt lat="42.564577" lon="1.592998"><ele>1521.6</ele></trkpt>
    <trkpt lat="42.564483" lon="1.59295"><ele>1521.5</ele></trkpt>
    <trkpt lat="42.564358" lon="1.59279"><ele>1521.4</ele></trkpt>
    <trkpt lat="42.564312" lon="1.592706"><ele>1521.5</ele></trkpt>
    <trkpt lat="42.564162" lon="1.592376"><ele>1521.7</ele></trkpt>
    <trkpt lat="42.564082" lon="1.592121"><ele>1521.8</ele></trkpt>
    <trkpt lat="42.564042" lon="1.591503"><ele>1521.3</ele></trkpt>
    <trkpt lat="42.563969" lon="1.591216"><ele>1520.8</ele></trkpt>
    <trkpt lat="42.563809" lon="1.591024"><ele>1520.2</ele></trkpt>
    <trkpt lat="42.56369" lon="1.59094"><ele>1519.7</ele></trkpt>
    <trkpt lat="42.563325" lon="1.590782"><ele>1517.4</ele></trkpt>
    <trkpt lat="42.562831" lon="1.590491"><ele>1511.8</ele></trkpt>
    <trkpt lat="42.562652" lon="1.590415"><ele>1509.4</ele></trkpt>
    <trkpt lat="42.562032" lon="1.590399"><ele>1501</ele></trkpt>
    <trkpt lat="42.561601" lon="1.590291"><ele>1494.1</ele></trkpt>
    <trkpt lat="42.560924" lon="1.590218"><ele>1481.1</ele></trkpt>
    <trkpt lat="42.560754" lon="1.590155"><ele>1477.8</ele></trkpt>
    <trkpt lat="42.560536" lon="1.590006"><ele>1473.7</ele></trkpt>
    <trkpt lat="42.560145" lon="1.589827"><ele>1467.6</ele></trkpt>
    <trkpt lat="42.560029" lon="1.589754"><ele>1465.9</ele></trkpt>
    <trkpt lat="42.559928" lon="1.589676"><ele>1464.4</ele></trkpt>
    <trkpt lat="42.559575" lon="1.589361"><ele>1459.7</ele></trkpt>
    <trkpt lat="42.55948" lon="1.58931"><ele>1458.7</ele></trkpt>
    <trkpt lat="42.558785" lon="1.589238"><ele>1455.6</ele></trkpt>
    <trkpt lat="42.558615" lon="1.589173"><ele>1454.9</ele></trkpt>
    <trkpt lat="42.558145" lon="1.588895"><ele>1452.5</ele></trkpt>
    <trkpt lat="42.557794" lon="1.588751"><ele>1450.4</ele></trkpt>
    <trkpt lat="42.557569" lon="1.588691"><ele>1449.1</ele></trkpt>
    <trkpt lat="42.557128" lon="1.588655"><ele>1446.4</ele></trkpt>
    <trkpt lat="42.556752" lon="1.588656"><ele>1443.8</ele></trkpt>
    <trkpt lat="42.556157" lon="1.588718"><ele>1438.6</ele></trkpt>
    <trkpt lat="42.55601" lon="1.588685"><ele>1437.1</ele></trkpt>
    <trkpt lat="42.555641" lon="1.588536"><ele>1433.3</ele></trkpt>
    <trkpt lat="42.555456" lon="1.588498"><ele>1431.4</ele></trkpt>
    <trkpt lat="42.55495" lon="1.588551"><ele>1425.8</ele></trkpt>
    <trkpt lat="42.554949" lon="1.588551"><ele>1425.7</ele></trkpt>
    <trkpt lat="42.554438" lon="1.588522"><ele>1419.8</ele></trkpt>
    <trkpt lat="42.554391" lon="1.58852"><ele>1419.3</ele></trkpt>
    <trkpt lat="42.554209" lon="1.588529"><ele>1417.2</ele></trkpt>
    <trkpt lat="42.5542" lon="1.58853"><ele>1417.1</ele></trkpt>
    <trkpt lat="42.553678" lon="1.588627"><ele>1411.7</ele></trkpt>
    <trkpt lat="42.553532" lon="1.588643"><ele>1410.4</ele></trkpt>
    <trkpt lat="42.553229" lon="1.588678"><ele>1408.2</ele></trkpt>
    <trkpt lat="42.553085" lon="1.588731"><ele>1407.3</ele></trkpt>
    <trkpt lat="42.552833" lon="1.588885"><ele>1406.2</ele></trkpt>
    <trkpt lat="42.552686" lon="1.589001"><ele>1405.6</ele></trkpt>
    <trkpt lat="42.552457" lon="1.589242"><ele>1404.9</ele></trkpt>
    <trkpt lat="42.552099" lon="1.589768"><ele>1404.8</ele></trkpt>
    <trkpt lat="42.5519" lon="1.590048"><ele>1405.1</ele></trkpt>
    <trkpt lat="42.551596" lon="1.59037"><ele>1405.4</ele></trkpt>
    <trkpt lat="42.551119" lon="1.590717"><ele>1404.7</ele></trkpt>
    <trkpt lat="42.550967" lon="1.590753"><ele>1404.1</ele></trkpt>
    <trkpt lat="42.550897" lon="1.59072"><ele>1403.7</ele></trkpt>
    <trkpt lat="42.550807" lon="1.59076"><ele>1403.3</ele></trkpt>
    <trkpt lat="42.550758" lon="1.59087"><ele>1403</ele></trkpt>
    <trkpt lat="42.550612" lon="1.590982"><ele>1402.2</ele></trkpt>
    <trkpt lat="42.549957" lon="1.591247"><ele>1398.6</ele></trkpt>
    <trkpt lat="42.54895" lon="1.591568"><ele>1394.9</ele></trkpt>
    <trkpt lat="42.547887" lon="1.591792"><ele>1393.7</ele></trkpt>
    <trkpt lat="42.547294" lon="1.591785"><ele>1392.5</ele></trkpt>
    <trkpt lat="42.54667" lon="1.591613"><ele>1390.5</ele></trkpt>
    <trkpt lat="42.546162" lon="1.591395"><ele>1388.7</ele></trkpt>
    <trkpt lat="42.545724" lon="1.591338"><ele>1387.7</ele></trkpt>
    <trkpt lat="42.545483" lon="1.591368"><ele>1387.4</ele></trkpt>
    <trkpt lat="42.544301" lon="1.591827"><ele>1387.4</ele></trkpt>
    <trkpt lat="42.543949" lon="1.591805"><ele>1386.5</ele></trkpt>
    <trkpt lat="42.543467" lon="1.591595"><ele>1383.4</ele></trkpt>
    <trkpt lat="42.543038" lon="1.591495"><ele>1379.2</ele></trkpt>
    <trkpt lat="42.542775" lon="1.591498"><ele>1376.2</ele></trkpt>
    <trkpt lat="42.542014" lon="1.591584"><ele>1370</ele></trkpt>
    <trkpt lat="42.541814" lon="1.59167"><ele>1369.3</ele></trkpt>
    <trkpt lat="42.54161" lon="1.591803"><ele>1368.8</ele></trkpt>
    <trkpt lat="42.541215" lon="1.592193"><ele>1368.5</ele></trkpt>
    <trkpt lat="42.541082" lon="1.592275"><ele>1368.5</ele></trkpt>
    <trkpt lat="42.540925" lon="1.592306"><ele>1368.5</ele></trkpt>
    <trkpt lat="42.540794" lon="1.592287"><ele>1368.4</ele></trkpt>
    <trkpt lat="42.540622" lon="1.5922"><ele>1368.3</ele></trkpt>
    <trkpt lat="42.540322" lon="1.591944"><ele>1367.3</ele></trkpt>
    <trkpt lat="42.540149" lon="1.591836"><ele>1366.5</ele></trkpt>
    <trkpt lat="42.539966" lon="1.591789"><ele>1365.6</ele></trkpt>
    <trkpt lat="42.538547" lon="1.591699"><ele>1359.5</ele></trkpt>
    <trkpt lat="42.538229" lon="1.59156"><ele>1358</ele></trkpt>
    <trkpt lat="42.538079" lon="1.591441"><ele>1357</ele></trkpt>
    <trkpt lat="42.537953" lon="1.591298"><ele>1355.9</ele></trkpt>
    <trkpt lat="42.537844" lon="1.591122"><ele>1354.6</ele></trkpt>
    <trkpt lat="42.537571" lon="1.590554"><ele>1350.1</ele></trkpt>
    <trkpt lat="42.537173" lon="1.589678"><ele>1342.3</ele></trkpt>
    <trkpt lat="42.537036" lon="1.589405"><ele>1340.2</ele></trkpt>
    <trkpt lat="42.536916" lon="1.589242"><ele>1339</ele></trkpt>
    <trkpt lat="42.536875" lon="1.589199"><ele>1338.6</ele></trkpt>
    <trkpt lat="42.53684" lon="1.589173"><ele>1338.3</ele></trkpt>
    <trkpt lat="42.536519" lon="1.588932"><ele>1336.2</ele></trkpt>
    <trkpt lat="42.536261" lon="1.588815"><ele>1334.8</ele></trkpt>
    <trkpt lat="42.535811" lon="1.588613"><ele>1333.6</ele></trkpt>
    <trkpt lat="42.535574" lon="1.588487"><ele>1333</ele></trkpt>
    <trkpt lat="42.535485" lon="1.588432"><ele>1332.6</ele></trkpt>
    <trkpt lat="42.535375" lon="1.588324"><ele>1331.8</ele></trkpt>
    <trkpt lat="42.535317" lon="1.588245"><ele>1331.4</ele></trkpt>
    <trkpt lat="42.535342" lon="1.588186"><ele>1331.1</ele></trkpt>
    <trkpt lat="42.535339" lon="1.588119"><ele>1330.9</ele></trkpt>
    <trkpt lat="42.535284" lon="1.588052"><ele>1330.5</ele></trkpt>
    <trkpt lat="42.535259" lon="1.588048"><ele>1330.3</ele></trkpt>
    <trkpt lat="42.535083" lon="1.587907"><ele>1329.2</ele></trkpt>
    <trkpt lat="42.534689" lon="1.58732"><ele>1325.5</ele></trkpt>
    <trkpt lat="42.534565" lon="1.587101"><ele>1324.4</ele></trkpt>
    <trkpt lat="42.534491" lon="1.586945"><ele>1323.7</ele></trkpt>
    <trkpt lat="42.53445" lon="1.586856"><ele>1323.2</ele></trkpt>
    <trkpt lat="42.534388" lon="1.586726"><ele>1322.5</ele></trkpt>
    <trkpt lat="42.53411" lon="1.58617"><ele>1318.7</ele></trkpt>
    <trkpt lat="42.533863" lon="1.585832"><ele>1316.4</ele></trkpt>
    <trkpt lat="42.533672" lon="1.585624"><ele>1315</ele></trkpt>
    <trkpt lat="42.533521" lon="1.585406"><ele>1314</ele></trkpt>
    <trkpt lat="42.533481" lon="1.585179"><ele>1313.3</ele></trkpt>
    <trkpt lat="42.53351" lon="1.585112"><ele>1313.1</ele></trkpt>
    <trkpt lat="42.533499" lon="1.585033"><ele>1312.9</ele></trkpt>
    <trkpt lat="42.533452" lon="1.584985"><ele>1312.7</ele></trkpt>
    <trkpt lat="42.533401" lon="1.584986"><ele>1312.6</ele></trkpt>
    <trkpt lat="42.53317" lon="1.584852"><ele>1311.6</ele></trkpt>
    <trkpt lat="42.532303" lon="1.583904"><ele>1311.9</ele></trkpt>
    <trkpt lat="42.531918" lon="1.583266"><ele>1314.2</ele></trkpt>
    <trkpt lat="42.531802" lon="1.582971"><ele>1314.7</ele></trkpt>
    <trkpt lat="42.531724" lon="1.582631"><ele>1314.4</ele></trkpt>
    <trkpt lat="42.531687" lon="1.582216"><ele>1312.9</ele></trkpt>
    <trkpt lat="42.531697" lon="1.581781"><ele>1310.1</ele></trkpt>
    <trkpt lat="42.531733" lon="1.580866"><ele>1301.3</ele></trkpt>
    <trkpt lat="42.531736" lon="1.580242"><ele>1294.7</ele></trkpt>
    <trkpt lat="42.531786" lon="1.579979"><ele>1292.1</ele></trkpt>
    <trkpt lat="42.531861" lon="1.57987"><ele>1290.7</ele></trkpt>
    <trkpt lat="42.531858" lon="1.579742"><ele>1289.6</ele></trkpt>
    <trkpt lat="42.531795" lon="1.579647"><ele>1288.7</ele></trkpt>
    <trkpt lat="42.531764" lon="1.57943"><ele>1287.2</ele></trkpt>
    <trkpt lat="42.53178" lon="1.578976"><ele>1284.5</ele></trkpt>
    <trkpt lat="42.531734" lon="1.577589"><ele>1277.6</ele></trkpt>
    <trkpt lat="42.531708" lon="1.5773"><ele>1276</ele></trkpt>
    <trkpt lat="42.531708" lon="1.577185"><ele>1275.3</ele></trkpt>
    <trkpt lat="42.531638" lon="1.576495"><ele>1271.4</ele></trkpt>
    <trkpt lat="42.531634" lon="1.576468"><ele>1271.3</ele></trkpt>
    <trkpt lat="42.531461" lon="1.57553"><ele>1265.4</ele></trkpt>
    <trkpt lat="42.531383" lon="1.575179"><ele>1263.3</ele></trkpt>
    <trkpt lat="42.531272" lon="1.574836"><ele>1261.4</ele></trkpt>
    <trkpt lat="42.53103" lon="1.574319"><ele>1258.6</ele></trkpt>
    <trkpt lat="42.530905" lon="1.57411"><ele>1257.6</ele></trkpt>
    <trkpt lat="42.530634" lon="1.573768"><ele>1256.7</ele></trkpt>
    <trkpt lat="42.530345" lon="1.57352"><ele>1257</ele></trkpt>
    <trkpt lat="42.529881" lon="1.573291"><ele>1256.8</ele></trkpt>
    <trkpt lat="42.529625" lon="1.573052"><ele>1255.8</ele></trkpt>
    <trkpt lat="42.529524" lon="1.572918"><ele>1255</ele></trkpt>
    <trkpt lat="42.52952" lon="1.572908"><ele>1255</ele></trkpt>
    <trkpt lat="42.529389" lon="1.57259"><ele>1252.8</ele></trkpt>
    <trkpt lat="42.529387" lon="1.572585"><ele>1252.8</ele></trkpt>
    <trkpt lat="42.529347" lon="1.572424"><ele>1251.8</ele></trkpt>
    <trkpt lat="42.529302" lon="1.57198"><ele>1250</ele></trkpt>
    <trkpt lat="42.529321" lon="1.571797"><ele>1249.3</ele></trkpt>
    <trkpt lat="42.529358" lon="1.571721"><ele>1249</ele></trkpt>
    <trkpt lat="42.529414" lon="1.571706"><ele>1248.7</ele></trkpt>
    <trkpt lat="42.529496" lon="1.5716"><ele>1247.9</ele></trkpt>
    <trkpt lat="42.529509" lon="1.571498"><ele>1247.3</ele></trkpt>
    <trkpt lat="42.529482" lon="1.571396"><ele>1246.7</ele></trkpt>
    <trkpt lat="42.52939" lon="1.571313"><ele>1245.9</ele></trkpt>
    <trkpt lat="42.529312" lon="1.571317"><ele>1245.3</ele></trkpt>
    <trkpt lat="42.529255" lon="1.571361"><ele>1244.8</ele></trkpt>
    <trkpt lat="42.529218" lon="1.571433"><ele>1244.3</ele></trkpt>
    <trkpt lat="42.528865" lon="1.571023"><ele>1241</ele></trkpt>
    <trkpt lat="42.528316" lon="1.570187"><ele>1236.1</ele></trkpt>
    <trkpt lat="42.527778" lon="1.569369"><ele>1227.4</ele></trkpt>
    <trkpt lat="42.527614" lon="1.569077"><ele>1225</ele></trkpt>
    <trkpt lat="42.527339" lon="1.568529"><ele>1221.2</ele></trkpt>
    <trkpt lat="42.526969" lon="1.567791"><ele>1217.2</ele></trkpt>
    <trkpt lat="42.526771" lon="1.567512"><ele>1215.9</ele></trkpt>
    <trkpt lat="42.526805" lon="1.56747"><ele>1215.5</ele></trkpt>
    <trkpt lat="42.525882" lon="1.566278"><ele>1207.7</ele></trkpt>
    <trkpt lat="42.525614" lon="1.56576"><ele>1204</ele></trkpt>
    <trkpt lat="42.525432" lon="1.565327"><ele>1200.2</ele></trkpt>
    <trkpt lat="42.525246" lon="1.564772"><ele>1197.8</ele></trkpt>
    <trkpt lat="42.525222" lon="1.564637"><ele>1197.4</ele></trkpt>
    <trkpt lat="42.525266" lon="1.564472"><ele>1196.7</ele></trkpt>
    <trkpt lat="42.525319" lon="1.564333"><ele>1196.1</ele></trkpt>
    <trkpt lat="42.525306" lon="1.564228"><ele>1195.8</ele></trkpt>
    <trkpt lat="42.525239" lon="1.56413"><ele>1195.2</ele></trkpt>
    <trkpt lat="42.525142" lon="1.564106"><ele>1194.7</ele></trkpt>
    <trkpt lat="42.525058" lon="1.564075"><ele>1194.5</ele></trkpt>
    <trkpt lat="42.524934" lon="1.563941"><ele>1193.8</ele></trkpt>
    <trkpt lat="42.524718" lon="1.56321"><ele>1191.9</ele></trkpt>
    <trkpt lat="42.524601" lon="1.562912"><ele>1191.6</ele></trkpt>
    <trkpt lat="42.524492" lon="1.562705"><ele>1191.3</ele></trkpt>
    <trkpt lat="42.524377" lon="1.562544"><ele>1190.4</ele></trkpt>
    <trkpt lat="42.524036" lon="1.562236"><ele>1188</ele></trkpt>
    <trkpt lat="42.523682" lon="1.561965"><ele>1186.8</ele></trkpt>
    <trkpt lat="42.523348" lon="1.56165"><ele>1186.8</ele></trkpt>
    <trkpt lat="42.523205" lon="1.561516"><ele>1186.8</ele></trkpt>
    <trkpt lat="42.522644" lon="1.560765"><ele>1187.2</ele></trkpt>
    <trkpt lat="42.522198" lon="1.560034"><ele>1188.1</ele></trkpt>
    <trkpt lat="42.521943" lon="1.559617"><ele>1187.3</ele></trkpt>
    <trkpt lat="42.521833" lon="1.559429"><ele>1186.7</ele></trkpt>
    <trkpt lat="42.521681" lon="1.559184"><ele>1186.1</ele></trkpt>
    <trkpt lat="42.521365" lon="1.558768"><ele>1185.1</ele></trkpt>
    <trkpt lat="42.52086" lon="1.558206"><ele>1182.5</ele></trkpt>
    <trkpt lat="42.519755" lon="1.557106"><ele>1176.1</ele></trkpt>
    <trkpt lat="42.51968" lon="1.557035"><ele>1175.8</ele></trkpt>
    <trkpt lat="42.519624" lon="1.556985"><ele>1175.7</ele></trkpt>
    <trkpt lat="42.519487" lon="1.556827"><ele>1175.2</ele></trkpt>
    <trkpt lat="42.519478" lon="1.55682"><ele>1175.1</ele></trkpt>
    <trkpt lat="42.519318" lon="1.5567"><ele>1174.7</ele></trkpt>
    <trkpt lat="42.518724" lon="1.556192"><ele>1172.3</ele></trkpt>
    <trkpt lat="42.51833" lon="1.555749"><ele>1170.1</ele></trkpt>
    <trkpt lat="42.518101" lon="1.555452"><ele>1168.4</ele></trkpt>
    <trkpt lat="42.5181" lon="1.555368"><ele>1168</ele></trkpt>
    <trkpt lat="42.518071" lon="1.555293"><ele>1167.6</ele></trkpt>
    <trkpt lat="42.51798" lon="1.555233"><ele>1166.9</ele></trkpt>
    <trkpt lat="42.517842" lon="1.554972"><ele>1164.9</ele></trkpt>
    <trkpt lat="42.517692" lon="1.554687"><ele>1162.4</ele></trkpt>
    <trkpt lat="42.51756" lon="1.554496"><ele>1160.5</ele></trkpt>
    <trkpt lat="42.517402" lon="1.554295"><ele>1158.7</ele></trkpt>
    <trkpt lat="42.51711" lon="1.554015"><ele>1156.4</ele></trkpt>
    <trkpt lat="42.516664" lon="1.553628"><ele>1152.8</ele></trkpt>
    <trkpt lat="42.516312" lon="1.553492"><ele>1150.3</ele></trkpt>
    <trkpt lat="42.515723" lon="1.553314"><ele>1147</ele></trkpt>
    <trkpt lat="42.515359" lon="1.553081"><ele>1145.2</ele></trkpt>
    <trkpt lat="42.515068" lon="1.552851"><ele>1143.5</ele></trkpt>
    <trkpt lat="42.514845" lon="1.552745"><ele>1142.7</ele></trkpt>
    <trkpt lat="42.514616" lon="1.552701"><ele>1142</ele></trkpt>
    <trkpt lat="42.514213" lon="1.552724"><ele>1140.3</ele></trkpt>
    <trkpt lat="42.513851" lon="1.552694"><ele>1138.3</ele></trkpt>
    <trkpt lat="42.51379" lon="1.552665"><ele>1138.1</ele></trkpt>
    <trkpt lat="42.513614" lon="1.552543"><ele>1137.1</ele></trkpt>
    <trkpt lat="42.513488" lon="1.552398"><ele>1136.5</ele></trkpt>
    <trkpt lat="42.51336" lon="1.552196"><ele>1136.3</ele></trkpt>
    <trkpt lat="42.513109" lon="1.551684"><ele>1136.8</ele></trkpt>
    <trkpt lat="42.512943" lon="1.551397"><ele>1137.1</ele></trkpt>
    <trkpt lat="42.512789" lon="1.551219"><ele>1137.4</ele></trkpt>
    <trkpt lat="42.512563" lon="1.551002"><ele>1137.6</ele></trkpt>
    <trkpt lat="42.512468" lon="1.550901"><ele>1137.5</ele></trkpt>
    <trkpt lat="42.512256" lon="1.550674"><ele>1137.5</ele></trkpt>
    <trkpt lat="42.512256" lon="1.550674"><ele>1137</ele></trkpt>
    <trkpt lat="42.512256" lon="1.550674"><ele>1137</ele></trkpt>
    <trkpt lat="42.512103" lon="1.550565"><ele>1136.7</ele></trkpt>
    <trkpt lat="42.512067" lon="1.550509"><ele>1136.7</ele></trkpt>
    <trkpt lat="42.512029" lon="1.550423"><ele>1136.5</ele></trkpt>
    <trkpt lat="42.511778" lon="1.549876"><ele>1133.5</ele></trkpt>
    <trkpt lat="42.51143" lon="1.549337"><ele>1130.6</ele></trkpt>
    <trkpt lat="42.51131" lon="1.549047"><ele>1128.6</ele></trkpt>
    <trkpt lat="42.51131" lon="1.549047"><ele>1129.3</ele></trkpt>
    <trkpt lat="42.51131" lon="1.549047"><ele>1129.3</ele></trkpt>
    <trkpt lat="42.511025" lon="1.548681"><ele>1128.1</ele></trkpt>
    <trkpt lat="42.511025" lon="1.548681"><ele>1128.3</ele></trkpt>
    <trkpt lat="42.511025" lon="1.548681"><ele>1128.3</ele></trkpt>
    <trkpt lat="42.510573" lon="1.548499"><ele>1129.9</ele></trkpt>
    <trkpt lat="42.51034" lon="1.548405"><ele>1131.9</ele></trkpt>
    <trkpt lat="42.510208" lon="1.548391"><ele>1132.4</ele></trkpt>
    <trkpt lat="42.510208" lon="1.548391"><ele>1132.6</ele></trkpt>
    <trkpt lat="42.510208" lon="1.548391"><ele>1132.6</ele></trkpt>
    <trkpt lat="42.509785" lon="1.54845"><ele>1135.1</ele></trkpt>
    <trkpt lat="42.509751" lon="1.548468"><ele>1135.4</ele></trkpt>
    <trkpt lat="42.509434" lon="1.548506"><ele>1137.4</ele></trkpt>
    <trkpt lat="42.508872" lon="1.548481"><ele>1141.6</ele></trkpt>
    <trkpt lat="42.508479" lon="1.548373"><ele>1145.4</ele></trkpt>
    <trkpt lat="42.508246" lon="1.548383"><ele>1147.9</ele></trkpt>
    <trkpt lat="42.507831" lon="1.54852"><ele>1153.4</ele></trkpt>
    <trkpt lat="42.507641" lon="1.548613"><ele>1156.1</ele></trkpt>
    <trkpt lat="42.507338" lon="1.548818"><ele>1160.9</ele></trkpt>
    <trkpt lat="42.506897" lon="1.549104"><ele>1167.1</ele></trkpt>
    <trkpt lat="42.506581" lon="1.549274"><ele>1169.9</ele></trkpt>
    <trkpt lat="42.506544" lon="1.549357"><ele>1170.3</ele></trkpt>
    <trkpt lat="42.506545" lon="1.549456"><ele>1170.7</ele></trkpt>
    <trkpt lat="42.506565" lon="1.549499"><ele>1170.9</ele></trkpt>
    <trkpt lat="42.506665" lon="1.549535"><ele>1171.4</ele></trkpt>
    <trkpt lat="42.506978" lon="1.549431"><ele>1172.8</ele></trkpt>
    <trkpt lat="42.507439" lon="1.549357"><ele>1175.4</ele></trkpt>
    <trkpt lat="42.5078" lon="1.54925"><ele>1177.9</ele></trkpt>
    <trkpt lat="42.5079" lon="1.549298"><ele>1178.7</ele></trkpt>
    <trkpt lat="42.507919" lon="1.549435"><ele>1179.6</ele></trkpt>
    <trkpt lat="42.507835" lon="1.549559"><ele>1180.8</ele></trkpt>
    <trkpt lat="42.506218" lon="1.550568"><ele>1203.9</ele></trkpt>
    <trkpt lat="42.50587" lon="1.550846"><ele>1208.8</ele></trkpt>
    <trkpt lat="42.505047" lon="1.551208"><ele>1219.2</ele></trkpt>
    <trkpt lat="42.504907" lon="1.551377"><ele>1221.8</ele></trkpt>
    <trkpt lat="42.5047" lon="1.551855"><ele>1227.3</ele></trkpt>
    <trkpt lat="42.504544" lon="1.552011"><ele>1229.6</ele></trkpt>
    <trkpt lat="42.504238" lon="1.552198"><ele>1232.8</ele></trkpt>
    <trkpt lat="42.504104" lon="1.552273"><ele>1233.8</ele></trkpt>
    <trkpt lat="42.504087" lon="1.552222"><ele>1234</ele></trkpt>
    <trkpt lat="42.504035" lon="1.552025"><ele>1234.9</ele></trkpt>
    <trkpt lat="42.504043" lon="1.551864"><ele>1235.6</ele></trkpt>
    <trkpt lat="42.504203" lon="1.551144"><ele>1237.5</ele></trkpt>
    <trkpt lat="42.504305" lon="1.550894"><ele>1237.5</ele></trkpt>
    <trkpt lat="42.504592" lon="1.550181"><ele>1237.3</ele></trkpt>
    <trkpt lat="42.504985" lon="1.549392"><ele>1239.5</ele></trkpt>
    <trkpt lat="42.505079" lon="1.549106"><ele>1240.8</ele></trkpt>
    <trkpt lat="42.505379" lon="1.547902"><ele>1245.7</ele></trkpt>
    <trkpt lat="42.505581" lon="1.547419"><ele>1246.4</ele></trkpt>
    <trkpt lat="42.505642" lon="1.547286"><ele>1246.3</ele></trkpt>
    <trkpt lat="42.50569" lon="1.547166"><ele>1246.2</ele></trkpt>
    <trkpt lat="42.506046" lon="1.546241"><ele>1243.1</ele></trkpt>
    <trkpt lat="42.506096" lon="1.546025"><ele>1242</ele></trkpt>
    <trkpt lat="42.506192" lon="1.544919"><ele>1238.7</ele></trkpt>
    <trkpt lat="42.506148" lon="1.54419"><ele>1239.9</ele></trkpt>
    <trkpt lat="42.506065" lon="1.543717"><ele>1241.6</ele></trkpt>
    <trkpt lat="42.505692" lon="1.542636"><ele>1244.7</ele></trkpt>
    <trkpt lat="42.505465" lon="1.541082"><ele>1239.3</ele></trkpt>
    <trkpt lat="42.50539" lon="1.540724"><ele>1236.6</ele></trkpt>
    <trkpt lat="42.505269" lon="1.540526"><ele>1234.9</ele></trkpt>
    <trkpt lat="42.504612" lon="1.539921"><ele>1228.8</ele></trkpt>
    <trkpt lat="42.504484" lon="1.539823"><ele>1228.4</ele></trkpt>
    <trkpt lat="42.504271" lon="1.539713"><ele>1228.7</ele></trkpt>
    <trkpt lat="42.50415" lon="1.5396"><ele>1229.4</ele></trkpt>
    <trkpt lat="42.504038" lon="1.53926"><ele>1231.1</ele></trkpt>
    <trkpt lat="42.50392" lon="1.539034"><ele>1231.8</ele></trkpt>
    <trkpt lat="42.503756" lon="1.538893"><ele>1232.4</ele></trkpt>
    <trkpt lat="42.503544" lon="1.538776"><ele>1233.1</ele></trkpt>
    <trkpt lat="42.503433" lon="1.538651"><ele>1233.5</ele></trkpt>
    <trkpt lat="42.503378" lon="1.538373"><ele>1234.5</ele></trkpt>
    <trkpt lat="42.503368" lon="1.538092"><ele>1235.8</ele></trkpt>
    <trkpt lat="42.503372" lon="1.537673"><ele>1238.4</ele></trkpt>
    <trkpt lat="42.503292" lon="1.537312"><ele>1240</ele></trkpt>
    <trkpt lat="42.50284" lon="1.535117"><ele>1251.5</ele></trkpt>
    <trkpt lat="42.502774" lon="1.534884"><ele>1252.6</ele></trkpt>
    <trkpt lat="42.502722" lon="1.534596"><ele>1253.8</ele></trkpt>
    <trkpt lat="42.502701" lon="1.534132"><ele>1256.4</ele></trkpt>
    <trkpt lat="42.50264" lon="1.534041"><ele>1257.3</ele></trkpt>
    <trkpt lat="42.502073" lon="1.533572"><ele>1263.1</ele></trkpt>
    <trkpt lat="42.501931" lon="1.533389"><ele>1264.7</ele></trkpt>
    <trkpt lat="42.501824" lon="1.53317"><ele>1266.3</ele></trkpt>
    <trkpt lat="42.501773" lon="1.533138"><ele>1266.7</ele></trkpt>
    <trkpt lat="42.501728" lon="1.533147"><ele>1267.2</ele></trkpt>
    <trkpt lat="42.501698" lon="1.533205"><ele>1267.7</ele></trkpt>
    <trkpt lat="42.501699" lon="1.533342"><ele>1268.7</ele></trkpt>
    <trkpt lat="42.50191" lon="1.533712"><ele>1272.7</ele></trkpt>
    <trkpt lat="42.502028" lon="1.533989"><ele>1275.9</ele></trkpt>
    <trkpt lat="42.502155" lon="1.534175"><ele>1278.3</ele></trkpt>
    <trkpt lat="42.50215" lon="1.534275"><ele>1279.1</ele></trkpt>
    <trkpt lat="42.502097" lon="1.53433"><ele>1279.9</ele></trkpt>
    <trkpt lat="42.502052" lon="1.534316"><ele>1280.3</ele></trkpt>
    <trkpt lat="42.501761" lon="1.534031"><ele>1283.8</ele></trkpt>
    <trkpt lat="42.501304" lon="1.533776"><ele>1291.9</ele></trkpt>
    <trkpt lat="42.501219" lon="1.533682"><ele>1293.8</ele></trkpt>
    <trkpt lat="42.501117" lon="1.533448"><ele>1297</ele></trkpt>
    <trkpt lat="42.501067" lon="1.533135"><ele>1300.5</ele></trkpt>
    <trkpt lat="42.500972" lon="1.533048"><ele>1302.1</ele></trkpt>
    <trkpt lat="42.50091" lon="1.533108"><ele>1303.3</ele></trkpt>
    <trkpt lat="42.500892" lon="1.533178"><ele>1303.9</ele></trkpt>
    <trkpt lat="42.500904" lon="1.533297"><ele>1305.2</ele></trkpt>
    <trkpt lat="42.501032" lon="1.533892"><ele>1311.2</ele></trkpt>
    <trkpt lat="42.501099" lon="1.53407"><ele>1313.2</ele></trkpt>
    <trkpt lat="42.501362" lon="1.534442"><ele>1318.2</ele></trkpt>
    <trkpt lat="42.501459" lon="1.534536"><ele>1319.5</ele></trkpt>
    <trkpt lat="42.501734" lon="1.534715"><ele>1323</ele></trkpt>
    <trkpt lat="42.501763" lon="1.534821"><ele>1324.1</ele></trkpt>
    <trkpt lat="42.501741" lon="1.534884"><ele>1324.7</ele></trkpt>
    <trkpt lat="42.501705" lon="1.534912"><ele>1325.2</ele></trkpt>
    <trkpt lat="42.501606" lon="1.534896"><ele>1326.5</ele></trkpt>
    <trkpt lat="42.501011" lon="1.534417"><ele>1336</ele></trkpt>
    <trkpt lat="42.500825" lon="1.534243"><ele>1338.9</ele></trkpt>
    <trkpt lat="42.500653" lon="1.534036"><ele>1341.6</ele></trkpt>
    <trkpt lat="42.500304" lon="1.533347"><ele>1346.5</ele></trkpt>
    <trkpt lat="42.500254" lon="1.533182"><ele>1346.7</ele></trkpt>
    <trkpt lat="42.500251" lon="1.532821"><ele>1346.1</ele></trkpt>
    <trkpt lat="42.500378" lon="1.532238"><ele>1345.1</ele></trkpt>
    <trkpt lat="42.500479" lon="1.53188"><ele>1344.1</ele></trkpt>
    <trkpt lat="42.500699" lon="1.531641"><ele>1342.4</ele></trkpt>
    <trkpt lat="42.500692" lon="1.5315"><ele>1341.7</ele></trkpt>
    <trkpt lat="42.500635" lon="1.531465"><ele>1341.3</ele></trkpt>
    <trkpt lat="42.500579" lon="1.531469"><ele>1340.9</ele></trkpt>
    <trkpt lat="42.500226" lon="1.5315"><ele>1338</ele></trkpt>
    <trkpt lat="42.499984" lon="1.531403"><ele>1336.2</ele></trkpt>
    <trkpt lat="42.499205" lon="1.53077"><ele>1331.5</ele></trkpt>
    <trkpt lat="42.499171" lon="1.530674"><ele>1330.7</ele></trkpt>
    <trkpt lat="42.499233" lon="1.530564"><ele>1329.8</ele></trkpt>
    <trkpt lat="42.499328" lon="1.530545"><ele>1328.9</ele></trkpt>
    <trkpt lat="42.499696" lon="1.530592"><ele>1325.2</ele></trkpt>
    <trkpt lat="42.500041" lon="1.530714"><ele>1320.9</ele></trkpt>
    <trkpt lat="42.50034" lon="1.530731"><ele>1317.2</ele></trkpt>
    <trkpt lat="42.500531" lon="1.530635"><ele>1314.8</ele></trkpt>
    <trkpt lat="42.500866" lon="1.530314"><ele>1310.4</ele></trkpt>
    <trkpt lat="42.500905" lon="1.530227"><ele>1309.6</ele></trkpt>
    <trkpt lat="42.500887" lon="1.530152"><ele>1309</ele></trkpt>
    <trkpt lat="42.500796" lon="1.53009"><ele>1308</ele></trkpt>
    <trkpt lat="42.50066" lon="1.530056"><ele>1306.8</ele></trkpt>
    <trkpt lat="42.500488" lon="1.529927"><ele>1305.5</ele></trkpt>
    <trkpt lat="42.500106" lon="1.5293"><ele>1300.5</ele></trkpt>
    <trkpt lat="42.499971" lon="1.529157"><ele>1299.2</ele></trkpt>
    <trkpt lat="42.499771" lon="1.529022"><ele>1297.3</ele></trkpt>
    <trkpt lat="42.499735" lon="1.528963"><ele>1296.9</ele></trkpt>
    <trkpt lat="42.499739" lon="1.528813"><ele>1295.7</ele></trkpt>
    <trkpt lat="42.499794" lon="1.528752"><ele>1295</ele></trkpt>
    <trkpt lat="42.499864" lon="1.528745"><ele>1294.3</ele></trkpt>
    <trkpt lat="42.500541" lon="1.528902"><ele>1286.2</ele></trkpt>
    <trkpt lat="42.500593" lon="1.528886"><ele>1285.4</ele></trkpt>
    <trkpt lat="42.500659" lon="1.528665"><ele>1282.9</ele></trkpt>
    <trkpt lat="42.500792" lon="1.527943"><ele>1274.6</ele></trkpt>
    <trkpt lat="42.50083" lon="1.527889"><ele>1273.8</ele></trkpt>
    <trkpt lat="42.500884" lon="1.527866"><ele>1272.9</ele></trkpt>
    <trkpt lat="42.500944" lon="1.527883"><ele>1271.9</ele></trkpt>
    <trkpt lat="42.501121" lon="1.52805"><ele>1268.7</ele></trkpt>
    <trkpt lat="42.501257" lon="1.528075"><ele>1266.7</ele></trkpt>
    <trkpt lat="42.501579" lon="1.527976"><ele>1262.4</ele></trkpt>
    <trkpt lat="42.501744" lon="1.52796"><ele>1260.5</ele></trkpt>
    <trkpt lat="42.501801" lon="1.528"><ele>1259.9</ele></trkpt>
    <trkpt lat="42.502015" lon="1.528367"><ele>1257</ele></trkpt>
    <trkpt lat="42.502083" lon="1.528365"><ele>1256.5</ele></trkpt>
    <trkpt lat="42.502129" lon="1.528276"><ele>1255.8</ele></trkpt>
    <trkpt lat="42.50212" lon="1.528174"><ele>1255.3</ele></trkpt>
    <trkpt lat="42.501841" lon="1.527798"><ele>1252.9</ele></trkpt>
    <trkpt lat="42.501733" lon="1.527715"><ele>1252.2</ele></trkpt>
    <trkpt lat="42.501554" lon="1.527634"><ele>1251.3</ele></trkpt>
    <trkpt lat="42.501408" lon="1.527509"><ele>1250.5</ele></trkpt>
    <trkpt lat="42.501107" lon="1.526992"><ele>1248.1</ele></trkpt>
    <trkpt lat="42.500738" lon="1.526102"><ele>1242.1</ele></trkpt>
    <trkpt lat="42.500402" lon="1.525769"><ele>1238.5</ele></trkpt>
    <trkpt lat="42.500312" lon="1.525561"><ele>1237.1</ele></trkpt>
    <trkpt lat="42.500297" lon="1.525421"><ele>1236.3</ele></trkpt>
    <trkpt lat="42.50036" lon="1.525334"><ele>1235.7</ele></trkpt>
    <trkpt lat="42.500416" lon="1.525312"><ele>1235.3</ele></trkpt>
    <trkpt lat="42.500551" lon="1.525434"><ele>1234.3</ele></trkpt>
    <trkpt lat="42.50119" lon="1.526243"><ele>1228.5</ele></trkpt>
    <trkpt lat="42.501318" lon="1.526321"><ele>1227.5</ele></trkpt>
    <trkpt lat="42.501618" lon="1.526349"><ele>1225.4</ele></trkpt>
    <trkpt lat="42.501627" lon="1.52635"><ele>1225.3</ele></trkpt>
    <trkpt lat="42.502014" lon="1.526716"><ele>1222.3</ele></trkpt>
    <trkpt lat="42.502075" lon="1.526682"><ele>1221.9</ele></trkpt>
    <trkpt lat="42.502083" lon="1.526559"><ele>1221.3</ele></trkpt>
    <trkpt lat="42.501723" lon="1.526167"><ele>1217.6</ele></trkpt>
    <trkpt lat="42.501407" lon="1.525715"><ele>1213.9</ele></trkpt>
    <trkpt lat="42.50119" lon="1.525356"><ele>1211</ele></trkpt>
    <trkpt lat="42.500736" lon="1.524432"><ele>1201.3</ele></trkpt>
    <trkpt lat="42.500529" lon="1.524091"><ele>1195.8</ele></trkpt>
    <trkpt lat="42.499785" lon="1.523351"><ele>1182.3</ele></trkpt>
    <trkpt lat="42.499584" lon="1.523249"><ele>1180.8</ele></trkpt>
    <trkpt lat="42.499501" lon="1.523237"><ele>1180.2</ele></trkpt>
    <trkpt lat="42.499413" lon="1.523267"><ele>1179.7</ele></trkpt>
    <trkpt lat="42.49935" lon="1.523388"><ele>1179.2</ele></trkpt>
    <trkpt lat="42.499348" lon="1.523893"><ele>1177.7</ele></trkpt>
    <trkpt lat="42.499336" lon="1.523984"><ele>1177.6</ele></trkpt>
    <trkpt lat="42.499291" lon="1.524094"><ele>1177.3</ele></trkpt>
    <trkpt lat="42.499161" lon="1.524141"><ele>1177.1</ele></trkpt>
    <trkpt lat="42.499038" lon="1.524094"><ele>1177.2</ele></trkpt>
    <trkpt lat="42.498781" lon="1.523839"><ele>1178</ele></trkpt>
    <trkpt lat="42.498228" lon="1.523123"><ele>1173.3</ele></trkpt>
    <trkpt lat="42.49808" lon="1.522871"><ele>1170.2</ele></trkpt>
    <trkpt lat="42.497954" lon="1.522509"><ele>1166.3</ele></trkpt>
    <trkpt lat="42.497915" lon="1.522311"><ele>1164.6</ele></trkpt>
    <trkpt lat="42.497916" lon="1.522001"><ele>1162.3</ele></trkpt>
    <trkpt lat="42.497994" lon="1.521536"><ele>1159.7</ele></trkpt>
    <trkpt lat="42.497985" lon="1.521427"><ele>1159.3</ele></trkpt>
    <trkpt lat="42.497958" lon="1.521379"><ele>1159.1</ele></trkpt>
    <trkpt lat="42.497897" lon="1.521372"><ele>1158.9</ele></trkpt>
    <trkpt lat="42.49771" lon="1.521442"><ele>1159.2</ele></trkpt>
    <trkpt lat="42.49684" lon="1.521499"><ele>1163.6</ele></trkpt>
    <trkpt lat="42.496738" lon="1.521448"><ele>1164.3</ele></trkpt>
    <trkpt lat="42.496692" lon="1.521377"><ele>1164.7</ele></trkpt>
    <trkpt lat="42.496683" lon="1.521346"><ele>1164.9</ele></trkpt>
    <trkpt lat="42.496681" lon="1.52128"><ele>1165.3</ele></trkpt>
    <trkpt lat="42.496716" lon="1.521185"><ele>1165.7</ele></trkpt>
    <trkpt lat="42.497169" lon="1.520666"><ele>1166.7</ele></trkpt>
    <trkpt lat="42.49732" lon="1.520403"><ele>1165</ele></trkpt>
    <trkpt lat="42.497496" lon="1.519765"><ele>1156.4</ele></trkpt>
    <trkpt lat="42.497624" lon="1.519486"><ele>1152</ele></trkpt>
    <trkpt lat="42.497703" lon="1.519323"><ele>1149.3</ele></trkpt>
    <trkpt lat="42.497742" lon="1.519244"><ele>1148.1</ele></trkpt>
    <trkpt lat="42.497817" lon="1.519082"><ele>1145.6</ele></trkpt>
    <trkpt lat="42.497962" lon="1.518765"><ele>1141.2</ele></trkpt>
    <trkpt lat="42.497989" lon="1.518655"><ele>1139.9</ele></trkpt>
    <trkpt lat="42.497999" lon="1.518531"><ele>1138.5</ele></trkpt>
    <trkpt lat="42.49795" lon="1.517927"><ele>1132.5</ele></trkpt>
    <trkpt lat="42.497909" lon="1.517454"><ele>1129.7</ele></trkpt>
    <trkpt lat="42.497769" lon="1.516645"><ele>1125.7</ele></trkpt>
    <trkpt lat="42.497775" lon="1.516147"><ele>1122.8</ele></trkpt>
    <trkpt lat="42.497839" lon="1.515541"><ele>1119.1</ele></trkpt>
    <trkpt lat="42.497807" lon="1.515159"><ele>1116.7</ele></trkpt>
    <trkpt lat="42.497583" lon="1.514325"><ele>1109.1</ele></trkpt>
    <trkpt lat="42.497369" lon="1.513847"><ele>1104.3</ele></trkpt>
    <trkpt lat="42.497242" lon="1.513621"><ele>1102.9</ele></trkpt>
    <trkpt lat="42.497118" lon="1.513472"><ele>1101.6</ele></trkpt>
    <trkpt lat="42.497" lon="1.513291"><ele>1100.1</ele></trkpt>
    <trkpt lat="42.496976" lon="1.513208"><ele>1099.4</ele></trkpt>
    <trkpt lat="42.496983" lon="1.513139"><ele>1099</ele></trkpt>
    <trkpt lat="42.497024" lon="1.513095"><ele>1098.4</ele></trkpt>
    <trkpt lat="42.497108" lon="1.513076"><ele>1097.6</ele></trkpt>
    <trkpt lat="42.497171" lon="1.513121"><ele>1096.7</ele></trkpt>
    <trkpt lat="42.497343" lon="1.513418"><ele>1093.6</ele></trkpt>
    <trkpt lat="42.498011" lon="1.5143"><ele>1087.8</ele></trkpt>
    <trkpt lat="42.498128" lon="1.51452"><ele>1087.3</ele></trkpt>
    <trkpt lat="42.498235" lon="1.514874"><ele>1086.4</ele></trkpt>
    <trkpt lat="42.498384" lon="1.515769"><ele>1083.5</ele></trkpt>
    <trkpt lat="42.498518" lon="1.516342"><ele>1080.5</ele></trkpt>
    <trkpt lat="42.498685" lon="1.516749"><ele>1077.2</ele></trkpt>
    <trkpt lat="42.498853" lon="1.516986"><ele>1074.2</ele></trkpt>
    <trkpt lat="42.499052" lon="1.517161"><ele>1070.5</ele></trkpt>
    <trkpt lat="42.499235" lon="1.517265"><ele>1067</ele></trkpt>
    <trkpt lat="42.499848" lon="1.517498"><ele>1055.8</ele></trkpt>
    <trkpt lat="42.50027" lon="1.51768"><ele>1049.5</ele></trkpt>
    <trkpt lat="42.500485" lon="1.517722"><ele>1047.1</ele></trkpt>
    <trkpt lat="42.500904" lon="1.517804"><ele>1042.9</ele></trkpt>
    <trkpt lat="42.500975" lon="1.517838"><ele>1042.1</ele></trkpt>
    <trkpt lat="42.501021" lon="1.51791"><ele>1041.4</ele></trkpt>
    <trkpt lat="42.501024" lon="1.517974"><ele>1040.9</ele></trkpt>
    <trkpt lat="42.501019" lon="1.518088"><ele>1040</ele></trkpt>
    <trkpt lat="42.501014" lon="1.518188"><ele>1039.3</ele></trkpt>
    <trkpt lat="42.500955" lon="1.518888"><ele>1034.9</ele></trkpt>
    <trkpt lat="42.500957" lon="1.518957"><ele>1034.4</ele></trkpt>
    <trkpt lat="42.501106" lon="1.519393"><ele>1031.3</ele></trkpt>
    <trkpt lat="42.501118" lon="1.519425"><ele>1031.1</ele></trkpt>
    <trkpt lat="42.501135" lon="1.519471"><ele>1030.8</ele></trkpt>
    <trkpt lat="42.501159" lon="1.519538"><ele>1030.2</ele></trkpt>
    <trkpt lat="42.501203" lon="1.519648"><ele>1029.3</ele></trkpt>
    <trkpt lat="42.501252" lon="1.519737"><ele>1028.3</ele></trkpt>
    <trkpt lat="42.50139" lon="1.519854"><ele>1026.3</ele></trkpt>
    <trkpt lat="42.501497" lon="1.51989"><ele>1024.9</ele></trkpt>
    <trkpt lat="42.501815" lon="1.519902"><ele>1020.2</ele></trkpt>
    <trkpt lat="42.502043" lon="1.519918"><ele>1017.5</ele></trkpt>
    <trkpt lat="42.502249" lon="1.519972"><ele>1015</ele></trkpt>
    <trkpt lat="42.502624" lon="1.520215"><ele>1010.2</ele></trkpt>
    <trkpt lat="42.502732" lon="1.520249"><ele>1009</ele></trkpt>
    <trkpt lat="42.502799" lon="1.520299"><ele>1008.1</ele></trkpt>
    <trkpt lat="42.502819" lon="1.520426"><ele>1007.3</ele></trkpt>
    <trkpt lat="42.502799" lon="1.520526"><ele>1006.5</ele></trkpt>
    <trkpt lat="42.502746" lon="1.520604"><ele>1005.9</ele></trkpt>
    <trkpt lat="42.502855" lon="1.520569"><ele>1004.8</ele></trkpt>
    <trkpt lat="42.502998" lon="1.520672"><ele>1003.6</ele></trkpt>
    <trkpt lat="42.503202" lon="1.520965"><ele>1001.8</ele></trkpt>
    <trkpt lat="42.503391" lon="1.521146"><ele>1000.8</ele></trkpt>
    <trkpt lat="42.50361" lon="1.521299"><ele>1000.3</ele></trkpt>
    <trkpt lat="42.503825" lon="1.521396"><ele>999.7</ele></trkpt>
    <trkpt lat="42.504163" lon="1.521459"><ele>999.9</ele></trkpt>
    <trkpt lat="42.504172" lon="1.52146"><ele>999.9</ele></trkpt>
    <trkpt lat="42.504355" lon="1.521476"><ele>1000.2</ele></trkpt>
    <trkpt lat="42.504433" lon="1.521577"><ele>1000.5</ele></trkpt>
    <trkpt lat="42.504496" lon="1.521804"><ele>1001.2</ele></trkpt>
    <trkpt lat="42.504533" lon="1.522051"><ele>1002</ele></trkpt>
    <trkpt lat="42.50452" lon="1.522155"><ele>1002.4</ele></trkpt>
    <trkpt lat="42.50455" lon="1.522251"><ele>1002.8</ele></trkpt>
    <trkpt lat="42.504612" lon="1.522808"><ele>1005.1</ele></trkpt>
    <trkpt lat="42.504662" lon="1.523216"><ele>1006.5</ele></trkpt>
    <trkpt lat="42.504812" lon="1.523985"><ele>1008.7</ele></trkpt>
    <trkpt lat="42.504969" lon="1.525183"><ele>1011.4</ele></trkpt>
    <trkpt lat="42.505088" lon="1.526117"><ele>1012.4</ele></trkpt>
  </trkseg></trk></gpx>