<?xml version="1.0" encoding="UTF-8"?>
<gpx version="1.1" creator="tour-scraper" xmlns="http://www.topografix.com/GPX/1/1">
  <trk><name>Stage 2: From Monaco to Manosque — La Vuelta 26</name><trkseg>
    <trkpt lat="43.730882" lon="7.421139"><ele>48.8</ele></trkpt>
    <trkpt lat="43.730837" lon="7.421282"><ele>48</ele></trkpt>
    <trkpt lat="43.730817" lon="7.421345"><ele>47.7</ele></trkpt>
    <trkpt lat="43.730738" lon="7.421345"><ele>47.1</ele></trkpt>
    <trkpt lat="43.730693" lon="7.421375"><ele>46.7</ele></trkpt>
    <trkpt lat="43.730667" lon="7.421531"><ele>45.8</ele></trkpt>
    <trkpt lat="43.73062" lon="7.421634"><ele>45.1</ele></trkpt>
    <trkpt lat="43.730495" lon="7.421782"><ele>43.8</ele></trkpt>
    <trkpt lat="43.730386" lon="7.421874"><ele>42.6</ele></trkpt>
    <trkpt lat="43.730248" lon="7.421988"><ele>41.1</ele></trkpt>
    <trkpt lat="43.730044" lon="7.422227"><ele>39</ele></trkpt>
    <trkpt lat="43.729937" lon="7.422381"><ele>37.9</ele></trkpt>
    <trkpt lat="43.729894" lon="7.422459"><ele>37.5</ele></trkpt>
    <trkpt lat="43.729867" lon="7.422527"><ele>37.1</ele></trkpt>
    <trkpt lat="43.729851" lon="7.422758"><ele>36.1</ele></trkpt>
    <trkpt lat="43.72985" lon="7.422802"><ele>35.9</ele></trkpt>
    <trkpt lat="43.729912" lon="7.423129"><ele>34.7</ele></trkpt>
    <trkpt lat="43.730165" lon="7.42376"><ele>34</ele></trkpt>
    <trkpt lat="43.730173" lon="7.42378"><ele>34.1</ele></trkpt>
    <trkpt lat="43.730298" lon="7.424068"><ele>34.4</ele></trkpt>
    <trkpt lat="43.730706" lon="7.424946"><ele>36</ele></trkpt>
    <trkpt lat="43.730773" lon="7.425064"><ele>36</ele></trkpt>
    <trkpt lat="43.731006" lon="7.425497"><ele>35.2</ele></trkpt>
    <trkpt lat="43.731026" lon="7.425535"><ele>35.1</ele></trkpt>
    <trkpt lat="43.731134" lon="7.425718"><ele>34.7</ele></trkpt>
    <trkpt lat="43.731552" lon="7.426352"><ele>32.5</ele></trkpt>
    <trkpt lat="43.73168" lon="7.426543"><ele>31.7</ele></trkpt>
    <trkpt lat="43.73171" lon="7.426589"><ele>31.5</ele></trkpt>
    <trkpt lat="43.732014" lon="7.426961"><ele>30.7</ele></trkpt>
    <trkpt lat="43.732044" lon="7.427017"><ele>30.7</ele></trkpt>
    <trkpt lat="43.73234" lon="7.427269"><ele>30.9</ele></trkpt>
    <trkpt lat="43.732438" lon="7.427275"><ele>31.1</ele></trkpt>
    <trkpt lat="43.732534" lon="7.427186"><ele>31.6</ele></trkpt>
    <trkpt lat="43.732555" lon="7.427086"><ele>31.9</ele></trkpt>
    <trkpt lat="43.732517" lon="7.426869"><ele>32.7</ele></trkpt>
    <trkpt lat="43.732119" lon="7.424591"><ele>43.3</ele></trkpt>
    <trkpt lat="43.731915" lon="7.423244"><ele>43.6</ele></trkpt>
    <trkpt lat="43.731865" lon="7.422545"><ele>42.4</ele></trkpt>
    <trkpt lat="43.731879" lon="7.421831"><ele>41.1</ele></trkpt>
    <trkpt lat="43.731909" lon="7.421506"><ele>40.2</ele></trkpt>
    <trkpt lat="43.732022" lon="7.420755"><ele>37.4</ele></trkpt>
    <trkpt lat="43.732248" lon="7.419797"><ele>34.8</ele></trkpt>
    <trkpt lat="43.732297" lon="7.419623"><ele>34.2</ele></trkpt>
    <trkpt lat="43.732374" lon="7.419617"><ele>33.8</ele></trkpt>
    <trkpt lat="43.732399" lon="7.419717"><ele>33.5</ele></trkpt>
    <trkpt lat="43.73236" lon="7.419828"><ele>33.1</ele></trkpt>
    <trkpt lat="43.732302" lon="7.419949"><ele>32.7</ele></trkpt>
    <trkpt lat="43.732279" lon="7.420095"><ele>32.3</ele></trkpt>
    <trkpt lat="43.732239" lon="7.420339"><ele>31.6</ele></trkpt>
    <trkpt lat="43.732131" lon="7.421122"><ele>29.3</ele></trkpt>
    <trkpt lat="43.732094" lon="7.421221"><ele>29</ele></trkpt>
    <trkpt lat="43.732058" lon="7.421461"><ele>28.3</ele></trkpt>
    <trkpt lat="43.732045" lon="7.42167"><ele>27.1</ele></trkpt>
    <trkpt lat="43.732087" lon="7.421992"><ele>24.5</ele></trkpt>
    <trkpt lat="43.732102" lon="7.422058"><ele>23.9</ele></trkpt>
    <trkpt lat="43.732207" lon="7.422273"><ele>21.8</ele></trkpt>
    <trkpt lat="43.732326" lon="7.422372"><ele>20.2</ele></trkpt>
    <trkpt lat="43.732478" lon="7.422417"><ele>18.5</ele></trkpt>
    <trkpt lat="43.732629" lon="7.422381"><ele>16.8</ele></trkpt>
    <trkpt lat="43.732762" lon="7.422284"><ele>15.1</ele></trkpt>
    <trkpt lat="43.732862" lon="7.422171"><ele>13.6</ele></trkpt>
    <trkpt lat="43.73321" lon="7.421874"><ele>9.2</ele></trkpt>
    <trkpt lat="43.733558" lon="7.42171"><ele>6.3</ele></trkpt>
    <trkpt lat="43.733601" lon="7.421693"><ele>6</ele></trkpt>
    <trkpt lat="43.734382" lon="7.421396"><ele>3.8</ele></trkpt>
    <trkpt lat="43.734428" lon="7.421385"><ele>3.8</ele></trkpt>
    <trkpt lat="43.73448" lon="7.421372"><ele>3.7</ele></trkpt>
    <trkpt lat="43.735402" lon="7.421223"><ele>3.9</ele></trkpt>
    <trkpt lat="43.735437" lon="7.42122"><ele>3.9</ele></trkpt>
    <trkpt lat="43.735996" lon="7.421232"><ele>3.9</ele></trkpt>
    <trkpt lat="43.736354" lon="7.421328"><ele>3.9</ele></trkpt>
    <trkpt lat="43.736558" lon="7.421417"><ele>4</ele></trkpt>
    <trkpt lat="43.736815" lon="7.421661"><ele>4.3</ele></trkpt>
    <trkpt lat="43.736831" lon="7.421693"><ele>4.3</ele></trkpt>
    <trkpt lat="43.736877" lon="7.421728"><ele>4.5</ele></trkpt>
    <trkpt lat="43.736907" lon="7.421768"><ele>4.6</ele></trkpt>
    <trkpt lat="43.736986" lon="7.421946"><ele>5</ele></trkpt>
    <trkpt lat="43.737022" lon="7.422117"><ele>5.5</ele></trkpt>
    <trkpt lat="43.737094" lon="7.422766"><ele>9</ele></trkpt>
    <trkpt lat="43.73724" lon="7.423497"><ele>13.3</ele></trkpt>
    <trkpt lat="43.737268" lon="7.423628"><ele>14.1</ele></trkpt>
    <trkpt lat="43.737348" lon="7.424014"><ele>16.2</ele></trkpt>
    <trkpt lat="43.737401" lon="7.424357"><ele>18</ele></trkpt>
    <trkpt lat="43.73744" lon="7.424868"><ele>20.8</ele></trkpt>
    <trkpt lat="43.737507" lon="7.425116"><ele>22.1</ele></trkpt>
    <trkpt lat="43.737526" lon="7.425186"><ele>22.4</ele></trkpt>
    <trkpt lat="43.737753" lon="7.42584"><ele>22.8</ele></trkpt>
    <trkpt lat="43.737867" lon="7.426431"><ele>23</ele></trkpt>
    <trkpt lat="43.737886" lon="7.426617"><ele>23.2</ele></trkpt>
    <trkpt lat="43.737893" lon="7.426676"><ele>23.3</ele></trkpt>
    <trkpt lat="43.737915" lon="7.4269"><ele>24</ele></trkpt>
    <trkpt lat="43.73794" lon="7.427084"><ele>25</ele></trkpt>
    <trkpt lat="43.738003" lon="7.427312"><ele>26.6</ele></trkpt>
    <trkpt lat="43.738127" lon="7.427561"><ele>28.5</ele></trkpt>
    <trkpt lat="43.738331" lon="7.427804"><ele>31</ele></trkpt>
    <trkpt lat="43.738479" lon="7.427874"><ele>32.1</ele></trkpt>
    <trkpt lat="43.738667" lon="7.427858"><ele>34.1</ele></trkpt>
    <trkpt lat="43.738751" lon="7.427828"><ele>34.4</ele></trkpt>
    <trkpt lat="43.738834" lon="7.427798"><ele>35.9</ele></trkpt>
    <trkpt lat="43.738981" lon="7.427707"><ele>37.4</ele></trkpt>
    <trkpt lat="43.738981" lon="7.427707"><ele>36.8</ele></trkpt>
    <trkpt lat="43.738981" lon="7.427707"><ele>36.8</ele></trkpt>
    <trkpt lat="43.739188" lon="7.427418"><ele>40</ele></trkpt>
    <trkpt lat="43.739237" lon="7.427344"><ele>40</ele></trkpt>
    <trkpt lat="43.739321" lon="7.427241"><ele>41.2</ele></trkpt>
    <trkpt lat="43.739324" lon="7.42724"><ele>41.3</ele></trkpt>
    <trkpt lat="43.739324" lon="7.42724"><ele>40.8</ele></trkpt>
    <trkpt lat="43.739324" lon="7.42724"><ele>40.8</ele></trkpt>
    <trkpt lat="43.739488" lon="7.427175"><ele>42.2</ele></trkpt>
    <trkpt lat="43.739712" lon="7.427297"><ele>43.9</ele></trkpt>
    <trkpt lat="43.739815" lon="7.427402"><ele>44</ele></trkpt>
    <trkpt lat="43.73991" lon="7.427496"><ele>44</ele></trkpt>
    <trkpt lat="43.739929" lon="7.427515"><ele>44.2</ele></trkpt>
    <trkpt lat="43.740058" lon="7.427647"><ele>44.9</ele></trkpt>
    <trkpt lat="43.740167" lon="7.427754"><ele>45.1</ele></trkpt>
    <trkpt lat="43.740274" lon="7.427673"><ele>45.2</ele></trkpt>
    <trkpt lat="43.74043" lon="7.427481"><ele>46.4</ele></trkpt>
    <trkpt lat="43.74045" lon="7.427437"><ele>46.6</ele></trkpt>
    <trkpt lat="43.740592" lon="7.427104"><ele>48.6</ele></trkpt>
    <trkpt lat="43.740614" lon="7.427061"><ele>49</ele></trkpt>
    <trkpt lat="43.740698" lon="7.426922"><ele>50.1</ele></trkpt>
    <trkpt lat="43.740875" lon="7.426824"><ele>51.7</ele></trkpt>
    <trkpt lat="43.741096" lon="7.426867"><ele>53.9</ele></trkpt>
    <trkpt lat="43.741368" lon="7.42704"><ele>57.3</ele></trkpt>
    <trkpt lat="43.741487" lon="7.427023"><ele>58.7</ele></trkpt>
    <trkpt lat="43.741576" lon="7.426932"><ele>59.9</ele></trkpt>
    <trkpt lat="43.741602" lon="7.426873"><ele>60.5</ele></trkpt>
    <trkpt lat="43.741602" lon="7.426873"><ele>60.3</ele></trkpt>
    <trkpt lat="43.741602" lon="7.426873"><ele>60.3</ele></trkpt>
    <trkpt lat="43.741571" lon="7.426744"><ele>61.5</ele></trkpt>
    <trkpt lat="43.741571" lon="7.426744"><ele>61.4</ele></trkpt>
    <trkpt lat="43.741571" lon="7.426744"><ele>61.4</ele></trkpt>
    <trkpt lat="43.741567" lon="7.426782"><ele>61.6</ele></trkpt>
    <trkpt lat="43.741633" lon="7.426707"><ele>62.4</ele></trkpt>
    <trkpt lat="43.74165" lon="7.426342"><ele>64.4</ele></trkpt>
    <trkpt lat="43.741674" lon="7.425903"><ele>65.9</ele></trkpt>
    <trkpt lat="43.741649" lon="7.42575"><ele>66.3</ele></trkpt>
    <trkpt lat="43.741593" lon="7.425612"><ele>66.7</ele></trkpt>
    <trkpt lat="43.741469" lon="7.425474"><ele>67.1</ele></trkpt>
    <trkpt lat="43.74139" lon="7.425387"><ele>67.6</ele></trkpt>
    <trkpt lat="43.741256" lon="7.425266"><ele>68.1</ele></trkpt>
    <trkpt lat="43.741123" lon="7.425145"><ele>68.6</ele></trkpt>
    <trkpt lat="43.741083" lon="7.425108"><ele>68.7</ele></trkpt>
    <trkpt lat="43.741043" lon="7.425071"><ele>68.9</ele></trkpt>
    <trkpt lat="43.740832" lon="7.424886"><ele>69.8</ele></trkpt>
    <trkpt lat="43.740381" lon="7.424485"><ele>72.1</ele></trkpt>
    <trkpt lat="43.740188" lon="7.424295"><ele>73.3</ele></trkpt>
    <trkpt lat="43.739994" lon="7.423998"><ele>75.1</ele></trkpt>
    <trkpt lat="43.739939" lon="7.423934"><ele>75.5</ele></trkpt>
    <trkpt lat="43.739901" lon="7.423857"><ele>75.9</ele></trkpt>
    <trkpt lat="43.739601" lon="7.422958"><ele>78.7</ele></trkpt>
    <trkpt lat="43.739568" lon="7.422861"><ele>78.8</ele></trkpt>
    <trkpt lat="43.739429" lon="7.422419"><ele>78.9</ele></trkpt>
    <trkpt lat="43.7388" lon="7.420522"><ele>73.8</ele></trkpt>
    <trkpt lat="43.738759" lon="7.420368"><ele>73.3</ele></trkpt>
    <trkpt lat="43.738759" lon="7.420004"><ele>72.5</ele></trkpt>
    <trkpt lat="43.738797" lon="7.419876"><ele>72.5</ele></trkpt>
    <trkpt lat="43.738825" lon="7.419673"><ele>72.4</ele></trkpt>
    <trkpt lat="43.738801" lon="7.419459"><ele>72.3</ele></trkpt>
    <trkpt lat="43.738763" lon="7.419393"><ele>72.2</ele></trkpt>
    <trkpt lat="43.738618" lon="7.419226"><ele>72</ele></trkpt>
    <trkpt lat="43.738535" lon="7.419158"><ele>71.8</ele></trkpt>
    <trkpt lat="43.738373" lon="7.419066"><ele>71.2</ele></trkpt>
    <trkpt lat="43.738264" lon="7.419033"><ele>70.7</ele></trkpt>
    <trkpt lat="43.738081" lon="7.419005"><ele>69.7</ele></trkpt>
    <trkpt lat="43.737971" lon="7.419053"><ele>69.1</ele></trkpt>
    <trkpt lat="43.737864" lon="7.419145"><ele>68.5</ele></trkpt>
    <trkpt lat="43.737709" lon="7.419421"><ele>68</ele></trkpt>
    <trkpt lat="43.737641" lon="7.419613"><ele>68.1</ele></trkpt>
    <trkpt lat="43.73752" lon="7.419879"><ele>68.8</ele></trkpt>
    <trkpt lat="43.737457" lon="7.419962"><ele>69.1</ele></trkpt>
    <trkpt lat="43.737372" lon="7.419984"><ele>69.5</ele></trkpt>
    <trkpt lat="43.737275" lon="7.419933"><ele>69.8</ele></trkpt>
    <trkpt lat="43.737125" lon="7.419706"><ele>70.8</ele></trkpt>
    <trkpt lat="43.737031" lon="7.419498"><ele>72</ele></trkpt>
    <trkpt lat="43.737046" lon="7.419326"><ele>72.9</ele></trkpt>
    <trkpt lat="43.737136" lon="7.41912"><ele>74.5</ele></trkpt>
    <trkpt lat="43.737177" lon="7.419128"><ele>74.9</ele></trkpt>
    <trkpt lat="43.737221" lon="7.419078"><ele>75.6</ele></trkpt>
    <trkpt lat="43.737495" lon="7.418654"><ele>80.9</ele></trkpt>
    <trkpt lat="43.737541" lon="7.418526"><ele>82.3</ele></trkpt>
    <trkpt lat="43.737605" lon="7.418338"><ele>84.4</ele></trkpt>
    <trkpt lat="43.73759" lon="7.418187"><ele>86</ele></trkpt>
    <trkpt lat="43.737549" lon="7.418105"><ele>86.9</ele></trkpt>
    <trkpt lat="43.737379" lon="7.41786"><ele>89.9</ele></trkpt>
    <trkpt lat="43.737312" lon="7.417653"><ele>91.5</ele></trkpt>
    <trkpt lat="43.737262" lon="7.417413"><ele>93</ele></trkpt>
    <trkpt lat="43.737247" lon="7.417356"><ele>93.3</ele></trkpt>
    <trkpt lat="43.7372" lon="7.417131"><ele>94.4</ele></trkpt>
    <trkpt lat="43.737112" lon="7.41687"><ele>95.5</ele></trkpt>
    <trkpt lat="43.736855" lon="7.416449"><ele>97.1</ele></trkpt>
    <trkpt lat="43.736756" lon="7.416396"><ele>97.5</ele></trkpt>
    <trkpt lat="43.735855" lon="7.416297"><ele>102.5</ele></trkpt>
    <trkpt lat="43.735659" lon="7.416229"><ele>103.5</ele></trkpt>
    <trkpt lat="43.735394" lon="7.415921"><ele>104.3</ele></trkpt>
    <trkpt lat="43.73532" lon="7.415813"><ele>104.4</ele></trkpt>
    <trkpt lat="43.735139" lon="7.415613"><ele>104.6</ele></trkpt>
    <trkpt lat="43.734976" lon="7.415484"><ele>104.8</ele></trkpt>
    <trkpt lat="43.734947" lon="7.415463"><ele>104.8</ele></trkpt>
    <trkpt lat="43.734413" lon="7.415083"><ele>106.2</ele></trkpt>
    <trkpt lat="43.734346" lon="7.415035"><ele>106.5</ele></trkpt>
    <trkpt lat="43.734222" lon="7.414939"><ele>107.1</ele></trkpt>
    <trkpt lat="43.734183" lon="7.414907"><ele>107.2</ele></trkpt>
    <trkpt lat="43.734132" lon="7.414855"><ele>107.2</ele></trkpt>
    <trkpt lat="43.73383" lon="7.414436"><ele>108.7</ele></trkpt>
    <trkpt lat="43.733425" lon="7.413762"><ele>112.5</ele></trkpt>
    <trkpt lat="43.733425" lon="7.413762"><ele>112.1</ele></trkpt>
    <trkpt lat="43.733425" lon="7.413762"><ele>112.1</ele></trkpt>
    <trkpt lat="43.733363" lon="7.413767"><ele>112.9</ele></trkpt>
    <trkpt lat="43.733363" lon="7.413767"><ele>112.5</ele></trkpt>
    <trkpt lat="43.733363" lon="7.413767"><ele>112.5</ele></trkpt>
    <trkpt lat="43.733343" lon="7.413651"><ele>113.5</ele></trkpt>
    <trkpt lat="43.733277" lon="7.413619"><ele>113.6</ele></trkpt>
    <trkpt lat="43.732847" lon="7.413554"><ele>116.3</ele></trkpt>
    <trkpt lat="43.732057" lon="7.413496"><ele>111.9</ele></trkpt>
    <trkpt lat="43.731928" lon="7.413384"><ele>110.4</ele></trkpt>
    <trkpt lat="43.731716" lon="7.413411"><ele>108.5</ele></trkpt>
    <trkpt lat="43.731571" lon="7.41343"><ele>107.3</ele></trkpt>
    <trkpt lat="43.731561" lon="7.413496"><ele>107</ele></trkpt>
    <trkpt lat="43.731443" lon="7.413541"><ele>106.1</ele></trkpt>
    <trkpt lat="43.731325" lon="7.413463"><ele>105.3</ele></trkpt>
    <trkpt lat="43.731223" lon="7.413335"><ele>104.6</ele></trkpt>
    <trkpt lat="43.731178" lon="7.413225"><ele>104.1</ele></trkpt>
    <trkpt lat="43.731141" lon="7.412999"><ele>103.4</ele></trkpt>
    <trkpt lat="43.731183" lon="7.412465"><ele>103</ele></trkpt>
    <trkpt lat="43.731238" lon="7.411764"><ele>105.9</ele></trkpt>
    <trkpt lat="43.731256" lon="7.411515"><ele>107.7</ele></trkpt>
    <trkpt lat="43.731299" lon="7.411314"><ele>109.1</ele></trkpt>
    <trkpt lat="43.731266" lon="7.411101"><ele>110.5</ele></trkpt>
    <trkpt lat="43.731074" lon="7.410602"><ele>113.1</ele></trkpt>
    <trkpt lat="43.731066" lon="7.410561"><ele>113.3</ele></trkpt>
    <trkpt lat="43.731053" lon="7.410498"><ele>113.5</ele></trkpt>
    <trkpt lat="43.730961" lon="7.410146"><ele>114.4</ele></trkpt>
    <trkpt lat="43.730816" lon="7.409863"><ele>114.7</ele></trkpt>
    <trkpt lat="43.730358" lon="7.409341"><ele>114</ele></trkpt>
    <trkpt lat="43.73009" lon="7.409126"><ele>113.1</ele></trkpt>
    <trkpt lat="43.730038" lon="7.409087"><ele>112.9</ele></trkpt>
    <trkpt lat="43.729334" lon="7.408634"><ele>110.4</ele></trkpt>
    <trkpt lat="43.729101" lon="7.408596"><ele>109.7</ele></trkpt>
    <trkpt lat="43.729018" lon="7.40856"><ele>109.4</ele></trkpt>
    <trkpt lat="43.729018" lon="7.40856"><ele>109.5</ele></trkpt>
    <trkpt lat="43.729018" lon="7.40856"><ele>109.5</ele></trkpt>
    <trkpt lat="43.72886" lon="7.408476"><ele>109.1</ele></trkpt>
    <trkpt lat="43.72886" lon="7.408476"><ele>109.1</ele></trkpt>
    <trkpt lat="43.728607" lon="7.408326"><ele>108.8</ele></trkpt>
    <trkpt lat="43.72834" lon="7.408253"><ele>109.3</ele></trkpt>
    <trkpt lat="43.728231" lon="7.408186"><ele>109.8</ele></trkpt>
    <trkpt lat="43.72804" lon="7.40796"><ele>110.8</ele></trkpt>
    <trkpt lat="43.727857" lon="7.407597"><ele>112.1</ele></trkpt>
    <trkpt lat="43.727773" lon="7.407497"><ele>112.4</ele></trkpt>
    <trkpt lat="43.727625" lon="7.407403"><ele>113</ele></trkpt>
    <trkpt lat="43.727468" lon="7.407356"><ele>113.7</ele></trkpt>
    <trkpt lat="43.727361" lon="7.407322"><ele>114.2</ele></trkpt>
    <trkpt lat="43.726559" lon="7.407144"><ele>116.4</ele></trkpt>
    <trkpt lat="43.725906" lon="7.40693"><ele>116.3</ele></trkpt>
    <trkpt lat="43.725757" lon="7.406876"><ele>116.4</ele></trkpt>
    <trkpt lat="43.725644" lon="7.406834"><ele>116.4</ele></trkpt>
    <trkpt lat="43.72533" lon="7.406708"><ele>116.7</ele></trkpt>
    <trkpt lat="43.724862" lon="7.406547"><ele>117.8</ele></trkpt>
    <trkpt lat="43.72464" lon="7.406363"><ele>118.7</ele></trkpt>
    <trkpt lat="43.72456" lon="7.406262"><ele>119.4</ele></trkpt>
    <trkpt lat="43.724294" lon="7.405847"><ele>121.2</ele></trkpt>
    <trkpt lat="43.724204" lon="7.405661"><ele>121.8</ele></trkpt>
    <trkpt lat="43.724101" lon="7.405334"><ele>122.6</ele></trkpt>
    <trkpt lat="43.724081" lon="7.405113"><ele>123.1</ele></trkpt>
    <trkpt lat="43.724088" lon="7.404892"><ele>123.7</ele></trkpt>
    <trkpt lat="43.724176" lon="7.404234"><ele>125.9</ele></trkpt>
    <trkpt lat="43.724366" lon="7.403451"><ele>129.4</ele></trkpt>
    <trkpt lat="43.724386" lon="7.403285"><ele>130.4</ele></trkpt>
    <trkpt lat="43.724397" lon="7.402567"><ele>134.5</ele></trkpt>
    <trkpt lat="43.724437" lon="7.402263"><ele>136.4</ele></trkpt>
    <trkpt lat="43.724513" lon="7.40203"><ele>137.9</ele></trkpt>
    <trkpt lat="43.724754" lon="7.401737"><ele>140.3</ele></trkpt>
    <trkpt lat="43.725065" lon="7.401266"><ele>143.2</ele></trkpt>
    <trkpt lat="43.725152" lon="7.401075"><ele>144</ele></trkpt>
    <trkpt lat="43.725521" lon="7.399865"><ele>147.4</ele></trkpt>
    <trkpt lat="43.725714" lon="7.399207"><ele>149.4</ele></trkpt>
    <trkpt lat="43.72585" lon="7.398446"><ele>152.3</ele></trkpt>
    <trkpt lat="43.72604" lon="7.397135"><ele>157.4</ele></trkpt>
    <trkpt lat="43.726038" lon="7.396538"><ele>159.1</ele></trkpt>
    <trkpt lat="43.726027" lon="7.396269"><ele>159.7</ele></trkpt>
    <trkpt lat="43.725883" lon="7.395743"><ele>160.7</ele></trkpt>
    <trkpt lat="43.725617" lon="7.395227"><ele>161.3</ele></trkpt>
    <trkpt lat="43.725108" lon="7.394442"><ele>161.6</ele></trkpt>
    <trkpt lat="43.72494" lon="7.394094"><ele>161.6</ele></trkpt>
    <trkpt lat="43.7248" lon="7.393675"><ele>161.7</ele></trkpt>
    <trkpt lat="43.724703" lon="7.393184"><ele>162.4</ele></trkpt>
    <trkpt lat="43.724652" lon="7.392758"><ele>163.6</ele></trkpt>
    <trkpt lat="43.724665" lon="7.392425"><ele>164.8</ele></trkpt>
    <trkpt lat="43.724761" lon="7.391992"><ele>166.9</ele></trkpt>
    <trkpt lat="43.724804" lon="7.391826"><ele>167.9</ele></trkpt>
    <trkpt lat="43.72527" lon="7.390015"><ele>185.3</ele></trkpt>
    <trkpt lat="43.725438" lon="7.389494"><ele>192.6</ele></trkpt>
    <trkpt lat="43.725571" lon="7.389273"><ele>196.3</ele></trkpt>
    <trkpt lat="43.725664" lon="7.389172"><ele>198.5</ele></trkpt>
    <trkpt lat="43.725962" lon="7.388972"><ele>204.4</ele></trkpt>
    <trkpt lat="43.7261" lon="7.388937"><ele>206.9</ele></trkpt>
    <trkpt lat="43.726332" lon="7.388931"><ele>210.9</ele></trkpt>
    <trkpt lat="43.726559" lon="7.38901"><ele>214.8</ele></trkpt>
    <trkpt lat="43.726762" lon="7.389178"><ele>218.2</ele></trkpt>
    <trkpt lat="43.727384" lon="7.390043"><ele>227.6</ele></trkpt>
    <trkpt lat="43.72803" lon="7.390633"><ele>232</ele></trkpt>
    <trkpt lat="43.728368" lon="7.390898"><ele>232.9</ele></trkpt>
    <trkpt lat="43.728643" lon="7.39103"><ele>233.2</ele></trkpt>
    <trkpt lat="43.729109" lon="7.391114"><ele>232.9</ele></trkpt>
    <trkpt lat="43.729503" lon="7.391058"><ele>232.8</ele></trkpt>
    <trkpt lat="43.729899" lon="7.39087"><ele>233.5</ele></trkpt>
    <trkpt lat="43.7304" lon="7.390525"><ele>236.7</ele></trkpt>
    <trkpt lat="43.730713" lon="7.390404"><ele>239.1</ele></trkpt>
    <trkpt lat="43.730993" lon="7.390367"><ele>241.4</ele></trkpt>
    <trkpt lat="43.731287" lon="7.390411"><ele>243.6</ele></trkpt>
    <trkpt lat="43.7321" lon="7.390571"><ele>247.7</ele></trkpt>
    <trkpt lat="43.73228" lon="7.390564"><ele>247.9</ele></trkpt>
    <trkpt lat="43.732313" lon="7.390559"><ele>247.9</ele></trkpt>
    <trkpt lat="43.732526" lon="7.390481"><ele>247.6</ele></trkpt>
    <trkpt lat="43.732724" lon="7.390358"><ele>247.1</ele></trkpt>
    <trkpt lat="43.732883" lon="7.390163"><ele>246.6</ele></trkpt>
    <trkpt lat="43.732996" lon="7.389952"><ele>246.1</ele></trkpt>
    <trkpt lat="43.73305" lon="7.389788"><ele>245.9</ele></trkpt>
    <trkpt lat="43.733166" lon="7.389223"><ele>245.8</ele></trkpt>
    <trkpt lat="43.733349" lon="7.388518"><ele>247.1</ele></trkpt>
    <trkpt lat="43.733598" lon="7.388014"><ele>248.4</ele></trkpt>
    <trkpt lat="43.733695" lon="7.387725"><ele>249.4</ele></trkpt>
    <trkpt lat="43.733713" lon="7.38747"><ele>250.5</ele></trkpt>
    <trkpt lat="43.733679" lon="7.387117"><ele>252.2</ele></trkpt>
    <trkpt lat="43.733642" lon="7.386961"><ele>252.9</ele></trkpt>
    <trkpt lat="43.733502" lon="7.386606"><ele>254.6</ele></trkpt>
    <trkpt lat="43.733069" lon="7.385881"><ele>257</ele></trkpt>
    <trkpt lat="43.732449" lon="7.384665"><ele>262.5</ele></trkpt>
    <trkpt lat="43.73233" lon="7.38432"><ele>264.5</ele></trkpt>
    <trkpt lat="43.732271" lon="7.384013"><ele>266.4</ele></trkpt>
    <trkpt lat="43.732273" lon="7.383703"><ele>268.4</ele></trkpt>
    <trkpt lat="43.732339" lon="7.383234"><ele>271.3</ele></trkpt>
    <trkpt lat="43.732348" lon="7.38285"><ele>273.5</ele></trkpt>
    <trkpt lat="43.732318" lon="7.382554"><ele>274.9</ele></trkpt>
    <trkpt lat="43.732244" lon="7.38231"><ele>276</ele></trkpt>
    <trkpt lat="43.732076" lon="7.382031"><ele>276.9</ele></trkpt>
    <trkpt lat="43.731367" lon="7.38158"><ele>277.3</ele></trkpt>
    <trkpt lat="43.731258" lon="7.381396"><ele>277.2</ele></trkpt>
    <trkpt lat="43.731223" lon="7.381283"><ele>277.2</ele></trkpt>
    <trkpt lat="43.731205" lon="7.381029"><ele>277.3</ele></trkpt>
    <trkpt lat="43.731233" lon="7.380889"><ele>277.6</ele></trkpt>
    <trkpt lat="43.73151" lon="7.380066"><ele>281.6</ele></trkpt>
    <trkpt lat="43.731557" lon="7.379635"><ele>284.7</ele></trkpt>
    <trkpt lat="43.731516" lon="7.379288"><ele>287</ele></trkpt>
    <trkpt lat="43.731429" lon="7.379009"><ele>288.5</ele></trkpt>
    <trkpt lat="43.731302" lon="7.378771"><ele>289.9</ele></trkpt>
    <trkpt lat="43.731179" lon="7.37863"><ele>290.8</ele></trkpt>
    <trkpt lat="43.730962" lon="7.378468"><ele>291.9</ele></trkpt>
    <trkpt lat="43.730548" lon="7.378237"><ele>294</ele></trkpt>
    <trkpt lat="43.730475" lon="7.378166"><ele>294.5</ele></trkpt>
    <trkpt lat="43.730415" lon="7.378083"><ele>294.9</ele></trkpt>
    <trkpt lat="43.730339" lon="7.377872"><ele>295.6</ele></trkpt>
    <trkpt lat="43.730328" lon="7.377615"><ele>296.4</ele></trkpt>
    <trkpt lat="43.730352" lon="7.377488"><ele>296.8</ele></trkpt>
    <trkpt lat="43.730438" lon="7.377298"><ele>297.9</ele></trkpt>
    <trkpt lat="43.731033" lon="7.376562"><ele>305.9</ele></trkpt>
    <trkpt lat="43.731122" lon="7.376374"><ele>307.9</ele></trkpt>
    <trkpt lat="43.731158" lon="7.376223"><ele>309.3</ele></trkpt>
    <trkpt lat="43.731176" lon="7.37607"><ele>310.8</ele></trkpt>
    <trkpt lat="43.731171" lon="7.375464"><ele>315.4</ele></trkpt>
    <trkpt lat="43.731115" lon="7.374924"><ele>318.3</ele></trkpt>
    <trkpt lat="43.731051" lon="7.374581"><ele>319.5</ele></trkpt>
    <trkpt lat="43.730952" lon="7.374376"><ele>320.3</ele></trkpt>
    <trkpt lat="43.730873" lon="7.374291"><ele>320.7</ele></trkpt>
    <trkpt lat="43.730795" lon="7.374234"><ele>321</ele></trkpt>
    <trkpt lat="43.730193" lon="7.374014"><ele>323.7</ele></trkpt>
    <trkpt lat="43.730018" lon="7.373905"><ele>324.6</ele></trkpt>
    <trkpt lat="43.729824" lon="7.373703"><ele>325.7</ele></trkpt>
    <trkpt lat="43.729497" lon="7.373124"><ele>327.8</ele></trkpt>
    <trkpt lat="43.729349" lon="7.372937"><ele>328.6</ele></trkpt>
    <trkpt lat="43.728921" lon="7.372702"><ele>330.9</ele></trkpt>
    <trkpt lat="43.728762" lon="7.372571"><ele>332.1</ele></trkpt>
    <trkpt lat="43.728666" lon="7.372402"><ele>333.3</ele></trkpt>
    <trkpt lat="43.728621" lon="7.372161"><ele>334.7</ele></trkpt>
    <trkpt lat="43.728637" lon="7.37192"><ele>336.1</ele></trkpt>
    <trkpt lat="43.728748" lon="7.371477"><ele>339.1</ele></trkpt>
    <trkpt lat="43.728881" lon="7.370899"><ele>343.8</ele></trkpt>
    <trkpt lat="43.729188" lon="7.368979"><ele>356.5</ele></trkpt>
    <trkpt lat="43.729233" lon="7.368568"><ele>356.4</ele></trkpt>
    <trkpt lat="43.729218" lon="7.368373"><ele>356.2</ele></trkpt>
    <trkpt lat="43.729126" lon="7.368009"><ele>355.1</ele></trkpt>
    <trkpt lat="43.729009" lon="7.36763"><ele>353.4</ele></trkpt>
    <trkpt lat="43.728989" lon="7.367502"><ele>352.9</ele></trkpt>
    <trkpt lat="43.728994" lon="7.367278"><ele>352.4</ele></trkpt>
    <trkpt lat="43.72906" lon="7.367067"><ele>352.2</ele></trkpt>
    <trkpt lat="43.729117" lon="7.366981"><ele>352.2</ele></trkpt>
    <trkpt lat="43.729454" lon="7.366678"><ele>350.8</ele></trkpt>
    <trkpt lat="43.729623" lon="7.366533"><ele>349.4</ele></trkpt>
    <trkpt lat="43.729761" lon="7.366468"><ele>348.5</ele></trkpt>
    <trkpt lat="43.729914" lon="7.366442"><ele>348</ele></trkpt>
    <trkpt lat="43.730076" lon="7.366361"><ele>347.8</ele></trkpt>
    <trkpt lat="43.730203" lon="7.366149"><ele>347.9</ele></trkpt>
    <trkpt lat="43.730277" lon="7.365932"><ele>348.6</ele></trkpt>
    <trkpt lat="43.730353" lon="7.36572"><ele>349.7</ele></trkpt>
    <trkpt lat="43.730414" lon="7.365592"><ele>350.5</ele></trkpt>
    <trkpt lat="43.730441" lon="7.365536"><ele>350.6</ele></trkpt>
    <trkpt lat="43.73054" lon="7.365405"><ele>351.2</ele></trkpt>
    <trkpt lat="43.731049" lon="7.364965"><ele>351.4</ele></trkpt>
    <trkpt lat="43.731142" lon="7.364845"><ele>351.9</ele></trkpt>
    <trkpt lat="43.731181" lon="7.364751"><ele>352.3</ele></trkpt>
    <trkpt lat="43.731228" lon="7.36451"><ele>353.6</ele></trkpt>
    <trkpt lat="43.731224" lon="7.36417"><ele>355.2</ele></trkpt>
    <trkpt lat="43.73118" lon="7.364042"><ele>355.6</ele></trkpt>
    <trkpt lat="43.730956" lon="7.363678"><ele>355.9</ele></trkpt>
    <trkpt lat="43.730702" lon="7.363155"><ele>354.6</ele></trkpt>
    <trkpt lat="43.730043" lon="7.362389"><ele>353.9</ele></trkpt>
    <trkpt lat="43.729976" lon="7.362282"><ele>353.8</ele></trkpt>
    <trkpt lat="43.729872" lon="7.362065"><ele>353.4</ele></trkpt>
    <trkpt lat="43.729812" lon="7.361859"><ele>352.9</ele></trkpt>
    <trkpt lat="43.729808" lon="7.361782"><ele>352.7</ele></trkpt>
    <trkpt lat="43.729821" lon="7.361507"><ele>351.8</ele></trkpt>
    <trkpt lat="43.72983" lon="7.361356"><ele>351.2</ele></trkpt>
    <trkpt lat="43.729835" lon="7.361217"><ele>350.5</ele></trkpt>
    <trkpt lat="43.729837" lon="7.361129"><ele>350.2</ele></trkpt>
    <trkpt lat="43.729816" lon="7.360574"><ele>346.7</ele></trkpt>
    <trkpt lat="43.729811" lon="7.360374"><ele>345</ele></trkpt>
    <trkpt lat="43.729745" lon="7.358219"><ele>333.2</ele></trkpt>
    <trkpt lat="43.729701" lon="7.358074"><ele>333.2</ele></trkpt>
    <trkpt lat="43.729597" lon="7.357903"><ele>332.8</ele></trkpt>
    <trkpt lat="43.729222" lon="7.357447"><ele>331</ele></trkpt>
    <trkpt lat="43.729135" lon="7.357378"><ele>330.7</ele></trkpt>
    <trkpt lat="43.728782" lon="7.35728"><ele>330.2</ele></trkpt>
    <trkpt lat="43.728359" lon="7.357"><ele>328.7</ele></trkpt>
    <trkpt lat="43.7282" lon="7.356835"><ele>326.9</ele></trkpt>
    <trkpt lat="43.728047" lon="7.356562"><ele>324.1</ele></trkpt>
    <trkpt lat="43.727968" lon="7.356173"><ele>322.3</ele></trkpt>
    <trkpt lat="43.727944" lon="7.355408"><ele>322</ele></trkpt>
    <trkpt lat="43.72789" lon="7.355137"><ele>322.6</ele></trkpt>
    <trkpt lat="43.727426" lon="7.354211"><ele>324</ele></trkpt>
    <trkpt lat="43.727215" lon="7.353654"><ele>323.2</ele></trkpt>
    <trkpt lat="43.726928" lon="7.352788"><ele>320.1</ele></trkpt>
    <trkpt lat="43.726863" lon="7.352322"><ele>317.5</ele></trkpt>
    <trkpt lat="43.726864" lon="7.352149"><ele>316.3</ele></trkpt>
    <trkpt lat="43.727025" lon="7.350521"><ele>305.6</ele></trkpt>
    <trkpt lat="43.726977" lon="7.350132"><ele>304.6</ele></trkpt>
    <trkpt lat="43.726864" lon="7.349824"><ele>304.3</ele></trkpt>
    <trkpt lat="43.726236" lon="7.348655"><ele>305.6</ele></trkpt>
    <trkpt lat="43.725937" lon="7.348111"><ele>306</ele></trkpt>
    <trkpt lat="43.725699" lon="7.347842"><ele>304.8</ele></trkpt>
    <trkpt lat="43.725454" lon="7.347704"><ele>302.8</ele></trkpt>
    <trkpt lat="43.725191" lon="7.3477"><ele>299.8</ele></trkpt>
    <trkpt lat="43.725137" lon="7.347677"><ele>299.1</ele></trkpt>
    <trkpt lat="43.724729" lon="7.347709"><ele>293.4</ele></trkpt>
    <trkpt lat="43.724527" lon="7.347676"><ele>290.3</ele></trkpt>
    <trkpt lat="43.724289" lon="7.347559"><ele>285.9</ele></trkpt>
    <trkpt lat="43.724117" lon="7.347414"><ele>282.6</ele></trkpt>
    <trkpt lat="43.7238" lon="7.347029"><ele>276.8</ele></trkpt>
    <trkpt lat="43.723644" lon="7.346793"><ele>274.5</ele></trkpt>
    <trkpt lat="43.723487" lon="7.346446"><ele>272.7</ele></trkpt>
    <trkpt lat="43.72341" lon="7.346167"><ele>272.2</ele></trkpt>
    <trkpt lat="43.723363" lon="7.345954"><ele>272.2</ele></trkpt>
    <trkpt lat="43.723345" lon="7.345738"><ele>272.4</ele></trkpt>
    <trkpt lat="43.723362" lon="7.344701"><ele>275.4</ele></trkpt>
    <trkpt lat="43.723321" lon="7.344417"><ele>275.9</ele></trkpt>
    <trkpt lat="43.723254" lon="7.344248"><ele>275.9</ele></trkpt>
    <trkpt lat="43.723125" lon="7.344049"><ele>275.5</ele></trkpt>
    <trkpt lat="43.722991" lon="7.343945"><ele>274.8</ele></trkpt>
    <trkpt lat="43.722818" lon="7.343897"><ele>273.6</ele></trkpt>
    <trkpt lat="43.722636" lon="7.343894"><ele>272.2</ele></trkpt>
    <trkpt lat="43.722243" lon="7.344092"><ele>267.9</ele></trkpt>
    <trkpt lat="43.722033" lon="7.344147"><ele>265.5</ele></trkpt>
    <trkpt lat="43.721811" lon="7.344144"><ele>263.2</ele></trkpt>
    <trkpt lat="43.721576" lon="7.344072"><ele>260.7</ele></trkpt>
    <trkpt lat="43.721379" lon="7.343935"><ele>258.3</ele></trkpt>
    <trkpt lat="43.721152" lon="7.343674"><ele>256</ele></trkpt>
    <trkpt lat="43.72103" lon="7.343448"><ele>254.8</ele></trkpt>
    <trkpt lat="43.720945" lon="7.34313"><ele>253.8</ele></trkpt>
    <trkpt lat="43.720845" lon="7.342699"><ele>252.8</ele></trkpt>
    <trkpt lat="43.720777" lon="7.342263"><ele>252</ele></trkpt>
    <trkpt lat="43.720678" lon="7.341524"><ele>250.9</ele></trkpt>
    <trkpt lat="43.720659" lon="7.340669"><ele>252</ele></trkpt>
    <trkpt lat="43.720655" lon="7.340483"><ele>252.6</ele></trkpt>
    <trkpt lat="43.720622" lon="7.339369"><ele>256.9</ele></trkpt>
    <trkpt lat="43.720583" lon="7.339182"><ele>257.6</ele></trkpt>
    <trkpt lat="43.720543" lon="7.339096"><ele>258</ele></trkpt>
    <trkpt lat="43.720441" lon="7.338944"><ele>258.7</ele></trkpt>
    <trkpt lat="43.720264" lon="7.338806"><ele>259.2</ele></trkpt>
    <trkpt lat="43.720121" lon="7.338768"><ele>259.4</ele></trkpt>
    <trkpt lat="43.719749" lon="7.338795"><ele>259</ele></trkpt>
    <trkpt lat="43.719583" lon="7.33878"><ele>258.7</ele></trkpt>
    <trkpt lat="43.719489" lon="7.338753"><ele>258.4</ele></trkpt>
    <trkpt lat="43.719348" lon="7.338659"><ele>257.9</ele></trkpt>
    <trkpt lat="43.71923" lon="7.338539"><ele>257.4</ele></trkpt>
    <trkpt lat="43.719074" lon="7.33828"><ele>256.6</ele></trkpt>
    <trkpt lat="43.718781" lon="7.337502"><ele>255.8</ele></trkpt>
    <trkpt lat="43.718553" lon="7.336531"><ele>257.7</ele></trkpt>
    <trkpt lat="43.718358" lon="7.336025"><ele>259</ele></trkpt>
    <trkpt lat="43.717671" lon="7.334783"><ele>263.3</ele></trkpt>
    <trkpt lat="43.717137" lon="7.333641"><ele>271.4</ele></trkpt>
    <trkpt lat="43.716984" lon="7.333317"><ele>273.5</ele></trkpt>
    <trkpt lat="43.716959" lon="7.333267"><ele>273.9</ele></trkpt>
    <trkpt lat="43.716886" lon="7.333162"><ele>274.4</ele></trkpt>
    <trkpt lat="43.716755" lon="7.33303"><ele>275.1</ele></trkpt>
    <trkpt lat="43.716583" lon="7.332927"><ele>275.6</ele></trkpt>
    <trkpt lat="43.715099" lon="7.332149"><ele>256.3</ele></trkpt>
    <trkpt lat="43.714865" lon="7.331941"><ele>251.1</ele></trkpt>
    <trkpt lat="43.714516" lon="7.331363"><ele>242.4</ele></trkpt>
    <trkpt lat="43.714225" lon="7.330863"><ele>236.3</ele></trkpt>
    <trkpt lat="43.713121" lon="7.328152"><ele>228</ele></trkpt>
    <trkpt lat="43.712947" lon="7.327606"><ele>225.4</ele></trkpt>
    <trkpt lat="43.71271" lon="7.326489"><ele>219.6</ele></trkpt>
    <trkpt lat="43.712602" lon="7.32607"><ele>217.7</ele></trkpt>
    <trkpt lat="43.71232" lon="7.325162"><ele>213.3</ele></trkpt>
    <trkpt lat="43.712239" lon="7.324783"><ele>211</ele></trkpt>
    <trkpt lat="43.712216" lon="7.324513"><ele>209.6</ele></trkpt>
    <trkpt lat="43.712238" lon="7.324102"><ele>207.5</ele></trkpt>
    <trkpt lat="43.712349" lon="7.323443"><ele>203.8</ele></trkpt>
    <trkpt lat="43.712595" lon="7.32226"><ele>200.2</ele></trkpt>
    <trkpt lat="43.712672" lon="7.322037"><ele>200.3</ele></trkpt>
    <trkpt lat="43.712771" lon="7.321814"><ele>200.8</ele></trkpt>
    <trkpt lat="43.713188" lon="7.321218"><ele>203.4</ele></trkpt>
    <trkpt lat="43.713277" lon="7.321025"><ele>204.1</ele></trkpt>
    <trkpt lat="43.713303" lon="7.320857"><ele>204.5</ele></trkpt>
    <trkpt lat="43.713325" lon="7.320725"><ele>204.7</ele></trkpt>
    <trkpt lat="43.71332" lon="7.320557"><ele>204.9</ele></trkpt>
    <trkpt lat="43.713225" lon="7.320284"><ele>204.7</ele></trkpt>
    <trkpt lat="43.713143" lon="7.320176"><ele>204.4</ele></trkpt>
    <trkpt lat="43.713068" lon="7.320109"><ele>204.2</ele></trkpt>
    <trkpt lat="43.712851" lon="7.320034"><ele>203.3</ele></trkpt>
    <trkpt lat="43.712587" lon="7.320053"><ele>202</ele></trkpt>
    <trkpt lat="43.712351" lon="7.320068"><ele>200.6</ele></trkpt>
    <trkpt lat="43.712114" lon="7.320069"><ele>198.9</ele></trkpt>
    <trkpt lat="43.711842" lon="7.319934"><ele>196.4</ele></trkpt>
    <trkpt lat="43.711347" lon="7.319877"><ele>192.2</ele></trkpt>
    <trkpt lat="43.710977" lon="7.31974"><ele>189.6</ele></trkpt>
    <trkpt lat="43.710642" lon="7.319567"><ele>187</ele></trkpt>
    <trkpt lat="43.710313" lon="7.319285"><ele>183.9</ele></trkpt>
    <trkpt lat="43.710031" lon="7.318985"><ele>181.3</ele></trkpt>
    <trkpt lat="43.709912" lon="7.318724"><ele>179.9</ele></trkpt>
    <trkpt lat="43.70989" lon="7.318524"><ele>179.1</ele></trkpt>
    <trkpt lat="43.70992" lon="7.318081"><ele>177</ele></trkpt>
    <trkpt lat="43.709901" lon="7.317076"><ele>171.9</ele></trkpt>
    <trkpt lat="43.70986" lon="7.315968"><ele>167.8</ele></trkpt>
    <trkpt lat="43.709867" lon="7.315691"><ele>167.1</ele></trkpt>
    <trkpt lat="43.709922" lon="7.31548"><ele>166.5</ele></trkpt>
    <trkpt lat="43.710158" lon="7.31498"><ele>166.2</ele></trkpt>
    <trkpt lat="43.71032" lon="7.31428"><ele>166.4</ele></trkpt>
    <trkpt lat="43.710342" lon="7.314147"><ele>166.3</ele></trkpt>
    <trkpt lat="43.710345" lon="7.313884"><ele>166.2</ele></trkpt>
    <trkpt lat="43.710272" lon="7.313463"><ele>166.4</ele></trkpt>
    <trkpt lat="43.710199" lon="7.313139"><ele>166.5</ele></trkpt>
    <trkpt lat="43.710024" lon="7.312482"><ele>166.7</ele></trkpt>
    <trkpt lat="43.710022" lon="7.312231"><ele>166.2</ele></trkpt>
    <trkpt lat="43.710078" lon="7.311673"><ele>164.5</ele></trkpt>
    <trkpt lat="43.710048" lon="7.31146"><ele>164</ele></trkpt>
    <trkpt lat="43.709931" lon="7.311223"><ele>163.5</ele></trkpt>
    <trkpt lat="43.709811" lon="7.311114"><ele>163.4</ele></trkpt>
    <trkpt lat="43.709683" lon="7.311029"><ele>163.4</ele></trkpt>
    <trkpt lat="43.70959" lon="7.310956"><ele>163.3</ele></trkpt>
    <trkpt lat="43.709491" lon="7.310778"><ele>163.4</ele></trkpt>
    <trkpt lat="43.709442" lon="7.310523"><ele>163.6</ele></trkpt>
    <trkpt lat="43.709461" lon="7.310338"><ele>163.8</ele></trkpt>
    <trkpt lat="43.709508" lon="7.310207"><ele>163.6</ele></trkpt>
    <trkpt lat="43.709821" lon="7.309624"><ele>162.5</ele></trkpt>
    <trkpt lat="43.709858" lon="7.309509"><ele>162.3</ele></trkpt>
    <trkpt lat="43.709874" lon="7.309297"><ele>161.9</ele></trkpt>
    <trkpt lat="43.709832" lon="7.309122"><ele>161.7</ele></trkpt>
    <trkpt lat="43.709749" lon="7.308976"><ele>161.4</ele></trkpt>
    <trkpt lat="43.709603" lon="7.308878"><ele>161.2</ele></trkpt>
    <trkpt lat="43.709281" lon="7.308777"><ele>160.4</ele></trkpt>
    <trkpt lat="43.709144" lon="7.308694"><ele>159.9</ele></trkpt>
    <trkpt lat="43.708921" lon="7.308452"><ele>158.7</ele></trkpt>
    <trkpt lat="43.708533" lon="7.307866"><ele>155.8</ele></trkpt>
    <trkpt lat="43.70828" lon="7.307665"><ele>154.9</ele></trkpt>
    <trkpt lat="43.707456" lon="7.307302"><ele>151.7</ele></trkpt>
    <trkpt lat="43.706628" lon="7.306897"><ele>147.8</ele></trkpt>
    <trkpt lat="43.706461" lon="7.306753"><ele>147.1</ele></trkpt>
    <trkpt lat="43.706333" lon="7.306579"><ele>146.5</ele></trkpt>
    <trkpt lat="43.706166" lon="7.30621"><ele>145.8</ele></trkpt>
    <trkpt lat="43.706104" lon="7.30579"><ele>145.4</ele></trkpt>
    <trkpt lat="43.706117" lon="7.305544"><ele>145.3</ele></trkpt>
    <trkpt lat="43.706155" lon="7.305337"><ele>145.3</ele></trkpt>
    <trkpt lat="43.706281" lon="7.304985"><ele>145.3</ele></trkpt>
    <trkpt lat="43.706391" lon="7.304818"><ele>145.3</ele></trkpt>
    <trkpt lat="43.706536" lon="7.304646"><ele>145.5</ele></trkpt>
    <trkpt lat="43.70712" lon="7.304115"><ele>146.3</ele></trkpt>
    <trkpt lat="43.707419" lon="7.303825"><ele>146.5</ele></trkpt>
    <trkpt lat="43.707546" lon="7.303659"><ele>146.5</ele></trkpt>
    <trkpt lat="43.707601" lon="7.30354"><ele>146.6</ele></trkpt>
    <trkpt lat="43.707644" lon="7.3033"><ele>146.8</ele></trkpt>
    <trkpt lat="43.707604" lon="7.303053"><ele>147</ele></trkpt>
    <trkpt lat="43.707512" lon="7.302859"><ele>147.3</ele></trkpt>
    <trkpt lat="43.706327" lon="7.301386"><ele>149.7</ele></trkpt>
    <trkpt lat="43.706288" lon="7.301337"><ele>149.6</ele></trkpt>
    <trkpt lat="43.706065" lon="7.301075"><ele>148.9</ele></trkpt>
    <trkpt lat="43.705996" lon="7.301021"><ele>148.5</ele></trkpt>
    <trkpt lat="43.705967" lon="7.301005"><ele>148.4</ele></trkpt>
    <trkpt lat="43.705945" lon="7.300993"><ele>148.3</ele></trkpt>
    <trkpt lat="43.705976" lon="7.300919"><ele>147.9</ele></trkpt>
    <trkpt lat="43.705944" lon="7.300861"><ele>147.7</ele></trkpt>
    <trkpt lat="43.705914" lon="7.300809"><ele>147.4</ele></trkpt>
    <trkpt lat="43.705838" lon="7.300498"><ele>145.6</ele></trkpt>
    <trkpt lat="43.70575" lon="7.300265"><ele>144</ele></trkpt>
    <trkpt lat="43.705766" lon="7.300202"><ele>143.5</ele></trkpt>
    <trkpt lat="43.706092" lon="7.299623"><ele>136.9</ele></trkpt>
    <trkpt lat="43.706127" lon="7.299502"><ele>135.5</ele></trkpt>
    <trkpt lat="43.706173" lon="7.299316"><ele>133.3</ele></trkpt>
    <trkpt lat="43.706356" lon="7.298603"><ele>126.2</ele></trkpt>
    <trkpt lat="43.706424" lon="7.29846"><ele>124.9</ele></trkpt>
    <trkpt lat="43.70661" lon="7.298197"><ele>122</ele></trkpt>
    <trkpt lat="43.706708" lon="7.29807"><ele>120.7</ele></trkpt>
    <trkpt lat="43.706791" lon="7.297945"><ele>119.7</ele></trkpt>
    <trkpt lat="43.706887" lon="7.297647"><ele>118.2</ele></trkpt>
    <trkpt lat="43.70694" lon="7.297583"><ele>117.8</ele></trkpt>
    <trkpt lat="43.707033" lon="7.29749"><ele>117.3</ele></trkpt>
    <trkpt lat="43.707133" lon="7.297391"><ele>116.9</ele></trkpt>
    <trkpt lat="43.707191" lon="7.297333"><ele>116.7</ele></trkpt>
    <trkpt lat="43.707387" lon="7.297009"><ele>116.6</ele></trkpt>
    <trkpt lat="43.707455" lon="7.296938"><ele>116.8</ele></trkpt>
    <trkpt lat="43.707586" lon="7.296908"><ele>117.1</ele></trkpt>
    <trkpt lat="43.70764" lon="7.296935"><ele>117.2</ele></trkpt>
    <trkpt lat="43.707797" lon="7.297196"><ele>117.6</ele></trkpt>
    <trkpt lat="43.708182" lon="7.297458"><ele>117.8</ele></trkpt>
    <trkpt lat="43.708332" lon="7.297512"><ele>117.9</ele></trkpt>
    <trkpt lat="43.708587" lon="7.297588"><ele>117.8</ele></trkpt>
    <trkpt lat="43.709108" lon="7.297988"><ele>114.5</ele></trkpt>
    <trkpt lat="43.709181" lon="7.298013"><ele>113.8</ele></trkpt>
    <trkpt lat="43.709309" lon="7.298007"><ele>112.7</ele></trkpt>
    <trkpt lat="43.709365" lon="7.297972"><ele>112</ele></trkpt>
    <trkpt lat="43.709407" lon="7.29789"><ele>111.2</ele></trkpt>
    <trkpt lat="43.709444" lon="7.297695"><ele>109.6</ele></trkpt>
    <trkpt lat="43.709493" lon="7.297397"><ele>106.8</ele></trkpt>
    <trkpt lat="43.709467" lon="7.297387"><ele>106.5</ele></trkpt>
    <trkpt lat="43.709484" lon="7.297294"><ele>105.5</ele></trkpt>
    <trkpt lat="43.709467" lon="7.297387"><ele>104.6</ele></trkpt>
    <trkpt lat="43.709493" lon="7.297397"><ele>104.2</ele></trkpt>
    <trkpt lat="43.709631" lon="7.296634"><ele>96.6</ele></trkpt>
    <trkpt lat="43.709833" lon="7.29627"><ele>92.9</ele></trkpt>
    <trkpt lat="43.709851" lon="7.296187"><ele>92.3</ele></trkpt>
    <trkpt lat="43.709837" lon="7.296114"><ele>91.8</ele></trkpt>
    <trkpt lat="43.709779" lon="7.296022"><ele>91.1</ele></trkpt>
    <trkpt lat="43.709677" lon="7.295987"><ele>90.1</ele></trkpt>
    <trkpt lat="43.709613" lon="7.296011"><ele>89.4</ele></trkpt>
    <trkpt lat="43.709438" lon="7.296183"><ele>87.4</ele></trkpt>
    <trkpt lat="43.709357" lon="7.296196"><ele>86.7</ele></trkpt>
    <trkpt lat="43.708973" lon="7.295911"><ele>82.5</ele></trkpt>
    <trkpt lat="43.708956" lon="7.295893"><ele>82.3</ele></trkpt>
    <trkpt lat="43.708849" lon="7.295786"><ele>81.3</ele></trkpt>
    <trkpt lat="43.708714" lon="7.295702"><ele>80.3</ele></trkpt>
    <trkpt lat="43.708472" lon="7.295402"><ele>78.5</ele></trkpt>
    <trkpt lat="43.70842" lon="7.295333"><ele>78</ele></trkpt>
    <trkpt lat="43.708399" lon="7.29525"><ele>77.7</ele></trkpt>
    <trkpt lat="43.70841" lon="7.295104"><ele>77.1</ele></trkpt>
    <trkpt lat="43.708483" lon="7.295002"><ele>76.5</ele></trkpt>
    <trkpt lat="43.708552" lon="7.294996"><ele>76.1</ele></trkpt>
    <trkpt lat="43.70874" lon="7.295032"><ele>75.1</ele></trkpt>
    <trkpt lat="43.709222" lon="7.295378"><ele>73</ele></trkpt>
    <trkpt lat="43.709506" lon="7.295366"><ele>72.8</ele></trkpt>
    <trkpt lat="43.709608" lon="7.295356"><ele>72.8</ele></trkpt>
    <trkpt lat="43.710025" lon="7.295454"><ele>71.9</ele></trkpt>
    <trkpt lat="43.710324" lon="7.295442"><ele>70.5</ele></trkpt>
    <trkpt lat="43.710435" lon="7.295455"><ele>69.7</ele></trkpt>
    <trkpt lat="43.710584" lon="7.295569"><ele>68.7</ele></trkpt>
    <trkpt lat="43.710645" lon="7.295596"><ele>68.3</ele></trkpt>
    <trkpt lat="43.710775" lon="7.295571"><ele>67.6</ele></trkpt>
    <trkpt lat="43.710811" lon="7.295491"><ele>67.1</ele></trkpt>
    <trkpt lat="43.710807" lon="7.295444"><ele>66.9</ele></trkpt>
    <trkpt lat="43.710751" lon="7.295389"><ele>66.5</ele></trkpt>
    <trkpt lat="43.710552" lon="7.29535"><ele>65</ele></trkpt>
    <trkpt lat="43.710426" lon="7.295227"><ele>63.8</ele></trkpt>
    <trkpt lat="43.710385" lon="7.295082"><ele>62.9</ele></trkpt>
    <trkpt lat="43.71043" lon="7.294998"><ele>62.2</ele></trkpt>
    <trkpt lat="43.710513" lon="7.295009"><ele>61.5</ele></trkpt>
    <trkpt lat="43.710819" lon="7.295306"><ele>57.6</ele></trkpt>
    <trkpt lat="43.710908" lon="7.295287"><ele>56.7</ele></trkpt>
    <trkpt lat="43.71095" lon="7.295253"><ele>56.3</ele></trkpt>
    <trkpt lat="43.710879" lon="7.29519"><ele>55.5</ele></trkpt>
    <trkpt lat="43.710823" lon="7.295141"><ele>54.9</ele></trkpt>
    <trkpt lat="43.710247" lon="7.294666"><ele>49.7</ele></trkpt>
    <trkpt lat="43.709766" lon="7.294475"><ele>45.8</ele></trkpt>
    <trkpt lat="43.709621" lon="7.294424"><ele>44.5</ele></trkpt>
    <trkpt lat="43.709263" lon="7.294292"><ele>40.9</ele></trkpt>
    <trkpt lat="43.708761" lon="7.293976"><ele>35.2</ele></trkpt>
    <trkpt lat="43.708466" lon="7.293728"><ele>31.8</ele></trkpt>
    <trkpt lat="43.708359" lon="7.293575"><ele>30.3</ele></trkpt>
    <trkpt lat="43.708301" lon="7.293403"><ele>29</ele></trkpt>
    <trkpt lat="43.708293" lon="7.292939"><ele>25.9</ele></trkpt>
    <trkpt lat="43.708305" lon="7.292792"><ele>25.1</ele></trkpt>
    <trkpt lat="43.708316" lon="7.292436"><ele>23.3</ele></trkpt>
    <trkpt lat="43.708313" lon="7.291589"><ele>20.9</ele></trkpt>
    <trkpt lat="43.708313" lon="7.291537"><ele>20.9</ele></trkpt>
    <trkpt lat="43.708314" lon="7.291489"><ele>20.8</ele></trkpt>
    <trkpt lat="43.708311" lon="7.291233"><ele>20.6</ele></trkpt>
    <trkpt lat="43.708306" lon="7.290875"><ele>20.4</ele></trkpt>
    <trkpt lat="43.708306" lon="7.290769"><ele>20.3</ele></trkpt>
    <trkpt lat="43.708305" lon="7.290646"><ele>20.3</ele></trkpt>
    <trkpt lat="43.708304" lon="7.290489"><ele>20.2</ele></trkpt>
    <trkpt lat="43.708302" lon="7.290207"><ele>20.1</ele></trkpt>
    <trkpt lat="43.708302" lon="7.289996"><ele>20</ele></trkpt>
    <trkpt lat="43.708302" lon="7.289935"><ele>20</ele></trkpt>
    <trkpt lat="43.708302" lon="7.289857"><ele>20</ele></trkpt>
    <trkpt lat="43.708301" lon="7.289478"><ele>19.7</ele></trkpt>
    <trkpt lat="43.708301" lon="7.289233"><ele>19.6</ele></trkpt>
    <trkpt lat="43.708301" lon="7.28887"><ele>19.2</ele></trkpt>
    <trkpt lat="43.7083" lon="7.288662"><ele>19.1</ele></trkpt>
    <trkpt lat="43.7083" lon="7.288565"><ele>19.1</ele></trkpt>
    <trkpt lat="43.7083" lon="7.288505"><ele>19</ele></trkpt>
    <trkpt lat="43.708299" lon="7.288412"><ele>19</ele></trkpt>
    <trkpt lat="43.708313" lon="7.288084"><ele>18.9</ele></trkpt>
    <trkpt lat="43.708317" lon="7.287694"><ele>19</ele></trkpt>
    <trkpt lat="43.708396" lon="7.287604"><ele>19.1</ele></trkpt>
    <trkpt lat="43.708414" lon="7.287512"><ele>19.1</ele></trkpt>
    <trkpt lat="43.708391" lon="7.287402"><ele>19.2</ele></trkpt>
    <trkpt lat="43.708327" lon="7.287328"><ele>19.2</ele></trkpt>
    <trkpt lat="43.708223" lon="7.287326"><ele>19.3</ele></trkpt>
    <trkpt lat="43.70818" lon="7.287363"><ele>19.3</ele></trkpt>
    <trkpt lat="43.708034" lon="7.287184"><ele>19.2</ele></trkpt>
    <trkpt lat="43.707971" lon="7.287097"><ele>19.2</ele></trkpt>
    <trkpt lat="43.707568" lon="7.286531"><ele>19.4</ele></trkpt>
    <trkpt lat="43.707529" lon="7.286471"><ele>19.4</ele></trkpt>
    <trkpt lat="43.707302" lon="7.286113"><ele>19.6</ele></trkpt>
    <trkpt lat="43.707847" lon="7.284197"><ele>18.6</ele></trkpt>
    <trkpt lat="43.707863" lon="7.284148"><ele>18.5</ele></trkpt>
    <trkpt lat="43.707904" lon="7.284006"><ele>18.5</ele></trkpt>
    <trkpt lat="43.707955" lon="7.283663"><ele>18.2</ele></trkpt>
    <trkpt lat="43.707994" lon="7.283397"><ele>18</ele></trkpt>
    <trkpt lat="43.707864" lon="7.283282"><ele>17.7</ele></trkpt>
    <trkpt lat="43.707841" lon="7.28327"><ele>17.7</ele></trkpt>
    <trkpt lat="43.707636" lon="7.283177"><ele>17.4</ele></trkpt>
    <trkpt lat="43.707498" lon="7.283113"><ele>17.2</ele></trkpt>
    <trkpt lat="43.707361" lon="7.283047"><ele>17</ele></trkpt>
    <trkpt lat="43.707265" lon="7.282974"><ele>16.9</ele></trkpt>
    <trkpt lat="43.707241" lon="7.28282"><ele>16.8</ele></trkpt>
    <trkpt lat="43.70733" lon="7.28234"><ele>16.6</ele></trkpt>
    <trkpt lat="43.707426" lon="7.281788"><ele>16.6</ele></trkpt>
    <trkpt lat="43.707435" lon="7.281742"><ele>16.6</ele></trkpt>
    <trkpt lat="43.707452" lon="7.281641"><ele>16.5</ele></trkpt>
    <trkpt lat="43.707452" lon="7.281641"><ele>16.4</ele></trkpt>
    <trkpt lat="43.707211" lon="7.281414"><ele>16.3</ele></trkpt>
    <trkpt lat="43.707063" lon="7.2812"><ele>16.2</ele></trkpt>
    <trkpt lat="43.706984" lon="7.280688"><ele>16.1</ele></trkpt>
    <trkpt lat="43.706991" lon="7.279651"><ele>16</ele></trkpt>
    <trkpt lat="43.706997" lon="7.278614"><ele>15.9</ele></trkpt>
    <trkpt lat="43.706997" lon="7.278614"><ele>15.8</ele></trkpt>
    <trkpt lat="43.707052" lon="7.277941"><ele>15.7</ele></trkpt>
    <trkpt lat="43.707106" lon="7.277268"><ele>15.6</ele></trkpt>
    <trkpt lat="43.707361" lon="7.276102"><ele>15.4</ele></trkpt>
    <trkpt lat="43.707616" lon="7.274936"><ele>15.3</ele></trkpt>
    <trkpt lat="43.707808" lon="7.274055"><ele>15.2</ele></trkpt>
    <trkpt lat="43.707999" lon="7.273175"><ele>15.1</ele></trkpt>
    <trkpt lat="43.708191" lon="7.272294"><ele>15</ele></trkpt>
    <trkpt lat="43.70838" lon="7.271463"><ele>14.9</ele></trkpt>
    <trkpt lat="43.708458" lon="7.270532"><ele>14.8</ele></trkpt>
    <trkpt lat="43.708404" lon="7.269975"><ele>14.7</ele></trkpt>
    <trkpt lat="43.708255" lon="7.269372"><ele>14.6</ele></trkpt>
    <trkpt lat="43.707962" lon="7.268661"><ele>14.5</ele></trkpt>
    <trkpt lat="43.70769" lon="7.2681"><ele>14.4</ele></trkpt>
    <trkpt lat="43.707417" lon="7.267539"><ele>14.3</ele></trkpt>
    <trkpt lat="43.707417" lon="7.267539"><ele>14.2</ele></trkpt>
    <trkpt lat="43.707073" lon="7.266885"><ele>14.1</ele></trkpt>
    <trkpt lat="43.706729" lon="7.26623"><ele>14</ele></trkpt>
    <trkpt lat="43.706489" lon="7.265682"><ele>13.9</ele></trkpt>
    <trkpt lat="43.706249" lon="7.265134"><ele>13.8</ele></trkpt>
    <trkpt lat="43.705929" lon="7.264152"><ele>13.7</ele></trkpt>
    <trkpt lat="43.705798" lon="7.263356"><ele>13.6</ele></trkpt>
    <trkpt lat="43.705667" lon="7.262561"><ele>13.5</ele></trkpt>
    <trkpt lat="43.705578" lon="7.261824"><ele>13.4</ele></trkpt>
    <trkpt lat="43.705489" lon="7.261087"><ele>13.2</ele></trkpt>
    <trkpt lat="43.705277" lon="7.260419"><ele>13.1</ele></trkpt>
    <trkpt lat="43.705064" lon="7.259752"><ele>13</ele></trkpt>
    <trkpt lat="43.704752" lon="7.259076"><ele>12.9</ele></trkpt>
    <trkpt lat="43.704258" lon="7.258286"><ele>12.8</ele></trkpt>
    <trkpt lat="43.70381" lon="7.257728"><ele>12.7</ele></trkpt>
    <trkpt lat="43.703362" lon="7.257169"><ele>12.6</ele></trkpt>
    <trkpt lat="43.703015" lon="7.256737"><ele>12.5</ele></trkpt>
    <trkpt lat="43.702669" lon="7.256304"><ele>12.4</ele></trkpt>
    <trkpt lat="43.702309" lon="7.255679"><ele>12.3</ele></trkpt>
    <trkpt lat="43.701972" lon="7.254987"><ele>12.2</ele></trkpt>
    <trkpt lat="43.701634" lon="7.254294"><ele>12.1</ele></trkpt>
    <trkpt lat="43.701297" lon="7.253602"><ele>12</ele></trkpt>
    <trkpt lat="43.700958" lon="7.252834"><ele>11.9</ele></trkpt>
    <trkpt lat="43.700619" lon="7.252066"><ele>11.8</ele></trkpt>
    <trkpt lat="43.70028" lon="7.251298"><ele>11.7</ele></trkpt>
    <trkpt lat="43.70028" lon="7.251298"><ele>11.6</ele></trkpt>
    <trkpt lat="43.699746" lon="7.250351"><ele>11.5</ele></trkpt>
    <trkpt lat="43.699211" lon="7.249404"><ele>11.4</ele></trkpt>
    <trkpt lat="43.698606" lon="7.248639"><ele>11.3</ele></trkpt>
    <trkpt lat="43.698136" lon="7.248202"><ele>11.2</ele></trkpt>
    <trkpt lat="43.697402" lon="7.247749"><ele>11</ele></trkpt>
    <trkpt lat="43.696775" lon="7.247528"><ele>10.9</ele></trkpt>
    <trkpt lat="43.696148" lon="7.247307"><ele>10.8</ele></trkpt>
    <trkpt lat="43.695722" lon="7.247114"><ele>10.7</ele></trkpt>
    <trkpt lat="43.695213" lon="7.246657"><ele>10.6</ele></trkpt>
    <trkpt lat="43.694705" lon="7.246201"><ele>10.5</ele></trkpt>
    <trkpt lat="43.694177" lon="7.245546"><ele>10.4</ele></trkpt>
    <trkpt lat="43.693648" lon="7.244891"><ele>10.3</ele></trkpt>
    <trkpt lat="43.693076" lon="7.244142"><ele>10.2</ele></trkpt>
    <trkpt lat="43.692504" lon="7.243393"><ele>10.1</ele></trkpt>
    <trkpt lat="43.691932" lon="7.242643"><ele>10</ele></trkpt>
    <trkpt lat="43.691359" lon="7.241894"><ele>9.9</ele></trkpt>
    <trkpt lat="43.690787" lon="7.241145"><ele>9.8</ele></trkpt>
    <trkpt lat="43.690215" lon="7.240395"><ele>9.7</ele></trkpt>
    <trkpt lat="43.689643" lon="7.239646"><ele>9.6</ele></trkpt>
    <trkpt lat="43.68907" lon="7.238897"><ele>9.5</ele></trkpt>
    <trkpt lat="43.688514" lon="7.238171"><ele>9.4</ele></trkpt>
    <trkpt lat="43.687958" lon="7.237445"><ele>9.3</ele></trkpt>
    <trkpt lat="43.687402" lon="7.236719"><ele>9.2</ele></trkpt>
    <trkpt lat="43.686846" lon="7.235992"><ele>9.1</ele></trkpt>
    <trkpt lat="43.68629" lon="7.235266"><ele>9</ele></trkpt>
    <trkpt lat="43.685734" lon="7.23454"><ele>8.9</ele></trkpt>
    <trkpt lat="43.68503" lon="7.233868"><ele>8.7</ele></trkpt>
    <trkpt lat="43.684327" lon="7.233195"><ele>8.6</ele></trkpt>
    <trkpt lat="43.683835" lon="7.232687"><ele>8.5</ele></trkpt>
    <trkpt lat="43.683343" lon="7.23218"><ele>8.4</ele></trkpt>
    <trkpt lat="43.682858" lon="7.231453"><ele>8.3</ele></trkpt>
    <trkpt lat="43.682374" lon="7.230726"><ele>8.2</ele></trkpt>
    <trkpt lat="43.681889" lon="7.229998"><ele>8.1</ele></trkpt>
    <trkpt lat="43.681288" lon="7.229078"><ele>8</ele></trkpt>
    <trkpt lat="43.680686" lon="7.228158"><ele>7.9</ele></trkpt>
    <trkpt lat="43.680085" lon="7.227239"><ele>7.8</ele></trkpt>
    <trkpt lat="43.679625" lon="7.226644"><ele>7.7</ele></trkpt>
    <trkpt lat="43.679165" lon="7.22605"><ele>7.6</ele></trkpt>
    <trkpt lat="43.678705" lon="7.225455"><ele>7.5</ele></trkpt>
    <trkpt lat="43.67814" lon="7.224967"><ele>7.4</ele></trkpt>
    <trkpt lat="43.677575" lon="7.224478"><ele>7.3</ele></trkpt>
    <trkpt lat="43.67701" lon="7.22399"><ele>7.2</ele></trkpt>
    <trkpt lat="43.676301" lon="7.223417"><ele>7.1</ele></trkpt>
    <trkpt lat="43.675592" lon="7.222845"><ele>7</ele></trkpt>
    <trkpt lat="43.674883" lon="7.222272"><ele>6.9</ele></trkpt>
    <trkpt lat="43.67427" lon="7.221753"><ele>6.8</ele></trkpt>
    <trkpt lat="43.673657" lon="7.221235"><ele>6.7</ele></trkpt>
    <trkpt lat="43.673044" lon="7.220716"><ele>6.5</ele></trkpt>
    <trkpt lat="43.672425" lon="7.220006"><ele>6.4</ele></trkpt>
    <trkpt lat="43.672134" lon="7.21945"><ele>6.3</ele></trkpt>
    <trkpt lat="43.671843" lon="7.218894"><ele>6.2</ele></trkpt>
    <trkpt lat="43.671535" lon="7.21804"><ele>6.1</ele></trkpt>
    <trkpt lat="43.671227" lon="7.217186"><ele>6</ele></trkpt>
    <trkpt lat="43.670985" lon="7.216571"><ele>5.9</ele></trkpt>
    <trkpt lat="43.670743" lon="7.215955"><ele>5.8</ele></trkpt>
    <trkpt lat="43.670387" lon="7.215141"><ele>5.7</ele></trkpt>
    <trkpt lat="43.670255" lon="7.214269"><ele>5.6</ele></trkpt>
    <trkpt lat="43.670255" lon="7.214239"><ele>5.5</ele></trkpt>
    <trkpt lat="43.670353" lon="7.213451"><ele>5</ele></trkpt>
    <trkpt lat="43.670372" lon="7.213302"><ele>4.9</ele></trkpt>
    <trkpt lat="43.670594" lon="7.211739"><ele>5.5</ele></trkpt>
    <trkpt lat="43.670656" lon="7.211421"><ele>5.9</ele></trkpt>
    <trkpt lat="43.67066" lon="7.211393"><ele>6</ele></trkpt>
    <trkpt lat="43.67071" lon="7.210972"><ele>6.5</ele></trkpt>
    <trkpt lat="43.670731" lon="7.210858"><ele>6.7</ele></trkpt>
    <trkpt lat="43.670738" lon="7.210819"><ele>6.7</ele></trkpt>
    <trkpt lat="43.670867" lon="7.209777"><ele>7.6</ele></trkpt>
    <trkpt lat="43.670891" lon="7.209545"><ele>7.7</ele></trkpt>
    <trkpt lat="43.671105" lon="7.207881"><ele>7.4</ele></trkpt>
    <trkpt lat="43.671124" lon="7.207532"><ele>7.2</ele></trkpt>
    <trkpt lat="43.671114" lon="7.207256"><ele>7.1</ele></trkpt>
    <trkpt lat="43.671301" lon="7.205798"><ele>6.9</ele></trkpt>
    <trkpt lat="43.671567" lon="7.203622"><ele>7.6</ele></trkpt>
    <trkpt lat="43.671595" lon="7.203413"><ele>7.7</ele></trkpt>
    <trkpt lat="43.671648" lon="7.203092"><ele>7.7</ele></trkpt>
    <trkpt lat="43.671786" lon="7.202771"><ele>7.8</ele></trkpt>
    <trkpt lat="43.671737" lon="7.20272"><ele>7.8</ele></trkpt>
    <trkpt lat="43.67155" lon="7.202704"><ele>7.8</ele></trkpt>
    <trkpt lat="43.671556" lon="7.202629"><ele>7.8</ele></trkpt>
    <trkpt lat="43.671578" lon="7.202443"><ele>7.8</ele></trkpt>
    <trkpt lat="43.671553" lon="7.202305"><ele>7.8</ele></trkpt>
    <trkpt lat="43.671085" lon="7.202535"><ele>7.7</ele></trkpt>
    <trkpt lat="43.670147" lon="7.203063"><ele>7.2</ele></trkpt>
    <trkpt lat="43.669761" lon="7.203289"><ele>7</ele></trkpt>
    <trkpt lat="43.668679" lon="7.203894"><ele>6.4</ele></trkpt>
    <trkpt lat="43.668127" lon="7.204201"><ele>6.3</ele></trkpt>
    <trkpt lat="43.66747" lon="7.204592"><ele>6.7</ele></trkpt>
    <trkpt lat="43.667114" lon="7.204771"><ele>6.9</ele></trkpt>
    <trkpt lat="43.666734" lon="7.204984"><ele>7.4</ele></trkpt>
    <trkpt lat="43.666702" lon="7.205002"><ele>7.4</ele></trkpt>
    <trkpt lat="43.66619" lon="7.205262"><ele>8.1</ele></trkpt>
    <trkpt lat="43.665985" lon="7.205203"><ele>8.4</ele></trkpt>
    <trkpt lat="43.665888" lon="7.205091"><ele>8.5</ele></trkpt>
    <trkpt lat="43.665841" lon="7.204979"><ele>8.6</ele></trkpt>
    <trkpt lat="43.665708" lon="7.204367"><ele>9.1</ele></trkpt>
    <trkpt lat="43.665649" lon="7.204066"><ele>9.3</ele></trkpt>
    <trkpt lat="43.665566" lon="7.203633"><ele>9.5</ele></trkpt>
    <trkpt lat="43.665562" lon="7.203488"><ele>9.6</ele></trkpt>
    <trkpt lat="43.665585" lon="7.203189"><ele>9.6</ele></trkpt>
    <trkpt lat="43.665563" lon="7.20297"><ele>9.6</ele></trkpt>
    <trkpt lat="43.665157" lon="7.201827"><ele>9.6</ele></trkpt>
    <trkpt lat="43.665034" lon="7.201557"><ele>9.6</ele></trkpt>
    <trkpt lat="43.664935" lon="7.201288"><ele>9.5</ele></trkpt>
    <trkpt lat="43.663399" lon="7.197272"><ele>10.4</ele></trkpt>
    <trkpt lat="43.663118" lon="7.196586"><ele>10.6</ele></trkpt>
    <trkpt lat="43.662658" lon="7.195562"><ele>11.4</ele></trkpt>
    <trkpt lat="43.662277" lon="7.194577"><ele>11.6</ele></trkpt>
    <trkpt lat="43.662241" lon="7.194484"><ele>11.6</ele></trkpt>
    <trkpt lat="43.66211" lon="7.194147"><ele>11.7</ele></trkpt>
    <trkpt lat="43.661991" lon="7.19384"><ele>11.6</ele></trkpt>
    <trkpt lat="43.661924" lon="7.193664"><ele>11.6</ele></trkpt>
    <trkpt lat="43.66187" lon="7.193526"><ele>11.5</ele></trkpt>
    <trkpt lat="43.661675" lon="7.193021"><ele>11.2</ele></trkpt>
    <trkpt lat="43.661649" lon="7.192955"><ele>11.1</ele></trkpt>
    <trkpt lat="43.661479" lon="7.192517"><ele>10.8</ele></trkpt>
    <trkpt lat="43.661451" lon="7.192446"><ele>10.8</ele></trkpt>
    <trkpt lat="43.661383" lon="7.192269"><ele>10.7</ele></trkpt>
    <trkpt lat="43.660672" lon="7.190453"><ele>9.4</ele></trkpt>
    <trkpt lat="43.660353" lon="7.189452"><ele>7.6</ele></trkpt>
    <trkpt lat="43.660292" lon="7.189226"><ele>7.1</ele></trkpt>
    <trkpt lat="43.660142" lon="7.188604"><ele>6</ele></trkpt>
    <trkpt lat="43.660036" lon="7.18805"><ele>5.3</ele></trkpt>
    <trkpt lat="43.660027" lon="7.187993"><ele>5.2</ele></trkpt>
    <trkpt lat="43.659962" lon="7.187521"><ele>4.9</ele></trkpt>
    <trkpt lat="43.65986" lon="7.186329"><ele>4.6</ele></trkpt>
    <trkpt lat="43.65986" lon="7.185174"><ele>4.5</ele></trkpt>
    <trkpt lat="43.659886" lon="7.184777"><ele>4.6</ele></trkpt>
    <trkpt lat="43.659965" lon="7.184054"><ele>5.1</ele></trkpt>
    <trkpt lat="43.660046" lon="7.183547"><ele>5.5</ele></trkpt>
    <trkpt lat="43.660167" lon="7.182894"><ele>6</ele></trkpt>
    <trkpt lat="43.660333" lon="7.182225"><ele>6.5</ele></trkpt>
    <trkpt lat="43.660368" lon="7.181824"><ele>6.8</ele></trkpt>
    <trkpt lat="43.660311" lon="7.180961"><ele>7.6</ele></trkpt>
    <trkpt lat="43.660283" lon="7.180656"><ele>7.9</ele></trkpt>
    <trkpt lat="43.660276" lon="7.180514"><ele>8</ele></trkpt>
    <trkpt lat="43.660268" lon="7.180316"><ele>8.2</ele></trkpt>
    <trkpt lat="43.660265" lon="7.180195"><ele>8.4</ele></trkpt>
    <trkpt lat="43.660269" lon="7.180032"><ele>8.5</ele></trkpt>
    <trkpt lat="43.660281" lon="7.179911"><ele>8.6</ele></trkpt>
    <trkpt lat="43.660296" lon="7.179794"><ele>8.8</ele></trkpt>
    <trkpt lat="43.66035" lon="7.179518"><ele>9</ele></trkpt>
    <trkpt lat="43.660611" lon="7.178384"><ele>9.9</ele></trkpt>
    <trkpt lat="43.66064" lon="7.178011"><ele>10</ele></trkpt>
    <trkpt lat="43.660619" lon="7.177647"><ele>10.1</ele></trkpt>
    <trkpt lat="43.660619" lon="7.177647"><ele>10.1</ele></trkpt>
    <trkpt lat="43.660517" lon="7.176638"><ele>10.2</ele></trkpt>
    <trkpt lat="43.660517" lon="7.176638"><ele>10.2</ele></trkpt>
    <trkpt lat="43.660485" lon="7.176046"><ele>10.1</ele></trkpt>
    <trkpt lat="43.660453" lon="7.175701"><ele>9.9</ele></trkpt>
    <trkpt lat="43.660436" lon="7.175493"><ele>9.7</ele></trkpt>
    <trkpt lat="43.66039" lon="7.174933"><ele>9.3</ele></trkpt>
    <trkpt lat="43.660316" lon="7.174154"><ele>8.5</ele></trkpt>
    <trkpt lat="43.660292" lon="7.174012"><ele>8.4</ele></trkpt>
    <trkpt lat="43.660278" lon="7.173929"><ele>8.3</ele></trkpt>
    <trkpt lat="43.660192" lon="7.173379"><ele>8</ele></trkpt>
    <trkpt lat="43.660175" lon="7.173277"><ele>8</ele></trkpt>
    <trkpt lat="43.660118" lon="7.172973"><ele>8</ele></trkpt>
    <trkpt lat="43.65995" lon="7.172029"><ele>8.2</ele></trkpt>
    <trkpt lat="43.659841" lon="7.171369"><ele>8.1</ele></trkpt>
    <trkpt lat="43.659719" lon="7.170562"><ele>7.7</ele></trkpt>
    <trkpt lat="43.659655" lon="7.170134"><ele>7.7</ele></trkpt>
    <trkpt lat="43.659587" lon="7.169585"><ele>7.6</ele></trkpt>
    <trkpt lat="43.659555" lon="7.169267"><ele>7.7</ele></trkpt>
    <trkpt lat="43.659548" lon="7.169192"><ele>7.7</ele></trkpt>
    <trkpt lat="43.659519" lon="7.168847"><ele>7.7</ele></trkpt>
    <trkpt lat="43.659492" lon="7.168502"><ele>7.8</ele></trkpt>
    <trkpt lat="43.659446" lon="7.168108"><ele>7.7</ele></trkpt>
    <trkpt lat="43.659359" lon="7.167394"><ele>7.6</ele></trkpt>
    <trkpt lat="43.659344" lon="7.167262"><ele>7.5</ele></trkpt>
    <trkpt lat="43.659277" lon="7.166719"><ele>7</ele></trkpt>
    <trkpt lat="43.659267" lon="7.166598"><ele>6.8</ele></trkpt>
    <trkpt lat="43.659242" lon="7.166197"><ele>6.4</ele></trkpt>
    <trkpt lat="43.659229" lon="7.165757"><ele>6.1</ele></trkpt>
    <trkpt lat="43.659222" lon="7.16548"><ele>6</ele></trkpt>
    <trkpt lat="43.659209" lon="7.165054"><ele>6.1</ele></trkpt>
    <trkpt lat="43.659205" lon="7.164973"><ele>6.2</ele></trkpt>
    <trkpt lat="43.659197" lon="7.164793"><ele>6.3</ele></trkpt>
    <trkpt lat="43.659175" lon="7.164208"><ele>6.6</ele></trkpt>
    <trkpt lat="43.659166" lon="7.163973"><ele>6.7</ele></trkpt>
    <trkpt lat="43.659166" lon="7.163973"><ele>6.7</ele></trkpt>
    <trkpt lat="43.658999" lon="7.162963"><ele>7.2</ele></trkpt>
    <trkpt lat="43.658999" lon="7.162963"><ele>7.2</ele></trkpt>
    <trkpt lat="43.658738" lon="7.162046"><ele>7.1</ele></trkpt>
    <trkpt lat="43.658353" lon="7.160904"><ele>7</ele></trkpt>
    <trkpt lat="43.658258" lon="7.160623"><ele>7</ele></trkpt>
    <trkpt lat="43.658039" lon="7.159933"><ele>6.8</ele></trkpt>
    <trkpt lat="43.658028" lon="7.1599"><ele>6.8</ele></trkpt>
    <trkpt lat="43.657963" lon="7.159701"><ele>6.7</ele></trkpt>
    <trkpt lat="43.657598" lon="7.158572"><ele>6.4</ele></trkpt>
    <trkpt lat="43.657515" lon="7.158328"><ele>6.2</ele></trkpt>
    <trkpt lat="43.657469" lon="7.158177"><ele>6.1</ele></trkpt>
    <trkpt lat="43.65733" lon="7.157787"><ele>5.9</ele></trkpt>
    <trkpt lat="43.656858" lon="7.156625"><ele>6.5</ele></trkpt>
    <trkpt lat="43.65643" lon="7.155578"><ele>7.3</ele></trkpt>
    <trkpt lat="43.656324" lon="7.155318"><ele>7.2</ele></trkpt>
    <trkpt lat="43.656208" lon="7.155027"><ele>7.2</ele></trkpt>
    <trkpt lat="43.656027" lon="7.154479"><ele>7.1</ele></trkpt>
    <trkpt lat="43.655957" lon="7.154243"><ele>7.1</ele></trkpt>
    <trkpt lat="43.655875" lon="7.153947"><ele>6.9</ele></trkpt>
    <trkpt lat="43.655871" lon="7.153932"><ele>6.9</ele></trkpt>
    <trkpt lat="43.655862" lon="7.153899"><ele>6.9</ele></trkpt>
    <trkpt lat="43.655846" lon="7.15384"><ele>6.9</ele></trkpt>
    <trkpt lat="43.655826" lon="7.153764"><ele>6.8</ele></trkpt>
    <trkpt lat="43.655806" lon="7.153689"><ele>6.8</ele></trkpt>
    <trkpt lat="43.655493" lon="7.15262"><ele>6.3</ele></trkpt>
    <trkpt lat="43.655396" lon="7.15228"><ele>6.3</ele></trkpt>
    <trkpt lat="43.65539" lon="7.152222"><ele>6.2</ele></trkpt>
    <trkpt lat="43.655338" lon="7.152018"><ele>6.1</ele></trkpt>
    <trkpt lat="43.655242" lon="7.151645"><ele>5.8</ele></trkpt>
    <trkpt lat="43.655225" lon="7.151567"><ele>5.8</ele></trkpt>
    <trkpt lat="43.655185" lon="7.151405"><ele>5.6</ele></trkpt>
    <trkpt lat="43.655159" lon="7.15129"><ele>5.5</ele></trkpt>
    <trkpt lat="43.655111" lon="7.151117"><ele>5.4</ele></trkpt>
    <trkpt lat="43.655059" lon="7.15095"><ele>5.2</ele></trkpt>
    <trkpt lat="43.654959" lon="7.150627"><ele>4.8</ele></trkpt>
    <trkpt lat="43.654847" lon="7.150357"><ele>4.6</ele></trkpt>
    <trkpt lat="43.654745" lon="7.149992"><ele>4.3</ele></trkpt>
    <trkpt lat="43.654529" lon="7.149245"><ele>4.5</ele></trkpt>
    <trkpt lat="43.654467" lon="7.149032"><ele>4.7</ele></trkpt>
    <trkpt lat="43.654336" lon="7.148572"><ele>5.3</ele></trkpt>
    <trkpt lat="43.654015" lon="7.147529"><ele>7.1</ele></trkpt>
    <trkpt lat="43.653826" lon="7.14713"><ele>7.9</ele></trkpt>
    <trkpt lat="43.653793" lon="7.147072"><ele>8</ele></trkpt>
    <trkpt lat="43.653756" lon="7.147016"><ele>8.1</ele></trkpt>
    <trkpt lat="43.653636" lon="7.146823"><ele>8.5</ele></trkpt>
    <trkpt lat="43.653422" lon="7.146479"><ele>9</ele></trkpt>
    <trkpt lat="43.653271" lon="7.146121"><ele>9.4</ele></trkpt>
    <trkpt lat="43.65304" lon="7.14514"><ele>10.2</ele></trkpt>
    <trkpt lat="43.65278" lon="7.14402"><ele>10.6</ele></trkpt>
    <trkpt lat="43.652731" lon="7.14383"><ele>10.6</ele></trkpt>
    <trkpt lat="43.65258" lon="7.143388"><ele>10.7</ele></trkpt>
    <trkpt lat="43.652384" lon="7.143071"><ele>10.7</ele></trkpt>
    <trkpt lat="43.651959" lon="7.142524"><ele>10.7</ele></trkpt>
    <trkpt lat="43.65149" lon="7.142024"><ele>10.6</ele></trkpt>
    <trkpt lat="43.650559" lon="7.141223"><ele>9.7</ele></trkpt>
    <trkpt lat="43.649518" lon="7.140499"><ele>7.4</ele></trkpt>
    <trkpt lat="43.649411" lon="7.14039"><ele>7.1</ele></trkpt>
    <trkpt lat="43.649184" lon="7.140083"><ele>6.5</ele></trkpt>
    <trkpt lat="43.648792" lon="7.139262"><ele>5.4</ele></trkpt>
    <trkpt lat="43.648619" lon="7.138859"><ele>5.3</ele></trkpt>
    <trkpt lat="43.648355" lon="7.138382"><ele>5.4</ele></trkpt>
    <trkpt lat="43.648198" lon="7.138171"><ele>5.7</ele></trkpt>
    <trkpt lat="43.647984" lon="7.137923"><ele>6.3</ele></trkpt>
    <trkpt lat="43.647755" lon="7.137702"><ele>6.9</ele></trkpt>
    <trkpt lat="43.647327" lon="7.137263"><ele>8</ele></trkpt>
    <trkpt lat="43.647117" lon="7.137013"><ele>8.3</ele></trkpt>
    <trkpt lat="43.647069" lon="7.136907"><ele>8.4</ele></trkpt>
    <trkpt lat="43.647069" lon="7.136806"><ele>8.4</ele></trkpt>
    <trkpt lat="43.647103" lon="7.136696"><ele>8.4</ele></trkpt>
    <trkpt lat="43.647169" lon="7.136649"><ele>8.4</ele></trkpt>
    <trkpt lat="43.647312" lon="7.13662"><ele>8.4</ele></trkpt>
    <trkpt lat="43.647798" lon="7.136616"><ele>8.1</ele></trkpt>
    <trkpt lat="43.647928" lon="7.136696"><ele>8</ele></trkpt>
    <trkpt lat="43.647947" lon="7.136899"><ele>7.8</ele></trkpt>
    <trkpt lat="43.648014" lon="7.136998"><ele>7.7</ele></trkpt>
    <trkpt lat="43.648138" lon="7.13704"><ele>7.6</ele></trkpt>
    <trkpt lat="43.6482" lon="7.137019"><ele>7.5</ele></trkpt>
    <trkpt lat="43.648274" lon="7.136945"><ele>7.4</ele></trkpt>
    <trkpt lat="43.648308" lon="7.136989"><ele>7.3</ele></trkpt>
    <trkpt lat="43.649012" lon="7.136151"><ele>8.4</ele></trkpt>
    <trkpt lat="43.649288" lon="7.135745"><ele>10.1</ele></trkpt>
    <trkpt lat="43.649427" lon="7.135345"><ele>11.8</ele></trkpt>
    <trkpt lat="43.649458" lon="7.135179"><ele>12.6</ele></trkpt>
    <trkpt lat="43.649468" lon="7.134657"><ele>15</ele></trkpt>
    <trkpt lat="43.649345" lon="7.133674"><ele>16.2</ele></trkpt>
    <trkpt lat="43.649318" lon="7.133287"><ele>15.7</ele></trkpt>
    <trkpt lat="43.649385" lon="7.132704"><ele>14</ele></trkpt>
    <trkpt lat="43.649404" lon="7.132618"><ele>13.7</ele></trkpt>
    <trkpt lat="43.649421" lon="7.132544"><ele>13.3</ele></trkpt>
    <trkpt lat="43.649685" lon="7.131564"><ele>8.5</ele></trkpt>
    <trkpt lat="43.649824" lon="7.131138"><ele>6.9</ele></trkpt>
    <trkpt lat="43.650001" lon="7.130752"><ele>6.4</ele></trkpt>
    <trkpt lat="43.650395" lon="7.130118"><ele>6.1</ele></trkpt>
    <trkpt lat="43.650881" lon="7.129581"><ele>6.4</ele></trkpt>
    <trkpt lat="43.651401" lon="7.129111"><ele>7.4</ele></trkpt>
    <trkpt lat="43.651867" lon="7.128695"><ele>8.6</ele></trkpt>
    <trkpt lat="43.651987" lon="7.128451"><ele>9</ele></trkpt>
    <trkpt lat="43.652051" lon="7.128359"><ele>9.2</ele></trkpt>
    <trkpt lat="43.652137" lon="7.128296"><ele>9.4</ele></trkpt>
    <trkpt lat="43.652136" lon="7.128202"><ele>9.6</ele></trkpt>
    <trkpt lat="43.652115" lon="7.128179"><ele>9.6</ele></trkpt>
    <trkpt lat="43.652272" lon="7.127946"><ele>10.1</ele></trkpt>
    <trkpt lat="43.652327" lon="7.127924"><ele>10.2</ele></trkpt>
    <trkpt lat="43.652402" lon="7.127824"><ele>10.4</ele></trkpt>
    <trkpt lat="43.652419" lon="7.127746"><ele>10.5</ele></trkpt>
    <trkpt lat="43.652468" lon="7.12761"><ele>10.6</ele></trkpt>
    <trkpt lat="43.652694" lon="7.127215"><ele>11.1</ele></trkpt>
    <trkpt lat="43.652977" lon="7.126796"><ele>12</ele></trkpt>
    <trkpt lat="43.653011" lon="7.1267"><ele>12.2</ele></trkpt>
    <trkpt lat="43.653051" lon="7.126659"><ele>12.4</ele></trkpt>
    <trkpt lat="43.653231" lon="7.126475"><ele>13.3</ele></trkpt>
    <trkpt lat="43.653407" lon="7.126314"><ele>14.3</ele></trkpt>
    <trkpt lat="43.654383" lon="7.125432"><ele>20.4</ele></trkpt>
    <trkpt lat="43.654645" lon="7.125147"><ele>22.4</ele></trkpt>
    <trkpt lat="43.654798" lon="7.124975"><ele>23.1</ele></trkpt>
    <trkpt lat="43.655168" lon="7.124586"><ele>24.7</ele></trkpt>
    <trkpt lat="43.655374" lon="7.124334"><ele>25.6</ele></trkpt>
    <trkpt lat="43.655713" lon="7.123763"><ele>27.1</ele></trkpt>
    <trkpt lat="43.655817" lon="7.123501"><ele>27.3</ele></trkpt>
    <trkpt lat="43.655878" lon="7.123283"><ele>27</ele></trkpt>
    <trkpt lat="43.655955" lon="7.123012"><ele>26.5</ele></trkpt>
    <trkpt lat="43.655993" lon="7.122856"><ele>26.2</ele></trkpt>
    <trkpt lat="43.656196" lon="7.121843"><ele>22.4</ele></trkpt>
    <trkpt lat="43.65621" lon="7.121773"><ele>22</ele></trkpt>
    <trkpt lat="43.656228" lon="7.121688"><ele>21.6</ele></trkpt>
    <trkpt lat="43.656324" lon="7.121385"><ele>19.9</ele></trkpt>
    <trkpt lat="43.656382" lon="7.121175"><ele>18.9</ele></trkpt>
    <trkpt lat="43.656464" lon="7.120876"><ele>17.6</ele></trkpt>
    <trkpt lat="43.656511" lon="7.120702"><ele>17.1</ele></trkpt>
    <trkpt lat="43.656615" lon="7.120389"><ele>16.2</ele></trkpt>
    <trkpt lat="43.656715" lon="7.120273"><ele>15.8</ele></trkpt>
    <trkpt lat="43.65678" lon="7.120254"><ele>15.6</ele></trkpt>
    <trkpt lat="43.656867" lon="7.120125"><ele>15.4</ele></trkpt>
    <trkpt lat="43.65687" lon="7.119985"><ele>15.3</ele></trkpt>
    <trkpt lat="43.656999" lon="7.119008"><ele>15.8</ele></trkpt>
    <trkpt lat="43.657005" lon="7.118724"><ele>15.9</ele></trkpt>
    <trkpt lat="43.657091" lon="7.117986"><ele>16.2</ele></trkpt>
    <trkpt lat="43.657154" lon="7.117339"><ele>16.3</ele></trkpt>
    <trkpt lat="43.657249" lon="7.116921"><ele>16.4</ele></trkpt>
    <trkpt lat="43.6575" lon="7.11633"><ele>16.7</ele></trkpt>
    <trkpt lat="43.657782" lon="7.11591"><ele>17.1</ele></trkpt>
    <trkpt lat="43.657865" lon="7.115381"><ele>17.5</ele></trkpt>
    <trkpt lat="43.657979" lon="7.114255"><ele>18</ele></trkpt>
    <trkpt lat="43.657973" lon="7.113896"><ele>18.1</ele></trkpt>
    <trkpt lat="43.657923" lon="7.11355"><ele>18.1</ele></trkpt>
    <trkpt lat="43.657888" lon="7.113394"><ele>18.1</ele></trkpt>
    <trkpt lat="43.657654" lon="7.112784"><ele>18.1</ele></trkpt>
    <trkpt lat="43.657595" lon="7.112372"><ele>18</ele></trkpt>
    <trkpt lat="43.657585" lon="7.111791"><ele>18.1</ele></trkpt>
    <trkpt lat="43.657678" lon="7.110621"><ele>18.7</ele></trkpt>
    <trkpt lat="43.657707" lon="7.109957"><ele>19.2</ele></trkpt>
    <trkpt lat="43.657694" lon="7.109584"><ele>19.5</ele></trkpt>
    <trkpt lat="43.657678" lon="7.109267"><ele>19.8</ele></trkpt>
    <trkpt lat="43.657522" lon="7.108651"><ele>20.2</ele></trkpt>
    <trkpt lat="43.657422" lon="7.108432"><ele>20.3</ele></trkpt>
    <trkpt lat="43.65703" lon="7.107686"><ele>20.6</ele></trkpt>
    <trkpt lat="43.656764" lon="7.107274"><ele>20.9</ele></trkpt>
    <trkpt lat="43.656705" lon="7.107103"><ele>21</ele></trkpt>
    <trkpt lat="43.656662" lon="7.106919"><ele>21.2</ele></trkpt>
    <trkpt lat="43.656651" lon="7.106694"><ele>21.4</ele></trkpt>
    <trkpt lat="43.65673" lon="7.106312"><ele>21.9</ele></trkpt>
    <trkpt lat="43.656895" lon="7.106033"><ele>22.4</ele></trkpt>
    <trkpt lat="43.657203" lon="7.105768"><ele>23.2</ele></trkpt>
    <trkpt lat="43.659158" lon="7.104383"><ele>26.4</ele></trkpt>
    <trkpt lat="43.659468" lon="7.10405"><ele>25.9</ele></trkpt>
    <trkpt lat="43.659671" lon="7.103745"><ele>25.5</ele></trkpt>
    <trkpt lat="43.659762" lon="7.103638"><ele>25.4</ele></trkpt>
    <trkpt lat="43.659911" lon="7.103355"><ele>25.2</ele></trkpt>
    <trkpt lat="43.659958" lon="7.103254"><ele>25.1</ele></trkpt>
    <trkpt lat="43.660099" lon="7.102949"><ele>24.9</ele></trkpt>
    <trkpt lat="43.660195" lon="7.102668"><ele>24.8</ele></trkpt>
    <trkpt lat="43.660413" lon="7.102203"><ele>24.5</ele></trkpt>
    <trkpt lat="43.660562" lon="7.101763"><ele>24.4</ele></trkpt>
    <trkpt lat="43.660641" lon="7.101368"><ele>24.7</ele></trkpt>
    <trkpt lat="43.660667" lon="7.100909"><ele>24.9</ele></trkpt>
    <trkpt lat="43.660589" lon="7.100403"><ele>24.9</ele></trkpt>
    <trkpt lat="43.660144" lon="7.098678"><ele>25.1</ele></trkpt>
    <trkpt lat="43.659633" lon="7.096691"><ele>27.5</ele></trkpt>
    <trkpt lat="43.659497" lon="7.096104"><ele>27.9</ele></trkpt>
    <trkpt lat="43.659479" lon="7.096039"><ele>27.9</ele></trkpt>
    <trkpt lat="43.658962" lon="7.09405"><ele>28.9</ele></trkpt>
    <trkpt lat="43.658811" lon="7.093463"><ele>30</ele></trkpt>
    <trkpt lat="43.658699" lon="7.092989"><ele>31.1</ele></trkpt>
    <trkpt lat="43.658634" lon="7.092735"><ele>31.8</ele></trkpt>
    <trkpt lat="43.658387" lon="7.091843"><ele>34.7</ele></trkpt>
    <trkpt lat="43.658261" lon="7.091383"><ele>36.1</ele></trkpt>
    <trkpt lat="43.658174" lon="7.091157"><ele>36.9</ele></trkpt>
    <trkpt lat="43.658087" lon="7.090958"><ele>37.6</ele></trkpt>
    <trkpt lat="43.657977" lon="7.090783"><ele>38.3</ele></trkpt>
    <trkpt lat="43.657726" lon="7.090502"><ele>39.3</ele></trkpt>
    <trkpt lat="43.6576" lon="7.09041"><ele>39.7</ele></trkpt>
    <trkpt lat="43.657296" lon="7.090268"><ele>40.5</ele></trkpt>
    <trkpt lat="43.656877" lon="7.090072"><ele>41.6</ele></trkpt>
    <trkpt lat="43.656605" lon="7.089874"><ele>42.2</ele></trkpt>
    <trkpt lat="43.656466" lon="7.089721"><ele>42.5</ele></trkpt>
    <trkpt lat="43.656351" lon="7.089527"><ele>42.8</ele></trkpt>
    <trkpt lat="43.656212" lon="7.089143"><ele>43.4</ele></trkpt>
    <trkpt lat="43.656162" lon="7.088642"><ele>44.7</ele></trkpt>
    <trkpt lat="43.656179" lon="7.088389"><ele>45.6</ele></trkpt>
    <trkpt lat="43.656231" lon="7.088107"><ele>46.9</ele></trkpt>
    <trkpt lat="43.657023" lon="7.085841"><ele>62.3</ele></trkpt>
    <trkpt lat="43.657142" lon="7.085645"><ele>64.1</ele></trkpt>
    <trkpt lat="43.657341" lon="7.085089"><ele>67.9</ele></trkpt>
    <trkpt lat="43.657356" lon="7.084931"><ele>68.8</ele></trkpt>
    <trkpt lat="43.657314" lon="7.084646"><ele>70.2</ele></trkpt>
    <trkpt lat="43.657265" lon="7.084516"><ele>70.8</ele></trkpt>
    <trkpt lat="43.657154" lon="7.084366"><ele>71.6</ele></trkpt>
    <trkpt lat="43.656998" lon="7.084276"><ele>72.3</ele></trkpt>
    <trkpt lat="43.656556" lon="7.084109"><ele>73.5</ele></trkpt>
    <trkpt lat="43.656096" lon="7.083966"><ele>74.4</ele></trkpt>
    <trkpt lat="43.655607" lon="7.083672"><ele>75.8</ele></trkpt>
    <trkpt lat="43.655394" lon="7.083456"><ele>76.7</ele></trkpt>
    <trkpt lat="43.655034" lon="7.083008"><ele>78.6</ele></trkpt>
    <trkpt lat="43.65476" lon="7.08278"><ele>80.2</ele></trkpt>
    <trkpt lat="43.654076" lon="7.082528"><ele>83.7</ele></trkpt>
    <trkpt lat="43.653948" lon="7.082445"><ele>84.3</ele></trkpt>
    <trkpt lat="43.653784" lon="7.082339"><ele>84.9</ele></trkpt>
    <trkpt lat="43.653665" lon="7.082221"><ele>85.4</ele></trkpt>
    <trkpt lat="43.653054" lon="7.08153"><ele>87.8</ele></trkpt>
    <trkpt lat="43.652793" lon="7.081199"><ele>88.8</ele></trkpt>
    <trkpt lat="43.652648" lon="7.080955"><ele>89.5</ele></trkpt>
    <trkpt lat="43.65255" lon="7.080705"><ele>90.1</ele></trkpt>
    <trkpt lat="43.652429" lon="7.080267"><ele>91.4</ele></trkpt>
    <trkpt lat="43.652389" lon="7.079946"><ele>92.4</ele></trkpt>
    <trkpt lat="43.652389" lon="7.079575"><ele>93.7</ele></trkpt>
    <trkpt lat="43.652415" lon="7.079314"><ele>94.8</ele></trkpt>
    <trkpt lat="43.652525" lon="7.078781"><ele>97.3</ele></trkpt>
    <trkpt lat="43.653248" lon="7.076719"><ele>108.7</ele></trkpt>
    <trkpt lat="43.653418" lon="7.07636"><ele>110.8</ele></trkpt>
    <trkpt lat="43.653501" lon="7.076209"><ele>111.8</ele></trkpt>
    <trkpt lat="43.653623" lon="7.076039"><ele>113.1</ele></trkpt>
    <trkpt lat="43.653712" lon="7.075935"><ele>114</ele></trkpt>
    <trkpt lat="43.653999" lon="7.07567"><ele>116.5</ele></trkpt>
    <trkpt lat="43.654148" lon="7.075567"><ele>117.6</ele></trkpt>
    <trkpt lat="43.654513" lon="7.075403"><ele>119.9</ele></trkpt>
    <trkpt lat="43.655906" lon="7.074796"><ele>128.3</ele></trkpt>
    <trkpt lat="43.656974" lon="7.074501"><ele>133.6</ele></trkpt>
    <trkpt lat="43.657263" lon="7.074423"><ele>134.8</ele></trkpt>
    <trkpt lat="43.657408" lon="7.074388"><ele>135.4</ele></trkpt>
    <trkpt lat="43.658659" lon="7.074066"><ele>138.7</ele></trkpt>
    <trkpt lat="43.658898" lon="7.074033"><ele>139.2</ele></trkpt>
    <trkpt lat="43.659515" lon="7.074042"><ele>140.5</ele></trkpt>
    <trkpt lat="43.660065" lon="7.073997"><ele>141.8</ele></trkpt>
    <trkpt lat="43.660512" lon="7.073883"><ele>143.4</ele></trkpt>
    <trkpt lat="43.660888" lon="7.073739"><ele>145.2</ele></trkpt>
    <trkpt lat="43.661312" lon="7.073588"><ele>147.6</ele></trkpt>
    <trkpt lat="43.661646" lon="7.073504"><ele>149.8</ele></trkpt>
    <trkpt lat="43.662088" lon="7.073438"><ele>153.1</ele></trkpt>
    <trkpt lat="43.66272" lon="7.073379"><ele>156.4</ele></trkpt>
    <trkpt lat="43.663111" lon="7.073377"><ele>157.8</ele></trkpt>
    <trkpt lat="43.66337" lon="7.073324"><ele>158.6</ele></trkpt>
    <trkpt lat="43.663517" lon="7.07319"><ele>159.1</ele></trkpt>
    <trkpt lat="43.663606" lon="7.073043"><ele>159.5</ele></trkpt>
    <trkpt lat="43.66366" lon="7.072832"><ele>159.9</ele></trkpt>
    <trkpt lat="43.66366" lon="7.072622"><ele>160.2</ele></trkpt>
    <trkpt lat="43.663578" lon="7.072324"><ele>160.6</ele></trkpt>
    <trkpt lat="43.663433" lon="7.072136"><ele>160.7</ele></trkpt>
    <trkpt lat="43.663274" lon="7.072056"><ele>160.8</ele></trkpt>
    <trkpt lat="43.66319" lon="7.072045"><ele>160.9</ele></trkpt>
    <trkpt lat="43.662634" lon="7.072167"><ele>161.1</ele></trkpt>
    <trkpt lat="43.662182" lon="7.072195"><ele>161.2</ele></trkpt>
    <trkpt lat="43.661945" lon="7.072138"><ele>161.2</ele></trkpt>
    <trkpt lat="43.661854" lon="7.072062"><ele>161.3</ele></trkpt>
    <trkpt lat="43.661766" lon="7.071939"><ele>161.4</ele></trkpt>
    <trkpt lat="43.66171" lon="7.071788"><ele>161.5</ele></trkpt>
    <trkpt lat="43.661679" lon="7.071585"><ele>161.7</ele></trkpt>
    <trkpt lat="43.661683" lon="7.07111"><ele>162.4</ele></trkpt>
    <trkpt lat="43.661658" lon="7.070724"><ele>163.4</ele></trkpt>
    <trkpt lat="43.661554" lon="7.070062"><ele>166.1</ele></trkpt>
    <trkpt lat="43.661561" lon="7.069618"><ele>168.1</ele></trkpt>
    <trkpt lat="43.661641" lon="7.069184"><ele>170.2</ele></trkpt>
    <trkpt lat="43.661774" lon="7.068855"><ele>172.1</ele></trkpt>
    <trkpt lat="43.662043" lon="7.068484"><ele>174.6</ele></trkpt>
    <trkpt lat="43.662551" lon="7.068036"><ele>178.5</ele></trkpt>
    <trkpt lat="43.663358" lon="7.067325"><ele>183.7</ele></trkpt>
    <trkpt lat="43.663925" lon="7.066793"><ele>186.6</ele></trkpt>
    <trkpt lat="43.664429" lon="7.066204"><ele>189.5</ele></trkpt>
    <trkpt lat="43.664541" lon="7.066064"><ele>190.2</ele></trkpt>
    <trkpt lat="43.665059" lon="7.065319"><ele>193.8</ele></trkpt>
    <trkpt lat="43.665158" lon="7.065126"><ele>194.6</ele></trkpt>
    <trkpt lat="43.665203" lon="7.064906"><ele>195.3</ele></trkpt>
    <trkpt lat="43.665203" lon="7.064793"><ele>195.6</ele></trkpt>
    <trkpt lat="43.665176" lon="7.064642"><ele>196</ele></trkpt>
    <trkpt lat="43.665106" lon="7.064465"><ele>196.6</ele></trkpt>
    <trkpt lat="43.664952" lon="7.064299"><ele>197.5</ele></trkpt>
    <trkpt lat="43.664497" lon="7.064172"><ele>199.8</ele></trkpt>
    <trkpt lat="43.664349" lon="7.064082"><ele>200.6</ele></trkpt>
    <trkpt lat="43.66419" lon="7.063908"><ele>201.6</ele></trkpt>
    <trkpt lat="43.663972" lon="7.06356"><ele>203.2</ele></trkpt>
    <trkpt lat="43.66379" lon="7.063388"><ele>204.2</ele></trkpt>
    <trkpt lat="43.663742" lon="7.063372"><ele>204.4</ele></trkpt>
    <trkpt lat="43.663579" lon="7.063356"><ele>205.3</ele></trkpt>
    <trkpt lat="43.663322" lon="7.063398"><ele>206.8</ele></trkpt>
    <trkpt lat="43.66327" lon="7.063407"><ele>207.1</ele></trkpt>
    <trkpt lat="43.663" lon="7.063427"><ele>208.3</ele></trkpt>
    <trkpt lat="43.662878" lon="7.063389"><ele>208.7</ele></trkpt>
    <trkpt lat="43.662693" lon="7.063269"><ele>209.1</ele></trkpt>
    <trkpt lat="43.662423" lon="7.063012"><ele>209.5</ele></trkpt>
    <trkpt lat="43.662342" lon="7.062931"><ele>209.5</ele></trkpt>
    <trkpt lat="43.662099" lon="7.062684"><ele>209.4</ele></trkpt>
    <trkpt lat="43.662013" lon="7.062557"><ele>209.4</ele></trkpt>
    <trkpt lat="43.661772" lon="7.062155"><ele>209.1</ele></trkpt>
    <trkpt lat="43.661517" lon="7.061723"><ele>208.5</ele></trkpt>
    <trkpt lat="43.661308" lon="7.061292"><ele>207.8</ele></trkpt>
    <trkpt lat="43.661222" lon="7.061045"><ele>207.3</ele></trkpt>
    <trkpt lat="43.661181" lon="7.060759"><ele>206.5</ele></trkpt>
    <trkpt lat="43.661198" lon="7.060388"><ele>205.5</ele></trkpt>
    <trkpt lat="43.66123" lon="7.060226"><ele>205</ele></trkpt>
    <trkpt lat="43.661278" lon="7.060135"><ele>204.7</ele></trkpt>
    <trkpt lat="43.66127" lon="7.060084"><ele>204.6</ele></trkpt>
    <trkpt lat="43.661304" lon="7.059969"><ele>204.3</ele></trkpt>
    <trkpt lat="43.661447" lon="7.059543"><ele>203.1</ele></trkpt>
    <trkpt lat="43.661529" lon="7.059166"><ele>202.1</ele></trkpt>
    <trkpt lat="43.661882" lon="7.057986"><ele>199.3</ele></trkpt>
    <trkpt lat="43.662025" lon="7.057598"><ele>198.9</ele></trkpt>
    <trkpt lat="43.662203" lon="7.057203"><ele>198.4</ele></trkpt>
    <trkpt lat="43.662237" lon="7.05713"><ele>198.2</ele></trkpt>
    <trkpt lat="43.662438" lon="7.056778"><ele>197.2</ele></trkpt>
    <trkpt lat="43.662571" lon="7.056555"><ele>196.4</ele></trkpt>
    <trkpt lat="43.66281" lon="7.056153"><ele>194.8</ele></trkpt>
    <trkpt lat="43.66283" lon="7.056118"><ele>194.7</ele></trkpt>
    <trkpt lat="43.66296" lon="7.055898"><ele>193.8</ele></trkpt>
    <trkpt lat="43.663138" lon="7.055596"><ele>192.7</ele></trkpt>
    <trkpt lat="43.663397" lon="7.055158"><ele>191</ele></trkpt>
    <trkpt lat="43.663613" lon="7.054793"><ele>189.7</ele></trkpt>
    <trkpt lat="43.664233" lon="7.053754"><ele>187.7</ele></trkpt>
    <trkpt lat="43.664477" lon="7.053388"><ele>187</ele></trkpt>
    <trkpt lat="43.664821" lon="7.053132"><ele>186.4</ele></trkpt>
    <trkpt lat="43.664879" lon="7.053094"><ele>186.4</ele></trkpt>
    <trkpt lat="43.664925" lon="7.053107"><ele>186.3</ele></trkpt>
    <trkpt lat="43.665044" lon="7.05307"><ele>186.2</ele></trkpt>
    <trkpt lat="43.665125" lon="7.052944"><ele>186.1</ele></trkpt>
    <trkpt lat="43.665138" lon="7.052795"><ele>185.9</ele></trkpt>
    <trkpt lat="43.665228" lon="7.052527"><ele>185.6</ele></trkpt>
    <trkpt lat="43.665342" lon="7.052365"><ele>185.3</ele></trkpt>
    <trkpt lat="43.665496" lon="7.052211"><ele>185.1</ele></trkpt>
    <trkpt lat="43.665641" lon="7.052061"><ele>184.8</ele></trkpt>
    <trkpt lat="43.665707" lon="7.051973"><ele>184.7</ele></trkpt>
    <trkpt lat="43.66598" lon="7.051496"><ele>184.4</ele></trkpt>
    <trkpt lat="43.666014" lon="7.051414"><ele>184.4</ele></trkpt>
    <trkpt lat="43.66618" lon="7.050921"><ele>184.5</ele></trkpt>
    <trkpt lat="43.666229" lon="7.050765"><ele>184.5</ele></trkpt>
    <trkpt lat="43.666333" lon="7.05039"><ele>184.6</ele></trkpt>
    <trkpt lat="43.666454" lon="7.049941"><ele>185.1</ele></trkpt>
    <trkpt lat="43.666478" lon="7.049844"><ele>185.2</ele></trkpt>
    <trkpt lat="43.666569" lon="7.0495"><ele>185.7</ele></trkpt>
    <trkpt lat="43.666597" lon="7.049396"><ele>185.8</ele></trkpt>
    <trkpt lat="43.666642" lon="7.049228"><ele>185.9</ele></trkpt>
    <trkpt lat="43.666906" lon="7.04822"><ele>186.7</ele></trkpt>
    <trkpt lat="43.666953" lon="7.04804"><ele>186.7</ele></trkpt>
    <trkpt lat="43.667035" lon="7.047722"><ele>186.9</ele></trkpt>
    <trkpt lat="43.667145" lon="7.047473"><ele>187</ele></trkpt>
    <trkpt lat="43.667192" lon="7.047351"><ele>187.1</ele></trkpt>
    <trkpt lat="43.667245" lon="7.047318"><ele>187.1</ele></trkpt>
    <trkpt lat="43.667264" lon="7.047271"><ele>187.1</ele></trkpt>
    <trkpt lat="43.667257" lon="7.047193"><ele>187.1</ele></trkpt>
    <trkpt lat="43.667263" lon="7.047038"><ele>187.2</ele></trkpt>
    <trkpt lat="43.667335" lon="7.046688"><ele>187.3</ele></trkpt>
    <trkpt lat="43.667394" lon="7.046449"><ele>187.4</ele></trkpt>
    <trkpt lat="43.667434" lon="7.046303"><ele>187.4</ele></trkpt>
    <trkpt lat="43.667448" lon="7.046247"><ele>187.5</ele></trkpt>
    <trkpt lat="43.667474" lon="7.046144"><ele>187.6</ele></trkpt>
    <trkpt lat="43.667664" lon="7.045445"><ele>188.3</ele></trkpt>
    <trkpt lat="43.667674" lon="7.045407"><ele>188.4</ele></trkpt>
    <trkpt lat="43.667699" lon="7.045311"><ele>188.5</ele></trkpt>
    <trkpt lat="43.667761" lon="7.045067"><ele>188.8</ele></trkpt>
    <trkpt lat="43.667831" lon="7.044791"><ele>189.1</ele></trkpt>
    <trkpt lat="43.667888" lon="7.044567"><ele>189.3</ele></trkpt>
    <trkpt lat="43.668009" lon="7.044093"><ele>189.8</ele></trkpt>
    <trkpt lat="43.668042" lon="7.043962"><ele>190.1</ele></trkpt>
    <trkpt lat="43.66808" lon="7.043806"><ele>190.3</ele></trkpt>
    <trkpt lat="43.668094" lon="7.043748"><ele>190.4</ele></trkpt>
    <trkpt lat="43.668236" lon="7.043167"><ele>191.8</ele></trkpt>
    <trkpt lat="43.668289" lon="7.043017"><ele>192.2</ele></trkpt>
    <trkpt lat="43.668395" lon="7.042957"><ele>192.5</ele></trkpt>
    <trkpt lat="43.668437" lon="7.042809"><ele>192.9</ele></trkpt>
    <trkpt lat="43.668407" lon="7.042695"><ele>193.2</ele></trkpt>
    <trkpt lat="43.668375" lon="7.042653"><ele>193.4</ele></trkpt>
    <trkpt lat="43.668398" lon="7.042476"><ele>193.8</ele></trkpt>
    <trkpt lat="43.668421" lon="7.042401"><ele>194</ele></trkpt>
    <trkpt lat="43.668432" lon="7.042357"><ele>194.1</ele></trkpt>
    <trkpt lat="43.668561" lon="7.0419"><ele>195.5</ele></trkpt>
    <trkpt lat="43.668825" lon="7.04139"><ele>197.4</ele></trkpt>
    <trkpt lat="43.669786" lon="7.040347"><ele>202.3</ele></trkpt>
    <trkpt lat="43.669915" lon="7.040231"><ele>202.7</ele></trkpt>
    <trkpt lat="43.67021" lon="7.039834"><ele>204.1</ele></trkpt>
    <trkpt lat="43.670455" lon="7.039523"><ele>205.3</ele></trkpt>
    <trkpt lat="43.67063" lon="7.039301"><ele>206.2</ele></trkpt>
    <trkpt lat="43.670825" lon="7.039057"><ele>207.2</ele></trkpt>
    <trkpt lat="43.671129" lon="7.03867"><ele>208.9</ele></trkpt>
    <trkpt lat="43.671152" lon="7.038587"><ele>209.2</ele></trkpt>
    <trkpt lat="43.671242" lon="7.038488"><ele>209.6</ele></trkpt>
    <trkpt lat="43.671822" lon="7.03778"><ele>212.4</ele></trkpt>
    <trkpt lat="43.672007" lon="7.037471"><ele>213.2</ele></trkpt>
    <trkpt lat="43.672089" lon="7.03729"><ele>213.6</ele></trkpt>
    <trkpt lat="43.672163" lon="7.036998"><ele>214.1</ele></trkpt>
    <trkpt lat="43.672198" lon="7.036758"><ele>214.5</ele></trkpt>
    <trkpt lat="43.672169" lon="7.036089"><ele>215.4</ele></trkpt>
    <trkpt lat="43.671999" lon="7.034434"><ele>218.5</ele></trkpt>
    <trkpt lat="43.671852" lon="7.03261"><ele>221.1</ele></trkpt>
    <trkpt lat="43.671825" lon="7.032383"><ele>221.2</ele></trkpt>
    <trkpt lat="43.6718" lon="7.032198"><ele>221.3</ele></trkpt>
    <trkpt lat="43.671745" lon="7.031786"><ele>221.5</ele></trkpt>
    <trkpt lat="43.671662" lon="7.031033"><ele>222</ele></trkpt>
    <trkpt lat="43.67163" lon="7.030913"><ele>222.1</ele></trkpt>
    <trkpt lat="43.671618" lon="7.030805"><ele>222.2</ele></trkpt>
    <trkpt lat="43.671525" lon="7.029955"><ele>223.3</ele></trkpt>
    <trkpt lat="43.671512" lon="7.02945"><ele>224.5</ele></trkpt>
    <trkpt lat="43.671518" lon="7.029417"><ele>224.6</ele></trkpt>
    <trkpt lat="43.671588" lon="7.028994"><ele>226</ele></trkpt>
    <trkpt lat="43.671707" lon="7.028656"><ele>227.3</ele></trkpt>
    <trkpt lat="43.672011" lon="7.028199"><ele>229.2</ele></trkpt>
    <trkpt lat="43.672213" lon="7.027819"><ele>230.9</ele></trkpt>
    <trkpt lat="43.672294" lon="7.027665"><ele>231.6</ele></trkpt>
    <trkpt lat="43.672314" lon="7.027652"><ele>231.7</ele></trkpt>
    <trkpt lat="43.672355" lon="7.027585"><ele>232</ele></trkpt>
    <trkpt lat="43.672359" lon="7.027498"><ele>232.3</ele></trkpt>
    <trkpt lat="43.672333" lon="7.027431"><ele>232.6</ele></trkpt>
    <trkpt lat="43.672285" lon="7.027393"><ele>232.9</ele></trkpt>
    <trkpt lat="43.672229" lon="7.027243"><ele>233.4</ele></trkpt>
    <trkpt lat="43.672107" lon="7.026904"><ele>234.7</ele></trkpt>
    <trkpt lat="43.671825" lon="7.026346"><ele>237</ele></trkpt>
    <trkpt lat="43.671767" lon="7.026145"><ele>237.9</ele></trkpt>
    <trkpt lat="43.671748" lon="7.025909"><ele>238.9</ele></trkpt>
    <trkpt lat="43.671774" lon="7.025514"><ele>240.8</ele></trkpt>
    <trkpt lat="43.671859" lon="7.025247"><ele>242.1</ele></trkpt>
    <trkpt lat="43.671958" lon="7.025041"><ele>243.2</ele></trkpt>
    <trkpt lat="43.672243" lon="7.024645"><ele>245.4</ele></trkpt>
    <trkpt lat="43.672513" lon="7.024369"><ele>247</ele></trkpt>
    <trkpt lat="43.672884" lon="7.024075"><ele>249.1</ele></trkpt>
    <trkpt lat="43.673112" lon="7.023946"><ele>250.2</ele></trkpt>
    <trkpt lat="43.673423" lon="7.023817"><ele>251.5</ele></trkpt>
    <trkpt lat="43.673886" lon="7.023692"><ele>252.8</ele></trkpt>
    <trkpt lat="43.674072" lon="7.023654"><ele>253.3</ele></trkpt>
    <trkpt lat="43.674425" lon="7.023536"><ele>254.1</ele></trkpt>
    <trkpt lat="43.674602" lon="7.023373"><ele>254.6</ele></trkpt>
    <trkpt lat="43.674683" lon="7.023226"><ele>254.8</ele></trkpt>
    <trkpt lat="43.675125" lon="7.022054"><ele>256.3</ele></trkpt>
    <trkpt lat="43.675166" lon="7.021758"><ele>256.7</ele></trkpt>
    <trkpt lat="43.675165" lon="7.021068"><ele>258.1</ele></trkpt>
    <trkpt lat="43.675211" lon="7.020798"><ele>258.8</ele></trkpt>
    <trkpt lat="43.675311" lon="7.020497"><ele>259.7</ele></trkpt>
    <trkpt lat="43.675335" lon="7.020404"><ele>260</ele></trkpt>
    <trkpt lat="43.675543" lon="7.019996"><ele>261.5</ele></trkpt>
    <trkpt lat="43.675875" lon="7.019256"><ele>264.3</ele></trkpt>
    <trkpt lat="43.676057" lon="7.018911"><ele>265.8</ele></trkpt>
    <trkpt lat="43.676287" lon="7.018624"><ele>267.2</ele></trkpt>
    <trkpt lat="43.676449" lon="7.018462"><ele>267.9</ele></trkpt>
    <trkpt lat="43.676559" lon="7.018376"><ele>268.4</ele></trkpt>
    <trkpt lat="43.676795" lon="7.018211"><ele>269.3</ele></trkpt>
    <trkpt lat="43.676901" lon="7.018071"><ele>269.8</ele></trkpt>
    <trkpt lat="43.677" lon="7.017908"><ele>270.3</ele></trkpt>
    <trkpt lat="43.677104" lon="7.017614"><ele>271</ele></trkpt>
    <trkpt lat="43.677164" lon="7.017293"><ele>271.7</ele></trkpt>
    <trkpt lat="43.677171" lon="7.017153"><ele>271.9</ele></trkpt>
    <trkpt lat="43.677116" lon="7.016722"><ele>272.4</ele></trkpt>
    <trkpt lat="43.67708" lon="7.016526"><ele>272.5</ele></trkpt>
    <trkpt lat="43.676993" lon="7.016292"><ele>272.6</ele></trkpt>
    <trkpt lat="43.676892" lon="7.016099"><ele>272.8</ele></trkpt>
    <trkpt lat="43.676637" lon="7.015693"><ele>273.3</ele></trkpt>
    <trkpt lat="43.676455" lon="7.015294"><ele>273.9</ele></trkpt>
    <trkpt lat="43.676352" lon="7.014873"><ele>274.9</ele></trkpt>
    <trkpt lat="43.676345" lon="7.014585"><ele>275.6</ele></trkpt>
    <trkpt lat="43.676368" lon="7.014432"><ele>275.9</ele></trkpt>
    <trkpt lat="43.6765" lon="7.01402"><ele>276.9</ele></trkpt>
    <trkpt lat="43.676594" lon="7.013723"><ele>277.9</ele></trkpt>
    <trkpt lat="43.676628" lon="7.013516"><ele>278.5</ele></trkpt>
    <trkpt lat="43.676609" lon="7.013228"><ele>279.3</ele></trkpt>
    <trkpt lat="43.676494" lon="7.012906"><ele>280.4</ele></trkpt>
    <trkpt lat="43.676275" lon="7.012468"><ele>281.8</ele></trkpt>
    <trkpt lat="43.676132" lon="7.01218"><ele>282.5</ele></trkpt>
    <trkpt lat="43.676008" lon="7.011933"><ele>283</ele></trkpt>
    <trkpt lat="43.67596" lon="7.011833"><ele>283.2</ele></trkpt>
    <trkpt lat="43.675934" lon="7.011783"><ele>283.4</ele></trkpt>
    <trkpt lat="43.675539" lon="7.010978"><ele>285.2</ele></trkpt>
    <trkpt lat="43.675426" lon="7.010801"><ele>285.8</ele></trkpt>
    <trkpt lat="43.675289" lon="7.010666"><ele>286.3</ele></trkpt>
    <trkpt lat="43.675215" lon="7.010623"><ele>286.6</ele></trkpt>
    <trkpt lat="43.674884" lon="7.010407"><ele>287.7</ele></trkpt>
    <trkpt lat="43.674795" lon="7.010293"><ele>288.1</ele></trkpt>
    <trkpt lat="43.674722" lon="7.010141"><ele>288.6</ele></trkpt>
    <trkpt lat="43.674685" lon="7.010004"><ele>289</ele></trkpt>
    <trkpt lat="43.674667" lon="7.009918"><ele>289.2</ele></trkpt>
    <trkpt lat="43.674607" lon="7.009624"><ele>290.2</ele></trkpt>
    <trkpt lat="43.674446" lon="7.009054"><ele>291.9</ele></trkpt>
    <trkpt lat="43.674286" lon="7.008653"><ele>293.1</ele></trkpt>
    <trkpt lat="43.674256" lon="7.008577"><ele>293.4</ele></trkpt>
    <trkpt lat="43.674164" lon="7.008336"><ele>294.3</ele></trkpt>
    <trkpt lat="43.674091" lon="7.008072"><ele>295.2</ele></trkpt>
    <trkpt lat="43.674039" lon="7.007721"><ele>296.5</ele></trkpt>
    <trkpt lat="43.674037" lon="7.007417"><ele>297.7</ele></trkpt>
    <trkpt lat="43.674068" lon="7.007105"><ele>299</ele></trkpt>
    <trkpt lat="43.674075" lon="7.007038"><ele>299.3</ele></trkpt>
    <trkpt lat="43.674094" lon="7.006842"><ele>300.2</ele></trkpt>
    <trkpt lat="43.674105" lon="7.006743"><ele>300.6</ele></trkpt>
    <trkpt lat="43.674187" lon="7.005831"><ele>305.4</ele></trkpt>
    <trkpt lat="43.674208" lon="7.005611"><ele>306.6</ele></trkpt>
    <trkpt lat="43.674222" lon="7.00537"><ele>307.8</ele></trkpt>
    <trkpt lat="43.674184" lon="7.005151"><ele>308.9</ele></trkpt>
    <trkpt lat="43.673766" lon="7.004412"><ele>312.2</ele></trkpt>
    <trkpt lat="43.673747" lon="7.004383"><ele>312.3</ele></trkpt>
    <trkpt lat="43.673678" lon="7.004254"><ele>312.7</ele></trkpt>
    <trkpt lat="43.673544" lon="7.003963"><ele>313.5</ele></trkpt>
    <trkpt lat="43.673453" lon="7.003601"><ele>314.2</ele></trkpt>
    <trkpt lat="43.673433" lon="7.002956"><ele>315.1</ele></trkpt>
    <trkpt lat="43.673504" lon="7.00237"><ele>316.1</ele></trkpt>
    <trkpt lat="43.673513" lon="7.002319"><ele>316.2</ele></trkpt>
    <trkpt lat="43.673566" lon="7.001874"><ele>317.5</ele></trkpt>
    <trkpt lat="43.673561" lon="7.001459"><ele>319</ele></trkpt>
    <trkpt lat="43.673536" lon="7.000926"><ele>321.3</ele></trkpt>
    <trkpt lat="43.6732" lon="6.999174"><ele>332.5</ele></trkpt>
    <trkpt lat="43.673116" lon="6.998638"><ele>336</ele></trkpt>
    <trkpt lat="43.673109" lon="6.998589"><ele>336.3</ele></trkpt>
    <trkpt lat="43.673081" lon="6.998287"><ele>338.1</ele></trkpt>
    <trkpt lat="43.673078" lon="6.997723"><ele>341.1</ele></trkpt>
    <trkpt lat="43.67322" lon="6.995574"><ele>347.6</ele></trkpt>
    <trkpt lat="43.673306" lon="6.995183"><ele>348.4</ele></trkpt>
    <trkpt lat="43.673382" lon="6.99508"><ele>348.7</ele></trkpt>
    <trkpt lat="43.673389" lon="6.995042"><ele>348.8</ele></trkpt>
    <trkpt lat="43.673375" lon="6.994929"><ele>349</ele></trkpt>
    <trkpt lat="43.673338" lon="6.99487"><ele>349.1</ele></trkpt>
    <trkpt lat="43.673306" lon="6.994846"><ele>349.2</ele></trkpt>
    <trkpt lat="43.673259" lon="6.994743"><ele>349.3</ele></trkpt>
    <trkpt lat="43.673218" lon="6.99449"><ele>349.6</ele></trkpt>
    <trkpt lat="43.673206" lon="6.994334"><ele>349.8</ele></trkpt>
    <trkpt lat="43.673168" lon="6.993969"><ele>350</ele></trkpt>
    <trkpt lat="43.673114" lon="6.993668"><ele>350.2</ele></trkpt>
    <trkpt lat="43.673064" lon="6.993389"><ele>350.4</ele></trkpt>
    <trkpt lat="43.672885" lon="6.992484"><ele>351.1</ele></trkpt>
    <trkpt lat="43.672871" lon="6.992298"><ele>351.3</ele></trkpt>
    <trkpt lat="43.672888" lon="6.992044"><ele>351.6</ele></trkpt>
    <trkpt lat="43.672941" lon="6.991846"><ele>351.9</ele></trkpt>
    <trkpt lat="43.673113" lon="6.991491"><ele>352.7</ele></trkpt>
    <trkpt lat="43.673626" lon="6.990535"><ele>355.8</ele></trkpt>
    <trkpt lat="43.673743" lon="6.990238"><ele>356.9</ele></trkpt>
    <trkpt lat="43.673936" lon="6.989305"><ele>359.7</ele></trkpt>
    <trkpt lat="43.673991" lon="6.989098"><ele>360.4</ele></trkpt>
    <trkpt lat="43.674104" lon="6.988883"><ele>361.2</ele></trkpt>
    <trkpt lat="43.674588" lon="6.988216"><ele>364.5</ele></trkpt>
    <trkpt lat="43.674761" lon="6.987955"><ele>365.8</ele></trkpt>
    <trkpt lat="43.674937" lon="6.987672"><ele>367.1</ele></trkpt>
    <trkpt lat="43.675064" lon="6.987364"><ele>368.4</ele></trkpt>
    <trkpt lat="43.675165" lon="6.987033"><ele>369.7</ele></trkpt>
    <trkpt lat="43.675233" lon="6.986653"><ele>370.8</ele></trkpt>
    <trkpt lat="43.675264" lon="6.986199"><ele>371.6</ele></trkpt>
    <trkpt lat="43.675282" lon="6.985782"><ele>372.1</ele></trkpt>
    <trkpt lat="43.675311" lon="6.98526"><ele>372.9</ele></trkpt>
    <trkpt lat="43.675398" lon="6.984919"><ele>373.4</ele></trkpt>
    <trkpt lat="43.675475" lon="6.984751"><ele>373.6</ele></trkpt>
    <trkpt lat="43.675617" lon="6.984541"><ele>373.9</ele></trkpt>
    <trkpt lat="43.676097" lon="6.983976"><ele>374.9</ele></trkpt>
    <trkpt lat="43.676271" lon="6.983661"><ele>375.6</ele></trkpt>
    <trkpt lat="43.676602" lon="6.982697"><ele>377.2</ele></trkpt>
    <trkpt lat="43.676758" lon="6.982089"><ele>378.4</ele></trkpt>
    <trkpt lat="43.676818" lon="6.981854"><ele>378.9</ele></trkpt>
    <trkpt lat="43.677301" lon="6.980674"><ele>382.3</ele></trkpt>
    <trkpt lat="43.677639" lon="6.979794"><ele>385.8</ele></trkpt>
    <trkpt lat="43.677666" lon="6.979657"><ele>386.3</ele></trkpt>
    <trkpt lat="43.677693" lon="6.979282"><ele>387.7</ele></trkpt>
    <trkpt lat="43.677716" lon="6.978422"><ele>390</ele></trkpt>
    <trkpt lat="43.677689" lon="6.978135"><ele>390.7</ele></trkpt>
    <trkpt lat="43.677523" lon="6.977796"><ele>391.8</ele></trkpt>
    <trkpt lat="43.677236" lon="6.977341"><ele>393.4</ele></trkpt>
    <trkpt lat="43.677137" lon="6.977041"><ele>394.1</ele></trkpt>
    <trkpt lat="43.677126" lon="6.976848"><ele>394.6</ele></trkpt>
    <trkpt lat="43.677155" lon="6.976521"><ele>395.4</ele></trkpt>
    <trkpt lat="43.677275" lon="6.975936"><ele>397.5</ele></trkpt>
    <trkpt lat="43.677443" lon="6.975571"><ele>399.3</ele></trkpt>
    <trkpt lat="43.677596" lon="6.975305"><ele>400.7</ele></trkpt>
    <trkpt lat="43.677864" lon="6.974918"><ele>402.7</ele></trkpt>
    <trkpt lat="43.678082" lon="6.974586"><ele>404.2</ele></trkpt>
    <trkpt lat="43.678285" lon="6.974334"><ele>405.1</ele></trkpt>
    <trkpt lat="43.678576" lon="6.974"><ele>406.1</ele></trkpt>
    <trkpt lat="43.678689" lon="6.973893"><ele>406.4</ele></trkpt>
    <trkpt lat="43.678862" lon="6.973797"><ele>406.7</ele></trkpt>
    <trkpt lat="43.67893" lon="6.973698"><ele>406.9</ele></trkpt>
    <trkpt lat="43.679101" lon="6.973466"><ele>407.2</ele></trkpt>
    <trkpt lat="43.679137" lon="6.973454"><ele>407.2</ele></trkpt>
    <trkpt lat="43.679239" lon="6.973337"><ele>407.3</ele></trkpt>
    <trkpt lat="43.679263" lon="6.973223"><ele>407.4</ele></trkpt>
    <trkpt lat="43.679249" lon="6.973111"><ele>407.5</ele></trkpt>
    <trkpt lat="43.6793" lon="6.972973"><ele>407.6</ele></trkpt>
    <trkpt lat="43.679721" lon="6.97236"><ele>408.5</ele></trkpt>
    <trkpt lat="43.680102" lon="6.97181"><ele>409.2</ele></trkpt>
    <trkpt lat="43.680227" lon="6.971707"><ele>409.3</ele></trkpt>
    <trkpt lat="43.680407" lon="6.97162"><ele>409.4</ele></trkpt>
    <trkpt lat="43.680503" lon="6.97162"><ele>409.4</ele></trkpt>
    <trkpt lat="43.680563" lon="6.971454"><ele>409.4</ele></trkpt>
    <trkpt lat="43.680553" lon="6.971287"><ele>409.4</ele></trkpt>
    <trkpt lat="43.680549" lon="6.970972"><ele>409.2</ele></trkpt>
    <trkpt lat="43.680943" lon="6.969119"><ele>404.4</ele></trkpt>
    <trkpt lat="43.680948" lon="6.969093"><ele>404.3</ele></trkpt>
    <trkpt lat="43.681072" lon="6.968518"><ele>401.8</ele></trkpt>
    <trkpt lat="43.681361" lon="6.967199"><ele>397.1</ele></trkpt>
    <trkpt lat="43.681725" lon="6.965453"><ele>395.9</ele></trkpt>
    <trkpt lat="43.681883" lon="6.964612"><ele>395.8</ele></trkpt>
    <trkpt lat="43.681932" lon="6.963908"><ele>395.5</ele></trkpt>
    <trkpt lat="43.681902" lon="6.963316"><ele>395.2</ele></trkpt>
    <trkpt lat="43.681866" lon="6.963079"><ele>394.9</ele></trkpt>
    <trkpt lat="43.681806" lon="6.962642"><ele>394.7</ele></trkpt>
    <trkpt lat="43.681786" lon="6.962457"><ele>394.9</ele></trkpt>
    <trkpt lat="43.681694" lon="6.961483"><ele>395</ele></trkpt>
    <trkpt lat="43.681728" lon="6.96124"><ele>394.6</ele></trkpt>
    <trkpt lat="43.681871" lon="6.960909"><ele>393.9</ele></trkpt>
    <trkpt lat="43.681901" lon="6.960807"><ele>393.7</ele></trkpt>
    <trkpt lat="43.681907" lon="6.960667"><ele>393.5</ele></trkpt>
    <trkpt lat="43.681869" lon="6.960469"><ele>393.3</ele></trkpt>
    <trkpt lat="43.681532" lon="6.959844"><ele>392.4</ele></trkpt>
    <trkpt lat="43.681492" lon="6.959728"><ele>392.1</ele></trkpt>
    <trkpt lat="43.681467" lon="6.959518"><ele>391.5</ele></trkpt>
    <trkpt lat="43.681429" lon="6.958937"><ele>389.9</ele></trkpt>
    <trkpt lat="43.681391" lon="6.958808"><ele>389.6</ele></trkpt>
    <trkpt lat="43.681322" lon="6.958621"><ele>389.5</ele></trkpt>
    <trkpt lat="43.681087" lon="6.958174"><ele>389.8</ele></trkpt>
    <trkpt lat="43.681043" lon="6.958053"><ele>389.9</ele></trkpt>
    <trkpt lat="43.681024" lon="6.957907"><ele>389.8</ele></trkpt>
    <trkpt lat="43.681036" lon="6.957733"><ele>389.8</ele></trkpt>
    <trkpt lat="43.681069" lon="6.957609"><ele>389.6</ele></trkpt>
    <trkpt lat="43.681339" lon="6.957004"><ele>389.5</ele></trkpt>
    <trkpt lat="43.681396" lon="6.956872"><ele>389.7</ele></trkpt>
    <trkpt lat="43.681649" lon="6.956265"><ele>390.3</ele></trkpt>
    <trkpt lat="43.68173" lon="6.956076"><ele>390.3</ele></trkpt>
    <trkpt lat="43.681804" lon="6.955904"><ele>390.3</ele></trkpt>
    <trkpt lat="43.681829" lon="6.955714"><ele>390.2</ele></trkpt>
    <trkpt lat="43.681762" lon="6.955404"><ele>390</ele></trkpt>
    <trkpt lat="43.681546" lon="6.954728"><ele>389.7</ele></trkpt>
    <trkpt lat="43.680729" lon="6.952957"><ele>387</ele></trkpt>
    <trkpt lat="43.679975" lon="6.951689"><ele>385.1</ele></trkpt>
    <trkpt lat="43.679929" lon="6.95157"><ele>384.8</ele></trkpt>
    <trkpt lat="43.679897" lon="6.95132"><ele>384.2</ele></trkpt>
    <trkpt lat="43.679899" lon="6.951077"><ele>383.7</ele></trkpt>
    <trkpt lat="43.679898" lon="6.950991"><ele>383.6</ele></trkpt>
    <trkpt lat="43.679885" lon="6.950649"><ele>383</ele></trkpt>
    <trkpt lat="43.679814" lon="6.950436"><ele>382.8</ele></trkpt>
    <trkpt lat="43.679712" lon="6.950222"><ele>382.6</ele></trkpt>
    <trkpt lat="43.679573" lon="6.949937"><ele>382.5</ele></trkpt>
    <trkpt lat="43.679534" lon="6.949579"><ele>382.6</ele></trkpt>
    <trkpt lat="43.679547" lon="6.949424"><ele>382.7</ele></trkpt>
    <trkpt lat="43.679769" lon="6.948687"><ele>383.4</ele></trkpt>
    <trkpt lat="43.679789" lon="6.948491"><ele>383.7</ele></trkpt>
    <trkpt lat="43.67978" lon="6.948285"><ele>384.1</ele></trkpt>
    <trkpt lat="43.679722" lon="6.948116"><ele>384.4</ele></trkpt>
    <trkpt lat="43.679632" lon="6.947973"><ele>384.8</ele></trkpt>
    <trkpt lat="43.679467" lon="6.947857"><ele>385.1</ele></trkpt>
    <trkpt lat="43.678758" lon="6.947631"><ele>385.3</ele></trkpt>
    <trkpt lat="43.678635" lon="6.947595"><ele>385.1</ele></trkpt>
    <trkpt lat="43.677033" lon="6.947105"><ele>381.3</ele></trkpt>
    <trkpt lat="43.676919" lon="6.94707"><ele>381</ele></trkpt>
    <trkpt lat="43.676442" lon="6.946918"><ele>379.5</ele></trkpt>
    <trkpt lat="43.675993" lon="6.946526"><ele>377.7</ele></trkpt>
    <trkpt lat="43.675634" lon="6.946351"><ele>376.3</ele></trkpt>
    <trkpt lat="43.675365" lon="6.946148"><ele>375.3</ele></trkpt>
    <trkpt lat="43.675181" lon="6.945881"><ele>374.6</ele></trkpt>
    <trkpt lat="43.674966" lon="6.945464"><ele>373.7</ele></trkpt>
    <trkpt lat="43.674411" lon="6.944795"><ele>373.6</ele></trkpt>
    <trkpt lat="43.673997" lon="6.944179"><ele>374</ele></trkpt>
    <trkpt lat="43.673941" lon="6.944074"><ele>374</ele></trkpt>
    <trkpt lat="43.673807" lon="6.943665"><ele>373.5</ele></trkpt>
    <trkpt lat="43.67372" lon="6.943539"><ele>373.2</ele></trkpt>
    <trkpt lat="43.673625" lon="6.943459"><ele>372.9</ele></trkpt>
    <trkpt lat="43.673517" lon="6.943429"><ele>372.4</ele></trkpt>
    <trkpt lat="43.672902" lon="6.943449"><ele>369.8</ele></trkpt>
    <trkpt lat="43.672574" lon="6.943379"><ele>368.7</ele></trkpt>
    <trkpt lat="43.672351" lon="6.943222"><ele>368</ele></trkpt>
    <trkpt lat="43.6722" lon="6.943031"><ele>367.5</ele></trkpt>
    <trkpt lat="43.67199" lon="6.942565"><ele>367</ele></trkpt>
    <trkpt lat="43.671819" lon="6.942302"><ele>367</ele></trkpt>
    <trkpt lat="43.671505" lon="6.942036"><ele>367.1</ele></trkpt>
    <trkpt lat="43.671457" lon="6.942001"><ele>367.1</ele></trkpt>
    <trkpt lat="43.670855" lon="6.941581"><ele>366.1</ele></trkpt>
    <trkpt lat="43.670406" lon="6.94147"><ele>364.4</ele></trkpt>
    <trkpt lat="43.670126" lon="6.941318"><ele>363.2</ele></trkpt>
    <trkpt lat="43.669717" lon="6.94084"><ele>361</ele></trkpt>
    <trkpt lat="43.669463" lon="6.940631"><ele>359.9</ele></trkpt>
    <trkpt lat="43.669206" lon="6.94047"><ele>359</ele></trkpt>
    <trkpt lat="43.668669" lon="6.940137"><ele>357.9</ele></trkpt>
    <trkpt lat="43.668504" lon="6.939956"><ele>357.6</ele></trkpt>
    <trkpt lat="43.667626" lon="6.93851"><ele>357</ele></trkpt>
    <trkpt lat="43.667259" lon="6.937892"><ele>357.9</ele></trkpt>
    <trkpt lat="43.6672" lon="6.93773"><ele>358.2</ele></trkpt>
    <trkpt lat="43.667146" lon="6.937447"><ele>358.5</ele></trkpt>
    <trkpt lat="43.667144" lon="6.936943"><ele>358.5</ele></trkpt>
    <trkpt lat="43.667096" lon="6.936741"><ele>358.3</ele></trkpt>
    <trkpt lat="43.667055" lon="6.93662"><ele>358.2</ele></trkpt>
    <trkpt lat="43.666997" lon="6.936539"><ele>358.2</ele></trkpt>
    <trkpt lat="43.666853" lon="6.936417"><ele>358.1</ele></trkpt>
    <trkpt lat="43.666685" lon="6.936362"><ele>358.2</ele></trkpt>
    <trkpt lat="43.666556" lon="6.936348"><ele>358.2</ele></trkpt>
    <trkpt lat="43.666482" lon="6.936334"><ele>358.3</ele></trkpt>
    <trkpt lat="43.666128" lon="6.936274"><ele>358.4</ele></trkpt>
    <trkpt lat="43.665974" lon="6.936131"><ele>358.2</ele></trkpt>
    <trkpt lat="43.665861" lon="6.935933"><ele>357.5</ele></trkpt>
    <trkpt lat="43.665724" lon="6.935395"><ele>355.4</ele></trkpt>
    <trkpt lat="43.665678" lon="6.935268"><ele>355</ele></trkpt>
    <trkpt lat="43.665588" lon="6.935122"><ele>354.5</ele></trkpt>
    <trkpt lat="43.665482" lon="6.935005"><ele>354.1</ele></trkpt>
    <trkpt lat="43.665392" lon="6.934951"><ele>353.8</ele></trkpt>
    <trkpt lat="43.665071" lon="6.934856"><ele>352.6</ele></trkpt>
    <trkpt lat="43.664791" lon="6.934653"><ele>351.1</ele></trkpt>
    <trkpt lat="43.664622" lon="6.934424"><ele>349.8</ele></trkpt>
    <trkpt lat="43.664435" lon="6.933991"><ele>347.8</ele></trkpt>
    <trkpt lat="43.664387" lon="6.933836"><ele>347.3</ele></trkpt>
    <trkpt lat="43.663902" lon="6.932367"><ele>345.4</ele></trkpt>
    <trkpt lat="43.663748" lon="6.931889"><ele>344.9</ele></trkpt>
    <trkpt lat="43.663516" lon="6.930838"><ele>343.6</ele></trkpt>
    <trkpt lat="43.663453" lon="6.930485"><ele>343.3</ele></trkpt>
    <trkpt lat="43.663427" lon="6.929842"><ele>343</ele></trkpt>
    <trkpt lat="43.663423" lon="6.929283"><ele>343.2</ele></trkpt>
    <trkpt lat="43.663422" lon="6.92917"><ele>343.3</ele></trkpt>
    <trkpt lat="43.66343" lon="6.928613"><ele>343.8</ele></trkpt>
    <trkpt lat="43.663464" lon="6.928344"><ele>343.9</ele></trkpt>
    <trkpt lat="43.663599" lon="6.927861"><ele>343.9</ele></trkpt>
    <trkpt lat="43.663693" lon="6.927631"><ele>343.8</ele></trkpt>
    <trkpt lat="43.663728" lon="6.927537"><ele>343.7</ele></trkpt>
    <trkpt lat="43.663798" lon="6.927356"><ele>343.6</ele></trkpt>
    <trkpt lat="43.663811" lon="6.927302"><ele>343.6</ele></trkpt>
    <trkpt lat="43.663843" lon="6.926459"><ele>344</ele></trkpt>
    <trkpt lat="43.664036" lon="6.925665"><ele>344.9</ele></trkpt>
    <trkpt lat="43.664028" lon="6.925501"><ele>345.2</ele></trkpt>
    <trkpt lat="43.663973" lon="6.925328"><ele>345.4</ele></trkpt>
    <trkpt lat="43.663833" lon="6.925164"><ele>345.9</ele></trkpt>
    <trkpt lat="43.663391" lon="6.924738"><ele>346.9</ele></trkpt>
    <trkpt lat="43.662316" lon="6.923702"><ele>346.5</ele></trkpt>
    <trkpt lat="43.661487" lon="6.92289"><ele>348.1</ele></trkpt>
    <trkpt lat="43.661291" lon="6.922692"><ele>348.4</ele></trkpt>
    <trkpt lat="43.661006" lon="6.922541"><ele>348.6</ele></trkpt>
    <trkpt lat="43.66087" lon="6.922507"><ele>348.7</ele></trkpt>
    <trkpt lat="43.660762" lon="6.922504"><ele>348.8</ele></trkpt>
    <trkpt lat="43.660618" lon="6.922483"><ele>348.8</ele></trkpt>
    <trkpt lat="43.660435" lon="6.922454"><ele>348.8</ele></trkpt>
    <trkpt lat="43.660261" lon="6.922417"><ele>348.7</ele></trkpt>
    <trkpt lat="43.660255" lon="6.922392"><ele>348.7</ele></trkpt>
    <trkpt lat="43.66019" lon="6.92236"><ele>348.6</ele></trkpt>
    <trkpt lat="43.660156" lon="6.922426"><ele>348.5</ele></trkpt>
    <trkpt lat="43.660018" lon="6.922406"><ele>348.2</ele></trkpt>
    <trkpt lat="43.659799" lon="6.922365"><ele>347.5</ele></trkpt>
    <trkpt lat="43.659652" lon="6.922334"><ele>346.9</ele></trkpt>
    <trkpt lat="43.659602" lon="6.922325"><ele>346.8</ele></trkpt>
    <trkpt lat="43.659441" lon="6.922294"><ele>346.1</ele></trkpt>
    <trkpt lat="43.659288" lon="6.922302"><ele>345.3</ele></trkpt>
    <trkpt lat="43.658853" lon="6.92223"><ele>342.8</ele></trkpt>
    <trkpt lat="43.658704" lon="6.922172"><ele>341.8</ele></trkpt>
    <trkpt lat="43.658608" lon="6.922114"><ele>341.1</ele></trkpt>
    <trkpt lat="43.657998" lon="6.92157"><ele>335.7</ele></trkpt>
    <trkpt lat="43.657881" lon="6.921455"><ele>334.9</ele></trkpt>
    <trkpt lat="43.65757" lon="6.921134"><ele>333.1</ele></trkpt>
    <trkpt lat="43.657426" lon="6.921019"><ele>332.7</ele></trkpt>
    <trkpt lat="43.657412" lon="6.920947"><ele>332.6</ele></trkpt>
    <trkpt lat="43.657364" lon="6.920909"><ele>332.4</ele></trkpt>
    <trkpt lat="43.657188" lon="6.920689"><ele>332</ele></trkpt>
    <trkpt lat="43.657139" lon="6.92062"><ele>331.9</ele></trkpt>
    <trkpt lat="43.65693" lon="6.920236"><ele>331.6</ele></trkpt>
    <trkpt lat="43.656873" lon="6.920081"><ele>331.4</ele></trkpt>
    <trkpt lat="43.656847" lon="6.919998"><ele>331.4</ele></trkpt>
    <trkpt lat="43.656783" lon="6.919986"><ele>331.3</ele></trkpt>
    <trkpt lat="43.656763" lon="6.920002"><ele>331.3</ele></trkpt>
    <trkpt lat="43.656617" lon="6.919973"><ele>331.2</ele></trkpt>
    <trkpt lat="43.656589" lon="6.919953"><ele>331.1</ele></trkpt>
    <trkpt lat="43.656384" lon="6.919815"><ele>330.9</ele></trkpt>
    <trkpt lat="43.656199" lon="6.919688"><ele>330.4</ele></trkpt>
    <trkpt lat="43.656144" lon="6.91965"><ele>330.3</ele></trkpt>
    <trkpt lat="43.655994" lon="6.919547"><ele>329.7</ele></trkpt>
    <trkpt lat="43.655946" lon="6.919515"><ele>329.5</ele></trkpt>
    <trkpt lat="43.65549" lon="6.919208"><ele>327.2</ele></trkpt>
    <trkpt lat="43.654806" lon="6.918744"><ele>323.6</ele></trkpt>
    <trkpt lat="43.654646" lon="6.9187"><ele>323</ele></trkpt>
    <trkpt lat="43.654506" lon="6.918713"><ele>322.4</ele></trkpt>
    <trkpt lat="43.65422" lon="6.918813"><ele>321.3</ele></trkpt>
    <trkpt lat="43.65371" lon="6.918988"><ele>319.1</ele></trkpt>
    <trkpt lat="43.653529" lon="6.919098"><ele>318.4</ele></trkpt>
    <trkpt lat="43.653389" lon="6.919231"><ele>317.7</ele></trkpt>
    <trkpt lat="43.65309" lon="6.919535"><ele>316</ele></trkpt>
    <trkpt lat="43.652531" lon="6.919831"><ele>312</ele></trkpt>
    <trkpt lat="43.652427" lon="6.919889"><ele>311.1</ele></trkpt>
    <trkpt lat="43.651938" lon="6.920133"><ele>307.2</ele></trkpt>
    <trkpt lat="43.651677" lon="6.920201"><ele>305.4</ele></trkpt>
    <trkpt lat="43.651472" lon="6.920151"><ele>304</ele></trkpt>
    <trkpt lat="43.651288" lon="6.920019"><ele>302.7</ele></trkpt>
    <trkpt lat="43.651147" lon="6.919843"><ele>301.7</ele></trkpt>
    <trkpt lat="43.650288" lon="6.91805"><ele>296.4</ele></trkpt>
    <trkpt lat="43.650152" lon="6.917853"><ele>295.6</ele></trkpt>
    <trkpt lat="43.65013" lon="6.917831"><ele>295.5</ele></trkpt>
    <trkpt lat="43.650012" lon="6.917736"><ele>294.9</ele></trkpt>
    <trkpt lat="43.649837" lon="6.917724"><ele>293.9</ele></trkpt>
    <trkpt lat="43.649794" lon="6.917688"><ele>293.6</ele></trkpt>
    <trkpt lat="43.649767" lon="6.917689"><ele>293.5</ele></trkpt>
    <trkpt lat="43.649489" lon="6.917527"><ele>291.6</ele></trkpt>
    <trkpt lat="43.64932" lon="6.917466"><ele>290.4</ele></trkpt>
    <trkpt lat="43.648928" lon="6.917342"><ele>287.5</ele></trkpt>
    <trkpt lat="43.648745" lon="6.917286"><ele>286.3</ele></trkpt>
    <trkpt lat="43.648018" lon="6.917031"><ele>282.2</ele></trkpt>
    <trkpt lat="43.647922" lon="6.916981"><ele>281.7</ele></trkpt>
    <trkpt lat="43.647771" lon="6.916817"><ele>280.8</ele></trkpt>
    <trkpt lat="43.647698" lon="6.916657"><ele>280.2</ele></trkpt>
    <trkpt lat="43.647653" lon="6.916443"><ele>279.4</ele></trkpt>
    <trkpt lat="43.64767" lon="6.915806"><ele>277.3</ele></trkpt>
    <trkpt lat="43.64774" lon="6.914157"><ele>272.7</ele></trkpt>
    <trkpt lat="43.647759" lon="6.913708"><ele>271.4</ele></trkpt>
    <trkpt lat="43.647728" lon="6.913489"><ele>270.8</ele></trkpt>
    <trkpt lat="43.647685" lon="6.913323"><ele>270.3</ele></trkpt>
    <trkpt lat="43.647686" lon="6.913271"><ele>270.2</ele></trkpt>
    <trkpt lat="43.647645" lon="6.913225"><ele>270</ele></trkpt>
    <trkpt lat="43.647594" lon="6.913259"><ele>269.8</ele></trkpt>
    <trkpt lat="43.647493" lon="6.91328"><ele>269.4</ele></trkpt>
    <trkpt lat="43.647338" lon="6.913315"><ele>268.8</ele></trkpt>
    <trkpt lat="43.646984" lon="6.913537"><ele>267.4</ele></trkpt>
    <trkpt lat="43.646727" lon="6.913699"><ele>266</ele></trkpt>
    <trkpt lat="43.645922" lon="6.914216"><ele>261.3</ele></trkpt>
    <trkpt lat="43.645688" lon="6.914293"><ele>260.1</ele></trkpt>
    <trkpt lat="43.644963" lon="6.914367"><ele>256.7</ele></trkpt>
    <trkpt lat="43.644658" lon="6.914371"><ele>255.2</ele></trkpt>
    <trkpt lat="43.644531" lon="6.914318"><ele>254.6</ele></trkpt>
    <trkpt lat="43.644413" lon="6.914216"><ele>253.9</ele></trkpt>
    <trkpt lat="43.644142" lon="6.913861"><ele>252</ele></trkpt>
    <trkpt lat="43.643931" lon="6.913686"><ele>250.7</ele></trkpt>
    <trkpt lat="43.643659" lon="6.913512"><ele>249.1</ele></trkpt>
    <trkpt lat="43.643194" lon="6.913016"><ele>245.9</ele></trkpt>
    <trkpt lat="43.642459" lon="6.912314"><ele>240.9</ele></trkpt>
    <trkpt lat="43.642087" lon="6.911897"><ele>238.4</ele></trkpt>
    <trkpt lat="43.642012" lon="6.911811"><ele>237.8</ele></trkpt>
    <trkpt lat="43.641918" lon="6.911674"><ele>237</ele></trkpt>
    <trkpt lat="43.641867" lon="6.911515"><ele>236.3</ele></trkpt>
    <trkpt lat="43.641864" lon="6.911313"><ele>235.5</ele></trkpt>
    <trkpt lat="43.641802" lon="6.911195"><ele>234.9</ele></trkpt>
    <trkpt lat="43.641671" lon="6.911128"><ele>234.1</ele></trkpt>
    <trkpt lat="43.641572" lon="6.911158"><ele>233.5</ele></trkpt>
    <trkpt lat="43.641453" lon="6.911106"><ele>232.9</ele></trkpt>
    <trkpt lat="43.641254" lon="6.910872"><ele>231.7</ele></trkpt>
    <trkpt lat="43.641051" lon="6.910558"><ele>230.2</ele></trkpt>
    <trkpt lat="43.640805" lon="6.910048"><ele>228.1</ele></trkpt>
    <trkpt lat="43.64083" lon="6.909944"><ele>227.7</ele></trkpt>
    <trkpt lat="43.640774" lon="6.909851"><ele>227.4</ele></trkpt>
    <trkpt lat="43.640749" lon="6.909713"><ele>227</ele></trkpt>
    <trkpt lat="43.640756" lon="6.909326"><ele>226</ele></trkpt>
    <trkpt lat="43.64085" lon="6.908946"><ele>225.1</ele></trkpt>
    <trkpt lat="43.641209" lon="6.908244"><ele>223.1</ele></trkpt>
    <trkpt lat="43.641366" lon="6.908061"><ele>222.5</ele></trkpt>
    <trkpt lat="43.641607" lon="6.907945"><ele>221.8</ele></trkpt>
    <trkpt lat="43.641776" lon="6.90789"><ele>221.4</ele></trkpt>
    <trkpt lat="43.641924" lon="6.907913"><ele>221</ele></trkpt>
    <trkpt lat="43.642014" lon="6.907972"><ele>220.7</ele></trkpt>
    <trkpt lat="43.642703" lon="6.908635"><ele>217.8</ele></trkpt>
    <trkpt lat="43.64285" lon="6.908686"><ele>217.2</ele></trkpt>
    <trkpt lat="43.642908" lon="6.908654"><ele>216.9</ele></trkpt>
    <trkpt lat="43.642976" lon="6.908525"><ele>216.3</ele></trkpt>
    <trkpt lat="43.642962" lon="6.908365"><ele>215.7</ele></trkpt>
    <trkpt lat="43.642615" lon="6.907705"><ele>212.3</ele></trkpt>
    <trkpt lat="43.642596" lon="6.907633"><ele>212</ele></trkpt>
    <trkpt lat="43.642559" lon="6.907299"><ele>210.4</ele></trkpt>
    <trkpt lat="43.642585" lon="6.907117"><ele>209.6</ele></trkpt>
    <trkpt lat="43.642944" lon="6.905914"><ele>202.7</ele></trkpt>
    <trkpt lat="43.643065" lon="6.905647"><ele>200.8</ele></trkpt>
    <trkpt lat="43.64317" lon="6.905489"><ele>199.5</ele></trkpt>
    <trkpt lat="43.643271" lon="6.905248"><ele>197.7</ele></trkpt>
    <trkpt lat="43.64328" lon="6.904971"><ele>195.8</ele></trkpt>
    <trkpt lat="43.643209" lon="6.904537"><ele>192.7</ele></trkpt>
    <trkpt lat="43.643168" lon="6.9041"><ele>189.5</ele></trkpt>
    <trkpt lat="43.643165" lon="6.903679"><ele>186.8</ele></trkpt>
    <trkpt lat="43.643209" lon="6.903313"><ele>184.8</ele></trkpt>
    <trkpt lat="43.643321" lon="6.90309"><ele>183.5</ele></trkpt>
    <trkpt lat="43.643498" lon="6.902915"><ele>182.3</ele></trkpt>
    <trkpt lat="43.643672" lon="6.902851"><ele>181.4</ele></trkpt>
    <trkpt lat="43.643964" lon="6.902906"><ele>180.2</ele></trkpt>
    <trkpt lat="43.644001" lon="6.902912"><ele>180.1</ele></trkpt>
    <trkpt lat="43.644281" lon="6.902918"><ele>179.4</ele></trkpt>
    <trkpt lat="43.644594" lon="6.902812"><ele>178.8</ele></trkpt>
    <trkpt lat="43.644723" lon="6.902826"><ele>178.7</ele></trkpt>
    <trkpt lat="43.645038" lon="6.902957"><ele>178.8</ele></trkpt>
    <trkpt lat="43.645182" lon="6.902925"><ele>178.8</ele></trkpt>
    <trkpt lat="43.645226" lon="6.902901"><ele>178.8</ele></trkpt>
    <trkpt lat="43.645253" lon="6.902877"><ele>178.8</ele></trkpt>
    <trkpt lat="43.645354" lon="6.902741"><ele>178.8</ele></trkpt>
    <trkpt lat="43.645398" lon="6.902674"><ele>178.8</ele></trkpt>
    <trkpt lat="43.645508" lon="6.902341"><ele>179</ele></trkpt>
    <trkpt lat="43.645527" lon="6.902062"><ele>179.4</ele></trkpt>
    <trkpt lat="43.645516" lon="6.901903"><ele>179.6</ele></trkpt>
    <trkpt lat="43.645463" lon="6.901723"><ele>179.9</ele></trkpt>
    <trkpt lat="43.645258" lon="6.901359"><ele>180.7</ele></trkpt>
    <trkpt lat="43.644404" lon="6.900395"><ele>184.1</ele></trkpt>
    <trkpt lat="43.644247" lon="6.900147"><ele>184.6</ele></trkpt>
    <trkpt lat="43.644207" lon="6.900026"><ele>184.8</ele></trkpt>
    <trkpt lat="43.644189" lon="6.899865"><ele>185</ele></trkpt>
    <trkpt lat="43.644192" lon="6.899699"><ele>185.3</ele></trkpt>
    <trkpt lat="43.644232" lon="6.8991"><ele>186.4</ele></trkpt>
    <trkpt lat="43.64423" lon="6.898999"><ele>186.6</ele></trkpt>
    <trkpt lat="43.644205" lon="6.898289"><ele>188.1</ele></trkpt>
    <trkpt lat="43.644252" lon="6.897985"><ele>188.9</ele></trkpt>
    <trkpt lat="43.644279" lon="6.897852"><ele>189.3</ele></trkpt>
    <trkpt lat="43.644971" lon="6.896136"><ele>199</ele></trkpt>
    <trkpt lat="43.645113" lon="6.895474"><ele>202.8</ele></trkpt>
    <trkpt lat="43.645261" lon="6.894913"><ele>206</ele></trkpt>
    <trkpt lat="43.645267" lon="6.894739"><ele>206.9</ele></trkpt>
    <trkpt lat="43.645245" lon="6.894644"><ele>207.4</ele></trkpt>
    <trkpt lat="43.64503" lon="6.894223"><ele>209.7</ele></trkpt>
    <trkpt lat="43.644904" lon="6.893671"><ele>211.5</ele></trkpt>
    <trkpt lat="43.644777" lon="6.893313"><ele>212.4</ele></trkpt>
    <trkpt lat="43.644735" lon="6.893151"><ele>212.8</ele></trkpt>
    <trkpt lat="43.644735" lon="6.893151"><ele>212.7</ele></trkpt>
    <trkpt lat="43.644735" lon="6.893151"><ele>212.7</ele></trkpt>
    <trkpt lat="43.64469" lon="6.892806"><ele>213.3</ele></trkpt>
    <trkpt lat="43.64469" lon="6.892806"><ele>213.2</ele></trkpt>
    <trkpt lat="43.64469" lon="6.892806"><ele>213.2</ele></trkpt>
    <trkpt lat="43.644619" lon="6.892044"><ele>213.2</ele></trkpt>
    <trkpt lat="43.644619" lon="6.892044"><ele>213.1</ele></trkpt>
    <trkpt lat="43.644619" lon="6.892044"><ele>213.1</ele></trkpt>
    <trkpt lat="43.644572" lon="6.891512"><ele>212.2</ele></trkpt>
    <trkpt lat="43.644616" lon="6.891223"><ele>211.6</ele></trkpt>
    <trkpt lat="43.644773" lon="6.890856"><ele>210.4</ele></trkpt>
    <trkpt lat="43.645499" lon="6.889055"><ele>202.8</ele></trkpt>
    <trkpt lat="43.645767" lon="6.888335"><ele>200.2</ele></trkpt>
    <trkpt lat="43.645815" lon="6.888077"><ele>199.5</ele></trkpt>
    <trkpt lat="43.645838" lon="6.887748"><ele>198.8</ele></trkpt>
    <trkpt lat="43.645786" lon="6.887265"><ele>197.8</ele></trkpt>
    <trkpt lat="43.645751" lon="6.887119"><ele>197.5</ele></trkpt>
    <trkpt lat="43.64559" lon="6.886717"><ele>196.6</ele></trkpt>
    <trkpt lat="43.644784" lon="6.885017"><ele>192.8</ele></trkpt>
    <trkpt lat="43.644722" lon="6.884888"><ele>192.4</ele></trkpt>
    <trkpt lat="43.644579" lon="6.884585"><ele>191.4</ele></trkpt>
    <trkpt lat="43.644433" lon="6.884286"><ele>190.4</ele></trkpt>
    <trkpt lat="43.643967" lon="6.883318"><ele>187.2</ele></trkpt>
    <trkpt lat="43.644004" lon="6.883247"><ele>187</ele></trkpt>
    <trkpt lat="43.644004" lon="6.88316"><ele>186.8</ele></trkpt>
    <trkpt lat="43.643945" lon="6.883071"><ele>186.5</ele></trkpt>
    <trkpt lat="43.643871" lon="6.883069"><ele>186.2</ele></trkpt>
    <trkpt lat="43.64385" lon="6.883083"><ele>186.1</ele></trkpt>
    <trkpt lat="43.643522" lon="6.882391"><ele>184</ele></trkpt>
    <trkpt lat="43.64326" lon="6.881846"><ele>182.6</ele></trkpt>
    <trkpt lat="43.642874" lon="6.881055"><ele>181.6</ele></trkpt>
    <trkpt lat="43.642654" lon="6.880574"><ele>181.9</ele></trkpt>
    <trkpt lat="43.642548" lon="6.880393"><ele>182.2</ele></trkpt>
    <trkpt lat="43.642433" lon="6.880215"><ele>182.7</ele></trkpt>
    <trkpt lat="43.641488" lon="6.878888"><ele>188.4</ele></trkpt>
    <trkpt lat="43.641408" lon="6.878771"><ele>188.8</ele></trkpt>
    <trkpt lat="43.641036" lon="6.878243"><ele>190.3</ele></trkpt>
    <trkpt lat="43.640755" lon="6.877839"><ele>191.2</ele></trkpt>
    <trkpt lat="43.640416" lon="6.877364"><ele>191.5</ele></trkpt>
    <trkpt lat="43.63989" lon="6.876999"><ele>191</ele></trkpt>
    <trkpt lat="43.639544" lon="6.876734"><ele>190.5</ele></trkpt>
    <trkpt lat="43.639248" lon="6.876344"><ele>189.9</ele></trkpt>
    <trkpt lat="43.63905" lon="6.875914"><ele>189</ele></trkpt>
    <trkpt lat="43.63894" lon="6.875441"><ele>188.1</ele></trkpt>
    <trkpt lat="43.638908" lon="6.87494"><ele>187.3</ele></trkpt>
    <trkpt lat="43.639013" lon="6.872565"><ele>183.4</ele></trkpt>
    <trkpt lat="43.639017" lon="6.872433"><ele>183.3</ele></trkpt>
    <trkpt lat="43.638942" lon="6.871819"><ele>183.3</ele></trkpt>
    <trkpt lat="43.638917" lon="6.871602"><ele>183.3</ele></trkpt>
    <trkpt lat="43.638936" lon="6.871536"><ele>183.3</ele></trkpt>
    <trkpt lat="43.638906" lon="6.87144"><ele>183.3</ele></trkpt>
    <trkpt lat="43.638883" lon="6.871208"><ele>183.3</ele></trkpt>
    <trkpt lat="43.638913" lon="6.870512"><ele>183.6</ele></trkpt>
    <trkpt lat="43.638969" lon="6.870097"><ele>183.6</ele></trkpt>
    <trkpt lat="43.638976" lon="6.870039"><ele>183.6</ele></trkpt>
    <trkpt lat="43.638987" lon="6.869965"><ele>183.6</ele></trkpt>
    <trkpt lat="43.639032" lon="6.869623"><ele>183.6</ele></trkpt>
    <trkpt lat="43.639043" lon="6.86937"><ele>183.6</ele></trkpt>
    <trkpt lat="43.639043" lon="6.869215"><ele>183.6</ele></trkpt>
    <trkpt lat="43.639041" lon="6.869183"><ele>183.6</ele></trkpt>
    <trkpt lat="43.639017" lon="6.868921"><ele>183.5</ele></trkpt>
    <trkpt lat="43.639012" lon="6.868872"><ele>183.5</ele></trkpt>
    <trkpt lat="43.638995" lon="6.868693"><ele>183.4</ele></trkpt>
    <trkpt lat="43.638961" lon="6.868332"><ele>183.6</ele></trkpt>
    <trkpt lat="43.638944" lon="6.86814"><ele>183.8</ele></trkpt>
    <trkpt lat="43.638932" lon="6.867997"><ele>184</ele></trkpt>
    <trkpt lat="43.638876" lon="6.867403"><ele>185.2</ele></trkpt>
    <trkpt lat="43.638846" lon="6.867198"><ele>185.9</ele></trkpt>
    <trkpt lat="43.638667" lon="6.866225"><ele>189.8</ele></trkpt>
    <trkpt lat="43.638626" lon="6.866013"><ele>190.9</ele></trkpt>
    <trkpt lat="43.63845" lon="6.86519"><ele>195.8</ele></trkpt>
    <trkpt lat="43.638394" lon="6.865085"><ele>196.6</ele></trkpt>
    <trkpt lat="43.63824" lon="6.864927"><ele>198</ele></trkpt>
    <trkpt lat="43.638105" lon="6.86487"><ele>199.1</ele></trkpt>
    <trkpt lat="43.637491" lon="6.864829"><ele>203.5</ele></trkpt>
    <trkpt lat="43.637034" lon="6.864795"><ele>206.8</ele></trkpt>
    <trkpt lat="43.636558" lon="6.864761"><ele>209.9</ele></trkpt>
    <trkpt lat="43.636485" lon="6.864708"><ele>210.4</ele></trkpt>
    <trkpt lat="43.636374" lon="6.864549"><ele>211.4</ele></trkpt>
    <trkpt lat="43.63633" lon="6.864301"><ele>212.4</ele></trkpt>
    <trkpt lat="43.636342" lon="6.864175"><ele>213</ele></trkpt>
    <trkpt lat="43.637307" lon="6.862459"><ele>220.4</ele></trkpt>
    <trkpt lat="43.637406" lon="6.862244"><ele>221.3</ele></trkpt>
    <trkpt lat="43.637452" lon="6.862065"><ele>222.1</ele></trkpt>
    <trkpt lat="43.637459" lon="6.861823"><ele>223.1</ele></trkpt>
    <trkpt lat="43.637378" lon="6.861562"><ele>224.3</ele></trkpt>
    <trkpt lat="43.63718" lon="6.861116"><ele>226.7</ele></trkpt>
    <trkpt lat="43.636812" lon="6.860316"><ele>231</ele></trkpt>
    <trkpt lat="43.636795" lon="6.860272"><ele>231.2</ele></trkpt>
    <trkpt lat="43.63657" lon="6.859772"><ele>233.3</ele></trkpt>
    <trkpt lat="43.636306" lon="6.859187"><ele>234.9</ele></trkpt>
    <trkpt lat="43.636183" lon="6.858916"><ele>235.5</ele></trkpt>
    <trkpt lat="43.636052" lon="6.858514"><ele>236.1</ele></trkpt>
    <trkpt lat="43.636015" lon="6.858329"><ele>236.3</ele></trkpt>
    <trkpt lat="43.636027" lon="6.85829"><ele>236.4</ele></trkpt>
    <trkpt lat="43.636023" lon="6.858206"><ele>236.5</ele></trkpt>
    <trkpt lat="43.635987" lon="6.85814"><ele>236.6</ele></trkpt>
    <trkpt lat="43.635954" lon="6.858117"><ele>236.6</ele></trkpt>
    <trkpt lat="43.635872" lon="6.857955"><ele>236.9</ele></trkpt>
    <trkpt lat="43.635644" lon="6.857395"><ele>237.5</ele></trkpt>
    <trkpt lat="43.635512" lon="6.856991"><ele>238</ele></trkpt>
    <trkpt lat="43.635305" lon="6.856237"><ele>238.7</ele></trkpt>
    <trkpt lat="43.635283" lon="6.856147"><ele>238.8</ele></trkpt>
    <trkpt lat="43.635186" lon="6.855769"><ele>239</ele></trkpt>
    <trkpt lat="43.635162" lon="6.855626"><ele>239.1</ele></trkpt>
    <trkpt lat="43.635171" lon="6.855559"><ele>239.1</ele></trkpt>
    <trkpt lat="43.635146" lon="6.855512"><ele>239.1</ele></trkpt>
    <trkpt lat="43.635105" lon="6.855499"><ele>239.1</ele></trkpt>
    <trkpt lat="43.635079" lon="6.855369"><ele>239.2</ele></trkpt>
    <trkpt lat="43.634782" lon="6.853972"><ele>239.5</ele></trkpt>
    <trkpt lat="43.634685" lon="6.853546"><ele>239.4</ele></trkpt>
    <trkpt lat="43.634595" lon="6.853107"><ele>239.2</ele></trkpt>
    <trkpt lat="43.634527" lon="6.852506"><ele>238.9</ele></trkpt>
    <trkpt lat="43.634496" lon="6.852155"><ele>238.7</ele></trkpt>
    <trkpt lat="43.634412" lon="6.851444"><ele>238.2</ele></trkpt>
    <trkpt lat="43.634361" lon="6.851254"><ele>238.1</ele></trkpt>
    <trkpt lat="43.634218" lon="6.850929"><ele>238.1</ele></trkpt>
    <trkpt lat="43.634171" lon="6.85085"><ele>238.1</ele></trkpt>
    <trkpt lat="43.634138" lon="6.850784"><ele>238.1</ele></trkpt>
    <trkpt lat="43.634098" lon="6.850707"><ele>238.1</ele></trkpt>
    <trkpt lat="43.633896" lon="6.8503"><ele>238.3</ele></trkpt>
    <trkpt lat="43.633847" lon="6.850185"><ele>238.4</ele></trkpt>
    <trkpt lat="43.633141" lon="6.848479"><ele>238.9</ele></trkpt>
    <trkpt lat="43.632988" lon="6.848076"><ele>238.6</ele></trkpt>
    <trkpt lat="43.632933" lon="6.84778"><ele>238.3</ele></trkpt>
    <trkpt lat="43.632928" lon="6.847586"><ele>238.1</ele></trkpt>
    <trkpt lat="43.632942" lon="6.847415"><ele>238</ele></trkpt>
    <trkpt lat="43.632982" lon="6.846778"><ele>237.5</ele></trkpt>
    <trkpt lat="43.63301" lon="6.84605"><ele>237.6</ele></trkpt>
    <trkpt lat="43.632972" lon="6.845791"><ele>237.7</ele></trkpt>
    <trkpt lat="43.632875" lon="6.845495"><ele>238</ele></trkpt>
    <trkpt lat="43.632833" lon="6.845416"><ele>238</ele></trkpt>
    <trkpt lat="43.632648" lon="6.845151"><ele>238.4</ele></trkpt>
    <trkpt lat="43.632021" lon="6.844673"><ele>240.1</ele></trkpt>
    <trkpt lat="43.63192" lon="6.844592"><ele>240.3</ele></trkpt>
    <trkpt lat="43.631762" lon="6.8444"><ele>240.7</ele></trkpt>
    <trkpt lat="43.631672" lon="6.844128"><ele>240.7</ele></trkpt>
    <trkpt lat="43.631627" lon="6.84391"><ele>240.5</ele></trkpt>
    <trkpt lat="43.631628" lon="6.843601"><ele>240</ele></trkpt>
    <trkpt lat="43.631667" lon="6.843525"><ele>239.8</ele></trkpt>
    <trkpt lat="43.63167" lon="6.843429"><ele>239.6</ele></trkpt>
    <trkpt lat="43.631634" lon="6.843346"><ele>239.4</ele></trkpt>
    <trkpt lat="43.631595" lon="6.843193"><ele>238.9</ele></trkpt>
    <trkpt lat="43.631496" lon="6.8427"><ele>236.9</ele></trkpt>
    <trkpt lat="43.631511" lon="6.842378"><ele>235.7</ele></trkpt>
    <trkpt lat="43.631581" lon="6.842229"><ele>235.1</ele></trkpt>
    <trkpt lat="43.631662" lon="6.842123"><ele>234.6</ele></trkpt>
    <trkpt lat="43.631876" lon="6.841919"><ele>233.3</ele></trkpt>
    <trkpt lat="43.632008" lon="6.841814"><ele>232.6</ele></trkpt>
    <trkpt lat="43.632258" lon="6.841696"><ele>231.4</ele></trkpt>
    <trkpt lat="43.632445" lon="6.841686"><ele>230.4</ele></trkpt>
    <trkpt lat="43.632698" lon="6.841768"><ele>229</ele></trkpt>
    <trkpt lat="43.632794" lon="6.841769"><ele>228.4</ele></trkpt>
    <trkpt lat="43.632871" lon="6.841687"><ele>227.9</ele></trkpt>
    <trkpt lat="43.632899" lon="6.841606"><ele>227.5</ele></trkpt>
    <trkpt lat="43.632888" lon="6.841464"><ele>226.9</ele></trkpt>
    <trkpt lat="43.63282" lon="6.841352"><ele>226.4</ele></trkpt>
    <trkpt lat="43.63254" lon="6.84121"><ele>224.7</ele></trkpt>
    <trkpt lat="43.632334" lon="6.84103"><ele>223</ele></trkpt>
    <trkpt lat="43.632168" lon="6.840721"><ele>220.4</ele></trkpt>
    <trkpt lat="43.632139" lon="6.840521"><ele>218.9</ele></trkpt>
    <trkpt lat="43.632192" lon="6.840035"><ele>215.4</ele></trkpt>
    <trkpt lat="43.632171" lon="6.839861"><ele>214.4</ele></trkpt>
    <trkpt lat="43.632104" lon="6.83972"><ele>213.4</ele></trkpt>
    <trkpt lat="43.632036" lon="6.839641"><ele>212.8</ele></trkpt>
    <trkpt lat="43.631608" lon="6.839313"><ele>210.3</ele></trkpt>
    <trkpt lat="43.630753" lon="6.838622"><ele>204.7</ele></trkpt>
    <trkpt lat="43.63053" lon="6.838507"><ele>203.3</ele></trkpt>
    <trkpt lat="43.630375" lon="6.838463"><ele>202.2</ele></trkpt>
    <trkpt lat="43.629787" lon="6.838465"><ele>198.1</ele></trkpt>
    <trkpt lat="43.629668" lon="6.838449"><ele>197.2</ele></trkpt>
    <trkpt lat="43.629548" lon="6.838388"><ele>196.3</ele></trkpt>
    <trkpt lat="43.629465" lon="6.838308"><ele>195.5</ele></trkpt>
    <trkpt lat="43.629288" lon="6.838042"><ele>193.8</ele></trkpt>
    <trkpt lat="43.629222" lon="6.837895"><ele>192.9</ele></trkpt>
    <trkpt lat="43.629127" lon="6.837519"><ele>191.1</ele></trkpt>
    <trkpt lat="43.629066" lon="6.837357"><ele>190.3</ele></trkpt>
    <trkpt lat="43.628956" lon="6.837187"><ele>189.3</ele></trkpt>
    <trkpt lat="43.628626" lon="6.836747"><ele>186.6</ele></trkpt>
    <trkpt lat="43.628469" lon="6.83662"><ele>185.5</ele></trkpt>
    <trkpt lat="43.628324" lon="6.836552"><ele>184.5</ele></trkpt>
    <trkpt lat="43.627937" lon="6.836432"><ele>181.7</ele></trkpt>
    <trkpt lat="43.627808" lon="6.836346"><ele>180.7</ele></trkpt>
    <trkpt lat="43.627543" lon="6.836087"><ele>178.3</ele></trkpt>
    <trkpt lat="43.627096" lon="6.835569"><ele>174.2</ele></trkpt>
    <trkpt lat="43.62668" lon="6.835051"><ele>170.7</ele></trkpt>
    <trkpt lat="43.626463" lon="6.834712"><ele>168.9</ele></trkpt>
    <trkpt lat="43.626286" lon="6.83442"><ele>167.5</ele></trkpt>
    <trkpt lat="43.62584" lon="6.83372"><ele>164.7</ele></trkpt>
    <trkpt lat="43.625653" lon="6.83337"><ele>163.5</ele></trkpt>
    <trkpt lat="43.625487" lon="6.832573"><ele>160.9</ele></trkpt>
    <trkpt lat="43.625245" lon="6.831955"><ele>158.1</ele></trkpt>
    <trkpt lat="43.625188" lon="6.831565"><ele>156.2</ele></trkpt>
    <trkpt lat="43.625115" lon="6.830781"><ele>152.1</ele></trkpt>
    <trkpt lat="43.625092" lon="6.830475"><ele>150.5</ele></trkpt>
    <trkpt lat="43.624899" lon="6.828496"><ele>139.9</ele></trkpt>
    <trkpt lat="43.62484" lon="6.827442"><ele>134.3</ele></trkpt>
    <trkpt lat="43.624845" lon="6.826936"><ele>131.6</ele></trkpt>
    <trkpt lat="43.624879" lon="6.826726"><ele>130.5</ele></trkpt>
    <trkpt lat="43.625135" lon="6.825857"><ele>125.6</ele></trkpt>
    <trkpt lat="43.625177" lon="6.825636"><ele>124.7</ele></trkpt>
    <trkpt lat="43.625215" lon="6.824957"><ele>122.3</ele></trkpt>
    <trkpt lat="43.625216" lon="6.824933"><ele>122.2</ele></trkpt>
    <trkpt lat="43.625244" lon="6.824768"><ele>121.6</ele></trkpt>
    <trkpt lat="43.625551" lon="6.823731"><ele>118</ele></trkpt>
    <trkpt lat="43.626114" lon="6.822029"><ele>112.9</ele></trkpt>
    <trkpt lat="43.626183" lon="6.821882"><ele>112.4</ele></trkpt>
    <trkpt lat="43.626458" lon="6.821467"><ele>110.9</ele></trkpt>
    <trkpt lat="43.626639" lon="6.820831"><ele>109.2</ele></trkpt>
    <trkpt lat="43.626686" lon="6.820747"><ele>109</ele></trkpt>
    <trkpt lat="43.626997" lon="6.820409"><ele>107.9</ele></trkpt>
    <trkpt lat="43.627142" lon="6.820165"><ele>107.3</ele></trkpt>
    <trkpt lat="43.627346" lon="6.819507"><ele>105.7</ele></trkpt>
    <trkpt lat="43.627556" lon="6.819087"><ele>104.6</ele></trkpt>
    <trkpt lat="43.627626" lon="6.818971"><ele>104.3</ele></trkpt>
    <trkpt lat="43.6281" lon="6.81849"><ele>104.4</ele></trkpt>
    <trkpt lat="43.628209" lon="6.818333"><ele>104.8</ele></trkpt>
    <trkpt lat="43.628248" lon="6.818233"><ele>105.1</ele></trkpt>
    <trkpt lat="43.628262" lon="6.818063"><ele>105.5</ele></trkpt>
    <trkpt lat="43.628224" lon="6.817896"><ele>105.9</ele></trkpt>
    <trkpt lat="43.628018" lon="6.817533"><ele>107.2</ele></trkpt>
    <trkpt lat="43.627891" lon="6.817331"><ele>108</ele></trkpt>
    <trkpt lat="43.627794" lon="6.817277"><ele>108.6</ele></trkpt>
    <trkpt lat="43.627679" lon="6.8173"><ele>109.3</ele></trkpt>
    <trkpt lat="43.627574" lon="6.817408"><ele>110.1</ele></trkpt>
    <trkpt lat="43.627038" lon="6.818112"><ele>116</ele></trkpt>
    <trkpt lat="43.627032" lon="6.818122"><ele>116</ele></trkpt>
    <trkpt lat="43.626976" lon="6.818193"><ele>116.6</ele></trkpt>
    <trkpt lat="43.626544" lon="6.818691"><ele>119.9</ele></trkpt>
    <trkpt lat="43.626237" lon="6.81894"><ele>121.5</ele></trkpt>
    <trkpt lat="43.626023" lon="6.819203"><ele>122.8</ele></trkpt>
    <trkpt lat="43.62594" lon="6.819363"><ele>123.6</ele></trkpt>
    <trkpt lat="43.625643" lon="6.82027"><ele>128.1</ele></trkpt>
    <trkpt lat="43.625484" lon="6.820465"><ele>129</ele></trkpt>
    <trkpt lat="43.625357" lon="6.820539"><ele>129.4</ele></trkpt>
    <trkpt lat="43.624989" lon="6.820812"><ele>130.5</ele></trkpt>
    <trkpt lat="43.624864" lon="6.820959"><ele>131</ele></trkpt>
    <trkpt lat="43.624752" lon="6.821162"><ele>131.8</ele></trkpt>
    <trkpt lat="43.624539" lon="6.82164"><ele>133.7</ele></trkpt>
    <trkpt lat="43.624468" lon="6.821853"><ele>134.2</ele></trkpt>
    <trkpt lat="43.624397" lon="6.821999"><ele>134.3</ele></trkpt>
    <trkpt lat="43.624336" lon="6.82207"><ele>134.4</ele></trkpt>
    <trkpt lat="43.624175" lon="6.822117"><ele>134.4</ele></trkpt>
    <trkpt lat="43.623899" lon="6.822096"><ele>134.4</ele></trkpt>
    <trkpt lat="43.623778" lon="6.822163"><ele>134.4</ele></trkpt>
    <trkpt lat="43.623322" lon="6.822656"><ele>135.6</ele></trkpt>
    <trkpt lat="43.622484" lon="6.823235"><ele>136.2</ele></trkpt>
    <trkpt lat="43.621932" lon="6.82376"><ele>136</ele></trkpt>
    <trkpt lat="43.621582" lon="6.823955"><ele>136</ele></trkpt>
    <trkpt lat="43.621187" lon="6.824122"><ele>136.3</ele></trkpt>
    <trkpt lat="43.620823" lon="6.824184"><ele>137</ele></trkpt>
    <trkpt lat="43.620432" lon="6.824177"><ele>138.1</ele></trkpt>
    <trkpt lat="43.620253" lon="6.824124"><ele>138.7</ele></trkpt>
    <trkpt lat="43.619825" lon="6.823878"><ele>140.7</ele></trkpt>
    <trkpt lat="43.619692" lon="6.823842"><ele>141.3</ele></trkpt>
    <trkpt lat="43.619181" lon="6.823801"><ele>144</ele></trkpt>
    <trkpt lat="43.619073" lon="6.823761"><ele>144.7</ele></trkpt>
    <trkpt lat="43.618728" lon="6.823546"><ele>146.9</ele></trkpt>
    <trkpt lat="43.618189" lon="6.823148"><ele>150.9</ele></trkpt>
    <trkpt lat="43.617594" lon="6.822526"><ele>156</ele></trkpt>
    <trkpt lat="43.617305" lon="6.822414"><ele>158.1</ele></trkpt>
    <trkpt lat="43.617126" lon="6.822385"><ele>159.3</ele></trkpt>
    <trkpt lat="43.616838" lon="6.822267"><ele>161.3</ele></trkpt>
    <trkpt lat="43.616227" lon="6.821651"><ele>165.1</ele></trkpt>
    <trkpt lat="43.616112" lon="6.82155"><ele>165.7</ele></trkpt>
    <trkpt lat="43.615969" lon="6.821488"><ele>166.3</ele></trkpt>
    <trkpt lat="43.614712" lon="6.821039"><ele>170.1</ele></trkpt>
    <trkpt lat="43.614302" lon="6.820919"><ele>171.5</ele></trkpt>
    <trkpt lat="43.61404" lon="6.820764"><ele>172.6</ele></trkpt>
    <trkpt lat="43.613673" lon="6.820282"><ele>174.9</ele></trkpt>
    <trkpt lat="43.613181" lon="6.8198"><ele>177.5</ele></trkpt>
    <trkpt lat="43.612876" lon="6.81949"><ele>178.7</ele></trkpt>
    <trkpt lat="43.612742" lon="6.819314"><ele>179.3</ele></trkpt>
    <trkpt lat="43.612511" lon="6.818927"><ele>180.3</ele></trkpt>
    <trkpt lat="43.612433" lon="6.818771"><ele>180.7</ele></trkpt>
    <trkpt lat="43.612325" lon="6.818515"><ele>181.4</ele></trkpt>
    <trkpt lat="43.612166" lon="6.817994"><ele>182.9</ele></trkpt>
    <trkpt lat="43.61211" lon="6.817714"><ele>183.7</ele></trkpt>
    <trkpt lat="43.61208" lon="6.817545"><ele>184.2</ele></trkpt>
    <trkpt lat="43.611983" lon="6.816887"><ele>186.4</ele></trkpt>
    <trkpt lat="43.611934" lon="6.816578"><ele>187.7</ele></trkpt>
    <trkpt lat="43.611812" lon="6.816113"><ele>189.7</ele></trkpt>
    <trkpt lat="43.61165" lon="6.815728"><ele>191.2</ele></trkpt>
    <trkpt lat="43.611489" lon="6.815461"><ele>192.3</ele></trkpt>
    <trkpt lat="43.61138" lon="6.81531"><ele>192.9</ele></trkpt>
    <trkpt lat="43.611014" lon="6.814926"><ele>194.8</ele></trkpt>
    <trkpt lat="43.609679" lon="6.813643"><ele>199.9</ele></trkpt>
    <trkpt lat="43.609426" lon="6.813318"><ele>201</ele></trkpt>
    <trkpt lat="43.609228" lon="6.812962"><ele>202.2</ele></trkpt>
    <trkpt lat="43.609133" lon="6.812613"><ele>203.5</ele></trkpt>
    <trkpt lat="43.609126" lon="6.812397"><ele>204.4</ele></trkpt>
    <trkpt lat="43.609197" lon="6.811872"><ele>206.8</ele></trkpt>
    <trkpt lat="43.60919" lon="6.811434"><ele>209.2</ele></trkpt>
    <trkpt lat="43.60915" lon="6.811173"><ele>210.8</ele></trkpt>
    <trkpt lat="43.60909" lon="6.810957"><ele>212.1</ele></trkpt>
    <trkpt lat="43.608913" lon="6.810577"><ele>214.6</ele></trkpt>
    <trkpt lat="43.608793" lon="6.810428"><ele>215.8</ele></trkpt>
    <trkpt lat="43.608482" lon="6.810199"><ele>218</ele></trkpt>
    <trkpt lat="43.607561" lon="6.809809"><ele>221.8</ele></trkpt>
    <trkpt lat="43.607275" lon="6.809634"><ele>222.7</ele></trkpt>
    <trkpt lat="43.606911" lon="6.809352"><ele>224.1</ele></trkpt>
    <trkpt lat="43.606517" lon="6.808978"><ele>226.1</ele></trkpt>
    <trkpt lat="43.606309" lon="6.808713"><ele>227.5</ele></trkpt>
    <trkpt lat="43.606026" lon="6.808208"><ele>230.1</ele></trkpt>
    <trkpt lat="43.605753" lon="6.807862"><ele>231.9</ele></trkpt>
    <trkpt lat="43.605432" lon="6.807566"><ele>233.5</ele></trkpt>
    <trkpt lat="43.605228" lon="6.807446"><ele>234.3</ele></trkpt>
    <trkpt lat="43.604814" lon="6.807278"><ele>235.4</ele></trkpt>
    <trkpt lat="43.603455" lon="6.806757"><ele>238.1</ele></trkpt>
    <trkpt lat="43.603159" lon="6.806551"><ele>239.2</ele></trkpt>
    <trkpt lat="43.602779" lon="6.806107"><ele>241.1</ele></trkpt>
    <trkpt lat="43.602507" lon="6.805853"><ele>242.4</ele></trkpt>
    <trkpt lat="43.601863" lon="6.805466"><ele>244.5</ele></trkpt>
    <trkpt lat="43.601694" lon="6.805333"><ele>244.8</ele></trkpt>
    <trkpt lat="43.600884" lon="6.8045"><ele>246.1</ele></trkpt>
    <trkpt lat="43.60043" lon="6.803849"><ele>247.5</ele></trkpt>
    <trkpt lat="43.599936" lon="6.802974"><ele>250</ele></trkpt>
    <trkpt lat="43.599515" lon="6.802491"><ele>251.3</ele></trkpt>
    <trkpt lat="43.598819" lon="6.801829"><ele>251.8</ele></trkpt>
    <trkpt lat="43.598602" lon="6.80151"><ele>251.6</ele></trkpt>
    <trkpt lat="43.597796" lon="6.800171"><ele>250.7</ele></trkpt>
    <trkpt lat="43.59769" lon="6.79996"><ele>250.6</ele></trkpt>
    <trkpt lat="43.597365" lon="6.79902"><ele>250.5</ele></trkpt>
    <trkpt lat="43.59697" lon="6.797894"><ele>250.9</ele></trkpt>
    <trkpt lat="43.596877" lon="6.797625"><ele>251.1</ele></trkpt>
    <trkpt lat="43.596566" lon="6.796736"><ele>250.4</ele></trkpt>
    <trkpt lat="43.596527" lon="6.796585"><ele>250.1</ele></trkpt>
    <trkpt lat="43.5965" lon="6.796245"><ele>249.1</ele></trkpt>
    <trkpt lat="43.596524" lon="6.795827"><ele>247.4</ele></trkpt>
    <trkpt lat="43.59663" lon="6.79529"><ele>244.6</ele></trkpt>
    <trkpt lat="43.59674" lon="6.794952"><ele>242.7</ele></trkpt>
    <trkpt lat="43.596981" lon="6.79443"><ele>239.4</ele></trkpt>
    <trkpt lat="43.597086" lon="6.794069"><ele>237.4</ele></trkpt>
    <trkpt lat="43.597164" lon="6.793533"><ele>235</ele></trkpt>
    <trkpt lat="43.597143" lon="6.791554"><ele>229.3</ele></trkpt>
    <trkpt lat="43.59718" lon="6.791282"><ele>228.7</ele></trkpt>
    <trkpt lat="43.597253" lon="6.791044"><ele>228.2</ele></trkpt>
    <trkpt lat="43.597477" lon="6.790266"><ele>226.6</ele></trkpt>
    <trkpt lat="43.597523" lon="6.7901"><ele>226.3</ele></trkpt>
    <trkpt lat="43.597544" lon="6.790027"><ele>226.1</ele></trkpt>
    <trkpt lat="43.597614" lon="6.789829"><ele>225.7</ele></trkpt>
    <trkpt lat="43.597818" lon="6.789327"><ele>224.3</ele></trkpt>
    <trkpt lat="43.598217" lon="6.788597"><ele>220.5</ele></trkpt>
    <trkpt lat="43.598399" lon="6.788184"><ele>217.7</ele></trkpt>
    <trkpt lat="43.5986" lon="6.787586"><ele>213.3</ele></trkpt>
    <trkpt lat="43.599033" lon="6.786471"><ele>204.9</ele></trkpt>
    <trkpt lat="43.599122" lon="6.786346"><ele>203.8</ele></trkpt>
    <trkpt lat="43.599258" lon="6.786313"><ele>202.7</ele></trkpt>
    <trkpt lat="43.599333" lon="6.786239"><ele>202</ele></trkpt>
    <trkpt lat="43.599404" lon="6.786058"><ele>200.9</ele></trkpt>
    <trkpt lat="43.599405" lon="6.785916"><ele>200.2</ele></trkpt>
    <trkpt lat="43.599335" lon="6.785729"><ele>199.2</ele></trkpt>
    <trkpt lat="43.59935" lon="6.78557"><ele>198.6</ele></trkpt>
    <trkpt lat="43.599494" lon="6.785056"><ele>196.6</ele></trkpt>
    <trkpt lat="43.601566" lon="6.779554"><ele>182.1</ele></trkpt>
    <trkpt lat="43.601768" lon="6.779018"><ele>181</ele></trkpt>
    <trkpt lat="43.601949" lon="6.778752"><ele>180.6</ele></trkpt>
    <trkpt lat="43.602033" lon="6.77873"><ele>180.5</ele></trkpt>
    <trkpt lat="43.6021" lon="6.778656"><ele>180.4</ele></trkpt>
    <trkpt lat="43.602133" lon="6.778551"><ele>180.4</ele></trkpt>
    <trkpt lat="43.602127" lon="6.778436"><ele>180.3</ele></trkpt>
    <trkpt lat="43.60209" lon="6.778348"><ele>180.3</ele></trkpt>
    <trkpt lat="43.602153" lon="6.777923"><ele>180.3</ele></trkpt>
    <trkpt lat="43.602553" lon="6.776804"><ele>180.9</ele></trkpt>
    <trkpt lat="43.602752" lon="6.776235"><ele>181.5</ele></trkpt>
    <trkpt lat="43.602982" lon="6.775587"><ele>181.7</ele></trkpt>
    <trkpt lat="43.603005" lon="6.775519"><ele>181.7</ele></trkpt>
    <trkpt lat="43.60319" lon="6.775008"><ele>181.5</ele></trkpt>
    <trkpt lat="43.603788" lon="6.773322"><ele>179.8</ele></trkpt>
    <trkpt lat="43.604408" lon="6.771553"><ele>177.5</ele></trkpt>
    <trkpt lat="43.604572" lon="6.77111"><ele>177</ele></trkpt>
    <trkpt lat="43.6049" lon="6.770418"><ele>176.3</ele></trkpt>
    <trkpt lat="43.6049" lon="6.770418"><ele>176.3</ele></trkpt>
    <trkpt lat="43.604979" lon="6.769744"><ele>176</ele></trkpt>
    <trkpt lat="43.604979" lon="6.769744"><ele>176</ele></trkpt>
    <trkpt lat="43.605235" lon="6.769124"><ele>176.1</ele></trkpt>
    <trkpt lat="43.605348" lon="6.768693"><ele>176.2</ele></trkpt>
    <trkpt lat="43.605552" lon="6.768057"><ele>176.6</ele></trkpt>
    <trkpt lat="43.605687" lon="6.767493"><ele>177</ele></trkpt>
    <trkpt lat="43.605733" lon="6.767135"><ele>177.4</ele></trkpt>
    <trkpt lat="43.605785" lon="6.766359"><ele>178.2</ele></trkpt>
    <trkpt lat="43.605785" lon="6.766083"><ele>178.5</ele></trkpt>
    <trkpt lat="43.605781" lon="6.765794"><ele>178.8</ele></trkpt>
    <trkpt lat="43.605774" lon="6.765151"><ele>179.2</ele></trkpt>
    <trkpt lat="43.605718" lon="6.76413"><ele>179.2</ele></trkpt>
    <trkpt lat="43.605711" lon="6.763849"><ele>179</ele></trkpt>
    <trkpt lat="43.605707" lon="6.763701"><ele>178.9</ele></trkpt>
    <trkpt lat="43.605745" lon="6.763193"><ele>178.6</ele></trkpt>
    <trkpt lat="43.605759" lon="6.762524"><ele>178.4</ele></trkpt>
    <trkpt lat="43.605798" lon="6.762229"><ele>178.4</ele></trkpt>
    <trkpt lat="43.60582" lon="6.762198"><ele>178.4</ele></trkpt>
    <trkpt lat="43.60582" lon="6.762065"><ele>178.4</ele></trkpt>
    <trkpt lat="43.605799" lon="6.762036"><ele>178.4</ele></trkpt>
    <trkpt lat="43.605704" lon="6.761513"><ele>178.3</ele></trkpt>
    <trkpt lat="43.605627" lon="6.76081"><ele>178.3</ele></trkpt>
    <trkpt lat="43.605558" lon="6.759941"><ele>178.6</ele></trkpt>
    <trkpt lat="43.605541" lon="6.759746"><ele>178.7</ele></trkpt>
    <trkpt lat="43.605507" lon="6.759195"><ele>179</ele></trkpt>
    <trkpt lat="43.6055" lon="6.758621"><ele>179.3</ele></trkpt>
    <trkpt lat="43.605501" lon="6.757904"><ele>179.9</ele></trkpt>
    <trkpt lat="43.60564" lon="6.757022"><ele>180.7</ele></trkpt>
    <trkpt lat="43.605699" lon="6.756545"><ele>181.2</ele></trkpt>
    <trkpt lat="43.605714" lon="6.755851"><ele>181.7</ele></trkpt>
    <trkpt lat="43.605753" lon="6.7556"><ele>181.9</ele></trkpt>
    <trkpt lat="43.605804" lon="6.75542"><ele>182</ele></trkpt>
    <trkpt lat="43.605833" lon="6.755394"><ele>182.1</ele></trkpt>
    <trkpt lat="43.605886" lon="6.755276"><ele>182.2</ele></trkpt>
    <trkpt lat="43.60589" lon="6.755205"><ele>182.2</ele></trkpt>
    <trkpt lat="43.60588" lon="6.755145"><ele>182.3</ele></trkpt>
    <trkpt lat="43.605838" lon="6.755062"><ele>182.4</ele></trkpt>
    <trkpt lat="43.605821" lon="6.754905"><ele>182.5</ele></trkpt>
    <trkpt lat="43.605846" lon="6.754595"><ele>182.8</ele></trkpt>
    <trkpt lat="43.606071" lon="6.752871"><ele>184.3</ele></trkpt>
    <trkpt lat="43.606487" lon="6.750751"><ele>186</ele></trkpt>
    <trkpt lat="43.606499" lon="6.750687"><ele>186.1</ele></trkpt>
    <trkpt lat="43.606519" lon="6.750579"><ele>186.2</ele></trkpt>
    <trkpt lat="43.606656" lon="6.749927"><ele>186.9</ele></trkpt>
    <trkpt lat="43.606819" lon="6.749372"><ele>187.6</ele></trkpt>
    <trkpt lat="43.60686" lon="6.749233"><ele>187.8</ele></trkpt>
    <trkpt lat="43.607014" lon="6.748711"><ele>188.4</ele></trkpt>
    <trkpt lat="43.607061" lon="6.748532"><ele>188.6</ele></trkpt>
    <trkpt lat="43.607081" lon="6.748459"><ele>188.7</ele></trkpt>
    <trkpt lat="43.607117" lon="6.748322"><ele>188.9</ele></trkpt>
    <trkpt lat="43.607342" lon="6.747471"><ele>189.7</ele></trkpt>
    <trkpt lat="43.607394" lon="6.747271"><ele>189.9</ele></trkpt>
    <trkpt lat="43.607472" lon="6.746976"><ele>190.1</ele></trkpt>
    <trkpt lat="43.607562" lon="6.746623"><ele>190.4</ele></trkpt>
    <trkpt lat="43.607675" lon="6.745987"><ele>190.7</ele></trkpt>
    <trkpt lat="43.607682" lon="6.745935"><ele>190.8</ele></trkpt>
    <trkpt lat="43.607736" lon="6.745439"><ele>191</ele></trkpt>
    <trkpt lat="43.607836" lon="6.743963"><ele>192</ele></trkpt>
    <trkpt lat="43.607853" lon="6.743815"><ele>192.1</ele></trkpt>
    <trkpt lat="43.608006" lon="6.743021"><ele>192.9</ele></trkpt>
    <trkpt lat="43.608065" lon="6.742875"><ele>193.1</ele></trkpt>
    <trkpt lat="43.608131" lon="6.742836"><ele>193.3</ele></trkpt>
    <trkpt lat="43.608182" lon="6.742766"><ele>193.4</ele></trkpt>
    <trkpt lat="43.608216" lon="6.74263"><ele>193.6</ele></trkpt>
    <trkpt lat="43.608192" lon="6.742491"><ele>193.8</ele></trkpt>
    <trkpt lat="43.608119" lon="6.742388"><ele>194</ele></trkpt>
    <trkpt lat="43.60809" lon="6.742209"><ele>194.2</ele></trkpt>
    <trkpt lat="43.608092" lon="6.742044"><ele>194.5</ele></trkpt>
    <trkpt lat="43.608182" lon="6.741303"><ele>195.5</ele></trkpt>
    <trkpt lat="43.608333" lon="6.740733"><ele>196.5</ele></trkpt>
    <trkpt lat="43.609446" lon="6.735948"><ele>205.4</ele></trkpt>
    <trkpt lat="43.610043" lon="6.733331"><ele>213.1</ele></trkpt>
    <trkpt lat="43.610073" lon="6.733211"><ele>213.4</ele></trkpt>
    <trkpt lat="43.610073" lon="6.733211"><ele>213.3</ele></trkpt>
    <trkpt lat="43.610073" lon="6.733211"><ele>213.3</ele></trkpt>
    <trkpt lat="43.610135" lon="6.732384"><ele>214.4</ele></trkpt>
    <trkpt lat="43.610135" lon="6.732384"><ele>214.4</ele></trkpt>
    <trkpt lat="43.610094" lon="6.731554"><ele>214.8</ele></trkpt>
    <trkpt lat="43.610094" lon="6.731554"><ele>214.8</ele></trkpt>
    <trkpt lat="43.61015" lon="6.730949"><ele>215.4</ele></trkpt>
    <trkpt lat="43.610278" lon="6.730191"><ele>216.4</ele></trkpt>
    <trkpt lat="43.610438" lon="6.728547"><ele>219.2</ele></trkpt>
    <trkpt lat="43.610579" lon="6.727163"><ele>219.8</ele></trkpt>
    <trkpt lat="43.610637" lon="6.726178"><ele>218.9</ele></trkpt>
    <trkpt lat="43.610634" lon="6.725879"><ele>218.5</ele></trkpt>
    <trkpt lat="43.610602" lon="6.725561"><ele>218.1</ele></trkpt>
    <trkpt lat="43.610427" lon="6.724668"><ele>216.8</ele></trkpt>
    <trkpt lat="43.610343" lon="6.723641"><ele>215.7</ele></trkpt>
    <trkpt lat="43.61028" lon="6.722611"><ele>214.8</ele></trkpt>
    <trkpt lat="43.610177" lon="6.721899"><ele>214.1</ele></trkpt>
    <trkpt lat="43.610016" lon="6.720535"><ele>212.4</ele></trkpt>
    <trkpt lat="43.609824" lon="6.718607"><ele>210.5</ele></trkpt>
    <trkpt lat="43.609754" lon="6.718071"><ele>210.2</ele></trkpt>
    <trkpt lat="43.609656" lon="6.717644"><ele>209.9</ele></trkpt>
    <trkpt lat="43.609295" lon="6.716613"><ele>209.7</ele></trkpt>
    <trkpt lat="43.609189" lon="6.716321"><ele>209.7</ele></trkpt>
    <trkpt lat="43.608641" lon="6.714833"><ele>209.9</ele></trkpt>
    <trkpt lat="43.608504" lon="6.714379"><ele>210.2</ele></trkpt>
    <trkpt lat="43.608457" lon="6.714151"><ele>210.3</ele></trkpt>
    <trkpt lat="43.608276" lon="6.712763"><ele>211.1</ele></trkpt>
    <trkpt lat="43.608272" lon="6.712731"><ele>211.2</ele></trkpt>
    <trkpt lat="43.60817" lon="6.711962"><ele>211.6</ele></trkpt>
    <trkpt lat="43.608181" lon="6.711565"><ele>211.8</ele></trkpt>
    <trkpt lat="43.608232" lon="6.711477"><ele>211.9</ele></trkpt>
    <trkpt lat="43.608244" lon="6.711365"><ele>212</ele></trkpt>
    <trkpt lat="43.608187" lon="6.711227"><ele>212.1</ele></trkpt>
    <trkpt lat="43.608128" lon="6.711188"><ele>212.1</ele></trkpt>
    <trkpt lat="43.60802" lon="6.710849"><ele>212.3</ele></trkpt>
    <trkpt lat="43.607842" lon="6.709579"><ele>212.9</ele></trkpt>
    <trkpt lat="43.607805" lon="6.709285"><ele>212.9</ele></trkpt>
    <trkpt lat="43.607571" lon="6.707266"><ele>212.5</ele></trkpt>
    <trkpt lat="43.607338" lon="6.705755"><ele>211.9</ele></trkpt>
    <trkpt lat="43.607268" lon="6.705242"><ele>211.9</ele></trkpt>
    <trkpt lat="43.607179" lon="6.70459"><ele>212.3</ele></trkpt>
    <trkpt lat="43.607141" lon="6.70433"><ele>212.6</ele></trkpt>
    <trkpt lat="43.607041" lon="6.703598"><ele>213.4</ele></trkpt>
    <trkpt lat="43.606946" lon="6.702826"><ele>214.5</ele></trkpt>
    <trkpt lat="43.606844" lon="6.702296"><ele>215.2</ele></trkpt>
    <trkpt lat="43.606771" lon="6.702067"><ele>215.4</ele></trkpt>
    <trkpt lat="43.606601" lon="6.701706"><ele>215.7</ele></trkpt>
    <trkpt lat="43.606333" lon="6.70138"><ele>216</ele></trkpt>
    <trkpt lat="43.60622" lon="6.701288"><ele>216.1</ele></trkpt>
    <trkpt lat="43.605351" lon="6.700866"><ele>216.3</ele></trkpt>
    <trkpt lat="43.603778" lon="6.700146"><ele>217.3</ele></trkpt>
    <trkpt lat="43.603574" lon="6.700044"><ele>217.7</ele></trkpt>
    <trkpt lat="43.603152" lon="6.699886"><ele>218.9</ele></trkpt>
    <trkpt lat="43.602714" lon="6.699766"><ele>220.6</ele></trkpt>
    <trkpt lat="43.601308" lon="6.699415"><ele>228.1</ele></trkpt>
    <trkpt lat="43.599547" lon="6.698975"><ele>237.2</ele></trkpt>
    <trkpt lat="43.599033" lon="6.698847"><ele>239.6</ele></trkpt>
    <trkpt lat="43.598256" lon="6.698649"><ele>242</ele></trkpt>
    <trkpt lat="43.597844" lon="6.698512"><ele>242.5</ele></trkpt>
    <trkpt lat="43.59753" lon="6.698352"><ele>242.6</ele></trkpt>
    <trkpt lat="43.597013" lon="6.697855"><ele>242.5</ele></trkpt>
    <trkpt lat="43.596761" lon="6.697467"><ele>242.5</ele></trkpt>
    <trkpt lat="43.596663" lon="6.697253"><ele>242.5</ele></trkpt>
    <trkpt lat="43.596208" lon="6.69599"><ele>242.6</ele></trkpt>
    <trkpt lat="43.596089" lon="6.695449"><ele>242.6</ele></trkpt>
    <trkpt lat="43.596074" lon="6.695185"><ele>242.6</ele></trkpt>
    <trkpt lat="43.596092" lon="6.694838"><ele>242.6</ele></trkpt>
    <trkpt lat="43.596161" lon="6.694484"><ele>242.5</ele></trkpt>
    <trkpt lat="43.596265" lon="6.69413"><ele>242.5</ele></trkpt>
    <trkpt lat="43.596672" lon="6.693211"><ele>242.6</ele></trkpt>
    <trkpt lat="43.597013" lon="6.692409"><ele>243.2</ele></trkpt>
    <trkpt lat="43.597159" lon="6.691755"><ele>243.7</ele></trkpt>
    <trkpt lat="43.597203" lon="6.69146"><ele>244</ele></trkpt>
    <trkpt lat="43.597203" lon="6.69145"><ele>244</ele></trkpt>
    <trkpt lat="43.597192" lon="6.690995"><ele>244.5</ele></trkpt>
    <trkpt lat="43.597192" lon="6.690674"><ele>244.9</ele></trkpt>
    <trkpt lat="43.597229" lon="6.690534"><ele>245</ele></trkpt>
    <trkpt lat="43.597221" lon="6.690468"><ele>245.1</ele></trkpt>
    <trkpt lat="43.597163" lon="6.690362"><ele>245.2</ele></trkpt>
    <trkpt lat="43.597107" lon="6.69033"><ele>245.4</ele></trkpt>
    <trkpt lat="43.596833" lon="6.689838"><ele>246.6</ele></trkpt>
    <trkpt lat="43.596596" lon="6.689587"><ele>247.6</ele></trkpt>
    <trkpt lat="43.596441" lon="6.689465"><ele>248.3</ele></trkpt>
    <trkpt lat="43.596136" lon="6.6893"><ele>249.6</ele></trkpt>
    <trkpt lat="43.595986" lon="6.689274"><ele>250.2</ele></trkpt>
    <trkpt lat="43.594929" lon="6.689332"><ele>255</ele></trkpt>
    <trkpt lat="43.59466" lon="6.689294"><ele>256</ele></trkpt>
    <trkpt lat="43.594444" lon="6.689173"><ele>256.9</ele></trkpt>
    <trkpt lat="43.593967" lon="6.688715"><ele>258.9</ele></trkpt>
    <trkpt lat="43.593812" lon="6.688518"><ele>259.6</ele></trkpt>
    <trkpt lat="43.593691" lon="6.688289"><ele>260.3</ele></trkpt>
    <trkpt lat="43.593621" lon="6.688052"><ele>261</ele></trkpt>
    <trkpt lat="43.593618" lon="6.687688"><ele>262.1</ele></trkpt>
    <trkpt lat="43.593688" lon="6.68731"><ele>263.3</ele></trkpt>
    <trkpt lat="43.593848" lon="6.686814"><ele>265.5</ele></trkpt>
    <trkpt lat="43.593873" lon="6.686733"><ele>265.9</ele></trkpt>
    <trkpt lat="43.594016" lon="6.68626"><ele>268.3</ele></trkpt>
    <trkpt lat="43.5943" lon="6.68536"><ele>273.4</ele></trkpt>
    <trkpt lat="43.594649" lon="6.684263"><ele>278.9</ele></trkpt>
    <trkpt lat="43.594702" lon="6.68393"><ele>280.2</ele></trkpt>
    <trkpt lat="43.594708" lon="6.683712"><ele>281</ele></trkpt>
    <trkpt lat="43.594685" lon="6.683474"><ele>281.8</ele></trkpt>
    <trkpt lat="43.594658" lon="6.683319"><ele>282.4</ele></trkpt>
    <trkpt lat="43.594603" lon="6.683185"><ele>283</ele></trkpt>
    <trkpt lat="43.594538" lon="6.683093"><ele>283.4</ele></trkpt>
    <trkpt lat="43.594367" lon="6.682961"><ele>284.4</ele></trkpt>
    <trkpt lat="43.593115" lon="6.682717"><ele>290.2</ele></trkpt>
    <trkpt lat="43.592954" lon="6.682664"><ele>290.9</ele></trkpt>
    <trkpt lat="43.592491" lon="6.68251"><ele>293.1</ele></trkpt>
    <trkpt lat="43.590631" lon="6.681701"><ele>301.1</ele></trkpt>
    <trkpt lat="43.590623" lon="6.681698"><ele>301.2</ele></trkpt>
    <trkpt lat="43.589363" lon="6.681153"><ele>302.1</ele></trkpt>
    <trkpt lat="43.589214" lon="6.681032"><ele>301.9</ele></trkpt>
    <trkpt lat="43.589125" lon="6.680914"><ele>301.7</ele></trkpt>
    <trkpt lat="43.589057" lon="6.680768"><ele>301.4</ele></trkpt>
    <trkpt lat="43.589011" lon="6.680625"><ele>301.2</ele></trkpt>
    <trkpt lat="43.588984" lon="6.680317"><ele>300.7</ele></trkpt>
    <trkpt lat="43.589043" lon="6.679943"><ele>300</ele></trkpt>
    <trkpt lat="43.589121" lon="6.679754"><ele>299.5</ele></trkpt>
    <trkpt lat="43.589623" lon="6.678903"><ele>296.8</ele></trkpt>
    <trkpt lat="43.590121" lon="6.678058"><ele>294.2</ele></trkpt>
    <trkpt lat="43.59019" lon="6.677893"><ele>293.8</ele></trkpt>
    <trkpt lat="43.590249" lon="6.677669"><ele>293.4</ele></trkpt>
    <trkpt lat="43.590269" lon="6.677441"><ele>293</ele></trkpt>
    <trkpt lat="43.590263" lon="6.677245"><ele>292.6</ele></trkpt>
    <trkpt lat="43.590197" lon="6.676946"><ele>292.2</ele></trkpt>
    <trkpt lat="43.590091" lon="6.676732"><ele>291.8</ele></trkpt>
    <trkpt lat="43.58998" lon="6.676606"><ele>291.6</ele></trkpt>
    <trkpt lat="43.589875" lon="6.676533"><ele>291.4</ele></trkpt>
    <trkpt lat="43.589403" lon="6.676397"><ele>290.8</ele></trkpt>
    <trkpt lat="43.588726" lon="6.676199"><ele>289.9</ele></trkpt>
    <trkpt lat="43.587843" lon="6.67602"><ele>288.4</ele></trkpt>
    <trkpt lat="43.58765" lon="6.675932"><ele>288</ele></trkpt>
    <trkpt lat="43.587467" lon="6.67576"><ele>287.7</ele></trkpt>
    <trkpt lat="43.587337" lon="6.675488"><ele>287.3</ele></trkpt>
    <trkpt lat="43.586815" lon="6.673245"><ele>285.2</ele></trkpt>
    <trkpt lat="43.586784" lon="6.672887"><ele>284.8</ele></trkpt>
    <trkpt lat="43.586836" lon="6.672464"><ele>284.2</ele></trkpt>
    <trkpt lat="43.586903" lon="6.672252"><ele>283.9</ele></trkpt>
    <trkpt lat="43.587622" lon="6.670587"><ele>281.1</ele></trkpt>
    <trkpt lat="43.587712" lon="6.670291"><ele>281</ele></trkpt>
    <trkpt lat="43.587741" lon="6.669991"><ele>281</ele></trkpt>
    <trkpt lat="43.587711" lon="6.669741"><ele>280.9</ele></trkpt>
    <trkpt lat="43.587639" lon="6.669568"><ele>280.9</ele></trkpt>
    <trkpt lat="43.587535" lon="6.669457"><ele>280.9</ele></trkpt>
    <trkpt lat="43.587409" lon="6.669396"><ele>280.9</ele></trkpt>
    <trkpt lat="43.587229" lon="6.669425"><ele>280.8</ele></trkpt>
    <trkpt lat="43.58706" lon="6.669519"><ele>280.6</ele></trkpt>
    <trkpt lat="43.586885" lon="6.669683"><ele>280.4</ele></trkpt>
    <trkpt lat="43.586557" lon="6.67007"><ele>279.6</ele></trkpt>
    <trkpt lat="43.586404" lon="6.670201"><ele>279.3</ele></trkpt>
    <trkpt lat="43.58614" lon="6.670275"><ele>278.6</ele></trkpt>
    <trkpt lat="43.585833" lon="6.670197"><ele>277.8</ele></trkpt>
    <trkpt lat="43.585617" lon="6.670061"><ele>277.1</ele></trkpt>
    <trkpt lat="43.585137" lon="6.669667"><ele>275.6</ele></trkpt>
    <trkpt lat="43.584939" lon="6.669537"><ele>275.1</ele></trkpt>
    <trkpt lat="43.584795" lon="6.669464"><ele>274.8</ele></trkpt>
    <trkpt lat="43.584214" lon="6.669271"><ele>274</ele></trkpt>
    <trkpt lat="43.58384" lon="6.669068"><ele>273.6</ele></trkpt>
    <trkpt lat="43.583725" lon="6.66896"><ele>273.5</ele></trkpt>
    <trkpt lat="43.583652" lon="6.668851"><ele>273.5</ele></trkpt>
    <trkpt lat="43.583556" lon="6.668559"><ele>273.6</ele></trkpt>
    <trkpt lat="43.583175" lon="6.666367"><ele>274.6</ele></trkpt>
    <trkpt lat="43.583209" lon="6.665822"><ele>273.9</ele></trkpt>
    <trkpt lat="43.583345" lon="6.665406"><ele>272.9</ele></trkpt>
    <trkpt lat="43.58345" lon="6.665215"><ele>272.2</ele></trkpt>
    <trkpt lat="43.583644" lon="6.664974"><ele>271</ele></trkpt>
    <trkpt lat="43.584197" lon="6.664441"><ele>267.4</ele></trkpt>
    <trkpt lat="43.584311" lon="6.664289"><ele>266.5</ele></trkpt>
    <trkpt lat="43.584406" lon="6.664097"><ele>265.4</ele></trkpt>
    <trkpt lat="43.58451" lon="6.663713"><ele>263.6</ele></trkpt>
    <trkpt lat="43.584651" lon="6.662009"><ele>256.8</ele></trkpt>
    <trkpt lat="43.584739" lon="6.661549"><ele>255.4</ele></trkpt>
    <trkpt lat="43.584894" lon="6.661248"><ele>254.4</ele></trkpt>
    <trkpt lat="43.585352" lon="6.660638"><ele>251.8</ele></trkpt>
    <trkpt lat="43.585366" lon="6.660517"><ele>251.4</ele></trkpt>
    <trkpt lat="43.585317" lon="6.660346"><ele>250.7</ele></trkpt>
    <trkpt lat="43.585217" lon="6.660211"><ele>250</ele></trkpt>
    <trkpt lat="43.584745" lon="6.659878"><ele>246.9</ele></trkpt>
    <trkpt lat="43.584623" lon="6.659727"><ele>245.8</ele></trkpt>
    <trkpt lat="43.584557" lon="6.659553"><ele>245</ele></trkpt>
    <trkpt lat="43.584525" lon="6.65935"><ele>244.1</ele></trkpt>
    <trkpt lat="43.584512" lon="6.659159"><ele>243.3</ele></trkpt>
    <trkpt lat="43.584538" lon="6.658949"><ele>242.5</ele></trkpt>
    <trkpt lat="43.584589" lon="6.658784"><ele>241.8</ele></trkpt>
    <trkpt lat="43.584719" lon="6.658581"><ele>241</ele></trkpt>
    <trkpt lat="43.584916" lon="6.658386"><ele>240.2</ele></trkpt>
    <trkpt lat="43.585095" lon="6.658044"><ele>239.5</ele></trkpt>
    <trkpt lat="43.585289" lon="6.657547"><ele>239</ele></trkpt>
    <trkpt lat="43.585353" lon="6.657125"><ele>238.8</ele></trkpt>
    <trkpt lat="43.585354" lon="6.656406"><ele>238.5</ele></trkpt>
    <trkpt lat="43.585356" lon="6.65457"><ele>237.7</ele></trkpt>
    <trkpt lat="43.585398" lon="6.652219"><ele>237.6</ele></trkpt>
    <trkpt lat="43.585316" lon="6.65195"><ele>237.9</ele></trkpt>
    <trkpt lat="43.584958" lon="6.651148"><ele>239.6</ele></trkpt>
    <trkpt lat="43.584876" lon="6.650872"><ele>240.4</ele></trkpt>
    <trkpt lat="43.584845" lon="6.650557"><ele>241.4</ele></trkpt>
    <trkpt lat="43.584875" lon="6.650041"><ele>243.2</ele></trkpt>
    <trkpt lat="43.585054" lon="6.648941"><ele>247.5</ele></trkpt>
    <trkpt lat="43.585096" lon="6.648552"><ele>248.9</ele></trkpt>
    <trkpt lat="43.585082" lon="6.64841"><ele>249.4</ele></trkpt>
    <trkpt lat="43.585003" lon="6.648102"><ele>250.5</ele></trkpt>
    <trkpt lat="43.584821" lon="6.647684"><ele>252.2</ele></trkpt>
    <trkpt lat="43.584787" lon="6.647483"><ele>252.9</ele></trkpt>
    <trkpt lat="43.584784" lon="6.64729"><ele>253.5</ele></trkpt>
    <trkpt lat="43.584898" lon="6.645826"><ele>258</ele></trkpt>
    <trkpt lat="43.58498" lon="6.645452"><ele>259.1</ele></trkpt>
    <trkpt lat="43.585059" lon="6.645234"><ele>259.7</ele></trkpt>
    <trkpt lat="43.585805" lon="6.643643"><ele>263.8</ele></trkpt>
    <trkpt lat="43.586362" lon="6.642504"><ele>264.5</ele></trkpt>
    <trkpt lat="43.586574" lon="6.642138"><ele>263.9</ele></trkpt>
    <trkpt lat="43.587" lon="6.641631"><ele>261.6</ele></trkpt>
    <trkpt lat="43.587184" lon="6.641329"><ele>259.9</ele></trkpt>
    <trkpt lat="43.587247" lon="6.641178"><ele>259</ele></trkpt>
    <trkpt lat="43.587354" lon="6.640755"><ele>256.9</ele></trkpt>
    <trkpt lat="43.587393" lon="6.640432"><ele>255.5</ele></trkpt>
    <trkpt lat="43.587445" lon="6.639999"><ele>253.6</ele></trkpt>
    <trkpt lat="43.587497" lon="6.63977"><ele>252.6</ele></trkpt>
    <trkpt lat="43.587708" lon="6.639142"><ele>249.9</ele></trkpt>
    <trkpt lat="43.587713" lon="6.639119"><ele>249.8</ele></trkpt>
    <trkpt lat="43.587712" lon="6.638888"><ele>248.9</ele></trkpt>
    <trkpt lat="43.587658" lon="6.638717"><ele>248.2</ele></trkpt>
    <trkpt lat="43.5876" lon="6.638632"><ele>247.8</ele></trkpt>
    <trkpt lat="43.587465" lon="6.638521"><ele>247.1</ele></trkpt>
    <trkpt lat="43.587134" lon="6.638483"><ele>245.7</ele></trkpt>
    <trkpt lat="43.586892" lon="6.638363"><ele>244.5</ele></trkpt>
    <trkpt lat="43.586779" lon="6.638246"><ele>243.9</ele></trkpt>
    <trkpt lat="43.586683" lon="6.638095"><ele>243.2</ele></trkpt>
    <trkpt lat="43.586574" lon="6.637795"><ele>241.9</ele></trkpt>
    <trkpt lat="43.586529" lon="6.637425"><ele>240.6</ele></trkpt>
    <trkpt lat="43.586534" lon="6.637219"><ele>239.9</ele></trkpt>
    <trkpt lat="43.586586" lon="6.636867"><ele>238.8</ele></trkpt>
    <trkpt lat="43.586676" lon="6.63656"><ele>237.9</ele></trkpt>
    <trkpt lat="43.586959" lon="6.635938"><ele>236.4</ele></trkpt>
    <trkpt lat="43.587334" lon="6.635049"><ele>235.7</ele></trkpt>
    <trkpt lat="43.587369" lon="6.634836"><ele>236.1</ele></trkpt>
    <trkpt lat="43.587345" lon="6.634634"><ele>236.6</ele></trkpt>
    <trkpt lat="43.587316" lon="6.634558"><ele>236.8</ele></trkpt>
    <trkpt lat="43.587108" lon="6.63421"><ele>238.4</ele></trkpt>
    <trkpt lat="43.587009" lon="6.634079"><ele>239.1</ele></trkpt>
    <trkpt lat="43.586863" lon="6.633971"><ele>239.9</ele></trkpt>
    <trkpt lat="43.586582" lon="6.63387"><ele>241.4</ele></trkpt>
    <trkpt lat="43.586418" lon="6.633858"><ele>242.3</ele></trkpt>
    <trkpt lat="43.586104" lon="6.633938"><ele>244.2</ele></trkpt>
    <trkpt lat="43.585887" lon="6.634082"><ele>245.6</ele></trkpt>
    <trkpt lat="43.58554" lon="6.634433"><ele>247.1</ele></trkpt>
    <trkpt lat="43.584273" lon="6.635679"><ele>248</ele></trkpt>
    <trkpt lat="43.583717" lon="6.636139"><ele>248.3</ele></trkpt>
    <trkpt lat="43.58348" lon="6.636248"><ele>248.8</ele></trkpt>
    <trkpt lat="43.583231" lon="6.636286"><ele>249.4</ele></trkpt>
    <trkpt lat="43.583126" lon="6.636269"><ele>249.7</ele></trkpt>
    <trkpt lat="43.582571" lon="6.635959"><ele>252.2</ele></trkpt>
    <trkpt lat="43.582195" lon="6.635828"><ele>253.9</ele></trkpt>
    <trkpt lat="43.581662" lon="6.635471"><ele>255.6</ele></trkpt>
    <trkpt lat="43.581174" lon="6.63542"><ele>256.2</ele></trkpt>
    <trkpt lat="43.580979" lon="6.635427"><ele>256.4</ele></trkpt>
    <trkpt lat="43.580779" lon="6.63538"><ele>256.7</ele></trkpt>
    <trkpt lat="43.580659" lon="6.635321"><ele>256.9</ele></trkpt>
    <trkpt lat="43.58057" lon="6.63523"><ele>257.1</ele></trkpt>
    <trkpt lat="43.580456" lon="6.635022"><ele>257.5</ele></trkpt>
    <trkpt lat="43.580178" lon="6.63423"><ele>259.5</ele></trkpt>
    <trkpt lat="43.580117" lon="6.633993"><ele>260.3</ele></trkpt>
    <trkpt lat="43.580126" lon="6.633482"><ele>262</ele></trkpt>
    <trkpt lat="43.580249" lon="6.632276"><ele>264</ele></trkpt>
    <trkpt lat="43.580329" lon="6.631343"><ele>264.2</ele></trkpt>
    <trkpt lat="43.58048" lon="6.629522"><ele>264</ele></trkpt>
    <trkpt lat="43.580557" lon="6.628959"><ele>263.8</ele></trkpt>
    <trkpt lat="43.580716" lon="6.628301"><ele>263.5</ele></trkpt>
    <trkpt lat="43.580914" lon="6.627735"><ele>263.3</ele></trkpt>
    <trkpt lat="43.581271" lon="6.627169"><ele>262.8</ele></trkpt>
    <trkpt lat="43.581364" lon="6.626984"><ele>262.7</ele></trkpt>
    <trkpt lat="43.581456" lon="6.626603"><ele>262.7</ele></trkpt>
    <trkpt lat="43.581419" lon="6.626234"><ele>262.8</ele></trkpt>
    <trkpt lat="43.581281" lon="6.625687"><ele>263.4</ele></trkpt>
    <trkpt lat="43.581225" lon="6.625008"><ele>264.7</ele></trkpt>
    <trkpt lat="43.581174" lon="6.624693"><ele>265.5</ele></trkpt>
    <trkpt lat="43.581134" lon="6.624543"><ele>266</ele></trkpt>
    <trkpt lat="43.581032" lon="6.624199"><ele>267.2</ele></trkpt>
    <trkpt lat="43.58067" lon="6.623523"><ele>269.9</ele></trkpt>
    <trkpt lat="43.580585" lon="6.623173"><ele>270.6</ele></trkpt>
    <trkpt lat="43.580497" lon="6.622407"><ele>270.2</ele></trkpt>
    <trkpt lat="43.580398" lon="6.621968"><ele>269.1</ele></trkpt>
    <trkpt lat="43.580329" lon="6.621744"><ele>268.2</ele></trkpt>
    <trkpt lat="43.580144" lon="6.621316"><ele>266</ele></trkpt>
    <trkpt lat="43.579949" lon="6.620997"><ele>264</ele></trkpt>
    <trkpt lat="43.579766" lon="6.620855"><ele>262.5</ele></trkpt>
    <trkpt lat="43.579552" lon="6.620814"><ele>261.1</ele></trkpt>
    <trkpt lat="43.579424" lon="6.620827"><ele>260.3</ele></trkpt>
    <trkpt lat="43.578975" lon="6.621025"><ele>257.6</ele></trkpt>
    <trkpt lat="43.578516" lon="6.621173"><ele>255.2</ele></trkpt>
    <trkpt lat="43.577951" lon="6.621326"><ele>252.4</ele></trkpt>
    <trkpt lat="43.577469" lon="6.621446"><ele>249.7</ele></trkpt>
    <trkpt lat="43.576872" lon="6.621556"><ele>246.3</ele></trkpt>
    <trkpt lat="43.576204" lon="6.6216"><ele>242.8</ele></trkpt>
    <trkpt lat="43.575524" lon="6.621591"><ele>238.8</ele></trkpt>
    <trkpt lat="43.575285" lon="6.621639"><ele>237.3</ele></trkpt>
    <trkpt lat="43.575029" lon="6.621785"><ele>235.8</ele></trkpt>
    <trkpt lat="43.574927" lon="6.621761"><ele>235.2</ele></trkpt>
    <trkpt lat="43.574882" lon="6.621715"><ele>234.9</ele></trkpt>
    <trkpt lat="43.574846" lon="6.621628"><ele>234.5</ele></trkpt>
    <trkpt lat="43.57485" lon="6.621455"><ele>233.9</ele></trkpt>
    <trkpt lat="43.574961" lon="6.621289"><ele>233</ele></trkpt>
    <trkpt lat="43.575242" lon="6.621044"><ele>231.2</ele></trkpt>
    <trkpt lat="43.575624" lon="6.620876"><ele>229</ele></trkpt>
    <trkpt lat="43.575797" lon="6.620762"><ele>227.9</ele></trkpt>
    <trkpt lat="43.576" lon="6.620528"><ele>226.4</ele></trkpt>
    <trkpt lat="43.576174" lon="6.620218"><ele>224.8</ele></trkpt>
    <trkpt lat="43.576436" lon="6.619431"><ele>220.9</ele></trkpt>
    <trkpt lat="43.576955" lon="6.618298"><ele>216</ele></trkpt>
    <trkpt lat="43.577153" lon="6.618072"><ele>215.1</ele></trkpt>
    <trkpt lat="43.577406" lon="6.617901"><ele>214.1</ele></trkpt>
    <trkpt lat="43.57782" lon="6.617644"><ele>212.6</ele></trkpt>
    <trkpt lat="43.577936" lon="6.617606"><ele>212.1</ele></trkpt>
    <trkpt lat="43.578064" lon="6.617589"><ele>211.6</ele></trkpt>
    <trkpt lat="43.578439" lon="6.617652"><ele>209.8</ele></trkpt>
    <trkpt lat="43.578569" lon="6.617557"><ele>209</ele></trkpt>
    <trkpt lat="43.578617" lon="6.617463"><ele>208.5</ele></trkpt>
    <trkpt lat="43.578644" lon="6.617361"><ele>208</ele></trkpt>
    <trkpt lat="43.578627" lon="6.616999"><ele>206.5</ele></trkpt>
    <trkpt lat="43.578643" lon="6.616615"><ele>204.8</ele></trkpt>
    <trkpt lat="43.578718" lon="6.616262"><ele>203.2</ele></trkpt>
    <trkpt lat="43.57904" lon="6.615101"><ele>198.1</ele></trkpt>
    <trkpt lat="43.579207" lon="6.61466"><ele>196.5</ele></trkpt>
    <trkpt lat="43.579638" lon="6.613889"><ele>194.1</ele></trkpt>
    <trkpt lat="43.579749" lon="6.613666"><ele>194.2</ele></trkpt>
    <trkpt lat="43.579789" lon="6.613516"><ele>194.5</ele></trkpt>
    <trkpt lat="43.579809" lon="6.613323"><ele>194.9</ele></trkpt>
    <trkpt lat="43.579796" lon="6.613138"><ele>195.4</ele></trkpt>
    <trkpt lat="43.579668" lon="6.612702"><ele>197.3</ele></trkpt>
    <trkpt lat="43.579546" lon="6.612386"><ele>199.3</ele></trkpt>
    <trkpt lat="43.579475" lon="6.612253"><ele>200.2</ele></trkpt>
    <trkpt lat="43.579391" lon="6.612165"><ele>201.1</ele></trkpt>
    <trkpt lat="43.57922" lon="6.612116"><ele>202.7</ele></trkpt>
    <trkpt lat="43.578745" lon="6.612283"><ele>207.3</ele></trkpt>
    <trkpt lat="43.578461" lon="6.612448"><ele>209.5</ele></trkpt>
    <trkpt lat="43.578149" lon="6.612756"><ele>210.9</ele></trkpt>
    <trkpt lat="43.577733" lon="6.613393"><ele>211.1</ele></trkpt>
    <trkpt lat="43.577251" lon="6.613994"><ele>209.7</ele></trkpt>
    <trkpt lat="43.577055" lon="6.614177"><ele>209.3</ele></trkpt>
    <trkpt lat="43.576772" lon="6.614219"><ele>208.9</ele></trkpt>
    <trkpt lat="43.576495" lon="6.614316"><ele>208.7</ele></trkpt>
    <trkpt lat="43.576309" lon="6.614444"><ele>208.7</ele></trkpt>
    <trkpt lat="43.57615" lon="6.614483"><ele>208.9</ele></trkpt>
    <trkpt lat="43.575337" lon="6.614536"><ele>211</ele></trkpt>
    <trkpt lat="43.574894" lon="6.614728"><ele>213</ele></trkpt>
    <trkpt lat="43.574728" lon="6.614773"><ele>213.9</ele></trkpt>
    <trkpt lat="43.574565" lon="6.614776"><ele>214.7</ele></trkpt>
    <trkpt lat="43.574455" lon="6.614723"><ele>215.2</ele></trkpt>
    <trkpt lat="43.57429" lon="6.614568"><ele>216.1</ele></trkpt>
    <trkpt lat="43.574211" lon="6.614453"><ele>216.7</ele></trkpt>
    <trkpt lat="43.57414" lon="6.614271"><ele>217.4</ele></trkpt>
    <trkpt lat="43.574097" lon="6.614071"><ele>218.1</ele></trkpt>
    <trkpt lat="43.574091" lon="6.613825"><ele>218.9</ele></trkpt>
    <trkpt lat="43.57414" lon="6.613601"><ele>219.7</ele></trkpt>
    <trkpt lat="43.574285" lon="6.613347"><ele>220.8</ele></trkpt>
    <trkpt lat="43.574505" lon="6.613174"><ele>221.9</ele></trkpt>
    <trkpt lat="43.574683" lon="6.613043"><ele>222.7</ele></trkpt>
    <trkpt lat="43.574784" lon="6.612923"><ele>223.2</ele></trkpt>
    <trkpt lat="43.574985" lon="6.612472"><ele>224.7</ele></trkpt>
    <trkpt lat="43.575016" lon="6.61209"><ele>226</ele></trkpt>
    <trkpt lat="43.575077" lon="6.611811"><ele>227</ele></trkpt>
    <trkpt lat="43.575251" lon="6.611368"><ele>228.9</ele></trkpt>
    <trkpt lat="43.575418" lon="6.611158"><ele>230.1</ele></trkpt>
    <trkpt lat="43.576146" lon="6.610592"><ele>234.1</ele></trkpt>
    <trkpt lat="43.576381" lon="6.610301"><ele>235.4</ele></trkpt>
    <trkpt lat="43.57648" lon="6.609883"><ele>236.7</ele></trkpt>
    <trkpt lat="43.576605" lon="6.60872"><ele>239.8</ele></trkpt>
    <trkpt lat="43.576665" lon="6.608357"><ele>240.8</ele></trkpt>
    <trkpt lat="43.576739" lon="6.608035"><ele>241.7</ele></trkpt>
    <trkpt lat="43.577077" lon="6.607161"><ele>244.7</ele></trkpt>
    <trkpt lat="43.577121" lon="6.60695"><ele>245.5</ele></trkpt>
    <trkpt lat="43.577171" lon="6.606394"><ele>247.8</ele></trkpt>
    <trkpt lat="43.577229" lon="6.606156"><ele>249</ele></trkpt>
    <trkpt lat="43.577332" lon="6.60594"><ele>250.3</ele></trkpt>
    <trkpt lat="43.577425" lon="6.605823"><ele>251.2</ele></trkpt>
    <trkpt lat="43.578145" lon="6.605115"><ele>257.2</ele></trkpt>
    <trkpt lat="43.578215" lon="6.604959"><ele>258.1</ele></trkpt>
    <trkpt lat="43.578235" lon="6.604749"><ele>259</ele></trkpt>
    <trkpt lat="43.578198" lon="6.604569"><ele>259.8</ele></trkpt>
    <trkpt lat="43.57816" lon="6.60449"><ele>260.1</ele></trkpt>
    <trkpt lat="43.577737" lon="6.604106"><ele>262.3</ele></trkpt>
    <trkpt lat="43.577523" lon="6.603623"><ele>263.2</ele></trkpt>
    <trkpt lat="43.577332" lon="6.603443"><ele>263.5</ele></trkpt>
    <trkpt lat="43.57723" lon="6.603221"><ele>263.8</ele></trkpt>
    <trkpt lat="43.577111" lon="6.602684"><ele>264.3</ele></trkpt>
    <trkpt lat="43.57701" lon="6.60252"><ele>264.6</ele></trkpt>
    <trkpt lat="43.576685" lon="6.602106"><ele>265.6</ele></trkpt>
    <trkpt lat="43.576622" lon="6.601895"><ele>266.1</ele></trkpt>
    <trkpt lat="43.576603" lon="6.601356"><ele>267.9</ele></trkpt>
    <trkpt lat="43.576628" lon="6.601057"><ele>269.3</ele></trkpt>
    <trkpt lat="43.576668" lon="6.600779"><ele>270.7</ele></trkpt>
    <trkpt lat="43.576731" lon="6.600567"><ele>272</ele></trkpt>
    <trkpt lat="43.577153" lon="6.599548"><ele>280.4</ele></trkpt>
    <trkpt lat="43.577546" lon="6.599023"><ele>286.3</ele></trkpt>
    <trkpt lat="43.577614" lon="6.598844"><ele>287.5</ele></trkpt>
    <trkpt lat="43.577633" lon="6.598741"><ele>288.1</ele></trkpt>
    <trkpt lat="43.577624" lon="6.598468"><ele>289.2</ele></trkpt>
    <trkpt lat="43.577544" lon="6.598131"><ele>290.1</ele></trkpt>
    <trkpt lat="43.577446" lon="6.597988"><ele>290.4</ele></trkpt>
    <trkpt lat="43.577353" lon="6.597943"><ele>290.4</ele></trkpt>
    <trkpt lat="43.577194" lon="6.597967"><ele>290.5</ele></trkpt>
    <trkpt lat="43.576937" lon="6.598101"><ele>290.1</ele></trkpt>
    <trkpt lat="43.576731" lon="6.598095"><ele>289.7</ele></trkpt>
    <trkpt lat="43.576616" lon="6.598042"><ele>289.4</ele></trkpt>
    <trkpt lat="43.57646" lon="6.597867"><ele>288.7</ele></trkpt>
    <trkpt lat="43.576451" lon="6.597853"><ele>288.6</ele></trkpt>
    <trkpt lat="43.57635" lon="6.597583"><ele>287.7</ele></trkpt>
    <trkpt lat="43.576337" lon="6.597396"><ele>287.2</ele></trkpt>
    <trkpt lat="43.576353" lon="6.597214"><ele>286.8</ele></trkpt>
    <trkpt lat="43.576403" lon="6.597038"><ele>286.5</ele></trkpt>
    <trkpt lat="43.576594" lon="6.596711"><ele>286.1</ele></trkpt>
    <trkpt lat="43.576649" lon="6.596436"><ele>286</ele></trkpt>
    <trkpt lat="43.576644" lon="6.596298"><ele>286</ele></trkpt>
    <trkpt lat="43.57645" lon="6.5954"><ele>286.5</ele></trkpt>
    <trkpt lat="43.576429" lon="6.595068"><ele>286.6</ele></trkpt>
    <trkpt lat="43.576429" lon="6.59506"><ele>286.6</ele></trkpt>
    <trkpt lat="43.576441" lon="6.594201"><ele>286.9</ele></trkpt>
    <trkpt lat="43.576374" lon="6.593113"><ele>286.2</ele></trkpt>
    <trkpt lat="43.576356" lon="6.592807"><ele>285.9</ele></trkpt>
    <trkpt lat="43.576377" lon="6.592212"><ele>285.3</ele></trkpt>
    <trkpt lat="43.576528" lon="6.591197"><ele>285</ele></trkpt>
    <trkpt lat="43.576791" lon="6.58985"><ele>286.7</ele></trkpt>
    <trkpt lat="43.577037" lon="6.587645"><ele>290.8</ele></trkpt>
    <trkpt lat="43.577071" lon="6.587344"><ele>291.3</ele></trkpt>
    <trkpt lat="43.577082" lon="6.586876"><ele>292.4</ele></trkpt>
    <trkpt lat="43.577079" lon="6.586797"><ele>292.6</ele></trkpt>
    <trkpt lat="43.577073" lon="6.58668"><ele>292.9</ele></trkpt>
    <trkpt lat="43.577029" lon="6.586385"><ele>293.7</ele></trkpt>
    <trkpt lat="43.576661" lon="6.585103"><ele>298.2</ele></trkpt>
    <trkpt lat="43.57617" lon="6.582589"><ele>307.5</ele></trkpt>
    <trkpt lat="43.576038" lon="6.581619"><ele>311</ele></trkpt>
    <trkpt lat="43.575784" lon="6.579409"><ele>319.3</ele></trkpt>
    <trkpt lat="43.575764" lon="6.578296"><ele>322.6</ele></trkpt>
    <trkpt lat="43.575795" lon="6.578019"><ele>323.2</ele></trkpt>
    <trkpt lat="43.575996" lon="6.577161"><ele>324.5</ele></trkpt>
    <trkpt lat="43.576087" lon="6.576793"><ele>324.8</ele></trkpt>
    <trkpt lat="43.576132" lon="6.576454"><ele>324.8</ele></trkpt>
    <trkpt lat="43.576158" lon="6.575812"><ele>324</ele></trkpt>
    <trkpt lat="43.576146" lon="6.575491"><ele>323.2</ele></trkpt>
    <trkpt lat="43.576056" lon="6.572955"><ele>312.1</ele></trkpt>
    <trkpt lat="43.576012" lon="6.57223"><ele>308.3</ele></trkpt>
    <trkpt lat="43.575926" lon="6.57176"><ele>305.9</ele></trkpt>
    <trkpt lat="43.57577" lon="6.571116"><ele>302.8</ele></trkpt>
    <trkpt lat="43.575506" lon="6.570481"><ele>300.1</ele></trkpt>
    <trkpt lat="43.574769" lon="6.568894"><ele>296.2</ele></trkpt>
    <trkpt lat="43.574603" lon="6.568481"><ele>295.4</ele></trkpt>
    <trkpt lat="43.574573" lon="6.568303"><ele>295.1</ele></trkpt>
    <trkpt lat="43.574553" lon="6.568124"><ele>294.7</ele></trkpt>
    <trkpt lat="43.574597" lon="6.567697"><ele>293.9</ele></trkpt>
    <trkpt lat="43.574644" lon="6.567371"><ele>293.1</ele></trkpt>
    <trkpt lat="43.574709" lon="6.567007"><ele>292.3</ele></trkpt>
    <trkpt lat="43.574716" lon="6.566684"><ele>291.6</ele></trkpt>
    <trkpt lat="43.574614" lon="6.566204"><ele>290.6</ele></trkpt>
    <trkpt lat="43.574276" lon="6.564962"><ele>288.1</ele></trkpt>
    <trkpt lat="43.573971" lon="6.563505"><ele>283.8</ele></trkpt>
    <trkpt lat="43.573892" lon="6.563233"><ele>282.5</ele></trkpt>
    <trkpt lat="43.573731" lon="6.562878"><ele>280.6</ele></trkpt>
    <trkpt lat="43.573396" lon="6.562246"><ele>276.9</ele></trkpt>
    <trkpt lat="43.573044" lon="6.561643"><ele>273.8</ele></trkpt>
    <trkpt lat="43.573076" lon="6.56157"><ele>273.5</ele></trkpt>
    <trkpt lat="43.573066" lon="6.561486"><ele>273.2</ele></trkpt>
    <trkpt lat="43.573011" lon="6.561427"><ele>272.9</ele></trkpt>
    <trkpt lat="43.572942" lon="6.56144"><ele>272.7</ele></trkpt>
    <trkpt lat="43.572473" lon="6.560482"><ele>270.5</ele></trkpt>
    <trkpt lat="43.572315" lon="6.560104"><ele>270.2</ele></trkpt>
    <trkpt lat="43.572184" lon="6.559607"><ele>269.7</ele></trkpt>
    <trkpt lat="43.572093" lon="6.558802"><ele>268.8</ele></trkpt>
    <trkpt lat="43.571971" lon="6.557282"><ele>267.6</ele></trkpt>
    <trkpt lat="43.571984" lon="6.556024"><ele>267.5</ele></trkpt>
    <trkpt lat="43.57207" lon="6.555249"><ele>268.1</ele></trkpt>
    <trkpt lat="43.572359" lon="6.553674"><ele>270</ele></trkpt>
    <trkpt lat="43.572807" lon="6.551043"><ele>271.9</ele></trkpt>
    <trkpt lat="43.572816" lon="6.55068"><ele>272</ele></trkpt>
    <trkpt lat="43.572782" lon="6.549992"><ele>272</ele></trkpt>
    <trkpt lat="43.57273" lon="6.549375"><ele>271.7</ele></trkpt>
    <trkpt lat="43.572712" lon="6.549169"><ele>271.5</ele></trkpt>
    <trkpt lat="43.572513" lon="6.547992"><ele>270.8</ele></trkpt>
    <trkpt lat="43.572248" lon="6.546326"><ele>268.9</ele></trkpt>
    <trkpt lat="43.572232" lon="6.546077"><ele>268.6</ele></trkpt>
    <trkpt lat="43.572261" lon="6.544437"><ele>267.6</ele></trkpt>
    <trkpt lat="43.572251" lon="6.543781"><ele>267.8</ele></trkpt>
    <trkpt lat="43.572176" lon="6.543063"><ele>268.5</ele></trkpt>
    <trkpt lat="43.572172" lon="6.543013"><ele>268.6</ele></trkpt>
    <trkpt lat="43.571857" lon="6.540012"><ele>274.2</ele></trkpt>
    <trkpt lat="43.571844" lon="6.539281"><ele>276.4</ele></trkpt>
    <trkpt lat="43.571941" lon="6.538329"><ele>279.6</ele></trkpt>
    <trkpt lat="43.572049" lon="6.537551"><ele>282.3</ele></trkpt>
    <trkpt lat="43.572089" lon="6.536574"><ele>285.2</ele></trkpt>
    <trkpt lat="43.572205" lon="6.534269"><ele>292.1</ele></trkpt>
    <trkpt lat="43.572299" lon="6.532112"><ele>300.5</ele></trkpt>
    <trkpt lat="43.572368" lon="6.531669"><ele>302.2</ele></trkpt>
    <trkpt lat="43.572482" lon="6.531314"><ele>303.4</ele></trkpt>
    <trkpt lat="43.572702" lon="6.530772"><ele>304.8</ele></trkpt>
    <trkpt lat="43.572744" lon="6.530573"><ele>305.1</ele></trkpt>
    <trkpt lat="43.572735" lon="6.530257"><ele>305.4</ele></trkpt>
    <trkpt lat="43.572454" lon="6.529533"><ele>305.3</ele></trkpt>
    <trkpt lat="43.5721" lon="6.528589"><ele>304.1</ele></trkpt>
    <trkpt lat="43.571939" lon="6.528275"><ele>303.4</ele></trkpt>
    <trkpt lat="43.571809" lon="6.528168"><ele>303.1</ele></trkpt>
    <trkpt lat="43.571655" lon="6.52811"><ele>302.7</ele></trkpt>
    <trkpt lat="43.571041" lon="6.528021"><ele>301.3</ele></trkpt>
    <trkpt lat="43.570816" lon="6.528042"><ele>300.7</ele></trkpt>
    <trkpt lat="43.57037" lon="6.528245"><ele>299.1</ele></trkpt>
    <trkpt lat="43.570148" lon="6.5283"><ele>298.3</ele></trkpt>
    <trkpt lat="43.570004" lon="6.528248"><ele>297.8</ele></trkpt>
    <trkpt lat="43.56985" lon="6.528046"><ele>297</ele></trkpt>
    <trkpt lat="43.569559" lon="6.527524"><ele>295.1</ele></trkpt>
    <trkpt lat="43.569413" lon="6.527416"><ele>294.5</ele></trkpt>
    <trkpt lat="43.569214" lon="6.52734"><ele>293.7</ele></trkpt>
    <trkpt lat="43.569008" lon="6.527354"><ele>292.9</ele></trkpt>
    <trkpt lat="43.568685" lon="6.527434"><ele>291.8</ele></trkpt>
    <trkpt lat="43.5673" lon="6.527727"><ele>286.3</ele></trkpt>
    <trkpt lat="43.566658" lon="6.527721"><ele>282.2</ele></trkpt>
    <trkpt lat="43.566458" lon="6.527749"><ele>280.7</ele></trkpt>
    <trkpt lat="43.566321" lon="6.527798"><ele>279.6</ele></trkpt>
    <trkpt lat="43.565843" lon="6.528069"><ele>275.5</ele></trkpt>
    <trkpt lat="43.565714" lon="6.528108"><ele>274.4</ele></trkpt>
    <trkpt lat="43.565576" lon="6.528099"><ele>273.3</ele></trkpt>
    <trkpt lat="43.563828" lon="6.527559"><ele>262</ele></trkpt>
    <trkpt lat="43.562783" lon="6.527249"><ele>257.9</ele></trkpt>
    <trkpt lat="43.559314" lon="6.526202"><ele>248.6</ele></trkpt>
    <trkpt lat="43.556291" lon="6.525292"><ele>245</ele></trkpt>
    <trkpt lat="43.555233" lon="6.52496"><ele>244.8</ele></trkpt>
    <trkpt lat="43.554368" lon="6.524507"><ele>246.4</ele></trkpt>
    <trkpt lat="43.554113" lon="6.524345"><ele>247.1</ele></trkpt>
    <trkpt lat="43.553764" lon="6.524109"><ele>248.1</ele></trkpt>
    <trkpt lat="43.55356" lon="6.523882"><ele>248.8</ele></trkpt>
    <trkpt lat="43.553554" lon="6.523811"><ele>248.9</ele></trkpt>
    <trkpt lat="43.553571" lon="6.523607"><ele>249.3</ele></trkpt>
    <trkpt lat="43.553678" lon="6.523247"><ele>249.9</ele></trkpt>
    <trkpt lat="43.553906" lon="6.522728"><ele>250.5</ele></trkpt>
    <trkpt lat="43.554007" lon="6.522393"><ele>250.9</ele></trkpt>
    <trkpt lat="43.554018" lon="6.522099"><ele>251.2</ele></trkpt>
    <trkpt lat="43.553997" lon="6.521355"><ele>252</ele></trkpt>
    <trkpt lat="43.553991" lon="6.521151"><ele>252.3</ele></trkpt>
    <trkpt lat="43.553999" lon="6.520624"><ele>252.9</ele></trkpt>
    <trkpt lat="43.554077" lon="6.520248"><ele>253.4</ele></trkpt>
    <trkpt lat="43.554631" lon="6.519011"><ele>254.9</ele></trkpt>
    <trkpt lat="43.555275" lon="6.517608"><ele>254.2</ele></trkpt>
    <trkpt lat="43.555473" lon="6.517178"><ele>253.6</ele></trkpt>
    <trkpt lat="43.55562" lon="6.516877"><ele>253.2</ele></trkpt>
    <trkpt lat="43.555929" lon="6.516227"><ele>252.4</ele></trkpt>
    <trkpt lat="43.556387" lon="6.515258"><ele>252.4</ele></trkpt>
    <trkpt lat="43.556722" lon="6.51458"><ele>253.4</ele></trkpt>
    <trkpt lat="43.556986" lon="6.514271"><ele>254.1</ele></trkpt>
    <trkpt lat="43.557282" lon="6.514068"><ele>254.8</ele></trkpt>
    <trkpt lat="43.55827" lon="6.513724"><ele>256.8</ele></trkpt>
    <trkpt lat="43.558539" lon="6.513594"><ele>257.1</ele></trkpt>
    <trkpt lat="43.559101" lon="6.513212"><ele>257.9</ele></trkpt>
    <trkpt lat="43.560777" lon="6.512589"><ele>261.5</ele></trkpt>
    <trkpt lat="43.5612" lon="6.512566"><ele>263.2</ele></trkpt>
    <trkpt lat="43.561349" lon="6.512515"><ele>263.8</ele></trkpt>
    <trkpt lat="43.561502" lon="6.512415"><ele>264.5</ele></trkpt>
    <trkpt lat="43.56179" lon="6.511926"><ele>266.2</ele></trkpt>
    <trkpt lat="43.562592" lon="6.510689"><ele>268.6</ele></trkpt>
    <trkpt lat="43.562918" lon="6.510229"><ele>269.2</ele></trkpt>
    <trkpt lat="43.563162" lon="6.509973"><ele>269.6</ele></trkpt>
    <trkpt lat="43.564495" lon="6.508802"><ele>272.8</ele></trkpt>
    <trkpt lat="43.564601" lon="6.508712"><ele>273.1</ele></trkpt>
    <trkpt lat="43.565034" lon="6.508438"><ele>274.6</ele></trkpt>
    <trkpt lat="43.565244" lon="6.508301"><ele>275.3</ele></trkpt>
    <trkpt lat="43.565412" lon="6.508211"><ele>275.8</ele></trkpt>
    <trkpt lat="43.565814" lon="6.507978"><ele>276.9</ele></trkpt>
    <trkpt lat="43.566494" lon="6.507593"><ele>278.8</ele></trkpt>
    <trkpt lat="43.56665" lon="6.507459"><ele>279.2</ele></trkpt>
    <trkpt lat="43.566754" lon="6.507399"><ele>279.4</ele></trkpt>
    <trkpt lat="43.567586" lon="6.506893"><ele>280.8</ele></trkpt>
    <trkpt lat="43.568066" lon="6.506749"><ele>281.4</ele></trkpt>
    <trkpt lat="43.568558" lon="6.50671"><ele>281.8</ele></trkpt>
    <trkpt lat="43.569396" lon="6.506824"><ele>282.8</ele></trkpt>
    <trkpt lat="43.569625" lon="6.506862"><ele>283.3</ele></trkpt>
    <trkpt lat="43.569736" lon="6.506881"><ele>283.7</ele></trkpt>
    <trkpt lat="43.570105" lon="6.506942"><ele>285.1</ele></trkpt>
    <trkpt lat="43.5703" lon="6.506981"><ele>286.2</ele></trkpt>
    <trkpt lat="43.57106" lon="6.507099"><ele>292.3</ele></trkpt>
    <trkpt lat="43.57127" lon="6.50707"><ele>294.4</ele></trkpt>
    <trkpt lat="43.571465" lon="6.506975"><ele>296.6</ele></trkpt>
    <trkpt lat="43.571615" lon="6.506858"><ele>298.4</ele></trkpt>
    <trkpt lat="43.571763" lon="6.506652"><ele>300.6</ele></trkpt>
    <trkpt lat="43.571892" lon="6.506379"><ele>303.1</ele></trkpt>
    <trkpt lat="43.571948" lon="6.506192"><ele>304.6</ele></trkpt>
    <trkpt lat="43.572131" lon="6.505562"><ele>309.9</ele></trkpt>
    <trkpt lat="43.572286" lon="6.505296"><ele>312.4</ele></trkpt>
    <trkpt lat="43.572452" lon="6.505142"><ele>314.4</ele></trkpt>
    <trkpt lat="43.572578" lon="6.505067"><ele>315.8</ele></trkpt>
    <trkpt lat="43.573315" lon="6.504785"><ele>323.7</ele></trkpt>
    <trkpt lat="43.573547" lon="6.504595"><ele>326.7</ele></trkpt>
    <trkpt lat="43.57369" lon="6.504377"><ele>328.9</ele></trkpt>
    <trkpt lat="43.573775" lon="6.504187"><ele>330.6</ele></trkpt>
    <trkpt lat="43.573847" lon="6.503885"><ele>333</ele></trkpt>
    <trkpt lat="43.57406" lon="6.50194"><ele>345.1</ele></trkpt>
    <trkpt lat="43.574223" lon="6.500177"><ele>351.9</ele></trkpt>
    <trkpt lat="43.574338" lon="6.499367"><ele>352.6</ele></trkpt>
    <trkpt lat="43.574444" lon="6.498932"><ele>352.6</ele></trkpt>
    <trkpt lat="43.574562" lon="6.498574"><ele>352.5</ele></trkpt>
    <trkpt lat="43.574732" lon="6.498265"><ele>352.6</ele></trkpt>
    <trkpt lat="43.575006" lon="6.497918"><ele>353.1</ele></trkpt>
    <trkpt lat="43.576905" lon="6.496006"><ele>370.1</ele></trkpt>
    <trkpt lat="43.577046" lon="6.495866"><ele>372.1</ele></trkpt>
    <trkpt lat="43.577504" lon="6.495394"><ele>378.2</ele></trkpt>
    <trkpt lat="43.577643" lon="6.495207"><ele>380.2</ele></trkpt>
    <trkpt lat="43.577925" lon="6.494722"><ele>383.7</ele></trkpt>
    <trkpt lat="43.578188" lon="6.494078"><ele>384.8</ele></trkpt>
    <trkpt lat="43.578274" lon="6.493724"><ele>384.5</ele></trkpt>
    <trkpt lat="43.578348" lon="6.493344"><ele>383.7</ele></trkpt>
    <trkpt lat="43.578348" lon="6.493341"><ele>383.7</ele></trkpt>
    <trkpt lat="43.578419" lon="6.492549"><ele>381.3</ele></trkpt>
    <trkpt lat="43.578406" lon="6.492159"><ele>379.9</ele></trkpt>
    <trkpt lat="43.578316" lon="6.491198"><ele>377.5</ele></trkpt>
    <trkpt lat="43.578312" lon="6.490973"><ele>377.2</ele></trkpt>
    <trkpt lat="43.578191" lon="6.489757"><ele>376.9</ele></trkpt>
    <trkpt lat="43.578154" lon="6.489338"><ele>377.3</ele></trkpt>
    <trkpt lat="43.578139" lon="6.489165"><ele>377.6</ele></trkpt>
    <trkpt lat="43.578096" lon="6.488489"><ele>379</ele></trkpt>
    <trkpt lat="43.578117" lon="6.487851"><ele>380.5</ele></trkpt>
    <trkpt lat="43.578243" lon="6.487381"><ele>381.7</ele></trkpt>
    <trkpt lat="43.578384" lon="6.486966"><ele>382.7</ele></trkpt>
    <trkpt lat="43.578488" lon="6.48678"><ele>383.2</ele></trkpt>
    <trkpt lat="43.578618" lon="6.486657"><ele>383.6</ele></trkpt>
    <trkpt lat="43.578761" lon="6.486605"><ele>383.8</ele></trkpt>
    <trkpt lat="43.578985" lon="6.486656"><ele>384.1</ele></trkpt>
    <trkpt lat="43.57911" lon="6.486789"><ele>384.3</ele></trkpt>
    <trkpt lat="43.579216" lon="6.486998"><ele>384.5</ele></trkpt>
    <trkpt lat="43.579235" lon="6.48708"><ele>384.6</ele></trkpt>
    <trkpt lat="43.579242" lon="6.487293"><ele>384.9</ele></trkpt>
    <trkpt lat="43.579176" lon="6.48766"><ele>385.4</ele></trkpt>
    <trkpt lat="43.579023" lon="6.488316"><ele>386.7</ele></trkpt>
    <trkpt lat="43.579021" lon="6.488473"><ele>387</ele></trkpt>
    <trkpt lat="43.579086" lon="6.488616"><ele>387.4</ele></trkpt>
    <trkpt lat="43.579176" lon="6.488701"><ele>387.6</ele></trkpt>
    <trkpt lat="43.579313" lon="6.488727"><ele>388</ele></trkpt>
    <trkpt lat="43.579429" lon="6.48867"><ele>388.3</ele></trkpt>
    <trkpt lat="43.579477" lon="6.488615"><ele>388.5</ele></trkpt>
    <trkpt lat="43.579542" lon="6.488432"><ele>389.1</ele></trkpt>
    <trkpt lat="43.579677" lon="6.487283"><ele>394</ele></trkpt>
    <trkpt lat="43.579726" lon="6.487031"><ele>395.3</ele></trkpt>
    <trkpt lat="43.579895" lon="6.486664"><ele>397.6</ele></trkpt>
    <trkpt lat="43.579939" lon="6.486482"><ele>398.7</ele></trkpt>
    <trkpt lat="43.579947" lon="6.486272"><ele>400</ele></trkpt>
    <trkpt lat="43.579913" lon="6.485829"><ele>403.1</ele></trkpt>
    <trkpt lat="43.579924" lon="6.485519"><ele>405.3</ele></trkpt>
    <trkpt lat="43.580109" lon="6.484706"><ele>410.4</ele></trkpt>
    <trkpt lat="43.580191" lon="6.484445"><ele>411.9</ele></trkpt>
    <trkpt lat="43.580455" lon="6.483853"><ele>415.4</ele></trkpt>
    <trkpt lat="43.580593" lon="6.483284"><ele>418.5</ele></trkpt>
    <trkpt lat="43.580753" lon="6.482778"><ele>421.3</ele></trkpt>
    <trkpt lat="43.581484" lon="6.481025"><ele>431.6</ele></trkpt>
    <trkpt lat="43.581615" lon="6.48064"><ele>433.1</ele></trkpt>
    <trkpt lat="43.581983" lon="6.480033"><ele>435.2</ele></trkpt>
    <trkpt lat="43.582311" lon="6.478913"><ele>437.5</ele></trkpt>
    <trkpt lat="43.582568" lon="6.478309"><ele>440.6</ele></trkpt>
    <trkpt lat="43.582759" lon="6.477922"><ele>442.9</ele></trkpt>
    <trkpt lat="43.583171" lon="6.477328"><ele>447.6</ele></trkpt>
    <trkpt lat="43.583518" lon="6.476723"><ele>453.2</ele></trkpt>
    <trkpt lat="43.583651" lon="6.476574"><ele>455.1</ele></trkpt>
    <trkpt lat="43.583807" lon="6.476465"><ele>456.9</ele></trkpt>
    <trkpt lat="43.58493" lon="6.47592"><ele>469.3</ele></trkpt>
    <trkpt lat="43.58505" lon="6.475888"><ele>470.6</ele></trkpt>
    <trkpt lat="43.585246" lon="6.475889"><ele>472.7</ele></trkpt>
    <trkpt lat="43.585722" lon="6.475993"><ele>477.6</ele></trkpt>
    <trkpt lat="43.586181" lon="6.47594"><ele>482.3</ele></trkpt>
    <trkpt lat="43.586664" lon="6.476027"><ele>487</ele></trkpt>
    <trkpt lat="43.587053" lon="6.476239"><ele>490.8</ele></trkpt>
    <trkpt lat="43.587226" lon="6.476367"><ele>492.1</ele></trkpt>
    <trkpt lat="43.587359" lon="6.476542"><ele>493.3</ele></trkpt>
    <trkpt lat="43.58754" lon="6.476868"><ele>495.1</ele></trkpt>
    <trkpt lat="43.587604" lon="6.476945"><ele>495.7</ele></trkpt>
    <trkpt lat="43.587701" lon="6.476996"><ele>496.3</ele></trkpt>
    <trkpt lat="43.587752" lon="6.477005"><ele>496.6</ele></trkpt>
    <trkpt lat="43.587853" lon="6.476961"><ele>497.2</ele></trkpt>
    <trkpt lat="43.587939" lon="6.476811"><ele>498</ele></trkpt>
    <trkpt lat="43.588054" lon="6.47588"><ele>500.8</ele></trkpt>
    <trkpt lat="43.588167" lon="6.475513"><ele>501.2</ele></trkpt>
    <trkpt lat="43.5883" lon="6.475191"><ele>501.8</ele></trkpt>
    <trkpt lat="43.58858" lon="6.474541"><ele>502.5</ele></trkpt>
    <trkpt lat="43.58919" lon="6.473127"><ele>501.2</ele></trkpt>
    <trkpt lat="43.589239" lon="6.472932"><ele>501.1</ele></trkpt>
    <trkpt lat="43.589205" lon="6.472768"><ele>501</ele></trkpt>
    <trkpt lat="43.58911" lon="6.472619"><ele>500.9</ele></trkpt>
    <trkpt lat="43.58899" lon="6.472538"><ele>500.7</ele></trkpt>
    <trkpt lat="43.588753" lon="6.47246"><ele>500.2</ele></trkpt>
    <trkpt lat="43.588641" lon="6.472347"><ele>499.8</ele></trkpt>
    <trkpt lat="43.588609" lon="6.472218"><ele>499.5</ele></trkpt>
    <trkpt lat="43.588648" lon="6.472043"><ele>499.1</ele></trkpt>
    <trkpt lat="43.588705" lon="6.471917"><ele>498.6</ele></trkpt>
    <trkpt lat="43.589127" lon="6.47129"><ele>495.8</ele></trkpt>
    <trkpt lat="43.589712" lon="6.470812"><ele>491.9</ele></trkpt>
    <trkpt lat="43.590061" lon="6.470485"><ele>489.1</ele></trkpt>
    <trkpt lat="43.590562" lon="6.469791"><ele>483.4</ele></trkpt>
    <trkpt lat="43.590763" lon="6.469616"><ele>481.3</ele></trkpt>
    <trkpt lat="43.591003" lon="6.469481"><ele>479.1</ele></trkpt>
    <trkpt lat="43.591225" lon="6.46944"><ele>477.1</ele></trkpt>
    <trkpt lat="43.591276" lon="6.469471"><ele>476.7</ele></trkpt>
    <trkpt lat="43.591358" lon="6.469589"><ele>475.6</ele></trkpt>
    <trkpt lat="43.591398" lon="6.469773"><ele>474.4</ele></trkpt>
    <trkpt lat="43.591377" lon="6.469905"><ele>473.6</ele></trkpt>
    <trkpt lat="43.591306" lon="6.470042"><ele>472.5</ele></trkpt>
    <trkpt lat="43.590973" lon="6.470395"><ele>469.1</ele></trkpt>
    <trkpt lat="43.590907" lon="6.470545"><ele>468.1</ele></trkpt>
    <trkpt lat="43.590917" lon="6.470762"><ele>467.1</ele></trkpt>
    <trkpt lat="43.590979" lon="6.470865"><ele>466.6</ele></trkpt>
    <trkpt lat="43.591097" lon="6.470918"><ele>466</ele></trkpt>
    <trkpt lat="43.591247" lon="6.470891"><ele>465.4</ele></trkpt>
    <trkpt lat="43.59142" lon="6.47075"><ele>464.5</ele></trkpt>
    <trkpt lat="43.5925" lon="6.469561"><ele>456.2</ele></trkpt>
    <trkpt lat="43.592822" lon="6.469267"><ele>453.8</ele></trkpt>
    <trkpt lat="43.592972" lon="6.469202"><ele>452.7</ele></trkpt>
    <trkpt lat="43.593303" lon="6.469227"><ele>450.3</ele></trkpt>
    <trkpt lat="43.593483" lon="6.46921"><ele>448.9</ele></trkpt>
    <trkpt lat="43.593778" lon="6.469114"><ele>446.4</ele></trkpt>
    <trkpt lat="43.593913" lon="6.469032"><ele>445.2</ele></trkpt>
    <trkpt lat="43.594589" lon="6.468452"><ele>439.2</ele></trkpt>
    <trkpt lat="43.594733" lon="6.468382"><ele>438.3</ele></trkpt>
    <trkpt lat="43.595176" lon="6.468275"><ele>435.9</ele></trkpt>
    <trkpt lat="43.595303" lon="6.46828"><ele>435.3</ele></trkpt>
    <trkpt lat="43.595405" lon="6.468269"><ele>434.9</ele></trkpt>
    <trkpt lat="43.595402" lon="6.468197"><ele>434.7</ele></trkpt>
    <trkpt lat="43.595348" lon="6.468088"><ele>434.4</ele></trkpt>
    <trkpt lat="43.595214" lon="6.468025"><ele>433.9</ele></trkpt>
    <trkpt lat="43.594565" lon="6.467706"><ele>432.4</ele></trkpt>
    <trkpt lat="43.594512" lon="6.467649"><ele>432.3</ele></trkpt>
    <trkpt lat="43.594511" lon="6.467568"><ele>432.2</ele></trkpt>
    <trkpt lat="43.594552" lon="6.467509"><ele>432.1</ele></trkpt>
    <trkpt lat="43.59536" lon="6.466703"><ele>430.8</ele></trkpt>
    <trkpt lat="43.595537" lon="6.466456"><ele>430.6</ele></trkpt>
    <trkpt lat="43.595771" lon="6.466121"><ele>430.3</ele></trkpt>
    <trkpt lat="43.595817" lon="6.466004"><ele>430.2</ele></trkpt>
    <trkpt lat="43.5959" lon="6.465723"><ele>430</ele></trkpt>
    <trkpt lat="43.59616" lon="6.463956"><ele>429.5</ele></trkpt>
    <trkpt lat="43.596425" lon="6.462197"><ele>431</ele></trkpt>
    <trkpt lat="43.596432" lon="6.462116"><ele>431.1</ele></trkpt>
    <trkpt lat="43.596437" lon="6.461996"><ele>431.2</ele></trkpt>
    <trkpt lat="43.596404" lon="6.461953"><ele>431.3</ele></trkpt>
    <trkpt lat="43.59597" lon="6.461853"><ele>432.3</ele></trkpt>
    <trkpt lat="43.595858" lon="6.461771"><ele>432.6</ele></trkpt>
    <trkpt lat="43.595733" lon="6.461593"><ele>433.2</ele></trkpt>
    <trkpt lat="43.595627" lon="6.461363"><ele>433.8</ele></trkpt>
    <trkpt lat="43.595519" lon="6.460987"><ele>434.9</ele></trkpt>
    <trkpt lat="43.595479" lon="6.460766"><ele>435.5</ele></trkpt>
    <trkpt lat="43.595495" lon="6.460537"><ele>436.1</ele></trkpt>
    <trkpt lat="43.59559" lon="6.460017"><ele>437.7</ele></trkpt>
    <trkpt lat="43.595579" lon="6.459936"><ele>438</ele></trkpt>
    <trkpt lat="43.595556" lon="6.459758"><ele>438.6</ele></trkpt>
    <trkpt lat="43.595274" lon="6.459078"><ele>440.8</ele></trkpt>
    <trkpt lat="43.595182" lon="6.458776"><ele>441.7</ele></trkpt>
    <trkpt lat="43.595071" lon="6.458204"><ele>443.6</ele></trkpt>
    <trkpt lat="43.595036" lon="6.457954"><ele>444.3</ele></trkpt>
    <trkpt lat="43.595035" lon="6.45776"><ele>445</ele></trkpt>
    <trkpt lat="43.595079" lon="6.457313"><ele>446.5</ele></trkpt>
    <trkpt lat="43.595102" lon="6.456128"><ele>450.6</ele></trkpt>
    <trkpt lat="43.594963" lon="6.455417"><ele>452.9</ele></trkpt>
    <trkpt lat="43.594887" lon="6.45425"><ele>459.6</ele></trkpt>
    <trkpt lat="43.594944" lon="6.453686"><ele>463.9</ele></trkpt>
    <trkpt lat="43.594991" lon="6.453478"><ele>465.4</ele></trkpt>
    <trkpt lat="43.595079" lon="6.453264"><ele>466.9</ele></trkpt>
    <trkpt lat="43.595148" lon="6.453098"><ele>467.7</ele></trkpt>
    <trkpt lat="43.595218" lon="6.45266"><ele>468.6</ele></trkpt>
    <trkpt lat="43.595446" lon="6.452187"><ele>468.2</ele></trkpt>
    <trkpt lat="43.595445" lon="6.452027"><ele>468.1</ele></trkpt>
    <trkpt lat="43.595396" lon="6.451691"><ele>467.4</ele></trkpt>
    <trkpt lat="43.595425" lon="6.451524"><ele>466.9</ele></trkpt>
    <trkpt lat="43.595544" lon="6.451216"><ele>466.5</ele></trkpt>
    <trkpt lat="43.595614" lon="6.45102"><ele>467</ele></trkpt>
    <trkpt lat="43.595737" lon="6.450816"><ele>468.1</ele></trkpt>
    <trkpt lat="43.595829" lon="6.45068"><ele>469.3</ele></trkpt>
    <trkpt lat="43.596088" lon="6.450404"><ele>473.4</ele></trkpt>
    <trkpt lat="43.596218" lon="6.450315"><ele>476.2</ele></trkpt>
    <trkpt lat="43.596468" lon="6.450236"><ele>481.9</ele></trkpt>
    <trkpt lat="43.596673" lon="6.450218"><ele>486.5</ele></trkpt>
    <trkpt lat="43.596899" lon="6.450244"><ele>491.4</ele></trkpt>
    <trkpt lat="43.597067" lon="6.450297"><ele>494.7</ele></trkpt>
    <trkpt lat="43.597356" lon="6.450367"><ele>499.9</ele></trkpt>
    <trkpt lat="43.597491" lon="6.450322"><ele>502</ele></trkpt>
    <trkpt lat="43.597761" lon="6.450034"><ele>505.8</ele></trkpt>
    <trkpt lat="43.59794" lon="6.449792"><ele>508.3</ele></trkpt>
    <trkpt lat="43.598015" lon="6.449731"><ele>509.1</ele></trkpt>
    <trkpt lat="43.598115" lon="6.449715"><ele>510.1</ele></trkpt>
    <trkpt lat="43.598767" lon="6.449792"><ele>515</ele></trkpt>
    <trkpt lat="43.598893" lon="6.449912"><ele>516.3</ele></trkpt>
    <trkpt lat="43.598951" lon="6.450008"><ele>517.1</ele></trkpt>
    <trkpt lat="43.598963" lon="6.450027"><ele>517.3</ele></trkpt>
    <trkpt lat="43.598993" lon="6.450088"><ele>517.8</ele></trkpt>
    <trkpt lat="43.599233" lon="6.450576"><ele>521.6</ele></trkpt>
    <trkpt lat="43.599757" lon="6.45159"><ele>527.9</ele></trkpt>
    <trkpt lat="43.599866" lon="6.451712"><ele>528.5</ele></trkpt>
    <trkpt lat="43.600021" lon="6.451711"><ele>529.2</ele></trkpt>
    <trkpt lat="43.60009" lon="6.451679"><ele>529.5</ele></trkpt>
    <trkpt lat="43.600168" lon="6.451537"><ele>530</ele></trkpt>
    <trkpt lat="43.600196" lon="6.45127"><ele>530.8</ele></trkpt>
    <trkpt lat="43.600188" lon="6.450763"><ele>532.3</ele></trkpt>
    <trkpt lat="43.600216" lon="6.450569"><ele>533</ele></trkpt>
    <trkpt lat="43.600398" lon="6.449941"><ele>535.3</ele></trkpt>
    <trkpt lat="43.600508" lon="6.449787"><ele>536</ele></trkpt>
    <trkpt lat="43.601005" lon="6.44947"><ele>538.4</ele></trkpt>
    <trkpt lat="43.601816" lon="6.448443"><ele>545.4</ele></trkpt>
    <trkpt lat="43.601894" lon="6.448312"><ele>546.4</ele></trkpt>
    <trkpt lat="43.601988" lon="6.448034"><ele>548.2</ele></trkpt>
    <trkpt lat="43.602086" lon="6.447741"><ele>550.2</ele></trkpt>
    <trkpt lat="43.602239" lon="6.447485"><ele>552.3</ele></trkpt>
    <trkpt lat="43.602414" lon="6.447182"><ele>554.7</ele></trkpt>
    <trkpt lat="43.602541" lon="6.446863"><ele>556.8</ele></trkpt>
    <trkpt lat="43.602631" lon="6.44656"><ele>558.5</ele></trkpt>
    <trkpt lat="43.602663" lon="6.44624"><ele>560.1</ele></trkpt>
    <trkpt lat="43.602663" lon="6.445948"><ele>561.4</ele></trkpt>
    <trkpt lat="43.602663" lon="6.445496"><ele>563.4</ele></trkpt>
    <trkpt lat="43.602549" lon="6.444593"><ele>566.8</ele></trkpt>
    <trkpt lat="43.602526" lon="6.444191"><ele>568.3</ele></trkpt>
    <trkpt lat="43.602546" lon="6.444014"><ele>569</ele></trkpt>
    <trkpt lat="43.602599" lon="6.443844"><ele>569.8</ele></trkpt>
    <trkpt lat="43.602822" lon="6.443373"><ele>572.3</ele></trkpt>
    <trkpt lat="43.602859" lon="6.44316"><ele>573.4</ele></trkpt>
    <trkpt lat="43.602812" lon="6.442873"><ele>575.1</ele></trkpt>
    <trkpt lat="43.602415" lon="6.4421"><ele>581.5</ele></trkpt>
    <trkpt lat="43.60229" lon="6.441791"><ele>584.4</ele></trkpt>
    <trkpt lat="43.602133" lon="6.440793"><ele>593.3</ele></trkpt>
    <trkpt lat="43.602125" lon="6.44047"><ele>596.1</ele></trkpt>
    <trkpt lat="43.602158" lon="6.440318"><ele>597.5</ele></trkpt>
    <trkpt lat="43.602222" lon="6.440179"><ele>598.8</ele></trkpt>
    <trkpt lat="43.602315" lon="6.440057"><ele>600.3</ele></trkpt>
    <trkpt lat="43.602942" lon="6.439512"><ele>606.7</ele></trkpt>
    <trkpt lat="43.60334" lon="6.439204"><ele>609.6</ele></trkpt>
    <trkpt lat="43.603485" lon="6.439007"><ele>610.7</ele></trkpt>
    <trkpt lat="43.603468" lon="6.438638"><ele>611.8</ele></trkpt>
    <trkpt lat="43.603376" lon="6.43823"><ele>612.5</ele></trkpt>
    <trkpt lat="43.603357" lon="6.438014"><ele>612.8</ele></trkpt>
    <trkpt lat="43.603477" lon="6.437629"><ele>613.2</ele></trkpt>
    <trkpt lat="43.60345" lon="6.437258"><ele>613.5</ele></trkpt>
    <trkpt lat="43.603443" lon="6.436907"><ele>613.5</ele></trkpt>
    <trkpt lat="43.603528" lon="6.436505"><ele>613.3</ele></trkpt>
    <trkpt lat="43.603542" lon="6.436333"><ele>613.1</ele></trkpt>
    <trkpt lat="43.603532" lon="6.436171"><ele>612.8</ele></trkpt>
    <trkpt lat="43.603439" lon="6.435665"><ele>612</ele></trkpt>
    <trkpt lat="43.603396" lon="6.435523"><ele>611.7</ele></trkpt>
    <trkpt lat="43.603254" lon="6.435272"><ele>611.2</ele></trkpt>
    <trkpt lat="43.603151" lon="6.435161"><ele>611</ele></trkpt>
    <trkpt lat="43.602741" lon="6.434864"><ele>610.5</ele></trkpt>
    <trkpt lat="43.602686" lon="6.434742"><ele>610.5</ele></trkpt>
    <trkpt lat="43.602676" lon="6.43457"><ele>610.5</ele></trkpt>
    <trkpt lat="43.602755" lon="6.434033"><ele>611</ele></trkpt>
    <trkpt lat="43.602879" lon="6.433777"><ele>611.6</ele></trkpt>
    <trkpt lat="43.602959" lon="6.433698"><ele>612</ele></trkpt>
    <trkpt lat="43.603153" lon="6.433598"><ele>612.8</ele></trkpt>
    <trkpt lat="43.603664" lon="6.433707"><ele>615.3</ele></trkpt>
    <trkpt lat="43.604205" lon="6.433846"><ele>617.9</ele></trkpt>
    <trkpt lat="43.604397" lon="6.433774"><ele>618.6</ele></trkpt>
    <trkpt lat="43.604476" lon="6.433636"><ele>618.9</ele></trkpt>
    <trkpt lat="43.604479" lon="6.433354"><ele>619.4</ele></trkpt>
    <trkpt lat="43.604401" lon="6.433051"><ele>619.8</ele></trkpt>
    <trkpt lat="43.604344" lon="6.432897"><ele>619.9</ele></trkpt>
    <trkpt lat="43.604084" lon="6.432397"><ele>620.4</ele></trkpt>
    <trkpt lat="43.604008" lon="6.432268"><ele>620.5</ele></trkpt>
    <trkpt lat="43.603746" lon="6.43182"><ele>620.8</ele></trkpt>
    <trkpt lat="43.603549" lon="6.431513"><ele>621</ele></trkpt>
    <trkpt lat="43.603478" lon="6.431336"><ele>621.1</ele></trkpt>
    <trkpt lat="43.603453" lon="6.431221"><ele>621.2</ele></trkpt>
    <trkpt lat="43.603501" lon="6.430889"><ele>621.4</ele></trkpt>
    <trkpt lat="43.603668" lon="6.430293"><ele>621.7</ele></trkpt>
    <trkpt lat="43.60369" lon="6.430015"><ele>621.7</ele></trkpt>
    <trkpt lat="43.603443" lon="6.428903"><ele>621.5</ele></trkpt>
    <trkpt lat="43.603429" lon="6.428165"><ele>621.1</ele></trkpt>
    <trkpt lat="43.603202" lon="6.427211"><ele>620.3</ele></trkpt>
    <trkpt lat="43.603163" lon="6.426565"><ele>619.5</ele></trkpt>
    <trkpt lat="43.603184" lon="6.424823"><ele>616.4</ele></trkpt>
    <trkpt lat="43.60314" lon="6.42317"><ele>613.1</ele></trkpt>
    <trkpt lat="43.603149" lon="6.422928"><ele>612.7</ele></trkpt>
    <trkpt lat="43.603217" lon="6.422427"><ele>611.8</ele></trkpt>
    <trkpt lat="43.603659" lon="6.41996"><ele>608.2</ele></trkpt>
    <trkpt lat="43.604353" lon="6.415886"><ele>601.4</ele></trkpt>
    <trkpt lat="43.605254" lon="6.410721"><ele>597.6</ele></trkpt>
    <trkpt lat="43.605512" lon="6.409127"><ele>597.3</ele></trkpt>
    <trkpt lat="43.605543" lon="6.408954"><ele>597.3</ele></trkpt>
    <trkpt lat="43.606102" lon="6.405695"><ele>597.2</ele></trkpt>
    <trkpt lat="43.60625" lon="6.404887"><ele>596</ele></trkpt>
    <trkpt lat="43.606684" lon="6.402403"><ele>589.6</ele></trkpt>
    <trkpt lat="43.60678" lon="6.402093"><ele>588.7</ele></trkpt>
    <trkpt lat="43.606857" lon="6.401976"><ele>588.3</ele></trkpt>
    <trkpt lat="43.606959" lon="6.401884"><ele>587.9</ele></trkpt>
    <trkpt lat="43.607205" lon="6.401766"><ele>587</ele></trkpt>
    <trkpt lat="43.60748" lon="6.401762"><ele>586</ele></trkpt>
    <trkpt lat="43.607738" lon="6.401852"><ele>585</ele></trkpt>
    <trkpt lat="43.607853" lon="6.401878"><ele>584.6</ele></trkpt>
    <trkpt lat="43.607931" lon="6.401862"><ele>584.3</ele></trkpt>
    <trkpt lat="43.608051" lon="6.401794"><ele>583.9</ele></trkpt>
    <trkpt lat="43.608125" lon="6.401707"><ele>583.5</ele></trkpt>
    <trkpt lat="43.608353" lon="6.401106"><ele>581.8</ele></trkpt>
    <trkpt lat="43.60852" lon="6.400876"><ele>581</ele></trkpt>
    <trkpt lat="43.608628" lon="6.400797"><ele>580.6</ele></trkpt>
    <trkpt lat="43.608698" lon="6.400746"><ele>580.3</ele></trkpt>
    <trkpt lat="43.608787" lon="6.400624"><ele>579.8</ele></trkpt>
    <trkpt lat="43.608989" lon="6.400154"><ele>578.5</ele></trkpt>
    <trkpt lat="43.609093" lon="6.400009"><ele>578</ele></trkpt>
    <trkpt lat="43.60976" lon="6.399333"><ele>575.6</ele></trkpt>
    <trkpt lat="43.610085" lon="6.39905"><ele>574.7</ele></trkpt>
    <trkpt lat="43.610178" lon="6.398814"><ele>574.3</ele></trkpt>
    <trkpt lat="43.610215" lon="6.398328"><ele>573.6</ele></trkpt>
    <trkpt lat="43.610393" lon="6.397709"><ele>572.6</ele></trkpt>
    <trkpt lat="43.610387" lon="6.397584"><ele>572.5</ele></trkpt>
    <trkpt lat="43.610175" lon="6.396829"><ele>571.9</ele></trkpt>
    <trkpt lat="43.610136" lon="6.39662"><ele>571.8</ele></trkpt>
    <trkpt lat="43.61012" lon="6.396367"><ele>571.6</ele></trkpt>
    <trkpt lat="43.610144" lon="6.395886"><ele>571.2</ele></trkpt>
    <trkpt lat="43.610117" lon="6.395575"><ele>570.8</ele></trkpt>
    <trkpt lat="43.610063" lon="6.395453"><ele>570.6</ele></trkpt>
    <trkpt lat="43.609964" lon="6.39534"><ele>570.3</ele></trkpt>
    <trkpt lat="43.609848" lon="6.395273"><ele>570</ele></trkpt>
    <trkpt lat="43.609525" lon="6.39508"><ele>569</ele></trkpt>
    <trkpt lat="43.609443" lon="6.39498"><ele>568.6</ele></trkpt>
    <trkpt lat="43.609405" lon="6.39488"><ele>568.3</ele></trkpt>
    <trkpt lat="43.609388" lon="6.394732"><ele>567.9</ele></trkpt>
    <trkpt lat="43.609464" lon="6.394009"><ele>565.6</ele></trkpt>
    <trkpt lat="43.609558" lon="6.393574"><ele>564.1</ele></trkpt>
    <trkpt lat="43.609629" lon="6.393417"><ele>563.5</ele></trkpt>
    <trkpt lat="43.609839" lon="6.393124"><ele>562.2</ele></trkpt>
    <trkpt lat="43.610782" lon="6.392176"><ele>558.5</ele></trkpt>
    <trkpt lat="43.611019" lon="6.392009"><ele>557.9</ele></trkpt>
    <trkpt lat="43.611258" lon="6.391963"><ele>557.3</ele></trkpt>
    <trkpt lat="43.611383" lon="6.39199"><ele>556.9</ele></trkpt>
    <trkpt lat="43.611618" lon="6.392131"><ele>556.1</ele></trkpt>
    <trkpt lat="43.611945" lon="6.392383"><ele>554.5</ele></trkpt>
    <trkpt lat="43.612051" lon="6.392418"><ele>554</ele></trkpt>
    <trkpt lat="43.612501" lon="6.392412"><ele>551.7</ele></trkpt>
    <trkpt lat="43.612738" lon="6.392351"><ele>550.2</ele></trkpt>
    <trkpt lat="43.612828" lon="6.392297"><ele>549.6</ele></trkpt>
    <trkpt lat="43.612896" lon="6.392203"><ele>549</ele></trkpt>
    <trkpt lat="43.612981" lon="6.391971"><ele>547.8</ele></trkpt>
    <trkpt lat="43.612994" lon="6.391846"><ele>547.1</ele></trkpt>
    <trkpt lat="43.61296" lon="6.391621"><ele>546</ele></trkpt>
    <trkpt lat="43.612874" lon="6.391432"><ele>545</ele></trkpt>
    <trkpt lat="43.612788" lon="6.391342"><ele>544.3</ele></trkpt>
    <trkpt lat="43.612485" lon="6.39114"><ele>542.4</ele></trkpt>
    <trkpt lat="43.612248" lon="6.39103"><ele>541.1</ele></trkpt>
    <trkpt lat="43.611817" lon="6.390932"><ele>539.1</ele></trkpt>
    <trkpt lat="43.611593" lon="6.390843"><ele>538</ele></trkpt>
    <trkpt lat="43.611253" lon="6.390564"><ele>536.1</ele></trkpt>
    <trkpt lat="43.610899" lon="6.39021"><ele>534.3</ele></trkpt>
    <trkpt lat="43.610604" lon="6.389915"><ele>532.9</ele></trkpt>
    <trkpt lat="43.6105" lon="6.389765"><ele>532.4</ele></trkpt>
    <trkpt lat="43.610439" lon="6.389562"><ele>531.8</ele></trkpt>
    <trkpt lat="43.610414" lon="6.389362"><ele>531.4</ele></trkpt>
    <trkpt lat="43.610381" lon="6.388522"><ele>530.1</ele></trkpt>
    <trkpt lat="43.610395" lon="6.388259"><ele>529.9</ele></trkpt>
    <trkpt lat="43.610408" lon="6.388193"><ele>529.9</ele></trkpt>
    <trkpt lat="43.610488" lon="6.387991"><ele>529.7</ele></trkpt>
    <trkpt lat="43.61087" lon="6.387298"><ele>529.6</ele></trkpt>
    <trkpt lat="43.610925" lon="6.387141"><ele>529.7</ele></trkpt>
    <trkpt lat="43.611026" lon="6.386481"><ele>530</ele></trkpt>
    <trkpt lat="43.611075" lon="6.386328"><ele>530.2</ele></trkpt>
    <trkpt lat="43.611836" lon="6.384977"><ele>533</ele></trkpt>
    <trkpt lat="43.611846" lon="6.384733"><ele>533.9</ele></trkpt>
    <trkpt lat="43.611807" lon="6.384482"><ele>535</ele></trkpt>
    <trkpt lat="43.611708" lon="6.383993"><ele>537.6</ele></trkpt>
    <trkpt lat="43.611504" lon="6.38349"><ele>540.1</ele></trkpt>
    <trkpt lat="43.611436" lon="6.38338"><ele>540.7</ele></trkpt>
    <trkpt lat="43.611325" lon="6.383297"><ele>541.4</ele></trkpt>
    <trkpt lat="43.611087" lon="6.383236"><ele>543</ele></trkpt>
    <trkpt lat="43.611023" lon="6.383242"><ele>543.4</ele></trkpt>
    <trkpt lat="43.610948" lon="6.383293"><ele>543.9</ele></trkpt>
    <trkpt lat="43.610543" lon="6.383583"><ele>546.3</ele></trkpt>
    <trkpt lat="43.610229" lon="6.383854"><ele>547.6</ele></trkpt>
    <trkpt lat="43.610029" lon="6.383939"><ele>548.1</ele></trkpt>
    <trkpt lat="43.608804" lon="6.383999"><ele>553</ele></trkpt>
    <trkpt lat="43.60838" lon="6.38406"><ele>555.4</ele></trkpt>
    <trkpt lat="43.608112" lon="6.384189"><ele>557.1</ele></trkpt>
    <trkpt lat="43.607462" lon="6.3846"><ele>562.4</ele></trkpt>
    <trkpt lat="43.60654" lon="6.384976"><ele>568.7</ele></trkpt>
    <trkpt lat="43.606404" lon="6.38505"><ele>569.5</ele></trkpt>
    <trkpt lat="43.606045" lon="6.385384"><ele>571.5</ele></trkpt>
    <trkpt lat="43.605964" lon="6.385435"><ele>571.8</ele></trkpt>
    <trkpt lat="43.605849" lon="6.385436"><ele>572</ele></trkpt>
    <trkpt lat="43.605773" lon="6.385437"><ele>572.1</ele></trkpt>
    <trkpt lat="43.605751" lon="6.385439"><ele>572.1</ele></trkpt>
    <trkpt lat="43.605593" lon="6.385441"><ele>572</ele></trkpt>
    <trkpt lat="43.605542" lon="6.385344"><ele>571.9</ele></trkpt>
    <trkpt lat="43.605459" lon="6.385031"><ele>571.5</ele></trkpt>
    <trkpt lat="43.605431" lon="6.384774"><ele>571.1</ele></trkpt>
    <trkpt lat="43.605468" lon="6.384563"><ele>570.7</ele></trkpt>
    <trkpt lat="43.605599" lon="6.38432"><ele>570.4</ele></trkpt>
    <trkpt lat="43.605661" lon="6.384196"><ele>570.3</ele></trkpt>
    <trkpt lat="43.605686" lon="6.384074"><ele>570.3</ele></trkpt>
    <trkpt lat="43.605675" lon="6.383698"><ele>570.3</ele></trkpt>
    <trkpt lat="43.6057" lon="6.38349"><ele>570.3</ele></trkpt>
    <trkpt lat="43.605811" lon="6.383138"><ele>570.1</ele></trkpt>
    <trkpt lat="43.605881" lon="6.383039"><ele>570</ele></trkpt>
    <trkpt lat="43.60598" lon="6.38287"><ele>569.8</ele></trkpt>
    <trkpt lat="43.606156" lon="6.38238"><ele>569.1</ele></trkpt>
    <trkpt lat="43.606188" lon="6.382298"><ele>569</ele></trkpt>
    <trkpt lat="43.606155" lon="6.382278"><ele>568.9</ele></trkpt>
    <trkpt lat="43.60536" lon="6.381816"><ele>566</ele></trkpt>
    <trkpt lat="43.605268" lon="6.381777"><ele>565.4</ele></trkpt>
    <trkpt lat="43.605115" lon="6.381762"><ele>564.4</ele></trkpt>
    <trkpt lat="43.604678" lon="6.381806"><ele>562.3</ele></trkpt>
    <trkpt lat="43.604327" lon="6.381729"><ele>562.5</ele></trkpt>
    <trkpt lat="43.604106" lon="6.381632"><ele>563.4</ele></trkpt>
    <trkpt lat="43.604036" lon="6.38162"><ele>563.8</ele></trkpt>
    <trkpt lat="43.603892" lon="6.381656"><ele>564.7</ele></trkpt>
    <trkpt lat="43.60381" lon="6.381685"><ele>565.2</ele></trkpt>
    <trkpt lat="43.603698" lon="6.381633"><ele>566.1</ele></trkpt>
    <trkpt lat="43.603655" lon="6.381526"><ele>566.9</ele></trkpt>
    <trkpt lat="43.603746" lon="6.381429"><ele>567.9</ele></trkpt>
    <trkpt lat="43.603925" lon="6.381173"><ele>570.6</ele></trkpt>
    <trkpt lat="43.604017" lon="6.380993"><ele>572.4</ele></trkpt>
    <trkpt lat="43.604103" lon="6.380601"><ele>576.1</ele></trkpt>
    <trkpt lat="43.604203" lon="6.379859"><ele>582.8</ele></trkpt>
    <trkpt lat="43.604247" lon="6.37935"><ele>586.3</ele></trkpt>
    <trkpt lat="43.604263" lon="6.378935"><ele>588.8</ele></trkpt>
    <trkpt lat="43.604224" lon="6.377629"><ele>594.9</ele></trkpt>
    <trkpt lat="43.604258" lon="6.377324"><ele>596.1</ele></trkpt>
    <trkpt lat="43.604326" lon="6.37693"><ele>597.7</ele></trkpt>
    <trkpt lat="43.604565" lon="6.375989"><ele>602.1</ele></trkpt>
    <trkpt lat="43.604749" lon="6.375361"><ele>605.1</ele></trkpt>
    <trkpt lat="43.604959" lon="6.374894"><ele>607.4</ele></trkpt>
    <trkpt lat="43.605103" lon="6.374661"><ele>608.6</ele></trkpt>
    <trkpt lat="43.605925" lon="6.373741"><ele>614.1</ele></trkpt>
    <trkpt lat="43.60618" lon="6.37339"><ele>616.2</ele></trkpt>
    <trkpt lat="43.60629" lon="6.37315"><ele>617.4</ele></trkpt>
    <trkpt lat="43.6064" lon="6.37278"><ele>619.1</ele></trkpt>
    <trkpt lat="43.606433" lon="6.372332"><ele>621</ele></trkpt>
    <trkpt lat="43.606429" lon="6.372178"><ele>621.6</ele></trkpt>
    <trkpt lat="43.606369" lon="6.371599"><ele>623.7</ele></trkpt>
    <trkpt lat="43.606089" lon="6.37032"><ele>625.7</ele></trkpt>
    <trkpt lat="43.606004" lon="6.370048"><ele>625.6</ele></trkpt>
    <trkpt lat="43.605892" lon="6.369764"><ele>625.5</ele></trkpt>
    <trkpt lat="43.604405" lon="6.366944"><ele>620.4</ele></trkpt>
    <trkpt lat="43.604159" lon="6.36661"><ele>620.8</ele></trkpt>
    <trkpt lat="43.603077" lon="6.365417"><ele>624.2</ele></trkpt>
    <trkpt lat="43.603021" lon="6.365304"><ele>624.3</ele></trkpt>
    <trkpt lat="43.602986" lon="6.365163"><ele>624.4</ele></trkpt>
    <trkpt lat="43.602972" lon="6.36472"><ele>624.6</ele></trkpt>
    <trkpt lat="43.602978" lon="6.36428"><ele>624.9</ele></trkpt>
    <trkpt lat="43.60302" lon="6.364062"><ele>625.1</ele></trkpt>
    <trkpt lat="43.603202" lon="6.36349"><ele>625.1</ele></trkpt>
    <trkpt lat="43.603217" lon="6.36337"><ele>625.2</ele></trkpt>
    <trkpt lat="43.60319" lon="6.363151"><ele>625.4</ele></trkpt>
    <trkpt lat="43.603133" lon="6.362924"><ele>625.8</ele></trkpt>
    <trkpt lat="43.603052" lon="6.362739"><ele>626</ele></trkpt>
    <trkpt lat="43.60296" lon="6.362443"><ele>626.5</ele></trkpt>
    <trkpt lat="43.602954" lon="6.362234"><ele>626.9</ele></trkpt>
    <trkpt lat="43.60303" lon="6.361854"><ele>627.5</ele></trkpt>
    <trkpt lat="43.60426" lon="6.35764"><ele>633</ele></trkpt>
    <trkpt lat="43.604264" lon="6.357499"><ele>633.4</ele></trkpt>
    <trkpt lat="43.604223" lon="6.357329"><ele>634</ele></trkpt>
    <trkpt lat="43.604185" lon="6.357246"><ele>634.4</ele></trkpt>
    <trkpt lat="43.604153" lon="6.35718"><ele>634.7</ele></trkpt>
    <trkpt lat="43.603661" lon="6.356134"><ele>639.5</ele></trkpt>
    <trkpt lat="43.603313" lon="6.355464"><ele>643.2</ele></trkpt>
    <trkpt lat="43.60322" lon="6.355223"><ele>644.4</ele></trkpt>
    <trkpt lat="43.60314" lon="6.354821"><ele>646.2</ele></trkpt>
    <trkpt lat="43.603138" lon="6.354342"><ele>648.1</ele></trkpt>
    <trkpt lat="43.603167" lon="6.353685"><ele>650.8</ele></trkpt>
    <trkpt lat="43.603175" lon="6.353314"><ele>652.1</ele></trkpt>
    <trkpt lat="43.603155" lon="6.353164"><ele>652.7</ele></trkpt>
    <trkpt lat="43.603052" lon="6.352904"><ele>653.6</ele></trkpt>
    <trkpt lat="43.602869" lon="6.352699"><ele>654.5</ele></trkpt>
    <trkpt lat="43.602169" lon="6.352137"><ele>657.2</ele></trkpt>
    <trkpt lat="43.602062" lon="6.352035"><ele>657.7</ele></trkpt>
    <trkpt lat="43.601891" lon="6.351805"><ele>658.6</ele></trkpt>
    <trkpt lat="43.601715" lon="6.351314"><ele>660.4</ele></trkpt>
    <trkpt lat="43.601505" lon="6.350352"><ele>664.3</ele></trkpt>
    <trkpt lat="43.601475" lon="6.349934"><ele>666.2</ele></trkpt>
    <trkpt lat="43.601566" lon="6.348306"><ele>674.1</ele></trkpt>
    <trkpt lat="43.601536" lon="6.347437"><ele>677.6</ele></trkpt>
    <trkpt lat="43.601437" lon="6.346772"><ele>679.5</ele></trkpt>
    <trkpt lat="43.601192" lon="6.345913"><ele>681.1</ele></trkpt>
    <trkpt lat="43.601112" lon="6.345523"><ele>681.6</ele></trkpt>
    <trkpt lat="43.601112" lon="6.34534"><ele>681.8</ele></trkpt>
    <trkpt lat="43.601206" lon="6.344559"><ele>682.8</ele></trkpt>
    <trkpt lat="43.601206" lon="6.344219"><ele>683.3</ele></trkpt>
    <trkpt lat="43.601115" lon="6.343877"><ele>684</ele></trkpt>
    <trkpt lat="43.600928" lon="6.343357"><ele>685.1</ele></trkpt>
    <trkpt lat="43.600859" lon="6.343002"><ele>685.8</ele></trkpt>
    <trkpt lat="43.600863" lon="6.342822"><ele>686.1</ele></trkpt>
    <trkpt lat="43.600985" lon="6.342152"><ele>687.1</ele></trkpt>
    <trkpt lat="43.600996" lon="6.341996"><ele>687.3</ele></trkpt>
    <trkpt lat="43.600944" lon="6.341216"><ele>688.4</ele></trkpt>
    <trkpt lat="43.600917" lon="6.340793"><ele>689</ele></trkpt>
    <trkpt lat="43.600947" lon="6.339883"><ele>690.1</ele></trkpt>
    <trkpt lat="43.600933" lon="6.339496"><ele>690.5</ele></trkpt>
    <trkpt lat="43.600774" lon="6.337999"><ele>691.4</ele></trkpt>
    <trkpt lat="43.600589" lon="6.337355"><ele>691.6</ele></trkpt>
    <trkpt lat="43.600374" lon="6.336751"><ele>692</ele></trkpt>
    <trkpt lat="43.600029" lon="6.335966"><ele>693.3</ele></trkpt>
    <trkpt lat="43.59941" lon="6.334806"><ele>697</ele></trkpt>
    <trkpt lat="43.598972" lon="6.333984"><ele>699.6</ele></trkpt>
    <trkpt lat="43.598796" lon="6.333637"><ele>700.7</ele></trkpt>
    <trkpt lat="43.598065" lon="6.332261"><ele>705.7</ele></trkpt>
    <trkpt lat="43.597928" lon="6.331914"><ele>707</ele></trkpt>
    <trkpt lat="43.597871" lon="6.331662"><ele>707.8</ele></trkpt>
    <trkpt lat="43.597861" lon="6.33091"><ele>709.3</ele></trkpt>
    <trkpt lat="43.597809" lon="6.330591"><ele>709.5</ele></trkpt>
    <trkpt lat="43.597695" lon="6.330324"><ele>709.4</ele></trkpt>
    <trkpt lat="43.597492" lon="6.330101"><ele>708.9</ele></trkpt>
    <trkpt lat="43.596473" lon="6.329261"><ele>701</ele></trkpt>
    <trkpt lat="43.596355" lon="6.329209"><ele>699.8</ele></trkpt>
    <trkpt lat="43.596004" lon="6.329144"><ele>696.9</ele></trkpt>
    <trkpt lat="43.595794" lon="6.329049"><ele>695.3</ele></trkpt>
    <trkpt lat="43.595406" lon="6.328601"><ele>692.6</ele></trkpt>
    <trkpt lat="43.595341" lon="6.328426"><ele>692.1</ele></trkpt>
    <trkpt lat="43.595356" lon="6.32832"><ele>691.8</ele></trkpt>
    <trkpt lat="43.595751" lon="6.327443"><ele>689.7</ele></trkpt>
    <trkpt lat="43.595759" lon="6.327222"><ele>689.3</ele></trkpt>
    <trkpt lat="43.595728" lon="6.327112"><ele>689</ele></trkpt>
    <trkpt lat="43.595675" lon="6.327014"><ele>688.7</ele></trkpt>
    <trkpt lat="43.595522" lon="6.326859"><ele>688</ele></trkpt>
    <trkpt lat="43.59492" lon="6.326427"><ele>684.1</ele></trkpt>
    <trkpt lat="43.594817" lon="6.326326"><ele>683.2</ele></trkpt>
    <trkpt lat="43.594643" lon="6.326063"><ele>681.1</ele></trkpt>
    <trkpt lat="43.59425" lon="6.32502"><ele>675.4</ele></trkpt>
    <trkpt lat="43.594162" lon="6.324728"><ele>674.5</ele></trkpt>
    <trkpt lat="43.594135" lon="6.324588"><ele>674</ele></trkpt>
    <trkpt lat="43.594145" lon="6.324371"><ele>673.3</ele></trkpt>
    <trkpt lat="43.5942" lon="6.32413"><ele>672.6</ele></trkpt>
    <trkpt lat="43.594324" lon="6.323843"><ele>671.7</ele></trkpt>
    <trkpt lat="43.594437" lon="6.323502"><ele>670.7</ele></trkpt>
    <trkpt lat="43.594429" lon="6.323388"><ele>670.4</ele></trkpt>
    <trkpt lat="43.594379" lon="6.323285"><ele>670.1</ele></trkpt>
    <trkpt lat="43.594303" lon="6.3232"><ele>669.9</ele></trkpt>
    <trkpt lat="43.593571" lon="6.322709"><ele>667.8</ele></trkpt>
    <trkpt lat="43.593494" lon="6.32261"><ele>667.5</ele></trkpt>
    <trkpt lat="43.59341" lon="6.322332"><ele>666.9</ele></trkpt>
    <trkpt lat="43.59274" lon="6.318615"><ele>666.1</ele></trkpt>
    <trkpt lat="43.592714" lon="6.318227"><ele>666.3</ele></trkpt>
    <trkpt lat="43.592731" lon="6.317589"><ele>666.7</ele></trkpt>
    <trkpt lat="43.592721" lon="6.315982"><ele>667.8</ele></trkpt>
    <trkpt lat="43.592796" lon="6.315421"><ele>668</ele></trkpt>
    <trkpt lat="43.592866" lon="6.315017"><ele>668.3</ele></trkpt>
    <trkpt lat="43.59287" lon="6.314856"><ele>668.5</ele></trkpt>
    <trkpt lat="43.592851" lon="6.3147"><ele>668.7</ele></trkpt>
    <trkpt lat="43.592688" lon="6.314134"><ele>669.5</ele></trkpt>
    <trkpt lat="43.592626" lon="6.313936"><ele>669.8</ele></trkpt>
    <trkpt lat="43.592468" lon="6.3136"><ele>670.3</ele></trkpt>
    <trkpt lat="43.592419" lon="6.313363"><ele>670.6</ele></trkpt>
    <trkpt lat="43.592422" lon="6.313232"><ele>670.6</ele></trkpt>
    <trkpt lat="43.592564" lon="6.312398"><ele>670.6</ele></trkpt>
    <trkpt lat="43.592567" lon="6.312204"><ele>670.5</ele></trkpt>
    <trkpt lat="43.592568" lon="6.311702"><ele>669.7</ele></trkpt>
    <trkpt lat="43.592508" lon="6.31143"><ele>669</ele></trkpt>
    <trkpt lat="43.592587" lon="6.311349"><ele>668.7</ele></trkpt>
    <trkpt lat="43.592919" lon="6.310153"><ele>665.2</ele></trkpt>
    <trkpt lat="43.592937" lon="6.310003"><ele>664.8</ele></trkpt>
    <trkpt lat="43.592882" lon="6.309135"><ele>662.6</ele></trkpt>
    <trkpt lat="43.592981" lon="6.308173"><ele>660.2</ele></trkpt>
    <trkpt lat="43.592994" lon="6.308079"><ele>660</ele></trkpt>
    <trkpt lat="43.59301" lon="6.307965"><ele>659.7</ele></trkpt>
    <trkpt lat="43.593049" lon="6.307886"><ele>659.5</ele></trkpt>
    <trkpt lat="43.593171" lon="6.307775"><ele>659.1</ele></trkpt>
    <trkpt lat="43.593219" lon="6.307729"><ele>658.9</ele></trkpt>
    <trkpt lat="43.593336" lon="6.30756"><ele>658.6</ele></trkpt>
    <trkpt lat="43.593454" lon="6.30732"><ele>658.2</ele></trkpt>
    <trkpt lat="43.59352" lon="6.307166"><ele>658.1</ele></trkpt>
    <trkpt lat="43.593652" lon="6.3067"><ele>657.9</ele></trkpt>
    <trkpt lat="43.593761" lon="6.306552"><ele>657.9</ele></trkpt>
    <trkpt lat="43.594141" lon="6.306309"><ele>658.1</ele></trkpt>
    <trkpt lat="43.594182" lon="6.30626"><ele>658.2</ele></trkpt>
    <trkpt lat="43.594231" lon="6.306112"><ele>658.3</ele></trkpt>
    <trkpt lat="43.594409" lon="6.304778"><ele>659.4</ele></trkpt>
    <trkpt lat="43.594478" lon="6.30455"><ele>659.4</ele></trkpt>
    <trkpt lat="43.594531" lon="6.304465"><ele>659.4</ele></trkpt>
    <trkpt lat="43.594576" lon="6.304359"><ele>659.3</ele></trkpt>
    <trkpt lat="43.594683" lon="6.30398"><ele>659</ele></trkpt>
    <trkpt lat="43.594734" lon="6.302985"><ele>657.3</ele></trkpt>
    <trkpt lat="43.594901" lon="6.302098"><ele>655.2</ele></trkpt>
    <trkpt lat="43.594996" lon="6.301641"><ele>654.4</ele></trkpt>
    <trkpt lat="43.595379" lon="6.300186"><ele>650.4</ele></trkpt>
    <trkpt lat="43.59543" lon="6.299985"><ele>649.5</ele></trkpt>
    <trkpt lat="43.595831" lon="6.298281"><ele>638.1</ele></trkpt>
    <trkpt lat="43.59608" lon="6.297509"><ele>632.4</ele></trkpt>
    <trkpt lat="43.596128" lon="6.297292"><ele>631</ele></trkpt>
    <trkpt lat="43.596142" lon="6.297034"><ele>629.6</ele></trkpt>
    <trkpt lat="43.596116" lon="6.29683"><ele>628.5</ele></trkpt>
    <trkpt lat="43.596051" lon="6.296627"><ele>627.4</ele></trkpt>
    <trkpt lat="43.595822" lon="6.296282"><ele>625.1</ele></trkpt>
    <trkpt lat="43.595701" lon="6.296149"><ele>624</ele></trkpt>
    <trkpt lat="43.595577" lon="6.296062"><ele>623.1</ele></trkpt>
    <trkpt lat="43.595423" lon="6.296004"><ele>621.9</ele></trkpt>
    <trkpt lat="43.594996" lon="6.29593"><ele>618.2</ele></trkpt>
    <trkpt lat="43.594768" lon="6.295938"><ele>616.1</ele></trkpt>
    <trkpt lat="43.59434" lon="6.296018"><ele>612</ele></trkpt>
    <trkpt lat="43.594147" lon="6.296088"><ele>610</ele></trkpt>
    <trkpt lat="43.593943" lon="6.296187"><ele>607.7</ele></trkpt>
    <trkpt lat="43.593893" lon="6.296148"><ele>607</ele></trkpt>
    <trkpt lat="43.593883" lon="6.296062"><ele>606.4</ele></trkpt>
    <trkpt lat="43.593839" lon="6.29599"><ele>605.7</ele></trkpt>
    <trkpt lat="43.59329" lon="6.295648"><ele>600.3</ele></trkpt>
    <trkpt lat="43.59319" lon="6.295495"><ele>599.3</ele></trkpt>
    <trkpt lat="43.593154" lon="6.295311"><ele>598.5</ele></trkpt>
    <trkpt lat="43.593216" lon="6.294637"><ele>596.2</ele></trkpt>
    <trkpt lat="43.593197" lon="6.293071"><ele>593.7</ele></trkpt>
    <trkpt lat="43.593216" lon="6.292817"><ele>593.5</ele></trkpt>
    <trkpt lat="43.593315" lon="6.292449"><ele>593.4</ele></trkpt>
    <trkpt lat="43.593414" lon="6.292193"><ele>593.5</ele></trkpt>
    <trkpt lat="43.593576" lon="6.291903"><ele>594</ele></trkpt>
    <trkpt lat="43.593659" lon="6.291808"><ele>594.2</ele></trkpt>
    <trkpt lat="43.593668" lon="6.291798"><ele>594.2</ele></trkpt>
    <trkpt lat="43.593901" lon="6.29153"><ele>594.8</ele></trkpt>
    <trkpt lat="43.594604" lon="6.290904"><ele>595.1</ele></trkpt>
    <trkpt lat="43.59479" lon="6.290642"><ele>595.1</ele></trkpt>
    <trkpt lat="43.594874" lon="6.290474"><ele>595.1</ele></trkpt>
    <trkpt lat="43.594971" lon="6.290283"><ele>595</ele></trkpt>
    <trkpt lat="43.595184" lon="6.28989"><ele>594.4</ele></trkpt>
    <trkpt lat="43.595413" lon="6.289665"><ele>593.6</ele></trkpt>
    <trkpt lat="43.595581" lon="6.289568"><ele>593.2</ele></trkpt>
    <trkpt lat="43.596096" lon="6.289439"><ele>593.4</ele></trkpt>
    <trkpt lat="43.596325" lon="6.289446"><ele>593.7</ele></trkpt>
    <trkpt lat="43.59679" lon="6.289543"><ele>595</ele></trkpt>
    <trkpt lat="43.59726" lon="6.289558"><ele>597.7</ele></trkpt>
    <trkpt lat="43.597366" lon="6.289587"><ele>598.4</ele></trkpt>
    <trkpt lat="43.597649" lon="6.289762"><ele>600.2</ele></trkpt>
    <trkpt lat="43.597813" lon="6.289829"><ele>601.2</ele></trkpt>
    <trkpt lat="43.598038" lon="6.289864"><ele>602.6</ele></trkpt>
    <trkpt lat="43.598244" lon="6.289854"><ele>603.3</ele></trkpt>
    <trkpt lat="43.598461" lon="6.289867"><ele>603.7</ele></trkpt>
    <trkpt lat="43.598985" lon="6.290071"><ele>602.7</ele></trkpt>
    <trkpt lat="43.599073" lon="6.290054"><ele>602.3</ele></trkpt>
    <trkpt lat="43.599261" lon="6.289863"><ele>600.9</ele></trkpt>
    <trkpt lat="43.599653" lon="6.28926"><ele>597.4</ele></trkpt>
    <trkpt lat="43.59969" lon="6.289206"><ele>597.1</ele></trkpt>
    <trkpt lat="43.599765" lon="6.289095"><ele>596.4</ele></trkpt>
    <trkpt lat="43.600205" lon="6.288445"><ele>593.8</ele></trkpt>
    <trkpt lat="43.600318" lon="6.288253"><ele>593.5</ele></trkpt>
    <trkpt lat="43.600398" lon="6.288184"><ele>593.4</ele></trkpt>
    <trkpt lat="43.600781" lon="6.288042"><ele>593.1</ele></trkpt>
    <trkpt lat="43.60091" lon="6.287933"><ele>593</ele></trkpt>
    <trkpt lat="43.600967" lon="6.287826"><ele>592.8</ele></trkpt>
    <trkpt lat="43.601002" lon="6.287699"><ele>592.7</ele></trkpt>
    <trkpt lat="43.601025" lon="6.287414"><ele>592.4</ele></trkpt>
    <trkpt lat="43.60099" lon="6.286631"><ele>591.5</ele></trkpt>
    <trkpt lat="43.60099" lon="6.286118"><ele>591</ele></trkpt>
    <trkpt lat="43.601025" lon="6.285608"><ele>590.8</ele></trkpt>
    <trkpt lat="43.60107" lon="6.285341"><ele>590.8</ele></trkpt>
    <trkpt lat="43.601162" lon="6.285104"><ele>590.9</ele></trkpt>
    <trkpt lat="43.601395" lon="6.284723"><ele>591.3</ele></trkpt>
    <trkpt lat="43.601479" lon="6.284495"><ele>591.4</ele></trkpt>
    <trkpt lat="43.601486" lon="6.284235"><ele>591.5</ele></trkpt>
    <trkpt lat="43.601437" lon="6.283852"><ele>591.5</ele></trkpt>
    <trkpt lat="43.60146" lon="6.283598"><ele>591.3</ele></trkpt>
    <trkpt lat="43.601543" lon="6.283304"><ele>590.8</ele></trkpt>
    <trkpt lat="43.601547" lon="6.283095"><ele>590.4</ele></trkpt>
    <trkpt lat="43.601524" lon="6.282998"><ele>590.2</ele></trkpt>
    <trkpt lat="43.601471" lon="6.282908"><ele>589.9</ele></trkpt>
    <trkpt lat="43.601097" lon="6.282635"><ele>588.2</ele></trkpt>
    <trkpt lat="43.600914" lon="6.282427"><ele>587.1</ele></trkpt>
    <trkpt lat="43.600761" lon="6.282197"><ele>586.3</ele></trkpt>
    <trkpt lat="43.600586" lon="6.281844"><ele>585.3</ele></trkpt>
    <trkpt lat="43.600544" lon="6.281579"><ele>584.8</ele></trkpt>
    <trkpt lat="43.600571" lon="6.281305"><ele>584.5</ele></trkpt>
    <trkpt lat="43.600677" lon="6.281059"><ele>584.4</ele></trkpt>
    <trkpt lat="43.600754" lon="6.280954"><ele>584.3</ele></trkpt>
    <trkpt lat="43.601044" lon="6.280715"><ele>584.3</ele></trkpt>
    <trkpt lat="43.601267" lon="6.28048"><ele>584.2</ele></trkpt>
    <trkpt lat="43.601402" lon="6.280297"><ele>584.2</ele></trkpt>
    <trkpt lat="43.601547" lon="6.280025"><ele>584</ele></trkpt>
    <trkpt lat="43.601601" lon="6.27987"><ele>583.8</ele></trkpt>
    <trkpt lat="43.601719" lon="6.279244"><ele>582.5</ele></trkpt>
    <trkpt lat="43.601749" lon="6.278921"><ele>581.8</ele></trkpt>
    <trkpt lat="43.601665" lon="6.278455"><ele>580.4</ele></trkpt>
    <trkpt lat="43.601658" lon="6.278298"><ele>580</ele></trkpt>
    <trkpt lat="43.601707" lon="6.277993"><ele>579.5</ele></trkpt>
    <trkpt lat="43.601814" lon="6.277697"><ele>579.2</ele></trkpt>
    <trkpt lat="43.602139" lon="6.277114"><ele>579.2</ele></trkpt>
    <trkpt lat="43.602432" lon="6.276647"><ele>579.4</ele></trkpt>
    <trkpt lat="43.602837" lon="6.27616"><ele>579.5</ele></trkpt>
    <trkpt lat="43.603281" lon="6.275472"><ele>577.6</ele></trkpt>
    <trkpt lat="43.603559" lon="6.275145"><ele>575.8</ele></trkpt>
    <trkpt lat="43.603611" lon="6.27505"><ele>575.4</ele></trkpt>
    <trkpt lat="43.603663" lon="6.274874"><ele>574.7</ele></trkpt>
    <trkpt lat="43.603823" lon="6.273851"><ele>572.8</ele></trkpt>
    <trkpt lat="43.603877" lon="6.273711"><ele>572.8</ele></trkpt>
    <trkpt lat="43.603949" lon="6.273602"><ele>572.8</ele></trkpt>
    <trkpt lat="43.604147" lon="6.273468"><ele>573.1</ele></trkpt>
    <trkpt lat="43.604266" lon="6.273431"><ele>573.2</ele></trkpt>
    <trkpt lat="43.604656" lon="6.273424"><ele>573.9</ele></trkpt>
    <trkpt lat="43.604759" lon="6.273392"><ele>574.1</ele></trkpt>
    <trkpt lat="43.604847" lon="6.273319"><ele>574.3</ele></trkpt>
    <trkpt lat="43.604974" lon="6.273071"><ele>574.6</ele></trkpt>
    <trkpt lat="43.605111" lon="6.272878"><ele>574.7</ele></trkpt>
    <trkpt lat="43.605316" lon="6.272666"><ele>574.6</ele></trkpt>
    <trkpt lat="43.605396" lon="6.272544"><ele>574.4</ele></trkpt>
    <trkpt lat="43.60572" lon="6.271901"><ele>573.4</ele></trkpt>
    <trkpt lat="43.60577" lon="6.271757"><ele>573.1</ele></trkpt>
    <trkpt lat="43.605815" lon="6.271105"><ele>572.5</ele></trkpt>
    <trkpt lat="43.605907" lon="6.270809"><ele>572.3</ele></trkpt>
    <trkpt lat="43.606384" lon="6.270106"><ele>572.4</ele></trkpt>
    <trkpt lat="43.606686" lon="6.269783"><ele>573.7</ele></trkpt>
    <trkpt lat="43.607006" lon="6.269582"><ele>574.4</ele></trkpt>
    <trkpt lat="43.607212" lon="6.26956"><ele>574.5</ele></trkpt>
    <trkpt lat="43.607296" lon="6.269608"><ele>574.4</ele></trkpt>
    <trkpt lat="43.607471" lon="6.269845"><ele>574.2</ele></trkpt>
    <trkpt lat="43.60754" lon="6.269884"><ele>574.1</ele></trkpt>
    <trkpt lat="43.607612" lon="6.269872"><ele>574</ele></trkpt>
    <trkpt lat="43.607738" lon="6.269714"><ele>573.7</ele></trkpt>
    <trkpt lat="43.607784" lon="6.269593"><ele>573.6</ele></trkpt>
    <trkpt lat="43.607882" lon="6.269162"><ele>573.1</ele></trkpt>
    <trkpt lat="43.607939" lon="6.269041"><ele>572.8</ele></trkpt>
    <trkpt lat="43.608023" lon="6.268938"><ele>572.6</ele></trkpt>
    <trkpt lat="43.608298" lon="6.268745"><ele>571.4</ele></trkpt>
    <trkpt lat="43.60875" lon="6.268352"><ele>570.3</ele></trkpt>
    <trkpt lat="43.609084" lon="6.267924"><ele>570.9</ele></trkpt>
    <trkpt lat="43.609305" lon="6.267803"><ele>571.5</ele></trkpt>
    <trkpt lat="43.60942" lon="6.267795"><ele>571.9</ele></trkpt>
    <trkpt lat="43.609703" lon="6.267892"><ele>572.8</ele></trkpt>
    <trkpt lat="43.610199" lon="6.268157"><ele>574.3</ele></trkpt>
    <trkpt lat="43.610527" lon="6.26843"><ele>575</ele></trkpt>
    <trkpt lat="43.610638" lon="6.268491"><ele>575.1</ele></trkpt>
    <trkpt lat="43.610977" lon="6.268567"><ele>575.3</ele></trkpt>
    <trkpt lat="43.611195" lon="6.268709"><ele>575.4</ele></trkpt>
    <trkpt lat="43.611511" lon="6.269048"><ele>575.6</ele></trkpt>
    <trkpt lat="43.611988" lon="6.269728"><ele>576.9</ele></trkpt>
    <trkpt lat="43.612144" lon="6.270021"><ele>577.8</ele></trkpt>
    <trkpt lat="43.612244" lon="6.270357"><ele>579</ele></trkpt>
    <trkpt lat="43.612259" lon="6.270515"><ele>579.4</ele></trkpt>
    <trkpt lat="43.612209" lon="6.270809"><ele>580.4</ele></trkpt>
    <trkpt lat="43.611961" lon="6.271391"><ele>581.9</ele></trkpt>
    <trkpt lat="43.61182" lon="6.271679"><ele>582.1</ele></trkpt>
    <trkpt lat="43.611565" lon="6.272035"><ele>581.5</ele></trkpt>
    <trkpt lat="43.611443" lon="6.272295"><ele>580.9</ele></trkpt>
    <trkpt lat="43.611404" lon="6.272441"><ele>580.4</ele></trkpt>
    <trkpt lat="43.611374" lon="6.272735"><ele>579.6</ele></trkpt>
    <trkpt lat="43.611382" lon="6.272876"><ele>579.1</ele></trkpt>
    <trkpt lat="43.611474" lon="6.273138"><ele>578.1</ele></trkpt>
    <trkpt lat="43.611519" lon="6.273204"><ele>577.7</ele></trkpt>
    <trkpt lat="43.611585" lon="6.273298"><ele>577.2</ele></trkpt>
    <trkpt lat="43.611713" lon="6.273396"><ele>576.5</ele></trkpt>
    <trkpt lat="43.611967" lon="6.273244"><ele>575.1</ele></trkpt>
    <trkpt lat="43.612715" lon="6.272689"><ele>572.4</ele></trkpt>
    <trkpt lat="43.612786" lon="6.272615"><ele>572.4</ele></trkpt>
    <trkpt lat="43.612814" lon="6.272585"><ele>572.4</ele></trkpt>
    <trkpt lat="43.613022" lon="6.272295"><ele>572.5</ele></trkpt>
    <trkpt lat="43.613811" lon="6.271339"><ele>575.1</ele></trkpt>
    <trkpt lat="43.614231" lon="6.270571"><ele>578.2</ele></trkpt>
    <trkpt lat="43.614323" lon="6.270421"><ele>578.6</ele></trkpt>
    <trkpt lat="43.614455" lon="6.270274"><ele>579</ele></trkpt>
    <trkpt lat="43.614746" lon="6.26995"><ele>579.6</ele></trkpt>
    <trkpt lat="43.615075" lon="6.269596"><ele>579.7</ele></trkpt>
    <trkpt lat="43.6154" lon="6.269265"><ele>579.1</ele></trkpt>
    <trkpt lat="43.615767" lon="6.268892"><ele>577.9</ele></trkpt>
    <trkpt lat="43.616394" lon="6.268241"><ele>574.8</ele></trkpt>
    <trkpt lat="43.616528" lon="6.267981"><ele>573.7</ele></trkpt>
    <trkpt lat="43.616631" lon="6.267478"><ele>571.9</ele></trkpt>
    <trkpt lat="43.616676" lon="6.26712"><ele>570.5</ele></trkpt>
    <trkpt lat="43.61668" lon="6.266932"><ele>569.9</ele></trkpt>
    <trkpt lat="43.616623" lon="6.266416"><ele>567.9</ele></trkpt>
    <trkpt lat="43.616627" lon="6.266217"><ele>567.2</ele></trkpt>
    <trkpt lat="43.616781" lon="6.265532"><ele>564.6</ele></trkpt>
    <trkpt lat="43.617214" lon="6.26403"><ele>557.7</ele></trkpt>
    <trkpt lat="43.61729" lon="6.263616"><ele>555.7</ele></trkpt>
    <trkpt lat="43.617298" lon="6.263409"><ele>554.8</ele></trkpt>
    <trkpt lat="43.617264" lon="6.26284"><ele>552.6</ele></trkpt>
    <trkpt lat="43.617275" lon="6.262668"><ele>552</ele></trkpt>
    <trkpt lat="43.61731" lon="6.262503"><ele>551.5</ele></trkpt>
    <trkpt lat="43.617374" lon="6.262354"><ele>551.1</ele></trkpt>
    <trkpt lat="43.617538" lon="6.262071"><ele>550.2</ele></trkpt>
    <trkpt lat="43.6176" lon="6.261918"><ele>549.9</ele></trkpt>
    <trkpt lat="43.617682" lon="6.261529"><ele>549.1</ele></trkpt>
    <trkpt lat="43.617768" lon="6.260632"><ele>547.9</ele></trkpt>
    <trkpt lat="43.617868" lon="6.260149"><ele>547.2</ele></trkpt>
    <trkpt lat="43.618169" lon="6.259182"><ele>546.3</ele></trkpt>
    <trkpt lat="43.618276" lon="6.259032"><ele>546.3</ele></trkpt>
    <trkpt lat="43.618705" lon="6.25866"><ele>547.2</ele></trkpt>
    <trkpt lat="43.618973" lon="6.258426"><ele>548.6</ele></trkpt>
    <trkpt lat="43.619083" lon="6.258294"><ele>549.3</ele></trkpt>
    <trkpt lat="43.619897" lon="6.256989"><ele>558.8</ele></trkpt>
    <trkpt lat="43.62006" lon="6.256693"><ele>560.8</ele></trkpt>
    <trkpt lat="43.620129" lon="6.256514"><ele>561.8</ele></trkpt>
    <trkpt lat="43.620338" lon="6.255485"><ele>566</ele></trkpt>
    <trkpt lat="43.620399" lon="6.255344"><ele>566.4</ele></trkpt>
    <trkpt lat="43.620651" lon="6.254931"><ele>567.4</ele></trkpt>
    <trkpt lat="43.620955" lon="6.254037"><ele>568.8</ele></trkpt>
    <trkpt lat="43.621027" lon="6.253839"><ele>569.1</ele></trkpt>
    <trkpt lat="43.621346" lon="6.253052"><ele>569.6</ele></trkpt>
    <trkpt lat="43.621504" lon="6.252538"><ele>569.4</ele></trkpt>
    <trkpt lat="43.621717" lon="6.251008"><ele>565.8</ele></trkpt>
    <trkpt lat="43.621804" lon="6.250038"><ele>561.6</ele></trkpt>
    <trkpt lat="43.621838" lon="6.249312"><ele>558.7</ele></trkpt>
    <trkpt lat="43.621777" lon="6.248804"><ele>556.8</ele></trkpt>
    <trkpt lat="43.621792" lon="6.248653"><ele>556.2</ele></trkpt>
    <trkpt lat="43.621841" lon="6.248507"><ele>555.5</ele></trkpt>
    <trkpt lat="43.621918" lon="6.248386"><ele>554.8</ele></trkpt>
    <trkpt lat="43.622177" lon="6.248083"><ele>552.8</ele></trkpt>
    <trkpt lat="43.622238" lon="6.247958"><ele>552.2</ele></trkpt>
    <trkpt lat="43.622278" lon="6.247715"><ele>551.2</ele></trkpt>
    <trkpt lat="43.622265" lon="6.247514"><ele>550.4</ele></trkpt>
    <trkpt lat="43.622227" lon="6.247372"><ele>549.9</ele></trkpt>
    <trkpt lat="43.622152" lon="6.247213"><ele>549.2</ele></trkpt>
    <trkpt lat="43.622036" lon="6.247119"><ele>548.6</ele></trkpt>
    <trkpt lat="43.621948" lon="6.24711"><ele>548.2</ele></trkpt>
    <trkpt lat="43.621853" lon="6.247143"><ele>547.7</ele></trkpt>
    <trkpt lat="43.621597" lon="6.24739"><ele>546</ele></trkpt>
    <trkpt lat="43.621498" lon="6.247452"><ele>545.4</ele></trkpt>
    <trkpt lat="43.621296" lon="6.247472"><ele>544.4</ele></trkpt>
    <trkpt lat="43.621201" lon="6.247427"><ele>544</ele></trkpt>
    <trkpt lat="43.621117" lon="6.247343"><ele>543.6</ele></trkpt>
    <trkpt lat="43.621052" lon="6.24722"><ele>543.2</ele></trkpt>
    <trkpt lat="43.62101" lon="6.247069"><ele>542.8</ele></trkpt>
    <trkpt lat="43.620846" lon="6.24604"><ele>539.7</ele></trkpt>
    <trkpt lat="43.620876" lon="6.245769"><ele>538.8</ele></trkpt>
    <trkpt lat="43.620937" lon="6.245638"><ele>538.3</ele></trkpt>
    <trkpt lat="43.621582" lon="6.244856"><ele>534</ele></trkpt>
    <trkpt lat="43.621822" lon="6.244427"><ele>531.6</ele></trkpt>
    <trkpt lat="43.621861" lon="6.244294"><ele>531</ele></trkpt>
    <trkpt lat="43.621864" lon="6.244021"><ele>529.8</ele></trkpt>
    <trkpt lat="43.621804" lon="6.243832"><ele>529</ele></trkpt>
    <trkpt lat="43.621563" lon="6.243474"><ele>527</ele></trkpt>
    <trkpt lat="43.621471" lon="6.243223"><ele>525.8</ele></trkpt>
    <trkpt lat="43.621449" lon="6.243088"><ele>525.2</ele></trkpt>
    <trkpt lat="43.621471" lon="6.242816"><ele>524</ele></trkpt>
    <trkpt lat="43.621596" lon="6.242367"><ele>521.9</ele></trkpt>
    <trkpt lat="43.621615" lon="6.242188"><ele>521.1</ele></trkpt>
    <trkpt lat="43.621567" lon="6.241857"><ele>519.8</ele></trkpt>
    <trkpt lat="43.621346" lon="6.241021"><ele>516.6</ele></trkpt>
    <trkpt lat="43.621346" lon="6.240767"><ele>515.7</ele></trkpt>
    <trkpt lat="43.621384" lon="6.240656"><ele>515.2</ele></trkpt>
    <trkpt lat="43.621449" lon="6.240557"><ele>514.8</ele></trkpt>
    <trkpt lat="43.6217" lon="6.240272"><ele>513.4</ele></trkpt>
    <trkpt lat="43.621853" lon="6.240032"><ele>512.6</ele></trkpt>
    <trkpt lat="43.621956" lon="6.23972"><ele>511.7</ele></trkpt>
    <trkpt lat="43.622211" lon="6.238727"><ele>508.6</ele></trkpt>
    <trkpt lat="43.622241" lon="6.238447"><ele>507.7</ele></trkpt>
    <trkpt lat="43.622215" lon="6.238309"><ele>507.2</ele></trkpt>
    <trkpt lat="43.622161" lon="6.238178"><ele>506.6</ele></trkpt>
    <trkpt lat="43.621894" lon="6.237812"><ele>504.8</ele></trkpt>
    <trkpt lat="43.621742" lon="6.237494"><ele>503.4</ele></trkpt>
    <trkpt lat="43.62157" lon="6.237043"><ele>501.3</ele></trkpt>
    <trkpt lat="43.621547" lon="6.236927"><ele>500.8</ele></trkpt>
    <trkpt lat="43.621555" lon="6.236828"><ele>500.4</ele></trkpt>
    <trkpt lat="43.621589" lon="6.236742"><ele>500</ele></trkpt>
    <trkpt lat="43.621654" lon="6.236684"><ele>499.6</ele></trkpt>
    <trkpt lat="43.62173" lon="6.236672"><ele>499.2</ele></trkpt>
    <trkpt lat="43.621993" lon="6.236721"><ele>497.7</ele></trkpt>
    <trkpt lat="43.622122" lon="6.236627"><ele>496.9</ele></trkpt>
    <trkpt lat="43.622254" lon="6.236341"><ele>495.6</ele></trkpt>
    <trkpt lat="43.622689" lon="6.235577"><ele>492.4</ele></trkpt>
    <trkpt lat="43.622741" lon="6.235436"><ele>492</ele></trkpt>
    <trkpt lat="43.622794" lon="6.235173"><ele>491.4</ele></trkpt>
    <trkpt lat="43.622866" lon="6.234669"><ele>490.8</ele></trkpt>
    <trkpt lat="43.622951" lon="6.234429"><ele>490.7</ele></trkpt>
    <trkpt lat="43.623625" lon="6.233163"><ele>491.6</ele></trkpt>
    <trkpt lat="43.62384" lon="6.232836"><ele>491.7</ele></trkpt>
    <trkpt lat="43.624187" lon="6.23231"><ele>491.4</ele></trkpt>
    <trkpt lat="43.624739" lon="6.23166"><ele>490.6</ele></trkpt>
    <trkpt lat="43.624899" lon="6.231475"><ele>490.3</ele></trkpt>
    <trkpt lat="43.625511" lon="6.230814"><ele>490.2</ele></trkpt>
    <trkpt lat="43.62616" lon="6.229777"><ele>491.2</ele></trkpt>
    <trkpt lat="43.626301" lon="6.229472"><ele>491.3</ele></trkpt>
    <trkpt lat="43.626368" lon="6.229234"><ele>491.4</ele></trkpt>
    <trkpt lat="43.626698" lon="6.228334"><ele>491.5</ele></trkpt>
    <trkpt lat="43.627052" lon="6.227319"><ele>492.6</ele></trkpt>
    <trkpt lat="43.627232" lon="6.226786"><ele>494.2</ele></trkpt>
    <trkpt lat="43.627301" lon="6.226696"><ele>494.7</ele></trkpt>
    <trkpt lat="43.627361" lon="6.226755"><ele>495.2</ele></trkpt>
    <trkpt lat="43.627441" lon="6.226777"><ele>495.7</ele></trkpt>
    <trkpt lat="43.628039" lon="6.226868"><ele>500.1</ele></trkpt>
    <trkpt lat="43.628226" lon="6.226803"><ele>501.6</ele></trkpt>
    <trkpt lat="43.628411" lon="6.226646"><ele>503.2</ele></trkpt>
    <trkpt lat="43.628543" lon="6.226452"><ele>504.6</ele></trkpt>
    <trkpt lat="43.628615" lon="6.226345"><ele>505.4</ele></trkpt>
    <trkpt lat="43.628882" lon="6.226007"><ele>508.2</ele></trkpt>
    <trkpt lat="43.628967" lon="6.22598"><ele>508.8</ele></trkpt>
    <trkpt lat="43.629086" lon="6.225928"><ele>509.7</ele></trkpt>
    <trkpt lat="43.629148" lon="6.225894"><ele>510.1</ele></trkpt>
    <trkpt lat="43.629162" lon="6.225778"><ele>510.5</ele></trkpt>
    <trkpt lat="43.629191" lon="6.225637"><ele>511</ele></trkpt>
    <trkpt lat="43.629236" lon="6.225505"><ele>511.4</ele></trkpt>
    <trkpt lat="43.62941" lon="6.225255"><ele>512</ele></trkpt>
    <trkpt lat="43.629531" lon="6.225033"><ele>512.3</ele></trkpt>
    <trkpt lat="43.629573" lon="6.224923"><ele>512.4</ele></trkpt>
    <trkpt lat="43.629641" lon="6.224723"><ele>512.5</ele></trkpt>
    <trkpt lat="43.629698" lon="6.224603"><ele>512.5</ele></trkpt>
    <trkpt lat="43.62986" lon="6.224388"><ele>512.5</ele></trkpt>
    <trkpt lat="43.630217" lon="6.224065"><ele>511.9</ele></trkpt>
    <trkpt lat="43.630575" lon="6.223925"><ele>511.2</ele></trkpt>
    <trkpt lat="43.63069" lon="6.22384"><ele>511</ele></trkpt>
    <trkpt lat="43.630783" lon="6.223616"><ele>510.9</ele></trkpt>
    <trkpt lat="43.630782" lon="6.223405"><ele>510.9</ele></trkpt>
    <trkpt lat="43.630779" lon="6.223376"><ele>510.9</ele></trkpt>
    <trkpt lat="43.630766" lon="6.223269"><ele>511</ele></trkpt>
    <trkpt lat="43.630761" lon="6.223234"><ele>511</ele></trkpt>
    <trkpt lat="43.630567" lon="6.221722"><ele>514.3</ele></trkpt>
    <trkpt lat="43.630543" lon="6.221615"><ele>514.9</ele></trkpt>
    <trkpt lat="43.630484" lon="6.221502"><ele>515.5</ele></trkpt>
    <trkpt lat="43.630225" lon="6.22127"><ele>517.6</ele></trkpt>
    <trkpt lat="43.630191" lon="6.221157"><ele>518.1</ele></trkpt>
    <trkpt lat="43.630193" lon="6.221072"><ele>518.5</ele></trkpt>
    <trkpt lat="43.630209" lon="6.22097"><ele>519</ele></trkpt>
    <trkpt lat="43.630256" lon="6.220851"><ele>519.6</ele></trkpt>
    <trkpt lat="43.630311" lon="6.220794"><ele>520</ele></trkpt>
    <trkpt lat="43.630371" lon="6.220758"><ele>520.4</ele></trkpt>
    <trkpt lat="43.630501" lon="6.220747"><ele>521.2</ele></trkpt>
    <trkpt lat="43.630688" lon="6.220712"><ele>522.3</ele></trkpt>
    <trkpt lat="43.630986" lon="6.219961"><ele>524.9</ele></trkpt>
    <trkpt lat="43.63107" lon="6.21983"><ele>525.2</ele></trkpt>
    <trkpt lat="43.631174" lon="6.219728"><ele>525.4</ele></trkpt>
    <trkpt lat="43.631265" lon="6.219721"><ele>525.5</ele></trkpt>
    <trkpt lat="43.631312" lon="6.219671"><ele>525.5</ele></trkpt>
    <trkpt lat="43.631338" lon="6.219598"><ele>525.5</ele></trkpt>
    <trkpt lat="43.631329" lon="6.219481"><ele>525.5</ele></trkpt>
    <trkpt lat="43.631368" lon="6.219223"><ele>525.4</ele></trkpt>
    <trkpt lat="43.631723" lon="6.218534"><ele>524.9</ele></trkpt>
    <trkpt lat="43.631792" lon="6.218352"><ele>524.7</ele></trkpt>
    <trkpt lat="43.631824" lon="6.21826"><ele>524.6</ele></trkpt>
    <trkpt lat="43.632083" lon="6.217481"><ele>523.8</ele></trkpt>
    <trkpt lat="43.632094" lon="6.217447"><ele>523.7</ele></trkpt>
    <trkpt lat="43.632363" lon="6.216622"><ele>522.3</ele></trkpt>
    <trkpt lat="43.632736" lon="6.215453"><ele>519.3</ele></trkpt>
    <trkpt lat="43.633231" lon="6.214196"><ele>515.5</ele></trkpt>
    <trkpt lat="43.63378" lon="6.212822"><ele>511.5</ele></trkpt>
    <trkpt lat="43.634592" lon="6.21077"><ele>506.8</ele></trkpt>
    <trkpt lat="43.634631" lon="6.210672"><ele>506.7</ele></trkpt>
    <trkpt lat="43.634804" lon="6.210236"><ele>506.3</ele></trkpt>
    <trkpt lat="43.635205" lon="6.209221"><ele>506.4</ele></trkpt>
    <trkpt lat="43.635527" lon="6.208408"><ele>507</ele></trkpt>
    <trkpt lat="43.63574" lon="6.20795"><ele>507.3</ele></trkpt>
    <trkpt lat="43.636013" lon="6.207483"><ele>507.5</ele></trkpt>
    <trkpt lat="43.636099" lon="6.207358"><ele>507.5</ele></trkpt>
    <trkpt lat="43.636351" lon="6.20703"><ele>507.4</ele></trkpt>
    <trkpt lat="43.637393" lon="6.205952"><ele>506.4</ele></trkpt>
    <trkpt lat="43.637692" lon="6.205552"><ele>505.8</ele></trkpt>
    <trkpt lat="43.63779" lon="6.205344"><ele>505.5</ele></trkpt>
    <trkpt lat="43.637858" lon="6.205158"><ele>505.3</ele></trkpt>
    <trkpt lat="43.637964" lon="6.204719"><ele>504.8</ele></trkpt>
    <trkpt lat="43.638141" lon="6.203358"><ele>503.5</ele></trkpt>
    <trkpt lat="43.638272" lon="6.202774"><ele>503.2</ele></trkpt>
    <trkpt lat="43.638297" lon="6.202694"><ele>503.1</ele></trkpt>
    <trkpt lat="43.638822" lon="6.201216"><ele>502.6</ele></trkpt>
    <trkpt lat="43.63912" lon="6.200337"><ele>503.2</ele></trkpt>
    <trkpt lat="43.639631" lon="6.198549"><ele>505.7</ele></trkpt>
    <trkpt lat="43.639814" lon="6.197891"><ele>505.9</ele></trkpt>
    <trkpt lat="43.639867" lon="6.197697"><ele>505.8</ele></trkpt>
    <trkpt lat="43.640546" lon="6.19524"><ele>502.8</ele></trkpt>
    <trkpt lat="43.640618" lon="6.195002"><ele>502.6</ele></trkpt>
    <trkpt lat="43.641056" lon="6.193493"><ele>502.1</ele></trkpt>
    <trkpt lat="43.6414" lon="6.192503"><ele>501.9</ele></trkpt>
    <trkpt lat="43.641714" lon="6.191584"><ele>501.3</ele></trkpt>
    <trkpt lat="43.642108" lon="6.190451"><ele>499.9</ele></trkpt>
    <trkpt lat="43.642573" lon="6.189116"><ele>497.6</ele></trkpt>
    <trkpt lat="43.642911" lon="6.188181"><ele>495.5</ele></trkpt>
    <trkpt lat="43.643195" lon="6.187549"><ele>493.4</ele></trkpt>
    <trkpt lat="43.644053" lon="6.18585"><ele>486.7</ele></trkpt>
    <trkpt lat="43.644865" lon="6.184162"><ele>483.3</ele></trkpt>
    <trkpt lat="43.645983" lon="6.181605"><ele>479.8</ele></trkpt>
    <trkpt lat="43.646334" lon="6.180774"><ele>479.5</ele></trkpt>
    <trkpt lat="43.646578" lon="6.180124"><ele>479.3</ele></trkpt>
    <trkpt lat="43.646746" lon="6.179585"><ele>479.1</ele></trkpt>
    <trkpt lat="43.646841" lon="6.17919"><ele>479</ele></trkpt>
    <trkpt lat="43.647003" lon="6.178375"><ele>478.5</ele></trkpt>
    <trkpt lat="43.647199" lon="6.177122"><ele>478.4</ele></trkpt>
    <trkpt lat="43.647296" lon="6.176693"><ele>478.7</ele></trkpt>
    <trkpt lat="43.647387" lon="6.176412"><ele>478.9</ele></trkpt>
    <trkpt lat="43.647631" lon="6.175849"><ele>479.5</ele></trkpt>
    <trkpt lat="43.64851" lon="6.174311"><ele>482.8</ele></trkpt>
    <trkpt lat="43.648937" lon="6.173628"><ele>485.2</ele></trkpt>
    <trkpt lat="43.649241" lon="6.173268"><ele>487</ele></trkpt>
    <trkpt lat="43.649449" lon="6.173067"><ele>488.2</ele></trkpt>
    <trkpt lat="43.650851" lon="6.171783"><ele>497</ele></trkpt>
    <trkpt lat="43.651096" lon="6.171531"><ele>498.4</ele></trkpt>
    <trkpt lat="43.651194" lon="6.171332"><ele>499.2</ele></trkpt>
    <trkpt lat="43.651239" lon="6.171197"><ele>499.6</ele></trkpt>
    <trkpt lat="43.651252" lon="6.171137"><ele>499.8</ele></trkpt>
    <trkpt lat="43.651279" lon="6.170953"><ele>500.4</ele></trkpt>
    <trkpt lat="43.651266" lon="6.170626"><ele>501.2</ele></trkpt>
    <trkpt lat="43.6512" lon="6.1704"><ele>501.8</ele></trkpt>
    <trkpt lat="43.65069" lon="6.168895"><ele>503.8</ele></trkpt>
    <trkpt lat="43.650205" lon="6.166912"><ele>502.4</ele></trkpt>
    <trkpt lat="43.650183" lon="6.166434"><ele>502.6</ele></trkpt>
    <trkpt lat="43.650223" lon="6.165709"><ele>503.4</ele></trkpt>
    <trkpt lat="43.650224" lon="6.165282"><ele>504.1</ele></trkpt>
    <trkpt lat="43.650195" lon="6.16382"><ele>505.3</ele></trkpt>
    <trkpt lat="43.650187" lon="6.163138"><ele>505</ele></trkpt>
    <trkpt lat="43.6502" lon="6.162495"><ele>504.4</ele></trkpt>
    <trkpt lat="43.65032" lon="6.161355"><ele>503.3</ele></trkpt>
    <trkpt lat="43.65036" lon="6.16031"><ele>502.6</ele></trkpt>
    <trkpt lat="43.650348" lon="6.159951"><ele>502.4</ele></trkpt>
    <trkpt lat="43.650321" lon="6.159291"><ele>502.1</ele></trkpt>
    <trkpt lat="43.650383" lon="6.158898"><ele>501.9</ele></trkpt>
    <trkpt lat="43.650771" lon="6.158008"><ele>501.8</ele></trkpt>
    <trkpt lat="43.651047" lon="6.157001"><ele>503.3</ele></trkpt>
    <trkpt lat="43.651527" lon="6.155164"><ele>508</ele></trkpt>
    <trkpt lat="43.651562" lon="6.154864"><ele>508.4</ele></trkpt>
    <trkpt lat="43.651557" lon="6.154698"><ele>508.5</ele></trkpt>
    <trkpt lat="43.651392" lon="6.153425"><ele>509.3</ele></trkpt>
    <trkpt lat="43.65136" lon="6.152981"><ele>509.4</ele></trkpt>
    <trkpt lat="43.651392" lon="6.152583"><ele>509.7</ele></trkpt>
    <trkpt lat="43.651592" lon="6.151527"><ele>511.2</ele></trkpt>
    <trkpt lat="43.651894" lon="6.150315"><ele>511.7</ele></trkpt>
    <trkpt lat="43.652082" lon="6.149554"><ele>511.3</ele></trkpt>
    <trkpt lat="43.652101" lon="6.149188"><ele>511</ele></trkpt>
    <trkpt lat="43.652001" lon="6.148462"><ele>510.8</ele></trkpt>
    <trkpt lat="43.652001" lon="6.148046"><ele>511</ele></trkpt>
    <trkpt lat="43.652497" lon="6.146358"><ele>513</ele></trkpt>
    <trkpt lat="43.652645" lon="6.145996"><ele>513.4</ele></trkpt>
    <trkpt lat="43.652656" lon="6.145974"><ele>513.4</ele></trkpt>
    <trkpt lat="43.652802" lon="6.145741"><ele>513.6</ele></trkpt>
    <trkpt lat="43.653038" lon="6.145425"><ele>513.7</ele></trkpt>
    <trkpt lat="43.653549" lon="6.144921"><ele>513.7</ele></trkpt>
    <trkpt lat="43.654266" lon="6.144227"><ele>514</ele></trkpt>
    <trkpt lat="43.65453" lon="6.143936"><ele>514.1</ele></trkpt>
    <trkpt lat="43.654846" lon="6.14354"><ele>514.5</ele></trkpt>
    <trkpt lat="43.65517" lon="6.143064"><ele>515</ele></trkpt>
    <trkpt lat="43.655472" lon="6.142629"><ele>515.6</ele></trkpt>
    <trkpt lat="43.6557" lon="6.142296"><ele>516.1</ele></trkpt>
    <trkpt lat="43.65627" lon="6.14146"><ele>517.5</ele></trkpt>
    <trkpt lat="43.656457" lon="6.141127"><ele>518</ele></trkpt>
    <trkpt lat="43.656593" lon="6.140822"><ele>518.4</ele></trkpt>
    <trkpt lat="43.656922" lon="6.139885"><ele>519.4</ele></trkpt>
    <trkpt lat="43.657055" lon="6.139579"><ele>519.6</ele></trkpt>
    <trkpt lat="43.657611" lon="6.13848"><ele>520.4</ele></trkpt>
    <trkpt lat="43.657837" lon="6.137861"><ele>520.8</ele></trkpt>
    <trkpt lat="43.657905" lon="6.137401"><ele>521.2</ele></trkpt>
    <trkpt lat="43.657935" lon="6.136854"><ele>521.8</ele></trkpt>
    <trkpt lat="43.65802" lon="6.134851"><ele>525.1</ele></trkpt>
    <trkpt lat="43.658098" lon="6.132896"><ele>528.4</ele></trkpt>
    <trkpt lat="43.658167" lon="6.131939"><ele>530.5</ele></trkpt>
    <trkpt lat="43.658168" lon="6.131932"><ele>530.5</ele></trkpt>
    <trkpt lat="43.658263" lon="6.131018"><ele>533.2</ele></trkpt>
    <trkpt lat="43.658263" lon="6.131018"><ele>533.3</ele></trkpt>
    <trkpt lat="43.658263" lon="6.131018"><ele>533.3</ele></trkpt>
    <trkpt lat="43.658222" lon="6.130463"><ele>535.3</ele></trkpt>
    <trkpt lat="43.658222" lon="6.130463"><ele>535.2</ele></trkpt>
    <trkpt lat="43.658222" lon="6.130463"><ele>535.2</ele></trkpt>
    <trkpt lat="43.658292" lon="6.129891"><ele>537.5</ele></trkpt>
    <trkpt lat="43.658225" lon="6.129601"><ele>538.5</ele></trkpt>
    <trkpt lat="43.65808" lon="6.129304"><ele>539.7</ele></trkpt>
    <trkpt lat="43.657997" lon="6.129191"><ele>540.1</ele></trkpt>
    <trkpt lat="43.657945" lon="6.129137"><ele>540.2</ele></trkpt>
    <trkpt lat="43.657758" lon="6.128996"><ele>540.8</ele></trkpt>
    <trkpt lat="43.657639" lon="6.12894"><ele>541.1</ele></trkpt>
    <trkpt lat="43.657179" lon="6.128843"><ele>541.9</ele></trkpt>
    <trkpt lat="43.656901" lon="6.1288"><ele>542.2</ele></trkpt>
    <trkpt lat="43.656656" lon="6.128734"><ele>542.2</ele></trkpt>
    <trkpt lat="43.656597" lon="6.128653"><ele>542.2</ele></trkpt>
    <trkpt lat="43.656577" lon="6.128589"><ele>542.2</ele></trkpt>
    <trkpt lat="43.656595" lon="6.128488"><ele>542.2</ele></trkpt>
    <trkpt lat="43.656712" lon="6.128169"><ele>542.2</ele></trkpt>
    <trkpt lat="43.656963" lon="6.12752"><ele>542.5</ele></trkpt>
    <trkpt lat="43.657525" lon="6.126053"><ele>544.1</ele></trkpt>
    <trkpt lat="43.657847" lon="6.12518"><ele>545.2</ele></trkpt>
    <trkpt lat="43.658057" lon="6.124761"><ele>545.6</ele></trkpt>
    <trkpt lat="43.658142" lon="6.124597"><ele>545.7</ele></trkpt>
    <trkpt lat="43.658269" lon="6.124338"><ele>545.9</ele></trkpt>
    <trkpt lat="43.658284" lon="6.124245"><ele>546</ele></trkpt>
    <trkpt lat="43.658271" lon="6.124102"><ele>546</ele></trkpt>
    <trkpt lat="43.65823" lon="6.123944"><ele>546</ele></trkpt>
    <trkpt lat="43.657542" lon="6.122164"><ele>544.9</ele></trkpt>
    <trkpt lat="43.657246" lon="6.121399"><ele>543.4</ele></trkpt>
    <trkpt lat="43.65595" lon="6.117843"><ele>534.5</ele></trkpt>
    <trkpt lat="43.65556" lon="6.116556"><ele>533.6</ele></trkpt>
    <trkpt lat="43.655225" lon="6.115342"><ele>533.9</ele></trkpt>
    <trkpt lat="43.65439" lon="6.11292"><ele>534.3</ele></trkpt>
    <trkpt lat="43.65424" lon="6.11243"><ele>534.2</ele></trkpt>
    <trkpt lat="43.65409" lon="6.11174"><ele>534</ele></trkpt>
    <trkpt lat="43.653954" lon="6.110699"><ele>533.6</ele></trkpt>
    <trkpt lat="43.653794" lon="6.10933"><ele>532.5</ele></trkpt>
    <trkpt lat="43.653706" lon="6.108841"><ele>532</ele></trkpt>
    <trkpt lat="43.653593" lon="6.108441"><ele>531.5</ele></trkpt>
    <trkpt lat="43.65167" lon="6.102603"><ele>524.9</ele></trkpt>
    <trkpt lat="43.651645" lon="6.102526"><ele>524.8</ele></trkpt>
    <trkpt lat="43.649423" lon="6.095744"><ele>524.5</ele></trkpt>
    <trkpt lat="43.647107" lon="6.088785"><ele>512</ele></trkpt>
    <trkpt lat="43.647073" lon="6.08849"><ele>511.6</ele></trkpt>
    <trkpt lat="43.64711" lon="6.088271"><ele>511.2</ele></trkpt>
    <trkpt lat="43.647199" lon="6.08808"><ele>510.7</ele></trkpt>
    <trkpt lat="43.647315" lon="6.087942"><ele>510.3</ele></trkpt>
    <trkpt lat="43.647552" lon="6.08777"><ele>509.4</ele></trkpt>
    <trkpt lat="43.647784" lon="6.087601"><ele>508.4</ele></trkpt>
    <trkpt lat="43.648049" lon="6.087379"><ele>507.2</ele></trkpt>
    <trkpt lat="43.648275" lon="6.087137"><ele>505.9</ele></trkpt>
    <trkpt lat="43.648928" lon="6.086282"><ele>500.7</ele></trkpt>
    <trkpt lat="43.649116" lon="6.086133"><ele>499.4</ele></trkpt>
    <trkpt lat="43.649212" lon="6.085983"><ele>498.6</ele></trkpt>
    <trkpt lat="43.649209" lon="6.08587"><ele>498.1</ele></trkpt>
    <trkpt lat="43.649177" lon="6.0858"><ele>497.8</ele></trkpt>
    <trkpt lat="43.649124" lon="6.085757"><ele>497.4</ele></trkpt>
    <trkpt lat="43.648575" lon="6.08571"><ele>494.5</ele></trkpt>
    <trkpt lat="43.648113" lon="6.085536"><ele>492.1</ele></trkpt>
    <trkpt lat="43.646752" lon="6.084946"><ele>485.2</ele></trkpt>
    <trkpt lat="43.64521" lon="6.084265"><ele>476</ele></trkpt>
    <trkpt lat="43.64509" lon="6.08415"><ele>475.2</ele></trkpt>
    <trkpt lat="43.64503" lon="6.08404"><ele>474.6</ele></trkpt>
    <trkpt lat="43.644972" lon="6.083793"><ele>473.6</ele></trkpt>
    <trkpt lat="43.644918" lon="6.083234"><ele>471.5</ele></trkpt>
    <trkpt lat="43.644948" lon="6.083038"><ele>470.8</ele></trkpt>
    <trkpt lat="43.645047" lon="6.082872"><ele>470.1</ele></trkpt>
    <trkpt lat="43.645759" lon="6.082258"><ele>466.7</ele></trkpt>
    <trkpt lat="43.646259" lon="6.081875"><ele>463.9</ele></trkpt>
    <trkpt lat="43.646695" lon="6.081699"><ele>461.5</ele></trkpt>
    <trkpt lat="43.646782" lon="6.081633"><ele>460.9</ele></trkpt>
    <trkpt lat="43.64682" lon="6.081526"><ele>460.5</ele></trkpt>
    <trkpt lat="43.646803" lon="6.081413"><ele>460.1</ele></trkpt>
    <trkpt lat="43.646729" lon="6.081323"><ele>459.5</ele></trkpt>
    <trkpt lat="43.646359" lon="6.081192"><ele>457.6</ele></trkpt>
    <trkpt lat="43.646228" lon="6.081072"><ele>456.8</ele></trkpt>
    <trkpt lat="43.646153" lon="6.080913"><ele>456.1</ele></trkpt>
    <trkpt lat="43.646122" lon="6.080772"><ele>455.6</ele></trkpt>
    <trkpt lat="43.646038" lon="6.079565"><ele>452.2</ele></trkpt>
    <trkpt lat="43.646009" lon="6.079387"><ele>451.8</ele></trkpt>
    <trkpt lat="43.645967" lon="6.07912"><ele>451.2</ele></trkpt>
    <trkpt lat="43.645849" lon="6.078274"><ele>449.4</ele></trkpt>
    <trkpt lat="43.645845" lon="6.077135"><ele>447.2</ele></trkpt>
    <trkpt lat="43.645868" lon="6.076284"><ele>446</ele></trkpt>
    <trkpt lat="43.645893" lon="6.075353"><ele>445.3</ele></trkpt>
    <trkpt lat="43.645898" lon="6.075151"><ele>445.2</ele></trkpt>
    <trkpt lat="43.6459" lon="6.0744"><ele>445.4</ele></trkpt>
    <trkpt lat="43.645877" lon="6.07385"><ele>446</ele></trkpt>
    <trkpt lat="43.64575" lon="6.07083"><ele>451.2</ele></trkpt>
    <trkpt lat="43.645904" lon="6.069"><ele>454</ele></trkpt>
    <trkpt lat="43.645898" lon="6.068682"><ele>454.6</ele></trkpt>
    <trkpt lat="43.645877" lon="6.067563"><ele>457.4</ele></trkpt>
    <trkpt lat="43.6459" lon="6.067228"><ele>458.4</ele></trkpt>
    <trkpt lat="43.645998" lon="6.066972"><ele>459.4</ele></trkpt>
    <trkpt lat="43.646354" lon="6.066375"><ele>462.1</ele></trkpt>
    <trkpt lat="43.646567" lon="6.065906"><ele>464.4</ele></trkpt>
    <trkpt lat="43.646632" lon="6.06576"><ele>465.1</ele></trkpt>
    <trkpt lat="43.646672" lon="6.065671"><ele>465.6</ele></trkpt>
    <trkpt lat="43.646729" lon="6.065541"><ele>466.4</ele></trkpt>
    <trkpt lat="43.646912" lon="6.065358"><ele>467.9</ele></trkpt>
    <trkpt lat="43.64702" lon="6.065326"><ele>468.6</ele></trkpt>
    <trkpt lat="43.647065" lon="6.065187"><ele>469.4</ele></trkpt>
    <trkpt lat="43.647128" lon="6.065139"><ele>469.9</ele></trkpt>
    <trkpt lat="43.647194" lon="6.065029"><ele>470.6</ele></trkpt>
    <trkpt lat="43.647211" lon="6.064943"><ele>471.1</ele></trkpt>
    <trkpt lat="43.647274" lon="6.064685"><ele>472.3</ele></trkpt>
    <trkpt lat="43.647321" lon="6.064585"><ele>472.9</ele></trkpt>
    <trkpt lat="43.647754" lon="6.06401"><ele>476.7</ele></trkpt>
    <trkpt lat="43.64809" lon="6.063778"><ele>478</ele></trkpt>
    <trkpt lat="43.648141" lon="6.063641"><ele>478.2</ele></trkpt>
    <trkpt lat="43.64816" lon="6.063459"><ele>478.4</ele></trkpt>
    <trkpt lat="43.648263" lon="6.063315"><ele>478.4</ele></trkpt>
    <trkpt lat="43.648425" lon="6.06324"><ele>478.3</ele></trkpt>
    <trkpt lat="43.648616" lon="6.063152"><ele>478</ele></trkpt>
    <trkpt lat="43.648739" lon="6.063096"><ele>477.7</ele></trkpt>
    <trkpt lat="43.648863" lon="6.06304"><ele>477.4</ele></trkpt>
    <trkpt lat="43.649178" lon="6.062862"><ele>476.3</ele></trkpt>
    <trkpt lat="43.649223" lon="6.0628"><ele>476</ele></trkpt>
    <trkpt lat="43.649296" lon="6.062609"><ele>475.2</ele></trkpt>
    <trkpt lat="43.649326" lon="6.062325"><ele>474.1</ele></trkpt>
    <trkpt lat="43.649311" lon="6.062177"><ele>473.5</ele></trkpt>
    <trkpt lat="43.649239" lon="6.061909"><ele>472.4</ele></trkpt>
    <trkpt lat="43.649169" lon="6.061774"><ele>471.8</ele></trkpt>
    <trkpt lat="43.648895" lon="6.061428"><ele>469.9</ele></trkpt>
    <trkpt lat="43.648856" lon="6.061294"><ele>469.4</ele></trkpt>
    <trkpt lat="43.648868" lon="6.061149"><ele>468.8</ele></trkpt>
    <trkpt lat="43.649076" lon="6.060859"><ele>467.3</ele></trkpt>
    <trkpt lat="43.649265" lon="6.060694"><ele>466.1</ele></trkpt>
    <trkpt lat="43.649433" lon="6.060615"><ele>465.2</ele></trkpt>
    <trkpt lat="43.649604" lon="6.060594"><ele>464.5</ele></trkpt>
    <trkpt lat="43.649995" lon="6.060656"><ele>463.1</ele></trkpt>
    <trkpt lat="43.650197" lon="6.060651"><ele>462.6</ele></trkpt>
    <trkpt lat="43.650376" lon="6.060595"><ele>462.2</ele></trkpt>
    <trkpt lat="43.651776" lon="6.059841"><ele>461.8</ele></trkpt>
    <trkpt lat="43.651961" lon="6.059741"><ele>461.9</ele></trkpt>
    <trkpt lat="43.652239" lon="6.059583"><ele>462</ele></trkpt>
    <trkpt lat="43.652742" lon="6.059272"><ele>462</ele></trkpt>
    <trkpt lat="43.653526" lon="6.058787"><ele>461.3</ele></trkpt>
    <trkpt lat="43.653965" lon="6.058586"><ele>460.4</ele></trkpt>
    <trkpt lat="43.654289" lon="6.058501"><ele>459.6</ele></trkpt>
    <trkpt lat="43.655512" lon="6.058278"><ele>455.2</ele></trkpt>
    <trkpt lat="43.656305" lon="6.058179"><ele>451.2</ele></trkpt>
    <trkpt lat="43.656995" lon="6.058163"><ele>447.4</ele></trkpt>
    <trkpt lat="43.657514" lon="6.058216"><ele>444.9</ele></trkpt>
    <trkpt lat="43.657868" lon="6.058332"><ele>443.3</ele></trkpt>
    <trkpt lat="43.658792" lon="6.058696"><ele>439.4</ele></trkpt>
    <trkpt lat="43.658996" lon="6.058746"><ele>438.5</ele></trkpt>
    <trkpt lat="43.659138" lon="6.058772"><ele>437.8</ele></trkpt>
    <trkpt lat="43.660121" lon="6.058726"><ele>432.7</ele></trkpt>
    <trkpt lat="43.660281" lon="6.058714"><ele>431.8</ele></trkpt>
    <trkpt lat="43.660554" lon="6.058633"><ele>430.3</ele></trkpt>
    <trkpt lat="43.660699" lon="6.058538"><ele>429.5</ele></trkpt>
    <trkpt lat="43.660829" lon="6.058408"><ele>428.8</ele></trkpt>
    <trkpt lat="43.6616" lon="6.057387"><ele>425.2</ele></trkpt>
    <trkpt lat="43.661802" lon="6.057184"><ele>424.7</ele></trkpt>
    <trkpt lat="43.662056" lon="6.057057"><ele>424.3</ele></trkpt>
    <trkpt lat="43.663239" lon="6.056712"><ele>423</ele></trkpt>
    <trkpt lat="43.664059" lon="6.056705"><ele>421.9</ele></trkpt>
    <trkpt lat="43.664555" lon="6.056536"><ele>420.8</ele></trkpt>
    <trkpt lat="43.665121" lon="6.056252"><ele>419.5</ele></trkpt>
    <trkpt lat="43.665344" lon="6.056203"><ele>419</ele></trkpt>
    <trkpt lat="43.66605" lon="6.056349"><ele>417.6</ele></trkpt>
    <trkpt lat="43.66647" lon="6.056298"><ele>417.3</ele></trkpt>
    <trkpt lat="43.666801" lon="6.05624"><ele>417.1</ele></trkpt>
    <trkpt lat="43.667107" lon="6.056311"><ele>416.8</ele></trkpt>
    <trkpt lat="43.66721" lon="6.056376"><ele>416.7</ele></trkpt>
    <trkpt lat="43.667374" lon="6.056547"><ele>416.5</ele></trkpt>
    <trkpt lat="43.667625" lon="6.05666"><ele>416.1</ele></trkpt>
    <trkpt lat="43.668114" lon="6.056782"><ele>415.3</ele></trkpt>
    <trkpt lat="43.669136" lon="6.056907"><ele>412.5</ele></trkpt>
    <trkpt lat="43.669613" lon="6.056959"><ele>410.7</ele></trkpt>
    <trkpt lat="43.669769" lon="6.05694"><ele>410</ele></trkpt>
    <trkpt lat="43.669914" lon="6.056881"><ele>409.4</ele></trkpt>
    <trkpt lat="43.670044" lon="6.056782"><ele>408.7</ele></trkpt>
    <trkpt lat="43.670159" lon="6.056652"><ele>408</ele></trkpt>
    <trkpt lat="43.670256" lon="6.056469"><ele>407.3</ele></trkpt>
    <trkpt lat="43.670361" lon="6.056129"><ele>406</ele></trkpt>
    <trkpt lat="43.670502" lon="6.055313"><ele>403.5</ele></trkpt>
    <trkpt lat="43.67057" lon="6.055116"><ele>402.9</ele></trkpt>
    <trkpt lat="43.670666" lon="6.054939"><ele>402.4</ele></trkpt>
    <trkpt lat="43.67078" lon="6.054791"><ele>402</ele></trkpt>
    <trkpt lat="43.671074" lon="6.054581"><ele>401.3</ele></trkpt>
    <trkpt lat="43.672703" lon="6.053862"><ele>399.3</ele></trkpt>
    <trkpt lat="43.675606" lon="6.052651"><ele>395.7</ele></trkpt>
    <trkpt lat="43.675953" lon="6.052474"><ele>395.6</ele></trkpt>
    <trkpt lat="43.678515" lon="6.051037"><ele>396.3</ele></trkpt>
    <trkpt lat="43.679085" lon="6.050832"><ele>395.4</ele></trkpt>
    <trkpt lat="43.679249" lon="6.050734"><ele>395.1</ele></trkpt>
    <trkpt lat="43.67971" lon="6.050355"><ele>393.7</ele></trkpt>
    <trkpt lat="43.680542" lon="6.049372"><ele>391.2</ele></trkpt>
    <trkpt lat="43.681602" lon="6.048494"><ele>389.8</ele></trkpt>
    <trkpt lat="43.681736" lon="6.048348"><ele>389.7</ele></trkpt>
    <trkpt lat="43.682104" lon="6.04781"><ele>389.7</ele></trkpt>
    <trkpt lat="43.682436" lon="6.047395"><ele>389.6</ele></trkpt>
    <trkpt lat="43.682563" lon="6.047238"><ele>389.6</ele></trkpt>
    <trkpt lat="43.683015" lon="6.046722"><ele>389.4</ele></trkpt>
    <trkpt lat="43.68332" lon="6.046453"><ele>389.2</ele></trkpt>
    <trkpt lat="43.684116" lon="6.045998"><ele>388.2</ele></trkpt>
    <trkpt lat="43.684342" lon="6.045846"><ele>387.8</ele></trkpt>
    <trkpt lat="43.684643" lon="6.045566"><ele>387.3</ele></trkpt>
    <trkpt lat="43.684773" lon="6.045397"><ele>387.1</ele></trkpt>
    <trkpt lat="43.684995" lon="6.045026"><ele>386.6</ele></trkpt>
    <trkpt lat="43.68504" lon="6.044945"><ele>386.5</ele></trkpt>
    <trkpt lat="43.685482" lon="6.044177"><ele>385.8</ele></trkpt>
    <trkpt lat="43.686077" lon="6.043316"><ele>386.2</ele></trkpt>
    <trkpt lat="43.686798" lon="6.042037"><ele>389.7</ele></trkpt>
    <trkpt lat="43.687027" lon="6.041732"><ele>390.7</ele></trkpt>
    <trkpt lat="43.687153" lon="6.04161"><ele>391.1</ele></trkpt>
    <trkpt lat="43.687294" lon="6.041513"><ele>391.4</ele></trkpt>
    <trkpt lat="43.687588" lon="6.041373"><ele>391.8</ele></trkpt>
    <trkpt lat="43.689469" lon="6.040798"><ele>387</ele></trkpt>
    <trkpt lat="43.690166" lon="6.04051"><ele>384.6</ele></trkpt>
    <trkpt lat="43.690418" lon="6.040393"><ele>383.8</ele></trkpt>
    <trkpt lat="43.69062" lon="6.04026"><ele>383.3</ele></trkpt>
    <trkpt lat="43.690834" lon="6.040024"><ele>382.7</ele></trkpt>
    <trkpt lat="43.691423" lon="6.038879"><ele>380.7</ele></trkpt>
    <trkpt lat="43.691708" lon="6.03854"><ele>379.6</ele></trkpt>
    <trkpt lat="43.692115" lon="6.038129"><ele>377.5</ele></trkpt>
    <trkpt lat="43.692133" lon="6.03811"><ele>377.4</ele></trkpt>
    <trkpt lat="43.692236" lon="6.038004"><ele>377</ele></trkpt>
    <trkpt lat="43.692252" lon="6.037988"><ele>376.9</ele></trkpt>
    <trkpt lat="43.692765" lon="6.037355"><ele>376.1</ele></trkpt>
    <trkpt lat="43.692928" lon="6.037081"><ele>376.4</ele></trkpt>
    <trkpt lat="43.693102" lon="6.036722"><ele>376.8</ele></trkpt>
    <trkpt lat="43.693154" lon="6.03652"><ele>376.9</ele></trkpt>
    <trkpt lat="43.693222" lon="6.036016"><ele>376.8</ele></trkpt>
    <trkpt lat="43.693363" lon="6.03562"><ele>375.9</ele></trkpt>
    <trkpt lat="43.693465" lon="6.035413"><ele>375</ele></trkpt>
    <trkpt lat="43.693645" lon="6.035169"><ele>373.4</ele></trkpt>
    <trkpt lat="43.693848" lon="6.034937"><ele>371.4</ele></trkpt>
    <trkpt lat="43.693956" lon="6.034854"><ele>370.5</ele></trkpt>
    <trkpt lat="43.694104" lon="6.03481"><ele>369.3</ele></trkpt>
    <trkpt lat="43.694284" lon="6.034756"><ele>368</ele></trkpt>
    <trkpt lat="43.694311" lon="6.034754"><ele>367.8</ele></trkpt>
    <trkpt lat="43.694434" lon="6.03479"><ele>367</ele></trkpt>
    <trkpt lat="43.694463" lon="6.034809"><ele>366.8</ele></trkpt>
    <trkpt lat="43.694525" lon="6.034859"><ele>366.3</ele></trkpt>
    <trkpt lat="43.694714" lon="6.035079"><ele>365.2</ele></trkpt>
    <trkpt lat="43.695091" lon="6.035482"><ele>364.2</ele></trkpt>
    <trkpt lat="43.695372" lon="6.035597"><ele>364.1</ele></trkpt>
    <trkpt lat="43.69557" lon="6.035756"><ele>364.2</ele></trkpt>
    <trkpt lat="43.695775" lon="6.036033"><ele>364.2</ele></trkpt>
    <trkpt lat="43.696015" lon="6.036454"><ele>364.7</ele></trkpt>
    <trkpt lat="43.696201" lon="6.037064"><ele>365.2</ele></trkpt>
    <trkpt lat="43.696273" lon="6.037181"><ele>365.2</ele></trkpt>
    <trkpt lat="43.69637" lon="6.037235"><ele>365.3</ele></trkpt>
    <trkpt lat="43.69656" lon="6.037229"><ele>365.4</ele></trkpt>
    <trkpt lat="43.69715" lon="6.037085"><ele>366.5</ele></trkpt>
    <trkpt lat="43.698021" lon="6.036894"><ele>368.1</ele></trkpt>
    <trkpt lat="43.698328" lon="6.03688"><ele>368.1</ele></trkpt>
    <trkpt lat="43.698479" lon="6.03692"><ele>368.1</ele></trkpt>
    <trkpt lat="43.699601" lon="6.037717"><ele>368.6</ele></trkpt>
    <trkpt lat="43.699694" lon="6.037792"><ele>368.8</ele></trkpt>
    <trkpt lat="43.699732" lon="6.037832"><ele>368.9</ele></trkpt>
    <trkpt lat="43.699865" lon="6.037889"><ele>369.2</ele></trkpt>
    <trkpt lat="43.700056" lon="6.037996"><ele>369.8</ele></trkpt>
    <trkpt lat="43.700721" lon="6.038411"><ele>372.2</ele></trkpt>
    <trkpt lat="43.701286" lon="6.039245"><ele>377.7</ele></trkpt>
    <trkpt lat="43.701446" lon="6.039365"><ele>378.7</ele></trkpt>
    <trkpt lat="43.701514" lon="6.039299"><ele>379.2</ele></trkpt>
    <trkpt lat="43.701836" lon="6.039088"><ele>380.8</ele></trkpt>
    <trkpt lat="43.701949" lon="6.039041"><ele>381.3</ele></trkpt>
    <trkpt lat="43.702034" lon="6.039058"><ele>381.7</ele></trkpt>
    <trkpt lat="43.702077" lon="6.039074"><ele>381.9</ele></trkpt>
    <trkpt lat="43.702169" lon="6.039153"><ele>382.3</ele></trkpt>
    <trkpt lat="43.702481" lon="6.039561"><ele>384</ele></trkpt>
    <trkpt lat="43.702674" lon="6.039795"><ele>384.6</ele></trkpt>
    <trkpt lat="43.702691" lon="6.039785"><ele>384.6</ele></trkpt>
    <trkpt lat="43.703076" lon="6.039349"><ele>384.4</ele></trkpt>
    <trkpt lat="43.70329" lon="6.039103"><ele>384.2</ele></trkpt>
    <trkpt lat="43.703384" lon="6.039035"><ele>384.2</ele></trkpt>
    <trkpt lat="43.70359" lon="6.03898"><ele>384.3</ele></trkpt>
    <trkpt lat="43.70372" lon="6.039018"><ele>384.6</ele></trkpt>
    <trkpt lat="43.703749" lon="6.039035"><ele>384.6</ele></trkpt>
    <trkpt lat="43.703795" lon="6.039078"><ele>384.7</ele></trkpt>
    <trkpt lat="43.703826" lon="6.039108"><ele>384.8</ele></trkpt>
    <trkpt lat="43.703992" lon="6.039282"><ele>385.3</ele></trkpt>
    <trkpt lat="43.704132" lon="6.039368"><ele>385.7</ele></trkpt>
    <trkpt lat="43.704222" lon="6.039388"><ele>386</ele></trkpt>
    <trkpt lat="43.704403" lon="6.039352"><ele>386.6</ele></trkpt>
    <trkpt lat="43.704431" lon="6.039344"><ele>386.7</ele></trkpt>
    <trkpt lat="43.704771" lon="6.039227"><ele>388.4</ele></trkpt>
    <trkpt lat="43.704869" lon="6.039192"><ele>389</ele></trkpt>
    <trkpt lat="43.705245" lon="6.038901"><ele>392.2</ele></trkpt>
    <trkpt lat="43.706383" lon="6.037891"><ele>404.9</ele></trkpt>
    <trkpt lat="43.706585" lon="6.037756"><ele>407.1</ele></trkpt>
    <trkpt lat="43.706743" lon="6.037693"><ele>408.7</ele></trkpt>
    <trkpt lat="43.707132" lon="6.037641"><ele>412.7</ele></trkpt>
    <trkpt lat="43.707257" lon="6.037595"><ele>414.1</ele></trkpt>
    <trkpt lat="43.707866" lon="6.037111"><ele>420.5</ele></trkpt>
    <trkpt lat="43.708344" lon="6.036655"><ele>424.9</ele></trkpt>
    <trkpt lat="43.708459" lon="6.036633"><ele>425.7</ele></trkpt>
    <trkpt lat="43.708528" lon="6.036658"><ele>426.2</ele></trkpt>
    <trkpt lat="43.708811" lon="6.036926"><ele>428.7</ele></trkpt>
    <trkpt lat="43.709015" lon="6.03697"><ele>430.2</ele></trkpt>
    <trkpt lat="43.709119" lon="6.036921"><ele>431</ele></trkpt>
    <trkpt lat="43.709476" lon="6.036505"><ele>434.1</ele></trkpt>
    <trkpt lat="43.709659" lon="6.036295"><ele>436.3</ele></trkpt>
    <trkpt lat="43.709782" lon="6.036156"><ele>438</ele></trkpt>
    <trkpt lat="43.709873" lon="6.036096"><ele>439.2</ele></trkpt>
    <trkpt lat="43.710092" lon="6.036019"><ele>441.7</ele></trkpt>
    <trkpt lat="43.71021" lon="6.035943"><ele>442.9</ele></trkpt>
    <trkpt lat="43.710323" lon="6.035828"><ele>444</ele></trkpt>
    <trkpt lat="43.710397" lon="6.035698"><ele>444.9</ele></trkpt>
    <trkpt lat="43.710504" lon="6.035167"><ele>447.3</ele></trkpt>
    <trkpt lat="43.710591" lon="6.035086"><ele>447.9</ele></trkpt>
    <trkpt lat="43.710653" lon="6.035082"><ele>448.2</ele></trkpt>
    <trkpt lat="43.711153" lon="6.035335"><ele>451.3</ele></trkpt>
    <trkpt lat="43.711266" lon="6.035356"><ele>452</ele></trkpt>
    <trkpt lat="43.711948" lon="6.035355"><ele>455.5</ele></trkpt>
    <trkpt lat="43.712417" lon="6.035163"><ele>458.9</ele></trkpt>
    <trkpt lat="43.712681" lon="6.034958"><ele>461.7</ele></trkpt>
    <trkpt lat="43.712768" lon="6.034911"><ele>462.7</ele></trkpt>
    <trkpt lat="43.712849" lon="6.034906"><ele>463.6</ele></trkpt>
    <trkpt lat="43.713154" lon="6.034961"><ele>467.2</ele></trkpt>
    <trkpt lat="43.713261" lon="6.034926"><ele>468.5</ele></trkpt>
    <trkpt lat="43.713424" lon="6.034769"><ele>470.9</ele></trkpt>
    <trkpt lat="43.713718" lon="6.03436"><ele>475.9</ele></trkpt>
    <trkpt lat="43.713832" lon="6.034142"><ele>477.9</ele></trkpt>
    <trkpt lat="43.714236" lon="6.033557"><ele>484.2</ele></trkpt>
    <trkpt lat="43.714368" lon="6.033469"><ele>485.6</ele></trkpt>
    <trkpt lat="43.714452" lon="6.033443"><ele>486.4</ele></trkpt>
    <trkpt lat="43.714702" lon="6.033405"><ele>488.7</ele></trkpt>
    <trkpt lat="43.715116" lon="6.033456"><ele>492.3</ele></trkpt>
    <trkpt lat="43.715448" lon="6.0334"><ele>494.3</ele></trkpt>
    <trkpt lat="43.715616" lon="6.033318"><ele>495.3</ele></trkpt>
    <trkpt lat="43.715673" lon="6.03326"><ele>495.7</ele></trkpt>
    <trkpt lat="43.715696" lon="6.033211"><ele>496</ele></trkpt>
    <trkpt lat="43.715699" lon="6.03308"><ele>496.6</ele></trkpt>
    <trkpt lat="43.715674" lon="6.033023"><ele>497</ele></trkpt>
    <trkpt lat="43.71561" lon="6.032984"><ele>497.5</ele></trkpt>
    <trkpt lat="43.715106" lon="6.033149"><ele>501.8</ele></trkpt>
    <trkpt lat="43.715001" lon="6.033055"><ele>502.9</ele></trkpt>
    <trkpt lat="43.715" lon="6.032981"><ele>503.3</ele></trkpt>
    <trkpt lat="43.71504" lon="6.032894"><ele>503.9</ele></trkpt>
    <trkpt lat="43.715095" lon="6.032848"><ele>504.4</ele></trkpt>
    <trkpt lat="43.715374" lon="6.032771"><ele>506.2</ele></trkpt>
    <trkpt lat="43.715503" lon="6.032703"><ele>506.9</ele></trkpt>
    <trkpt lat="43.715847" lon="6.032463"><ele>508.7</ele></trkpt>
    <trkpt lat="43.716362" lon="6.032358"><ele>511.1</ele></trkpt>
    <trkpt lat="43.716474" lon="6.032378"><ele>511.6</ele></trkpt>
    <trkpt lat="43.716519" lon="6.032433"><ele>511.8</ele></trkpt>
    <trkpt lat="43.716602" lon="6.032642"><ele>512.6</ele></trkpt>
    <trkpt lat="43.71669" lon="6.033014"><ele>514</ele></trkpt>
    <trkpt lat="43.716741" lon="6.033094"><ele>514.4</ele></trkpt>
    <trkpt lat="43.716811" lon="6.033138"><ele>514.9</ele></trkpt>
    <trkpt lat="43.716868" lon="6.03314"><ele>515.2</ele></trkpt>
    <trkpt lat="43.717109" lon="6.033025"><ele>517</ele></trkpt>
    <trkpt lat="43.717479" lon="6.032943"><ele>520.2</ele></trkpt>
    <trkpt lat="43.717611" lon="6.032888"><ele>521.6</ele></trkpt>
    <trkpt lat="43.717855" lon="6.032715"><ele>524.5</ele></trkpt>
    <trkpt lat="43.718061" lon="6.032457"><ele>527.6</ele></trkpt>
    <trkpt lat="43.718063" lon="6.032454"><ele>527.6</ele></trkpt>
    <trkpt lat="43.718267" lon="6.032083"><ele>531.3</ele></trkpt>
    <trkpt lat="43.718672" lon="6.031894"><ele>535.6</ele></trkpt>
    <trkpt lat="43.718747" lon="6.031713"><ele>536.9</ele></trkpt>
    <trkpt lat="43.718778" lon="6.031176"><ele>539.8</ele></trkpt>
    <trkpt lat="43.718743" lon="6.030951"><ele>540.8</ele></trkpt>
    <trkpt lat="43.718656" lon="6.03072"><ele>541.9</ele></trkpt>
    <trkpt lat="43.718621" lon="6.030498"><ele>542.7</ele></trkpt>
    <trkpt lat="43.718754" lon="6.029588"><ele>545.1</ele></trkpt>
    <trkpt lat="43.718763" lon="6.029467"><ele>545.3</ele></trkpt>
    <trkpt lat="43.718612" lon="6.029318"><ele>545.7</ele></trkpt>
    <trkpt lat="43.717773" lon="6.028586"><ele>546.9</ele></trkpt>
    <trkpt lat="43.717184" lon="6.028152"><ele>547.2</ele></trkpt>
    <trkpt lat="43.716115" lon="6.027424"><ele>546.7</ele></trkpt>
    <trkpt lat="43.715922" lon="6.027201"><ele>546.5</ele></trkpt>
    <trkpt lat="43.715846" lon="6.027012"><ele>546.3</ele></trkpt>
    <trkpt lat="43.715298" lon="6.02499"><ele>544.6</ele></trkpt>
    <trkpt lat="43.7145" lon="6.02199"><ele>542.8</ele></trkpt>
    <trkpt lat="43.71445" lon="6.021597"><ele>542.6</ele></trkpt>
    <trkpt lat="43.714489" lon="6.021443"><ele>542.6</ele></trkpt>
    <trkpt lat="43.714592" lon="6.021209"><ele>542.5</ele></trkpt>
    <trkpt lat="43.715042" lon="6.020304"><ele>542.4</ele></trkpt>
    <trkpt lat="43.715269" lon="6.01993"><ele>542.4</ele></trkpt>
    <trkpt lat="43.71545" lon="6.019699"><ele>542.3</ele></trkpt>
    <trkpt lat="43.717203" lon="6.017915"><ele>541.3</ele></trkpt>
    <trkpt lat="43.717686" lon="6.017457"><ele>540.5</ele></trkpt>
    <trkpt lat="43.717985" lon="6.017118"><ele>540</ele></trkpt>
    <trkpt lat="43.718341" lon="6.016624"><ele>539.2</ele></trkpt>
    <trkpt lat="43.719029" lon="6.015614"><ele>537.7</ele></trkpt>
    <trkpt lat="43.719432" lon="6.014985"><ele>537.2</ele></trkpt>
    <trkpt lat="43.72062" lon="6.012949"><ele>537</ele></trkpt>
    <trkpt lat="43.722029" lon="6.011465"><ele>538.8</ele></trkpt>
    <trkpt lat="43.722403" lon="6.010917"><ele>539.2</ele></trkpt>
    <trkpt lat="43.723057" lon="6.009924"><ele>539.3</ele></trkpt>
    <trkpt lat="43.724696" lon="6.007211"><ele>538.6</ele></trkpt>
    <trkpt lat="43.725569" lon="6.005696"><ele>538.6</ele></trkpt>
    <trkpt lat="43.72679" lon="6.002722"><ele>538.2</ele></trkpt>
    <trkpt lat="43.727505" lon="6.00141"><ele>536.8</ele></trkpt>
    <trkpt lat="43.728317" lon="5.999784"><ele>534.2</ele></trkpt>
    <trkpt lat="43.729162" lon="5.997218"><ele>531.7</ele></trkpt>
    <trkpt lat="43.73001" lon="5.99451"><ele>532.7</ele></trkpt>
    <trkpt lat="43.730067" lon="5.9944"><ele>532.7</ele></trkpt>
    <trkpt lat="43.730133" lon="5.994335"><ele>532.6</ele></trkpt>
    <trkpt lat="43.730253" lon="5.994356"><ele>532.5</ele></trkpt>
    <trkpt lat="43.73076" lon="5.994641"><ele>531.5</ele></trkpt>
    <trkpt lat="43.731256" lon="5.995018"><ele>529.5</ele></trkpt>
    <trkpt lat="43.731322" lon="5.995028"><ele>529.1</ele></trkpt>
    <trkpt lat="43.731412" lon="5.994967"><ele>528.6</ele></trkpt>
    <trkpt lat="43.731988" lon="5.994124"><ele>523.3</ele></trkpt>
    <trkpt lat="43.732368" lon="5.993658"><ele>519.5</ele></trkpt>
    <trkpt lat="43.733307" lon="5.992787"><ele>510.2</ele></trkpt>
    <trkpt lat="43.733522" lon="5.992446"><ele>507.2</ele></trkpt>
    <trkpt lat="43.733926" lon="5.991664"><ele>501.2</ele></trkpt>
    <trkpt lat="43.734024" lon="5.991316"><ele>499.3</ele></trkpt>
    <trkpt lat="43.734032" lon="5.990956"><ele>497.7</ele></trkpt>
    <trkpt lat="43.734015" lon="5.990786"><ele>497</ele></trkpt>
    <trkpt lat="43.73398" lon="5.99062"><ele>496.4</ele></trkpt>
    <trkpt lat="43.733631" lon="5.989892"><ele>493.1</ele></trkpt>
    <trkpt lat="43.733593" lon="5.989727"><ele>492.5</ele></trkpt>
    <trkpt lat="43.733627" lon="5.989528"><ele>491.7</ele></trkpt>
    <trkpt lat="43.733851" lon="5.989099"><ele>489.3</ele></trkpt>
    <trkpt lat="43.734096" lon="5.98878"><ele>486.5</ele></trkpt>
    <trkpt lat="43.734741" lon="5.988168"><ele>478</ele></trkpt>
    <trkpt lat="43.735072" lon="5.987924"><ele>473.2</ele></trkpt>
    <trkpt lat="43.735456" lon="5.987351"><ele>465.9</ele></trkpt>
    <trkpt lat="43.735895" lon="5.986866"><ele>459.3</ele></trkpt>
    <trkpt lat="43.736106" lon="5.986666"><ele>456.6</ele></trkpt>
    <trkpt lat="43.736367" lon="5.98636"><ele>453.3</ele></trkpt>
    <trkpt lat="43.736633" lon="5.985872"><ele>449.7</ele></trkpt>
    <trkpt lat="43.736992" lon="5.985253"><ele>445.9</ele></trkpt>
    <trkpt lat="43.737288" lon="5.984551"><ele>442.1</ele></trkpt>
    <trkpt lat="43.737451" lon="5.983805"><ele>438.6</ele></trkpt>
    <trkpt lat="43.737495" lon="5.983697"><ele>438</ele></trkpt>
    <trkpt lat="43.737822" lon="5.983247"><ele>435.1</ele></trkpt>
    <trkpt lat="43.738017" lon="5.982904"><ele>433.1</ele></trkpt>
    <trkpt lat="43.738155" lon="5.982602"><ele>431.7</ele></trkpt>
    <trkpt lat="43.738248" lon="5.982348"><ele>430.6</ele></trkpt>
    <trkpt lat="43.738495" lon="5.981087"><ele>424.4</ele></trkpt>
    <trkpt lat="43.738517" lon="5.980988"><ele>423.8</ele></trkpt>
    <trkpt lat="43.738528" lon="5.980928"><ele>423.4</ele></trkpt>
    <trkpt lat="43.738562" lon="5.980716"><ele>422.1</ele></trkpt>
    <trkpt lat="43.738547" lon="5.980501"><ele>420.8</ele></trkpt>
    <trkpt lat="43.738276" lon="5.979535"><ele>414</ele></trkpt>
    <trkpt lat="43.738253" lon="5.97942"><ele>413.3</ele></trkpt>
    <trkpt lat="43.73825" lon="5.979235"><ele>412.1</ele></trkpt>
    <trkpt lat="43.738287" lon="5.979105"><ele>411.3</ele></trkpt>
    <trkpt lat="43.738477" lon="5.978853"><ele>409.4</ele></trkpt>
    <trkpt lat="43.738747" lon="5.978622"><ele>408.2</ele></trkpt>
    <trkpt lat="43.739095" lon="5.978473"><ele>406.7</ele></trkpt>
    <trkpt lat="43.739187" lon="5.978485"><ele>406.2</ele></trkpt>
    <trkpt lat="43.739272" lon="5.978578"><ele>405.6</ele></trkpt>
    <trkpt lat="43.739328" lon="5.978779"><ele>404.8</ele></trkpt>
    <trkpt lat="43.739364" lon="5.979025"><ele>404</ele></trkpt>
    <trkpt lat="43.739422" lon="5.979084"><ele>403.7</ele></trkpt>
    <trkpt lat="43.739487" lon="5.97905"><ele>403.5</ele></trkpt>
    <trkpt lat="43.739515" lon="5.978954"><ele>403.3</ele></trkpt>
    <trkpt lat="43.739526" lon="5.978603"><ele>402.8</ele></trkpt>
    <trkpt lat="43.739489" lon="5.978394"><ele>402.6</ele></trkpt>
    <trkpt lat="43.739407" lon="5.978232"><ele>402.5</ele></trkpt>
    <trkpt lat="43.739335" lon="5.978172"><ele>402.4</ele></trkpt>
    <trkpt lat="43.739178" lon="5.978117"><ele>402.1</ele></trkpt>
    <trkpt lat="43.739019" lon="5.978098"><ele>401.5</ele></trkpt>
    <trkpt lat="43.738524" lon="5.978294"><ele>399.2</ele></trkpt>
    <trkpt lat="43.738438" lon="5.978275"><ele>398.9</ele></trkpt>
    <trkpt lat="43.73841" lon="5.978241"><ele>398.8</ele></trkpt>
    <trkpt lat="43.738387" lon="5.978163"><ele>398.6</ele></trkpt>
    <trkpt lat="43.738397" lon="5.978076"><ele>398.4</ele></trkpt>
    <trkpt lat="43.738606" lon="5.977535"><ele>397</ele></trkpt>
    <trkpt lat="43.738676" lon="5.97731"><ele>396.2</ele></trkpt>
    <trkpt lat="43.738978" lon="5.976255"><ele>390.2</ele></trkpt>
    <trkpt lat="43.739089" lon="5.976053"><ele>388.6</ele></trkpt>
    <trkpt lat="43.739191" lon="5.975989"><ele>387.7</ele></trkpt>
    <trkpt lat="43.739524" lon="5.975822"><ele>385.6</ele></trkpt>
    <trkpt lat="43.739659" lon="5.975638"><ele>384.8</ele></trkpt>
    <trkpt lat="43.739701" lon="5.975522"><ele>384.4</ele></trkpt>
    <trkpt lat="43.739782" lon="5.975226"><ele>383.4</ele></trkpt>
    <trkpt lat="43.739812" lon="5.975108"><ele>383</ele></trkpt>
    <trkpt lat="43.739911" lon="5.97465"><ele>381.3</ele></trkpt>
    <trkpt lat="43.739911" lon="5.974527"><ele>380.9</ele></trkpt>
    <trkpt lat="43.739874" lon="5.974439"><ele>380.5</ele></trkpt>
    <trkpt lat="43.739815" lon="5.974383"><ele>380.1</ele></trkpt>
    <trkpt lat="43.739667" lon="5.974324"><ele>379.3</ele></trkpt>
    <trkpt lat="43.739577" lon="5.974342"><ele>378.9</ele></trkpt>
    <trkpt lat="43.739364" lon="5.974501"><ele>377.9</ele></trkpt>
    <trkpt lat="43.73925" lon="5.974501"><ele>377.6</ele></trkpt>
    <trkpt lat="43.739181" lon="5.974459"><ele>377.4</ele></trkpt>
    <trkpt lat="43.738753" lon="5.974022"><ele>375.5</ele></trkpt>
    <trkpt lat="43.738707" lon="5.973903"><ele>375</ele></trkpt>
    <trkpt lat="43.738703" lon="5.973725"><ele>374.4</ele></trkpt>
    <trkpt lat="43.738765" lon="5.973582"><ele>373.9</ele></trkpt>
    <trkpt lat="43.738962" lon="5.973322"><ele>373</ele></trkpt>
    <trkpt lat="43.738999" lon="5.973185"><ele>372.7</ele></trkpt>
    <trkpt lat="43.73892" lon="5.972506"><ele>372.7</ele></trkpt>
    <trkpt lat="43.738849" lon="5.972209"><ele>373.1</ele></trkpt>
    <trkpt lat="43.738774" lon="5.972016"><ele>373.3</ele></trkpt>
    <trkpt lat="43.738622" lon="5.971848"><ele>373.1</ele></trkpt>
    <trkpt lat="43.738438" lon="5.971701"><ele>372.8</ele></trkpt>
    <trkpt lat="43.738217" lon="5.971528"><ele>372.5</ele></trkpt>
    <trkpt lat="43.738131" lon="5.97146"><ele>372.5</ele></trkpt>
    <trkpt lat="43.737963" lon="5.971307"><ele>372.4</ele></trkpt>
    <trkpt lat="43.73786" lon="5.971208"><ele>372.5</ele></trkpt>
    <trkpt lat="43.737784" lon="5.971124"><ele>372.5</ele></trkpt>
    <trkpt lat="43.737656" lon="5.970975"><ele>372.5</ele></trkpt>
    <trkpt lat="43.737433" lon="5.970614"><ele>372.5</ele></trkpt>
    <trkpt lat="43.737342" lon="5.970323"><ele>372.8</ele></trkpt>
    <trkpt lat="43.737334" lon="5.970151"><ele>373.2</ele></trkpt>
    <trkpt lat="43.737355" lon="5.970031"><ele>373.4</ele></trkpt>
    <trkpt lat="43.737414" lon="5.96988"><ele>374</ele></trkpt>
    <trkpt lat="43.737509" lon="5.969747"><ele>374.8</ele></trkpt>
    <trkpt lat="43.73766" lon="5.969694"><ele>375.8</ele></trkpt>
    <trkpt lat="43.73783" lon="5.969721"><ele>377.1</ele></trkpt>
    <trkpt lat="43.738005" lon="5.969832"><ele>378.8</ele></trkpt>
    <trkpt lat="43.738175" lon="5.97004"><ele>381</ele></trkpt>
    <trkpt lat="43.738285" lon="5.97022"><ele>382.6</ele></trkpt>
    <trkpt lat="43.738475" lon="5.970509"><ele>385.2</ele></trkpt>
    <trkpt lat="43.738528" lon="5.970573"><ele>385.8</ele></trkpt>
    <trkpt lat="43.738667" lon="5.970711"><ele>387.3</ele></trkpt>
    <trkpt lat="43.739025" lon="5.970907"><ele>390.1</ele></trkpt>
    <trkpt lat="43.739232" lon="5.971014"><ele>391.2</ele></trkpt>
    <trkpt lat="43.739342" lon="5.971104"><ele>391.8</ele></trkpt>
    <trkpt lat="43.739453" lon="5.971251"><ele>392.5</ele></trkpt>
    <trkpt lat="43.739513" lon="5.971389"><ele>393</ele></trkpt>
    <trkpt lat="43.739565" lon="5.971685"><ele>393.8</ele></trkpt>
    <trkpt lat="43.739745" lon="5.972731"><ele>396.7</ele></trkpt>
    <trkpt lat="43.739868" lon="5.973003"><ele>397.7</ele></trkpt>
    <trkpt lat="43.740009" lon="5.973149"><ele>398.7</ele></trkpt>
    <trkpt lat="43.740242" lon="5.973272"><ele>400.4</ele></trkpt>
    <trkpt lat="43.740632" lon="5.973391"><ele>403.2</ele></trkpt>
    <trkpt lat="43.740703" lon="5.973413"><ele>403.7</ele></trkpt>
    <trkpt lat="43.740925" lon="5.973481"><ele>405.5</ele></trkpt>
    <trkpt lat="43.740958" lon="5.973491"><ele>405.7</ele></trkpt>
    <trkpt lat="43.741335" lon="5.973612"><ele>409</ele></trkpt>
    <trkpt lat="43.741453" lon="5.973657"><ele>410</ele></trkpt>
    <trkpt lat="43.741789" lon="5.973737"><ele>413.2</ele></trkpt>
    <trkpt lat="43.742184" lon="5.973737"><ele>416.9</ele></trkpt>
    <trkpt lat="43.742563" lon="5.973689"><ele>420.4</ele></trkpt>
    <trkpt lat="43.742682" lon="5.973617"><ele>421.7</ele></trkpt>
    <trkpt lat="43.743105" lon="5.973134"><ele>426.1</ele></trkpt>
    <trkpt lat="43.743505" lon="5.972654"><ele>428.7</ele></trkpt>
    <trkpt lat="43.743617" lon="5.972539"><ele>429.4</ele></trkpt>
    <trkpt lat="43.743685" lon="5.972516"><ele>429.6</ele></trkpt>
    <trkpt lat="43.74374" lon="5.972574"><ele>429.9</ele></trkpt>
    <trkpt lat="43.74372" lon="5.972679"><ele>430.3</ele></trkpt>
    <trkpt lat="43.743517" lon="5.972925"><ele>431.5</ele></trkpt>
    <trkpt lat="43.743337" lon="5.973216"><ele>432.6</ele></trkpt>
    <trkpt lat="43.743305" lon="5.97331"><ele>432.8</ele></trkpt>
    <trkpt lat="43.743311" lon="5.973355"><ele>432.9</ele></trkpt>
    <trkpt lat="43.743341" lon="5.973386"><ele>433.1</ele></trkpt>
    <trkpt lat="43.743388" lon="5.973372"><ele>433.3</ele></trkpt>
    <trkpt lat="43.743692" lon="5.972979"><ele>435.1</ele></trkpt>
    <trkpt lat="43.744078" lon="5.972855"><ele>437.6</ele></trkpt>
    <trkpt lat="43.744443" lon="5.972526"><ele>441.5</ele></trkpt>
    <trkpt lat="43.744637" lon="5.972406"><ele>443.3</ele></trkpt>
    <trkpt lat="43.744768" lon="5.972365"><ele>444.4</ele></trkpt>
    <trkpt lat="43.744927" lon="5.972358"><ele>445.6</ele></trkpt>
    <trkpt lat="43.745267" lon="5.972505"><ele>448</ele></trkpt>
    <trkpt lat="43.74542" lon="5.972541"><ele>449</ele></trkpt>
    <trkpt lat="43.745508" lon="5.972514"><ele>449.6</ele></trkpt>
    <trkpt lat="43.745579" lon="5.972394"><ele>450.3</ele></trkpt>
    <trkpt lat="43.745588" lon="5.972238"><ele>451</ele></trkpt>
    <trkpt lat="43.745493" lon="5.971898"><ele>452.6</ele></trkpt>
    <trkpt lat="43.745262" lon="5.971462"><ele>454.2</ele></trkpt>
    <trkpt lat="43.745259" lon="5.971374"><ele>454.4</ele></trkpt>
    <trkpt lat="43.745354" lon="5.971313"><ele>454.6</ele></trkpt>
    <trkpt lat="43.745782" lon="5.9713"><ele>455.2</ele></trkpt>
    <trkpt lat="43.745965" lon="5.971303"><ele>455.2</ele></trkpt>
    <trkpt lat="43.746257" lon="5.971332"><ele>455.2</ele></trkpt>
    <trkpt lat="43.746382" lon="5.971387"><ele>455.2</ele></trkpt>
    <trkpt lat="43.746584" lon="5.971528"><ele>454.8</ele></trkpt>
    <trkpt lat="43.746832" lon="5.971819"><ele>454</ele></trkpt>
    <trkpt lat="43.746879" lon="5.971831"><ele>453.8</ele></trkpt>
    <trkpt lat="43.746932" lon="5.9718"><ele>453.6</ele></trkpt>
    <trkpt lat="43.746933" lon="5.971664"><ele>453.1</ele></trkpt>
    <trkpt lat="43.746749" lon="5.971335"><ele>451.5</ele></trkpt>
    <trkpt lat="43.746662" lon="5.970994"><ele>449.9</ele></trkpt>
    <trkpt lat="43.746541" lon="5.970722"><ele>448.5</ele></trkpt>
    <trkpt lat="43.746551" lon="5.970618"><ele>448</ele></trkpt>
    <trkpt lat="43.746632" lon="5.970476"><ele>447.1</ele></trkpt>
    <trkpt lat="43.746965" lon="5.970172"><ele>444.4</ele></trkpt>
    <trkpt lat="43.747418" lon="5.969802"><ele>440.1</ele></trkpt>
    <trkpt lat="43.747438" lon="5.96969"><ele>439.3</ele></trkpt>
    <trkpt lat="43.74742" lon="5.969602"><ele>438.7</ele></trkpt>
    <trkpt lat="43.747294" lon="5.969421"><ele>437.2</ele></trkpt>
    <trkpt lat="43.747282" lon="5.969364"><ele>436.8</ele></trkpt>
    <trkpt lat="43.747301" lon="5.969299"><ele>436.4</ele></trkpt>
    <trkpt lat="43.747393" lon="5.969241"><ele>435.6</ele></trkpt>
    <trkpt lat="43.747656" lon="5.969171"><ele>433.5</ele></trkpt>
    <trkpt lat="43.747776" lon="5.969181"><ele>432.6</ele></trkpt>
    <trkpt lat="43.747911" lon="5.969255"><ele>431.6</ele></trkpt>
    <trkpt lat="43.748263" lon="5.969562"><ele>428.8</ele></trkpt>
    <trkpt lat="43.74844" lon="5.96962"><ele>427.6</ele></trkpt>
    <trkpt lat="43.748621" lon="5.969587"><ele>426.6</ele></trkpt>
    <trkpt lat="43.749485" lon="5.96919"><ele>423.4</ele></trkpt>
    <trkpt lat="43.749572" lon="5.969069"><ele>423</ele></trkpt>
    <trkpt lat="43.7496" lon="5.968867"><ele>422.5</ele></trkpt>
    <trkpt lat="43.749481" lon="5.968607"><ele>421.7</ele></trkpt>
    <trkpt lat="43.749467" lon="5.968478"><ele>421.4</ele></trkpt>
    <trkpt lat="43.749547" lon="5.968334"><ele>421</ele></trkpt>
    <trkpt lat="43.749672" lon="5.96823"><ele>420.4</ele></trkpt>
    <trkpt lat="43.749718" lon="5.968208"><ele>420.2</ele></trkpt>
    <trkpt lat="43.749756" lon="5.968234"><ele>420</ele></trkpt>
    <trkpt lat="43.749759" lon="5.968326"><ele>419.8</ele></trkpt>
    <trkpt lat="43.7497" lon="5.968544"><ele>419.1</ele></trkpt>
    <trkpt lat="43.749815" lon="5.969006"><ele>417.4</ele></trkpt>
    <trkpt lat="43.749822" lon="5.969542"><ele>415.2</ele></trkpt>
    <trkpt lat="43.749854" lon="5.969794"><ele>414</ele></trkpt>
    <trkpt lat="43.750253" lon="5.971672"><ele>407.5</ele></trkpt>
    <trkpt lat="43.750309" lon="5.971766"><ele>407.1</ele></trkpt>
    <trkpt lat="43.750386" lon="5.971837"><ele>406.8</ele></trkpt>
    <trkpt lat="43.750487" lon="5.971857"><ele>406.5</ele></trkpt>
    <trkpt lat="43.750585" lon="5.97183"><ele>406.3</ele></trkpt>
    <trkpt lat="43.750791" lon="5.971794"><ele>405.8</ele></trkpt>
    <trkpt lat="43.751191" lon="5.971703"><ele>405.4</ele></trkpt>
    <trkpt lat="43.751343" lon="5.971589"><ele>405.4</ele></trkpt>
    <trkpt lat="43.751825" lon="5.970859"><ele>407.5</ele></trkpt>
    <trkpt lat="43.75205" lon="5.970637"><ele>408.9</ele></trkpt>
    <trkpt lat="43.752153" lon="5.970589"><ele>409.5</ele></trkpt>
    <trkpt lat="43.753086" lon="5.970428"><ele>415.1</ele></trkpt>
    <trkpt lat="43.753354" lon="5.970379"><ele>416.4</ele></trkpt>
    <trkpt lat="43.753473" lon="5.970302"><ele>416.9</ele></trkpt>
    <trkpt lat="43.753543" lon="5.970149"><ele>417.2</ele></trkpt>
    <trkpt lat="43.753575" lon="5.969873"><ele>417.3</ele></trkpt>
    <trkpt lat="43.753523" lon="5.969651"><ele>417.2</ele></trkpt>
    <trkpt lat="43.753493" lon="5.969577"><ele>417.2</ele></trkpt>
    <trkpt lat="43.753267" lon="5.969432"><ele>417</ele></trkpt>
    <trkpt lat="43.752989" lon="5.969322"><ele>416.8</ele></trkpt>
    <trkpt lat="43.752896" lon="5.969267"><ele>416.8</ele></trkpt>
    <trkpt lat="43.752788" lon="5.969139"><ele>416.8</ele></trkpt>
    <trkpt lat="43.752724" lon="5.968945"><ele>417.1</ele></trkpt>
    <trkpt lat="43.752734" lon="5.968839"><ele>417.3</ele></trkpt>
    <trkpt lat="43.752801" lon="5.968618"><ele>417.9</ele></trkpt>
    <trkpt lat="43.752954" lon="5.968297"><ele>419.1</ele></trkpt>
    <trkpt lat="43.753103" lon="5.96814"><ele>420.1</ele></trkpt>
    <trkpt lat="43.75347" lon="5.967956"><ele>423.3</ele></trkpt>
    <trkpt lat="43.753634" lon="5.967844"><ele>425.1</ele></trkpt>
    <trkpt lat="43.754372" lon="5.967127"><ele>431.6</ele></trkpt>
    <trkpt lat="43.754394" lon="5.967042"><ele>431.8</ele></trkpt>
    <trkpt lat="43.754382" lon="5.966984"><ele>432</ele></trkpt>
    <trkpt lat="43.754246" lon="5.966785"><ele>432.8</ele></trkpt>
    <trkpt lat="43.754113" lon="5.966669"><ele>433.6</ele></trkpt>
    <trkpt lat="43.75381" lon="5.966541"><ele>435.2</ele></trkpt>
    <trkpt lat="43.753729" lon="5.966456"><ele>435.7</ele></trkpt>
    <trkpt lat="43.753716" lon="5.966365"><ele>436</ele></trkpt>
    <trkpt lat="43.753734" lon="5.966292"><ele>436.3</ele></trkpt>
    <trkpt lat="43.753824" lon="5.96618"><ele>437</ele></trkpt>
    <trkpt lat="43.753994" lon="5.966162"><ele>438</ele></trkpt>
    <trkpt lat="43.754127" lon="5.966197"><ele>438.9</ele></trkpt>
    <trkpt lat="43.754208" lon="5.966237"><ele>439.6</ele></trkpt>
    <trkpt lat="43.754575" lon="5.966525"><ele>443.5</ele></trkpt>
    <trkpt lat="43.755189" lon="5.966928"><ele>451.1</ele></trkpt>
    <trkpt lat="43.755357" lon="5.967004"><ele>452.7</ele></trkpt>
    <trkpt lat="43.755482" lon="5.966966"><ele>453.8</ele></trkpt>
    <trkpt lat="43.755613" lon="5.966871"><ele>455</ele></trkpt>
    <trkpt lat="43.755994" lon="5.966506"><ele>458.3</ele></trkpt>
    <trkpt lat="43.756219" lon="5.966438"><ele>459.6</ele></trkpt>
    <trkpt lat="43.757639" lon="5.966952"><ele>464.9</ele></trkpt>
    <trkpt lat="43.758402" lon="5.967286"><ele>465.2</ele></trkpt>
    <trkpt lat="43.758557" lon="5.967313"><ele>464.9</ele></trkpt>
    <trkpt lat="43.75865" lon="5.967282"><ele>464.7</ele></trkpt>
    <trkpt lat="43.758769" lon="5.967183"><ele>464.3</ele></trkpt>
    <trkpt lat="43.758886" lon="5.967027"><ele>463.7</ele></trkpt>
    <trkpt lat="43.759389" lon="5.966348"><ele>460.2</ele></trkpt>
    <trkpt lat="43.759569" lon="5.966063"><ele>458.6</ele></trkpt>
    <trkpt lat="43.759771" lon="5.965666"><ele>456.5</ele></trkpt>
    <trkpt lat="43.759906" lon="5.965499"><ele>455.5</ele></trkpt>
    <trkpt lat="43.760139" lon="5.965378"><ele>454.3</ele></trkpt>
    <trkpt lat="43.760742" lon="5.965235"><ele>451.7</ele></trkpt>
    <trkpt lat="43.760897" lon="5.965281"><ele>451.1</ele></trkpt>
    <trkpt lat="43.760972" lon="5.965364"><ele>450.8</ele></trkpt>
    <trkpt lat="43.761151" lon="5.965932"><ele>449.5</ele></trkpt>
    <trkpt lat="43.761404" lon="5.966477"><ele>447.6</ele></trkpt>
    <trkpt lat="43.761799" lon="5.966859"><ele>445.4</ele></trkpt>
    <trkpt lat="43.761849" lon="5.966868"><ele>445.2</ele></trkpt>
    <trkpt lat="43.761903" lon="5.966857"><ele>444.9</ele></trkpt>
    <trkpt lat="43.762037" lon="5.966729"><ele>444.1</ele></trkpt>
    <trkpt lat="43.762091" lon="5.966611"><ele>443.7</ele></trkpt>
    <trkpt lat="43.762114" lon="5.966479"><ele>443.2</ele></trkpt>
    <trkpt lat="43.762087" lon="5.96582"><ele>440.8</ele></trkpt>
    <trkpt lat="43.762119" lon="5.965456"><ele>439.4</ele></trkpt>
    <trkpt lat="43.762242" lon="5.964917"><ele>437.7</ele></trkpt>
    <trkpt lat="43.762544" lon="5.964196"><ele>435.4</ele></trkpt>
    <trkpt lat="43.762644" lon="5.963877"><ele>434.5</ele></trkpt>
    <trkpt lat="43.762726" lon="5.963453"><ele>433.3</ele></trkpt>
    <trkpt lat="43.762753" lon="5.963039"><ele>432.3</ele></trkpt>
    <trkpt lat="43.76273" lon="5.962608"><ele>431.1</ele></trkpt>
    <trkpt lat="43.762658" lon="5.962184"><ele>430.1</ele></trkpt>
    <trkpt lat="43.762107" lon="5.959732"><ele>423.3</ele></trkpt>
    <trkpt lat="43.761021" lon="5.956831"><ele>410.7</ele></trkpt>
    <trkpt lat="43.760934" lon="5.956402"><ele>409.3</ele></trkpt>
    <trkpt lat="43.760904" lon="5.95594"><ele>408</ele></trkpt>
    <trkpt lat="43.760895" lon="5.9553"><ele>406.1</ele></trkpt>
    <trkpt lat="43.760818" lon="5.954904"><ele>404.9</ele></trkpt>
    <trkpt lat="43.760736" lon="5.954712"><ele>404.3</ele></trkpt>
    <trkpt lat="43.7602" lon="5.953726"><ele>400.6</ele></trkpt>
    <trkpt lat="43.760053" lon="5.953309"><ele>399.2</ele></trkpt>
    <trkpt lat="43.759983" lon="5.953009"><ele>398.3</ele></trkpt>
    <trkpt lat="43.759741" lon="5.951921"><ele>396</ele></trkpt>
    <trkpt lat="43.759512" lon="5.951247"><ele>394.8</ele></trkpt>
    <trkpt lat="43.759267" lon="5.95079"><ele>394.1</ele></trkpt>
    <trkpt lat="43.758801" lon="5.949885"><ele>394.3</ele></trkpt>
    <trkpt lat="43.758694" lon="5.949564"><ele>394.6</ele></trkpt>
    <trkpt lat="43.758577" lon="5.94903"><ele>394.6</ele></trkpt>
    <trkpt lat="43.75853" lon="5.948917"><ele>394.6</ele></trkpt>
    <trkpt lat="43.758405" lon="5.94878"><ele>394.6</ele></trkpt>
    <trkpt lat="43.758133" lon="5.948641"><ele>394.9</ele></trkpt>
    <trkpt lat="43.758016" lon="5.948534"><ele>394.9</ele></trkpt>
    <trkpt lat="43.75795" lon="5.948383"><ele>395</ele></trkpt>
    <trkpt lat="43.757591" lon="5.947019"><ele>397.2</ele></trkpt>
    <trkpt lat="43.757594" lon="5.946741"><ele>398.1</ele></trkpt>
    <trkpt lat="43.757761" lon="5.94637"><ele>399.6</ele></trkpt>
    <trkpt lat="43.75778" lon="5.946281"><ele>399.9</ele></trkpt>
    <trkpt lat="43.757756" lon="5.946078"><ele>400.7</ele></trkpt>
    <trkpt lat="43.757657" lon="5.945928"><ele>401.5</ele></trkpt>
    <trkpt lat="43.757289" lon="5.945716"><ele>404.2</ele></trkpt>
    <trkpt lat="43.757177" lon="5.945479"><ele>405.8</ele></trkpt>
    <trkpt lat="43.757086" lon="5.945117"><ele>407.9</ele></trkpt>
    <trkpt lat="43.75707" lon="5.944911"><ele>409</ele></trkpt>
    <trkpt lat="43.757111" lon="5.944706"><ele>410</ele></trkpt>
    <trkpt lat="43.757317" lon="5.944371"><ele>412</ele></trkpt>
    <trkpt lat="43.757384" lon="5.944206"><ele>412.9</ele></trkpt>
    <trkpt lat="43.75739" lon="5.944059"><ele>413.6</ele></trkpt>
    <trkpt lat="43.757329" lon="5.943856"><ele>414.7</ele></trkpt>
    <trkpt lat="43.757203" lon="5.94375"><ele>415.8</ele></trkpt>
    <trkpt lat="43.7568" lon="5.943624"><ele>418.8</ele></trkpt>
    <trkpt lat="43.756676" lon="5.943543"><ele>419.8</ele></trkpt>
    <trkpt lat="43.756555" lon="5.943344"><ele>421.1</ele></trkpt>
    <trkpt lat="43.756448" lon="5.943065"><ele>422.6</ele></trkpt>
    <trkpt lat="43.755791" lon="5.941368"><ele>433.3</ele></trkpt>
    <trkpt lat="43.755704" lon="5.941226"><ele>433.8</ele></trkpt>
    <trkpt lat="43.755459" lon="5.94103"><ele>434.3</ele></trkpt>
    <trkpt lat="43.755227" lon="5.940927"><ele>434.3</ele></trkpt>
    <trkpt lat="43.755112" lon="5.940955"><ele>434.2</ele></trkpt>
    <trkpt lat="43.754779" lon="5.941136"><ele>433.5</ele></trkpt>
    <trkpt lat="43.754626" lon="5.941114"><ele>433.1</ele></trkpt>
    <trkpt lat="43.754528" lon="5.941048"><ele>432.7</ele></trkpt>
    <trkpt lat="43.75437" lon="5.940744"><ele>431.6</ele></trkpt>
    <trkpt lat="43.754209" lon="5.940321"><ele>430.4</ele></trkpt>
    <trkpt lat="43.754096" lon="5.940131"><ele>430.1</ele></trkpt>
    <trkpt lat="43.753513" lon="5.939661"><ele>429.5</ele></trkpt>
    <trkpt lat="43.753441" lon="5.939565"><ele>429.5</ele></trkpt>
    <trkpt lat="43.753374" lon="5.939384"><ele>429.5</ele></trkpt>
    <trkpt lat="43.753354" lon="5.939143"><ele>429.6</ele></trkpt>
    <trkpt lat="43.753399" lon="5.938835"><ele>429.7</ele></trkpt>
    <trkpt lat="43.753476" lon="5.938635"><ele>429.9</ele></trkpt>
    <trkpt lat="43.753593" lon="5.938483"><ele>430.2</ele></trkpt>
    <trkpt lat="43.753846" lon="5.938374"><ele>430.8</ele></trkpt>
    <trkpt lat="43.754747" lon="5.93819"><ele>432.9</ele></trkpt>
    <trkpt lat="43.754906" lon="5.938059"><ele>433.1</ele></trkpt>
    <trkpt lat="43.754983" lon="5.937899"><ele>433.1</ele></trkpt>
    <trkpt lat="43.755099" lon="5.937155"><ele>431.9</ele></trkpt>
    <trkpt lat="43.755102" lon="5.936932"><ele>431.1</ele></trkpt>
    <trkpt lat="43.755072" lon="5.936786"><ele>430.5</ele></trkpt>
    <trkpt lat="43.754993" lon="5.936636"><ele>429.7</ele></trkpt>
    <trkpt lat="43.754328" lon="5.935778"><ele>424.9</ele></trkpt>
    <trkpt lat="43.754281" lon="5.935686"><ele>424.7</ele></trkpt>
    <trkpt lat="43.754251" lon="5.935548"><ele>424.4</ele></trkpt>
    <trkpt lat="43.754291" lon="5.934482"><ele>425</ele></trkpt>
    <trkpt lat="43.754317" lon="5.934245"><ele>424.9</ele></trkpt>
    <trkpt lat="43.754387" lon="5.934069"><ele>424.8</ele></trkpt>
    <trkpt lat="43.754586" lon="5.933828"><ele>424.1</ele></trkpt>
    <trkpt lat="43.754642" lon="5.933657"><ele>423.5</ele></trkpt>
    <trkpt lat="43.754646" lon="5.933518"><ele>422.9</ele></trkpt>
    <trkpt lat="43.754628" lon="5.933404"><ele>422.4</ele></trkpt>
    <trkpt lat="43.754559" lon="5.933261"><ele>421.4</ele></trkpt>
    <trkpt lat="43.75442" lon="5.933162"><ele>420.1</ele></trkpt>
    <trkpt lat="43.753966" lon="5.93302"><ele>414.9</ele></trkpt>
    <trkpt lat="43.753319" lon="5.932499"><ele>404</ele></trkpt>
    <trkpt lat="43.753216" lon="5.932313"><ele>401.8</ele></trkpt>
    <trkpt lat="43.753117" lon="5.931812"><ele>397.6</ele></trkpt>
    <trkpt lat="43.753007" lon="5.931546"><ele>395.4</ele></trkpt>
    <trkpt lat="43.752898" lon="5.931383"><ele>393.8</ele></trkpt>
    <trkpt lat="43.752759" lon="5.931251"><ele>392.2</ele></trkpt>
    <trkpt lat="43.752452" lon="5.931087"><ele>389.1</ele></trkpt>
    <trkpt lat="43.752317" lon="5.930977"><ele>387.5</ele></trkpt>
    <trkpt lat="43.752256" lon="5.930841"><ele>386.3</ele></trkpt>
    <trkpt lat="43.752167" lon="5.930455"><ele>383.1</ele></trkpt>
    <trkpt lat="43.752099" lon="5.930354"><ele>382</ele></trkpt>
    <trkpt lat="43.751876" lon="5.930187"><ele>379.3</ele></trkpt>
    <trkpt lat="43.75177" lon="5.930055"><ele>377.9</ele></trkpt>
    <trkpt lat="43.751568" lon="5.929546"><ele>374</ele></trkpt>
    <trkpt lat="43.751543" lon="5.929446"><ele>373.4</ele></trkpt>
    <trkpt lat="43.751527" lon="5.929379"><ele>373</ele></trkpt>
    <trkpt lat="43.751506" lon="5.929001"><ele>371.2</ele></trkpt>
    <trkpt lat="43.751543" lon="5.928689"><ele>370</ele></trkpt>
    <trkpt lat="43.751695" lon="5.928165"><ele>368.5</ele></trkpt>
    <trkpt lat="43.751834" lon="5.927935"><ele>368.2</ele></trkpt>
    <trkpt lat="43.752183" lon="5.927695"><ele>367.6</ele></trkpt>
    <trkpt lat="43.752688" lon="5.927472"><ele>365.9</ele></trkpt>
    <trkpt lat="43.752799" lon="5.927462"><ele>365.4</ele></trkpt>
    <trkpt lat="43.75309" lon="5.927539"><ele>363.6</ele></trkpt>
    <trkpt lat="43.753555" lon="5.927436"><ele>361.2</ele></trkpt>
    <trkpt lat="43.753713" lon="5.927396"><ele>360.8</ele></trkpt>
    <trkpt lat="43.753994" lon="5.927167"><ele>360.9</ele></trkpt>
    <trkpt lat="43.754487" lon="5.926971"><ele>363</ele></trkpt>
    <trkpt lat="43.754608" lon="5.926994"><ele>363.7</ele></trkpt>
    <trkpt lat="43.754665" lon="5.927069"><ele>364.2</ele></trkpt>
    <trkpt lat="43.754679" lon="5.92718"><ele>364.6</ele></trkpt>
    <trkpt lat="43.754593" lon="5.928031"><ele>366.8</ele></trkpt>
    <trkpt lat="43.754632" lon="5.928167"><ele>366.7</ele></trkpt>
    <trkpt lat="43.754737" lon="5.928225"><ele>366.4</ele></trkpt>
    <trkpt lat="43.754821" lon="5.928174"><ele>366</ele></trkpt>
    <trkpt lat="43.755121" lon="5.927756"><ele>362.4</ele></trkpt>
    <trkpt lat="43.755191" lon="5.927699"><ele>361.5</ele></trkpt>
    <trkpt lat="43.755499" lon="5.927658"><ele>357</ele></trkpt>
    <trkpt lat="43.755856" lon="5.927512"><ele>350.6</ele></trkpt>
    <trkpt lat="43.756309" lon="5.927547"><ele>343.4</ele></trkpt>
    <trkpt lat="43.756473" lon="5.927493"><ele>341.2</ele></trkpt>
    <trkpt lat="43.756596" lon="5.927357"><ele>339.3</ele></trkpt>
    <trkpt lat="43.756807" lon="5.926974"><ele>336</ele></trkpt>
    <trkpt lat="43.756899" lon="5.926852"><ele>335.1</ele></trkpt>
    <trkpt lat="43.757076" lon="5.926776"><ele>333.7</ele></trkpt>
    <trkpt lat="43.75731" lon="5.926758"><ele>332.1</ele></trkpt>
    <trkpt lat="43.757356" lon="5.926676"><ele>331.6</ele></trkpt>
    <trkpt lat="43.757359" lon="5.926616"><ele>331.4</ele></trkpt>
    <trkpt lat="43.75734" lon="5.926547"><ele>331.1</ele></trkpt>
    <trkpt lat="43.757291" lon="5.926503"><ele>330.8</ele></trkpt>
    <trkpt lat="43.756984" lon="5.926585"><ele>329.1</ele></trkpt>
    <trkpt lat="43.755896" lon="5.926734"><ele>323.5</ele></trkpt>
    <trkpt lat="43.755748" lon="5.926721"><ele>322.7</ele></trkpt>
    <trkpt lat="43.755705" lon="5.926676"><ele>322.5</ele></trkpt>
    <trkpt lat="43.755707" lon="5.926552"><ele>322</ele></trkpt>
    <trkpt lat="43.75579" lon="5.926458"><ele>321.5</ele></trkpt>
    <trkpt lat="43.756492" lon="5.926302"><ele>317.9</ele></trkpt>
    <trkpt lat="43.756683" lon="5.926226"><ele>316.9</ele></trkpt>
    <trkpt lat="43.75695" lon="5.926002"><ele>315.6</ele></trkpt>
    <trkpt lat="43.757274" lon="5.925562"><ele>314.1</ele></trkpt>
    <trkpt lat="43.757473" lon="5.925163"><ele>313.3</ele></trkpt>
    <trkpt lat="43.757605" lon="5.924829"><ele>312.7</ele></trkpt>
    <trkpt lat="43.757758" lon="5.924139"><ele>312</ele></trkpt>
    <trkpt lat="43.757802" lon="5.923386"><ele>311.6</ele></trkpt>
    <trkpt lat="43.757882" lon="5.922954"><ele>311.3</ele></trkpt>
    <trkpt lat="43.757863" lon="5.922848"><ele>311.2</ele></trkpt>
    <trkpt lat="43.757744" lon="5.922469"><ele>311</ele></trkpt>
    <trkpt lat="43.757733" lon="5.922434"><ele>310.9</ele></trkpt>
    <trkpt lat="43.757637" lon="5.922174"><ele>310.9</ele></trkpt>
    <trkpt lat="43.757423" lon="5.921594"><ele>310.9</ele></trkpt>
    <trkpt lat="43.757112" lon="5.92056"><ele>311.8</ele></trkpt>
    <trkpt lat="43.75681" lon="5.919869"><ele>313.3</ele></trkpt>
    <trkpt lat="43.756721" lon="5.919481"><ele>314</ele></trkpt>
    <trkpt lat="43.756618" lon="5.919142"><ele>314.5</ele></trkpt>
    <trkpt lat="43.756311" lon="5.918564"><ele>315.2</ele></trkpt>
    <trkpt lat="43.756124" lon="5.91816"><ele>315.4</ele></trkpt>
    <trkpt lat="43.756017" lon="5.917837"><ele>315.4</ele></trkpt>
    <trkpt lat="43.755972" lon="5.917493"><ele>315.4</ele></trkpt>
    <trkpt lat="43.755966" lon="5.917309"><ele>315.4</ele></trkpt>
    <trkpt lat="43.755996" lon="5.916978"><ele>315.5</ele></trkpt>
    <trkpt lat="43.75654" lon="5.914536"><ele>317.9</ele></trkpt>
    <trkpt lat="43.756586" lon="5.91447"><ele>318</ele></trkpt>
    <trkpt lat="43.756683" lon="5.914399"><ele>318.1</ele></trkpt>
    <trkpt lat="43.756778" lon="5.914442"><ele>318.2</ele></trkpt>
    <trkpt lat="43.756813" lon="5.914262"><ele>318.3</ele></trkpt>
    <trkpt lat="43.757069" lon="5.91283"><ele>318.7</ele></trkpt>
    <trkpt lat="43.757302" lon="5.910562"><ele>320.1</ele></trkpt>
    <trkpt lat="43.757517" lon="5.908455"><ele>323.2</ele></trkpt>
    <trkpt lat="43.757671" lon="5.907059"><ele>326</ele></trkpt>
    <trkpt lat="43.757722" lon="5.906763"><ele>326.7</ele></trkpt>
    <trkpt lat="43.757849" lon="5.906115"><ele>328.7</ele></trkpt>
    <trkpt lat="43.757947" lon="5.905473"><ele>330.9</ele></trkpt>
    <trkpt lat="43.758042" lon="5.903773"><ele>336.6</ele></trkpt>
    <trkpt lat="43.758079" lon="5.903243"><ele>337.9</ele></trkpt>
    <trkpt lat="43.758127" lon="5.9029"><ele>338.6</ele></trkpt>
    <trkpt lat="43.758346" lon="5.902091"><ele>339.5</ele></trkpt>
    <trkpt lat="43.758403" lon="5.90177"><ele>339.6</ele></trkpt>
    <trkpt lat="43.758412" lon="5.901291"><ele>339.6</ele></trkpt>
    <trkpt lat="43.758236" lon="5.899594"><ele>337.8</ele></trkpt>
    <trkpt lat="43.758205" lon="5.899304"><ele>337.5</ele></trkpt>
    <trkpt lat="43.758137" lon="5.898707"><ele>337.1</ele></trkpt>
    <trkpt lat="43.757885" lon="5.897528"><ele>335.5</ele></trkpt>
    <trkpt lat="43.757797" lon="5.897184"><ele>334.8</ele></trkpt>
    <trkpt lat="43.757712" lon="5.896902"><ele>334.1</ele></trkpt>
    <trkpt lat="43.757669" lon="5.896804"><ele>333.8</ele></trkpt>
    <trkpt lat="43.757259" lon="5.896166"><ele>331.1</ele></trkpt>
    <trkpt lat="43.757192" lon="5.895939"><ele>330.2</ele></trkpt>
    <trkpt lat="43.757189" lon="5.895729"><ele>329.4</ele></trkpt>
    <trkpt lat="43.757706" lon="5.89423"><ele>323</ele></trkpt>
    <trkpt lat="43.757736" lon="5.894137"><ele>322.6</ele></trkpt>
    <trkpt lat="43.757778" lon="5.893961"><ele>321.8</ele></trkpt>
    <trkpt lat="43.757849" lon="5.893612"><ele>320.3</ele></trkpt>
    <trkpt lat="43.757964" lon="5.892881"><ele>318.1</ele></trkpt>
    <trkpt lat="43.757973" lon="5.892816"><ele>317.9</ele></trkpt>
    <trkpt lat="43.757972" lon="5.892786"><ele>317.9</ele></trkpt>
    <trkpt lat="43.757982" lon="5.892491"><ele>317.4</ele></trkpt>
    <trkpt lat="43.757988" lon="5.891763"><ele>317.1</ele></trkpt>
    <trkpt lat="43.757987" lon="5.891116"><ele>318.1</ele></trkpt>
    <trkpt lat="43.757987" lon="5.890708"><ele>319.3</ele></trkpt>
    <trkpt lat="43.757986" lon="5.890657"><ele>319.5</ele></trkpt>
    <trkpt lat="43.757986" lon="5.890582"><ele>319.7</ele></trkpt>
    <trkpt lat="43.757987" lon="5.89016"><ele>321.3</ele></trkpt>
    <trkpt lat="43.757988" lon="5.889986"><ele>322</ele></trkpt>
    <trkpt lat="43.757992" lon="5.889715"><ele>323.2</ele></trkpt>
    <trkpt lat="43.757992" lon="5.889599"><ele>323.7</ele></trkpt>
    <trkpt lat="43.757992" lon="5.889382"><ele>324.6</ele></trkpt>
    <trkpt lat="43.757992" lon="5.889362"><ele>324.6</ele></trkpt>
    <trkpt lat="43.757997" lon="5.888152"><ele>328.2</ele></trkpt>
    <trkpt lat="43.757998" lon="5.887973"><ele>328.6</ele></trkpt>
    <trkpt lat="43.758021" lon="5.887841"><ele>328.9</ele></trkpt>
    <trkpt lat="43.75803" lon="5.887834"><ele>328.9</ele></trkpt>
    <trkpt lat="43.758105" lon="5.887916"><ele>329.2</ele></trkpt>
    <trkpt lat="43.758114" lon="5.887965"><ele>329.3</ele></trkpt>
    <trkpt lat="43.758185" lon="5.888432"><ele>329.9</ele></trkpt>
    <trkpt lat="43.758252" lon="5.888569"><ele>330</ele></trkpt>
    <trkpt lat="43.75831" lon="5.888605"><ele>330.1</ele></trkpt>
    <trkpt lat="43.758474" lon="5.888635"><ele>330.1</ele></trkpt>
    <trkpt lat="43.758695" lon="5.888665"><ele>330</ele></trkpt>
    <trkpt lat="43.759179" lon="5.88873"><ele>329.9</ele></trkpt>
    <trkpt lat="43.760089" lon="5.888866"><ele>330.9</ele></trkpt>
    <trkpt lat="43.760141" lon="5.888875"><ele>330.9</ele></trkpt>
    <trkpt lat="43.760463" lon="5.88892"><ele>331</ele></trkpt>
    <trkpt lat="43.761021" lon="5.889006"><ele>331</ele></trkpt>
    <trkpt lat="43.761699" lon="5.889063"><ele>330.9</ele></trkpt>
    <trkpt lat="43.761834" lon="5.889071"><ele>330.9</ele></trkpt>
    <trkpt lat="43.762526" lon="5.889125"><ele>331.7</ele></trkpt>
    <trkpt lat="43.762606" lon="5.889168"><ele>331.9</ele></trkpt>
    <trkpt lat="43.762754" lon="5.889269"><ele>332.3</ele></trkpt>
    <trkpt lat="43.762776" lon="5.88929"><ele>332.3</ele></trkpt>
    <trkpt lat="43.76285" lon="5.889295"><ele>332.5</ele></trkpt>
    <trkpt lat="43.762869" lon="5.889282"><ele>332.5</ele></trkpt>
    <trkpt lat="43.763082" lon="5.8892"><ele>333.1</ele></trkpt>
    <trkpt lat="43.763779" lon="5.889435"><ele>334.7</ele></trkpt>
    <trkpt lat="43.764192" lon="5.88979"><ele>335.1</ele></trkpt>
    <trkpt lat="43.764307" lon="5.889979"><ele>335.1</ele></trkpt>
    <trkpt lat="43.764609" lon="5.890717"><ele>334.6</ele></trkpt>
    <trkpt lat="43.764964" lon="5.891356"><ele>333.6</ele></trkpt>
    <trkpt lat="43.765091" lon="5.891585"><ele>333.6</ele></trkpt>
    <trkpt lat="43.765522" lon="5.892296"><ele>334.8</ele></trkpt>
    <trkpt lat="43.765662" lon="5.892453"><ele>335.4</ele></trkpt>
    <trkpt lat="43.765824" lon="5.892574"><ele>336</ele></trkpt>
    <trkpt lat="43.766654" lon="5.892976"><ele>338.3</ele></trkpt>
    <trkpt lat="43.766709" lon="5.893062"><ele>338.5</ele></trkpt>
    <trkpt lat="43.767105" lon="5.893867"><ele>338.9</ele></trkpt>
    <trkpt lat="43.767482" lon="5.894826"><ele>338.6</ele></trkpt>
    <trkpt lat="43.767863" lon="5.895424"><ele>339.2</ele></trkpt>
    <trkpt lat="43.768484" lon="5.89642"><ele>340.4</ele></trkpt>
    <trkpt lat="43.769318" lon="5.897593"><ele>342</ele></trkpt>
    <trkpt lat="43.769859" lon="5.898296"><ele>343.8</ele></trkpt>
    <trkpt lat="43.771297" lon="5.899642"><ele>350.2</ele></trkpt>
    <trkpt lat="43.771523" lon="5.899938"><ele>351.3</ele></trkpt>
    <trkpt lat="43.77202" lon="5.900745"><ele>353.8</ele></trkpt>
    <trkpt lat="43.772118" lon="5.900955"><ele>354.4</ele></trkpt>
    <trkpt lat="43.772338" lon="5.901631"><ele>356</ele></trkpt>
    <trkpt lat="43.772438" lon="5.901789"><ele>356.4</ele></trkpt>
    <trkpt lat="43.772518" lon="5.901865"><ele>356.6</ele></trkpt>
    <trkpt lat="43.77265" lon="5.90193"><ele>357</ele></trkpt>
    <trkpt lat="43.772727" lon="5.901934"><ele>357.2</ele></trkpt>
    <trkpt lat="43.773153" lon="5.901851"><ele>358</ele></trkpt>
    <trkpt lat="43.773832" lon="5.901862"><ele>359</ele></trkpt>
    <trkpt lat="43.77397" lon="5.901896"><ele>359.1</ele></trkpt>
    <trkpt lat="43.774082" lon="5.901961"><ele>359.3</ele></trkpt>
    <trkpt lat="43.77453" lon="5.90242"><ele>360.5</ele></trkpt>
    <trkpt lat="43.775182" lon="5.902722"><ele>362.2</ele></trkpt>
    <trkpt lat="43.775489" lon="5.903011"><ele>363.1</ele></trkpt>
    <trkpt lat="43.77579" lon="5.90342"><ele>364.1</ele></trkpt>
    <trkpt lat="43.777002" lon="5.905379"><ele>366.4</ele></trkpt>
    <trkpt lat="43.777116" lon="5.90555"><ele>366.6</ele></trkpt>
    <trkpt lat="43.780529" lon="5.909792"><ele>374.6</ele></trkpt>
    <trkpt lat="43.781711" lon="5.910759"><ele>375.6</ele></trkpt>
    <trkpt lat="43.782516" lon="5.911558"><ele>376.7</ele></trkpt>
    <trkpt lat="43.78395" lon="5.91287"><ele>380.1</ele></trkpt>
    <trkpt lat="43.784349" lon="5.913213"><ele>380.2</ele></trkpt>
    <trkpt lat="43.784987" lon="5.913662"><ele>380.5</ele></trkpt>
    <trkpt lat="43.78607" lon="5.91442"><ele>383.2</ele></trkpt>
    <trkpt lat="43.78677" lon="5.914842"><ele>386</ele></trkpt>
    <trkpt lat="43.788174" lon="5.915571"><ele>389.3</ele></trkpt>
    <trkpt lat="43.789415" lon="5.915988"><ele>389.2</ele></trkpt>
    <trkpt lat="43.789603" lon="5.916087"><ele>389</ele></trkpt>
    <trkpt lat="43.790032" lon="5.916432"><ele>388.9</ele></trkpt>
    <trkpt lat="43.790416" lon="5.916934"><ele>388.9</ele></trkpt>
    <trkpt lat="43.79067" lon="5.9174"><ele>389.1</ele></trkpt>
    <trkpt lat="43.79094" lon="5.918"><ele>389.5</ele></trkpt>
    <trkpt lat="43.7912" lon="5.91868"><ele>390.2</ele></trkpt>
    <trkpt lat="43.791504" lon="5.91958"><ele>391</ele></trkpt>
    <trkpt lat="43.79164" lon="5.92008"><ele>391.6</ele></trkpt>
    <trkpt lat="43.791695" lon="5.920397"><ele>391.9</ele></trkpt>
    <trkpt lat="43.791914" lon="5.92219"><ele>394.6</ele></trkpt>
    <trkpt lat="43.792024" lon="5.923329"><ele>396.3</ele></trkpt>
    <trkpt lat="43.792021" lon="5.925578"><ele>398.6</ele></trkpt>
    <trkpt lat="43.79201" lon="5.92654"><ele>399</ele></trkpt>
    <trkpt lat="43.79205" lon="5.92731"><ele>399.2</ele></trkpt>
    <trkpt lat="43.792119" lon="5.927817"><ele>399.5</ele></trkpt>
    <trkpt lat="43.792267" lon="5.928529"><ele>400.2</ele></trkpt>
    <trkpt lat="43.792397" lon="5.928956"><ele>400.8</ele></trkpt>
    <trkpt lat="43.792656" lon="5.929648"><ele>401.9</ele></trkpt>
    <trkpt lat="43.792777" lon="5.929863"><ele>402.3</ele></trkpt>
    <trkpt lat="43.79435" lon="5.931886"><ele>407.5</ele></trkpt>
    <trkpt lat="43.794424" lon="5.931955"><ele>407.7</ele></trkpt>
    <trkpt lat="43.794935" lon="5.932419"><ele>408.8</ele></trkpt>
    <trkpt lat="43.796725" lon="5.934122"><ele>411.9</ele></trkpt>
    <trkpt lat="43.797372" lon="5.934914"><ele>413.2</ele></trkpt>
    <trkpt lat="43.797781" lon="5.935514"><ele>414</ele></trkpt>
    <trkpt lat="43.798375" lon="5.936516"><ele>415.5</ele></trkpt>
    <trkpt lat="43.799251" lon="5.938299"><ele>418.4</ele></trkpt>
    <trkpt lat="43.799569" lon="5.939114"><ele>419.7</ele></trkpt>
    <trkpt lat="43.799895" lon="5.940108"><ele>421.4</ele></trkpt>
    <trkpt lat="43.800003" lon="5.940541"><ele>422.2</ele></trkpt>
    <trkpt lat="43.800187" lon="5.942372"><ele>425.3</ele></trkpt>
    <trkpt lat="43.80026" lon="5.94332"><ele>426.7</ele></trkpt>
    <trkpt lat="43.800359" lon="5.94383"><ele>427.5</ele></trkpt>
    <trkpt lat="43.801255" lon="5.947846"><ele>435.3</ele></trkpt>
    <trkpt lat="43.801634" lon="5.949106"><ele>438.5</ele></trkpt>
    <trkpt lat="43.801765" lon="5.949686"><ele>439.9</ele></trkpt>
    <trkpt lat="43.80187" lon="5.949971"><ele>440.6</ele></trkpt>
    <trkpt lat="43.802666" lon="5.951274"><ele>443.2</ele></trkpt>
    <trkpt lat="43.803066" lon="5.951771"><ele>443.3</ele></trkpt>
    <trkpt lat="43.803679" lon="5.952409"><ele>442.8</ele></trkpt>
    <trkpt lat="43.804124" lon="5.952927"><ele>442.7</ele></trkpt>
    <trkpt lat="43.804253" lon="5.953044"><ele>442.8</ele></trkpt>
    <trkpt lat="43.804738" lon="5.953233"><ele>443.5</ele></trkpt>
    <trkpt lat="43.805277" lon="5.953354"><ele>444.9</ele></trkpt>
    <trkpt lat="43.80643" lon="5.953803"><ele>448.4</ele></trkpt>
    <trkpt lat="43.806722" lon="5.953881"><ele>449.2</ele></trkpt>
    <trkpt lat="43.8071" lon="5.953902"><ele>450.1</ele></trkpt>
    <trkpt lat="43.80745" lon="5.953875"><ele>450.8</ele></trkpt>
    <trkpt lat="43.80903" lon="5.953545"><ele>454.5</ele></trkpt>
    <trkpt lat="43.809519" lon="5.953495"><ele>456</ele></trkpt>
    <trkpt lat="43.809849" lon="5.953514"><ele>457</ele></trkpt>
    <trkpt lat="43.810938" lon="5.953716"><ele>460.5</ele></trkpt>
    <trkpt lat="43.81114" lon="5.953771"><ele>461</ele></trkpt>
    <trkpt lat="43.811438" lon="5.953939"><ele>461.8</ele></trkpt>
    <trkpt lat="43.812071" lon="5.954451"><ele>463.9</ele></trkpt>
    <trkpt lat="43.812709" lon="5.955021"><ele>466.6</ele></trkpt>
    <trkpt lat="43.813606" lon="5.95599"><ele>471.7</ele></trkpt>
    <trkpt lat="43.814107" lon="5.956588"><ele>473.5</ele></trkpt>
    <trkpt lat="43.814526" lon="5.957229"><ele>474.7</ele></trkpt>
    <trkpt lat="43.814756" lon="5.957641"><ele>475.6</ele></trkpt>
    <trkpt lat="43.815015" lon="5.958231"><ele>476.9</ele></trkpt>
    <trkpt lat="43.815407" lon="5.959236"><ele>479.5</ele></trkpt>
    <trkpt lat="43.816501" lon="5.961637"><ele>484.2</ele></trkpt>
    <trkpt lat="43.816559" lon="5.961806"><ele>484.8</ele></trkpt>
    <trkpt lat="43.816655" lon="5.962229"><ele>485.9</ele></trkpt>
    <trkpt lat="43.816826" lon="5.962695"><ele>487</ele></trkpt>
    <trkpt lat="43.817137" lon="5.963172"><ele>488.3</ele></trkpt>
    <trkpt lat="43.817305" lon="5.963446"><ele>488.9</ele></trkpt>
    <trkpt lat="43.818074" lon="5.964293"><ele>489.3</ele></trkpt>
    <trkpt lat="43.818247" lon="5.964529"><ele>489.4</ele></trkpt>
    <trkpt lat="43.818565" lon="5.965194"><ele>490.1</ele></trkpt>
    <trkpt lat="43.818685" lon="5.965388"><ele>490.3</ele></trkpt>
    <trkpt lat="43.818747" lon="5.965464"><ele>490.4</ele></trkpt>
    <trkpt lat="43.819121" lon="5.965696"><ele>491.1</ele></trkpt>
    <trkpt lat="43.819203" lon="5.965792"><ele>491.3</ele></trkpt>
    <trkpt lat="43.819344" lon="5.966054"><ele>492</ele></trkpt>
    <trkpt lat="43.819387" lon="5.966212"><ele>492.4</ele></trkpt>
    <trkpt lat="43.819412" lon="5.966303"><ele>492.7</ele></trkpt>
    <trkpt lat="43.819517" lon="5.966787"><ele>494.3</ele></trkpt>
    <trkpt lat="43.819846" lon="5.967498"><ele>497.2</ele></trkpt>
    <trkpt lat="43.820206" lon="5.968376"><ele>499.6</ele></trkpt>
    <trkpt lat="43.820543" lon="5.968966"><ele>501.2</ele></trkpt>
    <trkpt lat="43.820617" lon="5.969138"><ele>501.6</ele></trkpt>
    <trkpt lat="43.820714" lon="5.969496"><ele>502.1</ele></trkpt>
    <trkpt lat="43.820827" lon="5.970245"><ele>502.7</ele></trkpt>
    <trkpt lat="43.820926" lon="5.970543"><ele>502.8</ele></trkpt>
    <trkpt lat="43.821152" lon="5.971022"><ele>503.3</ele></trkpt>
    <trkpt lat="43.821369" lon="5.971573"><ele>503.5</ele></trkpt>
    <trkpt lat="43.821854" lon="5.972332"><ele>502.9</ele></trkpt>
    <trkpt lat="43.822074" lon="5.9728"><ele>502.2</ele></trkpt>
    <trkpt lat="43.822147" lon="5.972985"><ele>501.9</ele></trkpt>
    <trkpt lat="43.82223" lon="5.973144"><ele>501.6</ele></trkpt>
    <trkpt lat="43.822405" lon="5.973372"><ele>501.1</ele></trkpt>
    <trkpt lat="43.822517" lon="5.973495"><ele>500.9</ele></trkpt>
    <trkpt lat="43.822652" lon="5.973591"><ele>500.7</ele></trkpt>
    <trkpt lat="43.822834" lon="5.973689"><ele>500.4</ele></trkpt>
    <trkpt lat="43.823128" lon="5.973778"><ele>499.8</ele></trkpt>
    <trkpt lat="43.823393" lon="5.973777"><ele>499.5</ele></trkpt>
    <trkpt lat="43.823618" lon="5.97371"><ele>499.5</ele></trkpt>
    <trkpt lat="43.823954" lon="5.973582"><ele>500.2</ele></trkpt>
    <trkpt lat="43.824282" lon="5.973578"><ele>501.2</ele></trkpt>
    <trkpt lat="43.824662" lon="5.973676"><ele>502.9</ele></trkpt>
    <trkpt lat="43.825403" lon="5.973945"><ele>506.4</ele></trkpt>
    <trkpt lat="43.826077" lon="5.974301"><ele>509.5</ele></trkpt>
    <trkpt lat="43.826594" lon="5.974621"><ele>512.3</ele></trkpt>
    <trkpt lat="43.827004" lon="5.974942"><ele>514.9</ele></trkpt>
    <trkpt lat="43.827465" lon="5.975421"><ele>518.2</ele></trkpt>
    <trkpt lat="43.827844" lon="5.975737"><ele>520.5</ele></trkpt>
    <trkpt lat="43.828262" lon="5.976143"><ele>522.3</ele></trkpt>
    <trkpt lat="43.82896" lon="5.977016"><ele>522.3</ele></trkpt>
    <trkpt lat="43.829402" lon="5.977474"><ele>522</ele></trkpt>
    <trkpt lat="43.829535" lon="5.977669"><ele>521.9</ele></trkpt>
    <trkpt lat="43.829953" lon="5.97843"><ele>522.1</ele></trkpt>
    <trkpt lat="43.830423" lon="5.979383"><ele>523.2</ele></trkpt>
    <trkpt lat="43.830574" lon="5.979935"><ele>523.8</ele></trkpt>
    <trkpt lat="43.830596" lon="5.980014"><ele>523.9</ele></trkpt>
    <trkpt lat="43.830688" lon="5.980397"><ele>524.3</ele></trkpt>
    <trkpt lat="43.830911" lon="5.981087"><ele>524.7</ele></trkpt>
    <trkpt lat="43.831275" lon="5.981658"><ele>524.9</ele></trkpt>
    <trkpt lat="43.831736" lon="5.982499"><ele>526.7</ele></trkpt>
    <trkpt lat="43.831905" lon="5.982835"><ele>527.6</ele></trkpt>
    <trkpt lat="43.832159" lon="5.983596"><ele>528.8</ele></trkpt>
    <trkpt lat="43.832371" lon="5.984139"><ele>530.1</ele></trkpt>
    <trkpt lat="43.832812" lon="5.984614"><ele>530.1</ele></trkpt>
    <trkpt lat="43.832887" lon="5.98469"><ele>529.7</ele></trkpt>
    <trkpt lat="43.83305" lon="5.984881"><ele>529</ele></trkpt>
    <trkpt lat="43.833229" lon="5.985063"><ele>528.2</ele></trkpt>
    <trkpt lat="43.833289" lon="5.985083"><ele>528</ele></trkpt>
    <trkpt lat="43.833398" lon="5.985048"><ele>527.6</ele></trkpt>
    <trkpt lat="43.833635" lon="5.984748"><ele>527.1</ele></trkpt>
    <trkpt lat="43.833747" lon="5.984607"><ele>527.1</ele></trkpt>
    <trkpt lat="43.833886" lon="5.984424"><ele>527.4</ele></trkpt>
    <trkpt lat="43.83452" lon="5.983609"><ele>529</ele></trkpt>
    <trkpt lat="43.834583" lon="5.983562"><ele>529.4</ele></trkpt>
    <trkpt lat="43.834734" lon="5.983529"><ele>530.1</ele></trkpt>
    <trkpt lat="43.834828" lon="5.983564"><ele>530.6</ele></trkpt>
    <trkpt lat="43.835254" lon="5.983975"><ele>533.4</ele></trkpt>
    <trkpt lat="43.835692" lon="5.984414"><ele>536.3</ele></trkpt>
    <trkpt lat="43.835738" lon="5.984468"><ele>536.6</ele></trkpt>
    <trkpt lat="43.836106" lon="5.984815"><ele>538.8</ele></trkpt>
    <trkpt lat="43.836133" lon="5.984795"><ele>539</ele></trkpt>
    <trkpt lat="43.836113" lon="5.984723"><ele>539.3</ele></trkpt>
    <trkpt lat="43.836074" lon="5.984554"><ele>539.9</ele></trkpt>
    <trkpt lat="43.836071" lon="5.984537"><ele>539.9</ele></trkpt>
    <trkpt lat="43.836049" lon="5.98444"><ele>540.3</ele></trkpt>
    <trkpt lat="43.836009" lon="5.984334"><ele>540.7</ele></trkpt>
    <trkpt lat="43.83558" lon="5.983374"><ele>543.6</ele></trkpt>
    <trkpt lat="43.835571" lon="5.983355"><ele>543.6</ele></trkpt>
    <trkpt lat="43.835553" lon="5.983323"><ele>543.6</ele></trkpt>
    <trkpt lat="43.835444" lon="5.983189"><ele>543.8</ele></trkpt>
    <trkpt lat="43.835434" lon="5.983176"><ele>543.8</ele></trkpt>
    <trkpt lat="43.83533" lon="5.983055"><ele>543.8</ele></trkpt>
    <trkpt lat="43.835214" lon="5.982931"><ele>543.8</ele></trkpt>
    <trkpt lat="43.835195" lon="5.982912"><ele>543.8</ele></trkpt>
    <trkpt lat="43.834874" lon="5.982771"><ele>543.7</ele></trkpt>
    <trkpt lat="43.834702" lon="5.982656"><ele>543.9</ele></trkpt>
    <trkpt lat="43.834646" lon="5.982571"><ele>544</ele></trkpt>
    <trkpt lat="43.834574" lon="5.982443"><ele>544.2</ele></trkpt>
    <trkpt lat="43.834489" lon="5.982239"><ele>544.8</ele></trkpt>
    <trkpt lat="43.834423" lon="5.982031"><ele>545.5</ele></trkpt>
    <trkpt lat="43.834368" lon="5.981772"><ele>546.6</ele></trkpt>
    <trkpt lat="43.834357" lon="5.981483"><ele>548</ele></trkpt>
    <trkpt lat="43.83447" lon="5.98119"><ele>549.9</ele></trkpt>
    <trkpt lat="43.834577" lon="5.981064"><ele>551.1</ele></trkpt>
    <trkpt lat="43.834734" lon="5.980938"><ele>552.8</ele></trkpt>
    <trkpt lat="43.835289" lon="5.980609"><ele>559.2</ele></trkpt>
    <trkpt lat="43.835427" lon="5.980454"><ele>561.1</ele></trkpt>
    <trkpt lat="43.835486" lon="5.980313"><ele>562.2</ele></trkpt>
    <trkpt lat="43.835522" lon="5.98001"><ele>564.2</ele></trkpt>
    <trkpt lat="43.835402" lon="5.979328"><ele>567.6</ele></trkpt>
    <trkpt lat="43.835393" lon="5.979272"><ele>567.8</ele></trkpt>
    <trkpt lat="43.83538" lon="5.979206"><ele>568</ele></trkpt>
    <trkpt lat="43.835352" lon="5.979039"><ele>568.5</ele></trkpt>
    <trkpt lat="43.835283" lon="5.978626"><ele>569.5</ele></trkpt>
    <trkpt lat="43.835251" lon="5.978385"><ele>569.9</ele></trkpt>
    <trkpt lat="43.835244" lon="5.978062"><ele>570.2</ele></trkpt>
    <trkpt lat="43.835255" lon="5.977924"><ele>570.2</ele></trkpt>
    <trkpt lat="43.835274" lon="5.977776"><ele>570.1</ele></trkpt>
    <trkpt lat="43.835447" lon="5.9771"><ele>569.3</ele></trkpt>
    <trkpt lat="43.835481" lon="5.976977"><ele>569.1</ele></trkpt>
    <trkpt lat="43.835519" lon="5.976838"><ele>568.9</ele></trkpt>
    <trkpt lat="43.835698" lon="5.976191"><ele>567.7</ele></trkpt>
    <trkpt lat="43.835774" lon="5.975919"><ele>567.3</ele></trkpt>
    <trkpt lat="43.836126" lon="5.974717"><ele>565.9</ele></trkpt>
    <trkpt lat="43.83641" lon="5.974051"><ele>565.1</ele></trkpt>
    <trkpt lat="43.836614" lon="5.973678"><ele>564.4</ele></trkpt>
    <trkpt lat="43.83664" lon="5.973631"><ele>564.3</ele></trkpt>
    <trkpt lat="43.836926" lon="5.973129"><ele>562.9</ele></trkpt>
    <trkpt lat="43.837099" lon="5.972683"><ele>561.7</ele></trkpt>
    <trkpt lat="43.837169" lon="5.97233"><ele>560.7</ele></trkpt>
    <trkpt lat="43.837189" lon="5.971939"><ele>559.7</ele></trkpt>
    <trkpt lat="43.837115" lon="5.971287"><ele>558</ele></trkpt>
    <trkpt lat="43.837096" lon="5.971184"><ele>557.8</ele></trkpt>
    <trkpt lat="43.837081" lon="5.971101"><ele>557.6</ele></trkpt>
    <trkpt lat="43.836991" lon="5.970468"><ele>556.4</ele></trkpt>
    <trkpt lat="43.837011" lon="5.970026"><ele>555.9</ele></trkpt>
    <trkpt lat="43.83722" lon="5.968897"><ele>555.5</ele></trkpt>
    <trkpt lat="43.837378" lon="5.967786"><ele>556.7</ele></trkpt>
    <trkpt lat="43.837496" lon="5.966984"><ele>559</ele></trkpt>
    <trkpt lat="43.837679" lon="5.96597"><ele>563.9</ele></trkpt>
    <trkpt lat="43.838121" lon="5.96387"><ele>576</ele></trkpt>
    <trkpt lat="43.838401" lon="5.961776"><ele>580.5</ele></trkpt>
    <trkpt lat="43.838405" lon="5.961682"><ele>580.6</ele></trkpt>
    <trkpt lat="43.838404" lon="5.961515"><ele>580.6</ele></trkpt>
    <trkpt lat="43.838404" lon="5.961433"><ele>580.7</ele></trkpt>
    <trkpt lat="43.838378" lon="5.961139"><ele>580.7</ele></trkpt>
    <trkpt lat="43.838332" lon="5.96091"><ele>580.7</ele></trkpt>
    <trkpt lat="43.838146" lon="5.960371"><ele>580.5</ele></trkpt>
    <trkpt lat="43.837944" lon="5.959914"><ele>580</ele></trkpt>
    <trkpt lat="43.83728" lon="5.95848"><ele>578.8</ele></trkpt>
    <trkpt lat="43.83704" lon="5.958109"><ele>578.4</ele></trkpt>
    <trkpt lat="43.836719" lon="5.957729"><ele>578.1</ele></trkpt>
    <trkpt lat="43.836436" lon="5.957468"><ele>577.8</ele></trkpt>
    <trkpt lat="43.83533" lon="5.956635"><ele>576.5</ele></trkpt>
    <trkpt lat="43.834953" lon="5.956293"><ele>576.1</ele></trkpt>
    <trkpt lat="43.834704" lon="5.956007"><ele>575.8</ele></trkpt>
    <trkpt lat="43.834284" lon="5.955385"><ele>575.2</ele></trkpt>
    <trkpt lat="43.833597" lon="5.954284"><ele>574.3</ele></trkpt>
    <trkpt lat="43.832152" lon="5.95198"><ele>573.2</ele></trkpt>
    <trkpt lat="43.830334" lon="5.949392"><ele>569.3</ele></trkpt>
    <trkpt lat="43.830102" lon="5.948996"><ele>568.8</ele></trkpt>
    <trkpt lat="43.82989" lon="5.948532"><ele>568.2</ele></trkpt>
    <trkpt lat="43.829668" lon="5.947897"><ele>567.4</ele></trkpt>
    <trkpt lat="43.829146" lon="5.945957"><ele>565.1</ele></trkpt>
    <trkpt lat="43.828889" lon="5.945042"><ele>564.2</ele></trkpt>
    <trkpt lat="43.828797" lon="5.944786"><ele>564</ele></trkpt>
    <trkpt lat="43.828236" lon="5.943562"><ele>563</ele></trkpt>
    <trkpt lat="43.828086" lon="5.943296"><ele>562.8</ele></trkpt>
    <trkpt lat="43.827777" lon="5.942849"><ele>562.5</ele></trkpt>
    <trkpt lat="43.827594" lon="5.942671"><ele>562.3</ele></trkpt>
    <trkpt lat="43.825581" lon="5.941051"><ele>560.6</ele></trkpt>
    <trkpt lat="43.825126" lon="5.940606"><ele>559.8</ele></trkpt>
    <trkpt lat="43.824671" lon="5.940041"><ele>558.6</ele></trkpt>
    <trkpt lat="43.823997" lon="5.939115"><ele>556.8</ele></trkpt>
    <trkpt lat="43.823661" lon="5.938659"><ele>555.9</ele></trkpt>
    <trkpt lat="43.822859" lon="5.937607"><ele>554.1</ele></trkpt>
    <trkpt lat="43.821973" lon="5.936669"><ele>552.7</ele></trkpt>
    <trkpt lat="43.821573" lon="5.936164"><ele>552.2</ele></trkpt>
    <trkpt lat="43.821278" lon="5.935613"><ele>551.6</ele></trkpt>
    <trkpt lat="43.820687" lon="5.934303"><ele>550.3</ele></trkpt>
    <trkpt lat="43.820511" lon="5.93404"><ele>550.1</ele></trkpt>
    <trkpt lat="43.82018" lon="5.933691"><ele>549.6</ele></trkpt>
    <trkpt lat="43.820011" lon="5.933563"><ele>549.4</ele></trkpt>
    <trkpt lat="43.819847" lon="5.933466"><ele>549.2</ele></trkpt>
    <trkpt lat="43.819541" lon="5.933351"><ele>548.9</ele></trkpt>
    <trkpt lat="43.817808" lon="5.933031"><ele>546.8</ele></trkpt>
    <trkpt lat="43.817384" lon="5.932891"><ele>546.2</ele></trkpt>
    <trkpt lat="43.816766" lon="5.93264"><ele>545.1</ele></trkpt>
    <trkpt lat="43.816155" lon="5.932416"><ele>543.8</ele></trkpt>
    <trkpt lat="43.815866" lon="5.932312"><ele>542.9</ele></trkpt>
    <trkpt lat="43.815223" lon="5.932124"><ele>540.6</ele></trkpt>
    <trkpt lat="43.814981" lon="5.932111"><ele>539.7</ele></trkpt>
    <trkpt lat="43.814569" lon="5.932143"><ele>538.3</ele></trkpt>
    <trkpt lat="43.814363" lon="5.932111"><ele>537.7</ele></trkpt>
    <trkpt lat="43.814104" lon="5.932012"><ele>537.1</ele></trkpt>
    <trkpt lat="43.813875" lon="5.931836"><ele>536.7</ele></trkpt>
    <trkpt lat="43.813739" lon="5.931672"><ele>536.4</ele></trkpt>
    <trkpt lat="43.813566" lon="5.931355"><ele>536.1</ele></trkpt>
    <trkpt lat="43.813392" lon="5.930939"><ele>536</ele></trkpt>
    <trkpt lat="43.812722" lon="5.929302"><ele>536.1</ele></trkpt>
    <trkpt lat="43.812405" lon="5.928524"><ele>535.7</ele></trkpt>
    <trkpt lat="43.812306" lon="5.928149"><ele>535.3</ele></trkpt>
    <trkpt lat="43.812279" lon="5.927733"><ele>534.9</ele></trkpt>
    <trkpt lat="43.812301" lon="5.927509"><ele>534.6</ele></trkpt>
    <trkpt lat="43.812354" lon="5.927269"><ele>534.2</ele></trkpt>
    <trkpt lat="43.812837" lon="5.92594"><ele>531.6</ele></trkpt>
    <trkpt lat="43.813002" lon="5.925719"><ele>531.1</ele></trkpt>
    <trkpt lat="43.813463" lon="5.925291"><ele>530</ele></trkpt>
    <trkpt lat="43.813581" lon="5.925141"><ele>529.7</ele></trkpt>
    <trkpt lat="43.81392" lon="5.924413"><ele>528.5</ele></trkpt>
    <trkpt lat="43.814148" lon="5.924098"><ele>527.7</ele></trkpt>
    <trkpt lat="43.814859" lon="5.923302"><ele>525.1</ele></trkpt>
    <trkpt lat="43.815008" lon="5.92307"><ele>524.4</ele></trkpt>
    <trkpt lat="43.815107" lon="5.9228"><ele>523.7</ele></trkpt>
    <trkpt lat="43.815138" lon="5.922651"><ele>523.4</ele></trkpt>
    <trkpt lat="43.815161" lon="5.922473"><ele>523</ele></trkpt>
    <trkpt lat="43.815147" lon="5.922162"><ele>522.4</ele></trkpt>
    <trkpt lat="43.815017" lon="5.921714"><ele>521.5</ele></trkpt>
    <trkpt lat="43.814874" lon="5.921402"><ele>520.8</ele></trkpt>
    <trkpt lat="43.814243" lon="5.920447"><ele>518.3</ele></trkpt>
    <trkpt lat="43.814014" lon="5.920193"><ele>517.5</ele></trkpt>
    <trkpt lat="43.813273" lon="5.919551"><ele>514.9</ele></trkpt>
    <trkpt lat="43.813105" lon="5.919333"><ele>514.1</ele></trkpt>
    <trkpt lat="43.813038" lon="5.919205"><ele>513.8</ele></trkpt>
    <trkpt lat="43.812967" lon="5.919037"><ele>513.3</ele></trkpt>
    <trkpt lat="43.812906" lon="5.91867"><ele>512.3</ele></trkpt>
    <trkpt lat="43.812905" lon="5.918444"><ele>511.8</ele></trkpt>
    <trkpt lat="43.812963" lon="5.917618"><ele>509.8</ele></trkpt>
    <trkpt lat="43.812944" lon="5.917334"><ele>509.3</ele></trkpt>
    <trkpt lat="43.812864" lon="5.916962"><ele>508.6</ele></trkpt>
    <trkpt lat="43.812716" lon="5.916478"><ele>507.8</ele></trkpt>
    <trkpt lat="43.81261" lon="5.915958"><ele>507.1</ele></trkpt>
    <trkpt lat="43.812597" lon="5.915763"><ele>506.9</ele></trkpt>
    <trkpt lat="43.812623" lon="5.915471"><ele>506.6</ele></trkpt>
    <trkpt lat="43.812692" lon="5.915172"><ele>506.3</ele></trkpt>
    <trkpt lat="43.813179" lon="5.913552"><ele>504.3</ele></trkpt>
    <trkpt lat="43.813429" lon="5.91265"><ele>502.7</ele></trkpt>
    <trkpt lat="43.813479" lon="5.912279"><ele>502</ele></trkpt>
    <trkpt lat="43.813481" lon="5.912079"><ele>501.6</ele></trkpt>
    <trkpt lat="43.813458" lon="5.911737"><ele>500.9</ele></trkpt>
    <trkpt lat="43.813407" lon="5.911414"><ele>500.2</ele></trkpt>
    <trkpt lat="43.813144" lon="5.910687"><ele>498.5</ele></trkpt>
    <trkpt lat="43.813042" lon="5.910325"><ele>497.7</ele></trkpt>
    <trkpt lat="43.813019" lon="5.91012"><ele>497.3</ele></trkpt>
    <trkpt lat="43.813034" lon="5.909792"><ele>496.7</ele></trkpt>
    <trkpt lat="43.813079" lon="5.909604"><ele>496.3</ele></trkpt>
    <trkpt lat="43.813253" lon="5.909251"><ele>495.5</ele></trkpt>
    <trkpt lat="43.813686" lon="5.908654"><ele>493.9</ele></trkpt>
    <trkpt lat="43.813944" lon="5.90823"><ele>493</ele></trkpt>
    <trkpt lat="43.814055" lon="5.90797"><ele>492.5</ele></trkpt>
    <trkpt lat="43.814335" lon="5.907108"><ele>490.7</ele></trkpt>
    <trkpt lat="43.814372" lon="5.906899"><ele>490.3</ele></trkpt>
    <trkpt lat="43.814393" lon="5.906484"><ele>489.3</ele></trkpt>
    <trkpt lat="43.814347" lon="5.906117"><ele>488.4</ele></trkpt>
    <trkpt lat="43.814308" lon="5.905923"><ele>487.9</ele></trkpt>
    <trkpt lat="43.813997" lon="5.905125"><ele>485.8</ele></trkpt>
    <trkpt lat="43.813911" lon="5.904827"><ele>485.1</ele></trkpt>
    <trkpt lat="43.813763" lon="5.904017"><ele>483.5</ele></trkpt>
    <trkpt lat="43.813653" lon="5.903558"><ele>482.6</ele></trkpt>
    <trkpt lat="43.813417" lon="5.903011"><ele>481.5</ele></trkpt>
    <trkpt lat="43.812947" lon="5.902122"><ele>479.5</ele></trkpt>
    <trkpt lat="43.812863" lon="5.901904"><ele>479</ele></trkpt>
    <trkpt lat="43.81252" lon="5.900771"><ele>476.5</ele></trkpt>
    <trkpt lat="43.812184" lon="5.899967"><ele>474.6</ele></trkpt>
    <trkpt lat="43.812035" lon="5.899672"><ele>473.9</ele></trkpt>
    <trkpt lat="43.811891" lon="5.899455"><ele>473.2</ele></trkpt>
    <trkpt lat="43.811614" lon="5.899155"><ele>472.1</ele></trkpt>
    <trkpt lat="43.809409" lon="5.897662"><ele>463.8</ele></trkpt>
    <trkpt lat="43.809023" lon="5.897347"><ele>462.1</ele></trkpt>
    <trkpt lat="43.808888" lon="5.897192"><ele>461.4</ele></trkpt>
    <trkpt lat="43.808781" lon="5.897022"><ele>460.8</ele></trkpt>
    <trkpt lat="43.808343" lon="5.896056"><ele>457.8</ele></trkpt>
    <trkpt lat="43.808045" lon="5.895518"><ele>456.2</ele></trkpt>
    <trkpt lat="43.806962" lon="5.89414"><ele>451.2</ele></trkpt>
    <trkpt lat="43.806447" lon="5.893485"><ele>448.9</ele></trkpt>
    <trkpt lat="43.806284" lon="5.893185"><ele>448</ele></trkpt>
    <trkpt lat="43.806197" lon="5.89291"><ele>447.4</ele></trkpt>
    <trkpt lat="43.806143" lon="5.892643"><ele>446.8</ele></trkpt>
    <trkpt lat="43.806031" lon="5.891064"><ele>443.9</ele></trkpt>
    <trkpt lat="43.805941" lon="5.890403"><ele>442.5</ele></trkpt>
    <trkpt lat="43.805798" lon="5.889773"><ele>440.9</ele></trkpt>
    <trkpt lat="43.805407" lon="5.888504"><ele>436.8</ele></trkpt>
    <trkpt lat="43.805278" lon="5.887851"><ele>435</ele></trkpt>
    <trkpt lat="43.80526" lon="5.887514"><ele>434.2</ele></trkpt>
    <trkpt lat="43.805275" lon="5.886946"><ele>432.9</ele></trkpt>
    <trkpt lat="43.805379" lon="5.886332"><ele>431.6</ele></trkpt>
    <trkpt lat="43.80547" lon="5.886045"><ele>431</ele></trkpt>
    <trkpt lat="43.806878" lon="5.882447"><ele>420.1</ele></trkpt>
    <trkpt lat="43.807085" lon="5.881881"><ele>418.5</ele></trkpt>
    <trkpt lat="43.807147" lon="5.881628"><ele>417.9</ele></trkpt>
    <trkpt lat="43.807214" lon="5.881197"><ele>416.8</ele></trkpt>
    <trkpt lat="43.807235" lon="5.881015"><ele>416.4</ele></trkpt>
    <trkpt lat="43.807617" lon="5.877438"><ele>409.5</ele></trkpt>
    <trkpt lat="43.807639" lon="5.876731"><ele>408</ele></trkpt>
    <trkpt lat="43.807624" lon="5.876377"><ele>407.1</ele></trkpt>
    <trkpt lat="43.80757" lon="5.875943"><ele>406</ele></trkpt>
    <trkpt lat="43.806471" lon="5.870439"><ele>390.9</ele></trkpt>
    <trkpt lat="43.806315" lon="5.869831"><ele>389.5</ele></trkpt>
    <trkpt lat="43.805646" lon="5.867559"><ele>385.2</ele></trkpt>
    <trkpt lat="43.805308" lon="5.866534"><ele>382.7</ele></trkpt>
    <trkpt lat="43.804131" lon="5.863723"><ele>374.2</ele></trkpt>
    <trkpt lat="43.803468" lon="5.861838"><ele>369.1</ele></trkpt>
    <trkpt lat="43.803259" lon="5.861365"><ele>367.6</ele></trkpt>
    <trkpt lat="43.802763" lon="5.860379"><ele>364.9</ele></trkpt>
    <trkpt lat="43.801568" lon="5.858079"><ele>360.8</ele></trkpt>
    <trkpt lat="43.800653" lon="5.856306"><ele>355</ele></trkpt>
    <trkpt lat="43.799697" lon="5.854422"><ele>347</ele></trkpt>
    <trkpt lat="43.799384" lon="5.853713"><ele>344.5</ele></trkpt>
    <trkpt lat="43.799012" lon="5.852695"><ele>341.6</ele></trkpt>
    <trkpt lat="43.798164" lon="5.850087"><ele>335.7</ele></trkpt>
    <trkpt lat="43.797671" lon="5.848487"><ele>332.1</ele></trkpt>
    <trkpt lat="43.797481" lon="5.847603"><ele>329.8</ele></trkpt>
    <trkpt lat="43.797396" lon="5.846861"><ele>327.8</ele></trkpt>
    <trkpt lat="43.797369" lon="5.846046"><ele>325.3</ele></trkpt>
    <trkpt lat="43.797406" lon="5.845316"><ele>323</ele></trkpt>
    <trkpt lat="43.797614" lon="5.843603"><ele>318.4</ele></trkpt>
    <trkpt lat="43.79768" lon="5.843119"><ele>317.4</ele></trkpt>
    <trkpt lat="43.79779" lon="5.84228"><ele>316.4</ele></trkpt>
    <trkpt lat="43.797998" lon="5.840737"><ele>313.3</ele></trkpt>
    <trkpt lat="43.798113" lon="5.839965"><ele>310.1</ele></trkpt>
    <trkpt lat="43.79816" lon="5.839735"><ele>309</ele></trkpt>
    <trkpt lat="43.798342" lon="5.838988"><ele>304.9</ele></trkpt>
    <trkpt lat="43.799206" lon="5.836616"><ele>294.3</ele></trkpt>
    <trkpt lat="43.799928" lon="5.834679"><ele>291.8</ele></trkpt>
    <trkpt lat="43.800158" lon="5.833979"><ele>291.9</ele></trkpt>
    <trkpt lat="43.800369" lon="5.833526"><ele>292</ele></trkpt>
    <trkpt lat="43.800413" lon="5.833499"><ele>292</ele></trkpt>
    <trkpt lat="43.800465" lon="5.833358"><ele>292.1</ele></trkpt>
    <trkpt lat="43.800463" lon="5.833324"><ele>292.1</ele></trkpt>
    <trkpt lat="43.800643" lon="5.832898"><ele>292.2</ele></trkpt>
    <trkpt lat="43.80067" lon="5.832844"><ele>292.2</ele></trkpt>
    <trkpt lat="43.802908" lon="5.827907"><ele>290.1</ele></trkpt>
    <trkpt lat="43.803405" lon="5.826935"><ele>290</ele></trkpt>
    <trkpt lat="43.80408" lon="5.825799"><ele>289.7</ele></trkpt>
    <trkpt lat="43.804575" lon="5.824815"><ele>289.3</ele></trkpt>
    <trkpt lat="43.804577" lon="5.824812"><ele>289.3</ele></trkpt>
    <trkpt lat="43.804808" lon="5.824273"><ele>289.4</ele></trkpt>
    <trkpt lat="43.805117" lon="5.823454"><ele>290.3</ele></trkpt>
    <trkpt lat="43.805473" lon="5.822364"><ele>291.3</ele></trkpt>
    <trkpt lat="43.806008" lon="5.820964"><ele>292</ele></trkpt>
    <trkpt lat="43.806426" lon="5.820015"><ele>292.1</ele></trkpt>
    <trkpt lat="43.806427" lon="5.820012"><ele>292.1</ele></trkpt>
    <trkpt lat="43.806515" lon="5.819865"><ele>292.1</ele></trkpt>
    <trkpt lat="43.806672" lon="5.819663"><ele>292.2</ele></trkpt>
    <trkpt lat="43.806716" lon="5.819632"><ele>292.3</ele></trkpt>
    <trkpt lat="43.806776" lon="5.819533"><ele>292.3</ele></trkpt>
    <trkpt lat="43.806783" lon="5.819369"><ele>292.4</ele></trkpt>
    <trkpt lat="43.806778" lon="5.819339"><ele>292.4</ele></trkpt>
    <trkpt lat="43.806781" lon="5.819107"><ele>292.4</ele></trkpt>
    <trkpt lat="43.807338" lon="5.817539"><ele>292.5</ele></trkpt>
    <trkpt lat="43.807357" lon="5.817496"><ele>292.5</ele></trkpt>
    <trkpt lat="43.807662" lon="5.816837"><ele>292.4</ele></trkpt>
    <trkpt lat="43.80816" lon="5.815849"><ele>292.3</ele></trkpt>
    <trkpt lat="43.808645" lon="5.815005"><ele>292.4</ele></trkpt>
    <trkpt lat="43.808862" lon="5.814594"><ele>292.6</ele></trkpt>
    <trkpt lat="43.808887" lon="5.814541"><ele>292.6</ele></trkpt>
    <trkpt lat="43.809692" lon="5.812969"><ele>293.3</ele></trkpt>
    <trkpt lat="43.809831" lon="5.812738"><ele>293.4</ele></trkpt>
    <trkpt lat="43.809857" lon="5.812554"><ele>293.4</ele></trkpt>
    <trkpt lat="43.809914" lon="5.81242"><ele>293.4</ele></trkpt>
    <trkpt lat="43.810031" lon="5.812271"><ele>293.4</ele></trkpt>
    <trkpt lat="43.810065" lon="5.812083"><ele>293.4</ele></trkpt>
    <trkpt lat="43.810161" lon="5.811894"><ele>293.4</ele></trkpt>
    <trkpt lat="43.810414" lon="5.811592"><ele>293.5</ele></trkpt>
    <trkpt lat="43.810715" lon="5.810993"><ele>293.6</ele></trkpt>
    <trkpt lat="43.811181" lon="5.810086"><ele>294.3</ele></trkpt>
    <trkpt lat="43.811349" lon="5.80976"><ele>294.7</ele></trkpt>
    <trkpt lat="43.811591" lon="5.809292"><ele>295.2</ele></trkpt>
    <trkpt lat="43.811944" lon="5.808602"><ele>296</ele></trkpt>
    <trkpt lat="43.812304" lon="5.80778"><ele>296.9</ele></trkpt>
    <trkpt lat="43.813616" lon="5.804183"><ele>300.9</ele></trkpt>
    <trkpt lat="43.813914" lon="5.803527"><ele>301.8</ele></trkpt>
    <trkpt lat="43.813983" lon="5.803368"><ele>302</ele></trkpt>
    <trkpt lat="43.814079" lon="5.803199"><ele>302.2</ele></trkpt>
    <trkpt lat="43.814448" lon="5.802553"><ele>303.1</ele></trkpt>
    <trkpt lat="43.815091" lon="5.801464"><ele>304.9</ele></trkpt>
    <trkpt lat="43.815844" lon="5.800445"><ele>307.1</ele></trkpt>
    <trkpt lat="43.816001" lon="5.800279"><ele>307.4</ele></trkpt>
    <trkpt lat="43.816101" lon="5.80018"><ele>307.6</ele></trkpt>
    <trkpt lat="43.816271" lon="5.800027"><ele>307.9</ele></trkpt>
    <trkpt lat="43.816384" lon="5.799981"><ele>308</ele></trkpt>
    <trkpt lat="43.816506" lon="5.799974"><ele>308.2</ele></trkpt>
    <trkpt lat="43.81656" lon="5.799903"><ele>308.3</ele></trkpt>
    <trkpt lat="43.81658" lon="5.79981"><ele>308.5</ele></trkpt>
    <trkpt lat="43.816567" lon="5.79972"><ele>308.6</ele></trkpt>
    <trkpt lat="43.816628" lon="5.799593"><ele>308.9</ele></trkpt>
    <trkpt lat="43.816659" lon="5.799526"><ele>309</ele></trkpt>
    <trkpt lat="43.817128" lon="5.798961"><ele>310.4</ele></trkpt>
    <trkpt lat="43.817236" lon="5.798862"><ele>310.7</ele></trkpt>
    <trkpt lat="43.817401" lon="5.798804"><ele>311</ele></trkpt>
    <trkpt lat="43.817428" lon="5.798809"><ele>311</ele></trkpt>
    <trkpt lat="43.817531" lon="5.798767"><ele>311.3</ele></trkpt>
    <trkpt lat="43.817593" lon="5.798645"><ele>311.5</ele></trkpt>
    <trkpt lat="43.817598" lon="5.798549"><ele>311.7</ele></trkpt>
    <trkpt lat="43.817653" lon="5.798312"><ele>312.1</ele></trkpt>
    <trkpt lat="43.817758" lon="5.79807"><ele>312.7</ele></trkpt>
    <trkpt lat="43.818342" lon="5.797099"><ele>314.4</ele></trkpt>
    <trkpt lat="43.818809" lon="5.796351"><ele>315.3</ele></trkpt>
    <trkpt lat="43.81886" lon="5.796266"><ele>315.4</ele></trkpt>
    <trkpt lat="43.819043" lon="5.795963"><ele>315.7</ele></trkpt>
    <trkpt lat="43.819111" lon="5.795835"><ele>315.9</ele></trkpt>
    <trkpt lat="43.819591" lon="5.79494"><ele>317.2</ele></trkpt>
    <trkpt lat="43.81972" lon="5.794693"><ele>317.6</ele></trkpt>
    <trkpt lat="43.81972" lon="5.794693"><ele>317.6</ele></trkpt>
    <trkpt lat="43.819877" lon="5.794347"><ele>318.2</ele></trkpt>
    <trkpt lat="43.819877" lon="5.794347"><ele>318.2</ele></trkpt>
    <trkpt lat="43.820093" lon="5.794041"><ele>318.9</ele></trkpt>
    <trkpt lat="43.82028" lon="5.793713"><ele>319.5</ele></trkpt>
    <trkpt lat="43.820327" lon="5.793634"><ele>319.7</ele></trkpt>
    <trkpt lat="43.820343" lon="5.793607"><ele>319.8</ele></trkpt>
    <trkpt lat="43.820532" lon="5.793363"><ele>320.4</ele></trkpt>
    <trkpt lat="43.820557" lon="5.793331"><ele>320.5</ele></trkpt>
    <trkpt lat="43.820796" lon="5.793049"><ele>321.3</ele></trkpt>
    <trkpt lat="43.820994" lon="5.792824"><ele>321.9</ele></trkpt>
    <trkpt lat="43.821228" lon="5.792567"><ele>322.7</ele></trkpt>
    <trkpt lat="43.821408" lon="5.792364"><ele>323.2</ele></trkpt>
    <trkpt lat="43.821603" lon="5.792157"><ele>323.7</ele></trkpt>
    <trkpt lat="43.8217" lon="5.79207"><ele>324</ele></trkpt>
    <trkpt lat="43.821767" lon="5.79201"><ele>324.2</ele></trkpt>
    <trkpt lat="43.821942" lon="5.791877"><ele>324.7</ele></trkpt>
    <trkpt lat="43.82204" lon="5.791816"><ele>324.9</ele></trkpt>
    <trkpt lat="43.822089" lon="5.791789"><ele>325.1</ele></trkpt>
    <trkpt lat="43.822131" lon="5.791771"><ele>325.1</ele></trkpt>
    <trkpt lat="43.822131" lon="5.791771"><ele>325.1</ele></trkpt>
    <trkpt lat="43.822353" lon="5.79167"><ele>325.7</ele></trkpt>
    <trkpt lat="43.822353" lon="5.79167"><ele>325.7</ele></trkpt>
    <trkpt lat="43.822492" lon="5.791576"><ele>326</ele></trkpt>
    <trkpt lat="43.822492" lon="5.791576"><ele>326</ele></trkpt>
    <trkpt lat="43.822626" lon="5.791582"><ele>326.2</ele></trkpt>
    <trkpt lat="43.822725" lon="5.79152"><ele>326.5</ele></trkpt>
    <trkpt lat="43.822766" lon="5.791468"><ele>326.6</ele></trkpt>
    <trkpt lat="43.822766" lon="5.791468"><ele>326.6</ele></trkpt>
    <trkpt lat="43.822974" lon="5.791297"><ele>327</ele></trkpt>
    <trkpt lat="43.823034" lon="5.791255"><ele>327.2</ele></trkpt>
    <trkpt lat="43.82311" lon="5.791185"><ele>327.4</ele></trkpt>
    <trkpt lat="43.82311" lon="5.791185"><ele>327.4</ele></trkpt>
    <trkpt lat="43.823365" lon="5.790932"><ele>328.1</ele></trkpt>
    <trkpt lat="43.823404" lon="5.79089"><ele>328.2</ele></trkpt>
    <trkpt lat="43.823645" lon="5.790562"><ele>329</ele></trkpt>
    <trkpt lat="43.823668" lon="5.79053"><ele>329.1</ele></trkpt>
    <trkpt lat="43.823839" lon="5.790307"><ele>329.9</ele></trkpt>
    <trkpt lat="43.824169" lon="5.789876"><ele>331.5</ele></trkpt>
    <trkpt lat="43.82453" lon="5.789404"><ele>333.2</ele></trkpt>
    <trkpt lat="43.824708" lon="5.78917"><ele>334.1</ele></trkpt>
    <trkpt lat="43.824849" lon="5.788984"><ele>334.9</ele></trkpt>
    <trkpt lat="43.825216" lon="5.788497"><ele>337.3</ele></trkpt>
    <trkpt lat="43.825243" lon="5.788461"><ele>337.5</ele></trkpt>
    <trkpt lat="43.825313" lon="5.788356"><ele>338</ele></trkpt>
    <trkpt lat="43.825328" lon="5.788335"><ele>338.1</ele></trkpt>
    <trkpt lat="43.825456" lon="5.788153"><ele>339</ele></trkpt>
    <trkpt lat="43.825554" lon="5.787988"><ele>339.8</ele></trkpt>
    <trkpt lat="43.825611" lon="5.787944"><ele>340.2</ele></trkpt>
    <trkpt lat="43.825633" lon="5.787909"><ele>340.4</ele></trkpt>
    <trkpt lat="43.825758" lon="5.787806"><ele>341.1</ele></trkpt>
    <trkpt lat="43.826133" lon="5.787515"><ele>343.6</ele></trkpt>
    <trkpt lat="43.826605" lon="5.787222"><ele>347</ele></trkpt>
    <trkpt lat="43.826605" lon="5.787222"><ele>347</ele></trkpt>
    <trkpt lat="43.827048" lon="5.786948"><ele>350.1</ele></trkpt>
    <trkpt lat="43.827048" lon="5.786948"><ele>350.1</ele></trkpt>
    <trkpt lat="43.827548" lon="5.78664"><ele>353.5</ele></trkpt>
    <trkpt lat="43.828048" lon="5.786333"><ele>356.6</ele></trkpt>
    <trkpt lat="43.828098" lon="5.786295"><ele>356.9</ele></trkpt>
    <trkpt lat="43.828203" lon="5.78623"><ele>357.6</ele></trkpt>
    <trkpt lat="43.828674" lon="5.785933"><ele>360.6</ele></trkpt>
    <trkpt lat="43.829098" lon="5.785675"><ele>363.2</ele></trkpt>
    <trkpt lat="43.829219" lon="5.7856"><ele>363.9</ele></trkpt>
    <trkpt lat="43.829504" lon="5.785423"><ele>365.5</ele></trkpt>
    <trkpt lat="43.829571" lon="5.785379"><ele>365.9</ele></trkpt>
    <trkpt lat="43.829639" lon="5.785336"><ele>366.3</ele></trkpt>
    <trkpt lat="43.829696" lon="5.785299"><ele>366.5</ele></trkpt>
    <trkpt lat="43.829822" lon="5.785223"><ele>367</ele></trkpt>
    <trkpt lat="43.829978" lon="5.785129"><ele>367.5</ele></trkpt>
    <trkpt lat="43.830085" lon="5.785066"><ele>367.7</ele></trkpt>
    <trkpt lat="43.830273" lon="5.784948"><ele>367.9</ele></trkpt>
    <trkpt lat="43.830478" lon="5.784809"><ele>367.8</ele></trkpt>
    <trkpt lat="43.830606" lon="5.78474"><ele>367.4</ele></trkpt>
    <trkpt lat="43.830549" lon="5.784531"><ele>367</ele></trkpt>
    <trkpt lat="43.830395" lon="5.783914"><ele>365.1</ele></trkpt>
    <trkpt lat="43.830375" lon="5.783742"><ele>364.6</ele></trkpt>
    <trkpt lat="43.830355" lon="5.783527"><ele>363.9</ele></trkpt>
    <trkpt lat="43.830333" lon="5.783311"><ele>363.3</ele></trkpt>
    <trkpt lat="43.830328" lon="5.783247"><ele>363</ele></trkpt>
    <trkpt lat="43.830321" lon="5.782937"><ele>361.9</ele></trkpt>
    <trkpt lat="43.830335" lon="5.782905"><ele>361.8</ele></trkpt>
    <trkpt lat="43.830328" lon="5.782813"><ele>361.5</ele></trkpt>
    <trkpt lat="43.830364" lon="5.78265"><ele>361</ele></trkpt>
    <trkpt lat="43.830409" lon="5.78246"><ele>360.4</ele></trkpt>
    <trkpt lat="43.830435" lon="5.782392"><ele>360.2</ele></trkpt>
    <trkpt lat="43.830475" lon="5.782297"><ele>359.9</ele></trkpt>
    <trkpt lat="43.830561" lon="5.781975"><ele>359.1</ele></trkpt>
    <trkpt lat="43.830588" lon="5.781876"><ele>358.9</ele></trkpt>
    <trkpt lat="43.830617" lon="5.781441"><ele>358.3</ele></trkpt>
    <trkpt lat="43.830622" lon="5.781384"><ele>358.2</ele></trkpt>
    <trkpt lat="43.830666" lon="5.780877"><ele>357.6</ele></trkpt>
    <trkpt lat="43.830689" lon="5.780615"><ele>357.2</ele></trkpt>
    <trkpt lat="43.830704" lon="5.780447"><ele>356.9</ele></trkpt>
    <trkpt lat="43.830738" lon="5.780152"><ele>356.3</ele></trkpt>
    <trkpt lat="43.830745" lon="5.780104"><ele>356.2</ele></trkpt>
    <trkpt lat="43.830775" lon="5.779943"><ele>355.9</ele></trkpt>
    <trkpt lat="43.830864" lon="5.779551"><ele>355.2</ele></trkpt>
    <trkpt lat="43.831094" lon="5.778785"><ele>355.5</ele></trkpt>
    <trkpt lat="43.831161" lon="5.778518"><ele>356.1</ele></trkpt>
    <trkpt lat="43.831184" lon="5.778437"><ele>356.3</ele></trkpt>
    <trkpt lat="43.831292" lon="5.778512"><ele>356.7</ele></trkpt>
    <trkpt lat="43.83135" lon="5.778574"><ele>357</ele></trkpt>
    <trkpt lat="43.831449" lon="5.778721"><ele>357.6</ele></trkpt>
    <trkpt lat="43.831485" lon="5.778773"><ele>357.8</ele></trkpt>
    <trkpt lat="43.831853" lon="5.77934"><ele>361.2</ele></trkpt>
    <trkpt lat="43.831897" lon="5.779403"><ele>361.7</ele></trkpt>
    <trkpt lat="43.832028" lon="5.779567"><ele>363.2</ele></trkpt>
    <trkpt lat="43.832046" lon="5.779585"><ele>363.5</ele></trkpt>
    <trkpt lat="43.832081" lon="5.779614"><ele>363.8</ele></trkpt>
    <trkpt lat="43.832113" lon="5.779642"><ele>364.2</ele></trkpt>
    <trkpt lat="43.832227" lon="5.779743"><ele>365.4</ele></trkpt>
    <trkpt lat="43.832486" lon="5.779964"><ele>368.2</ele></trkpt>
    <trkpt lat="43.832698" lon="5.780131"><ele>370.3</ele></trkpt>
    <trkpt lat="43.832803" lon="5.780222"><ele>371.2</ele></trkpt>
    <trkpt lat="43.832928" lon="5.780394"><ele>372.4</ele></trkpt>
    <trkpt lat="43.832967" lon="5.78045"><ele>372.7</ele></trkpt>
    <trkpt lat="43.8331" lon="5.780635"><ele>373.7</ele></trkpt>
    <trkpt lat="43.833202" lon="5.780788"><ele>374.3</ele></trkpt>
    <trkpt lat="43.83331" lon="5.780992"><ele>374.8</ele></trkpt>
    <trkpt lat="43.833275" lon="5.781097"><ele>375.1</ele></trkpt>
    <trkpt lat="43.832708" lon="5.781214"><ele>375.5</ele></trkpt>
    <trkpt lat="43.832575" lon="5.781301"><ele>375.6</ele></trkpt>
    <trkpt lat="43.832509" lon="5.781354"><ele>375.6</ele></trkpt>
    <trkpt lat="43.831988" lon="5.781774"><ele>374.8</ele></trkpt>
    <trkpt lat="43.831748" lon="5.782106"><ele>374.6</ele></trkpt>
    <trkpt lat="43.831723" lon="5.782142"><ele>374.6</ele></trkpt>
    <trkpt lat="43.831544" lon="5.78247"><ele>374.9</ele></trkpt>
    <trkpt lat="43.831462" lon="5.782809"><ele>375.3</ele></trkpt>
    <trkpt lat="43.831431" lon="5.783125"><ele>375.7</ele></trkpt>
    <trkpt lat="43.831423" lon="5.783453"><ele>375.8</ele></trkpt>
    <trkpt lat="43.831425" lon="5.783535"><ele>375.8</ele></trkpt>
    <trkpt lat="43.831555" lon="5.783933"><ele>375.4</ele></trkpt>
    <trkpt lat="43.831634" lon="5.784117"><ele>375.2</ele></trkpt>
    <trkpt lat="43.831705" lon="5.784282"><ele>375</ele></trkpt>
    <trkpt lat="43.831794" lon="5.784459"><ele>374.7</ele></trkpt>
    <trkpt lat="43.831965" lon="5.784796"><ele>374</ele></trkpt>
    <trkpt lat="43.832108" lon="5.785002"><ele>373.3</ele></trkpt>
    <trkpt lat="43.832309" lon="5.785224"><ele>372.5</ele></trkpt>
    <trkpt lat="43.832456" lon="5.785362"><ele>371.9</ele></trkpt>
    <trkpt lat="43.832546" lon="5.785469"><ele>371.5</ele></trkpt>
    <trkpt lat="43.832572" lon="5.785492"><ele>371.4</ele></trkpt>
    <trkpt lat="43.832869" lon="5.785786"><ele>370.5</ele></trkpt>
    <trkpt lat="43.83303" lon="5.785804"><ele>370.3</ele></trkpt>
    <trkpt lat="43.83323" lon="5.785781"><ele>370.2</ele></trkpt>
    <trkpt lat="43.833295" lon="5.78577"><ele>370.2</ele></trkpt>
    <trkpt lat="43.833339" lon="5.785762"><ele>370.1</ele></trkpt>
    <trkpt lat="43.833523" lon="5.785736"><ele>370.2</ele></trkpt>
    <trkpt lat="43.833589" lon="5.785722"><ele>370.2</ele></trkpt>
    <trkpt lat="43.833598" lon="5.78572"><ele>370.2</ele></trkpt>
    <trkpt lat="43.833923" lon="5.785596"><ele>370.8</ele></trkpt>
    <trkpt lat="43.834266" lon="5.785394"><ele>371.9</ele></trkpt>
    <trkpt lat="43.834337" lon="5.785325"><ele>372.2</ele></trkpt>
    <trkpt lat="43.834457" lon="5.785172"><ele>372.9</ele></trkpt>
    <trkpt lat="43.834638" lon="5.78482"><ele>374.6</ele></trkpt>
    <trkpt lat="43.834724" lon="5.784625"><ele>375.5</ele></trkpt>
    <trkpt lat="43.834817" lon="5.784428"><ele>376.5</ele></trkpt>
    <trkpt lat="43.834848" lon="5.784364"><ele>376.8</ele></trkpt>
    <trkpt lat="43.835055" lon="5.783928"><ele>379.3</ele></trkpt>
    <trkpt lat="43.835115" lon="5.783801"><ele>380</ele></trkpt>
    <trkpt lat="43.835295" lon="5.783423"><ele>382.2</ele></trkpt>
    <trkpt lat="43.835381" lon="5.783243"><ele>383.1</ele></trkpt>
    <trkpt lat="43.835449" lon="5.783087"><ele>383.9</ele></trkpt>
    <trkpt lat="43.835489" lon="5.782997"><ele>384.3</ele></trkpt>
    <trkpt lat="43.835514" lon="5.782925"><ele>384.6</ele></trkpt>
    <trkpt lat="43.835555" lon="5.782731"><ele>385.2</ele></trkpt>
    <trkpt lat="43.835563" lon="5.782553"><ele>385.8</ele></trkpt>
    <trkpt lat="43.835551" lon="5.782424"><ele>386.1</ele></trkpt>
    <trkpt lat="43.835542" lon="5.782369"><ele>386.3</ele></trkpt>
    <trkpt lat="43.835528" lon="5.782299"><ele>386.5</ele></trkpt>
    <trkpt lat="43.835426" lon="5.781934"><ele>387.4</ele></trkpt>
    <trkpt lat="43.835391" lon="5.781803"><ele>387.7</ele></trkpt>
    <trkpt lat="43.835398" lon="5.781694"><ele>387.9</ele></trkpt>
    <trkpt lat="43.835449" lon="5.781607"><ele>388.1</ele></trkpt>
    <trkpt lat="43.83557" lon="5.781543"><ele>388.5</ele></trkpt>
    <trkpt lat="43.835616" lon="5.781533"><ele>388.6</ele></trkpt>
    <trkpt lat="43.836107" lon="5.781421"><ele>389.4</ele></trkpt>
    <trkpt lat="43.836424" lon="5.781354"><ele>389.7</ele></trkpt>
    <trkpt lat="43.836726" lon="5.781274"><ele>390.3</ele></trkpt>
    <trkpt lat="43.83696" lon="5.781193"><ele>390.8</ele></trkpt>
    <trkpt lat="43.836999" lon="5.781176"><ele>390.9</ele></trkpt>
    <trkpt lat="43.837275" lon="5.781041"><ele>391.4</ele></trkpt>
    <trkpt lat="43.837692" lon="5.780749"><ele>392.4</ele></trkpt>
    <trkpt lat="43.837994" lon="5.780476"><ele>393.3</ele></trkpt>
    <trkpt lat="43.838107" lon="5.780376"><ele>393.7</ele></trkpt>
    <trkpt lat="43.838187" lon="5.780319"><ele>393.9</ele></trkpt>
    <trkpt lat="43.838422" lon="5.780152"><ele>394.8</ele></trkpt>
    <trkpt lat="43.838717" lon="5.779948"><ele>395.9</ele></trkpt>
    <trkpt lat="43.839344" lon="5.77953"><ele>398.8</ele></trkpt>
    <trkpt lat="43.83945" lon="5.779454"><ele>399.4</ele></trkpt>
    <trkpt lat="43.839623" lon="5.779366"><ele>400.4</ele></trkpt>
    <trkpt lat="43.83969" lon="5.779322"><ele>400.7</ele></trkpt>
    <trkpt lat="43.839758" lon="5.779273"><ele>401.2</ele></trkpt>
    <trkpt lat="43.839958" lon="5.779116"><ele>402.3</ele></trkpt>
    <trkpt lat="43.840439" lon="5.778824"><ele>404.9</ele></trkpt>
    <trkpt lat="43.840563" lon="5.778748"><ele>405.4</ele></trkpt>
    <trkpt lat="43.841059" lon="5.778445"><ele>407.2</ele></trkpt>
  </trkseg></trk></gpx>