<?xml version="1.0" encoding="UTF-8"?>
<gpx version="1.1" creator="tour-scraper" xmlns="http://www.topografix.com/GPX/1/1">
  <trk><name>Stage 21: From Carrefour Granada to Granada — La Vuelta 26</name><trkseg>
    <trkpt lat="37.15118" lon="-3.612505"><ele>664.8</ele></trkpt>
    <trkpt lat="37.151052" lon="-3.612447"><ele>664.9</ele></trkpt>
    <trkpt lat="37.150093" lon="-3.612017"><ele>665.5</ele></trkpt>
    <trkpt lat="37.149851" lon="-3.611924"><ele>665.8</ele></trkpt>
    <trkpt lat="37.149641" lon="-3.611835"><ele>666</ele></trkpt>
    <trkpt lat="37.14936" lon="-3.611723"><ele>666.4</ele></trkpt>
    <trkpt lat="37.149318" lon="-3.611706"><ele>666.5</ele></trkpt>
    <trkpt lat="37.148943" lon="-3.611541"><ele>667</ele></trkpt>
    <trkpt lat="37.148581" lon="-3.611377"><ele>667.5</ele></trkpt>
    <trkpt lat="37.147892" lon="-3.611065"><ele>668</ele></trkpt>
    <trkpt lat="37.147633" lon="-3.610928"><ele>667.9</ele></trkpt>
    <trkpt lat="37.147353" lon="-3.610826"><ele>667.8</ele></trkpt>
    <trkpt lat="37.146882" lon="-3.610721"><ele>667.5</ele></trkpt>
    <trkpt lat="37.146641" lon="-3.61072"><ele>667.3</ele></trkpt>
    <trkpt lat="37.146355" lon="-3.610751"><ele>667.2</ele></trkpt>
    <trkpt lat="37.146246" lon="-3.61082"><ele>667.1</ele></trkpt>
    <trkpt lat="37.146122" lon="-3.610824"><ele>667.1</ele></trkpt>
    <trkpt lat="37.146012" lon="-3.610787"><ele>667.1</ele></trkpt>
    <trkpt lat="37.145956" lon="-3.610781"><ele>667.1</ele></trkpt>
    <trkpt lat="37.145762" lon="-3.610796"><ele>667.1</ele></trkpt>
    <trkpt lat="37.145571" lon="-3.610902"><ele>667.1</ele></trkpt>
    <trkpt lat="37.145244" lon="-3.611309"><ele>667.2</ele></trkpt>
    <trkpt lat="37.145165" lon="-3.611412"><ele>667.3</ele></trkpt>
    <trkpt lat="37.144778" lon="-3.611921"><ele>667.3</ele></trkpt>
    <trkpt lat="37.144469" lon="-3.612326"><ele>667.3</ele></trkpt>
    <trkpt lat="37.144105" lon="-3.612834"><ele>667.3</ele></trkpt>
    <trkpt lat="37.144038" lon="-3.612966"><ele>667.3</ele></trkpt>
    <trkpt lat="37.14395" lon="-3.613255"><ele>667.4</ele></trkpt>
    <trkpt lat="37.143954" lon="-3.613308"><ele>667.4</ele></trkpt>
    <trkpt lat="37.143932" lon="-3.613482"><ele>667.4</ele></trkpt>
    <trkpt lat="37.143899" lon="-3.613559"><ele>667.5</ele></trkpt>
    <trkpt lat="37.143793" lon="-3.613674"><ele>667.5</ele></trkpt>
    <trkpt lat="37.143675" lon="-3.613717"><ele>667.6</ele></trkpt>
    <trkpt lat="37.143639" lon="-3.613714"><ele>667.6</ele></trkpt>
    <trkpt lat="37.1434" lon="-3.613973"><ele>667.7</ele></trkpt>
    <trkpt lat="37.143153" lon="-3.614232"><ele>667.8</ele></trkpt>
    <trkpt lat="37.14271" lon="-3.614696"><ele>667.9</ele></trkpt>
    <trkpt lat="37.142606" lon="-3.614811"><ele>667.9</ele></trkpt>
    <trkpt lat="37.142443" lon="-3.61499"><ele>667.9</ele></trkpt>
    <trkpt lat="37.142353" lon="-3.615098"><ele>667.9</ele></trkpt>
    <trkpt lat="37.14211" lon="-3.615459"><ele>667.9</ele></trkpt>
    <trkpt lat="37.142081" lon="-3.615498"><ele>667.9</ele></trkpt>
    <trkpt lat="37.142047" lon="-3.61555"><ele>667.9</ele></trkpt>
    <trkpt lat="37.141848" lon="-3.615839"><ele>668</ele></trkpt>
    <trkpt lat="37.141583" lon="-3.616176"><ele>668.2</ele></trkpt>
    <trkpt lat="37.14143" lon="-3.616352"><ele>668.3</ele></trkpt>
    <trkpt lat="37.141388" lon="-3.616401"><ele>668.4</ele></trkpt>
    <trkpt lat="37.141153" lon="-3.616674"><ele>668.7</ele></trkpt>
    <trkpt lat="37.140802" lon="-3.617168"><ele>669.3</ele></trkpt>
    <trkpt lat="37.140313" lon="-3.617979"><ele>670.4</ele></trkpt>
    <trkpt lat="37.140332" lon="-3.61809"><ele>670.5</ele></trkpt>
    <trkpt lat="37.140268" lon="-3.618178"><ele>670.7</ele></trkpt>
    <trkpt lat="37.140188" lon="-3.61817"><ele>670.8</ele></trkpt>
    <trkpt lat="37.140077" lon="-3.618376"><ele>671.1</ele></trkpt>
    <trkpt lat="37.139949" lon="-3.618565"><ele>671.4</ele></trkpt>
    <trkpt lat="37.139821" lon="-3.618695"><ele>671.7</ele></trkpt>
    <trkpt lat="37.139686" lon="-3.618831"><ele>671.9</ele></trkpt>
    <trkpt lat="37.139597" lon="-3.618912"><ele>672.1</ele></trkpt>
    <trkpt lat="37.13953" lon="-3.618973"><ele>672.2</ele></trkpt>
    <trkpt lat="37.139232" lon="-3.619254"><ele>672.8</ele></trkpt>
    <trkpt lat="37.138752" lon="-3.619707"><ele>673.7</ele></trkpt>
    <trkpt lat="37.138444" lon="-3.619979"><ele>674.2</ele></trkpt>
    <trkpt lat="37.138402" lon="-3.620026"><ele>674.3</ele></trkpt>
    <trkpt lat="37.138271" lon="-3.620153"><ele>674.5</ele></trkpt>
    <trkpt lat="37.138373" lon="-3.620348"><ele>674.7</ele></trkpt>
    <trkpt lat="37.13844" lon="-3.620548"><ele>674.9</ele></trkpt>
    <trkpt lat="37.138464" lon="-3.621233"><ele>675.8</ele></trkpt>
    <trkpt lat="37.13853" lon="-3.621503"><ele>676.2</ele></trkpt>
    <trkpt lat="37.138671" lon="-3.621864"><ele>676.7</ele></trkpt>
    <trkpt lat="37.138714" lon="-3.621977"><ele>676.8</ele></trkpt>
    <trkpt lat="37.138743" lon="-3.62205"><ele>676.9</ele></trkpt>
    <trkpt lat="37.138926" lon="-3.622489"><ele>677.4</ele></trkpt>
    <trkpt lat="37.139063" lon="-3.622847"><ele>677.7</ele></trkpt>
    <trkpt lat="37.13911" lon="-3.622965"><ele>677.7</ele></trkpt>
    <trkpt lat="37.139177" lon="-3.623168"><ele>677.9</ele></trkpt>
    <trkpt lat="37.139277" lon="-3.623473"><ele>678</ele></trkpt>
    <trkpt lat="37.13934" lon="-3.623665"><ele>678</ele></trkpt>
    <trkpt lat="37.139385" lon="-3.6238"><ele>678</ele></trkpt>
    <trkpt lat="37.139492" lon="-3.624127"><ele>677.9</ele></trkpt>
    <trkpt lat="37.139511" lon="-3.624184"><ele>677.8</ele></trkpt>
    <trkpt lat="37.139598" lon="-3.624671"><ele>677.7</ele></trkpt>
    <trkpt lat="37.139636" lon="-3.624885"><ele>677.6</ele></trkpt>
    <trkpt lat="37.139693" lon="-3.625205"><ele>677.6</ele></trkpt>
    <trkpt lat="37.139724" lon="-3.625378"><ele>677.6</ele></trkpt>
    <trkpt lat="37.139735" lon="-3.625443"><ele>677.6</ele></trkpt>
    <trkpt lat="37.139801" lon="-3.625702"><ele>677.6</ele></trkpt>
    <trkpt lat="37.13992" lon="-3.626168"><ele>677.6</ele></trkpt>
    <trkpt lat="37.140009" lon="-3.626595"><ele>677.6</ele></trkpt>
    <trkpt lat="37.140021" lon="-3.626643"><ele>677.6</ele></trkpt>
    <trkpt lat="37.14016" lon="-3.627174"><ele>677.5</ele></trkpt>
    <trkpt lat="37.140284" lon="-3.628029"><ele>677.4</ele></trkpt>
    <trkpt lat="37.140369" lon="-3.628026"><ele>677.4</ele></trkpt>
    <trkpt lat="37.140448" lon="-3.628121"><ele>677.3</ele></trkpt>
    <trkpt lat="37.140456" lon="-3.62819"><ele>677.3</ele></trkpt>
    <trkpt lat="37.140431" lon="-3.628272"><ele>677.3</ele></trkpt>
    <trkpt lat="37.140446" lon="-3.628349"><ele>677.2</ele></trkpt>
    <trkpt lat="37.140469" lon="-3.62849"><ele>677.1</ele></trkpt>
    <trkpt lat="37.140518" lon="-3.628754"><ele>676.8</ele></trkpt>
    <trkpt lat="37.140652" lon="-3.629369"><ele>675.9</ele></trkpt>
    <trkpt lat="37.140755" lon="-3.629816"><ele>675.2</ele></trkpt>
    <trkpt lat="37.140827" lon="-3.630129"><ele>674.7</ele></trkpt>
    <trkpt lat="37.140894" lon="-3.630416"><ele>674.2</ele></trkpt>
    <trkpt lat="37.141003" lon="-3.630887"><ele>673.2</ele></trkpt>
    <trkpt lat="37.141127" lon="-3.631292"><ele>672.5</ele></trkpt>
    <trkpt lat="37.141243" lon="-3.631775"><ele>671.8</ele></trkpt>
    <trkpt lat="37.141368" lon="-3.632282"><ele>671.3</ele></trkpt>
    <trkpt lat="37.142014" lon="-3.63498"><ele>668.1</ele></trkpt>
    <trkpt lat="37.142065" lon="-3.635067"><ele>668</ele></trkpt>
    <trkpt lat="37.142169" lon="-3.635219"><ele>667.9</ele></trkpt>
    <trkpt lat="37.142108" lon="-3.635545"><ele>667.7</ele></trkpt>
    <trkpt lat="37.142097" lon="-3.635608"><ele>667.7</ele></trkpt>
    <trkpt lat="37.142055" lon="-3.635832"><ele>667.6</ele></trkpt>
    <trkpt lat="37.142036" lon="-3.63593"><ele>667.5</ele></trkpt>
    <trkpt lat="37.142025" lon="-3.635988"><ele>667.5</ele></trkpt>
    <trkpt lat="37.14178" lon="-3.637421"><ele>667.8</ele></trkpt>
    <trkpt lat="37.141795" lon="-3.637641"><ele>667.9</ele></trkpt>
    <trkpt lat="37.14183" lon="-3.637775"><ele>667.9</ele></trkpt>
    <trkpt lat="37.14196" lon="-3.638066"><ele>668</ele></trkpt>
    <trkpt lat="37.142141" lon="-3.638312"><ele>668</ele></trkpt>
    <trkpt lat="37.142682" lon="-3.639047"><ele>667.6</ele></trkpt>
    <trkpt lat="37.142695" lon="-3.639065"><ele>667.6</ele></trkpt>
    <trkpt lat="37.142893" lon="-3.639246"><ele>667.4</ele></trkpt>
    <trkpt lat="37.142912" lon="-3.639247"><ele>667.4</ele></trkpt>
    <trkpt lat="37.142955" lon="-3.639275"><ele>667.3</ele></trkpt>
    <trkpt lat="37.142975" lon="-3.63933"><ele>667.3</ele></trkpt>
    <trkpt lat="37.142976" lon="-3.639352"><ele>667.3</ele></trkpt>
    <trkpt lat="37.143104" lon="-3.639593"><ele>667.1</ele></trkpt>
    <trkpt lat="37.143128" lon="-3.639684"><ele>667</ele></trkpt>
    <trkpt lat="37.143301" lon="-3.640443"><ele>666.4</ele></trkpt>
    <trkpt lat="37.143691" lon="-3.641952"><ele>666.1</ele></trkpt>
    <trkpt lat="37.143703" lon="-3.641997"><ele>666</ele></trkpt>
    <trkpt lat="37.143855" lon="-3.642627"><ele>666</ele></trkpt>
    <trkpt lat="37.143868" lon="-3.642681"><ele>666</ele></trkpt>
    <trkpt lat="37.144059" lon="-3.643474"><ele>665.9</ele></trkpt>
    <trkpt lat="37.14413" lon="-3.643771"><ele>665.8</ele></trkpt>
    <trkpt lat="37.144138" lon="-3.643806"><ele>665.8</ele></trkpt>
    <trkpt lat="37.144242" lon="-3.644283"><ele>665.7</ele></trkpt>
    <trkpt lat="37.144373" lon="-3.644847"><ele>665.3</ele></trkpt>
    <trkpt lat="37.144406" lon="-3.644967"><ele>665.3</ele></trkpt>
    <trkpt lat="37.144558" lon="-3.645546"><ele>664.7</ele></trkpt>
    <trkpt lat="37.144598" lon="-3.645649"><ele>664.6</ele></trkpt>
    <trkpt lat="37.144627" lon="-3.645678"><ele>664.6</ele></trkpt>
    <trkpt lat="37.144725" lon="-3.645961"><ele>664.2</ele></trkpt>
    <trkpt lat="37.144768" lon="-3.646085"><ele>664.1</ele></trkpt>
    <trkpt lat="37.14491" lon="-3.646484"><ele>663.7</ele></trkpt>
    <trkpt lat="37.144949" lon="-3.646568"><ele>663.6</ele></trkpt>
    <trkpt lat="37.144965" lon="-3.646604"><ele>663.5</ele></trkpt>
    <trkpt lat="37.14516" lon="-3.647197"><ele>662.9</ele></trkpt>
    <trkpt lat="37.145168" lon="-3.647222"><ele>662.9</ele></trkpt>
    <trkpt lat="37.145356" lon="-3.647822"><ele>662.3</ele></trkpt>
    <trkpt lat="37.145544" lon="-3.648378"><ele>661.8</ele></trkpt>
    <trkpt lat="37.145631" lon="-3.648638"><ele>661.6</ele></trkpt>
    <trkpt lat="37.14579" lon="-3.649116"><ele>661.1</ele></trkpt>
    <trkpt lat="37.145874" lon="-3.649351"><ele>660.9</ele></trkpt>
    <trkpt lat="37.146018" lon="-3.649771"><ele>660.5</ele></trkpt>
    <trkpt lat="37.146321" lon="-3.65076"><ele>659.8</ele></trkpt>
    <trkpt lat="37.146516" lon="-3.651351"><ele>659</ele></trkpt>
    <trkpt lat="37.146601" lon="-3.651583"><ele>658.6</ele></trkpt>
    <trkpt lat="37.14669" lon="-3.651691"><ele>658.3</ele></trkpt>
    <trkpt lat="37.146703" lon="-3.651634"><ele>658.2</ele></trkpt>
    <trkpt lat="37.1468" lon="-3.651631"><ele>658</ele></trkpt>
    <trkpt lat="37.146858" lon="-3.651882"><ele>657.6</ele></trkpt>
    <trkpt lat="37.147367" lon="-3.651868"><ele>656.4</ele></trkpt>
    <trkpt lat="37.147622" lon="-3.651863"><ele>655.9</ele></trkpt>
    <trkpt lat="37.148011" lon="-3.651855"><ele>654.9</ele></trkpt>
    <trkpt lat="37.148624" lon="-3.651839"><ele>653.5</ele></trkpt>
    <trkpt lat="37.148662" lon="-3.651842"><ele>653.4</ele></trkpt>
    <trkpt lat="37.149195" lon="-3.651889"><ele>652.3</ele></trkpt>
    <trkpt lat="37.149668" lon="-3.651873"><ele>651.2</ele></trkpt>
    <trkpt lat="37.150134" lon="-3.651856"><ele>650.3</ele></trkpt>
    <trkpt lat="37.150718" lon="-3.651839"><ele>649.6</ele></trkpt>
    <trkpt lat="37.15079" lon="-3.650571"><ele>648.9</ele></trkpt>
    <trkpt lat="37.150852" lon="-3.649585"><ele>648.8</ele></trkpt>
    <trkpt lat="37.150886" lon="-3.649"><ele>648.9</ele></trkpt>
    <trkpt lat="37.150929" lon="-3.648268"><ele>649.2</ele></trkpt>
    <trkpt lat="37.150997" lon="-3.647127"><ele>649.5</ele></trkpt>
    <trkpt lat="37.151047" lon="-3.646071"><ele>649.5</ele></trkpt>
    <trkpt lat="37.151134" lon="-3.644308"><ele>649.2</ele></trkpt>
    <trkpt lat="37.151099" lon="-3.643804"><ele>649.2</ele></trkpt>
    <trkpt lat="37.151025" lon="-3.643057"><ele>649.5</ele></trkpt>
    <trkpt lat="37.150946" lon="-3.642344"><ele>649.9</ele></trkpt>
    <trkpt lat="37.150898" lon="-3.642336"><ele>650</ele></trkpt>
    <trkpt lat="37.150862" lon="-3.642289"><ele>650</ele></trkpt>
    <trkpt lat="37.150866" lon="-3.642205"><ele>650</ele></trkpt>
    <trkpt lat="37.150926" lon="-3.642157"><ele>650.1</ele></trkpt>
    <trkpt lat="37.150749" lon="-3.640849"><ele>650.6</ele></trkpt>
    <trkpt lat="37.150711" lon="-3.640563"><ele>650.7</ele></trkpt>
    <trkpt lat="37.150633" lon="-3.639962"><ele>650.8</ele></trkpt>
    <trkpt lat="37.15051" lon="-3.639101"><ele>651.1</ele></trkpt>
    <trkpt lat="37.15021" lon="-3.636886"><ele>651.8</ele></trkpt>
    <trkpt lat="37.150031" lon="-3.635599"><ele>651.7</ele></trkpt>
    <trkpt lat="37.149907" lon="-3.634704"><ele>651.7</ele></trkpt>
    <trkpt lat="37.149849" lon="-3.634287"><ele>651.9</ele></trkpt>
    <trkpt lat="37.149637" lon="-3.632718"><ele>653</ele></trkpt>
    <trkpt lat="37.149575" lon="-3.632703"><ele>653</ele></trkpt>
    <trkpt lat="37.149537" lon="-3.632653"><ele>653.1</ele></trkpt>
    <trkpt lat="37.149526" lon="-3.632584"><ele>653.1</ele></trkpt>
    <trkpt lat="37.149549" lon="-3.632514"><ele>653.2</ele></trkpt>
    <trkpt lat="37.149593" lon="-3.632477"><ele>653.2</ele></trkpt>
    <trkpt lat="37.149569" lon="-3.632245"><ele>653.3</ele></trkpt>
    <trkpt lat="37.149466" lon="-3.631337"><ele>653.8</ele></trkpt>
    <trkpt lat="37.14941" lon="-3.630806"><ele>654.2</ele></trkpt>
    <trkpt lat="37.149424" lon="-3.630444"><ele>654.4</ele></trkpt>
    <trkpt lat="37.149519" lon="-3.629657"><ele>654.6</ele></trkpt>
    <trkpt lat="37.149447" lon="-3.629607"><ele>654.6</ele></trkpt>
    <trkpt lat="37.149411" lon="-3.629513"><ele>654.6</ele></trkpt>
    <trkpt lat="37.14945" lon="-3.629367"><ele>654.5</ele></trkpt>
    <trkpt lat="37.149568" lon="-3.62932"><ele>654.5</ele></trkpt>
    <trkpt lat="37.149702" lon="-3.62855"><ele>654.3</ele></trkpt>
    <trkpt lat="37.149841" lon="-3.627665"><ele>653.9</ele></trkpt>
    <trkpt lat="37.150033" lon="-3.626443"><ele>653.6</ele></trkpt>
    <trkpt lat="37.149972" lon="-3.626415"><ele>653.6</ele></trkpt>
    <trkpt lat="37.149928" lon="-3.626347"><ele>653.6</ele></trkpt>
    <trkpt lat="37.14992" lon="-3.626263"><ele>653.5</ele></trkpt>
    <trkpt lat="37.149952" lon="-3.626182"><ele>653.5</ele></trkpt>
    <trkpt lat="37.150056" lon="-3.626134"><ele>653.4</ele></trkpt>
    <trkpt lat="37.150205" lon="-3.626069"><ele>653.3</ele></trkpt>
    <trkpt lat="37.150275" lon="-3.626016"><ele>653.3</ele></trkpt>
    <trkpt lat="37.150472" lon="-3.625671"><ele>653</ele></trkpt>
    <trkpt lat="37.150973" lon="-3.624937"><ele>652.5</ele></trkpt>
    <trkpt lat="37.151816" lon="-3.62398"><ele>652.1</ele></trkpt>
    <trkpt lat="37.151888" lon="-3.623813"><ele>652.1</ele></trkpt>
    <trkpt lat="37.151882" lon="-3.623775"><ele>652.1</ele></trkpt>
    <trkpt lat="37.151886" lon="-3.623756"><ele>652.1</ele></trkpt>
    <trkpt lat="37.151924" lon="-3.623722"><ele>652.1</ele></trkpt>
    <trkpt lat="37.15194" lon="-3.623723"><ele>652.1</ele></trkpt>
    <trkpt lat="37.152034" lon="-3.623598"><ele>652.1</ele></trkpt>
    <trkpt lat="37.152204" lon="-3.623395"><ele>652</ele></trkpt>
    <trkpt lat="37.152359" lon="-3.62319"><ele>652</ele></trkpt>
    <trkpt lat="37.152486" lon="-3.623022"><ele>652</ele></trkpt>
    <trkpt lat="37.15275" lon="-3.622653"><ele>652</ele></trkpt>
    <trkpt lat="37.153063" lon="-3.622166"><ele>652.1</ele></trkpt>
    <trkpt lat="37.153308" lon="-3.621667"><ele>652.2</ele></trkpt>
    <trkpt lat="37.153277" lon="-3.621599"><ele>652.2</ele></trkpt>
    <trkpt lat="37.153276" lon="-3.621498"><ele>652.2</ele></trkpt>
    <trkpt lat="37.153321" lon="-3.621411"><ele>652.2</ele></trkpt>
    <trkpt lat="37.153403" lon="-3.621368"><ele>652.2</ele></trkpt>
    <trkpt lat="37.153478" lon="-3.621255"><ele>652.3</ele></trkpt>
    <trkpt lat="37.153509" lon="-3.621132"><ele>652.3</ele></trkpt>
    <trkpt lat="37.153641" lon="-3.620556"><ele>652.5</ele></trkpt>
    <trkpt lat="37.153725" lon="-3.620061"><ele>652.8</ele></trkpt>
    <trkpt lat="37.153808" lon="-3.619331"><ele>653.5</ele></trkpt>
    <trkpt lat="37.153892" lon="-3.618469"><ele>654.7</ele></trkpt>
    <trkpt lat="37.153899" lon="-3.618357"><ele>654.8</ele></trkpt>
    <trkpt lat="37.153926" lon="-3.617903"><ele>655.5</ele></trkpt>
    <trkpt lat="37.153909" lon="-3.617861"><ele>655.6</ele></trkpt>
    <trkpt lat="37.153927" lon="-3.617796"><ele>655.7</ele></trkpt>
    <trkpt lat="37.153934" lon="-3.617477"><ele>656.3</ele></trkpt>
    <trkpt lat="37.153946" lon="-3.616964"><ele>657.2</ele></trkpt>
    <trkpt lat="37.153938" lon="-3.616477"><ele>657.9</ele></trkpt>
    <trkpt lat="37.153912" lon="-3.616245"><ele>658.2</ele></trkpt>
    <trkpt lat="37.153875" lon="-3.6159"><ele>658.6</ele></trkpt>
    <trkpt lat="37.15383" lon="-3.61562"><ele>658.9</ele></trkpt>
    <trkpt lat="37.153746" lon="-3.615162"><ele>659.4</ele></trkpt>
    <trkpt lat="37.153737" lon="-3.615128"><ele>659.4</ele></trkpt>
    <trkpt lat="37.153548" lon="-3.614455"><ele>660</ele></trkpt>
    <trkpt lat="37.153491" lon="-3.61427"><ele>660.1</ele></trkpt>
    <trkpt lat="37.153465" lon="-3.614233"><ele>660.1</ele></trkpt>
    <trkpt lat="37.153464" lon="-3.614183"><ele>660.2</ele></trkpt>
    <trkpt lat="37.153303" lon="-3.613733"><ele>660.8</ele></trkpt>
    <trkpt lat="37.153232" lon="-3.613665"><ele>661</ele></trkpt>
    <trkpt lat="37.153031" lon="-3.613605"><ele>661.4</ele></trkpt>
    <trkpt lat="37.152872" lon="-3.613543"><ele>661.7</ele></trkpt>
    <trkpt lat="37.152813" lon="-3.613461"><ele>661.9</ele></trkpt>
    <trkpt lat="37.152757" lon="-3.613312"><ele>662.2</ele></trkpt>
    <trkpt lat="37.15262" lon="-3.613265"><ele>662.5</ele></trkpt>
    <trkpt lat="37.152524" lon="-3.613204"><ele>662.7</ele></trkpt>
    <trkpt lat="37.152439" lon="-3.613096"><ele>662.9</ele></trkpt>
    <trkpt lat="37.152425" lon="-3.613066"><ele>662.9</ele></trkpt>
    <trkpt lat="37.152361" lon="-3.613068"><ele>663</ele></trkpt>
    <trkpt lat="37.152215" lon="-3.612986"><ele>663.3</ele></trkpt>
    <trkpt lat="37.152161" lon="-3.612956"><ele>663.4</ele></trkpt>
    <trkpt lat="37.151538" lon="-3.612665"><ele>664.3</ele></trkpt>
    <trkpt lat="37.15118" lon="-3.612505"><ele>664.6</ele></trkpt>
    <trkpt lat="37.151052" lon="-3.612447"><ele>664.7</ele></trkpt>
    <trkpt lat="37.150093" lon="-3.612017"><ele>665.5</ele></trkpt>
    <trkpt lat="37.149851" lon="-3.611924"><ele>665.8</ele></trkpt>
    <trkpt lat="37.149641" lon="-3.611835"><ele>666</ele></trkpt>
    <trkpt lat="37.14936" lon="-3.611723"><ele>666.4</ele></trkpt>
    <trkpt lat="37.149318" lon="-3.611706"><ele>666.5</ele></trkpt>
    <trkpt lat="37.148943" lon="-3.611541"><ele>667</ele></trkpt>
    <trkpt lat="37.148581" lon="-3.611377"><ele>667.5</ele></trkpt>
    <trkpt lat="37.147892" lon="-3.611065"><ele>668</ele></trkpt>
    <trkpt lat="37.147633" lon="-3.610928"><ele>667.9</ele></trkpt>
    <trkpt lat="37.147353" lon="-3.610826"><ele>667.8</ele></trkpt>
    <trkpt lat="37.146882" lon="-3.610721"><ele>667.5</ele></trkpt>
    <trkpt lat="37.146641" lon="-3.61072"><ele>667.4</ele></trkpt>
    <trkpt lat="37.146355" lon="-3.610751"><ele>667.3</ele></trkpt>
    <trkpt lat="37.146246" lon="-3.61082"><ele>667.3</ele></trkpt>
    <trkpt lat="37.146122" lon="-3.610824"><ele>667.3</ele></trkpt>
    <trkpt lat="37.146012" lon="-3.610787"><ele>667.3</ele></trkpt>
    <trkpt lat="37.145917" lon="-3.610689"><ele>667.3</ele></trkpt>
    <trkpt lat="37.145864" lon="-3.610579"><ele>667.4</ele></trkpt>
    <trkpt lat="37.145839" lon="-3.610455"><ele>667.4</ele></trkpt>
    <trkpt lat="37.145845" lon="-3.610334"><ele>667.4</ele></trkpt>
    <trkpt lat="37.145943" lon="-3.609985"><ele>667.5</ele></trkpt>
    <trkpt lat="37.146072" lon="-3.609551"><ele>667.8</ele></trkpt>
    <trkpt lat="37.146173" lon="-3.609213"><ele>668.1</ele></trkpt>
    <trkpt lat="37.146291" lon="-3.609022"><ele>668.3</ele></trkpt>
    <trkpt lat="37.14635" lon="-3.608978"><ele>668.4</ele></trkpt>
    <trkpt lat="37.146482" lon="-3.608966"><ele>668.6</ele></trkpt>
    <trkpt lat="37.146665" lon="-3.60882"><ele>668.8</ele></trkpt>
    <trkpt lat="37.146744" lon="-3.608722"><ele>668.9</ele></trkpt>
    <trkpt lat="37.146867" lon="-3.608489"><ele>669.2</ele></trkpt>
    <trkpt lat="37.14692" lon="-3.608184"><ele>669.5</ele></trkpt>
    <trkpt lat="37.146907" lon="-3.608046"><ele>669.7</ele></trkpt>
    <trkpt lat="37.14677" lon="-3.607939"><ele>670</ele></trkpt>
    <trkpt lat="37.146747" lon="-3.607926"><ele>670.1</ele></trkpt>
    <trkpt lat="37.145677" lon="-3.607277"><ele>671.7</ele></trkpt>
    <trkpt lat="37.145598" lon="-3.607224"><ele>671.9</ele></trkpt>
    <trkpt lat="37.145329" lon="-3.607023"><ele>672.2</ele></trkpt>
    <trkpt lat="37.145226" lon="-3.606912"><ele>672.4</ele></trkpt>
    <trkpt lat="37.145121" lon="-3.606791"><ele>672.6</ele></trkpt>
    <trkpt lat="37.145047" lon="-3.606758"><ele>672.7</ele></trkpt>
    <trkpt lat="37.145017" lon="-3.606645"><ele>672.8</ele></trkpt>
    <trkpt lat="37.144926" lon="-3.606466"><ele>673</ele></trkpt>
    <trkpt lat="37.144912" lon="-3.606438"><ele>673</ele></trkpt>
    <trkpt lat="37.144838" lon="-3.606271"><ele>673.2</ele></trkpt>
    <trkpt lat="37.144724" lon="-3.60589"><ele>673.7</ele></trkpt>
    <trkpt lat="37.144666" lon="-3.605354"><ele>674.3</ele></trkpt>
    <trkpt lat="37.144667" lon="-3.605237"><ele>674.4</ele></trkpt>
    <trkpt lat="37.144737" lon="-3.604761"><ele>675</ele></trkpt>
    <trkpt lat="37.144886" lon="-3.604324"><ele>675.5</ele></trkpt>
    <trkpt lat="37.145067" lon="-3.603994"><ele>675.8</ele></trkpt>
    <trkpt lat="37.145258" lon="-3.603727"><ele>675.9</ele></trkpt>
    <trkpt lat="37.145378" lon="-3.603558"><ele>675.9</ele></trkpt>
    <trkpt lat="37.145668" lon="-3.603176"><ele>676.1</ele></trkpt>
    <trkpt lat="37.145792" lon="-3.603055"><ele>676.1</ele></trkpt>
    <trkpt lat="37.14586" lon="-3.602994"><ele>676.1</ele></trkpt>
    <trkpt lat="37.145961" lon="-3.602904"><ele>676.2</ele></trkpt>
    <trkpt lat="37.145979" lon="-3.60289"><ele>676.2</ele></trkpt>
    <trkpt lat="37.146076" lon="-3.602801"><ele>676.2</ele></trkpt>
    <trkpt lat="37.146073" lon="-3.602674"><ele>676.2</ele></trkpt>
    <trkpt lat="37.146161" lon="-3.602498"><ele>676.2</ele></trkpt>
    <trkpt lat="37.146297" lon="-3.602435"><ele>676.2</ele></trkpt>
    <trkpt lat="37.146388" lon="-3.602246"><ele>676.2</ele></trkpt>
    <trkpt lat="37.146501" lon="-3.602002"><ele>676.2</ele></trkpt>
    <trkpt lat="37.147219" lon="-3.600454"><ele>677</ele></trkpt>
    <trkpt lat="37.14767" lon="-3.599482"><ele>677.6</ele></trkpt>
    <trkpt lat="37.147701" lon="-3.599417"><ele>677.6</ele></trkpt>
    <trkpt lat="37.147816" lon="-3.599175"><ele>677.8</ele></trkpt>
    <trkpt lat="37.147897" lon="-3.599002"><ele>677.9</ele></trkpt>
    <trkpt lat="37.147862" lon="-3.598961"><ele>677.9</ele></trkpt>
    <trkpt lat="37.147825" lon="-3.598793"><ele>678</ele></trkpt>
    <trkpt lat="37.147872" lon="-3.598617"><ele>678.1</ele></trkpt>
    <trkpt lat="37.147928" lon="-3.598552"><ele>678.1</ele></trkpt>
    <trkpt lat="37.148012" lon="-3.598508"><ele>678.1</ele></trkpt>
    <trkpt lat="37.148103" lon="-3.598508"><ele>678.2</ele></trkpt>
    <trkpt lat="37.148175" lon="-3.598543"><ele>678.2</ele></trkpt>
    <trkpt lat="37.148259" lon="-3.598652"><ele>678.2</ele></trkpt>
    <trkpt lat="37.148401" lon="-3.598616"><ele>678.2</ele></trkpt>
    <trkpt lat="37.148838" lon="-3.598468"><ele>678.2</ele></trkpt>
    <trkpt lat="37.148982" lon="-3.598413"><ele>678.1</ele></trkpt>
    <trkpt lat="37.148995" lon="-3.598307"><ele>678.1</ele></trkpt>
    <trkpt lat="37.149038" lon="-3.598214"><ele>678.1</ele></trkpt>
    <trkpt lat="37.149161" lon="-3.598121"><ele>678.1</ele></trkpt>
    <trkpt lat="37.149253" lon="-3.598117"><ele>678.1</ele></trkpt>
    <trkpt lat="37.149335" lon="-3.598156"><ele>678.1</ele></trkpt>
    <trkpt lat="37.149442" lon="-3.598047"><ele>678.1</ele></trkpt>
    <trkpt lat="37.150011" lon="-3.597472"><ele>677.9</ele></trkpt>
    <trkpt lat="37.15008" lon="-3.597399"><ele>677.9</ele></trkpt>
    <trkpt lat="37.15018" lon="-3.597301"><ele>677.9</ele></trkpt>
    <trkpt lat="37.150306" lon="-3.597173"><ele>677.9</ele></trkpt>
    <trkpt lat="37.150391" lon="-3.597089"><ele>677.9</ele></trkpt>
    <trkpt lat="37.150482" lon="-3.596993"><ele>677.9</ele></trkpt>
    <trkpt lat="37.150544" lon="-3.596929"><ele>677.9</ele></trkpt>
    <trkpt lat="37.1506" lon="-3.596877"><ele>677.8</ele></trkpt>
    <trkpt lat="37.150599" lon="-3.596815"><ele>677.8</ele></trkpt>
    <trkpt lat="37.150636" lon="-3.596702"><ele>677.8</ele></trkpt>
    <trkpt lat="37.150692" lon="-3.596641"><ele>677.8</ele></trkpt>
    <trkpt lat="37.150763" lon="-3.596612"><ele>677.8</ele></trkpt>
    <trkpt lat="37.150857" lon="-3.596443"><ele>677.8</ele></trkpt>
    <trkpt lat="37.150888" lon="-3.596389"><ele>677.9</ele></trkpt>
    <trkpt lat="37.151267" lon="-3.595708"><ele>678.7</ele></trkpt>
    <trkpt lat="37.151306" lon="-3.595638"><ele>678.8</ele></trkpt>
    <trkpt lat="37.151335" lon="-3.595587"><ele>678.9</ele></trkpt>
    <trkpt lat="37.151562" lon="-3.59518"><ele>680</ele></trkpt>
    <trkpt lat="37.151645" lon="-3.595031"><ele>680.4</ele></trkpt>
    <trkpt lat="37.151709" lon="-3.594916"><ele>680.8</ele></trkpt>
    <trkpt lat="37.151736" lon="-3.594868"><ele>680.9</ele></trkpt>
    <trkpt lat="37.151879" lon="-3.594613"><ele>681.7</ele></trkpt>
    <trkpt lat="37.151901" lon="-3.594571"><ele>681.9</ele></trkpt>
    <trkpt lat="37.151931" lon="-3.594521"><ele>682</ele></trkpt>
    <trkpt lat="37.152053" lon="-3.594299"><ele>682.8</ele></trkpt>
    <trkpt lat="37.152391" lon="-3.593688"><ele>684.3</ele></trkpt>
    <trkpt lat="37.15257" lon="-3.593364"><ele>684.9</ele></trkpt>
    <trkpt lat="37.152726" lon="-3.593083"><ele>685.2</ele></trkpt>
    <trkpt lat="37.152899" lon="-3.59277"><ele>685.4</ele></trkpt>
    <trkpt lat="37.152995" lon="-3.592593"><ele>685.4</ele></trkpt>
    <trkpt lat="37.152942" lon="-3.592491"><ele>685.5</ele></trkpt>
    <trkpt lat="37.152867" lon="-3.592418"><ele>685.5</ele></trkpt>
    <trkpt lat="37.152783" lon="-3.592389"><ele>685.5</ele></trkpt>
    <trkpt lat="37.152676" lon="-3.592398"><ele>685.5</ele></trkpt>
    <trkpt lat="37.152535" lon="-3.592413"><ele>685.5</ele></trkpt>
    <trkpt lat="37.151863" lon="-3.592497"><ele>685.3</ele></trkpt>
    <trkpt lat="37.151668" lon="-3.592521"><ele>685.2</ele></trkpt>
    <trkpt lat="37.151432" lon="-3.592549"><ele>685.1</ele></trkpt>
    <trkpt lat="37.151003" lon="-3.592604"><ele>685.2</ele></trkpt>
    <trkpt lat="37.150966" lon="-3.592609"><ele>685.2</ele></trkpt>
    <trkpt lat="37.150913" lon="-3.592615"><ele>685.2</ele></trkpt>
    <trkpt lat="37.150694" lon="-3.592645"><ele>685.1</ele></trkpt>
    <trkpt lat="37.150468" lon="-3.592667"><ele>685.1</ele></trkpt>
    <trkpt lat="37.150292" lon="-3.59268"><ele>685.1</ele></trkpt>
    <trkpt lat="37.150223" lon="-3.592724"><ele>685</ele></trkpt>
    <trkpt lat="37.150102" lon="-3.592753"><ele>685.1</ele></trkpt>
    <trkpt lat="37.149994" lon="-3.592734"><ele>685.1</ele></trkpt>
    <trkpt lat="37.149891" lon="-3.592671"><ele>685.2</ele></trkpt>
    <trkpt lat="37.149845" lon="-3.592622"><ele>685.2</ele></trkpt>
    <trkpt lat="37.149769" lon="-3.592513"><ele>685.3</ele></trkpt>
    <trkpt lat="37.149628" lon="-3.592311"><ele>685.5</ele></trkpt>
    <trkpt lat="37.149405" lon="-3.591991"><ele>685.7</ele></trkpt>
    <trkpt lat="37.149383" lon="-3.591908"><ele>685.8</ele></trkpt>
    <trkpt lat="37.149314" lon="-3.59181"><ele>685.8</ele></trkpt>
    <trkpt lat="37.149143" lon="-3.59168"><ele>686</ele></trkpt>
    <trkpt lat="37.148866" lon="-3.591512"><ele>686.3</ele></trkpt>
    <trkpt lat="37.148723" lon="-3.591474"><ele>686.5</ele></trkpt>
    <trkpt lat="37.148625" lon="-3.591517"><ele>686.7</ele></trkpt>
    <trkpt lat="37.148509" lon="-3.591507"><ele>686.8</ele></trkpt>
    <trkpt lat="37.148396" lon="-3.591428"><ele>687</ele></trkpt>
    <trkpt lat="37.148325" lon="-3.591293"><ele>687.2</ele></trkpt>
    <trkpt lat="37.148312" lon="-3.591109"><ele>687.4</ele></trkpt>
    <trkpt lat="37.148368" lon="-3.590956"><ele>687.5</ele></trkpt>
    <trkpt lat="37.148362" lon="-3.590733"><ele>687.7</ele></trkpt>
    <trkpt lat="37.148249" lon="-3.590405"><ele>688</ele></trkpt>
    <trkpt lat="37.148082" lon="-3.590166"><ele>688.3</ele></trkpt>
    <trkpt lat="37.147636" lon="-3.589548"><ele>688.8</ele></trkpt>
    <trkpt lat="37.147346" lon="-3.589015"><ele>689.3</ele></trkpt>
    <trkpt lat="37.147305" lon="-3.588928"><ele>689.4</ele></trkpt>
    <trkpt lat="37.147061" lon="-3.588272"><ele>690</ele></trkpt>
    <trkpt lat="37.146949" lon="-3.587855"><ele>690.5</ele></trkpt>
    <trkpt lat="37.146837" lon="-3.587229"><ele>691.3</ele></trkpt>
    <trkpt lat="37.146798" lon="-3.586943"><ele>691.8</ele></trkpt>
    <trkpt lat="37.146487" lon="-3.584052"><ele>696.6</ele></trkpt>
    <trkpt lat="37.146384" lon="-3.583522"><ele>697.4</ele></trkpt>
    <trkpt lat="37.146185" lon="-3.582821"><ele>698.4</ele></trkpt>
    <trkpt lat="37.146045" lon="-3.582436"><ele>699</ele></trkpt>
    <trkpt lat="37.145883" lon="-3.582015"><ele>699.5</ele></trkpt>
    <trkpt lat="37.145677" lon="-3.581504"><ele>700.4</ele></trkpt>
    <trkpt lat="37.145548" lon="-3.581132"><ele>701.1</ele></trkpt>
    <trkpt lat="37.14546" lon="-3.580723"><ele>701.8</ele></trkpt>
    <trkpt lat="37.145412" lon="-3.580321"><ele>702.5</ele></trkpt>
    <trkpt lat="37.145405" lon="-3.57978"><ele>703.4</ele></trkpt>
    <trkpt lat="37.145344" lon="-3.579477"><ele>704</ele></trkpt>
    <trkpt lat="37.14524" lon="-3.579382"><ele>704.3</ele></trkpt>
    <trkpt lat="37.145196" lon="-3.57923"><ele>704.7</ele></trkpt>
    <trkpt lat="37.145224" lon="-3.579081"><ele>705</ele></trkpt>
    <trkpt lat="37.145261" lon="-3.57902"><ele>705.1</ele></trkpt>
    <trkpt lat="37.145281" lon="-3.578999"><ele>705.2</ele></trkpt>
    <trkpt lat="37.145413" lon="-3.578941"><ele>705.6</ele></trkpt>
    <trkpt lat="37.145466" lon="-3.578949"><ele>705.7</ele></trkpt>
    <trkpt lat="37.145516" lon="-3.578972"><ele>705.9</ele></trkpt>
    <trkpt lat="37.145679" lon="-3.578809"><ele>706.5</ele></trkpt>
    <trkpt lat="37.146129" lon="-3.578096"><ele>709</ele></trkpt>
    <trkpt lat="37.146166" lon="-3.578038"><ele>709.3</ele></trkpt>
    <trkpt lat="37.146897" lon="-3.576882"><ele>714.7</ele></trkpt>
    <trkpt lat="37.14694" lon="-3.576789"><ele>715.1</ele></trkpt>
    <trkpt lat="37.147048" lon="-3.576664"><ele>715.8</ele></trkpt>
    <trkpt lat="37.146952" lon="-3.576482"><ele>716.6</ele></trkpt>
    <trkpt lat="37.146772" lon="-3.576036"><ele>718.1</ele></trkpt>
    <trkpt lat="37.14661" lon="-3.575618"><ele>719.2</ele></trkpt>
    <trkpt lat="37.146554" lon="-3.575472"><ele>719.5</ele></trkpt>
    <trkpt lat="37.146491" lon="-3.57529"><ele>719.9</ele></trkpt>
    <trkpt lat="37.146469" lon="-3.57522"><ele>720</ele></trkpt>
    <trkpt lat="37.146462" lon="-3.575197"><ele>720.1</ele></trkpt>
    <trkpt lat="37.146412" lon="-3.575046"><ele>720.2</ele></trkpt>
    <trkpt lat="37.146397" lon="-3.574937"><ele>720.3</ele></trkpt>
    <trkpt lat="37.146044" lon="-3.573893"><ele>720.8</ele></trkpt>
    <trkpt lat="37.145726" lon="-3.573175"><ele>721.2</ele></trkpt>
    <trkpt lat="37.145617" lon="-3.572997"><ele>721.4</ele></trkpt>
    <trkpt lat="37.145238" lon="-3.572518"><ele>721.8</ele></trkpt>
    <trkpt lat="37.144995" lon="-3.572336"><ele>722</ele></trkpt>
    <trkpt lat="37.144757" lon="-3.572158"><ele>722.1</ele></trkpt>
    <trkpt lat="37.144542" lon="-3.572045"><ele>722.1</ele></trkpt>
    <trkpt lat="37.144438" lon="-3.571973"><ele>722</ele></trkpt>
    <trkpt lat="37.144295" lon="-3.571866"><ele>722</ele></trkpt>
    <trkpt lat="37.143892" lon="-3.571579"><ele>722</ele></trkpt>
    <trkpt lat="37.143544" lon="-3.571231"><ele>722.1</ele></trkpt>
    <trkpt lat="37.143181" lon="-3.570753"><ele>722.5</ele></trkpt>
    <trkpt lat="37.143157" lon="-3.57068"><ele>722.6</ele></trkpt>
    <trkpt lat="37.143096" lon="-3.570607"><ele>722.8</ele></trkpt>
    <trkpt lat="37.143112" lon="-3.570537"><ele>722.9</ele></trkpt>
    <trkpt lat="37.143063" lon="-3.570485"><ele>723</ele></trkpt>
    <trkpt lat="37.14294" lon="-3.570352"><ele>723.4</ele></trkpt>
    <trkpt lat="37.14249" lon="-3.569918"><ele>724.8</ele></trkpt>
    <trkpt lat="37.14247" lon="-3.569899"><ele>724.8</ele></trkpt>
    <trkpt lat="37.142419" lon="-3.569853"><ele>724.9</ele></trkpt>
    <trkpt lat="37.142165" lon="-3.569739"><ele>725.4</ele></trkpt>
    <trkpt lat="37.141581" lon="-3.569508"><ele>726</ele></trkpt>
    <trkpt lat="37.141522" lon="-3.569488"><ele>726.1</ele></trkpt>
    <trkpt lat="37.141272" lon="-3.569477"><ele>726.1</ele></trkpt>
    <trkpt lat="37.14093" lon="-3.569563"><ele>726.1</ele></trkpt>
    <trkpt lat="37.1406" lon="-3.569743"><ele>725.9</ele></trkpt>
    <trkpt lat="37.140348" lon="-3.569905"><ele>725.7</ele></trkpt>
    <trkpt lat="37.140308" lon="-3.569926"><ele>725.6</ele></trkpt>
    <trkpt lat="37.140266" lon="-3.569947"><ele>725.6</ele></trkpt>
    <trkpt lat="37.140167" lon="-3.570007"><ele>725.4</ele></trkpt>
    <trkpt lat="37.140105" lon="-3.570039"><ele>725.4</ele></trkpt>
    <trkpt lat="37.140111" lon="-3.570102"><ele>725.3</ele></trkpt>
    <trkpt lat="37.140077" lon="-3.570148"><ele>725.3</ele></trkpt>
    <trkpt lat="37.140006" lon="-3.570123"><ele>725.2</ele></trkpt>
    <trkpt lat="37.139597" lon="-3.570356"><ele>724.9</ele></trkpt>
    <trkpt lat="37.139266" lon="-3.57055"><ele>724.6</ele></trkpt>
    <trkpt lat="37.13913" lon="-3.57067"><ele>724.5</ele></trkpt>
    <trkpt lat="37.138926" lon="-3.570781"><ele>724.5</ele></trkpt>
    <trkpt lat="37.138904" lon="-3.5708"><ele>724.5</ele></trkpt>
    <trkpt lat="37.138883" lon="-3.570819"><ele>724.5</ele></trkpt>
    <trkpt lat="37.138707" lon="-3.570791"><ele>724.4</ele></trkpt>
    <trkpt lat="37.138527" lon="-3.570693"><ele>724.4</ele></trkpt>
    <trkpt lat="37.13849" lon="-3.570649"><ele>724.4</ele></trkpt>
    <trkpt lat="37.138492" lon="-3.570605"><ele>724.5</ele></trkpt>
    <trkpt lat="37.138301" lon="-3.570309"><ele>724.6</ele></trkpt>
    <trkpt lat="37.137389" lon="-3.569464"><ele>725.9</ele></trkpt>
    <trkpt lat="37.136933" lon="-3.569051"><ele>726.8</ele></trkpt>
    <trkpt lat="37.136575" lon="-3.56872"><ele>727.9</ele></trkpt>
    <trkpt lat="37.135851" lon="-3.56806"><ele>731.3</ele></trkpt>
    <trkpt lat="37.135311" lon="-3.56783"><ele>733.9</ele></trkpt>
    <trkpt lat="37.135048" lon="-3.567859"><ele>734.9</ele></trkpt>
    <trkpt lat="37.134758" lon="-3.568023"><ele>735.9</ele></trkpt>
    <trkpt lat="37.134697" lon="-3.568092"><ele>736.1</ele></trkpt>
    <trkpt lat="37.134564" lon="-3.568296"><ele>736.4</ele></trkpt>
    <trkpt lat="37.134161" lon="-3.56891"><ele>737.1</ele></trkpt>
    <trkpt lat="37.134108" lon="-3.56898"><ele>737.2</ele></trkpt>
    <trkpt lat="37.133935" lon="-3.56919"><ele>737.1</ele></trkpt>
    <trkpt lat="37.133504" lon="-3.569565"><ele>736.5</ele></trkpt>
    <trkpt lat="37.133368" lon="-3.569702"><ele>736.2</ele></trkpt>
    <trkpt lat="37.133271" lon="-3.569844"><ele>735.9</ele></trkpt>
    <trkpt lat="37.133096" lon="-3.570269"><ele>735.4</ele></trkpt>
    <trkpt lat="37.13293" lon="-3.570651"><ele>735</ele></trkpt>
    <trkpt lat="37.132806" lon="-3.570806"><ele>734.7</ele></trkpt>
    <trkpt lat="37.132546" lon="-3.570968"><ele>734.3</ele></trkpt>
    <trkpt lat="37.132196" lon="-3.571064"><ele>733.9</ele></trkpt>
    <trkpt lat="37.131367" lon="-3.5712"><ele>734.1</ele></trkpt>
    <trkpt lat="37.131016" lon="-3.571307"><ele>734.3</ele></trkpt>
    <trkpt lat="37.130567" lon="-3.571593"><ele>734.5</ele></trkpt>
    <trkpt lat="37.130184" lon="-3.572045"><ele>734.6</ele></trkpt>
    <trkpt lat="37.129806" lon="-3.572475"><ele>734.7</ele></trkpt>
    <trkpt lat="37.1293" lon="-3.573113"><ele>734.9</ele></trkpt>
    <trkpt lat="37.12903" lon="-3.573517"><ele>735</ele></trkpt>
    <trkpt lat="37.128734" lon="-3.573988"><ele>735</ele></trkpt>
    <trkpt lat="37.128435" lon="-3.574427"><ele>734.8</ele></trkpt>
    <trkpt lat="37.128217" lon="-3.574731"><ele>734.6</ele></trkpt>
    <trkpt lat="37.128086" lon="-3.574858"><ele>734.5</ele></trkpt>
    <trkpt lat="37.127913" lon="-3.575026"><ele>734.3</ele></trkpt>
    <trkpt lat="37.127181" lon="-3.575542"><ele>734</ele></trkpt>
    <trkpt lat="37.126972" lon="-3.575715"><ele>734.1</ele></trkpt>
    <trkpt lat="37.126488" lon="-3.576299"><ele>735</ele></trkpt>
    <trkpt lat="37.126475" lon="-3.576314"><ele>735</ele></trkpt>
    <trkpt lat="37.126465" lon="-3.576329"><ele>735</ele></trkpt>
    <trkpt lat="37.126179" lon="-3.576716"><ele>735.8</ele></trkpt>
    <trkpt lat="37.125845" lon="-3.577154"><ele>736.7</ele></trkpt>
    <trkpt lat="37.125822" lon="-3.577184"><ele>736.8</ele></trkpt>
    <trkpt lat="37.125455" lon="-3.577648"><ele>737.4</ele></trkpt>
    <trkpt lat="37.125075" lon="-3.578068"><ele>737.9</ele></trkpt>
    <trkpt lat="37.125063" lon="-3.578079"><ele>737.9</ele></trkpt>
    <trkpt lat="37.12457" lon="-3.578613"><ele>738.6</ele></trkpt>
    <trkpt lat="37.123817" lon="-3.579454"><ele>740.5</ele></trkpt>
    <trkpt lat="37.123603" lon="-3.57968"><ele>741.1</ele></trkpt>
    <trkpt lat="37.12338" lon="-3.579916"><ele>741.5</ele></trkpt>
    <trkpt lat="37.123335" lon="-3.57997"><ele>741.6</ele></trkpt>
    <trkpt lat="37.122851" lon="-3.580502"><ele>742.4</ele></trkpt>
    <trkpt lat="37.122652" lon="-3.580763"><ele>742.8</ele></trkpt>
    <trkpt lat="37.122457" lon="-3.581112"><ele>743.3</ele></trkpt>
    <trkpt lat="37.122431" lon="-3.5812"><ele>743.4</ele></trkpt>
    <trkpt lat="37.122448" lon="-3.581216"><ele>743.4</ele></trkpt>
    <trkpt lat="37.122462" lon="-3.581292"><ele>743.6</ele></trkpt>
    <trkpt lat="37.122437" lon="-3.581335"><ele>743.7</ele></trkpt>
    <trkpt lat="37.122395" lon="-3.581349"><ele>743.7</ele></trkpt>
    <trkpt lat="37.122356" lon="-3.581326"><ele>743.8</ele></trkpt>
    <trkpt lat="37.12224" lon="-3.581476"><ele>744.2</ele></trkpt>
    <trkpt lat="37.121959" lon="-3.581934"><ele>745.2</ele></trkpt>
    <trkpt lat="37.121775" lon="-3.582087"><ele>745.7</ele></trkpt>
    <trkpt lat="37.121683" lon="-3.582125"><ele>745.8</ele></trkpt>
    <trkpt lat="37.121265" lon="-3.582628"><ele>746.8</ele></trkpt>
    <trkpt lat="37.121151" lon="-3.582778"><ele>747</ele></trkpt>
    <trkpt lat="37.120976" lon="-3.582988"><ele>747.2</ele></trkpt>
    <trkpt lat="37.120469" lon="-3.58351"><ele>747.9</ele></trkpt>
    <trkpt lat="37.120257" lon="-3.583725"><ele>748.4</ele></trkpt>
    <trkpt lat="37.120216" lon="-3.583767"><ele>748.5</ele></trkpt>
    <trkpt lat="37.119862" lon="-3.584174"><ele>749.8</ele></trkpt>
    <trkpt lat="37.119831" lon="-3.584215"><ele>749.9</ele></trkpt>
    <trkpt lat="37.119819" lon="-3.584232"><ele>750</ele></trkpt>
    <trkpt lat="37.119723" lon="-3.584388"><ele>750.4</ele></trkpt>
    <trkpt lat="37.119664" lon="-3.584388"><ele>750.6</ele></trkpt>
    <trkpt lat="37.119484" lon="-3.584284"><ele>751.1</ele></trkpt>
    <trkpt lat="37.119413" lon="-3.584413"><ele>751.4</ele></trkpt>
    <trkpt lat="37.119341" lon="-3.584546"><ele>751.7</ele></trkpt>
    <trkpt lat="37.119099" lon="-3.584878"><ele>752.4</ele></trkpt>
    <trkpt lat="37.119018" lon="-3.585004"><ele>752.6</ele></trkpt>
    <trkpt lat="37.118923" lon="-3.585153"><ele>752.7</ele></trkpt>
    <trkpt lat="37.118693" lon="-3.585522"><ele>752.6</ele></trkpt>
    <trkpt lat="37.118602" lon="-3.585668"><ele>752.5</ele></trkpt>
    <trkpt lat="37.11844" lon="-3.585935"><ele>752</ele></trkpt>
    <trkpt lat="37.118074" lon="-3.586654"><ele>750.3</ele></trkpt>
    <trkpt lat="37.118054" lon="-3.586693"><ele>750.2</ele></trkpt>
    <trkpt lat="37.117931" lon="-3.586956"><ele>749.6</ele></trkpt>
    <trkpt lat="37.117897" lon="-3.587037"><ele>749.3</ele></trkpt>
    <trkpt lat="37.117843" lon="-3.587185"><ele>748.8</ele></trkpt>
    <trkpt lat="37.117748" lon="-3.587459"><ele>748</ele></trkpt>
    <trkpt lat="37.117522" lon="-3.588103"><ele>746.5</ele></trkpt>
    <trkpt lat="37.11772" lon="-3.58824"><ele>746</ele></trkpt>
    <trkpt lat="37.117664" lon="-3.588366"><ele>745.8</ele></trkpt>
    <trkpt lat="37.117641" lon="-3.588424"><ele>745.8</ele></trkpt>
    <trkpt lat="37.117596" lon="-3.588534"><ele>745.6</ele></trkpt>
    <trkpt lat="37.117422" lon="-3.588928"><ele>745.2</ele></trkpt>
    <trkpt lat="37.117414" lon="-3.588962"><ele>745.2</ele></trkpt>
    <trkpt lat="37.117353" lon="-3.589218"><ele>745.1</ele></trkpt>
    <trkpt lat="37.117243" lon="-3.589441"><ele>745.1</ele></trkpt>
    <trkpt lat="37.117001" lon="-3.589823"><ele>745.8</ele></trkpt>
    <trkpt lat="37.116907" lon="-3.589968"><ele>746.1</ele></trkpt>
    <trkpt lat="37.116804" lon="-3.590262"><ele>746.5</ele></trkpt>
    <trkpt lat="37.11651" lon="-3.590575"><ele>747.4</ele></trkpt>
    <trkpt lat="37.116345" lon="-3.590725"><ele>747.9</ele></trkpt>
    <trkpt lat="37.115893" lon="-3.591627"><ele>749.8</ele></trkpt>
    <trkpt lat="37.115575" lon="-3.59209"><ele>750.4</ele></trkpt>
    <trkpt lat="37.115393" lon="-3.592382"><ele>750.7</ele></trkpt>
    <trkpt lat="37.115169" lon="-3.592725"><ele>751.2</ele></trkpt>
    <trkpt lat="37.115134" lon="-3.59278"><ele>751.3</ele></trkpt>
    <trkpt lat="37.115009" lon="-3.59297"><ele>751.7</ele></trkpt>
    <trkpt lat="37.114894" lon="-3.593142"><ele>752.1</ele></trkpt>
    <trkpt lat="37.11467" lon="-3.593466"><ele>752.8</ele></trkpt>
    <trkpt lat="37.11444" lon="-3.593777"><ele>753.6</ele></trkpt>
    <trkpt lat="37.114227" lon="-3.594185"><ele>754.9</ele></trkpt>
    <trkpt lat="37.113906" lon="-3.594837"><ele>757.6</ele></trkpt>
    <trkpt lat="37.113864" lon="-3.594915"><ele>757.9</ele></trkpt>
    <trkpt lat="37.113835" lon="-3.594969"><ele>758.1</ele></trkpt>
    <trkpt lat="37.113764" lon="-3.595104"><ele>758.6</ele></trkpt>
    <trkpt lat="37.113332" lon="-3.595688"><ele>760.7</ele></trkpt>
    <trkpt lat="37.113084" lon="-3.596012"><ele>761.8</ele></trkpt>
    <trkpt lat="37.112756" lon="-3.596723"><ele>763</ele></trkpt>
    <trkpt lat="37.112674" lon="-3.596908"><ele>763.3</ele></trkpt>
    <trkpt lat="37.112583" lon="-3.597159"><ele>763.8</ele></trkpt>
    <trkpt lat="37.11255" lon="-3.597272"><ele>764</ele></trkpt>
    <trkpt lat="37.112479" lon="-3.597469"><ele>764.4</ele></trkpt>
    <trkpt lat="37.11226" lon="-3.597894"><ele>765.7</ele></trkpt>
    <trkpt lat="37.112221" lon="-3.59796"><ele>765.9</ele></trkpt>
    <trkpt lat="37.112163" lon="-3.598048"><ele>766.2</ele></trkpt>
    <trkpt lat="37.112102" lon="-3.598129"><ele>766.4</ele></trkpt>
    <trkpt lat="37.111894" lon="-3.598349"><ele>767.3</ele></trkpt>
    <trkpt lat="37.111563" lon="-3.598629"><ele>768.8</ele></trkpt>
    <trkpt lat="37.111526" lon="-3.598718"><ele>769.1</ele></trkpt>
    <trkpt lat="37.11151" lon="-3.598865"><ele>769.5</ele></trkpt>
    <trkpt lat="37.111524" lon="-3.599041"><ele>770</ele></trkpt>
    <trkpt lat="37.111499" lon="-3.599571"><ele>770.6</ele></trkpt>
    <trkpt lat="37.111459" lon="-3.599811"><ele>770.6</ele></trkpt>
    <trkpt lat="37.111393" lon="-3.60008"><ele>770.5</ele></trkpt>
    <trkpt lat="37.111286" lon="-3.60043"><ele>770.4</ele></trkpt>
    <trkpt lat="37.111191" lon="-3.600592"><ele>770.3</ele></trkpt>
    <trkpt lat="37.11107" lon="-3.600725"><ele>770.3</ele></trkpt>
    <trkpt lat="37.110844" lon="-3.600873"><ele>770</ele></trkpt>
    <trkpt lat="37.110002" lon="-3.60126"><ele>769.8</ele></trkpt>
    <trkpt lat="37.109854" lon="-3.601374"><ele>770</ele></trkpt>
    <trkpt lat="37.109824" lon="-3.601433"><ele>770.1</ele></trkpt>
    <trkpt lat="37.109779" lon="-3.601687"><ele>770.3</ele></trkpt>
    <trkpt lat="37.109779" lon="-3.601808"><ele>770.4</ele></trkpt>
    <trkpt lat="37.109838" lon="-3.60199"><ele>770.4</ele></trkpt>
    <trkpt lat="37.110103" lon="-3.602244"><ele>770.2</ele></trkpt>
    <trkpt lat="37.110131" lon="-3.602317"><ele>770.2</ele></trkpt>
    <trkpt lat="37.110125" lon="-3.602373"><ele>770.2</ele></trkpt>
    <trkpt lat="37.110299" lon="-3.602439"><ele>769.9</ele></trkpt>
    <trkpt lat="37.11093" lon="-3.602675"><ele>768.2</ele></trkpt>
    <trkpt lat="37.111237" lon="-3.602725"><ele>766.9</ele></trkpt>
    <trkpt lat="37.111429" lon="-3.602727"><ele>765.9</ele></trkpt>
    <trkpt lat="37.111754" lon="-3.602735"><ele>764.2</ele></trkpt>
    <trkpt lat="37.112203" lon="-3.602727"><ele>761.9</ele></trkpt>
    <trkpt lat="37.112443" lon="-3.602704"><ele>760.7</ele></trkpt>
    <trkpt lat="37.112693" lon="-3.60268"><ele>759.3</ele></trkpt>
    <trkpt lat="37.113474" lon="-3.602699"><ele>755.6</ele></trkpt>
    <trkpt lat="37.113907" lon="-3.602714"><ele>753.4</ele></trkpt>
    <trkpt lat="37.114285" lon="-3.602746"><ele>751.4</ele></trkpt>
    <trkpt lat="37.114705" lon="-3.602852"><ele>749.1</ele></trkpt>
    <trkpt lat="37.114799" lon="-3.602878"><ele>748.6</ele></trkpt>
    <trkpt lat="37.116273" lon="-3.603255"><ele>740.2</ele></trkpt>
    <trkpt lat="37.116785" lon="-3.603382"><ele>737.9</ele></trkpt>
    <trkpt lat="37.117518" lon="-3.603568"><ele>734.9</ele></trkpt>
    <trkpt lat="37.117563" lon="-3.603559"><ele>734.8</ele></trkpt>
    <trkpt lat="37.117669" lon="-3.603541"><ele>734.4</ele></trkpt>
    <trkpt lat="37.117682" lon="-3.603509"><ele>734.3</ele></trkpt>
    <trkpt lat="37.117741" lon="-3.60348"><ele>734.1</ele></trkpt>
    <trkpt lat="37.117762" lon="-3.603489"><ele>734</ele></trkpt>
    <trkpt lat="37.117798" lon="-3.603554"><ele>733.8</ele></trkpt>
    <trkpt lat="37.118225" lon="-3.60397"><ele>732.1</ele></trkpt>
    <trkpt lat="37.118341" lon="-3.604059"><ele>731.7</ele></trkpt>
    <trkpt lat="37.118394" lon="-3.6041"><ele>731.5</ele></trkpt>
    <trkpt lat="37.119045" lon="-3.604577"><ele>728.8</ele></trkpt>
    <trkpt lat="37.119356" lon="-3.604743"><ele>727.7</ele></trkpt>
    <trkpt lat="37.119379" lon="-3.604751"><ele>727.6</ele></trkpt>
    <trkpt lat="37.119744" lon="-3.60486"><ele>726.4</ele></trkpt>
    <trkpt lat="37.120002" lon="-3.60489"><ele>725.7</ele></trkpt>
    <trkpt lat="37.120186" lon="-3.604934"><ele>725.3</ele></trkpt>
    <trkpt lat="37.120272" lon="-3.60499"><ele>725</ele></trkpt>
    <trkpt lat="37.120681" lon="-3.605329"><ele>724.2</ele></trkpt>
    <trkpt lat="37.120681" lon="-3.605329"><ele>724.3</ele></trkpt>
    <trkpt lat="37.12068" lon="-3.605394"><ele>724.1</ele></trkpt>
    <trkpt lat="37.12068" lon="-3.605394"><ele>724.2</ele></trkpt>
    <trkpt lat="37.12068" lon="-3.605394"><ele>724.1</ele></trkpt>
    <trkpt lat="37.120305" lon="-3.605532"><ele>723.8</ele></trkpt>
    <trkpt lat="37.120276" lon="-3.605542"><ele>723.9</ele></trkpt>
    <trkpt lat="37.119603" lon="-3.605759"><ele>724.2</ele></trkpt>
    <trkpt lat="37.119305" lon="-3.605896"><ele>724.6</ele></trkpt>
    <trkpt lat="37.119151" lon="-3.605976"><ele>724.9</ele></trkpt>
    <trkpt lat="37.119052" lon="-3.606042"><ele>725.1</ele></trkpt>
    <trkpt lat="37.118671" lon="-3.606473"><ele>726</ele></trkpt>
    <trkpt lat="37.118461" lon="-3.606671"><ele>726.6</ele></trkpt>
    <trkpt lat="37.118404" lon="-3.606684"><ele>726.7</ele></trkpt>
    <trkpt lat="37.118284" lon="-3.60672"><ele>727</ele></trkpt>
    <trkpt lat="37.117942" lon="-3.606839"><ele>727.9</ele></trkpt>
    <trkpt lat="37.117799" lon="-3.606941"><ele>728.3</ele></trkpt>
    <trkpt lat="37.117751" lon="-3.60702"><ele>728.5</ele></trkpt>
    <trkpt lat="37.11754" lon="-3.607242"><ele>729.3</ele></trkpt>
    <trkpt lat="37.117213" lon="-3.607494"><ele>730.4</ele></trkpt>
    <trkpt lat="37.117085" lon="-3.607575"><ele>730.9</ele></trkpt>
    <trkpt lat="37.116757" lon="-3.607762"><ele>732</ele></trkpt>
    <trkpt lat="37.116627" lon="-3.607813"><ele>732.4</ele></trkpt>
    <trkpt lat="37.116198" lon="-3.608141"><ele>733.5</ele></trkpt>
    <trkpt lat="37.115802" lon="-3.608488"><ele>734.2</ele></trkpt>
    <trkpt lat="37.11535" lon="-3.609119"><ele>734.7</ele></trkpt>
    <trkpt lat="37.115056" lon="-3.60959"><ele>735</ele></trkpt>
    <trkpt lat="37.114764" lon="-3.610264"><ele>735.7</ele></trkpt>
    <trkpt lat="37.114822" lon="-3.610757"><ele>736</ele></trkpt>
    <trkpt lat="37.114832" lon="-3.611543"><ele>736.9</ele></trkpt>
    <trkpt lat="37.114894" lon="-3.612072"><ele>737.7</ele></trkpt>
    <trkpt lat="37.114875" lon="-3.612285"><ele>738.2</ele></trkpt>
    <trkpt lat="37.114689" lon="-3.612808"><ele>739.5</ele></trkpt>
    <trkpt lat="37.114606" lon="-3.613141"><ele>740.6</ele></trkpt>
    <trkpt lat="37.114445" lon="-3.613783"><ele>743.5</ele></trkpt>
    <trkpt lat="37.114384" lon="-3.613959"><ele>744.5</ele></trkpt>
    <trkpt lat="37.114379" lon="-3.614084"><ele>745.1</ele></trkpt>
    <trkpt lat="37.114418" lon="-3.614289"><ele>746.2</ele></trkpt>
    <trkpt lat="37.114323" lon="-3.614497"><ele>747.6</ele></trkpt>
    <trkpt lat="37.114224" lon="-3.614613"><ele>748.6</ele></trkpt>
    <trkpt lat="37.113964" lon="-3.61492"><ele>751.2</ele></trkpt>
    <trkpt lat="37.113656" lon="-3.615323"><ele>754.1</ele></trkpt>
    <trkpt lat="37.113591" lon="-3.61547"><ele>754.9</ele></trkpt>
    <trkpt lat="37.113461" lon="-3.61579"><ele>756.3</ele></trkpt>
    <trkpt lat="37.113236" lon="-3.616383"><ele>758.1</ele></trkpt>
    <trkpt lat="37.113079" lon="-3.616903"><ele>759</ele></trkpt>
    <trkpt lat="37.113072" lon="-3.61698"><ele>759</ele></trkpt>
    <trkpt lat="37.113035" lon="-3.617382"><ele>759</ele></trkpt>
    <trkpt lat="37.112993" lon="-3.617828"><ele>758.8</ele></trkpt>
    <trkpt lat="37.112915" lon="-3.618254"><ele>758.5</ele></trkpt>
    <trkpt lat="37.112806" lon="-3.618808"><ele>758.1</ele></trkpt>
    <trkpt lat="37.112762" lon="-3.619075"><ele>757.9</ele></trkpt>
    <trkpt lat="37.112673" lon="-3.619036"><ele>757.8</ele></trkpt>
    <trkpt lat="37.112298" lon="-3.618535"><ele>757.4</ele></trkpt>
    <trkpt lat="37.112085" lon="-3.61822"><ele>757.4</ele></trkpt>
    <trkpt lat="37.112013" lon="-3.61811"><ele>757.4</ele></trkpt>
    <trkpt lat="37.111743" lon="-3.617753"><ele>757.6</ele></trkpt>
    <trkpt lat="37.111705" lon="-3.617714"><ele>757.7</ele></trkpt>
    <trkpt lat="37.111258" lon="-3.61723"><ele>758.1</ele></trkpt>
    <trkpt lat="37.110632" lon="-3.616536"><ele>758.2</ele></trkpt>
    <trkpt lat="37.110501" lon="-3.616418"><ele>758.1</ele></trkpt>
    <trkpt lat="37.109993" lon="-3.616087"><ele>757.7</ele></trkpt>
    <trkpt lat="37.109548" lon="-3.615877"><ele>757.4</ele></trkpt>
    <trkpt lat="37.109061" lon="-3.615646"><ele>757.4</ele></trkpt>
    <trkpt lat="37.108854" lon="-3.615516"><ele>757.6</ele></trkpt>
    <trkpt lat="37.108767" lon="-3.615431"><ele>757.8</ele></trkpt>
    <trkpt lat="37.108707" lon="-3.615337"><ele>757.9</ele></trkpt>
    <trkpt lat="37.108661" lon="-3.615191"><ele>758.1</ele></trkpt>
    <trkpt lat="37.108622" lon="-3.614515"><ele>759.2</ele></trkpt>
    <trkpt lat="37.108524" lon="-3.61414"><ele>760</ele></trkpt>
    <trkpt lat="37.108436" lon="-3.613991"><ele>760.5</ele></trkpt>
    <trkpt lat="37.107881" lon="-3.613278"><ele>763</ele></trkpt>
    <trkpt lat="37.107759" lon="-3.613093"><ele>763.7</ele></trkpt>
    <trkpt lat="37.10767" lon="-3.612957"><ele>764.2</ele></trkpt>
    <trkpt lat="37.107413" lon="-3.612526"><ele>765.6</ele></trkpt>
    <trkpt lat="37.107294" lon="-3.612259"><ele>766.4</ele></trkpt>
    <trkpt lat="37.10716" lon="-3.611834"><ele>767.5</ele></trkpt>
    <trkpt lat="37.107072" lon="-3.611659"><ele>767.9</ele></trkpt>
    <trkpt lat="37.106726" lon="-3.611114"><ele>769.2</ele></trkpt>
    <trkpt lat="37.106648" lon="-3.610798"><ele>769.7</ele></trkpt>
    <trkpt lat="37.106528" lon="-3.610265"><ele>770.5</ele></trkpt>
    <trkpt lat="37.106433" lon="-3.609955"><ele>771.1</ele></trkpt>
    <trkpt lat="37.106294" lon="-3.609655"><ele>771.7</ele></trkpt>
    <trkpt lat="37.105811" lon="-3.608832"><ele>775.1</ele></trkpt>
    <trkpt lat="37.105769" lon="-3.608655"><ele>775.9</ele></trkpt>
    <trkpt lat="37.105762" lon="-3.607712"><ele>781</ele></trkpt>
    <trkpt lat="37.105524" lon="-3.606724"><ele>787.6</ele></trkpt>
    <trkpt lat="37.105427" lon="-3.606368"><ele>789.4</ele></trkpt>
    <trkpt lat="37.10543" lon="-3.606161"><ele>790.3</ele></trkpt>
    <trkpt lat="37.105371" lon="-3.606046"><ele>790.8</ele></trkpt>
    <trkpt lat="37.105432" lon="-3.605437"><ele>792.5</ele></trkpt>
    <trkpt lat="37.105469" lon="-3.605265"><ele>792.9</ele></trkpt>
    <trkpt lat="37.105464" lon="-3.605141"><ele>793.1</ele></trkpt>
    <trkpt lat="37.105439" lon="-3.605024"><ele>793.3</ele></trkpt>
    <trkpt lat="37.105312" lon="-3.604694"><ele>793.7</ele></trkpt>
    <trkpt lat="37.105299" lon="-3.604582"><ele>793.8</ele></trkpt>
    <trkpt lat="37.105469" lon="-3.604346"><ele>794</ele></trkpt>
    <trkpt lat="37.105724" lon="-3.604181"><ele>794.3</ele></trkpt>
    <trkpt lat="37.106361" lon="-3.604123"><ele>795.2</ele></trkpt>
    <trkpt lat="37.106406" lon="-3.604013"><ele>795.4</ele></trkpt>
    <trkpt lat="37.106443" lon="-3.603989"><ele>795.5</ele></trkpt>
    <trkpt lat="37.106215" lon="-3.603862"><ele>796</ele></trkpt>
    <trkpt lat="37.105956" lon="-3.603608"><ele>796.6</ele></trkpt>
    <trkpt lat="37.105776" lon="-3.603469"><ele>796.9</ele></trkpt>
    <trkpt lat="37.105542" lon="-3.603358"><ele>797.3</ele></trkpt>
    <trkpt lat="37.105268" lon="-3.603313"><ele>797.8</ele></trkpt>
    <trkpt lat="37.104827" lon="-3.603329"><ele>799</ele></trkpt>
    <trkpt lat="37.104751" lon="-3.603301"><ele>799.3</ele></trkpt>
    <trkpt lat="37.104698" lon="-3.603339"><ele>799.5</ele></trkpt>
    <trkpt lat="37.104657" lon="-3.603287"><ele>799.7</ele></trkpt>
    <trkpt lat="37.104171" lon="-3.603331"><ele>801.6</ele></trkpt>
    <trkpt lat="37.103913" lon="-3.60339"><ele>802.6</ele></trkpt>
    <trkpt lat="37.103467" lon="-3.603602"><ele>804.1</ele></trkpt>
    <trkpt lat="37.103403" lon="-3.603624"><ele>804.3</ele></trkpt>
    <trkpt lat="37.102911" lon="-3.603793"><ele>804.5</ele></trkpt>
    <trkpt lat="37.102528" lon="-3.603938"><ele>803.9</ele></trkpt>
    <trkpt lat="37.102485" lon="-3.603939"><ele>803.8</ele></trkpt>
    <trkpt lat="37.102249" lon="-3.603932"><ele>803.3</ele></trkpt>
    <trkpt lat="37.101997" lon="-3.603889"><ele>802.7</ele></trkpt>
    <trkpt lat="37.101461" lon="-3.603662"><ele>802</ele></trkpt>
    <trkpt lat="37.101191" lon="-3.603593"><ele>802</ele></trkpt>
    <trkpt lat="37.100953" lon="-3.603632"><ele>802.3</ele></trkpt>
    <trkpt lat="37.100722" lon="-3.603693"><ele>802.8</ele></trkpt>
    <trkpt lat="37.100533" lon="-3.603741"><ele>803.2</ele></trkpt>
    <trkpt lat="37.100096" lon="-3.603762"><ele>804.4</ele></trkpt>
    <trkpt lat="37.099612" lon="-3.603688"><ele>805.4</ele></trkpt>
    <trkpt lat="37.099533" lon="-3.603663"><ele>805.5</ele></trkpt>
    <trkpt lat="37.09919" lon="-3.603553"><ele>806</ele></trkpt>
    <trkpt lat="37.098935" lon="-3.603582"><ele>806.3</ele></trkpt>
    <trkpt lat="37.098837" lon="-3.603707"><ele>806.4</ele></trkpt>
    <trkpt lat="37.098833" lon="-3.603796"><ele>806.5</ele></trkpt>
    <trkpt lat="37.098788" lon="-3.603866"><ele>806.6</ele></trkpt>
    <trkpt lat="37.098683" lon="-3.603878"><ele>806.7</ele></trkpt>
    <trkpt lat="37.09857" lon="-3.603975"><ele>806.9</ele></trkpt>
    <trkpt lat="37.0984" lon="-3.604284"><ele>807.2</ele></trkpt>
    <trkpt lat="37.098319" lon="-3.604343"><ele>807.3</ele></trkpt>
    <trkpt lat="37.098172" lon="-3.60441"><ele>807.5</ele></trkpt>
    <trkpt lat="37.097168" lon="-3.604719"><ele>810.5</ele></trkpt>
    <trkpt lat="37.096624" lon="-3.604994"><ele>813.5</ele></trkpt>
    <trkpt lat="37.096406" lon="-3.605058"><ele>814.9</ele></trkpt>
    <trkpt lat="37.095654" lon="-3.60518"><ele>819.7</ele></trkpt>
    <trkpt lat="37.095531" lon="-3.605199"><ele>820.4</ele></trkpt>
    <trkpt lat="37.095049" lon="-3.605299"><ele>822.3</ele></trkpt>
    <trkpt lat="37.094904" lon="-3.605352"><ele>822.7</ele></trkpt>
    <trkpt lat="37.094625" lon="-3.605357"><ele>823.2</ele></trkpt>
    <trkpt lat="37.09443" lon="-3.605314"><ele>823.5</ele></trkpt>
    <trkpt lat="37.094199" lon="-3.605226"><ele>823.8</ele></trkpt>
    <trkpt lat="37.093649" lon="-3.605025"><ele>823.6</ele></trkpt>
    <trkpt lat="37.093521" lon="-3.605001"><ele>823.4</ele></trkpt>
    <trkpt lat="37.093375" lon="-3.605057"><ele>823.1</ele></trkpt>
    <trkpt lat="37.09331" lon="-3.605116"><ele>823</ele></trkpt>
    <trkpt lat="37.093228" lon="-3.605306"><ele>822.6</ele></trkpt>
    <trkpt lat="37.0929" lon="-3.6062"><ele>820.3</ele></trkpt>
    <trkpt lat="37.092801" lon="-3.606345"><ele>819.7</ele></trkpt>
    <trkpt lat="37.092695" lon="-3.60643"><ele>819.1</ele></trkpt>
    <trkpt lat="37.092264" lon="-3.606631"><ele>817.2</ele></trkpt>
    <trkpt lat="37.091053" lon="-3.607159"><ele>813.2</ele></trkpt>
    <trkpt lat="37.089685" lon="-3.6076"><ele>806.8</ele></trkpt>
    <trkpt lat="37.089261" lon="-3.607846"><ele>803.3</ele></trkpt>
    <trkpt lat="37.089023" lon="-3.607924"><ele>801.4</ele></trkpt>
    <trkpt lat="37.088539" lon="-3.607836"><ele>797.6</ele></trkpt>
    <trkpt lat="37.088098" lon="-3.607708"><ele>794.7</ele></trkpt>
    <trkpt lat="37.087724" lon="-3.607557"><ele>792.6</ele></trkpt>
    <trkpt lat="37.085751" lon="-3.606612"><ele>790.6</ele></trkpt>
    <trkpt lat="37.085559" lon="-3.606506"><ele>791</ele></trkpt>
    <trkpt lat="37.085338" lon="-3.606304"><ele>791.8</ele></trkpt>
    <trkpt lat="37.08421" lon="-3.604918"><ele>797.4</ele></trkpt>
    <trkpt lat="37.084094" lon="-3.604832"><ele>797.7</ele></trkpt>
    <trkpt lat="37.083909" lon="-3.604774"><ele>798.1</ele></trkpt>
    <trkpt lat="37.083747" lon="-3.60477"><ele>798.4</ele></trkpt>
    <trkpt lat="37.083483" lon="-3.604831"><ele>798.9</ele></trkpt>
    <trkpt lat="37.083371" lon="-3.604824"><ele>799</ele></trkpt>
    <trkpt lat="37.083143" lon="-3.604708"><ele>799.4</ele></trkpt>
    <trkpt lat="37.082052" lon="-3.603797"><ele>803</ele></trkpt>
    <trkpt lat="37.081806" lon="-3.603636"><ele>804.6</ele></trkpt>
    <trkpt lat="37.081695" lon="-3.6036"><ele>805.4</ele></trkpt>
    <trkpt lat="37.081581" lon="-3.603587"><ele>806.2</ele></trkpt>
    <trkpt lat="37.081369" lon="-3.60362"><ele>807.9</ele></trkpt>
    <trkpt lat="37.0803" lon="-3.604126"><ele>819.3</ele></trkpt>
    <trkpt lat="37.080079" lon="-3.604306"><ele>822</ele></trkpt>
    <trkpt lat="37.079895" lon="-3.604542"><ele>824.5</ele></trkpt>
    <trkpt lat="37.07979" lon="-3.604638"><ele>825.7</ele></trkpt>
    <trkpt lat="37.079603" lon="-3.604704"><ele>827.3</ele></trkpt>
    <trkpt lat="37.079196" lon="-3.60469"><ele>830.2</ele></trkpt>
    <trkpt lat="37.07907" lon="-3.604712"><ele>831</ele></trkpt>
    <trkpt lat="37.078838" lon="-3.604811"><ele>832.4</ele></trkpt>
    <trkpt lat="37.078447" lon="-3.605065"><ele>834.9</ele></trkpt>
    <trkpt lat="37.078314" lon="-3.605103"><ele>835.6</ele></trkpt>
    <trkpt lat="37.078041" lon="-3.605116"><ele>837</ele></trkpt>
    <trkpt lat="37.077748" lon="-3.60507"><ele>838.4</ele></trkpt>
    <trkpt lat="37.077471" lon="-3.605093"><ele>839.4</ele></trkpt>
    <trkpt lat="37.077111" lon="-3.605186"><ele>840.5</ele></trkpt>
    <trkpt lat="37.076643" lon="-3.605164"><ele>841.5</ele></trkpt>
    <trkpt lat="37.07653" lon="-3.605353"><ele>841.8</ele></trkpt>
    <trkpt lat="37.07653" lon="-3.605376"><ele>841.9</ele></trkpt>
    <trkpt lat="37.076661" lon="-3.605522"><ele>842</ele></trkpt>
    <trkpt lat="37.076928" lon="-3.605595"><ele>842.2</ele></trkpt>
    <trkpt lat="37.07823" lon="-3.605747"><ele>844.7</ele></trkpt>
    <trkpt lat="37.078365" lon="-3.605785"><ele>845</ele></trkpt>
    <trkpt lat="37.078455" lon="-3.605843"><ele>845.3</ele></trkpt>
    <trkpt lat="37.078561" lon="-3.605957"><ele>845.7</ele></trkpt>
    <trkpt lat="37.078644" lon="-3.606089"><ele>846</ele></trkpt>
    <trkpt lat="37.079418" lon="-3.607526"><ele>846.6</ele></trkpt>
    <trkpt lat="37.080481" lon="-3.609531"><ele>841</ele></trkpt>
    <trkpt lat="37.080672" lon="-3.609832"><ele>840.1</ele></trkpt>
    <trkpt lat="37.081814" lon="-3.611162"><ele>836.4</ele></trkpt>
    <trkpt lat="37.082494" lon="-3.611899"><ele>834.2</ele></trkpt>
    <trkpt lat="37.084744" lon="-3.614458"><ele>824</ele></trkpt>
    <trkpt lat="37.085001" lon="-3.61487"><ele>822.3</ele></trkpt>
    <trkpt lat="37.085383" lon="-3.615474"><ele>819.6</ele></trkpt>
    <trkpt lat="37.085743" lon="-3.616049"><ele>816.9</ele></trkpt>
    <trkpt lat="37.085812" lon="-3.616165"><ele>816.4</ele></trkpt>
    <trkpt lat="37.086034" lon="-3.616545"><ele>814.6</ele></trkpt>
    <trkpt lat="37.086113" lon="-3.616742"><ele>813.7</ele></trkpt>
    <trkpt lat="37.086162" lon="-3.616949"><ele>812.9</ele></trkpt>
    <trkpt lat="37.086245" lon="-3.617658"><ele>810.3</ele></trkpt>
    <trkpt lat="37.086245" lon="-3.617658"><ele>810.3</ele></trkpt>
    <trkpt lat="37.086255" lon="-3.617991"><ele>809.3</ele></trkpt>
    <trkpt lat="37.086255" lon="-3.617991"><ele>809.3</ele></trkpt>
    <trkpt lat="37.086296" lon="-3.618332"><ele>808.4</ele></trkpt>
    <trkpt lat="37.086296" lon="-3.618332"><ele>808.5</ele></trkpt>
    <trkpt lat="37.086322" lon="-3.61852"><ele>808</ele></trkpt>
    <trkpt lat="37.086335" lon="-3.618613"><ele>807.8</ele></trkpt>
    <trkpt lat="37.08637" lon="-3.618799"><ele>807.5</ele></trkpt>
    <trkpt lat="37.086616" lon="-3.619614"><ele>806.1</ele></trkpt>
    <trkpt lat="37.086695" lon="-3.620208"><ele>805.4</ele></trkpt>
    <trkpt lat="37.086782" lon="-3.620973"><ele>804.4</ele></trkpt>
    <trkpt lat="37.086828" lon="-3.621156"><ele>804.2</ele></trkpt>
    <trkpt lat="37.086888" lon="-3.621305"><ele>803.9</ele></trkpt>
    <trkpt lat="37.086952" lon="-3.621395"><ele>803.8</ele></trkpt>
    <trkpt lat="37.087601" lon="-3.622035"><ele>802</ele></trkpt>
    <trkpt lat="37.087864" lon="-3.622364"><ele>801.2</ele></trkpt>
    <trkpt lat="37.08866" lon="-3.623966"><ele>797</ele></trkpt>
    <trkpt lat="37.088694" lon="-3.624033"><ele>796.8</ele></trkpt>
    <trkpt lat="37.088968" lon="-3.624557"><ele>795.4</ele></trkpt>
    <trkpt lat="37.089112" lon="-3.624833"><ele>794.8</ele></trkpt>
    <trkpt lat="37.089241" lon="-3.625075"><ele>794.3</ele></trkpt>
    <trkpt lat="37.089284" lon="-3.625258"><ele>794.1</ele></trkpt>
    <trkpt lat="37.089292" lon="-3.625631"><ele>793.7</ele></trkpt>
    <trkpt lat="37.08931" lon="-3.625866"><ele>793.4</ele></trkpt>
    <trkpt lat="37.089341" lon="-3.625927"><ele>793.4</ele></trkpt>
    <trkpt lat="37.089318" lon="-3.625998"><ele>793.3</ele></trkpt>
    <trkpt lat="37.089275" lon="-3.626022"><ele>793.3</ele></trkpt>
    <trkpt lat="37.089251" lon="-3.626725"><ele>792.9</ele></trkpt>
    <trkpt lat="37.089269" lon="-3.627227"><ele>792.8</ele></trkpt>
    <trkpt lat="37.089291" lon="-3.62745"><ele>792.7</ele></trkpt>
    <trkpt lat="37.089362" lon="-3.62768"><ele>792.6</ele></trkpt>
    <trkpt lat="37.089759" lon="-3.628524"><ele>791.9</ele></trkpt>
    <trkpt lat="37.089793" lon="-3.628695"><ele>791.7</ele></trkpt>
    <trkpt lat="37.089814" lon="-3.629225"><ele>791.3</ele></trkpt>
    <trkpt lat="37.089896" lon="-3.629258"><ele>791.3</ele></trkpt>
    <trkpt lat="37.089923" lon="-3.629357"><ele>791.2</ele></trkpt>
    <trkpt lat="37.08989" lon="-3.629434"><ele>791.2</ele></trkpt>
    <trkpt lat="37.089825" lon="-3.629462"><ele>791.2</ele></trkpt>
    <trkpt lat="37.089856" lon="-3.630318"><ele>791.8</ele></trkpt>
    <trkpt lat="37.089923" lon="-3.630633"><ele>792.3</ele></trkpt>
    <trkpt lat="37.089985" lon="-3.630924"><ele>792.7</ele></trkpt>
    <trkpt lat="37.090029" lon="-3.631093"><ele>793</ele></trkpt>
    <trkpt lat="37.090156" lon="-3.63163"><ele>793.6</ele></trkpt>
    <trkpt lat="37.090316" lon="-3.632401"><ele>793.5</ele></trkpt>
    <trkpt lat="37.090405" lon="-3.632955"><ele>792.6</ele></trkpt>
    <trkpt lat="37.090503" lon="-3.633347"><ele>791.7</ele></trkpt>
    <trkpt lat="37.090567" lon="-3.633428"><ele>791.4</ele></trkpt>
    <trkpt lat="37.090826" lon="-3.633818"><ele>790.3</ele></trkpt>
    <trkpt lat="37.090991" lon="-3.634043"><ele>789.8</ele></trkpt>
    <trkpt lat="37.09112" lon="-3.634218"><ele>789.7</ele></trkpt>
    <trkpt lat="37.091236" lon="-3.634379"><ele>789.7</ele></trkpt>
    <trkpt lat="37.09135" lon="-3.634441"><ele>789.8</ele></trkpt>
    <trkpt lat="37.091424" lon="-3.634482"><ele>789.9</ele></trkpt>
    <trkpt lat="37.091442" lon="-3.634547"><ele>790</ele></trkpt>
    <trkpt lat="37.091419" lon="-3.634621"><ele>790.1</ele></trkpt>
    <trkpt lat="37.091378" lon="-3.634652"><ele>790.2</ele></trkpt>
    <trkpt lat="37.091327" lon="-3.634649"><ele>790.3</ele></trkpt>
    <trkpt lat="37.091267" lon="-3.63478"><ele>790.6</ele></trkpt>
    <trkpt lat="37.091091" lon="-3.635013"><ele>791.4</ele></trkpt>
    <trkpt lat="37.090882" lon="-3.635312"><ele>792.5</ele></trkpt>
    <trkpt lat="37.090741" lon="-3.63552"><ele>793.5</ele></trkpt>
    <trkpt lat="37.090545" lon="-3.635803"><ele>794.8</ele></trkpt>
    <trkpt lat="37.090442" lon="-3.635959"><ele>795.6</ele></trkpt>
    <trkpt lat="37.090151" lon="-3.63635"><ele>797.3</ele></trkpt>
    <trkpt lat="37.089248" lon="-3.637384"><ele>801.7</ele></trkpt>
    <trkpt lat="37.088665" lon="-3.638025"><ele>805.1</ele></trkpt>
    <trkpt lat="37.08832" lon="-3.638887"><ele>807.2</ele></trkpt>
    <trkpt lat="37.088072" lon="-3.639417"><ele>807.2</ele></trkpt>
    <trkpt lat="37.087763" lon="-3.639996"><ele>805.2</ele></trkpt>
    <trkpt lat="37.087698" lon="-3.640148"><ele>804.3</ele></trkpt>
    <trkpt lat="37.087578" lon="-3.64042"><ele>802.6</ele></trkpt>
    <trkpt lat="37.087403" lon="-3.64082"><ele>799.6</ele></trkpt>
    <trkpt lat="37.087236" lon="-3.641149"><ele>797</ele></trkpt>
    <trkpt lat="37.087217" lon="-3.641272"><ele>796.2</ele></trkpt>
    <trkpt lat="37.087224" lon="-3.641383"><ele>795.5</ele></trkpt>
    <trkpt lat="37.087156" lon="-3.641494"><ele>794.5</ele></trkpt>
    <trkpt lat="37.087107" lon="-3.64151"><ele>794.1</ele></trkpt>
    <trkpt lat="37.087043" lon="-3.641696"><ele>792.7</ele></trkpt>
    <trkpt lat="37.086971" lon="-3.642039"><ele>790.4</ele></trkpt>
    <trkpt lat="37.086655" lon="-3.644122"><ele>778.9</ele></trkpt>
    <trkpt lat="37.086536" lon="-3.644542"><ele>776.7</ele></trkpt>
    <trkpt lat="37.086319" lon="-3.645054"><ele>774</ele></trkpt>
    <trkpt lat="37.086017" lon="-3.645727"><ele>770.6</ele></trkpt>
    <trkpt lat="37.085731" lon="-3.646238"><ele>768.2</ele></trkpt>
    <trkpt lat="37.085776" lon="-3.646312"><ele>768</ele></trkpt>
    <trkpt lat="37.085789" lon="-3.646405"><ele>767.7</ele></trkpt>
    <trkpt lat="37.085767" lon="-3.646495"><ele>767.4</ele></trkpt>
    <trkpt lat="37.085723" lon="-3.646556"><ele>767.2</ele></trkpt>
    <trkpt lat="37.085662" lon="-3.646589"><ele>767</ele></trkpt>
    <trkpt lat="37.085595" lon="-3.646588"><ele>766.7</ele></trkpt>
    <trkpt lat="37.085535" lon="-3.646553"><ele>766.5</ele></trkpt>
    <trkpt lat="37.085186" lon="-3.647074"><ele>765.2</ele></trkpt>
    <trkpt lat="37.085111" lon="-3.64719"><ele>764.9</ele></trkpt>
    <trkpt lat="37.08509" lon="-3.647225"><ele>764.9</ele></trkpt>
    <trkpt lat="37.085103" lon="-3.647402"><ele>764.6</ele></trkpt>
    <trkpt lat="37.085197" lon="-3.647526"><ele>764.3</ele></trkpt>
    <trkpt lat="37.085331" lon="-3.647655"><ele>764</ele></trkpt>
    <trkpt lat="37.085544" lon="-3.647796"><ele>763.6</ele></trkpt>
    <trkpt lat="37.085689" lon="-3.647858"><ele>763.4</ele></trkpt>
    <trkpt lat="37.086115" lon="-3.647962"><ele>762.6</ele></trkpt>
    <trkpt lat="37.086574" lon="-3.648058"><ele>761.7</ele></trkpt>
    <trkpt lat="37.0868" lon="-3.648086"><ele>761.3</ele></trkpt>
    <trkpt lat="37.087034" lon="-3.648115"><ele>760.9</ele></trkpt>
    <trkpt lat="37.088472" lon="-3.648214"><ele>759.3</ele></trkpt>
    <trkpt lat="37.088824" lon="-3.648183"><ele>759.1</ele></trkpt>
    <trkpt lat="37.089835" lon="-3.647802"><ele>758</ele></trkpt>
    <trkpt lat="37.090157" lon="-3.647732"><ele>757.4</ele></trkpt>
    <trkpt lat="37.09272" lon="-3.647575"><ele>750.6</ele></trkpt>
    <trkpt lat="37.093029" lon="-3.647508"><ele>749.9</ele></trkpt>
    <trkpt lat="37.093404" lon="-3.64738"><ele>749.2</ele></trkpt>
    <trkpt lat="37.093537" lon="-3.647437"><ele>749</ele></trkpt>
    <trkpt lat="37.093578" lon="-3.647492"><ele>748.9</ele></trkpt>
    <trkpt lat="37.093665" lon="-3.647776"><ele>748.5</ele></trkpt>
    <trkpt lat="37.093775" lon="-3.647931"><ele>748.3</ele></trkpt>
    <trkpt lat="37.093996" lon="-3.648014"><ele>747.9</ele></trkpt>
    <trkpt lat="37.094274" lon="-3.648039"><ele>747.5</ele></trkpt>
    <trkpt lat="37.095587" lon="-3.648141"><ele>745.5</ele></trkpt>
    <trkpt lat="37.097318" lon="-3.648268"><ele>743.2</ele></trkpt>
    <trkpt lat="37.097585" lon="-3.648288"><ele>742.7</ele></trkpt>
    <trkpt lat="37.097916" lon="-3.648305"><ele>742.2</ele></trkpt>
    <trkpt lat="37.098655" lon="-3.648359"><ele>740.8</ele></trkpt>
    <trkpt lat="37.098858" lon="-3.64833"><ele>740.4</ele></trkpt>
    <trkpt lat="37.099103" lon="-3.648202"><ele>739.9</ele></trkpt>
    <trkpt lat="37.099271" lon="-3.648011"><ele>739.5</ele></trkpt>
    <trkpt lat="37.099342" lon="-3.64789"><ele>739.3</ele></trkpt>
    <trkpt lat="37.099817" lon="-3.646781"><ele>737.9</ele></trkpt>
    <trkpt lat="37.100049" lon="-3.646238"><ele>737.2</ele></trkpt>
    <trkpt lat="37.100146" lon="-3.646031"><ele>736.9</ele></trkpt>
    <trkpt lat="37.100219" lon="-3.645898"><ele>736.7</ele></trkpt>
    <trkpt lat="37.100298" lon="-3.64581"><ele>736.6</ele></trkpt>
    <trkpt lat="37.100463" lon="-3.645677"><ele>736.4</ele></trkpt>
    <trkpt lat="37.100766" lon="-3.645549"><ele>736</ele></trkpt>
    <trkpt lat="37.100839" lon="-3.645524"><ele>735.9</ele></trkpt>
    <trkpt lat="37.102537" lon="-3.644955"><ele>734.9</ele></trkpt>
    <trkpt lat="37.102908" lon="-3.644831"><ele>735.4</ele></trkpt>
    <trkpt lat="37.103188" lon="-3.644737"><ele>735.8</ele></trkpt>
    <trkpt lat="37.103261" lon="-3.644712"><ele>736</ele></trkpt>
    <trkpt lat="37.103411" lon="-3.644659"><ele>736.3</ele></trkpt>
    <trkpt lat="37.103465" lon="-3.644641"><ele>736.4</ele></trkpt>
    <trkpt lat="37.104279" lon="-3.644366"><ele>738</ele></trkpt>
    <trkpt lat="37.104944" lon="-3.644142"><ele>738.8</ele></trkpt>
    <trkpt lat="37.105025" lon="-3.644114"><ele>738.9</ele></trkpt>
    <trkpt lat="37.105279" lon="-3.644029"><ele>739.4</ele></trkpt>
    <trkpt lat="37.105698" lon="-3.643864"><ele>740.1</ele></trkpt>
    <trkpt lat="37.105815" lon="-3.643797"><ele>740.3</ele></trkpt>
    <trkpt lat="37.105874" lon="-3.643744"><ele>740.5</ele></trkpt>
    <trkpt lat="37.105958" lon="-3.643585"><ele>740.8</ele></trkpt>
    <trkpt lat="37.106002" lon="-3.643451"><ele>740.9</ele></trkpt>
    <trkpt lat="37.10605" lon="-3.643206"><ele>741.2</ele></trkpt>
    <trkpt lat="37.106042" lon="-3.643023"><ele>741.4</ele></trkpt>
    <trkpt lat="37.106016" lon="-3.642984"><ele>741.4</ele></trkpt>
    <trkpt lat="37.10601" lon="-3.642896"><ele>741.5</ele></trkpt>
    <trkpt lat="37.106055" lon="-3.642829"><ele>741.5</ele></trkpt>
    <trkpt lat="37.106096" lon="-3.642816"><ele>741.5</ele></trkpt>
    <trkpt lat="37.106291" lon="-3.642588"><ele>741.3</ele></trkpt>
    <trkpt lat="37.106374" lon="-3.642457"><ele>741.2</ele></trkpt>
    <trkpt lat="37.106457" lon="-3.642361"><ele>741</ele></trkpt>
    <trkpt lat="37.106591" lon="-3.642247"><ele>740.6</ele></trkpt>
    <trkpt lat="37.106751" lon="-3.642116"><ele>740</ele></trkpt>
    <trkpt lat="37.107415" lon="-3.641536"><ele>737</ele></trkpt>
    <trkpt lat="37.107733" lon="-3.641262"><ele>735.5</ele></trkpt>
    <trkpt lat="37.107808" lon="-3.641199"><ele>735.2</ele></trkpt>
    <trkpt lat="37.108262" lon="-3.640802"><ele>733.6</ele></trkpt>
    <trkpt lat="37.108329" lon="-3.64071"><ele>733.4</ele></trkpt>
    <trkpt lat="37.108333" lon="-3.640677"><ele>733.4</ele></trkpt>
    <trkpt lat="37.108364" lon="-3.640637"><ele>733.3</ele></trkpt>
    <trkpt lat="37.108408" lon="-3.640636"><ele>733.2</ele></trkpt>
    <trkpt lat="37.108496" lon="-3.640603"><ele>733</ele></trkpt>
    <trkpt lat="37.108647" lon="-3.640471"><ele>732.7</ele></trkpt>
    <trkpt lat="37.109204" lon="-3.639986"><ele>731.7</ele></trkpt>
    <trkpt lat="37.109744" lon="-3.639516"><ele>730.7</ele></trkpt>
    <trkpt lat="37.109963" lon="-3.639325"><ele>730.3</ele></trkpt>
    <trkpt lat="37.110762" lon="-3.638629"><ele>729</ele></trkpt>
    <trkpt lat="37.110871" lon="-3.638534"><ele>728.8</ele></trkpt>
    <trkpt lat="37.11116" lon="-3.638282"><ele>728.4</ele></trkpt>
    <trkpt lat="37.111488" lon="-3.637996"><ele>727.9</ele></trkpt>
    <trkpt lat="37.111794" lon="-3.63773"><ele>727.3</ele></trkpt>
    <trkpt lat="37.111929" lon="-3.637524"><ele>727</ele></trkpt>
    <trkpt lat="37.111931" lon="-3.637458"><ele>726.9</ele></trkpt>
    <trkpt lat="37.111996" lon="-3.637374"><ele>726.7</ele></trkpt>
    <trkpt lat="37.112079" lon="-3.637385"><ele>726.6</ele></trkpt>
    <trkpt lat="37.112292" lon="-3.637302"><ele>726.2</ele></trkpt>
    <trkpt lat="37.112473" lon="-3.637137"><ele>725.9</ele></trkpt>
    <trkpt lat="37.112818" lon="-3.636843"><ele>725.1</ele></trkpt>
    <trkpt lat="37.113135" lon="-3.636563"><ele>724.6</ele></trkpt>
    <trkpt lat="37.115786" lon="-3.634275"><ele>720.7</ele></trkpt>
    <trkpt lat="37.115824" lon="-3.634242"><ele>720.6</ele></trkpt>
    <trkpt lat="37.116264" lon="-3.633869"><ele>719.7</ele></trkpt>
    <trkpt lat="37.116305" lon="-3.633816"><ele>719.6</ele></trkpt>
    <trkpt lat="37.116462" lon="-3.633724"><ele>719.3</ele></trkpt>
    <trkpt lat="37.116598" lon="-3.633605"><ele>719</ele></trkpt>
    <trkpt lat="37.116649" lon="-3.633535"><ele>718.8</ele></trkpt>
    <trkpt lat="37.116745" lon="-3.633526"><ele>718.6</ele></trkpt>
    <trkpt lat="37.116811" lon="-3.633602"><ele>718.4</ele></trkpt>
    <trkpt lat="37.116821" lon="-3.633645"><ele>718.4</ele></trkpt>
    <trkpt lat="37.116819" lon="-3.633698"><ele>718.3</ele></trkpt>
    <trkpt lat="37.11698" lon="-3.63402"><ele>717.6</ele></trkpt>
    <trkpt lat="37.120322" lon="-3.637457"><ele>708.2</ele></trkpt>
    <trkpt lat="37.122022" lon="-3.639206"><ele>704.4</ele></trkpt>
    <trkpt lat="37.122429" lon="-3.639644"><ele>703.6</ele></trkpt>
    <trkpt lat="37.122966" lon="-3.640284"><ele>702.2</ele></trkpt>
    <trkpt lat="37.122998" lon="-3.640326"><ele>702.1</ele></trkpt>
    <trkpt lat="37.123464" lon="-3.640999"><ele>700.8</ele></trkpt>
    <trkpt lat="37.123684" lon="-3.641369"><ele>700.1</ele></trkpt>
    <trkpt lat="37.124109" lon="-3.642202"><ele>699.1</ele></trkpt>
    <trkpt lat="37.124464" lon="-3.643014"><ele>698.4</ele></trkpt>
    <trkpt lat="37.124951" lon="-3.644235"><ele>696.9</ele></trkpt>
    <trkpt lat="37.125183" lon="-3.644714"><ele>696.2</ele></trkpt>
    <trkpt lat="37.125284" lon="-3.644876"><ele>695.9</ele></trkpt>
    <trkpt lat="37.125505" lon="-3.645133"><ele>695.4</ele></trkpt>
    <trkpt lat="37.125908" lon="-3.645443"><ele>694.7</ele></trkpt>
    <trkpt lat="37.126442" lon="-3.645779"><ele>693.7</ele></trkpt>
    <trkpt lat="37.127361" lon="-3.646374"><ele>692</ele></trkpt>
    <trkpt lat="37.127701" lon="-3.646677"><ele>691.2</ele></trkpt>
    <trkpt lat="37.129449" lon="-3.64885"><ele>687</ele></trkpt>
    <trkpt lat="37.12997" lon="-3.649597"><ele>685.7</ele></trkpt>
    <trkpt lat="37.130935" lon="-3.651389"><ele>683.3</ele></trkpt>
    <trkpt lat="37.131086" lon="-3.651762"><ele>682.9</ele></trkpt>
    <trkpt lat="37.13126" lon="-3.652376"><ele>682.2</ele></trkpt>
    <trkpt lat="37.131296" lon="-3.652503"><ele>682</ele></trkpt>
    <trkpt lat="37.131384" lon="-3.652718"><ele>681.7</ele></trkpt>
    <trkpt lat="37.132121" lon="-3.653896"><ele>679.5</ele></trkpt>
    <trkpt lat="37.133533" lon="-3.656109"><ele>675.8</ele></trkpt>
    <trkpt lat="37.133637" lon="-3.656286"><ele>675.7</ele></trkpt>
    <trkpt lat="37.133768" lon="-3.656609"><ele>675.7</ele></trkpt>
    <trkpt lat="37.133786" lon="-3.656621"><ele>675.7</ele></trkpt>
    <trkpt lat="37.13384" lon="-3.65671"><ele>675.7</ele></trkpt>
    <trkpt lat="37.133845" lon="-3.656737"><ele>675.7</ele></trkpt>
    <trkpt lat="37.133831" lon="-3.656832"><ele>675.7</ele></trkpt>
    <trkpt lat="37.133776" lon="-3.6569"><ele>675.7</ele></trkpt>
    <trkpt lat="37.13368" lon="-3.656911"><ele>675.7</ele></trkpt>
    <trkpt lat="37.133394" lon="-3.656998"><ele>676</ele></trkpt>
    <trkpt lat="37.133225" lon="-3.657088"><ele>676.1</ele></trkpt>
    <trkpt lat="37.132213" lon="-3.65725"><ele>677.5</ele></trkpt>
    <trkpt lat="37.131027" lon="-3.657543"><ele>679.3</ele></trkpt>
    <trkpt lat="37.130804" lon="-3.657651"><ele>679.7</ele></trkpt>
    <trkpt lat="37.130328" lon="-3.658074"><ele>680.6</ele></trkpt>
    <trkpt lat="37.129752" lon="-3.65863"><ele>681.8</ele></trkpt>
    <trkpt lat="37.129483" lon="-3.658826"><ele>682</ele></trkpt>
    <trkpt lat="37.129334" lon="-3.65888"><ele>682</ele></trkpt>
    <trkpt lat="37.129135" lon="-3.65888"><ele>682</ele></trkpt>
    <trkpt lat="37.129046" lon="-3.658996"><ele>682</ele></trkpt>
    <trkpt lat="37.128999" lon="-3.659096"><ele>681.9</ele></trkpt>
    <trkpt lat="37.129077" lon="-3.659276"><ele>681.8</ele></trkpt>
    <trkpt lat="37.129108" lon="-3.659321"><ele>681.8</ele></trkpt>
    <trkpt lat="37.129897" lon="-3.660006"><ele>680.6</ele></trkpt>
    <trkpt lat="37.130565" lon="-3.660543"><ele>679.6</ele></trkpt>
    <trkpt lat="37.130601" lon="-3.660572"><ele>679.6</ele></trkpt>
    <trkpt lat="37.131197" lon="-3.661052"><ele>678.8</ele></trkpt>
    <trkpt lat="37.131287" lon="-3.661158"><ele>678.7</ele></trkpt>
    <trkpt lat="37.132087" lon="-3.662859"><ele>676.9</ele></trkpt>
    <trkpt lat="37.132248" lon="-3.663289"><ele>676.6</ele></trkpt>
    <trkpt lat="37.13231" lon="-3.663524"><ele>676.7</ele></trkpt>
    <trkpt lat="37.132529" lon="-3.664016"><ele>676.9</ele></trkpt>
    <trkpt lat="37.132588" lon="-3.664159"><ele>677</ele></trkpt>
    <trkpt lat="37.132624" lon="-3.664287"><ele>677.1</ele></trkpt>
    <trkpt lat="37.132643" lon="-3.664373"><ele>677.1</ele></trkpt>
    <trkpt lat="37.132785" lon="-3.664735"><ele>677.4</ele></trkpt>
    <trkpt lat="37.133026" lon="-3.665134"><ele>677.8</ele></trkpt>
    <trkpt lat="37.133225" lon="-3.665562"><ele>678.5</ele></trkpt>
    <trkpt lat="37.13332" lon="-3.665791"><ele>679</ele></trkpt>
    <trkpt lat="37.133418" lon="-3.665939"><ele>679.3</ele></trkpt>
    <trkpt lat="37.133466" lon="-3.666028"><ele>679.4</ele></trkpt>
    <trkpt lat="37.133571" lon="-3.666217"><ele>679.7</ele></trkpt>
    <trkpt lat="37.13362" lon="-3.666422"><ele>680</ele></trkpt>
    <trkpt lat="37.13362" lon="-3.666676"><ele>680.4</ele></trkpt>
    <trkpt lat="37.133592" lon="-3.666888"><ele>680.8</ele></trkpt>
    <trkpt lat="37.133584" lon="-3.667265"><ele>681.6</ele></trkpt>
    <trkpt lat="37.133539" lon="-3.667686"><ele>682.7</ele></trkpt>
    <trkpt lat="37.133506" lon="-3.667796"><ele>683</ele></trkpt>
    <trkpt lat="37.133329" lon="-3.668037"><ele>683.8</ele></trkpt>
    <trkpt lat="37.13354" lon="-3.66819"><ele>684.6</ele></trkpt>
    <trkpt lat="37.133867" lon="-3.668401"><ele>685.8</ele></trkpt>
    <trkpt lat="37.134163" lon="-3.668697"><ele>687</ele></trkpt>
    <trkpt lat="37.134481" lon="-3.669078"><ele>688</ele></trkpt>
    <trkpt lat="37.134552" lon="-3.669344"><ele>688.2</ele></trkpt>
    <trkpt lat="37.13461" lon="-3.669397"><ele>688.2</ele></trkpt>
    <trkpt lat="37.135013" lon="-3.668817"><ele>687.8</ele></trkpt>
    <trkpt lat="37.135266" lon="-3.668494"><ele>686.9</ele></trkpt>
    <trkpt lat="37.135603" lon="-3.668072"><ele>684.9</ele></trkpt>
    <trkpt lat="37.135958" lon="-3.667792"><ele>683</ele></trkpt>
    <trkpt lat="37.136243" lon="-3.667625"><ele>681.7</ele></trkpt>
    <trkpt lat="37.136314" lon="-3.667588"><ele>681.3</ele></trkpt>
    <trkpt lat="37.13645" lon="-3.66753"><ele>680.7</ele></trkpt>
    <trkpt lat="37.136539" lon="-3.66746"><ele>680.2</ele></trkpt>
    <trkpt lat="37.136679" lon="-3.667337"><ele>679.5</ele></trkpt>
    <trkpt lat="37.136744" lon="-3.667199"><ele>678.9</ele></trkpt>
    <trkpt lat="37.136752" lon="-3.667137"><ele>678.7</ele></trkpt>
    <trkpt lat="37.136588" lon="-3.666869"><ele>677.5</ele></trkpt>
    <trkpt lat="37.136576" lon="-3.66685"><ele>677.4</ele></trkpt>
    <trkpt lat="37.136442" lon="-3.666597"><ele>676.4</ele></trkpt>
    <trkpt lat="37.136509" lon="-3.666214"><ele>675.3</ele></trkpt>
    <trkpt lat="37.136585" lon="-3.665782"><ele>674</ele></trkpt>
    <trkpt lat="37.136633" lon="-3.665508"><ele>673.2</ele></trkpt>
    <trkpt lat="37.136709" lon="-3.665074"><ele>672.2</ele></trkpt>
    <trkpt lat="37.136767" lon="-3.664741"><ele>671.7</ele></trkpt>
    <trkpt lat="37.136784" lon="-3.664647"><ele>671.6</ele></trkpt>
    <trkpt lat="37.136858" lon="-3.664224"><ele>671.3</ele></trkpt>
    <trkpt lat="37.13687" lon="-3.664156"><ele>671.3</ele></trkpt>
    <trkpt lat="37.1369" lon="-3.663985"><ele>671.3</ele></trkpt>
    <trkpt lat="37.136914" lon="-3.663905"><ele>671.3</ele></trkpt>
    <trkpt lat="37.136946" lon="-3.66372"><ele>671.3</ele></trkpt>
    <trkpt lat="37.136989" lon="-3.663478"><ele>671.3</ele></trkpt>
    <trkpt lat="37.137019" lon="-3.663306"><ele>671.3</ele></trkpt>
    <trkpt lat="37.137135" lon="-3.662643"><ele>672</ele></trkpt>
    <trkpt lat="37.137153" lon="-3.66254"><ele>672.1</ele></trkpt>
    <trkpt lat="37.137268" lon="-3.661883"><ele>672.6</ele></trkpt>
    <trkpt lat="37.137316" lon="-3.661607"><ele>672.5</ele></trkpt>
    <trkpt lat="37.137364" lon="-3.661337"><ele>672.3</ele></trkpt>
    <trkpt lat="37.137409" lon="-3.66108"><ele>672</ele></trkpt>
    <trkpt lat="37.137433" lon="-3.660939"><ele>671.9</ele></trkpt>
    <trkpt lat="37.137477" lon="-3.660691"><ele>671.6</ele></trkpt>
    <trkpt lat="37.137495" lon="-3.660585"><ele>671.5</ele></trkpt>
    <trkpt lat="37.137552" lon="-3.660263"><ele>671.2</ele></trkpt>
    <trkpt lat="37.137559" lon="-3.660221"><ele>671.1</ele></trkpt>
    <trkpt lat="37.137568" lon="-3.660173"><ele>671</ele></trkpt>
    <trkpt lat="37.137616" lon="-3.659906"><ele>670.6</ele></trkpt>
    <trkpt lat="37.137644" lon="-3.659753"><ele>670.3</ele></trkpt>
    <trkpt lat="37.137731" lon="-3.65912"><ele>669.2</ele></trkpt>
    <trkpt lat="37.137724" lon="-3.659107"><ele>669.2</ele></trkpt>
    <trkpt lat="37.137703" lon="-3.658997"><ele>669</ele></trkpt>
    <trkpt lat="37.13773" lon="-3.658916"><ele>668.8</ele></trkpt>
    <trkpt lat="37.137752" lon="-3.658889"><ele>668.8</ele></trkpt>
    <trkpt lat="37.137833" lon="-3.658853"><ele>668.6</ele></trkpt>
    <trkpt lat="37.13792" lon="-3.658895"><ele>668.5</ele></trkpt>
    <trkpt lat="37.137946" lon="-3.658937"><ele>668.4</ele></trkpt>
    <trkpt lat="37.138301" lon="-3.65916"><ele>667.7</ele></trkpt>
    <trkpt lat="37.138918" lon="-3.65931"><ele>666.6</ele></trkpt>
    <trkpt lat="37.139279" lon="-3.659357"><ele>666</ele></trkpt>
    <trkpt lat="37.139603" lon="-3.65938"><ele>665.4</ele></trkpt>
    <trkpt lat="37.140231" lon="-3.659317"><ele>664.4</ele></trkpt>
    <trkpt lat="37.140426" lon="-3.659195"><ele>664.1</ele></trkpt>
    <trkpt lat="37.140452" lon="-3.659151"><ele>664</ele></trkpt>
    <trkpt lat="37.140539" lon="-3.659124"><ele>663.9</ele></trkpt>
    <trkpt lat="37.140589" lon="-3.659164"><ele>663.8</ele></trkpt>
    <trkpt lat="37.140865" lon="-3.659179"><ele>663.4</ele></trkpt>
    <trkpt lat="37.141812" lon="-3.658977"><ele>662.3</ele></trkpt>
    <trkpt lat="37.142225" lon="-3.658832"><ele>661.7</ele></trkpt>
    <trkpt lat="37.142677" lon="-3.65862"><ele>660.9</ele></trkpt>
    <trkpt lat="37.142795" lon="-3.65855"><ele>660.7</ele></trkpt>
    <trkpt lat="37.143105" lon="-3.65834"><ele>660.1</ele></trkpt>
    <trkpt lat="37.143581" lon="-3.658011"><ele>659.1</ele></trkpt>
    <trkpt lat="37.143789" lon="-3.657922"><ele>658.7</ele></trkpt>
    <trkpt lat="37.144122" lon="-3.657843"><ele>658.2</ele></trkpt>
    <trkpt lat="37.145668" lon="-3.657583"><ele>656.4</ele></trkpt>
    <trkpt lat="37.146142" lon="-3.657441"><ele>655.9</ele></trkpt>
    <trkpt lat="37.146364" lon="-3.6573"><ele>655.6</ele></trkpt>
    <trkpt lat="37.147784" lon="-3.655944"><ele>653.4</ele></trkpt>
    <trkpt lat="37.147908" lon="-3.655726"><ele>653.2</ele></trkpt>
    <trkpt lat="37.147943" lon="-3.655706"><ele>653.2</ele></trkpt>
    <trkpt lat="37.147943" lon="-3.655654"><ele>653.2</ele></trkpt>
    <trkpt lat="37.147958" lon="-3.655613"><ele>653.1</ele></trkpt>
    <trkpt lat="37.148037" lon="-3.655566"><ele>653</ele></trkpt>
    <trkpt lat="37.14806" lon="-3.655572"><ele>653</ele></trkpt>
    <trkpt lat="37.148078" lon="-3.655582"><ele>653</ele></trkpt>
    <trkpt lat="37.148119" lon="-3.655652"><ele>652.9</ele></trkpt>
    <trkpt lat="37.148115" lon="-3.655722"><ele>652.9</ele></trkpt>
    <trkpt lat="37.14811" lon="-3.655737"><ele>652.9</ele></trkpt>
    <trkpt lat="37.148184" lon="-3.655799"><ele>652.8</ele></trkpt>
    <trkpt lat="37.148235" lon="-3.655899"><ele>652.8</ele></trkpt>
    <trkpt lat="37.148282" lon="-3.656083"><ele>652.7</ele></trkpt>
    <trkpt lat="37.14846" lon="-3.656832"><ele>652.4</ele></trkpt>
    <trkpt lat="37.148457" lon="-3.657351"><ele>652.3</ele></trkpt>
    <trkpt lat="37.148555" lon="-3.657855"><ele>652.3</ele></trkpt>
    <trkpt lat="37.148605" lon="-3.658183"><ele>652.3</ele></trkpt>
    <trkpt lat="37.148606" lon="-3.658216"><ele>652.3</ele></trkpt>
    <trkpt lat="37.148603" lon="-3.658503"><ele>652.4</ele></trkpt>
    <trkpt lat="37.148336" lon="-3.660153"><ele>652.3</ele></trkpt>
    <trkpt lat="37.148347" lon="-3.660539"><ele>652</ele></trkpt>
    <trkpt lat="37.14852" lon="-3.661102"><ele>651.4</ele></trkpt>
    <trkpt lat="37.14856" lon="-3.661191"><ele>651.3</ele></trkpt>
    <trkpt lat="37.148866" lon="-3.661855"><ele>650.3</ele></trkpt>
    <trkpt lat="37.149046" lon="-3.662194"><ele>649.7</ele></trkpt>
    <trkpt lat="37.149127" lon="-3.662326"><ele>649.5</ele></trkpt>
    <trkpt lat="37.149428" lon="-3.662749"><ele>648.9</ele></trkpt>
    <trkpt lat="37.149529" lon="-3.662891"><ele>648.7</ele></trkpt>
    <trkpt lat="37.149635" lon="-3.66312"><ele>648.6</ele></trkpt>
    <trkpt lat="37.149661" lon="-3.663257"><ele>648.5</ele></trkpt>
    <trkpt lat="37.149655" lon="-3.663587"><ele>648.4</ele></trkpt>
    <trkpt lat="37.149598" lon="-3.664583"><ele>647.7</ele></trkpt>
    <trkpt lat="37.149619" lon="-3.664793"><ele>647.6</ele></trkpt>
    <trkpt lat="37.149673" lon="-3.664955"><ele>647.4</ele></trkpt>
    <trkpt lat="37.150397" lon="-3.666134"><ele>646</ele></trkpt>
    <trkpt lat="37.150517" lon="-3.666302"><ele>645.8</ele></trkpt>
    <trkpt lat="37.15068" lon="-3.666482"><ele>645.6</ele></trkpt>
    <trkpt lat="37.150797" lon="-3.666614"><ele>645.5</ele></trkpt>
    <trkpt lat="37.150858" lon="-3.666684"><ele>645.4</ele></trkpt>
    <trkpt lat="37.151107" lon="-3.666969"><ele>645.2</ele></trkpt>
    <trkpt lat="37.151135" lon="-3.667"><ele>645.1</ele></trkpt>
    <trkpt lat="37.15128" lon="-3.667142"><ele>645</ele></trkpt>
    <trkpt lat="37.151486" lon="-3.667341"><ele>644.8</ele></trkpt>
    <trkpt lat="37.152851" lon="-3.668495"><ele>643.4</ele></trkpt>
    <trkpt lat="37.15289" lon="-3.668528"><ele>643.4</ele></trkpt>
    <trkpt lat="37.153144" lon="-3.668738"><ele>643.1</ele></trkpt>
    <trkpt lat="37.153346" lon="-3.668973"><ele>642.9</ele></trkpt>
    <trkpt lat="37.153568" lon="-3.669232"><ele>642.5</ele></trkpt>
    <trkpt lat="37.153632" lon="-3.669308"><ele>642.4</ele></trkpt>
    <trkpt lat="37.15383" lon="-3.669536"><ele>642</ele></trkpt>
    <trkpt lat="37.153842" lon="-3.669551"><ele>642</ele></trkpt>
    <trkpt lat="37.153993" lon="-3.669727"><ele>641.6</ele></trkpt>
    <trkpt lat="37.154508" lon="-3.670326"><ele>640.2</ele></trkpt>
    <trkpt lat="37.154721" lon="-3.670574"><ele>639.6</ele></trkpt>
    <trkpt lat="37.155066" lon="-3.670975"><ele>638.7</ele></trkpt>
    <trkpt lat="37.155451" lon="-3.671422"><ele>637.8</ele></trkpt>
    <trkpt lat="37.155713" lon="-3.671722"><ele>637.3</ele></trkpt>
    <trkpt lat="37.156072" lon="-3.672138"><ele>636.8</ele></trkpt>
    <trkpt lat="37.156368" lon="-3.672481"><ele>636.3</ele></trkpt>
    <trkpt lat="37.1565" lon="-3.672634"><ele>636.1</ele></trkpt>
    <trkpt lat="37.15686" lon="-3.673053"><ele>635.6</ele></trkpt>
    <trkpt lat="37.156966" lon="-3.673183"><ele>635.4</ele></trkpt>
    <trkpt lat="37.157007" lon="-3.673229"><ele>635.4</ele></trkpt>
    <trkpt lat="37.157177" lon="-3.673379"><ele>635.1</ele></trkpt>
    <trkpt lat="37.157246" lon="-3.673402"><ele>635.1</ele></trkpt>
    <trkpt lat="37.158259" lon="-3.673555"><ele>634.1</ele></trkpt>
    <trkpt lat="37.158384" lon="-3.673574"><ele>634</ele></trkpt>
    <trkpt lat="37.15844" lon="-3.673585"><ele>633.9</ele></trkpt>
    <trkpt lat="37.158731" lon="-3.673585"><ele>633.7</ele></trkpt>
    <trkpt lat="37.159079" lon="-3.673551"><ele>633.3</ele></trkpt>
    <trkpt lat="37.159255" lon="-3.673539"><ele>633.1</ele></trkpt>
    <trkpt lat="37.159478" lon="-3.673523"><ele>632.8</ele></trkpt>
    <trkpt lat="37.159501" lon="-3.673522"><ele>632.7</ele></trkpt>
    <trkpt lat="37.159711" lon="-3.673516"><ele>632.4</ele></trkpt>
    <trkpt lat="37.159879" lon="-3.673544"><ele>632</ele></trkpt>
    <trkpt lat="37.160142" lon="-3.673616"><ele>631.5</ele></trkpt>
    <trkpt lat="37.160376" lon="-3.673668"><ele>631</ele></trkpt>
    <trkpt lat="37.160602" lon="-3.673697"><ele>630.5</ele></trkpt>
    <trkpt lat="37.160731" lon="-3.673703"><ele>630.3</ele></trkpt>
    <trkpt lat="37.160847" lon="-3.673656"><ele>630</ele></trkpt>
    <trkpt lat="37.160896" lon="-3.673603"><ele>629.9</ele></trkpt>
    <trkpt lat="37.160933" lon="-3.673532"><ele>629.8</ele></trkpt>
    <trkpt lat="37.160988" lon="-3.673491"><ele>629.6</ele></trkpt>
    <trkpt lat="37.16108" lon="-3.67349"><ele>629.5</ele></trkpt>
    <trkpt lat="37.161163" lon="-3.673571"><ele>629.3</ele></trkpt>
    <trkpt lat="37.161185" lon="-3.673649"><ele>629.2</ele></trkpt>
    <trkpt lat="37.161178" lon="-3.67373"><ele>629.1</ele></trkpt>
    <trkpt lat="37.161108" lon="-3.673835"><ele>628.9</ele></trkpt>
    <trkpt lat="37.161076" lon="-3.673987"><ele>628.7</ele></trkpt>
    <trkpt lat="37.161175" lon="-3.674803"><ele>627.7</ele></trkpt>
    <trkpt lat="37.161277" lon="-3.675408"><ele>627.2</ele></trkpt>
    <trkpt lat="37.161301" lon="-3.675673"><ele>626.9</ele></trkpt>
    <trkpt lat="37.161324" lon="-3.676247"><ele>626.5</ele></trkpt>
    <trkpt lat="37.161307" lon="-3.676946"><ele>626.3</ele></trkpt>
    <trkpt lat="37.161243" lon="-3.677578"><ele>626.3</ele></trkpt>
    <trkpt lat="37.161212" lon="-3.677888"><ele>626.3</ele></trkpt>
    <trkpt lat="37.161117" lon="-3.678456"><ele>626.3</ele></trkpt>
    <trkpt lat="37.161042" lon="-3.678728"><ele>626.4</ele></trkpt>
    <trkpt lat="37.160876" lon="-3.679114"><ele>626.6</ele></trkpt>
    <trkpt lat="37.160637" lon="-3.679478"><ele>626.8</ele></trkpt>
    <trkpt lat="37.16041" lon="-3.679714"><ele>627</ele></trkpt>
    <trkpt lat="37.159825" lon="-3.680143"><ele>627.3</ele></trkpt>
    <trkpt lat="37.15983" lon="-3.680248"><ele>627.3</ele></trkpt>
    <trkpt lat="37.159791" lon="-3.680335"><ele>627.3</ele></trkpt>
    <trkpt lat="37.159777" lon="-3.680543"><ele>627.3</ele></trkpt>
    <trkpt lat="37.160139" lon="-3.681977"><ele>626.7</ele></trkpt>
    <trkpt lat="37.160181" lon="-3.68246"><ele>626.4</ele></trkpt>
    <trkpt lat="37.160132" lon="-3.684205"><ele>626.2</ele></trkpt>
    <trkpt lat="37.16013" lon="-3.684769"><ele>626.4</ele></trkpt>
    <trkpt lat="37.160167" lon="-3.685259"><ele>626.6</ele></trkpt>
    <trkpt lat="37.160207" lon="-3.685535"><ele>626.7</ele></trkpt>
    <trkpt lat="37.160225" lon="-3.685639"><ele>626.8</ele></trkpt>
    <trkpt lat="37.160299" lon="-3.685914"><ele>626.9</ele></trkpt>
    <trkpt lat="37.160332" lon="-3.686038"><ele>627</ele></trkpt>
    <trkpt lat="37.160428" lon="-3.6868"><ele>627.3</ele></trkpt>
    <trkpt lat="37.160499" lon="-3.687851"><ele>627.6</ele></trkpt>
    <trkpt lat="37.160538" lon="-3.688466"><ele>628.1</ele></trkpt>
    <trkpt lat="37.16056" lon="-3.688826"><ele>628.5</ele></trkpt>
    <trkpt lat="37.160581" lon="-3.689143"><ele>629</ele></trkpt>
    <trkpt lat="37.160611" lon="-3.68961"><ele>629.7</ele></trkpt>
    <trkpt lat="37.160635" lon="-3.689837"><ele>630</ele></trkpt>
    <trkpt lat="37.160655" lon="-3.690018"><ele>630.2</ele></trkpt>
    <trkpt lat="37.160688" lon="-3.690408"><ele>630.4</ele></trkpt>
    <trkpt lat="37.160744" lon="-3.690425"><ele>630.4</ele></trkpt>
    <trkpt lat="37.16074" lon="-3.690489"><ele>630.5</ele></trkpt>
    <trkpt lat="37.16105" lon="-3.690633"><ele>630.3</ele></trkpt>
    <trkpt lat="37.161525" lon="-3.690754"><ele>629.6</ele></trkpt>
    <trkpt lat="37.162417" lon="-3.690934"><ele>627.2</ele></trkpt>
    <trkpt lat="37.162621" lon="-3.690986"><ele>626.6</ele></trkpt>
    <trkpt lat="37.16322" lon="-3.691166"><ele>624.9</ele></trkpt>
    <trkpt lat="37.163784" lon="-3.691308"><ele>623.2</ele></trkpt>
    <trkpt lat="37.165108" lon="-3.691183"><ele>618.9</ele></trkpt>
    <trkpt lat="37.165876" lon="-3.69111"><ele>616.9</ele></trkpt>
    <trkpt lat="37.16635" lon="-3.691069"><ele>615.8</ele></trkpt>
    <trkpt lat="37.166789" lon="-3.691088"><ele>615</ele></trkpt>
    <trkpt lat="37.167456" lon="-3.691246"><ele>613.9</ele></trkpt>
    <trkpt lat="37.167642" lon="-3.691292"><ele>613.6</ele></trkpt>
    <trkpt lat="37.168372" lon="-3.691467"><ele>612.5</ele></trkpt>
    <trkpt lat="37.168985" lon="-3.691634"><ele>611.6</ele></trkpt>
    <trkpt lat="37.169865" lon="-3.691846"><ele>610.6</ele></trkpt>
    <trkpt lat="37.170649" lon="-3.692098"><ele>610</ele></trkpt>
    <trkpt lat="37.17082" lon="-3.692051"><ele>609.7</ele></trkpt>
    <trkpt lat="37.170978" lon="-3.692223"><ele>609.4</ele></trkpt>
    <trkpt lat="37.171099" lon="-3.692363"><ele>609.2</ele></trkpt>
    <trkpt lat="37.171178" lon="-3.69245"><ele>609</ele></trkpt>
    <trkpt lat="37.171291" lon="-3.692537"><ele>608.9</ele></trkpt>
    <trkpt lat="37.171602" lon="-3.692701"><ele>608.4</ele></trkpt>
    <trkpt lat="37.171682" lon="-3.692747"><ele>608.2</ele></trkpt>
    <trkpt lat="37.171744" lon="-3.692786"><ele>608.1</ele></trkpt>
    <trkpt lat="37.172301" lon="-3.693192"><ele>607.1</ele></trkpt>
    <trkpt lat="37.172614" lon="-3.693532"><ele>606.5</ele></trkpt>
    <trkpt lat="37.172656" lon="-3.693579"><ele>606.4</ele></trkpt>
    <trkpt lat="37.172959" lon="-3.693943"><ele>605.8</ele></trkpt>
    <trkpt lat="37.173422" lon="-3.694498"><ele>604.6</ele></trkpt>
    <trkpt lat="37.173747" lon="-3.694877"><ele>603.8</ele></trkpt>
    <trkpt lat="37.17403" lon="-3.695241"><ele>603</ele></trkpt>
    <trkpt lat="37.174321" lon="-3.695695"><ele>602.3</ele></trkpt>
    <trkpt lat="37.174552" lon="-3.696011"><ele>601.9</ele></trkpt>
    <trkpt lat="37.174987" lon="-3.696522"><ele>601.3</ele></trkpt>
    <trkpt lat="37.175848" lon="-3.697427"><ele>600.2</ele></trkpt>
    <trkpt lat="37.175877" lon="-3.697455"><ele>600.2</ele></trkpt>
    <trkpt lat="37.17646" lon="-3.698002"><ele>599.3</ele></trkpt>
    <trkpt lat="37.176858" lon="-3.698369"><ele>598.7</ele></trkpt>
    <trkpt lat="37.177439" lon="-3.699141"><ele>597.6</ele></trkpt>
    <trkpt lat="37.178009" lon="-3.699826"><ele>596.6</ele></trkpt>
    <trkpt lat="37.178515" lon="-3.700335"><ele>596</ele></trkpt>
    <trkpt lat="37.17868" lon="-3.700512"><ele>595.8</ele></trkpt>
    <trkpt lat="37.179214" lon="-3.701248"><ele>594.7</ele></trkpt>
    <trkpt lat="37.179767" lon="-3.701795"><ele>593.6</ele></trkpt>
    <trkpt lat="37.180082" lon="-3.702061"><ele>593</ele></trkpt>
    <trkpt lat="37.180136" lon="-3.702119"><ele>592.9</ele></trkpt>
    <trkpt lat="37.181629" lon="-3.703917"><ele>590.7</ele></trkpt>
    <trkpt lat="37.181827" lon="-3.704204"><ele>590.4</ele></trkpt>
    <trkpt lat="37.181938" lon="-3.704392"><ele>590.2</ele></trkpt>
    <trkpt lat="37.182001" lon="-3.70455"><ele>590.1</ele></trkpt>
    <trkpt lat="37.182077" lon="-3.704846"><ele>589.9</ele></trkpt>
    <trkpt lat="37.182293" lon="-3.705873"><ele>589.1</ele></trkpt>
    <trkpt lat="37.182358" lon="-3.70604"><ele>588.9</ele></trkpt>
    <trkpt lat="37.182549" lon="-3.706329"><ele>588.6</ele></trkpt>
    <trkpt lat="37.183502" lon="-3.70715"><ele>587.4</ele></trkpt>
    <trkpt lat="37.183792" lon="-3.707357"><ele>587</ele></trkpt>
    <trkpt lat="37.184646" lon="-3.70771"><ele>585.8</ele></trkpt>
    <trkpt lat="37.184779" lon="-3.707795"><ele>585.6</ele></trkpt>
    <trkpt lat="37.185568" lon="-3.708554"><ele>584.7</ele></trkpt>
    <trkpt lat="37.185806" lon="-3.708797"><ele>584.4</ele></trkpt>
    <trkpt lat="37.186324" lon="-3.709315"><ele>584.1</ele></trkpt>
    <trkpt lat="37.186653" lon="-3.709652"><ele>584</ele></trkpt>
    <trkpt lat="37.187034" lon="-3.71009"><ele>583.7</ele></trkpt>
    <trkpt lat="37.187141" lon="-3.710282"><ele>583.5</ele></trkpt>
    <trkpt lat="37.187292" lon="-3.710541"><ele>583.3</ele></trkpt>
    <trkpt lat="37.187305" lon="-3.710567"><ele>583.3</ele></trkpt>
    <trkpt lat="37.187348" lon="-3.710624"><ele>583.2</ele></trkpt>
    <trkpt lat="37.187404" lon="-3.7107"><ele>583.1</ele></trkpt>
    <trkpt lat="37.187537" lon="-3.710807"><ele>583</ele></trkpt>
    <trkpt lat="37.187931" lon="-3.71129"><ele>582.8</ele></trkpt>
    <trkpt lat="37.188067" lon="-3.711454"><ele>582.7</ele></trkpt>
    <trkpt lat="37.188175" lon="-3.711586"><ele>582.6</ele></trkpt>
    <trkpt lat="37.188237" lon="-3.711664"><ele>582.6</ele></trkpt>
    <trkpt lat="37.188722" lon="-3.712257"><ele>582.3</ele></trkpt>
    <trkpt lat="37.188813" lon="-3.712392"><ele>582.3</ele></trkpt>
    <trkpt lat="37.188865" lon="-3.712445"><ele>582.3</ele></trkpt>
    <trkpt lat="37.189145" lon="-3.712696"><ele>582.2</ele></trkpt>
    <trkpt lat="37.189224" lon="-3.712807"><ele>582.1</ele></trkpt>
    <trkpt lat="37.189317" lon="-3.713069"><ele>582</ele></trkpt>
    <trkpt lat="37.189401" lon="-3.713301"><ele>581.9</ele></trkpt>
    <trkpt lat="37.189543" lon="-3.713565"><ele>581.7</ele></trkpt>
    <trkpt lat="37.189653" lon="-3.713862"><ele>581.7</ele></trkpt>
    <trkpt lat="37.189729" lon="-3.713868"><ele>581.6</ele></trkpt>
    <trkpt lat="37.190272" lon="-3.714208"><ele>581.5</ele></trkpt>
    <trkpt lat="37.190419" lon="-3.714279"><ele>581.5</ele></trkpt>
    <trkpt lat="37.190622" lon="-3.714377"><ele>581.4</ele></trkpt>
    <trkpt lat="37.190721" lon="-3.714426"><ele>581.3</ele></trkpt>
    <trkpt lat="37.190788" lon="-3.71422"><ele>581.3</ele></trkpt>
    <trkpt lat="37.190886" lon="-3.714041"><ele>581.3</ele></trkpt>
    <trkpt lat="37.1909" lon="-3.713993"><ele>581.3</ele></trkpt>
    <trkpt lat="37.191008" lon="-3.713596"><ele>581.4</ele></trkpt>
    <trkpt lat="37.191108" lon="-3.713232"><ele>581.5</ele></trkpt>
    <trkpt lat="37.19113" lon="-3.713152"><ele>581.5</ele></trkpt>
    <trkpt lat="37.191172" lon="-3.712999"><ele>581.5</ele></trkpt>
    <trkpt lat="37.191198" lon="-3.712928"><ele>581.6</ele></trkpt>
    <trkpt lat="37.191318" lon="-3.712436"><ele>581.7</ele></trkpt>
    <trkpt lat="37.191385" lon="-3.712156"><ele>581.8</ele></trkpt>
    <trkpt lat="37.191396" lon="-3.712111"><ele>581.9</ele></trkpt>
    <trkpt lat="37.191422" lon="-3.711947"><ele>582</ele></trkpt>
    <trkpt lat="37.191409" lon="-3.711881"><ele>582.1</ele></trkpt>
    <trkpt lat="37.191348" lon="-3.711862"><ele>582.1</ele></trkpt>
    <trkpt lat="37.191328" lon="-3.711799"><ele>582.2</ele></trkpt>
    <trkpt lat="37.191356" lon="-3.711738"><ele>582.3</ele></trkpt>
    <trkpt lat="37.191412" lon="-3.711729"><ele>582.4</ele></trkpt>
    <trkpt lat="37.191426" lon="-3.711661"><ele>582.4</ele></trkpt>
    <trkpt lat="37.191459" lon="-3.711503"><ele>582.6</ele></trkpt>
    <trkpt lat="37.191464" lon="-3.711477"><ele>582.6</ele></trkpt>
    <trkpt lat="37.191522" lon="-3.711214"><ele>582.7</ele></trkpt>
    <trkpt lat="37.191545" lon="-3.711106"><ele>582.8</ele></trkpt>
    <trkpt lat="37.191568" lon="-3.711003"><ele>582.8</ele></trkpt>
    <trkpt lat="37.191643" lon="-3.71066"><ele>583</ele></trkpt>
    <trkpt lat="37.191657" lon="-3.710593"><ele>583</ele></trkpt>
    <trkpt lat="37.191733" lon="-3.710245"><ele>583.1</ele></trkpt>
    <trkpt lat="37.191807" lon="-3.709907"><ele>583.2</ele></trkpt>
    <trkpt lat="37.191816" lon="-3.709866"><ele>583.2</ele></trkpt>
    <trkpt lat="37.191914" lon="-3.709416"><ele>583.1</ele></trkpt>
    <trkpt lat="37.191913" lon="-3.709363"><ele>583.1</ele></trkpt>
    <trkpt lat="37.192028" lon="-3.708964"><ele>582.9</ele></trkpt>
    <trkpt lat="37.192027" lon="-3.708931"><ele>582.9</ele></trkpt>
    <trkpt lat="37.192052" lon="-3.708766"><ele>582.8</ele></trkpt>
    <trkpt lat="37.192094" lon="-3.708636"><ele>582.7</ele></trkpt>
    <trkpt lat="37.192177" lon="-3.708532"><ele>582.6</ele></trkpt>
    <trkpt lat="37.192235" lon="-3.708461"><ele>582.5</ele></trkpt>
    <trkpt lat="37.192285" lon="-3.708439"><ele>582.5</ele></trkpt>
    <trkpt lat="37.192417" lon="-3.708432"><ele>582.4</ele></trkpt>
    <trkpt lat="37.192565" lon="-3.708517"><ele>582.2</ele></trkpt>
    <trkpt lat="37.192626" lon="-3.708629"><ele>582.1</ele></trkpt>
    <trkpt lat="37.192664" lon="-3.708875"><ele>581.9</ele></trkpt>
    <trkpt lat="37.192651" lon="-3.709"><ele>581.8</ele></trkpt>
    <trkpt lat="37.192623" lon="-3.7091"><ele>581.7</ele></trkpt>
    <trkpt lat="37.192553" lon="-3.709224"><ele>581.7</ele></trkpt>
    <trkpt lat="37.192532" lon="-3.709238"><ele>581.7</ele></trkpt>
    <trkpt lat="37.192528" lon="-3.709404"><ele>581.6</ele></trkpt>
    <trkpt lat="37.192525" lon="-3.710154"><ele>581.7</ele></trkpt>
    <trkpt lat="37.192543" lon="-3.711138"><ele>581.7</ele></trkpt>
    <trkpt lat="37.192582" lon="-3.713343"><ele>580.5</ele></trkpt>
    <trkpt lat="37.192639" lon="-3.716198"><ele>580.1</ele></trkpt>
    <trkpt lat="37.192662" lon="-3.717729"><ele>578.7</ele></trkpt>
    <trkpt lat="37.19267" lon="-3.717776"><ele>578.6</ele></trkpt>
    <trkpt lat="37.192756" lon="-3.717922"><ele>578.4</ele></trkpt>
    <trkpt lat="37.192862" lon="-3.718041"><ele>578.2</ele></trkpt>
    <trkpt lat="37.193082" lon="-3.718205"><ele>577.8</ele></trkpt>
    <trkpt lat="37.193335" lon="-3.718292"><ele>577.4</ele></trkpt>
    <trkpt lat="37.193675" lon="-3.718398"><ele>576.9</ele></trkpt>
    <trkpt lat="37.194175" lon="-3.718509"><ele>576.3</ele></trkpt>
    <trkpt lat="37.194496" lon="-3.718569"><ele>576</ele></trkpt>
    <trkpt lat="37.194803" lon="-3.718585"><ele>575.8</ele></trkpt>
    <trkpt lat="37.195089" lon="-3.718499"><ele>575.7</ele></trkpt>
    <trkpt lat="37.195407" lon="-3.718312"><ele>575.5</ele></trkpt>
    <trkpt lat="37.195813" lon="-3.718066"><ele>575.4</ele></trkpt>
    <trkpt lat="37.196709" lon="-3.717658"><ele>575.3</ele></trkpt>
    <trkpt lat="37.196944" lon="-3.717525"><ele>575.2</ele></trkpt>
    <trkpt lat="37.197569" lon="-3.717096"><ele>574.7</ele></trkpt>
    <trkpt lat="37.198126" lon="-3.716839"><ele>574.2</ele></trkpt>
    <trkpt lat="37.199701" lon="-3.716524"><ele>572.6</ele></trkpt>
    <trkpt lat="37.20004" lon="-3.716427"><ele>572.7</ele></trkpt>
    <trkpt lat="37.201197" lon="-3.716012"><ele>574</ele></trkpt>
    <trkpt lat="37.20159" lon="-3.715937"><ele>574.5</ele></trkpt>
    <trkpt lat="37.202272" lon="-3.715851"><ele>575.1</ele></trkpt>
    <trkpt lat="37.20314" lon="-3.715824"><ele>575.6</ele></trkpt>
    <trkpt lat="37.205994" lon="-3.715731"><ele>576.1</ele></trkpt>
    <trkpt lat="37.206038" lon="-3.71573"><ele>576.1</ele></trkpt>
    <trkpt lat="37.206482" lon="-3.715715"><ele>575.4</ele></trkpt>
    <trkpt lat="37.20651" lon="-3.715715"><ele>575.4</ele></trkpt>
    <trkpt lat="37.207342" lon="-3.715684"><ele>574.2</ele></trkpt>
    <trkpt lat="37.208499" lon="-3.71546"><ele>573.4</ele></trkpt>
    <trkpt lat="37.208746" lon="-3.715367"><ele>573.3</ele></trkpt>
    <trkpt lat="37.208955" lon="-3.715219"><ele>573.2</ele></trkpt>
    <trkpt lat="37.209049" lon="-3.71512"><ele>573.1</ele></trkpt>
    <trkpt lat="37.209997" lon="-3.713869"><ele>572.7</ele></trkpt>
    <trkpt lat="37.210278" lon="-3.713478"><ele>572.9</ele></trkpt>
    <trkpt lat="37.210459" lon="-3.71324"><ele>573</ele></trkpt>
    <trkpt lat="37.210685" lon="-3.712906"><ele>573.2</ele></trkpt>
    <trkpt lat="37.210818" lon="-3.712693"><ele>573.3</ele></trkpt>
    <trkpt lat="37.210835" lon="-3.712665"><ele>573.3</ele></trkpt>
    <trkpt lat="37.210962" lon="-3.712438"><ele>573.4</ele></trkpt>
    <trkpt lat="37.21109" lon="-3.712187"><ele>573.3</ele></trkpt>
    <trkpt lat="37.211144" lon="-3.712102"><ele>573.3</ele></trkpt>
    <trkpt lat="37.211474" lon="-3.711336"><ele>573.1</ele></trkpt>
    <trkpt lat="37.211781" lon="-3.710629"><ele>573.2</ele></trkpt>
    <trkpt lat="37.212399" lon="-3.709205"><ele>573.9</ele></trkpt>
    <trkpt lat="37.21303" lon="-3.70763"><ele>574.3</ele></trkpt>
    <trkpt lat="37.213043" lon="-3.707591"><ele>574.3</ele></trkpt>
    <trkpt lat="37.213577" lon="-3.70605"><ele>575.1</ele></trkpt>
    <trkpt lat="37.213917" lon="-3.705068"><ele>575.9</ele></trkpt>
    <trkpt lat="37.214003" lon="-3.704809"><ele>576.1</ele></trkpt>
    <trkpt lat="37.214443" lon="-3.703448"><ele>577.7</ele></trkpt>
    <trkpt lat="37.214765" lon="-3.702483"><ele>578.8</ele></trkpt>
    <trkpt lat="37.214903" lon="-3.702047"><ele>579.3</ele></trkpt>
    <trkpt lat="37.215043" lon="-3.701621"><ele>579.6</ele></trkpt>
    <trkpt lat="37.215318" lon="-3.700761"><ele>580.1</ele></trkpt>
    <trkpt lat="37.215445" lon="-3.700377"><ele>580.3</ele></trkpt>
    <trkpt lat="37.215533" lon="-3.700099"><ele>580.5</ele></trkpt>
    <trkpt lat="37.215709" lon="-3.69954"><ele>580.8</ele></trkpt>
    <trkpt lat="37.215783" lon="-3.699309"><ele>580.9</ele></trkpt>
    <trkpt lat="37.215955" lon="-3.698772"><ele>581.2</ele></trkpt>
    <trkpt lat="37.216112" lon="-3.698316"><ele>581.4</ele></trkpt>
    <trkpt lat="37.216253" lon="-3.698012"><ele>581.5</ele></trkpt>
    <trkpt lat="37.2164" lon="-3.697795"><ele>581.6</ele></trkpt>
    <trkpt lat="37.216618" lon="-3.697598"><ele>581.6</ele></trkpt>
    <trkpt lat="37.217205" lon="-3.697203"><ele>582.1</ele></trkpt>
    <trkpt lat="37.217377" lon="-3.697087"><ele>582.2</ele></trkpt>
    <trkpt lat="37.217839" lon="-3.696778"><ele>582.6</ele></trkpt>
    <trkpt lat="37.21807" lon="-3.69662"><ele>582.8</ele></trkpt>
    <trkpt lat="37.218192" lon="-3.69642"><ele>582.9</ele></trkpt>
    <trkpt lat="37.218196" lon="-3.696395"><ele>582.9</ele></trkpt>
    <trkpt lat="37.21819" lon="-3.696293"><ele>583</ele></trkpt>
    <trkpt lat="37.21818" lon="-3.696223"><ele>583</ele></trkpt>
    <trkpt lat="37.218081" lon="-3.696007"><ele>583.2</ele></trkpt>
    <trkpt lat="37.218076" lon="-3.695875"><ele>583.3</ele></trkpt>
    <trkpt lat="37.217784" lon="-3.695277"><ele>583.7</ele></trkpt>
    <trkpt lat="37.217251" lon="-3.694172"><ele>584.3</ele></trkpt>
    <trkpt lat="37.217094" lon="-3.693832"><ele>584.5</ele></trkpt>
    <trkpt lat="37.216956" lon="-3.693547"><ele>584.7</ele></trkpt>
    <trkpt lat="37.216835" lon="-3.693299"><ele>584.8</ele></trkpt>
    <trkpt lat="37.216653" lon="-3.692923"><ele>584.9</ele></trkpt>
    <trkpt lat="37.216517" lon="-3.69263"><ele>585</ele></trkpt>
    <trkpt lat="37.216504" lon="-3.692602"><ele>585</ele></trkpt>
    <trkpt lat="37.216406" lon="-3.692456"><ele>585.1</ele></trkpt>
    <trkpt lat="37.215971" lon="-3.691546"><ele>585.8</ele></trkpt>
    <trkpt lat="37.21586" lon="-3.691322"><ele>586</ele></trkpt>
    <trkpt lat="37.215631" lon="-3.690818"><ele>586.6</ele></trkpt>
    <trkpt lat="37.215425" lon="-3.690358"><ele>587</ele></trkpt>
    <trkpt lat="37.215295" lon="-3.690189"><ele>587.2</ele></trkpt>
    <trkpt lat="37.215245" lon="-3.690185"><ele>587.3</ele></trkpt>
    <trkpt lat="37.215191" lon="-3.690152"><ele>587.3</ele></trkpt>
    <trkpt lat="37.215145" lon="-3.690078"><ele>587.4</ele></trkpt>
    <trkpt lat="37.215135" lon="-3.689971"><ele>587.5</ele></trkpt>
    <trkpt lat="37.215205" lon="-3.689844"><ele>587.6</ele></trkpt>
    <trkpt lat="37.21506" lon="-3.689542"><ele>587.7</ele></trkpt>
    <trkpt lat="37.214887" lon="-3.689194"><ele>587.9</ele></trkpt>
    <trkpt lat="37.214535" lon="-3.688587"><ele>588.3</ele></trkpt>
    <trkpt lat="37.213714" lon="-3.68738"><ele>589.3</ele></trkpt>
    <trkpt lat="37.213434" lon="-3.686901"><ele>589.6</ele></trkpt>
    <trkpt lat="37.213214" lon="-3.686487"><ele>589.9</ele></trkpt>
    <trkpt lat="37.21317" lon="-3.686403"><ele>589.9</ele></trkpt>
    <trkpt lat="37.21284" lon="-3.685775"><ele>590.3</ele></trkpt>
    <trkpt lat="37.212585" lon="-3.685285"><ele>590.6</ele></trkpt>
    <trkpt lat="37.212438" lon="-3.684979"><ele>590.8</ele></trkpt>
    <trkpt lat="37.21236" lon="-3.684817"><ele>590.9</ele></trkpt>
    <trkpt lat="37.212148" lon="-3.684353"><ele>591.3</ele></trkpt>
    <trkpt lat="37.212093" lon="-3.684233"><ele>591.4</ele></trkpt>
    <trkpt lat="37.21178" lon="-3.683572"><ele>592</ele></trkpt>
    <trkpt lat="37.21158" lon="-3.683124"><ele>592.3</ele></trkpt>
    <trkpt lat="37.211512" lon="-3.682982"><ele>592.4</ele></trkpt>
    <trkpt lat="37.211411" lon="-3.682761"><ele>592.6</ele></trkpt>
    <trkpt lat="37.211041" lon="-3.681945"><ele>593.3</ele></trkpt>
    <trkpt lat="37.210866" lon="-3.681559"><ele>593.8</ele></trkpt>
    <trkpt lat="37.210769" lon="-3.681333"><ele>594</ele></trkpt>
    <trkpt lat="37.210679" lon="-3.681122"><ele>594.2</ele></trkpt>
    <trkpt lat="37.210526" lon="-3.680655"><ele>594.7</ele></trkpt>
    <trkpt lat="37.209948" lon="-3.678839"><ele>596.4</ele></trkpt>
    <trkpt lat="37.209504" lon="-3.677802"><ele>597.3</ele></trkpt>
    <trkpt lat="37.209327" lon="-3.677515"><ele>597.7</ele></trkpt>
    <trkpt lat="37.209119" lon="-3.677222"><ele>598</ele></trkpt>
    <trkpt lat="37.209108" lon="-3.67717"><ele>598</ele></trkpt>
    <trkpt lat="37.208978" lon="-3.677085"><ele>598.2</ele></trkpt>
    <trkpt lat="37.208918" lon="-3.676916"><ele>598.3</ele></trkpt>
    <trkpt lat="37.208689" lon="-3.676579"><ele>598.6</ele></trkpt>
    <trkpt lat="37.20866" lon="-3.676502"><ele>598.6</ele></trkpt>
    <trkpt lat="37.208532" lon="-3.676289"><ele>598.8</ele></trkpt>
    <trkpt lat="37.208248" lon="-3.675624"><ele>599.3</ele></trkpt>
    <trkpt lat="37.208158" lon="-3.675398"><ele>599.5</ele></trkpt>
    <trkpt lat="37.208065" lon="-3.675174"><ele>599.6</ele></trkpt>
    <trkpt lat="37.208025" lon="-3.675077"><ele>599.7</ele></trkpt>
    <trkpt lat="37.207931" lon="-3.674853"><ele>599.9</ele></trkpt>
    <trkpt lat="37.207878" lon="-3.674653"><ele>600.1</ele></trkpt>
    <trkpt lat="37.207855" lon="-3.674222"><ele>600.4</ele></trkpt>
    <trkpt lat="37.207788" lon="-3.67406"><ele>600.5</ele></trkpt>
    <trkpt lat="37.207544" lon="-3.673802"><ele>600.9</ele></trkpt>
    <trkpt lat="37.207476" lon="-3.673722"><ele>600.9</ele></trkpt>
    <trkpt lat="37.207266" lon="-3.673265"><ele>601.2</ele></trkpt>
    <trkpt lat="37.207137" lon="-3.672947"><ele>601.4</ele></trkpt>
    <trkpt lat="37.206976" lon="-3.672563"><ele>601.5</ele></trkpt>
    <trkpt lat="37.206621" lon="-3.671722"><ele>601.9</ele></trkpt>
    <trkpt lat="37.206404" lon="-3.671211"><ele>602.1</ele></trkpt>
    <trkpt lat="37.206058" lon="-3.670393"><ele>602.4</ele></trkpt>
    <trkpt lat="37.205906" lon="-3.670027"><ele>602.5</ele></trkpt>
    <trkpt lat="37.205818" lon="-3.669873"><ele>602.6</ele></trkpt>
    <trkpt lat="37.205549" lon="-3.66919"><ele>602.9</ele></trkpt>
    <trkpt lat="37.205494" lon="-3.668926"><ele>603.1</ele></trkpt>
    <trkpt lat="37.20546" lon="-3.668747"><ele>603.2</ele></trkpt>
    <trkpt lat="37.205422" lon="-3.668379"><ele>603.6</ele></trkpt>
    <trkpt lat="37.205417" lon="-3.668064"><ele>603.9</ele></trkpt>
    <trkpt lat="37.205437" lon="-3.666608"><ele>605.3</ele></trkpt>
    <trkpt lat="37.205447" lon="-3.665487"><ele>606.2</ele></trkpt>
    <trkpt lat="37.205453" lon="-3.664282"><ele>607.3</ele></trkpt>
    <trkpt lat="37.205424" lon="-3.663404"><ele>608.1</ele></trkpt>
    <trkpt lat="37.205414" lon="-3.663105"><ele>608.3</ele></trkpt>
    <trkpt lat="37.205357" lon="-3.662271"><ele>608.9</ele></trkpt>
    <trkpt lat="37.205318" lon="-3.662055"><ele>609.1</ele></trkpt>
    <trkpt lat="37.205063" lon="-3.659958"><ele>610.4</ele></trkpt>
    <trkpt lat="37.204659" lon="-3.657853"><ele>611.3</ele></trkpt>
    <trkpt lat="37.204526" lon="-3.657253"><ele>611.6</ele></trkpt>
    <trkpt lat="37.20447" lon="-3.656997"><ele>611.7</ele></trkpt>
    <trkpt lat="37.204256" lon="-3.65624"><ele>612</ele></trkpt>
    <trkpt lat="37.204166" lon="-3.655972"><ele>612.1</ele></trkpt>
    <trkpt lat="37.203974" lon="-3.655572"><ele>612.3</ele></trkpt>
    <trkpt lat="37.203867" lon="-3.655459"><ele>612.4</ele></trkpt>
    <trkpt lat="37.203781" lon="-3.655447"><ele>612.4</ele></trkpt>
    <trkpt lat="37.203712" lon="-3.65539"><ele>612.5</ele></trkpt>
    <trkpt lat="37.203671" lon="-3.655307"><ele>612.5</ele></trkpt>
    <trkpt lat="37.203662" lon="-3.655204"><ele>612.6</ele></trkpt>
    <trkpt lat="37.203587" lon="-3.654959"><ele>612.7</ele></trkpt>
    <trkpt lat="37.203495" lon="-3.65477"><ele>612.9</ele></trkpt>
    <trkpt lat="37.203338" lon="-3.654565"><ele>613.1</ele></trkpt>
    <trkpt lat="37.200871" lon="-3.651516"><ele>617.7</ele></trkpt>
    <trkpt lat="37.200544" lon="-3.651084"><ele>618.3</ele></trkpt>
    <trkpt lat="37.200312" lon="-3.650778"><ele>618.7</ele></trkpt>
    <trkpt lat="37.199562" lon="-3.649684"><ele>619.6</ele></trkpt>
    <trkpt lat="37.199355" lon="-3.649477"><ele>619.7</ele></trkpt>
    <trkpt lat="37.199196" lon="-3.649413"><ele>619.9</ele></trkpt>
    <trkpt lat="37.199048" lon="-3.649359"><ele>620.1</ele></trkpt>
    <trkpt lat="37.198944" lon="-3.649406"><ele>620.2</ele></trkpt>
    <trkpt lat="37.198833" lon="-3.649395"><ele>620.3</ele></trkpt>
    <trkpt lat="37.198773" lon="-3.649361"><ele>620.4</ele></trkpt>
    <trkpt lat="37.198665" lon="-3.649201"><ele>620.6</ele></trkpt>
    <trkpt lat="37.19856" lon="-3.649047"><ele>620.8</ele></trkpt>
    <trkpt lat="37.19834" lon="-3.648897"><ele>621.1</ele></trkpt>
    <trkpt lat="37.198178" lon="-3.648823"><ele>621.4</ele></trkpt>
    <trkpt lat="37.197918" lon="-3.648742"><ele>621.7</ele></trkpt>
    <trkpt lat="37.197227" lon="-3.648539"><ele>622.3</ele></trkpt>
    <trkpt lat="37.197123" lon="-3.648482"><ele>622.4</ele></trkpt>
    <trkpt lat="37.196998" lon="-3.64836"><ele>622.5</ele></trkpt>
    <trkpt lat="37.196895" lon="-3.648208"><ele>622.7</ele></trkpt>
    <trkpt lat="37.196856" lon="-3.648096"><ele>622.8</ele></trkpt>
    <trkpt lat="37.196836" lon="-3.647864"><ele>623</ele></trkpt>
    <trkpt lat="37.196885" lon="-3.647654"><ele>623.1</ele></trkpt>
    <trkpt lat="37.196994" lon="-3.647453"><ele>623.3</ele></trkpt>
    <trkpt lat="37.197072" lon="-3.647363"><ele>623.4</ele></trkpt>
    <trkpt lat="37.19739" lon="-3.647055"><ele>624</ele></trkpt>
    <trkpt lat="37.197621" lon="-3.646773"><ele>624.7</ele></trkpt>
    <trkpt lat="37.197695" lon="-3.646655"><ele>625</ele></trkpt>
    <trkpt lat="37.197946" lon="-3.646089"><ele>626.3</ele></trkpt>
    <trkpt lat="37.198115" lon="-3.645195"><ele>628</ele></trkpt>
    <trkpt lat="37.198156" lon="-3.644728"><ele>628.9</ele></trkpt>
    <trkpt lat="37.198176" lon="-3.6443"><ele>629.7</ele></trkpt>
    <trkpt lat="37.198181" lon="-3.643874"><ele>630.4</ele></trkpt>
    <trkpt lat="37.198162" lon="-3.643433"><ele>630.9</ele></trkpt>
    <trkpt lat="37.198108" lon="-3.642776"><ele>631.6</ele></trkpt>
    <trkpt lat="37.198029" lon="-3.641982"><ele>632.6</ele></trkpt>
    <trkpt lat="37.197897" lon="-3.640926"><ele>633.7</ele></trkpt>
    <trkpt lat="37.197869" lon="-3.640573"><ele>634.2</ele></trkpt>
    <trkpt lat="37.197842" lon="-3.640219"><ele>634.6</ele></trkpt>
    <trkpt lat="37.197844" lon="-3.639771"><ele>635.1</ele></trkpt>
    <trkpt lat="37.197885" lon="-3.638764"><ele>636.3</ele></trkpt>
    <trkpt lat="37.197893" lon="-3.638592"><ele>636.5</ele></trkpt>
    <trkpt lat="37.197901" lon="-3.638438"><ele>636.6</ele></trkpt>
    <trkpt lat="37.197919" lon="-3.637999"><ele>637.1</ele></trkpt>
    <trkpt lat="37.197933" lon="-3.637733"><ele>637.3</ele></trkpt>
    <trkpt lat="37.197897" lon="-3.637115"><ele>638.1</ele></trkpt>
    <trkpt lat="37.197816" lon="-3.636635"><ele>638.7</ele></trkpt>
    <trkpt lat="37.197378" lon="-3.635186"><ele>640.5</ele></trkpt>
    <trkpt lat="37.197254" lon="-3.634795"><ele>641</ele></trkpt>
    <trkpt lat="37.197086" lon="-3.63428"><ele>641.7</ele></trkpt>
    <trkpt lat="37.197036" lon="-3.634066"><ele>642</ele></trkpt>
    <trkpt lat="37.196715" lon="-3.633045"><ele>643.6</ele></trkpt>
    <trkpt lat="37.196503" lon="-3.632396"><ele>644.5</ele></trkpt>
    <trkpt lat="37.196449" lon="-3.632215"><ele>644.7</ele></trkpt>
    <trkpt lat="37.196378" lon="-3.631982"><ele>645</ele></trkpt>
    <trkpt lat="37.196297" lon="-3.631711"><ele>645.4</ele></trkpt>
    <trkpt lat="37.196204" lon="-3.631404"><ele>645.9</ele></trkpt>
    <trkpt lat="37.196147" lon="-3.631217"><ele>646.2</ele></trkpt>
    <trkpt lat="37.195705" lon="-3.629812"><ele>649.2</ele></trkpt>
    <trkpt lat="37.195529" lon="-3.629323"><ele>650.6</ele></trkpt>
    <trkpt lat="37.195285" lon="-3.628744"><ele>652.3</ele></trkpt>
    <trkpt lat="37.195219" lon="-3.628592"><ele>652.7</ele></trkpt>
    <trkpt lat="37.194869" lon="-3.627893"><ele>654.9</ele></trkpt>
    <trkpt lat="37.194689" lon="-3.627545"><ele>656.3</ele></trkpt>
    <trkpt lat="37.194631" lon="-3.627415"><ele>656.9</ele></trkpt>
    <trkpt lat="37.194469" lon="-3.627075"><ele>658.2</ele></trkpt>
    <trkpt lat="37.194442" lon="-3.627019"><ele>658.3</ele></trkpt>
    <trkpt lat="37.194422" lon="-3.626976"><ele>658.5</ele></trkpt>
    <trkpt lat="37.194238" lon="-3.626579"><ele>659.8</ele></trkpt>
    <trkpt lat="37.194107" lon="-3.626296"><ele>660.7</ele></trkpt>
    <trkpt lat="37.193879" lon="-3.625809"><ele>661.8</ele></trkpt>
    <trkpt lat="37.193751" lon="-3.625521"><ele>662.1</ele></trkpt>
    <trkpt lat="37.193242" lon="-3.624423"><ele>662.7</ele></trkpt>
    <trkpt lat="37.193102" lon="-3.624098"><ele>662.9</ele></trkpt>
    <trkpt lat="37.192991" lon="-3.623841"><ele>663</ele></trkpt>
    <trkpt lat="37.192931" lon="-3.62379"><ele>663.1</ele></trkpt>
    <trkpt lat="37.19289" lon="-3.623702"><ele>663.1</ele></trkpt>
    <trkpt lat="37.192884" lon="-3.623612"><ele>663.2</ele></trkpt>
    <trkpt lat="37.192796" lon="-3.623355"><ele>663.4</ele></trkpt>
    <trkpt lat="37.192382" lon="-3.622225"><ele>664.5</ele></trkpt>
    <trkpt lat="37.192289" lon="-3.621943"><ele>664.8</ele></trkpt>
    <trkpt lat="37.192272" lon="-3.621885"><ele>664.9</ele></trkpt>
    <trkpt lat="37.19192" lon="-3.62071"><ele>666.7</ele></trkpt>
    <trkpt lat="37.191657" lon="-3.619919"><ele>668.2</ele></trkpt>
    <trkpt lat="37.191616" lon="-3.619891"><ele>668.3</ele></trkpt>
    <trkpt lat="37.191547" lon="-3.619774"><ele>668.5</ele></trkpt>
    <trkpt lat="37.191536" lon="-3.619595"><ele>668.7</ele></trkpt>
    <trkpt lat="37.191557" lon="-3.61954"><ele>668.8</ele></trkpt>
    <trkpt lat="37.191477" lon="-3.619223"><ele>669.2</ele></trkpt>
    <trkpt lat="37.191397" lon="-3.618961"><ele>669.6</ele></trkpt>
    <trkpt lat="37.191334" lon="-3.618783"><ele>669.8</ele></trkpt>
    <trkpt lat="37.191268" lon="-3.618595"><ele>670.1</ele></trkpt>
    <trkpt lat="37.19091" lon="-3.61772"><ele>671.3</ele></trkpt>
    <trkpt lat="37.190102" lon="-3.615967"><ele>673.3</ele></trkpt>
    <trkpt lat="37.189662" lon="-3.615039"><ele>674.3</ele></trkpt>
    <trkpt lat="37.189563" lon="-3.61482"><ele>674.4</ele></trkpt>
    <trkpt lat="37.18952" lon="-3.614797"><ele>674.5</ele></trkpt>
    <trkpt lat="37.189318" lon="-3.614788"><ele>674.7</ele></trkpt>
    <trkpt lat="37.189297" lon="-3.614789"><ele>674.7</ele></trkpt>
    <trkpt lat="37.18857" lon="-3.614819"><ele>676.2</ele></trkpt>
    <trkpt lat="37.188428" lon="-3.614832"><ele>676.4</ele></trkpt>
    <trkpt lat="37.188381" lon="-3.614885"><ele>676.4</ele></trkpt>
    <trkpt lat="37.188291" lon="-3.614911"><ele>676.5</ele></trkpt>
    <trkpt lat="37.188206" lon="-3.61487"><ele>676.6</ele></trkpt>
    <trkpt lat="37.188163" lon="-3.614807"><ele>676.6</ele></trkpt>
    <trkpt lat="37.188003" lon="-3.614768"><ele>676.7</ele></trkpt>
    <trkpt lat="37.187914" lon="-3.61477"><ele>676.7</ele></trkpt>
    <trkpt lat="37.187696" lon="-3.614777"><ele>676.7</ele></trkpt>
    <trkpt lat="37.186905" lon="-3.614804"><ele>675.5</ele></trkpt>
    <trkpt lat="37.186463" lon="-3.614817"><ele>673.8</ele></trkpt>
    <trkpt lat="37.186152" lon="-3.614826"><ele>672.7</ele></trkpt>
    <trkpt lat="37.185702" lon="-3.614842"><ele>671.2</ele></trkpt>
    <trkpt lat="37.18558" lon="-3.614845"><ele>670.9</ele></trkpt>
    <trkpt lat="37.185384" lon="-3.614854"><ele>670.3</ele></trkpt>
    <trkpt lat="37.185118" lon="-3.61483"><ele>669.8</ele></trkpt>
    <trkpt lat="37.184916" lon="-3.614786"><ele>669.5</ele></trkpt>
    <trkpt lat="37.184887" lon="-3.61478"><ele>669.4</ele></trkpt>
    <trkpt lat="37.18478" lon="-3.614735"><ele>669.3</ele></trkpt>
    <trkpt lat="37.184055" lon="-3.614321"><ele>669.1</ele></trkpt>
    <trkpt lat="37.18387" lon="-3.614209"><ele>669</ele></trkpt>
    <trkpt lat="37.182996" lon="-3.613682"><ele>669.1</ele></trkpt>
    <trkpt lat="37.182929" lon="-3.613642"><ele>669.2</ele></trkpt>
    <trkpt lat="37.182827" lon="-3.61358"><ele>669.3</ele></trkpt>
    <trkpt lat="37.182084" lon="-3.613132"><ele>670.7</ele></trkpt>
    <trkpt lat="37.181985" lon="-3.613072"><ele>671</ele></trkpt>
    <trkpt lat="37.181505" lon="-3.612782"><ele>672.2</ele></trkpt>
    <trkpt lat="37.180994" lon="-3.612474"><ele>673</ele></trkpt>
    <trkpt lat="37.180866" lon="-3.612396"><ele>673</ele></trkpt>
    <trkpt lat="37.180472" lon="-3.612159"><ele>672.7</ele></trkpt>
    <trkpt lat="37.180428" lon="-3.612132"><ele>672.7</ele></trkpt>
    <trkpt lat="37.180278" lon="-3.612042"><ele>672.4</ele></trkpt>
    <trkpt lat="37.179853" lon="-3.611785"><ele>671.5</ele></trkpt>
    <trkpt lat="37.179136" lon="-3.611352"><ele>668.2</ele></trkpt>
    <trkpt lat="37.179049" lon="-3.6113"><ele>667.7</ele></trkpt>
    <trkpt lat="37.178607" lon="-3.611034"><ele>665.2</ele></trkpt>
    <trkpt lat="37.178185" lon="-3.61078"><ele>663.3</ele></trkpt>
    <trkpt lat="37.178024" lon="-3.61068"><ele>662.6</ele></trkpt>
    <trkpt lat="37.177853" lon="-3.61058"><ele>662.2</ele></trkpt>
    <trkpt lat="37.177886" lon="-3.610492"><ele>662.1</ele></trkpt>
    <trkpt lat="37.177934" lon="-3.610368"><ele>662</ele></trkpt>
    <trkpt lat="37.177981" lon="-3.61025"><ele>662</ele></trkpt>
    <trkpt lat="37.17802" lon="-3.610148"><ele>662.1</ele></trkpt>
    <trkpt lat="37.178121" lon="-3.609885"><ele>662.4</ele></trkpt>
    <trkpt lat="37.178161" lon="-3.60978"><ele>662.6</ele></trkpt>
    <trkpt lat="37.178315" lon="-3.60943"><ele>663.6</ele></trkpt>
    <trkpt lat="37.178401" lon="-3.609316"><ele>664.1</ele></trkpt>
    <trkpt lat="37.178466" lon="-3.609235"><ele>664.5</ele></trkpt>
    <trkpt lat="37.178698" lon="-3.608949"><ele>665.9</ele></trkpt>
    <trkpt lat="37.178806" lon="-3.608813"><ele>666.4</ele></trkpt>
    <trkpt lat="37.178908" lon="-3.608685"><ele>667</ele></trkpt>
    <trkpt lat="37.178939" lon="-3.608646"><ele>667.1</ele></trkpt>
    <trkpt lat="37.178949" lon="-3.608635"><ele>667.1</ele></trkpt>
    <trkpt lat="37.179058" lon="-3.608498"><ele>667.6</ele></trkpt>
    <trkpt lat="37.179456" lon="-3.608003"><ele>668.4</ele></trkpt>
    <trkpt lat="37.179841" lon="-3.607526"><ele>668.6</ele></trkpt>
    <trkpt lat="37.179967" lon="-3.607372"><ele>668.6</ele></trkpt>
    <trkpt lat="37.180079" lon="-3.607243"><ele>668.5</ele></trkpt>
    <trkpt lat="37.180563" lon="-3.606662"><ele>668.2</ele></trkpt>
    <trkpt lat="37.180868" lon="-3.606374"><ele>668.7</ele></trkpt>
    <trkpt lat="37.18124" lon="-3.60618"><ele>669.4</ele></trkpt>
    <trkpt lat="37.181508" lon="-3.606037"><ele>670.3</ele></trkpt>
    <trkpt lat="37.181779" lon="-3.605891"><ele>671.2</ele></trkpt>
    <trkpt lat="37.182628" lon="-3.605442"><ele>675.1</ele></trkpt>
    <trkpt lat="37.182816" lon="-3.605342"><ele>676</ele></trkpt>
    <trkpt lat="37.183008" lon="-3.605154"><ele>677</ele></trkpt>
    <trkpt lat="37.183609" lon="-3.604839"><ele>679.8</ele></trkpt>
    <trkpt lat="37.183923" lon="-3.604682"><ele>681</ele></trkpt>
    <trkpt lat="37.183956" lon="-3.604666"><ele>681.1</ele></trkpt>
    <trkpt lat="37.184089" lon="-3.60455"><ele>681.5</ele></trkpt>
    <trkpt lat="37.184047" lon="-3.604466"><ele>681.8</ele></trkpt>
    <trkpt lat="37.183601" lon="-3.60362"><ele>682.9</ele></trkpt>
    <trkpt lat="37.183529" lon="-3.60342"><ele>683.1</ele></trkpt>
    <trkpt lat="37.183298" lon="-3.602949"><ele>683.4</ele></trkpt>
    <trkpt lat="37.183113" lon="-3.602627"><ele>683.7</ele></trkpt>
    <trkpt lat="37.18309" lon="-3.602597"><ele>683.7</ele></trkpt>
    <trkpt lat="37.18298" lon="-3.602448"><ele>683.9</ele></trkpt>
    <trkpt lat="37.182946" lon="-3.602337"><ele>684</ele></trkpt>
    <trkpt lat="37.182901" lon="-3.602292"><ele>684.1</ele></trkpt>
    <trkpt lat="37.182873" lon="-3.60222"><ele>684.3</ele></trkpt>
    <trkpt lat="37.18289" lon="-3.602097"><ele>684.5</ele></trkpt>
    <trkpt lat="37.182848" lon="-3.60189"><ele>684.9</ele></trkpt>
    <trkpt lat="37.182602" lon="-3.601434"><ele>685.9</ele></trkpt>
    <trkpt lat="37.182478" lon="-3.601205"><ele>686.4</ele></trkpt>
    <trkpt lat="37.182205" lon="-3.601059"><ele>687.2</ele></trkpt>
    <trkpt lat="37.182113" lon="-3.601009"><ele>687.5</ele></trkpt>
    <trkpt lat="37.181707" lon="-3.600787"><ele>688.9</ele></trkpt>
    <trkpt lat="37.181518" lon="-3.600683"><ele>689.7</ele></trkpt>
    <trkpt lat="37.181025" lon="-3.60041"><ele>691.6</ele></trkpt>
    <trkpt lat="37.180722" lon="-3.600245"><ele>692.7</ele></trkpt>
    <trkpt lat="37.180592" lon="-3.600174"><ele>693.2</ele></trkpt>
    <trkpt lat="37.179923" lon="-3.599809"><ele>695.2</ele></trkpt>
    <trkpt lat="37.179798" lon="-3.599741"><ele>695.5</ele></trkpt>
    <trkpt lat="37.179555" lon="-3.599608"><ele>696.1</ele></trkpt>
    <trkpt lat="37.179006" lon="-3.599308"><ele>696.9</ele></trkpt>
    <trkpt lat="37.178872" lon="-3.599233"><ele>697</ele></trkpt>
    <trkpt lat="37.178658" lon="-3.599115"><ele>697.1</ele></trkpt>
    <trkpt lat="37.178344" lon="-3.598942"><ele>697.7</ele></trkpt>
    <trkpt lat="37.178243" lon="-3.598886"><ele>697.8</ele></trkpt>
    <trkpt lat="37.178082" lon="-3.598797"><ele>698</ele></trkpt>
    <trkpt lat="37.177982" lon="-3.598742"><ele>698.1</ele></trkpt>
    <trkpt lat="37.177943" lon="-3.59872"><ele>698.2</ele></trkpt>
    <trkpt lat="37.177766" lon="-3.598624"><ele>698.2</ele></trkpt>
    <trkpt lat="37.17744" lon="-3.598445"><ele>697.8</ele></trkpt>
    <trkpt lat="37.17729" lon="-3.598362"><ele>697.5</ele></trkpt>
    <trkpt lat="37.177032" lon="-3.598221"><ele>696.8</ele></trkpt>
    <trkpt lat="37.176603" lon="-3.597987"><ele>696.3</ele></trkpt>
    <trkpt lat="37.176484" lon="-3.597922"><ele>696.1</ele></trkpt>
    <trkpt lat="37.176077" lon="-3.597697"><ele>695</ele></trkpt>
    <trkpt lat="37.175806" lon="-3.597535"><ele>694.2</ele></trkpt>
    <trkpt lat="37.17549" lon="-3.598082"><ele>692.8</ele></trkpt>
    <trkpt lat="37.17517" lon="-3.598439"><ele>692</ele></trkpt>
    <trkpt lat="37.174359" lon="-3.598993"><ele>689.4</ele></trkpt>
    <trkpt lat="37.174313" lon="-3.599024"><ele>689.2</ele></trkpt>
    <trkpt lat="37.174065" lon="-3.599188"><ele>688.6</ele></trkpt>
    <trkpt lat="37.173659" lon="-3.599473"><ele>686.8</ele></trkpt>
    <trkpt lat="37.173649" lon="-3.599482"><ele>686.7</ele></trkpt>
    <trkpt lat="37.173572" lon="-3.599553"><ele>686.3</ele></trkpt>
    <trkpt lat="37.173445" lon="-3.599672"><ele>685.4</ele></trkpt>
    <trkpt lat="37.173397" lon="-3.599707"><ele>685.1</ele></trkpt>
    <trkpt lat="37.173344" lon="-3.599708"><ele>684.8</ele></trkpt>
    <trkpt lat="37.173246" lon="-3.599673"><ele>684.2</ele></trkpt>
    <trkpt lat="37.173215" lon="-3.599662"><ele>684.1</ele></trkpt>
    <trkpt lat="37.172738" lon="-3.599456"><ele>681.2</ele></trkpt>
    <trkpt lat="37.172567" lon="-3.599355"><ele>680.6</ele></trkpt>
    <trkpt lat="37.17217" lon="-3.599139"><ele>679.6</ele></trkpt>
    <trkpt lat="37.172075" lon="-3.599086"><ele>679.4</ele></trkpt>
    <trkpt lat="37.171872" lon="-3.598984"><ele>679.2</ele></trkpt>
    <trkpt lat="37.171481" lon="-3.598765"><ele>679.7</ele></trkpt>
    <trkpt lat="37.171395" lon="-3.598713"><ele>680</ele></trkpt>
    <trkpt lat="37.170787" lon="-3.598331"><ele>681.6</ele></trkpt>
    <trkpt lat="37.170404" lon="-3.598074"><ele>681.3</ele></trkpt>
    <trkpt lat="37.170221" lon="-3.597951"><ele>680.8</ele></trkpt>
    <trkpt lat="37.169707" lon="-3.597509"><ele>678.2</ele></trkpt>
    <trkpt lat="37.169611" lon="-3.597426"><ele>677.7</ele></trkpt>
    <trkpt lat="37.169398" lon="-3.597243"><ele>676.2</ele></trkpt>
    <trkpt lat="37.169155" lon="-3.597027"><ele>674.6</ele></trkpt>
    <trkpt lat="37.169008" lon="-3.596891"><ele>673.7</ele></trkpt>
    <trkpt lat="37.169078" lon="-3.596872"><ele>673.4</ele></trkpt>
    <trkpt lat="37.169078" lon="-3.596872"><ele>673.4</ele></trkpt>
    <trkpt lat="37.169543" lon="-3.595952"><ele>670.6</ele></trkpt>
    <trkpt lat="37.169555" lon="-3.595879"><ele>670.6</ele></trkpt>
    <trkpt lat="37.169558" lon="-3.595862"><ele>670.6</ele></trkpt>
    <trkpt lat="37.169564" lon="-3.595826"><ele>670.5</ele></trkpt>
    <trkpt lat="37.169576" lon="-3.595756"><ele>670.4</ele></trkpt>
    <trkpt lat="37.169583" lon="-3.595691"><ele>670.3</ele></trkpt>
    <trkpt lat="37.169588" lon="-3.595641"><ele>670.3</ele></trkpt>
    <trkpt lat="37.169589" lon="-3.595637"><ele>670.3</ele></trkpt>
    <trkpt lat="37.169589" lon="-3.595637"><ele>670.3</ele></trkpt>
    <trkpt lat="37.169589" lon="-3.595637"><ele>670.3</ele></trkpt>
    <trkpt lat="37.169596" lon="-3.595565"><ele>670.2</ele></trkpt>
    <trkpt lat="37.169603" lon="-3.595497"><ele>670.1</ele></trkpt>
    <trkpt lat="37.169611" lon="-3.595427"><ele>670</ele></trkpt>
    <trkpt lat="37.169618" lon="-3.595363"><ele>669.9</ele></trkpt>
    <trkpt lat="37.169626" lon="-3.595288"><ele>669.9</ele></trkpt>
    <trkpt lat="37.169629" lon="-3.595256"><ele>669.9</ele></trkpt>
    <trkpt lat="37.169635" lon="-3.595201"><ele>669.8</ele></trkpt>
    <trkpt lat="37.16964" lon="-3.595156"><ele>669.8</ele></trkpt>
    <trkpt lat="37.169645" lon="-3.595109"><ele>669.7</ele></trkpt>
    <trkpt lat="37.169648" lon="-3.595081"><ele>669.7</ele></trkpt>
    <trkpt lat="37.169654" lon="-3.595031"><ele>669.7</ele></trkpt>
    <trkpt lat="37.16966" lon="-3.594975"><ele>669.7</ele></trkpt>
    <trkpt lat="37.169666" lon="-3.594921"><ele>669.7</ele></trkpt>
    <trkpt lat="37.169677" lon="-3.594816"><ele>669.6</ele></trkpt>
    <trkpt lat="37.169702" lon="-3.594598"><ele>669.6</ele></trkpt>
    <trkpt lat="37.169706" lon="-3.594556"><ele>669.7</ele></trkpt>
    <trkpt lat="37.169716" lon="-3.594467"><ele>669.7</ele></trkpt>
    <trkpt lat="37.169744" lon="-3.594208"><ele>669.8</ele></trkpt>
    <trkpt lat="37.169766" lon="-3.594004"><ele>669.9</ele></trkpt>
    <trkpt lat="37.169772" lon="-3.593941"><ele>669.9</ele></trkpt>
    <trkpt lat="37.169779" lon="-3.593871"><ele>669.9</ele></trkpt>
    <trkpt lat="37.169788" lon="-3.593791"><ele>669.9</ele></trkpt>
    <trkpt lat="37.169804" lon="-3.593639"><ele>670</ele></trkpt>
    <trkpt lat="37.169828" lon="-3.593425"><ele>670.1</ele></trkpt>
    <trkpt lat="37.169842" lon="-3.593258"><ele>670.3</ele></trkpt>
    <trkpt lat="37.169845" lon="-3.593232"><ele>670.3</ele></trkpt>
    <trkpt lat="37.169847" lon="-3.593204"><ele>670.3</ele></trkpt>
    <trkpt lat="37.169847" lon="-3.593203"><ele>670.3</ele></trkpt>
    <trkpt lat="37.169817" lon="-3.593089"><ele>670.4</ele></trkpt>
    <trkpt lat="37.169749" lon="-3.59283"><ele>670.6</ele></trkpt>
    <trkpt lat="37.169732" lon="-3.592773"><ele>670.7</ele></trkpt>
    <trkpt lat="37.169711" lon="-3.592708"><ele>670.8</ele></trkpt>
    <trkpt lat="37.1697" lon="-3.592674"><ele>670.8</ele></trkpt>
    <trkpt lat="37.169677" lon="-3.592599"><ele>670.9</ele></trkpt>
    <trkpt lat="37.169651" lon="-3.592518"><ele>671</ele></trkpt>
    <trkpt lat="37.169635" lon="-3.592465"><ele>671.1</ele></trkpt>
    <trkpt lat="37.169575" lon="-3.592319"><ele>671.3</ele></trkpt>
    <trkpt lat="37.169546" lon="-3.592248"><ele>671.4</ele></trkpt>
    <trkpt lat="37.16954" lon="-3.592234"><ele>671.4</ele></trkpt>
    <trkpt lat="37.169524" lon="-3.592194"><ele>671.5</ele></trkpt>
    <trkpt lat="37.169457" lon="-3.59203"><ele>671.7</ele></trkpt>
    <trkpt lat="37.169405" lon="-3.591918"><ele>672</ele></trkpt>
    <trkpt lat="37.169382" lon="-3.591868"><ele>672.1</ele></trkpt>
    <trkpt lat="37.169331" lon="-3.591758"><ele>672.3</ele></trkpt>
    <trkpt lat="37.169325" lon="-3.591744"><ele>672.3</ele></trkpt>
    <trkpt lat="37.169316" lon="-3.591724"><ele>672.4</ele></trkpt>
    <trkpt lat="37.169305" lon="-3.5917"><ele>672.5</ele></trkpt>
    <trkpt lat="37.169298" lon="-3.591685"><ele>672.5</ele></trkpt>
    <trkpt lat="37.169292" lon="-3.591672"><ele>672.5</ele></trkpt>
    <trkpt lat="37.169259" lon="-3.591601"><ele>672.7</ele></trkpt>
    <trkpt lat="37.169248" lon="-3.591578"><ele>672.8</ele></trkpt>
    <trkpt lat="37.169248" lon="-3.591578"><ele>672.8</ele></trkpt>
    <trkpt lat="37.169248" lon="-3.591578"><ele>672.8</ele></trkpt>
    <trkpt lat="37.169241" lon="-3.591562"><ele>672.8</ele></trkpt>
    <trkpt lat="37.16922" lon="-3.591516"><ele>672.9</ele></trkpt>
    <trkpt lat="37.169163" lon="-3.591393"><ele>673.3</ele></trkpt>
    <trkpt lat="37.169116" lon="-3.591291"><ele>673.6</ele></trkpt>
    <trkpt lat="37.169114" lon="-3.591224"><ele>673.8</ele></trkpt>
    <trkpt lat="37.169159" lon="-3.591193"><ele>674</ele></trkpt>
    <trkpt lat="37.169193" lon="-3.59117"><ele>674.2</ele></trkpt>
    <trkpt lat="37.169277" lon="-3.591109"><ele>674.6</ele></trkpt>
    <trkpt lat="37.169368" lon="-3.591043"><ele>675</ele></trkpt>
    <trkpt lat="37.16937" lon="-3.591042"><ele>675</ele></trkpt>
    <trkpt lat="37.169385" lon="-3.59099"><ele>675.2</ele></trkpt>
    <trkpt lat="37.169389" lon="-3.590973"><ele>675.3</ele></trkpt>
    <trkpt lat="37.169382" lon="-3.590934"><ele>675.4</ele></trkpt>
    <trkpt lat="37.169374" lon="-3.590887"><ele>675.6</ele></trkpt>
    <trkpt lat="37.169352" lon="-3.590771"><ele>676</ele></trkpt>
    <trkpt lat="37.169341" lon="-3.590708"><ele>676.3</ele></trkpt>
    <trkpt lat="37.169327" lon="-3.590633"><ele>676.5</ele></trkpt>
    <trkpt lat="37.16932" lon="-3.590591"><ele>676.7</ele></trkpt>
    <trkpt lat="37.169175" lon="-3.5898"><ele>679.7</ele></trkpt>
    <trkpt lat="37.169075" lon="-3.589249"><ele>681.6</ele></trkpt>
    <trkpt lat="37.16905" lon="-3.589112"><ele>682</ele></trkpt>
    <trkpt lat="37.169038" lon="-3.589044"><ele>682.2</ele></trkpt>
    <trkpt lat="37.168961" lon="-3.588617"><ele>683.6</ele></trkpt>
    <trkpt lat="37.168886" lon="-3.588204"><ele>684.8</ele></trkpt>
    <trkpt lat="37.168836" lon="-3.587924"><ele>685.6</ele></trkpt>
    <trkpt lat="37.168781" lon="-3.587633"><ele>686.5</ele></trkpt>
    <trkpt lat="37.168796" lon="-3.587554"><ele>686.7</ele></trkpt>
    <trkpt lat="37.16888" lon="-3.587478"><ele>687.1</ele></trkpt>
    <trkpt lat="37.16898" lon="-3.587578"><ele>687.5</ele></trkpt>
    <trkpt lat="37.169034" lon="-3.587753"><ele>688</ele></trkpt>
    <trkpt lat="37.16914" lon="-3.587987"><ele>688.8</ele></trkpt>
    <trkpt lat="37.169239" lon="-3.588206"><ele>689.6</ele></trkpt>
    <trkpt lat="37.16926" lon="-3.588253"><ele>689.8</ele></trkpt>
    <trkpt lat="37.169344" lon="-3.588403"><ele>690.7</ele></trkpt>
    <trkpt lat="37.169401" lon="-3.588504"><ele>691.3</ele></trkpt>
    <trkpt lat="37.169534" lon="-3.588739"><ele>693.1</ele></trkpt>
    <trkpt lat="37.16968" lon="-3.589052"><ele>695.6</ele></trkpt>
    <trkpt lat="37.169756" lon="-3.589302"><ele>697.4</ele></trkpt>
    <trkpt lat="37.169807" lon="-3.589239"><ele>698.1</ele></trkpt>
    <trkpt lat="37.170201" lon="-3.588733"><ele>703.6</ele></trkpt>
    <trkpt lat="37.170301" lon="-3.588681"><ele>704.8</ele></trkpt>
    <trkpt lat="37.170378" lon="-3.588674"><ele>705.7</ele></trkpt>
    <trkpt lat="37.170427" lon="-3.588669"><ele>706.2</ele></trkpt>
    <trkpt lat="37.170904" lon="-3.588623"><ele>711.9</ele></trkpt>
    <trkpt lat="37.171304" lon="-3.588583"><ele>716.2</ele></trkpt>
    <trkpt lat="37.171616" lon="-3.588557"><ele>719.1</ele></trkpt>
    <trkpt lat="37.172432" lon="-3.588772"><ele>728.5</ele></trkpt>
    <trkpt lat="37.172629" lon="-3.588804"><ele>730.6</ele></trkpt>
    <trkpt lat="37.172741" lon="-3.588887"><ele>732</ele></trkpt>
    <trkpt lat="37.172776" lon="-3.588898"><ele>732.4</ele></trkpt>
    <trkpt lat="37.172832" lon="-3.588912"><ele>733</ele></trkpt>
    <trkpt lat="37.173501" lon="-3.589413"><ele>740.9</ele></trkpt>
    <trkpt lat="37.173575" lon="-3.589469"><ele>741.9</ele></trkpt>
    <trkpt lat="37.17396" lon="-3.589753"><ele>747</ele></trkpt>
    <trkpt lat="37.174135" lon="-3.589869"><ele>749.1</ele></trkpt>
    <trkpt lat="37.174204" lon="-3.589884"><ele>749.8</ele></trkpt>
    <trkpt lat="37.174272" lon="-3.589863"><ele>750.6</ele></trkpt>
    <trkpt lat="37.174393" lon="-3.58977"><ele>752</ele></trkpt>
    <trkpt lat="37.17445" lon="-3.589634"><ele>753.2</ele></trkpt>
    <trkpt lat="37.174446" lon="-3.589563"><ele>753.8</ele></trkpt>
    <trkpt lat="37.174432" lon="-3.589509"><ele>754.3</ele></trkpt>
    <trkpt lat="37.174412" lon="-3.589444"><ele>754.8</ele></trkpt>
    <trkpt lat="37.174221" lon="-3.588932"><ele>760</ele></trkpt>
    <trkpt lat="37.174087" lon="-3.588354"><ele>764.4</ele></trkpt>
    <trkpt lat="37.174083" lon="-3.588326"><ele>764.6</ele></trkpt>
    <trkpt lat="37.174009" lon="-3.587758"><ele>767.8</ele></trkpt>
    <trkpt lat="37.174033" lon="-3.587502"><ele>769.3</ele></trkpt>
    <trkpt lat="37.17415" lon="-3.587009"><ele>772.2</ele></trkpt>
    <trkpt lat="37.174176" lon="-3.586967"><ele>772.5</ele></trkpt>
    <trkpt lat="37.174247" lon="-3.586877"><ele>773.3</ele></trkpt>
    <trkpt lat="37.174256" lon="-3.586779"><ele>773.8</ele></trkpt>
    <trkpt lat="37.174242" lon="-3.586725"><ele>774.2</ele></trkpt>
    <trkpt lat="37.174255" lon="-3.586495"><ele>775.6</ele></trkpt>
    <trkpt lat="37.174316" lon="-3.585497"><ele>782.9</ele></trkpt>
    <trkpt lat="37.174336" lon="-3.585466"><ele>783.2</ele></trkpt>
    <trkpt lat="37.174343" lon="-3.585335"><ele>784.2</ele></trkpt>
    <trkpt lat="37.174324" lon="-3.585212"><ele>785.1</ele></trkpt>
    <trkpt lat="37.174155" lon="-3.585008"><ele>787.3</ele></trkpt>
    <trkpt lat="37.174137" lon="-3.584948"><ele>787.7</ele></trkpt>
    <trkpt lat="37.174095" lon="-3.584885"><ele>788.4</ele></trkpt>
    <trkpt lat="37.17406" lon="-3.584817"><ele>789</ele></trkpt>
    <trkpt lat="37.1739" lon="-3.584424"><ele>792.8</ele></trkpt>
    <trkpt lat="37.173789" lon="-3.584185"><ele>795.1</ele></trkpt>
    <trkpt lat="37.173689" lon="-3.58412"><ele>796.1</ele></trkpt>
    <trkpt lat="37.173334" lon="-3.583972"><ele>799.4</ele></trkpt>
    <trkpt lat="37.173269" lon="-3.583921"><ele>800</ele></trkpt>
    <trkpt lat="37.173187" lon="-3.583797"><ele>801</ele></trkpt>
    <trkpt lat="37.173007" lon="-3.583267"><ele>804.4</ele></trkpt>
    <trkpt lat="37.172868" lon="-3.582999"><ele>806.3</ele></trkpt>
    <trkpt lat="37.172709" lon="-3.582691"><ele>808.2</ele></trkpt>
    <trkpt lat="37.171764" lon="-3.580912"><ele>817.2</ele></trkpt>
    <trkpt lat="37.171698" lon="-3.580776"><ele>817.7</ele></trkpt>
    <trkpt lat="37.171524" lon="-3.580574"><ele>818.7</ele></trkpt>
    <trkpt lat="37.171437" lon="-3.580553"><ele>819</ele></trkpt>
    <trkpt lat="37.171352" lon="-3.580564"><ele>819.2</ele></trkpt>
    <trkpt lat="37.171203" lon="-3.580702"><ele>819.7</ele></trkpt>
    <trkpt lat="37.170623" lon="-3.581432"><ele>819.7</ele></trkpt>
    <trkpt lat="37.170521" lon="-3.581531"><ele>819.2</ele></trkpt>
    <trkpt lat="37.170318" lon="-3.581663"><ele>817.8</ele></trkpt>
    <trkpt lat="37.169846" lon="-3.581796"><ele>813.5</ele></trkpt>
    <trkpt lat="37.169796" lon="-3.581818"><ele>812.9</ele></trkpt>
    <trkpt lat="37.169692" lon="-3.581877"><ele>811.8</ele></trkpt>
    <trkpt lat="37.169579" lon="-3.581983"><ele>810.3</ele></trkpt>
    <trkpt lat="37.16945" lon="-3.582182"><ele>808.2</ele></trkpt>
    <trkpt lat="37.169385" lon="-3.582402"><ele>806.2</ele></trkpt>
    <trkpt lat="37.169385" lon="-3.582726"><ele>803.6</ele></trkpt>
    <trkpt lat="37.169436" lon="-3.582915"><ele>802.1</ele></trkpt>
    <trkpt lat="37.169477" lon="-3.583006"><ele>801.3</ele></trkpt>
    <trkpt lat="37.169495" lon="-3.583045"><ele>801</ele></trkpt>
    <trkpt lat="37.169526" lon="-3.583101"><ele>800.4</ele></trkpt>
    <trkpt lat="37.169593" lon="-3.583215"><ele>799.3</ele></trkpt>
    <trkpt lat="37.170033" lon="-3.584003"><ele>791.2</ele></trkpt>
    <trkpt lat="37.170093" lon="-3.584145"><ele>789.9</ele></trkpt>
    <trkpt lat="37.170119" lon="-3.584274"><ele>788.8</ele></trkpt>
    <trkpt lat="37.170086" lon="-3.584519"><ele>786.7</ele></trkpt>
    <trkpt lat="37.169994" lon="-3.58467"><ele>785.1</ele></trkpt>
    <trkpt lat="37.169944" lon="-3.584711"><ele>784.5</ele></trkpt>
    <trkpt lat="37.169872" lon="-3.584753"><ele>783.6</ele></trkpt>
    <trkpt lat="37.169724" lon="-3.584769"><ele>782.1</ele></trkpt>
    <trkpt lat="37.169589" lon="-3.584729"><ele>780.6</ele></trkpt>
    <trkpt lat="37.169286" lon="-3.584504"><ele>776.9</ele></trkpt>
    <trkpt lat="37.16918" lon="-3.584393"><ele>775.5</ele></trkpt>
    <trkpt lat="37.169086" lon="-3.584294"><ele>774.4</ele></trkpt>
    <trkpt lat="37.169035" lon="-3.584205"><ele>773.6</ele></trkpt>
    <trkpt lat="37.168991" lon="-3.584126"><ele>773</ele></trkpt>
    <trkpt lat="37.168919" lon="-3.583952"><ele>771.8</ele></trkpt>
    <trkpt lat="37.16876" lon="-3.583399"><ele>769.8</ele></trkpt>
    <trkpt lat="37.168735" lon="-3.583311"><ele>769.5</ele></trkpt>
    <trkpt lat="37.168657" lon="-3.583041"><ele>768.6</ele></trkpt>
    <trkpt lat="37.168526" lon="-3.582723"><ele>767.5</ele></trkpt>
    <trkpt lat="37.1683" lon="-3.582316"><ele>765.7</ele></trkpt>
    <trkpt lat="37.167135" lon="-3.580544"><ele>755.4</ele></trkpt>
    <trkpt lat="37.166885" lon="-3.5801"><ele>751.9</ele></trkpt>
    <trkpt lat="37.16662" lon="-3.579514"><ele>747.9</ele></trkpt>
    <trkpt lat="37.166606" lon="-3.579482"><ele>747.7</ele></trkpt>
    <trkpt lat="37.166379" lon="-3.578848"><ele>744</ele></trkpt>
    <trkpt lat="37.166121" lon="-3.578013"><ele>739.8</ele></trkpt>
    <trkpt lat="37.166078" lon="-3.577869"><ele>739.1</ele></trkpt>
    <trkpt lat="37.165709" lon="-3.57665"><ele>733.1</ele></trkpt>
    <trkpt lat="37.165465" lon="-3.575849"><ele>728.8</ele></trkpt>
    <trkpt lat="37.164875" lon="-3.5739"><ele>717.9</ele></trkpt>
    <trkpt lat="37.164689" lon="-3.573383"><ele>714.9</ele></trkpt>
    <trkpt lat="37.16449" lon="-3.572996"><ele>712.4</ele></trkpt>
    <trkpt lat="37.164024" lon="-3.572266"><ele>707.3</ele></trkpt>
    <trkpt lat="37.163953" lon="-3.572158"><ele>706.6</ele></trkpt>
    <trkpt lat="37.163643" lon="-3.571695"><ele>703.4</ele></trkpt>
    <trkpt lat="37.163461" lon="-3.571413"><ele>701.4</ele></trkpt>
    <trkpt lat="37.163331" lon="-3.571343"><ele>700.4</ele></trkpt>
    <trkpt lat="37.163307" lon="-3.571349"><ele>700.2</ele></trkpt>
    <trkpt lat="37.163255" lon="-3.57144"><ele>699.6</ele></trkpt>
    <trkpt lat="37.163216" lon="-3.571641"><ele>698.4</ele></trkpt>
    <trkpt lat="37.163516" lon="-3.572941"><ele>692.7</ele></trkpt>
    <trkpt lat="37.163633" lon="-3.573806"><ele>690</ele></trkpt>
    <trkpt lat="37.163635" lon="-3.574117"><ele>689.3</ele></trkpt>
    <trkpt lat="37.163655" lon="-3.574241"><ele>689</ele></trkpt>
    <trkpt lat="37.163694" lon="-3.574492"><ele>688.5</ele></trkpt>
    <trkpt lat="37.163705" lon="-3.57456"><ele>688.4</ele></trkpt>
    <trkpt lat="37.16382" lon="-3.575284"><ele>686.9</ele></trkpt>
    <trkpt lat="37.163863" lon="-3.575536"><ele>686.5</ele></trkpt>
    <trkpt lat="37.164012" lon="-3.576298"><ele>685.2</ele></trkpt>
    <trkpt lat="37.164068" lon="-3.576546"><ele>684.9</ele></trkpt>
    <trkpt lat="37.164076" lon="-3.576581"><ele>684.9</ele></trkpt>
    <trkpt lat="37.164096" lon="-3.576668"><ele>684.8</ele></trkpt>
    <trkpt lat="37.164433" lon="-3.578084"><ele>684.8</ele></trkpt>
    <trkpt lat="37.164464" lon="-3.578198"><ele>685</ele></trkpt>
    <trkpt lat="37.164491" lon="-3.578294"><ele>685</ele></trkpt>
    <trkpt lat="37.164637" lon="-3.578817"><ele>685.2</ele></trkpt>
    <trkpt lat="37.164714" lon="-3.579096"><ele>685.2</ele></trkpt>
    <trkpt lat="37.164794" lon="-3.579377"><ele>685.2</ele></trkpt>
    <trkpt lat="37.164988" lon="-3.580059"><ele>685.8</ele></trkpt>
    <trkpt lat="37.165009" lon="-3.580132"><ele>685.9</ele></trkpt>
    <trkpt lat="37.165089" lon="-3.580407"><ele>686</ele></trkpt>
    <trkpt lat="37.165325" lon="-3.581228"><ele>685.8</ele></trkpt>
    <trkpt lat="37.165393" lon="-3.581462"><ele>685.7</ele></trkpt>
    <trkpt lat="37.165523" lon="-3.581908"><ele>685.5</ele></trkpt>
    <trkpt lat="37.165563" lon="-3.582048"><ele>685.5</ele></trkpt>
    <trkpt lat="37.165637" lon="-3.582306"><ele>685.2</ele></trkpt>
    <trkpt lat="37.165697" lon="-3.582513"><ele>684.9</ele></trkpt>
    <trkpt lat="37.165841" lon="-3.583016"><ele>683.8</ele></trkpt>
    <trkpt lat="37.165908" lon="-3.583246"><ele>683.4</ele></trkpt>
    <trkpt lat="37.165948" lon="-3.583387"><ele>683.2</ele></trkpt>
    <trkpt lat="37.166101" lon="-3.583919"><ele>682.5</ele></trkpt>
    <trkpt lat="37.166133" lon="-3.584029"><ele>682.4</ele></trkpt>
    <trkpt lat="37.166166" lon="-3.584142"><ele>682.4</ele></trkpt>
    <trkpt lat="37.166235" lon="-3.584381"><ele>682.3</ele></trkpt>
    <trkpt lat="37.166274" lon="-3.584517"><ele>682.2</ele></trkpt>
    <trkpt lat="37.166349" lon="-3.584781"><ele>682</ele></trkpt>
    <trkpt lat="37.16649" lon="-3.585271"><ele>681.9</ele></trkpt>
    <trkpt lat="37.166502" lon="-3.585313"><ele>681.9</ele></trkpt>
    <trkpt lat="37.166706" lon="-3.586019"><ele>681.9</ele></trkpt>
    <trkpt lat="37.16688" lon="-3.586623"><ele>681.7</ele></trkpt>
    <trkpt lat="37.166919" lon="-3.586759"><ele>681.6</ele></trkpt>
    <trkpt lat="37.16703" lon="-3.587146"><ele>681.2</ele></trkpt>
    <trkpt lat="37.167146" lon="-3.587448"><ele>680.8</ele></trkpt>
    <trkpt lat="37.167234" lon="-3.587604"><ele>680.5</ele></trkpt>
    <trkpt lat="37.167547" lon="-3.587862"><ele>679.7</ele></trkpt>
    <trkpt lat="37.167677" lon="-3.588116"><ele>679</ele></trkpt>
    <trkpt lat="37.167721" lon="-3.588211"><ele>678.8</ele></trkpt>
    <trkpt lat="37.167899" lon="-3.588604"><ele>677.7</ele></trkpt>
    <trkpt lat="37.167946" lon="-3.588714"><ele>677.4</ele></trkpt>
    <trkpt lat="37.167947" lon="-3.588785"><ele>677.3</ele></trkpt>
    <trkpt lat="37.167975" lon="-3.588813"><ele>677.2</ele></trkpt>
    <trkpt lat="37.167995" lon="-3.588932"><ele>677.1</ele></trkpt>
    <trkpt lat="37.167974" lon="-3.58898"><ele>677.1</ele></trkpt>
    <trkpt lat="37.167902" lon="-3.589039"><ele>677</ele></trkpt>
    <trkpt lat="37.167828" lon="-3.589042"><ele>676.9</ele></trkpt>
    <trkpt lat="37.167762" lon="-3.588976"><ele>676.8</ele></trkpt>
    <trkpt lat="37.167545" lon="-3.589147"><ele>676.6</ele></trkpt>
    <trkpt lat="37.167388" lon="-3.589306"><ele>676.4</ele></trkpt>
    <trkpt lat="37.167309" lon="-3.589385"><ele>676.2</ele></trkpt>
    <trkpt lat="37.167177" lon="-3.589517"><ele>676</ele></trkpt>
    <trkpt lat="37.167111" lon="-3.589583"><ele>676</ele></trkpt>
    <trkpt lat="37.167187" lon="-3.589698"><ele>675.8</ele></trkpt>
    <trkpt lat="37.167422" lon="-3.590055"><ele>675.5</ele></trkpt>
    <trkpt lat="37.167422" lon="-3.590055"><ele>675.4</ele></trkpt>
    <trkpt lat="37.167944" lon="-3.590844"><ele>674.3</ele></trkpt>
    <trkpt lat="37.168465" lon="-3.591632"><ele>672.8</ele></trkpt>
    <trkpt lat="37.168473" lon="-3.591644"><ele>672.8</ele></trkpt>
    <trkpt lat="37.168483" lon="-3.591663"><ele>672.7</ele></trkpt>
    <trkpt lat="37.168589" lon="-3.591873"><ele>672.4</ele></trkpt>
    <trkpt lat="37.168619" lon="-3.591943"><ele>672.3</ele></trkpt>
    <trkpt lat="37.168628" lon="-3.591965"><ele>672.3</ele></trkpt>
    <trkpt lat="37.168638" lon="-3.591988"><ele>672.3</ele></trkpt>
    <trkpt lat="37.16869" lon="-3.592111"><ele>672.1</ele></trkpt>
    <trkpt lat="37.168783" lon="-3.592417"><ele>671.8</ele></trkpt>
    <trkpt lat="37.168811" lon="-3.592535"><ele>671.7</ele></trkpt>
    <trkpt lat="37.168835" lon="-3.592634"><ele>671.6</ele></trkpt>
    <trkpt lat="37.168846" lon="-3.592682"><ele>671.5</ele></trkpt>
    <trkpt lat="37.168859" lon="-3.592733"><ele>671.5</ele></trkpt>
    <trkpt lat="37.168909" lon="-3.592944"><ele>671.4</ele></trkpt>
    <trkpt lat="37.16891" lon="-3.592948"><ele>671.4</ele></trkpt>
    <trkpt lat="37.168928" lon="-3.59308"><ele>671.3</ele></trkpt>
    <trkpt lat="37.168945" lon="-3.593204"><ele>671.3</ele></trkpt>
    <trkpt lat="37.168958" lon="-3.593302"><ele>671.3</ele></trkpt>
    <trkpt lat="37.168958" lon="-3.593319"><ele>671.2</ele></trkpt>
    <trkpt lat="37.168958" lon="-3.593404"><ele>671.2</ele></trkpt>
    <trkpt lat="37.168958" lon="-3.593666"><ele>671.1</ele></trkpt>
    <trkpt lat="37.168943" lon="-3.593763"><ele>671.1</ele></trkpt>
    <trkpt lat="37.168929" lon="-3.593856"><ele>671</ele></trkpt>
    <trkpt lat="37.168904" lon="-3.594022"><ele>671</ele></trkpt>
    <trkpt lat="37.168901" lon="-3.594034"><ele>671</ele></trkpt>
    <trkpt lat="37.168855" lon="-3.59419"><ele>670.9</ele></trkpt>
    <trkpt lat="37.168796" lon="-3.594357"><ele>670.8</ele></trkpt>
    <trkpt lat="37.168662" lon="-3.594634"><ele>670.7</ele></trkpt>
    <trkpt lat="37.168642" lon="-3.594674"><ele>670.6</ele></trkpt>
    <trkpt lat="37.168629" lon="-3.594703"><ele>670.6</ele></trkpt>
    <trkpt lat="37.168482" lon="-3.595005"><ele>670.5</ele></trkpt>
    <trkpt lat="37.168293" lon="-3.595395"><ele>670.5</ele></trkpt>
    <trkpt lat="37.16829" lon="-3.5954"><ele>670.5</ele></trkpt>
    <trkpt lat="37.168232" lon="-3.595513"><ele>670.5</ele></trkpt>
    <trkpt lat="37.168195" lon="-3.595586"><ele>670.5</ele></trkpt>
    <trkpt lat="37.168168" lon="-3.595639"><ele>670.6</ele></trkpt>
    <trkpt lat="37.168096" lon="-3.595759"><ele>670.6</ele></trkpt>
    <trkpt lat="37.16807" lon="-3.595803"><ele>670.7</ele></trkpt>
    <trkpt lat="37.16802" lon="-3.595863"><ele>670.7</ele></trkpt>
    <trkpt lat="37.16798" lon="-3.595912"><ele>670.7</ele></trkpt>
    <trkpt lat="37.167925" lon="-3.595987"><ele>670.8</ele></trkpt>
    <trkpt lat="37.167828" lon="-3.596117"><ele>670.8</ele></trkpt>
    <trkpt lat="37.167826" lon="-3.596121"><ele>670.8</ele></trkpt>
    <trkpt lat="37.167762" lon="-3.596294"><ele>670.9</ele></trkpt>
    <trkpt lat="37.167645" lon="-3.596299"><ele>670.9</ele></trkpt>
    <trkpt lat="37.167602" lon="-3.596402"><ele>670.9</ele></trkpt>
    <trkpt lat="37.167523" lon="-3.596443"><ele>670.9</ele></trkpt>
    <trkpt lat="37.167454" lon="-3.596495"><ele>671</ele></trkpt>
    <trkpt lat="37.167337" lon="-3.596648"><ele>671</ele></trkpt>
    <trkpt lat="37.166835" lon="-3.597748"><ele>670.7</ele></trkpt>
    <trkpt lat="37.166762" lon="-3.597975"><ele>670.6</ele></trkpt>
    <trkpt lat="37.166741" lon="-3.59804"><ele>670.5</ele></trkpt>
    <trkpt lat="37.166742" lon="-3.598049"><ele>670.5</ele></trkpt>
    <trkpt lat="37.166747" lon="-3.598154"><ele>670.5</ele></trkpt>
    <trkpt lat="37.166768" lon="-3.598333"><ele>670.3</ele></trkpt>
    <trkpt lat="37.16675" lon="-3.598416"><ele>670.2</ele></trkpt>
    <trkpt lat="37.166743" lon="-3.598429"><ele>670.2</ele></trkpt>
    <trkpt lat="37.166669" lon="-3.598554"><ele>670.1</ele></trkpt>
    <trkpt lat="37.166562" lon="-3.598615"><ele>670</ele></trkpt>
    <trkpt lat="37.166545" lon="-3.598624"><ele>669.9</ele></trkpt>
    <trkpt lat="37.166408" lon="-3.598609"><ele>669.8</ele></trkpt>
    <trkpt lat="37.16629" lon="-3.598634"><ele>669.7</ele></trkpt>
    <trkpt lat="37.16625" lon="-3.598642"><ele>669.6</ele></trkpt>
    <trkpt lat="37.16611" lon="-3.598702"><ele>669.5</ele></trkpt>
    <trkpt lat="37.166104" lon="-3.598707"><ele>669.5</ele></trkpt>
    <trkpt lat="37.166022" lon="-3.598772"><ele>669.4</ele></trkpt>
    <trkpt lat="37.165999" lon="-3.598791"><ele>669.3</ele></trkpt>
    <trkpt lat="37.16588" lon="-3.598887"><ele>669.2</ele></trkpt>
    <trkpt lat="37.165828" lon="-3.598931"><ele>669.1</ele></trkpt>
    <trkpt lat="37.165279" lon="-3.599394"><ele>668.6</ele></trkpt>
    <trkpt lat="37.165026" lon="-3.599607"><ele>668.1</ele></trkpt>
    <trkpt lat="37.164888" lon="-3.599723"><ele>668</ele></trkpt>
    <trkpt lat="37.164865" lon="-3.599743"><ele>667.9</ele></trkpt>
    <trkpt lat="37.164665" lon="-3.599914"><ele>667.7</ele></trkpt>
    <trkpt lat="37.164449" lon="-3.600093"><ele>667.4</ele></trkpt>
    <trkpt lat="37.164233" lon="-3.600274"><ele>667.2</ele></trkpt>
    <trkpt lat="37.164097" lon="-3.600383"><ele>667</ele></trkpt>
    <trkpt lat="37.163793" lon="-3.600677"><ele>666.5</ele></trkpt>
    <trkpt lat="37.163475" lon="-3.601002"><ele>665.8</ele></trkpt>
    <trkpt lat="37.163306" lon="-3.601269"><ele>665.4</ele></trkpt>
    <trkpt lat="37.163295" lon="-3.601291"><ele>665.3</ele></trkpt>
    <trkpt lat="37.163398" lon="-3.601656"><ele>664.9</ele></trkpt>
    <trkpt lat="37.16346" lon="-3.601696"><ele>664.8</ele></trkpt>
    <trkpt lat="37.164722" lon="-3.602468"><ele>664.3</ele></trkpt>
    <trkpt lat="37.164786" lon="-3.602508"><ele>664.3</ele></trkpt>
    <trkpt lat="37.165312" lon="-3.60283"><ele>664.4</ele></trkpt>
    <trkpt lat="37.165438" lon="-3.602907"><ele>664.5</ele></trkpt>
    <trkpt lat="37.165574" lon="-3.602989"><ele>664.6</ele></trkpt>
    <trkpt lat="37.165634" lon="-3.603028"><ele>664.8</ele></trkpt>
    <trkpt lat="37.165786" lon="-3.603123"><ele>665</ele></trkpt>
    <trkpt lat="37.165846" lon="-3.603154"><ele>665.1</ele></trkpt>
    <trkpt lat="37.166002" lon="-3.60325"><ele>665.4</ele></trkpt>
    <trkpt lat="37.166573" lon="-3.6036"><ele>666.7</ele></trkpt>
    <trkpt lat="37.166673" lon="-3.60366"><ele>666.9</ele></trkpt>
    <trkpt lat="37.167501" lon="-3.604168"><ele>669</ele></trkpt>
    <trkpt lat="37.167565" lon="-3.604207"><ele>669</ele></trkpt>
    <trkpt lat="37.167767" lon="-3.604332"><ele>669.1</ele></trkpt>
    <trkpt lat="37.168034" lon="-3.604496"><ele>669.2</ele></trkpt>
    <trkpt lat="37.16834" lon="-3.604685"><ele>669.3</ele></trkpt>
    <trkpt lat="37.168818" lon="-3.604975"><ele>669.5</ele></trkpt>
    <trkpt lat="37.169019" lon="-3.605097"><ele>669.6</ele></trkpt>
    <trkpt lat="37.169504" lon="-3.605395"><ele>669.7</ele></trkpt>
    <trkpt lat="37.169622" lon="-3.605467"><ele>669.9</ele></trkpt>
    <trkpt lat="37.169726" lon="-3.605531"><ele>670.1</ele></trkpt>
    <trkpt lat="37.16991" lon="-3.605644"><ele>670.6</ele></trkpt>
    <trkpt lat="37.170157" lon="-3.605791"><ele>671.2</ele></trkpt>
    <trkpt lat="37.170226" lon="-3.605831"><ele>671.4</ele></trkpt>
    <trkpt lat="37.170325" lon="-3.605892"><ele>671.6</ele></trkpt>
    <trkpt lat="37.170405" lon="-3.605941"><ele>671.8</ele></trkpt>
    <trkpt lat="37.171124" lon="-3.606382"><ele>673.1</ele></trkpt>
    <trkpt lat="37.171262" lon="-3.606466"><ele>673.5</ele></trkpt>
    <trkpt lat="37.171707" lon="-3.60674"><ele>674.2</ele></trkpt>
    <trkpt lat="37.172246" lon="-3.60707"><ele>674</ele></trkpt>
    <trkpt lat="37.172355" lon="-3.607137"><ele>673.8</ele></trkpt>
    <trkpt lat="37.173196" lon="-3.607645"><ele>672.6</ele></trkpt>
    <trkpt lat="37.173472" lon="-3.607812"><ele>672</ele></trkpt>
    <trkpt lat="37.173702" lon="-3.607947"><ele>671.5</ele></trkpt>
    <trkpt lat="37.174177" lon="-3.608236"><ele>670.2</ele></trkpt>
    <trkpt lat="37.174304" lon="-3.608311"><ele>670</ele></trkpt>
    <trkpt lat="37.175002" lon="-3.608731"><ele>669.5</ele></trkpt>
    <trkpt lat="37.175104" lon="-3.608793"><ele>669.4</ele></trkpt>
    <trkpt lat="37.175514" lon="-3.609044"><ele>669</ele></trkpt>
    <trkpt lat="37.175993" lon="-3.609338"><ele>668.4</ele></trkpt>
    <trkpt lat="37.17617" lon="-3.609446"><ele>668.1</ele></trkpt>
    <trkpt lat="37.176282" lon="-3.609514"><ele>668</ele></trkpt>
    <trkpt lat="37.176695" lon="-3.609767"><ele>667.4</ele></trkpt>
    <trkpt lat="37.177118" lon="-3.610027"><ele>665.5</ele></trkpt>
    <trkpt lat="37.177633" lon="-3.610339"><ele>663.7</ele></trkpt>
    <trkpt lat="37.17766" lon="-3.610355"><ele>663.6</ele></trkpt>
    <trkpt lat="37.177842" lon="-3.610315"><ele>663.5</ele></trkpt>
    <trkpt lat="37.177981" lon="-3.61025"><ele>663.5</ele></trkpt>
    <trkpt lat="37.17802" lon="-3.610148"><ele>663.6</ele></trkpt>
    <trkpt lat="37.178121" lon="-3.609885"><ele>663.8</ele></trkpt>
    <trkpt lat="37.178161" lon="-3.60978"><ele>663.9</ele></trkpt>
    <trkpt lat="37.178315" lon="-3.60943"><ele>664.2</ele></trkpt>
    <trkpt lat="37.178401" lon="-3.609316"><ele>664.4</ele></trkpt>
    <trkpt lat="37.178466" lon="-3.609235"><ele>664.6</ele></trkpt>
    <trkpt lat="37.178698" lon="-3.608949"><ele>665.9</ele></trkpt>
    <trkpt lat="37.178806" lon="-3.608813"><ele>666.4</ele></trkpt>
    <trkpt lat="37.178908" lon="-3.608685"><ele>667</ele></trkpt>
    <trkpt lat="37.178939" lon="-3.608646"><ele>667.1</ele></trkpt>
    <trkpt lat="37.178949" lon="-3.608635"><ele>667.1</ele></trkpt>
    <trkpt lat="37.179058" lon="-3.608498"><ele>667.6</ele></trkpt>
    <trkpt lat="37.179456" lon="-3.608003"><ele>668.4</ele></trkpt>
    <trkpt lat="37.179841" lon="-3.607526"><ele>668.6</ele></trkpt>
    <trkpt lat="37.179967" lon="-3.607372"><ele>668.6</ele></trkpt>
    <trkpt lat="37.180079" lon="-3.607243"><ele>668.5</ele></trkpt>
    <trkpt lat="37.180563" lon="-3.606662"><ele>668.2</ele></trkpt>
    <trkpt lat="37.180868" lon="-3.606374"><ele>668.7</ele></trkpt>
    <trkpt lat="37.18124" lon="-3.60618"><ele>669.4</ele></trkpt>
    <trkpt lat="37.181508" lon="-3.606037"><ele>670.3</ele></trkpt>
    <trkpt lat="37.181779" lon="-3.605891"><ele>671.2</ele></trkpt>
    <trkpt lat="37.182628" lon="-3.605442"><ele>675.1</ele></trkpt>
    <trkpt lat="37.182816" lon="-3.605342"><ele>676</ele></trkpt>
    <trkpt lat="37.183008" lon="-3.605154"><ele>677</ele></trkpt>
    <trkpt lat="37.183609" lon="-3.604839"><ele>679.8</ele></trkpt>
    <trkpt lat="37.183923" lon="-3.604682"><ele>681</ele></trkpt>
    <trkpt lat="37.183956" lon="-3.604666"><ele>681.1</ele></trkpt>
    <trkpt lat="37.184089" lon="-3.60455"><ele>681.5</ele></trkpt>
    <trkpt lat="37.184047" lon="-3.604466"><ele>681.8</ele></trkpt>
    <trkpt lat="37.183601" lon="-3.60362"><ele>682.9</ele></trkpt>
    <trkpt lat="37.183529" lon="-3.60342"><ele>683.1</ele></trkpt>
    <trkpt lat="37.183298" lon="-3.602949"><ele>683.4</ele></trkpt>
    <trkpt lat="37.183113" lon="-3.602627"><ele>683.7</ele></trkpt>
    <trkpt lat="37.18309" lon="-3.602597"><ele>683.7</ele></trkpt>
    <trkpt lat="37.18298" lon="-3.602448"><ele>683.9</ele></trkpt>
    <trkpt lat="37.182946" lon="-3.602337"><ele>684</ele></trkpt>
    <trkpt lat="37.182901" lon="-3.602292"><ele>684.1</ele></trkpt>
    <trkpt lat="37.182873" lon="-3.60222"><ele>684.3</ele></trkpt>
    <trkpt lat="37.18289" lon="-3.602097"><ele>684.5</ele></trkpt>
    <trkpt lat="37.182848" lon="-3.60189"><ele>684.9</ele></trkpt>
    <trkpt lat="37.182602" lon="-3.601434"><ele>685.9</ele></trkpt>
    <trkpt lat="37.182478" lon="-3.601205"><ele>686.4</ele></trkpt>
    <trkpt lat="37.182205" lon="-3.601059"><ele>687.2</ele></trkpt>
    <trkpt lat="37.182113" lon="-3.601009"><ele>687.5</ele></trkpt>
    <trkpt lat="37.181707" lon="-3.600787"><ele>688.9</ele></trkpt>
    <trkpt lat="37.181518" lon="-3.600683"><ele>689.7</ele></trkpt>
    <trkpt lat="37.181025" lon="-3.60041"><ele>691.6</ele></trkpt>
    <trkpt lat="37.180722" lon="-3.600245"><ele>692.7</ele></trkpt>
    <trkpt lat="37.180592" lon="-3.600174"><ele>693.2</ele></trkpt>
    <trkpt lat="37.179923" lon="-3.599809"><ele>695.2</ele></trkpt>
    <trkpt lat="37.179798" lon="-3.599741"><ele>695.5</ele></trkpt>
    <trkpt lat="37.179555" lon="-3.599608"><ele>696.1</ele></trkpt>
    <trkpt lat="37.179006" lon="-3.599308"><ele>696.9</ele></trkpt>
    <trkpt lat="37.178872" lon="-3.599233"><ele>697</ele></trkpt>
    <trkpt lat="37.178658" lon="-3.599115"><ele>697.1</ele></trkpt>
    <trkpt lat="37.178344" lon="-3.598942"><ele>697.7</ele></trkpt>
    <trkpt lat="37.178243" lon="-3.598886"><ele>697.8</ele></trkpt>
    <trkpt lat="37.178082" lon="-3.598797"><ele>698</ele></trkpt>
    <trkpt lat="37.177982" lon="-3.598742"><ele>698.1</ele></trkpt>
    <trkpt lat="37.177943" lon="-3.59872"><ele>698.2</ele></trkpt>
    <trkpt lat="37.177766" lon="-3.598624"><ele>698.2</ele></trkpt>
    <trkpt lat="37.17744" lon="-3.598445"><ele>697.8</ele></trkpt>
    <trkpt lat="37.17729" lon="-3.598362"><ele>697.5</ele></trkpt>
    <trkpt lat="37.177032" lon="-3.598221"><ele>696.8</ele></trkpt>
    <trkpt lat="37.176603" lon="-3.597987"><ele>696.3</ele></trkpt>
    <trkpt lat="37.176484" lon="-3.597922"><ele>696.1</ele></trkpt>
    <trkpt lat="37.176077" lon="-3.597697"><ele>695</ele></trkpt>
    <trkpt lat="37.175806" lon="-3.597535"><ele>694.2</ele></trkpt>
    <trkpt lat="37.17549" lon="-3.598082"><ele>692.8</ele></trkpt>
    <trkpt lat="37.17517" lon="-3.598439"><ele>692</ele></trkpt>
    <trkpt lat="37.174359" lon="-3.598993"><ele>689.4</ele></trkpt>
    <trkpt lat="37.174313" lon="-3.599024"><ele>689.2</ele></trkpt>
    <trkpt lat="37.174065" lon="-3.599188"><ele>688.6</ele></trkpt>
    <trkpt lat="37.173659" lon="-3.599473"><ele>686.8</ele></trkpt>
    <trkpt lat="37.173649" lon="-3.599482"><ele>686.7</ele></trkpt>
    <trkpt lat="37.173572" lon="-3.599553"><ele>686.3</ele></trkpt>
    <trkpt lat="37.173445" lon="-3.599672"><ele>685.4</ele></trkpt>
    <trkpt lat="37.173397" lon="-3.599707"><ele>685.1</ele></trkpt>
    <trkpt lat="37.173344" lon="-3.599708"><ele>684.8</ele></trkpt>
    <trkpt lat="37.173246" lon="-3.599673"><ele>684.2</ele></trkpt>
    <trkpt lat="37.173215" lon="-3.599662"><ele>684.1</ele></trkpt>
    <trkpt lat="37.172738" lon="-3.599456"><ele>681.2</ele></trkpt>
    <trkpt lat="37.172567" lon="-3.599355"><ele>680.6</ele></trkpt>
    <trkpt lat="37.17217" lon="-3.599139"><ele>679.6</ele></trkpt>
    <trkpt lat="37.172075" lon="-3.599086"><ele>679.4</ele></trkpt>
    <trkpt lat="37.171872" lon="-3.598984"><ele>679.2</ele></trkpt>
    <trkpt lat="37.171481" lon="-3.598765"><ele>679.7</ele></trkpt>
    <trkpt lat="37.171395" lon="-3.598713"><ele>680</ele></trkpt>
    <trkpt lat="37.170787" lon="-3.598331"><ele>681.6</ele></trkpt>
    <trkpt lat="37.170404" lon="-3.598074"><ele>681.3</ele></trkpt>
    <trkpt lat="37.170221" lon="-3.597951"><ele>680.8</ele></trkpt>
    <trkpt lat="37.169707" lon="-3.597509"><ele>678.2</ele></trkpt>
    <trkpt lat="37.169611" lon="-3.597426"><ele>677.7</ele></trkpt>
    <trkpt lat="37.169398" lon="-3.597243"><ele>676.2</ele></trkpt>
    <trkpt lat="37.169155" lon="-3.597027"><ele>674.6</ele></trkpt>
    <trkpt lat="37.169008" lon="-3.596891"><ele>673.7</ele></trkpt>
    <trkpt lat="37.169078" lon="-3.596872"><ele>673.4</ele></trkpt>
    <trkpt lat="37.169078" lon="-3.596872"><ele>673.4</ele></trkpt>
    <trkpt lat="37.169543" lon="-3.595952"><ele>670.6</ele></trkpt>
    <trkpt lat="37.169555" lon="-3.595879"><ele>670.6</ele></trkpt>
    <trkpt lat="37.169558" lon="-3.595862"><ele>670.6</ele></trkpt>
    <trkpt lat="37.169564" lon="-3.595826"><ele>670.5</ele></trkpt>
    <trkpt lat="37.169576" lon="-3.595756"><ele>670.4</ele></trkpt>
    <trkpt lat="37.169583" lon="-3.595691"><ele>670.3</ele></trkpt>
    <trkpt lat="37.169588" lon="-3.595641"><ele>670.3</ele></trkpt>
    <trkpt lat="37.169589" lon="-3.595637"><ele>670.3</ele></trkpt>
    <trkpt lat="37.169596" lon="-3.595565"><ele>670.2</ele></trkpt>
    <trkpt lat="37.169603" lon="-3.595497"><ele>670.1</ele></trkpt>
    <trkpt lat="37.169611" lon="-3.595427"><ele>670</ele></trkpt>
    <trkpt lat="37.169618" lon="-3.595363"><ele>669.9</ele></trkpt>
    <trkpt lat="37.169626" lon="-3.595288"><ele>669.9</ele></trkpt>
    <trkpt lat="37.169629" lon="-3.595256"><ele>669.9</ele></trkpt>
    <trkpt lat="37.169635" lon="-3.595201"><ele>669.8</ele></trkpt>
    <trkpt lat="37.16964" lon="-3.595156"><ele>669.8</ele></trkpt>
    <trkpt lat="37.169645" lon="-3.595109"><ele>669.7</ele></trkpt>
    <trkpt lat="37.169648" lon="-3.595081"><ele>669.7</ele></trkpt>
    <trkpt lat="37.169654" lon="-3.595031"><ele>669.7</ele></trkpt>
    <trkpt lat="37.16966" lon="-3.594975"><ele>669.7</ele></trkpt>
    <trkpt lat="37.169666" lon="-3.594921"><ele>669.7</ele></trkpt>
    <trkpt lat="37.169677" lon="-3.594816"><ele>669.6</ele></trkpt>
    <trkpt lat="37.169702" lon="-3.594598"><ele>669.6</ele></trkpt>
    <trkpt lat="37.169706" lon="-3.594556"><ele>669.7</ele></trkpt>
    <trkpt lat="37.169716" lon="-3.594467"><ele>669.7</ele></trkpt>
    <trkpt lat="37.169744" lon="-3.594208"><ele>669.8</ele></trkpt>
    <trkpt lat="37.169766" lon="-3.594004"><ele>669.9</ele></trkpt>
    <trkpt lat="37.169772" lon="-3.593941"><ele>669.9</ele></trkpt>
    <trkpt lat="37.169779" lon="-3.593871"><ele>669.9</ele></trkpt>
    <trkpt lat="37.169788" lon="-3.593791"><ele>669.9</ele></trkpt>
    <trkpt lat="37.169804" lon="-3.593639"><ele>670</ele></trkpt>
    <trkpt lat="37.169828" lon="-3.593425"><ele>670.1</ele></trkpt>
    <trkpt lat="37.169842" lon="-3.593258"><ele>670.3</ele></trkpt>
    <trkpt lat="37.169845" lon="-3.593232"><ele>670.3</ele></trkpt>
    <trkpt lat="37.169847" lon="-3.593204"><ele>670.3</ele></trkpt>
    <trkpt lat="37.169847" lon="-3.593203"><ele>670.3</ele></trkpt>
    <trkpt lat="37.169817" lon="-3.593089"><ele>670.4</ele></trkpt>
    <trkpt lat="37.169749" lon="-3.59283"><ele>670.6</ele></trkpt>
    <trkpt lat="37.169732" lon="-3.592773"><ele>670.6</ele></trkpt>
    <trkpt lat="37.169711" lon="-3.592708"><ele>670.7</ele></trkpt>
    <trkpt lat="37.1697" lon="-3.592674"><ele>670.7</ele></trkpt>
    <trkpt lat="37.169677" lon="-3.592599"><ele>670.8</ele></trkpt>
    <trkpt lat="37.169651" lon="-3.592518"><ele>670.9</ele></trkpt>
    <trkpt lat="37.169635" lon="-3.592465"><ele>671</ele></trkpt>
    <trkpt lat="37.169575" lon="-3.592319"><ele>671.2</ele></trkpt>
    <trkpt lat="37.169546" lon="-3.592248"><ele>671.2</ele></trkpt>
    <trkpt lat="37.16954" lon="-3.592234"><ele>671.3</ele></trkpt>
    <trkpt lat="37.169524" lon="-3.592194"><ele>671.3</ele></trkpt>
    <trkpt lat="37.169457" lon="-3.59203"><ele>671.6</ele></trkpt>
    <trkpt lat="37.169427" lon="-3.592051"><ele>671.6</ele></trkpt>
    <trkpt lat="37.169133" lon="-3.591414"><ele>673.2</ele></trkpt>
    <trkpt lat="37.169163" lon="-3.591393"><ele>673.3</ele></trkpt>
    <trkpt lat="37.169116" lon="-3.591291"><ele>673.6</ele></trkpt>
    <trkpt lat="37.169114" lon="-3.591224"><ele>673.8</ele></trkpt>
    <trkpt lat="37.169159" lon="-3.591193"><ele>674</ele></trkpt>
    <trkpt lat="37.169193" lon="-3.59117"><ele>674.2</ele></trkpt>
    <trkpt lat="37.169277" lon="-3.591109"><ele>674.6</ele></trkpt>
    <trkpt lat="37.169368" lon="-3.591043"><ele>675</ele></trkpt>
    <trkpt lat="37.16937" lon="-3.591042"><ele>675</ele></trkpt>
    <trkpt lat="37.169385" lon="-3.59099"><ele>675.2</ele></trkpt>
    <trkpt lat="37.169389" lon="-3.590973"><ele>675.2</ele></trkpt>
    <trkpt lat="37.169382" lon="-3.590934"><ele>675.4</ele></trkpt>
    <trkpt lat="37.169374" lon="-3.590887"><ele>675.5</ele></trkpt>
    <trkpt lat="37.169352" lon="-3.590771"><ele>676</ele></trkpt>
    <trkpt lat="37.169341" lon="-3.590708"><ele>676.2</ele></trkpt>
    <trkpt lat="37.169327" lon="-3.590633"><ele>676.5</ele></trkpt>
    <trkpt lat="37.16932" lon="-3.590591"><ele>676.7</ele></trkpt>
    <trkpt lat="37.169175" lon="-3.5898"><ele>679.7</ele></trkpt>
    <trkpt lat="37.169075" lon="-3.589249"><ele>681.6</ele></trkpt>
    <trkpt lat="37.16905" lon="-3.589112"><ele>682</ele></trkpt>
    <trkpt lat="37.169038" lon="-3.589044"><ele>682.2</ele></trkpt>
    <trkpt lat="37.168961" lon="-3.588617"><ele>683.6</ele></trkpt>
    <trkpt lat="37.168886" lon="-3.588204"><ele>684.8</ele></trkpt>
    <trkpt lat="37.168836" lon="-3.587924"><ele>685.6</ele></trkpt>
    <trkpt lat="37.168781" lon="-3.587633"><ele>686.5</ele></trkpt>
    <trkpt lat="37.168796" lon="-3.587554"><ele>686.7</ele></trkpt>
    <trkpt lat="37.16888" lon="-3.587478"><ele>687.1</ele></trkpt>
    <trkpt lat="37.16898" lon="-3.587578"><ele>687.5</ele></trkpt>
    <trkpt lat="37.169034" lon="-3.587753"><ele>688</ele></trkpt>
    <trkpt lat="37.16914" lon="-3.587987"><ele>688.8</ele></trkpt>
    <trkpt lat="37.169239" lon="-3.588206"><ele>689.6</ele></trkpt>
    <trkpt lat="37.16926" lon="-3.588253"><ele>689.8</ele></trkpt>
    <trkpt lat="37.169344" lon="-3.588403"><ele>690.7</ele></trkpt>
    <trkpt lat="37.169401" lon="-3.588504"><ele>691.3</ele></trkpt>
    <trkpt lat="37.169534" lon="-3.588739"><ele>693.1</ele></trkpt>
    <trkpt lat="37.16968" lon="-3.589052"><ele>695.6</ele></trkpt>
    <trkpt lat="37.169756" lon="-3.589302"><ele>697.4</ele></trkpt>
    <trkpt lat="37.169807" lon="-3.589239"><ele>698.1</ele></trkpt>
    <trkpt lat="37.170201" lon="-3.588733"><ele>703.6</ele></trkpt>
    <trkpt lat="37.170301" lon="-3.588681"><ele>704.8</ele></trkpt>
    <trkpt lat="37.170378" lon="-3.588674"><ele>705.7</ele></trkpt>
    <trkpt lat="37.170427" lon="-3.588669"><ele>706.2</ele></trkpt>
    <trkpt lat="37.170904" lon="-3.588623"><ele>711.9</ele></trkpt>
    <trkpt lat="37.171304" lon="-3.588583"><ele>716.2</ele></trkpt>
    <trkpt lat="37.171616" lon="-3.588557"><ele>719.1</ele></trkpt>
    <trkpt lat="37.172432" lon="-3.588772"><ele>728.5</ele></trkpt>
    <trkpt lat="37.172629" lon="-3.588804"><ele>730.6</ele></trkpt>
    <trkpt lat="37.172741" lon="-3.588887"><ele>732</ele></trkpt>
    <trkpt lat="37.172776" lon="-3.588898"><ele>732.4</ele></trkpt>
    <trkpt lat="37.172832" lon="-3.588912"><ele>733</ele></trkpt>
    <trkpt lat="37.173501" lon="-3.589413"><ele>740.9</ele></trkpt>
    <trkpt lat="37.173575" lon="-3.589469"><ele>741.9</ele></trkpt>
    <trkpt lat="37.17396" lon="-3.589753"><ele>747</ele></trkpt>
    <trkpt lat="37.174135" lon="-3.589869"><ele>749.1</ele></trkpt>
    <trkpt lat="37.174204" lon="-3.589884"><ele>749.8</ele></trkpt>
    <trkpt lat="37.174272" lon="-3.589863"><ele>750.6</ele></trkpt>
    <trkpt lat="37.174393" lon="-3.58977"><ele>752</ele></trkpt>
    <trkpt lat="37.17445" lon="-3.589634"><ele>753.2</ele></trkpt>
    <trkpt lat="37.174446" lon="-3.589563"><ele>753.8</ele></trkpt>
    <trkpt lat="37.174432" lon="-3.589509"><ele>754.3</ele></trkpt>
    <trkpt lat="37.174412" lon="-3.589444"><ele>754.8</ele></trkpt>
    <trkpt lat="37.174221" lon="-3.588932"><ele>760</ele></trkpt>
    <trkpt lat="37.174087" lon="-3.588354"><ele>764.4</ele></trkpt>
    <trkpt lat="37.174083" lon="-3.588326"><ele>764.6</ele></trkpt>
    <trkpt lat="37.174009" lon="-3.587758"><ele>767.8</ele></trkpt>
    <trkpt lat="37.174033" lon="-3.587502"><ele>769.3</ele></trkpt>
    <trkpt lat="37.17415" lon="-3.587009"><ele>772.2</ele></trkpt>
    <trkpt lat="37.174176" lon="-3.586967"><ele>772.5</ele></trkpt>
    <trkpt lat="37.174247" lon="-3.586877"><ele>773.3</ele></trkpt>
    <trkpt lat="37.174256" lon="-3.586779"><ele>773.8</ele></trkpt>
    <trkpt lat="37.174242" lon="-3.586725"><ele>774.2</ele></trkpt>
    <trkpt lat="37.174255" lon="-3.586495"><ele>775.6</ele></trkpt>
    <trkpt lat="37.174316" lon="-3.585497"><ele>782.9</ele></trkpt>
    <trkpt lat="37.174336" lon="-3.585466"><ele>783.2</ele></trkpt>
    <trkpt lat="37.174343" lon="-3.585335"><ele>784.2</ele></trkpt>
    <trkpt lat="37.174324" lon="-3.585212"><ele>785.1</ele></trkpt>
    <trkpt lat="37.174155" lon="-3.585008"><ele>787.3</ele></trkpt>
    <trkpt lat="37.174137" lon="-3.584948"><ele>787.7</ele></trkpt>
    <trkpt lat="37.174095" lon="-3.584885"><ele>788.4</ele></trkpt>
    <trkpt lat="37.17406" lon="-3.584817"><ele>789</ele></trkpt>
    <trkpt lat="37.1739" lon="-3.584424"><ele>792.8</ele></trkpt>
    <trkpt lat="37.173789" lon="-3.584185"><ele>795.1</ele></trkpt>
    <trkpt lat="37.173689" lon="-3.58412"><ele>796.1</ele></trkpt>
    <trkpt lat="37.173334" lon="-3.583972"><ele>799.4</ele></trkpt>
    <trkpt lat="37.173269" lon="-3.583921"><ele>800</ele></trkpt>
    <trkpt lat="37.173187" lon="-3.583797"><ele>801</ele></trkpt>
    <trkpt lat="37.173007" lon="-3.583267"><ele>804.4</ele></trkpt>
    <trkpt lat="37.172868" lon="-3.582999"><ele>806.3</ele></trkpt>
    <trkpt lat="37.172709" lon="-3.582691"><ele>808.2</ele></trkpt>
    <trkpt lat="37.171764" lon="-3.580912"><ele>817.2</ele></trkpt>
    <trkpt lat="37.171698" lon="-3.580776"><ele>817.7</ele></trkpt>
    <trkpt lat="37.171524" lon="-3.580574"><ele>818.7</ele></trkpt>
    <trkpt lat="37.171437" lon="-3.580553"><ele>819</ele></trkpt>
    <trkpt lat="37.171352" lon="-3.580564"><ele>819.2</ele></trkpt>
    <trkpt lat="37.171203" lon="-3.580702"><ele>819.7</ele></trkpt>
    <trkpt lat="37.170623" lon="-3.581432"><ele>819.7</ele></trkpt>
    <trkpt lat="37.170521" lon="-3.581531"><ele>819.2</ele></trkpt>
    <trkpt lat="37.170318" lon="-3.581663"><ele>817.8</ele></trkpt>
    <trkpt lat="37.169846" lon="-3.581796"><ele>813.5</ele></trkpt>
    <trkpt lat="37.169796" lon="-3.581818"><ele>812.9</ele></trkpt>
    <trkpt lat="37.169692" lon="-3.581877"><ele>811.8</ele></trkpt>
    <trkpt lat="37.169579" lon="-3.581983"><ele>810.3</ele></trkpt>
    <trkpt lat="37.16945" lon="-3.582182"><ele>808.2</ele></trkpt>
    <trkpt lat="37.169385" lon="-3.582402"><ele>806.2</ele></trkpt>
    <trkpt lat="37.169385" lon="-3.582726"><ele>803.6</ele></trkpt>
    <trkpt lat="37.169436" lon="-3.582915"><ele>802.1</ele></trkpt>
    <trkpt lat="37.169477" lon="-3.583006"><ele>801.3</ele></trkpt>
    <trkpt lat="37.169495" lon="-3.583045"><ele>801</ele></trkpt>
    <trkpt lat="37.169526" lon="-3.583101"><ele>800.4</ele></trkpt>
    <trkpt lat="37.169593" lon="-3.583215"><ele>799.3</ele></trkpt>
    <trkpt lat="37.170033" lon="-3.584003"><ele>791.2</ele></trkpt>
    <trkpt lat="37.170093" lon="-3.584145"><ele>789.9</ele></trkpt>
    <trkpt lat="37.170119" lon="-3.584274"><ele>788.8</ele></trkpt>
    <trkpt lat="37.170086" lon="-3.584519"><ele>786.7</ele></trkpt>
    <trkpt lat="37.169994" lon="-3.58467"><ele>785.2</ele></trkpt>
    <trkpt lat="37.169944" lon="-3.584711"><ele>784.7</ele></trkpt>
    <trkpt lat="37.169872" lon="-3.584753"><ele>783.9</ele></trkpt>
    <trkpt lat="37.169724" lon="-3.584769"><ele>782.6</ele></trkpt>
    <trkpt lat="37.169589" lon="-3.584729"><ele>781.5</ele></trkpt>
    <trkpt lat="37.169286" lon="-3.584504"><ele>779.7</ele></trkpt>
    <trkpt lat="37.16918" lon="-3.584393"><ele>779.6</ele></trkpt>
    <trkpt lat="37.169286" lon="-3.584504"><ele>779.7</ele></trkpt>
    <trkpt lat="37.169589" lon="-3.584729"><ele>781.5</ele></trkpt>
    <trkpt lat="37.169724" lon="-3.584769"><ele>782.6</ele></trkpt>
    <trkpt lat="37.169872" lon="-3.584753"><ele>783.9</ele></trkpt>
    <trkpt lat="37.169944" lon="-3.584711"><ele>784.7</ele></trkpt>
    <trkpt lat="37.169994" lon="-3.58467"><ele>785.2</ele></trkpt>
    <trkpt lat="37.170086" lon="-3.584519"><ele>786.7</ele></trkpt>
    <trkpt lat="37.170119" lon="-3.584274"><ele>788.7</ele></trkpt>
    <trkpt lat="37.170093" lon="-3.584145"><ele>789.7</ele></trkpt>
    <trkpt lat="37.170033" lon="-3.584003"><ele>790.7</ele></trkpt>
    <trkpt lat="37.169593" lon="-3.583215"><ele>792.8</ele></trkpt>
    <trkpt lat="37.169457" lon="-3.583244"><ele>792.3</ele></trkpt>
    <trkpt lat="37.169373" lon="-3.583422"><ele>791.6</ele></trkpt>
    <trkpt lat="37.169332" lon="-3.58349"><ele>791.2</ele></trkpt>
    <trkpt lat="37.16927" lon="-3.583501"><ele>790.8</ele></trkpt>
    <trkpt lat="37.169196" lon="-3.583384"><ele>790</ele></trkpt>
    <trkpt lat="37.169013" lon="-3.582716"><ele>785.4</ele></trkpt>
    <trkpt lat="37.168938" lon="-3.582552"><ele>783.9</ele></trkpt>
    <trkpt lat="37.168624" lon="-3.582158"><ele>780.1</ele></trkpt>
    <trkpt lat="37.168397" lon="-3.581785"><ele>777.3</ele></trkpt>
    <trkpt lat="37.168331" lon="-3.581757"><ele>776.8</ele></trkpt>
    <trkpt lat="37.168267" lon="-3.581819"><ele>776.3</ele></trkpt>
    <trkpt lat="37.16831" lon="-3.582011"><ele>774.9</ele></trkpt>
    <trkpt lat="37.168652" lon="-3.582683"><ele>766.8</ele></trkpt>
    <trkpt lat="37.168716" lon="-3.582891"><ele>764.3</ele></trkpt>
    <trkpt lat="37.168718" lon="-3.583046"><ele>762.6</ele></trkpt>
    <trkpt lat="37.168659" lon="-3.583213"><ele>760.6</ele></trkpt>
    <trkpt lat="37.16854" lon="-3.583499"><ele>757.7</ele></trkpt>
    <trkpt lat="37.168523" lon="-3.583633"><ele>756.6</ele></trkpt>
    <trkpt lat="37.168544" lon="-3.58395"><ele>754.5</ele></trkpt>
    <trkpt lat="37.168582" lon="-3.584218"><ele>753</ele></trkpt>
    <trkpt lat="37.168702" lon="-3.584472"><ele>750.8</ele></trkpt>
    <trkpt lat="37.168935" lon="-3.584805"><ele>748</ele></trkpt>
    <trkpt lat="37.169322" lon="-3.585201"><ele>748</ele></trkpt>
    <trkpt lat="37.169465" lon="-3.585502"><ele>748.9</ele></trkpt>
    <trkpt lat="37.169644" lon="-3.585763"><ele>749.8</ele></trkpt>
    <trkpt lat="37.169882" lon="-3.586022"><ele>750.7</ele></trkpt>
    <trkpt lat="37.170106" lon="-3.586169"><ele>750.9</ele></trkpt>
    <trkpt lat="37.170268" lon="-3.586182"><ele>750.8</ele></trkpt>
    <trkpt lat="37.170395" lon="-3.586136"><ele>751</ele></trkpt>
    <trkpt lat="37.170872" lon="-3.585723"><ele>751.3</ele></trkpt>
    <trkpt lat="37.170919" lon="-3.585717"><ele>751.2</ele></trkpt>
    <trkpt lat="37.171014" lon="-3.585794"><ele>750.8</ele></trkpt>
    <trkpt lat="37.171022" lon="-3.585881"><ele>750.5</ele></trkpt>
    <trkpt lat="37.170926" lon="-3.58671"><ele>745.7</ele></trkpt>
    <trkpt lat="37.170947" lon="-3.586795"><ele>745</ele></trkpt>
    <trkpt lat="37.171144" lon="-3.587127"><ele>741.7</ele></trkpt>
    <trkpt lat="37.171334" lon="-3.587531"><ele>738.2</ele></trkpt>
    <trkpt lat="37.171671" lon="-3.587995"><ele>734.5</ele></trkpt>
    <trkpt lat="37.171798" lon="-3.588129"><ele>733.4</ele></trkpt>
    <trkpt lat="37.172495" lon="-3.588645"><ele>728.4</ele></trkpt>
    <trkpt lat="37.172629" lon="-3.588804"><ele>727.2</ele></trkpt>
    <trkpt lat="37.172432" lon="-3.588772"><ele>725.8</ele></trkpt>
    <trkpt lat="37.171616" lon="-3.588557"><ele>719</ele></trkpt>
    <trkpt lat="37.171304" lon="-3.588583"><ele>716.2</ele></trkpt>
    <trkpt lat="37.170904" lon="-3.588623"><ele>711.9</ele></trkpt>
    <trkpt lat="37.170427" lon="-3.588669"><ele>706.2</ele></trkpt>
    <trkpt lat="37.170378" lon="-3.588674"><ele>705.7</ele></trkpt>
    <trkpt lat="37.170301" lon="-3.588681"><ele>704.8</ele></trkpt>
    <trkpt lat="37.170201" lon="-3.588733"><ele>703.6</ele></trkpt>
    <trkpt lat="37.169807" lon="-3.589239"><ele>698.1</ele></trkpt>
    <trkpt lat="37.169756" lon="-3.589302"><ele>697.4</ele></trkpt>
    <trkpt lat="37.16968" lon="-3.589052"><ele>695.6</ele></trkpt>
    <trkpt lat="37.169534" lon="-3.588739"><ele>693.1</ele></trkpt>
    <trkpt lat="37.16926" lon="-3.588253"><ele>689.8</ele></trkpt>
    <trkpt lat="37.169034" lon="-3.587753"><ele>688</ele></trkpt>
    <trkpt lat="37.16898" lon="-3.587578"><ele>687.5</ele></trkpt>
    <trkpt lat="37.16888" lon="-3.587478"><ele>687.1</ele></trkpt>
    <trkpt lat="37.168796" lon="-3.587554"><ele>686.7</ele></trkpt>
    <trkpt lat="37.168781" lon="-3.587633"><ele>686.5</ele></trkpt>
    <trkpt lat="37.168836" lon="-3.587924"><ele>685.6</ele></trkpt>
    <trkpt lat="37.169075" lon="-3.589249"><ele>681.6</ele></trkpt>
    <trkpt lat="37.169389" lon="-3.590973"><ele>675.3</ele></trkpt>
    <trkpt lat="37.16937" lon="-3.591042"><ele>675</ele></trkpt>
    <trkpt lat="37.169193" lon="-3.59117"><ele>674.2</ele></trkpt>
    <trkpt lat="37.169159" lon="-3.591193"><ele>674</ele></trkpt>
    <trkpt lat="37.169114" lon="-3.591224"><ele>673.8</ele></trkpt>
    <trkpt lat="37.169116" lon="-3.591291"><ele>673.6</ele></trkpt>
    <trkpt lat="37.169163" lon="-3.591393"><ele>673.3</ele></trkpt>
    <trkpt lat="37.169457" lon="-3.59203"><ele>671.6</ele></trkpt>
    <trkpt lat="37.169635" lon="-3.592465"><ele>671.2</ele></trkpt>
    <trkpt lat="37.169651" lon="-3.592518"><ele>671.2</ele></trkpt>
    <trkpt lat="37.169677" lon="-3.592599"><ele>671.2</ele></trkpt>
    <trkpt lat="37.1697" lon="-3.592674"><ele>671.2</ele></trkpt>
    <trkpt lat="37.169677" lon="-3.592599"><ele>671.1</ele></trkpt>
    <trkpt lat="37.169651" lon="-3.592518"><ele>671.1</ele></trkpt>
    <trkpt lat="37.169635" lon="-3.592465"><ele>671.1</ele></trkpt>
    <trkpt lat="37.169526" lon="-3.592526"><ele>671.2</ele></trkpt>
    <trkpt lat="37.169505" lon="-3.592457"><ele>671.2</ele></trkpt>
    <trkpt lat="37.169539" lon="-3.592419"><ele>671.2</ele></trkpt>
    <trkpt lat="37.16955" lon="-3.592318"><ele>671.2</ele></trkpt>
    <trkpt lat="37.169427" lon="-3.592051"><ele>671.4</ele></trkpt>
    <trkpt lat="37.169133" lon="-3.591414"><ele>672.1</ele></trkpt>
    <trkpt lat="37.169163" lon="-3.591393"><ele>672.2</ele></trkpt>
    <trkpt lat="37.169116" lon="-3.591291"><ele>672.3</ele></trkpt>
    <trkpt lat="37.169114" lon="-3.591224"><ele>672.5</ele></trkpt>
    <trkpt lat="37.169069" lon="-3.59119"><ele>672.6</ele></trkpt>
    <trkpt lat="37.168708" lon="-3.590405"><ele>673.8</ele></trkpt>
    <trkpt lat="37.168342" lon="-3.58961"><ele>675.1</ele></trkpt>
    <trkpt lat="37.168298" lon="-3.589514"><ele>675.3</ele></trkpt>
    <trkpt lat="37.168169" lon="-3.589233"><ele>675.8</ele></trkpt>
    <trkpt lat="37.168135" lon="-3.58916"><ele>675.9</ele></trkpt>
    <trkpt lat="37.16805" lon="-3.588976"><ele>676.3</ele></trkpt>
    <trkpt lat="37.167995" lon="-3.588932"><ele>676.4</ele></trkpt>
    <trkpt lat="37.167974" lon="-3.58898"><ele>676.5</ele></trkpt>
    <trkpt lat="37.167902" lon="-3.589039"><ele>676.7</ele></trkpt>
    <trkpt lat="37.167828" lon="-3.589042"><ele>676.9</ele></trkpt>
    <trkpt lat="37.167762" lon="-3.588976"><ele>677.1</ele></trkpt>
    <trkpt lat="37.167756" lon="-3.588933"><ele>677.2</ele></trkpt>
    <trkpt lat="37.167762" lon="-3.588892"><ele>677.3</ele></trkpt>
    <trkpt lat="37.167662" lon="-3.588818"><ele>677.6</ele></trkpt>
    <trkpt lat="37.167644" lon="-3.588779"><ele>677.7</ele></trkpt>
    <trkpt lat="37.167435" lon="-3.588308"><ele>679.1</ele></trkpt>
    <trkpt lat="37.167328" lon="-3.588068"><ele>679.7</ele></trkpt>
    <trkpt lat="37.167208" lon="-3.587798"><ele>680.4</ele></trkpt>
    <trkpt lat="37.167166" lon="-3.587728"><ele>680.6</ele></trkpt>
    <trkpt lat="37.16711" lon="-3.587507"><ele>681</ele></trkpt>
    <trkpt lat="37.1671" lon="-3.58747"><ele>681</ele></trkpt>
    <trkpt lat="37.16703" lon="-3.587146"><ele>681.3</ele></trkpt>
    <trkpt lat="37.166947" lon="-3.586857"><ele>681.4</ele></trkpt>
    <trkpt lat="37.16703" lon="-3.587146"><ele>681.3</ele></trkpt>
    <trkpt lat="37.167146" lon="-3.587448"><ele>681</ele></trkpt>
    <trkpt lat="37.167234" lon="-3.587604"><ele>680.7</ele></trkpt>
    <trkpt lat="37.167547" lon="-3.587862"><ele>679.7</ele></trkpt>
    <trkpt lat="37.167677" lon="-3.588116"><ele>679</ele></trkpt>
    <trkpt lat="37.167721" lon="-3.588211"><ele>678.8</ele></trkpt>
    <trkpt lat="37.167899" lon="-3.588604"><ele>677.7</ele></trkpt>
    <trkpt lat="37.167946" lon="-3.588714"><ele>677.4</ele></trkpt>
    <trkpt lat="37.167947" lon="-3.588785"><ele>677.3</ele></trkpt>
    <trkpt lat="37.167975" lon="-3.588813"><ele>677.2</ele></trkpt>
    <trkpt lat="37.167995" lon="-3.588932"><ele>677.1</ele></trkpt>
    <trkpt lat="37.167974" lon="-3.58898"><ele>677.1</ele></trkpt>
    <trkpt lat="37.167902" lon="-3.589039"><ele>677</ele></trkpt>
    <trkpt lat="37.167828" lon="-3.589042"><ele>676.9</ele></trkpt>
    <trkpt lat="37.167762" lon="-3.588976"><ele>676.8</ele></trkpt>
    <trkpt lat="37.167545" lon="-3.589147"><ele>676.6</ele></trkpt>
    <trkpt lat="37.167388" lon="-3.589306"><ele>676.4</ele></trkpt>
    <trkpt lat="37.167309" lon="-3.589385"><ele>676.3</ele></trkpt>
    <trkpt lat="37.167177" lon="-3.589517"><ele>676</ele></trkpt>
    <trkpt lat="37.167111" lon="-3.589583"><ele>676</ele></trkpt>
    <trkpt lat="37.167187" lon="-3.589698"><ele>675.8</ele></trkpt>
    <trkpt lat="37.167422" lon="-3.590055"><ele>675.5</ele></trkpt>
    <trkpt lat="37.167443" lon="-3.590088"><ele>675.4</ele></trkpt>
    <trkpt lat="37.167443" lon="-3.590088"><ele>675.4</ele></trkpt>
    <trkpt lat="37.167942" lon="-3.590841"><ele>674.3</ele></trkpt>
    <trkpt lat="37.168441" lon="-3.591595"><ele>672.8</ele></trkpt>
    <trkpt lat="37.168457" lon="-3.59162"><ele>672.8</ele></trkpt>
    <trkpt lat="37.168465" lon="-3.591632"><ele>672.8</ele></trkpt>
    <trkpt lat="37.168473" lon="-3.591644"><ele>672.8</ele></trkpt>
    <trkpt lat="37.168483" lon="-3.591663"><ele>672.7</ele></trkpt>
    <trkpt lat="37.168589" lon="-3.591873"><ele>672.4</ele></trkpt>
    <trkpt lat="37.168619" lon="-3.591943"><ele>672.3</ele></trkpt>
    <trkpt lat="37.168628" lon="-3.591965"><ele>672.3</ele></trkpt>
    <trkpt lat="37.168638" lon="-3.591988"><ele>672.2</ele></trkpt>
    <trkpt lat="37.16869" lon="-3.592111"><ele>672.1</ele></trkpt>
    <trkpt lat="37.168783" lon="-3.592417"><ele>671.8</ele></trkpt>
    <trkpt lat="37.168811" lon="-3.592535"><ele>671.7</ele></trkpt>
    <trkpt lat="37.168835" lon="-3.592634"><ele>671.6</ele></trkpt>
    <trkpt lat="37.168846" lon="-3.592682"><ele>671.5</ele></trkpt>
    <trkpt lat="37.168859" lon="-3.592733"><ele>671.5</ele></trkpt>
    <trkpt lat="37.168909" lon="-3.592944"><ele>671.4</ele></trkpt>
    <trkpt lat="37.16891" lon="-3.592948"><ele>671.4</ele></trkpt>
    <trkpt lat="37.168928" lon="-3.59308"><ele>671.3</ele></trkpt>
    <trkpt lat="37.168945" lon="-3.593204"><ele>671.3</ele></trkpt>
    <trkpt lat="37.168958" lon="-3.593302"><ele>671.3</ele></trkpt>
    <trkpt lat="37.168958" lon="-3.593319"><ele>671.2</ele></trkpt>
    <trkpt lat="37.168958" lon="-3.593404"><ele>671.2</ele></trkpt>
    <trkpt lat="37.168958" lon="-3.593666"><ele>671.1</ele></trkpt>
    <trkpt lat="37.168943" lon="-3.593763"><ele>671.1</ele></trkpt>
    <trkpt lat="37.168929" lon="-3.593856"><ele>671</ele></trkpt>
    <trkpt lat="37.168904" lon="-3.594022"><ele>671</ele></trkpt>
    <trkpt lat="37.168901" lon="-3.594034"><ele>671</ele></trkpt>
    <trkpt lat="37.168855" lon="-3.59419"><ele>670.9</ele></trkpt>
    <trkpt lat="37.168796" lon="-3.594357"><ele>670.8</ele></trkpt>
    <trkpt lat="37.168662" lon="-3.594634"><ele>670.7</ele></trkpt>
    <trkpt lat="37.168642" lon="-3.594674"><ele>670.6</ele></trkpt>
    <trkpt lat="37.168629" lon="-3.594703"><ele>670.6</ele></trkpt>
    <trkpt lat="37.168482" lon="-3.595005"><ele>670.5</ele></trkpt>
    <trkpt lat="37.168293" lon="-3.595395"><ele>670.5</ele></trkpt>
    <trkpt lat="37.16829" lon="-3.5954"><ele>670.5</ele></trkpt>
    <trkpt lat="37.168232" lon="-3.595513"><ele>670.5</ele></trkpt>
    <trkpt lat="37.168195" lon="-3.595586"><ele>670.5</ele></trkpt>
    <trkpt lat="37.168168" lon="-3.595639"><ele>670.6</ele></trkpt>
    <trkpt lat="37.168096" lon="-3.595759"><ele>670.6</ele></trkpt>
    <trkpt lat="37.16807" lon="-3.595803"><ele>670.7</ele></trkpt>
    <trkpt lat="37.16802" lon="-3.595863"><ele>670.7</ele></trkpt>
    <trkpt lat="37.16798" lon="-3.595912"><ele>670.7</ele></trkpt>
    <trkpt lat="37.167925" lon="-3.595987"><ele>670.8</ele></trkpt>
    <trkpt lat="37.167828" lon="-3.596117"><ele>670.8</ele></trkpt>
    <trkpt lat="37.167826" lon="-3.596121"><ele>670.8</ele></trkpt>
    <trkpt lat="37.167762" lon="-3.596294"><ele>670.9</ele></trkpt>
    <trkpt lat="37.167645" lon="-3.596299"><ele>670.9</ele></trkpt>
    <trkpt lat="37.167602" lon="-3.596402"><ele>670.9</ele></trkpt>
    <trkpt lat="37.167523" lon="-3.596443"><ele>670.9</ele></trkpt>
    <trkpt lat="37.167454" lon="-3.596495"><ele>671</ele></trkpt>
    <trkpt lat="37.167337" lon="-3.596648"><ele>671</ele></trkpt>
    <trkpt lat="37.166835" lon="-3.597748"><ele>670.7</ele></trkpt>
    <trkpt lat="37.166762" lon="-3.597975"><ele>670.6</ele></trkpt>
    <trkpt lat="37.166741" lon="-3.59804"><ele>670.5</ele></trkpt>
    <trkpt lat="37.166742" lon="-3.598049"><ele>670.5</ele></trkpt>
    <trkpt lat="37.166747" lon="-3.598154"><ele>670.5</ele></trkpt>
    <trkpt lat="37.166768" lon="-3.598333"><ele>670.3</ele></trkpt>
    <trkpt lat="37.16675" lon="-3.598416"><ele>670.2</ele></trkpt>
    <trkpt lat="37.166743" lon="-3.598429"><ele>670.2</ele></trkpt>
    <trkpt lat="37.166669" lon="-3.598554"><ele>670.1</ele></trkpt>
    <trkpt lat="37.166562" lon="-3.598615"><ele>670</ele></trkpt>
    <trkpt lat="37.166545" lon="-3.598624"><ele>669.9</ele></trkpt>
    <trkpt lat="37.166408" lon="-3.598609"><ele>669.8</ele></trkpt>
    <trkpt lat="37.16629" lon="-3.598634"><ele>669.7</ele></trkpt>
    <trkpt lat="37.16625" lon="-3.598642"><ele>669.6</ele></trkpt>
    <trkpt lat="37.16611" lon="-3.598702"><ele>669.5</ele></trkpt>
    <trkpt lat="37.166104" lon="-3.598707"><ele>669.5</ele></trkpt>
    <trkpt lat="37.166022" lon="-3.598772"><ele>669.4</ele></trkpt>
    <trkpt lat="37.165999" lon="-3.598791"><ele>669.3</ele></trkpt>
    <trkpt lat="37.16588" lon="-3.598887"><ele>669.2</ele></trkpt>
    <trkpt lat="37.165828" lon="-3.598931"><ele>669.1</ele></trkpt>
    <trkpt lat="37.165279" lon="-3.599394"><ele>668.6</ele></trkpt>
    <trkpt lat="37.165026" lon="-3.599607"><ele>668.1</ele></trkpt>
    <trkpt lat="37.164888" lon="-3.599723"><ele>668</ele></trkpt>
    <trkpt lat="37.164865" lon="-3.599743"><ele>667.9</ele></trkpt>
    <trkpt lat="37.164665" lon="-3.599914"><ele>667.7</ele></trkpt>
    <trkpt lat="37.164449" lon="-3.600093"><ele>667.4</ele></trkpt>
    <trkpt lat="37.164233" lon="-3.600274"><ele>667.2</ele></trkpt>
    <trkpt lat="37.164097" lon="-3.600383"><ele>667</ele></trkpt>
    <trkpt lat="37.163793" lon="-3.600677"><ele>666.5</ele></trkpt>
    <trkpt lat="37.163475" lon="-3.601002"><ele>665.8</ele></trkpt>
    <trkpt lat="37.163306" lon="-3.601269"><ele>665.4</ele></trkpt>
    <trkpt lat="37.163295" lon="-3.601291"><ele>665.3</ele></trkpt>
    <trkpt lat="37.163398" lon="-3.601656"><ele>664.9</ele></trkpt>
    <trkpt lat="37.16346" lon="-3.601696"><ele>664.8</ele></trkpt>
    <trkpt lat="37.164722" lon="-3.602468"><ele>664.3</ele></trkpt>
    <trkpt lat="37.164786" lon="-3.602508"><ele>664.3</ele></trkpt>
    <trkpt lat="37.165312" lon="-3.60283"><ele>664.4</ele></trkpt>
    <trkpt lat="37.165438" lon="-3.602907"><ele>664.5</ele></trkpt>
    <trkpt lat="37.165574" lon="-3.602989"><ele>664.6</ele></trkpt>
    <trkpt lat="37.165634" lon="-3.603028"><ele>664.8</ele></trkpt>
    <trkpt lat="37.165786" lon="-3.603123"><ele>665</ele></trkpt>
    <trkpt lat="37.165846" lon="-3.603154"><ele>665.1</ele></trkpt>
    <trkpt lat="37.166002" lon="-3.60325"><ele>665.4</ele></trkpt>
    <trkpt lat="37.166573" lon="-3.6036"><ele>666.7</ele></trkpt>
    <trkpt lat="37.166673" lon="-3.60366"><ele>666.9</ele></trkpt>
    <trkpt lat="37.167501" lon="-3.604168"><ele>669</ele></trkpt>
    <trkpt lat="37.167565" lon="-3.604207"><ele>669</ele></trkpt>
    <trkpt lat="37.167767" lon="-3.604332"><ele>669.1</ele></trkpt>
    <trkpt lat="37.168034" lon="-3.604496"><ele>669.2</ele></trkpt>
    <trkpt lat="37.16834" lon="-3.604685"><ele>669.3</ele></trkpt>
    <trkpt lat="37.168818" lon="-3.604975"><ele>669.5</ele></trkpt>
    <trkpt lat="37.169019" lon="-3.605097"><ele>669.6</ele></trkpt>
    <trkpt lat="37.169504" lon="-3.605395"><ele>670.1</ele></trkpt>
    <trkpt lat="37.169622" lon="-3.605467"><ele>670.5</ele></trkpt>
    <trkpt lat="37.169726" lon="-3.605531"><ele>670.9</ele></trkpt>
    <trkpt lat="37.16991" lon="-3.605644"><ele>671.6</ele></trkpt>
    <trkpt lat="37.170157" lon="-3.605791"><ele>672.6</ele></trkpt>
    <trkpt lat="37.17028" lon="-3.605643"><ele>673.3</ele></trkpt>
    <trkpt lat="37.170298" lon="-3.605609"><ele>673.4</ele></trkpt>
    <trkpt lat="37.170442" lon="-3.605342"><ele>674.6</ele></trkpt>
    <trkpt lat="37.170626" lon="-3.605001"><ele>676.3</ele></trkpt>
    <trkpt lat="37.170697" lon="-3.604869"><ele>676.9</ele></trkpt>
    <trkpt lat="37.171116" lon="-3.604098"><ele>681.2</ele></trkpt>
    <trkpt lat="37.171179" lon="-3.603977"><ele>681.7</ele></trkpt>
    <trkpt lat="37.171452" lon="-3.603458"><ele>683.5</ele></trkpt>
    <trkpt lat="37.171508" lon="-3.60335"><ele>683.8</ele></trkpt>
    <trkpt lat="37.1716" lon="-3.603179"><ele>684.2</ele></trkpt>
    <trkpt lat="37.171642" lon="-3.603103"><ele>684.3</ele></trkpt>
    <trkpt lat="37.171913" lon="-3.602612"><ele>685.1</ele></trkpt>
    <trkpt lat="37.171929" lon="-3.602582"><ele>685.1</ele></trkpt>
    <trkpt lat="37.171984" lon="-3.60248"><ele>685.2</ele></trkpt>
    <trkpt lat="37.172359" lon="-3.601785"><ele>685.7</ele></trkpt>
    <trkpt lat="37.172406" lon="-3.601698"><ele>685.8</ele></trkpt>
    <trkpt lat="37.173046" lon="-3.600524"><ele>686.8</ele></trkpt>
    <trkpt lat="37.173137" lon="-3.600366"><ele>686.7</ele></trkpt>
    <trkpt lat="37.173195" lon="-3.600265"><ele>686.6</ele></trkpt>
    <trkpt lat="37.173289" lon="-3.600124"><ele>686.3</ele></trkpt>
    <trkpt lat="37.173397" lon="-3.59996"><ele>685.8</ele></trkpt>
    <trkpt lat="37.173439" lon="-3.599807"><ele>685.3</ele></trkpt>
    <trkpt lat="37.173445" lon="-3.599672"><ele>684.8</ele></trkpt>
    <trkpt lat="37.173397" lon="-3.599707"><ele>684.6</ele></trkpt>
    <trkpt lat="37.173344" lon="-3.599708"><ele>684.4</ele></trkpt>
    <trkpt lat="37.173246" lon="-3.599673"><ele>683.8</ele></trkpt>
    <trkpt lat="37.173215" lon="-3.599662"><ele>683.7</ele></trkpt>
    <trkpt lat="37.172738" lon="-3.599456"><ele>681.2</ele></trkpt>
    <trkpt lat="37.172567" lon="-3.599355"><ele>680.6</ele></trkpt>
    <trkpt lat="37.17217" lon="-3.599139"><ele>679.6</ele></trkpt>
    <trkpt lat="37.172075" lon="-3.599086"><ele>679.4</ele></trkpt>
    <trkpt lat="37.171872" lon="-3.598984"><ele>679.2</ele></trkpt>
    <trkpt lat="37.171481" lon="-3.598765"><ele>679.7</ele></trkpt>
    <trkpt lat="37.171395" lon="-3.598713"><ele>680</ele></trkpt>
    <trkpt lat="37.170787" lon="-3.598331"><ele>681.6</ele></trkpt>
    <trkpt lat="37.170404" lon="-3.598074"><ele>681.3</ele></trkpt>
    <trkpt lat="37.170221" lon="-3.597951"><ele>680.8</ele></trkpt>
    <trkpt lat="37.169707" lon="-3.597509"><ele>678.2</ele></trkpt>
    <trkpt lat="37.169611" lon="-3.597426"><ele>677.6</ele></trkpt>
    <trkpt lat="37.169398" lon="-3.597243"><ele>676.1</ele></trkpt>
    <trkpt lat="37.169155" lon="-3.597027"><ele>674.4</ele></trkpt>
    <trkpt lat="37.169008" lon="-3.596891"><ele>673.6</ele></trkpt>
    <trkpt lat="37.169078" lon="-3.596872"><ele>673.3</ele></trkpt>
    <trkpt lat="37.169133" lon="-3.596761"><ele>672.8</ele></trkpt>
    <trkpt lat="37.169157" lon="-3.596709"><ele>672.6</ele></trkpt>
    <trkpt lat="37.169157" lon="-3.596709"><ele>672.7</ele></trkpt>
    <trkpt lat="37.169487" lon="-3.596062"><ele>670.7</ele></trkpt>
    <trkpt lat="37.169518" lon="-3.596001"><ele>670.6</ele></trkpt>
    <trkpt lat="37.169496" lon="-3.595983"><ele>670.5</ele></trkpt>
    <trkpt lat="37.16948" lon="-3.59597"><ele>670.5</ele></trkpt>
    <trkpt lat="37.169525" lon="-3.595854"><ele>670.3</ele></trkpt>
    <trkpt lat="37.169536" lon="-3.595749"><ele>670.1</ele></trkpt>
    <trkpt lat="37.169549" lon="-3.595751"><ele>670.1</ele></trkpt>
    <trkpt lat="37.169576" lon="-3.595756"><ele>670.1</ele></trkpt>
    <trkpt lat="37.169576" lon="-3.595756"><ele>670.2</ele></trkpt>
    <trkpt lat="37.169576" lon="-3.595756"><ele>670.1</ele></trkpt>
    <trkpt lat="37.169583" lon="-3.595691"><ele>670</ele></trkpt>
    <trkpt lat="37.169588" lon="-3.595641"><ele>670</ele></trkpt>
    <trkpt lat="37.169589" lon="-3.595637"><ele>670</ele></trkpt>
    <trkpt lat="37.169596" lon="-3.595565"><ele>669.9</ele></trkpt>
    <trkpt lat="37.169603" lon="-3.595497"><ele>669.9</ele></trkpt>
    <trkpt lat="37.169611" lon="-3.595427"><ele>669.8</ele></trkpt>
    <trkpt lat="37.169618" lon="-3.595363"><ele>669.8</ele></trkpt>
    <trkpt lat="37.169626" lon="-3.595288"><ele>669.7</ele></trkpt>
    <trkpt lat="37.169629" lon="-3.595256"><ele>669.7</ele></trkpt>
    <trkpt lat="37.169635" lon="-3.595201"><ele>669.6</ele></trkpt>
    <trkpt lat="37.16964" lon="-3.595156"><ele>669.6</ele></trkpt>
    <trkpt lat="37.169645" lon="-3.595109"><ele>669.6</ele></trkpt>
    <trkpt lat="37.169648" lon="-3.595081"><ele>669.6</ele></trkpt>
    <trkpt lat="37.169654" lon="-3.595031"><ele>669.6</ele></trkpt>
    <trkpt lat="37.16966" lon="-3.594975"><ele>669.6</ele></trkpt>
    <trkpt lat="37.169666" lon="-3.594921"><ele>669.6</ele></trkpt>
    <trkpt lat="37.169677" lon="-3.594816"><ele>669.6</ele></trkpt>
    <trkpt lat="37.169677" lon="-3.594816"><ele>669.6</ele></trkpt>
    <trkpt lat="37.169772" lon="-3.593941"><ele>669.9</ele></trkpt>
    <trkpt lat="37.169779" lon="-3.593871"><ele>669.9</ele></trkpt>
    <trkpt lat="37.169788" lon="-3.593791"><ele>669.9</ele></trkpt>
    <trkpt lat="37.169804" lon="-3.593639"><ele>670</ele></trkpt>
    <trkpt lat="37.169828" lon="-3.593425"><ele>670.1</ele></trkpt>
    <trkpt lat="37.169842" lon="-3.593258"><ele>670.2</ele></trkpt>
    <trkpt lat="37.169845" lon="-3.593232"><ele>670.3</ele></trkpt>
    <trkpt lat="37.169847" lon="-3.593204"><ele>670.3</ele></trkpt>
    <trkpt lat="37.169847" lon="-3.593203"><ele>670.3</ele></trkpt>
    <trkpt lat="37.169817" lon="-3.593089"><ele>670.4</ele></trkpt>
    <trkpt lat="37.169749" lon="-3.59283"><ele>670.6</ele></trkpt>
    <trkpt lat="37.169732" lon="-3.592773"><ele>670.6</ele></trkpt>
    <trkpt lat="37.169711" lon="-3.592708"><ele>670.7</ele></trkpt>
    <trkpt lat="37.1697" lon="-3.592674"><ele>670.7</ele></trkpt>
    <trkpt lat="37.169677" lon="-3.592599"><ele>670.8</ele></trkpt>
    <trkpt lat="37.169651" lon="-3.592518"><ele>670.9</ele></trkpt>
    <trkpt lat="37.169635" lon="-3.592465"><ele>671</ele></trkpt>
    <trkpt lat="37.169575" lon="-3.592319"><ele>671.2</ele></trkpt>
    <trkpt lat="37.169546" lon="-3.592248"><ele>671.2</ele></trkpt>
    <trkpt lat="37.16954" lon="-3.592234"><ele>671.3</ele></trkpt>
    <trkpt lat="37.169524" lon="-3.592194"><ele>671.3</ele></trkpt>
    <trkpt lat="37.169457" lon="-3.59203"><ele>671.6</ele></trkpt>
    <trkpt lat="37.169427" lon="-3.592051"><ele>671.6</ele></trkpt>
    <trkpt lat="37.169133" lon="-3.591414"><ele>673.2</ele></trkpt>
    <trkpt lat="37.169163" lon="-3.591393"><ele>673.3</ele></trkpt>
    <trkpt lat="37.169116" lon="-3.591291"><ele>673.6</ele></trkpt>
    <trkpt lat="37.169114" lon="-3.591224"><ele>673.8</ele></trkpt>
    <trkpt lat="37.169159" lon="-3.591193"><ele>674</ele></trkpt>
    <trkpt lat="37.169193" lon="-3.59117"><ele>674.2</ele></trkpt>
    <trkpt lat="37.169277" lon="-3.591109"><ele>674.6</ele></trkpt>
    <trkpt lat="37.169368" lon="-3.591043"><ele>675</ele></trkpt>
    <trkpt lat="37.16937" lon="-3.591042"><ele>675</ele></trkpt>
    <trkpt lat="37.169385" lon="-3.59099"><ele>675.2</ele></trkpt>
    <trkpt lat="37.169389" lon="-3.590973"><ele>675.2</ele></trkpt>
    <trkpt lat="37.169382" lon="-3.590934"><ele>675.4</ele></trkpt>
    <trkpt lat="37.169374" lon="-3.590887"><ele>675.5</ele></trkpt>
    <trkpt lat="37.169352" lon="-3.590771"><ele>676</ele></trkpt>
    <trkpt lat="37.169341" lon="-3.590708"><ele>676.2</ele></trkpt>
    <trkpt lat="37.169327" lon="-3.590633"><ele>676.5</ele></trkpt>
    <trkpt lat="37.16932" lon="-3.590591"><ele>676.7</ele></trkpt>
    <trkpt lat="37.169175" lon="-3.5898"><ele>679.7</ele></trkpt>
    <trkpt lat="37.169075" lon="-3.589249"><ele>681.6</ele></trkpt>
    <trkpt lat="37.16905" lon="-3.589112"><ele>682</ele></trkpt>
    <trkpt lat="37.169038" lon="-3.589044"><ele>682.2</ele></trkpt>
    <trkpt lat="37.168961" lon="-3.588617"><ele>683.6</ele></trkpt>
    <trkpt lat="37.168886" lon="-3.588204"><ele>684.8</ele></trkpt>
    <trkpt lat="37.168836" lon="-3.587924"><ele>685.6</ele></trkpt>
    <trkpt lat="37.168781" lon="-3.587633"><ele>686.5</ele></trkpt>
    <trkpt lat="37.168796" lon="-3.587554"><ele>686.7</ele></trkpt>
    <trkpt lat="37.16888" lon="-3.587478"><ele>687.1</ele></trkpt>
    <trkpt lat="37.16898" lon="-3.587578"><ele>687.5</ele></trkpt>
    <trkpt lat="37.169034" lon="-3.587753"><ele>688</ele></trkpt>
    <trkpt lat="37.16914" lon="-3.587987"><ele>688.8</ele></trkpt>
    <trkpt lat="37.169239" lon="-3.588206"><ele>689.6</ele></trkpt>
    <trkpt lat="37.16926" lon="-3.588253"><ele>689.8</ele></trkpt>
    <trkpt lat="37.169344" lon="-3.588403"><ele>690.7</ele></trkpt>
    <trkpt lat="37.169401" lon="-3.588504"><ele>691.3</ele></trkpt>
    <trkpt lat="37.169534" lon="-3.588739"><ele>693.1</ele></trkpt>
    <trkpt lat="37.16968" lon="-3.589052"><ele>695.6</ele></trkpt>
    <trkpt lat="37.169756" lon="-3.589302"><ele>697.4</ele></trkpt>
    <trkpt lat="37.169807" lon="-3.589239"><ele>698.1</ele></trkpt>
    <trkpt lat="37.170201" lon="-3.588733"><ele>703.6</ele></trkpt>
    <trkpt lat="37.170301" lon="-3.588681"><ele>704.8</ele></trkpt>
    <trkpt lat="37.170378" lon="-3.588674"><ele>705.7</ele></trkpt>
    <trkpt lat="37.170427" lon="-3.588669"><ele>706.2</ele></trkpt>
    <trkpt lat="37.170904" lon="-3.588623"><ele>711.9</ele></trkpt>
    <trkpt lat="37.171304" lon="-3.588583"><ele>716.2</ele></trkpt>
    <trkpt lat="37.171616" lon="-3.588557"><ele>719.1</ele></trkpt>
    <trkpt lat="37.172432" lon="-3.588772"><ele>728.5</ele></trkpt>
    <trkpt lat="37.172629" lon="-3.588804"><ele>730.6</ele></trkpt>
    <trkpt lat="37.172741" lon="-3.588887"><ele>732</ele></trkpt>
    <trkpt lat="37.172776" lon="-3.588898"><ele>732.4</ele></trkpt>
    <trkpt lat="37.172832" lon="-3.588912"><ele>733</ele></trkpt>
    <trkpt lat="37.173501" lon="-3.589413"><ele>740.9</ele></trkpt>
    <trkpt lat="37.173575" lon="-3.589469"><ele>741.9</ele></trkpt>
    <trkpt lat="37.17396" lon="-3.589753"><ele>747</ele></trkpt>
    <trkpt lat="37.174135" lon="-3.589869"><ele>749.1</ele></trkpt>
    <trkpt lat="37.174204" lon="-3.589884"><ele>749.8</ele></trkpt>
    <trkpt lat="37.174272" lon="-3.589863"><ele>750.6</ele></trkpt>
    <trkpt lat="37.174393" lon="-3.58977"><ele>752</ele></trkpt>
    <trkpt lat="37.17445" lon="-3.589634"><ele>753.2</ele></trkpt>
    <trkpt lat="37.174446" lon="-3.589563"><ele>753.8</ele></trkpt>
    <trkpt lat="37.174432" lon="-3.589509"><ele>754.3</ele></trkpt>
    <trkpt lat="37.174412" lon="-3.589444"><ele>754.8</ele></trkpt>
    <trkpt lat="37.174221" lon="-3.588932"><ele>760</ele></trkpt>
    <trkpt lat="37.174087" lon="-3.588354"><ele>764.4</ele></trkpt>
    <trkpt lat="37.174083" lon="-3.588326"><ele>764.6</ele></trkpt>
    <trkpt lat="37.174009" lon="-3.587758"><ele>767.8</ele></trkpt>
    <trkpt lat="37.174033" lon="-3.587502"><ele>769.3</ele></trkpt>
    <trkpt lat="37.17415" lon="-3.587009"><ele>772.2</ele></trkpt>
    <trkpt lat="37.174176" lon="-3.586967"><ele>772.5</ele></trkpt>
    <trkpt lat="37.174247" lon="-3.586877"><ele>773.3</ele></trkpt>
    <trkpt lat="37.174256" lon="-3.586779"><ele>773.8</ele></trkpt>
    <trkpt lat="37.174242" lon="-3.586725"><ele>774.2</ele></trkpt>
    <trkpt lat="37.174255" lon="-3.586495"><ele>775.6</ele></trkpt>
    <trkpt lat="37.174316" lon="-3.585497"><ele>782.9</ele></trkpt>
    <trkpt lat="37.174336" lon="-3.585466"><ele>783.2</ele></trkpt>
    <trkpt lat="37.174343" lon="-3.585335"><ele>784.2</ele></trkpt>
    <trkpt lat="37.174324" lon="-3.585212"><ele>785.1</ele></trkpt>
    <trkpt lat="37.174155" lon="-3.585008"><ele>787.3</ele></trkpt>
    <trkpt lat="37.174137" lon="-3.584948"><ele>787.7</ele></trkpt>
    <trkpt lat="37.174095" lon="-3.584885"><ele>788.4</ele></trkpt>
    <trkpt lat="37.17406" lon="-3.584817"><ele>789</ele></trkpt>
    <trkpt lat="37.1739" lon="-3.584424"><ele>792.8</ele></trkpt>
    <trkpt lat="37.173789" lon="-3.584185"><ele>795.1</ele></trkpt>
    <trkpt lat="37.173689" lon="-3.58412"><ele>796.1</ele></trkpt>
    <trkpt lat="37.173334" lon="-3.583972"><ele>799.4</ele></trkpt>
    <trkpt lat="37.173269" lon="-3.583921"><ele>800</ele></trkpt>
    <trkpt lat="37.173187" lon="-3.583797"><ele>801</ele></trkpt>
    <trkpt lat="37.173007" lon="-3.583267"><ele>804.4</ele></trkpt>
    <trkpt lat="37.172868" lon="-3.582999"><ele>806.3</ele></trkpt>
    <trkpt lat="37.172709" lon="-3.582691"><ele>808.2</ele></trkpt>
    <trkpt lat="37.171764" lon="-3.580912"><ele>817.2</ele></trkpt>
    <trkpt lat="37.171698" lon="-3.580776"><ele>817.7</ele></trkpt>
    <trkpt lat="37.171524" lon="-3.580574"><ele>818.7</ele></trkpt>
    <trkpt lat="37.171437" lon="-3.580553"><ele>819</ele></trkpt>
    <trkpt lat="37.171352" lon="-3.580564"><ele>819.2</ele></trkpt>
    <trkpt lat="37.171203" lon="-3.580702"><ele>819.7</ele></trkpt>
    <trkpt lat="37.170623" lon="-3.581432"><ele>819.7</ele></trkpt>
    <trkpt lat="37.170521" lon="-3.581531"><ele>819.2</ele></trkpt>
    <trkpt lat="37.170318" lon="-3.581663"><ele>817.8</ele></trkpt>
    <trkpt lat="37.169846" lon="-3.581796"><ele>813.5</ele></trkpt>
    <trkpt lat="37.169796" lon="-3.581818"><ele>812.9</ele></trkpt>
    <trkpt lat="37.169692" lon="-3.581877"><ele>811.8</ele></trkpt>
    <trkpt lat="37.169579" lon="-3.581983"><ele>810.3</ele></trkpt>
    <trkpt lat="37.16945" lon="-3.582182"><ele>808.2</ele></trkpt>
    <trkpt lat="37.169385" lon="-3.582402"><ele>806.2</ele></trkpt>
    <trkpt lat="37.169385" lon="-3.582726"><ele>803.6</ele></trkpt>
    <trkpt lat="37.169436" lon="-3.582915"><ele>802.1</ele></trkpt>
    <trkpt lat="37.169477" lon="-3.583006"><ele>801.3</ele></trkpt>
    <trkpt lat="37.169495" lon="-3.583045"><ele>801</ele></trkpt>
    <trkpt lat="37.169526" lon="-3.583101"><ele>800.4</ele></trkpt>
    <trkpt lat="37.169593" lon="-3.583215"><ele>799.3</ele></trkpt>
    <trkpt lat="37.170033" lon="-3.584003"><ele>791.2</ele></trkpt>
    <trkpt lat="37.170093" lon="-3.584145"><ele>789.9</ele></trkpt>
    <trkpt lat="37.170119" lon="-3.584274"><ele>788.8</ele></trkpt>
    <trkpt lat="37.170086" lon="-3.584519"><ele>786.7</ele></trkpt>
    <trkpt lat="37.169994" lon="-3.58467"><ele>785.1</ele></trkpt>
    <trkpt lat="37.169944" lon="-3.584711"><ele>784.5</ele></trkpt>
    <trkpt lat="37.169872" lon="-3.584753"><ele>783.6</ele></trkpt>
    <trkpt lat="37.169724" lon="-3.584769"><ele>782.1</ele></trkpt>
    <trkpt lat="37.169589" lon="-3.584729"><ele>780.6</ele></trkpt>
    <trkpt lat="37.169286" lon="-3.584504"><ele>776.9</ele></trkpt>
    <trkpt lat="37.16918" lon="-3.584393"><ele>775.5</ele></trkpt>
    <trkpt lat="37.169086" lon="-3.584294"><ele>774.4</ele></trkpt>
    <trkpt lat="37.169035" lon="-3.584205"><ele>773.6</ele></trkpt>
    <trkpt lat="37.168991" lon="-3.584126"><ele>773</ele></trkpt>
    <trkpt lat="37.168919" lon="-3.583952"><ele>771.8</ele></trkpt>
    <trkpt lat="37.16876" lon="-3.583399"><ele>769.8</ele></trkpt>
    <trkpt lat="37.168735" lon="-3.583311"><ele>769.5</ele></trkpt>
    <trkpt lat="37.168657" lon="-3.583041"><ele>768.6</ele></trkpt>
    <trkpt lat="37.168526" lon="-3.582723"><ele>767.5</ele></trkpt>
    <trkpt lat="37.1683" lon="-3.582316"><ele>765.7</ele></trkpt>
    <trkpt lat="37.167135" lon="-3.580544"><ele>755.4</ele></trkpt>
    <trkpt lat="37.166885" lon="-3.5801"><ele>751.9</ele></trkpt>
    <trkpt lat="37.16662" lon="-3.579514"><ele>747.9</ele></trkpt>
    <trkpt lat="37.166606" lon="-3.579482"><ele>747.7</ele></trkpt>
    <trkpt lat="37.166379" lon="-3.578848"><ele>744</ele></trkpt>
    <trkpt lat="37.166121" lon="-3.578013"><ele>739.8</ele></trkpt>
    <trkpt lat="37.166078" lon="-3.577869"><ele>739.1</ele></trkpt>
    <trkpt lat="37.165709" lon="-3.57665"><ele>733.1</ele></trkpt>
    <trkpt lat="37.165465" lon="-3.575849"><ele>728.8</ele></trkpt>
    <trkpt lat="37.164875" lon="-3.5739"><ele>717.9</ele></trkpt>
    <trkpt lat="37.164689" lon="-3.573383"><ele>714.9</ele></trkpt>
    <trkpt lat="37.16449" lon="-3.572996"><ele>712.4</ele></trkpt>
    <trkpt lat="37.164024" lon="-3.572266"><ele>707.3</ele></trkpt>
    <trkpt lat="37.163953" lon="-3.572158"><ele>706.6</ele></trkpt>
    <trkpt lat="37.163643" lon="-3.571695"><ele>703.4</ele></trkpt>
    <trkpt lat="37.163461" lon="-3.571413"><ele>701.4</ele></trkpt>
    <trkpt lat="37.163331" lon="-3.571343"><ele>700.4</ele></trkpt>
    <trkpt lat="37.163307" lon="-3.571349"><ele>700.2</ele></trkpt>
    <trkpt lat="37.163255" lon="-3.57144"><ele>699.6</ele></trkpt>
    <trkpt lat="37.163216" lon="-3.571641"><ele>698.4</ele></trkpt>
    <trkpt lat="37.163516" lon="-3.572941"><ele>692.7</ele></trkpt>
    <trkpt lat="37.163633" lon="-3.573806"><ele>690</ele></trkpt>
    <trkpt lat="37.163635" lon="-3.574117"><ele>689.3</ele></trkpt>
    <trkpt lat="37.163655" lon="-3.574241"><ele>689</ele></trkpt>
    <trkpt lat="37.163694" lon="-3.574492"><ele>688.5</ele></trkpt>
    <trkpt lat="37.163705" lon="-3.57456"><ele>688.4</ele></trkpt>
    <trkpt lat="37.16382" lon="-3.575284"><ele>686.9</ele></trkpt>
    <trkpt lat="37.163863" lon="-3.575536"><ele>686.5</ele></trkpt>
    <trkpt lat="37.164012" lon="-3.576298"><ele>685.2</ele></trkpt>
    <trkpt lat="37.164068" lon="-3.576546"><ele>684.9</ele></trkpt>
    <trkpt lat="37.164076" lon="-3.576581"><ele>684.9</ele></trkpt>
    <trkpt lat="37.164096" lon="-3.576668"><ele>684.8</ele></trkpt>
    <trkpt lat="37.164433" lon="-3.578084"><ele>684.8</ele></trkpt>
    <trkpt lat="37.164464" lon="-3.578198"><ele>685</ele></trkpt>
    <trkpt lat="37.164491" lon="-3.578294"><ele>685</ele></trkpt>
    <trkpt lat="37.164637" lon="-3.578817"><ele>685.2</ele></trkpt>
    <trkpt lat="37.164714" lon="-3.579096"><ele>685.2</ele></trkpt>
    <trkpt lat="37.164794" lon="-3.579377"><ele>685.2</ele></trkpt>
    <trkpt lat="37.164988" lon="-3.580059"><ele>685.8</ele></trkpt>
    <trkpt lat="37.165009" lon="-3.580132"><ele>685.9</ele></trkpt>
    <trkpt lat="37.165089" lon="-3.580407"><ele>686</ele></trkpt>
    <trkpt lat="37.165325" lon="-3.581228"><ele>685.8</ele></trkpt>
    <trkpt lat="37.165393" lon="-3.581462"><ele>685.7</ele></trkpt>
    <trkpt lat="37.165523" lon="-3.581908"><ele>685.5</ele></trkpt>
    <trkpt lat="37.165563" lon="-3.582048"><ele>685.5</ele></trkpt>
    <trkpt lat="37.165637" lon="-3.582306"><ele>685.2</ele></trkpt>
    <trkpt lat="37.165697" lon="-3.582513"><ele>684.9</ele></trkpt>
    <trkpt lat="37.165841" lon="-3.583016"><ele>683.8</ele></trkpt>
    <trkpt lat="37.165908" lon="-3.583246"><ele>683.4</ele></trkpt>
    <trkpt lat="37.165948" lon="-3.583387"><ele>683.2</ele></trkpt>
    <trkpt lat="37.166101" lon="-3.583919"><ele>682.5</ele></trkpt>
    <trkpt lat="37.166133" lon="-3.584029"><ele>682.4</ele></trkpt>
    <trkpt lat="37.166166" lon="-3.584142"><ele>682.4</ele></trkpt>
    <trkpt lat="37.166235" lon="-3.584381"><ele>682.3</ele></trkpt>
    <trkpt lat="37.166274" lon="-3.584517"><ele>682.2</ele></trkpt>
    <trkpt lat="37.166349" lon="-3.584781"><ele>682</ele></trkpt>
    <trkpt lat="37.16649" lon="-3.585271"><ele>681.9</ele></trkpt>
    <trkpt lat="37.166502" lon="-3.585313"><ele>681.9</ele></trkpt>
    <trkpt lat="37.166706" lon="-3.586019"><ele>681.9</ele></trkpt>
    <trkpt lat="37.16688" lon="-3.586623"><ele>681.7</ele></trkpt>
    <trkpt lat="37.166919" lon="-3.586759"><ele>681.6</ele></trkpt>
    <trkpt lat="37.16703" lon="-3.587146"><ele>681.2</ele></trkpt>
    <trkpt lat="37.167146" lon="-3.587448"><ele>680.8</ele></trkpt>
    <trkpt lat="37.167234" lon="-3.587604"><ele>680.5</ele></trkpt>
    <trkpt lat="37.167547" lon="-3.587862"><ele>679.7</ele></trkpt>
    <trkpt lat="37.167677" lon="-3.588116"><ele>679</ele></trkpt>
    <trkpt lat="37.167721" lon="-3.588211"><ele>678.8</ele></trkpt>
    <trkpt lat="37.167899" lon="-3.588604"><ele>677.7</ele></trkpt>
    <trkpt lat="37.167946" lon="-3.588714"><ele>677.4</ele></trkpt>
    <trkpt lat="37.167947" lon="-3.588785"><ele>677.3</ele></trkpt>
    <trkpt lat="37.167975" lon="-3.588813"><ele>677.2</ele></trkpt>
    <trkpt lat="37.167995" lon="-3.588932"><ele>677.1</ele></trkpt>
    <trkpt lat="37.167974" lon="-3.58898"><ele>677.1</ele></trkpt>
    <trkpt lat="37.167902" lon="-3.589039"><ele>677</ele></trkpt>
    <trkpt lat="37.167828" lon="-3.589042"><ele>676.9</ele></trkpt>
    <trkpt lat="37.167762" lon="-3.588976"><ele>676.8</ele></trkpt>
    <trkpt lat="37.167545" lon="-3.589147"><ele>676.6</ele></trkpt>
    <trkpt lat="37.167388" lon="-3.589306"><ele>676.4</ele></trkpt>
    <trkpt lat="37.167309" lon="-3.589385"><ele>676.3</ele></trkpt>
    <trkpt lat="37.167177" lon="-3.589517"><ele>676.1</ele></trkpt>
    <trkpt lat="37.167111" lon="-3.589583"><ele>676</ele></trkpt>
    <trkpt lat="37.167187" lon="-3.589698"><ele>675.9</ele></trkpt>
    <trkpt lat="37.167422" lon="-3.590055"><ele>675.5</ele></trkpt>
    <trkpt lat="37.167443" lon="-3.590088"><ele>675.5</ele></trkpt>
    <trkpt lat="37.167463" lon="-3.590117"><ele>675.5</ele></trkpt>
    <trkpt lat="37.167463" lon="-3.590117"><ele>675.4</ele></trkpt>
    <trkpt lat="37.16796" lon="-3.590868"><ele>674.3</ele></trkpt>
    <trkpt lat="37.168457" lon="-3.59162"><ele>672.8</ele></trkpt>
    <trkpt lat="37.168465" lon="-3.591632"><ele>672.8</ele></trkpt>
    <trkpt lat="37.168473" lon="-3.591644"><ele>672.8</ele></trkpt>
    <trkpt lat="37.168483" lon="-3.591663"><ele>672.8</ele></trkpt>
    <trkpt lat="37.168589" lon="-3.591873"><ele>672.4</ele></trkpt>
    <trkpt lat="37.168619" lon="-3.591943"><ele>672.3</ele></trkpt>
    <trkpt lat="37.168628" lon="-3.591965"><ele>672.3</ele></trkpt>
    <trkpt lat="37.168638" lon="-3.591988"><ele>672.3</ele></trkpt>
    <trkpt lat="37.16869" lon="-3.592111"><ele>672.1</ele></trkpt>
    <trkpt lat="37.168783" lon="-3.592417"><ele>671.8</ele></trkpt>
    <trkpt lat="37.168811" lon="-3.592535"><ele>671.7</ele></trkpt>
    <trkpt lat="37.168835" lon="-3.592634"><ele>671.6</ele></trkpt>
    <trkpt lat="37.168846" lon="-3.592682"><ele>671.5</ele></trkpt>
    <trkpt lat="37.168859" lon="-3.592733"><ele>671.5</ele></trkpt>
    <trkpt lat="37.168909" lon="-3.592944"><ele>671.4</ele></trkpt>
    <trkpt lat="37.16891" lon="-3.592948"><ele>671.4</ele></trkpt>
    <trkpt lat="37.168928" lon="-3.59308"><ele>671.3</ele></trkpt>
    <trkpt lat="37.168945" lon="-3.593204"><ele>671.3</ele></trkpt>
    <trkpt lat="37.168958" lon="-3.593302"><ele>671.3</ele></trkpt>
    <trkpt lat="37.168958" lon="-3.593319"><ele>671.2</ele></trkpt>
    <trkpt lat="37.168958" lon="-3.593404"><ele>671.2</ele></trkpt>
    <trkpt lat="37.168958" lon="-3.593666"><ele>671.1</ele></trkpt>
    <trkpt lat="37.168943" lon="-3.593763"><ele>671</ele></trkpt>
    <trkpt lat="37.168929" lon="-3.593856"><ele>670.9</ele></trkpt>
    <trkpt lat="37.168904" lon="-3.594022"><ele>670.8</ele></trkpt>
    <trkpt lat="37.168901" lon="-3.594034"><ele>670.8</ele></trkpt>
    <trkpt lat="37.168855" lon="-3.59419"><ele>670.8</ele></trkpt>
    <trkpt lat="37.168796" lon="-3.594357"><ele>670.7</ele></trkpt>
    <trkpt lat="37.168662" lon="-3.594634"><ele>670.5</ele></trkpt>
    <trkpt lat="37.168642" lon="-3.594674"><ele>670.5</ele></trkpt>
    <trkpt lat="37.168629" lon="-3.594703"><ele>670.5</ele></trkpt>
    <trkpt lat="37.168629" lon="-3.594703"><ele>670.4</ele></trkpt>
    <trkpt lat="37.168195" lon="-3.595586"><ele>670.3</ele></trkpt>
    <trkpt lat="37.168168" lon="-3.595639"><ele>670.4</ele></trkpt>
    <trkpt lat="37.168096" lon="-3.595759"><ele>670.4</ele></trkpt>
    <trkpt lat="37.16807" lon="-3.595803"><ele>670.5</ele></trkpt>
    <trkpt lat="37.16802" lon="-3.595863"><ele>670.5</ele></trkpt>
    <trkpt lat="37.16798" lon="-3.595912"><ele>670.6</ele></trkpt>
    <trkpt lat="37.167925" lon="-3.595987"><ele>670.6</ele></trkpt>
    <trkpt lat="37.167828" lon="-3.596117"><ele>670.7</ele></trkpt>
    <trkpt lat="37.167826" lon="-3.596121"><ele>670.7</ele></trkpt>
    <trkpt lat="37.167762" lon="-3.596294"><ele>670.8</ele></trkpt>
    <trkpt lat="37.167645" lon="-3.596299"><ele>670.9</ele></trkpt>
    <trkpt lat="37.167602" lon="-3.596402"><ele>670.9</ele></trkpt>
    <trkpt lat="37.167523" lon="-3.596443"><ele>670.9</ele></trkpt>
    <trkpt lat="37.167454" lon="-3.596495"><ele>671</ele></trkpt>
    <trkpt lat="37.167337" lon="-3.596648"><ele>671</ele></trkpt>
    <trkpt lat="37.166835" lon="-3.597748"><ele>670.7</ele></trkpt>
    <trkpt lat="37.166762" lon="-3.597975"><ele>670.6</ele></trkpt>
    <trkpt lat="37.166741" lon="-3.59804"><ele>670.5</ele></trkpt>
    <trkpt lat="37.166742" lon="-3.598049"><ele>670.5</ele></trkpt>
    <trkpt lat="37.166747" lon="-3.598154"><ele>670.5</ele></trkpt>
    <trkpt lat="37.166768" lon="-3.598333"><ele>670.3</ele></trkpt>
    <trkpt lat="37.16675" lon="-3.598416"><ele>670.2</ele></trkpt>
    <trkpt lat="37.166743" lon="-3.598429"><ele>670.2</ele></trkpt>
    <trkpt lat="37.166669" lon="-3.598554"><ele>670.1</ele></trkpt>
    <trkpt lat="37.166562" lon="-3.598615"><ele>670</ele></trkpt>
    <trkpt lat="37.166545" lon="-3.598624"><ele>669.9</ele></trkpt>
    <trkpt lat="37.166408" lon="-3.598609"><ele>669.8</ele></trkpt>
    <trkpt lat="37.16629" lon="-3.598634"><ele>669.7</ele></trkpt>
    <trkpt lat="37.16625" lon="-3.598642"><ele>669.6</ele></trkpt>
    <trkpt lat="37.16611" lon="-3.598702"><ele>669.5</ele></trkpt>
    <trkpt lat="37.166104" lon="-3.598707"><ele>669.5</ele></trkpt>
    <trkpt lat="37.166022" lon="-3.598772"><ele>669.4</ele></trkpt>
    <trkpt lat="37.165999" lon="-3.598791"><ele>669.3</ele></trkpt>
    <trkpt lat="37.16588" lon="-3.598887"><ele>669.2</ele></trkpt>
    <trkpt lat="37.165828" lon="-3.598931"><ele>669.1</ele></trkpt>
    <trkpt lat="37.165279" lon="-3.599394"><ele>668.6</ele></trkpt>
    <trkpt lat="37.165026" lon="-3.599607"><ele>668.1</ele></trkpt>
    <trkpt lat="37.164888" lon="-3.599723"><ele>668</ele></trkpt>
    <trkpt lat="37.164865" lon="-3.599743"><ele>667.9</ele></trkpt>
    <trkpt lat="37.164665" lon="-3.599914"><ele>667.7</ele></trkpt>
    <trkpt lat="37.164449" lon="-3.600093"><ele>667.4</ele></trkpt>
    <trkpt lat="37.164233" lon="-3.600274"><ele>667.2</ele></trkpt>
    <trkpt lat="37.164097" lon="-3.600383"><ele>667</ele></trkpt>
    <trkpt lat="37.163793" lon="-3.600677"><ele>666.5</ele></trkpt>
    <trkpt lat="37.163475" lon="-3.601002"><ele>665.8</ele></trkpt>
    <trkpt lat="37.163306" lon="-3.601269"><ele>665.4</ele></trkpt>
    <trkpt lat="37.163295" lon="-3.601291"><ele>665.3</ele></trkpt>
    <trkpt lat="37.163398" lon="-3.601656"><ele>664.9</ele></trkpt>
    <trkpt lat="37.16346" lon="-3.601696"><ele>664.8</ele></trkpt>
    <trkpt lat="37.164722" lon="-3.602468"><ele>664.3</ele></trkpt>
    <trkpt lat="37.164786" lon="-3.602508"><ele>664.3</ele></trkpt>
    <trkpt lat="37.165312" lon="-3.60283"><ele>664.4</ele></trkpt>
    <trkpt lat="37.165438" lon="-3.602907"><ele>664.5</ele></trkpt>
    <trkpt lat="37.165574" lon="-3.602989"><ele>664.6</ele></trkpt>
    <trkpt lat="37.165634" lon="-3.603028"><ele>664.8</ele></trkpt>
    <trkpt lat="37.165786" lon="-3.603123"><ele>665</ele></trkpt>
    <trkpt lat="37.165846" lon="-3.603154"><ele>665.1</ele></trkpt>
    <trkpt lat="37.166002" lon="-3.60325"><ele>665.4</ele></trkpt>
    <trkpt lat="37.166573" lon="-3.6036"><ele>666.7</ele></trkpt>
    <trkpt lat="37.166673" lon="-3.60366"><ele>666.9</ele></trkpt>
    <trkpt lat="37.167501" lon="-3.604168"><ele>669</ele></trkpt>
    <trkpt lat="37.167565" lon="-3.604207"><ele>669</ele></trkpt>
    <trkpt lat="37.167767" lon="-3.604332"><ele>669.1</ele></trkpt>
    <trkpt lat="37.168034" lon="-3.604496"><ele>669.2</ele></trkpt>
    <trkpt lat="37.16834" lon="-3.604685"><ele>669.3</ele></trkpt>
    <trkpt lat="37.168818" lon="-3.604975"><ele>669.5</ele></trkpt>
    <trkpt lat="37.169019" lon="-3.605097"><ele>669.6</ele></trkpt>
    <trkpt lat="37.169504" lon="-3.605395"><ele>670.1</ele></trkpt>
    <trkpt lat="37.169622" lon="-3.605467"><ele>670.5</ele></trkpt>
    <trkpt lat="37.169726" lon="-3.605531"><ele>670.9</ele></trkpt>
    <trkpt lat="37.16991" lon="-3.605644"><ele>671.6</ele></trkpt>
    <trkpt lat="37.170157" lon="-3.605791"><ele>672.6</ele></trkpt>
    <trkpt lat="37.17028" lon="-3.605643"><ele>673.3</ele></trkpt>
    <trkpt lat="37.170298" lon="-3.605609"><ele>673.4</ele></trkpt>
    <trkpt lat="37.170442" lon="-3.605342"><ele>674.6</ele></trkpt>
    <trkpt lat="37.170626" lon="-3.605001"><ele>676.3</ele></trkpt>
    <trkpt lat="37.170697" lon="-3.604869"><ele>676.9</ele></trkpt>
    <trkpt lat="37.171116" lon="-3.604098"><ele>681.2</ele></trkpt>
    <trkpt lat="37.171179" lon="-3.603977"><ele>681.7</ele></trkpt>
    <trkpt lat="37.171452" lon="-3.603458"><ele>683.5</ele></trkpt>
    <trkpt lat="37.171508" lon="-3.60335"><ele>683.8</ele></trkpt>
    <trkpt lat="37.1716" lon="-3.603179"><ele>684.2</ele></trkpt>
    <trkpt lat="37.171642" lon="-3.603103"><ele>684.3</ele></trkpt>
    <trkpt lat="37.171913" lon="-3.602612"><ele>685.1</ele></trkpt>
    <trkpt lat="37.171929" lon="-3.602582"><ele>685.1</ele></trkpt>
    <trkpt lat="37.171984" lon="-3.60248"><ele>685.2</ele></trkpt>
    <trkpt lat="37.172359" lon="-3.601785"><ele>685.7</ele></trkpt>
    <trkpt lat="37.172406" lon="-3.601698"><ele>685.8</ele></trkpt>
    <trkpt lat="37.173046" lon="-3.600524"><ele>686.8</ele></trkpt>
    <trkpt lat="37.173137" lon="-3.600366"><ele>686.7</ele></trkpt>
    <trkpt lat="37.173195" lon="-3.600265"><ele>686.6</ele></trkpt>
    <trkpt lat="37.173289" lon="-3.600124"><ele>686.3</ele></trkpt>
    <trkpt lat="37.173397" lon="-3.59996"><ele>685.8</ele></trkpt>
    <trkpt lat="37.173439" lon="-3.599807"><ele>685.3</ele></trkpt>
    <trkpt lat="37.173445" lon="-3.599672"><ele>684.8</ele></trkpt>
    <trkpt lat="37.173397" lon="-3.599707"><ele>684.6</ele></trkpt>
    <trkpt lat="37.173344" lon="-3.599708"><ele>684.4</ele></trkpt>
    <trkpt lat="37.173246" lon="-3.599673"><ele>683.8</ele></trkpt>
    <trkpt lat="37.173215" lon="-3.599662"><ele>683.7</ele></trkpt>
    <trkpt lat="37.172738" lon="-3.599456"><ele>681.2</ele></trkpt>
    <trkpt lat="37.172567" lon="-3.599355"><ele>680.6</ele></trkpt>
    <trkpt lat="37.17217" lon="-3.599139"><ele>679.6</ele></trkpt>
    <trkpt lat="37.172075" lon="-3.599086"><ele>679.4</ele></trkpt>
    <trkpt lat="37.171872" lon="-3.598984"><ele>679.2</ele></trkpt>
    <trkpt lat="37.171481" lon="-3.598765"><ele>679.7</ele></trkpt>
    <trkpt lat="37.171395" lon="-3.598713"><ele>680</ele></trkpt>
    <trkpt lat="37.170787" lon="-3.598331"><ele>681.6</ele></trkpt>
    <trkpt lat="37.170404" lon="-3.598074"><ele>681.3</ele></trkpt>
    <trkpt lat="37.170221" lon="-3.597951"><ele>680.8</ele></trkpt>
    <trkpt lat="37.169707" lon="-3.597509"><ele>678.2</ele></trkpt>
    <trkpt lat="37.169611" lon="-3.597426"><ele>677.6</ele></trkpt>
    <trkpt lat="37.169398" lon="-3.597243"><ele>676.1</ele></trkpt>
    <trkpt lat="37.169155" lon="-3.597027"><ele>674.4</ele></trkpt>
    <trkpt lat="37.169008" lon="-3.596891"><ele>673.5</ele></trkpt>
    <trkpt lat="37.169078" lon="-3.596872"><ele>673.2</ele></trkpt>
    <trkpt lat="37.169133" lon="-3.596761"><ele>672.7</ele></trkpt>
    <trkpt lat="37.169133" lon="-3.596761"><ele>672.8</ele></trkpt>
    <trkpt lat="37.169453" lon="-3.596126"><ele>670.7</ele></trkpt>
    <trkpt lat="37.169487" lon="-3.596062"><ele>670.6</ele></trkpt>
    <trkpt lat="37.169518" lon="-3.596001"><ele>670.5</ele></trkpt>
    <trkpt lat="37.169543" lon="-3.595952"><ele>670.4</ele></trkpt>
    <trkpt lat="37.169555" lon="-3.595879"><ele>670.3</ele></trkpt>
    <trkpt lat="37.169558" lon="-3.595862"><ele>670.2</ele></trkpt>
    <trkpt lat="37.169564" lon="-3.595826"><ele>670.2</ele></trkpt>
    <trkpt lat="37.169576" lon="-3.595756"><ele>670.1</ele></trkpt>
    <trkpt lat="37.169549" lon="-3.595751"><ele>670.1</ele></trkpt>
    <trkpt lat="37.169536" lon="-3.595749"><ele>670.1</ele></trkpt>
    <trkpt lat="37.169542" lon="-3.595687"><ele>670</ele></trkpt>
    <trkpt lat="37.169619" lon="-3.594968"><ele>669.5</ele></trkpt>
    <trkpt lat="37.16966" lon="-3.594975"><ele>669.5</ele></trkpt>
    <trkpt lat="37.169666" lon="-3.594921"><ele>669.6</ele></trkpt>
    <trkpt lat="37.169677" lon="-3.594816"><ele>669.6</ele></trkpt>
    <trkpt lat="37.169702" lon="-3.594598"><ele>669.7</ele></trkpt>
    <trkpt lat="37.169706" lon="-3.594556"><ele>669.7</ele></trkpt>
    <trkpt lat="37.169716" lon="-3.594467"><ele>669.7</ele></trkpt>
    <trkpt lat="37.169744" lon="-3.594208"><ele>669.8</ele></trkpt>
    <trkpt lat="37.169766" lon="-3.594004"><ele>669.9</ele></trkpt>
    <trkpt lat="37.169766" lon="-3.594004"><ele>669.9</ele></trkpt>
    <trkpt lat="37.169847" lon="-3.593203"><ele>670.4</ele></trkpt>
    <trkpt lat="37.169817" lon="-3.593089"><ele>670.5</ele></trkpt>
    <trkpt lat="37.169749" lon="-3.59283"><ele>670.7</ele></trkpt>
    <trkpt lat="37.169732" lon="-3.592773"><ele>670.8</ele></trkpt>
    <trkpt lat="37.169711" lon="-3.592708"><ele>670.8</ele></trkpt>
    <trkpt lat="37.1697" lon="-3.592674"><ele>670.9</ele></trkpt>
    <trkpt lat="37.169677" lon="-3.592599"><ele>671</ele></trkpt>
    <trkpt lat="37.169651" lon="-3.592518"><ele>671.1</ele></trkpt>
    <trkpt lat="37.169635" lon="-3.592465"><ele>671.1</ele></trkpt>
    <trkpt lat="37.169575" lon="-3.592319"><ele>671.3</ele></trkpt>
    <trkpt lat="37.169546" lon="-3.592248"><ele>671.4</ele></trkpt>
    <trkpt lat="37.16954" lon="-3.592234"><ele>671.4</ele></trkpt>
    <trkpt lat="37.169524" lon="-3.592194"><ele>671.5</ele></trkpt>
    <trkpt lat="37.169457" lon="-3.59203"><ele>671.7</ele></trkpt>
    <trkpt lat="37.169405" lon="-3.591918"><ele>672</ele></trkpt>
    <trkpt lat="37.169382" lon="-3.591868"><ele>672.1</ele></trkpt>
    <trkpt lat="37.169331" lon="-3.591758"><ele>672.3</ele></trkpt>
    <trkpt lat="37.169325" lon="-3.591744"><ele>672.3</ele></trkpt>
    <trkpt lat="37.169316" lon="-3.591724"><ele>672.4</ele></trkpt>
    <trkpt lat="37.169305" lon="-3.5917"><ele>672.5</ele></trkpt>
    <trkpt lat="37.169298" lon="-3.591685"><ele>672.5</ele></trkpt>
    <trkpt lat="37.169292" lon="-3.591672"><ele>672.5</ele></trkpt>
    <trkpt lat="37.169259" lon="-3.591601"><ele>672.7</ele></trkpt>
    <trkpt lat="37.169248" lon="-3.591578"><ele>672.8</ele></trkpt>
    <trkpt lat="37.169241" lon="-3.591562"><ele>672.8</ele></trkpt>
    <trkpt lat="37.16922" lon="-3.591516"><ele>672.9</ele></trkpt>
    <trkpt lat="37.169163" lon="-3.591393"><ele>673.3</ele></trkpt>
    <trkpt lat="37.169116" lon="-3.591291"><ele>673.6</ele></trkpt>
    <trkpt lat="37.169114" lon="-3.591224"><ele>673.8</ele></trkpt>
    <trkpt lat="37.169159" lon="-3.591193"><ele>674</ele></trkpt>
    <trkpt lat="37.169193" lon="-3.59117"><ele>674.2</ele></trkpt>
    <trkpt lat="37.169277" lon="-3.591109"><ele>674.6</ele></trkpt>
    <trkpt lat="37.169368" lon="-3.591043"><ele>675</ele></trkpt>
    <trkpt lat="37.16937" lon="-3.591042"><ele>675</ele></trkpt>
    <trkpt lat="37.169385" lon="-3.59099"><ele>675.2</ele></trkpt>
    <trkpt lat="37.169389" lon="-3.590973"><ele>675.3</ele></trkpt>
    <trkpt lat="37.169382" lon="-3.590934"><ele>675.4</ele></trkpt>
    <trkpt lat="37.169374" lon="-3.590887"><ele>675.6</ele></trkpt>
    <trkpt lat="37.169352" lon="-3.590771"><ele>676</ele></trkpt>
    <trkpt lat="37.169341" lon="-3.590708"><ele>676.3</ele></trkpt>
    <trkpt lat="37.169327" lon="-3.590633"><ele>676.5</ele></trkpt>
    <trkpt lat="37.16932" lon="-3.590591"><ele>676.7</ele></trkpt>
    <trkpt lat="37.169175" lon="-3.5898"><ele>679.7</ele></trkpt>
    <trkpt lat="37.169075" lon="-3.589249"><ele>681.6</ele></trkpt>
    <trkpt lat="37.16905" lon="-3.589112"><ele>682</ele></trkpt>
    <trkpt lat="37.169038" lon="-3.589044"><ele>682.2</ele></trkpt>
    <trkpt lat="37.168961" lon="-3.588617"><ele>683.6</ele></trkpt>
    <trkpt lat="37.168886" lon="-3.588204"><ele>684.8</ele></trkpt>
    <trkpt lat="37.168836" lon="-3.587924"><ele>685.6</ele></trkpt>
    <trkpt lat="37.168781" lon="-3.587633"><ele>686.5</ele></trkpt>
    <trkpt lat="37.168796" lon="-3.587554"><ele>686.7</ele></trkpt>
    <trkpt lat="37.16888" lon="-3.587478"><ele>687.1</ele></trkpt>
    <trkpt lat="37.16898" lon="-3.587578"><ele>687.5</ele></trkpt>
    <trkpt lat="37.169034" lon="-3.587753"><ele>688</ele></trkpt>
    <trkpt lat="37.16914" lon="-3.587987"><ele>688.8</ele></trkpt>
    <trkpt lat="37.169239" lon="-3.588206"><ele>689.6</ele></trkpt>
    <trkpt lat="37.16926" lon="-3.588253"><ele>689.8</ele></trkpt>
    <trkpt lat="37.169344" lon="-3.588403"><ele>690.7</ele></trkpt>
    <trkpt lat="37.169401" lon="-3.588504"><ele>691.3</ele></trkpt>
    <trkpt lat="37.169534" lon="-3.588739"><ele>693.1</ele></trkpt>
    <trkpt lat="37.16968" lon="-3.589052"><ele>695.6</ele></trkpt>
    <trkpt lat="37.169756" lon="-3.589302"><ele>697.4</ele></trkpt>
    <trkpt lat="37.169807" lon="-3.589239"><ele>698.1</ele></trkpt>
    <trkpt lat="37.170201" lon="-3.588733"><ele>703.6</ele></trkpt>
    <trkpt lat="37.170301" lon="-3.588681"><ele>704.8</ele></trkpt>
    <trkpt lat="37.170378" lon="-3.588674"><ele>705.7</ele></trkpt>
    <trkpt lat="37.170427" lon="-3.588669"><ele>706.2</ele></trkpt>
    <trkpt lat="37.170904" lon="-3.588623"><ele>711.9</ele></trkpt>
    <trkpt lat="37.171304" lon="-3.588583"><ele>716.2</ele></trkpt>
    <trkpt lat="37.171616" lon="-3.588557"><ele>719.1</ele></trkpt>
    <trkpt lat="37.172432" lon="-3.588772"><ele>728.5</ele></trkpt>
    <trkpt lat="37.172629" lon="-3.588804"><ele>730.6</ele></trkpt>
    <trkpt lat="37.172741" lon="-3.588887"><ele>732</ele></trkpt>
    <trkpt lat="37.172776" lon="-3.588898"><ele>732.4</ele></trkpt>
    <trkpt lat="37.172832" lon="-3.588912"><ele>733</ele></trkpt>
    <trkpt lat="37.173501" lon="-3.589413"><ele>740.9</ele></trkpt>
    <trkpt lat="37.173575" lon="-3.589469"><ele>741.9</ele></trkpt>
    <trkpt lat="37.17396" lon="-3.589753"><ele>747</ele></trkpt>
    <trkpt lat="37.174135" lon="-3.589869"><ele>749.1</ele></trkpt>
    <trkpt lat="37.174204" lon="-3.589884"><ele>749.8</ele></trkpt>
    <trkpt lat="37.174272" lon="-3.589863"><ele>750.6</ele></trkpt>
    <trkpt lat="37.174393" lon="-3.58977"><ele>752</ele></trkpt>
    <trkpt lat="37.17445" lon="-3.589634"><ele>753.2</ele></trkpt>
    <trkpt lat="37.174446" lon="-3.589563"><ele>753.8</ele></trkpt>
    <trkpt lat="37.174432" lon="-3.589509"><ele>754.3</ele></trkpt>
    <trkpt lat="37.174412" lon="-3.589444"><ele>754.8</ele></trkpt>
    <trkpt lat="37.174221" lon="-3.588932"><ele>760</ele></trkpt>
    <trkpt lat="37.174087" lon="-3.588354"><ele>764.4</ele></trkpt>
    <trkpt lat="37.174083" lon="-3.588326"><ele>764.6</ele></trkpt>
    <trkpt lat="37.174009" lon="-3.587758"><ele>767.8</ele></trkpt>
    <trkpt lat="37.174033" lon="-3.587502"><ele>769.3</ele></trkpt>
    <trkpt lat="37.17415" lon="-3.587009"><ele>772.2</ele></trkpt>
    <trkpt lat="37.174176" lon="-3.586967"><ele>772.5</ele></trkpt>
    <trkpt lat="37.174247" lon="-3.586877"><ele>773.3</ele></trkpt>
    <trkpt lat="37.174256" lon="-3.586779"><ele>773.8</ele></trkpt>
    <trkpt lat="37.174242" lon="-3.586725"><ele>774.2</ele></trkpt>
    <trkpt lat="37.174255" lon="-3.586495"><ele>775.6</ele></trkpt>
    <trkpt lat="37.174316" lon="-3.585497"><ele>782.9</ele></trkpt>
    <trkpt lat="37.174336" lon="-3.585466"><ele>783.2</ele></trkpt>
    <trkpt lat="37.174343" lon="-3.585335"><ele>784.2</ele></trkpt>
    <trkpt lat="37.174324" lon="-3.585212"><ele>785.1</ele></trkpt>
    <trkpt lat="37.174155" lon="-3.585008"><ele>787.3</ele></trkpt>
    <trkpt lat="37.174137" lon="-3.584948"><ele>787.7</ele></trkpt>
    <trkpt lat="37.174095" lon="-3.584885"><ele>788.4</ele></trkpt>
    <trkpt lat="37.17406" lon="-3.584817"><ele>789</ele></trkpt>
    <trkpt lat="37.1739" lon="-3.584424"><ele>792.8</ele></trkpt>
    <trkpt lat="37.173789" lon="-3.584185"><ele>795.1</ele></trkpt>
    <trkpt lat="37.173689" lon="-3.58412"><ele>796.1</ele></trkpt>
    <trkpt lat="37.173334" lon="-3.583972"><ele>799.4</ele></trkpt>
    <trkpt lat="37.173269" lon="-3.583921"><ele>800</ele></trkpt>
    <trkpt lat="37.173187" lon="-3.583797"><ele>801</ele></trkpt>
    <trkpt lat="37.173007" lon="-3.583267"><ele>804.4</ele></trkpt>
    <trkpt lat="37.172868" lon="-3.582999"><ele>806.3</ele></trkpt>
    <trkpt lat="37.172709" lon="-3.582691"><ele>808.2</ele></trkpt>
    <trkpt lat="37.171764" lon="-3.580912"><ele>817.2</ele></trkpt>
    <trkpt lat="37.171698" lon="-3.580776"><ele>817.7</ele></trkpt>
    <trkpt lat="37.171524" lon="-3.580574"><ele>818.7</ele></trkpt>
    <trkpt lat="37.171437" lon="-3.580553"><ele>819</ele></trkpt>
    <trkpt lat="37.171352" lon="-3.580564"><ele>819.2</ele></trkpt>
    <trkpt lat="37.171203" lon="-3.580702"><ele>819.7</ele></trkpt>
    <trkpt lat="37.170623" lon="-3.581432"><ele>819.7</ele></trkpt>
    <trkpt lat="37.170521" lon="-3.581531"><ele>819.2</ele></trkpt>
    <trkpt lat="37.170318" lon="-3.581663"><ele>817.8</ele></trkpt>
    <trkpt lat="37.169846" lon="-3.581796"><ele>813.5</ele></trkpt>
    <trkpt lat="37.169796" lon="-3.581818"><ele>812.9</ele></trkpt>
    <trkpt lat="37.169692" lon="-3.581877"><ele>811.8</ele></trkpt>
    <trkpt lat="37.169579" lon="-3.581983"><ele>810.3</ele></trkpt>
    <trkpt lat="37.16945" lon="-3.582182"><ele>808.2</ele></trkpt>
    <trkpt lat="37.169385" lon="-3.582402"><ele>806.2</ele></trkpt>
    <trkpt lat="37.169385" lon="-3.582726"><ele>803.6</ele></trkpt>
    <trkpt lat="37.169436" lon="-3.582915"><ele>802.1</ele></trkpt>
    <trkpt lat="37.169477" lon="-3.583006"><ele>801.3</ele></trkpt>
    <trkpt lat="37.169495" lon="-3.583045"><ele>801</ele></trkpt>
    <trkpt lat="37.169526" lon="-3.583101"><ele>800.4</ele></trkpt>
    <trkpt lat="37.169593" lon="-3.583215"><ele>799.3</ele></trkpt>
    <trkpt lat="37.170033" lon="-3.584003"><ele>791.2</ele></trkpt>
    <trkpt lat="37.170093" lon="-3.584145"><ele>789.9</ele></trkpt>
    <trkpt lat="37.170119" lon="-3.584274"><ele>788.8</ele></trkpt>
    <trkpt lat="37.170086" lon="-3.584519"><ele>786.7</ele></trkpt>
    <trkpt lat="37.169994" lon="-3.58467"><ele>785.1</ele></trkpt>
    <trkpt lat="37.169944" lon="-3.584711"><ele>784.5</ele></trkpt>
    <trkpt lat="37.169872" lon="-3.584753"><ele>783.6</ele></trkpt>
    <trkpt lat="37.169724" lon="-3.584769"><ele>782.1</ele></trkpt>
    <trkpt lat="37.169589" lon="-3.584729"><ele>780.6</ele></trkpt>
    <trkpt lat="37.169286" lon="-3.584504"><ele>776.9</ele></trkpt>
    <trkpt lat="37.16918" lon="-3.584393"><ele>775.5</ele></trkpt>
    <trkpt lat="37.169086" lon="-3.584294"><ele>774.4</ele></trkpt>
    <trkpt lat="37.169035" lon="-3.584205"><ele>773.6</ele></trkpt>
    <trkpt lat="37.168991" lon="-3.584126"><ele>773</ele></trkpt>
    <trkpt lat="37.168919" lon="-3.583952"><ele>771.8</ele></trkpt>
    <trkpt lat="37.16876" lon="-3.583399"><ele>769.8</ele></trkpt>
    <trkpt lat="37.168735" lon="-3.583311"><ele>769.5</ele></trkpt>
    <trkpt lat="37.168657" lon="-3.583041"><ele>768.6</ele></trkpt>
    <trkpt lat="37.168526" lon="-3.582723"><ele>767.5</ele></trkpt>
    <trkpt lat="37.1683" lon="-3.582316"><ele>765.7</ele></trkpt>
    <trkpt lat="37.167135" lon="-3.580544"><ele>755.4</ele></trkpt>
    <trkpt lat="37.166885" lon="-3.5801"><ele>751.9</ele></trkpt>
    <trkpt lat="37.16662" lon="-3.579514"><ele>747.9</ele></trkpt>
    <trkpt lat="37.166606" lon="-3.579482"><ele>747.7</ele></trkpt>
    <trkpt lat="37.166379" lon="-3.578848"><ele>744</ele></trkpt>
    <trkpt lat="37.166121" lon="-3.578013"><ele>739.8</ele></trkpt>
    <trkpt lat="37.166078" lon="-3.577869"><ele>739.1</ele></trkpt>
    <trkpt lat="37.165709" lon="-3.57665"><ele>733.1</ele></trkpt>
    <trkpt lat="37.165465" lon="-3.575849"><ele>728.8</ele></trkpt>
    <trkpt lat="37.164875" lon="-3.5739"><ele>717.9</ele></trkpt>
    <trkpt lat="37.164689" lon="-3.573383"><ele>714.9</ele></trkpt>
    <trkpt lat="37.16449" lon="-3.572996"><ele>712.4</ele></trkpt>
    <trkpt lat="37.164024" lon="-3.572266"><ele>707.3</ele></trkpt>
    <trkpt lat="37.163953" lon="-3.572158"><ele>706.6</ele></trkpt>
    <trkpt lat="37.163643" lon="-3.571695"><ele>703.4</ele></trkpt>
    <trkpt lat="37.163461" lon="-3.571413"><ele>701.4</ele></trkpt>
    <trkpt lat="37.163331" lon="-3.571343"><ele>700.4</ele></trkpt>
    <trkpt lat="37.163307" lon="-3.571349"><ele>700.2</ele></trkpt>
    <trkpt lat="37.163255" lon="-3.57144"><ele>699.6</ele></trkpt>
    <trkpt lat="37.163216" lon="-3.571641"><ele>698.4</ele></trkpt>
    <trkpt lat="37.163516" lon="-3.572941"><ele>692.7</ele></trkpt>
    <trkpt lat="37.163633" lon="-3.573806"><ele>690</ele></trkpt>
    <trkpt lat="37.163635" lon="-3.574117"><ele>689.3</ele></trkpt>
    <trkpt lat="37.163655" lon="-3.574241"><ele>689</ele></trkpt>
    <trkpt lat="37.163694" lon="-3.574492"><ele>688.5</ele></trkpt>
    <trkpt lat="37.163705" lon="-3.57456"><ele>688.4</ele></trkpt>
    <trkpt lat="37.16382" lon="-3.575284"><ele>686.9</ele></trkpt>
    <trkpt lat="37.163863" lon="-3.575536"><ele>686.5</ele></trkpt>
    <trkpt lat="37.164012" lon="-3.576298"><ele>685.2</ele></trkpt>
    <trkpt lat="37.164068" lon="-3.576546"><ele>684.9</ele></trkpt>
    <trkpt lat="37.164076" lon="-3.576581"><ele>684.9</ele></trkpt>
    <trkpt lat="37.164096" lon="-3.576668"><ele>684.8</ele></trkpt>
    <trkpt lat="37.164433" lon="-3.578084"><ele>684.8</ele></trkpt>
    <trkpt lat="37.164464" lon="-3.578198"><ele>685</ele></trkpt>
    <trkpt lat="37.164491" lon="-3.578294"><ele>685</ele></trkpt>
    <trkpt lat="37.164637" lon="-3.578817"><ele>685.2</ele></trkpt>
    <trkpt lat="37.164714" lon="-3.579096"><ele>685.2</ele></trkpt>
    <trkpt lat="37.164794" lon="-3.579377"><ele>685.2</ele></trkpt>
    <trkpt lat="37.164988" lon="-3.580059"><ele>685.8</ele></trkpt>
    <trkpt lat="37.165009" lon="-3.580132"><ele>685.9</ele></trkpt>
    <trkpt lat="37.165089" lon="-3.580407"><ele>686</ele></trkpt>
    <trkpt lat="37.165325" lon="-3.581228"><ele>685.8</ele></trkpt>
    <trkpt lat="37.165393" lon="-3.581462"><ele>685.7</ele></trkpt>
    <trkpt lat="37.165523" lon="-3.581908"><ele>685.5</ele></trkpt>
    <trkpt lat="37.165563" lon="-3.582048"><ele>685.5</ele></trkpt>
    <trkpt lat="37.165637" lon="-3.582306"><ele>685.2</ele></trkpt>
    <trkpt lat="37.165697" lon="-3.582513"><ele>684.9</ele></trkpt>
    <trkpt lat="37.165841" lon="-3.583016"><ele>683.8</ele></trkpt>
    <trkpt lat="37.165908" lon="-3.583246"><ele>683.4</ele></trkpt>
    <trkpt lat="37.165948" lon="-3.583387"><ele>683.2</ele></trkpt>
    <trkpt lat="37.166101" lon="-3.583919"><ele>682.5</ele></trkpt>
    <trkpt lat="37.166235" lon="-3.584381"><ele>682.3</ele></trkpt>
    <trkpt lat="37.166274" lon="-3.584517"><ele>682.2</ele></trkpt>
    <trkpt lat="37.166349" lon="-3.584781"><ele>682</ele></trkpt>
    <trkpt lat="37.16649" lon="-3.585271"><ele>681.9</ele></trkpt>
    <trkpt lat="37.166502" lon="-3.585313"><ele>681.9</ele></trkpt>
    <trkpt lat="37.166706" lon="-3.586019"><ele>681.9</ele></trkpt>
    <trkpt lat="37.16688" lon="-3.586623"><ele>681.7</ele></trkpt>
    <trkpt lat="37.166919" lon="-3.586759"><ele>681.6</ele></trkpt>
    <trkpt lat="37.16703" lon="-3.587146"><ele>681.2</ele></trkpt>
    <trkpt lat="37.167146" lon="-3.587448"><ele>680.8</ele></trkpt>
    <trkpt lat="37.167234" lon="-3.587604"><ele>680.5</ele></trkpt>
    <trkpt lat="37.167547" lon="-3.587862"><ele>679.7</ele></trkpt>
    <trkpt lat="37.167677" lon="-3.588116"><ele>679</ele></trkpt>
    <trkpt lat="37.167721" lon="-3.588211"><ele>678.8</ele></trkpt>
    <trkpt lat="37.167899" lon="-3.588604"><ele>677.7</ele></trkpt>
    <trkpt lat="37.167946" lon="-3.588714"><ele>677.4</ele></trkpt>
    <trkpt lat="37.167947" lon="-3.588785"><ele>677.3</ele></trkpt>
    <trkpt lat="37.167975" lon="-3.588813"><ele>677.2</ele></trkpt>
    <trkpt lat="37.167995" lon="-3.588932"><ele>677</ele></trkpt>
    <trkpt lat="37.167974" lon="-3.58898"><ele>676.9</ele></trkpt>
    <trkpt lat="37.167902" lon="-3.589039"><ele>676.8</ele></trkpt>
    <trkpt lat="37.167828" lon="-3.589042"><ele>676.7</ele></trkpt>
    <trkpt lat="37.167762" lon="-3.588976"><ele>676.7</ele></trkpt>
    <trkpt lat="37.167545" lon="-3.589147"><ele>676.5</ele></trkpt>
    <trkpt lat="37.167388" lon="-3.589306"><ele>676.5</ele></trkpt>
    <trkpt lat="37.167309" lon="-3.589385"><ele>676.5</ele></trkpt>
    <trkpt lat="37.167248" lon="-3.589446"><ele>676.5</ele></trkpt>
    <trkpt lat="37.167309" lon="-3.589385"><ele>676.5</ele></trkpt>
    <trkpt lat="37.167388" lon="-3.589306"><ele>676.6</ele></trkpt>
    <trkpt lat="37.167545" lon="-3.589147"><ele>676.8</ele></trkpt>
    <trkpt lat="37.167762" lon="-3.588976"><ele>677.2</ele></trkpt>
    <trkpt lat="37.167756" lon="-3.588933"><ele>677.2</ele></trkpt>
    <trkpt lat="37.167762" lon="-3.588892"><ele>677.3</ele></trkpt>
    <trkpt lat="37.167662" lon="-3.588818"><ele>677.5</ele></trkpt>
    <trkpt lat="37.167644" lon="-3.588779"><ele>677.6</ele></trkpt>
    <trkpt lat="37.167435" lon="-3.588308"><ele>679.1</ele></trkpt>
    <trkpt lat="37.167328" lon="-3.588068"><ele>679.7</ele></trkpt>
    <trkpt lat="37.167208" lon="-3.587798"><ele>680.4</ele></trkpt>
    <trkpt lat="37.167166" lon="-3.587728"><ele>680.5</ele></trkpt>
    <trkpt lat="37.16711" lon="-3.587507"><ele>681</ele></trkpt>
    <trkpt lat="37.1671" lon="-3.58747"><ele>681.1</ele></trkpt>
    <trkpt lat="37.16703" lon="-3.587146"><ele>681.6</ele></trkpt>
    <trkpt lat="37.166947" lon="-3.586857"><ele>681.8</ele></trkpt>
    <trkpt lat="37.166919" lon="-3.586759"><ele>681.8</ele></trkpt>
    <trkpt lat="37.1669" lon="-3.586695"><ele>681.8</ele></trkpt>
    <trkpt lat="37.166919" lon="-3.586759"><ele>681.8</ele></trkpt>
    <trkpt lat="37.166947" lon="-3.586857"><ele>681.7</ele></trkpt>
    <trkpt lat="37.16703" lon="-3.587146"><ele>681.5</ele></trkpt>
    <trkpt lat="37.167146" lon="-3.587448"><ele>680.9</ele></trkpt>
    <trkpt lat="37.167234" lon="-3.587604"><ele>680.6</ele></trkpt>
    <trkpt lat="37.167547" lon="-3.587862"><ele>679.7</ele></trkpt>
    <trkpt lat="37.167677" lon="-3.588116"><ele>679</ele></trkpt>
    <trkpt lat="37.167721" lon="-3.588211"><ele>678.8</ele></trkpt>
    <trkpt lat="37.167899" lon="-3.588604"><ele>677.7</ele></trkpt>
    <trkpt lat="37.167946" lon="-3.588714"><ele>677.4</ele></trkpt>
    <trkpt lat="37.167947" lon="-3.588785"><ele>677.3</ele></trkpt>
    <trkpt lat="37.167975" lon="-3.588813"><ele>677.2</ele></trkpt>
    <trkpt lat="37.167995" lon="-3.588932"><ele>677.1</ele></trkpt>
    <trkpt lat="37.167974" lon="-3.58898"><ele>677.1</ele></trkpt>
    <trkpt lat="37.167902" lon="-3.589039"><ele>677</ele></trkpt>
    <trkpt lat="37.167828" lon="-3.589042"><ele>676.9</ele></trkpt>
    <trkpt lat="37.167762" lon="-3.588976"><ele>676.8</ele></trkpt>
    <trkpt lat="37.167545" lon="-3.589147"><ele>676.6</ele></trkpt>
    <trkpt lat="37.167388" lon="-3.589306"><ele>676.5</ele></trkpt>
    <trkpt lat="37.167309" lon="-3.589385"><ele>676.3</ele></trkpt>
    <trkpt lat="37.167177" lon="-3.589517"><ele>676.1</ele></trkpt>
    <trkpt lat="37.167111" lon="-3.589583"><ele>676</ele></trkpt>
    <trkpt lat="37.167187" lon="-3.589698"><ele>676</ele></trkpt>
    <trkpt lat="37.167422" lon="-3.590055"><ele>675.6</ele></trkpt>
    <trkpt lat="37.167443" lon="-3.590088"><ele>675.5</ele></trkpt>
    <trkpt lat="37.167463" lon="-3.590117"><ele>675.5</ele></trkpt>
    <trkpt lat="37.167482" lon="-3.590147"><ele>675.5</ele></trkpt>
    <trkpt lat="37.167482" lon="-3.590147"><ele>675.4</ele></trkpt>
    <trkpt lat="37.167983" lon="-3.590905"><ele>674.3</ele></trkpt>
    <trkpt lat="37.168483" lon="-3.591663"><ele>672.8</ele></trkpt>
    <trkpt lat="37.168589" lon="-3.591873"><ele>672.5</ele></trkpt>
    <trkpt lat="37.168619" lon="-3.591943"><ele>672.4</ele></trkpt>
    <trkpt lat="37.168628" lon="-3.591965"><ele>672.3</ele></trkpt>
    <trkpt lat="37.168638" lon="-3.591988"><ele>672.3</ele></trkpt>
    <trkpt lat="37.16869" lon="-3.592111"><ele>672.1</ele></trkpt>
    <trkpt lat="37.168783" lon="-3.592417"><ele>671.8</ele></trkpt>
    <trkpt lat="37.168811" lon="-3.592535"><ele>671.7</ele></trkpt>
    <trkpt lat="37.168835" lon="-3.592634"><ele>671.6</ele></trkpt>
    <trkpt lat="37.168846" lon="-3.592682"><ele>671.6</ele></trkpt>
    <trkpt lat="37.168859" lon="-3.592733"><ele>671.5</ele></trkpt>
    <trkpt lat="37.168909" lon="-3.592944"><ele>671.4</ele></trkpt>
    <trkpt lat="37.16891" lon="-3.592948"><ele>671.4</ele></trkpt>
    <trkpt lat="37.168928" lon="-3.59308"><ele>671.3</ele></trkpt>
    <trkpt lat="37.168945" lon="-3.593204"><ele>671.3</ele></trkpt>
    <trkpt lat="37.168958" lon="-3.593302"><ele>671.3</ele></trkpt>
    <trkpt lat="37.168958" lon="-3.593319"><ele>671.2</ele></trkpt>
    <trkpt lat="37.168958" lon="-3.593404"><ele>671.2</ele></trkpt>
    <trkpt lat="37.168958" lon="-3.593666"><ele>671.1</ele></trkpt>
    <trkpt lat="37.168943" lon="-3.593763"><ele>671.1</ele></trkpt>
    <trkpt lat="37.168929" lon="-3.593856"><ele>671</ele></trkpt>
    <trkpt lat="37.168904" lon="-3.594022"><ele>671</ele></trkpt>
    <trkpt lat="37.168901" lon="-3.594034"><ele>671</ele></trkpt>
    <trkpt lat="37.168855" lon="-3.59419"><ele>670.9</ele></trkpt>
    <trkpt lat="37.168796" lon="-3.594357"><ele>670.8</ele></trkpt>
    <trkpt lat="37.168662" lon="-3.594634"><ele>670.7</ele></trkpt>
    <trkpt lat="37.168642" lon="-3.594674"><ele>670.6</ele></trkpt>
    <trkpt lat="37.168629" lon="-3.594703"><ele>670.6</ele></trkpt>
    <trkpt lat="37.168482" lon="-3.595005"><ele>670.5</ele></trkpt>
    <trkpt lat="37.168293" lon="-3.595395"><ele>670.5</ele></trkpt>
    <trkpt lat="37.16829" lon="-3.5954"><ele>670.5</ele></trkpt>
    <trkpt lat="37.168232" lon="-3.595513"><ele>670.5</ele></trkpt>
    <trkpt lat="37.168195" lon="-3.595586"><ele>670.5</ele></trkpt>
    <trkpt lat="37.168168" lon="-3.595639"><ele>670.6</ele></trkpt>
    <trkpt lat="37.168096" lon="-3.595759"><ele>670.6</ele></trkpt>
    <trkpt lat="37.16807" lon="-3.595803"><ele>670.7</ele></trkpt>
    <trkpt lat="37.16802" lon="-3.595863"><ele>670.7</ele></trkpt>
    <trkpt lat="37.16798" lon="-3.595912"><ele>670.7</ele></trkpt>
    <trkpt lat="37.167925" lon="-3.595987"><ele>670.8</ele></trkpt>
    <trkpt lat="37.167828" lon="-3.596117"><ele>670.8</ele></trkpt>
    <trkpt lat="37.167826" lon="-3.596121"><ele>670.8</ele></trkpt>
    <trkpt lat="37.167762" lon="-3.596294"><ele>670.9</ele></trkpt>
    <trkpt lat="37.167645" lon="-3.596299"><ele>670.9</ele></trkpt>
    <trkpt lat="37.167602" lon="-3.596402"><ele>670.9</ele></trkpt>
    <trkpt lat="37.167523" lon="-3.596443"><ele>670.9</ele></trkpt>
    <trkpt lat="37.167454" lon="-3.596495"><ele>671</ele></trkpt>
    <trkpt lat="37.167337" lon="-3.596648"><ele>671</ele></trkpt>
    <trkpt lat="37.166835" lon="-3.597748"><ele>670.7</ele></trkpt>
    <trkpt lat="37.166762" lon="-3.597975"><ele>670.6</ele></trkpt>
    <trkpt lat="37.166741" lon="-3.59804"><ele>670.5</ele></trkpt>
    <trkpt lat="37.166742" lon="-3.598049"><ele>670.5</ele></trkpt>
    <trkpt lat="37.166747" lon="-3.598154"><ele>670.5</ele></trkpt>
    <trkpt lat="37.166768" lon="-3.598333"><ele>670.3</ele></trkpt>
    <trkpt lat="37.16675" lon="-3.598416"><ele>670.2</ele></trkpt>
    <trkpt lat="37.166743" lon="-3.598429"><ele>670.2</ele></trkpt>
    <trkpt lat="37.166669" lon="-3.598554"><ele>670.1</ele></trkpt>
    <trkpt lat="37.166562" lon="-3.598615"><ele>670</ele></trkpt>
    <trkpt lat="37.166545" lon="-3.598624"><ele>669.9</ele></trkpt>
    <trkpt lat="37.166408" lon="-3.598609"><ele>669.8</ele></trkpt>
    <trkpt lat="37.16629" lon="-3.598634"><ele>669.7</ele></trkpt>
    <trkpt lat="37.16625" lon="-3.598642"><ele>669.6</ele></trkpt>
    <trkpt lat="37.16611" lon="-3.598702"><ele>669.5</ele></trkpt>
    <trkpt lat="37.166104" lon="-3.598707"><ele>669.5</ele></trkpt>
    <trkpt lat="37.166022" lon="-3.598772"><ele>669.4</ele></trkpt>
    <trkpt lat="37.165999" lon="-3.598791"><ele>669.3</ele></trkpt>
    <trkpt lat="37.16588" lon="-3.598887"><ele>669.2</ele></trkpt>
    <trkpt lat="37.165828" lon="-3.598931"><ele>669.1</ele></trkpt>
    <trkpt lat="37.165279" lon="-3.599394"><ele>668.6</ele></trkpt>
    <trkpt lat="37.165026" lon="-3.599607"><ele>668.1</ele></trkpt>
    <trkpt lat="37.164888" lon="-3.599723"><ele>668</ele></trkpt>
    <trkpt lat="37.164865" lon="-3.599743"><ele>667.9</ele></trkpt>
    <trkpt lat="37.164665" lon="-3.599914"><ele>667.7</ele></trkpt>
    <trkpt lat="37.164449" lon="-3.600093"><ele>667.4</ele></trkpt>
    <trkpt lat="37.164233" lon="-3.600274"><ele>667.2</ele></trkpt>
    <trkpt lat="37.164097" lon="-3.600383"><ele>667</ele></trkpt>
    <trkpt lat="37.163793" lon="-3.600677"><ele>666.5</ele></trkpt>
    <trkpt lat="37.163475" lon="-3.601002"><ele>665.8</ele></trkpt>
    <trkpt lat="37.163306" lon="-3.601269"><ele>665.4</ele></trkpt>
    <trkpt lat="37.163295" lon="-3.601291"><ele>665.3</ele></trkpt>
    <trkpt lat="37.163398" lon="-3.601656"><ele>664.9</ele></trkpt>
    <trkpt lat="37.16346" lon="-3.601696"><ele>664.8</ele></trkpt>
    <trkpt lat="37.164722" lon="-3.602468"><ele>664.3</ele></trkpt>
    <trkpt lat="37.164786" lon="-3.602508"><ele>664.3</ele></trkpt>
    <trkpt lat="37.165312" lon="-3.60283"><ele>664.4</ele></trkpt>
    <trkpt lat="37.165438" lon="-3.602907"><ele>664.5</ele></trkpt>
    <trkpt lat="37.165574" lon="-3.602989"><ele>664.6</ele></trkpt>
    <trkpt lat="37.165634" lon="-3.603028"><ele>664.8</ele></trkpt>
    <trkpt lat="37.165786" lon="-3.603123"><ele>665</ele></trkpt>
    <trkpt lat="37.165846" lon="-3.603154"><ele>665.1</ele></trkpt>
    <trkpt lat="37.166002" lon="-3.60325"><ele>665.4</ele></trkpt>
    <trkpt lat="37.166573" lon="-3.6036"><ele>666.7</ele></trkpt>
    <trkpt lat="37.166673" lon="-3.60366"><ele>666.9</ele></trkpt>
    <trkpt lat="37.167501" lon="-3.604168"><ele>669</ele></trkpt>
    <trkpt lat="37.167565" lon="-3.604207"><ele>669</ele></trkpt>
    <trkpt lat="37.167767" lon="-3.604332"><ele>669.1</ele></trkpt>
    <trkpt lat="37.168034" lon="-3.604496"><ele>669.2</ele></trkpt>
    <trkpt lat="37.16834" lon="-3.604685"><ele>669.3</ele></trkpt>
    <trkpt lat="37.168818" lon="-3.604975"><ele>669.5</ele></trkpt>
    <trkpt lat="37.169019" lon="-3.605097"><ele>669.6</ele></trkpt>
    <trkpt lat="37.169504" lon="-3.605395"><ele>670.1</ele></trkpt>
    <trkpt lat="37.169622" lon="-3.605467"><ele>670.5</ele></trkpt>
    <trkpt lat="37.169726" lon="-3.605531"><ele>670.9</ele></trkpt>
    <trkpt lat="37.16991" lon="-3.605644"><ele>671.6</ele></trkpt>
    <trkpt lat="37.170157" lon="-3.605791"><ele>672.6</ele></trkpt>
    <trkpt lat="37.17028" lon="-3.605643"><ele>673.3</ele></trkpt>
    <trkpt lat="37.170298" lon="-3.605609"><ele>673.4</ele></trkpt>
    <trkpt lat="37.170442" lon="-3.605342"><ele>674.6</ele></trkpt>
    <trkpt lat="37.170626" lon="-3.605001"><ele>676.3</ele></trkpt>
    <trkpt lat="37.170697" lon="-3.604869"><ele>676.9</ele></trkpt>
    <trkpt lat="37.171116" lon="-3.604098"><ele>681.2</ele></trkpt>
    <trkpt lat="37.171179" lon="-3.603977"><ele>681.7</ele></trkpt>
    <trkpt lat="37.171452" lon="-3.603458"><ele>683.5</ele></trkpt>
    <trkpt lat="37.171508" lon="-3.60335"><ele>683.8</ele></trkpt>
    <trkpt lat="37.1716" lon="-3.603179"><ele>684.2</ele></trkpt>
    <trkpt lat="37.171642" lon="-3.603103"><ele>684.3</ele></trkpt>
    <trkpt lat="37.171913" lon="-3.602612"><ele>685.1</ele></trkpt>
    <trkpt lat="37.171929" lon="-3.602582"><ele>685.1</ele></trkpt>
    <trkpt lat="37.171984" lon="-3.60248"><ele>685.2</ele></trkpt>
    <trkpt lat="37.172359" lon="-3.601785"><ele>685.7</ele></trkpt>
    <trkpt lat="37.172406" lon="-3.601698"><ele>685.8</ele></trkpt>
    <trkpt lat="37.173046" lon="-3.600524"><ele>686.8</ele></trkpt>
    <trkpt lat="37.173137" lon="-3.600366"><ele>686.7</ele></trkpt>
    <trkpt lat="37.173195" lon="-3.600265"><ele>686.6</ele></trkpt>
    <trkpt lat="37.173289" lon="-3.600124"><ele>686.3</ele></trkpt>
    <trkpt lat="37.173397" lon="-3.59996"><ele>685.8</ele></trkpt>
    <trkpt lat="37.173439" lon="-3.599807"><ele>685.3</ele></trkpt>
    <trkpt lat="37.173445" lon="-3.599672"><ele>684.8</ele></trkpt>
    <trkpt lat="37.173397" lon="-3.599707"><ele>684.6</ele></trkpt>
    <trkpt lat="37.173344" lon="-3.599708"><ele>684.4</ele></trkpt>
    <trkpt lat="37.173246" lon="-3.599673"><ele>683.8</ele></trkpt>
    <trkpt lat="37.173215" lon="-3.599662"><ele>683.7</ele></trkpt>
    <trkpt lat="37.172738" lon="-3.599456"><ele>681.2</ele></trkpt>
    <trkpt lat="37.172567" lon="-3.599355"><ele>680.6</ele></trkpt>
    <trkpt lat="37.17217" lon="-3.599139"><ele>679.6</ele></trkpt>
    <trkpt lat="37.172075" lon="-3.599086"><ele>679.4</ele></trkpt>
    <trkpt lat="37.171872" lon="-3.598984"><ele>679.2</ele></trkpt>
    <trkpt lat="37.171481" lon="-3.598765"><ele>679.7</ele></trkpt>
    <trkpt lat="37.171395" lon="-3.598713"><ele>680</ele></trkpt>
    <trkpt lat="37.170787" lon="-3.598331"><ele>681.6</ele></trkpt>
    <trkpt lat="37.170404" lon="-3.598074"><ele>681.3</ele></trkpt>
    <trkpt lat="37.170221" lon="-3.597951"><ele>680.8</ele></trkpt>
    <trkpt lat="37.169707" lon="-3.597509"><ele>678.2</ele></trkpt>
    <trkpt lat="37.169611" lon="-3.597426"><ele>677.5</ele></trkpt>
    <trkpt lat="37.169398" lon="-3.597243"><ele>675.9</ele></trkpt>
    <trkpt lat="37.169155" lon="-3.597027"><ele>674.2</ele></trkpt>
    <trkpt lat="37.169008" lon="-3.596891"><ele>673.3</ele></trkpt>
    <trkpt lat="37.169078" lon="-3.596872"><ele>673</ele></trkpt>
    <trkpt lat="37.169133" lon="-3.596761"><ele>672.6</ele></trkpt>
    <trkpt lat="37.169157" lon="-3.596709"><ele>672.4</ele></trkpt>
    <trkpt lat="37.169179" lon="-3.596662"><ele>672.2</ele></trkpt>
    <trkpt lat="37.169343" lon="-3.596342"><ele>671.2</ele></trkpt>
    <trkpt lat="37.169427" lon="-3.596177"><ele>670.7</ele></trkpt>
    <trkpt lat="37.169453" lon="-3.596126"><ele>670.6</ele></trkpt>
    <trkpt lat="37.169487" lon="-3.596062"><ele>670.4</ele></trkpt>
    <trkpt lat="37.169518" lon="-3.596001"><ele>670.3</ele></trkpt>
    <trkpt lat="37.169496" lon="-3.595983"><ele>670.2</ele></trkpt>
    <trkpt lat="37.16948" lon="-3.59597"><ele>670.2</ele></trkpt>
    <trkpt lat="37.169525" lon="-3.595854"><ele>670</ele></trkpt>
    <trkpt lat="37.169536" lon="-3.595749"><ele>669.9</ele></trkpt>
    <trkpt lat="37.169542" lon="-3.595687"><ele>669.8</ele></trkpt>
    <trkpt lat="37.169619" lon="-3.594968"><ele>669.5</ele></trkpt>
    <trkpt lat="37.16966" lon="-3.594975"><ele>669.5</ele></trkpt>
    <trkpt lat="37.169666" lon="-3.594921"><ele>669.5</ele></trkpt>
    <trkpt lat="37.169666" lon="-3.594921"><ele>669.5</ele></trkpt>
    <trkpt lat="37.169735" lon="-3.59428"><ele>669.5</ele></trkpt>
    <trkpt lat="37.169804" lon="-3.593639"><ele>669.6</ele></trkpt>
  </trkseg></trk></gpx>