<?xml version="1.0" encoding="UTF-8"?>
<gpx version="1.1" creator="tour-scraper" xmlns="http://www.topografix.com/GPX/1/1">
  <trk><name>Stage 6: From Alcossebre to Castelló — La Vuelta 26</name><trkseg>
    <trkpt lat="40.252016" lon="0.246426"><ele>59.9</ele></trkpt>
    <trkpt lat="40.25229" lon="0.246291"><ele>60</ele></trkpt>
    <trkpt lat="40.252926" lon="0.246035"><ele>60.4</ele></trkpt>
    <trkpt lat="40.25374" lon="0.245851"><ele>61.1</ele></trkpt>
    <trkpt lat="40.254615" lon="0.24565"><ele>61.6</ele></trkpt>
    <trkpt lat="40.255029" lon="0.245496"><ele>61.9</ele></trkpt>
    <trkpt lat="40.255617" lon="0.24527"><ele>62.4</ele></trkpt>
    <trkpt lat="40.256226" lon="0.244956"><ele>63</ele></trkpt>
    <trkpt lat="40.256859" lon="0.244676"><ele>63.8</ele></trkpt>
    <trkpt lat="40.257609" lon="0.244351"><ele>65</ele></trkpt>
    <trkpt lat="40.260983" lon="0.243542"><ele>71.3</ele></trkpt>
    <trkpt lat="40.262154" lon="0.243184"><ele>72.2</ele></trkpt>
    <trkpt lat="40.263014" lon="0.242885"><ele>72.8</ele></trkpt>
    <trkpt lat="40.26327" lon="0.242797"><ele>73.1</ele></trkpt>
    <trkpt lat="40.265269" lon="0.242081"><ele>76.7</ele></trkpt>
    <trkpt lat="40.267109" lon="0.241618"><ele>81.7</ele></trkpt>
    <trkpt lat="40.267308" lon="0.241522"><ele>82.2</ele></trkpt>
    <trkpt lat="40.267803" lon="0.241018"><ele>83.9</ele></trkpt>
    <trkpt lat="40.268153" lon="0.240774"><ele>84.9</ele></trkpt>
    <trkpt lat="40.269492" lon="0.240844"><ele>88.3</ele></trkpt>
    <trkpt lat="40.26972" lon="0.240821"><ele>89</ele></trkpt>
    <trkpt lat="40.270068" lon="0.240787"><ele>90.2</ele></trkpt>
    <trkpt lat="40.270573" lon="0.24061"><ele>92.1</ele></trkpt>
    <trkpt lat="40.270882" lon="0.240505"><ele>93.4</ele></trkpt>
    <trkpt lat="40.271196" lon="0.240369"><ele>94.7</ele></trkpt>
    <trkpt lat="40.271481" lon="0.240213"><ele>96</ele></trkpt>
    <trkpt lat="40.271923" lon="0.239898"><ele>98.2</ele></trkpt>
    <trkpt lat="40.272259" lon="0.239604"><ele>99.9</ele></trkpt>
    <trkpt lat="40.272743" lon="0.23906"><ele>102.4</ele></trkpt>
    <trkpt lat="40.273205" lon="0.238343"><ele>105.1</ele></trkpt>
    <trkpt lat="40.27339" lon="0.237971"><ele>106.3</ele></trkpt>
    <trkpt lat="40.273561" lon="0.23756"><ele>107.5</ele></trkpt>
    <trkpt lat="40.273727" lon="0.237079"><ele>109.1</ele></trkpt>
    <trkpt lat="40.274232" lon="0.235399"><ele>115</ele></trkpt>
    <trkpt lat="40.274895" lon="0.233242"><ele>123.1</ele></trkpt>
    <trkpt lat="40.275114" lon="0.23273"><ele>125.2</ele></trkpt>
    <trkpt lat="40.275323" lon="0.232334"><ele>126.9</ele></trkpt>
    <trkpt lat="40.275546" lon="0.231971"><ele>128.5</ele></trkpt>
    <trkpt lat="40.275874" lon="0.231512"><ele>130.3</ele></trkpt>
    <trkpt lat="40.276309" lon="0.230951"><ele>132</ele></trkpt>
    <trkpt lat="40.276928" lon="0.23014"><ele>134</ele></trkpt>
    <trkpt lat="40.277538" lon="0.229366"><ele>136</ele></trkpt>
    <trkpt lat="40.277873" lon="0.228941"><ele>137.7</ele></trkpt>
    <trkpt lat="40.279361" lon="0.227039"><ele>147.7</ele></trkpt>
    <trkpt lat="40.279687" lon="0.226675"><ele>149.8</ele></trkpt>
    <trkpt lat="40.280041" lon="0.226323"><ele>151.8</ele></trkpt>
    <trkpt lat="40.280506" lon="0.225937"><ele>153.9</ele></trkpt>
    <trkpt lat="40.281037" lon="0.225549"><ele>155.6</ele></trkpt>
    <trkpt lat="40.28132" lon="0.225383"><ele>156.2</ele></trkpt>
    <trkpt lat="40.281929" lon="0.225072"><ele>157.1</ele></trkpt>
    <trkpt lat="40.282312" lon="0.224918"><ele>157.4</ele></trkpt>
    <trkpt lat="40.282878" lon="0.224751"><ele>157.5</ele></trkpt>
    <trkpt lat="40.283665" lon="0.224615"><ele>157.6</ele></trkpt>
    <trkpt lat="40.284134" lon="0.224594"><ele>157.6</ele></trkpt>
    <trkpt lat="40.285039" lon="0.224636"><ele>157.6</ele></trkpt>
    <trkpt lat="40.287805" lon="0.225083"><ele>157.1</ele></trkpt>
    <trkpt lat="40.289374" lon="0.225371"><ele>156.6</ele></trkpt>
    <trkpt lat="40.294244" lon="0.226248"><ele>149</ele></trkpt>
    <trkpt lat="40.29452" lon="0.226298"><ele>148.8</ele></trkpt>
    <trkpt lat="40.295104" lon="0.226401"><ele>148.4</ele></trkpt>
    <trkpt lat="40.297054" lon="0.226747"><ele>148.4</ele></trkpt>
    <trkpt lat="40.297389" lon="0.226871"><ele>148.3</ele></trkpt>
    <trkpt lat="40.297565" lon="0.226968"><ele>148.3</ele></trkpt>
    <trkpt lat="40.29775" lon="0.227132"><ele>148.3</ele></trkpt>
    <trkpt lat="40.297906" lon="0.227298"><ele>148.3</ele></trkpt>
    <trkpt lat="40.298118" lon="0.227462"><ele>148.4</ele></trkpt>
    <trkpt lat="40.298863" lon="0.227747"><ele>149.3</ele></trkpt>
    <trkpt lat="40.298997" lon="0.227761"><ele>149.4</ele></trkpt>
    <trkpt lat="40.299111" lon="0.227664"><ele>149.6</ele></trkpt>
    <trkpt lat="40.299303" lon="0.22727"><ele>150.1</ele></trkpt>
    <trkpt lat="40.29935" lon="0.227177"><ele>150.2</ele></trkpt>
    <trkpt lat="40.299421" lon="0.227034"><ele>150.3</ele></trkpt>
    <trkpt lat="40.299565" lon="0.226716"><ele>150.6</ele></trkpt>
    <trkpt lat="40.299807" lon="0.226252"><ele>150.8</ele></trkpt>
    <trkpt lat="40.300039" lon="0.225973"><ele>150.8</ele></trkpt>
    <trkpt lat="40.300485" lon="0.225647"><ele>150.6</ele></trkpt>
    <trkpt lat="40.300723" lon="0.22554"><ele>150.5</ele></trkpt>
    <trkpt lat="40.300723" lon="0.22554"><ele>150.5</ele></trkpt>
    <trkpt lat="40.301001" lon="0.225297"><ele>150.5</ele></trkpt>
    <trkpt lat="40.301001" lon="0.225297"><ele>150.5</ele></trkpt>
    <trkpt lat="40.301336" lon="0.225241"><ele>150.6</ele></trkpt>
    <trkpt lat="40.301383" lon="0.225222"><ele>150.6</ele></trkpt>
    <trkpt lat="40.302373" lon="0.226185"><ele>151.2</ele></trkpt>
    <trkpt lat="40.302495" lon="0.226292"><ele>151.2</ele></trkpt>
    <trkpt lat="40.302846" lon="0.226629"><ele>151.3</ele></trkpt>
    <trkpt lat="40.303192" lon="0.226955"><ele>151.5</ele></trkpt>
    <trkpt lat="40.303865" lon="0.227607"><ele>151.8</ele></trkpt>
    <trkpt lat="40.304138" lon="0.227873"><ele>151.8</ele></trkpt>
    <trkpt lat="40.304704" lon="0.228407"><ele>151.8</ele></trkpt>
    <trkpt lat="40.305263" lon="0.228915"><ele>151.7</ele></trkpt>
    <trkpt lat="40.306035" lon="0.229239"><ele>152.6</ele></trkpt>
    <trkpt lat="40.306102" lon="0.229267"><ele>152.6</ele></trkpt>
    <trkpt lat="40.306099" lon="0.229169"><ele>152.7</ele></trkpt>
    <trkpt lat="40.306099" lon="0.229169"><ele>152.8</ele></trkpt>
    <trkpt lat="40.306099" lon="0.229169"><ele>152.8</ele></trkpt>
    <trkpt lat="40.306082" lon="0.228366"><ele>154.1</ele></trkpt>
    <trkpt lat="40.306064" lon="0.227563"><ele>155.7</ele></trkpt>
    <trkpt lat="40.306039" lon="0.226746"><ele>157.2</ele></trkpt>
    <trkpt lat="40.306161" lon="0.226554"><ele>157.7</ele></trkpt>
    <trkpt lat="40.305987" lon="0.226316"><ele>158.3</ele></trkpt>
    <trkpt lat="40.30594" lon="0.226136"><ele>158.7</ele></trkpt>
    <trkpt lat="40.305842" lon="0.225828"><ele>159.3</ele></trkpt>
    <trkpt lat="40.305813" lon="0.225742"><ele>159.4</ele></trkpt>
    <trkpt lat="40.305798" lon="0.225367"><ele>160.1</ele></trkpt>
    <trkpt lat="40.305772" lon="0.22525"><ele>160.3</ele></trkpt>
    <trkpt lat="40.305685" lon="0.225011"><ele>160.7</ele></trkpt>
    <trkpt lat="40.305615" lon="0.224819"><ele>161.1</ele></trkpt>
    <trkpt lat="40.305215" lon="0.22394"><ele>162.1</ele></trkpt>
    <trkpt lat="40.304924" lon="0.2234"><ele>162.6</ele></trkpt>
    <trkpt lat="40.305067" lon="0.223111"><ele>162.7</ele></trkpt>
    <trkpt lat="40.305095" lon="0.223058"><ele>162.7</ele></trkpt>
    <trkpt lat="40.305038" lon="0.222814"><ele>162.9</ele></trkpt>
    <trkpt lat="40.304918" lon="0.222297"><ele>163.2</ele></trkpt>
    <trkpt lat="40.304826" lon="0.221941"><ele>163.4</ele></trkpt>
    <trkpt lat="40.304345" lon="0.22103"><ele>164.1</ele></trkpt>
    <trkpt lat="40.304206" lon="0.220769"><ele>164.2</ele></trkpt>
    <trkpt lat="40.3039" lon="0.220218"><ele>164.5</ele></trkpt>
    <trkpt lat="40.303729" lon="0.219799"><ele>164.6</ele></trkpt>
    <trkpt lat="40.30353" lon="0.219167"><ele>165.1</ele></trkpt>
    <trkpt lat="40.303397" lon="0.218889"><ele>165.3</ele></trkpt>
    <trkpt lat="40.303018" lon="0.218283"><ele>166.5</ele></trkpt>
    <trkpt lat="40.302936" lon="0.218033"><ele>166.9</ele></trkpt>
    <trkpt lat="40.302916" lon="0.21787"><ele>167.2</ele></trkpt>
    <trkpt lat="40.302698" lon="0.209832"><ele>182.8</ele></trkpt>
    <trkpt lat="40.302452" lon="0.201391"><ele>214.5</ele></trkpt>
    <trkpt lat="40.302434" lon="0.200879"><ele>216.7</ele></trkpt>
    <trkpt lat="40.302382" lon="0.199418"><ele>223.1</ele></trkpt>
    <trkpt lat="40.302349" lon="0.198484"><ele>226.8</ele></trkpt>
    <trkpt lat="40.302077" lon="0.191511"><ele>247.1</ele></trkpt>
    <trkpt lat="40.302005" lon="0.190821"><ele>248.8</ele></trkpt>
    <trkpt lat="40.301816" lon="0.189637"><ele>251.4</ele></trkpt>
    <trkpt lat="40.301684" lon="0.189449"><ele>251.8</ele></trkpt>
    <trkpt lat="40.299405" lon="0.187854"><ele>254.9</ele></trkpt>
    <trkpt lat="40.299005" lon="0.187499"><ele>255.4</ele></trkpt>
    <trkpt lat="40.29858" lon="0.187121"><ele>255.7</ele></trkpt>
    <trkpt lat="40.298485" lon="0.186961"><ele>255.7</ele></trkpt>
    <trkpt lat="40.298325" lon="0.186528"><ele>255.6</ele></trkpt>
    <trkpt lat="40.298231" lon="0.186419"><ele>255.6</ele></trkpt>
    <trkpt lat="40.298021" lon="0.18638"><ele>255.5</ele></trkpt>
    <trkpt lat="40.297667" lon="0.186668"><ele>255.4</ele></trkpt>
    <trkpt lat="40.297457" lon="0.186734"><ele>255.3</ele></trkpt>
    <trkpt lat="40.297343" lon="0.186714"><ele>255.3</ele></trkpt>
    <trkpt lat="40.29726" lon="0.186667"><ele>255.2</ele></trkpt>
    <trkpt lat="40.297139" lon="0.18653"><ele>255.2</ele></trkpt>
    <trkpt lat="40.297074" lon="0.186499"><ele>255.2</ele></trkpt>
    <trkpt lat="40.296945" lon="0.186493"><ele>255.2</ele></trkpt>
    <trkpt lat="40.296681" lon="0.186611"><ele>255.4</ele></trkpt>
    <trkpt lat="40.296383" lon="0.186525"><ele>255.8</ele></trkpt>
    <trkpt lat="40.296139" lon="0.186426"><ele>256.4</ele></trkpt>
    <trkpt lat="40.295158" lon="0.185674"><ele>259.6</ele></trkpt>
    <trkpt lat="40.294785" lon="0.185248"><ele>261.8</ele></trkpt>
    <trkpt lat="40.294589" lon="0.184928"><ele>263.6</ele></trkpt>
    <trkpt lat="40.294437" lon="0.184529"><ele>265.5</ele></trkpt>
    <trkpt lat="40.294407" lon="0.18439"><ele>266</ele></trkpt>
    <trkpt lat="40.294397" lon="0.184165"><ele>266.9</ele></trkpt>
    <trkpt lat="40.294372" lon="0.18405"><ele>267.4</ele></trkpt>
    <trkpt lat="40.294318" lon="0.183958"><ele>267.9</ele></trkpt>
    <trkpt lat="40.294016" lon="0.183731"><ele>269.7</ele></trkpt>
    <trkpt lat="40.293451" lon="0.183576"><ele>271.9</ele></trkpt>
    <trkpt lat="40.293193" lon="0.183385"><ele>272.7</ele></trkpt>
    <trkpt lat="40.293028" lon="0.183145"><ele>273.2</ele></trkpt>
    <trkpt lat="40.292898" lon="0.182732"><ele>274.1</ele></trkpt>
    <trkpt lat="40.292839" lon="0.182612"><ele>274.5</ele></trkpt>
    <trkpt lat="40.2924" lon="0.18199"><ele>277.8</ele></trkpt>
    <trkpt lat="40.292379" lon="0.181912"><ele>278.3</ele></trkpt>
    <trkpt lat="40.292434" lon="0.181761"><ele>279.2</ele></trkpt>
    <trkpt lat="40.292974" lon="0.181301"><ele>285.1</ele></trkpt>
    <trkpt lat="40.293734" lon="0.180806"><ele>293.8</ele></trkpt>
    <trkpt lat="40.293877" lon="0.180763"><ele>295</ele></trkpt>
    <trkpt lat="40.294202" lon="0.18077"><ele>297.4</ele></trkpt>
    <trkpt lat="40.294266" lon="0.180739"><ele>297.8</ele></trkpt>
    <trkpt lat="40.294311" lon="0.180664"><ele>298.2</ele></trkpt>
    <trkpt lat="40.294334" lon="0.180569"><ele>298.6</ele></trkpt>
    <trkpt lat="40.294357" lon="0.180251"><ele>299.5</ele></trkpt>
    <trkpt lat="40.29441" lon="0.180034"><ele>299.8</ele></trkpt>
    <trkpt lat="40.294471" lon="0.179933"><ele>299.9</ele></trkpt>
    <trkpt lat="40.294559" lon="0.17985"><ele>299.9</ele></trkpt>
    <trkpt lat="40.294711" lon="0.179775"><ele>299.7</ele></trkpt>
    <trkpt lat="40.294876" lon="0.179742"><ele>299.3</ele></trkpt>
    <trkpt lat="40.295582" lon="0.179724"><ele>296.9</ele></trkpt>
    <trkpt lat="40.295648" lon="0.179699"><ele>296.7</ele></trkpt>
    <trkpt lat="40.295713" lon="0.179628"><ele>296.4</ele></trkpt>
    <trkpt lat="40.295743" lon="0.179525"><ele>296.1</ele></trkpt>
    <trkpt lat="40.295732" lon="0.179267"><ele>295.4</ele></trkpt>
    <trkpt lat="40.295701" lon="0.179122"><ele>295</ele></trkpt>
    <trkpt lat="40.295597" lon="0.178978"><ele>294.5</ele></trkpt>
    <trkpt lat="40.295463" lon="0.178973"><ele>294</ele></trkpt>
    <trkpt lat="40.295187" lon="0.179071"><ele>292.9</ele></trkpt>
    <trkpt lat="40.295109" lon="0.179054"><ele>292.6</ele></trkpt>
    <trkpt lat="40.295044" lon="0.179005"><ele>292.3</ele></trkpt>
    <trkpt lat="40.294947" lon="0.178792"><ele>291.5</ele></trkpt>
    <trkpt lat="40.294839" lon="0.178318"><ele>289.8</ele></trkpt>
    <trkpt lat="40.294838" lon="0.177953"><ele>288.3</ele></trkpt>
    <trkpt lat="40.294943" lon="0.177308"><ele>284.9</ele></trkpt>
    <trkpt lat="40.295005" lon="0.177175"><ele>284</ele></trkpt>
    <trkpt lat="40.29523" lon="0.176871"><ele>281.3</ele></trkpt>
    <trkpt lat="40.295284" lon="0.176755"><ele>280.4</ele></trkpt>
    <trkpt lat="40.295308" lon="0.176637"><ele>279.6</ele></trkpt>
    <trkpt lat="40.295429" lon="0.174674"><ele>266.1</ele></trkpt>
    <trkpt lat="40.29542" lon="0.174435"><ele>264.5</ele></trkpt>
    <trkpt lat="40.295322" lon="0.174035"><ele>262.1</ele></trkpt>
    <trkpt lat="40.295129" lon="0.173672"><ele>260.4</ele></trkpt>
    <trkpt lat="40.295105" lon="0.173582"><ele>260.1</ele></trkpt>
    <trkpt lat="40.295149" lon="0.173403"><ele>259.7</ele></trkpt>
    <trkpt lat="40.295291" lon="0.173208"><ele>259.3</ele></trkpt>
    <trkpt lat="40.295369" lon="0.173165"><ele>259.3</ele></trkpt>
    <trkpt lat="40.295444" lon="0.173179"><ele>259.3</ele></trkpt>
    <trkpt lat="40.295502" lon="0.173234"><ele>259.3</ele></trkpt>
    <trkpt lat="40.295995" lon="0.174076"><ele>259.7</ele></trkpt>
    <trkpt lat="40.296051" lon="0.174141"><ele>259.7</ele></trkpt>
    <trkpt lat="40.296177" lon="0.174159"><ele>259.6</ele></trkpt>
    <trkpt lat="40.296239" lon="0.174093"><ele>259.4</ele></trkpt>
    <trkpt lat="40.296536" lon="0.173495"><ele>257.1</ele></trkpt>
    <trkpt lat="40.296566" lon="0.17335"><ele>256.2</ele></trkpt>
    <trkpt lat="40.296517" lon="0.172808"><ele>252.3</ele></trkpt>
    <trkpt lat="40.296622" lon="0.171409"><ele>240.8</ele></trkpt>
    <trkpt lat="40.296663" lon="0.171247"><ele>239.6</ele></trkpt>
    <trkpt lat="40.296985" lon="0.170574"><ele>235.7</ele></trkpt>
    <trkpt lat="40.297055" lon="0.170463"><ele>235.2</ele></trkpt>
    <trkpt lat="40.297111" lon="0.170423"><ele>234.9</ele></trkpt>
    <trkpt lat="40.297188" lon="0.170418"><ele>234.6</ele></trkpt>
    <trkpt lat="40.297874" lon="0.170633"><ele>232.7</ele></trkpt>
    <trkpt lat="40.298142" lon="0.170808"><ele>231.9</ele></trkpt>
    <trkpt lat="40.298242" lon="0.170804"><ele>231.6</ele></trkpt>
    <trkpt lat="40.298292" lon="0.170727"><ele>231.4</ele></trkpt>
    <trkpt lat="40.298286" lon="0.17061"><ele>231</ele></trkpt>
    <trkpt lat="40.29823" lon="0.170559"><ele>230.7</ele></trkpt>
    <trkpt lat="40.298079" lon="0.170535"><ele>230</ele></trkpt>
    <trkpt lat="40.297614" lon="0.17032"><ele>227.1</ele></trkpt>
    <trkpt lat="40.297491" lon="0.17021"><ele>226.3</ele></trkpt>
    <trkpt lat="40.297216" lon="0.169888"><ele>224.4</ele></trkpt>
    <trkpt lat="40.297138" lon="0.169817"><ele>224</ele></trkpt>
    <trkpt lat="40.297065" lon="0.169807"><ele>223.7</ele></trkpt>
    <trkpt lat="40.296998" lon="0.169847"><ele>223.5</ele></trkpt>
    <trkpt lat="40.296937" lon="0.169926"><ele>223.2</ele></trkpt>
    <trkpt lat="40.296381" lon="0.17086"><ele>223.2</ele></trkpt>
    <trkpt lat="40.296087" lon="0.171284"><ele>224.3</ele></trkpt>
    <trkpt lat="40.29582" lon="0.171868"><ele>224.1</ele></trkpt>
    <trkpt lat="40.295765" lon="0.171905"><ele>223.9</ele></trkpt>
    <trkpt lat="40.2957" lon="0.171908"><ele>223.7</ele></trkpt>
    <trkpt lat="40.295624" lon="0.171845"><ele>223.4</ele></trkpt>
    <trkpt lat="40.295479" lon="0.171555"><ele>222</ele></trkpt>
    <trkpt lat="40.295169" lon="0.170774"><ele>216</ele></trkpt>
    <trkpt lat="40.295091" lon="0.170354"><ele>212.1</ele></trkpt>
    <trkpt lat="40.295092" lon="0.170187"><ele>210.5</ele></trkpt>
    <trkpt lat="40.295249" lon="0.168931"><ele>199.2</ele></trkpt>
    <trkpt lat="40.295325" lon="0.168487"><ele>195.7</ele></trkpt>
    <trkpt lat="40.295398" lon="0.1672"><ele>187</ele></trkpt>
    <trkpt lat="40.295441" lon="0.166874"><ele>185.2</ele></trkpt>
    <trkpt lat="40.295449" lon="0.165868"><ele>180.9</ele></trkpt>
    <trkpt lat="40.295432" lon="0.165584"><ele>180.2</ele></trkpt>
    <trkpt lat="40.295333" lon="0.164771"><ele>180.4</ele></trkpt>
    <trkpt lat="40.295336" lon="0.164671"><ele>180.6</ele></trkpt>
    <trkpt lat="40.295364" lon="0.164592"><ele>180.8</ele></trkpt>
    <trkpt lat="40.295409" lon="0.164527"><ele>181</ele></trkpt>
    <trkpt lat="40.295466" lon="0.164499"><ele>181.2</ele></trkpt>
    <trkpt lat="40.295527" lon="0.164494"><ele>181.4</ele></trkpt>
    <trkpt lat="40.295588" lon="0.164526"><ele>181.7</ele></trkpt>
    <trkpt lat="40.295949" lon="0.16495"><ele>184.2</ele></trkpt>
    <trkpt lat="40.29605" lon="0.165128"><ele>185.1</ele></trkpt>
    <trkpt lat="40.296185" lon="0.165424"><ele>186.6</ele></trkpt>
    <trkpt lat="40.296421" lon="0.166276"><ele>189.8</ele></trkpt>
    <trkpt lat="40.296516" lon="0.166501"><ele>190.2</ele></trkpt>
    <trkpt lat="40.296885" lon="0.167136"><ele>190.2</ele></trkpt>
    <trkpt lat="40.296935" lon="0.167271"><ele>190</ele></trkpt>
    <trkpt lat="40.296939" lon="0.167369"><ele>189.8</ele></trkpt>
    <trkpt lat="40.296853" lon="0.16775"><ele>188.8</ele></trkpt>
    <trkpt lat="40.296851" lon="0.167865"><ele>188.5</ele></trkpt>
    <trkpt lat="40.296882" lon="0.16796"><ele>188.2</ele></trkpt>
    <trkpt lat="40.296985" lon="0.16806"><ele>187.7</ele></trkpt>
    <trkpt lat="40.297077" lon="0.168073"><ele>187.2</ele></trkpt>
    <trkpt lat="40.2975" lon="0.167987"><ele>185</ele></trkpt>
    <trkpt lat="40.299969" lon="0.167617"><ele>171.7</ele></trkpt>
    <trkpt lat="40.300065" lon="0.167565"><ele>171.2</ele></trkpt>
    <trkpt lat="40.300196" lon="0.167381"><ele>170.4</ele></trkpt>
    <trkpt lat="40.300316" lon="0.166875"><ele>168.9</ele></trkpt>
    <trkpt lat="40.300377" lon="0.166539"><ele>168.2</ele></trkpt>
    <trkpt lat="40.300529" lon="0.165714"><ele>167.6</ele></trkpt>
    <trkpt lat="40.300579" lon="0.165552"><ele>167.7</ele></trkpt>
    <trkpt lat="40.300633" lon="0.165442"><ele>167.7</ele></trkpt>
    <trkpt lat="40.300747" lon="0.165313"><ele>167.9</ele></trkpt>
    <trkpt lat="40.30085" lon="0.165279"><ele>168</ele></trkpt>
    <trkpt lat="40.301688" lon="0.165317"><ele>170.2</ele></trkpt>
    <trkpt lat="40.301992" lon="0.165258"><ele>171.2</ele></trkpt>
    <trkpt lat="40.303869" lon="0.164412"><ele>179.3</ele></trkpt>
    <trkpt lat="40.303972" lon="0.164318"><ele>179.8</ele></trkpt>
    <trkpt lat="40.304712" lon="0.16329"><ele>184.3</ele></trkpt>
    <trkpt lat="40.304778" lon="0.16316"><ele>184.8</ele></trkpt>
    <trkpt lat="40.304818" lon="0.163012"><ele>185.3</ele></trkpt>
    <trkpt lat="40.304928" lon="0.161896"><ele>188.7</ele></trkpt>
    <trkpt lat="40.304983" lon="0.161644"><ele>189.4</ele></trkpt>
    <trkpt lat="40.30535" lon="0.160439"><ele>193.3</ele></trkpt>
    <trkpt lat="40.305565" lon="0.159709"><ele>196.3</ele></trkpt>
    <trkpt lat="40.305611" lon="0.159441"><ele>197.6</ele></trkpt>
    <trkpt lat="40.305745" lon="0.158203"><ele>203.9</ele></trkpt>
    <trkpt lat="40.305871" lon="0.157401"><ele>207.7</ele></trkpt>
    <trkpt lat="40.306347" lon="0.155763"><ele>215.1</ele></trkpt>
    <trkpt lat="40.306387" lon="0.155572"><ele>216</ele></trkpt>
    <trkpt lat="40.306412" lon="0.154964"><ele>218.9</ele></trkpt>
    <trkpt lat="40.306406" lon="0.153737"><ele>223.4</ele></trkpt>
    <trkpt lat="40.306415" lon="0.153436"><ele>224.2</ele></trkpt>
    <trkpt lat="40.306439" lon="0.153304"><ele>224.5</ele></trkpt>
    <trkpt lat="40.306536" lon="0.153099"><ele>225.1</ele></trkpt>
    <trkpt lat="40.306651" lon="0.152981"><ele>225.5</ele></trkpt>
    <trkpt lat="40.307239" lon="0.152508"><ele>227.3</ele></trkpt>
    <trkpt lat="40.307446" lon="0.152226"><ele>228.2</ele></trkpt>
    <trkpt lat="40.307578" lon="0.151871"><ele>229.4</ele></trkpt>
    <trkpt lat="40.307759" lon="0.151136"><ele>232.1</ele></trkpt>
    <trkpt lat="40.308028" lon="0.150299"><ele>235.4</ele></trkpt>
    <trkpt lat="40.308105" lon="0.15013"><ele>236.1</ele></trkpt>
    <trkpt lat="40.308172" lon="0.150038"><ele>236.5</ele></trkpt>
    <trkpt lat="40.308377" lon="0.149908"><ele>237.6</ele></trkpt>
    <trkpt lat="40.309512" lon="0.14963"><ele>242.8</ele></trkpt>
    <trkpt lat="40.309683" lon="0.14956"><ele>243.5</ele></trkpt>
    <trkpt lat="40.309893" lon="0.149392"><ele>244.3</ele></trkpt>
    <trkpt lat="40.310536" lon="0.148512"><ele>247.1</ele></trkpt>
    <trkpt lat="40.310652" lon="0.148384"><ele>247.5</ele></trkpt>
    <trkpt lat="40.310788" lon="0.14829"><ele>247.9</ele></trkpt>
    <trkpt lat="40.310926" lon="0.148238"><ele>248.3</ele></trkpt>
    <trkpt lat="40.311564" lon="0.148132"><ele>250.2</ele></trkpt>
    <trkpt lat="40.311881" lon="0.148039"><ele>251.3</ele></trkpt>
    <trkpt lat="40.312191" lon="0.147857"><ele>252.3</ele></trkpt>
    <trkpt lat="40.312707" lon="0.147454"><ele>254.1</ele></trkpt>
    <trkpt lat="40.312824" lon="0.147325"><ele>254.5</ele></trkpt>
    <trkpt lat="40.312885" lon="0.147217"><ele>254.9</ele></trkpt>
    <trkpt lat="40.31295" lon="0.146982"><ele>255.4</ele></trkpt>
    <trkpt lat="40.312959" lon="0.146832"><ele>255.8</ele></trkpt>
    <trkpt lat="40.312995" lon="0.145119"><ele>261.5</ele></trkpt>
    <trkpt lat="40.313032" lon="0.144721"><ele>263.1</ele></trkpt>
    <trkpt lat="40.313168" lon="0.144357"><ele>264.8</ele></trkpt>
    <trkpt lat="40.313282" lon="0.144198"><ele>265.7</ele></trkpt>
    <trkpt lat="40.31396" lon="0.143504"><ele>270.7</ele></trkpt>
    <trkpt lat="40.314212" lon="0.143369"><ele>272.2</ele></trkpt>
    <trkpt lat="40.314375" lon="0.143339"><ele>273.1</ele></trkpt>
    <trkpt lat="40.314856" lon="0.143326"><ele>275.4</ele></trkpt>
    <trkpt lat="40.315226" lon="0.14328"><ele>277.1</ele></trkpt>
    <trkpt lat="40.315351" lon="0.143157"><ele>277.7</ele></trkpt>
    <trkpt lat="40.315389" lon="0.143063"><ele>278</ele></trkpt>
    <trkpt lat="40.315403" lon="0.142943"><ele>278.4</ele></trkpt>
    <trkpt lat="40.315298" lon="0.141874"><ele>281.8</ele></trkpt>
    <trkpt lat="40.315299" lon="0.141477"><ele>283.3</ele></trkpt>
    <trkpt lat="40.315377" lon="0.14108"><ele>284.6</ele></trkpt>
    <trkpt lat="40.315646" lon="0.140162"><ele>287</ele></trkpt>
    <trkpt lat="40.316284" lon="0.138217"><ele>284.9</ele></trkpt>
    <trkpt lat="40.316331" lon="0.138028"><ele>284.4</ele></trkpt>
    <trkpt lat="40.31635" lon="0.137708"><ele>283.7</ele></trkpt>
    <trkpt lat="40.316198" lon="0.137335"><ele>282.5</ele></trkpt>
    <trkpt lat="40.316102" lon="0.137186"><ele>282</ele></trkpt>
    <trkpt lat="40.315995" lon="0.137076"><ele>281.4</ele></trkpt>
    <trkpt lat="40.31586" lon="0.137004"><ele>280.8</ele></trkpt>
    <trkpt lat="40.315534" lon="0.136906"><ele>279.6</ele></trkpt>
    <trkpt lat="40.31545" lon="0.136858"><ele>279.2</ele></trkpt>
    <trkpt lat="40.315392" lon="0.136787"><ele>279</ele></trkpt>
    <trkpt lat="40.315265" lon="0.136431"><ele>278</ele></trkpt>
    <trkpt lat="40.315199" lon="0.136331"><ele>277.7</ele></trkpt>
    <trkpt lat="40.314771" lon="0.13585"><ele>275.7</ele></trkpt>
    <trkpt lat="40.314468" lon="0.135587"><ele>274.1</ele></trkpt>
    <trkpt lat="40.314386" lon="0.135441"><ele>273.6</ele></trkpt>
    <trkpt lat="40.314417" lon="0.135253"><ele>272.9</ele></trkpt>
    <trkpt lat="40.314815" lon="0.134269"><ele>267.6</ele></trkpt>
    <trkpt lat="40.31493" lon="0.134115"><ele>266.4</ele></trkpt>
    <trkpt lat="40.315049" lon="0.134127"><ele>265.4</ele></trkpt>
    <trkpt lat="40.315235" lon="0.134256"><ele>263.7</ele></trkpt>
    <trkpt lat="40.315324" lon="0.134278"><ele>262.9</ele></trkpt>
    <trkpt lat="40.317338" lon="0.134375"><ele>246.2</ele></trkpt>
    <trkpt lat="40.317479" lon="0.134359"><ele>245.4</ele></trkpt>
    <trkpt lat="40.31993" lon="0.133625"><ele>234.3</ele></trkpt>
    <trkpt lat="40.320121" lon="0.133459"><ele>233.4</ele></trkpt>
    <trkpt lat="40.320374" lon="0.133097"><ele>232.1</ele></trkpt>
    <trkpt lat="40.32041" lon="0.132843"><ele>231.4</ele></trkpt>
    <trkpt lat="40.320371" lon="0.132391"><ele>230.4</ele></trkpt>
    <trkpt lat="40.320324" lon="0.132262"><ele>230.1</ele></trkpt>
    <trkpt lat="40.319957" lon="0.131627"><ele>228.7</ele></trkpt>
    <trkpt lat="40.319869" lon="0.13151"><ele>228.3</ele></trkpt>
    <trkpt lat="40.319665" lon="0.131371"><ele>227.5</ele></trkpt>
    <trkpt lat="40.319129" lon="0.131136"><ele>225.2</ele></trkpt>
    <trkpt lat="40.318045" lon="0.130275"><ele>221.5</ele></trkpt>
    <trkpt lat="40.317895" lon="0.13024"><ele>221.8</ele></trkpt>
    <trkpt lat="40.317814" lon="0.130268"><ele>222</ele></trkpt>
    <trkpt lat="40.317279" lon="0.130802"><ele>222.1</ele></trkpt>
    <trkpt lat="40.317218" lon="0.130847"><ele>221.9</ele></trkpt>
    <trkpt lat="40.317118" lon="0.130833"><ele>221.8</ele></trkpt>
    <trkpt lat="40.317069" lon="0.130777"><ele>221.6</ele></trkpt>
    <trkpt lat="40.317043" lon="0.130691"><ele>221.6</ele></trkpt>
    <trkpt lat="40.317051" lon="0.130601"><ele>221.4</ele></trkpt>
    <trkpt lat="40.317128" lon="0.130362"><ele>221.1</ele></trkpt>
    <trkpt lat="40.317145" lon="0.130198"><ele>220.6</ele></trkpt>
    <trkpt lat="40.317125" lon="0.129805"><ele>218.9</ele></trkpt>
    <trkpt lat="40.317079" lon="0.129684"><ele>218.2</ele></trkpt>
    <trkpt lat="40.316988" lon="0.129597"><ele>217.3</ele></trkpt>
    <trkpt lat="40.316155" lon="0.129107"><ele>213.3</ele></trkpt>
    <trkpt lat="40.315977" lon="0.129046"><ele>212.5</ele></trkpt>
    <trkpt lat="40.315825" lon="0.129061"><ele>211.9</ele></trkpt>
    <trkpt lat="40.31569" lon="0.128982"><ele>211.3</ele></trkpt>
    <trkpt lat="40.31565" lon="0.128885"><ele>211</ele></trkpt>
    <trkpt lat="40.315513" lon="0.128218"><ele>209</ele></trkpt>
    <trkpt lat="40.315449" lon="0.128056"><ele>208.4</ele></trkpt>
    <trkpt lat="40.314785" lon="0.126824"><ele>198.5</ele></trkpt>
    <trkpt lat="40.314023" lon="0.125376"><ele>189.1</ele></trkpt>
    <trkpt lat="40.313967" lon="0.125227"><ele>188.1</ele></trkpt>
    <trkpt lat="40.313955" lon="0.124961"><ele>186.6</ele></trkpt>
    <trkpt lat="40.313999" lon="0.124776"><ele>185.5</ele></trkpt>
    <trkpt lat="40.314092" lon="0.124635"><ele>184.5</ele></trkpt>
    <trkpt lat="40.314442" lon="0.124264"><ele>181.2</ele></trkpt>
    <trkpt lat="40.315288" lon="0.123381"><ele>177.1</ele></trkpt>
    <trkpt lat="40.315434" lon="0.123215"><ele>176.8</ele></trkpt>
    <trkpt lat="40.315804" lon="0.122656"><ele>176.4</ele></trkpt>
    <trkpt lat="40.315463" lon="0.122392"><ele>176.5</ele></trkpt>
    <trkpt lat="40.315246" lon="0.122231"><ele>176.5</ele></trkpt>
    <trkpt lat="40.315202" lon="0.122196"><ele>176.5</ele></trkpt>
    <trkpt lat="40.314988" lon="0.122047"><ele>176.4</ele></trkpt>
    <trkpt lat="40.314978" lon="0.122042"><ele>176.4</ele></trkpt>
    <trkpt lat="40.314826" lon="0.121973"><ele>176.2</ele></trkpt>
    <trkpt lat="40.314129" lon="0.121823"><ele>176</ele></trkpt>
    <trkpt lat="40.313674" lon="0.121715"><ele>176.5</ele></trkpt>
    <trkpt lat="40.31338" lon="0.121639"><ele>177.3</ele></trkpt>
    <trkpt lat="40.313213" lon="0.121595"><ele>178</ele></trkpt>
    <trkpt lat="40.312948" lon="0.121543"><ele>179.4</ele></trkpt>
    <trkpt lat="40.312117" lon="0.121346"><ele>184.7</ele></trkpt>
    <trkpt lat="40.312071" lon="0.121336"><ele>185</ele></trkpt>
    <trkpt lat="40.311943" lon="0.121304"><ele>185.8</ele></trkpt>
    <trkpt lat="40.311673" lon="0.121286"><ele>187.4</ele></trkpt>
    <trkpt lat="40.311213" lon="0.121293"><ele>189.4</ele></trkpt>
    <trkpt lat="40.310747" lon="0.121359"><ele>190.3</ele></trkpt>
    <trkpt lat="40.310043" lon="0.121721"><ele>189.3</ele></trkpt>
    <trkpt lat="40.309926" lon="0.121791"><ele>188.8</ele></trkpt>
    <trkpt lat="40.309828" lon="0.121807"><ele>188.4</ele></trkpt>
    <trkpt lat="40.309451" lon="0.121731"><ele>186.6</ele></trkpt>
    <trkpt lat="40.309385" lon="0.121593"><ele>186</ele></trkpt>
    <trkpt lat="40.309358" lon="0.121511"><ele>185.7</ele></trkpt>
    <trkpt lat="40.309189" lon="0.121001"><ele>183.7</ele></trkpt>
    <trkpt lat="40.308995" lon="0.120416"><ele>181.6</ele></trkpt>
    <trkpt lat="40.308862" lon="0.120016"><ele>180.5</ele></trkpt>
    <trkpt lat="40.308836" lon="0.119939"><ele>180.3</ele></trkpt>
    <trkpt lat="40.308768" lon="0.119734"><ele>180</ele></trkpt>
    <trkpt lat="40.308316" lon="0.11837"><ele>178.4</ele></trkpt>
    <trkpt lat="40.308196" lon="0.11801"><ele>177.9</ele></trkpt>
    <trkpt lat="40.308039" lon="0.117537"><ele>177.5</ele></trkpt>
    <trkpt lat="40.307645" lon="0.116348"><ele>178.3</ele></trkpt>
    <trkpt lat="40.30752" lon="0.115973"><ele>179.1</ele></trkpt>
    <trkpt lat="40.307431" lon="0.115705"><ele>179.7</ele></trkpt>
    <trkpt lat="40.307392" lon="0.11559"><ele>180</ele></trkpt>
    <trkpt lat="40.307083" lon="0.114674"><ele>182</ele></trkpt>
    <trkpt lat="40.306872" lon="0.114051"><ele>182.7</ele></trkpt>
    <trkpt lat="40.306849" lon="0.113981"><ele>182.8</ele></trkpt>
    <trkpt lat="40.306849" lon="0.113981"><ele>182.8</ele></trkpt>
    <trkpt lat="40.306659" lon="0.113538"><ele>183.1</ele></trkpt>
    <trkpt lat="40.306659" lon="0.113538"><ele>183</ele></trkpt>
    <trkpt lat="40.306659" lon="0.113538"><ele>183</ele></trkpt>
    <trkpt lat="40.306573" lon="0.113276"><ele>183.1</ele></trkpt>
    <trkpt lat="40.306496" lon="0.113128"><ele>183.2</ele></trkpt>
    <trkpt lat="40.306422" lon="0.113026"><ele>183.2</ele></trkpt>
    <trkpt lat="40.306422" lon="0.113026"><ele>183.2</ele></trkpt>
    <trkpt lat="40.305774" lon="0.112329"><ele>183.3</ele></trkpt>
    <trkpt lat="40.304183" lon="0.111"><ele>184.1</ele></trkpt>
    <trkpt lat="40.303094" lon="0.110101"><ele>187</ele></trkpt>
    <trkpt lat="40.300398" lon="0.107878"><ele>197.7</ele></trkpt>
    <trkpt lat="40.297059" lon="0.105104"><ele>208.9</ele></trkpt>
    <trkpt lat="40.296866" lon="0.104922"><ele>209.6</ele></trkpt>
    <trkpt lat="40.296336" lon="0.104391"><ele>211.6</ele></trkpt>
    <trkpt lat="40.294947" lon="0.102878"><ele>216.9</ele></trkpt>
    <trkpt lat="40.293616" lon="0.101425"><ele>220</ele></trkpt>
    <trkpt lat="40.293154" lon="0.100964"><ele>220.6</ele></trkpt>
    <trkpt lat="40.292798" lon="0.100677"><ele>221</ele></trkpt>
    <trkpt lat="40.291096" lon="0.099578"><ele>223</ele></trkpt>
    <trkpt lat="40.290839" lon="0.099414"><ele>223.3</ele></trkpt>
    <trkpt lat="40.288916" lon="0.098191"><ele>224.4</ele></trkpt>
    <trkpt lat="40.28821" lon="0.097778"><ele>224.1</ele></trkpt>
    <trkpt lat="40.28748" lon="0.097407"><ele>223.6</ele></trkpt>
    <trkpt lat="40.286908" lon="0.097136"><ele>223.2</ele></trkpt>
    <trkpt lat="40.286807" lon="0.097088"><ele>223.2</ele></trkpt>
    <trkpt lat="40.28669" lon="0.097033"><ele>223.1</ele></trkpt>
    <trkpt lat="40.286569" lon="0.096975"><ele>223.1</ele></trkpt>
    <trkpt lat="40.284789" lon="0.096122"><ele>222.9</ele></trkpt>
    <trkpt lat="40.284185" lon="0.095858"><ele>223</ele></trkpt>
    <trkpt lat="40.283203" lon="0.095489"><ele>222.1</ele></trkpt>
    <trkpt lat="40.28272" lon="0.095338"><ele>222.3</ele></trkpt>
    <trkpt lat="40.281466" lon="0.094944"><ele>226.3</ele></trkpt>
    <trkpt lat="40.281405" lon="0.094925"><ele>226.6</ele></trkpt>
    <trkpt lat="40.280452" lon="0.094626"><ele>231.7</ele></trkpt>
    <trkpt lat="40.279512" lon="0.094289"><ele>235.9</ele></trkpt>
    <trkpt lat="40.279454" lon="0.094268"><ele>236.1</ele></trkpt>
    <trkpt lat="40.278599" lon="0.093917"><ele>238.4</ele></trkpt>
    <trkpt lat="40.275308" lon="0.092506"><ele>243.4</ele></trkpt>
    <trkpt lat="40.274633" lon="0.092166"><ele>243.9</ele></trkpt>
    <trkpt lat="40.274307" lon="0.091947"><ele>243.7</ele></trkpt>
    <trkpt lat="40.274009" lon="0.091711"><ele>243.2</ele></trkpt>
    <trkpt lat="40.273603" lon="0.091312"><ele>242.2</ele></trkpt>
    <trkpt lat="40.273332" lon="0.090989"><ele>241.5</ele></trkpt>
    <trkpt lat="40.272988" lon="0.090502"><ele>240.8</ele></trkpt>
    <trkpt lat="40.271082" lon="0.087637"><ele>242.6</ele></trkpt>
    <trkpt lat="40.271028" lon="0.087557"><ele>242.6</ele></trkpt>
    <trkpt lat="40.266153" lon="0.080191"><ele>244.2</ele></trkpt>
    <trkpt lat="40.26587" lon="0.079816"><ele>244.8</ele></trkpt>
    <trkpt lat="40.265343" lon="0.079314"><ele>246.5</ele></trkpt>
    <trkpt lat="40.263452" lon="0.077888"><ele>255.6</ele></trkpt>
    <trkpt lat="40.263013" lon="0.077635"><ele>258.7</ele></trkpt>
    <trkpt lat="40.262752" lon="0.077536"><ele>260.8</ele></trkpt>
    <trkpt lat="40.262454" lon="0.077463"><ele>263.5</ele></trkpt>
    <trkpt lat="40.262071" lon="0.077416"><ele>267.3</ele></trkpt>
    <trkpt lat="40.261748" lon="0.077415"><ele>270.6</ele></trkpt>
    <trkpt lat="40.261367" lon="0.077474"><ele>274.1</ele></trkpt>
    <trkpt lat="40.260945" lon="0.077575"><ele>277.4</ele></trkpt>
    <trkpt lat="40.25999" lon="0.077926"><ele>280.8</ele></trkpt>
    <trkpt lat="40.259109" lon="0.07802"><ele>278</ele></trkpt>
    <trkpt lat="40.258654" lon="0.078016"><ele>276.1</ele></trkpt>
    <trkpt lat="40.25843" lon="0.077986"><ele>275.2</ele></trkpt>
    <trkpt lat="40.258398" lon="0.07802"><ele>275</ele></trkpt>
    <trkpt lat="40.25832" lon="0.078071"><ele>274.6</ele></trkpt>
    <trkpt lat="40.258305" lon="0.078189"><ele>274.2</ele></trkpt>
    <trkpt lat="40.258401" lon="0.078398"><ele>273.5</ele></trkpt>
    <trkpt lat="40.25852" lon="0.078782"><ele>272.5</ele></trkpt>
    <trkpt lat="40.258667" lon="0.079543"><ele>272.3</ele></trkpt>
    <trkpt lat="40.258761" lon="0.07983"><ele>272.7</ele></trkpt>
    <trkpt lat="40.259127" lon="0.080495"><ele>274.2</ele></trkpt>
    <trkpt lat="40.259201" lon="0.080561"><ele>274.5</ele></trkpt>
    <trkpt lat="40.259307" lon="0.080567"><ele>274.9</ele></trkpt>
    <trkpt lat="40.259368" lon="0.080525"><ele>275.2</ele></trkpt>
    <trkpt lat="40.259419" lon="0.080442"><ele>275.5</ele></trkpt>
    <trkpt lat="40.259633" lon="0.079806"><ele>278</ele></trkpt>
    <trkpt lat="40.260182" lon="0.078184"><ele>283.3</ele></trkpt>
    <trkpt lat="40.260404" lon="0.077524"><ele>285</ele></trkpt>
    <trkpt lat="40.261037" lon="0.075676"><ele>288.8</ele></trkpt>
    <trkpt lat="40.261909" lon="0.073281"><ele>294.2</ele></trkpt>
    <trkpt lat="40.261928" lon="0.073227"><ele>294.4</ele></trkpt>
    <trkpt lat="40.262158" lon="0.072648"><ele>296</ele></trkpt>
    <trkpt lat="40.262754" lon="0.071076"><ele>301.7</ele></trkpt>
    <trkpt lat="40.262791" lon="0.070978"><ele>302.1</ele></trkpt>
    <trkpt lat="40.2629" lon="0.070736"><ele>303.2</ele></trkpt>
    <trkpt lat="40.262989" lon="0.070615"><ele>303.9</ele></trkpt>
    <trkpt lat="40.263027" lon="0.070562"><ele>304.2</ele></trkpt>
    <trkpt lat="40.263117" lon="0.07034"><ele>305.1</ele></trkpt>
    <trkpt lat="40.263238" lon="0.070153"><ele>305.9</ele></trkpt>
    <trkpt lat="40.263273" lon="0.0701"><ele>306.1</ele></trkpt>
    <trkpt lat="40.263301" lon="0.069954"><ele>306.6</ele></trkpt>
    <trkpt lat="40.263305" lon="0.069935"><ele>306.6</ele></trkpt>
    <trkpt lat="40.263331" lon="0.069803"><ele>307</ele></trkpt>
    <trkpt lat="40.263388" lon="0.069508"><ele>307.8</ele></trkpt>
    <trkpt lat="40.263407" lon="0.069413"><ele>308.1</ele></trkpt>
    <trkpt lat="40.26343" lon="0.069159"><ele>308.8</ele></trkpt>
    <trkpt lat="40.263435" lon="0.069113"><ele>308.9</ele></trkpt>
    <trkpt lat="40.26344" lon="0.069053"><ele>309</ele></trkpt>
    <trkpt lat="40.263447" lon="0.068981"><ele>309.2</ele></trkpt>
    <trkpt lat="40.26346" lon="0.068451"><ele>310.3</ele></trkpt>
    <trkpt lat="40.263499" lon="0.068224"><ele>310.7</ele></trkpt>
    <trkpt lat="40.263578" lon="0.068074"><ele>311</ele></trkpt>
    <trkpt lat="40.263945" lon="0.067659"><ele>312.2</ele></trkpt>
    <trkpt lat="40.265664" lon="0.065739"><ele>320</ele></trkpt>
    <trkpt lat="40.266408" lon="0.065145"><ele>323.2</ele></trkpt>
    <trkpt lat="40.267671" lon="0.064135"><ele>329.1</ele></trkpt>
    <trkpt lat="40.267971" lon="0.063783"><ele>330.7</ele></trkpt>
    <trkpt lat="40.268175" lon="0.063464"><ele>331.9</ele></trkpt>
    <trkpt lat="40.269107" lon="0.061775"><ele>338</ele></trkpt>
    <trkpt lat="40.270391" lon="0.059449"><ele>348.9</ele></trkpt>
    <trkpt lat="40.271066" lon="0.058226"><ele>355.6</ele></trkpt>
    <trkpt lat="40.271268" lon="0.057793"><ele>357.8</ele></trkpt>
    <trkpt lat="40.271375" lon="0.057364"><ele>359.6</ele></trkpt>
    <trkpt lat="40.27153" lon="0.054025"><ele>371.5</ele></trkpt>
    <trkpt lat="40.271675" lon="0.053381"><ele>373.8</ele></trkpt>
    <trkpt lat="40.271774" lon="0.052941"><ele>375.2</ele></trkpt>
    <trkpt lat="40.271891" lon="0.052684"><ele>376</ele></trkpt>
    <trkpt lat="40.272643" lon="0.051707"><ele>379</ele></trkpt>
    <trkpt lat="40.272711" lon="0.051542"><ele>379.5</ele></trkpt>
    <trkpt lat="40.272711" lon="0.051414"><ele>379.8</ele></trkpt>
    <trkpt lat="40.272658" lon="0.051302"><ele>380.2</ele></trkpt>
    <trkpt lat="40.272577" lon="0.051274"><ele>380.5</ele></trkpt>
    <trkpt lat="40.27167" lon="0.051431"><ele>385.4</ele></trkpt>
    <trkpt lat="40.271515" lon="0.051403"><ele>386.5</ele></trkpt>
    <trkpt lat="40.271409" lon="0.05129"><ele>387.4</ele></trkpt>
    <trkpt lat="40.271245" lon="0.050848"><ele>389.8</ele></trkpt>
    <trkpt lat="40.27121" lon="0.05057"><ele>391.1</ele></trkpt>
    <trkpt lat="40.271224" lon="0.050377"><ele>391.9</ele></trkpt>
    <trkpt lat="40.271596" lon="0.049506"><ele>394.6</ele></trkpt>
    <trkpt lat="40.271994" lon="0.048938"><ele>395.8</ele></trkpt>
    <trkpt lat="40.272561" lon="0.048413"><ele>398.3</ele></trkpt>
    <trkpt lat="40.272631" lon="0.048305"><ele>398.9</ele></trkpt>
    <trkpt lat="40.272633" lon="0.048156"><ele>399.6</ele></trkpt>
    <trkpt lat="40.271917" lon="0.045444"><ele>420.1</ele></trkpt>
    <trkpt lat="40.271888" lon="0.045183"><ele>421.1</ele></trkpt>
    <trkpt lat="40.271898" lon="0.045053"><ele>421.5</ele></trkpt>
    <trkpt lat="40.271974" lon="0.044848"><ele>422.1</ele></trkpt>
    <trkpt lat="40.272241" lon="0.044409"><ele>423.3</ele></trkpt>
    <trkpt lat="40.272309" lon="0.04418"><ele>423.6</ele></trkpt>
    <trkpt lat="40.272306" lon="0.043763"><ele>424.2</ele></trkpt>
    <trkpt lat="40.272205" lon="0.043303"><ele>425.1</ele></trkpt>
    <trkpt lat="40.271436" lon="0.041626"><ele>431.6</ele></trkpt>
    <trkpt lat="40.271389" lon="0.041414"><ele>432.1</ele></trkpt>
    <trkpt lat="40.271552" lon="0.040057"><ele>434.5</ele></trkpt>
    <trkpt lat="40.271534" lon="0.03986"><ele>434.7</ele></trkpt>
    <trkpt lat="40.27127" lon="0.039347"><ele>434.8</ele></trkpt>
    <trkpt lat="40.271236" lon="0.039149"><ele>434.8</ele></trkpt>
    <trkpt lat="40.271251" lon="0.038988"><ele>434.7</ele></trkpt>
    <trkpt lat="40.271304" lon="0.038844"><ele>434.5</ele></trkpt>
    <trkpt lat="40.271389" lon="0.038758"><ele>434.1</ele></trkpt>
    <trkpt lat="40.272115" lon="0.038428"><ele>432.7</ele></trkpt>
    <trkpt lat="40.272216" lon="0.038448"><ele>432.7</ele></trkpt>
    <trkpt lat="40.272276" lon="0.03852"><ele>432.7</ele></trkpt>
    <trkpt lat="40.272401" lon="0.038729"><ele>432.8</ele></trkpt>
    <trkpt lat="40.272444" lon="0.038784"><ele>432.9</ele></trkpt>
    <trkpt lat="40.272562" lon="0.038784"><ele>433.1</ele></trkpt>
    <trkpt lat="40.272967" lon="0.038439"><ele>434.3</ele></trkpt>
    <trkpt lat="40.273317" lon="0.037948"><ele>437.1</ele></trkpt>
    <trkpt lat="40.273379" lon="0.037789"><ele>438.2</ele></trkpt>
    <trkpt lat="40.273589" lon="0.036843"><ele>444</ele></trkpt>
    <trkpt lat="40.273658" lon="0.036639"><ele>445.3</ele></trkpt>
    <trkpt lat="40.273767" lon="0.036484"><ele>446.6</ele></trkpt>
    <trkpt lat="40.274195" lon="0.036313"><ele>450.5</ele></trkpt>
    <trkpt lat="40.275204" lon="0.035722"><ele>461.3</ele></trkpt>
    <trkpt lat="40.275777" lon="0.035233"><ele>466.9</ele></trkpt>
    <trkpt lat="40.275904" lon="0.035232"><ele>467.9</ele></trkpt>
    <trkpt lat="40.27598" lon="0.035332"><ele>468.6</ele></trkpt>
    <trkpt lat="40.27601" lon="0.035469"><ele>469.4</ele></trkpt>
    <trkpt lat="40.275977" lon="0.035726"><ele>470.7</ele></trkpt>
    <trkpt lat="40.275718" lon="0.036282"><ele>473.8</ele></trkpt>
    <trkpt lat="40.275716" lon="0.03642"><ele>474.5</ele></trkpt>
    <trkpt lat="40.27578" lon="0.036623"><ele>475.5</ele></trkpt>
    <trkpt lat="40.275892" lon="0.036721"><ele>476.3</ele></trkpt>
    <trkpt lat="40.275987" lon="0.036765"><ele>476.9</ele></trkpt>
    <trkpt lat="40.276079" lon="0.036742"><ele>477.5</ele></trkpt>
    <trkpt lat="40.276703" lon="0.036312"><ele>481.9</ele></trkpt>
    <trkpt lat="40.276783" lon="0.036193"><ele>482.7</ele></trkpt>
    <trkpt lat="40.27708" lon="0.035141"><ele>488.2</ele></trkpt>
    <trkpt lat="40.277062" lon="0.034581"><ele>490.9</ele></trkpt>
    <trkpt lat="40.276916" lon="0.034141"><ele>493.2</ele></trkpt>
    <trkpt lat="40.276934" lon="0.034049"><ele>493.7</ele></trkpt>
    <trkpt lat="40.277004" lon="0.033996"><ele>494.3</ele></trkpt>
    <trkpt lat="40.277085" lon="0.034017"><ele>494.8</ele></trkpt>
    <trkpt lat="40.277273" lon="0.03444"><ele>497.3</ele></trkpt>
    <trkpt lat="40.277411" lon="0.034662"><ele>498.8</ele></trkpt>
    <trkpt lat="40.27775" lon="0.035003"><ele>501.7</ele></trkpt>
    <trkpt lat="40.278037" lon="0.03561"><ele>505.5</ele></trkpt>
    <trkpt lat="40.278229" lon="0.035809"><ele>507</ele></trkpt>
    <trkpt lat="40.278364" lon="0.035883"><ele>507.9</ele></trkpt>
    <trkpt lat="40.278452" lon="0.035854"><ele>508.5</ele></trkpt>
    <trkpt lat="40.278494" lon="0.035747"><ele>509</ele></trkpt>
    <trkpt lat="40.278473" lon="0.035613"><ele>509.6</ele></trkpt>
    <trkpt lat="40.278278" lon="0.03535"><ele>511.3</ele></trkpt>
    <trkpt lat="40.277801" lon="0.034263"><ele>517</ele></trkpt>
    <trkpt lat="40.277795" lon="0.034114"><ele>517.6</ele></trkpt>
    <trkpt lat="40.277879" lon="0.034015"><ele>518.3</ele></trkpt>
    <trkpt lat="40.277975" lon="0.033998"><ele>518.9</ele></trkpt>
    <trkpt lat="40.278081" lon="0.034062"><ele>519.6</ele></trkpt>
    <trkpt lat="40.278593" lon="0.035075"><ele>526.2</ele></trkpt>
    <trkpt lat="40.279087" lon="0.03545"><ele>530.7</ele></trkpt>
    <trkpt lat="40.279242" lon="0.035427"><ele>531.9</ele></trkpt>
    <trkpt lat="40.279613" lon="0.035074"><ele>534.6</ele></trkpt>
    <trkpt lat="40.279749" lon="0.03503"><ele>535.3</ele></trkpt>
    <trkpt lat="40.27981" lon="0.035057"><ele>535.5</ele></trkpt>
    <trkpt lat="40.279968" lon="0.035611"><ele>536.4</ele></trkpt>
    <trkpt lat="40.280182" lon="0.035985"><ele>535.9</ele></trkpt>
    <trkpt lat="40.280299" lon="0.036073"><ele>535.5</ele></trkpt>
    <trkpt lat="40.280438" lon="0.036235"><ele>534.8</ele></trkpt>
    <trkpt lat="40.280492" lon="0.036396"><ele>534.3</ele></trkpt>
    <trkpt lat="40.280505" lon="0.036721"><ele>533.7</ele></trkpt>
    <trkpt lat="40.280538" lon="0.036861"><ele>533.6</ele></trkpt>
    <trkpt lat="40.28073" lon="0.037195"><ele>533.8</ele></trkpt>
    <trkpt lat="40.280785" lon="0.037575"><ele>535</ele></trkpt>
    <trkpt lat="40.280844" lon="0.037778"><ele>536.2</ele></trkpt>
    <trkpt lat="40.280957" lon="0.037936"><ele>537.6</ele></trkpt>
    <trkpt lat="40.281093" lon="0.038035"><ele>539.3</ele></trkpt>
    <trkpt lat="40.281274" lon="0.038075"><ele>541.7</ele></trkpt>
    <trkpt lat="40.281584" lon="0.038073"><ele>546.7</ele></trkpt>
    <trkpt lat="40.281789" lon="0.037999"><ele>550.7</ele></trkpt>
    <trkpt lat="40.282024" lon="0.037816"><ele>555.7</ele></trkpt>
    <trkpt lat="40.282212" lon="0.03761"><ele>560</ele></trkpt>
    <trkpt lat="40.282492" lon="0.037008"><ele>567.2</ele></trkpt>
    <trkpt lat="40.282887" lon="0.036586"><ele>570.9</ele></trkpt>
    <trkpt lat="40.282979" lon="0.036519"><ele>571.3</ele></trkpt>
    <trkpt lat="40.283107" lon="0.036528"><ele>571.8</ele></trkpt>
    <trkpt lat="40.283407" lon="0.036841"><ele>572.2</ele></trkpt>
    <trkpt lat="40.283513" lon="0.036907"><ele>572.1</ele></trkpt>
    <trkpt lat="40.283647" lon="0.036903"><ele>571.8</ele></trkpt>
    <trkpt lat="40.283907" lon="0.036792"><ele>570.8</ele></trkpt>
    <trkpt lat="40.284094" lon="0.036773"><ele>569.8</ele></trkpt>
    <trkpt lat="40.284149" lon="0.036799"><ele>569.5</ele></trkpt>
    <trkpt lat="40.284224" lon="0.036894"><ele>569</ele></trkpt>
    <trkpt lat="40.284365" lon="0.037379"><ele>567.2</ele></trkpt>
    <trkpt lat="40.284557" lon="0.037757"><ele>566.2</ele></trkpt>
    <trkpt lat="40.284565" lon="0.037942"><ele>566</ele></trkpt>
    <trkpt lat="40.284444" lon="0.038527"><ele>566.3</ele></trkpt>
    <trkpt lat="40.284433" lon="0.038818"><ele>567.2</ele></trkpt>
    <trkpt lat="40.284455" lon="0.038949"><ele>567.7</ele></trkpt>
    <trkpt lat="40.284536" lon="0.039124"><ele>568.8</ele></trkpt>
    <trkpt lat="40.284594" lon="0.039184"><ele>569.3</ele></trkpt>
    <trkpt lat="40.284727" lon="0.039248"><ele>570.5</ele></trkpt>
    <trkpt lat="40.285341" lon="0.039234"><ele>576.1</ele></trkpt>
    <trkpt lat="40.285516" lon="0.039289"><ele>577.8</ele></trkpt>
    <trkpt lat="40.285615" lon="0.039383"><ele>578.9</ele></trkpt>
    <trkpt lat="40.285898" lon="0.039917"><ele>583.2</ele></trkpt>
    <trkpt lat="40.286086" lon="0.040183"><ele>585.2</ele></trkpt>
    <trkpt lat="40.286377" lon="0.040414"><ele>587.6</ele></trkpt>
    <trkpt lat="40.286774" lon="0.040565"><ele>591.1</ele></trkpt>
    <trkpt lat="40.28702" lon="0.040591"><ele>593.7</ele></trkpt>
    <trkpt lat="40.287295" lon="0.040553"><ele>596.9</ele></trkpt>
    <trkpt lat="40.287426" lon="0.040498"><ele>598.7</ele></trkpt>
    <trkpt lat="40.28753" lon="0.040432"><ele>600.2</ele></trkpt>
    <trkpt lat="40.287638" lon="0.040296"><ele>602.1</ele></trkpt>
    <trkpt lat="40.287729" lon="0.040071"><ele>604.7</ele></trkpt>
    <trkpt lat="40.287733" lon="0.039913"><ele>606.3</ele></trkpt>
    <trkpt lat="40.287473" lon="0.038461"><ele>622.6</ele></trkpt>
    <trkpt lat="40.287138" lon="0.03751"><ele>632.7</ele></trkpt>
    <trkpt lat="40.287069" lon="0.037253"><ele>634.8</ele></trkpt>
    <trkpt lat="40.287055" lon="0.037106"><ele>635.9</ele></trkpt>
    <trkpt lat="40.287074" lon="0.036815"><ele>637.8</ele></trkpt>
    <trkpt lat="40.287185" lon="0.036376"><ele>640.2</ele></trkpt>
    <trkpt lat="40.287511" lon="0.035735"><ele>641.9</ele></trkpt>
    <trkpt lat="40.287543" lon="0.035577"><ele>641.9</ele></trkpt>
    <trkpt lat="40.287569" lon="0.035123"><ele>640.9</ele></trkpt>
    <trkpt lat="40.287614" lon="0.034986"><ele>640.5</ele></trkpt>
    <trkpt lat="40.287739" lon="0.03483"><ele>639.5</ele></trkpt>
    <trkpt lat="40.287891" lon="0.034738"><ele>638.6</ele></trkpt>
    <trkpt lat="40.288014" lon="0.034771"><ele>637.8</ele></trkpt>
    <trkpt lat="40.288107" lon="0.034869"><ele>637</ele></trkpt>
    <trkpt lat="40.288429" lon="0.035535"><ele>633.5</ele></trkpt>
    <trkpt lat="40.288666" lon="0.035816"><ele>632.6</ele></trkpt>
    <trkpt lat="40.288863" lon="0.03599"><ele>632.8</ele></trkpt>
    <trkpt lat="40.288941" lon="0.035992"><ele>633.1</ele></trkpt>
    <trkpt lat="40.289001" lon="0.035928"><ele>633.4</ele></trkpt>
    <trkpt lat="40.289023" lon="0.035818"><ele>633.9</ele></trkpt>
    <trkpt lat="40.288961" lon="0.035393"><ele>636.9</ele></trkpt>
    <trkpt lat="40.288956" lon="0.035143"><ele>639.3</ele></trkpt>
    <trkpt lat="40.289002" lon="0.034244"><ele>649.4</ele></trkpt>
    <trkpt lat="40.288929" lon="0.033827"><ele>654</ele></trkpt>
    <trkpt lat="40.288982" lon="0.033336"><ele>658.2</ele></trkpt>
    <trkpt lat="40.289045" lon="0.033174"><ele>659.4</ele></trkpt>
    <trkpt lat="40.289171" lon="0.033031"><ele>660.5</ele></trkpt>
    <trkpt lat="40.289534" lon="0.032862"><ele>662.2</ele></trkpt>
    <trkpt lat="40.289654" lon="0.032862"><ele>662.5</ele></trkpt>
    <trkpt lat="40.289826" lon="0.032921"><ele>663</ele></trkpt>
    <trkpt lat="40.290021" lon="0.033048"><ele>663.5</ele></trkpt>
    <trkpt lat="40.290127" lon="0.033174"><ele>664</ele></trkpt>
    <trkpt lat="40.290301" lon="0.033648"><ele>665.7</ele></trkpt>
    <trkpt lat="40.290373" lon="0.033759"><ele>666.3</ele></trkpt>
    <trkpt lat="40.29046" lon="0.033795"><ele>666.9</ele></trkpt>
    <trkpt lat="40.290564" lon="0.03378"><ele>667.6</ele></trkpt>
    <trkpt lat="40.290956" lon="0.033421"><ele>671.6</ele></trkpt>
    <trkpt lat="40.290991" lon="0.033289"><ele>672.7</ele></trkpt>
    <trkpt lat="40.290985" lon="0.033121"><ele>674.1</ele></trkpt>
    <trkpt lat="40.290907" lon="0.032957"><ele>675.8</ele></trkpt>
    <trkpt lat="40.290792" lon="0.032833"><ele>677.5</ele></trkpt>
    <trkpt lat="40.290444" lon="0.032629"><ele>682</ele></trkpt>
    <trkpt lat="40.290309" lon="0.032491"><ele>683.9</ele></trkpt>
    <trkpt lat="40.290027" lon="0.032042"><ele>688.3</ele></trkpt>
    <trkpt lat="40.289393" lon="0.031639"><ele>694.1</ele></trkpt>
    <trkpt lat="40.288188" lon="0.031304"><ele>703</ele></trkpt>
    <trkpt lat="40.288077" lon="0.031227"><ele>703.9</ele></trkpt>
    <trkpt lat="40.287981" lon="0.030988"><ele>705.4</ele></trkpt>
    <trkpt lat="40.28797" lon="0.030881"><ele>706</ele></trkpt>
    <trkpt lat="40.287968" lon="0.030719"><ele>706.9</ele></trkpt>
    <trkpt lat="40.28801" lon="0.030603"><ele>707.7</ele></trkpt>
    <trkpt lat="40.288084" lon="0.030578"><ele>708.2</ele></trkpt>
    <trkpt lat="40.288574" lon="0.030744"><ele>712.3</ele></trkpt>
    <trkpt lat="40.288952" lon="0.030872"><ele>715.6</ele></trkpt>
    <trkpt lat="40.289606" lon="0.03096"><ele>721.2</ele></trkpt>
    <trkpt lat="40.289816" lon="0.031015"><ele>723</ele></trkpt>
    <trkpt lat="40.290912" lon="0.031373"><ele>733</ele></trkpt>
    <trkpt lat="40.291419" lon="0.031396"><ele>738</ele></trkpt>
    <trkpt lat="40.292216" lon="0.031284"><ele>745.8</ele></trkpt>
    <trkpt lat="40.292515" lon="0.031238"><ele>747.8</ele></trkpt>
    <trkpt lat="40.292657" lon="0.031173"><ele>748.5</ele></trkpt>
    <trkpt lat="40.292771" lon="0.031083"><ele>749.1</ele></trkpt>
    <trkpt lat="40.293173" lon="0.030766"><ele>750.1</ele></trkpt>
    <trkpt lat="40.293332" lon="0.03068"><ele>750.2</ele></trkpt>
    <trkpt lat="40.293909" lon="0.030509"><ele>749.5</ele></trkpt>
    <trkpt lat="40.294097" lon="0.030511"><ele>749.2</ele></trkpt>
    <trkpt lat="40.295161" lon="0.030929"><ele>748.5</ele></trkpt>
    <trkpt lat="40.295403" lon="0.030993"><ele>748.6</ele></trkpt>
    <trkpt lat="40.295553" lon="0.030981"><ele>748.8</ele></trkpt>
    <trkpt lat="40.29587" lon="0.030823"><ele>749.5</ele></trkpt>
    <trkpt lat="40.296035" lon="0.030695"><ele>749.9</ele></trkpt>
    <trkpt lat="40.296073" lon="0.030634"><ele>750</ele></trkpt>
    <trkpt lat="40.296239" lon="0.030264"><ele>750.5</ele></trkpt>
    <trkpt lat="40.296296" lon="0.030185"><ele>750.6</ele></trkpt>
    <trkpt lat="40.296371" lon="0.030135"><ele>750.8</ele></trkpt>
    <trkpt lat="40.296585" lon="0.030127"><ele>751.1</ele></trkpt>
    <trkpt lat="40.296673" lon="0.030075"><ele>751.2</ele></trkpt>
    <trkpt lat="40.296759" lon="0.029971"><ele>751.3</ele></trkpt>
    <trkpt lat="40.296797" lon="0.029832"><ele>751.4</ele></trkpt>
    <trkpt lat="40.296796" lon="0.02896"><ele>751.6</ele></trkpt>
    <trkpt lat="40.29669" lon="0.028698"><ele>751.1</ele></trkpt>
    <trkpt lat="40.296115" lon="0.027573"><ele>750.9</ele></trkpt>
    <trkpt lat="40.296059" lon="0.027351"><ele>751.5</ele></trkpt>
    <trkpt lat="40.296048" lon="0.027212"><ele>752</ele></trkpt>
    <trkpt lat="40.296073" lon="0.027119"><ele>752.3</ele></trkpt>
    <trkpt lat="40.296124" lon="0.02706"><ele>752.7</ele></trkpt>
    <trkpt lat="40.296473" lon="0.026982"><ele>755.3</ele></trkpt>
    <trkpt lat="40.296566" lon="0.027036"><ele>756.1</ele></trkpt>
    <trkpt lat="40.297276" lon="0.027773"><ele>765.5</ele></trkpt>
    <trkpt lat="40.298851" lon="0.029388"><ele>783.5</ele></trkpt>
    <trkpt lat="40.299134" lon="0.029679"><ele>785.3</ele></trkpt>
    <trkpt lat="40.299218" lon="0.029687"><ele>785.6</ele></trkpt>
    <trkpt lat="40.2993" lon="0.029645"><ele>786</ele></trkpt>
    <trkpt lat="40.299431" lon="0.029481"><ele>786.8</ele></trkpt>
    <trkpt lat="40.299819" lon="0.028664"><ele>790.1</ele></trkpt>
    <trkpt lat="40.299864" lon="0.028615"><ele>790.3</ele></trkpt>
    <trkpt lat="40.299965" lon="0.028605"><ele>790.7</ele></trkpt>
    <trkpt lat="40.300535" lon="0.02894"><ele>793.5</ele></trkpt>
    <trkpt lat="40.300961" lon="0.029327"><ele>796.3</ele></trkpt>
    <trkpt lat="40.302122" lon="0.030356"><ele>800</ele></trkpt>
    <trkpt lat="40.302219" lon="0.030384"><ele>800</ele></trkpt>
    <trkpt lat="40.302715" lon="0.03033"><ele>799.6</ele></trkpt>
    <trkpt lat="40.302928" lon="0.030356"><ele>799.3</ele></trkpt>
    <trkpt lat="40.303023" lon="0.03043"><ele>799</ele></trkpt>
    <trkpt lat="40.303596" lon="0.031163"><ele>798.2</ele></trkpt>
    <trkpt lat="40.303704" lon="0.031222"><ele>798.3</ele></trkpt>
    <trkpt lat="40.303835" lon="0.031237"><ele>798.5</ele></trkpt>
    <trkpt lat="40.304646" lon="0.030968"><ele>801</ele></trkpt>
    <trkpt lat="40.304745" lon="0.030915"><ele>801.5</ele></trkpt>
    <trkpt lat="40.304814" lon="0.030796"><ele>801.9</ele></trkpt>
    <trkpt lat="40.304918" lon="0.030367"><ele>802.9</ele></trkpt>
    <trkpt lat="40.305014" lon="0.03024"><ele>803.2</ele></trkpt>
    <trkpt lat="40.305142" lon="0.03019"><ele>803.4</ele></trkpt>
    <trkpt lat="40.305256" lon="0.030232"><ele>803.4</ele></trkpt>
    <trkpt lat="40.305506" lon="0.030547"><ele>803.4</ele></trkpt>
    <trkpt lat="40.305632" lon="0.030642"><ele>803.2</ele></trkpt>
    <trkpt lat="40.305999" lon="0.030714"><ele>802</ele></trkpt>
    <trkpt lat="40.306055" lon="0.030776"><ele>801.6</ele></trkpt>
    <trkpt lat="40.306082" lon="0.030815"><ele>801.4</ele></trkpt>
    <trkpt lat="40.306174" lon="0.031221"><ele>799.2</ele></trkpt>
    <trkpt lat="40.306232" lon="0.03157"><ele>796.9</ele></trkpt>
    <trkpt lat="40.306224" lon="0.031761"><ele>795.6</ele></trkpt>
    <trkpt lat="40.306173" lon="0.031974"><ele>794.1</ele></trkpt>
    <trkpt lat="40.306079" lon="0.032155"><ele>792.5</ele></trkpt>
    <trkpt lat="40.30585" lon="0.032382"><ele>789.7</ele></trkpt>
    <trkpt lat="40.305759" lon="0.032517"><ele>788.4</ele></trkpt>
    <trkpt lat="40.305701" lon="0.032692"><ele>787.1</ele></trkpt>
    <trkpt lat="40.305593" lon="0.033433"><ele>784.3</ele></trkpt>
    <trkpt lat="40.305582" lon="0.033629"><ele>784.2</ele></trkpt>
    <trkpt lat="40.30561" lon="0.033803"><ele>784.4</ele></trkpt>
    <trkpt lat="40.30565" lon="0.033921"><ele>784.5</ele></trkpt>
    <trkpt lat="40.305742" lon="0.034046"><ele>784.9</ele></trkpt>
    <trkpt lat="40.305866" lon="0.034119"><ele>785.3</ele></trkpt>
    <trkpt lat="40.305993" lon="0.03415"><ele>785.9</ele></trkpt>
    <trkpt lat="40.306124" lon="0.03413"><ele>786.4</ele></trkpt>
    <trkpt lat="40.306268" lon="0.034029"><ele>787.2</ele></trkpt>
    <trkpt lat="40.306469" lon="0.033747"><ele>788.7</ele></trkpt>
    <trkpt lat="40.306561" lon="0.033681"><ele>789.3</ele></trkpt>
    <trkpt lat="40.306675" lon="0.033647"><ele>789.9</ele></trkpt>
    <trkpt lat="40.306784" lon="0.033655"><ele>790.4</ele></trkpt>
    <trkpt lat="40.307305" lon="0.033889"><ele>790.9</ele></trkpt>
    <trkpt lat="40.307487" lon="0.03392"><ele>790.4</ele></trkpt>
    <trkpt lat="40.307658" lon="0.033897"><ele>789.8</ele></trkpt>
    <trkpt lat="40.309033" lon="0.033523"><ele>783.3</ele></trkpt>
    <trkpt lat="40.309528" lon="0.033129"><ele>781.2</ele></trkpt>
    <trkpt lat="40.310097" lon="0.032929"><ele>780</ele></trkpt>
    <trkpt lat="40.310298" lon="0.03283"><ele>779.8</ele></trkpt>
    <trkpt lat="40.310482" lon="0.032655"><ele>779.7</ele></trkpt>
    <trkpt lat="40.310634" lon="0.032403"><ele>779.8</ele></trkpt>
    <trkpt lat="40.310938" lon="0.031645"><ele>780.2</ele></trkpt>
    <trkpt lat="40.310959" lon="0.031428"><ele>779.7</ele></trkpt>
    <trkpt lat="40.310936" lon="0.03127"><ele>779.3</ele></trkpt>
    <trkpt lat="40.310802" lon="0.030787"><ele>778.2</ele></trkpt>
    <trkpt lat="40.310813" lon="0.030658"><ele>777.9</ele></trkpt>
    <trkpt lat="40.310871" lon="0.030536"><ele>777.6</ele></trkpt>
    <trkpt lat="40.310954" lon="0.030453"><ele>777.4</ele></trkpt>
    <trkpt lat="40.311035" lon="0.030427"><ele>777.2</ele></trkpt>
    <trkpt lat="40.311153" lon="0.030449"><ele>776.9</ele></trkpt>
    <trkpt lat="40.311389" lon="0.030552"><ele>776.4</ele></trkpt>
    <trkpt lat="40.311478" lon="0.030551"><ele>776.2</ele></trkpt>
    <trkpt lat="40.311597" lon="0.030487"><ele>775.8</ele></trkpt>
    <trkpt lat="40.311721" lon="0.030338"><ele>775.4</ele></trkpt>
    <trkpt lat="40.311814" lon="0.030275"><ele>775.1</ele></trkpt>
    <trkpt lat="40.312566" lon="0.0301"><ele>777.2</ele></trkpt>
    <trkpt lat="40.312755" lon="0.030055"><ele>778</ele></trkpt>
    <trkpt lat="40.312822" lon="0.030039"><ele>778.3</ele></trkpt>
    <trkpt lat="40.313076" lon="0.029978"><ele>779.3</ele></trkpt>
    <trkpt lat="40.313426" lon="0.029892"><ele>780.7</ele></trkpt>
    <trkpt lat="40.314349" lon="0.029797"><ele>783.1</ele></trkpt>
    <trkpt lat="40.314626" lon="0.029683"><ele>783.5</ele></trkpt>
    <trkpt lat="40.314786" lon="0.029646"><ele>783.8</ele></trkpt>
    <trkpt lat="40.315281" lon="0.02967"><ele>784.9</ele></trkpt>
    <trkpt lat="40.315362" lon="0.029684"><ele>785.2</ele></trkpt>
    <trkpt lat="40.316192" lon="0.030207"><ele>789.4</ele></trkpt>
    <trkpt lat="40.316333" lon="0.030228"><ele>790.4</ele></trkpt>
    <trkpt lat="40.316634" lon="0.030149"><ele>792.7</ele></trkpt>
    <trkpt lat="40.316695" lon="0.03006"><ele>793.5</ele></trkpt>
    <trkpt lat="40.31687" lon="0.029315"><ele>798.6</ele></trkpt>
    <trkpt lat="40.317008" lon="0.028527"><ele>803.9</ele></trkpt>
    <trkpt lat="40.316987" lon="0.026761"><ele>813.3</ele></trkpt>
    <trkpt lat="40.316711" lon="0.026054"><ele>817.4</ele></trkpt>
    <trkpt lat="40.316439" lon="0.02479"><ele>821.9</ele></trkpt>
    <trkpt lat="40.316363" lon="0.024271"><ele>821.9</ele></trkpt>
    <trkpt lat="40.316428" lon="0.024167"><ele>821.6</ele></trkpt>
    <trkpt lat="40.316526" lon="0.02417"><ele>821.3</ele></trkpt>
    <trkpt lat="40.316762" lon="0.024352"><ele>820.3</ele></trkpt>
    <trkpt lat="40.31697" lon="0.02446"><ele>819.2</ele></trkpt>
    <trkpt lat="40.31702" lon="0.02457"><ele>818.7</ele></trkpt>
    <trkpt lat="40.317019" lon="0.024898"><ele>817.4</ele></trkpt>
    <trkpt lat="40.317098" lon="0.02518"><ele>816.2</ele></trkpt>
    <trkpt lat="40.317321" lon="0.025403"><ele>815.1</ele></trkpt>
    <trkpt lat="40.317653" lon="0.025624"><ele>814.2</ele></trkpt>
    <trkpt lat="40.317998" lon="0.025971"><ele>814.1</ele></trkpt>
    <trkpt lat="40.318452" lon="0.026321"><ele>815.1</ele></trkpt>
    <trkpt lat="40.31857" lon="0.026466"><ele>815.4</ele></trkpt>
    <trkpt lat="40.319193" lon="0.027869"><ele>818</ele></trkpt>
    <trkpt lat="40.319286" lon="0.02804"><ele>818.4</ele></trkpt>
    <trkpt lat="40.319397" lon="0.028155"><ele>818.7</ele></trkpt>
    <trkpt lat="40.319558" lon="0.028233"><ele>819</ele></trkpt>
    <trkpt lat="40.320354" lon="0.028502"><ele>820.6</ele></trkpt>
    <trkpt lat="40.320583" lon="0.02865"><ele>820.9</ele></trkpt>
    <trkpt lat="40.320784" lon="0.028827"><ele>821.2</ele></trkpt>
    <trkpt lat="40.320877" lon="0.029032"><ele>821.5</ele></trkpt>
    <trkpt lat="40.320947" lon="0.029363"><ele>822</ele></trkpt>
    <trkpt lat="40.320969" lon="0.029863"><ele>822.8</ele></trkpt>
    <trkpt lat="40.321" lon="0.030029"><ele>823.1</ele></trkpt>
    <trkpt lat="40.321055" lon="0.030176"><ele>823.5</ele></trkpt>
    <trkpt lat="40.321117" lon="0.030268"><ele>823.8</ele></trkpt>
    <trkpt lat="40.321305" lon="0.030303"><ele>824.5</ele></trkpt>
    <trkpt lat="40.322341" lon="0.029784"><ele>830</ele></trkpt>
    <trkpt lat="40.322514" lon="0.029731"><ele>830.9</ele></trkpt>
    <trkpt lat="40.322699" lon="0.029744"><ele>831.9</ele></trkpt>
    <trkpt lat="40.323211" lon="0.029941"><ele>834.8</ele></trkpt>
    <trkpt lat="40.3233" lon="0.02994"><ele>835.3</ele></trkpt>
    <trkpt lat="40.323424" lon="0.029896"><ele>835.9</ele></trkpt>
    <trkpt lat="40.323498" lon="0.029801"><ele>836.4</ele></trkpt>
    <trkpt lat="40.323662" lon="0.029029"><ele>838.3</ele></trkpt>
    <trkpt lat="40.323884" lon="0.028365"><ele>838.4</ele></trkpt>
    <trkpt lat="40.324021" lon="0.028092"><ele>838</ele></trkpt>
    <trkpt lat="40.32427" lon="0.02778"><ele>837.1</ele></trkpt>
    <trkpt lat="40.324415" lon="0.027528"><ele>836.2</ele></trkpt>
    <trkpt lat="40.324726" lon="0.026787"><ele>833.4</ele></trkpt>
    <trkpt lat="40.324945" lon="0.026416"><ele>832</ele></trkpt>
    <trkpt lat="40.325029" lon="0.026305"><ele>831.5</ele></trkpt>
    <trkpt lat="40.325124" lon="0.026273"><ele>831.2</ele></trkpt>
    <trkpt lat="40.32521" lon="0.026293"><ele>830.8</ele></trkpt>
    <trkpt lat="40.326604" lon="0.027964"><ele>819.2</ele></trkpt>
    <trkpt lat="40.32705" lon="0.028879"><ele>813.8</ele></trkpt>
    <trkpt lat="40.32759" lon="0.02964"><ele>810.1</ele></trkpt>
    <trkpt lat="40.328057" lon="0.030438"><ele>808.5</ele></trkpt>
    <trkpt lat="40.328523" lon="0.031015"><ele>807.9</ele></trkpt>
    <trkpt lat="40.328973" lon="0.031503"><ele>808.2</ele></trkpt>
    <trkpt lat="40.3291" lon="0.031607"><ele>808.3</ele></trkpt>
    <trkpt lat="40.329921" lon="0.031817"><ele>808.6</ele></trkpt>
    <trkpt lat="40.330051" lon="0.031879"><ele>808.5</ele></trkpt>
    <trkpt lat="40.330219" lon="0.032039"><ele>808.2</ele></trkpt>
    <trkpt lat="40.33039" lon="0.032298"><ele>807.7</ele></trkpt>
    <trkpt lat="40.330473" lon="0.032684"><ele>806.8</ele></trkpt>
    <trkpt lat="40.330641" lon="0.033953"><ele>802.2</ele></trkpt>
    <trkpt lat="40.330811" lon="0.034916"><ele>798.7</ele></trkpt>
    <trkpt lat="40.330939" lon="0.035292"><ele>797.4</ele></trkpt>
    <trkpt lat="40.331216" lon="0.035923"><ele>795.1</ele></trkpt>
    <trkpt lat="40.331283" lon="0.036248"><ele>794.1</ele></trkpt>
    <trkpt lat="40.331581" lon="0.037097"><ele>792.2</ele></trkpt>
    <trkpt lat="40.331683" lon="0.03725"><ele>791.9</ele></trkpt>
    <trkpt lat="40.33191" lon="0.037403"><ele>791.5</ele></trkpt>
    <trkpt lat="40.332125" lon="0.037493"><ele>791.3</ele></trkpt>
    <trkpt lat="40.332329" lon="0.037498"><ele>791.1</ele></trkpt>
    <trkpt lat="40.332619" lon="0.037449"><ele>791</ele></trkpt>
    <trkpt lat="40.332931" lon="0.03734"><ele>790.8</ele></trkpt>
    <trkpt lat="40.333646" lon="0.037178"><ele>789.7</ele></trkpt>
    <trkpt lat="40.333881" lon="0.037193"><ele>788.8</ele></trkpt>
    <trkpt lat="40.334049" lon="0.037293"><ele>788.1</ele></trkpt>
    <trkpt lat="40.334139" lon="0.037421"><ele>787.7</ele></trkpt>
    <trkpt lat="40.334191" lon="0.037634"><ele>787.2</ele></trkpt>
    <trkpt lat="40.334182" lon="0.037947"><ele>786.6</ele></trkpt>
    <trkpt lat="40.334089" lon="0.038326"><ele>786.2</ele></trkpt>
    <trkpt lat="40.333989" lon="0.038735"><ele>785.9</ele></trkpt>
    <trkpt lat="40.333959" lon="0.039149"><ele>785.4</ele></trkpt>
    <trkpt lat="40.333974" lon="0.039493"><ele>785</ele></trkpt>
    <trkpt lat="40.334046" lon="0.040045"><ele>784.2</ele></trkpt>
    <trkpt lat="40.334032" lon="0.042447"><ele>773.2</ele></trkpt>
    <trkpt lat="40.334058" lon="0.042609"><ele>772.7</ele></trkpt>
    <trkpt lat="40.334132" lon="0.042789"><ele>772.3</ele></trkpt>
    <trkpt lat="40.334241" lon="0.042905"><ele>772.1</ele></trkpt>
    <trkpt lat="40.334376" lon="0.04299"><ele>772</ele></trkpt>
    <trkpt lat="40.33449" lon="0.043004"><ele>772</ele></trkpt>
    <trkpt lat="40.334619" lon="0.042957"><ele>772</ele></trkpt>
    <trkpt lat="40.334737" lon="0.042823"><ele>772.1</ele></trkpt>
    <trkpt lat="40.334808" lon="0.042667"><ele>772.1</ele></trkpt>
    <trkpt lat="40.334948" lon="0.041995"><ele>771.7</ele></trkpt>
    <trkpt lat="40.335031" lon="0.041928"><ele>771.5</ele></trkpt>
    <trkpt lat="40.335129" lon="0.041915"><ele>771.2</ele></trkpt>
    <trkpt lat="40.335704" lon="0.042237"><ele>766.6</ele></trkpt>
    <trkpt lat="40.336089" lon="0.042589"><ele>760.6</ele></trkpt>
    <trkpt lat="40.336663" lon="0.042989"><ele>751.7</ele></trkpt>
    <trkpt lat="40.336853" lon="0.043206"><ele>748.6</ele></trkpt>
    <trkpt lat="40.33709" lon="0.043766"><ele>743.6</ele></trkpt>
    <trkpt lat="40.33735" lon="0.044526"><ele>739.4</ele></trkpt>
    <trkpt lat="40.337798" lon="0.046086"><ele>736.2</ele></trkpt>
    <trkpt lat="40.338187" lon="0.046699"><ele>735.7</ele></trkpt>
    <trkpt lat="40.338674" lon="0.04843"><ele>734.4</ele></trkpt>
    <trkpt lat="40.3391" lon="0.050796"><ele>730.6</ele></trkpt>
    <trkpt lat="40.339137" lon="0.050909"><ele>730.5</ele></trkpt>
    <trkpt lat="40.339217" lon="0.05113"><ele>730.2</ele></trkpt>
    <trkpt lat="40.339311" lon="0.051176"><ele>730</ele></trkpt>
    <trkpt lat="40.339511" lon="0.051176"><ele>729.6</ele></trkpt>
    <trkpt lat="40.339605" lon="0.051148"><ele>729.4</ele></trkpt>
    <trkpt lat="40.339779" lon="0.051008"><ele>729</ele></trkpt>
    <trkpt lat="40.340762" lon="0.05003"><ele>723.8</ele></trkpt>
    <trkpt lat="40.34106" lon="0.049832"><ele>721.5</ele></trkpt>
    <trkpt lat="40.341369" lon="0.0497"><ele>719</ele></trkpt>
    <trkpt lat="40.341915" lon="0.049524"><ele>714.2</ele></trkpt>
    <trkpt lat="40.342023" lon="0.049519"><ele>713.2</ele></trkpt>
    <trkpt lat="40.342283" lon="0.049506"><ele>710.7</ele></trkpt>
    <trkpt lat="40.343095" lon="0.049331"><ele>702.6</ele></trkpt>
    <trkpt lat="40.344136" lon="0.049295"><ele>694.2</ele></trkpt>
    <trkpt lat="40.344957" lon="0.049554"><ele>690.2</ele></trkpt>
    <trkpt lat="40.345219" lon="0.049571"><ele>689.3</ele></trkpt>
    <trkpt lat="40.345346" lon="0.049546"><ele>688.9</ele></trkpt>
    <trkpt lat="40.345461" lon="0.049506"><ele>688.7</ele></trkpt>
    <trkpt lat="40.345585" lon="0.049444"><ele>688.3</ele></trkpt>
    <trkpt lat="40.346033" lon="0.049041"><ele>687.3</ele></trkpt>
    <trkpt lat="40.346314" lon="0.048662"><ele>686.6</ele></trkpt>
    <trkpt lat="40.346536" lon="0.048169"><ele>685.6</ele></trkpt>
    <trkpt lat="40.346617" lon="0.048039"><ele>685.3</ele></trkpt>
    <trkpt lat="40.346716" lon="0.047956"><ele>685</ele></trkpt>
    <trkpt lat="40.346881" lon="0.047957"><ele>684.6</ele></trkpt>
    <trkpt lat="40.347029" lon="0.04802"><ele>684.2</ele></trkpt>
    <trkpt lat="40.34716" lon="0.048174"><ele>683.6</ele></trkpt>
    <trkpt lat="40.347213" lon="0.048349"><ele>683.1</ele></trkpt>
    <trkpt lat="40.347231" lon="0.048511"><ele>682.6</ele></trkpt>
    <trkpt lat="40.34722" lon="0.049012"><ele>680.3</ele></trkpt>
    <trkpt lat="40.347239" lon="0.049178"><ele>679.3</ele></trkpt>
    <trkpt lat="40.34733" lon="0.04935"><ele>678</ele></trkpt>
    <trkpt lat="40.347449" lon="0.049446"><ele>676.8</ele></trkpt>
    <trkpt lat="40.347635" lon="0.04952"><ele>675</ele></trkpt>
    <trkpt lat="40.347898" lon="0.049541"><ele>672.6</ele></trkpt>
    <trkpt lat="40.348114" lon="0.049524"><ele>670.6</ele></trkpt>
    <trkpt lat="40.348428" lon="0.049428"><ele>668.2</ele></trkpt>
    <trkpt lat="40.349066" lon="0.049292"><ele>665</ele></trkpt>
    <trkpt lat="40.34919" lon="0.049312"><ele>664.4</ele></trkpt>
    <trkpt lat="40.349277" lon="0.049377"><ele>664</ele></trkpt>
    <trkpt lat="40.349505" lon="0.049946"><ele>661.3</ele></trkpt>
    <trkpt lat="40.34958" lon="0.05002"><ele>660.6</ele></trkpt>
    <trkpt lat="40.349668" lon="0.050046"><ele>659.9</ele></trkpt>
    <trkpt lat="40.349792" lon="0.050018"><ele>658.9</ele></trkpt>
    <trkpt lat="40.349874" lon="0.049938"><ele>658</ele></trkpt>
    <trkpt lat="40.350121" lon="0.049381"><ele>652.2</ele></trkpt>
    <trkpt lat="40.350373" lon="0.048466"><ele>640.6</ele></trkpt>
    <trkpt lat="40.350487" lon="0.048135"><ele>636.6</ele></trkpt>
    <trkpt lat="40.350865" lon="0.047268"><ele>628.4</ele></trkpt>
    <trkpt lat="40.351202" lon="0.046587"><ele>625.4</ele></trkpt>
    <trkpt lat="40.351271" lon="0.046514"><ele>625.2</ele></trkpt>
    <trkpt lat="40.351386" lon="0.046482"><ele>624.9</ele></trkpt>
    <trkpt lat="40.351534" lon="0.046493"><ele>624.5</ele></trkpt>
    <trkpt lat="40.35169" lon="0.046559"><ele>624.3</ele></trkpt>
    <trkpt lat="40.352086" lon="0.046846"><ele>623.6</ele></trkpt>
    <trkpt lat="40.352179" lon="0.046891"><ele>623.4</ele></trkpt>
    <trkpt lat="40.35227" lon="0.04688"><ele>623.2</ele></trkpt>
    <trkpt lat="40.352341" lon="0.046831"><ele>623.1</ele></trkpt>
    <trkpt lat="40.352522" lon="0.046501"><ele>622.3</ele></trkpt>
    <trkpt lat="40.352745" lon="0.046213"><ele>620.8</ele></trkpt>
    <trkpt lat="40.353042" lon="0.045903"><ele>617.9</ele></trkpt>
    <trkpt lat="40.353309" lon="0.045759"><ele>615.1</ele></trkpt>
    <trkpt lat="40.353362" lon="0.045673"><ele>614.3</ele></trkpt>
    <trkpt lat="40.35337" lon="0.045502"><ele>612.9</ele></trkpt>
    <trkpt lat="40.353322" lon="0.04529"><ele>611</ele></trkpt>
    <trkpt lat="40.35326" lon="0.044638"><ele>605.5</ele></trkpt>
    <trkpt lat="40.353205" lon="0.044284"><ele>602.4</ele></trkpt>
    <trkpt lat="40.353207" lon="0.043978"><ele>599.9</ele></trkpt>
    <trkpt lat="40.353943" lon="0.042426"><ele>588.5</ele></trkpt>
    <trkpt lat="40.354264" lon="0.041878"><ele>585.3</ele></trkpt>
    <trkpt lat="40.354642" lon="0.041453"><ele>582.4</ele></trkpt>
    <trkpt lat="40.354676" lon="0.041312"><ele>581.7</ele></trkpt>
    <trkpt lat="40.354675" lon="0.040827"><ele>579.6</ele></trkpt>
    <trkpt lat="40.354715" lon="0.040638"><ele>578.7</ele></trkpt>
    <trkpt lat="40.354825" lon="0.040344"><ele>577.2</ele></trkpt>
    <trkpt lat="40.355511" lon="0.039195"><ele>570.2</ele></trkpt>
    <trkpt lat="40.355784" lon="0.038829"><ele>567.5</ele></trkpt>
    <trkpt lat="40.355982" lon="0.038611"><ele>565.6</ele></trkpt>
    <trkpt lat="40.356888" lon="0.037922"><ele>557.3</ele></trkpt>
    <trkpt lat="40.357291" lon="0.037692"><ele>553.9</ele></trkpt>
    <trkpt lat="40.357501" lon="0.037638"><ele>552.4</ele></trkpt>
    <trkpt lat="40.357502" lon="0.037384"><ele>551.1</ele></trkpt>
    <trkpt lat="40.357502" lon="0.037209"><ele>550.3</ele></trkpt>
    <trkpt lat="40.357495" lon="0.032319"><ele>537.4</ele></trkpt>
    <trkpt lat="40.357494" lon="0.032024"><ele>537.5</ele></trkpt>
    <trkpt lat="40.357491" lon="0.029841"><ele>541.1</ele></trkpt>
    <trkpt lat="40.357485" lon="0.029487"><ele>541.1</ele></trkpt>
    <trkpt lat="40.357447" lon="0.029182"><ele>540.8</ele></trkpt>
    <trkpt lat="40.357197" lon="0.028152"><ele>538.9</ele></trkpt>
    <trkpt lat="40.356957" lon="0.027169"><ele>536.7</ele></trkpt>
    <trkpt lat="40.356853" lon="0.02674"><ele>535.7</ele></trkpt>
    <trkpt lat="40.356777" lon="0.026335"><ele>534.9</ele></trkpt>
    <trkpt lat="40.356719" lon="0.026023"><ele>534.3</ele></trkpt>
    <trkpt lat="40.356657" lon="0.025524"><ele>533.1</ele></trkpt>
    <trkpt lat="40.356658" lon="0.025418"><ele>532.9</ele></trkpt>
    <trkpt lat="40.356666" lon="0.024741"><ele>531.4</ele></trkpt>
    <trkpt lat="40.356659" lon="0.024662"><ele>531.2</ele></trkpt>
    <trkpt lat="40.356623" lon="0.02449"><ele>530.8</ele></trkpt>
    <trkpt lat="40.356619" lon="0.024465"><ele>530.8</ele></trkpt>
    <trkpt lat="40.356394" lon="0.023793"><ele>529.9</ele></trkpt>
    <trkpt lat="40.356331" lon="0.023605"><ele>529.8</ele></trkpt>
    <trkpt lat="40.356278" lon="0.023434"><ele>529.8</ele></trkpt>
    <trkpt lat="40.356032" lon="0.023402"><ele>529.8</ele></trkpt>
    <trkpt lat="40.355906" lon="0.023313"><ele>530</ele></trkpt>
    <trkpt lat="40.355665" lon="0.023143"><ele>530.6</ele></trkpt>
    <trkpt lat="40.354637" lon="0.022418"><ele>534.9</ele></trkpt>
    <trkpt lat="40.354578" lon="0.022341"><ele>535.3</ele></trkpt>
    <trkpt lat="40.354493" lon="0.022139"><ele>536.1</ele></trkpt>
    <trkpt lat="40.354031" lon="0.020524"><ele>541.2</ele></trkpt>
    <trkpt lat="40.354009" lon="0.020449"><ele>541.4</ele></trkpt>
    <trkpt lat="40.353901" lon="0.020148"><ele>542</ele></trkpt>
    <trkpt lat="40.353912" lon="0.020071"><ele>542.2</ele></trkpt>
    <trkpt lat="40.353889" lon="0.020004"><ele>542.3</ele></trkpt>
    <trkpt lat="40.353845" lon="0.019966"><ele>542.4</ele></trkpt>
    <trkpt lat="40.353668" lon="0.019269"><ele>543.3</ele></trkpt>
    <trkpt lat="40.353115" lon="0.017355"><ele>543.3</ele></trkpt>
    <trkpt lat="40.351727" lon="0.012301"><ele>536.8</ele></trkpt>
    <trkpt lat="40.350961" lon="0.009417"><ele>538.3</ele></trkpt>
    <trkpt lat="40.350834" lon="0.008951"><ele>538.7</ele></trkpt>
    <trkpt lat="40.350609" lon="0.008121"><ele>539.3</ele></trkpt>
    <trkpt lat="40.350593" lon="0.00806"><ele>539.4</ele></trkpt>
    <trkpt lat="40.349516" lon="0.003947"><ele>541.4</ele></trkpt>
    <trkpt lat="40.349109" lon="0.002417"><ele>541.1</ele></trkpt>
    <trkpt lat="40.346753" lon="-0.002572"><ele>535.9</ele></trkpt>
    <trkpt lat="40.346279" lon="-0.003299"><ele>534.5</ele></trkpt>
    <trkpt lat="40.346122" lon="-0.003529"><ele>534.2</ele></trkpt>
    <trkpt lat="40.346073" lon="-0.0038"><ele>533.9</ele></trkpt>
    <trkpt lat="40.346113" lon="-0.003876"><ele>533.8</ele></trkpt>
    <trkpt lat="40.346121" lon="-0.00398"><ele>533.6</ele></trkpt>
    <trkpt lat="40.34606" lon="-0.00411"><ele>533.5</ele></trkpt>
    <trkpt lat="40.345946" lon="-0.004146"><ele>533.3</ele></trkpt>
    <trkpt lat="40.345846" lon="-0.004066"><ele>533.1</ele></trkpt>
    <trkpt lat="40.345719" lon="-0.004093"><ele>532.9</ele></trkpt>
    <trkpt lat="40.345478" lon="-0.004144"><ele>532.6</ele></trkpt>
    <trkpt lat="40.345147" lon="-0.004379"><ele>532.3</ele></trkpt>
    <trkpt lat="40.344104" lon="-0.005259"><ele>531.7</ele></trkpt>
    <trkpt lat="40.343917" lon="-0.005415"><ele>531.6</ele></trkpt>
    <trkpt lat="40.343764" lon="-0.005542"><ele>531.6</ele></trkpt>
    <trkpt lat="40.34306" lon="-0.006131"><ele>532</ele></trkpt>
    <trkpt lat="40.339545" lon="-0.00911"><ele>537.1</ele></trkpt>
    <trkpt lat="40.339451" lon="-0.00919"><ele>537.3</ele></trkpt>
    <trkpt lat="40.33558" lon="-0.01247"><ele>541.8</ele></trkpt>
    <trkpt lat="40.33513" lon="-0.012815"><ele>540.4</ele></trkpt>
    <trkpt lat="40.334775" lon="-0.013026"><ele>538.9</ele></trkpt>
    <trkpt lat="40.332893" lon="-0.013757"><ele>531.9</ele></trkpt>
    <trkpt lat="40.332421" lon="-0.014023"><ele>531</ele></trkpt>
    <trkpt lat="40.331149" lon="-0.015209"><ele>531</ele></trkpt>
    <trkpt lat="40.330836" lon="-0.01538"><ele>531.2</ele></trkpt>
    <trkpt lat="40.328931" lon="-0.016058"><ele>531.8</ele></trkpt>
    <trkpt lat="40.328479" lon="-0.016324"><ele>531.9</ele></trkpt>
    <trkpt lat="40.328097" lon="-0.016684"><ele>531.6</ele></trkpt>
    <trkpt lat="40.324725" lon="-0.021091"><ele>520.7</ele></trkpt>
    <trkpt lat="40.322553" lon="-0.023921"><ele>528</ele></trkpt>
    <trkpt lat="40.321982" lon="-0.024678"><ele>532.1</ele></trkpt>
    <trkpt lat="40.320294" lon="-0.026915"><ele>545.4</ele></trkpt>
    <trkpt lat="40.319954" lon="-0.027313"><ele>546.8</ele></trkpt>
    <trkpt lat="40.319578" lon="-0.027753"><ele>547.6</ele></trkpt>
    <trkpt lat="40.319038" lon="-0.028138"><ele>547.6</ele></trkpt>
    <trkpt lat="40.316437" lon="-0.029694"><ele>542.3</ele></trkpt>
    <trkpt lat="40.316161" lon="-0.02986"><ele>541.1</ele></trkpt>
    <trkpt lat="40.315718" lon="-0.030195"><ele>539</ele></trkpt>
    <trkpt lat="40.315641" lon="-0.030253"><ele>538.6</ele></trkpt>
    <trkpt lat="40.315286" lon="-0.030666"><ele>536.4</ele></trkpt>
    <trkpt lat="40.314563" lon="-0.032009"><ele>531.4</ele></trkpt>
    <trkpt lat="40.314334" lon="-0.032379"><ele>529.9</ele></trkpt>
    <trkpt lat="40.31321" lon="-0.033336"><ele>523</ele></trkpt>
    <trkpt lat="40.312994" lon="-0.033638"><ele>521</ele></trkpt>
    <trkpt lat="40.312813" lon="-0.033976"><ele>519.1</ele></trkpt>
    <trkpt lat="40.312664" lon="-0.034418"><ele>516.7</ele></trkpt>
    <trkpt lat="40.312574" lon="-0.035001"><ele>513.8</ele></trkpt>
    <trkpt lat="40.312525" lon="-0.035985"><ele>509.7</ele></trkpt>
    <trkpt lat="40.312444" lon="-0.036347"><ele>508.5</ele></trkpt>
    <trkpt lat="40.312287" lon="-0.03672"><ele>507.3</ele></trkpt>
    <trkpt lat="40.311839" lon="-0.037473"><ele>504.5</ele></trkpt>
    <trkpt lat="40.31172" lon="-0.03759"><ele>503.9</ele></trkpt>
    <trkpt lat="40.311531" lon="-0.037776"><ele>502.9</ele></trkpt>
    <trkpt lat="40.311145" lon="-0.037935"><ele>500.7</ele></trkpt>
    <trkpt lat="40.310909" lon="-0.037938"><ele>499.2</ele></trkpt>
    <trkpt lat="40.310004" lon="-0.037724"><ele>491.7</ele></trkpt>
    <trkpt lat="40.309824" lon="-0.037747"><ele>490.2</ele></trkpt>
    <trkpt lat="40.309474" lon="-0.03785"><ele>487.2</ele></trkpt>
    <trkpt lat="40.309193" lon="-0.038069"><ele>484.6</ele></trkpt>
    <trkpt lat="40.308101" lon="-0.039378"><ele>477.5</ele></trkpt>
    <trkpt lat="40.307869" lon="-0.039657"><ele>477.2</ele></trkpt>
    <trkpt lat="40.307025" lon="-0.040677"><ele>477.3</ele></trkpt>
    <trkpt lat="40.306848" lon="-0.040891"><ele>477.2</ele></trkpt>
    <trkpt lat="40.306521" lon="-0.041133"><ele>476.7</ele></trkpt>
    <trkpt lat="40.30638" lon="-0.041196"><ele>476.5</ele></trkpt>
    <trkpt lat="40.306221" lon="-0.041268"><ele>476.1</ele></trkpt>
    <trkpt lat="40.305103" lon="-0.041616"><ele>474.7</ele></trkpt>
    <trkpt lat="40.304718" lon="-0.041827"><ele>474.9</ele></trkpt>
    <trkpt lat="40.303982" lon="-0.042473"><ele>475.9</ele></trkpt>
    <trkpt lat="40.302037" lon="-0.044181"><ele>475.6</ele></trkpt>
    <trkpt lat="40.29945" lon="-0.046453"><ele>470.3</ele></trkpt>
    <trkpt lat="40.298806" lon="-0.047"><ele>472.8</ele></trkpt>
    <trkpt lat="40.298398" lon="-0.047264"><ele>475.5</ele></trkpt>
    <trkpt lat="40.297288" lon="-0.045178"><ele>487.8</ele></trkpt>
    <trkpt lat="40.297197" lon="-0.045007"><ele>488.8</ele></trkpt>
    <trkpt lat="40.296866" lon="-0.044385"><ele>492.6</ele></trkpt>
    <trkpt lat="40.296665" lon="-0.044114"><ele>494.5</ele></trkpt>
    <trkpt lat="40.296516" lon="-0.043854"><ele>496.2</ele></trkpt>
    <trkpt lat="40.296444" lon="-0.043655"><ele>497.4</ele></trkpt>
    <trkpt lat="40.296417" lon="-0.043522"><ele>498.1</ele></trkpt>
    <trkpt lat="40.296391" lon="-0.042761"><ele>502.6</ele></trkpt>
    <trkpt lat="40.296359" lon="-0.042602"><ele>503.7</ele></trkpt>
    <trkpt lat="40.296301" lon="-0.042465"><ele>504.7</ele></trkpt>
    <trkpt lat="40.296151" lon="-0.042263"><ele>506.8</ele></trkpt>
    <trkpt lat="40.296032" lon="-0.042027"><ele>509</ele></trkpt>
    <trkpt lat="40.295772" lon="-0.041098"><ele>517.2</ele></trkpt>
    <trkpt lat="40.29568" lon="-0.040903"><ele>519.1</ele></trkpt>
    <trkpt lat="40.295565" lon="-0.040761"><ele>520.8</ele></trkpt>
    <trkpt lat="40.29542" lon="-0.040725"><ele>522.2</ele></trkpt>
    <trkpt lat="40.295252" lon="-0.040803"><ele>523.9</ele></trkpt>
    <trkpt lat="40.294829" lon="-0.041271"><ele>528</ele></trkpt>
    <trkpt lat="40.294573" lon="-0.041476"><ele>529.7</ele></trkpt>
    <trkpt lat="40.294334" lon="-0.041538"><ele>530.8</ele></trkpt>
    <trkpt lat="40.294064" lon="-0.041524"><ele>531.9</ele></trkpt>
    <trkpt lat="40.293969" lon="-0.04148"><ele>532.3</ele></trkpt>
    <trkpt lat="40.293833" lon="-0.041409"><ele>533</ele></trkpt>
    <trkpt lat="40.293715" lon="-0.041294"><ele>533.7</ele></trkpt>
    <trkpt lat="40.293545" lon="-0.04099"><ele>535.3</ele></trkpt>
    <trkpt lat="40.293353" lon="-0.040646"><ele>537.6</ele></trkpt>
    <trkpt lat="40.293328" lon="-0.040051"><ele>541.6</ele></trkpt>
    <trkpt lat="40.293253" lon="-0.039773"><ele>543.9</ele></trkpt>
    <trkpt lat="40.293136" lon="-0.039586"><ele>546</ele></trkpt>
    <trkpt lat="40.293147" lon="-0.039462"><ele>547</ele></trkpt>
    <trkpt lat="40.293206" lon="-0.039398"><ele>547.9</ele></trkpt>
    <trkpt lat="40.293302" lon="-0.039389"><ele>549</ele></trkpt>
    <trkpt lat="40.29356" lon="-0.039485"><ele>552.1</ele></trkpt>
    <trkpt lat="40.293902" lon="-0.039468"><ele>556</ele></trkpt>
    <trkpt lat="40.294023" lon="-0.03943"><ele>557.4</ele></trkpt>
    <trkpt lat="40.294098" lon="-0.039336"><ele>558.5</ele></trkpt>
    <trkpt lat="40.294665" lon="-0.037292"><ele>574.7</ele></trkpt>
    <trkpt lat="40.294712" lon="-0.037049"><ele>576.6</ele></trkpt>
    <trkpt lat="40.294715" lon="-0.036729"><ele>579.3</ele></trkpt>
    <trkpt lat="40.294659" lon="-0.03649"><ele>581.4</ele></trkpt>
    <trkpt lat="40.294531" lon="-0.03632"><ele>583.4</ele></trkpt>
    <trkpt lat="40.294375" lon="-0.03623"><ele>585.2</ele></trkpt>
    <trkpt lat="40.294134" lon="-0.03619"><ele>587.6</ele></trkpt>
    <trkpt lat="40.293898" lon="-0.036224"><ele>589.9</ele></trkpt>
    <trkpt lat="40.293703" lon="-0.036371"><ele>592.1</ele></trkpt>
    <trkpt lat="40.29344" lon="-0.036498"><ele>594.6</ele></trkpt>
    <trkpt lat="40.292144" lon="-0.036945"><ele>603.7</ele></trkpt>
    <trkpt lat="40.291698" lon="-0.036979"><ele>607.3</ele></trkpt>
    <trkpt lat="40.291477" lon="-0.036943"><ele>609.4</ele></trkpt>
    <trkpt lat="40.29083" lon="-0.036704"><ele>616.5</ele></trkpt>
    <trkpt lat="40.290674" lon="-0.03668"><ele>618.2</ele></trkpt>
    <trkpt lat="40.290515" lon="-0.036687"><ele>619.9</ele></trkpt>
    <trkpt lat="40.290019" lon="-0.0369"><ele>625</ele></trkpt>
    <trkpt lat="40.289902" lon="-0.036872"><ele>626</ele></trkpt>
    <trkpt lat="40.289745" lon="-0.036725"><ele>627.5</ele></trkpt>
    <trkpt lat="40.289688" lon="-0.036672"><ele>627.9</ele></trkpt>
    <trkpt lat="40.289273" lon="-0.036283"><ele>630.9</ele></trkpt>
    <trkpt lat="40.289034" lon="-0.035938"><ele>632.5</ele></trkpt>
    <trkpt lat="40.288454" lon="-0.035347"><ele>635</ele></trkpt>
    <trkpt lat="40.288042" lon="-0.035136"><ele>635.4</ele></trkpt>
    <trkpt lat="40.28768" lon="-0.034807"><ele>634.5</ele></trkpt>
    <trkpt lat="40.287586" lon="-0.034778"><ele>634.3</ele></trkpt>
    <trkpt lat="40.287524" lon="-0.034805"><ele>634.1</ele></trkpt>
    <trkpt lat="40.287481" lon="-0.034905"><ele>633.8</ele></trkpt>
    <trkpt lat="40.287383" lon="-0.035484"><ele>632.7</ele></trkpt>
    <trkpt lat="40.287308" lon="-0.035729"><ele>632.4</ele></trkpt>
    <trkpt lat="40.287208" lon="-0.03587"><ele>632.3</ele></trkpt>
    <trkpt lat="40.287061" lon="-0.035963"><ele>632.2</ele></trkpt>
    <trkpt lat="40.286918" lon="-0.035983"><ele>632.2</ele></trkpt>
    <trkpt lat="40.28679" lon="-0.035934"><ele>632.1</ele></trkpt>
    <trkpt lat="40.286242" lon="-0.03536"><ele>632.5</ele></trkpt>
    <trkpt lat="40.286148" lon="-0.035343"><ele>632.6</ele></trkpt>
    <trkpt lat="40.286078" lon="-0.035372"><ele>632.7</ele></trkpt>
    <trkpt lat="40.286016" lon="-0.035467"><ele>632.8</ele></trkpt>
    <trkpt lat="40.28589" lon="-0.035889"><ele>633.1</ele></trkpt>
    <trkpt lat="40.285777" lon="-0.03607"><ele>633.3</ele></trkpt>
    <trkpt lat="40.285615" lon="-0.036166"><ele>633.4</ele></trkpt>
    <trkpt lat="40.28522" lon="-0.036117"><ele>633.6</ele></trkpt>
    <trkpt lat="40.285067" lon="-0.036012"><ele>634</ele></trkpt>
    <trkpt lat="40.284279" lon="-0.034769"><ele>644.9</ele></trkpt>
    <trkpt lat="40.284062" lon="-0.034362"><ele>650.2</ele></trkpt>
    <trkpt lat="40.283891" lon="-0.033628"><ele>658.5</ele></trkpt>
    <trkpt lat="40.283793" lon="-0.033351"><ele>661.8</ele></trkpt>
    <trkpt lat="40.283518" lon="-0.032988"><ele>667.4</ele></trkpt>
    <trkpt lat="40.283044" lon="-0.03264"><ele>675.4</ele></trkpt>
    <trkpt lat="40.282876" lon="-0.032448"><ele>678.8</ele></trkpt>
    <trkpt lat="40.282767" lon="-0.031994"><ele>684.2</ele></trkpt>
    <trkpt lat="40.28259" lon="-0.031612"><ele>689.1</ele></trkpt>
    <trkpt lat="40.282526" lon="-0.03151"><ele>690.5</ele></trkpt>
    <trkpt lat="40.282311" lon="-0.031384"><ele>693.7</ele></trkpt>
    <trkpt lat="40.282117" lon="-0.031382"><ele>696.2</ele></trkpt>
    <trkpt lat="40.281805" lon="-0.031589"><ele>700.3</ele></trkpt>
    <trkpt lat="40.281442" lon="-0.031612"><ele>703.8</ele></trkpt>
    <trkpt lat="40.28128" lon="-0.031712"><ele>705.3</ele></trkpt>
    <trkpt lat="40.280161" lon="-0.032945"><ele>713.6</ele></trkpt>
    <trkpt lat="40.279936" lon="-0.033165"><ele>713.8</ele></trkpt>
    <trkpt lat="40.27964" lon="-0.033368"><ele>713.9</ele></trkpt>
    <trkpt lat="40.279446" lon="-0.0335"><ele>713.8</ele></trkpt>
    <trkpt lat="40.279289" lon="-0.033525"><ele>713.8</ele></trkpt>
    <trkpt lat="40.279198" lon="-0.033468"><ele>713.9</ele></trkpt>
    <trkpt lat="40.279026" lon="-0.033241"><ele>714.1</ele></trkpt>
    <trkpt lat="40.278913" lon="-0.033002"><ele>714.4</ele></trkpt>
    <trkpt lat="40.278873" lon="-0.032704"><ele>714.9</ele></trkpt>
    <trkpt lat="40.278865" lon="-0.032063"><ele>718.4</ele></trkpt>
    <trkpt lat="40.27872" lon="-0.031313"><ele>726</ele></trkpt>
    <trkpt lat="40.278832" lon="-0.030417"><ele>738.2</ele></trkpt>
    <trkpt lat="40.27875" lon="-0.029923"><ele>745.6</ele></trkpt>
    <trkpt lat="40.278744" lon="-0.02911"><ele>756.2</ele></trkpt>
    <trkpt lat="40.278699" lon="-0.028638"><ele>761</ele></trkpt>
    <trkpt lat="40.278682" lon="-0.028539"><ele>761.9</ele></trkpt>
    <trkpt lat="40.278634" lon="-0.028471"><ele>762.6</ele></trkpt>
    <trkpt lat="40.278556" lon="-0.028493"><ele>763.4</ele></trkpt>
    <trkpt lat="40.278527" lon="-0.02854"><ele>763.8</ele></trkpt>
    <trkpt lat="40.278389" lon="-0.029018"><ele>766.4</ele></trkpt>
    <trkpt lat="40.277892" lon="-0.030122"><ele>768.7</ele></trkpt>
    <trkpt lat="40.277515" lon="-0.030613"><ele>770.2</ele></trkpt>
    <trkpt lat="40.27745" lon="-0.030731"><ele>770.7</ele></trkpt>
    <trkpt lat="40.276776" lon="-0.032312"><ele>779.1</ele></trkpt>
    <trkpt lat="40.276709" lon="-0.032469"><ele>780</ele></trkpt>
    <trkpt lat="40.276616" lon="-0.032645"><ele>780.9</ele></trkpt>
    <trkpt lat="40.276436" lon="-0.032843"><ele>781.9</ele></trkpt>
    <trkpt lat="40.27632" lon="-0.032889"><ele>782.2</ele></trkpt>
    <trkpt lat="40.276156" lon="-0.032896"><ele>782.5</ele></trkpt>
    <trkpt lat="40.276025" lon="-0.032848"><ele>782.6</ele></trkpt>
    <trkpt lat="40.275899" lon="-0.03276"><ele>782.5</ele></trkpt>
    <trkpt lat="40.275807" lon="-0.032606"><ele>782.3</ele></trkpt>
    <trkpt lat="40.275757" lon="-0.032416"><ele>781.9</ele></trkpt>
    <trkpt lat="40.2757" lon="-0.03145"><ele>777.5</ele></trkpt>
    <trkpt lat="40.275413" lon="-0.026638"><ele>748.4</ele></trkpt>
    <trkpt lat="40.275334" lon="-0.025988"><ele>745.2</ele></trkpt>
    <trkpt lat="40.275046" lon="-0.024551"><ele>738.6</ele></trkpt>
    <trkpt lat="40.275013" lon="-0.024276"><ele>737.4</ele></trkpt>
    <trkpt lat="40.275153" lon="-0.022841"><ele>731.3</ele></trkpt>
    <trkpt lat="40.275262" lon="-0.022364"><ele>729.4</ele></trkpt>
    <trkpt lat="40.275635" lon="-0.021606"><ele>727.3</ele></trkpt>
    <trkpt lat="40.275658" lon="-0.021561"><ele>727.1</ele></trkpt>
    <trkpt lat="40.275712" lon="-0.02146"><ele>726.9</ele></trkpt>
    <trkpt lat="40.275735" lon="-0.021357"><ele>726.7</ele></trkpt>
    <trkpt lat="40.275728" lon="-0.021207"><ele>726.4</ele></trkpt>
    <trkpt lat="40.275678" lon="-0.021052"><ele>726.1</ele></trkpt>
    <trkpt lat="40.27553" lon="-0.02089"><ele>725.6</ele></trkpt>
    <trkpt lat="40.274663" lon="-0.020704"><ele>723.1</ele></trkpt>
    <trkpt lat="40.274407" lon="-0.02061"><ele>721.4</ele></trkpt>
    <trkpt lat="40.27395" lon="-0.020106"><ele>717.4</ele></trkpt>
    <trkpt lat="40.273742" lon="-0.019876"><ele>715.7</ele></trkpt>
    <trkpt lat="40.273363" lon="-0.019134"><ele>712.5</ele></trkpt>
    <trkpt lat="40.273164" lon="-0.018663"><ele>711.1</ele></trkpt>
    <trkpt lat="40.273049" lon="-0.018015"><ele>710.8</ele></trkpt>
    <trkpt lat="40.272955" lon="-0.017483"><ele>711</ele></trkpt>
    <trkpt lat="40.272635" lon="-0.016508"><ele>711.5</ele></trkpt>
    <trkpt lat="40.272102" lon="-0.014936"><ele>714.5</ele></trkpt>
    <trkpt lat="40.272072" lon="-0.01465"><ele>715.1</ele></trkpt>
    <trkpt lat="40.272105" lon="-0.014094"><ele>716.2</ele></trkpt>
    <trkpt lat="40.272118" lon="-0.013874"><ele>716.6</ele></trkpt>
    <trkpt lat="40.272199" lon="-0.01356"><ele>717.1</ele></trkpt>
    <trkpt lat="40.272726" lon="-0.012531"><ele>719.4</ele></trkpt>
    <trkpt lat="40.2728" lon="-0.012343"><ele>719.9</ele></trkpt>
    <trkpt lat="40.272791" lon="-0.012133"><ele>720.5</ele></trkpt>
    <trkpt lat="40.272707" lon="-0.01195"><ele>721.2</ele></trkpt>
    <trkpt lat="40.272539" lon="-0.011831"><ele>722</ele></trkpt>
    <trkpt lat="40.272325" lon="-0.011801"><ele>723</ele></trkpt>
    <trkpt lat="40.272141" lon="-0.011874"><ele>723.9</ele></trkpt>
    <trkpt lat="40.271675" lon="-0.012414"><ele>727.4</ele></trkpt>
    <trkpt lat="40.271014" lon="-0.013178"><ele>733.1</ele></trkpt>
    <trkpt lat="40.270359" lon="-0.014195"><ele>740</ele></trkpt>
    <trkpt lat="40.27025" lon="-0.014405"><ele>741.4</ele></trkpt>
    <trkpt lat="40.270019" lon="-0.015539"><ele>747.6</ele></trkpt>
    <trkpt lat="40.269782" lon="-0.016598"><ele>752</ele></trkpt>
    <trkpt lat="40.269569" lon="-0.017589"><ele>753.1</ele></trkpt>
    <trkpt lat="40.269533" lon="-0.017981"><ele>752.6</ele></trkpt>
    <trkpt lat="40.269516" lon="-0.018048"><ele>752.4</ele></trkpt>
    <trkpt lat="40.269575" lon="-0.018478"><ele>751</ele></trkpt>
    <trkpt lat="40.269663" lon="-0.018774"><ele>749.8</ele></trkpt>
    <trkpt lat="40.269697" lon="-0.01895"><ele>749.1</ele></trkpt>
    <trkpt lat="40.269692" lon="-0.019039"><ele>748.7</ele></trkpt>
    <trkpt lat="40.269588" lon="-0.019088"><ele>748.2</ele></trkpt>
    <trkpt lat="40.269472" lon="-0.019139"><ele>747.7</ele></trkpt>
    <trkpt lat="40.269455" lon="-0.019146"><ele>747.6</ele></trkpt>
    <trkpt lat="40.269169" lon="-0.019216"><ele>746.2</ele></trkpt>
    <trkpt lat="40.269105" lon="-0.019232"><ele>745.7</ele></trkpt>
    <trkpt lat="40.268678" lon="-0.019282"><ele>743.2</ele></trkpt>
    <trkpt lat="40.268497" lon="-0.019332"><ele>741.9</ele></trkpt>
    <trkpt lat="40.268329" lon="-0.019429"><ele>740.4</ele></trkpt>
    <trkpt lat="40.268048" lon="-0.019745"><ele>737.1</ele></trkpt>
    <trkpt lat="40.267872" lon="-0.019822"><ele>735.5</ele></trkpt>
    <trkpt lat="40.267635" lon="-0.019924"><ele>733.4</ele></trkpt>
    <trkpt lat="40.267393" lon="-0.019975"><ele>731.4</ele></trkpt>
    <trkpt lat="40.267144" lon="-0.019971"><ele>729.6</ele></trkpt>
    <trkpt lat="40.26696" lon="-0.019891"><ele>728.5</ele></trkpt>
    <trkpt lat="40.266829" lon="-0.019731"><ele>727.9</ele></trkpt>
    <trkpt lat="40.266783" lon="-0.019576"><ele>727.5</ele></trkpt>
    <trkpt lat="40.266768" lon="-0.019091"><ele>726.7</ele></trkpt>
    <trkpt lat="40.266727" lon="-0.018893"><ele>726.7</ele></trkpt>
    <trkpt lat="40.266653" lon="-0.018738"><ele>726.8</ele></trkpt>
    <trkpt lat="40.266382" lon="-0.018339"><ele>727.5</ele></trkpt>
    <trkpt lat="40.266168" lon="-0.018034"><ele>728</ele></trkpt>
    <trkpt lat="40.266083" lon="-0.017822"><ele>728.1</ele></trkpt>
    <trkpt lat="40.266073" lon="-0.017653"><ele>728</ele></trkpt>
    <trkpt lat="40.266132" lon="-0.017316"><ele>727.6</ele></trkpt>
    <trkpt lat="40.266112" lon="-0.017073"><ele>727</ele></trkpt>
    <trkpt lat="40.266026" lon="-0.016868"><ele>726.2</ele></trkpt>
    <trkpt lat="40.265864" lon="-0.016725"><ele>725.3</ele></trkpt>
    <trkpt lat="40.265552" lon="-0.016539"><ele>723.7</ele></trkpt>
    <trkpt lat="40.265415" lon="-0.016497"><ele>723</ele></trkpt>
    <trkpt lat="40.265111" lon="-0.016505"><ele>721.5</ele></trkpt>
    <trkpt lat="40.264983" lon="-0.016464"><ele>720.9</ele></trkpt>
    <trkpt lat="40.264766" lon="-0.016309"><ele>719.8</ele></trkpt>
    <trkpt lat="40.264626" lon="-0.016029"><ele>718.9</ele></trkpt>
    <trkpt lat="40.264582" lon="-0.015677"><ele>718.3</ele></trkpt>
    <trkpt lat="40.264711" lon="-0.014592"><ele>717.6</ele></trkpt>
    <trkpt lat="40.264678" lon="-0.014345"><ele>717.3</ele></trkpt>
    <trkpt lat="40.264594" lon="-0.014203"><ele>717.1</ele></trkpt>
    <trkpt lat="40.264418" lon="-0.014008"><ele>716.4</ele></trkpt>
    <trkpt lat="40.263996" lon="-0.013637"><ele>714.7</ele></trkpt>
    <trkpt lat="40.263597" lon="-0.013196"><ele>712.4</ele></trkpt>
    <trkpt lat="40.263338" lon="-0.012849"><ele>711</ele></trkpt>
    <trkpt lat="40.262855" lon="-0.012124"><ele>709.2</ele></trkpt>
    <trkpt lat="40.262738" lon="-0.011891"><ele>708.8</ele></trkpt>
    <trkpt lat="40.262533" lon="-0.011268"><ele>707.3</ele></trkpt>
    <trkpt lat="40.262389" lon="-0.011112"><ele>706.5</ele></trkpt>
    <trkpt lat="40.262276" lon="-0.011046"><ele>705.9</ele></trkpt>
    <trkpt lat="40.26212" lon="-0.011033"><ele>705.1</ele></trkpt>
    <trkpt lat="40.261975" lon="-0.011089"><ele>704.2</ele></trkpt>
    <trkpt lat="40.261686" lon="-0.011303"><ele>701.9</ele></trkpt>
    <trkpt lat="40.261531" lon="-0.011336"><ele>700.7</ele></trkpt>
    <trkpt lat="40.261326" lon="-0.011256"><ele>698.9</ele></trkpt>
    <trkpt lat="40.261236" lon="-0.011188"><ele>698</ele></trkpt>
    <trkpt lat="40.260095" lon="-0.009736"><ele>683.6</ele></trkpt>
    <trkpt lat="40.260024" lon="-0.009521"><ele>682.3</ele></trkpt>
    <trkpt lat="40.260017" lon="-0.009345"><ele>681.3</ele></trkpt>
    <trkpt lat="40.26009" lon="-0.00901"><ele>679.4</ele></trkpt>
    <trkpt lat="40.260116" lon="-0.008783"><ele>678.2</ele></trkpt>
    <trkpt lat="40.260066" lon="-0.008546"><ele>677</ele></trkpt>
    <trkpt lat="40.25996" lon="-0.008385"><ele>676</ele></trkpt>
    <trkpt lat="40.259853" lon="-0.008293"><ele>675.2</ele></trkpt>
    <trkpt lat="40.259543" lon="-0.008167"><ele>673.5</ele></trkpt>
    <trkpt lat="40.259412" lon="-0.008036"><ele>672.7</ele></trkpt>
    <trkpt lat="40.258949" lon="-0.007321"><ele>670.5</ele></trkpt>
    <trkpt lat="40.258856" lon="-0.007116"><ele>670.3</ele></trkpt>
    <trkpt lat="40.258854" lon="-0.006727"><ele>670.1</ele></trkpt>
    <trkpt lat="40.25882" lon="-0.006571"><ele>670.1</ele></trkpt>
    <trkpt lat="40.258725" lon="-0.006429"><ele>670.1</ele></trkpt>
    <trkpt lat="40.258603" lon="-0.006361"><ele>670.1</ele></trkpt>
    <trkpt lat="40.258503" lon="-0.006361"><ele>670.1</ele></trkpt>
    <trkpt lat="40.258368" lon="-0.006424"><ele>670.2</ele></trkpt>
    <trkpt lat="40.257969" lon="-0.006818"><ele>670.1</ele></trkpt>
    <trkpt lat="40.257855" lon="-0.006993"><ele>669.8</ele></trkpt>
    <trkpt lat="40.257823" lon="-0.007179"><ele>669.5</ele></trkpt>
    <trkpt lat="40.257842" lon="-0.007323"><ele>669.1</ele></trkpt>
    <trkpt lat="40.258079" lon="-0.007867"><ele>666.8</ele></trkpt>
    <trkpt lat="40.258167" lon="-0.008129"><ele>665.4</ele></trkpt>
    <trkpt lat="40.258201" lon="-0.00834"><ele>664.2</ele></trkpt>
    <trkpt lat="40.25819" lon="-0.008644"><ele>662</ele></trkpt>
    <trkpt lat="40.258018" lon="-0.009696"><ele>653.9</ele></trkpt>
    <trkpt lat="40.257914" lon="-0.009959"><ele>651.7</ele></trkpt>
    <trkpt lat="40.257826" lon="-0.010103"><ele>650.4</ele></trkpt>
    <trkpt lat="40.257644" lon="-0.010263"><ele>648.6</ele></trkpt>
    <trkpt lat="40.257384" lon="-0.010396"><ele>646.7</ele></trkpt>
    <trkpt lat="40.257176" lon="-0.01044"><ele>645.4</ele></trkpt>
    <trkpt lat="40.256983" lon="-0.0104"><ele>644.4</ele></trkpt>
    <trkpt lat="40.256788" lon="-0.010286"><ele>643.8</ele></trkpt>
    <trkpt lat="40.256435" lon="-0.009997"><ele>642.4</ele></trkpt>
    <trkpt lat="40.256229" lon="-0.009904"><ele>641.5</ele></trkpt>
    <trkpt lat="40.256019" lon="-0.009904"><ele>640.5</ele></trkpt>
    <trkpt lat="40.255457" lon="-0.010197"><ele>637</ele></trkpt>
    <trkpt lat="40.255203" lon="-0.010283"><ele>635</ele></trkpt>
    <trkpt lat="40.255046" lon="-0.010289"><ele>633.7</ele></trkpt>
    <trkpt lat="40.253944" lon="-0.009998"><ele>624.9</ele></trkpt>
    <trkpt lat="40.253502" lon="-0.009792"><ele>622.2</ele></trkpt>
    <trkpt lat="40.252953" lon="-0.009399"><ele>619.1</ele></trkpt>
    <trkpt lat="40.252818" lon="-0.009329"><ele>618.4</ele></trkpt>
    <trkpt lat="40.252558" lon="-0.009353"><ele>617.2</ele></trkpt>
    <trkpt lat="40.252105" lon="-0.009683"><ele>614.6</ele></trkpt>
    <trkpt lat="40.251908" lon="-0.009786"><ele>613.6</ele></trkpt>
    <trkpt lat="40.251772" lon="-0.009794"><ele>612.8</ele></trkpt>
    <trkpt lat="40.251596" lon="-0.009732"><ele>611.8</ele></trkpt>
    <trkpt lat="40.2513" lon="-0.009532"><ele>609.9</ele></trkpt>
    <trkpt lat="40.251135" lon="-0.009362"><ele>608.6</ele></trkpt>
    <trkpt lat="40.250807" lon="-0.008918"><ele>605.7</ele></trkpt>
    <trkpt lat="40.250649" lon="-0.008751"><ele>604.4</ele></trkpt>
    <trkpt lat="40.250504" lon="-0.008709"><ele>603.4</ele></trkpt>
    <trkpt lat="40.250343" lon="-0.008719"><ele>602.4</ele></trkpt>
    <trkpt lat="40.250184" lon="-0.008817"><ele>601.2</ele></trkpt>
    <trkpt lat="40.249163" lon="-0.009899"><ele>591.4</ele></trkpt>
    <trkpt lat="40.24858" lon="-0.010624"><ele>587.4</ele></trkpt>
    <trkpt lat="40.248232" lon="-0.011557"><ele>586</ele></trkpt>
    <trkpt lat="40.248083" lon="-0.011862"><ele>585.8</ele></trkpt>
    <trkpt lat="40.24796" lon="-0.011991"><ele>585.7</ele></trkpt>
    <trkpt lat="40.247822" lon="-0.012069"><ele>585.6</ele></trkpt>
    <trkpt lat="40.247691" lon="-0.012077"><ele>585.4</ele></trkpt>
    <trkpt lat="40.247458" lon="-0.012007"><ele>584.9</ele></trkpt>
    <trkpt lat="40.247048" lon="-0.011767"><ele>583.6</ele></trkpt>
    <trkpt lat="40.246738" lon="-0.011585"><ele>582.3</ele></trkpt>
    <trkpt lat="40.246491" lon="-0.011562"><ele>581.1</ele></trkpt>
    <trkpt lat="40.246358" lon="-0.011593"><ele>580.4</ele></trkpt>
    <trkpt lat="40.245664" lon="-0.01184"><ele>576.1</ele></trkpt>
    <trkpt lat="40.245408" lon="-0.011896"><ele>574.2</ele></trkpt>
    <trkpt lat="40.245209" lon="-0.01187"><ele>572.7</ele></trkpt>
    <trkpt lat="40.245041" lon="-0.01178"><ele>571.3</ele></trkpt>
    <trkpt lat="40.243931" lon="-0.010517"><ele>554.3</ele></trkpt>
    <trkpt lat="40.243813" lon="-0.010453"><ele>552.8</ele></trkpt>
    <trkpt lat="40.243679" lon="-0.010438"><ele>551.2</ele></trkpt>
    <trkpt lat="40.243514" lon="-0.010496"><ele>549.4</ele></trkpt>
    <trkpt lat="40.243398" lon="-0.010626"><ele>547.8</ele></trkpt>
    <trkpt lat="40.242899" lon="-0.011413"><ele>541.9</ele></trkpt>
    <trkpt lat="40.242033" lon="-0.012245"><ele>537.4</ele></trkpt>
    <trkpt lat="40.241889" lon="-0.012344"><ele>536.5</ele></trkpt>
    <trkpt lat="40.241713" lon="-0.01236"><ele>535.4</ele></trkpt>
    <trkpt lat="40.241556" lon="-0.012311"><ele>534.3</ele></trkpt>
    <trkpt lat="40.241303" lon="-0.01215"><ele>532.1</ele></trkpt>
    <trkpt lat="40.241158" lon="-0.012124"><ele>530.9</ele></trkpt>
    <trkpt lat="40.241003" lon="-0.012164"><ele>529.4</ele></trkpt>
    <trkpt lat="40.240877" lon="-0.012248"><ele>528.1</ele></trkpt>
    <trkpt lat="40.240727" lon="-0.012451"><ele>526</ele></trkpt>
    <trkpt lat="40.240164" lon="-0.013672"><ele>518</ele></trkpt>
    <trkpt lat="40.240022" lon="-0.013864"><ele>517</ele></trkpt>
    <trkpt lat="40.23986" lon="-0.014017"><ele>516.1</ele></trkpt>
    <trkpt lat="40.239512" lon="-0.014173"><ele>514.6</ele></trkpt>
    <trkpt lat="40.239372" lon="-0.014183"><ele>514.1</ele></trkpt>
    <trkpt lat="40.239159" lon="-0.014103"><ele>513.3</ele></trkpt>
    <trkpt lat="40.238962" lon="-0.013972"><ele>512.6</ele></trkpt>
    <trkpt lat="40.238861" lon="-0.013826"><ele>512.1</ele></trkpt>
    <trkpt lat="40.238645" lon="-0.01332"><ele>510.4</ele></trkpt>
    <trkpt lat="40.238503" lon="-0.012864"><ele>508.8</ele></trkpt>
    <trkpt lat="40.23845" lon="-0.012607"><ele>507.9</ele></trkpt>
    <trkpt lat="40.238382" lon="-0.01148"><ele>503.7</ele></trkpt>
    <trkpt lat="40.238343" lon="-0.011255"><ele>502.8</ele></trkpt>
    <trkpt lat="40.238236" lon="-0.011094"><ele>501.8</ele></trkpt>
    <trkpt lat="40.238026" lon="-0.010928"><ele>500.3</ele></trkpt>
    <trkpt lat="40.237797" lon="-0.010827"><ele>498.8</ele></trkpt>
    <trkpt lat="40.237534" lon="-0.010799"><ele>497</ele></trkpt>
    <trkpt lat="40.236781" lon="-0.010751"><ele>492</ele></trkpt>
    <trkpt lat="40.23659" lon="-0.010709"><ele>491.1</ele></trkpt>
    <trkpt lat="40.236359" lon="-0.010555"><ele>489.9</ele></trkpt>
    <trkpt lat="40.236151" lon="-0.010279"><ele>488.7</ele></trkpt>
    <trkpt lat="40.236101" lon="-0.010177"><ele>488.4</ele></trkpt>
    <trkpt lat="40.235031" lon="-0.007955"><ele>484.4</ele></trkpt>
    <trkpt lat="40.233555" lon="-0.004869"><ele>468.5</ele></trkpt>
    <trkpt lat="40.233501" lon="-0.004757"><ele>467.9</ele></trkpt>
    <trkpt lat="40.232533" lon="-0.002734"><ele>459.9</ele></trkpt>
    <trkpt lat="40.231996" lon="-0.001608"><ele>457.1</ele></trkpt>
    <trkpt lat="40.2319" lon="-0.001348"><ele>456.4</ele></trkpt>
    <trkpt lat="40.231511" lon="0.001135"><ele>446.3</ele></trkpt>
    <trkpt lat="40.231448" lon="0.001388"><ele>445.2</ele></trkpt>
    <trkpt lat="40.231317" lon="0.001598"><ele>444.1</ele></trkpt>
    <trkpt lat="40.229934" lon="0.003193"><ele>434.3</ele></trkpt>
    <trkpt lat="40.229641" lon="0.00352"><ele>432</ele></trkpt>
    <trkpt lat="40.228735" lon="0.004132"><ele>425.5</ele></trkpt>
    <trkpt lat="40.228574" lon="0.004303"><ele>424.3</ele></trkpt>
    <trkpt lat="40.228029" lon="0.005156"><ele>420.8</ele></trkpt>
    <trkpt lat="40.22797" lon="0.005342"><ele>420.4</ele></trkpt>
    <trkpt lat="40.227962" lon="0.005414"><ele>420.2</ele></trkpt>
    <trkpt lat="40.227997" lon="0.005512"><ele>420.1</ele></trkpt>
    <trkpt lat="40.228061" lon="0.005594"><ele>419.9</ele></trkpt>
    <trkpt lat="40.228163" lon="0.005628"><ele>419.7</ele></trkpt>
    <trkpt lat="40.22885" lon="0.005614"><ele>418.6</ele></trkpt>
    <trkpt lat="40.229032" lon="0.005574"><ele>418.3</ele></trkpt>
    <trkpt lat="40.229619" lon="0.005361"><ele>416.4</ele></trkpt>
    <trkpt lat="40.229701" lon="0.005354"><ele>416.1</ele></trkpt>
    <trkpt lat="40.229794" lon="0.005398"><ele>415.7</ele></trkpt>
    <trkpt lat="40.229875" lon="0.005502"><ele>415.2</ele></trkpt>
    <trkpt lat="40.229912" lon="0.005614"><ele>414.7</ele></trkpt>
    <trkpt lat="40.229911" lon="0.005735"><ele>414.3</ele></trkpt>
    <trkpt lat="40.229869" lon="0.005848"><ele>413.8</ele></trkpt>
    <trkpt lat="40.229608" lon="0.00632"><ele>411.5</ele></trkpt>
    <trkpt lat="40.229504" lon="0.006458"><ele>410.7</ele></trkpt>
    <trkpt lat="40.228866" lon="0.006968"><ele>406.4</ele></trkpt>
    <trkpt lat="40.228809" lon="0.007114"><ele>405.7</ele></trkpt>
    <trkpt lat="40.228661" lon="0.00794"><ele>401.5</ele></trkpt>
    <trkpt lat="40.228267" lon="0.009244"><ele>393.7</ele></trkpt>
    <trkpt lat="40.22816" lon="0.009423"><ele>392.5</ele></trkpt>
    <trkpt lat="40.227951" lon="0.009559"><ele>391</ele></trkpt>
    <trkpt lat="40.227896" lon="0.009583"><ele>390.7</ele></trkpt>
    <trkpt lat="40.227755" lon="0.009567"><ele>389.9</ele></trkpt>
    <trkpt lat="40.22765" lon="0.009508"><ele>389.2</ele></trkpt>
    <trkpt lat="40.227224" lon="0.009088"><ele>386.3</ele></trkpt>
    <trkpt lat="40.227099" lon="0.00906"><ele>385.7</ele></trkpt>
    <trkpt lat="40.226974" lon="0.009103"><ele>385</ele></trkpt>
    <trkpt lat="40.22667" lon="0.009316"><ele>383.5</ele></trkpt>
    <trkpt lat="40.226317" lon="0.009558"><ele>381.6</ele></trkpt>
    <trkpt lat="40.225707" lon="0.009728"><ele>378</ele></trkpt>
    <trkpt lat="40.225622" lon="0.009839"><ele>377.2</ele></trkpt>
    <trkpt lat="40.225568" lon="0.010056"><ele>376</ele></trkpt>
    <trkpt lat="40.225532" lon="0.010337"><ele>374.6</ele></trkpt>
    <trkpt lat="40.225482" lon="0.010485"><ele>373.8</ele></trkpt>
    <trkpt lat="40.225376" lon="0.010639"><ele>372.8</ele></trkpt>
    <trkpt lat="40.225165" lon="0.010828"><ele>371</ele></trkpt>
    <trkpt lat="40.224866" lon="0.011026"><ele>368.7</ele></trkpt>
    <trkpt lat="40.224387" lon="0.011201"><ele>365.2</ele></trkpt>
    <trkpt lat="40.224171" lon="0.01128"><ele>363.8</ele></trkpt>
    <trkpt lat="40.223993" lon="0.011408"><ele>362.6</ele></trkpt>
    <trkpt lat="40.22343" lon="0.012074"><ele>358.5</ele></trkpt>
    <trkpt lat="40.221503" lon="0.01381"><ele>347.9</ele></trkpt>
    <trkpt lat="40.221067" lon="0.014177"><ele>345.5</ele></trkpt>
    <trkpt lat="40.220184" lon="0.014663"><ele>341</ele></trkpt>
    <trkpt lat="40.219996" lon="0.014817"><ele>340</ele></trkpt>
    <trkpt lat="40.218315" lon="0.016721"><ele>330.1</ele></trkpt>
    <trkpt lat="40.217263" lon="0.017813"><ele>325.7</ele></trkpt>
    <trkpt lat="40.21627" lon="0.0188"><ele>322.8</ele></trkpt>
    <trkpt lat="40.215894" lon="0.019173"><ele>321.9</ele></trkpt>
    <trkpt lat="40.213622" lon="0.021633"><ele>316.2</ele></trkpt>
    <trkpt lat="40.213605" lon="0.02165"><ele>316.2</ele></trkpt>
    <trkpt lat="40.213182" lon="0.022"><ele>315.2</ele></trkpt>
    <trkpt lat="40.212498" lon="0.022581"><ele>313.5</ele></trkpt>
    <trkpt lat="40.21194" lon="0.023056"><ele>312.2</ele></trkpt>
    <trkpt lat="40.211809" lon="0.023166"><ele>312</ele></trkpt>
    <trkpt lat="40.21169" lon="0.023278"><ele>311.8</ele></trkpt>
    <trkpt lat="40.211625" lon="0.02334"><ele>311.7</ele></trkpt>
    <trkpt lat="40.211477" lon="0.023593"><ele>311.4</ele></trkpt>
    <trkpt lat="40.211008" lon="0.024336"><ele>310.4</ele></trkpt>
    <trkpt lat="40.210962" lon="0.02441"><ele>310.4</ele></trkpt>
    <trkpt lat="40.210833" lon="0.024614"><ele>310</ele></trkpt>
    <trkpt lat="40.210668" lon="0.024876"><ele>309.6</ele></trkpt>
    <trkpt lat="40.210551" lon="0.025111"><ele>309.2</ele></trkpt>
    <trkpt lat="40.210422" lon="0.025368"><ele>308.8</ele></trkpt>
    <trkpt lat="40.210284" lon="0.025646"><ele>308.5</ele></trkpt>
    <trkpt lat="40.210119" lon="0.02595"><ele>308.2</ele></trkpt>
    <trkpt lat="40.210007" lon="0.025878"><ele>308.2</ele></trkpt>
    <trkpt lat="40.209945" lon="0.025827"><ele>308.1</ele></trkpt>
    <trkpt lat="40.209818" lon="0.025725"><ele>308.1</ele></trkpt>
    <trkpt lat="40.209719" lon="0.025662"><ele>308.2</ele></trkpt>
    <trkpt lat="40.209772" lon="0.02538"><ele>308.4</ele></trkpt>
    <trkpt lat="40.209874" lon="0.024833"><ele>309.3</ele></trkpt>
    <trkpt lat="40.209495" lon="0.024326"><ele>310.8</ele></trkpt>
    <trkpt lat="40.209342" lon="0.024154"><ele>311.4</ele></trkpt>
    <trkpt lat="40.209261" lon="0.023896"><ele>311.9</ele></trkpt>
    <trkpt lat="40.209192" lon="0.022927"><ele>313.9</ele></trkpt>
    <trkpt lat="40.208996" lon="0.020506"><ele>317.7</ele></trkpt>
    <trkpt lat="40.208939" lon="0.020031"><ele>318.5</ele></trkpt>
    <trkpt lat="40.208779" lon="0.019148"><ele>320.2</ele></trkpt>
    <trkpt lat="40.208386" lon="0.017174"><ele>324.4</ele></trkpt>
    <trkpt lat="40.208118" lon="0.016106"><ele>326.6</ele></trkpt>
    <trkpt lat="40.20765" lon="0.014653"><ele>329.4</ele></trkpt>
    <trkpt lat="40.206796" lon="0.012164"><ele>334.7</ele></trkpt>
    <trkpt lat="40.206063" lon="0.010026"><ele>338.5</ele></trkpt>
    <trkpt lat="40.205945" lon="0.00981"><ele>338.9</ele></trkpt>
    <trkpt lat="40.205631" lon="0.009505"><ele>339.5</ele></trkpt>
    <trkpt lat="40.205609" lon="0.009488"><ele>339.6</ele></trkpt>
    <trkpt lat="40.205452" lon="0.009361"><ele>339.9</ele></trkpt>
    <trkpt lat="40.205187" lon="0.009146"><ele>340.3</ele></trkpt>
    <trkpt lat="40.204879" lon="0.008846"><ele>340.8</ele></trkpt>
    <trkpt lat="40.20469" lon="0.008582"><ele>341.3</ele></trkpt>
    <trkpt lat="40.202879" lon="0.005577"><ele>346.2</ele></trkpt>
    <trkpt lat="40.202741" lon="0.005264"><ele>346.8</ele></trkpt>
    <trkpt lat="40.202661" lon="0.004886"><ele>347.6</ele></trkpt>
    <trkpt lat="40.202657" lon="0.004482"><ele>348.3</ele></trkpt>
    <trkpt lat="40.202704" lon="0.004057"><ele>349.3</ele></trkpt>
    <trkpt lat="40.203153" lon="0.00109"><ele>356.2</ele></trkpt>
    <trkpt lat="40.203174" lon="0.000604"><ele>357.2</ele></trkpt>
    <trkpt lat="40.203136" lon="0.000225"><ele>357.9</ele></trkpt>
    <trkpt lat="40.203026" lon="-0.000227"><ele>358.7</ele></trkpt>
    <trkpt lat="40.202367" lon="-0.002296"><ele>361.1</ele></trkpt>
    <trkpt lat="40.200528" lon="-0.008081"><ele>361.5</ele></trkpt>
    <trkpt lat="40.200432" lon="-0.008382"><ele>361.6</ele></trkpt>
    <trkpt lat="40.199956" lon="-0.009878"><ele>361.1</ele></trkpt>
    <trkpt lat="40.199801" lon="-0.010274"><ele>360.1</ele></trkpt>
    <trkpt lat="40.199443" lon="-0.010879"><ele>357.7</ele></trkpt>
    <trkpt lat="40.199267" lon="-0.0111"><ele>356.4</ele></trkpt>
    <trkpt lat="40.19479" lon="-0.014977"><ele>331.2</ele></trkpt>
    <trkpt lat="40.192529" lon="-0.017073"><ele>322.7</ele></trkpt>
    <trkpt lat="40.191001" lon="-0.018567"><ele>318.7</ele></trkpt>
    <trkpt lat="40.190779" lon="-0.018784"><ele>318.3</ele></trkpt>
    <trkpt lat="40.190105" lon="-0.019466"><ele>317</ele></trkpt>
    <trkpt lat="40.189181" lon="-0.020398"><ele>315.1</ele></trkpt>
    <trkpt lat="40.188622" lon="-0.020963"><ele>314</ele></trkpt>
    <trkpt lat="40.188242" lon="-0.021347"><ele>313.4</ele></trkpt>
    <trkpt lat="40.18781" lon="-0.021805"><ele>312.7</ele></trkpt>
    <trkpt lat="40.187631" lon="-0.022031"><ele>312.4</ele></trkpt>
    <trkpt lat="40.187364" lon="-0.022448"><ele>311.9</ele></trkpt>
    <trkpt lat="40.187201" lon="-0.022749"><ele>311.6</ele></trkpt>
    <trkpt lat="40.186941" lon="-0.023378"><ele>311</ele></trkpt>
    <trkpt lat="40.186378" lon="-0.024698"><ele>310.1</ele></trkpt>
    <trkpt lat="40.186023" lon="-0.025408"><ele>309.7</ele></trkpt>
    <trkpt lat="40.185462" lon="-0.026364"><ele>308.6</ele></trkpt>
    <trkpt lat="40.184113" lon="-0.028366"><ele>305.8</ele></trkpt>
    <trkpt lat="40.183957" lon="-0.028642"><ele>305.6</ele></trkpt>
    <trkpt lat="40.182667" lon="-0.031219"><ele>304.3</ele></trkpt>
    <trkpt lat="40.182353" lon="-0.031736"><ele>304.5</ele></trkpt>
    <trkpt lat="40.181241" lon="-0.033179"><ele>306.4</ele></trkpt>
    <trkpt lat="40.18118" lon="-0.033317"><ele>306.5</ele></trkpt>
    <trkpt lat="40.181157" lon="-0.033468"><ele>306.5</ele></trkpt>
    <trkpt lat="40.181179" lon="-0.033591"><ele>306.5</ele></trkpt>
    <trkpt lat="40.181168" lon="-0.033687"><ele>306.5</ele></trkpt>
    <trkpt lat="40.181106" lon="-0.033807"><ele>306.4</ele></trkpt>
    <trkpt lat="40.180992" lon="-0.033875"><ele>306.2</ele></trkpt>
    <trkpt lat="40.180868" lon="-0.033849"><ele>306</ele></trkpt>
    <trkpt lat="40.180779" lon="-0.033744"><ele>305.8</ele></trkpt>
    <trkpt lat="40.18075" lon="-0.033645"><ele>305.7</ele></trkpt>
    <trkpt lat="40.180748" lon="-0.033559"><ele>305.5</ele></trkpt>
    <trkpt lat="40.180685" lon="-0.033359"><ele>305.1</ele></trkpt>
    <trkpt lat="40.180478" lon="-0.033125"><ele>304.2</ele></trkpt>
    <trkpt lat="40.180282" lon="-0.032971"><ele>303.3</ele></trkpt>
    <trkpt lat="40.179898" lon="-0.032781"><ele>301.5</ele></trkpt>
    <trkpt lat="40.179595" lon="-0.032772"><ele>300.3</ele></trkpt>
    <trkpt lat="40.179294" lon="-0.032825"><ele>299.3</ele></trkpt>
    <trkpt lat="40.176397" lon="-0.033533"><ele>292.9</ele></trkpt>
    <trkpt lat="40.176022" lon="-0.033575"><ele>291.9</ele></trkpt>
    <trkpt lat="40.175815" lon="-0.033553"><ele>291.3</ele></trkpt>
    <trkpt lat="40.17554" lon="-0.033495"><ele>290.3</ele></trkpt>
    <trkpt lat="40.175104" lon="-0.033286"><ele>288.4</ele></trkpt>
    <trkpt lat="40.174296" lon="-0.032739"><ele>284.5</ele></trkpt>
    <trkpt lat="40.173959" lon="-0.032492"><ele>283.1</ele></trkpt>
    <trkpt lat="40.173758" lon="-0.032291"><ele>282.3</ele></trkpt>
    <trkpt lat="40.17337" lon="-0.031902"><ele>281.1</ele></trkpt>
    <trkpt lat="40.173282" lon="-0.031773"><ele>280.8</ele></trkpt>
    <trkpt lat="40.172381" lon="-0.030859"><ele>279.2</ele></trkpt>
    <trkpt lat="40.172328" lon="-0.030806"><ele>279.1</ele></trkpt>
    <trkpt lat="40.171571" lon="-0.030039"><ele>278.2</ele></trkpt>
    <trkpt lat="40.170838" lon="-0.029295"><ele>277.9</ele></trkpt>
    <trkpt lat="40.169397" lon="-0.027835"><ele>278.6</ele></trkpt>
    <trkpt lat="40.169148" lon="-0.027668"><ele>278.8</ele></trkpt>
    <trkpt lat="40.169031" lon="-0.027645"><ele>279</ele></trkpt>
    <trkpt lat="40.168937" lon="-0.027681"><ele>279.1</ele></trkpt>
    <trkpt lat="40.168796" lon="-0.027649"><ele>279.3</ele></trkpt>
    <trkpt lat="40.168702" lon="-0.027551"><ele>279.4</ele></trkpt>
    <trkpt lat="40.168655" lon="-0.027428"><ele>279.6</ele></trkpt>
    <trkpt lat="40.168649" lon="-0.027284"><ele>279.7</ele></trkpt>
    <trkpt lat="40.168687" lon="-0.02715"><ele>279.9</ele></trkpt>
    <trkpt lat="40.168766" lon="-0.027047"><ele>280.1</ele></trkpt>
    <trkpt lat="40.16886" lon="-0.026997"><ele>280.3</ele></trkpt>
    <trkpt lat="40.16892" lon="-0.026991"><ele>280.4</ele></trkpt>
    <trkpt lat="40.169024" lon="-0.026866"><ele>280.6</ele></trkpt>
    <trkpt lat="40.169101" lon="-0.026712"><ele>280.9</ele></trkpt>
    <trkpt lat="40.169067" lon="-0.025632"><ele>282.3</ele></trkpt>
    <trkpt lat="40.169033" lon="-0.02531"><ele>282.5</ele></trkpt>
    <trkpt lat="40.168975" lon="-0.024933"><ele>282.9</ele></trkpt>
    <trkpt lat="40.168895" lon="-0.024778"><ele>283.1</ele></trkpt>
    <trkpt lat="40.168828" lon="-0.024698"><ele>283.2</ele></trkpt>
    <trkpt lat="40.168719" lon="-0.024662"><ele>283.3</ele></trkpt>
    <trkpt lat="40.168637" lon="-0.024562"><ele>283.5</ele></trkpt>
    <trkpt lat="40.1686" lon="-0.024383"><ele>283.6</ele></trkpt>
    <trkpt lat="40.168636" lon="-0.024238"><ele>283.8</ele></trkpt>
    <trkpt lat="40.168721" lon="-0.024135"><ele>283.9</ele></trkpt>
    <trkpt lat="40.168869" lon="-0.024104"><ele>284.1</ele></trkpt>
    <trkpt lat="40.168921" lon="-0.024125"><ele>284.1</ele></trkpt>
    <trkpt lat="40.169042" lon="-0.024078"><ele>284.2</ele></trkpt>
    <trkpt lat="40.169172" lon="-0.02396"><ele>284.4</ele></trkpt>
    <trkpt lat="40.169229" lon="-0.023801"><ele>284.5</ele></trkpt>
    <trkpt lat="40.171358" lon="-0.017813"><ele>289.8</ele></trkpt>
    <trkpt lat="40.171717" lon="-0.016575"><ele>291</ele></trkpt>
    <trkpt lat="40.172091" lon="-0.015246"><ele>292</ele></trkpt>
    <trkpt lat="40.172192" lon="-0.014887"><ele>292.1</ele></trkpt>
    <trkpt lat="40.172343" lon="-0.01452"><ele>292.2</ele></trkpt>
    <trkpt lat="40.172618" lon="-0.014031"><ele>292.1</ele></trkpt>
    <trkpt lat="40.17332" lon="-0.012913"><ele>291.5</ele></trkpt>
    <trkpt lat="40.173452" lon="-0.012509"><ele>291.2</ele></trkpt>
    <trkpt lat="40.173452" lon="-0.012376"><ele>291.1</ele></trkpt>
    <trkpt lat="40.173344" lon="-0.011982"><ele>290.8</ele></trkpt>
    <trkpt lat="40.172614" lon="-0.010725"><ele>289.7</ele></trkpt>
    <trkpt lat="40.172513" lon="-0.010551"><ele>289.5</ele></trkpt>
    <trkpt lat="40.172476" lon="-0.010481"><ele>289.4</ele></trkpt>
    <trkpt lat="40.172298" lon="-0.010154"><ele>288.8</ele></trkpt>
    <trkpt lat="40.172129" lon="-0.009764"><ele>288.1</ele></trkpt>
    <trkpt lat="40.172016" lon="-0.009422"><ele>287.4</ele></trkpt>
    <trkpt lat="40.171299" lon="-0.006052"><ele>278.6</ele></trkpt>
    <trkpt lat="40.171192" lon="-0.005578"><ele>277.5</ele></trkpt>
    <trkpt lat="40.17116" lon="-0.005251"><ele>276.7</ele></trkpt>
    <trkpt lat="40.171154" lon="-0.004809"><ele>275.8</ele></trkpt>
    <trkpt lat="40.171164" lon="-0.003811"><ele>274.8</ele></trkpt>
    <trkpt lat="40.171139" lon="-0.003472"><ele>274.9</ele></trkpt>
    <trkpt lat="40.17107" lon="-0.003095"><ele>275.1</ele></trkpt>
    <trkpt lat="40.170969" lon="-0.002727"><ele>275.7</ele></trkpt>
    <trkpt lat="40.170797" lon="-0.002307"><ele>276.6</ele></trkpt>
    <trkpt lat="40.170202" lon="-0.00104"><ele>280.3</ele></trkpt>
    <trkpt lat="40.169951" lon="-0.000531"><ele>281.2</ele></trkpt>
    <trkpt lat="40.169574" lon="0.00013"><ele>281.7</ele></trkpt>
    <trkpt lat="40.169047" lon="0.001019"><ele>281</ele></trkpt>
    <trkpt lat="40.168483" lon="0.002084"><ele>279.9</ele></trkpt>
    <trkpt lat="40.167736" lon="0.00369"><ele>279.2</ele></trkpt>
    <trkpt lat="40.167401" lon="0.004646"><ele>278.4</ele></trkpt>
    <trkpt lat="40.166752" lon="0.006644"><ele>276.3</ele></trkpt>
    <trkpt lat="40.166013" lon="0.009349"><ele>273.3</ele></trkpt>
    <trkpt lat="40.165847" lon="0.010233"><ele>272.5</ele></trkpt>
    <trkpt lat="40.165781" lon="0.010765"><ele>272.2</ele></trkpt>
    <trkpt lat="40.165759" lon="0.011308"><ele>272</ele></trkpt>
    <trkpt lat="40.165763" lon="0.011877"><ele>271.9</ele></trkpt>
    <trkpt lat="40.165823" lon="0.012709"><ele>271.6</ele></trkpt>
    <trkpt lat="40.165809" lon="0.013128"><ele>271.5</ele></trkpt>
    <trkpt lat="40.165665" lon="0.014353"><ele>270.5</ele></trkpt>
    <trkpt lat="40.165619" lon="0.014474"><ele>270.4</ele></trkpt>
    <trkpt lat="40.165557" lon="0.014545"><ele>270.3</ele></trkpt>
    <trkpt lat="40.165448" lon="0.014568"><ele>270.2</ele></trkpt>
    <trkpt lat="40.165383" lon="0.014637"><ele>270.1</ele></trkpt>
    <trkpt lat="40.165354" lon="0.01473"><ele>270</ele></trkpt>
    <trkpt lat="40.165352" lon="0.014733"><ele>270</ele></trkpt>
    <trkpt lat="40.16535" lon="0.014872"><ele>269.9</ele></trkpt>
    <trkpt lat="40.16538" lon="0.014982"><ele>269.8</ele></trkpt>
    <trkpt lat="40.165359" lon="0.015347"><ele>269.5</ele></trkpt>
    <trkpt lat="40.165256" lon="0.015639"><ele>269.3</ele></trkpt>
    <trkpt lat="40.163757" lon="0.019864"><ele>265</ele></trkpt>
    <trkpt lat="40.163389" lon="0.020901"><ele>263.6</ele></trkpt>
    <trkpt lat="40.161948" lon="0.024963"><ele>258.6</ele></trkpt>
    <trkpt lat="40.161488" lon="0.026259"><ele>257.5</ele></trkpt>
    <trkpt lat="40.161427" lon="0.026431"><ele>257.4</ele></trkpt>
    <trkpt lat="40.16141" lon="0.026478"><ele>257.4</ele></trkpt>
    <trkpt lat="40.160112" lon="0.030137"><ele>257.3</ele></trkpt>
    <trkpt lat="40.158815" lon="0.033793"><ele>258</ele></trkpt>
    <trkpt lat="40.158456" lon="0.034805"><ele>258.4</ele></trkpt>
    <trkpt lat="40.157809" lon="0.036619"><ele>259.2</ele></trkpt>
    <trkpt lat="40.157631" lon="0.037117"><ele>259.5</ele></trkpt>
    <trkpt lat="40.156911" lon="0.039137"><ele>261.6</ele></trkpt>
    <trkpt lat="40.156883" lon="0.039216"><ele>261.7</ele></trkpt>
    <trkpt lat="40.156775" lon="0.039519"><ele>262.2</ele></trkpt>
    <trkpt lat="40.15657" lon="0.040096"><ele>263</ele></trkpt>
    <trkpt lat="40.156414" lon="0.040531"><ele>263.5</ele></trkpt>
    <trkpt lat="40.156321" lon="0.040667"><ele>263.6</ele></trkpt>
    <trkpt lat="40.156281" lon="0.040697"><ele>263.7</ele></trkpt>
    <trkpt lat="40.156176" lon="0.04068"><ele>263.8</ele></trkpt>
    <trkpt lat="40.155716" lon="0.040432"><ele>264.2</ele></trkpt>
    <trkpt lat="40.15519" lon="0.040148"><ele>264.2</ele></trkpt>
    <trkpt lat="40.154807" lon="0.039941"><ele>264.4</ele></trkpt>
    <trkpt lat="40.154422" lon="0.039733"><ele>265</ele></trkpt>
    <trkpt lat="40.154399" lon="0.040245"><ele>265.7</ele></trkpt>
    <trkpt lat="40.154393" lon="0.040608"><ele>266.3</ele></trkpt>
    <trkpt lat="40.154371" lon="0.040712"><ele>266.5</ele></trkpt>
    <trkpt lat="40.15435" lon="0.040757"><ele>266.6</ele></trkpt>
    <trkpt lat="40.154381" lon="0.040822"><ele>266.8</ele></trkpt>
    <trkpt lat="40.154432" lon="0.040801"><ele>267</ele></trkpt>
    <trkpt lat="40.15449" lon="0.04092"><ele>267.4</ele></trkpt>
    <trkpt lat="40.154902" lon="0.041849"><ele>270.8</ele></trkpt>
    <trkpt lat="40.154982" lon="0.042186"><ele>271.9</ele></trkpt>
    <trkpt lat="40.15515" lon="0.042887"><ele>274.6</ele></trkpt>
    <trkpt lat="40.155211" lon="0.043199"><ele>275.8</ele></trkpt>
    <trkpt lat="40.155217" lon="0.043427"><ele>276.6</ele></trkpt>
    <trkpt lat="40.155223" lon="0.043694"><ele>277.4</ele></trkpt>
    <trkpt lat="40.155211" lon="0.044121"><ele>278.3</ele></trkpt>
    <trkpt lat="40.155297" lon="0.044271"><ele>278.6</ele></trkpt>
    <trkpt lat="40.155282" lon="0.044334"><ele>278.7</ele></trkpt>
    <trkpt lat="40.155201" lon="0.044567"><ele>279.1</ele></trkpt>
    <trkpt lat="40.1552" lon="0.044747"><ele>279.3</ele></trkpt>
    <trkpt lat="40.155099" lon="0.044933"><ele>279.6</ele></trkpt>
    <trkpt lat="40.154847" lon="0.045338"><ele>280.1</ele></trkpt>
    <trkpt lat="40.154779" lon="0.045496"><ele>280.3</ele></trkpt>
    <trkpt lat="40.154804" lon="0.04582"><ele>280.7</ele></trkpt>
    <trkpt lat="40.154777" lon="0.045944"><ele>280.8</ele></trkpt>
    <trkpt lat="40.154695" lon="0.046151"><ele>281</ele></trkpt>
    <trkpt lat="40.154683" lon="0.046371"><ele>281.2</ele></trkpt>
    <trkpt lat="40.15474" lon="0.047038"><ele>282.4</ele></trkpt>
    <trkpt lat="40.15463" lon="0.047352"><ele>283.1</ele></trkpt>
    <trkpt lat="40.154522" lon="0.047539"><ele>283.6</ele></trkpt>
    <trkpt lat="40.154497" lon="0.047573"><ele>283.7</ele></trkpt>
    <trkpt lat="40.154491" lon="0.047621"><ele>283.8</ele></trkpt>
    <trkpt lat="40.154513" lon="0.047671"><ele>283.9</ele></trkpt>
    <trkpt lat="40.154497" lon="0.047864"><ele>284.4</ele></trkpt>
    <trkpt lat="40.154356" lon="0.048358"><ele>285.5</ele></trkpt>
    <trkpt lat="40.15415" lon="0.048794"><ele>286.7</ele></trkpt>
    <trkpt lat="40.153813" lon="0.049478"><ele>289.6</ele></trkpt>
    <trkpt lat="40.153753" lon="0.049655"><ele>290.4</ele></trkpt>
    <trkpt lat="40.153511" lon="0.051329"><ele>299.6</ele></trkpt>
    <trkpt lat="40.153526" lon="0.051695"><ele>301.7</ele></trkpt>
    <trkpt lat="40.153501" lon="0.051846"><ele>302.5</ele></trkpt>
    <trkpt lat="40.153409" lon="0.051942"><ele>303.3</ele></trkpt>
    <trkpt lat="40.152704" lon="0.051952"><ele>307.8</ele></trkpt>
    <trkpt lat="40.152564" lon="0.052021"><ele>308.6</ele></trkpt>
    <trkpt lat="40.152462" lon="0.05217"><ele>309.4</ele></trkpt>
    <trkpt lat="40.152426" lon="0.052307"><ele>309.9</ele></trkpt>
    <trkpt lat="40.152456" lon="0.052403"><ele>310.2</ele></trkpt>
    <trkpt lat="40.152547" lon="0.052482"><ele>310.7</ele></trkpt>
    <trkpt lat="40.152747" lon="0.052573"><ele>311.7</ele></trkpt>
    <trkpt lat="40.153321" lon="0.052832"><ele>314.4</ele></trkpt>
    <trkpt lat="40.153984" lon="0.053132"><ele>317.2</ele></trkpt>
    <trkpt lat="40.154133" lon="0.053272"><ele>317.9</ele></trkpt>
    <trkpt lat="40.154195" lon="0.053465"><ele>318.4</ele></trkpt>
    <trkpt lat="40.154544" lon="0.054943"><ele>322.1</ele></trkpt>
    <trkpt lat="40.154598" lon="0.055234"><ele>322.5</ele></trkpt>
    <trkpt lat="40.154616" lon="0.055519"><ele>322.7</ele></trkpt>
    <trkpt lat="40.154429" lon="0.056437"><ele>323.3</ele></trkpt>
    <trkpt lat="40.154492" lon="0.056857"><ele>323.3</ele></trkpt>
    <trkpt lat="40.1547" lon="0.057828"><ele>324</ele></trkpt>
    <trkpt lat="40.154832" lon="0.058185"><ele>324.7</ele></trkpt>
    <trkpt lat="40.156206" lon="0.060735"><ele>335.5</ele></trkpt>
    <trkpt lat="40.156255" lon="0.060921"><ele>336.2</ele></trkpt>
    <trkpt lat="40.15623" lon="0.0626"><ele>341.6</ele></trkpt>
    <trkpt lat="40.15625" lon="0.062796"><ele>342</ele></trkpt>
    <trkpt lat="40.156343" lon="0.062999"><ele>342.6</ele></trkpt>
    <trkpt lat="40.157682" lon="0.064861"><ele>344.9</ele></trkpt>
    <trkpt lat="40.158137" lon="0.065494"><ele>345</ele></trkpt>
    <trkpt lat="40.158274" lon="0.065737"><ele>345</ele></trkpt>
    <trkpt lat="40.158364" lon="0.066002"><ele>345</ele></trkpt>
    <trkpt lat="40.158884" lon="0.068073"><ele>345.3</ele></trkpt>
    <trkpt lat="40.159418" lon="0.070226"><ele>348.7</ele></trkpt>
    <trkpt lat="40.159641" lon="0.071133"><ele>351.4</ele></trkpt>
    <trkpt lat="40.15978" lon="0.071969"><ele>354.4</ele></trkpt>
    <trkpt lat="40.16001" lon="0.073019"><ele>358</ele></trkpt>
    <trkpt lat="40.160544" lon="0.075305"><ele>362.6</ele></trkpt>
    <trkpt lat="40.160553" lon="0.075343"><ele>362.6</ele></trkpt>
    <trkpt lat="40.160553" lon="0.075802"><ele>362.6</ele></trkpt>
    <trkpt lat="40.160554" lon="0.076346"><ele>362.2</ele></trkpt>
    <trkpt lat="40.160497" lon="0.076564"><ele>361.8</ele></trkpt>
    <trkpt lat="40.160155" lon="0.077302"><ele>359.2</ele></trkpt>
    <trkpt lat="40.160099" lon="0.077527"><ele>358.2</ele></trkpt>
    <trkpt lat="40.160088" lon="0.077842"><ele>356.8</ele></trkpt>
    <trkpt lat="40.160029" lon="0.078081"><ele>355.6</ele></trkpt>
    <trkpt lat="40.159713" lon="0.078688"><ele>351.5</ele></trkpt>
    <trkpt lat="40.159622" lon="0.078934"><ele>349.8</ele></trkpt>
    <trkpt lat="40.159433" lon="0.079971"><ele>343.2</ele></trkpt>
    <trkpt lat="40.15941" lon="0.080244"><ele>341.6</ele></trkpt>
    <trkpt lat="40.15942" lon="0.08085"><ele>338</ele></trkpt>
    <trkpt lat="40.159391" lon="0.081065"><ele>336.8</ele></trkpt>
    <trkpt lat="40.159125" lon="0.081932"><ele>331.2</ele></trkpt>
    <trkpt lat="40.158952" lon="0.082815"><ele>325.7</ele></trkpt>
    <trkpt lat="40.158893" lon="0.083"><ele>324.5</ele></trkpt>
    <trkpt lat="40.158791" lon="0.083125"><ele>323.5</ele></trkpt>
    <trkpt lat="40.158248" lon="0.083464"><ele>319.8</ele></trkpt>
    <trkpt lat="40.158045" lon="0.083458"><ele>318.7</ele></trkpt>
    <trkpt lat="40.157533" lon="0.083279"><ele>316</ele></trkpt>
    <trkpt lat="40.157328" lon="0.083233"><ele>314.8</ele></trkpt>
    <trkpt lat="40.157149" lon="0.083247"><ele>313.8</ele></trkpt>
    <trkpt lat="40.156942" lon="0.083274"><ele>312.6</ele></trkpt>
    <trkpt lat="40.156575" lon="0.083374"><ele>310.6</ele></trkpt>
    <trkpt lat="40.156412" lon="0.083483"><ele>309.5</ele></trkpt>
    <trkpt lat="40.15638" lon="0.083572"><ele>309</ele></trkpt>
    <trkpt lat="40.156374" lon="0.08368"><ele>308.5</ele></trkpt>
    <trkpt lat="40.156402" lon="0.083768"><ele>308</ele></trkpt>
    <trkpt lat="40.156621" lon="0.083968"><ele>306</ele></trkpt>
    <trkpt lat="40.156712" lon="0.084041"><ele>305.3</ele></trkpt>
    <trkpt lat="40.156818" lon="0.084177"><ele>304.2</ele></trkpt>
    <trkpt lat="40.157526" lon="0.085975"><ele>294.5</ele></trkpt>
    <trkpt lat="40.157771" lon="0.086479"><ele>291.8</ele></trkpt>
    <trkpt lat="40.157972" lon="0.086775"><ele>290.1</ele></trkpt>
    <trkpt lat="40.158012" lon="0.086985"><ele>289.1</ele></trkpt>
    <trkpt lat="40.158032" lon="0.088142"><ele>284.1</ele></trkpt>
    <trkpt lat="40.157974" lon="0.088334"><ele>283.1</ele></trkpt>
    <trkpt lat="40.157853" lon="0.088463"><ele>282.3</ele></trkpt>
    <trkpt lat="40.157328" lon="0.088842"><ele>279.2</ele></trkpt>
    <trkpt lat="40.156199" lon="0.089657"><ele>274.3</ele></trkpt>
    <trkpt lat="40.156042" lon="0.089742"><ele>273.8</ele></trkpt>
    <trkpt lat="40.15463" lon="0.089933"><ele>271.4</ele></trkpt>
    <trkpt lat="40.15442" lon="0.09"><ele>271.1</ele></trkpt>
    <trkpt lat="40.154215" lon="0.090136"><ele>270.9</ele></trkpt>
    <trkpt lat="40.153245" lon="0.090861"><ele>269.1</ele></trkpt>
    <trkpt lat="40.152154" lon="0.091659"><ele>266.2</ele></trkpt>
    <trkpt lat="40.152047" lon="0.091738"><ele>265.9</ele></trkpt>
    <trkpt lat="40.151926" lon="0.091767"><ele>265.6</ele></trkpt>
    <trkpt lat="40.151792" lon="0.091722"><ele>265.3</ele></trkpt>
    <trkpt lat="40.151117" lon="0.091316"><ele>263.7</ele></trkpt>
    <trkpt lat="40.150992" lon="0.091147"><ele>263.4</ele></trkpt>
    <trkpt lat="40.149943" lon="0.088898"><ele>257.3</ele></trkpt>
    <trkpt lat="40.149605" lon="0.08837"><ele>255.2</ele></trkpt>
    <trkpt lat="40.149498" lon="0.088319"><ele>254.6</ele></trkpt>
    <trkpt lat="40.149439" lon="0.088319"><ele>254.3</ele></trkpt>
    <trkpt lat="40.149342" lon="0.088395"><ele>253.6</ele></trkpt>
    <trkpt lat="40.14896" lon="0.088915"><ele>249.5</ele></trkpt>
    <trkpt lat="40.148806" lon="0.089011"><ele>247.8</ele></trkpt>
    <trkpt lat="40.148685" lon="0.088991"><ele>246.7</ele></trkpt>
    <trkpt lat="40.148474" lon="0.088901"><ele>244.8</ele></trkpt>
    <trkpt lat="40.148112" lon="0.088579"><ele>241.5</ele></trkpt>
    <trkpt lat="40.147971" lon="0.088509"><ele>240.5</ele></trkpt>
    <trkpt lat="40.14783" lon="0.088517"><ele>239.6</ele></trkpt>
    <trkpt lat="40.14747" lon="0.088773"><ele>237.1</ele></trkpt>
    <trkpt lat="40.147219" lon="0.088882"><ele>235.8</ele></trkpt>
    <trkpt lat="40.147102" lon="0.088877"><ele>235.3</ele></trkpt>
    <trkpt lat="40.146815" lon="0.088793"><ele>234.1</ele></trkpt>
    <trkpt lat="40.146626" lon="0.088897"><ele>233.4</ele></trkpt>
    <trkpt lat="40.14652" lon="0.088881"><ele>232.9</ele></trkpt>
    <trkpt lat="40.14633" lon="0.088711"><ele>231.6</ele></trkpt>
    <trkpt lat="40.14599" lon="0.088707"><ele>229</ele></trkpt>
    <trkpt lat="40.145338" lon="0.088424"><ele>221.7</ele></trkpt>
    <trkpt lat="40.145201" lon="0.088444"><ele>220</ele></trkpt>
    <trkpt lat="40.145115" lon="0.08857"><ele>218.2</ele></trkpt>
    <trkpt lat="40.145025" lon="0.088834"><ele>215.1</ele></trkpt>
    <trkpt lat="40.144978" lon="0.08891"><ele>214</ele></trkpt>
    <trkpt lat="40.144921" lon="0.088932"><ele>213.1</ele></trkpt>
    <trkpt lat="40.144669" lon="0.088715"><ele>208.8</ele></trkpt>
    <trkpt lat="40.14457" lon="0.088686"><ele>207.3</ele></trkpt>
    <trkpt lat="40.144275" lon="0.088703"><ele>203.3</ele></trkpt>
    <trkpt lat="40.1442" lon="0.088741"><ele>202.3</ele></trkpt>
    <trkpt lat="40.144144" lon="0.088819"><ele>201.2</ele></trkpt>
    <trkpt lat="40.143985" lon="0.089177"><ele>197.4</ele></trkpt>
    <trkpt lat="40.143947" lon="0.089351"><ele>196</ele></trkpt>
    <trkpt lat="40.143873" lon="0.090244"><ele>192.3</ele></trkpt>
    <trkpt lat="40.143897" lon="0.090419"><ele>192.3</ele></trkpt>
    <trkpt lat="40.144035" lon="0.090837"><ele>193</ele></trkpt>
    <trkpt lat="40.144289" lon="0.091396"><ele>194.4</ele></trkpt>
    <trkpt lat="40.144354" lon="0.091639"><ele>194.6</ele></trkpt>
    <trkpt lat="40.144535" lon="0.092002"><ele>194.4</ele></trkpt>
    <trkpt lat="40.144524" lon="0.092137"><ele>194.2</ele></trkpt>
    <trkpt lat="40.144464" lon="0.092257"><ele>193.9</ele></trkpt>
    <trkpt lat="40.143841" lon="0.092825"><ele>187.7</ele></trkpt>
    <trkpt lat="40.143719" lon="0.092923"><ele>185.9</ele></trkpt>
    <trkpt lat="40.143141" lon="0.093327"><ele>177.9</ele></trkpt>
    <trkpt lat="40.142903" lon="0.093541"><ele>175.4</ele></trkpt>
    <trkpt lat="40.142803" lon="0.093663"><ele>174.5</ele></trkpt>
    <trkpt lat="40.142745" lon="0.093816"><ele>173.5</ele></trkpt>
    <trkpt lat="40.142706" lon="0.094144"><ele>172</ele></trkpt>
    <trkpt lat="40.142712" lon="0.094592"><ele>170.6</ele></trkpt>
    <trkpt lat="40.142683" lon="0.094791"><ele>170.2</ele></trkpt>
    <trkpt lat="40.142584" lon="0.095077"><ele>169.6</ele></trkpt>
    <trkpt lat="40.14256" lon="0.095249"><ele>169.4</ele></trkpt>
    <trkpt lat="40.142516" lon="0.095862"><ele>168.1</ele></trkpt>
    <trkpt lat="40.142493" lon="0.096936"><ele>162.7</ele></trkpt>
    <trkpt lat="40.142449" lon="0.097081"><ele>161.6</ele></trkpt>
    <trkpt lat="40.142345" lon="0.09721"><ele>160.4</ele></trkpt>
    <trkpt lat="40.142067" lon="0.097424"><ele>157.6</ele></trkpt>
    <trkpt lat="40.142003" lon="0.097516"><ele>156.8</ele></trkpt>
    <trkpt lat="40.141984" lon="0.097634"><ele>156</ele></trkpt>
    <trkpt lat="40.142018" lon="0.097758"><ele>155.1</ele></trkpt>
    <trkpt lat="40.142188" lon="0.098124"><ele>152.2</ele></trkpt>
    <trkpt lat="40.142216" lon="0.098266"><ele>151.2</ele></trkpt>
    <trkpt lat="40.142189" lon="0.098409"><ele>150.3</ele></trkpt>
    <trkpt lat="40.142119" lon="0.098598"><ele>149.1</ele></trkpt>
    <trkpt lat="40.142092" lon="0.098836"><ele>147.7</ele></trkpt>
    <trkpt lat="40.142033" lon="0.099919"><ele>141.8</ele></trkpt>
    <trkpt lat="40.141998" lon="0.100045"><ele>141.1</ele></trkpt>
    <trkpt lat="40.1419" lon="0.100143"><ele>140.2</ele></trkpt>
    <trkpt lat="40.141713" lon="0.100246"><ele>139</ele></trkpt>
    <trkpt lat="40.141658" lon="0.100306"><ele>138.7</ele></trkpt>
    <trkpt lat="40.141536" lon="0.100737"><ele>137.3</ele></trkpt>
    <trkpt lat="40.141522" lon="0.10092"><ele>137</ele></trkpt>
    <trkpt lat="40.141561" lon="0.101221"><ele>136.7</ele></trkpt>
    <trkpt lat="40.141631" lon="0.101394"><ele>136.7</ele></trkpt>
    <trkpt lat="40.141893" lon="0.101685"><ele>137</ele></trkpt>
    <trkpt lat="40.142028" lon="0.101782"><ele>137.3</ele></trkpt>
    <trkpt lat="40.142357" lon="0.101928"><ele>138.2</ele></trkpt>
    <trkpt lat="40.142437" lon="0.102044"><ele>138.6</ele></trkpt>
    <trkpt lat="40.142511" lon="0.102282"><ele>139.2</ele></trkpt>
    <trkpt lat="40.142532" lon="0.102617"><ele>139.9</ele></trkpt>
    <trkpt lat="40.142609" lon="0.102781"><ele>140.3</ele></trkpt>
    <trkpt lat="40.142851" lon="0.103153"><ele>141.2</ele></trkpt>
    <trkpt lat="40.142989" lon="0.10323"><ele>141.4</ele></trkpt>
    <trkpt lat="40.143231" lon="0.103189"><ele>141.7</ele></trkpt>
    <trkpt lat="40.143362" lon="0.103266"><ele>141.9</ele></trkpt>
    <trkpt lat="40.143434" lon="0.103448"><ele>142.2</ele></trkpt>
    <trkpt lat="40.143474" lon="0.103646"><ele>142.4</ele></trkpt>
    <trkpt lat="40.143468" lon="0.103784"><ele>142.6</ele></trkpt>
    <trkpt lat="40.143313" lon="0.104086"><ele>143.1</ele></trkpt>
    <trkpt lat="40.143273" lon="0.104308"><ele>143.2</ele></trkpt>
    <trkpt lat="40.143225" lon="0.105279"><ele>142.7</ele></trkpt>
    <trkpt lat="40.143444" lon="0.106235"><ele>140.7</ele></trkpt>
    <trkpt lat="40.143749" lon="0.107854"><ele>134.1</ele></trkpt>
    <trkpt lat="40.144011" lon="0.108462"><ele>130.1</ele></trkpt>
    <trkpt lat="40.144118" lon="0.109035"><ele>125.9</ele></trkpt>
    <trkpt lat="40.144141" lon="0.109373"><ele>123</ele></trkpt>
    <trkpt lat="40.144059" lon="0.109862"><ele>118.5</ele></trkpt>
    <trkpt lat="40.143545" lon="0.110794"><ele>108.3</ele></trkpt>
    <trkpt lat="40.143301" lon="0.111039"><ele>105.1</ele></trkpt>
    <trkpt lat="40.143126" lon="0.111172"><ele>103.2</ele></trkpt>
    <trkpt lat="40.142241" lon="0.111608"><ele>96.2</ele></trkpt>
    <trkpt lat="40.142123" lon="0.111721"><ele>95.4</ele></trkpt>
    <trkpt lat="40.141747" lon="0.112404"><ele>92.4</ele></trkpt>
    <trkpt lat="40.141611" lon="0.11267"><ele>91.2</ele></trkpt>
    <trkpt lat="40.141379" lon="0.113247"><ele>88.6</ele></trkpt>
    <trkpt lat="40.141349" lon="0.113444"><ele>87.8</ele></trkpt>
    <trkpt lat="40.141375" lon="0.113706"><ele>86.8</ele></trkpt>
    <trkpt lat="40.141471" lon="0.114244"><ele>84.9</ele></trkpt>
    <trkpt lat="40.141446" lon="0.114367"><ele>84.4</ele></trkpt>
    <trkpt lat="40.141259" lon="0.114714"><ele>82.9</ele></trkpt>
    <trkpt lat="40.140588" lon="0.115636"><ele>77.9</ele></trkpt>
    <trkpt lat="40.140479" lon="0.115849"><ele>76.8</ele></trkpt>
    <trkpt lat="40.140116" lon="0.117198"><ele>68.9</ele></trkpt>
    <trkpt lat="40.139887" lon="0.117731"><ele>65</ele></trkpt>
    <trkpt lat="40.139431" lon="0.118777"><ele>58.4</ele></trkpt>
    <trkpt lat="40.139357" lon="0.11907"><ele>57.1</ele></trkpt>
    <trkpt lat="40.138572" lon="0.122902"><ele>46.6</ele></trkpt>
    <trkpt lat="40.138412" lon="0.123452"><ele>45.3</ele></trkpt>
    <trkpt lat="40.138301" lon="0.123847"><ele>44.5</ele></trkpt>
    <trkpt lat="40.137861" lon="0.125417"><ele>41.7</ele></trkpt>
    <trkpt lat="40.137637" lon="0.126424"><ele>40</ele></trkpt>
    <trkpt lat="40.137392" lon="0.127531"><ele>38.1</ele></trkpt>
    <trkpt lat="40.136779" lon="0.132887"><ele>30.5</ele></trkpt>
    <trkpt lat="40.136791" lon="0.133037"><ele>30.3</ele></trkpt>
    <trkpt lat="40.136867" lon="0.133206"><ele>30</ele></trkpt>
    <trkpt lat="40.138675" lon="0.136352"><ele>25</ele></trkpt>
    <trkpt lat="40.138705" lon="0.136405"><ele>24.9</ele></trkpt>
    <trkpt lat="40.139454" lon="0.137708"><ele>23.1</ele></trkpt>
    <trkpt lat="40.139479" lon="0.137819"><ele>23</ele></trkpt>
    <trkpt lat="40.139496" lon="0.138048"><ele>22.7</ele></trkpt>
    <trkpt lat="40.139322" lon="0.14021"><ele>20.2</ele></trkpt>
    <trkpt lat="40.1393" lon="0.140483"><ele>19.9</ele></trkpt>
    <trkpt lat="40.139226" lon="0.141138"><ele>19.3</ele></trkpt>
    <trkpt lat="40.139089" lon="0.141989"><ele>18.5</ele></trkpt>
    <trkpt lat="40.138935" lon="0.142879"><ele>17.5</ele></trkpt>
    <trkpt lat="40.138831" lon="0.143533"><ele>16.6</ele></trkpt>
    <trkpt lat="40.138825" lon="0.144027"><ele>15.9</ele></trkpt>
    <trkpt lat="40.139012" lon="0.145279"><ele>14.2</ele></trkpt>
    <trkpt lat="40.139028" lon="0.145789"><ele>13.6</ele></trkpt>
    <trkpt lat="40.138969" lon="0.148738"><ele>10.4</ele></trkpt>
    <trkpt lat="40.138938" lon="0.150219"><ele>9.1</ele></trkpt>
    <trkpt lat="40.138931" lon="0.150532"><ele>8.9</ele></trkpt>
    <trkpt lat="40.138925" lon="0.150799"><ele>8.7</ele></trkpt>
    <trkpt lat="40.138921" lon="0.151256"><ele>8.5</ele></trkpt>
    <trkpt lat="40.13892" lon="0.151434"><ele>8.5</ele></trkpt>
    <trkpt lat="40.13828" lon="0.15112"><ele>8.4</ele></trkpt>
    <trkpt lat="40.138106" lon="0.151038"><ele>8.4</ele></trkpt>
    <trkpt lat="40.137862" lon="0.150921"><ele>8.4</ele></trkpt>
    <trkpt lat="40.137161" lon="0.15057"><ele>8.8</ele></trkpt>
    <trkpt lat="40.135485" lon="0.14973"><ele>10.1</ele></trkpt>
    <trkpt lat="40.134707" lon="0.149349"><ele>10.8</ele></trkpt>
    <trkpt lat="40.134421" lon="0.149203"><ele>11.1</ele></trkpt>
    <trkpt lat="40.133778" lon="0.148877"><ele>11.6</ele></trkpt>
    <trkpt lat="40.133636" lon="0.148804"><ele>11.7</ele></trkpt>
    <trkpt lat="40.133273" lon="0.148624"><ele>11.9</ele></trkpt>
    <trkpt lat="40.13299" lon="0.148485"><ele>12</ele></trkpt>
    <trkpt lat="40.131095" lon="0.147561"><ele>13.2</ele></trkpt>
    <trkpt lat="40.130269" lon="0.147165"><ele>13.5</ele></trkpt>
    <trkpt lat="40.126959" lon="0.145584"><ele>14.3</ele></trkpt>
    <trkpt lat="40.123135" lon="0.143848"><ele>15.1</ele></trkpt>
    <trkpt lat="40.119429" lon="0.142236"><ele>14.3</ele></trkpt>
    <trkpt lat="40.119188" lon="0.142133"><ele>14.4</ele></trkpt>
    <trkpt lat="40.11852" lon="0.141848"><ele>14.4</ele></trkpt>
    <trkpt lat="40.116743" lon="0.141102"><ele>13.2</ele></trkpt>
    <trkpt lat="40.115833" lon="0.14072"><ele>12.3</ele></trkpt>
    <trkpt lat="40.115707" lon="0.140672"><ele>12.3</ele></trkpt>
    <trkpt lat="40.115202" lon="0.140462"><ele>12.1</ele></trkpt>
    <trkpt lat="40.114877" lon="0.14033"><ele>12.1</ele></trkpt>
    <trkpt lat="40.113748" lon="0.139873"><ele>12.3</ele></trkpt>
    <trkpt lat="40.110419" lon="0.138524"><ele>10.5</ele></trkpt>
    <trkpt lat="40.107834" lon="0.137488"><ele>9.6</ele></trkpt>
    <trkpt lat="40.106648" lon="0.137012"><ele>9</ele></trkpt>
    <trkpt lat="40.105443" lon="0.136453"><ele>8.1</ele></trkpt>
    <trkpt lat="40.104684" lon="0.136157"><ele>7.3</ele></trkpt>
    <trkpt lat="40.10436" lon="0.136034"><ele>7</ele></trkpt>
    <trkpt lat="40.104032" lon="0.135909"><ele>6.6</ele></trkpt>
    <trkpt lat="40.103147" lon="0.135593"><ele>5.7</ele></trkpt>
    <trkpt lat="40.101834" lon="0.135233"><ele>4.8</ele></trkpt>
    <trkpt lat="40.099531" lon="0.134531"><ele>4.5</ele></trkpt>
    <trkpt lat="40.099088" lon="0.134399"><ele>4.6</ele></trkpt>
    <trkpt lat="40.098472" lon="0.134105"><ele>4.8</ele></trkpt>
    <trkpt lat="40.097263" lon="0.133394"><ele>5.9</ele></trkpt>
    <trkpt lat="40.097173" lon="0.133367"><ele>6</ele></trkpt>
    <trkpt lat="40.095836" lon="0.132538"><ele>8.4</ele></trkpt>
    <trkpt lat="40.095555" lon="0.13236"><ele>9.1</ele></trkpt>
    <trkpt lat="40.095327" lon="0.132217"><ele>9.7</ele></trkpt>
    <trkpt lat="40.094295" lon="0.131569"><ele>12.7</ele></trkpt>
    <trkpt lat="40.093334" lon="0.130888"><ele>15.8</ele></trkpt>
    <trkpt lat="40.092747" lon="0.130386"><ele>17.7</ele></trkpt>
    <trkpt lat="40.091946" lon="0.129544"><ele>20.3</ele></trkpt>
    <trkpt lat="40.091668" lon="0.129187"><ele>21.1</ele></trkpt>
    <trkpt lat="40.091087" lon="0.128416"><ele>22.8</ele></trkpt>
    <trkpt lat="40.090564" lon="0.127681"><ele>24.4</ele></trkpt>
    <trkpt lat="40.090506" lon="0.127604"><ele>24.5</ele></trkpt>
    <trkpt lat="40.090187" lon="0.127145"><ele>25.7</ele></trkpt>
    <trkpt lat="40.089969" lon="0.126861"><ele>26.4</ele></trkpt>
    <trkpt lat="40.088214" lon="0.125007"><ele>32.9</ele></trkpt>
    <trkpt lat="40.086348" lon="0.123063"><ele>43.7</ele></trkpt>
    <trkpt lat="40.08564" lon="0.122326"><ele>47.2</ele></trkpt>
    <trkpt lat="40.08525" lon="0.121919"><ele>48.9</ele></trkpt>
    <trkpt lat="40.083537" lon="0.120113"><ele>57</ele></trkpt>
    <trkpt lat="40.081467" lon="0.11791"><ele>70.1</ele></trkpt>
    <trkpt lat="40.080883" lon="0.117255"><ele>72.5</ele></trkpt>
    <trkpt lat="40.077752" lon="0.113806"><ele>89</ele></trkpt>
    <trkpt lat="40.076825" lon="0.112796"><ele>93.4</ele></trkpt>
    <trkpt lat="40.076145" lon="0.112056"><ele>96</ele></trkpt>
    <trkpt lat="40.075924" lon="0.111833"><ele>97</ele></trkpt>
    <trkpt lat="40.075505" lon="0.11141"><ele>99.3</ele></trkpt>
    <trkpt lat="40.075085" lon="0.111085"><ele>102</ele></trkpt>
    <trkpt lat="40.074523" lon="0.110743"><ele>105.9</ele></trkpt>
    <trkpt lat="40.074317" lon="0.110616"><ele>107.5</ele></trkpt>
    <trkpt lat="40.074124" lon="0.110497"><ele>108.9</ele></trkpt>
    <trkpt lat="40.073369" lon="0.110024"><ele>113.5</ele></trkpt>
    <trkpt lat="40.072838" lon="0.109634"><ele>115.7</ele></trkpt>
    <trkpt lat="40.072726" lon="0.109648"><ele>115.9</ele></trkpt>
    <trkpt lat="40.072179" lon="0.109299"><ele>116</ele></trkpt>
    <trkpt lat="40.07168" lon="0.108993"><ele>114.5</ele></trkpt>
    <trkpt lat="40.071198" lon="0.1088"><ele>112.4</ele></trkpt>
    <trkpt lat="40.07102" lon="0.108765"><ele>111.5</ele></trkpt>
    <trkpt lat="40.070715" lon="0.108802"><ele>109.9</ele></trkpt>
    <trkpt lat="40.069907" lon="0.108916"><ele>105.5</ele></trkpt>
    <trkpt lat="40.069738" lon="0.108884"><ele>104.5</ele></trkpt>
    <trkpt lat="40.06957" lon="0.108813"><ele>103.6</ele></trkpt>
    <trkpt lat="40.069432" lon="0.108713"><ele>102.6</ele></trkpt>
    <trkpt lat="40.069288" lon="0.108556"><ele>101.4</ele></trkpt>
    <trkpt lat="40.06917" lon="0.10836"><ele>100</ele></trkpt>
    <trkpt lat="40.06908" lon="0.10813"><ele>98.3</ele></trkpt>
    <trkpt lat="40.068907" lon="0.107497"><ele>93.2</ele></trkpt>
    <trkpt lat="40.068728" lon="0.107006"><ele>89.4</ele></trkpt>
    <trkpt lat="40.068405" lon="0.106435"><ele>85.6</ele></trkpt>
    <trkpt lat="40.067923" lon="0.105665"><ele>81.5</ele></trkpt>
    <trkpt lat="40.067635" lon="0.105166"><ele>78.6</ele></trkpt>
    <trkpt lat="40.06753" lon="0.104849"><ele>76.3</ele></trkpt>
    <trkpt lat="40.067333" lon="0.10395"><ele>68.3</ele></trkpt>
    <trkpt lat="40.067234" lon="0.103606"><ele>64.8</ele></trkpt>
    <trkpt lat="40.067154" lon="0.103421"><ele>63</ele></trkpt>
    <trkpt lat="40.066992" lon="0.103186"><ele>60.6</ele></trkpt>
    <trkpt lat="40.066749" lon="0.102722"><ele>56.8</ele></trkpt>
    <trkpt lat="40.066574" lon="0.102391"><ele>54.6</ele></trkpt>
    <trkpt lat="40.066554" lon="0.102353"><ele>54.4</ele></trkpt>
    <trkpt lat="40.066444" lon="0.102083"><ele>53</ele></trkpt>
    <trkpt lat="40.066282" lon="0.101842"><ele>51.5</ele></trkpt>
    <trkpt lat="40.06554" lon="0.100892"><ele>44.5</ele></trkpt>
    <trkpt lat="40.065113" lon="0.100377"><ele>40</ele></trkpt>
    <trkpt lat="40.065055" lon="0.100305"><ele>39.4</ele></trkpt>
    <trkpt lat="40.064569" lon="0.099695"><ele>35.1</ele></trkpt>
    <trkpt lat="40.064318" lon="0.099465"><ele>33.3</ele></trkpt>
    <trkpt lat="40.064056" lon="0.099291"><ele>31.6</ele></trkpt>
    <trkpt lat="40.063151" lon="0.09883"><ele>26.4</ele></trkpt>
    <trkpt lat="40.062854" lon="0.098679"><ele>24.8</ele></trkpt>
    <trkpt lat="40.062646" lon="0.098542"><ele>23.6</ele></trkpt>
    <trkpt lat="40.062474" lon="0.0984"><ele>22.6</ele></trkpt>
    <trkpt lat="40.062448" lon="0.098258"><ele>21.9</ele></trkpt>
    <trkpt lat="40.06237" lon="0.098182"><ele>21.4</ele></trkpt>
    <trkpt lat="40.062292" lon="0.098174"><ele>21</ele></trkpt>
    <trkpt lat="40.06222" lon="0.098218"><ele>20.6</ele></trkpt>
    <trkpt lat="40.062095" lon="0.098229"><ele>20</ele></trkpt>
    <trkpt lat="40.061964" lon="0.098172"><ele>19.3</ele></trkpt>
    <trkpt lat="40.061655" lon="0.098036"><ele>17.9</ele></trkpt>
    <trkpt lat="40.060625" lon="0.097501"><ele>14.3</ele></trkpt>
    <trkpt lat="40.060215" lon="0.097416"><ele>13.9</ele></trkpt>
    <trkpt lat="40.059701" lon="0.09737"><ele>13.5</ele></trkpt>
    <trkpt lat="40.059267" lon="0.097175"><ele>13</ele></trkpt>
    <trkpt lat="40.059103" lon="0.097044"><ele>12.8</ele></trkpt>
    <trkpt lat="40.058695" lon="0.096607"><ele>12.3</ele></trkpt>
    <trkpt lat="40.058604" lon="0.096443"><ele>12.2</ele></trkpt>
    <trkpt lat="40.058542" lon="0.096267"><ele>12.1</ele></trkpt>
    <trkpt lat="40.058485" lon="0.095735"><ele>12</ele></trkpt>
    <trkpt lat="40.058457" lon="0.094921"><ele>12.7</ele></trkpt>
    <trkpt lat="40.058451" lon="0.094747"><ele>13</ele></trkpt>
    <trkpt lat="40.058447" lon="0.094587"><ele>13.3</ele></trkpt>
    <trkpt lat="40.058429" lon="0.094003"><ele>14.8</ele></trkpt>
    <trkpt lat="40.058405" lon="0.09366"><ele>15.7</ele></trkpt>
    <trkpt lat="40.058341" lon="0.09333"><ele>16.8</ele></trkpt>
    <trkpt lat="40.058246" lon="0.09313"><ele>17.5</ele></trkpt>
    <trkpt lat="40.05813" lon="0.092971"><ele>18.1</ele></trkpt>
    <trkpt lat="40.057885" lon="0.092781"><ele>18.9</ele></trkpt>
    <trkpt lat="40.05748" lon="0.092593"><ele>20</ele></trkpt>
    <trkpt lat="40.057384" lon="0.092519"><ele>20.3</ele></trkpt>
    <trkpt lat="40.057171" lon="0.092186"><ele>20.6</ele></trkpt>
    <trkpt lat="40.057134" lon="0.092057"><ele>20.5</ele></trkpt>
    <trkpt lat="40.057121" lon="0.091879"><ele>20.2</ele></trkpt>
    <trkpt lat="40.057157" lon="0.091367"><ele>17.9</ele></trkpt>
    <trkpt lat="40.057128" lon="0.091172"><ele>16.6</ele></trkpt>
    <trkpt lat="40.056963" lon="0.090867"><ele>14.1</ele></trkpt>
    <trkpt lat="40.056823" lon="0.090757"><ele>12.7</ele></trkpt>
    <trkpt lat="40.056612" lon="0.09068"><ele>10.8</ele></trkpt>
    <trkpt lat="40.05642" lon="0.090612"><ele>9.2</ele></trkpt>
    <trkpt lat="40.056177" lon="0.09045"><ele>6.9</ele></trkpt>
    <trkpt lat="40.056109" lon="0.090353"><ele>6.1</ele></trkpt>
    <trkpt lat="40.056084" lon="0.090257"><ele>5.5</ele></trkpt>
    <trkpt lat="40.056089" lon="0.090084"><ele>4.5</ele></trkpt>
    <trkpt lat="40.056206" lon="0.089167"><ele>2.1</ele></trkpt>
    <trkpt lat="40.056239" lon="0.089001"><ele>2</ele></trkpt>
    <trkpt lat="40.056323" lon="0.088805"><ele>2</ele></trkpt>
    <trkpt lat="40.056658" lon="0.088069"><ele>1.8</ele></trkpt>
    <trkpt lat="40.057031" lon="0.086924"><ele>1.7</ele></trkpt>
    <trkpt lat="40.057642" lon="0.085348"><ele>3.9</ele></trkpt>
    <trkpt lat="40.057745" lon="0.084993"><ele>4.6</ele></trkpt>
    <trkpt lat="40.057748" lon="0.084833"><ele>4.9</ele></trkpt>
    <trkpt lat="40.057715" lon="0.084527"><ele>5.4</ele></trkpt>
    <trkpt lat="40.057614" lon="0.083549"><ele>6.6</ele></trkpt>
    <trkpt lat="40.057463" lon="0.081929"><ele>7</ele></trkpt>
    <trkpt lat="40.057401" lon="0.081159"><ele>6.8</ele></trkpt>
    <trkpt lat="40.057329" lon="0.08016"><ele>6.6</ele></trkpt>
    <trkpt lat="40.057325" lon="0.080107"><ele>6.6</ele></trkpt>
    <trkpt lat="40.057274" lon="0.079343"><ele>6.6</ele></trkpt>
    <trkpt lat="40.057272" lon="0.079313"><ele>6.6</ele></trkpt>
    <trkpt lat="40.05722" lon="0.078544"><ele>6.7</ele></trkpt>
    <trkpt lat="40.057174" lon="0.077853"><ele>6.9</ele></trkpt>
    <trkpt lat="40.057121" lon="0.077061"><ele>7</ele></trkpt>
    <trkpt lat="40.057088" lon="0.076568"><ele>7.1</ele></trkpt>
    <trkpt lat="40.057051" lon="0.076018"><ele>7.4</ele></trkpt>
    <trkpt lat="40.057047" lon="0.075959"><ele>7.4</ele></trkpt>
    <trkpt lat="40.057054" lon="0.075852"><ele>7.5</ele></trkpt>
    <trkpt lat="40.05704" lon="0.075647"><ele>7.6</ele></trkpt>
    <trkpt lat="40.057032" lon="0.075537"><ele>7.6</ele></trkpt>
    <trkpt lat="40.056989" lon="0.075016"><ele>7.8</ele></trkpt>
    <trkpt lat="40.05696" lon="0.074753"><ele>8</ele></trkpt>
    <trkpt lat="40.056955" lon="0.074635"><ele>8</ele></trkpt>
    <trkpt lat="40.056944" lon="0.074477"><ele>8.1</ele></trkpt>
    <trkpt lat="40.056871" lon="0.073434"><ele>7.9</ele></trkpt>
    <trkpt lat="40.056812" lon="0.072584"><ele>7.5</ele></trkpt>
    <trkpt lat="40.056799" lon="0.072403"><ele>7.3</ele></trkpt>
    <trkpt lat="40.05672" lon="0.071314"><ele>6.7</ele></trkpt>
    <trkpt lat="40.056711" lon="0.071188"><ele>6.6</ele></trkpt>
    <trkpt lat="40.056704" lon="0.0711"><ele>6.6</ele></trkpt>
    <trkpt lat="40.056644" lon="0.07027"><ele>6.5</ele></trkpt>
    <trkpt lat="40.05664" lon="0.070216"><ele>6.6</ele></trkpt>
    <trkpt lat="40.056624" lon="0.07"><ele>6.7</ele></trkpt>
    <trkpt lat="40.056585" lon="0.069465"><ele>7.2</ele></trkpt>
    <trkpt lat="40.056536" lon="0.068799"><ele>8.2</ele></trkpt>
    <trkpt lat="40.056531" lon="0.068717"><ele>8.3</ele></trkpt>
    <trkpt lat="40.056513" lon="0.068482"><ele>8.7</ele></trkpt>
    <trkpt lat="40.056499" lon="0.068288"><ele>9.1</ele></trkpt>
    <trkpt lat="40.056485" lon="0.068148"><ele>9.5</ele></trkpt>
    <trkpt lat="40.056478" lon="0.068107"><ele>9.6</ele></trkpt>
    <trkpt lat="40.056475" lon="0.067926"><ele>10.2</ele></trkpt>
    <trkpt lat="40.056481" lon="0.067784"><ele>10.6</ele></trkpt>
    <trkpt lat="40.056416" lon="0.067436"><ele>11.6</ele></trkpt>
    <trkpt lat="40.056425" lon="0.067364"><ele>11.9</ele></trkpt>
    <trkpt lat="40.056426" lon="0.067253"><ele>12.2</ele></trkpt>
    <trkpt lat="40.056386" lon="0.066684"><ele>13.8</ele></trkpt>
    <trkpt lat="40.056382" lon="0.066639"><ele>13.9</ele></trkpt>
    <trkpt lat="40.05631" lon="0.065806"><ele>16</ele></trkpt>
    <trkpt lat="40.056301" lon="0.065753"><ele>16.1</ele></trkpt>
    <trkpt lat="40.056243" lon="0.065585"><ele>16.6</ele></trkpt>
    <trkpt lat="40.05615" lon="0.065467"><ele>16.9</ele></trkpt>
    <trkpt lat="40.056047" lon="0.065339"><ele>17.2</ele></trkpt>
    <trkpt lat="40.05582" lon="0.065059"><ele>17.7</ele></trkpt>
    <trkpt lat="40.055498" lon="0.06449"><ele>18.4</ele></trkpt>
    <trkpt lat="40.055465" lon="0.064422"><ele>18.5</ele></trkpt>
    <trkpt lat="40.05545" lon="0.064393"><ele>18.5</ele></trkpt>
    <trkpt lat="40.055435" lon="0.064365"><ele>18.5</ele></trkpt>
    <trkpt lat="40.055381" lon="0.06426"><ele>18.6</ele></trkpt>
    <trkpt lat="40.055321" lon="0.064148"><ele>18.7</ele></trkpt>
    <trkpt lat="40.054813" lon="0.063264"><ele>19.9</ele></trkpt>
    <trkpt lat="40.05469" lon="0.06305"><ele>20.2</ele></trkpt>
    <trkpt lat="40.054521" lon="0.062756"><ele>20.7</ele></trkpt>
    <trkpt lat="40.05421" lon="0.062214"><ele>21.4</ele></trkpt>
    <trkpt lat="40.054052" lon="0.06194"><ele>21.9</ele></trkpt>
    <trkpt lat="40.054015" lon="0.061875"><ele>22</ele></trkpt>
    <trkpt lat="40.05365" lon="0.061257"><ele>23.6</ele></trkpt>
    <trkpt lat="40.053241" lon="0.060564"><ele>25.3</ele></trkpt>
    <trkpt lat="40.052892" lon="0.059972"><ele>26.4</ele></trkpt>
    <trkpt lat="40.053013" lon="0.059832"><ele>26.6</ele></trkpt>
    <trkpt lat="40.053647" lon="0.059103"><ele>26.5</ele></trkpt>
    <trkpt lat="40.05379" lon="0.058937"><ele>26.3</ele></trkpt>
    <trkpt lat="40.053822" lon="0.0589"><ele>26.3</ele></trkpt>
    <trkpt lat="40.053936" lon="0.058747"><ele>26.2</ele></trkpt>
    <trkpt lat="40.054167" lon="0.058294"><ele>26.3</ele></trkpt>
    <trkpt lat="40.054246" lon="0.058123"><ele>26.5</ele></trkpt>
    <trkpt lat="40.054279" lon="0.058022"><ele>26.6</ele></trkpt>
    <trkpt lat="40.054338" lon="0.057862"><ele>26.9</ele></trkpt>
    <trkpt lat="40.054371" lon="0.057683"><ele>27.1</ele></trkpt>
    <trkpt lat="40.054382" lon="0.057507"><ele>27.3</ele></trkpt>
    <trkpt lat="40.054408" lon="0.056879"><ele>28.7</ele></trkpt>
    <trkpt lat="40.054464" lon="0.055486"><ele>31.6</ele></trkpt>
    <trkpt lat="40.054482" lon="0.055011"><ele>32.1</ele></trkpt>
    <trkpt lat="40.054515" lon="0.054119"><ele>33.4</ele></trkpt>
    <trkpt lat="40.054518" lon="0.053842"><ele>33.9</ele></trkpt>
    <trkpt lat="40.054538" lon="0.052484"><ele>36.1</ele></trkpt>
    <trkpt lat="40.054563" lon="0.051937"><ele>37.3</ele></trkpt>
    <trkpt lat="40.054596" lon="0.05112"><ele>39.3</ele></trkpt>
    <trkpt lat="40.054624" lon="0.050969"><ele>39.7</ele></trkpt>
    <trkpt lat="40.054659" lon="0.050955"><ele>39.9</ele></trkpt>
    <trkpt lat="40.054693" lon="0.050905"><ele>40.1</ele></trkpt>
    <trkpt lat="40.054698" lon="0.050845"><ele>40.3</ele></trkpt>
    <trkpt lat="40.054669" lon="0.050782"><ele>40.6</ele></trkpt>
    <trkpt lat="40.054658" lon="0.050505"><ele>41.8</ele></trkpt>
    <trkpt lat="40.054712" lon="0.049418"><ele>46.6</ele></trkpt>
    <trkpt lat="40.054713" lon="0.049398"><ele>46.6</ele></trkpt>
    <trkpt lat="40.054767" lon="0.048205"><ele>52.4</ele></trkpt>
    <trkpt lat="40.054805" lon="0.047367"><ele>55.8</ele></trkpt>
    <trkpt lat="40.054885" lon="0.047034"><ele>57.1</ele></trkpt>
    <trkpt lat="40.055425" lon="0.046031"><ele>61.2</ele></trkpt>
    <trkpt lat="40.055555" lon="0.045828"><ele>62.1</ele></trkpt>
    <trkpt lat="40.055867" lon="0.045599"><ele>64.1</ele></trkpt>
    <trkpt lat="40.056409" lon="0.045318"><ele>68</ele></trkpt>
    <trkpt lat="40.056783" lon="0.045191"><ele>71</ele></trkpt>
    <trkpt lat="40.056936" lon="0.045178"><ele>72.4</ele></trkpt>
    <trkpt lat="40.057086" lon="0.045207"><ele>73.9</ele></trkpt>
    <trkpt lat="40.057546" lon="0.045384"><ele>79.1</ele></trkpt>
    <trkpt lat="40.058545" lon="0.045976"><ele>84.2</ele></trkpt>
    <trkpt lat="40.058711" lon="0.046051"><ele>84.4</ele></trkpt>
    <trkpt lat="40.058835" lon="0.046064"><ele>84.3</ele></trkpt>
    <trkpt lat="40.058989" lon="0.046035"><ele>84.3</ele></trkpt>
    <trkpt lat="40.059126" lon="0.045966"><ele>84.1</ele></trkpt>
    <trkpt lat="40.059629" lon="0.045633"><ele>82.8</ele></trkpt>
    <trkpt lat="40.060254" lon="0.045213"><ele>83.8</ele></trkpt>
    <trkpt lat="40.060912" lon="0.044785"><ele>88.7</ele></trkpt>
    <trkpt lat="40.061171" lon="0.044655"><ele>90.8</ele></trkpt>
    <trkpt lat="40.061982" lon="0.044353"><ele>96.8</ele></trkpt>
    <trkpt lat="40.062386" lon="0.044055"><ele>99.8</ele></trkpt>
    <trkpt lat="40.062489" lon="0.043962"><ele>100.6</ele></trkpt>
    <trkpt lat="40.062573" lon="0.043861"><ele>101.3</ele></trkpt>
    <trkpt lat="40.062667" lon="0.043679"><ele>102.3</ele></trkpt>
    <trkpt lat="40.062852" lon="0.043162"><ele>104.9</ele></trkpt>
    <trkpt lat="40.062962" lon="0.042978"><ele>106.1</ele></trkpt>
    <trkpt lat="40.063249" lon="0.042669"><ele>108.6</ele></trkpt>
    <trkpt lat="40.063917" lon="0.042226"><ele>115</ele></trkpt>
    <trkpt lat="40.064106" lon="0.042138"><ele>116.9</ele></trkpt>
    <trkpt lat="40.0644" lon="0.042078"><ele>119.9</ele></trkpt>
    <trkpt lat="40.064516" lon="0.042028"><ele>121.1</ele></trkpt>
    <trkpt lat="40.065286" lon="0.041525"><ele>128.9</ele></trkpt>
    <trkpt lat="40.065659" lon="0.041308"><ele>132</ele></trkpt>
    <trkpt lat="40.06622" lon="0.041244"><ele>136</ele></trkpt>
    <trkpt lat="40.066304" lon="0.041192"><ele>136.6</ele></trkpt>
    <trkpt lat="40.066746" lon="0.040763"><ele>140.8</ele></trkpt>
    <trkpt lat="40.067021" lon="0.040612"><ele>143.5</ele></trkpt>
    <trkpt lat="40.068159" lon="0.040352"><ele>154.1</ele></trkpt>
    <trkpt lat="40.0685" lon="0.040285"><ele>157.2</ele></trkpt>
    <trkpt lat="40.068722" lon="0.0403"><ele>159</ele></trkpt>
    <trkpt lat="40.069391" lon="0.04048"><ele>164.6</ele></trkpt>
    <trkpt lat="40.069631" lon="0.040461"><ele>166.7</ele></trkpt>
    <trkpt lat="40.070086" lon="0.040363"><ele>171.2</ele></trkpt>
    <trkpt lat="40.070341" lon="0.040354"><ele>173.7</ele></trkpt>
    <trkpt lat="40.071169" lon="0.040432"><ele>181.6</ele></trkpt>
    <trkpt lat="40.071284" lon="0.040398"><ele>182.8</ele></trkpt>
    <trkpt lat="40.071398" lon="0.04031"><ele>184</ele></trkpt>
    <trkpt lat="40.071635" lon="0.040019"><ele>186.8</ele></trkpt>
    <trkpt lat="40.071738" lon="0.039929"><ele>187.9</ele></trkpt>
    <trkpt lat="40.072356" lon="0.039646"><ele>193</ele></trkpt>
    <trkpt lat="40.072458" lon="0.039635"><ele>193.7</ele></trkpt>
    <trkpt lat="40.072518" lon="0.039657"><ele>194.2</ele></trkpt>
    <trkpt lat="40.07257" lon="0.039715"><ele>194.7</ele></trkpt>
    <trkpt lat="40.072614" lon="0.039815"><ele>195.4</ele></trkpt>
    <trkpt lat="40.072623" lon="0.03999"><ele>196.4</ele></trkpt>
    <trkpt lat="40.072592" lon="0.040075"><ele>197</ele></trkpt>
    <trkpt lat="40.072536" lon="0.040142"><ele>197.6</ele></trkpt>
    <trkpt lat="40.07245" lon="0.04019"><ele>198.4</ele></trkpt>
    <trkpt lat="40.072152" lon="0.040173"><ele>201.1</ele></trkpt>
    <trkpt lat="40.071984" lon="0.040223"><ele>202.8</ele></trkpt>
    <trkpt lat="40.071912" lon="0.040367"><ele>204</ele></trkpt>
    <trkpt lat="40.071912" lon="0.040476"><ele>204.8</ele></trkpt>
    <trkpt lat="40.071949" lon="0.040577"><ele>205.6</ele></trkpt>
    <trkpt lat="40.072007" lon="0.040646"><ele>206.3</ele></trkpt>
    <trkpt lat="40.072074" lon="0.040684"><ele>207</ele></trkpt>
    <trkpt lat="40.07216" lon="0.040689"><ele>207.8</ele></trkpt>
    <trkpt lat="40.072233" lon="0.040665"><ele>208.5</ele></trkpt>
    <trkpt lat="40.072514" lon="0.040473"><ele>211</ele></trkpt>
    <trkpt lat="40.072652" lon="0.040506"><ele>211.9</ele></trkpt>
    <trkpt lat="40.072771" lon="0.040688"><ele>212.8</ele></trkpt>
    <trkpt lat="40.07278" lon="0.040792"><ele>213.1</ele></trkpt>
    <trkpt lat="40.072754" lon="0.040909"><ele>213.5</ele></trkpt>
    <trkpt lat="40.072702" lon="0.040987"><ele>213.8</ele></trkpt>
    <trkpt lat="40.07263" lon="0.04104"><ele>214.1</ele></trkpt>
    <trkpt lat="40.072481" lon="0.041058"><ele>214.5</ele></trkpt>
    <trkpt lat="40.072062" lon="0.040939"><ele>215.1</ele></trkpt>
    <trkpt lat="40.071921" lon="0.040928"><ele>215.2</ele></trkpt>
    <trkpt lat="40.07178" lon="0.040974"><ele>215.5</ele></trkpt>
    <trkpt lat="40.071298" lon="0.041235"><ele>217.9</ele></trkpt>
    <trkpt lat="40.071208" lon="0.041335"><ele>218.8</ele></trkpt>
    <trkpt lat="40.071173" lon="0.041474"><ele>219.8</ele></trkpt>
    <trkpt lat="40.071186" lon="0.04162"><ele>220.8</ele></trkpt>
    <trkpt lat="40.07131" lon="0.041947"><ele>223.7</ele></trkpt>
    <trkpt lat="40.071338" lon="0.042095"><ele>225</ele></trkpt>
    <trkpt lat="40.071346" lon="0.042423"><ele>227.6</ele></trkpt>
    <trkpt lat="40.071387" lon="0.042542"><ele>228.6</ele></trkpt>
    <trkpt lat="40.071478" lon="0.042637"><ele>229.7</ele></trkpt>
    <trkpt lat="40.071583" lon="0.042685"><ele>230.7</ele></trkpt>
    <trkpt lat="40.071696" lon="0.042683"><ele>231.7</ele></trkpt>
    <trkpt lat="40.071784" lon="0.042623"><ele>232.5</ele></trkpt>
    <trkpt lat="40.071883" lon="0.042505"><ele>233.5</ele></trkpt>
    <trkpt lat="40.071927" lon="0.042387"><ele>234.2</ele></trkpt>
    <trkpt lat="40.071932" lon="0.042261"><ele>234.8</ele></trkpt>
    <trkpt lat="40.071814" lon="0.041847"><ele>236.5</ele></trkpt>
    <trkpt lat="40.071791" lon="0.041601"><ele>237.3</ele></trkpt>
    <trkpt lat="40.07183" lon="0.041496"><ele>237.6</ele></trkpt>
    <trkpt lat="40.071897" lon="0.04143"><ele>238</ele></trkpt>
    <trkpt lat="40.071993" lon="0.041405"><ele>238.4</ele></trkpt>
    <trkpt lat="40.072118" lon="0.041437"><ele>238.9</ele></trkpt>
    <trkpt lat="40.072252" lon="0.041526"><ele>239.6</ele></trkpt>
    <trkpt lat="40.07257" lon="0.041821"><ele>242.2</ele></trkpt>
    <trkpt lat="40.072723" lon="0.041865"><ele>243.6</ele></trkpt>
    <trkpt lat="40.073232" lon="0.041766"><ele>249</ele></trkpt>
    <trkpt lat="40.073342" lon="0.041803"><ele>250.2</ele></trkpt>
    <trkpt lat="40.073454" lon="0.041915"><ele>251.6</ele></trkpt>
    <trkpt lat="40.073658" lon="0.042252"><ele>254.6</ele></trkpt>
    <trkpt lat="40.073765" lon="0.042355"><ele>255.7</ele></trkpt>
    <trkpt lat="40.073863" lon="0.042393"><ele>256.5</ele></trkpt>
    <trkpt lat="40.074021" lon="0.042399"><ele>257.7</ele></trkpt>
    <trkpt lat="40.075444" lon="0.042227"><ele>268.4</ele></trkpt>
    <trkpt lat="40.075543" lon="0.042248"><ele>269.3</ele></trkpt>
    <trkpt lat="40.075628" lon="0.042319"><ele>270.2</ele></trkpt>
    <trkpt lat="40.075683" lon="0.042421"><ele>271</ele></trkpt>
    <trkpt lat="40.075703" lon="0.042548"><ele>271.9</ele></trkpt>
    <trkpt lat="40.075686" lon="0.042681"><ele>272.8</ele></trkpt>
    <trkpt lat="40.075631" lon="0.042819"><ele>273.8</ele></trkpt>
    <trkpt lat="40.07553" lon="0.042911"><ele>274.9</ele></trkpt>
    <trkpt lat="40.075395" lon="0.042948"><ele>276.3</ele></trkpt>
    <trkpt lat="40.074625" lon="0.042949"><ele>283.4</ele></trkpt>
    <trkpt lat="40.074471" lon="0.04303"><ele>284.6</ele></trkpt>
    <trkpt lat="40.07436" lon="0.04318"><ele>285.6</ele></trkpt>
    <trkpt lat="40.074203" lon="0.043545"><ele>287.3</ele></trkpt>
    <trkpt lat="40.074114" lon="0.043629"><ele>287.8</ele></trkpt>
    <trkpt lat="40.074026" lon="0.043651"><ele>288.1</ele></trkpt>
    <trkpt lat="40.073921" lon="0.043636"><ele>288.6</ele></trkpt>
    <trkpt lat="40.073511" lon="0.043373"><ele>290.1</ele></trkpt>
    <trkpt lat="40.073348" lon="0.043383"><ele>290.5</ele></trkpt>
    <trkpt lat="40.073212" lon="0.043456"><ele>290.8</ele></trkpt>
    <trkpt lat="40.072849" lon="0.043801"><ele>291.4</ele></trkpt>
    <trkpt lat="40.072653" lon="0.04391"><ele>291.7</ele></trkpt>
    <trkpt lat="40.072478" lon="0.043966"><ele>292.1</ele></trkpt>
    <trkpt lat="40.072031" lon="0.044012"><ele>293.3</ele></trkpt>
    <trkpt lat="40.07159" lon="0.04419"><ele>294.3</ele></trkpt>
    <trkpt lat="40.071478" lon="0.044261"><ele>294.6</ele></trkpt>
    <trkpt lat="40.071428" lon="0.044327"><ele>294.7</ele></trkpt>
    <trkpt lat="40.071402" lon="0.044411"><ele>294.9</ele></trkpt>
    <trkpt lat="40.071401" lon="0.044531"><ele>295.2</ele></trkpt>
    <trkpt lat="40.071466" lon="0.044663"><ele>295.6</ele></trkpt>
    <trkpt lat="40.071533" lon="0.044716"><ele>295.9</ele></trkpt>
    <trkpt lat="40.071614" lon="0.044725"><ele>296.2</ele></trkpt>
    <trkpt lat="40.0717" lon="0.044685"><ele>296.6</ele></trkpt>
    <trkpt lat="40.072171" lon="0.044334"><ele>299.4</ele></trkpt>
    <trkpt lat="40.072309" lon="0.044299"><ele>300.1</ele></trkpt>
    <trkpt lat="40.073118" lon="0.044253"><ele>306.3</ele></trkpt>
    <trkpt lat="40.073351" lon="0.044345"><ele>308.6</ele></trkpt>
    <trkpt lat="40.074046" lon="0.044846"><ele>316.3</ele></trkpt>
    <trkpt lat="40.07418" lon="0.044915"><ele>317.6</ele></trkpt>
    <trkpt lat="40.074513" lon="0.044992"><ele>320.5</ele></trkpt>
    <trkpt lat="40.074757" lon="0.044991"><ele>322.6</ele></trkpt>
    <trkpt lat="40.075478" lon="0.044985"><ele>327.8</ele></trkpt>
    <trkpt lat="40.075816" lon="0.044958"><ele>329.5</ele></trkpt>
    <trkpt lat="40.076004" lon="0.04489"><ele>330.3</ele></trkpt>
    <trkpt lat="40.076268" lon="0.044675"><ele>331.4</ele></trkpt>
    <trkpt lat="40.076812" lon="0.044159"><ele>334.2</ele></trkpt>
    <trkpt lat="40.077018" lon="0.044036"><ele>335.2</ele></trkpt>
    <trkpt lat="40.077254" lon="0.043937"><ele>336.4</ele></trkpt>
    <trkpt lat="40.077767" lon="0.043713"><ele>339.7</ele></trkpt>
    <trkpt lat="40.07807" lon="0.043481"><ele>342.4</ele></trkpt>
    <trkpt lat="40.078307" lon="0.043108"><ele>345.6</ele></trkpt>
    <trkpt lat="40.078531" lon="0.042586"><ele>349.8</ele></trkpt>
    <trkpt lat="40.078636" lon="0.042484"><ele>351.1</ele></trkpt>
    <trkpt lat="40.078816" lon="0.042369"><ele>353.2</ele></trkpt>
    <trkpt lat="40.079155" lon="0.042306"><ele>357.1</ele></trkpt>
    <trkpt lat="40.079266" lon="0.04225"><ele>358.6</ele></trkpt>
    <trkpt lat="40.079334" lon="0.042136"><ele>360.1</ele></trkpt>
    <trkpt lat="40.079498" lon="0.04165"><ele>365.1</ele></trkpt>
    <trkpt lat="40.079575" lon="0.04151"><ele>366.6</ele></trkpt>
    <trkpt lat="40.079987" lon="0.041228"><ele>371</ele></trkpt>
    <trkpt lat="40.080076" lon="0.041081"><ele>372.2</ele></trkpt>
    <trkpt lat="40.080076" lon="0.040978"><ele>372.8</ele></trkpt>
    <trkpt lat="40.080032" lon="0.040896"><ele>373.3</ele></trkpt>
    <trkpt lat="40.079621" lon="0.040711"><ele>375.9</ele></trkpt>
    <trkpt lat="40.079509" lon="0.040554"><ele>376.6</ele></trkpt>
    <trkpt lat="40.079473" lon="0.040322"><ele>377</ele></trkpt>
    <trkpt lat="40.07955" lon="0.039764"><ele>377</ele></trkpt>
    <trkpt lat="40.079551" lon="0.039615"><ele>376.8</ele></trkpt>
    <trkpt lat="40.079517" lon="0.039478"><ele>376.6</ele></trkpt>
    <trkpt lat="40.079451" lon="0.039371"><ele>376.3</ele></trkpt>
    <trkpt lat="40.079377" lon="0.039318"><ele>376.1</ele></trkpt>
    <trkpt lat="40.079247" lon="0.03931"><ele>375.9</ele></trkpt>
    <trkpt lat="40.078921" lon="0.039389"><ele>375.3</ele></trkpt>
    <trkpt lat="40.078604" lon="0.039226"><ele>374.2</ele></trkpt>
    <trkpt lat="40.078484" lon="0.039117"><ele>373.5</ele></trkpt>
    <trkpt lat="40.078384" lon="0.038968"><ele>372.7</ele></trkpt>
    <trkpt lat="40.078179" lon="0.038566"><ele>371</ele></trkpt>
    <trkpt lat="40.077989" lon="0.038163"><ele>369.8</ele></trkpt>
    <trkpt lat="40.0779" lon="0.037853"><ele>369.4</ele></trkpt>
    <trkpt lat="40.077899" lon="0.037703"><ele>369.2</ele></trkpt>
    <trkpt lat="40.078102" lon="0.036931"><ele>368.1</ele></trkpt>
    <trkpt lat="40.078118" lon="0.036779"><ele>367.9</ele></trkpt>
    <trkpt lat="40.078164" lon="0.035227"><ele>365.9</ele></trkpt>
    <trkpt lat="40.078103" lon="0.034498"><ele>366.2</ele></trkpt>
    <trkpt lat="40.078176" lon="0.034279"><ele>366.7</ele></trkpt>
    <trkpt lat="40.079019" lon="0.032944"><ele>372.2</ele></trkpt>
    <trkpt lat="40.079058" lon="0.03275"><ele>372.6</ele></trkpt>
    <trkpt lat="40.079052" lon="0.032625"><ele>372.7</ele></trkpt>
    <trkpt lat="40.078992" lon="0.032353"><ele>373.1</ele></trkpt>
    <trkpt lat="40.078901" lon="0.032135"><ele>373.6</ele></trkpt>
    <trkpt lat="40.07882" lon="0.032031"><ele>373.8</ele></trkpt>
    <trkpt lat="40.078449" lon="0.031768"><ele>374.8</ele></trkpt>
    <trkpt lat="40.078326" lon="0.0316"><ele>375.2</ele></trkpt>
    <trkpt lat="40.07816" lon="0.031074"><ele>376.7</ele></trkpt>
    <trkpt lat="40.078088" lon="0.03094"><ele>377.5</ele></trkpt>
    <trkpt lat="40.077312" lon="0.029944"><ele>383</ele></trkpt>
    <trkpt lat="40.077184" lon="0.02986"><ele>383.4</ele></trkpt>
    <trkpt lat="40.077085" lon="0.029841"><ele>383.7</ele></trkpt>
    <trkpt lat="40.076642" lon="0.029905"><ele>385.6</ele></trkpt>
    <trkpt lat="40.076535" lon="0.029894"><ele>386.2</ele></trkpt>
    <trkpt lat="40.076467" lon="0.029806"><ele>386.8</ele></trkpt>
    <trkpt lat="40.076407" lon="0.029628"><ele>387.7</ele></trkpt>
    <trkpt lat="40.076375" lon="0.029395"><ele>388.9</ele></trkpt>
    <trkpt lat="40.076347" lon="0.028854"><ele>392.2</ele></trkpt>
    <trkpt lat="40.076318" lon="0.028689"><ele>393.5</ele></trkpt>
    <trkpt lat="40.076126" lon="0.028262"><ele>397.9</ele></trkpt>
    <trkpt lat="40.076101" lon="0.028097"><ele>399.4</ele></trkpt>
    <trkpt lat="40.076111" lon="0.027943"><ele>400.9</ele></trkpt>
    <trkpt lat="40.076257" lon="0.027471"><ele>405.5</ele></trkpt>
    <trkpt lat="40.076283" lon="0.027326"><ele>406.7</ele></trkpt>
    <trkpt lat="40.076277" lon="0.027185"><ele>407.8</ele></trkpt>
    <trkpt lat="40.07622" lon="0.027032"><ele>409</ele></trkpt>
    <trkpt lat="40.076107" lon="0.026911"><ele>410.2</ele></trkpt>
    <trkpt lat="40.075892" lon="0.026739"><ele>412.3</ele></trkpt>
    <trkpt lat="40.075668" lon="0.026686"><ele>414</ele></trkpt>
    <trkpt lat="40.075047" lon="0.026787"><ele>418</ele></trkpt>
    <trkpt lat="40.074996" lon="0.026795"><ele>418.2</ele></trkpt>
    <trkpt lat="40.074415" lon="0.026903"><ele>419.8</ele></trkpt>
    <trkpt lat="40.07427" lon="0.026925"><ele>419.8</ele></trkpt>
    <trkpt lat="40.074184" lon="0.026942"><ele>419.7</ele></trkpt>
    <trkpt lat="40.073804" lon="0.027091"><ele>419.2</ele></trkpt>
    <trkpt lat="40.073465" lon="0.027316"><ele>418.3</ele></trkpt>
    <trkpt lat="40.073155" lon="0.02745"><ele>417.1</ele></trkpt>
    <trkpt lat="40.072935" lon="0.027511"><ele>416</ele></trkpt>
    <trkpt lat="40.072796" lon="0.027475"><ele>415.1</ele></trkpt>
    <trkpt lat="40.072587" lon="0.027264"><ele>413.3</ele></trkpt>
    <trkpt lat="40.072492" lon="0.027218"><ele>412.6</ele></trkpt>
    <trkpt lat="40.07237" lon="0.027252"><ele>411.6</ele></trkpt>
    <trkpt lat="40.072271" lon="0.02736"><ele>410.7</ele></trkpt>
    <trkpt lat="40.071789" lon="0.028099"><ele>404.9</ele></trkpt>
    <trkpt lat="40.071682" lon="0.028174"><ele>403.8</ele></trkpt>
    <trkpt lat="40.071592" lon="0.028199"><ele>402.8</ele></trkpt>
    <trkpt lat="40.071297" lon="0.028217"><ele>399.7</ele></trkpt>
    <trkpt lat="40.070933" lon="0.028202"><ele>395.9</ele></trkpt>
    <trkpt lat="40.070859" lon="0.028162"><ele>395.1</ele></trkpt>
    <trkpt lat="40.070798" lon="0.028084"><ele>394.2</ele></trkpt>
    <trkpt lat="40.070742" lon="0.027972"><ele>393.2</ele></trkpt>
    <trkpt lat="40.070719" lon="0.027753"><ele>391.8</ele></trkpt>
    <trkpt lat="40.070904" lon="0.027174"><ele>388.4</ele></trkpt>
    <trkpt lat="40.07094" lon="0.026989"><ele>387.6</ele></trkpt>
    <trkpt lat="40.070948" lon="0.026769"><ele>386.7</ele></trkpt>
    <trkpt lat="40.070902" lon="0.026443"><ele>385.6</ele></trkpt>
    <trkpt lat="40.070929" lon="0.026217"><ele>384.9</ele></trkpt>
    <trkpt lat="40.071033" lon="0.026047"><ele>384.3</ele></trkpt>
    <trkpt lat="40.071316" lon="0.02599"><ele>383.3</ele></trkpt>
    <trkpt lat="40.071417" lon="0.025926"><ele>382.9</ele></trkpt>
    <trkpt lat="40.071652" lon="0.025663"><ele>382</ele></trkpt>
    <trkpt lat="40.071694" lon="0.025546"><ele>381.7</ele></trkpt>
    <trkpt lat="40.071705" lon="0.025431"><ele>381.5</ele></trkpt>
    <trkpt lat="40.07169" lon="0.025331"><ele>381.4</ele></trkpt>
    <trkpt lat="40.071502" lon="0.024971"><ele>380.7</ele></trkpt>
    <trkpt lat="40.071458" lon="0.024796"><ele>380</ele></trkpt>
    <trkpt lat="40.071449" lon="0.024644"><ele>379.4</ele></trkpt>
    <trkpt lat="40.071464" lon="0.024516"><ele>378.7</ele></trkpt>
    <trkpt lat="40.071598" lon="0.024022"><ele>376.1</ele></trkpt>
    <trkpt lat="40.071626" lon="0.023814"><ele>375.1</ele></trkpt>
    <trkpt lat="40.07161" lon="0.023725"><ele>374.7</ele></trkpt>
    <trkpt lat="40.071415" lon="0.023342"><ele>373.3</ele></trkpt>
    <trkpt lat="40.071269" lon="0.023074"><ele>372.7</ele></trkpt>
    <trkpt lat="40.071106" lon="0.022802"><ele>371.9</ele></trkpt>
    <trkpt lat="40.070994" lon="0.022667"><ele>371.1</ele></trkpt>
    <trkpt lat="40.070513" lon="0.022239"><ele>367.7</ele></trkpt>
    <trkpt lat="40.070371" lon="0.022186"><ele>367</ele></trkpt>
    <trkpt lat="40.07027" lon="0.0222"><ele>366.5</ele></trkpt>
    <trkpt lat="40.069963" lon="0.022337"><ele>364.8</ele></trkpt>
    <trkpt lat="40.069795" lon="0.022381"><ele>363.7</ele></trkpt>
    <trkpt lat="40.069683" lon="0.022374"><ele>362.8</ele></trkpt>
    <trkpt lat="40.069465" lon="0.0223"><ele>360.8</ele></trkpt>
    <trkpt lat="40.069142" lon="0.022094"><ele>356.7</ele></trkpt>
    <trkpt lat="40.068966" lon="0.022045"><ele>354.7</ele></trkpt>
    <trkpt lat="40.068801" lon="0.022089"><ele>353.2</ele></trkpt>
    <trkpt lat="40.068509" lon="0.022263"><ele>350.8</ele></trkpt>
    <trkpt lat="40.068379" lon="0.022309"><ele>349.7</ele></trkpt>
    <trkpt lat="40.068147" lon="0.022315"><ele>347.7</ele></trkpt>
    <trkpt lat="40.067993" lon="0.022237"><ele>346</ele></trkpt>
    <trkpt lat="40.067907" lon="0.022095"><ele>344.7</ele></trkpt>
    <trkpt lat="40.067791" lon="0.021814"><ele>342.7</ele></trkpt>
    <trkpt lat="40.067743" lon="0.021705"><ele>341.9</ele></trkpt>
    <trkpt lat="40.067644" lon="0.021591"><ele>341</ele></trkpt>
    <trkpt lat="40.067257" lon="0.02132"><ele>338.5</ele></trkpt>
    <trkpt lat="40.067147" lon="0.021145"><ele>337.8</ele></trkpt>
    <trkpt lat="40.067117" lon="0.02104"><ele>337.4</ele></trkpt>
    <trkpt lat="40.067119" lon="0.020928"><ele>337</ele></trkpt>
    <trkpt lat="40.067607" lon="0.019742"><ele>332.6</ele></trkpt>
    <trkpt lat="40.067621" lon="0.01963"><ele>332.2</ele></trkpt>
    <trkpt lat="40.067607" lon="0.01952"><ele>331.8</ele></trkpt>
    <trkpt lat="40.067506" lon="0.019302"><ele>330.8</ele></trkpt>
    <trkpt lat="40.067421" lon="0.019224"><ele>330.3</ele></trkpt>
    <trkpt lat="40.066984" lon="0.019014"><ele>327.7</ele></trkpt>
    <trkpt lat="40.066824" lon="0.018896"><ele>326.6</ele></trkpt>
    <trkpt lat="40.066717" lon="0.018776"><ele>325.7</ele></trkpt>
    <trkpt lat="40.066633" lon="0.018634"><ele>324.7</ele></trkpt>
    <trkpt lat="40.066594" lon="0.018506"><ele>324</ele></trkpt>
    <trkpt lat="40.066581" lon="0.018369"><ele>323.2</ele></trkpt>
    <trkpt lat="40.066596" lon="0.018182"><ele>322</ele></trkpt>
    <trkpt lat="40.066719" lon="0.017496"><ele>317.9</ele></trkpt>
    <trkpt lat="40.06669" lon="0.017225"><ele>316.6</ele></trkpt>
    <trkpt lat="40.066557" lon="0.016747"><ele>315</ele></trkpt>
    <trkpt lat="40.066547" lon="0.016371"><ele>314.6</ele></trkpt>
    <trkpt lat="40.066649" lon="0.015662"><ele>315.5</ele></trkpt>
    <trkpt lat="40.066708" lon="0.015438"><ele>316.2</ele></trkpt>
    <trkpt lat="40.06696" lon="0.014933"><ele>318.3</ele></trkpt>
    <trkpt lat="40.067018" lon="0.01477"><ele>318.8</ele></trkpt>
    <trkpt lat="40.067044" lon="0.01449"><ele>319.4</ele></trkpt>
    <trkpt lat="40.066961" lon="0.014318"><ele>319.6</ele></trkpt>
    <trkpt lat="40.066874" lon="0.014239"><ele>319.6</ele></trkpt>
    <trkpt lat="40.066717" lon="0.014228"><ele>319.6</ele></trkpt>
    <trkpt lat="40.06655" lon="0.014335"><ele>319.3</ele></trkpt>
    <trkpt lat="40.066239" lon="0.014757"><ele>317.6</ele></trkpt>
    <trkpt lat="40.066062" lon="0.014932"><ele>316.2</ele></trkpt>
    <trkpt lat="40.065766" lon="0.014985"><ele>314</ele></trkpt>
    <trkpt lat="40.065306" lon="0.015038"><ele>310.3</ele></trkpt>
    <trkpt lat="40.063915" lon="0.015411"><ele>295.4</ele></trkpt>
    <trkpt lat="40.063802" lon="0.015497"><ele>293.7</ele></trkpt>
    <trkpt lat="40.063488" lon="0.015879"><ele>288.7</ele></trkpt>
    <trkpt lat="40.063376" lon="0.015964"><ele>287.3</ele></trkpt>
    <trkpt lat="40.063261" lon="0.015996"><ele>286.1</ele></trkpt>
    <trkpt lat="40.063151" lon="0.015985"><ele>285</ele></trkpt>
    <trkpt lat="40.062993" lon="0.015859"><ele>283.2</ele></trkpt>
    <trkpt lat="40.062934" lon="0.015656"><ele>281.5</ele></trkpt>
    <trkpt lat="40.06291" lon="0.015284"><ele>279.1</ele></trkpt>
    <trkpt lat="40.06287" lon="0.015142"><ele>278.4</ele></trkpt>
    <trkpt lat="40.062804" lon="0.015026"><ele>277.8</ele></trkpt>
    <trkpt lat="40.062692" lon="0.01491"><ele>277.4</ele></trkpt>
    <trkpt lat="40.062254" lon="0.014545"><ele>276.9</ele></trkpt>
    <trkpt lat="40.062162" lon="0.014406"><ele>276.7</ele></trkpt>
    <trkpt lat="40.062096" lon="0.014243"><ele>276.3</ele></trkpt>
    <trkpt lat="40.061919" lon="0.013686"><ele>274.5</ele></trkpt>
    <trkpt lat="40.061783" lon="0.013507"><ele>273.5</ele></trkpt>
    <trkpt lat="40.061687" lon="0.013452"><ele>273</ele></trkpt>
    <trkpt lat="40.061399" lon="0.013406"><ele>271.9</ele></trkpt>
    <trkpt lat="40.061266" lon="0.013432"><ele>271.6</ele></trkpt>
    <trkpt lat="40.060769" lon="0.013628"><ele>270.5</ele></trkpt>
    <trkpt lat="40.060612" lon="0.013593"><ele>270.3</ele></trkpt>
    <trkpt lat="40.060505" lon="0.013491"><ele>270.2</ele></trkpt>
    <trkpt lat="40.060274" lon="0.013202"><ele>270.2</ele></trkpt>
    <trkpt lat="40.059968" lon="0.012819"><ele>270.3</ele></trkpt>
    <trkpt lat="40.059602" lon="0.012358"><ele>270.1</ele></trkpt>
    <trkpt lat="40.059363" lon="0.012082"><ele>268.8</ele></trkpt>
    <trkpt lat="40.058514" lon="0.0115"><ele>259</ele></trkpt>
    <trkpt lat="40.058392" lon="0.011448"><ele>257.3</ele></trkpt>
    <trkpt lat="40.058182" lon="0.011462"><ele>254.7</ele></trkpt>
    <trkpt lat="40.057484" lon="0.011717"><ele>246.5</ele></trkpt>
    <trkpt lat="40.057339" lon="0.011716"><ele>245</ele></trkpt>
    <trkpt lat="40.056968" lon="0.011646"><ele>241.2</ele></trkpt>
    <trkpt lat="40.056848" lon="0.011621"><ele>240</ele></trkpt>
    <trkpt lat="40.055697" lon="0.011618"><ele>231.2</ele></trkpt>
    <trkpt lat="40.05554" lon="0.011576"><ele>230.2</ele></trkpt>
    <trkpt lat="40.054638" lon="0.011152"><ele>221.8</ele></trkpt>
    <trkpt lat="40.054508" lon="0.011118"><ele>220.3</ele></trkpt>
    <trkpt lat="40.053706" lon="0.011185"><ele>209.2</ele></trkpt>
    <trkpt lat="40.053257" lon="0.011102"><ele>203.2</ele></trkpt>
    <trkpt lat="40.053161" lon="0.011059"><ele>202.1</ele></trkpt>
    <trkpt lat="40.053089" lon="0.010986"><ele>201.2</ele></trkpt>
    <trkpt lat="40.053044" lon="0.010881"><ele>200.3</ele></trkpt>
    <trkpt lat="40.053058" lon="0.010669"><ele>199</ele></trkpt>
    <trkpt lat="40.053455" lon="0.009652"><ele>196.6</ele></trkpt>
    <trkpt lat="40.053494" lon="0.009481"><ele>196.9</ele></trkpt>
    <trkpt lat="40.053533" lon="0.009058"><ele>197.9</ele></trkpt>
    <trkpt lat="40.05366" lon="0.008755"><ele>198.8</ele></trkpt>
    <trkpt lat="40.053824" lon="0.00859"><ele>199.5</ele></trkpt>
    <trkpt lat="40.053928" lon="0.008543"><ele>199.8</ele></trkpt>
    <trkpt lat="40.054704" lon="0.008378"><ele>200.8</ele></trkpt>
    <trkpt lat="40.054817" lon="0.008295"><ele>200.8</ele></trkpt>
    <trkpt lat="40.054951" lon="0.008132"><ele>200.5</ele></trkpt>
    <trkpt lat="40.05511" lon="0.007951"><ele>200</ele></trkpt>
    <trkpt lat="40.055171" lon="0.007842"><ele>199.8</ele></trkpt>
    <trkpt lat="40.055202" lon="0.007711"><ele>199.4</ele></trkpt>
    <trkpt lat="40.055192" lon="0.007425"><ele>198.6</ele></trkpt>
    <trkpt lat="40.055119" lon="0.006522"><ele>194.8</ele></trkpt>
    <trkpt lat="40.055084" lon="0.006296"><ele>193.6</ele></trkpt>
    <trkpt lat="40.054904" lon="0.005559"><ele>190.5</ele></trkpt>
    <trkpt lat="40.054849" lon="0.005436"><ele>190</ele></trkpt>
    <trkpt lat="40.054691" lon="0.005246"><ele>189.1</ele></trkpt>
    <trkpt lat="40.05413" lon="0.004674"><ele>186.4</ele></trkpt>
    <trkpt lat="40.053981" lon="0.00461"><ele>185.9</ele></trkpt>
    <trkpt lat="40.053884" lon="0.004619"><ele>185.5</ele></trkpt>
    <trkpt lat="40.053289" lon="0.00477"><ele>182.5</ele></trkpt>
    <trkpt lat="40.053196" lon="0.004829"><ele>181.9</ele></trkpt>
    <trkpt lat="40.053093" lon="0.00494"><ele>181.1</ele></trkpt>
    <trkpt lat="40.053001" lon="0.00509"><ele>180.1</ele></trkpt>
    <trkpt lat="40.052743" lon="0.005482"><ele>177.3</ele></trkpt>
    <trkpt lat="40.052642" lon="0.005561"><ele>176.5</ele></trkpt>
    <trkpt lat="40.052159" lon="0.00573"><ele>172.9</ele></trkpt>
    <trkpt lat="40.052039" lon="0.005736"><ele>171.8</ele></trkpt>
    <trkpt lat="40.051917" lon="0.005683"><ele>170.6</ele></trkpt>
    <trkpt lat="40.051486" lon="0.005387"><ele>165.7</ele></trkpt>
    <trkpt lat="40.051291" lon="0.005339"><ele>163.6</ele></trkpt>
    <trkpt lat="40.051158" lon="0.005405"><ele>162.1</ele></trkpt>
    <trkpt lat="40.050695" lon="0.005804"><ele>156.3</ele></trkpt>
    <trkpt lat="40.050486" lon="0.005821"><ele>154</ele></trkpt>
    <trkpt lat="40.050379" lon="0.00576"><ele>152.6</ele></trkpt>
    <trkpt lat="40.050291" lon="0.005654"><ele>151.2</ele></trkpt>
    <trkpt lat="40.050207" lon="0.005459"><ele>149.3</ele></trkpt>
    <trkpt lat="40.049759" lon="0.004184"><ele>142.2</ele></trkpt>
    <trkpt lat="40.04971" lon="0.00397"><ele>141.7</ele></trkpt>
    <trkpt lat="40.04957" lon="0.002531"><ele>137.5</ele></trkpt>
    <trkpt lat="40.049569" lon="0.002341"><ele>136.8</ele></trkpt>
    <trkpt lat="40.049595" lon="0.002202"><ele>136.3</ele></trkpt>
    <trkpt lat="40.049704" lon="0.001943"><ele>135.1</ele></trkpt>
    <trkpt lat="40.049731" lon="0.001785"><ele>134.5</ele></trkpt>
    <trkpt lat="40.049712" lon="0.001657"><ele>134</ele></trkpt>
    <trkpt lat="40.049546" lon="0.001151"><ele>132.3</ele></trkpt>
    <trkpt lat="40.049532" lon="0.000818"><ele>131.6</ele></trkpt>
    <trkpt lat="40.049627" lon="0.000519"><ele>131</ele></trkpt>
    <trkpt lat="40.04977" lon="0.00034"><ele>130.5</ele></trkpt>
    <trkpt lat="40.049965" lon="0.000294"><ele>130</ele></trkpt>
    <trkpt lat="40.050249" lon="0.000341"><ele>129.3</ele></trkpt>
    <trkpt lat="40.050387" lon="0.000316"><ele>129</ele></trkpt>
    <trkpt lat="40.050492" lon="0.000236"><ele>128.8</ele></trkpt>
    <trkpt lat="40.05057" lon="0.000111"><ele>128.5</ele></trkpt>
    <trkpt lat="40.050623" lon="-6.5e-05"><ele>128.1</ele></trkpt>
    <trkpt lat="40.050624" lon="-0.000169"><ele>127.9</ele></trkpt>
    <trkpt lat="40.050604" lon="-0.00031"><ele>127.6</ele></trkpt>
    <trkpt lat="40.050549" lon="-0.000435"><ele>127.2</ele></trkpt>
    <trkpt lat="40.05046" lon="-0.000538"><ele>126.7</ele></trkpt>
    <trkpt lat="40.049734" lon="-0.001063"><ele>121.9</ele></trkpt>
    <trkpt lat="40.049621" lon="-0.001104"><ele>121.2</ele></trkpt>
    <trkpt lat="40.049532" lon="-0.001101"><ele>120.7</ele></trkpt>
    <trkpt lat="40.049367" lon="-0.001018"><ele>119.8</ele></trkpt>
    <trkpt lat="40.049287" lon="-0.000891"><ele>119.1</ele></trkpt>
    <trkpt lat="40.049181" lon="-0.000499"><ele>117.2</ele></trkpt>
    <trkpt lat="40.04914" lon="-0.000321"><ele>116.4</ele></trkpt>
    <trkpt lat="40.049092" lon="-0.000155"><ele>115.6</ele></trkpt>
    <trkpt lat="40.049034" lon="-4.1e-05"><ele>114.9</ele></trkpt>
    <trkpt lat="40.048932" lon="7.2e-05"><ele>114.2</ele></trkpt>
    <trkpt lat="40.04853" lon="0.000398"><ele>111.4</ele></trkpt>
    <trkpt lat="40.048316" lon="0.000512"><ele>110.1</ele></trkpt>
    <trkpt lat="40.047511" lon="0.00072"><ele>107</ele></trkpt>
    <trkpt lat="40.047123" lon="0.000821"><ele>106.4</ele></trkpt>
    <trkpt lat="40.047039" lon="0.000846"><ele>106.3</ele></trkpt>
    <trkpt lat="40.046788" lon="0.000902"><ele>106.1</ele></trkpt>
    <trkpt lat="40.046689" lon="0.000907"><ele>106.1</ele></trkpt>
    <trkpt lat="40.04654" lon="0.000859"><ele>106.1</ele></trkpt>
    <trkpt lat="40.045777" lon="0.000331"><ele>106.2</ele></trkpt>
    <trkpt lat="40.044968" lon="-0.000239"><ele>104.1</ele></trkpt>
    <trkpt lat="40.044785" lon="-0.000417"><ele>103.1</ele></trkpt>
    <trkpt lat="40.044593" lon="-0.000687"><ele>101.5</ele></trkpt>
    <trkpt lat="40.044428" lon="-0.000977"><ele>99.7</ele></trkpt>
    <trkpt lat="40.044249" lon="-0.001291"><ele>97.9</ele></trkpt>
    <trkpt lat="40.044012" lon="-0.001706"><ele>95.5</ele></trkpt>
    <trkpt lat="40.043794" lon="-0.00196"><ele>93.8</ele></trkpt>
    <trkpt lat="40.04346" lon="-0.002184"><ele>91.8</ele></trkpt>
    <trkpt lat="40.041892" lon="-0.003235"><ele>86.8</ele></trkpt>
    <trkpt lat="40.0418" lon="-0.003296"><ele>86.6</ele></trkpt>
    <trkpt lat="40.040021" lon="-0.004483"><ele>82.3</ele></trkpt>
    <trkpt lat="40.039247" lon="-0.004999"><ele>79</ele></trkpt>
    <trkpt lat="40.03839" lon="-0.00557"><ele>73.7</ele></trkpt>
    <trkpt lat="40.037525" lon="-0.006147"><ele>68.3</ele></trkpt>
    <trkpt lat="40.036933" lon="-0.006523"><ele>65.3</ele></trkpt>
    <trkpt lat="40.036073" lon="-0.006736"><ele>62.3</ele></trkpt>
    <trkpt lat="40.034686" lon="-0.007056"><ele>57.4</ele></trkpt>
    <trkpt lat="40.034078" lon="-0.007202"><ele>54.9</ele></trkpt>
    <trkpt lat="40.033939" lon="-0.007213"><ele>54.4</ele></trkpt>
    <trkpt lat="40.033799" lon="-0.007158"><ele>53.8</ele></trkpt>
    <trkpt lat="40.033462" lon="-0.006879"><ele>52.1</ele></trkpt>
    <trkpt lat="40.033359" lon="-0.006794"><ele>51.6</ele></trkpt>
    <trkpt lat="40.033073" lon="-0.00656"><ele>50.2</ele></trkpt>
    <trkpt lat="40.032951" lon="-0.006505"><ele>49.6</ele></trkpt>
    <trkpt lat="40.032768" lon="-0.0065"><ele>48.9</ele></trkpt>
    <trkpt lat="40.0325" lon="-0.006571"><ele>47.8</ele></trkpt>
    <trkpt lat="40.031903" lon="-0.006729"><ele>45.6</ele></trkpt>
    <trkpt lat="40.030552" lon="-0.007092"><ele>41.5</ele></trkpt>
    <trkpt lat="40.029694" lon="-0.007318"><ele>39</ele></trkpt>
    <trkpt lat="40.027096" lon="-0.008013"><ele>29.9</ele></trkpt>
    <trkpt lat="40.026915" lon="-0.008045"><ele>29.4</ele></trkpt>
    <trkpt lat="40.026681" lon="-0.008105"><ele>28.8</ele></trkpt>
    <trkpt lat="40.026458" lon="-0.008202"><ele>28.2</ele></trkpt>
    <trkpt lat="40.026417" lon="-0.00833"><ele>27.9</ele></trkpt>
    <trkpt lat="40.026347" lon="-0.008435"><ele>27.6</ele></trkpt>
    <trkpt lat="40.026255" lon="-0.008504"><ele>27.3</ele></trkpt>
    <trkpt lat="40.026151" lon="-0.00853"><ele>27</ele></trkpt>
    <trkpt lat="40.025976" lon="-0.00847"><ele>26.6</ele></trkpt>
    <trkpt lat="40.025905" lon="-0.008395"><ele>26.3</ele></trkpt>
    <trkpt lat="40.025828" lon="-0.008212"><ele>25.9</ele></trkpt>
    <trkpt lat="40.025447" lon="-0.00789"><ele>24.6</ele></trkpt>
    <trkpt lat="40.025364" lon="-0.007795"><ele>24.3</ele></trkpt>
    <trkpt lat="40.025288" lon="-0.00763"><ele>24</ele></trkpt>
    <trkpt lat="40.0252" lon="-0.007334"><ele>23.4</ele></trkpt>
    <trkpt lat="40.025169" lon="-0.00707"><ele>23</ele></trkpt>
    <trkpt lat="40.025194" lon="-0.006711"><ele>22.5</ele></trkpt>
    <trkpt lat="40.025213" lon="-0.00633"><ele>22.2</ele></trkpt>
    <trkpt lat="40.025222" lon="-0.005974"><ele>22.1</ele></trkpt>
    <trkpt lat="40.025195" lon="-0.00523"><ele>22.2</ele></trkpt>
    <trkpt lat="40.025224" lon="-0.004747"><ele>22.4</ele></trkpt>
    <trkpt lat="40.025306" lon="-0.00448"><ele>22.6</ele></trkpt>
    <trkpt lat="40.025446" lon="-0.00415"><ele>22.9</ele></trkpt>
    <trkpt lat="40.025781" lon="-0.003566"><ele>23.2</ele></trkpt>
    <trkpt lat="40.025999" lon="-0.003106"><ele>23.3</ele></trkpt>
    <trkpt lat="40.026048" lon="-0.00286"><ele>23.2</ele></trkpt>
    <trkpt lat="40.026035" lon="-0.002642"><ele>23.1</ele></trkpt>
    <trkpt lat="40.02597" lon="-0.002529"><ele>22.9</ele></trkpt>
    <trkpt lat="40.025937" lon="-0.002346"><ele>22.8</ele></trkpt>
    <trkpt lat="40.025953" lon="-0.002223"><ele>22.6</ele></trkpt>
    <trkpt lat="40.025985" lon="-0.002138"><ele>22.5</ele></trkpt>
    <trkpt lat="40.025974" lon="-0.001904"><ele>22.2</ele></trkpt>
    <trkpt lat="40.025877" lon="-0.001272"><ele>21.2</ele></trkpt>
    <trkpt lat="40.025875" lon="-0.001065"><ele>20.9</ele></trkpt>
    <trkpt lat="40.025903" lon="-0.000879"><ele>20.7</ele></trkpt>
    <trkpt lat="40.025977" lon="-0.000526"><ele>20.1</ele></trkpt>
    <trkpt lat="40.026067" lon="-0.000278"><ele>19.8</ele></trkpt>
    <trkpt lat="40.026558" lon="0.000767"><ele>18.7</ele></trkpt>
    <trkpt lat="40.027197" lon="0.002111"><ele>17.9</ele></trkpt>
    <trkpt lat="40.027435" lon="0.002716"><ele>17.5</ele></trkpt>
    <trkpt lat="40.027607" lon="0.00329"><ele>17.1</ele></trkpt>
    <trkpt lat="40.02771" lon="0.00376"><ele>16.7</ele></trkpt>
    <trkpt lat="40.027775" lon="0.004199"><ele>16.3</ele></trkpt>
    <trkpt lat="40.027823" lon="0.004755"><ele>15.7</ele></trkpt>
    <trkpt lat="40.027826" lon="0.005337"><ele>14.9</ele></trkpt>
    <trkpt lat="40.027799" lon="0.005797"><ele>14.3</ele></trkpt>
    <trkpt lat="40.027732" lon="0.006351"><ele>13.3</ele></trkpt>
    <trkpt lat="40.027663" lon="0.006721"><ele>12.6</ele></trkpt>
    <trkpt lat="40.027593" lon="0.007098"><ele>11.8</ele></trkpt>
    <trkpt lat="40.027371" lon="0.008078"><ele>9.6</ele></trkpt>
    <trkpt lat="40.027243" lon="0.008617"><ele>8.3</ele></trkpt>
    <trkpt lat="40.026734" lon="0.010731"><ele>3.6</ele></trkpt>
    <trkpt lat="40.026682" lon="0.010948"><ele>3.3</ele></trkpt>
    <trkpt lat="40.026096" lon="0.013379"><ele>1.5</ele></trkpt>
    <trkpt lat="40.025908" lon="0.01416"><ele>1.2</ele></trkpt>
    <trkpt lat="40.025656" lon="0.014987"><ele>0.9</ele></trkpt>
    <trkpt lat="40.025518" lon="0.015371"><ele>0.7</ele></trkpt>
    <trkpt lat="40.025446" lon="0.015501"><ele>0.7</ele></trkpt>
    <trkpt lat="40.025368" lon="0.015546"><ele>0.6</ele></trkpt>
    <trkpt lat="40.025259" lon="0.015666"><ele>0.6</ele></trkpt>
    <trkpt lat="40.02519" lon="0.015829"><ele>0.6</ele></trkpt>
    <trkpt lat="40.025172" lon="0.015923"><ele>0.5</ele></trkpt>
    <trkpt lat="40.025169" lon="0.016006"><ele>0.5</ele></trkpt>
    <trkpt lat="40.025206" lon="0.016206"><ele>0.5</ele></trkpt>
    <trkpt lat="40.025208" lon="0.01622"><ele>0.5</ele></trkpt>
    <trkpt lat="40.025312" lon="0.016393"><ele>0.5</ele></trkpt>
    <trkpt lat="40.025377" lon="0.016449"><ele>0.5</ele></trkpt>
    <trkpt lat="40.025524" lon="0.016508"><ele>0.5</ele></trkpt>
    <trkpt lat="40.025668" lon="0.016493"><ele>0.5</ele></trkpt>
    <trkpt lat="40.025891" lon="0.016566"><ele>0.5</ele></trkpt>
    <trkpt lat="40.02592" lon="0.016598"><ele>0.5</ele></trkpt>
    <trkpt lat="40.026134" lon="0.016875"><ele>0.6</ele></trkpt>
    <trkpt lat="40.026563" lon="0.017431"><ele>1</ele></trkpt>
    <trkpt lat="40.033387" lon="0.026291"><ele>16.6</ele></trkpt>
    <trkpt lat="40.033751" lon="0.026763"><ele>17.4</ele></trkpt>
    <trkpt lat="40.033961" lon="0.027036"><ele>17.8</ele></trkpt>
    <trkpt lat="40.03458" lon="0.027852"><ele>17.8</ele></trkpt>
    <trkpt lat="40.034579" lon="0.027997"><ele>17.8</ele></trkpt>
    <trkpt lat="40.034484" lon="0.02816"><ele>17.6</ele></trkpt>
    <trkpt lat="40.033744" lon="0.028641"><ele>16.3</ele></trkpt>
    <trkpt lat="40.033378" lon="0.028809"><ele>15.5</ele></trkpt>
    <trkpt lat="40.033211" lon="0.028844"><ele>15.2</ele></trkpt>
    <trkpt lat="40.033111" lon="0.028809"><ele>15</ele></trkpt>
    <trkpt lat="40.033026" lon="0.028848"><ele>14.9</ele></trkpt>
    <trkpt lat="40.032965" lon="0.028954"><ele>14.7</ele></trkpt>
    <trkpt lat="40.032961" lon="0.029082"><ele>14.6</ele></trkpt>
    <trkpt lat="40.033011" lon="0.029186"><ele>14.4</ele></trkpt>
    <trkpt lat="40.033088" lon="0.029236"><ele>14.3</ele></trkpt>
    <trkpt lat="40.033155" lon="0.029345"><ele>14.2</ele></trkpt>
    <trkpt lat="40.033539" lon="0.030159"><ele>13.5</ele></trkpt>
    <trkpt lat="40.034387" lon="0.03253"><ele>12</ele></trkpt>
    <trkpt lat="40.035134" lon="0.034621"><ele>10.9</ele></trkpt>
    <trkpt lat="40.035302" lon="0.035229"><ele>10.6</ele></trkpt>
    <trkpt lat="40.035448" lon="0.035892"><ele>10.7</ele></trkpt>
    <trkpt lat="40.035444" lon="0.036086"><ele>10.7</ele></trkpt>
    <trkpt lat="40.03542" lon="0.036197"><ele>10.7</ele></trkpt>
    <trkpt lat="40.035441" lon="0.036308"><ele>10.7</ele></trkpt>
    <trkpt lat="40.035539" lon="0.036414"><ele>10.8</ele></trkpt>
    <trkpt lat="40.035628" lon="0.03642"><ele>10.8</ele></trkpt>
    <trkpt lat="40.035699" lon="0.03648"><ele>10.8</ele></trkpt>
    <trkpt lat="40.035751" lon="0.036596"><ele>10.8</ele></trkpt>
    <trkpt lat="40.035841" lon="0.036809"><ele>10.7</ele></trkpt>
    <trkpt lat="40.035861" lon="0.036864"><ele>10.7</ele></trkpt>
    <trkpt lat="40.035939" lon="0.037082"><ele>10.8</ele></trkpt>
    <trkpt lat="40.03601" lon="0.037281"><ele>10.8</ele></trkpt>
    <trkpt lat="40.036086" lon="0.037492"><ele>10.8</ele></trkpt>
    <trkpt lat="40.036158" lon="0.037694"><ele>10.8</ele></trkpt>
    <trkpt lat="40.036326" lon="0.038163"><ele>10.6</ele></trkpt>
    <trkpt lat="40.036565" lon="0.038832"><ele>10.2</ele></trkpt>
    <trkpt lat="40.036743" lon="0.03933"><ele>9.9</ele></trkpt>
    <trkpt lat="40.036775" lon="0.039418"><ele>9.9</ele></trkpt>
    <trkpt lat="40.036847" lon="0.039619"><ele>9.8</ele></trkpt>
    <trkpt lat="40.037003" lon="0.040058"><ele>9.7</ele></trkpt>
    <trkpt lat="40.037044" lon="0.040174"><ele>9.7</ele></trkpt>
    <trkpt lat="40.037229" lon="0.040693"><ele>9.6</ele></trkpt>
    <trkpt lat="40.037334" lon="0.040991"><ele>9.7</ele></trkpt>
    <trkpt lat="40.037406" lon="0.041191"><ele>9.7</ele></trkpt>
    <trkpt lat="40.037464" lon="0.041356"><ele>9.7</ele></trkpt>
    <trkpt lat="40.037893" lon="0.042561"><ele>9.8</ele></trkpt>
    <trkpt lat="40.038047" lon="0.043033"><ele>9.8</ele></trkpt>
    <trkpt lat="40.038235" lon="0.043648"><ele>9.6</ele></trkpt>
    <trkpt lat="40.038518" lon="0.044564"><ele>9.3</ele></trkpt>
    <trkpt lat="40.038598" lon="0.044824"><ele>9.3</ele></trkpt>
    <trkpt lat="40.038695" lon="0.045133"><ele>9.3</ele></trkpt>
    <trkpt lat="40.038813" lon="0.045513"><ele>9.3</ele></trkpt>
    <trkpt lat="40.039039" lon="0.046235"><ele>9.6</ele></trkpt>
    <trkpt lat="40.039221" lon="0.046822"><ele>10</ele></trkpt>
    <trkpt lat="40.039451" lon="0.04756"><ele>10.6</ele></trkpt>
    <trkpt lat="40.039661" lon="0.048234"><ele>11.1</ele></trkpt>
    <trkpt lat="40.039667" lon="0.048254"><ele>11.1</ele></trkpt>
    <trkpt lat="40.039865" lon="0.048889"><ele>11.4</ele></trkpt>
    <trkpt lat="40.040066" lon="0.049531"><ele>11.7</ele></trkpt>
    <trkpt lat="40.040377" lon="0.050622"><ele>11.9</ele></trkpt>
    <trkpt lat="40.040385" lon="0.050753"><ele>11.9</ele></trkpt>
    <trkpt lat="40.040378" lon="0.050938"><ele>12</ele></trkpt>
    <trkpt lat="40.040348" lon="0.051009"><ele>12</ele></trkpt>
    <trkpt lat="40.040378" lon="0.05111"><ele>12.1</ele></trkpt>
    <trkpt lat="40.040454" lon="0.05113"><ele>12.1</ele></trkpt>
    <trkpt lat="40.040593" lon="0.051373"><ele>12.1</ele></trkpt>
    <trkpt lat="40.04079" lon="0.05205"><ele>12.2</ele></trkpt>
    <trkpt lat="40.040937" lon="0.052405"><ele>12.4</ele></trkpt>
    <trkpt lat="40.041113" lon="0.052714"><ele>12.6</ele></trkpt>
    <trkpt lat="40.041137" lon="0.052756"><ele>12.6</ele></trkpt>
    <trkpt lat="40.041359" lon="0.053146"><ele>12.7</ele></trkpt>
    <trkpt lat="40.041509" lon="0.053408"><ele>12.7</ele></trkpt>
    <trkpt lat="40.041754" lon="0.053838"><ele>12.9</ele></trkpt>
    <trkpt lat="40.04201" lon="0.054238"><ele>13.4</ele></trkpt>
    <trkpt lat="40.042146" lon="0.05445"><ele>13.6</ele></trkpt>
    <trkpt lat="40.042269" lon="0.054641"><ele>13.7</ele></trkpt>
    <trkpt lat="40.042504" lon="0.055009"><ele>13.8</ele></trkpt>
    <trkpt lat="40.042728" lon="0.055357"><ele>14</ele></trkpt>
    <trkpt lat="40.042983" lon="0.055756"><ele>14.1</ele></trkpt>
    <trkpt lat="40.043262" lon="0.056199"><ele>14.2</ele></trkpt>
    <trkpt lat="40.043663" lon="0.056775"><ele>14.1</ele></trkpt>
    <trkpt lat="40.043919" lon="0.057145"><ele>14</ele></trkpt>
    <trkpt lat="40.043997" lon="0.057378"><ele>14</ele></trkpt>
    <trkpt lat="40.043993" lon="0.057408"><ele>13.9</ele></trkpt>
    <trkpt lat="40.044008" lon="0.057494"><ele>13.9</ele></trkpt>
    <trkpt lat="40.044056" lon="0.057557"><ele>13.9</ele></trkpt>
    <trkpt lat="40.044123" lon="0.057577"><ele>13.9</ele></trkpt>
    <trkpt lat="40.044289" lon="0.057677"><ele>13.9</ele></trkpt>
    <trkpt lat="40.044554" lon="0.05805"><ele>13.9</ele></trkpt>
    <trkpt lat="40.044701" lon="0.058258"><ele>14</ele></trkpt>
    <trkpt lat="40.044992" lon="0.058668"><ele>14</ele></trkpt>
    <trkpt lat="40.045377" lon="0.059212"><ele>13.8</ele></trkpt>
    <trkpt lat="40.045405" lon="0.059251"><ele>13.7</ele></trkpt>
    <trkpt lat="40.045407" lon="0.059254"><ele>13.7</ele></trkpt>
    <trkpt lat="40.045566" lon="0.059478"><ele>13.6</ele></trkpt>
    <trkpt lat="40.045748" lon="0.059735"><ele>13.5</ele></trkpt>
    <trkpt lat="40.046271" lon="0.060477"><ele>12.8</ele></trkpt>
    <trkpt lat="40.046593" lon="0.060921"><ele>12.6</ele></trkpt>
    <trkpt lat="40.046601" lon="0.060931"><ele>12.6</ele></trkpt>
    <trkpt lat="40.046781" lon="0.061168"><ele>12.5</ele></trkpt>
    <trkpt lat="40.046964" lon="0.061409"><ele>12.3</ele></trkpt>
    <trkpt lat="40.047083" lon="0.061565"><ele>12.3</ele></trkpt>
    <trkpt lat="40.047427" lon="0.062019"><ele>12.2</ele></trkpt>
    <trkpt lat="40.047604" lon="0.062247"><ele>12.1</ele></trkpt>
    <trkpt lat="40.047691" lon="0.062359"><ele>12.1</ele></trkpt>
    <trkpt lat="40.047884" lon="0.062619"><ele>12.1</ele></trkpt>
    <trkpt lat="40.048083" lon="0.062894"><ele>11.9</ele></trkpt>
    <trkpt lat="40.048153" lon="0.062976"><ele>11.8</ele></trkpt>
    <trkpt lat="40.048376" lon="0.063272"><ele>11.5</ele></trkpt>
    <trkpt lat="40.048563" lon="0.06352"><ele>11.3</ele></trkpt>
    <trkpt lat="40.04885" lon="0.063909"><ele>10.7</ele></trkpt>
    <trkpt lat="40.049004" lon="0.064118"><ele>10.5</ele></trkpt>
    <trkpt lat="40.049228" lon="0.064437"><ele>10.1</ele></trkpt>
    <trkpt lat="40.049319" lon="0.064567"><ele>10</ele></trkpt>
    <trkpt lat="40.049503" lon="0.064829"><ele>9.7</ele></trkpt>
    <trkpt lat="40.049549" lon="0.064894"><ele>9.6</ele></trkpt>
    <trkpt lat="40.049631" lon="0.065009"><ele>9.5</ele></trkpt>
    <trkpt lat="40.04965" lon="0.065035"><ele>9.5</ele></trkpt>
    <trkpt lat="40.049915" lon="0.065404"><ele>9.3</ele></trkpt>
    <trkpt lat="40.050004" lon="0.065528"><ele>9.2</ele></trkpt>
    <trkpt lat="40.050103" lon="0.065668"><ele>9.2</ele></trkpt>
    <trkpt lat="40.050224" lon="0.065835"><ele>9.1</ele></trkpt>
    <trkpt lat="40.050261" lon="0.065887"><ele>9.1</ele></trkpt>
    <trkpt lat="40.050588" lon="0.066351"><ele>8.9</ele></trkpt>
    <trkpt lat="40.050815" lon="0.066674"><ele>8.8</ele></trkpt>
    <trkpt lat="40.050882" lon="0.066779"><ele>8.8</ele></trkpt>
    <trkpt lat="40.05104" lon="0.067027"><ele>8.7</ele></trkpt>
    <trkpt lat="40.05186" lon="0.06835"><ele>7.9</ele></trkpt>
    <trkpt lat="40.052294" lon="0.068927"><ele>7.5</ele></trkpt>
    <trkpt lat="40.052514" lon="0.069207"><ele>7.2</ele></trkpt>
    <trkpt lat="40.052991" lon="0.069828"><ele>6.6</ele></trkpt>
    <trkpt lat="40.053289" lon="0.07022"><ele>6.2</ele></trkpt>
    <trkpt lat="40.053563" lon="0.0706"><ele>5.8</ele></trkpt>
    <trkpt lat="40.053713" lon="0.070808"><ele>5.6</ele></trkpt>
    <trkpt lat="40.053967" lon="0.071161"><ele>5.4</ele></trkpt>
    <trkpt lat="40.053994" lon="0.071299"><ele>5.4</ele></trkpt>
    <trkpt lat="40.053978" lon="0.071458"><ele>5.4</ele></trkpt>
    <trkpt lat="40.054055" lon="0.071594"><ele>5.4</ele></trkpt>
    <trkpt lat="40.05414" lon="0.071625"><ele>5.4</ele></trkpt>
    <trkpt lat="40.054225" lon="0.071597"><ele>5.4</ele></trkpt>
    <trkpt lat="40.05429" lon="0.071511"><ele>5.5</ele></trkpt>
    <trkpt lat="40.054311" lon="0.071412"><ele>5.5</ele></trkpt>
    <trkpt lat="40.054295" lon="0.071311"><ele>5.6</ele></trkpt>
    <trkpt lat="40.054336" lon="0.07121"><ele>5.7</ele></trkpt>
    <trkpt lat="40.054737" lon="0.070742"><ele>6.2</ele></trkpt>
    <trkpt lat="40.054809" lon="0.070659"><ele>6.3</ele></trkpt>
    <trkpt lat="40.055305" lon="0.07008"><ele>7.1</ele></trkpt>
    <trkpt lat="40.055464" lon="0.069895"><ele>7.3</ele></trkpt>
    <trkpt lat="40.055662" lon="0.069664"><ele>7.5</ele></trkpt>
    <trkpt lat="40.055793" lon="0.069511"><ele>7.6</ele></trkpt>
    <trkpt lat="40.056388" lon="0.068936"><ele>8.6</ele></trkpt>
    <trkpt lat="40.056536" lon="0.068799"><ele>8.8</ele></trkpt>
    <trkpt lat="40.056531" lon="0.068717"><ele>8.9</ele></trkpt>
    <trkpt lat="40.056513" lon="0.068482"><ele>9.1</ele></trkpt>
    <trkpt lat="40.056499" lon="0.068288"><ele>9.5</ele></trkpt>
    <trkpt lat="40.056485" lon="0.068148"><ele>9.8</ele></trkpt>
    <trkpt lat="40.056478" lon="0.068107"><ele>9.9</ele></trkpt>
    <trkpt lat="40.056475" lon="0.067926"><ele>10.3</ele></trkpt>
    <trkpt lat="40.056481" lon="0.067784"><ele>10.7</ele></trkpt>
    <trkpt lat="40.056416" lon="0.067436"><ele>11.6</ele></trkpt>
    <trkpt lat="40.056425" lon="0.067364"><ele>11.9</ele></trkpt>
    <trkpt lat="40.056426" lon="0.067253"><ele>12.2</ele></trkpt>
    <trkpt lat="40.056386" lon="0.066684"><ele>13.8</ele></trkpt>
    <trkpt lat="40.056382" lon="0.066639"><ele>13.9</ele></trkpt>
    <trkpt lat="40.05631" lon="0.065806"><ele>16</ele></trkpt>
    <trkpt lat="40.056301" lon="0.065753"><ele>16.1</ele></trkpt>
    <trkpt lat="40.056243" lon="0.065585"><ele>16.6</ele></trkpt>
    <trkpt lat="40.05615" lon="0.065467"><ele>16.9</ele></trkpt>
    <trkpt lat="40.056047" lon="0.065339"><ele>17.2</ele></trkpt>
    <trkpt lat="40.05582" lon="0.065059"><ele>17.7</ele></trkpt>
    <trkpt lat="40.055498" lon="0.06449"><ele>18.4</ele></trkpt>
    <trkpt lat="40.055465" lon="0.064422"><ele>18.5</ele></trkpt>
    <trkpt lat="40.05545" lon="0.064393"><ele>18.5</ele></trkpt>
    <trkpt lat="40.055435" lon="0.064365"><ele>18.5</ele></trkpt>
    <trkpt lat="40.055381" lon="0.06426"><ele>18.6</ele></trkpt>
    <trkpt lat="40.055321" lon="0.064148"><ele>18.7</ele></trkpt>
    <trkpt lat="40.054813" lon="0.063264"><ele>19.9</ele></trkpt>
    <trkpt lat="40.05469" lon="0.06305"><ele>20.2</ele></trkpt>
    <trkpt lat="40.054521" lon="0.062756"><ele>20.7</ele></trkpt>
    <trkpt lat="40.05421" lon="0.062214"><ele>21.4</ele></trkpt>
    <trkpt lat="40.054052" lon="0.06194"><ele>21.9</ele></trkpt>
    <trkpt lat="40.054015" lon="0.061875"><ele>22</ele></trkpt>
    <trkpt lat="40.05365" lon="0.061257"><ele>23.6</ele></trkpt>
    <trkpt lat="40.053241" lon="0.060564"><ele>25.3</ele></trkpt>
    <trkpt lat="40.052892" lon="0.059972"><ele>26.4</ele></trkpt>
    <trkpt lat="40.053013" lon="0.059832"><ele>26.6</ele></trkpt>
    <trkpt lat="40.053647" lon="0.059103"><ele>26.5</ele></trkpt>
    <trkpt lat="40.05379" lon="0.058937"><ele>26.3</ele></trkpt>
    <trkpt lat="40.053822" lon="0.0589"><ele>26.3</ele></trkpt>
    <trkpt lat="40.053936" lon="0.058747"><ele>26.2</ele></trkpt>
    <trkpt lat="40.054167" lon="0.058294"><ele>26.3</ele></trkpt>
    <trkpt lat="40.054246" lon="0.058123"><ele>26.5</ele></trkpt>
    <trkpt lat="40.054279" lon="0.058022"><ele>26.6</ele></trkpt>
    <trkpt lat="40.054338" lon="0.057862"><ele>26.9</ele></trkpt>
    <trkpt lat="40.054371" lon="0.057683"><ele>27.1</ele></trkpt>
    <trkpt lat="40.054382" lon="0.057507"><ele>27.3</ele></trkpt>
    <trkpt lat="40.054408" lon="0.056879"><ele>28.7</ele></trkpt>
    <trkpt lat="40.054464" lon="0.055486"><ele>31.6</ele></trkpt>
    <trkpt lat="40.054482" lon="0.055011"><ele>32.1</ele></trkpt>
    <trkpt lat="40.054515" lon="0.054119"><ele>33.4</ele></trkpt>
    <trkpt lat="40.054518" lon="0.053842"><ele>33.9</ele></trkpt>
    <trkpt lat="40.054538" lon="0.052484"><ele>36.1</ele></trkpt>
    <trkpt lat="40.054563" lon="0.051937"><ele>37.3</ele></trkpt>
    <trkpt lat="40.054596" lon="0.05112"><ele>39.3</ele></trkpt>
    <trkpt lat="40.054624" lon="0.050969"><ele>39.7</ele></trkpt>
    <trkpt lat="40.054659" lon="0.050955"><ele>39.9</ele></trkpt>
    <trkpt lat="40.054693" lon="0.050905"><ele>40.1</ele></trkpt>
    <trkpt lat="40.054698" lon="0.050845"><ele>40.3</ele></trkpt>
    <trkpt lat="40.054669" lon="0.050782"><ele>40.6</ele></trkpt>
    <trkpt lat="40.054658" lon="0.050505"><ele>41.8</ele></trkpt>
    <trkpt lat="40.054712" lon="0.049418"><ele>46.6</ele></trkpt>
    <trkpt lat="40.054713" lon="0.049398"><ele>46.6</ele></trkpt>
    <trkpt lat="40.054767" lon="0.048205"><ele>52.4</ele></trkpt>
    <trkpt lat="40.054805" lon="0.047367"><ele>55.8</ele></trkpt>
    <trkpt lat="40.054885" lon="0.047034"><ele>57.1</ele></trkpt>
    <trkpt lat="40.055425" lon="0.046031"><ele>61.2</ele></trkpt>
    <trkpt lat="40.055555" lon="0.045828"><ele>62.1</ele></trkpt>
    <trkpt lat="40.055867" lon="0.045599"><ele>64.1</ele></trkpt>
    <trkpt lat="40.056409" lon="0.045318"><ele>68</ele></trkpt>
    <trkpt lat="40.056783" lon="0.045191"><ele>71</ele></trkpt>
    <trkpt lat="40.056936" lon="0.045178"><ele>72.4</ele></trkpt>
    <trkpt lat="40.057086" lon="0.045207"><ele>73.9</ele></trkpt>
    <trkpt lat="40.057546" lon="0.045384"><ele>79.1</ele></trkpt>
    <trkpt lat="40.058545" lon="0.045976"><ele>84.2</ele></trkpt>
    <trkpt lat="40.058711" lon="0.046051"><ele>84.4</ele></trkpt>
    <trkpt lat="40.058835" lon="0.046064"><ele>84.3</ele></trkpt>
    <trkpt lat="40.058989" lon="0.046035"><ele>84.3</ele></trkpt>
    <trkpt lat="40.059126" lon="0.045966"><ele>84.1</ele></trkpt>
    <trkpt lat="40.059629" lon="0.045633"><ele>82.8</ele></trkpt>
    <trkpt lat="40.060254" lon="0.045213"><ele>83.8</ele></trkpt>
    <trkpt lat="40.060912" lon="0.044785"><ele>88.7</ele></trkpt>
    <trkpt lat="40.061171" lon="0.044655"><ele>90.8</ele></trkpt>
    <trkpt lat="40.061982" lon="0.044353"><ele>96.8</ele></trkpt>
    <trkpt lat="40.062386" lon="0.044055"><ele>99.8</ele></trkpt>
    <trkpt lat="40.062456" lon="0.043992"><ele>100.4</ele></trkpt>
    <trkpt lat="40.062489" lon="0.043962"><ele>100.6</ele></trkpt>
    <trkpt lat="40.062573" lon="0.043861"><ele>101.3</ele></trkpt>
    <trkpt lat="40.062667" lon="0.043679"><ele>102.3</ele></trkpt>
    <trkpt lat="40.062852" lon="0.043162"><ele>104.9</ele></trkpt>
    <trkpt lat="40.062962" lon="0.042978"><ele>106.1</ele></trkpt>
    <trkpt lat="40.063249" lon="0.042669"><ele>108.6</ele></trkpt>
    <trkpt lat="40.063917" lon="0.042226"><ele>115</ele></trkpt>
    <trkpt lat="40.064106" lon="0.042138"><ele>116.9</ele></trkpt>
    <trkpt lat="40.0644" lon="0.042078"><ele>119.9</ele></trkpt>
    <trkpt lat="40.064516" lon="0.042028"><ele>121.1</ele></trkpt>
    <trkpt lat="40.065286" lon="0.041525"><ele>128.9</ele></trkpt>
    <trkpt lat="40.065659" lon="0.041308"><ele>132</ele></trkpt>
    <trkpt lat="40.06622" lon="0.041244"><ele>136</ele></trkpt>
    <trkpt lat="40.066304" lon="0.041192"><ele>136.6</ele></trkpt>
    <trkpt lat="40.066746" lon="0.040763"><ele>140.8</ele></trkpt>
    <trkpt lat="40.067021" lon="0.040612"><ele>143.5</ele></trkpt>
    <trkpt lat="40.068159" lon="0.040352"><ele>154.1</ele></trkpt>
    <trkpt lat="40.0685" lon="0.040285"><ele>157.2</ele></trkpt>
    <trkpt lat="40.068722" lon="0.0403"><ele>159</ele></trkpt>
    <trkpt lat="40.069391" lon="0.04048"><ele>164.6</ele></trkpt>
    <trkpt lat="40.069631" lon="0.040461"><ele>166.7</ele></trkpt>
    <trkpt lat="40.070086" lon="0.040363"><ele>171.2</ele></trkpt>
    <trkpt lat="40.070341" lon="0.040354"><ele>173.7</ele></trkpt>
    <trkpt lat="40.071169" lon="0.040432"><ele>181.6</ele></trkpt>
    <trkpt lat="40.071284" lon="0.040398"><ele>182.8</ele></trkpt>
    <trkpt lat="40.071398" lon="0.04031"><ele>184</ele></trkpt>
    <trkpt lat="40.071635" lon="0.040019"><ele>186.8</ele></trkpt>
    <trkpt lat="40.071738" lon="0.039929"><ele>187.9</ele></trkpt>
    <trkpt lat="40.072356" lon="0.039646"><ele>193</ele></trkpt>
    <trkpt lat="40.072458" lon="0.039635"><ele>193.7</ele></trkpt>
    <trkpt lat="40.072518" lon="0.039657"><ele>194.2</ele></trkpt>
    <trkpt lat="40.07257" lon="0.039715"><ele>194.7</ele></trkpt>
    <trkpt lat="40.072614" lon="0.039815"><ele>195.4</ele></trkpt>
    <trkpt lat="40.072623" lon="0.03999"><ele>196.4</ele></trkpt>
    <trkpt lat="40.072592" lon="0.040075"><ele>197</ele></trkpt>
    <trkpt lat="40.072536" lon="0.040142"><ele>197.6</ele></trkpt>
    <trkpt lat="40.07245" lon="0.04019"><ele>198.4</ele></trkpt>
    <trkpt lat="40.072152" lon="0.040173"><ele>201.1</ele></trkpt>
    <trkpt lat="40.071984" lon="0.040223"><ele>202.8</ele></trkpt>
    <trkpt lat="40.071912" lon="0.040367"><ele>204</ele></trkpt>
    <trkpt lat="40.071912" lon="0.040476"><ele>204.8</ele></trkpt>
    <trkpt lat="40.071949" lon="0.040577"><ele>205.6</ele></trkpt>
    <trkpt lat="40.072007" lon="0.040646"><ele>206.3</ele></trkpt>
    <trkpt lat="40.072074" lon="0.040684"><ele>207</ele></trkpt>
    <trkpt lat="40.07216" lon="0.040689"><ele>207.8</ele></trkpt>
    <trkpt lat="40.072233" lon="0.040665"><ele>208.5</ele></trkpt>
    <trkpt lat="40.072514" lon="0.040473"><ele>211</ele></trkpt>
    <trkpt lat="40.072652" lon="0.040506"><ele>211.9</ele></trkpt>
    <trkpt lat="40.072771" lon="0.040688"><ele>212.8</ele></trkpt>
    <trkpt lat="40.07278" lon="0.040792"><ele>213.1</ele></trkpt>
    <trkpt lat="40.072754" lon="0.040909"><ele>213.5</ele></trkpt>
    <trkpt lat="40.072702" lon="0.040987"><ele>213.8</ele></trkpt>
    <trkpt lat="40.07263" lon="0.04104"><ele>214.1</ele></trkpt>
    <trkpt lat="40.072481" lon="0.041058"><ele>214.5</ele></trkpt>
    <trkpt lat="40.072062" lon="0.040939"><ele>215.1</ele></trkpt>
    <trkpt lat="40.071921" lon="0.040928"><ele>215.2</ele></trkpt>
    <trkpt lat="40.07178" lon="0.040974"><ele>215.5</ele></trkpt>
    <trkpt lat="40.071298" lon="0.041235"><ele>217.9</ele></trkpt>
    <trkpt lat="40.071208" lon="0.041335"><ele>218.8</ele></trkpt>
    <trkpt lat="40.071173" lon="0.041474"><ele>219.8</ele></trkpt>
    <trkpt lat="40.071186" lon="0.04162"><ele>220.8</ele></trkpt>
    <trkpt lat="40.07131" lon="0.041947"><ele>223.7</ele></trkpt>
    <trkpt lat="40.071338" lon="0.042095"><ele>225</ele></trkpt>
    <trkpt lat="40.071346" lon="0.042423"><ele>227.6</ele></trkpt>
    <trkpt lat="40.071387" lon="0.042542"><ele>228.6</ele></trkpt>
    <trkpt lat="40.071478" lon="0.042637"><ele>229.7</ele></trkpt>
    <trkpt lat="40.071583" lon="0.042685"><ele>230.7</ele></trkpt>
    <trkpt lat="40.071696" lon="0.042683"><ele>231.7</ele></trkpt>
    <trkpt lat="40.071784" lon="0.042623"><ele>232.5</ele></trkpt>
    <trkpt lat="40.071883" lon="0.042505"><ele>233.5</ele></trkpt>
    <trkpt lat="40.071927" lon="0.042387"><ele>234.2</ele></trkpt>
    <trkpt lat="40.071932" lon="0.042261"><ele>234.8</ele></trkpt>
    <trkpt lat="40.071814" lon="0.041847"><ele>236.5</ele></trkpt>
    <trkpt lat="40.071791" lon="0.041601"><ele>237.3</ele></trkpt>
    <trkpt lat="40.07183" lon="0.041496"><ele>237.6</ele></trkpt>
    <trkpt lat="40.071897" lon="0.04143"><ele>238</ele></trkpt>
    <trkpt lat="40.071993" lon="0.041405"><ele>238.4</ele></trkpt>
    <trkpt lat="40.072118" lon="0.041437"><ele>238.9</ele></trkpt>
    <trkpt lat="40.072252" lon="0.041526"><ele>239.6</ele></trkpt>
    <trkpt lat="40.07257" lon="0.041821"><ele>242.2</ele></trkpt>
    <trkpt lat="40.072723" lon="0.041865"><ele>243.6</ele></trkpt>
    <trkpt lat="40.073232" lon="0.041766"><ele>249</ele></trkpt>
    <trkpt lat="40.073342" lon="0.041803"><ele>250.2</ele></trkpt>
    <trkpt lat="40.073454" lon="0.041915"><ele>251.6</ele></trkpt>
    <trkpt lat="40.073658" lon="0.042252"><ele>254.6</ele></trkpt>
    <trkpt lat="40.073765" lon="0.042355"><ele>255.7</ele></trkpt>
    <trkpt lat="40.073863" lon="0.042393"><ele>256.5</ele></trkpt>
    <trkpt lat="40.074021" lon="0.042399"><ele>257.7</ele></trkpt>
    <trkpt lat="40.075444" lon="0.042227"><ele>268.4</ele></trkpt>
    <trkpt lat="40.075543" lon="0.042248"><ele>269.3</ele></trkpt>
    <trkpt lat="40.075628" lon="0.042319"><ele>270.2</ele></trkpt>
    <trkpt lat="40.075683" lon="0.042421"><ele>271</ele></trkpt>
    <trkpt lat="40.075703" lon="0.042548"><ele>271.9</ele></trkpt>
    <trkpt lat="40.075686" lon="0.042681"><ele>272.8</ele></trkpt>
    <trkpt lat="40.075631" lon="0.042819"><ele>273.8</ele></trkpt>
    <trkpt lat="40.07553" lon="0.042911"><ele>274.9</ele></trkpt>
    <trkpt lat="40.075395" lon="0.042948"><ele>276.3</ele></trkpt>
    <trkpt lat="40.074625" lon="0.042949"><ele>283.4</ele></trkpt>
    <trkpt lat="40.074471" lon="0.04303"><ele>284.6</ele></trkpt>
    <trkpt lat="40.07436" lon="0.04318"><ele>285.6</ele></trkpt>
    <trkpt lat="40.074203" lon="0.043545"><ele>287.3</ele></trkpt>
    <trkpt lat="40.074114" lon="0.043629"><ele>287.8</ele></trkpt>
    <trkpt lat="40.074026" lon="0.043651"><ele>288.1</ele></trkpt>
    <trkpt lat="40.073921" lon="0.043636"><ele>288.6</ele></trkpt>
    <trkpt lat="40.073511" lon="0.043373"><ele>290.1</ele></trkpt>
    <trkpt lat="40.073348" lon="0.043383"><ele>290.5</ele></trkpt>
    <trkpt lat="40.073212" lon="0.043456"><ele>290.8</ele></trkpt>
    <trkpt lat="40.072849" lon="0.043801"><ele>291.4</ele></trkpt>
    <trkpt lat="40.072653" lon="0.04391"><ele>291.7</ele></trkpt>
    <trkpt lat="40.072478" lon="0.043966"><ele>292.1</ele></trkpt>
    <trkpt lat="40.072031" lon="0.044012"><ele>293.3</ele></trkpt>
    <trkpt lat="40.07159" lon="0.04419"><ele>294.3</ele></trkpt>
    <trkpt lat="40.071478" lon="0.044261"><ele>294.6</ele></trkpt>
    <trkpt lat="40.071428" lon="0.044327"><ele>294.7</ele></trkpt>
    <trkpt lat="40.071402" lon="0.044411"><ele>294.9</ele></trkpt>
    <trkpt lat="40.071401" lon="0.044531"><ele>295.2</ele></trkpt>
    <trkpt lat="40.071466" lon="0.044663"><ele>295.6</ele></trkpt>
    <trkpt lat="40.071533" lon="0.044716"><ele>295.9</ele></trkpt>
    <trkpt lat="40.071614" lon="0.044725"><ele>296.2</ele></trkpt>
    <trkpt lat="40.0717" lon="0.044685"><ele>296.6</ele></trkpt>
    <trkpt lat="40.072171" lon="0.044334"><ele>299.4</ele></trkpt>
    <trkpt lat="40.072309" lon="0.044299"><ele>300.1</ele></trkpt>
    <trkpt lat="40.073118" lon="0.044253"><ele>306.3</ele></trkpt>
    <trkpt lat="40.073351" lon="0.044345"><ele>308.6</ele></trkpt>
    <trkpt lat="40.074046" lon="0.044846"><ele>316.3</ele></trkpt>
    <trkpt lat="40.07418" lon="0.044915"><ele>317.6</ele></trkpt>
    <trkpt lat="40.074513" lon="0.044992"><ele>320.5</ele></trkpt>
    <trkpt lat="40.074757" lon="0.044991"><ele>322.4</ele></trkpt>
    <trkpt lat="40.075478" lon="0.044985"><ele>327.9</ele></trkpt>
    <trkpt lat="40.075761" lon="0.045372"><ele>330.5</ele></trkpt>
    <trkpt lat="40.076007" lon="0.045088"><ele>332.3</ele></trkpt>
    <trkpt lat="40.076194" lon="0.044932"><ele>333.4</ele></trkpt>
    <trkpt lat="40.0762" lon="0.044876"><ele>333.6</ele></trkpt>
    <trkpt lat="40.076287" lon="0.04477"><ele>334.2</ele></trkpt>
    <trkpt lat="40.076456" lon="0.044725"><ele>335</ele></trkpt>
    <trkpt lat="40.076684" lon="0.04457"><ele>336.6</ele></trkpt>
    <trkpt lat="40.076999" lon="0.044241"><ele>339.4</ele></trkpt>
    <trkpt lat="40.077342" lon="0.044098"><ele>341.6</ele></trkpt>
    <trkpt lat="40.077564" lon="0.044151"><ele>343.1</ele></trkpt>
    <trkpt lat="40.077723" lon="0.044117"><ele>344.2</ele></trkpt>
    <trkpt lat="40.077834" lon="0.044029"><ele>345.1</ele></trkpt>
    <trkpt lat="40.07787" lon="0.043913"><ele>345.8</ele></trkpt>
    <trkpt lat="40.078123" lon="0.043667"><ele>348.3</ele></trkpt>
    <trkpt lat="40.078269" lon="0.043474"><ele>350.2</ele></trkpt>
    <trkpt lat="40.078411" lon="0.043209"><ele>352.5</ele></trkpt>
    <trkpt lat="40.078552" lon="0.042946"><ele>354.5</ele></trkpt>
    <trkpt lat="40.078843" lon="0.042626"><ele>357.2</ele></trkpt>
    <trkpt lat="40.079079" lon="0.042505"><ele>359</ele></trkpt>
    <trkpt lat="40.0792" lon="0.042558"><ele>359.9</ele></trkpt>
    <trkpt lat="40.079246" lon="0.042657"><ele>360.5</ele></trkpt>
    <trkpt lat="40.07949" lon="0.043837"><ele>367.4</ele></trkpt>
    <trkpt lat="40.079547" lon="0.044032"><ele>368.2</ele></trkpt>
    <trkpt lat="40.079623" lon="0.044158"><ele>368.7</ele></trkpt>
    <trkpt lat="40.079758" lon="0.044182"><ele>369.4</ele></trkpt>
    <trkpt lat="40.079921" lon="0.044143"><ele>370.2</ele></trkpt>
    <trkpt lat="40.08013" lon="0.043972"><ele>371.6</ele></trkpt>
    <trkpt lat="40.080212" lon="0.04396"><ele>372.1</ele></trkpt>
    <trkpt lat="40.08028" lon="0.044007"><ele>372.6</ele></trkpt>
    <trkpt lat="40.080286" lon="0.044011"><ele>372.7</ele></trkpt>
    <trkpt lat="40.080323" lon="0.044224"><ele>373.9</ele></trkpt>
    <trkpt lat="40.080372" lon="0.044355"><ele>374.8</ele></trkpt>
    <trkpt lat="40.080722" lon="0.044968"><ele>379.8</ele></trkpt>
    <trkpt lat="40.080876" lon="0.045175"><ele>381.6</ele></trkpt>
    <trkpt lat="40.081132" lon="0.045321"><ele>384.1</ele></trkpt>
    <trkpt lat="40.081271" lon="0.045369"><ele>385.6</ele></trkpt>
    <trkpt lat="40.081344" lon="0.045463"><ele>386.8</ele></trkpt>
    <trkpt lat="40.081353" lon="0.045555"><ele>387.7</ele></trkpt>
    <trkpt lat="40.081294" lon="0.045679"><ele>389</ele></trkpt>
    <trkpt lat="40.081228" lon="0.045748"><ele>390.1</ele></trkpt>
    <trkpt lat="40.081022" lon="0.045847"><ele>393</ele></trkpt>
    <trkpt lat="40.081012" lon="0.045933"><ele>393.9</ele></trkpt>
    <trkpt lat="40.081051" lon="0.045978"><ele>394.6</ele></trkpt>
    <trkpt lat="40.081363" lon="0.045999"><ele>399.1</ele></trkpt>
    <trkpt lat="40.081546" lon="0.045888"><ele>402.2</ele></trkpt>
    <trkpt lat="40.081641" lon="0.04578"><ele>404.3</ele></trkpt>
    <trkpt lat="40.082041" lon="0.045451"><ele>413</ele></trkpt>
    <trkpt lat="40.082175" lon="0.045461"><ele>415.7</ele></trkpt>
    <trkpt lat="40.082368" lon="0.045589"><ele>420.1</ele></trkpt>
    <trkpt lat="40.082512" lon="0.045661"><ele>423.3</ele></trkpt>
    <trkpt lat="40.082679" lon="0.045744"><ele>427.1</ele></trkpt>
    <trkpt lat="40.082905" lon="0.045767"><ele>431.7</ele></trkpt>
    <trkpt lat="40.083642" lon="0.046079"><ele>445.2</ele></trkpt>
    <trkpt lat="40.084249" lon="0.046216"><ele>452.4</ele></trkpt>
    <trkpt lat="40.084459" lon="0.046343"><ele>454.2</ele></trkpt>
    <trkpt lat="40.084749" lon="0.04605"><ele>456.4</ele></trkpt>
    <trkpt lat="40.08489" lon="0.045958"><ele>457.3</ele></trkpt>
    <trkpt lat="40.085021" lon="0.045916"><ele>458</ele></trkpt>
    <trkpt lat="40.085119" lon="0.045932"><ele>458.4</ele></trkpt>
    <trkpt lat="40.085471" lon="0.046081"><ele>460</ele></trkpt>
    <trkpt lat="40.085646" lon="0.046112"><ele>460.8</ele></trkpt>
    <trkpt lat="40.085873" lon="0.046035"><ele>462</ele></trkpt>
    <trkpt lat="40.085945" lon="0.046037"><ele>462.3</ele></trkpt>
    <trkpt lat="40.086083" lon="0.046194"><ele>463.4</ele></trkpt>
    <trkpt lat="40.086191" lon="0.046249"><ele>464.3</ele></trkpt>
    <trkpt lat="40.086431" lon="0.046276"><ele>466</ele></trkpt>
    <trkpt lat="40.086649" lon="0.046357"><ele>467.8</ele></trkpt>
    <trkpt lat="40.086857" lon="0.046477"><ele>469.8</ele></trkpt>
    <trkpt lat="40.087013" lon="0.046484"><ele>471.3</ele></trkpt>
    <trkpt lat="40.087127" lon="0.046422"><ele>472.5</ele></trkpt>
    <trkpt lat="40.087136" lon="0.046323"><ele>473.4</ele></trkpt>
    <trkpt lat="40.087097" lon="0.046242"><ele>474.1</ele></trkpt>
    <trkpt lat="40.086787" lon="0.046133"><ele>477.8</ele></trkpt>
    <trkpt lat="40.086725" lon="0.046029"><ele>479.1</ele></trkpt>
    <trkpt lat="40.086714" lon="0.045956"><ele>479.9</ele></trkpt>
    <trkpt lat="40.086742" lon="0.045931"><ele>480.3</ele></trkpt>
    <trkpt lat="40.087101" lon="0.045902"><ele>485.5</ele></trkpt>
    <trkpt lat="40.087396" lon="0.045834"><ele>490.1</ele></trkpt>
    <trkpt lat="40.087482" lon="0.045768"><ele>491.7</ele></trkpt>
    <trkpt lat="40.087515" lon="0.045634"><ele>493.4</ele></trkpt>
    <trkpt lat="40.087512" lon="0.045555"><ele>494.4</ele></trkpt>
    <trkpt lat="40.087427" lon="0.045253"><ele>498.5</ele></trkpt>
    <trkpt lat="40.087298" lon="0.044902"><ele>503.3</ele></trkpt>
    <trkpt lat="40.087162" lon="0.044665"><ele>507</ele></trkpt>
    <trkpt lat="40.087069" lon="0.044557"><ele>509.2</ele></trkpt>
    <trkpt lat="40.08698" lon="0.044471"><ele>511.2</ele></trkpt>
    <trkpt lat="40.086829" lon="0.044237"><ele>515.5</ele></trkpt>
    <trkpt lat="40.086657" lon="0.04404"><ele>519.8</ele></trkpt>
    <trkpt lat="40.086641" lon="0.043988"><ele>520.6</ele></trkpt>
    <trkpt lat="40.08659" lon="0.043829"><ele>523.1</ele></trkpt>
    <trkpt lat="40.086566" lon="0.043632"><ele>525.9</ele></trkpt>
    <trkpt lat="40.086576" lon="0.04314"><ele>533</ele></trkpt>
    <trkpt lat="40.086617" lon="0.042483"><ele>542.8</ele></trkpt>
    <trkpt lat="40.086777" lon="0.041797"><ele>553.4</ele></trkpt>
    <trkpt lat="40.086892" lon="0.041651"><ele>556.3</ele></trkpt>
    <trkpt lat="40.08716" lon="0.041516"><ele>561.2</ele></trkpt>
    <trkpt lat="40.087188" lon="0.041461"><ele>562</ele></trkpt>
    <trkpt lat="40.087173" lon="0.041387"><ele>562.9</ele></trkpt>
    <trkpt lat="40.086407" lon="0.041094"><ele>572.6</ele></trkpt>
    <trkpt lat="40.08562" lon="0.041085"><ele>578.8</ele></trkpt>
    <trkpt lat="40.085213" lon="0.04096"><ele>581.9</ele></trkpt>
    <trkpt lat="40.085143" lon="0.040918"><ele>582.6</ele></trkpt>
    <trkpt lat="40.085084" lon="0.040843"><ele>583.3</ele></trkpt>
    <trkpt lat="40.084981" lon="0.040593"><ele>585.5</ele></trkpt>
    <trkpt lat="40.084843" lon="0.040341"><ele>588.2</ele></trkpt>
    <trkpt lat="40.084817" lon="0.040246"><ele>589.2</ele></trkpt>
    <trkpt lat="40.084813" lon="0.040163"><ele>590</ele></trkpt>
    <trkpt lat="40.08487" lon="0.040052"><ele>591.4</ele></trkpt>
    <trkpt lat="40.084972" lon="0.040054"><ele>592.8</ele></trkpt>
    <trkpt lat="40.085164" lon="0.040162"><ele>596</ele></trkpt>
    <trkpt lat="40.085494" lon="0.040232"><ele>601.1</ele></trkpt>
    <trkpt lat="40.085587" lon="0.040218"><ele>602.6</ele></trkpt>
    <trkpt lat="40.08569" lon="0.040154"><ele>604.4</ele></trkpt>
    <trkpt lat="40.08589" lon="0.039937"><ele>608.3</ele></trkpt>
    <trkpt lat="40.085979" lon="0.039899"><ele>609.6</ele></trkpt>
    <trkpt lat="40.086121" lon="0.039913"><ele>611.5</ele></trkpt>
    <trkpt lat="40.086283" lon="0.039883"><ele>613.7</ele></trkpt>
    <trkpt lat="40.086337" lon="0.03985"><ele>614.4</ele></trkpt>
    <trkpt lat="40.086453" lon="0.039861"><ele>615.7</ele></trkpt>
    <trkpt lat="40.086468" lon="0.039793"><ele>616.4</ele></trkpt>
    <trkpt lat="40.086408" lon="0.039734"><ele>617.2</ele></trkpt>
    <trkpt lat="40.08632" lon="0.039754"><ele>618.1</ele></trkpt>
    <trkpt lat="40.086047" lon="0.039596"><ele>620.9</ele></trkpt>
    <trkpt lat="40.085885" lon="0.03957"><ele>622.4</ele></trkpt>
    <trkpt lat="40.08583" lon="0.039533"><ele>622.9</ele></trkpt>
    <trkpt lat="40.08579" lon="0.039452"><ele>623.6</ele></trkpt>
    <trkpt lat="40.085789" lon="0.039447"><ele>623.6</ele></trkpt>
    <trkpt lat="40.085752" lon="0.03881"><ele>628.2</ele></trkpt>
    <trkpt lat="40.085712" lon="0.0387"><ele>629.1</ele></trkpt>
    <trkpt lat="40.085431" lon="0.038539"><ele>632.6</ele></trkpt>
    <trkpt lat="40.085382" lon="0.038459"><ele>633.6</ele></trkpt>
    <trkpt lat="40.08541" lon="0.038384"><ele>634.4</ele></trkpt>
    <trkpt lat="40.085833" lon="0.038238"><ele>640.2</ele></trkpt>
    <trkpt lat="40.085951" lon="0.038248"><ele>641.9</ele></trkpt>
    <trkpt lat="40.086467" lon="0.03849"><ele>650.7</ele></trkpt>
    <trkpt lat="40.086731" lon="0.038369"><ele>655.5</ele></trkpt>
    <trkpt lat="40.086807" lon="0.038306"><ele>657.1</ele></trkpt>
    <trkpt lat="40.086865" lon="0.038189"><ele>658.9</ele></trkpt>
    <trkpt lat="40.086957" lon="0.037824"><ele>663.7</ele></trkpt>
    <trkpt lat="40.087004" lon="0.037349"><ele>668.8</ele></trkpt>
    <trkpt lat="40.087008" lon="0.037309"><ele>669.1</ele></trkpt>
    <trkpt lat="40.087074" lon="0.037088"><ele>671</ele></trkpt>
    <trkpt lat="40.087192" lon="0.03685"><ele>672.7</ele></trkpt>
    <trkpt lat="40.087275" lon="0.036777"><ele>673.2</ele></trkpt>
    <trkpt lat="40.08737" lon="0.036754"><ele>673.7</ele></trkpt>
    <trkpt lat="40.087423" lon="0.036689"><ele>673.9</ele></trkpt>
    <trkpt lat="40.087409" lon="0.036576"><ele>674.2</ele></trkpt>
    <trkpt lat="40.087446" lon="0.036529"><ele>674.4</ele></trkpt>
    <trkpt lat="40.087499" lon="0.0363"><ele>675</ele></trkpt>
    <trkpt lat="40.08771" lon="0.035605"><ele>674.8</ele></trkpt>
    <trkpt lat="40.087719" lon="0.035525"><ele>674.6</ele></trkpt>
    <trkpt lat="40.08769" lon="0.03543"><ele>674.3</ele></trkpt>
    <trkpt lat="40.087628" lon="0.035341"><ele>674</ele></trkpt>
    <trkpt lat="40.087333" lon="0.03518"><ele>672.4</ele></trkpt>
    <trkpt lat="40.087269" lon="0.03504"><ele>671.7</ele></trkpt>
    <trkpt lat="40.087256" lon="0.034877"><ele>671.1</ele></trkpt>
    <trkpt lat="40.087199" lon="0.034717"><ele>670.6</ele></trkpt>
    <trkpt lat="40.086957" lon="0.034274"><ele>669.6</ele></trkpt>
    <trkpt lat="40.08682" lon="0.034133"><ele>669.3</ele></trkpt>
    <trkpt lat="40.086442" lon="0.033874"><ele>668.6</ele></trkpt>
    <trkpt lat="40.086362" lon="0.03375"><ele>668.4</ele></trkpt>
    <trkpt lat="40.086331" lon="0.033639"><ele>668.3</ele></trkpt>
    <trkpt lat="40.086337" lon="0.033422"><ele>668</ele></trkpt>
    <trkpt lat="40.086247" lon="0.032946"><ele>667.4</ele></trkpt>
    <trkpt lat="40.086266" lon="0.032869"><ele>667.3</ele></trkpt>
    <trkpt lat="40.086324" lon="0.032809"><ele>667.2</ele></trkpt>
    <trkpt lat="40.086586" lon="0.032824"><ele>666.5</ele></trkpt>
    <trkpt lat="40.087294" lon="0.033075"><ele>662.9</ele></trkpt>
    <trkpt lat="40.087553" lon="0.03324"><ele>660.8</ele></trkpt>
    <trkpt lat="40.087721" lon="0.03331"><ele>659.5</ele></trkpt>
    <trkpt lat="40.088083" lon="0.033376"><ele>657.6</ele></trkpt>
    <trkpt lat="40.088322" lon="0.033397"><ele>656.9</ele></trkpt>
    <trkpt lat="40.088595" lon="0.033335"><ele>656.9</ele></trkpt>
    <trkpt lat="40.088664" lon="0.033291"><ele>657</ele></trkpt>
    <trkpt lat="40.088715" lon="0.033211"><ele>657.2</ele></trkpt>
    <trkpt lat="40.088753" lon="0.033115"><ele>657.5</ele></trkpt>
    <trkpt lat="40.088759" lon="0.033037"><ele>657.8</ele></trkpt>
    <trkpt lat="40.088712" lon="0.033004"><ele>658.1</ele></trkpt>
    <trkpt lat="40.088376" lon="0.032989"><ele>660.6</ele></trkpt>
    <trkpt lat="40.088262" lon="0.032943"><ele>661.8</ele></trkpt>
    <trkpt lat="40.087909" lon="0.0327"><ele>666.7</ele></trkpt>
    <trkpt lat="40.087657" lon="0.032489"><ele>670.9</ele></trkpt>
    <trkpt lat="40.087229" lon="0.032251"><ele>677.9</ele></trkpt>
    <trkpt lat="40.086951" lon="0.032128"><ele>682.5</ele></trkpt>
    <trkpt lat="40.0865" lon="0.031826"><ele>689.2</ele></trkpt>
    <trkpt lat="40.085932" lon="0.031556"><ele>692.7</ele></trkpt>
    <trkpt lat="40.085827" lon="0.031343"><ele>692.7</ele></trkpt>
    <trkpt lat="40.085791" lon="0.031194"><ele>692.4</ele></trkpt>
    <trkpt lat="40.085811" lon="0.030924"><ele>691.4</ele></trkpt>
    <trkpt lat="40.085806" lon="0.030838"><ele>691</ele></trkpt>
    <trkpt lat="40.085799" lon="0.030727"><ele>690.5</ele></trkpt>
    <trkpt lat="40.085753" lon="0.030476"><ele>689</ele></trkpt>
    <trkpt lat="40.085687" lon="0.029672"><ele>682.3</ele></trkpt>
    <trkpt lat="40.085696" lon="0.029502"><ele>680.7</ele></trkpt>
    <trkpt lat="40.085743" lon="0.029302"><ele>678.8</ele></trkpt>
    <trkpt lat="40.085753" lon="0.029099"><ele>677</ele></trkpt>
    <trkpt lat="40.08572" lon="0.028925"><ele>675.6</ele></trkpt>
    <trkpt lat="40.085662" lon="0.028821"><ele>674.6</ele></trkpt>
    <trkpt lat="40.085416" lon="0.028529"><ele>671.6</ele></trkpt>
    <trkpt lat="40.084435" lon="0.027683"><ele>662.7</ele></trkpt>
    <trkpt lat="40.084244" lon="0.027335"><ele>659.8</ele></trkpt>
    <trkpt lat="40.084205" lon="0.027085"><ele>658.3</ele></trkpt>
    <trkpt lat="40.084122" lon="0.026939"><ele>657.4</ele></trkpt>
    <trkpt lat="40.084017" lon="0.026872"><ele>656.7</ele></trkpt>
    <trkpt lat="40.08374" lon="0.026832"><ele>654.9</ele></trkpt>
    <trkpt lat="40.083614" lon="0.026757"><ele>654.1</ele></trkpt>
    <trkpt lat="40.083323" lon="0.026146"><ele>650.4</ele></trkpt>
    <trkpt lat="40.083264" lon="0.026038"><ele>649.6</ele></trkpt>
    <trkpt lat="40.08262" lon="0.025401"><ele>644</ele></trkpt>
    <trkpt lat="40.082339" lon="0.02532"><ele>641.5</ele></trkpt>
    <trkpt lat="40.081976" lon="0.025066"><ele>637.3</ele></trkpt>
    <trkpt lat="40.081769" lon="0.024857"><ele>634.5</ele></trkpt>
    <trkpt lat="40.081465" lon="0.024712"><ele>631</ele></trkpt>
    <trkpt lat="40.081173" lon="0.02453"><ele>627.4</ele></trkpt>
    <trkpt lat="40.080652" lon="0.024123"><ele>620.4</ele></trkpt>
    <trkpt lat="40.080457" lon="0.024012"><ele>617.8</ele></trkpt>
    <trkpt lat="40.080287" lon="0.023859"><ele>615.3</ele></trkpt>
    <trkpt lat="40.079816" lon="0.023594"><ele>608.8</ele></trkpt>
    <trkpt lat="40.079594" lon="0.023375"><ele>605.2</ele></trkpt>
    <trkpt lat="40.078829" lon="0.022955"><ele>594.4</ele></trkpt>
    <trkpt lat="40.078465" lon="0.0228"><ele>590.1</ele></trkpt>
    <trkpt lat="40.078172" lon="0.022472"><ele>586.4</ele></trkpt>
    <trkpt lat="40.0779" lon="0.022217"><ele>583.4</ele></trkpt>
    <trkpt lat="40.077804" lon="0.022078"><ele>582.2</ele></trkpt>
    <trkpt lat="40.077703" lon="0.021569"><ele>578.6</ele></trkpt>
    <trkpt lat="40.077625" lon="0.021441"><ele>577.5</ele></trkpt>
    <trkpt lat="40.077382" lon="0.021298"><ele>575.3</ele></trkpt>
    <trkpt lat="40.077272" lon="0.021179"><ele>574.2</ele></trkpt>
    <trkpt lat="40.076908" lon="0.021032"><ele>571</ele></trkpt>
    <trkpt lat="40.076818" lon="0.021043"><ele>570.1</ele></trkpt>
    <trkpt lat="40.076799" lon="0.021081"><ele>569.7</ele></trkpt>
    <trkpt lat="40.076815" lon="0.021159"><ele>569.1</ele></trkpt>
    <trkpt lat="40.077297" lon="0.021667"><ele>560.3</ele></trkpt>
    <trkpt lat="40.077356" lon="0.021772"><ele>558.6</ele></trkpt>
    <trkpt lat="40.077373" lon="0.021871"><ele>557.4</ele></trkpt>
    <trkpt lat="40.077351" lon="0.021962"><ele>556.2</ele></trkpt>
    <trkpt lat="40.077254" lon="0.02211"><ele>553.9</ele></trkpt>
    <trkpt lat="40.077173" lon="0.022322"><ele>551.2</ele></trkpt>
    <trkpt lat="40.077157" lon="0.022551"><ele>548.4</ele></trkpt>
    <trkpt lat="40.077123" lon="0.022647"><ele>547.1</ele></trkpt>
    <trkpt lat="40.077001" lon="0.022743"><ele>544.8</ele></trkpt>
    <trkpt lat="40.076773" lon="0.022833"><ele>540.5</ele></trkpt>
    <trkpt lat="40.076659" lon="0.022845"><ele>538.4</ele></trkpt>
    <trkpt lat="40.076569" lon="0.022783"><ele>536.5</ele></trkpt>
    <trkpt lat="40.076494" lon="0.022575"><ele>533.1</ele></trkpt>
    <trkpt lat="40.076456" lon="0.022531"><ele>532.2</ele></trkpt>
    <trkpt lat="40.076143" lon="0.022385"><ele>525.9</ele></trkpt>
    <trkpt lat="40.076047" lon="0.022445"><ele>524</ele></trkpt>
    <trkpt lat="40.07599" lon="0.022986"><ele>517.5</ele></trkpt>
    <trkpt lat="40.076016" lon="0.023199"><ele>515</ele></trkpt>
    <trkpt lat="40.076138" lon="0.023395"><ele>512</ele></trkpt>
    <trkpt lat="40.076252" lon="0.023502"><ele>509.8</ele></trkpt>
    <trkpt lat="40.076388" lon="0.023575"><ele>507.4</ele></trkpt>
    <trkpt lat="40.076524" lon="0.023582"><ele>505.2</ele></trkpt>
    <trkpt lat="40.076912" lon="0.023679"><ele>498.9</ele></trkpt>
    <trkpt lat="40.077011" lon="0.023755"><ele>497.2</ele></trkpt>
    <trkpt lat="40.077048" lon="0.023874"><ele>495.9</ele></trkpt>
    <trkpt lat="40.077058" lon="0.024071"><ele>493.9</ele></trkpt>
    <trkpt lat="40.077102" lon="0.024269"><ele>492.1</ele></trkpt>
    <trkpt lat="40.077155" lon="0.024367"><ele>491.1</ele></trkpt>
    <trkpt lat="40.077359" lon="0.024552"><ele>488</ele></trkpt>
    <trkpt lat="40.077539" lon="0.024883"><ele>483.9</ele></trkpt>
    <trkpt lat="40.077828" lon="0.025259"><ele>478.6</ele></trkpt>
    <trkpt lat="40.078014" lon="0.025364"><ele>476.1</ele></trkpt>
    <trkpt lat="40.078049" lon="0.025426"><ele>475.4</ele></trkpt>
    <trkpt lat="40.078076" lon="0.026126"><ele>469.5</ele></trkpt>
    <trkpt lat="40.078053" lon="0.026423"><ele>466.6</ele></trkpt>
    <trkpt lat="40.078067" lon="0.026602"><ele>464.9</ele></trkpt>
    <trkpt lat="40.07821" lon="0.027255"><ele>458.8</ele></trkpt>
    <trkpt lat="40.07821" lon="0.027329"><ele>458.2</ele></trkpt>
    <trkpt lat="40.078162" lon="0.027456"><ele>457</ele></trkpt>
    <trkpt lat="40.07806" lon="0.027611"><ele>455.5</ele></trkpt>
    <trkpt lat="40.078001" lon="0.027678"><ele>454.8</ele></trkpt>
    <trkpt lat="40.077936" lon="0.027686"><ele>454.3</ele></trkpt>
    <trkpt lat="40.077879" lon="0.02764"><ele>453.7</ele></trkpt>
    <trkpt lat="40.077718" lon="0.026971"><ele>449.8</ele></trkpt>
    <trkpt lat="40.077695" lon="0.026515"><ele>447.6</ele></trkpt>
    <trkpt lat="40.077546" lon="0.026004"><ele>445.6</ele></trkpt>
    <trkpt lat="40.077503" lon="0.025917"><ele>445.2</ele></trkpt>
    <trkpt lat="40.077439" lon="0.025866"><ele>444.8</ele></trkpt>
    <trkpt lat="40.077143" lon="0.02588"><ele>443.1</ele></trkpt>
    <trkpt lat="40.076747" lon="0.025746"><ele>440.4</ele></trkpt>
    <trkpt lat="40.076493" lon="0.025726"><ele>438.3</ele></trkpt>
    <trkpt lat="40.076255" lon="0.025655"><ele>436.2</ele></trkpt>
    <trkpt lat="40.076146" lon="0.025676"><ele>435.2</ele></trkpt>
    <trkpt lat="40.076031" lon="0.025767"><ele>433.9</ele></trkpt>
    <trkpt lat="40.07595" lon="0.025882"><ele>432.6</ele></trkpt>
    <trkpt lat="40.075903" lon="0.026007"><ele>431.5</ele></trkpt>
    <trkpt lat="40.075831" lon="0.026074"><ele>430.6</ele></trkpt>
    <trkpt lat="40.075736" lon="0.02612"><ele>429.6</ele></trkpt>
    <trkpt lat="40.07546" lon="0.026156"><ele>427.3</ele></trkpt>
    <trkpt lat="40.07528" lon="0.026307"><ele>426</ele></trkpt>
    <trkpt lat="40.075101" lon="0.026549"><ele>424.6</ele></trkpt>
    <trkpt lat="40.075028" lon="0.026663"><ele>424.1</ele></trkpt>
    <trkpt lat="40.074996" lon="0.026795"><ele>423.6</ele></trkpt>
    <trkpt lat="40.074415" lon="0.026903"><ele>421.2</ele></trkpt>
    <trkpt lat="40.07427" lon="0.026925"><ele>420.5</ele></trkpt>
    <trkpt lat="40.074184" lon="0.026942"><ele>420.1</ele></trkpt>
    <trkpt lat="40.073804" lon="0.027091"><ele>419.2</ele></trkpt>
    <trkpt lat="40.073465" lon="0.027316"><ele>418.3</ele></trkpt>
    <trkpt lat="40.073155" lon="0.02745"><ele>417.1</ele></trkpt>
    <trkpt lat="40.072935" lon="0.027511"><ele>416</ele></trkpt>
    <trkpt lat="40.072796" lon="0.027475"><ele>415.1</ele></trkpt>
    <trkpt lat="40.072587" lon="0.027264"><ele>413.3</ele></trkpt>
    <trkpt lat="40.072492" lon="0.027218"><ele>412.6</ele></trkpt>
    <trkpt lat="40.07237" lon="0.027252"><ele>411.6</ele></trkpt>
    <trkpt lat="40.072271" lon="0.02736"><ele>410.7</ele></trkpt>
    <trkpt lat="40.071789" lon="0.028099"><ele>404.9</ele></trkpt>
    <trkpt lat="40.071682" lon="0.028174"><ele>403.8</ele></trkpt>
    <trkpt lat="40.071592" lon="0.028199"><ele>402.8</ele></trkpt>
    <trkpt lat="40.071297" lon="0.028217"><ele>399.7</ele></trkpt>
    <trkpt lat="40.070933" lon="0.028202"><ele>395.9</ele></trkpt>
    <trkpt lat="40.070859" lon="0.028162"><ele>395.1</ele></trkpt>
    <trkpt lat="40.070798" lon="0.028084"><ele>394.2</ele></trkpt>
    <trkpt lat="40.070742" lon="0.027972"><ele>393.2</ele></trkpt>
    <trkpt lat="40.070719" lon="0.027753"><ele>391.8</ele></trkpt>
    <trkpt lat="40.070904" lon="0.027174"><ele>388.4</ele></trkpt>
    <trkpt lat="40.07094" lon="0.026989"><ele>387.6</ele></trkpt>
    <trkpt lat="40.070948" lon="0.026769"><ele>386.7</ele></trkpt>
    <trkpt lat="40.070902" lon="0.026443"><ele>385.6</ele></trkpt>
    <trkpt lat="40.070929" lon="0.026217"><ele>384.9</ele></trkpt>
    <trkpt lat="40.071033" lon="0.026047"><ele>384.3</ele></trkpt>
    <trkpt lat="40.071316" lon="0.02599"><ele>383.3</ele></trkpt>
    <trkpt lat="40.071417" lon="0.025926"><ele>382.9</ele></trkpt>
    <trkpt lat="40.071652" lon="0.025663"><ele>382</ele></trkpt>
    <trkpt lat="40.071694" lon="0.025546"><ele>381.7</ele></trkpt>
    <trkpt lat="40.071705" lon="0.025431"><ele>381.5</ele></trkpt>
    <trkpt lat="40.07169" lon="0.025331"><ele>381.4</ele></trkpt>
    <trkpt lat="40.071502" lon="0.024971"><ele>380.7</ele></trkpt>
    <trkpt lat="40.071458" lon="0.024796"><ele>380</ele></trkpt>
    <trkpt lat="40.071449" lon="0.024644"><ele>379.4</ele></trkpt>
    <trkpt lat="40.071464" lon="0.024516"><ele>378.7</ele></trkpt>
    <trkpt lat="40.071598" lon="0.024022"><ele>376.1</ele></trkpt>
    <trkpt lat="40.071626" lon="0.023814"><ele>375.1</ele></trkpt>
    <trkpt lat="40.07161" lon="0.023725"><ele>374.7</ele></trkpt>
    <trkpt lat="40.071415" lon="0.023342"><ele>373.3</ele></trkpt>
    <trkpt lat="40.071269" lon="0.023074"><ele>372.7</ele></trkpt>
    <trkpt lat="40.071106" lon="0.022802"><ele>371.9</ele></trkpt>
    <trkpt lat="40.070994" lon="0.022667"><ele>371.1</ele></trkpt>
    <trkpt lat="40.070513" lon="0.022239"><ele>367.7</ele></trkpt>
    <trkpt lat="40.070371" lon="0.022186"><ele>367</ele></trkpt>
    <trkpt lat="40.07027" lon="0.0222"><ele>366.5</ele></trkpt>
    <trkpt lat="40.069963" lon="0.022337"><ele>364.8</ele></trkpt>
    <trkpt lat="40.069795" lon="0.022381"><ele>363.7</ele></trkpt>
    <trkpt lat="40.069683" lon="0.022374"><ele>362.8</ele></trkpt>
    <trkpt lat="40.069465" lon="0.0223"><ele>360.8</ele></trkpt>
    <trkpt lat="40.069142" lon="0.022094"><ele>356.7</ele></trkpt>
    <trkpt lat="40.068966" lon="0.022045"><ele>354.7</ele></trkpt>
    <trkpt lat="40.068801" lon="0.022089"><ele>353.2</ele></trkpt>
    <trkpt lat="40.068509" lon="0.022263"><ele>350.8</ele></trkpt>
    <trkpt lat="40.068379" lon="0.022309"><ele>349.7</ele></trkpt>
    <trkpt lat="40.068147" lon="0.022315"><ele>347.7</ele></trkpt>
    <trkpt lat="40.067993" lon="0.022237"><ele>346</ele></trkpt>
    <trkpt lat="40.067907" lon="0.022095"><ele>344.7</ele></trkpt>
    <trkpt lat="40.067791" lon="0.021814"><ele>342.7</ele></trkpt>
    <trkpt lat="40.067743" lon="0.021705"><ele>341.9</ele></trkpt>
    <trkpt lat="40.067644" lon="0.021591"><ele>341</ele></trkpt>
    <trkpt lat="40.067257" lon="0.02132"><ele>338.5</ele></trkpt>
    <trkpt lat="40.067147" lon="0.021145"><ele>337.8</ele></trkpt>
    <trkpt lat="40.067117" lon="0.02104"><ele>337.4</ele></trkpt>
    <trkpt lat="40.067119" lon="0.020928"><ele>337</ele></trkpt>
    <trkpt lat="40.067607" lon="0.019742"><ele>332.6</ele></trkpt>
    <trkpt lat="40.067621" lon="0.01963"><ele>332.2</ele></trkpt>
    <trkpt lat="40.067607" lon="0.01952"><ele>331.8</ele></trkpt>
    <trkpt lat="40.067506" lon="0.019302"><ele>330.8</ele></trkpt>
    <trkpt lat="40.067421" lon="0.019224"><ele>330.3</ele></trkpt>
    <trkpt lat="40.066984" lon="0.019014"><ele>327.7</ele></trkpt>
    <trkpt lat="40.066824" lon="0.018896"><ele>326.6</ele></trkpt>
    <trkpt lat="40.066717" lon="0.018776"><ele>325.7</ele></trkpt>
    <trkpt lat="40.066633" lon="0.018634"><ele>324.7</ele></trkpt>
    <trkpt lat="40.066594" lon="0.018506"><ele>324</ele></trkpt>
    <trkpt lat="40.066581" lon="0.018369"><ele>323.2</ele></trkpt>
    <trkpt lat="40.066596" lon="0.018182"><ele>322</ele></trkpt>
    <trkpt lat="40.066719" lon="0.017496"><ele>317.9</ele></trkpt>
    <trkpt lat="40.06669" lon="0.017225"><ele>316.6</ele></trkpt>
    <trkpt lat="40.066557" lon="0.016747"><ele>315</ele></trkpt>
    <trkpt lat="40.066547" lon="0.016371"><ele>314.6</ele></trkpt>
    <trkpt lat="40.066649" lon="0.015662"><ele>315.5</ele></trkpt>
    <trkpt lat="40.066708" lon="0.015438"><ele>316.2</ele></trkpt>
    <trkpt lat="40.06696" lon="0.014933"><ele>318.3</ele></trkpt>
    <trkpt lat="40.067018" lon="0.01477"><ele>318.8</ele></trkpt>
    <trkpt lat="40.067044" lon="0.01449"><ele>319.4</ele></trkpt>
    <trkpt lat="40.066961" lon="0.014318"><ele>319.6</ele></trkpt>
    <trkpt lat="40.066874" lon="0.014239"><ele>319.6</ele></trkpt>
    <trkpt lat="40.066717" lon="0.014228"><ele>319.6</ele></trkpt>
    <trkpt lat="40.06655" lon="0.014335"><ele>319.3</ele></trkpt>
    <trkpt lat="40.066239" lon="0.014757"><ele>317.6</ele></trkpt>
    <trkpt lat="40.066062" lon="0.014932"><ele>316.2</ele></trkpt>
    <trkpt lat="40.065766" lon="0.014985"><ele>314</ele></trkpt>
    <trkpt lat="40.065306" lon="0.015038"><ele>310.3</ele></trkpt>
    <trkpt lat="40.063915" lon="0.015411"><ele>295.4</ele></trkpt>
    <trkpt lat="40.063802" lon="0.015497"><ele>293.7</ele></trkpt>
    <trkpt lat="40.063488" lon="0.015879"><ele>288.7</ele></trkpt>
    <trkpt lat="40.063376" lon="0.015964"><ele>287.3</ele></trkpt>
    <trkpt lat="40.063261" lon="0.015996"><ele>286.1</ele></trkpt>
    <trkpt lat="40.063151" lon="0.015985"><ele>285</ele></trkpt>
    <trkpt lat="40.062993" lon="0.015859"><ele>283.2</ele></trkpt>
    <trkpt lat="40.062934" lon="0.015656"><ele>281.5</ele></trkpt>
    <trkpt lat="40.06291" lon="0.015284"><ele>279.1</ele></trkpt>
    <trkpt lat="40.06287" lon="0.015142"><ele>278.4</ele></trkpt>
    <trkpt lat="40.062804" lon="0.015026"><ele>277.8</ele></trkpt>
    <trkpt lat="40.062692" lon="0.01491"><ele>277.4</ele></trkpt>
    <trkpt lat="40.062254" lon="0.014545"><ele>276.9</ele></trkpt>
    <trkpt lat="40.062162" lon="0.014406"><ele>276.7</ele></trkpt>
    <trkpt lat="40.062096" lon="0.014243"><ele>276.3</ele></trkpt>
    <trkpt lat="40.061919" lon="0.013686"><ele>274.5</ele></trkpt>
    <trkpt lat="40.061783" lon="0.013507"><ele>273.5</ele></trkpt>
    <trkpt lat="40.061687" lon="0.013452"><ele>273</ele></trkpt>
    <trkpt lat="40.061399" lon="0.013406"><ele>271.9</ele></trkpt>
    <trkpt lat="40.061266" lon="0.013432"><ele>271.6</ele></trkpt>
    <trkpt lat="40.060769" lon="0.013628"><ele>270.5</ele></trkpt>
    <trkpt lat="40.060612" lon="0.013593"><ele>270.3</ele></trkpt>
    <trkpt lat="40.060505" lon="0.013491"><ele>270.2</ele></trkpt>
    <trkpt lat="40.059968" lon="0.012819"><ele>270.3</ele></trkpt>
    <trkpt lat="40.059602" lon="0.012358"><ele>270.1</ele></trkpt>
    <trkpt lat="40.059363" lon="0.012082"><ele>268.8</ele></trkpt>
    <trkpt lat="40.058514" lon="0.0115"><ele>259</ele></trkpt>
    <trkpt lat="40.058392" lon="0.011448"><ele>257.3</ele></trkpt>
    <trkpt lat="40.058182" lon="0.011462"><ele>254.7</ele></trkpt>
    <trkpt lat="40.057484" lon="0.011717"><ele>246.5</ele></trkpt>
    <trkpt lat="40.057339" lon="0.011716"><ele>245</ele></trkpt>
    <trkpt lat="40.056968" lon="0.011646"><ele>241.2</ele></trkpt>
    <trkpt lat="40.056848" lon="0.011621"><ele>240</ele></trkpt>
    <trkpt lat="40.055697" lon="0.011618"><ele>231.2</ele></trkpt>
    <trkpt lat="40.05554" lon="0.011576"><ele>230.2</ele></trkpt>
    <trkpt lat="40.054638" lon="0.011152"><ele>221.8</ele></trkpt>
    <trkpt lat="40.054508" lon="0.011118"><ele>220.3</ele></trkpt>
    <trkpt lat="40.053706" lon="0.011185"><ele>209.2</ele></trkpt>
    <trkpt lat="40.053257" lon="0.011102"><ele>203.2</ele></trkpt>
    <trkpt lat="40.053161" lon="0.011059"><ele>202.1</ele></trkpt>
    <trkpt lat="40.053089" lon="0.010986"><ele>201.2</ele></trkpt>
    <trkpt lat="40.053044" lon="0.010881"><ele>200.3</ele></trkpt>
    <trkpt lat="40.053058" lon="0.010669"><ele>199</ele></trkpt>
    <trkpt lat="40.053455" lon="0.009652"><ele>196.6</ele></trkpt>
    <trkpt lat="40.053494" lon="0.009481"><ele>196.9</ele></trkpt>
    <trkpt lat="40.053533" lon="0.009058"><ele>197.9</ele></trkpt>
    <trkpt lat="40.05366" lon="0.008755"><ele>198.8</ele></trkpt>
    <trkpt lat="40.053824" lon="0.00859"><ele>199.5</ele></trkpt>
    <trkpt lat="40.053928" lon="0.008543"><ele>199.8</ele></trkpt>
    <trkpt lat="40.054704" lon="0.008378"><ele>200.8</ele></trkpt>
    <trkpt lat="40.054817" lon="0.008295"><ele>200.8</ele></trkpt>
    <trkpt lat="40.054951" lon="0.008132"><ele>200.5</ele></trkpt>
    <trkpt lat="40.05511" lon="0.007951"><ele>200</ele></trkpt>
    <trkpt lat="40.055171" lon="0.007842"><ele>199.8</ele></trkpt>
    <trkpt lat="40.055202" lon="0.007711"><ele>199.4</ele></trkpt>
    <trkpt lat="40.055192" lon="0.007425"><ele>198.6</ele></trkpt>
    <trkpt lat="40.055119" lon="0.006522"><ele>194.8</ele></trkpt>
    <trkpt lat="40.055084" lon="0.006296"><ele>193.6</ele></trkpt>
    <trkpt lat="40.054904" lon="0.005559"><ele>190.5</ele></trkpt>
    <trkpt lat="40.054849" lon="0.005436"><ele>190</ele></trkpt>
    <trkpt lat="40.054691" lon="0.005246"><ele>189.1</ele></trkpt>
    <trkpt lat="40.05413" lon="0.004674"><ele>186.4</ele></trkpt>
    <trkpt lat="40.053981" lon="0.00461"><ele>185.9</ele></trkpt>
    <trkpt lat="40.053884" lon="0.004619"><ele>185.5</ele></trkpt>
    <trkpt lat="40.053289" lon="0.00477"><ele>182.5</ele></trkpt>
    <trkpt lat="40.053196" lon="0.004829"><ele>181.9</ele></trkpt>
    <trkpt lat="40.053093" lon="0.00494"><ele>181.1</ele></trkpt>
    <trkpt lat="40.053001" lon="0.00509"><ele>180.1</ele></trkpt>
    <trkpt lat="40.052743" lon="0.005482"><ele>177.3</ele></trkpt>
    <trkpt lat="40.052642" lon="0.005561"><ele>176.5</ele></trkpt>
    <trkpt lat="40.052159" lon="0.00573"><ele>172.9</ele></trkpt>
    <trkpt lat="40.052039" lon="0.005736"><ele>171.8</ele></trkpt>
    <trkpt lat="40.051917" lon="0.005683"><ele>170.6</ele></trkpt>
    <trkpt lat="40.051486" lon="0.005387"><ele>165.7</ele></trkpt>
    <trkpt lat="40.051291" lon="0.005339"><ele>163.6</ele></trkpt>
    <trkpt lat="40.051158" lon="0.005405"><ele>162.1</ele></trkpt>
    <trkpt lat="40.050695" lon="0.005804"><ele>156.3</ele></trkpt>
    <trkpt lat="40.050486" lon="0.005821"><ele>154</ele></trkpt>
    <trkpt lat="40.050379" lon="0.00576"><ele>152.6</ele></trkpt>
    <trkpt lat="40.050291" lon="0.005654"><ele>151.2</ele></trkpt>
    <trkpt lat="40.050207" lon="0.005459"><ele>149.3</ele></trkpt>
    <trkpt lat="40.049759" lon="0.004184"><ele>142.2</ele></trkpt>
    <trkpt lat="40.04971" lon="0.00397"><ele>141.7</ele></trkpt>
    <trkpt lat="40.04957" lon="0.002531"><ele>137.5</ele></trkpt>
    <trkpt lat="40.049569" lon="0.002341"><ele>136.8</ele></trkpt>
    <trkpt lat="40.049595" lon="0.002202"><ele>136.3</ele></trkpt>
    <trkpt lat="40.049704" lon="0.001943"><ele>135.1</ele></trkpt>
    <trkpt lat="40.049731" lon="0.001785"><ele>134.5</ele></trkpt>
    <trkpt lat="40.049712" lon="0.001657"><ele>134</ele></trkpt>
    <trkpt lat="40.049546" lon="0.001151"><ele>132.3</ele></trkpt>
    <trkpt lat="40.049532" lon="0.000818"><ele>131.6</ele></trkpt>
    <trkpt lat="40.049627" lon="0.000519"><ele>131</ele></trkpt>
    <trkpt lat="40.04977" lon="0.00034"><ele>130.5</ele></trkpt>
    <trkpt lat="40.049965" lon="0.000294"><ele>130</ele></trkpt>
    <trkpt lat="40.050249" lon="0.000341"><ele>129.3</ele></trkpt>
    <trkpt lat="40.050387" lon="0.000316"><ele>129</ele></trkpt>
    <trkpt lat="40.050492" lon="0.000236"><ele>128.8</ele></trkpt>
    <trkpt lat="40.05057" lon="0.000111"><ele>128.5</ele></trkpt>
    <trkpt lat="40.050623" lon="-6.5e-05"><ele>128.1</ele></trkpt>
    <trkpt lat="40.050624" lon="-0.000169"><ele>127.9</ele></trkpt>
    <trkpt lat="40.050604" lon="-0.00031"><ele>127.6</ele></trkpt>
    <trkpt lat="40.050549" lon="-0.000435"><ele>127.2</ele></trkpt>
    <trkpt lat="40.05046" lon="-0.000538"><ele>126.7</ele></trkpt>
    <trkpt lat="40.049734" lon="-0.001063"><ele>121.9</ele></trkpt>
    <trkpt lat="40.049621" lon="-0.001104"><ele>121.2</ele></trkpt>
    <trkpt lat="40.049532" lon="-0.001101"><ele>120.7</ele></trkpt>
    <trkpt lat="40.049367" lon="-0.001018"><ele>119.8</ele></trkpt>
    <trkpt lat="40.049287" lon="-0.000891"><ele>119.1</ele></trkpt>
    <trkpt lat="40.049181" lon="-0.000499"><ele>117.2</ele></trkpt>
    <trkpt lat="40.04914" lon="-0.000321"><ele>116.4</ele></trkpt>
    <trkpt lat="40.049092" lon="-0.000155"><ele>115.6</ele></trkpt>
    <trkpt lat="40.049034" lon="-4.1e-05"><ele>114.9</ele></trkpt>
    <trkpt lat="40.048932" lon="7.2e-05"><ele>114.2</ele></trkpt>
    <trkpt lat="40.04853" lon="0.000398"><ele>111.4</ele></trkpt>
    <trkpt lat="40.048316" lon="0.000512"><ele>110.1</ele></trkpt>
    <trkpt lat="40.047511" lon="0.00072"><ele>107</ele></trkpt>
    <trkpt lat="40.047123" lon="0.000821"><ele>106.4</ele></trkpt>
    <trkpt lat="40.047039" lon="0.000846"><ele>106.3</ele></trkpt>
    <trkpt lat="40.046788" lon="0.000902"><ele>106.1</ele></trkpt>
    <trkpt lat="40.046689" lon="0.000907"><ele>106.1</ele></trkpt>
    <trkpt lat="40.04654" lon="0.000859"><ele>106.1</ele></trkpt>
    <trkpt lat="40.045777" lon="0.000331"><ele>106.2</ele></trkpt>
    <trkpt lat="40.044968" lon="-0.000239"><ele>104.1</ele></trkpt>
    <trkpt lat="40.044785" lon="-0.000417"><ele>103.1</ele></trkpt>
    <trkpt lat="40.044593" lon="-0.000687"><ele>101.5</ele></trkpt>
    <trkpt lat="40.044428" lon="-0.000977"><ele>99.7</ele></trkpt>
    <trkpt lat="40.044249" lon="-0.001291"><ele>97.9</ele></trkpt>
    <trkpt lat="40.044012" lon="-0.001706"><ele>95.5</ele></trkpt>
    <trkpt lat="40.043794" lon="-0.00196"><ele>93.8</ele></trkpt>
    <trkpt lat="40.04346" lon="-0.002184"><ele>91.8</ele></trkpt>
    <trkpt lat="40.041892" lon="-0.003235"><ele>86.8</ele></trkpt>
    <trkpt lat="40.0418" lon="-0.003296"><ele>86.6</ele></trkpt>
    <trkpt lat="40.040021" lon="-0.004483"><ele>82.3</ele></trkpt>
    <trkpt lat="40.039247" lon="-0.004999"><ele>79</ele></trkpt>
    <trkpt lat="40.03839" lon="-0.00557"><ele>73.7</ele></trkpt>
    <trkpt lat="40.037525" lon="-0.006147"><ele>68.3</ele></trkpt>
    <trkpt lat="40.036933" lon="-0.006523"><ele>65.3</ele></trkpt>
    <trkpt lat="40.036073" lon="-0.006736"><ele>62.3</ele></trkpt>
    <trkpt lat="40.034686" lon="-0.007056"><ele>57.4</ele></trkpt>
    <trkpt lat="40.034078" lon="-0.007202"><ele>54.9</ele></trkpt>
    <trkpt lat="40.033939" lon="-0.007213"><ele>54.4</ele></trkpt>
    <trkpt lat="40.033799" lon="-0.007158"><ele>53.8</ele></trkpt>
    <trkpt lat="40.033462" lon="-0.006879"><ele>52.1</ele></trkpt>
    <trkpt lat="40.033359" lon="-0.006794"><ele>51.6</ele></trkpt>
    <trkpt lat="40.033073" lon="-0.00656"><ele>50.2</ele></trkpt>
    <trkpt lat="40.032951" lon="-0.006505"><ele>49.6</ele></trkpt>
    <trkpt lat="40.032768" lon="-0.0065"><ele>48.9</ele></trkpt>
    <trkpt lat="40.0325" lon="-0.006571"><ele>47.8</ele></trkpt>
    <trkpt lat="40.031903" lon="-0.006729"><ele>45.6</ele></trkpt>
    <trkpt lat="40.030552" lon="-0.007092"><ele>41.5</ele></trkpt>
    <trkpt lat="40.029694" lon="-0.007318"><ele>39</ele></trkpt>
    <trkpt lat="40.027096" lon="-0.008013"><ele>29.9</ele></trkpt>
    <trkpt lat="40.026915" lon="-0.008045"><ele>29.4</ele></trkpt>
    <trkpt lat="40.026681" lon="-0.008105"><ele>28.8</ele></trkpt>
    <trkpt lat="40.026458" lon="-0.008202"><ele>28.2</ele></trkpt>
    <trkpt lat="40.026417" lon="-0.00833"><ele>28</ele></trkpt>
    <trkpt lat="40.026347" lon="-0.008435"><ele>27.7</ele></trkpt>
    <trkpt lat="40.026255" lon="-0.008504"><ele>27.5</ele></trkpt>
    <trkpt lat="40.026151" lon="-0.00853"><ele>27.3</ele></trkpt>
    <trkpt lat="40.026048" lon="-0.008681"><ele>26.9</ele></trkpt>
    <trkpt lat="40.025918" lon="-0.008958"><ele>26.4</ele></trkpt>
    <trkpt lat="40.025766" lon="-0.009603"><ele>25.6</ele></trkpt>
    <trkpt lat="40.025759" lon="-0.009628"><ele>25.5</ele></trkpt>
    <trkpt lat="40.025692" lon="-0.009895"><ele>25.2</ele></trkpt>
    <trkpt lat="40.025554" lon="-0.010465"><ele>24.6</ele></trkpt>
    <trkpt lat="40.025466" lon="-0.011078"><ele>24</ele></trkpt>
    <trkpt lat="40.02544" lon="-0.011358"><ele>23.8</ele></trkpt>
    <trkpt lat="40.025351" lon="-0.012316"><ele>23.2</ele></trkpt>
    <trkpt lat="40.025234" lon="-0.013576"><ele>22.5</ele></trkpt>
    <trkpt lat="40.025137" lon="-0.014548"><ele>22.4</ele></trkpt>
    <trkpt lat="40.025121" lon="-0.014707"><ele>22.4</ele></trkpt>
    <trkpt lat="40.025081" lon="-0.015077"><ele>22.5</ele></trkpt>
    <trkpt lat="40.024973" lon="-0.016078"><ele>23.1</ele></trkpt>
    <trkpt lat="40.024817" lon="-0.017521"><ele>23.8</ele></trkpt>
    <trkpt lat="40.02453" lon="-0.020089"><ele>23.3</ele></trkpt>
    <trkpt lat="40.024522" lon="-0.020168"><ele>23.3</ele></trkpt>
    <trkpt lat="40.024438" lon="-0.020867"><ele>23.2</ele></trkpt>
    <trkpt lat="40.024355" lon="-0.021563"><ele>23.3</ele></trkpt>
    <trkpt lat="40.024313" lon="-0.021895"><ele>23.4</ele></trkpt>
    <trkpt lat="40.024124" lon="-0.023139"><ele>24</ele></trkpt>
    <trkpt lat="40.023975" lon="-0.024043"><ele>24.7</ele></trkpt>
    <trkpt lat="40.023857" lon="-0.024762"><ele>25.1</ele></trkpt>
    <trkpt lat="40.023736" lon="-0.025448"><ele>25.3</ele></trkpt>
    <trkpt lat="40.023582" lon="-0.025962"><ele>25.3</ele></trkpt>
    <trkpt lat="40.023138" lon="-0.026819"><ele>25.2</ele></trkpt>
    <trkpt lat="40.022467" lon="-0.028049"><ele>24.9</ele></trkpt>
    <trkpt lat="40.021989" lon="-0.028932"><ele>24.3</ele></trkpt>
    <trkpt lat="40.021217" lon="-0.030354"><ele>23.3</ele></trkpt>
    <trkpt lat="40.020609" lon="-0.031492"><ele>23.6</ele></trkpt>
    <trkpt lat="40.020297" lon="-0.032076"><ele>24.2</ele></trkpt>
    <trkpt lat="40.019666" lon="-0.033256"><ele>24.8</ele></trkpt>
    <trkpt lat="40.019576" lon="-0.033435"><ele>24.8</ele></trkpt>
    <trkpt lat="40.01925" lon="-0.033763"><ele>24.9</ele></trkpt>
    <trkpt lat="40.019062" lon="-0.033908"><ele>24.9</ele></trkpt>
    <trkpt lat="40.017564" lon="-0.034811"><ele>25.4</ele></trkpt>
    <trkpt lat="40.017173" lon="-0.035046"><ele>25.7</ele></trkpt>
    <trkpt lat="40.016835" lon="-0.035249"><ele>25.9</ele></trkpt>
    <trkpt lat="40.016666" lon="-0.035425"><ele>25.9</ele></trkpt>
    <trkpt lat="40.016662" lon="-0.035627"><ele>26</ele></trkpt>
    <trkpt lat="40.016591" lon="-0.035806"><ele>26</ele></trkpt>
    <trkpt lat="40.016467" lon="-0.035927"><ele>26</ele></trkpt>
    <trkpt lat="40.016316" lon="-0.035966"><ele>26.1</ele></trkpt>
    <trkpt lat="40.016191" lon="-0.03593"><ele>26.1</ele></trkpt>
    <trkpt lat="40.016085" lon="-0.035839"><ele>26.1</ele></trkpt>
    <trkpt lat="40.016059" lon="-0.035802"><ele>26.1</ele></trkpt>
    <trkpt lat="40.015858" lon="-0.03584"><ele>26</ele></trkpt>
    <trkpt lat="40.0144" lon="-0.036709"><ele>25.9</ele></trkpt>
    <trkpt lat="40.011686" lon="-0.038327"><ele>26.2</ele></trkpt>
    <trkpt lat="40.010882" lon="-0.038805"><ele>26.3</ele></trkpt>
    <trkpt lat="40.009823" lon="-0.039437"><ele>26.7</ele></trkpt>
    <trkpt lat="40.009504" lon="-0.03963"><ele>26.7</ele></trkpt>
    <trkpt lat="40.008817" lon="-0.040046"><ele>26.7</ele></trkpt>
    <trkpt lat="40.006709" lon="-0.041304"><ele>25.1</ele></trkpt>
    <trkpt lat="40.006587" lon="-0.041374"><ele>25</ele></trkpt>
    <trkpt lat="40.006189" lon="-0.041603"><ele>25</ele></trkpt>
    <trkpt lat="40.005676" lon="-0.041897"><ele>24.9</ele></trkpt>
    <trkpt lat="40.005568" lon="-0.042008"><ele>24.9</ele></trkpt>
    <trkpt lat="40.005509" lon="-0.042177"><ele>24.9</ele></trkpt>
    <trkpt lat="40.005485" lon="-0.042462"><ele>24.9</ele></trkpt>
    <trkpt lat="40.005359" lon="-0.042696"><ele>25</ele></trkpt>
    <trkpt lat="40.005258" lon="-0.04278"><ele>25</ele></trkpt>
    <trkpt lat="40.005145" lon="-0.042826"><ele>24.9</ele></trkpt>
    <trkpt lat="40.004913" lon="-0.042794"><ele>24.8</ele></trkpt>
    <trkpt lat="40.004726" lon="-0.042612"><ele>24.6</ele></trkpt>
    <trkpt lat="40.00464" lon="-0.042364"><ele>24.5</ele></trkpt>
    <trkpt lat="40.004634" lon="-0.042219"><ele>24.3</ele></trkpt>
    <trkpt lat="40.004672" lon="-0.042022"><ele>24.2</ele></trkpt>
    <trkpt lat="40.00476" lon="-0.041855"><ele>24</ele></trkpt>
    <trkpt lat="40.004799" lon="-0.041808"><ele>23.9</ele></trkpt>
    <trkpt lat="40.004823" lon="-0.041626"><ele>23.7</ele></trkpt>
    <trkpt lat="40.004795" lon="-0.041475"><ele>23.6</ele></trkpt>
    <trkpt lat="40.004542" lon="-0.04078"><ele>22.6</ele></trkpt>
    <trkpt lat="40.004099" lon="-0.039563"><ele>21.3</ele></trkpt>
    <trkpt lat="40.00396" lon="-0.039181"><ele>21</ele></trkpt>
    <trkpt lat="40.003918" lon="-0.039066"><ele>20.9</ele></trkpt>
    <trkpt lat="40.00374" lon="-0.038872"><ele>20.7</ele></trkpt>
    <trkpt lat="40.003584" lon="-0.038857"><ele>20.6</ele></trkpt>
    <trkpt lat="40.003465" lon="-0.038777"><ele>20.5</ele></trkpt>
    <trkpt lat="40.003385" lon="-0.038665"><ele>20.4</ele></trkpt>
    <trkpt lat="40.003323" lon="-0.038424"><ele>20.3</ele></trkpt>
    <trkpt lat="40.003337" lon="-0.038263"><ele>20.2</ele></trkpt>
    <trkpt lat="40.00339" lon="-0.038121"><ele>20.1</ele></trkpt>
    <trkpt lat="40.003453" lon="-0.038031"><ele>20</ele></trkpt>
    <trkpt lat="40.003445" lon="-0.037762"><ele>19.8</ele></trkpt>
    <trkpt lat="40.003164" lon="-0.036981"><ele>19.3</ele></trkpt>
    <trkpt lat="40.001663" lon="-0.032813"><ele>17.7</ele></trkpt>
    <trkpt lat="40.001481" lon="-0.032308"><ele>17.7</ele></trkpt>
    <trkpt lat="40.001407" lon="-0.032144"><ele>17.7</ele></trkpt>
    <trkpt lat="40.001312" lon="-0.032011"><ele>17.7</ele></trkpt>
    <trkpt lat="40.001143" lon="-0.031962"><ele>17.7</ele></trkpt>
    <trkpt lat="40.001065" lon="-0.031884"><ele>17.7</ele></trkpt>
    <trkpt lat="40.001012" lon="-0.03176"><ele>17.7</ele></trkpt>
    <trkpt lat="40.001004" lon="-0.031581"><ele>17.8</ele></trkpt>
    <trkpt lat="40.00105" lon="-0.03145"><ele>17.8</ele></trkpt>
    <trkpt lat="40.00104" lon="-0.031118"><ele>17.8</ele></trkpt>
    <trkpt lat="40.000935" lon="-0.030798"><ele>17.8</ele></trkpt>
    <trkpt lat="40.000679" lon="-0.030094"><ele>17.7</ele></trkpt>
    <trkpt lat="40.000361" lon="-0.029235"><ele>17.5</ele></trkpt>
    <trkpt lat="40.000238" lon="-0.02897"><ele>17.4</ele></trkpt>
    <trkpt lat="39.999937" lon="-0.028454"><ele>17.2</ele></trkpt>
    <trkpt lat="39.999657" lon="-0.028081"><ele>17</ele></trkpt>
    <trkpt lat="39.995503" lon="-0.02395"><ele>14.4</ele></trkpt>
    <trkpt lat="39.994915" lon="-0.023366"><ele>14</ele></trkpt>
    <trkpt lat="39.994661" lon="-0.023124"><ele>13.9</ele></trkpt>
    <trkpt lat="39.994416" lon="-0.022945"><ele>13.8</ele></trkpt>
    <trkpt lat="39.994167" lon="-0.022761"><ele>13.9</ele></trkpt>
    <trkpt lat="39.993743" lon="-0.022544"><ele>14</ele></trkpt>
    <trkpt lat="39.993277" lon="-0.022409"><ele>14.2</ele></trkpt>
    <trkpt lat="39.992821" lon="-0.022338"><ele>14.2</ele></trkpt>
    <trkpt lat="39.992577" lon="-0.022337"><ele>14.2</ele></trkpt>
    <trkpt lat="39.992189" lon="-0.022374"><ele>14.1</ele></trkpt>
    <trkpt lat="39.991391" lon="-0.022562"><ele>13.5</ele></trkpt>
    <trkpt lat="39.990937" lon="-0.022669"><ele>13.4</ele></trkpt>
    <trkpt lat="39.990419" lon="-0.022791"><ele>13.4</ele></trkpt>
    <trkpt lat="39.989085" lon="-0.023105"><ele>14.6</ele></trkpt>
    <trkpt lat="39.987962" lon="-0.023369"><ele>15.6</ele></trkpt>
    <trkpt lat="39.987707" lon="-0.023429"><ele>15.8</ele></trkpt>
    <trkpt lat="39.987503" lon="-0.023545"><ele>15.9</ele></trkpt>
    <trkpt lat="39.987453" lon="-0.023699"><ele>16</ele></trkpt>
    <trkpt lat="39.987348" lon="-0.0238"><ele>16.1</ele></trkpt>
    <trkpt lat="39.987246" lon="-0.023821"><ele>16.1</ele></trkpt>
    <trkpt lat="39.987141" lon="-0.023779"><ele>16.2</ele></trkpt>
    <trkpt lat="39.98706" lon="-0.023681"><ele>16.2</ele></trkpt>
    <trkpt lat="39.986846" lon="-0.02367"><ele>16.3</ele></trkpt>
    <trkpt lat="39.986548" lon="-0.02378"><ele>16.4</ele></trkpt>
    <trkpt lat="39.986085" lon="-0.023951"><ele>16.5</ele></trkpt>
    <trkpt lat="39.984796" lon="-0.024426"><ele>16.4</ele></trkpt>
    <trkpt lat="39.9846" lon="-0.024498"><ele>16.4</ele></trkpt>
    <trkpt lat="39.984127" lon="-0.024683"><ele>16.6</ele></trkpt>
    <trkpt lat="39.983984" lon="-0.024814"><ele>16.7</ele></trkpt>
    <trkpt lat="39.983955" lon="-0.024921"><ele>16.8</ele></trkpt>
    <trkpt lat="39.983896" lon="-0.025003"><ele>16.8</ele></trkpt>
    <trkpt lat="39.983916" lon="-0.025235"><ele>17</ele></trkpt>
    <trkpt lat="39.98394" lon="-0.025351"><ele>17.1</ele></trkpt>
    <trkpt lat="39.984168" lon="-0.026481"><ele>18.7</ele></trkpt>
    <trkpt lat="39.984194" lon="-0.026609"><ele>18.9</ele></trkpt>
    <trkpt lat="39.984256" lon="-0.026914"><ele>19.4</ele></trkpt>
    <trkpt lat="39.984316" lon="-0.027211"><ele>19.9</ele></trkpt>
    <trkpt lat="39.984416" lon="-0.027709"><ele>20.4</ele></trkpt>
    <trkpt lat="39.984489" lon="-0.02793"><ele>20.5</ele></trkpt>
    <trkpt lat="39.984592" lon="-0.027996"><ele>20.6</ele></trkpt>
    <trkpt lat="39.984776" lon="-0.027962"><ele>20.7</ele></trkpt>
    <trkpt lat="39.98492" lon="-0.027909"><ele>20.8</ele></trkpt>
    <trkpt lat="39.985021" lon="-0.027881"><ele>20.8</ele></trkpt>
    <trkpt lat="39.985082" lon="-0.027865"><ele>20.9</ele></trkpt>
    <trkpt lat="39.985222" lon="-0.027822"><ele>20.8</ele></trkpt>
    <trkpt lat="39.985871" lon="-0.027567"><ele>20.2</ele></trkpt>
    <trkpt lat="39.986657" lon="-0.027284"><ele>19.7</ele></trkpt>
    <trkpt lat="39.987586" lon="-0.026956"><ele>19.2</ele></trkpt>
    <trkpt lat="39.988895" lon="-0.026602"><ele>18.5</ele></trkpt>
    <trkpt lat="39.98917" lon="-0.026528"><ele>18.4</ele></trkpt>
    <trkpt lat="39.98958" lon="-0.026417"><ele>18.2</ele></trkpt>
    <trkpt lat="39.989731" lon="-0.026376"><ele>18.1</ele></trkpt>
    <trkpt lat="39.990566" lon="-0.026151"><ele>18.2</ele></trkpt>
    <trkpt lat="39.990778" lon="-0.026093"><ele>18.2</ele></trkpt>
    <trkpt lat="39.990952" lon="-0.026047"><ele>18.3</ele></trkpt>
    <trkpt lat="39.990952" lon="-0.026047"><ele>18.3</ele></trkpt>
    <trkpt lat="39.991222" lon="-0.026057"><ele>18.4</ele></trkpt>
    <trkpt lat="39.991222" lon="-0.026057"><ele>18.3</ele></trkpt>
    <trkpt lat="39.991222" lon="-0.026057"><ele>18.3</ele></trkpt>
    <trkpt lat="39.991314" lon="-0.026369"><ele>18.5</ele></trkpt>
    <trkpt lat="39.991314" lon="-0.026369"><ele>18.4</ele></trkpt>
    <trkpt lat="39.991314" lon="-0.026369"><ele>18.4</ele></trkpt>
    <trkpt lat="39.991368" lon="-0.027459"><ele>18.5</ele></trkpt>
    <trkpt lat="39.991422" lon="-0.028549"><ele>18.4</ele></trkpt>
  </trkseg></trk></gpx>