latitude;longitude;altitude;azimuth;slope;dvdone;dvrest;kmdone;kmto;cpnumero;cptype;sumcategory
37.888036;-6.802674;618;0;3;0;1815;0;180.95;3;real;
37.887886;-6.802799;619;0;3;0;1815;0.02;180.93;;;
37.887722;-6.802883;620;0;3;1;1814;0.04;180.91;;;
37.887549;-6.802842;620;0;3;2;1813;0.06;180.89;;;
37.887381;-6.802759;621;0;3;2;1813;0.08;180.87;;;
37.887214;-6.802676;621;0;3;3;1812;0.1;180.85;;;
37.887046;-6.802593;622;0;3;3;1812;0.12;180.83;;;
37.886767;-6.802309;623;0;3;4;1811;0.16;180.79;;;
37.886636;-6.802152;623;0;3;5;1810;0.18;180.77;;;
37.886511;-6.801989;624;0;2;5;1810;0.2;180.75;;;
37.886387;-6.801823;624;0;2;6;1809;0.22;180.73;;;
37.886264;-6.801658;625;0;2;6;1809;0.24;180.71;;;
37.886140;-6.801492;625;0;2;7;1808;0.26;180.69;;;
37.885893;-6.801161;626;0;2;8;1807;0.3;180.65;;;
37.885769;-6.800995;626;0;2;8;1807;0.32;180.63;;;
37.885646;-6.800830;627;0;2;9;1806;0.34;180.61;;;
37.885522;-6.800664;627;0;2;9;1806;0.36;180.59;;;
37.885398;-6.800499;628;0;3;9;1806;0.38;180.57;;;
37.885275;-6.800333;628;0;3;10;1805;0.4;180.55;;;
37.885151;-6.800168;629;0;3;11;1804;0.42;180.53;;;
37.885019;-6.800015;630;0;3;11;1804;0.44;180.51;;;
37.884850;-6.799950;631;0;3;12;1803;0.46;180.49;;;
37.884672;-6.799959;631;0;3;13;1802;0.48;180.47;;;
37.884493;-6.799988;632;0;3;13;1802;0.5;180.45;;;
37.884315;-6.800015;632;0;2;14;1801;0.52;180.43;;;
37.884136;-6.800043;632;0;2;14;1801;0.54;180.41;;;
37.883601;-6.800127;633;0;2;15;1800;0.6;180.35;;;
37.883421;-6.800129;634;0;2;16;1799;0.62;180.33;;;
37.883259;-6.800041;634;0;1;16;1799;0.64;180.31;;;
37.883100;-6.799934;635;0;1;16;1799;0.66;180.29;;;
37.882941;-6.799827;635;0;1;17;1798;0.68;180.27;;;
37.882776;-6.799737;635;0;0;17;1798;0.7;180.25;;;
37.882604;-6.799670;635;0;0;17;1798;0.72;180.23;;;
37.882432;-6.799605;635;0;-1;17;1798;0.74;180.21;;;
37.882260;-6.799538;635;0;-1;17;1798;0.76;180.19;;;
37.882087;-6.799473;634;0;-2;17;1798;0.78;180.17;;;
37.881915;-6.799408;634;0;-2;17;1798;0.8;180.15;;;
37.881743;-6.799342;633;0;-3;17;1798;0.82;180.13;;;
37.881571;-6.799276;633;0;-3;17;1798;0.84;180.11;;;
37.881398;-6.799210;632;0;-3;17;1798;0.86;180.09;;;
37.881226;-6.799145;631;0;-3;17;1798;0.88;180.07;;;
37.881054;-6.799079;631;0;-3;17;1798;0.9;180.05;;;
37.880882;-6.799014;630;0;-3;17;1798;0.92;180.03;;;
37.880709;-6.798949;629;0;-3;17;1798;0.94;180.01;;;
37.880537;-6.798884;629;0;-4;17;1798;0.96;179.99;;;
37.880364;-6.798820;628;0;-4;17;1798;0.98;179.97;;;
37.880192;-6.798756;627;0;-4;17;1798;1;179.95;;;
37.880019;-6.798691;626;0;-4;17;1798;1.02;179.93;;;
37.879847;-6.798626;626;0;-4;17;1798;1.04;179.91;;;
37.879674;-6.798561;625;0;-5;17;1798;1.06;179.89;;;
37.879502;-6.798497;624;0;-5;17;1798;1.08;179.87;;;
37.878726;-6.797969;619;0;-4;17;1798;1.18;179.77;;;
37.878619;-6.797787;618;0;-4;17;1798;1.2;179.75;;;
37.878529;-6.797590;618;0;-3;17;1798;1.22;179.73;;;
37.878438;-6.797393;617;0;-3;17;1798;1.24;179.71;;;
37.878348;-6.797196;617;0;-3;17;1798;1.26;179.69;;;
37.878257;-6.796999;616;0;-3;17;1798;1.28;179.67;;;
37.878167;-6.796802;615;0;-3;17;1798;1.3;179.65;;;
37.878076;-6.796605;615;0;-2;17;1798;1.32;179.63;;;
37.877986;-6.796408;615;0;-2;17;1798;1.34;179.61;;;
37.877895;-6.796211;614;0;-2;17;1798;1.36;179.59;;;
37.877805;-6.796014;614;0;-2;17;1798;1.38;179.57;;;
37.877714;-6.795817;613;0;-2;17;1798;1.4;179.55;;;
37.877624;-6.795620;613;0;-2;17;1798;1.42;179.53;;;
37.877533;-6.795423;613;0;-2;17;1798;1.44;179.51;;;
37.877443;-6.795227;612;0;-2;17;1798;1.46;179.49;;;
37.877352;-6.795030;612;0;-2;17;1798;1.48;179.47;;;
37.877262;-6.794833;612;0;-2;17;1798;1.5;179.45;;;
37.877171;-6.794636;611;0;-2;17;1798;1.52;179.43;;;
37.877081;-6.794439;611;0;-2;17;1798;1.54;179.41;;;
37.876990;-6.794242;611;0;-2;17;1798;1.56;179.39;;;
37.876896;-6.794048;610;0;-2;17;1798;1.58;179.37;;;
37.876784;-6.793871;610;0;-2;17;1798;1.6;179.35;;;
37.876650;-6.793720;609;0;-2;17;1798;1.62;179.33;;;
37.876508;-6.793579;609;0;-2;17;1798;1.64;179.31;;;
37.876367;-6.793439;608;0;-2;17;1798;1.66;179.29;;;
37.876225;-6.793298;608;0;-3;17;1798;1.68;179.27;;;
37.876084;-6.793158;607;0;-3;17;1798;1.7;179.25;;;
37.875942;-6.793017;607;0;-3;17;1798;1.72;179.23;;;
37.875801;-6.792876;606;0;-3;17;1798;1.74;179.21;;;
37.875659;-6.792735;606;0;-3;17;1798;1.76;179.19;;;
37.875518;-6.792595;605;0;-3;17;1798;1.78;179.17;;;
37.875376;-6.792454;604;0;-3;17;1798;1.8;179.15;;;
37.875235;-6.792313;604;0;-4;17;1798;1.82;179.13;;;
37.875093;-6.792172;603;0;-4;17;1798;1.84;179.11;;;
37.874952;-6.792032;602;0;-4;17;1798;1.86;179.09;;;
37.874818;-6.791880;602;0;-4;17;1798;1.88;179.07;;;
37.874703;-6.791707;600;0;-4;17;1798;1.9;179.05;;;
37.874635;-6.791497;599;0;-5;17;1798;1.92;179.03;;;
37.874572;-6.791284;598;0;-5;17;1798;1.94;179.01;;;
37.874508;-6.791070;597;0;-5;17;1798;1.96;178.99;;;
37.874445;-6.790857;597;0;-4;17;1798;1.98;178.97;;;
37.874381;-6.790644;596;0;-4;17;1798;2;178.95;4;;
37.874318;-6.790431;595;0;-4;17;1798;2.02;178.93;;;
37.874255;-6.790217;594;0;-4;17;1798;2.04;178.91;;;
37.874194;-6.790003;593;0;-4;17;1798;2.06;178.89;;;
37.874136;-6.789787;593;0;-4;17;1798;2.08;178.87;;;
37.874079;-6.789571;592;0;-3;17;1798;2.1;178.85;;;
37.874021;-6.789355;591;0;-3;17;1798;2.12;178.83;;;
37.873964;-6.789139;591;0;-3;17;1798;2.14;178.81;;;
37.873907;-6.788923;590;0;-3;17;1798;2.16;178.79;;;
37.873490;-6.786946;584;0;-3;17;1798;2.34;178.61;;;
37.873468;-6.786720;584;0;-3;17;1798;2.36;178.59;;;
37.873449;-6.786494;583;0;-3;17;1798;2.38;178.57;;;
37.873433;-6.786267;583;0;-2;17;1798;2.4;178.55;;;
37.873416;-6.786040;582;0;-2;17;1798;2.42;178.53;;;
37.873399;-6.785813;582;0;-2;17;1798;2.44;178.51;;;
37.873382;-6.785586;581;0;-2;17;1798;2.46;178.49;;;
37.873367;-6.785359;581;0;-2;17;1798;2.48;178.47;;;
37.873358;-6.785132;580;0;-2;17;1798;2.5;178.45;;;
37.873348;-6.784904;580;0;-2;17;1798;2.52;178.43;;;
37.873338;-6.784677;580;0;-2;17;1798;2.54;178.41;;;
37.873328;-6.784449;579;0;-2;17;1798;2.56;178.39;;;
37.873317;-6.784222;579;0;-2;17;1798;2.58;178.37;;;
37.873287;-6.783997;579;0;-1;17;1798;2.6;178.35;;;
37.873221;-6.783787;578;0;-1;17;1798;2.62;178.33;;;
37.873142;-6.783582;578;0;-1;17;1798;2.64;178.31;;;
37.873053;-6.783387;578;0;-1;17;1798;2.66;178.29;;;
37.872905;-6.783263;578;0;-1;17;1798;2.68;178.27;;;
37.872731;-6.783237;578;0;0;17;1798;2.7;178.25;;;
37.872577;-6.783347;578;0;0;17;1798;2.72;178.23;;;
37.872433;-6.783483;578;0;0;17;1798;2.74;178.21;;;
37.872291;-6.783623;578;0;0;17;1798;2.76;178.19;;;
37.872148;-6.783762;578;0;0;17;1798;2.78;178.17;;;
37.871991;-6.783861;577;0;0;17;1798;2.8;178.15;;;
37.871815;-6.783870;577;0;0;17;1798;2.82;178.13;;;
37.871649;-6.783794;577;0;0;17;1798;2.84;178.11;;;
37.871504;-6.783660;577;0;0;17;1798;2.86;178.09;;;
37.871397;-6.783478;577;0;0;17;1798;2.88;178.07;;;
37.871305;-6.783283;577;0;0;17;1798;2.9;178.05;;;
37.871213;-6.783087;577;0;0;17;1798;2.92;178.03;;;
37.871121;-6.782891;577;0;0;17;1798;2.94;178.01;;;
37.871029;-6.782695;577;0;0;17;1798;2.96;177.99;;;
37.870937;-6.782500;577;0;0;17;1798;2.98;177.97;;;
37.870824;-6.782325;577;0;0;17;1798;3;177.95;;;
37.870661;-6.782228;577;0;-1;17;1798;3.02;177.93;;;
37.870498;-6.782133;577;0;-1;17;1798;3.04;177.91;;;
37.870355;-6.781999;576;0;-1;17;1798;3.06;177.89;;;
37.870285;-6.781794;576;0;-1;17;1798;3.08;177.87;;;
37.870247;-6.781572;576;0;-1;17;1798;3.1;177.85;;;
37.870216;-6.781348;576;0;-1;17;1798;3.12;177.83;;;
37.870185;-6.781123;576;0;-1;17;1798;3.14;177.81;;;
37.870153;-6.780899;575;0;-1;17;1798;3.16;177.79;;;
37.870122;-6.780675;575;0;-1;17;1798;3.18;177.77;;;
37.870091;-6.780450;575;0;-1;17;1798;3.2;177.75;;;
37.870059;-6.780226;575;0;-1;17;1798;3.22;177.73;;;
37.870028;-6.780002;575;0;-1;17;1798;3.24;177.71;;;
37.869996;-6.779777;575;0;-1;17;1798;3.26;177.69;;;
37.869982;-6.779550;574;0;-1;17;1798;3.28;177.67;;;
37.869985;-6.779323;574;0;-1;17;1798;3.3;177.65;;;
37.870012;-6.779098;574;0;-1;17;1798;3.32;177.63;;;
37.870046;-6.778874;574;0;-1;17;1798;3.34;177.61;;;
37.870081;-6.778651;573;0;-1;17;1798;3.36;177.59;;;
37.870114;-6.778427;573;0;-1;17;1798;3.38;177.57;;;
37.870129;-6.778201;573;0;-2;17;1798;3.4;177.55;;;
37.870129;-6.777973;572;0;-2;17;1798;3.42;177.53;;;
37.870119;-6.777746;572;0;-2;17;1798;3.44;177.51;;;
37.870099;-6.777519;572;0;-2;17;1798;3.46;177.49;;;
37.870078;-6.777293;571;0;-2;17;1798;3.48;177.47;;;
37.870058;-6.777067;571;0;-2;17;1798;3.5;177.45;;;
37.870037;-6.776840;571;0;-2;17;1798;3.52;177.43;;;
37.870015;-6.776614;570;0;-3;17;1798;3.54;177.41;;;
37.869964;-6.776398;569;0;-3;17;1798;3.56;177.39;;;
37.869850;-6.776225;569;0;-3;17;1798;3.58;177.37;;;
37.869695;-6.776110;568;0;-3;17;1798;3.6;177.35;;;
37.869540;-6.775995;567;0;-3;17;1798;3.62;177.33;;;
37.869415;-6.775836;566;0;-3;17;1798;3.64;177.31;;;
37.869374;-6.775619;566;0;-3;17;1798;3.66;177.29;;;
37.869353;-6.775392;565;0;-3;17;1798;3.68;177.27;;;
37.869332;-6.775166;565;0;-3;17;1798;3.7;177.25;;;
37.869311;-6.774940;564;0;-2;17;1798;3.72;177.23;;;
37.869295;-6.774713;564;0;-2;17;1798;3.74;177.21;;;
37.869285;-6.774486;564;0;-2;17;1798;3.76;177.19;;;
37.869275;-6.774258;563;0;-2;17;1798;3.78;177.17;;;
37.869265;-6.774031;563;0;-2;17;1798;3.8;177.15;;;
37.869254;-6.773803;562;0;-2;17;1798;3.82;177.13;;;
37.869249;-6.773575;562;0;-2;17;1798;3.84;177.11;;;
37.869249;-6.773348;561;0;-2;17;1798;3.86;177.09;;;
37.869259;-6.773120;561;0;-2;17;1798;3.88;177.07;;;
37.869279;-6.772894;560;0;-3;17;1798;3.9;177.05;;;
37.869318;-6.772672;560;0;-2;17;1798;3.92;177.03;;;
37.869374;-6.772456;559;0;-2;17;1798;3.94;177.01;;;
37.869436;-6.772242;559;0;-2;17;1798;3.96;176.99;;;
37.869498;-6.772028;558;0;-2;17;1798;3.98;176.97;;;
37.869560;-6.771814;558;0;-2;17;1798;4;176.95;;;
37.869684;-6.771386;557;0;-2;17;1798;4.04;176.91;;;
37.869808;-6.770958;556;0;-2;17;1798;4.08;176.87;;;
37.869885;-6.770515;556;0;-2;17;1798;4.12;176.83;;;
37.869944;-6.770068;555;0;-2;17;1798;4.16;176.79;;;
37.870042;-6.769888;554;0;-2;17;1798;4.18;176.77;;;
37.870195;-6.769769;554;0;-2;17;1798;4.2;176.75;;;
37.870326;-6.769618;553;0;-2;17;1798;4.22;176.73;;;
37.870409;-6.769417;553;0;-2;17;1798;4.24;176.71;;;
37.870459;-6.769198;552;0;-2;17;1798;4.26;176.69;;;
37.870443;-6.768971;552;0;-1;17;1798;4.28;176.67;;;
37.870332;-6.768814;552;0;-1;17;1798;4.3;176.65;;;
37.870160;-6.768746;552;0;-1;17;1798;4.32;176.63;;;
37.869989;-6.768677;552;0;-1;17;1798;4.34;176.61;;;
37.869646;-6.768540;552;0;-1;17;1798;4.38;176.57;;;
37.869302;-6.768405;551;0;-1;17;1798;4.42;176.53;;;
37.868949;-6.768322;551;0;-1;17;1798;4.46;176.49;;;
37.868600;-6.768213;551;0;-1;17;1798;4.5;176.45;;;
37.868270;-6.768040;550;0;-1;17;1798;4.54;176.41;;;
37.867992;-6.767752;550;0;-1;17;1798;4.58;176.37;;;
37.867779;-6.767391;550;0;-1;17;1798;4.62;176.33;;;
37.867628;-6.766977;549;0;-1;17;1798;4.66;176.29;;;
37.867552;-6.766770;549;0;-1;17;1798;4.68;176.27;;;
37.867477;-6.766563;549;0;-1;17;1798;4.7;176.25;;;
37.867401;-6.766356;549;0;-1;17;1798;4.72;176.23;;;
37.867326;-6.766150;549;0;-1;17;1798;4.74;176.21;;;
37.867250;-6.765943;548;0;-1;17;1798;4.76;176.19;;;
37.867112;-6.765799;548;0;-1;17;1798;4.78;176.17;;;
37.866960;-6.765678;548;0;-1;17;1798;4.8;176.15;;;
37.866808;-6.765556;548;0;-1;17;1798;4.82;176.13;;;
37.866676;-6.765402;547;0;-1;17;1798;4.84;176.11;;;
37.866487;-6.765014;547;0;-1;17;1798;4.88;176.07;;;
37.866298;-6.764626;546;0;-1;17;1798;4.92;176.03;;;
37.866101;-6.764245;546;0;-1;17;1798;4.96;175.99;;;
37.865896;-6.763872;545;0;-1;17;1798;5;175.95;;;
37.865645;-6.763546;545;0;-1;17;1798;5.04;175.91;;;
37.865389;-6.763225;544;0;-1;17;1798;5.08;175.87;;;
37.865129;-6.762911;544;0;-1;17;1798;5.12;175.83;;;
37.865009;-6.762741;544;0;-1;17;1798;5.14;175.81;;;
37.864891;-6.762569;543;0;-1;17;1798;5.16;175.79;;;
37.864772;-6.762398;543;0;-1;17;1798;5.18;175.77;;;
37.864719;-6.762185;543;0;-1;17;1798;5.2;175.75;;;
37.864729;-6.761958;543;0;-1;17;1798;5.22;175.73;;;
37.864756;-6.761733;542;0;-1;17;1798;5.24;175.71;;;
37.864782;-6.761508;542;0;-1;17;1798;5.26;175.69;;;
37.864807;-6.761282;542;0;-1;17;1798;5.28;175.67;;;
37.864827;-6.761056;542;0;-1;17;1798;5.3;175.65;;;
37.864815;-6.760829;542;0;-1;17;1798;5.32;175.63;;;
37.864803;-6.760602;542;0;-1;17;1798;5.34;175.61;;;
37.864817;-6.760376;541;0;-1;17;1798;5.36;175.59;;;
37.864841;-6.760150;541;0;-1;17;1798;5.38;175.57;;;
37.864895;-6.759934;541;0;-1;17;1798;5.4;175.55;;;
37.864962;-6.759723;541;0;-1;17;1798;5.42;175.53;;;
37.865031;-6.759512;541;0;-1;17;1798;5.44;175.51;;;
37.865121;-6.759315;541;0;-1;17;1798;5.46;175.49;;;
37.865210;-6.759118;540;0;-1;17;1798;5.48;175.47;;;
37.865300;-6.758920;540;0;-1;17;1798;5.5;175.45;;;
37.865390;-6.758723;540;0;-1;17;1798;5.52;175.43;;;
37.865479;-6.758525;540;0;-1;17;1798;5.54;175.41;;;
37.865582;-6.758339;540;0;-1;17;1798;5.56;175.39;;;
37.865692;-6.758158;540;0;-1;17;1798;5.58;175.37;;;
37.865801;-6.757977;540;0;-1;17;1798;5.6;175.35;;;
37.865910;-6.757796;540;0;0;17;1798;5.62;175.33;;;
37.865963;-6.757588;540;0;0;17;1798;5.64;175.31;;;
37.865910;-6.757381;540;0;-1;17;1798;5.66;175.29;;;
37.865782;-6.757222;539;0;-1;17;1798;5.68;175.27;;;
37.865697;-6.757022;539;0;-1;17;1798;5.7;175.25;;;
37.865635;-6.756808;539;0;-1;17;1798;5.72;175.23;;;
37.865583;-6.756590;539;0;-1;17;1798;5.74;175.21;;;
37.865549;-6.756367;539;0;-1;17;1798;5.76;175.19;;;
37.865515;-6.756143;539;0;-1;17;1798;5.78;175.17;;;
37.865481;-6.755919;539;0;-1;17;1798;5.8;175.15;;;
37.865436;-6.755699;539;0;-1;17;1798;5.82;175.13;;;
37.865324;-6.755528;538;0;-1;17;1798;5.84;175.11;;;
37.865175;-6.755402;538;0;-1;17;1798;5.86;175.09;;;
37.865025;-6.755275;538;0;-1;17;1798;5.88;175.07;;;
37.864876;-6.755148;538;0;-1;17;1798;5.9;175.05;;;
37.864763;-6.754978;538;0;-1;17;1798;5.92;175.03;;;
37.864701;-6.754764;537;0;-1;17;1798;5.94;175.01;;;
37.864639;-6.754550;537;0;-1;17;1798;5.96;174.99;;;
37.864577;-6.754336;537;0;-1;17;1798;5.98;174.97;;;
37.864516;-6.754122;537;0;-1;17;1798;6;174.95;;;
37.864455;-6.753908;537;0;-1;17;1798;6.02;174.93;;;
37.864395;-6.753693;537;0;-1;17;1798;6.04;174.91;;;
37.864341;-6.753476;537;0;-1;17;1798;6.06;174.89;;;
37.864288;-6.753258;537;0;-1;17;1798;6.08;174.87;;;
37.864268;-6.753031;536;0;-1;17;1798;6.1;174.85;;;
37.864264;-6.752804;536;0;0;17;1798;6.12;174.83;;;
37.864259;-6.752576;536;0;0;17;1798;6.14;174.81;;;
37.864254;-6.752348;536;0;0;17;1798;6.16;174.79;;;
37.864250;-6.752120;536;0;0;17;1798;6.18;174.77;;;
37.864245;-6.751893;536;0;0;17;1798;6.2;174.75;;;
37.864240;-6.751665;536;0;0;17;1798;6.22;174.73;;;
37.864216;-6.751440;536;0;0;17;1798;6.24;174.71;;;
37.864183;-6.751216;536;0;0;17;1798;6.26;174.69;;;
37.864127;-6.750999;536;0;0;17;1798;6.28;174.67;;;
37.864070;-6.750783;536;0;0;17;1798;6.3;174.65;;;
37.864014;-6.750567;536;0;0;17;1798;6.32;174.63;;;
37.863959;-6.750350;536;0;0;17;1798;6.34;174.61;;;
37.863959;-6.750125;536;0;0;17;1798;6.36;174.59;;;
37.864021;-6.749912;536;0;0;17;1798;6.38;174.57;;;
37.864099;-6.749708;536;0;0;17;1798;6.4;174.55;;;
37.864210;-6.749532;536;0;0;17;1798;6.42;174.53;;;
37.864366;-6.749423;536;0;0;17;1798;6.44;174.51;;;
37.864544;-6.749413;536;0;0;17;1798;6.46;174.49;;;
37.864712;-6.749484;536;0;0;17;1798;6.48;174.47;;;
37.864871;-6.749590;536;0;0;17;1798;6.5;174.45;;;
37.865031;-6.749695;536;0;0;17;1798;6.52;174.43;;;
37.865190;-6.749800;537;0;0;17;1798;6.54;174.41;;;
37.865338;-6.749929;537;0;0;17;1798;6.56;174.39;;;
37.865487;-6.750058;537;0;0;17;1798;6.58;174.37;;;
37.865627;-6.750200;537;0;0;17;1798;6.6;174.35;;;
37.865753;-6.750362;537;0;0;18;1797;6.62;174.33;;;
37.865879;-6.750524;537;0;0;18;1797;6.64;174.31;;;
37.866006;-6.750686;537;0;0;18;1797;6.66;174.29;;;
37.866132;-6.750849;537;0;0;18;1797;6.68;174.27;;;
37.866258;-6.751011;537;0;0;18;1797;6.7;174.25;;;
37.866386;-6.751171;537;0;0;18;1797;6.72;174.23;;;
37.866520;-6.751324;537;0;0;18;1797;6.74;174.21;;;
37.866680;-6.751383;537;0;0;18;1797;6.76;174.19;;;
37.866824;-6.751252;537;0;0;18;1797;6.78;174.17;;;
37.866959;-6.751102;537;0;0;18;1797;6.8;174.15;;;
37.867094;-6.750951;537;0;0;18;1797;6.82;174.13;;;
37.867229;-6.750801;537;0;0;18;1797;6.84;174.11;;;
37.867364;-6.750650;537;0;1;18;1797;6.86;174.09;;;
37.867510;-6.750518;537;0;1;18;1797;6.88;174.07;;;
37.867681;-6.750469;538;0;1;19;1796;6.9;174.05;;;
37.867860;-6.750454;538;0;1;19;1796;6.92;174.03;;;
37.868039;-6.750440;538;0;1;19;1796;6.94;174.01;;;
37.868219;-6.750451;538;0;1;19;1796;6.96;173.99;;;
37.868397;-6.750478;538;0;1;19;1796;6.98;173.97;;;
37.868571;-6.750537;539;0;1;19;1796;7;173.95;;;
37.868745;-6.750594;539;0;1;20;1795;7.02;173.93;;;
37.868919;-6.750652;539;0;1;20;1795;7.04;173.91;;;
37.869093;-6.750710;539;0;1;20;1795;7.06;173.89;;;
37.869263;-6.750782;539;0;1;20;1795;7.08;173.87;;;
37.869414;-6.750904;540;0;1;20;1795;7.1;173.85;;;
37.869559;-6.751038;540;0;1;21;1794;7.12;173.83;;;
37.869655;-6.751229;540;0;2;21;1794;7.14;173.81;;;
37.869721;-6.751441;540;0;2;21;1794;7.16;173.79;;;
37.869787;-6.751654;541;0;2;22;1793;7.18;173.77;;;
37.869852;-6.751866;541;0;2;22;1793;7.2;173.75;;;
37.869942;-6.752063;541;0;2;22;1793;7.22;173.73;;;
37.870034;-6.752259;542;0;3;23;1792;7.24;173.71;;;
37.870146;-6.752436;542;0;3;23;1792;7.26;173.69;;;
37.870273;-6.752596;543;0;3;24;1791;7.28;173.67;;;
37.870440;-6.752646;544;0;3;24;1791;7.3;173.65;;;
37.870582;-6.752515;545;0;3;26;1789;7.32;173.63;;;
37.870639;-6.752305;545;0;3;26;1789;7.34;173.61;;;
37.870626;-6.752078;546;0;3;27;1788;7.36;173.59;;;
37.870614;-6.751850;546;0;2;27;1788;7.38;173.57;;;
37.870601;-6.751623;546;0;2;27;1788;7.4;173.55;;;
37.870650;-6.751407;547;0;2;28;1787;7.42;173.53;;;
37.870739;-6.751212;547;0;2;28;1787;7.44;173.51;;;
37.870849;-6.751032;548;0;2;29;1786;7.46;173.49;;;
37.870979;-6.750875;548;0;2;29;1786;7.48;173.47;;;
37.871116;-6.750728;549;0;2;30;1785;7.5;173.45;;;
37.871275;-6.750624;549;0;3;30;1785;7.52;173.43;;;
37.871442;-6.750540;550;0;3;31;1784;7.54;173.41;;;
37.871615;-6.750480;550;0;3;31;1784;7.56;173.39;;;
37.871795;-6.750468;551;0;3;32;1783;7.58;173.37;;;
37.871969;-6.750431;551;0;3;32;1783;7.6;173.35;;;
37.872095;-6.750276;553;0;3;33;1782;7.62;173.33;;;
37.872188;-6.750081;553;0;3;34;1781;7.64;173.31;;;
37.872280;-6.749885;554;0;4;35;1780;7.66;173.29;;;
37.872373;-6.749690;554;0;4;35;1780;7.68;173.27;;;
37.872465;-6.749494;555;0;3;36;1779;7.7;173.25;;;
37.872529;-6.749284;556;0;3;37;1778;7.72;173.23;;;
37.872512;-6.749057;557;0;3;37;1778;7.74;173.21;;;
37.872451;-6.748845;557;0;3;38;1777;7.76;173.19;;;
37.872378;-6.748637;558;0;4;39;1776;7.78;173.17;;;
37.872305;-6.748429;558;0;3;39;1776;7.8;173.15;;;
37.872231;-6.748221;559;0;3;40;1775;7.82;173.13;;;
37.872134;-6.748030;560;0;3;41;1774;7.84;173.11;;;
37.872007;-6.747871;560;0;3;41;1774;7.86;173.09;;;
37.871870;-6.747724;561;0;3;42;1773;7.88;173.07;;;
37.871732;-6.747577;561;0;3;42;1773;7.9;173.05;;;
37.871590;-6.747438;562;0;3;43;1772;7.92;173.03;;;
37.871443;-6.747308;563;0;3;44;1771;7.94;173.01;;;
37.871306;-6.747160;564;0;3;44;1771;7.96;172.99;;;
37.871180;-6.746999;564;0;3;45;1770;7.98;172.97;;;
37.871072;-6.746816;565;0;3;46;1769;8;172.95;;;
37.870975;-6.746624;565;0;3;46;1769;8.02;172.93;;;
37.870782;-6.746240;566;0;2;47;1768;8.06;172.89;;;
37.870684;-6.746049;567;0;2;47;1768;8.08;172.87;;;
37.870596;-6.745851;567;0;2;48;1767;8.1;172.85;;;
37.870541;-6.745412;568;0;2;49;1766;8.14;172.81;;;
37.870560;-6.745186;569;0;2;49;1766;8.16;172.79;;;
37.870578;-6.744959;569;0;2;50;1765;8.18;172.77;;;
37.870681;-6.744292;570;0;2;51;1764;8.24;172.71;;;
37.870738;-6.744076;571;0;2;52;1763;8.26;172.69;;;
37.870966;-6.743457;572;0;2;53;1762;8.32;172.63;;;
37.871066;-6.743267;572;0;2;53;1762;8.34;172.61;;;
37.871166;-6.743079;573;0;2;54;1761;8.36;172.59;;;
37.871412;-6.742746;574;0;2;55;1760;8.4;172.55;;;
37.871553;-6.742605;574;0;2;55;1760;8.42;172.53;;;
37.871695;-6.742464;574;0;2;55;1760;8.44;172.51;;;
37.871987;-6.742200;575;0;2;56;1759;8.48;172.47;;;
37.872139;-6.742078;575;0;2;56;1759;8.5;172.45;;;
37.872290;-6.741955;576;0;2;57;1758;8.52;172.43;;;
37.872612;-6.741753;576;0;2;57;1758;8.56;172.39;;;
37.872768;-6.741638;577;0;2;58;1757;8.58;172.37;;;
37.872920;-6.741518;577;0;2;58;1757;8.6;172.35;;;
37.873181;-6.741213;578;0;3;59;1756;8.64;172.31;;;
37.873261;-6.741010;579;0;3;60;1755;8.66;172.29;;;
37.873278;-6.740784;579;0;3;60;1755;8.68;172.27;;;
37.873049;-6.740177;581;0;3;62;1753;8.74;172.21;;;
37.873056;-6.739949;582;0;2;63;1752;8.76;172.19;;;
37.873066;-6.739266;583;0;3;64;1751;8.82;172.13;;;
37.873063;-6.739038;583;0;3;64;1751;8.84;172.11;;;
37.873059;-6.738810;584;0;3;65;1750;8.86;172.09;;;
37.872852;-6.738470;585;0;3;66;1749;8.9;172.05;;;
37.872688;-6.738378;586;0;3;67;1748;8.92;172.03;;;
37.872524;-6.738284;586;0;3;67;1748;8.94;172.01;;;
37.872275;-6.737957;588;0;4;68;1747;8.98;171.97;;;
37.872182;-6.737763;588;0;4;69;1746;9;171.95;;;
37.872095;-6.737563;589;0;4;70;1745;9.02;171.93;;;
37.872162;-6.737249;591;0;4;72;1743;9.06;171.89;;;
37.872331;-6.737326;592;0;4;73;1742;9.08;171.87;;;
37.872496;-6.737418;593;0;4;74;1741;9.1;171.85;5;;
37.872826;-6.737597;594;0;3;75;1740;9.14;171.81;;;
37.872996;-6.737674;595;0;3;75;1740;9.16;171.79;;;
37.873165;-6.737751;595;0;3;76;1739;9.18;171.77;;;
37.873612;-6.738115;597;0;3;78;1737;9.24;171.71;;;
37.873727;-6.738290;598;0;3;79;1736;9.26;171.69;;;
37.873971;-6.738899;599;0;3;80;1735;9.32;171.63;;;
37.874052;-6.739103;600;0;3;81;1734;9.34;171.61;;;
37.874132;-6.739306;601;0;3;81;1734;9.36;171.59;;;
37.874302;-6.739708;602;0;4;83;1732;9.4;171.55;;;
37.874396;-6.739902;603;0;4;84;1731;9.42;171.53;;;
37.874516;-6.740070;604;0;4;84;1731;9.44;171.51;;;
37.874779;-6.740381;605;0;4;86;1729;9.48;171.47;;;
37.874915;-6.740530;606;0;4;87;1728;9.5;171.45;;;
37.875051;-6.740679;606;0;4;87;1728;9.52;171.43;;;
37.875280;-6.741030;608;0;3;89;1726;9.56;171.39;;;
37.875381;-6.741219;609;0;4;90;1725;9.58;171.37;;;
37.875481;-6.741408;610;0;4;90;1725;9.6;171.35;;;
37.875682;-6.741786;611;0;3;92;1723;9.64;171.31;;;
37.875782;-6.741975;611;0;3;92;1723;9.66;171.29;;;
37.875912;-6.742131;612;0;3;93;1722;9.68;171.27;;;
37.876381;-6.742459;614;0;3;95;1720;9.74;171.21;;;
37.876547;-6.742548;615;0;3;96;1719;9.76;171.19;;;
37.877043;-6.742816;616;0;2;97;1718;9.82;171.13;;;
37.877210;-6.742901;617;0;2;97;1718;9.84;171.11;;;
37.877380;-6.742974;617;0;2;98;1717;9.86;171.09;;;
37.877729;-6.743087;618;0;2;99;1716;9.9;171.05;;;
37.877904;-6.743139;619;0;2;99;1716;9.92;171.03;;;
37.878079;-6.743193;619;0;2;100;1715;9.94;171.01;;;
37.878428;-6.743299;620;0;2;101;1714;9.98;170.97;;;
37.878602;-6.743357;620;0;3;101;1714;10;170.95;;;
37.878777;-6.743414;621;0;3;102;1713;10.02;170.93;;;
37.879125;-6.743528;622;0;3;103;1712;10.06;170.89;;;
37.879299;-6.743586;623;0;3;104;1711;10.08;170.87;;;
37.879472;-6.743646;623;0;3;104;1711;10.1;170.85;;;
37.879819;-6.743767;624;0;3;105;1710;10.14;170.81;;;
37.879993;-6.743827;625;0;3;106;1709;10.16;170.79;;;
37.880166;-6.743887;626;0;3;106;1709;10.18;170.77;;;
37.880692;-6.744042;627;0;3;108;1707;10.24;170.71;;;
37.880868;-6.744083;628;0;3;108;1707;10.26;170.69;;;
37.881047;-6.744098;628;0;3;109;1706;10.28;170.67;;;
37.881225;-6.744067;629;0;3;110;1705;10.3;170.65;;;
37.881398;-6.744005;630;0;3;110;1705;10.32;170.63;;;
37.881556;-6.743900;630;0;3;111;1704;10.34;170.61;;;
37.881703;-6.743769;631;0;3;112;1703;10.36;170.59;;;
37.881830;-6.743608;632;0;3;112;1703;10.38;170.57;;;
37.881929;-6.743418;632;0;3;113;1702;10.4;170.55;;;
37.882006;-6.743212;633;0;3;114;1701;10.42;170.53;;;
37.882057;-6.742995;633;0;3;114;1701;10.44;170.51;;;
37.882091;-6.742771;634;0;3;115;1700;10.46;170.49;;;
37.882123;-6.742547;634;0;3;115;1700;10.48;170.47;;;
37.882155;-6.742323;635;0;3;115;1700;10.5;170.45;;;
37.882188;-6.742099;635;0;3;116;1699;10.52;170.43;;;
37.882267;-6.741895;636;0;3;117;1698;10.54;170.41;;;
37.882347;-6.741691;636;0;3;117;1698;10.56;170.39;;;
37.882473;-6.741532;637;0;3;118;1697;10.58;170.37;;;
37.882622;-6.741407;638;0;3;118;1697;10.6;170.35;;;
37.882785;-6.741310;638;0;3;119;1696;10.62;170.33;;;
37.882956;-6.741241;639;0;3;120;1695;10.64;170.31;;;
37.883127;-6.741170;639;0;3;120;1695;10.66;170.29;;;
37.883295;-6.741091;640;0;3;121;1694;10.68;170.27;;;
37.883457;-6.740992;640;0;3;121;1694;10.7;170.25;;;
37.883593;-6.740844;641;0;3;122;1693;10.72;170.23;;;
37.883699;-6.740663;642;0;3;122;1693;10.74;170.21;;;
37.883774;-6.740458;643;0;3;123;1692;10.76;170.19;;;
37.883795;-6.740232;643;0;3;124;1691;10.78;170.17;;;
37.883768;-6.740008;644;0;3;125;1690;10.8;170.15;;;
37.883728;-6.739786;644;0;3;125;1690;10.82;170.13;;;
37.883688;-6.739564;645;0;3;126;1689;10.84;170.11;;;
37.883649;-6.739342;646;0;3;127;1688;10.86;170.09;;;
37.883649;-6.739114;646;0;3;127;1688;10.88;170.07;;;
37.883699;-6.738895;647;0;3;128;1687;10.9;170.05;;;
37.883765;-6.738686;647;0;3;128;1687;10.92;170.03;;;
37.883892;-6.738527;648;0;3;129;1686;10.94;170.01;;;
37.884029;-6.738379;649;0;3;130;1685;10.96;169.99;;;
37.884190;-6.738279;650;0;4;130;1685;10.98;169.97;;;
37.884367;-6.738280;651;0;4;132;1683;11;169.95;6;;
37.884543;-6.738327;651;0;4;132;1683;11.02;169.93;;;
37.884716;-6.738391;652;0;4;133;1682;11.04;169.91;;;
37.884887;-6.738461;652;0;3;133;1682;11.06;169.89;;;
37.885058;-6.738530;653;0;3;134;1681;11.08;169.87;;;
37.885233;-6.738585;654;0;3;135;1680;11.1;169.85;;;
37.885408;-6.738638;654;0;3;135;1680;11.12;169.83;;;
37.885584;-6.738683;655;0;4;136;1679;11.14;169.81;;;
37.885762;-6.738707;656;0;4;137;1678;11.16;169.79;;;
37.885942;-6.738700;657;0;4;137;1678;11.18;169.77;;;
37.886110;-6.738624;657;0;4;138;1677;11.2;169.75;;;
37.886255;-6.738493;659;0;4;139;1676;11.22;169.73;;;
37.886367;-6.738315;659;0;4;140;1675;11.24;169.71;;;
37.886464;-6.738123;660;0;4;141;1674;11.26;169.69;;;
37.886557;-6.737928;661;0;4;141;1674;11.28;169.67;;;
37.886649;-6.737733;661;0;3;142;1673;11.3;169.65;;;
37.886755;-6.737550;662;0;3;143;1672;11.32;169.63;;;
37.886891;-6.737400;663;0;4;144;1671;11.34;169.61;;;
37.887042;-6.737279;664;0;4;144;1671;11.36;169.59;;;
37.887205;-6.737187;664;0;4;145;1670;11.38;169.57;;;
37.887381;-6.737139;665;0;3;146;1669;11.4;169.55;;;
37.887560;-6.737120;666;0;3;146;1669;11.42;169.53;;;
37.887739;-6.737108;666;0;4;147;1668;11.44;169.51;;;
37.887919;-6.737097;667;0;4;148;1667;11.46;169.49;;;
37.888098;-6.737077;667;0;4;148;1667;11.48;169.47;;;
37.888275;-6.737039;668;0;4;149;1666;11.5;169.45;;;
37.888447;-6.736977;669;0;4;150;1665;11.52;169.43;;;
37.888612;-6.736886;670;0;4;151;1664;11.54;169.41;;;
37.888771;-6.736779;671;0;3;152;1663;11.56;169.39;;;
37.888925;-6.736662;671;0;3;152;1663;11.58;169.37;;;
37.889096;-6.736593;672;0;3;153;1662;11.6;169.35;;;
37.889271;-6.736549;672;0;3;153;1662;11.62;169.33;;;
37.889450;-6.736559;673;0;3;154;1661;11.64;169.31;;;
37.889628;-6.736595;673;0;2;154;1661;11.66;169.29;;;
37.889801;-6.736652;674;0;2;155;1660;11.68;169.27;;;
37.889969;-6.736733;675;0;2;155;1660;11.7;169.25;;;
37.890109;-6.736871;675;0;2;156;1659;11.72;169.23;;;
37.890237;-6.737031;675;0;2;156;1659;11.74;169.21;;;
37.890348;-6.737211;676;0;2;157;1658;11.76;169.19;;;
37.890416;-6.737420;676;0;2;157;1658;11.78;169.17;;;
37.890472;-6.737637;677;0;2;157;1658;11.8;169.15;;;
37.890490;-6.737863;677;0;2;158;1657;11.82;169.13;;;
37.890502;-6.738090;677;0;2;158;1657;11.84;169.11;;;
37.890524;-6.738316;678;0;2;159;1656;11.86;169.09;;;
37.890561;-6.738539;678;0;2;159;1656;11.88;169.07;;;
37.890613;-6.738757;678;0;2;159;1656;11.9;169.05;;;
37.890681;-6.738967;679;0;1;160;1655;11.92;169.03;;;
37.890795;-6.739141;679;0;1;160;1655;11.94;169.01;;;
37.890917;-6.739309;679;0;1;160;1655;11.96;168.99;;;
37.891040;-6.739476;680;0;1;160;1655;11.98;168.97;;;
37.891152;-6.739654;680;0;1;161;1654;12;168.95;;;
37.891259;-6.739837;680;0;1;161;1654;12.02;168.93;;;
37.891365;-6.740020;680;0;1;161;1654;12.04;168.91;;;
37.891472;-6.740204;680;0;1;161;1654;12.06;168.89;;;
37.891584;-6.740382;680;0;1;161;1654;12.08;168.87;;;
37.891704;-6.740552;681;0;1;161;1654;12.1;168.85;;;
37.891847;-6.740690;681;0;1;162;1653;12.12;168.83;;;
37.892003;-6.740801;681;0;1;162;1653;12.14;168.81;;;
37.892171;-6.740880;681;0;0;162;1653;12.16;168.79;;;
37.892346;-6.740933;681;0;0;162;1653;12.18;168.77;;;
37.892524;-6.740958;681;0;0;162;1653;12.2;168.75;;;
37.892704;-6.740942;681;0;0;162;1653;12.22;168.73;;;
37.892881;-6.740907;681;0;0;162;1653;12.24;168.71;;;
37.893050;-6.740835;681;0;0;162;1653;12.26;168.69;;;
37.893206;-6.740723;681;0;0;162;1653;12.28;168.67;;;
37.893353;-6.740592;681;0;-1;162;1653;12.3;168.65;;;
37.893488;-6.740441;681;0;-1;162;1653;12.32;168.63;;;
37.893589;-6.740253;681;0;-1;162;1653;12.34;168.61;;;
37.893673;-6.740052;680;0;-1;162;1653;12.36;168.59;;;
37.893742;-6.739842;680;0;-1;162;1653;12.38;168.57;;;
37.893778;-6.739619;680;0;-2;162;1653;12.4;168.55;;;
37.893790;-6.739392;680;0;-2;162;1653;12.42;168.53;;;
37.893792;-6.739164;679;0;-2;162;1653;12.44;168.51;;;
37.893793;-6.738936;679;0;-2;162;1653;12.46;168.49;;;
37.893794;-6.738708;678;0;-2;162;1653;12.48;168.47;;;
37.893796;-6.738480;678;0;-2;162;1653;12.5;168.45;;;
37.893797;-6.738252;677;0;-2;162;1653;12.52;168.43;;;
37.893799;-6.738025;677;0;-2;162;1653;12.54;168.41;;;
37.893790;-6.737797;676;0;-2;162;1653;12.56;168.39;;;
37.893759;-6.737573;676;0;-2;162;1653;12.58;168.37;;;
37.893712;-6.737353;675;0;-2;162;1653;12.6;168.35;;;
37.893640;-6.737145;675;0;-2;162;1653;12.62;168.33;;;
37.893566;-6.736937;674;0;-2;162;1653;12.64;168.31;;;
37.893491;-6.736730;674;0;-2;162;1653;12.66;168.29;;;
37.893417;-6.736522;673;0;-2;162;1653;12.68;168.27;;;
37.893343;-6.736314;673;0;-3;162;1653;12.7;168.25;;;
37.893269;-6.736107;673;0;-3;162;1653;12.72;168.23;;;
37.893196;-6.735898;672;0;-3;162;1653;12.74;168.21;;;
37.893129;-6.735687;671;0;-3;162;1653;12.76;168.19;;;
37.893061;-6.735476;671;0;-3;162;1653;12.78;168.17;;;
37.893016;-6.735255;670;0;-4;162;1653;12.8;168.15;;;
37.892992;-6.735029;669;0;-4;162;1653;12.82;168.13;;;
37.892977;-6.734803;668;0;-4;162;1653;12.84;168.11;;;
37.892972;-6.734575;668;0;-4;162;1653;12.86;168.09;;;
37.892979;-6.734348;667;0;-4;162;1653;12.88;168.07;;;
37.893001;-6.734122;666;0;-4;162;1653;12.9;168.05;;;
37.893041;-6.733900;665;0;-4;162;1653;12.92;168.03;;;
37.893090;-6.733681;664;0;-4;162;1653;12.94;168.01;;;
37.893165;-6.733474;663;0;-4;162;1653;12.96;167.99;;;
37.893247;-6.733272;663;0;-4;162;1653;12.98;167.97;;;
37.893341;-6.733077;662;0;-4;162;1653;13;167.95;;;
37.893453;-6.732901;661;0;-4;162;1653;13.02;167.93;;;
37.893580;-6.732740;661;0;-4;162;1653;13.04;167.91;;;
37.893732;-6.732617;660;0;-4;162;1653;13.06;167.89;;;
37.893888;-6.732506;659;0;-4;162;1653;13.08;167.87;;;
37.894061;-6.732445;658;0;-3;162;1653;13.1;167.85;;;
37.894238;-6.732424;658;0;-3;162;1653;13.12;167.83;;;
37.894418;-6.732434;657;0;-3;162;1653;13.14;167.81;;;
37.894593;-6.732477;656;0;-2;162;1653;13.16;167.79;;;
37.894760;-6.732558;656;0;-2;162;1653;13.18;167.77;;;
37.894922;-6.732658;656;0;-2;162;1653;13.2;167.75;;;
37.895083;-6.732759;655;0;-2;162;1653;13.22;167.73;;;
37.895245;-6.732859;655;0;-2;162;1653;13.24;167.71;;;
37.895407;-6.732959;655;0;-1;162;1653;13.26;167.69;;;
37.895568;-6.733059;655;0;-1;162;1653;13.28;167.67;;;
37.895730;-6.733159;654;0;-1;162;1653;13.3;167.65;;;
37.895891;-6.733259;654;0;-1;162;1653;13.32;167.63;;;
37.896059;-6.733340;654;0;-1;162;1653;13.34;167.61;;;
37.896230;-6.733412;654;0;-1;162;1653;13.36;167.59;;;
37.896405;-6.733449;654;0;-1;162;1653;13.38;167.57;;;
37.896585;-6.733446;653;0;-1;162;1653;13.4;167.55;;;
37.896763;-6.733412;653;0;-1;162;1653;13.42;167.53;;;
37.896939;-6.733365;653;0;-1;162;1653;13.44;167.51;;;
37.897108;-6.733290;653;0;-1;162;1653;13.46;167.49;;;
37.897277;-6.733211;653;0;0;162;1653;13.48;167.47;;;
37.897446;-6.733132;653;0;0;162;1653;13.5;167.45;;;
37.897614;-6.733053;653;0;0;162;1653;13.52;167.43;;;
37.897779;-6.732962;653;0;0;162;1653;13.54;167.41;;;
37.897937;-6.732853;653;0;0;162;1653;13.56;167.39;;;
37.898084;-6.732723;653;0;0;162;1653;13.58;167.37;;;
37.898197;-6.732546;653;0;1;163;1652;13.6;167.35;;;
37.898302;-6.732362;653;0;1;163;1652;13.62;167.33;;;
37.898374;-6.732154;653;0;1;163;1652;13.64;167.31;;;
37.898418;-6.731933;653;0;1;163;1652;13.66;167.29;;;
37.898425;-6.731707;654;0;1;163;1652;13.68;167.27;;;
37.898410;-6.731479;654;0;1;163;1652;13.7;167.25;;;
37.898379;-6.731257;654;0;1;163;1652;13.72;167.23;;;
37.898310;-6.731047;654;0;1;164;1651;13.74;167.21;;;
37.898241;-6.730836;654;0;0;164;1651;13.76;167.19;;;
37.898172;-6.730626;654;0;0;164;1651;13.78;167.17;;;
37.898103;-6.730415;654;0;0;164;1651;13.8;167.15;;;
37.898034;-6.730205;654;0;0;164;1651;13.82;167.13;;;
37.897970;-6.729992;654;0;1;164;1651;13.84;167.11;;;
37.897908;-6.729778;655;0;1;164;1651;13.86;167.09;;;
37.897845;-6.729564;655;0;1;164;1651;13.88;167.07;;;
37.897792;-6.729347;655;0;1;164;1651;13.9;167.05;;;
37.897766;-6.729122;655;0;1;164;1651;13.92;167.03;;;
37.897759;-6.728897;655;0;0;165;1650;13.94;167.01;;;
37.897789;-6.728672;655;0;0;165;1650;13.96;166.99;;;
37.897848;-6.728458;655;0;0;165;1650;13.98;166.97;;;
37.897938;-6.728260;655;0;0;165;1650;14;166.95;;;
37.898046;-6.728080;655;0;0;165;1650;14.02;166.93;;;
37.898182;-6.727931;655;0;0;165;1650;14.04;166.91;;;
37.898330;-6.727806;655;0;0;165;1650;14.06;166.89;;;
37.898495;-6.727717;655;0;1;165;1650;14.08;166.87;;;
37.898670;-6.727663;656;0;1;165;1650;14.1;166.85;;;
37.898846;-6.727617;656;0;1;165;1650;14.12;166.83;;;
37.899021;-6.727564;656;0;1;165;1650;14.14;166.81;;;
37.899186;-6.727477;656;0;1;166;1649;14.16;166.79;;;
37.899343;-6.727367;656;0;1;166;1649;14.18;166.77;;;
37.899489;-6.727233;656;0;1;166;1649;14.2;166.75;;;
37.899632;-6.727095;657;0;1;166;1649;14.22;166.73;;;
37.899772;-6.726952;657;0;1;166;1649;14.24;166.71;;;
37.899912;-6.726809;657;0;1;166;1649;14.26;166.69;;;
37.900052;-6.726666;657;0;1;166;1649;14.28;166.67;;;
37.900192;-6.726523;657;0;1;166;1649;14.3;166.65;;;
37.900332;-6.726380;657;0;1;167;1648;14.32;166.63;;;
37.900472;-6.726236;657;0;1;167;1648;14.34;166.61;;;
37.900618;-6.726104;657;0;1;167;1648;14.36;166.59;;;
37.900765;-6.725973;658;0;1;167;1648;14.38;166.57;;;
37.900912;-6.725841;658;0;1;167;1648;14.4;166.55;;;
37.901059;-6.725710;658;0;1;167;1648;14.42;166.53;;;
37.901206;-6.725578;658;0;1;167;1648;14.44;166.51;;;
37.901362;-6.725464;658;0;1;168;1647;14.46;166.49;;;
37.901519;-6.725355;658;0;1;168;1647;14.48;166.47;;;
37.901679;-6.725250;659;0;2;168;1647;14.5;166.45;;;
37.901848;-6.725173;659;0;3;169;1646;14.52;166.43;;;
37.902026;-6.725144;660;0;3;169;1646;14.54;166.41;;;
37.902198;-6.725085;660;0;3;170;1645;14.56;166.39;;;
37.902282;-6.724904;662;0;3;171;1644;14.58;166.37;;;
37.902128;-6.724804;662;0;3;172;1643;14.6;166.35;7;;
37.901959;-6.724738;663;0;3;172;1643;14.62;166.33;;;
37.901819;-6.724595;663;0;3;173;1642;14.64;166.31;;;
37.901679;-6.724453;663;0;2;173;1642;14.66;166.29;;;
37.901593;-6.724261;664;0;2;173;1642;14.68;166.27;;;
37.901518;-6.724056;664;0;2;174;1641;14.7;166.25;;;
37.901405;-6.723881;665;0;2;174;1641;14.72;166.23;;;
37.901251;-6.723763;665;0;2;175;1640;14.74;166.21;;;
37.901084;-6.723680;665;0;2;175;1640;14.76;166.19;;;
37.900915;-6.723603;666;0;2;175;1640;14.78;166.17;;;
37.900740;-6.723565;666;0;2;176;1639;14.8;166.15;;;
37.900560;-6.723581;667;0;2;176;1639;14.82;166.13;;;
37.900386;-6.723531;667;0;2;177;1638;14.84;166.11;;;
37.900282;-6.723347;667;0;2;177;1638;14.86;166.09;;;
37.900182;-6.723158;668;0;2;177;1638;14.88;166.07;;;
37.900069;-6.722983;668;0;2;178;1637;14.9;166.05;;;
37.899941;-6.722822;668;0;2;178;1637;14.92;166.03;;;
37.899807;-6.722670;669;0;2;178;1637;14.94;166.01;;;
37.899673;-6.722518;669;0;2;179;1636;14.96;165.99;;;
37.899607;-6.722318;670;0;2;179;1636;14.98;165.97;;;
37.899575;-6.722093;670;0;2;179;1636;15;165.95;;;
37.899525;-6.721882;670;0;1;180;1635;15.02;165.93;;;
37.899393;-6.721727;670;0;1;180;1635;15.04;165.91;;;
37.899244;-6.721616;671;0;1;180;1635;15.06;165.89;;;
37.899066;-6.721582;671;0;1;180;1635;15.08;165.87;;;
37.898889;-6.721547;671;0;1;181;1634;15.1;165.85;;;
37.898717;-6.721573;671;0;1;181;1634;15.12;165.83;;;
37.898551;-6.721660;672;0;1;181;1634;15.14;165.81;;;
37.898380;-6.721712;672;0;1;181;1634;15.16;165.79;;;
37.898229;-6.721624;672;0;1;182;1633;15.18;165.77;;;
37.898137;-6.721430;672;0;1;182;1633;15.2;165.75;;;
37.898065;-6.721221;672;0;1;182;1633;15.22;165.73;;;
37.897992;-6.721013;672;0;0;182;1633;15.24;165.71;;;
37.897886;-6.720834;672;0;0;182;1633;15.26;165.69;;;
37.897727;-6.720742;672;0;0;182;1633;15.28;165.67;;;
37.897549;-6.720722;672;0;0;182;1633;15.3;165.65;;;
37.897369;-6.720711;673;0;0;182;1633;15.32;165.63;;;
37.897246;-6.720560;672;0;0;182;1633;15.34;165.61;;;
37.897135;-6.720381;672;0;0;182;1633;15.36;165.59;;;
37.897012;-6.720218;672;0;0;182;1633;15.38;165.57;;;
37.896864;-6.720088;672;0;-1;182;1633;15.4;165.55;;;
37.896694;-6.720039;672;0;-1;182;1633;15.42;165.53;;;
37.896514;-6.720024;672;0;-1;182;1633;15.44;165.51;;;
37.896335;-6.720009;672;0;-1;182;1633;15.46;165.49;;;
37.896156;-6.719994;672;0;-1;182;1633;15.48;165.47;;;
37.895976;-6.719979;671;0;-1;182;1633;15.5;165.45;;;
37.895796;-6.719985;671;0;-1;182;1633;15.52;165.43;;;
37.895618;-6.719971;671;0;-1;182;1633;15.54;165.41;;;
37.895442;-6.719926;671;0;-1;182;1633;15.56;165.39;;;
37.895265;-6.719895;671;0;-1;182;1633;15.58;165.37;;;
37.895104;-6.719956;670;0;-1;182;1633;15.6;165.35;;;
37.895021;-6.720158;670;0;-1;182;1633;15.62;165.33;;;
37.894919;-6.720337;670;0;-1;182;1633;15.64;165.31;;;
37.894759;-6.720437;670;0;-1;182;1633;15.66;165.29;;;
37.894585;-6.720466;670;0;-1;182;1633;15.68;165.27;;;
37.894419;-6.720378;669;0;-1;182;1633;15.7;165.25;;;
37.894347;-6.720179;669;0;-1;182;1633;15.72;165.23;;;
37.894430;-6.719977;669;0;-1;182;1633;15.74;165.21;;;
37.894511;-6.719774;669;0;-1;182;1633;15.76;165.19;;;
37.894565;-6.719559;669;0;-1;182;1633;15.78;165.17;;;
37.894516;-6.719364;668;0;-1;182;1633;15.8;165.15;;;
37.894393;-6.719198;668;0;-1;182;1633;15.82;165.13;;;
37.894243;-6.719079;668;0;-1;182;1633;15.84;165.11;;;
37.894080;-6.718985;668;0;-1;182;1633;15.86;165.09;;;
37.893916;-6.718890;668;0;-1;182;1633;15.88;165.07;;;
37.893748;-6.718813;668;0;0;182;1633;15.9;165.05;;;
37.893572;-6.718766;668;0;0;182;1633;15.92;165.03;;;
37.893396;-6.718718;667;0;0;182;1633;15.94;165.01;;;
37.893226;-6.718649;667;0;0;182;1633;15.96;164.99;;;
37.893067;-6.718544;667;0;0;182;1633;15.98;164.97;;;
37.892993;-6.718336;667;0;0;182;1633;16;164.95;;;
37.893017;-6.718128;667;0;0;182;1633;16.02;164.93;;;
37.893089;-6.717919;667;0;0;182;1633;16.04;164.91;;;
37.893526;-6.717328;667;0;0;182;1633;16.12;164.83;;;
37.893420;-6.717149;667;0;1;182;1633;16.14;164.81;;;
37.893300;-6.716980;667;0;1;183;1632;16.16;164.79;;;
37.893153;-6.716848;668;0;1;183;1632;16.18;164.77;;;
37.893006;-6.716717;668;0;1;183;1632;16.2;164.75;;;
37.892859;-6.716585;668;0;1;183;1632;16.22;164.73;;;
37.892667;-6.715965;669;0;2;184;1631;16.28;164.67;;;
37.892624;-6.715744;669;0;2;184;1631;16.3;164.65;;;
37.892564;-6.715534;670;0;2;185;1630;16.32;164.63;;;
37.892442;-6.715366;670;0;2;185;1630;16.34;164.61;;;
37.892321;-6.715198;670;0;2;185;1630;16.36;164.59;;;
37.892199;-6.715030;671;0;2;186;1629;16.38;164.57;;;
37.891916;-6.714213;672;0;3;188;1627;16.46;164.49;;;
37.892024;-6.714049;673;0;3;188;1627;16.48;164.47;;;
37.892195;-6.714082;674;0;3;189;1626;16.5;164.45;;;
37.892341;-6.714215;674;0;3;190;1625;16.52;164.43;;;
37.892487;-6.714348;675;0;3;190;1625;16.54;164.41;;;
37.893150;-6.714621;678;0;3;193;1622;16.62;164.33;;;
37.893304;-6.714740;678;0;3;193;1622;16.64;164.31;;;
37.893457;-6.714859;679;0;4;194;1621;16.66;164.29;;;
37.893613;-6.714970;679;0;4;195;1620;16.68;164.27;;;
37.893792;-6.714987;680;0;4;195;1620;16.7;164.25;;;
37.893969;-6.714949;681;0;4;196;1619;16.72;164.23;;;
37.894350;-6.714482;684;0;5;199;1616;16.78;164.17;;;
37.894525;-6.714428;685;0;4;200;1615;16.8;164.15;;;
37.894697;-6.714366;686;0;4;201;1614;16.82;164.13;;;
37.894854;-6.714255;687;0;4;202;1613;16.84;164.11;;;
37.895000;-6.714123;688;0;4;203;1612;16.86;164.09;;;
37.895128;-6.713963;688;0;4;204;1611;16.88;164.07;;;
37.895355;-6.713151;692;0;4;207;1608;16.96;163.99;;;
37.895424;-6.712940;693;0;5;208;1607;16.98;163.97;;;
37.895455;-6.712721;694;0;4;209;1606;17;163.95;;;
37.895405;-6.712518;695;0;4;210;1605;17.02;163.93;;;
37.895273;-6.712363;696;0;4;211;1604;17.04;163.91;;;
37.894718;-6.711821;699;0;3;214;1601;17.12;163.83;;;
37.894552;-6.711732;699;0;3;214;1601;17.14;163.81;;;
37.894452;-6.711549;700;0;3;215;1600;17.16;163.79;;;
37.894363;-6.711351;700;0;3;216;1599;17.18;163.77;;;
37.894280;-6.711150;701;0;3;216;1599;17.2;163.75;;;
37.894229;-6.710932;702;0;3;217;1598;17.22;163.73;;;
37.894201;-6.710266;704;0;4;219;1596;17.28;163.67;;;
37.894310;-6.710086;704;0;4;219;1596;17.3;163.65;;;
37.894399;-6.709890;705;0;4;220;1595;17.32;163.63;;;
37.894409;-6.709662;706;0;4;221;1594;17.34;163.61;;;
37.894318;-6.709471;707;0;4;222;1593;17.36;163.59;;;
37.894172;-6.709339;707;0;5;223;1592;17.38;163.57;;;
37.893866;-6.708562;712;0;5;227;1588;17.46;163.49;;;
37.893937;-6.708353;713;0;5;228;1587;17.48;163.47;;;
37.894049;-6.708177;714;0;6;229;1586;17.5;163.45;;;
37.894181;-6.708024;715;0;6;230;1585;17.52;163.43;;;
37.894321;-6.707880;716;0;6;231;1584;17.54;163.41;;;
37.894931;-6.707403;722;0;8;237;1578;17.62;163.33;;;
37.895106;-6.707350;724;0;8;239;1576;17.64;163.31;;;
37.895281;-6.707298;725;0;8;240;1575;17.66;163.29;;;
37.895456;-6.707246;726;0;8;242;1573;17.68;163.27;;;
37.895631;-6.707194;728;0;8;243;1572;17.7;163.25;8;;
37.895806;-6.707142;729;0;8;245;1570;17.72;163.23;;;
37.896319;-6.706930;735;0;9;250;1565;17.78;163.17;;;
37.896486;-6.706846;737;0;9;252;1563;17.8;163.15;;;
37.896653;-6.706762;738;0;9;254;1561;17.82;163.13;;;
37.896811;-6.706654;741;0;9;256;1559;17.84;163.11;;;
37.896967;-6.706540;744;0;9;259;1556;17.86;163.09;;;
37.897103;-6.706392;746;0;9;261;1554;17.88;163.07;;;
37.897449;-6.705600;753;0;9;268;1547;17.96;162.99;;;
37.897496;-6.705380;755;0;9;270;1545;17.98;162.97;;;
37.897524;-6.705155;757;0;9;272;1543;18;162.95;;;
37.897552;-6.704930;759;0;9;274;1541;18.02;162.93;;;
37.897579;-6.704705;761;0;9;276;1539;18.04;162.91;;;
37.897689;-6.703803;769;0;9;284;1531;18.12;162.83;;;
37.897716;-6.703578;771;0;9;286;1529;18.14;162.81;;;
37.897753;-6.703355;773;0;9;288;1527;18.16;162.79;;;
37.897800;-6.703135;775;0;9;290;1525;18.18;162.77;;;
37.897860;-6.702921;777;0;9;292;1523;18.2;162.75;;;
37.897921;-6.702706;779;0;9;294;1521;18.22;162.73;;;
37.898102;-6.702062;784;0;9;299;1516;18.28;162.67;;;
37.898162;-6.701847;786;0;9;301;1514;18.3;162.65;;;
37.898213;-6.701629;787;0;9;303;1512;18.32;162.63;;;
37.898256;-6.701407;789;0;9;305;1510;18.34;162.61;;;
37.898298;-6.701186;791;0;9;307;1508;18.36;162.59;;;
37.898341;-6.700964;793;0;9;309;1506;18.38;162.57;;;
37.898511;-6.700079;801;0;9;316;1499;18.46;162.49;;;
37.898538;-6.699853;803;0;8;318;1497;18.48;162.47;;;
37.898559;-6.699627;805;0;7;320;1495;18.5;162.45;;;
37.898550;-6.699399;806;0;7;321;1494;18.52;162.43;;;
37.898528;-6.699173;807;0;6;322;1493;18.54;162.41;;;
37.898421;-6.698272;811;0;4;326;1489;18.62;162.33;;;
37.898390;-6.698047;812;0;4;327;1488;18.64;162.31;;;
37.898358;-6.697823;812;0;4;327;1488;18.66;162.29;;;
37.898326;-6.697599;813;0;3;328;1487;18.68;162.27;;;
37.898295;-6.697374;814;0;3;329;1486;18.7;162.25;;;
37.898263;-6.697150;814;0;2;329;1486;18.72;162.23;;;
37.898168;-6.696477;815;0;1;330;1485;18.78;162.17;;;
37.898136;-6.696252;815;0;0;330;1485;18.8;162.15;;;
37.898105;-6.696028;815;0;0;330;1485;18.82;162.13;;;
37.898077;-6.695803;815;0;-1;330;1485;18.84;162.11;;;
37.898047;-6.695578;815;0;-1;330;1485;18.86;162.09;;;
37.898018;-6.695353;815;0;-2;330;1485;18.88;162.07;;;
37.897902;-6.694453;813;0;-3;330;1485;18.96;161.99;;;
37.897873;-6.694228;812;0;-4;330;1485;18.98;161.97;;;
37.897844;-6.694003;811;0;-4;330;1485;19;161.95;;;
37.897815;-6.693779;810;0;-5;330;1485;19.02;161.93;;;
37.897785;-6.693554;809;0;-5;330;1485;19.04;161.91;;;
37.897789;-6.692646;804;0;-6;330;1485;19.12;161.83;;;
37.897809;-6.692419;803;0;-6;330;1485;19.14;161.81;;;
37.897829;-6.692193;802;0;-5;330;1485;19.16;161.79;;;
37.897849;-6.691966;801;0;-6;330;1485;19.18;161.77;;;
37.897874;-6.691741;800;0;-6;330;1485;19.2;161.75;;;
37.897906;-6.691516;799;0;-6;330;1485;19.22;161.73;;;
37.898000;-6.690843;795;0;-7;330;1485;19.28;161.67;;;
37.898042;-6.690622;794;0;-7;330;1485;19.3;161.65;;;
37.898084;-6.690400;792;0;-8;330;1485;19.32;161.63;;;
37.898124;-6.690178;791;0;-8;330;1485;19.34;161.61;;;
37.898180;-6.689961;789;0;-8;330;1485;19.36;161.59;;;
37.898242;-6.689748;787;0;-9;330;1485;19.38;161.57;;;
37.898490;-6.688892;780;0;-10;330;1485;19.46;161.49;;;
37.898552;-6.688678;778;0;-10;330;1485;19.48;161.47;;;
37.898623;-6.688469;776;0;-9;330;1485;19.5;161.45;;;
37.898708;-6.688268;774;0;-9;330;1485;19.52;161.43;;;
37.898815;-6.688086;772;0;-9;330;1485;19.54;161.41;;;
37.899355;-6.687486;765;0;-8;330;1485;19.62;161.33;;;
37.899497;-6.687346;764;0;-8;330;1485;19.64;161.31;;;
37.899638;-6.687205;762;0;-8;330;1485;19.66;161.29;;;
37.899780;-6.687065;761;0;-8;330;1485;19.68;161.27;;;
37.899921;-6.686924;759;0;-8;330;1485;19.7;161.25;;;
37.900063;-6.686784;758;0;-8;330;1485;19.72;161.23;;;
37.900488;-6.686362;753;0;-8;330;1485;19.78;161.17;;;
37.900630;-6.686222;751;0;-8;330;1485;19.8;161.15;;;
37.900771;-6.686081;750;0;-8;330;1485;19.82;161.13;;;
37.900913;-6.685940;748;0;-7;330;1485;19.84;161.11;;;
37.901054;-6.685800;747;0;-7;330;1485;19.86;161.09;;;
37.901196;-6.685659;745;0;-8;330;1485;19.88;161.07;;;
37.901755;-6.685087;739;0;-8;330;1485;19.96;160.99;;;
37.901858;-6.684900;738;0;-8;330;1485;19.98;160.97;;;
37.901947;-6.684704;736;0;-8;330;1485;20;160.95;;;
37.902017;-6.684494;735;0;-8;330;1485;20.02;160.93;;;
37.902049;-6.684270;733;0;-7;330;1485;20.04;160.91;;;
37.901875;-6.683398;727;0;-6;330;1485;20.12;160.83;;;
37.901790;-6.683197;726;0;-5;330;1485;20.14;160.81;;;
37.901705;-6.682996;726;0;-5;330;1485;20.16;160.79;;;
37.901620;-6.682795;725;0;-5;330;1485;20.18;160.77;;;
37.901550;-6.682586;724;0;-5;330;1485;20.2;160.75;;;
37.901504;-6.682366;723;0;-4;330;1485;20.22;160.73;;;
37.901525;-6.681687;720;0;-3;330;1485;20.28;160.67;;;
37.901561;-6.681464;720;0;-2;330;1485;20.3;160.65;;;
37.901614;-6.681247;719;0;-2;330;1485;20.32;160.63;;;
37.901686;-6.681038;719;0;-1;330;1485;20.34;160.61;;;
37.901772;-6.680839;719;0;-1;330;1485;20.36;160.59;;;
37.901866;-6.680645;719;0;0;330;1485;20.38;160.57;;;
37.902398;-6.680038;719;0;1;331;1484;20.46;160.49;;;
37.902562;-6.679945;720;0;2;331;1484;20.48;160.47;;;
37.902724;-6.679847;720;0;2;332;1483;20.5;160.45;;;
37.902877;-6.679727;720;0;2;332;1483;20.52;160.43;;;
37.903018;-6.679587;721;0;2;333;1482;20.54;160.41;;;
37.903136;-6.679416;721;0;2;333;1482;20.56;160.39;;;
37.903235;-6.679227;722;0;3;334;1481;20.58;160.37;;;
37.903309;-6.679019;722;0;3;334;1481;20.6;160.35;;;
37.903348;-6.678797;723;0;2;335;1480;20.62;160.33;;;
37.903387;-6.678575;723;0;3;335;1480;20.64;160.31;;;
37.903426;-6.678352;724;0;3;336;1479;20.66;160.29;;;
37.903478;-6.678135;724;0;3;336;1479;20.68;160.27;;;
37.903550;-6.677926;725;0;3;337;1478;20.7;160.25;;;
37.903639;-6.677729;726;0;3;337;1478;20.72;160.23;;;
37.903765;-6.677566;726;0;3;338;1477;20.74;160.21;;;
37.903892;-6.677404;727;0;3;338;1477;20.76;160.19;;;
37.904013;-6.677236;727;0;3;339;1476;20.78;160.17;;;
37.904110;-6.677045;728;0;3;340;1475;20.8;160.15;;;
37.904196;-6.676844;729;0;3;340;1475;20.82;160.13;;;
37.904261;-6.676633;729;0;3;341;1474;20.84;160.11;;;
37.904319;-6.676417;730;0;3;341;1474;20.86;160.09;;;
37.904348;-6.676192;730;0;3;342;1473;20.88;160.07;;;
37.904369;-6.675966;731;0;3;343;1472;20.9;160.05;;;
37.904369;-6.675738;732;0;3;344;1471;20.92;160.03;;;
37.904362;-6.675511;732;0;3;344;1471;20.94;160.01;;;
37.904340;-6.675284;733;0;2;345;1470;20.96;159.99;;;
37.904303;-6.675061;733;0;2;345;1470;20.98;159.97;;;
37.904265;-6.674839;734;0;2;345;1470;21;159.95;;;
37.904226;-6.674616;734;0;2;346;1469;21.02;159.93;;;
37.904177;-6.674397;734;0;2;346;1469;21.04;159.91;;;
37.904129;-6.674177;735;0;2;346;1469;21.06;159.89;;;
37.904062;-6.673966;735;0;2;347;1468;21.08;159.87;;;
37.903969;-6.673772;735;0;2;347;1468;21.1;159.85;;;
37.903865;-6.673586;736;0;1;347;1468;21.12;159.83;;;
37.903760;-6.673401;736;0;1;348;1467;21.14;159.81;;;
37.903656;-6.673215;736;0;1;348;1467;21.16;159.79;;;
37.903552;-6.673030;736;0;1;348;1467;21.18;159.77;;;
37.903447;-6.672844;737;0;1;348;1467;21.2;159.75;;;
37.903358;-6.672647;737;0;1;349;1466;21.22;159.73;;;
37.903291;-6.672436;737;0;1;349;1466;21.24;159.71;;;
37.903233;-6.672220;738;0;1;349;1466;21.26;159.69;;;
37.903193;-6.671999;738;0;1;350;1465;21.28;159.67;;;
37.903166;-6.671774;738;0;1;350;1465;21.3;159.65;;;
37.903152;-6.671546;738;0;1;350;1465;21.32;159.63;;;
37.903143;-6.671319;739;0;1;350;1465;21.34;159.61;;;
37.903134;-6.671091;739;0;1;350;1465;21.36;159.59;;;
37.903124;-6.670864;739;0;0;350;1465;21.38;159.57;;;
37.903114;-6.670636;739;0;0;350;1465;21.4;159.55;;;
37.903105;-6.670408;739;0;0;351;1464;21.42;159.53;;;
37.903096;-6.670181;739;0;0;351;1464;21.44;159.51;;;
37.903087;-6.669953;739;0;0;351;1464;21.46;159.49;;;
37.903077;-6.669725;739;0;0;351;1464;21.48;159.47;;;
37.903068;-6.669498;739;0;0;351;1464;21.5;159.45;;;
37.903059;-6.669270;739;0;0;351;1464;21.52;159.43;;;
37.903049;-6.669042;739;0;1;351;1464;21.54;159.41;;;
37.903039;-6.668815;739;0;1;351;1464;21.56;159.39;;;
37.903025;-6.668588;740;0;1;351;1464;21.58;159.37;;;
37.903011;-6.668360;740;0;1;351;1464;21.6;159.35;;;
37.902996;-6.668133;740;0;1;352;1463;21.62;159.33;;;
37.902982;-6.667906;740;0;1;352;1463;21.64;159.31;;;
37.902968;-6.667679;740;0;1;352;1463;21.66;159.29;;;
37.902946;-6.667453;740;0;1;352;1463;21.68;159.27;;;
37.902911;-6.667229;740;0;1;352;1463;21.7;159.25;;;
37.902876;-6.667005;740;0;0;352;1463;21.72;159.23;;;
37.902827;-6.666786;741;0;0;352;1463;21.74;159.21;;;
37.902774;-6.666569;741;0;0;352;1463;21.76;159.19;;;
37.902721;-6.666351;741;0;0;352;1463;21.78;159.17;;;
37.902668;-6.666133;741;0;0;352;1463;21.8;159.15;;;
37.902615;-6.665915;741;0;0;352;1463;21.82;159.13;;;
37.902563;-6.665697;741;0;0;352;1463;21.84;159.11;;;
37.902510;-6.665479;741;0;0;352;1463;21.86;159.09;;;
37.902457;-6.665261;740;0;0;352;1463;21.88;159.07;;;
37.902376;-6.665058;740;0;0;352;1463;21.9;159.05;9;;
37.902283;-6.664865;740;0;0;352;1463;21.92;159.03;;;
37.902158;-6.664701;740;0;0;352;1463;21.94;159.01;;;
37.902024;-6.664549;740;0;0;352;1463;21.96;158.99;;;
37.901875;-6.664423;740;0;0;352;1463;21.98;158.97;;;
37.901720;-6.664308;740;0;0;352;1463;22;158.95;;;
37.901567;-6.664189;740;0;0;352;1463;22.02;158.93;;;
37.901429;-6.664045;740;0;0;352;1463;22.04;158.91;;;
37.901328;-6.663857;740;0;0;352;1463;22.06;158.89;;;
37.901259;-6.663647;740;0;0;352;1463;22.08;158.87;;;
37.901249;-6.663419;740;0;0;352;1463;22.1;158.85;;;
37.901260;-6.663191;740;0;0;352;1463;22.12;158.83;;;
37.901271;-6.662964;740;0;0;352;1463;22.14;158.81;;;
37.901270;-6.662738;740;0;0;352;1463;22.16;158.79;;;
37.901222;-6.662518;739;0;0;352;1463;22.18;158.77;;;
37.901141;-6.662316;739;0;-1;352;1463;22.2;158.75;;;
37.901042;-6.662126;739;0;-1;352;1463;22.22;158.73;;;
37.900943;-6.661935;739;0;-1;352;1463;22.24;158.71;;;
37.900844;-6.661745;739;0;-1;352;1463;22.26;158.69;;;
37.900746;-6.661554;739;0;-1;352;1463;22.28;158.67;;;
37.900647;-6.661364;739;0;-1;352;1463;22.3;158.65;;;
37.900530;-6.661193;738;0;-1;352;1463;22.32;158.63;;;
37.900377;-6.661073;738;0;-1;352;1463;22.34;158.61;;;
37.900216;-6.660971;738;0;-1;352;1463;22.36;158.59;;;
37.900055;-6.660870;738;0;-1;352;1463;22.38;158.57;;;
37.899895;-6.660766;738;0;-1;352;1463;22.4;158.55;;;
37.899737;-6.660656;737;0;-1;352;1463;22.42;158.53;;;
37.899580;-6.660546;737;0;-1;352;1463;22.44;158.51;;;
37.899427;-6.660426;737;0;-1;352;1463;22.46;158.49;;;
37.899284;-6.660288;737;0;-2;352;1463;22.48;158.47;;;
37.899153;-6.660133;736;0;-2;352;1463;22.5;158.45;;;
37.899084;-6.659927;736;0;-2;352;1463;22.52;158.43;;;
37.899037;-6.659709;735;0;-1;352;1463;22.54;158.41;;;
37.899009;-6.659486;735;0;-1;352;1463;22.56;158.39;;;
37.899038;-6.659261;735;0;-1;352;1463;22.58;158.37;;;
37.899068;-6.659036;735;0;-1;352;1463;22.6;158.35;;;
37.899123;-6.658819;735;0;-1;352;1463;22.62;158.33;;;
37.899178;-6.658602;734;0;-1;352;1463;22.64;158.31;;;
37.899238;-6.658388;734;0;-1;352;1463;22.66;158.29;;;
37.899316;-6.658182;734;0;-1;352;1463;22.68;158.27;;;
37.899392;-6.657976;734;0;-1;352;1463;22.7;158.25;;;
37.899493;-6.657789;733;0;-1;352;1463;22.72;158.23;;;
37.899601;-6.657607;733;0;-1;352;1463;22.74;158.21;;;
37.899723;-6.657440;733;0;-1;352;1463;22.76;158.19;;;
37.899870;-6.657312;732;0;-1;352;1463;22.78;158.17;;;
37.900027;-6.657200;732;0;-1;352;1463;22.8;158.15;;;
37.900193;-6.657114;732;0;-1;352;1463;22.82;158.13;;;
37.900360;-6.657027;732;0;-1;352;1463;22.84;158.11;;;
37.900526;-6.656939;731;0;-1;352;1463;22.86;158.09;;;
37.900691;-6.656848;731;0;-1;352;1463;22.88;158.07;;;
37.900850;-6.656742;731;0;-1;352;1463;22.9;158.05;;;
37.901003;-6.656623;731;0;-1;352;1463;22.92;158.03;;;
37.901119;-6.656450;731;0;-1;352;1463;22.94;158.01;;;
37.901225;-6.656267;730;0;-1;352;1463;22.96;157.99;;;
37.901297;-6.656059;730;0;-1;352;1463;22.98;157.97;;;
37.901332;-6.655835;730;0;-1;352;1463;23;157.95;;;
37.901359;-6.655610;730;0;-1;352;1463;23.02;157.93;;;
37.901386;-6.655385;730;0;-1;352;1463;23.04;157.91;;;
37.901413;-6.655159;730;0;-1;352;1463;23.06;157.89;;;
37.901441;-6.654934;730;0;-1;352;1463;23.08;157.87;;;
37.901468;-6.654709;730;0;-1;352;1463;23.1;157.85;;;
37.901496;-6.654484;729;0;-1;352;1463;23.12;157.83;;;
37.901523;-6.654258;729;0;-1;352;1463;23.14;157.81;;;
37.901549;-6.654033;729;0;-1;352;1463;23.16;157.79;;;
37.901556;-6.653805;729;0;-1;352;1463;23.18;157.77;;;
37.901539;-6.653580;729;0;-1;352;1463;23.2;157.75;;;
37.901490;-6.653361;728;0;-1;352;1463;23.22;157.73;;;
37.901420;-6.653152;728;0;-1;352;1463;23.24;157.71;;;
37.901350;-6.652942;728;0;-2;352;1463;23.26;157.69;;;
37.901324;-6.652716;727;0;-2;352;1463;23.28;157.67;;;
37.901338;-6.652490;727;0;-2;352;1463;23.3;157.65;;;
37.901382;-6.652270;727;0;-2;352;1463;23.32;157.63;;;
37.901452;-6.652061;726;0;-2;352;1463;23.34;157.61;;;
37.901546;-6.651867;726;0;-2;352;1463;23.36;157.59;;;
37.901669;-6.651703;725;0;-2;352;1463;23.38;157.57;;;
37.901806;-6.651556;725;0;-2;352;1463;23.4;157.55;;;
37.901956;-6.651432;724;0;-3;352;1463;23.42;157.53;;;
37.902122;-6.651345;724;0;-3;352;1463;23.44;157.51;;;
37.902288;-6.651258;723;0;-3;352;1463;23.46;157.49;;;
37.902449;-6.651155;723;0;-2;352;1463;23.48;157.47;;;
37.902573;-6.650992;722;0;-2;352;1463;23.5;157.45;;;
37.902695;-6.650824;722;0;-2;352;1463;23.52;157.43;;;
37.902803;-6.650641;721;0;-2;352;1463;23.54;157.41;;;
37.902909;-6.650457;721;0;-3;352;1463;23.56;157.39;;;
37.903015;-6.650273;721;0;-2;352;1463;23.58;157.37;;;
37.903113;-6.650083;720;0;-2;352;1463;23.6;157.35;10;;
37.903177;-6.649874;719;0;-2;352;1463;23.62;157.33;;;
37.903116;-6.649666;719;0;-2;352;1463;23.64;157.31;;;
37.902982;-6.649514;718;0;-2;352;1463;23.66;157.29;;;
37.902847;-6.649363;718;0;-2;352;1463;23.68;157.27;;;
37.902713;-6.649212;718;0;-2;352;1463;23.7;157.25;;;
37.902578;-6.649060;717;0;-1;352;1463;23.72;157.23;;;
37.902444;-6.648909;717;0;-1;352;1463;23.74;157.21;;;
37.902309;-6.648758;717;0;-1;352;1463;23.76;157.19;;;
37.902174;-6.648606;717;0;-1;352;1463;23.78;157.17;;;
37.902054;-6.648438;717;0;-1;352;1463;23.8;157.15;;;
37.901928;-6.648276;717;0;-1;352;1463;23.82;157.13;;;
37.901795;-6.648121;716;0;-1;352;1463;23.84;157.11;;;
37.901663;-6.647967;716;0;-1;352;1463;23.86;157.09;;;
37.901542;-6.647799;716;0;-1;352;1463;23.88;157.07;;;
37.901425;-6.647625;716;0;-1;352;1463;23.9;157.05;;;
37.901318;-6.647443;716;0;-1;352;1463;23.92;157.03;;;
37.901232;-6.647242;716;0;-1;352;1463;23.94;157.01;;;
37.901146;-6.647042;716;0;0;352;1463;23.96;156.99;;;
37.901064;-6.646839;716;0;0;352;1463;23.98;156.97;;;
37.900982;-6.646636;716;0;0;352;1463;24;156.95;;;
37.900900;-6.646434;716;0;0;352;1463;24.02;156.93;;;
37.900818;-6.646231;716;0;0;352;1463;24.04;156.91;;;
37.900736;-6.646028;716;0;1;353;1462;24.06;156.89;;;
37.900654;-6.645825;716;0;1;353;1462;24.08;156.87;;;
37.900572;-6.645622;716;0;1;353;1462;24.1;156.85;;;
37.900489;-6.645420;716;0;1;353;1462;24.12;156.83;;;
37.900407;-6.645217;716;0;1;353;1462;24.14;156.81;;;
37.900335;-6.645009;717;0;1;354;1461;24.16;156.79;;;
37.900279;-6.644792;717;0;1;354;1461;24.18;156.77;;;
37.900234;-6.644572;717;0;1;354;1461;24.2;156.75;;;
37.900204;-6.644347;718;0;1;354;1461;24.22;156.73;;;
37.900173;-6.644123;718;0;2;355;1460;24.24;156.71;;;
37.900161;-6.643896;718;0;2;355;1460;24.26;156.69;;;
37.900165;-6.643669;718;0;2;355;1460;24.28;156.67;;;
37.900168;-6.643441;719;0;2;356;1459;24.3;156.65;;;
37.900172;-6.643213;719;0;2;356;1459;24.32;156.63;;;
37.900175;-6.642985;720;0;2;357;1458;24.34;156.61;;;
37.900178;-6.642757;720;0;3;357;1458;24.36;156.59;;;
37.900182;-6.642529;721;0;3;358;1457;24.38;156.57;;;
37.900185;-6.642301;721;0;3;358;1457;24.4;156.55;;;
37.900189;-6.642073;722;0;3;359;1456;24.42;156.53;;;
37.900193;-6.641845;723;0;3;359;1456;24.44;156.51;;;
37.900196;-6.641617;723;0;3;360;1455;24.46;156.49;;;
37.900199;-6.641390;724;0;3;361;1454;24.48;156.47;;;
37.900194;-6.641162;725;0;3;362;1453;24.5;156.45;;;
37.900188;-6.640934;725;0;3;362;1453;24.52;156.43;;;
37.900183;-6.640706;726;0;3;363;1452;24.54;156.41;;;
37.900177;-6.640478;727;0;3;364;1451;24.56;156.39;;;
37.900171;-6.640250;727;0;3;364;1451;24.58;156.37;;;
37.900159;-6.640023;728;0;3;365;1450;24.6;156.35;;;
37.900144;-6.639796;729;0;3;366;1449;24.62;156.33;;;
37.900128;-6.639569;729;0;3;366;1449;24.64;156.31;;;
37.900113;-6.639342;730;0;3;367;1448;24.66;156.29;;;
37.900098;-6.639115;730;0;4;367;1448;24.68;156.27;;;
37.900082;-6.638888;731;0;4;368;1447;24.7;156.25;;;
37.900053;-6.638663;732;0;4;369;1446;24.72;156.23;;;
37.900023;-6.638438;733;0;4;370;1445;24.74;156.21;;;
37.899983;-6.638216;734;0;4;371;1444;24.76;156.19;;;
37.899938;-6.637995;734;0;4;371;1444;24.78;156.17;;;
37.899890;-6.637776;735;0;4;372;1443;24.8;156.15;;;
37.899829;-6.637561;736;0;3;373;1442;24.82;156.13;;;
37.899769;-6.637346;736;0;3;373;1442;24.84;156.11;;;
37.899709;-6.637131;737;0;3;374;1441;24.86;156.09;;;
37.899649;-6.636917;738;0;3;375;1440;24.88;156.07;;;
37.899588;-6.636702;738;0;3;375;1440;24.9;156.05;;;
37.899550;-6.636479;739;0;3;376;1439;24.92;156.03;;;
37.899523;-6.636255;739;0;3;376;1439;24.94;156.01;;;
37.899505;-6.636028;740;0;3;377;1438;24.96;155.99;;;
37.899498;-6.635800;741;0;3;377;1438;24.98;155.97;;;
37.899496;-6.635572;741;0;3;378;1437;25;155.95;;;
37.899494;-6.635344;742;0;3;379;1436;25.02;155.93;;;
37.899492;-6.635116;742;0;3;379;1436;25.04;155.91;;;
37.899490;-6.634888;743;0;3;380;1435;25.06;155.89;;;
37.899488;-6.634660;743;0;3;380;1435;25.08;155.87;;;
37.899486;-6.634433;744;0;3;381;1434;25.1;155.85;;;
37.899485;-6.634205;744;0;2;381;1434;25.12;155.83;;;
37.899483;-6.633977;745;0;2;382;1433;25.14;155.81;;;
37.899481;-6.633749;745;0;3;382;1433;25.16;155.79;;;
37.899476;-6.633521;746;0;3;383;1432;25.18;155.77;;;
37.899469;-6.633293;746;0;3;383;1432;25.2;155.75;;;
37.899461;-6.633065;747;0;3;384;1431;25.22;155.73;;;
37.899445;-6.632838;747;0;3;384;1431;25.24;155.71;;;
37.899427;-6.632612;748;0;3;385;1430;25.26;155.69;;;
37.899397;-6.632387;749;0;3;385;1430;25.28;155.67;;;
37.899359;-6.632165;749;0;2;386;1429;25.3;155.65;;;
37.899312;-6.631945;750;0;2;386;1429;25.32;155.63;;;
37.899257;-6.631728;750;0;2;387;1428;25.34;155.61;;;
37.899200;-6.631511;750;0;2;387;1428;25.36;155.59;;;
37.899133;-6.631300;751;0;1;388;1427;25.38;155.57;;;
37.899065;-6.631089;751;0;1;388;1427;25.4;155.55;;;
37.898993;-6.630880;751;0;1;388;1427;25.42;155.53;;;
37.898920;-6.630672;751;0;1;388;1427;25.44;155.51;;;
37.898846;-6.630464;751;0;0;388;1427;25.46;155.49;;;
37.898773;-6.630256;751;0;0;388;1427;25.48;155.47;;;
37.898699;-6.630048;751;0;0;388;1427;25.5;155.45;;;
37.898626;-6.629840;751;0;0;388;1427;25.52;155.43;;;
37.898552;-6.629632;751;0;0;388;1427;25.54;155.41;;;
37.898479;-6.629424;751;0;0;388;1427;25.56;155.39;;;
37.898406;-6.629215;751;0;-1;388;1427;25.58;155.37;;;
37.898333;-6.629007;751;0;-1;388;1427;25.6;155.35;;;
37.898259;-6.628799;751;0;-1;388;1427;25.62;155.33;;;
37.898190;-6.628589;751;0;-1;388;1427;25.64;155.31;;;
37.898138;-6.628371;750;0;-1;388;1427;25.66;155.29;;;
37.898089;-6.628152;750;0;-1;388;1427;25.68;155.27;;;
37.898044;-6.627931;750;0;-1;388;1427;25.7;155.25;;;
37.897998;-6.627711;750;0;-1;388;1427;25.72;155.23;;;
37.897985;-6.627484;749;0;-2;388;1427;25.74;155.21;;;
37.897973;-6.627256;749;0;-2;388;1427;25.76;155.19;;;
37.897980;-6.627029;749;0;-2;388;1427;25.78;155.17;;;
37.897994;-6.626802;748;0;-2;388;1427;25.8;155.15;;;
37.898020;-6.626577;748;0;-2;388;1427;25.82;155.13;;;
37.898054;-6.626353;747;0;-2;388;1427;25.84;155.11;;;
37.898092;-6.626130;747;0;-2;388;1427;25.86;155.09;;;
37.898140;-6.625911;747;0;-2;388;1427;25.88;155.07;;;
37.898188;-6.625691;747;0;-2;388;1427;25.9;155.05;;;
37.898236;-6.625471;746;0;-1;388;1427;25.92;155.03;;;
37.898284;-6.625252;746;0;-1;388;1427;25.94;155.01;;;
37.898332;-6.625032;746;0;-1;388;1427;25.96;154.99;;;
37.898379;-6.624812;745;0;-1;388;1427;25.98;154.97;;;
37.898427;-6.624592;745;0;-1;388;1427;26;154.95;;;
37.898475;-6.624373;745;0;-2;388;1427;26.02;154.93;;;
37.898523;-6.624153;745;0;-2;388;1427;26.04;154.91;;;
37.898571;-6.623933;744;0;-2;388;1427;26.06;154.89;;;
37.898627;-6.623717;744;0;-2;388;1427;26.08;154.87;;;
37.898682;-6.623500;743;0;-2;388;1427;26.1;154.85;;;
37.898748;-6.623287;743;0;-2;388;1427;26.12;154.83;;;
37.898812;-6.623075;743;0;-2;388;1427;26.14;154.81;;;
37.898886;-6.622867;742;0;-2;388;1427;26.16;154.79;;;
37.898963;-6.622661;742;0;-2;388;1427;26.18;154.77;;;
37.899060;-6.622469;741;0;-2;388;1427;26.2;154.75;;;
37.899156;-6.622276;741;0;-2;388;1427;26.22;154.73;;;
37.899270;-6.622100;740;0;-2;388;1427;26.24;154.71;;;
37.899387;-6.621927;740;0;-2;388;1427;26.26;154.69;;;
37.899522;-6.621777;739;0;-2;388;1427;26.28;154.67;;;
37.899659;-6.621629;739;0;-2;388;1427;26.3;154.65;;;
37.899804;-6.621494;738;0;-2;388;1427;26.32;154.63;;;
37.899948;-6.621359;738;0;-2;388;1427;26.34;154.61;;;
37.900093;-6.621223;738;0;-2;388;1427;26.36;154.59;;;
37.900238;-6.621088;737;0;-2;388;1427;26.38;154.57;;;
37.900383;-6.620953;737;0;-2;388;1427;26.4;154.55;;;
37.900527;-6.620817;737;0;-2;388;1427;26.42;154.53;;;
37.900672;-6.620682;736;0;-2;388;1427;26.44;154.51;;;
37.900816;-6.620546;736;0;-2;388;1427;26.46;154.49;;;
37.900961;-6.620411;736;0;-2;388;1427;26.48;154.47;;;
37.901106;-6.620276;735;0;-2;388;1427;26.5;154.45;;;
37.901251;-6.620140;735;0;-2;388;1427;26.52;154.43;;;
37.901394;-6.620003;735;0;-2;388;1427;26.54;154.41;;;
37.901531;-6.619855;734;0;-2;388;1427;26.56;154.39;;;
37.901662;-6.619700;734;0;-2;388;1427;26.58;154.37;;;
37.901785;-6.619533;734;0;-2;388;1427;26.6;154.35;;;
37.901888;-6.619346;733;0;-2;388;1427;26.62;154.33;;;
37.901985;-6.619155;733;0;-2;388;1427;26.64;154.31;;;
37.902074;-6.618958;732;0;-2;388;1427;26.66;154.29;;;
37.902149;-6.618750;732;0;-2;388;1427;26.68;154.27;;;
37.902222;-6.618542;731;0;-2;388;1427;26.7;154.25;;;
37.902295;-6.618333;731;0;-2;388;1427;26.72;154.23;;;
37.902368;-6.618125;731;0;-2;388;1427;26.74;154.21;;;
37.902442;-6.617918;730;0;-2;388;1427;26.76;154.19;;;
37.902516;-6.617709;730;0;-2;388;1427;26.78;154.17;;;
37.902589;-6.617501;729;0;-2;388;1427;26.8;154.15;;;
37.902662;-6.617293;729;0;-2;388;1427;26.82;154.13;;;
37.902736;-6.617085;729;0;-2;388;1427;26.84;154.11;;;
37.902809;-6.616877;728;0;-2;388;1427;26.86;154.09;;;
37.902883;-6.616669;728;0;-2;388;1427;26.88;154.07;;;
37.902954;-6.616460;727;0;-3;388;1427;26.9;154.05;;;
37.903010;-6.616243;727;0;-3;388;1427;26.92;154.03;;;
37.903065;-6.616026;726;0;-3;388;1427;26.94;154.01;;;
37.903089;-6.615801;725;0;-3;388;1427;26.96;153.99;;;
37.903109;-6.615574;725;0;-3;388;1427;26.98;153.97;;;
37.903109;-6.615346;724;0;-3;388;1427;27;153.95;;;
37.903095;-6.615119;723;0;-3;388;1427;27.02;153.93;;;
37.903075;-6.614893;723;0;-3;388;1427;27.04;153.91;;;
37.903041;-6.614669;722;0;-3;388;1427;27.06;153.89;;;
37.903001;-6.614447;722;0;-3;388;1427;27.08;153.87;;;
37.902961;-6.614224;721;0;-3;388;1427;27.1;153.85;;;
37.902922;-6.614002;721;0;-3;388;1427;27.12;153.83;;;
37.902886;-6.613779;720;0;-2;388;1427;27.14;153.81;;;
37.902863;-6.613553;719;0;-2;388;1427;27.16;153.79;;;
37.902829;-6.613329;719;0;-2;388;1427;27.18;153.77;;;
37.902794;-6.613106;719;0;-2;388;1427;27.2;153.75;;;
37.902755;-6.612883;718;0;-2;388;1427;27.22;153.73;;;
37.902702;-6.612666;718;0;-2;388;1427;27.24;153.71;;;
37.902649;-6.612448;718;0;-2;388;1427;27.26;153.69;;;
37.902597;-6.612230;717;0;-2;388;1427;27.28;153.67;;;
37.902528;-6.612020;717;0;-2;388;1427;27.3;153.65;;;
37.902456;-6.611810;716;0;-2;388;1427;27.32;153.63;;;
37.902385;-6.611601;716;0;-2;388;1427;27.34;153.61;;;
37.902312;-6.611392;715;0;-2;388;1427;27.36;153.59;;;
37.902230;-6.611190;715;0;-2;388;1427;27.38;153.57;;;
37.902148;-6.610987;714;0;-2;388;1427;27.4;153.55;;;
37.902065;-6.610785;714;0;-2;388;1427;27.42;153.53;;;
37.901982;-6.610582;713;0;-2;388;1427;27.44;153.51;;;
37.901900;-6.610379;713;0;-2;388;1427;27.46;153.49;;;
37.901818;-6.610177;712;0;-2;388;1427;27.48;153.47;;;
37.901735;-6.609974;712;0;-2;388;1427;27.5;153.45;;;
37.901652;-6.609772;711;0;-2;388;1427;27.52;153.43;;;
37.901570;-6.609569;711;0;-2;388;1427;27.54;153.41;;;
37.901488;-6.609367;711;0;-2;388;1427;27.56;153.39;;;
37.901405;-6.609164;710;0;-2;388;1427;27.58;153.37;;;
37.901322;-6.608962;710;0;-2;388;1427;27.6;153.35;;;
37.901240;-6.608759;709;0;-2;388;1427;27.62;153.33;;;
37.901158;-6.608556;709;0;-2;388;1427;27.64;153.31;;;
37.901075;-6.608354;709;0;-2;388;1427;27.66;153.29;;;
37.900992;-6.608152;708;0;-2;388;1427;27.68;153.27;;;
37.900926;-6.607940;708;0;-2;388;1427;27.7;153.25;;;
37.900863;-6.607726;707;0;-2;388;1427;27.72;153.23;;;
37.900816;-6.607507;707;0;-2;388;1427;27.74;153.21;;;
37.900774;-6.607285;706;0;-2;388;1427;27.76;153.19;;;
37.900741;-6.607061;706;0;-2;388;1427;27.78;153.17;;;
37.900713;-6.606836;706;0;-2;388;1427;27.8;153.15;;;
37.900687;-6.606611;705;0;-1;388;1427;27.82;153.13;;;
37.900675;-6.606383;705;0;-1;388;1427;27.84;153.11;;;
37.900663;-6.606156;705;0;-1;388;1427;27.86;153.09;;;
37.900650;-6.605928;705;0;-1;388;1427;27.88;153.07;;;
37.900638;-6.605701;704;0;-1;388;1427;27.9;153.05;;;
37.900625;-6.605474;704;0;-1;388;1427;27.92;153.03;;;
37.900613;-6.605246;704;0;-1;388;1427;27.94;153.01;;;
37.900600;-6.605019;704;0;-1;388;1427;27.96;152.99;;;
37.900588;-6.604791;704;0;-1;388;1427;27.98;152.97;;;
37.900575;-6.604564;703;0;-1;388;1427;28;152.95;;;
37.900562;-6.604337;703;0;-1;388;1427;28.02;152.93;;;
37.900541;-6.604110;703;0;-1;388;1427;28.04;152.91;;;
37.900516;-6.603885;703;0;-1;388;1427;28.06;152.89;;;
37.900485;-6.603660;702;0;-1;388;1427;28.08;152.87;;;
37.900440;-6.603440;702;0;-1;388;1427;28.1;152.85;;;
37.900384;-6.603223;702;0;-1;388;1427;28.12;152.83;;;
37.900320;-6.603010;702;0;-1;388;1427;28.14;152.81;;;
37.900242;-6.602806;702;0;-1;388;1427;28.16;152.79;;;
37.900156;-6.602605;701;0;-1;388;1427;28.18;152.77;;;
37.900057;-6.602415;701;0;-1;388;1427;28.2;152.75;;;
37.899957;-6.602226;701;0;0;388;1427;28.22;152.73;;;
37.899857;-6.602037;701;0;0;388;1427;28.24;152.71;;;
37.899757;-6.601847;701;0;0;388;1427;28.26;152.69;;;
37.899657;-6.601658;701;0;0;388;1427;28.28;152.67;;;
37.899557;-6.601468;701;0;0;388;1427;28.3;152.65;;;
37.899456;-6.601279;701;0;0;388;1427;28.32;152.63;;;
37.899356;-6.601090;701;0;0;388;1427;28.34;152.61;;;
37.899256;-6.600900;701;0;0;388;1427;28.36;152.59;;;
37.899156;-6.600711;701;0;0;388;1427;28.38;152.57;;;
37.899055;-6.600522;701;0;0;388;1427;28.4;152.55;;;
37.898959;-6.600330;701;0;0;389;1426;28.42;152.53;;;
37.898888;-6.600121;701;0;0;389;1426;28.44;152.51;;;
37.898822;-6.599909;701;0;1;389;1426;28.46;152.49;;;
37.898769;-6.599691;701;0;1;389;1426;28.48;152.47;;;
37.898728;-6.599470;702;0;1;389;1426;28.5;152.45;;;
37.898698;-6.599245;702;0;1;389;1426;28.52;152.43;;;
37.898689;-6.599017;702;0;1;389;1426;28.54;152.41;;;
37.898696;-6.598790;702;0;1;389;1426;28.56;152.39;;;
37.898706;-6.598562;702;0;1;390;1425;28.58;152.37;;;
37.898721;-6.598335;703;0;1;390;1425;28.6;152.35;;;
37.898735;-6.598108;703;0;1;390;1425;28.62;152.33;;;
37.898750;-6.597881;703;0;1;390;1425;28.64;152.31;;;
37.898765;-6.597653;703;0;1;391;1424;28.66;152.29;;;
37.898779;-6.597426;704;0;1;391;1424;28.68;152.27;;;
37.898794;-6.597199;704;0;2;391;1424;28.7;152.25;;;
37.898809;-6.596972;704;0;2;391;1424;28.72;152.23;;;
37.898823;-6.596745;704;0;2;392;1423;28.74;152.21;;;
37.898838;-6.596518;705;0;2;392;1423;28.76;152.19;;;
37.898852;-6.596290;705;0;2;393;1422;28.78;152.17;;;
37.898866;-6.596063;706;0;2;393;1422;28.8;152.15;;;
37.898863;-6.595835;706;0;2;393;1422;28.82;152.13;;;
37.898848;-6.595609;706;0;2;394;1421;28.84;152.11;;;
37.898813;-6.595385;707;0;2;394;1421;28.86;152.09;;;
37.898759;-6.595168;707;0;2;395;1420;28.88;152.07;;;
37.898693;-6.594956;708;0;2;395;1420;28.9;152.05;;;
37.898624;-6.594745;708;0;2;396;1419;28.92;152.03;;;
37.898537;-6.594546;709;0;2;396;1419;28.94;152.01;;;
37.898447;-6.594349;709;0;3;397;1418;28.96;151.99;;;
37.898358;-6.594151;710;0;3;397;1418;28.98;151.97;;;
37.898269;-6.593953;710;0;3;398;1417;29;151.95;;;
37.898179;-6.593755;711;0;3;398;1417;29.02;151.93;;;
37.898092;-6.593556;711;0;3;399;1416;29.04;151.91;;;
37.898006;-6.593356;712;0;3;399;1416;29.06;151.89;;;
37.897920;-6.593156;713;0;3;400;1415;29.08;151.87;;;
37.897834;-6.592955;713;0;3;401;1414;29.1;151.85;;;
37.897763;-6.592746;714;0;3;401;1414;29.12;151.83;;;
37.897692;-6.592537;714;0;3;401;1414;29.14;151.81;;;
37.897621;-6.592327;715;0;2;402;1413;29.16;151.79;;;
37.897550;-6.592118;715;0;2;402;1413;29.18;151.77;;;
37.897479;-6.591908;716;0;2;403;1412;29.2;151.75;;;
37.897408;-6.591699;716;0;2;403;1412;29.22;151.73;;;
37.897337;-6.591490;717;0;2;404;1411;29.24;151.71;;;
37.897265;-6.591280;717;0;2;404;1411;29.26;151.69;;;
37.897194;-6.591071;718;0;2;405;1410;29.28;151.67;;;
37.897123;-6.590862;718;0;2;405;1410;29.3;151.65;;;
37.897052;-6.590652;719;0;2;406;1409;29.32;151.63;;;
37.896981;-6.590443;719;0;2;406;1409;29.34;151.61;;;
37.896913;-6.590232;720;0;2;407;1408;29.36;151.59;;;
37.896848;-6.590019;720;0;2;407;1408;29.38;151.57;;;
37.896784;-6.589807;720;0;2;408;1407;29.4;151.55;;;
37.896719;-6.589594;721;0;2;408;1407;29.42;151.53;;;
37.896654;-6.589382;721;0;2;409;1406;29.44;151.51;;;
37.896589;-6.589169;722;0;2;409;1406;29.46;151.49;;;
37.896524;-6.588956;722;0;2;409;1406;29.48;151.47;;;
37.896459;-6.588744;723;0;2;410;1405;29.5;151.45;;;
37.896397;-6.588530;723;0;2;410;1405;29.52;151.43;;;
37.896341;-6.588313;723;0;2;411;1404;29.54;151.41;;;
37.896285;-6.588096;724;0;2;411;1404;29.56;151.39;;;
37.896229;-6.587880;724;0;2;411;1404;29.58;151.37;;;
37.896173;-6.587663;724;0;2;412;1403;29.6;151.35;;;
37.896104;-6.587454;724;0;1;412;1403;29.62;151.33;;;
37.896023;-6.587250;725;0;1;412;1403;29.64;151.31;;;
37.895942;-6.587047;725;0;1;412;1403;29.66;151.29;;;
37.895861;-6.586843;725;0;1;413;1402;29.68;151.27;;;
37.895771;-6.586646;726;0;1;413;1402;29.7;151.25;;;
37.895681;-6.586448;726;0;1;413;1402;29.72;151.23;;;
37.895591;-6.586251;726;0;1;413;1402;29.74;151.21;;;
37.895501;-6.586054;726;0;1;414;1401;29.76;151.19;;;
37.895424;-6.585848;726;0;0;414;1401;29.78;151.17;;;
37.895357;-6.585637;726;0;0;414;1401;29.8;151.15;;;
37.895314;-6.585416;726;0;0;414;1401;29.82;151.13;;;
37.895281;-6.585192;726;0;0;414;1401;29.84;151.11;;;
37.895261;-6.584966;726;0;0;414;1401;29.86;151.09;;;
37.895252;-6.584739;726;0;0;414;1401;29.88;151.07;;;
37.895258;-6.584511;726;0;0;414;1401;29.9;151.05;;;
37.895279;-6.584285;726;0;0;414;1401;29.92;151.03;;;
37.895310;-6.584061;726;0;-1;414;1401;29.94;151.01;;;
37.895370;-6.583846;726;0;-1;414;1401;29.96;150.99;;;
37.895430;-6.583632;726;0;-1;414;1401;29.98;150.97;;;
37.895490;-6.583417;726;0;-1;414;1401;30;150.95;;;
37.895592;-6.583229;725;0;-1;414;1401;30.02;150.93;;;
37.895693;-6.583040;725;0;-1;414;1401;30.04;150.91;;;
37.895794;-6.582852;725;0;-1;414;1401;30.06;150.89;;;
37.895895;-6.582663;725;0;-1;414;1401;30.08;150.87;;;
37.895996;-6.582475;725;0;-1;414;1401;30.1;150.85;;;
37.896098;-6.582286;724;0;-1;414;1401;30.12;150.83;;;
37.896198;-6.582098;724;0;-1;414;1401;30.14;150.81;;;
37.896290;-6.581902;724;0;-1;414;1401;30.16;150.79;;;
37.896376;-6.581702;724;0;-1;414;1401;30.18;150.77;;;
37.896452;-6.581495;724;0;-1;414;1401;30.2;150.75;;;
37.896507;-6.581279;723;0;-1;414;1401;30.22;150.73;;;
37.896547;-6.581057;723;0;-1;414;1401;30.24;150.71;;;
37.896569;-6.580831;723;0;-1;414;1401;30.26;150.69;;;
37.896592;-6.580605;723;0;-1;414;1401;30.28;150.67;;;
37.896596;-6.580377;723;0;-1;414;1401;30.3;150.65;;;
37.896592;-6.580149;723;0;-1;414;1401;30.32;150.63;;;
37.896588;-6.579922;723;0;-1;414;1401;30.34;150.61;;;
37.896583;-6.579694;723;0;-1;414;1401;30.36;150.59;;;
37.896578;-6.579466;722;0;-1;414;1401;30.38;150.57;;;
37.896572;-6.579238;722;0;-1;414;1401;30.4;150.55;;;
37.896565;-6.579010;722;0;-1;414;1401;30.42;150.53;;;
37.896558;-6.578783;722;0;-1;414;1401;30.44;150.51;;;
37.896551;-6.578555;722;0;-1;414;1401;30.46;150.49;;;
37.896544;-6.578327;722;0;0;414;1401;30.48;150.47;;;
37.896537;-6.578099;722;0;0;414;1401;30.5;150.45;;;
37.896529;-6.577872;722;0;0;414;1401;30.52;150.43;;;
37.896522;-6.577644;722;0;0;414;1401;30.54;150.41;;;
37.896515;-6.577416;722;0;0;414;1401;30.56;150.39;;;
37.896508;-6.577188;722;0;0;414;1401;30.58;150.37;;;
37.896501;-6.576961;721;0;0;414;1401;30.6;150.35;;;
37.896514;-6.576734;721;0;0;414;1401;30.62;150.33;;;
37.896540;-6.576509;721;0;0;414;1401;30.64;150.31;;;
37.896579;-6.576286;721;0;0;414;1401;30.66;150.29;;;
37.896622;-6.576065;721;0;0;414;1401;30.68;150.27;;;
37.896671;-6.575845;721;0;0;414;1401;30.7;150.25;;;
37.896719;-6.575626;721;0;0;414;1401;30.72;150.23;;;
37.896766;-6.575406;721;0;0;414;1401;30.74;150.21;;;
37.896815;-6.575187;721;0;0;414;1401;30.76;150.19;;;
37.896863;-6.574967;721;0;0;414;1401;30.78;150.17;;;
37.896911;-6.574747;721;0;0;414;1401;30.8;150.15;;;
37.896930;-6.574521;721;0;0;414;1401;30.82;150.13;;;
37.896942;-6.574294;721;0;0;414;1401;30.84;150.11;;;
37.896954;-6.574066;721;0;0;414;1401;30.86;150.09;;;
37.896965;-6.573839;721;0;-1;414;1401;30.88;150.07;;;
37.896977;-6.573611;721;0;-1;414;1401;30.9;150.05;;;
37.896989;-6.573384;721;0;-1;414;1401;30.92;150.03;;;
37.897001;-6.573156;721;0;-1;414;1401;30.94;150.01;;;
37.897011;-6.572929;720;0;-1;414;1401;30.96;149.99;;;
37.897018;-6.572701;720;0;-1;414;1401;30.98;149.97;;;
37.897025;-6.572473;720;0;-1;414;1401;31;149.95;;;
37.897031;-6.572246;720;0;-1;414;1401;31.02;149.93;;;
37.897038;-6.572018;720;0;-1;414;1401;31.04;149.91;;;
37.897045;-6.571790;720;0;-1;414;1401;31.06;149.89;;;
37.897051;-6.571562;720;0;-1;414;1401;31.08;149.87;;;
37.897057;-6.571334;719;0;-1;414;1401;31.1;149.85;;;
37.897068;-6.571107;719;0;-1;414;1401;31.12;149.83;;;
37.897079;-6.570879;719;0;-1;414;1401;31.14;149.81;;;
37.897089;-6.570652;719;0;-1;414;1401;31.16;149.79;;;
37.897100;-6.570424;718;0;-1;414;1401;31.18;149.77;;;
37.897112;-6.570197;718;0;-1;414;1401;31.2;149.75;;;
37.897122;-6.569969;718;0;-1;414;1401;31.22;149.73;;;
37.897153;-6.569747;717;0;-2;414;1401;31.24;149.71;;;
37.897215;-6.569533;717;0;-2;414;1401;31.26;149.69;;;
37.897276;-6.569319;717;0;-2;414;1401;31.28;149.67;;;
37.897337;-6.569104;716;0;-2;414;1401;31.3;149.65;;;
37.897398;-6.568890;716;0;-2;414;1401;31.32;149.63;;;
37.897460;-6.568676;716;0;-2;414;1401;31.34;149.61;;;
37.897521;-6.568462;715;0;-3;414;1401;31.36;149.59;;;
37.897582;-6.568247;715;0;-3;414;1401;31.38;149.57;;;
37.897580;-6.568025;714;0;-3;414;1401;31.4;149.55;11;;
37.897534;-6.567806;714;0;-3;414;1401;31.42;149.53;;;
37.897614;-6.567617;712;0;-3;414;1401;31.44;149.51;;;
37.897700;-6.567420;712;0;-3;414;1401;31.46;149.49;;;
37.897721;-6.567197;711;0;-3;414;1401;31.48;149.47;;;
37.897724;-6.566969;711;0;-3;414;1401;31.5;149.45;;;
37.897727;-6.566741;710;0;-3;414;1401;31.52;149.43;;;
37.897730;-6.566514;710;0;-2;414;1401;31.54;149.41;;;
37.897741;-6.566286;709;0;-3;414;1401;31.56;149.39;;;
37.897752;-6.566058;709;0;-3;414;1401;31.58;149.37;;;
37.897762;-6.565831;708;0;-3;414;1401;31.6;149.35;;;
37.897773;-6.565603;708;0;-3;414;1401;31.62;149.33;;;
37.897785;-6.565376;707;0;-3;414;1401;31.64;149.31;;;
37.897795;-6.565148;707;0;-3;414;1401;31.66;149.29;;;
37.897806;-6.564921;706;0;-3;414;1401;31.68;149.27;;;
37.897817;-6.564693;706;0;-3;414;1401;31.7;149.25;;;
37.897828;-6.564466;705;0;-2;414;1401;31.72;149.23;;;
37.897838;-6.564238;705;0;-2;414;1401;31.74;149.21;;;
37.897849;-6.564011;704;0;-2;414;1401;31.76;149.19;;;
37.897826;-6.563785;704;0;-2;414;1401;31.78;149.17;;;
37.897794;-6.563561;704;0;-2;414;1401;31.8;149.15;;;
37.897740;-6.563344;703;0;-2;414;1401;31.82;149.13;;;
37.897685;-6.563127;703;0;-2;414;1401;31.84;149.11;;;
37.897630;-6.562910;702;0;-2;414;1401;31.86;149.09;;;
37.897575;-6.562693;702;0;-2;414;1401;31.88;149.07;;;
37.897520;-6.562476;702;0;-2;414;1401;31.9;149.05;;;
37.897465;-6.562259;701;0;-2;414;1401;31.92;149.03;;;
37.897410;-6.562042;701;0;-1;414;1401;31.94;149.01;;;
37.897387;-6.561816;701;0;-1;414;1401;31.96;148.99;;;
37.897393;-6.561590;701;0;-1;414;1401;31.98;148.97;;;
37.897414;-6.561363;700;0;-1;414;1401;32;148.95;;;
37.897454;-6.560910;700;0;-1;414;1401;32.04;148.91;;;
37.897475;-6.560684;700;0;-1;414;1401;32.06;148.89;;;
37.897496;-6.560457;699;0;-1;414;1401;32.08;148.87;;;
37.897516;-6.560231;699;0;-1;414;1401;32.1;148.85;;;
37.897545;-6.559778;699;0;-1;414;1401;32.14;148.81;;;
37.897481;-6.559331;698;0;-1;414;1401;32.18;148.77;;;
37.897344;-6.558910;698;0;-1;414;1401;32.22;148.73;;;
37.897232;-6.558732;698;0;-1;414;1401;32.24;148.71;;;
37.897120;-6.558553;698;0;0;414;1401;32.26;148.69;;;
37.896993;-6.558393;698;0;0;414;1401;32.28;148.67;;;
37.896692;-6.558148;698;0;0;414;1401;32.32;148.63;;;
37.896355;-6.557997;698;0;0;414;1401;32.36;148.59;;;
37.895998;-6.557948;697;0;0;414;1401;32.4;148.55;;;
37.895820;-6.557963;697;0;0;414;1401;32.42;148.53;;;
37.895643;-6.558003;697;0;0;414;1401;32.44;148.51;;;
37.895467;-6.558047;697;0;0;414;1401;32.46;148.49;;;
37.895113;-6.558134;697;0;0;414;1401;32.5;148.45;;;
37.894761;-6.558223;697;0;-1;414;1401;32.54;148.41;;;
37.894584;-6.558266;697;0;-1;414;1401;32.56;148.39;;;
37.894406;-6.558300;697;0;-1;414;1401;32.58;148.37;;;
37.894227;-6.558315;697;0;-1;414;1401;32.6;148.35;;;
37.893881;-6.558211;696;0;-1;414;1401;32.64;148.31;;;
37.893557;-6.558013;695;0;-1;414;1401;32.68;148.27;;;
37.893234;-6.557811;695;0;-1;414;1401;32.72;148.23;;;
37.893073;-6.557710;695;0;-1;414;1401;32.74;148.21;;;
37.892912;-6.557610;695;0;-1;414;1401;32.76;148.19;;;
37.892750;-6.557509;695;0;-1;414;1401;32.78;148.17;;;
37.892428;-6.557307;694;0;-2;414;1401;32.82;148.13;;;
37.892112;-6.557090;693;0;-2;414;1401;32.86;148.09;;;
37.891845;-6.556793;692;0;-3;414;1401;32.9;148.05;;;
37.891741;-6.556608;692;0;-3;414;1401;32.92;148.03;;;
37.891639;-6.556420;691;0;-3;414;1401;32.94;148.01;;;
37.891536;-6.556232;690;0;-3;414;1401;32.96;147.99;;;
37.891332;-6.555858;689;0;-4;414;1401;33;147.95;;;
37.891127;-6.555483;688;0;-4;414;1401;33.04;147.91;;;
37.891019;-6.555301;687;0;-5;414;1401;33.06;147.89;;;
37.890881;-6.555159;686;0;-5;414;1401;33.08;147.87;;;
37.890718;-6.555064;685;0;-5;414;1401;33.1;147.85;;;
37.890362;-6.555078;682;0;-5;414;1401;33.14;147.81;;;
37.890065;-6.555335;681;0;-5;414;1401;33.18;147.77;;;
37.889768;-6.555591;679;0;-5;414;1401;33.22;147.73;;;
37.889630;-6.555738;678;0;-5;414;1401;33.24;147.71;;;
37.889473;-6.555849;677;0;-5;414;1401;33.26;147.69;;;
37.889313;-6.555952;676;0;-5;414;1401;33.28;147.67;;;
37.888977;-6.556114;674;0;-5;414;1401;33.32;147.63;;;
37.888632;-6.556242;671;0;-6;414;1401;33.36;147.59;;;
37.888281;-6.556343;669;0;-5;414;1401;33.4;147.55;;;
37.888107;-6.556397;668;0;-5;414;1401;33.42;147.53;;;
37.887933;-6.556455;667;0;-6;414;1401;33.44;147.51;;;
37.887759;-6.556513;666;0;-6;414;1401;33.46;147.49;;;
37.887431;-6.556688;664;0;-6;414;1401;33.5;147.45;;;
37.887385;-6.557108;660;0;-5;414;1401;33.54;147.41;;;
37.887456;-6.557317;660;0;-5;414;1401;33.56;147.39;;;
37.887531;-6.557525;659;0;-5;414;1401;33.58;147.37;;;
37.887604;-6.557732;658;0;-4;414;1401;33.6;147.35;;;
37.887751;-6.558148;657;0;-4;414;1401;33.64;147.31;;;
37.887837;-6.558588;655;0;-4;414;1401;33.68;147.27;;;
37.887759;-6.559027;653;0;-4;414;1401;33.72;147.23;;;
37.887658;-6.559215;652;0;-4;414;1401;33.74;147.21;;;
37.887548;-6.559396;651;0;-4;414;1401;33.76;147.19;;;
37.887432;-6.559570;651;0;-3;414;1401;33.78;147.17;;;
37.887277;-6.559970;649;0;-3;414;1401;33.82;147.13;;;
37.887309;-6.560420;648;0;-3;414;1401;33.86;147.09;;;
37.887387;-6.560865;647;0;-2;414;1401;33.9;147.05;;;
37.887425;-6.561088;647;0;-2;414;1401;33.92;147.03;;;
37.887468;-6.561309;646;0;-2;414;1401;33.94;147.01;;;
37.887510;-6.561531;646;0;-2;414;1401;33.96;146.99;;;
37.887594;-6.561974;645;0;-2;414;1401;34;146.95;;;
37.887678;-6.562417;645;0;-2;414;1401;34.04;146.91;;;
37.887710;-6.562640;645;0;-2;414;1401;34.06;146.89;;;
37.887715;-6.562868;644;0;-2;414;1401;34.08;146.87;;;
37.887735;-6.563093;644;0;-2;414;1401;34.1;146.85;;;
37.887842;-6.563528;643;0;-2;414;1401;34.14;146.81;;;
37.887931;-6.563969;642;0;-1;414;1401;34.18;146.77;;;
37.887971;-6.564421;642;0;-1;414;1401;34.22;146.73;;;
37.887982;-6.564648;642;0;-1;414;1401;34.24;146.71;;;
37.887992;-6.564876;642;0;-1;414;1401;34.26;146.69;;;
37.888002;-6.565103;642;0;-1;414;1401;34.28;146.67;;;
37.888058;-6.565552;641;0;-1;414;1401;34.32;146.63;;;
37.888152;-6.565992;641;0;-1;414;1401;34.36;146.59;;;
37.887960;-6.566355;640;0;-1;414;1401;34.4;146.55;;;
37.887820;-6.566497;640;0;-1;414;1401;34.42;146.53;;;
37.887679;-6.566639;640;0;-1;414;1401;34.44;146.51;;;
37.887555;-6.566797;640;0;-1;414;1401;34.46;146.49;;;
37.887273;-6.567035;640;0;-1;414;1401;34.5;146.45;;;
37.886985;-6.567308;639;0;-1;414;1401;34.54;146.41;;;
37.886848;-6.567455;639;0;-1;414;1401;34.56;146.39;;;
37.886723;-6.567619;639;0;-1;414;1401;34.58;146.37;;;
37.886597;-6.567782;639;0;-1;414;1401;34.6;146.35;;;
37.886361;-6.568124;639;0;-1;414;1401;34.64;146.31;;;
37.886162;-6.568503;638;0;-2;414;1401;34.68;146.27;;;
37.885952;-6.568868;637;0;-2;414;1401;34.72;146.23;;;
37.885783;-6.568883;636;0;-2;414;1401;34.74;146.21;;;
37.885629;-6.568771;636;0;-3;414;1401;34.76;146.19;;;
37.885482;-6.568640;635;0;-3;414;1401;34.78;146.17;;;
37.885188;-6.568378;634;0;-4;414;1401;34.82;146.13;12;;
37.884857;-6.568204;633;0;-4;414;1401;34.86;146.09;;;
37.884533;-6.568349;630;0;-4;414;1401;34.9;146.05;;;
37.884403;-6.568508;630;0;-4;414;1401;34.92;146.03;;;
37.884274;-6.568666;629;0;-4;414;1401;34.94;146.01;;;
37.884145;-6.568825;628;0;-4;414;1401;34.96;145.99;;;
37.883874;-6.569123;627;0;-4;414;1401;35;145.95;;;
37.883560;-6.569343;624;0;-4;414;1401;35.04;145.91;;;
37.883391;-6.569417;624;0;-4;414;1401;35.06;145.89;;;
37.883216;-6.569472;623;0;-4;414;1401;35.08;145.87;;;
37.883042;-6.569526;622;0;-4;414;1401;35.1;145.85;;;
37.882692;-6.569636;621;0;-4;414;1401;35.14;145.81;;;
37.882346;-6.569758;619;0;-4;414;1401;35.18;145.77;;;
37.882013;-6.569930;617;0;-4;414;1401;35.22;145.73;;;
37.881847;-6.570017;617;0;-4;414;1401;35.24;145.71;;;
37.881681;-6.570104;616;0;-3;414;1401;35.26;145.69;;;
37.881514;-6.570191;615;0;-3;414;1401;35.28;145.67;;;
37.881182;-6.570366;614;0;-3;414;1401;35.32;145.63;;;
37.880847;-6.570531;613;0;-3;414;1401;35.36;145.59;;;
37.880491;-6.570564;611;0;-3;414;1401;35.4;145.55;;;
37.880311;-6.570560;611;0;-3;414;1401;35.42;145.53;;;
37.880131;-6.570556;610;0;-3;414;1401;35.44;145.51;;;
37.879951;-6.570552;610;0;-3;414;1401;35.46;145.49;;;
37.879592;-6.570543;609;0;-2;414;1401;35.5;145.45;;;
37.879232;-6.570534;608;0;-2;414;1401;35.54;145.41;;;
37.879052;-6.570530;607;0;-2;414;1401;35.56;145.39;;;
37.878872;-6.570526;607;0;-2;414;1401;35.58;145.37;;;
37.878693;-6.570521;607;0;-2;414;1401;35.6;145.35;;;
37.878334;-6.570486;606;0;-1;414;1401;35.64;145.31;;;
37.877980;-6.570410;605;0;-1;414;1401;35.68;145.27;;;
37.877649;-6.570233;605;0;-1;414;1401;35.72;145.23;;;
37.877495;-6.570117;605;0;-1;414;1401;35.74;145.21;;;
37.877351;-6.569981;605;0;-1;414;1401;35.76;145.19;;;
37.877225;-6.569818;605;0;-1;414;1401;35.78;145.17;;;
37.877019;-6.569447;605;0;0;414;1401;35.82;145.13;;;
37.876869;-6.569033;604;0;0;414;1401;35.86;145.09;;;
37.876727;-6.568615;604;0;0;414;1401;35.9;145.05;;;
37.876652;-6.568407;604;0;0;414;1401;35.92;145.03;;;
37.876577;-6.568200;604;0;0;414;1401;35.94;145.01;;;
37.876502;-6.567993;604;0;0;414;1401;35.96;144.99;;;
37.876353;-6.567578;604;0;0;414;1401;36;144.95;;;
37.876154;-6.567200;604;0;-1;414;1401;36.04;144.91;;;
37.876034;-6.567031;604;0;-1;414;1401;36.06;144.89;;;
37.875908;-6.566868;604;0;-1;414;1401;36.08;144.87;;;
37.875777;-6.566713;603;0;-1;414;1401;36.1;144.85;;;
37.875466;-6.566487;603;0;-1;414;1401;36.14;144.81;;;
37.875129;-6.566330;602;0;-1;414;1401;36.18;144.77;;;
37.874778;-6.566233;602;0;-2;414;1401;36.22;144.73;;;
37.874600;-6.566201;602;0;-2;414;1401;36.24;144.71;;;
37.874421;-6.566212;601;0;-2;414;1401;36.26;144.69;;;
37.874243;-6.566239;600;0;-3;414;1401;36.28;144.67;;;
37.873896;-6.566355;599;0;-3;414;1401;36.32;144.63;;;
37.873560;-6.566520;598;0;-3;414;1401;36.36;144.59;;;
37.873231;-6.566701;597;0;-4;414;1401;36.4;144.55;;;
37.873074;-6.566812;596;0;-4;414;1401;36.42;144.53;;;
37.872916;-6.566921;595;0;-4;414;1401;36.44;144.51;;;
37.872758;-6.567031;594;0;-4;414;1401;36.46;144.49;;;
37.872443;-6.567251;592;0;-5;414;1401;36.5;144.45;;;
37.872128;-6.567471;590;0;-5;414;1401;36.54;144.41;;;
37.871971;-6.567581;589;0;-5;414;1401;36.56;144.39;;;
37.871813;-6.567691;588;0;-6;414;1401;36.58;144.37;;;
37.871655;-6.567800;587;0;-6;414;1401;36.6;144.35;;;
37.871326;-6.567982;585;0;-6;414;1401;36.64;144.31;;;
37.870986;-6.568130;582;0;-6;414;1401;36.68;144.27;;;
37.870638;-6.568242;580;0;-6;414;1401;36.72;144.23;;;
37.870459;-6.568255;579;0;-6;414;1401;36.74;144.21;;;
37.870279;-6.568259;578;0;-6;414;1401;36.76;144.19;;;
37.870100;-6.568250;576;0;-6;414;1401;36.78;144.17;;;
37.869748;-6.568162;574;0;-6;414;1401;36.82;144.13;;;
37.869416;-6.567989;571;0;-6;414;1401;36.86;144.09;;;
37.869120;-6.567730;569;0;-7;414;1401;36.9;144.05;;;
37.868980;-6.567587;567;0;-7;414;1401;36.92;144.03;;;
37.868840;-6.567444;566;0;-7;414;1401;36.94;144.01;;;
37.868700;-6.567301;564;0;-7;414;1401;36.96;143.99;;;
37.868419;-6.567016;562;0;-7;414;1401;37;143.95;;;
37.868139;-6.566731;559;0;-7;414;1401;37.04;143.91;;;
37.867995;-6.566595;557;0;-7;414;1401;37.06;143.89;;;
37.867837;-6.566486;556;0;-7;414;1401;37.08;143.87;;;
37.867679;-6.566377;555;0;-7;414;1401;37.1;143.85;;;
37.867354;-6.566186;553;0;-7;414;1401;37.14;143.81;;;
37.867011;-6.566050;549;0;-7;414;1401;37.18;143.77;;;
37.866656;-6.565982;547;0;-7;414;1401;37.22;143.73;;;
37.866477;-6.565967;545;0;-6;414;1401;37.24;143.71;;;
37.866297;-6.565964;544;0;-6;414;1401;37.26;143.69;;;
37.866117;-6.565961;543;0;-6;414;1401;37.28;143.67;;;
37.865758;-6.565987;541;0;-6;414;1401;37.32;143.63;;;
37.865400;-6.566027;539;0;-6;414;1401;37.36;143.59;;;
37.865041;-6.566066;536;0;-6;414;1401;37.4;143.55;;;
37.864862;-6.566086;535;0;-5;414;1401;37.42;143.53;;;
37.864683;-6.566106;534;0;-5;414;1401;37.44;143.51;;;
37.864504;-6.566126;533;0;-5;414;1401;37.46;143.49;;;
37.864146;-6.566166;531;0;-5;414;1401;37.5;143.45;;;
37.863787;-6.566205;529;0;-4;414;1401;37.54;143.41;;;
37.863608;-6.566225;528;0;-4;414;1401;37.56;143.39;;;
37.863429;-6.566245;528;0;-4;414;1401;37.58;143.37;;;
37.863250;-6.566265;527;0;-3;414;1401;37.6;143.35;;;
37.862891;-6.566306;526;0;-3;414;1401;37.64;143.31;;;
37.862533;-6.566345;525;0;-2;414;1401;37.68;143.27;;;
37.862175;-6.566385;524;0;-2;414;1401;37.72;143.23;;;
37.861995;-6.566405;524;0;-1;414;1401;37.74;143.21;;;
37.861816;-6.566425;523;0;-1;414;1401;37.76;143.19;;;
37.861637;-6.566444;523;0;-1;414;1401;37.78;143.17;;;
37.861279;-6.566435;523;0;0;414;1401;37.82;143.13;;;
37.860936;-6.566301;523;0;0;414;1401;37.86;143.09;;;
37.860614;-6.566100;523;0;1;414;1401;37.9;143.05;;;
37.860459;-6.565984;523;0;1;414;1401;37.92;143.03;;;
37.860322;-6.565839;524;0;2;415;1400;37.94;143.01;;;
37.860197;-6.565675;524;0;2;415;1400;37.96;142.99;;;
37.859982;-6.565312;525;0;3;416;1399;38;142.95;;;
37.859819;-6.564907;527;0;3;418;1397;38.04;142.91;;;
37.859749;-6.564698;527;0;3;418;1397;38.06;142.89;;;
37.859695;-6.564480;528;0;3;419;1396;38.08;142.87;;;
37.859642;-6.564263;529;0;3;420;1395;38.1;142.85;;;
37.859521;-6.563834;530;0;3;421;1394;38.14;142.81;;;
37.859392;-6.563409;531;0;4;422;1393;38.18;142.77;;;
37.859227;-6.563004;533;0;5;424;1391;38.22;142.73;;;
37.859127;-6.562815;534;0;5;425;1390;38.24;142.71;;;
37.859021;-6.562631;535;0;5;426;1389;38.26;142.69;;;
37.858908;-6.562454;536;0;6;427;1388;38.28;142.67;;;
37.858662;-6.562122;538;0;6;429;1386;38.32;142.63;;;
37.858369;-6.561861;541;0;6;432;1383;38.36;142.59;;;
37.858034;-6.561700;543;0;6;434;1381;38.4;142.55;;;
37.857857;-6.561657;544;0;6;435;1380;38.42;142.53;;;
37.857680;-6.561623;545;0;5;436;1379;38.44;142.51;;;
37.857502;-6.561651;547;0;5;438;1377;38.46;142.49;;;
37.857161;-6.561785;549;0;4;440;1375;38.5;142.45;;;
37.856875;-6.562051;550;0;4;441;1374;38.54;142.41;;;
37.856756;-6.562220;551;0;3;442;1373;38.56;142.39;;;
37.856655;-6.562409;551;0;3;442;1373;38.58;142.37;;;
37.856583;-6.562617;552;0;3;443;1372;38.6;142.35;;;
37.856449;-6.563039;553;0;3;444;1371;38.64;142.31;;;
37.856281;-6.563439;554;0;3;445;1370;38.68;142.27;;;
37.856051;-6.563788;555;0;3;446;1369;38.72;142.23;;;
37.855926;-6.563951;556;0;2;447;1368;38.74;142.21;;;
37.855782;-6.564088;556;0;2;447;1368;38.76;142.19;;;
37.855638;-6.564224;557;0;2;448;1367;38.78;142.17;;;
37.855356;-6.564505;557;0;2;448;1367;38.82;142.13;;;
37.855126;-6.564855;558;0;1;449;1366;38.86;142.09;;;
37.854944;-6.565245;558;0;1;449;1366;38.9;142.05;;;
37.854884;-6.565460;559;0;1;450;1365;38.92;142.03;;;
37.854826;-6.565676;559;0;1;450;1365;38.94;142.01;;;
37.854788;-6.565898;559;0;1;450;1365;38.96;141.99;;;
37.854711;-6.566343;559;0;1;450;1365;39;141.95;;;
37.854633;-6.566788;559;0;0;450;1365;39.04;141.91;;;
37.854594;-6.567011;560;0;0;451;1364;39.06;141.89;;;
37.854556;-6.567233;560;0;0;451;1364;39.08;141.87;;;
37.854517;-6.567456;560;0;0;451;1364;39.1;141.85;;;
37.854429;-6.567897;560;0;0;451;1364;39.14;141.81;;;
37.854331;-6.568336;560;0;0;451;1364;39.18;141.77;;;
37.854217;-6.568767;560;0;0;451;1364;39.22;141.73;;;
37.854150;-6.568979;560;0;0;451;1364;39.24;141.71;;;
37.854083;-6.569190;560;0;0;451;1364;39.26;141.69;;;
37.854016;-6.569401;560;0;0;451;1364;39.28;141.67;;;
37.853865;-6.569815;560;0;0;451;1364;39.32;141.63;;;
37.853706;-6.570223;560;0;0;451;1364;39.36;141.59;;;
37.853536;-6.570624;560;0;0;451;1364;39.4;141.55;;;
37.853446;-6.570822;560;0;0;451;1364;39.42;141.53;;;
37.853356;-6.571019;560;0;0;451;1364;39.44;141.51;;;
37.853258;-6.571210;560;0;0;451;1364;39.46;141.49;;;
37.853051;-6.571583;560;0;0;451;1364;39.5;141.45;;;
37.852844;-6.571955;560;0;0;451;1364;39.54;141.41;;;
37.852729;-6.572129;559;0;0;451;1364;39.56;141.39;;;
37.852606;-6.572296;559;0;0;451;1364;39.58;141.37;;;
37.852484;-6.572463;559;0;0;451;1364;39.6;141.35;;;
37.852223;-6.572776;559;0;0;451;1364;39.64;141.31;;;
37.851950;-6.573073;559;0;0;451;1364;39.68;141.27;;;
37.851649;-6.573321;559;0;0;451;1364;39.72;141.23;;;
37.851496;-6.573440;559;0;0;451;1364;39.74;141.21;;;
37.851335;-6.573542;559;0;0;451;1364;39.76;141.19;;;
37.851174;-6.573644;559;0;0;451;1364;39.78;141.17;;;
37.850841;-6.573815;559;0;0;451;1364;39.82;141.13;;;
37.850493;-6.573918;559;0;0;451;1364;39.86;141.09;;;
37.850135;-6.573959;559;0;0;451;1364;39.9;141.05;;;
37.849956;-6.573955;559;0;0;451;1364;39.92;141.03;;;
37.849777;-6.573933;559;0;0;451;1364;39.94;141.01;;;
37.849599;-6.573899;559;0;0;451;1364;39.96;140.99;;;
37.849252;-6.573781;559;0;0;451;1364;40;140.95;;;
37.848904;-6.573663;559;0;0;451;1364;40.04;140.91;;;
37.848731;-6.573604;559;0;0;451;1364;40.06;140.89;;;
37.848555;-6.573558;559;0;0;452;1363;40.08;140.87;;;
37.848376;-6.573542;559;0;1;452;1363;40.1;140.85;;;
37.848019;-6.573591;559;0;1;452;1363;40.14;140.81;;;
37.847674;-6.573709;560;0;1;452;1363;40.18;140.77;;;
37.847352;-6.573911;560;0;1;452;1363;40.22;140.73;;;
37.847208;-6.574046;560;0;1;453;1362;40.24;140.71;;;
37.847065;-6.574184;560;0;1;453;1362;40.26;140.69;;;
37.846939;-6.574347;560;0;1;453;1362;40.28;140.67;;;
37.846693;-6.574679;561;0;1;453;1362;40.32;140.63;;;
37.846458;-6.575024;561;0;1;453;1362;40.36;140.59;;;
37.846190;-6.575328;561;0;1;454;1361;40.4;140.55;;;
37.846044;-6.575460;561;0;1;454;1361;40.42;140.53;;;
37.845895;-6.575587;562;0;1;454;1361;40.44;140.51;;;
37.845731;-6.575679;562;0;1;454;1361;40.46;140.49;;;
37.845388;-6.575810;562;0;0;454;1361;40.5;140.45;;;
37.845034;-6.575889;562;0;0;454;1361;40.54;140.41;;;
37.844857;-6.575928;562;0;0;454;1361;40.56;140.39;;;
37.844680;-6.575968;562;0;0;455;1360;40.58;140.37;;;
37.844503;-6.576008;562;0;0;455;1360;40.6;140.35;;;
37.844149;-6.576087;562;0;0;455;1360;40.64;140.31;;;
37.843794;-6.576166;562;0;0;455;1360;40.68;140.27;;;
37.843440;-6.576245;562;0;0;455;1360;40.72;140.23;;;
37.843263;-6.576285;562;0;0;455;1360;40.74;140.21;;;
37.843086;-6.576325;562;0;-1;455;1360;40.76;140.19;;;
37.842909;-6.576364;562;0;-1;455;1360;40.78;140.17;;;
37.842554;-6.576435;561;0;-1;455;1360;40.82;140.13;;;
37.842195;-6.576468;561;0;-1;455;1360;40.86;140.09;;;
37.841836;-6.576452;561;0;-2;455;1360;40.9;140.05;;;
37.841660;-6.576408;560;0;-2;455;1360;40.92;140.03;;;
37.841490;-6.576334;560;0;-2;455;1360;40.94;140.01;;;
37.841322;-6.576254;559;0;-2;455;1360;40.96;139.99;;;
37.841165;-6.576145;559;0;-2;455;1360;40.98;139.97;;;
37.841010;-6.576028;558;0;-2;455;1360;41;139.95;;;
37.840861;-6.575902;558;0;-2;455;1360;41.02;139.93;;;
37.840719;-6.575761;558;0;-2;455;1360;41.04;139.91;;;
37.840578;-6.575621;557;0;-2;455;1360;41.06;139.89;;;
37.840436;-6.575481;557;0;-2;455;1360;41.08;139.87;;;
37.840294;-6.575341;556;0;-3;455;1360;41.1;139.85;;;
37.840152;-6.575200;556;0;-3;455;1360;41.12;139.83;;;
37.840010;-6.575061;555;0;-3;455;1360;41.14;139.81;;;
37.839868;-6.574921;554;0;-3;455;1360;41.16;139.79;;;
37.839727;-6.574781;554;0;-3;455;1360;41.18;139.77;;;
37.839585;-6.574640;553;0;-3;455;1360;41.2;139.75;;;
37.839443;-6.574500;553;0;-3;455;1360;41.22;139.73;;;
37.839301;-6.574360;552;0;-3;455;1360;41.24;139.71;;;
37.839161;-6.574217;551;0;-3;455;1360;41.26;139.69;;;
37.839025;-6.574068;551;0;-3;455;1360;41.28;139.67;;;
37.838889;-6.573920;550;0;-3;455;1360;41.3;139.65;;;
37.838752;-6.573772;549;0;-4;455;1360;41.32;139.63;;;
37.838620;-6.573617;549;0;-4;455;1360;41.34;139.61;;;
37.838502;-6.573446;548;0;-4;455;1360;41.36;139.59;;;
37.838383;-6.573275;547;0;-4;455;1360;41.38;139.57;;;
37.838265;-6.573104;546;0;-4;455;1360;41.4;139.55;;;
37.838146;-6.572932;545;0;-4;455;1360;41.42;139.53;;;
37.838028;-6.572761;545;0;-4;455;1360;41.44;139.51;;;
37.837909;-6.572590;544;0;-4;455;1360;41.46;139.49;;;
37.837790;-6.572419;543;0;-4;455;1360;41.48;139.47;;;
37.837672;-6.572247;542;0;-4;455;1360;41.5;139.45;;;
37.837554;-6.572076;541;0;-4;455;1360;41.52;139.43;;;
37.837435;-6.571905;540;0;-4;455;1360;41.54;139.41;;;
37.837316;-6.571733;540;0;-4;455;1360;41.56;139.39;;;
37.837198;-6.571562;539;0;-4;455;1360;41.58;139.37;;;
37.837079;-6.571391;538;0;-4;455;1360;41.6;139.35;;;
37.836961;-6.571219;537;0;-4;455;1360;41.62;139.33;;;
37.836842;-6.571048;536;0;-4;455;1360;41.64;139.31;;;
37.836705;-6.570902;536;0;-4;455;1360;41.66;139.29;;;
37.836565;-6.570758;535;0;-4;455;1360;41.68;139.27;;;
37.836424;-6.570618;534;0;-4;455;1360;41.7;139.25;;;
37.836269;-6.570503;533;0;-4;455;1360;41.72;139.23;;;
37.836114;-6.570387;533;0;-4;455;1360;41.74;139.21;;;
37.835947;-6.570303;532;0;-3;455;1360;41.76;139.19;;;
37.835778;-6.570224;531;0;-3;455;1360;41.78;139.17;;;
37.835610;-6.570144;531;0;-3;455;1360;41.8;139.15;;;
37.835436;-6.570084;530;0;-3;455;1360;41.82;139.13;;;
37.835263;-6.570025;529;0;-3;455;1360;41.84;139.11;;;
37.835089;-6.569966;529;0;-3;455;1360;41.86;139.09;;;
37.834915;-6.569907;528;0;-3;455;1360;41.88;139.07;;;
37.834741;-6.569848;528;0;-3;455;1360;41.9;139.05;;;
37.834568;-6.569790;527;0;-2;455;1360;41.92;139.03;;;
37.834394;-6.569731;527;0;-2;455;1360;41.94;139.01;;;
37.834220;-6.569672;526;0;-2;455;1360;41.96;138.99;;;
37.834046;-6.569613;526;0;-2;455;1360;41.98;138.97;;;
37.833873;-6.569554;526;0;-2;455;1360;42;138.95;;;
37.833699;-6.569495;525;0;-2;455;1360;42.02;138.93;;;
37.833525;-6.569436;525;0;-2;455;1360;42.04;138.91;;;
37.833351;-6.569377;525;0;-2;455;1360;42.06;138.89;;;
37.833178;-6.569318;524;0;-1;455;1360;42.08;138.87;;;
37.833004;-6.569260;524;0;-1;455;1360;42.1;138.85;;;
37.832830;-6.569201;524;0;-1;455;1360;42.12;138.83;;;
37.832656;-6.569142;524;0;-1;455;1360;42.14;138.81;;;
37.832483;-6.569083;523;0;-1;455;1360;42.16;138.79;;;
37.832309;-6.569024;523;0;-1;455;1360;42.18;138.77;;;
37.832135;-6.568965;523;0;-1;455;1360;42.2;138.75;;;
37.831964;-6.568899;523;0;-1;455;1360;42.22;138.73;;;
37.831800;-6.568804;523;0;-1;455;1360;42.24;138.71;;;
37.831636;-6.568710;523;0;0;455;1360;42.26;138.69;;;
37.831484;-6.568592;522;0;0;455;1360;42.28;138.67;;;
37.831345;-6.568447;522;0;0;455;1360;42.3;138.65;;;
37.831211;-6.568296;522;0;0;455;1360;42.32;138.63;;;
37.831090;-6.568128;522;0;0;455;1360;42.34;138.61;;;
37.830986;-6.567942;522;0;0;455;1360;42.36;138.59;;;
37.830887;-6.567753;522;0;0;455;1360;42.38;138.57;;;
37.830809;-6.567548;522;0;0;455;1360;42.4;138.55;;;
37.830735;-6.567340;522;0;0;455;1360;42.42;138.53;;;
37.830660;-6.567133;522;0;0;455;1360;42.44;138.51;;;
37.830587;-6.566925;522;0;0;455;1360;42.46;138.49;;;
37.830513;-6.566717;523;0;1;455;1360;42.48;138.47;;;
37.830439;-6.566510;523;0;1;455;1360;42.5;138.45;;;
37.830365;-6.566302;523;0;1;455;1360;42.52;138.43;;;
37.830292;-6.566094;523;0;1;455;1360;42.54;138.41;;;
37.830218;-6.565887;523;0;1;455;1360;42.56;138.39;;;
37.830144;-6.565679;523;0;1;456;1359;42.58;138.37;;;
37.830070;-6.565471;523;0;1;456;1359;42.6;138.35;;;
37.830000;-6.565262;524;0;1;456;1359;42.62;138.33;;;
37.829938;-6.565048;524;0;1;456;1359;42.64;138.31;;;
37.829876;-6.564834;524;0;1;456;1359;42.66;138.29;;;
37.829826;-6.564616;524;0;1;457;1358;42.68;138.27;;;
37.829777;-6.564397;524;0;1;457;1358;42.7;138.25;;;
37.829734;-6.564175;525;0;1;457;1358;42.72;138.23;;;
37.829692;-6.563954;525;0;1;457;1358;42.74;138.21;;;
37.829650;-6.563733;525;0;1;457;1358;42.76;138.19;;;
37.829607;-6.563511;525;0;1;457;1358;42.78;138.17;;;
37.829565;-6.563290;525;0;1;457;1358;42.8;138.15;;;
37.829523;-6.563069;525;0;1;458;1357;42.82;138.13;;;
37.829481;-6.562847;525;0;1;458;1357;42.84;138.11;;;
37.829438;-6.562626;526;0;1;458;1357;42.86;138.09;;;
37.829396;-6.562405;526;0;1;458;1357;42.88;138.07;;;
37.829354;-6.562183;526;0;1;458;1357;42.9;138.05;;;
37.829312;-6.561962;526;0;1;459;1356;42.92;138.03;;;
37.829269;-6.561741;526;0;1;459;1356;42.94;138.01;;;
37.829227;-6.561519;526;0;1;459;1356;42.96;137.99;;;
37.829185;-6.561298;527;0;1;459;1356;42.98;137.97;;;
37.829142;-6.561077;527;0;1;459;1356;43;137.95;;;
37.829100;-6.560855;527;0;1;459;1356;43.02;137.93;;;
37.829058;-6.560634;527;0;1;459;1356;43.04;137.91;;;
37.829015;-6.560413;527;0;0;459;1356;43.06;137.89;;;
37.828973;-6.560191;527;0;0;460;1355;43.08;137.87;;;
37.828931;-6.559970;527;0;0;460;1355;43.1;137.85;;;
37.828889;-6.559749;527;0;0;460;1355;43.12;137.83;;;
37.828833;-6.559532;527;0;0;460;1355;43.14;137.81;;;
37.828775;-6.559317;528;0;0;460;1355;43.16;137.79;;;
37.828715;-6.559102;528;0;0;460;1355;43.18;137.77;;;
37.828655;-6.558887;528;0;0;460;1355;43.2;137.75;;;
37.828583;-6.558679;528;0;0;460;1355;43.22;137.73;;;
37.828499;-6.558477;528;0;0;460;1355;43.24;137.71;;;
37.828407;-6.558283;528;0;0;460;1355;43.26;137.69;;;
37.828301;-6.558098;528;0;0;460;1355;43.28;137.67;;;
37.828195;-6.557914;528;0;0;460;1355;43.3;137.65;;;
37.828075;-6.557745;528;0;0;460;1355;43.32;137.63;;;
37.827942;-6.557592;527;0;0;460;1355;43.34;137.61;;;
37.827801;-6.557451;527;0;0;460;1355;43.36;137.59;;;
37.827654;-6.557321;527;0;-1;460;1355;43.38;137.57;;;
37.827494;-6.557218;527;0;-1;460;1355;43.4;137.55;;;
37.827333;-6.557116;527;0;-1;460;1355;43.42;137.53;;;
37.827164;-6.557040;527;0;-1;460;1355;43.44;137.51;;;
37.826989;-6.556987;527;0;-1;460;1355;43.46;137.49;;;
37.826810;-6.556959;526;0;-1;460;1355;43.48;137.47;;;
37.826631;-6.556957;526;0;-1;460;1355;43.5;137.45;;;
37.826452;-6.556970;526;0;-2;460;1355;43.52;137.43;;;
37.826275;-6.557002;525;0;-2;460;1355;43.54;137.41;;;
37.826105;-6.557076;525;0;-2;460;1355;43.56;137.39;;;
37.825934;-6.557148;525;0;-2;460;1355;43.58;137.37;;;
37.825769;-6.557238;524;0;-2;460;1355;43.6;137.35;;;
37.825604;-6.557329;524;0;-2;460;1355;43.62;137.33;;;
37.825440;-6.557421;524;0;-2;460;1355;43.64;137.31;;;
37.825275;-6.557512;523;0;-2;460;1355;43.66;137.29;;;
37.825106;-6.557588;523;0;-3;460;1355;43.68;137.27;;;
37.824931;-6.557643;522;0;-3;460;1355;43.7;137.25;;;
37.824754;-6.557682;522;0;-3;460;1355;43.72;137.23;;;
37.824575;-6.557698;521;0;-3;460;1355;43.74;137.21;;;
37.824395;-6.557688;520;0;-3;460;1355;43.76;137.19;;;
37.824217;-6.557671;520;0;-3;460;1355;43.78;137.17;;;
37.824044;-6.557608;519;0;-4;460;1355;43.8;137.15;;;
37.823871;-6.557544;518;0;-4;460;1355;43.82;137.13;;;
37.823698;-6.557481;518;0;-3;460;1355;43.84;137.11;;;
37.823525;-6.557417;517;0;-3;460;1355;43.86;137.09;;;
37.823353;-6.557354;516;0;-3;460;1355;43.88;137.07;;;
37.823182;-6.557284;515;0;-4;460;1355;43.9;137.05;;;
37.823011;-6.557214;515;0;-4;460;1355;43.92;137.03;;;
37.822840;-6.557143;514;0;-4;460;1355;43.94;137.01;;;
37.822670;-6.557066;513;0;-4;460;1355;43.96;136.99;;;
37.822502;-6.556986;513;0;-4;460;1355;43.98;136.97;;;
37.822334;-6.556905;512;0;-4;460;1355;44;136.95;;;
37.822165;-6.556825;511;0;-4;460;1355;44.02;136.93;;;
37.821997;-6.556744;510;0;-5;460;1355;44.04;136.91;;;
37.821829;-6.556664;509;0;-5;460;1355;44.06;136.89;;;
37.821661;-6.556583;508;0;-5;460;1355;44.08;136.87;;;
37.821493;-6.556503;507;0;-5;460;1355;44.1;136.85;;;
37.821324;-6.556423;506;0;-5;460;1355;44.12;136.83;;;
37.821154;-6.556350;505;0;-5;460;1355;44.14;136.81;;;
37.820983;-6.556278;504;0;-5;460;1355;44.16;136.79;;;
37.820813;-6.556205;503;0;-5;460;1355;44.18;136.77;;;
37.820637;-6.556154;502;0;-5;460;1355;44.2;136.75;;;
37.820462;-6.556105;501;0;-5;460;1355;44.22;136.73;;;
37.820286;-6.556055;500;0;-5;460;1355;44.24;136.71;;;
37.820108;-6.556027;499;0;-5;460;1355;44.26;136.69;;;
37.819929;-6.556010;498;0;-6;460;1355;44.28;136.67;;;
37.819750;-6.555991;497;0;-6;460;1355;44.3;136.65;;;
37.819570;-6.555985;496;0;-6;460;1355;44.32;136.63;;;
37.819390;-6.555980;494;0;-7;460;1355;44.34;136.61;;;
37.819210;-6.555974;493;0;-7;460;1355;44.36;136.59;;;
37.819031;-6.555967;492;0;-7;460;1355;44.38;136.57;;;
37.818851;-6.555945;490;0;-7;460;1355;44.4;136.55;;;
37.818673;-6.555921;489;0;-7;460;1355;44.42;136.53;;;
37.818502;-6.555850;487;0;-6;460;1355;44.44;136.51;;;
37.818332;-6.555775;486;0;-6;460;1355;44.46;136.49;;;
37.818165;-6.555692;485;0;-6;460;1355;44.48;136.47;;;
37.818002;-6.555597;484;0;-6;460;1355;44.5;136.45;;;
37.817838;-6.555501;483;0;-5;460;1355;44.52;136.43;;;
37.817675;-6.555406;482;0;-5;460;1355;44.54;136.41;;;
37.817512;-6.555311;481;0;-5;460;1355;44.56;136.39;;;
37.817340;-6.555243;480;0;-5;460;1355;44.58;136.37;;;
37.817166;-6.555185;479;0;-5;460;1355;44.6;136.35;;;
37.816989;-6.555148;477;0;-6;460;1355;44.62;136.33;;;
37.816809;-6.555136;476;0;-6;460;1355;44.64;136.31;;;
37.816630;-6.555134;475;0;-6;460;1355;44.66;136.29;;;
37.816450;-6.555146;474;0;-6;460;1355;44.68;136.27;;;
37.816271;-6.555169;473;0;-6;460;1355;44.7;136.25;;;
37.816092;-6.555195;472;0;-6;460;1355;44.72;136.23;;;
37.815914;-6.555220;470;0;-6;460;1355;44.74;136.21;;;
37.815735;-6.555246;469;0;-6;460;1355;44.76;136.19;;;
37.815556;-6.555272;468;0;-6;460;1355;44.78;136.17;;;
37.815378;-6.555298;467;0;-6;460;1355;44.8;136.15;;;
37.815199;-6.555324;466;0;-6;460;1355;44.82;136.13;;;
37.815020;-6.555350;465;0;-6;460;1355;44.84;136.11;;;
37.814841;-6.555375;463;0;-6;460;1355;44.86;136.09;;;
37.814663;-6.555401;462;0;-6;460;1355;44.88;136.07;;;
37.814484;-6.555427;461;0;-6;460;1355;44.9;136.05;;;
37.814305;-6.555453;460;0;-6;460;1355;44.92;136.03;;;
37.814126;-6.555469;459;0;-6;460;1355;44.94;136.01;;;
37.813946;-6.555469;458;0;-6;460;1355;44.96;135.99;;;
37.813766;-6.555469;457;0;-6;460;1355;44.98;135.97;;;
37.813587;-6.555463;456;0;-6;460;1355;45;135.95;;;
37.813410;-6.555426;454;0;-6;460;1355;45.02;135.93;;;
37.813236;-6.555368;453;0;-6;460;1355;45.04;135.91;;;
37.813065;-6.555296;452;0;-6;460;1355;45.06;135.89;;;
37.812905;-6.555193;450;0;-7;460;1355;45.08;135.87;;;
37.812757;-6.555064;449;0;-6;460;1355;45.1;135.85;;;
37.812612;-6.554929;448;0;-6;460;1355;45.12;135.83;;;
37.812483;-6.554771;446;0;-6;460;1355;45.14;135.81;;;
37.812362;-6.554604;445;0;-6;460;1355;45.16;135.79;;;
37.812246;-6.554430;444;0;-6;460;1355;45.18;135.77;;;
37.812132;-6.554253;443;0;-6;460;1355;45.2;135.75;;;
37.812018;-6.554077;442;0;-6;460;1355;45.22;135.73;;;
37.811900;-6.553906;441;0;-6;460;1355;45.24;135.71;;;
37.811773;-6.553744;440;0;-6;460;1355;45.26;135.69;;;
37.811631;-6.553606;439;0;-6;460;1355;45.28;135.67;;;
37.811488;-6.553467;437;0;-6;460;1355;45.3;135.65;;;
37.811325;-6.553373;436;0;-6;460;1355;45.32;135.63;;;
37.811160;-6.553280;435;0;-6;460;1355;45.34;135.61;;;
37.810988;-6.553216;434;0;-6;460;1355;45.36;135.59;;;
37.810812;-6.553169;433;0;-5;460;1355;45.38;135.57;;;
37.810633;-6.553146;432;0;-5;460;1355;45.4;135.55;;;
37.810454;-6.553124;431;0;-5;460;1355;45.42;135.53;;;
37.810276;-6.553101;430;0;-5;460;1355;45.44;135.51;;;
37.810097;-6.553077;429;0;-5;460;1355;45.46;135.49;;;
37.809918;-6.553055;428;0;-5;460;1355;45.48;135.47;;;
37.809739;-6.553031;427;0;-5;460;1355;45.5;135.45;;;
37.809560;-6.553008;426;0;-5;460;1355;45.52;135.43;;;
37.809381;-6.552985;425;0;-5;460;1355;45.54;135.41;;;
37.809202;-6.552962;424;0;-5;460;1355;45.56;135.39;;;
37.809023;-6.552939;423;0;-5;460;1355;45.58;135.37;;;
37.808844;-6.552916;422;0;-6;460;1355;45.6;135.35;;;
37.808665;-6.552893;420;0;-6;460;1355;45.62;135.33;;;
37.808486;-6.552870;419;0;-6;460;1355;45.64;135.31;;;
37.808307;-6.552883;418;0;-6;460;1355;45.66;135.29;;;
37.808128;-6.552910;417;0;-7;460;1355;45.68;135.27;;;
37.807951;-6.552948;415;0;-7;460;1355;45.7;135.25;;;
37.807777;-6.553007;414;0;-7;460;1355;45.72;135.23;;;
37.807603;-6.553065;413;0;-7;460;1355;45.74;135.21;;;
37.807429;-6.553122;411;0;-7;460;1355;45.76;135.19;;;
37.807254;-6.553171;410;0;-7;460;1355;45.78;135.17;;;
37.807077;-6.553211;409;0;-7;460;1355;45.8;135.15;;;
37.806898;-6.553237;407;0;-7;460;1355;45.82;135.13;;;
37.806719;-6.553239;406;0;-7;460;1355;45.84;135.11;;;
37.806540;-6.553220;405;0;-7;460;1355;45.86;135.09;;;
37.806361;-6.553199;403;0;-7;460;1355;45.88;135.07;;;
37.806188;-6.553133;402;0;-7;460;1355;45.9;135.05;;;
37.806017;-6.553067;400;0;-7;460;1355;45.92;135.03;;;
37.805845;-6.552997;399;0;-7;460;1355;45.94;135.01;;;
37.805678;-6.552914;398;0;-7;460;1355;45.96;134.99;;;
37.805516;-6.552814;396;0;-7;460;1355;45.98;134.97;;;
37.805360;-6.552703;395;0;-7;460;1355;46;134.95;;;
37.805213;-6.552572;393;0;-7;460;1355;46.02;134.93;;;
37.805065;-6.552441;392;0;-7;460;1355;46.04;134.91;;;
37.804921;-6.552306;391;0;-7;460;1355;46.06;134.89;;;
37.804796;-6.552143;389;0;-7;460;1355;46.08;134.87;;;
37.804670;-6.551980;388;0;-7;460;1355;46.1;134.85;;;
37.804545;-6.551817;387;0;-7;460;1355;46.12;134.83;;;
37.804443;-6.551629;385;0;-6;460;1355;46.14;134.81;;;
37.804342;-6.551441;384;0;-6;460;1355;46.16;134.79;;;
37.804241;-6.551252;383;0;-6;460;1355;46.18;134.77;;;
37.804166;-6.551046;382;0;-7;460;1355;46.2;134.75;;;
37.804095;-6.550837;380;0;-7;460;1355;46.22;134.73;;;
37.804023;-6.550628;379;0;-7;460;1355;46.24;134.71;;;
37.803959;-6.550415;378;0;-7;460;1355;46.26;134.69;;;
37.803903;-6.550199;376;0;-8;460;1355;46.28;134.67;;;
37.803845;-6.549984;375;0;-9;460;1355;46.3;134.65;;;
37.803788;-6.549768;373;0;-9;460;1355;46.32;134.63;;;
37.803723;-6.549556;371;0;-9;460;1355;46.34;134.61;;;
37.803650;-6.549348;369;0;-10;460;1355;46.36;134.59;;;
37.803561;-6.549150;367;0;-10;460;1355;46.38;134.57;;;
37.803467;-6.548957;365;0;-10;460;1355;46.4;134.55;;;
37.803360;-6.548775;363;0;-10;460;1355;46.42;134.53;;;
37.803235;-6.548611;361;0;-10;460;1355;46.44;134.51;;;
37.803109;-6.548449;359;0;-10;460;1355;46.46;134.49;;;
37.802960;-6.548323;357;0;-10;460;1355;46.48;134.47;;;
37.802795;-6.548230;354;0;-10;460;1355;46.5;134.45;;;
37.802628;-6.548150;352;0;-10;460;1355;46.52;134.43;;;
37.802451;-6.548108;350;0;-10;460;1355;46.54;134.41;;;
37.802274;-6.548081;348;0;-10;460;1355;46.56;134.39;;;
37.802094;-6.548086;345;0;-10;460;1355;46.58;134.37;;;
37.801916;-6.548113;341;0;-10;460;1355;46.6;134.35;;;
37.801741;-6.548164;339;0;-10;460;1355;46.62;134.33;;;
37.801578;-6.548257;337;0;-10;460;1355;46.64;134.31;;;
37.801421;-6.548367;335;0;-10;460;1355;46.66;134.29;;;
37.801278;-6.548504;333;0;-10;460;1355;46.68;134.27;;;
37.801139;-6.548649;331;0;-9;460;1355;46.7;134.25;;;
37.801031;-6.548830;329;0;-9;460;1355;46.72;134.23;;;
37.800924;-6.549013;327;0;-8;460;1355;46.74;134.21;;;
37.800851;-6.549221;326;0;-8;460;1355;46.76;134.19;;;
37.800785;-6.549432;324;0;-7;460;1355;46.78;134.17;;;
37.800755;-6.549656;323;0;-7;460;1355;46.8;134.15;;;
37.800730;-6.549881;321;0;-6;460;1355;46.82;134.13;;;
37.800734;-6.550109;320;0;-5;460;1355;46.84;134.11;;;
37.800737;-6.550336;319;0;-5;460;1355;46.86;134.09;;;
37.800747;-6.550563;318;0;-4;460;1355;46.88;134.07;;;
37.800765;-6.550790;318;0;-4;460;1355;46.9;134.05;;;
37.800784;-6.551016;317;0;-4;460;1355;46.92;134.03;;;
37.800801;-6.551243;316;0;-4;460;1355;46.94;134.01;;;
37.800819;-6.551469;316;0;-3;460;1355;46.96;133.99;;;
37.800819;-6.551697;315;0;-3;460;1355;46.98;133.97;;;
37.800816;-6.551924;314;0;-3;460;1355;47;133.95;;;
37.800778;-6.552147;314;0;-3;460;1355;47.02;133.93;;;
37.800726;-6.552364;313;0;-2;460;1355;47.04;133.91;;;
37.800659;-6.552575;313;0;-2;460;1355;47.06;133.89;;;
37.800592;-6.552786;312;0;-1;460;1355;47.08;133.87;;;
37.800498;-6.552979;312;0;-1;460;1355;47.1;133.85;;;
37.800396;-6.553167;312;0;0;460;1355;47.12;133.83;;;
37.800262;-6.553318;312;0;0;460;1355;47.14;133.81;;;
37.800126;-6.553466;312;0;0;460;1355;47.16;133.79;;;
37.799984;-6.553606;312;0;1;460;1355;47.18;133.77;;;
37.799831;-6.553725;312;0;1;460;1355;47.2;133.75;;;
37.799666;-6.553812;313;0;2;461;1354;47.22;133.73;;;
37.799493;-6.553874;313;0;2;461;1354;47.24;133.71;;;
37.799319;-6.553931;314;0;2;462;1353;47.26;133.69;;;
37.799140;-6.553951;314;0;3;462;1353;47.28;133.67;;;
37.798960;-6.553966;315;0;3;463;1352;47.3;133.65;;;
37.798782;-6.553942;315;0;3;463;1352;47.32;133.63;;;
37.798603;-6.553917;316;0;3;464;1351;47.34;133.61;;;
37.798425;-6.553887;317;0;4;465;1350;47.36;133.59;;;
37.798247;-6.553850;317;0;4;465;1350;47.38;133.57;;;
37.798070;-6.553811;318;0;4;466;1349;47.4;133.55;;;
37.797893;-6.553773;319;0;4;467;1348;47.42;133.53;;;
37.797715;-6.553736;320;0;5;468;1347;47.44;133.51;;;
37.797538;-6.553697;321;0;5;469;1346;47.46;133.49;;;
37.797359;-6.553676;322;0;6;470;1345;47.48;133.47;;;
37.797180;-6.553679;323;0;6;471;1344;47.5;133.45;;;
37.797002;-6.553711;324;0;6;472;1343;47.52;133.43;;;
37.796827;-6.553761;326;0;6;474;1341;47.54;133.41;;;
37.796654;-6.553825;327;0;6;475;1340;47.56;133.39;;;
37.796486;-6.553906;328;0;6;476;1339;47.58;133.37;;;
37.796324;-6.554003;329;0;7;477;1338;47.6;133.35;;;
37.796161;-6.554100;331;0;7;479;1336;47.62;133.33;;;
37.795998;-6.554197;332;0;7;480;1335;47.64;133.31;;;
37.795837;-6.554297;333;0;7;481;1334;47.66;133.29;;;
37.795687;-6.554423;335;0;7;483;1332;47.68;133.27;;;
37.795537;-6.554548;336;0;7;484;1331;47.7;133.25;;;
37.795400;-6.554696;338;0;7;486;1329;47.72;133.23;;;
37.795269;-6.554851;339;0;8;487;1328;47.74;133.21;;;
37.795137;-6.555005;341;0;8;489;1326;47.76;133.19;;;
37.795005;-6.555160;342;0;8;490;1325;47.78;133.17;;;
37.794873;-6.555315;344;0;8;492;1323;47.8;133.15;;;
37.794734;-6.555459;345;0;8;493;1322;47.82;133.13;;;
37.794589;-6.555594;347;0;7;495;1320;47.84;133.11;;;
37.794434;-6.555705;349;0;7;497;1318;47.86;133.09;;;
37.794268;-6.555793;350;0;7;498;1317;47.88;133.07;;;
37.794094;-6.555849;351;0;7;499;1316;47.9;133.05;;;
37.793918;-6.555898;353;0;7;500;1315;47.92;133.03;;;
37.793743;-6.555946;354;0;7;502;1313;47.94;133.01;;;
37.793565;-6.555981;355;0;7;503;1312;47.96;132.99;;;
37.793386;-6.556004;356;0;7;504;1311;47.98;132.97;;;
37.793207;-6.556027;358;0;8;506;1309;48;132.95;;;
37.793030;-6.556018;359;0;8;507;1308;48.02;132.93;;;
37.792854;-6.555970;361;0;8;509;1306;48.04;132.91;;;
37.792695;-6.555864;363;0;8;511;1304;48.06;132.89;;;
37.792544;-6.555741;365;0;8;513;1302;48.08;132.87;;;
37.792401;-6.555603;366;0;8;514;1301;48.1;132.85;;;
37.792259;-6.555463;367;0;8;515;1300;48.12;132.83;;;
37.792117;-6.555323;369;0;7;517;1298;48.14;132.81;;;
37.791975;-6.555183;370;0;8;518;1297;48.16;132.79;;;
37.791831;-6.555047;372;0;9;520;1295;48.18;132.77;;;
37.791673;-6.554941;374;0;9;522;1293;48.2;132.75;;;
37.791505;-6.554859;375;0;9;523;1292;48.22;132.73;;;
37.791326;-6.554839;378;0;9;525;1290;48.24;132.71;;;
37.791148;-6.554857;380;0;9;528;1287;48.26;132.69;;;
37.790971;-6.554896;382;0;9;530;1285;48.28;132.67;;;
37.790799;-6.554962;384;0;9;532;1283;48.3;132.65;;;
37.790631;-6.555043;385;0;9;533;1282;48.32;132.63;;;
37.790465;-6.555129;387;0;9;535;1280;48.34;132.61;;;
37.790298;-6.555214;389;0;9;537;1278;48.36;132.59;;;
37.790146;-6.555335;391;0;9;539;1276;48.38;132.57;;;
37.789994;-6.555457;393;0;9;541;1274;48.4;132.55;;;
37.789856;-6.555603;395;0;9;543;1272;48.42;132.53;;;
37.789738;-6.555775;397;0;9;545;1270;48.44;132.51;;;
37.789633;-6.555960;398;0;8;546;1269;48.46;132.49;;;
37.789528;-6.556144;400;0;8;548;1267;48.48;132.47;;;
37.789422;-6.556328;401;0;7;549;1266;48.5;132.45;;;
37.789316;-6.556512;403;0;7;551;1264;48.52;132.43;;;
37.789211;-6.556697;404;0;7;552;1263;48.54;132.41;;;
37.789105;-6.556881;405;0;8;553;1262;48.56;132.39;;;
37.788999;-6.557065;407;0;8;555;1260;48.58;132.37;;;
37.788897;-6.557252;408;0;8;556;1259;48.6;132.35;;;
37.788799;-6.557443;410;0;8;558;1257;48.62;132.33;;;
37.788712;-6.557641;412;0;8;560;1255;48.64;132.31;;;
37.788642;-6.557850;413;0;7;561;1254;48.66;132.29;;;
37.788594;-6.558070;415;0;7;563;1252;48.68;132.27;;;
37.788545;-6.558289;416;0;6;564;1251;48.7;132.25;;;
37.788514;-6.558512;417;0;6;565;1250;48.72;132.23;;;
37.788493;-6.558738;418;0;6;566;1249;48.74;132.21;;;
37.788471;-6.558964;419;0;6;567;1248;48.76;132.19;;;
37.788453;-6.559191;421;0;6;569;1246;48.78;132.17;;;
37.788440;-6.559418;422;0;6;570;1245;48.8;132.15;;;
37.788427;-6.559645;423;0;6;571;1244;48.82;132.13;;;
37.788413;-6.559872;424;0;6;572;1243;48.84;132.11;;;
37.788399;-6.560099;426;0;6;573;1242;48.86;132.09;;;
37.788386;-6.560325;427;0;6;575;1240;48.88;132.07;;;
37.788373;-6.560552;428;0;6;576;1239;48.9;132.05;;;
37.788359;-6.560779;429;0;6;577;1238;48.92;132.03;;;
37.788345;-6.561006;430;0;6;578;1237;48.94;132.01;;;
37.788332;-6.561233;431;0;6;579;1236;48.96;131.99;;;
37.788319;-6.561460;432;0;6;580;1235;48.98;131.97;;;
37.788305;-6.561687;434;0;5;581;1234;49;131.95;;;
37.788292;-6.561914;435;0;5;583;1232;49.02;131.93;;;
37.788278;-6.562141;436;0;5;584;1231;49.04;131.91;;;
37.788265;-6.562368;437;0;5;585;1230;49.06;131.89;;;
37.788252;-6.562595;438;0;5;586;1229;49.08;131.87;;;
37.788236;-6.562822;439;0;5;587;1228;49.1;131.85;;;
37.788205;-6.563046;440;0;6;588;1227;49.12;131.83;;;
37.788174;-6.563270;441;0;6;589;1226;49.14;131.81;;;
37.788132;-6.563491;442;0;6;590;1225;49.16;131.79;;;
37.788079;-6.563708;443;0;6;591;1224;49.18;131.77;;;
37.788015;-6.563920;444;0;6;592;1223;49.2;131.75;;;
37.787923;-6.564115;446;0;5;594;1221;49.22;131.73;;;
37.787818;-6.564299;447;0;5;595;1220;49.24;131.71;;;
37.787695;-6.564465;448;0;5;596;1219;49.26;131.69;;;
37.787573;-6.564632;449;0;4;597;1218;49.28;131.67;;;
37.787439;-6.564782;450;0;4;598;1217;49.3;131.65;;;
37.787292;-6.564914;450;0;4;598;1217;49.32;131.63;;;
37.787146;-6.565045;451;0;4;599;1216;49.34;131.61;;;
37.786999;-6.565177;452;0;3;600;1215;49.36;131.59;;;
37.786852;-6.565308;452;0;3;600;1215;49.38;131.57;;;
37.786705;-6.565440;453;0;3;601;1214;49.4;131.55;;;
37.786558;-6.565571;454;0;3;602;1213;49.42;131.53;;;
37.786412;-6.565703;454;0;3;602;1213;49.44;131.51;;;
37.786265;-6.565834;455;0;3;603;1212;49.46;131.49;;;
37.786118;-6.565966;455;0;3;603;1212;49.48;131.47;;;
37.785985;-6.566118;456;0;3;604;1211;49.5;131.45;;;
37.785859;-6.566281;456;0;3;604;1211;49.52;131.43;;;
37.785733;-6.566443;457;0;3;605;1210;49.54;131.41;;;
37.785607;-6.566605;457;0;2;605;1210;49.56;131.39;;;
37.785481;-6.566767;458;0;2;606;1209;49.58;131.37;;;
37.785349;-6.566922;458;0;2;606;1209;49.6;131.35;;;
37.785202;-6.567051;459;0;2;607;1208;49.62;131.33;;;
37.785037;-6.567142;459;0;2;607;1208;49.64;131.31;;;
37.784868;-6.567213;460;0;2;608;1207;49.66;131.29;;;
37.784688;-6.567228;460;0;2;608;1207;49.68;131.27;;;
37.784509;-6.567229;460;0;1;608;1207;49.7;131.25;;;
37.784329;-6.567227;461;0;1;608;1207;49.72;131.23;;;
37.784151;-6.567194;461;0;1;609;1206;49.74;131.21;;;
37.783973;-6.567160;461;0;1;609;1206;49.76;131.19;;;
37.783794;-6.567146;461;0;0;609;1206;49.78;131.17;;;
37.783614;-6.567131;461;0;0;609;1206;49.8;131.15;;;
37.783434;-6.567129;461;0;0;609;1206;49.82;131.13;;;
37.783256;-6.567152;461;0;0;609;1206;49.84;131.11;;;
37.783078;-6.567185;461;0;0;609;1206;49.86;131.09;;;
37.782900;-6.567221;461;0;-1;609;1206;49.88;131.07;;;
37.782724;-6.567266;461;0;-1;609;1206;49.9;131.05;;;
37.782548;-6.567311;460;0;-1;609;1206;49.92;131.03;;;
37.782372;-6.567358;460;0;-1;609;1206;49.94;131.01;;;
37.782202;-6.567430;460;0;-1;609;1206;49.96;130.99;;;
37.782043;-6.567536;460;0;-2;609;1206;49.98;130.97;;;
37.781892;-6.567659;459;0;-2;609;1206;50;130.95;;;
37.781762;-6.567816;459;0;-2;609;1206;50.02;130.93;;;
37.781650;-6.567994;458;0;-2;609;1206;50.04;130.91;;;
37.781539;-6.568173;458;0;-2;609;1206;50.06;130.89;;;
37.781427;-6.568352;458;0;-2;609;1206;50.08;130.87;;;
37.781316;-6.568530;457;0;-2;609;1206;50.1;130.85;;;
37.781185;-6.568683;457;0;-2;609;1206;50.12;130.83;;;
37.781038;-6.568815;456;0;-2;609;1206;50.14;130.81;;;
37.780885;-6.568934;456;0;-3;609;1206;50.16;130.79;;;
37.780716;-6.569013;455;0;-3;609;1206;50.18;130.77;;;
37.780540;-6.569048;455;0;-3;609;1206;50.2;130.75;;;
37.780361;-6.569054;454;0;-3;609;1206;50.22;130.73;;;
37.780182;-6.569033;454;0;-3;609;1206;50.24;130.71;;;
37.780003;-6.569012;453;0;-3;609;1206;50.26;130.69;;;
37.779824;-6.568990;453;0;-3;609;1206;50.28;130.67;;;
37.779645;-6.568965;452;0;-3;609;1206;50.3;130.65;;;
37.779469;-6.568916;451;0;-3;609;1206;50.32;130.63;;;
37.779300;-6.568841;451;0;-3;609;1206;50.34;130.61;;;
37.779135;-6.568752;450;0;-3;609;1206;50.36;130.59;;;
37.778995;-6.568609;449;0;-3;609;1206;50.38;130.57;;;
37.778874;-6.568443;449;0;-3;609;1206;50.4;130.55;;;
37.778768;-6.568259;448;0;-3;609;1206;50.42;130.53;;;
37.778687;-6.568057;447;0;-3;609;1206;50.44;130.51;;;
37.778616;-6.567848;447;0;-3;609;1206;50.46;130.49;;;
37.778544;-6.567640;446;0;-3;609;1206;50.48;130.47;;;
37.778472;-6.567431;445;0;-3;609;1206;50.5;130.45;;;
37.778400;-6.567223;445;0;-3;609;1206;50.52;130.43;;;
37.778328;-6.567014;444;0;-3;609;1206;50.54;130.41;;;
37.778256;-6.566806;444;0;-3;609;1206;50.56;130.39;;;
37.778184;-6.566597;443;0;-3;609;1206;50.58;130.37;;;
37.778112;-6.566388;443;0;-3;609;1206;50.6;130.35;;;
37.778040;-6.566180;442;0;-3;609;1206;50.62;130.33;;;
37.777968;-6.565971;442;0;-3;609;1206;50.64;130.31;;;
37.777897;-6.565762;441;0;-3;609;1206;50.66;130.29;;;
37.777825;-6.565554;441;0;-3;609;1206;50.68;130.27;;;
37.777753;-6.565345;440;0;-2;609;1206;50.7;130.25;;;
37.777675;-6.565141;440;0;-2;609;1206;50.72;130.23;;;
37.777579;-6.564948;439;0;-2;609;1206;50.74;130.21;;;
37.777476;-6.564763;439;0;-2;609;1206;50.76;130.19;;;
37.777355;-6.564594;439;0;-2;609;1206;50.78;130.17;;;
37.777219;-6.564446;438;0;-1;609;1206;50.8;130.15;;;
37.777064;-6.564333;438;0;-1;609;1206;50.82;130.13;;;
37.776904;-6.564228;438;0;-1;609;1206;50.84;130.11;;;
37.776741;-6.564134;438;0;-1;609;1206;50.86;130.09;;;
37.776574;-6.564048;438;0;0;609;1206;50.88;130.07;;;
37.776407;-6.563963;438;0;0;609;1206;50.9;130.05;;;
37.776240;-6.563879;438;0;0;609;1206;50.92;130.03;;;
37.776074;-6.563793;438;0;0;609;1206;50.94;130.01;;;
37.775907;-6.563708;438;0;0;609;1206;50.96;129.99;;;
37.775740;-6.563622;438;0;1;609;1206;50.98;129.97;;;
37.775573;-6.563537;438;0;1;609;1206;51;129.95;;;
37.775407;-6.563452;438;0;1;609;1206;51.02;129.93;;;
37.775240;-6.563366;438;0;1;610;1205;51.04;129.91;;;
37.775073;-6.563281;439;0;1;610;1205;51.06;129.89;;;
37.774906;-6.563196;439;0;1;610;1205;51.08;129.87;;;
37.774739;-6.563111;439;0;2;610;1205;51.1;129.85;;;
37.774573;-6.563026;439;0;2;611;1204;51.12;129.83;;;
37.774406;-6.562941;440;0;2;611;1204;51.14;129.81;;;
37.774239;-6.562857;440;0;2;612;1203;51.16;129.79;;;
37.774072;-6.562772;441;0;3;612;1203;51.18;129.77;;;
37.773904;-6.562691;441;0;3;612;1203;51.2;129.75;;;
37.773730;-6.562632;442;0;4;613;1202;51.22;129.73;;;
37.773557;-6.562572;443;0;5;614;1201;51.24;129.71;;;
37.773378;-6.562559;444;0;5;615;1200;51.26;129.69;;;
37.773198;-6.562559;445;0;6;616;1199;51.28;129.67;;;
37.773022;-6.562593;447;0;7;618;1197;51.3;129.65;;;
37.772855;-6.562679;448;0;7;619;1196;51.32;129.63;;;
37.772691;-6.562770;449;0;7;621;1194;51.34;129.61;;;
37.772536;-6.562886;451;0;7;622;1193;51.36;129.59;;;
37.772385;-6.563008;452;0;6;624;1191;51.38;129.57;;;
37.772254;-6.563164;454;0;6;625;1190;51.4;129.55;;;
37.772122;-6.563319;455;0;6;626;1189;51.42;129.53;;;
37.771991;-6.563474;456;0;6;627;1188;51.44;129.51;;;
37.771859;-6.563630;457;0;5;628;1187;51.46;129.49;;;
37.771728;-6.563785;458;0;6;629;1186;51.48;129.47;;;
37.771597;-6.563941;459;0;6;630;1185;51.5;129.45;;;
37.771465;-6.564096;460;0;6;631;1184;51.52;129.43;;;
37.771334;-6.564251;461;0;6;632;1183;51.54;129.41;;;
37.771202;-6.564407;462;0;6;634;1181;51.56;129.39;;;
37.771071;-6.564562;464;0;6;635;1180;51.58;129.37;;;
37.770940;-6.564718;465;0;6;636;1179;51.6;129.35;;;
37.770808;-6.564873;466;0;6;637;1178;51.62;129.33;;;
37.770676;-6.565028;467;0;7;639;1176;51.64;129.31;;;
37.770545;-6.565184;469;0;7;640;1175;51.66;129.29;;;
37.770414;-6.565339;470;0;7;641;1174;51.68;129.27;;;
37.770283;-6.565495;471;0;7;643;1172;51.7;129.25;;;
37.770151;-6.565650;473;0;7;644;1171;51.72;129.23;;;
37.770019;-6.565805;474;0;7;646;1169;51.74;129.21;;;
37.769888;-6.565961;476;0;7;647;1168;51.76;129.19;;;
37.769757;-6.566116;477;0;7;648;1167;51.78;129.17;;;
37.769626;-6.566271;478;0;7;650;1165;51.8;129.15;;;
37.769494;-6.566426;480;0;7;651;1164;51.82;129.13;;;
37.769362;-6.566582;481;0;7;652;1163;51.84;129.11;;;
37.769231;-6.566737;482;0;7;654;1161;51.86;129.09;;;
37.769100;-6.566893;484;0;7;655;1160;51.88;129.07;;;
37.768968;-6.567048;485;0;7;656;1159;51.9;129.05;;;
37.768837;-6.567203;486;0;7;658;1157;51.92;129.03;;;
37.768705;-6.567358;488;0;7;659;1156;51.94;129.01;;;
37.768574;-6.567514;489;0;7;660;1155;51.96;128.99;;;
37.768443;-6.567670;491;0;7;662;1153;51.98;128.97;;;
37.768311;-6.567825;492;0;7;663;1152;52;128.95;;;
37.768180;-6.567980;493;0;7;665;1150;52.02;128.93;;;
37.768048;-6.568135;495;0;7;666;1149;52.04;128.91;;;
37.767917;-6.568291;496;0;7;668;1147;52.06;128.89;;;
37.767786;-6.568447;498;0;7;669;1146;52.08;128.87;;;
37.767654;-6.568602;499;0;7;670;1145;52.1;128.85;;;
37.767523;-6.568757;501;0;7;672;1143;52.12;128.83;;;
37.767391;-6.568912;502;0;7;673;1142;52.14;128.81;;;
37.767260;-6.569067;503;0;7;675;1140;52.16;128.79;;;
37.767129;-6.569223;505;0;7;676;1139;52.18;128.77;;;
37.766997;-6.569378;506;0;7;677;1138;52.2;128.75;;;
37.766866;-6.569534;507;0;7;679;1136;52.22;128.73;;;
37.766734;-6.569689;509;0;7;680;1135;52.24;128.71;;;
37.766603;-6.569844;510;0;7;681;1134;52.26;128.69;;;
37.766471;-6.570000;512;0;7;683;1132;52.28;128.67;;;
37.766340;-6.570155;513;0;7;684;1131;52.3;128.65;;;
37.766209;-6.570310;514;0;7;685;1130;52.32;128.63;;;
37.766077;-6.570465;515;0;7;687;1128;52.34;128.61;;;
37.765946;-6.570621;517;0;7;688;1127;52.36;128.59;;;
37.765809;-6.570769;518;0;7;689;1126;52.38;128.57;;;
37.765668;-6.570910;519;0;7;691;1124;52.4;128.55;;;
37.765513;-6.571024;521;0;7;692;1123;52.42;128.53;;;
37.765357;-6.571138;522;0;8;694;1121;52.44;128.51;;;
37.765201;-6.571253;524;0;8;695;1120;52.46;128.49;;;
37.765046;-6.571367;525;0;8;697;1118;52.48;128.47;;;
37.764929;-6.571538;527;0;8;698;1117;52.5;128.45;;;
37.764870;-6.571750;529;0;8;700;1115;52.52;128.43;;;
37.764868;-6.571975;531;0;8;702;1113;52.54;128.41;;;
37.764877;-6.572202;532;0;9;704;1111;52.56;128.39;;;
37.764830;-6.572419;534;0;9;705;1110;52.58;128.37;;;
37.764745;-6.572614;535;0;9;706;1109;52.6;128.35;;;
37.764608;-6.572757;537;0;9;709;1106;52.62;128.33;;;
37.764434;-6.572788;541;0;9;713;1102;52.64;128.31;;;
37.764261;-6.572725;545;0;9;716;1099;52.66;128.29;;;
37.764102;-6.572620;547;0;9;718;1097;52.68;128.27;;;
37.763970;-6.572467;549;0;9;720;1095;52.7;128.25;13;;
37.763853;-6.572294;550;0;8;721;1094;52.72;128.23;;;
37.763771;-6.572093;551;0;7;722;1093;52.74;128.21;;;
37.763711;-6.571879;552;0;6;724;1091;52.76;128.19;;;
37.763655;-6.571663;554;0;6;725;1090;52.78;128.17;;;
37.763626;-6.571438;555;0;5;726;1089;52.8;128.15;;;
37.763599;-6.571214;556;0;5;727;1088;52.82;128.13;;;
37.763613;-6.570988;557;0;5;728;1087;52.84;128.11;;;
37.763648;-6.570765;558;0;4;729;1086;52.86;128.09;;;
37.763681;-6.570541;558;0;4;730;1085;52.88;128.07;;;
37.763686;-6.570315;559;0;4;730;1085;52.9;128.05;;;
37.763668;-6.570090;560;0;3;731;1084;52.92;128.03;;;
37.763511;-6.570006;561;0;3;732;1083;52.94;128.01;;;
37.763367;-6.570117;562;0;2;733;1082;52.96;127.99;;;
37.763278;-6.570314;562;0;2;733;1082;52.98;127.97;;;
37.763177;-6.570503;562;0;1;733;1082;53;127.95;;;
37.763058;-6.570673;562;0;0;733;1082;53.02;127.93;;;
37.762935;-6.570838;562;0;0;733;1082;53.04;127.91;;;
37.762809;-6.571001;562;0;0;733;1082;53.06;127.89;;;
37.762687;-6.571168;562;0;-1;733;1082;53.08;127.87;;;
37.762566;-6.571336;562;0;-1;733;1082;53.1;127.85;;;
37.762444;-6.571504;561;0;-1;733;1082;53.12;127.83;;;
37.762323;-6.571671;561;0;-2;733;1082;53.14;127.81;;;
37.762201;-6.571839;561;0;-2;733;1082;53.16;127.79;;;
37.762085;-6.572013;560;0;-3;733;1082;53.18;127.77;;;
37.761970;-6.572188;560;0;-3;733;1082;53.2;127.75;;;
37.761855;-6.572363;559;0;-3;733;1082;53.22;127.73;;;
37.761743;-6.572540;558;0;-4;733;1082;53.24;127.71;;;
37.761642;-6.572729;558;0;-4;733;1082;53.26;127.69;;;
37.761542;-6.572918;557;0;-4;733;1082;53.28;127.67;;;
37.761456;-6.573117;556;0;-5;733;1082;53.3;127.65;;;
37.761376;-6.573321;555;0;-5;733;1082;53.32;127.63;;;
37.761296;-6.573525;554;0;-5;733;1082;53.34;127.61;;;
37.761242;-6.573741;553;0;-5;733;1082;53.36;127.59;;;
37.761194;-6.573960;552;0;-6;733;1082;53.38;127.57;;;
37.761148;-6.574180;551;0;-6;733;1082;53.4;127.55;;;
37.761127;-6.574406;549;0;-6;733;1082;53.42;127.53;;;
37.761106;-6.574632;548;0;-6;733;1082;53.44;127.51;;;
37.761105;-6.574859;547;0;-6;733;1082;53.46;127.49;;;
37.761113;-6.575086;545;0;-6;733;1082;53.48;127.47;;;
37.761127;-6.575312;544;0;-6;733;1082;53.5;127.45;;;
37.761156;-6.575537;543;0;-6;733;1082;53.52;127.43;;;
37.761183;-6.575762;542;0;-7;733;1082;53.54;127.41;;;
37.761206;-6.575987;541;0;-7;733;1082;53.56;127.39;;;
37.761219;-6.576214;539;0;-7;733;1082;53.58;127.37;;;
37.761219;-6.576442;538;0;-7;733;1082;53.6;127.35;;;
37.761202;-6.576668;536;0;-8;733;1082;53.62;127.33;;;
37.761171;-6.576891;535;0;-8;733;1082;53.64;127.31;;;
37.761118;-6.577109;533;0;-8;733;1082;53.66;127.29;;;
37.761057;-6.577322;531;0;-8;733;1082;53.68;127.27;;;
37.760973;-6.577523;529;0;-8;733;1082;53.7;127.25;;;
37.760888;-6.577724;528;0;-8;733;1082;53.72;127.23;;;
37.760780;-6.577904;526;0;-8;733;1082;53.74;127.21;;;
37.760664;-6.578079;525;0;-8;733;1082;53.76;127.19;;;
37.760549;-6.578253;523;0;-8;733;1082;53.78;127.17;;;
37.760433;-6.578427;522;0;-8;733;1082;53.8;127.15;;;
37.760317;-6.578601;520;0;-8;733;1082;53.82;127.13;;;
37.760202;-6.578776;519;0;-8;733;1082;53.84;127.11;;;
37.760086;-6.578950;517;0;-8;733;1082;53.86;127.09;;;
37.759970;-6.579124;515;0;-8;733;1082;53.88;127.07;;;
37.759855;-6.579298;514;0;-8;733;1082;53.9;127.05;;;
37.759739;-6.579473;512;0;-8;733;1082;53.92;127.03;;;
37.759624;-6.579647;510;0;-8;733;1082;53.94;127.01;;;
37.759508;-6.579821;509;0;-7;733;1082;53.96;126.99;;;
37.759399;-6.580002;507;0;-7;733;1082;53.98;126.97;;;
37.759292;-6.580185;506;0;-7;733;1082;54;126.95;;;
37.759184;-6.580367;505;0;-7;733;1082;54.02;126.93;;;
37.759076;-6.580549;503;0;-7;733;1082;54.04;126.91;;;
37.758973;-6.580735;502;0;-7;733;1082;54.06;126.89;;;
37.758880;-6.580930;501;0;-7;733;1082;54.08;126.87;;;
37.758787;-6.581125;499;0;-8;733;1082;54.1;126.85;;;
37.758694;-6.581320;497;0;-8;733;1082;54.12;126.83;;;
37.758602;-6.581514;496;0;-8;733;1082;54.14;126.81;;;
37.758509;-6.581709;494;0;-8;733;1082;54.16;126.79;;;
37.758416;-6.581904;493;0;-7;733;1082;54.18;126.77;;;
37.758323;-6.582099;491;0;-7;733;1082;54.2;126.75;;;
37.758230;-6.582294;490;0;-7;733;1082;54.22;126.73;;;
37.758138;-6.582489;488;0;-6;733;1082;54.24;126.71;;;
37.758045;-6.582684;487;0;-6;733;1082;54.26;126.69;;;
37.757942;-6.582870;486;0;-6;733;1082;54.28;126.67;;;
37.757833;-6.583051;485;0;-6;733;1082;54.3;126.65;;;
37.757723;-6.583231;484;0;-5;733;1082;54.32;126.63;;;
37.757613;-6.583411;483;0;-5;733;1082;54.34;126.61;;;
37.757503;-6.583590;482;0;-5;733;1082;54.36;126.59;;;
37.757383;-6.583760;481;0;-5;733;1082;54.38;126.57;;;
37.757260;-6.583926;480;0;-5;733;1082;54.4;126.55;;;
37.757137;-6.584093;478;0;-6;733;1082;54.42;126.53;;;
37.757013;-6.584257;477;0;-6;733;1082;54.44;126.51;;;
37.756882;-6.584413;476;0;-5;733;1082;54.46;126.49;;;
37.756750;-6.584567;475;0;-5;733;1082;54.48;126.47;;;
37.756617;-6.584721;474;0;-5;733;1082;54.5;126.45;;;
37.756486;-6.584876;473;0;-5;733;1082;54.52;126.43;;;
37.756354;-6.585030;472;0;-5;733;1082;54.54;126.41;;;
37.756221;-6.585185;471;0;-5;733;1082;54.56;126.39;;;
37.756089;-6.585339;470;0;-4;733;1082;54.58;126.37;;;
37.755951;-6.585485;469;0;-4;733;1082;54.6;126.35;;;
37.755813;-6.585631;469;0;-4;733;1082;54.62;126.33;;;
37.755672;-6.585771;468;0;-3;733;1082;54.64;126.31;;;
37.755527;-6.585907;467;0;-3;733;1082;54.66;126.29;;;
37.755383;-6.586042;467;0;-3;733;1082;54.68;126.27;;;
37.755238;-6.586177;466;0;-3;733;1082;54.7;126.25;;;
37.755090;-6.586306;466;0;-3;733;1082;54.72;126.23;;;
37.754937;-6.586425;465;0;-2;733;1082;54.74;126.21;;;
37.754783;-6.586542;465;0;-2;733;1082;54.76;126.19;;;
37.754626;-6.586654;464;0;-2;733;1082;54.78;126.17;;;
37.754463;-6.586750;464;0;-2;733;1082;54.8;126.15;;;
37.754300;-6.586845;463;0;-2;733;1082;54.82;126.13;;;
37.754132;-6.586927;463;0;-1;733;1082;54.84;126.11;;;
37.753963;-6.587004;463;0;-1;733;1082;54.86;126.09;;;
37.753789;-6.587062;463;0;-1;733;1082;54.88;126.07;;;
37.753614;-6.587110;462;0;-1;733;1082;54.9;126.05;;;
37.753438;-6.587158;462;0;0;733;1082;54.92;126.03;;;
37.753262;-6.587206;462;0;0;733;1082;54.94;126.01;;;
37.753086;-6.587253;462;0;0;733;1082;54.96;125.99;;;
37.752910;-6.587301;462;0;0;733;1082;54.98;125.97;;;
37.752734;-6.587349;462;0;0;733;1082;55;125.95;;;
37.752558;-6.587397;462;0;0;733;1082;55.02;125.93;;;
37.752383;-6.587445;462;0;0;733;1082;55.04;125.91;;;
37.752207;-6.587492;462;0;0;733;1082;55.06;125.89;;;
37.752031;-6.587540;462;0;0;733;1082;55.08;125.87;;;
37.751855;-6.587587;462;0;0;733;1082;55.1;125.85;;;
37.751675;-6.587589;462;0;0;733;1082;55.12;125.83;;;
37.751496;-6.587581;462;0;0;733;1082;55.14;125.81;;;
37.751320;-6.587536;462;0;0;734;1081;55.16;125.79;;;
37.751146;-6.587477;462;0;0;734;1081;55.18;125.77;;;
37.750986;-6.587373;462;0;1;734;1081;55.2;125.75;;;
37.750837;-6.587249;463;0;1;734;1081;55.22;125.73;;;
37.750705;-6.587094;463;0;1;734;1081;55.24;125.71;;;
37.750573;-6.586940;463;0;1;734;1081;55.26;125.69;;;
37.750455;-6.586770;463;0;1;734;1081;55.28;125.67;;;
37.750343;-6.586591;463;0;1;734;1081;55.3;125.65;;;
37.750231;-6.586413;463;0;1;735;1080;55.32;125.63;;;
37.750120;-6.586234;463;0;0;735;1080;55.34;125.61;;;
37.750008;-6.586056;463;0;0;735;1080;55.36;125.59;;;
37.749893;-6.585881;464;0;0;735;1080;55.38;125.57;;;
37.749770;-6.585716;464;0;0;735;1080;55.4;125.55;;;
37.749619;-6.585594;464;0;0;735;1080;55.42;125.53;;;
37.749453;-6.585506;463;0;0;735;1080;55.44;125.51;;;
37.749284;-6.585430;463;0;0;735;1080;55.46;125.49;;;
37.749112;-6.585365;463;0;0;735;1080;55.48;125.47;;;
37.748940;-6.585299;463;0;0;735;1080;55.5;125.45;;;
37.748768;-6.585232;463;0;-1;735;1080;55.52;125.43;;;
37.748604;-6.585138;463;0;-1;735;1080;55.54;125.41;;;
37.748455;-6.585011;463;0;-1;735;1080;55.56;125.39;;;
37.748308;-6.584880;463;0;-1;735;1080;55.58;125.37;;;
37.748179;-6.584724;463;0;-1;735;1080;55.6;125.35;;;
37.748067;-6.584547;462;0;-2;735;1080;55.62;125.33;;;
37.747955;-6.584369;462;0;-2;735;1080;55.64;125.31;;;
37.747843;-6.584191;462;0;-2;735;1080;55.66;125.29;;;
37.747721;-6.584024;461;0;-3;735;1080;55.68;125.27;;;
37.747597;-6.583859;461;0;-3;735;1080;55.7;125.25;;;
37.747459;-6.583716;460;0;-3;735;1080;55.72;125.23;;;
37.747298;-6.583618;459;0;-4;735;1080;55.74;125.21;;;
37.747121;-6.583584;458;0;-4;735;1080;55.76;125.19;;;
37.746942;-6.583576;458;0;-4;735;1080;55.78;125.17;;;
37.746767;-6.583623;457;0;-4;735;1080;55.8;125.15;;;
37.746604;-6.583718;456;0;-4;735;1080;55.82;125.13;;;
37.746450;-6.583834;455;0;-4;735;1080;55.84;125.11;;;
37.746295;-6.583950;455;0;-4;735;1080;55.86;125.09;;;
37.746140;-6.584066;454;0;-4;735;1080;55.88;125.07;;;
37.745985;-6.584182;453;0;-4;735;1080;55.9;125.05;;;
37.745828;-6.584290;452;0;-4;735;1080;55.92;125.03;;;
37.745663;-6.584382;452;0;-4;735;1080;55.94;125.01;;;
37.745492;-6.584452;451;0;-4;735;1080;55.96;124.99;;;
37.745321;-6.584521;450;0;-5;735;1080;55.98;124.97;;;
37.745150;-6.584591;449;0;-5;735;1080;56;124.95;;;
37.744979;-6.584661;448;0;-5;735;1080;56.02;124.93;;;
37.744807;-6.584731;447;0;-5;735;1080;56.04;124.91;;;
37.744641;-6.584815;446;0;-5;735;1080;56.06;124.89;;;
37.744487;-6.584932;445;0;-5;735;1080;56.08;124.87;;;
37.744334;-6.585051;444;0;-5;735;1080;56.1;124.85;;;
37.744181;-6.585171;443;0;-6;735;1080;56.12;124.83;;;
37.744028;-6.585290;442;0;-6;735;1080;56.14;124.81;;;
37.743875;-6.585409;441;0;-6;735;1080;56.16;124.79;;;
37.743719;-6.585522;439;0;-6;735;1080;56.18;124.77;;;
37.743555;-6.585617;438;0;-7;735;1080;56.2;124.75;;;
37.743390;-6.585707;436;0;-7;735;1080;56.22;124.73;;;
37.743222;-6.585788;435;0;-7;735;1080;56.24;124.71;;;
37.743053;-6.585867;433;0;-7;735;1080;56.26;124.69;;;
37.742881;-6.585930;432;0;-7;735;1080;56.28;124.67;;;
37.742707;-6.585989;431;0;-7;735;1080;56.3;124.65;;;
37.742533;-6.586047;430;0;-7;735;1080;56.32;124.63;;;
37.742359;-6.586106;428;0;-7;735;1080;56.34;124.61;;;
37.742186;-6.586165;427;0;-7;735;1080;56.36;124.59;;;
37.742012;-6.586224;426;0;-7;735;1080;56.38;124.57;;;
37.741838;-6.586282;424;0;-7;735;1080;56.4;124.55;;;
37.741664;-6.586341;423;0;-7;735;1080;56.42;124.53;;;
37.741495;-6.586416;422;0;-7;735;1080;56.44;124.51;;;
37.741332;-6.586509;420;0;-7;735;1080;56.46;124.49;;;
37.741183;-6.586636;419;0;-7;735;1080;56.48;124.47;;;
37.741053;-6.586794;417;0;-7;735;1080;56.5;124.45;;;
37.740953;-6.586983;416;0;-7;735;1080;56.52;124.43;;;
37.740866;-6.587181;415;0;-6;735;1080;56.54;124.41;;;
37.740809;-6.587395;413;0;-6;735;1080;56.56;124.39;;;
37.740772;-6.587617;412;0;-6;735;1080;56.58;124.37;;;
37.740758;-6.587844;411;0;-6;735;1080;56.6;124.35;;;
37.740747;-6.588071;410;0;-6;735;1080;56.62;124.33;;;
37.740735;-6.588298;409;0;-6;735;1080;56.64;124.31;;;
37.740707;-6.588522;408;0;-6;735;1080;56.66;124.29;;;
37.740654;-6.588738;406;0;-7;735;1080;56.68;124.27;;;
37.740556;-6.588927;404;0;-7;735;1080;56.7;124.25;;;
37.740436;-6.589096;403;0;-7;735;1080;56.72;124.23;;;
37.740300;-6.589245;402;0;-7;735;1080;56.74;124.21;;;
37.740147;-6.589360;400;0;-7;735;1080;56.76;124.19;;;
37.739979;-6.589444;399;0;-7;735;1080;56.78;124.17;;;
37.739805;-6.589493;398;0;-7;735;1080;56.8;124.15;;;
37.739627;-6.589512;397;0;-6;735;1080;56.82;124.13;;;
37.739449;-6.589479;395;0;-6;735;1080;56.84;124.11;;;
37.739275;-6.589426;394;0;-6;735;1080;56.86;124.09;;;
37.739109;-6.589339;393;0;-5;735;1080;56.88;124.07;;;
37.738954;-6.589223;392;0;-5;735;1080;56.9;124.05;;;
37.738802;-6.589103;391;0;-5;735;1080;56.92;124.03;;;
37.738649;-6.588982;390;0;-5;735;1080;56.94;124.01;;;
37.738496;-6.588862;389;0;-5;735;1080;56.96;123.99;;;
37.738343;-6.588743;388;0;-5;735;1080;56.98;123.97;;;
37.738190;-6.588623;387;0;-5;735;1080;57;123.95;;;
37.738037;-6.588504;386;0;-5;735;1080;57.02;123.93;;;
37.737881;-6.588391;385;0;-5;735;1080;57.04;123.91;;;
37.737724;-6.588281;384;0;-5;735;1080;57.06;123.89;;;
37.737566;-6.588170;383;0;-5;735;1080;57.08;123.87;;;
37.737409;-6.588061;382;0;-4;735;1080;57.1;123.85;;;
37.737249;-6.587958;381;0;-4;735;1080;57.12;123.83;;;
37.737087;-6.587858;380;0;-4;735;1080;57.14;123.81;;;
37.736925;-6.587759;380;0;-4;735;1080;57.16;123.79;;;
37.736763;-6.587660;379;0;-4;735;1080;57.18;123.77;;;
37.736601;-6.587560;378;0;-4;735;1080;57.2;123.75;;;
37.736437;-6.587468;377;0;-4;735;1080;57.22;123.73;;;
37.736264;-6.587406;376;0;-4;735;1080;57.24;123.71;;;
37.736091;-6.587343;376;0;-4;735;1080;57.26;123.69;;;
37.735918;-6.587281;375;0;-4;735;1080;57.28;123.67;;;
37.735745;-6.587219;374;0;-3;735;1080;57.3;123.65;;;
37.735572;-6.587157;373;0;-3;735;1080;57.32;123.63;;;
37.735399;-6.587096;373;0;-3;735;1080;57.34;123.61;;;
37.735226;-6.587036;372;0;-3;735;1080;57.36;123.59;;;
37.735052;-6.586975;372;0;-3;735;1080;57.38;123.57;;;
37.734882;-6.586904;371;0;-2;735;1080;57.4;123.55;;;
37.734718;-6.586810;371;0;-2;735;1080;57.42;123.53;;;
37.734561;-6.586700;370;0;-2;735;1080;57.44;123.51;;;
37.734407;-6.586582;370;0;-2;735;1080;57.46;123.49;;;
37.734253;-6.586464;370;0;-2;735;1080;57.48;123.47;;;
37.734100;-6.586345;369;0;-1;735;1080;57.5;123.45;;;
37.733946;-6.586227;369;0;-1;735;1080;57.52;123.43;;;
37.733788;-6.586121;369;0;-1;735;1080;57.54;123.41;;;
37.733622;-6.586032;369;0;-1;735;1080;57.56;123.39;;;
37.733456;-6.585944;369;0;-1;735;1080;57.58;123.37;;;
37.733291;-6.585855;368;0;-1;735;1080;57.6;123.35;;;
37.733125;-6.585767;368;0;-1;735;1080;57.62;123.33;;;
37.732959;-6.585679;368;0;0;735;1080;57.64;123.31;;;
37.732794;-6.585590;368;0;0;735;1080;57.66;123.29;;;
37.732628;-6.585501;368;0;0;735;1080;57.68;123.27;;;
37.732462;-6.585413;368;0;0;735;1080;57.7;123.25;;;
37.732297;-6.585324;368;0;0;735;1080;57.72;123.23;;;
37.732131;-6.585236;368;0;0;735;1080;57.74;123.21;;;
37.731965;-6.585147;368;0;0;735;1080;57.76;123.19;;;
37.731800;-6.585059;368;0;0;735;1080;57.78;123.17;;;
37.731634;-6.584970;368;0;0;735;1080;57.8;123.15;;;
37.731468;-6.584882;368;0;0;735;1080;57.82;123.13;;;
37.731303;-6.584793;368;0;0;735;1080;57.84;123.11;;;
37.731137;-6.584705;368;0;1;735;1080;57.86;123.09;;;
37.730971;-6.584616;368;0;1;735;1080;57.88;123.07;;;
37.730806;-6.584527;369;0;1;735;1080;57.9;123.05;;;
37.730640;-6.584439;369;0;1;736;1079;57.92;123.03;;;
37.730474;-6.584351;369;0;1;736;1079;57.94;123.01;;;
37.730308;-6.584262;369;0;1;736;1079;57.96;122.99;;;
37.730143;-6.584174;369;0;1;736;1079;57.98;122.97;;;
37.729977;-6.584086;370;0;1;736;1079;58;122.95;;;
37.729811;-6.583997;370;0;1;737;1078;58.02;122.93;;;
37.729646;-6.583908;370;0;1;737;1078;58.04;122.91;;;
37.729480;-6.583820;370;0;1;737;1078;58.06;122.89;;;
37.729314;-6.583731;370;0;1;737;1078;58.08;122.87;;;
37.729149;-6.583642;371;0;2;738;1077;58.1;122.85;;;
37.728983;-6.583554;371;0;2;738;1077;58.12;122.83;;;
37.728815;-6.583472;371;0;2;738;1077;58.14;122.81;;;
37.728645;-6.583398;372;0;3;739;1076;58.16;122.79;;;
37.728467;-6.583370;373;0;3;739;1076;58.18;122.77;;;
37.728288;-6.583350;373;0;3;740;1075;58.2;122.75;;;
37.728108;-6.583355;374;0;3;741;1074;58.22;122.73;;;
37.727929;-6.583366;375;0;3;741;1074;58.24;122.71;;;
37.727755;-6.583422;375;0;3;742;1073;58.26;122.69;;;
37.727582;-6.583484;376;0;3;743;1072;58.28;122.67;;;
37.727418;-6.583578;377;0;3;743;1072;58.3;122.65;;;
37.727264;-6.583692;377;0;3;744;1071;58.32;122.63;;;
37.727121;-6.583830;377;0;2;744;1071;58.34;122.61;;;
37.726977;-6.583967;378;0;2;745;1070;58.36;122.59;;;
37.726834;-6.584104;378;0;2;745;1070;58.38;122.57;;;
37.726691;-6.584242;379;0;2;746;1069;58.4;122.55;;;
37.726548;-6.584380;379;0;3;746;1069;58.42;122.53;;;
37.726404;-6.584517;380;0;3;747;1068;58.44;122.51;;;
37.726252;-6.584636;380;0;3;747;1068;58.46;122.49;;;
37.726090;-6.584736;381;0;3;748;1067;58.48;122.47;;;
37.725925;-6.584824;382;0;4;748;1067;58.5;122.45;;;
37.725757;-6.584904;382;0;4;749;1066;58.52;122.43;;;
37.725583;-6.584965;383;0;4;750;1065;58.54;122.41;;;
37.725409;-6.585021;384;0;4;751;1064;58.56;122.39;;;
37.725232;-6.585064;385;0;4;752;1063;58.58;122.37;;;
37.725054;-6.585082;386;0;4;753;1062;58.6;122.35;;;
37.724874;-6.585087;387;0;4;754;1061;58.62;122.33;;;
37.724694;-6.585081;388;0;4;755;1060;58.64;122.31;;;
37.724515;-6.585068;389;0;5;755;1060;58.66;122.29;;;
37.724335;-6.585054;389;0;5;756;1059;58.68;122.27;;;
37.724156;-6.585041;390;0;4;757;1058;58.7;122.25;;;
37.723979;-6.585001;391;0;5;758;1057;58.72;122.23;;;
37.723803;-6.584956;392;0;5;759;1056;58.74;122.21;;;
37.723629;-6.584896;393;0;5;760;1055;58.76;122.19;;;
37.723457;-6.584828;394;0;6;761;1054;58.78;122.17;;;
37.723294;-6.584733;395;0;6;762;1053;58.8;122.15;;;
37.723134;-6.584631;397;0;6;763;1052;58.82;122.13;;;
37.722981;-6.584510;398;0;6;765;1050;58.84;122.11;;;
37.722831;-6.584385;399;0;6;766;1049;58.86;122.09;;;
37.722685;-6.584252;400;0;6;767;1048;58.88;122.07;;;
37.722539;-6.584119;401;0;6;768;1047;58.9;122.05;;;
37.722406;-6.583967;403;0;6;769;1046;58.92;122.03;;;
37.722274;-6.583812;404;0;5;771;1044;58.94;122.01;;;
37.722158;-6.583638;405;0;5;772;1043;58.96;121.99;;;
37.722042;-6.583464;406;0;5;773;1042;58.98;121.97;;;
37.721938;-6.583279;407;0;4;774;1041;59;121.95;;;
37.721835;-6.583093;408;0;4;775;1040;59.02;121.93;;;
37.721731;-6.582907;408;0;4;775;1040;59.04;121.91;;;
37.721627;-6.582721;409;0;4;776;1039;59.06;121.89;;;
37.721524;-6.582535;410;0;4;777;1038;59.08;121.87;;;
37.721420;-6.582349;411;0;4;777;1038;59.1;121.85;;;
37.721317;-6.582164;411;0;4;778;1037;59.12;121.83;;;
37.721213;-6.581978;412;0;4;779;1036;59.14;121.81;;;
37.721109;-6.581792;413;0;4;780;1035;59.16;121.79;;;
37.721005;-6.581606;414;0;4;780;1035;59.18;121.77;;;
37.720898;-6.581424;414;0;4;781;1034;59.2;121.75;;;
37.720789;-6.581243;415;0;4;782;1033;59.22;121.73;;;
37.720681;-6.581062;416;0;4;783;1032;59.24;121.71;;;
37.720555;-6.580899;417;0;4;784;1031;59.26;121.69;;;
37.720425;-6.580741;417;0;4;784;1031;59.28;121.67;;;
37.720289;-6.580593;418;0;4;785;1030;59.3;121.65;;;
37.720147;-6.580454;419;0;4;786;1029;59.32;121.63;;;
37.720002;-6.580320;420;0;4;787;1028;59.34;121.61;;;
37.719856;-6.580186;421;0;4;787;1028;59.36;121.59;;;
37.719711;-6.580052;421;0;4;788;1027;59.38;121.57;;;
37.719565;-6.579919;422;0;5;789;1026;59.4;121.55;;;
37.719413;-6.579797;423;0;5;790;1025;59.42;121.53;;;
37.719257;-6.579685;424;0;5;791;1024;59.44;121.51;;;
37.719095;-6.579586;425;0;5;792;1023;59.46;121.49;;;
37.718930;-6.579497;426;0;5;793;1022;59.48;121.47;;;
37.718760;-6.579424;427;0;5;794;1021;59.5;121.45;;;
37.718587;-6.579362;428;0;5;795;1020;59.52;121.43;;;
37.718414;-6.579300;429;0;4;796;1019;59.54;121.41;;;
37.718240;-6.579241;430;0;4;797;1018;59.56;121.39;;;
37.718065;-6.579187;431;0;4;797;1018;59.58;121.37;;;
37.717891;-6.579132;432;0;4;798;1017;59.6;121.35;;;
37.717716;-6.579077;432;0;4;799;1016;59.62;121.33;;;
37.717542;-6.579023;433;0;5;800;1015;59.64;121.31;;;
37.717367;-6.578968;434;0;5;801;1014;59.66;121.29;;;
37.717190;-6.578931;435;0;5;802;1013;59.68;121.27;;;
37.717012;-6.578897;436;0;5;803;1012;59.7;121.25;;;
37.716832;-6.578882;437;0;4;804;1011;59.72;121.23;;;
37.716653;-6.578872;438;0;4;805;1010;59.74;121.21;;;
37.716473;-6.578878;439;0;4;806;1009;59.76;121.19;;;
37.716294;-6.578897;440;0;4;806;1009;59.78;121.17;;;
37.716118;-6.578940;440;0;3;807;1008;59.8;121.15;;;
37.715943;-6.578993;441;0;3;807;1008;59.82;121.13;;;
37.715770;-6.579055;441;0;3;808;1007;59.84;121.11;;;
37.715602;-6.579137;442;0;3;809;1006;59.86;121.09;;;
37.715438;-6.579229;442;0;3;809;1006;59.88;121.07;;;
37.715282;-6.579343;443;0;2;809;1006;59.9;121.05;;;
37.715129;-6.579461;443;0;2;810;1005;59.92;121.03;;;
37.714977;-6.579583;444;0;2;810;1005;59.94;121.01;;;
37.714825;-6.579704;444;0;2;811;1004;59.96;120.99;;;
37.714673;-6.579825;445;0;2;811;1004;59.98;120.97;;;
37.714520;-6.579947;445;0;2;812;1003;60;120.95;14;;
37.714368;-6.580068;446;0;2;812;1003;60.02;120.93;;;
37.714216;-6.580189;446;0;2;813;1002;60.04;120.91;;;
37.714064;-6.580310;447;0;2;813;1002;60.06;120.89;;;
37.713912;-6.580432;447;0;2;814;1001;60.08;120.87;;;
37.713759;-6.580553;448;0;2;814;1001;60.1;120.85;;;
37.713607;-6.580674;448;0;2;815;1000;60.12;120.83;;;
37.713455;-6.580796;448;0;2;815;1000;60.14;120.81;;;
37.713303;-6.580916;449;0;2;815;1000;60.16;120.79;;;
37.713157;-6.581048;449;0;2;816;999;60.18;120.77;;;
37.713014;-6.581186;449;0;1;816;999;60.2;120.75;;;
37.712883;-6.581341;450;0;1;816;999;60.22;120.73;;;
37.712761;-6.581507;450;0;1;816;999;60.24;120.71;;;
37.712671;-6.581704;450;0;1;817;998;60.26;120.69;;;
37.712591;-6.581907;450;0;1;817;998;60.28;120.67;;;
37.712538;-6.582124;450;0;0;817;998;60.3;120.65;;;
37.712507;-6.582347;450;0;0;817;998;60.32;120.63;;;
37.712497;-6.582574;450;0;0;817;998;60.34;120.61;;;
37.712492;-6.582801;450;0;0;817;998;60.36;120.59;;;
37.712524;-6.583025;450;0;-1;817;998;60.38;120.57;;;
37.712555;-6.583249;450;0;-1;817;998;60.4;120.55;;;
37.712586;-6.583473;450;0;-1;817;998;60.42;120.53;;;
37.712618;-6.583696;449;0;-1;817;998;60.44;120.51;;;
37.712649;-6.583920;449;0;-1;817;998;60.46;120.49;;;
37.712680;-6.584144;449;0;-1;817;998;60.48;120.47;;;
37.712708;-6.584369;449;0;-1;817;998;60.5;120.45;;;
37.712735;-6.584594;448;0;-2;817;998;60.52;120.43;;;
37.712760;-6.584819;448;0;-2;817;998;60.54;120.41;;;
37.712787;-6.585044;448;0;-2;817;998;60.56;120.39;;;
37.712813;-6.585269;447;0;-2;817;998;60.58;120.37;;;
37.712831;-6.585494;447;0;-2;817;998;60.6;120.35;;;
37.712838;-6.585722;447;0;-2;817;998;60.62;120.33;;;
37.712826;-6.585948;446;0;-2;817;998;60.64;120.31;;;
37.712790;-6.586170;446;0;-2;817;998;60.66;120.29;;;
37.712739;-6.586388;445;0;-2;817;998;60.68;120.27;;;
37.712687;-6.586605;445;0;-3;817;998;60.7;120.25;;;
37.712623;-6.586818;444;0;-3;817;998;60.72;120.23;;;
37.712546;-6.587023;444;0;-3;817;998;60.74;120.21;;;
37.712447;-6.587212;443;0;-3;817;998;60.76;120.19;;;
37.712347;-6.587402;443;0;-3;817;998;60.78;120.17;;;
37.712248;-6.587591;442;0;-3;817;998;60.8;120.15;;;
37.712148;-6.587780;442;0;-3;817;998;60.82;120.13;;;
37.712048;-6.587969;441;0;-3;817;998;60.84;120.11;;;
37.711949;-6.588159;440;0;-3;817;998;60.86;120.09;;;
37.711849;-6.588348;440;0;-3;817;998;60.88;120.07;;;
37.711750;-6.588537;439;0;-3;817;998;60.9;120.05;;;
37.711650;-6.588726;439;0;-3;817;998;60.92;120.03;;;
37.711556;-6.588919;438;0;-3;817;998;60.94;120.01;;;
37.711463;-6.589112;437;0;-3;817;998;60.96;119.99;;;
37.711355;-6.589295;437;0;-3;817;998;60.98;119.97;;;
37.711248;-6.589477;436;0;-3;817;998;61;119.95;;;
37.711127;-6.589645;436;0;-3;817;998;61.02;119.93;;;
37.710996;-6.589800;435;0;-3;817;998;61.04;119.91;;;
37.710853;-6.589938;435;0;-3;817;998;61.06;119.89;;;
37.710702;-6.590059;434;0;-3;817;998;61.08;119.87;;;
37.710541;-6.590162;433;0;-3;817;998;61.1;119.85;;;
37.710381;-6.590264;433;0;-3;817;998;61.12;119.83;;;
37.710220;-6.590366;432;0;-3;817;998;61.14;119.81;;;
37.710053;-6.590448;431;0;-3;817;998;61.16;119.79;;;
37.709898;-6.590563;430;0;-3;817;998;61.18;119.77;;;
37.709749;-6.590692;430;0;-3;817;998;61.2;119.75;;;
37.709604;-6.590826;429;0;-3;817;998;61.22;119.73;;;
37.709459;-6.590960;429;0;-3;817;998;61.24;119.71;;;
37.709334;-6.591123;428;0;-2;817;998;61.26;119.69;;;
37.709216;-6.591294;428;0;-2;817;998;61.28;119.67;;;
37.709104;-6.591472;427;0;-2;817;998;61.3;119.65;;;
37.708992;-6.591650;427;0;-2;817;998;61.32;119.63;;;
37.708880;-6.591828;426;0;-2;817;998;61.34;119.61;;;
37.708769;-6.592006;426;0;-2;817;998;61.36;119.59;;;
37.708657;-6.592184;426;0;-2;817;998;61.38;119.57;;;
37.708543;-6.592360;425;0;-2;817;998;61.4;119.55;;;
37.708419;-6.592525;425;0;-2;817;998;61.42;119.53;;;
37.708295;-6.592690;425;0;-2;817;998;61.44;119.51;;;
37.708167;-6.592848;424;0;-2;817;998;61.46;119.49;;;
37.708021;-6.592982;424;0;-2;817;998;61.48;119.47;;;
37.707868;-6.593099;424;0;-2;817;998;61.5;119.45;;;
37.707708;-6.593204;423;0;-2;817;998;61.52;119.43;;;
37.707544;-6.593295;423;0;-1;817;998;61.54;119.41;;;
37.707376;-6.593377;423;0;-1;817;998;61.56;119.39;;;
37.707202;-6.593429;423;0;-1;817;998;61.58;119.37;;;
37.707024;-6.593461;422;0;-1;817;998;61.6;119.35;;;
37.706845;-6.593490;422;0;-1;817;998;61.62;119.33;;;
37.706666;-6.593495;422;0;-1;817;998;61.64;119.31;;;
37.706506;-6.593497;422;0;-1;817;998;61.66;119.29;;;
37.706328;-6.593467;422;0;-1;817;998;61.68;119.27;;;
37.706149;-6.593437;421;0;0;817;998;61.7;119.25;;;
37.705971;-6.593407;421;0;0;817;998;61.72;119.23;;;
37.705793;-6.593376;421;0;0;817;998;61.74;119.21;;;
37.705614;-6.593347;421;0;0;817;998;61.76;119.19;;;
37.705436;-6.593316;421;0;0;817;998;61.78;119.17;;;
37.705258;-6.593286;421;0;0;817;998;61.8;119.15;;;
37.705080;-6.593256;421;0;0;817;998;61.82;119.13;;;
37.704901;-6.593237;422;0;0;817;998;61.84;119.11;;;
37.704721;-6.593220;422;0;0;817;998;61.86;119.09;;;
37.704542;-6.593204;422;0;0;817;998;61.88;119.07;;;
37.704362;-6.593188;422;0;1;817;998;61.9;119.05;;;
37.704183;-6.593171;422;0;1;817;998;61.92;119.03;;;
37.704004;-6.593155;422;0;1;818;997;61.94;119.01;;;
37.703824;-6.593139;422;0;1;818;997;61.96;118.99;;;
37.703645;-6.593123;422;0;1;818;997;61.98;118.97;;;
37.703465;-6.593106;423;0;1;818;997;62;118.95;;;
37.703286;-6.593090;423;0;1;818;997;62.02;118.93;;;
37.703107;-6.593074;423;0;1;819;996;62.04;118.91;;;
37.702927;-6.593057;423;0;1;819;996;62.06;118.89;;;
37.702748;-6.593041;424;0;1;819;996;62.08;118.87;;;
37.702568;-6.593044;424;0;1;820;995;62.1;118.85;;;
37.702388;-6.593051;424;0;2;820;995;62.12;118.83;;;
37.702208;-6.593057;425;0;2;820;995;62.14;118.81;;;
37.702029;-6.593076;425;0;2;820;995;62.16;118.79;;;
37.701851;-6.593102;425;0;2;821;994;62.18;118.77;;;
37.701672;-6.593129;426;0;2;821;994;62.2;118.75;;;
37.701493;-6.593155;426;0;2;822;993;62.22;118.73;;;
37.701315;-6.593181;426;0;2;822;993;62.24;118.71;;;
37.701136;-6.593208;427;0;2;822;993;62.26;118.69;;;
37.700957;-6.593234;427;0;2;823;992;62.28;118.67;;;
37.700779;-6.593261;428;0;2;823;992;62.3;118.65;;;
37.700600;-6.593287;428;0;2;824;991;62.32;118.63;;;
37.700421;-6.593313;428;0;2;824;991;62.34;118.61;;;
37.700242;-6.593327;429;0;2;824;991;62.36;118.59;;;
37.700062;-6.593337;429;0;2;825;990;62.38;118.57;;;
37.699883;-6.593346;429;0;2;825;990;62.4;118.55;;;
37.699703;-6.593357;430;0;2;825;990;62.42;118.53;;;
37.699523;-6.593366;430;0;2;826;989;62.44;118.51;;;
37.699343;-6.593369;430;0;1;826;989;62.46;118.49;;;
37.699164;-6.593369;431;0;1;826;989;62.48;118.47;;;
37.698984;-6.593374;431;0;1;827;988;62.5;118.45;;;
37.698804;-6.593379;431;0;1;827;988;62.52;118.43;;;
37.698624;-6.593378;431;0;1;827;988;62.54;118.41;;;
37.698453;-6.593310;432;0;0;827;988;62.56;118.39;;;
37.698294;-6.593204;432;0;0;827;988;62.58;118.37;;;
37.698158;-6.593056;432;0;0;827;988;62.6;118.35;15;;
37.698028;-6.592900;432;0;0;827;988;62.62;118.33;;;
37.697887;-6.592760;432;0;0;827;988;62.64;118.31;;;
37.697721;-6.592674;431;0;0;827;988;62.66;118.29;;;
37.697550;-6.592607;431;0;-1;827;988;62.68;118.27;;;
37.697377;-6.592544;431;0;-1;827;988;62.7;118.25;;;
37.697204;-6.592481;431;0;-1;827;988;62.72;118.23;;;
37.697031;-6.592418;431;0;-1;827;988;62.74;118.21;;;
37.696858;-6.592355;431;0;-1;827;988;62.76;118.19;;;
37.696686;-6.592292;431;0;-1;827;988;62.78;118.17;;;
37.696513;-6.592229;430;0;-1;827;988;62.8;118.15;;;
37.696348;-6.592141;430;0;-2;827;988;62.82;118.13;;;
37.696188;-6.592038;430;0;-2;827;988;62.84;118.11;;;
37.696042;-6.591905;429;0;-2;827;988;62.86;118.09;;;
37.695909;-6.591752;429;0;-2;827;988;62.88;118.07;;;
37.695790;-6.591582;428;0;-2;827;988;62.9;118.05;;;
37.695674;-6.591408;428;0;-2;827;988;62.92;118.03;;;
37.695559;-6.591234;427;0;-2;827;988;62.94;118.01;;;
37.695447;-6.591056;427;0;-2;827;988;62.96;117.99;;;
37.695335;-6.590878;426;0;-3;827;988;62.98;117.97;;;
37.695218;-6.590706;426;0;-3;827;988;63;117.95;;;
37.695092;-6.590543;425;0;-3;827;988;63.02;117.93;;;
37.694946;-6.590410;425;0;-3;827;988;63.04;117.91;;;
37.694800;-6.590278;424;0;-3;827;988;63.06;117.89;;;
37.694652;-6.590149;424;0;-3;827;988;63.08;117.87;;;
37.694496;-6.590035;423;0;-3;827;988;63.1;117.85;16;;
37.694341;-6.589921;422;0;-4;827;988;63.12;117.83;;;
37.694185;-6.589807;421;0;-4;827;988;63.14;117.81;;;
37.694028;-6.589696;421;0;-4;827;988;63.16;117.79;;;
37.693868;-6.589592;420;0;-4;827;988;63.18;117.77;;;
37.693709;-6.589487;419;0;-4;827;988;63.2;117.75;;;
37.693549;-6.589382;418;0;-4;827;988;63.22;117.73;;;
37.693394;-6.589269;418;0;-4;827;988;63.24;117.71;;;
37.693246;-6.589138;417;0;-4;827;988;63.26;117.69;;;
37.693099;-6.589008;416;0;-4;827;988;63.28;117.67;;;
37.692964;-6.588858;415;0;-4;827;988;63.3;117.65;;;
37.692828;-6.588709;414;0;-4;827;988;63.32;117.63;;;
37.692707;-6.588541;413;0;-4;827;988;63.34;117.61;;;
37.692587;-6.588372;412;0;-4;827;988;63.36;117.59;;;
37.692464;-6.588206;411;0;-4;827;988;63.38;117.57;;;
37.692341;-6.588040;411;0;-4;827;988;63.4;117.55;;;
37.692227;-6.587865;410;0;-4;827;988;63.42;117.53;;;
37.692119;-6.587683;409;0;-3;827;988;63.44;117.51;;;
37.692011;-6.587502;408;0;-3;827;988;63.46;117.49;;;
37.691887;-6.587337;408;0;-3;827;988;63.48;117.47;;;
37.691763;-6.587172;407;0;-3;827;988;63.5;117.45;;;
37.691639;-6.587007;407;0;-3;827;988;63.52;117.43;;;
37.691515;-6.586843;406;0;-3;827;988;63.54;117.41;;;
37.691391;-6.586678;406;0;-2;827;988;63.56;117.39;;;
37.691267;-6.586513;405;0;-2;827;988;63.58;117.37;;;
37.691143;-6.586348;405;0;-2;827;988;63.6;117.35;;;
37.691019;-6.586184;404;0;-2;827;988;63.62;117.33;;;
37.690895;-6.586019;404;0;-2;827;988;63.64;117.31;;;
37.690771;-6.585854;403;0;-2;827;988;63.66;117.29;;;
37.690647;-6.585690;403;0;-2;827;988;63.68;117.27;;;
37.690523;-6.585525;403;0;-2;827;988;63.7;117.25;;;
37.690399;-6.585360;402;0;-2;827;988;63.72;117.23;;;
37.690275;-6.585196;402;0;-2;827;988;63.74;117.21;;;
37.690152;-6.585031;402;0;-2;827;988;63.76;117.19;;;
37.690028;-6.584866;401;0;-2;827;988;63.78;117.17;;;
37.689904;-6.584701;401;0;-2;827;988;63.8;117.15;;;
37.689780;-6.584537;400;0;-2;827;988;63.82;117.13;;;
37.689657;-6.584370;400;0;-1;827;988;63.84;117.11;;;
37.689536;-6.584203;400;0;-1;827;988;63.86;117.09;;;
37.689414;-6.584035;400;0;-1;827;988;63.88;117.07;;;
37.689293;-6.583867;399;0;-1;827;988;63.9;117.05;;;
37.689171;-6.583700;399;0;-1;827;988;63.92;117.03;;;
37.689049;-6.583532;399;0;-1;827;988;63.94;117.01;;;
37.688928;-6.583365;399;0;-1;827;988;63.96;116.99;;;
37.688806;-6.583197;399;0;-1;827;988;63.98;116.97;;;
37.688685;-6.583030;398;0;-1;827;988;64;116.95;;;
37.688563;-6.582862;398;0;-1;827;988;64.02;116.93;;;
37.688321;-6.582530;398;0;-1;827;988;64.06;116.89;;;
37.688177;-6.582557;397;0;-1;827;988;64.08;116.87;;;
37.688037;-6.582969;397;0;-1;827;988;64.12;116.83;17;;
37.687890;-6.583100;397;0;-1;827;988;64.14;116.81;;;
37.687782;-6.583260;397;0;-1;827;988;64.16;116.79;;;
37.687739;-6.583711;396;0;-1;827;988;64.2;116.75;;;
37.687684;-6.583923;396;0;-1;827;988;64.22;116.73;;;
37.687282;-6.584374;396;0;-1;827;988;64.28;116.67;;;
37.687159;-6.584539;396;0;-1;827;988;64.3;116.65;;;
37.686941;-6.584900;396;0;-1;827;988;64.34;116.61;;;
37.686836;-6.585084;395;0;-1;827;988;64.36;116.59;;;
37.686734;-6.585272;395;0;-1;827;988;64.38;116.57;;;
37.686538;-6.585652;395;0;-1;827;988;64.42;116.53;;;
37.686457;-6.585855;395;0;-1;827;988;64.44;116.51;;;
37.686322;-6.586276;394;0;-1;827;988;64.48;116.47;;;
37.686263;-6.586490;394;0;-1;827;988;64.5;116.45;;;
37.686190;-6.586697;394;0;-1;827;988;64.52;116.43;;;
37.685968;-6.587055;393;0;-2;827;988;64.56;116.39;;;
37.685856;-6.587234;393;0;-2;827;988;64.58;116.37;;;
37.685674;-6.587624;392;0;-2;827;988;64.62;116.33;;;
37.685579;-6.587817;392;0;-3;827;988;64.64;116.31;;;
37.685442;-6.587959;391;0;-3;827;988;64.66;116.29;;;
37.685101;-6.588097;390;0;-4;827;988;64.7;116.25;;;
37.684924;-6.588138;389;0;-4;827;988;64.72;116.23;;;
37.684392;-6.588095;387;0;-4;827;988;64.78;116.17;;;
37.684219;-6.588031;386;0;-4;827;988;64.8;116.15;;;
37.683870;-6.587922;384;0;-4;827;988;64.84;116.11;;;
37.683693;-6.587887;383;0;-4;827;988;64.86;116.09;;;
37.683514;-6.587864;382;0;-4;827;988;64.88;116.07;;;
37.683156;-6.587818;381;0;-4;827;988;64.92;116.03;;;
37.682984;-6.587757;380;0;-4;827;988;64.94;116.01;;;
37.682666;-6.587546;378;0;-4;827;988;64.98;115.97;;;
37.682508;-6.587438;378;0;-4;827;988;65;115.95;;;
37.682349;-6.587330;377;0;-4;827;988;65.02;115.93;;;
37.682026;-6.587132;375;0;-4;827;988;65.06;115.89;;;
37.681863;-6.587037;375;0;-4;827;988;65.08;115.87;;;
37.681536;-6.586845;373;0;-4;827;988;65.12;115.83;;;
37.681385;-6.586725;373;0;-4;827;988;65.14;115.81;;;
37.681252;-6.586573;372;0;-4;827;988;65.16;115.79;;;
37.681040;-6.586212;370;0;-5;827;988;65.2;115.75;;;
37.681008;-6.585989;369;0;-5;827;988;65.22;115.73;;;
37.680855;-6.585338;366;0;-5;827;988;65.28;115.67;;;
37.680774;-6.585136;365;0;-5;827;988;65.3;115.65;;;
37.680561;-6.584771;363;0;-4;827;988;65.34;115.61;;;
37.680437;-6.584607;362;0;-4;827;988;65.36;115.59;;;
37.680296;-6.584466;361;0;-4;827;988;65.38;115.57;;;
37.679990;-6.584230;360;0;-4;827;988;65.42;115.53;;;
37.679820;-6.584155;359;0;-4;827;988;65.44;115.51;;;
37.679481;-6.584003;358;0;-4;827;988;65.48;115.47;;;
37.679312;-6.583927;357;0;-4;827;988;65.5;115.45;;;
37.679142;-6.583851;356;0;-4;827;988;65.52;115.43;;;
37.678806;-6.583688;355;0;-3;827;988;65.56;115.39;;;
37.678641;-6.583600;354;0;-3;827;988;65.58;115.37;;;
37.678309;-6.583424;353;0;-4;827;988;65.62;115.33;;;
37.678143;-6.583336;352;0;-5;827;988;65.64;115.31;;;
37.677977;-6.583247;352;0;-5;827;988;65.66;115.29;;;
37.677689;-6.582999;348;0;-6;827;988;65.7;115.25;;;
37.677613;-6.582794;347;0;-6;827;988;65.72;115.23;;;
37.677614;-6.582114;344;0;-6;827;988;65.78;115.17;;;
37.677612;-6.581887;342;0;-6;827;988;65.8;115.15;;;
37.677430;-6.581519;339;0;-6;827;988;65.84;115.11;;;
37.677257;-6.581470;338;0;-6;827;988;65.86;115.09;;;
37.677080;-6.581502;337;0;-6;827;988;65.88;115.07;;;
37.676731;-6.581615;335;0;-6;827;988;65.92;115.03;;;
37.676554;-6.581654;334;0;-6;827;988;65.94;115.01;;;
37.676213;-6.581536;331;0;-6;827;988;65.98;114.97;;;
37.676056;-6.581426;330;0;-6;827;988;66;114.95;;;
37.675889;-6.581348;328;0;-6;827;988;66.02;114.93;;;
37.675533;-6.581284;326;0;-6;827;988;66.06;114.89;;;
37.675363;-6.581214;325;0;-5;827;988;66.08;114.87;;;
37.675061;-6.580971;323;0;-5;827;988;66.12;114.83;;;
37.674915;-6.580837;322;0;-4;827;988;66.14;114.81;;;
37.674747;-6.580756;321;0;-4;827;988;66.16;114.79;;;
37.674397;-6.580671;319;0;-4;827;988;66.2;114.75;;;
37.674217;-6.580676;319;0;-4;827;988;66.22;114.73;;;
37.673677;-6.580689;317;0;-4;827;988;66.28;114.67;;;
37.673498;-6.580674;316;0;-4;827;988;66.3;114.65;;;
37.673147;-6.580583;314;0;-4;827;988;66.34;114.61;;;
37.672976;-6.580513;313;0;-4;827;988;66.36;114.59;;;
37.672802;-6.580457;313;0;-4;827;988;66.38;114.57;;;
37.672450;-6.580360;311;0;-3;827;988;66.42;114.53;;;
37.672274;-6.580311;311;0;-3;827;988;66.44;114.51;;;
37.671933;-6.580170;309;0;-3;827;988;66.48;114.47;;;
37.671766;-6.580089;309;0;-3;827;988;66.5;114.45;;;
37.671598;-6.580007;308;0;-3;827;988;66.52;114.43;;;
37.671282;-6.579792;307;0;-2;827;988;66.56;114.39;;;
37.671127;-6.579677;307;0;-2;827;988;66.58;114.37;;;
37.670817;-6.579446;306;0;-2;827;988;66.62;114.33;;;
37.670662;-6.579331;306;0;-2;827;988;66.64;114.31;;;
37.670497;-6.579247;306;0;-2;827;988;66.66;114.29;;;
37.670143;-6.579270;305;0;-1;827;988;66.7;114.25;;;
37.669968;-6.579321;305;0;-1;827;988;66.72;114.23;;;
37.669437;-6.579429;305;0;0;827;988;66.78;114.17;;;
37.669257;-6.579427;305;0;0;827;988;66.8;114.15;;;
37.668900;-6.579372;305;0;1;828;987;66.84;114.11;;;
37.668722;-6.579344;305;0;1;828;987;66.86;114.09;;;
37.668549;-6.579287;305;0;1;828;987;66.88;114.07;;;
37.668246;-6.579046;306;0;1;828;987;66.92;114.03;;;
37.668113;-6.578893;306;0;1;829;986;66.94;114.01;;;
37.667854;-6.578578;306;0;1;829;986;66.98;113.97;;;
37.667727;-6.578417;307;0;2;829;986;67;113.95;;;
37.667596;-6.578262;307;0;2;830;985;67.02;113.93;;;
37.667271;-6.578091;308;0;2;831;984;67.06;113.89;;;
37.667097;-6.578145;309;0;2;831;984;67.08;113.87;;;
37.666756;-6.578292;309;0;3;832;983;67.12;113.83;;;
37.666612;-6.578426;310;0;3;833;982;67.14;113.81;;;
37.666473;-6.578569;310;0;3;833;982;67.16;113.79;;;
37.666204;-6.578872;311;0;3;834;981;67.2;113.75;;;
37.666053;-6.578991;312;0;3;835;980;67.22;113.73;;;
37.665520;-6.579068;314;0;3;837;978;67.28;113.67;;;
37.665340;-6.579073;315;0;3;837;978;67.3;113.65;;;
37.664983;-6.579051;316;0;3;839;976;67.34;113.61;;;
37.664831;-6.578934;317;0;3;839;976;67.36;113.59;;;
37.664697;-6.578783;317;0;2;840;975;67.38;113.57;;;
37.664456;-6.578445;318;0;2;840;975;67.42;113.53;;;
37.664329;-6.578288;318;0;2;841;974;67.44;113.51;;;
37.663997;-6.578143;319;0;2;842;973;67.48;113.47;;;
37.663818;-6.578166;320;0;2;842;973;67.5;113.45;;;
37.663639;-6.578188;320;0;2;843;972;67.52;113.43;;;
37.663281;-6.578233;321;0;2;843;972;67.56;113.39;;;
37.663102;-6.578256;321;0;2;844;971;67.58;113.37;;;
37.662743;-6.578259;322;0;2;844;971;67.62;113.33;;;
37.662565;-6.578242;322;0;2;845;970;67.64;113.31;;;
37.662391;-6.578181;322;0;2;845;970;67.66;113.29;;;
37.662065;-6.577995;323;0;2;846;969;67.7;113.25;;;
37.661913;-6.577873;324;0;2;846;969;67.72;113.23;;;
37.661459;-6.577505;324;0;2;847;968;67.78;113.17;;;
37.661302;-6.577396;325;0;2;847;968;67.8;113.15;;;
37.660954;-6.577452;326;0;2;848;967;67.84;113.11;;;
37.660788;-6.577539;326;0;2;848;967;67.86;113.09;;;
37.660644;-6.577670;326;0;1;849;966;67.88;113.07;;;
37.660506;-6.578078;327;0;1;849;966;67.92;113.03;18;;
37.660494;-6.578305;327;0;1;850;965;67.94;113.01;;;
37.660468;-6.578758;327;0;1;850;965;67.98;112.97;;;
37.660455;-6.578984;327;0;1;850;965;68;112.95;;;
37.660442;-6.579211;328;0;1;850;965;68.02;112.93;;;
37.660416;-6.579664;328;0;1;851;964;68.06;112.89;;;
37.660403;-6.579891;328;0;1;851;964;68.08;112.87;;;
37.660378;-6.580344;329;0;1;851;964;68.12;112.83;;;
37.660365;-6.580571;329;0;1;852;963;68.14;112.81;;;
37.660352;-6.580797;329;0;2;852;963;68.16;112.79;;;
37.660324;-6.581250;330;0;2;853;962;68.2;112.75;;;
37.660309;-6.581477;330;0;2;853;962;68.22;112.73;;;
37.660262;-6.582156;332;0;2;854;961;68.28;112.67;;;
37.660246;-6.582382;332;0;3;855;960;68.3;112.65;;;
37.660215;-6.582835;333;0;3;856;959;68.34;112.61;;;
37.660200;-6.583061;334;0;3;857;958;68.36;112.59;;;
37.660184;-6.583288;334;0;3;857;958;68.38;112.57;;;
37.660121;-6.583733;336;0;3;858;957;68.42;112.53;;;
37.660034;-6.583930;336;0;3;859;956;68.44;112.51;;;
37.659833;-6.584306;337;0;3;860;955;68.48;112.47;;;
37.659733;-6.584495;338;0;3;861;954;68.5;112.45;;;
37.659632;-6.584683;339;0;3;861;954;68.52;112.43;;;
37.659395;-6.585023;340;0;3;862;953;68.56;112.39;;;
37.659246;-6.585143;341;0;3;863;952;68.58;112.37;;;
37.658891;-6.585191;342;0;3;865;950;68.62;112.33;;;
37.658711;-6.585199;343;0;3;865;950;68.64;112.31;;;
37.658531;-6.585207;343;0;3;866;949;68.66;112.29;;;
37.658172;-6.585223;344;0;2;867;948;68.7;112.25;;;
37.657992;-6.585231;345;0;3;867;948;68.72;112.23;;;
37.657453;-6.585256;346;0;2;869;946;68.78;112.17;;;
37.657273;-6.585264;347;0;2;869;946;68.8;112.15;;;
37.656913;-6.585280;347;0;2;870;945;68.84;112.11;;;
37.656734;-6.585288;348;0;2;871;944;68.86;112.09;;;
37.656555;-6.585262;348;0;2;871;944;68.88;112.07;;;
37.656222;-6.585100;349;0;2;872;943;68.92;112.03;;;
37.656058;-6.585005;350;0;2;872;943;68.94;112.01;;;
37.655732;-6.584814;350;0;2;873;942;68.98;111.97;;;
37.655571;-6.584713;351;0;1;873;942;69;111.95;;;
37.655410;-6.584613;351;0;1;874;941;69.02;111.93;;;
37.655071;-6.584468;351;0;1;874;941;69.06;111.89;;;
37.654894;-6.584462;352;0;1;874;941;69.08;111.87;;;
37.654547;-6.584579;352;0;0;874;941;69.12;111.83;;;
37.654374;-6.584644;352;0;0;875;940;69.14;111.81;;;
37.654202;-6.584708;352;0;0;875;940;69.16;111.79;;;
37.653857;-6.584838;352;0;-1;875;940;69.2;111.75;;;
37.653685;-6.584902;352;0;-1;875;940;69.22;111.73;;;
37.653200;-6.585178;351;0;-1;875;940;69.28;111.67;;;
37.653065;-6.585327;350;0;-2;875;940;69.3;111.65;;;
37.652794;-6.585627;350;0;-2;875;940;69.34;111.61;;;
37.652659;-6.585776;349;0;-2;875;940;69.36;111.59;;;
37.652523;-6.585926;349;0;-2;875;940;69.38;111.57;;;
37.652208;-6.586131;348;0;-3;875;940;69.42;111.53;;;
37.652040;-6.586212;347;0;-3;875;940;69.44;111.51;;;
37.651704;-6.586374;346;0;-3;875;940;69.48;111.47;;;
37.651536;-6.586456;345;0;-3;875;940;69.5;111.45;;;
37.651368;-6.586537;345;0;-3;875;940;69.52;111.43;;;
37.651032;-6.586699;343;0;-4;875;940;69.56;111.39;;;
37.650864;-6.586780;343;0;-4;875;940;69.58;111.37;;;
37.650528;-6.586942;341;0;-5;875;940;69.62;111.33;;;
37.650358;-6.587004;340;0;-5;875;940;69.64;111.31;;;
37.650185;-6.586947;338;0;-5;875;940;69.66;111.29;;;
37.649882;-6.586704;336;0;-5;875;940;69.7;111.25;;;
37.649731;-6.586580;335;0;-5;875;940;69.72;111.23;;;
37.649329;-6.586135;333;0;-4;875;940;69.78;111.17;;;
37.649229;-6.585946;332;0;-4;875;940;69.8;111.15;;;
37.649028;-6.585569;330;0;-6;875;940;69.84;111.11;;;
37.648928;-6.585381;329;0;-7;875;940;69.86;111.09;;;
37.648814;-6.585206;328;0;-7;875;940;69.88;111.07;;;
37.648497;-6.585066;324;0;-7;875;940;69.92;111.03;;;
37.648350;-6.585189;322;0;-7;875;940;69.94;111.01;;;
37.648123;-6.585540;320;0;-8;875;940;69.98;110.97;;;
37.648008;-6.585716;319;0;-8;875;940;70;110.95;;;
37.647894;-6.585891;318;0;-8;875;940;70.02;110.93;;;
37.647603;-6.586101;313;0;-9;875;940;70.06;110.89;;;
37.647474;-6.585955;311;0;-9;875;940;70.08;110.87;;;
37.647331;-6.585539;308;0;-8;875;940;70.12;110.83;;;
37.647194;-6.585394;306;0;-7;875;940;70.14;110.81;;;
37.647045;-6.585266;305;0;-6;875;940;70.16;110.79;;;
37.646747;-6.585011;303;0;-6;875;940;70.2;110.75;;;
37.646599;-6.584883;302;0;-6;875;940;70.22;110.73;;;
37.646084;-6.584693;299;0;-7;875;940;70.28;110.67;;;
37.645917;-6.584736;297;0;-7;875;940;70.3;110.65;;;
37.645753;-6.585127;293;0;-7;875;940;70.34;110.61;;;
37.645697;-6.585344;292;0;-7;875;940;70.36;110.59;;;
37.645642;-6.585560;291;0;-7;875;940;70.38;110.57;;;
37.645501;-6.585974;289;0;-7;875;940;70.42;110.53;;;
37.645370;-6.586123;287;0;-7;875;940;70.44;110.51;;;
37.645071;-6.586377;284;0;-8;875;940;70.48;110.47;;;
37.644920;-6.586498;283;0;-8;875;940;70.5;110.45;;;
37.644747;-6.586546;281;0;-8;875;940;70.52;110.43;;;
37.644402;-6.586472;277;0;-10;875;940;70.56;110.39;;;
37.644251;-6.586348;276;0;-10;875;940;70.58;110.37;;;
37.644050;-6.585984;271;0;-10;875;940;70.62;110.33;;;
37.643893;-6.585877;269;0;-10;875;940;70.64;110.31;;;
37.643756;-6.585731;267;0;-10;875;940;70.66;110.29;;;
37.643456;-6.585487;263;0;-10;875;940;70.7;110.25;;;
37.643291;-6.585401;261;0;-10;875;940;70.72;110.23;;;
37.642872;-6.585776;255;0;-10;875;940;70.78;110.17;;;
37.642729;-6.585915;254;0;-10;875;940;70.8;110.15;;;
37.642417;-6.586126;249;0;-9;875;940;70.84;110.11;;;
37.642245;-6.586192;247;0;-9;875;940;70.86;110.09;;;
37.642125;-6.586350;245;0;-9;875;940;70.88;110.07;;;
37.641981;-6.586767;242;0;-10;875;940;70.92;110.03;;;
37.641909;-6.586975;241;0;-10;875;940;70.94;110.01;;;
37.641655;-6.587223;235;0;-9;875;940;70.98;109.97;;;
37.641475;-6.587232;233;0;-9;875;940;71;109.95;;;
37.641295;-6.587243;232;0;-9;875;940;71.02;109.93;;;
37.640939;-6.587304;229;0;-8;875;940;71.06;109.89;;;
37.640760;-6.587329;228;0;-8;875;940;71.08;109.87;;;
37.640418;-6.587400;224;0;-8;875;940;71.12;109.83;;;
37.640269;-6.587511;222;0;-8;875;940;71.14;109.81;;;
37.640094;-6.587539;221;0;-8;875;940;71.16;109.79;;;
37.639751;-6.587426;218;0;-7;875;940;71.2;109.75;;;
37.639633;-6.587255;216;0;-7;875;940;71.22;109.73;;;
37.639377;-6.586659;212;0;-6;875;940;71.28;109.67;;;
37.639231;-6.586527;211;0;-5;875;940;71.3;109.65;;;
37.638937;-6.586265;209;0;-4;875;940;71.34;109.61;;;
37.638790;-6.586135;209;0;-4;875;940;71.36;109.59;;;
37.638643;-6.586004;208;0;-3;875;940;71.38;109.57;;;
37.638402;-6.585674;207;0;-3;875;940;71.42;109.53;;;
37.638324;-6.585469;206;0;-3;875;940;71.44;109.51;;;
37.638227;-6.585032;205;0;-2;875;940;71.48;109.47;;;
37.638181;-6.584813;205;0;-2;875;940;71.5;109.45;;;
37.638135;-6.584593;205;0;-2;875;940;71.52;109.43;;;
37.638108;-6.584147;204;0;-1;875;940;71.56;109.39;;;
37.638217;-6.583967;204;0;-1;875;940;71.58;109.37;;;
37.638440;-6.583610;204;0;0;875;940;71.62;109.33;;;
37.638479;-6.583396;204;0;1;875;940;71.64;109.31;;;
37.638440;-6.583174;204;0;1;875;940;71.66;109.29;;;
37.638314;-6.582755;204;0;2;875;940;71.7;109.25;;;
37.638202;-6.582577;205;0;2;876;939;71.72;109.23;;;
37.637806;-6.582116;206;0;5;877;938;71.78;109.17;;;
37.637671;-6.581966;207;0;5;878;937;71.8;109.15;;;
37.637358;-6.581999;211;0;6;882;933;71.84;109.11;;;
37.637226;-6.582153;212;0;7;883;932;71.86;109.09;;;
37.637094;-6.582307;213;0;7;884;931;71.88;109.07;;;
37.636761;-6.582448;216;0;7;887;928;71.92;109.03;;;
37.636585;-6.582489;218;0;7;888;927;71.94;109.01;;;
37.636273;-6.582715;220;0;7;891;924;71.98;108.97;;;
37.636117;-6.582828;221;0;8;892;923;72;108.95;;;
37.635963;-6.582946;223;0;8;894;921;72.02;108.93;;;
37.635667;-6.583203;227;0;8;898;917;72.06;108.89;;;
37.635528;-6.583347;229;0;8;900;915;72.08;108.87;;;
37.635295;-6.583690;231;0;8;902;913;72.12;108.83;;;
37.635186;-6.583870;232;0;7;903;912;72.14;108.81;;;
37.635073;-6.584047;234;0;7;904;911;72.16;108.79;;;
37.634802;-6.584345;237;0;7;908;907;72.2;108.75;;;
37.634685;-6.584518;239;0;7;910;905;72.22;108.73;;;
37.634371;-6.585072;243;0;7;914;901;72.28;108.67;;;
37.634263;-6.585253;244;0;7;915;900;72.3;108.65;;;
37.633995;-6.585550;247;0;8;918;897;72.34;108.61;;;
37.633835;-6.585654;249;0;8;920;895;72.36;108.59;;;
37.633667;-6.585734;251;0;9;922;893;72.38;108.57;;;
37.633318;-6.585835;254;0;9;925;890;72.42;108.53;;;
37.633140;-6.585871;256;0;9;927;888;72.44;108.51;;;
37.632783;-6.585895;260;0;9;931;884;72.48;108.47;;;
37.632605;-6.585897;264;0;9;935;880;72.5;108.45;;;
37.632460;-6.586031;266;0;9;937;878;72.52;108.43;;;
37.632540;-6.586325;273;0;9;944;871;72.56;108.39;;;
37.632684;-6.586457;277;0;9;948;867;72.58;108.37;;;
37.632685;-6.586880;284;0;9;955;860;72.62;108.33;;;
37.632558;-6.587035;287;0;9;958;857;72.64;108.31;;;
37.632388;-6.587099;290;0;9;961;854;72.66;108.29;;;
37.632032;-6.587053;294;0;9;965;850;72.7;108.25;;;
37.631858;-6.586998;296;0;9;967;848;72.72;108.23;;;
37.631358;-6.586742;301;0;9;972;843;72.78;108.17;;;
37.631192;-6.586657;302;0;9;973;842;72.8;108.15;;;
37.630909;-6.586398;307;0;8;978;837;72.84;108.11;;;
37.630916;-6.586171;308;0;8;979;836;72.86;108.09;;;
37.630923;-6.585945;310;0;9;981;834;72.88;108.07;;;
37.630938;-6.585491;312;0;7;983;832;72.92;108.03;;;
37.630927;-6.585264;314;0;7;985;830;72.94;108.01;;;
37.630868;-6.584819;317;0;7;988;827;72.98;107.97;;;
37.630810;-6.584604;318;0;6;989;826;73;107.95;;;
37.630752;-6.584390;319;0;6;990;825;73.02;107.93;;;
37.630608;-6.583973;322;0;6;993;822;73.06;107.89;;;
37.630516;-6.583780;323;0;6;994;821;73.08;107.87;;;
37.630348;-6.583389;325;0;5;996;819;73.12;107.83;;;
37.630313;-6.583166;326;0;5;997;818;73.14;107.81;;;
37.630238;-6.582968;327;0;4;998;817;73.16;107.79;;;
37.630001;-6.583149;329;0;3;1000;815;73.2;107.75;;;
37.629938;-6.583362;329;0;2;1000;815;73.22;107.73;;;
37.629650;-6.583920;330;0;0;1001;814;73.28;107.67;;;
37.629484;-6.584001;329;0;0;1001;814;73.3;107.65;;;
37.629129;-6.584009;329;0;-1;1001;814;73.34;107.61;;;
37.628952;-6.584046;329;0;-2;1001;814;73.36;107.59;;;
37.628774;-6.584083;329;0;-2;1001;814;73.38;107.57;;;
37.628426;-6.584192;328;0;-2;1001;814;73.42;107.53;;;
37.628283;-6.584329;327;0;-2;1001;814;73.44;107.51;;;
37.627996;-6.584602;326;0;-2;1001;814;73.48;107.47;;;
37.627852;-6.584739;326;0;-3;1001;814;73.5;107.45;;;
37.627688;-6.584825;325;0;-3;1001;814;73.52;107.43;;;
37.627341;-6.584946;324;0;-3;1001;814;73.56;107.39;;;
37.627164;-6.584959;324;0;-3;1001;814;73.58;107.37;;;
37.626817;-6.585010;322;0;-3;1001;814;73.62;107.33;;;
37.626651;-6.585095;322;0;-3;1001;814;73.64;107.31;;;
37.626477;-6.585154;321;0;-4;1001;814;73.66;107.29;;;
37.626130;-6.585272;320;0;-3;1001;814;73.7;107.25;;;
37.625952;-6.585289;319;0;-3;1001;814;73.72;107.23;;;
37.625570;-6.584826;317;0;-2;1001;814;73.78;107.17;;;
37.625422;-6.584702;317;0;-2;1001;814;73.8;107.15;;;
37.625075;-6.584603;316;0;-1;1001;814;73.84;107.11;;;
37.624899;-6.584567;316;0;-1;1001;814;73.86;107.09;;;
37.624764;-6.584423;316;0;0;1001;814;73.88;107.07;;;
37.624648;-6.584041;316;0;0;1001;814;73.92;107.03;;;
37.624701;-6.583824;316;0;1;1001;814;73.94;107.01;;;
37.624786;-6.583384;316;0;1;1001;814;73.98;106.97;;;
37.624820;-6.583161;317;0;2;1002;813;74;106.95;19;;
37.624853;-6.582938;317;0;2;1002;813;74.02;106.93;;;
37.624919;-6.582491;318;0;2;1003;812;74.06;106.89;;;
37.624907;-6.582265;319;0;2;1003;812;74.08;106.87;;;
37.624835;-6.581822;320;0;2;1004;811;74.12;106.83;;;
37.624785;-6.581604;320;0;2;1005;810;74.14;106.81;;;
37.624705;-6.581406;320;0;2;1005;810;74.16;106.79;;;
37.624475;-6.581056;321;0;2;1006;809;74.2;106.75;;;
37.624361;-6.580882;322;0;2;1007;808;74.22;106.73;;;
37.623948;-6.580442;323;0;3;1008;807;74.28;106.67;;;
37.623811;-6.580296;324;0;3;1009;806;74.3;106.65;;;
37.623593;-6.579941;325;0;3;1010;805;74.34;106.61;;;
37.623499;-6.579748;325;0;3;1010;805;74.36;106.59;;;
37.623404;-6.579555;326;0;3;1011;804;74.38;106.57;;;
37.623204;-6.579178;327;0;3;1012;803;74.42;106.53;;;
37.623082;-6.579012;328;0;3;1013;802;74.44;106.51;;;
37.622783;-6.578766;329;0;3;1014;801;74.48;106.47;;;
37.622627;-6.578654;330;0;3;1015;800;74.5;106.45;;;
37.622460;-6.578570;330;0;3;1015;800;74.52;106.43;;;
37.622125;-6.578402;332;0;3;1016;799;74.56;106.39;;;
37.621959;-6.578315;332;0;2;1017;798;74.58;106.37;;;
37.621694;-6.578027;333;0;2;1018;797;74.62;106.33;;;
37.621633;-6.577816;333;0;2;1018;797;74.64;106.31;;;
37.621585;-6.577597;334;0;2;1019;796;74.66;106.29;;;
37.621489;-6.577160;334;0;1;1019;796;74.7;106.25;;;
37.621427;-6.576946;335;0;1;1019;796;74.72;106.23;;;
37.621013;-6.576518;335;0;1;1020;795;74.78;106.17;;;
37.620836;-6.576476;335;0;1;1020;795;74.8;106.15;;;
37.620530;-6.576268;336;0;0;1020;795;74.84;106.11;;;
37.620454;-6.576066;336;0;0;1020;795;74.86;106.09;;;
37.620466;-6.575849;335;0;0;1020;795;74.88;106.07;;;
37.620687;-6.575496;335;0;-1;1020;795;74.92;106.03;;;
37.620814;-6.575335;335;0;-1;1020;795;74.94;106.01;;;
37.621069;-6.575015;335;0;-1;1020;795;74.98;105.97;;;
37.621197;-6.574855;334;0;-1;1020;795;75;105.95;;;
37.621291;-6.574666;334;0;-1;1020;795;75.02;105.93;;;
37.621363;-6.574228;334;0;-1;1020;795;75.06;105.89;;;
37.621375;-6.574001;333;0;-1;1020;795;75.08;105.87;;;
37.621373;-6.573547;333;0;-1;1020;795;75.12;105.83;;;
37.621369;-6.573320;333;0;-1;1020;795;75.14;105.81;;;
37.621341;-6.573096;332;0;-1;1020;795;75.16;105.79;;;
37.621266;-6.572654;332;0;-2;1020;795;75.2;105.75;;;
37.621204;-6.572440;331;0;-2;1020;795;75.22;105.73;;;
37.621018;-6.571801;331;0;-1;1020;795;75.28;105.67;;;
37.620956;-6.571588;330;0;-1;1020;795;75.3;105.65;;;
37.620832;-6.571161;330;0;-1;1020;795;75.34;105.61;;;
37.620792;-6.570942;329;0;-1;1020;795;75.36;105.59;;;
37.620777;-6.570716;329;0;-1;1020;795;75.38;105.57;;;
37.620747;-6.570263;329;0;-1;1020;795;75.42;105.53;;;
37.620733;-6.570037;329;0;-1;1020;795;75.44;105.51;;;
37.620703;-6.569584;329;0;0;1020;795;75.48;105.47;;;
37.620688;-6.569358;329;0;0;1020;795;75.5;105.45;;;
37.620648;-6.569140;329;0;0;1020;795;75.52;105.43;;;
37.620441;-6.568777;329;0;0;1020;795;75.56;105.39;;;
37.620288;-6.568659;329;0;1;1020;795;75.58;105.37;;;
37.619973;-6.568439;329;0;1;1021;794;75.62;105.33;;;
37.619816;-6.568330;329;0;1;1021;794;75.64;105.31;;;
37.619658;-6.568221;330;0;2;1021;794;75.66;105.29;;;
37.619343;-6.568002;330;0;2;1022;793;75.7;105.25;;;
37.619185;-6.567893;331;0;2;1022;793;75.72;105.23;;;
37.618712;-6.567564;332;0;2;1024;791;75.78;105.17;;;
37.618555;-6.567455;333;0;3;1024;791;75.8;105.15;;;
37.618239;-6.567236;334;0;3;1025;790;75.84;105.11;;;
37.618082;-6.567127;334;0;3;1026;789;75.86;105.09;;;
37.617924;-6.567017;335;0;3;1026;789;75.88;105.07;;;
37.617609;-6.566799;336;0;3;1028;787;75.92;105.03;;;
37.617451;-6.566689;337;0;3;1028;787;75.94;105.01;;;
37.617128;-6.566493;338;0;3;1030;785;75.98;104.97;;;
37.616958;-6.566436;338;0;3;1030;785;76;104.95;;;
37.616781;-6.566478;339;0;3;1031;784;76.02;104.93;;;
37.616453;-6.566655;340;0;3;1032;783;76.06;104.89;;;
37.616293;-6.566760;341;0;3;1032;783;76.08;104.87;;;
37.615974;-6.566970;342;0;3;1034;781;76.12;104.83;;;
37.615815;-6.567075;342;0;3;1034;781;76.14;104.81;;;
37.615655;-6.567179;343;0;3;1035;780;76.16;104.79;;;
37.615348;-6.567414;345;0;4;1036;779;76.2;104.75;;;
37.615195;-6.567535;345;0;4;1037;778;76.22;104.73;;;
37.614739;-6.567898;348;0;4;1040;775;76.28;104.67;;;
37.614586;-6.568018;349;0;4;1040;775;76.3;104.65;;;
37.614261;-6.568204;350;0;4;1042;773;76.34;104.61;;;
37.614086;-6.568158;351;0;4;1043;772;76.36;104.59;;;
37.613933;-6.568041;352;0;4;1044;771;76.38;104.57;;;
37.613742;-6.567659;354;0;4;1045;770;76.42;104.53;;;
37.613649;-6.567465;354;0;3;1046;769;76.44;104.51;;;
37.613463;-6.567076;355;0;3;1047;768;76.48;104.47;;;
37.613370;-6.566882;356;0;3;1048;767;76.5;104.45;;;
37.613277;-6.566687;357;0;3;1048;767;76.52;104.43;;;
37.613091;-6.566299;358;0;2;1049;766;76.56;104.39;;;
37.612998;-6.566104;358;0;2;1050;765;76.58;104.37;;;
37.612812;-6.565716;359;0;2;1050;765;76.62;104.33;;;
37.612719;-6.565522;359;0;1;1051;764;76.64;104.31;;;
37.612626;-6.565327;359;0;1;1051;764;76.66;104.29;;;
37.612440;-6.564939;360;0;1;1051;764;76.7;104.25;;;
37.612346;-6.564744;360;0;0;1052;763;76.72;104.23;;;
37.612068;-6.564161;360;0;0;1052;763;76.78;104.17;;;
37.611974;-6.563967;360;0;-1;1052;763;76.8;104.15;;;
37.611789;-6.563578;359;0;-1;1052;763;76.84;104.11;;;
37.611695;-6.563384;359;0;-2;1052;763;76.86;104.09;;;
37.611602;-6.563190;359;0;-2;1052;763;76.88;104.07;;;
37.611376;-6.562838;358;0;-3;1052;763;76.92;104.03;;;
37.611256;-6.562670;357;0;-4;1052;763;76.94;104.01;;;
37.610968;-6.562404;355;0;-4;1052;763;76.98;103.97;;;
37.610805;-6.562310;354;0;-5;1052;763;77;103.95;;;
37.610636;-6.562231;354;0;-5;1052;763;77.02;103.93;;;
37.610294;-6.562115;351;0;-6;1052;763;77.06;103.89;;;
37.610115;-6.562128;350;0;-6;1052;763;77.08;103.87;;;
37.609757;-6.562170;348;0;-7;1052;763;77.12;103.83;;;
37.609578;-6.562197;346;0;-7;1052;763;77.14;103.81;;;
37.609399;-6.562223;345;0;-7;1052;763;77.16;103.79;;;
37.609042;-6.562277;342;0;-7;1052;763;77.2;103.75;;;
37.608864;-6.562308;340;0;-7;1052;763;77.22;103.73;;;
37.608335;-6.562441;336;0;-8;1052;763;77.28;103.67;;;
37.608159;-6.562486;335;0;-8;1052;763;77.3;103.65;;;
37.607806;-6.562575;332;0;-8;1052;763;77.34;103.61;;;
37.607635;-6.562645;330;0;-9;1052;763;77.36;103.59;;;
37.607468;-6.562728;328;0;-9;1052;763;77.38;103.57;;;
37.607133;-6.562893;324;0;-10;1052;763;77.42;103.53;;;
37.606962;-6.562965;322;0;-10;1052;763;77.44;103.51;;;
37.606611;-6.563043;317;0;-10;1052;763;77.48;103.47;;;
37.606432;-6.563033;314;0;-10;1052;763;77.5;103.45;;;
37.606257;-6.562984;312;0;-10;1052;763;77.52;103.43;;;
37.605915;-6.562847;308;0;-10;1052;763;77.56;103.39;;;
37.605743;-6.562779;306;0;-9;1052;763;77.58;103.37;;;
37.605396;-6.562659;302;0;-9;1052;763;77.62;103.33;;;
37.605222;-6.562600;301;0;-9;1052;763;77.64;103.31;;;
37.605048;-6.562548;299;0;-9;1052;763;77.66;103.29;;;
37.604693;-6.562473;295;0;-9;1052;763;77.7;103.25;;;
37.604515;-6.562435;293;0;-10;1052;763;77.72;103.23;;;
37.603983;-6.562322;287;0;-9;1052;763;77.78;103.17;;;
37.603806;-6.562284;285;0;-8;1052;763;77.8;103.15;;;
37.603448;-6.562259;282;0;-8;1052;763;77.84;103.11;;;
37.603268;-6.562259;281;0;-8;1052;763;77.86;103.09;;;
37.603088;-6.562259;280;0;-7;1052;763;77.88;103.07;;;
37.602749;-6.562125;277;0;-7;1052;763;77.92;103.03;;;
37.602615;-6.561974;275;0;-7;1052;763;77.94;103.01;;;
37.602347;-6.561672;272;0;-7;1052;763;77.98;102.97;;;
37.602212;-6.561521;271;0;-7;1052;763;78;102.95;;;
37.602078;-6.561370;269;0;-7;1052;763;78.02;102.93;;;
37.601782;-6.561116;267;0;-7;1052;763;78.06;102.89;;;
37.601627;-6.561001;266;0;-7;1052;763;78.08;102.87;;;
37.601341;-6.560729;263;0;-6;1052;763;78.12;102.83;;;
37.601207;-6.560577;261;0;-6;1052;763;78.14;102.81;;;
37.601086;-6.560411;260;0;-7;1052;763;78.16;102.79;;;
37.600867;-6.560051;258;0;-7;1052;763;78.2;102.75;;;
37.600755;-6.559873;257;0;-7;1052;763;78.22;102.73;;;
37.600327;-6.559474;252;0;-7;1052;763;78.28;102.67;;;
37.600158;-6.559398;250;0;-8;1052;763;78.3;102.65;;;
37.599819;-6.559245;247;0;-7;1052;763;78.34;102.61;;;
37.599650;-6.559168;246;0;-7;1052;763;78.36;102.59;;;
37.599480;-6.559092;244;0;-7;1052;763;78.38;102.57;;;
37.599138;-6.558961;242;0;-7;1052;763;78.42;102.53;;;
37.598959;-6.558941;241;0;-7;1052;763;78.44;102.51;;;
37.598600;-6.558899;238;0;-7;1052;763;78.48;102.47;;;
37.598425;-6.558949;236;0;-7;1052;763;78.5;102.45;;;
37.598249;-6.558999;235;0;-7;1052;763;78.52;102.43;;;
37.598067;-6.559384;232;0;-8;1052;763;78.56;102.39;;;
37.598014;-6.559600;230;0;-8;1052;763;78.58;102.37;;;
37.597938;-6.560044;227;0;-8;1052;763;78.62;102.33;;;
37.597900;-6.560266;226;0;-8;1052;763;78.64;102.31;;;
37.597810;-6.560457;224;0;-8;1052;763;78.66;102.29;;;
37.597569;-6.560783;221;0;-8;1052;763;78.7;102.25;;;
37.597404;-6.560875;220;0;-9;1052;763;78.72;102.23;;;
37.596871;-6.560829;214;0;-8;1052;763;78.78;102.17;;;
37.596697;-6.560774;212;0;-8;1052;763;78.8;102.15;;;
37.596344;-6.560687;209;0;-8;1052;763;78.84;102.11;;;
37.596179;-6.560598;208;0;-8;1052;763;78.86;102.09;;;
37.596018;-6.560498;206;0;-8;1052;763;78.88;102.07;;;
37.595710;-6.560267;203;0;-8;1052;763;78.92;102.03;;;
37.595619;-6.560081;201;0;-8;1052;763;78.94;102.01;;;
37.595598;-6.559634;198;0;-9;1052;763;78.98;101.97;;;
37.595605;-6.559407;197;0;-9;1052;763;79;101.95;;;
37.595623;-6.559183;195;0;-9;1052;763;79.02;101.93;;;
37.595695;-6.558742;190;0;-10;1052;763;79.06;101.89;;;
37.595650;-6.558527;188;0;-10;1052;763;79.08;101.87;;;
37.595402;-6.558219;184;0;-10;1052;763;79.12;101.83;;;
37.595228;-6.558159;182;0;-10;1052;763;79.14;101.81;;;
37.595060;-6.558080;180;0;-10;1052;763;79.16;101.79;;;
37.594758;-6.557848;175;0;-10;1052;763;79.2;101.75;;;
37.594632;-6.557688;173;0;-10;1052;763;79.22;101.73;;;
37.594467;-6.557042;168;0;-7;1052;763;79.28;101.67;;;
37.594427;-6.556821;167;0;-7;1052;763;79.3;101.65;;;
37.594346;-6.556379;164;0;-7;1052;763;79.34;101.61;;;
37.594306;-6.556158;163;0;-7;1052;763;79.36;101.59;;;
37.594265;-6.555936;162;0;-7;1052;763;79.38;101.57;;;
37.594060;-6.555576;159;0;-8;1052;763;79.42;101.53;;;
37.593902;-6.555468;157;0;-8;1052;763;79.44;101.51;;;
37.593570;-6.555320;153;0;-9;1052;763;79.48;101.47;;;
37.593391;-6.555312;152;0;-9;1052;763;79.5;101.45;;;
37.593221;-6.555386;150;0;-9;1052;763;79.52;101.43;;;
37.592910;-6.555612;146;0;-10;1052;763;79.56;101.39;;;
37.592746;-6.555702;144;0;-10;1052;763;79.58;101.37;;;
37.592406;-6.555768;140;0;-10;1052;763;79.62;101.33;;;
37.592288;-6.555612;137;0;-9;1052;763;79.64;101.31;;;
37.592288;-6.555390;135;0;-9;1052;763;79.66;101.29;;;
37.592389;-6.554955;132;0;-8;1052;763;79.7;101.25;;;
37.592430;-6.554734;131;0;-7;1052;763;79.72;101.23;;;
37.592307;-6.554089;127;0;-6;1052;763;79.78;101.17;;;
37.592232;-6.553883;126;0;-6;1052;763;79.8;101.15;;;
37.592104;-6.553461;124;0;-5;1052;763;79.84;101.11;;;
37.592065;-6.553239;123;0;-4;1052;763;79.86;101.09;;;
37.592033;-6.553016;122;0;-4;1052;763;79.88;101.07;;;
37.591968;-6.552571;121;0;-3;1052;763;79.92;101.03;;;
37.591911;-6.552355;120;0;-2;1052;763;79.94;101.01;;;
37.591861;-6.551916;119;0;-1;1052;763;79.98;100.97;;;
37.591942;-6.551719;119;0;-1;1052;763;80;100.95;;;
37.592057;-6.551545;119;0;0;1052;763;80.02;100.93;;;
37.592354;-6.551300;119;0;1;1052;763;80.06;100.89;;;
37.592524;-6.551228;120;0;1;1052;763;80.08;100.87;;;
37.592883;-6.551205;120;0;2;1053;762;80.12;100.83;;;
37.593063;-6.551193;120;0;2;1053;762;80.14;100.81;;;
37.593237;-6.551142;121;0;2;1053;762;80.16;100.79;;;
37.593580;-6.551004;122;0;3;1054;761;80.2;100.75;;;
37.593751;-6.550935;122;0;3;1055;760;80.22;100.73;;;
37.594265;-6.550729;124;0;5;1057;758;80.28;100.67;;;
37.594420;-6.550615;125;0;5;1058;757;80.3;100.65;;;
37.594679;-6.550307;128;0;6;1061;754;80.34;100.61;;;
37.594771;-6.550116;129;0;7;1062;753;80.36;100.59;;;
37.594836;-6.549904;131;0;8;1063;752;80.38;100.57;;;
37.595042;-6.549565;134;0;8;1066;749;80.42;100.53;;;
37.595208;-6.549480;136;0;8;1068;747;80.44;100.51;;;
37.595525;-6.549272;139;0;8;1072;743;80.48;100.47;;;
37.595673;-6.549142;140;0;7;1073;742;80.5;100.45;;;
37.595820;-6.549013;142;0;7;1074;741;80.52;100.43;;;
37.596116;-6.548755;144;0;7;1077;738;80.56;100.39;;;
37.596280;-6.548660;146;0;8;1078;737;80.58;100.37;;;
37.596607;-6.548473;149;0;8;1081;734;80.62;100.33;;;
37.596781;-6.548413;151;0;9;1083;732;80.64;100.31;;;
37.596954;-6.548352;153;0;9;1085;730;80.66;100.29;;;
37.597298;-6.548221;156;0;9;1089;726;80.7;100.25;;;
37.597460;-6.548126;158;0;9;1091;724;80.72;100.23;;;
37.597636;-6.547484;166;0;9;1098;717;80.78;100.17;;;
37.597735;-6.547299;168;0;9;1101;714;80.8;100.15;;;
37.598055;-6.547092;173;0;9;1106;709;80.84;100.11;;;
37.598183;-6.546933;175;0;9;1108;707;80.86;100.09;;;
37.598253;-6.546731;178;0;9;1110;705;80.88;100.07;;;
37.598087;-6.546367;182;0;9;1115;700;80.92;100.03;;;
37.597979;-6.546193;184;0;9;1117;698;80.94;100.01;;;
37.597921;-6.545751;188;0;9;1120;695;80.98;99.97;;;
37.597875;-6.545532;190;0;9;1123;692;81;99.95;;;
37.597748;-6.545376;192;0;9;1124;691;81.02;99.93;;;
37.597574;-6.545012;195;0;9;1128;687;81.06;99.89;;;
37.597657;-6.544817;198;0;9;1131;684;81.08;99.87;;;
37.597957;-6.544587;201;0;9;1134;681;81.12;99.83;;;
37.598137;-6.544579;203;0;9;1136;679;81.14;99.81;;;
37.598316;-6.544570;205;0;8;1138;677;81.16;99.79;;;
37.598675;-6.544597;208;0;8;1141;674;81.2;99.75;;;
37.598852;-6.544625;209;0;7;1142;673;81.22;99.73;;;
37.599363;-6.544819;214;0;6;1146;669;81.28;99.67;;;
37.599538;-6.544772;215;0;6;1147;668;81.3;99.65;;;
37.599863;-6.544588;217;0;6;1149;666;81.34;99.61;;;
37.600016;-6.544468;218;0;5;1151;664;81.36;99.59;;;
37.600125;-6.544290;219;0;5;1152;663;81.38;99.57;;;
37.600207;-6.543883;222;0;4;1155;660;81.42;99.53;;;
37.600110;-6.543694;222;0;4;1155;660;81.44;99.51;;;
37.599901;-6.543324;223;0;2;1156;659;81.48;99.47;;;
37.599816;-6.543125;223;0;2;1156;659;81.5;99.45;20;;
37.599744;-6.542917;224;0;1;1156;659;81.52;99.43;;;
37.599566;-6.542524;224;0;1;1157;658;81.56;99.39;;;
37.599444;-6.542363;225;0;1;1157;658;81.58;99.37;;;
37.599117;-6.542188;224;0;0;1157;658;81.62;99.33;;;
37.598941;-6.542143;224;0;0;1157;658;81.64;99.31;;;
37.598779;-6.542208;224;0;0;1157;658;81.66;99.29;;;
37.598474;-6.542448;224;0;-1;1157;658;81.7;99.25;;;
37.598324;-6.542573;224;0;-1;1157;658;81.72;99.23;;;
37.597812;-6.542747;223;0;-1;1157;658;81.78;99.17;;;
37.597634;-6.542781;223;0;-1;1157;658;81.8;99.15;;;
37.597313;-6.542961;223;0;-2;1157;658;81.84;99.11;;;
37.597165;-6.543089;222;0;-2;1157;658;81.86;99.09;;;
37.597016;-6.543217;222;0;-2;1157;658;81.88;99.07;;;
37.596716;-6.543467;221;0;-2;1157;658;81.92;99.03;;;
37.596564;-6.543588;221;0;-2;1157;658;81.94;99.01;;;
37.596412;-6.543709;220;0;-3;1157;658;81.96;98.99;;;
37.596259;-6.543830;220;0;-3;1157;658;81.98;98.97;;;
37.596107;-6.543951;219;0;-3;1157;658;82;98.95;;;
37.595968;-6.544091;218;0;-3;1157;658;82.02;98.93;;;
37.595855;-6.544268;218;0;-3;1157;658;82.04;98.91;;;
37.595770;-6.544467;217;0;-3;1157;658;82.06;98.89;;;
37.595712;-6.544680;217;0;-3;1157;658;82.08;98.87;;;
37.595679;-6.544902;216;0;-4;1157;658;82.1;98.85;;;
37.595694;-6.545126;215;0;-4;1157;658;82.12;98.83;;;
37.595760;-6.545337;214;0;-4;1157;658;82.14;98.81;;;
37.595826;-6.545548;213;0;-4;1157;658;82.16;98.79;;;
37.595884;-6.545762;213;0;-4;1157;658;82.18;98.77;;;
37.595913;-6.545986;212;0;-4;1157;658;82.2;98.75;;;
37.595917;-6.546210;212;0;-4;1157;658;82.22;98.73;;;
37.595891;-6.546435;211;0;-4;1157;658;82.24;98.71;;;
37.595818;-6.546642;210;0;-4;1157;658;82.26;98.69;;;
37.595713;-6.546823;209;0;-4;1157;658;82.28;98.67;;;
37.595586;-6.546982;208;0;-5;1157;658;82.3;98.65;;;
37.595445;-6.547123;207;0;-5;1157;658;82.32;98.63;;;
37.595295;-6.547250;206;0;-5;1157;658;82.34;98.61;;;
37.595144;-6.547372;205;0;-6;1157;658;82.36;98.59;;;
37.594992;-6.547493;204;0;-6;1157;658;82.38;98.57;;;
37.594825;-6.547577;203;0;-6;1157;658;82.4;98.55;;;
37.594654;-6.547643;201;0;-6;1157;658;82.42;98.53;;;
37.594475;-6.547660;200;0;-7;1157;658;82.44;98.51;;;
37.594295;-6.547677;199;0;-7;1157;658;82.46;98.49;;;
37.594116;-6.547682;198;0;-6;1157;658;82.48;98.47;;;
37.593936;-6.547685;196;0;-6;1157;658;82.5;98.45;;;
37.593756;-6.547687;195;0;-6;1157;658;82.52;98.43;;;
37.593577;-6.547676;194;0;-6;1157;658;82.54;98.41;;;
37.593400;-6.547634;193;0;-6;1157;658;82.56;98.39;;;
37.593239;-6.547541;192;0;-6;1157;658;82.58;98.37;;;
37.593086;-6.547422;190;0;-6;1157;658;82.6;98.35;;;
37.592933;-6.547303;189;0;-6;1157;658;82.62;98.33;;;
37.592787;-6.547171;188;0;-6;1157;658;82.64;98.31;;;
37.592640;-6.547041;187;0;-7;1157;658;82.66;98.29;;;
37.592477;-6.546944;186;0;-7;1157;658;82.68;98.27;;;
37.592315;-6.546845;184;0;-7;1157;658;82.7;98.25;;;
37.592153;-6.546747;183;0;-7;1157;658;82.72;98.23;;;
37.591991;-6.546650;181;0;-8;1157;658;82.74;98.21;;;
37.591828;-6.546552;180;0;-8;1157;658;82.76;98.19;;;
37.591666;-6.546454;178;0;-8;1157;658;82.78;98.17;;;
37.591504;-6.546356;177;0;-8;1157;658;82.8;98.15;;;
37.591335;-6.546278;175;0;-8;1157;658;82.82;98.13;;;
37.591158;-6.546253;173;0;-9;1157;658;82.84;98.11;;;
37.590980;-6.546269;172;0;-9;1157;658;82.86;98.09;;;
37.590809;-6.546330;170;0;-9;1157;658;82.88;98.07;;;
37.590656;-6.546450;168;0;-8;1157;658;82.9;98.05;;;
37.590506;-6.546574;166;0;-8;1157;658;82.92;98.03;;;
37.590358;-6.546705;164;0;-8;1157;658;82.94;98.01;;;
37.590208;-6.546827;163;0;-7;1157;658;82.96;97.99;;;
37.590037;-6.546896;162;0;-7;1157;658;82.98;97.97;;;
37.589863;-6.546954;161;0;-6;1157;658;83;97.95;;;
37.589686;-6.546993;159;0;-6;1157;658;83.02;97.93;;;
37.589506;-6.547001;158;0;-6;1157;658;83.04;97.91;;;
37.589327;-6.547003;157;0;-6;1157;658;83.06;97.89;;;
37.589147;-6.547005;156;0;-6;1157;658;83.08;97.87;;;
37.588967;-6.547007;155;0;-6;1157;658;83.1;97.85;;;
37.588787;-6.547009;153;0;-6;1157;658;83.12;97.83;;;
37.588609;-6.547036;152;0;-7;1157;658;83.14;97.81;;;
37.588432;-6.547076;151;0;-7;1157;658;83.16;97.79;;;
37.588263;-6.547153;149;0;-8;1157;658;83.18;97.77;;;
37.588104;-6.547259;148;0;-8;1157;658;83.2;97.75;;;
37.587958;-6.547391;146;0;-8;1157;658;83.22;97.73;;;
37.587812;-6.547523;144;0;-8;1157;658;83.24;97.71;;;
37.587648;-6.547616;142;0;-8;1157;658;83.26;97.69;;;
37.587483;-6.547706;140;0;-8;1157;658;83.28;97.67;;;
37.587315;-6.547787;139;0;-7;1157;658;83.3;97.65;;;
37.587146;-6.547867;138;0;-7;1157;658;83.32;97.63;;;
37.586989;-6.547974;137;0;-6;1157;658;83.34;97.61;;;
37.586839;-6.548099;135;0;-6;1157;658;83.36;97.59;;;
37.586689;-6.548224;134;0;-6;1157;658;83.38;97.57;;;
37.586538;-6.548348;133;0;-5;1157;658;83.4;97.55;;;
37.586385;-6.548467;132;0;-5;1157;658;83.42;97.53;;;
37.586232;-6.548587;131;0;-4;1157;658;83.44;97.51;;;
37.586079;-6.548706;130;0;-4;1157;658;83.46;97.49;;;
37.585926;-6.548825;130;0;-4;1157;658;83.48;97.47;;;
37.585773;-6.548945;129;0;-4;1157;658;83.5;97.45;;;
37.585620;-6.549064;128;0;-4;1157;658;83.52;97.43;;;
37.585454;-6.549141;127;0;-3;1157;658;83.54;97.41;;;
37.585277;-6.549161;127;0;-3;1157;658;83.56;97.39;;;
37.585109;-6.549104;126;0;-3;1157;658;83.58;97.37;;;
37.584988;-6.548939;125;0;-3;1157;658;83.6;97.35;;;
37.584904;-6.548738;125;0;-2;1157;658;83.62;97.33;;;
37.584844;-6.548525;125;0;-2;1157;658;83.64;97.31;;;
37.584794;-6.548307;124;0;-1;1157;658;83.66;97.29;;;
37.584744;-6.548089;124;0;-1;1157;658;83.68;97.27;;;
37.584770;-6.547868;124;0;-1;1157;658;83.7;97.25;;;
37.584845;-6.547662;124;0;0;1157;658;83.72;97.23;;;
37.584899;-6.547447;124;0;0;1157;658;83.74;97.21;;;
37.584919;-6.547226;124;0;0;1157;658;83.76;97.19;;;
37.584868;-6.547008;124;0;1;1157;658;83.78;97.17;;;
37.584753;-6.546834;124;0;1;1158;657;83.8;97.15;;;
37.584638;-6.546660;125;0;1;1158;657;83.82;97.13;;;
37.584522;-6.546486;125;0;1;1158;657;83.84;97.11;;;
37.584407;-6.546312;125;0;2;1158;657;83.86;97.09;;;
37.584291;-6.546138;125;0;2;1159;656;83.88;97.07;;;
37.584176;-6.545964;126;0;2;1159;656;83.9;97.05;;;
37.584035;-6.545826;126;0;2;1159;656;83.92;97.03;;;
37.583883;-6.545705;127;0;2;1160;655;83.94;97.01;;;
37.583731;-6.545583;127;0;3;1160;655;83.96;96.99;;;
37.583579;-6.545462;128;0;3;1161;654;83.98;96.97;;;
37.583427;-6.545340;128;0;3;1161;654;84;96.95;;;
37.583274;-6.545221;129;0;3;1162;653;84.02;96.93;;;
37.583110;-6.545128;129;0;3;1163;652;84.04;96.91;;;
37.582946;-6.545035;130;0;3;1163;652;84.06;96.89;;;
37.582780;-6.544949;130;0;3;1164;651;84.08;96.87;;;
37.582609;-6.544877;131;0;4;1164;651;84.1;96.85;;;
37.582439;-6.544805;132;0;4;1165;650;84.12;96.83;;;
37.582268;-6.544733;132;0;4;1166;649;84.14;96.81;;;
37.582092;-6.544748;134;0;5;1167;648;84.16;96.79;;;
37.581930;-6.544845;135;0;5;1168;647;84.18;96.77;;;
37.581777;-6.544964;136;0;6;1169;646;84.2;96.75;;;
37.581625;-6.545085;137;0;6;1170;645;84.22;96.73;;;
37.581513;-6.545262;138;0;6;1172;643;84.24;96.71;;;
37.581393;-6.545430;140;0;6;1173;642;84.26;96.69;;;
37.581242;-6.545549;141;0;7;1174;641;84.28;96.67;;;
37.581062;-6.545549;142;0;7;1176;639;84.3;96.65;;;
37.580882;-6.545549;144;0;6;1177;638;84.32;96.63;;;
37.580707;-6.545598;145;0;6;1178;637;84.34;96.61;;;
37.580532;-6.545647;146;0;6;1180;635;84.36;96.59;;;
37.580355;-6.545603;147;0;6;1181;634;84.38;96.57;;;
37.580179;-6.545557;149;0;6;1182;633;84.4;96.55;;;
37.580001;-6.545530;150;0;6;1183;632;84.42;96.53;;;
37.579822;-6.545507;151;0;6;1185;630;84.44;96.51;;;
37.579644;-6.545473;152;0;6;1186;629;84.46;96.49;;;
37.579475;-6.545403;153;0;6;1187;628;84.48;96.47;;;
37.579319;-6.545291;154;0;6;1188;627;84.5;96.45;;;
37.579163;-6.545178;155;0;6;1189;626;84.52;96.43;;;
37.579003;-6.545081;156;0;6;1190;625;84.54;96.41;;;
37.578826;-6.545041;158;0;6;1191;624;84.56;96.39;;;
37.578649;-6.545000;159;0;7;1193;622;84.58;96.37;;;
37.578472;-6.544958;161;0;7;1194;621;84.6;96.35;;;
37.578299;-6.544897;162;0;7;1196;619;84.62;96.33;;;
37.578130;-6.544819;164;0;7;1197;618;84.64;96.31;;;
37.577962;-6.544740;165;0;7;1198;617;84.66;96.29;;;
37.577793;-6.544662;167;0;7;1200;615;84.68;96.27;;;
37.577624;-6.544583;168;0;8;1201;614;84.7;96.25;;;
37.577453;-6.544517;170;0;8;1203;612;84.72;96.23;;;
37.577277;-6.544466;171;0;8;1205;610;84.74;96.21;;;
37.577103;-6.544411;173;0;8;1206;609;84.76;96.19;;;
37.576941;-6.544319;175;0;8;1208;607;84.78;96.17;;;
37.576809;-6.544165;177;0;8;1210;605;84.8;96.15;;;
37.576692;-6.543993;178;0;8;1211;604;84.82;96.13;;;
37.576571;-6.543824;179;0;8;1213;602;84.84;96.11;;;
37.576433;-6.543683;181;0;7;1214;601;84.86;96.09;;;
37.576277;-6.543569;182;0;8;1216;599;84.88;96.07;;;
37.576121;-6.543456;184;0;8;1217;598;84.9;96.05;;;
37.575966;-6.543342;185;0;8;1219;596;84.92;96.03;;;
37.575801;-6.543256;187;0;9;1220;595;84.94;96.01;;;
37.575624;-6.543240;189;0;9;1223;592;84.96;95.99;;;
37.575454;-6.543302;191;0;9;1224;591;84.98;95.97;;;
37.575290;-6.543395;193;0;9;1226;589;85;95.95;;;
37.575125;-6.543487;195;0;9;1228;587;85.02;95.93;;;
37.574961;-6.543578;196;0;8;1230;585;85.04;95.91;;;
37.574782;-6.543603;198;0;8;1231;584;85.06;95.89;;;
37.574609;-6.543558;199;0;8;1233;582;85.08;95.87;;;
37.574437;-6.543490;201;0;8;1234;581;85.1;95.85;;;
37.574265;-6.543422;202;0;8;1236;579;85.12;95.83;;;
37.574093;-6.543483;204;0;8;1238;577;85.14;95.81;;;
37.573936;-6.543592;206;0;8;1239;576;85.16;95.79;;;
37.573773;-6.543684;207;0;8;1241;574;85.18;95.77;;;
37.573596;-6.543713;209;0;8;1243;572;85.2;95.75;;;
37.573418;-6.543696;211;0;9;1245;570;85.22;95.73;;;
37.573244;-6.543640;212;0;9;1246;569;85.24;95.71;;;
37.573067;-6.543601;214;0;9;1247;568;85.26;95.69;;;
37.572890;-6.543594;216;0;9;1250;565;85.28;95.67;;;
37.572745;-6.543716;219;0;9;1252;563;85.3;95.65;;;
37.572646;-6.543906;220;0;9;1254;561;85.32;95.63;;;
37.572537;-6.544086;222;0;9;1255;560;85.34;95.61;;;
37.572403;-6.544231;224;0;8;1257;558;85.36;95.59;;;
37.572243;-6.544333;225;0;8;1258;557;85.38;95.57;;;
37.572082;-6.544435;226;0;8;1259;556;85.4;95.55;;;
37.571922;-6.544537;227;0;8;1261;554;85.42;95.53;;;
37.571751;-6.544491;230;0;8;1263;552;85.44;95.51;;;
37.571659;-6.544307;232;0;8;1265;550;85.46;95.49;;;
37.571604;-6.544091;233;0;8;1266;549;85.48;95.47;;;
37.571522;-6.543890;235;0;8;1268;547;85.5;95.45;;;
37.571374;-6.543769;236;0;7;1270;545;85.52;95.43;;;
37.571201;-6.543724;238;0;7;1271;544;85.54;95.41;;;
37.571022;-6.543702;239;0;7;1272;543;85.56;95.39;;;
37.570843;-6.543681;240;0;7;1274;541;85.58;95.37;;;
37.570664;-6.543659;242;0;7;1275;540;85.6;95.35;;;
37.570485;-6.543657;243;0;8;1276;539;85.62;95.33;;;
37.570305;-6.543671;245;0;8;1278;537;85.64;95.31;;;
37.570125;-6.543675;246;0;7;1280;535;85.66;95.29;;;
37.569950;-6.543639;248;0;7;1281;534;85.68;95.27;;;
37.569780;-6.543565;250;0;7;1283;532;85.7;95.25;;;
37.569605;-6.543521;251;0;7;1284;531;85.72;95.23;;;
37.569426;-6.543518;252;0;6;1285;530;85.74;95.21;;;
37.569256;-6.543589;253;0;6;1286;529;85.76;95.19;;;
37.569081;-6.543622;254;0;6;1288;527;85.78;95.17;;;
37.568904;-6.543588;255;0;5;1289;526;85.8;95.15;;;
37.568735;-6.543510;256;0;5;1290;525;85.82;95.13;;;
37.568612;-6.543356;257;0;5;1291;524;85.84;95.11;;;
37.568540;-6.543151;259;0;5;1292;523;85.86;95.09;;;
37.568510;-6.542928;260;0;5;1293;522;85.88;95.07;;;
37.568482;-6.542705;260;0;5;1294;521;85.9;95.05;;;
37.568385;-6.542516;261;0;5;1295;520;85.92;95.03;;;
37.568237;-6.542388;262;0;4;1296;519;85.94;95.01;;;
37.568071;-6.542299;263;0;4;1296;519;85.96;94.99;;;
37.567913;-6.542193;264;0;4;1297;518;85.98;94.97;;;
37.567787;-6.542039;265;0;4;1298;517;86;94.95;;;
37.567730;-6.541826;266;0;4;1299;516;86.02;94.93;;;
37.567744;-6.541599;266;0;4;1300;515;86.04;94.91;;;
37.567726;-6.541376;267;0;4;1300;515;86.06;94.89;;;
37.567646;-6.541175;268;0;3;1301;514;86.08;94.87;;;
37.567531;-6.541001;268;0;3;1302;513;86.1;94.85;;;
37.567398;-6.540849;269;0;3;1302;513;86.12;94.83;;;
37.567265;-6.540695;270;0;2;1303;512;86.14;94.81;;;
37.567121;-6.540562;270;0;2;1303;512;86.16;94.79;;;
37.566965;-6.540448;270;0;2;1304;511;86.18;94.77;;;
37.566791;-6.540402;271;0;2;1304;511;86.2;94.75;;;
37.566613;-6.540370;271;0;2;1304;511;86.22;94.73;;;
37.566436;-6.540346;271;0;2;1305;510;86.24;94.71;;;
37.566272;-6.540438;272;0;2;1305;510;86.26;94.69;;;
37.566117;-6.540550;272;0;2;1306;509;86.28;94.67;;;
37.565949;-6.540634;273;0;2;1306;509;86.3;94.65;;;
37.565778;-6.540694;273;0;1;1306;509;86.32;94.63;;;
37.565598;-6.540707;273;0;1;1306;509;86.34;94.61;;;
37.565419;-6.540714;273;0;1;1307;508;86.36;94.59;;;
37.565245;-6.540660;273;0;1;1307;508;86.38;94.57;;;
37.565085;-6.540555;274;0;1;1307;508;86.4;94.55;;;
37.564925;-6.540454;274;0;1;1307;508;86.42;94.53;;;
37.564752;-6.540392;274;0;1;1308;507;86.44;94.51;;;
37.564578;-6.540336;274;0;1;1308;507;86.46;94.49;;;
37.564399;-6.540321;275;0;1;1308;507;86.48;94.47;;;
37.564224;-6.540368;275;0;1;1308;507;86.5;94.45;;;
37.564055;-6.540446;275;0;1;1308;507;86.52;94.43;;;
37.563890;-6.540536;275;0;1;1308;507;86.54;94.41;;;
37.563725;-6.540626;275;0;1;1309;506;86.56;94.39;;;
37.563560;-6.540715;275;0;1;1309;506;86.58;94.37;;;
37.563390;-6.540791;275;0;0;1309;506;86.6;94.35;;;
37.563213;-6.540809;276;0;0;1309;506;86.62;94.33;;;
37.563040;-6.540757;276;0;0;1309;506;86.64;94.31;;;
37.562872;-6.540677;276;0;1;1309;506;86.66;94.29;;;
37.562704;-6.540596;276;0;1;1309;506;86.68;94.27;;;
37.562529;-6.540544;276;0;1;1309;506;86.7;94.25;;;
37.562351;-6.540529;276;0;1;1309;506;86.72;94.23;;;
37.562172;-6.540547;276;0;1;1310;505;86.74;94.21;;;
37.561995;-6.540587;276;0;1;1310;505;86.76;94.19;;;
37.561818;-6.540627;276;0;1;1310;505;86.78;94.17;;;
37.561640;-6.540638;277;0;1;1310;505;86.8;94.15;;;
37.561461;-6.540614;277;0;1;1310;505;86.82;94.13;;;
37.561282;-6.540589;277;0;1;1310;505;86.84;94.11;;;
37.561104;-6.540564;277;0;1;1310;505;86.86;94.09;;;
37.560925;-6.540538;277;0;1;1310;505;86.88;94.07;;;
37.560757;-6.540468;277;0;1;1311;504;86.9;94.05;;;
37.560615;-6.540331;278;0;1;1311;504;86.92;94.03;;;
37.560515;-6.540143;278;0;1;1311;504;86.94;94.01;;;
37.560437;-6.539939;278;0;1;1312;503;86.96;93.99;;;
37.560359;-6.539734;278;0;2;1312;503;86.98;93.97;;;
37.560281;-6.539530;279;0;2;1312;503;87;93.95;;;
37.560204;-6.539325;279;0;2;1312;503;87.02;93.93;;;
37.560125;-6.539121;280;0;2;1313;502;87.04;93.91;;;
37.560024;-6.538933;280;0;2;1313;502;87.06;93.89;;;
37.559924;-6.538745;280;0;2;1314;501;87.08;93.87;;;
37.559813;-6.538567;281;0;2;1314;501;87.1;93.85;;;
37.559696;-6.538394;281;0;2;1315;500;87.12;93.83;;;
37.559533;-6.538309;282;0;2;1315;500;87.14;93.81;;;
37.559360;-6.538311;282;0;3;1315;500;87.16;93.79;;;
37.559192;-6.538386;282;0;3;1316;499;87.18;93.77;;;
37.559041;-6.538508;283;0;3;1316;499;87.2;93.75;;;
37.558889;-6.538629;284;0;3;1317;498;87.22;93.73;;;
37.558709;-6.538648;285;0;3;1318;497;87.24;93.71;;;
37.558544;-6.538564;285;0;3;1318;497;87.26;93.69;;;
37.558375;-6.538486;286;0;3;1319;496;87.28;93.67;;;
37.558202;-6.538475;286;0;4;1320;495;87.3;93.65;;;
37.558040;-6.538560;287;0;4;1320;495;87.32;93.63;;;
37.557901;-6.538705;288;0;4;1321;494;87.34;93.61;;;
37.557746;-6.538819;289;0;4;1322;493;87.36;93.59;;;
37.557572;-6.538865;290;0;4;1323;492;87.38;93.57;;;
37.557403;-6.538799;290;0;4;1324;491;87.4;93.55;;;
37.557244;-6.538696;291;0;4;1324;491;87.42;93.53;;;
37.557101;-6.538559;291;0;4;1325;490;87.44;93.51;;;
37.556979;-6.538394;292;0;4;1326;489;87.46;93.49;;;
37.556866;-6.538217;293;0;4;1326;489;87.48;93.47;;;
37.556753;-6.538041;294;0;4;1327;488;87.5;93.45;;;
37.556665;-6.537844;295;0;4;1328;487;87.52;93.43;;;
37.556619;-6.537629;296;0;5;1329;486;87.54;93.41;;;
37.556618;-6.537403;297;0;5;1330;485;87.56;93.39;;;
37.556639;-6.537178;298;0;5;1331;484;87.58;93.37;;;
37.556583;-6.536962;299;0;5;1332;483;87.6;93.35;;;
37.556476;-6.536793;299;0;5;1333;482;87.62;93.33;;;
37.556331;-6.536660;300;0;5;1334;481;87.64;93.31;;;
37.556185;-6.536527;301;0;5;1335;480;87.66;93.29;;;
37.556039;-6.536394;302;0;5;1336;479;87.68;93.27;;;
37.555878;-6.536307;303;0;5;1337;478;87.7;93.25;;;
37.555711;-6.536322;304;0;5;1338;477;87.72;93.23;;;
37.555653;-6.536509;306;0;5;1339;476;87.74;93.21;;;
37.555645;-6.536733;307;0;5;1340;475;87.76;93.19;;;
37.555584;-6.536945;308;0;6;1341;474;87.78;93.17;;;
37.555454;-6.537100;309;0;5;1342;473;87.8;93.15;;;
37.555276;-6.537136;310;0;5;1343;472;87.82;93.13;;;
37.555102;-6.537191;311;0;5;1344;471;87.84;93.11;;;
37.554950;-6.537304;312;0;5;1345;470;87.86;93.09;;;
37.554813;-6.537451;313;0;5;1346;469;87.88;93.07;;;
37.554676;-6.537598;314;0;5;1347;468;87.9;93.05;;;
37.554529;-6.537726;314;0;5;1348;467;87.92;93.03;;;
37.554375;-6.537845;315;0;5;1349;466;87.94;93.01;;;
37.554222;-6.537963;316;0;4;1350;465;87.96;92.99;;;
37.554068;-6.538081;317;0;4;1351;464;87.98;92.97;;;
37.553914;-6.538199;318;0;4;1352;463;88;92.95;;;
37.553752;-6.538294;319;0;4;1352;463;88.02;92.93;;;
37.553583;-6.538369;320;0;4;1353;462;88.04;92.91;;;
37.553403;-6.538369;321;0;4;1354;461;88.06;92.89;;;
37.553229;-6.538321;321;0;4;1355;460;88.08;92.87;;;
37.553066;-6.538228;322;0;4;1356;459;88.1;92.85;;;
37.552919;-6.538100;323;0;4;1357;458;88.12;92.83;;;
37.552785;-6.537948;324;0;4;1357;458;88.14;92.81;;;
37.552651;-6.537797;325;0;3;1358;457;88.16;92.79;;;
37.552499;-6.537679;325;0;3;1359;456;88.18;92.77;;;
37.552337;-6.537582;326;0;3;1359;456;88.2;92.75;;;
37.552174;-6.537485;327;0;3;1360;455;88.22;92.73;;;
37.552012;-6.537388;327;0;3;1360;455;88.24;92.71;;;
37.551849;-6.537291;328;0;3;1361;454;88.26;92.69;;;
37.551715;-6.537142;328;0;3;1362;453;88.28;92.67;;;
37.551613;-6.536957;329;0;3;1362;453;88.3;92.65;;;
37.551522;-6.536761;329;0;3;1363;452;88.32;92.63;;;
37.551431;-6.536566;330;0;3;1363;452;88.34;92.61;;;
37.551324;-6.536384;330;0;2;1364;451;88.36;92.59;;;
37.551195;-6.536232;331;0;2;1364;451;88.38;92.57;;;
37.551039;-6.536119;331;0;2;1365;450;88.4;92.55;;;
37.550868;-6.536047;332;0;2;1365;450;88.42;92.53;;;
37.550697;-6.535975;332;0;2;1365;450;88.44;92.51;;;
37.550524;-6.535922;332;0;2;1366;449;88.46;92.49;;;
37.550345;-6.535904;333;0;2;1366;449;88.48;92.47;;;
37.550165;-6.535888;333;0;2;1367;448;88.5;92.45;;;
37.549985;-6.535882;334;0;2;1367;448;88.52;92.43;;;
37.549808;-6.535853;334;0;2;1367;448;88.54;92.41;;;
37.549633;-6.535801;334;0;1;1368;447;88.56;92.39;;;
37.549468;-6.535712;334;0;1;1368;447;88.58;92.37;;;
37.549302;-6.535622;335;0;1;1368;447;88.6;92.35;;;
37.549131;-6.535556;335;0;1;1368;447;88.62;92.33;;;
37.548956;-6.535504;335;0;1;1368;447;88.64;92.31;;;
37.548777;-6.535479;335;0;1;1369;446;88.66;92.29;;;
37.548602;-6.535508;335;0;1;1369;446;88.68;92.27;;;
37.548429;-6.535570;336;0;1;1369;446;88.7;92.25;;;
37.548256;-6.535632;336;0;1;1369;446;88.72;92.23;;;
37.548078;-6.535649;336;0;0;1369;446;88.74;92.21;;;
37.547904;-6.535602;336;0;0;1369;446;88.76;92.19;;;
37.547731;-6.535537;336;0;0;1369;446;88.78;92.17;;;
37.547580;-6.535416;336;0;0;1369;446;88.8;92.15;;;
37.547452;-6.535258;336;0;0;1369;446;88.82;92.13;;;
37.547350;-6.535073;336;0;0;1369;446;88.84;92.11;;;
37.547258;-6.534878;336;0;0;1370;445;88.86;92.09;;;
37.547166;-6.534683;336;0;0;1370;445;88.88;92.07;;;
37.547075;-6.534488;336;0;0;1370;445;88.9;92.05;;;
37.546994;-6.534285;336;0;0;1370;445;88.92;92.03;;;
37.546914;-6.534082;336;0;0;1370;445;88.94;92.01;;;
37.546834;-6.533879;336;0;0;1370;445;88.96;91.99;;;
37.546753;-6.533676;336;0;0;1370;445;88.98;91.97;;;
37.546684;-6.533467;336;0;0;1370;445;89;91.95;;;
37.546623;-6.533254;336;0;-1;1370;445;89.02;91.93;;;
37.546576;-6.533036;336;0;-1;1370;445;89.04;91.91;;;
37.546567;-6.532810;336;0;-1;1370;445;89.06;91.89;;;
37.546558;-6.532583;335;0;-1;1370;445;89.08;91.87;;;
37.546547;-6.532357;335;0;-1;1370;445;89.1;91.85;;;
37.546515;-6.532134;335;0;-1;1370;445;89.12;91.83;;;
37.546467;-6.531917;335;0;-1;1370;445;89.14;91.81;;;
37.546400;-6.531706;335;0;-1;1370;445;89.16;91.79;;;
37.546334;-6.531495;335;0;-1;1370;445;89.18;91.77;;;
37.546267;-6.531284;334;0;-1;1370;445;89.2;91.75;;;
37.546187;-6.531081;334;0;-1;1370;445;89.22;91.73;;;
37.546107;-6.530878;334;0;-1;1370;445;89.24;91.71;;;
37.546027;-6.530675;334;0;-1;1370;445;89.26;91.69;;;
37.545903;-6.530515;333;0;-1;1370;445;89.28;91.67;;;
37.545755;-6.530387;333;0;-1;1370;445;89.3;91.65;;;
37.545587;-6.530315;333;0;-1;1370;445;89.32;91.63;;;
37.545411;-6.530266;333;0;-2;1370;445;89.34;91.61;;;
37.545236;-6.530217;332;0;-1;1370;445;89.36;91.59;;;
37.545065;-6.530146;332;0;-2;1370;445;89.38;91.57;;;
37.544895;-6.530072;332;0;-2;1370;445;89.4;91.55;;;
37.544741;-6.529954;331;0;-2;1370;445;89.42;91.53;;;
37.544602;-6.529811;331;0;-2;1370;445;89.44;91.51;;;
37.544479;-6.529648;331;0;-1;1370;445;89.46;91.49;;;
37.544379;-6.529460;330;0;-1;1370;445;89.48;91.47;;;
37.544296;-6.529259;330;0;-1;1370;445;89.5;91.45;;;
37.544213;-6.529057;330;0;-1;1370;445;89.52;91.43;;;
37.544130;-6.528856;330;0;-1;1370;445;89.54;91.41;;;
37.544047;-6.528655;329;0;-1;1370;445;89.56;91.39;;;
37.543963;-6.528455;329;0;-1;1370;445;89.58;91.37;;;
37.543869;-6.528261;329;0;-2;1370;445;89.6;91.35;;;
37.543733;-6.528116;328;0;-2;1370;445;89.62;91.33;;;
37.543564;-6.528039;328;0;-2;1370;445;89.64;91.31;;;
37.543384;-6.528050;328;0;-2;1370;445;89.66;91.29;;;
37.543209;-6.528099;327;0;-2;1370;445;89.68;91.27;;;
37.543031;-6.528136;327;0;-2;1370;445;89.7;91.25;;;
37.542852;-6.528119;327;0;-2;1370;445;89.72;91.23;;;
37.542681;-6.528051;326;0;-2;1370;445;89.74;91.21;;;
37.542521;-6.527949;326;0;-2;1370;445;89.76;91.19;;;
37.542371;-6.527825;325;0;-2;1370;445;89.78;91.17;;;
37.542223;-6.527696;325;0;-2;1370;445;89.8;91.15;;;
37.542075;-6.527567;325;0;-2;1370;445;89.82;91.13;;;
37.541927;-6.527438;324;0;-2;1370;445;89.84;91.11;;;
37.541753;-6.527380;324;0;-2;1370;445;89.86;91.09;;;
37.541575;-6.527355;324;0;-2;1370;445;89.88;91.07;;;
37.541396;-6.527349;323;0;-2;1370;445;89.9;91.05;;;
37.541216;-6.527349;323;0;-2;1370;445;89.92;91.03;;;
37.541036;-6.527354;322;0;-2;1370;445;89.94;91.01;;;
37.540859;-6.527391;322;0;-2;1370;445;89.96;90.99;;;
37.540688;-6.527461;322;0;-2;1370;445;89.98;90.97;;;
37.540538;-6.527575;321;0;-2;1370;445;90;90.95;;;
37.540412;-6.527738;321;0;-2;1370;445;90.02;90.93;;;
37.540309;-6.527920;321;0;-2;1370;445;90.04;90.91;;;
37.540228;-6.528123;320;0;-2;1370;445;90.06;90.89;;;
37.540147;-6.528325;320;0;-2;1370;445;90.08;90.87;;;
37.540053;-6.528517;320;0;-2;1370;445;90.1;90.85;;;
37.539930;-6.528682;319;0;-2;1370;445;90.12;90.83;;;
37.539806;-6.528847;319;0;-2;1370;445;90.14;90.81;;;
37.539688;-6.529016;319;0;-2;1370;445;90.16;90.79;;;
37.539607;-6.529219;318;0;-2;1370;445;90.18;90.77;;;
37.539562;-6.529436;318;0;-2;1370;445;90.2;90.75;;;
37.539537;-6.529660;318;0;-2;1370;445;90.22;90.73;;;
37.539511;-6.529885;317;0;-2;1370;445;90.24;90.71;;;
37.539458;-6.530101;317;0;-2;1370;445;90.26;90.69;;;
37.539373;-6.530299;317;0;-2;1370;445;90.28;90.67;;;
37.539270;-6.530485;316;0;-2;1370;445;90.3;90.65;;;
37.539140;-6.530636;316;0;-2;1370;445;90.32;90.63;;;
37.538992;-6.530765;315;0;-2;1370;445;90.34;90.61;;;
37.538844;-6.530893;315;0;-2;1370;445;90.36;90.59;;;
37.538696;-6.531022;314;0;-2;1370;445;90.38;90.57;;;
37.538548;-6.531151;314;0;-2;1370;445;90.4;90.55;;;
37.538429;-6.531322;314;0;-2;1370;445;90.42;90.53;;;
37.538318;-6.531500;313;0;-2;1370;445;90.44;90.51;;;
37.538215;-6.531685;313;0;-2;1370;445;90.46;90.49;;;
37.538112;-6.531871;313;0;-2;1370;445;90.48;90.47;;;
37.538007;-6.532056;312;0;-2;1370;445;90.5;90.45;;;
37.537904;-6.532241;312;0;-2;1370;445;90.52;90.43;;;
37.537800;-6.532427;311;0;-2;1370;445;90.54;90.41;;;
37.537697;-6.532612;311;0;-2;1370;445;90.56;90.39;;;
37.537593;-6.532797;310;0;-2;1370;445;90.58;90.37;;;
37.537491;-6.532984;310;0;-2;1370;445;90.6;90.35;;;
37.537390;-6.533172;309;0;-2;1370;445;90.62;90.33;;;
37.537289;-6.533359;309;0;-2;1370;445;90.64;90.31;;;
37.537187;-6.533547;309;0;-2;1370;445;90.66;90.29;;;
37.537086;-6.533735;308;0;-2;1370;445;90.68;90.27;;;
37.536985;-6.533922;308;0;-2;1370;445;90.7;90.25;;;
37.536873;-6.534099;307;0;-3;1370;445;90.72;90.23;;;
37.536751;-6.534264;307;0;-3;1370;445;90.74;90.21;;;
37.536601;-6.534390;306;0;-3;1370;445;90.76;90.19;;;
37.536432;-6.534462;306;0;-4;1370;445;90.78;90.17;;;
37.536256;-6.534505;305;0;-4;1370;445;90.8;90.15;;;
37.536077;-6.534520;304;0;-4;1370;445;90.82;90.13;;;
37.535898;-6.534540;303;0;-4;1370;445;90.84;90.11;;;
37.535719;-6.534570;302;0;-4;1370;445;90.86;90.09;;;
37.535546;-6.534622;301;0;-4;1370;445;90.88;90.07;;;
37.535385;-6.534720;300;0;-4;1370;445;90.9;90.05;;;
37.535238;-6.534852;300;0;-4;1370;445;90.92;90.03;;;
37.535091;-6.534982;299;0;-4;1370;445;90.94;90.01;;;
37.534944;-6.535113;298;0;-4;1370;445;90.96;89.99;;;
37.534797;-6.535244;297;0;-4;1370;445;90.98;89.97;;;
37.534677;-6.535411;296;0;-4;1370;445;91;89.95;;;
37.534605;-6.535614;295;0;-5;1370;445;91.02;89.93;;;
37.534571;-6.535835;294;0;-5;1370;445;91.04;89.91;;;
37.534582;-6.536061;293;0;-5;1370;445;91.06;89.89;;;
37.534634;-6.536278;293;0;-5;1370;445;91.08;89.87;;;
37.534686;-6.536495;292;0;-5;1370;445;91.1;89.85;;;
37.534728;-6.536714;291;0;-5;1370;445;91.12;89.83;;;
37.534719;-6.536940;290;0;-5;1370;445;91.14;89.81;;;
37.534654;-6.537152;289;0;-5;1370;445;91.16;89.79;;;
37.534540;-6.537324;288;0;-5;1370;445;91.18;89.77;;;
37.534403;-6.537466;287;0;-5;1370;445;91.2;89.75;;;
37.534235;-6.537536;285;0;-5;1370;445;91.22;89.73;;;
37.534056;-6.537539;284;0;-5;1370;445;91.24;89.71;;;
37.533878;-6.537507;283;0;-5;1370;445;91.26;89.69;;;
37.533700;-6.537473;282;0;-5;1370;445;91.28;89.67;;;
37.533522;-6.537440;282;0;-5;1370;445;91.3;89.65;;;
37.533344;-6.537463;280;0;-5;1370;445;91.32;89.63;;;
37.533169;-6.537517;279;0;-5;1370;445;91.34;89.61;;;
37.533019;-6.537642;278;0;-5;1370;445;91.36;89.59;;;
37.532887;-6.537792;277;0;-5;1370;445;91.38;89.57;;;
37.532779;-6.537972;277;0;-4;1370;445;91.4;89.55;;;
37.532689;-6.538169;276;0;-4;1370;445;91.42;89.53;;;
37.532592;-6.538359;275;0;-4;1370;445;91.44;89.51;;;
37.532486;-6.538542;274;0;-4;1370;445;91.46;89.49;;;
37.532350;-6.538688;274;0;-4;1370;445;91.48;89.47;;;
37.532199;-6.538808;273;0;-4;1370;445;91.5;89.45;;;
37.532031;-6.538888;272;0;-4;1370;445;91.52;89.43;;;
37.531862;-6.538967;271;0;-4;1370;445;91.54;89.41;;;
37.531693;-6.539046;270;0;-4;1370;445;91.56;89.39;;;
37.531522;-6.539111;270;0;-4;1370;445;91.58;89.37;;;
37.531345;-6.539148;269;0;-4;1370;445;91.6;89.35;;;
37.531167;-6.539114;268;0;-4;1370;445;91.62;89.33;;;
37.530989;-6.539079;267;0;-4;1370;445;91.64;89.31;;;
37.530811;-6.539049;267;0;-4;1370;445;91.66;89.29;;;
37.530631;-6.539049;266;0;-4;1370;445;91.68;89.27;;;
37.530453;-6.539078;265;0;-4;1370;445;91.7;89.25;;;
37.530283;-6.539151;264;0;-4;1370;445;91.72;89.23;;;
37.530112;-6.539225;264;0;-4;1370;445;91.74;89.21;;;
37.529937;-6.539273;263;0;-3;1370;445;91.76;89.19;;;
37.529759;-6.539301;262;0;-3;1370;445;91.78;89.17;;;
37.529581;-6.539282;262;0;-3;1370;445;91.8;89.15;;;
37.529405;-6.539238;261;0;-3;1370;445;91.82;89.13;;;
37.529228;-6.539202;261;0;-3;1370;445;91.84;89.11;;;
37.529051;-6.539237;260;0;-2;1370;445;91.86;89.09;;;
37.528883;-6.539317;259;0;-2;1370;445;91.88;89.07;;;
37.528719;-6.539410;259;0;-2;1370;445;91.9;89.05;;;
37.528555;-6.539502;259;0;-2;1370;445;91.92;89.03;;;
37.528381;-6.539539;258;0;-2;1370;445;91.94;89.01;;;
37.528202;-6.539527;258;0;-1;1370;445;91.96;88.99;;;
37.528026;-6.539480;258;0;-1;1370;445;91.98;88.97;;;
37.527853;-6.539420;257;0;-1;1370;445;92;88.95;;;
37.527679;-6.539360;257;0;-1;1370;445;92.02;88.93;;;
37.527506;-6.539300;257;0;-1;1370;445;92.04;88.91;;;
37.527332;-6.539240;257;0;-1;1370;445;92.06;88.89;;;
37.527168;-6.539148;257;0;-1;1370;445;92.08;88.87;;;
37.527033;-6.538999;256;0;-1;1370;445;92.1;88.85;;;
37.526916;-6.538826;256;0;-1;1370;445;92.12;88.83;;;
37.526800;-6.538654;256;0;-1;1370;445;92.14;88.81;;;
37.526675;-6.538493;256;0;-1;1370;445;92.16;88.79;;;
37.526518;-6.538383;256;0;-1;1370;445;92.18;88.77;;;
37.526352;-6.538297;255;0;-1;1370;445;92.2;88.75;;;
37.526182;-6.538224;255;0;-1;1370;445;92.22;88.73;;;
37.526007;-6.538168;255;0;-1;1370;445;92.24;88.71;;;
37.525829;-6.538178;255;0;-1;1370;445;92.26;88.69;;;
37.525652;-6.538218;255;0;-1;1370;445;92.28;88.67;;;
37.525475;-6.538246;254;0;-1;1370;445;92.3;88.65;;;
37.525295;-6.538235;254;0;-1;1370;445;92.32;88.63;;;
37.525118;-6.538202;254;0;-1;1370;445;92.34;88.61;;;
37.524943;-6.538150;254;0;-1;1370;445;92.36;88.59;;;
37.524768;-6.538098;254;0;-1;1370;445;92.38;88.57;;;
37.524593;-6.538046;254;0;-1;1370;445;92.4;88.55;;;
37.524418;-6.537994;253;0;-1;1370;445;92.42;88.53;;;
37.524242;-6.537942;253;0;-1;1370;445;92.44;88.51;;;
37.524067;-6.537890;253;0;-1;1370;445;92.46;88.49;;;
37.523892;-6.537837;253;0;-1;1370;445;92.48;88.47;;;
37.523716;-6.537791;252;0;-1;1370;445;92.5;88.45;;;
37.523539;-6.537751;252;0;-1;1370;445;92.52;88.43;;;
37.523362;-6.537710;252;0;-1;1370;445;92.54;88.41;;;
37.523183;-6.537723;252;0;-1;1370;445;92.56;88.39;;;
37.523004;-6.537737;251;0;-1;1370;445;92.58;88.37;;;
37.522827;-6.537776;251;0;-1;1370;445;92.6;88.35;;;
37.522650;-6.537820;251;0;-1;1370;445;92.62;88.33;;;
37.522474;-6.537867;251;0;-1;1370;445;92.64;88.31;;;
37.522308;-6.537954;251;0;-1;1370;445;92.66;88.29;;;
37.522153;-6.538067;250;0;-1;1370;445;92.68;88.27;;;
37.522001;-6.538188;250;0;-1;1370;445;92.7;88.25;;;
37.521851;-6.538314;250;0;-1;1370;445;92.72;88.23;;;
37.521702;-6.538440;250;0;-1;1370;445;92.74;88.21;;;
37.521548;-6.538557;249;0;-1;1370;445;92.76;88.19;;;
37.521387;-6.538657;249;0;-1;1370;445;92.78;88.17;;;
37.521213;-6.538717;249;0;-1;1370;445;92.8;88.15;;;
37.521035;-6.538723;249;0;-1;1370;445;92.82;88.13;;;
37.520858;-6.538690;248;0;-1;1370;445;92.84;88.11;;;
37.520688;-6.538620;248;0;-1;1370;445;92.86;88.09;;;
37.520531;-6.538510;248;0;-1;1370;445;92.88;88.07;;;
37.520391;-6.538367;247;0;-1;1370;445;92.9;88.05;;;
37.520252;-6.538223;247;0;-1;1370;445;92.92;88.03;;;
37.520103;-6.538098;247;0;-1;1370;445;92.94;88.01;;;
37.519940;-6.538004;247;0;-1;1370;445;92.96;87.99;;;
37.519771;-6.537927;247;0;-1;1370;445;92.98;87.97;;;
37.519602;-6.537849;246;0;-1;1370;445;93;87.95;;;
37.519433;-6.537771;246;0;-1;1370;445;93.02;87.93;;;
37.519263;-6.537699;246;0;-1;1370;445;93.04;87.91;;;
37.519090;-6.537639;246;0;-1;1370;445;93.06;87.89;;;
37.518910;-6.537639;245;0;-1;1370;445;93.08;87.87;;;
37.518731;-6.537654;245;0;-1;1370;445;93.1;87.85;;;
37.518561;-6.537722;245;0;-1;1370;445;93.12;87.83;;;
37.518412;-6.537848;245;0;-1;1370;445;93.14;87.81;;;
37.518267;-6.537983;244;0;-1;1370;445;93.16;87.79;;;
37.518122;-6.538117;244;0;-1;1370;445;93.18;87.77;;;
37.517977;-6.538252;244;0;-1;1370;445;93.2;87.75;;;
37.517833;-6.538386;244;0;-1;1370;445;93.22;87.73;;;
37.517688;-6.538521;244;0;-1;1370;445;93.24;87.71;;;
37.517543;-6.538655;244;0;-1;1370;445;93.26;87.69;;;
37.517398;-6.538790;243;0;-1;1370;445;93.28;87.67;;;
37.517251;-6.538919;243;0;-1;1370;445;93.3;87.65;;;
37.517085;-6.539006;243;0;-1;1370;445;93.32;87.63;;;
37.516908;-6.539046;242;0;-2;1370;445;93.34;87.61;;;
37.516731;-6.539084;242;0;-2;1370;445;93.36;87.59;;;
37.516553;-6.539121;242;0;-2;1370;445;93.38;87.57;;;
37.516376;-6.539162;242;0;-2;1370;445;93.4;87.55;;;
37.516216;-6.539255;241;0;-1;1370;445;93.42;87.53;;;
37.516071;-6.539388;241;0;-1;1370;445;93.44;87.51;;;
37.515931;-6.539531;241;0;-1;1370;445;93.46;87.49;;;
37.515791;-6.539674;240;0;-1;1370;445;93.48;87.47;;;
37.515651;-6.539816;240;0;-1;1370;445;93.5;87.45;;;
37.515512;-6.539960;240;0;-2;1370;445;93.52;87.43;;;
37.515372;-6.540103;240;0;-2;1370;445;93.54;87.41;;;
37.515232;-6.540245;239;0;-2;1370;445;93.56;87.39;;;
37.515086;-6.540378;239;0;-2;1370;445;93.58;87.37;;;
37.514917;-6.540435;238;0;-2;1370;445;93.6;87.35;;;
37.514738;-6.540425;238;0;-2;1370;445;93.62;87.33;;;
37.514559;-6.540408;237;0;-2;1370;445;93.64;87.31;;;
37.514379;-6.540391;237;0;-2;1370;445;93.66;87.29;;;
37.514200;-6.540375;236;0;-2;1370;445;93.68;87.27;;;
37.514021;-6.540359;236;0;-2;1370;445;93.7;87.25;;;
37.513841;-6.540341;236;0;-3;1370;445;93.72;87.23;;;
37.513661;-6.540339;235;0;-3;1370;445;93.74;87.21;;;
37.513482;-6.540339;234;0;-2;1370;445;93.76;87.19;;;
37.513302;-6.540353;234;0;-2;1370;445;93.78;87.17;;;
37.513124;-6.540380;233;0;-3;1370;445;93.8;87.15;;;
37.512945;-6.540406;233;0;-3;1370;445;93.82;87.13;;;
37.512767;-6.540433;232;0;-2;1370;445;93.84;87.11;;;
37.512588;-6.540459;232;0;-2;1370;445;93.86;87.09;;;
37.512413;-6.540404;231;0;-3;1370;445;93.88;87.07;;;
37.512239;-6.540348;231;0;-3;1370;445;93.9;87.05;;;
37.512065;-6.540292;230;0;-3;1370;445;93.92;87.03;;;
37.511890;-6.540237;230;0;-3;1370;445;93.94;87.01;;;
37.511716;-6.540181;229;0;-3;1370;445;93.96;86.99;;;
37.511536;-6.540179;229;0;-3;1370;445;93.98;86.97;;;
37.511382;-6.540289;228;0;-3;1370;445;94;86.95;;;
37.511248;-6.540439;227;0;-3;1370;445;94.02;86.93;;;
37.511115;-6.540593;227;0;-3;1370;445;94.04;86.91;;;
37.510978;-6.540739;226;0;-3;1370;445;94.06;86.89;;;
37.510835;-6.540877;225;0;-3;1370;445;94.08;86.87;;;
37.510684;-6.540994;225;0;-3;1370;445;94.1;86.85;;;
37.510510;-6.541049;224;0;-3;1370;445;94.12;86.83;;;
37.510330;-6.541049;224;0;-3;1370;445;94.14;86.81;;;
37.510151;-6.541058;223;0;-3;1370;445;94.16;86.79;;;
37.509977;-6.541116;222;0;-3;1370;445;94.18;86.77;;;
37.509808;-6.541191;222;0;-2;1370;445;94.2;86.75;;;
37.509641;-6.541277;222;0;-2;1370;445;94.22;86.73;;;
37.509475;-6.541362;221;0;-2;1370;445;94.24;86.71;;;
37.509308;-6.541448;221;0;-2;1370;445;94.26;86.69;;;
37.509139;-6.541523;220;0;-2;1370;445;94.28;86.67;;;
37.508961;-6.541549;220;0;-2;1370;445;94.3;86.65;;;
37.508785;-6.541592;220;0;-2;1370;445;94.32;86.63;;;
37.508613;-6.541658;219;0;-3;1370;445;94.34;86.61;;;
37.508447;-6.541745;219;0;-3;1370;445;94.36;86.59;;;
37.508268;-6.541765;218;0;-3;1370;445;94.38;86.57;;;
37.508097;-6.541720;217;0;-3;1370;445;94.4;86.55;;;
37.507963;-6.541571;217;0;-3;1370;445;94.42;86.53;;;
37.507848;-6.541397;216;0;-3;1370;445;94.44;86.51;;;
37.507750;-6.541207;216;0;-3;1370;445;94.46;86.49;;;
37.507656;-6.541013;215;0;-2;1370;445;94.48;86.47;;;
37.507562;-6.540820;215;0;-2;1370;445;94.5;86.45;;;
37.507459;-6.540636;214;0;-3;1370;445;94.52;86.43;;;
37.507335;-6.540471;214;0;-3;1370;445;94.54;86.41;;;
37.507205;-6.540315;213;0;-3;1370;445;94.56;86.39;;;
37.507064;-6.540174;213;0;-3;1370;445;94.58;86.37;;;
37.506917;-6.540044;212;0;-2;1370;445;94.6;86.35;;;
37.506765;-6.539924;212;0;-2;1370;445;94.62;86.33;;;
37.506603;-6.539828;211;0;-2;1370;445;94.64;86.31;;;
37.506433;-6.539754;211;0;-2;1370;445;94.66;86.29;;;
37.506256;-6.539718;211;0;-2;1370;445;94.68;86.27;;;
37.506077;-6.539709;210;0;-2;1370;445;94.7;86.25;;;
37.505898;-6.539733;210;0;-2;1370;445;94.72;86.23;;;
37.505730;-6.539811;209;0;-2;1370;445;94.74;86.21;;;
37.505563;-6.539896;209;0;-2;1370;445;94.76;86.19;;;
37.505390;-6.539944;208;0;-2;1370;445;94.78;86.17;;;
37.505212;-6.539929;208;0;-2;1370;445;94.8;86.15;;;
37.505039;-6.539869;207;0;-2;1370;445;94.82;86.13;;;
37.504872;-6.539786;207;0;-3;1370;445;94.84;86.11;;;
37.504705;-6.539702;206;0;-3;1370;445;94.86;86.09;;;
37.504535;-6.539634;206;0;-3;1370;445;94.88;86.07;;;
37.504355;-6.539619;205;0;-3;1370;445;94.9;86.05;;;
37.504175;-6.539619;205;0;-3;1370;445;94.92;86.03;;;
37.504005;-6.539686;204;0;-3;1370;445;94.94;86.01;;;
37.503869;-6.539831;203;0;-3;1370;445;94.96;85.99;;;
37.503784;-6.540030;202;0;-3;1370;445;94.98;85.97;;;
37.503735;-6.540248;202;0;-3;1370;445;95;85.95;;;
37.503685;-6.540466;201;0;-3;1370;445;95.02;85.93;;;
37.503634;-6.540684;201;0;-3;1370;445;95.04;85.91;;;
37.503564;-6.540893;200;0;-4;1370;445;95.06;85.89;;;
37.503441;-6.541056;199;0;-4;1370;445;95.08;85.87;;;
37.503312;-6.541214;198;0;-4;1370;445;95.1;85.85;;;
37.503172;-6.541349;198;0;-4;1370;445;95.12;85.83;;;
37.502999;-6.541392;197;0;-4;1370;445;95.14;85.81;;;
37.502833;-6.541328;195;0;-4;1370;445;95.16;85.79;;;
37.502703;-6.541173;194;0;-4;1370;445;95.18;85.77;;;
37.502582;-6.541006;194;0;-4;1370;445;95.2;85.75;;;
37.502460;-6.540838;193;0;-4;1370;445;95.22;85.73;;;
37.502331;-6.540681;192;0;-4;1370;445;95.24;85.71;;;
37.502190;-6.540540;192;0;-4;1370;445;95.26;85.69;;;
37.502032;-6.540436;191;0;-4;1370;445;95.28;85.67;;;
37.501860;-6.540389;190;0;-5;1370;445;95.3;85.65;;;
37.501680;-6.540394;189;0;-5;1370;445;95.32;85.63;;;
37.501502;-6.540427;188;0;-5;1370;445;95.34;85.61;;;
37.501325;-6.540461;187;0;-5;1370;445;95.36;85.59;;;
37.501152;-6.540525;186;0;-5;1370;445;95.38;85.57;;;
37.500986;-6.540610;185;0;-5;1370;445;95.4;85.55;;;
37.500823;-6.540706;184;0;-5;1370;445;95.42;85.53;;;
37.500660;-6.540802;183;0;-6;1370;445;95.44;85.51;;;
37.500497;-6.540898;182;0;-6;1370;445;95.46;85.49;;;
37.500323;-6.540951;180;0;-6;1370;445;95.48;85.47;;;
37.500146;-6.540997;179;0;-6;1370;445;95.5;85.45;;;
37.499967;-6.541018;177;0;-6;1370;445;95.52;85.43;;;
37.499794;-6.540967;176;0;-6;1370;445;95.54;85.41;;;
37.499632;-6.540868;175;0;-6;1370;445;95.56;85.39;;;
37.499470;-6.540770;174;0;-6;1370;445;95.58;85.37;;;
37.499308;-6.540671;173;0;-6;1370;445;95.6;85.35;;;
37.499146;-6.540572;172;0;-5;1370;445;95.62;85.33;;;
37.498984;-6.540473;171;0;-5;1370;445;95.64;85.31;;;
37.498813;-6.540409;170;0;-5;1370;445;95.66;85.29;;;
37.498639;-6.540427;169;0;-5;1370;445;95.68;85.27;;;
37.498467;-6.540491;168;0;-5;1370;445;95.7;85.25;;;
37.498295;-6.540556;167;0;-5;1370;445;95.72;85.23;;;
37.498122;-6.540620;165;0;-5;1370;445;95.74;85.21;;;
37.497950;-6.540685;164;0;-5;1370;445;95.76;85.19;;;
37.497777;-6.540750;163;0;-5;1370;445;95.78;85.17;;;
37.497605;-6.540815;162;0;-5;1370;445;95.8;85.15;;;
37.497433;-6.540879;162;0;-6;1370;445;95.82;85.13;;;
37.497259;-6.540940;160;0;-6;1370;445;95.84;85.11;;;
37.497084;-6.540990;159;0;-5;1370;445;95.86;85.09;;;
37.496907;-6.541016;158;0;-5;1370;445;95.88;85.07;;;
37.496727;-6.541009;157;0;-5;1370;445;95.9;85.05;;;
37.496547;-6.541000;156;0;-5;1370;445;95.92;85.03;;;
37.496369;-6.540968;155;0;-4;1370;445;95.94;85.01;;;
37.496191;-6.540933;154;0;-4;1370;445;95.96;84.99;;;
37.496014;-6.540898;154;0;-4;1370;445;95.98;84.97;;;
37.495836;-6.540890;153;0;-4;1370;445;96;84.95;;;
37.495659;-6.540927;152;0;-4;1370;445;96.02;84.93;;;
37.495490;-6.541005;151;0;-4;1370;445;96.04;84.91;;;
37.495337;-6.541123;150;0;-4;1370;445;96.06;84.89;;;
37.495189;-6.541250;150;0;-4;1370;445;96.08;84.87;;;
37.495039;-6.541376;149;0;-4;1370;445;96.1;84.85;;;
37.494886;-6.541496;148;0;-4;1370;445;96.12;84.83;;;
37.494724;-6.541588;147;0;-4;1370;445;96.14;84.81;;;
37.494549;-6.541636;146;0;-4;1370;445;96.16;84.79;;;
37.494371;-6.541669;146;0;-4;1370;445;96.18;84.77;;;
37.494193;-6.541701;145;0;-4;1370;445;96.2;84.75;;;
37.494016;-6.541739;144;0;-3;1370;445;96.22;84.73;;;
37.493845;-6.541810;144;0;-3;1370;445;96.24;84.71;;;
37.493674;-6.541881;143;0;-3;1370;445;96.26;84.69;;;
37.493503;-6.541952;142;0;-4;1370;445;96.28;84.67;;;
37.493333;-6.542024;142;0;-4;1370;445;96.3;84.65;;;
37.493162;-6.542095;141;0;-4;1370;445;96.32;84.63;;;
37.492987;-6.542143;140;0;-4;1370;445;96.34;84.61;;;
37.492813;-6.542100;139;0;-4;1370;445;96.36;84.59;;;
37.492646;-6.542016;138;0;-4;1370;445;96.38;84.57;;;
37.492479;-6.541931;138;0;-4;1370;445;96.4;84.55;;;
37.492310;-6.541857;137;0;-3;1370;445;96.42;84.53;;;
37.492134;-6.541826;136;0;-3;1370;445;96.44;84.51;;;
37.491958;-6.541875;136;0;-3;1370;445;96.46;84.49;;;
37.491800;-6.541977;135;0;-3;1370;445;96.48;84.47;;;
37.491650;-6.542103;135;0;-3;1370;445;96.5;84.45;;;
37.491504;-6.542235;134;0;-3;1370;445;96.52;84.43;;;
37.491358;-6.542367;133;0;-3;1370;445;96.54;84.41;;;
37.491212;-6.542499;133;0;-3;1370;445;96.56;84.39;;;
37.491043;-6.542574;132;0;-3;1370;445;96.58;84.37;;;
37.490871;-6.542638;132;0;-2;1370;445;96.6;84.35;;;
37.490692;-6.542662;131;0;-2;1370;445;96.62;84.33;;;
37.490513;-6.542684;131;0;-2;1370;445;96.64;84.31;;;
37.490334;-6.542707;131;0;-2;1370;445;96.66;84.29;;;
37.490155;-6.542729;130;0;-2;1370;445;96.68;84.27;;;
37.489976;-6.542752;130;0;-2;1370;445;96.7;84.25;;;
37.489797;-6.542774;130;0;-2;1370;445;96.72;84.23;;;
37.489618;-6.542781;129;0;-2;1370;445;96.74;84.21;;;
37.489439;-6.542757;129;0;-2;1370;445;96.76;84.19;;;
37.489260;-6.542732;129;0;-2;1370;445;96.78;84.17;;;
37.489081;-6.542717;128;0;-2;1370;445;96.8;84.15;;;
37.488901;-6.542713;128;0;-2;1370;445;96.82;84.13;;;
37.488722;-6.542713;128;0;-2;1370;445;96.84;84.11;;;
37.488543;-6.542738;127;0;-2;1370;445;96.86;84.09;;;
37.488364;-6.542763;127;0;-2;1370;445;96.88;84.07;;;
37.488185;-6.542788;127;0;-1;1370;445;96.9;84.05;;;
37.488007;-6.542813;126;0;-1;1370;445;96.92;84.03;;;
37.487828;-6.542838;126;0;-1;1370;445;96.94;84.01;;;
37.487649;-6.542863;126;0;-1;1370;445;96.96;83.99;;;
37.487470;-6.542888;126;0;-1;1370;445;96.98;83.97;;;
37.487291;-6.542904;125;0;-1;1370;445;97;83.95;;;
37.487111;-6.542914;125;0;-1;1370;445;97.02;83.93;;;
37.486932;-6.542913;125;0;-1;1370;445;97.04;83.91;;;
37.486752;-6.542900;125;0;-1;1370;445;97.06;83.89;;;
37.486573;-6.542886;124;0;-1;1370;445;97.08;83.87;;;
37.486395;-6.542853;124;0;-1;1370;445;97.1;83.85;;;
37.486220;-6.542803;124;0;-1;1370;445;97.12;83.83;;;
37.486051;-6.542727;124;0;-1;1370;445;97.14;83.81;;;
37.485891;-6.542626;123;0;-1;1370;445;97.16;83.79;;;
37.485744;-6.542495;123;0;-1;1370;445;97.18;83.77;;;
37.485598;-6.542363;123;0;-1;1370;445;97.2;83.75;;;
37.485451;-6.542232;123;0;-1;1370;445;97.22;83.73;;;
37.485298;-6.542116;123;0;-1;1370;445;97.24;83.71;;;
37.485132;-6.542027;122;0;-1;1370;445;97.26;83.69;;;
37.484958;-6.541974;122;0;-1;1370;445;97.28;83.67;;;
37.484782;-6.541930;122;0;-1;1370;445;97.3;83.65;;;
37.484605;-6.541886;122;0;-1;1370;445;97.32;83.63;;;
37.484429;-6.541842;122;0;-1;1370;445;97.34;83.61;;;
37.484252;-6.541798;121;0;-1;1370;445;97.36;83.59;;;
37.484076;-6.541754;121;0;-1;1370;445;97.38;83.57;;;
37.483899;-6.541710;121;0;-1;1370;445;97.4;83.55;;;
37.483723;-6.541666;121;0;-1;1370;445;97.42;83.53;;;
37.483547;-6.541621;121;0;-1;1370;445;97.44;83.51;;;
37.483370;-6.541577;121;0;-1;1370;445;97.46;83.49;;;
37.483194;-6.541533;120;0;-1;1370;445;97.48;83.47;;;
37.483017;-6.541489;120;0;-1;1370;445;97.5;83.45;;;
37.482841;-6.541445;120;0;-1;1370;445;97.52;83.43;;;
37.482663;-6.541427;120;0;-1;1370;445;97.54;83.41;;;
37.482485;-6.541453;119;0;-1;1370;445;97.56;83.39;;;
37.482310;-6.541508;119;0;-1;1370;445;97.58;83.37;;;
37.482140;-6.541578;119;0;-1;1370;445;97.6;83.35;;;
37.481982;-6.541687;118;0;-1;1370;445;97.62;83.33;;;
37.481847;-6.541834;118;0;-1;1370;445;97.64;83.31;;;
37.481722;-6.541996;118;0;-1;1370;445;97.66;83.29;;;
37.481596;-6.542158;118;0;-1;1370;445;97.68;83.27;;;
37.481485;-6.542336;117;0;-1;1370;445;97.7;83.25;;;
37.481384;-6.542523;117;0;-1;1370;445;97.72;83.23;;;
37.481281;-6.542710;117;0;-1;1370;445;97.74;83.21;;;
37.481179;-6.542896;117;0;-1;1370;445;97.76;83.19;;;
37.481078;-6.543083;116;0;-1;1370;445;97.78;83.17;;;
37.480975;-6.543270;116;0;-1;1370;445;97.8;83.15;;;
37.480859;-6.543442;116;0;-1;1370;445;97.82;83.13;;;
37.480716;-6.543569;116;0;-1;1370;445;97.84;83.11;;;
37.480548;-6.543649;115;0;-1;1370;445;97.86;83.09;;;
37.480380;-6.543729;115;0;-1;1370;445;97.88;83.07;;;
37.480211;-6.543808;115;0;-1;1370;445;97.9;83.05;;;
37.480043;-6.543888;115;0;-1;1370;445;97.92;83.03;;;
37.479884;-6.543993;114;0;-1;1370;445;97.94;83.01;;;
37.479730;-6.544110;114;0;-1;1370;445;97.96;82.99;;;
37.479604;-6.544271;114;0;-1;1370;445;97.98;82.97;;;
37.479501;-6.544457;113;0;-1;1370;445;98;82.95;;;
37.479402;-6.544646;113;0;-2;1370;445;98.02;82.93;;;
37.479303;-6.544835;113;0;-2;1370;445;98.04;82.91;;;
37.479179;-6.544996;113;0;-2;1370;445;98.06;82.89;;;
37.479024;-6.545108;112;0;-2;1370;445;98.08;82.87;;;
37.478848;-6.545146;112;0;-2;1370;445;98.1;82.85;;;
37.478669;-6.545168;111;0;-2;1370;445;98.12;82.83;;;
37.478492;-6.545204;111;0;-2;1370;445;98.14;82.81;;;
37.478344;-6.545322;110;0;-2;1370;445;98.16;82.79;;;
37.478309;-6.545539;110;0;-2;1370;445;98.18;82.77;;;
37.478315;-6.545763;110;0;-2;1370;445;98.2;82.75;;;
37.478344;-6.545987;109;0;-2;1370;445;98.22;82.73;;;
37.478370;-6.546211;109;0;-2;1370;445;98.24;82.71;;;
37.478380;-6.546437;109;0;-2;1370;445;98.26;82.69;;;
37.478389;-6.546663;108;0;-2;1370;445;98.28;82.67;;;
37.478397;-6.546890;108;0;-2;1370;445;98.3;82.65;;;
37.478372;-6.547113;108;0;-2;1370;445;98.32;82.63;;;
37.478337;-6.547335;107;0;-2;1370;445;98.34;82.61;;;
37.478265;-6.547543;107;0;-2;1370;445;98.36;82.59;;;
37.478192;-6.547750;106;0;-2;1370;445;98.38;82.57;;;
37.478073;-6.547919;106;0;-2;1370;445;98.4;82.55;;;
37.477952;-6.548087;106;0;-1;1370;445;98.42;82.53;;;
37.477831;-6.548254;106;0;-1;1370;445;98.44;82.51;;;
37.477706;-6.548418;105;0;-1;1370;445;98.46;82.49;;;
37.477578;-6.548577;105;0;-1;1370;445;98.48;82.47;;;
37.477451;-6.548737;105;0;-1;1370;445;98.5;82.45;;;
37.477313;-6.548881;104;0;-1;1370;445;98.52;82.43;;;
37.477154;-6.548985;104;0;-1;1370;445;98.54;82.41;;;
37.476986;-6.549063;104;0;-1;1370;445;98.56;82.39;;;
37.476811;-6.549120;104;0;-1;1370;445;98.58;82.37;;;
37.476637;-6.549176;103;0;-1;1370;445;98.6;82.35;;;
37.476463;-6.549232;103;0;-1;1370;445;98.62;82.33;;;
37.476288;-6.549287;103;0;-1;1370;445;98.64;82.31;;;
37.476114;-6.549343;103;0;-1;1370;445;98.66;82.29;;;
37.475940;-6.549400;103;0;-1;1370;445;98.68;82.27;;;
37.475766;-6.549456;102;0;-1;1370;445;98.7;82.25;;;
37.475591;-6.549512;102;0;-1;1370;445;98.72;82.23;;;
37.475417;-6.549567;102;0;-1;1370;445;98.74;82.21;;;
37.475240;-6.549602;102;0;-1;1370;445;98.76;82.19;;;
37.475060;-6.549607;102;0;-1;1370;445;98.78;82.17;;;
37.474880;-6.549602;102;0;-1;1370;445;98.8;82.15;;;
37.474701;-6.549598;101;0;-1;1370;445;98.82;82.13;;;
37.474521;-6.549594;101;0;-1;1370;445;98.84;82.11;;;
37.474341;-6.549590;101;0;-1;1370;445;98.86;82.09;;;
37.474161;-6.549586;101;0;0;1370;445;98.88;82.07;;;
37.473981;-6.549582;101;0;0;1370;445;98.9;82.05;;;
37.473801;-6.549577;101;0;0;1370;445;98.92;82.03;;;
37.473622;-6.549573;101;0;0;1370;445;98.94;82.01;;;
37.473442;-6.549569;101;0;0;1370;445;98.96;81.99;;;
37.473262;-6.549565;101;0;0;1370;445;98.98;81.97;;;
37.473082;-6.549560;101;0;0;1370;445;99;81.95;;;
37.472902;-6.549549;101;0;0;1370;445;99.02;81.93;;;
37.472723;-6.549528;101;0;0;1370;445;99.04;81.91;;;
37.472546;-6.549494;101;0;0;1370;445;99.06;81.89;;;
37.472366;-6.549489;101;0;0;1370;445;99.08;81.87;;;
37.472187;-6.549494;101;0;1;1370;445;99.1;81.85;;;
37.472015;-6.549562;101;0;1;1370;445;99.12;81.83;;;
37.471844;-6.549629;101;0;1;1370;445;99.14;81.81;;;
37.471672;-6.549697;101;0;1;1370;445;99.16;81.79;;;
37.471498;-6.549749;102;0;1;1370;445;99.18;81.77;;;
37.471318;-6.549749;102;0;1;1371;444;99.2;81.75;;;
37.471140;-6.549719;102;0;1;1371;444;99.22;81.73;;;
37.470967;-6.549662;102;0;1;1371;444;99.24;81.71;;;
37.470799;-6.549581;102;0;1;1371;444;99.26;81.69;;;
37.470645;-6.549465;103;0;1;1371;444;99.28;81.67;;;
37.470504;-6.549324;103;0;1;1372;443;99.3;81.65;;;
37.470356;-6.549196;103;0;2;1372;443;99.32;81.63;;;
37.470198;-6.549092;103;0;2;1372;443;99.34;81.61;;;
37.470031;-6.549005;104;0;2;1373;442;99.36;81.59;;;
37.469856;-6.548955;104;0;2;1373;442;99.38;81.57;;;
37.469680;-6.548908;105;0;2;1374;441;99.4;81.55;;;
37.469501;-6.548894;105;0;2;1374;441;99.42;81.53;;;
37.469321;-6.548879;105;0;2;1374;441;99.44;81.51;;;
37.469142;-6.548863;106;0;2;1375;440;99.46;81.49;;;
37.468964;-6.548834;106;0;2;1375;440;99.48;81.47;;;
37.468786;-6.548800;107;0;2;1376;439;99.5;81.45;;;
37.468609;-6.548756;107;0;2;1376;439;99.52;81.43;;;
37.468436;-6.548698;108;0;3;1377;438;99.54;81.41;;;
37.468262;-6.548640;108;0;3;1377;438;99.56;81.39;;;
37.468088;-6.548582;109;0;3;1378;437;99.58;81.37;;;
37.467908;-6.548579;109;0;3;1378;437;99.6;81.35;;;
37.467747;-6.548671;110;0;3;1379;436;99.62;81.33;;;
37.467612;-6.548815;110;0;3;1379;436;99.64;81.31;;;
37.467495;-6.548987;111;0;3;1380;435;99.66;81.29;;;
37.467408;-6.549186;112;0;3;1380;435;99.68;81.27;;;
37.467320;-6.549383;112;0;3;1381;434;99.7;81.25;;;
37.467227;-6.549577;113;0;3;1382;433;99.72;81.23;;;
37.467127;-6.549766;113;0;3;1382;433;99.74;81.21;;;
37.467017;-6.549944;114;0;3;1383;432;99.76;81.19;;;
37.466901;-6.550117;114;0;3;1383;432;99.78;81.17;;;
37.466763;-6.550263;115;0;3;1384;431;99.8;81.15;;;
37.466597;-6.550341;116;0;3;1384;431;99.82;81.13;;;
37.466424;-6.550405;116;0;3;1385;430;99.84;81.11;;;
37.466252;-6.550469;117;0;2;1386;429;99.86;81.09;;;
37.466077;-6.550521;117;0;2;1386;429;99.88;81.07;;;
37.465900;-6.550562;118;0;2;1386;429;99.9;81.05;;;
37.465723;-6.550604;118;0;2;1387;428;99.92;81.03;;;
37.465545;-6.550633;118;0;2;1387;428;99.94;81.01;;;
37.465366;-6.550655;119;0;2;1388;427;99.96;80.99;;;
37.465187;-6.550678;119;0;2;1388;427;99.98;80.97;;;
37.465008;-6.550700;119;0;2;1388;427;100;80.95;;;
37.464829;-6.550722;120;0;2;1389;426;100.02;80.93;;;
37.464650;-6.550744;120;0;1;1389;426;100.04;80.91;;;
37.464471;-6.550760;120;0;1;1389;426;100.06;80.89;;;
37.464291;-6.550763;121;0;1;1389;426;100.08;80.87;;;
37.464111;-6.550766;121;0;1;1390;425;100.1;80.85;;;
37.463931;-6.550768;121;0;1;1390;425;100.12;80.83;;;
37.463751;-6.550771;121;0;1;1390;425;100.14;80.81;;;
37.463572;-6.550774;121;0;1;1390;425;100.16;80.79;;;
37.463392;-6.550777;122;0;0;1390;425;100.18;80.77;;;
37.463212;-6.550779;122;0;0;1390;425;100.2;80.75;;;
37.463033;-6.550797;122;0;0;1390;425;100.22;80.73;;;
37.462853;-6.550815;122;0;0;1390;425;100.24;80.71;;;
37.462674;-6.550837;121;0;0;1390;425;100.26;80.69;;;
37.462497;-6.550871;121;0;-1;1390;425;100.28;80.67;;;
37.462319;-6.550907;121;0;-1;1390;425;100.3;80.65;;;
37.462142;-6.550951;121;0;-1;1390;425;100.32;80.63;;;
37.461966;-6.550994;121;0;-1;1390;425;100.34;80.61;;;
37.461789;-6.551038;120;0;-1;1390;425;100.36;80.59;;;
37.461613;-6.551082;120;0;-1;1390;425;100.38;80.57;;;
37.461436;-6.551125;120;0;-1;1390;425;100.4;80.55;;;
37.461257;-6.551129;120;0;-1;1390;425;100.42;80.53;;;
37.461077;-6.551129;119;0;-1;1390;425;100.44;80.51;;;
37.460897;-6.551129;119;0;-2;1390;425;100.46;80.49;;;
37.460717;-6.551129;119;0;-2;1390;425;100.48;80.47;;;
37.460539;-6.551152;119;0;-2;1390;425;100.5;80.45;;;
37.460361;-6.551183;118;0;-2;1390;425;100.52;80.43;;;
37.460182;-6.551214;118;0;-2;1390;425;100.54;80.41;;;
37.460004;-6.551246;117;0;-2;1390;425;100.56;80.39;;;
37.459826;-6.551277;117;0;-2;1390;425;100.58;80.37;;;
37.459649;-6.551316;117;0;-2;1390;425;100.6;80.35;;;
37.459476;-6.551376;116;0;-2;1390;425;100.62;80.33;;;
37.459303;-6.551440;116;0;-2;1390;425;100.64;80.31;;;
37.459134;-6.551516;115;0;-2;1390;425;100.66;80.29;;;
37.458964;-6.551592;115;0;-2;1390;425;100.68;80.27;;;
37.458795;-6.551667;115;0;-2;1390;425;100.7;80.25;;;
37.458630;-6.551756;114;0;-2;1390;425;100.72;80.23;;;
37.458476;-6.551872;114;0;-2;1390;425;100.74;80.21;;;
37.458358;-6.552039;113;0;-2;1390;425;100.76;80.19;;;
37.458253;-6.552222;113;0;-2;1390;425;100.78;80.17;;;
37.458146;-6.552405;113;0;-2;1390;425;100.8;80.15;;;
37.458040;-6.552588;112;0;-1;1390;425;100.82;80.13;;;
37.457949;-6.552783;112;0;-1;1390;425;100.84;80.11;;;
37.457869;-6.552985;112;0;-1;1390;425;100.86;80.09;;;
37.457825;-6.553204;112;0;-1;1390;425;100.88;80.07;;;
37.457785;-6.553425;111;0;-1;1390;425;100.9;80.05;;;
37.457735;-6.553643;111;0;-1;1390;425;100.92;80.03;;;
37.457684;-6.553860;111;0;-1;1390;425;100.94;80.01;;;
37.457601;-6.554056;111;0;-1;1390;425;100.96;79.99;;;
37.457477;-6.554218;111;0;-1;1390;425;100.98;79.97;;;
37.457329;-6.554345;111;0;-1;1390;425;101;79.95;;;
37.457164;-6.554434;111;0;-1;1390;425;101.02;79.93;;;
37.456995;-6.554510;110;0;-1;1390;425;101.04;79.91;;;
37.456820;-6.554566;110;0;-1;1390;425;101.06;79.89;;;
37.456657;-6.554656;110;0;-1;1390;425;101.08;79.87;;;
37.456505;-6.554776;110;0;0;1390;425;101.1;79.85;;;
37.456370;-6.554925;110;0;0;1390;425;101.12;79.83;;;
37.456234;-6.555073;110;0;0;1390;425;101.14;79.81;;;
37.456098;-6.555221;110;0;0;1390;425;101.16;79.79;;;
37.455955;-6.555356;110;0;0;1390;425;101.18;79.77;;;
37.455793;-6.555455;110;0;0;1390;425;101.2;79.75;;;
37.455617;-6.555499;110;0;0;1390;425;101.22;79.73;;;
37.455439;-6.555534;110;0;0;1390;425;101.24;79.71;;;
37.455262;-6.555568;110;0;0;1390;425;101.26;79.69;;;
37.455090;-6.555635;110;0;0;1390;425;101.28;79.67;;;
37.454926;-6.555727;110;0;0;1390;425;101.3;79.65;;;
37.454787;-6.555866;110;0;0;1390;425;101.32;79.63;;;
37.454678;-6.556043;110;0;0;1390;425;101.34;79.61;;;
37.454598;-6.556246;110;0;0;1390;425;101.36;79.59;;;
37.454541;-6.556461;110;0;0;1390;425;101.38;79.57;;;
37.454486;-6.556677;110;0;0;1390;425;101.4;79.55;;;
37.454431;-6.556892;110;0;0;1391;424;101.42;79.53;;;
37.454359;-6.557098;110;0;0;1391;424;101.44;79.51;;;
37.454260;-6.557286;110;0;0;1391;424;101.46;79.49;;;
37.454111;-6.557413;110;0;0;1391;424;101.48;79.47;;;
37.453946;-6.557495;110;0;0;1391;424;101.5;79.45;;;
37.453773;-6.557560;110;0;0;1391;424;101.52;79.43;;;
37.453601;-6.557623;110;0;0;1391;424;101.54;79.41;;;
37.453428;-6.557688;110;0;0;1391;424;101.56;79.39;;;
37.453256;-6.557752;110;0;0;1391;424;101.58;79.37;;;
37.453086;-6.557826;110;0;0;1391;424;101.6;79.35;;;
37.452925;-6.557926;110;0;0;1391;424;101.62;79.33;;;
37.452763;-6.558026;110;0;-1;1391;424;101.64;79.31;;;
37.452605;-6.558133;110;0;-1;1391;424;101.66;79.29;;;
37.452465;-6.558275;109;0;-1;1391;424;101.68;79.27;;;
37.452351;-6.558450;109;0;-1;1391;424;101.7;79.25;;;
37.452237;-6.558625;109;0;-1;1391;424;101.72;79.23;;;
37.452125;-6.558801;109;0;-1;1391;424;101.74;79.21;;;
37.452049;-6.559007;109;0;-1;1391;424;101.76;79.19;;;
37.451979;-6.559215;109;0;-1;1391;424;101.78;79.17;;;
37.451930;-6.559433;109;0;-1;1391;424;101.8;79.15;;;
37.451893;-6.559654;108;0;-1;1391;424;101.82;79.13;;;
37.451865;-6.559878;108;0;-1;1391;424;101.84;79.11;;;
37.451863;-6.560104;108;0;-1;1391;424;101.86;79.09;;;
37.451869;-6.560330;107;0;-1;1391;424;101.88;79.07;;;
37.451875;-6.560557;107;0;-1;1391;424;101.9;79.05;;;
37.451874;-6.560783;107;0;-1;1391;424;101.92;79.03;;;
37.451860;-6.561009;107;0;-1;1391;424;101.94;79.01;;;
37.451846;-6.561235;106;0;-1;1391;424;101.96;78.99;;;
37.451831;-6.561461;106;0;-1;1391;424;101.98;78.97;;;
37.451816;-6.561686;106;0;-2;1391;424;102;78.95;;;
37.451804;-6.561912;106;0;-2;1391;424;102.02;78.93;;;
37.451795;-6.562139;105;0;-2;1391;424;102.04;78.91;;;
37.451786;-6.562365;105;0;-2;1391;424;102.06;78.89;;;
37.451784;-6.562591;104;0;-2;1391;424;102.08;78.87;;;
37.451804;-6.562816;104;0;-2;1391;424;102.1;78.85;;;
37.451824;-6.563041;103;0;-2;1391;424;102.12;78.83;;;
37.451844;-6.563266;103;0;-2;1391;424;102.14;78.81;;;
37.451894;-6.563483;103;0;-2;1391;424;102.16;78.79;;;
37.451976;-6.563683;102;0;-2;1391;424;102.18;78.77;;;
37.452072;-6.563874;102;0;-2;1391;424;102.2;78.75;;;
37.452168;-6.564066;101;0;-2;1391;424;102.22;78.73;;;
37.452220;-6.564281;101;0;-3;1391;424;102.24;78.71;;;
37.452235;-6.564505;100;0;-3;1391;424;102.26;78.69;;;
37.452217;-6.564728;100;0;-3;1391;424;102.28;78.67;;;
37.452153;-6.564940;99;0;-3;1391;424;102.3;78.65;;;
37.452080;-6.565144;98;0;-3;1391;424;102.32;78.63;;;
37.451953;-6.565305;98;0;-3;1391;424;102.34;78.61;;;
37.451807;-6.565434;97;0;-3;1391;424;102.36;78.59;;;
37.451652;-6.565549;97;0;-3;1391;424;102.38;78.57;;;
37.451488;-6.565641;96;0;-3;1391;424;102.4;78.55;;;
37.451323;-6.565733;95;0;-3;1391;424;102.42;78.53;;;
37.451165;-6.565840;95;0;-3;1391;424;102.44;78.51;;;
37.451018;-6.565969;94;0;-3;1391;424;102.46;78.49;;;
37.450889;-6.566127;94;0;-3;1391;424;102.48;78.47;;;
37.450802;-6.566324;93;0;-3;1391;424;102.5;78.45;;;
37.450743;-6.566535;92;0;-4;1391;424;102.52;78.43;;;
37.450709;-6.566758;91;0;-4;1391;424;102.54;78.41;;;
37.450675;-6.566980;91;0;-4;1391;424;102.56;78.39;;;
37.450641;-6.567203;90;0;-4;1391;424;102.58;78.37;;;
37.450608;-6.567426;89;0;-4;1391;424;102.6;78.35;;;
37.450574;-6.567648;88;0;-4;1391;424;102.62;78.33;;;
37.450540;-6.567871;87;0;-4;1391;424;102.64;78.31;;;
37.450497;-6.568090;87;0;-3;1391;424;102.66;78.29;;;
37.450439;-6.568305;86;0;-3;1391;424;102.68;78.27;;;
37.450336;-6.568484;86;0;-3;1391;424;102.7;78.25;;;
37.450208;-6.568642;85;0;-3;1391;424;102.72;78.23;;;
37.450071;-6.568789;84;0;-3;1391;424;102.74;78.21;;;
37.449934;-6.568936;84;0;-3;1391;424;102.76;78.19;;;
37.449802;-6.569089;83;0;-3;1391;424;102.78;78.17;;;
37.449698;-6.569273;82;0;-3;1391;424;102.8;78.15;;;
37.449641;-6.569487;82;0;-3;1391;424;102.82;78.13;;;
37.449612;-6.569708;81;0;-3;1391;424;102.84;78.11;;;
37.449619;-6.569934;81;0;-3;1391;424;102.86;78.09;;;
37.449681;-6.570146;80;0;-2;1391;424;102.88;78.07;;;
37.449747;-6.570357;80;0;-2;1391;424;102.9;78.05;;;
37.449812;-6.570568;79;0;-2;1391;424;102.92;78.03;;;
37.449878;-6.570779;79;0;-2;1391;424;102.94;78.01;;;
37.449944;-6.570989;79;0;-2;1391;424;102.96;77.99;;;
37.450010;-6.571200;78;0;-2;1391;424;102.98;77.97;;;
37.450070;-6.571413;78;0;-2;1391;424;103;77.95;;;
37.450104;-6.571635;77;0;-2;1391;424;103.02;77.93;;;
37.450096;-6.571860;77;0;-2;1391;424;103.04;77.91;;;
37.450043;-6.572076;76;0;-2;1391;424;103.06;77.89;;;
37.449940;-6.572261;76;0;-2;1391;424;103.08;77.87;;;
37.449807;-6.572411;75;0;-2;1391;424;103.1;77.85;;;
37.449652;-6.572519;75;0;-2;1391;424;103.12;77.83;;;
37.449481;-6.572587;75;0;-1;1391;424;103.14;77.81;;;
37.449309;-6.572654;74;0;-1;1391;424;103.16;77.79;;;
37.449137;-6.572721;74;0;-1;1391;424;103.18;77.77;;;
37.448965;-6.572788;74;0;-1;1391;424;103.2;77.75;;;
37.448793;-6.572855;74;0;0;1391;424;103.22;77.73;;;
37.448622;-6.572923;74;0;0;1391;424;103.24;77.71;;;
37.448450;-6.572990;74;0;0;1391;424;103.26;77.69;;;
37.448282;-6.573068;74;0;0;1391;424;103.28;77.67;;;
37.448122;-6.573172;74;0;0;1391;424;103.3;77.65;;;
37.447976;-6.573303;74;0;0;1391;424;103.32;77.63;;;
37.447829;-6.573434;74;0;0;1391;424;103.34;77.61;;;
37.447671;-6.573540;74;0;0;1391;424;103.36;77.59;;;
37.447501;-6.573612;74;0;0;1391;424;103.38;77.57;;;
37.447323;-6.573629;74;0;0;1391;424;103.4;77.55;;;
37.447145;-6.573603;74;0;1;1391;424;103.42;77.53;;;
37.446968;-6.573563;75;0;1;1392;423;103.44;77.51;;;
37.446791;-6.573522;75;0;1;1392;423;103.46;77.49;;;
37.446612;-6.573532;75;0;1;1392;423;103.48;77.47;;;
37.446433;-6.573557;75;0;1;1392;423;103.5;77.45;;;
37.446256;-6.573595;75;0;2;1392;423;103.52;77.43;;;
37.446078;-6.573586;76;0;2;1393;422;103.54;77.41;;;
37.445911;-6.573510;76;0;2;1393;422;103.56;77.39;;;
37.445761;-6.573388;77;0;2;1394;421;103.58;77.37;;;
37.445622;-6.573244;77;0;2;1394;421;103.6;77.35;;;
37.445474;-6.573116;78;0;2;1395;420;103.62;77.33;;;
37.445312;-6.573023;78;0;2;1395;420;103.64;77.31;;;
37.445139;-6.572958;78;0;2;1395;420;103.66;77.29;;;
37.444960;-6.572935;79;0;2;1396;419;103.68;77.27;;;
37.444782;-6.572949;79;0;2;1396;419;103.7;77.25;;;
37.444603;-6.572978;79;0;2;1397;418;103.72;77.23;;;
37.444428;-6.573028;80;0;2;1397;418;103.74;77.21;;;
37.444253;-6.573078;80;0;2;1397;418;103.76;77.19;;;
37.444077;-6.573128;81;0;2;1398;417;103.78;77.17;;;
37.443902;-6.573178;81;0;3;1398;417;103.8;77.15;;;
37.443726;-6.573227;82;0;3;1399;416;103.82;77.13;;;
37.443546;-6.573229;82;0;2;1399;416;103.84;77.11;;;
37.443367;-6.573228;83;0;2;1400;415;103.86;77.09;;;
37.443200;-6.573149;84;0;2;1401;414;103.88;77.07;;;
37.443049;-6.573027;84;0;2;1401;414;103.9;77.05;;;
37.442897;-6.572905;84;0;2;1401;414;103.92;77.03;;;
37.442746;-6.572783;85;0;2;1402;413;103.94;77.01;;;
37.442576;-6.572716;85;0;2;1402;413;103.96;76.99;;;
37.442396;-6.572700;86;0;2;1403;412;103.98;76.97;;;
37.442225;-6.572765;86;0;2;1403;412;104;76.95;;;
37.442068;-6.572872;87;0;2;1404;411;104.02;76.93;;;
37.441936;-6.573026;87;0;2;1404;411;104.04;76.91;;;
37.441843;-6.573215;88;0;2;1405;410;104.06;76.89;;;
37.441795;-6.573434;88;0;2;1405;410;104.08;76.87;;;
37.441748;-6.573652;88;0;2;1405;410;104.1;76.85;;;
37.441700;-6.573870;89;0;2;1406;409;104.12;76.83;;;
37.441630;-6.574076;89;0;1;1406;409;104.14;76.81;;;
37.441507;-6.574240;89;0;1;1406;409;104.16;76.79;;;
37.441349;-6.574347;90;0;1;1407;408;104.18;76.77;;;
37.441177;-6.574411;90;0;1;1407;408;104.2;76.75;;;
37.441002;-6.574461;90;0;1;1407;408;104.22;76.73;;;
37.440823;-6.574471;90;0;0;1407;408;104.24;76.71;;;
37.440643;-6.574474;90;0;0;1407;408;104.26;76.69;;;
37.440469;-6.574418;90;0;0;1407;408;104.28;76.67;;;
37.440295;-6.574362;90;0;0;1407;408;104.3;76.65;;;
37.440121;-6.574306;90;0;0;1407;408;104.32;76.63;;;
37.439945;-6.574256;90;0;0;1407;408;104.34;76.61;;;
37.439769;-6.574210;90;0;0;1407;408;104.36;76.59;;;
37.439593;-6.574166;90;0;-1;1407;408;104.38;76.57;;;
37.439414;-6.574148;90;0;-1;1407;408;104.4;76.55;;;
37.439234;-6.574129;90;0;-1;1407;408;104.42;76.53;;;
37.439055;-6.574110;89;0;-1;1407;408;104.44;76.51;;;
37.438876;-6.574111;89;0;-1;1407;408;104.46;76.49;;;
37.438698;-6.574140;89;0;-1;1407;408;104.48;76.47;;;
37.438519;-6.574168;89;0;-1;1407;408;104.5;76.45;;;
37.438341;-6.574196;88;0;-1;1407;408;104.52;76.43;;;
37.438169;-6.574260;88;0;-2;1407;408;104.54;76.41;;;
37.438000;-6.574337;88;0;-2;1407;408;104.56;76.39;;;
37.437836;-6.574430;87;0;-2;1407;408;104.58;76.37;;;
37.437672;-6.574522;87;0;-2;1407;408;104.6;76.35;;;
37.437507;-6.574615;87;0;-2;1407;408;104.62;76.33;;;
37.437343;-6.574707;86;0;-2;1407;408;104.64;76.31;;;
37.437179;-6.574800;86;0;-2;1407;408;104.66;76.29;;;
37.437015;-6.574893;86;0;-2;1407;408;104.68;76.27;;;
37.436851;-6.574985;85;0;-2;1407;408;104.7;76.25;;;
37.436685;-6.575074;85;0;-2;1407;408;104.72;76.23;;;
37.436516;-6.575151;85;0;-2;1407;408;104.74;76.21;;;
37.436345;-6.575213;84;0;-2;1407;408;104.76;76.19;;;
37.436165;-6.575230;84;0;-2;1407;408;104.78;76.17;;;
37.435986;-6.575247;83;0;-2;1407;408;104.8;76.15;;;
37.435806;-6.575234;83;0;-2;1407;408;104.82;76.13;;;
37.435627;-6.575219;83;0;-2;1407;408;104.84;76.11;;;
37.435450;-6.575187;82;0;-2;1407;408;104.86;76.09;;;
37.435275;-6.575130;82;0;-1;1407;408;104.88;76.07;;;
37.435101;-6.575073;82;0;-1;1407;408;104.9;76.05;;;
37.434941;-6.574975;82;0;-1;1407;408;104.92;76.03;;;
37.434784;-6.574863;81;0;-1;1407;408;104.94;76.01;;;
37.434629;-6.574749;81;0;-1;1407;408;104.96;75.99;;;
37.434488;-6.574608;81;0;-1;1407;408;104.98;75.97;;;
37.434356;-6.574455;81;0;-1;1407;408;105;75.95;;;
37.434236;-6.574287;80;0;-1;1407;408;105.02;75.93;;;
37.434133;-6.574101;80;0;-1;1407;408;105.04;75.91;;;
37.434036;-6.573911;80;0;-1;1407;408;105.06;75.89;;;
37.433948;-6.573714;80;0;-1;1407;408;105.08;75.87;;;
37.433874;-6.573507;79;0;-1;1407;408;105.1;75.85;;;
37.433799;-6.573301;79;0;-1;1407;408;105.12;75.83;;;
37.433724;-6.573096;79;0;-1;1407;408;105.14;75.81;;;
37.433648;-6.572890;79;0;-1;1407;408;105.16;75.79;;;
37.433572;-6.572685;79;0;-1;1407;408;105.18;75.77;;;
37.433495;-6.572480;79;0;-1;1407;408;105.2;75.75;;;
37.433417;-6.572276;78;0;-1;1407;408;105.22;75.73;;;
37.433341;-6.572071;78;0;-1;1407;408;105.24;75.71;;;
37.433264;-6.571866;78;0;-1;1407;408;105.26;75.69;;;
37.433187;-6.571661;78;0;-1;1407;408;105.28;75.67;;;
37.433110;-6.571457;78;0;-1;1407;408;105.3;75.65;;;
37.433013;-6.571267;78;0;-1;1407;408;105.32;75.63;;;
37.432913;-6.571078;77;0;-1;1407;408;105.34;75.61;;;
37.432805;-6.570898;77;0;-1;1407;408;105.36;75.59;;;
37.432674;-6.570742;77;0;-1;1407;408;105.38;75.57;;;
37.432543;-6.570588;77;0;-1;1407;408;105.4;75.55;;;
37.432401;-6.570450;77;0;0;1407;408;105.42;75.53;;;
37.432256;-6.570315;77;0;0;1407;408;105.44;75.51;;;
37.432109;-6.570185;77;0;0;1407;408;105.46;75.49;;;
37.431962;-6.570055;77;0;0;1407;408;105.48;75.47;;;
37.431814;-6.569925;77;0;0;1407;408;105.5;75.45;;;
37.431667;-6.569794;77;0;0;1407;408;105.52;75.43;;;
37.431520;-6.569664;77;0;0;1407;408;105.54;75.41;;;
37.431373;-6.569534;77;0;0;1407;408;105.56;75.39;;;
37.431226;-6.569404;77;0;0;1407;408;105.58;75.37;;;
37.431079;-6.569274;77;0;0;1407;408;105.6;75.35;;;
37.430935;-6.569139;77;0;0;1407;408;105.62;75.33;;;
37.430813;-6.568971;77;0;0;1407;408;105.64;75.31;;;
37.430692;-6.568804;77;0;0;1407;408;105.66;75.29;;;
37.430599;-6.568610;77;0;0;1407;408;105.68;75.27;;;
37.430507;-6.568416;77;0;0;1407;408;105.7;75.25;;;
37.430414;-6.568222;77;0;0;1407;408;105.72;75.23;;;
37.430354;-6.568010;77;0;0;1407;408;105.74;75.21;;;
37.430307;-6.567792;77;0;0;1407;408;105.76;75.19;;;
37.430259;-6.567573;77;0;0;1407;408;105.78;75.17;;;
37.430211;-6.567355;77;0;0;1407;408;105.8;75.15;;;
37.430164;-6.567136;77;0;0;1407;408;105.82;75.13;;;
37.430116;-6.566918;77;0;0;1407;408;105.84;75.11;;;
37.430069;-6.566699;77;0;0;1407;408;105.86;75.09;;;
37.430020;-6.566482;77;0;0;1407;408;105.88;75.07;;;
37.429966;-6.566265;77;0;0;1407;408;105.9;75.05;;;
37.429912;-6.566049;77;0;0;1407;408;105.92;75.03;;;
37.429858;-6.565833;77;0;0;1407;408;105.94;75.01;;;
37.429780;-6.565630;77;0;0;1407;408;105.96;74.99;;;
37.429698;-6.565428;77;0;0;1407;408;105.98;74.97;;;
37.429610;-6.565231;77;0;0;1407;408;106;74.95;;;
37.429496;-6.565057;77;0;0;1407;408;106.02;74.93;;;
37.429381;-6.564882;77;0;0;1407;408;106.04;74.91;;;
37.429254;-6.564723;77;0;0;1407;408;106.06;74.89;;;
37.429115;-6.564580;77;0;0;1407;408;106.08;74.87;;;
37.428975;-6.564437;77;0;0;1407;408;106.1;74.85;;;
37.428832;-6.564300;77;0;0;1407;408;106.12;74.83;;;
37.428675;-6.564190;77;0;0;1408;407;106.14;74.81;;;
37.428518;-6.564079;77;0;0;1408;407;106.16;74.79;;;
37.428362;-6.563968;77;0;0;1408;407;106.18;74.77;;;
37.428188;-6.563910;77;0;0;1408;407;106.2;74.75;;;
37.428013;-6.563857;77;0;0;1408;407;106.22;74.73;;;
37.427838;-6.563804;77;0;0;1408;407;106.24;74.71;;;
37.427664;-6.563751;77;0;0;1408;407;106.26;74.69;;;
37.427489;-6.563698;77;0;0;1408;407;106.28;74.67;;;
37.427314;-6.563645;77;0;0;1408;407;106.3;74.65;;;
37.427139;-6.563592;77;0;0;1408;407;106.32;74.63;;;
37.426964;-6.563539;77;0;0;1408;407;106.34;74.61;;;
37.426789;-6.563486;77;0;0;1408;407;106.36;74.59;;;
37.426614;-6.563433;77;0;0;1408;407;106.38;74.57;;;
37.426439;-6.563380;77;0;0;1408;407;106.4;74.55;;;
37.426265;-6.563327;77;0;0;1408;407;106.42;74.53;;;
37.426090;-6.563274;77;0;0;1408;407;106.44;74.51;;;
37.425915;-6.563221;77;0;0;1408;407;106.46;74.49;;;
37.425740;-6.563168;77;0;0;1408;407;106.48;74.47;;;
37.425565;-6.563115;77;0;0;1408;407;106.5;74.45;;;
37.425390;-6.563062;77;0;0;1408;407;106.52;74.43;;;
37.425215;-6.563009;77;0;0;1408;407;106.54;74.41;;;
37.425040;-6.562956;77;0;0;1408;407;106.56;74.39;;;
37.424866;-6.562903;77;0;0;1408;407;106.58;74.37;;;
37.424690;-6.562856;77;0;0;1408;407;106.6;74.35;;;
37.424513;-6.562811;77;0;0;1408;407;106.62;74.33;;;
37.424337;-6.562765;77;0;0;1408;407;106.64;74.31;;;
37.424161;-6.562720;77;0;0;1408;407;106.66;74.29;;;
37.423985;-6.562675;77;0;0;1408;407;106.68;74.27;;;
37.423809;-6.562629;77;0;-1;1408;407;106.7;74.25;;;
37.423631;-6.562594;77;0;-1;1408;407;106.72;74.23;;;
37.423453;-6.562558;77;0;-1;1408;407;106.74;74.21;;;
37.423276;-6.562522;76;0;-1;1408;407;106.76;74.19;;;
37.423098;-6.562487;76;0;-1;1408;407;106.78;74.17;;;
37.422920;-6.562452;76;0;-1;1408;407;106.8;74.15;;;
37.422743;-6.562416;76;0;-1;1408;407;106.82;74.13;;;
37.422565;-6.562380;76;0;-1;1408;407;106.84;74.11;;;
37.422386;-6.562357;76;0;-1;1408;407;106.86;74.09;;;
37.422207;-6.562335;76;0;-1;1408;407;106.88;74.07;;;
37.422028;-6.562318;75;0;-1;1408;407;106.9;74.05;;;
37.421849;-6.562299;75;0;-1;1408;407;106.92;74.03;;;
37.421669;-6.562282;75;0;-1;1408;407;106.94;74.01;;;
37.421490;-6.562264;75;0;-1;1408;407;106.96;73.99;;;
37.421311;-6.562246;74;0;-2;1408;407;106.98;73.97;;;
37.421131;-6.562228;74;0;-2;1408;407;107;73.95;;;
37.420952;-6.562210;73;0;-2;1408;407;107.02;73.93;;;
37.420775;-6.562172;73;0;-2;1408;407;107.04;73.91;;;
37.420598;-6.562132;73;0;-2;1408;407;107.06;73.89;;;
37.420421;-6.562092;73;0;-2;1408;407;107.08;73.87;;;
37.420244;-6.562052;72;0;-2;1408;407;107.1;73.85;;;
37.420067;-6.562012;72;0;-2;1408;407;107.12;73.83;;;
37.419890;-6.561972;72;0;-2;1408;407;107.14;73.81;;;
37.419713;-6.561930;71;0;-2;1408;407;107.16;73.79;;;
37.419537;-6.561885;71;0;-2;1408;407;107.18;73.77;;;
37.419360;-6.561840;70;0;-2;1408;407;107.2;73.75;;;
37.419184;-6.561795;70;0;-2;1408;407;107.22;73.73;;;
37.419008;-6.561750;70;0;-2;1408;407;107.24;73.71;;;
37.418832;-6.561705;69;0;-2;1408;407;107.26;73.69;;;
37.418655;-6.561660;69;0;-2;1408;407;107.28;73.67;;;
37.418479;-6.561615;68;0;-2;1408;407;107.3;73.65;;;
37.418303;-6.561570;68;0;-2;1408;407;107.32;73.63;;;
37.418126;-6.561529;68;0;-2;1408;407;107.34;73.61;;;
37.417949;-6.561491;67;0;-2;1408;407;107.36;73.59;;;
37.417771;-6.561454;67;0;-2;1408;407;107.38;73.57;;;
37.417594;-6.561416;66;0;-2;1408;407;107.4;73.55;;;
37.417416;-6.561378;66;0;-2;1408;407;107.42;73.53;;;
37.417239;-6.561341;65;0;-2;1408;407;107.44;73.51;;;
37.417062;-6.561303;65;0;-2;1408;407;107.46;73.49;;;
37.416884;-6.561265;65;0;-2;1408;407;107.48;73.47;;;
37.416707;-6.561227;64;0;-2;1408;407;107.5;73.45;;;
37.416530;-6.561189;64;0;-2;1408;407;107.52;73.43;;;
37.416352;-6.561151;64;0;-2;1408;407;107.54;73.41;;;
37.416175;-6.561113;63;0;-2;1408;407;107.56;73.39;;;
37.415998;-6.561076;63;0;-2;1408;407;107.58;73.37;;;
37.415820;-6.561038;63;0;-2;1408;407;107.6;73.35;;;
37.415643;-6.561001;62;0;-2;1408;407;107.62;73.33;;;
37.415466;-6.560963;62;0;-1;1408;407;107.64;73.31;;;
37.415288;-6.560925;62;0;-1;1408;407;107.66;73.29;;;
37.415111;-6.560886;61;0;-1;1408;407;107.68;73.27;;;
37.414934;-6.560847;61;0;-1;1408;407;107.7;73.25;;;
37.414757;-6.560808;61;0;-1;1408;407;107.72;73.23;;;
37.414580;-6.560768;61;0;-1;1408;407;107.74;73.21;;;
37.414403;-6.560728;60;0;-1;1408;407;107.76;73.19;;;
37.414226;-6.560689;60;0;-1;1408;407;107.78;73.17;;;
37.414048;-6.560650;60;0;-1;1408;407;107.8;73.15;;;
37.413871;-6.560610;59;0;-1;1408;407;107.82;73.13;;;
37.413694;-6.560570;59;0;-1;1408;407;107.84;73.11;;;
37.413517;-6.560530;59;0;-1;1408;407;107.86;73.09;;;
37.413340;-6.560491;59;0;-1;1408;407;107.88;73.07;;;
37.413163;-6.560452;59;0;-1;1408;407;107.9;73.05;;;
37.412986;-6.560413;58;0;-1;1408;407;107.92;73.03;;;
37.412809;-6.560373;58;0;-1;1408;407;107.94;73.01;;;
37.412632;-6.560331;58;0;-1;1408;407;107.96;72.99;;;
37.412455;-6.560290;58;0;-1;1408;407;107.98;72.97;;;
37.412278;-6.560248;58;0;0;1408;407;108;72.95;;;
37.412102;-6.560206;58;0;0;1408;407;108.02;72.93;;;
37.411925;-6.560164;58;0;0;1408;407;108.04;72.91;;;
37.411748;-6.560123;58;0;0;1408;407;108.06;72.89;;;
37.411571;-6.560081;58;0;0;1408;407;108.08;72.87;;;
37.411394;-6.560039;58;0;0;1408;407;108.1;72.85;;;
37.411218;-6.559997;58;0;0;1408;407;108.12;72.83;;;
37.411041;-6.559956;58;0;0;1408;407;108.14;72.81;;;
37.410864;-6.559914;58;0;0;1408;407;108.16;72.79;;;
37.410687;-6.559872;58;0;0;1408;407;108.18;72.77;;;
37.410511;-6.559830;58;0;1;1408;407;108.2;72.75;;;
37.410334;-6.559789;58;0;1;1409;406;108.22;72.73;;;
37.410157;-6.559747;58;0;1;1409;406;108.24;72.71;;;
37.409981;-6.559703;58;0;1;1409;406;108.26;72.69;;;
37.409805;-6.559656;59;0;1;1409;406;108.28;72.67;;;
37.409629;-6.559608;59;0;1;1409;406;108.3;72.65;;;
37.409453;-6.559560;59;0;1;1409;406;108.32;72.63;;;
37.409283;-6.559485;59;0;1;1409;406;108.34;72.61;;;
37.409114;-6.559409;59;0;1;1410;405;108.36;72.59;;;
37.408944;-6.559333;59;0;1;1410;405;108.38;72.57;;;
37.408775;-6.559257;60;0;1;1410;405;108.4;72.55;;;
37.408603;-6.559191;60;0;1;1410;405;108.42;72.53;;;
37.408428;-6.559142;60;0;1;1410;405;108.44;72.51;;;
37.408252;-6.559093;60;0;1;1411;404;108.46;72.49;;;
37.408077;-6.559044;60;0;1;1411;404;108.48;72.47;;;
37.407901;-6.558995;61;0;1;1411;404;108.5;72.45;;;
37.407725;-6.558947;61;0;1;1411;404;108.52;72.43;;;
37.407550;-6.558898;61;0;1;1412;403;108.54;72.41;;;
37.407374;-6.558849;62;0;1;1412;403;108.56;72.39;;;
37.407198;-6.558800;62;0;1;1412;403;108.58;72.37;;;
37.407023;-6.558751;62;0;1;1412;403;108.6;72.35;;;
37.406846;-6.558713;62;0;1;1413;402;108.62;72.33;;;
37.406668;-6.558678;63;0;1;1413;402;108.64;72.31;;;
37.406490;-6.558642;63;0;1;1413;402;108.66;72.29;;;
37.406314;-6.558596;63;0;2;1414;401;108.68;72.27;;;
37.406141;-6.558535;64;0;2;1414;401;108.7;72.25;;;
37.405968;-6.558473;64;0;2;1414;401;108.72;72.23;;;
37.405798;-6.558401;64;0;2;1415;400;108.74;72.21;;;
37.405628;-6.558326;65;0;2;1415;400;108.76;72.19;;;
37.405458;-6.558251;65;0;2;1415;400;108.78;72.17;;;
37.405289;-6.558176;65;0;2;1416;399;108.8;72.15;;;
37.405119;-6.558101;66;0;2;1416;399;108.82;72.13;;;
37.404949;-6.558026;66;0;2;1416;399;108.84;72.11;;;
37.404780;-6.557951;66;0;2;1417;398;108.86;72.09;;;
37.404610;-6.557876;67;0;2;1417;398;108.88;72.07;;;
37.404440;-6.557801;67;0;2;1418;397;108.9;72.05;;;
37.404270;-6.557726;68;0;2;1418;397;108.92;72.03;;;
37.404101;-6.557651;68;0;2;1418;397;108.94;72.01;;;
37.403929;-6.557582;68;0;2;1419;396;108.96;71.99;;;
37.403758;-6.557512;68;0;1;1419;396;108.98;71.97;;;
37.403587;-6.557442;69;0;1;1419;396;109;71.95;;;
37.403416;-6.557371;69;0;1;1419;396;109.02;71.93;;;
37.403245;-6.557302;69;0;1;1420;395;109.04;71.91;;;
37.403074;-6.557232;70;0;1;1420;395;109.06;71.89;;;
37.402903;-6.557162;70;0;1;1420;395;109.08;71.87;;;
37.402732;-6.557092;70;0;1;1420;395;109.1;71.85;;;
37.402561;-6.557022;70;0;1;1421;394;109.12;71.83;;;
37.402390;-6.556952;71;0;1;1421;394;109.14;71.81;;;
37.402219;-6.556882;71;0;1;1421;394;109.16;71.79;;;
37.402048;-6.556812;71;0;1;1421;394;109.18;71.77;;;
37.401877;-6.556742;71;0;1;1422;393;109.2;71.75;;;
37.401706;-6.556672;72;0;1;1422;393;109.22;71.73;;;
37.401538;-6.556590;72;0;1;1422;393;109.24;71.71;;;
37.401371;-6.556507;72;0;1;1423;392;109.26;71.69;;;
37.401204;-6.556423;72;0;1;1423;392;109.28;71.67;;;
37.401036;-6.556340;73;0;1;1423;392;109.3;71.65;;;
37.400869;-6.556258;73;0;1;1423;392;109.32;71.63;;;
37.400701;-6.556175;73;0;1;1424;391;109.34;71.61;;;
37.400534;-6.556092;73;0;1;1424;391;109.36;71.59;;;
37.400367;-6.556009;74;0;1;1424;391;109.38;71.57;;;
37.400199;-6.555926;74;0;1;1424;391;109.4;71.55;;;
37.400032;-6.555843;74;0;1;1425;390;109.42;71.53;;;
37.399865;-6.555760;74;0;1;1425;390;109.44;71.51;;;
37.399697;-6.555677;75;0;1;1425;390;109.46;71.49;;;
37.399530;-6.555594;75;0;1;1425;390;109.48;71.47;;;
37.399362;-6.555513;75;0;1;1426;389;109.5;71.45;;;
37.399190;-6.555446;76;0;1;1426;389;109.52;71.43;;;
37.399018;-6.555380;76;0;1;1426;389;109.54;71.41;;;
37.398846;-6.555315;76;0;1;1427;388;109.56;71.39;;;
37.398674;-6.555249;76;0;1;1427;388;109.58;71.37;;;
37.398502;-6.555182;77;0;1;1427;388;109.6;71.35;;;
37.398330;-6.555116;77;0;1;1427;388;109.62;71.33;;;
37.398158;-6.555051;77;0;1;1428;387;109.64;71.31;;;
37.397986;-6.554985;77;0;1;1428;387;109.66;71.29;;;
37.397814;-6.554919;78;0;1;1428;387;109.68;71.27;;;
37.397642;-6.554852;78;0;1;1428;387;109.7;71.25;;;
37.397470;-6.554787;78;0;1;1429;386;109.72;71.23;;;
37.397297;-6.554721;78;0;1;1429;386;109.74;71.21;;;
37.397126;-6.554651;79;0;1;1429;386;109.76;71.19;;;
37.396957;-6.554574;79;0;1;1429;386;109.78;71.17;;;
37.396788;-6.554497;79;0;1;1429;386;109.8;71.15;;;
37.396619;-6.554420;79;0;1;1430;385;109.82;71.13;;;
37.396450;-6.554343;79;0;1;1430;385;109.84;71.11;;;
37.396281;-6.554266;80;0;1;1430;385;109.86;71.09;;;
37.396110;-6.554195;80;0;1;1430;385;109.88;71.07;;;
37.395938;-6.554130;80;0;1;1431;384;109.9;71.05;;;
37.395765;-6.554065;80;0;1;1431;384;109.92;71.03;;;
37.395593;-6.554000;81;0;1;1431;384;109.94;71.01;;;
37.395421;-6.553935;81;0;1;1431;384;109.96;70.99;;;
37.395248;-6.553870;81;0;1;1431;384;109.98;70.97;;;
37.395079;-6.553796;81;0;1;1431;384;110;70.95;;;
37.394909;-6.553720;81;0;1;1432;383;110.02;70.93;;;
37.394740;-6.553643;81;0;1;1432;383;110.04;70.91;;;
37.394571;-6.553566;81;0;1;1432;383;110.06;70.89;;;
37.394401;-6.553490;82;0;1;1432;383;110.08;70.87;;;
37.394232;-6.553413;82;0;1;1432;383;110.1;70.85;;;
37.394063;-6.553337;82;0;1;1432;383;110.12;70.83;;;
37.393889;-6.553279;82;0;1;1432;383;110.14;70.81;;;
37.393715;-6.553222;82;0;1;1432;383;110.16;70.79;;;
37.393541;-6.553164;82;0;1;1433;382;110.18;70.77;;;
37.393367;-6.553105;82;0;1;1433;382;110.2;70.75;;;
37.393192;-6.553108;82;0;0;1433;382;110.22;70.73;;;
37.393124;-6.553298;83;0;0;1433;382;110.24;70.71;;;
37.393115;-6.553524;83;0;0;1433;382;110.26;70.69;;;
37.393102;-6.553750;83;0;0;1433;382;110.28;70.67;;;
37.393086;-6.553975;83;0;0;1433;382;110.3;70.65;21;;
37.393070;-6.554201;83;0;0;1433;382;110.32;70.63;;;
37.393058;-6.554427;83;0;0;1433;382;110.34;70.61;;;
37.393046;-6.554652;83;0;0;1433;382;110.36;70.59;;;
37.393033;-6.554878;83;0;0;1433;382;110.38;70.57;;;
37.393021;-6.555104;83;0;0;1433;382;110.4;70.55;;;
37.393009;-6.555330;83;0;0;1433;382;110.42;70.53;;;
37.392996;-6.555556;83;0;0;1433;382;110.44;70.51;;;
37.392978;-6.555781;83;0;0;1433;382;110.46;70.49;;;
37.392950;-6.556004;83;0;0;1433;382;110.48;70.47;;;
37.392922;-6.556228;82;0;0;1433;382;110.5;70.45;;;
37.392894;-6.556452;82;0;0;1433;382;110.52;70.43;;;
37.392866;-6.556675;82;0;0;1433;382;110.54;70.41;;;
37.392838;-6.556899;82;0;0;1433;382;110.56;70.39;;;
37.392802;-6.557121;82;0;0;1433;382;110.58;70.37;;;
37.392763;-6.557342;82;0;0;1433;382;110.6;70.35;;;
37.392724;-6.557563;82;0;0;1433;382;110.62;70.33;;;
37.392685;-6.557784;82;0;0;1433;382;110.64;70.31;;;
37.392635;-6.558001;82;0;0;1433;382;110.66;70.29;;;
37.392583;-6.558218;82;0;0;1433;382;110.68;70.27;;;
37.392528;-6.558433;82;0;0;1433;382;110.7;70.25;;;
37.392468;-6.558647;82;0;0;1433;382;110.72;70.23;;;
37.392407;-6.558860;82;0;0;1433;382;110.74;70.21;;;
37.392346;-6.559073;82;0;0;1433;382;110.76;70.19;;;
37.392286;-6.559286;82;0;0;1433;382;110.78;70.17;;;
37.392225;-6.559499;81;0;0;1433;382;110.8;70.15;;;
37.392165;-6.559712;81;0;0;1433;382;110.82;70.13;;;
37.392105;-6.559926;81;0;0;1433;382;110.84;70.11;;;
37.392044;-6.560139;81;0;-1;1433;382;110.86;70.09;;;
37.391985;-6.560353;81;0;-1;1433;382;110.88;70.07;;;
37.391949;-6.560574;81;0;0;1433;382;110.9;70.05;;;
37.391947;-6.560798;81;0;0;1433;382;110.92;70.03;;;
37.391946;-6.561004;81;0;0;1433;382;110.94;70.01;;;
37.391812;-6.561154;81;0;0;1433;382;110.96;69.99;;;
37.391703;-6.561333;81;0;0;1433;382;110.98;69.97;;;
37.391635;-6.561542;80;0;0;1433;382;111;69.95;22;;
37.391573;-6.561754;80;0;0;1433;382;111.02;69.93;;;
37.391510;-6.561966;80;0;0;1433;382;111.04;69.91;;;
37.391447;-6.562178;80;0;0;1433;382;111.06;69.89;;;
37.391384;-6.562390;80;0;0;1433;382;111.08;69.87;;;
37.391321;-6.562602;80;0;0;1433;382;111.1;69.85;;;
37.391258;-6.562814;80;0;0;1433;382;111.12;69.83;;;
37.391196;-6.563027;80;0;0;1433;382;111.14;69.81;;;
37.391133;-6.563239;80;0;0;1433;382;111.16;69.79;;;
37.391070;-6.563451;80;0;0;1433;382;111.18;69.77;;;
37.391007;-6.563663;80;0;0;1433;382;111.2;69.75;;;
37.390944;-6.563875;80;0;0;1433;382;111.22;69.73;;;
37.390881;-6.564087;80;0;0;1433;382;111.24;69.71;;;
37.390818;-6.564299;80;0;0;1433;382;111.26;69.69;;;
37.390755;-6.564511;80;0;0;1433;382;111.28;69.67;;;
37.390692;-6.564723;80;0;0;1433;382;111.3;69.65;;;
37.390630;-6.564935;80;0;0;1433;382;111.32;69.63;;;
37.390567;-6.565147;80;0;0;1433;382;111.34;69.61;;;
37.390504;-6.565360;80;0;0;1433;382;111.36;69.59;;;
37.390441;-6.565572;80;0;0;1433;382;111.38;69.57;;;
37.390378;-6.565784;80;0;0;1433;382;111.4;69.55;;;
37.390315;-6.565996;80;0;0;1433;382;111.42;69.53;;;
37.390253;-6.566208;80;0;0;1433;382;111.44;69.51;;;
37.390189;-6.566420;80;0;0;1434;381;111.46;69.49;;;
37.390126;-6.566632;81;0;0;1434;381;111.48;69.47;;;
37.390064;-6.566844;81;0;1;1434;381;111.5;69.45;;;
37.390001;-6.567056;81;0;1;1434;381;111.52;69.43;;;
37.389938;-6.567268;81;0;1;1434;381;111.54;69.41;;;
37.389875;-6.567481;81;0;1;1434;381;111.56;69.39;;;
37.389812;-6.567693;81;0;1;1434;381;111.58;69.37;;;
37.389746;-6.567903;81;0;1;1434;381;111.6;69.35;;;
37.389679;-6.568113;81;0;1;1434;381;111.62;69.33;;;
37.389612;-6.568323;81;0;1;1435;380;111.64;69.31;;;
37.389544;-6.568533;82;0;1;1435;380;111.66;69.29;;;
37.389485;-6.568747;82;0;1;1435;380;111.68;69.27;;;
37.389441;-6.568966;82;0;1;1435;380;111.7;69.25;;;
37.389411;-6.569188;82;0;1;1435;380;111.72;69.23;;;
37.389448;-6.569404;82;0;1;1435;380;111.74;69.21;;;
37.389517;-6.569612;83;0;1;1436;379;111.76;69.19;;;
37.389526;-6.569834;83;0;1;1436;379;111.78;69.17;;;
37.389404;-6.569996;83;0;1;1436;379;111.8;69.15;;;
37.389271;-6.570147;83;0;1;1437;378;111.82;69.13;;;
37.389189;-6.570344;84;0;1;1437;378;111.84;69.11;;;
37.389135;-6.570560;84;0;1;1437;378;111.86;69.09;;;
37.389118;-6.570785;84;0;1;1437;378;111.88;69.07;;;
37.389101;-6.571011;84;0;1;1437;378;111.9;69.05;;;
37.389084;-6.571236;84;0;1;1437;378;111.92;69.03;;;
37.389067;-6.571461;84;0;0;1437;378;111.94;69.01;;;
37.389051;-6.571687;84;0;0;1437;378;111.96;68.99;;;
37.389035;-6.571912;84;0;0;1437;378;111.98;68.97;;;
37.389019;-6.572138;84;0;0;1437;378;112;68.95;;;
37.389003;-6.572363;84;0;0;1438;377;112.02;68.93;;;
37.388987;-6.572589;85;0;0;1438;377;112.04;68.91;;;
37.388970;-6.572814;85;0;0;1438;377;112.06;68.89;;;
37.388954;-6.573040;85;0;0;1438;377;112.08;68.87;;;
37.388937;-6.573265;85;0;0;1438;377;112.1;68.85;;;
37.388921;-6.573490;85;0;0;1438;377;112.12;68.83;;;
37.388905;-6.573716;85;0;0;1438;377;112.14;68.81;;;
37.388889;-6.573941;85;0;0;1438;377;112.16;68.79;;;
37.388873;-6.574167;85;0;0;1438;377;112.18;68.77;;;
37.388857;-6.574392;85;0;0;1438;377;112.2;68.75;;;
37.388840;-6.574618;85;0;0;1438;377;112.22;68.73;;;
37.388824;-6.574843;85;0;0;1438;377;112.24;68.71;;;
37.388808;-6.575069;85;0;0;1438;377;112.26;68.69;;;
37.388792;-6.575294;85;0;0;1438;377;112.28;68.67;;;
37.388776;-6.575520;85;0;0;1438;377;112.3;68.65;;;
37.388760;-6.575745;85;0;0;1438;377;112.32;68.63;;;
37.388744;-6.575971;85;0;0;1438;377;112.34;68.61;;;
37.388727;-6.576196;85;0;0;1438;377;112.36;68.59;;;
37.388710;-6.576421;84;0;0;1438;377;112.38;68.57;;;
37.388694;-6.576647;84;0;0;1438;377;112.4;68.55;;;
37.388678;-6.576872;84;0;0;1438;377;112.42;68.53;;;
37.388662;-6.577098;84;0;0;1438;377;112.44;68.51;;;
37.388646;-6.577323;84;0;0;1438;377;112.46;68.49;;;
37.388630;-6.577549;84;0;0;1438;377;112.48;68.47;;;
37.388613;-6.577774;84;0;0;1438;377;112.5;68.45;;;
37.388597;-6.578000;84;0;0;1438;377;112.52;68.43;;;
37.388581;-6.578225;84;0;0;1438;377;112.54;68.41;;;
37.388565;-6.578451;84;0;0;1438;377;112.56;68.39;;;
37.388549;-6.578676;84;0;0;1438;377;112.58;68.37;;;
37.388533;-6.578901;84;0;-1;1438;377;112.6;68.35;;;
37.388516;-6.579127;84;0;-1;1438;377;112.62;68.33;;;
37.388499;-6.579352;83;0;-1;1438;377;112.64;68.31;;;
37.388483;-6.579578;83;0;-1;1438;377;112.66;68.29;;;
37.388467;-6.579803;83;0;-1;1438;377;112.68;68.27;;;
37.388451;-6.580029;83;0;-1;1438;377;112.7;68.25;;;
37.388435;-6.580254;83;0;-1;1438;377;112.72;68.23;;;
37.388419;-6.580480;83;0;-1;1438;377;112.74;68.21;;;
37.388403;-6.580705;83;0;-1;1438;377;112.76;68.19;;;
37.388386;-6.580931;83;0;-1;1438;377;112.78;68.17;;;
37.388370;-6.581156;82;0;-1;1438;377;112.8;68.15;;;
37.388354;-6.581381;82;0;-1;1438;377;112.82;68.13;;;
37.388337;-6.581607;82;0;-1;1438;377;112.84;68.11;;;
37.388321;-6.581832;82;0;-1;1438;377;112.86;68.09;;;
37.388305;-6.582058;82;0;-1;1438;377;112.88;68.07;;;
37.388289;-6.582283;82;0;-1;1438;377;112.9;68.05;;;
37.388273;-6.582509;81;0;-1;1438;377;112.92;68.03;;;
37.388256;-6.582734;81;0;-1;1438;377;112.94;68.01;;;
37.388240;-6.582960;81;0;-1;1438;377;112.96;67.99;;;
37.388224;-6.583185;81;0;-1;1438;377;112.98;67.97;;;
37.388208;-6.583411;81;0;-1;1438;377;113;67.95;;;
37.388192;-6.583636;80;0;-1;1438;377;113.02;67.93;;;
37.388175;-6.583861;80;0;-1;1438;377;113.04;67.91;;;
37.388158;-6.584087;80;0;-1;1438;377;113.06;67.89;;;
37.388143;-6.584312;80;0;-1;1438;377;113.08;67.87;;;
37.388128;-6.584538;80;0;-1;1438;377;113.1;67.85;;;
37.388113;-6.584764;80;0;-1;1438;377;113.12;67.83;;;
37.388098;-6.584989;79;0;-1;1438;377;113.14;67.81;;;
37.388083;-6.585215;79;0;-1;1438;377;113.16;67.79;;;
37.388068;-6.585440;79;0;-1;1438;377;113.18;67.77;;;
37.388053;-6.585666;79;0;-1;1438;377;113.2;67.75;;;
37.388038;-6.585891;79;0;-1;1438;377;113.22;67.73;;;
37.388023;-6.586117;79;0;-1;1438;377;113.24;67.71;;;
37.388008;-6.586343;79;0;-1;1438;377;113.26;67.69;;;
37.387992;-6.586568;78;0;-1;1438;377;113.28;67.67;;;
37.387977;-6.586794;78;0;-1;1438;377;113.3;67.65;;;
37.387962;-6.587019;78;0;-1;1438;377;113.32;67.63;;;
37.387947;-6.587245;78;0;-1;1438;377;113.34;67.61;;;
37.387932;-6.587470;78;0;-1;1438;377;113.36;67.59;;;
37.387917;-6.587696;78;0;-1;1438;377;113.38;67.57;;;
37.387902;-6.587922;77;0;-1;1438;377;113.4;67.55;;;
37.387887;-6.588147;77;0;-1;1438;377;113.42;67.53;;;
37.387872;-6.588373;77;0;-1;1438;377;113.44;67.51;;;
37.387856;-6.588598;77;0;-1;1438;377;113.46;67.49;;;
37.387841;-6.588824;77;0;-1;1438;377;113.48;67.47;;;
37.387826;-6.589049;77;0;-1;1438;377;113.5;67.45;;;
37.387810;-6.589275;77;0;-1;1438;377;113.52;67.43;;;
37.387795;-6.589501;76;0;-1;1438;377;113.54;67.41;;;
37.387780;-6.589726;76;0;0;1438;377;113.56;67.39;;;
37.387765;-6.589952;76;0;0;1438;377;113.58;67.37;;;
37.387750;-6.590177;76;0;0;1438;377;113.6;67.35;;;
37.387735;-6.590403;76;0;0;1438;377;113.62;67.33;;;
37.387720;-6.590628;76;0;0;1438;377;113.64;67.31;;;
37.387704;-6.590854;76;0;0;1438;377;113.66;67.29;;;
37.387689;-6.591080;76;0;0;1438;377;113.68;67.27;;;
37.387674;-6.591305;76;0;0;1438;377;113.7;67.25;;;
37.387659;-6.591531;76;0;0;1438;377;113.72;67.23;;;
37.387644;-6.591756;76;0;0;1438;377;113.74;67.21;;;
37.387629;-6.591982;76;0;0;1438;377;113.76;67.19;;;
37.387614;-6.592207;76;0;0;1438;377;113.78;67.17;;;
37.387599;-6.592433;76;0;0;1438;377;113.8;67.15;;;
37.387584;-6.592659;76;0;0;1438;377;113.82;67.13;;;
37.387568;-6.592884;75;0;0;1438;377;113.84;67.11;;;
37.387553;-6.593110;75;0;0;1438;377;113.86;67.09;;;
37.387538;-6.593335;75;0;0;1438;377;113.88;67.07;;;
37.387523;-6.593561;75;0;0;1438;377;113.9;67.05;;;
37.387507;-6.593786;75;0;0;1438;377;113.92;67.03;;;
37.387492;-6.594012;75;0;0;1438;377;113.94;67.01;;;
37.387477;-6.594238;75;0;0;1438;377;113.96;66.99;;;
37.387462;-6.594463;75;0;0;1438;377;113.98;66.97;;;
37.387447;-6.594689;75;0;0;1438;377;114;66.95;;;
37.387432;-6.594914;75;0;0;1438;377;114.02;66.93;;;
37.387416;-6.595140;75;0;0;1438;377;114.04;66.91;;;
37.387401;-6.595365;75;0;0;1438;377;114.06;66.89;;;
37.387386;-6.595591;75;0;0;1438;377;114.08;66.87;;;
37.387371;-6.595816;75;0;0;1438;377;114.1;66.85;;;
37.387356;-6.596042;75;0;0;1438;377;114.12;66.83;;;
37.387341;-6.596268;75;0;0;1438;377;114.14;66.81;;;
37.387326;-6.596493;75;0;0;1438;377;114.16;66.79;;;
37.387311;-6.596719;75;0;0;1438;377;114.18;66.77;;;
37.387295;-6.596944;75;0;0;1438;377;114.2;66.75;;;
37.387284;-6.597170;75;0;0;1438;377;114.22;66.73;;;
37.387276;-6.597396;74;0;0;1438;377;114.24;66.71;;;
37.387268;-6.597622;74;0;0;1438;377;114.26;66.69;;;
37.387259;-6.597849;74;0;0;1438;377;114.28;66.67;;;
37.387251;-6.598075;74;0;0;1438;377;114.3;66.65;;;
37.387243;-6.598301;74;0;0;1438;377;114.32;66.63;;;
37.387235;-6.598527;74;0;0;1438;377;114.34;66.61;;;
37.387226;-6.598753;74;0;0;1438;377;114.36;66.59;;;
37.387218;-6.598979;74;0;0;1438;377;114.38;66.57;;;
37.387210;-6.599205;74;0;0;1438;377;114.4;66.55;;;
37.387202;-6.599432;74;0;0;1438;377;114.42;66.53;;;
37.387193;-6.599658;74;0;0;1438;377;114.44;66.51;;;
37.387185;-6.599884;74;0;0;1438;377;114.46;66.49;;;
37.387177;-6.600110;74;0;0;1438;377;114.48;66.47;;;
37.387169;-6.600336;74;0;0;1438;377;114.5;66.45;23;sprint,bonus;
37.387160;-6.600562;74;0;0;1438;377;114.52;66.43;;;
37.387152;-6.600788;74;0;0;1438;377;114.54;66.41;;;
37.387135;-6.601014;74;0;0;1438;377;114.56;66.39;;;
37.387115;-6.601239;74;0;0;1438;377;114.58;66.37;;;
37.387095;-6.601463;74;0;0;1438;377;114.6;66.35;;;
37.387074;-6.601688;74;0;0;1438;377;114.62;66.33;;;
37.387050;-6.601912;74;0;0;1438;377;114.64;66.31;;;
37.387011;-6.602134;74;0;0;1438;377;114.66;66.29;;;
37.386972;-6.602355;74;0;0;1438;377;114.68;66.27;;;
37.386933;-6.602575;73;0;-1;1438;377;114.7;66.25;;;
37.386894;-6.602796;73;0;0;1438;377;114.72;66.23;;;
37.386855;-6.603017;73;0;0;1438;377;114.74;66.21;;;
37.386816;-6.603238;73;0;0;1438;377;114.76;66.19;;;
37.386776;-6.603459;73;0;-1;1438;377;114.78;66.17;;;
37.386737;-6.603680;73;0;-1;1438;377;114.8;66.15;;;
37.386699;-6.603901;73;0;-1;1438;377;114.82;66.13;;;
37.386660;-6.604122;73;0;-1;1438;377;114.84;66.11;;;
37.386621;-6.604343;73;0;-1;1438;377;114.86;66.09;;;
37.386581;-6.604564;72;0;-1;1438;377;114.88;66.07;;;
37.386542;-6.604785;72;0;-1;1438;377;114.9;66.05;;;
37.386503;-6.605006;72;0;-1;1438;377;114.92;66.03;;;
37.386464;-6.605227;72;0;-1;1438;377;114.94;66.01;;;
37.386422;-6.605447;72;0;-1;1438;377;114.96;65.99;;;
37.386380;-6.605667;72;0;-1;1438;377;114.98;65.97;;;
37.386338;-6.605887;71;0;-1;1438;377;115;65.95;;;
37.386295;-6.606107;71;0;-1;1438;377;115.02;65.93;;;
37.386253;-6.606327;71;0;-1;1438;377;115.04;65.91;;;
37.386210;-6.606547;71;0;-1;1438;377;115.06;65.89;;;
37.386168;-6.606767;71;0;-1;1438;377;115.08;65.87;;;
37.386126;-6.606987;71;0;-1;1438;377;115.1;65.85;;;
37.386083;-6.607207;70;0;-1;1438;377;115.12;65.83;;;
37.386041;-6.607427;70;0;-1;1438;377;115.14;65.81;;;
37.385998;-6.607647;70;0;-1;1438;377;115.16;65.79;;;
37.385956;-6.607867;70;0;-1;1438;377;115.18;65.77;;;
37.385913;-6.608087;70;0;-1;1438;377;115.2;65.75;;;
37.385857;-6.608302;69;0;-1;1438;377;115.22;65.73;;;
37.385799;-6.608516;69;0;-1;1438;377;115.24;65.71;;;
37.385741;-6.608731;69;0;-1;1438;377;115.26;65.69;;;
37.385683;-6.608945;69;0;-1;1438;377;115.28;65.67;;;
37.385625;-6.609159;68;0;-1;1438;377;115.3;65.65;;;
37.385567;-6.609373;68;0;-1;1438;377;115.32;65.63;;;
37.385510;-6.609588;68;0;-1;1438;377;115.34;65.61;;;
37.385451;-6.609802;68;0;-1;1438;377;115.36;65.59;;;
37.385393;-6.610016;67;0;-1;1438;377;115.38;65.57;;;
37.385336;-6.610231;67;0;-1;1438;377;115.4;65.55;;;
37.385278;-6.610445;67;0;-1;1438;377;115.42;65.53;;;
37.385220;-6.610659;67;0;-1;1438;377;115.44;65.51;;;
37.385162;-6.610874;67;0;-1;1438;377;115.46;65.49;;;
37.385104;-6.611088;66;0;-1;1438;377;115.48;65.47;;;
37.385046;-6.611302;66;0;-1;1438;377;115.5;65.45;;;
37.384988;-6.611517;66;0;-1;1438;377;115.52;65.43;;;
37.384930;-6.611731;66;0;-1;1438;377;115.54;65.41;;;
37.384872;-6.611945;66;0;-1;1438;377;115.56;65.39;;;
37.384814;-6.612159;65;0;-1;1438;377;115.58;65.37;;;
37.384756;-6.612374;65;0;-1;1438;377;115.6;65.35;;;
37.384698;-6.612588;65;0;-1;1438;377;115.62;65.33;;;
37.384640;-6.612802;65;0;-1;1438;377;115.64;65.31;;;
37.384581;-6.613016;64;0;-1;1438;377;115.66;65.29;;;
37.384523;-6.613230;64;0;-1;1438;377;115.68;65.27;;;
37.384464;-6.613444;64;0;-1;1438;377;115.7;65.25;;;
37.384406;-6.613658;64;0;-1;1438;377;115.72;65.23;;;
37.384347;-6.613872;64;0;-1;1438;377;115.74;65.21;;;
37.384289;-6.614086;64;0;-1;1438;377;115.76;65.19;;;
37.384230;-6.614300;63;0;-1;1438;377;115.78;65.17;;;
37.384172;-6.614514;63;0;-1;1438;377;115.8;65.15;;;
37.384113;-6.614728;63;0;-1;1438;377;115.82;65.13;;;
37.384054;-6.614942;63;0;-1;1438;377;115.84;65.11;;;
37.383996;-6.615156;63;0;-1;1438;377;115.86;65.09;;;
37.383937;-6.615370;63;0;-1;1438;377;115.88;65.07;;;
37.383879;-6.615584;63;0;-1;1438;377;115.9;65.05;;;
37.383820;-6.615798;63;0;-1;1438;377;115.92;65.03;;;
37.383761;-6.616012;63;0;-1;1438;377;115.94;65.01;;;
37.383703;-6.616226;62;0;-1;1438;377;115.96;64.99;;;
37.383644;-6.616440;62;0;-1;1438;377;115.98;64.97;;;
37.383585;-6.616654;62;0;-1;1438;377;116;64.95;;;
37.383527;-6.616868;62;0;-1;1438;377;116.02;64.93;;;
37.383468;-6.617082;62;0;0;1438;377;116.04;64.91;;;
37.383409;-6.617296;62;0;0;1438;377;116.06;64.89;;;
37.383351;-6.617510;62;0;0;1438;377;116.08;64.87;;;
37.383292;-6.617724;62;0;0;1438;377;116.1;64.85;;;
37.383233;-6.617938;62;0;0;1438;377;116.12;64.83;;;
37.383175;-6.618152;62;0;0;1438;377;116.14;64.81;;;
37.383116;-6.618366;61;0;0;1438;377;116.16;64.79;;;
37.383058;-6.618580;61;0;0;1438;377;116.18;64.77;;;
37.382999;-6.618794;61;0;0;1438;377;116.2;64.75;;;
37.382940;-6.619008;61;0;0;1438;377;116.22;64.73;;;
37.382882;-6.619222;61;0;0;1438;377;116.24;64.71;;;
37.382823;-6.619436;61;0;0;1438;377;116.26;64.69;;;
37.382765;-6.619650;61;0;0;1438;377;116.28;64.67;;;
37.382706;-6.619864;61;0;0;1438;377;116.3;64.65;;;
37.382647;-6.620078;61;0;0;1438;377;116.32;64.63;;;
37.382589;-6.620292;61;0;0;1438;377;116.34;64.61;;;
37.382530;-6.620506;61;0;0;1438;377;116.36;64.59;;;
37.382471;-6.620720;61;0;0;1438;377;116.38;64.57;;;
37.382412;-6.620934;60;0;0;1438;377;116.4;64.55;;;
37.382354;-6.621148;60;0;0;1438;377;116.42;64.53;;;
37.382295;-6.621362;60;0;0;1438;377;116.44;64.51;;;
37.382236;-6.621576;60;0;0;1438;377;116.46;64.49;;;
37.382178;-6.621790;60;0;-1;1438;377;116.48;64.47;;;
37.382119;-6.622004;60;0;-1;1438;377;116.5;64.45;;;
37.382060;-6.622218;60;0;-1;1438;377;116.52;64.43;;;
37.382002;-6.622432;60;0;-1;1438;377;116.54;64.41;;;
37.381943;-6.622646;60;0;-1;1438;377;116.56;64.39;;;
37.381885;-6.622860;60;0;-1;1438;377;116.58;64.37;;;
37.381826;-6.623074;59;0;-1;1438;377;116.6;64.35;;;
37.381768;-6.623288;59;0;-1;1438;377;116.62;64.33;;;
37.381709;-6.623502;59;0;-1;1438;377;116.64;64.31;;;
37.381651;-6.623716;59;0;-1;1438;377;116.66;64.29;;;
37.381592;-6.623930;59;0;-1;1438;377;116.68;64.27;;;
37.381533;-6.624144;59;0;-1;1438;377;116.7;64.25;;;
37.381475;-6.624358;59;0;-1;1438;377;116.72;64.23;;;
37.381416;-6.624572;59;0;-1;1438;377;116.74;64.21;;;
37.381357;-6.624786;59;0;-1;1438;377;116.76;64.19;;;
37.381298;-6.625000;58;0;-1;1438;377;116.78;64.17;;;
37.381240;-6.625214;58;0;-1;1438;377;116.8;64.15;;;
37.381181;-6.625428;58;0;-1;1438;377;116.82;64.13;;;
37.381122;-6.625642;58;0;-1;1438;377;116.84;64.11;;;
37.381064;-6.625856;58;0;-1;1438;377;116.86;64.09;;;
37.381005;-6.626070;58;0;-1;1438;377;116.88;64.07;;;
37.380947;-6.626284;58;0;-1;1438;377;116.9;64.05;;;
37.380888;-6.626498;58;0;-1;1438;377;116.92;64.03;;;
37.380829;-6.626712;57;0;-1;1438;377;116.94;64.01;;;
37.380771;-6.626926;57;0;-1;1438;377;116.96;63.99;;;
37.380712;-6.627140;57;0;-1;1438;377;116.98;63.97;;;
37.380654;-6.627354;57;0;-1;1438;377;117;63.95;;;
37.380595;-6.627568;57;0;-1;1438;377;117.02;63.93;;;
37.380537;-6.627782;57;0;-1;1438;377;117.04;63.91;;;
37.380478;-6.627996;57;0;-1;1438;377;117.06;63.89;;;
37.380419;-6.628210;57;0;-1;1438;377;117.08;63.87;;;
37.380360;-6.628424;57;0;-1;1438;377;117.1;63.85;;;
37.380301;-6.628638;56;0;-1;1438;377;117.12;63.83;;;
37.380243;-6.628852;56;0;-1;1438;377;117.14;63.81;;;
37.380184;-6.629066;56;0;-1;1438;377;117.16;63.79;;;
37.380126;-6.629280;56;0;-1;1438;377;117.18;63.77;;;
37.380067;-6.629494;56;0;-1;1438;377;117.2;63.75;;;
37.380008;-6.629708;56;0;-1;1438;377;117.22;63.73;;;
37.379950;-6.629922;56;0;-1;1438;377;117.24;63.71;;;
37.379891;-6.630136;56;0;-1;1438;377;117.26;63.69;;;
37.379833;-6.630350;56;0;-1;1438;377;117.28;63.67;;;
37.379774;-6.630564;55;0;-1;1438;377;117.3;63.65;;;
37.379715;-6.630778;55;0;-1;1438;377;117.32;63.63;;;
37.379656;-6.630992;55;0;-1;1438;377;117.34;63.61;;;
37.379598;-6.631205;55;0;-1;1438;377;117.36;63.59;;;
37.379539;-6.631420;55;0;-1;1438;377;117.38;63.57;;;
37.379480;-6.631633;55;0;-1;1438;377;117.4;63.55;;;
37.379422;-6.631847;55;0;-1;1438;377;117.42;63.53;;;
37.379363;-6.632061;55;0;-1;1438;377;117.44;63.51;;;
37.379305;-6.632275;55;0;-1;1438;377;117.46;63.49;;;
37.379246;-6.632489;55;0;-1;1438;377;117.48;63.47;;;
37.379187;-6.632703;54;0;-1;1438;377;117.5;63.45;;;
37.379129;-6.632917;54;0;-1;1438;377;117.52;63.43;;;
37.379070;-6.633131;54;0;-1;1438;377;117.54;63.41;;;
37.379012;-6.633345;54;0;-1;1438;377;117.56;63.39;;;
37.378953;-6.633559;54;0;-1;1438;377;117.58;63.37;;;
37.378894;-6.633773;54;0;-1;1438;377;117.6;63.35;;;
37.378836;-6.633987;54;0;-1;1438;377;117.62;63.33;;;
37.378776;-6.634201;54;0;-1;1438;377;117.64;63.31;;;
37.378718;-6.634415;53;0;-1;1438;377;117.66;63.29;;;
37.378659;-6.634629;53;0;-1;1438;377;117.68;63.27;;;
37.378601;-6.634843;53;0;-1;1438;377;117.7;63.25;;;
37.378542;-6.635057;53;0;-1;1438;377;117.72;63.23;;;
37.378483;-6.635271;53;0;-1;1438;377;117.74;63.21;;;
37.378425;-6.635485;53;0;-1;1438;377;117.76;63.19;;;
37.378366;-6.635699;52;0;-1;1438;377;117.78;63.17;;;
37.378308;-6.635913;52;0;-1;1438;377;117.8;63.15;;;
37.378249;-6.636127;52;0;-1;1438;377;117.82;63.13;;;
37.378190;-6.636341;52;0;-1;1438;377;117.84;63.11;;;
37.378132;-6.636555;52;0;-1;1438;377;117.86;63.09;;;
37.378073;-6.636769;52;0;-1;1438;377;117.88;63.07;;;
37.378014;-6.636983;52;0;-1;1438;377;117.9;63.05;;;
37.377955;-6.637197;51;0;-1;1438;377;117.92;63.03;;;
37.377896;-6.637410;51;0;-1;1438;377;117.94;63.01;;;
37.377837;-6.637624;51;0;-1;1438;377;117.96;62.99;;;
37.377778;-6.637838;51;0;-1;1438;377;117.98;62.97;;;
37.377719;-6.638052;51;0;-1;1438;377;118;62.95;;;
37.377660;-6.638266;51;0;-1;1438;377;118.02;62.93;;;
37.377601;-6.638480;50;0;-1;1438;377;118.04;62.91;;;
37.377542;-6.638693;50;0;-1;1438;377;118.06;62.89;;;
37.377483;-6.638907;50;0;-1;1438;377;118.08;62.87;;;
37.377424;-6.639121;50;0;-1;1438;377;118.1;62.85;;;
37.377365;-6.639335;50;0;-1;1438;377;118.12;62.83;;;
37.377306;-6.639548;50;0;-1;1438;377;118.14;62.81;;;
37.377247;-6.639762;50;0;-1;1438;377;118.16;62.79;;;
37.377188;-6.639976;49;0;-1;1438;377;118.18;62.77;;;
37.377128;-6.640190;49;0;-1;1438;377;118.2;62.75;;;
37.377070;-6.640404;49;0;-1;1438;377;118.22;62.73;;;
37.377011;-6.640618;49;0;-1;1438;377;118.24;62.71;;;
37.376952;-6.640831;49;0;-1;1438;377;118.26;62.69;;;
37.376893;-6.641045;49;0;-1;1438;377;118.28;62.67;;;
37.376834;-6.641259;49;0;-1;1438;377;118.3;62.65;;;
37.376774;-6.641473;49;0;-1;1438;377;118.32;62.63;;;
37.376715;-6.641686;48;0;-1;1438;377;118.34;62.61;;;
37.376656;-6.641900;48;0;0;1438;377;118.36;62.59;;;
37.376597;-6.642114;48;0;0;1438;377;118.38;62.57;;;
37.376538;-6.642328;48;0;0;1438;377;118.4;62.55;;;
37.376479;-6.642542;48;0;0;1438;377;118.42;62.53;;;
37.376420;-6.642756;48;0;0;1438;377;118.44;62.51;;;
37.376361;-6.642969;48;0;0;1438;377;118.46;62.49;;;
37.376302;-6.643183;48;0;-1;1438;377;118.48;62.47;;;
37.376243;-6.643397;48;0;-1;1438;377;118.5;62.45;;;
37.376183;-6.643610;48;0;-1;1438;377;118.52;62.43;;;
37.376124;-6.643824;47;0;-1;1438;377;118.54;62.41;;;
37.376065;-6.644038;47;0;-1;1438;377;118.56;62.39;;;
37.376006;-6.644252;47;0;-1;1438;377;118.58;62.37;;;
37.375947;-6.644466;47;0;-1;1438;377;118.6;62.35;;;
37.375889;-6.644680;47;0;-1;1438;377;118.62;62.33;;;
37.375830;-6.644893;47;0;-1;1438;377;118.64;62.31;;;
37.375771;-6.645107;47;0;-1;1438;377;118.66;62.29;;;
37.375711;-6.645321;47;0;-1;1438;377;118.68;62.27;;;
37.375652;-6.645535;47;0;-1;1438;377;118.7;62.25;;;
37.375593;-6.645748;46;0;-1;1438;377;118.72;62.23;;;
37.375534;-6.645962;46;0;-1;1438;377;118.74;62.21;;;
37.375475;-6.646176;46;0;-1;1438;377;118.76;62.19;;;
37.375416;-6.646390;46;0;-1;1438;377;118.78;62.17;;;
37.375357;-6.646604;46;0;-1;1438;377;118.8;62.15;;;
37.375298;-6.646817;46;0;-1;1438;377;118.82;62.13;;;
37.375239;-6.647031;46;0;-1;1438;377;118.84;62.11;;;
37.375180;-6.647245;46;0;-1;1438;377;118.86;62.09;;;
37.375121;-6.647459;45;0;-1;1438;377;118.88;62.07;;;
37.375061;-6.647672;45;0;-1;1438;377;118.9;62.05;;;
37.375002;-6.647886;45;0;-1;1438;377;118.92;62.03;;;
37.374943;-6.648100;45;0;-1;1438;377;118.94;62.01;;;
37.374884;-6.648314;45;0;-1;1438;377;118.96;61.99;;;
37.374825;-6.648528;45;0;-1;1438;377;118.98;61.97;;;
37.374766;-6.648741;45;0;-1;1438;377;119;61.95;;;
37.374707;-6.648955;45;0;-1;1438;377;119.02;61.93;;;
37.374648;-6.649169;45;0;-1;1438;377;119.04;61.91;;;
37.374589;-6.649383;44;0;-1;1438;377;119.06;61.89;;;
37.374530;-6.649596;44;0;-1;1438;377;119.08;61.87;;;
37.374470;-6.649810;44;0;-1;1438;377;119.1;61.85;;;
37.374411;-6.650024;44;0;-1;1438;377;119.12;61.83;;;
37.374352;-6.650238;44;0;-1;1438;377;119.14;61.81;;;
37.374293;-6.650452;44;0;-1;1438;377;119.16;61.79;;;
37.374235;-6.650665;44;0;-1;1438;377;119.18;61.77;;;
37.374175;-6.650879;44;0;-1;1438;377;119.2;61.75;;;
37.374116;-6.651093;43;0;-1;1438;377;119.22;61.73;;;
37.374057;-6.651307;43;0;-1;1438;377;119.24;61.71;;;
37.373998;-6.651521;43;0;-1;1438;377;119.26;61.69;;;
37.373939;-6.651734;43;0;-1;1438;377;119.28;61.67;;;
37.373880;-6.651948;43;0;-1;1438;377;119.3;61.65;;;
37.373821;-6.652162;43;0;-1;1438;377;119.32;61.63;;;
37.373762;-6.652376;43;0;-1;1438;377;119.34;61.61;;;
37.373703;-6.652589;42;0;-1;1438;377;119.36;61.59;;;
37.373644;-6.652803;42;0;-1;1438;377;119.38;61.57;;;
37.373584;-6.653017;42;0;-1;1438;377;119.4;61.55;;;
37.373525;-6.653231;42;0;-1;1438;377;119.42;61.53;;;
37.373466;-6.653444;42;0;-1;1438;377;119.44;61.51;;;
37.373416;-6.653662;42;0;-1;1438;377;119.46;61.49;;;
37.373367;-6.653879;41;0;-1;1438;377;119.48;61.47;;;
37.373318;-6.654097;41;0;-1;1438;377;119.5;61.45;;;
37.373286;-6.654319;41;0;-1;1438;377;119.52;61.43;;;
37.373264;-6.654544;41;0;-1;1438;377;119.54;61.41;;;
37.373257;-6.654770;40;0;-1;1438;377;119.56;61.39;;;
37.373255;-6.654996;40;0;-1;1438;377;119.58;61.37;;;
37.373253;-6.655222;40;0;-1;1438;377;119.6;61.35;;;
37.373250;-6.655449;40;0;-1;1438;377;119.62;61.33;;;
37.373248;-6.655675;39;0;-1;1438;377;119.64;61.31;;;
37.373246;-6.655901;39;0;-1;1438;377;119.66;61.29;;;
37.373244;-6.656128;39;0;-1;1438;377;119.68;61.27;;;
37.373241;-6.656354;39;0;-1;1438;377;119.7;61.25;;;
37.373238;-6.656580;38;0;-1;1438;377;119.72;61.23;;;
37.373236;-6.656807;38;0;-1;1438;377;119.74;61.21;;;
37.373234;-6.657033;38;0;-1;1438;377;119.76;61.19;;;
37.373232;-6.657259;37;0;-1;1438;377;119.78;61.17;;;
37.373229;-6.657485;37;0;-1;1438;377;119.8;61.15;;;
37.373227;-6.657712;37;0;-1;1438;377;119.82;61.13;;;
37.373225;-6.657938;37;0;-1;1438;377;119.84;61.11;;;
37.373223;-6.658164;36;0;-1;1438;377;119.86;61.09;;;
37.373220;-6.658391;36;0;-1;1438;377;119.88;61.07;;;
37.373217;-6.658617;36;0;-1;1438;377;119.9;61.05;;;
37.373215;-6.658843;36;0;-1;1438;377;119.92;61.03;;;
37.373213;-6.659070;35;0;-1;1438;377;119.94;61.01;;;
37.373210;-6.659296;35;0;-1;1438;377;119.96;60.99;;;
37.373202;-6.659522;35;0;-2;1438;377;119.98;60.97;;;
37.373188;-6.659748;34;0;-2;1438;377;120;60.95;;;
37.373170;-6.659973;34;0;-2;1438;377;120.02;60.93;;;
37.373142;-6.660196;34;0;-2;1438;377;120.04;60.91;;;
37.373101;-6.660416;33;0;-2;1438;377;120.06;60.89;;;
37.373046;-6.660631;33;0;-2;1438;377;120.08;60.87;;;
37.372987;-6.660845;32;0;-2;1438;377;120.1;60.85;;;
37.372910;-6.661049;32;0;-2;1438;377;120.12;60.83;;;
37.372825;-6.661249;32;0;-2;1438;377;120.14;60.81;;;
37.372733;-6.661443;31;0;-1;1438;377;120.16;60.79;;;
37.372640;-6.661637;31;0;-1;1438;377;120.18;60.77;;;
37.372538;-6.661823;31;0;-1;1438;377;120.2;60.75;;;
37.372435;-6.662009;31;0;-1;1438;377;120.22;60.73;;;
37.372333;-6.662195;30;0;-1;1438;377;120.24;60.71;;;
37.372230;-6.662381;30;0;-1;1438;377;120.26;60.69;;;
37.372128;-6.662567;30;0;-1;1438;377;120.28;60.67;;;
37.372025;-6.662753;30;0;-1;1438;377;120.3;60.65;;;
37.371923;-6.662939;29;0;-1;1438;377;120.32;60.63;;;
37.371820;-6.663125;29;0;-1;1438;377;120.34;60.61;;;
37.371717;-6.663311;29;0;-1;1438;377;120.36;60.59;;;
37.371615;-6.663497;29;0;-1;1438;377;120.38;60.57;;;
37.371512;-6.663683;28;0;-1;1438;377;120.4;60.55;;;
37.371410;-6.663869;28;0;-1;1438;377;120.42;60.53;;;
37.371307;-6.664055;28;0;-1;1438;377;120.44;60.51;;;
37.371205;-6.664240;28;0;-1;1438;377;120.46;60.49;;;
37.371102;-6.664427;27;0;-1;1438;377;120.48;60.47;;;
37.371000;-6.664612;27;0;-1;1438;377;120.5;60.45;;;
37.370897;-6.664798;27;0;-1;1438;377;120.52;60.43;;;
37.370795;-6.664984;27;0;-1;1438;377;120.54;60.41;;;
37.370692;-6.665170;26;0;-1;1438;377;120.56;60.39;;;
37.370590;-6.665356;26;0;-1;1438;377;120.58;60.37;;;
37.370487;-6.665542;26;0;-1;1438;377;120.6;60.35;;;
37.370385;-6.665728;26;0;-1;1438;377;120.62;60.33;;;
37.370282;-6.665914;25;0;-1;1438;377;120.64;60.31;;;
37.370179;-6.666100;25;0;-1;1438;377;120.66;60.29;;;
37.370077;-6.666286;25;0;-1;1438;377;120.68;60.27;;;
37.369975;-6.666472;25;0;-1;1438;377;120.7;60.25;;;
37.369872;-6.666658;24;0;-1;1438;377;120.72;60.23;;;
37.369758;-6.666833;24;0;-1;1438;377;120.74;60.21;;;
37.369641;-6.667004;24;0;-1;1438;377;120.76;60.19;;;
37.369523;-6.667176;24;0;-1;1438;377;120.78;60.17;;;
37.369396;-6.667335;24;0;-1;1438;377;120.8;60.15;;;
37.369259;-6.667481;23;0;-1;1438;377;120.82;60.13;;;
37.369121;-6.667626;23;0;-1;1438;377;120.84;60.11;;;
37.368983;-6.667771;23;0;-1;1438;377;120.86;60.09;;;
37.368845;-6.667916;23;0;-1;1438;377;120.88;60.07;;;
37.368706;-6.668061;23;0;-1;1438;377;120.9;60.05;;;
37.368568;-6.668206;22;0;-1;1438;377;120.92;60.03;;;
37.368430;-6.668351;22;0;-1;1438;377;120.94;60.01;;;
37.368292;-6.668496;22;0;-1;1438;377;120.96;59.99;;;
37.368154;-6.668642;22;0;-1;1438;377;120.98;59.97;;;
37.368016;-6.668787;22;0;-1;1438;377;121;59.95;;;
37.367878;-6.668932;22;0;-1;1438;377;121.02;59.93;;;
37.367740;-6.669076;21;0;-1;1438;377;121.04;59.91;;;
37.367602;-6.669222;21;0;-1;1438;377;121.06;59.89;;;
37.367464;-6.669367;21;0;-1;1438;377;121.08;59.87;;;
37.367326;-6.669512;21;0;-1;1438;377;121.1;59.85;;;
37.367188;-6.669657;21;0;0;1438;377;121.12;59.83;;;
37.367050;-6.669802;21;0;0;1438;377;121.14;59.81;;;
37.366912;-6.669947;21;0;0;1438;377;121.16;59.79;;;
37.366774;-6.670092;21;0;0;1438;377;121.18;59.77;;;
37.366636;-6.670238;21;0;0;1438;377;121.2;59.75;;;
37.366498;-6.670383;21;0;0;1438;377;121.22;59.73;;;
37.366360;-6.670528;21;0;0;1438;377;121.24;59.71;;;
37.366222;-6.670672;21;0;0;1438;377;121.26;59.69;;;
37.366084;-6.670818;21;0;0;1438;377;121.28;59.67;;;
37.365946;-6.670963;21;0;0;1438;377;121.3;59.65;;;
37.365808;-6.671108;21;0;0;1438;377;121.32;59.63;;;
37.365670;-6.671253;21;0;0;1438;377;121.34;59.61;;;
37.365532;-6.671398;21;0;0;1438;377;121.36;59.59;;;
37.365394;-6.671543;21;0;0;1438;377;121.38;59.57;;;
37.365256;-6.671688;21;0;0;1438;377;121.4;59.55;;;
37.365117;-6.671833;21;0;0;1438;377;121.42;59.53;;;
37.364979;-6.671978;21;0;1;1438;377;121.44;59.51;;;
37.364821;-6.672085;21;0;1;1438;377;121.46;59.49;;;
37.364660;-6.672185;21;0;1;1438;377;121.48;59.47;;;
37.364498;-6.672283;21;0;1;1439;376;121.5;59.45;;;
37.364330;-6.672363;22;0;1;1439;376;121.52;59.43;;;
37.364165;-6.672450;22;0;1;1439;376;121.54;59.41;;;
37.363986;-6.672464;23;0;2;1440;375;121.56;59.39;;;
37.363806;-6.672455;23;0;2;1440;375;121.58;59.37;;;
37.363627;-6.672446;23;0;2;1440;375;121.6;59.35;24;;
37.363447;-6.672436;23;0;2;1441;374;121.62;59.33;;;
37.363267;-6.672426;24;0;2;1441;374;121.64;59.31;;;
37.363088;-6.672415;24;0;2;1441;374;121.66;59.29;;;
37.362911;-6.672381;24;0;2;1442;373;121.68;59.27;;;
37.362738;-6.672318;25;0;2;1442;373;121.7;59.25;;;
37.362575;-6.672227;25;0;2;1442;373;121.72;59.23;;;
37.362419;-6.672114;26;0;2;1443;372;121.74;59.21;;;
37.362280;-6.671971;26;0;2;1443;372;121.76;59.19;;;
37.362143;-6.671824;26;0;2;1443;372;121.78;59.17;;;
37.362007;-6.671677;27;0;2;1444;371;121.8;59.15;;;
37.361870;-6.671530;27;0;2;1444;371;121.82;59.13;;;
37.361733;-6.671383;27;0;2;1445;370;121.84;59.11;;;
37.361596;-6.671236;28;0;2;1445;370;121.86;59.09;;;
37.361460;-6.671089;28;0;2;1445;370;121.88;59.07;;;
37.361323;-6.670942;29;0;2;1446;369;121.9;59.05;;;
37.361185;-6.670796;29;0;2;1446;369;121.92;59.03;;;
37.361039;-6.670664;30;0;2;1447;368;121.94;59.01;;;
37.360894;-6.670531;30;0;3;1447;368;121.96;58.99;;;
37.360747;-6.670401;30;0;3;1448;367;121.98;58.97;;;
37.360585;-6.670301;31;0;3;1448;367;122;58.95;;;
37.360424;-6.670201;32;0;3;1449;366;122.02;58.93;;;
37.360262;-6.670103;32;0;3;1449;366;122.04;58.91;;;
37.360100;-6.670005;33;0;3;1450;365;122.06;58.89;;;
37.359937;-6.669908;33;0;3;1451;364;122.08;58.87;;;
37.359775;-6.669810;34;0;3;1451;364;122.1;58.85;;;
37.359613;-6.669712;34;0;3;1452;363;122.12;58.83;;;
37.359451;-6.669614;35;0;3;1452;363;122.14;58.81;;;
37.359289;-6.669516;36;0;3;1453;362;122.16;58.79;;;
37.359127;-6.669418;36;0;3;1453;362;122.18;58.77;;;
37.358964;-6.669321;37;0;3;1454;361;122.2;58.75;;;
37.358802;-6.669223;37;0;2;1454;361;122.22;58.73;;;
37.358640;-6.669126;37;0;2;1455;360;122.24;58.71;;;
37.358477;-6.669028;38;0;2;1455;360;122.26;58.69;;;
37.358315;-6.668930;39;0;2;1456;359;122.28;58.67;;;
37.358153;-6.668832;39;0;2;1456;359;122.3;58.65;;;
37.357991;-6.668734;39;0;3;1457;358;122.32;58.63;;;
37.357831;-6.668630;40;0;3;1457;358;122.34;58.61;;;
37.357673;-6.668523;40;0;3;1457;358;122.36;58.59;;;
37.357514;-6.668416;41;0;3;1458;357;122.38;58.57;;;
37.357351;-6.668324;42;0;3;1459;356;122.4;58.55;;;
37.357176;-6.668290;42;0;3;1460;355;122.42;58.53;;;
37.357019;-6.668392;43;0;3;1460;355;122.44;58.51;;;
37.356907;-6.668565;44;0;2;1461;354;122.46;58.49;;;
37.356831;-6.668770;44;0;2;1461;354;122.48;58.47;;;
37.356754;-6.668974;44;0;2;1461;354;122.5;58.45;;;
37.356660;-6.669166;44;0;1;1462;353;122.52;58.43;;;
37.356551;-6.669346;45;0;1;1462;353;122.54;58.41;;;
37.356442;-6.669525;45;0;1;1462;353;122.56;58.39;;;
37.356332;-6.669705;45;0;1;1462;353;122.58;58.37;;;
37.356205;-6.669864;45;0;1;1463;352;122.6;58.35;;;
37.356070;-6.670014;46;0;1;1463;352;122.62;58.33;;;
37.355935;-6.670163;46;0;1;1463;352;122.64;58.31;;;
37.355801;-6.670313;46;0;1;1463;352;122.66;58.29;;;
37.355666;-6.670463;46;0;1;1464;351;122.68;58.27;;;
37.355531;-6.670612;47;0;1;1464;351;122.7;58.25;;;
37.355396;-6.670762;47;0;1;1464;351;122.72;58.23;;;
37.355261;-6.670912;47;0;1;1464;351;122.74;58.21;;;
37.355126;-6.671062;47;0;1;1464;351;122.76;58.19;;;
37.354991;-6.671211;47;0;1;1465;350;122.78;58.17;;;
37.354856;-6.671361;48;0;1;1465;350;122.8;58.15;;;
37.354722;-6.671510;48;0;1;1465;350;122.82;58.13;;;
37.354587;-6.671660;48;0;1;1465;350;122.84;58.11;;;
37.354451;-6.671809;48;0;1;1465;350;122.86;58.09;;;
37.354317;-6.671959;48;0;1;1465;350;122.88;58.07;;;
37.354182;-6.672109;48;0;1;1466;349;122.9;58.05;;;
37.354047;-6.672259;49;0;1;1466;349;122.92;58.03;;;
37.353912;-6.672409;49;0;1;1466;349;122.94;58.01;;;
37.353778;-6.672559;49;0;1;1466;349;122.96;57.99;;;
37.353642;-6.672708;49;0;1;1466;349;122.98;57.97;;;
37.353507;-6.672857;49;0;1;1466;349;123;57.95;;;
37.353373;-6.673007;49;0;1;1467;348;123.02;57.93;;;
37.353238;-6.673157;50;0;1;1467;348;123.04;57.91;;;
37.353103;-6.673306;50;0;1;1467;348;123.06;57.89;;;
37.352968;-6.673456;50;0;1;1467;348;123.08;57.87;;;
37.352833;-6.673606;50;0;1;1467;348;123.1;57.85;;;
37.352698;-6.673756;50;0;1;1467;348;123.12;57.83;;;
37.352563;-6.673905;50;0;1;1467;348;123.14;57.81;;;
37.352428;-6.674055;50;0;1;1468;347;123.16;57.79;;;
37.352294;-6.674205;51;0;1;1468;347;123.18;57.77;;;
37.352159;-6.674354;51;0;1;1468;347;123.2;57.75;;;
37.352023;-6.674504;51;0;1;1468;347;123.22;57.73;;;
37.351889;-6.674654;51;0;1;1468;347;123.24;57.71;;;
37.351754;-6.674803;51;0;1;1468;347;123.26;57.69;;;
37.351613;-6.674944;51;0;1;1468;347;123.28;57.67;;;
37.351456;-6.675054;51;0;1;1468;347;123.3;57.65;;;
37.351295;-6.675154;51;0;0;1468;347;123.32;57.63;;;
37.351132;-6.675249;51;0;0;1469;346;123.34;57.61;;;
37.350969;-6.675345;51;0;0;1469;346;123.36;57.59;;;
37.350805;-6.675438;52;0;0;1469;346;123.38;57.57;;;
37.350636;-6.675516;52;0;0;1469;346;123.4;57.55;;;
37.350467;-6.675595;52;0;0;1469;346;123.42;57.53;;;
37.350299;-6.675673;52;0;0;1469;346;123.44;57.51;;;
37.350130;-6.675750;52;0;0;1469;346;123.46;57.49;;;
37.349957;-6.675816;52;0;0;1469;346;123.48;57.47;;;
37.349779;-6.675843;52;0;0;1469;346;123.5;57.45;;;
37.349600;-6.675868;52;0;0;1469;346;123.52;57.43;;;
37.349421;-6.675890;52;0;0;1469;346;123.54;57.41;;;
37.349242;-6.675911;52;0;0;1470;345;123.56;57.39;;;
37.349063;-6.675931;52;0;0;1470;345;123.58;57.37;;;
37.348884;-6.675951;52;0;0;1470;345;123.6;57.35;;;
37.348705;-6.675971;53;0;0;1470;345;123.62;57.33;;;
37.348526;-6.675991;53;0;0;1470;345;123.64;57.31;;;
37.348346;-6.676012;53;0;0;1470;345;123.66;57.29;;;
37.348167;-6.676032;53;0;0;1470;345;123.68;57.27;;;
37.347989;-6.676063;53;0;0;1470;345;123.7;57.25;;;
37.347812;-6.676103;53;0;0;1470;345;123.72;57.23;;;
37.347635;-6.676143;53;0;0;1470;345;123.74;57.21;;;
37.347461;-6.676197;53;0;0;1470;345;123.76;57.19;;;
37.347286;-6.676250;53;0;0;1470;345;123.78;57.17;;;
37.347110;-6.676296;53;0;0;1470;345;123.8;57.15;;;
37.346933;-6.676335;53;0;0;1470;345;123.82;57.13;;;
37.346755;-6.676371;53;0;0;1470;345;123.84;57.11;;;
37.346576;-6.676387;53;0;0;1470;345;123.86;57.09;;;
37.346396;-6.676390;53;0;0;1470;345;123.88;57.07;;;
37.346216;-6.676392;53;0;0;1470;345;123.9;57.05;;;
37.346036;-6.676392;53;0;0;1471;344;123.92;57.03;;;
37.345856;-6.676393;53;0;0;1471;344;123.94;57.01;;;
37.345676;-6.676394;53;0;1;1471;344;123.96;56.99;;;
37.345497;-6.676395;54;0;1;1471;344;123.98;56.97;;;
37.345317;-6.676396;54;0;1;1471;344;124;56.95;;;
37.345137;-6.676396;54;0;1;1471;344;124.02;56.93;;;
37.344957;-6.676397;54;0;1;1471;344;124.04;56.91;;;
37.344777;-6.676398;54;0;1;1471;344;124.06;56.89;;;
37.344597;-6.676399;54;0;1;1472;343;124.08;56.87;;;
37.344417;-6.676402;55;0;1;1472;343;124.1;56.85;;;
37.344238;-6.676409;55;0;1;1472;343;124.12;56.83;;;
37.344058;-6.676417;55;0;1;1472;343;124.14;56.81;;;
37.343878;-6.676425;55;0;1;1473;342;124.16;56.79;;;
37.343698;-6.676434;56;0;1;1473;342;124.18;56.77;;;
37.343519;-6.676448;56;0;2;1473;342;124.2;56.75;;;
37.343339;-6.676463;56;0;2;1473;342;124.22;56.73;;;
37.343160;-6.676478;57;0;2;1474;341;124.24;56.71;;;
37.342981;-6.676500;57;0;2;1474;341;124.26;56.69;;;
37.342802;-6.676519;57;0;2;1475;340;124.28;56.67;;;
37.342623;-6.676538;58;0;2;1475;340;124.3;56.65;;;
37.342443;-6.676558;58;0;2;1475;340;124.32;56.63;;;
37.342264;-6.676577;58;0;2;1475;340;124.34;56.61;;;
37.342085;-6.676599;59;0;2;1476;339;124.36;56.59;;;
37.341907;-6.676624;59;0;2;1476;339;124.38;56.57;;;
37.341727;-6.676629;60;0;2;1477;338;124.4;56.55;;;
37.341547;-6.676632;60;0;3;1477;338;124.42;56.53;;;
37.341367;-6.676628;61;0;3;1478;337;124.44;56.51;;;
37.341187;-6.676622;61;0;3;1478;337;124.46;56.49;;;
37.341008;-6.676606;62;0;3;1479;336;124.48;56.47;;;
37.340829;-6.676580;63;0;3;1480;335;124.5;56.45;25;;
37.340651;-6.676549;63;0;3;1480;335;124.52;56.43;;;
37.340474;-6.676512;64;0;3;1481;334;124.54;56.41;;;
37.340299;-6.676458;64;0;3;1482;333;124.56;56.39;;;
37.340125;-6.676404;65;0;3;1482;333;124.58;56.37;;;
37.339950;-6.676352;66;0;3;1483;332;124.6;56.35;;;
37.339775;-6.676298;66;0;3;1484;331;124.62;56.33;;;
37.339600;-6.676243;67;0;3;1484;331;124.64;56.31;;;
37.339426;-6.676188;68;0;3;1485;330;124.66;56.29;;;
37.339253;-6.676126;68;0;3;1485;330;124.68;56.27;;;
37.339080;-6.676062;69;0;3;1486;329;124.7;56.25;;;
37.338908;-6.675998;70;0;4;1487;328;124.72;56.23;;;
37.338736;-6.675934;70;0;4;1488;327;124.74;56.21;;;
37.338562;-6.675873;71;0;4;1488;327;124.76;56.19;;;
37.338389;-6.675812;72;0;4;1489;326;124.78;56.17;;;
37.338216;-6.675750;73;0;4;1490;325;124.8;56.15;;;
37.338045;-6.675681;74;0;4;1491;324;124.82;56.13;;;
37.337876;-6.675604;74;0;4;1492;323;124.84;56.11;;;
37.337706;-6.675529;75;0;4;1492;323;124.86;56.09;;;
37.337543;-6.675436;76;0;4;1493;322;124.88;56.07;;;
37.337383;-6.675331;77;0;4;1494;321;124.9;56.05;;;
37.337224;-6.675227;77;0;4;1495;320;124.92;56.03;;;
37.337064;-6.675122;78;0;4;1495;320;124.94;56.01;;;
37.336918;-6.674991;79;0;4;1496;319;124.96;55.99;;;
37.336776;-6.674853;80;0;5;1497;318;124.98;55.97;;;
37.336636;-6.674711;81;0;5;1498;317;125;55.95;;;
37.336499;-6.674564;82;0;4;1499;316;125.02;55.93;;;
37.336366;-6.674412;83;0;4;1500;315;125.04;55.91;;;
37.336241;-6.674249;84;0;4;1501;314;125.06;55.89;;;
37.336117;-6.674086;85;0;4;1502;313;125.08;55.87;;;
37.335999;-6.673916;85;0;4;1503;312;125.1;55.85;;;
37.335882;-6.673744;86;0;4;1503;312;125.12;55.83;;;
37.335765;-6.673572;87;0;4;1504;311;125.14;55.81;;;
37.335648;-6.673400;88;0;4;1505;310;125.16;55.79;;;
37.335531;-6.673227;89;0;4;1506;309;125.18;55.77;;;
37.335415;-6.673056;89;0;4;1507;308;125.2;55.75;;;
37.335298;-6.672884;90;0;5;1507;308;125.22;55.73;;;
37.335181;-6.672712;91;0;5;1508;307;125.24;55.71;;;
37.335058;-6.672546;92;0;5;1509;306;125.26;55.69;;;
37.334933;-6.672383;93;0;5;1511;304;125.28;55.67;;;
37.334793;-6.672243;94;0;5;1511;304;125.3;55.65;;;
37.334652;-6.672102;95;0;5;1512;303;125.32;55.63;;;
37.334511;-6.671961;96;0;5;1513;302;125.34;55.61;;;
37.334370;-6.671820;97;0;5;1514;301;125.36;55.59;;;
37.334230;-6.671680;98;0;5;1515;300;125.38;55.57;;;
37.334076;-6.671565;99;0;5;1516;299;125.4;55.55;;;
37.333914;-6.671465;100;0;5;1517;298;125.42;55.53;;;
37.333752;-6.671368;101;0;5;1518;297;125.44;55.51;;;
37.333587;-6.671277;102;0;5;1519;296;125.46;55.49;;;
37.333422;-6.671186;103;0;5;1520;295;125.48;55.47;;;
37.333249;-6.671126;104;0;5;1521;294;125.5;55.45;;;
37.333075;-6.671068;105;0;5;1522;293;125.52;55.43;;;
37.332901;-6.671014;106;0;5;1523;292;125.54;55.41;;;
37.332725;-6.670965;107;0;5;1524;291;125.56;55.39;;;
37.332550;-6.670915;108;0;5;1525;290;125.58;55.37;;;
37.332372;-6.670883;109;0;5;1526;289;125.6;55.35;;;
37.332193;-6.670854;110;0;5;1527;288;125.62;55.33;;;
37.332015;-6.670824;111;0;5;1528;287;125.64;55.31;;;
37.331837;-6.670795;112;0;5;1529;286;125.66;55.29;;;
37.331658;-6.670766;112;0;5;1530;285;125.68;55.27;;;
37.331480;-6.670736;113;0;5;1531;284;125.7;55.25;;;
37.331302;-6.670706;114;0;5;1532;283;125.72;55.23;;;
37.331123;-6.670677;115;0;4;1532;283;125.74;55.21;;;
37.330945;-6.670648;116;0;4;1533;282;125.76;55.19;;;
37.330767;-6.670618;117;0;4;1534;281;125.78;55.17;;;
37.330588;-6.670589;118;0;4;1535;280;125.8;55.15;;;
37.330410;-6.670559;119;0;4;1536;279;125.82;55.13;;;
37.330232;-6.670529;120;0;4;1537;278;125.84;55.11;;;
37.330056;-6.670480;121;0;4;1538;277;125.86;55.09;;;
37.329881;-6.670430;121;0;4;1539;276;125.88;55.07;;;
37.329706;-6.670376;122;0;4;1540;275;125.9;55.05;;;
37.329535;-6.670307;123;0;4;1540;275;125.92;55.03;;;
37.329364;-6.670238;124;0;4;1541;274;125.94;55.01;;;
37.329193;-6.670166;125;0;4;1542;273;125.96;54.99;;;
37.329027;-6.670079;126;0;4;1543;272;125.98;54.97;;;
37.328861;-6.669992;127;0;4;1544;271;126;54.95;;;
37.328699;-6.669893;128;0;4;1545;270;126.02;54.93;;;
37.328540;-6.669788;128;0;4;1545;270;126.04;54.91;;;
37.328381;-6.669683;129;0;4;1546;269;126.06;54.89;;;
37.328223;-6.669576;130;0;4;1547;268;126.08;54.87;;;
37.328066;-6.669463;131;0;4;1548;267;126.1;54.85;;;
37.327911;-6.669351;132;0;4;1549;266;126.12;54.83;;;
37.327755;-6.669238;132;0;4;1550;265;126.14;54.81;;;
37.327599;-6.669125;133;0;4;1550;265;126.16;54.79;;;
37.327443;-6.669012;134;0;4;1551;264;126.18;54.77;;;
37.327287;-6.668899;135;0;4;1552;263;126.2;54.75;;;
37.327131;-6.668787;136;0;4;1553;262;126.22;54.73;;;
37.326975;-6.668674;136;0;4;1554;261;126.24;54.71;;;
37.326819;-6.668562;137;0;3;1554;261;126.26;54.69;;;
37.326663;-6.668449;138;0;3;1555;260;126.28;54.67;;;
37.326505;-6.668342;138;0;3;1555;260;126.3;54.65;;;
37.326344;-6.668243;139;0;3;1556;259;126.32;54.63;;;
37.326189;-6.668128;139;0;3;1557;258;126.34;54.61;;;
37.326034;-6.668014;140;0;2;1557;258;126.36;54.59;;;
37.325879;-6.667899;140;0;2;1558;257;126.38;54.57;;;
37.325724;-6.667784;141;0;2;1558;257;126.4;54.55;;;
37.325569;-6.667669;141;0;2;1558;257;126.42;54.53;;;
37.325414;-6.667554;141;0;1;1559;256;126.44;54.51;;;
37.325259;-6.667439;142;0;1;1559;256;126.46;54.49;;;
37.325110;-6.667312;142;0;1;1559;256;126.48;54.47;;;
37.324961;-6.667185;142;0;1;1559;256;126.5;54.45;;;
37.324810;-6.667063;142;0;1;1559;256;126.52;54.43;;;
37.324657;-6.666945;142;0;1;1560;255;126.54;54.41;;;
37.324507;-6.666820;142;0;0;1560;255;126.56;54.39;;;
37.324362;-6.666686;142;0;0;1560;255;126.58;54.37;;;
37.324218;-6.666551;143;0;0;1560;255;126.6;54.35;;;
37.324074;-6.666416;143;0;0;1560;255;126.62;54.33;;;
37.323930;-6.666280;143;0;0;1560;255;126.64;54.31;;;
37.323789;-6.666139;143;0;0;1560;255;126.66;54.29;;;
37.323648;-6.665998;143;0;0;1560;255;126.68;54.27;;;
37.323504;-6.665863;142;0;-1;1560;255;126.7;54.25;;;
37.323369;-6.665714;142;0;-1;1560;255;126.72;54.23;;;
37.323234;-6.665564;142;0;-1;1560;255;126.74;54.21;;;
37.323100;-6.665414;142;0;-1;1560;255;126.76;54.19;;;
37.322965;-6.665264;142;0;-1;1560;255;126.78;54.17;;;
37.322830;-6.665114;141;0;-1;1560;255;126.8;54.15;;;
37.322696;-6.664964;141;0;-1;1560;255;126.82;54.13;;;
37.322561;-6.664814;141;0;-1;1560;255;126.84;54.11;;;
37.322424;-6.664668;141;0;-1;1560;255;126.86;54.09;;;
37.322286;-6.664522;140;0;-1;1560;255;126.88;54.07;;;
37.322149;-6.664376;140;0;-1;1560;255;126.9;54.05;;;
37.322011;-6.664230;140;0;-1;1560;255;126.92;54.03;;;
37.321874;-6.664085;140;0;-1;1560;255;126.94;54.01;;;
37.321736;-6.663939;139;0;-1;1560;255;126.96;53.99;;;
37.321593;-6.663802;139;0;-1;1560;255;126.98;53.97;;;
37.321447;-6.663670;139;0;-2;1560;255;127;53.95;;;
37.321297;-6.663545;139;0;-2;1560;255;127.02;53.93;;;
37.321148;-6.663419;138;0;-2;1560;255;127.04;53.91;;;
37.320998;-6.663294;138;0;-2;1560;255;127.06;53.89;;;
37.320849;-6.663168;138;0;-2;1560;255;127.08;53.87;;;
37.320698;-6.663044;137;0;-2;1560;255;127.1;53.85;;;
37.320543;-6.662930;137;0;-2;1560;255;127.12;53.83;;;
37.320388;-6.662815;137;0;-2;1560;255;127.14;53.81;;;
37.320233;-6.662701;136;0;-2;1560;255;127.16;53.79;;;
37.320077;-6.662587;136;0;-2;1560;255;127.18;53.77;;;
37.319922;-6.662473;136;0;-2;1560;255;127.2;53.75;;;
37.319767;-6.662358;135;0;-2;1560;255;127.22;53.73;;;
37.319611;-6.662245;135;0;-2;1560;255;127.24;53.71;;;
37.319455;-6.662133;135;0;-2;1560;255;127.26;53.69;;;
37.319298;-6.662022;134;0;-2;1560;255;127.28;53.67;;;
37.319142;-6.661910;134;0;-2;1560;255;127.3;53.65;;;
37.318985;-6.661799;134;0;-2;1560;255;127.32;53.63;;;
37.318829;-6.661687;133;0;-2;1560;255;127.34;53.61;;;
37.318673;-6.661576;133;0;-2;1560;255;127.36;53.59;;;
37.318516;-6.661465;132;0;-2;1560;255;127.38;53.57;;;
37.318358;-6.661355;132;0;-2;1560;255;127.4;53.55;;;
37.318201;-6.661246;131;0;-2;1560;255;127.42;53.53;;;
37.318044;-6.661136;131;0;-2;1560;255;127.44;53.51;;;
37.317886;-6.661027;130;0;-2;1560;255;127.46;53.49;;;
37.317729;-6.660917;130;0;-3;1560;255;127.48;53.47;;;
37.317572;-6.660808;129;0;-3;1560;255;127.5;53.45;;;
37.317414;-6.660698;129;0;-3;1560;255;127.52;53.43;;;
37.317257;-6.660589;128;0;-3;1560;255;127.54;53.41;;;
37.317100;-6.660479;128;0;-3;1560;255;127.56;53.39;;;
37.316942;-6.660369;127;0;-3;1560;255;127.58;53.37;;;
37.316785;-6.660260;127;0;-3;1560;255;127.6;53.35;;;
37.316627;-6.660150;126;0;-3;1560;255;127.62;53.33;;;
37.316470;-6.660041;126;0;-3;1560;255;127.64;53.31;;;
37.316313;-6.659931;125;0;-3;1560;255;127.66;53.29;;;
37.316155;-6.659822;124;0;-3;1560;255;127.68;53.27;;;
37.315998;-6.659712;124;0;-3;1560;255;127.7;53.25;;;
37.315841;-6.659603;123;0;-3;1560;255;127.72;53.23;;;
37.315683;-6.659493;123;0;-3;1560;255;127.74;53.21;;;
37.315526;-6.659383;122;0;-3;1560;255;127.76;53.19;;;
37.315369;-6.659274;121;0;-3;1560;255;127.78;53.17;;;
37.315211;-6.659164;121;0;-3;1560;255;127.8;53.15;;;
37.315057;-6.659049;120;0;-3;1560;255;127.82;53.13;;;
37.314903;-6.658932;119;0;-3;1560;255;127.84;53.11;;;
37.314749;-6.658815;119;0;-3;1560;255;127.86;53.09;;;
37.314595;-6.658697;118;0;-3;1560;255;127.88;53.07;;;
37.314448;-6.658568;117;0;-3;1560;255;127.9;53.05;;;
37.314300;-6.658438;117;0;-3;1560;255;127.92;53.03;;;
37.314153;-6.658309;116;0;-3;1560;255;127.94;53.01;;;
37.314005;-6.658180;116;0;-3;1560;255;127.96;52.99;;;
37.313859;-6.658048;115;0;-3;1560;255;127.98;52.97;;;
37.313720;-6.657904;114;0;-3;1560;255;128;52.95;;;
37.313442;-6.657617;113;0;-3;1560;255;128.04;52.91;;;
37.313304;-6.657473;112;0;-3;1560;255;128.06;52.89;;;
37.313035;-6.657173;111;0;-3;1560;255;128.1;52.85;;;
37.312900;-6.657022;110;0;-3;1560;255;128.12;52.83;;;
37.312636;-6.656716;109;0;-3;1560;255;128.16;52.79;;;
37.312510;-6.656554;108;0;-3;1560;255;128.18;52.77;;;
37.312258;-6.656232;107;0;-3;1560;255;128.22;52.73;;;
37.312137;-6.656065;107;0;-3;1560;255;128.24;52.71;;;
37.312019;-6.655894;106;0;-3;1560;255;128.26;52.69;;;
37.311901;-6.655723;106;0;-3;1560;255;128.28;52.67;;;
37.311666;-6.655381;105;0;-2;1560;255;128.32;52.63;;;
37.311548;-6.655210;104;0;-2;1560;255;128.34;52.61;;;
37.311312;-6.654868;103;0;-2;1560;255;128.38;52.57;;;
37.311195;-6.654697;103;0;-2;1560;255;128.4;52.55;;;
37.310977;-6.654337;102;0;-2;1560;255;128.44;52.51;;;
37.310869;-6.654156;101;0;-2;1560;255;128.46;52.49;;;
37.310657;-6.653791;101;0;-2;1560;255;128.5;52.45;;;
37.310458;-6.653415;100;0;-1;1560;255;128.54;52.41;;;
37.310358;-6.653226;100;0;-1;1560;255;128.56;52.39;;;
37.310159;-6.652850;99;0;-1;1560;255;128.6;52.35;;;
37.310059;-6.652662;99;0;-1;1560;255;128.62;52.33;;;
37.309860;-6.652285;99;0;-1;1560;255;128.66;52.29;;;
37.309760;-6.652097;98;0;-1;1560;255;128.68;52.27;;;
37.309515;-6.651770;98;0;-1;1560;255;128.72;52.23;;;
37.309352;-6.651721;98;0;0;1560;255;128.74;52.21;;;
37.309255;-6.651899;98;0;0;1560;255;128.76;52.19;;;
37.309289;-6.652114;98;0;1;1560;255;128.78;52.17;;;
37.309453;-6.652516;98;0;1;1560;255;128.82;52.13;26;;
37.309565;-6.652693;99;0;1;1561;254;128.84;52.11;;;
37.309767;-6.653066;99;0;2;1561;254;128.88;52.07;;;
37.309833;-6.653276;100;0;2;1562;253;128.9;52.05;;;
37.309876;-6.653723;100;0;2;1562;253;128.94;52.01;;;
37.309893;-6.653948;101;0;2;1563;252;128.96;51.99;;;
37.309962;-6.654392;101;0;2;1564;251;129;51.95;;;
37.310062;-6.654826;102;0;2;1564;251;129.04;51.91;;;
37.310111;-6.655044;103;0;2;1565;250;129.06;51.89;;;
37.310210;-6.655479;104;0;2;1566;249;129.1;51.85;;;
37.310258;-6.655697;104;0;3;1566;249;129.12;51.83;;;
37.310319;-6.656141;105;0;3;1567;248;129.16;51.79;;;
37.310327;-6.656367;106;0;3;1568;247;129.18;51.77;;;
37.310310;-6.656819;107;0;3;1569;246;129.22;51.73;;;
37.310302;-6.657044;108;0;4;1570;245;129.24;51.71;;;
37.310293;-6.657270;109;0;4;1571;244;129.26;51.69;;;
37.310285;-6.657496;110;0;4;1572;243;129.28;51.67;;;
37.310268;-6.657948;111;0;4;1573;242;129.32;51.63;;;
37.310250;-6.658173;112;0;4;1574;241;129.34;51.61;;;
37.310214;-6.658623;113;0;4;1575;240;129.38;51.57;;;
37.310196;-6.658848;114;0;4;1576;239;129.4;51.55;;;
37.310124;-6.659289;116;0;4;1578;237;129.44;51.51;;;
37.310072;-6.659506;117;0;4;1579;236;129.46;51.49;;;
37.309906;-6.659907;118;0;4;1580;235;129.5;51.45;;;
37.309706;-6.660278;120;0;4;1582;233;129.54;51.41;;;
37.309614;-6.660473;120;0;3;1582;233;129.56;51.39;;;
37.309429;-6.660860;122;0;3;1584;231;129.6;51.35;;;
37.309337;-6.661054;122;0;3;1584;231;129.62;51.33;;;
37.309149;-6.661440;123;0;3;1585;230;129.66;51.29;;;
37.309053;-6.661632;124;0;3;1586;229;129.68;51.27;;;
37.308861;-6.662014;125;0;3;1587;228;129.72;51.23;;;
37.308764;-6.662205;125;0;2;1587;228;129.74;51.21;;;
37.308668;-6.662396;126;0;2;1588;227;129.76;51.19;;;
37.308572;-6.662587;126;0;2;1588;227;129.78;51.17;;;
37.308381;-6.662970;127;0;2;1589;226;129.82;51.13;;;
37.308284;-6.663161;128;0;2;1590;225;129.84;51.11;;;
37.308092;-6.663543;129;0;2;1591;224;129.88;51.07;;;
37.307996;-6.663734;129;0;2;1591;224;129.9;51.05;;;
37.307804;-6.664117;130;0;2;1592;223;129.94;51.01;;;
37.307708;-6.664308;130;0;1;1592;223;129.96;50.99;;;
37.307516;-6.664690;130;0;1;1593;222;130;50.95;;;
37.307324;-6.665073;131;0;1;1593;222;130.04;50.91;;;
37.307228;-6.665264;131;0;1;1593;222;130.06;50.89;;;
37.307035;-6.665646;131;0;0;1593;222;130.1;50.85;;;
37.306939;-6.665837;131;0;0;1593;222;130.12;50.83;;;
37.306747;-6.666219;131;0;0;1594;221;130.16;50.79;;;
37.306651;-6.666411;131;0;0;1594;221;130.18;50.77;;;
37.306459;-6.666793;131;0;0;1594;221;130.22;50.73;;;
37.306363;-6.666984;131;0;0;1594;221;130.24;50.71;;;
37.306266;-6.667175;131;0;0;1594;221;130.26;50.69;;;
37.306172;-6.667367;131;0;0;1594;221;130.28;50.67;;;
37.305986;-6.667754;131;0;0;1594;221;130.32;50.63;;;
37.305893;-6.667948;131;0;-1;1594;221;130.34;50.61;;;
37.305707;-6.668335;131;0;-1;1594;221;130.38;50.57;;;
37.305614;-6.668529;131;0;-1;1594;221;130.4;50.55;;;
37.305439;-6.668924;130;0;-1;1594;221;130.44;50.51;;;
37.305352;-6.669122;130;0;-1;1594;221;130.46;50.49;;;
37.305178;-6.669518;130;0;-1;1594;221;130.5;50.45;;;
37.305008;-6.669917;129;0;-1;1594;221;130.54;50.41;;;
37.304923;-6.670116;129;0;-1;1594;221;130.56;50.39;;;
37.304752;-6.670514;129;0;-1;1594;221;130.6;50.35;;;
37.304667;-6.670713;129;0;-1;1594;221;130.62;50.33;;;
37.304497;-6.671111;128;0;-1;1594;221;130.66;50.29;;;
37.304412;-6.671310;128;0;-1;1594;221;130.68;50.27;;;
37.304241;-6.671708;127;0;-1;1594;221;130.72;50.23;;;
37.304156;-6.671908;127;0;-1;1594;221;130.74;50.21;;;
37.304071;-6.672107;127;0;-1;1594;221;130.76;50.19;;;
37.303986;-6.672306;127;0;-1;1594;221;130.78;50.17;;;
37.303815;-6.672704;126;0;-1;1594;221;130.82;50.13;;;
37.303730;-6.672904;126;0;-1;1594;221;130.84;50.11;;;
37.303560;-6.673302;126;0;-1;1594;221;130.88;50.07;;;
37.303474;-6.673501;125;0;-1;1594;221;130.9;50.05;;;
37.303304;-6.673899;125;0;-1;1594;221;130.94;50.01;;;
37.303218;-6.674098;124;0;-1;1594;221;130.96;49.99;;;
37.303048;-6.674496;124;0;-1;1594;221;131;49.95;;;
37.302878;-6.674895;124;0;-1;1594;221;131.04;49.91;;;
37.302792;-6.675094;124;0;-1;1594;221;131.06;49.89;;;
37.302622;-6.675492;124;0;0;1594;221;131.1;49.85;;;
37.302537;-6.675691;123;0;0;1594;221;131.12;49.83;;;
37.302366;-6.676089;123;0;0;1594;221;131.16;49.79;;;
37.302281;-6.676289;123;0;0;1594;221;131.18;49.77;;;
37.302110;-6.676687;123;0;0;1594;221;131.22;49.73;;;
37.302025;-6.676885;123;0;0;1594;221;131.24;49.71;;;
37.301943;-6.677087;123;0;0;1594;221;131.26;49.69;;;
37.301861;-6.677288;123;0;0;1594;221;131.28;49.67;;;
37.301697;-6.677691;123;0;0;1594;221;131.32;49.63;;;
37.301615;-6.677892;123;0;0;1594;221;131.34;49.61;;;
37.301453;-6.678296;123;0;0;1594;221;131.38;49.57;;;
37.301374;-6.678498;123;0;0;1594;221;131.4;49.55;;;
37.301213;-6.678903;123;0;0;1594;221;131.44;49.51;;;
37.301133;-6.679106;123;0;0;1594;221;131.46;49.49;;;
37.300973;-6.679511;123;0;0;1594;221;131.5;49.45;;;
37.300813;-6.679916;123;0;0;1594;221;131.54;49.41;;;
37.300733;-6.680118;123;0;0;1594;221;131.56;49.39;;;
37.300593;-6.680533;123;0;1;1594;221;131.6;49.35;;;
37.300513;-6.680735;123;0;1;1594;221;131.62;49.33;;;
37.300348;-6.681137;123;0;1;1594;221;131.66;49.29;;;
37.300265;-6.681338;123;0;1;1594;221;131.68;49.27;;;
37.300100;-6.681740;124;0;1;1595;220;131.72;49.23;;;
37.300018;-6.681941;124;0;1;1595;220;131.74;49.21;;;
37.299935;-6.682141;124;0;1;1595;220;131.76;49.19;;;
37.299848;-6.682339;125;0;1;1595;220;131.78;49.17;;;
37.299663;-6.682727;125;0;1;1596;219;131.82;49.13;;;
37.299563;-6.682915;125;0;1;1596;219;131.84;49.11;;;
37.299362;-6.683290;125;0;1;1596;219;131.88;49.07;;;
37.299261;-6.683477;126;0;1;1597;218;131.9;49.05;;;
37.299061;-6.683853;126;0;1;1597;218;131.94;49.01;;;
37.298960;-6.684040;126;0;1;1597;218;131.96;48.99;;;
37.298788;-6.684435;126;0;1;1597;218;132;48.95;;;
37.298675;-6.684864;127;0;1;1598;217;132.04;48.91;;;
37.298622;-6.685080;127;0;1;1598;217;132.06;48.89;;;
37.298515;-6.685512;127;0;0;1598;217;132.1;48.85;;;
37.298467;-6.685730;127;0;0;1598;217;132.12;48.83;;;
37.298376;-6.686167;127;0;0;1598;217;132.16;48.79;;;
37.298337;-6.686388;127;0;0;1598;217;132.18;48.77;;;
37.298274;-6.686833;127;0;0;1598;217;132.22;48.73;;;
37.298245;-6.687056;127;0;0;1598;217;132.24;48.71;;;
37.298217;-6.687280;127;0;0;1598;217;132.26;48.69;;;
37.298188;-6.687503;127;0;0;1598;217;132.28;48.67;;;
37.298131;-6.687949;127;0;0;1598;217;132.32;48.63;;;
37.298103;-6.688173;127;0;0;1598;217;132.34;48.61;;;
37.298046;-6.688619;127;0;0;1598;217;132.38;48.57;;;
37.298017;-6.688842;127;0;0;1598;217;132.4;48.55;;;
37.297961;-6.689289;127;0;0;1598;217;132.44;48.51;;;
37.297933;-6.689512;127;0;0;1598;217;132.46;48.49;;;
37.297875;-6.689959;127;0;0;1598;217;132.5;48.45;;;
37.297818;-6.690405;127;0;0;1598;217;132.54;48.41;;;
37.297790;-6.690628;127;0;0;1598;217;132.56;48.39;;;
37.297740;-6.691076;127;0;-1;1598;217;132.6;48.35;;;
37.297718;-6.691301;126;0;-1;1598;217;132.62;48.33;;;
37.297676;-6.691750;126;0;-1;1598;217;132.66;48.29;;;
37.297654;-6.691974;126;0;-1;1598;217;132.68;48.27;;;
37.297611;-6.692423;126;0;-1;1598;217;132.72;48.23;;;
37.297590;-6.692648;125;0;-1;1598;217;132.74;48.21;;;
37.297569;-6.692872;125;0;-1;1598;217;132.76;48.19;;;
37.297547;-6.693096;125;0;-1;1598;217;132.78;48.17;;;
37.297521;-6.693547;125;0;-1;1598;217;132.82;48.13;;;
37.297513;-6.693773;125;0;-1;1598;217;132.84;48.11;;;
37.297498;-6.694225;125;0;-1;1598;217;132.88;48.07;;;
37.297491;-6.694451;124;0;-1;1598;217;132.9;48.05;;;
37.297476;-6.694903;124;0;-1;1598;217;132.94;48.01;;;
37.297468;-6.695128;124;0;-1;1598;217;132.96;47.99;;;
37.297454;-6.695580;124;0;0;1598;217;133;47.95;;;
37.297439;-6.696032;124;0;0;1598;217;133.04;47.91;;;
37.297431;-6.696258;124;0;0;1598;217;133.06;47.89;;;
37.297417;-6.696710;124;0;0;1598;217;133.1;47.85;;;
37.297409;-6.696936;124;0;0;1598;217;133.12;47.83;;;
37.297394;-6.697388;124;0;0;1598;217;133.16;47.79;;;
37.297387;-6.697613;124;0;0;1598;217;133.18;47.77;;;
37.297372;-6.698065;124;0;0;1598;217;133.22;47.73;;;
37.297364;-6.698291;124;0;0;1598;217;133.24;47.71;;;
37.297357;-6.698517;124;0;0;1598;217;133.26;47.69;;;
37.297349;-6.698743;124;0;0;1598;217;133.28;47.67;;;
37.297335;-6.699195;124;0;0;1598;217;133.32;47.63;;;
37.297327;-6.699421;124;0;0;1599;216;133.34;47.61;;;
37.297311;-6.699872;124;0;0;1599;216;133.38;47.57;;;
37.297303;-6.700098;124;0;0;1599;216;133.4;47.55;;;
37.297287;-6.700550;124;0;1;1599;216;133.44;47.51;;;
37.297279;-6.700776;124;0;1;1599;216;133.46;47.49;;;
37.297263;-6.701228;125;0;1;1599;216;133.5;47.45;;;
37.297247;-6.701679;125;0;1;1600;215;133.54;47.41;;;
37.297238;-6.701905;125;0;1;1600;215;133.56;47.39;;;
37.297222;-6.702357;125;0;1;1600;215;133.6;47.35;;;
37.297225;-6.702583;126;0;1;1600;215;133.62;47.33;;;
37.297250;-6.703034;126;0;1;1601;214;133.66;47.29;;;
37.297269;-6.703259;126;0;1;1601;214;133.68;47.27;;;
37.297307;-6.703708;126;0;1;1601;214;133.72;47.23;;;
37.297327;-6.703933;127;0;1;1601;214;133.74;47.21;;;
37.297346;-6.704158;127;0;1;1601;214;133.76;47.19;;;
37.297365;-6.704383;127;0;1;1602;213;133.78;47.17;;;
37.297441;-6.704823;127;0;1;1602;213;133.82;47.13;;;
37.297499;-6.705036;127;0;1;1602;213;133.84;47.11;;;
37.297642;-6.705451;128;0;1;1603;212;133.88;47.07;;;
37.297714;-6.705659;128;0;1;1603;212;133.9;47.05;;;
37.297857;-6.706074;128;0;1;1603;212;133.94;47.01;;;
37.297928;-6.706281;128;0;0;1603;212;133.96;46.99;;;
37.298086;-6.706688;128;0;0;1603;212;134;46.95;;;
37.298249;-6.707091;129;0;0;1603;212;134.04;46.91;;;
37.298330;-6.707292;129;0;0;1603;212;134.06;46.89;;;
37.298493;-6.707695;129;0;0;1603;212;134.1;46.85;;;
37.298575;-6.707897;129;0;0;1603;212;134.12;46.83;;;
37.298730;-6.708304;128;0;0;1603;212;134.16;46.79;;;
37.298786;-6.708519;128;0;0;1603;212;134.18;46.77;;;
37.298878;-6.708956;128;0;-1;1603;212;134.22;46.73;;;
37.298911;-6.709178;128;0;-1;1603;212;134.24;46.71;;;
37.298941;-6.709401;128;0;-1;1603;212;134.26;46.69;;;
37.298970;-6.709624;128;0;-1;1603;212;134.28;46.67;;;
37.299028;-6.710071;128;0;-1;1603;212;134.32;46.63;;;
37.299056;-6.710294;127;0;-1;1603;212;134.34;46.61;;;
37.299115;-6.710740;127;0;-1;1603;212;134.38;46.57;;;
37.299143;-6.710963;126;0;-1;1603;212;134.4;46.55;;;
37.299201;-6.711410;126;0;-2;1603;212;134.44;46.51;;;
37.299246;-6.711628;126;0;-2;1603;212;134.46;46.49;;;
37.299345;-6.712063;125;0;-2;1603;212;134.5;46.45;;;
37.299473;-6.712484;124;0;-2;1603;212;134.54;46.41;;;
37.299549;-6.712689;123;0;-2;1603;212;134.56;46.39;;;
37.299749;-6.713064;122;0;-3;1603;212;134.6;46.35;;;
37.299863;-6.713237;122;0;-3;1603;212;134.62;46.33;;;
37.300087;-6.713589;121;0;-3;1603;212;134.66;46.29;;;
37.300194;-6.713771;120;0;-3;1603;212;134.68;46.27;;;
37.300412;-6.714131;119;0;-3;1603;212;134.72;46.23;;;
37.300529;-6.714303;119;0;-3;1603;212;134.74;46.21;;;
37.300647;-6.714474;118;0;-3;1603;212;134.76;46.19;;;
37.300764;-6.714645;118;0;-3;1603;212;134.78;46.17;;;
37.300997;-6.714990;116;0;-3;1603;212;134.82;46.13;27;;
37.301102;-6.715173;116;0;-3;1603;212;134.84;46.11;;;
37.301276;-6.715565;114;0;-3;1603;212;134.88;46.07;;;
37.301320;-6.715784;114;0;-3;1603;212;134.9;46.05;;;
37.301398;-6.716225;112;0;-3;1603;212;134.94;46.01;;;
37.301433;-6.716447;112;0;-2;1603;212;134.96;45.99;;;
37.301504;-6.716890;111;0;-2;1603;212;135;45.95;;;
37.301576;-6.717333;110;0;-3;1603;212;135.04;45.91;;;
37.301620;-6.717552;110;0;-3;1603;212;135.06;45.89;;;
37.301756;-6.717968;108;0;-3;1603;212;135.1;45.85;;;
37.301857;-6.718156;108;0;-3;1603;212;135.12;45.83;;;
37.302057;-6.718531;107;0;-3;1603;212;135.16;45.79;;;
37.302158;-6.718719;106;0;-3;1603;212;135.18;45.77;;;
37.302266;-6.719139;105;0;-3;1603;212;135.22;45.73;;;
37.302247;-6.719364;104;0;-3;1603;212;135.24;45.71;;;
37.302212;-6.719586;104;0;-3;1603;212;135.26;45.69;;;
37.302177;-6.719808;104;0;-2;1603;212;135.28;45.67;;;
37.302107;-6.720251;103;0;-2;1603;212;135.32;45.63;;;
37.302072;-6.720473;102;0;-2;1603;212;135.34;45.61;;;
37.302034;-6.720922;101;0;-2;1603;212;135.38;45.57;;;
37.302037;-6.721147;101;0;-2;1603;212;135.4;45.55;;;
37.302103;-6.721590;100;0;-2;1603;212;135.44;45.51;;;
37.302152;-6.721807;99;0;-2;1603;212;135.46;45.49;;;
37.302250;-6.722242;99;0;-2;1603;212;135.5;45.45;;;
37.302348;-6.722677;98;0;-2;1603;212;135.54;45.41;;;
37.302397;-6.722895;97;0;-2;1603;212;135.56;45.39;;;
37.302503;-6.723327;96;0;-2;1603;212;135.6;45.35;;;
37.302575;-6.723534;96;0;-2;1603;212;135.62;45.33;;;
37.302720;-6.723948;95;0;-2;1603;212;135.66;45.29;;;
37.302792;-6.724155;95;0;-2;1603;212;135.68;45.27;;;
37.302937;-6.724569;94;0;-2;1603;212;135.72;45.23;;;
37.303010;-6.724776;93;0;-2;1603;212;135.74;45.21;;;
37.303082;-6.724983;93;0;-2;1603;212;135.76;45.19;;;
37.303140;-6.725196;92;0;-2;1603;212;135.78;45.17;;;
37.303228;-6.725634;91;0;-2;1603;212;135.82;45.13;;;
37.303271;-6.725854;91;0;-2;1603;212;135.84;45.11;;;
37.303358;-6.726293;90;0;-2;1603;212;135.88;45.07;;;
37.303402;-6.726512;89;0;-3;1603;212;135.9;45.05;;;
37.303488;-6.726951;88;0;-3;1603;212;135.94;45.01;;;
37.303532;-6.727170;88;0;-3;1603;212;135.96;44.99;;;
37.303673;-6.727583;86;0;-3;1603;212;136;44.95;28;;
37.303852;-6.727975;85;0;-4;1603;212;136.04;44.91;;;
37.303948;-6.728166;84;0;-4;1603;212;136.06;44.89;;;
37.304139;-6.728549;82;0;-4;1603;212;136.1;44.85;;;
37.304224;-6.728748;82;0;-4;1603;212;136.12;44.83;;;
37.304392;-6.729149;80;0;-4;1603;212;136.16;44.79;;;
37.304476;-6.729348;79;0;-4;1603;212;136.18;44.77;;;
37.304647;-6.729746;78;0;-4;1603;212;136.22;44.73;;;
37.304743;-6.729938;77;0;-4;1603;212;136.24;44.71;;;
37.304837;-6.730130;76;0;-4;1603;212;136.26;44.69;;;
37.304932;-6.730322;75;0;-4;1603;212;136.28;44.67;;;
37.305136;-6.730694;73;0;-4;1603;212;136.32;44.63;;;
37.305246;-6.730873;72;0;-5;1603;212;136.34;44.61;;;
37.305481;-6.731214;70;0;-5;1603;212;136.38;44.57;;;
37.305614;-6.731366;69;0;-5;1603;212;136.4;44.55;;;
37.305878;-6.731673;68;0;-5;1603;212;136.44;44.51;;;
37.306011;-6.731825;67;0;-5;1603;212;136.46;44.49;;;
37.306276;-6.732131;65;0;-6;1603;212;136.5;44.45;;;
37.306513;-6.732458;62;0;-6;1603;212;136.54;44.41;;;
37.306532;-6.732680;61;0;-6;1603;212;136.56;44.39;;;
37.306354;-6.733067;58;0;-7;1603;212;136.6;44.35;;;
37.306247;-6.733248;57;0;-6;1603;212;136.62;44.33;;;
37.306032;-6.733611;54;0;-5;1603;212;136.66;44.29;;;
37.305925;-6.733792;53;0;-5;1603;212;136.68;44.27;;;
37.305710;-6.734155;51;0;-5;1603;212;136.72;44.23;;;
37.305602;-6.734336;50;0;-5;1603;212;136.74;44.21;;;
37.305495;-6.734518;49;0;-5;1603;212;136.76;44.19;;;
37.305387;-6.734699;48;0;-6;1603;212;136.78;44.17;;;
37.305169;-6.735058;46;0;-5;1603;212;136.82;44.13;;;
37.305051;-6.735230;44;0;-5;1603;212;136.84;44.11;;;
37.304798;-6.735549;42;0;-5;1603;212;136.88;44.07;;;
37.304666;-6.735703;42;0;-5;1603;212;136.9;44.05;;;
37.304405;-6.736014;40;0;-5;1603;212;136.94;44.01;;;
37.304300;-6.736197;39;0;-5;1603;212;136.96;43.99;;;
37.304163;-6.736613;37;0;-5;1603;212;137;43.95;;;
37.304099;-6.737057;35;0;-4;1603;212;137.04;43.91;;;
37.304067;-6.737280;34;0;-4;1603;212;137.06;43.89;;;
37.304054;-6.737728;33;0;-4;1603;212;137.1;43.85;;;
37.304066;-6.737954;32;0;-4;1603;212;137.12;43.83;;;
37.304091;-6.738405;30;0;-4;1603;212;137.16;43.79;;;
37.304104;-6.738631;29;0;-4;1603;212;137.18;43.77;;;
37.304128;-6.739082;28;0;-3;1603;212;137.22;43.73;;;
37.304133;-6.739308;27;0;-3;1603;212;137.24;43.71;;;
37.304138;-6.739534;27;0;-3;1603;212;137.26;43.69;;;
37.304142;-6.739760;26;0;-3;1603;212;137.28;43.67;;;
37.304150;-6.740212;25;0;-3;1603;212;137.32;43.63;;;
37.304155;-6.740438;24;0;-3;1603;212;137.34;43.61;;;
37.304171;-6.740890;23;0;-3;1603;212;137.38;43.57;;;
37.304185;-6.741115;23;0;-2;1603;212;137.4;43.55;;;
37.304212;-6.741566;22;0;-2;1603;212;137.44;43.51;;;
37.304232;-6.741791;21;0;-2;1603;212;137.46;43.49;;;
37.304283;-6.742238;20;0;-2;1603;212;137.5;43.45;;;
37.304281;-6.742690;20;0;-2;1603;212;137.54;43.41;;;
37.304276;-6.742916;19;0;-2;1603;212;137.56;43.39;;;
37.304266;-6.743368;19;0;-2;1603;212;137.6;43.35;;;
37.304261;-6.743594;18;0;-2;1603;212;137.62;43.33;;;
37.304251;-6.744046;18;0;-2;1603;212;137.66;43.29;;;
37.304246;-6.744272;17;0;-2;1603;212;137.68;43.27;;;
37.304236;-6.744724;16;0;-2;1603;212;137.72;43.23;29;;
37.304231;-6.744950;16;0;-2;1603;212;137.74;43.21;;;
37.304226;-6.745176;16;0;-2;1603;212;137.76;43.19;;;
37.304221;-6.745403;15;0;-2;1603;212;137.78;43.17;;;
37.304201;-6.745854;15;0;-2;1603;212;137.82;43.13;;;
37.304190;-6.746080;14;0;-2;1603;212;137.84;43.11;;;
37.304154;-6.746530;13;0;-2;1603;212;137.88;43.07;;;
37.304132;-6.746754;13;0;-2;1603;212;137.9;43.05;;;
37.304080;-6.747201;12;0;-2;1603;212;137.94;43.01;;;
37.304051;-6.747425;12;0;-2;1603;212;137.96;42.99;;;
37.303995;-6.747871;11;0;-2;1603;212;138;42.95;;;
37.303938;-6.748318;10;0;-1;1603;212;138.04;42.91;;;
37.303910;-6.748541;10;0;-1;1603;212;138.06;42.89;;;
37.303853;-6.748988;10;0;-1;1603;212;138.1;42.85;;;
37.303825;-6.749211;9;0;-1;1603;212;138.12;42.83;;;
37.303768;-6.749658;9;0;-1;1603;212;138.16;42.79;;;
37.303744;-6.749882;9;0;-1;1603;212;138.18;42.77;;;
37.303698;-6.750330;8;0;-1;1603;212;138.22;42.73;;;
37.303675;-6.750555;8;0;-1;1603;212;138.24;42.71;;;
37.303652;-6.750779;8;0;-1;1603;212;138.26;42.69;;;
37.303630;-6.751003;8;0;-1;1603;212;138.28;42.67;;;
37.303584;-6.751452;7;0;-1;1603;212;138.32;42.63;;;
37.303561;-6.751676;7;0;-1;1603;212;138.34;42.61;;;
37.303524;-6.752126;7;0;-1;1603;212;138.38;42.57;;;
37.303509;-6.752351;7;0;-1;1603;212;138.4;42.55;;;
37.303478;-6.752802;7;0;-1;1603;212;138.44;42.51;;;
37.303463;-6.753027;6;0;-1;1603;212;138.46;42.49;;;
37.303432;-6.753477;6;0;-1;1603;212;138.5;42.45;;;
37.303402;-6.753928;6;0;-1;1603;212;138.54;42.41;;;
37.303387;-6.754153;6;0;-1;1603;212;138.56;42.39;;;
37.303357;-6.754604;6;0;-1;1603;212;138.6;42.35;;;
37.303342;-6.754829;6;0;-1;1603;212;138.62;42.33;;;
37.303311;-6.755280;5;0;-1;1603;212;138.66;42.29;;;
37.303296;-6.755505;5;0;0;1603;212;138.68;42.27;;;
37.303265;-6.755956;5;0;-1;1603;212;138.72;42.23;;;
37.303250;-6.756181;5;0;0;1603;212;138.74;42.21;;;
37.303235;-6.756407;5;0;0;1603;212;138.76;42.19;;;
37.303220;-6.756632;5;0;0;1603;212;138.78;42.17;;;
37.303190;-6.757083;5;0;0;1603;212;138.82;42.13;;;
37.303174;-6.757308;5;0;0;1603;212;138.84;42.11;;;
37.303144;-6.757758;4;0;0;1603;212;138.88;42.07;;;
37.303128;-6.757984;4;0;0;1603;212;138.9;42.05;;;
37.303099;-6.758434;4;0;0;1603;212;138.94;42.01;;;
37.303084;-6.758660;4;0;0;1603;212;138.96;41.99;;;
37.303053;-6.759110;4;0;0;1603;212;139;41.95;;;
37.303022;-6.759561;4;0;0;1603;212;139.04;41.91;;;
37.303007;-6.759786;4;0;0;1603;212;139.06;41.89;;;
37.302977;-6.760237;4;0;0;1603;212;139.1;41.85;;;
37.302962;-6.760462;4;0;0;1603;212;139.12;41.83;;;
37.302932;-6.760913;4;0;0;1603;212;139.16;41.79;;;
37.302916;-6.761138;4;0;0;1603;212;139.18;41.77;;;
37.302886;-6.761589;4;0;0;1603;212;139.22;41.73;;;
37.302870;-6.761814;4;0;0;1603;212;139.24;41.71;;;
37.302855;-6.762039;4;0;0;1603;212;139.26;41.69;;;
37.302840;-6.762265;4;0;0;1603;212;139.28;41.67;;;
37.302810;-6.762715;4;0;0;1603;212;139.32;41.63;;;
37.302795;-6.762941;4;0;0;1603;212;139.34;41.61;;;
37.302764;-6.763391;4;0;0;1603;212;139.38;41.57;;;
37.302749;-6.763617;4;0;0;1603;212;139.4;41.55;;;
37.302719;-6.764067;4;0;0;1603;212;139.44;41.51;;;
37.302703;-6.764292;4;0;0;1603;212;139.46;41.49;;;
37.302673;-6.764743;4;0;0;1603;212;139.5;41.45;;;
37.302643;-6.765194;4;0;0;1604;211;139.54;41.41;;;
37.302628;-6.765419;4;0;0;1604;211;139.56;41.39;;;
37.302597;-6.765870;4;0;0;1604;211;139.6;41.35;;;
37.302582;-6.766095;4;0;0;1604;211;139.62;41.33;;;
37.302551;-6.766546;4;0;0;1604;211;139.66;41.29;;;
37.302536;-6.766771;4;0;0;1604;211;139.68;41.27;;;
37.302505;-6.767221;4;0;0;1604;211;139.72;41.23;;;
37.302490;-6.767447;4;0;0;1604;211;139.74;41.21;;;
37.302476;-6.767672;4;0;0;1604;211;139.76;41.19;;;
37.302461;-6.767897;4;0;0;1604;211;139.78;41.17;;;
37.302430;-6.768348;4;0;0;1604;211;139.82;41.13;;;
37.302415;-6.768573;4;0;0;1604;211;139.84;41.11;;;
37.302384;-6.769024;4;0;0;1604;211;139.88;41.07;;;
37.302369;-6.769249;4;0;0;1604;211;139.9;41.05;;;
37.302338;-6.769700;4;0;0;1604;211;139.94;41.01;;;
37.302323;-6.769925;4;0;0;1604;211;139.96;40.99;;;
37.302293;-6.770376;4;0;0;1604;211;140;40.95;;;
37.302263;-6.770826;4;0;0;1604;211;140.04;40.91;;;
37.302247;-6.771052;4;0;0;1604;211;140.06;40.89;;;
37.302217;-6.771502;4;0;0;1604;211;140.1;40.85;;;
37.302202;-6.771728;4;0;0;1604;211;140.12;40.83;;;
37.302171;-6.772178;4;0;0;1604;211;140.16;40.79;;;
37.302156;-6.772403;4;0;0;1604;211;140.18;40.77;;;
37.302125;-6.772854;4;0;0;1604;211;140.22;40.73;;;
37.302110;-6.773079;4;0;0;1604;211;140.24;40.71;;;
37.302095;-6.773305;4;0;0;1604;211;140.26;40.69;;;
37.302080;-6.773530;4;0;0;1604;211;140.28;40.67;;;
37.302050;-6.773981;4;0;0;1604;211;140.32;40.63;;;
37.302034;-6.774206;4;0;0;1604;211;140.34;40.61;;;
37.302004;-6.774657;4;0;0;1604;211;140.38;40.57;;;
37.301988;-6.774882;5;0;0;1604;211;140.4;40.55;;;
37.301958;-6.775332;5;0;0;1604;211;140.44;40.51;;;
37.301943;-6.775558;5;0;0;1604;211;140.46;40.49;;;
37.301912;-6.776008;5;0;0;1604;211;140.5;40.45;;;
37.301899;-6.776460;5;0;0;1604;211;140.54;40.41;;;
37.301899;-6.776686;5;0;0;1604;211;140.56;40.39;;;
37.301937;-6.777135;5;0;0;1604;211;140.6;40.35;;;
37.301963;-6.777359;5;0;0;1604;211;140.62;40.33;;;
37.302032;-6.777803;5;0;0;1604;211;140.66;40.29;;;
37.302087;-6.778018;5;0;0;1604;211;140.68;40.27;;;
37.302202;-6.778446;5;0;0;1604;211;140.72;40.23;;;
37.302268;-6.778657;5;0;0;1604;211;140.74;40.21;;;
37.302334;-6.778867;5;0;0;1604;211;140.76;40.19;;;
37.302400;-6.779077;5;0;0;1604;211;140.78;40.17;;;
37.302532;-6.779498;5;0;0;1604;211;140.82;40.13;;;
37.302598;-6.779708;5;0;0;1604;211;140.84;40.11;;;
37.302730;-6.780129;5;0;0;1604;211;140.88;40.07;;;
37.302796;-6.780339;5;0;0;1604;211;140.9;40.05;;;
37.302928;-6.780760;5;0;0;1604;211;140.94;40.01;;;
37.302994;-6.780970;5;0;0;1604;211;140.96;39.99;;;
37.303126;-6.781391;5;0;0;1604;211;141;39.95;;;
37.303258;-6.781812;5;0;0;1604;211;141.04;39.91;;;
37.303324;-6.782022;5;0;0;1604;211;141.06;39.89;;;
37.303456;-6.782443;5;0;0;1604;211;141.1;39.85;;;
37.303522;-6.782653;5;0;0;1604;211;141.12;39.83;;;
37.303654;-6.783074;4;0;0;1604;211;141.16;39.79;;;
37.303720;-6.783284;4;0;0;1604;211;141.18;39.77;;;
37.303852;-6.783705;4;0;0;1604;211;141.22;39.73;;;
37.303918;-6.783915;4;0;0;1604;211;141.24;39.71;;;
37.303984;-6.784126;4;0;0;1604;211;141.26;39.69;;;
37.304050;-6.784336;4;0;0;1604;211;141.28;39.67;;;
37.304145;-6.784771;4;0;0;1604;211;141.32;39.63;;;
37.304168;-6.784995;4;0;0;1604;211;141.34;39.61;;;
37.304195;-6.785445;4;0;0;1604;211;141.38;39.57;;;
37.304185;-6.785671;4;0;0;1604;211;141.4;39.55;;;
37.304126;-6.786116;4;0;0;1604;211;141.44;39.51;;;
37.304088;-6.786337;4;0;0;1604;211;141.46;39.49;;;
37.304010;-6.786779;4;0;0;1604;211;141.5;39.45;;;
37.303932;-6.787220;4;0;0;1604;211;141.54;39.41;;;
37.303893;-6.787441;4;0;0;1604;211;141.56;39.39;;;
37.303816;-6.787883;4;0;0;1604;211;141.6;39.35;;;
37.303777;-6.788104;4;0;0;1605;210;141.62;39.33;;;
37.303700;-6.788545;4;0;0;1605;210;141.66;39.29;;;
37.303661;-6.788766;4;0;0;1605;210;141.68;39.27;;;
37.303583;-6.789207;4;0;0;1605;210;141.72;39.23;;;
37.303544;-6.789428;4;0;0;1605;210;141.74;39.21;;;
37.303506;-6.789649;4;0;0;1605;210;141.76;39.19;;;
37.303467;-6.789870;4;0;0;1605;210;141.78;39.17;;;
37.303389;-6.790311;4;0;0;1605;210;141.82;39.13;;;
37.303350;-6.790532;4;0;0;1605;210;141.84;39.11;;;
37.303273;-6.790974;4;0;0;1605;210;141.88;39.07;;;
37.303234;-6.791195;4;0;0;1605;210;141.9;39.05;;;
37.303156;-6.791636;4;0;0;1605;210;141.94;39.01;;;
37.303117;-6.791857;4;0;0;1605;210;141.96;38.99;;;
37.303040;-6.792299;4;0;0;1605;210;142;38.95;;;
37.302962;-6.792740;4;0;0;1605;210;142.04;38.91;;;
37.302924;-6.792961;4;0;0;1605;210;142.06;38.89;;;
37.302846;-6.793403;4;0;0;1605;210;142.1;38.85;;;
37.302807;-6.793623;4;0;0;1605;210;142.12;38.83;;;
37.302729;-6.794065;4;0;0;1605;210;142.16;38.79;;;
37.302691;-6.794286;4;0;0;1605;210;142.18;38.77;;;
37.302613;-6.794727;4;0;0;1605;210;142.22;38.73;;;
37.302574;-6.794948;4;0;0;1605;210;142.24;38.71;;;
37.302535;-6.795169;4;0;0;1605;210;142.26;38.69;;;
37.302496;-6.795390;4;0;0;1605;210;142.28;38.67;;;
37.302419;-6.795831;4;0;0;1605;210;142.32;38.63;;;
37.302380;-6.796052;4;0;0;1605;210;142.34;38.61;;;
37.302302;-6.796494;4;0;0;1605;210;142.38;38.57;;;
37.302264;-6.796714;5;0;0;1605;210;142.4;38.55;;;
37.302186;-6.797156;5;0;0;1605;210;142.44;38.51;;;
37.302147;-6.797377;5;0;0;1605;210;142.46;38.49;;;
37.302069;-6.797818;5;0;0;1605;210;142.5;38.45;;;
37.301992;-6.798260;5;0;0;1605;210;142.54;38.41;;;
37.301953;-6.798481;5;0;0;1605;210;142.56;38.39;;;
37.301875;-6.798922;5;0;0;1605;210;142.6;38.35;;;
37.301836;-6.799143;5;0;0;1605;210;142.62;38.33;;;
37.301759;-6.799585;5;0;0;1605;210;142.66;38.29;;;
37.301720;-6.799805;5;0;0;1605;210;142.68;38.27;;;
37.301642;-6.800247;5;0;0;1605;210;142.72;38.23;;;
37.301611;-6.800469;5;0;0;1605;210;142.74;38.21;;;
37.301584;-6.800693;5;0;0;1605;210;142.76;38.19;;;
37.301558;-6.800917;5;0;0;1606;209;142.78;38.17;;;
37.301536;-6.801368;5;0;0;1606;209;142.82;38.13;;;
37.301531;-6.801594;5;0;0;1606;209;142.84;38.11;;;
37.301538;-6.802046;5;0;0;1606;209;142.88;38.07;;;
37.301546;-6.802272;5;0;0;1606;209;142.9;38.05;;;
37.301571;-6.802723;5;0;0;1606;209;142.94;38.01;;;
37.301583;-6.802949;5;0;0;1606;209;142.96;37.99;;;
37.301607;-6.803400;6;0;0;1606;209;143;37.95;;;
37.301631;-6.803851;6;0;0;1606;209;143.04;37.91;;;
37.301643;-6.804077;6;0;0;1606;209;143.06;37.89;;;
37.301667;-6.804528;6;0;0;1606;209;143.1;37.85;;;
37.301679;-6.804753;6;0;0;1606;209;143.12;37.83;;;
37.301703;-6.805205;6;0;0;1606;209;143.16;37.79;;;
37.301715;-6.805430;6;0;0;1606;209;143.18;37.77;;;
37.301739;-6.805881;6;0;0;1606;209;143.22;37.73;;;
37.301751;-6.806107;5;0;0;1606;209;143.24;37.71;;;
37.301763;-6.806333;5;0;0;1606;209;143.26;37.69;;;
37.301775;-6.806558;5;0;0;1606;209;143.28;37.67;;;
37.301800;-6.807010;5;0;0;1606;209;143.32;37.63;;;
37.301812;-6.807235;5;0;0;1606;209;143.34;37.61;;;
37.301819;-6.807687;5;0;0;1606;209;143.38;37.57;;;
37.301819;-6.807913;5;0;0;1606;209;143.4;37.55;;;
37.301819;-6.808365;5;0;0;1606;209;143.44;37.51;;;
37.301810;-6.808591;5;0;0;1606;209;143.46;37.49;;;
37.301782;-6.809042;5;0;0;1606;209;143.5;37.45;;;
37.301752;-6.809493;5;0;0;1606;209;143.54;37.41;;;
37.301738;-6.809718;5;0;0;1606;209;143.56;37.39;;;
37.301710;-6.810169;5;0;0;1606;209;143.6;37.35;;;
37.301695;-6.810394;5;0;0;1606;209;143.62;37.33;;;
37.301675;-6.810846;5;0;0;1606;209;143.66;37.29;;;
37.301671;-6.811072;5;0;0;1606;209;143.68;37.27;;;
37.301683;-6.811523;5;0;0;1606;209;143.72;37.23;;;
37.301693;-6.811749;5;0;0;1606;209;143.74;37.21;;;
37.301703;-6.811975;5;0;0;1606;209;143.76;37.19;;;
37.301713;-6.812201;5;0;0;1606;209;143.78;37.17;;;
37.301731;-6.812652;5;0;0;1606;209;143.82;37.13;;;
37.301741;-6.812878;4;0;0;1606;209;143.84;37.11;;;
37.301760;-6.813330;4;0;0;1606;209;143.88;37.07;;;
37.301770;-6.813555;4;0;0;1606;209;143.9;37.05;;;
37.301789;-6.814007;4;0;0;1606;209;143.94;37.01;;;
37.301798;-6.814233;4;0;0;1606;209;143.96;36.99;;;
37.301818;-6.814684;4;0;0;1606;209;144;36.95;;;
37.301836;-6.815136;4;0;0;1606;209;144.04;36.91;;;
37.301846;-6.815362;4;0;0;1606;209;144.06;36.89;;;
37.301865;-6.815813;4;0;0;1606;209;144.1;36.85;;;
37.301875;-6.816039;4;0;0;1606;209;144.12;36.83;;;
37.301894;-6.816491;4;0;0;1606;209;144.16;36.79;;;
37.301903;-6.816717;4;0;0;1606;209;144.18;36.77;;;
37.301923;-6.817168;3;0;0;1606;209;144.22;36.73;;;
37.301932;-6.817394;3;0;0;1606;209;144.24;36.71;;;
37.301942;-6.817620;3;0;0;1606;209;144.26;36.69;;;
37.301951;-6.817846;3;0;0;1606;209;144.28;36.67;;;
37.301970;-6.818297;3;0;0;1606;209;144.32;36.63;;;
37.301980;-6.818523;3;0;0;1606;209;144.34;36.61;;;
37.301998;-6.818975;3;0;0;1606;209;144.38;36.57;;;
37.302026;-6.819198;3;0;0;1606;209;144.4;36.55;;;
37.302106;-6.819638;3;0;0;1606;209;144.44;36.51;;;
37.302158;-6.819855;3;0;-1;1606;209;144.46;36.49;;;
37.302286;-6.820275;3;0;-1;1606;209;144.5;36.45;;;
37.302530;-6.820601;2;0;-1;1606;209;144.54;36.41;;;
37.302629;-6.820790;2;0;-1;1606;209;144.56;36.39;;;
37.302799;-6.821178;2;0;-1;1606;209;144.6;36.35;;;
37.302726;-6.821379;1;0;-1;1606;209;144.62;36.33;;;
37.302432;-6.821638;1;0;-1;1606;209;144.66;36.29;;;
37.302288;-6.821774;1;0;-1;1606;209;144.68;36.27;;;
37.302023;-6.822080;1;0;0;1606;209;144.72;36.23;30;;
37.301900;-6.822244;1;0;-1;1606;209;144.74;36.21;;;
37.301777;-6.822409;1;0;0;1606;209;144.76;36.19;;;
37.301653;-6.822573;1;0;0;1606;209;144.78;36.17;;;
37.301441;-6.822939;0;0;0;1606;209;144.82;36.13;;;
37.301336;-6.823122;0;0;0;1606;209;144.84;36.11;;;
37.301124;-6.823487;0;0;0;1606;209;144.88;36.07;;;
37.301019;-6.823670;0;0;0;1606;209;144.9;36.05;;;
37.300807;-6.824036;0;0;0;1606;209;144.94;36.01;;;
37.300701;-6.824219;0;0;0;1606;209;144.96;35.99;;;
37.300489;-6.824584;0;0;0;1606;209;145;35.95;;;
37.300272;-6.824945;0;0;0;1606;209;145.04;35.91;;;
37.300164;-6.825125;0;0;0;1606;209;145.06;35.89;;;
37.299956;-6.825494;-1;0;0;1606;209;145.1;35.85;;;
37.299855;-6.825681;-1;0;0;1606;209;145.12;35.83;;;
37.299651;-6.826054;-1;0;0;1606;209;145.16;35.79;;;
37.299550;-6.826241;0;0;0;1606;209;145.18;35.77;;;
37.299348;-6.826615;0;0;0;1606;209;145.22;35.73;;;
37.299246;-6.826801;0;0;0;1606;209;145.24;35.71;;;
37.299139;-6.826983;0;0;0;1606;209;145.26;35.69;;;
37.299030;-6.827163;0;0;0;1606;209;145.28;35.67;;;
37.298797;-6.827507;0;0;1;1606;209;145.32;35.63;;;
37.298673;-6.827671;0;0;1;1607;208;145.34;35.61;;;
37.298407;-6.827976;0;0;1;1607;208;145.38;35.57;;;
37.298268;-6.828118;1;0;1;1607;208;145.4;35.55;;;
37.297975;-6.828379;1;0;1;1608;207;145.44;35.51;;;
37.297817;-6.828486;2;0;1;1608;207;145.46;35.49;;;
37.297494;-6.828685;2;0;2;1609;206;145.5;35.45;;;
37.297161;-6.828854;3;0;2;1609;206;145.54;35.41;;;
37.296990;-6.828923;3;0;2;1610;205;145.56;35.39;;;
37.296641;-6.829033;4;0;2;1611;204;145.6;35.35;;;
37.296465;-6.829081;5;0;2;1611;204;145.62;35.33;;;
37.296108;-6.829130;5;0;2;1612;203;145.66;35.29;;;
37.295929;-6.829154;6;0;2;1612;203;145.68;35.27;;;
37.295571;-6.829203;7;0;3;1613;202;145.72;35.23;;;
37.295392;-6.829227;7;0;3;1614;201;145.74;35.21;;;
37.295214;-6.829252;8;0;3;1614;201;145.76;35.19;;;
37.295035;-6.829276;8;0;3;1615;200;145.78;35.17;;;
37.294677;-6.829322;10;0;3;1616;199;145.82;35.13;;;
37.294498;-6.829344;10;0;3;1617;198;145.84;35.11;;;
37.294140;-6.829388;11;0;3;1618;197;145.88;35.07;;;
37.293961;-6.829410;12;0;3;1618;197;145.9;35.05;;;
37.293603;-6.829455;13;0;3;1620;195;145.94;35.01;;;
37.293424;-6.829477;14;0;3;1620;195;145.96;34.99;;;
37.293066;-6.829521;15;0;3;1621;194;146;34.95;;;
37.292708;-6.829565;16;0;3;1623;192;146.04;34.91;;;
37.292529;-6.829588;17;0;4;1624;191;146.06;34.89;;;
37.292171;-6.829630;18;0;4;1625;190;146.1;34.85;;;
37.291992;-6.829650;19;0;4;1626;189;146.12;34.83;;;
37.291633;-6.829690;21;0;4;1627;188;146.16;34.79;;;
37.291454;-6.829711;22;0;4;1628;187;146.18;34.77;;;
37.291096;-6.829751;23;0;4;1630;185;146.22;34.73;;;
37.290917;-6.829771;24;0;4;1631;184;146.24;34.71;;;
37.290738;-6.829791;25;0;4;1632;183;146.26;34.69;;;
37.290558;-6.829811;26;0;4;1632;183;146.28;34.67;;;
37.290200;-6.829851;28;0;4;1634;181;146.32;34.63;;;
37.290021;-6.829871;29;0;4;1635;180;146.34;34.61;;;
37.289662;-6.829908;30;0;5;1637;178;146.38;34.57;;;
37.289483;-6.829924;31;0;5;1638;177;146.4;34.55;;;
37.289124;-6.829956;33;0;5;1640;175;146.44;34.51;;;
37.288945;-6.829971;34;0;5;1641;174;146.46;34.49;;;
37.288586;-6.830003;36;0;5;1642;173;146.5;34.45;;;
37.288227;-6.830034;38;0;5;1644;171;146.54;34.41;;;
37.288047;-6.830049;39;0;5;1645;170;146.56;34.39;;;
37.287689;-6.830081;40;0;5;1647;168;146.6;34.35;;;
37.287509;-6.830097;41;0;4;1648;167;146.62;34.33;;;
37.287150;-6.830127;43;0;4;1650;165;146.66;34.29;;;
37.286971;-6.830143;44;0;4;1650;165;146.68;34.27;;;
37.286612;-6.830175;46;0;4;1652;163;146.72;34.23;;;
37.286433;-6.830190;46;0;4;1653;162;146.74;34.21;;;
37.286253;-6.830205;47;0;4;1654;161;146.76;34.19;;;
37.286074;-6.830221;48;0;4;1655;160;146.78;34.17;;;
37.285715;-6.830253;50;0;4;1656;159;146.82;34.13;;;
37.285535;-6.830268;51;0;4;1657;158;146.84;34.11;;;
37.285176;-6.830255;53;0;4;1659;156;146.88;34.07;;;
37.284996;-6.830244;53;0;4;1660;155;146.9;34.05;;;
37.284639;-6.830199;55;0;4;1661;154;146.94;34.01;;;
37.284461;-6.830164;56;0;4;1662;153;146.96;33.99;;;
37.284108;-6.830078;57;0;4;1664;151;147;33.95;;;
37.283765;-6.829943;58;0;5;1665;150;147.04;33.91;;;
37.283591;-6.829890;59;0;5;1666;149;147.06;33.89;;;
37.283233;-6.829867;62;0;5;1669;146;147.1;33.85;;;
37.283060;-6.829802;63;0;5;1670;145;147.12;33.83;;;
37.282732;-6.829625;65;0;4;1671;144;147.16;33.79;;;
37.282587;-6.829492;66;0;3;1672;143;147.18;33.77;;;
37.282247;-6.829357;67;0;2;1673;142;147.22;33.73;31;;
37.282069;-6.829321;67;0;2;1674;141;147.24;33.71;;;
37.281892;-6.829286;67;0;1;1674;141;147.26;33.69;;;
37.281714;-6.829250;67;0;1;1674;141;147.28;33.67;;;
37.281357;-6.829197;68;0;0;1674;141;147.32;33.63;;;
37.281178;-6.829177;68;0;0;1674;141;147.34;33.61;;;
37.280819;-6.829153;68;0;0;1674;141;147.38;33.57;;;
37.280639;-6.829158;68;0;0;1674;141;147.4;33.55;;;
37.280280;-6.829168;68;0;0;1674;141;147.44;33.51;;;
37.280101;-6.829192;68;0;-1;1674;141;147.46;33.49;;;
37.279744;-6.829249;67;0;-1;1674;141;147.5;33.45;;;
37.279387;-6.829305;67;0;-1;1674;141;147.54;33.41;;;
37.279209;-6.829339;67;0;-1;1674;141;147.56;33.39;;;
37.278854;-6.829411;66;0;-1;1674;141;147.6;33.35;;;
37.278677;-6.829447;66;0;-2;1674;141;147.62;33.33;;;
37.278321;-6.829518;65;0;-2;1674;141;147.66;33.29;;;
37.278144;-6.829552;65;0;-2;1674;141;147.68;33.27;;;
37.277788;-6.829621;64;0;-2;1674;141;147.72;33.23;;;
37.277611;-6.829659;64;0;-3;1674;141;147.74;33.21;;;
37.277434;-6.829697;63;0;-3;1674;141;147.76;33.19;;;
37.277256;-6.829735;63;0;-3;1674;141;147.78;33.17;;;
37.276915;-6.829862;61;0;-3;1674;141;147.82;33.13;;;
37.276740;-6.829888;60;0;-4;1674;141;147.84;33.11;;;
37.276382;-6.829903;59;0;-4;1674;141;147.88;33.07;;;
37.276205;-6.829946;58;0;-4;1674;141;147.9;33.05;;;
37.275852;-6.830032;57;0;-3;1674;141;147.94;33.01;;;
37.275676;-6.830075;56;0;-3;1674;141;147.96;32.99;;;
37.275322;-6.830160;55;0;-4;1674;141;148;32.95;;;
37.274969;-6.830242;53;0;-4;1674;141;148.04;32.91;;;
37.274791;-6.830279;52;0;-4;1674;141;148.06;32.89;;;
37.274438;-6.830360;51;0;-4;1674;141;148.1;32.85;;;
37.274265;-6.830425;50;0;-4;1674;141;148.12;32.83;;;
37.273921;-6.830555;49;0;-4;1674;141;148.16;32.79;;;
37.273749;-6.830624;48;0;-3;1674;141;148.18;32.77;;;
37.273417;-6.830795;46;0;-3;1674;141;148.22;32.73;;;
37.273250;-6.830880;46;0;-3;1674;141;148.24;32.71;;;
37.273084;-6.830966;45;0;-3;1674;141;148.26;32.69;;;
37.272925;-6.831071;44;0;-3;1674;141;148.28;32.67;;;
37.272607;-6.831283;43;0;-3;1674;141;148.32;32.63;;;
37.272447;-6.831388;43;0;-3;1674;141;148.34;32.61;;;
37.272141;-6.831625;42;0;-3;1674;141;148.38;32.57;;;
37.271988;-6.831745;41;0;-3;1674;141;148.4;32.55;;;
37.271697;-6.832008;40;0;-3;1674;141;148.44;32.51;;;
37.271553;-6.832145;39;0;-3;1674;141;148.46;32.49;;;
37.271275;-6.832431;38;0;-3;1674;141;148.5;32.45;;;
37.270998;-6.832720;37;0;-2;1674;141;148.54;32.41;;;
37.270860;-6.832865;37;0;-2;1674;141;148.56;32.39;;;
37.270584;-6.833155;36;0;-2;1674;141;148.6;32.35;;;
37.270447;-6.833301;36;0;-2;1674;141;148.62;32.33;;;
37.270173;-6.833593;35;0;-2;1674;141;148.66;32.29;;;
37.270036;-6.833740;34;0;-2;1674;141;148.68;32.27;;;
37.269762;-6.834034;34;0;-1;1674;141;148.72;32.23;;;
37.269625;-6.834180;34;0;-1;1674;141;148.74;32.21;;;
37.269488;-6.834326;33;0;-1;1674;141;148.76;32.19;;;
37.269353;-6.834475;33;0;-1;1674;141;148.78;32.17;;;
37.269081;-6.834771;33;0;-1;1674;141;148.82;32.13;;;
37.268946;-6.834920;33;0;-1;1674;141;148.84;32.11;;;
37.268669;-6.835209;32;0;-1;1674;141;148.88;32.07;;;
37.268533;-6.835356;32;0;0;1674;141;148.9;32.05;;;
37.268259;-6.835650;32;0;0;1674;141;148.94;32.01;;;
37.268122;-6.835796;32;0;0;1674;141;148.96;31.99;;;
37.267848;-6.836090;32;0;0;1674;141;149;31.95;;;
37.267574;-6.836383;32;0;0;1674;141;149.04;31.91;;;
37.267438;-6.836529;32;0;0;1674;141;149.06;31.89;;;
37.267164;-6.836822;32;0;0;1675;140;149.1;31.85;;;
37.267027;-6.836969;32;0;0;1675;140;149.12;31.83;;;
37.266756;-6.837267;32;0;0;1675;140;149.16;31.79;;;
37.266625;-6.837421;33;0;1;1675;140;149.18;31.77;;;
37.266362;-6.837730;33;0;1;1675;140;149.22;31.73;;;
37.266231;-6.837884;33;0;1;1675;140;149.24;31.71;;;
37.266100;-6.838039;33;0;1;1675;140;149.26;31.69;;;
37.265968;-6.838193;33;0;1;1676;139;149.28;31.67;;;
37.265708;-6.838506;34;0;1;1676;139;149.32;31.63;;;
37.265584;-6.838669;34;0;1;1676;139;149.34;31.61;;;
37.265335;-6.838995;34;0;1;1676;139;149.38;31.57;;;
37.265210;-6.839158;34;0;1;1677;138;149.4;31.55;;;
37.264961;-6.839484;34;0;1;1677;138;149.44;31.51;;;
37.264839;-6.839650;35;0;1;1677;138;149.46;31.49;;;
37.264598;-6.839986;35;0;1;1677;138;149.5;31.45;;;
37.264359;-6.840324;35;0;1;1677;138;149.54;31.41;;;
37.264244;-6.840497;35;0;1;1678;137;149.56;31.39;;;
37.264013;-6.840843;35;0;1;1678;137;149.6;31.35;;;
37.263898;-6.841017;36;0;1;1678;137;149.62;31.33;;;
37.263670;-6.841367;36;0;1;1678;137;149.66;31.29;;;
37.263561;-6.841546;36;0;1;1678;137;149.68;31.27;;;
37.263340;-6.841904;36;0;1;1678;137;149.72;31.23;;;
37.263230;-6.842082;36;0;1;1679;136;149.74;31.21;;;
37.263120;-6.842261;36;0;1;1679;136;149.76;31.19;;;
37.263011;-6.842440;37;0;1;1679;136;149.78;31.17;;;
37.262790;-6.842797;37;0;1;1679;136;149.82;31.13;;;
37.262680;-6.842976;37;0;0;1679;136;149.84;31.11;;;
37.262460;-6.843334;37;0;0;1679;136;149.88;31.07;;;
37.262350;-6.843513;37;0;0;1679;136;149.9;31.05;;;
37.262130;-6.843870;37;0;0;1680;135;149.94;31.01;;;
37.262020;-6.844049;37;0;0;1680;135;149.96;30.99;;;
37.261800;-6.844407;37;0;0;1680;135;150;30.95;;;
37.261580;-6.844764;37;0;0;1680;135;150.04;30.91;;;
37.261470;-6.844943;37;0;0;1680;135;150.06;30.89;;;
37.261250;-6.845301;37;0;0;1680;135;150.1;30.85;;;
37.261140;-6.845479;37;0;0;1680;135;150.12;30.83;;;
37.260933;-6.845849;37;0;0;1680;135;150.16;30.79;;;
37.260825;-6.846030;37;0;0;1680;135;150.18;30.77;;;
37.260605;-6.846387;37;0;0;1680;135;150.22;30.73;;;
37.260494;-6.846565;37;0;0;1680;135;150.24;30.71;;;
37.260383;-6.846743;37;0;0;1680;135;150.26;30.69;;;
37.260273;-6.846921;37;0;0;1680;135;150.28;30.67;;;
37.260050;-6.847277;37;0;0;1680;135;150.32;30.63;;;
37.259948;-6.847463;37;0;0;1680;135;150.34;30.61;;;
37.259744;-6.847835;37;0;0;1680;135;150.38;30.57;;;
37.259643;-6.848021;37;0;0;1680;135;150.4;30.55;;;
37.259449;-6.848402;37;0;0;1680;135;150.44;30.51;;;
37.259356;-6.848595;37;0;0;1680;135;150.46;30.49;;;
37.259179;-6.848989;37;0;0;1680;135;150.5;30.45;;;
37.259028;-6.849399;36;0;0;1680;135;150.54;30.41;;;
37.258952;-6.849604;36;0;0;1680;135;150.56;30.39;;;
37.258800;-6.850014;36;0;0;1680;135;150.6;30.35;;;
37.258724;-6.850219;36;0;0;1680;135;150.62;30.33;;;
37.258573;-6.850629;36;0;0;1680;135;150.66;30.29;;;
37.258497;-6.850833;36;0;0;1680;135;150.68;30.27;;;
37.258345;-6.851243;36;0;0;1680;135;150.72;30.23;;;
37.258269;-6.851448;36;0;0;1680;135;150.74;30.21;;;
37.258194;-6.851653;36;0;0;1680;135;150.76;30.19;;;
37.258118;-6.851858;36;0;0;1680;135;150.78;30.17;;;
37.257966;-6.852268;37;0;1;1680;135;150.82;30.13;;;
37.257891;-6.852473;37;0;1;1680;135;150.84;30.11;;;
37.257733;-6.852879;37;0;1;1681;134;150.88;30.07;;;
37.257643;-6.853075;37;0;1;1681;134;150.9;30.05;;;
37.257443;-6.853449;38;0;1;1681;134;150.94;30.01;;;
37.257333;-6.853628;38;0;1;1681;134;150.96;29.99;;;
37.257112;-6.853984;38;0;1;1682;133;151;29.95;;;
37.256891;-6.854341;39;0;1;1682;133;151.04;29.91;;;
37.256781;-6.854520;39;0;1;1682;133;151.06;29.89;;;
37.256561;-6.854877;39;0;1;1683;132;151.1;29.85;;;
37.256450;-6.855056;39;0;1;1683;132;151.12;29.83;;;
37.256230;-6.855413;39;0;1;1683;132;151.16;29.79;;;
37.256120;-6.855592;40;0;1;1683;132;151.18;29.77;;;
37.255905;-6.855954;40;0;1;1683;132;151.22;29.73;;;
37.255797;-6.856135;40;0;1;1683;132;151.24;29.71;;;
37.255690;-6.856316;40;0;1;1683;132;151.26;29.69;;;
37.255582;-6.856497;40;0;1;1684;131;151.28;29.67;;;
37.255367;-6.856859;40;0;1;1684;131;151.32;29.63;;;
37.255259;-6.857041;41;0;1;1684;131;151.34;29.61;;;
37.255044;-6.857403;41;0;1;1684;131;151.38;29.57;;;
37.254936;-6.857583;41;0;1;1685;130;151.4;29.55;;;
37.254714;-6.857939;41;0;0;1685;130;151.44;29.51;;;
37.254602;-6.858116;41;0;0;1685;130;151.46;29.49;;;
37.254379;-6.858470;41;0;0;1685;130;151.5;29.45;;;
37.254156;-6.858825;42;0;0;1685;130;151.54;29.41;;;
37.254045;-6.859003;42;0;0;1685;130;151.56;29.39;;;
37.253822;-6.859357;42;0;0;1685;130;151.6;29.35;;;
37.253710;-6.859534;42;0;0;1685;130;151.62;29.33;;;
37.253499;-6.859900;42;0;0;1685;130;151.66;29.29;;;
37.253395;-6.860084;42;0;0;1685;130;151.68;29.27;;;
37.253186;-6.860453;42;0;0;1685;130;151.72;29.23;;;
37.253083;-6.860638;42;0;0;1685;130;151.74;29.21;;;
37.252984;-6.860826;42;0;0;1685;130;151.76;29.19;;;
37.252884;-6.861014;42;0;0;1685;130;151.78;29.17;;;
37.252684;-6.861390;41;0;0;1685;130;151.82;29.13;;;
37.252584;-6.861578;41;0;0;1685;130;151.84;29.11;;;
37.252384;-6.861953;41;0;-1;1685;130;151.88;29.07;;;
37.252281;-6.862138;41;0;-1;1685;130;151.9;29.05;;;
37.252070;-6.862504;41;0;-1;1685;130;151.94;29.01;;;
37.251964;-6.862687;41;0;-1;1685;130;151.96;28.99;;;
37.251754;-6.863054;40;0;-1;1685;130;152;28.95;;;
37.251543;-6.863420;40;0;-1;1685;130;152.04;28.91;;;
37.251438;-6.863603;40;0;-1;1685;130;152.06;28.89;;;
37.251227;-6.863969;39;0;-1;1685;130;152.1;28.85;;;
37.251121;-6.864152;39;0;-1;1685;130;152.12;28.83;;;
37.250911;-6.864519;39;0;-1;1685;130;152.16;28.79;;;
37.250805;-6.864702;38;0;-1;1685;130;152.18;28.77;;;
37.250594;-6.865068;38;0;-1;1685;130;152.22;28.73;;;
37.250489;-6.865251;38;0;-1;1685;130;152.24;28.71;;;
37.250384;-6.865434;38;0;-1;1685;130;152.26;28.69;;;
37.250278;-6.865617;38;0;-1;1685;130;152.28;28.67;;;
37.250076;-6.865991;37;0;-1;1685;130;152.32;28.63;;;
37.249979;-6.866181;37;0;-1;1685;130;152.34;28.61;;;
37.249821;-6.866586;36;0;-1;1685;130;152.38;28.57;;;
37.249761;-6.866799;36;0;-1;1685;130;152.4;28.55;;;
37.249645;-6.867227;36;0;-1;1685;130;152.44;28.51;;;
37.249587;-6.867441;36;0;-1;1685;130;152.46;28.49;;;
37.249472;-6.867869;35;0;-1;1685;130;152.5;28.45;;;
37.249338;-6.868288;35;0;-1;1685;130;152.54;28.41;;;
37.249265;-6.868494;34;0;-1;1685;130;152.56;28.39;;;
37.249107;-6.868901;34;0;-1;1685;130;152.6;28.35;;;
37.249028;-6.869104;34;0;-1;1685;130;152.62;28.33;;;
37.248871;-6.869510;33;0;-1;1685;130;152.66;28.29;;;
37.248792;-6.869713;33;0;-1;1685;130;152.68;28.27;;;
37.248634;-6.870119;33;0;-1;1685;130;152.72;28.23;;;
37.248555;-6.870322;32;0;-1;1685;130;152.74;28.21;;;
37.248476;-6.870525;32;0;-1;1685;130;152.76;28.19;;;
37.248397;-6.870729;32;0;-1;1685;130;152.78;28.17;;;
37.248240;-6.871135;31;0;-1;1685;130;152.82;28.13;;;
37.248157;-6.871335;31;0;-1;1685;130;152.84;28.11;;;
37.247984;-6.871732;31;0;-1;1685;130;152.88;28.07;;;
37.247898;-6.871930;31;0;-1;1685;130;152.9;28.05;;;
37.247725;-6.872326;30;0;-1;1685;130;152.94;28.01;;;
37.247624;-6.872513;30;0;-1;1685;130;152.96;27.99;;;
37.247411;-6.872877;30;0;0;1685;130;153;27.95;;;
37.247175;-6.873217;30;0;0;1685;130;153.04;27.91;;;
37.247047;-6.873376;30;0;0;1685;130;153.06;27.89;;;
37.246783;-6.873682;30;0;0;1685;130;153.1;27.85;;;
37.246648;-6.873832;30;0;0;1685;130;153.12;27.83;;;
37.246378;-6.874131;30;0;1;1686;129;153.16;27.79;;;
37.246244;-6.874281;30;0;1;1686;129;153.18;27.77;;;
37.245974;-6.874579;31;0;1;1686;129;153.22;27.73;;;
37.245845;-6.874737;31;0;1;1686;129;153.24;27.71;;;
37.245721;-6.874900;31;0;1;1686;129;153.26;27.69;;;
37.245607;-6.875074;31;0;1;1687;128;153.28;27.67;;;
37.245392;-6.875437;32;0;1;1687;128;153.32;27.63;;;
37.245284;-6.875617;32;0;1;1687;128;153.34;27.61;;;
37.245072;-6.875982;33;0;1;1688;127;153.38;27.57;;;
37.244968;-6.876167;33;0;1;1688;127;153.4;27.55;;;
37.244761;-6.876536;33;0;1;1689;126;153.44;27.51;;;
37.244656;-6.876720;33;0;1;1689;126;153.46;27.49;;;
37.244460;-6.877099;34;0;1;1689;126;153.5;27.45;;;
37.244264;-6.877478;34;0;1;1690;125;153.54;27.41;;;
37.244166;-6.877668;34;0;1;1690;125;153.56;27.39;;;
37.243947;-6.878025;35;0;1;1690;125;153.6;27.35;;;
37.243834;-6.878200;35;0;1;1690;125;153.62;27.33;;;
37.243576;-6.878515;35;0;1;1691;124;153.66;27.29;;;
37.243444;-6.878668;35;0;1;1691;124;153.68;27.27;;;
37.243179;-6.878973;35;0;1;1691;124;153.72;27.23;;;
37.243055;-6.879137;36;0;1;1691;124;153.74;27.21;;;
37.242934;-6.879304;36;0;1;1691;124;153.76;27.19;;;
37.242813;-6.879471;36;0;1;1691;124;153.78;27.17;;;
37.242571;-6.879806;36;0;0;1691;124;153.82;27.13;;;
37.242451;-6.879974;36;0;0;1692;123;153.84;27.11;;;
37.242196;-6.880291;36;0;0;1692;123;153.88;27.07;;;
37.242059;-6.880438;36;0;0;1692;123;153.9;27.05;;;
37.241769;-6.880703;36;0;0;1692;123;153.94;27.01;;;
37.241614;-6.880816;36;0;0;1692;123;153.96;26.99;;;
37.241304;-6.881048;36;0;0;1692;123;154;26.95;;;
37.240995;-6.881278;36;0;-1;1692;123;154.04;26.91;;;
37.240845;-6.881402;36;0;-1;1692;123;154.06;26.89;;;
37.240565;-6.881685;35;0;-1;1692;123;154.1;26.85;;;
37.240429;-6.881833;35;0;-1;1692;123;154.12;26.83;;;
37.240150;-6.882119;34;0;-2;1692;123;154.16;26.79;;;
37.240009;-6.882259;34;0;-2;1692;123;154.18;26.77;;;
37.239729;-6.882542;33;0;-2;1692;123;154.22;26.73;;;
37.239589;-6.882684;33;0;-2;1692;123;154.24;26.71;;;
37.239449;-6.882825;32;0;-2;1692;123;154.26;26.69;;;
37.239308;-6.882967;32;0;-2;1692;123;154.28;26.67;;;
37.239029;-6.883251;31;0;-3;1692;123;154.32;26.63;;;
37.238889;-6.883393;30;0;-3;1692;123;154.34;26.61;;;
37.238609;-6.883676;29;0;-3;1692;123;154.38;26.57;;;
37.238468;-6.883818;29;0;-3;1692;123;154.4;26.55;;;
37.238190;-6.884104;28;0;-2;1692;123;154.44;26.51;;;
37.238050;-6.884247;27;0;-2;1692;123;154.46;26.49;;;
37.237772;-6.884532;26;0;-2;1692;123;154.5;26.45;;;
37.237493;-6.884818;25;0;-2;1692;123;154.54;26.41;;;
37.237354;-6.884962;25;0;-2;1692;123;154.56;26.39;;;
37.237076;-6.885248;24;0;-3;1692;123;154.6;26.35;;;
37.236936;-6.885391;23;0;-3;1692;123;154.62;26.33;;;
37.236658;-6.885676;22;0;-3;1692;123;154.66;26.29;;;
37.236518;-6.885819;22;0;-3;1692;123;154.68;26.27;;;
37.236240;-6.886106;21;0;-3;1692;123;154.72;26.23;;;
37.236101;-6.886248;20;0;-2;1692;123;154.74;26.21;;;
37.235962;-6.886391;20;0;-2;1692;123;154.76;26.19;;;
37.235822;-6.886534;19;0;-2;1692;123;154.78;26.17;;;
37.235544;-6.886820;18;0;-2;1692;123;154.82;26.13;;;
37.235405;-6.886963;18;0;-2;1692;123;154.84;26.11;;;
37.235126;-6.887249;17;0;-2;1692;123;154.88;26.07;;;
37.234987;-6.887392;16;0;-2;1692;123;154.9;26.05;;;
37.234708;-6.887678;16;0;-2;1692;123;154.94;26.01;;;
37.234569;-6.887821;15;0;-2;1692;123;154.96;25.99;;;
37.234290;-6.888107;15;0;-2;1692;123;155;25.95;;;
37.234012;-6.888393;14;0;-2;1692;123;155.04;25.91;;;
37.233873;-6.888536;14;0;-1;1692;123;155.06;25.89;;;
37.233594;-6.888822;13;0;-1;1692;123;155.1;25.85;;;
37.233455;-6.888965;13;0;-1;1692;123;155.12;25.83;;;
37.233176;-6.889251;13;0;-1;1692;123;155.16;25.79;;;
37.233037;-6.889394;12;0;-1;1692;123;155.18;25.77;;;
37.232758;-6.889679;12;0;0;1692;123;155.22;25.73;;;
37.232608;-6.889804;12;0;0;1692;123;155.24;25.71;;;
37.232449;-6.889908;12;0;0;1692;123;155.26;25.69;;;
37.232284;-6.889997;12;0;0;1692;123;155.28;25.67;;;
37.231945;-6.890146;12;0;0;1692;123;155.32;25.63;;;
37.231772;-6.890209;12;0;1;1692;123;155.34;25.61;;;
37.231429;-6.890343;13;0;1;1692;123;155.38;25.57;;;
37.231271;-6.890448;13;0;1;1692;123;155.4;25.55;32;;
37.231047;-6.890794;14;0;2;1693;122;155.44;25.51;;;
37.230975;-6.891001;14;0;2;1694;121;155.46;25.49;;;
37.230758;-6.891351;15;0;2;1695;120;155.5;25.45;;;
37.230413;-6.891453;16;0;3;1696;119;155.54;25.41;;;
37.230235;-6.891479;17;0;2;1696;119;155.56;25.39;;;
37.229887;-6.891577;18;0;2;1697;118;155.6;25.35;;;
37.229743;-6.891711;18;0;2;1698;117;155.62;25.33;;;
37.229467;-6.892000;19;0;2;1698;117;155.66;25.29;;;
37.229334;-6.892152;19;0;2;1699;116;155.68;25.27;;;
37.229075;-6.892466;20;0;2;1699;116;155.72;25.23;;;
37.228949;-6.892627;20;0;1;1700;115;155.74;25.21;;;
37.228830;-6.892796;21;0;1;1700;115;155.76;25.19;;;
37.228723;-6.892978;21;0;1;1700;115;155.78;25.17;;;
37.228510;-6.893341;21;0;1;1701;114;155.82;25.13;;;
37.228403;-6.893523;21;0;1;1701;114;155.84;25.11;;;
37.228189;-6.893886;21;0;1;1701;114;155.88;25.07;;;
37.228088;-6.894073;22;0;1;1701;114;155.9;25.05;;;
37.227899;-6.894457;22;0;1;1701;114;155.94;25.01;;;
37.227804;-6.894649;22;0;1;1702;113;155.96;24.99;;;
37.227615;-6.895033;22;0;0;1702;113;156;24.95;;;
37.227425;-6.895417;22;0;0;1702;113;156.04;24.91;;;
37.227340;-6.895615;22;0;0;1702;113;156.06;24.89;;;
37.227199;-6.896031;22;0;0;1702;113;156.1;24.85;;;
37.227130;-6.896239;22;0;0;1702;113;156.12;24.83;;;
37.226998;-6.896660;22;0;0;1702;113;156.16;24.79;;;
37.226931;-6.896870;22;0;0;1702;113;156.18;24.77;;;
37.226800;-6.897290;22;0;0;1702;113;156.22;24.73;;;
37.226733;-6.897500;22;0;0;1702;113;156.24;24.71;;;
37.226669;-6.897711;22;0;0;1702;113;156.26;24.69;;;
37.226605;-6.897922;22;0;0;1702;113;156.28;24.67;;;
37.226477;-6.898344;22;0;0;1702;113;156.32;24.63;;;
37.226414;-6.898556;22;0;0;1702;113;156.34;24.61;;;
37.226286;-6.898978;22;0;0;1702;113;156.38;24.57;;;
37.226223;-6.899189;22;0;0;1702;113;156.4;24.55;;;
37.226095;-6.899612;22;0;-1;1702;113;156.44;24.51;;;
37.226031;-6.899823;22;0;-1;1702;113;156.46;24.49;;;
37.225875;-6.900229;22;0;-1;1702;113;156.5;24.45;;;
37.225670;-6.900599;21;0;-1;1702;113;156.54;24.41;;;
37.225552;-6.900769;21;0;-1;1702;113;156.56;24.39;;;
37.225294;-6.901084;21;0;-1;1702;113;156.6;24.35;;;
37.225165;-6.901242;21;0;-1;1702;113;156.62;24.33;;;
37.224907;-6.901556;21;0;-1;1702;113;156.66;24.29;;;
37.224778;-6.901713;20;0;-1;1702;113;156.68;24.27;;;
37.224519;-6.902027;20;0;-1;1702;113;156.72;24.23;;;
37.224390;-6.902185;20;0;-1;1702;113;156.74;24.21;;;
37.224261;-6.902342;20;0;-1;1702;113;156.76;24.19;;;
37.224132;-6.902499;20;0;0;1702;113;156.78;24.17;;;
37.223874;-6.902813;20;0;0;1702;113;156.82;24.13;;;
37.223737;-6.902961;20;0;0;1702;113;156.84;24.11;;;
37.223463;-6.903254;19;0;0;1702;113;156.88;24.07;;;
37.223327;-6.903400;19;0;0;1702;113;156.9;24.05;;;
37.223042;-6.903676;19;0;0;1702;113;156.94;24.01;;;
37.222899;-6.903813;19;0;0;1702;113;156.96;23.99;;;
37.222578;-6.903985;19;0;0;1702;113;157;23.95;;;
37.222335;-6.903761;19;0;0;1702;113;157.04;23.91;;;
37.222352;-6.903541;19;0;0;1702;113;157.06;23.89;;;
37.222432;-6.903101;19;0;1;1702;113;157.1;23.85;;;
37.222485;-6.902885;19;0;1;1703;112;157.12;23.83;;;
37.222588;-6.902452;20;0;1;1703;112;157.16;23.79;;;
37.222643;-6.902237;20;0;1;1703;112;157.18;23.77;;;
37.222749;-6.901805;20;0;1;1704;111;157.22;23.73;;;
37.222803;-6.901590;21;0;1;1704;111;157.24;23.71;;;
37.222857;-6.901374;21;0;1;1704;111;157.26;23.69;;;
37.222910;-6.901159;21;0;1;1704;111;157.28;23.67;;;
37.223017;-6.900727;22;0;2;1705;110;157.32;23.63;;;
37.223071;-6.900512;22;0;2;1705;110;157.34;23.61;;;
37.223178;-6.900080;23;0;2;1706;109;157.38;23.57;;;
37.223232;-6.899865;23;0;2;1706;109;157.4;23.55;;;
37.223339;-6.899434;24;0;2;1707;108;157.44;23.51;;;
37.223392;-6.899218;25;0;2;1708;107;157.46;23.49;;;
37.223491;-6.898784;25;0;2;1709;106;157.5;23.45;;;
37.223588;-6.898349;26;0;2;1709;106;157.54;23.41;;;
37.223636;-6.898131;26;0;2;1709;106;157.56;23.39;;;
37.223708;-6.897688;27;0;2;1710;105;157.6;23.35;;;
37.223742;-6.897467;27;0;2;1710;105;157.62;23.33;;;
37.223784;-6.897018;28;0;2;1711;104;157.66;23.29;;;
37.223799;-6.896793;29;0;2;1712;103;157.68;23.27;;;
37.223831;-6.896343;30;0;3;1713;102;157.72;23.23;;;
37.223847;-6.896118;30;0;3;1713;102;157.74;23.21;;;
37.223863;-6.895893;31;0;3;1714;101;157.76;23.19;;;
37.223878;-6.895668;31;0;3;1714;101;157.78;23.17;;;
37.223907;-6.895218;32;0;2;1715;100;157.82;23.13;;;
37.223919;-6.894993;33;0;2;1716;99;157.84;23.11;;;
37.223941;-6.894542;34;0;2;1717;98;157.88;23.07;;;
37.223953;-6.894316;34;0;2;1717;98;157.9;23.05;;;
37.223976;-6.893865;35;0;3;1718;97;157.94;23.01;;;
37.223987;-6.893640;36;0;3;1719;96;157.96;22.99;;;
37.224010;-6.893189;37;0;3;1720;95;158;22.95;;;
37.224019;-6.892738;38;0;3;1721;94;158.04;22.91;;;
37.224053;-6.892517;39;0;4;1722;93;158.06;22.89;;;
37.224144;-6.892080;40;0;4;1723;92;158.1;22.85;;;
37.224189;-6.891861;41;0;4;1724;91;158.12;22.83;;;
37.224050;-6.891485;43;0;4;1726;89;158.16;22.79;;;
37.223892;-6.891381;44;0;4;1727;88;158.18;22.77;;;
37.223550;-6.891240;45;0;3;1728;87;158.22;22.73;;;
37.223379;-6.891172;45;0;2;1729;86;158.24;22.71;;;
37.223207;-6.891105;46;0;2;1729;86;158.26;22.69;;;
37.223035;-6.891037;46;0;2;1729;86;158.28;22.67;;;
37.222692;-6.890902;47;0;1;1730;85;158.32;22.63;33;;
37.222521;-6.890834;47;0;1;1730;85;158.34;22.61;;;
37.222177;-6.890700;48;0;1;1731;84;158.38;22.57;;;
37.222013;-6.890608;48;0;1;1731;84;158.4;22.55;;;
37.221673;-6.890463;48;0;0;1731;84;158.44;22.51;;;
37.221501;-6.890396;48;0;0;1731;84;158.46;22.49;;;
37.221158;-6.890258;48;0;0;1731;84;158.5;22.45;;;
37.220815;-6.890121;47;0;-1;1731;84;158.54;22.41;;;
37.220644;-6.890053;47;0;-1;1731;84;158.56;22.39;;;
37.220301;-6.889916;47;0;-1;1731;84;158.6;22.35;;;
37.220130;-6.889847;47;0;-1;1731;84;158.62;22.33;;;
37.219787;-6.889709;46;0;-2;1731;84;158.66;22.29;;;
37.219616;-6.889641;46;0;-2;1731;84;158.68;22.27;;;
37.219273;-6.889503;45;0;-2;1731;84;158.72;22.23;;;
37.219102;-6.889434;45;0;-2;1731;84;158.74;22.21;;;
37.218930;-6.889371;44;0;-3;1731;84;158.76;22.19;;;
37.218755;-6.889317;43;0;-3;1731;84;158.78;22.17;;;
37.218403;-6.889232;42;0;-3;1731;84;158.82;22.13;;;
37.218224;-6.889209;42;0;-3;1731;84;158.84;22.11;;;
37.217865;-6.889176;40;0;-4;1731;84;158.88;22.07;;;
37.217685;-6.889171;39;0;-4;1731;84;158.9;22.05;;;
37.217326;-6.889162;38;0;-4;1731;84;158.94;22.01;;;
37.217146;-6.889157;37;0;-4;1731;84;158.96;21.99;;;
37.216786;-6.889148;36;0;-4;1731;84;159;21.95;;;
37.216427;-6.889138;34;0;-4;1731;84;159.04;21.91;;;
37.216247;-6.889134;33;0;-4;1731;84;159.06;21.89;;;
37.215887;-6.889125;31;0;-5;1731;84;159.1;21.85;;;
37.215707;-6.889120;30;0;-5;1731;84;159.12;21.83;;;
37.215350;-6.889069;28;0;-5;1731;84;159.16;21.79;;;
37.215171;-6.889042;27;0;-5;1731;84;159.18;21.77;;;
37.214831;-6.888912;25;0;-5;1731;84;159.22;21.73;;;
37.214668;-6.888818;24;0;-5;1731;84;159.24;21.71;;;
37.214504;-6.888724;23;0;-5;1731;84;159.26;21.69;;;
37.214340;-6.888630;22;0;-4;1731;84;159.28;21.67;;;
37.214013;-6.888443;21;0;-4;1731;84;159.32;21.63;;;
37.213850;-6.888349;20;0;-4;1731;84;159.34;21.61;;;
37.213522;-6.888161;18;0;-4;1731;84;159.38;21.57;;;
37.213359;-6.888068;17;0;-4;1731;84;159.4;21.55;;;
37.213032;-6.887880;16;0;-4;1731;84;159.44;21.51;;;
37.212868;-6.887786;15;0;-4;1731;84;159.46;21.49;;;
37.212541;-6.887598;13;0;-4;1731;84;159.5;21.45;;;
37.212214;-6.887410;12;0;-3;1731;84;159.54;21.41;;;
37.212050;-6.887317;11;0;-3;1731;84;159.56;21.39;;;
37.211723;-6.887129;10;0;-3;1731;84;159.6;21.35;;;
37.211559;-6.887035;9;0;-3;1731;84;159.62;21.33;;;
37.211230;-6.886852;8;0;-3;1731;84;159.66;21.29;;;
37.211065;-6.886763;8;0;-3;1731;84;159.68;21.27;;;
37.210735;-6.886583;7;0;-3;1731;84;159.72;21.23;;;
37.210569;-6.886496;6;0;-3;1731;84;159.74;21.21;;;
37.210399;-6.886422;5;0;-3;1731;84;159.76;21.19;;;
37.210230;-6.886347;5;0;-3;1731;84;159.78;21.17;;;
37.209889;-6.886202;4;0;-2;1731;84;159.82;21.13;;;
37.209712;-6.886161;3;0;-2;1731;84;159.84;21.11;;;
37.209359;-6.886078;3;0;-2;1731;84;159.88;21.07;;;
37.209180;-6.886065;2;0;-2;1731;84;159.9;21.05;;;
37.208820;-6.886053;2;0;-2;1731;84;159.94;21.01;;;
37.208640;-6.886046;1;0;-2;1731;84;159.96;20.99;;;
37.208281;-6.886034;1;0;-1;1731;84;160;20.95;;;
37.207921;-6.886021;0;0;-1;1731;84;160.04;20.91;;;
37.207741;-6.886015;0;0;-1;1731;84;160.06;20.89;;;
37.207382;-6.886002;0;0;0;1731;84;160.1;20.85;;;
37.207202;-6.885996;0;0;0;1731;84;160.12;20.83;;;
37.206845;-6.885951;0;0;0;1731;84;160.16;20.79;;;
37.206669;-6.885907;0;0;0;1731;84;160.18;20.77;;;
37.206318;-6.885810;0;0;1;1731;84;160.22;20.73;;;
37.206149;-6.885733;0;0;1;1731;84;160.24;20.71;;;
37.205981;-6.885653;0;0;1;1731;84;160.26;20.69;;;
37.205822;-6.885547;1;0;1;1732;83;160.28;20.67;;;
37.205506;-6.885331;1;0;2;1732;83;160.32;20.63;;;
37.205352;-6.885214;2;0;2;1733;82;160.34;20.61;;;
37.205045;-6.884978;2;0;2;1733;82;160.38;20.57;;;
37.204892;-6.884860;3;0;2;1734;81;160.4;20.55;;;
37.204585;-6.884625;3;0;2;1735;80;160.44;20.51;;;
37.204431;-6.884507;4;0;2;1735;80;160.46;20.49;;;
37.204124;-6.884272;5;0;3;1736;79;160.5;20.45;;;
37.203817;-6.884037;6;0;3;1737;78;160.54;20.41;;;
37.203664;-6.883919;7;0;3;1738;77;160.56;20.39;;;
37.203357;-6.883684;8;0;3;1739;76;160.6;20.35;;;
37.203203;-6.883566;8;0;3;1740;75;160.62;20.33;;;
37.202896;-6.883331;10;0;3;1741;74;160.66;20.29;;;
37.202743;-6.883213;11;0;4;1742;73;160.68;20.27;;;
37.202436;-6.882978;12;0;4;1743;72;160.72;20.23;;;
37.202282;-6.882860;13;0;4;1744;71;160.74;20.21;;;
37.202128;-6.882743;13;0;4;1744;71;160.76;20.19;;;
37.201975;-6.882625;14;0;4;1745;70;160.78;20.17;;;
37.201668;-6.882390;16;0;3;1747;68;160.82;20.13;;;
37.201524;-6.882256;16;0;3;1747;68;160.84;20.11;;;
37.201254;-6.881957;17;0;3;1749;66;160.88;20.07;;;
37.201120;-6.881806;18;0;3;1749;66;160.9;20.05;;;
37.200898;-6.881452;19;0;3;1750;65;160.94;20.01;;;
37.200794;-6.881268;20;0;3;1751;64;160.96;19.99;;;
37.200613;-6.880878;22;0;3;1753;62;161;19.95;;;
37.200431;-6.880488;23;0;3;1754;61;161.04;19.91;;;
37.200341;-6.880292;24;0;3;1755;60;161.06;19.89;;;
37.200160;-6.879902;25;0;3;1756;59;161.1;19.85;;;
37.200068;-6.879708;26;0;3;1757;58;161.12;19.83;;;
37.199870;-6.879331;27;0;3;1758;57;161.16;19.79;;;
37.199760;-6.879152;28;0;3;1759;56;161.18;19.77;;;
37.199516;-6.878821;29;0;2;1760;55;161.22;19.73;;;
37.199391;-6.878659;29;0;2;1760;55;161.24;19.71;;;
37.199265;-6.878497;30;0;2;1761;54;161.26;19.69;;;
37.199133;-6.878344;30;0;2;1761;54;161.28;19.67;;;
37.198869;-6.878038;31;0;2;1762;53;161.32;19.63;;;
37.198737;-6.877885;31;0;2;1762;53;161.34;19.61;;;
37.198472;-6.877579;32;0;1;1763;52;161.38;19.57;;;
37.198340;-6.877426;32;0;1;1763;52;161.4;19.55;;;
37.198075;-6.877121;32;0;1;1763;52;161.44;19.51;;;
37.197942;-6.876968;33;0;1;1764;51;161.46;19.49;;;
37.197678;-6.876661;33;0;1;1764;51;161.5;19.45;;;
37.197413;-6.876356;33;0;1;1764;51;161.54;19.41;;;
37.197281;-6.876203;33;0;0;1764;51;161.56;19.39;;;
37.197016;-6.875897;33;0;0;1764;51;161.6;19.35;;;
37.196890;-6.875736;33;0;0;1765;50;161.62;19.33;;;
37.196642;-6.875410;34;0;0;1765;50;161.66;19.29;;;
37.196534;-6.875228;34;0;0;1765;50;161.68;19.27;;;
37.196320;-6.874866;34;0;0;1765;50;161.72;19.23;;;
37.196213;-6.874684;34;0;0;1765;50;161.74;19.21;;;
37.196106;-6.874503;33;0;0;1765;50;161.76;19.19;;;
37.196000;-6.874320;33;0;0;1765;50;161.78;19.17;;;
37.195793;-6.873951;33;0;0;1765;50;161.82;19.13;;;
37.195690;-6.873766;33;0;-1;1765;50;161.84;19.11;;;
37.195487;-6.873393;33;0;-1;1765;50;161.88;19.07;;;
37.195386;-6.873206;33;0;-1;1765;50;161.9;19.05;;;
37.195178;-6.872839;32;0;-1;1765;50;161.94;19.01;;;
37.195059;-6.872670;32;0;-1;1765;50;161.96;18.99;;;
37.194797;-6.872362;32;0;-1;1765;50;162;18.95;;;
37.194514;-6.872082;32;0;-1;1765;50;162.04;18.91;;;
37.194371;-6.871946;31;0;-1;1765;50;162.06;18.89;;;
37.194083;-6.871675;31;0;-1;1765;50;162.1;18.85;34;;
37.193937;-6.871543;31;0;-1;1765;50;162.12;18.83;;;
37.193641;-6.871286;30;0;-1;1765;50;162.16;18.79;;;
37.193493;-6.871159;30;0;-1;1765;50;162.18;18.77;;;
37.193196;-6.870904;30;0;-1;1765;50;162.22;18.73;;;
37.193047;-6.870777;30;0;-1;1765;50;162.24;18.71;;;
37.192898;-6.870650;30;0;-1;1765;50;162.26;18.69;;;
37.192749;-6.870524;29;0;-1;1765;50;162.28;18.67;;;
37.192452;-6.870269;29;0;-1;1765;50;162.32;18.63;;;
37.192304;-6.870142;29;0;-1;1765;50;162.34;18.61;;;
37.192006;-6.869888;29;0;-1;1765;50;162.38;18.57;;;
37.191858;-6.869761;28;0;-1;1765;50;162.4;18.55;;;
37.191561;-6.869504;28;0;-1;1765;50;162.44;18.51;;;
37.191417;-6.869370;28;0;-1;1765;50;162.46;18.49;;;
37.191120;-6.869115;27;0;-1;1765;50;162.5;18.45;;;
37.190820;-6.868866;27;0;-1;1765;50;162.54;18.41;;;
37.190668;-6.868746;27;0;-1;1765;50;162.56;18.39;;;
37.190362;-6.868508;27;0;-1;1765;50;162.6;18.35;;;
37.190210;-6.868388;26;0;-1;1765;50;162.62;18.33;;;
37.189902;-6.868155;26;0;-1;1765;50;162.66;18.29;;;
37.189764;-6.868011;26;0;-1;1765;50;162.68;18.27;;;
37.189473;-6.867747;26;0;-1;1765;50;162.72;18.23;;;
37.189324;-6.867620;26;0;-1;1765;50;162.74;18.21;;;
37.189175;-6.867493;25;0;-1;1765;50;162.76;18.19;;;
37.189026;-6.867366;25;0;-1;1765;50;162.78;18.17;;;
37.188729;-6.867112;25;0;-1;1765;50;162.82;18.13;;;
37.188580;-6.866985;25;0;0;1765;50;162.84;18.11;;;
37.188283;-6.866731;25;0;0;1765;50;162.88;18.07;;;
37.188134;-6.866604;25;0;0;1765;50;162.9;18.05;;;
37.187837;-6.866350;25;0;0;1765;50;162.94;18.01;;;
37.187688;-6.866223;24;0;0;1765;50;162.96;17.99;;;
37.187391;-6.865969;24;0;0;1765;50;163;17.95;;;
37.187093;-6.865715;24;0;0;1765;50;163.04;17.91;;;
37.186947;-6.865584;24;0;0;1765;50;163.06;17.89;;;
37.186655;-6.865321;24;0;0;1765;50;163.1;17.85;;;
37.186509;-6.865189;24;0;0;1765;50;163.12;17.83;;;
37.186204;-6.864950;24;0;0;1765;50;163.16;17.79;;;
37.186051;-6.864832;24;0;0;1765;50;163.18;17.77;;;
37.185765;-6.864558;24;0;0;1765;50;163.22;17.73;;;
37.185618;-6.864428;24;0;0;1765;50;163.24;17.71;;;
37.185471;-6.864298;24;0;0;1765;50;163.26;17.69;;;
37.185324;-6.864168;24;0;0;1765;50;163.28;17.67;;;
37.185028;-6.863911;24;0;0;1765;50;163.32;17.63;;;
37.184879;-6.863784;24;0;0;1765;50;163.34;17.61;;;
37.184581;-6.863532;24;0;0;1765;50;163.38;17.57;;;
37.184432;-6.863406;24;0;0;1765;50;163.4;17.55;;;
37.184134;-6.863152;24;0;0;1765;50;163.44;17.51;;;
37.183986;-6.863025;24;0;0;1765;50;163.46;17.49;;;
37.183688;-6.862770;24;0;0;1765;50;163.5;17.45;;;
37.183392;-6.862514;24;0;0;1765;50;163.54;17.41;;;
37.183244;-6.862386;24;0;0;1765;50;163.56;17.39;;;
37.182948;-6.862130;25;0;0;1765;50;163.6;17.35;;;
37.182799;-6.862003;25;0;0;1765;50;163.62;17.33;;;
37.182502;-6.861748;25;0;0;1765;50;163.66;17.29;;;
37.182354;-6.861620;25;0;0;1766;49;163.68;17.27;;;
37.182056;-6.861367;25;0;0;1766;49;163.72;17.23;;;
37.181907;-6.861241;25;0;1;1766;49;163.74;17.21;;;
37.181758;-6.861115;25;0;0;1766;49;163.76;17.19;;;
37.181608;-6.860989;25;0;1;1766;49;163.78;17.17;;;
37.181306;-6.860746;26;0;1;1766;49;163.82;17.13;;;
37.181154;-6.860625;26;0;1;1766;49;163.84;17.11;;;
37.181002;-6.860503;26;0;1;1767;48;163.86;17.09;;;
37.180844;-6.860395;26;0;1;1767;48;163.88;17.07;;;
37.180685;-6.860291;26;0;1;1767;48;163.9;17.05;;;
37.180531;-6.860176;26;0;1;1767;48;163.92;17.03;;;
37.180400;-6.860022;27;0;1;1767;48;163.94;17.01;;;
37.180256;-6.859887;27;0;1;1768;47;163.96;16.99;;;
37.180110;-6.859755;27;0;1;1768;47;163.98;16.97;;;
37.179964;-6.859623;27;0;1;1768;47;164;16.95;;;
37.179818;-6.859491;27;0;1;1768;47;164.02;16.93;;;
37.179672;-6.859359;28;0;1;1768;47;164.04;16.91;;;
37.179527;-6.859226;28;0;1;1769;46;164.06;16.89;;;
37.179381;-6.859094;28;0;1;1769;46;164.08;16.87;;;
37.179235;-6.858962;28;0;1;1769;46;164.1;16.85;;;
37.179094;-6.858822;28;0;1;1769;46;164.12;16.83;;;
37.178946;-6.858695;29;0;1;1769;46;164.14;16.81;;;
37.178797;-6.858568;29;0;1;1770;45;164.16;16.79;;;
37.178649;-6.858440;29;0;1;1770;45;164.18;16.77;;;
37.178501;-6.858312;29;0;1;1770;45;164.2;16.75;;;
37.178352;-6.858185;29;0;1;1770;45;164.22;16.73;;;
37.178203;-6.858058;30;0;1;1770;45;164.24;16.71;;;
37.178055;-6.857930;30;0;1;1770;45;164.26;16.69;;;
37.177907;-6.857803;30;0;1;1771;44;164.28;16.67;;;
37.177758;-6.857675;30;0;1;1771;44;164.3;16.65;;;
37.177610;-6.857548;30;0;1;1771;44;164.32;16.63;;;
37.177461;-6.857421;30;0;1;1771;44;164.34;16.61;;;
37.177313;-6.857293;30;0;1;1771;44;164.36;16.59;;;
37.177164;-6.857165;31;0;1;1771;44;164.38;16.57;;;
37.177016;-6.857038;31;0;1;1772;43;164.4;16.55;;;
37.176868;-6.856910;31;0;1;1772;43;164.42;16.53;;;
37.176719;-6.856783;31;0;1;1772;43;164.44;16.51;;;
37.176570;-6.856656;31;0;1;1772;43;164.46;16.49;;;
37.176422;-6.856528;32;0;1;1772;43;164.48;16.47;;;
37.176274;-6.856400;32;0;1;1772;43;164.5;16.45;;;
37.176125;-6.856273;32;0;1;1773;42;164.52;16.43;;;
37.175977;-6.856146;32;0;1;1773;42;164.54;16.41;;;
37.175828;-6.856018;32;0;1;1773;42;164.56;16.39;;;
37.175680;-6.855891;32;0;1;1773;42;164.58;16.37;;;
37.175531;-6.855763;33;0;1;1773;42;164.6;16.35;;;
37.175383;-6.855636;33;0;1;1773;42;164.62;16.33;;;
37.175234;-6.855509;33;0;1;1774;41;164.64;16.31;;;
37.175086;-6.855381;33;0;1;1774;41;164.66;16.29;;;
37.174938;-6.855253;33;0;1;1774;41;164.68;16.27;;;
37.174789;-6.855126;33;0;1;1774;41;164.7;16.25;;;
37.174640;-6.854999;33;0;1;1774;41;164.72;16.23;;;
37.174492;-6.854872;33;0;1;1774;41;164.74;16.21;;;
37.174344;-6.854744;33;0;1;1774;41;164.76;16.19;;;
37.174195;-6.854616;34;0;1;1774;41;164.78;16.17;;;
37.174047;-6.854489;34;0;0;1775;40;164.8;16.15;;;
37.173898;-6.854362;34;0;0;1775;40;164.82;16.13;;;
37.173750;-6.854234;34;0;0;1775;40;164.84;16.11;;;
37.173601;-6.854107;34;0;0;1775;40;164.86;16.09;;;
37.173453;-6.853980;34;0;0;1775;40;164.88;16.07;;;
37.173304;-6.853852;34;0;0;1775;40;164.9;16.05;;;
37.173156;-6.853725;34;0;0;1775;40;164.92;16.03;;;
37.173007;-6.853597;34;0;0;1775;40;164.94;16.01;;;
37.172859;-6.853470;34;0;0;1775;40;164.96;15.99;;;
37.172710;-6.853343;34;0;0;1775;40;164.98;15.97;;;
37.172562;-6.853215;34;0;0;1775;40;165;15.95;;;
37.172414;-6.853088;34;0;0;1775;40;165.02;15.93;;;
37.172264;-6.852962;34;0;0;1775;40;165.04;15.91;;;
37.172115;-6.852836;34;0;0;1775;40;165.06;15.89;;;
37.171966;-6.852710;34;0;0;1775;40;165.08;15.87;;;
37.171816;-6.852584;34;0;0;1775;40;165.1;15.85;;;
37.171667;-6.852458;34;0;0;1775;40;165.12;15.83;;;
37.171518;-6.852332;34;0;-1;1775;40;165.14;15.81;;;
37.171368;-6.852207;34;0;-1;1775;40;165.16;15.79;;;
37.171219;-6.852081;33;0;-1;1775;40;165.18;15.77;;;
37.171070;-6.851955;33;0;-1;1775;40;165.2;15.75;;;
37.170921;-6.851829;33;0;-1;1775;40;165.22;15.73;;;
37.170771;-6.851703;33;0;-1;1775;40;165.24;15.71;;;
37.170622;-6.851577;33;0;-1;1775;40;165.26;15.69;;;
37.170473;-6.851451;33;0;-1;1775;40;165.28;15.67;;;
37.170323;-6.851325;33;0;-1;1775;40;165.3;15.65;;;
37.170174;-6.851200;32;0;-1;1775;40;165.32;15.63;;;
37.170025;-6.851074;32;0;-1;1775;40;165.34;15.61;;;
37.169875;-6.850948;32;0;-1;1775;40;165.36;15.59;;;
37.169726;-6.850822;32;0;-1;1775;40;165.38;15.57;;;
37.169577;-6.850696;32;0;-1;1775;40;165.4;15.55;;;
37.169433;-6.850561;31;0;-1;1775;40;165.42;15.53;;;
37.169294;-6.850418;31;0;-1;1775;40;165.44;15.51;;;
37.169155;-6.850275;31;0;-1;1775;40;165.46;15.49;;;
37.169029;-6.850114;31;0;-1;1775;40;165.48;15.47;;;
37.168905;-6.849950;30;0;-1;1775;40;165.5;15.45;;;
37.168789;-6.849777;30;0;-1;1775;40;165.52;15.43;;;
37.168675;-6.849603;30;0;-1;1775;40;165.54;15.41;;;
37.168560;-6.849429;29;0;-1;1775;40;165.56;15.39;;;
37.168445;-6.849256;29;0;-1;1775;40;165.58;15.37;;;
37.168331;-6.849082;29;0;-1;1775;40;165.6;15.35;;;
37.168216;-6.848908;29;0;-1;1775;40;165.62;15.33;;;
37.168101;-6.848734;28;0;-1;1775;40;165.64;15.31;;;
37.167987;-6.848560;28;0;-1;1775;40;165.66;15.29;;;
37.167872;-6.848386;28;0;-1;1775;40;165.68;15.27;;;
37.167757;-6.848212;28;0;-1;1775;40;165.7;15.25;;;
37.167643;-6.848038;27;0;-1;1775;40;165.72;15.23;;;
37.167528;-6.847864;27;0;-1;1775;40;165.74;15.21;;;
37.167414;-6.847690;27;0;-1;1775;40;165.76;15.19;;;
37.167299;-6.847517;26;0;-2;1775;40;165.78;15.17;;;
37.167184;-6.847343;26;0;-2;1775;40;165.8;15.15;;;
37.167070;-6.847169;26;0;-2;1775;40;165.82;15.13;;;
37.166955;-6.846995;26;0;-2;1775;40;165.84;15.11;;;
37.166840;-6.846821;25;0;-2;1775;40;165.86;15.09;;;
37.166725;-6.846647;25;0;-2;1775;40;165.88;15.07;;;
37.166611;-6.846473;24;0;-2;1775;40;165.9;15.05;;;
37.166496;-6.846299;24;0;-2;1775;40;165.92;15.03;;;
37.166382;-6.846125;24;0;-2;1775;40;165.94;15.01;;;
37.166267;-6.845951;23;0;-2;1775;40;165.96;14.99;;;
37.166150;-6.845780;23;0;-2;1775;40;165.98;14.97;;;
37.166032;-6.845610;23;0;-2;1775;40;166;14.95;;;
37.165912;-6.845442;22;0;-2;1775;40;166.02;14.93;;;
37.165775;-6.845295;22;0;-2;1775;40;166.04;14.91;;;
37.165637;-6.845151;21;0;-2;1775;40;166.06;14.89;;;
37.165488;-6.845025;21;0;-3;1775;40;166.08;14.87;;;
37.165337;-6.844902;20;0;-3;1775;40;166.1;14.85;;;
37.165177;-6.844800;20;0;-3;1775;40;166.12;14.83;;;
37.165016;-6.844698;19;0;-2;1775;40;166.14;14.81;;;
37.164850;-6.844612;19;0;-2;1775;40;166.16;14.79;;;
37.164683;-6.844527;18;0;-2;1775;40;166.18;14.77;;;
37.164516;-6.844445;18;0;-2;1775;40;166.2;14.75;;;
37.164348;-6.844363;17;0;-2;1775;40;166.22;14.73;;;
37.164181;-6.844281;17;0;-2;1775;40;166.24;14.71;;;
37.164013;-6.844200;16;0;-2;1775;40;166.26;14.69;;;
37.163845;-6.844118;16;0;-2;1775;40;166.28;14.67;;;
37.163678;-6.844036;16;0;-2;1775;40;166.3;14.65;;;
37.163510;-6.843954;15;0;-2;1775;40;166.32;14.63;;;
37.163345;-6.843864;15;0;-1;1775;40;166.34;14.61;;;
37.163181;-6.843772;15;0;-1;1775;40;166.36;14.59;;;
37.163017;-6.843679;15;0;-1;1775;40;166.38;14.57;;;
37.162856;-6.843579;14;0;-1;1775;40;166.4;14.55;;;
37.162703;-6.843461;14;0;-1;1775;40;166.42;14.53;;;
37.162551;-6.843341;14;0;-1;1775;40;166.44;14.51;;;
37.162411;-6.843199;14;0;-1;1775;40;166.46;14.49;;;
37.162271;-6.843057;14;0;0;1775;40;166.48;14.47;;;
37.162131;-6.842916;14;0;0;1775;40;166.5;14.45;;;
37.161991;-6.842774;14;0;0;1775;40;166.52;14.43;;;
37.161851;-6.842632;14;0;0;1775;40;166.54;14.41;;;
37.161711;-6.842490;14;0;0;1775;40;166.56;14.39;;;
37.161571;-6.842349;14;0;0;1775;40;166.58;14.37;;;
37.161431;-6.842207;14;0;0;1775;40;166.6;14.35;;;
37.161291;-6.842065;14;0;1;1775;40;166.62;14.33;;;
37.161151;-6.841924;14;0;1;1775;40;166.64;14.31;;;
37.161011;-6.841782;14;0;1;1775;40;166.66;14.29;;;
37.160868;-6.841645;14;0;1;1776;39;166.68;14.27;;;
37.160724;-6.841509;15;0;2;1776;39;166.7;14.25;;;
37.160577;-6.841380;15;0;2;1776;39;166.72;14.23;;;
37.160423;-6.841264;16;0;2;1777;38;166.74;14.21;;;
37.160266;-6.841153;16;0;2;1777;38;166.76;14.19;;;
37.160104;-6.841056;17;0;2;1778;37;166.78;14.17;;;
37.159941;-6.840961;17;0;2;1778;37;166.8;14.15;;;
37.159770;-6.840891;17;0;2;1779;36;166.82;14.13;;;
37.159599;-6.840821;18;0;2;1779;36;166.84;14.11;;;
37.159427;-6.840755;18;0;2;1779;36;166.86;14.09;;;
37.159253;-6.840696;18;0;2;1780;35;166.88;14.07;;;
37.159080;-6.840638;19;0;2;1780;35;166.9;14.05;;;
37.158906;-6.840579;19;0;2;1780;35;166.92;14.03;;;
37.158732;-6.840521;20;0;2;1781;34;166.94;14.01;;;
37.158558;-6.840463;20;0;2;1781;34;166.96;13.99;;;
37.158385;-6.840403;20;0;2;1782;33;166.98;13.97;;;
37.158212;-6.840343;21;0;2;1782;33;167;13.95;;;
37.158038;-6.840282;21;0;2;1782;33;167.02;13.93;;;
37.157865;-6.840221;21;0;2;1783;32;167.04;13.91;;;
37.157692;-6.840161;22;0;2;1783;32;167.06;13.89;;;
37.157518;-6.840100;22;0;2;1783;32;167.08;13.87;;;
37.157345;-6.840040;22;0;2;1784;31;167.1;13.85;;;
37.157172;-6.839979;23;0;2;1784;31;167.12;13.83;;;
37.156999;-6.839919;23;0;2;1785;30;167.14;13.81;;;
37.156825;-6.839858;24;0;2;1785;30;167.16;13.79;;;
37.156652;-6.839797;24;0;2;1785;30;167.18;13.77;;;
37.156479;-6.839736;25;0;2;1786;29;167.2;13.75;;;
37.156306;-6.839676;25;0;2;1786;29;167.22;13.73;;;
37.156132;-6.839615;25;0;2;1786;29;167.24;13.71;;;
37.155959;-6.839554;26;0;2;1787;28;167.26;13.69;;;
37.155786;-6.839494;26;0;2;1787;28;167.28;13.67;;;
37.155613;-6.839433;26;0;2;1788;27;167.3;13.65;;;
37.155440;-6.839372;27;0;2;1788;27;167.32;13.63;;;
37.155266;-6.839312;27;0;2;1788;27;167.34;13.61;;;
37.155093;-6.839251;28;0;2;1789;26;167.36;13.59;;;
37.154920;-6.839191;28;0;2;1789;26;167.38;13.57;;;
37.154747;-6.839130;29;0;2;1790;25;167.4;13.55;;;
37.154573;-6.839070;29;0;2;1790;25;167.42;13.53;;;
37.154400;-6.839009;29;0;2;1790;25;167.44;13.51;;;
37.154227;-6.838948;30;0;2;1791;24;167.46;13.49;;;
37.154053;-6.838888;30;0;2;1791;24;167.48;13.47;;;
37.153880;-6.838827;30;0;2;1792;23;167.5;13.45;;;
37.153707;-6.838767;31;0;2;1792;23;167.52;13.43;;;
37.153534;-6.838706;31;0;2;1792;23;167.54;13.41;;;
37.153364;-6.838634;32;0;2;1793;22;167.56;13.39;;;
37.153198;-6.838546;32;0;2;1793;22;167.58;13.37;;;
37.153033;-6.838457;32;0;2;1794;21;167.6;13.35;;;
37.152874;-6.838352;33;0;2;1794;21;167.62;13.33;;;
37.152717;-6.838242;33;0;2;1794;21;167.64;13.31;;;
37.152560;-6.838131;34;0;2;1795;20;167.66;13.29;;;
37.152403;-6.838021;34;0;2;1795;20;167.68;13.27;;;
37.152246;-6.837911;34;0;2;1795;20;167.7;13.25;;;
37.152089;-6.837800;34;0;1;1796;19;167.72;13.23;;;
37.151932;-6.837690;35;0;1;1796;19;167.74;13.21;;;
37.151775;-6.837581;35;0;1;1796;19;167.76;13.19;;;
37.151618;-6.837470;35;0;1;1797;18;167.78;13.17;;;
37.151461;-6.837360;36;0;1;1797;18;167.8;13.15;;;
37.151304;-6.837250;36;0;1;1797;18;167.82;13.13;;;
37.151147;-6.837140;36;0;1;1797;18;167.84;13.11;;;
37.150990;-6.837030;37;0;1;1798;17;167.86;13.09;;;
37.150833;-6.836920;37;0;1;1798;17;167.88;13.07;;;
37.150676;-6.836810;37;0;1;1798;17;167.9;13.05;;;
37.150519;-6.836700;37;0;1;1798;17;167.92;13.03;;;
37.150362;-6.836589;37;0;1;1799;16;167.94;13.01;;;
37.150205;-6.836479;38;0;1;1799;16;167.96;12.99;;;
37.150048;-6.836369;38;0;1;1799;16;167.98;12.97;;;
37.149891;-6.836259;38;0;1;1799;16;168;12.95;;;
37.149734;-6.836149;38;0;1;1799;16;168.02;12.93;;;
37.149577;-6.836038;38;0;1;1800;15;168.04;12.91;;;
37.149420;-6.835928;39;0;1;1800;15;168.06;12.89;;;
37.149263;-6.835818;39;0;1;1800;15;168.08;12.87;;;
37.149106;-6.835708;39;0;1;1800;15;168.1;12.85;;;
37.148949;-6.835598;39;0;1;1800;15;168.12;12.83;;;
37.148792;-6.835488;39;0;1;1800;15;168.14;12.81;;;
37.148635;-6.835378;39;0;1;1801;14;168.16;12.79;;;
37.148478;-6.835268;40;0;0;1801;14;168.18;12.77;;;
37.148321;-6.835158;40;0;0;1801;14;168.2;12.75;;;
37.148164;-6.835048;40;0;0;1801;14;168.22;12.73;;;
37.148007;-6.834938;40;0;0;1801;14;168.24;12.71;;;
37.147850;-6.834827;40;0;0;1801;14;168.26;12.69;;;
37.147693;-6.834717;40;0;0;1801;14;168.28;12.67;;;
37.147538;-6.834604;40;0;0;1801;14;168.3;12.65;;;
37.147383;-6.834490;40;0;0;1801;14;168.32;12.63;;;
37.147228;-6.834375;40;0;0;1801;14;168.34;12.61;;;
37.147073;-6.834261;40;0;0;1801;14;168.36;12.59;;;
37.146918;-6.834146;40;0;0;1801;14;168.38;12.57;;;
37.146763;-6.834031;40;0;0;1801;14;168.4;12.55;;;
37.146605;-6.833922;40;0;0;1801;14;168.42;12.53;;;
37.146447;-6.833816;40;0;0;1801;14;168.44;12.51;;;
37.146288;-6.833709;40;0;0;1801;14;168.46;12.49;;;
37.146130;-6.833602;40;0;0;1801;14;168.48;12.47;;;
37.145972;-6.833495;40;0;0;1801;14;168.5;12.45;;;
37.145813;-6.833388;40;0;0;1801;14;168.52;12.43;;;
37.145655;-6.833281;40;0;0;1801;14;168.54;12.41;;;
37.145497;-6.833174;40;0;0;1801;14;168.56;12.39;;;
37.145338;-6.833067;40;0;0;1801;14;168.58;12.37;;;
37.145180;-6.832960;40;0;0;1801;14;168.6;12.35;;;
37.145021;-6.832853;40;0;0;1801;14;168.62;12.33;;;
37.144863;-6.832746;40;0;0;1801;14;168.64;12.31;;;
37.144704;-6.832640;40;0;0;1801;14;168.66;12.29;;;
37.144546;-6.832532;40;0;0;1801;14;168.68;12.27;;;
37.144388;-6.832426;40;0;0;1801;14;168.7;12.25;;;
37.144229;-6.832319;40;0;0;1801;14;168.72;12.23;;;
37.144071;-6.832212;40;0;0;1801;14;168.74;12.21;;;
37.143912;-6.832105;40;0;0;1801;14;168.76;12.19;;;
37.143754;-6.831998;40;0;0;1801;14;168.78;12.17;;;
37.143596;-6.831891;40;0;0;1801;14;168.8;12.15;;;
37.143437;-6.831784;39;0;-1;1801;14;168.82;12.13;;;
37.143279;-6.831677;39;0;-1;1801;14;168.84;12.11;;;
37.143121;-6.831570;39;0;-1;1801;14;168.86;12.09;;;
37.142962;-6.831465;39;0;-1;1801;14;168.88;12.07;;;
37.142802;-6.831361;39;0;-1;1801;14;168.9;12.05;;;
37.142642;-6.831257;39;0;-1;1801;14;168.92;12.03;;;
37.142482;-6.831154;39;0;-1;1801;14;168.94;12.01;;;
37.142323;-6.831050;39;0;-1;1801;14;168.96;11.99;;;
37.142163;-6.830947;38;0;-1;1801;14;168.98;11.97;;;
37.141994;-6.830870;38;0;-1;1801;14;169;11.95;;;
37.141817;-6.830839;38;0;-1;1801;14;169.02;11.93;;;
37.141651;-6.830914;38;0;-1;1801;14;169.04;11.91;;;
37.141537;-6.831085;38;0;-1;1801;14;169.06;11.89;;;
37.141522;-6.831309;37;0;-1;1801;14;169.08;11.87;;;
37.141546;-6.831531;37;0;-1;1801;14;169.1;11.85;;;
37.141588;-6.831751;37;0;-1;1801;14;169.12;11.83;;;
37.141637;-6.831968;37;0;0;1801;14;169.14;11.81;;;
37.141686;-6.832185;37;0;0;1801;14;169.16;11.79;;;
37.141758;-6.832391;37;0;0;1801;14;169.18;11.77;;;
37.141832;-6.832597;37;0;0;1801;14;169.2;11.75;35;;
37.141909;-6.832800;37;0;0;1801;14;169.22;11.73;;;
37.141994;-6.833000;37;0;0;1801;14;169.24;11.71;;;
37.142078;-6.833199;37;0;0;1801;14;169.26;11.69;;;
37.142176;-6.833388;37;0;0;1801;14;169.28;11.67;;;
37.142279;-6.833573;37;0;0;1801;14;169.3;11.65;;;
37.142386;-6.833754;37;0;0;1801;14;169.32;11.63;;;
37.142496;-6.833933;37;0;0;1801;14;169.34;11.61;;;
37.142606;-6.834111;36;0;0;1801;14;169.36;11.59;;;
37.142716;-6.834289;36;0;0;1801;14;169.38;11.57;;;
37.142826;-6.834468;36;0;0;1801;14;169.4;11.55;;;
37.142936;-6.834646;36;0;0;1801;14;169.42;11.53;;;
37.143047;-6.834825;36;0;0;1801;14;169.44;11.51;;;
37.143157;-6.835003;36;0;0;1801;14;169.46;11.49;;;
37.143267;-6.835181;36;0;0;1801;14;169.48;11.47;;;
37.143377;-6.835360;36;0;0;1801;14;169.5;11.45;;;
37.143487;-6.835538;36;0;0;1801;14;169.52;11.43;;;
37.143598;-6.835716;36;0;0;1801;14;169.54;11.41;;;
37.143708;-6.835895;36;0;0;1801;14;169.56;11.39;;;
37.143818;-6.836073;36;0;0;1801;14;169.58;11.37;;;
37.143928;-6.836251;36;0;0;1801;14;169.6;11.35;;;
37.144038;-6.836430;36;0;0;1801;14;169.62;11.33;;;
37.144149;-6.836608;36;0;0;1801;14;169.64;11.31;;;
37.144259;-6.836787;36;0;0;1801;14;169.66;11.29;;;
37.144369;-6.836965;35;0;0;1801;14;169.68;11.27;;;
37.144479;-6.837143;35;0;0;1801;14;169.7;11.25;;;
37.144589;-6.837322;35;0;0;1801;14;169.72;11.23;;;
37.144699;-6.837500;35;0;0;1801;14;169.74;11.21;;;
37.144809;-6.837679;35;0;0;1801;14;169.76;11.19;;;
37.144919;-6.837857;35;0;0;1801;14;169.78;11.17;;;
37.145030;-6.838035;35;0;0;1801;14;169.8;11.15;;;
37.145140;-6.838213;35;0;-1;1801;14;169.82;11.13;;;
37.145250;-6.838392;35;0;-1;1801;14;169.84;11.11;;;
37.145360;-6.838570;35;0;-1;1801;14;169.86;11.09;;;
37.145470;-6.838748;35;0;-1;1801;14;169.88;11.07;;;
37.145581;-6.838927;34;0;-1;1801;14;169.9;11.05;;;
37.145691;-6.839105;34;0;-1;1801;14;169.92;11.03;;;
37.145801;-6.839283;34;0;-1;1801;14;169.94;11.01;;;
37.145911;-6.839462;34;0;-1;1801;14;169.96;10.99;;;
37.146022;-6.839640;34;0;-1;1801;14;169.98;10.97;;;
37.146132;-6.839819;34;0;-1;1801;14;170;10.95;;;
37.146242;-6.839997;33;0;-1;1801;14;170.02;10.93;;;
37.146349;-6.840178;33;0;-1;1801;14;170.04;10.91;;;
37.146455;-6.840360;33;0;-1;1801;14;170.06;10.89;;;
37.146562;-6.840542;33;0;-1;1801;14;170.08;10.87;;;
37.146668;-6.840724;33;0;-1;1801;14;170.1;10.85;;;
37.146775;-6.840906;32;0;-1;1801;14;170.12;10.83;;;
37.146881;-6.841087;32;0;-1;1801;14;170.14;10.81;;;
37.146984;-6.841273;32;0;-1;1801;14;170.16;10.79;;;
37.147082;-6.841462;32;0;-1;1801;14;170.18;10.77;;;
37.147181;-6.841650;32;0;-1;1801;14;170.2;10.75;;;
37.147279;-6.841840;31;0;-1;1801;14;170.22;10.73;;;
37.147371;-6.842034;31;0;-1;1801;14;170.24;10.71;;;
37.147463;-6.842228;31;0;-1;1801;14;170.26;10.69;;;
37.147554;-6.842422;30;0;-2;1801;14;170.28;10.67;;;
37.147646;-6.842616;30;0;-2;1801;14;170.3;10.65;;;
37.147738;-6.842810;30;0;-2;1801;14;170.32;10.63;;;
37.147830;-6.843004;29;0;-2;1801;14;170.34;10.61;;;
37.147921;-6.843198;29;0;-2;1801;14;170.36;10.59;;;
37.148008;-6.843396;29;0;-2;1801;14;170.38;10.57;;;
37.148090;-6.843597;28;0;-2;1801;14;170.4;10.55;;;
37.148171;-6.843798;28;0;-2;1801;14;170.42;10.53;;;
37.148252;-6.843999;28;0;-2;1801;14;170.44;10.51;;;
37.148333;-6.844201;28;0;-2;1801;14;170.46;10.49;;;
37.148414;-6.844402;27;0;-1;1801;14;170.48;10.47;;;
37.148487;-6.844609;27;0;-1;1801;14;170.5;10.45;;;
37.148557;-6.844816;27;0;-1;1801;14;170.52;10.43;;;
37.148627;-6.845024;26;0;-1;1801;14;170.54;10.41;;;
37.148698;-6.845232;26;0;-1;1801;14;170.56;10.39;;;
37.148768;-6.845439;26;0;-2;1801;14;170.58;10.37;;;
37.148836;-6.845648;25;0;-2;1801;14;170.6;10.35;;;
37.148898;-6.845860;25;0;-1;1801;14;170.62;10.33;;;
37.148960;-6.846072;25;0;-2;1801;14;170.64;10.31;;;
37.149021;-6.846284;25;0;-1;1801;14;170.66;10.29;;;
37.149083;-6.846496;24;0;-1;1801;14;170.68;10.27;;;
37.149145;-6.846708;24;0;-1;1801;14;170.7;10.25;;;
37.149207;-6.846920;24;0;-1;1801;14;170.72;10.23;;;
37.149268;-6.847132;23;0;-1;1801;14;170.74;10.21;;;
37.149324;-6.847347;23;0;-1;1801;14;170.76;10.19;;;
37.149378;-6.847562;23;0;-1;1801;14;170.78;10.17;;;
37.149431;-6.847777;23;0;-1;1801;14;170.8;10.15;;;
37.149479;-6.847995;22;0;-1;1801;14;170.82;10.13;;;
37.149523;-6.848214;22;0;-1;1801;14;170.84;10.11;;;
37.149566;-6.848433;22;0;-1;1801;14;170.86;10.09;;;
37.149607;-6.848652;22;0;-1;1801;14;170.88;10.07;;;
37.149646;-6.848873;22;0;-1;1801;14;170.9;10.05;;;
37.149684;-6.849093;21;0;-1;1801;14;170.92;10.03;;;
37.149722;-6.849314;21;0;-1;1801;14;170.94;10.01;;;
37.149761;-6.849534;21;0;-1;1801;14;170.96;9.99;;;
37.149800;-6.849754;21;0;-1;1801;14;170.98;9.97;;;
37.149838;-6.849975;20;0;-1;1801;14;171;9.95;;;
37.149870;-6.850197;20;0;-1;1801;14;171.02;9.93;;;
37.149896;-6.850420;20;0;-1;1801;14;171.04;9.91;;;
37.149921;-6.850644;20;0;-1;1801;14;171.06;9.89;;;
37.149946;-6.850867;20;0;-1;1801;14;171.08;9.87;;;
37.149972;-6.851090;20;0;-1;1801;14;171.1;9.85;;;
37.149997;-6.851314;19;0;-1;1801;14;171.12;9.83;;;
37.150022;-6.851537;19;0;-1;1801;14;171.14;9.81;;;
37.150041;-6.851762;19;0;-1;1801;14;171.16;9.79;;;
37.150056;-6.851986;19;0;-1;1801;14;171.18;9.77;;;
37.150072;-6.852211;19;0;-1;1801;14;171.2;9.75;;;
37.150086;-6.852436;19;0;-1;1801;14;171.22;9.73;;;
37.150101;-6.852661;19;0;-1;1801;14;171.24;9.71;;;
37.150117;-6.852886;19;0;-1;1801;14;171.26;9.69;;;
37.150133;-6.853111;19;0;0;1801;14;171.28;9.67;;;
37.150147;-6.853336;18;0;0;1801;14;171.3;9.65;;;
37.150160;-6.853561;18;0;0;1801;14;171.32;9.63;;;
37.150172;-6.853786;18;0;0;1801;14;171.34;9.61;;;
37.150184;-6.854011;18;0;0;1801;14;171.36;9.59;;;
37.150196;-6.854236;18;0;0;1801;14;171.38;9.57;;;
37.150208;-6.854461;18;0;0;1801;14;171.4;9.55;;;
37.150220;-6.854687;18;0;0;1801;14;171.42;9.53;;;
37.150232;-6.854912;18;0;0;1801;14;171.44;9.51;;;
37.150244;-6.855137;18;0;0;1801;14;171.46;9.49;;;
37.150256;-6.855362;18;0;0;1801;14;171.48;9.47;;;
37.150268;-6.855587;18;0;0;1801;14;171.5;9.45;;;
37.150280;-6.855812;18;0;0;1801;14;171.52;9.43;;;
37.150292;-6.856037;18;0;0;1801;14;171.54;9.41;;;
37.150303;-6.856263;18;0;0;1801;14;171.56;9.39;;;
37.150316;-6.856488;18;0;0;1801;14;171.58;9.37;;;
37.150328;-6.856713;18;0;0;1801;14;171.6;9.35;;;
37.150340;-6.856938;18;0;0;1801;14;171.62;9.33;;;
37.150351;-6.857163;17;0;0;1801;14;171.64;9.31;;;
37.150363;-6.857388;17;0;0;1801;14;171.66;9.29;;;
37.150376;-6.857614;17;0;0;1801;14;171.68;9.27;;;
37.150388;-6.857839;17;0;0;1801;14;171.7;9.25;;;
37.150399;-6.858064;17;0;0;1801;14;171.72;9.23;;;
37.150411;-6.858289;17;0;0;1801;14;171.74;9.21;;;
37.150423;-6.858514;17;0;0;1801;14;171.76;9.19;;;
37.150435;-6.858739;17;0;-1;1801;14;171.78;9.17;;;
37.150447;-6.858965;17;0;-1;1801;14;171.8;9.15;;;
37.150459;-6.859190;17;0;-1;1801;14;171.82;9.13;;;
37.150471;-6.859415;17;0;-1;1801;14;171.84;9.11;;;
37.150483;-6.859640;16;0;-1;1801;14;171.86;9.09;;;
37.150495;-6.859865;16;0;-1;1801;14;171.88;9.07;;;
37.150507;-6.860090;16;0;-1;1801;14;171.9;9.05;;;
37.150519;-6.860316;16;0;-1;1801;14;171.92;9.03;;;
37.150530;-6.860541;16;0;-1;1801;14;171.94;9.01;;;
37.150543;-6.860766;16;0;-1;1801;14;171.96;8.99;;;
37.150555;-6.860991;16;0;-1;1801;14;171.98;8.97;;;
37.150567;-6.861216;15;0;-1;1801;14;172;8.95;;;
37.150578;-6.861441;15;0;-1;1801;14;172.02;8.93;;;
37.150590;-6.861667;15;0;-1;1801;14;172.04;8.91;;;
37.150602;-6.861892;15;0;-1;1801;14;172.06;8.89;;;
37.150615;-6.862117;15;0;-1;1801;14;172.08;8.87;;;
37.150626;-6.862342;15;0;-1;1801;14;172.1;8.85;;;
37.150638;-6.862567;15;0;-1;1801;14;172.12;8.83;;;
37.150650;-6.862792;14;0;-1;1801;14;172.14;8.81;;;
37.150662;-6.863018;14;0;-1;1801;14;172.16;8.79;;;
37.150674;-6.863243;14;0;-1;1801;14;172.18;8.77;;;
37.150686;-6.863468;14;0;-1;1801;14;172.2;8.75;;;
37.150698;-6.863693;14;0;-1;1801;14;172.22;8.73;;;
37.150710;-6.863918;14;0;-1;1801;14;172.24;8.71;;;
37.150721;-6.864143;13;0;-1;1801;14;172.26;8.69;;;
37.150741;-6.864367;13;0;-1;1801;14;172.28;8.67;;;
37.150774;-6.864589;13;0;-1;1801;14;172.3;8.65;;;
37.150806;-6.864811;13;0;-1;1801;14;172.32;8.63;;;
37.150838;-6.865033;13;0;-1;1801;14;172.34;8.61;;;
37.150882;-6.865252;12;0;-1;1801;14;172.36;8.59;;;
37.150925;-6.865471;12;0;-1;1801;14;172.38;8.57;;;
37.150967;-6.865691;12;0;-1;1801;14;172.4;8.55;;;
37.151025;-6.865904;12;0;-1;1801;14;172.42;8.53;;;
37.151083;-6.866118;12;0;-1;1801;14;172.44;8.51;;;
37.151141;-6.866332;11;0;-1;1801;14;172.46;8.49;;;
37.151205;-6.866542;11;0;-1;1801;14;172.48;8.47;;;
37.151272;-6.866752;11;0;-1;1801;14;172.5;8.45;;;
37.151344;-6.866958;11;0;-1;1801;14;172.52;8.43;;;
37.151424;-6.867160;10;0;-1;1801;14;172.54;8.41;;;
37.151507;-6.867360;10;0;-1;1801;14;172.56;8.39;;;
37.151597;-6.867556;10;0;-1;1801;14;172.58;8.37;;;
37.151686;-6.867752;10;0;-1;1801;14;172.6;8.35;;;
37.151775;-6.867948;10;0;-1;1801;14;172.62;8.33;;;
37.151875;-6.868136;10;0;-1;1801;14;172.64;8.31;;;
37.151976;-6.868322;10;0;-1;1801;14;172.66;8.29;;;
37.152080;-6.868507;10;0;-1;1801;14;172.68;8.27;;;
37.152188;-6.868687;9;0;-1;1801;14;172.7;8.25;;;
37.152297;-6.868866;9;0;-1;1801;14;172.72;8.23;;;
37.152412;-6.869040;9;0;-1;1801;14;172.74;8.21;;;
37.152526;-6.869214;9;0;-1;1801;14;172.76;8.19;;;
37.152641;-6.869388;9;0;-1;1801;14;172.78;8.17;;;
37.152756;-6.869562;9;0;0;1801;14;172.8;8.15;;;
37.152870;-6.869736;9;0;0;1801;14;172.82;8.13;;;
37.152985;-6.869910;9;0;0;1801;14;172.84;8.11;;;
37.153100;-6.870083;9;0;0;1801;14;172.86;8.09;;;
37.153214;-6.870258;8;0;0;1801;14;172.88;8.07;;;
37.153328;-6.870432;8;0;0;1801;14;172.9;8.05;;;
37.153443;-6.870606;8;0;0;1801;14;172.92;8.03;;;
37.153557;-6.870780;8;0;0;1801;14;172.94;8.01;;;
37.153672;-6.870954;8;0;0;1801;14;172.96;7.99;;;
37.153787;-6.871127;8;0;0;1801;14;172.98;7.97;;;
37.153902;-6.871301;8;0;0;1801;14;173;7.95;;;
37.154016;-6.871475;8;0;0;1801;14;173.02;7.93;;;
37.154131;-6.871649;8;0;0;1801;14;173.04;7.91;;;
37.154247;-6.871821;8;0;0;1801;14;173.06;7.89;;;
37.154375;-6.871980;8;0;0;1801;14;173.08;7.87;;;
37.154503;-6.872138;8;0;0;1801;14;173.1;7.85;;;
37.154631;-6.872297;8;0;0;1802;13;173.12;7.83;;;
37.154759;-6.872455;8;0;0;1802;13;173.14;7.81;;;
37.154887;-6.872614;8;0;0;1802;13;173.16;7.79;;;
37.155015;-6.872772;8;0;0;1802;13;173.18;7.77;;;
37.155146;-6.872927;8;0;0;1802;13;173.2;7.75;;;
37.155278;-6.873080;8;0;0;1802;13;173.22;7.73;;;
37.155411;-6.873232;8;0;0;1802;13;173.24;7.71;;;
37.155544;-6.873385;8;0;0;1802;13;173.26;7.69;;;
37.155676;-6.873537;8;0;0;1802;13;173.28;7.67;;;
37.155809;-6.873690;8;0;0;1802;13;173.3;7.65;;;
37.155941;-6.873842;8;0;0;1802;13;173.32;7.63;;;
37.156074;-6.873995;8;0;0;1802;13;173.34;7.61;;;
37.156206;-6.874147;8;0;0;1802;13;173.36;7.59;;;
37.156336;-6.874303;8;0;0;1802;13;173.38;7.57;;;
37.156464;-6.874462;8;0;0;1802;13;173.4;7.55;;;
37.156589;-6.874624;8;0;0;1802;13;173.42;7.53;;;
37.156710;-6.874791;8;0;0;1802;13;173.44;7.51;;;
37.156831;-6.874958;8;0;0;1802;13;173.46;7.49;;;
37.156943;-6.875134;8;0;0;1802;13;173.48;7.47;;;
37.157048;-6.875317;8;0;0;1802;13;173.5;7.45;;;
37.157153;-6.875501;8;0;0;1802;13;173.52;7.43;;;
37.157248;-6.875692;8;0;0;1802;13;173.54;7.41;;;
37.157341;-6.875886;8;0;0;1802;13;173.56;7.39;;;
37.157434;-6.876079;8;0;0;1802;13;173.58;7.37;;;
37.157523;-6.876275;8;0;0;1802;13;173.6;7.35;;;
37.157612;-6.876471;8;0;0;1802;13;173.62;7.33;;;
37.157702;-6.876667;8;0;0;1802;13;173.64;7.31;;;
37.157791;-6.876863;8;0;0;1802;13;173.66;7.29;;;
37.157880;-6.877059;8;0;0;1802;13;173.68;7.27;;;
37.157969;-6.877254;8;0;0;1802;13;173.7;7.25;;;
37.158059;-6.877450;8;0;0;1802;13;173.72;7.23;;;
37.158148;-6.877646;8;0;0;1802;13;173.74;7.21;;;
37.158238;-6.877842;8;0;0;1802;13;173.76;7.19;;;
37.158327;-6.878038;8;0;0;1802;13;173.78;7.17;;;
37.158416;-6.878234;8;0;0;1802;13;173.8;7.15;;;
37.158505;-6.878430;8;0;0;1802;13;173.82;7.13;;;
37.158594;-6.878626;8;0;0;1802;13;173.84;7.11;;;
37.158684;-6.878822;8;0;0;1802;13;173.86;7.09;;;
37.158773;-6.879017;9;0;0;1802;13;173.88;7.07;;;
37.158863;-6.879213;9;0;0;1802;13;173.9;7.05;;;
37.158952;-6.879409;9;0;0;1802;13;173.92;7.03;;;
37.159041;-6.879605;9;0;0;1802;13;173.94;7.01;;;
37.159130;-6.879801;9;0;0;1802;13;173.96;6.99;;;
37.159220;-6.879997;9;0;0;1802;13;173.98;6.97;;;
37.159309;-6.880193;9;0;0;1802;13;174;6.95;;;
37.159398;-6.880389;9;0;0;1802;13;174.02;6.93;;;
37.159488;-6.880585;9;0;0;1802;13;174.04;6.91;;;
37.159577;-6.880781;9;0;0;1802;13;174.06;6.89;;;
37.159666;-6.880977;9;0;0;1802;13;174.08;6.87;;;
37.159756;-6.881172;9;0;0;1802;13;174.1;6.85;;;
37.159855;-6.881360;9;0;0;1802;13;174.12;6.83;;;
37.159955;-6.881548;9;0;0;1802;13;174.14;6.81;;;
37.160054;-6.881736;9;0;0;1802;13;174.16;6.79;;;
37.160154;-6.881924;8;0;0;1802;13;174.18;6.77;;;
37.160256;-6.882110;8;0;0;1802;13;174.2;6.75;;;
37.160361;-6.882293;8;0;0;1802;13;174.22;6.73;;;
37.160466;-6.882476;8;0;0;1802;13;174.24;6.71;;;
37.160571;-6.882660;8;0;0;1802;13;174.26;6.69;;;
37.160676;-6.882843;8;0;0;1802;13;174.28;6.67;;;
37.160781;-6.883026;8;0;0;1802;13;174.3;6.65;;;
37.160886;-6.883209;8;0;0;1802;13;174.32;6.63;;;
37.160992;-6.883392;8;0;0;1802;13;174.34;6.61;;;
37.161097;-6.883575;8;0;0;1802;13;174.36;6.59;;;
37.161202;-6.883759;8;0;0;1802;13;174.38;6.57;;;
37.161292;-6.883953;8;0;0;1802;13;174.4;6.55;;;
37.161379;-6.884151;8;0;0;1802;13;174.42;6.53;;;
37.161467;-6.884348;8;0;0;1802;13;174.44;6.51;;;
37.161552;-6.884547;8;0;0;1802;13;174.46;6.49;;;
37.161631;-6.884749;8;0;0;1802;13;174.48;6.47;;;
37.161712;-6.884951;8;0;0;1802;13;174.5;6.45;;;
37.161791;-6.885154;8;0;0;1802;13;174.52;6.43;;;
37.161871;-6.885356;8;0;-1;1802;13;174.54;6.41;;;
37.161950;-6.885559;8;0;-1;1802;13;174.56;6.39;;;
37.162030;-6.885761;7;0;-1;1802;13;174.58;6.37;;;
37.162110;-6.885963;7;0;-1;1802;13;174.6;6.35;;;
37.162190;-6.886165;7;0;-1;1802;13;174.62;6.33;;;
37.162269;-6.886368;7;0;-1;1802;13;174.64;6.31;;;
37.162349;-6.886570;7;0;-1;1802;13;174.66;6.29;;;
37.162429;-6.886772;7;0;-1;1802;13;174.68;6.27;;;
37.162517;-6.886969;7;0;0;1802;13;174.7;6.25;;;
37.162605;-6.887166;7;0;0;1802;13;174.72;6.23;;;
37.162698;-6.887358;7;0;0;1802;13;174.74;6.21;;;
37.162803;-6.887542;7;0;0;1802;13;174.76;6.19;;;
37.162907;-6.887726;7;0;0;1802;13;174.78;6.17;;;
37.163021;-6.887900;6;0;0;1802;13;174.8;6.15;;;
37.163141;-6.888069;6;0;0;1802;13;174.82;6.13;;;
37.163261;-6.888237;6;0;0;1802;13;174.84;6.11;;;
37.163394;-6.888389;6;0;0;1802;13;174.86;6.09;;;
37.163528;-6.888539;6;0;0;1802;13;174.88;6.07;;;
37.163662;-6.888689;6;0;0;1802;13;174.9;6.05;;;
37.163800;-6.888834;6;0;0;1802;13;174.92;6.03;;;
37.163951;-6.888956;6;0;0;1802;13;174.94;6.01;;;
37.164101;-6.889080;6;0;0;1802;13;174.96;5.99;;;
37.164244;-6.889217;6;0;0;1802;13;174.98;5.97;;;
37.164397;-6.889334;6;0;0;1802;13;175;5.95;;;
37.164558;-6.889436;6;0;0;1802;13;175.02;5.93;;;
37.164718;-6.889537;6;0;0;1802;13;175.04;5.91;;;
37.164878;-6.889641;6;0;0;1802;13;175.06;5.89;;;
37.165037;-6.889746;6;0;0;1802;13;175.08;5.87;;;
37.165196;-6.889851;6;0;0;1802;13;175.1;5.85;;;
37.165352;-6.889964;6;0;0;1802;13;175.12;5.83;;;
37.165508;-6.890077;7;0;0;1802;13;175.14;5.81;;;
37.165663;-6.890190;7;0;0;1803;12;175.16;5.79;;;
37.165819;-6.890303;7;0;0;1803;12;175.18;5.77;;;
37.165975;-6.890416;7;0;0;1803;12;175.2;5.75;;;
37.166131;-6.890529;7;0;0;1803;12;175.22;5.73;;;
37.166286;-6.890642;7;0;0;1803;12;175.24;5.71;;;
37.166434;-6.890770;7;0;0;1803;12;175.26;5.69;;;
37.166581;-6.890901;7;0;0;1803;12;175.28;5.67;;;
37.166728;-6.891031;7;0;0;1803;12;175.3;5.65;;;
37.166875;-6.891161;7;0;1;1803;12;175.32;5.63;;;
37.167021;-6.891292;7;0;1;1803;12;175.34;5.61;;;
37.167166;-6.891425;8;0;1;1803;12;175.36;5.59;;;
37.167309;-6.891563;8;0;1;1804;11;175.38;5.57;;;
37.167451;-6.891702;8;0;1;1804;11;175.4;5.55;;;
37.167593;-6.891840;8;0;1;1804;11;175.42;5.53;;;
37.167735;-6.891978;8;0;1;1804;11;175.44;5.51;;;
37.167877;-6.892116;8;0;1;1804;11;175.46;5.49;;;
37.168020;-6.892254;8;0;0;1804;11;175.48;5.47;;;
37.168162;-6.892393;8;0;0;1804;11;175.5;5.45;;;
37.168297;-6.892541;9;0;0;1804;11;175.52;5.43;;;
37.168431;-6.892692;9;0;0;1804;11;175.54;5.41;;;
37.168565;-6.892843;9;0;0;1805;10;175.56;5.39;;;
37.168699;-6.892994;9;0;0;1805;10;175.58;5.37;;;
37.168832;-6.893145;9;0;0;1805;10;175.6;5.35;;;
37.168957;-6.893307;9;0;0;1805;10;175.62;5.33;;;
37.169083;-6.893469;9;0;0;1805;10;175.64;5.31;;;
37.169208;-6.893631;9;0;0;1805;10;175.66;5.29;;;
37.169333;-6.893793;9;0;0;1805;10;175.68;5.27;;;
37.169453;-6.893961;9;0;0;1805;10;175.7;5.25;;;
37.169567;-6.894136;9;0;0;1805;10;175.72;5.23;;;
37.169681;-6.894310;9;0;0;1805;10;175.74;5.21;;;
37.169796;-6.894484;9;0;0;1805;10;175.76;5.19;;;
37.169910;-6.894658;9;0;0;1805;10;175.78;5.17;;;
37.170022;-6.894835;9;0;0;1805;10;175.8;5.15;;;
37.170130;-6.895016;9;0;0;1805;10;175.82;5.13;;;
37.170237;-6.895196;9;0;0;1805;10;175.84;5.11;;;
37.170345;-6.895377;9;0;0;1805;10;175.86;5.09;;;
37.170452;-6.895558;9;0;0;1805;10;175.88;5.07;;;
37.170560;-6.895739;9;0;0;1805;10;175.9;5.05;;;
37.170667;-6.895920;9;0;0;1805;10;175.92;5.03;;;
37.170775;-6.896101;9;0;0;1805;10;175.94;5.01;;;
37.170882;-6.896282;9;0;0;1805;10;175.96;4.99;;;
37.170990;-6.896463;9;0;0;1805;10;175.98;4.97;;;
37.171097;-6.896644;9;0;0;1805;10;176;4.95;;;
37.171205;-6.896825;9;0;0;1805;10;176.02;4.93;;;
37.171313;-6.897006;9;0;0;1805;10;176.04;4.91;;;
37.171420;-6.897187;9;0;0;1805;10;176.06;4.89;;;
37.171528;-6.897368;9;0;0;1805;10;176.08;4.87;;;
37.171635;-6.897549;9;0;0;1805;10;176.1;4.85;;;
37.171743;-6.897730;9;0;0;1805;10;176.12;4.83;;;
37.171850;-6.897911;9;0;0;1805;10;176.14;4.81;;;
37.171958;-6.898092;9;0;0;1806;9;176.16;4.79;;;
37.172065;-6.898273;9;0;0;1806;9;176.18;4.77;;;
37.172173;-6.898454;10;0;0;1806;9;176.2;4.75;;;
37.172280;-6.898635;10;0;0;1806;9;176.22;4.73;;;
37.172388;-6.898815;10;0;0;1806;9;176.24;4.71;;;
37.172495;-6.898996;10;0;0;1806;9;176.26;4.69;;;
37.172603;-6.899177;10;0;0;1806;9;176.28;4.67;;;
37.172711;-6.899358;10;0;0;1806;9;176.3;4.65;;;
37.172818;-6.899539;10;0;0;1806;9;176.32;4.63;;;
37.172936;-6.899708;10;0;0;1806;9;176.34;4.61;;;
37.173074;-6.899853;10;0;0;1806;9;176.36;4.59;;;
37.173239;-6.899932;10;0;0;1806;9;176.38;4.57;;;
37.173371;-6.900070;10;0;0;1806;9;176.4;4.55;;;
37.173371;-6.900289;10;0;0;1807;8;176.42;4.53;;;
37.173430;-6.900500;10;0;0;1807;8;176.44;4.51;;;
37.173512;-6.900701;10;0;0;1807;8;176.46;4.49;;;
37.173616;-6.900885;10;0;0;1807;8;176.48;4.47;;;
37.173722;-6.901067;11;0;0;1807;8;176.5;4.45;;;
37.173828;-6.901249;11;0;0;1807;8;176.52;4.43;;;
37.173934;-6.901431;11;0;0;1807;8;176.54;4.41;;;
37.174041;-6.901613;11;0;0;1807;8;176.56;4.39;;;
37.174147;-6.901796;11;0;0;1807;8;176.58;4.37;;;
37.174253;-6.901978;11;0;0;1807;8;176.6;4.35;;;
37.174359;-6.902160;11;0;0;1807;8;176.62;4.33;;;
37.174466;-6.902342;11;0;0;1807;8;176.64;4.31;;;
37.174572;-6.902524;11;0;0;1807;8;176.66;4.29;;;
37.174678;-6.902706;11;0;0;1807;8;176.68;4.27;;;
37.174784;-6.902888;11;0;0;1807;8;176.7;4.25;;;
37.174890;-6.903071;10;0;0;1807;8;176.72;4.23;;;
37.174996;-6.903253;10;0;0;1807;8;176.74;4.21;;;
37.175103;-6.903435;10;0;0;1807;8;176.76;4.19;;;
37.175209;-6.903617;10;0;0;1807;8;176.78;4.17;;;
37.175315;-6.903799;10;0;0;1807;8;176.8;4.15;;;
37.175426;-6.903978;10;0;0;1807;8;176.82;4.13;;;
37.175536;-6.904156;10;0;0;1807;8;176.84;4.11;;;
37.175646;-6.904335;10;0;0;1807;8;176.86;4.09;;;
37.175756;-6.904513;10;0;0;1807;8;176.88;4.07;;;
37.175866;-6.904692;10;0;-1;1807;8;176.9;4.05;;;
37.175976;-6.904870;10;0;-1;1807;8;176.92;4.03;;;
37.176094;-6.905041;10;0;-1;1807;8;176.94;4.01;;;
37.176212;-6.905211;9;0;-1;1807;8;176.96;3.99;;;
37.176329;-6.905382;9;0;-1;1807;8;176.98;3.97;;;
37.176447;-6.905553;9;0;-1;1807;8;177;3.95;;;
37.176569;-6.905719;9;0;-1;1807;8;177.02;3.93;;;
37.176694;-6.905880;9;0;-1;1807;8;177.04;3.91;;;
37.176820;-6.906042;9;0;-1;1807;8;177.06;3.89;;;
37.176945;-6.906204;9;0;-1;1807;8;177.08;3.87;;;
37.177071;-6.906366;8;0;-1;1807;8;177.1;3.85;;;
37.177196;-6.906527;8;0;-1;1807;8;177.12;3.83;;;
37.177322;-6.906689;8;0;-1;1807;8;177.14;3.81;;;
37.177447;-6.906851;8;0;-1;1807;8;177.16;3.79;;;
37.177573;-6.907012;8;0;-1;1807;8;177.18;3.77;;;
37.177699;-6.907174;8;0;-1;1807;8;177.2;3.75;;;
37.177824;-6.907336;8;0;-1;1807;8;177.22;3.73;;;
37.177950;-6.907497;7;0;-1;1807;8;177.24;3.71;;;
37.178075;-6.907659;7;0;-1;1807;8;177.26;3.69;;;
37.178201;-6.907821;7;0;-1;1807;8;177.28;3.67;;;
37.178326;-6.907982;7;0;-1;1807;8;177.3;3.65;;;
37.178452;-6.908144;7;0;-1;1807;8;177.32;3.63;;;
37.178577;-6.908306;6;0;-1;1807;8;177.34;3.61;;;
37.178703;-6.908467;6;0;-1;1807;8;177.36;3.59;;;
37.178828;-6.908629;6;0;-1;1807;8;177.38;3.57;;;
37.178954;-6.908791;6;0;-1;1807;8;177.4;3.55;;;
37.179079;-6.908952;6;0;-1;1807;8;177.42;3.53;;;
37.179205;-6.909114;6;0;-1;1807;8;177.44;3.51;;;
37.179330;-6.909276;6;0;-1;1807;8;177.46;3.49;;;
37.179456;-6.909437;6;0;-1;1807;8;177.48;3.47;;;
37.179581;-6.909599;6;0;-1;1807;8;177.5;3.45;;;
37.179707;-6.909761;5;0;-1;1807;8;177.52;3.43;;;
37.179833;-6.909922;5;0;-1;1807;8;177.54;3.41;;;
37.179958;-6.910084;5;0;-1;1807;8;177.56;3.39;;;
37.180084;-6.910246;5;0;-1;1807;8;177.58;3.37;;;
37.180209;-6.910408;5;0;-1;1807;8;177.6;3.35;;;
37.180342;-6.910559;5;0;-1;1807;8;177.62;3.33;;;
37.180478;-6.910707;5;0;-1;1807;8;177.64;3.31;;;
37.180615;-6.910854;5;0;-1;1807;8;177.66;3.29;;;
37.180751;-6.911001;4;0;-1;1807;8;177.68;3.27;;;
37.180886;-6.911151;4;0;-1;1807;8;177.7;3.25;;;
37.181011;-6.911313;4;0;-1;1807;8;177.72;3.23;;;
37.181136;-6.911475;4;0;0;1807;8;177.74;3.21;;;
37.181261;-6.911637;4;0;0;1807;8;177.76;3.19;;;
37.181386;-6.911800;4;0;0;1807;8;177.78;3.17;;;
37.181511;-6.911962;4;0;0;1807;8;177.8;3.15;;;
37.181636;-6.912124;4;0;0;1807;8;177.82;3.13;;;
37.181761;-6.912287;4;0;0;1807;8;177.84;3.11;;;
37.181886;-6.912449;4;0;0;1807;8;177.86;3.09;;;
37.182011;-6.912611;4;0;0;1807;8;177.88;3.07;;;
37.182136;-6.912774;3;0;0;1807;8;177.9;3.05;;;
37.182261;-6.912936;3;0;0;1807;8;177.92;3.03;;;
37.182386;-6.913098;3;0;0;1807;8;177.94;3.01;;;
37.182511;-6.913261;3;0;0;1807;8;177.96;2.99;;;
37.182636;-6.913423;3;0;0;1807;8;177.98;2.97;;;
37.182757;-6.913590;3;0;0;1807;8;178;2.95;;;
37.182875;-6.913760;3;0;0;1807;8;178.02;2.93;;;
37.182993;-6.913931;3;0;0;1807;8;178.04;2.91;;;
37.183111;-6.914101;3;0;0;1807;8;178.06;2.89;;;
37.183229;-6.914271;3;0;0;1807;8;178.08;2.87;;;
37.183347;-6.914442;3;0;0;1807;8;178.1;2.85;;;
37.183471;-6.914605;3;0;0;1807;8;178.12;2.83;;;
37.183596;-6.914767;3;0;0;1807;8;178.14;2.81;;;
37.183721;-6.914929;3;0;0;1807;8;178.16;2.79;;;
37.183846;-6.915092;3;0;0;1807;8;178.18;2.77;;;
37.183971;-6.915254;3;0;0;1807;8;178.2;2.75;;;
37.184096;-6.915417;3;0;0;1807;8;178.22;2.73;;;
37.184221;-6.915579;3;0;0;1807;8;178.24;2.71;;;
37.184346;-6.915742;3;0;0;1807;8;178.26;2.69;;;
37.184471;-6.915904;3;0;0;1807;8;178.28;2.67;;;
37.184596;-6.916066;3;0;0;1807;8;178.3;2.65;;;
37.184721;-6.916229;3;0;0;1807;8;178.32;2.63;;;
37.184851;-6.916384;3;0;0;1807;8;178.34;2.61;;;
37.184984;-6.916536;3;0;0;1807;8;178.36;2.59;;;
37.185117;-6.916688;3;0;0;1807;8;178.38;2.57;;;
37.185250;-6.916840;3;0;0;1807;8;178.4;2.55;;;
37.185383;-6.916992;3;0;0;1807;8;178.42;2.53;;;
37.185517;-6.917143;3;0;0;1807;8;178.44;2.51;;;
37.185659;-6.917281;3;0;0;1807;8;178.46;2.49;;;
37.185803;-6.917416;3;0;0;1807;8;178.48;2.47;;;
37.185947;-6.917552;3;0;0;1807;8;178.5;2.45;;;
37.186091;-6.917687;3;0;0;1807;8;178.52;2.43;;;
37.186235;-6.917822;3;0;0;1807;8;178.54;2.41;;;
37.186379;-6.917957;3;0;0;1807;8;178.56;2.39;;;
37.186525;-6.918090;3;0;0;1807;8;178.58;2.37;;;
37.186675;-6.918213;3;0;0;1807;8;178.6;2.35;;;
37.186826;-6.918336;3;0;0;1807;8;178.62;2.33;;;
37.186977;-6.918460;3;0;0;1807;8;178.64;2.31;;;
37.187127;-6.918583;3;0;0;1807;8;178.66;2.29;;;
37.187278;-6.918706;3;0;0;1807;8;178.68;2.27;;;
37.187429;-6.918829;3;0;0;1807;8;178.7;2.25;;;
37.187579;-6.918953;3;0;0;1807;8;178.72;2.23;;;
37.187730;-6.919076;3;0;0;1807;8;178.74;2.21;;;
37.187881;-6.919199;3;0;0;1807;8;178.76;2.19;;;
37.188031;-6.919324;3;0;0;1807;8;178.78;2.17;;;
37.188181;-6.919448;3;0;0;1807;8;178.8;2.15;;;
37.188331;-6.919573;3;0;0;1807;8;178.82;2.13;;;
37.188481;-6.919697;2;0;0;1807;8;178.84;2.11;;;
37.188631;-6.919822;2;0;0;1807;8;178.86;2.09;;;
37.188781;-6.919946;2;0;0;1807;8;178.88;2.07;;;
37.188931;-6.920071;3;0;0;1807;8;178.9;2.05;;;
37.189081;-6.920195;3;0;0;1808;7;178.92;2.03;;;
37.189231;-6.920320;3;0;1;1808;7;178.94;2.01;;;
37.189381;-6.920445;3;0;0;1808;7;178.96;1.99;;;
37.189531;-6.920569;3;0;0;1808;7;178.98;1.97;;;
37.189681;-6.920693;3;0;0;1808;7;179;1.95;;;
37.189831;-6.920818;3;0;0;1808;7;179.02;1.93;;;
37.189981;-6.920942;3;0;0;1808;7;179.04;1.91;;;
37.190131;-6.921067;3;0;0;1808;7;179.06;1.89;;;
37.190281;-6.921192;3;0;0;1808;7;179.08;1.87;;;
37.190431;-6.921316;3;0;0;1808;7;179.1;1.85;;;
37.190581;-6.921441;3;0;0;1808;7;179.12;1.83;;;
37.190732;-6.921565;3;0;0;1808;7;179.14;1.81;;;
37.190882;-6.921689;3;0;0;1808;7;179.16;1.79;;;
37.191032;-6.921814;3;0;0;1808;7;179.18;1.77;;;
37.191182;-6.921938;3;0;0;1808;7;179.2;1.75;;;
37.191332;-6.922063;4;0;0;1808;7;179.22;1.73;;;
37.191482;-6.922188;4;0;0;1809;6;179.24;1.71;;;
37.191632;-6.922312;4;0;1;1809;6;179.26;1.69;;;
37.191782;-6.922437;4;0;1;1809;6;179.28;1.67;;;
37.191932;-6.922561;4;0;1;1809;6;179.3;1.65;;;
37.192082;-6.922685;4;0;1;1809;6;179.32;1.63;;;
37.192232;-6.922810;4;0;1;1809;6;179.34;1.61;;;
37.192382;-6.922935;4;0;1;1809;6;179.36;1.59;;;
37.192532;-6.923059;5;0;0;1810;5;179.38;1.57;;;
37.192682;-6.923184;5;0;0;1810;5;179.4;1.55;;;
37.192832;-6.923308;5;0;0;1810;5;179.42;1.53;;;
37.192982;-6.923433;5;0;0;1810;5;179.44;1.51;;;
37.193132;-6.923557;5;0;0;1810;5;179.46;1.49;;;
37.193282;-6.923682;5;0;0;1810;5;179.48;1.47;;;
37.193432;-6.923806;5;0;0;1810;5;179.5;1.45;;;
37.193582;-6.923931;5;0;0;1810;5;179.52;1.43;;;
37.193732;-6.924055;5;0;0;1810;5;179.54;1.41;;;
37.193871;-6.924199;5;0;0;1810;5;179.56;1.39;;;
37.194021;-6.924322;5;0;0;1810;5;179.58;1.37;;;
37.194172;-6.924446;5;0;0;1810;5;179.6;1.35;;;
37.194323;-6.924569;5;0;0;1810;5;179.62;1.33;;;
37.194473;-6.924693;5;0;0;1810;5;179.64;1.31;;;
37.194624;-6.924816;5;0;0;1810;5;179.66;1.29;;;
37.194775;-6.924939;5;0;0;1810;5;179.68;1.27;;;
37.194932;-6.925045;5;0;0;1810;5;179.7;1.25;;;
37.195076;-6.925179;5;0;0;1810;5;179.72;1.23;;;
37.195200;-6.925342;5;0;0;1810;5;179.74;1.21;;;
37.195318;-6.925506;5;0;-1;1810;5;179.76;1.19;;;
37.195480;-6.925605;4;0;-1;1810;5;179.78;1.17;;;
37.195643;-6.925698;4;0;-1;1810;5;179.8;1.15;;;
37.195817;-6.925739;4;0;-1;1810;5;179.82;1.13;;;
37.195930;-6.925584;4;0;-1;1810;5;179.84;1.11;;;
37.195973;-6.925365;3;0;-1;1810;5;179.86;1.09;;;
37.196112;-6.925224;3;0;-1;1810;5;179.88;1.07;;;
37.196285;-6.925162;3;0;-1;1810;5;179.9;1.05;;;
37.196457;-6.925100;3;0;-1;1810;5;179.92;1.03;;;
37.196630;-6.925038;3;0;0;1810;5;179.94;1.01;;;
37.196803;-6.924975;3;0;0;1810;5;179.96;0.99;;;
37.196976;-6.924912;3;0;0;1810;5;179.98;0.97;;;
37.197149;-6.924850;3;0;0;1810;5;180;0.95;36;;
37.197322;-6.924788;3;0;0;1810;5;180.02;0.93;;;
37.197495;-6.924725;2;0;0;1810;5;180.04;0.91;;;
37.197667;-6.924663;2;0;0;1810;5;180.06;0.89;;;
37.197840;-6.924600;2;0;0;1810;5;180.08;0.87;;;
37.198013;-6.924538;2;0;0;1810;5;180.1;0.85;;;
37.198186;-6.924474;2;0;0;1810;5;180.12;0.83;;;
37.198359;-6.924412;2;0;0;1810;5;180.14;0.81;;;
37.198531;-6.924349;2;0;0;1810;5;180.16;0.79;;;
37.198704;-6.924287;2;0;0;1810;5;180.18;0.77;;;
37.198877;-6.924225;2;0;0;1810;5;180.2;0.75;;;
37.199050;-6.924162;2;0;0;1810;5;180.22;0.73;;;
37.199223;-6.924100;2;0;1;1810;5;180.24;0.71;;;
37.199396;-6.924037;3;0;1;1810;5;180.26;0.69;;;
37.199569;-6.923975;3;0;1;1811;4;180.28;0.67;;;
37.199741;-6.923913;3;0;1;1811;4;180.3;0.65;;;
37.199914;-6.923850;3;0;1;1811;4;180.32;0.63;;;
37.200087;-6.923787;3;0;1;1811;4;180.34;0.61;;;
37.200260;-6.923724;4;0;1;1811;4;180.36;0.59;;;
37.200433;-6.923662;4;0;1;1812;3;180.38;0.57;;;
37.200605;-6.923599;4;0;1;1812;3;180.4;0.55;;;
37.200778;-6.923537;4;0;1;1812;3;180.42;0.53;;;
37.200956;-6.923507;4;0;1;1812;3;180.44;0.51;;;
37.201132;-6.923513;4;0;0;1812;3;180.46;0.49;;;
37.201304;-6.923576;4;0;0;1812;3;180.48;0.47;;;
37.201470;-6.923658;4;0;0;1812;3;180.5;0.45;;;
37.201620;-6.923783;4;0;0;1812;3;180.52;0.43;;;
37.201766;-6.923915;4;0;0;1812;3;180.54;0.41;;;
37.201912;-6.924047;4;0;0;1812;3;180.56;0.39;;;
37.202058;-6.924179;4;0;0;1812;3;180.58;0.37;;;
37.202204;-6.924312;4;0;0;1812;3;180.6;0.35;37;;
37.202349;-6.924444;4;0;0;1812;3;180.62;0.33;;;
37.202495;-6.924576;4;0;1;1812;3;180.64;0.31;;;
37.202641;-6.924708;5;0;1;1813;2;180.66;0.29;;;
37.202787;-6.924841;5;0;1;1813;2;180.68;0.27;;;
37.202932;-6.924973;5;0;1;1813;2;180.7;0.25;;;
37.203078;-6.925106;5;0;1;1813;2;180.72;0.23;;;
37.203224;-6.925238;5;0;1;1813;2;180.74;0.21;;;
37.203369;-6.925371;5;0;1;1813;2;180.76;0.19;;;
37.203515;-6.925503;6;0;1;1814;1;180.78;0.17;;;
37.203661;-6.925635;6;0;1;1814;1;180.8;0.15;;;
37.203807;-6.925767;6;0;1;1814;1;180.82;0.13;;;
37.203952;-6.925900;6;0;1;1814;1;180.84;0.11;;;
37.204098;-6.926032;6;0;1;1814;1;180.86;0.09;;;
37.204244;-6.926164;6;0;1;1814;1;180.88;0.07;;;
37.204390;-6.926297;6;0;1;1814;1;180.9;0.05;;;
37.204535;-6.926429;6;0;1;1814;1;180.92;0.03;;;
37.204681;-6.926561;7;0;1;1815;0;180.94;0.01;;;
37.204789;-6.926659;7;0;1;1815;0;180.95;0;38;arrival;
