latitude;longitude;altitude;azimuth;slope;dvdone;dvrest;kmdone;kmto;cpnumero;cptype;sumcategory
37.226297;-5.924206;34;0;0;0;811;0;184.83;3;real;
37.226143;-5.924089;34;0;-1;0;811;0.02;184.81;;;
37.225989;-5.923972;34;0;-1;0;811;0.04;184.79;;;
37.225836;-5.923854;34;0;-1;0;811;0.06;184.77;;;
37.225682;-5.923738;34;0;-1;0;811;0.08;184.75;;;
37.225529;-5.923619;34;0;-1;0;811;0.1;184.73;;;
37.225375;-5.923501;33;0;-1;0;811;0.12;184.71;;;
37.225068;-5.923266;33;0;-1;0;811;0.16;184.67;;;
37.224907;-5.923167;33;0;-1;0;811;0.18;184.65;;;
37.224745;-5.923068;33;0;-1;0;811;0.2;184.63;;;
37.224583;-5.922969;32;0;-1;0;811;0.22;184.61;;;
37.224422;-5.922869;32;0;-1;0;811;0.24;184.59;;;
37.224255;-5.922785;32;0;-1;0;811;0.26;184.57;;;
37.223916;-5.922636;32;0;-1;0;811;0.3;184.53;;;
37.223743;-5.922573;31;0;-1;0;811;0.32;184.51;;;
37.223571;-5.922509;31;0;-1;0;811;0.34;184.49;;;
37.223398;-5.922445;31;0;-1;0;811;0.36;184.47;;;
37.223226;-5.922381;31;0;-1;0;811;0.38;184.45;;;
37.223053;-5.922317;30;0;-1;0;811;0.4;184.43;;;
37.222880;-5.922254;30;0;-1;0;811;0.42;184.41;;;
37.222708;-5.922189;30;0;-1;0;811;0.44;184.39;;;
37.222535;-5.922127;30;0;-1;0;811;0.46;184.37;;;
37.222362;-5.922067;30;0;-1;0;811;0.48;184.35;;;
37.222188;-5.922007;29;0;-1;0;811;0.5;184.33;;;
37.222015;-5.921947;29;0;-1;0;811;0.52;184.31;;;
37.221841;-5.921888;29;0;-1;0;811;0.54;184.29;;;
37.221321;-5.921708;28;0;-2;0;811;0.6;184.23;;;
37.221148;-5.921648;28;0;-2;0;811;0.62;184.21;;;
37.220974;-5.921588;27;0;-2;0;811;0.64;184.19;;;
37.220801;-5.921528;27;0;-2;0;811;0.66;184.17;;;
37.220627;-5.921468;27;0;-2;0;811;0.68;184.15;;;
37.220454;-5.921409;26;0;-2;0;811;0.7;184.13;;;
37.220280;-5.921349;26;0;-2;0;811;0.72;184.11;;;
37.220107;-5.921289;26;0;-2;0;811;0.74;184.09;;;
37.219934;-5.921229;25;0;-2;0;811;0.76;184.07;;;
37.219760;-5.921169;25;0;-2;0;811;0.78;184.05;;;
37.219587;-5.921110;24;0;-1;0;811;0.8;184.03;;;
37.219413;-5.921050;24;0;-1;0;811;0.82;184.01;;;
37.219240;-5.920990;24;0;-1;0;811;0.84;183.99;;;
37.219067;-5.920930;24;0;-1;0;811;0.86;183.97;;;
37.218892;-5.920874;24;0;-1;0;811;0.88;183.95;;;
37.218714;-5.920844;23;0;-1;0;811;0.9;183.93;;;
37.218536;-5.920812;23;0;-1;0;811;0.92;183.91;;;
37.218357;-5.920797;23;0;-1;0;811;0.94;183.89;;;
37.218177;-5.920796;23;0;-1;0;811;0.96;183.87;;;
37.217998;-5.920813;23;0;-1;0;811;0.98;183.85;;;
37.217818;-5.920829;22;0;-1;0;811;1;183.83;;;
37.217639;-5.920845;22;0;-2;0;811;1.02;183.81;;;
37.217460;-5.920865;22;0;-2;0;811;1.04;183.79;;;
37.217287;-5.920925;21;0;-1;0;811;1.06;183.77;;;
37.217114;-5.920986;21;0;-1;0;811;1.08;183.75;;;
37.216286;-5.921418;20;0;-1;0;811;1.18;183.65;;;
37.216137;-5.921543;20;0;-1;0;811;1.2;183.63;;;
37.215987;-5.921668;20;0;-1;0;811;1.22;183.61;;;
37.215837;-5.921792;20;0;-1;0;811;1.24;183.59;;;
37.215664;-5.921853;20;0;-1;0;811;1.26;183.57;;;
37.215485;-5.921857;19;0;-1;0;811;1.28;183.55;;;
37.215307;-5.921887;19;0;-1;0;811;1.3;183.53;;;
37.215130;-5.921925;19;0;-1;0;811;1.32;183.51;;;
37.214960;-5.921996;19;0;0;0;811;1.34;183.49;;;
37.214793;-5.922083;19;0;0;0;811;1.36;183.47;;;
37.214621;-5.922130;19;0;0;0;811;1.38;183.45;;;
37.214445;-5.922094;19;0;0;0;811;1.4;183.43;;;
37.214275;-5.922020;19;0;0;0;811;1.42;183.41;;;
37.214106;-5.921943;19;0;0;0;811;1.44;183.39;;;
37.213937;-5.921864;19;0;0;0;811;1.46;183.37;;;
37.213770;-5.921783;19;0;0;0;811;1.48;183.35;;;
37.213602;-5.921700;19;0;0;0;811;1.5;183.33;;;
37.213430;-5.921636;19;0;0;0;811;1.52;183.31;;;
37.213257;-5.921572;19;0;0;0;811;1.54;183.29;;;
37.213085;-5.921508;19;0;0;0;811;1.56;183.27;;;
37.212906;-5.921480;19;0;0;0;811;1.58;183.25;;;
37.212727;-5.921475;19;0;0;1;810;1.6;183.23;;;
37.212547;-5.921484;20;0;0;1;810;1.62;183.21;;;
37.212370;-5.921516;20;0;0;1;810;1.64;183.19;;;
37.212197;-5.921575;20;0;0;1;810;1.66;183.17;;;
37.212023;-5.921634;20;0;0;1;810;1.68;183.15;;;
37.211849;-5.921692;20;0;0;1;810;1.7;183.13;;;
37.211676;-5.921750;20;0;0;1;810;1.72;183.11;;;
37.211502;-5.921810;20;0;0;1;810;1.74;183.09;;;
37.211328;-5.921868;20;0;0;1;810;1.76;183.07;;;
37.211155;-5.921927;20;0;0;1;810;1.78;183.05;;;
37.210981;-5.921985;20;0;0;1;810;1.8;183.03;;;
37.210806;-5.922039;20;0;0;1;810;1.82;183.01;;;
37.210631;-5.922092;20;0;0;1;810;1.84;182.99;;;
37.210456;-5.922145;20;0;0;1;810;1.86;182.97;;;
37.210282;-5.922198;20;0;0;1;810;1.88;182.95;;;
37.210107;-5.922251;20;0;0;1;810;1.9;182.93;;;
37.209933;-5.922309;20;0;0;2;809;1.92;182.91;;;
37.209759;-5.922369;21;0;0;2;809;1.94;182.89;;;
37.209586;-5.922428;21;0;0;2;809;1.96;182.87;;;
37.209412;-5.922487;21;0;0;2;809;1.98;182.85;;;
37.209239;-5.922545;21;0;0;2;809;2;182.83;;;
37.209065;-5.922605;21;0;0;2;809;2.02;182.81;;;
37.208892;-5.922664;21;0;0;2;809;2.04;182.79;;;
37.208718;-5.922723;21;0;0;2;809;2.06;182.77;;;
37.208544;-5.922783;21;0;0;2;809;2.08;182.75;;;
37.208371;-5.922842;21;0;1;2;809;2.1;182.73;;;
37.208197;-5.922901;21;0;1;2;809;2.12;182.71;;;
37.208024;-5.922961;21;0;1;3;808;2.14;182.69;;;
37.207850;-5.923020;22;0;1;3;808;2.16;182.67;;;
37.206297;-5.923592;23;0;1;4;807;2.34;182.49;;;
37.206124;-5.923654;23;0;1;4;807;2.36;182.47;;;
37.205951;-5.923717;23;0;1;4;807;2.38;182.45;;;
37.205779;-5.923780;23;0;1;4;807;2.4;182.43;;;
37.205606;-5.923843;23;0;1;4;807;2.42;182.41;;;
37.205433;-5.923905;23;0;1;4;807;2.44;182.39;;;
37.205260;-5.923968;23;0;0;4;807;2.46;182.37;;;
37.205087;-5.924031;23;0;0;5;806;2.48;182.35;;;
37.204915;-5.924094;24;0;1;5;806;2.5;182.33;;;
37.204742;-5.924156;24;0;1;5;806;2.52;182.31;;;
37.204569;-5.924219;24;0;1;5;806;2.54;182.29;;;
37.204396;-5.924282;24;0;1;5;806;2.56;182.27;;;
37.204224;-5.924345;24;0;1;5;806;2.58;182.25;;;
37.204051;-5.924408;24;0;1;5;806;2.6;182.23;;;
37.203878;-5.924470;24;0;1;5;806;2.62;182.21;;;
37.203705;-5.924533;24;0;1;5;806;2.64;182.19;;;
37.203532;-5.924596;24;0;1;6;805;2.66;182.17;;;
37.203360;-5.924659;24;0;1;6;805;2.68;182.15;;;
37.203187;-5.924721;25;0;1;6;805;2.7;182.13;;;
37.203014;-5.924784;25;0;1;6;805;2.72;182.11;;;
37.202841;-5.924847;25;0;1;6;805;2.74;182.09;;;
37.202669;-5.924910;25;0;1;6;805;2.76;182.07;;;
37.202496;-5.924973;25;0;1;6;805;2.78;182.05;;;
37.202323;-5.925035;25;0;1;6;805;2.8;182.03;;;
37.202150;-5.925098;25;0;1;6;805;2.82;182.01;;;
37.201977;-5.925158;25;0;1;7;804;2.84;181.99;;;
37.201801;-5.925207;26;0;1;7;804;2.86;181.97;;;
37.201626;-5.925257;26;0;0;7;804;2.88;181.95;;;
37.201450;-5.925306;26;0;0;7;804;2.9;181.93;;;
37.201275;-5.925355;26;0;0;7;804;2.92;181.91;;;
37.201098;-5.925394;26;0;0;7;804;2.94;181.89;;;
37.200920;-5.925433;26;0;0;7;804;2.96;181.87;;;
37.200743;-5.925471;26;0;0;7;804;2.98;181.85;;;
37.200566;-5.925509;26;0;0;7;804;3;181.83;;;
37.200388;-5.925542;26;0;0;7;804;3.02;181.81;;;
37.200210;-5.925571;26;0;0;7;804;3.04;181.79;;;
37.200031;-5.925599;26;0;0;7;804;3.06;181.77;;;
37.199852;-5.925623;26;0;0;7;804;3.08;181.75;;;
37.199673;-5.925636;26;0;0;7;804;3.1;181.73;;;
37.199493;-5.925649;26;0;0;7;804;3.12;181.71;;;
37.199314;-5.925661;26;0;0;7;804;3.14;181.69;;;
37.199134;-5.925674;26;0;0;7;804;3.16;181.67;;;
37.198954;-5.925687;26;0;0;7;804;3.18;181.65;;;
37.198775;-5.925681;26;0;0;7;804;3.2;181.63;;;
37.198595;-5.925670;26;0;0;7;804;3.22;181.61;;;
37.198415;-5.925659;26;0;0;7;804;3.24;181.59;;;
37.198236;-5.925648;26;0;0;7;804;3.26;181.57;;;
37.198056;-5.925637;26;0;0;7;804;3.28;181.55;;;
37.197876;-5.925626;26;0;0;7;804;3.3;181.53;;;
37.197697;-5.925612;26;0;0;7;804;3.32;181.51;;;
37.197518;-5.925593;26;0;0;7;804;3.34;181.49;;;
37.197339;-5.925573;26;0;0;7;804;3.36;181.47;;;
37.197161;-5.925539;26;0;-1;7;804;3.38;181.45;;;
37.196984;-5.925501;25;0;-1;7;804;3.4;181.43;;;
37.196806;-5.925463;25;0;-1;7;804;3.42;181.41;;;
37.196629;-5.925424;25;0;-1;7;804;3.44;181.39;;;
37.196452;-5.925386;25;0;-1;7;804;3.46;181.37;;;
37.196275;-5.925348;25;0;-1;7;804;3.48;181.35;;;
37.196097;-5.925310;25;0;-1;7;804;3.5;181.33;;;
37.195920;-5.925271;25;0;-1;7;804;3.52;181.31;;;
37.195743;-5.925233;24;0;-1;7;804;3.54;181.29;;;
37.195565;-5.925195;24;0;-1;7;804;3.56;181.27;;;
37.195388;-5.925157;24;0;-1;7;804;3.58;181.25;;;
37.195211;-5.925118;24;0;-1;7;804;3.6;181.23;;;
37.195034;-5.925080;24;0;-1;7;804;3.62;181.21;;;
37.194856;-5.925042;24;0;-1;7;804;3.64;181.19;;;
37.194679;-5.925004;23;0;-1;7;804;3.66;181.17;;;
37.194502;-5.924965;23;0;-1;7;804;3.68;181.15;;;
37.194325;-5.924927;23;0;-1;7;804;3.7;181.13;;;
37.194147;-5.924889;23;0;-1;7;804;3.72;181.11;;;
37.193969;-5.924862;22;0;-1;7;804;3.74;181.09;;;
37.193790;-5.924834;22;0;-1;7;804;3.76;181.07;;;
37.193611;-5.924812;22;0;-1;7;804;3.78;181.05;;;
37.193432;-5.924799;22;0;-1;7;804;3.8;181.03;;;
37.193252;-5.924784;22;0;-1;7;804;3.82;181.01;;;
37.193073;-5.924770;21;0;-1;7;804;3.84;180.99;;;
37.192893;-5.924756;21;0;-1;7;804;3.86;180.97;;;
37.192714;-5.924743;21;0;-1;7;804;3.88;180.95;;;
37.192534;-5.924729;21;0;-1;7;804;3.9;180.93;;;
37.192355;-5.924715;20;0;-1;7;804;3.92;180.91;;;
37.192175;-5.924701;20;0;-1;7;804;3.94;180.89;;;
37.191996;-5.924687;20;0;-1;7;804;3.96;180.87;;;
37.191816;-5.924673;19;0;-1;7;804;3.98;180.85;;;
37.191637;-5.924659;19;0;-1;7;804;4;180.83;;;
37.191278;-5.924632;19;0;-1;7;804;4.04;180.79;;;
37.190919;-5.924604;18;0;-1;7;804;4.08;180.75;;;
37.190559;-5.924579;18;0;-1;7;804;4.12;180.71;;;
37.190200;-5.924553;17;0;-1;7;804;4.16;180.67;;;
37.190021;-5.924541;17;0;-1;7;804;4.18;180.65;;;
37.189841;-5.924528;17;0;-1;7;804;4.2;180.63;;;
37.189662;-5.924516;17;0;-1;7;804;4.22;180.61;;;
37.189482;-5.924503;16;0;-1;7;804;4.24;180.59;;;
37.189302;-5.924490;16;0;-1;7;804;4.26;180.57;;;
37.189123;-5.924478;16;0;-1;7;804;4.28;180.55;;;
37.188943;-5.924465;16;0;-1;7;804;4.3;180.53;;;
37.188764;-5.924453;16;0;-1;7;804;4.32;180.51;;;
37.188584;-5.924440;15;0;-1;7;804;4.34;180.49;;;
37.188225;-5.924418;15;0;-1;7;804;4.38;180.45;;;
37.187865;-5.924410;15;0;-1;7;804;4.42;180.41;;;
37.187506;-5.924423;14;0;-1;7;804;4.46;180.37;;;
37.187146;-5.924439;14;0;-1;7;804;4.5;180.33;;;
37.186787;-5.924457;14;0;0;7;804;4.54;180.29;;;
37.186427;-5.924481;14;0;0;7;804;4.58;180.25;;;
37.186068;-5.924505;14;0;0;7;804;4.62;180.21;;;
37.185711;-5.924548;14;0;0;7;804;4.66;180.17;;;
37.185535;-5.924598;14;0;0;7;804;4.68;180.15;;;
37.185366;-5.924671;14;0;0;7;804;4.7;180.13;;;
37.185209;-5.924779;14;0;0;7;804;4.72;180.11;;;
37.185063;-5.924911;14;0;0;7;804;4.74;180.09;;;
37.184927;-5.925059;14;0;0;7;804;4.76;180.07;;;
37.184813;-5.925233;14;0;0;7;804;4.78;180.05;;;
37.184727;-5.925431;14;0;0;7;804;4.8;180.03;;;
37.184646;-5.925632;14;0;0;8;803;4.82;180.01;;;
37.184597;-5.925848;14;0;0;8;803;4.84;179.99;;;
37.184536;-5.926293;14;0;0;8;803;4.88;179.95;;;
37.184443;-5.926727;14;0;0;8;803;4.92;179.91;;;
37.184163;-5.926985;14;0;0;8;803;4.96;179.87;;;
37.183813;-5.926940;14;0;1;8;803;5;179.83;;;
37.183470;-5.926859;14;0;1;8;803;5.04;179.79;;;
37.183288;-5.926520;15;0;1;9;802;5.08;179.75;;;
37.183176;-5.926110;15;0;0;9;802;5.12;179.71;;;
37.183055;-5.925944;15;0;0;9;802;5.14;179.69;;;
37.182933;-5.925777;15;0;0;9;802;5.16;179.67;;;
37.182812;-5.925610;15;0;0;9;802;5.18;179.65;;;
37.182690;-5.925444;15;0;0;9;802;5.2;179.63;;;
37.182570;-5.925276;15;0;0;9;802;5.22;179.61;;;
37.182450;-5.925107;15;0;0;9;802;5.24;179.59;;;
37.182330;-5.924939;15;0;0;9;802;5.26;179.57;;;
37.182209;-5.924774;15;0;0;9;802;5.28;179.55;;;
37.182062;-5.924646;15;0;0;9;802;5.3;179.53;;;
37.181890;-5.924587;15;0;0;9;802;5.32;179.51;;;
37.181722;-5.924513;15;0;0;9;802;5.34;179.49;;;
37.181567;-5.924404;15;0;0;9;802;5.36;179.47;;;
37.181392;-5.924366;15;0;0;9;802;5.38;179.45;;;
37.181212;-5.924374;15;0;0;9;802;5.4;179.43;;;
37.181034;-5.924406;15;0;0;9;802;5.42;179.41;;;
37.180856;-5.924439;15;0;-1;9;802;5.44;179.39;;;
37.180678;-5.924471;15;0;-1;9;802;5.46;179.37;;;
37.180500;-5.924502;15;0;-1;9;802;5.48;179.35;;;
37.180322;-5.924535;15;0;-1;9;802;5.5;179.33;;;
37.180144;-5.924567;14;0;0;9;802;5.52;179.31;;;
37.179966;-5.924599;14;0;0;9;802;5.54;179.29;;;
37.179788;-5.924631;14;0;-1;9;802;5.56;179.27;;;
37.179610;-5.924664;14;0;-1;9;802;5.58;179.25;;;
37.179432;-5.924696;14;0;-1;9;802;5.6;179.23;;;
37.179254;-5.924728;14;0;-1;9;802;5.62;179.21;;;
37.179076;-5.924760;14;0;-1;9;802;5.64;179.19;;;
37.178898;-5.924792;14;0;-1;9;802;5.66;179.17;;;
37.178720;-5.924825;13;0;-1;9;802;5.68;179.15;;;
37.178542;-5.924856;13;0;-1;9;802;5.7;179.13;;;
37.178363;-5.924877;13;0;-1;9;802;5.72;179.11;;;
37.178183;-5.924892;13;0;-1;9;802;5.74;179.09;;;
37.178004;-5.924906;13;0;-1;9;802;5.76;179.07;;;
37.177824;-5.924920;13;0;-1;9;802;5.78;179.05;;;
37.177645;-5.924934;13;0;-1;9;802;5.8;179.03;;;
37.177465;-5.924948;12;0;-1;9;802;5.82;179.01;;;
37.177286;-5.924963;12;0;-1;9;802;5.84;178.99;;;
37.177106;-5.924977;12;0;-1;9;802;5.86;178.97;;;
37.176927;-5.924991;12;0;-1;9;802;5.88;178.95;;;
37.176747;-5.925005;12;0;-1;9;802;5.9;178.93;;;
37.176568;-5.925020;12;0;-1;9;802;5.92;178.91;;;
37.176388;-5.925035;12;0;-1;9;802;5.94;178.89;;;
37.176209;-5.925049;11;0;-1;9;802;5.96;178.87;;;
37.176029;-5.925063;11;0;-1;9;802;5.98;178.85;;;
37.175850;-5.925075;11;0;-1;9;802;6;178.83;;;
37.175670;-5.925085;11;0;-1;9;802;6.02;178.81;;;
37.175490;-5.925096;11;0;-1;9;802;6.04;178.79;;;
37.175311;-5.925106;11;0;-1;9;802;6.06;178.77;;;
37.175131;-5.925117;10;0;-1;9;802;6.08;178.75;;;
37.174951;-5.925127;10;0;-1;9;802;6.1;178.73;;;
37.174772;-5.925138;10;0;-1;9;802;6.12;178.71;;;
37.174592;-5.925148;10;0;-1;9;802;6.14;178.69;;;
37.174412;-5.925159;10;0;-1;9;802;6.16;178.67;;;
37.174234;-5.925185;10;0;-1;9;802;6.18;178.65;;;
37.174055;-5.925212;10;0;-1;9;802;6.2;178.63;;;
37.173877;-5.925239;9;0;-1;9;802;6.22;178.61;;;
37.173701;-5.925285;9;0;-1;9;802;6.24;178.59;;;
37.173527;-5.925343;9;0;-1;9;802;6.26;178.57;;;
37.173355;-5.925408;9;0;-1;9;802;6.28;178.55;;;
37.173184;-5.925479;9;0;-1;9;802;6.3;178.53;;;
37.173013;-5.925550;9;0;-1;9;802;6.32;178.51;;;
37.172843;-5.925621;8;0;-1;9;802;6.34;178.49;;;
37.172672;-5.925692;8;0;-1;9;802;6.36;178.47;;;
37.172501;-5.925763;8;0;-1;9;802;6.38;178.45;;;
37.172329;-5.925827;8;0;-1;9;802;6.4;178.43;;;
37.172154;-5.925879;8;0;-1;9;802;6.42;178.41;;;
37.171979;-5.925931;8;0;-1;9;802;6.44;178.39;;;
37.171801;-5.925963;8;0;-1;9;802;6.46;178.37;;;
37.171622;-5.925983;8;0;-1;9;802;6.48;178.35;;;
37.171443;-5.926002;7;0;-1;9;802;6.5;178.33;4;;
37.171264;-5.926020;7;0;0;9;802;6.52;178.31;;;
37.171084;-5.926029;7;0;0;9;802;6.54;178.29;;;
37.170905;-5.926008;7;0;0;9;802;6.56;178.27;;;
37.170726;-5.925986;7;0;0;9;802;6.58;178.25;;;
37.170547;-5.925965;7;0;0;9;802;6.6;178.23;;;
37.170368;-5.925943;7;0;0;9;802;6.62;178.21;;;
37.170189;-5.925921;7;0;0;9;802;6.64;178.19;;;
37.170010;-5.925898;7;0;0;9;802;6.66;178.17;;;
37.169831;-5.925875;7;0;0;9;802;6.68;178.15;;;
37.169652;-5.925851;7;0;0;9;802;6.7;178.13;;;
37.169473;-5.925827;7;0;0;9;802;6.72;178.11;;;
37.169294;-5.925802;6;0;0;9;802;6.74;178.09;;;
37.169115;-5.925779;6;0;0;9;802;6.76;178.07;;;
37.168937;-5.925755;6;0;0;9;802;6.78;178.05;;;
37.168758;-5.925731;6;0;0;9;802;6.8;178.03;;;
37.168579;-5.925708;6;0;0;9;802;6.82;178.01;;;
37.168400;-5.925686;6;0;0;9;802;6.84;177.99;;;
37.168221;-5.925667;6;0;0;9;802;6.86;177.97;;;
37.168041;-5.925649;7;0;0;9;802;6.88;177.95;;;
37.167862;-5.925631;7;0;0;9;802;6.9;177.93;;;
37.167683;-5.925612;7;0;0;9;802;6.92;177.91;;;
37.167503;-5.925619;7;0;1;9;802;6.94;177.89;;;
37.167326;-5.925653;7;0;1;9;802;6.96;177.87;;;
37.167155;-5.925715;7;0;1;9;802;6.98;177.85;;;
37.166987;-5.925664;7;0;1;10;801;7;177.83;;;
37.166838;-5.925551;7;0;1;10;801;7.02;177.81;;;
37.166664;-5.925495;7;0;1;10;801;7.04;177.79;;;
37.166486;-5.925463;8;0;1;10;801;7.06;177.77;;;
37.166308;-5.925432;8;0;1;10;801;7.08;177.75;;;
37.166130;-5.925399;8;0;1;10;801;7.1;177.73;;;
37.165954;-5.925356;8;0;1;11;800;7.12;177.71;;;
37.165781;-5.925296;8;0;1;11;800;7.14;177.69;;;
37.165608;-5.925232;8;0;1;11;800;7.16;177.67;;;
37.165438;-5.925160;9;0;1;11;800;7.18;177.65;;;
37.165266;-5.925094;9;0;1;11;800;7.2;177.63;;;
37.165095;-5.925028;9;0;1;12;799;7.22;177.61;;;
37.164940;-5.924914;10;0;1;12;799;7.24;177.59;;;
37.164774;-5.924828;10;0;1;13;798;7.26;177.57;;;
37.164607;-5.924746;10;0;1;13;798;7.28;177.55;;;
37.164440;-5.924663;10;0;1;13;798;7.3;177.53;;;
37.164272;-5.924580;10;0;1;13;798;7.32;177.51;;;
37.164104;-5.924499;11;0;1;13;798;7.34;177.49;;;
37.163936;-5.924422;11;0;1;13;798;7.36;177.47;;;
37.163761;-5.924367;11;0;1;14;797;7.38;177.45;;;
37.163587;-5.924311;11;0;1;14;797;7.4;177.43;;;
37.163409;-5.924280;11;0;1;14;797;7.42;177.41;;;
37.163230;-5.924254;12;0;1;14;797;7.44;177.39;;;
37.163051;-5.924260;12;0;1;14;797;7.46;177.37;;;
37.162874;-5.924265;12;0;1;15;796;7.48;177.35;;;
37.162713;-5.924169;12;0;1;15;796;7.5;177.33;;;
37.162536;-5.924129;12;0;1;15;796;7.52;177.31;;;
37.162358;-5.924093;13;0;1;15;796;7.54;177.29;;;
37.162181;-5.924056;13;0;0;15;796;7.56;177.27;;;
37.162003;-5.924021;13;0;0;15;796;7.58;177.25;;;
37.161826;-5.923985;13;0;0;15;796;7.6;177.23;;;
37.161648;-5.923949;13;0;0;15;796;7.62;177.21;;;
37.161470;-5.923923;13;0;0;15;796;7.64;177.19;;;
37.161290;-5.923902;13;0;0;16;795;7.66;177.17;;;
37.161111;-5.923880;13;0;0;16;795;7.68;177.15;;;
37.160932;-5.923878;13;0;0;16;795;7.7;177.13;;;
37.160752;-5.923876;13;0;0;16;795;7.72;177.11;;;
37.160572;-5.923874;13;0;0;16;795;7.74;177.09;;;
37.160392;-5.923875;13;0;0;16;795;7.76;177.07;;;
37.160212;-5.923876;13;0;0;16;795;7.78;177.05;;;
37.160032;-5.923878;13;0;0;16;795;7.8;177.03;;;
37.159857;-5.923864;13;0;0;16;795;7.82;177.01;;;
37.159775;-5.923668;13;0;0;16;795;7.84;176.99;;;
37.159698;-5.923465;13;0;0;16;795;7.86;176.97;;;
37.159610;-5.923268;13;0;0;16;795;7.88;176.95;;;
37.159522;-5.923071;13;0;0;16;795;7.9;176.93;;;
37.159447;-5.922869;13;0;0;16;795;7.92;176.91;;;
37.159452;-5.922648;13;0;0;16;795;7.94;176.89;;;
37.159510;-5.922434;13;0;0;16;795;7.96;176.87;;;
37.159567;-5.922220;13;0;0;16;795;7.98;176.85;;;
37.159625;-5.922006;13;0;0;16;795;8;176.83;;;
37.159683;-5.921793;13;0;0;16;795;8.02;176.81;;;
37.159802;-5.921367;13;0;0;16;795;8.06;176.77;;;
37.159860;-5.921153;13;0;0;16;795;8.08;176.75;;;
37.159920;-5.920940;13;0;0;16;795;8.1;176.73;;;
37.160039;-5.920514;12;0;0;16;795;8.14;176.69;;;
37.160097;-5.920301;12;0;0;16;795;8.16;176.67;;;
37.160146;-5.920084;12;0;0;16;795;8.18;176.65;;;
37.160328;-5.919447;12;0;0;16;795;8.24;176.59;;;
37.160409;-5.919246;12;0;0;16;795;8.26;176.57;;;
37.160654;-5.918643;12;0;0;16;795;8.32;176.51;;;
37.160736;-5.918442;12;0;0;16;795;8.34;176.49;;;
37.160819;-5.918241;12;0;0;16;795;8.36;176.47;;;
37.160989;-5.917844;12;0;0;16;795;8.4;176.43;;;
37.161078;-5.917648;12;0;0;16;795;8.42;176.41;;;
37.161166;-5.917451;12;0;0;16;795;8.44;176.39;;;
37.161314;-5.917040;12;0;0;16;795;8.48;176.35;;;
37.161386;-5.916833;11;0;0;16;795;8.5;176.33;;;
37.161472;-5.916635;11;0;0;16;795;8.52;176.31;;;
37.161642;-5.916237;11;0;0;16;795;8.56;176.27;;;
37.161728;-5.916039;11;0;0;16;795;8.58;176.25;;;
37.161812;-5.915839;11;0;0;16;795;8.6;176.23;;;
37.161934;-5.915415;11;0;0;16;795;8.64;176.19;;;
37.161983;-5.915198;11;0;0;16;795;8.66;176.17;;;
37.162031;-5.914980;11;0;0;16;795;8.68;176.15;;;
37.162175;-5.914328;11;0;0;16;795;8.74;176.09;;;
37.162223;-5.914110;11;0;0;16;795;8.76;176.07;;;
37.162366;-5.913457;11;0;0;16;795;8.82;176.01;;;
37.162414;-5.913240;11;0;0;16;795;8.84;175.99;;;
37.162461;-5.913022;12;0;0;16;795;8.86;175.97;;;
37.162558;-5.912587;12;0;0;16;795;8.9;175.93;;;
37.162606;-5.912370;12;0;0;16;795;8.92;175.91;;;
37.162653;-5.912152;12;0;0;16;795;8.94;175.89;;;
37.162674;-5.911708;12;0;0;16;795;8.98;175.85;;;
37.162758;-5.911515;12;0;0;16;795;9;175.83;;;
37.162846;-5.911325;12;0;0;17;794;9.02;175.81;;;
37.162942;-5.910890;12;0;0;17;794;9.06;175.77;;;
37.162989;-5.910672;12;0;0;17;794;9.08;175.75;;;
37.163035;-5.910454;12;0;0;17;794;9.1;175.73;;;
37.163130;-5.910019;12;0;0;17;794;9.14;175.69;;;
37.163178;-5.909801;12;0;0;17;794;9.16;175.67;;;
37.163225;-5.909583;12;0;0;17;794;9.18;175.65;;;
37.163367;-5.908930;12;0;0;17;794;9.24;175.59;5;;
37.163414;-5.908712;12;0;0;17;794;9.26;175.57;;;
37.163552;-5.908058;12;0;0;17;794;9.32;175.51;;;
37.163595;-5.907838;12;0;0;17;794;9.34;175.49;;;
37.163616;-5.907615;12;0;0;17;794;9.36;175.47;;;
37.163631;-5.907164;12;0;0;17;794;9.4;175.43;;;
37.163637;-5.906938;12;0;0;17;794;9.42;175.41;;;
37.163643;-5.906713;12;0;0;17;794;9.44;175.39;;;
37.163692;-5.906269;12;0;0;17;794;9.48;175.35;;;
37.163767;-5.906065;12;0;0;17;794;9.5;175.33;;;
37.163795;-5.905842;12;0;0;17;794;9.52;175.31;;;
37.163869;-5.905404;12;0;0;17;794;9.56;175.27;;;
37.163957;-5.905208;12;0;0;17;794;9.58;175.25;;;
37.163950;-5.904988;12;0;0;17;794;9.6;175.23;;;
37.163942;-5.904542;12;0;0;17;794;9.64;175.19;;;
37.164011;-5.904335;12;0;0;17;794;9.66;175.17;;;
37.164088;-5.904131;12;0;0;17;794;9.68;175.15;;;
37.164341;-5.903534;11;0;0;17;794;9.74;175.09;;;
37.164430;-5.903338;11;0;0;17;794;9.76;175.07;;;
37.164697;-5.902749;11;0;0;17;794;9.82;175.01;;;
37.164786;-5.902553;11;0;0;17;794;9.84;174.99;;;
37.164875;-5.902357;11;0;0;17;794;9.86;174.97;;;
37.165053;-5.901965;11;0;0;17;794;9.9;174.93;;;
37.165142;-5.901769;11;0;0;17;794;9.92;174.91;;;
37.165231;-5.901573;11;0;0;17;794;9.94;174.89;;;
37.165409;-5.901180;11;0;0;17;794;9.98;174.85;;;
37.165498;-5.900984;11;0;0;17;794;10;174.83;;;
37.165587;-5.900788;11;0;0;17;794;10.02;174.81;;;
37.165765;-5.900395;11;0;0;17;794;10.06;174.77;;;
37.165854;-5.900199;11;0;0;17;794;10.08;174.75;;;
37.165943;-5.900003;11;0;0;17;794;10.1;174.73;;;
37.166121;-5.899611;11;0;0;17;794;10.14;174.69;;;
37.166209;-5.899414;11;0;0;17;794;10.16;174.67;;;
37.166287;-5.899210;11;0;0;17;794;10.18;174.65;;;
37.166517;-5.898598;11;0;0;17;794;10.24;174.59;;;
37.166591;-5.898393;11;0;0;17;794;10.26;174.57;;;
37.166665;-5.898187;11;0;0;17;794;10.28;174.55;;;
37.166740;-5.897981;11;0;0;17;794;10.3;174.53;;;
37.166814;-5.897776;11;0;0;17;794;10.32;174.51;;;
37.166888;-5.897570;10;0;0;17;794;10.34;174.49;;;
37.166963;-5.897365;10;0;0;17;794;10.36;174.47;;;
37.167037;-5.897159;10;0;0;17;794;10.38;174.45;;;
37.167111;-5.896954;10;0;0;17;794;10.4;174.43;;;
37.167185;-5.896748;10;0;0;17;794;10.42;174.41;;;
37.167260;-5.896543;10;0;0;17;794;10.44;174.39;;;
37.167334;-5.896337;10;0;0;17;794;10.46;174.37;;;
37.167409;-5.896132;10;0;0;17;794;10.48;174.35;;;
37.167483;-5.895926;10;0;0;17;794;10.5;174.33;;;
37.167557;-5.895720;10;0;0;17;794;10.52;174.31;;;
37.167632;-5.895515;10;0;0;17;794;10.54;174.29;;;
37.167706;-5.895310;10;0;0;17;794;10.56;174.27;;;
37.167781;-5.895104;10;0;0;17;794;10.58;174.25;;;
37.167855;-5.894899;10;0;0;17;794;10.6;174.23;;;
37.167930;-5.894693;10;0;0;17;794;10.62;174.21;;;
37.168004;-5.894488;10;0;0;17;794;10.64;174.19;;;
37.168079;-5.894282;10;0;0;17;794;10.66;174.17;;;
37.168153;-5.894077;10;0;0;17;794;10.68;174.15;;;
37.168227;-5.893871;10;0;0;17;794;10.7;174.13;;;
37.168301;-5.893666;10;0;0;17;794;10.72;174.11;;;
37.168376;-5.893460;10;0;0;17;794;10.74;174.09;;;
37.168450;-5.893255;10;0;0;17;794;10.76;174.07;;;
37.168524;-5.893049;10;0;0;17;794;10.78;174.05;;;
37.168598;-5.892843;10;0;0;17;794;10.8;174.03;;;
37.168673;-5.892638;10;0;0;17;794;10.82;174.01;;;
37.168748;-5.892432;10;0;0;17;794;10.84;173.99;;;
37.168822;-5.892227;10;0;0;17;794;10.86;173.97;;;
37.168896;-5.892021;10;0;0;17;794;10.88;173.95;;;
37.168970;-5.891816;10;0;0;17;794;10.9;173.93;;;
37.169045;-5.891610;10;0;0;17;794;10.92;173.91;;;
37.169119;-5.891405;10;0;0;17;794;10.94;173.89;;;
37.169194;-5.891199;10;0;0;17;794;10.96;173.87;;;
37.169268;-5.890994;10;0;0;17;794;10.98;173.85;;;
37.169343;-5.890788;10;0;0;17;794;11;173.83;;;
37.169417;-5.890583;10;0;0;17;794;11.02;173.81;;;
37.169492;-5.890377;10;0;0;17;794;11.04;173.79;;;
37.169566;-5.890172;10;0;0;17;794;11.06;173.77;;;
37.169640;-5.889966;10;0;0;17;794;11.08;173.75;;;
37.169714;-5.889761;10;0;0;17;794;11.1;173.73;;;
37.169789;-5.889555;10;0;0;17;794;11.12;173.71;;;
37.169863;-5.889350;10;0;0;17;794;11.14;173.69;;;
37.169937;-5.889144;10;0;0;17;794;11.16;173.67;;;
37.170012;-5.888938;10;0;0;17;794;11.18;173.65;;;
37.170086;-5.888733;10;0;0;17;794;11.2;173.63;;;
37.170161;-5.888528;10;0;0;17;794;11.22;173.61;;;
37.170235;-5.888322;10;0;0;17;794;11.24;173.59;;;
37.170309;-5.888116;10;0;0;17;794;11.26;173.57;;;
37.170383;-5.887911;10;0;0;17;794;11.28;173.55;;;
37.170458;-5.887705;10;0;0;17;794;11.3;173.53;;;
37.170532;-5.887500;10;0;0;17;794;11.32;173.51;;;
37.170607;-5.887295;10;0;0;18;793;11.34;173.49;;;
37.170681;-5.887089;10;0;0;18;793;11.36;173.47;;;
37.170756;-5.886883;10;0;0;18;793;11.38;173.45;;;
37.170830;-5.886678;10;0;0;18;793;11.4;173.43;;;
37.170905;-5.886473;10;0;0;18;793;11.42;173.41;;;
37.170979;-5.886267;10;0;0;18;793;11.44;173.39;;;
37.171053;-5.886061;10;0;0;18;793;11.46;173.37;;;
37.171127;-5.885856;10;0;0;18;793;11.48;173.35;;;
37.171202;-5.885650;10;0;0;18;793;11.5;173.33;;;
37.171276;-5.885445;10;0;0;18;793;11.52;173.31;;;
37.171351;-5.885239;10;0;0;18;793;11.54;173.29;;;
37.171425;-5.885034;11;0;0;18;793;11.56;173.27;;;
37.171499;-5.884828;11;0;0;18;793;11.58;173.25;;;
37.171574;-5.884623;11;0;1;18;793;11.6;173.23;;;
37.171648;-5.884417;11;0;1;18;793;11.62;173.21;;;
37.171722;-5.884211;11;0;1;19;792;11.64;173.19;;;
37.171796;-5.884006;11;0;1;19;792;11.66;173.17;;;
37.171871;-5.883800;11;0;1;19;792;11.68;173.15;;;
37.171945;-5.883595;11;0;1;19;792;11.7;173.13;;;
37.172020;-5.883389;11;0;1;19;792;11.72;173.11;;;
37.172094;-5.883184;12;0;1;19;792;11.74;173.09;;;
37.172168;-5.882978;12;0;1;19;792;11.76;173.07;;;
37.172242;-5.882773;12;0;1;19;792;11.78;173.05;;;
37.172317;-5.882567;12;0;1;20;791;11.8;173.03;;;
37.172392;-5.882362;12;0;1;20;791;11.82;173.01;;;
37.172466;-5.882156;12;0;1;20;791;11.84;172.99;;;
37.172540;-5.881951;12;0;1;20;791;11.86;172.97;;;
37.172614;-5.881745;12;0;1;20;791;11.88;172.95;;;
37.172684;-5.881537;13;0;1;20;791;11.9;172.93;;;
37.172744;-5.881324;13;0;1;20;791;11.92;172.91;;;
37.172804;-5.881111;13;0;1;20;791;11.94;172.89;;;
37.172859;-5.880897;13;0;1;21;790;11.96;172.87;;;
37.172902;-5.880678;13;0;1;21;790;11.98;172.85;;;
37.172944;-5.880458;13;0;1;21;790;12;172.83;;;
37.172966;-5.880234;13;0;1;21;790;12.02;172.81;;;
37.172986;-5.880010;14;0;1;21;790;12.04;172.79;;;
37.173005;-5.879785;14;0;1;21;790;12.06;172.77;;;
37.173025;-5.879561;14;0;1;22;789;12.08;172.75;;;
37.173045;-5.879337;14;0;1;22;789;12.1;172.73;;;
37.173064;-5.879112;14;0;1;22;789;12.12;172.71;;;
37.173084;-5.878888;15;0;1;22;789;12.14;172.69;;;
37.173103;-5.878663;15;0;1;22;789;12.16;172.67;;;
37.173123;-5.878439;15;0;1;23;788;12.18;172.65;;;
37.173143;-5.878215;15;0;1;23;788;12.2;172.63;;;
37.173163;-5.877990;15;0;1;23;788;12.22;172.61;;;
37.173193;-5.877768;16;0;1;23;788;12.24;172.59;;;
37.173228;-5.877547;16;0;1;23;788;12.26;172.57;;;
37.173266;-5.877326;16;0;1;23;788;12.28;172.55;;;
37.173310;-5.877107;16;0;1;24;787;12.3;172.53;;;
37.173354;-5.876888;16;0;1;24;787;12.32;172.51;;;
37.173398;-5.876670;16;0;1;24;787;12.34;172.49;;;
37.173441;-5.876450;17;0;1;24;787;12.36;172.47;;;
37.173485;-5.876231;17;0;1;24;787;12.38;172.45;;;
37.173530;-5.876013;17;0;1;24;787;12.4;172.43;;;
37.173574;-5.875794;17;0;1;24;787;12.42;172.41;;;
37.173617;-5.875575;17;0;1;25;786;12.44;172.39;;;
37.173661;-5.875356;17;0;1;25;786;12.46;172.37;;;
37.173705;-5.875137;17;0;1;25;786;12.48;172.35;;;
37.173750;-5.874918;18;0;1;25;786;12.5;172.33;;;
37.173794;-5.874700;18;0;1;25;786;12.52;172.31;;;
37.173838;-5.874481;18;0;1;25;786;12.54;172.29;;;
37.173882;-5.874262;18;0;1;25;786;12.56;172.27;;;
37.173926;-5.874043;18;0;1;26;785;12.58;172.25;;;
37.173970;-5.873824;18;0;1;26;785;12.6;172.23;;;
37.174014;-5.873605;18;0;1;26;785;12.62;172.21;;;
37.174058;-5.873386;18;0;1;26;785;12.64;172.19;;;
37.174101;-5.873167;19;0;1;26;785;12.66;172.17;;;
37.174145;-5.872948;19;0;1;26;785;12.68;172.15;;;
37.174190;-5.872730;19;0;1;26;785;12.7;172.13;;;
37.174233;-5.872511;19;0;1;27;784;12.72;172.11;;;
37.174277;-5.872292;19;0;1;27;784;12.74;172.09;;;
37.174321;-5.872073;19;0;1;27;784;12.76;172.07;;;
37.174366;-5.871854;19;0;1;27;784;12.78;172.05;;;
37.174410;-5.871635;20;0;1;27;784;12.8;172.03;;;
37.174454;-5.871416;20;0;1;27;784;12.82;172.01;;;
37.174498;-5.871198;20;0;1;27;784;12.84;171.99;;;
37.174542;-5.870979;20;0;1;28;783;12.86;171.97;;;
37.174586;-5.870760;20;0;1;28;783;12.88;171.95;;;
37.174630;-5.870541;20;0;1;28;783;12.9;171.93;;;
37.174674;-5.870322;20;0;1;28;783;12.92;171.91;;;
37.174718;-5.870103;20;0;1;28;783;12.94;171.89;;;
37.174762;-5.869884;21;0;1;28;783;12.96;171.87;;;
37.174806;-5.869666;21;0;1;28;783;12.98;171.85;;;
37.174851;-5.869447;21;0;1;29;782;13;171.83;;;
37.174894;-5.869228;21;0;1;29;782;13.02;171.81;;;
37.174938;-5.869009;21;0;1;29;782;13.04;171.79;;;
37.174981;-5.868790;21;0;1;29;782;13.06;171.77;;;
37.175026;-5.868571;22;0;1;29;782;13.08;171.75;;;
37.175070;-5.868352;22;0;1;29;782;13.1;171.73;;;
37.175114;-5.868133;22;0;1;29;782;13.12;171.71;;;
37.175158;-5.867914;22;0;1;30;781;13.14;171.69;;;
37.175202;-5.867696;22;0;1;30;781;13.16;171.67;;;
37.175246;-5.867477;22;0;1;30;781;13.18;171.65;;;
37.175290;-5.867258;22;0;1;30;781;13.2;171.63;;;
37.175334;-5.867039;23;0;1;30;781;13.22;171.61;;;
37.175378;-5.866820;23;0;1;30;781;13.24;171.59;;;
37.175422;-5.866601;23;0;1;30;781;13.26;171.57;;;
37.175466;-5.866383;23;0;1;31;780;13.28;171.55;;;
37.175510;-5.866164;23;0;1;31;780;13.3;171.53;;;
37.175554;-5.865945;23;0;1;31;780;13.32;171.51;;;
37.175598;-5.865726;23;0;1;31;780;13.34;171.49;;;
37.175641;-5.865507;24;0;1;31;780;13.36;171.47;;;
37.175686;-5.865288;24;0;1;31;780;13.38;171.45;;;
37.175730;-5.865069;24;0;1;31;780;13.4;171.43;;;
37.175774;-5.864850;24;0;1;32;779;13.42;171.41;;;
37.175818;-5.864631;24;0;1;32;779;13.44;171.39;;;
37.175862;-5.864412;24;0;1;32;779;13.46;171.37;;;
37.175906;-5.864194;24;0;1;32;779;13.48;171.35;;;
37.175950;-5.863975;25;0;1;32;779;13.5;171.33;;;
37.175994;-5.863756;25;0;1;32;779;13.52;171.31;;;
37.176038;-5.863537;25;0;1;33;778;13.54;171.29;;;
37.176082;-5.863318;25;0;1;33;778;13.56;171.27;;;
37.176127;-5.863099;25;0;1;33;778;13.58;171.25;;;
37.176171;-5.862881;25;0;1;33;778;13.6;171.23;;;
37.176214;-5.862662;26;0;1;33;778;13.62;171.21;;;
37.176258;-5.862442;26;0;1;33;778;13.64;171.19;;;
37.176302;-5.862224;26;0;1;33;778;13.66;171.17;;;
37.176346;-5.862005;26;0;1;34;777;13.68;171.15;;;
37.176390;-5.861786;26;0;1;34;777;13.7;171.13;;;
37.176434;-5.861567;26;0;1;34;777;13.72;171.11;;;
37.176478;-5.861348;27;0;1;34;777;13.74;171.09;;;
37.176522;-5.861129;27;0;1;34;777;13.76;171.07;;;
37.176566;-5.860911;27;0;1;34;777;13.78;171.05;;;
37.176610;-5.860692;27;0;1;35;776;13.8;171.03;;;
37.176654;-5.860473;27;0;1;35;776;13.82;171.01;;;
37.176697;-5.860254;27;0;1;35;776;13.84;170.99;;;
37.176741;-5.860035;28;0;1;35;776;13.86;170.97;;;
37.176786;-5.859816;28;0;1;35;776;13.88;170.95;;;
37.176830;-5.859597;28;0;1;35;776;13.9;170.93;;;
37.176873;-5.859378;28;0;1;36;775;13.92;170.91;;;
37.176917;-5.859159;28;0;1;36;775;13.94;170.89;;;
37.176962;-5.858940;28;0;1;36;775;13.96;170.87;;;
37.177006;-5.858722;28;0;1;36;775;13.98;170.85;;;
37.177050;-5.858503;28;0;1;36;775;14;170.83;;;
37.177094;-5.858284;29;0;1;36;775;14.02;170.81;;;
37.177138;-5.858065;29;0;1;36;775;14.04;170.79;;;
37.177183;-5.857846;29;0;1;37;774;14.06;170.77;;;
37.177229;-5.857628;29;0;1;37;774;14.08;170.75;;;
37.177273;-5.857409;29;0;1;37;774;14.1;170.73;;;
37.177318;-5.857191;29;0;1;37;774;14.12;170.71;;;
37.177363;-5.856972;30;0;1;37;774;14.14;170.69;;;
37.177409;-5.856754;30;0;1;37;774;14.16;170.67;;;
37.177454;-5.856535;30;0;1;38;773;14.18;170.65;;;
37.177499;-5.856317;30;0;1;38;773;14.2;170.63;;;
37.177545;-5.856099;30;0;1;38;773;14.22;170.61;;;
37.177590;-5.855880;30;0;1;38;773;14.24;170.59;;;
37.177635;-5.855661;31;0;1;38;773;14.26;170.57;;;
37.177680;-5.855443;31;0;1;38;773;14.28;170.55;;;
37.177725;-5.855224;31;0;1;38;773;14.3;170.53;;;
37.177771;-5.855006;31;0;1;39;772;14.32;170.51;;;
37.177816;-5.854787;31;0;1;39;772;14.34;170.49;;;
37.177861;-5.854569;31;0;1;39;772;14.36;170.47;;;
37.177902;-5.854349;31;0;1;39;772;14.38;170.45;;;
37.177943;-5.854129;31;0;1;39;772;14.4;170.43;;;
37.177984;-5.853910;32;0;1;39;772;14.42;170.41;;;
37.178025;-5.853690;32;0;0;39;772;14.44;170.39;;;
37.178066;-5.853470;32;0;0;39;772;14.46;170.37;;;
37.178107;-5.853250;32;0;0;39;772;14.48;170.35;;;
37.178148;-5.853030;32;0;0;40;771;14.5;170.33;;;
37.178188;-5.852810;32;0;0;40;771;14.52;170.31;;;
37.178229;-5.852591;32;0;0;40;771;14.54;170.29;;;
37.178271;-5.852371;32;0;0;40;771;14.56;170.27;;;
37.178312;-5.852151;32;0;0;40;771;14.58;170.25;;;
37.178353;-5.851931;32;0;0;40;771;14.6;170.23;;;
37.178385;-5.851710;32;0;0;40;771;14.62;170.21;;;
37.178403;-5.851485;32;0;0;40;771;14.64;170.19;;;
37.178422;-5.851261;32;0;0;40;771;14.66;170.17;;;
37.178439;-5.851036;32;0;0;40;771;14.68;170.15;;;
37.178458;-5.850811;32;0;0;40;771;14.7;170.13;;;
37.178476;-5.850587;32;0;0;40;771;14.72;170.11;;;
37.178494;-5.850362;32;0;0;40;771;14.74;170.09;;;
37.178512;-5.850137;32;0;0;40;771;14.76;170.07;;;
37.178531;-5.849913;32;0;0;40;771;14.78;170.05;;;
37.178549;-5.849688;32;0;0;40;771;14.8;170.03;;;
37.178567;-5.849464;32;0;0;40;771;14.82;170.01;;;
37.178584;-5.849239;32;0;0;40;771;14.84;169.99;;;
37.178600;-5.849014;32;0;0;40;771;14.86;169.97;;;
37.178617;-5.848789;32;0;0;40;771;14.88;169.95;;;
37.178633;-5.848565;32;0;0;40;771;14.9;169.93;;;
37.178648;-5.848340;32;0;0;40;771;14.92;169.91;;;
37.178665;-5.848115;32;0;0;40;771;14.94;169.89;;;
37.178681;-5.847890;32;0;0;40;771;14.96;169.87;;;
37.178697;-5.847665;32;0;0;40;771;14.98;169.85;;;
37.178713;-5.847440;32;0;0;40;771;15;169.83;;;
37.178730;-5.847216;32;0;0;40;771;15.02;169.81;;;
37.178746;-5.846991;32;0;-1;40;771;15.04;169.79;;;
37.178762;-5.846766;31;0;-1;40;771;15.06;169.77;;;
37.178778;-5.846541;31;0;-1;40;771;15.08;169.75;;;
37.178791;-5.846316;31;0;-1;40;771;15.1;169.73;;;
37.178805;-5.846091;31;0;-1;40;771;15.12;169.71;;;
37.178817;-5.845866;31;0;-1;40;771;15.14;169.69;;;
37.178830;-5.845640;31;0;-1;40;771;15.16;169.67;;;
37.178843;-5.845415;30;0;-1;40;771;15.18;169.65;;;
37.178856;-5.845190;30;0;-1;40;771;15.2;169.63;;;
37.178869;-5.844965;30;0;-1;40;771;15.22;169.61;;;
37.178882;-5.844740;30;0;-1;40;771;15.24;169.59;;;
37.178897;-5.844515;30;0;-1;40;771;15.26;169.57;;;
37.178913;-5.844290;30;0;-1;40;771;15.28;169.55;;;
37.178930;-5.844065;30;0;-1;40;771;15.3;169.53;;;
37.178945;-5.843840;29;0;-1;40;771;15.32;169.51;;;
37.178961;-5.843615;29;0;-1;40;771;15.34;169.49;;;
37.178977;-5.843391;29;0;-1;40;771;15.36;169.47;;;
37.178993;-5.843166;29;0;-1;40;771;15.38;169.45;;;
37.179008;-5.842941;29;0;-1;40;771;15.4;169.43;;;
37.179024;-5.842716;28;0;-1;40;771;15.42;169.41;;;
37.179040;-5.842491;28;0;-1;40;771;15.44;169.39;;;
37.179056;-5.842266;28;0;-1;40;771;15.46;169.37;;;
37.179072;-5.842041;28;0;-1;40;771;15.48;169.35;;;
37.179088;-5.841816;28;0;-1;40;771;15.5;169.33;;;
37.179103;-5.841592;28;0;-1;40;771;15.52;169.31;;;
37.179119;-5.841367;27;0;-1;40;771;15.54;169.29;;;
37.179135;-5.841142;27;0;-1;40;771;15.56;169.27;;;
37.179151;-5.840917;27;0;-1;40;771;15.58;169.25;;;
37.179166;-5.840692;27;0;-1;40;771;15.6;169.23;;;
37.179182;-5.840467;27;0;-1;40;771;15.62;169.21;;;
37.179198;-5.840242;26;0;-1;40;771;15.64;169.19;;;
37.179214;-5.840017;26;0;-1;40;771;15.66;169.17;;;
37.179230;-5.839793;26;0;-1;40;771;15.68;169.15;;;
37.179245;-5.839568;26;0;-1;40;771;15.7;169.13;;;
37.179261;-5.839343;26;0;-1;40;771;15.72;169.11;;;
37.179277;-5.839118;26;0;-1;40;771;15.74;169.09;;;
37.179293;-5.838893;25;0;-1;40;771;15.76;169.07;;;
37.179309;-5.838668;25;0;-1;40;771;15.78;169.05;;;
37.179324;-5.838443;25;0;-1;40;771;15.8;169.03;;;
37.179340;-5.838218;25;0;-1;40;771;15.82;169.01;;;
37.179356;-5.837994;25;0;-1;40;771;15.84;168.99;;;
37.179372;-5.837769;25;0;-1;40;771;15.86;168.97;;;
37.179387;-5.837544;24;0;-1;40;771;15.88;168.95;;;
37.179403;-5.837319;24;0;-1;40;771;15.9;168.93;;;
37.179419;-5.837094;24;0;-1;40;771;15.92;168.91;;;
37.179435;-5.836869;24;0;-1;40;771;15.94;168.89;;;
37.179451;-5.836644;23;0;-1;40;771;15.96;168.87;;;
37.179467;-5.836419;23;0;-1;40;771;15.98;168.85;;;
37.179482;-5.836195;23;0;-1;40;771;16;168.83;;;
37.179498;-5.835970;23;0;-1;40;771;16.02;168.81;;;
37.179514;-5.835745;23;0;-1;40;771;16.04;168.79;;;
37.179578;-5.834845;22;0;-1;40;771;16.12;168.71;;;
37.179594;-5.834621;22;0;-1;40;771;16.14;168.69;;;
37.179609;-5.834396;22;0;-1;40;771;16.16;168.67;;;
37.179624;-5.834171;22;0;0;40;771;16.18;168.65;;;
37.179640;-5.833946;22;0;0;40;771;16.2;168.63;;;
37.179656;-5.833721;22;0;0;40;771;16.22;168.61;;;
37.179704;-5.833046;22;0;0;40;771;16.28;168.55;;;
37.179721;-5.832822;21;0;0;40;771;16.3;168.53;;;
37.179739;-5.832597;21;0;0;40;771;16.32;168.51;;;
37.179758;-5.832373;21;0;0;40;771;16.34;168.49;;;
37.179776;-5.832148;21;0;0;40;771;16.36;168.47;;;
37.179793;-5.831923;21;0;0;40;771;16.38;168.45;;;
37.179866;-5.831025;21;0;0;40;771;16.46;168.37;;;
37.179885;-5.830800;21;0;0;40;771;16.48;168.35;;;
37.179903;-5.830576;21;0;0;40;771;16.5;168.33;;;
37.179921;-5.830351;21;0;0;40;771;16.52;168.31;;;
37.179938;-5.830126;21;0;0;40;771;16.54;168.29;;;
37.180010;-5.829228;21;0;0;40;771;16.62;168.21;;;
37.180022;-5.829003;21;0;0;40;771;16.64;168.19;;;
37.180034;-5.828777;21;0;0;40;771;16.66;168.17;;;
37.180034;-5.828552;21;0;0;40;771;16.68;168.15;;;
37.180019;-5.828328;21;0;0;40;771;16.7;168.13;;;
37.179988;-5.828105;21;0;0;40;771;16.72;168.11;;;
37.179865;-5.827446;21;0;0;41;770;16.78;168.05;;;
37.179823;-5.827226;21;0;0;41;770;16.8;168.03;;;
37.179781;-5.827007;21;0;0;41;770;16.82;168.01;;;
37.179739;-5.826787;22;0;1;41;770;16.84;167.99;;;
37.179696;-5.826568;22;0;1;41;770;16.86;167.97;;;
37.179654;-5.826349;22;0;1;41;770;16.88;167.95;;;
37.179485;-5.825471;22;0;1;42;769;16.96;167.87;;;
37.179452;-5.825249;22;0;0;42;769;16.98;167.85;;;
37.179421;-5.825027;22;0;0;42;769;17;167.83;;;
37.179408;-5.824802;23;0;0;42;769;17.02;167.81;;;
37.179406;-5.824576;23;0;0;42;769;17.04;167.79;;;
37.179398;-5.823674;23;0;0;42;769;17.12;167.71;;;
37.179396;-5.823448;23;0;0;42;769;17.14;167.69;;;
37.179394;-5.823222;23;0;0;42;769;17.16;167.67;;;
37.179392;-5.822996;23;0;0;42;769;17.18;167.65;;;
37.179390;-5.822771;23;0;0;43;768;17.2;167.63;;;
37.179388;-5.822545;23;0;0;43;768;17.22;167.61;;;
37.179382;-5.821868;24;0;0;43;768;17.28;167.55;;;
37.179380;-5.821642;24;0;0;43;768;17.3;167.53;;;
37.179368;-5.821417;24;0;1;43;768;17.32;167.51;;;
37.179354;-5.821192;24;0;0;43;768;17.34;167.49;;;
37.179339;-5.820967;24;0;0;43;768;17.36;167.47;;;
37.179309;-5.820744;24;0;1;43;768;17.38;167.45;;;
37.179186;-5.819854;25;0;0;44;767;17.46;167.37;;;
37.179156;-5.819632;25;0;0;44;767;17.48;167.35;;;
37.179125;-5.819410;25;0;0;44;767;17.5;167.33;;;
37.179094;-5.819187;25;0;0;44;767;17.52;167.31;;;
37.179063;-5.818965;25;0;0;44;767;17.54;167.29;;;
37.178941;-5.818075;25;0;0;44;767;17.62;167.21;;;
37.178911;-5.817852;25;0;0;45;766;17.64;167.19;;;
37.178887;-5.817629;25;0;0;45;766;17.66;167.17;;;
37.178868;-5.817404;25;0;0;45;766;17.68;167.15;;;
37.178866;-5.817179;25;0;0;45;766;17.7;167.13;;;
37.178879;-5.816954;26;0;0;45;766;17.72;167.11;;;
37.178915;-5.816279;26;0;0;45;766;17.78;167.05;;;
37.178928;-5.816053;26;0;0;45;766;17.8;167.03;;;
37.178941;-5.815828;26;0;0;45;766;17.82;167.01;;;
37.178954;-5.815603;26;0;0;45;766;17.84;166.99;;;
37.178966;-5.815378;26;0;0;45;766;17.86;166.97;;;
37.178979;-5.815153;26;0;0;45;766;17.88;166.95;;;
37.179029;-5.814252;26;0;0;46;765;17.96;166.87;;;
37.179041;-5.814027;26;0;0;46;765;17.98;166.85;;;
37.179054;-5.813801;26;0;0;46;765;18;166.83;;;
37.179066;-5.813576;26;0;0;46;765;18.02;166.81;;;
37.179096;-5.813354;27;0;0;46;765;18.04;166.79;;;
37.179259;-5.812476;27;0;0;46;765;18.12;166.71;;;
37.179314;-5.812261;27;0;0;46;765;18.14;166.69;;;
37.179374;-5.812048;27;0;0;46;765;18.16;166.67;;;
37.179434;-5.811835;27;0;0;46;765;18.18;166.65;;;
37.179493;-5.811622;27;0;0;46;765;18.2;166.63;;;
37.179553;-5.811409;27;0;0;46;765;18.22;166.61;;;
37.179732;-5.810770;27;0;0;46;765;18.28;166.55;;;
37.179792;-5.810557;27;0;0;46;765;18.3;166.53;;;
37.179852;-5.810345;27;0;0;47;764;18.32;166.51;;;
37.179911;-5.810132;27;0;0;47;764;18.34;166.49;;;
37.179971;-5.809919;27;0;0;47;764;18.36;166.47;;;
37.180014;-5.809700;27;0;0;47;764;18.38;166.45;;;
37.180152;-5.808816;27;0;0;47;764;18.46;166.37;;;
37.180156;-5.808590;28;0;0;47;764;18.48;166.35;;;
37.180161;-5.808365;28;0;0;47;764;18.5;166.33;;;
37.180165;-5.808139;28;0;0;47;764;18.52;166.31;;;
37.180169;-5.807913;28;0;0;47;764;18.54;166.29;;;
37.180186;-5.807011;28;0;0;47;764;18.62;166.21;;;
37.180190;-5.806785;28;0;0;47;764;18.64;166.19;;;
37.180194;-5.806559;28;0;0;47;764;18.66;166.17;;;
37.180199;-5.806333;28;0;0;47;764;18.68;166.15;;;
37.180203;-5.806108;28;0;0;47;764;18.7;166.13;;;
37.180207;-5.805882;28;0;0;48;763;18.72;166.11;;;
37.180220;-5.805205;28;0;0;48;763;18.78;166.05;;;
37.180224;-5.804979;28;0;0;48;763;18.8;166.03;;;
37.180228;-5.804754;28;0;0;48;763;18.82;166.01;;;
37.180232;-5.804528;29;0;0;48;763;18.84;165.99;;;
37.180237;-5.804302;29;0;0;48;763;18.86;165.97;;;
37.180241;-5.804077;29;0;0;48;763;18.88;165.95;;;
37.180249;-5.803174;29;0;1;48;763;18.96;165.87;;;
37.180245;-5.802948;29;0;1;49;762;18.98;165.85;;;
37.180249;-5.802722;29;0;1;49;762;19;165.83;;;
37.180255;-5.802497;29;0;1;49;762;19.02;165.81;;;
37.180263;-5.802271;30;0;1;49;762;19.04;165.79;;;
37.180417;-5.801390;30;0;1;50;761;19.12;165.71;6;;
37.180465;-5.801173;31;0;1;50;761;19.14;165.69;;;
37.180514;-5.800955;31;0;1;50;761;19.16;165.67;;;
37.180562;-5.800738;31;0;1;50;761;19.18;165.65;;;
37.180611;-5.800521;31;0;1;51;760;19.2;165.63;;;
37.180659;-5.800303;31;0;1;51;760;19.22;165.61;;;
37.180805;-5.799651;32;0;1;51;760;19.28;165.55;;;
37.180853;-5.799434;32;0;1;51;760;19.3;165.53;;;
37.180902;-5.799216;32;0;1;51;760;19.32;165.51;;;
37.180951;-5.798999;32;0;1;52;759;19.34;165.49;;;
37.180999;-5.798782;33;0;1;52;759;19.36;165.47;;;
37.181047;-5.798564;33;0;1;52;759;19.38;165.45;;;
37.181242;-5.797695;33;0;1;53;758;19.46;165.37;;;
37.181296;-5.797480;34;0;1;53;758;19.48;165.35;;;
37.181350;-5.797264;34;0;1;53;758;19.5;165.33;;;
37.181404;-5.797049;34;0;1;53;758;19.52;165.31;;;
37.181458;-5.796833;34;0;1;54;757;19.54;165.29;;;
37.181690;-5.795983;36;0;2;55;756;19.62;165.21;7;;
37.181726;-5.795762;36;0;2;56;755;19.64;165.19;;;
37.181780;-5.795548;36;0;2;56;755;19.66;165.17;;;
37.181865;-5.795350;37;0;2;56;755;19.68;165.15;;;
37.181975;-5.795172;37;0;2;56;755;19.7;165.13;;;
37.182100;-5.795011;37;0;1;57;754;19.72;165.11;;;
37.182532;-5.794605;38;0;1;58;753;19.78;165.05;;;
37.182680;-5.794478;38;0;2;58;753;19.8;165.03;;;
37.182828;-5.794349;39;0;2;58;753;19.82;165.01;;;
37.182978;-5.794225;39;0;2;58;753;19.84;164.99;;;
37.183131;-5.794107;39;0;2;59;752;19.86;164.97;;;
37.183284;-5.793988;40;0;2;59;752;19.88;164.95;;;
37.183896;-5.793512;41;0;2;61;750;19.96;164.87;;;
37.184049;-5.793393;41;0;2;61;750;19.98;164.85;;;
37.184202;-5.793275;42;0;2;61;750;20;164.83;;;
37.184355;-5.793156;42;0;2;62;749;20.02;164.81;;;
37.184507;-5.793037;43;0;2;62;749;20.04;164.79;;;
37.185051;-5.792449;44;0;2;63;748;20.12;164.71;;;
37.185171;-5.792281;44;0;1;64;747;20.14;164.69;;;
37.185290;-5.792113;45;0;1;64;747;20.16;164.67;;;
37.185410;-5.791944;45;0;1;64;747;20.18;164.65;;;
37.185525;-5.791771;45;0;1;64;747;20.2;164.63;;;
37.185638;-5.791595;45;0;1;65;746;20.22;164.61;;;
37.185973;-5.791064;46;0;1;66;745;20.28;164.55;;;
37.186081;-5.790884;47;0;1;66;745;20.3;164.53;;;
37.186190;-5.790704;47;0;1;66;745;20.32;164.51;;;
37.186297;-5.790523;47;0;1;67;744;20.34;164.49;;;
37.186389;-5.790329;47;0;1;67;744;20.36;164.47;;;
37.186465;-5.790124;48;0;1;67;744;20.38;164.45;;;
37.186759;-5.789300;48;0;1;68;743;20.46;164.37;;;
37.186832;-5.789093;49;0;1;68;743;20.48;164.35;;;
37.186911;-5.788891;49;0;1;68;743;20.5;164.33;;;
37.187003;-5.788697;49;0;1;68;743;20.52;164.31;;;
37.187094;-5.788502;49;0;1;68;743;20.54;164.29;;;
37.187185;-5.788308;49;0;1;69;742;20.56;164.27;;;
37.187276;-5.788113;49;0;1;69;742;20.58;164.25;;;
37.187357;-5.787912;50;0;1;69;742;20.6;164.23;;;
37.187269;-5.787731;50;0;1;69;742;20.62;164.21;;;
37.187121;-5.787605;50;0;1;70;741;20.64;164.19;;;
37.186970;-5.787481;50;0;1;70;741;20.66;164.17;;;
37.186820;-5.787357;50;0;1;70;741;20.68;164.15;;;
37.186662;-5.787248;51;0;1;70;741;20.7;164.13;;;
37.186555;-5.787078;51;0;1;70;741;20.72;164.11;;;
37.186513;-5.786858;51;0;1;70;741;20.74;164.09;;;
37.186421;-5.786666;51;0;1;71;740;20.76;164.07;;;
37.186311;-5.786488;51;0;1;71;740;20.78;164.05;;;
37.186202;-5.786307;52;0;0;71;740;20.8;164.03;;;
37.186094;-5.786127;52;0;0;71;740;20.82;164.01;;;
37.185996;-5.785938;52;0;0;71;740;20.84;163.99;;;
37.185898;-5.785749;52;0;0;71;740;20.86;163.97;;;
37.185800;-5.785559;52;0;0;71;740;20.88;163.95;;;
37.185702;-5.785370;52;0;0;71;740;20.9;163.93;;;
37.185604;-5.785181;52;0;0;71;740;20.92;163.91;;;
37.185488;-5.785008;52;0;0;71;740;20.94;163.89;;;
37.185373;-5.784835;52;0;0;71;740;20.96;163.87;;;
37.185265;-5.784655;52;0;0;71;740;20.98;163.85;;;
37.185201;-5.784446;52;0;0;71;740;21;163.83;;;
37.185179;-5.784223;52;0;0;71;740;21.02;163.81;;;
37.185165;-5.783998;52;0;0;71;740;21.04;163.79;;;
37.185150;-5.783773;52;0;0;71;740;21.06;163.77;;;
37.185135;-5.783548;52;0;0;71;740;21.08;163.75;;;
37.185115;-5.783323;52;0;0;71;740;21.1;163.73;;;
37.185094;-5.783099;52;0;0;72;739;21.12;163.71;;;
37.185073;-5.782875;52;0;0;72;739;21.14;163.69;;;
37.185030;-5.782659;52;0;0;72;739;21.16;163.67;;;
37.185031;-5.782439;52;0;0;72;739;21.18;163.65;;;
37.185024;-5.782214;52;0;0;72;739;21.2;163.63;;;
37.185010;-5.781989;52;0;0;72;739;21.22;163.61;;;
37.184995;-5.781764;52;0;0;72;739;21.24;163.59;;;
37.184977;-5.781539;53;0;0;72;739;21.26;163.57;;;
37.184959;-5.781315;53;0;0;72;739;21.28;163.55;;;
37.184959;-5.781089;53;0;0;72;739;21.3;163.53;;;
37.184959;-5.780863;53;0;0;72;739;21.32;163.51;;;
37.184956;-5.780638;53;0;0;72;739;21.34;163.49;;;
37.184952;-5.780412;53;0;0;72;739;21.36;163.47;;;
37.184941;-5.780187;53;0;0;72;739;21.38;163.45;;;
37.184898;-5.779968;53;0;0;72;739;21.4;163.43;;;
37.184809;-5.779780;53;0;0;72;739;21.42;163.41;;;
37.184665;-5.779644;52;0;0;72;739;21.44;163.39;;;
37.184525;-5.779503;52;0;0;72;739;21.46;163.37;;;
37.184378;-5.779372;52;0;0;72;739;21.48;163.35;;;
37.184233;-5.779238;52;0;0;72;739;21.5;163.33;;;
37.184083;-5.779114;52;0;0;72;739;21.52;163.31;;;
37.183932;-5.778993;52;0;0;72;739;21.54;163.29;;;
37.183780;-5.778871;52;0;0;72;739;21.56;163.27;;;
37.183626;-5.778754;52;0;0;72;739;21.58;163.25;;;
37.183472;-5.778638;52;0;0;72;739;21.6;163.23;;;
37.183317;-5.778523;52;0;0;72;739;21.62;163.21;;;
37.183152;-5.778438;52;0;-1;72;739;21.64;163.19;;;
37.182980;-5.778371;52;0;-1;72;739;21.66;163.17;;;
37.182804;-5.778329;52;0;-1;72;739;21.68;163.15;;;
37.182624;-5.778315;51;0;-1;72;739;21.7;163.13;;;
37.182445;-5.778301;51;0;-1;72;739;21.72;163.11;;;
37.182265;-5.778287;51;0;-1;72;739;21.74;163.09;;;
37.182086;-5.778273;51;0;-1;72;739;21.76;163.07;;;
37.181906;-5.778260;51;0;-1;72;739;21.78;163.05;;;
37.181727;-5.778246;51;0;-1;72;739;21.8;163.03;;;
37.181547;-5.778232;50;0;-1;72;739;21.82;163.01;;;
37.181368;-5.778218;50;0;-1;72;739;21.84;162.99;;;
37.181188;-5.778204;50;0;-1;72;739;21.86;162.97;;;
37.181009;-5.778190;50;0;-1;72;739;21.88;162.95;;;
37.180830;-5.778169;50;0;-1;72;739;21.9;162.93;;;
37.180653;-5.778126;49;0;-1;72;739;21.92;162.91;;;
37.180477;-5.778081;49;0;-1;72;739;21.94;162.89;;;
37.180300;-5.778042;49;0;-1;72;739;21.96;162.87;;;
37.180122;-5.778006;49;0;-1;72;739;21.98;162.85;;;
37.179947;-5.777956;49;0;-1;72;739;22;162.83;;;
37.179774;-5.777902;48;0;-1;72;739;22.02;162.81;;;
37.179596;-5.777939;48;0;-1;72;739;22.04;162.79;;;
37.179418;-5.777932;48;0;-1;72;739;22.06;162.77;;;
37.179238;-5.777933;48;0;-1;72;739;22.08;162.75;;;
37.179058;-5.777938;47;0;-1;72;739;22.1;162.73;;;
37.178879;-5.777923;47;0;-1;72;739;22.12;162.71;;;
37.178700;-5.777901;47;0;-1;72;739;22.14;162.69;;;
37.178521;-5.777878;47;0;-1;72;739;22.16;162.67;;;
37.178342;-5.777856;46;0;-1;72;739;22.18;162.65;;;
37.178163;-5.777834;46;0;-1;72;739;22.2;162.63;;;
37.177984;-5.777811;46;0;-1;72;739;22.22;162.61;;;
37.177805;-5.777789;46;0;-1;72;739;22.24;162.59;;;
37.177626;-5.777770;45;0;-1;72;739;22.26;162.57;;;
37.177447;-5.777754;45;0;-1;72;739;22.28;162.55;;;
37.177267;-5.777738;45;0;-1;72;739;22.3;162.53;;;
37.177088;-5.777723;45;0;-1;72;739;22.32;162.51;;;
37.176908;-5.777707;45;0;-1;72;739;22.34;162.49;;;
37.176729;-5.777691;45;0;-1;72;739;22.36;162.47;;;
37.176550;-5.777672;44;0;-1;72;739;22.38;162.45;;;
37.176370;-5.777653;44;0;-1;72;739;22.4;162.43;;;
37.176191;-5.777634;44;0;-1;72;739;22.42;162.41;;;
37.176012;-5.777614;44;0;-1;72;739;22.44;162.39;;;
37.175833;-5.777597;44;0;-1;72;739;22.46;162.37;;;
37.175653;-5.777579;44;0;-1;72;739;22.48;162.35;;;
37.175474;-5.777561;44;0;-1;72;739;22.5;162.33;;;
37.175305;-5.777492;43;0;0;72;739;22.52;162.31;;;
37.175165;-5.777351;43;0;0;72;739;22.54;162.29;;;
37.175031;-5.777201;43;0;0;72;739;22.56;162.27;;;
37.174896;-5.777052;43;0;0;72;739;22.58;162.25;;;
37.174763;-5.776899;43;0;0;72;739;22.6;162.23;;;
37.174631;-5.776746;43;0;0;72;739;22.62;162.21;;;
37.174499;-5.776593;43;0;0;72;739;22.64;162.19;;;
37.174369;-5.776437;43;0;0;72;739;22.66;162.17;;;
37.174238;-5.776281;44;0;0;72;739;22.68;162.15;;;
37.174108;-5.776126;44;0;0;73;738;22.7;162.13;;;
37.173978;-5.775971;44;0;1;73;738;22.72;162.11;;;
37.173840;-5.775826;44;0;1;73;738;22.74;162.09;;;
37.173702;-5.775681;44;0;1;73;738;22.76;162.07;;;
37.173563;-5.775537;44;0;1;73;738;22.78;162.05;;;
37.173401;-5.775443;44;0;1;73;738;22.8;162.03;;;
37.173226;-5.775400;44;0;1;73;738;22.82;162.01;;;
37.173047;-5.775421;45;0;1;74;737;22.84;161.99;;;
37.172869;-5.775453;45;0;1;74;737;22.86;161.97;;;
37.172695;-5.775504;45;0;1;74;737;22.88;161.95;;;
37.172524;-5.775575;46;0;1;74;737;22.9;161.93;;;
37.172356;-5.775656;46;0;1;75;736;22.92;161.91;;;
37.172189;-5.775741;46;0;1;75;736;22.94;161.89;;;
37.172022;-5.775825;46;0;1;75;736;22.96;161.87;;;
37.171855;-5.775909;47;0;1;75;736;22.98;161.85;;;
37.171689;-5.775993;47;0;1;76;735;23;161.83;;;
37.171522;-5.776077;47;0;1;76;735;23.02;161.81;;;
37.171355;-5.776161;47;0;2;76;735;23.04;161.79;;;
37.171187;-5.776242;48;0;2;77;734;23.06;161.77;;;
37.171018;-5.776321;48;0;2;77;734;23.08;161.75;;;
37.170850;-5.776400;48;0;2;77;734;23.1;161.73;;;
37.170680;-5.776474;49;0;2;78;733;23.12;161.71;;;
37.170510;-5.776547;49;0;2;78;733;23.14;161.69;;;
37.170339;-5.776619;49;0;2;78;733;23.16;161.67;;;
37.170167;-5.776682;50;0;2;79;732;23.18;161.65;;;
37.169993;-5.776741;51;0;2;79;732;23.2;161.63;;;
37.169815;-5.776769;51;0;2;80;731;23.22;161.61;;;
37.169636;-5.776796;51;0;2;80;731;23.24;161.59;;;
37.169458;-5.776823;52;0;2;80;731;23.26;161.57;;;
37.169279;-5.776849;52;0;2;81;730;23.28;161.55;;;
37.169099;-5.776849;52;0;2;81;730;23.3;161.53;;;
37.168919;-5.776839;53;0;2;81;730;23.32;161.51;;;
37.168740;-5.776821;53;0;2;82;729;23.34;161.49;;;
37.168561;-5.776804;53;0;2;82;729;23.36;161.47;;;
37.168382;-5.776785;54;0;2;82;729;23.38;161.45;;;
37.168204;-5.776753;54;0;1;83;728;23.4;161.43;;;
37.168027;-5.776712;54;0;1;83;728;23.42;161.41;;;
37.167850;-5.776671;54;0;1;83;728;23.44;161.39;;;
37.167673;-5.776630;55;0;1;83;728;23.46;161.37;;;
37.167496;-5.776590;55;0;1;84;727;23.48;161.35;;;
37.167318;-5.776565;55;0;1;84;727;23.5;161.33;;;
37.167138;-5.776547;55;0;1;84;727;23.52;161.31;;;
37.166959;-5.776528;55;0;1;84;727;23.54;161.29;;;
37.166780;-5.776509;56;0;1;84;727;23.56;161.27;;;
37.166601;-5.776490;56;0;1;85;726;23.58;161.25;;;
37.166421;-5.776472;56;0;1;85;726;23.6;161.23;;;
37.166242;-5.776453;56;0;1;85;726;23.62;161.21;;;
37.166063;-5.776434;56;0;1;85;726;23.64;161.19;;;
37.165884;-5.776415;57;0;1;85;726;23.66;161.17;;;
37.165704;-5.776397;57;0;1;86;725;23.68;161.15;;;
37.165525;-5.776378;57;0;1;86;725;23.7;161.13;;;
37.165346;-5.776359;57;0;1;86;725;23.72;161.11;;;
37.165167;-5.776341;57;0;1;86;725;23.74;161.09;;;
37.164987;-5.776322;57;0;1;86;725;23.76;161.07;;;
37.164808;-5.776303;57;0;1;86;725;23.78;161.05;;;
37.164629;-5.776284;57;0;1;86;725;23.8;161.03;;;
37.164450;-5.776266;58;0;1;86;725;23.82;161.01;;;
37.164270;-5.776247;58;0;0;86;725;23.84;160.99;;;
37.164091;-5.776241;58;0;0;87;724;23.86;160.97;;;
37.163911;-5.776244;58;0;0;87;724;23.88;160.95;;;
37.163731;-5.776247;58;0;0;87;724;23.9;160.93;;;
37.163551;-5.776253;58;0;0;87;724;23.92;160.91;;;
37.163372;-5.776274;58;0;0;87;724;23.94;160.89;;;
37.163193;-5.776295;58;0;0;87;724;23.96;160.87;;;
37.163014;-5.776316;58;0;0;87;724;23.98;160.85;;;
37.162835;-5.776336;58;0;0;87;724;24;160.83;;;
37.162656;-5.776357;58;0;0;87;724;24.02;160.81;;;
37.162477;-5.776378;58;0;0;87;724;24.04;160.79;;;
37.162298;-5.776398;58;0;0;87;724;24.06;160.77;;;
37.162119;-5.776419;58;0;0;87;724;24.08;160.75;;;
37.161939;-5.776440;58;0;0;87;724;24.1;160.73;;;
37.161760;-5.776461;58;0;0;87;724;24.12;160.71;;;
37.161581;-5.776481;58;0;0;87;724;24.14;160.69;;;
37.161402;-5.776473;58;0;0;87;724;24.16;160.67;;;
37.161224;-5.776443;58;0;0;87;724;24.18;160.65;;;
37.161048;-5.776397;58;0;0;87;724;24.2;160.63;8;;
37.160880;-5.776319;58;0;0;87;724;24.22;160.61;;;
37.160728;-5.776198;57;0;0;87;724;24.24;160.59;;;
37.160595;-5.776047;57;0;0;87;724;24.26;160.57;;;
37.160474;-5.775880;57;0;0;87;724;24.28;160.55;;;
37.160356;-5.775710;57;0;0;87;724;24.3;160.53;;;
37.160247;-5.775531;57;0;0;87;724;24.32;160.51;;;
37.160147;-5.775343;57;0;0;87;724;24.34;160.49;;;
37.160066;-5.775142;57;0;0;87;724;24.36;160.47;;;
37.160000;-5.774932;57;0;0;87;724;24.38;160.45;;;
37.159950;-5.774716;57;0;0;87;724;24.4;160.43;;;
37.159923;-5.774493;57;0;0;87;724;24.42;160.41;;;
37.159919;-5.774268;57;0;0;87;724;24.44;160.39;;;
37.159919;-5.774042;57;0;0;87;724;24.46;160.37;;;
37.159934;-5.773819;56;0;0;87;724;24.48;160.35;;;
37.159975;-5.773599;56;0;0;87;724;24.5;160.33;;;
37.160015;-5.773379;56;0;0;87;724;24.52;160.31;;;
37.160055;-5.773159;56;0;0;87;724;24.54;160.29;;;
37.160095;-5.772939;56;0;0;87;724;24.56;160.27;;;
37.160136;-5.772719;56;0;0;87;724;24.58;160.25;;;
37.160179;-5.772500;56;0;0;87;724;24.6;160.23;;;
37.160222;-5.772281;56;0;0;87;724;24.62;160.21;;;
37.160264;-5.772061;56;0;0;87;724;24.64;160.19;;;
37.160306;-5.771842;56;0;0;87;724;24.66;160.17;;;
37.160357;-5.771626;56;0;0;87;724;24.68;160.15;;;
37.160408;-5.771409;56;0;0;87;724;24.7;160.13;;;
37.160458;-5.771192;56;0;0;87;724;24.72;160.11;;;
37.160508;-5.770976;56;0;0;87;724;24.74;160.09;;;
37.160558;-5.770759;56;0;0;87;724;24.76;160.07;;;
37.160609;-5.770542;56;0;0;87;724;24.78;160.05;;;
37.160659;-5.770326;56;0;0;87;724;24.8;160.03;;;
37.160710;-5.770109;56;0;0;87;724;24.82;160.01;;;
37.160760;-5.769892;56;0;0;87;724;24.84;159.99;;;
37.160811;-5.769676;56;0;0;87;724;24.86;159.97;;;
37.160861;-5.769459;57;0;0;87;724;24.88;159.95;;;
37.160912;-5.769243;57;0;0;87;724;24.9;159.93;;;
37.160962;-5.769026;57;0;0;87;724;24.92;159.91;;;
37.161012;-5.768809;57;0;0;87;724;24.94;159.89;;;
37.161063;-5.768593;57;0;0;87;724;24.96;159.87;;;
37.161113;-5.768376;57;0;0;88;723;24.98;159.85;;;
37.161163;-5.768159;57;0;1;88;723;25;159.83;;;
37.161213;-5.767942;57;0;1;88;723;25.02;159.81;;;
37.161264;-5.767726;57;0;1;88;723;25.04;159.79;;;
37.161315;-5.767509;57;0;1;88;723;25.06;159.77;;;
37.161366;-5.767293;57;0;1;88;723;25.08;159.75;;;
37.161416;-5.767076;58;0;0;88;723;25.1;159.73;;;
37.161466;-5.766859;58;0;0;88;723;25.12;159.71;;;
37.161517;-5.766643;58;0;0;88;723;25.14;159.69;;;
37.161567;-5.766426;58;0;0;89;722;25.16;159.67;;;
37.161617;-5.766209;58;0;0;89;722;25.18;159.65;;;
37.161667;-5.765993;58;0;0;89;722;25.2;159.63;;;
37.161718;-5.765776;58;0;0;89;722;25.22;159.61;;;
37.161769;-5.765560;58;0;0;89;722;25.24;159.59;;;
37.161820;-5.765343;58;0;1;89;722;25.26;159.57;;;
37.161870;-5.765126;58;0;1;89;722;25.28;159.55;;;
37.161916;-5.764908;59;0;1;89;722;25.3;159.53;;;
37.161959;-5.764689;59;0;1;89;722;25.32;159.51;;;
37.162000;-5.764469;59;0;1;89;722;25.34;159.49;;;
37.162042;-5.764250;59;0;1;90;721;25.36;159.47;;;
37.162078;-5.764029;59;0;1;90;721;25.38;159.45;;;
37.162110;-5.763807;59;0;1;90;721;25.4;159.43;;;
37.162131;-5.763583;59;0;1;90;721;25.42;159.41;;;
37.162148;-5.763358;59;0;1;90;721;25.44;159.39;;;
37.162166;-5.763133;60;0;1;90;721;25.46;159.37;;;
37.162179;-5.762909;60;0;1;90;721;25.48;159.35;;;
37.162179;-5.762683;60;0;1;90;721;25.5;159.33;;;
37.162179;-5.762457;60;0;1;91;720;25.52;159.31;;;
37.162179;-5.762231;60;0;0;91;720;25.54;159.29;;;
37.162179;-5.762006;60;0;0;91;720;25.56;159.27;;;
37.162179;-5.761780;60;0;0;91;720;25.58;159.25;;;
37.162172;-5.761555;60;0;1;91;720;25.6;159.23;;;
37.162155;-5.761330;60;0;1;91;720;25.62;159.21;;;
37.162138;-5.761105;60;0;1;91;720;25.64;159.19;;;
37.162117;-5.760881;61;0;0;91;720;25.66;159.17;;;
37.162092;-5.760658;61;0;0;91;720;25.68;159.15;;;
37.162066;-5.760435;61;0;0;92;719;25.7;159.13;;;
37.162041;-5.760211;61;0;1;92;719;25.72;159.11;;;
37.162015;-5.759988;61;0;0;92;719;25.74;159.09;;;
37.161982;-5.759766;61;0;0;92;719;25.76;159.07;;;
37.161938;-5.759547;61;0;0;92;719;25.78;159.05;;;
37.161894;-5.759328;61;0;0;92;719;25.8;159.03;;;
37.161850;-5.759110;61;0;0;92;719;25.82;159.01;;;
37.161804;-5.758892;61;0;0;92;719;25.84;158.99;;;
37.161741;-5.758680;61;0;0;92;719;25.86;158.97;;;
37.161678;-5.758469;62;0;0;92;719;25.88;158.95;;;
37.161615;-5.758257;62;0;0;92;719;25.9;158.93;;;
37.161551;-5.758046;62;0;0;92;719;25.92;158.91;;;
37.161488;-5.757835;62;0;0;92;719;25.94;158.89;;;
37.161425;-5.757623;62;0;0;92;719;25.96;158.87;;;
37.161346;-5.757421;62;0;0;92;719;25.98;158.85;;;
37.161261;-5.757222;62;0;0;92;719;26;158.83;;;
37.161177;-5.757023;62;0;0;92;719;26.02;158.81;;;
37.161092;-5.756824;62;0;0;92;719;26.04;158.79;;;
37.161007;-5.756625;62;0;0;92;719;26.06;158.77;;;
37.160914;-5.756432;62;0;0;92;719;26.08;158.75;;;
37.160817;-5.756242;62;0;0;92;719;26.1;158.73;;;
37.160720;-5.756052;62;0;0;92;719;26.12;158.71;;;
37.160623;-5.755862;62;0;0;92;719;26.14;158.69;;;
37.160526;-5.755672;62;0;0;92;719;26.16;158.67;;;
37.160420;-5.755489;62;0;0;93;718;26.18;158.65;;;
37.160311;-5.755310;62;0;0;93;718;26.2;158.63;;;
37.160201;-5.755131;62;0;0;93;718;26.22;158.61;;;
37.160092;-5.754952;62;0;0;93;718;26.24;158.59;;;
37.159983;-5.754773;62;0;0;93;718;26.26;158.57;;;
37.159871;-5.754596;62;0;0;93;718;26.28;158.55;;;
37.159760;-5.754418;62;0;0;93;718;26.3;158.53;;;
37.159649;-5.754241;62;0;0;93;718;26.32;158.51;;;
37.159537;-5.754064;62;0;0;93;718;26.34;158.49;;;
37.159426;-5.753886;62;0;0;93;718;26.36;158.47;;;
37.159314;-5.753709;62;0;0;93;718;26.38;158.45;;;
37.159203;-5.753532;62;0;0;93;718;26.4;158.43;;;
37.159092;-5.753355;62;0;0;93;718;26.42;158.41;;;
37.158981;-5.753178;62;0;0;93;718;26.44;158.39;;;
37.158869;-5.753000;62;0;0;93;718;26.46;158.37;;;
37.158758;-5.752823;62;0;0;93;718;26.48;158.35;;;
37.158647;-5.752646;62;0;0;93;718;26.5;158.33;;;
37.158535;-5.752468;62;0;0;93;718;26.52;158.31;;;
37.158424;-5.752291;62;0;0;93;718;26.54;158.29;;;
37.158313;-5.752114;62;0;0;93;718;26.56;158.27;;;
37.158202;-5.751936;62;0;0;93;718;26.58;158.25;;;
37.158090;-5.751759;62;0;0;93;718;26.6;158.23;;;
37.157979;-5.751582;62;0;0;93;718;26.62;158.21;;;
37.157868;-5.751404;62;0;0;93;718;26.64;158.19;;;
37.157757;-5.751227;62;0;0;93;718;26.66;158.17;;;
37.157645;-5.751050;62;0;0;93;718;26.68;158.15;;;
37.157534;-5.750873;62;0;0;93;718;26.7;158.13;;;
37.157423;-5.750695;62;0;0;93;718;26.72;158.11;;;
37.157311;-5.750518;62;0;0;93;718;26.74;158.09;;;
37.157200;-5.750341;62;0;0;93;718;26.76;158.07;;;
37.157088;-5.750164;62;0;0;93;718;26.78;158.05;;;
37.156977;-5.749986;62;0;0;93;718;26.8;158.03;;;
37.156866;-5.749809;62;0;0;93;718;26.82;158.01;;;
37.156755;-5.749632;62;0;0;93;718;26.84;157.99;;;
37.156643;-5.749454;61;0;0;93;718;26.86;157.97;;;
37.156532;-5.749277;61;0;0;93;718;26.88;157.95;;;
37.156421;-5.749100;61;0;0;93;718;26.9;157.93;;;
37.156298;-5.748935;61;0;0;93;718;26.92;157.91;;;
37.156171;-5.748776;61;0;0;93;718;26.94;157.89;;;
37.156043;-5.748617;61;0;0;93;718;26.96;157.87;;;
37.155916;-5.748458;61;0;0;93;718;26.98;157.85;;;
37.155768;-5.748328;61;0;-1;93;718;27;157.83;;;
37.155635;-5.748177;61;0;-1;93;718;27.02;157.81;;;
37.155502;-5.748025;61;0;-1;93;718;27.04;157.79;;;
37.155369;-5.747874;61;0;-1;93;718;27.06;157.77;;;
37.155235;-5.747722;60;0;-1;93;718;27.08;157.75;;;
37.155102;-5.747571;60;0;-1;93;718;27.1;157.73;;;
37.154969;-5.747419;60;0;-1;93;718;27.12;157.71;;;
37.154835;-5.747268;60;0;-1;93;718;27.14;157.69;;;
37.154702;-5.747116;60;0;-1;93;718;27.16;157.67;;;
37.154569;-5.746965;60;0;-1;93;718;27.18;157.65;;;
37.154436;-5.746813;59;0;-1;93;718;27.2;157.63;;;
37.154303;-5.746661;59;0;-1;93;718;27.22;157.61;;;
37.154169;-5.746510;59;0;-1;93;718;27.24;157.59;;;
37.154036;-5.746358;59;0;-1;93;718;27.26;157.57;;;
37.153903;-5.746207;59;0;-1;93;718;27.28;157.55;;;
37.153769;-5.746055;58;0;-1;93;718;27.3;157.53;;;
37.153637;-5.745902;58;0;-1;93;718;27.32;157.51;;;
37.153510;-5.745743;58;0;-1;93;718;27.34;157.49;;;
37.153383;-5.745583;58;0;-1;93;718;27.36;157.47;;;
37.153255;-5.745424;58;0;-1;93;718;27.38;157.45;;;
37.153128;-5.745264;58;0;-1;93;718;27.4;157.43;;;
37.153009;-5.745095;57;0;-1;93;718;27.42;157.41;;;
37.152899;-5.744917;57;0;-1;93;718;27.44;157.39;;;
37.152794;-5.744734;57;0;-1;93;718;27.46;157.37;;;
37.152688;-5.744551;57;0;-1;93;718;27.48;157.35;;;
37.152583;-5.744368;56;0;-1;93;718;27.5;157.33;;;
37.152486;-5.744179;56;0;-1;93;718;27.52;157.31;;;
37.152387;-5.743990;56;0;-1;93;718;27.54;157.29;;;
37.152288;-5.743801;56;0;-1;93;718;27.56;157.27;;;
37.152189;-5.743613;56;0;-1;93;718;27.58;157.25;;;
37.152089;-5.743425;56;0;-1;93;718;27.6;157.23;;;
37.151989;-5.743237;56;0;-1;93;718;27.62;157.21;;;
37.151889;-5.743050;55;0;-1;93;718;27.64;157.19;;;
37.151784;-5.742867;55;0;-1;93;718;27.66;157.17;;;
37.151678;-5.742685;55;0;-1;93;718;27.68;157.15;;;
37.151573;-5.742502;55;0;-1;93;718;27.7;157.13;;;
37.151467;-5.742320;55;0;-1;93;718;27.72;157.11;;;
37.151364;-5.742135;54;0;-1;93;718;27.74;157.09;;;
37.151261;-5.741949;54;0;-1;93;718;27.76;157.07;;;
37.151156;-5.741766;54;0;-1;93;718;27.78;157.05;;;
37.151046;-5.741587;54;0;-1;93;718;27.8;157.03;;;
37.150936;-5.741409;54;0;0;93;718;27.82;157.01;;;
37.150825;-5.741231;54;0;0;93;718;27.84;156.99;;;
37.150714;-5.741054;54;0;0;93;718;27.86;156.97;;;
37.150603;-5.740876;54;0;0;93;718;27.88;156.95;;;
37.150490;-5.740701;54;0;0;93;718;27.9;156.93;;;
37.150373;-5.740529;54;0;0;93;718;27.92;156.91;;;
37.150256;-5.740358;54;0;0;93;718;27.94;156.89;;;
37.150140;-5.740186;54;0;0;93;718;27.96;156.87;;;
37.150024;-5.740013;53;0;0;93;718;27.98;156.85;;;
37.149909;-5.739840;53;0;0;93;718;28;156.83;;;
37.149793;-5.739667;53;0;0;93;718;28.02;156.81;;;
37.149677;-5.739495;54;0;0;93;718;28.04;156.79;;;
37.149561;-5.739322;54;0;0;93;718;28.06;156.77;;;
37.149446;-5.739149;54;0;0;93;718;28.08;156.75;;;
37.149330;-5.738976;54;0;0;93;718;28.1;156.73;;;
37.149214;-5.738803;54;0;0;93;718;28.12;156.71;;;
37.149098;-5.738631;54;0;0;93;718;28.14;156.69;;;
37.148983;-5.738458;54;0;1;93;718;28.16;156.67;;;
37.148867;-5.738285;54;0;1;93;718;28.18;156.65;;;
37.148754;-5.738110;54;0;1;93;718;28.2;156.63;;;
37.148654;-5.737923;54;0;1;94;717;28.22;156.61;;;
37.148538;-5.737751;55;0;1;94;717;28.24;156.59;;;
37.148420;-5.737580;55;0;1;94;717;28.26;156.57;;;
37.148303;-5.737409;55;0;1;94;717;28.28;156.55;;;
37.148186;-5.737237;55;0;2;95;716;28.3;156.53;;;
37.148069;-5.737066;56;0;2;95;716;28.32;156.51;;;
37.147952;-5.736895;56;0;2;95;716;28.34;156.49;;;
37.147833;-5.736725;56;0;2;96;715;28.36;156.47;;;
37.147709;-5.736562;57;0;2;96;715;28.38;156.45;;;
37.147585;-5.736399;57;0;2;97;714;28.4;156.43;;;
37.147456;-5.736241;58;0;2;97;714;28.42;156.41;;;
37.147328;-5.736084;58;0;2;97;714;28.44;156.39;;;
37.147199;-5.735926;58;0;2;98;713;28.46;156.37;;;
37.147070;-5.735768;59;0;2;98;713;28.48;156.35;;;
37.146942;-5.735610;59;0;2;99;712;28.5;156.33;;;
37.146811;-5.735456;60;0;2;99;712;28.52;156.31;;;
37.146676;-5.735307;60;0;2;99;712;28.54;156.29;;;
37.146540;-5.735159;61;0;2;100;711;28.56;156.27;;;
37.146404;-5.735010;61;0;2;100;711;28.58;156.25;;;
37.146269;-5.734862;61;0;2;101;710;28.6;156.23;;;
37.146134;-5.734713;62;0;2;101;710;28.62;156.21;;;
37.145999;-5.734564;62;0;2;102;709;28.64;156.19;;;
37.145863;-5.734416;63;0;2;102;709;28.66;156.17;;;
37.145728;-5.734267;63;0;2;102;709;28.68;156.15;;;
37.145593;-5.734118;63;0;2;103;708;28.7;156.13;;;
37.145457;-5.733969;64;0;2;103;708;28.72;156.11;;;
37.145328;-5.733813;64;0;2;104;707;28.74;156.09;;;
37.145199;-5.733655;65;0;2;104;707;28.76;156.07;;;
37.145070;-5.733498;65;0;2;105;706;28.78;156.05;;;
37.144942;-5.733340;66;0;2;105;706;28.8;156.03;;;
37.144813;-5.733183;66;0;2;106;705;28.82;156.01;;;
37.144684;-5.733025;67;0;2;106;705;28.84;155.99;;;
37.144555;-5.732868;67;0;2;107;704;28.86;155.97;;;
37.144433;-5.732703;68;0;2;107;704;28.88;155.95;;;
37.144315;-5.732533;68;0;2;107;704;28.9;155.93;;;
37.144197;-5.732362;68;0;2;108;703;28.92;155.91;;;
37.144083;-5.732188;69;0;2;108;703;28.94;155.89;;;
37.143973;-5.732009;69;0;1;108;703;28.96;155.87;;;
37.143863;-5.731830;69;0;1;108;703;28.98;155.85;;;
37.143754;-5.731651;69;0;1;109;702;29;155.83;;;
37.143644;-5.731473;70;0;1;109;702;29.02;155.81;;;
37.143534;-5.731294;70;0;1;109;702;29.04;155.79;;;
37.143424;-5.731115;70;0;1;110;701;29.06;155.77;;;
37.143315;-5.730936;70;0;1;110;701;29.08;155.75;;;
37.143205;-5.730757;71;0;1;110;701;29.1;155.73;;;
37.143095;-5.730579;71;0;1;110;701;29.12;155.71;;;
37.142985;-5.730400;71;0;1;111;700;29.14;155.69;;;
37.142876;-5.730221;71;0;1;111;700;29.16;155.67;;;
37.142768;-5.730040;71;0;1;111;700;29.18;155.65;;;
37.142660;-5.729860;72;0;1;111;700;29.2;155.63;;;
37.142552;-5.729680;72;0;0;111;700;29.22;155.61;;;
37.142443;-5.729500;72;0;0;111;700;29.24;155.59;;;
37.142335;-5.729320;72;0;0;111;700;29.26;155.57;;;
37.142227;-5.729139;72;0;0;111;700;29.28;155.55;;;
37.142119;-5.728959;72;0;0;111;700;29.3;155.53;;;
37.142011;-5.728778;72;0;0;111;700;29.32;155.51;;;
37.141903;-5.728598;72;0;0;111;700;29.34;155.49;;;
37.141795;-5.728418;72;0;0;111;700;29.36;155.47;;;
37.141687;-5.728238;72;0;0;111;700;29.38;155.45;;;
37.141578;-5.728057;72;0;0;111;700;29.4;155.43;;;
37.141470;-5.727877;72;0;0;111;700;29.42;155.41;;;
37.141362;-5.727697;71;0;-1;111;700;29.44;155.39;;;
37.141254;-5.727517;71;0;-1;111;700;29.46;155.37;;;
37.141146;-5.727336;71;0;-1;111;700;29.48;155.35;;;
37.141037;-5.727156;71;0;-1;111;700;29.5;155.33;;;
37.140930;-5.726975;71;0;-1;111;700;29.52;155.31;;;
37.140829;-5.726788;71;0;-1;111;700;29.54;155.29;;;
37.140728;-5.726601;70;0;-1;111;700;29.56;155.27;;;
37.140627;-5.726415;70;0;-1;111;700;29.58;155.25;;;
37.140526;-5.726229;70;0;-1;111;700;29.6;155.23;;;
37.140425;-5.726042;69;0;-2;111;700;29.62;155.21;;;
37.140324;-5.725855;69;0;-2;111;700;29.64;155.19;;;
37.140222;-5.725669;69;0;-2;111;700;29.66;155.17;;;
37.140121;-5.725482;69;0;-2;111;700;29.68;155.15;;;
37.140027;-5.725290;68;0;-2;111;700;29.7;155.13;;;
37.139933;-5.725097;68;0;-2;111;700;29.72;155.11;;;
37.139840;-5.724905;67;0;-2;111;700;29.74;155.09;;;
37.139746;-5.724712;67;0;-2;111;700;29.76;155.07;;;
37.139652;-5.724520;67;0;-2;111;700;29.78;155.05;;;
37.139555;-5.724330;66;0;-2;111;700;29.8;155.03;;;
37.139447;-5.724149;66;0;-2;111;700;29.82;155.01;;;
37.139338;-5.723970;66;0;-2;111;700;29.84;154.99;;;
37.139230;-5.723790;65;0;-2;111;700;29.86;154.97;;;
37.139114;-5.723617;65;0;-2;111;700;29.88;154.95;;;
37.138996;-5.723447;65;0;-2;111;700;29.9;154.93;;;
37.138878;-5.723277;64;0;-1;111;700;29.92;154.91;;;
37.138760;-5.723107;64;0;-1;111;700;29.94;154.89;;;
37.138642;-5.722937;64;0;-1;111;700;29.96;154.87;;;
37.138524;-5.722766;64;0;-1;111;700;29.98;154.85;;;
37.138405;-5.722596;63;0;-1;111;700;30;154.83;;;
37.138287;-5.722426;63;0;-1;111;700;30.02;154.81;;;
37.138169;-5.722256;63;0;-1;111;700;30.04;154.79;;;
37.138051;-5.722086;63;0;-1;111;700;30.06;154.77;;;
37.137933;-5.721916;62;0;-1;111;700;30.08;154.75;;;
37.137814;-5.721746;62;0;-1;111;700;30.1;154.73;;;
37.137696;-5.721576;62;0;-1;111;700;30.12;154.71;;;
37.137578;-5.721406;62;0;0;111;700;30.14;154.69;;;
37.137460;-5.721236;62;0;0;111;700;30.16;154.67;;;
37.137342;-5.721065;62;0;0;111;700;30.18;154.65;;;
37.137223;-5.720896;62;0;0;111;700;30.2;154.63;;;
37.137105;-5.720726;62;0;0;111;700;30.22;154.61;;;
37.136987;-5.720555;62;0;0;111;700;30.24;154.59;;;
37.136869;-5.720385;62;0;0;111;700;30.26;154.57;;;
37.136751;-5.720215;62;0;1;111;700;30.28;154.55;;;
37.136633;-5.720045;62;0;1;112;699;30.3;154.53;;;
37.136514;-5.719875;62;0;1;112;699;30.32;154.51;;;
37.136411;-5.719691;62;0;1;112;699;30.34;154.49;;;
37.136311;-5.719503;63;0;1;112;699;30.36;154.47;;;
37.136240;-5.719296;63;0;1;112;699;30.38;154.45;;;
37.136169;-5.719089;63;0;1;113;698;30.4;154.43;;;
37.136099;-5.718881;63;0;1;113;698;30.42;154.41;;;
37.136028;-5.718674;64;0;1;113;698;30.44;154.39;;;
37.135958;-5.718466;64;0;2;113;698;30.46;154.37;;;
37.135887;-5.718258;64;0;2;114;697;30.48;154.35;;;
37.135817;-5.718051;65;0;2;114;697;30.5;154.33;;;
37.135746;-5.717843;65;0;2;114;697;30.52;154.31;;;
37.135675;-5.717636;65;0;3;115;696;30.54;154.29;;;
37.135592;-5.717436;66;0;3;115;696;30.56;154.27;;;
37.135506;-5.717238;67;0;3;116;695;30.58;154.25;;;
37.135397;-5.717059;67;0;3;117;694;30.6;154.23;;;
37.135283;-5.716885;68;0;3;117;694;30.62;154.21;;;
37.135165;-5.716715;69;0;3;118;693;30.64;154.19;;;
37.135045;-5.716546;69;0;3;119;692;30.66;154.17;;;
37.134921;-5.716384;70;0;3;119;692;30.68;154.15;;;
37.134787;-5.716232;71;0;3;120;691;30.7;154.13;;;
37.134655;-5.716080;71;0;3;121;690;30.72;154.11;;;
37.134518;-5.715933;72;0;3;121;690;30.74;154.09;;;
37.134380;-5.715789;72;0;3;122;689;30.76;154.07;;;
37.134241;-5.715645;73;0;3;122;689;30.78;154.05;;;
37.134103;-5.715501;73;0;3;123;688;30.8;154.03;;;
37.133964;-5.715357;74;0;3;123;688;30.82;154.01;;;
37.133826;-5.715213;74;0;3;124;687;30.84;153.99;;;
37.133688;-5.715068;75;0;3;124;687;30.86;153.97;;;
37.133550;-5.714924;76;0;3;125;686;30.88;153.95;;;
37.133412;-5.714780;76;0;3;126;685;30.9;153.93;;;
37.133273;-5.714635;77;0;3;126;685;30.92;153.91;;;
37.133135;-5.714491;77;0;3;127;684;30.94;153.89;;;
37.132997;-5.714347;78;0;3;127;684;30.96;153.87;;;
37.132858;-5.714203;78;0;3;128;683;30.98;153.85;;;
37.132720;-5.714059;79;0;3;128;683;31;153.83;;;
37.132582;-5.713915;79;0;3;129;682;31.02;153.81;;;
37.132443;-5.713770;80;0;3;129;682;31.04;153.79;;;
37.132305;-5.713626;81;0;3;130;681;31.06;153.77;;;
37.132167;-5.713482;81;0;3;131;680;31.08;153.75;;;
37.132028;-5.713338;82;0;3;131;680;31.1;153.73;;;
37.131890;-5.713193;82;0;3;132;679;31.12;153.71;;;
37.131752;-5.713049;83;0;3;132;679;31.14;153.69;;;
37.131614;-5.712905;83;0;2;133;678;31.16;153.67;;;
37.131475;-5.712761;84;0;2;133;678;31.18;153.65;;;
37.131337;-5.712617;84;0;3;134;677;31.2;153.63;;;
37.131198;-5.712473;85;0;3;134;677;31.22;153.61;;;
37.131060;-5.712329;85;0;2;134;677;31.24;153.59;;;
37.130921;-5.712185;86;0;2;135;676;31.26;153.57;;;
37.130783;-5.712040;86;0;2;136;675;31.28;153.55;;;
37.130645;-5.711896;87;0;2;136;675;31.3;153.53;;;
37.130506;-5.711752;87;0;2;137;674;31.32;153.51;;;
37.130368;-5.711607;88;0;2;137;674;31.34;153.49;;;
37.130230;-5.711463;88;0;2;137;674;31.36;153.47;;;
37.130091;-5.711319;88;0;2;138;673;31.38;153.45;;;
37.129953;-5.711175;89;0;2;138;673;31.4;153.43;;;
37.129812;-5.711036;89;0;2;139;672;31.42;153.41;;;
37.129669;-5.710899;90;0;2;139;672;31.44;153.39;;;
37.129538;-5.710744;90;0;2;140;671;31.46;153.37;;;
37.129406;-5.710590;91;0;2;140;671;31.48;153.35;;;
37.129277;-5.710434;91;0;2;140;671;31.5;153.33;;;
37.129152;-5.710272;92;0;2;141;670;31.52;153.31;;;
37.129027;-5.710110;92;0;2;141;670;31.54;153.29;;;
37.128904;-5.709945;92;0;2;142;669;31.56;153.27;;;
37.128785;-5.709775;93;0;2;142;669;31.58;153.25;;;
37.128669;-5.709604;93;0;2;143;668;31.6;153.23;;;
37.128563;-5.709421;94;0;2;143;668;31.62;153.21;;;
37.128458;-5.709238;94;0;2;143;668;31.64;153.19;;;
37.128352;-5.709055;94;0;2;144;667;31.66;153.17;;;
37.128251;-5.708869;94;0;1;144;667;31.68;153.15;;;
37.128161;-5.708674;95;0;1;144;667;31.7;153.13;;;
37.128070;-5.708479;95;0;1;144;667;31.72;153.11;;;
37.127983;-5.708282;95;0;1;145;666;31.74;153.09;;;
37.127900;-5.708082;95;0;1;145;666;31.76;153.07;;;
37.127818;-5.707881;95;0;1;145;666;31.78;153.05;;;
37.127737;-5.707679;96;0;1;145;666;31.8;153.03;;;
37.127662;-5.707474;96;0;1;145;666;31.82;153.01;;;
37.127587;-5.707269;96;0;1;145;666;31.84;152.99;;;
37.127528;-5.707057;96;0;1;145;666;31.86;152.97;;;
37.127473;-5.706842;96;0;0;145;666;31.88;152.95;;;
37.127418;-5.706627;96;0;0;146;665;31.9;152.93;;;
37.127364;-5.706412;96;0;0;146;665;31.92;152.91;;;
37.127309;-5.706197;96;0;0;146;665;31.94;152.89;;;
37.127255;-5.705982;96;0;0;146;665;31.96;152.87;;;
37.127200;-5.705767;96;0;0;146;665;31.98;152.85;;;
37.127146;-5.705552;96;0;0;146;665;32;152.83;;;
37.127037;-5.705122;96;0;0;146;665;32.04;152.79;;;
37.126982;-5.704907;96;0;0;146;665;32.06;152.77;;;
37.126928;-5.704692;96;0;0;146;665;32.08;152.75;;;
37.126873;-5.704477;97;0;0;146;665;32.1;152.73;;;
37.126764;-5.704047;97;0;0;146;665;32.14;152.69;;;
37.126655;-5.703617;97;0;0;146;665;32.18;152.65;;;
37.126546;-5.703187;97;0;0;146;665;32.22;152.61;;;
37.126491;-5.702972;97;0;0;146;665;32.24;152.59;;;
37.126437;-5.702758;97;0;0;146;665;32.26;152.57;;;
37.126382;-5.702543;97;0;0;146;665;32.28;152.55;;;
37.126273;-5.702113;97;0;0;146;665;32.32;152.51;;;
37.126164;-5.701683;97;0;0;146;665;32.36;152.47;;;
37.126054;-5.701253;97;0;0;147;664;32.4;152.43;;;
37.126000;-5.701038;97;0;0;147;664;32.42;152.41;;;
37.125946;-5.700823;97;0;0;147;664;32.44;152.39;;;
37.125891;-5.700608;97;0;0;147;664;32.46;152.37;;;
37.125782;-5.700178;98;0;1;147;664;32.5;152.33;;;
37.125673;-5.699748;98;0;1;147;664;32.54;152.29;;;
37.125619;-5.699533;98;0;1;147;664;32.56;152.27;;;
37.125564;-5.699318;98;0;1;147;664;32.58;152.25;;;
37.125515;-5.699101;98;0;1;148;663;32.6;152.23;;;
37.125419;-5.698666;98;0;1;148;663;32.64;152.19;;;
37.125322;-5.698232;99;0;1;148;663;32.68;152.15;;;
37.125226;-5.697797;99;0;1;148;663;32.72;152.11;;;
37.125178;-5.697580;99;0;1;149;662;32.74;152.09;;;
37.125130;-5.697362;99;0;1;149;662;32.76;152.07;;;
37.125082;-5.697145;100;0;1;149;662;32.78;152.05;;;
37.124986;-5.696710;100;0;1;149;662;32.82;152.01;;;
37.124881;-5.696279;100;0;1;150;661;32.86;151.97;;;
37.124767;-5.695850;101;0;1;150;661;32.9;151.93;;;
37.124697;-5.695643;101;0;1;150;661;32.92;151.91;;;
37.124624;-5.695437;101;0;1;150;661;32.94;151.89;;;
37.124551;-5.695231;101;0;1;151;660;32.96;151.87;;;
37.124393;-5.694826;102;0;1;151;660;33;151.83;;;
37.124232;-5.694422;102;0;1;151;660;33.04;151.79;;;
37.124151;-5.694221;102;0;1;151;660;33.06;151.77;;;
37.124060;-5.694026;102;0;1;152;659;33.08;151.75;;;
37.123969;-5.693831;103;0;1;152;659;33.1;151.73;;;
37.123754;-5.693470;103;0;1;152;659;33.14;151.69;;;
37.123509;-5.693140;103;0;1;153;658;33.18;151.65;;;
37.123245;-5.692833;104;0;1;153;658;33.22;151.61;;;
37.123109;-5.692687;104;0;1;153;658;33.24;151.59;;;
37.122970;-5.692545;104;0;0;153;658;33.26;151.57;;;
37.122819;-5.692420;104;0;0;153;658;33.28;151.55;;;
37.122511;-5.692190;104;0;0;153;658;33.32;151.51;;;
37.122186;-5.691996;104;0;0;154;657;33.36;151.47;;;
37.121849;-5.691841;104;0;0;154;657;33.4;151.43;;;
37.121677;-5.691773;104;0;-1;154;657;33.42;151.41;;;
37.121506;-5.691706;104;0;-1;154;657;33.44;151.39;;;
37.121328;-5.691669;104;0;-1;154;657;33.46;151.37;;;
37.120973;-5.691596;103;0;-1;154;657;33.5;151.33;;;
37.120615;-5.691557;103;0;-1;154;657;33.54;151.29;;;
37.120436;-5.691537;102;0;-1;154;657;33.56;151.27;;;
37.120257;-5.691517;102;0;-1;154;657;33.58;151.25;;;
37.120077;-5.691498;102;0;-2;154;657;33.6;151.23;;;
37.119719;-5.691458;101;0;-2;154;657;33.64;151.19;;;
37.119361;-5.691419;100;0;-2;154;657;33.68;151.15;;;
37.119002;-5.691380;100;0;-2;154;657;33.72;151.11;;;
37.118824;-5.691353;99;0;-2;154;657;33.74;151.09;;;
37.118647;-5.691314;98;0;-3;154;657;33.76;151.07;;;
37.118470;-5.691274;98;0;-3;154;657;33.78;151.05;;;
37.118122;-5.691156;97;0;-3;154;657;33.82;151.01;;;
37.117781;-5.691017;96;0;-3;154;657;33.86;150.97;;;
37.117443;-5.690861;94;0;-3;154;657;33.9;150.93;;;
37.117276;-5.690778;94;0;-3;154;657;33.92;150.91;;;
37.117116;-5.690675;93;0;-3;154;657;33.94;150.89;;;
37.116956;-5.690571;92;0;-4;154;657;33.96;150.87;;;
37.116637;-5.690364;91;0;-4;154;657;34;150.83;;;
37.116320;-5.690150;89;0;-4;154;657;34.04;150.79;;;
37.116162;-5.690042;89;0;-4;154;657;34.06;150.77;;;
37.116004;-5.689935;88;0;-4;154;657;34.08;150.75;;;
37.115846;-5.689828;87;0;-4;154;657;34.1;150.73;;;
37.115529;-5.689613;85;0;-4;154;657;34.14;150.69;;;
37.115213;-5.689399;84;0;-4;154;657;34.18;150.65;;;
37.114896;-5.689184;82;0;-4;154;657;34.22;150.61;;;
37.114738;-5.689077;82;0;-4;154;657;34.24;150.59;;;
37.114580;-5.688970;81;0;-4;154;657;34.26;150.57;;;
37.114422;-5.688862;80;0;-4;154;657;34.28;150.55;;;
37.114122;-5.688615;78;0;-4;154;657;34.32;150.51;;;
37.113834;-5.688344;77;0;-3;154;657;34.36;150.47;;;
37.113555;-5.688060;76;0;-3;154;657;34.4;150.43;;;
37.113430;-5.687898;75;0;-3;154;657;34.42;150.41;;;
37.113305;-5.687735;74;0;-3;154;657;34.44;150.39;;;
37.113180;-5.687573;74;0;-3;154;657;34.46;150.37;;;
37.112939;-5.687239;72;0;-3;154;657;34.5;150.33;;;
37.112698;-5.686903;71;0;-3;154;657;34.54;150.29;;;
37.112578;-5.686735;71;0;-3;154;657;34.56;150.27;;;
37.112458;-5.686567;70;0;-2;154;657;34.58;150.25;;;
37.112338;-5.686399;70;0;-2;154;657;34.6;150.23;;;
37.112089;-5.686075;69;0;-2;154;657;34.64;150.19;;;
37.111815;-5.685782;68;0;-1;154;657;34.68;150.15;;;
37.111526;-5.685515;68;0;-1;154;657;34.72;150.11;;;
37.111377;-5.685388;68;0;-1;154;657;34.74;150.09;;;
37.111229;-5.685261;67;0;-1;154;657;34.76;150.07;;;
37.111080;-5.685135;67;0;-1;154;657;34.78;150.05;;;
37.110778;-5.684889;67;0;-1;154;657;34.82;150.01;;;
37.110475;-5.684645;66;0;0;154;657;34.86;149.97;;;
37.110172;-5.684403;66;0;0;154;657;34.9;149.93;;;
37.110021;-5.684281;66;0;0;154;657;34.92;149.91;;;
37.109869;-5.684159;67;0;1;154;657;34.94;149.89;;;
37.109715;-5.684044;67;0;1;154;657;34.96;149.87;;;
37.109403;-5.683820;67;0;1;154;657;35;149.83;;;
37.109090;-5.683596;68;0;1;155;656;35.04;149.79;;;
37.108935;-5.683483;68;0;2;155;656;35.06;149.77;;;
37.108782;-5.683363;68;0;2;156;655;35.08;149.75;;;
37.108630;-5.683243;69;0;2;156;655;35.1;149.73;;;
37.108326;-5.683002;69;0;2;157;654;35.14;149.69;;;
37.108020;-5.682764;70;0;2;157;654;35.18;149.65;;;
37.107714;-5.682528;71;0;2;158;653;35.22;149.61;;;
37.107560;-5.682410;72;0;3;159;652;35.24;149.59;;;
37.107407;-5.682292;72;0;3;159;652;35.26;149.57;;;
37.107254;-5.682174;73;0;3;160;651;35.28;149.55;;;
37.106947;-5.681938;74;0;3;161;650;35.32;149.51;;;
37.106646;-5.681693;75;0;3;162;649;35.36;149.47;;;
37.106351;-5.681434;76;0;3;164;647;35.4;149.43;;;
37.106203;-5.681305;77;0;3;164;647;35.42;149.41;;;
37.106056;-5.681176;78;0;3;165;646;35.44;149.39;;;
37.105908;-5.681047;78;0;3;166;645;35.46;149.37;;;
37.105631;-5.680761;80;0;3;167;644;35.5;149.33;;;
37.105361;-5.680463;81;0;4;168;643;35.54;149.29;;;
37.105246;-5.680290;82;0;4;169;642;35.56;149.27;;;
37.105132;-5.680115;83;0;4;170;641;35.58;149.25;;;
37.105019;-5.679940;83;0;4;171;640;35.6;149.23;;;
37.104809;-5.679575;85;0;4;172;639;35.64;149.19;;;
37.104634;-5.679182;86;0;4;174;637;35.68;149.15;;;
37.104480;-5.678775;88;0;4;175;636;35.72;149.11;;;
37.104415;-5.678565;89;0;4;176;635;35.74;149.09;;;
37.104350;-5.678355;89;0;3;176;635;35.76;149.07;;;
37.104285;-5.678144;90;0;3;177;634;35.78;149.05;;;
37.104194;-5.677709;91;0;3;179;632;35.82;149.01;;;
37.104111;-5.677269;93;0;3;180;631;35.86;148.97;;;
37.104029;-5.676830;94;0;3;181;630;35.9;148.93;;;
37.103988;-5.676611;95;0;3;182;629;35.92;148.91;;;
37.103947;-5.676391;95;0;3;182;629;35.94;148.89;;;
37.103906;-5.676172;96;0;3;183;628;35.96;148.87;;;
37.103825;-5.675732;97;0;3;184;627;36;148.83;;;
37.103742;-5.675293;98;0;3;185;626;36.04;148.79;;;
37.103701;-5.675074;99;0;3;186;625;36.06;148.77;;;
37.103660;-5.674854;99;0;2;186;625;36.08;148.75;;;
37.103619;-5.674635;100;0;2;187;624;36.1;148.73;;;
37.103537;-5.674195;100;0;2;188;623;36.14;148.69;;;
37.103452;-5.673757;101;0;2;188;623;36.18;148.65;;;
37.103367;-5.673319;102;0;2;189;622;36.22;148.61;;;
37.103325;-5.673100;103;0;2;190;621;36.24;148.59;;;
37.103282;-5.672881;103;0;2;190;621;36.26;148.57;;;
37.103239;-5.672661;103;0;1;191;620;36.28;148.55;;;
37.103135;-5.672230;104;0;1;191;620;36.32;148.51;;;
37.103029;-5.671799;104;0;1;191;620;36.36;148.47;;;
37.102901;-5.671378;104;0;0;191;620;36.4;148.43;;;
37.102833;-5.671169;104;0;0;192;619;36.42;148.41;;;
37.102767;-5.670959;104;0;0;192;619;36.44;148.39;;;
37.102700;-5.670750;104;0;0;192;619;36.46;148.37;;;
37.102548;-5.670342;105;0;0;192;619;36.5;148.33;;;
37.102380;-5.669942;105;0;0;192;619;36.54;148.29;;;
37.102296;-5.669743;105;0;0;192;619;36.56;148.27;;;
37.102195;-5.669558;105;0;0;192;619;36.58;148.25;;;
37.102085;-5.669379;104;0;-1;192;619;36.6;148.23;;;
37.101826;-5.669076;104;0;-1;192;619;36.64;148.19;;;
37.101522;-5.668836;104;0;-1;192;619;36.68;148.15;;;
37.101195;-5.668655;103;0;-1;192;619;36.72;148.11;;;
37.101024;-5.668585;103;0;-1;192;619;36.74;148.09;;;
37.100853;-5.668515;103;0;-1;192;619;36.76;148.07;;;
37.100682;-5.668445;103;0;-1;192;619;36.78;148.05;;;
37.100337;-5.668318;102;0;-1;192;619;36.82;148.01;;;
37.099991;-5.668194;102;0;-1;192;619;36.86;147.97;;;
37.099658;-5.668025;101;0;-1;192;619;36.9;147.93;;;
37.099510;-5.667899;101;0;-1;192;619;36.92;147.91;;;
37.099371;-5.667757;101;0;-1;192;619;36.94;147.89;;;
37.099231;-5.667615;101;0;-1;192;619;36.96;147.87;;;
37.098951;-5.667332;101;0;-1;192;619;37;147.83;;;
37.098671;-5.667048;100;0;-1;192;619;37.04;147.79;;;
37.098532;-5.666906;100;0;-1;192;619;37.06;147.77;;;
37.098392;-5.666764;100;0;-1;192;619;37.08;147.75;;;
37.098252;-5.666622;100;0;0;192;619;37.1;147.73;;;
37.097972;-5.666339;100;0;0;192;619;37.14;147.69;;;
37.097691;-5.666057;100;0;0;192;619;37.18;147.65;;;
37.097411;-5.665775;100;0;0;192;619;37.22;147.61;;;
37.097270;-5.665634;100;0;0;192;619;37.24;147.59;;;
37.097130;-5.665493;100;0;0;192;619;37.26;147.57;;;
37.096990;-5.665352;100;0;1;192;619;37.28;147.55;;;
37.096709;-5.665069;100;0;1;193;618;37.32;147.51;;;
37.096461;-5.664743;101;0;1;193;618;37.36;147.47;;;
37.096212;-5.664418;101;0;1;193;618;37.4;147.43;;;
37.096088;-5.664254;101;0;1;193;618;37.42;147.41;;;
37.095963;-5.664092;101;0;1;193;618;37.44;147.39;;;
37.095839;-5.663929;101;0;1;193;618;37.46;147.37;;;
37.095595;-5.663597;102;0;1;194;617;37.5;147.33;;;
37.095352;-5.663264;102;0;1;194;617;37.54;147.29;;;
37.095231;-5.663098;102;0;1;195;616;37.56;147.27;;;
37.095109;-5.662932;102;0;1;195;616;37.58;147.25;;;
37.094988;-5.662766;103;0;1;195;616;37.6;147.23;;;
37.094745;-5.662433;103;0;1;196;615;37.64;147.19;;;
37.094501;-5.662101;104;0;1;196;615;37.68;147.15;;;
37.094258;-5.661769;104;0;1;196;615;37.72;147.11;;;
37.094137;-5.661602;104;0;1;197;614;37.74;147.09;;;
37.094015;-5.661436;105;0;1;197;614;37.76;147.07;;;
37.093894;-5.661270;105;0;1;197;614;37.78;147.05;;;
37.093651;-5.660937;105;0;1;197;614;37.82;147.01;;;
37.093407;-5.660606;105;0;1;198;613;37.86;146.97;;;
37.093164;-5.660273;106;0;0;198;613;37.9;146.93;;;
37.093042;-5.660107;106;0;0;198;613;37.92;146.91;;;
37.092921;-5.659941;106;0;0;198;613;37.94;146.89;;;
37.092799;-5.659775;106;0;0;198;613;37.96;146.87;;;
37.092556;-5.659442;106;0;0;198;613;38;146.83;;;
37.092313;-5.659110;106;0;0;198;613;38.04;146.79;;;
37.092191;-5.658944;106;0;0;198;613;38.06;146.77;;;
37.092069;-5.658778;106;0;0;198;613;38.08;146.75;;;
37.091948;-5.658612;106;0;-1;198;613;38.1;146.73;;;
37.091705;-5.658279;105;0;-1;198;613;38.14;146.69;;;
37.091462;-5.657947;105;0;-1;198;613;38.18;146.65;;;
37.091219;-5.657614;104;0;-2;198;613;38.22;146.61;;;
37.091097;-5.657448;104;0;-2;198;613;38.24;146.59;;;
37.090976;-5.657282;104;0;-2;198;613;38.26;146.57;;;
37.090854;-5.657116;103;0;-2;198;613;38.28;146.55;;;
37.090606;-5.656789;102;0;-2;198;613;38.32;146.51;;;
37.090359;-5.656462;102;0;-2;198;613;38.36;146.47;;;
37.090111;-5.656135;101;0;-2;198;613;38.4;146.43;;;
37.089987;-5.655971;100;0;-2;198;613;38.42;146.41;;;
37.089863;-5.655807;100;0;-2;198;613;38.44;146.39;;;
37.089740;-5.655644;99;0;-2;198;613;38.46;146.37;;;
37.089492;-5.655317;98;0;-3;198;613;38.5;146.33;;;
37.089244;-5.654990;97;0;-2;198;613;38.54;146.29;;;
37.089120;-5.654826;97;0;-2;198;613;38.56;146.27;;;
37.088996;-5.654663;96;0;-3;198;613;38.58;146.25;;;
37.088872;-5.654500;96;0;-3;198;613;38.6;146.23;;;
37.088625;-5.654173;95;0;-3;198;613;38.64;146.19;;;
37.088377;-5.653846;94;0;-3;198;613;38.68;146.15;;;
37.088129;-5.653519;93;0;-3;198;613;38.72;146.11;;;
37.088005;-5.653355;92;0;-3;198;613;38.74;146.09;;;
37.087881;-5.653192;92;0;-2;198;613;38.76;146.07;;;
37.087757;-5.653029;91;0;-2;198;613;38.78;146.05;;;
37.087509;-5.652702;90;0;-2;198;613;38.82;146.01;;;
37.087262;-5.652375;89;0;-2;198;613;38.86;145.97;;;
37.087015;-5.652047;88;0;-3;198;613;38.9;145.93;;;
37.086893;-5.651881;88;0;-3;198;613;38.92;145.91;;;
37.086778;-5.651708;87;0;-3;198;613;38.94;145.89;;;
37.086661;-5.651536;87;0;-2;198;613;38.96;145.87;;;
37.086423;-5.651198;86;0;-2;198;613;39;145.83;;;
37.086202;-5.650843;85;0;-1;198;613;39.04;145.79;;;
37.086098;-5.650660;85;0;-1;198;613;39.06;145.77;;;
37.085993;-5.650476;85;0;-1;198;613;39.08;145.75;;;
37.085888;-5.650293;85;0;-1;198;613;39.1;145.73;;;
37.085678;-5.649927;84;0;-1;198;613;39.14;145.69;;;
37.085469;-5.649560;84;0;-1;198;613;39.18;145.65;;;
37.085297;-5.649178;84;0;0;198;613;39.22;145.61;;;
37.085196;-5.648992;84;0;0;198;613;39.24;145.59;;;
37.085106;-5.648798;84;0;0;198;613;39.26;145.57;;;
37.085019;-5.648604;84;0;0;198;613;39.28;145.55;;;
37.084811;-5.648235;84;0;0;198;613;39.32;145.51;;;
37.084604;-5.647867;84;0;1;199;612;39.36;145.47;;;
37.084397;-5.647499;84;0;1;199;612;39.4;145.43;;;
37.084293;-5.647314;84;0;1;199;612;39.42;145.41;;;
37.084190;-5.647130;84;0;1;199;612;39.44;145.39;;;
37.084086;-5.646946;85;0;1;199;612;39.46;145.37;;;
37.083879;-5.646577;85;0;1;200;611;39.5;145.33;;;
37.083671;-5.646209;86;0;1;200;611;39.54;145.29;;;
37.083568;-5.646024;86;0;1;200;611;39.56;145.27;;;
37.083464;-5.645840;86;0;1;201;610;39.58;145.25;;;
37.083360;-5.645656;86;0;1;201;610;39.6;145.23;;;
37.083153;-5.645287;87;0;2;202;609;39.64;145.19;;;
37.082920;-5.644944;88;0;2;202;609;39.68;145.15;;;
37.082672;-5.644619;88;0;2;203;608;39.72;145.11;;;
37.082539;-5.644467;89;0;2;203;608;39.74;145.09;;;
37.082406;-5.644315;89;0;2;204;607;39.76;145.07;;;
37.082273;-5.644163;89;0;2;204;607;39.78;145.05;;;
37.082077;-5.643796;91;0;3;205;606;39.82;145.01;9;;
37.082059;-5.643360;92;0;3;206;605;39.86;144.97;;;
37.082217;-5.642956;93;0;3;207;604;39.9;144.93;;;
37.082300;-5.642755;94;0;3;208;603;39.92;144.91;;;
37.082382;-5.642555;94;0;3;209;602;39.94;144.89;;;
37.082449;-5.642346;95;0;3;209;602;39.96;144.87;;;
37.082479;-5.641899;96;0;3;211;600;40;144.83;;;
37.082402;-5.641459;97;0;3;212;599;40.04;144.79;;;
37.082360;-5.641240;97;0;3;212;599;40.06;144.77;;;
37.082318;-5.641021;98;0;2;212;599;40.08;144.75;;;
37.082275;-5.640802;98;0;3;213;598;40.1;144.73;;;
37.082191;-5.640363;99;0;3;214;597;40.14;144.69;;;
37.082107;-5.639925;101;0;3;215;596;40.18;144.65;;;
37.082013;-5.639490;102;0;3;216;595;40.22;144.61;;;
37.081952;-5.639278;102;0;3;217;594;40.24;144.59;;;
37.081873;-5.639076;103;0;3;218;593;40.26;144.57;;;
37.081784;-5.638879;104;0;3;218;593;40.28;144.55;;;
37.081608;-5.638487;105;0;3;220;591;40.32;144.51;;;
37.081430;-5.638095;107;0;3;221;590;40.36;144.47;;;
37.081251;-5.637704;108;0;3;222;589;40.4;144.43;;;
37.081161;-5.637508;108;0;3;223;588;40.42;144.41;;;
37.081072;-5.637312;109;0;3;223;588;40.44;144.39;;;
37.080982;-5.637117;109;0;3;224;587;40.46;144.37;;;
37.080804;-5.636726;111;0;5;225;586;40.5;144.33;;;
37.080625;-5.636334;112;0;5;226;585;40.54;144.29;;;
37.080592;-5.636122;113;0;5;228;583;40.56;144.27;;;
37.080750;-5.636052;116;0;5;231;580;40.58;144.25;;;
37.080928;-5.636082;117;0;5;231;580;40.6;144.23;10;;
37.081285;-5.636141;118;0;5;233;578;40.64;144.19;;;
37.081642;-5.636194;119;0;3;234;577;40.68;144.15;;;
37.081990;-5.636117;121;0;3;236;575;40.72;144.11;;;
37.082147;-5.636007;122;0;3;236;575;40.74;144.09;;;
37.082303;-5.635895;122;0;3;237;574;40.76;144.07;;;
37.082460;-5.635784;123;0;3;238;573;40.78;144.05;;;
37.082772;-5.635560;124;0;3;239;572;40.82;144.01;;;
37.083079;-5.635325;125;0;3;240;571;40.86;143.97;;;
37.083383;-5.635084;126;0;3;241;570;40.9;143.93;;;
37.083535;-5.634964;127;0;3;241;570;40.92;143.91;;;
37.083687;-5.634843;127;0;3;242;569;40.94;143.89;;;
37.083838;-5.634721;128;0;3;243;568;40.96;143.87;;;
37.083988;-5.634596;128;0;3;243;568;40.98;143.85;;;
37.084114;-5.634438;129;0;3;244;567;41;143.83;;;
37.084208;-5.634246;130;0;3;245;566;41.02;143.81;;;
37.084287;-5.634044;131;0;3;245;566;41.04;143.79;;;
37.084366;-5.633841;131;0;4;246;565;41.06;143.77;;;
37.084445;-5.633639;132;0;4;246;565;41.08;143.75;;;
37.084524;-5.633436;132;0;4;247;564;41.1;143.73;;;
37.084605;-5.633235;133;0;4;247;564;41.12;143.71;;;
37.084574;-5.633034;134;0;4;249;562;41.14;143.69;;;
37.084446;-5.632877;135;0;4;250;561;41.16;143.67;;;
37.084370;-5.632674;136;0;4;251;560;41.18;143.65;;;
37.084306;-5.632463;137;0;3;251;560;41.2;143.63;;;
37.084238;-5.632254;137;0;2;252;559;41.22;143.61;;;
37.084168;-5.632047;138;0;2;252;559;41.24;143.59;;;
37.084067;-5.631865;138;0;2;252;559;41.26;143.57;;;
37.083941;-5.631703;138;0;2;253;558;41.28;143.55;;;
37.083810;-5.631549;138;0;1;253;558;41.3;143.53;;;
37.083679;-5.631394;139;0;1;253;558;41.32;143.51;;;
37.083529;-5.631280;139;0;1;253;558;41.34;143.49;;;
37.083351;-5.631309;139;0;1;254;557;41.36;143.47;;;
37.083176;-5.631359;139;0;1;254;557;41.38;143.45;;;
37.083004;-5.631426;139;0;1;254;557;41.4;143.43;;;
37.082834;-5.631499;140;0;0;254;557;41.42;143.41;;;
37.082664;-5.631572;140;0;0;254;557;41.44;143.39;;;
37.082493;-5.631645;140;0;0;254;557;41.46;143.37;;;
37.082323;-5.631718;140;0;0;254;557;41.48;143.35;;;
37.082153;-5.631790;140;0;0;254;557;41.5;143.33;;;
37.081982;-5.631858;140;0;0;254;557;41.52;143.31;;;
37.081806;-5.631905;140;0;0;254;557;41.54;143.29;;;
37.081627;-5.631922;140;0;0;254;557;41.56;143.27;;;
37.081447;-5.631934;140;0;0;254;557;41.58;143.25;;;
37.081268;-5.631932;140;0;0;254;557;41.6;143.23;;;
37.081088;-5.631919;139;0;0;254;557;41.62;143.21;;;
37.080910;-5.631889;139;0;-1;254;557;41.64;143.19;;;
37.080732;-5.631858;139;0;-1;254;557;41.66;143.17;;;
37.080553;-5.631827;139;0;-1;254;557;41.68;143.15;;;
37.080377;-5.631786;139;0;-1;254;557;41.7;143.13;;;
37.080228;-5.631672;139;0;-1;254;557;41.72;143.11;;;
37.080126;-5.631486;138;0;-2;254;557;41.74;143.09;;;
37.080064;-5.631276;138;0;-2;254;557;41.76;143.07;;;
37.080047;-5.631052;137;0;-2;254;557;41.78;143.05;;;
37.080037;-5.630827;137;0;-1;254;557;41.8;143.03;;;
37.080025;-5.630602;137;0;-1;254;557;41.82;143.01;;;
37.080012;-5.630377;137;0;-1;254;557;41.84;142.99;;;
37.079999;-5.630153;136;0;-1;254;557;41.86;142.97;;;
37.079983;-5.629928;136;0;-1;254;557;41.88;142.95;;;
37.079961;-5.629704;136;0;-1;254;557;41.9;142.93;;;
37.079939;-5.629480;136;0;-1;254;557;41.92;142.91;;;
37.079917;-5.629257;135;0;-1;254;557;41.94;142.89;;;
37.079895;-5.629033;135;0;-2;254;557;41.96;142.87;;;
37.079873;-5.628809;135;0;-2;254;557;41.98;142.85;;;
37.079843;-5.628587;134;0;-2;254;557;42;142.83;;;
37.079810;-5.628365;134;0;-2;254;557;42.02;142.81;;;
37.079778;-5.628143;134;0;-2;254;557;42.04;142.79;;;
37.079745;-5.627922;133;0;-2;254;557;42.06;142.77;;;
37.079713;-5.627700;133;0;-2;254;557;42.08;142.75;;;
37.079680;-5.627478;133;0;-2;254;557;42.1;142.73;;;
37.079648;-5.627256;133;0;-2;254;557;42.12;142.71;;;
37.079615;-5.627035;132;0;-2;254;557;42.14;142.69;;;
37.079583;-5.626813;132;0;-2;254;557;42.16;142.67;;;
37.079551;-5.626591;131;0;-2;254;557;42.18;142.65;;;
37.079518;-5.626370;131;0;-2;254;557;42.2;142.63;;;
37.079485;-5.626148;131;0;-1;254;557;42.22;142.61;;;
37.079440;-5.625930;131;0;-1;254;557;42.24;142.59;;;
37.079396;-5.625711;130;0;-1;254;557;42.26;142.57;;;
37.079351;-5.625493;130;0;-1;254;557;42.28;142.55;;;
37.079306;-5.625275;130;0;-1;254;557;42.3;142.53;;;
37.079261;-5.625056;130;0;-1;254;557;42.32;142.51;;;
37.079217;-5.624838;129;0;-1;254;557;42.34;142.49;;;
37.079172;-5.624619;129;0;-1;254;557;42.36;142.47;;;
37.079127;-5.624401;129;0;-1;254;557;42.38;142.45;;;
37.079082;-5.624183;129;0;-1;254;557;42.4;142.43;;;
37.079038;-5.623964;128;0;-1;254;557;42.42;142.41;;;
37.078993;-5.623746;128;0;-1;254;557;42.44;142.39;;;
37.078948;-5.623528;128;0;-1;254;557;42.46;142.37;;;
37.078903;-5.623309;128;0;-1;254;557;42.48;142.35;;;
37.078859;-5.623091;128;0;-1;254;557;42.5;142.33;;;
37.078814;-5.622873;127;0;-1;254;557;42.52;142.31;;;
37.078769;-5.622654;127;0;-1;254;557;42.54;142.29;;;
37.078724;-5.622436;127;0;-1;254;557;42.56;142.27;;;
37.078680;-5.622217;127;0;-1;254;557;42.58;142.25;;;
37.078635;-5.621999;127;0;-1;254;557;42.6;142.23;;;
37.078590;-5.621781;127;0;0;254;557;42.62;142.21;;;
37.078512;-5.621579;127;0;0;254;557;42.64;142.19;;;
37.078425;-5.621382;127;0;0;254;557;42.66;142.17;;;
37.078338;-5.621185;127;0;0;254;557;42.68;142.15;;;
37.078250;-5.620988;126;0;0;254;557;42.7;142.13;;;
37.078162;-5.620791;126;0;0;254;557;42.72;142.11;;;
37.078075;-5.620594;126;0;0;254;557;42.74;142.09;;;
37.077987;-5.620397;126;0;0;254;557;42.76;142.07;;;
37.077900;-5.620200;126;0;0;254;557;42.78;142.05;;;
37.077812;-5.620003;126;0;0;254;557;42.8;142.03;;;
37.077725;-5.619806;126;0;0;254;557;42.82;142.01;;;
37.077637;-5.619609;126;0;0;254;557;42.84;141.99;;;
37.077550;-5.619412;126;0;0;254;557;42.86;141.97;;;
37.077462;-5.619215;126;0;0;254;557;42.88;141.95;;;
37.077376;-5.619018;126;0;0;254;557;42.9;141.93;;;
37.077310;-5.618808;126;0;0;254;557;42.92;141.91;;;
37.077244;-5.618598;126;0;0;254;557;42.94;141.89;;;
37.077178;-5.618389;126;0;0;254;557;42.96;141.87;;;
37.077111;-5.618179;126;0;0;254;557;42.98;141.85;;;
37.077045;-5.617969;126;0;0;254;557;43;141.83;;;
37.076979;-5.617760;126;0;0;255;556;43.02;141.81;;;
37.076913;-5.617550;126;0;0;255;556;43.04;141.79;;;
37.076847;-5.617340;126;0;0;255;556;43.06;141.77;;;
37.076781;-5.617131;126;0;0;255;556;43.08;141.75;;;
37.076715;-5.616921;126;0;0;255;556;43.1;141.73;;;
37.076649;-5.616711;126;0;0;255;556;43.12;141.71;;;
37.076583;-5.616502;126;0;0;255;556;43.14;141.69;;;
37.076517;-5.616292;127;0;0;255;556;43.16;141.67;;;
37.076450;-5.616082;127;0;0;255;556;43.18;141.65;;;
37.076384;-5.615873;127;0;0;255;556;43.2;141.63;;;
37.076318;-5.615663;127;0;0;255;556;43.22;141.61;;;
37.076252;-5.615453;127;0;0;255;556;43.24;141.59;;;
37.076186;-5.615244;127;0;0;255;556;43.26;141.57;;;
37.076120;-5.615034;127;0;0;255;556;43.28;141.55;;;
37.076060;-5.614821;127;0;0;255;556;43.3;141.53;;;
37.076004;-5.614607;127;0;0;255;556;43.32;141.51;;;
37.075948;-5.614393;127;0;0;255;556;43.34;141.49;;;
37.075892;-5.614179;127;0;0;255;556;43.36;141.47;;;
37.075836;-5.613965;127;0;0;255;556;43.38;141.45;;;
37.075780;-5.613750;127;0;0;255;556;43.4;141.43;;;
37.075724;-5.613536;127;0;1;256;555;43.42;141.41;;;
37.075667;-5.613322;127;0;1;256;555;43.44;141.39;;;
37.075611;-5.613108;128;0;0;256;555;43.46;141.37;;;
37.075555;-5.612894;128;0;0;256;555;43.48;141.35;;;
37.075499;-5.612680;128;0;0;256;555;43.5;141.33;;;
37.075442;-5.612466;128;0;0;256;555;43.52;141.31;;;
37.075386;-5.612251;128;0;0;256;555;43.54;141.29;;;
37.075331;-5.612037;128;0;0;256;555;43.56;141.27;;;
37.075274;-5.611823;128;0;0;256;555;43.58;141.25;;;
37.075218;-5.611609;128;0;0;256;555;43.6;141.23;;;
37.075163;-5.611394;128;0;0;256;555;43.62;141.21;;;
37.075109;-5.611179;128;0;0;256;555;43.64;141.19;;;
37.075055;-5.610964;128;0;0;257;554;43.66;141.17;;;
37.075001;-5.610749;128;0;0;257;554;43.68;141.15;;;
37.074947;-5.610534;128;0;0;257;554;43.7;141.13;;;
37.074894;-5.610319;129;0;0;257;554;43.72;141.11;;;
37.074840;-5.610103;129;0;0;257;554;43.74;141.09;;;
37.074787;-5.609888;129;0;0;257;554;43.76;141.07;;;
37.074733;-5.609673;129;0;0;257;554;43.78;141.05;;;
37.074679;-5.609458;129;0;0;257;554;43.8;141.03;;;
37.074625;-5.609243;129;0;0;257;554;43.82;141.01;;;
37.074572;-5.609028;129;0;0;257;554;43.84;140.99;;;
37.074518;-5.608813;129;0;0;257;554;43.86;140.97;;;
37.074464;-5.608598;129;0;0;257;554;43.88;140.95;;;
37.074410;-5.608383;129;0;0;257;554;43.9;140.93;;;
37.074355;-5.608168;129;0;0;257;554;43.92;140.91;;;
37.074299;-5.607954;129;0;0;257;554;43.94;140.89;;;
37.074243;-5.607739;129;0;0;257;554;43.96;140.87;;;
37.074188;-5.607525;129;0;0;257;554;43.98;140.85;;;
37.074132;-5.607311;129;0;0;257;554;44;140.83;;;
37.074041;-5.607117;129;0;0;257;554;44.02;140.81;;;
37.073947;-5.606924;129;0;0;257;554;44.04;140.79;;;
37.073854;-5.606732;129;0;0;258;553;44.06;140.77;;;
37.073760;-5.606539;130;0;0;258;553;44.08;140.75;;;
37.073667;-5.606346;130;0;0;258;553;44.1;140.73;;;
37.073545;-5.606183;130;0;0;258;553;44.12;140.71;;;
37.073412;-5.606031;130;0;0;258;553;44.14;140.69;;;
37.073279;-5.605880;130;0;0;258;553;44.16;140.67;;;
37.073145;-5.605729;130;0;0;258;553;44.18;140.65;;;
37.073021;-5.605569;130;0;0;258;553;44.2;140.63;;;
37.072932;-5.605373;130;0;0;258;553;44.22;140.61;;;
37.072844;-5.605177;130;0;0;258;553;44.24;140.59;;;
37.072754;-5.604981;130;0;0;258;553;44.26;140.57;;;
37.072673;-5.604780;130;0;0;258;553;44.28;140.55;;;
37.072603;-5.604572;129;0;0;258;553;44.3;140.53;;;
37.072534;-5.604364;129;0;0;258;553;44.32;140.51;;;
37.072465;-5.604156;129;0;0;258;553;44.34;140.49;;;
37.072395;-5.603948;129;0;0;258;553;44.36;140.47;;;
37.072326;-5.603740;129;0;0;258;553;44.38;140.45;;;
37.072257;-5.603532;129;0;0;258;553;44.4;140.43;;;
37.072187;-5.603324;129;0;0;258;553;44.42;140.41;;;
37.072118;-5.603116;129;0;0;258;553;44.44;140.39;;;
37.072049;-5.602908;129;0;0;258;553;44.46;140.37;;;
37.071979;-5.602700;129;0;0;258;553;44.48;140.35;;;
37.071910;-5.602492;129;0;0;258;553;44.5;140.33;;;
37.071841;-5.602284;129;0;0;258;553;44.52;140.31;;;
37.071771;-5.602076;129;0;0;258;553;44.54;140.29;;;
37.071702;-5.601868;129;0;0;258;553;44.56;140.27;;;
37.071633;-5.601660;129;0;0;258;553;44.58;140.25;;;
37.071563;-5.601452;129;0;0;258;553;44.6;140.23;;;
37.071535;-5.601230;130;0;0;258;553;44.62;140.21;;;
37.071510;-5.601007;130;0;0;258;553;44.64;140.19;;;
37.071484;-5.600784;130;0;1;258;553;44.66;140.17;;;
37.071458;-5.600561;130;0;1;259;552;44.68;140.15;;;
37.071449;-5.600336;130;0;1;259;552;44.7;140.13;;;
37.071458;-5.600111;130;0;1;259;552;44.72;140.11;;;
37.071485;-5.599888;130;0;1;259;552;44.74;140.09;;;
37.071509;-5.599665;131;0;1;259;552;44.76;140.07;;;
37.071496;-5.599440;131;0;1;260;551;44.78;140.05;;;
37.071471;-5.599218;131;0;1;260;551;44.8;140.03;;;
37.071432;-5.598997;131;0;1;260;551;44.82;140.01;;;
37.071394;-5.598777;131;0;1;260;551;44.84;139.99;;;
37.071354;-5.598557;132;0;2;261;550;44.86;139.97;;;
37.071316;-5.598337;132;0;2;261;550;44.88;139.95;;;
37.071277;-5.598117;132;0;2;261;550;44.9;139.93;;;
37.071238;-5.597897;133;0;2;262;549;44.92;139.91;;;
37.071198;-5.597677;133;0;2;262;549;44.94;139.89;;;
37.071119;-5.597475;134;0;2;262;549;44.96;139.87;;;
37.071039;-5.597273;134;0;2;263;548;44.98;139.85;;;
37.070960;-5.597070;134;0;2;263;548;45;139.83;;;
37.070880;-5.596868;135;0;2;263;548;45.02;139.81;;;
37.070777;-5.596685;135;0;2;264;547;45.04;139.79;;;
37.070669;-5.596505;135;0;2;264;547;45.06;139.77;;;
37.070560;-5.596325;135;0;2;264;547;45.08;139.75;;;
37.070452;-5.596144;136;0;2;265;546;45.1;139.73;;;
37.070344;-5.595964;136;0;2;265;546;45.12;139.71;;;
37.070236;-5.595784;137;0;2;265;546;45.14;139.69;;;
37.070147;-5.595590;137;0;2;266;545;45.16;139.67;;;
37.070079;-5.595382;137;0;2;266;545;45.18;139.65;;;
37.070010;-5.595173;137;0;2;266;545;45.2;139.63;;;
37.069941;-5.594965;138;0;2;267;544;45.22;139.61;;;
37.069873;-5.594756;138;0;2;267;544;45.24;139.59;;;
37.069805;-5.594548;139;0;2;267;544;45.26;139.57;;;
37.069743;-5.594337;139;0;2;268;543;45.28;139.55;;;
37.069713;-5.594115;139;0;2;268;543;45.3;139.53;;;
37.069682;-5.593893;140;0;2;268;543;45.32;139.51;;;
37.069651;-5.593671;140;0;2;269;542;45.34;139.49;;;
37.069603;-5.593457;141;0;2;269;542;45.36;139.47;;;
37.069509;-5.593265;141;0;2;270;541;45.38;139.45;;;
37.069414;-5.593073;141;0;2;270;541;45.4;139.43;;;
37.069320;-5.592882;142;0;2;270;541;45.42;139.41;;;
37.069225;-5.592690;142;0;2;271;540;45.44;139.39;;;
37.069130;-5.592498;142;0;2;271;540;45.46;139.37;;;
37.069036;-5.592306;143;0;2;272;539;45.48;139.35;;;
37.068941;-5.592115;143;0;2;272;539;45.5;139.33;;;
37.068843;-5.591926;144;0;2;272;539;45.52;139.31;;;
37.068742;-5.591739;144;0;2;273;538;45.54;139.29;;;
37.068641;-5.591552;145;0;2;273;538;45.56;139.27;;;
37.068541;-5.591366;145;0;2;274;537;45.58;139.25;;;
37.068441;-5.591178;145;0;2;274;537;45.6;139.23;;;
37.068340;-5.590991;146;0;2;275;536;45.62;139.21;;;
37.068240;-5.590805;146;0;2;275;536;45.64;139.19;;;
37.068139;-5.590618;147;0;2;276;535;45.66;139.17;;;
37.068039;-5.590431;147;0;2;276;535;45.68;139.15;;;
37.067938;-5.590244;148;0;2;276;535;45.7;139.13;;;
37.067841;-5.590055;148;0;2;277;534;45.72;139.11;;;
37.067773;-5.589846;149;0;2;277;534;45.74;139.09;;;
37.067704;-5.589637;149;0;2;278;533;45.76;139.07;;;
37.067636;-5.589429;149;0;2;278;533;45.78;139.05;;;
37.067568;-5.589220;150;0;2;278;533;45.8;139.03;;;
37.067500;-5.589012;150;0;2;279;532;45.82;139.01;;;
37.067437;-5.588801;150;0;2;279;532;45.84;138.99;;;
37.067375;-5.588589;151;0;1;279;532;45.86;138.97;;;
37.067313;-5.588377;151;0;1;280;531;45.88;138.95;;;
37.067250;-5.588166;151;0;1;280;531;45.9;138.93;;;
37.067188;-5.587955;151;0;1;280;531;45.92;138.91;;;
37.067126;-5.587743;152;0;1;280;531;45.94;138.89;;;
37.067064;-5.587531;152;0;1;280;531;45.96;138.87;;;
37.067001;-5.587320;152;0;1;281;530;45.98;138.85;;;
37.066939;-5.587109;152;0;1;281;530;46;138.83;;;
37.066877;-5.586897;152;0;1;281;530;46.02;138.81;;;
37.066815;-5.586685;152;0;1;281;530;46.04;138.79;;;
37.066752;-5.586474;153;0;1;281;530;46.06;138.77;;;
37.066665;-5.586278;153;0;1;281;530;46.08;138.75;;;
37.066571;-5.586086;153;0;1;281;530;46.1;138.73;;;
37.066474;-5.585896;153;0;1;282;529;46.12;138.71;;;
37.066371;-5.585711;153;0;0;282;529;46.14;138.69;;;
37.066269;-5.585525;153;0;0;282;529;46.16;138.67;;;
37.066208;-5.585316;153;0;0;282;529;46.18;138.65;;;
37.066156;-5.585100;153;0;0;282;529;46.2;138.63;;;
37.066105;-5.584884;153;0;0;282;529;46.22;138.61;;;
37.066053;-5.584668;153;0;0;282;529;46.24;138.59;;;
37.065990;-5.584457;153;0;0;282;529;46.26;138.57;;;
37.065924;-5.584247;154;0;0;282;529;46.28;138.55;;;
37.065843;-5.584047;153;0;0;282;529;46.3;138.53;;;
37.065748;-5.583855;153;0;0;282;529;46.32;138.51;;;
37.065654;-5.583663;153;0;0;282;529;46.34;138.49;;;
37.065559;-5.583472;153;0;0;282;529;46.36;138.47;;;
37.065465;-5.583280;153;0;0;282;529;46.38;138.45;;;
37.065370;-5.583088;153;0;0;282;529;46.4;138.43;;;
37.065275;-5.582897;153;0;0;282;529;46.42;138.41;;;
37.065181;-5.582705;153;0;0;282;529;46.44;138.39;;;
37.065086;-5.582513;153;0;0;282;529;46.46;138.37;;;
37.065031;-5.582303;153;0;0;282;529;46.48;138.35;;;
37.065002;-5.582080;153;0;0;282;529;46.5;138.33;;;
37.064972;-5.581858;153;0;0;282;529;46.52;138.31;;;
37.064943;-5.581636;153;0;0;282;529;46.54;138.29;;;
37.064967;-5.581414;153;0;0;282;529;46.56;138.27;;;
37.064997;-5.581192;153;0;0;282;529;46.58;138.25;;;
37.065028;-5.580970;153;0;0;282;529;46.6;138.23;;;
37.065059;-5.580748;153;0;0;282;529;46.62;138.21;;;
37.065090;-5.580526;153;0;0;282;529;46.64;138.19;;;
37.065121;-5.580304;153;0;0;282;529;46.66;138.17;;;
37.065152;-5.580082;153;0;0;282;529;46.68;138.15;;;
37.065183;-5.579859;153;0;0;282;529;46.7;138.13;;;
37.065214;-5.579637;153;0;0;282;529;46.72;138.11;;;
37.065245;-5.579415;153;0;0;282;529;46.74;138.09;;;
37.065276;-5.579193;153;0;0;282;529;46.76;138.07;;;
37.065306;-5.578971;152;0;0;282;529;46.78;138.05;;;
37.065337;-5.578749;153;0;0;282;529;46.8;138.03;;;
37.065368;-5.578527;153;0;0;282;529;46.82;138.01;;;
37.065400;-5.578305;153;0;0;282;529;46.84;137.99;;;
37.065430;-5.578083;153;0;1;282;529;46.86;137.97;;;
37.065474;-5.577866;153;0;1;283;528;46.88;137.95;;;
37.065539;-5.577655;153;0;1;283;528;46.9;137.93;;;
37.065602;-5.577444;153;0;1;283;528;46.92;137.91;;;
37.065683;-5.577243;153;0;1;283;528;46.94;137.89;;;
37.065766;-5.577043;153;0;1;283;528;46.96;137.87;;;
37.065849;-5.576843;154;0;1;283;528;46.98;137.85;;;
37.065932;-5.576643;154;0;1;284;527;47;137.83;;;
37.066016;-5.576444;154;0;1;284;527;47.02;137.81;;;
37.066099;-5.576244;154;0;1;284;527;47.04;137.79;;;
37.066161;-5.576037;154;0;1;284;527;47.06;137.77;;;
37.066170;-5.575812;155;0;1;284;527;47.08;137.75;;;
37.066177;-5.575586;155;0;1;285;526;47.1;137.73;;;
37.066184;-5.575361;155;0;1;285;526;47.12;137.71;;;
37.066192;-5.575136;155;0;1;285;526;47.14;137.69;;;
37.066201;-5.574911;155;0;1;285;526;47.16;137.67;;;
37.066208;-5.574686;156;0;1;285;526;47.18;137.65;;;
37.066216;-5.574460;156;0;1;286;525;47.2;137.63;;;
37.066225;-5.574235;156;0;1;286;525;47.22;137.61;;;
37.066232;-5.574010;156;0;1;286;525;47.24;137.59;;;
37.066236;-5.573785;157;0;1;286;525;47.26;137.57;;;
37.066214;-5.573561;157;0;1;287;524;47.28;137.55;;;
37.066191;-5.573338;157;0;1;287;524;47.3;137.53;;;
37.066168;-5.573114;157;0;1;287;524;47.32;137.51;;;
37.066146;-5.572891;158;0;1;287;524;47.34;137.49;;;
37.066123;-5.572667;158;0;1;288;523;47.36;137.47;;;
37.066101;-5.572443;158;0;1;288;523;47.38;137.45;;;
37.066078;-5.572220;158;0;1;288;523;47.4;137.43;;;
37.066055;-5.571996;159;0;1;288;523;47.42;137.41;;;
37.066033;-5.571772;159;0;1;288;523;47.44;137.39;;;
37.066015;-5.571548;159;0;1;289;522;47.46;137.37;;;
37.066005;-5.571323;159;0;1;289;522;47.48;137.35;;;
37.065996;-5.571098;159;0;1;289;522;47.5;137.33;;;
37.065986;-5.570873;160;0;1;289;522;47.52;137.31;;;
37.065977;-5.570648;160;0;1;290;521;47.54;137.29;;;
37.065967;-5.570423;160;0;1;290;521;47.56;137.27;;;
37.065961;-5.570198;160;0;1;290;521;47.58;137.25;;;
37.065971;-5.569973;161;0;1;290;521;47.6;137.23;;;
37.065980;-5.569748;161;0;1;291;520;47.62;137.21;;;
37.065989;-5.569522;161;0;1;291;520;47.64;137.19;;;
37.065998;-5.569297;162;0;2;291;520;47.66;137.17;;;
37.066008;-5.569072;162;0;2;292;519;47.68;137.15;;;
37.066017;-5.568847;162;0;2;292;519;47.7;137.13;;;
37.066026;-5.568622;163;0;2;292;519;47.72;137.11;;;
37.066036;-5.568397;163;0;2;293;518;47.74;137.09;;;
37.066045;-5.568172;163;0;2;293;518;47.76;137.07;;;
37.066055;-5.567947;163;0;2;293;518;47.78;137.05;;;
37.066064;-5.567722;164;0;2;293;518;47.8;137.03;;;
37.066073;-5.567496;164;0;1;294;517;47.82;137.01;;;
37.066107;-5.567280;164;0;1;294;517;47.84;136.99;;;
37.066187;-5.567078;165;0;1;294;517;47.86;136.97;;;
37.066276;-5.566882;165;0;1;295;516;47.88;136.95;;;
37.066376;-5.566695;165;0;1;295;516;47.9;136.93;;;
37.066477;-5.566509;165;0;1;295;516;47.92;136.91;;;
37.066578;-5.566322;166;0;1;295;516;47.94;136.89;;;
37.066678;-5.566135;166;0;1;296;515;47.96;136.87;;;
37.066764;-5.565938;166;0;1;296;515;47.98;136.85;;;
37.066834;-5.565730;166;0;1;296;515;48;136.83;;;
37.066905;-5.565523;166;0;1;296;515;48.02;136.81;;;
37.066975;-5.565316;166;0;1;296;515;48.04;136.79;;;
37.067046;-5.565108;167;0;1;296;515;48.06;136.77;;;
37.067117;-5.564901;167;0;1;296;515;48.08;136.75;;;
37.067187;-5.564694;167;0;1;297;514;48.1;136.73;;;
37.067240;-5.564479;167;0;0;297;514;48.12;136.71;;;
37.067279;-5.564259;167;0;0;297;514;48.14;136.69;;;
37.067308;-5.564037;167;0;0;297;514;48.16;136.67;;;
37.067327;-5.563813;167;0;0;297;514;48.18;136.65;;;
37.067345;-5.563588;167;0;0;297;514;48.2;136.63;;;
37.067363;-5.563364;167;0;0;297;514;48.22;136.61;;;
37.067382;-5.563140;167;0;0;297;514;48.24;136.59;;;
37.067400;-5.562916;167;0;0;297;514;48.26;136.57;;;
37.067418;-5.562692;167;0;0;297;514;48.28;136.55;;;
37.067437;-5.562467;167;0;0;297;514;48.3;136.53;;;
37.067470;-5.562246;167;0;-1;297;514;48.32;136.51;;;
37.067505;-5.562025;167;0;-1;297;514;48.34;136.49;;;
37.067540;-5.561804;167;0;-1;297;514;48.36;136.47;;;
37.067576;-5.561583;167;0;-1;297;514;48.38;136.45;;;
37.067611;-5.561362;166;0;-1;297;514;48.4;136.43;;;
37.067634;-5.561139;166;0;-1;297;514;48.42;136.41;;;
37.067644;-5.560914;166;0;-1;297;514;48.44;136.39;;;
37.067654;-5.560689;166;0;-1;297;514;48.46;136.37;;;
37.067663;-5.560463;166;0;-1;297;514;48.48;136.35;;;
37.067672;-5.560238;166;0;-1;297;514;48.5;136.33;;;
37.067682;-5.560013;165;0;-1;297;514;48.52;136.31;;;
37.067692;-5.559788;165;0;-1;297;514;48.54;136.29;;;
37.067702;-5.559563;165;0;-1;297;514;48.56;136.27;;;
37.067711;-5.559338;165;0;-1;297;514;48.58;136.25;;;
37.067721;-5.559113;165;0;-1;297;514;48.6;136.23;;;
37.067731;-5.558888;164;0;-1;297;514;48.62;136.21;;;
37.067741;-5.558663;164;0;-1;297;514;48.64;136.19;;;
37.067750;-5.558438;164;0;-1;297;514;48.66;136.17;;;
37.067760;-5.558213;164;0;-1;297;514;48.68;136.15;;;
37.067769;-5.557987;164;0;-1;297;514;48.7;136.13;;;
37.067779;-5.557762;163;0;-1;297;514;48.72;136.11;;;
37.067789;-5.557537;163;0;-1;297;514;48.74;136.09;;;
37.067798;-5.557312;163;0;-1;297;514;48.76;136.07;;;
37.067808;-5.557087;163;0;-1;297;514;48.78;136.05;;;
37.067818;-5.556862;162;0;-1;297;514;48.8;136.03;;;
37.067828;-5.556637;162;0;-1;297;514;48.82;136.01;;;
37.067837;-5.556412;162;0;-1;297;514;48.84;135.99;;;
37.067847;-5.556187;162;0;-1;297;514;48.86;135.97;;;
37.067873;-5.555964;162;0;-1;297;514;48.88;135.95;;;
37.067905;-5.555742;161;0;-1;297;514;48.9;135.93;;;
37.067936;-5.555520;161;0;-1;297;514;48.92;135.91;;;
37.067947;-5.555295;161;0;-1;297;514;48.94;135.89;;;
37.067908;-5.555079;161;0;-1;297;514;48.96;135.87;;;
37.067831;-5.554876;160;0;-1;297;514;48.98;135.85;;;
37.067734;-5.554686;160;0;-1;297;514;49;135.83;;;
37.067635;-5.554497;160;0;-1;297;514;49.02;135.81;;;
37.067537;-5.554309;160;0;0;297;514;49.04;135.79;;;
37.067439;-5.554120;160;0;0;297;514;49.06;135.77;;;
37.067341;-5.553931;160;0;0;297;514;49.08;135.75;;;
37.067243;-5.553742;160;0;0;297;514;49.1;135.73;;;
37.067144;-5.553553;160;0;0;297;514;49.12;135.71;;;
37.067046;-5.553365;160;0;0;297;514;49.14;135.69;;;
37.066947;-5.553176;160;0;0;297;514;49.16;135.67;;;
37.066849;-5.552987;160;0;1;297;514;49.18;135.65;;;
37.066751;-5.552798;160;0;1;297;514;49.2;135.63;;;
37.066652;-5.552610;160;0;1;298;513;49.22;135.61;;;
37.066556;-5.552420;161;0;1;298;513;49.24;135.59;;;
37.066463;-5.552226;161;0;1;298;513;49.26;135.57;;;
37.066371;-5.552033;161;0;1;298;513;49.28;135.55;;;
37.066279;-5.551839;161;0;1;298;513;49.3;135.53;;;
37.066192;-5.551642;161;0;1;298;513;49.32;135.51;;;
37.066106;-5.551444;161;0;1;298;513;49.34;135.49;;;
37.066020;-5.551246;162;0;2;299;512;49.36;135.47;;;
37.065933;-5.551049;162;0;2;299;512;49.38;135.45;;;
37.065833;-5.550862;162;0;2;299;512;49.4;135.43;;;
37.065707;-5.550702;163;0;2;300;511;49.42;135.41;;;
37.065558;-5.550578;164;0;2;301;510;49.44;135.39;;;
37.065396;-5.550480;164;0;2;301;510;49.46;135.37;;;
37.065234;-5.550382;164;0;2;301;510;49.48;135.35;;;
37.065072;-5.550283;165;0;2;302;509;49.5;135.33;;;
37.064918;-5.550168;165;0;2;302;509;49.52;135.31;;;
37.064786;-5.550018;166;0;2;303;508;49.54;135.29;;;
37.064672;-5.549844;166;0;3;303;508;49.56;135.27;;;
37.064573;-5.549656;167;0;3;304;507;49.58;135.25;;;
37.064475;-5.549467;167;0;3;304;507;49.6;135.23;;;
37.064376;-5.549278;168;0;3;305;506;49.62;135.21;;;
37.064278;-5.549090;168;0;3;305;506;49.64;135.19;;;
37.064179;-5.548901;169;0;3;306;505;49.66;135.17;;;
37.064081;-5.548712;170;0;3;307;504;49.68;135.15;;;
37.063982;-5.548524;170;0;3;307;504;49.7;135.13;;;
37.063884;-5.548335;171;0;3;308;503;49.72;135.11;;;
37.063785;-5.548147;172;0;3;309;502;49.74;135.09;;;
37.063687;-5.547958;172;0;3;309;502;49.76;135.07;;;
37.063588;-5.547770;173;0;3;310;501;49.78;135.05;;;
37.063494;-5.547579;174;0;3;311;500;49.8;135.03;;;
37.063439;-5.547364;174;0;3;311;500;49.82;135.01;;;
37.063384;-5.547149;175;0;3;312;499;49.84;134.99;;;
37.063329;-5.546935;176;0;3;313;498;49.86;134.97;;;
37.063273;-5.546721;176;0;3;313;498;49.88;134.95;;;
37.063193;-5.546521;177;0;3;314;497;49.9;134.93;;;
37.063095;-5.546331;178;0;3;315;496;49.92;134.91;;;
37.062998;-5.546142;178;0;3;315;496;49.94;134.89;;;
37.062900;-5.545952;179;0;3;316;495;49.96;134.87;;;
37.062803;-5.545763;179;0;3;316;495;49.98;134.85;;;
37.062705;-5.545574;180;0;3;317;494;50;134.83;;;
37.062607;-5.545385;181;0;3;318;493;50.02;134.81;;;
37.062510;-5.545195;181;0;3;318;493;50.04;134.79;;;
37.062412;-5.545006;182;0;3;319;492;50.06;134.77;;;
37.062314;-5.544817;182;0;3;319;492;50.08;134.75;;;
37.062216;-5.544628;183;0;3;320;491;50.1;134.73;;;
37.062119;-5.544439;183;0;3;320;491;50.12;134.71;;;
37.062021;-5.544249;184;0;2;321;490;50.14;134.69;;;
37.061924;-5.544060;184;0;2;321;490;50.16;134.67;;;
37.061826;-5.543870;185;0;2;322;489;50.18;134.65;;;
37.061729;-5.543681;185;0;2;322;489;50.2;134.63;;;
37.061631;-5.543492;186;0;2;323;488;50.22;134.61;;;
37.061534;-5.543302;186;0;2;323;488;50.24;134.59;;;
37.061436;-5.543113;186;0;2;323;488;50.26;134.57;;;
37.061338;-5.542924;187;0;2;324;487;50.28;134.55;;;
37.061240;-5.542735;187;0;2;324;487;50.3;134.53;;;
37.061142;-5.542546;187;0;2;324;487;50.32;134.51;;;
37.061045;-5.542356;188;0;2;325;486;50.34;134.49;;;
37.060947;-5.542167;188;0;1;325;486;50.36;134.47;;;
37.060849;-5.541978;188;0;1;325;486;50.38;134.45;;;
37.060751;-5.541789;189;0;1;326;485;50.4;134.43;;;
37.060653;-5.541600;189;0;1;326;485;50.42;134.41;;;
37.060554;-5.541412;189;0;1;326;485;50.44;134.39;;;
37.060456;-5.541223;189;0;0;326;485;50.46;134.37;;;
37.060451;-5.541007;189;0;0;326;485;50.48;134.35;;;
37.060601;-5.540889;189;0;0;326;485;50.5;134.33;11;;
37.060770;-5.540812;189;0;0;326;485;50.52;134.31;;;
37.060940;-5.540736;189;0;-1;326;485;50.54;134.29;;;
37.061109;-5.540660;189;0;-1;326;485;50.56;134.27;;;
37.061278;-5.540584;188;0;-1;326;485;50.58;134.25;;;
37.061448;-5.540508;188;0;-2;326;485;50.6;134.23;;;
37.061608;-5.540407;188;0;-2;326;485;50.62;134.21;;;
37.061765;-5.540296;187;0;-2;326;485;50.64;134.19;;;
37.061903;-5.540154;187;0;-2;326;485;50.66;134.17;;;
37.062039;-5.540005;186;0;-2;326;485;50.68;134.15;;;
37.062173;-5.539856;186;0;-2;326;485;50.7;134.13;;;
37.062309;-5.539708;185;0;-2;326;485;50.72;134.11;;;
37.062444;-5.539558;185;0;-3;326;485;50.74;134.09;;;
37.062568;-5.539395;184;0;-3;326;485;50.76;134.07;;;
37.062688;-5.539228;184;0;-3;326;485;50.78;134.05;;;
37.062797;-5.539050;183;0;-3;326;485;50.8;134.03;;;
37.062890;-5.538857;183;0;-3;326;485;50.82;134.01;;;
37.062982;-5.538663;182;0;-3;326;485;50.84;133.99;;;
37.063075;-5.538470;182;0;-2;326;485;50.86;133.97;;;
37.063167;-5.538277;181;0;-2;326;485;50.88;133.95;;;
37.063260;-5.538083;181;0;-2;326;485;50.9;133.93;;;
37.063352;-5.537890;180;0;-2;326;485;50.92;133.91;;;
37.063445;-5.537697;180;0;-3;326;485;50.94;133.89;;;
37.063537;-5.537503;179;0;-3;326;485;50.96;133.87;;;
37.063629;-5.537310;179;0;-3;326;485;50.98;133.85;;;
37.063711;-5.537109;178;0;-3;326;485;51;133.83;;;
37.063789;-5.536906;178;0;-3;326;485;51.02;133.81;;;
37.063845;-5.536694;177;0;-3;326;485;51.04;133.79;;;
37.063880;-5.536473;176;0;-3;326;485;51.06;133.77;;;
37.063913;-5.536251;176;0;-3;326;485;51.08;133.75;;;
37.063947;-5.536030;175;0;-3;326;485;51.1;133.73;;;
37.063980;-5.535808;175;0;-3;326;485;51.12;133.71;;;
37.064015;-5.535587;174;0;-3;326;485;51.14;133.69;;;
37.064049;-5.535366;174;0;-3;326;485;51.16;133.67;;;
37.064083;-5.535144;173;0;-3;326;485;51.18;133.65;;;
37.064116;-5.534923;173;0;-2;326;485;51.2;133.63;;;
37.064151;-5.534702;172;0;-2;326;485;51.22;133.61;;;
37.064185;-5.534480;172;0;-2;326;485;51.24;133.59;;;
37.064219;-5.534259;171;0;-2;326;485;51.26;133.57;;;
37.064252;-5.534038;171;0;-2;326;485;51.28;133.55;;;
37.064286;-5.533816;170;0;-2;326;485;51.3;133.53;;;
37.064320;-5.533595;170;0;-2;326;485;51.32;133.51;;;
37.064354;-5.533374;169;0;-2;326;485;51.34;133.49;;;
37.064388;-5.533152;169;0;-2;326;485;51.36;133.47;;;
37.064423;-5.532931;169;0;-2;326;485;51.38;133.45;;;
37.064475;-5.532715;168;0;-2;326;485;51.4;133.43;;;
37.064524;-5.532499;168;0;-2;326;485;51.42;133.41;;;
37.064640;-5.532328;167;0;-2;326;485;51.44;133.39;;;
37.064762;-5.532163;167;0;-2;326;485;51.46;133.37;;;
37.064888;-5.532003;166;0;-2;326;485;51.48;133.35;;;
37.065018;-5.531846;166;0;-1;326;485;51.5;133.33;;;
37.065147;-5.531689;166;0;-1;326;485;51.52;133.31;;;
37.065275;-5.531531;166;0;-1;326;485;51.54;133.29;;;
37.065404;-5.531374;165;0;-1;326;485;51.56;133.27;;;
37.065534;-5.531218;165;0;-1;326;485;51.58;133.25;;;
37.065663;-5.531061;165;0;-1;326;485;51.6;133.23;;;
37.065792;-5.530904;165;0;-1;326;485;51.62;133.21;;;
37.065921;-5.530747;165;0;-1;326;485;51.64;133.19;;;
37.066050;-5.530590;165;0;-1;326;485;51.66;133.17;;;
37.066179;-5.530433;165;0;0;326;485;51.68;133.15;;;
37.066308;-5.530276;165;0;0;326;485;51.7;133.13;;;
37.066437;-5.530118;165;0;0;326;485;51.72;133.11;;;
37.066566;-5.529961;164;0;0;326;485;51.74;133.09;;;
37.066695;-5.529805;164;0;0;326;485;51.76;133.07;;;
37.066825;-5.529648;165;0;0;327;484;51.78;133.05;;;
37.066954;-5.529491;165;0;0;327;484;51.8;133.03;;;
37.067083;-5.529334;165;0;1;327;484;51.82;133.01;;;
37.067207;-5.529171;165;0;1;327;484;51.84;132.99;;;
37.067330;-5.529007;165;0;1;327;484;51.86;132.97;;;
37.067453;-5.528842;165;0;1;327;484;51.88;132.95;;;
37.067559;-5.528660;165;0;1;327;484;51.9;132.93;;;
37.067664;-5.528477;166;0;1;327;484;51.92;132.91;;;
37.067795;-5.528328;166;0;1;328;483;51.94;132.89;;;
37.067948;-5.528211;166;0;1;328;483;51.96;132.87;;;
37.068120;-5.528144;166;0;1;328;483;51.98;132.85;;;
37.068291;-5.528077;166;0;1;328;483;52;132.83;;;
37.068463;-5.528009;167;0;2;329;482;52.02;132.81;;;
37.068626;-5.527922;167;0;2;329;482;52.04;132.79;;;
37.068767;-5.527782;167;0;2;329;482;52.06;132.77;;;
37.068902;-5.527633;168;0;2;330;481;52.08;132.75;;;
37.069014;-5.527457;168;0;2;330;481;52.1;132.73;;;
37.069126;-5.527280;169;0;2;331;480;52.12;132.71;;;
37.069222;-5.527090;169;0;2;331;480;52.14;132.69;;;
37.069316;-5.526898;170;0;2;332;479;52.16;132.67;;;
37.069388;-5.526693;170;0;2;332;479;52.18;132.65;;;
37.069449;-5.526481;171;0;2;333;478;52.2;132.63;;;
37.069510;-5.526268;171;0;2;333;478;52.22;132.61;;;
37.069571;-5.526056;171;0;2;333;478;52.24;132.59;;;
37.069631;-5.525844;172;0;2;334;477;52.26;132.57;;;
37.069693;-5.525632;173;0;3;334;477;52.28;132.55;;;
37.069753;-5.525420;173;0;3;335;476;52.3;132.53;;;
37.069814;-5.525208;174;0;3;336;475;52.32;132.51;;;
37.069874;-5.524995;174;0;3;336;475;52.34;132.49;;;
37.069971;-5.524806;175;0;3;337;474;52.36;132.47;;;
37.070070;-5.524618;176;0;3;338;473;52.38;132.45;;;
37.070200;-5.524461;177;0;4;338;473;52.4;132.43;;;
37.070329;-5.524304;177;0;4;339;472;52.42;132.41;;;
37.070464;-5.524156;178;0;4;340;471;52.44;132.39;;;
37.070606;-5.524018;179;0;3;341;470;52.46;132.37;;;
37.070748;-5.523880;179;0;4;341;470;52.48;132.35;;;
37.070890;-5.523741;180;0;4;342;469;52.5;132.33;;;
37.071032;-5.523603;181;0;4;343;468;52.52;132.31;;;
37.071174;-5.523465;181;0;4;343;468;52.54;132.29;;;
37.071316;-5.523327;182;0;4;344;467;52.56;132.27;;;
37.071458;-5.523188;183;0;4;345;466;52.58;132.25;;;
37.071600;-5.523050;184;0;4;346;465;52.6;132.23;;;
37.071742;-5.522912;185;0;4;347;464;52.62;132.21;;;
37.071885;-5.522774;185;0;4;347;464;52.64;132.19;;;
37.072026;-5.522635;186;0;4;348;463;52.66;132.17;;;
37.072168;-5.522497;187;0;4;349;462;52.68;132.15;;;
37.072311;-5.522359;188;0;4;350;461;52.7;132.13;;;
37.072453;-5.522220;188;0;4;350;461;52.72;132.11;;;
37.072595;-5.522082;189;0;4;351;460;52.74;132.09;;;
37.072731;-5.521935;190;0;3;352;459;52.76;132.07;;;
37.072860;-5.521778;191;0;3;353;458;52.78;132.05;;;
37.072988;-5.521619;191;0;3;353;458;52.8;132.03;;;
37.073115;-5.521461;192;0;3;354;457;52.82;132.01;;;
37.073244;-5.521303;192;0;3;354;457;52.84;131.99;;;
37.073372;-5.521145;193;0;3;355;456;52.86;131.97;;;
37.073500;-5.520987;193;0;3;355;456;52.88;131.95;;;
37.073629;-5.520829;194;0;3;356;455;52.9;131.93;;;
37.073757;-5.520672;194;0;3;356;455;52.92;131.91;;;
37.073886;-5.520514;195;0;3;357;454;52.94;131.89;;;
37.074013;-5.520354;196;0;3;358;453;52.96;131.87;;;
37.074138;-5.520192;196;0;3;358;453;52.98;131.85;;;
37.074263;-5.520030;197;0;3;359;452;53;131.83;;;
37.074388;-5.519868;197;0;3;359;452;53.02;131.81;;;
37.074512;-5.519705;198;0;3;360;451;53.04;131.79;;;
37.074637;-5.519542;199;0;3;360;451;53.06;131.77;;;
37.074762;-5.519380;199;0;3;361;450;53.08;131.75;;;
37.074886;-5.519218;200;0;3;362;449;53.1;131.73;;;
37.075011;-5.519055;200;0;3;362;449;53.12;131.71;;;
37.075136;-5.518893;201;0;3;363;448;53.14;131.69;;;
37.075260;-5.518730;201;0;3;363;448;53.16;131.67;;;
37.075386;-5.518568;202;0;3;364;447;53.18;131.65;;;
37.075510;-5.518406;203;0;3;364;447;53.2;131.63;;;
37.075635;-5.518243;203;0;3;365;446;53.22;131.61;;;
37.075759;-5.518081;203;0;2;365;446;53.24;131.59;;;
37.075884;-5.517918;204;0;2;366;445;53.26;131.57;;;
37.076009;-5.517756;204;0;2;366;445;53.28;131.55;;;
37.076134;-5.517593;205;0;2;367;444;53.3;131.53;;;
37.076258;-5.517431;205;0;2;367;444;53.32;131.51;;;
37.076383;-5.517268;206;0;2;368;443;53.34;131.49;;;
37.076508;-5.517106;206;0;2;368;443;53.36;131.47;;;
37.076633;-5.516944;206;0;2;368;443;53.38;131.45;;;
37.076757;-5.516781;207;0;2;369;442;53.4;131.43;;;
37.076882;-5.516619;207;0;1;369;442;53.42;131.41;;;
37.077007;-5.516456;207;0;1;369;442;53.44;131.39;;;
37.077132;-5.516294;208;0;1;369;442;53.46;131.37;;;
37.077257;-5.516132;208;0;1;370;441;53.48;131.35;;;
37.077381;-5.515969;208;0;1;370;441;53.5;131.33;;;
37.077506;-5.515807;208;0;1;370;441;53.52;131.31;;;
37.077633;-5.515648;209;0;1;370;441;53.54;131.29;;;
37.077786;-5.515530;209;0;1;371;440;53.56;131.27;;;
37.077939;-5.515412;209;0;1;371;440;53.58;131.25;;;
37.078092;-5.515294;209;0;0;371;440;53.6;131.23;;;
37.078252;-5.515192;209;0;0;371;440;53.62;131.21;;;
37.078422;-5.515117;209;0;0;371;440;53.64;131.19;;;
37.078591;-5.515043;209;0;0;371;440;53.66;131.17;;;
37.078761;-5.514968;209;0;0;371;440;53.68;131.15;;;
37.078935;-5.514914;209;0;-1;371;440;53.7;131.13;;;
37.079113;-5.514883;209;0;-1;371;440;53.72;131.11;;;
37.079291;-5.514852;209;0;-1;371;440;53.74;131.09;;;
37.079469;-5.514820;208;0;-1;371;440;53.76;131.07;;;
37.079648;-5.514793;208;0;-1;371;440;53.78;131.05;;;
37.079826;-5.514768;208;0;-1;371;440;53.8;131.03;;;
37.080005;-5.514743;208;0;-1;371;440;53.82;131.01;;;
37.080184;-5.514718;207;0;-1;371;440;53.84;130.99;;;
37.080363;-5.514693;207;0;-1;371;440;53.86;130.97;;;
37.080541;-5.514668;207;0;-2;371;440;53.88;130.95;;;
37.080720;-5.514643;206;0;-2;371;440;53.9;130.93;;;
37.080899;-5.514619;206;0;-2;371;440;53.92;130.91;;;
37.081078;-5.514593;206;0;-2;371;440;53.94;130.89;;;
37.081255;-5.514558;205;0;-2;371;440;53.96;130.87;;;
37.081431;-5.514510;205;0;-2;371;440;53.98;130.85;;;
37.081605;-5.514455;205;0;-2;371;440;54;130.83;;;
37.081769;-5.514362;204;0;-2;371;440;54.02;130.81;;;
37.081933;-5.514269;204;0;-2;371;440;54.04;130.79;;;
37.082096;-5.514176;203;0;-2;371;440;54.06;130.77;;;
37.082260;-5.514084;203;0;-2;371;440;54.08;130.75;;;
37.082421;-5.513982;203;0;-2;371;440;54.1;130.73;;;
37.082578;-5.513871;202;0;-2;371;440;54.12;130.71;;;
37.082734;-5.513760;202;0;-2;371;440;54.14;130.69;;;
37.082891;-5.513649;201;0;-2;371;440;54.16;130.67;;;
37.083047;-5.513539;201;0;-2;371;440;54.18;130.65;;;
37.083204;-5.513428;201;0;-2;371;440;54.2;130.63;;;
37.083361;-5.513317;200;0;-2;371;440;54.22;130.61;;;
37.083516;-5.513204;200;0;-2;371;440;54.24;130.59;;;
37.083665;-5.513078;199;0;-2;371;440;54.26;130.57;;;
37.083814;-5.512951;199;0;-2;371;440;54.28;130.55;;;
37.083962;-5.512823;199;0;-2;371;440;54.3;130.53;;;
37.084098;-5.512679;198;0;-1;371;440;54.32;130.51;;;
37.084217;-5.512509;198;0;-1;371;440;54.34;130.49;;;
37.084335;-5.512339;198;0;-1;371;440;54.36;130.47;;;
37.084444;-5.512160;198;0;-1;371;440;54.38;130.45;;;
37.084549;-5.511977;197;0;-1;371;440;54.4;130.43;;;
37.084654;-5.511793;197;0;-1;371;440;54.42;130.41;;;
37.084759;-5.511611;197;0;-1;371;440;54.44;130.39;;;
37.084864;-5.511428;197;0;-1;371;440;54.46;130.37;;;
37.084971;-5.511247;197;0;-1;371;440;54.48;130.35;;;
37.085090;-5.511078;197;0;-1;371;440;54.5;130.33;;;
37.085209;-5.510908;196;0;-1;371;440;54.52;130.31;;;
37.085327;-5.510739;196;0;-1;371;440;54.54;130.29;;;
37.085446;-5.510569;196;0;0;371;440;54.56;130.27;;;
37.085565;-5.510400;196;0;0;371;440;54.58;130.25;;;
37.085665;-5.510213;196;0;0;371;440;54.6;130.23;;;
37.085762;-5.510023;196;0;0;371;440;54.62;130.21;;;
37.085859;-5.509833;196;0;0;371;440;54.64;130.19;;;
37.085956;-5.509643;196;0;0;371;440;54.66;130.17;;;
37.086054;-5.509454;196;0;0;371;440;54.68;130.15;;;
37.086151;-5.509265;196;0;0;371;440;54.7;130.13;;;
37.086249;-5.509075;196;0;0;371;440;54.72;130.11;;;
37.086346;-5.508885;196;0;0;371;440;54.74;130.09;;;
37.086444;-5.508696;196;0;0;371;440;54.76;130.07;;;
37.086541;-5.508507;196;0;0;371;440;54.78;130.05;;;
37.086638;-5.508317;196;0;0;371;440;54.8;130.03;;;
37.086739;-5.508130;196;0;0;371;440;54.82;130.01;;;
37.086847;-5.507950;196;0;0;371;440;54.84;129.99;;;
37.086955;-5.507769;196;0;0;371;440;54.86;129.97;;;
37.087062;-5.507588;196;0;0;371;440;54.88;129.95;;;
37.087170;-5.507408;196;0;0;372;439;54.9;129.93;;;
37.087278;-5.507228;197;0;0;372;439;54.92;129.91;;;
37.087386;-5.507047;197;0;0;372;439;54.94;129.89;;;
37.087493;-5.506866;197;0;0;372;439;54.96;129.87;;;
37.087601;-5.506686;197;0;0;372;439;54.98;129.85;;;
37.087709;-5.506506;197;0;0;372;439;55;129.83;12;;
37.087817;-5.506325;197;0;0;372;439;55.02;129.81;;;
37.087924;-5.506144;197;0;0;372;439;55.04;129.79;;;
37.088017;-5.505952;197;0;0;372;439;55.06;129.77;;;
37.088101;-5.505752;197;0;0;372;439;55.08;129.75;;;
37.088183;-5.505552;197;0;0;372;439;55.1;129.73;;;
37.088265;-5.505352;197;0;0;372;439;55.12;129.71;;;
37.088348;-5.505151;197;0;0;372;439;55.14;129.69;;;
37.088431;-5.504951;197;0;0;372;439;55.16;129.67;;;
37.088514;-5.504751;197;0;0;372;439;55.18;129.65;;;
37.088596;-5.504550;196;0;0;372;439;55.2;129.63;;;
37.088678;-5.504350;196;0;0;372;439;55.22;129.61;;;
37.088761;-5.504150;196;0;-1;372;439;55.24;129.59;;;
37.088844;-5.503950;196;0;-1;372;439;55.26;129.57;;;
37.088926;-5.503749;196;0;-1;372;439;55.28;129.55;;;
37.089006;-5.503547;196;0;-1;372;439;55.3;129.53;;;
37.089084;-5.503344;196;0;-1;372;439;55.32;129.51;;;
37.089161;-5.503140;196;0;-1;372;439;55.34;129.49;;;
37.089239;-5.502937;196;0;-1;372;439;55.36;129.47;;;
37.089316;-5.502733;195;0;-1;372;439;55.38;129.45;;;
37.089394;-5.502530;195;0;-1;372;439;55.4;129.43;;;
37.089472;-5.502327;195;0;-1;372;439;55.42;129.41;;;
37.089549;-5.502123;195;0;-1;372;439;55.44;129.39;;;
37.089627;-5.501920;195;0;-1;372;439;55.46;129.37;;;
37.089704;-5.501716;195;0;-1;372;439;55.48;129.35;;;
37.089782;-5.501513;194;0;-1;372;439;55.5;129.33;;;
37.089860;-5.501310;194;0;-1;372;439;55.52;129.31;;;
37.089937;-5.501106;194;0;-1;372;439;55.54;129.29;;;
37.090014;-5.500903;194;0;-1;372;439;55.56;129.27;;;
37.090093;-5.500699;193;0;-1;372;439;55.58;129.25;;;
37.090170;-5.500496;193;0;-1;372;439;55.6;129.23;;;
37.090248;-5.500293;193;0;-1;372;439;55.62;129.21;;;
37.090325;-5.500089;193;0;-1;372;439;55.64;129.19;;;
37.090403;-5.499886;193;0;-1;372;439;55.66;129.17;;;
37.090481;-5.499682;192;0;-1;372;439;55.68;129.15;;;
37.090558;-5.499479;192;0;-1;372;439;55.7;129.13;;;
37.090636;-5.499275;192;0;-1;372;439;55.72;129.11;;;
37.090713;-5.499072;192;0;-1;372;439;55.74;129.09;;;
37.090791;-5.498869;192;0;-1;372;439;55.76;129.07;;;
37.090869;-5.498665;191;0;-1;372;439;55.78;129.05;;;
37.090946;-5.498462;191;0;-1;372;439;55.8;129.03;;;
37.091024;-5.498258;191;0;-1;372;439;55.82;129.01;;;
37.091101;-5.498055;190;0;-1;372;439;55.84;128.99;;;
37.091179;-5.497852;190;0;-1;372;439;55.86;128.97;;;
37.091257;-5.497648;190;0;-1;372;439;55.88;128.95;;;
37.091334;-5.497445;190;0;-1;372;439;55.9;128.93;;;
37.091411;-5.497241;189;0;-1;372;439;55.92;128.91;;;
37.091489;-5.497038;189;0;-1;372;439;55.94;128.89;;;
37.091567;-5.496835;189;0;-1;372;439;55.96;128.87;;;
37.091645;-5.496631;189;0;-2;372;439;55.98;128.85;;;
37.091722;-5.496428;188;0;-2;372;439;56;128.83;;;
37.091800;-5.496224;188;0;-2;372;439;56.02;128.81;;;
37.091878;-5.496021;187;0;-2;372;439;56.04;128.79;;;
37.091955;-5.495818;187;0;-2;372;439;56.06;128.77;;;
37.092033;-5.495614;187;0;-2;372;439;56.08;128.75;;;
37.092111;-5.495411;186;0;-2;372;439;56.1;128.73;;;
37.092202;-5.495217;186;0;-2;372;439;56.12;128.71;;;
37.092295;-5.495024;185;0;-3;372;439;56.14;128.69;;;
37.092392;-5.494834;185;0;-3;372;439;56.16;128.67;;;
37.092523;-5.494681;184;0;-3;372;439;56.18;128.65;;;
37.092655;-5.494527;184;0;-3;372;439;56.2;128.63;;;
37.092786;-5.494372;183;0;-3;372;439;56.22;128.61;;;
37.092919;-5.494221;182;0;-3;372;439;56.24;128.59;;;
37.093054;-5.494071;182;0;-3;372;439;56.26;128.57;;;
37.093189;-5.493923;181;0;-3;372;439;56.28;128.55;;;
37.093323;-5.493772;181;0;-3;372;439;56.3;128.53;;;
37.093458;-5.493623;180;0;-3;372;439;56.32;128.51;;;
37.093593;-5.493474;179;0;-3;372;439;56.34;128.49;;;
37.093727;-5.493325;179;0;-3;372;439;56.36;128.47;;;
37.093862;-5.493175;178;0;-3;372;439;56.38;128.45;;;
37.093997;-5.493026;178;0;-3;372;439;56.4;128.43;;;
37.094132;-5.492877;177;0;-3;372;439;56.42;128.41;;;
37.094266;-5.492727;176;0;-3;372;439;56.44;128.39;;;
37.094400;-5.492577;176;0;-3;372;439;56.46;128.37;;;
37.094535;-5.492428;175;0;-3;372;439;56.48;128.35;;;
37.094670;-5.492278;174;0;-3;372;439;56.5;128.33;;;
37.094805;-5.492129;174;0;-3;372;439;56.52;128.31;;;
37.094940;-5.491980;173;0;-3;372;439;56.54;128.29;;;
37.095035;-5.491789;173;0;-3;372;439;56.56;128.27;;;
37.095127;-5.491596;172;0;-3;372;439;56.58;128.25;;;
37.095219;-5.491402;172;0;-3;372;439;56.6;128.23;;;
37.095235;-5.491183;171;0;-3;372;439;56.62;128.21;;;
37.095229;-5.490958;170;0;-3;372;439;56.64;128.19;;;
37.095147;-5.490757;169;0;-3;372;439;56.66;128.17;;;
37.095065;-5.490556;169;0;-3;372;439;56.68;128.15;;;
37.094984;-5.490355;168;0;-3;372;439;56.7;128.13;;;
37.094917;-5.490146;168;0;-3;372;439;56.72;128.11;;;
37.094865;-5.489932;167;0;-4;372;439;56.74;128.09;;;
37.094851;-5.489707;166;0;-4;372;439;56.76;128.07;;;
37.094881;-5.489486;165;0;-3;372;439;56.78;128.05;;;
37.094921;-5.489266;164;0;-3;372;439;56.8;128.03;;;
37.094934;-5.489042;164;0;-3;372;439;56.82;128.01;;;
37.094936;-5.488817;163;0;-3;372;439;56.84;127.99;;;
37.094919;-5.488592;163;0;-3;372;439;56.86;127.97;;;
37.094901;-5.488368;162;0;-3;372;439;56.88;127.95;;;
37.094877;-5.488145;162;0;-3;372;439;56.9;127.93;;;
37.094838;-5.487925;161;0;-3;372;439;56.92;127.91;;;
37.094798;-5.487705;161;0;-3;372;439;56.94;127.89;;;
37.094767;-5.487483;160;0;-3;372;439;56.96;127.87;;;
37.094744;-5.487260;160;0;-2;372;439;56.98;127.85;;;
37.094721;-5.487036;159;0;-2;372;439;57;127.83;;;
37.094731;-5.486811;159;0;-2;372;439;57.02;127.81;;;
37.094753;-5.486588;158;0;-2;372;439;57.04;127.79;;;
37.094797;-5.486369;158;0;-2;372;439;57.06;127.77;;;
37.094840;-5.486150;157;0;-2;372;439;57.08;127.75;;;
37.094883;-5.485932;157;0;-2;372;439;57.1;127.73;;;
37.094926;-5.485713;157;0;-2;372;439;57.12;127.71;;;
37.094970;-5.485494;156;0;-2;372;439;57.14;127.69;;;
37.095013;-5.485275;156;0;-2;372;439;57.16;127.67;;;
37.095057;-5.485056;156;0;-1;372;439;57.18;127.65;;;
37.095100;-5.484837;155;0;-1;372;439;57.2;127.63;;;
37.095163;-5.484627;155;0;-1;372;439;57.22;127.61;;;
37.095242;-5.484426;155;0;-1;372;439;57.24;127.59;;;
37.095361;-5.484257;155;0;-1;372;439;57.26;127.57;;;
37.095480;-5.484088;155;0;-1;372;439;57.28;127.55;;;
37.095599;-5.483918;155;0;0;372;439;57.3;127.53;;;
37.095717;-5.483748;154;0;0;372;439;57.32;127.51;;;
37.095836;-5.483580;154;0;0;372;439;57.34;127.49;;;
37.095955;-5.483410;154;0;0;372;439;57.36;127.47;;;
37.096074;-5.483241;155;0;0;372;439;57.38;127.45;;;
37.096192;-5.483072;155;0;0;372;439;57.4;127.43;;;
37.096311;-5.482903;155;0;1;372;439;57.42;127.41;;;
37.096430;-5.482734;155;0;1;372;439;57.44;127.39;;;
37.096549;-5.482564;155;0;1;372;439;57.46;127.37;;;
37.096668;-5.482395;155;0;1;373;438;57.48;127.35;;;
37.096758;-5.482200;155;0;1;373;438;57.5;127.33;;;
37.096845;-5.482002;156;0;1;373;438;57.52;127.31;;;
37.096931;-5.481805;156;0;1;373;438;57.54;127.29;;;
37.097017;-5.481607;156;0;1;374;437;57.56;127.27;;;
37.097104;-5.481409;157;0;2;374;437;57.58;127.25;;;
37.097191;-5.481212;157;0;2;374;437;57.6;127.23;;;
37.097277;-5.481014;157;0;2;375;436;57.62;127.21;;;
37.097364;-5.480816;158;0;2;375;436;57.64;127.19;;;
37.097471;-5.480636;158;0;2;375;436;57.66;127.17;;;
37.097586;-5.480462;158;0;2;376;435;57.68;127.15;;;
37.097700;-5.480288;159;0;2;376;435;57.7;127.13;;;
37.097837;-5.480145;159;0;3;377;434;57.72;127.11;;;
37.097980;-5.480007;160;0;3;377;434;57.74;127.09;;;
37.098122;-5.479869;161;0;3;378;433;57.76;127.07;;;
37.098264;-5.479730;161;0;3;378;433;57.78;127.05;;;
37.098407;-5.479593;162;0;3;379;432;57.8;127.03;;;
37.098549;-5.479456;163;0;4;380;431;57.82;127.01;;;
37.098692;-5.479317;163;0;4;381;430;57.84;126.99;;;
37.098834;-5.479179;164;0;4;381;430;57.86;126.97;;;
37.098977;-5.479042;165;0;4;382;429;57.88;126.95;;;
37.099119;-5.478905;166;0;5;383;428;57.9;126.93;;;
37.099261;-5.478766;166;0;5;384;427;57.92;126.91;;;
37.099390;-5.478610;167;0;5;385;426;57.94;126.89;;;
37.099512;-5.478445;169;0;5;386;425;57.96;126.87;;;
37.099631;-5.478275;170;0;5;387;424;57.98;126.85;;;
37.099748;-5.478104;171;0;5;388;423;58;126.83;13;;
37.099864;-5.477932;172;0;5;389;422;58.02;126.81;;;
37.099981;-5.477760;173;0;5;390;421;58.04;126.79;;;
37.100098;-5.477589;174;0;5;391;420;58.06;126.77;;;
37.100215;-5.477418;175;0;5;392;419;58.08;126.75;;;
37.100332;-5.477246;176;0;5;393;418;58.1;126.73;;;
37.100448;-5.477075;177;0;5;394;417;58.12;126.71;;;
37.100566;-5.476903;178;0;6;395;416;58.14;126.69;;;
37.100682;-5.476732;179;0;6;396;415;58.16;126.67;;;
37.100799;-5.476560;180;0;6;397;414;58.18;126.65;;;
37.100916;-5.476389;181;0;6;398;413;58.2;126.63;;;
37.101033;-5.476218;182;0;6;400;411;58.22;126.61;;;
37.101150;-5.476046;184;0;6;401;410;58.24;126.59;;;
37.101266;-5.475874;185;0;5;402;409;58.26;126.57;;;
37.101383;-5.475703;186;0;5;403;408;58.28;126.55;;;
37.101496;-5.475527;187;0;5;404;407;58.3;126.53;;;
37.101609;-5.475351;188;0;5;405;406;58.32;126.51;;;
37.101721;-5.475175;189;0;5;406;405;58.34;126.49;;;
37.101853;-5.475026;190;0;5;407;404;58.36;126.47;;;
37.102001;-5.474898;191;0;5;408;403;58.38;126.45;;;
37.102149;-5.474769;192;0;5;410;401;58.4;126.43;;;
37.102314;-5.474679;193;0;5;410;401;58.42;126.41;;;
37.102479;-5.474589;194;0;5;411;400;58.44;126.39;;;
37.102643;-5.474498;195;0;5;412;399;58.46;126.37;;;
37.102808;-5.474408;196;0;5;413;398;58.48;126.35;;;
37.102973;-5.474318;197;0;5;414;397;58.5;126.33;;;
37.103138;-5.474228;197;0;5;415;396;58.52;126.31;;;
37.103302;-5.474137;198;0;5;416;395;58.54;126.29;;;
37.103458;-5.474024;200;0;5;417;394;58.56;126.27;;;
37.103614;-5.473910;201;0;5;418;393;58.58;126.25;;;
37.103757;-5.473775;202;0;5;419;392;58.6;126.23;;;
37.103900;-5.473638;203;0;5;420;391;58.62;126.21;;;
37.104042;-5.473500;204;0;5;421;390;58.64;126.19;;;
37.104184;-5.473361;205;0;4;422;389;58.66;126.17;;;
37.104330;-5.473229;205;0;4;423;388;58.68;126.15;;;
37.104482;-5.473110;206;0;4;424;387;58.7;126.13;;;
37.104635;-5.472990;207;0;4;424;387;58.72;126.11;;;
37.104787;-5.472870;208;0;4;425;386;58.74;126.09;;;
37.104940;-5.472751;209;0;4;426;385;58.76;126.07;;;
37.105092;-5.472630;209;0;4;427;384;58.78;126.05;;;
37.105255;-5.472535;210;0;3;427;384;58.8;126.03;;;
37.105419;-5.472445;211;0;3;428;383;58.82;126.01;;;
37.105584;-5.472355;212;0;3;429;382;58.84;125.99;;;
37.105749;-5.472264;212;0;3;429;382;58.86;125.97;;;
37.105927;-5.472231;213;0;3;430;381;58.88;125.95;;;
37.106106;-5.472214;213;0;2;430;381;58.9;125.93;;;
37.106285;-5.472204;214;0;2;431;380;58.92;125.91;;;
37.106465;-5.472194;214;0;2;431;380;58.94;125.89;;;
37.106644;-5.472170;214;0;2;432;379;58.96;125.87;;;
37.106820;-5.472129;215;0;2;432;379;58.98;125.85;;;
37.106989;-5.472052;215;0;1;432;379;59;125.83;;;
37.107158;-5.471974;215;0;1;433;378;59.02;125.81;;;
37.107327;-5.471896;216;0;1;433;378;59.04;125.79;;;
37.107496;-5.471818;216;0;1;433;378;59.06;125.77;;;
37.107664;-5.471741;216;0;1;433;378;59.08;125.75;;;
37.107832;-5.471659;216;0;1;433;378;59.1;125.73;;;
37.107982;-5.471535;216;0;0;433;378;59.12;125.71;;;
37.108132;-5.471410;216;0;0;433;378;59.14;125.69;;;
37.108274;-5.471274;216;0;0;434;377;59.16;125.67;;;
37.108404;-5.471117;216;0;0;434;377;59.18;125.65;;;
37.108533;-5.470961;216;0;0;434;377;59.2;125.63;;;
37.108657;-5.470797;216;0;-1;434;377;59.22;125.61;;;
37.108778;-5.470631;216;0;-1;434;377;59.24;125.59;;;
37.108917;-5.470488;216;0;-1;434;377;59.26;125.57;;;
37.109060;-5.470352;215;0;-1;434;377;59.28;125.55;;;
37.109203;-5.470215;215;0;-2;434;377;59.3;125.53;;;
37.109347;-5.470080;215;0;-2;434;377;59.32;125.51;;;
37.109491;-5.469944;214;0;-2;434;377;59.34;125.49;;;
37.109638;-5.469816;214;0;-2;434;377;59.36;125.47;;;
37.109792;-5.469698;213;0;-2;434;377;59.38;125.45;;;
37.109948;-5.469587;213;0;-2;434;377;59.4;125.43;;;
37.110119;-5.469517;212;0;-3;434;377;59.42;125.41;;;
37.110289;-5.469446;212;0;-3;434;377;59.44;125.39;;;
37.110463;-5.469387;211;0;-2;434;377;59.46;125.37;;;
37.110637;-5.469331;211;0;-2;434;377;59.48;125.35;;;
37.110810;-5.469272;210;0;-2;434;377;59.5;125.33;;;
37.110969;-5.469165;210;0;-2;434;377;59.52;125.31;;;
37.111127;-5.469058;209;0;-2;434;377;59.54;125.29;;;
37.111284;-5.468948;209;0;-2;434;377;59.56;125.27;;;
37.111432;-5.468819;208;0;-2;434;377;59.58;125.25;;;
37.111579;-5.468690;208;0;-2;434;377;59.6;125.23;;;
37.111709;-5.468537;207;0;-2;434;377;59.62;125.21;;;
37.111821;-5.468362;207;0;-2;434;377;59.64;125.19;;;
37.111887;-5.468151;207;0;-2;434;377;59.66;125.17;;;
37.111952;-5.467941;206;0;-2;434;377;59.68;125.15;;;
37.112018;-5.467731;206;0;-2;434;377;59.7;125.13;;;
37.112083;-5.467521;205;0;-3;434;377;59.72;125.11;;;
37.112152;-5.467313;205;0;-3;434;377;59.74;125.09;;;
37.112247;-5.467122;204;0;-3;434;377;59.76;125.07;;;
37.112352;-5.466939;204;0;-3;434;377;59.78;125.05;;;
37.112461;-5.466760;203;0;-3;434;377;59.8;125.03;;;
37.112557;-5.466571;202;0;-3;434;377;59.82;125.01;;;
37.112630;-5.466365;202;0;-3;434;377;59.84;124.99;;;
37.112703;-5.466158;201;0;-3;434;377;59.86;124.97;;;
37.112785;-5.465959;201;0;-2;434;377;59.88;124.95;;;
37.112899;-5.465785;200;0;-2;434;377;59.9;124.93;;;
37.113012;-5.465609;200;0;-2;434;377;59.92;124.91;;;
37.113150;-5.465465;199;0;-2;434;377;59.94;124.89;;;
37.113290;-5.465323;199;0;-2;434;377;59.96;124.87;;;
37.113429;-5.465180;199;0;-2;434;377;59.98;124.85;;;
37.113568;-5.465038;199;0;-2;434;377;60;124.83;;;
37.113708;-5.464896;198;0;-1;434;377;60.02;124.81;;;
37.113847;-5.464753;198;0;-1;434;377;60.04;124.79;;;
37.113987;-5.464610;198;0;-1;434;377;60.06;124.77;;;
37.114126;-5.464468;197;0;-1;434;377;60.08;124.75;;;
37.114266;-5.464326;197;0;-1;434;377;60.1;124.73;;;
37.114406;-5.464184;197;0;-1;434;377;60.12;124.71;;;
37.114533;-5.464026;197;0;-1;434;377;60.14;124.69;;;
37.114650;-5.463854;196;0;-1;434;377;60.16;124.67;;;
37.114767;-5.463683;196;0;-1;434;377;60.18;124.65;;;
37.114883;-5.463511;196;0;0;434;377;60.2;124.63;;;
37.115004;-5.463345;196;0;0;434;377;60.22;124.61;;;
37.115146;-5.463206;196;0;0;434;377;60.24;124.59;;;
37.115288;-5.463067;196;0;1;434;377;60.26;124.57;;;
37.115439;-5.462948;196;0;1;434;377;60.28;124.55;;;
37.115614;-5.462952;197;0;1;434;377;60.3;124.53;14;;
37.115783;-5.462885;197;0;1;434;377;60.32;124.51;;;
37.115931;-5.462761;197;0;2;435;376;60.34;124.49;;;
37.116109;-5.462732;198;0;2;435;376;60.36;124.47;;;
37.116284;-5.462782;198;0;2;435;376;60.38;124.45;;;
37.116454;-5.462852;199;0;2;436;375;60.4;124.43;;;
37.116618;-5.462945;199;0;2;436;375;60.42;124.41;;;
37.116777;-5.463048;199;0;2;437;374;60.44;124.39;;;
37.116915;-5.463192;200;0;2;437;374;60.46;124.37;;;
37.117053;-5.463336;200;0;2;438;373;60.48;124.35;;;
37.117192;-5.463481;201;0;2;438;373;60.5;124.33;;;
37.117326;-5.463631;201;0;2;438;373;60.52;124.31;;;
37.117459;-5.463783;202;0;2;439;372;60.54;124.29;;;
37.117592;-5.463935;202;0;2;439;372;60.56;124.27;;;
37.117725;-5.464087;203;0;3;440;371;60.58;124.25;;;
37.117858;-5.464239;203;0;3;440;371;60.6;124.23;;;
37.117991;-5.464391;204;0;3;441;370;60.62;124.21;;;
37.118136;-5.464520;204;0;4;441;370;60.64;124.19;;;
37.118295;-5.464626;205;0;6;442;369;60.66;124.17;;;
37.118454;-5.464732;205;0;6;443;368;60.68;124.15;;;
37.118628;-5.464779;207;0;6;444;367;60.7;124.13;;;
37.118799;-5.464727;210;0;6;447;364;60.72;124.11;;;
37.118956;-5.464825;212;0;6;449;362;60.74;124.09;;;
37.119129;-5.464873;213;0;6;450;361;60.76;124.07;;;
37.119309;-5.464874;213;0;6;451;360;60.78;124.05;;;
37.119484;-5.464831;214;0;4;451;360;60.8;124.03;;;
37.119656;-5.464767;214;0;3;452;359;60.82;124.01;;;
37.119829;-5.464702;215;0;3;452;359;60.84;123.99;;;
37.119994;-5.464615;216;0;3;453;358;60.86;123.97;;;
37.120145;-5.464494;216;0;3;454;357;60.88;123.95;;;
37.120292;-5.464364;217;0;3;454;357;60.9;123.93;;;
37.120430;-5.464219;217;0;3;455;356;60.92;123.91;;;
37.120568;-5.464074;218;0;3;455;356;60.94;123.89;;;
37.120706;-5.463929;218;0;3;456;355;60.96;123.87;;;
37.120845;-5.463786;219;0;4;456;355;60.98;123.85;;;
37.120984;-5.463644;219;0;3;457;354;61;123.83;;;
37.121159;-5.463629;221;0;3;458;353;61.02;123.81;;;
37.121308;-5.463753;222;0;3;459;352;61.04;123.79;;;
37.121341;-5.463969;222;0;3;460;351;61.06;123.77;;;
37.121354;-5.464194;223;0;2;460;351;61.08;123.75;;;
37.121366;-5.464419;223;0;1;460;351;61.1;123.73;;;
37.121378;-5.464644;223;0;1;460;351;61.12;123.71;;;
37.121391;-5.464869;223;0;1;460;351;61.14;123.69;;;
37.121404;-5.465094;223;0;0;461;350;61.16;123.67;;;
37.121417;-5.465319;223;0;0;461;350;61.18;123.65;;;
37.121429;-5.465544;223;0;0;461;350;61.2;123.63;;;
37.121446;-5.465769;223;0;0;461;350;61.22;123.61;;;
37.121463;-5.465993;223;0;0;461;350;61.24;123.59;;;
37.121484;-5.466217;223;0;-1;461;350;61.26;123.57;;;
37.121558;-5.466418;223;0;-1;461;350;61.28;123.55;;;
37.121612;-5.466632;223;0;-1;461;350;61.3;123.53;;;
37.121610;-5.466857;223;0;-1;461;350;61.32;123.51;;;
37.121568;-5.467072;222;0;-2;461;350;61.34;123.49;;;
37.121530;-5.467292;222;0;-2;461;350;61.36;123.47;;;
37.121510;-5.467515;222;0;-2;461;350;61.38;123.45;;;
37.121510;-5.467741;221;0;-2;461;350;61.4;123.43;;;
37.121509;-5.467967;221;0;-3;461;350;61.42;123.41;;;
37.121489;-5.468191;220;0;-3;461;350;61.44;123.39;;;
37.121468;-5.468415;219;0;-3;461;350;61.46;123.37;;;
37.121426;-5.468634;219;0;-3;461;350;61.48;123.35;;;
37.121371;-5.468849;218;0;-3;461;350;61.5;123.33;;;
37.121314;-5.469063;218;0;-3;461;350;61.52;123.31;;;
37.121256;-5.469276;217;0;-3;461;350;61.54;123.29;;;
37.121199;-5.469490;216;0;-3;461;350;61.56;123.27;;;
37.121142;-5.469704;216;0;-3;461;350;61.58;123.25;;;
37.121113;-5.469925;215;0;-3;461;350;61.6;123.23;;;
37.121103;-5.470150;215;0;-3;461;350;61.62;123.21;;;
37.121092;-5.470375;214;0;-3;461;350;61.64;123.19;;;
37.121081;-5.470600;213;0;-3;461;350;61.66;123.17;;;
37.121070;-5.470825;213;0;-3;461;350;61.68;123.15;;;
37.121028;-5.471044;212;0;-3;461;350;61.7;123.13;;;
37.120983;-5.471263;211;0;-3;461;350;61.72;123.11;;;
37.120925;-5.471476;211;0;-3;461;350;61.74;123.09;;;
37.120862;-5.471687;210;0;-3;461;350;61.76;123.07;;;
37.120798;-5.471898;209;0;-3;461;350;61.78;123.05;;;
37.120735;-5.472109;209;0;-3;461;350;61.8;123.03;;;
37.120672;-5.472321;208;0;-3;461;350;61.82;123.01;;;
37.120608;-5.472532;207;0;-3;461;350;61.84;122.99;;;
37.120568;-5.472750;207;0;-3;461;350;61.86;122.97;;;
37.120549;-5.472974;206;0;-3;461;350;61.88;122.95;;;
37.120529;-5.473198;205;0;-3;461;350;61.9;122.93;;;
37.120507;-5.473422;205;0;-3;461;350;61.92;122.91;;;
37.120483;-5.473645;204;0;-3;461;350;61.94;122.89;;;
37.120458;-5.473869;204;0;-3;461;350;61.96;122.87;;;
37.120434;-5.474092;203;0;-3;461;350;61.98;122.85;;;
37.120410;-5.474316;203;0;-3;461;350;62;122.83;;;
37.120385;-5.474539;202;0;-3;461;350;62.02;122.81;;;
37.120361;-5.474763;202;0;-3;461;350;62.04;122.79;;;
37.120359;-5.474987;201;0;-3;461;350;62.06;122.77;;;
37.120379;-5.475211;200;0;-3;461;350;62.08;122.75;;;
37.120398;-5.475435;200;0;-3;461;350;62.1;122.73;;;
37.120416;-5.475660;199;0;-3;461;350;62.12;122.71;;;
37.120435;-5.475884;199;0;-3;461;350;62.14;122.69;;;
37.120454;-5.476108;198;0;-3;461;350;62.16;122.67;;;
37.120473;-5.476333;198;0;-3;461;350;62.18;122.65;;;
37.120492;-5.476557;197;0;-3;461;350;62.2;122.63;;;
37.120510;-5.476781;197;0;-3;461;350;62.22;122.61;;;
37.120529;-5.477006;196;0;-2;461;350;62.24;122.59;;;
37.120548;-5.477230;196;0;-2;461;350;62.26;122.57;;;
37.120567;-5.477454;195;0;-2;461;350;62.28;122.55;;;
37.120586;-5.477679;195;0;-2;461;350;62.3;122.53;;;
37.120605;-5.477903;194;0;-2;461;350;62.32;122.51;;;
37.120616;-5.478128;194;0;-2;461;350;62.34;122.49;;;
37.120603;-5.478353;193;0;-2;461;350;62.36;122.47;;;
37.120590;-5.478577;193;0;-2;461;350;62.38;122.45;;;
37.120577;-5.478802;193;0;-2;461;350;62.4;122.43;;;
37.120564;-5.479027;192;0;-2;461;350;62.42;122.41;;;
37.120551;-5.479252;192;0;-2;461;350;62.44;122.39;;;
37.120537;-5.479477;191;0;-2;461;350;62.46;122.37;;;
37.120519;-5.479702;191;0;-2;461;350;62.48;122.35;;;
37.120501;-5.479926;191;0;-2;461;350;62.5;122.33;;;
37.120482;-5.480151;190;0;-2;461;350;62.52;122.31;;;
37.120464;-5.480375;190;0;-1;461;350;62.54;122.29;;;
37.120445;-5.480599;190;0;-1;461;350;62.56;122.27;;;
37.120427;-5.480824;189;0;-1;461;350;62.58;122.25;;;
37.120409;-5.481048;189;0;-1;461;350;62.6;122.23;;;
37.120391;-5.481273;189;0;-1;461;350;62.62;122.21;;;
37.120373;-5.481497;189;0;-1;461;350;62.64;122.19;;;
37.120355;-5.481721;188;0;-1;461;350;62.66;122.17;;;
37.120336;-5.481946;188;0;-1;461;350;62.68;122.15;;;
37.120318;-5.482170;188;0;-1;461;350;62.7;122.13;;;
37.120300;-5.482395;188;0;-1;461;350;62.72;122.11;;;
37.120281;-5.482619;187;0;-1;461;350;62.74;122.09;;;
37.120263;-5.482843;187;0;-1;461;350;62.76;122.07;;;
37.120245;-5.483068;187;0;-1;461;350;62.78;122.05;;;
37.120227;-5.483292;187;0;-1;461;350;62.8;122.03;;;
37.120209;-5.483517;186;0;-1;461;350;62.82;122.01;;;
37.120190;-5.483741;186;0;-1;461;350;62.84;121.99;;;
37.120169;-5.483965;186;0;-1;461;350;62.86;121.97;;;
37.120148;-5.484189;186;0;-1;461;350;62.88;121.95;;;
37.120127;-5.484413;185;0;-1;461;350;62.9;121.93;;;
37.120106;-5.484637;185;0;-1;461;350;62.92;121.91;;;
37.120084;-5.484861;185;0;-1;461;350;62.94;121.89;;;
37.120063;-5.485085;185;0;-1;461;350;62.96;121.87;;;
37.120042;-5.485309;184;0;-1;461;350;62.98;121.85;;;
37.120031;-5.485534;184;0;-1;461;350;63;121.83;;;
37.120021;-5.485759;184;0;-1;461;350;63.02;121.81;;;
37.120012;-5.485985;184;0;-1;461;350;63.04;121.79;;;
37.120018;-5.486210;184;0;-1;461;350;63.06;121.77;;;
37.120030;-5.486435;183;0;-1;461;350;63.08;121.75;;;
37.120051;-5.486658;183;0;-1;461;350;63.1;121.73;;;
37.120090;-5.486879;183;0;-1;461;350;63.12;121.71;;;
37.120141;-5.487094;182;0;-1;461;350;63.14;121.69;;;
37.120204;-5.487305;182;0;-1;461;350;63.16;121.67;;;
37.120268;-5.487516;182;0;-1;461;350;63.18;121.65;;;
37.120339;-5.487723;182;0;-1;461;350;63.2;121.63;;;
37.120410;-5.487931;181;0;-1;461;350;63.22;121.61;;;
37.120480;-5.488138;181;0;-1;461;350;63.24;121.59;;;
37.120551;-5.488346;181;0;-1;461;350;63.26;121.57;;;
37.120622;-5.488553;181;0;-1;461;350;63.28;121.55;;;
37.120693;-5.488761;181;0;-1;461;350;63.3;121.53;;;
37.120749;-5.488974;180;0;-1;461;350;63.32;121.51;;;
37.120801;-5.489190;180;0;-1;461;350;63.34;121.49;;;
37.120852;-5.489407;180;0;-1;461;350;63.36;121.47;;;
37.120903;-5.489623;180;0;-1;461;350;63.38;121.45;;;
37.120944;-5.489842;179;0;-1;461;350;63.4;121.43;;;
37.120981;-5.490063;179;0;-1;461;350;63.42;121.41;;;
37.121017;-5.490284;179;0;-1;461;350;63.44;121.39;;;
37.121053;-5.490505;179;0;-1;461;350;63.46;121.37;;;
37.121089;-5.490726;179;0;-1;461;350;63.48;121.35;;;
37.121126;-5.490947;178;0;-1;461;350;63.5;121.33;;;
37.121161;-5.491168;178;0;-1;461;350;63.52;121.31;;;
37.121198;-5.491389;178;0;-1;461;350;63.54;121.29;;;
37.121252;-5.491604;178;0;-1;461;350;63.56;121.27;;;
37.121314;-5.491815;177;0;-1;461;350;63.58;121.25;;;
37.121375;-5.492027;177;0;-1;461;350;63.6;121.23;;;
37.121444;-5.492236;177;0;-1;461;350;63.62;121.21;;;
37.121517;-5.492442;177;0;-1;461;350;63.64;121.19;;;
37.121590;-5.492648;176;0;-1;461;350;63.66;121.17;;;
37.121663;-5.492854;176;0;-1;461;350;63.68;121.15;;;
37.121737;-5.493060;176;0;-1;461;350;63.7;121.13;;;
37.121810;-5.493266;176;0;-1;461;350;63.72;121.11;;;
37.121883;-5.493472;175;0;-1;461;350;63.74;121.09;;;
37.121956;-5.493678;175;0;-1;461;350;63.76;121.07;;;
37.122029;-5.493884;175;0;-1;461;350;63.78;121.05;;;
37.122103;-5.494090;175;0;-1;461;350;63.8;121.03;;;
37.122176;-5.494296;175;0;-1;461;350;63.82;121.01;;;
37.122249;-5.494503;175;0;-1;461;350;63.84;120.99;;;
37.122322;-5.494709;174;0;-1;461;350;63.86;120.97;;;
37.122360;-5.494928;174;0;-1;461;350;63.88;120.95;;;
37.122392;-5.495150;174;0;-1;461;350;63.9;120.93;;;
37.122411;-5.495375;174;0;-1;461;350;63.92;120.91;;;
37.122428;-5.495599;174;0;-1;461;350;63.94;120.89;;;
37.122446;-5.495824;174;0;-1;461;350;63.96;120.87;;;
37.122463;-5.496048;173;0;-1;461;350;63.98;120.85;;;
37.122482;-5.496273;173;0;-1;461;350;64;120.83;;;
37.122499;-5.496497;173;0;-1;461;350;64.02;120.81;;;
37.122532;-5.496946;173;0;0;461;350;64.06;120.77;;;
37.122542;-5.497172;173;0;-1;461;350;64.08;120.75;;;
37.122561;-5.497622;173;0;0;461;350;64.12;120.71;;;
37.122571;-5.497847;173;0;0;461;350;64.14;120.69;;;
37.122581;-5.498073;172;0;-1;461;350;64.16;120.67;;;
37.122600;-5.498523;172;0;-1;461;350;64.2;120.63;;;
37.122610;-5.498748;172;0;-1;461;350;64.22;120.61;;;
37.122606;-5.499423;172;0;-1;461;350;64.28;120.55;;;
37.122586;-5.499647;172;0;-1;461;350;64.3;120.53;;;
37.122525;-5.500091;171;0;-1;461;350;64.34;120.49;;;
37.122487;-5.500312;171;0;-1;461;350;64.36;120.47;;;
37.122449;-5.500532;171;0;-1;461;350;64.38;120.45;;;
37.122374;-5.500973;171;0;-1;461;350;64.42;120.41;;;
37.122337;-5.501194;171;0;-1;461;350;64.44;120.39;;;
37.122242;-5.501629;170;0;-1;461;350;64.48;120.35;;;
37.122193;-5.501846;170;0;-1;461;350;64.5;120.33;;;
37.122144;-5.502063;170;0;-1;461;350;64.52;120.31;;;
37.122047;-5.502497;170;0;-1;461;350;64.56;120.27;;;
37.121992;-5.502712;169;0;-1;461;350;64.58;120.25;;;
37.121870;-5.503137;169;0;-1;461;350;64.62;120.21;;;
37.121810;-5.503349;169;0;-1;461;350;64.64;120.19;;;
37.121749;-5.503562;169;0;-1;461;350;64.66;120.17;;;
37.121613;-5.503979;168;0;-1;461;350;64.7;120.13;;;
37.121542;-5.504186;168;0;-1;461;350;64.72;120.11;;;
37.121328;-5.504808;167;0;-1;461;350;64.78;120.05;;;
37.121257;-5.505015;167;0;-1;461;350;64.8;120.03;;;
37.121114;-5.505429;166;0;-1;461;350;64.84;119.99;;;
37.121043;-5.505636;166;0;-1;461;350;64.86;119.97;;;
37.120972;-5.505843;166;0;-1;461;350;64.88;119.95;;;
37.120828;-5.506257;165;0;-2;461;350;64.92;119.91;;;
37.120758;-5.506464;165;0;-2;461;350;64.94;119.89;;;
37.120615;-5.506878;164;0;-2;461;350;64.98;119.85;;;
37.120543;-5.507085;164;0;-2;461;350;65;119.83;;;
37.120462;-5.507286;163;0;-2;461;350;65.02;119.81;;;
37.120299;-5.507689;163;0;-2;461;350;65.06;119.77;;;
37.120217;-5.507890;162;0;-2;461;350;65.08;119.75;;;
37.120056;-5.508293;162;0;-2;461;350;65.12;119.71;;;
37.119975;-5.508494;161;0;-2;461;350;65.14;119.69;;;
37.119893;-5.508695;161;0;-2;461;350;65.16;119.67;;;
37.119731;-5.509098;160;0;-2;461;350;65.2;119.63;;;
37.119650;-5.509299;160;0;-2;461;350;65.22;119.61;;;
37.119407;-5.509903;158;0;-2;461;350;65.28;119.55;;;
37.119326;-5.510105;158;0;-2;461;350;65.3;119.53;;;
37.119174;-5.510513;157;0;-2;461;350;65.34;119.49;;;
37.119104;-5.510721;157;0;-2;461;350;65.36;119.47;;;
37.119034;-5.510929;157;0;-2;461;350;65.38;119.45;;;
37.118894;-5.511345;156;0;-2;461;350;65.42;119.41;;;
37.118824;-5.511553;156;0;-2;461;350;65.44;119.39;;;
37.118684;-5.511968;155;0;-2;461;350;65.48;119.35;;;
37.118614;-5.512176;154;0;-2;461;350;65.5;119.33;;;
37.118548;-5.512385;154;0;-2;461;350;65.52;119.31;;;
37.118445;-5.512818;153;0;-2;461;350;65.56;119.27;;;
37.118393;-5.513034;153;0;-2;461;350;65.58;119.25;;;
37.118290;-5.513466;152;0;-2;461;350;65.62;119.21;;;
37.118239;-5.513682;152;0;-2;461;350;65.64;119.19;;;
37.118188;-5.513898;152;0;-2;461;350;65.66;119.17;;;
37.118086;-5.514331;151;0;-2;461;350;65.7;119.13;;;
37.118059;-5.514554;150;0;-2;461;350;65.72;119.11;;;
37.117974;-5.515222;149;0;-2;461;350;65.78;119.05;;;
37.117946;-5.515445;149;0;-2;461;350;65.8;119.03;;;
37.117898;-5.515892;148;0;-2;461;350;65.84;118.99;;;
37.117877;-5.516116;148;0;-2;461;350;65.86;118.97;;;
37.117856;-5.516340;148;0;-2;461;350;65.88;118.95;;;
37.117815;-5.516788;147;0;-2;461;350;65.92;118.91;;;
37.117794;-5.517012;146;0;-2;461;350;65.94;118.89;;;
37.117752;-5.517460;146;0;-2;461;350;65.98;118.85;;;
37.117732;-5.517684;145;0;-2;461;350;66;118.83;;;
37.117711;-5.517908;145;0;-2;461;350;66.02;118.81;;;
37.117669;-5.518356;144;0;-2;461;350;66.06;118.77;;;
37.117649;-5.518581;144;0;-2;461;350;66.08;118.75;;;
37.117607;-5.519029;143;0;-2;461;350;66.12;118.71;;;
37.117610;-5.519253;143;0;-2;461;350;66.14;118.69;;;
37.117626;-5.519478;142;0;-2;461;350;66.16;118.67;;;
37.117659;-5.519927;142;0;-2;461;350;66.2;118.63;;;
37.117686;-5.520149;141;0;-2;461;350;66.22;118.61;;;
37.117826;-5.520803;140;0;-2;461;350;66.28;118.55;;;
37.117872;-5.521021;140;0;-2;461;350;66.3;118.53;;;
37.117972;-5.521454;139;0;-2;461;350;66.34;118.49;;;
37.118034;-5.521665;138;0;-2;461;350;66.36;118.47;;;
37.118110;-5.521870;138;0;-2;461;350;66.38;118.45;;;
37.118261;-5.522279;137;0;-2;461;350;66.42;118.41;;;
37.118336;-5.522484;137;0;-2;461;350;66.44;118.39;;;
37.118487;-5.522893;136;0;-2;461;350;66.48;118.35;;;
37.118563;-5.523098;136;0;-2;461;350;66.5;118.33;;;
37.118638;-5.523303;136;0;-2;461;350;66.52;118.31;;;
37.118789;-5.523712;135;0;-2;461;350;66.56;118.27;;;
37.118864;-5.523917;134;0;-2;461;350;66.58;118.25;;;
37.119015;-5.524327;134;0;-2;461;350;66.62;118.21;;;
37.119091;-5.524532;134;0;-2;461;350;66.64;118.19;;;
37.119166;-5.524736;133;0;-2;461;350;66.66;118.17;;;
37.119317;-5.525146;132;0;-2;461;350;66.7;118.13;;;
37.119392;-5.525351;132;0;-2;461;350;66.72;118.11;;;
37.119619;-5.525965;131;0;-2;461;350;66.78;118.05;;;
37.119695;-5.526169;131;0;-2;461;350;66.8;118.03;;;
37.119846;-5.526579;130;0;-2;461;350;66.84;117.99;;;
37.119921;-5.526784;130;0;-2;461;350;66.86;117.97;;;
37.119996;-5.526988;130;0;-1;461;350;66.88;117.95;;;
37.120148;-5.527398;129;0;-1;461;350;66.92;117.91;;;
37.120223;-5.527603;129;0;-1;461;350;66.94;117.89;;;
37.120374;-5.528012;128;0;-1;461;350;66.98;117.85;;;
37.120449;-5.528217;128;0;-1;461;350;67;117.83;;;
37.120525;-5.528422;128;0;-1;461;350;67.02;117.81;;;
37.120676;-5.528831;127;0;-1;461;350;67.06;117.77;;;
37.120751;-5.529036;127;0;-1;461;350;67.08;117.75;;;
37.120902;-5.529446;126;0;-1;461;350;67.12;117.71;;;
37.120977;-5.529650;126;0;-1;461;350;67.14;117.69;;;
37.121053;-5.529855;126;0;-1;461;350;67.16;117.67;;;
37.121204;-5.530265;125;0;-1;461;350;67.2;117.63;;;
37.121279;-5.530470;125;0;-1;461;350;67.22;117.61;;;
37.121505;-5.531084;124;0;-1;461;350;67.28;117.55;;;
37.121581;-5.531289;124;0;-1;461;350;67.3;117.53;;;
37.121732;-5.531698;124;0;-1;461;350;67.34;117.49;;;
37.121808;-5.531903;123;0;-1;461;350;67.36;117.47;;;
37.121883;-5.532107;123;0;-1;461;350;67.38;117.45;;;
37.122029;-5.532520;123;0;-1;461;350;67.42;117.41;;;
37.122101;-5.532727;122;0;-1;461;350;67.44;117.39;;;
37.122244;-5.533140;122;0;-1;461;350;67.48;117.35;;;
37.122321;-5.533344;122;0;-1;461;350;67.5;117.33;;;
37.122398;-5.533548;122;0;-1;461;350;67.52;117.31;;;
37.122551;-5.533957;121;0;-1;461;350;67.56;117.27;;;
37.122627;-5.534161;121;0;-1;461;350;67.58;117.25;;;
37.122780;-5.534569;120;0;-1;461;350;67.62;117.21;;;
37.122857;-5.534773;120;0;-1;461;350;67.64;117.19;;;
37.122934;-5.534977;120;0;-1;461;350;67.66;117.17;;;
37.123087;-5.535386;120;0;-1;461;350;67.7;117.13;;;
37.123163;-5.535590;120;0;-1;461;350;67.72;117.11;;;
37.123393;-5.536202;119;0;-1;461;350;67.78;117.05;;;
37.123469;-5.536406;119;0;-1;461;350;67.8;117.03;;;
37.123622;-5.536814;119;0;-1;461;350;67.84;116.99;;;
37.123699;-5.537019;118;0;-1;461;350;67.86;116.97;;;
37.123776;-5.537223;118;0;-1;461;350;67.88;116.95;;;
37.123929;-5.537631;118;0;-1;461;350;67.92;116.91;;;
37.124005;-5.537835;118;0;-1;461;350;67.94;116.89;;;
37.124158;-5.538243;117;0;-1;461;350;67.98;116.85;;;
37.124235;-5.538448;117;0;-1;461;350;68;116.83;;;
37.124311;-5.538652;117;0;-1;461;350;68.02;116.81;;;
37.124464;-5.539060;117;0;-1;461;350;68.06;116.77;;;
37.124544;-5.539262;117;0;-1;461;350;68.08;116.75;;;
37.124711;-5.539662;116;0;-1;461;350;68.12;116.71;;;
37.124794;-5.539862;116;0;-1;461;350;68.14;116.69;;;
37.124878;-5.540062;116;0;-1;461;350;68.16;116.67;;;
37.125033;-5.540469;116;0;-1;461;350;68.2;116.63;;;
37.125110;-5.540673;116;0;-1;461;350;68.22;116.61;;;
37.125341;-5.541284;115;0;-1;461;350;68.28;116.55;;;
37.125418;-5.541488;115;0;-1;461;350;68.3;116.53;;;
37.125558;-5.541903;115;0;-1;461;350;68.34;116.49;;;
37.125626;-5.542112;115;0;0;461;350;68.36;116.47;;;
37.125694;-5.542321;115;0;0;461;350;68.38;116.45;;;
37.125839;-5.542734;115;0;-1;461;350;68.42;116.41;;;
37.125915;-5.542939;114;0;-1;461;350;68.44;116.39;;;
37.126067;-5.543347;114;0;-1;461;350;68.48;116.35;;;
37.126142;-5.543552;114;0;-1;461;350;68.5;116.33;;;
37.126218;-5.543757;114;0;-1;461;350;68.52;116.31;;;
37.126370;-5.544165;114;0;0;461;350;68.56;116.27;;;
37.126446;-5.544370;114;0;0;461;350;68.58;116.25;;;
37.126598;-5.544779;114;0;0;461;350;68.62;116.21;;;
37.126674;-5.544983;113;0;0;461;350;68.64;116.19;;;
37.126750;-5.545188;113;0;0;461;350;68.66;116.17;;;
37.126902;-5.545597;113;0;0;461;350;68.7;116.13;;;
37.126978;-5.545801;113;0;0;461;350;68.72;116.11;;;
37.127206;-5.546415;113;0;-1;461;350;68.78;116.05;;;
37.127282;-5.546619;113;0;-1;461;350;68.8;116.03;;;
37.127429;-5.547031;112;0;-1;461;350;68.84;115.99;;;
37.127496;-5.547240;112;0;-1;461;350;68.86;115.97;;;
37.127563;-5.547450;112;0;-1;461;350;68.88;115.95;;;
37.127670;-5.547880;112;0;-1;461;350;68.92;115.91;;;
37.127721;-5.548097;112;0;-1;461;350;68.94;115.89;;;
37.127822;-5.548529;111;0;-1;461;350;68.98;115.85;;;
37.127874;-5.548746;111;0;-1;461;350;69;115.83;;;
37.127925;-5.548962;111;0;-1;461;350;69.02;115.81;;;
37.128027;-5.549395;111;0;-1;461;350;69.06;115.77;;;
37.128078;-5.549611;111;0;-1;461;350;69.08;115.75;;;
37.128181;-5.550043;111;0;-1;461;350;69.12;115.71;;;
37.128232;-5.550260;111;0;-1;461;350;69.14;115.69;;;
37.128282;-5.550476;111;0;-1;461;350;69.16;115.67;;;
37.128385;-5.550908;110;0;-1;461;350;69.2;115.63;;;
37.128436;-5.551125;110;0;-1;461;350;69.22;115.61;;;
37.128589;-5.551774;110;0;-1;461;350;69.28;115.55;;;
37.128641;-5.551990;110;0;0;461;350;69.3;115.53;;;
37.128742;-5.552423;110;0;-1;461;350;69.34;115.49;;;
37.128793;-5.552639;109;0;-1;461;350;69.36;115.47;;;
37.128843;-5.552856;109;0;-1;461;350;69.38;115.45;;;
37.128943;-5.553289;109;0;-1;461;350;69.42;115.41;;;
37.128993;-5.553506;109;0;-1;461;350;69.44;115.39;;;
37.129092;-5.553940;109;0;0;461;350;69.48;115.35;;;
37.129139;-5.554157;109;0;0;461;350;69.5;115.33;;;
37.129179;-5.554377;109;0;0;461;350;69.52;115.31;;;
37.129156;-5.554828;108;0;0;461;350;69.56;115.27;;;
37.129144;-5.555053;108;0;0;461;350;69.58;115.25;;;
37.129121;-5.555503;108;0;0;461;350;69.62;115.21;;;
37.129109;-5.555728;108;0;0;461;350;69.64;115.19;;;
37.129097;-5.555953;108;0;0;461;350;69.66;115.17;;;
37.129074;-5.556404;108;0;0;461;350;69.7;115.13;;;
37.129063;-5.556629;108;0;0;461;350;69.72;115.11;;;
37.129027;-5.557304;108;0;0;461;350;69.78;115.05;;;
37.129016;-5.557529;108;0;0;461;350;69.8;115.03;;;
37.128992;-5.557979;108;0;0;461;350;69.84;114.99;;;
37.128980;-5.558204;108;0;0;461;350;69.86;114.97;;;
37.128936;-5.558423;108;0;0;461;350;69.88;114.95;;;
37.128845;-5.558859;108;0;0;461;350;69.92;114.91;;;
37.128798;-5.559077;108;0;0;461;350;69.94;114.89;;;
37.128707;-5.559514;108;0;0;461;350;69.98;114.85;;;
37.128661;-5.559732;108;0;0;461;350;70;114.83;;;
37.128615;-5.559950;108;0;0;461;350;70.02;114.81;;;
37.128538;-5.560390;108;0;0;461;350;70.06;114.77;;;
37.128519;-5.560614;107;0;0;461;350;70.08;114.75;;;
37.128543;-5.561062;107;0;0;461;350;70.12;114.71;;;
37.128595;-5.561276;107;0;0;461;350;70.14;114.69;;;
37.128662;-5.561485;107;0;0;461;350;70.16;114.67;;;
37.128865;-5.561857;107;0;0;461;350;70.2;114.63;;;
37.128980;-5.562030;107;0;0;461;350;70.22;114.61;;;
37.129344;-5.562530;107;0;0;461;350;70.28;114.55;;;
37.129466;-5.562695;107;0;0;461;350;70.3;114.53;;;
37.129712;-5.563025;107;0;0;461;350;70.34;114.49;;;
37.129834;-5.563190;107;0;0;461;350;70.36;114.47;;;
37.129957;-5.563355;107;0;0;461;350;70.38;114.45;;;
37.130202;-5.563686;106;0;0;461;350;70.42;114.41;;;
37.130324;-5.563851;106;0;0;461;350;70.44;114.39;;;
37.130569;-5.564181;106;0;0;461;350;70.48;114.35;;;
37.130692;-5.564346;106;0;0;461;350;70.5;114.33;;;
37.130814;-5.564511;106;0;0;461;350;70.52;114.31;;;
37.131060;-5.564841;106;0;0;461;350;70.56;114.27;;;
37.131182;-5.565007;106;0;0;461;350;70.58;114.25;;;
37.131427;-5.565337;106;0;0;461;350;70.62;114.21;;;
37.131549;-5.565503;106;0;0;461;350;70.64;114.19;;;
37.131672;-5.565668;106;0;0;461;350;70.66;114.17;;;
37.131917;-5.565998;105;0;0;461;350;70.7;114.13;;;
37.132039;-5.566163;105;0;0;461;350;70.72;114.11;;;
37.132407;-5.566658;105;0;0;461;350;70.78;114.05;;;
37.132530;-5.566824;105;0;0;461;350;70.8;114.03;;;
37.132775;-5.567154;105;0;-1;461;350;70.84;113.99;;;
37.132898;-5.567319;105;0;-1;461;350;70.86;113.97;;;
37.133020;-5.567484;104;0;-1;461;350;70.88;113.95;;;
37.133264;-5.567815;104;0;-1;461;350;70.92;113.91;;;
37.133387;-5.567980;104;0;-1;461;350;70.94;113.89;;;
37.133631;-5.568312;104;0;-1;461;350;70.98;113.85;;;
37.133753;-5.568477;104;0;-1;461;350;71;113.83;;;
37.133875;-5.568643;104;0;-1;461;350;71.02;113.81;;;
37.134120;-5.568974;103;0;-1;461;350;71.06;113.77;;;
37.134242;-5.569140;103;0;-1;461;350;71.08;113.75;;;
37.134486;-5.569471;103;0;-1;461;350;71.12;113.71;;;
37.134608;-5.569636;103;0;-1;461;350;71.14;113.69;;;
37.134730;-5.569802;103;0;-1;461;350;71.16;113.67;;;
37.134975;-5.570133;103;0;-1;461;350;71.2;113.63;;;
37.135097;-5.570298;103;0;-1;461;350;71.22;113.61;;;
37.135464;-5.570795;102;0;-1;461;350;71.28;113.55;;;
37.135586;-5.570961;102;0;-1;461;350;71.3;113.53;;;
37.135830;-5.571292;102;0;-1;461;350;71.34;113.49;;;
37.135953;-5.571457;102;0;-1;461;350;71.36;113.47;;;
37.136075;-5.571623;102;0;-1;461;350;71.38;113.45;;;
37.136319;-5.571954;101;0;-1;461;350;71.42;113.41;;;
37.136441;-5.572120;101;0;-1;461;350;71.44;113.39;;;
37.136685;-5.572452;101;0;-1;461;350;71.48;113.35;;;
37.136807;-5.572617;101;0;-1;461;350;71.5;113.33;;;
37.136930;-5.572782;101;0;0;461;350;71.52;113.31;;;
37.137174;-5.573114;101;0;0;461;350;71.56;113.27;;;
37.137296;-5.573279;100;0;0;461;350;71.58;113.25;;;
37.137543;-5.573608;100;0;-1;461;350;71.62;113.21;;;
37.137649;-5.573790;100;0;0;461;350;71.64;113.19;;;
37.137752;-5.573974;100;0;0;461;350;71.66;113.17;;;
37.137940;-5.574359;100;0;0;461;350;71.7;113.13;;;
37.138032;-5.574553;100;0;0;461;350;71.72;113.11;;;
37.138306;-5.575136;100;0;0;461;350;71.78;113.05;;;
37.138398;-5.575330;100;0;0;461;350;71.8;113.03;;;
37.138582;-5.575718;100;0;0;461;350;71.84;112.99;;;
37.138673;-5.575912;100;0;0;461;350;71.86;112.97;;;
37.138765;-5.576106;99;0;0;461;350;71.88;112.95;;;
37.138948;-5.576495;99;0;0;461;350;71.92;112.91;;;
37.139039;-5.576689;99;0;0;461;350;71.94;112.89;;;
37.139223;-5.577077;99;0;0;461;350;71.98;112.85;;;
37.139314;-5.577271;99;0;0;461;350;72;112.83;;;
37.139406;-5.577465;99;0;0;461;350;72.02;112.81;;;
37.139589;-5.577854;99;0;0;461;350;72.06;112.77;;;
37.139681;-5.578048;99;0;0;461;350;72.08;112.75;;;
37.139864;-5.578436;99;0;0;461;350;72.12;112.71;;;
37.139955;-5.578631;99;0;0;461;350;72.14;112.69;;;
37.140047;-5.578825;99;0;0;461;350;72.16;112.67;;;
37.140230;-5.579213;99;0;0;461;350;72.2;112.63;;;
37.140322;-5.579407;99;0;0;461;350;72.22;112.61;;;
37.140597;-5.579990;99;0;0;461;350;72.28;112.55;;;
37.140688;-5.580184;99;0;0;461;350;72.3;112.53;;;
37.140871;-5.580573;98;0;0;461;350;72.34;112.49;;;
37.140962;-5.580767;98;0;0;461;350;72.36;112.47;;;
37.141054;-5.580961;98;0;0;461;350;72.38;112.45;;;
37.141237;-5.581349;98;0;0;461;350;72.42;112.41;;;
37.141329;-5.581544;98;0;0;461;350;72.44;112.39;;;
37.141512;-5.581932;98;0;0;461;350;72.48;112.35;;;
37.141603;-5.582126;98;0;0;461;350;72.5;112.33;15;;
37.141695;-5.582321;98;0;0;461;350;72.52;112.31;;;
37.141878;-5.582709;98;0;0;461;350;72.56;112.27;;;
37.141969;-5.582904;98;0;0;461;350;72.58;112.25;;;
37.142152;-5.583292;98;0;0;461;350;72.62;112.21;;;
37.142243;-5.583487;98;0;0;461;350;72.64;112.19;;;
37.142334;-5.583681;98;0;0;461;350;72.66;112.17;;;
37.142517;-5.584070;98;0;0;461;350;72.7;112.13;;;
37.142609;-5.584264;98;0;0;461;350;72.72;112.11;;;
37.142883;-5.584847;98;0;0;461;350;72.78;112.05;;;
37.142974;-5.585042;98;0;0;461;350;72.8;112.03;;;
37.143157;-5.585430;98;0;0;461;350;72.84;111.99;;;
37.143248;-5.585625;98;0;0;461;350;72.86;111.97;;;
37.143339;-5.585819;98;0;0;461;350;72.88;111.95;;;
37.143522;-5.586208;98;0;0;461;350;72.92;111.91;;;
37.143613;-5.586402;98;0;0;461;350;72.94;111.89;;;
37.143796;-5.586791;98;0;0;461;350;72.98;111.85;;;
37.143887;-5.586986;97;0;0;461;350;73;111.83;;;
37.143979;-5.587180;97;0;0;461;350;73.02;111.81;;;
37.144161;-5.587569;97;0;0;461;350;73.06;111.77;;;
37.144253;-5.587763;97;0;0;461;350;73.08;111.75;;;
37.144436;-5.588152;97;0;0;461;350;73.12;111.71;;;
37.144527;-5.588346;97;0;0;461;350;73.14;111.69;;;
37.144618;-5.588541;97;0;0;461;350;73.16;111.67;;;
37.144801;-5.588929;97;0;0;461;350;73.2;111.63;;;
37.144892;-5.589124;97;0;0;461;350;73.22;111.61;;;
37.145166;-5.589707;97;0;0;461;350;73.28;111.55;;;
37.145258;-5.589901;96;0;0;461;350;73.3;111.53;;;
37.145441;-5.590290;96;0;0;461;350;73.34;111.49;;;
37.145532;-5.590484;96;0;0;461;350;73.36;111.47;;;
37.145623;-5.590679;96;0;0;461;350;73.38;111.45;;;
37.145806;-5.591067;96;0;0;461;350;73.42;111.41;;;
37.145897;-5.591262;96;0;0;461;350;73.44;111.39;;;
37.146080;-5.591651;96;0;-1;461;350;73.48;111.35;;;
37.146171;-5.591845;96;0;0;461;350;73.5;111.33;;;
37.146263;-5.592039;96;0;0;461;350;73.52;111.31;;;
37.146445;-5.592428;95;0;0;461;350;73.56;111.27;;;
37.146537;-5.592622;95;0;0;461;350;73.58;111.25;;;
37.146719;-5.593011;95;0;0;461;350;73.62;111.21;;;
37.146811;-5.593206;95;0;0;461;350;73.64;111.19;;;
37.146902;-5.593400;95;0;0;461;350;73.66;111.17;;;
37.147085;-5.593789;95;0;0;461;350;73.7;111.13;;;
37.147176;-5.593983;95;0;0;461;350;73.72;111.11;;;
37.147450;-5.594566;94;0;0;461;350;73.78;111.05;;;
37.147541;-5.594761;94;0;0;461;350;73.8;111.03;;;
37.147724;-5.595150;94;0;0;461;350;73.84;110.99;;;
37.147815;-5.595344;94;0;0;461;350;73.86;110.97;;;
37.147907;-5.595538;94;0;0;461;350;73.88;110.95;;;
37.148090;-5.595927;94;0;0;461;350;73.92;110.91;;;
37.148181;-5.596121;94;0;0;461;350;73.94;110.89;;;
37.148363;-5.596510;94;0;0;461;350;73.98;110.85;;;
37.148455;-5.596705;94;0;0;461;350;74;110.83;;;
37.148547;-5.596899;93;0;0;461;350;74.02;110.81;;;
37.148731;-5.597286;93;0;0;461;350;74.06;110.77;;;
37.148823;-5.597480;93;0;0;461;350;74.08;110.75;;;
37.149007;-5.597868;93;0;0;461;350;74.12;110.71;;;
37.149100;-5.598061;93;0;0;461;350;74.14;110.69;;;
37.149192;-5.598255;93;0;0;461;350;74.16;110.67;;;
37.149376;-5.598643;93;0;0;461;350;74.2;110.63;;;
37.149468;-5.598837;93;0;0;461;350;74.22;110.61;;;
37.149744;-5.599418;92;0;0;461;350;74.28;110.55;;;
37.149837;-5.599612;92;0;0;461;350;74.3;110.53;;;
37.150021;-5.599999;92;0;0;461;350;74.34;110.49;;;
37.150113;-5.600193;92;0;0;461;350;74.36;110.47;;;
37.150205;-5.600387;92;0;0;461;350;74.38;110.45;;;
37.150388;-5.600776;92;0;0;461;350;74.42;110.41;;;
37.150477;-5.600972;92;0;0;461;350;74.44;110.39;;;
37.150654;-5.601365;92;0;0;461;350;74.48;110.35;;;
37.150743;-5.601561;92;0;0;461;350;74.5;110.33;;;
37.150819;-5.601765;92;0;0;461;350;74.52;110.31;;;
37.150959;-5.602181;92;0;0;461;350;74.56;110.27;;;
37.151006;-5.602398;92;0;0;461;350;74.58;110.25;;;
37.151089;-5.602837;91;0;0;461;350;74.62;110.21;;;
37.151106;-5.603061;91;0;0;461;350;74.64;110.19;;;
37.151114;-5.603287;91;0;0;461;350;74.66;110.17;;;
37.151127;-5.603737;91;0;0;461;350;74.7;110.13;;;
37.151112;-5.603962;91;0;0;461;350;74.72;110.11;;;
37.151039;-5.604631;91;0;0;461;350;74.78;110.05;;;
37.150993;-5.604849;91;0;0;461;350;74.8;110.03;;;
37.150884;-5.605279;91;0;0;461;350;74.84;109.99;;;
37.150818;-5.605488;91;0;0;461;350;74.86;109.97;;;
37.150736;-5.605689;91;0;0;461;350;74.88;109.95;;;
37.150552;-5.606077;91;0;0;461;350;74.92;109.91;;;
37.150455;-5.606266;91;0;0;461;350;74.94;109.89;;;
37.150258;-5.606645;91;0;0;461;350;74.98;109.85;;;
37.150160;-5.606833;91;0;0;461;350;75;109.83;;;
37.150061;-5.607022;91;0;0;461;350;75.02;109.81;;;
37.149864;-5.607399;91;0;0;461;350;75.06;109.77;;;
37.149765;-5.607588;91;0;0;461;350;75.08;109.75;;;
37.149555;-5.607955;91;0;0;461;350;75.12;109.71;;;
37.149450;-5.608137;90;0;0;461;350;75.14;109.69;;;
37.149343;-5.608319;90;0;0;461;350;75.16;109.67;;;
37.149147;-5.608698;90;0;0;461;350;75.2;109.63;;;
37.149049;-5.608887;90;0;0;461;350;75.22;109.61;;;
37.148755;-5.609455;90;0;0;461;350;75.28;109.55;;;
37.148657;-5.609644;90;0;0;461;350;75.3;109.53;;;
37.148461;-5.610022;90;0;0;461;350;75.34;109.49;;;
37.148362;-5.610210;90;0;0;461;350;75.36;109.47;;;
37.148264;-5.610400;90;0;0;461;350;75.38;109.45;;;
37.148068;-5.610778;90;0;0;461;350;75.42;109.41;;;
37.147970;-5.610967;90;0;0;461;350;75.44;109.39;;;
37.147774;-5.611346;90;0;0;461;350;75.48;109.35;;;
37.147676;-5.611535;90;0;0;461;350;75.5;109.33;;;
37.147578;-5.611724;90;0;0;461;350;75.52;109.31;;;
37.147381;-5.612102;90;0;0;461;350;75.56;109.27;;;
37.147283;-5.612291;90;0;0;461;350;75.58;109.25;;;
37.147088;-5.612670;90;0;0;461;350;75.62;109.21;;;
37.146989;-5.612858;90;0;0;461;350;75.64;109.19;;;
37.146890;-5.613047;90;0;0;461;350;75.66;109.17;;;
37.146694;-5.613426;90;0;0;461;350;75.7;109.13;;;
37.146596;-5.613615;90;0;0;461;350;75.72;109.11;;;
37.146302;-5.614182;90;0;0;461;350;75.78;109.05;;;
37.146204;-5.614372;90;0;0;461;350;75.8;109.03;;;
37.146008;-5.614750;90;0;0;461;350;75.84;108.99;;;
37.145910;-5.614939;90;0;0;461;350;75.86;108.97;;;
37.145812;-5.615128;90;0;0;461;350;75.88;108.95;;;
37.145616;-5.615507;90;0;0;461;350;75.92;108.91;;;
37.145517;-5.615695;90;0;0;461;350;75.94;108.89;;;
37.145321;-5.616073;90;0;0;461;350;75.98;108.85;;;
37.145223;-5.616263;90;0;0;461;350;76;108.83;;;
37.145125;-5.616452;90;0;0;461;350;76.02;108.81;;;
37.144928;-5.616830;90;0;0;461;350;76.06;108.77;;;
37.144830;-5.617019;89;0;0;461;350;76.08;108.75;;;
37.144634;-5.617398;89;0;0;461;350;76.12;108.71;;;
37.144536;-5.617587;89;0;0;461;350;76.14;108.69;;;
37.144435;-5.617773;89;0;0;461;350;76.16;108.67;;;
37.144240;-5.618151;89;0;0;461;350;76.2;108.63;;;
37.144142;-5.618341;89;0;0;461;350;76.22;108.61;;;
37.143849;-5.618909;89;0;0;461;350;76.28;108.55;;;
37.143751;-5.619099;89;0;0;461;350;76.3;108.53;;;
37.143556;-5.619478;89;0;0;461;350;76.34;108.49;;;
37.143459;-5.619668;89;0;0;461;350;76.36;108.47;;;
37.143361;-5.619857;89;0;0;461;350;76.38;108.45;;;
37.143165;-5.620236;89;0;0;461;350;76.42;108.41;;;
37.143068;-5.620425;89;0;0;461;350;76.44;108.39;;;
37.142872;-5.620803;90;0;0;461;350;76.48;108.35;;;
37.142774;-5.620993;90;0;0;462;349;76.5;108.33;;;
37.142677;-5.621183;90;0;0;462;349;76.52;108.31;;;
37.142481;-5.621562;90;0;0;462;349;76.56;108.27;;;
37.142384;-5.621751;90;0;0;462;349;76.58;108.25;;;
37.142189;-5.622131;90;0;0;462;349;76.62;108.21;;;
37.142091;-5.622320;90;0;0;462;349;76.64;108.19;;;
37.141993;-5.622509;90;0;0;462;349;76.66;108.17;;;
37.141797;-5.622888;90;0;0;462;349;76.7;108.13;;;
37.141699;-5.623076;90;0;0;462;349;76.72;108.11;;;
37.141404;-5.623643;90;0;0;462;349;76.78;108.05;;;
37.141306;-5.623832;90;0;0;462;349;76.8;108.03;;;
37.141109;-5.624210;90;0;0;462;349;76.84;107.99;;;
37.141011;-5.624399;90;0;0;462;349;76.86;107.97;;;
37.140913;-5.624588;90;0;0;462;349;76.88;107.95;;;
37.140716;-5.624966;90;0;0;462;349;76.92;107.91;;;
37.140617;-5.625155;90;0;0;462;349;76.94;107.89;;;
37.140422;-5.625533;91;0;0;462;349;76.98;107.85;;;
37.140323;-5.625722;91;0;0;462;349;77;107.83;;;
37.140225;-5.625911;91;0;0;463;348;77.02;107.81;;;
37.140028;-5.626289;91;0;0;463;348;77.06;107.77;;;
37.139930;-5.626478;91;0;0;463;348;77.08;107.75;;;
37.139733;-5.626856;91;0;0;463;348;77.12;107.71;;;
37.139640;-5.627049;91;0;0;463;348;77.14;107.69;;;
37.139557;-5.627248;91;0;0;463;348;77.16;107.67;;;
37.139412;-5.627659;91;0;0;463;348;77.2;107.63;;;
37.139367;-5.627877;91;0;0;463;348;77.22;107.61;;;
37.139302;-5.628546;91;0;0;463;348;77.28;107.55;;;
37.139293;-5.628771;91;0;0;463;348;77.3;107.53;;;
37.139338;-5.629217;91;0;0;463;348;77.34;107.49;;;
37.139368;-5.629440;91;0;0;463;348;77.36;107.47;;;
37.139431;-5.629651;91;0;0;463;348;77.38;107.45;;;
37.139562;-5.630071;91;0;0;463;348;77.42;107.41;;;
37.139635;-5.630277;90;0;0;463;348;77.44;107.39;;;
37.139780;-5.630690;90;0;0;463;348;77.48;107.35;;;
37.139853;-5.630896;90;0;0;463;348;77.5;107.33;;;
37.139926;-5.631102;90;0;0;463;348;77.52;107.31;;;
37.140072;-5.631515;90;0;0;463;348;77.56;107.27;;;
37.140145;-5.631721;90;0;0;463;348;77.58;107.25;;;
37.140291;-5.632133;90;0;0;463;348;77.62;107.21;;;
37.140364;-5.632340;90;0;0;463;348;77.64;107.19;;;
37.140437;-5.632546;90;0;0;463;348;77.66;107.17;;;
37.140583;-5.632958;90;0;0;463;348;77.7;107.13;;;
37.140656;-5.633164;90;0;0;463;348;77.72;107.11;;;
37.140875;-5.633783;89;0;0;463;348;77.78;107.05;;;
37.140948;-5.633990;89;0;0;463;348;77.8;107.03;;;
37.141094;-5.634402;89;0;0;463;348;77.84;106.99;;;
37.141167;-5.634608;89;0;0;463;348;77.86;106.97;;;
37.141240;-5.634814;89;0;0;463;348;77.88;106.95;;;
37.141388;-5.635226;89;0;0;463;348;77.92;106.91;;;
37.141470;-5.635426;89;0;0;463;348;77.94;106.89;;;
37.141666;-5.635804;89;0;0;463;348;77.98;106.85;;;
37.141788;-5.635970;89;0;0;463;348;78;106.83;;;
37.141914;-5.636132;89;0;0;463;348;78.02;106.81;;;
37.142193;-5.636414;88;0;0;463;348;78.06;106.77;;;
37.142342;-5.636540;88;0;0;463;348;78.08;106.75;;;
37.142662;-5.636744;88;0;0;463;348;78.12;106.71;;;
37.142831;-5.636822;88;0;0;463;348;78.14;106.69;;;
37.143000;-5.636900;88;0;0;463;348;78.16;106.67;;;
37.143350;-5.637004;88;0;0;463;348;78.2;106.63;;;
37.143525;-5.637054;88;0;0;463;348;78.22;106.61;;;
37.144051;-5.637204;88;0;0;463;348;78.28;106.55;;;
37.144227;-5.637255;88;0;0;463;348;78.3;106.53;;;
37.144577;-5.637355;88;0;0;463;348;78.34;106.49;;;
37.144753;-5.637406;88;0;0;463;348;78.36;106.47;;;
37.144928;-5.637456;88;0;0;463;348;78.38;106.45;;;
37.145279;-5.637557;88;0;0;463;348;78.42;106.41;;;
37.145454;-5.637607;88;0;0;463;348;78.44;106.39;;;
37.145805;-5.637707;88;0;0;463;348;78.48;106.35;;;
37.145980;-5.637758;88;0;0;463;348;78.5;106.33;;;
37.146155;-5.637808;88;0;0;463;348;78.52;106.31;;;
37.146506;-5.637909;88;0;0;463;348;78.56;106.27;;;
37.146681;-5.637959;88;0;0;463;348;78.58;106.25;;;
37.147032;-5.638060;88;0;0;463;348;78.62;106.21;;;
37.147207;-5.638110;89;0;0;464;347;78.64;106.19;;;
37.147383;-5.638160;89;0;0;464;347;78.66;106.17;;;
37.147733;-5.638261;89;0;0;464;347;78.7;106.13;;;
37.147909;-5.638311;89;0;0;464;347;78.72;106.11;;;
37.148435;-5.638462;89;0;1;464;347;78.78;106.05;;;
37.148610;-5.638512;89;0;1;464;347;78.8;106.03;;;
37.148959;-5.638621;90;0;1;465;346;78.84;105.99;;;
37.149134;-5.638677;90;0;1;465;346;78.86;105.97;;;
37.149308;-5.638732;90;0;0;465;346;78.88;105.95;;;
37.149658;-5.638834;90;0;1;465;346;78.92;105.91;;;
37.149835;-5.638875;90;0;1;465;346;78.94;105.89;;;
37.150189;-5.638957;90;0;0;465;346;78.98;105.85;;;
37.150366;-5.638997;90;0;1;465;346;79;105.83;;;
37.150543;-5.639038;91;0;1;466;345;79.02;105.81;;;
37.150901;-5.639075;91;0;0;466;345;79.06;105.77;;;
37.151080;-5.639090;91;0;0;466;345;79.08;105.75;;;
37.151439;-5.639120;91;0;0;466;345;79.12;105.71;;;
37.151619;-5.639135;91;0;0;466;345;79.14;105.69;;;
37.151798;-5.639150;91;0;0;466;345;79.16;105.67;;;
37.152157;-5.639180;91;0;0;466;345;79.2;105.63;;;
37.152337;-5.639195;91;0;0;466;345;79.22;105.61;;;
37.152875;-5.639240;91;0;0;466;345;79.28;105.55;;;
37.153054;-5.639256;91;0;0;466;345;79.3;105.53;;;
37.153413;-5.639291;91;0;0;466;345;79.34;105.49;;;
37.153592;-5.639308;91;0;0;466;345;79.36;105.47;;;
37.153772;-5.639325;91;0;0;466;345;79.38;105.45;;;
37.154130;-5.639360;91;0;0;466;345;79.42;105.41;;;
37.154310;-5.639377;91;0;0;466;345;79.44;105.39;;;
37.154668;-5.639411;91;0;0;466;345;79.48;105.35;;;
37.154848;-5.639428;91;0;0;466;345;79.5;105.33;;;
37.155027;-5.639445;91;0;0;466;345;79.52;105.31;;;
37.155386;-5.639480;91;0;0;466;345;79.56;105.27;;;
37.155565;-5.639497;91;0;0;466;345;79.58;105.25;;;
37.155924;-5.639531;91;0;0;466;345;79.62;105.21;;;
37.156103;-5.639549;90;0;0;466;345;79.64;105.19;;;
37.156283;-5.639565;90;0;0;466;345;79.66;105.17;;;
37.156641;-5.639600;90;0;0;466;345;79.7;105.13;;;
37.156821;-5.639617;90;0;0;466;345;79.72;105.11;;;
37.157359;-5.639667;90;0;-1;466;345;79.78;105.05;;;
37.157538;-5.639683;90;0;-1;466;345;79.8;105.03;;;
37.157897;-5.639715;89;0;-1;466;345;79.84;104.99;;;
37.158076;-5.639731;89;0;-1;466;345;79.86;104.97;;;
37.158256;-5.639747;89;0;-1;466;345;79.88;104.95;;;
37.158615;-5.639778;89;0;-1;466;345;79.92;104.91;;;
37.158794;-5.639794;89;0;-1;466;345;79.94;104.89;;;
37.159153;-5.639827;88;0;-1;466;345;79.98;104.85;;;
37.159332;-5.639842;88;0;-1;466;345;80;104.83;;;
37.159512;-5.639858;88;0;-1;466;345;80.02;104.81;;;
37.159871;-5.639890;88;0;-1;466;345;80.06;104.77;;;
37.160050;-5.639906;87;0;-1;466;345;80.08;104.75;;;
37.160409;-5.639938;87;0;-1;466;345;80.12;104.71;;;
37.160588;-5.639954;87;0;-1;466;345;80.14;104.69;;;
37.160768;-5.639970;87;0;-1;466;345;80.16;104.67;;;
37.161126;-5.640001;86;0;-1;466;345;80.2;104.63;;;
37.161306;-5.640018;86;0;-1;466;345;80.22;104.61;;;
37.161844;-5.640065;86;0;-1;466;345;80.28;104.55;;;
37.162023;-5.640082;86;0;-1;466;345;80.3;104.53;;;
37.162382;-5.640116;85;0;-1;466;345;80.34;104.49;;;
37.162562;-5.640132;85;0;-1;466;345;80.36;104.47;;;
37.162741;-5.640149;85;0;-1;466;345;80.38;104.45;;;
37.163100;-5.640182;85;0;-1;466;345;80.42;104.41;;;
37.163279;-5.640199;85;0;-1;466;345;80.44;104.39;;;
37.163638;-5.640232;84;0;-1;466;345;80.48;104.35;;;
37.163817;-5.640249;84;0;-1;466;345;80.5;104.33;;;
37.163997;-5.640266;84;0;-1;466;345;80.52;104.31;;;
37.164355;-5.640299;83;0;-1;466;345;80.56;104.27;;;
37.164535;-5.640316;83;0;-1;466;345;80.58;104.25;;;
37.164893;-5.640350;83;0;-1;466;345;80.62;104.21;;;
37.165073;-5.640367;82;0;-1;466;345;80.64;104.19;;;
37.165252;-5.640383;82;0;-1;466;345;80.66;104.17;;;
37.165612;-5.640400;82;0;-1;466;345;80.7;104.13;;;
37.165791;-5.640408;82;0;-1;466;345;80.72;104.11;;;
37.166308;-5.640571;81;0;-1;466;345;80.78;104.05;;;
37.166468;-5.640675;81;0;-1;466;345;80.8;104.03;;;
37.166761;-5.640934;80;0;-1;466;345;80.84;103.99;;;
37.166896;-5.641082;80;0;-1;466;345;80.86;103.97;;;
37.167006;-5.641260;80;0;-1;466;345;80.88;103.95;;;
37.167227;-5.641617;80;0;-1;466;345;80.92;103.91;;;
37.167337;-5.641795;80;0;-1;466;345;80.94;103.89;;;
37.167559;-5.642151;79;0;-1;466;345;80.98;103.85;;;
37.167669;-5.642329;79;0;-1;466;345;81;103.83;;;
37.167779;-5.642507;79;0;-1;466;345;81.02;103.81;;;
37.168001;-5.642863;79;0;-1;466;345;81.06;103.77;;;
37.168111;-5.643041;79;0;0;466;345;81.08;103.75;;;
37.168353;-5.643374;79;0;0;466;345;81.12;103.71;;;
37.168482;-5.643531;79;0;0;466;345;81.14;103.69;;;
37.168627;-5.643662;79;0;0;466;345;81.16;103.67;;;
37.168943;-5.643877;78;0;0;466;345;81.2;103.63;;;
37.169109;-5.643962;78;0;0;466;345;81.22;103.61;;;
37.169622;-5.644163;78;0;0;466;345;81.28;103.55;;;
37.169798;-5.644212;78;0;0;466;345;81.3;103.53;;;
37.170149;-5.644309;78;0;0;466;345;81.34;103.49;;;
37.170325;-5.644358;78;0;0;466;345;81.36;103.47;;;
37.170500;-5.644407;78;0;0;466;345;81.38;103.45;;;
37.170852;-5.644504;78;0;0;466;345;81.42;103.41;;;
37.171027;-5.644553;78;0;0;466;345;81.44;103.39;;;
37.171379;-5.644651;78;0;0;467;344;81.48;103.35;;;
37.171554;-5.644702;78;0;0;467;344;81.5;103.33;;;
37.171727;-5.644764;78;0;0;467;344;81.52;103.31;;;
37.172072;-5.644889;79;0;0;467;344;81.56;103.27;;;
37.172245;-5.644952;79;0;0;467;344;81.58;103.25;;;
37.172572;-5.645141;78;0;0;467;344;81.62;103.21;;;
37.172735;-5.645235;79;0;0;467;344;81.64;103.19;;;
37.172899;-5.645329;79;0;0;467;344;81.66;103.17;;;
37.173226;-5.645517;79;0;0;467;344;81.7;103.13;;;
37.173387;-5.645618;79;0;0;467;344;81.72;103.11;;;
37.173869;-5.645921;79;0;0;467;344;81.78;103.05;;;
37.174030;-5.646021;79;0;0;467;344;81.8;103.03;;;
37.174352;-5.646223;79;0;0;467;344;81.84;102.99;;;
37.174513;-5.646324;79;0;0;467;344;81.86;102.97;;;
37.174674;-5.646425;79;0;0;467;344;81.88;102.95;;;
37.174991;-5.646637;79;0;0;467;344;81.92;102.91;;;
37.175151;-5.646742;79;0;0;467;344;81.94;102.89;;;
37.175309;-5.646848;79;0;0;468;343;81.96;102.87;;;
37.175468;-5.646954;79;0;0;468;343;81.98;102.85;;;
37.175627;-5.647060;79;0;0;468;343;82;102.83;;;
37.175786;-5.647165;80;0;0;468;343;82.02;102.81;;;
37.175945;-5.647271;80;0;0;468;343;82.04;102.79;;;
37.176104;-5.647376;80;0;0;468;343;82.06;102.77;;;
37.176260;-5.647488;80;0;0;468;343;82.08;102.75;;;
37.176412;-5.647609;80;0;1;468;343;82.1;102.73;;;
37.176563;-5.647732;80;0;1;468;343;82.12;102.71;;;
37.176709;-5.647863;80;0;1;468;343;82.14;102.69;;;
37.176854;-5.647997;80;0;1;468;343;82.16;102.67;;;
37.176985;-5.648151;80;0;1;469;342;82.18;102.65;;;
37.177117;-5.648305;80;0;1;469;342;82.2;102.63;;;
37.177248;-5.648460;81;0;0;469;342;82.22;102.61;;;
37.177379;-5.648614;81;0;0;469;342;82.24;102.59;;;
37.177510;-5.648769;81;0;0;469;342;82.26;102.57;;;
37.177641;-5.648923;81;0;0;469;342;82.28;102.55;;;
37.177773;-5.649077;81;0;0;469;342;82.3;102.53;;;
37.177904;-5.649232;81;0;0;469;342;82.32;102.51;;;
37.178035;-5.649386;81;0;0;469;342;82.34;102.49;;;
37.178166;-5.649541;81;0;0;469;342;82.36;102.47;;;
37.178298;-5.649695;81;0;0;469;342;82.38;102.45;;;
37.178429;-5.649849;81;0;0;469;342;82.4;102.43;;;
37.178560;-5.650003;81;0;0;470;341;82.42;102.41;;;
37.178692;-5.650158;82;0;0;470;341;82.44;102.39;;;
37.178823;-5.650312;82;0;0;470;341;82.46;102.37;;;
37.178954;-5.650466;82;0;0;470;341;82.48;102.35;;;
37.179085;-5.650621;82;0;0;470;341;82.5;102.33;;;
37.179217;-5.650775;82;0;0;470;341;82.52;102.31;;;
37.179348;-5.650929;82;0;0;470;341;82.54;102.29;;;
37.179479;-5.651084;82;0;0;470;341;82.56;102.27;;;
37.179610;-5.651238;82;0;0;470;341;82.58;102.25;;;
37.179742;-5.651393;82;0;0;470;341;82.6;102.23;;;
37.179873;-5.651547;82;0;0;470;341;82.62;102.21;;;
37.180004;-5.651701;82;0;0;470;341;82.64;102.19;;;
37.180135;-5.651856;82;0;0;470;341;82.66;102.17;;;
37.180267;-5.652010;82;0;0;471;340;82.68;102.15;;;
37.180399;-5.652163;82;0;0;471;340;82.7;102.13;;;
37.180531;-5.652317;82;0;0;471;340;82.72;102.11;;;
37.180663;-5.652470;82;0;0;471;340;82.74;102.09;;;
37.180795;-5.652623;82;0;0;471;340;82.76;102.07;;;
37.180926;-5.652777;82;0;0;471;340;82.78;102.05;;;
37.181058;-5.652930;82;0;0;471;340;82.8;102.03;;;
37.181190;-5.653084;83;0;0;471;340;82.82;102.01;;;
37.181322;-5.653237;83;0;0;471;340;82.84;101.99;;;
37.181454;-5.653390;83;0;0;471;340;82.86;101.97;;;
37.181586;-5.653544;83;0;0;471;340;82.88;101.95;;;
37.181718;-5.653697;83;0;0;471;340;82.9;101.93;;;
37.181850;-5.653851;83;0;0;471;340;82.92;101.91;;;
37.181982;-5.654004;83;0;0;471;340;82.94;101.89;;;
37.182114;-5.654158;82;0;0;471;340;82.96;101.87;;;
37.182246;-5.654311;82;0;0;471;340;82.98;101.85;;;
37.182378;-5.654464;82;0;0;471;340;83;101.83;;;
37.182510;-5.654618;82;0;0;471;340;83.02;101.81;;;
37.182642;-5.654771;82;0;0;471;340;83.04;101.79;;;
37.182774;-5.654925;82;0;0;471;340;83.06;101.77;;;
37.182906;-5.655078;82;0;0;471;340;83.08;101.75;;;
37.183038;-5.655231;82;0;0;471;340;83.1;101.73;;;
37.183169;-5.655385;82;0;0;471;340;83.12;101.71;;;
37.183300;-5.655540;82;0;-1;471;340;83.14;101.69;;;
37.183431;-5.655695;82;0;0;471;340;83.16;101.67;;;
37.183562;-5.655850;82;0;-1;471;340;83.18;101.65;;;
37.183693;-5.656004;82;0;-1;471;340;83.2;101.63;;;
37.183824;-5.656159;81;0;-1;471;340;83.22;101.61;;;
37.183955;-5.656314;81;0;-1;471;340;83.24;101.59;;;
37.184086;-5.656469;81;0;-1;471;340;83.26;101.57;;;
37.184217;-5.656624;81;0;-1;471;340;83.28;101.55;;;
37.184348;-5.656779;81;0;-1;471;340;83.3;101.53;;;
37.184479;-5.656933;81;0;-1;471;340;83.32;101.51;;;
37.184610;-5.657088;81;0;-1;471;340;83.34;101.49;;;
37.184741;-5.657243;81;0;-1;471;340;83.36;101.47;;;
37.184872;-5.657397;80;0;-1;471;340;83.38;101.45;;;
37.185003;-5.657552;80;0;-1;471;340;83.4;101.43;;;
37.185134;-5.657707;80;0;-1;471;340;83.42;101.41;;;
37.185264;-5.657862;80;0;-1;471;340;83.44;101.39;;;
37.185395;-5.658017;80;0;-1;471;340;83.46;101.37;;;
37.185526;-5.658172;79;0;-1;471;340;83.48;101.35;;;
37.185657;-5.658326;79;0;-1;471;340;83.5;101.33;;;
37.185788;-5.658481;79;0;-1;471;340;83.52;101.31;;;
37.185919;-5.658636;79;0;-1;471;340;83.54;101.29;;;
37.186049;-5.658791;79;0;-1;471;340;83.56;101.27;;;
37.186180;-5.658946;78;0;-1;471;340;83.58;101.25;;;
37.186311;-5.659101;78;0;-1;471;340;83.6;101.23;;;
37.186442;-5.659256;78;0;-1;471;340;83.62;101.21;;;
37.186573;-5.659410;78;0;-1;471;340;83.64;101.19;;;
37.186704;-5.659565;78;0;-1;471;340;83.66;101.17;;;
37.186835;-5.659720;77;0;-1;471;340;83.68;101.15;;;
37.186966;-5.659875;77;0;-1;471;340;83.7;101.13;;;
37.187098;-5.660028;77;0;-1;471;340;83.72;101.11;;;
37.187230;-5.660181;77;0;-1;471;340;83.74;101.09;;;
37.187363;-5.660334;77;0;-1;471;340;83.76;101.07;;;
37.187495;-5.660487;76;0;-1;471;340;83.78;101.05;;;
37.187627;-5.660640;76;0;-1;471;340;83.8;101.03;;;
37.187760;-5.660793;76;0;-1;471;340;83.82;101.01;;;
37.187892;-5.660945;76;0;-1;471;340;83.84;100.99;;;
37.188025;-5.661098;76;0;-1;471;340;83.86;100.97;;;
37.188157;-5.661251;75;0;-1;471;340;83.88;100.95;;;
37.188289;-5.661404;75;0;-1;471;340;83.9;100.93;;;
37.188422;-5.661557;75;0;-1;471;340;83.92;100.91;;;
37.188554;-5.661710;75;0;-1;471;340;83.94;100.89;;;
37.188686;-5.661862;75;0;-1;471;340;83.96;100.87;;;
37.188819;-5.662015;74;0;-1;471;340;83.98;100.85;;;
37.188951;-5.662168;74;0;-1;471;340;84;100.83;;;
37.189084;-5.662321;74;0;-1;471;340;84.02;100.81;;;
37.189216;-5.662474;74;0;-1;471;340;84.04;100.79;;;
37.189348;-5.662627;74;0;-1;471;340;84.06;100.77;;;
37.189481;-5.662779;73;0;-1;471;340;84.08;100.75;;;
37.189613;-5.662932;73;0;-1;471;340;84.1;100.73;;;
37.189746;-5.663085;73;0;-1;471;340;84.12;100.71;;;
37.189878;-5.663238;73;0;-1;471;340;84.14;100.69;;;
37.190010;-5.663392;73;0;-1;471;340;84.16;100.67;;;
37.190141;-5.663545;73;0;-1;471;340;84.18;100.65;;;
37.190273;-5.663699;72;0;-1;471;340;84.2;100.63;;;
37.190405;-5.663852;72;0;-1;471;340;84.22;100.61;;;
37.190537;-5.664006;72;0;-1;471;340;84.24;100.59;;;
37.190669;-5.664159;72;0;-1;471;340;84.26;100.57;;;
37.190801;-5.664313;72;0;-1;471;340;84.28;100.55;;;
37.190933;-5.664466;72;0;-1;471;340;84.3;100.53;;;
37.191065;-5.664619;72;0;-1;471;340;84.32;100.51;;;
37.191197;-5.664773;71;0;-1;471;340;84.34;100.49;;;
37.191329;-5.664927;71;0;-1;471;340;84.36;100.47;;;
37.191461;-5.665080;71;0;-1;471;340;84.38;100.45;;;
37.191593;-5.665234;71;0;-1;471;340;84.4;100.43;;;
37.191724;-5.665387;71;0;0;471;340;84.42;100.41;;;
37.191856;-5.665541;71;0;0;471;340;84.44;100.39;;;
37.191988;-5.665694;71;0;0;471;340;84.46;100.37;;;
37.192120;-5.665847;71;0;0;471;340;84.48;100.35;;;
37.192252;-5.666001;71;0;0;471;340;84.5;100.33;;;
37.192384;-5.666154;71;0;0;471;340;84.52;100.31;;;
37.192516;-5.666308;71;0;0;471;340;84.54;100.29;;;
37.192648;-5.666462;70;0;0;471;340;84.56;100.27;;;
37.192780;-5.666615;70;0;0;471;340;84.58;100.25;;;
37.192912;-5.666769;70;0;0;471;340;84.6;100.23;;;
37.193044;-5.666922;70;0;0;471;340;84.62;100.21;;;
37.193176;-5.667075;70;0;0;471;340;84.64;100.19;;;
37.193308;-5.667229;70;0;0;471;340;84.66;100.17;;;
37.193439;-5.667382;70;0;0;471;340;84.68;100.15;;;
37.193571;-5.667536;70;0;0;471;340;84.7;100.13;;;
37.193703;-5.667689;70;0;0;471;340;84.72;100.11;;;
37.193835;-5.667843;70;0;0;471;340;84.74;100.09;;;
37.193967;-5.667997;70;0;0;471;340;84.76;100.07;;;
37.194099;-5.668150;70;0;0;471;340;84.78;100.05;;;
37.194231;-5.668303;70;0;0;471;340;84.8;100.03;;;
37.194363;-5.668457;70;0;0;471;340;84.82;100.01;;;
37.194495;-5.668610;71;0;0;471;340;84.84;99.99;;;
37.194627;-5.668764;71;0;0;471;340;84.86;99.97;;;
37.194759;-5.668917;71;0;0;471;340;84.88;99.95;;;
37.194891;-5.669071;71;0;0;471;340;84.9;99.93;;;
37.195022;-5.669224;71;0;0;471;340;84.92;99.91;;;
37.195154;-5.669378;71;0;1;471;340;84.94;99.89;;;
37.195286;-5.669531;71;0;1;472;339;84.96;99.87;;;
37.195418;-5.669685;71;0;1;472;339;84.98;99.85;;;
37.195550;-5.669838;71;0;1;472;339;85;99.83;;;
37.195682;-5.669992;71;0;0;472;339;85.02;99.81;;;
37.195813;-5.670146;71;0;1;472;339;85.04;99.79;;;
37.195945;-5.670299;72;0;1;472;339;85.06;99.77;;;
37.196077;-5.670453;72;0;1;472;339;85.08;99.75;;;
37.196209;-5.670606;72;0;1;472;339;85.1;99.73;;;
37.196341;-5.670759;72;0;0;472;339;85.12;99.71;;;
37.196473;-5.670913;72;0;0;472;339;85.14;99.69;;;
37.196605;-5.671066;72;0;1;473;338;85.16;99.67;;;
37.196737;-5.671220;72;0;1;473;338;85.18;99.65;;;
37.196869;-5.671373;72;0;0;473;338;85.2;99.63;;;
37.197001;-5.671527;72;0;1;473;338;85.22;99.61;;;
37.197133;-5.671681;72;0;1;473;338;85.24;99.59;;;
37.197265;-5.671834;73;0;1;473;338;85.26;99.57;;;
37.197397;-5.671988;73;0;1;473;338;85.28;99.55;;;
37.197529;-5.672141;73;0;1;473;338;85.3;99.53;;;
37.197660;-5.672294;73;0;0;473;338;85.32;99.51;;;
37.197792;-5.672448;73;0;0;474;337;85.34;99.49;;;
37.197924;-5.672601;73;0;0;474;337;85.36;99.47;;;
37.198056;-5.672755;73;0;0;474;337;85.38;99.45;;;
37.198188;-5.672908;73;0;0;474;337;85.4;99.43;;;
37.198320;-5.673062;73;0;0;474;337;85.42;99.41;;;
37.198452;-5.673216;73;0;0;474;337;85.44;99.39;;;
37.198584;-5.673369;73;0;0;474;337;85.46;99.37;;;
37.198716;-5.673522;73;0;0;474;337;85.48;99.35;;;
37.198848;-5.673676;73;0;0;474;337;85.5;99.33;;;
37.198979;-5.673830;73;0;0;474;337;85.52;99.31;;;
37.199111;-5.673983;73;0;0;474;337;85.54;99.29;;;
37.199243;-5.674137;73;0;0;474;337;85.56;99.27;;;
37.199375;-5.674290;73;0;0;474;337;85.58;99.25;;;
37.199507;-5.674444;73;0;0;474;337;85.6;99.23;;;
37.199639;-5.674597;73;0;0;474;337;85.62;99.21;;;
37.199771;-5.674751;73;0;0;474;337;85.64;99.19;;;
37.199903;-5.674904;73;0;0;474;337;85.66;99.17;;;
37.200035;-5.675057;73;0;0;474;337;85.68;99.15;;;
37.200167;-5.675211;73;0;0;474;337;85.7;99.13;;;
37.200298;-5.675365;73;0;-1;474;337;85.72;99.11;;;
37.200430;-5.675518;73;0;-1;474;337;85.74;99.09;;;
37.200562;-5.675672;73;0;-1;474;337;85.76;99.07;;;
37.200694;-5.675825;73;0;-1;474;337;85.78;99.05;;;
37.200826;-5.675979;72;0;-1;474;337;85.8;99.03;;;
37.200958;-5.676133;72;0;-1;474;337;85.82;99.01;;;
37.201090;-5.676286;72;0;-1;474;337;85.84;98.99;;;
37.201222;-5.676439;72;0;-1;474;337;85.86;98.97;;;
37.201354;-5.676593;72;0;-1;474;337;85.88;98.95;;;
37.201487;-5.676745;72;0;-1;474;337;85.9;98.93;;;
37.201620;-5.676897;71;0;-1;474;337;85.92;98.91;;;
37.201753;-5.677048;71;0;-1;474;337;85.94;98.89;;;
37.201886;-5.677200;71;0;-1;474;337;85.96;98.87;;;
37.202019;-5.677352;71;0;-1;474;337;85.98;98.85;;;
37.202152;-5.677504;70;0;-1;474;337;86;98.83;;;
37.202286;-5.677656;70;0;-1;474;337;86.02;98.81;;;
37.202419;-5.677808;70;0;-1;474;337;86.04;98.79;;;
37.202552;-5.677960;70;0;-1;474;337;86.06;98.77;;;
37.202685;-5.678112;70;0;-1;474;337;86.08;98.75;;;
37.202817;-5.678265;69;0;-1;474;337;86.1;98.73;;;
37.202950;-5.678417;69;0;-1;474;337;86.12;98.71;;;
37.203082;-5.678570;69;0;-1;474;337;86.14;98.69;;;
37.203214;-5.678723;69;0;-1;474;337;86.16;98.67;;;
37.203347;-5.678876;68;0;-1;474;337;86.18;98.65;;;
37.203479;-5.679029;68;0;-1;474;337;86.2;98.63;;;
37.203612;-5.679182;68;0;-1;474;337;86.22;98.61;;;
37.203744;-5.679335;67;0;-1;474;337;86.24;98.59;;;
37.203876;-5.679487;67;0;-1;474;337;86.26;98.57;;;
37.204009;-5.679640;67;0;-1;474;337;86.28;98.55;;;
37.204141;-5.679793;67;0;-1;474;337;86.3;98.53;;;
37.204274;-5.679946;66;0;-1;474;337;86.32;98.51;;;
37.204406;-5.680099;66;0;-1;474;337;86.34;98.49;;;
37.204537;-5.680253;66;0;-1;474;337;86.36;98.47;;;
37.204669;-5.680408;66;0;-1;474;337;86.38;98.45;;;
37.204800;-5.680562;66;0;-1;474;337;86.4;98.43;;;
37.204931;-5.680716;65;0;-1;474;337;86.42;98.41;;;
37.205062;-5.680871;65;0;-1;474;337;86.44;98.39;;;
37.205194;-5.681025;65;0;-1;474;337;86.46;98.37;;;
37.205325;-5.681179;65;0;-1;474;337;86.48;98.35;;;
37.205456;-5.681334;65;0;-1;474;337;86.5;98.33;;;
37.205588;-5.681488;65;0;-1;474;337;86.52;98.31;;;
37.205719;-5.681642;64;0;-1;474;337;86.54;98.29;;;
37.205850;-5.681796;64;0;-1;474;337;86.56;98.27;;;
37.205982;-5.681950;64;0;-1;474;337;86.58;98.25;;;
37.206113;-5.682105;64;0;-1;474;337;86.6;98.23;;;
37.206245;-5.682259;64;0;-1;474;337;86.62;98.21;;;
37.206376;-5.682413;64;0;0;474;337;86.64;98.19;;;
37.206507;-5.682568;64;0;0;474;337;86.66;98.17;;;
37.206638;-5.682723;64;0;0;474;337;86.68;98.15;;;
37.206769;-5.682877;64;0;0;474;337;86.7;98.13;;;
37.206901;-5.683031;64;0;0;474;337;86.72;98.11;;;
37.207032;-5.683186;63;0;0;474;337;86.74;98.09;;;
37.207163;-5.683340;63;0;0;474;337;86.76;98.07;;;
37.207294;-5.683494;63;0;0;474;337;86.78;98.05;;;
37.207426;-5.683649;63;0;0;474;337;86.8;98.03;;;
37.207557;-5.683803;63;0;0;474;337;86.82;98.01;;;
37.207688;-5.683957;63;0;0;474;337;86.84;97.99;;;
37.207820;-5.684112;63;0;0;474;337;86.86;97.97;;;
37.207951;-5.684266;63;0;0;474;337;86.88;97.95;;;
37.208084;-5.684418;63;0;0;474;337;86.9;97.93;;;
37.208218;-5.684569;63;0;0;474;337;86.92;97.91;;;
37.208351;-5.684720;63;0;0;474;337;86.94;97.89;;;
37.208485;-5.684872;63;0;0;474;337;86.96;97.87;;;
37.208619;-5.685023;63;0;0;474;337;86.98;97.85;;;
37.208752;-5.685174;63;0;0;474;337;87;97.83;;;
37.208885;-5.685326;64;0;0;474;337;87.02;97.81;;;
37.209019;-5.685477;64;0;0;474;337;87.04;97.79;;;
37.209151;-5.685630;64;0;1;474;337;87.06;97.77;;;
37.209284;-5.685782;64;0;1;474;337;87.08;97.75;;;
37.209416;-5.685935;64;0;1;474;337;87.1;97.73;;;
37.209549;-5.686088;64;0;1;475;336;87.12;97.71;;;
37.209682;-5.686240;64;0;1;475;336;87.14;97.69;;;
37.209814;-5.686393;64;0;1;475;336;87.16;97.67;;;
37.209947;-5.686546;64;0;1;475;336;87.18;97.65;;;
37.210079;-5.686698;65;0;1;475;336;87.2;97.63;;;
37.210212;-5.686851;65;0;1;475;336;87.22;97.61;;;
37.210344;-5.687004;65;0;1;475;336;87.24;97.59;;;
37.210477;-5.687157;65;0;1;476;335;87.26;97.57;;;
37.210609;-5.687309;65;0;1;476;335;87.28;97.55;;;
37.210740;-5.687465;65;0;1;476;335;87.3;97.53;;;
37.210870;-5.687620;66;0;1;476;335;87.32;97.51;;;
37.211001;-5.687775;66;0;1;476;335;87.34;97.49;;;
37.211132;-5.687930;66;0;1;476;335;87.36;97.47;;;
37.211262;-5.688086;66;0;1;477;334;87.38;97.45;;;
37.211393;-5.688241;66;0;1;477;334;87.4;97.43;;;
37.211523;-5.688396;66;0;1;477;334;87.42;97.41;;;
37.211654;-5.688552;66;0;1;477;334;87.44;97.39;;;
37.211785;-5.688707;67;0;1;477;334;87.46;97.37;;;
37.211916;-5.688862;67;0;1;477;334;87.48;97.35;;;
37.212046;-5.689017;67;0;1;477;334;87.5;97.33;;;
37.212177;-5.689172;67;0;1;478;333;87.52;97.31;;;
37.212307;-5.689328;67;0;1;478;333;87.54;97.29;;;
37.212438;-5.689483;68;0;1;478;333;87.56;97.27;;;
37.212568;-5.689638;68;0;1;478;333;87.58;97.25;;;
37.212699;-5.689794;68;0;1;478;333;87.6;97.23;;;
37.212830;-5.689949;68;0;1;478;333;87.62;97.21;;;
37.212961;-5.690104;68;0;1;479;332;87.64;97.19;;;
37.213091;-5.690259;68;0;1;479;332;87.66;97.17;;;
37.213222;-5.690414;68;0;1;479;332;87.68;97.15;;;
37.213352;-5.690569;69;0;1;479;332;87.7;97.13;;;
37.213483;-5.690725;69;0;1;479;332;87.72;97.11;;;
37.213613;-5.690881;69;0;1;479;332;87.74;97.09;;;
37.213744;-5.691036;69;0;1;479;332;87.76;97.07;;;
37.213874;-5.691191;69;0;1;480;331;87.78;97.05;;;
37.214005;-5.691347;69;0;0;480;331;87.8;97.03;;;
37.214136;-5.691502;69;0;0;480;331;87.82;97.01;;;
37.214267;-5.691657;69;0;0;480;331;87.84;96.99;;;
37.214397;-5.691812;69;0;0;480;331;87.86;96.97;;;
37.214528;-5.691967;69;0;0;480;331;87.88;96.95;;;
37.214658;-5.692123;70;0;0;480;331;87.9;96.93;;;
37.214789;-5.692278;70;0;0;480;331;87.92;96.91;;;
37.214920;-5.692433;70;0;0;480;331;87.94;96.89;;;
37.215050;-5.692588;70;0;0;480;331;87.96;96.87;;;
37.215181;-5.692744;70;0;0;480;331;87.98;96.85;;;
37.215311;-5.692899;70;0;0;480;331;88;96.83;16;;
37.215442;-5.693054;70;0;0;480;331;88.02;96.81;;;
37.215572;-5.693210;70;0;0;481;330;88.04;96.79;;;
37.215702;-5.693366;70;0;0;481;330;88.06;96.77;;;
37.215833;-5.693522;70;0;0;481;330;88.08;96.75;;;
37.215963;-5.693677;70;0;0;481;330;88.1;96.73;;;
37.216093;-5.693833;70;0;0;481;330;88.12;96.71;;;
37.216223;-5.693989;70;0;0;481;330;88.14;96.69;;;
37.216354;-5.694145;70;0;0;481;330;88.16;96.67;;;
37.216484;-5.694300;70;0;0;481;330;88.18;96.65;;;
37.216614;-5.694456;70;0;0;481;330;88.2;96.63;;;
37.216744;-5.694612;70;0;0;481;330;88.22;96.61;;;
37.216875;-5.694768;70;0;0;481;330;88.24;96.59;;;
37.217005;-5.694924;70;0;0;481;330;88.26;96.57;;;
37.217135;-5.695079;70;0;0;481;330;88.28;96.55;;;
37.217265;-5.695235;70;0;0;481;330;88.3;96.53;;;
37.217396;-5.695391;70;0;0;481;330;88.32;96.51;;;
37.217526;-5.695547;70;0;0;481;330;88.34;96.49;;;
37.217656;-5.695702;70;0;0;481;330;88.36;96.47;;;
37.217786;-5.695858;70;0;0;481;330;88.38;96.45;;;
37.217916;-5.696014;70;0;0;481;330;88.4;96.43;;;
37.218046;-5.696171;70;0;0;481;330;88.42;96.41;;;
37.218175;-5.696329;70;0;0;481;330;88.44;96.39;;;
37.218304;-5.696486;70;0;0;481;330;88.46;96.37;;;
37.218433;-5.696642;70;0;0;481;330;88.48;96.35;;;
37.218563;-5.696799;70;0;0;481;330;88.5;96.33;;;
37.218692;-5.696956;70;0;0;481;330;88.52;96.31;;;
37.218822;-5.697113;70;0;0;481;330;88.54;96.29;;;
37.218951;-5.697270;70;0;0;481;330;88.56;96.27;;;
37.219080;-5.697427;70;0;0;481;330;88.58;96.25;;;
37.219210;-5.697584;69;0;0;481;330;88.6;96.23;;;
37.219340;-5.697739;69;0;0;481;330;88.62;96.21;;;
37.219471;-5.697895;69;0;0;481;330;88.64;96.19;;;
37.219601;-5.698050;69;0;0;481;330;88.66;96.17;;;
37.219732;-5.698205;69;0;0;481;330;88.68;96.15;;;
37.219862;-5.698361;69;0;0;481;330;88.7;96.13;;;
37.219993;-5.698516;69;0;0;481;330;88.72;96.11;;;
37.220124;-5.698671;69;0;0;481;330;88.74;96.09;;;
37.220254;-5.698827;69;0;0;481;330;88.76;96.07;;;
37.220385;-5.698982;69;0;0;481;330;88.78;96.05;;;
37.220515;-5.699137;69;0;0;481;330;88.8;96.03;;;
37.220646;-5.699293;69;0;0;481;330;88.82;96.01;;;
37.220776;-5.699448;69;0;0;481;330;88.84;95.99;;;
37.220907;-5.699604;69;0;0;481;330;88.86;95.97;;;
37.221037;-5.699759;68;0;0;481;330;88.88;95.95;;;
37.221168;-5.699914;68;0;0;481;330;88.9;95.93;;;
37.221299;-5.700069;68;0;0;481;330;88.92;95.91;;;
37.221429;-5.700225;68;0;0;481;330;88.94;95.89;;;
37.221560;-5.700380;68;0;0;481;330;88.96;95.87;;;
37.221690;-5.700536;68;0;0;481;330;88.98;95.85;;;
37.221820;-5.700692;68;0;0;481;330;89;95.83;;;
37.221951;-5.700847;68;0;0;481;330;89.02;95.81;;;
37.222081;-5.701002;68;0;0;481;330;89.04;95.79;;;
37.222212;-5.701158;68;0;0;481;330;89.06;95.77;;;
37.222343;-5.701313;68;0;0;481;330;89.08;95.75;;;
37.222473;-5.701468;68;0;0;481;330;89.1;95.73;;;
37.222604;-5.701624;68;0;0;481;330;89.12;95.71;;;
37.222735;-5.701779;68;0;0;481;330;89.14;95.69;;;
37.222865;-5.701934;68;0;0;481;330;89.16;95.67;;;
37.222996;-5.702090;68;0;0;481;330;89.18;95.65;;;
37.223126;-5.702245;68;0;0;481;330;89.2;95.63;;;
37.223257;-5.702401;68;0;0;481;330;89.22;95.61;;;
37.223387;-5.702556;68;0;0;481;330;89.24;95.59;;;
37.223518;-5.702711;68;0;0;481;330;89.26;95.57;;;
37.223648;-5.702867;68;0;0;481;330;89.28;95.55;;;
37.223779;-5.703022;67;0;0;481;330;89.3;95.53;;;
37.223909;-5.703178;67;0;0;481;330;89.32;95.51;;;
37.224039;-5.703334;67;0;0;481;330;89.34;95.49;;;
37.224169;-5.703490;67;0;0;481;330;89.36;95.47;;;
37.224299;-5.703646;67;0;0;481;330;89.38;95.45;;;
37.224429;-5.703803;67;0;0;481;330;89.4;95.43;;;
37.224559;-5.703959;67;0;0;481;330;89.42;95.41;;;
37.224689;-5.704115;67;0;0;481;330;89.44;95.39;;;
37.224819;-5.704271;67;0;0;481;330;89.46;95.37;;;
37.224948;-5.704428;67;0;0;481;330;89.48;95.35;;;
37.225078;-5.704584;67;0;0;481;330;89.5;95.33;;;
37.225208;-5.704740;67;0;0;481;330;89.52;95.31;;;
37.225338;-5.704897;67;0;0;481;330;89.54;95.29;;;
37.225468;-5.705053;67;0;0;481;330;89.56;95.27;;;
37.225597;-5.705210;67;0;0;481;330;89.58;95.25;;;
37.225727;-5.705366;67;0;0;481;330;89.6;95.23;;;
37.225857;-5.705522;67;0;0;481;330;89.62;95.21;;;
37.225987;-5.705679;66;0;0;481;330;89.64;95.19;;;
37.226117;-5.705835;66;0;0;481;330;89.66;95.17;;;
37.226246;-5.705991;66;0;0;481;330;89.68;95.15;;;
37.226376;-5.706148;66;0;0;481;330;89.7;95.13;;;
37.226506;-5.706304;66;0;0;481;330;89.72;95.11;;;
37.226636;-5.706460;66;0;0;481;330;89.74;95.09;;;
37.226766;-5.706617;66;0;0;481;330;89.76;95.07;;;
37.226895;-5.706773;66;0;0;481;330;89.78;95.05;;;
37.227025;-5.706930;66;0;0;481;330;89.8;95.03;;;
37.227155;-5.707086;66;0;0;481;330;89.82;95.01;;;
37.227285;-5.707242;66;0;0;481;330;89.84;94.99;;;
37.227415;-5.707399;66;0;0;481;330;89.86;94.97;;;
37.227544;-5.707555;66;0;0;481;330;89.88;94.95;;;
37.227674;-5.707711;66;0;0;481;330;89.9;94.93;;;
37.227804;-5.707868;66;0;0;481;330;89.92;94.91;;;
37.227934;-5.708024;66;0;0;481;330;89.94;94.89;;;
37.228064;-5.708181;66;0;0;481;330;89.96;94.87;;;
37.228193;-5.708337;66;0;0;481;330;89.98;94.85;;;
37.228323;-5.708493;66;0;0;481;330;90;94.83;;;
37.228453;-5.708650;66;0;0;481;330;90.02;94.81;;;
37.228583;-5.708806;65;0;0;481;330;90.04;94.79;;;
37.228713;-5.708962;65;0;0;481;330;90.06;94.77;;;
37.228842;-5.709119;65;0;0;481;330;90.08;94.75;;;
37.228972;-5.709275;65;0;0;481;330;90.1;94.73;;;
37.229102;-5.709432;65;0;0;481;330;90.12;94.71;;;
37.229232;-5.709588;65;0;0;481;330;90.14;94.69;;;
37.229362;-5.709744;65;0;0;481;330;90.16;94.67;;;
37.229491;-5.709901;65;0;0;481;330;90.18;94.65;;;
37.229621;-5.710057;65;0;0;481;330;90.2;94.63;;;
37.229751;-5.710213;65;0;0;481;330;90.22;94.61;;;
37.229881;-5.710370;65;0;0;481;330;90.24;94.59;;;
37.230010;-5.710527;65;0;0;481;330;90.26;94.57;;;
37.230140;-5.710683;65;0;0;481;330;90.28;94.55;;;
37.230270;-5.710839;65;0;0;481;330;90.3;94.53;;;
37.230400;-5.710996;65;0;0;481;330;90.32;94.51;;;
37.230530;-5.711152;65;0;0;481;330;90.34;94.49;;;
37.230660;-5.711307;65;0;0;481;330;90.36;94.47;;;
37.230791;-5.711463;65;0;0;481;330;90.38;94.45;;;
37.230921;-5.711619;65;0;0;481;330;90.4;94.43;;;
37.231051;-5.711775;65;0;0;481;330;90.42;94.41;;;
37.231181;-5.711931;65;0;0;481;330;90.44;94.39;;;
37.231311;-5.712087;65;0;0;481;330;90.46;94.37;;;
37.231441;-5.712243;65;0;0;481;330;90.48;94.35;;;
37.231571;-5.712399;65;0;0;481;330;90.5;94.33;;;
37.231701;-5.712555;65;0;0;481;330;90.52;94.31;;;
37.231832;-5.712711;65;0;0;481;330;90.54;94.29;;;
37.231962;-5.712866;65;0;0;481;330;90.56;94.27;;;
37.232092;-5.713022;65;0;0;481;330;90.58;94.25;;;
37.232222;-5.713178;65;0;0;481;330;90.6;94.23;;;
37.232353;-5.713334;65;0;0;481;330;90.62;94.21;;;
37.232483;-5.713490;65;0;0;481;330;90.64;94.19;;;
37.232613;-5.713645;65;0;0;481;330;90.66;94.17;;;
37.232743;-5.713801;65;0;0;481;330;90.68;94.15;;;
37.232873;-5.713958;65;0;0;481;330;90.7;94.13;;;
37.233003;-5.714113;65;0;0;481;330;90.72;94.11;;;
37.233134;-5.714269;65;0;0;481;330;90.74;94.09;;;
37.233264;-5.714425;65;0;0;481;330;90.76;94.07;;;
37.233394;-5.714580;65;0;0;481;330;90.78;94.05;;;
37.233525;-5.714736;65;0;0;481;330;90.8;94.03;;;
37.233655;-5.714892;65;0;0;481;330;90.82;94.01;;;
37.233785;-5.715048;65;0;0;481;330;90.84;93.99;;;
37.233915;-5.715204;65;0;0;481;330;90.86;93.97;;;
37.234045;-5.715360;65;0;0;481;330;90.88;93.95;;;
37.234175;-5.715516;65;0;0;481;330;90.9;93.93;;;
37.234306;-5.715672;65;0;0;481;330;90.92;93.91;;;
37.234436;-5.715827;65;0;0;481;330;90.94;93.89;;;
37.234566;-5.715983;65;0;0;481;330;90.96;93.87;;;
37.234696;-5.716139;65;0;0;481;330;90.98;93.85;;;
37.234827;-5.716295;65;0;0;481;330;91;93.83;;;
37.234957;-5.716451;65;0;0;481;330;91.02;93.81;;;
37.235087;-5.716607;65;0;0;481;330;91.04;93.79;;;
37.235217;-5.716763;65;0;0;481;330;91.06;93.77;;;
37.235347;-5.716919;65;0;0;481;330;91.08;93.75;;;
37.235477;-5.717075;65;0;0;481;330;91.1;93.73;;;
37.235607;-5.717231;65;0;0;481;330;91.12;93.71;;;
37.235738;-5.717386;65;0;0;481;330;91.14;93.69;;;
37.235868;-5.717542;65;0;0;481;330;91.16;93.67;;;
37.235998;-5.717698;65;0;0;481;330;91.18;93.65;;;
37.236128;-5.717855;65;0;0;481;330;91.2;93.63;;;
37.236258;-5.718011;65;0;0;481;330;91.22;93.61;;;
37.236387;-5.718167;65;0;0;481;330;91.24;93.59;;;
37.236517;-5.718324;65;0;0;481;330;91.26;93.57;;;
37.236647;-5.718480;65;0;0;481;330;91.28;93.55;;;
37.236776;-5.718637;65;0;0;481;330;91.3;93.53;;;
37.236906;-5.718793;65;0;0;481;330;91.32;93.51;;;
37.237036;-5.718950;65;0;0;481;330;91.34;93.49;;;
37.237166;-5.719106;65;0;0;481;330;91.36;93.47;;;
37.237296;-5.719263;65;0;0;481;330;91.38;93.45;;;
37.237425;-5.719419;65;0;0;481;330;91.4;93.43;;;
37.237555;-5.719575;65;0;0;481;330;91.42;93.41;;;
37.237685;-5.719732;65;0;0;481;330;91.44;93.39;;;
37.237815;-5.719888;65;0;0;481;330;91.46;93.37;;;
37.237944;-5.720045;65;0;0;481;330;91.48;93.35;;;
37.238074;-5.720201;65;0;0;481;330;91.5;93.33;;;
37.238204;-5.720358;65;0;0;481;330;91.52;93.31;;;
37.238334;-5.720514;65;0;0;481;330;91.54;93.29;;;
37.238464;-5.720670;65;0;0;481;330;91.56;93.27;;;
37.238593;-5.720827;65;0;0;481;330;91.58;93.25;;;
37.238723;-5.720983;65;0;0;481;330;91.6;93.23;;;
37.238853;-5.721139;65;0;0;481;330;91.62;93.21;;;
37.238983;-5.721295;65;0;0;482;329;91.64;93.19;;;
37.239113;-5.721452;65;0;0;482;329;91.66;93.17;;;
37.239243;-5.721608;65;0;0;482;329;91.68;93.15;;;
37.239372;-5.721765;65;0;0;482;329;91.7;93.13;;;
37.239502;-5.721922;65;0;0;482;329;91.72;93.11;;;
37.239632;-5.722078;65;0;0;482;329;91.74;93.09;;;
37.239761;-5.722235;65;0;0;482;329;91.76;93.07;;;
37.239891;-5.722391;65;0;0;482;329;91.78;93.05;;;
37.240021;-5.722547;65;0;0;482;329;91.8;93.03;;;
37.240151;-5.722703;65;0;0;482;329;91.82;93.01;;;
37.240281;-5.722860;65;0;0;482;329;91.84;92.99;;;
37.240411;-5.723016;65;0;0;482;329;91.86;92.97;;;
37.240540;-5.723173;65;0;0;482;329;91.88;92.95;;;
37.240670;-5.723329;65;0;0;482;329;91.9;92.93;;;
37.240800;-5.723486;65;0;0;482;329;91.92;92.91;;;
37.240929;-5.723643;65;0;0;482;329;91.94;92.89;;;
37.241059;-5.723799;65;0;0;482;329;91.96;92.87;;;
37.241189;-5.723955;65;0;0;482;329;91.98;92.85;;;
37.241319;-5.724111;65;0;0;482;329;92;92.83;;;
37.241449;-5.724268;65;0;0;482;329;92.02;92.81;;;
37.241579;-5.724424;65;0;0;482;329;92.04;92.79;;;
37.241708;-5.724581;65;0;0;482;329;92.06;92.77;;;
37.241838;-5.724737;65;0;0;482;329;92.08;92.75;;;
37.241968;-5.724894;65;0;0;482;329;92.1;92.73;;;
37.242097;-5.725050;65;0;0;482;329;92.12;92.71;;;
37.242227;-5.725207;65;0;0;482;329;92.14;92.69;;;
37.242357;-5.725364;65;0;0;482;329;92.16;92.67;;;
37.242487;-5.725520;65;0;0;482;329;92.18;92.65;;;
37.242617;-5.725676;65;0;0;482;329;92.2;92.63;;;
37.242746;-5.725833;65;0;0;482;329;92.22;92.61;;;
37.242876;-5.725989;65;0;0;482;329;92.24;92.59;;;
37.243006;-5.726145;65;0;0;482;329;92.26;92.57;;;
37.243136;-5.726302;65;0;0;482;329;92.28;92.55;;;
37.243265;-5.726458;65;0;0;482;329;92.3;92.53;;;
37.243395;-5.726615;65;0;0;482;329;92.32;92.51;;;
37.243525;-5.726771;65;0;0;482;329;92.34;92.49;;;
37.243654;-5.726928;65;0;0;482;329;92.36;92.47;;;
37.243784;-5.727084;65;0;0;482;329;92.38;92.45;;;
37.243914;-5.727241;64;0;0;482;329;92.4;92.43;;;
37.244044;-5.727397;64;0;-1;482;329;92.42;92.41;;;
37.244174;-5.727554;64;0;-1;482;329;92.44;92.39;;;
37.244303;-5.727710;64;0;-1;482;329;92.46;92.37;;;
37.244433;-5.727866;64;0;-1;482;329;92.48;92.35;;;
37.244563;-5.728022;64;0;-1;482;329;92.5;92.33;;;
37.244694;-5.728178;64;0;-1;482;329;92.52;92.31;;;
37.244824;-5.728334;64;0;-1;482;329;92.54;92.29;;;
37.244954;-5.728490;63;0;-1;482;329;92.56;92.27;;;
37.245084;-5.728646;63;0;-1;482;329;92.58;92.25;;;
37.245214;-5.728802;63;0;-1;482;329;92.6;92.23;;;
37.245344;-5.728958;63;0;-1;482;329;92.62;92.21;;;
37.245474;-5.729114;63;0;-1;482;329;92.64;92.19;;;
37.245604;-5.729270;63;0;-1;482;329;92.66;92.17;;;
37.245734;-5.729426;62;0;-1;482;329;92.68;92.15;;;
37.245864;-5.729582;62;0;-1;482;329;92.7;92.13;;;
37.245995;-5.729738;62;0;-1;482;329;92.72;92.11;;;
37.246125;-5.729894;62;0;-1;482;329;92.74;92.09;;;
37.246255;-5.730050;62;0;-1;482;329;92.76;92.07;;;
37.246385;-5.730206;62;0;-1;482;329;92.78;92.05;;;
37.246515;-5.730362;61;0;-1;482;329;92.8;92.03;;;
37.246646;-5.730518;61;0;-1;482;329;92.82;92.01;;;
37.246776;-5.730674;61;0;-1;482;329;92.84;91.99;;;
37.246906;-5.730830;61;0;-1;482;329;92.86;91.97;;;
37.247036;-5.730986;61;0;-1;482;329;92.88;91.95;;;
37.247166;-5.731142;60;0;-1;482;329;92.9;91.93;;;
37.247296;-5.731298;60;0;-1;482;329;92.92;91.91;;;
37.247426;-5.731454;60;0;-1;482;329;92.94;91.89;;;
37.247557;-5.731610;60;0;-1;482;329;92.96;91.87;;;
37.247687;-5.731766;59;0;-1;482;329;92.98;91.85;;;
37.247817;-5.731922;59;0;-1;482;329;93;91.83;;;
37.247947;-5.732078;59;0;-1;482;329;93.02;91.81;;;
37.248077;-5.732234;59;0;-1;482;329;93.04;91.79;;;
37.248207;-5.732390;58;0;-1;482;329;93.06;91.77;;;
37.248337;-5.732546;58;0;-1;482;329;93.08;91.75;;;
37.248467;-5.732702;58;0;-1;482;329;93.1;91.73;;;
37.248598;-5.732858;57;0;-1;482;329;93.12;91.71;;;
37.248728;-5.733014;57;0;-1;482;329;93.14;91.69;;;
37.248858;-5.733170;57;0;-1;482;329;93.16;91.67;;;
37.248987;-5.733326;57;0;-1;482;329;93.18;91.65;;;
37.249117;-5.733483;56;0;-1;482;329;93.2;91.63;;;
37.249246;-5.733640;56;0;-1;482;329;93.22;91.61;;;
37.249376;-5.733797;56;0;-1;482;329;93.24;91.59;;;
37.249505;-5.733954;56;0;-1;482;329;93.26;91.57;;;
37.249634;-5.734111;55;0;-1;482;329;93.28;91.55;;;
37.249764;-5.734268;55;0;-1;482;329;93.3;91.53;;;
37.249893;-5.734425;55;0;-1;482;329;93.32;91.51;;;
37.250022;-5.734583;55;0;-1;482;329;93.34;91.49;;;
37.250151;-5.734740;54;0;-1;482;329;93.36;91.47;;;
37.250281;-5.734897;54;0;-1;482;329;93.38;91.45;;;
37.250410;-5.735054;54;0;-1;482;329;93.4;91.43;;;
37.250539;-5.735211;53;0;-1;482;329;93.42;91.41;;;
37.250668;-5.735368;53;0;-1;482;329;93.44;91.39;;;
37.250799;-5.735523;53;0;-1;482;329;93.46;91.37;;;
37.250930;-5.735678;53;0;-1;482;329;93.48;91.35;;;
37.251061;-5.735833;52;0;-1;482;329;93.5;91.33;;;
37.251192;-5.735987;52;0;-1;482;329;93.52;91.31;;;
37.251323;-5.736143;52;0;-1;482;329;93.54;91.29;;;
37.251454;-5.736297;52;0;-1;482;329;93.56;91.27;;;
37.251585;-5.736452;51;0;-1;482;329;93.58;91.25;;;
37.251716;-5.736607;51;0;-1;482;329;93.6;91.23;;;
37.251847;-5.736762;51;0;-1;482;329;93.62;91.21;;;
37.251978;-5.736917;51;0;-1;482;329;93.64;91.19;;;
37.252109;-5.737071;51;0;-1;482;329;93.66;91.17;;;
37.252240;-5.737226;50;0;-1;482;329;93.68;91.15;;;
37.252371;-5.737382;50;0;-1;482;329;93.7;91.13;;;
37.252501;-5.737538;50;0;-1;482;329;93.72;91.11;;;
37.252631;-5.737694;50;0;-1;482;329;93.74;91.09;;;
37.252762;-5.737849;50;0;-1;482;329;93.76;91.07;;;
37.252892;-5.738005;50;0;-1;482;329;93.78;91.05;;;
37.253022;-5.738161;50;0;-1;482;329;93.8;91.03;;;
37.253153;-5.738316;50;0;0;482;329;93.82;91.01;;;
37.253283;-5.738472;49;0;0;482;329;93.84;90.99;;;
37.253413;-5.738628;49;0;0;482;329;93.86;90.97;;;
37.253544;-5.738784;49;0;0;482;329;93.88;90.95;;;
37.253674;-5.738939;49;0;0;482;329;93.9;90.93;;;
37.253805;-5.739095;49;0;0;482;329;93.92;90.91;;;
37.253935;-5.739250;49;0;0;482;329;93.94;90.89;;;
37.254065;-5.739406;49;0;0;482;329;93.96;90.87;;;
37.254196;-5.739562;49;0;0;482;329;93.98;90.85;;;
37.254326;-5.739717;49;0;0;482;329;94;90.83;;;
37.254456;-5.739874;49;0;0;482;329;94.02;90.81;;;
37.254586;-5.740029;49;0;0;482;329;94.04;90.79;;;
37.254717;-5.740185;49;0;0;482;329;94.06;90.77;;;
37.254847;-5.740341;49;0;0;482;329;94.08;90.75;;;
37.254977;-5.740497;49;0;0;482;329;94.1;90.73;;;
37.255108;-5.740652;49;0;0;482;329;94.12;90.71;;;
37.255238;-5.740807;49;0;0;482;329;94.14;90.69;;;
37.255369;-5.740963;49;0;0;482;329;94.16;90.67;;;
37.255499;-5.741119;49;0;0;482;329;94.18;90.65;;;
37.255629;-5.741275;49;0;0;482;329;94.2;90.63;;;
37.255760;-5.741430;49;0;0;482;329;94.22;90.61;;;
37.255890;-5.741586;49;0;0;482;329;94.24;90.59;;;
37.256020;-5.741742;49;0;0;482;329;94.26;90.57;;;
37.256151;-5.741898;49;0;0;482;329;94.28;90.55;;;
37.256281;-5.742053;49;0;0;482;329;94.3;90.53;;;
37.256411;-5.742209;49;0;0;482;329;94.32;90.51;;;
37.256542;-5.742365;49;0;0;482;329;94.34;90.49;;;
37.256672;-5.742521;49;0;0;482;329;94.36;90.47;;;
37.256802;-5.742677;49;0;0;482;329;94.38;90.45;;;
37.256932;-5.742833;49;0;0;482;329;94.4;90.43;;;
37.257062;-5.742990;49;0;0;482;329;94.42;90.41;;;
37.257192;-5.743146;49;0;0;482;329;94.44;90.39;;;
37.257322;-5.743302;49;0;0;482;329;94.46;90.37;;;
37.257451;-5.743458;49;0;0;482;329;94.48;90.35;;;
37.257581;-5.743615;49;0;0;482;329;94.5;90.33;;;
37.257711;-5.743771;49;0;0;482;329;94.52;90.31;;;
37.257841;-5.743927;49;0;0;482;329;94.54;90.29;;;
37.257971;-5.744084;49;0;0;482;329;94.56;90.27;;;
37.258101;-5.744240;49;0;0;482;329;94.58;90.25;;;
37.258231;-5.744397;49;0;0;482;329;94.6;90.23;;;
37.258361;-5.744553;49;0;0;482;329;94.62;90.21;;;
37.258491;-5.744709;50;0;0;482;329;94.64;90.19;;;
37.258620;-5.744865;50;0;0;482;329;94.66;90.17;;;
37.258750;-5.745022;50;0;0;482;329;94.68;90.15;;;
37.258880;-5.745178;50;0;0;482;329;94.7;90.13;;;
37.259010;-5.745334;50;0;0;482;329;94.72;90.11;;;
37.259140;-5.745490;50;0;0;482;329;94.74;90.09;;;
37.259270;-5.745647;50;0;0;482;329;94.76;90.07;;;
37.259400;-5.745803;50;0;0;482;329;94.78;90.05;;;
37.259530;-5.745960;50;0;0;482;329;94.8;90.03;;;
37.259660;-5.746115;50;0;0;482;329;94.82;90.01;;;
37.259791;-5.746270;50;0;0;482;329;94.84;89.99;;;
37.259922;-5.746425;50;0;0;482;329;94.86;89.97;;;
37.260053;-5.746580;50;0;0;482;329;94.88;89.95;;;
37.260184;-5.746735;50;0;0;482;329;94.9;89.93;;;
37.260315;-5.746890;50;0;0;482;329;94.92;89.91;;;
37.260446;-5.747045;49;0;0;482;329;94.94;89.89;;;
37.260577;-5.747200;49;0;0;482;329;94.96;89.87;;;
37.260708;-5.747354;49;0;0;482;329;94.98;89.85;;;
37.260839;-5.747509;49;0;0;482;329;95;89.83;;;
37.260970;-5.747664;49;0;0;482;329;95.02;89.81;;;
37.261100;-5.747821;49;0;0;482;329;95.04;89.79;;;
37.261229;-5.747977;49;0;0;482;329;95.06;89.77;;;
37.261359;-5.748134;49;0;0;482;329;95.08;89.75;;;
37.261489;-5.748290;49;0;0;482;329;95.1;89.73;;;
37.261618;-5.748447;49;0;0;482;329;95.12;89.71;;;
37.261748;-5.748603;49;0;0;482;329;95.14;89.69;;;
37.261878;-5.748760;49;0;0;482;329;95.16;89.67;;;
37.262008;-5.748917;49;0;0;482;329;95.18;89.65;;;
37.262137;-5.749073;49;0;0;482;329;95.2;89.63;;;
37.262267;-5.749230;49;0;0;482;329;95.22;89.61;;;
37.262397;-5.749386;49;0;0;482;329;95.24;89.59;;;
37.262526;-5.749543;49;0;0;482;329;95.26;89.57;;;
37.262656;-5.749699;49;0;0;482;329;95.28;89.55;;;
37.262786;-5.749856;49;0;0;482;329;95.3;89.53;;;
37.262916;-5.750012;48;0;0;482;329;95.32;89.51;;;
37.263045;-5.750169;48;0;0;482;329;95.34;89.49;;;
37.263175;-5.750326;48;0;0;482;329;95.36;89.47;;;
37.263305;-5.750482;48;0;0;482;329;95.38;89.45;;;
37.263434;-5.750639;48;0;0;482;329;95.4;89.43;;;
37.263564;-5.750795;48;0;0;482;329;95.42;89.41;;;
37.263694;-5.750952;48;0;0;482;329;95.44;89.39;;;
37.263824;-5.751108;48;0;0;482;329;95.46;89.37;;;
37.263953;-5.751265;48;0;0;482;329;95.48;89.35;;;
37.264083;-5.751421;48;0;0;482;329;95.5;89.33;;;
37.264213;-5.751578;48;0;0;482;329;95.52;89.31;;;
37.264342;-5.751735;48;0;0;482;329;95.54;89.29;;;
37.264469;-5.751895;48;0;0;482;329;95.56;89.27;;;
37.264588;-5.752064;48;0;0;482;329;95.58;89.25;;;
37.264705;-5.752236;48;0;0;482;329;95.6;89.23;;;
37.264817;-5.752413;48;0;0;482;329;95.62;89.21;;;
37.264928;-5.752591;48;0;0;482;329;95.64;89.19;;;
37.265039;-5.752768;48;0;0;482;329;95.66;89.17;;;
37.265151;-5.752946;48;0;0;482;329;95.68;89.15;;;
37.265262;-5.753123;48;0;0;482;329;95.7;89.13;;;
37.265374;-5.753300;48;0;0;482;329;95.72;89.11;;;
37.265485;-5.753478;48;0;0;482;329;95.74;89.09;;;
37.265596;-5.753655;48;0;0;482;329;95.76;89.07;;;
37.265708;-5.753833;48;0;0;482;329;95.78;89.05;;;
37.265819;-5.754010;47;0;0;482;329;95.8;89.03;;;
37.265931;-5.754187;47;0;0;482;329;95.82;89.01;;;
37.266042;-5.754365;47;0;0;482;329;95.84;88.99;;;
37.266153;-5.754542;47;0;0;482;329;95.86;88.97;;;
37.266265;-5.754720;47;0;0;482;329;95.88;88.95;;;
37.266376;-5.754897;47;0;0;482;329;95.9;88.93;;;
37.266488;-5.755075;47;0;0;482;329;95.92;88.91;;;
37.266599;-5.755252;47;0;0;482;329;95.94;88.89;;;
37.266710;-5.755430;47;0;0;482;329;95.96;88.87;;;
37.266822;-5.755607;47;0;0;482;329;95.98;88.85;;;
37.266937;-5.755780;47;0;0;482;329;96;88.83;;;
37.267053;-5.755953;47;0;0;482;329;96.02;88.81;;;
37.267169;-5.756126;47;0;0;482;329;96.04;88.79;;;
37.267290;-5.756293;47;0;0;482;329;96.06;88.77;;;
37.267424;-5.756443;47;0;0;482;329;96.08;88.75;;;
37.267558;-5.756594;47;0;0;482;329;96.1;88.73;;;
37.267693;-5.756744;47;0;0;483;328;96.12;88.71;;;
37.267827;-5.756894;47;0;0;483;328;96.14;88.69;;;
37.267962;-5.757044;47;0;0;483;328;96.16;88.67;;;
37.268096;-5.757195;47;0;0;483;328;96.18;88.65;;;
37.268230;-5.757345;47;0;0;483;328;96.2;88.63;;;
37.268365;-5.757495;47;0;0;483;328;96.22;88.61;;;
37.268499;-5.757645;47;0;0;483;328;96.24;88.59;;;
37.268633;-5.757796;47;0;0;483;328;96.26;88.57;;;
37.268768;-5.757946;48;0;1;483;328;96.28;88.55;;;
37.268902;-5.758096;48;0;0;483;328;96.3;88.53;;;
37.269037;-5.758246;48;0;0;483;328;96.32;88.51;;;
37.269171;-5.758396;48;0;0;483;328;96.34;88.49;;;
37.269305;-5.758547;48;0;0;483;328;96.36;88.47;;;
37.269440;-5.758696;48;0;0;483;328;96.38;88.45;;;
37.269575;-5.758847;48;0;0;483;328;96.4;88.43;;;
37.269709;-5.758997;48;0;0;483;328;96.42;88.41;;;
37.269843;-5.759147;48;0;0;483;328;96.44;88.39;;;
37.269978;-5.759297;48;0;0;484;327;96.46;88.37;;;
37.270112;-5.759447;48;0;0;484;327;96.48;88.35;;;
37.270247;-5.759598;48;0;0;484;327;96.5;88.33;;;
37.270381;-5.759748;49;0;0;484;327;96.52;88.31;;;
37.270515;-5.759898;49;0;0;484;327;96.54;88.29;;;
37.270650;-5.760048;49;0;0;484;327;96.56;88.27;;;
37.270784;-5.760199;49;0;0;484;327;96.58;88.25;;;
37.270918;-5.760349;49;0;0;484;327;96.6;88.23;;;
37.271053;-5.760499;49;0;0;484;327;96.62;88.21;;;
37.271187;-5.760649;49;0;0;484;327;96.64;88.19;;;
37.271322;-5.760799;49;0;0;484;327;96.66;88.17;;;
37.271456;-5.760949;49;0;0;484;327;96.68;88.15;;;
37.271591;-5.761099;49;0;0;484;327;96.7;88.13;;;
37.271725;-5.761250;49;0;0;484;327;96.72;88.11;;;
37.271860;-5.761400;49;0;0;485;326;96.74;88.09;;;
37.271994;-5.761550;49;0;0;485;326;96.76;88.07;;;
37.272128;-5.761700;49;0;0;485;326;96.78;88.05;;;
37.272263;-5.761850;49;0;0;485;326;96.8;88.03;;;
37.272397;-5.762001;50;0;0;485;326;96.82;88.01;;;
37.272532;-5.762151;50;0;0;485;326;96.84;87.99;;;
37.272666;-5.762301;50;0;0;485;326;96.86;87.97;;;
37.272800;-5.762451;50;0;0;485;326;96.88;87.95;;;
37.272935;-5.762602;50;0;0;485;326;96.9;87.93;;;
37.273069;-5.762752;50;0;0;485;326;96.92;87.91;;;
37.273203;-5.762902;50;0;0;485;326;96.94;87.89;;;
37.273338;-5.763052;50;0;0;485;326;96.96;87.87;;;
37.273472;-5.763202;50;0;0;485;326;96.98;87.85;;;
37.273607;-5.763353;50;0;0;485;326;97;87.83;;;
37.273741;-5.763503;50;0;0;485;326;97.02;87.81;;;
37.273875;-5.763653;50;0;0;485;326;97.04;87.79;;;
37.274011;-5.763802;50;0;0;485;326;97.06;87.77;;;
37.274148;-5.763948;50;0;0;485;326;97.08;87.75;;;
37.274286;-5.764093;50;0;0;485;326;97.1;87.73;;;
37.274423;-5.764239;50;0;0;485;326;97.12;87.71;;;
37.274561;-5.764384;50;0;0;485;326;97.14;87.69;;;
37.274699;-5.764529;50;0;0;485;326;97.16;87.67;;;
37.274837;-5.764675;50;0;0;485;326;97.18;87.65;;;
37.274974;-5.764820;50;0;0;485;326;97.2;87.63;;;
37.275112;-5.764966;50;0;0;485;326;97.22;87.61;;;
37.275250;-5.765110;50;0;0;485;326;97.24;87.59;;;
37.275390;-5.765253;50;0;0;485;326;97.26;87.57;;;
37.275530;-5.765395;50;0;0;485;326;97.28;87.55;;;
37.275670;-5.765537;50;0;0;485;326;97.3;87.53;;;
37.275809;-5.765679;50;0;0;485;326;97.32;87.51;;;
37.275949;-5.765822;50;0;0;485;326;97.34;87.49;;;
37.276089;-5.765964;50;0;0;485;326;97.36;87.47;;;
37.276229;-5.766106;50;0;0;485;326;97.38;87.45;;;
37.276369;-5.766248;50;0;0;485;326;97.4;87.43;;;
37.276508;-5.766391;50;0;0;485;326;97.42;87.41;;;
37.276648;-5.766533;50;0;0;485;326;97.44;87.39;;;
37.276788;-5.766675;50;0;0;485;326;97.46;87.37;;;
37.276928;-5.766817;50;0;0;485;326;97.48;87.35;;;
37.277067;-5.766960;50;0;0;485;326;97.5;87.33;;;
37.277207;-5.767102;50;0;0;485;326;97.52;87.31;;;
37.277347;-5.767244;50;0;0;485;326;97.54;87.29;;;
37.277487;-5.767386;50;0;0;485;326;97.56;87.27;;;
37.277620;-5.767538;50;0;0;485;326;97.58;87.25;;;
37.277752;-5.767692;50;0;0;485;326;97.6;87.23;;;
37.277883;-5.767846;50;0;0;485;326;97.62;87.21;;;
37.278015;-5.768000;50;0;0;485;326;97.64;87.19;;;
37.278147;-5.768154;50;0;0;485;326;97.66;87.17;;;
37.278278;-5.768308;50;0;0;485;326;97.68;87.15;;;
37.278410;-5.768463;50;0;0;485;326;97.7;87.13;;;
37.278541;-5.768617;50;0;0;485;326;97.72;87.11;;;
37.278673;-5.768771;50;0;0;485;326;97.74;87.09;;;
37.278803;-5.768927;50;0;0;485;326;97.76;87.07;;;
37.278933;-5.769083;50;0;0;485;326;97.78;87.05;;;
37.279063;-5.769239;50;0;0;485;326;97.8;87.03;;;
37.279194;-5.769395;50;0;0;485;326;97.82;87.01;;;
37.279324;-5.769550;50;0;0;485;326;97.84;86.99;;;
37.279454;-5.769706;50;0;0;485;326;97.86;86.97;;;
37.279584;-5.769862;50;0;0;485;326;97.88;86.95;;;
37.279714;-5.770018;50;0;0;485;326;97.9;86.93;;;
37.279845;-5.770174;50;0;0;485;326;97.92;86.91;;;
37.279975;-5.770330;50;0;0;486;325;97.94;86.89;;;
37.280105;-5.770486;50;0;0;486;325;97.96;86.87;;;
37.280236;-5.770642;50;0;0;486;325;97.98;86.85;;;
37.280366;-5.770798;50;0;0;486;325;98;86.83;;;
37.280496;-5.770953;50;0;0;486;325;98.02;86.81;;;
37.280626;-5.771109;50;0;0;486;325;98.04;86.79;;;
37.280757;-5.771265;50;0;0;486;325;98.06;86.77;;;
37.280887;-5.771421;50;0;0;486;325;98.08;86.75;;;
37.281017;-5.771577;50;0;0;486;325;98.1;86.73;;;
37.281148;-5.771733;50;0;0;486;325;98.12;86.71;;;
37.281278;-5.771889;50;0;0;486;325;98.14;86.69;;;
37.281408;-5.772045;50;0;0;486;325;98.16;86.67;;;
37.281538;-5.772201;50;0;0;486;325;98.18;86.65;;;
37.281669;-5.772356;50;0;0;486;325;98.2;86.63;;;
37.281799;-5.772512;50;0;0;486;325;98.22;86.61;;;
37.281929;-5.772668;50;0;0;486;325;98.24;86.59;;;
37.282059;-5.772824;50;0;0;486;325;98.26;86.57;;;
37.282190;-5.772980;50;0;0;486;325;98.28;86.55;;;
37.282320;-5.773136;50;0;0;486;325;98.3;86.53;;;
37.282450;-5.773291;50;0;0;486;325;98.32;86.51;;;
37.282580;-5.773447;50;0;0;486;325;98.34;86.49;;;
37.282711;-5.773603;50;0;0;486;325;98.36;86.47;;;
37.282841;-5.773759;50;0;0;486;325;98.38;86.45;;;
37.282971;-5.773915;50;0;0;486;325;98.4;86.43;;;
37.283102;-5.774071;50;0;0;486;325;98.42;86.41;;;
37.283232;-5.774227;50;0;0;486;325;98.44;86.39;;;
37.283362;-5.774383;50;0;0;486;325;98.46;86.37;;;
37.283492;-5.774539;50;0;0;486;325;98.48;86.35;;;
37.283623;-5.774694;50;0;0;486;325;98.5;86.33;;;
37.283753;-5.774850;50;0;0;486;325;98.52;86.31;;;
37.283883;-5.775006;50;0;0;486;325;98.54;86.29;;;
37.284013;-5.775162;50;0;0;486;325;98.56;86.27;;;
37.284144;-5.775318;50;0;0;486;325;98.58;86.25;;;
37.284274;-5.775474;50;0;0;486;325;98.6;86.23;;;
37.284404;-5.775629;50;0;0;486;325;98.62;86.21;;;
37.284534;-5.775785;50;0;0;486;325;98.64;86.19;;;
37.284665;-5.775941;50;0;0;486;325;98.66;86.17;;;
37.284795;-5.776097;50;0;0;486;325;98.68;86.15;;;
37.284925;-5.776253;50;0;0;486;325;98.7;86.13;;;
37.285055;-5.776409;49;0;0;486;325;98.72;86.11;;;
37.285185;-5.776565;49;0;0;486;325;98.74;86.09;;;
37.285316;-5.776721;49;0;0;486;325;98.76;86.07;;;
37.285446;-5.776877;49;0;0;486;325;98.78;86.05;;;
37.285576;-5.777033;49;0;0;486;325;98.8;86.03;;;
37.285707;-5.777189;49;0;0;486;325;98.82;86.01;;;
37.285837;-5.777345;49;0;0;486;325;98.84;85.99;;;
37.285967;-5.777501;49;0;0;486;325;98.86;85.97;;;
37.286097;-5.777657;49;0;0;486;325;98.88;85.95;;;
37.286228;-5.777812;49;0;0;486;325;98.9;85.93;;;
37.286358;-5.777968;49;0;0;486;325;98.92;85.91;;;
37.286488;-5.778124;49;0;0;486;325;98.94;85.89;;;
37.286618;-5.778280;49;0;0;486;325;98.96;85.87;;;
37.286749;-5.778436;49;0;0;486;325;98.98;85.85;;;
37.286879;-5.778592;49;0;0;486;325;99;85.83;;;
37.287009;-5.778748;49;0;0;486;325;99.02;85.81;;;
37.287139;-5.778904;49;0;0;486;325;99.04;85.79;;;
37.287270;-5.779060;48;0;0;486;325;99.06;85.77;;;
37.287400;-5.779215;48;0;0;486;325;99.08;85.75;;;
37.287530;-5.779371;48;0;0;486;325;99.1;85.73;;;
37.287661;-5.779527;48;0;0;486;325;99.12;85.71;;;
37.287791;-5.779683;48;0;0;486;325;99.14;85.69;;;
37.287921;-5.779839;48;0;0;486;325;99.16;85.67;;;
37.288051;-5.779995;48;0;0;486;325;99.18;85.65;;;
37.288181;-5.780151;48;0;0;486;325;99.2;85.63;;;
37.288312;-5.780307;48;0;0;486;325;99.22;85.61;;;
37.288442;-5.780463;48;0;0;486;325;99.24;85.59;;;
37.288572;-5.780619;48;0;0;486;325;99.26;85.57;;;
37.288702;-5.780775;48;0;0;486;325;99.28;85.55;;;
37.288833;-5.780930;48;0;0;486;325;99.3;85.53;;;
37.288963;-5.781086;48;0;0;486;325;99.32;85.51;;;
37.289093;-5.781242;48;0;0;486;325;99.34;85.49;;;
37.289223;-5.781398;48;0;0;486;325;99.36;85.47;;;
37.289354;-5.781554;47;0;0;486;325;99.38;85.45;;;
37.289484;-5.781710;47;0;0;486;325;99.4;85.43;;;
37.289614;-5.781866;47;0;0;486;325;99.42;85.41;;;
37.289745;-5.782022;47;0;0;486;325;99.44;85.39;;;
37.289875;-5.782178;47;0;0;486;325;99.46;85.37;;;
37.290005;-5.782333;47;0;0;486;325;99.48;85.35;;;
37.290136;-5.782489;47;0;0;486;325;99.5;85.33;;;
37.290266;-5.782645;47;0;0;486;325;99.52;85.31;;;
37.290396;-5.782801;47;0;0;486;325;99.54;85.29;;;
37.290526;-5.782957;47;0;0;486;325;99.56;85.27;;;
37.290656;-5.783113;47;0;0;486;325;99.58;85.25;;;
37.290786;-5.783269;47;0;0;486;325;99.6;85.23;;;
37.290917;-5.783425;47;0;0;486;325;99.62;85.21;;;
37.291047;-5.783581;47;0;0;486;325;99.64;85.19;;;
37.291177;-5.783737;47;0;0;486;325;99.66;85.17;;;
37.291308;-5.783893;47;0;0;486;325;99.68;85.15;;;
37.291438;-5.784048;47;0;0;486;325;99.7;85.13;;;
37.291568;-5.784204;47;0;0;486;325;99.72;85.11;;;
37.291698;-5.784360;47;0;0;486;325;99.74;85.09;;;
37.291829;-5.784516;47;0;0;486;325;99.76;85.07;;;
37.291959;-5.784672;47;0;0;486;325;99.78;85.05;;;
37.292089;-5.784828;47;0;0;486;325;99.8;85.03;;;
37.292219;-5.784984;47;0;0;486;325;99.82;85.01;;;
37.292350;-5.785140;47;0;0;486;325;99.84;84.99;;;
37.292480;-5.785296;47;0;0;486;325;99.86;84.97;;;
37.292610;-5.785452;47;0;0;486;325;99.88;84.95;;;
37.292740;-5.785608;47;0;0;486;325;99.9;84.93;;;
37.292870;-5.785764;47;0;0;486;325;99.92;84.91;;;
37.293001;-5.785920;47;0;0;486;325;99.94;84.89;;;
37.293131;-5.786076;47;0;0;486;325;99.96;84.87;;;
37.293261;-5.786231;47;0;0;486;325;99.98;84.85;;;
37.293392;-5.786387;47;0;0;486;325;100;84.83;;;
37.293522;-5.786543;47;0;0;486;325;100.02;84.81;;;
37.293652;-5.786699;47;0;0;486;325;100.04;84.79;;;
37.293782;-5.786855;47;0;0;486;325;100.06;84.77;;;
37.293913;-5.787011;47;0;0;486;325;100.08;84.75;;;
37.294043;-5.787167;47;0;0;486;325;100.1;84.73;;;
37.294173;-5.787323;47;0;0;486;325;100.12;84.71;;;
37.294303;-5.787479;47;0;0;486;325;100.14;84.69;;;
37.294434;-5.787635;47;0;0;486;325;100.16;84.67;;;
37.294565;-5.787789;47;0;0;486;325;100.18;84.65;;;
37.294699;-5.787939;47;0;0;486;325;100.2;84.63;;;
37.294834;-5.788090;47;0;0;486;325;100.22;84.61;;;
37.294968;-5.788240;48;0;0;486;325;100.24;84.59;;;
37.295101;-5.788393;48;0;0;487;324;100.26;84.57;;;
37.295232;-5.788547;48;0;0;487;324;100.28;84.55;;;
37.295364;-5.788700;48;0;0;487;324;100.3;84.53;;;
37.295495;-5.788856;48;0;1;487;324;100.32;84.51;;;
37.295622;-5.789015;48;0;1;487;324;100.34;84.49;;;
37.295750;-5.789175;48;0;1;487;324;100.36;84.47;;;
37.295879;-5.789332;48;0;1;487;324;100.38;84.45;;;
37.296008;-5.789490;48;0;1;487;324;100.4;84.43;;;
37.296137;-5.789648;49;0;1;488;323;100.42;84.41;;;
37.296270;-5.789800;49;0;1;488;323;100.44;84.39;;;
37.296403;-5.789952;49;0;1;488;323;100.46;84.37;;;
37.296535;-5.790106;49;0;1;488;323;100.48;84.35;;;
37.296664;-5.790263;49;0;1;488;323;100.5;84.33;;;
37.296789;-5.790425;49;0;1;488;323;100.52;84.31;;;
37.296914;-5.790587;49;0;1;488;323;100.54;84.29;;;
37.297040;-5.790750;50;0;1;489;322;100.56;84.27;;;
37.297170;-5.790905;50;0;1;489;322;100.58;84.25;;;
37.297301;-5.791061;50;0;1;489;322;100.6;84.23;;;
37.297431;-5.791216;50;0;1;489;322;100.62;84.21;;;
37.297561;-5.791372;50;0;1;489;322;100.64;84.19;;;
37.297692;-5.791528;50;0;1;489;322;100.66;84.17;;;
37.297822;-5.791683;51;0;1;490;321;100.68;84.15;;;
37.297953;-5.791839;51;0;1;490;321;100.7;84.13;;;
37.298083;-5.791995;51;0;1;490;321;100.72;84.11;;;
37.298214;-5.792151;51;0;1;490;321;100.74;84.09;;;
37.298344;-5.792306;51;0;1;490;321;100.76;84.07;;;
37.298475;-5.792462;51;0;0;490;321;100.78;84.05;;;
37.298605;-5.792618;51;0;0;490;321;100.8;84.03;;;
37.298735;-5.792773;51;0;0;490;321;100.82;84.01;;;
37.298866;-5.792929;51;0;0;490;321;100.84;83.99;;;
37.298997;-5.793084;52;0;0;490;321;100.86;83.97;;;
37.299127;-5.793240;52;0;0;491;320;100.88;83.95;;;
37.299257;-5.793396;52;0;0;491;320;100.9;83.93;;;
37.299388;-5.793552;52;0;0;491;320;100.92;83.91;;;
37.299518;-5.793707;52;0;0;491;320;100.94;83.89;;;
37.299649;-5.793863;52;0;0;491;320;100.96;83.87;;;
37.299779;-5.794019;52;0;0;491;320;100.98;83.85;;;
37.299909;-5.794175;52;0;0;491;320;101;83.83;;;
37.300039;-5.794331;52;0;0;491;320;101.02;83.81;;;
37.300169;-5.794488;52;0;0;491;320;101.04;83.79;;;
37.300299;-5.794644;52;0;0;491;320;101.06;83.77;;;
37.300429;-5.794800;52;0;0;491;320;101.08;83.75;;;
37.300559;-5.794957;52;0;0;491;320;101.1;83.73;;;
37.300689;-5.795113;52;0;0;491;320;101.12;83.71;;;
37.300818;-5.795270;52;0;0;491;320;101.14;83.69;;;
37.300948;-5.795426;52;0;0;491;320;101.16;83.67;;;
37.301078;-5.795582;52;0;-1;491;320;101.18;83.65;;;
37.301208;-5.795738;51;0;-1;491;320;101.2;83.63;;;
37.301338;-5.795895;51;0;-1;491;320;101.22;83.61;;;
37.301468;-5.796051;51;0;-1;491;320;101.24;83.59;;;
37.301598;-5.796207;51;0;-1;491;320;101.26;83.57;;;
37.301728;-5.796364;51;0;-1;491;320;101.28;83.55;;;
37.301858;-5.796520;51;0;-1;491;320;101.3;83.53;;;
37.301988;-5.796676;50;0;-1;491;320;101.32;83.51;;;
37.302118;-5.796833;50;0;-1;491;320;101.34;83.49;;;
37.302248;-5.796989;50;0;-1;491;320;101.36;83.47;;;
37.302378;-5.797145;50;0;-1;491;320;101.38;83.45;;;
37.302508;-5.797301;49;0;-1;491;320;101.4;83.43;;;
37.302639;-5.797457;49;0;-1;491;320;101.42;83.41;;;
37.302770;-5.797612;49;0;-2;491;320;101.44;83.39;;;
37.302901;-5.797767;48;0;-2;491;320;101.46;83.37;;;
37.303032;-5.797922;48;0;-2;491;320;101.48;83.35;;;
37.303162;-5.798077;48;0;-2;491;320;101.5;83.33;;;
37.303293;-5.798232;47;0;-2;491;320;101.52;83.31;;;
37.303424;-5.798387;47;0;-2;491;320;101.54;83.29;;;
37.303555;-5.798542;47;0;-2;491;320;101.56;83.27;;;
37.303686;-5.798697;46;0;-2;491;320;101.58;83.25;;;
37.303817;-5.798853;46;0;-2;491;320;101.6;83.23;;;
37.303948;-5.799008;45;0;-2;491;320;101.62;83.21;;;
37.304079;-5.799163;45;0;-2;491;320;101.64;83.19;;;
37.304209;-5.799318;44;0;-2;491;320;101.66;83.17;;;
37.304340;-5.799473;44;0;-2;491;320;101.68;83.15;;;
37.304471;-5.799628;44;0;-2;491;320;101.7;83.13;;;
37.304602;-5.799783;43;0;-2;491;320;101.72;83.11;;;
37.304736;-5.799934;43;0;-2;491;320;101.74;83.09;;;
37.304870;-5.800085;42;0;-2;491;320;101.76;83.07;;;
37.305004;-5.800236;42;0;-2;491;320;101.78;83.05;;;
37.305138;-5.800386;41;0;-2;491;320;101.8;83.03;;;
37.305272;-5.800537;41;0;-2;491;320;101.82;83.01;;;
37.305409;-5.800682;40;0;-3;491;320;101.84;82.99;;;
37.305570;-5.800784;40;0;-3;491;320;101.86;82.97;;;
37.305730;-5.800887;39;0;-3;491;320;101.88;82.95;;;
37.305892;-5.800986;39;0;-3;491;320;101.9;82.93;;;
37.306059;-5.801070;38;0;-3;491;320;101.92;82.91;;;
37.306226;-5.801154;38;0;-3;491;320;101.94;82.89;;;
37.306393;-5.801239;37;0;-3;491;320;101.96;82.87;;;
37.306559;-5.801323;37;0;-3;491;320;101.98;82.85;;;
37.306726;-5.801407;36;0;-2;491;320;102;82.83;;;
37.306894;-5.801489;36;0;-2;491;320;102.02;82.81;;;
37.307062;-5.801569;35;0;-2;491;320;102.04;82.79;;;
37.307231;-5.801648;35;0;-2;491;320;102.06;82.77;;;
37.307399;-5.801728;34;0;-2;491;320;102.08;82.75;;;
37.307567;-5.801808;34;0;-2;491;320;102.1;82.73;;;
37.307736;-5.801887;33;0;-2;491;320;102.12;82.71;;;
37.307904;-5.801967;33;0;-2;491;320;102.14;82.69;;;
37.308071;-5.802050;32;0;-2;491;320;102.16;82.67;;;
37.308238;-5.802134;32;0;-2;491;320;102.18;82.65;;;
37.308409;-5.802203;31;0;-2;491;320;102.2;82.63;;;
37.308584;-5.802256;31;0;-2;491;320;102.22;82.61;;;
37.308759;-5.802308;31;0;-2;491;320;102.24;82.59;;;
37.308936;-5.802346;30;0;-2;491;320;102.26;82.57;;;
37.309115;-5.802373;30;0;-1;491;320;102.28;82.55;;;
37.309293;-5.802398;30;0;-1;491;320;102.3;82.53;;;
37.309473;-5.802390;30;0;-1;491;320;102.32;82.51;;;
37.309653;-5.802382;29;0;-1;491;320;102.34;82.49;;;
37.309832;-5.802392;29;0;-1;491;320;102.36;82.47;;;
37.310011;-5.802410;29;0;-1;491;320;102.38;82.45;;;
37.310184;-5.802463;29;0;0;491;320;102.4;82.43;;;
37.310351;-5.802548;29;0;0;491;320;102.42;82.41;;;
37.310514;-5.802643;29;0;0;491;320;102.44;82.39;;;
37.310668;-5.802758;29;0;0;491;320;102.46;82.37;;;
37.310818;-5.802883;29;0;0;491;320;102.48;82.35;;;
37.310949;-5.803037;29;0;0;491;320;102.5;82.33;;;
37.311081;-5.803191;29;0;0;491;320;102.52;82.31;;;
37.311212;-5.803345;29;0;1;491;320;102.54;82.29;;;
37.311344;-5.803500;29;0;1;491;320;102.56;82.27;;;
37.311475;-5.803654;30;0;1;492;319;102.58;82.25;;;
37.311607;-5.803808;30;0;1;492;319;102.6;82.23;;;
37.311738;-5.803962;30;0;1;492;319;102.62;82.21;;;
37.311870;-5.804116;30;0;2;492;319;102.64;82.19;;;
37.312006;-5.804263;31;0;2;493;318;102.66;82.17;;;
37.312150;-5.804399;31;0;2;493;318;102.68;82.15;;;
37.312294;-5.804535;31;0;2;493;318;102.7;82.13;;;
37.312447;-5.804654;32;0;2;494;317;102.72;82.11;;;
37.312602;-5.804769;32;0;2;494;317;102.74;82.09;;;
37.312757;-5.804883;33;0;2;495;316;102.76;82.07;;;
37.312912;-5.804998;33;0;2;495;316;102.78;82.05;;;
37.313067;-5.805113;33;0;2;495;316;102.8;82.03;;;
37.313221;-5.805228;34;0;2;496;315;102.82;82.01;;;
37.313376;-5.805343;34;0;2;496;315;102.84;81.99;;;
37.313531;-5.805458;35;0;2;497;314;102.86;81.97;;;
37.313686;-5.805573;35;0;3;497;314;102.88;81.95;;;
37.313841;-5.805688;36;0;3;498;313;102.9;81.93;;;
37.313996;-5.805803;36;0;3;498;313;102.92;81.91;;;
37.314151;-5.805918;37;0;3;499;312;102.94;81.89;;;
37.314306;-5.806033;37;0;3;499;312;102.96;81.87;;;
37.314461;-5.806147;38;0;3;500;311;102.98;81.85;;;
37.314616;-5.806262;39;0;3;501;310;103;81.83;;;
37.314770;-5.806378;39;0;3;501;310;103.02;81.81;;;
37.314925;-5.806493;40;0;3;502;309;103.04;81.79;;;
37.315080;-5.806607;40;0;3;503;308;103.06;81.77;;;
37.315235;-5.806722;41;0;3;503;308;103.08;81.75;;;
37.315390;-5.806837;42;0;3;504;307;103.1;81.73;;;
37.315545;-5.806953;43;0;3;505;306;103.12;81.71;;;
37.315700;-5.807068;43;0;4;505;306;103.14;81.69;;;
37.315855;-5.807182;44;0;3;506;305;103.16;81.67;;;
37.316010;-5.807297;45;0;4;507;304;103.18;81.65;;;
37.316165;-5.807412;45;0;4;507;304;103.2;81.63;;;
37.316320;-5.807527;46;0;4;508;303;103.22;81.61;;;
37.316474;-5.807642;47;0;4;509;302;103.24;81.59;;;
37.316629;-5.807757;48;0;4;510;301;103.26;81.57;;;
37.316784;-5.807872;48;0;4;510;301;103.28;81.55;;;
37.316939;-5.807987;49;0;4;511;300;103.3;81.53;;;
37.317094;-5.808102;50;0;4;512;299;103.32;81.51;;;
37.317249;-5.808217;51;0;4;513;298;103.34;81.49;;;
37.317404;-5.808332;51;0;3;513;298;103.36;81.47;;;
37.317559;-5.808446;52;0;3;514;297;103.38;81.45;;;
37.317714;-5.808562;53;0;3;515;296;103.4;81.43;;;
37.317868;-5.808677;53;0;3;515;296;103.42;81.41;;;
37.318023;-5.808792;54;0;3;516;295;103.44;81.39;;;
37.318178;-5.808906;55;0;3;517;294;103.46;81.37;;;
37.318333;-5.809021;55;0;3;517;294;103.48;81.35;;;
37.318488;-5.809136;56;0;3;518;293;103.5;81.33;;;
37.318643;-5.809251;56;0;3;518;293;103.52;81.31;;;
37.318798;-5.809366;57;0;3;519;292;103.54;81.29;;;
37.318953;-5.809481;57;0;3;519;292;103.56;81.27;;;
37.319108;-5.809595;58;0;3;520;291;103.58;81.25;;;
37.319272;-5.809690;59;0;3;521;290;103.6;81.23;;;
37.319435;-5.809785;59;0;3;521;290;103.62;81.21;;;
37.319598;-5.809880;60;0;3;522;289;103.64;81.19;;;
37.319761;-5.809975;60;0;3;522;289;103.66;81.17;;;
37.319924;-5.810070;61;0;2;523;288;103.68;81.15;;;
37.320087;-5.810166;61;0;2;523;288;103.7;81.13;;;
37.320251;-5.810261;62;0;2;524;287;103.72;81.11;;;
37.320414;-5.810356;62;0;2;524;287;103.74;81.09;;;
37.320577;-5.810451;62;0;2;524;287;103.76;81.07;;;
37.320740;-5.810546;63;0;2;525;286;103.78;81.05;;;
37.320903;-5.810641;63;0;2;525;286;103.8;81.03;;;
37.321066;-5.810737;63;0;1;525;286;103.82;81.01;;;
37.321230;-5.810832;64;0;1;526;285;103.84;80.99;;;
37.321392;-5.810930;64;0;1;526;285;103.86;80.97;;;
37.321553;-5.811029;64;0;1;526;285;103.88;80.95;;;
37.321715;-5.811128;64;0;1;526;285;103.9;80.93;;;
37.321873;-5.811235;65;0;1;527;284;103.92;80.91;;;
37.322026;-5.811355;65;0;1;527;284;103.94;80.89;;;
37.322170;-5.811490;65;0;1;527;284;103.96;80.87;;;
37.322298;-5.811648;65;0;1;527;284;103.98;80.85;;;
37.322406;-5.811829;65;0;1;527;284;104;80.83;;;
37.322514;-5.812011;65;0;0;527;284;104.02;80.81;;;
37.322621;-5.812192;65;0;0;527;284;104.04;80.79;;;
37.322729;-5.812373;66;0;0;528;283;104.06;80.77;;;
37.322836;-5.812555;66;0;0;528;283;104.08;80.75;;;
37.322944;-5.812736;66;0;0;528;283;104.1;80.73;;;
37.323051;-5.812918;65;0;0;528;283;104.12;80.71;;;
37.323159;-5.813099;65;0;0;528;283;104.14;80.69;;;
37.323266;-5.813280;65;0;0;528;283;104.16;80.67;;;
37.323374;-5.813461;65;0;-1;528;283;104.18;80.65;;;
37.323482;-5.813642;65;0;-1;528;283;104.2;80.63;;;
37.323614;-5.813795;65;0;-1;528;283;104.22;80.61;;;
37.323747;-5.813947;65;0;-1;528;283;104.24;80.59;;;
37.323888;-5.814088;65;0;-1;528;283;104.26;80.57;;;
37.324031;-5.814225;64;0;-1;528;283;104.28;80.55;;;
37.324187;-5.814336;64;0;-1;528;283;104.3;80.53;;;
37.324344;-5.814448;64;0;-1;528;283;104.32;80.51;;;
37.324505;-5.814548;64;0;-1;528;283;104.34;80.49;;;
37.324671;-5.814634;64;0;-1;528;283;104.36;80.47;;;
37.324843;-5.814699;64;0;-1;528;283;104.38;80.45;;;
37.325015;-5.814765;64;0;-1;528;283;104.4;80.43;;;
37.325191;-5.814808;63;0;-1;528;283;104.42;80.41;;;
37.325370;-5.814839;63;0;-1;528;283;104.44;80.39;;;
37.325548;-5.814860;63;0;-1;528;283;104.46;80.37;;;
37.325728;-5.814864;63;0;-1;528;283;104.48;80.35;;;
37.325908;-5.814868;63;0;-1;528;283;104.5;80.33;;;
37.326088;-5.814878;63;0;-1;528;283;104.52;80.31;;;
37.326267;-5.814894;62;0;-1;528;283;104.54;80.29;;;
37.326447;-5.814908;62;0;0;528;283;104.56;80.27;;;
37.326626;-5.814923;62;0;0;528;283;104.58;80.25;;;
37.326806;-5.814938;62;0;0;528;283;104.6;80.23;;;
37.326985;-5.814953;62;0;0;528;283;104.62;80.21;;;
37.327164;-5.814968;62;0;0;528;283;104.64;80.19;;;
37.327344;-5.814983;62;0;0;528;283;104.66;80.17;;;
37.327523;-5.814998;62;0;0;528;283;104.68;80.15;;;
37.327700;-5.815029;62;0;0;528;283;104.7;80.13;;;
37.327862;-5.815125;62;0;0;528;283;104.72;80.11;;;
37.327996;-5.815273;62;0;0;528;283;104.74;80.09;;;
37.328111;-5.815446;62;0;0;528;283;104.76;80.07;;;
37.328175;-5.815656;62;0;0;528;283;104.78;80.05;;;
37.328201;-5.815880;62;0;0;528;283;104.8;80.03;;;
37.328226;-5.816104;62;0;0;528;283;104.82;80.01;;;
37.328289;-5.816315;62;0;0;528;283;104.84;79.99;;;
37.328365;-5.816519;62;0;0;528;283;104.86;79.97;;;
37.328445;-5.816722;62;0;0;528;283;104.88;79.95;;;
37.328521;-5.816927;62;0;0;528;283;104.9;79.93;;;
37.328578;-5.817141;62;0;0;528;283;104.92;79.91;;;
37.328617;-5.817360;62;0;0;528;283;104.94;79.89;;;
37.328611;-5.817586;62;0;0;528;283;104.96;79.87;;;
37.328589;-5.817810;62;0;0;528;283;104.98;79.85;;;
37.328557;-5.818032;63;0;1;528;283;105;79.83;17;;
37.328494;-5.818243;63;0;1;528;283;105.02;79.81;;;
37.328421;-5.818449;63;0;1;528;283;105.04;79.79;;;
37.328332;-5.818646;63;0;0;528;283;105.06;79.77;;;
37.328238;-5.818838;63;0;0;529;282;105.08;79.75;;;
37.328150;-5.819035;63;0;1;529;282;105.1;79.73;;;
37.328071;-5.819238;63;0;1;529;282;105.12;79.71;;;
37.328025;-5.819456;63;0;1;529;282;105.14;79.69;;;
37.327997;-5.819679;63;0;1;529;282;105.16;79.67;;;
37.327989;-5.819905;63;0;1;529;282;105.18;79.65;;;
37.327982;-5.820131;64;0;1;529;282;105.2;79.63;;;
37.327984;-5.820357;64;0;1;529;282;105.22;79.61;;;
37.327993;-5.820583;64;0;1;530;281;105.24;79.59;;;
37.327999;-5.820809;64;0;1;530;281;105.26;79.57;;;
37.327999;-5.821035;64;0;1;530;281;105.28;79.55;;;
37.327999;-5.821261;64;0;1;530;281;105.3;79.53;;;
37.327999;-5.821487;65;0;1;530;281;105.32;79.51;;;
37.327999;-5.821713;65;0;1;530;281;105.34;79.49;;;
37.327999;-5.821940;65;0;1;531;280;105.36;79.47;;;
37.327999;-5.822166;65;0;1;531;280;105.38;79.45;;;
37.327999;-5.822392;65;0;1;531;280;105.4;79.43;;;
37.327999;-5.822618;65;0;1;531;280;105.42;79.41;;;
37.328003;-5.822844;66;0;1;531;280;105.44;79.39;;;
37.328012;-5.823070;66;0;1;531;280;105.46;79.37;;;
37.328026;-5.823295;66;0;1;532;279;105.48;79.35;;;
37.328070;-5.823514;66;0;1;532;279;105.5;79.33;;;
37.328112;-5.823734;66;0;0;532;279;105.52;79.31;;;
37.328182;-5.823942;66;0;0;532;279;105.54;79.29;;;
37.328255;-5.824149;66;0;0;532;279;105.56;79.27;;;
37.328337;-5.824350;66;0;0;532;279;105.58;79.25;;;
37.328439;-5.824536;66;0;0;532;279;105.6;79.23;;;
37.328540;-5.824723;66;0;0;532;279;105.62;79.21;;;
37.328659;-5.824892;66;0;0;532;279;105.64;79.19;;;
37.328780;-5.825059;66;0;-1;532;279;105.66;79.17;;;
37.328903;-5.825225;66;0;-1;532;279;105.68;79.15;;;
37.329038;-5.825372;66;0;-1;532;279;105.7;79.13;;;
37.329210;-5.825431;65;0;-2;532;279;105.72;79.11;;;
37.329288;-5.825622;65;0;-2;532;279;105.74;79.09;;;
37.329181;-5.825797;64;0;-2;532;279;105.76;79.07;;;
37.329111;-5.826002;64;0;-2;532;279;105.78;79.05;;;
37.329136;-5.826216;64;0;-2;532;279;105.8;79.03;18;;
37.329214;-5.826420;63;0;-2;532;279;105.82;79.01;;;
37.329294;-5.826623;63;0;-2;532;279;105.84;78.99;;;
37.329377;-5.826823;63;0;-2;532;279;105.86;78.97;;;
37.329460;-5.827024;62;0;-2;532;279;105.88;78.95;;;
37.329544;-5.827224;62;0;-2;532;279;105.9;78.93;;;
37.329628;-5.827424;62;0;-2;532;279;105.92;78.91;;;
37.329711;-5.827625;61;0;-2;532;279;105.94;78.89;;;
37.329794;-5.827825;61;0;-2;532;279;105.96;78.87;;;
37.329878;-5.828026;61;0;-2;532;279;105.98;78.85;;;
37.329955;-5.828230;60;0;-2;532;279;106;78.83;;;
37.330032;-5.828434;60;0;-2;532;279;106.02;78.81;;;
37.330109;-5.828639;59;0;-2;532;279;106.04;78.79;;;
37.330187;-5.828843;59;0;-2;532;279;106.06;78.77;;;
37.330264;-5.829047;59;0;-2;532;279;106.08;78.75;;;
37.330341;-5.829251;59;0;-1;532;279;106.1;78.73;;;
37.330418;-5.829456;58;0;-1;532;279;106.12;78.71;;;
37.330496;-5.829660;58;0;-1;532;279;106.14;78.69;;;
37.330573;-5.829864;58;0;-1;532;279;106.16;78.67;;;
37.330650;-5.830068;57;0;-1;532;279;106.18;78.65;;;
37.330727;-5.830273;57;0;-1;532;279;106.2;78.63;;;
37.330804;-5.830477;57;0;-1;532;279;106.22;78.61;;;
37.330885;-5.830679;57;0;-1;532;279;106.24;78.59;;;
37.330966;-5.830881;57;0;-1;532;279;106.26;78.57;;;
37.331047;-5.831083;56;0;-1;532;279;106.28;78.55;;;
37.331127;-5.831286;56;0;-1;532;279;106.3;78.53;;;
37.331208;-5.831488;56;0;-1;532;279;106.32;78.51;;;
37.331289;-5.831690;56;0;-1;532;279;106.34;78.49;;;
37.331369;-5.831892;56;0;0;532;279;106.36;78.47;;;
37.331450;-5.832094;56;0;0;532;279;106.38;78.45;;;
37.331530;-5.832297;56;0;0;532;279;106.4;78.43;;;
37.331611;-5.832499;56;0;0;532;279;106.42;78.41;;;
37.331692;-5.832701;56;0;0;532;279;106.44;78.39;;;
37.331772;-5.832903;56;0;0;532;279;106.46;78.37;;;
37.331853;-5.833105;56;0;0;532;279;106.48;78.35;;;
37.331934;-5.833308;56;0;0;532;279;106.5;78.33;;;
37.332013;-5.833511;56;0;0;532;279;106.52;78.31;;;
37.332092;-5.833714;56;0;0;532;279;106.54;78.29;;;
37.332171;-5.833917;56;0;0;532;279;106.56;78.27;;;
37.332251;-5.834120;56;0;0;532;279;106.58;78.25;;;
37.332330;-5.834323;56;0;1;532;279;106.6;78.23;;;
37.332410;-5.834526;56;0;1;532;279;106.62;78.21;;;
37.332489;-5.834729;56;0;1;532;279;106.64;78.19;;;
37.332569;-5.834932;56;0;1;533;278;106.66;78.17;;;
37.332648;-5.835135;57;0;1;533;278;106.68;78.15;;;
37.332727;-5.835337;57;0;1;533;278;106.7;78.13;;;
37.332807;-5.835541;57;0;1;533;278;106.72;78.11;;;
37.332886;-5.835744;57;0;1;533;278;106.74;78.09;;;
37.332965;-5.835947;57;0;1;533;278;106.76;78.07;;;
37.333044;-5.836150;58;0;1;534;277;106.78;78.05;;;
37.333124;-5.836353;58;0;1;534;277;106.8;78.03;;;
37.333203;-5.836556;58;0;1;534;277;106.82;78.01;;;
37.333283;-5.836759;58;0;1;534;277;106.84;77.99;;;
37.333362;-5.836962;58;0;1;534;277;106.86;77.97;;;
37.333431;-5.837170;59;0;1;535;276;106.88;77.95;;;
37.333499;-5.837380;59;0;1;535;276;106.9;77.93;;;
37.333567;-5.837589;59;0;1;535;276;106.92;77.91;;;
37.333630;-5.837801;59;0;1;535;276;106.94;77.89;;;
37.333685;-5.838016;60;0;1;536;275;106.96;77.87;;;
37.333740;-5.838232;60;0;1;536;275;106.98;77.85;;;
37.333794;-5.838447;60;0;1;536;275;107;77.83;;;
37.333849;-5.838663;60;0;1;536;275;107.02;77.81;;;
37.333905;-5.838878;60;0;1;537;274;107.04;77.79;;;
37.333971;-5.839088;61;0;1;537;274;107.06;77.77;;;
37.334061;-5.839282;61;0;1;537;274;107.08;77.75;;;
37.334191;-5.839427;61;0;1;537;274;107.1;77.73;;;
37.334368;-5.839472;62;0;1;538;273;107.12;77.71;;;
37.334544;-5.839516;62;0;1;538;273;107.14;77.69;;;
37.334720;-5.839561;62;0;1;538;273;107.16;77.67;;;
37.334897;-5.839605;62;0;1;538;273;107.18;77.65;;;
37.335073;-5.839650;62;0;1;539;272;107.2;77.63;;;
37.335249;-5.839694;63;0;1;539;272;107.22;77.61;;;
37.335424;-5.839745;63;0;1;539;272;107.24;77.59;;;
37.335598;-5.839806;63;0;1;539;272;107.26;77.57;;;
37.335767;-5.839879;63;0;1;539;272;107.28;77.55;;;
37.335926;-5.839984;63;0;1;540;271;107.3;77.53;;;
37.336069;-5.840121;64;0;1;540;271;107.32;77.51;;;
37.336213;-5.840257;64;0;1;540;271;107.34;77.49;;;
37.336356;-5.840393;64;0;1;540;271;107.36;77.47;;;
37.336501;-5.840527;64;0;0;540;271;107.38;77.45;;;
37.336665;-5.840614;64;0;0;540;271;107.4;77.43;;;
37.336843;-5.840590;64;0;0;540;271;107.42;77.41;;;
37.337022;-5.840579;64;0;0;540;271;107.44;77.39;;;
37.337201;-5.840602;64;0;0;540;271;107.46;77.37;;;
37.337380;-5.840629;64;0;0;540;271;107.48;77.35;;;
37.337557;-5.840615;64;0;0;540;271;107.5;77.33;;;
37.337732;-5.840561;64;0;0;540;271;107.52;77.31;;;
37.337894;-5.840464;64;0;0;540;271;107.54;77.29;;;
37.338027;-5.840315;64;0;0;540;271;107.56;77.27;;;
37.338140;-5.840139;64;0;0;540;271;107.58;77.25;;;
37.338252;-5.839962;64;0;0;540;271;107.6;77.23;;;
37.338365;-5.839785;64;0;0;540;271;107.62;77.21;;;
37.338477;-5.839608;64;0;0;540;271;107.64;77.19;;;
37.338590;-5.839433;64;0;0;540;271;107.66;77.17;;;
37.338707;-5.839261;64;0;0;540;271;107.68;77.15;;;
37.338823;-5.839088;64;0;0;540;271;107.7;77.13;;;
37.338939;-5.838915;64;0;0;540;271;107.72;77.11;;;
37.339026;-5.838719;64;0;0;541;270;107.74;77.09;;;
37.339102;-5.838514;64;0;0;541;270;107.76;77.07;;;
37.339150;-5.838296;64;0;0;541;270;107.78;77.05;;;
37.339197;-5.838077;64;0;0;541;270;107.8;77.03;;;
37.339243;-5.837859;64;0;0;541;270;107.82;77.01;;;
37.339289;-5.837640;64;0;0;541;270;107.84;76.99;;;
37.339333;-5.837420;64;0;0;541;270;107.86;76.97;;;
37.339375;-5.837201;64;0;1;541;270;107.88;76.95;;;
37.339398;-5.836977;65;0;1;541;270;107.9;76.93;;;
37.339411;-5.836751;65;0;1;541;270;107.92;76.91;;;
37.339424;-5.836526;65;0;1;541;270;107.94;76.89;;;
37.339456;-5.836304;65;0;1;542;269;107.96;76.87;;;
37.339507;-5.836087;65;0;1;542;269;107.98;76.85;;;
37.339626;-5.835930;66;0;1;542;269;108;76.83;;;
37.339673;-5.835712;66;0;1;543;268;108.02;76.81;;;
37.339727;-5.835496;66;0;2;543;268;108.04;76.79;;;
37.339818;-5.835303;66;0;1;543;268;108.06;76.77;;;
37.339919;-5.835116;67;0;1;543;268;108.08;76.75;;;
37.340019;-5.834928;67;0;1;544;267;108.1;76.73;;;
37.340115;-5.834737;67;0;2;544;267;108.12;76.71;;;
37.340195;-5.834534;68;0;2;544;267;108.14;76.69;;;
37.340259;-5.834323;68;0;2;545;266;108.16;76.67;;;
37.340277;-5.834099;68;0;2;545;266;108.18;76.65;;;
37.340290;-5.833887;69;0;2;546;265;108.2;76.63;;;
37.340438;-5.833770;70;0;2;547;264;108.22;76.61;;;
37.340531;-5.833576;70;0;2;547;264;108.24;76.59;;;
37.340587;-5.833361;71;0;2;547;264;108.26;76.57;;;
37.340639;-5.833144;71;0;2;548;263;108.28;76.55;;;
37.340690;-5.832928;71;0;2;548;263;108.3;76.53;;;
37.340742;-5.832711;72;0;2;548;263;108.32;76.51;;;
37.340771;-5.832489;72;0;2;549;262;108.34;76.49;;;
37.340789;-5.832264;72;0;2;549;262;108.36;76.47;;;
37.340806;-5.832038;73;0;2;549;262;108.38;76.45;;;
37.340835;-5.831815;73;0;2;550;261;108.4;76.43;;;
37.340865;-5.831592;74;0;2;551;260;108.42;76.41;;;
37.340905;-5.831372;74;0;2;551;260;108.44;76.39;;;
37.340953;-5.831154;75;0;2;551;260;108.46;76.37;;;
37.341000;-5.830935;75;0;2;552;259;108.48;76.35;;;
37.341047;-5.830717;76;0;3;552;259;108.5;76.33;;;
37.341097;-5.830501;76;0;3;553;258;108.52;76.31;;;
37.341191;-5.830309;77;0;3;553;258;108.54;76.29;;;
37.341313;-5.830142;77;0;4;554;257;108.56;76.27;;;
37.341425;-5.829968;78;0;4;555;256;108.58;76.25;;;
37.341504;-5.829766;79;0;4;555;256;108.6;76.23;;;
37.341659;-5.829659;80;0;4;557;254;108.62;76.21;;;
37.341821;-5.829563;81;0;4;557;254;108.64;76.19;;;
37.341959;-5.829418;81;0;3;558;253;108.66;76.17;;;
37.342097;-5.829273;82;0;3;558;253;108.68;76.15;;;
37.342234;-5.829126;82;0;3;559;252;108.7;76.13;;;
37.342368;-5.828976;83;0;3;560;251;108.72;76.11;;;
37.342502;-5.828825;84;0;3;560;251;108.74;76.09;;;
37.342636;-5.828674;84;0;3;561;250;108.76;76.07;;;
37.342769;-5.828522;85;0;3;561;250;108.78;76.05;;;
37.342901;-5.828369;85;0;3;562;249;108.8;76.03;;;
37.343034;-5.828216;86;0;4;562;249;108.82;76.01;;;
37.343166;-5.828062;86;0;4;563;248;108.84;75.99;;;
37.343260;-5.827871;87;0;3;564;247;108.86;75.97;;;
37.343375;-5.827711;88;0;3;565;246;108.88;75.95;;;
37.343541;-5.827628;89;0;3;566;245;108.9;75.93;;;
37.343698;-5.827520;90;0;3;566;245;108.92;75.91;;;
37.343847;-5.827393;90;0;3;567;244;108.94;75.89;;;
37.343996;-5.827265;91;0;2;567;244;108.96;75.87;;;
37.344151;-5.827151;91;0;2;568;243;108.98;75.85;;;
37.344309;-5.827044;92;0;2;568;243;109;75.83;;;
37.344471;-5.826947;92;0;2;569;242;109.02;75.81;;;
37.344641;-5.826873;92;0;2;569;242;109.04;75.79;;;
37.344809;-5.826791;93;0;2;569;242;109.06;75.77;;;
37.344974;-5.826703;93;0;2;570;241;109.08;75.75;;;
37.345140;-5.826615;94;0;2;570;241;109.1;75.73;;;
37.345305;-5.826526;94;0;2;571;240;109.12;75.71;;;
37.345469;-5.826432;94;0;2;571;240;109.14;75.69;;;
37.345632;-5.826337;95;0;2;571;240;109.16;75.67;;;
37.345795;-5.826241;95;0;2;572;239;109.18;75.65;;;
37.345952;-5.826130;95;0;1;572;239;109.2;75.63;;;
37.346105;-5.826012;96;0;1;572;239;109.22;75.61;;;
37.346258;-5.825894;96;0;1;572;239;109.24;75.59;;;
37.346411;-5.825775;96;0;1;573;238;109.26;75.57;;;
37.346557;-5.825642;96;0;1;573;238;109.28;75.55;;;
37.346701;-5.825507;97;0;1;573;238;109.3;75.53;;;
37.346845;-5.825372;97;0;1;574;237;109.32;75.51;;;
37.346980;-5.825222;97;0;1;574;237;109.34;75.49;;;
37.347115;-5.825073;97;0;1;574;237;109.36;75.47;;;
37.347250;-5.824923;98;0;1;574;237;109.38;75.45;;;
37.347385;-5.824773;98;0;1;574;237;109.4;75.43;19;;
37.347513;-5.824615;98;0;1;575;236;109.42;75.41;;;
37.347629;-5.824443;98;0;1;575;236;109.44;75.39;;;
37.347746;-5.824270;99;0;1;575;236;109.46;75.37;;;
37.347862;-5.824098;99;0;1;575;236;109.48;75.35;;;
37.347978;-5.823924;99;0;1;576;235;109.5;75.33;;;
37.348083;-5.823740;99;0;1;576;235;109.52;75.31;;;
37.348186;-5.823556;100;0;1;576;235;109.54;75.29;;;
37.348287;-5.823368;100;0;1;577;234;109.56;75.27;;;
37.348388;-5.823180;100;0;1;577;234;109.58;75.25;;;
37.348488;-5.822993;101;0;1;577;234;109.6;75.23;;;
37.348588;-5.822805;101;0;1;577;234;109.62;75.21;;;
37.348689;-5.822617;101;0;1;578;233;109.64;75.19;;;
37.348790;-5.822430;101;0;1;578;233;109.66;75.17;;;
37.348890;-5.822243;102;0;1;578;233;109.68;75.15;;;
37.348991;-5.822055;102;0;1;578;233;109.7;75.13;;;
37.349091;-5.821867;102;0;1;579;232;109.72;75.11;;;
37.349191;-5.821679;102;0;1;579;232;109.74;75.09;;;
37.349292;-5.821492;102;0;1;579;232;109.76;75.07;;;
37.349392;-5.821304;103;0;1;579;232;109.78;75.05;;;
37.349492;-5.821116;103;0;1;579;232;109.8;75.03;;;
37.349593;-5.820928;103;0;1;580;231;109.82;75.01;;;
37.349694;-5.820741;103;0;1;580;231;109.84;74.99;;;
37.349795;-5.820554;103;0;1;580;231;109.86;74.97;;;
37.349895;-5.820366;103;0;1;580;231;109.88;74.95;;;
37.349990;-5.820176;104;0;2;580;231;109.9;74.93;;;
37.350014;-5.819951;104;0;2;581;230;109.92;74.91;;;
37.349976;-5.819738;104;0;2;581;230;109.94;74.89;;;
37.350045;-5.819532;105;0;2;581;230;109.96;74.87;;;
37.350193;-5.819413;105;0;2;582;229;109.98;74.85;;;
37.350357;-5.819320;106;0;2;582;229;110;74.83;;;
37.350502;-5.819193;106;0;1;583;228;110.02;74.81;;;
37.350599;-5.819003;106;0;1;583;228;110.04;74.79;;;
37.350686;-5.818805;106;0;1;583;228;110.06;74.77;;;
37.350761;-5.818600;106;0;1;583;228;110.08;74.75;;;
37.350836;-5.818394;107;0;1;583;228;110.1;74.73;;;
37.350910;-5.818188;107;0;0;583;228;110.12;74.71;;;
37.350974;-5.817977;107;0;0;583;228;110.14;74.69;;;
37.351020;-5.817758;107;0;0;583;228;110.16;74.67;;;
37.351066;-5.817539;107;0;0;583;228;110.18;74.65;;;
37.351111;-5.817321;107;0;0;584;227;110.2;74.63;;;
37.351153;-5.817101;107;0;0;584;227;110.22;74.61;;;
37.351176;-5.816876;107;0;0;584;227;110.24;74.59;;;
37.351198;-5.816652;107;0;0;584;227;110.26;74.57;;;
37.351220;-5.816427;107;0;0;584;227;110.28;74.55;;;
37.351236;-5.816202;107;0;0;584;227;110.3;74.53;;;
37.351252;-5.815976;107;0;0;584;227;110.32;74.51;;;
37.351268;-5.815751;107;0;0;584;227;110.34;74.49;;;
37.351284;-5.815526;107;0;0;584;227;110.36;74.47;;;
37.351300;-5.815300;107;0;0;584;227;110.38;74.45;;;
37.351316;-5.815075;107;0;0;584;227;110.4;74.43;;;
37.351332;-5.814850;106;0;0;584;227;110.42;74.41;;;
37.351349;-5.814624;106;0;-1;584;227;110.44;74.39;;;
37.351365;-5.814399;106;0;-1;584;227;110.46;74.37;;;
37.351381;-5.814174;106;0;-1;584;227;110.48;74.35;;;
37.351397;-5.813948;106;0;-1;584;227;110.5;74.33;;;
37.351413;-5.813723;106;0;-1;584;227;110.52;74.31;;;
37.351429;-5.813498;106;0;-1;584;227;110.54;74.29;;;
37.351445;-5.813272;105;0;-1;584;227;110.56;74.27;;;
37.351473;-5.813049;105;0;-1;584;227;110.58;74.25;;;
37.351505;-5.812826;105;0;-1;584;227;110.6;74.23;;;
37.351536;-5.812603;104;0;-1;584;227;110.62;74.21;;;
37.351568;-5.812381;104;0;-2;584;227;110.64;74.19;;;
37.351600;-5.812158;104;0;-2;584;227;110.66;74.17;;;
37.351638;-5.811937;103;0;-2;584;227;110.68;74.15;;;
37.351687;-5.811719;103;0;-1;584;227;110.7;74.13;;;
37.351736;-5.811502;103;0;-1;584;227;110.72;74.11;;;
37.351784;-5.811284;103;0;-1;584;227;110.74;74.09;;;
37.351833;-5.811066;102;0;-1;584;227;110.76;74.07;;;
37.351894;-5.810853;102;0;-1;584;227;110.78;74.05;;;
37.351956;-5.810641;102;0;-1;584;227;110.8;74.03;;;
37.352017;-5.810428;102;0;-1;584;227;110.82;74.01;;;
37.352079;-5.810215;101;0;-1;584;227;110.84;73.99;;;
37.352140;-5.810003;101;0;-1;584;227;110.86;73.97;;;
37.352201;-5.809790;101;0;-1;584;227;110.88;73.95;;;
37.352268;-5.809580;100;0;-1;584;227;110.9;73.93;;;
37.352337;-5.809371;100;0;-1;584;227;110.92;73.91;;;
37.352405;-5.809161;100;0;-1;584;227;110.94;73.89;;;
37.352473;-5.808952;100;0;-1;584;227;110.96;73.87;;;
37.352542;-5.808743;99;0;-1;584;227;110.98;73.85;;;
37.352611;-5.808534;99;0;-1;584;227;111;73.83;;;
37.352679;-5.808325;99;0;-1;584;227;111.02;73.81;;;
37.352748;-5.808115;99;0;-1;584;227;111.04;73.79;;;
37.352816;-5.807906;98;0;-1;584;227;111.06;73.77;;;
37.352885;-5.807697;98;0;-1;584;227;111.08;73.75;;;
37.352954;-5.807488;98;0;-1;584;227;111.1;73.73;;;
37.353022;-5.807279;98;0;-1;584;227;111.12;73.71;;;
37.353090;-5.807069;97;0;-1;584;227;111.14;73.69;;;
37.353159;-5.806860;97;0;-1;584;227;111.16;73.67;;;
37.353228;-5.806651;97;0;-1;584;227;111.18;73.65;;;
37.353296;-5.806442;97;0;-1;584;227;111.2;73.63;;;
37.353364;-5.806233;97;0;-1;584;227;111.22;73.61;;;
37.353433;-5.806023;97;0;-1;584;227;111.24;73.59;;;
37.353501;-5.805814;97;0;0;584;227;111.26;73.57;;;
37.353570;-5.805605;97;0;0;584;227;111.28;73.55;;;
37.353639;-5.805396;96;0;0;584;227;111.3;73.53;;;
37.353707;-5.805187;96;0;0;584;227;111.32;73.51;;;
37.353776;-5.804977;96;0;0;584;227;111.34;73.49;;;
37.353844;-5.804768;96;0;0;584;227;111.36;73.47;;;
37.353913;-5.804559;96;0;0;584;227;111.38;73.45;;;
37.353982;-5.804350;96;0;0;584;227;111.4;73.43;;;
37.354051;-5.804141;96;0;0;584;227;111.42;73.41;;;
37.354119;-5.803932;96;0;0;584;227;111.44;73.39;;;
37.354188;-5.803723;96;0;0;584;227;111.46;73.37;;;
37.354256;-5.803513;96;0;0;584;227;111.48;73.35;;;
37.354325;-5.803304;96;0;0;584;227;111.5;73.33;;;
37.354393;-5.803095;96;0;0;584;227;111.52;73.31;;;
37.354462;-5.802886;97;0;0;584;227;111.54;73.29;;;
37.354531;-5.802677;97;0;0;584;227;111.56;73.27;;;
37.354599;-5.802468;97;0;1;584;227;111.58;73.25;;;
37.354667;-5.802258;97;0;1;584;227;111.6;73.23;;;
37.354736;-5.802049;97;0;1;584;227;111.62;73.21;;;
37.354805;-5.801840;97;0;1;585;226;111.64;73.19;;;
37.354873;-5.801631;97;0;1;585;226;111.66;73.17;;;
37.354942;-5.801421;97;0;1;585;226;111.68;73.15;;;
37.355010;-5.801212;98;0;1;585;226;111.7;73.13;;;
37.355079;-5.801003;98;0;1;585;226;111.72;73.11;;;
37.355148;-5.800794;98;0;1;585;226;111.74;73.09;;;
37.355216;-5.800585;98;0;1;586;225;111.76;73.07;;;
37.355284;-5.800375;98;0;1;586;225;111.78;73.05;;;
37.355353;-5.800166;99;0;1;586;225;111.8;73.03;;;
37.355421;-5.799957;99;0;1;586;225;111.82;73.01;;;
37.355490;-5.799748;99;0;1;586;225;111.84;72.99;;;
37.355559;-5.799539;99;0;1;587;224;111.86;72.97;;;
37.355627;-5.799329;99;0;1;587;224;111.88;72.95;;;
37.355695;-5.799120;100;0;1;587;224;111.9;72.93;;;
37.355764;-5.798911;100;0;1;587;224;111.92;72.91;;;
37.355833;-5.798702;100;0;1;588;223;111.94;72.89;;;
37.355901;-5.798492;100;0;1;588;223;111.96;72.87;;;
37.355969;-5.798283;101;0;1;588;223;111.98;72.85;;;
37.356038;-5.798074;101;0;1;588;223;112;72.83;;;
37.356107;-5.797865;101;0;1;589;222;112.02;72.81;;;
37.356176;-5.797656;101;0;1;589;222;112.04;72.79;;;
37.356245;-5.797447;102;0;1;589;222;112.06;72.77;;;
37.356313;-5.797238;102;0;1;589;222;112.08;72.75;;;
37.356387;-5.797032;102;0;1;590;221;112.1;72.73;;;
37.356463;-5.796826;103;0;1;590;221;112.12;72.71;;;
37.356538;-5.796621;103;0;1;590;221;112.14;72.69;;;
37.356614;-5.796415;103;0;1;591;220;112.16;72.67;;;
37.356689;-5.796210;103;0;1;591;220;112.18;72.65;;;
37.356765;-5.796005;104;0;2;591;220;112.2;72.63;;;
37.356847;-5.795804;104;0;2;591;220;112.22;72.61;;;
37.356930;-5.795602;104;0;2;592;219;112.24;72.59;;;
37.357011;-5.795401;105;0;2;592;219;112.26;72.57;;;
37.357092;-5.795199;105;0;2;592;219;112.28;72.55;;;
37.357175;-5.794998;105;0;2;593;218;112.3;72.53;;;
37.357257;-5.794796;106;0;2;593;218;112.32;72.51;;;
37.357338;-5.794595;106;0;2;593;218;112.34;72.49;;;
37.357420;-5.794393;106;0;2;594;217;112.36;72.47;;;
37.357502;-5.794192;107;0;2;594;217;112.38;72.45;;;
37.357584;-5.793990;107;0;2;595;216;112.4;72.43;;;
37.357666;-5.793789;108;0;2;595;216;112.42;72.41;;;
37.357747;-5.793587;108;0;2;595;216;112.44;72.39;;;
37.357830;-5.793386;108;0;2;596;215;112.46;72.37;;;
37.357912;-5.793184;109;0;2;596;215;112.48;72.35;;;
37.357993;-5.792983;109;0;2;596;215;112.5;72.33;;;
37.358075;-5.792781;109;0;2;597;214;112.52;72.31;;;
37.358157;-5.792580;110;0;2;597;214;112.54;72.29;;;
37.358239;-5.792379;110;0;2;598;213;112.56;72.27;;;
37.358321;-5.792177;111;0;3;598;213;112.58;72.25;;;
37.358402;-5.791975;111;0;3;598;213;112.6;72.23;;;
37.358436;-5.791754;112;0;3;599;212;112.62;72.21;;;
37.358466;-5.791531;112;0;4;600;211;112.64;72.19;;;
37.358424;-5.791314;113;0;4;601;210;112.66;72.17;;;
37.358452;-5.791095;114;0;4;602;209;112.68;72.15;;;
37.358581;-5.790942;115;0;4;602;209;112.7;72.13;;;
37.358749;-5.790869;116;0;3;603;208;112.72;72.11;;;
37.358887;-5.790724;116;0;3;604;207;112.74;72.09;;;
37.358990;-5.790544;117;0;3;604;207;112.76;72.07;;;
37.359073;-5.790343;117;0;2;605;206;112.78;72.05;;;
37.359155;-5.790141;118;0;2;605;206;112.8;72.03;;;
37.359237;-5.789940;118;0;2;606;205;112.82;72.01;;;
37.359320;-5.789739;119;0;2;606;205;112.84;71.99;;;
37.359403;-5.789538;119;0;2;606;205;112.86;71.97;;;
37.359485;-5.789337;119;0;2;607;204;112.88;71.95;;;
37.359568;-5.789136;120;0;2;607;204;112.9;71.93;;;
37.359650;-5.788935;120;0;2;608;203;112.92;71.91;;;
37.359733;-5.788734;121;0;2;608;203;112.94;71.89;;;
37.359815;-5.788533;121;0;2;609;202;112.96;71.87;;;
37.359897;-5.788331;122;0;2;609;202;112.98;71.85;;;
37.359980;-5.788130;122;0;2;609;202;113;71.83;;;
37.360062;-5.787929;122;0;2;610;201;113.02;71.81;;;
37.360145;-5.787728;123;0;2;610;201;113.04;71.79;;;
37.360227;-5.787527;123;0;2;611;200;113.06;71.77;;;
37.360310;-5.787326;124;0;2;611;200;113.08;71.75;;;
37.360392;-5.787125;124;0;2;612;199;113.1;71.73;;;
37.360475;-5.786924;125;0;2;612;199;113.12;71.71;;;
37.360557;-5.786723;125;0;2;613;198;113.14;71.69;;;
37.360639;-5.786521;126;0;2;613;198;113.16;71.67;;;
37.360722;-5.786320;126;0;2;613;198;113.18;71.65;;;
37.360804;-5.786119;126;0;2;614;197;113.2;71.63;;;
37.360887;-5.785918;127;0;2;614;197;113.22;71.61;;;
37.360970;-5.785717;127;0;2;615;196;113.24;71.59;;;
37.361052;-5.785516;128;0;2;615;196;113.26;71.57;;;
37.361135;-5.785315;128;0;2;616;195;113.28;71.55;;;
37.361217;-5.785114;129;0;2;616;195;113.3;71.53;;;
37.361300;-5.784913;129;0;2;616;195;113.32;71.51;;;
37.361382;-5.784712;129;0;2;617;194;113.34;71.49;;;
37.361463;-5.784510;130;0;2;617;194;113.36;71.47;;;
37.361540;-5.784305;130;0;2;617;194;113.38;71.45;;;
37.361616;-5.784100;130;0;2;618;193;113.4;71.43;;;
37.361692;-5.783895;131;0;1;618;193;113.42;71.41;;;
37.361768;-5.783690;131;0;1;618;193;113.44;71.39;;;
37.361844;-5.783485;131;0;1;619;192;113.46;71.37;;;
37.361920;-5.783280;131;0;1;619;192;113.48;71.35;;;
37.361996;-5.783075;132;0;1;619;192;113.5;71.33;;;
37.362072;-5.782870;132;0;1;619;192;113.52;71.31;;;
37.362148;-5.782664;132;0;1;620;191;113.54;71.29;;;
37.362220;-5.782457;133;0;1;620;191;113.56;71.27;;;
37.362291;-5.782249;133;0;1;620;191;113.58;71.25;;;
37.362361;-5.782041;133;0;1;621;190;113.6;71.23;;;
37.362431;-5.781832;133;0;1;621;190;113.62;71.21;;;
37.362501;-5.781624;134;0;1;621;190;113.64;71.19;;;
37.362572;-5.781416;134;0;1;621;190;113.66;71.17;;;
37.362642;-5.781207;134;0;1;621;190;113.68;71.15;;;
37.362712;-5.780999;134;0;1;622;189;113.7;71.13;;;
37.362775;-5.780787;135;0;1;622;189;113.72;71.11;;;
37.362762;-5.780568;135;0;1;622;189;113.74;71.09;;;
37.362689;-5.780365;135;0;1;622;189;113.76;71.07;;;
37.362736;-5.780150;135;0;1;623;188;113.78;71.05;;;
37.362863;-5.779996;135;0;1;623;188;113.8;71.03;;;
37.363028;-5.779916;135;0;0;623;188;113.82;71.01;;;
37.363166;-5.779773;136;0;0;623;188;113.84;70.99;;;
37.363250;-5.779573;136;0;0;623;188;113.86;70.97;;;
37.363332;-5.779372;135;0;0;623;188;113.88;70.95;;;
37.363414;-5.779171;135;0;0;623;188;113.9;70.93;;;
37.363496;-5.778970;135;0;0;623;188;113.92;70.91;;;
37.363573;-5.778765;135;0;0;623;188;113.94;70.89;;;
37.363647;-5.778559;135;0;0;623;188;113.96;70.87;;;
37.363720;-5.778352;135;0;0;623;188;113.98;70.85;;;
37.363793;-5.778145;135;0;0;623;188;114;70.83;;;
37.363866;-5.777938;135;0;0;623;188;114.02;70.81;;;
37.363940;-5.777732;135;0;0;623;188;114.04;70.79;;;
37.364014;-5.777526;135;0;0;623;188;114.06;70.77;;;
37.364087;-5.777319;135;0;0;623;188;114.08;70.75;;;
37.364160;-5.777112;135;0;0;623;188;114.1;70.73;;;
37.364233;-5.776905;134;0;0;623;188;114.12;70.71;;;
37.364307;-5.776699;134;0;0;623;188;114.14;70.69;;;
37.364380;-5.776492;134;0;0;623;188;114.16;70.67;;;
37.364453;-5.776286;134;0;-1;623;188;114.18;70.65;;;
37.364525;-5.776078;134;0;-1;623;188;114.2;70.63;;;
37.364582;-5.775863;134;0;-1;623;188;114.22;70.61;;;
37.364640;-5.775649;134;0;-1;623;188;114.24;70.59;;;
37.364696;-5.775434;134;0;-1;623;188;114.26;70.57;;;
37.364740;-5.775215;134;0;-1;623;188;114.28;70.55;;;
37.364774;-5.774993;133;0;-1;623;188;114.3;70.53;;;
37.364809;-5.774771;133;0;-1;623;188;114.32;70.51;;;
37.364842;-5.774549;133;0;-1;623;188;114.34;70.49;;;
37.364863;-5.774324;133;0;-1;623;188;114.36;70.47;;;
37.364871;-5.774098;133;0;-1;623;188;114.38;70.45;;;
37.364877;-5.773872;132;0;-1;623;188;114.4;70.43;;;
37.364884;-5.773646;132;0;-1;623;188;114.42;70.41;;;
37.364892;-5.773420;132;0;-1;623;188;114.44;70.39;;;
37.364900;-5.773194;132;0;-1;623;188;114.46;70.37;;;
37.364906;-5.772968;131;0;-1;623;188;114.48;70.35;;;
37.364913;-5.772741;131;0;-1;623;188;114.5;70.33;;;
37.364921;-5.772515;131;0;-1;623;188;114.52;70.31;;;
37.364928;-5.772289;131;0;-1;623;188;114.54;70.29;;;
37.364935;-5.772063;131;0;-1;623;188;114.56;70.27;;;
37.364942;-5.771837;131;0;-1;623;188;114.58;70.25;;;
37.364950;-5.771611;130;0;-1;623;188;114.6;70.23;;;
37.364979;-5.771388;130;0;-1;623;188;114.62;70.21;;;
37.365006;-5.771164;130;0;-1;623;188;114.64;70.19;;;
37.365047;-5.770944;130;0;-1;623;188;114.66;70.17;;;
37.365100;-5.770728;130;0;-1;623;188;114.68;70.15;;;
37.365151;-5.770511;130;0;-1;623;188;114.7;70.13;;;
37.365226;-5.770306;130;0;0;623;188;114.72;70.11;;;
37.365305;-5.770102;130;0;-1;623;188;114.74;70.09;;;
37.365383;-5.769898;130;0;-1;623;188;114.76;70.07;;;
37.365469;-5.769700;129;0;-1;623;188;114.78;70.05;;;
37.365560;-5.769505;129;0;0;623;188;114.8;70.03;;;
37.365651;-5.769309;129;0;0;623;188;114.82;70.01;;;
37.365742;-5.769114;129;0;0;623;188;114.84;69.99;;;
37.365833;-5.768919;129;0;0;623;188;114.86;69.97;;;
37.365924;-5.768724;129;0;0;623;188;114.88;69.95;;;
37.366015;-5.768528;129;0;0;623;188;114.9;69.93;;;
37.366105;-5.768333;129;0;0;623;188;114.92;69.91;;;
37.366196;-5.768137;129;0;0;623;188;114.94;69.89;;;
37.366234;-5.767918;129;0;0;623;188;114.96;69.87;;;
37.366202;-5.767709;129;0;0;623;188;114.98;69.85;;;
37.366140;-5.767499;129;0;0;623;188;115;69.83;;;
37.366129;-5.767275;129;0;0;623;188;115.02;69.81;;;
37.366205;-5.767071;129;0;0;623;188;115.04;69.79;;;
37.366323;-5.766905;129;0;1;623;188;115.06;69.77;;;
37.366481;-5.766799;129;0;1;623;188;115.08;69.75;;;
37.366659;-5.766800;130;0;1;624;187;115.1;69.73;;;
37.366830;-5.766770;130;0;1;624;187;115.12;69.71;;;
37.366978;-5.766644;130;0;1;624;187;115.14;69.69;;;
37.367101;-5.766479;130;0;1;624;187;115.16;69.67;;;
37.367222;-5.766311;130;0;1;624;187;115.18;69.65;;;
37.367341;-5.766142;130;0;1;624;187;115.2;69.63;;;
37.367460;-5.765972;130;0;1;624;187;115.22;69.61;;;
37.367580;-5.765803;131;0;1;625;186;115.24;69.59;;;
37.367698;-5.765633;131;0;1;625;186;115.26;69.57;;;
37.367803;-5.765449;131;0;2;625;186;115.28;69.55;;;
37.367902;-5.765260;131;0;2;625;186;115.3;69.53;;;
37.367998;-5.765069;131;0;2;625;186;115.32;69.51;;;
37.368037;-5.764854;132;0;2;626;185;115.34;69.49;;;
37.368076;-5.764646;133;0;2;627;184;115.36;69.47;;;
37.368225;-5.764520;134;0;2;628;183;115.38;69.45;;;
37.368310;-5.764321;134;0;2;628;183;115.4;69.43;;;
37.368395;-5.764122;134;0;2;628;183;115.42;69.41;;;
37.368480;-5.763922;134;0;1;628;183;115.44;69.39;;;
37.368563;-5.763721;134;0;1;628;183;115.46;69.37;;;
37.368646;-5.763520;134;0;1;628;183;115.48;69.35;;;
37.368728;-5.763319;135;0;1;629;182;115.5;69.33;;;
37.368812;-5.763119;135;0;1;629;182;115.52;69.31;;;
37.368898;-5.762920;135;0;1;629;182;115.54;69.29;;;
37.368982;-5.762720;135;0;1;629;182;115.56;69.27;;;
37.369067;-5.762521;136;0;1;630;181;115.58;69.25;;;
37.369152;-5.762321;136;0;1;630;181;115.6;69.23;20;;
37.369237;-5.762122;136;0;1;630;181;115.62;69.21;;;
37.369323;-5.761923;136;0;1;630;181;115.64;69.19;;;
37.369407;-5.761723;137;0;1;631;180;115.66;69.17;;;
37.369492;-5.761523;137;0;1;631;180;115.68;69.15;;;
37.369582;-5.761327;137;0;1;631;180;115.7;69.13;;;
37.369674;-5.761133;137;0;1;631;180;115.72;69.11;;;
37.369767;-5.760939;138;0;1;632;179;115.74;69.09;;;
37.369858;-5.760744;138;0;1;632;179;115.76;69.07;;;
37.369951;-5.760550;138;0;1;632;179;115.78;69.05;;;
37.370043;-5.760356;138;0;1;632;179;115.8;69.03;;;
37.370136;-5.760162;139;0;1;633;178;115.82;69.01;;;
37.370228;-5.759967;139;0;1;633;178;115.84;68.99;;;
37.370320;-5.759773;139;0;1;633;178;115.86;68.97;;;
37.370413;-5.759579;139;0;1;633;178;115.88;68.95;;;
37.370505;-5.759385;140;0;1;634;177;115.9;68.93;;;
37.370596;-5.759190;140;0;1;634;177;115.92;68.91;;;
37.370683;-5.758992;140;0;1;634;177;115.94;68.89;;;
37.370770;-5.758794;140;0;2;634;177;115.96;68.87;;;
37.370857;-5.758595;140;0;2;634;177;115.98;68.85;;;
37.370907;-5.758381;141;0;1;635;176;116;68.83;;;
37.370959;-5.758180;141;0;1;635;176;116.02;68.81;;;
37.371110;-5.758069;142;0;1;636;175;116.04;68.79;;;
37.371229;-5.757900;142;0;1;636;175;116.06;68.77;;;
37.371334;-5.757717;142;0;1;636;175;116.08;68.75;;;
37.371446;-5.757540;142;0;1;636;175;116.1;68.73;;;
37.371558;-5.757362;142;0;1;636;175;116.12;68.71;;;
37.371667;-5.757182;143;0;0;637;174;116.14;68.69;;;
37.371771;-5.756997;143;0;0;637;174;116.16;68.67;;;
37.371873;-5.756812;143;0;0;637;174;116.18;68.65;;;
37.371976;-5.756626;143;0;0;637;174;116.2;68.63;;;
37.372079;-5.756440;143;0;0;637;174;116.22;68.61;;;
37.372182;-5.756255;143;0;0;637;174;116.24;68.59;;;
37.372286;-5.756070;143;0;0;637;174;116.26;68.57;;;
37.372389;-5.755884;143;0;0;637;174;116.28;68.55;;;
37.372492;-5.755699;143;0;0;637;174;116.3;68.53;;;
37.372595;-5.755513;143;0;0;637;174;116.32;68.51;;;
37.372691;-5.755322;143;0;0;637;174;116.34;68.49;;;
37.372784;-5.755129;143;0;0;637;174;116.36;68.47;;;
37.372878;-5.754935;143;0;0;637;174;116.38;68.45;;;
37.372971;-5.754742;143;0;0;637;174;116.4;68.43;;;
37.373065;-5.754549;143;0;-1;637;174;116.42;68.41;;;
37.373159;-5.754355;142;0;-1;637;174;116.44;68.39;;;
37.373252;-5.754162;142;0;-1;637;174;116.46;68.37;;;
37.373346;-5.753969;142;0;-1;637;174;116.48;68.35;;;
37.373438;-5.753774;142;0;-1;637;174;116.5;68.33;;;
37.373529;-5.753579;142;0;-1;637;174;116.52;68.31;;;
37.373619;-5.753383;142;0;-1;637;174;116.54;68.29;;;
37.373710;-5.753188;141;0;-1;637;174;116.56;68.27;;;
37.373801;-5.752993;141;0;-1;637;174;116.58;68.25;;;
37.373891;-5.752797;141;0;-1;637;174;116.6;68.23;;;
37.373980;-5.752600;141;0;-1;637;174;116.62;68.21;;;
37.374069;-5.752403;141;0;-1;637;174;116.64;68.19;;;
37.374157;-5.752206;140;0;-1;637;174;116.66;68.17;;;
37.374245;-5.752009;140;0;-1;637;174;116.68;68.15;;;
37.374333;-5.751812;140;0;-1;637;174;116.7;68.13;;;
37.374417;-5.751611;140;0;-1;637;174;116.72;68.11;;;
37.374496;-5.751408;139;0;-1;637;174;116.74;68.09;;;
37.374574;-5.751204;139;0;-1;637;174;116.76;68.07;;;
37.374653;-5.751000;139;0;-1;637;174;116.78;68.05;;;
37.374731;-5.750797;139;0;-1;637;174;116.8;68.03;;;
37.374812;-5.750595;138;0;-1;637;174;116.82;68.01;;;
37.374911;-5.750406;138;0;-1;637;174;116.84;67.99;;;
37.375026;-5.750232;138;0;-1;637;174;116.86;67.97;;;
37.375140;-5.750057;137;0;-1;637;174;116.88;67.95;;;
37.375255;-5.749883;137;0;-1;637;174;116.9;67.93;;;
37.375378;-5.749718;137;0;-1;637;174;116.92;67.91;;;
37.375500;-5.749551;137;0;-1;637;174;116.94;67.89;;;
37.375609;-5.749372;136;0;-1;637;174;116.96;67.87;;;
37.375746;-5.749226;136;0;-1;637;174;116.98;67.85;;;
37.375888;-5.749088;136;0;-1;637;174;117;67.83;;;
37.376025;-5.748942;136;0;-1;637;174;117.02;67.81;;;
37.376156;-5.748787;136;0;0;637;174;117.04;67.79;;;
37.376276;-5.748619;136;0;0;637;174;117.06;67.77;;;
37.376381;-5.748435;136;0;0;637;174;117.08;67.75;;;
37.376486;-5.748252;136;0;0;637;174;117.1;67.73;;;
37.376582;-5.748060;136;0;0;637;174;117.12;67.71;;;
37.376658;-5.747856;136;0;0;637;174;117.14;67.69;;;
37.376708;-5.747639;136;0;0;637;174;117.16;67.67;;;
37.376758;-5.747422;136;0;0;637;174;117.18;67.65;;;
37.376813;-5.747206;136;0;0;637;174;117.2;67.63;;;
37.376868;-5.746991;136;0;0;637;174;117.22;67.61;;;
37.376922;-5.746775;136;0;0;637;174;117.24;67.59;;;
37.376978;-5.746560;136;0;0;637;174;117.26;67.57;;;
37.377035;-5.746345;136;0;1;637;174;117.28;67.55;;;
37.377092;-5.746130;136;0;1;638;173;117.3;67.53;;;
37.377148;-5.745915;136;0;1;638;173;117.32;67.51;;;
37.377209;-5.745702;136;0;1;638;173;117.34;67.49;;;
37.377255;-5.745484;137;0;1;638;173;117.36;67.47;;;
37.377283;-5.745260;137;0;1;638;173;117.38;67.45;;;
37.377297;-5.745035;137;0;1;639;172;117.4;67.43;;;
37.377290;-5.744809;138;0;2;639;172;117.42;67.41;;;
37.377263;-5.744586;138;0;2;639;172;117.44;67.39;;;
37.377230;-5.744363;138;0;2;640;171;117.46;67.37;;;
37.377196;-5.744141;139;0;2;640;171;117.48;67.35;;;
37.377161;-5.743919;139;0;2;640;171;117.5;67.33;;;
37.377126;-5.743697;139;0;2;641;170;117.52;67.31;;;
37.377098;-5.743473;140;0;3;641;170;117.54;67.29;;;
37.377088;-5.743248;141;0;3;642;169;117.56;67.27;;;
37.377075;-5.743022;141;0;3;642;169;117.58;67.25;;;
37.377050;-5.742798;141;0;3;643;168;117.6;67.23;;;
37.377038;-5.742573;142;0;3;644;167;117.62;67.21;;;
37.377065;-5.742349;143;0;2;644;167;117.64;67.19;;;
37.377102;-5.742127;143;0;2;645;166;117.66;67.17;;;
37.377138;-5.741905;144;0;2;645;166;117.68;67.15;;;
37.377175;-5.741684;144;0;2;645;166;117.7;67.13;;;
37.377224;-5.741467;144;0;2;646;165;117.72;67.11;;;
37.377286;-5.741255;145;0;2;646;165;117.74;67.09;;;
37.377360;-5.741048;145;0;2;647;164;117.76;67.07;;;
37.377466;-5.740865;146;0;2;647;164;117.78;67.05;;;
37.377573;-5.740684;146;0;2;648;163;117.8;67.03;;;
37.377691;-5.740513;147;0;2;648;163;117.82;67.01;;;
37.377825;-5.740363;147;0;2;649;162;117.84;66.99;;;
37.377974;-5.740236;148;0;2;649;162;117.86;66.97;;;
37.378124;-5.740111;148;0;2;649;162;117.88;66.95;;;
37.378273;-5.739985;148;0;2;650;161;117.9;66.93;;;
37.378423;-5.739860;149;0;2;650;161;117.92;66.91;;;
37.378573;-5.739734;149;0;2;650;161;117.94;66.89;;;
37.378722;-5.739607;149;0;2;651;160;117.96;66.87;;;
37.378867;-5.739474;150;0;2;651;160;117.98;66.85;;;
37.379006;-5.739332;150;0;2;652;159;118;66.83;;;
37.379119;-5.739156;150;0;2;652;159;118.02;66.81;;;
37.379231;-5.738979;151;0;2;652;159;118.04;66.79;;;
37.379336;-5.738796;151;0;2;653;158;118.06;66.77;;;
37.379413;-5.738592;152;0;2;653;158;118.08;66.75;;;
37.379500;-5.738396;152;0;2;654;157;118.1;66.73;;;
37.379594;-5.738204;153;0;2;654;157;118.12;66.71;;;
37.379656;-5.737992;153;0;2;655;156;118.14;66.69;;;
37.379691;-5.737770;153;0;1;655;156;118.16;66.67;;;
37.379718;-5.737546;153;0;1;655;156;118.18;66.65;;;
37.379745;-5.737323;154;0;1;655;156;118.2;66.63;;;
37.379771;-5.737099;154;0;1;655;156;118.22;66.61;;;
37.379798;-5.736875;154;0;1;655;156;118.24;66.59;;;
37.379848;-5.736658;154;0;1;655;156;118.26;66.57;;;
37.379909;-5.736445;154;0;1;656;155;118.28;66.55;;;
37.379976;-5.736235;154;0;1;656;155;118.3;66.53;;;
37.380042;-5.736024;154;0;1;656;155;118.32;66.51;;;
37.380108;-5.735814;155;0;0;656;155;118.34;66.49;;;
37.380174;-5.735603;155;0;0;656;155;118.36;66.47;;;
37.380241;-5.735393;155;0;0;656;155;118.38;66.45;;;
37.380308;-5.735183;155;0;0;656;155;118.4;66.43;;;
37.380374;-5.734972;155;0;0;656;155;118.42;66.41;;;
37.380440;-5.734762;155;0;0;656;155;118.44;66.39;;;
37.380506;-5.734551;155;0;0;656;155;118.46;66.37;;;
37.380561;-5.734336;155;0;0;656;155;118.48;66.35;;;
37.380610;-5.734118;155;0;0;656;155;118.5;66.33;;;
37.380654;-5.733899;155;0;0;656;155;118.52;66.31;;;
37.380677;-5.733675;155;0;0;656;155;118.54;66.29;;;
37.380661;-5.733450;155;0;-1;656;155;118.56;66.27;;;
37.380575;-5.733261;155;0;-1;656;155;118.58;66.25;;;
37.380605;-5.733043;154;0;-1;656;155;118.6;66.23;;;
37.380737;-5.732894;154;0;-1;656;155;118.62;66.21;;;
37.380833;-5.732702;154;0;-1;656;155;118.64;66.19;;;
37.380894;-5.732490;154;0;-1;656;155;118.66;66.17;;;
37.380935;-5.732270;154;0;-1;656;155;118.68;66.15;;;
37.380975;-5.732049;154;0;-1;656;155;118.7;66.13;;;
37.381014;-5.731828;153;0;-1;656;155;118.72;66.11;;;
37.381058;-5.731609;153;0;-1;656;155;118.74;66.09;;;
37.381111;-5.731392;153;0;-1;656;155;118.76;66.07;;;
37.381162;-5.731175;153;0;-1;656;155;118.78;66.05;;;
37.381223;-5.730963;153;0;-1;656;155;118.8;66.03;;;
37.381295;-5.730756;153;0;-1;656;155;118.82;66.01;;;
37.381367;-5.730549;152;0;-1;656;155;118.84;65.99;;;
37.381444;-5.730344;152;0;-1;656;155;118.86;65.97;;;
37.381532;-5.730147;152;0;-1;656;155;118.88;65.95;;;
37.381620;-5.729949;152;0;-1;656;155;118.9;65.93;;;
37.381708;-5.729752;152;0;-1;656;155;118.92;65.91;;;
37.381796;-5.729554;151;0;-1;656;155;118.94;65.89;;;
37.381883;-5.729357;151;0;-1;656;155;118.96;65.87;;;
37.381949;-5.729147;151;0;-1;656;155;118.98;65.85;;;
37.381960;-5.728925;150;0;-1;656;155;119;65.83;;;
37.382099;-5.728809;150;0;-1;656;155;119.02;65.81;;;
37.382228;-5.728657;150;0;-1;656;155;119.04;65.79;;;
37.382352;-5.728493;150;0;-1;656;155;119.06;65.77;;;
37.382464;-5.728315;150;0;0;656;155;119.08;65.75;;;
37.382575;-5.728138;150;0;0;656;155;119.1;65.73;21;;
37.382686;-5.727960;150;0;0;656;155;119.12;65.71;;;
37.382806;-5.727791;150;0;0;656;155;119.14;65.69;;;
37.382927;-5.727623;150;0;0;656;155;119.16;65.67;;;
37.383055;-5.727465;150;0;0;656;155;119.18;65.65;;;
37.383186;-5.727309;150;0;0;656;155;119.2;65.63;;;
37.383316;-5.727153;150;0;0;656;155;119.22;65.61;;;
37.383456;-5.727012;150;0;1;657;154;119.24;65.59;;;
37.383597;-5.726872;150;0;1;657;154;119.26;65.57;;;
37.383716;-5.726709;150;0;1;657;154;119.28;65.55;;;
37.383829;-5.726533;150;0;1;657;154;119.3;65.53;;;
37.383956;-5.726373;151;0;1;657;154;119.32;65.51;;;
37.384087;-5.726218;151;0;1;658;153;119.34;65.49;;;
37.384219;-5.726063;151;0;1;658;153;119.36;65.47;;;
37.384349;-5.725908;151;0;1;658;153;119.38;65.45;;;
37.384481;-5.725753;152;0;2;658;153;119.4;65.43;;;
37.384612;-5.725598;152;0;2;659;152;119.42;65.41;;;
37.384743;-5.725443;152;0;2;659;152;119.44;65.39;;;
37.384872;-5.725285;153;0;2;660;151;119.46;65.37;;;
37.384995;-5.725121;153;0;2;660;151;119.48;65.35;;;
37.385109;-5.724946;154;0;2;660;151;119.5;65.33;;;
37.385220;-5.724768;154;0;2;661;150;119.52;65.31;;;
37.385331;-5.724590;154;0;2;661;150;119.54;65.29;;;
37.385442;-5.724412;154;0;2;661;150;119.56;65.27;;;
37.385553;-5.724234;155;0;2;661;150;119.58;65.25;;;
37.385663;-5.724054;155;0;2;662;149;119.6;65.23;;;
37.385771;-5.723873;156;0;2;662;149;119.62;65.21;;;
37.385883;-5.723697;156;0;2;663;148;119.64;65.19;;;
37.386004;-5.723528;157;0;3;663;148;119.66;65.17;;;
37.386124;-5.723360;157;0;3;664;147;119.68;65.15;;;
37.386244;-5.723191;158;0;3;664;147;119.7;65.13;;;
37.386364;-5.723023;158;0;3;665;146;119.72;65.11;;;
37.386488;-5.722860;159;0;3;666;145;119.74;65.09;;;
37.386633;-5.722728;159;0;2;666;145;119.76;65.07;;;
37.386802;-5.722652;160;0;2;667;144;119.78;65.05;;;
37.386972;-5.722576;160;0;2;667;144;119.8;65.03;;;
37.387141;-5.722499;161;0;2;667;144;119.82;65.01;;;
37.387310;-5.722423;161;0;2;668;143;119.84;64.99;;;
37.387480;-5.722347;162;0;2;668;143;119.86;64.97;;;
37.387649;-5.722271;162;0;2;669;142;119.88;64.95;;;
37.387818;-5.722193;163;0;2;669;142;119.9;64.93;;;
37.387987;-5.722114;163;0;2;670;141;119.92;64.91;;;
37.388155;-5.722034;164;0;2;670;141;119.94;64.89;;;
37.388322;-5.721950;164;0;2;671;140;119.96;64.87;;;
37.388488;-5.721863;164;0;2;671;140;119.98;64.85;;;
37.388654;-5.721775;165;0;2;672;139;120;64.83;;;
37.388816;-5.721679;165;0;2;672;139;120.02;64.81;;;
37.388973;-5.721567;166;0;2;672;139;120.04;64.79;;;
37.389129;-5.721455;166;0;2;673;138;120.06;64.77;;;
37.389285;-5.721344;167;0;2;674;137;120.08;64.75;;;
37.389442;-5.721232;167;0;2;674;137;120.1;64.73;;;
37.389599;-5.721121;168;0;2;675;136;120.12;64.71;;;
37.389755;-5.721009;168;0;2;675;136;120.14;64.69;;;
37.389911;-5.720897;169;0;2;676;135;120.16;64.67;;;
37.390060;-5.720769;169;0;2;676;135;120.18;64.65;;;
37.390208;-5.720640;170;0;2;676;135;120.2;64.63;;;
37.390350;-5.720503;170;0;2;677;134;120.22;64.61;;;
37.390487;-5.720356;171;0;2;677;134;120.24;64.59;;;
37.390623;-5.720208;171;0;2;678;133;120.26;64.57;;;
37.390759;-5.720060;171;0;2;678;133;120.28;64.55;;;
37.390880;-5.719893;172;0;2;678;133;120.3;64.53;;;
37.390998;-5.719721;172;0;2;679;132;120.32;64.51;;;
37.391099;-5.719534;172;0;2;679;132;120.34;64.49;;;
37.391199;-5.719346;173;0;1;679;132;120.36;64.47;;;
37.391299;-5.719158;173;0;1;680;131;120.38;64.45;;;
37.391400;-5.718970;173;0;1;680;131;120.4;64.43;;;
37.391507;-5.718790;173;0;1;680;131;120.42;64.41;;;
37.391626;-5.718619;174;0;1;680;131;120.44;64.39;;;
37.391744;-5.718449;174;0;1;680;131;120.46;64.37;;;
37.391862;-5.718278;174;0;1;681;130;120.48;64.35;;;
37.391980;-5.718107;174;0;0;681;130;120.5;64.33;;;
37.392105;-5.717945;174;0;0;681;130;120.52;64.31;;;
37.392230;-5.717782;174;0;0;681;130;120.54;64.29;;;
37.392355;-5.717618;174;0;0;681;130;120.56;64.27;;;
37.392480;-5.717455;174;0;0;681;130;120.58;64.25;;;
37.392605;-5.717293;174;0;0;681;130;120.6;64.23;;;
37.392729;-5.717130;174;0;0;681;130;120.62;64.21;;;
37.392855;-5.716968;174;0;0;681;130;120.64;64.19;;;
37.392987;-5.716814;174;0;0;681;130;120.66;64.17;;;
37.393119;-5.716659;174;0;0;681;130;120.68;64.15;;;
37.393250;-5.716504;174;0;-1;681;130;120.7;64.13;;;
37.393383;-5.716353;174;0;-1;681;130;120.72;64.11;;;
37.393521;-5.716208;174;0;-1;681;130;120.74;64.09;;;
37.393659;-5.716062;174;0;-1;681;130;120.76;64.07;;;
37.393796;-5.715916;173;0;-1;681;130;120.78;64.05;;;
37.393930;-5.715764;173;0;-1;681;130;120.8;64.03;;;
37.394058;-5.715606;173;0;-1;681;130;120.82;64.01;;;
37.394179;-5.715439;173;0;-1;681;130;120.84;63.99;;;
37.394291;-5.715261;172;0;-1;681;130;120.86;63.97;;;
37.394401;-5.715083;172;0;-1;681;130;120.88;63.95;;;
37.394512;-5.714904;172;0;-1;681;130;120.9;63.93;;;
37.394623;-5.714727;172;0;-1;681;130;120.92;63.91;;;
37.394734;-5.714548;171;0;-1;681;130;120.94;63.89;;;
37.394842;-5.714367;171;0;-1;681;130;120.96;63.87;;;
37.394948;-5.714185;171;0;-1;681;130;120.98;63.85;;;
37.395055;-5.714002;170;0;-2;681;130;121;63.83;;;
37.395160;-5.713818;170;0;-2;681;130;121.02;63.81;;;
37.395266;-5.713636;170;0;-1;681;130;121.04;63.79;;;
37.395373;-5.713453;169;0;-1;681;130;121.06;63.77;;;
37.395479;-5.713270;169;0;-1;681;130;121.08;63.75;;;
37.395584;-5.713087;169;0;-1;681;130;121.1;63.73;;;
37.395691;-5.712905;169;0;-1;681;130;121.12;63.71;;;
37.395797;-5.712722;169;0;-1;681;130;121.14;63.69;;;
37.395903;-5.712539;168;0;-1;681;130;121.16;63.67;;;
37.396011;-5.712358;168;0;-1;681;130;121.18;63.65;;;
37.396121;-5.712178;168;0;-1;681;130;121.2;63.63;;;
37.396227;-5.711996;168;0;0;681;130;121.22;63.61;;;
37.396322;-5.711814;168;0;0;681;130;121.24;63.59;;;
37.396478;-5.711703;168;0;0;681;130;121.26;63.57;;;
37.396621;-5.711566;168;0;0;681;130;121.28;63.55;;;
37.396760;-5.711424;168;0;1;681;130;121.3;63.53;;;
37.396892;-5.711270;168;0;1;681;130;121.32;63.51;;;
37.397024;-5.711116;168;0;2;682;129;121.34;63.49;;;
37.397143;-5.710947;168;0;2;682;129;121.36;63.47;;;
37.397241;-5.710760;169;0;2;682;129;121.38;63.45;;;
37.397373;-5.710631;170;0;2;683;128;121.4;63.43;;;
37.397538;-5.710547;170;0;2;683;128;121.42;63.41;;;
37.397687;-5.710420;171;0;2;684;127;121.44;63.39;;;
37.397827;-5.710278;171;0;2;684;127;121.46;63.37;;;
37.397966;-5.710135;172;0;2;685;126;121.48;63.35;;;
37.398105;-5.709991;172;0;2;685;126;121.5;63.33;;;
37.398242;-5.709844;172;0;2;686;125;121.52;63.31;;;
37.398378;-5.709697;173;0;2;686;125;121.54;63.29;;;
37.398519;-5.709555;173;0;2;686;125;121.56;63.27;;;
37.398665;-5.709423;174;0;2;687;124;121.58;63.25;;;
37.398811;-5.709293;174;0;2;687;124;121.6;63.23;;;
37.398967;-5.709179;175;0;2;688;123;121.62;63.21;;;
37.399123;-5.709066;175;0;2;689;122;121.64;63.19;;;
37.399280;-5.708956;176;0;2;689;122;121.66;63.17;;;
37.399437;-5.708846;176;0;2;689;122;121.68;63.15;;;
37.399594;-5.708736;177;0;2;690;121;121.7;63.13;;;
37.399754;-5.708633;177;0;2;690;121;121.72;63.11;;;
37.399919;-5.708541;177;0;2;691;120;121.74;63.09;;;
37.400083;-5.708448;178;0;2;691;120;121.76;63.07;;;
37.400233;-5.708325;178;0;2;691;120;121.78;63.05;;;
37.400390;-5.708214;179;0;2;692;119;121.8;63.03;;;
37.400555;-5.708125;179;0;2;692;119;121.82;63.01;;;
37.400725;-5.708050;179;0;2;693;118;121.84;62.99;;;
37.400894;-5.707975;180;0;2;693;118;121.86;62.97;;;
37.401063;-5.707898;180;0;1;693;118;121.88;62.95;;;
37.401233;-5.707822;180;0;1;694;117;121.9;62.93;;;
37.401403;-5.707747;180;0;1;694;117;121.92;62.91;;;
37.401572;-5.707672;181;0;1;694;117;121.94;62.89;;;
37.401741;-5.707596;181;0;1;694;117;121.96;62.87;;;
37.401911;-5.707521;181;0;1;694;117;121.98;62.85;;;
37.402083;-5.707455;181;0;1;695;116;122;62.83;;;
37.402255;-5.707388;182;0;1;695;116;122.02;62.81;;;
37.402427;-5.707321;182;0;1;695;116;122.04;62.79;;;
37.402601;-5.707264;182;0;0;695;116;122.06;62.77;;;
37.402775;-5.707207;182;0;0;695;116;122.08;62.75;;;
37.402952;-5.707164;182;0;0;695;116;122.1;62.73;;;
37.403111;-5.707070;182;0;0;695;116;122.12;62.71;;;
37.403252;-5.706932;182;0;0;695;116;122.14;62.69;;;
37.403379;-5.706776;182;0;-1;695;116;122.16;62.67;;;
37.403548;-5.706710;182;0;-1;695;116;122.18;62.65;;;
37.403724;-5.706754;182;0;-1;695;116;122.2;62.63;;;
37.403900;-5.706774;181;0;-1;695;116;122.22;62.61;;;
37.404077;-5.706748;181;0;-1;695;116;122.24;62.59;;;
37.404242;-5.706658;181;0;-2;695;116;122.26;62.57;;;
37.404410;-5.706578;180;0;-2;695;116;122.28;62.55;;;
37.404578;-5.706497;180;0;-2;695;116;122.3;62.53;;;
37.404747;-5.706422;180;0;-2;695;116;122.32;62.51;;;
37.404924;-5.706379;179;0;-2;695;116;122.34;62.49;;;
37.405097;-5.706322;179;0;-2;695;116;122.36;62.47;;;
37.405266;-5.706245;178;0;-2;695;116;122.38;62.45;;;
37.405435;-5.706166;178;0;-2;695;116;122.4;62.43;;;
37.405604;-5.706088;177;0;-2;695;116;122.42;62.41;;;
37.405773;-5.706009;177;0;-2;695;116;122.44;62.39;;;
37.405942;-5.705932;176;0;-2;695;116;122.46;62.37;;;
37.406110;-5.705854;176;0;-2;695;116;122.48;62.35;;;
37.406279;-5.705775;175;0;-2;695;116;122.5;62.33;;;
37.406447;-5.705694;175;0;-2;695;116;122.52;62.31;;;
37.406614;-5.705609;174;0;-2;695;116;122.54;62.29;;;
37.406780;-5.705522;174;0;-2;695;116;122.56;62.27;;;
37.406946;-5.705436;173;0;-2;695;116;122.58;62.25;;;
37.407113;-5.705350;173;0;-2;695;116;122.6;62.23;;;
37.407278;-5.705262;172;0;-2;695;116;122.62;62.21;;;
37.407440;-5.705164;172;0;-2;695;116;122.64;62.19;;;
37.407603;-5.705066;172;0;-2;695;116;122.66;62.17;;;
37.407765;-5.704968;171;0;-2;695;116;122.68;62.15;;;
37.407931;-5.704883;171;0;-2;695;116;122.7;62.13;;;
37.408105;-5.704829;170;0;-2;695;116;122.72;62.11;;;
37.408282;-5.704791;169;0;-2;695;116;122.74;62.09;;;
37.408461;-5.704775;169;0;-2;695;116;122.76;62.07;;;
37.408641;-5.704758;169;0;-2;695;116;122.78;62.05;;;
37.408820;-5.704741;168;0;-2;695;116;122.8;62.03;;;
37.409000;-5.704747;168;0;-2;695;116;122.82;62.01;;;
37.409179;-5.704756;168;0;-2;695;116;122.84;61.99;;;
37.409359;-5.704764;167;0;-1;695;116;122.86;61.97;;;
37.409539;-5.704772;167;0;-1;695;116;122.88;61.95;;;
37.409718;-5.704783;167;0;-1;695;116;122.9;61.93;;;
37.409897;-5.704808;167;0;-1;695;116;122.92;61.91;;;
37.410076;-5.704833;166;0;-1;695;116;122.94;61.89;;;
37.410255;-5.704857;166;0;-1;695;116;122.96;61.87;;;
37.410434;-5.704881;166;0;-1;695;116;122.98;61.85;;;
37.410613;-5.704906;166;0;-1;695;116;123;61.83;;;
37.410791;-5.704931;166;0;-1;695;116;123.02;61.81;;;
37.410970;-5.704955;166;0;-1;695;116;123.04;61.79;;;
37.411149;-5.704979;165;0;0;695;116;123.06;61.77;;;
37.411328;-5.705003;165;0;0;695;116;123.08;61.75;;;
37.411505;-5.704977;165;0;0;695;116;123.1;61.73;;;
37.411682;-5.704933;165;0;0;695;116;123.12;61.71;;;
37.411847;-5.704850;165;0;0;695;116;123.14;61.69;;;
37.412012;-5.704760;165;0;0;695;116;123.16;61.67;;;
37.412177;-5.704669;165;0;1;695;116;123.18;61.65;;;
37.412342;-5.704579;166;0;1;696;115;123.2;61.63;;;
37.412507;-5.704488;166;0;1;696;115;123.22;61.61;;;
37.412672;-5.704398;166;0;1;696;115;123.24;61.59;;;
37.412837;-5.704308;166;0;1;696;115;123.26;61.57;;;
37.413002;-5.704217;166;0;1;696;115;123.28;61.55;;;
37.413166;-5.704126;167;0;1;697;114;123.3;61.53;;;
37.413308;-5.703987;167;0;1;697;114;123.32;61.51;;;
37.413447;-5.703844;167;0;1;697;114;123.34;61.49;;;
37.413581;-5.703694;167;0;1;697;114;123.36;61.47;;;
37.413706;-5.703531;167;0;1;697;114;123.38;61.45;;;
37.413832;-5.703369;167;0;1;697;114;123.4;61.43;;;
37.413959;-5.703209;168;0;1;698;113;123.42;61.41;;;
37.414101;-5.703071;168;0;1;698;113;123.44;61.39;;;
37.414243;-5.702932;168;0;1;698;113;123.46;61.37;;;
37.414385;-5.702792;169;0;1;699;112;123.48;61.35;;;
37.414529;-5.702657;169;0;1;699;112;123.5;61.33;;;
37.414675;-5.702524;169;0;1;699;112;123.52;61.31;;;
37.414820;-5.702391;169;0;1;699;112;123.54;61.29;;;
37.414966;-5.702258;170;0;1;700;111;123.56;61.27;;;
37.415111;-5.702124;170;0;1;700;111;123.58;61.25;;;
37.415257;-5.701991;170;0;1;700;111;123.6;61.23;;;
37.415403;-5.701859;170;0;1;700;111;123.62;61.21;;;
37.415548;-5.701726;171;0;1;701;110;123.64;61.19;;;
37.415694;-5.701593;171;0;1;701;110;123.66;61.17;;;
37.415839;-5.701459;171;0;1;701;110;123.68;61.15;;;
37.415985;-5.701327;171;0;1;701;110;123.7;61.13;;;
37.416131;-5.701194;172;0;1;702;109;123.72;61.11;;;
37.416277;-5.701061;172;0;1;702;109;123.74;61.09;;;
37.416422;-5.700928;172;0;1;702;109;123.76;61.07;;;
37.416566;-5.700792;172;0;1;702;109;123.78;61.05;;;
37.416707;-5.700652;173;0;1;703;108;123.8;61.03;;;
37.416847;-5.700511;173;0;1;703;108;123.82;61.01;;;
37.416984;-5.700364;173;0;1;703;108;123.84;60.99;;;
37.417121;-5.700216;174;0;1;704;107;123.86;60.97;;;
37.417257;-5.700069;174;0;1;704;107;123.88;60.95;;;
37.417394;-5.699921;174;0;1;704;107;123.9;60.93;;;
37.417530;-5.699773;174;0;1;704;107;123.92;60.91;;;
37.417667;-5.699626;174;0;1;704;107;123.94;60.89;;;
37.417804;-5.699479;175;0;1;705;106;123.96;60.87;;;
37.417940;-5.699332;175;0;1;705;106;123.98;60.85;;;
37.418076;-5.699184;175;0;1;705;106;124;60.83;;;
37.418213;-5.699036;175;0;1;705;106;124.02;60.81;;;
37.418350;-5.698890;175;0;1;705;106;124.04;60.79;;;
37.418487;-5.698743;176;0;1;706;105;124.06;60.77;;;
37.418623;-5.698595;176;0;1;706;105;124.08;60.75;;;
37.418759;-5.698447;176;0;1;706;105;124.1;60.73;;;
37.418894;-5.698297;176;0;1;706;105;124.12;60.71;;;
37.419024;-5.698141;176;0;1;706;105;124.14;60.69;;;
37.419154;-5.697984;176;0;1;706;105;124.16;60.67;;;
37.419284;-5.697827;177;0;1;707;104;124.18;60.65;;;
37.419413;-5.697670;177;0;1;707;104;124.2;60.63;;;
37.419549;-5.697522;177;0;1;707;104;124.22;60.61;;;
37.419687;-5.697376;177;0;1;707;104;124.24;60.59;;;
37.419817;-5.697221;177;0;1;707;104;124.26;60.57;;;
37.419941;-5.697056;177;0;1;707;104;124.28;60.55;;;
37.420064;-5.696891;178;0;1;708;103;124.3;60.53;;;
37.420187;-5.696726;178;0;1;708;103;124.32;60.51;;;
37.420310;-5.696560;178;0;1;708;103;124.34;60.49;;;
37.420433;-5.696395;178;0;1;708;103;124.36;60.47;;;
37.420556;-5.696230;178;0;0;708;103;124.38;60.45;;;
37.420679;-5.696065;178;0;0;708;103;124.4;60.43;;;
37.420802;-5.695899;178;0;0;708;103;124.42;60.41;;;
37.420922;-5.695731;178;0;0;708;103;124.44;60.39;;;
37.421030;-5.695550;178;0;0;708;103;124.46;60.37;;;
37.421138;-5.695369;178;0;0;708;103;124.48;60.35;;;
37.421246;-5.695188;179;0;0;709;102;124.5;60.33;;;
37.421357;-5.695009;179;0;0;709;102;124.52;60.31;;;
37.421475;-5.694839;179;0;0;709;102;124.54;60.29;;;
37.421593;-5.694668;179;0;0;709;102;124.56;60.27;;;
37.421714;-5.694501;179;0;0;709;102;124.58;60.25;;;
37.421849;-5.694351;179;0;0;709;102;124.6;60.23;;;
37.421983;-5.694200;179;0;0;709;102;124.62;60.21;;;
37.422121;-5.694055;179;0;1;709;102;124.64;60.19;;;
37.422259;-5.693910;179;0;1;709;102;124.66;60.17;;;
37.422411;-5.693789;179;0;1;709;102;124.68;60.15;;;
37.422567;-5.693677;179;0;1;709;102;124.7;60.13;;;
37.422726;-5.693571;180;0;1;710;101;124.72;60.11;;;
37.422886;-5.693469;180;0;1;710;101;124.74;60.09;;;
37.423049;-5.693374;180;0;1;710;101;124.76;60.07;;;
37.423217;-5.693291;180;0;1;710;101;124.78;60.05;;;
37.423372;-5.693179;180;0;1;710;101;124.8;60.03;;;
37.423520;-5.693050;180;0;0;710;101;124.82;60.01;;;
37.423667;-5.692920;180;0;0;710;101;124.84;59.99;;;
37.423807;-5.692778;180;0;0;710;101;124.86;59.97;;;
37.423946;-5.692635;180;0;0;710;101;124.88;59.95;;;
37.424086;-5.692491;180;0;0;710;101;124.9;59.93;;;
37.424225;-5.692348;181;0;1;711;100;124.92;59.91;;;
37.424364;-5.692205;181;0;1;711;100;124.94;59.89;;;
37.424504;-5.692062;181;0;1;711;100;124.96;59.87;;;
37.424644;-5.691919;181;0;1;711;100;124.98;59.85;;;
37.424783;-5.691776;181;0;1;711;100;125;59.83;;;
37.424922;-5.691633;181;0;1;711;100;125.02;59.81;;;
37.425062;-5.691490;182;0;1;712;99;125.04;59.79;;;
37.425202;-5.691348;182;0;1;712;99;125.06;59.77;;;
37.425341;-5.691205;182;0;1;712;99;125.08;59.75;;;
37.425481;-5.691061;182;0;1;712;99;125.1;59.73;;;
37.425620;-5.690919;182;0;1;712;99;125.12;59.71;;;
37.425763;-5.690781;183;0;1;713;98;125.14;59.69;;;
37.425905;-5.690643;183;0;1;713;98;125.16;59.67;;;
37.426048;-5.690505;183;0;1;713;98;125.18;59.65;;;
37.426191;-5.690366;183;0;1;713;98;125.2;59.63;;;
37.426333;-5.690228;183;0;1;713;98;125.22;59.61;;;
37.426476;-5.690091;184;0;1;714;97;125.24;59.59;;;
37.426619;-5.689953;184;0;1;714;97;125.26;59.57;;;
37.426761;-5.689815;184;0;1;714;97;125.28;59.55;;;
37.426904;-5.689677;184;0;1;714;97;125.3;59.53;;;
37.427046;-5.689539;185;0;2;715;96;125.32;59.51;;;
37.427189;-5.689401;185;0;2;715;96;125.34;59.49;;;
37.427332;-5.689263;185;0;2;715;96;125.36;59.47;;;
37.427475;-5.689125;186;0;2;716;95;125.38;59.45;;;
37.427617;-5.688987;186;0;2;716;95;125.4;59.43;;;
37.427759;-5.688848;186;0;2;716;95;125.42;59.41;;;
37.427902;-5.688711;187;0;2;717;94;125.44;59.39;;;
37.428045;-5.688573;187;0;2;717;94;125.46;59.37;;;
37.428188;-5.688435;188;0;2;717;94;125.48;59.35;;;
37.428330;-5.688297;188;0;2;718;93;125.5;59.33;;;
37.428460;-5.688141;188;0;2;718;93;125.52;59.31;;;
37.428583;-5.687975;189;0;2;719;92;125.54;59.29;;;
37.428703;-5.687807;189;0;2;719;92;125.56;59.27;;;
37.428823;-5.687638;190;0;2;720;91;125.58;59.25;;;
37.428942;-5.687468;190;0;2;720;91;125.6;59.23;;;
37.429062;-5.687300;190;0;2;720;91;125.62;59.21;;;
37.429182;-5.687131;191;0;2;721;90;125.64;59.19;;;
37.429302;-5.686962;191;0;2;721;90;125.66;59.17;;;
37.429421;-5.686793;192;0;2;722;89;125.68;59.15;;;
37.429542;-5.686625;192;0;2;722;89;125.7;59.13;;;
37.429662;-5.686456;192;0;2;722;89;125.72;59.11;;;
37.429782;-5.686287;193;0;2;723;88;125.74;59.09;;;
37.429904;-5.686121;193;0;2;723;88;125.76;59.07;;;
37.430036;-5.685968;194;0;2;724;87;125.78;59.05;;;
37.430170;-5.685817;194;0;2;724;87;125.8;59.03;;;
37.430309;-5.685673;195;0;2;725;86;125.82;59.01;;;
37.430452;-5.685535;195;0;2;725;86;125.84;58.99;;;
37.430601;-5.685408;196;0;2;726;85;125.86;58.97;;;
37.430750;-5.685281;196;0;2;726;85;125.88;58.95;;;
37.430898;-5.685154;196;0;1;726;85;125.9;58.93;;;
37.431047;-5.685026;196;0;1;726;85;125.92;58.91;;;
37.431199;-5.684905;197;0;1;727;84;125.94;58.89;;;
37.431351;-5.684785;197;0;1;727;84;125.96;58.87;;;
37.431500;-5.684658;197;0;1;727;84;125.98;58.85;;;
37.431641;-5.684518;197;0;1;727;84;126;58.83;;;
37.431778;-5.684371;198;0;1;728;83;126.02;58.81;;;
37.431906;-5.684212;198;0;1;728;83;126.04;58.79;;;
37.432024;-5.684041;198;0;1;728;83;126.06;58.77;;;
37.432141;-5.683869;198;0;1;728;83;126.08;58.75;;;
37.432241;-5.683682;198;0;1;728;83;126.1;58.73;;;
37.432335;-5.683488;198;0;1;728;83;126.12;58.71;;;
37.432440;-5.683304;198;0;0;728;83;126.14;58.69;;;
37.432545;-5.683121;198;0;0;728;83;126.16;58.67;;;
37.432647;-5.682934;198;0;0;728;83;126.18;58.65;;;
37.432743;-5.682743;198;0;0;728;83;126.2;58.63;;;
37.432839;-5.682551;198;0;0;728;83;126.22;58.61;;;
37.432944;-5.682369;198;0;0;728;83;126.24;58.59;;;
37.433068;-5.682204;198;0;0;728;83;126.26;58.57;;;
37.433198;-5.682048;198;0;0;728;83;126.28;58.55;;;
37.433332;-5.681897;198;0;0;728;83;126.3;58.53;;;
37.433475;-5.681759;198;0;0;728;83;126.32;58.51;;;
37.433618;-5.681621;198;0;0;728;83;126.34;58.49;;;
37.433760;-5.681483;199;0;0;728;83;126.36;58.47;;;
37.433902;-5.681344;199;0;0;729;82;126.38;58.45;;;
37.434049;-5.681213;199;0;0;729;82;126.4;58.43;;;
37.434200;-5.681091;199;0;0;729;82;126.42;58.41;;;
37.434352;-5.680969;199;0;0;729;82;126.44;58.39;;;
37.434503;-5.680847;199;0;0;729;82;126.46;58.37;;;
37.434654;-5.680725;199;0;0;729;82;126.48;58.35;;;
37.434806;-5.680603;199;0;0;729;82;126.5;58.33;;;
37.434957;-5.680480;199;0;0;729;82;126.52;58.31;;;
37.435109;-5.680358;199;0;0;729;82;126.54;58.29;;;
37.435260;-5.680235;199;0;0;729;82;126.56;58.27;;;
37.435409;-5.680108;199;0;0;729;82;126.58;58.25;;;
37.435557;-5.679980;199;0;0;729;82;126.6;58.23;;;
37.435706;-5.679853;199;0;0;729;82;126.62;58.21;;;
37.435853;-5.679721;199;0;0;729;82;126.64;58.19;;;
37.435997;-5.679586;199;0;0;729;82;126.66;58.17;;;
37.436133;-5.679439;198;0;0;729;82;126.68;58.15;;;
37.436259;-5.679278;198;0;0;729;82;126.7;58.13;;;
37.436368;-5.679098;198;0;0;729;82;126.72;58.11;;;
37.436471;-5.678913;198;0;0;729;82;126.74;58.09;;;
37.436574;-5.678727;198;0;0;729;82;126.76;58.07;;;
37.436678;-5.678542;198;0;0;729;82;126.78;58.05;;;
37.436781;-5.678356;198;0;0;729;82;126.8;58.03;;;
37.436888;-5.678174;198;0;0;729;82;126.82;58.01;;;
37.436999;-5.677996;198;0;0;729;82;126.84;57.99;;;
37.437110;-5.677818;198;0;0;729;82;126.86;57.97;;;
37.437220;-5.677639;198;0;0;729;82;126.88;57.95;;;
37.437340;-5.677470;198;0;0;729;82;126.9;57.93;;;
37.437462;-5.677303;198;0;0;729;82;126.92;57.91;;;
37.437583;-5.677136;198;0;0;729;82;126.94;57.89;;;
37.437704;-5.676968;198;0;0;729;82;126.96;57.87;;;
37.437826;-5.676802;198;0;0;729;82;126.98;57.85;;;
37.437947;-5.676635;198;0;0;729;82;127;57.83;;;
37.438068;-5.676467;198;0;0;729;82;127.02;57.81;;;
37.438201;-5.676316;198;0;0;729;82;127.04;57.79;;;
37.438348;-5.676186;198;0;0;729;82;127.06;57.77;;;
37.438497;-5.676060;198;0;0;729;82;127.08;57.75;;;
37.438651;-5.675941;198;0;0;729;82;127.1;57.73;;;
37.438806;-5.675829;198;0;0;729;82;127.12;57.71;;;
37.438972;-5.675739;198;0;0;729;82;127.14;57.69;;;
37.439136;-5.675648;198;0;0;729;82;127.16;57.67;;;
37.439301;-5.675558;198;0;0;729;82;127.18;57.65;;;
37.439466;-5.675468;198;0;0;729;82;127.2;57.63;;;
37.439631;-5.675378;198;0;0;729;82;127.22;57.61;;;
37.439796;-5.675287;199;0;0;729;82;127.24;57.59;;;
37.439961;-5.675196;199;0;0;729;82;127.26;57.57;;;
37.440123;-5.675098;199;0;0;729;82;127.28;57.55;;;
37.440285;-5.674999;199;0;0;729;82;127.3;57.53;;;
37.440446;-5.674899;199;0;0;730;81;127.32;57.51;;;
37.440608;-5.674800;199;0;0;730;81;127.34;57.49;;;
37.440770;-5.674702;199;0;0;730;81;127.36;57.47;;;
37.440932;-5.674602;199;0;0;730;81;127.38;57.45;;;
37.441093;-5.674502;199;0;0;730;81;127.4;57.43;;;
37.441255;-5.674404;199;0;1;730;81;127.42;57.41;;;
37.441417;-5.674305;199;0;1;730;81;127.44;57.39;;;
37.441579;-5.674206;200;0;0;730;81;127.46;57.37;;;
37.441738;-5.674102;200;0;0;730;81;127.48;57.35;;;
37.441893;-5.673987;200;0;0;730;81;127.5;57.33;;;
37.442048;-5.673871;200;0;0;730;81;127.52;57.31;;;
37.442202;-5.673755;200;0;0;730;81;127.54;57.29;;;
37.442357;-5.673639;200;0;0;731;80;127.56;57.27;;;
37.442511;-5.673524;200;0;0;731;80;127.58;57.25;;;
37.442666;-5.673408;200;0;0;731;80;127.6;57.23;;;
37.442821;-5.673293;200;0;0;731;80;127.62;57.21;;;
37.442976;-5.673177;200;0;0;731;80;127.64;57.19;;;
37.443130;-5.673061;200;0;1;731;80;127.66;57.17;;;
37.443285;-5.672946;200;0;1;731;80;127.68;57.15;;;
37.443440;-5.672830;201;0;0;731;80;127.7;57.13;;;
37.443595;-5.672715;201;0;0;731;80;127.72;57.11;;;
37.443749;-5.672599;201;0;0;731;80;127.74;57.09;;;
37.443903;-5.672482;201;0;0;731;80;127.76;57.07;;;
37.444056;-5.672362;201;0;0;731;80;127.78;57.05;;;
37.444208;-5.672243;201;0;0;732;79;127.8;57.03;;;
37.444361;-5.672123;201;0;0;732;79;127.82;57.01;;;
37.444514;-5.672003;201;0;0;732;79;127.84;56.99;;;
37.444667;-5.671884;201;0;0;732;79;127.86;56.97;;;
37.444820;-5.671764;201;0;0;732;79;127.88;56.95;;;
37.444972;-5.671644;201;0;0;732;79;127.9;56.93;;;
37.445125;-5.671524;201;0;0;732;79;127.92;56.91;;;
37.445276;-5.671402;201;0;0;732;79;127.94;56.89;;;
37.445417;-5.671262;201;0;0;732;79;127.96;56.87;;;
37.445558;-5.671121;201;0;0;732;79;127.98;56.85;;;
37.445695;-5.670974;202;0;0;732;79;128;56.83;;;
37.445951;-5.670656;202;0;0;732;79;128.04;56.79;;;
37.446069;-5.670485;201;0;0;732;79;128.06;56.77;;;
37.446294;-5.670132;201;0;0;732;79;128.1;56.73;;;
37.446402;-5.669951;201;0;0;732;79;128.12;56.71;;;
37.446617;-5.669588;201;0;0;732;79;128.16;56.67;;;
37.446725;-5.669407;201;0;0;732;79;128.18;56.65;;;
37.446941;-5.669044;201;0;0;732;79;128.22;56.61;;;
37.447047;-5.668861;201;0;0;732;79;128.24;56.59;;;
37.447153;-5.668678;201;0;0;732;79;128.26;56.57;;;
37.447258;-5.668494;201;0;0;732;79;128.28;56.55;;;
37.447469;-5.668127;201;0;0;732;79;128.32;56.51;;;
37.447575;-5.667945;201;0;0;732;79;128.34;56.49;;;
37.447806;-5.667598;201;0;0;732;79;128.38;56.45;;;
37.447935;-5.667440;201;0;0;732;79;128.4;56.43;;;
37.448193;-5.667123;201;0;0;732;79;128.44;56.39;;;
37.448326;-5.666972;201;0;0;732;79;128.46;56.37;;;
37.448596;-5.666672;201;0;0;732;79;128.5;56.33;;;
37.448880;-5.666394;201;0;0;732;79;128.54;56.29;;;
37.449025;-5.666260;201;0;0;732;79;128.56;56.27;;;
37.449339;-5.666042;201;0;0;732;79;128.6;56.23;;;
37.449499;-5.665938;201;0;0;732;79;128.62;56.21;;;
37.449827;-5.665751;201;0;0;733;78;128.66;56.17;;;
37.449991;-5.665658;201;0;0;733;78;128.68;56.15;;;
37.450319;-5.665471;201;0;0;733;78;128.72;56.11;;;
37.450483;-5.665378;202;0;0;733;78;128.74;56.09;;;
37.450646;-5.665284;202;0;0;733;78;128.76;56.07;;;
37.450810;-5.665190;202;0;0;733;78;128.78;56.05;;;
37.451128;-5.664979;202;0;0;733;78;128.82;56.01;;;
37.451285;-5.664869;202;0;0;733;78;128.84;55.99;;;
37.451579;-5.664610;202;0;0;733;78;128.88;55.95;;;
37.451723;-5.664474;202;0;0;733;78;128.9;55.93;;;
37.452017;-5.664214;202;0;0;734;77;128.94;55.89;;;
37.452164;-5.664083;202;0;0;734;77;128.96;55.87;;;
37.452459;-5.663823;202;0;0;734;77;129;55.83;;;
37.452753;-5.663562;203;0;0;734;77;129.04;55.79;;;
37.452900;-5.663432;203;0;0;734;77;129.06;55.77;;;
37.453173;-5.663136;203;0;0;734;77;129.1;55.73;;;
37.453306;-5.662984;203;0;0;734;77;129.12;55.71;;;
37.453573;-5.662681;203;0;0;734;77;129.16;55.67;;;
37.453713;-5.662539;203;0;0;734;77;129.18;55.65;;;
37.454005;-5.662275;203;0;0;734;77;129.22;55.61;;;
37.454153;-5.662145;203;0;0;735;76;129.24;55.59;;;
37.454308;-5.662031;203;0;0;735;76;129.26;55.57;;;
37.454464;-5.661917;203;0;0;735;76;129.28;55.55;;;
37.454762;-5.661665;204;0;0;735;76;129.32;55.51;;;
37.454909;-5.661534;204;0;0;735;76;129.34;55.49;;;
37.455204;-5.661275;204;0;0;735;76;129.38;55.45;;;
37.455351;-5.661145;204;0;0;735;76;129.4;55.43;;;
37.455627;-5.660855;204;0;0;735;76;129.44;55.39;;;
37.455760;-5.660702;204;0;0;735;76;129.46;55.37;;;
37.456029;-5.660401;204;0;0;735;76;129.5;55.33;;;
37.456314;-5.660125;204;0;0;735;76;129.54;55.29;;;
37.456456;-5.659986;204;0;0;735;76;129.56;55.27;;;
37.456741;-5.659710;204;0;0;735;76;129.6;55.23;;;
37.456884;-5.659572;204;0;0;736;75;129.62;55.21;;;
37.457174;-5.659304;205;0;0;736;75;129.66;55.17;;;
37.457321;-5.659174;205;0;0;736;75;129.68;55.15;;;
37.457615;-5.658912;205;0;0;736;75;129.72;55.11;;;
37.457762;-5.658782;205;0;0;736;75;129.74;55.09;;;
37.457908;-5.658650;205;0;0;736;75;129.76;55.07;;;
37.458049;-5.658510;205;0;0;736;75;129.78;55.05;;;
37.458331;-5.658228;205;0;0;736;75;129.82;55.01;;;
37.458462;-5.658073;205;0;0;736;75;129.84;54.99;;;
37.458717;-5.657754;205;0;1;737;74;129.88;54.95;;;
37.458854;-5.657607;206;0;1;737;74;129.9;54.93;;;
37.459130;-5.657316;206;0;1;737;74;129.94;54.89;;;
37.459268;-5.657171;206;0;1;737;74;129.96;54.87;;;
37.459549;-5.656888;206;0;1;738;73;130;54.83;;;
37.459857;-5.656656;207;0;1;738;73;130.04;54.79;;;
37.460016;-5.656551;207;0;1;738;73;130.06;54.77;;;
37.460335;-5.656340;207;0;1;738;73;130.1;54.73;;;
37.460494;-5.656235;207;0;1;738;73;130.12;54.71;;;
37.460804;-5.656007;208;0;1;739;72;130.16;54.67;;;
37.460954;-5.655882;208;0;1;739;72;130.18;54.65;;;
37.461250;-5.655624;208;0;2;740;71;130.22;54.61;;;
37.461340;-5.655439;209;0;2;740;71;130.24;54.59;;;
37.461469;-5.655298;209;0;2;741;70;130.26;54.57;;;
37.461641;-5.655236;210;0;2;741;70;130.28;54.55;;;
37.461935;-5.654983;210;0;2;741;70;130.32;54.51;22;;
37.462075;-5.654840;210;0;1;742;69;130.34;54.49;;;
37.462354;-5.654554;211;0;1;742;69;130.38;54.45;;;
37.462495;-5.654414;211;0;1;742;69;130.4;54.43;;;
37.462777;-5.654132;212;0;1;743;68;130.44;54.39;;;
37.462908;-5.653977;212;0;2;743;68;130.46;54.37;;;
37.463151;-5.653644;213;0;1;744;67;130.5;54.33;;;
37.463362;-5.653278;213;0;1;745;66;130.54;54.29;;;
37.463454;-5.653083;213;0;1;745;66;130.56;54.27;;;
37.463635;-5.652691;214;0;1;745;66;130.6;54.23;;;
37.463727;-5.652496;214;0;1;745;66;130.62;54.21;;;
37.463908;-5.652105;215;0;1;746;65;130.66;54.17;;;
37.464012;-5.651921;215;0;2;746;65;130.68;54.15;;;
37.464230;-5.651560;215;0;2;747;64;130.72;54.11;;;
37.464331;-5.651373;216;0;2;747;64;130.74;54.09;;;
37.464449;-5.651208;217;0;3;748;63;130.76;54.07;;;
37.464619;-5.651137;218;0;2;749;62;130.78;54.05;;;
37.464914;-5.650879;218;0;2;750;61;130.82;54.01;;;
37.465060;-5.650745;219;0;2;750;61;130.84;53.99;;;
37.465350;-5.650478;219;0;1;750;61;130.88;53.95;;;
37.465495;-5.650344;219;0;1;751;60;130.9;53.93;;;
37.465786;-5.650077;220;0;1;751;60;130.94;53.89;;;
37.465931;-5.649944;220;0;1;751;60;130.96;53.87;;;
37.466226;-5.649685;221;0;1;752;59;131;53.83;;;
37.466528;-5.649437;221;0;1;752;59;131.04;53.79;;;
37.466678;-5.649313;221;0;1;753;58;131.06;53.77;;;
37.466980;-5.649066;222;0;1;753;58;131.1;53.73;;;
37.467130;-5.648942;222;0;1;753;58;131.12;53.71;;;
37.467432;-5.648696;223;0;1;754;57;131.16;53.67;;;
37.467583;-5.648572;223;0;1;754;57;131.18;53.65;;;
37.467902;-5.648364;224;0;1;755;56;131.22;53.61;;;
37.468049;-5.648239;224;0;1;755;56;131.24;53.59;;;
37.468174;-5.648076;224;0;1;755;56;131.26;53.57;;;
37.468272;-5.647886;224;0;1;756;55;131.28;53.55;;;
37.468464;-5.647502;225;0;1;756;55;131.32;53.51;;;
37.468559;-5.647310;225;0;1;756;55;131.34;53.49;;;
37.468752;-5.646928;225;0;1;757;54;131.38;53.45;;;
37.468848;-5.646736;226;0;1;757;54;131.4;53.43;;;
37.469041;-5.646353;226;0;0;757;54;131.44;53.39;;;
37.469137;-5.646162;226;0;0;757;54;131.46;53.37;;;
37.469329;-5.645779;226;0;0;757;54;131.5;53.33;;;
37.469561;-5.645434;226;0;0;757;54;131.54;53.29;;;
37.469697;-5.645286;226;0;0;757;54;131.56;53.27;;;
37.469979;-5.645005;226;0;0;757;54;131.6;53.23;;;
37.470065;-5.644808;226;0;0;757;54;131.62;53.21;;;
37.470221;-5.644399;226;0;0;757;54;131.66;53.17;;;
37.470297;-5.644194;226;0;0;757;54;131.68;53.15;;;
37.470449;-5.643783;226;0;0;757;54;131.72;53.11;;;
37.470588;-5.643664;226;0;0;757;54;131.74;53.09;;;
37.470756;-5.643587;226;0;0;757;54;131.76;53.07;;;
37.470867;-5.643411;225;0;0;757;54;131.78;53.05;;;
37.471072;-5.643038;225;0;0;757;54;131.82;53.01;;;
37.471124;-5.642826;225;0;0;757;54;131.84;52.99;;;
37.471157;-5.642375;225;0;-1;757;54;131.88;52.95;;;
37.471165;-5.642149;225;0;-1;757;54;131.9;52.93;;;
37.471303;-5.641763;224;0;-1;757;54;131.94;52.89;;;
37.471478;-5.641805;224;0;-2;757;54;131.96;52.87;;;
37.471810;-5.641978;223;0;-2;757;54;132;52.83;;;
37.472139;-5.642162;223;0;-2;757;54;132.04;52.79;;;
37.472312;-5.642220;222;0;-2;757;54;132.06;52.77;;;
37.472663;-5.642321;222;0;-2;757;54;132.1;52.73;;;
37.472838;-5.642370;221;0;-2;757;54;132.12;52.71;;;
37.473195;-5.642412;220;0;-3;757;54;132.16;52.67;;;
37.473375;-5.642423;220;0;-4;757;54;132.18;52.65;;;
37.473726;-5.642510;219;0;-4;757;54;132.22;52.61;;;
37.473897;-5.642579;218;0;-4;757;54;132.24;52.59;;;
37.473911;-5.642783;216;0;-4;757;54;132.26;52.57;;;
37.473850;-5.642996;215;0;-4;757;54;132.28;52.55;;;
37.473727;-5.643422;214;0;-4;757;54;132.32;52.51;;;
37.473639;-5.643619;213;0;-3;757;54;132.34;52.49;;;
37.473454;-5.644008;212;0;-3;757;54;132.38;52.45;;;
37.473439;-5.644226;211;0;-3;757;54;132.4;52.43;;;
37.473643;-5.644594;210;0;-3;757;54;132.44;52.39;;;
37.473763;-5.644763;209;0;-3;757;54;132.46;52.37;;;
37.474002;-5.645101;208;0;-3;757;54;132.5;52.33;;;
37.474241;-5.645440;207;0;-3;757;54;132.54;52.29;;;
37.474361;-5.645609;207;0;-3;757;54;132.56;52.27;;;
37.474600;-5.645948;206;0;-3;757;54;132.6;52.23;;;
37.474717;-5.646120;205;0;-3;757;54;132.62;52.21;;;
37.474913;-5.646498;204;0;-3;757;54;132.66;52.17;;;
37.475008;-5.646690;203;0;-3;757;54;132.68;52.15;;;
37.475205;-5.647069;202;0;-3;757;54;132.72;52.11;;;
37.475304;-5.647259;202;0;-3;757;54;132.74;52.09;;;
37.475414;-5.647438;201;0;-3;757;54;132.76;52.07;;;
37.475525;-5.647616;200;0;-3;757;54;132.78;52.05;;;
37.475755;-5.647962;199;0;-4;757;54;132.82;52.01;;;
37.475911;-5.648062;198;0;-4;757;54;132.84;51.99;;;
37.476149;-5.648316;196;0;-4;757;54;132.88;51.95;;;
37.476183;-5.648535;195;0;-4;757;54;132.9;51.93;;;
37.476440;-5.648847;193;0;-4;757;54;132.94;51.89;;;
37.476583;-5.648985;193;0;-3;757;54;132.96;51.87;;;
37.476871;-5.649257;192;0;-2;757;54;133;51.83;;;
37.477160;-5.649526;191;0;-2;757;54;133.04;51.79;;;
37.477303;-5.649664;190;0;-2;757;54;133.06;51.77;;;
37.477579;-5.649954;189;0;-2;757;54;133.1;51.73;;;
37.477709;-5.650112;189;0;-2;757;54;133.12;51.71;;;
37.477967;-5.650428;188;0;-2;757;54;133.16;51.67;;;
37.478096;-5.650585;188;0;-2;757;54;133.18;51.65;;;
37.478354;-5.650901;187;0;-2;757;54;133.22;51.61;;;
37.478489;-5.651049;187;0;-2;757;54;133.24;51.59;;;
37.478630;-5.651190;187;0;-2;757;54;133.26;51.57;;;
37.478779;-5.651317;187;0;-2;757;54;133.28;51.55;;;
37.479091;-5.651543;186;0;-2;757;54;133.32;51.51;;;
37.479250;-5.651649;185;0;-2;757;54;133.34;51.49;;;
37.479545;-5.651904;184;0;-3;757;54;133.38;51.45;;;
37.479675;-5.652061;184;0;-3;757;54;133.4;51.43;;;
37.479868;-5.652438;182;0;-3;757;54;133.44;51.39;;;
37.479957;-5.652635;182;0;-3;757;54;133.46;51.37;;;
37.480119;-5.653038;181;0;-2;757;54;133.5;51.33;;;
37.480220;-5.653472;180;0;-2;757;54;133.54;51.29;;;
37.480255;-5.653695;180;0;-2;757;54;133.56;51.27;;;
37.480359;-5.654126;178;0;-2;757;54;133.6;51.23;;;
37.480445;-5.654326;178;0;-2;757;54;133.62;51.21;;;
37.480650;-5.654698;177;0;-2;757;54;133.66;51.17;;;
37.480754;-5.654883;177;0;-2;757;54;133.68;51.15;;;
37.480962;-5.655253;176;0;-2;757;54;133.72;51.11;;;
37.481074;-5.655430;175;0;-2;757;54;133.74;51.09;;;
37.481186;-5.655607;175;0;-2;757;54;133.76;51.07;;;
37.481298;-5.655785;174;0;-2;757;54;133.78;51.05;;;
37.481523;-5.656139;173;0;-3;757;54;133.82;51.01;;;
37.481635;-5.656316;173;0;-3;757;54;133.84;50.99;;;
37.481859;-5.656670;172;0;-3;757;54;133.88;50.95;;;
37.481966;-5.656852;171;0;-3;757;54;133.9;50.93;;;
37.482147;-5.657240;170;0;-4;757;54;133.94;50.89;;;
37.482208;-5.657454;169;0;-4;757;54;133.96;50.87;;;
37.482282;-5.657896;167;0;-3;757;54;134;50.83;23;;
37.482319;-5.658347;166;0;-3;757;54;134.04;50.79;;;
37.482333;-5.658573;166;0;-3;757;54;134.06;50.77;;;
37.482361;-5.659025;164;0;-3;757;54;134.1;50.73;;;
37.482375;-5.659251;164;0;-3;757;54;134.12;50.71;;;
37.482517;-5.659663;163;0;-3;757;54;134.16;50.67;;;
37.482596;-5.659867;162;0;-3;757;54;134.18;50.65;;;
37.482755;-5.660274;161;0;-3;757;54;134.22;50.61;;;
37.482834;-5.660478;160;0;-3;757;54;134.24;50.59;;;
37.482912;-5.660681;160;0;-3;757;54;134.26;50.57;;;
37.483008;-5.660873;159;0;-4;757;54;134.28;50.55;;;
37.483216;-5.661241;157;0;-4;757;54;134.32;50.51;;;
37.483342;-5.661403;156;0;-4;757;54;134.34;50.49;;;
37.483594;-5.661726;155;0;-4;757;54;134.38;50.45;;;
37.483720;-5.661888;154;0;-4;757;54;134.4;50.43;;;
37.483948;-5.662235;153;0;-4;757;54;134.44;50.39;;;
37.484044;-5.662427;152;0;-4;757;54;134.46;50.37;;;
37.484237;-5.662810;150;0;-4;757;54;134.5;50.33;;;
37.484430;-5.663193;149;0;-4;757;54;134.54;50.29;;;
37.484526;-5.663384;148;0;-4;757;54;134.56;50.27;;;
37.484715;-5.663770;146;0;-4;757;54;134.6;50.23;;;
37.484807;-5.663964;146;0;-3;757;54;134.62;50.21;;;
37.484992;-5.664353;144;0;-3;757;54;134.66;50.17;;;
37.485085;-5.664547;144;0;-3;757;54;134.68;50.15;;;
37.485270;-5.664936;142;0;-3;757;54;134.72;50.11;;;
37.485363;-5.665130;142;0;-3;757;54;134.74;50.09;;;
37.485455;-5.665325;141;0;-3;757;54;134.76;50.07;;;
37.485548;-5.665519;141;0;-3;757;54;134.78;50.05;;;
37.485733;-5.665907;140;0;-3;757;54;134.82;50.01;;;
37.485826;-5.666102;139;0;-3;757;54;134.84;49.99;;;
37.486011;-5.666490;138;0;-3;757;54;134.88;49.95;;;
37.486104;-5.666685;137;0;-3;757;54;134.9;49.93;;;
37.486289;-5.667073;136;0;-2;757;54;134.94;49.89;;;
37.486381;-5.667268;136;0;-2;757;54;134.96;49.87;;;
37.486567;-5.667656;135;0;-2;757;54;135;49.83;;;
37.486749;-5.668047;134;0;-2;757;54;135.04;49.79;;;
37.486825;-5.668252;134;0;-2;757;54;135.06;49.77;;;
37.486977;-5.668663;133;0;-2;757;54;135.1;49.73;;;
37.487053;-5.668869;132;0;-2;757;54;135.12;49.71;;;
37.487205;-5.669279;131;0;-2;757;54;135.16;49.67;;;
37.487281;-5.669485;131;0;-2;757;54;135.18;49.65;;;
37.487405;-5.669910;130;0;-2;757;54;135.22;49.61;;;
37.487461;-5.670125;130;0;-2;757;54;135.24;49.59;;;
37.487515;-5.670341;130;0;-2;757;54;135.26;49.57;;;
37.487565;-5.670559;129;0;-2;757;54;135.28;49.55;;;
37.487664;-5.670995;129;0;-2;757;54;135.32;49.51;;;
37.487714;-5.671213;128;0;-2;757;54;135.34;49.49;;;
37.487813;-5.671649;128;0;-1;757;54;135.38;49.45;;;
37.487863;-5.671867;127;0;-2;757;54;135.4;49.43;;;
37.487961;-5.672303;127;0;-1;757;54;135.44;49.39;;;
37.488011;-5.672520;126;0;-1;757;54;135.46;49.37;;;
37.488110;-5.672956;126;0;-1;757;54;135.5;49.33;;;
37.488209;-5.673392;125;0;-1;757;54;135.54;49.29;;;
37.488259;-5.673610;125;0;-1;757;54;135.56;49.27;;;
37.488358;-5.674046;125;0;-1;757;54;135.6;49.23;;;
37.488407;-5.674264;124;0;-1;757;54;135.62;49.21;;;
37.488507;-5.674699;124;0;-2;757;54;135.66;49.17;;;
37.488566;-5.674913;123;0;-1;757;54;135.68;49.15;;;
37.488722;-5.675319;123;0;-1;757;54;135.72;49.11;;;
37.488821;-5.675509;123;0;-1;757;54;135.74;49.09;;;
37.488923;-5.675695;122;0;-1;757;54;135.76;49.07;;;
37.489032;-5.675875;122;0;-1;757;54;135.78;49.05;;;
37.489251;-5.676235;122;0;-1;757;54;135.82;49.01;;;
37.489360;-5.676416;121;0;-1;757;54;135.84;48.99;;;
37.489579;-5.676776;121;0;-1;757;54;135.88;48.95;;;
37.489688;-5.676956;121;0;-1;757;54;135.9;48.93;;;
37.489885;-5.677333;120;0;-1;757;54;135.94;48.89;;;
37.489973;-5.677531;120;0;-1;757;54;135.96;48.87;;;
37.490134;-5.677936;120;0;-1;757;54;136;48.83;;;
37.490277;-5.678352;119;0;-1;757;54;136.04;48.79;;;
37.490339;-5.678565;119;0;-1;757;54;136.06;48.77;;;
37.490415;-5.679007;118;0;-1;757;54;136.1;48.73;;;
37.490446;-5.679230;118;0;-1;757;54;136.12;48.71;;;
37.490507;-5.679677;118;0;-1;757;54;136.16;48.67;;;
37.490538;-5.679900;117;0;-1;757;54;136.18;48.65;;;
37.490599;-5.680347;117;0;-1;757;54;136.22;48.61;;;
37.490629;-5.680570;117;0;-1;757;54;136.24;48.59;;;
37.490661;-5.680794;116;0;-1;757;54;136.26;48.57;;;
37.490692;-5.681017;116;0;-1;757;54;136.28;48.55;;;
37.490753;-5.681464;116;0;-1;757;54;136.32;48.51;;;
37.490783;-5.681687;115;0;-1;757;54;136.34;48.49;;;
37.490845;-5.682134;115;0;-1;757;54;136.38;48.45;;;
37.490875;-5.682357;115;0;-1;757;54;136.4;48.43;;;
37.490936;-5.682804;114;0;-1;757;54;136.44;48.39;;;
37.490967;-5.683027;114;0;-1;757;54;136.46;48.37;;;
37.491028;-5.683474;114;0;-1;757;54;136.5;48.33;;;
37.491090;-5.683921;114;0;-1;757;54;136.54;48.29;;;
37.491121;-5.684144;113;0;-1;757;54;136.56;48.27;;;
37.491202;-5.684585;113;0;-1;757;54;136.6;48.23;;;
37.491247;-5.684805;113;0;-1;757;54;136.62;48.21;;;
37.491336;-5.685244;112;0;-1;757;54;136.66;48.17;;;
37.491381;-5.685464;112;0;-1;757;54;136.68;48.15;;;
37.491471;-5.685903;112;0;-1;757;54;136.72;48.11;;;
37.491516;-5.686122;112;0;-1;757;54;136.74;48.09;;;
37.491561;-5.686342;111;0;-1;757;54;136.76;48.07;;;
37.491606;-5.686561;111;0;-1;757;54;136.78;48.05;;;
37.491695;-5.687000;111;0;-1;757;54;136.82;48.01;;;
37.491757;-5.687213;111;0;-1;757;54;136.84;47.99;;;
37.491883;-5.687638;110;0;-1;757;54;136.88;47.95;;;
37.491946;-5.687850;110;0;-1;757;54;136.9;47.93;;;
37.492072;-5.688275;110;0;-1;757;54;136.94;47.89;;;
37.492141;-5.688484;110;0;-1;757;54;136.96;47.87;;;
37.492295;-5.688893;110;0;-1;757;54;137;47.83;;;
37.492449;-5.689303;109;0;-1;757;54;137.04;47.79;;;
37.492529;-5.689506;109;0;-1;757;54;137.06;47.77;;;
37.492690;-5.689912;109;0;-1;757;54;137.1;47.73;;;
37.492771;-5.690114;109;0;-1;757;54;137.12;47.71;;;
37.492932;-5.690519;108;0;-1;757;54;137.16;47.67;;;
37.493013;-5.690722;108;0;-1;757;54;137.18;47.65;;;
37.493174;-5.691127;108;0;-1;757;54;137.22;47.61;;;
37.493255;-5.691330;107;0;-1;757;54;137.24;47.59;;;
37.493335;-5.691533;107;0;-1;757;54;137.26;47.57;;;
37.493423;-5.691730;107;0;-1;757;54;137.28;47.55;;;
37.493631;-5.692100;107;0;-1;757;54;137.32;47.51;;;
37.493734;-5.692285;106;0;-1;757;54;137.34;47.49;;;
37.493942;-5.692656;106;0;-1;757;54;137.38;47.45;;;
37.494046;-5.692841;106;0;-1;757;54;137.4;47.43;;;
37.494253;-5.693212;106;0;-1;757;54;137.44;47.39;;;
37.494356;-5.693397;105;0;-1;757;54;137.46;47.37;;;
37.494564;-5.693767;105;0;-1;757;54;137.5;47.33;;;
37.494771;-5.694138;104;0;-1;757;54;137.54;47.29;;;
37.494874;-5.694323;104;0;-1;757;54;137.56;47.27;;;
37.495082;-5.694694;104;0;-1;757;54;137.6;47.23;;;
37.495186;-5.694879;104;0;-1;757;54;137.62;47.21;;;
37.495393;-5.695250;103;0;-1;757;54;137.66;47.17;;;
37.495497;-5.695435;103;0;-1;757;54;137.68;47.15;;;
37.495704;-5.695805;103;0;-1;757;54;137.72;47.11;;;
37.495807;-5.695991;102;0;-1;757;54;137.74;47.09;;;
37.495924;-5.696160;102;0;-1;757;54;137.76;47.07;;;
37.496069;-5.696294;102;0;-1;757;54;137.78;47.05;;;
37.496359;-5.696562;101;0;-1;757;54;137.82;47.01;;;
37.496504;-5.696696;101;0;-1;757;54;137.84;46.99;;;
37.496794;-5.696964;101;0;-1;757;54;137.88;46.95;;;
37.496939;-5.697098;100;0;-1;757;54;137.9;46.93;;;
37.497230;-5.697366;100;0;-1;757;54;137.94;46.89;;;
37.497375;-5.697500;100;0;-1;757;54;137.96;46.87;;;
37.497622;-5.697826;99;0;-1;757;54;138;46.83;;;
37.497857;-5.698169;99;0;-1;757;54;138.04;46.79;;;
37.497975;-5.698341;99;0;-1;757;54;138.06;46.77;;;
37.498156;-5.698730;99;0;-1;757;54;138.1;46.73;;;
37.498238;-5.698932;99;0;-1;757;54;138.12;46.71;;;
37.498388;-5.699343;98;0;-1;757;54;138.16;46.67;;;
37.498462;-5.699550;98;0;-1;757;54;138.18;46.65;;;
37.498610;-5.699964;98;0;0;757;54;138.22;46.61;;;
37.498684;-5.700171;98;0;0;757;54;138.24;46.59;;;
37.498757;-5.700377;98;0;0;757;54;138.26;46.57;;;
37.498831;-5.700584;98;0;0;757;54;138.28;46.55;;;
37.498979;-5.700998;98;0;0;757;54;138.32;46.51;;;
37.499052;-5.701204;98;0;0;757;54;138.34;46.49;;;
37.499200;-5.701618;98;0;0;757;54;138.38;46.45;;;
37.499273;-5.701825;98;0;0;757;54;138.4;46.43;;;
37.499431;-5.702232;97;0;0;757;54;138.44;46.39;;;
37.499511;-5.702435;97;0;0;757;54;138.46;46.37;;;
37.499669;-5.702842;97;0;0;757;54;138.5;46.33;;;
37.499829;-5.703249;97;0;0;757;54;138.54;46.29;;;
37.499908;-5.703452;97;0;0;757;54;138.56;46.27;;;
37.500067;-5.703859;97;0;0;757;54;138.6;46.23;;;
37.500147;-5.704063;97;0;0;757;54;138.62;46.21;;;
37.500305;-5.704470;97;0;0;757;54;138.66;46.17;;;
37.500385;-5.704673;97;0;0;757;54;138.68;46.15;;;
37.500544;-5.705079;97;0;0;757;54;138.72;46.11;;;
37.500623;-5.705283;97;0;0;757;54;138.74;46.09;;;
37.500702;-5.705487;97;0;0;757;54;138.76;46.07;;;
37.500782;-5.705690;97;0;0;757;54;138.78;46.05;;;
37.500941;-5.706096;97;0;0;757;54;138.82;46.01;;;
37.501021;-5.706300;97;0;0;757;54;138.84;45.99;;;
37.501152;-5.706722;96;0;0;757;54;138.88;45.95;;;
37.501212;-5.706935;96;0;0;757;54;138.9;45.93;;;
37.501334;-5.707362;96;0;0;757;54;138.94;45.89;;;
37.501363;-5.707585;96;0;0;757;54;138.96;45.87;;;
37.501401;-5.708035;96;0;0;757;54;139;45.83;;;
37.501406;-5.708489;96;0;0;757;54;139.04;45.79;;;
37.501408;-5.708716;96;0;0;757;54;139.06;45.77;;;
37.501413;-5.709169;96;0;0;757;54;139.1;45.73;;;
37.501416;-5.709396;96;0;0;757;54;139.12;45.71;;;
37.501420;-5.709849;96;0;0;757;54;139.16;45.67;;;
37.501423;-5.710076;96;0;0;757;54;139.18;45.65;;;
37.501428;-5.710529;95;0;0;757;54;139.22;45.61;;;
37.501429;-5.710756;95;0;0;757;54;139.24;45.59;;;
37.501428;-5.710983;95;0;0;757;54;139.26;45.57;;;
37.501427;-5.711209;95;0;0;757;54;139.28;45.55;;;
37.501424;-5.711663;95;0;0;757;54;139.32;45.51;;;
37.501429;-5.711889;95;0;0;757;54;139.34;45.49;;;
37.501438;-5.712343;95;0;-1;757;54;139.38;45.45;;;
37.501492;-5.712554;95;0;-1;757;54;139.4;45.43;;;
37.501573;-5.712970;95;0;-1;757;54;139.44;45.39;;;
37.501505;-5.713179;94;0;-1;757;54;139.46;45.37;;;
37.501423;-5.713616;94;0;-1;757;54;139.5;45.33;;;
37.501410;-5.714069;94;0;-1;757;54;139.54;45.29;;;
37.501421;-5.714295;94;0;-1;757;54;139.56;45.27;;;
37.501441;-5.714748;94;0;-1;757;54;139.6;45.23;;;
37.501452;-5.714974;93;0;-1;757;54;139.62;45.21;;;
37.501473;-5.715427;93;0;0;757;54;139.66;45.17;;;
37.501483;-5.715653;93;0;0;757;54;139.68;45.15;;;
37.501524;-5.716104;93;0;0;757;54;139.72;45.11;;;
37.501549;-5.716328;93;0;0;757;54;139.74;45.09;;;
37.501573;-5.716553;93;0;0;757;54;139.76;45.07;;;
37.501598;-5.716777;93;0;0;757;54;139.78;45.05;;;
37.501648;-5.717226;93;0;-1;757;54;139.82;45.01;;;
37.501682;-5.717449;92;0;-1;757;54;139.84;44.99;;;
37.501765;-5.717890;92;0;-1;757;54;139.88;44.95;;;
37.501807;-5.718110;92;0;-1;757;54;139.9;44.93;;;
37.501890;-5.718552;92;0;-1;757;54;139.94;44.89;;;
37.501932;-5.718772;92;0;-1;757;54;139.96;44.87;;;
37.502034;-5.719207;91;0;0;757;54;140;44.83;;;
37.502135;-5.719642;91;0;0;757;54;140.04;44.79;;;
37.502186;-5.719859;91;0;0;757;54;140.06;44.77;;;
37.502287;-5.720295;91;0;-1;757;54;140.1;44.73;;;
37.502338;-5.720512;91;0;-1;757;54;140.12;44.71;;;
37.502439;-5.720947;91;0;-1;757;54;140.16;44.67;;;
37.502490;-5.721165;91;0;-1;757;54;140.18;44.65;;;
37.502591;-5.721600;90;0;-1;757;54;140.22;44.61;;;
37.502636;-5.721819;90;0;-1;757;54;140.24;44.59;;;
37.502673;-5.722041;90;0;-1;757;54;140.26;44.57;;;
37.502708;-5.722263;90;0;-1;757;54;140.28;44.55;;;
37.502737;-5.722715;90;0;0;757;54;140.32;44.51;;;
37.502722;-5.722940;90;0;0;757;54;140.34;44.49;;;
37.502673;-5.723389;89;0;0;757;54;140.38;44.45;;;
37.502626;-5.723608;89;0;0;757;54;140.4;44.43;;;
37.502530;-5.724045;89;0;0;757;54;140.44;44.39;;;
37.502482;-5.724264;89;0;0;757;54;140.46;44.37;;;
37.502436;-5.724713;89;0;0;757;54;140.5;44.33;;;
37.502408;-5.725165;89;0;0;757;54;140.54;44.29;;;
37.502399;-5.725391;89;0;0;757;54;140.56;44.27;;;
37.502380;-5.725844;89;0;0;757;54;140.6;44.23;;;
37.502371;-5.726071;89;0;0;757;54;140.62;44.21;;;
37.502352;-5.726523;88;0;0;757;54;140.66;44.17;;;
37.502343;-5.726750;88;0;0;757;54;140.68;44.15;;;
37.502325;-5.727203;88;0;0;757;54;140.72;44.11;;;
37.502315;-5.727429;88;0;0;757;54;140.74;44.09;;;
37.502310;-5.727656;88;0;0;757;54;140.76;44.07;;;
37.502313;-5.727882;88;0;0;757;54;140.78;44.05;;;
37.502322;-5.728335;88;0;0;757;54;140.82;44.01;;;
37.502344;-5.728560;88;0;0;757;54;140.84;43.99;;;
37.502406;-5.729007;88;0;0;757;54;140.88;43.95;;;
37.502454;-5.729225;88;0;0;757;54;140.9;43.93;;;
37.502563;-5.729657;88;0;0;757;54;140.94;43.89;;;
37.502635;-5.729865;88;0;0;757;54;140.96;43.87;;;
37.502781;-5.730279;87;0;0;757;54;141;43.83;;;
37.502943;-5.730684;87;0;0;757;54;141.04;43.79;;;
37.503025;-5.730886;87;0;0;757;54;141.06;43.77;;;
37.503188;-5.731290;87;0;0;757;54;141.1;43.73;;;
37.503270;-5.731492;87;0;0;757;54;141.12;43.71;;;
37.503402;-5.731913;87;0;0;757;54;141.16;43.67;;;
37.503454;-5.732130;87;0;0;757;54;141.18;43.65;;;
37.503548;-5.732567;87;0;0;757;54;141.22;43.61;;;
37.503593;-5.732787;87;0;0;757;54;141.24;43.59;;;
37.503637;-5.733007;87;0;0;757;54;141.26;43.57;;;
37.503682;-5.733226;87;0;0;757;54;141.28;43.55;;;
37.503772;-5.733665;86;0;-1;757;54;141.32;43.51;;;
37.503817;-5.733885;86;0;-1;757;54;141.34;43.49;;;
37.503907;-5.734324;86;0;-1;757;54;141.38;43.45;;;
37.503952;-5.734543;86;0;-1;757;54;141.4;43.43;;;
37.504017;-5.734989;86;0;-1;757;54;141.44;43.39;;;
37.504047;-5.735213;86;0;-1;757;54;141.46;43.37;;;
37.504089;-5.735663;85;0;-1;757;54;141.5;43.33;;;
37.504120;-5.736115;85;0;-1;757;54;141.54;43.29;;;
37.504125;-5.736341;85;0;-1;757;54;141.56;43.27;;;
37.504119;-5.736794;85;0;-1;757;54;141.6;43.23;;;
37.504112;-5.737021;85;0;-1;757;54;141.62;43.21;;;
37.504090;-5.737473;84;0;-1;757;54;141.66;43.17;;;
37.504063;-5.737697;84;0;-1;757;54;141.68;43.15;;;
37.504002;-5.738144;84;0;-1;757;54;141.72;43.11;;;
37.503968;-5.738367;84;0;-1;757;54;141.74;43.09;;;
37.503930;-5.738588;84;0;-1;757;54;141.76;43.07;;;
37.503889;-5.738809;83;0;-1;757;54;141.78;43.05;;;
37.503804;-5.739250;83;0;-1;757;54;141.82;43.01;;;
37.503762;-5.739470;83;0;-1;757;54;141.84;42.99;;;
37.503679;-5.739911;83;0;-1;757;54;141.88;42.95;;;
37.503636;-5.740132;83;0;-1;757;54;141.9;42.93;;;
37.503553;-5.740573;83;0;-1;757;54;141.94;42.89;;;
37.503511;-5.740793;82;0;-1;757;54;141.96;42.87;;;
37.503436;-5.741236;82;0;-1;757;54;142;42.83;;;
37.503369;-5.741682;82;0;-1;757;54;142.04;42.79;;;
37.503336;-5.741905;82;0;0;757;54;142.06;42.77;;;
37.503275;-5.742352;82;0;0;757;54;142.1;42.73;;;
37.503247;-5.742576;82;0;0;757;54;142.12;42.71;;;
37.503192;-5.743024;82;0;0;757;54;142.16;42.67;;;
37.503165;-5.743248;82;0;0;757;54;142.18;42.65;;;
37.503110;-5.743696;81;0;0;757;54;142.22;42.61;;;
37.503082;-5.743920;81;0;0;757;54;142.24;42.59;;;
37.503055;-5.744144;81;0;0;757;54;142.26;42.57;;;
37.503028;-5.744368;81;0;0;757;54;142.28;42.55;;;
37.502972;-5.744816;81;0;0;757;54;142.32;42.51;;;
37.502945;-5.745040;81;0;0;757;54;142.34;42.49;;;
37.502890;-5.745488;81;0;0;757;54;142.38;42.45;;;
37.502862;-5.745712;81;0;0;757;54;142.4;42.43;;;
37.502821;-5.746163;81;0;0;757;54;142.44;42.39;;;
37.502800;-5.746388;81;0;0;757;54;142.46;42.37;;;
37.502781;-5.746841;81;0;0;757;54;142.5;42.33;;;
37.502763;-5.747294;81;0;0;757;54;142.54;42.29;;;
37.502753;-5.747520;81;0;0;757;54;142.56;42.27;;;
37.502770;-5.747972;81;0;0;757;54;142.6;42.23;;;
37.502783;-5.748199;81;0;0;757;54;142.62;42.21;;;
37.502809;-5.748651;81;0;0;757;54;142.66;42.17;;;
37.502839;-5.748874;81;0;0;757;54;142.68;42.15;;;
37.502898;-5.749322;81;0;0;757;54;142.72;42.11;;;
37.502937;-5.749543;81;0;0;757;54;142.74;42.09;;;
37.502982;-5.749762;81;0;0;757;54;142.76;42.07;;;
37.503026;-5.749982;81;0;0;757;54;142.78;42.05;;;
37.503120;-5.750420;81;0;0;757;54;142.82;42.01;;;
37.503174;-5.750636;81;0;0;757;54;142.84;41.99;;;
37.503294;-5.751063;81;0;0;757;54;142.88;41.95;;;
37.503356;-5.751276;81;0;0;757;54;142.9;41.93;;;
37.503480;-5.751702;81;0;0;757;54;142.94;41.89;;;
37.503543;-5.751914;81;0;0;757;54;142.96;41.87;;;
37.503667;-5.752340;81;0;0;757;54;143;41.83;;;
37.503791;-5.752765;81;0;0;757;54;143.04;41.79;;;
37.503853;-5.752978;81;0;0;757;54;143.06;41.77;;;
37.503977;-5.753404;81;0;0;757;54;143.1;41.73;;;
37.504040;-5.753616;81;0;0;757;54;143.12;41.71;;;
37.504164;-5.754042;80;0;0;757;54;143.16;41.67;;;
37.504226;-5.754255;80;0;0;757;54;143.18;41.65;;;
37.504350;-5.754680;80;0;0;757;54;143.22;41.61;;;
37.504413;-5.754893;80;0;0;757;54;143.24;41.59;;;
37.504474;-5.755106;80;0;0;757;54;143.26;41.57;;;
37.504537;-5.755319;80;0;0;757;54;143.28;41.55;;;
37.504634;-5.755754;80;0;-1;757;54;143.32;41.51;;;
37.504678;-5.755974;80;0;-1;757;54;143.34;41.49;;;
37.504747;-5.756419;79;0;-1;757;54;143.38;41.45;;;
37.504769;-5.756644;79;0;-1;757;54;143.4;41.43;;;
37.504787;-5.757096;79;0;-1;757;54;143.44;41.39;;;
37.504783;-5.757323;78;0;-1;757;54;143.46;41.37;;;
37.504759;-5.757775;78;0;-1;757;54;143.5;41.33;;;
37.504725;-5.758226;78;0;-1;757;54;143.54;41.29;;;
37.504707;-5.758452;78;0;-1;757;54;143.56;41.27;;;
37.504663;-5.758902;77;0;-1;757;54;143.6;41.23;;;
37.504641;-5.759127;77;0;-1;757;54;143.62;41.21;;;
37.504595;-5.759577;77;0;-1;757;54;143.66;41.17;;;
37.504572;-5.759802;77;0;-1;757;54;143.68;41.15;;;
37.504526;-5.760251;76;0;-1;757;54;143.72;41.11;;;
37.504504;-5.760476;76;0;-1;757;54;143.74;41.09;;;
37.504481;-5.760701;76;0;-1;757;54;143.76;41.07;;;
37.504458;-5.760926;75;0;-1;757;54;143.78;41.05;;;
37.504412;-5.761376;75;0;-1;757;54;143.82;41.01;;;
37.504389;-5.761601;75;0;-1;757;54;143.84;40.99;;;
37.504344;-5.762051;74;0;-1;757;54;143.88;40.95;;;
37.504321;-5.762276;74;0;-1;757;54;143.9;40.93;;;
37.504278;-5.762726;74;0;-1;757;54;143.94;40.89;;;
37.504272;-5.762952;73;0;-1;757;54;143.96;40.87;;;
37.504260;-5.763405;73;0;-1;757;54;144;40.83;;;
37.504288;-5.763857;72;0;-1;757;54;144.04;40.79;;;
37.504309;-5.764082;72;0;-1;757;54;144.06;40.77;;;
37.504381;-5.764526;72;0;-1;757;54;144.1;40.73;;;
37.504416;-5.764749;72;0;-1;757;54;144.12;40.71;;;
37.504513;-5.765185;71;0;-1;757;54;144.16;40.67;;;
37.504563;-5.765403;71;0;-1;757;54;144.18;40.65;;;
37.504651;-5.765843;71;0;-1;757;54;144.22;40.61;;;
37.504690;-5.766064;70;0;-1;757;54;144.24;40.59;;;
37.504729;-5.766285;70;0;-1;757;54;144.26;40.57;;;
37.504768;-5.766507;70;0;-1;757;54;144.28;40.55;;;
37.504826;-5.766954;70;0;-1;757;54;144.32;40.51;;;
37.504848;-5.767179;69;0;-1;757;54;144.34;40.49;;;
37.504889;-5.767629;69;0;-1;757;54;144.38;40.45;;;
37.504889;-5.767856;69;0;-1;757;54;144.4;40.43;;;
37.504889;-5.768309;68;0;-1;757;54;144.44;40.39;;;
37.504887;-5.768536;68;0;-1;757;54;144.46;40.37;;;
37.504865;-5.768988;68;0;-1;757;54;144.5;40.33;;;
37.504821;-5.769438;67;0;-1;757;54;144.54;40.29;;;
37.504794;-5.769662;67;0;-1;757;54;144.56;40.27;;;
37.504727;-5.770108;67;0;-1;757;54;144.6;40.23;;;
37.504693;-5.770330;67;0;-1;757;54;144.62;40.21;;;
37.504626;-5.770776;66;0;-1;757;54;144.66;40.17;;;
37.504593;-5.770999;66;0;-1;757;54;144.68;40.15;;;
37.504538;-5.771447;66;0;-1;757;54;144.72;40.11;;;
37.504517;-5.771672;66;0;-1;757;54;144.74;40.09;;;
37.504501;-5.771897;66;0;-1;757;54;144.76;40.07;;;
37.504510;-5.772123;66;0;-1;757;54;144.78;40.05;;;
37.504528;-5.772576;65;0;-1;757;54;144.82;40.01;;;
37.504555;-5.772800;65;0;-1;757;54;144.84;39.99;;;
37.504616;-5.773247;65;0;-1;757;54;144.88;39.95;;;
37.504668;-5.773464;65;0;-1;757;54;144.9;39.93;;;
37.504788;-5.773891;64;0;-1;757;54;144.94;39.89;;;
37.504851;-5.774103;64;0;-1;757;54;144.96;39.87;;;
37.505002;-5.774515;64;0;-1;757;54;145;39.83;;;
37.505184;-5.774906;64;0;-1;757;54;145.04;39.79;;;
37.505275;-5.775102;63;0;-1;757;54;145.06;39.77;;;
37.505450;-5.775497;63;0;-1;757;54;145.1;39.73;;;
37.505533;-5.775699;63;0;-1;757;54;145.12;39.71;;;
37.505682;-5.776111;63;0;-1;757;54;145.16;39.67;;;
37.505748;-5.776322;63;0;-1;757;54;145.18;39.65;;;
37.505844;-5.776759;62;0;-1;757;54;145.22;39.61;;;
37.505886;-5.776979;62;0;-1;757;54;145.24;39.59;;;
37.505918;-5.777202;62;0;-1;757;54;145.26;39.57;;;
37.505927;-5.777428;62;0;-1;757;54;145.28;39.55;;;
37.505944;-5.777881;62;0;-1;757;54;145.32;39.51;;;
37.505952;-5.778108;62;0;-1;757;54;145.34;39.49;;;
37.505968;-5.778561;62;0;-1;757;54;145.38;39.45;;;
37.505977;-5.778787;61;0;0;757;54;145.4;39.43;;;
37.505996;-5.779240;61;0;0;757;54;145.44;39.39;;;
37.506013;-5.779466;61;0;0;757;54;145.46;39.37;;;
37.506048;-5.779917;61;0;0;757;54;145.5;39.33;;;
37.506113;-5.780363;61;0;0;757;54;145.54;39.29;;;
37.506145;-5.780586;61;0;0;757;54;145.56;39.27;;;
37.506217;-5.781030;61;0;0;757;54;145.6;39.23;;;
37.506256;-5.781252;61;0;0;757;54;145.62;39.21;;;
37.506336;-5.781694;61;0;0;757;54;145.66;39.17;;;
37.506396;-5.781908;61;0;0;757;54;145.68;39.15;;;
37.506507;-5.782339;60;0;0;757;54;145.72;39.11;;;
37.506554;-5.782557;60;0;0;757;54;145.74;39.09;;;
37.506601;-5.782776;60;0;0;757;54;145.76;39.07;;;
37.506648;-5.782995;60;0;0;757;54;145.78;39.05;;;
37.506726;-5.783438;60;0;0;757;54;145.82;39.01;;;
37.506764;-5.783659;60;0;0;757;54;145.84;38.99;;;
37.506836;-5.784104;60;0;0;757;54;145.88;38.95;;;
37.506859;-5.784328;60;0;0;757;54;145.9;38.93;;;
37.506901;-5.784779;60;0;0;757;54;145.94;38.89;;;
37.506910;-5.785005;60;0;0;757;54;145.96;38.87;;;
37.506927;-5.785458;60;0;0;757;54;146;38.83;;;
37.506944;-5.785911;60;0;0;757;54;146.04;38.79;;;
37.506953;-5.786138;60;0;0;757;54;146.06;38.77;;;
37.506970;-5.786591;60;0;0;757;54;146.1;38.73;;;
37.506979;-5.786817;60;0;0;757;54;146.12;38.71;;;
37.507031;-5.787266;60;0;0;757;54;146.16;38.67;;;
37.507071;-5.787486;60;0;0;757;54;146.18;38.65;;;
37.507164;-5.787924;60;0;0;757;54;146.22;38.61;;;
37.507225;-5.788137;60;0;0;757;54;146.24;38.59;;;
37.507296;-5.788346;60;0;0;757;54;146.26;38.57;;;
37.507373;-5.788550;60;0;0;757;54;146.28;38.55;;;
37.507548;-5.788946;60;0;0;758;53;146.32;38.51;;;
37.507641;-5.789140;60;0;0;758;53;146.34;38.49;;;
37.507839;-5.789519;60;0;0;758;53;146.38;38.45;;;
37.507938;-5.789708;60;0;0;758;53;146.4;38.43;;;
37.508133;-5.790089;60;0;0;758;53;146.44;38.39;;;
37.508228;-5.790282;61;0;0;758;53;146.46;38.37;;;
37.508418;-5.790667;61;0;0;758;53;146.5;38.33;;;
37.508553;-5.791087;60;0;0;758;53;146.54;38.29;;;
37.508620;-5.791297;60;0;0;758;53;146.56;38.27;;;
37.508729;-5.791729;61;0;0;758;53;146.6;38.23;;;
37.508757;-5.791953;61;0;0;758;53;146.62;38.21;;;
37.508812;-5.792401;60;0;0;758;53;146.66;38.17;;;
37.508840;-5.792625;60;0;0;758;53;146.68;38.15;;;
37.508859;-5.793077;60;0;0;758;53;146.72;38.11;;;
37.508847;-5.793303;60;0;0;758;53;146.74;38.09;;;
37.508828;-5.793528;60;0;0;758;53;146.76;38.07;;;
37.508809;-5.793754;60;0;0;758;53;146.78;38.05;;;
37.508737;-5.794197;60;0;0;758;53;146.82;38.01;;;
37.508695;-5.794418;60;0;0;758;53;146.84;37.99;;;
37.508578;-5.794846;60;0;0;758;53;146.88;37.95;;;
37.508517;-5.795060;60;0;0;758;53;146.9;37.93;;;
37.508397;-5.795487;60;0;0;758;53;146.94;37.89;;;
37.508336;-5.795700;60;0;0;758;53;146.96;37.87;;;
37.508215;-5.796128;60;0;0;758;53;147;37.83;;;
37.508095;-5.796555;60;0;0;758;53;147.04;37.79;;;
37.508047;-5.796773;60;0;0;758;53;147.06;37.77;;;
37.507969;-5.797216;60;0;0;758;53;147.1;37.73;;;
37.507937;-5.797439;60;0;0;758;53;147.12;37.71;;;
37.507886;-5.797888;60;0;0;758;53;147.16;37.67;;;
37.507874;-5.798114;59;0;-1;758;53;147.18;37.65;;;
37.507860;-5.798567;59;0;-1;758;53;147.22;37.61;;;
37.507853;-5.798793;59;0;-1;758;53;147.24;37.59;;;
37.507846;-5.799020;59;0;-1;758;53;147.26;37.57;;;
37.507839;-5.799246;59;0;-1;758;53;147.28;37.55;;;
37.507825;-5.799700;59;0;-1;758;53;147.32;37.51;;;
37.507818;-5.799926;59;0;0;758;53;147.34;37.49;;;
37.507804;-5.800379;58;0;0;758;53;147.38;37.45;;;
37.507797;-5.800606;58;0;0;758;53;147.4;37.43;;;
37.507778;-5.801059;58;0;0;758;53;147.44;37.39;;;
37.507768;-5.801285;58;0;0;758;53;147.46;37.37;;;
37.507749;-5.801738;58;0;-1;758;53;147.5;37.33;;;
37.507730;-5.802191;58;0;-1;758;53;147.54;37.29;;;
37.507720;-5.802417;57;0;-1;758;53;147.56;37.27;;;
37.507701;-5.802870;57;0;-1;758;53;147.6;37.23;;;
37.507692;-5.803096;57;0;-1;758;53;147.62;37.21;;;
37.507678;-5.803549;57;0;-1;758;53;147.66;37.17;;;
37.507676;-5.803776;57;0;-1;758;53;147.68;37.15;;;
37.507672;-5.804230;57;0;0;758;53;147.72;37.11;;;
37.507669;-5.804456;56;0;-1;758;53;147.74;37.09;;;
37.507692;-5.804681;56;0;-1;758;53;147.76;37.07;;;
37.507718;-5.804905;56;0;-1;758;53;147.78;37.05;;;
37.507782;-5.805350;56;0;-1;758;53;147.82;37.01;;;
37.507838;-5.805566;56;0;-1;758;53;147.84;36.99;;;
37.507960;-5.805992;56;0;-1;758;53;147.88;36.95;;;
37.508034;-5.806198;55;0;-1;758;53;147.9;36.93;;;
37.508235;-5.806573;55;0;-1;758;53;147.94;36.89;;;
37.508341;-5.806756;55;0;-1;758;53;147.96;36.87;;;
37.508575;-5.807098;55;0;-1;758;53;148;36.83;;;
37.508848;-5.807390;55;0;0;758;53;148.04;36.79;;;
37.509002;-5.807508;55;0;0;758;53;148.06;36.77;;;
37.509310;-5.807743;54;0;0;758;53;148.1;36.73;;;
37.509463;-5.807861;54;0;0;758;53;148.12;36.71;;;
37.509770;-5.808097;54;0;0;758;53;148.16;36.67;;;
37.509924;-5.808215;54;0;0;758;53;148.18;36.65;;;
37.510231;-5.808451;54;0;0;758;53;148.22;36.61;;;
37.510380;-5.808576;54;0;0;758;53;148.24;36.59;;;
37.510508;-5.808735;54;0;0;758;53;148.26;36.57;;;
37.510636;-5.808895;54;0;0;758;53;148.28;36.55;;;
37.510874;-5.809234;53;0;-1;758;53;148.32;36.51;;;
37.510985;-5.809413;53;0;-1;758;53;148.34;36.49;;;
37.511172;-5.809798;53;0;-1;758;53;148.38;36.45;;;
37.511254;-5.809999;53;0;-1;758;53;148.4;36.43;;;
37.511420;-5.810402;53;0;-1;758;53;148.44;36.39;;;
37.511503;-5.810603;53;0;-1;758;53;148.46;36.37;;;
37.511576;-5.811047;52;0;-1;758;53;148.5;36.33;;;
37.511644;-5.811492;52;0;-1;758;53;148.54;36.29;;;
37.511679;-5.811714;52;0;-1;758;53;148.56;36.27;;;
37.511748;-5.812159;51;0;-1;758;53;148.6;36.23;;;
37.511782;-5.812382;51;0;-1;758;53;148.62;36.21;;;
37.511851;-5.812827;51;0;-1;758;53;148.66;36.17;;;
37.511886;-5.813050;51;0;-1;758;53;148.68;36.15;;;
37.511954;-5.813495;51;0;-1;758;53;148.72;36.11;;;
37.511994;-5.813716;50;0;-1;758;53;148.74;36.09;;;
37.512035;-5.813937;50;0;-1;758;53;148.76;36.07;;;
37.512075;-5.814158;50;0;-1;758;53;148.78;36.05;;;
37.512161;-5.814598;49;0;-1;758;53;148.82;36.01;;;
37.512214;-5.814815;49;0;-1;758;53;148.84;35.99;;;
37.512327;-5.815244;49;0;-1;758;53;148.88;35.95;;;
37.512425;-5.815434;49;0;-1;758;53;148.9;35.93;;;
37.512648;-5.815789;48;0;-1;758;53;148.94;35.89;;;
37.512761;-5.815965;48;0;-1;758;53;148.96;35.87;;;
37.512989;-5.816316;47;0;-1;758;53;149;35.83;;;
37.513216;-5.816668;47;0;-1;758;53;149.04;35.79;;;
37.513330;-5.816843;46;0;-1;758;53;149.06;35.77;;;
37.513570;-5.817182;46;0;-1;758;53;149.1;35.73;;;
37.513691;-5.817349;45;0;-1;758;53;149.12;35.71;;;
37.513934;-5.817683;45;0;-1;758;53;149.16;35.67;;;
37.514056;-5.817850;45;0;-1;758;53;149.18;35.65;;;
37.514299;-5.818184;44;0;-1;758;53;149.22;35.61;;;
37.514420;-5.818352;44;0;-1;758;53;149.24;35.59;;;
37.514542;-5.818519;44;0;-1;758;53;149.26;35.57;;;
37.514663;-5.818686;43;0;-1;758;53;149.28;35.55;;;
37.514906;-5.819021;43;0;-1;758;53;149.32;35.51;;;
37.515028;-5.819188;43;0;-1;758;53;149.34;35.49;;;
37.515270;-5.819523;42;0;-1;758;53;149.38;35.45;;;
37.515392;-5.819690;42;0;-1;758;53;149.4;35.43;;;
37.515635;-5.820024;42;0;-1;758;53;149.44;35.39;;;
37.515756;-5.820192;41;0;-1;758;53;149.46;35.37;;;
37.516000;-5.820526;41;0;-1;758;53;149.5;35.33;;;
37.516243;-5.820860;41;0;-1;758;53;149.54;35.29;;;
37.516364;-5.821027;40;0;-1;758;53;149.56;35.27;;;
37.516607;-5.821362;40;0;-1;758;53;149.6;35.23;;;
37.516729;-5.821529;40;0;-1;758;53;149.62;35.21;;;
37.516971;-5.821863;40;0;-1;758;53;149.66;35.17;;;
37.517093;-5.822031;39;0;-1;758;53;149.68;35.15;;;
37.517336;-5.822365;39;0;-1;758;53;149.72;35.11;;;
37.517457;-5.822532;39;0;-1;758;53;149.74;35.09;;;
37.517579;-5.822700;39;0;-1;758;53;149.76;35.07;;;
37.517700;-5.822867;39;0;-1;758;53;149.78;35.05;;;
37.517943;-5.823201;38;0;-1;758;53;149.82;35.01;;;
37.518065;-5.823369;38;0;-1;758;53;149.84;34.99;;;
37.518307;-5.823703;38;0;-1;758;53;149.88;34.95;;;
37.518429;-5.823871;38;0;-1;758;53;149.9;34.93;;;
37.518672;-5.824204;38;0;-1;758;53;149.94;34.89;;;
37.518794;-5.824372;37;0;-1;758;53;149.96;34.87;;;
37.519054;-5.824684;37;0;-1;758;53;150;34.83;;;
37.519315;-5.824996;37;0;-1;758;53;150.04;34.79;;;
37.519446;-5.825152;37;0;0;758;53;150.06;34.77;;;
37.519707;-5.825464;37;0;0;758;53;150.1;34.73;;;
37.519838;-5.825620;37;0;0;758;53;150.12;34.71;;;
37.520099;-5.825932;36;0;0;758;53;150.16;34.67;;;
37.520229;-5.826088;36;0;0;758;53;150.18;34.65;;;
37.520490;-5.826400;36;0;0;758;53;150.22;34.61;;;
37.520621;-5.826556;36;0;0;758;53;150.24;34.59;;;
37.520751;-5.826712;36;0;0;758;53;150.26;34.57;;;
37.520882;-5.826868;36;0;0;758;53;150.28;34.55;;;
37.521143;-5.827180;36;0;0;758;53;150.32;34.51;;;
37.521272;-5.827339;36;0;0;758;53;150.34;34.49;;;
37.521500;-5.827689;36;0;0;758;53;150.38;34.45;;;
37.521614;-5.827864;35;0;0;758;53;150.4;34.43;;;
37.521821;-5.828235;35;0;0;758;53;150.44;34.39;;;
37.521921;-5.828424;35;0;0;758;53;150.46;34.37;;;
37.522118;-5.828803;35;0;0;758;53;150.5;34.33;;;
37.522266;-5.829216;35;0;0;758;53;150.54;34.29;;;
37.522340;-5.829423;35;0;0;758;53;150.56;34.27;;;
37.522487;-5.829837;35;0;0;758;53;150.6;34.23;;;
37.522542;-5.830052;35;0;0;758;53;150.62;34.21;;;
37.522643;-5.830488;35;0;0;758;53;150.66;34.17;;;
37.522693;-5.830705;35;0;0;758;53;150.68;34.15;;;
37.522778;-5.831146;35;0;0;758;53;150.72;34.11;;;
37.522816;-5.831368;34;0;0;758;53;150.74;34.09;;;
37.522853;-5.831589;34;0;0;758;53;150.76;34.07;;;
37.522891;-5.831811;34;0;0;758;53;150.78;34.05;;;
37.522966;-5.832255;34;0;0;758;53;150.82;34.01;;;
37.523004;-5.832476;34;0;0;758;53;150.84;33.99;;;
37.523079;-5.832920;34;0;0;758;53;150.88;33.95;;;
37.523107;-5.833144;34;0;0;758;53;150.9;33.93;;;
37.523139;-5.833595;34;0;0;758;53;150.94;33.89;;;
37.523156;-5.833821;34;0;0;758;53;150.96;33.87;;;
37.523164;-5.834274;34;0;0;758;53;151;33.83;;;
37.523142;-5.834727;34;0;0;758;53;151.04;33.79;;;
37.523125;-5.834952;34;0;0;758;53;151.06;33.77;;;
37.523074;-5.835401;34;0;0;758;53;151.1;33.73;;;
37.523047;-5.835625;34;0;0;758;53;151.12;33.71;;;
37.522992;-5.836073;34;0;0;758;53;151.16;33.67;;;
37.522964;-5.836298;34;0;0;758;53;151.18;33.65;;;
37.522936;-5.836749;34;0;0;758;53;151.22;33.61;;;
37.522934;-5.836975;34;0;0;758;53;151.24;33.59;;;
37.522931;-5.837202;34;0;0;758;53;151.26;33.57;;;
37.522938;-5.837428;35;0;0;758;53;151.28;33.55;;;
37.522973;-5.837880;35;0;0;758;53;151.32;33.51;;;
37.522998;-5.838104;35;0;0;758;53;151.34;33.49;;;
37.523090;-5.838542;35;0;0;758;53;151.38;33.45;;;
37.523152;-5.838755;35;0;0;758;53;151.4;33.43;;;
37.523276;-5.839180;35;0;0;759;52;151.44;33.39;;;
37.523346;-5.839390;35;0;0;759;52;151.46;33.37;;;
37.523514;-5.839789;35;0;0;759;52;151.5;33.33;;;
37.523696;-5.840181;35;0;0;759;52;151.54;33.29;;;
37.523808;-5.840358;35;0;0;759;52;151.56;33.27;;;
37.524032;-5.840713;35;0;0;759;52;151.6;33.23;;;
37.524161;-5.840871;35;0;0;759;52;151.62;33.21;;;
37.524420;-5.841186;35;0;0;759;52;151.66;33.17;;;
37.524556;-5.841334;36;0;0;759;52;151.68;33.15;;;
37.524840;-5.841612;36;0;0;759;52;151.72;33.11;;;
37.524983;-5.841751;36;0;0;759;52;151.74;33.09;;;
37.525125;-5.841890;36;0;0;759;52;151.76;33.07;;;
37.525267;-5.842029;36;0;0;759;52;151.78;33.05;;;
37.525551;-5.842306;36;0;0;759;52;151.82;33.01;;;
37.525693;-5.842445;36;0;0;759;52;151.84;32.99;;;
37.525978;-5.842723;36;0;0;759;52;151.88;32.95;;;
37.526120;-5.842862;36;0;0;759;52;151.9;32.93;;;
37.526404;-5.843140;36;0;0;759;52;151.94;32.89;;;
37.526546;-5.843279;36;0;0;759;52;151.96;32.87;;;
37.526830;-5.843557;36;0;0;759;52;152;32.83;;;
37.527115;-5.843835;36;0;0;759;52;152.04;32.79;;;
37.527257;-5.843974;36;0;0;759;52;152.06;32.77;;;
37.527541;-5.844252;36;0;0;759;52;152.1;32.73;;;
37.527683;-5.844391;36;0;0;759;52;152.12;32.71;;;
37.527968;-5.844669;36;0;0;759;52;152.16;32.67;;;
37.528110;-5.844808;36;0;0;759;52;152.18;32.65;;;
37.528394;-5.845085;35;0;0;759;52;152.22;32.61;;;
37.528536;-5.845224;35;0;0;759;52;152.24;32.59;;;
37.528679;-5.845363;35;0;0;759;52;152.26;32.57;;;
37.528821;-5.845502;35;0;0;759;52;152.28;32.55;;;
37.529105;-5.845780;35;0;0;759;52;152.32;32.51;;;
37.529247;-5.845919;35;0;0;759;52;152.34;32.49;;;
37.529554;-5.846154;35;0;-1;759;52;152.38;32.45;;;
37.529711;-5.846266;35;0;-1;759;52;152.4;32.43;;;
37.530023;-5.846491;35;0;-1;759;52;152.44;32.39;;;
37.530179;-5.846604;34;0;-1;759;52;152.46;32.37;;;
37.530491;-5.846829;34;0;-1;759;52;152.5;32.33;;;
37.530804;-5.847054;34;0;0;759;52;152.54;32.29;;;
37.530960;-5.847167;34;0;0;759;52;152.56;32.27;;;
37.531272;-5.847392;34;0;0;759;52;152.6;32.23;;;
37.531428;-5.847505;34;0;-1;759;52;152.62;32.21;;;
37.531740;-5.847730;33;0;-1;759;52;152.66;32.17;;;
37.531896;-5.847843;33;0;-1;759;52;152.68;32.15;;;
37.532209;-5.848068;33;0;-1;759;52;152.72;32.11;;;
37.532365;-5.848181;33;0;-1;759;52;152.74;32.09;;;
37.532521;-5.848293;33;0;-1;759;52;152.76;32.07;;;
37.532677;-5.848406;33;0;-1;759;52;152.78;32.05;;;
37.532993;-5.848622;32;0;-1;759;52;152.82;32.01;;;
37.533152;-5.848728;32;0;-1;759;52;152.84;31.99;;;
37.533470;-5.848940;32;0;-1;759;52;152.88;31.95;;;
37.533629;-5.849046;32;0;-1;759;52;152.9;31.93;;;
37.533936;-5.849281;32;0;-1;759;52;152.94;31.89;;;
37.534086;-5.849408;32;0;-1;759;52;152.96;31.87;;;
37.534394;-5.849642;31;0;0;759;52;153;31.83;;;
37.534709;-5.849861;31;0;0;759;52;153.04;31.79;;;
37.534867;-5.849968;31;0;0;759;52;153.06;31.77;;;
37.535185;-5.850181;31;0;0;759;52;153.1;31.73;;;
37.535343;-5.850288;31;0;0;759;52;153.12;31.71;;;
37.535661;-5.850502;31;0;0;759;52;153.16;31.67;;;
37.535819;-5.850608;31;0;0;759;52;153.18;31.65;;;
37.536129;-5.850838;31;0;0;759;52;153.22;31.61;;;
37.536283;-5.850957;31;0;0;759;52;153.24;31.59;;;
37.536440;-5.851067;31;0;0;759;52;153.26;31.57;;;
37.536597;-5.851177;31;0;0;759;52;153.28;31.55;;;
37.536898;-5.851425;31;0;0;759;52;153.32;31.51;;;
37.537032;-5.851575;31;0;0;759;52;153.34;31.49;;;
37.537289;-5.851892;31;0;0;759;52;153.38;31.45;;;
37.537401;-5.852068;30;0;0;759;52;153.4;31.43;;;
37.537586;-5.852457;30;0;0;759;52;153.44;31.39;;;
37.537675;-5.852654;30;0;0;759;52;153.46;31.37;;;
37.537847;-5.853052;30;0;0;759;52;153.5;31.33;;;
37.538020;-5.853450;30;0;0;759;52;153.54;31.29;;;
37.538106;-5.853649;30;0;0;759;52;153.56;31.27;;;
37.538278;-5.854047;30;0;0;759;52;153.6;31.23;;;
37.538365;-5.854246;30;0;0;759;52;153.62;31.21;;;
37.538534;-5.854647;30;0;0;759;52;153.66;31.17;;;
37.538609;-5.854853;30;0;0;759;52;153.68;31.15;;;
37.538759;-5.855265;30;0;0;759;52;153.72;31.11;;;
37.538835;-5.855471;30;0;0;759;52;153.74;31.09;;;
37.538910;-5.855677;30;0;0;759;52;153.76;31.07;;;
37.538986;-5.855882;30;0;0;759;52;153.78;31.05;;;
37.539137;-5.856294;30;0;0;759;52;153.82;31.01;;;
37.539212;-5.856500;30;0;0;759;52;153.84;30.99;;;
37.539363;-5.856912;30;0;0;759;52;153.88;30.95;;;
37.539382;-5.857134;30;0;0;759;52;153.9;30.93;;;
37.539286;-5.857563;30;0;0;759;52;153.94;30.89;;;
37.539188;-5.857753;30;0;0;759;52;153.96;30.87;;;
37.538929;-5.858065;30;0;0;759;52;154;30.83;24;;
37.538644;-5.858341;30;0;0;759;52;154.04;30.79;;;
37.538501;-5.858478;30;0;0;759;52;154.06;30.77;;;
37.538215;-5.858754;30;0;0;759;52;154.1;30.73;;;
37.538073;-5.858892;30;0;0;759;52;154.12;30.71;;;
37.537787;-5.859168;30;0;0;759;52;154.16;30.67;;;
37.537644;-5.859306;29;0;0;759;52;154.18;30.65;;;
37.537359;-5.859583;29;0;0;759;52;154.22;30.61;;;
37.537217;-5.859721;29;0;0;759;52;154.24;30.59;;;
37.537074;-5.859859;29;0;0;759;52;154.26;30.57;;;
37.536931;-5.859997;29;0;0;759;52;154.28;30.55;;;
37.536646;-5.860273;29;0;0;759;52;154.32;30.51;;;
37.536503;-5.860411;29;0;0;760;51;154.34;30.49;;;
37.536217;-5.860687;29;0;0;760;51;154.38;30.45;;;
37.536075;-5.860825;29;0;0;760;51;154.4;30.43;;;
37.535789;-5.861101;29;0;0;760;51;154.44;30.39;;;
37.535646;-5.861239;29;0;0;760;51;154.46;30.37;;;
37.535361;-5.861515;29;0;0;760;51;154.5;30.33;;;
37.535076;-5.861791;29;0;0;760;51;154.54;30.29;;;
37.534933;-5.861929;28;0;0;760;51;154.56;30.27;;;
37.534647;-5.862205;28;0;0;760;51;154.6;30.23;;;
37.534505;-5.862343;28;0;0;760;51;154.62;30.21;;;
37.534219;-5.862619;28;0;0;760;51;154.66;30.17;;;
37.534076;-5.862757;28;0;0;760;51;154.68;30.15;;;
37.533791;-5.863033;28;0;-1;760;51;154.72;30.11;;;
37.533648;-5.863171;28;0;-1;760;51;154.74;30.09;;;
37.533505;-5.863309;28;0;-1;760;51;154.76;30.07;;;
37.533362;-5.863447;27;0;-1;760;51;154.78;30.05;;;
37.533077;-5.863723;27;0;-1;760;51;154.82;30.01;;;
37.532935;-5.863862;27;0;-1;760;51;154.84;29.99;;;
37.532649;-5.864137;27;0;-1;760;51;154.88;29.95;;;
37.532506;-5.864275;27;0;-1;760;51;154.9;29.93;;;
37.532221;-5.864552;27;0;-1;760;51;154.94;29.89;;;
37.532078;-5.864689;26;0;-1;760;51;154.96;29.87;;;
37.531793;-5.864966;26;0;-1;760;51;155;29.83;;;
37.531507;-5.865242;26;0;-1;760;51;155.04;29.79;;;
37.531364;-5.865379;26;0;-1;760;51;155.06;29.77;;;
37.531079;-5.865655;26;0;-1;760;51;155.1;29.73;;;
37.530936;-5.865794;25;0;-1;760;51;155.12;29.71;;;
37.530651;-5.866069;25;0;-1;760;51;155.16;29.67;;;
37.530508;-5.866207;25;0;-1;760;51;155.18;29.65;;;
37.530223;-5.866484;25;0;-1;760;51;155.22;29.61;;;
37.530080;-5.866621;25;0;-1;760;51;155.24;29.59;;;
37.529937;-5.866759;24;0;-1;760;51;155.26;29.57;;;
37.529794;-5.866897;24;0;-1;760;51;155.28;29.55;;;
37.529509;-5.867174;24;0;-1;760;51;155.32;29.51;;;
37.529366;-5.867312;24;0;-1;760;51;155.34;29.49;;;
37.529081;-5.867587;24;0;-1;760;51;155.38;29.45;;;
37.528938;-5.867726;24;0;-1;760;51;155.4;29.43;;;
37.528653;-5.868002;23;0;-1;760;51;155.44;29.39;;;
37.528510;-5.868139;23;0;-1;760;51;155.46;29.37;;;
37.528240;-5.868433;23;0;-1;760;51;155.5;29.33;;;
37.527955;-5.868711;23;0;0;760;51;155.54;29.29;;;
37.527813;-5.868849;23;0;0;760;51;155.56;29.27;;;
37.527529;-5.869128;23;0;0;760;51;155.6;29.23;;;
37.527387;-5.869267;22;0;0;760;51;155.62;29.21;;;
37.527102;-5.869544;22;0;0;760;51;155.66;29.17;;;
37.526959;-5.869683;22;0;0;760;51;155.68;29.15;;;
37.526675;-5.869960;22;0;0;760;51;155.72;29.11;;;
37.526533;-5.870099;22;0;0;760;51;155.74;29.09;;;
37.526391;-5.870239;22;0;0;760;51;155.76;29.07;;;
37.526249;-5.870378;22;0;0;760;51;155.78;29.05;;;
37.525964;-5.870655;23;0;0;760;51;155.82;29.01;;;
37.525823;-5.870795;23;0;0;760;51;155.84;28.99;;;
37.525573;-5.871120;23;0;1;760;51;155.88;28.95;;;
37.525466;-5.871302;23;0;1;760;51;155.9;28.93;;;
37.525267;-5.871679;23;0;1;760;51;155.94;28.89;;;
37.525167;-5.871868;23;0;1;760;51;155.96;28.87;;;
37.524967;-5.872246;24;0;1;761;50;156;28.83;;;
37.524768;-5.872623;24;0;1;761;50;156.04;28.79;;;
37.524668;-5.872812;24;0;1;761;50;156.06;28.77;;;
37.524455;-5.873176;24;0;1;761;50;156.1;28.73;;;
37.524341;-5.873352;24;0;1;761;50;156.12;28.71;;;
37.524102;-5.873691;25;0;1;762;49;156.16;28.67;;;
37.523977;-5.873854;25;0;1;762;49;156.18;28.65;;;
37.523727;-5.874179;25;0;1;762;49;156.22;28.61;;;
37.523601;-5.874342;25;0;1;762;49;156.24;28.59;;;
37.523476;-5.874505;26;0;1;763;48;156.26;28.57;;;
37.523351;-5.874668;26;0;1;763;48;156.28;28.55;;;
37.523101;-5.874993;26;0;1;763;48;156.32;28.51;;;
37.522975;-5.875156;26;0;1;763;48;156.34;28.49;;;
37.522725;-5.875482;27;0;1;764;47;156.38;28.45;;;
37.522600;-5.875645;27;0;1;764;47;156.4;28.43;;;
37.522349;-5.875970;27;0;1;764;47;156.44;28.39;;;
37.522224;-5.876133;27;0;1;764;47;156.46;28.37;;;
37.521974;-5.876459;28;0;1;765;46;156.5;28.33;;;
37.521723;-5.876784;28;0;1;765;46;156.54;28.29;;;
37.521598;-5.876947;28;0;1;765;46;156.56;28.27;;;
37.521348;-5.877273;28;0;1;765;46;156.6;28.23;;;
37.521223;-5.877435;28;0;1;765;46;156.62;28.21;;;
37.520982;-5.877772;29;0;1;766;45;156.66;28.17;;;
37.520862;-5.877941;29;0;1;766;45;156.68;28.15;;;
37.520622;-5.878279;29;0;1;766;45;156.72;28.11;;;
37.520502;-5.878448;29;0;1;766;45;156.74;28.09;;;
37.520382;-5.878618;30;0;1;767;44;156.76;28.07;;;
37.520262;-5.878786;30;0;1;767;44;156.78;28.05;;;
37.520022;-5.879125;30;0;0;767;44;156.82;28.01;;;
37.519903;-5.879294;30;0;0;767;44;156.84;27.99;;;
37.519662;-5.879631;30;0;0;767;44;156.88;27.95;;;
37.519543;-5.879801;30;0;0;767;44;156.9;27.93;;;
37.519303;-5.880139;30;0;0;767;44;156.94;27.89;;;
37.519186;-5.880311;30;0;0;767;44;156.96;27.87;;;
37.518958;-5.880662;30;0;0;768;43;157;27.83;;;
37.518729;-5.881011;30;0;0;768;43;157.04;27.79;;;
37.518615;-5.881187;30;0;0;768;43;157.06;27.77;;;
37.518387;-5.881538;30;0;0;768;43;157.1;27.73;;;
37.518273;-5.881713;30;0;0;768;43;157.12;27.71;;;
37.518045;-5.882064;30;0;0;768;43;157.16;27.67;;;
37.517930;-5.882239;30;0;0;768;43;157.18;27.65;;;
37.517702;-5.882589;30;0;0;768;43;157.22;27.61;;;
37.517588;-5.882765;30;0;0;768;43;157.24;27.59;;;
37.517474;-5.882940;30;0;0;768;43;157.26;27.57;;;
37.517360;-5.883115;30;0;0;768;43;157.28;27.55;;;
37.517120;-5.883453;30;0;0;768;43;157.32;27.51;;;
37.516995;-5.883616;30;0;-1;768;43;157.34;27.49;;;
37.516716;-5.883901;29;0;-1;768;43;157.38;27.45;;;
37.516572;-5.884036;29;0;-1;768;43;157.4;27.43;;;
37.516285;-5.884309;29;0;-1;768;43;157.44;27.39;;;
37.516139;-5.884443;29;0;-1;768;43;157.46;27.37;;;
37.515844;-5.884701;29;0;-1;768;43;157.5;27.33;;;
37.515542;-5.884948;28;0;-1;768;43;157.54;27.29;;;
37.515387;-5.885062;28;0;-1;768;43;157.56;27.27;;;
37.515076;-5.885290;28;0;0;768;43;157.6;27.23;;;
37.514920;-5.885404;28;0;0;768;43;157.62;27.21;;;
37.514610;-5.885632;28;0;0;768;43;157.66;27.17;;;
37.514454;-5.885746;28;0;0;768;43;157.68;27.15;;;
37.514149;-5.885987;28;0;0;768;43;157.72;27.11;;;
37.513997;-5.886108;28;0;0;768;43;157.74;27.09;;;
37.513845;-5.886228;27;0;0;768;43;157.76;27.07;;;
37.513692;-5.886349;27;0;0;768;43;157.78;27.05;;;
37.513389;-5.886592;27;0;0;768;43;157.82;27.01;;;
37.513236;-5.886713;27;0;0;768;43;157.84;26.99;;;
37.512932;-5.886955;27;0;0;768;43;157.88;26.95;;;
37.512780;-5.887076;27;0;0;768;43;157.9;26.93;;;
37.512476;-5.887318;27;0;0;768;43;157.94;26.89;;;
37.512327;-5.887445;27;0;0;768;43;157.96;26.87;;;
37.512030;-5.887702;27;0;0;768;43;158;26.83;;;
37.511734;-5.887959;27;0;0;768;43;158.04;26.79;;;
37.511597;-5.888105;27;0;0;768;43;158.06;26.77;;;
37.511328;-5.888407;27;0;0;768;43;158.1;26.73;;;
37.511194;-5.888557;27;0;0;768;43;158.12;26.71;;;
37.510926;-5.888859;27;0;0;768;43;158.16;26.67;;;
37.510791;-5.889010;27;0;0;768;43;158.18;26.65;;;
37.510522;-5.889312;27;0;0;768;43;158.22;26.61;;;
37.510393;-5.889469;27;0;0;768;43;158.24;26.59;;;
37.510265;-5.889629;27;0;0;768;43;158.26;26.57;;;
37.510151;-5.889803;27;0;0;768;43;158.28;26.55;;;
37.509925;-5.890156;27;0;0;768;43;158.32;26.51;;;
37.509811;-5.890332;27;0;0;768;43;158.34;26.49;;;
37.509585;-5.890685;27;0;0;768;43;158.38;26.45;;;
37.509472;-5.890861;27;0;0;768;43;158.4;26.43;;;
37.509246;-5.891214;27;0;0;768;43;158.44;26.39;;;
37.509133;-5.891390;27;0;0;768;43;158.46;26.37;;;
37.508907;-5.891743;27;0;0;768;43;158.5;26.33;;;
37.508681;-5.892096;27;0;0;768;43;158.54;26.29;;;
37.508559;-5.892261;28;0;0;768;43;158.56;26.27;;;
37.508280;-5.892547;28;0;0;768;43;158.6;26.23;;;
37.508122;-5.892655;28;0;0;769;42;158.62;26.21;;;
37.507799;-5.892855;28;0;0;769;42;158.66;26.17;;;
37.507635;-5.892947;28;0;0;769;42;158.68;26.15;;;
37.507306;-5.893130;28;0;0;769;42;158.72;26.11;;;
37.507141;-5.893221;28;0;0;769;42;158.74;26.09;;;
37.506977;-5.893313;28;0;0;769;42;158.76;26.07;;;
37.506813;-5.893405;28;0;0;769;42;158.78;26.05;;;
37.506484;-5.893589;28;0;0;769;42;158.82;26.01;;;
37.506319;-5.893681;28;0;0;769;42;158.84;25.99;;;
37.505990;-5.893865;28;0;0;769;42;158.88;25.95;;;
37.505826;-5.893957;28;0;0;769;42;158.9;25.93;;;
37.505497;-5.894140;28;0;0;769;42;158.94;25.89;;;
37.505334;-5.894236;28;0;0;769;42;158.96;25.87;;;
37.505008;-5.894426;28;0;0;769;42;159;25.83;;;
37.504682;-5.894618;28;0;0;769;42;159.04;25.79;;;
37.504525;-5.894730;28;0;0;769;42;159.06;25.77;;;
37.504212;-5.894952;28;0;0;769;42;159.1;25.73;;;
37.504055;-5.895063;28;0;0;769;42;159.12;25.71;;;
37.503741;-5.895286;28;0;0;769;42;159.16;25.67;;;
37.503585;-5.895397;28;0;0;769;42;159.18;25.65;;;
37.503271;-5.895619;28;0;0;769;42;159.22;25.61;;;
37.503114;-5.895730;28;0;0;769;42;159.24;25.59;;;
37.502958;-5.895842;28;0;-1;769;42;159.26;25.57;;;
37.502801;-5.895952;27;0;-1;769;42;159.28;25.55;;;
37.502487;-5.896175;27;0;-1;769;42;159.32;25.51;;;
37.502330;-5.896286;27;0;-1;769;42;159.34;25.49;;;
37.502017;-5.896509;27;0;-1;769;42;159.38;25.45;;;
37.501866;-5.896632;27;0;-1;769;42;159.4;25.43;;;
37.501564;-5.896879;26;0;-1;769;42;159.44;25.39;;;
37.501417;-5.897008;26;0;-1;769;42;159.46;25.37;;;
37.501123;-5.897269;26;0;-1;769;42;159.5;25.33;;;
37.500828;-5.897530;25;0;-1;769;42;159.54;25.29;;;
37.500682;-5.897661;25;0;-1;769;42;159.56;25.27;;;
37.500387;-5.897922;25;0;-1;769;42;159.6;25.23;;;
37.500240;-5.898052;25;0;-1;769;42;159.62;25.21;;;
37.499946;-5.898314;24;0;-1;769;42;159.66;25.17;;;
37.499799;-5.898443;24;0;-1;769;42;159.68;25.15;;;
37.499505;-5.898705;23;0;-1;769;42;159.72;25.11;;;
37.499358;-5.898836;23;0;-1;769;42;159.74;25.09;;;
37.499211;-5.898966;23;0;-1;769;42;159.76;25.07;;;
37.499059;-5.899088;23;0;-1;769;42;159.78;25.05;;;
37.498743;-5.899304;22;0;-1;769;42;159.82;25.01;;;
37.498581;-5.899401;22;0;-1;769;42;159.84;24.99;;;
37.498256;-5.899596;22;0;-1;769;42;159.88;24.95;;;
37.498093;-5.899693;21;0;-1;769;42;159.9;24.93;;;
37.497768;-5.899885;21;0;-1;769;42;159.94;24.89;;;
37.497604;-5.899980;21;0;-1;769;42;159.96;24.87;;;
37.497277;-5.900169;20;0;-1;769;42;160;24.83;;;
37.496951;-5.900359;20;0;-1;769;42;160.04;24.79;;;
37.496787;-5.900454;20;0;-1;769;42;160.06;24.77;;;
37.496460;-5.900643;20;0;-1;769;42;160.1;24.73;;;
37.496297;-5.900737;19;0;-1;769;42;160.12;24.71;;;
37.495970;-5.900927;19;0;-1;769;42;160.16;24.67;;;
37.495807;-5.901021;19;0;-1;769;42;160.18;24.65;;;
37.495480;-5.901211;19;0;-1;769;42;160.22;24.61;;;
37.495316;-5.901306;19;0;0;769;42;160.24;24.59;;;
37.495153;-5.901400;19;0;0;769;42;160.26;24.57;;;
37.494990;-5.901496;18;0;0;769;42;160.28;24.55;;;
37.494679;-5.901723;18;0;0;769;42;160.32;24.51;;;
37.494523;-5.901836;18;0;0;769;42;160.34;24.49;;;
37.494211;-5.902063;18;0;0;769;42;160.38;24.45;;;
37.494056;-5.902177;18;0;0;769;42;160.4;24.43;;;
37.493744;-5.902403;18;0;0;769;42;160.44;24.39;;;
37.493589;-5.902517;18;0;0;769;42;160.46;24.37;;;
37.493277;-5.902743;18;0;0;769;42;160.5;24.33;;;
37.492965;-5.902970;18;0;0;769;42;160.54;24.29;;;
37.492810;-5.903084;18;0;0;769;42;160.56;24.27;;;
37.492501;-5.903316;18;0;0;769;42;160.6;24.23;;;
37.492352;-5.903443;18;0;0;769;42;160.62;24.21;;;
37.492052;-5.903694;18;0;0;769;42;160.66;24.17;;;
37.491903;-5.903820;18;0;0;769;42;160.68;24.15;;;
37.491604;-5.904073;18;0;0;769;42;160.72;24.11;;;
37.491454;-5.904199;18;0;0;769;42;160.74;24.09;;;
37.491305;-5.904324;18;0;0;769;42;160.76;24.07;;;
37.491155;-5.904451;18;0;0;769;42;160.78;24.05;;;
37.490856;-5.904702;18;0;0;769;42;160.82;24.01;;;
37.490707;-5.904828;18;0;0;769;42;160.84;23.99;;;
37.490408;-5.905081;18;0;0;769;42;160.88;23.95;;;
37.490258;-5.905207;18;0;0;769;42;160.9;23.93;;;
37.489974;-5.905483;18;0;0;769;42;160.94;23.89;;;
37.489842;-5.905637;18;0;0;770;41;160.96;23.87;;;
37.489593;-5.905963;19;0;0;770;41;161;23.83;;;
37.489346;-5.906293;19;0;0;770;41;161.04;23.79;;;
37.489223;-5.906458;19;0;0;770;41;161.06;23.77;;;
37.488977;-5.906789;19;0;0;770;41;161.1;23.73;;;
37.488853;-5.906953;19;0;0;770;41;161.12;23.71;;;
37.488607;-5.907284;19;0;0;770;41;161.16;23.67;;;
37.488484;-5.907449;19;0;0;770;41;161.18;23.65;;;
37.488217;-5.907751;19;0;0;770;41;161.22;23.61;;;
37.488078;-5.907896;19;0;0;770;41;161.24;23.59;;;
37.487940;-5.908041;19;0;0;770;41;161.26;23.57;;;
37.487802;-5.908186;19;0;0;771;40;161.28;23.55;;;
37.487525;-5.908476;20;0;0;771;40;161.32;23.51;;;
37.487387;-5.908621;20;0;0;771;40;161.34;23.49;;;
37.487101;-5.908895;20;0;0;771;40;161.38;23.45;;;
37.486951;-5.909020;20;0;0;771;40;161.4;23.43;;;
37.486684;-5.909322;20;0;0;771;40;161.44;23.39;;;
37.486545;-5.909467;20;0;0;771;40;161.46;23.37;;;
37.486252;-5.909728;20;0;0;771;40;161.5;23.33;;;
37.485967;-5.910005;20;0;0;771;40;161.54;23.29;;;
37.485827;-5.910148;20;0;0;771;40;161.56;23.27;;;
37.485563;-5.910453;20;0;0;771;40;161.6;23.23;;;
37.485444;-5.910623;20;0;0;771;40;161.62;23.21;;;
37.485206;-5.910963;20;0;0;771;40;161.66;23.17;;;
37.485087;-5.911133;20;0;0;771;40;161.68;23.15;;;
37.484850;-5.911474;20;0;0;771;40;161.72;23.11;;;
37.484732;-5.911644;20;0;0;771;40;161.74;23.09;;;
37.484612;-5.911814;20;0;0;771;40;161.76;23.07;;;
37.484494;-5.911985;20;0;0;771;40;161.78;23.05;;;
37.484257;-5.912326;20;0;0;771;40;161.82;23.01;;;
37.484138;-5.912496;20;0;0;771;40;161.84;22.99;;;
37.483903;-5.912839;20;0;0;771;40;161.88;22.95;;;
37.483787;-5.913012;20;0;0;771;40;161.9;22.93;;;
37.483554;-5.913358;19;0;0;771;40;161.94;22.89;;;
37.483439;-5.913532;19;0;0;771;40;161.96;22.87;;;
37.483210;-5.913881;19;0;0;771;40;162;22.83;;;
37.483035;-5.914277;19;0;0;771;40;162.04;22.79;;;
37.482947;-5.914475;19;0;0;771;40;162.06;22.77;;;
37.482772;-5.914871;19;0;0;771;40;162.1;22.73;;;
37.482685;-5.915069;19;0;0;771;40;162.12;22.71;;;
37.482508;-5.915464;19;0;0;771;40;162.16;22.67;;;
37.482420;-5.915662;19;0;0;771;40;162.18;22.65;;;
37.482243;-5.916056;19;0;0;771;40;162.22;22.61;;;
37.482155;-5.916254;19;0;0;771;40;162.24;22.59;;;
37.482067;-5.916451;19;0;0;771;40;162.26;22.57;;;
37.481978;-5.916649;19;0;0;771;40;162.28;22.55;;;
37.481818;-5.917054;19;0;0;771;40;162.32;22.51;;;
37.481750;-5.917263;19;0;0;771;40;162.34;22.49;;;
37.481611;-5.917681;19;0;0;771;40;162.38;22.45;;;
37.481542;-5.917891;19;0;0;771;40;162.4;22.43;;;
37.481404;-5.918309;18;0;0;771;40;162.44;22.39;;;
37.481335;-5.918519;18;0;0;771;40;162.46;22.37;;;
37.481196;-5.918937;18;0;0;771;40;162.5;22.33;;;
37.481058;-5.919355;18;0;0;771;40;162.54;22.29;;;
37.480988;-5.919564;18;0;0;771;40;162.56;22.27;;;
37.480851;-5.919983;18;0;0;771;40;162.6;22.23;;;
37.480781;-5.920192;18;0;0;771;40;162.62;22.21;;;
37.480643;-5.920611;18;0;0;771;40;162.66;22.17;;;
37.480574;-5.920820;18;0;0;771;40;162.68;22.15;;;
37.480435;-5.921238;17;0;0;771;40;162.72;22.11;;;
37.480366;-5.921448;17;0;-1;771;40;162.74;22.09;;;
37.480287;-5.921651;17;0;-1;771;40;162.76;22.07;;;
37.480191;-5.921841;17;0;-1;771;40;162.78;22.05;;;
37.479950;-5.922176;17;0;-1;771;40;162.82;22.01;;;
37.479847;-5.922361;17;0;-1;771;40;162.84;21.99;;;
37.479716;-5.922779;16;0;-1;771;40;162.88;21.95;;;
37.479655;-5.922990;16;0;0;771;40;162.9;21.93;;;
37.479596;-5.923437;16;0;0;771;40;162.94;21.89;;;
37.479569;-5.923661;16;0;0;771;40;162.96;21.87;;;
37.479506;-5.924107;16;0;0;771;40;163;21.83;25;;
37.479434;-5.924551;16;0;0;771;40;163.04;21.79;;;
37.479397;-5.924773;16;0;0;771;40;163.06;21.77;;;
37.479324;-5.925217;16;0;0;771;40;163.1;21.73;;;
37.479288;-5.925439;15;0;0;771;40;163.12;21.71;;;
37.479214;-5.925883;15;0;0;771;40;163.16;21.67;;;
37.479178;-5.926105;15;0;0;771;40;163.18;21.65;;;
37.479105;-5.926549;15;0;0;771;40;163.22;21.61;;;
37.479068;-5.926771;15;0;0;771;40;163.24;21.59;;;
37.479032;-5.926993;15;0;0;771;40;163.26;21.57;;;
37.478996;-5.927214;15;0;0;771;40;163.28;21.55;;;
37.478922;-5.927658;15;0;0;771;40;163.32;21.51;;;
37.478886;-5.927880;15;0;0;771;40;163.34;21.49;;;
37.478813;-5.928324;15;0;0;771;40;163.38;21.45;;;
37.478785;-5.928547;15;0;0;771;40;163.4;21.43;;;
37.478759;-5.929000;15;0;0;771;40;163.44;21.39;;;
37.478798;-5.929221;15;0;0;771;40;163.46;21.37;;;
37.478874;-5.929664;15;0;0;771;40;163.5;21.33;;;
37.478951;-5.930107;15;0;0;771;40;163.54;21.29;;;
37.478989;-5.930328;15;0;0;771;40;163.56;21.27;;;
37.479066;-5.930771;15;0;0;771;40;163.6;21.23;;;
37.479104;-5.930993;15;0;0;771;40;163.62;21.21;;;
37.479181;-5.931435;15;0;0;771;40;163.66;21.17;;;
37.479219;-5.931657;15;0;0;771;40;163.68;21.15;;;
37.479296;-5.932100;15;0;0;771;40;163.72;21.11;;;
37.479334;-5.932321;15;0;0;771;40;163.74;21.09;;;
37.479372;-5.932543;15;0;0;771;40;163.76;21.07;;;
37.479415;-5.932763;15;0;0;771;40;163.78;21.05;;;
37.479525;-5.933194;14;0;0;771;40;163.82;21.01;;;
37.479580;-5.933410;14;0;0;771;40;163.84;20.99;;;
37.479634;-5.933626;14;0;0;771;40;163.86;20.97;;;
37.479689;-5.933842;14;0;0;771;40;163.88;20.95;;;
37.479744;-5.934058;14;0;0;771;40;163.9;20.93;;;
37.479799;-5.934274;14;0;0;771;40;163.92;20.91;;;
37.479854;-5.934490;14;0;0;771;40;163.94;20.89;;;
37.479909;-5.934705;14;0;0;771;40;163.96;20.87;;;
37.479964;-5.934921;15;0;0;771;40;163.98;20.85;;;
37.480019;-5.935137;15;0;0;771;40;164;20.83;;;
37.480073;-5.935353;15;0;0;771;40;164.02;20.81;;;
37.480128;-5.935569;15;0;0;771;40;164.04;20.79;;;
37.480183;-5.935785;15;0;0;772;39;164.06;20.77;;;
37.480237;-5.936001;15;0;0;772;39;164.08;20.75;;;
37.480292;-5.936216;15;0;0;772;39;164.1;20.73;;;
37.480347;-5.936432;15;0;0;772;39;164.12;20.71;;;
37.480392;-5.936652;15;0;0;772;39;164.14;20.69;;;
37.480436;-5.936872;15;0;0;772;39;164.16;20.67;;;
37.480479;-5.937092;15;0;0;772;39;164.18;20.65;;;
37.480507;-5.937315;15;0;0;772;39;164.2;20.63;;;
37.480535;-5.937539;15;0;0;772;39;164.22;20.61;;;
37.480561;-5.937764;15;0;0;772;39;164.24;20.59;;;
37.480579;-5.937989;15;0;0;772;39;164.26;20.57;;;
37.480589;-5.938215;15;0;0;772;39;164.28;20.55;;;
37.480589;-5.938442;15;0;0;772;39;164.3;20.53;;;
37.480621;-5.938664;15;0;0;772;39;164.32;20.51;;;
37.480691;-5.938873;15;0;0;772;39;164.34;20.49;;;
37.480760;-5.939082;15;0;0;772;39;164.36;20.47;;;
37.480835;-5.939288;15;0;0;772;39;164.38;20.45;;;
37.480911;-5.939494;15;0;0;772;39;164.4;20.43;;;
37.480986;-5.939700;15;0;0;772;39;164.42;20.41;;;
37.481061;-5.939906;15;0;0;772;39;164.44;20.39;;;
37.481138;-5.940111;15;0;0;772;39;164.46;20.37;;;
37.481216;-5.940315;15;0;0;772;39;164.48;20.35;;;
37.481294;-5.940520;15;0;0;772;39;164.5;20.33;;;
37.481372;-5.940724;15;0;0;772;39;164.52;20.31;;;
37.481449;-5.940928;15;0;0;772;39;164.54;20.29;;;
37.481527;-5.941133;15;0;0;772;39;164.56;20.27;;;
37.481614;-5.941331;15;0;0;772;39;164.58;20.25;;;
37.481758;-5.941451;15;0;0;772;39;164.6;20.23;;;
37.481835;-5.941636;15;0;0;772;39;164.62;20.21;;;
37.481800;-5.941854;15;0;0;772;39;164.64;20.19;;;
37.481825;-5.942079;15;0;0;772;39;164.66;20.17;;;
37.481841;-5.942304;15;0;0;772;39;164.68;20.15;;;
37.481854;-5.942530;15;0;0;772;39;164.7;20.13;;;
37.481867;-5.942756;15;0;0;772;39;164.72;20.11;;;
37.481880;-5.942983;15;0;0;772;39;164.74;20.09;;;
37.481891;-5.943209;14;0;0;772;39;164.76;20.07;;;
37.481902;-5.943435;14;0;0;772;39;164.78;20.05;;;
37.481913;-5.943661;14;0;0;772;39;164.8;20.03;;;
37.481924;-5.943888;14;0;0;772;39;164.82;20.01;;;
37.481934;-5.944114;14;0;0;772;39;164.84;19.99;;;
37.481945;-5.944340;14;0;0;772;39;164.86;19.97;;;
37.481956;-5.944566;14;0;0;772;39;164.88;19.95;;;
37.481967;-5.944793;14;0;0;772;39;164.9;19.93;;;
37.481978;-5.945019;14;0;0;772;39;164.92;19.91;;;
37.481990;-5.945245;14;0;0;772;39;164.94;19.89;;;
37.482000;-5.945471;14;0;0;772;39;164.96;19.87;;;
37.482011;-5.945697;14;0;0;772;39;164.98;19.85;;;
37.482027;-5.945923;14;0;0;772;39;165;19.83;26;sprint,bonus;
37.482073;-5.946141;14;0;0;772;39;165.02;19.81;;;
37.482050;-5.946361;14;0;0;772;39;165.04;19.79;;;
37.482040;-5.946587;14;0;0;772;39;165.06;19.77;;;
37.482054;-5.946813;14;0;-1;772;39;165.08;19.75;;;
37.482067;-5.947039;14;0;0;772;39;165.1;19.73;;;
37.482080;-5.947266;13;0;0;772;39;165.12;19.71;;;
37.482094;-5.947492;13;0;0;772;39;165.14;19.69;;;
37.482107;-5.947718;13;0;0;772;39;165.16;19.67;;;
37.482121;-5.947944;13;0;0;772;39;165.18;19.65;;;
37.482134;-5.948170;13;0;0;772;39;165.2;19.63;;;
37.482147;-5.948396;13;0;0;772;39;165.22;19.61;;;
37.482159;-5.948622;13;0;0;772;39;165.24;19.59;;;
37.482171;-5.948848;13;0;0;772;39;165.26;19.57;;;
37.482183;-5.949074;13;0;0;772;39;165.28;19.55;;;
37.482194;-5.949300;13;0;0;772;39;165.3;19.53;;;
37.482206;-5.949527;13;0;0;772;39;165.32;19.51;;;
37.482218;-5.949753;13;0;0;772;39;165.34;19.49;;;
37.482230;-5.949979;13;0;0;772;39;165.36;19.47;;;
37.482241;-5.950205;12;0;0;772;39;165.38;19.45;;;
37.482253;-5.950431;12;0;-1;772;39;165.4;19.43;;;
37.482259;-5.950658;12;0;0;772;39;165.42;19.41;;;
37.482246;-5.950883;12;0;0;772;39;165.44;19.39;;;
37.482222;-5.951108;12;0;-1;772;39;165.46;19.37;;;
37.482290;-5.951311;12;0;-1;772;39;165.48;19.35;;;
37.482355;-5.951522;12;0;0;772;39;165.5;19.33;;;
37.482409;-5.951737;12;0;0;772;39;165.52;19.31;;;
37.482443;-5.951960;12;0;0;772;39;165.54;19.29;;;
37.482477;-5.952183;12;0;0;772;39;165.56;19.27;;;
37.482510;-5.952405;12;0;0;772;39;165.58;19.25;;;
37.482543;-5.952628;11;0;0;772;39;165.6;19.23;;;
37.482577;-5.952851;11;0;0;772;39;165.62;19.21;;;
37.482611;-5.953074;11;0;0;772;39;165.64;19.19;;;
37.482644;-5.953296;11;0;0;772;39;165.66;19.17;;;
37.482678;-5.953519;11;0;0;772;39;165.68;19.15;;;
37.482804;-5.953670;11;0;0;772;39;165.7;19.13;;;
37.482816;-5.953877;11;0;0;772;39;165.72;19.11;;;
37.482791;-5.954095;11;0;0;772;39;165.74;19.09;;;
37.482840;-5.954313;11;0;0;772;39;165.76;19.07;;;
37.482888;-5.954531;11;0;0;772;39;165.78;19.05;;;
37.482936;-5.954750;11;0;0;772;39;165.8;19.03;;;
37.482985;-5.954968;11;0;0;772;39;165.82;19.01;;;
37.483033;-5.955187;11;0;0;772;39;165.84;18.99;;;
37.483081;-5.955405;11;0;0;772;39;165.86;18.97;;;
37.483129;-5.955623;11;0;0;772;39;165.88;18.95;;;
37.483209;-5.955825;11;0;0;772;39;165.9;18.93;;;
37.483297;-5.956023;11;0;0;772;39;165.92;18.91;;;
37.483399;-5.956208;11;0;0;772;39;165.94;18.89;;;
37.483520;-5.956375;11;0;0;772;39;165.96;18.87;;;
37.483642;-5.956543;11;0;0;772;39;165.98;18.85;;;
37.483763;-5.956710;11;0;0;772;39;166;18.83;;;
37.483884;-5.956878;11;0;0;772;39;166.02;18.81;;;
37.484005;-5.957046;11;0;0;772;39;166.04;18.79;;;
37.484126;-5.957213;11;0;0;772;39;166.06;18.77;;;
37.484247;-5.957381;11;0;0;772;39;166.08;18.75;;;
37.484368;-5.957548;11;0;0;772;39;166.1;18.73;;;
37.484489;-5.957716;11;0;0;772;39;166.12;18.71;;;
37.484610;-5.957883;11;0;0;772;39;166.14;18.69;;;
37.484735;-5.958047;11;0;0;772;39;166.16;18.67;;;
37.484875;-5.958188;11;0;0;772;39;166.18;18.65;;;
37.484998;-5.958351;11;0;0;772;39;166.2;18.63;;;
37.485141;-5.958486;11;0;0;772;39;166.22;18.61;;;
37.485300;-5.958592;11;0;0;772;39;166.24;18.59;;;
37.485405;-5.958765;11;0;0;772;39;166.26;18.57;;;
37.485453;-5.958984;11;0;0;772;39;166.28;18.55;;;
37.485502;-5.959202;11;0;0;772;39;166.3;18.53;;;
37.485548;-5.959421;11;0;0;772;39;166.32;18.51;;;
37.485588;-5.959642;11;0;0;772;39;166.34;18.49;;;
37.485627;-5.959863;11;0;0;772;39;166.36;18.47;;;
37.485667;-5.960084;11;0;0;772;39;166.38;18.45;;;
37.485705;-5.960306;11;0;0;772;39;166.4;18.43;;;
37.485744;-5.960527;11;0;0;772;39;166.42;18.41;;;
37.485784;-5.960748;11;0;0;772;39;166.44;18.39;;;
37.485823;-5.960969;11;0;0;772;39;166.46;18.37;;;
37.485863;-5.961190;11;0;0;772;39;166.48;18.35;;;
37.485901;-5.961412;11;0;0;772;39;166.5;18.33;;;
37.485940;-5.961633;11;0;0;772;39;166.52;18.31;;;
37.485980;-5.961854;11;0;0;772;39;166.54;18.29;;;
37.486019;-5.962075;11;0;0;772;39;166.56;18.27;;;
37.486059;-5.962297;11;0;0;772;39;166.58;18.25;;;
37.486098;-5.962518;11;0;0;772;39;166.6;18.23;;;
37.486137;-5.962739;11;0;0;772;39;166.62;18.21;;;
37.486176;-5.962960;11;0;0;772;39;166.64;18.19;;;
37.486216;-5.963181;11;0;0;772;39;166.66;18.17;;;
37.486255;-5.963403;11;0;0;772;39;166.68;18.15;;;
37.486294;-5.963624;11;0;0;772;39;166.7;18.13;;;
37.486338;-5.963843;11;0;0;772;39;166.72;18.11;;;
37.486392;-5.964059;10;0;0;772;39;166.74;18.09;;;
37.486446;-5.964276;10;0;0;772;39;166.76;18.07;;;
37.486514;-5.964486;10;0;0;772;39;166.78;18.05;;;
37.486583;-5.964695;10;0;0;772;39;166.8;18.03;;;
37.486652;-5.964904;10;0;0;772;39;166.82;18.01;;;
37.486725;-5.965111;10;0;0;772;39;166.84;17.99;;;
37.486834;-5.965291;10;0;0;772;39;166.86;17.97;;;
37.486976;-5.965421;10;0;0;772;39;166.88;17.95;;;
37.487106;-5.965575;10;0;0;772;39;166.9;17.93;;;
37.487198;-5.965769;10;0;0;772;39;166.92;17.91;;;
37.487274;-5.965973;10;0;0;772;39;166.94;17.89;;;
37.487300;-5.966196;10;0;0;772;39;166.96;17.87;;;
37.487300;-5.966422;10;0;0;772;39;166.98;17.85;;;
37.487275;-5.966646;10;0;0;772;39;167;17.83;;;
37.487188;-5.966841;10;0;0;772;39;167.02;17.81;;;
37.487124;-5.967052;10;0;0;772;39;167.04;17.79;;;
37.487128;-5.967277;9;0;0;772;39;167.06;17.77;;;
37.487140;-5.967504;9;0;0;772;39;167.08;17.75;;;
37.487164;-5.967728;9;0;0;772;39;167.1;17.73;;;
37.487188;-5.967953;9;0;0;772;39;167.12;17.71;;;
37.487211;-5.968178;9;0;0;772;39;167.14;17.69;;;
37.487236;-5.968402;9;0;0;772;39;167.16;17.67;;;
37.487259;-5.968627;9;0;0;772;39;167.18;17.65;;;
37.487293;-5.968849;9;0;0;772;39;167.2;17.63;;;
37.487327;-5.969072;9;0;0;772;39;167.22;17.61;;;
37.487362;-5.969295;9;0;0;772;39;167.24;17.59;;;
37.487396;-5.969517;9;0;0;772;39;167.26;17.57;;;
37.487445;-5.969735;9;0;0;772;39;167.28;17.55;;;
37.487496;-5.969952;9;0;0;772;39;167.3;17.53;;;
37.487547;-5.970170;9;0;0;772;39;167.32;17.51;;;
37.487597;-5.970387;9;0;0;772;39;167.34;17.49;;;
37.487648;-5.970605;9;0;0;772;39;167.36;17.47;;;
37.487699;-5.970822;9;0;0;772;39;167.38;17.45;;;
37.487750;-5.971040;9;0;0;772;39;167.4;17.43;;;
37.487800;-5.971257;10;0;0;772;39;167.42;17.41;;;
37.487851;-5.971475;10;0;0;772;39;167.44;17.39;;;
37.487902;-5.971692;10;0;0;772;39;167.46;17.37;;;
37.487953;-5.971910;10;0;0;772;39;167.48;17.35;;;
37.488003;-5.972127;10;0;0;772;39;167.5;17.33;;;
37.488054;-5.972345;10;0;0;772;39;167.52;17.31;;;
37.488105;-5.972562;10;0;0;772;39;167.54;17.29;;;
37.488156;-5.972779;10;0;0;772;39;167.56;17.27;;;
37.488206;-5.972997;10;0;0;772;39;167.58;17.25;;;
37.488257;-5.973215;10;0;0;772;39;167.6;17.23;;;
37.488308;-5.973432;10;0;0;773;38;167.62;17.21;;;
37.488359;-5.973649;10;0;0;773;38;167.64;17.19;;;
37.488409;-5.973867;10;0;0;773;38;167.66;17.17;;;
37.488459;-5.974085;10;0;0;773;38;167.68;17.15;;;
37.488509;-5.974303;10;0;0;773;38;167.7;17.13;;;
37.488558;-5.974520;10;0;0;773;38;167.72;17.11;;;
37.488608;-5.974738;10;0;0;773;38;167.74;17.09;;;
37.488657;-5.974956;10;0;0;773;38;167.76;17.07;;;
37.488707;-5.975174;10;0;0;773;38;167.78;17.05;;;
37.488757;-5.975392;10;0;0;773;38;167.8;17.03;;;
37.488806;-5.975610;10;0;0;773;38;167.82;17.01;;;
37.488855;-5.975828;10;0;0;773;38;167.84;16.99;;;
37.488905;-5.976046;10;0;0;773;38;167.86;16.97;;;
37.488954;-5.976264;10;0;0;773;38;167.88;16.95;;;
37.489003;-5.976482;11;0;0;773;38;167.9;16.93;;;
37.489053;-5.976700;11;0;0;773;38;167.92;16.91;;;
37.489103;-5.976918;11;0;0;773;38;167.94;16.89;;;
37.489152;-5.977135;11;0;0;773;38;167.96;16.87;;;
37.489202;-5.977353;11;0;0;773;38;167.98;16.85;;;
37.489239;-5.977574;11;0;0;773;38;168;16.83;;;
37.489199;-5.977773;11;0;0;774;37;168.02;16.81;;;
37.489028;-5.977828;11;0;0;774;37;168.04;16.79;;;
37.488848;-5.977825;11;0;0;774;37;168.06;16.77;;;
37.488668;-5.977828;11;0;0;774;37;168.08;16.75;;;
37.488488;-5.977832;11;0;0;774;37;168.1;16.73;27;;
37.488309;-5.977836;11;0;0;774;37;168.12;16.71;;;
37.488129;-5.977848;11;0;0;774;37;168.14;16.69;;;
37.487951;-5.977881;11;0;0;774;37;168.16;16.67;;;
37.487773;-5.977913;11;0;0;774;37;168.18;16.65;;;
37.487595;-5.977945;11;0;0;774;37;168.2;16.63;;;
37.487417;-5.977977;11;0;0;774;37;168.22;16.61;;;
37.487239;-5.978010;11;0;0;774;37;168.24;16.59;;;
37.487061;-5.978042;11;0;0;774;37;168.26;16.57;;;
37.486883;-5.978071;12;0;0;774;37;168.28;16.55;;;
37.486703;-5.978087;12;0;0;774;37;168.3;16.53;;;
37.486524;-5.978102;12;0;0;774;37;168.32;16.51;;;
37.486344;-5.978117;12;0;0;774;37;168.34;16.49;;;
37.486178;-5.978194;12;0;0;774;37;168.36;16.47;;;
37.486041;-5.978334;12;0;0;774;37;168.38;16.45;;;
37.485865;-5.978343;12;0;0;774;37;168.4;16.43;;;
37.485688;-5.978375;12;0;0;774;37;168.42;16.41;;;
37.485520;-5.978455;12;0;0;775;36;168.44;16.39;;;
37.485347;-5.978509;12;0;0;775;36;168.46;16.37;;;
37.485168;-5.978529;12;0;0;775;36;168.48;16.35;;;
37.484989;-5.978550;12;0;0;775;36;168.5;16.33;;;
37.484810;-5.978576;12;0;0;775;36;168.52;16.31;;;
37.484631;-5.978601;12;0;0;775;36;168.54;16.29;;;
37.484452;-5.978626;12;0;0;775;36;168.56;16.27;;;
37.484273;-5.978651;12;0;0;775;36;168.58;16.25;;;
37.484095;-5.978676;12;0;0;775;36;168.6;16.23;;;
37.483916;-5.978701;12;0;0;775;36;168.62;16.21;;;
37.483737;-5.978726;12;0;0;775;36;168.64;16.19;;;
37.483558;-5.978751;12;0;0;775;36;168.66;16.17;;;
37.483379;-5.978765;12;0;0;775;36;168.68;16.15;;;
37.483199;-5.978775;12;0;0;775;36;168.7;16.13;;;
37.483020;-5.978784;12;0;0;775;36;168.72;16.11;;;
37.482840;-5.978788;12;0;0;775;36;168.74;16.09;;;
37.482660;-5.978786;12;0;0;775;36;168.76;16.07;;;
37.482480;-5.978784;12;0;0;775;36;168.78;16.05;;;
37.482300;-5.978782;12;0;0;775;36;168.8;16.03;;;
37.482120;-5.978779;12;0;0;775;36;168.82;16.01;;;
37.481941;-5.978777;12;0;0;775;36;168.84;15.99;;;
37.481761;-5.978775;12;0;0;775;36;168.86;15.97;;;
37.481581;-5.978773;12;0;0;775;36;168.88;15.95;;;
37.481401;-5.978770;12;0;0;775;36;168.9;15.93;;;
37.481221;-5.978773;12;0;0;775;36;168.92;15.91;;;
37.481041;-5.978781;12;0;0;775;36;168.94;15.89;;;
37.480862;-5.978789;12;0;0;775;36;168.96;15.87;;;
37.480685;-5.978822;12;0;0;775;36;168.98;15.85;;;
37.480531;-5.978937;12;0;0;775;36;169;15.83;;;
37.480377;-5.979038;12;0;0;775;36;169.02;15.81;;;
37.480243;-5.978912;12;0;0;775;36;169.04;15.79;;;
37.480103;-5.978779;12;0;0;775;36;169.06;15.77;;;
37.479927;-5.978755;12;0;0;775;36;169.08;15.75;;;
37.479747;-5.978749;12;0;0;775;36;169.1;15.73;;;
37.479568;-5.978742;12;0;0;775;36;169.12;15.71;;;
37.479388;-5.978739;12;0;0;775;36;169.14;15.69;;;
37.479208;-5.978739;12;0;0;775;36;169.16;15.67;;;
37.479030;-5.978755;12;0;0;775;36;169.18;15.65;;;
37.478866;-5.978845;12;0;0;775;36;169.2;15.63;;;
37.478696;-5.978889;12;0;0;775;36;169.22;15.61;;;
37.478541;-5.978796;11;0;-1;775;36;169.24;15.59;;;
37.478436;-5.978613;11;0;-1;775;36;169.26;15.57;;;
37.478299;-5.978478;11;0;-1;775;36;169.28;15.55;;;
37.478132;-5.978394;11;0;-1;775;36;169.3;15.53;;;
37.477963;-5.978314;11;0;-1;775;36;169.32;15.51;;;
37.477795;-5.978234;11;0;-1;775;36;169.34;15.49;;;
37.477628;-5.978151;11;0;-1;775;36;169.36;15.47;;;
37.477464;-5.978058;10;0;-1;775;36;169.38;15.45;;;
37.477300;-5.977965;10;0;0;775;36;169.4;15.43;;;
37.477136;-5.977872;10;0;0;775;36;169.42;15.41;;;
37.476972;-5.977779;10;0;0;775;36;169.44;15.39;;;
37.476808;-5.977686;10;0;0;775;36;169.46;15.37;;;
37.476644;-5.977593;10;0;0;775;36;169.48;15.35;;;
37.476485;-5.977488;10;0;0;775;36;169.5;15.33;;;
37.476333;-5.977367;10;0;0;775;36;169.52;15.31;;;
37.476181;-5.977245;10;0;0;775;36;169.54;15.29;;;
37.476029;-5.977124;10;0;0;775;36;169.56;15.27;;;
37.475883;-5.976993;10;0;0;775;36;169.58;15.25;;;
37.475742;-5.976852;10;0;0;775;36;169.6;15.23;;;
37.475601;-5.976711;10;0;0;775;36;169.62;15.21;;;
37.475467;-5.976560;10;0;0;775;36;169.64;15.19;;;
37.475338;-5.976402;10;0;0;775;36;169.66;15.17;;;
37.475209;-5.976244;10;0;0;775;36;169.68;15.15;;;
37.475081;-5.976085;10;0;0;775;36;169.7;15.13;;;
37.474956;-5.975922;9;0;0;775;36;169.72;15.11;;;
37.474831;-5.975759;9;0;0;775;36;169.74;15.09;;;
37.474706;-5.975596;9;0;0;775;36;169.76;15.07;;;
37.474582;-5.975432;9;0;0;775;36;169.78;15.05;;;
37.474457;-5.975269;9;0;0;775;36;169.8;15.03;;;
37.474331;-5.975107;9;0;0;775;36;169.82;15.01;;;
37.474203;-5.974948;9;0;0;775;36;169.84;14.99;;;
37.474074;-5.974790;9;0;0;775;36;169.86;14.97;;;
37.473946;-5.974631;9;0;0;775;36;169.88;14.95;;;
37.473817;-5.974472;9;0;0;775;36;169.9;14.93;;;
37.473689;-5.974314;9;0;0;775;36;169.92;14.91;;;
37.473561;-5.974155;9;0;0;775;36;169.94;14.89;;;
37.473432;-5.973996;9;0;0;775;36;169.96;14.87;;;
37.473301;-5.973842;9;0;0;775;36;169.98;14.85;;;
37.473156;-5.973707;9;0;0;775;36;170;14.83;;;
37.473012;-5.973572;9;0;0;775;36;170.02;14.81;;;
37.472856;-5.973459;8;0;0;775;36;170.04;14.79;;;
37.472700;-5.973346;8;0;0;775;36;170.06;14.77;;;
37.472544;-5.973234;8;0;0;775;36;170.08;14.75;;;
37.472388;-5.973121;8;0;0;775;36;170.1;14.73;;;
37.472232;-5.973008;8;0;0;775;36;170.12;14.71;;;
37.472076;-5.972896;8;0;0;775;36;170.14;14.69;;;
37.471919;-5.972783;8;0;0;775;36;170.16;14.67;;;
37.471763;-5.972671;8;0;0;775;36;170.18;14.65;;;
37.471607;-5.972558;8;0;0;775;36;170.2;14.63;;;
37.471454;-5.972440;8;0;0;775;36;170.22;14.61;;;
37.471300;-5.972322;8;0;0;775;36;170.24;14.59;;;
37.471146;-5.972204;8;0;0;775;36;170.26;14.57;;;
37.470993;-5.972086;8;0;0;775;36;170.28;14.55;;;
37.470839;-5.971969;8;0;0;775;36;170.3;14.53;;;
37.470686;-5.971851;8;0;0;775;36;170.32;14.51;;;
37.470528;-5.971742;7;0;0;775;36;170.34;14.49;;;
37.470362;-5.971656;7;0;0;775;36;170.36;14.47;;;
37.470193;-5.971576;7;0;0;775;36;170.38;14.45;;;
37.470025;-5.971496;7;0;0;775;36;170.4;14.43;;;
37.469851;-5.971444;7;0;0;775;36;170.42;14.41;;;
37.469674;-5.971406;7;0;0;775;36;170.44;14.39;;;
37.469496;-5.971367;7;0;0;775;36;170.46;14.37;;;
37.469319;-5.971333;7;0;0;775;36;170.48;14.35;;;
37.469140;-5.971312;7;0;0;775;36;170.5;14.33;;;
37.468961;-5.971291;7;0;0;775;36;170.52;14.31;;;
37.468781;-5.971286;7;0;0;775;36;170.54;14.29;;;
37.468602;-5.971302;7;0;0;775;36;170.56;14.27;;;
37.468423;-5.971318;7;0;0;775;36;170.58;14.25;;;
37.468246;-5.971361;7;0;0;775;36;170.6;14.23;;;
37.468070;-5.971406;7;0;0;775;36;170.62;14.21;;;
37.467897;-5.971463;7;0;0;775;36;170.64;14.19;;;
37.467732;-5.971556;7;0;0;775;36;170.66;14.17;;;
37.467555;-5.971581;7;0;0;775;36;170.68;14.15;;;
37.467377;-5.971611;7;0;0;775;36;170.7;14.13;;;
37.467202;-5.971660;7;0;0;775;36;170.72;14.11;;;
37.467029;-5.971725;7;0;0;775;36;170.74;14.09;;;
37.466857;-5.971788;7;0;0;775;36;170.76;14.07;;;
37.466684;-5.971852;7;0;0;775;36;170.78;14.05;;;
37.466511;-5.971915;7;0;0;775;36;170.8;14.03;;;
37.466338;-5.971976;7;0;0;775;36;170.82;14.01;;;
37.466164;-5.972033;7;0;0;775;36;170.84;13.99;;;
37.465990;-5.972090;7;0;0;775;36;170.86;13.97;;;
37.465816;-5.972147;7;0;0;775;36;170.88;13.95;;;
37.465642;-5.972204;7;0;0;775;36;170.9;13.93;;;
37.465468;-5.972262;7;0;0;776;35;170.92;13.91;;;
37.465294;-5.972319;7;0;0;776;35;170.94;13.89;;;
37.465120;-5.972376;7;0;0;776;35;170.96;13.87;;;
37.464946;-5.972433;7;0;0;776;35;170.98;13.85;;;
37.464772;-5.972490;7;0;0;776;35;171;13.83;;;
37.464598;-5.972547;7;0;0;776;35;171.02;13.81;;;
37.464423;-5.972604;7;0;0;776;35;171.04;13.79;;;
37.464249;-5.972661;7;0;0;776;35;171.06;13.77;;;
37.464076;-5.972719;8;0;0;776;35;171.08;13.75;;;
37.463901;-5.972776;8;0;0;776;35;171.1;13.73;;;
37.463727;-5.972833;8;0;0;776;35;171.12;13.71;;;
37.463554;-5.972893;8;0;0;776;35;171.14;13.69;;;
37.463380;-5.972951;8;0;0;776;35;171.16;13.67;;;
37.463206;-5.973010;8;0;0;776;35;171.18;13.65;;;
37.463033;-5.973068;8;0;0;776;35;171.2;13.63;;;
37.462859;-5.973127;8;0;0;776;35;171.22;13.61;;;
37.462685;-5.973187;8;0;0;777;34;171.24;13.59;;;
37.462512;-5.973246;8;0;0;777;34;171.26;13.57;;;
37.462338;-5.973304;8;0;0;777;34;171.28;13.55;;;
37.462164;-5.973363;8;0;0;777;34;171.3;13.53;;;
37.461991;-5.973422;8;0;0;777;34;171.32;13.51;;;
37.461817;-5.973481;8;0;0;777;34;171.34;13.49;;;
37.461643;-5.973539;9;0;0;777;34;171.36;13.47;;;
37.461469;-5.973598;9;0;0;777;34;171.38;13.45;;;
37.461296;-5.973657;9;0;0;777;34;171.4;13.43;;;
37.461122;-5.973716;9;0;0;777;34;171.42;13.41;;;
37.460948;-5.973775;9;0;0;777;34;171.44;13.39;;;
37.460775;-5.973833;9;0;0;777;34;171.46;13.37;;;
37.460601;-5.973892;9;0;0;777;34;171.48;13.35;;;
37.460427;-5.973951;9;0;0;777;34;171.5;13.33;;;
37.460254;-5.974010;9;0;0;778;33;171.52;13.31;;;
37.460080;-5.974069;9;0;0;778;33;171.54;13.29;;;
37.459906;-5.974127;9;0;0;778;33;171.56;13.27;;;
37.459732;-5.974186;9;0;0;778;33;171.58;13.25;;;
37.459559;-5.974246;10;0;0;778;33;171.6;13.23;;;
37.459385;-5.974304;10;0;0;778;33;171.62;13.21;;;
37.459211;-5.974363;10;0;0;778;33;171.64;13.19;;;
37.459038;-5.974421;10;0;0;778;33;171.66;13.17;;;
37.458864;-5.974481;10;0;0;778;33;171.68;13.15;;;
37.458690;-5.974540;10;0;0;778;33;171.7;13.13;;;
37.458517;-5.974598;10;0;0;778;33;171.72;13.11;;;
37.458343;-5.974657;10;0;0;778;33;171.74;13.09;;;
37.458169;-5.974716;10;0;0;778;33;171.76;13.07;;;
37.457996;-5.974775;10;0;0;779;32;171.78;13.05;;;
37.457822;-5.974834;10;0;0;779;32;171.8;13.03;;;
37.457648;-5.974892;10;0;0;779;32;171.82;13.01;;;
37.457474;-5.974948;10;0;0;779;32;171.84;12.99;;;
37.457297;-5.974990;10;0;0;779;32;171.86;12.97;;;
37.457120;-5.975033;11;0;0;779;32;171.88;12.95;;;
37.456943;-5.975073;11;0;0;779;32;171.9;12.93;;;
37.456765;-5.975101;11;0;0;779;32;171.92;12.91;;;
37.456587;-5.975130;11;0;0;779;32;171.94;12.89;;;
37.456408;-5.975158;11;0;0;779;32;171.96;12.87;;;
37.456230;-5.975186;11;0;0;779;32;171.98;12.85;;;
37.456051;-5.975214;11;0;0;779;32;172;12.83;;;
37.455873;-5.975242;11;0;0;779;32;172.02;12.81;;;
37.455694;-5.975271;11;0;0;779;32;172.04;12.79;;;
37.455516;-5.975299;11;0;0;779;32;172.06;12.77;;;
37.455339;-5.975337;11;0;0;779;32;172.08;12.75;;;
37.455162;-5.975382;11;0;0;780;31;172.1;12.73;;;
37.454986;-5.975425;11;0;0;780;31;172.12;12.71;;;
37.454809;-5.975469;11;0;0;780;31;172.14;12.69;;;
37.454634;-5.975480;12;0;0;780;31;172.16;12.67;;;
37.454458;-5.975528;12;0;0;780;31;172.18;12.65;;;
37.454283;-5.975576;12;0;0;780;31;172.2;12.63;;;
37.454107;-5.975624;12;0;0;780;31;172.22;12.61;;;
37.453931;-5.975671;12;0;0;780;31;172.24;12.59;;;
37.453756;-5.975724;12;0;0;780;31;172.26;12.57;;;
37.453581;-5.975778;12;0;0;780;31;172.28;12.55;;;
37.453406;-5.975831;12;0;0;780;31;172.3;12.53;;;
37.453232;-5.975886;12;0;0;780;31;172.32;12.51;;;
37.453057;-5.975939;12;0;0;780;31;172.34;12.49;;;
37.452883;-5.975998;12;0;0;780;31;172.36;12.47;;;
37.452711;-5.976062;12;0;0;780;31;172.38;12.45;;;
37.452539;-5.976127;12;0;0;780;31;172.4;12.43;;;
37.452366;-5.976192;12;0;0;780;31;172.42;12.41;;;
37.452194;-5.976256;12;0;0;780;31;172.44;12.39;;;
37.452021;-5.976321;12;0;0;780;31;172.46;12.37;;;
37.451849;-5.976386;12;0;0;780;31;172.48;12.35;;;
37.451677;-5.976450;12;0;0;780;31;172.5;12.33;;;
37.451504;-5.976514;12;0;0;780;31;172.52;12.31;;;
37.451329;-5.976568;12;0;0;780;31;172.54;12.29;;;
37.451155;-5.976622;12;0;0;780;31;172.56;12.27;;;
37.450980;-5.976677;12;0;0;780;31;172.58;12.25;;;
37.450805;-5.976731;12;0;0;780;31;172.6;12.23;;;
37.450630;-5.976783;12;0;0;780;31;172.62;12.21;;;
37.450453;-5.976818;12;0;0;780;31;172.64;12.19;;;
37.450275;-5.976853;12;0;0;780;31;172.66;12.17;;;
37.450097;-5.976887;12;0;0;780;31;172.68;12.15;;;
37.449920;-5.976922;12;0;0;780;31;172.7;12.13;;;
37.449742;-5.976957;12;0;0;780;31;172.72;12.11;;;
37.449571;-5.977023;12;0;0;780;31;172.74;12.09;;;
37.449416;-5.977127;12;0;0;780;31;172.76;12.07;;;
37.449249;-5.977133;11;0;0;780;31;172.78;12.05;;;
37.449077;-5.977069;11;0;0;780;31;172.8;12.03;;;
37.448897;-5.977069;11;0;0;780;31;172.82;12.01;;;
37.448719;-5.977085;11;0;0;780;31;172.84;11.99;;;
37.448540;-5.977118;11;0;0;780;31;172.86;11.97;;;
37.448362;-5.977150;11;0;0;780;31;172.88;11.95;;;
37.448184;-5.977182;11;0;0;780;31;172.9;11.93;;;
37.448006;-5.977213;11;0;0;780;31;172.92;11.91;;;
37.447828;-5.977245;11;0;0;780;31;172.94;11.89;;;
37.447650;-5.977277;11;0;0;780;31;172.96;11.87;;;
37.447472;-5.977309;11;0;0;780;31;172.98;11.85;;;
37.447294;-5.977341;11;0;0;780;31;173;11.83;;;
37.447116;-5.977373;11;0;0;780;31;173.02;11.81;;;
37.446938;-5.977406;11;0;0;780;31;173.04;11.79;;;
37.446760;-5.977438;11;0;0;780;31;173.06;11.77;;;
37.446582;-5.977470;11;0;0;780;31;173.08;11.75;;;
37.446404;-5.977502;11;0;0;780;31;173.1;11.73;;;
37.446226;-5.977534;10;0;0;780;31;173.12;11.71;;;
37.446048;-5.977566;10;0;0;780;31;173.14;11.69;;;
37.445870;-5.977598;10;0;0;780;31;173.16;11.67;;;
37.445692;-5.977630;10;0;0;780;31;173.18;11.65;;;
37.445513;-5.977661;10;0;0;780;31;173.2;11.63;;;
37.445335;-5.977694;10;0;0;780;31;173.22;11.61;;;
37.445157;-5.977726;10;0;0;780;31;173.24;11.59;;;
37.444979;-5.977758;10;0;0;780;31;173.26;11.57;;;
37.444801;-5.977790;10;0;0;780;31;173.28;11.55;;;
37.444623;-5.977822;10;0;0;780;31;173.3;11.53;;;
37.444445;-5.977854;10;0;0;780;31;173.32;11.51;;;
37.444267;-5.977886;10;0;0;780;31;173.34;11.49;;;
37.444089;-5.977918;10;0;0;780;31;173.36;11.47;;;
37.443911;-5.977950;10;0;0;780;31;173.38;11.45;;;
37.443733;-5.977982;10;0;0;780;31;173.4;11.43;;;
37.443555;-5.978013;10;0;0;780;31;173.42;11.41;;;
37.443376;-5.978043;10;0;0;780;31;173.44;11.39;;;
37.443198;-5.978074;9;0;0;780;31;173.46;11.37;;;
37.443020;-5.978105;9;0;0;780;31;173.48;11.35;;;
37.442842;-5.978136;9;0;0;780;31;173.5;11.33;;;
37.442664;-5.978167;9;0;0;780;31;173.52;11.31;;;
37.442485;-5.978197;9;0;0;780;31;173.54;11.29;;;
37.442307;-5.978228;9;0;0;780;31;173.56;11.27;;;
37.442129;-5.978259;9;0;0;780;31;173.58;11.25;;;
37.441951;-5.978290;9;0;0;780;31;173.6;11.23;;;
37.441773;-5.978321;9;0;0;780;31;173.62;11.21;;;
37.441595;-5.978351;9;0;0;780;31;173.64;11.19;;;
37.441416;-5.978382;9;0;0;780;31;173.66;11.17;;;
37.441238;-5.978413;9;0;0;780;31;173.68;11.15;;;
37.441060;-5.978444;9;0;0;780;31;173.7;11.13;;;
37.440882;-5.978475;9;0;0;780;31;173.72;11.11;;;
37.440704;-5.978505;9;0;0;780;31;173.74;11.09;;;
37.440525;-5.978536;9;0;0;780;31;173.76;11.07;;;
37.440347;-5.978567;9;0;0;780;31;173.78;11.05;;;
37.440169;-5.978598;9;0;0;780;31;173.8;11.03;;;
37.439991;-5.978629;9;0;0;780;31;173.82;11.01;;;
37.439813;-5.978659;9;0;0;780;31;173.84;10.99;;;
37.439634;-5.978690;9;0;0;780;31;173.86;10.97;;;
37.439456;-5.978721;9;0;0;780;31;173.88;10.95;;;
37.439278;-5.978752;9;0;0;780;31;173.9;10.93;;;
37.439100;-5.978782;9;0;0;780;31;173.92;10.91;;;
37.438922;-5.978813;9;0;0;780;31;173.94;10.89;;;
37.438743;-5.978844;9;0;0;780;31;173.96;10.87;;;
37.438565;-5.978875;9;0;0;780;31;173.98;10.85;;;
37.438387;-5.978906;9;0;0;780;31;174;10.83;;;
37.438209;-5.978936;9;0;0;780;31;174.02;10.81;;;
37.438031;-5.978967;9;0;0;780;31;174.04;10.79;;;
37.437852;-5.978998;9;0;0;780;31;174.06;10.77;;;
37.437674;-5.979029;9;0;0;780;31;174.08;10.75;;;
37.437496;-5.979060;9;0;0;781;30;174.1;10.73;;;
37.437318;-5.979090;9;0;0;781;30;174.12;10.71;;;
37.437140;-5.979127;9;0;0;781;30;174.14;10.69;;;
37.436964;-5.979172;9;0;0;781;30;174.16;10.67;;;
37.436788;-5.979217;9;0;0;781;30;174.18;10.65;;;
37.436611;-5.979261;9;0;0;781;30;174.2;10.63;;;
37.436433;-5.979290;9;0;0;781;30;174.22;10.61;;;
37.436254;-5.979315;9;0;0;781;30;174.24;10.59;;;
37.436076;-5.979345;9;0;0;781;30;174.26;10.57;;;
37.435898;-5.979374;9;0;0;781;30;174.28;10.55;;;
37.435719;-5.979402;9;0;0;781;30;174.3;10.53;;;
37.435540;-5.979418;9;0;0;781;30;174.32;10.51;;;
37.435361;-5.979438;9;0;0;781;30;174.34;10.49;;;
37.435182;-5.979467;9;0;0;781;30;174.36;10.47;;;
37.435004;-5.979495;9;0;0;781;30;174.38;10.45;;;
37.434825;-5.979523;10;0;0;781;30;174.4;10.43;;;
37.434647;-5.979550;10;0;0;782;29;174.42;10.41;;;
37.434468;-5.979579;10;0;0;782;29;174.44;10.39;;;
37.434290;-5.979607;10;0;0;782;29;174.46;10.37;;;
37.434112;-5.979636;10;0;0;782;29;174.48;10.35;;;
37.433933;-5.979663;10;0;0;782;29;174.5;10.33;;;
37.433755;-5.979692;10;0;0;782;29;174.52;10.31;;;
37.433577;-5.979724;10;0;0;782;29;174.54;10.29;;;
37.433398;-5.979755;10;0;0;782;29;174.56;10.27;;;
37.433220;-5.979787;10;0;0;782;29;174.58;10.25;;;
37.433042;-5.979818;10;0;0;782;29;174.6;10.23;;;
37.432864;-5.979850;10;0;0;782;29;174.62;10.21;;;
37.432686;-5.979883;10;0;0;782;29;174.64;10.19;;;
37.432513;-5.979944;10;0;0;782;29;174.66;10.17;;;
37.432340;-5.980004;10;0;0;782;29;174.68;10.15;;;
37.432165;-5.980059;11;0;1;782;29;174.7;10.13;28;;
37.431990;-5.980110;11;0;1;783;28;174.72;10.11;;;
37.431815;-5.980162;11;0;1;783;28;174.74;10.09;;;
37.431640;-5.980217;11;0;0;783;28;174.76;10.07;;;
37.431466;-5.980271;11;0;0;783;28;174.78;10.05;;;
37.431291;-5.980325;11;0;0;783;28;174.8;10.03;;;
37.431116;-5.980380;11;0;0;783;28;174.82;10.01;;;
37.430942;-5.980435;11;0;0;783;28;174.84;9.99;;;
37.430767;-5.980489;11;0;0;783;28;174.86;9.97;;;
37.430593;-5.980543;11;0;0;783;28;174.88;9.95;;;
37.430418;-5.980597;11;0;0;783;28;174.9;9.93;;;
37.430243;-5.980652;11;0;0;783;28;174.92;9.91;;;
37.430069;-5.980707;11;0;0;783;28;174.94;9.89;;;
37.429894;-5.980761;11;0;0;783;28;174.96;9.87;;;
37.429720;-5.980815;12;0;0;783;28;174.98;9.85;;;
37.429545;-5.980868;12;0;0;783;28;175;9.83;;;
37.429370;-5.980920;12;0;0;783;28;175.02;9.81;;;
37.429195;-5.980973;12;0;0;783;28;175.04;9.79;;;
37.429020;-5.981025;12;0;0;784;27;175.06;9.77;;;
37.428845;-5.981078;12;0;0;784;27;175.08;9.75;;;
37.428670;-5.981131;12;0;0;784;27;175.1;9.73;;;
37.428495;-5.981183;12;0;0;784;27;175.12;9.71;;;
37.428320;-5.981236;12;0;0;784;27;175.14;9.69;;;
37.428146;-5.981292;12;0;0;784;27;175.16;9.67;;;
37.427973;-5.981354;12;0;0;784;27;175.18;9.65;;;
37.427800;-5.981416;12;0;0;784;27;175.2;9.63;;;
37.427627;-5.981478;12;0;0;784;27;175.22;9.61;;;
37.427453;-5.981537;12;0;0;784;27;175.24;9.59;;;
37.427279;-5.981593;12;0;0;784;27;175.26;9.57;;;
37.427104;-5.981648;12;0;0;784;27;175.28;9.55;;;
37.426930;-5.981703;12;0;0;784;27;175.3;9.53;;;
37.426756;-5.981759;12;0;0;784;27;175.32;9.51;;;
37.426581;-5.981815;12;0;0;784;27;175.34;9.49;;;
37.426407;-5.981871;12;0;0;784;27;175.36;9.47;;;
37.426233;-5.981926;12;0;0;784;27;175.38;9.45;;;
37.426058;-5.981981;12;0;0;784;27;175.4;9.43;;;
37.425884;-5.982036;11;0;0;784;27;175.42;9.41;;;
37.425708;-5.982087;11;0;0;784;27;175.44;9.39;;;
37.425533;-5.982136;11;0;0;784;27;175.46;9.37;;;
37.425357;-5.982186;11;0;0;784;27;175.48;9.35;;;
37.425182;-5.982236;11;0;0;784;27;175.5;9.33;;;
37.425006;-5.982281;11;0;0;784;27;175.52;9.31;;;
37.424827;-5.982300;11;0;0;784;27;175.54;9.29;;;
37.424662;-5.982387;11;0;0;784;27;175.56;9.27;;;
37.424490;-5.982433;11;0;0;784;27;175.58;9.25;;;
37.424313;-5.982466;11;0;-1;784;27;175.6;9.23;;;
37.424137;-5.982512;11;0;-1;784;27;175.62;9.21;;;
37.423958;-5.982534;11;0;0;784;27;175.64;9.19;;;
37.423779;-5.982555;10;0;0;784;27;175.66;9.17;;;
37.423600;-5.982577;10;0;-1;784;27;175.68;9.15;;;
37.423420;-5.982598;10;0;-1;784;27;175.7;9.13;;;
37.423241;-5.982620;10;0;0;784;27;175.72;9.11;;;
37.423062;-5.982642;10;0;0;784;27;175.74;9.09;;;
37.422883;-5.982664;10;0;0;784;27;175.76;9.07;;;
37.422704;-5.982686;10;0;0;784;27;175.78;9.05;;;
37.422526;-5.982710;10;0;0;784;27;175.8;9.03;;;
37.422347;-5.982733;10;0;0;784;27;175.82;9.01;;;
37.422168;-5.982756;10;0;0;784;27;175.84;8.99;;;
37.422000;-5.982825;10;0;0;784;27;175.86;8.97;;;
37.421857;-5.982962;10;0;0;784;27;175.88;8.95;;;
37.421714;-5.983098;10;0;-1;784;27;175.9;8.93;;;
37.421569;-5.983233;9;0;-1;784;27;175.92;8.91;;;
37.421400;-5.983289;9;0;0;784;27;175.94;8.89;;;
37.421220;-5.983289;9;0;0;784;27;175.96;8.87;;;
37.421050;-5.983349;9;0;0;784;27;175.98;8.85;;;
37.420891;-5.983455;9;0;0;784;27;176;8.83;;;
37.420732;-5.983561;9;0;0;784;27;176.02;8.81;;;
37.420573;-5.983666;9;0;0;784;27;176.04;8.79;;;
37.420413;-5.983771;9;0;0;784;27;176.06;8.77;;;
37.420254;-5.983877;9;0;0;784;27;176.08;8.75;;;
37.420095;-5.983983;9;0;0;784;27;176.1;8.73;;;
37.419936;-5.984089;9;0;0;784;27;176.12;8.71;;;
37.419777;-5.984195;9;0;0;784;27;176.14;8.69;;;
37.419618;-5.984300;9;0;0;784;27;176.16;8.67;;;
37.419459;-5.984406;9;0;0;784;27;176.18;8.65;;;
37.419300;-5.984512;9;0;0;784;27;176.2;8.63;;;
37.419141;-5.984618;9;0;0;784;27;176.22;8.61;;;
37.418982;-5.984723;9;0;0;784;27;176.24;8.59;;;
37.418823;-5.984828;9;0;0;784;27;176.26;8.57;;;
37.418664;-5.984934;9;0;0;784;27;176.28;8.55;;;
37.418505;-5.985041;9;0;0;784;27;176.3;8.53;;;
37.418346;-5.985146;9;0;0;784;27;176.32;8.51;;;
37.418187;-5.985252;9;0;0;784;27;176.34;8.49;;;
37.418027;-5.985357;9;0;0;784;27;176.36;8.47;;;
37.417868;-5.985463;9;0;0;784;27;176.38;8.45;;;
37.417709;-5.985569;9;0;0;784;27;176.4;8.43;;;
37.417550;-5.985675;9;0;0;784;27;176.42;8.41;;;
37.417391;-5.985780;9;0;0;784;27;176.44;8.39;;;
37.417232;-5.985885;9;0;0;784;27;176.46;8.37;;;
37.417073;-5.985991;9;0;0;784;27;176.48;8.35;;;
37.416914;-5.986098;9;0;0;784;27;176.5;8.33;;;
37.416755;-5.986203;9;0;0;784;27;176.52;8.31;;;
37.416596;-5.986309;9;0;0;784;27;176.54;8.29;;;
37.416437;-5.986414;9;0;0;784;27;176.56;8.27;;;
37.416278;-5.986520;9;0;0;784;27;176.58;8.25;;;
37.416119;-5.986626;9;0;0;784;27;176.6;8.23;;;
37.415960;-5.986732;9;0;0;784;27;176.62;8.21;;;
37.415800;-5.986837;9;0;0;784;27;176.64;8.19;;;
37.415641;-5.986942;9;0;0;784;27;176.66;8.17;;;
37.415482;-5.987049;9;0;0;784;27;176.68;8.15;;;
37.415323;-5.987155;9;0;0;784;27;176.7;8.13;;;
37.415164;-5.987261;9;0;0;784;27;176.72;8.11;;;
37.415005;-5.987366;9;0;0;784;27;176.74;8.09;;;
37.414846;-5.987472;9;0;0;784;27;176.76;8.07;;;
37.414702;-5.987606;9;0;0;784;27;176.78;8.05;;;
37.414565;-5.987749;9;0;0;784;27;176.8;8.03;;;
37.414473;-5.987944;9;0;0;784;27;176.82;8.01;;;
37.414376;-5.988134;9;0;0;784;27;176.84;7.99;;;
37.414226;-5.988246;9;0;0;784;27;176.86;7.97;;;
37.414050;-5.988294;9;0;0;784;27;176.88;7.95;;;
37.413874;-5.988342;9;0;0;784;27;176.9;7.93;;;
37.413719;-5.988452;9;0;0;784;27;176.92;7.91;;;
37.413605;-5.988625;9;0;0;784;27;176.94;7.89;;;
37.413485;-5.988779;9;0;0;784;27;176.96;7.87;;;
37.413306;-5.988797;9;0;0;784;27;176.98;7.85;;;
37.413128;-5.988822;9;0;0;784;27;177;7.83;;;
37.412948;-5.988840;9;0;0;784;27;177.02;7.81;;;
37.412780;-5.988910;9;0;0;784;27;177.04;7.79;;;
37.412619;-5.989010;9;0;0;784;27;177.06;7.77;;;
37.412459;-5.989114;9;0;0;784;27;177.08;7.75;;;
37.412305;-5.989230;9;0;0;784;27;177.1;7.73;;;
37.412150;-5.989346;9;0;0;784;27;177.12;7.71;;;
37.411996;-5.989461;9;0;0;784;27;177.14;7.69;;;
37.411841;-5.989577;9;0;0;784;27;177.16;7.67;;;
37.411686;-5.989693;9;0;0;785;26;177.18;7.65;;;
37.411532;-5.989808;9;0;0;785;26;177.2;7.63;;;
37.411377;-5.989924;9;0;0;785;26;177.22;7.61;;;
37.411222;-5.990039;9;0;0;785;26;177.24;7.59;;;
37.411068;-5.990155;9;0;0;785;26;177.26;7.57;;;
37.410913;-5.990270;9;0;0;785;26;177.28;7.55;;;
37.410758;-5.990386;9;0;0;785;26;177.3;7.53;;;
37.410603;-5.990501;9;0;0;785;26;177.32;7.51;;;
37.410449;-5.990616;9;0;0;785;26;177.34;7.49;;;
37.410294;-5.990732;9;0;0;785;26;177.36;7.47;;;
37.410140;-5.990848;9;0;0;785;26;177.38;7.45;;;
37.409985;-5.990964;8;0;0;785;26;177.4;7.43;;;
37.409831;-5.991080;8;0;0;785;26;177.42;7.41;;;
37.409676;-5.991196;8;0;0;785;26;177.44;7.39;;;
37.409521;-5.991312;8;0;0;785;26;177.46;7.37;;;
37.409367;-5.991427;8;0;0;785;26;177.48;7.35;;;
37.409212;-5.991543;8;0;0;785;26;177.5;7.33;;;
37.409058;-5.991659;9;0;0;785;26;177.52;7.31;;;
37.408903;-5.991775;9;0;0;785;26;177.54;7.29;;;
37.408749;-5.991891;9;0;0;785;26;177.56;7.27;;;
37.408594;-5.992006;9;0;0;785;26;177.58;7.25;;;
37.408439;-5.992122;9;0;0;785;26;177.6;7.23;;;
37.408285;-5.992237;9;0;0;785;26;177.62;7.21;;;
37.408130;-5.992353;9;0;0;785;26;177.64;7.19;;;
37.407975;-5.992469;9;0;0;785;26;177.66;7.17;;;
37.407821;-5.992585;9;0;0;785;26;177.68;7.15;;;
37.407666;-5.992700;9;0;0;785;26;177.7;7.13;;;
37.407512;-5.992816;9;0;0;785;26;177.72;7.11;;;
37.407357;-5.992932;9;0;0;785;26;177.74;7.09;;;
37.407203;-5.993048;9;0;0;785;26;177.76;7.07;;;
37.407048;-5.993163;9;0;0;785;26;177.78;7.05;;;
37.406893;-5.993279;9;0;0;785;26;177.8;7.03;;;
37.406738;-5.993394;9;0;0;785;26;177.82;7.01;;;
37.406583;-5.993509;9;0;1;786;25;177.84;6.99;;;
37.406428;-5.993624;10;0;1;786;25;177.86;6.97;;;
37.406273;-5.993738;10;0;1;786;25;177.88;6.95;;;
37.406118;-5.993853;10;0;1;786;25;177.9;6.93;;;
37.405963;-5.993967;10;0;1;786;25;177.92;6.91;;;
37.405808;-5.994081;10;0;0;786;25;177.94;6.89;;;
37.405652;-5.994196;10;0;1;786;25;177.96;6.87;;;
37.405497;-5.994310;10;0;1;786;25;177.98;6.85;;;
37.405342;-5.994425;10;0;1;786;25;178;6.83;;;
37.405190;-5.994546;10;0;0;786;25;178.02;6.81;;;
37.405037;-5.994666;10;0;0;787;24;178.04;6.79;;;
37.404885;-5.994785;11;0;0;787;24;178.06;6.77;;;
37.404732;-5.994906;11;0;0;787;24;178.08;6.75;;;
37.404580;-5.995026;11;0;0;787;24;178.1;6.73;;;
37.404428;-5.995146;11;0;0;787;24;178.12;6.71;;;
37.404275;-5.995266;11;0;0;787;24;178.14;6.69;;;
37.404122;-5.995386;11;0;1;787;24;178.16;6.67;;;
37.403970;-5.995506;11;0;0;787;24;178.18;6.65;;;
37.403817;-5.995626;11;0;0;787;24;178.2;6.63;;;
37.403665;-5.995746;11;0;0;787;24;178.22;6.61;;;
37.403518;-5.995877;11;0;0;788;23;178.24;6.59;;;
37.403371;-5.996007;12;0;0;788;23;178.26;6.57;;;
37.403223;-5.996135;12;0;0;788;23;178.28;6.55;;;
37.403075;-5.996264;12;0;0;788;23;178.3;6.53;;;
37.402930;-5.996398;12;0;0;788;23;178.32;6.51;;;
37.402787;-5.996535;12;0;0;788;23;178.34;6.49;;;
37.402644;-5.996673;12;0;0;788;23;178.36;6.47;;;
37.402501;-5.996810;12;0;0;788;23;178.38;6.45;;;
37.402358;-5.996947;12;0;0;788;23;178.4;6.43;;;
37.402214;-5.997084;12;0;0;788;23;178.42;6.41;;;
37.402071;-5.997221;12;0;0;788;23;178.44;6.39;;;
37.401928;-5.997358;12;0;0;788;23;178.46;6.37;;;
37.401785;-5.997495;12;0;0;788;23;178.48;6.35;;;
37.401642;-5.997632;12;0;0;788;23;178.5;6.33;;;
37.401498;-5.997769;12;0;0;788;23;178.52;6.31;;;
37.401355;-5.997906;12;0;0;788;23;178.54;6.29;;;
37.401213;-5.998044;12;0;0;788;23;178.56;6.27;;;
37.401070;-5.998183;12;0;0;788;23;178.58;6.25;;;
37.400928;-5.998321;12;0;0;788;23;178.6;6.23;;;
37.400785;-5.998459;12;0;0;788;23;178.62;6.21;;;
37.400643;-5.998597;12;0;0;788;23;178.64;6.19;;;
37.400501;-5.998736;12;0;0;788;23;178.66;6.17;;;
37.400359;-5.998875;12;0;0;788;23;178.68;6.15;;;
37.400216;-5.999013;12;0;0;788;23;178.7;6.13;;;
37.400074;-5.999151;12;0;0;788;23;178.72;6.11;;;
37.399931;-5.999289;12;0;0;788;23;178.74;6.09;;;
37.399789;-5.999428;12;0;0;788;23;178.76;6.07;;;
37.399647;-5.999566;12;0;0;788;23;178.78;6.05;;;
37.399504;-5.999704;12;0;0;788;23;178.8;6.03;;;
37.399357;-5.999835;12;0;0;789;22;178.82;6.01;;;
37.399210;-5.999966;12;0;0;789;22;178.84;5.99;;;
37.399063;-6.000096;12;0;-1;789;22;178.86;5.97;;;
37.398916;-6.000226;12;0;-1;789;22;178.88;5.95;;;
37.398769;-6.000356;11;0;-1;789;22;178.9;5.93;;;
37.398621;-6.000486;11;0;-1;789;22;178.92;5.91;;;
37.398474;-6.000616;11;0;-1;789;22;178.94;5.89;;;
37.398320;-6.000733;11;0;-1;789;22;178.96;5.87;;;
37.398166;-6.000850;11;0;-1;789;22;178.98;5.85;;;
37.398012;-6.000966;11;0;-1;789;22;179;5.83;;;
37.397857;-6.001082;11;0;-1;789;22;179.02;5.81;;;
37.397702;-6.001197;10;0;-1;789;22;179.04;5.79;;;
37.397547;-6.001311;10;0;-1;789;22;179.06;5.77;;;
37.397391;-6.001424;10;0;-1;789;22;179.08;5.75;;;
37.397236;-6.001538;10;0;-1;789;22;179.1;5.73;;;
37.397080;-6.001651;10;0;-1;789;22;179.12;5.71;;;
37.396924;-6.001765;10;0;0;789;22;179.14;5.69;;;
37.396770;-6.001880;10;0;0;789;22;179.16;5.67;;;
37.396615;-6.001995;10;0;0;789;22;179.18;5.65;;;
37.396460;-6.002110;10;0;0;789;22;179.2;5.63;;;
37.396305;-6.002225;10;0;0;789;22;179.22;5.61;;;
37.396150;-6.002340;10;0;0;789;22;179.24;5.59;;;
37.395995;-6.002456;10;0;0;789;22;179.26;5.57;;;
37.395841;-6.002572;9;0;0;789;22;179.28;5.55;;;
37.395686;-6.002687;9;0;0;789;22;179.3;5.53;;;
37.395531;-6.002802;9;0;0;789;22;179.32;5.51;;;
37.395373;-6.002910;9;0;0;789;22;179.34;5.49;;;
37.395215;-6.003018;9;0;0;789;22;179.36;5.47;;;
37.395056;-6.003124;9;0;0;789;22;179.38;5.45;;;
37.394896;-6.003228;9;0;0;789;22;179.4;5.43;;;
37.394736;-6.003332;9;0;0;789;22;179.42;5.41;;;
37.394576;-6.003435;9;0;0;789;22;179.44;5.39;;;
37.394413;-6.003529;9;0;0;789;22;179.46;5.37;;;
37.394241;-6.003594;9;0;0;789;22;179.48;5.35;;;
37.394067;-6.003651;9;0;0;789;22;179.5;5.33;;;
37.393891;-6.003698;9;0;0;789;22;179.52;5.31;;;
37.393712;-6.003719;9;0;0;789;22;179.54;5.29;;;
37.393533;-6.003741;8;0;0;789;22;179.56;5.27;;;
37.393354;-6.003738;8;0;0;789;22;179.58;5.25;;;
37.393175;-6.003718;8;0;0;789;22;179.6;5.23;;;
37.392996;-6.003694;8;0;0;789;22;179.62;5.21;;;
37.392819;-6.003651;8;0;0;789;22;179.64;5.19;;;
37.392643;-6.003608;8;0;0;789;22;179.66;5.17;;;
37.392466;-6.003565;8;0;0;789;22;179.68;5.15;;;
37.392293;-6.003507;8;0;-1;789;22;179.7;5.13;;;
37.392119;-6.003446;8;0;0;789;22;179.72;5.11;;;
37.391946;-6.003385;8;0;-1;789;22;179.74;5.09;;;
37.391773;-6.003324;8;0;-1;789;22;179.76;5.07;;;
37.391599;-6.003267;7;0;-1;789;22;179.78;5.05;;;
37.391424;-6.003214;7;0;-1;789;22;179.8;5.03;;;
37.391249;-6.003160;7;0;-1;789;22;179.82;5.01;;;
37.391075;-6.003106;7;0;-1;789;22;179.84;4.99;;;
37.390897;-6.003096;7;0;-1;789;22;179.86;4.97;;;
37.390801;-6.003272;6;0;-1;789;22;179.88;4.95;;;
37.390751;-6.003489;6;0;-1;789;22;179.9;4.93;;;
37.390700;-6.003706;6;0;-1;789;22;179.92;4.91;;;
37.390668;-6.003929;5;0;-1;789;22;179.94;4.89;;;
37.390644;-6.004153;5;0;-1;789;22;179.96;4.87;;;
37.390620;-6.004377;5;0;-1;789;22;179.98;4.85;;;
37.390596;-6.004602;5;0;-1;789;22;180;4.83;;;
37.390572;-6.004826;5;0;-1;789;22;180.02;4.81;;;
37.390547;-6.005050;4;0;-1;789;22;180.04;4.79;;;
37.390522;-6.005274;4;0;-1;789;22;180.06;4.77;;;
37.390498;-6.005499;4;0;-1;789;22;180.08;4.75;;;
37.390473;-6.005723;4;0;0;789;22;180.1;4.73;;;
37.390448;-6.005947;4;0;0;789;22;180.12;4.71;;;
37.390423;-6.006171;4;0;0;789;22;180.14;4.69;;;
37.390398;-6.006395;4;0;0;789;22;180.16;4.67;;;
37.390373;-6.006620;4;0;1;789;22;180.18;4.65;;;
37.390346;-6.006843;4;0;1;789;22;180.2;4.63;;;
37.390311;-6.007065;4;0;1;789;22;180.22;4.61;;;
37.390275;-6.007287;5;0;1;789;22;180.24;4.59;;;
37.390239;-6.007509;5;0;1;790;21;180.26;4.57;;;
37.390201;-6.007730;5;0;1;790;21;180.28;4.55;;;
37.390150;-6.007947;5;0;1;790;21;180.3;4.53;;;
37.390097;-6.008164;5;0;1;790;21;180.32;4.51;;;
37.390046;-6.008381;5;0;1;790;21;180.34;4.49;;;
37.390019;-6.008604;6;0;1;790;21;180.36;4.47;;;
37.389991;-6.008828;6;0;1;790;21;180.38;4.45;;;
37.389962;-6.009051;6;0;1;790;21;180.4;4.43;;;
37.389932;-6.009275;6;0;1;791;20;180.42;4.41;;;
37.389903;-6.009498;6;0;1;791;20;180.44;4.39;;;
37.389873;-6.009721;6;0;1;791;20;180.46;4.37;;;
37.389839;-6.009944;6;0;1;791;20;180.48;4.35;;;
37.389767;-6.010145;6;0;1;791;20;180.5;4.33;;;
37.389600;-6.010227;7;0;1;791;20;180.52;4.31;;;
37.389429;-6.010298;7;0;1;792;19;180.54;4.29;;;
37.389258;-6.010369;7;0;1;792;19;180.56;4.27;;;
37.389084;-6.010426;7;0;1;792;19;180.58;4.25;;;
37.388909;-6.010478;7;0;1;792;19;180.6;4.23;;;
37.388734;-6.010529;7;0;1;792;19;180.62;4.21;;;
37.388559;-6.010581;7;0;0;792;19;180.64;4.19;;;
37.388384;-6.010632;8;0;0;792;19;180.66;4.17;;;
37.388208;-6.010682;8;0;0;792;19;180.68;4.15;;;
37.388032;-6.010730;8;0;0;792;19;180.7;4.13;29;;
37.387856;-6.010777;8;0;1;793;18;180.72;4.11;;;
37.387681;-6.010825;8;0;1;793;18;180.74;4.09;;;
37.387505;-6.010872;8;0;1;793;18;180.76;4.07;;;
37.387329;-6.010919;8;0;1;793;18;180.78;4.05;;;
37.387153;-6.010966;8;0;1;793;18;180.8;4.03;;;
37.386975;-6.011004;8;0;1;793;18;180.82;4.01;;;
37.386798;-6.011043;9;0;1;793;18;180.84;3.99;;;
37.386621;-6.011081;9;0;1;793;18;180.86;3.97;;;
37.386444;-6.011120;9;0;1;794;17;180.88;3.95;;;
37.386266;-6.011158;9;0;0;794;17;180.9;3.93;;;
37.386089;-6.011196;9;0;0;794;17;180.92;3.91;;;
37.385911;-6.011224;9;0;0;794;17;180.94;3.89;;;
37.385732;-6.011252;9;0;0;794;17;180.96;3.87;;;
37.385554;-6.011279;9;0;0;794;17;180.98;3.85;;;
37.385374;-6.011287;9;0;0;794;17;181;3.83;;;
37.385194;-6.011291;9;0;0;794;17;181.02;3.81;;;
37.385015;-6.011277;9;0;0;794;17;181.04;3.79;;;
37.384836;-6.011251;9;0;0;794;17;181.06;3.77;;;
37.384658;-6.011226;9;0;0;794;17;181.08;3.75;;;
37.384479;-6.011200;9;0;0;794;17;181.1;3.73;;;
37.384301;-6.011169;9;0;0;794;17;181.12;3.71;;;
37.384123;-6.011137;9;0;0;794;17;181.14;3.69;;;
37.383945;-6.011104;9;0;0;794;17;181.16;3.67;;;
37.383767;-6.011069;9;0;0;794;17;181.18;3.65;;;
37.383595;-6.011001;9;0;0;794;17;181.2;3.63;;;
37.383424;-6.010934;9;0;0;794;17;181.22;3.61;;;
37.383258;-6.010847;9;0;0;794;17;181.24;3.59;;;
37.383098;-6.010744;9;0;0;794;17;181.26;3.57;;;
37.382940;-6.010637;9;0;0;794;17;181.28;3.55;;;
37.382789;-6.010514;9;0;0;794;17;181.3;3.53;;;
37.382638;-6.010391;9;0;0;794;17;181.32;3.51;;;
37.382487;-6.010269;9;0;0;794;17;181.34;3.49;;;
37.382334;-6.010148;9;0;0;794;17;181.36;3.47;;;
37.382182;-6.010028;9;0;0;794;17;181.38;3.45;;;
37.382030;-6.009907;9;0;0;794;17;181.4;3.43;;;
37.381877;-6.009787;9;0;0;794;17;181.42;3.41;;;
37.381724;-6.009669;9;0;0;794;17;181.44;3.39;;;
37.381563;-6.009573;9;0;0;794;17;181.46;3.37;;;
37.381388;-6.009522;9;0;0;794;17;181.48;3.35;;;
37.381210;-6.009487;9;0;0;794;17;181.5;3.33;;;
37.381034;-6.009440;9;0;0;794;17;181.52;3.31;;;
37.380858;-6.009399;9;0;0;794;17;181.54;3.29;;;
37.380680;-6.009361;9;0;0;794;17;181.56;3.27;;;
37.380509;-6.009298;9;0;0;794;17;181.58;3.25;;;
37.380371;-6.009155;9;0;0;795;16;181.6;3.23;;;
37.380234;-6.009009;9;0;0;795;16;181.62;3.21;;;
37.380087;-6.008880;9;0;0;795;16;181.64;3.19;;;
37.379936;-6.008756;9;0;0;795;16;181.66;3.17;;;
37.379783;-6.008637;10;0;0;795;16;181.68;3.15;;;
37.379630;-6.008517;10;0;0;795;16;181.7;3.13;;;
37.379479;-6.008395;10;0;0;795;16;181.72;3.11;;;
37.379328;-6.008273;10;0;0;795;16;181.74;3.09;;;
37.379176;-6.008150;10;0;0;795;16;181.76;3.07;;;
37.379025;-6.008028;10;0;1;795;16;181.78;3.05;;;
37.378874;-6.007905;10;0;1;795;16;181.8;3.03;;;
37.378723;-6.007781;10;0;1;795;16;181.82;3.01;;;
37.378572;-6.007658;10;0;1;796;15;181.84;2.99;;;
37.378422;-6.007535;10;0;1;796;15;181.86;2.97;;;
37.378271;-6.007412;10;0;1;796;15;181.88;2.95;;;
37.378120;-6.007288;11;0;1;796;15;181.9;2.93;;;
37.377969;-6.007165;11;0;1;796;15;181.92;2.91;;;
37.377818;-6.007041;11;0;1;796;15;181.94;2.89;;;
37.377668;-6.006918;11;0;1;796;15;181.96;2.87;;;
37.377517;-6.006795;11;0;1;797;14;181.98;2.85;;;
37.377366;-6.006671;12;0;1;797;14;182;2.83;;;
37.377215;-6.006548;12;0;1;797;14;182.02;2.81;;;
37.377065;-6.006424;12;0;1;797;14;182.04;2.79;;;
37.376914;-6.006301;12;0;1;797;14;182.06;2.77;;;
37.376763;-6.006178;12;0;1;798;13;182.08;2.75;;;
37.376612;-6.006055;13;0;2;798;13;182.1;2.73;;;
37.376455;-6.005945;13;0;2;798;13;182.12;2.71;;;
37.376294;-6.005843;13;0;2;799;12;182.14;2.69;;;
37.376130;-6.005763;14;0;2;799;12;182.16;2.67;;;
37.375950;-6.005753;14;0;2;799;12;182.18;2.65;;;
37.375843;-6.005609;14;0;2;800;11;182.2;2.63;;;
37.375761;-6.005410;15;0;2;800;11;182.22;2.61;;;
37.375617;-6.005274;15;0;1;800;11;182.24;2.59;;;
37.375473;-6.005139;15;0;1;801;10;182.26;2.57;;;
37.375321;-6.005017;16;0;1;801;10;182.28;2.55;;;
37.375168;-6.004897;16;0;1;801;10;182.3;2.53;;;
37.375015;-6.004778;16;0;1;801;10;182.32;2.51;;;
37.374863;-6.004659;16;0;1;802;9;182.34;2.49;;;
37.374710;-6.004539;17;0;1;802;9;182.36;2.47;;;
37.374560;-6.004414;17;0;1;802;9;182.38;2.45;;;
37.374411;-6.004288;17;0;2;802;9;182.4;2.43;;;
37.374266;-6.004155;17;0;2;803;8;182.42;2.41;;;
37.374137;-6.003997;18;0;2;803;8;182.44;2.39;;;
37.374066;-6.003806;18;0;2;804;7;182.46;2.37;;;
37.374150;-6.003608;19;0;2;804;7;182.48;2.35;;;
37.374250;-6.003420;19;0;2;804;7;182.5;2.33;;;
37.374352;-6.003233;19;0;2;805;6;182.52;2.31;;;
37.374453;-6.003046;20;0;1;805;6;182.54;2.29;;;
37.374515;-6.002836;20;0;1;805;6;182.56;2.27;;;
37.374564;-6.002618;20;0;1;805;6;182.58;2.25;;;
37.374567;-6.002392;21;0;1;806;5;182.6;2.23;;;
37.374574;-6.002166;21;0;1;806;5;182.62;2.21;;;
37.374580;-6.001940;21;0;1;806;5;182.64;2.19;;;
37.374587;-6.001713;21;0;1;806;5;182.66;2.17;;;
37.374593;-6.001487;21;0;0;806;5;182.68;2.15;;;
37.374599;-6.001261;21;0;0;806;5;182.7;2.13;;;
37.374605;-6.001035;21;0;0;806;5;182.72;2.11;;;
37.374613;-6.000809;21;0;0;806;5;182.74;2.09;;;
37.374623;-6.000583;21;0;0;806;5;182.76;2.07;;;
37.374633;-6.000357;21;0;0;806;5;182.78;2.05;;;
37.374643;-6.000131;21;0;0;806;5;182.8;2.03;;;
37.374651;-5.999905;21;0;0;806;5;182.82;2.01;;;
37.374651;-5.999678;21;0;-1;806;5;182.84;1.99;;;
37.374651;-5.999452;20;0;-1;806;5;182.86;1.97;;;
37.374659;-5.999226;20;0;-1;806;5;182.88;1.95;;;
37.374667;-5.999000;20;0;-1;806;5;182.9;1.93;;;
37.374674;-5.998774;20;0;-1;806;5;182.92;1.91;;;
37.374682;-5.998548;20;0;-1;806;5;182.94;1.89;;;
37.374690;-5.998321;20;0;-2;806;5;182.96;1.87;;;
37.374694;-5.998095;19;0;-2;806;5;182.98;1.85;;;
37.374694;-5.997869;19;0;-2;806;5;183;1.83;;;
37.374694;-5.997643;18;0;-2;806;5;183.02;1.81;;;
37.374697;-5.997416;18;0;-2;806;5;183.04;1.79;;;
37.374704;-5.997190;18;0;-2;806;5;183.06;1.77;;;
37.374710;-5.996964;17;0;-3;806;5;183.08;1.75;;;
37.374716;-5.996738;16;0;-3;806;5;183.1;1.73;;;
37.374724;-5.996512;16;0;-3;806;5;183.12;1.71;;;
37.374732;-5.996285;15;0;-3;806;5;183.14;1.69;;;
37.374739;-5.996059;15;0;-3;806;5;183.16;1.67;;;
37.374745;-5.995833;14;0;-3;806;5;183.18;1.65;;;
37.374756;-5.995607;13;0;-3;806;5;183.2;1.63;;;
37.374769;-5.995381;13;0;-3;806;5;183.22;1.61;;;
37.374782;-5.995156;12;0;-2;806;5;183.24;1.59;;;
37.374795;-5.994930;12;0;-2;806;5;183.26;1.57;;;
37.374820;-5.994707;11;0;-2;806;5;183.28;1.55;;;
37.374866;-5.994488;11;0;-2;806;5;183.3;1.53;;;
37.374912;-5.994269;11;0;-2;806;5;183.32;1.51;;;
37.374958;-5.994050;10;0;-2;806;5;183.34;1.49;;;
37.375004;-5.993831;10;0;-1;806;5;183.36;1.47;;;
37.375049;-5.993612;10;0;-1;806;5;183.38;1.45;;;
37.375095;-5.993394;10;0;-1;806;5;183.4;1.43;;;
37.375141;-5.993175;9;0;-1;806;5;183.42;1.41;;;
37.375189;-5.992957;9;0;-1;806;5;183.44;1.39;;;
37.375237;-5.992738;9;0;0;806;5;183.46;1.37;;;
37.375284;-5.992520;9;0;0;806;5;183.48;1.35;;;
37.375332;-5.992302;9;0;0;806;5;183.5;1.33;;;
37.375380;-5.992084;9;0;0;806;5;183.52;1.31;;;
37.375446;-5.991873;9;0;0;806;5;183.54;1.29;;;
37.375611;-5.991803;9;0;0;806;5;183.56;1.27;;;
37.375788;-5.991835;9;0;0;806;5;183.58;1.25;;;
37.375960;-5.991903;9;0;0;806;5;183.6;1.23;;;
37.376131;-5.991972;9;0;0;806;5;183.62;1.21;;;
37.376294;-5.992067;9;0;0;806;5;183.64;1.19;;;
37.376458;-5.992161;9;0;0;806;5;183.66;1.17;;;
37.376621;-5.992256;9;0;0;806;5;183.68;1.15;;;
37.376785;-5.992350;9;0;0;806;5;183.7;1.13;;;
37.376948;-5.992445;9;0;0;806;5;183.72;1.11;;;
37.377111;-5.992540;9;0;0;806;5;183.74;1.09;;;
37.377275;-5.992635;9;0;0;806;5;183.76;1.07;;;
37.377436;-5.992735;9;0;0;807;4;183.78;1.05;;;
37.377596;-5.992837;9;0;0;807;4;183.8;1.03;;;
37.377757;-5.992940;9;0;0;807;4;183.82;1.01;;;
37.377917;-5.993042;9;0;0;807;4;183.84;0.99;;;
37.378078;-5.993144;9;0;0;807;4;183.86;0.97;;;
37.378238;-5.993247;9;0;0;807;4;183.88;0.95;;;
37.378398;-5.993349;9;0;0;807;4;183.9;0.93;;;
37.378559;-5.993452;9;0;0;807;4;183.92;0.91;;;
37.378719;-5.993554;9;0;0;807;4;183.94;0.89;;;
37.378880;-5.993656;9;0;0;807;4;183.96;0.87;;;
37.379040;-5.993758;9;0;1;807;4;183.98;0.85;;;
37.379201;-5.993860;10;0;1;807;4;184;0.83;;;
37.379361;-5.993963;10;0;1;807;4;184.02;0.81;;;
37.379522;-5.994065;10;0;1;808;3;184.04;0.79;;;
37.379682;-5.994167;10;0;1;808;3;184.06;0.77;;;
37.379842;-5.994269;10;0;1;808;3;184.08;0.75;;;
37.380003;-5.994372;10;0;1;808;3;184.1;0.73;;;
37.380163;-5.994475;10;0;0;808;3;184.12;0.71;;;
37.380324;-5.994577;10;0;0;808;3;184.14;0.69;;;
37.380484;-5.994679;10;0;0;808;3;184.16;0.67;;;
37.380645;-5.994781;11;0;1;808;3;184.18;0.65;;;
37.380805;-5.994883;11;0;1;808;3;184.2;0.63;;;
37.380966;-5.994985;11;0;1;809;2;184.22;0.61;;;
37.381126;-5.995087;11;0;1;809;2;184.24;0.59;;;
37.381287;-5.995190;11;0;1;809;2;184.26;0.57;;;
37.381447;-5.995292;11;0;1;809;2;184.28;0.55;;;
37.381607;-5.995395;12;0;1;809;2;184.3;0.53;;;
37.381764;-5.995505;12;0;1;810;1;184.32;0.51;;;
37.381917;-5.995624;12;0;1;810;1;184.34;0.49;;;
37.382071;-5.995742;12;0;1;810;1;184.36;0.47;;;
37.382225;-5.995859;12;0;1;810;1;184.38;0.45;;;
37.382382;-5.995969;12;0;1;810;1;184.4;0.43;;;
37.382539;-5.996078;13;0;1;810;1;184.42;0.41;;;
37.382697;-5.996188;13;0;1;811;0;184.44;0.39;;;
37.382846;-5.996312;13;0;0;811;0;184.46;0.37;;;
37.382987;-5.996453;13;0;0;811;0;184.48;0.35;;;
37.383128;-5.996594;13;0;0;811;0;184.5;0.33;;;
37.383267;-5.996737;13;0;0;811;0;184.52;0.31;;;
37.383403;-5.996886;13;0;0;811;0;184.54;0.29;;;
37.383538;-5.997035;13;0;0;811;0;184.56;0.27;;;
37.383674;-5.997183;13;0;0;811;0;184.58;0.25;;;
37.383810;-5.997332;13;0;0;811;0;184.6;0.23;;;
37.383945;-5.997481;12;0;0;811;0;184.62;0.21;;;
37.384079;-5.997632;12;0;0;811;0;184.64;0.19;;;
37.384212;-5.997785;12;0;0;811;0;184.66;0.17;;;
37.384345;-5.997937;12;0;0;811;0;184.68;0.15;;;
37.384477;-5.998090;12;0;0;811;0;184.7;0.13;;;
37.384610;-5.998243;12;0;0;811;0;184.72;0.11;;;
37.384743;-5.998395;12;0;-1;811;0;184.74;0.09;;;
37.384875;-5.998548;12;0;-1;811;0;184.76;0.07;;;
37.385010;-5.998698;12;0;-1;811;0;184.78;0.05;;;
37.385145;-5.998848;12;0;-1;811;0;184.8;0.03;;;
37.385280;-5.998998;12;0;-1;811;0;184.82;0.01;;;
37.385373;-5.999101;11;0;-1;811;0;184.83;0;30;arrival;
