latitude;longitude;altitude;azimuth;slope;dvdone;dvrest;kmdone;kmto;cpnumero;cptype;sumcategory
37.178895;-3.087341;1182;0;0;0;4748;0;186.55;3;real;
37.178892;-3.087567;1182;0;0;0;4748;0.02;186.53;;;
37.178888;-3.087792;1182;0;0;0;4748;0.04;186.51;;;
37.178885;-3.088018;1182;0;0;0;4748;0.06;186.49;;;
37.178881;-3.088244;1182;0;0;0;4748;0.08;186.47;;;
37.178878;-3.088470;1182;0;0;0;4748;0.1;186.45;;;
37.178874;-3.088695;1182;0;0;0;4748;0.12;186.43;;;
37.178865;-3.089147;1182;0;0;0;4748;0.16;186.39;;;
37.178859;-3.089372;1182;0;0;0;4748;0.18;186.37;;;
37.178854;-3.089598;1182;0;0;0;4748;0.2;186.35;;;
37.178848;-3.089823;1182;0;0;0;4748;0.22;186.33;;;
37.178843;-3.090049;1182;0;0;0;4748;0.24;186.31;;;
37.178837;-3.090275;1182;0;0;0;4748;0.26;186.29;;;
37.178827;-3.090726;1182;0;0;0;4748;0.3;186.25;;;
37.178827;-3.090952;1182;0;0;0;4748;0.32;186.23;;;
37.178824;-3.091177;1182;0;0;0;4748;0.34;186.21;;;
37.178819;-3.091403;1182;0;0;0;4748;0.36;186.19;;;
37.178814;-3.091629;1182;0;0;0;4748;0.38;186.17;;;
37.178809;-3.091854;1182;0;0;0;4748;0.4;186.15;;;
37.178804;-3.092080;1182;0;0;0;4748;0.42;186.13;;;
37.178799;-3.092306;1182;0;0;0;4748;0.44;186.11;;;
37.178794;-3.092531;1182;0;0;0;4748;0.46;186.09;;;
37.178789;-3.092757;1182;0;0;0;4748;0.48;186.07;;;
37.178785;-3.092983;1182;0;0;0;4748;0.5;186.05;;;
37.178780;-3.093208;1182;0;0;0;4748;0.52;186.03;;;
37.178775;-3.093434;1182;0;0;0;4748;0.54;186.01;;;
37.178760;-3.094111;1182;0;0;1;4747;0.6;185.95;;;
37.178755;-3.094337;1182;0;0;1;4747;0.62;185.93;;;
37.178750;-3.094562;1182;0;0;1;4747;0.64;185.91;;;
37.178745;-3.094788;1182;0;0;1;4747;0.66;185.89;;;
37.178740;-3.095014;1182;0;0;1;4747;0.68;185.87;;;
37.178735;-3.095239;1182;0;0;1;4747;0.7;185.85;;;
37.178730;-3.095465;1182;0;0;1;4747;0.72;185.83;;;
37.178726;-3.095691;1182;0;0;1;4747;0.74;185.81;;;
37.178720;-3.095916;1182;0;0;1;4747;0.76;185.79;;;
37.178715;-3.096142;1182;0;0;1;4747;0.78;185.77;;;
37.178711;-3.096368;1182;0;0;1;4747;0.8;185.75;;;
37.178706;-3.096593;1183;0;0;1;4747;0.82;185.73;;;
37.178701;-3.096819;1183;0;0;1;4747;0.84;185.71;;;
37.178696;-3.097045;1183;0;0;1;4747;0.86;185.69;;;
37.178691;-3.097270;1183;0;0;1;4747;0.88;185.67;;;
37.178687;-3.097496;1183;0;0;1;4747;0.9;185.65;;;
37.178682;-3.097722;1183;0;0;1;4747;0.92;185.63;;;
37.178676;-3.097947;1183;0;0;1;4747;0.94;185.61;;;
37.178672;-3.098173;1183;0;0;1;4747;0.96;185.59;;;
37.178667;-3.098399;1183;0;0;1;4747;0.98;185.57;;;
37.178662;-3.098624;1183;0;0;1;4747;1;185.55;;;
37.178657;-3.098850;1183;0;0;1;4747;1.02;185.53;;;
37.178652;-3.099076;1183;0;0;1;4747;1.04;185.51;;;
37.178647;-3.099301;1183;0;0;1;4747;1.06;185.49;;;
37.178642;-3.099527;1183;0;0;1;4747;1.08;185.47;;;
37.178617;-3.100655;1183;0;0;1;4747;1.18;185.37;;;
37.178613;-3.100881;1183;0;0;1;4747;1.2;185.35;;;
37.178608;-3.101107;1183;0;0;1;4747;1.22;185.33;;;
37.178603;-3.101332;1183;0;0;2;4746;1.24;185.31;;;
37.178598;-3.101558;1183;0;0;2;4746;1.26;185.29;;;
37.178593;-3.101784;1183;0;0;2;4746;1.28;185.27;;;
37.178588;-3.102009;1183;0;0;2;4746;1.3;185.25;;;
37.178583;-3.102235;1183;0;0;2;4746;1.32;185.23;;;
37.178578;-3.102461;1184;0;0;2;4746;1.34;185.21;;;
37.178574;-3.102686;1184;0;0;2;4746;1.36;185.19;;;
37.178568;-3.102912;1184;0;0;2;4746;1.38;185.17;;;
37.178563;-3.103138;1184;0;1;2;4746;1.4;185.15;;;
37.178559;-3.103363;1184;0;1;2;4746;1.42;185.13;;;
37.178553;-3.103589;1184;0;1;2;4746;1.44;185.11;;;
37.178548;-3.103814;1184;0;1;3;4745;1.46;185.09;;;
37.178540;-3.104040;1184;0;1;3;4745;1.48;185.07;;;
37.178533;-3.104266;1184;0;1;3;4745;1.5;185.05;;;
37.178526;-3.104491;1184;0;0;3;4745;1.52;185.03;;;
37.178518;-3.104717;1185;0;0;3;4745;1.54;185.01;;;
37.178511;-3.104942;1185;0;0;3;4745;1.56;184.99;;;
37.178503;-3.105168;1185;0;0;3;4745;1.58;184.97;;;
37.178496;-3.105393;1185;0;0;3;4745;1.6;184.95;;;
37.178489;-3.105619;1185;0;0;3;4745;1.62;184.93;;;
37.178482;-3.105845;1185;0;0;3;4745;1.64;184.91;;;
37.178475;-3.106070;1185;0;0;3;4745;1.66;184.89;;;
37.178467;-3.106296;1185;0;1;3;4745;1.68;184.87;;;
37.178465;-3.106521;1185;0;1;3;4745;1.7;184.85;;;
37.178466;-3.106747;1185;0;1;4;4744;1.72;184.83;;;
37.178475;-3.106972;1185;0;1;4;4744;1.74;184.81;;;
37.178510;-3.107192;1186;0;1;4;4744;1.76;184.79;;;
37.178458;-3.107407;1186;0;1;5;4743;1.78;184.77;;;
37.178426;-3.107629;1186;0;1;5;4743;1.8;184.75;;;
37.178409;-3.107854;1187;0;1;5;4743;1.82;184.73;;;
37.178398;-3.108079;1187;0;1;5;4743;1.84;184.71;;;
37.178398;-3.108305;1187;0;1;5;4743;1.86;184.69;;;
37.178398;-3.108531;1187;0;1;6;4742;1.88;184.67;;;
37.178390;-3.108756;1187;0;1;6;4742;1.9;184.65;;;
37.178377;-3.108981;1188;0;1;6;4742;1.92;184.63;;;
37.178377;-3.109207;1188;0;1;6;4742;1.94;184.61;;;
37.178377;-3.109433;1188;0;1;6;4742;1.96;184.59;;;
37.178377;-3.109658;1188;0;1;6;4742;1.98;184.57;;;
37.178376;-3.109884;1188;0;1;7;4741;2;184.55;4;;
37.178370;-3.110110;1188;0;1;7;4741;2.02;184.53;;;
37.178364;-3.110335;1189;0;1;7;4741;2.04;184.51;;;
37.178358;-3.110561;1189;0;1;7;4741;2.06;184.49;;;
37.178352;-3.110787;1189;0;1;8;4740;2.08;184.47;;;
37.178346;-3.111012;1189;0;1;8;4740;2.1;184.45;;;
37.178339;-3.111238;1190;0;1;8;4740;2.12;184.43;;;
37.178333;-3.111464;1190;0;1;8;4740;2.14;184.41;;;
37.178327;-3.111689;1190;0;1;9;4739;2.16;184.39;;;
37.178272;-3.113720;1192;0;1;11;4737;2.34;184.21;;;
37.178267;-3.113945;1193;0;1;11;4737;2.36;184.19;;;
37.178261;-3.114171;1193;0;2;11;4737;2.38;184.17;;;
37.178254;-3.114397;1193;0;2;12;4736;2.4;184.15;;;
37.178248;-3.114622;1193;0;2;12;4736;2.42;184.13;;;
37.178248;-3.114848;1194;0;2;12;4736;2.44;184.11;;;
37.178243;-3.115074;1194;0;2;13;4735;2.46;184.09;;;
37.178239;-3.115299;1195;0;2;13;4735;2.48;184.07;;;
37.178234;-3.115525;1195;0;2;13;4735;2.5;184.05;;;
37.178229;-3.115751;1195;0;1;14;4734;2.52;184.03;;;
37.178224;-3.115976;1195;0;1;14;4734;2.54;184.01;;;
37.178220;-3.116202;1196;0;1;14;4734;2.56;183.99;;;
37.178215;-3.116428;1196;0;1;14;4734;2.58;183.97;;;
37.178211;-3.116653;1196;0;2;15;4733;2.6;183.95;;;
37.178206;-3.116879;1197;0;2;15;4733;2.62;183.93;;;
37.178201;-3.117105;1197;0;2;15;4733;2.64;183.91;;;
37.178195;-3.117330;1197;0;2;16;4732;2.66;183.89;;;
37.178190;-3.117556;1198;0;2;16;4732;2.68;183.87;;;
37.178183;-3.117781;1198;0;2;16;4732;2.7;183.85;;;
37.178178;-3.118007;1198;0;1;17;4731;2.72;183.83;;;
37.178173;-3.118233;1199;0;1;17;4731;2.74;183.81;;;
37.178167;-3.118458;1199;0;1;17;4731;2.76;183.79;;;
37.178161;-3.118684;1199;0;1;17;4731;2.78;183.77;;;
37.178156;-3.118910;1199;0;1;18;4730;2.8;183.75;;;
37.178150;-3.119135;1200;0;1;18;4730;2.82;183.73;;;
37.178145;-3.119361;1200;0;1;18;4730;2.84;183.71;;;
37.178141;-3.119587;1200;0;1;18;4730;2.86;183.69;;;
37.178140;-3.119812;1200;0;1;19;4729;2.88;183.67;;;
37.178132;-3.120038;1201;0;1;19;4729;2.9;183.65;;;
37.178124;-3.120263;1201;0;1;19;4729;2.92;183.63;;;
37.178116;-3.120489;1201;0;2;20;4728;2.94;183.61;;;
37.178108;-3.120714;1202;0;1;20;4728;2.96;183.59;;;
37.178100;-3.120940;1202;0;1;20;4728;2.98;183.57;;;
37.178112;-3.121164;1202;0;1;20;4728;3;183.55;;;
37.178173;-3.121375;1202;0;1;21;4727;3.02;183.53;;;
37.178266;-3.121567;1203;0;1;21;4727;3.04;183.51;;;
37.178363;-3.121758;1203;0;1;21;4727;3.06;183.49;;;
37.178459;-3.121949;1203;0;1;21;4727;3.08;183.47;;;
37.178555;-3.122139;1203;0;1;22;4726;3.1;183.45;;;
37.178652;-3.122330;1203;0;1;22;4726;3.12;183.43;;;
37.178748;-3.122521;1203;0;1;22;4726;3.14;183.41;;;
37.178844;-3.122711;1204;0;1;22;4726;3.16;183.39;;;
37.178940;-3.122902;1204;0;1;22;4726;3.18;183.37;;;
37.179037;-3.123093;1204;0;1;22;4726;3.2;183.35;;;
37.179133;-3.123283;1204;0;1;22;4726;3.22;183.33;;;
37.179229;-3.123474;1204;0;1;23;4725;3.24;183.31;;;
37.179325;-3.123665;1204;0;1;23;4725;3.26;183.29;;;
37.179421;-3.123856;1205;0;1;23;4725;3.28;183.27;;;
37.179517;-3.124047;1205;0;1;23;4725;3.3;183.25;;;
37.179612;-3.124239;1205;0;1;23;4725;3.32;183.23;;;
37.179707;-3.124430;1205;0;1;24;4724;3.34;183.21;;;
37.179803;-3.124621;1205;0;1;24;4724;3.36;183.19;;;
37.179899;-3.124812;1205;0;1;24;4724;3.38;183.17;;;
37.179999;-3.125000;1206;0;1;24;4724;3.4;183.15;;;
37.180099;-3.125187;1206;0;1;24;4724;3.42;183.13;;;
37.180199;-3.125375;1206;0;1;24;4724;3.44;183.11;;;
37.180299;-3.125563;1206;0;1;24;4724;3.46;183.09;;;
37.180399;-3.125750;1206;0;1;25;4723;3.48;183.07;;;
37.180499;-3.125938;1206;0;1;25;4723;3.5;183.05;;;
37.180599;-3.126125;1206;0;1;25;4723;3.52;183.03;;;
37.180699;-3.126313;1207;0;1;25;4723;3.54;183.01;;;
37.180784;-3.126510;1207;0;1;25;4723;3.56;182.99;;;
37.180844;-3.126723;1207;0;1;25;4723;3.58;182.97;;;
37.180899;-3.126938;1207;0;1;26;4722;3.6;182.95;;;
37.180954;-3.127153;1208;0;1;26;4722;3.62;182.93;;;
37.181009;-3.127368;1208;0;1;26;4722;3.64;182.91;;;
37.181064;-3.127583;1208;0;1;26;4722;3.66;182.89;;;
37.181113;-3.127800;1208;0;1;27;4721;3.68;182.87;;;
37.181161;-3.128018;1209;0;1;27;4721;3.7;182.85;;;
37.181212;-3.128234;1209;0;2;27;4721;3.72;182.83;;;
37.181267;-3.128449;1209;0;2;28;4720;3.74;182.81;;;
37.181323;-3.128664;1210;0;2;28;4720;3.76;182.79;;;
37.181378;-3.128878;1210;0;2;28;4720;3.78;182.77;;;
37.181433;-3.129093;1210;0;2;29;4719;3.8;182.75;;;
37.181489;-3.129308;1211;0;2;29;4719;3.82;182.73;;;
37.181525;-3.129528;1211;0;2;29;4719;3.84;182.71;;;
37.181550;-3.129752;1211;0;2;30;4718;3.86;182.69;;;
37.181543;-3.129977;1212;0;2;30;4718;3.88;182.67;;;
37.181534;-3.130203;1212;0;2;30;4718;3.9;182.65;;;
37.181524;-3.130428;1212;0;2;31;4717;3.92;182.63;;;
37.181515;-3.130654;1213;0;2;31;4717;3.94;182.61;;;
37.181506;-3.130879;1213;0;2;32;4716;3.96;182.59;;;
37.181496;-3.131104;1214;0;2;32;4716;3.98;182.57;;;
37.181487;-3.131330;1214;0;2;32;4716;4;182.55;;;
37.181468;-3.131781;1215;0;2;33;4715;4.04;182.51;;;
37.181448;-3.132232;1216;0;2;34;4714;4.08;182.47;;;
37.181429;-3.132682;1217;0;3;35;4713;4.12;182.43;;;
37.181321;-3.133106;1218;0;3;36;4712;4.16;182.39;;;
37.181174;-3.133233;1218;0;3;37;4711;4.18;182.37;;;
37.181012;-3.133326;1219;0;3;38;4710;4.2;182.35;;;
37.180841;-3.133394;1220;0;3;38;4710;4.22;182.33;;;
37.180669;-3.133462;1221;0;3;39;4709;4.24;182.31;;;
37.180498;-3.133530;1221;0;3;40;4708;4.26;182.29;;;
37.180326;-3.133598;1222;0;3;40;4708;4.28;182.27;;;
37.180155;-3.133666;1223;0;3;41;4707;4.3;182.25;;;
37.179983;-3.133734;1223;0;3;42;4706;4.32;182.23;;;
37.179809;-3.133787;1224;0;3;42;4706;4.34;182.21;;;
37.179450;-3.133807;1225;0;3;44;4704;4.38;182.17;;;
37.179091;-3.133826;1227;0;4;45;4703;4.42;182.13;;;
37.178731;-3.133847;1228;0;4;47;4701;4.46;182.09;;;
37.178382;-3.133954;1231;0;5;49;4699;4.5;182.05;;;
37.178085;-3.134205;1232;0;5;51;4697;4.54;182.01;;;
37.177804;-3.134486;1234;0;4;52;4696;4.58;181.97;;;
37.177522;-3.134767;1236;0;4;54;4694;4.62;181.93;;;
37.177309;-3.135120;1237;0;4;55;4693;4.66;181.89;;;
37.177226;-3.135320;1238;0;4;56;4692;4.68;181.87;;;
37.177142;-3.135520;1238;0;4;57;4691;4.7;181.85;;;
37.177008;-3.135668;1239;0;4;57;4691;4.72;181.83;;;
37.176862;-3.135797;1240;0;4;58;4690;4.74;181.81;;;
37.176705;-3.135908;1241;0;4;59;4689;4.76;181.79;;;
37.176544;-3.136010;1241;0;4;60;4688;4.78;181.77;;;
37.176384;-3.136111;1242;0;4;61;4687;4.8;181.75;;;
37.176223;-3.136213;1243;0;3;61;4687;4.82;181.73;;;
37.176063;-3.136315;1244;0;3;62;4686;4.84;181.71;;;
37.175742;-3.136518;1245;0;3;63;4685;4.88;181.67;;;
37.175421;-3.136722;1246;0;3;64;4684;4.92;181.63;;;
37.175100;-3.136926;1247;0;3;66;4682;4.96;181.59;;;
37.174779;-3.137130;1249;0;3;67;4681;5;181.55;;;
37.174432;-3.137238;1250;0;3;68;4680;5.04;181.51;;;
37.174077;-3.137166;1251;0;3;70;4678;5.08;181.47;;;
37.173722;-3.137096;1252;0;3;71;4677;5.12;181.43;;;
37.173544;-3.137067;1253;0;3;71;4677;5.14;181.41;;;
37.173364;-3.137067;1253;0;3;72;4676;5.16;181.39;;;
37.173184;-3.137067;1254;0;3;72;4676;5.18;181.37;;;
37.173004;-3.137067;1254;0;3;73;4675;5.2;181.35;5;;
37.172825;-3.137091;1255;0;3;73;4675;5.22;181.33;;;
37.172648;-3.137130;1255;0;2;74;4674;5.24;181.31;;;
37.172524;-3.137284;1256;0;2;75;4673;5.26;181.29;;;
37.172464;-3.137497;1257;0;2;75;4673;5.28;181.27;;;
37.172412;-3.137713;1257;0;2;75;4673;5.3;181.25;;;
37.172359;-3.137929;1257;0;2;76;4672;5.32;181.23;;;
37.172296;-3.138140;1258;0;1;76;4672;5.34;181.21;;;
37.172203;-3.138328;1258;0;1;76;4672;5.36;181.19;;;
37.172051;-3.138447;1258;0;1;77;4671;5.38;181.17;;;
37.171889;-3.138544;1258;0;1;77;4671;5.4;181.15;;;
37.171724;-3.138634;1258;0;0;77;4671;5.42;181.13;;;
37.171557;-3.138718;1258;0;0;77;4671;5.44;181.11;;;
37.171391;-3.138804;1258;0;0;77;4671;5.46;181.09;;;
37.171227;-3.138896;1258;0;-1;77;4671;5.48;181.07;;;
37.171061;-3.138984;1258;0;-1;77;4671;5.5;181.05;;;
37.170900;-3.139083;1258;0;-1;77;4671;5.52;181.03;;;
37.170749;-3.139206;1258;0;-1;77;4671;5.54;181.01;;;
37.170599;-3.139330;1257;0;-1;77;4671;5.56;180.99;;;
37.170462;-3.139476;1257;0;-1;77;4671;5.58;180.97;;;
37.170324;-3.139621;1257;0;-1;77;4671;5.6;180.95;;;
37.170200;-3.139781;1257;0;-2;77;4671;5.62;180.93;;;
37.170146;-3.139992;1256;0;-2;77;4671;5.64;180.91;;;
37.170189;-3.140201;1256;0;-2;77;4671;5.66;180.89;;;
37.170313;-3.140351;1256;0;-1;77;4671;5.68;180.87;;;
37.170469;-3.140464;1255;0;-1;77;4671;5.7;180.85;;;
37.170627;-3.140569;1255;0;-1;77;4671;5.72;180.83;;;
37.170804;-3.140613;1255;0;-1;77;4671;5.74;180.81;;;
37.170980;-3.140656;1255;0;-1;77;4671;5.76;180.79;;;
37.171157;-3.140700;1255;0;-1;77;4671;5.78;180.77;;;
37.171333;-3.140744;1254;0;-1;77;4671;5.8;180.75;;;
37.171510;-3.140787;1254;0;-1;77;4671;5.82;180.73;;;
37.171686;-3.140831;1254;0;-1;77;4671;5.84;180.71;;;
37.171863;-3.140874;1254;0;-1;77;4671;5.86;180.69;;;
37.172039;-3.140918;1253;0;-1;77;4671;5.88;180.67;;;
37.172216;-3.140962;1253;0;-2;77;4671;5.9;180.65;;;
37.172391;-3.141013;1253;0;-2;77;4671;5.92;180.63;;;
37.172561;-3.141086;1252;0;-2;77;4671;5.94;180.61;;;
37.172728;-3.141167;1252;0;-2;77;4671;5.96;180.59;;;
37.172892;-3.141259;1252;0;-2;77;4671;5.98;180.57;;;
37.173039;-3.141389;1251;0;-2;77;4671;6;180.55;;;
37.173181;-3.141527;1251;0;-2;77;4671;6.02;180.53;;;
37.173313;-3.141680;1251;0;-2;77;4671;6.04;180.51;;;
37.173430;-3.141851;1250;0;-2;77;4671;6.06;180.49;;;
37.173546;-3.142024;1250;0;-2;77;4671;6.08;180.47;;;
37.173663;-3.142196;1249;0;-2;77;4671;6.1;180.45;;;
37.173775;-3.142372;1249;0;-2;77;4671;6.12;180.43;;;
37.173886;-3.142550;1249;0;-2;77;4671;6.14;180.41;;;
37.173997;-3.142727;1248;0;-2;77;4671;6.16;180.39;;;
37.174108;-3.142904;1248;0;-1;77;4671;6.18;180.37;;;
37.174220;-3.143082;1248;0;-1;77;4671;6.2;180.35;;;
37.174331;-3.143259;1247;0;-1;77;4671;6.22;180.33;;;
37.174443;-3.143436;1247;0;-1;77;4671;6.24;180.31;;;
37.174554;-3.143613;1247;0;-1;77;4671;6.26;180.29;;;
37.174665;-3.143791;1247;0;-2;77;4671;6.28;180.27;;;
37.174776;-3.143968;1246;0;-2;77;4671;6.3;180.25;;;
37.174888;-3.144146;1246;0;-2;77;4671;6.32;180.23;;;
37.174986;-3.144334;1246;0;-2;77;4671;6.34;180.21;;;
37.175071;-3.144533;1245;0;-2;77;4671;6.36;180.19;;;
37.175153;-3.144734;1245;0;-2;77;4671;6.38;180.17;;;
37.175223;-3.144941;1245;0;-2;77;4671;6.4;180.15;;;
37.175294;-3.145148;1244;0;-1;77;4671;6.42;180.13;;;
37.175366;-3.145356;1244;0;-1;77;4671;6.44;180.11;;;
37.175436;-3.145563;1244;0;-1;77;4671;6.46;180.09;;;
37.175507;-3.145771;1244;0;-1;77;4671;6.48;180.07;;;
37.175578;-3.145978;1243;0;-1;77;4671;6.5;180.05;;;
37.175648;-3.146186;1243;0;-1;77;4671;6.52;180.03;;;
37.175719;-3.146394;1243;0;-1;77;4671;6.54;180.01;;;
37.175790;-3.146601;1243;0;-1;77;4671;6.56;179.99;;;
37.175877;-3.146799;1242;0;-1;77;4671;6.58;179.97;;;
37.175967;-3.146994;1242;0;-1;77;4671;6.6;179.95;;;
37.176058;-3.147188;1242;0;-1;77;4671;6.62;179.93;;;
37.176169;-3.147365;1242;0;-1;77;4671;6.64;179.91;;;
37.176301;-3.147516;1241;0;-1;77;4671;6.66;179.89;;;
37.176447;-3.147647;1241;0;-1;77;4671;6.68;179.87;;;
37.176608;-3.147749;1241;0;-1;77;4671;6.7;179.85;;;
37.176768;-3.147851;1241;0;-1;77;4671;6.72;179.83;;;
37.176929;-3.147953;1241;0;-1;77;4671;6.74;179.81;;;
37.177089;-3.148055;1241;0;-1;77;4671;6.76;179.79;;;
37.177256;-3.148137;1240;0;-1;77;4671;6.78;179.77;;;
37.177418;-3.148235;1240;0;-1;77;4671;6.8;179.75;;;
37.177580;-3.148334;1240;0;-1;77;4671;6.82;179.73;;;
37.177742;-3.148433;1240;0;-1;77;4671;6.84;179.71;;;
37.177903;-3.148533;1240;0;0;77;4671;6.86;179.69;;;
37.178065;-3.148632;1240;0;0;77;4671;6.88;179.67;;;
37.178226;-3.148731;1240;0;0;77;4671;6.9;179.65;;;
37.178388;-3.148830;1240;0;0;77;4671;6.92;179.63;;;
37.178550;-3.148929;1240;0;0;77;4671;6.94;179.61;;;
37.178711;-3.149028;1240;0;0;77;4671;6.96;179.59;;;
37.178873;-3.149127;1240;0;0;77;4671;6.98;179.57;;;
37.179031;-3.149233;1240;0;0;77;4671;7;179.55;;;
37.179183;-3.149354;1240;0;0;77;4671;7.02;179.53;;;
37.179317;-3.149505;1240;0;0;77;4671;7.04;179.51;;;
37.179430;-3.149680;1240;0;0;77;4671;7.06;179.49;;;
37.179508;-3.149880;1240;0;0;77;4671;7.08;179.47;;;
37.179567;-3.150093;1240;0;0;77;4671;7.1;179.45;;;
37.179624;-3.150307;1240;0;0;77;4671;7.12;179.43;;;
37.179657;-3.150529;1240;0;0;77;4671;7.14;179.41;;;
37.179690;-3.150751;1240;0;0;77;4671;7.16;179.39;;;
37.179723;-3.150973;1240;0;0;77;4671;7.18;179.37;;;
37.179756;-3.151195;1240;0;0;78;4670;7.2;179.35;;;
37.179789;-3.151417;1241;0;1;78;4670;7.22;179.33;;;
37.179821;-3.151639;1241;0;1;78;4670;7.24;179.31;;;
37.179854;-3.151861;1241;0;1;78;4670;7.26;179.29;;;
37.179887;-3.152083;1241;0;1;78;4670;7.28;179.27;;;
37.179910;-3.152307;1241;0;1;78;4670;7.3;179.25;;;
37.179914;-3.152531;1241;0;1;78;4670;7.32;179.23;;;
37.179882;-3.152753;1242;0;1;79;4669;7.34;179.21;;;
37.179830;-3.152969;1242;0;1;79;4669;7.36;179.19;;;
37.179777;-3.153185;1242;0;1;79;4669;7.38;179.17;;;
37.179724;-3.153400;1242;0;1;79;4669;7.4;179.15;;;
37.179671;-3.153616;1243;0;1;80;4668;7.42;179.13;;;
37.179618;-3.153832;1243;0;1;80;4668;7.44;179.11;;;
37.179565;-3.154048;1243;0;1;80;4668;7.46;179.09;;;
37.179512;-3.154263;1243;0;2;81;4667;7.48;179.07;;;
37.179459;-3.154479;1244;0;2;81;4667;7.5;179.05;;;
37.179406;-3.154695;1244;0;2;81;4667;7.52;179.03;;;
37.179353;-3.154911;1244;0;2;82;4666;7.54;179.01;;;
37.179300;-3.155126;1245;0;2;82;4666;7.56;178.99;;;
37.179247;-3.155342;1245;0;2;82;4666;7.58;178.97;;;
37.179194;-3.155558;1245;0;2;83;4665;7.6;178.95;;;
37.179141;-3.155773;1246;0;2;83;4665;7.62;178.93;;;
37.179088;-3.155989;1246;0;2;83;4665;7.64;178.91;;;
37.179035;-3.156205;1246;0;2;84;4664;7.66;178.89;;;
37.178982;-3.156421;1247;0;2;84;4664;7.68;178.87;;;
37.178929;-3.156636;1247;0;2;84;4664;7.7;178.85;;;
37.178865;-3.156847;1248;0;2;85;4663;7.72;178.83;;;
37.178800;-3.157058;1248;0;2;85;4663;7.74;178.81;;;
37.178717;-3.157258;1249;0;2;86;4662;7.76;178.79;;;
37.178635;-3.157459;1249;0;2;86;4662;7.78;178.77;;;
37.178552;-3.157659;1249;0;2;87;4661;7.8;178.75;;;
37.178462;-3.157854;1250;0;2;87;4661;7.82;178.73;;;
37.178361;-3.158041;1250;0;2;87;4661;7.84;178.71;;;
37.178260;-3.158228;1251;0;2;88;4660;7.86;178.69;;;
37.178159;-3.158415;1251;0;2;88;4660;7.88;178.67;;;
37.178058;-3.158602;1251;0;2;88;4660;7.9;178.65;;;
37.177957;-3.158788;1251;0;2;88;4660;7.92;178.63;;;
37.177857;-3.158975;1252;0;2;89;4659;7.94;178.61;;;
37.177756;-3.159162;1252;0;2;89;4659;7.96;178.59;;;
37.177655;-3.159349;1252;0;2;89;4659;7.98;178.57;;;
37.177554;-3.159536;1253;0;1;90;4658;8;178.55;;;
37.177453;-3.159723;1253;0;1;90;4658;8.02;178.53;;;
37.177251;-3.160097;1254;0;1;91;4657;8.06;178.49;;;
37.177150;-3.160283;1254;0;1;91;4657;8.08;178.47;;;
37.177049;-3.160470;1254;0;1;91;4657;8.1;178.45;;;
37.176848;-3.160844;1254;0;1;92;4656;8.14;178.41;;;
37.176747;-3.161031;1255;0;1;92;4656;8.16;178.39;;;
37.176646;-3.161218;1255;0;1;92;4656;8.18;178.37;;;
37.176450;-3.161843;1256;0;1;93;4655;8.24;178.31;;;
37.176424;-3.162065;1256;0;1;93;4655;8.26;178.29;;;
37.176552;-3.162717;1257;0;1;94;4654;8.32;178.23;;;
37.176585;-3.162939;1257;0;1;94;4654;8.34;178.21;;;
37.176566;-3.163159;1257;0;1;94;4654;8.36;178.19;;;
37.176402;-3.163552;1257;0;0;94;4654;8.4;178.15;;;
37.176258;-3.163682;1257;0;0;94;4654;8.42;178.13;;;
37.176103;-3.163798;1257;0;0;94;4654;8.44;178.11;;;
37.175814;-3.164062;1257;0;0;94;4654;8.48;178.07;;;
37.175687;-3.164221;1257;0;0;94;4654;8.5;178.05;;;
37.175570;-3.164393;1257;0;0;94;4654;8.52;178.03;;;
37.175337;-3.164737;1257;0;0;94;4654;8.56;177.99;;;
37.175254;-3.164937;1257;0;0;94;4654;8.58;177.97;;;
37.175173;-3.165139;1257;0;0;94;4654;8.6;177.95;;;
37.175090;-3.165571;1257;0;0;94;4654;8.64;177.91;;;
37.175074;-3.165795;1257;0;0;94;4654;8.66;177.89;;;
37.175095;-3.166019;1257;0;0;95;4653;8.68;177.87;;;
37.175481;-3.166314;1257;0;0;95;4653;8.74;177.81;;;
37.175646;-3.166234;1257;0;0;95;4653;8.76;177.79;;;
37.175909;-3.165657;1257;0;-1;95;4653;8.82;177.73;;;
37.175988;-3.165455;1257;0;-1;95;4653;8.84;177.71;;;
37.176117;-3.165302;1257;0;-1;95;4653;8.86;177.69;;;
37.176442;-3.165120;1256;0;-1;95;4653;8.9;177.65;;;
37.176619;-3.165144;1256;0;-1;95;4653;8.92;177.63;;;
37.176796;-3.165181;1256;0;-2;95;4653;8.94;177.61;;;
37.177153;-3.165235;1255;0;-2;95;4653;8.98;177.57;;;
37.177328;-3.165196;1255;0;-2;95;4653;9;177.55;6;;
37.177473;-3.165065;1254;0;-2;95;4653;9.02;177.53;;;
37.177755;-3.164786;1254;0;-2;95;4653;9.06;177.49;;;
37.177918;-3.164691;1253;0;-2;95;4653;9.08;177.47;;;
37.178082;-3.164600;1253;0;-2;95;4653;9.1;177.45;;;
37.178395;-3.164379;1252;0;-1;95;4653;9.14;177.41;;;
37.178546;-3.164257;1252;0;-1;95;4653;9.16;177.39;;;
37.178698;-3.164136;1252;0;-1;95;4653;9.18;177.37;;;
37.179152;-3.163769;1251;0;-1;95;4653;9.24;177.31;;;
37.179303;-3.163648;1251;0;-2;95;4653;9.26;177.29;;;
37.179788;-3.163368;1250;0;-2;95;4653;9.32;177.23;;;
37.179961;-3.163306;1249;0;-2;95;4653;9.34;177.21;;;
37.180134;-3.163244;1249;0;-2;95;4653;9.36;177.19;;;
37.180480;-3.163118;1248;0;-2;95;4653;9.4;177.15;;;
37.180645;-3.163033;1248;0;-2;95;4653;9.42;177.13;;;
37.180807;-3.162933;1248;0;-2;95;4653;9.44;177.11;;;
37.181125;-3.162725;1247;0;-2;95;4653;9.48;177.07;;;
37.181255;-3.162569;1247;0;-2;95;4653;9.5;177.05;;;
37.181386;-3.162414;1246;0;-3;95;4653;9.52;177.03;;;
37.181706;-3.162224;1245;0;-3;95;4653;9.56;176.99;;;
37.181869;-3.162128;1244;0;-3;95;4653;9.58;176.97;;;
37.182031;-3.162030;1243;0;-3;95;4653;9.6;176.95;;;
37.182340;-3.161799;1242;0;-4;95;4653;9.64;176.91;;;
37.182494;-3.161682;1241;0;-3;95;4653;9.66;176.89;;;
37.182647;-3.161565;1241;0;-3;95;4653;9.68;176.87;;;
37.183111;-3.161219;1239;0;-3;95;4653;9.74;176.81;;;
37.183280;-3.161146;1238;0;-3;95;4653;9.76;176.79;;;
37.183804;-3.160983;1237;0;-3;95;4653;9.82;176.73;;;
37.183979;-3.160934;1236;0;-3;95;4653;9.84;176.71;;;
37.184155;-3.160884;1235;0;-4;95;4653;9.86;176.69;;;
37.184506;-3.160784;1234;0;-3;95;4653;9.9;176.65;;;
37.184672;-3.160698;1233;0;-3;95;4653;9.92;176.63;;;
37.184809;-3.160557;1233;0;-2;95;4653;9.94;176.61;;;
37.185052;-3.160224;1232;0;-3;95;4653;9.98;176.57;;;
37.185172;-3.160055;1231;0;-3;95;4653;10;176.55;;;
37.185291;-3.159887;1231;0;-3;95;4653;10.02;176.53;;;
37.185530;-3.159549;1229;0;-3;95;4653;10.06;176.49;;;
37.185652;-3.159383;1229;0;-3;95;4653;10.08;176.47;;;
37.185773;-3.159216;1228;0;-4;95;4653;10.1;176.45;;;
37.186016;-3.158883;1227;0;-3;95;4653;10.14;176.41;;;
37.186137;-3.158716;1226;0;-3;95;4653;10.16;176.39;;;
37.186259;-3.158550;1225;0;-3;95;4653;10.18;176.37;;;
37.186641;-3.158076;1223;0;-3;95;4653;10.24;176.31;;;
37.186794;-3.157957;1223;0;-3;95;4653;10.26;176.29;;;
37.186952;-3.157849;1222;0;-4;95;4653;10.28;176.27;;;
37.187109;-3.157740;1221;0;-4;95;4653;10.3;176.25;;;
37.187267;-3.157632;1221;0;-4;95;4653;10.32;176.23;;;
37.187425;-3.157525;1220;0;-4;95;4653;10.34;176.21;;;
37.187583;-3.157416;1219;0;-4;95;4653;10.36;176.19;;;
37.187750;-3.157334;1218;0;-4;95;4653;10.38;176.17;;;
37.187919;-3.157257;1217;0;-4;95;4653;10.4;176.15;;;
37.188088;-3.157179;1216;0;-4;95;4653;10.42;176.13;;;
37.188257;-3.157101;1216;0;-3;95;4653;10.44;176.11;;;
37.188426;-3.157024;1215;0;-3;95;4653;10.46;176.09;;;
37.188595;-3.156947;1215;0;-3;95;4653;10.48;176.07;;;
37.188764;-3.156869;1214;0;-3;95;4653;10.5;176.05;;;
37.188933;-3.156792;1214;0;-3;95;4653;10.52;176.03;;;
37.189102;-3.156714;1213;0;-3;95;4653;10.54;176.01;;;
37.189271;-3.156637;1213;0;-3;95;4653;10.56;175.99;;;
37.189440;-3.156560;1212;0;-3;95;4653;10.58;175.97;;;
37.189608;-3.156482;1212;0;-4;95;4653;10.6;175.95;;;
37.189772;-3.156389;1211;0;-4;95;4653;10.62;175.93;;;
37.189930;-3.156282;1210;0;-4;95;4653;10.64;175.91;;;
37.190083;-3.156162;1209;0;-4;95;4653;10.66;175.89;;;
37.190235;-3.156042;1208;0;-4;95;4653;10.68;175.87;;;
37.190387;-3.155922;1207;0;-4;95;4653;10.7;175.85;;;
37.190539;-3.155801;1206;0;-4;95;4653;10.72;175.83;;;
37.190692;-3.155681;1206;0;-4;95;4653;10.74;175.81;;;
37.190844;-3.155561;1205;0;-4;95;4653;10.76;175.79;;;
37.190996;-3.155441;1204;0;-4;95;4653;10.78;175.77;;;
37.191149;-3.155321;1203;0;-4;95;4653;10.8;175.75;;;
37.191301;-3.155200;1202;0;-4;95;4653;10.82;175.73;;;
37.191453;-3.155080;1202;0;-4;95;4653;10.84;175.71;;;
37.191606;-3.154960;1201;0;-4;95;4653;10.86;175.69;;;
37.191758;-3.154840;1200;0;-4;95;4653;10.88;175.67;;;
37.191910;-3.154720;1199;0;-4;95;4653;10.9;175.65;;;
37.192062;-3.154599;1198;0;-4;95;4653;10.92;175.63;;;
37.192217;-3.154485;1197;0;-4;95;4653;10.94;175.61;;;
37.192373;-3.154372;1196;0;-4;95;4653;10.96;175.59;;;
37.192529;-3.154259;1196;0;-4;95;4653;10.98;175.57;;;
37.192691;-3.154162;1195;0;-3;95;4653;11;175.55;;;
37.192855;-3.154069;1195;0;-3;95;4653;11.02;175.53;;;
37.193019;-3.153977;1194;0;-3;95;4653;11.04;175.51;;;
37.193182;-3.153882;1193;0;-4;95;4653;11.06;175.49;;;
37.193348;-3.153795;1192;0;-4;95;4653;11.08;175.47;;;
37.193516;-3.153713;1192;0;-4;95;4653;11.1;175.45;;;
37.193684;-3.153632;1191;0;-4;95;4653;11.12;175.43;;;
37.193851;-3.153550;1190;0;-4;95;4653;11.14;175.41;;;
37.194019;-3.153471;1189;0;-3;95;4653;11.16;175.39;;;
37.194187;-3.153389;1188;0;-3;95;4653;11.18;175.37;;;
37.194355;-3.153307;1188;0;-3;95;4653;11.2;175.35;;;
37.194523;-3.153226;1187;0;-3;95;4653;11.22;175.33;;;
37.194690;-3.153145;1187;0;-3;95;4653;11.24;175.31;;;
37.194858;-3.153063;1186;0;-3;95;4653;11.26;175.29;;;
37.195027;-3.152984;1186;0;-3;95;4653;11.28;175.27;;;
37.195195;-3.152905;1185;0;-3;95;4653;11.3;175.25;;;
37.195364;-3.152827;1184;0;-3;95;4653;11.32;175.23;;;
37.195533;-3.152749;1184;0;-3;95;4653;11.34;175.21;;;
37.195701;-3.152670;1183;0;-3;95;4653;11.36;175.19;;;
37.195870;-3.152592;1183;0;-2;95;4653;11.38;175.17;;;
37.196039;-3.152514;1182;0;-2;95;4653;11.4;175.15;;;
37.196207;-3.152435;1182;0;-2;95;4653;11.42;175.13;;;
37.196379;-3.152368;1182;0;-2;95;4653;11.44;175.11;;;
37.196554;-3.152320;1181;0;-2;95;4653;11.46;175.09;;;
37.196733;-3.152299;1181;0;-2;95;4653;11.48;175.07;;;
37.196912;-3.152324;1181;0;-2;95;4653;11.5;175.05;;;
37.197087;-3.152366;1180;0;-2;95;4653;11.52;175.03;;;
37.197249;-3.152464;1180;0;-2;95;4653;11.54;175.01;;;
37.197398;-3.152588;1180;0;-2;95;4653;11.56;174.99;;;
37.197537;-3.152730;1179;0;-2;95;4653;11.58;174.97;;;
37.197655;-3.152901;1179;0;-2;95;4653;11.6;174.95;;;
37.197773;-3.153072;1178;0;-2;95;4653;11.62;174.93;;;
37.197888;-3.153245;1178;0;-1;95;4653;11.64;174.91;;;
37.198002;-3.153420;1178;0;-1;95;4653;11.66;174.89;;;
37.198116;-3.153595;1178;0;-1;95;4653;11.68;174.87;;;
37.198230;-3.153769;1178;0;-1;95;4653;11.7;174.85;;;
37.198344;-3.153944;1177;0;-1;95;4653;11.72;174.83;;;
37.198461;-3.154115;1177;0;0;95;4653;11.74;174.81;;;
37.198592;-3.154269;1177;0;0;95;4653;11.76;174.79;;;
37.198735;-3.154405;1177;0;0;95;4653;11.78;174.77;;;
37.198879;-3.154541;1177;0;0;95;4653;11.8;174.75;;;
37.199037;-3.154646;1177;0;0;95;4653;11.82;174.73;;;
37.199201;-3.154740;1177;0;0;95;4653;11.84;174.71;;;
37.199366;-3.154830;1177;0;0;95;4653;11.86;174.69;;;
37.199537;-3.154900;1177;0;0;95;4653;11.88;174.67;;;
37.199715;-3.154931;1177;0;0;95;4653;11.9;174.65;;;
37.199894;-3.154952;1177;0;0;95;4653;11.92;174.63;;;
37.200073;-3.154961;1177;0;0;95;4653;11.94;174.61;;;
37.200253;-3.154969;1177;0;0;95;4653;11.96;174.59;;;
37.200433;-3.154978;1177;0;0;95;4653;11.98;174.57;;;
37.200613;-3.154977;1177;0;0;95;4653;12;174.55;;;
37.200792;-3.154976;1177;0;0;95;4653;12.02;174.53;;;
37.200972;-3.154974;1177;0;0;95;4653;12.04;174.51;;;
37.201152;-3.154973;1177;0;0;95;4653;12.06;174.49;;;
37.201332;-3.154971;1177;0;0;95;4653;12.08;174.47;;;
37.201512;-3.154969;1177;0;0;95;4653;12.1;174.45;;;
37.201692;-3.154965;1177;0;0;95;4653;12.12;174.43;;;
37.201871;-3.154953;1177;0;0;95;4653;12.14;174.41;;;
37.202051;-3.154941;1178;0;0;95;4653;12.16;174.39;;;
37.202231;-3.154929;1178;0;0;95;4653;12.18;174.37;;;
37.202410;-3.154917;1178;0;0;95;4653;12.2;174.35;;;
37.202590;-3.154905;1178;0;0;95;4653;12.22;174.33;;;
37.202769;-3.154892;1178;0;0;95;4653;12.24;174.31;;;
37.202949;-3.154879;1178;0;0;95;4653;12.26;174.29;;;
37.203128;-3.154856;1178;0;0;95;4653;12.28;174.27;;;
37.203306;-3.154829;1178;0;0;95;4653;12.3;174.25;;;
37.203485;-3.154804;1178;0;0;95;4653;12.32;174.23;;;
37.203664;-3.154778;1178;0;0;95;4653;12.34;174.21;;;
37.203842;-3.154752;1178;0;0;95;4653;12.36;174.19;;;
37.204021;-3.154726;1178;0;0;95;4653;12.38;174.17;;;
37.204200;-3.154700;1178;0;0;95;4653;12.4;174.15;;;
37.204378;-3.154667;1178;0;0;95;4653;12.42;174.13;;;
37.204555;-3.154629;1177;0;-1;95;4653;12.44;174.11;;;
37.204732;-3.154593;1177;0;-1;95;4653;12.46;174.09;;;
37.204910;-3.154554;1177;0;-1;95;4653;12.48;174.07;;;
37.205087;-3.154517;1177;0;-1;95;4653;12.5;174.05;;;
37.205264;-3.154478;1177;0;-1;95;4653;12.52;174.03;;;
37.205441;-3.154435;1176;0;-1;95;4653;12.54;174.01;;;
37.205617;-3.154387;1176;0;-1;95;4653;12.56;173.99;;;
37.205792;-3.154339;1176;0;-1;95;4653;12.58;173.97;;;
37.205968;-3.154289;1176;0;-1;95;4653;12.6;173.95;;;
37.206143;-3.154241;1175;0;-1;95;4653;12.62;173.93;;;
37.206319;-3.154191;1175;0;-2;95;4653;12.64;173.91;;;
37.206494;-3.154141;1175;0;-2;95;4653;12.66;173.89;;;
37.206669;-3.154088;1175;0;-2;95;4653;12.68;173.87;;;
37.206843;-3.154030;1174;0;-2;95;4653;12.7;173.85;;;
37.207017;-3.153972;1174;0;-2;95;4653;12.72;173.83;;;
37.207190;-3.153913;1173;0;-2;95;4653;12.74;173.81;;;
37.207364;-3.153855;1173;0;-2;95;4653;12.76;173.79;;;
37.207538;-3.153797;1173;0;-2;95;4653;12.78;173.77;;;
37.207712;-3.153739;1172;0;-3;95;4653;12.8;173.75;;;
37.207886;-3.153680;1172;0;-3;95;4653;12.82;173.73;;;
37.208059;-3.153622;1172;0;-3;95;4653;12.84;173.71;;;
37.208233;-3.153563;1171;0;-3;95;4653;12.86;173.69;;;
37.208407;-3.153508;1170;0;-3;95;4653;12.88;173.67;;;
37.208581;-3.153451;1169;0;-3;95;4653;12.9;173.65;;;
37.208755;-3.153395;1169;0;-3;95;4653;12.92;173.63;;;
37.208929;-3.153339;1168;0;-3;95;4653;12.94;173.61;;;
37.209103;-3.153283;1168;0;-2;95;4653;12.96;173.59;;;
37.209278;-3.153227;1167;0;-2;95;4653;12.98;173.57;;;
37.209452;-3.153171;1167;0;-2;95;4653;13;173.55;;;
37.209626;-3.153114;1167;0;-2;95;4653;13.02;173.53;;;
37.209800;-3.153058;1166;0;-2;95;4653;13.04;173.51;;;
37.209975;-3.153003;1165;0;-2;95;4653;13.06;173.49;;;
37.210149;-3.152946;1165;0;-2;95;4653;13.08;173.47;;;
37.210323;-3.152889;1165;0;-3;95;4653;13.1;173.45;;;
37.210497;-3.152833;1164;0;-3;95;4653;13.12;173.43;;;
37.210671;-3.152777;1164;0;-2;95;4653;13.14;173.41;;;
37.210846;-3.152721;1163;0;-2;95;4653;13.16;173.39;;;
37.211020;-3.152665;1162;0;-2;95;4653;13.18;173.37;;;
37.211194;-3.152609;1162;0;-2;95;4653;13.2;173.35;;;
37.211368;-3.152553;1162;0;-2;95;4653;13.22;173.33;;;
37.211542;-3.152496;1161;0;-2;95;4653;13.24;173.31;;;
37.211717;-3.152441;1161;0;-2;95;4653;13.26;173.29;;;
37.211891;-3.152384;1160;0;-3;95;4653;13.28;173.27;;;
37.212065;-3.152328;1160;0;-3;95;4653;13.3;173.25;;;
37.212239;-3.152271;1159;0;-3;95;4653;13.32;173.23;;;
37.212414;-3.152216;1159;0;-2;95;4653;13.34;173.21;;;
37.212588;-3.152159;1158;0;-2;95;4653;13.36;173.19;;;
37.212762;-3.152103;1158;0;-3;95;4653;13.38;173.17;;;
37.212936;-3.152047;1157;0;-3;95;4653;13.4;173.15;;;
37.213110;-3.151991;1157;0;-3;95;4653;13.42;173.13;;;
37.213285;-3.151935;1156;0;-3;95;4653;13.44;173.11;;;
37.213459;-3.151878;1155;0;-3;95;4653;13.46;173.09;;;
37.213633;-3.151823;1155;0;-3;95;4653;13.48;173.07;;;
37.213807;-3.151767;1154;0;-3;95;4653;13.5;173.05;;;
37.213982;-3.151712;1153;0;-3;95;4653;13.52;173.03;;;
37.214156;-3.151656;1153;0;-3;95;4653;13.54;173.01;;;
37.214330;-3.151600;1152;0;-3;95;4653;13.56;172.99;;;
37.214505;-3.151545;1152;0;-3;95;4653;13.58;172.97;;;
37.214679;-3.151489;1151;0;-3;95;4653;13.6;172.95;;;
37.214853;-3.151433;1151;0;-3;95;4653;13.62;172.93;;;
37.215028;-3.151380;1150;0;-3;95;4653;13.64;172.91;;;
37.215203;-3.151326;1149;0;-3;95;4653;13.66;172.89;;;
37.215377;-3.151272;1149;0;-3;95;4653;13.68;172.87;;;
37.215552;-3.151218;1149;0;-2;95;4653;13.7;172.85;;;
37.215726;-3.151163;1148;0;-2;95;4653;13.72;172.83;;;
37.215901;-3.151106;1147;0;-2;95;4653;13.74;172.81;;;
37.216075;-3.151049;1147;0;-2;95;4653;13.76;172.79;;;
37.216249;-3.150992;1147;0;-2;95;4653;13.78;172.77;;;
37.216423;-3.150936;1146;0;-2;95;4653;13.8;172.75;;;
37.216597;-3.150879;1146;0;-2;95;4653;13.82;172.73;;;
37.216771;-3.150822;1146;0;-1;95;4653;13.84;172.71;;;
37.216945;-3.150765;1145;0;-2;95;4653;13.86;172.69;;;
37.217119;-3.150709;1145;0;-2;95;4653;13.88;172.67;;;
37.217293;-3.150652;1145;0;-2;95;4653;13.9;172.65;;;
37.217467;-3.150595;1145;0;-2;95;4653;13.92;172.63;;;
37.217641;-3.150539;1144;0;-2;95;4653;13.94;172.61;;;
37.217816;-3.150482;1143;0;-2;95;4653;13.96;172.59;;;
37.217990;-3.150425;1143;0;-2;95;4653;13.98;172.57;;;
37.218164;-3.150368;1143;0;-2;95;4653;14;172.55;;;
37.218338;-3.150311;1143;0;-1;95;4653;14.02;172.53;;;
37.218512;-3.150254;1142;0;-1;95;4653;14.04;172.51;;;
37.218686;-3.150198;1142;0;-1;95;4653;14.06;172.49;;;
37.218860;-3.150141;1142;0;-1;95;4653;14.08;172.47;;;
37.219034;-3.150084;1142;0;-1;95;4653;14.1;172.45;;;
37.219208;-3.150027;1141;0;-1;95;4653;14.12;172.43;;;
37.219382;-3.149970;1141;0;-2;95;4653;14.14;172.41;;;
37.219556;-3.149913;1141;0;-2;95;4653;14.16;172.39;;;
37.219730;-3.149856;1140;0;-2;95;4653;14.18;172.37;;;
37.219904;-3.149800;1140;0;-2;95;4653;14.2;172.35;;;
37.220079;-3.149745;1140;0;-2;95;4653;14.22;172.33;;;
37.220253;-3.149689;1139;0;-2;95;4653;14.24;172.31;;;
37.220428;-3.149634;1139;0;-2;95;4653;14.26;172.29;;;
37.220602;-3.149578;1138;0;-2;95;4653;14.28;172.27;;;
37.220776;-3.149523;1138;0;-2;95;4653;14.3;172.25;;;
37.220951;-3.149468;1137;0;-2;95;4653;14.32;172.23;;;
37.221125;-3.149412;1137;0;-2;95;4653;14.34;172.21;;;
37.221299;-3.149357;1136;0;-2;95;4653;14.36;172.19;;;
37.221474;-3.149301;1136;0;-2;95;4653;14.38;172.17;;;
37.221648;-3.149245;1136;0;-2;95;4653;14.4;172.15;;;
37.221822;-3.149190;1135;0;-2;95;4653;14.42;172.13;;;
37.221997;-3.149135;1135;0;-2;95;4653;14.44;172.11;;;
37.222171;-3.149080;1134;0;-2;95;4653;14.46;172.09;;;
37.222346;-3.149024;1134;0;-2;95;4653;14.48;172.07;;;
37.222520;-3.148969;1134;0;-2;95;4653;14.5;172.05;;;
37.222694;-3.148913;1133;0;-2;95;4653;14.52;172.03;;;
37.222868;-3.148855;1133;0;-2;95;4653;14.54;172.01;;;
37.223042;-3.148795;1132;0;-2;95;4653;14.56;171.99;;;
37.223215;-3.148736;1132;0;-2;95;4653;14.58;171.97;;;
37.223389;-3.148678;1131;0;-2;95;4653;14.6;171.95;;;
37.223563;-3.148619;1131;0;-2;95;4653;14.62;171.93;;;
37.223736;-3.148560;1131;0;-2;95;4653;14.64;171.91;;;
37.223910;-3.148501;1130;0;-2;95;4653;14.66;171.89;;;
37.224084;-3.148443;1130;0;-2;95;4653;14.68;171.87;;;
37.224257;-3.148381;1130;0;-3;95;4653;14.7;171.85;;;
37.224427;-3.148308;1129;0;-3;95;4653;14.72;171.83;;;
37.224538;-3.148139;1129;0;-3;95;4653;14.74;171.81;;;
37.224690;-3.148042;1128;0;-3;95;4653;14.76;171.79;;;
37.224859;-3.148108;1127;0;-3;95;4653;14.78;171.77;;;
37.225034;-3.148122;1126;0;-4;95;4653;14.8;171.75;;;
37.225212;-3.148084;1126;0;-3;95;4653;14.82;171.73;;;
37.225386;-3.148029;1125;0;-3;95;4653;14.84;171.71;;;
37.225561;-3.147974;1124;0;-3;95;4653;14.86;171.69;;;
37.225735;-3.147920;1124;0;-3;95;4653;14.88;171.67;;;
37.225910;-3.147865;1123;0;-3;95;4653;14.9;171.65;;;
37.226084;-3.147810;1123;0;-3;95;4653;14.92;171.63;;;
37.226259;-3.147756;1122;0;-3;95;4653;14.94;171.61;;;
37.226433;-3.147700;1122;0;-2;95;4653;14.96;171.59;;;
37.226608;-3.147646;1121;0;-2;95;4653;14.98;171.57;;;
37.226782;-3.147591;1121;0;-2;95;4653;15;171.55;;;
37.226956;-3.147536;1120;0;-2;95;4653;15.02;171.53;;;
37.227131;-3.147481;1120;0;-2;95;4653;15.04;171.51;;;
37.227305;-3.147425;1119;0;-2;95;4653;15.06;171.49;;;
37.227480;-3.147371;1119;0;-3;95;4653;15.08;171.47;;;
37.227654;-3.147316;1118;0;-3;95;4653;15.1;171.45;;;
37.227829;-3.147262;1118;0;-3;95;4653;15.12;171.43;;;
37.228003;-3.147206;1117;0;-3;95;4653;15.14;171.41;;;
37.228177;-3.147149;1117;0;-2;95;4653;15.16;171.39;;;
37.228351;-3.147090;1116;0;-2;95;4653;15.18;171.37;;;
37.228525;-3.147033;1116;0;-2;95;4653;15.2;171.35;;;
37.228699;-3.146975;1115;0;-2;95;4653;15.22;171.33;;;
37.228872;-3.146916;1115;0;-2;95;4653;15.24;171.31;;;
37.229046;-3.146859;1115;0;-2;95;4653;15.26;171.29;;;
37.229220;-3.146800;1114;0;-2;95;4653;15.28;171.27;;;
37.229394;-3.146743;1114;0;-2;95;4653;15.3;171.25;;;
37.229568;-3.146684;1113;0;-2;95;4653;15.32;171.23;;;
37.229741;-3.146625;1113;0;-2;95;4653;15.34;171.21;;;
37.229915;-3.146568;1113;0;-2;95;4653;15.36;171.19;;;
37.230089;-3.146510;1112;0;-2;95;4653;15.38;171.17;;;
37.230263;-3.146450;1112;0;-2;95;4653;15.4;171.15;;;
37.230437;-3.146394;1111;0;-2;95;4653;15.42;171.13;;;
37.230612;-3.146341;1111;0;-2;95;4653;15.44;171.11;;;
37.230786;-3.146286;1110;0;-2;95;4653;15.46;171.09;;;
37.230961;-3.146232;1110;0;-1;95;4653;15.48;171.07;;;
37.231135;-3.146178;1110;0;-1;95;4653;15.5;171.05;;;
37.231310;-3.146124;1110;0;-1;95;4653;15.52;171.03;;;
37.231485;-3.146070;1110;0;-1;95;4653;15.54;171.01;;;
37.231659;-3.146016;1109;0;-1;95;4653;15.56;170.99;;;
37.231834;-3.145962;1109;0;-1;95;4653;15.58;170.97;;;
37.232009;-3.145908;1109;0;-1;95;4653;15.6;170.95;;;
37.232183;-3.145854;1109;0;-1;95;4653;15.62;170.93;;;
37.232358;-3.145799;1108;0;-2;95;4653;15.64;170.91;;;
37.232533;-3.145746;1108;0;-2;95;4653;15.66;170.89;;;
37.232707;-3.145693;1108;0;-2;95;4653;15.68;170.87;;;
37.232882;-3.145638;1107;0;-2;95;4653;15.7;170.85;;;
37.233056;-3.145583;1107;0;-2;95;4653;15.72;170.83;;;
37.233231;-3.145527;1106;0;-2;95;4653;15.74;170.81;;;
37.233405;-3.145471;1106;0;-2;95;4653;15.76;170.79;;;
37.233579;-3.145414;1106;0;-2;95;4653;15.78;170.77;;;
37.233753;-3.145357;1106;0;-1;95;4653;15.8;170.75;;;
37.233927;-3.145301;1105;0;-1;95;4653;15.82;170.73;;;
37.234101;-3.145245;1105;0;-1;95;4653;15.84;170.71;;;
37.234276;-3.145188;1105;0;-1;95;4653;15.86;170.69;;;
37.234450;-3.145132;1104;0;-1;95;4653;15.88;170.67;;;
37.234624;-3.145076;1104;0;-1;95;4653;15.9;170.65;;;
37.234798;-3.145020;1104;0;-1;95;4653;15.92;170.63;;;
37.234972;-3.144964;1104;0;-1;95;4653;15.94;170.61;;;
37.235147;-3.144907;1103;0;-1;95;4653;15.96;170.59;;;
37.235321;-3.144851;1103;0;-1;95;4653;15.98;170.57;;;
37.235495;-3.144795;1103;0;-1;95;4653;16;170.55;;;
37.235669;-3.144738;1103;0;-1;95;4653;16.02;170.53;;;
37.235843;-3.144682;1102;0;-1;95;4653;16.04;170.51;;;
37.236540;-3.144456;1101;0;-1;95;4653;16.12;170.43;;;
37.236714;-3.144400;1101;0;-1;95;4653;16.14;170.41;;;
37.236889;-3.144344;1101;0;-1;95;4653;16.16;170.39;;;
37.237063;-3.144288;1101;0;-1;95;4653;16.18;170.37;;;
37.237237;-3.144231;1100;0;-1;95;4653;16.2;170.35;;;
37.237411;-3.144174;1100;0;-1;95;4653;16.22;170.33;;;
37.237934;-3.144006;1099;0;-1;95;4653;16.28;170.27;;;
37.238108;-3.143950;1099;0;-1;95;4653;16.3;170.25;;;
37.238282;-3.143893;1099;0;-1;95;4653;16.32;170.23;;;
37.238456;-3.143837;1099;0;-1;95;4653;16.34;170.21;;;
37.238630;-3.143781;1099;0;-1;95;4653;16.36;170.19;;;
37.238804;-3.143724;1098;0;-1;95;4653;16.38;170.17;;;
37.239501;-3.143499;1097;0;-1;95;4653;16.46;170.09;;;
37.239675;-3.143443;1097;0;-1;95;4653;16.48;170.07;;;
37.239849;-3.143386;1097;0;-1;95;4653;16.5;170.05;;;
37.240024;-3.143329;1097;0;-1;95;4653;16.52;170.03;;;
37.240198;-3.143273;1096;0;-1;95;4653;16.54;170.01;;;
37.240895;-3.143048;1095;0;-1;95;4653;16.62;169.93;;;
37.241069;-3.142991;1095;0;-1;95;4653;16.64;169.91;;;
37.241243;-3.142935;1095;0;-1;95;4653;16.66;169.89;;;
37.241417;-3.142880;1095;0;-1;95;4653;16.68;169.87;;;
37.241591;-3.142823;1094;0;-1;95;4653;16.7;169.85;;;
37.241766;-3.142767;1094;0;-1;95;4653;16.72;169.83;;;
37.242288;-3.142598;1094;0;-1;95;4653;16.78;169.77;;;
37.242462;-3.142541;1093;0;-1;95;4653;16.8;169.75;;;
37.242636;-3.142485;1093;0;-1;95;4653;16.82;169.73;;;
37.242811;-3.142429;1093;0;-1;95;4653;16.84;169.71;;;
37.242985;-3.142372;1093;0;-1;95;4653;16.86;169.69;;;
37.243159;-3.142316;1093;0;-1;95;4653;16.88;169.67;;;
37.243856;-3.142090;1091;0;-1;95;4653;16.96;169.59;;;
37.244030;-3.142034;1091;0;-1;95;4653;16.98;169.57;;;
37.244204;-3.141978;1091;0;-1;95;4653;17;169.55;;;
37.244378;-3.141922;1091;0;-1;95;4653;17.02;169.53;;;
37.244552;-3.141865;1090;0;-1;95;4653;17.04;169.51;;;
37.245249;-3.141640;1089;0;-1;95;4653;17.12;169.43;;;
37.245423;-3.141584;1089;0;-1;95;4653;17.14;169.41;;;
37.245598;-3.141527;1089;0;-1;95;4653;17.16;169.39;;;
37.245772;-3.141471;1088;0;-2;95;4653;17.18;169.37;;;
37.245946;-3.141414;1088;0;-2;95;4653;17.2;169.35;;;
37.246120;-3.141358;1088;0;-1;95;4653;17.22;169.33;;;
37.246643;-3.141189;1087;0;-2;95;4653;17.28;169.27;;;
37.246817;-3.141133;1087;0;-2;95;4653;17.3;169.25;;;
37.246991;-3.141076;1087;0;-1;95;4653;17.32;169.23;;;
37.247165;-3.141020;1086;0;-1;95;4653;17.34;169.21;;;
37.247339;-3.140963;1086;0;-1;95;4653;17.36;169.19;;;
37.247514;-3.140907;1085;0;-2;95;4653;17.38;169.17;;;
37.248210;-3.140682;1084;0;-1;95;4653;17.46;169.09;;;
37.248385;-3.140626;1084;0;-2;95;4653;17.48;169.07;;;
37.248559;-3.140570;1084;0;-2;95;4653;17.5;169.05;;;
37.248733;-3.140513;1083;0;-2;95;4653;17.52;169.03;;;
37.248907;-3.140457;1083;0;-2;95;4653;17.54;169.01;;;
37.249604;-3.140231;1082;0;-2;95;4653;17.62;168.93;;;
37.249778;-3.140175;1082;0;-2;95;4653;17.64;168.91;;;
37.249952;-3.140120;1081;0;-1;95;4653;17.66;168.89;;;
37.250126;-3.140063;1081;0;-1;95;4653;17.68;168.87;;;
37.250301;-3.140006;1080;0;-2;95;4653;17.7;168.85;;;
37.250475;-3.139950;1080;0;-2;95;4653;17.72;168.83;;;
37.250997;-3.139781;1079;0;-2;95;4653;17.78;168.77;;;
37.251172;-3.139725;1079;0;-2;95;4653;17.8;168.75;;;
37.251346;-3.139668;1079;0;-2;95;4653;17.82;168.73;;;
37.251520;-3.139612;1078;0;-1;95;4653;17.84;168.71;;;
37.251694;-3.139555;1078;0;-1;95;4653;17.86;168.69;;;
37.251868;-3.139499;1078;0;-1;95;4653;17.88;168.67;;;
37.252565;-3.139274;1077;0;-1;95;4653;17.96;168.59;;;
37.252739;-3.139218;1076;0;-1;95;4653;17.98;168.57;;;
37.252913;-3.139161;1076;0;-1;95;4653;18;168.55;;;
37.253087;-3.139105;1076;0;-2;95;4653;18.02;168.53;;;
37.253262;-3.139048;1076;0;-1;95;4653;18.04;168.51;;;
37.253958;-3.138823;1074;0;-1;95;4653;18.12;168.43;;;
37.254133;-3.138767;1074;0;-1;95;4653;18.14;168.41;;;
37.254307;-3.138710;1074;0;-1;95;4653;18.16;168.39;;;
37.254481;-3.138655;1074;0;-1;95;4653;18.18;168.37;;;
37.254655;-3.138598;1073;0;-1;95;4653;18.2;168.35;;;
37.254829;-3.138541;1073;0;-1;95;4653;18.22;168.33;;;
37.255352;-3.138375;1072;0;-1;95;4653;18.28;168.27;;;
37.255527;-3.138319;1072;0;-1;95;4653;18.3;168.25;;;
37.255701;-3.138263;1072;0;-1;95;4653;18.32;168.23;;;
37.255875;-3.138208;1072;0;-1;95;4653;18.34;168.21;;;
37.256050;-3.138153;1071;0;-1;95;4653;18.36;168.19;;;
37.256224;-3.138097;1071;0;-1;95;4653;18.38;168.17;;;
37.256921;-3.137874;1070;0;-1;95;4653;18.46;168.09;;;
37.257096;-3.137819;1070;0;-1;95;4653;18.48;168.07;;;
37.257270;-3.137763;1070;0;-1;95;4653;18.5;168.05;;;
37.257445;-3.137708;1070;0;-1;95;4653;18.52;168.03;;;
37.257619;-3.137652;1070;0;-1;95;4653;18.54;168.01;;;
37.258316;-3.137431;1070;0;0;95;4653;18.62;167.93;;;
37.258490;-3.137374;1070;0;0;95;4653;18.64;167.91;;;
37.258665;-3.137318;1070;0;0;95;4653;18.66;167.89;;;
37.258839;-3.137262;1070;0;0;95;4653;18.68;167.87;;;
37.259013;-3.137206;1070;0;0;95;4653;18.7;167.85;;;
37.259187;-3.137149;1070;0;0;95;4653;18.72;167.83;;;
37.259710;-3.136981;1070;0;0;95;4653;18.78;167.77;;;
37.259884;-3.136924;1070;0;0;95;4653;18.8;167.75;;;
37.260058;-3.136868;1070;0;0;95;4653;18.82;167.73;;;
37.260232;-3.136811;1070;0;0;95;4653;18.84;167.71;;;
37.260407;-3.136755;1070;0;0;95;4653;18.86;167.69;;;
37.260581;-3.136698;1070;0;0;95;4653;18.88;167.67;;;
37.261277;-3.136472;1070;0;0;96;4652;18.96;167.59;;;
37.261451;-3.136416;1070;0;0;96;4652;18.98;167.57;;;
37.261626;-3.136359;1070;0;0;96;4652;19;167.55;;;
37.261800;-3.136303;1070;0;0;96;4652;19.02;167.53;;;
37.261974;-3.136247;1070;0;0;96;4652;19.04;167.51;;;
37.262671;-3.136020;1070;0;0;96;4652;19.12;167.43;;;
37.262845;-3.135964;1071;0;0;96;4652;19.14;167.41;;;
37.263019;-3.135907;1071;0;0;97;4651;19.16;167.39;;;
37.263193;-3.135851;1071;0;0;97;4651;19.18;167.37;;;
37.263367;-3.135795;1071;0;0;97;4651;19.2;167.35;;;
37.263541;-3.135738;1071;0;1;97;4651;19.22;167.33;;;
37.264064;-3.135569;1071;0;0;97;4651;19.28;167.27;;;
37.264238;-3.135512;1071;0;0;97;4651;19.3;167.25;;;
37.264412;-3.135456;1072;0;0;97;4651;19.32;167.23;;;
37.264586;-3.135399;1072;0;0;98;4650;19.34;167.21;;;
37.264760;-3.135343;1072;0;0;98;4650;19.36;167.19;;;
37.264935;-3.135286;1072;0;0;98;4650;19.38;167.17;;;
37.265631;-3.135060;1072;0;0;98;4650;19.46;167.09;;;
37.265808;-3.135020;1072;0;0;98;4650;19.48;167.07;;;
37.265986;-3.134990;1072;0;0;98;4650;19.5;167.05;;;
37.266165;-3.134977;1072;0;0;98;4650;19.52;167.03;;;
37.266345;-3.134974;1072;0;0;98;4650;19.54;167.01;;;
37.267065;-3.134960;1072;0;0;98;4650;19.62;166.93;;;
37.267244;-3.134956;1072;0;0;98;4650;19.64;166.91;;;
37.267424;-3.134953;1072;0;0;98;4650;19.66;166.89;;;
37.267604;-3.134950;1072;0;0;98;4650;19.68;166.87;;;
37.267784;-3.134947;1072;0;0;98;4650;19.7;166.85;;;
37.267964;-3.134944;1072;0;-1;98;4650;19.72;166.83;;;
37.268503;-3.134933;1072;0;-1;98;4650;19.78;166.77;;;
37.268683;-3.134930;1072;0;-1;98;4650;19.8;166.75;;;
37.268863;-3.134928;1071;0;-1;98;4650;19.82;166.73;;;
37.269043;-3.134924;1071;0;-1;98;4650;19.84;166.71;;;
37.269223;-3.134921;1071;0;-1;98;4650;19.86;166.69;;;
37.269403;-3.134917;1071;0;-1;98;4650;19.88;166.67;;;
37.270122;-3.134904;1069;0;-1;98;4650;19.96;166.59;;;
37.270302;-3.134901;1069;0;-2;98;4650;19.98;166.57;;;
37.270482;-3.134898;1069;0;-2;98;4650;20;166.55;;;
37.270661;-3.134894;1069;0;-2;98;4650;20.02;166.53;;;
37.270841;-3.134891;1068;0;-2;98;4650;20.04;166.51;;;
37.271561;-3.134878;1066;0;-4;98;4650;20.12;166.43;;;
37.271741;-3.134875;1066;0;-4;98;4650;20.14;166.41;;;
37.271920;-3.134871;1065;0;-4;98;4650;20.16;166.39;;;
37.272100;-3.134866;1063;0;-4;98;4650;20.18;166.37;;;
37.272280;-3.134853;1062;0;-4;98;4650;20.2;166.35;;;
37.272459;-3.134838;1062;0;-5;98;4650;20.22;166.33;;;
37.272992;-3.134740;1059;0;-4;98;4650;20.28;166.27;;;
37.273167;-3.134686;1058;0;-4;98;4650;20.3;166.25;;;
37.273341;-3.134631;1057;0;-4;98;4650;20.32;166.23;;;
37.273516;-3.134577;1057;0;-4;98;4650;20.34;166.21;;;
37.273691;-3.134523;1056;0;-4;98;4650;20.36;166.19;;;
37.273865;-3.134469;1055;0;-4;98;4650;20.38;166.17;;;
37.274572;-3.134343;1051;0;-7;98;4650;20.46;166.09;;;
37.274751;-3.134367;1050;0;-7;98;4650;20.48;166.07;;;
37.274928;-3.134404;1048;0;-7;98;4650;20.5;166.05;;;
37.275103;-3.134454;1046;0;-7;98;4650;20.52;166.03;;;
37.275279;-3.134504;1045;0;-7;98;4650;20.54;166.01;;;
37.275454;-3.134554;1044;0;-6;98;4650;20.56;165.99;;;
37.275629;-3.134604;1043;0;-6;98;4650;20.58;165.97;;;
37.275805;-3.134655;1041;0;-6;98;4650;20.6;165.95;;;
37.275980;-3.134705;1040;0;-6;98;4650;20.62;165.93;;;
37.276156;-3.134755;1039;0;-5;98;4650;20.64;165.91;;;
37.276331;-3.134801;1038;0;-5;98;4650;20.66;165.89;;;
37.276510;-3.134827;1037;0;-5;98;4650;20.68;165.87;;;
37.276689;-3.134800;1036;0;-5;98;4650;20.7;165.85;;;
37.276866;-3.134766;1035;0;-5;98;4650;20.72;165.83;;;
37.277040;-3.134710;1034;0;-5;98;4650;20.74;165.81;;;
37.277207;-3.134627;1034;0;-4;98;4650;20.76;165.79;;;
37.277368;-3.134528;1033;0;-5;98;4650;20.78;165.77;;;
37.277509;-3.134387;1032;0;-5;98;4650;20.8;165.75;;;
37.277636;-3.134229;1031;0;-5;98;4650;20.82;165.73;;;
37.277750;-3.134054;1030;0;-5;98;4650;20.84;165.71;;;
37.277847;-3.133864;1028;0;-5;98;4650;20.86;165.69;;;
37.277928;-3.133663;1027;0;-5;98;4650;20.88;165.67;;;
37.277989;-3.133451;1026;0;-5;98;4650;20.9;165.65;;;
37.278051;-3.133238;1025;0;-5;98;4650;20.92;165.63;;;
37.278112;-3.133025;1024;0;-5;98;4650;20.94;165.61;;;
37.278173;-3.132813;1023;0;-5;98;4650;20.96;165.59;;;
37.278235;-3.132600;1023;0;-5;98;4650;20.98;165.57;;;
37.278296;-3.132388;1021;0;-6;98;4650;21;165.55;;;
37.278357;-3.132175;1020;0;-6;98;4650;21.02;165.53;;;
37.278418;-3.131963;1019;0;-6;98;4650;21.04;165.51;;;
37.278479;-3.131750;1017;0;-6;98;4650;21.06;165.49;;;
37.278541;-3.131538;1016;0;-6;98;4650;21.08;165.47;;;
37.278604;-3.131326;1016;0;-6;98;4650;21.1;165.45;;;
37.278666;-3.131114;1014;0;-6;98;4650;21.12;165.43;;;
37.278727;-3.130901;1013;0;-6;98;4650;21.14;165.41;;;
37.278797;-3.130694;1012;0;-6;98;4650;21.16;165.39;;;
37.278889;-3.130499;1010;0;-5;98;4650;21.18;165.37;;;
37.279003;-3.130326;1009;0;-5;98;4650;21.2;165.35;;;
37.279134;-3.130172;1008;0;-5;98;4650;21.22;165.33;;;
37.279283;-3.130046;1008;0;-5;98;4650;21.24;165.31;;;
37.279438;-3.129933;1007;0;-5;98;4650;21.26;165.29;;;
37.279605;-3.129849;1006;0;-6;98;4650;21.28;165.27;;;
37.279781;-3.129815;1005;0;-6;98;4650;21.3;165.25;;;
37.279960;-3.129810;1004;0;-7;98;4650;21.32;165.23;;;
37.280140;-3.129820;1002;0;-7;98;4650;21.34;165.21;;;
37.280319;-3.129834;1000;0;-7;98;4650;21.36;165.19;;;
37.280499;-3.129848;999;0;-7;98;4650;21.38;165.17;;;
37.280678;-3.129847;997;0;-7;98;4650;21.4;165.15;;;
37.280853;-3.129798;996;0;-6;98;4650;21.42;165.13;;;
37.281011;-3.129694;995;0;-6;98;4650;21.44;165.11;;;
37.281149;-3.129549;994;0;-6;98;4650;21.46;165.09;;;
37.281274;-3.129387;993;0;-6;98;4650;21.48;165.07;;;
37.281357;-3.129187;992;0;-6;98;4650;21.5;165.05;;;
37.281429;-3.128980;991;0;-6;98;4650;21.52;165.03;;;
37.281494;-3.128770;990;0;-6;98;4650;21.54;165.01;;;
37.281566;-3.128563;988;0;-6;98;4650;21.56;164.99;;;
37.281645;-3.128360;987;0;-6;98;4650;21.58;164.97;;;
37.281736;-3.128165;986;0;-6;98;4650;21.6;164.95;;;
37.281866;-3.128012;985;0;-6;98;4650;21.62;164.93;;;
37.282002;-3.127863;983;0;-6;98;4650;21.64;164.91;;;
37.282142;-3.127721;982;0;-6;98;4650;21.66;164.89;;;
37.282291;-3.127596;981;0;-7;98;4650;21.68;164.87;;;
37.282453;-3.127497;980;0;-7;98;4650;21.7;164.85;;;
37.282614;-3.127397;979;0;-6;98;4650;21.72;164.83;;;
37.282776;-3.127297;977;0;-7;98;4650;21.74;164.81;;;
37.282931;-3.127185;975;0;-7;98;4650;21.76;164.79;;;
37.283078;-3.127055;974;0;-7;98;4650;21.78;164.77;;;
37.283209;-3.126901;973;0;-7;98;4650;21.8;164.75;;;
37.283323;-3.126726;972;0;-6;98;4650;21.82;164.73;;;
37.283435;-3.126548;970;0;-6;98;4650;21.84;164.71;;;
37.283544;-3.126369;969;0;-6;98;4650;21.86;164.69;;;
37.283654;-3.126190;968;0;-6;98;4650;21.88;164.67;;;
37.283785;-3.126036;967;0;-6;98;4650;21.9;164.65;;;
37.283924;-3.125893;966;0;-5;98;4650;21.92;164.63;;;
37.284075;-3.125770;965;0;-5;98;4650;21.94;164.61;;;
37.284226;-3.125647;964;0;-5;98;4650;21.96;164.59;;;
37.284368;-3.125510;963;0;-6;98;4650;21.98;164.57;;;
37.284494;-3.125350;962;0;-6;98;4650;22;164.55;;;
37.284596;-3.125164;961;0;-6;98;4650;22.02;164.53;;;
37.284698;-3.124977;959;0;-5;98;4650;22.04;164.51;;;
37.284799;-3.124791;958;0;-5;98;4650;22.06;164.49;;;
37.284902;-3.124605;957;0;-5;98;4650;22.08;164.47;;;
37.285003;-3.124418;956;0;-6;98;4650;22.1;164.45;;;
37.285104;-3.124231;955;0;-7;98;4650;22.12;164.43;;;
37.285206;-3.124045;954;0;-7;98;4650;22.14;164.41;;;
37.285308;-3.123858;953;0;-6;98;4650;22.16;164.39;;;
37.285402;-3.123666;951;0;-6;98;4650;22.18;164.37;;;
37.285489;-3.123469;948;0;-6;98;4650;22.2;164.35;;;
37.285579;-3.123274;948;0;-6;98;4650;22.22;164.33;;;
37.285645;-3.123063;947;0;-6;98;4650;22.24;164.31;;;
37.285711;-3.122853;946;0;-4;98;4650;22.26;164.29;;;
37.285763;-3.122637;945;0;-3;98;4650;22.28;164.27;;;
37.285814;-3.122420;945;0;-4;98;4650;22.3;164.25;;;
37.285864;-3.122203;944;0;-4;98;4650;22.32;164.23;;;
37.285915;-3.121986;944;0;-4;98;4650;22.34;164.21;;;
37.285965;-3.121769;943;0;-4;98;4650;22.36;164.19;;;
37.286033;-3.121561;942;0;-5;98;4650;22.38;164.17;;;
37.286115;-3.121360;941;0;-5;98;4650;22.4;164.15;;;
37.286212;-3.121170;940;0;-6;98;4650;22.42;164.13;;;
37.286342;-3.121024;938;0;-5;98;4650;22.44;164.11;;;
37.286513;-3.121018;937;0;-5;98;4650;22.46;164.09;;;
37.286679;-3.121098;936;0;-4;98;4650;22.48;164.07;;;
37.286837;-3.121207;935;0;-4;98;4650;22.5;164.05;7;;
37.286994;-3.121317;935;0;-3;98;4650;22.52;164.03;;;
37.287151;-3.121426;934;0;-2;98;4650;22.54;164.01;;;
37.287309;-3.121536;934;0;-2;98;4650;22.56;163.99;;;
37.287466;-3.121645;934;0;-1;98;4650;22.58;163.97;;;
37.287623;-3.121755;933;0;-1;98;4650;22.6;163.95;;;
37.287781;-3.121864;933;0;-1;98;4650;22.62;163.93;;;
37.287938;-3.121974;933;0;-1;98;4650;22.64;163.91;;;
37.288095;-3.122084;933;0;-1;98;4650;22.66;163.89;;;
37.288253;-3.122193;932;0;-1;98;4650;22.68;163.87;;;
37.288410;-3.122302;932;0;-1;98;4650;22.7;163.85;;;
37.288568;-3.122411;932;0;-1;98;4650;22.72;163.83;;;
37.288726;-3.122519;932;0;-1;98;4650;22.74;163.81;;;
37.288884;-3.122627;932;0;-1;98;4650;22.76;163.79;;;
37.289042;-3.122735;932;0;0;98;4650;22.78;163.77;;;
37.289200;-3.122843;932;0;0;98;4650;22.8;163.75;;;
37.289358;-3.122951;932;0;0;98;4650;22.82;163.73;;;
37.289516;-3.123058;932;0;0;98;4650;22.84;163.71;;;
37.289674;-3.123167;932;0;0;98;4650;22.86;163.69;;;
37.289832;-3.123275;931;0;0;98;4650;22.88;163.67;;;
37.289990;-3.123383;931;0;0;98;4650;22.9;163.65;;;
37.290148;-3.123491;932;0;0;98;4650;22.92;163.63;;;
37.290306;-3.123599;932;0;0;98;4650;22.94;163.61;;;
37.290464;-3.123707;932;0;0;98;4650;22.96;163.59;;;
37.290622;-3.123815;932;0;0;99;4649;22.98;163.57;;;
37.290780;-3.123923;932;0;0;99;4649;23;163.55;;;
37.290938;-3.124031;932;0;0;99;4649;23.02;163.53;;;
37.291096;-3.124139;932;0;0;99;4649;23.04;163.51;;;
37.291254;-3.124247;932;0;0;99;4649;23.06;163.49;;;
37.291413;-3.124354;932;0;0;99;4649;23.08;163.47;;;
37.291572;-3.124459;932;0;0;99;4649;23.1;163.45;;;
37.291731;-3.124564;932;0;0;99;4649;23.12;163.43;;;
37.291891;-3.124669;932;0;0;99;4649;23.14;163.41;;;
37.292050;-3.124774;932;0;0;99;4649;23.16;163.39;;;
37.292209;-3.124879;932;0;0;99;4649;23.18;163.37;;;
37.292364;-3.124994;932;0;0;99;4649;23.2;163.35;;;
37.292519;-3.125108;932;0;0;99;4649;23.22;163.33;;;
37.292674;-3.125223;932;0;0;99;4649;23.24;163.31;;;
37.292829;-3.125337;932;0;0;99;4649;23.26;163.29;;;
37.292984;-3.125452;932;0;0;99;4649;23.28;163.27;;;
37.293140;-3.125564;932;0;0;99;4649;23.3;163.25;;;
37.293299;-3.125671;932;0;-1;99;4649;23.32;163.23;;;
37.293457;-3.125779;931;0;-1;99;4649;23.34;163.21;;;
37.293613;-3.125891;931;0;-1;99;4649;23.36;163.19;;;
37.293769;-3.126003;931;0;-1;99;4649;23.38;163.17;;;
37.293925;-3.126116;931;0;-1;99;4649;23.4;163.15;;;
37.294082;-3.126227;931;0;-1;99;4649;23.42;163.13;;;
37.294238;-3.126339;931;0;-1;99;4649;23.44;163.11;;;
37.294394;-3.126451;931;0;-1;99;4649;23.46;163.09;;;
37.294550;-3.126563;930;0;-1;99;4649;23.48;163.07;;;
37.294706;-3.126676;930;0;-1;99;4649;23.5;163.05;8;;
37.294863;-3.126788;930;0;-1;99;4649;23.52;163.03;;;
37.295019;-3.126900;930;0;-1;99;4649;23.54;163.01;;;
37.295175;-3.127012;929;0;-1;99;4649;23.56;162.99;;;
37.295331;-3.127124;929;0;-2;99;4649;23.58;162.97;;;
37.295489;-3.127232;929;0;-2;99;4649;23.6;162.95;;;
37.295648;-3.127339;928;0;-2;99;4649;23.62;162.93;;;
37.295806;-3.127446;928;0;-2;99;4649;23.64;162.91;;;
37.295965;-3.127552;928;0;-2;99;4649;23.66;162.89;;;
37.296124;-3.127659;927;0;-3;99;4649;23.68;162.87;;;
37.296282;-3.127766;927;0;-3;99;4649;23.7;162.85;;;
37.296441;-3.127872;926;0;-3;99;4649;23.72;162.83;;;
37.296599;-3.127979;925;0;-3;99;4649;23.74;162.81;;;
37.296757;-3.128087;924;0;-3;99;4649;23.76;162.79;;;
37.296915;-3.128195;924;0;-3;99;4649;23.78;162.77;;;
37.297073;-3.128303;923;0;-3;99;4649;23.8;162.75;;;
37.297231;-3.128411;923;0;-3;99;4649;23.82;162.73;;;
37.297389;-3.128519;922;0;-3;99;4649;23.84;162.71;;;
37.297547;-3.128628;922;0;-3;99;4649;23.86;162.69;;;
37.297705;-3.128736;921;0;-3;99;4649;23.88;162.67;;;
37.297863;-3.128844;921;0;-3;99;4649;23.9;162.65;;;
37.298013;-3.128967;920;0;-3;99;4649;23.92;162.63;;;
37.298158;-3.129101;920;0;-3;99;4649;23.94;162.61;;;
37.298305;-3.129232;919;0;-3;99;4649;23.96;162.59;;;
37.298452;-3.129362;918;0;-3;99;4649;23.98;162.57;;;
37.298597;-3.129496;918;0;-2;99;4649;24;162.55;;;
37.298739;-3.129635;918;0;-2;99;4649;24.02;162.53;;;
37.298874;-3.129784;917;0;-2;99;4649;24.04;162.51;;;
37.299000;-3.129945;917;0;-2;99;4649;24.06;162.49;;;
37.299120;-3.130113;917;0;-2;99;4649;24.08;162.47;;;
37.299243;-3.130279;916;0;-2;99;4649;24.1;162.45;;;
37.299370;-3.130438;916;0;-2;99;4649;24.12;162.43;;;
37.299491;-3.130605;915;0;-2;99;4649;24.14;162.41;;;
37.299614;-3.130770;915;0;-2;99;4649;24.16;162.39;;;
37.299737;-3.130935;915;0;-2;99;4649;24.18;162.37;;;
37.299857;-3.131104;914;0;-2;99;4649;24.2;162.35;;;
37.299977;-3.131272;914;0;-2;99;4649;24.22;162.33;;;
37.300105;-3.131432;913;0;-2;99;4649;24.24;162.31;;;
37.300231;-3.131592;913;0;-2;99;4649;24.26;162.29;;;
37.300355;-3.131756;912;0;-2;99;4649;24.28;162.27;;;
37.300477;-3.131922;912;0;-2;99;4649;24.3;162.25;;;
37.300599;-3.132089;911;0;-2;99;4649;24.32;162.23;;;
37.300721;-3.132255;911;0;-2;99;4649;24.34;162.21;;;
37.300843;-3.132420;911;0;-2;99;4649;24.36;162.19;;;
37.300965;-3.132587;910;0;-2;99;4649;24.38;162.17;;;
37.301081;-3.132760;910;0;-1;99;4649;24.4;162.15;;;
37.301200;-3.132929;910;0;-1;99;4649;24.42;162.13;;;
37.301324;-3.133092;909;0;-1;99;4649;24.44;162.11;;;
37.301448;-3.133256;909;0;-1;99;4649;24.46;162.09;;;
37.301573;-3.133419;909;0;-1;99;4649;24.48;162.07;;;
37.301697;-3.133583;909;0;-1;99;4649;24.5;162.05;;;
37.301827;-3.133739;908;0;-1;99;4649;24.52;162.03;;;
37.301958;-3.133894;908;0;-1;99;4649;24.54;162.01;;;
37.302089;-3.134049;908;0;-1;99;4649;24.56;161.99;;;
37.302218;-3.134206;908;0;-1;99;4649;24.58;161.97;;;
37.302338;-3.134374;908;0;-1;99;4649;24.6;161.95;;;
37.302446;-3.134554;908;0;-1;99;4649;24.62;161.93;;;
37.302542;-3.134745;908;0;0;99;4649;24.64;161.91;;;
37.302577;-3.134961;907;0;0;99;4649;24.66;161.89;;;
37.302545;-3.135181;907;0;0;99;4649;24.68;161.87;;;
37.302536;-3.135404;907;0;0;99;4649;24.7;161.85;;;
37.302609;-3.135608;908;0;1;99;4649;24.72;161.83;;;
37.302609;-3.135831;908;0;1;99;4649;24.74;161.81;;;
37.302544;-3.136042;908;0;1;99;4649;24.76;161.79;;;
37.302560;-3.136266;908;0;1;100;4648;24.78;161.77;;;
37.302586;-3.136490;908;0;1;100;4648;24.8;161.75;;;
37.302641;-3.136705;909;0;1;100;4648;24.82;161.73;;;
37.302696;-3.136920;909;0;1;100;4648;24.84;161.71;;;
37.302751;-3.137136;909;0;1;100;4648;24.86;161.69;;;
37.302806;-3.137351;909;0;1;101;4647;24.88;161.67;;;
37.302861;-3.137566;909;0;1;101;4647;24.9;161.65;;;
37.302916;-3.137781;909;0;1;101;4647;24.92;161.63;;;
37.302971;-3.137997;909;0;1;101;4647;24.94;161.61;;;
37.303026;-3.138212;910;0;1;101;4647;24.96;161.59;;;
37.303080;-3.138427;910;0;1;101;4647;24.98;161.57;;;
37.303132;-3.138644;910;0;1;102;4646;25;161.55;;;
37.303181;-3.138861;910;0;1;102;4646;25.02;161.53;;;
37.303232;-3.139079;910;0;1;102;4646;25.04;161.51;;;
37.303282;-3.139296;910;0;1;102;4646;25.06;161.49;;;
37.303333;-3.139513;911;0;1;102;4646;25.08;161.47;;;
37.303383;-3.139730;911;0;1;102;4646;25.1;161.45;;;
37.303433;-3.139947;911;0;1;102;4646;25.12;161.43;;;
37.303484;-3.140162;911;0;1;103;4645;25.14;161.41;;;
37.303540;-3.140377;912;0;1;103;4645;25.16;161.39;;;
37.303595;-3.140592;912;0;1;103;4645;25.18;161.37;;;
37.303650;-3.140807;912;0;1;103;4645;25.2;161.35;;;
37.303704;-3.141023;912;0;1;104;4644;25.22;161.33;;;
37.303769;-3.141233;912;0;1;104;4644;25.24;161.31;;;
37.303835;-3.141444;912;0;0;104;4644;25.26;161.29;;;
37.303902;-3.141653;912;0;0;104;4644;25.28;161.27;;;
37.303984;-3.141855;912;0;0;104;4644;25.3;161.25;;;
37.304066;-3.142056;912;0;0;104;4644;25.32;161.23;;;
37.304148;-3.142258;912;0;0;104;4644;25.34;161.21;;;
37.304238;-3.142453;912;0;0;104;4644;25.36;161.19;;;
37.304331;-3.142646;912;0;0;104;4644;25.38;161.17;;;
37.304424;-3.142840;912;0;0;104;4644;25.4;161.15;;;
37.304518;-3.143033;912;0;-1;104;4644;25.42;161.13;;;
37.304611;-3.143226;912;0;-1;104;4644;25.44;161.11;;;
37.304704;-3.143420;912;0;-1;104;4644;25.46;161.09;;;
37.304813;-3.143600;912;0;-1;104;4644;25.48;161.07;;;
37.304922;-3.143779;911;0;-1;104;4644;25.5;161.05;;;
37.305032;-3.143959;911;0;-1;104;4644;25.52;161.03;;;
37.305143;-3.144136;911;0;-2;104;4644;25.54;161.01;;;
37.305280;-3.144281;911;0;-2;104;4644;25.56;160.99;;;
37.305430;-3.144406;910;0;-2;104;4644;25.58;160.97;;;
37.305585;-3.144520;910;0;-2;104;4644;25.6;160.95;;;
37.305744;-3.144625;910;0;-2;104;4644;25.62;160.93;;;
37.305909;-3.144715;909;0;-2;104;4644;25.64;160.91;;;
37.306074;-3.144806;909;0;-2;104;4644;25.66;160.89;;;
37.306239;-3.144896;909;0;-2;104;4644;25.68;160.87;;;
37.306403;-3.144987;908;0;-2;104;4644;25.7;160.85;;;
37.306568;-3.145078;908;0;-3;104;4644;25.72;160.83;;;
37.306733;-3.145169;908;0;-3;104;4644;25.74;160.81;;;
37.306899;-3.145256;907;0;-3;104;4644;25.76;160.79;;;
37.307074;-3.145298;906;0;-3;104;4644;25.78;160.77;;;
37.307244;-3.145353;905;0;-3;104;4644;25.8;160.75;;;
37.307383;-3.145497;904;0;-3;104;4644;25.82;160.73;;;
37.307537;-3.145609;903;0;-3;104;4644;25.84;160.71;;;
37.307703;-3.145695;903;0;-2;104;4644;25.86;160.69;;;
37.307869;-3.145782;903;0;-1;104;4644;25.88;160.67;;;
37.308035;-3.145869;903;0;-1;104;4644;25.9;160.65;;;
37.308202;-3.145956;903;0;-1;104;4644;25.92;160.63;;;
37.308368;-3.146042;902;0;-1;104;4644;25.94;160.61;;;
37.308529;-3.146142;902;0;-1;104;4644;25.96;160.59;;;
37.308689;-3.146245;902;0;-1;104;4644;25.98;160.57;;;
37.308849;-3.146349;902;0;-1;104;4644;26;160.55;;;
37.309010;-3.146450;901;0;-1;104;4644;26.02;160.53;;;
37.309175;-3.146540;901;0;-1;104;4644;26.04;160.51;;;
37.309340;-3.146630;901;0;-1;104;4644;26.06;160.49;;;
37.309505;-3.146719;901;0;-1;104;4644;26.08;160.47;;;
37.309660;-3.146831;900;0;-1;104;4644;26.1;160.45;;;
37.309810;-3.146957;900;0;-1;104;4644;26.12;160.43;;;
37.309958;-3.147085;900;0;-1;104;4644;26.14;160.41;;;
37.310085;-3.147245;899;0;-1;104;4644;26.16;160.39;;;
37.310200;-3.147418;899;0;-1;104;4644;26.18;160.37;;;
37.310308;-3.147599;899;0;-1;104;4644;26.2;160.35;9;;
37.310416;-3.147780;899;0;-1;104;4644;26.22;160.33;;;
37.310523;-3.147961;899;0;-1;104;4644;26.24;160.31;;;
37.310631;-3.148142;899;0;-1;104;4644;26.26;160.29;;;
37.310739;-3.148323;898;0;-1;104;4644;26.28;160.27;;;
37.310847;-3.148504;898;0;0;104;4644;26.3;160.25;;;
37.310955;-3.148685;898;0;0;104;4644;26.32;160.23;;;
37.311063;-3.148866;898;0;0;104;4644;26.34;160.21;;;
37.311170;-3.149048;898;0;0;104;4644;26.36;160.19;;;
37.311278;-3.149229;898;0;0;104;4644;26.38;160.17;;;
37.311386;-3.149410;898;0;0;104;4644;26.4;160.15;;;
37.311494;-3.149591;898;0;0;104;4644;26.42;160.13;;;
37.311612;-3.149761;898;0;0;104;4644;26.44;160.11;;;
37.311730;-3.149932;898;0;0;104;4644;26.46;160.09;;;
37.311859;-3.150089;898;0;0;104;4644;26.48;160.07;;;
37.311990;-3.150244;898;0;0;104;4644;26.5;160.05;;;
37.312121;-3.150399;898;0;0;104;4644;26.52;160.03;;;
37.312268;-3.150519;898;0;0;104;4644;26.54;160.01;;;
37.312402;-3.150670;898;0;0;104;4644;26.56;159.99;;;
37.312535;-3.150821;898;0;0;104;4644;26.58;159.97;;;
37.312669;-3.150973;898;0;0;104;4644;26.6;159.95;;;
37.312802;-3.151124;898;0;0;104;4644;26.62;159.93;;;
37.312936;-3.151275;898;0;0;104;4644;26.64;159.91;;;
37.313070;-3.151427;898;0;0;104;4644;26.66;159.89;;;
37.313204;-3.151578;898;0;0;104;4644;26.68;159.87;;;
37.313337;-3.151729;898;0;0;104;4644;26.7;159.85;;;
37.313466;-3.151887;898;0;0;104;4644;26.72;159.83;;;
37.313595;-3.152044;898;0;0;104;4644;26.74;159.81;;;
37.313725;-3.152200;898;0;0;104;4644;26.76;159.79;;;
37.313854;-3.152358;898;0;0;104;4644;26.78;159.77;;;
37.313983;-3.152516;898;0;0;104;4644;26.8;159.75;;;
37.314115;-3.152669;898;0;0;104;4644;26.82;159.73;;;
37.314252;-3.152817;898;0;0;104;4644;26.84;159.71;;;
37.314388;-3.152963;898;0;0;104;4644;26.86;159.69;;;
37.314524;-3.153111;897;0;0;104;4644;26.88;159.67;;;
37.314660;-3.153260;897;0;0;104;4644;26.9;159.65;;;
37.314796;-3.153408;897;0;0;104;4644;26.92;159.63;;;
37.314932;-3.153556;897;0;0;104;4644;26.94;159.61;;;
37.315063;-3.153711;897;0;0;104;4644;26.96;159.59;;;
37.315191;-3.153869;897;0;0;104;4644;26.98;159.57;;;
37.315320;-3.154028;897;0;0;104;4644;27;159.55;;;
37.315448;-3.154186;897;0;0;104;4644;27.02;159.53;;;
37.315576;-3.154345;897;0;0;104;4644;27.04;159.51;;;
37.315704;-3.154503;897;0;0;104;4644;27.06;159.49;;;
37.315833;-3.154662;897;0;0;104;4644;27.08;159.47;;;
37.315961;-3.154821;897;0;0;104;4644;27.1;159.45;;;
37.316089;-3.154980;897;0;0;104;4644;27.12;159.43;;;
37.316195;-3.155162;896;0;0;104;4644;27.14;159.41;;;
37.316301;-3.155345;896;0;0;104;4644;27.16;159.39;;;
37.316407;-3.155527;896;0;0;104;4644;27.18;159.37;;;
37.316502;-3.155719;896;0;0;104;4644;27.2;159.35;;;
37.316590;-3.155916;896;0;0;104;4644;27.22;159.33;;;
37.316677;-3.156114;896;0;0;104;4644;27.24;159.31;;;
37.316744;-3.156324;896;0;0;104;4644;27.26;159.29;;;
37.316805;-3.156536;896;0;0;104;4644;27.28;159.27;;;
37.316866;-3.156749;896;0;0;104;4644;27.3;159.25;;;
37.316902;-3.156971;896;0;0;104;4644;27.32;159.23;;;
37.316936;-3.157193;896;0;0;104;4644;27.34;159.21;;;
37.316970;-3.157415;896;0;0;104;4644;27.36;159.19;;;
37.316988;-3.157640;896;0;0;104;4644;27.38;159.17;;;
37.317000;-3.157865;896;0;0;104;4644;27.4;159.15;;;
37.317012;-3.158091;896;0;0;104;4644;27.42;159.13;;;
37.317018;-3.158317;896;0;0;104;4644;27.44;159.11;;;
37.317018;-3.158543;896;0;0;104;4644;27.46;159.09;;;
37.317022;-3.158769;896;0;0;104;4644;27.48;159.07;;;
37.317020;-3.158995;896;0;0;104;4644;27.5;159.05;;;
37.317017;-3.159222;896;0;0;104;4644;27.52;159.03;;;
37.317011;-3.159448;896;0;0;104;4644;27.54;159.01;;;
37.317006;-3.159674;896;0;0;104;4644;27.56;158.99;;;
37.317000;-3.159900;896;0;0;104;4644;27.58;158.97;;;
37.316995;-3.160126;896;0;0;104;4644;27.6;158.95;;;
37.316989;-3.160352;896;0;0;104;4644;27.62;158.93;;;
37.316984;-3.160578;896;0;0;104;4644;27.64;158.91;;;
37.316978;-3.160804;896;0;0;104;4644;27.66;158.89;;;
37.316984;-3.161030;896;0;0;105;4643;27.68;158.87;;;
37.316990;-3.161256;896;0;0;105;4643;27.7;158.85;;;
37.317007;-3.161481;896;0;0;105;4643;27.72;158.83;;;
37.317032;-3.161705;896;0;1;105;4643;27.74;158.81;;;
37.317063;-3.161928;897;0;1;105;4643;27.76;158.79;;;
37.317100;-3.162149;897;0;1;105;4643;27.78;158.77;;;
37.317156;-3.162363;897;0;1;105;4643;27.8;158.75;;;
37.317219;-3.162575;897;0;1;105;4643;27.82;158.73;;;
37.317283;-3.162787;897;0;1;105;4643;27.84;158.71;;;
37.317346;-3.162998;897;0;1;106;4642;27.86;158.69;;;
37.317413;-3.163208;898;0;1;106;4642;27.88;158.67;;;
37.317479;-3.163419;898;0;1;106;4642;27.9;158.65;;;
37.317546;-3.163628;898;0;1;106;4642;27.92;158.63;;;
37.317613;-3.163838;898;0;1;106;4642;27.94;158.61;;;
37.317680;-3.164048;898;0;1;107;4641;27.96;158.59;;;
37.317747;-3.164258;899;0;1;107;4641;27.98;158.57;;;
37.317814;-3.164468;899;0;1;107;4641;28;158.55;;;
37.317881;-3.164678;899;0;1;107;4641;28.02;158.53;;;
37.317944;-3.164890;899;0;1;107;4641;28.04;158.51;;;
37.318007;-3.165102;899;0;1;108;4640;28.06;158.49;;;
37.318069;-3.165314;900;0;2;108;4640;28.08;158.47;;;
37.318133;-3.165525;900;0;2;108;4640;28.1;158.45;;;
37.318200;-3.165735;900;0;1;109;4639;28.12;158.43;;;
37.318267;-3.165945;901;0;2;109;4639;28.14;158.41;;;
37.318334;-3.166155;901;0;2;109;4639;28.16;158.39;;;
37.318401;-3.166365;901;0;2;110;4638;28.18;158.37;;;
37.318468;-3.166574;902;0;2;110;4638;28.2;158.35;;;
37.318536;-3.166784;902;0;2;110;4638;28.22;158.33;;;
37.318602;-3.166994;902;0;2;111;4637;28.24;158.31;;;
37.318669;-3.167204;903;0;2;111;4637;28.26;158.29;;;
37.318736;-3.167414;903;0;3;112;4636;28.28;158.27;;;
37.318803;-3.167624;903;0;3;112;4636;28.3;158.25;;;
37.318871;-3.167834;904;0;3;112;4636;28.32;158.23;;;
37.318937;-3.168044;905;0;3;113;4635;28.34;158.21;;;
37.319003;-3.168255;906;0;3;114;4634;28.36;158.19;;;
37.319067;-3.168466;906;0;3;114;4634;28.38;158.17;;;
37.319132;-3.168676;907;0;3;115;4633;28.4;158.15;;;
37.319198;-3.168887;907;0;3;115;4633;28.42;158.13;;;
37.319263;-3.169098;907;0;2;115;4633;28.44;158.11;;;
37.319328;-3.169309;908;0;2;116;4632;28.46;158.09;;;
37.319392;-3.169520;909;0;2;117;4631;28.48;158.07;;;
37.319458;-3.169731;909;0;3;117;4631;28.5;158.05;;;
37.319523;-3.169941;909;0;3;118;4630;28.52;158.03;;;
37.319588;-3.170152;910;0;3;118;4630;28.54;158.01;;;
37.319653;-3.170363;910;0;3;119;4629;28.56;157.99;;;
37.319719;-3.170574;911;0;4;119;4629;28.58;157.97;;;
37.319785;-3.170784;912;0;4;120;4628;28.6;157.95;;;
37.319849;-3.170995;913;0;5;121;4627;28.62;157.93;;;
37.319912;-3.171207;914;0;5;122;4626;28.64;157.91;;;
37.319959;-3.171425;915;0;6;123;4625;28.66;157.89;;;
37.320005;-3.171644;916;0;6;124;4624;28.68;157.87;;;
37.320032;-3.171867;917;0;6;126;4622;28.7;157.85;;;
37.320050;-3.172092;919;0;6;127;4621;28.72;157.83;;;
37.320067;-3.172317;920;0;6;128;4620;28.74;157.81;;;
37.320055;-3.172543;921;0;7;129;4619;28.76;157.79;;;
37.320041;-3.172768;922;0;7;131;4617;28.78;157.77;;;
37.320023;-3.172993;923;0;6;132;4616;28.8;157.75;;;
37.319984;-3.173214;925;0;7;133;4615;28.82;157.73;;;
37.319941;-3.173433;927;0;7;135;4613;28.84;157.71;;;
37.319878;-3.173645;928;0;7;136;4612;28.86;157.69;;;
37.319814;-3.173857;929;0;7;137;4611;28.88;157.67;;;
37.319747;-3.174066;930;0;7;139;4609;28.9;157.65;;;
37.319674;-3.174273;932;0;6;140;4608;28.92;157.63;;;
37.319600;-3.174479;933;0;7;142;4606;28.94;157.61;;;
37.319527;-3.174686;935;0;7;143;4605;28.96;157.59;;;
37.319453;-3.174892;936;0;7;144;4604;28.98;157.57;;;
37.319379;-3.175098;937;0;7;145;4603;29;157.55;;;
37.319306;-3.175305;938;0;7;147;4601;29.02;157.53;;;
37.319233;-3.175512;940;0;7;148;4600;29.04;157.51;;;
37.319160;-3.175718;941;0;7;150;4598;29.06;157.49;;;
37.319087;-3.175925;943;0;7;151;4597;29.08;157.47;;;
37.319012;-3.176131;945;0;7;153;4595;29.1;157.45;;;
37.318939;-3.176337;945;0;6;154;4594;29.12;157.43;;;
37.318866;-3.176544;946;0;6;154;4594;29.14;157.41;;;
37.318792;-3.176750;948;0;5;156;4592;29.16;157.39;;;
37.318719;-3.176957;949;0;5;157;4591;29.18;157.37;;;
37.318645;-3.177163;950;0;5;159;4589;29.2;157.35;;;
37.318572;-3.177369;951;0;6;159;4589;29.22;157.33;;;
37.318498;-3.177576;952;0;5;160;4588;29.24;157.31;;;
37.318425;-3.177782;953;0;5;161;4587;29.26;157.29;;;
37.318351;-3.177989;954;0;4;162;4586;29.28;157.27;;;
37.318278;-3.178195;955;0;4;163;4585;29.3;157.25;;;
37.318204;-3.178401;956;0;4;164;4584;29.32;157.23;;;
37.318131;-3.178608;956;0;4;165;4583;29.34;157.21;;;
37.318059;-3.178815;957;0;3;165;4583;29.36;157.19;;;
37.318005;-3.179031;958;0;3;166;4582;29.38;157.17;;;
37.317951;-3.179247;959;0;3;167;4581;29.4;157.15;;;
37.317907;-3.179466;959;0;2;167;4581;29.42;157.13;;;
37.317870;-3.179687;960;0;2;168;4580;29.44;157.11;;;
37.317833;-3.179908;960;0;1;168;4580;29.46;157.09;;;
37.317796;-3.180130;960;0;0;168;4580;29.48;157.07;;;
37.317759;-3.180351;960;0;0;168;4580;29.5;157.05;;;
37.317721;-3.180572;960;0;-1;168;4580;29.52;157.03;;;
37.317666;-3.180787;960;0;-1;168;4580;29.54;157.01;;;
37.317608;-3.181002;959;0;-1;168;4580;29.56;156.99;;;
37.317532;-3.181206;959;0;-2;168;4580;29.58;156.97;;;
37.317451;-3.181408;958;0;-3;168;4580;29.6;156.95;;;
37.317371;-3.181610;958;0;-3;168;4580;29.62;156.93;;;
37.317290;-3.181813;958;0;-4;168;4580;29.64;156.91;;;
37.317210;-3.182015;957;0;-6;168;4580;29.66;156.89;;;
37.317131;-3.182218;955;0;-7;168;4580;29.68;156.87;;;
37.317053;-3.182422;954;0;-7;168;4580;29.7;156.85;;;
37.316995;-3.182636;952;0;-7;168;4580;29.72;156.83;;;
37.316973;-3.182857;950;0;-8;168;4580;29.74;156.81;;;
37.316947;-3.183079;948;0;-8;168;4580;29.76;156.79;;;
37.316874;-3.183286;947;0;-8;168;4580;29.78;156.77;;;
37.316792;-3.183487;946;0;-8;168;4580;29.8;156.75;;;
37.316744;-3.183700;944;0;-7;168;4580;29.82;156.73;;;
37.316746;-3.183925;943;0;-7;168;4580;29.84;156.71;;;
37.316782;-3.184146;941;0;-7;168;4580;29.86;156.69;;;
37.316823;-3.184367;940;0;-8;168;4580;29.88;156.67;;;
37.316858;-3.184588;938;0;-8;168;4580;29.9;156.65;;;
37.316858;-3.184814;937;0;-8;168;4580;29.92;156.63;;;
37.316813;-3.185033;935;0;-8;168;4580;29.94;156.61;;;
37.316767;-3.185251;934;0;-8;168;4580;29.96;156.59;;;
37.316720;-3.185470;932;0;-9;168;4580;29.98;156.57;;;
37.316714;-3.185694;930;0;-9;168;4580;30;156.55;10;;
37.316726;-3.185920;928;0;-8;168;4580;30.02;156.53;;;
37.316739;-3.186146;926;0;-8;168;4580;30.04;156.51;;;
37.316750;-3.186371;924;0;-9;168;4580;30.06;156.49;;;
37.316762;-3.186597;923;0;-8;168;4580;30.08;156.47;;;
37.316773;-3.186823;922;0;-8;168;4580;30.1;156.45;;;
37.316786;-3.187048;920;0;-8;168;4580;30.12;156.43;;;
37.316797;-3.187274;918;0;-9;168;4580;30.14;156.41;;;
37.316810;-3.187500;916;0;-9;168;4580;30.16;156.39;;;
37.316822;-3.187725;914;0;-9;168;4580;30.18;156.37;;;
37.316834;-3.187951;913;0;-9;168;4580;30.2;156.35;;;
37.316846;-3.188177;911;0;-9;168;4580;30.22;156.33;;;
37.316858;-3.188402;910;0;-9;168;4580;30.24;156.31;;;
37.316855;-3.188628;908;0;-9;168;4580;30.26;156.29;;;
37.316850;-3.188855;906;0;-9;168;4580;30.28;156.27;;;
37.316860;-3.189080;904;0;-9;168;4580;30.3;156.25;;;
37.316879;-3.189305;902;0;-8;168;4580;30.32;156.23;;;
37.316898;-3.189530;900;0;-8;168;4580;30.34;156.21;;;
37.316925;-3.189753;899;0;-7;168;4580;30.36;156.19;;;
37.316952;-3.189977;897;0;-7;168;4580;30.38;156.17;;;
37.316979;-3.190200;896;0;-6;168;4580;30.4;156.15;;;
37.316982;-3.190426;895;0;-6;168;4580;30.42;156.13;;;
37.316937;-3.190642;894;0;-5;168;4580;30.44;156.11;;;
37.316873;-3.190853;893;0;-6;168;4580;30.46;156.09;;;
37.316796;-3.191057;892;0;-6;168;4580;30.48;156.07;;;
37.316719;-3.191262;892;0;-5;168;4580;30.5;156.05;;;
37.316647;-3.191469;890;0;-5;168;4580;30.52;156.03;;;
37.316514;-3.191618;889;0;-5;168;4580;30.54;156.01;;;
37.316367;-3.191748;888;0;-5;168;4580;30.56;155.99;;;
37.316223;-3.191883;887;0;-5;168;4580;30.58;155.97;;;
37.316079;-3.192019;886;0;-5;168;4580;30.6;155.95;;;
37.315935;-3.192154;885;0;-5;168;4580;30.62;155.93;;;
37.315791;-3.192289;884;0;-5;168;4580;30.64;155.91;;;
37.315646;-3.192424;883;0;-5;168;4580;30.66;155.89;;;
37.315500;-3.192555;881;0;-5;168;4580;30.68;155.87;;;
37.315353;-3.192685;881;0;-5;168;4580;30.7;155.85;;;
37.315202;-3.192808;879;0;-6;168;4580;30.72;155.83;;;
37.315045;-3.192919;879;0;-5;168;4580;30.74;155.81;;;
37.314889;-3.193030;878;0;-5;168;4580;30.76;155.79;;;
37.314732;-3.193141;877;0;-4;168;4580;30.78;155.77;;;
37.314571;-3.193242;875;0;-4;168;4580;30.8;155.75;;;
37.314408;-3.193338;875;0;-4;168;4580;30.82;155.73;;;
37.314245;-3.193434;874;0;-4;168;4580;30.84;155.71;;;
37.314087;-3.193542;874;0;-3;168;4580;30.86;155.69;;;
37.313929;-3.193650;873;0;-3;168;4580;30.88;155.67;;;
37.313771;-3.193759;872;0;-3;168;4580;30.9;155.65;;;
37.313613;-3.193866;872;0;-3;168;4580;30.92;155.63;;;
37.313456;-3.193977;871;0;-3;168;4580;30.94;155.61;;;
37.313303;-3.194094;871;0;-2;168;4580;30.96;155.59;;;
37.313171;-3.194248;870;0;-2;168;4580;30.98;155.57;;;
37.313058;-3.194423;870;0;-2;168;4580;31;155.55;;;
37.312954;-3.194607;869;0;-2;168;4580;31.02;155.53;;;
37.312850;-3.194791;869;0;-2;168;4580;31.04;155.51;;;
37.312745;-3.194976;869;0;-2;168;4580;31.06;155.49;;;
37.312632;-3.195151;869;0;-1;168;4580;31.08;155.47;;;
37.312502;-3.195306;868;0;-1;168;4580;31.1;155.45;;;
37.312366;-3.195455;868;0;-1;168;4580;31.12;155.43;;;
37.312231;-3.195605;868;0;-1;168;4580;31.14;155.41;;;
37.312102;-3.195761;868;0;0;168;4580;31.16;155.39;;;
37.311986;-3.195934;868;0;0;168;4580;31.18;155.37;;;
37.311891;-3.196124;868;0;0;168;4580;31.2;155.35;;;
37.311817;-3.196331;868;0;0;168;4580;31.22;155.33;;;
37.311743;-3.196537;868;0;1;169;4579;31.24;155.31;;;
37.311652;-3.196731;868;0;1;169;4579;31.26;155.29;;;
37.311554;-3.196921;869;0;1;169;4579;31.28;155.27;;;
37.311444;-3.197100;869;0;2;169;4579;31.3;155.25;;;
37.311334;-3.197279;869;0;2;169;4579;31.32;155.23;;;
37.311252;-3.197480;870;0;2;170;4578;31.34;155.21;;;
37.311172;-3.197682;870;0;2;170;4578;31.36;155.19;;;
37.311098;-3.197888;871;0;2;171;4577;31.38;155.17;;;
37.311027;-3.198096;871;0;2;172;4576;31.4;155.15;;;
37.310957;-3.198304;872;0;2;172;4576;31.42;155.13;;;
37.310872;-3.198503;872;0;2;173;4575;31.44;155.11;;;
37.310779;-3.198696;872;0;3;173;4575;31.46;155.09;;;
37.310682;-3.198887;873;0;3;173;4575;31.48;155.07;;;
37.310585;-3.199078;873;0;3;174;4574;31.5;155.05;;;
37.310496;-3.199273;874;0;3;175;4573;31.52;155.03;;;
37.310450;-3.199490;875;0;4;176;4572;31.54;155.01;;;
37.310420;-3.199713;876;0;4;177;4571;31.56;154.99;;;
37.310389;-3.199936;877;0;5;177;4571;31.58;154.97;;;
37.310359;-3.200159;877;0;5;178;4570;31.6;154.95;;;
37.310322;-3.200380;878;0;4;179;4569;31.62;154.93;;;
37.310274;-3.200598;880;0;4;180;4568;31.64;154.91;;;
37.310223;-3.200815;881;0;5;181;4567;31.66;154.89;;;
37.310160;-3.201027;882;0;5;182;4566;31.68;154.87;;;
37.310097;-3.201238;882;0;5;183;4565;31.7;154.85;;;
37.310029;-3.201448;883;0;5;184;4564;31.72;154.83;;;
37.309952;-3.201652;885;0;4;185;4563;31.74;154.81;;;
37.309874;-3.201856;886;0;4;186;4562;31.76;154.79;;;
37.309791;-3.202055;886;0;4;187;4561;31.78;154.77;;;
37.309679;-3.202233;887;0;4;187;4561;31.8;154.75;;;
37.309552;-3.202392;888;0;4;188;4560;31.82;154.73;;;
37.309417;-3.202540;889;0;4;189;4559;31.84;154.71;;;
37.309300;-3.202712;890;0;5;190;4558;31.86;154.69;;;
37.309201;-3.202900;890;0;5;191;4557;31.88;154.67;;;
37.309132;-3.203107;891;0;6;192;4556;31.9;154.65;;;
37.309089;-3.203326;892;0;7;192;4556;31.92;154.63;;;
37.309053;-3.203548;894;0;8;195;4553;31.94;154.61;;;
37.309026;-3.203771;896;0;8;196;4552;31.96;154.59;;;
37.308985;-3.203991;898;0;8;198;4550;31.98;154.57;;;
37.308926;-3.204204;899;0;8;200;4548;32;154.55;;;
37.308757;-3.204601;903;0;7;203;4545;32.04;154.51;;;
37.308643;-3.204776;903;0;6;204;4544;32.06;154.49;;;
37.308520;-3.204940;904;0;6;205;4543;32.08;154.47;;;
37.308378;-3.205077;906;0;5;206;4542;32.1;154.45;;;
37.308083;-3.205334;908;0;5;209;4539;32.14;154.41;;;
37.307847;-3.205674;910;0;5;210;4538;32.18;154.37;;;
37.307622;-3.206027;912;0;6;212;4536;32.22;154.33;;;
37.307488;-3.206178;913;0;6;213;4535;32.24;154.31;;;
37.307352;-3.206326;914;0;6;214;4534;32.26;154.29;;;
37.307213;-3.206470;915;0;7;216;4532;32.28;154.27;;;
37.306962;-3.206792;919;0;7;219;4529;32.32;154.23;;;
37.306742;-3.207150;921;0;6;222;4526;32.36;154.19;;;
37.306484;-3.207456;924;0;6;224;4524;32.4;154.15;;;
37.306320;-3.207550;925;0;5;225;4523;32.42;154.13;;;
37.306145;-3.207601;926;0;5;226;4522;32.44;154.11;;;
37.305967;-3.207618;927;0;4;227;4521;32.46;154.09;;;
37.305607;-3.207604;928;0;5;229;4519;32.5;154.05;;;
37.305249;-3.207607;930;0;5;230;4518;32.54;154.01;;;
37.305076;-3.207662;931;0;5;231;4517;32.56;153.99;;;
37.304917;-3.207764;932;0;6;233;4515;32.58;153.97;;;
37.304781;-3.207913;933;0;6;234;4514;32.6;153.95;;;
37.304564;-3.208269;936;0;6;236;4512;32.64;153.91;;;
37.304402;-3.208672;938;0;7;239;4509;32.68;153.87;;;
37.304239;-3.209074;941;0;7;242;4506;32.72;153.83;11;;
37.304087;-3.209191;943;0;7;243;4505;32.74;153.81;;;
37.303913;-3.209249;944;0;7;244;4504;32.76;153.79;;;
37.303741;-3.209310;945;0;7;246;4502;32.78;153.77;;;
37.303490;-3.209629;948;0;6;248;4500;32.82;153.73;;;
37.303471;-3.210065;951;0;6;252;4496;32.86;153.69;;;
37.303480;-3.210515;953;0;5;253;4495;32.9;153.65;;;
37.303411;-3.210722;954;0;4;255;4493;32.92;153.63;;;
37.303289;-3.210888;955;0;4;256;4492;32.94;153.61;;;
37.303150;-3.211030;956;0;4;256;4492;32.96;153.59;;;
37.302869;-3.211313;957;0;3;257;4491;33;153.55;;;
37.302590;-3.211595;958;0;3;258;4490;33.04;153.51;;;
37.302464;-3.211757;959;0;3;259;4489;33.06;153.49;;;
37.302342;-3.211923;959;0;3;260;4488;33.08;153.47;;;
37.302222;-3.212091;960;0;3;260;4488;33.1;153.45;;;
37.301956;-3.212395;962;0;3;262;4486;33.14;153.41;;;
37.301686;-3.212694;963;0;3;263;4485;33.18;153.37;;;
37.301403;-3.212973;964;0;3;265;4483;33.22;153.33;;;
37.301256;-3.213103;965;0;3;265;4483;33.24;153.31;;;
37.301108;-3.213231;966;0;3;266;4482;33.26;153.29;;;
37.300960;-3.213359;966;0;3;267;4481;33.28;153.27;;;
37.300648;-3.213584;967;0;3;268;4480;33.32;153.23;;;
37.300335;-3.213808;969;0;3;269;4479;33.36;153.19;;;
37.300009;-3.213999;970;0;3;271;4477;33.4;153.15;;;
37.299846;-3.214094;971;0;3;271;4477;33.42;153.13;;;
37.299686;-3.214196;972;0;3;272;4476;33.44;153.11;;;
37.299524;-3.214296;972;0;3;272;4476;33.46;153.09;;;
37.299212;-3.214516;973;0;3;274;4474;33.5;153.05;;;
37.298934;-3.214803;975;0;3;275;4473;33.54;153.01;;;
37.298784;-3.214927;975;0;3;276;4472;33.56;152.99;;;
37.298629;-3.215042;976;0;3;276;4472;33.58;152.97;;;
37.298458;-3.215114;977;0;3;277;4471;33.6;152.95;;;
37.298124;-3.215281;978;0;3;278;4470;33.64;152.91;;;
37.297796;-3.215464;979;0;3;280;4468;33.68;152.87;;;
37.297457;-3.215615;981;0;3;281;4467;33.72;152.83;;;
37.297287;-3.215691;981;0;3;282;4466;33.74;152.81;;;
37.297118;-3.215767;982;0;3;282;4466;33.76;152.79;;;
37.296947;-3.215839;983;0;3;283;4465;33.78;152.77;;;
37.296601;-3.215961;983;0;3;284;4464;33.82;152.73;;;
37.296254;-3.216082;985;0;2;285;4463;33.86;152.69;;;
37.295908;-3.216204;985;0;2;286;4462;33.9;152.65;;;
37.295741;-3.216286;986;0;2;286;4462;33.92;152.63;;;
37.295579;-3.216383;986;0;2;286;4462;33.94;152.61;;;
37.295422;-3.216493;986;0;1;287;4461;33.96;152.59;;;
37.295116;-3.216731;987;0;1;287;4461;34;152.55;;;
37.294853;-3.217039;987;0;1;288;4460;34.04;152.51;;;
37.294721;-3.217193;988;0;1;288;4460;34.06;152.49;;;
37.294590;-3.217348;988;0;1;288;4460;34.08;152.47;;;
37.294485;-3.217528;988;0;1;288;4460;34.1;152.45;;;
37.294372;-3.217954;988;0;1;289;4459;34.14;152.41;;;
37.294209;-3.218357;989;0;1;289;4459;34.18;152.37;;;
37.294023;-3.218744;989;0;1;289;4459;34.22;152.33;;;
37.293930;-3.218937;989;0;1;289;4459;34.24;152.31;;;
37.293836;-3.219131;989;0;1;289;4459;34.26;152.29;;;
37.293708;-3.219287;989;0;1;290;4458;34.28;152.27;;;
37.293363;-3.219405;989;0;1;290;4458;34.32;152.23;;;
37.293168;-3.219727;990;0;0;290;4458;34.36;152.19;;;
37.293305;-3.220135;990;0;0;290;4458;34.4;152.15;;;
37.293367;-3.220343;990;0;0;290;4458;34.42;152.13;;;
37.293388;-3.220568;990;0;1;290;4458;34.44;152.11;;;
37.293387;-3.220794;990;0;1;290;4458;34.46;152.09;;;
37.293384;-3.221246;990;0;1;291;4457;34.5;152.05;;;
37.293381;-3.221698;991;0;1;291;4457;34.54;152.01;;;
37.293379;-3.221924;991;0;2;291;4457;34.56;151.99;;;
37.293364;-3.222149;991;0;2;292;4456;34.58;151.97;;;
37.293288;-3.222352;992;0;2;292;4456;34.6;151.95;;;
37.293090;-3.222727;993;0;3;293;4455;34.64;151.91;;;
37.293047;-3.223163;994;0;3;294;4454;34.68;151.87;;;
37.293183;-3.223580;995;0;3;295;4453;34.72;151.83;;;
37.293258;-3.223785;995;0;3;296;4452;34.74;151.81;;;
37.293334;-3.223990;996;0;3;296;4452;34.76;151.79;;;
37.293410;-3.224195;997;0;3;297;4451;34.78;151.77;;;
37.293561;-3.224606;998;0;3;298;4450;34.82;151.73;;;
37.293711;-3.225016;999;0;4;299;4449;34.86;151.69;;;
37.293862;-3.225427;1001;0;4;301;4447;34.9;151.65;;;
37.293927;-3.225636;1002;0;4;302;4446;34.92;151.63;;;
37.293937;-3.225859;1003;0;4;303;4445;34.94;151.61;;;
37.293909;-3.226082;1003;0;5;303;4445;34.96;151.59;;;
37.293888;-3.226533;1005;0;4;305;4443;35;151.55;;;
37.293904;-3.226985;1007;0;4;308;4440;35.04;151.51;;;
37.293913;-3.227210;1008;0;4;308;4440;35.06;151.49;;;
37.293921;-3.227436;1008;0;4;309;4439;35.08;151.47;;;
37.293929;-3.227662;1009;0;4;309;4439;35.1;151.45;;;
37.293946;-3.228114;1011;0;4;312;4436;35.14;151.41;;;
37.293962;-3.228566;1013;0;5;313;4435;35.18;151.37;;;
37.293942;-3.229016;1014;0;5;315;4433;35.22;151.33;;;
37.293907;-3.229237;1015;0;5;316;4432;35.24;151.31;;;
37.293856;-3.229454;1017;0;5;317;4431;35.26;151.29;;;
37.293806;-3.229671;1018;0;5;318;4430;35.28;151.27;;;
37.293703;-3.230104;1020;0;6;320;4428;35.32;151.23;;;
37.293602;-3.230538;1022;0;5;322;4426;35.36;151.19;;;
37.293500;-3.230971;1024;0;5;325;4423;35.4;151.15;;;
37.293448;-3.231188;1025;0;6;326;4422;35.42;151.13;;;
37.293396;-3.231404;1026;0;6;326;4422;35.44;151.11;;;
37.293315;-3.231606;1027;0;5;328;4420;35.46;151.09;;;
37.293149;-3.232008;1030;0;5;330;4418;35.5;151.05;;;
37.292976;-3.232404;1032;0;5;332;4416;35.54;151.01;;;
37.292889;-3.232602;1033;0;4;333;4415;35.56;150.99;;;
37.292803;-3.232800;1033;0;4;334;4414;35.58;150.97;;;
37.292716;-3.232998;1034;0;4;334;4414;35.6;150.95;;;
37.292542;-3.233394;1036;0;3;336;4412;35.64;150.91;;;
37.292409;-3.233809;1037;0;3;337;4411;35.68;150.87;;;
37.292430;-3.234260;1038;0;3;339;4409;35.72;150.83;;;
37.292447;-3.234485;1039;0;3;339;4409;35.74;150.81;;;
37.292515;-3.234692;1039;0;3;340;4408;35.76;150.79;;;
37.292622;-3.234873;1040;0;2;340;4408;35.78;150.77;;;
37.292835;-3.235234;1041;0;2;341;4407;35.82;150.73;;;
37.292820;-3.235672;1041;0;1;342;4406;35.86;150.69;;;
37.292749;-3.236113;1042;0;0;342;4406;35.9;150.65;;;
37.292777;-3.236336;1042;0;0;342;4406;35.92;150.63;;;
37.292814;-3.236558;1041;0;0;342;4406;35.94;150.61;;;
37.292850;-3.236779;1041;0;0;342;4406;35.96;150.59;;;
37.292924;-3.237222;1041;0;-1;342;4406;36;150.55;;;
37.292997;-3.237664;1041;0;-1;342;4406;36.04;150.51;;;
37.293033;-3.237886;1041;0;-1;342;4406;36.06;150.49;;;
37.293067;-3.238108;1041;0;-2;342;4406;36.08;150.47;;;
37.293107;-3.238328;1040;0;-2;342;4406;36.1;150.45;;;
37.293189;-3.238767;1039;0;-3;342;4406;36.14;150.41;;;
37.293144;-3.239212;1038;0;-3;342;4406;36.18;150.37;;;
37.293039;-3.239644;1037;0;-3;342;4406;36.22;150.33;;;
37.292973;-3.239854;1036;0;-3;342;4406;36.24;150.31;;;
37.292898;-3.240059;1036;0;-3;342;4406;36.26;150.29;;;
37.292824;-3.240265;1035;0;-2;342;4406;36.28;150.27;;;
37.292808;-3.240713;1034;0;-2;342;4406;36.32;150.23;;;
37.292887;-3.241152;1033;0;-2;342;4406;36.36;150.19;;;
37.293069;-3.241539;1033;0;-2;342;4406;36.4;150.15;;;
37.293192;-3.241704;1032;0;-2;342;4406;36.42;150.13;;;
37.293314;-3.241870;1032;0;-2;342;4406;36.44;150.11;;;
37.293437;-3.242035;1031;0;-2;342;4406;36.46;150.09;;;
37.293588;-3.242421;1031;0;-1;342;4406;36.5;150.05;;;
37.293364;-3.242773;1030;0;-1;342;4406;36.54;150.01;;;
37.293248;-3.242945;1030;0;0;342;4406;36.56;149.99;;;
37.293132;-3.243118;1030;0;0;342;4406;36.58;149.97;;;
37.293017;-3.243291;1030;0;0;342;4406;36.6;149.95;;;
37.293059;-3.243706;1031;0;1;342;4406;36.64;149.91;;;
37.293233;-3.244102;1031;0;1;343;4405;36.68;149.87;;;
37.293405;-3.244499;1032;0;2;343;4405;36.72;149.83;12;;
37.293446;-3.244718;1032;0;2;344;4404;36.74;149.81;;;
37.293442;-3.244941;1033;0;2;344;4404;36.76;149.79;;;
37.293394;-3.245157;1033;0;2;345;4403;36.78;149.77;;;
37.293259;-3.245577;1034;0;2;346;4402;36.82;149.73;;;
37.293124;-3.245996;1035;0;2;346;4402;36.86;149.69;;;
37.292989;-3.246415;1036;0;2;347;4401;36.9;149.65;;;
37.292921;-3.246624;1036;0;2;348;4400;36.92;149.63;;;
37.292854;-3.246834;1037;0;2;348;4400;36.94;149.61;;;
37.292786;-3.247043;1037;0;2;349;4399;36.96;149.59;;;
37.292651;-3.247462;1038;0;3;350;4398;37;149.55;;;
37.292516;-3.247881;1039;0;3;351;4397;37.04;149.51;;;
37.292449;-3.248091;1040;0;3;352;4396;37.06;149.49;;;
37.292382;-3.248301;1041;0;4;353;4395;37.08;149.47;;;
37.292314;-3.248510;1042;0;5;354;4394;37.1;149.45;;;
37.292209;-3.248943;1043;0;5;355;4393;37.14;149.41;;;
37.292151;-3.249388;1046;0;5;358;4390;37.18;149.37;;;
37.292200;-3.249832;1048;0;6;360;4388;37.22;149.33;;;
37.292274;-3.250037;1049;0;5;361;4387;37.24;149.31;;;
37.292360;-3.250235;1050;0;5;361;4387;37.26;149.29;;;
37.292458;-3.250425;1052;0;5;363;4385;37.28;149.27;;;
37.292660;-3.250799;1054;0;5;365;4383;37.32;149.23;;;
37.292863;-3.251172;1055;0;3;366;4382;37.36;149.19;;;
37.293078;-3.251535;1056;0;2;368;4380;37.4;149.15;;;
37.293181;-3.251720;1057;0;2;368;4380;37.42;149.13;;;
37.293260;-3.251923;1057;0;2;368;4380;37.44;149.11;;;
37.293302;-3.252141;1057;0;1;369;4379;37.46;149.09;;;
37.293292;-3.252586;1058;0;1;369;4379;37.5;149.05;;;
37.293149;-3.253000;1058;0;1;370;4378;37.54;149.01;;;
37.293069;-3.253203;1058;0;1;370;4378;37.56;148.99;;;
37.292982;-3.253401;1059;0;0;370;4378;37.58;148.97;;;
37.292900;-3.253601;1059;0;0;370;4378;37.6;148.95;;;
37.292823;-3.254041;1059;0;-1;370;4378;37.64;148.91;;;
37.292709;-3.254456;1058;0;-1;370;4378;37.68;148.87;;;
37.292429;-3.254740;1057;0;-2;370;4378;37.72;148.83;13;;
37.292291;-3.254885;1057;0;-2;370;4378;37.74;148.81;;;
37.292168;-3.255050;1056;0;-2;370;4378;37.76;148.79;;;
37.292048;-3.255218;1056;0;-3;370;4378;37.78;148.77;;;
37.291806;-3.255552;1055;0;-4;370;4378;37.82;148.73;;;
37.291564;-3.255887;1053;0;-6;370;4378;37.86;148.69;;;
37.291322;-3.256222;1051;0;-6;370;4378;37.9;148.65;;;
37.291200;-3.256388;1048;0;-6;370;4378;37.92;148.63;;;
37.291069;-3.256543;1047;0;-7;370;4378;37.94;148.61;;;
37.290938;-3.256697;1046;0;-7;370;4378;37.96;148.59;;;
37.290662;-3.256987;1044;0;-7;370;4378;38;148.55;;;
37.290357;-3.257225;1041;0;-7;370;4378;38.04;148.51;;;
37.290202;-3.257340;1039;0;-7;370;4378;38.06;148.49;;;
37.290039;-3.257435;1038;0;-7;370;4378;38.08;148.47;;;
37.289874;-3.257527;1037;0;-7;370;4378;38.1;148.45;;;
37.289542;-3.257699;1035;0;-7;370;4378;38.14;148.41;;;
37.289198;-3.257831;1031;0;-9;370;4378;38.18;148.37;;;
37.288850;-3.257944;1027;0;-10;370;4378;38.22;148.33;;;
37.288676;-3.258003;1024;0;-10;370;4378;38.24;148.31;;;
37.288503;-3.258063;1023;0;-10;370;4378;38.26;148.29;;;
37.288329;-3.258122;1021;0;-10;370;4378;38.28;148.27;;;
37.288017;-3.258339;1016;0;-8;370;4378;38.32;148.23;;;
37.287835;-3.258726;1014;0;-8;370;4378;38.36;148.19;;;
37.287778;-3.259169;1010;0;-8;370;4378;38.4;148.15;;;
37.287824;-3.259386;1009;0;-9;370;4378;38.42;148.13;;;
37.287900;-3.259589;1007;0;-8;370;4378;38.44;148.11;;;
37.287995;-3.259780;1006;0;-8;370;4378;38.46;148.09;;;
37.288242;-3.260109;1002;0;-8;370;4378;38.5;148.05;;;
37.288490;-3.260437;999;0;-8;370;4378;38.54;148.01;;;
37.288614;-3.260601;997;0;-7;370;4378;38.56;147.99;;;
37.288737;-3.260765;996;0;-7;370;4378;38.58;147.97;;;
37.288861;-3.260929;994;0;-8;370;4378;38.6;147.95;;;
37.289104;-3.261262;991;0;-7;370;4378;38.64;147.91;;;
37.289342;-3.261602;988;0;-7;370;4378;38.68;147.87;;;
37.289579;-3.261941;986;0;-6;370;4378;38.72;147.83;;;
37.289684;-3.262125;985;0;-6;370;4378;38.74;147.81;;;
37.289740;-3.262335;984;0;-5;370;4378;38.76;147.79;;;
37.289742;-3.262557;983;0;-5;370;4378;38.78;147.77;;;
37.289653;-3.262995;980;0;-4;370;4378;38.82;147.73;;;
37.289554;-3.263430;979;0;-3;370;4378;38.86;147.69;;;
37.289455;-3.263864;978;0;-2;370;4378;38.9;147.65;;;
37.289405;-3.264081;978;0;-2;370;4378;38.92;147.63;;;
37.289358;-3.264300;978;0;-1;370;4378;38.94;147.61;;;
37.289315;-3.264519;977;0;-1;370;4378;38.96;147.59;;;
37.289228;-3.264958;977;0;-1;370;4378;39;147.55;;;
37.289183;-3.265404;977;0;0;370;4378;39.04;147.51;;;
37.289178;-3.265630;977;0;0;370;4378;39.06;147.49;;;
37.289191;-3.265855;977;0;1;370;4378;39.08;147.47;;;
37.289220;-3.266077;977;0;1;370;4378;39.1;147.45;;;
37.289308;-3.266516;978;0;1;371;4377;39.14;147.41;;;
37.289363;-3.266960;979;0;2;372;4376;39.18;147.37;;;
37.289330;-3.267408;979;0;2;372;4376;39.22;147.33;;;
37.289277;-3.267623;980;0;2;373;4375;39.24;147.31;;;
37.289208;-3.267831;980;0;2;373;4375;39.26;147.29;;;
37.289138;-3.268040;981;0;3;374;4374;39.28;147.27;;;
37.289095;-3.268485;981;0;3;375;4373;39.32;147.23;;;
37.289173;-3.268924;983;0;3;376;4372;39.36;147.19;;;
37.289322;-3.269335;984;0;3;377;4371;39.4;147.15;;;
37.289372;-3.269551;985;0;3;378;4370;39.42;147.13;;;
37.289407;-3.269773;985;0;2;378;4370;39.44;147.11;;;
37.289427;-3.269997;986;0;2;379;4369;39.46;147.09;;;
37.289420;-3.270448;986;0;2;379;4369;39.5;147.05;;;
37.289382;-3.270897;987;0;1;380;4368;39.54;147.01;;;
37.289345;-3.271118;987;0;1;380;4368;39.56;146.99;;;
37.289298;-3.271336;987;0;1;380;4368;39.58;146.97;;;
37.289227;-3.271543;987;0;1;381;4367;39.6;146.95;;;
37.289029;-3.271919;988;0;1;381;4367;39.64;146.91;;;
37.288793;-3.272260;988;0;0;381;4367;39.68;146.87;;;
37.288508;-3.272535;988;0;0;381;4367;39.72;146.83;;;
37.288363;-3.272668;988;0;-1;381;4367;39.74;146.81;;;
37.288216;-3.272799;987;0;-1;381;4367;39.76;146.79;;;
37.288069;-3.272928;987;0;-1;381;4367;39.78;146.77;;;
37.287773;-3.273185;987;0;-2;381;4367;39.82;146.73;;;
37.287476;-3.273441;986;0;-2;381;4367;39.86;146.69;;;
37.287179;-3.273695;985;0;-2;381;4367;39.9;146.65;;;
37.287030;-3.273822;985;0;-2;381;4367;39.92;146.63;;;
37.286885;-3.273955;984;0;-2;381;4367;39.94;146.61;;;
37.286748;-3.274102;984;0;-2;381;4367;39.96;146.59;;;
37.286486;-3.274412;983;0;-2;381;4367;40;146.55;;;
37.286233;-3.274732;982;0;-2;381;4367;40.04;146.51;;;
37.286106;-3.274892;982;0;-2;381;4367;40.06;146.49;;;
37.285978;-3.275052;981;0;-3;381;4367;40.08;146.47;;;
37.285851;-3.275211;981;0;-3;381;4367;40.1;146.45;;;
37.285610;-3.275547;979;0;-4;381;4367;40.14;146.41;;;
37.285372;-3.275886;978;0;-4;381;4367;40.18;146.37;;;
37.285152;-3.276243;976;0;-4;381;4367;40.22;146.33;;;
37.285050;-3.276429;975;0;-3;381;4367;40.24;146.31;;;
37.284951;-3.276618;975;0;-3;381;4367;40.26;146.29;;;
37.284863;-3.276814;974;0;-3;381;4367;40.28;146.27;;;
37.284684;-3.277207;973;0;-3;381;4367;40.32;146.23;;;
37.284536;-3.277618;971;0;-3;381;4367;40.36;146.19;;;
37.284413;-3.278042;971;0;-2;381;4367;40.4;146.15;;;
37.284359;-3.278258;970;0;-2;381;4367;40.42;146.13;;;
37.284306;-3.278474;970;0;-2;381;4367;40.44;146.11;;;
37.284253;-3.278690;970;0;-1;381;4367;40.46;146.09;;;
37.284145;-3.279121;969;0;-1;381;4367;40.5;146.05;;;
37.284039;-3.279553;969;0;-1;381;4367;40.54;146.01;;;
37.283985;-3.279769;968;0;-1;381;4367;40.56;145.99;;;
37.283930;-3.279984;968;0;-1;381;4367;40.58;145.97;;;
37.283869;-3.280197;968;0;-1;381;4367;40.6;145.95;;;
37.283737;-3.280616;968;0;0;381;4367;40.64;145.91;;;
37.283532;-3.280987;968;0;0;381;4367;40.68;145.87;;;
37.283312;-3.281345;968;0;0;381;4367;40.72;145.83;;;
37.283197;-3.281518;968;0;0;381;4367;40.74;145.81;;;
37.283082;-3.281692;968;0;0;381;4367;40.76;145.79;;;
37.282956;-3.281854;968;0;0;381;4367;40.78;145.77;;;
37.282676;-3.282132;968;0;1;382;4366;40.82;145.73;;;
37.282350;-3.282323;968;0;1;382;4366;40.86;145.69;;;
37.282007;-3.282458;969;0;1;382;4366;40.9;145.65;;;
37.281835;-3.282525;969;0;1;383;4365;40.92;145.63;;;
37.281663;-3.282592;969;0;1;383;4365;40.94;145.61;;;
37.281493;-3.282663;970;0;1;383;4365;40.96;145.59;;;
37.281329;-3.282757;970;0;1;383;4365;40.98;145.57;;;
37.281166;-3.282852;970;0;2;383;4365;41;145.55;;;
37.281003;-3.282946;970;0;2;384;4364;41.02;145.53;;;
37.280842;-3.283048;971;0;2;384;4364;41.04;145.51;;;
37.280685;-3.283157;971;0;2;385;4363;41.06;145.49;;;
37.280527;-3.283265;972;0;2;385;4363;41.08;145.47;;;
37.280380;-3.283395;972;0;3;386;4362;41.1;145.45;;;
37.280233;-3.283526;973;0;3;386;4362;41.12;145.43;;;
37.280089;-3.283661;973;0;3;387;4361;41.14;145.41;;;
37.279957;-3.283815;973;0;3;387;4361;41.16;145.39;;;
37.279838;-3.283982;975;0;3;388;4360;41.18;145.37;;;
37.279744;-3.284174;975;0;3;389;4359;41.2;145.35;14;;
37.279662;-3.284375;976;0;3;389;4359;41.22;145.33;;;
37.279579;-3.284576;976;0;3;390;4358;41.24;145.31;;;
37.279532;-3.284794;977;0;2;391;4357;41.26;145.29;;;
37.279484;-3.285012;977;0;2;391;4357;41.28;145.27;;;
37.279436;-3.285230;978;0;3;392;4356;41.3;145.25;;;
37.279389;-3.285448;978;0;3;392;4356;41.32;145.23;;;
37.279341;-3.285666;979;0;3;392;4356;41.34;145.21;;;
37.279289;-3.285882;979;0;4;393;4355;41.36;145.19;;;
37.279193;-3.286072;980;0;4;394;4354;41.38;145.17;;;
37.279036;-3.286154;981;0;4;395;4353;41.4;145.15;;;
37.278867;-3.286206;982;0;4;396;4352;41.42;145.13;;;
37.278798;-3.286411;983;0;4;397;4351;41.44;145.11;;;
37.278759;-3.286632;984;0;3;397;4351;41.46;145.09;;;
37.278733;-3.286855;984;0;3;398;4350;41.48;145.07;;;
37.278707;-3.287079;985;0;2;398;4350;41.5;145.05;;;
37.278683;-3.287303;985;0;2;398;4350;41.52;145.03;;;
37.278667;-3.287528;985;0;2;399;4349;41.54;145.01;;;
37.278650;-3.287753;986;0;2;399;4349;41.56;144.99;;;
37.278634;-3.287978;986;0;2;400;4348;41.58;144.97;;;
37.278617;-3.288203;986;0;2;400;4348;41.6;144.95;;;
37.278600;-3.288428;987;0;2;400;4348;41.62;144.93;;;
37.278583;-3.288653;987;0;2;401;4347;41.64;144.91;;;
37.278566;-3.288878;988;0;2;401;4347;41.66;144.89;;;
37.278550;-3.289103;988;0;2;402;4346;41.68;144.87;;;
37.278533;-3.289328;988;0;2;402;4346;41.7;144.85;;;
37.278507;-3.289552;989;0;2;402;4346;41.72;144.83;;;
37.278478;-3.289775;989;0;2;403;4345;41.74;144.81;;;
37.278450;-3.289998;989;0;2;403;4345;41.76;144.79;;;
37.278421;-3.290222;990;0;2;403;4345;41.78;144.77;;;
37.278392;-3.290445;990;0;2;404;4344;41.8;144.75;;;
37.278363;-3.290668;990;0;2;404;4344;41.82;144.73;;;
37.278323;-3.290888;991;0;2;404;4344;41.84;144.71;;;
37.278275;-3.291106;991;0;2;405;4343;41.86;144.69;;;
37.278224;-3.291322;991;0;2;405;4343;41.88;144.67;;;
37.278172;-3.291539;992;0;2;405;4343;41.9;144.65;;;
37.278121;-3.291755;992;0;2;406;4342;41.92;144.63;;;
37.278078;-3.291975;992;0;2;406;4342;41.94;144.61;;;
37.278057;-3.292199;993;0;2;406;4342;41.96;144.59;;;
37.278054;-3.292425;993;0;2;407;4341;41.98;144.57;;;
37.278050;-3.292651;994;0;2;407;4341;42;144.55;;;
37.278015;-3.292870;994;0;2;407;4341;42.02;144.53;;;
37.277941;-3.293075;994;0;2;408;4340;42.04;144.51;;;
37.277852;-3.293272;995;0;2;408;4340;42.06;144.49;;;
37.277765;-3.293469;995;0;2;409;4339;42.08;144.47;;;
37.277717;-3.293687;995;0;2;409;4339;42.1;144.45;;;
37.277700;-3.293911;996;0;2;409;4339;42.12;144.43;;;
37.277689;-3.294137;996;0;2;409;4339;42.14;144.41;;;
37.277679;-3.294363;996;0;2;410;4338;42.16;144.39;;;
37.277668;-3.294588;997;0;2;410;4338;42.18;144.37;;;
37.277695;-3.294812;997;0;2;411;4337;42.2;144.35;;;
37.277779;-3.295009;997;0;2;411;4337;42.22;144.33;;;
37.277877;-3.295199;998;0;2;411;4337;42.24;144.31;;;
37.277941;-3.295406;998;0;2;412;4336;42.26;144.29;;;
37.277963;-3.295630;999;0;2;412;4336;42.28;144.27;;;
37.277972;-3.295856;999;0;2;413;4335;42.3;144.25;;;
37.277980;-3.296081;999;0;2;413;4335;42.32;144.23;;;
37.277989;-3.296307;1000;0;2;414;4334;42.34;144.21;;;
37.278005;-3.296532;1000;0;2;414;4334;42.36;144.19;;;
37.278021;-3.296757;1001;0;2;414;4334;42.38;144.17;;;
37.278037;-3.296983;1001;0;2;415;4333;42.4;144.15;;;
37.278037;-3.297207;1002;0;2;415;4333;42.42;144.13;;;
37.277984;-3.297421;1002;0;2;416;4332;42.44;144.11;;;
37.277909;-3.297627;1003;0;2;416;4332;42.46;144.09;;;
37.277834;-3.297832;1003;0;2;417;4331;42.48;144.07;;;
37.277808;-3.298055;1003;0;2;417;4331;42.5;144.05;;;
37.277849;-3.298274;1004;0;2;418;4330;42.52;144.03;;;
37.277914;-3.298485;1004;0;2;418;4330;42.54;144.01;;;
37.277936;-3.298709;1005;0;2;418;4330;42.56;143.99;;;
37.277911;-3.298932;1005;0;2;419;4329;42.58;143.97;;;
37.277880;-3.299155;1006;0;2;419;4329;42.6;143.95;;;
37.277849;-3.299377;1006;0;2;420;4328;42.62;143.93;;;
37.277817;-3.299600;1007;0;2;420;4328;42.64;143.91;;;
37.277786;-3.299822;1007;0;2;421;4327;42.66;143.89;;;
37.277754;-3.300045;1007;0;2;421;4327;42.68;143.87;;;
37.277723;-3.300268;1008;0;3;421;4327;42.7;143.85;;;
37.277687;-3.300489;1009;0;3;422;4326;42.72;143.83;;;
37.277650;-3.300710;1009;0;3;423;4325;42.74;143.81;;;
37.277612;-3.300931;1010;0;3;423;4325;42.76;143.79;;;
37.277573;-3.301152;1010;0;3;424;4324;42.78;143.77;;;
37.277520;-3.301368;1011;0;3;425;4323;42.8;143.75;;;
37.277464;-3.301583;1012;0;3;425;4323;42.82;143.73;;;
37.277408;-3.301797;1012;0;3;426;4322;42.84;143.71;;;
37.277341;-3.302007;1013;0;3;426;4322;42.86;143.69;;;
37.277272;-3.302216;1013;0;2;427;4321;42.88;143.67;;;
37.277196;-3.302421;1014;0;2;427;4321;42.9;143.65;;;
37.277119;-3.302624;1014;0;2;428;4320;42.92;143.63;;;
37.277062;-3.302839;1015;0;2;428;4320;42.94;143.61;;;
37.277005;-3.303053;1015;0;2;429;4319;42.96;143.59;;;
37.276948;-3.303267;1015;0;2;429;4319;42.98;143.57;;;
37.276891;-3.303482;1016;0;2;429;4319;43;143.55;15;;
37.276834;-3.303696;1016;0;2;430;4318;43.02;143.53;;;
37.276777;-3.303911;1017;0;2;430;4318;43.04;143.51;;;
37.276720;-3.304125;1017;0;2;431;4317;43.06;143.49;;;
37.276663;-3.304340;1018;0;2;431;4317;43.08;143.47;;;
37.276606;-3.304554;1018;0;2;432;4316;43.1;143.45;;;
37.276549;-3.304768;1018;0;2;432;4316;43.12;143.43;;;
37.276491;-3.304982;1019;0;2;432;4316;43.14;143.41;;;
37.276429;-3.305194;1019;0;2;433;4315;43.16;143.39;;;
37.276366;-3.305406;1020;0;2;433;4315;43.18;143.37;;;
37.276303;-3.305618;1020;0;3;434;4314;43.2;143.35;;;
37.276236;-3.305827;1021;0;3;434;4314;43.22;143.33;;;
37.276157;-3.306031;1021;0;3;435;4313;43.24;143.31;;;
37.276078;-3.306234;1022;0;3;435;4313;43.26;143.29;;;
37.275999;-3.306437;1022;0;3;436;4312;43.28;143.27;;;
37.275932;-3.306645;1023;0;3;437;4311;43.3;143.25;;;
37.275906;-3.306867;1024;0;3;437;4311;43.32;143.23;;;
37.275902;-3.307093;1024;0;3;438;4310;43.34;143.21;;;
37.275898;-3.307319;1025;0;3;439;4309;43.36;143.19;;;
37.275894;-3.307545;1026;0;3;439;4309;43.38;143.17;;;
37.275890;-3.307771;1026;0;3;439;4309;43.4;143.15;;;
37.275882;-3.307997;1026;0;3;440;4308;43.42;143.13;;;
37.275871;-3.308223;1027;0;3;440;4308;43.44;143.11;;;
37.275861;-3.308448;1027;0;3;441;4307;43.46;143.09;;;
37.275850;-3.308674;1028;0;3;442;4306;43.48;143.07;;;
37.275861;-3.308899;1029;0;3;442;4306;43.5;143.05;;;
37.275876;-3.309125;1030;0;3;443;4305;43.52;143.03;;;
37.275899;-3.309349;1030;0;3;444;4304;43.54;143.01;;;
37.275924;-3.309572;1031;0;3;444;4304;43.56;142.99;;;
37.275950;-3.309796;1032;0;3;445;4303;43.58;142.97;;;
37.275975;-3.310020;1032;0;3;446;4302;43.6;142.95;;;
37.276001;-3.310244;1033;0;3;446;4302;43.62;142.93;;;
37.276026;-3.310467;1033;0;3;447;4301;43.64;142.91;;;
37.276052;-3.310691;1034;0;3;447;4301;43.66;142.89;;;
37.276077;-3.310915;1034;0;3;448;4300;43.68;142.87;;;
37.276121;-3.311134;1035;0;3;449;4299;43.7;142.85;;;
37.276166;-3.311353;1036;0;3;449;4299;43.72;142.83;;;
37.276210;-3.311572;1036;0;3;450;4298;43.74;142.81;;;
37.276239;-3.311794;1037;0;3;450;4298;43.76;142.79;;;
37.276258;-3.312019;1037;0;3;451;4297;43.78;142.77;;;
37.276266;-3.312245;1038;0;3;451;4297;43.8;142.75;;;
37.276274;-3.312471;1038;0;3;452;4296;43.82;142.73;;;
37.276281;-3.312697;1039;0;3;452;4296;43.84;142.71;;;
37.276291;-3.312922;1040;0;4;453;4295;43.86;142.69;;;
37.276318;-3.313146;1040;0;3;454;4294;43.88;142.67;;;
37.276345;-3.313369;1041;0;4;455;4293;43.9;142.65;;;
37.276372;-3.313593;1042;0;4;455;4293;43.92;142.63;;;
37.276407;-3.313814;1043;0;4;456;4292;43.94;142.61;;;
37.276455;-3.314032;1043;0;4;457;4291;43.96;142.59;;;
37.276523;-3.314241;1044;0;4;458;4290;43.98;142.57;;;
37.276596;-3.314447;1045;0;4;458;4290;44;142.55;;;
37.276669;-3.314654;1046;0;4;459;4289;44.02;142.53;;;
37.276718;-3.314871;1046;0;4;460;4288;44.04;142.51;;;
37.276735;-3.315095;1047;0;4;461;4287;44.06;142.49;;;
37.276702;-3.315313;1048;0;4;461;4287;44.08;142.47;;;
37.276628;-3.315518;1049;0;4;462;4286;44.1;142.45;;;
37.276532;-3.315709;1049;0;4;463;4285;44.12;142.43;;;
37.276424;-3.315890;1050;0;4;464;4284;44.14;142.41;;;
37.276315;-3.316070;1051;0;5;465;4283;44.16;142.39;;;
37.276207;-3.316250;1052;0;4;466;4282;44.18;142.37;;;
37.276098;-3.316430;1053;0;4;467;4281;44.2;142.35;;;
37.275989;-3.316610;1054;0;4;468;4280;44.22;142.33;;;
37.275881;-3.316791;1055;0;5;468;4280;44.24;142.31;;;
37.275773;-3.316972;1056;0;4;469;4279;44.26;142.29;;;
37.275670;-3.317157;1056;0;4;470;4278;44.28;142.27;;;
37.275656;-3.317377;1057;0;4;471;4277;44.3;142.25;;;
37.275686;-3.317599;1058;0;4;472;4276;44.32;142.23;;;
37.275716;-3.317822;1059;0;4;473;4275;44.34;142.21;;;
37.275746;-3.318045;1060;0;4;473;4275;44.36;142.19;;;
37.275776;-3.318268;1060;0;4;474;4274;44.38;142.17;;;
37.275807;-3.318491;1061;0;3;474;4274;44.4;142.15;;;
37.275836;-3.318714;1062;0;4;475;4273;44.42;142.13;;;
37.275815;-3.318937;1063;0;4;476;4272;44.44;142.11;;;
37.275751;-3.319148;1063;0;4;477;4271;44.46;142.09;;;
37.275672;-3.319350;1064;0;4;478;4270;44.48;142.07;;;
37.275566;-3.319532;1065;0;4;479;4269;44.5;142.05;;;
37.275459;-3.319714;1067;0;4;480;4268;44.52;142.03;;;
37.275352;-3.319895;1067;0;4;481;4267;44.54;142.01;;;
37.275244;-3.320077;1068;0;4;481;4267;44.56;141.99;;;
37.275138;-3.320259;1068;0;4;482;4266;44.58;141.97;;;
37.275043;-3.320451;1069;0;4;483;4265;44.6;141.95;;;
37.274949;-3.320644;1070;0;4;483;4265;44.62;141.93;;;
37.274854;-3.320836;1071;0;5;484;4264;44.64;141.91;;;
37.274760;-3.321028;1072;0;5;485;4263;44.66;141.89;;;
37.274677;-3.321229;1073;0;6;486;4262;44.68;141.87;;;
37.274595;-3.321430;1074;0;6;488;4260;44.7;141.85;;;
37.274533;-3.321642;1075;0;5;489;4259;44.72;141.83;;;
37.274473;-3.321855;1077;0;5;490;4258;44.74;141.81;;;
37.274434;-3.322076;1078;0;5;491;4257;44.76;141.79;;;
37.274394;-3.322296;1078;0;4;492;4256;44.78;141.77;;;
37.274355;-3.322517;1079;0;4;493;4255;44.8;141.75;;;
37.274324;-3.322739;1080;0;4;493;4255;44.82;141.73;;;
37.274293;-3.322962;1081;0;3;494;4254;44.84;141.71;;;
37.274261;-3.323184;1081;0;3;495;4253;44.86;141.69;;;
37.274229;-3.323407;1082;0;3;496;4252;44.88;141.67;;;
37.274198;-3.323629;1083;0;3;496;4252;44.9;141.65;;;
37.274137;-3.323842;1083;0;3;497;4251;44.92;141.63;;;
37.274028;-3.324014;1084;0;3;497;4251;44.94;141.61;;;
37.273863;-3.324105;1084;0;3;498;4250;44.96;141.59;;;
37.273699;-3.324196;1084;0;3;498;4250;44.98;141.57;;;
37.273534;-3.324287;1085;0;3;498;4250;45;141.55;;;
37.273424;-3.324448;1086;0;3;499;4249;45.02;141.53;;;
37.273372;-3.324665;1086;0;3;500;4248;45.04;141.51;;;
37.273319;-3.324881;1087;0;3;501;4247;45.06;141.49;;;
37.273241;-3.325082;1088;0;3;501;4247;45.08;141.47;;;
37.273120;-3.325248;1089;0;3;502;4246;45.1;141.45;;;
37.272982;-3.325394;1089;0;3;502;4246;45.12;141.43;;;
37.272844;-3.325538;1089;0;3;503;4245;45.14;141.41;;;
37.272731;-3.325705;1090;0;3;504;4244;45.16;141.39;;;
37.272720;-3.325928;1091;0;4;504;4244;45.18;141.37;;;
37.272759;-3.326148;1092;0;4;505;4243;45.2;141.35;;;
37.272798;-3.326369;1093;0;4;506;4242;45.22;141.33;;;
37.272793;-3.326595;1093;0;4;507;4241;45.24;141.31;;;
37.272785;-3.326821;1094;0;4;508;4240;45.26;141.29;;;
37.272760;-3.327044;1095;0;4;509;4239;45.28;141.27;;;
37.272734;-3.327268;1096;0;4;509;4239;45.3;141.25;;;
37.272708;-3.327492;1096;0;4;510;4238;45.32;141.23;;;
37.272682;-3.327715;1097;0;3;510;4238;45.34;141.21;;;
37.272657;-3.327939;1097;0;3;511;4237;45.36;141.19;;;
37.272673;-3.328161;1098;0;3;512;4236;45.38;141.17;;;
37.272721;-3.328379;1099;0;4;512;4236;45.4;141.15;;;
37.272765;-3.328597;1100;0;4;513;4235;45.42;141.13;;;
37.272788;-3.328821;1100;0;4;514;4234;45.44;141.11;;;
37.272811;-3.329045;1101;0;4;515;4233;45.46;141.09;;;
37.272796;-3.329268;1102;0;4;515;4233;45.48;141.07;;;
37.272761;-3.329490;1103;0;5;516;4232;45.5;141.05;;;
37.272720;-3.329710;1104;0;5;517;4231;45.52;141.03;;;
37.272664;-3.329925;1105;0;4;518;4230;45.54;141.01;;;
37.272608;-3.330139;1106;0;4;519;4229;45.56;140.99;;;
37.272537;-3.330347;1107;0;4;520;4228;45.58;140.97;;;
37.272466;-3.330555;1108;0;4;521;4227;45.6;140.95;;;
37.272394;-3.330762;1108;0;4;522;4226;45.62;140.93;;;
37.272366;-3.330983;1109;0;4;522;4226;45.64;140.91;;;
37.272361;-3.331209;1109;0;4;523;4225;45.66;140.89;;;
37.272368;-3.331434;1110;0;4;524;4224;45.68;140.87;;;
37.272297;-3.331640;1111;0;4;525;4223;45.7;140.85;;;
37.272166;-3.331792;1112;0;5;526;4222;45.72;140.83;;;
37.272002;-3.331881;1113;0;5;527;4221;45.74;140.81;;;
37.271833;-3.331959;1114;0;6;527;4221;45.76;140.79;;;
37.271664;-3.332037;1115;0;6;529;4219;45.78;140.77;;;
37.271496;-3.332115;1117;0;6;530;4218;45.8;140.75;;;
37.271336;-3.332213;1118;0;6;532;4216;45.82;140.73;;;
37.271228;-3.332384;1120;0;6;533;4215;45.84;140.71;;;
37.271208;-3.332606;1121;0;6;534;4214;45.86;140.69;;;
37.271196;-3.332830;1122;0;6;535;4213;45.88;140.67;;;
37.271130;-3.333038;1123;0;5;537;4211;45.9;140.65;;;
37.271037;-3.333231;1124;0;5;537;4211;45.92;140.63;;;
37.270944;-3.333424;1125;0;5;538;4210;45.94;140.61;;;
37.270828;-3.333594;1126;0;5;539;4209;45.96;140.59;;;
37.270674;-3.333708;1127;0;5;541;4207;45.98;140.57;;;
37.270515;-3.333813;1128;0;5;541;4207;46;140.55;;;
37.270385;-3.333967;1129;0;6;543;4205;46.02;140.53;;;
37.270267;-3.334138;1130;0;9;543;4205;46.04;140.51;;;
37.270134;-3.334286;1131;0;9;544;4204;46.06;140.49;;;
37.269979;-3.334401;1132;0;9;546;4202;46.08;140.47;;;
37.269825;-3.334515;1134;0;9;547;4201;46.1;140.45;;;
37.269709;-3.334687;1143;0;9;556;4192;46.12;140.43;;;
37.269610;-3.334875;1144;0;9;557;4191;46.14;140.41;;;
37.269527;-3.335075;1145;0;9;558;4190;46.16;140.39;;;
37.269386;-3.335201;1147;0;9;561;4187;46.18;140.37;;;
37.269209;-3.335181;1149;0;7;562;4186;46.2;140.35;;;
37.269034;-3.335128;1150;0;7;563;4185;46.22;140.33;;;
37.268858;-3.335162;1152;0;7;565;4183;46.24;140.31;;;
37.268702;-3.335273;1153;0;7;566;4182;46.26;140.29;;;
37.268547;-3.335388;1154;0;7;567;4181;46.28;140.27;;;
37.268394;-3.335507;1154;0;7;568;4180;46.3;140.25;;;
37.268241;-3.335625;1156;0;7;570;4178;46.32;140.23;;;
37.268087;-3.335743;1158;0;7;572;4176;46.34;140.21;;;
37.267924;-3.335837;1160;0;7;574;4174;46.36;140.19;;;
37.267750;-3.335882;1162;0;8;575;4173;46.38;140.17;;;
37.267571;-3.335886;1163;0;8;576;4172;46.4;140.15;;;
37.267391;-3.335876;1164;0;7;577;4171;46.42;140.13;;;
37.267213;-3.335881;1166;0;7;579;4169;46.44;140.11;;;
37.267047;-3.335968;1167;0;8;581;4167;46.46;140.09;;;
37.266892;-3.336082;1169;0;8;582;4166;46.48;140.07;;;
37.266739;-3.336199;1170;0;8;584;4164;46.5;140.05;;;
37.266590;-3.336327;1172;0;7;586;4162;46.52;140.03;;;
37.266450;-3.336468;1174;0;7;587;4161;46.54;140.01;;;
37.266313;-3.336614;1176;0;7;590;4158;46.56;139.99;;;
37.266186;-3.336773;1177;0;7;590;4158;46.58;139.97;;;
37.266058;-3.336933;1178;0;7;591;4157;46.6;139.95;;;
37.265930;-3.337092;1178;0;6;592;4156;46.62;139.93;;;
37.265803;-3.337251;1180;0;6;593;4155;46.64;139.91;;;
37.265675;-3.337410;1181;0;6;595;4153;46.66;139.89;;;
37.265561;-3.337584;1183;0;6;597;4151;46.68;139.87;;;
37.265480;-3.337783;1184;0;6;598;4150;46.7;139.85;;;
37.265415;-3.337994;1185;0;6;598;4150;46.72;139.83;;;
37.265338;-3.338198;1186;0;6;600;4148;46.74;139.81;;;
37.265251;-3.338396;1187;0;5;601;4147;46.76;139.79;;;
37.265143;-3.338576;1189;0;5;602;4146;46.78;139.77;;;
37.265034;-3.338756;1190;0;5;603;4145;46.8;139.75;;;
37.264916;-3.338926;1190;0;5;604;4144;46.82;139.73;;;
37.264788;-3.339085;1191;0;5;605;4143;46.84;139.71;;;
37.264661;-3.339244;1192;0;6;605;4143;46.86;139.69;;;
37.264533;-3.339403;1193;0;5;607;4141;46.88;139.67;;;
37.264449;-3.339602;1195;0;5;609;4139;46.9;139.65;;;
37.264395;-3.339817;1196;0;6;610;4138;46.92;139.63;;;
37.264322;-3.340021;1198;0;5;611;4137;46.94;139.61;;;
37.264216;-3.340204;1198;0;5;612;4136;46.96;139.59;;;
37.264101;-3.340378;1199;0;4;613;4135;46.98;139.57;;;
37.263985;-3.340550;1200;0;4;613;4135;47;139.55;;;
37.263868;-3.340722;1201;0;4;614;4134;47.02;139.53;;;
37.263751;-3.340894;1201;0;4;615;4133;47.04;139.51;;;
37.263670;-3.341092;1202;0;3;616;4132;47.06;139.49;;;
37.263654;-3.341317;1203;0;3;617;4131;47.08;139.47;;;
37.263637;-3.341542;1204;0;3;617;4131;47.1;139.45;;;
37.263621;-3.341767;1204;0;3;618;4130;47.12;139.43;;;
37.263605;-3.341992;1204;0;3;618;4130;47.14;139.41;;;
37.263610;-3.342217;1205;0;3;619;4129;47.16;139.39;;;
37.263659;-3.342433;1206;0;3;619;4129;47.18;139.37;;;
37.263721;-3.342645;1207;0;3;620;4128;47.2;139.35;;;
37.263784;-3.342856;1207;0;3;621;4127;47.22;139.33;;;
37.263858;-3.343062;1207;0;3;621;4127;47.24;139.31;;;
37.263939;-3.343264;1208;0;3;622;4126;47.26;139.29;;;
37.264013;-3.343470;1209;0;2;622;4126;47.28;139.27;;;
37.264084;-3.343677;1209;0;2;623;4125;47.3;139.25;;;
37.264168;-3.343873;1210;0;2;623;4125;47.32;139.23;;;
37.264298;-3.344029;1210;0;2;623;4125;47.34;139.21;;;
37.264433;-3.344178;1210;0;2;624;4124;47.36;139.19;;;
37.264571;-3.344324;1211;0;2;624;4124;47.38;139.17;;;
37.264708;-3.344469;1211;0;2;625;4123;47.4;139.15;;;
37.264846;-3.344615;1212;0;2;625;4123;47.42;139.13;;;
37.264962;-3.344786;1212;0;2;626;4122;47.44;139.11;;;
37.265054;-3.344979;1212;0;2;626;4122;47.46;139.09;;;
37.265124;-3.345186;1213;0;2;626;4122;47.48;139.07;;;
37.265173;-3.345404;1213;0;2;627;4121;47.5;139.05;;;
37.265211;-3.345624;1214;0;2;627;4121;47.52;139.03;;;
37.265213;-3.345850;1214;0;2;627;4121;47.54;139.01;;;
37.265197;-3.346075;1214;0;2;628;4120;47.56;138.99;;;
37.265180;-3.346300;1214;0;1;628;4120;47.58;138.97;;;
37.265153;-3.346523;1215;0;1;628;4120;47.6;138.95;;;
37.265123;-3.346746;1215;0;1;628;4120;47.62;138.93;;;
37.265094;-3.346969;1215;0;1;629;4119;47.64;138.91;;;
37.265065;-3.347192;1215;0;1;629;4119;47.66;138.89;;;
37.265032;-3.347414;1215;0;1;629;4119;47.68;138.87;;;
37.264980;-3.347630;1216;0;1;629;4119;47.7;138.85;;;
37.264927;-3.347846;1216;0;1;630;4118;47.72;138.83;;;
37.264874;-3.348062;1216;0;1;630;4118;47.74;138.81;;;
37.264817;-3.348277;1216;0;1;630;4118;47.76;138.79;;;
37.264793;-3.348499;1217;0;1;630;4118;47.78;138.77;;;
37.264787;-3.348724;1217;0;1;631;4117;47.8;138.75;;;
37.264779;-3.348950;1217;0;1;631;4117;47.82;138.73;;;
37.264719;-3.349161;1217;0;1;631;4117;47.84;138.71;;;
37.264648;-3.349369;1218;0;1;631;4117;47.86;138.69;;;
37.264577;-3.349576;1218;0;1;632;4116;47.88;138.67;;;
37.264503;-3.349782;1218;0;1;632;4116;47.9;138.65;;;
37.264426;-3.349986;1218;0;1;632;4116;47.92;138.63;;;
37.264348;-3.350190;1218;0;1;632;4116;47.94;138.61;;;
37.264270;-3.350394;1219;0;1;632;4116;47.96;138.59;;;
37.264192;-3.350597;1219;0;1;632;4116;47.98;138.57;;;
37.264086;-3.350780;1219;0;1;633;4115;48;138.55;;;
37.263976;-3.350958;1220;0;1;633;4115;48.02;138.53;;;
37.263852;-3.351122;1220;0;1;633;4115;48.04;138.51;;;
37.263728;-3.351286;1220;0;1;633;4115;48.06;138.49;;;
37.263605;-3.351450;1220;0;1;634;4114;48.08;138.47;;;
37.263480;-3.351613;1220;0;1;634;4114;48.1;138.45;;;
37.263359;-3.351780;1220;0;1;634;4114;48.12;138.43;;;
37.263242;-3.351952;1221;0;1;634;4114;48.14;138.41;;;
37.263124;-3.352123;1221;0;1;634;4114;48.16;138.39;;;
37.263006;-3.352293;1221;0;1;635;4113;48.18;138.37;;;
37.262889;-3.352465;1221;0;1;635;4113;48.2;138.35;;;
37.262771;-3.352636;1221;0;1;635;4113;48.22;138.33;;;
37.262653;-3.352806;1222;0;1;635;4113;48.24;138.31;;;
37.262575;-3.353008;1222;0;1;635;4113;48.26;138.29;;;
37.262523;-3.353224;1222;0;1;636;4112;48.28;138.27;;;
37.262472;-3.353441;1223;0;2;636;4112;48.3;138.25;;;
37.262435;-3.353662;1223;0;1;636;4112;48.32;138.23;;;
37.262399;-3.353884;1223;0;1;637;4111;48.34;138.21;;;
37.262363;-3.354105;1224;0;1;637;4111;48.36;138.19;;;
37.262326;-3.354326;1224;0;1;637;4111;48.38;138.17;;;
37.262290;-3.354548;1224;0;1;637;4111;48.4;138.15;;;
37.262249;-3.354768;1224;0;1;638;4110;48.42;138.13;;;
37.262190;-3.354981;1224;0;1;638;4110;48.44;138.11;;;
37.262123;-3.355191;1225;0;1;638;4110;48.46;138.09;;;
37.262045;-3.355394;1225;0;1;639;4109;48.48;138.07;;;
37.261957;-3.355591;1225;0;1;639;4109;48.5;138.05;;;
37.261869;-3.355788;1226;0;1;639;4109;48.52;138.03;;;
37.261781;-3.355985;1226;0;1;639;4109;48.54;138.01;;;
37.261693;-3.356182;1226;0;1;640;4108;48.56;137.99;;;
37.261604;-3.356378;1226;0;1;640;4108;48.58;137.97;;;
37.261516;-3.356575;1227;0;1;640;4108;48.6;137.95;;;
37.261427;-3.356772;1227;0;1;640;4108;48.62;137.93;;;
37.261339;-3.356969;1227;0;1;641;4107;48.64;137.91;;;
37.261251;-3.357166;1227;0;1;641;4107;48.66;137.89;;;
37.261165;-3.357364;1228;0;1;641;4107;48.68;137.87;;;
37.261079;-3.357563;1228;0;1;642;4106;48.7;137.85;;;
37.260993;-3.357761;1228;0;2;642;4106;48.72;137.83;;;
37.260896;-3.357951;1228;0;2;642;4106;48.74;137.81;;;
37.260794;-3.358137;1229;0;2;642;4106;48.76;137.79;;;
37.260692;-3.358324;1229;0;1;643;4105;48.78;137.77;;;
37.260589;-3.358509;1230;0;2;643;4105;48.8;137.75;;;
37.260477;-3.358686;1230;0;2;643;4105;48.82;137.73;;;
37.260364;-3.358862;1230;0;2;644;4104;48.84;137.71;;;
37.260252;-3.359038;1230;0;2;644;4104;48.86;137.69;;;
37.260136;-3.359210;1231;0;2;644;4104;48.88;137.67;;;
37.259995;-3.359351;1231;0;2;645;4103;48.9;137.65;;;
37.259846;-3.359478;1231;0;2;645;4103;48.92;137.63;;;
37.259692;-3.359594;1232;0;2;645;4103;48.94;137.61;;;
37.259538;-3.359711;1232;0;2;646;4102;48.96;137.59;;;
37.259384;-3.359827;1233;0;2;646;4102;48.98;137.57;;;
37.259230;-3.359944;1233;0;2;647;4101;49;137.55;;;
37.259075;-3.360060;1233;0;2;647;4101;49.02;137.53;;;
37.258921;-3.360176;1234;0;2;647;4101;49.04;137.51;;;
37.258764;-3.360285;1234;0;2;648;4100;49.06;137.49;;;
37.258605;-3.360391;1234;0;2;648;4100;49.08;137.47;;;
37.258446;-3.360496;1235;0;2;648;4100;49.1;137.45;;;
37.258295;-3.360619;1235;0;2;649;4099;49.12;137.43;;;
37.258148;-3.360748;1235;0;2;649;4099;49.14;137.41;;;
37.258014;-3.360900;1236;0;2;649;4099;49.16;137.39;;;
37.257884;-3.361055;1236;0;2;649;4099;49.18;137.37;;;
37.257763;-3.361223;1236;0;2;650;4098;49.2;137.35;;;
37.257642;-3.361390;1237;0;2;650;4098;49.22;137.33;;;
37.257518;-3.361554;1237;0;2;651;4097;49.24;137.31;;;
37.257392;-3.361715;1238;0;3;651;4097;49.26;137.29;;;
37.257267;-3.361877;1239;0;3;652;4096;49.28;137.27;;;
37.257141;-3.362039;1239;0;3;653;4095;49.3;137.25;;;
37.257015;-3.362200;1239;0;3;653;4095;49.32;137.23;;;
37.256889;-3.362362;1240;0;3;653;4095;49.34;137.21;;;
37.256764;-3.362523;1241;0;3;654;4094;49.36;137.19;;;
37.256638;-3.362685;1241;0;3;655;4093;49.38;137.17;;;
37.256512;-3.362846;1241;0;3;655;4093;49.4;137.15;;;
37.256386;-3.363008;1242;0;3;656;4092;49.42;137.13;;;
37.256261;-3.363169;1243;0;3;657;4091;49.44;137.11;;;
37.256135;-3.363331;1244;0;3;657;4091;49.46;137.09;;;
37.256009;-3.363493;1244;0;3;658;4090;49.48;137.07;;;
37.255883;-3.363654;1245;0;4;658;4090;49.5;137.05;;;
37.255757;-3.363815;1246;0;4;659;4089;49.52;137.03;;;
37.255671;-3.364008;1246;0;4;660;4088;49.54;137.01;;;
37.255623;-3.364225;1247;0;4;661;4087;49.56;136.99;;;
37.255582;-3.364445;1248;0;4;661;4087;49.58;136.97;;;
37.255535;-3.364663;1249;0;5;662;4086;49.6;136.95;;;
37.255460;-3.364868;1250;0;5;663;4085;49.62;136.93;;;
37.255382;-3.365072;1251;0;5;665;4083;49.64;136.91;;;
37.255295;-3.365270;1252;0;5;666;4082;49.66;136.89;;;
37.255208;-3.365467;1253;0;5;667;4081;49.68;136.87;;;
37.255121;-3.365665;1254;0;5;668;4080;49.7;136.85;;;
37.255033;-3.365862;1255;0;4;668;4080;49.72;136.83;;;
37.254946;-3.366060;1255;0;4;669;4079;49.74;136.81;;;
37.254859;-3.366258;1256;0;4;670;4078;49.76;136.79;;;
37.254771;-3.366455;1257;0;4;671;4077;49.78;136.77;;;
37.254684;-3.366653;1258;0;4;672;4076;49.8;136.75;;;
37.254596;-3.366850;1259;0;5;673;4075;49.82;136.73;;;
37.254509;-3.367047;1260;0;4;673;4075;49.84;136.71;;;
37.254422;-3.367245;1260;0;4;674;4074;49.86;136.69;;;
37.254335;-3.367442;1262;0;4;675;4073;49.88;136.67;;;
37.254247;-3.367640;1263;0;4;676;4072;49.9;136.65;;;
37.254159;-3.367837;1263;0;5;677;4071;49.92;136.63;;;
37.254082;-3.368041;1264;0;5;678;4070;49.94;136.61;;;
37.254014;-3.368250;1265;0;5;679;4069;49.96;136.59;;;
37.253946;-3.368459;1266;0;5;680;4068;49.98;136.57;;;
37.253878;-3.368668;1267;0;5;680;4068;50;136.55;;;
37.253814;-3.368879;1268;0;5;682;4066;50.02;136.53;;;
37.253756;-3.369093;1269;0;5;683;4065;50.04;136.51;;;
37.253698;-3.369307;1270;0;6;684;4064;50.06;136.49;;;
37.253640;-3.369521;1271;0;6;685;4063;50.08;136.47;;;
37.253583;-3.369735;1272;0;6;686;4062;50.1;136.45;;;
37.253524;-3.369949;1274;0;6;687;4061;50.12;136.43;;;
37.253479;-3.370167;1275;0;5;689;4059;50.14;136.41;;;
37.253449;-3.370390;1276;0;5;690;4058;50.16;136.39;;;
37.253422;-3.370613;1277;0;5;691;4057;50.18;136.37;;;
37.253395;-3.370837;1278;0;5;692;4056;50.2;136.35;;;
37.253368;-3.371060;1279;0;5;692;4056;50.22;136.33;;;
37.253350;-3.371285;1280;0;4;693;4055;50.24;136.31;;;
37.253338;-3.371510;1280;0;4;694;4054;50.26;136.29;;;
37.253354;-3.371735;1282;0;4;695;4053;50.28;136.27;;;
37.253370;-3.371960;1282;0;4;696;4052;50.3;136.25;;;
37.253386;-3.372185;1283;0;4;697;4051;50.32;136.23;;;
37.253384;-3.372411;1284;0;4;698;4050;50.34;136.21;;;
37.253380;-3.372637;1285;0;4;699;4049;50.36;136.19;;;
37.253375;-3.372863;1286;0;4;699;4049;50.38;136.17;;;
37.253370;-3.373089;1286;0;4;700;4048;50.4;136.15;;;
37.253348;-3.373313;1287;0;4;701;4047;50.42;136.13;;;
37.253289;-3.373524;1288;0;4;702;4046;50.44;136.11;;;
37.253200;-3.373720;1289;0;4;703;4045;50.46;136.09;;;
37.253106;-3.373913;1290;0;4;704;4044;50.48;136.07;;;
37.253013;-3.374106;1291;0;5;705;4043;50.5;136.05;;;
37.252919;-3.374299;1292;0;4;705;4043;50.52;136.03;;;
37.252825;-3.374491;1293;0;4;706;4042;50.54;136.01;;;
37.252719;-3.374671;1294;0;4;707;4041;50.56;135.99;;;
37.252571;-3.374797;1295;0;3;708;4040;50.58;135.97;;;
37.252404;-3.374875;1295;0;3;709;4039;50.6;135.95;;;
37.252228;-3.374924;1295;0;2;709;4039;50.62;135.93;;;
37.252051;-3.374961;1296;0;2;710;4038;50.64;135.91;;;
37.251873;-3.374993;1296;0;1;710;4038;50.66;135.89;;;
37.251695;-3.375025;1296;0;1;710;4038;50.68;135.87;;;
37.251517;-3.375057;1297;0;1;710;4038;50.7;135.85;16;summit;3
37.251339;-3.375089;1297;0;1;710;4038;50.72;135.83;;;
37.251161;-3.375121;1297;0;0;710;4038;50.74;135.81;;;
37.250983;-3.375153;1297;0;0;710;4038;50.76;135.79;;;
37.250804;-3.375184;1297;0;0;710;4038;50.78;135.77;;;
37.250627;-3.375221;1297;0;0;710;4038;50.8;135.75;;;
37.250452;-3.375275;1297;0;0;710;4038;50.82;135.73;;;
37.250278;-3.375329;1297;0;0;710;4038;50.84;135.71;;;
37.250103;-3.375383;1297;0;0;710;4038;50.86;135.69;;;
37.249928;-3.375437;1297;0;0;710;4038;50.88;135.67;;;
37.249754;-3.375491;1297;0;0;710;4038;50.9;135.65;;;
37.249579;-3.375544;1297;0;0;710;4038;50.92;135.63;;;
37.249404;-3.375598;1297;0;-1;710;4038;50.94;135.61;;;
37.249230;-3.375652;1296;0;-1;710;4038;50.96;135.59;;;
37.249055;-3.375706;1296;0;-1;710;4038;50.98;135.57;;;
37.248881;-3.375761;1296;0;-1;710;4038;51;135.55;;;
37.248707;-3.375820;1296;0;-2;710;4038;51.02;135.53;;;
37.248533;-3.375879;1296;0;-2;710;4038;51.04;135.51;;;
37.248364;-3.375955;1295;0;-2;710;4038;51.06;135.49;;;
37.248209;-3.376070;1294;0;-3;710;4038;51.08;135.47;;;
37.248082;-3.376229;1294;0;-3;710;4038;51.1;135.45;;;
37.247957;-3.376390;1293;0;-3;710;4038;51.12;135.43;;;
37.247831;-3.376552;1293;0;-4;710;4038;51.14;135.41;;;
37.247732;-3.376740;1292;0;-5;710;4038;51.16;135.39;;;
37.247671;-3.376948;1291;0;-5;710;4038;51.18;135.37;;;
37.247698;-3.377170;1290;0;-5;710;4038;51.2;135.35;;;
37.247730;-3.377393;1289;0;-5;710;4038;51.22;135.33;;;
37.247706;-3.377612;1287;0;-5;710;4038;51.24;135.31;;;
37.247600;-3.377795;1286;0;-6;710;4038;51.26;135.29;;;
37.247456;-3.377929;1285;0;-6;710;4038;51.28;135.27;;;
37.247311;-3.378064;1285;0;-5;710;4038;51.3;135.25;;;
37.247171;-3.378205;1284;0;-6;710;4038;51.32;135.23;;;
37.247082;-3.378396;1282;0;-6;710;4038;51.34;135.21;;;
37.247025;-3.378610;1281;0;-7;710;4038;51.36;135.19;;;
37.246960;-3.378820;1280;0;-8;710;4038;51.38;135.17;;;
37.246832;-3.378970;1278;0;-7;710;4038;51.4;135.15;;;
37.246658;-3.379031;1276;0;-7;710;4038;51.42;135.13;;;
37.246484;-3.379089;1274;0;-7;710;4038;51.44;135.11;;;
37.246308;-3.379132;1273;0;-7;710;4038;51.46;135.09;;;
37.246131;-3.379174;1272;0;-7;710;4038;51.48;135.07;;;
37.245955;-3.379216;1271;0;-7;710;4038;51.5;135.05;;;
37.245779;-3.379172;1269;0;-7;710;4038;51.52;135.03;;;
37.245623;-3.379060;1268;0;-7;710;4038;51.54;135.01;;;
37.245467;-3.378947;1267;0;-7;710;4038;51.56;134.99;;;
37.245299;-3.378878;1264;0;-7;710;4038;51.58;134.97;;;
37.245129;-3.378953;1263;0;-7;710;4038;51.6;134.95;;;
37.244973;-3.379065;1262;0;-7;710;4038;51.62;134.93;;;
37.244814;-3.379161;1261;0;-6;710;4038;51.64;134.91;;;
37.244634;-3.379177;1260;0;-6;710;4038;51.66;134.89;;;
37.244456;-3.379152;1259;0;-6;710;4038;51.68;134.87;;;
37.244277;-3.379125;1258;0;-7;710;4038;51.7;134.85;;;
37.244098;-3.379098;1257;0;-8;710;4038;51.72;134.83;;;
37.243920;-3.379071;1255;0;-8;710;4038;51.74;134.81;;;
37.243768;-3.378955;1253;0;-9;710;4038;51.76;134.79;;;
37.243674;-3.378767;1252;0;-10;710;4038;51.78;134.77;;;
37.243588;-3.378568;1248;0;-10;710;4038;51.8;134.75;;;
37.243446;-3.378430;1246;0;-10;710;4038;51.82;134.73;;;
37.243274;-3.378388;1244;0;-10;710;4038;51.84;134.71;;;
37.243102;-3.378446;1242;0;-10;710;4038;51.86;134.69;;;
37.242984;-3.378614;1240;0;-9;710;4038;51.88;134.67;;;
37.242942;-3.378828;1238;0;-8;710;4038;51.9;134.65;;;
37.242988;-3.379040;1237;0;-8;710;4038;51.92;134.63;;;
37.243117;-3.379194;1235;0;-8;710;4038;51.94;134.61;;;
37.243267;-3.379317;1234;0;-8;710;4038;51.96;134.59;;;
37.243408;-3.379454;1233;0;-7;710;4038;51.98;134.57;;;
37.243465;-3.379663;1231;0;-7;710;4038;52;134.55;;;
37.243443;-3.379883;1229;0;-7;710;4038;52.02;134.53;;;
37.243352;-3.380078;1228;0;-7;710;4038;52.04;134.51;;;
37.243255;-3.380268;1227;0;-7;710;4038;52.06;134.49;;;
37.243227;-3.380486;1225;0;-7;710;4038;52.08;134.47;;;
37.243288;-3.380694;1224;0;-7;710;4038;52.1;134.45;;;
37.243413;-3.380853;1222;0;-7;710;4038;52.12;134.43;;;
37.243548;-3.381002;1221;0;-7;710;4038;52.14;134.41;;;
37.243653;-3.381179;1219;0;-7;710;4038;52.16;134.39;;;
37.243695;-3.381395;1218;0;-7;710;4038;52.18;134.37;;;
37.243654;-3.381610;1217;0;-6;710;4038;52.2;134.35;;;
37.243533;-3.381772;1216;0;-6;710;4038;52.22;134.33;;;
37.243369;-3.381861;1214;0;-5;710;4038;52.24;134.31;;;
37.243192;-3.381862;1213;0;-5;710;4038;52.26;134.29;;;
37.243028;-3.381774;1212;0;-5;710;4038;52.28;134.27;;;
37.242876;-3.381653;1212;0;-5;710;4038;52.3;134.25;;;
37.242719;-3.381549;1211;0;-4;710;4038;52.32;134.23;;;
37.242542;-3.381520;1210;0;-4;710;4038;52.34;134.21;;;
37.242370;-3.381569;1209;0;-4;710;4038;52.36;134.19;;;
37.242237;-3.381717;1208;0;-3;710;4038;52.38;134.17;;;
37.242133;-3.381901;1208;0;-3;710;4038;52.4;134.15;;;
37.242040;-3.382094;1207;0;-3;710;4038;52.42;134.13;;;
37.241950;-3.382290;1207;0;-3;710;4038;52.44;134.11;;;
37.241866;-3.382489;1206;0;-2;710;4038;52.46;134.09;;;
37.241781;-3.382689;1206;0;-2;710;4038;52.48;134.07;;;
37.241695;-3.382887;1205;0;-2;710;4038;52.5;134.05;;;
37.241598;-3.383077;1205;0;-2;710;4038;52.52;134.03;;;
37.241497;-3.383264;1204;0;-2;710;4038;52.54;134.01;;;
37.241396;-3.383451;1204;0;-2;710;4038;52.56;133.99;;;
37.241295;-3.383638;1204;0;-1;710;4038;52.58;133.97;;;
37.241181;-3.383812;1203;0;-1;710;4038;52.6;133.95;;;
37.241045;-3.383958;1203;0;-1;710;4038;52.62;133.93;;;
37.240892;-3.384076;1203;0;-1;710;4038;52.64;133.91;;;
37.240731;-3.384175;1203;0;-1;710;4038;52.66;133.89;;;
37.240567;-3.384267;1203;0;-1;710;4038;52.68;133.87;;;
37.240398;-3.384347;1202;0;-1;710;4038;52.7;133.85;;;
37.240228;-3.384414;1202;0;-1;710;4038;52.72;133.83;;;
37.240049;-3.384443;1202;0;-1;710;4038;52.74;133.81;;;
37.239870;-3.384434;1202;0;0;710;4038;52.76;133.79;;;
37.239691;-3.384417;1202;0;0;710;4038;52.78;133.77;;;
37.239514;-3.384438;1202;0;0;710;4038;52.8;133.75;;;
37.239374;-3.384567;1202;0;0;711;4037;52.82;133.73;;;
37.239284;-3.384762;1202;0;1;711;4037;52.84;133.71;;;
37.239199;-3.384962;1202;0;1;711;4037;52.86;133.69;;;
37.239054;-3.385082;1203;0;1;711;4037;52.88;133.67;;;
37.238878;-3.385131;1203;0;1;711;4037;52.9;133.65;;;
37.238699;-3.385146;1203;0;1;712;4036;52.92;133.63;;;
37.238531;-3.385225;1203;0;1;712;4036;52.94;133.61;;;
37.238360;-3.385291;1203;0;1;712;4036;52.96;133.59;;;
37.238184;-3.385337;1204;0;2;712;4036;52.98;133.57;;;
37.238008;-3.385382;1204;0;2;713;4035;53;133.55;;;
37.237832;-3.385428;1204;0;2;713;4035;53.02;133.53;;;
37.237656;-3.385473;1205;0;2;713;4035;53.04;133.51;;;
37.237479;-3.385518;1205;0;2;714;4034;53.06;133.49;;;
37.237304;-3.385570;1206;0;2;714;4034;53.08;133.47;;;
37.237143;-3.385668;1206;0;2;715;4033;53.1;133.45;;;
37.237028;-3.385833;1207;0;3;715;4033;53.12;133.43;;;
37.236969;-3.386046;1207;0;2;716;4032;53.14;133.41;;;
37.236908;-3.386258;1208;0;2;716;4032;53.16;133.39;;;
37.236827;-3.386456;1208;0;3;717;4031;53.18;133.37;;;
37.236672;-3.386560;1209;0;2;717;4031;53.2;133.35;;;
37.236504;-3.386642;1209;0;2;718;4030;53.22;133.33;;;
37.236345;-3.386741;1210;0;2;718;4030;53.24;133.31;;;
37.236230;-3.386909;1210;0;2;719;4029;53.26;133.29;;;
37.236172;-3.387123;1211;0;2;719;4029;53.28;133.27;;;
37.236102;-3.387330;1211;0;2;720;4028;53.3;133.25;;;
37.235985;-3.387496;1212;0;2;720;4028;53.32;133.23;;;
37.235821;-3.387589;1212;0;2;721;4027;53.34;133.21;;;
37.235657;-3.387682;1212;0;2;721;4027;53.36;133.19;;;
37.235532;-3.387834;1213;0;2;721;4027;53.38;133.17;;;
37.235488;-3.388047;1213;0;1;722;4026;53.4;133.15;;;
37.235499;-3.388272;1213;0;1;722;4026;53.42;133.13;;;
37.235544;-3.388490;1214;0;1;722;4026;53.44;133.11;;;
37.235574;-3.388712;1214;0;0;722;4026;53.46;133.09;;;
37.235537;-3.388929;1214;0;0;722;4026;53.48;133.07;;;
37.235423;-3.389099;1214;0;0;722;4026;53.5;133.05;;;
37.235277;-3.389230;1214;0;0;722;4026;53.52;133.03;;;
37.235150;-3.389384;1214;0;-1;722;4026;53.54;133.01;;;
37.235070;-3.389585;1213;0;-1;722;4026;53.56;132.99;;;
37.235044;-3.389804;1213;0;-1;722;4026;53.58;132.97;;;
37.235063;-3.390029;1213;0;-2;722;4026;53.6;132.95;;;
37.235082;-3.390251;1213;0;-2;722;4026;53.62;132.93;;;
37.235006;-3.390455;1212;0;-2;722;4026;53.64;132.91;;;
37.234923;-3.390655;1212;0;-2;722;4026;53.66;132.89;;;
37.234840;-3.390856;1211;0;-2;722;4026;53.68;132.87;;;
37.234768;-3.391062;1211;0;-3;722;4026;53.7;132.85;;;
37.234750;-3.391285;1210;0;-3;722;4026;53.72;132.83;;;
37.234795;-3.391504;1210;0;-3;722;4026;53.74;132.81;;;
37.234808;-3.391728;1209;0;-5;722;4026;53.76;132.79;;;
37.234768;-3.391944;1209;0;-5;722;4026;53.78;132.77;;;
37.234646;-3.392110;1208;0;-5;722;4026;53.8;132.75;;;
37.234506;-3.392251;1208;0;-6;722;4026;53.82;132.73;;;
37.234364;-3.392388;1203;0;-6;722;4026;53.84;132.71;;;
37.234221;-3.392524;1203;0;-6;722;4026;53.86;132.69;;;
37.234077;-3.392660;1202;0;-6;722;4026;53.88;132.67;;;
37.233932;-3.392795;1201;0;-5;722;4026;53.9;132.65;;;
37.233788;-3.392930;1200;0;-3;722;4026;53.92;132.63;;;
37.233625;-3.393021;1200;0;-3;722;4026;53.94;132.61;;;
37.233447;-3.393038;1199;0;-3;722;4026;53.96;132.59;;;
37.233268;-3.393038;1198;0;-3;722;4026;53.98;132.57;;;
37.233088;-3.393038;1198;0;-4;722;4026;54;132.55;;;
37.232908;-3.393038;1197;0;-4;722;4026;54.02;132.53;;;
37.232729;-3.393055;1196;0;-4;722;4026;54.04;132.51;;;
37.232557;-3.393118;1195;0;-4;722;4026;54.06;132.49;;;
37.232397;-3.393219;1195;0;-4;722;4026;54.08;132.47;;;
37.232252;-3.393351;1194;0;-4;722;4026;54.1;132.45;;;
37.232131;-3.393518;1193;0;-4;722;4026;54.12;132.43;;;
37.232031;-3.393703;1192;0;-4;722;4026;54.14;132.41;;;
37.231958;-3.393910;1191;0;-4;722;4026;54.16;132.39;;;
37.231884;-3.394116;1190;0;-4;722;4026;54.18;132.37;;;
37.231816;-3.394324;1190;0;-3;722;4026;54.2;132.35;;;
37.231751;-3.394535;1189;0;-3;722;4026;54.22;132.33;;;
37.231685;-3.394745;1188;0;-3;722;4026;54.24;132.31;;;
37.231589;-3.394936;1188;0;-3;722;4026;54.26;132.29;;;
37.231488;-3.395123;1187;0;-3;722;4026;54.28;132.27;;;
37.231391;-3.395311;1187;0;-3;722;4026;54.3;132.25;;;
37.231346;-3.395529;1186;0;-3;722;4026;54.32;132.23;;;
37.231328;-3.395754;1185;0;-3;722;4026;54.34;132.21;;;
37.231310;-3.395979;1185;0;-3;722;4026;54.36;132.19;;;
37.231264;-3.396197;1184;0;-3;722;4026;54.38;132.17;;;
37.231208;-3.396411;1184;0;-3;722;4026;54.4;132.15;;;
37.231132;-3.396615;1183;0;-2;722;4026;54.42;132.13;;;
37.231035;-3.396805;1183;0;-2;722;4026;54.44;132.11;;;
37.230920;-3.396978;1183;0;-2;722;4026;54.46;132.09;;;
37.230787;-3.397129;1182;0;-2;722;4026;54.48;132.07;;;
37.230633;-3.397244;1182;0;-3;722;4026;54.5;132.05;;;
37.230474;-3.397351;1181;0;-2;722;4026;54.52;132.03;;;
37.230324;-3.397475;1180;0;-2;722;4026;54.54;132.01;;;
37.230176;-3.397603;1180;0;-2;722;4026;54.56;131.99;;;
37.230044;-3.397756;1180;0;-2;722;4026;54.58;131.97;;;
37.229911;-3.397908;1179;0;-2;722;4026;54.6;131.95;;;
37.229777;-3.398059;1179;0;-2;722;4026;54.62;131.93;;;
37.229619;-3.398161;1179;0;-2;722;4026;54.64;131.91;;;
37.229441;-3.398172;1178;0;-2;722;4026;54.66;131.89;;;
37.229263;-3.398132;1178;0;-2;722;4026;54.68;131.87;;;
37.229086;-3.398093;1178;0;-2;722;4026;54.7;131.85;;;
37.228909;-3.398077;1177;0;-2;722;4026;54.72;131.83;;;
37.228730;-3.398099;1177;0;-2;722;4026;54.74;131.81;;;
37.228551;-3.398121;1177;0;-2;722;4026;54.76;131.79;;;
37.228373;-3.398157;1176;0;-2;722;4026;54.78;131.77;;;
37.228197;-3.398201;1176;0;-2;722;4026;54.8;131.75;;;
37.228023;-3.398254;1175;0;-2;722;4026;54.82;131.73;;;
37.227883;-3.398386;1175;0;-2;722;4026;54.84;131.71;;;
37.227819;-3.398598;1175;0;-2;722;4026;54.86;131.69;;;
37.227769;-3.398814;1174;0;-2;722;4026;54.88;131.67;;;
37.227715;-3.399029;1174;0;-2;722;4026;54.9;131.65;;;
37.227622;-3.399221;1174;0;-2;722;4026;54.92;131.63;;;
37.227487;-3.399366;1173;0;-2;722;4026;54.94;131.61;;;
37.227327;-3.399467;1173;0;-2;722;4026;54.96;131.59;;;
37.227161;-3.399555;1172;0;-3;722;4026;54.98;131.57;;;
37.227018;-3.399685;1171;0;-3;722;4026;55;131.55;;;
37.226947;-3.399891;1171;0;-3;722;4026;55.02;131.53;;;
37.226881;-3.400101;1171;0;-3;722;4026;55.04;131.51;;;
37.226814;-3.400311;1170;0;-3;722;4026;55.06;131.49;;;
37.226742;-3.400517;1169;0;-3;722;4026;55.08;131.47;;;
37.226640;-3.400704;1169;0;-3;722;4026;55.1;131.45;;;
37.226514;-3.400864;1168;0;-3;722;4026;55.12;131.43;;;
37.226386;-3.401023;1168;0;-3;722;4026;55.14;131.41;;;
37.226259;-3.401182;1167;0;-3;722;4026;55.16;131.39;;;
37.226120;-3.401326;1167;0;-3;722;4026;55.18;131.37;;;
37.225948;-3.401389;1166;0;-2;722;4026;55.2;131.35;;;
37.225774;-3.401444;1166;0;-2;722;4026;55.22;131.33;;;
37.225619;-3.401552;1165;0;-2;722;4026;55.24;131.31;;;
37.225500;-3.401719;1165;0;-3;722;4026;55.26;131.29;;;
37.225394;-3.401901;1164;0;-3;722;4026;55.28;131.27;;;
37.225312;-3.402103;1164;0;-3;722;4026;55.3;131.25;;;
37.225261;-3.402318;1163;0;-3;722;4026;55.32;131.23;;;
37.225215;-3.402537;1163;0;-3;722;4026;55.34;131.21;;;
37.225149;-3.402746;1162;0;-3;722;4026;55.36;131.19;;;
37.225060;-3.402940;1161;0;-4;722;4026;55.38;131.17;;;
37.224923;-3.403084;1160;0;-3;722;4026;55.4;131.15;;;
37.224773;-3.403208;1160;0;-3;722;4026;55.42;131.13;;;
37.224630;-3.403346;1159;0;-4;722;4026;55.44;131.11;;;
37.224513;-3.403516;1158;0;-4;722;4026;55.46;131.09;;;
37.224397;-3.403690;1158;0;-4;722;4026;55.48;131.07;;;
37.224301;-3.403880;1157;0;-4;722;4026;55.5;131.05;;;
37.224256;-3.404097;1156;0;-4;722;4026;55.52;131.03;;;
37.224217;-3.404318;1155;0;-4;722;4026;55.54;131.01;;;
37.224149;-3.404526;1154;0;-4;722;4026;55.56;130.99;;;
37.224019;-3.404679;1153;0;-4;722;4026;55.58;130.97;;;
37.223867;-3.404800;1153;0;-4;722;4026;55.6;130.95;;;
37.223717;-3.404924;1152;0;-4;722;4026;55.62;130.93;;;
37.223609;-3.405103;1151;0;-4;722;4026;55.64;130.91;;;
37.223540;-3.405311;1150;0;-4;722;4026;55.66;130.89;;;
37.223531;-3.405533;1149;0;-4;722;4026;55.68;130.87;;;
37.223581;-3.405747;1149;0;-4;722;4026;55.7;130.85;;;
37.223657;-3.405953;1148;0;-4;722;4026;55.72;130.83;;;
37.223715;-3.406165;1146;0;-4;722;4026;55.74;130.81;;;
37.223732;-3.406390;1146;0;-4;722;4026;55.76;130.79;;;
37.223714;-3.406612;1145;0;-4;722;4026;55.78;130.77;;;
37.223652;-3.406823;1144;0;-4;722;4026;55.8;130.75;;;
37.223551;-3.407006;1143;0;-4;722;4026;55.82;130.73;;;
37.223425;-3.407168;1142;0;-5;722;4026;55.84;130.71;;;
37.223300;-3.407329;1142;0;-4;722;4026;55.86;130.69;;;
37.223200;-3.407513;1141;0;-4;722;4026;55.88;130.67;;;
37.223183;-3.407735;1139;0;-4;722;4026;55.9;130.65;;;
37.223258;-3.407938;1139;0;-4;722;4026;55.92;130.63;;;
37.223346;-3.408134;1138;0;-4;722;4026;55.94;130.61;;;
37.223442;-3.408325;1137;0;-4;722;4026;55.96;130.59;;;
37.223534;-3.408519;1136;0;-4;722;4026;55.98;130.57;;;
37.223596;-3.408731;1136;0;-4;722;4026;56;130.55;;;
37.223638;-3.408950;1135;0;-4;722;4026;56.02;130.53;;;
37.223670;-3.409172;1134;0;-4;722;4026;56.04;130.51;;;
37.223701;-3.409395;1133;0;-4;722;4026;56.06;130.49;;;
37.223732;-3.409617;1133;0;-4;722;4026;56.08;130.47;;;
37.223754;-3.409840;1132;0;-4;722;4026;56.1;130.45;;;
37.223689;-3.410044;1131;0;-3;722;4026;56.12;130.43;;;
37.223554;-3.410191;1131;0;-4;722;4026;56.14;130.41;;;
37.223415;-3.410333;1130;0;-4;722;4026;56.16;130.39;;;
37.223316;-3.410518;1129;0;-4;722;4026;56.18;130.37;;;
37.223244;-3.410726;1129;0;-4;722;4026;56.2;130.35;;;
37.223175;-3.410933;1128;0;-4;722;4026;56.22;130.33;;;
37.223055;-3.411101;1127;0;-4;722;4026;56.24;130.31;;;
37.222898;-3.411210;1126;0;-4;722;4026;56.26;130.29;;;
37.222740;-3.411317;1125;0;-4;722;4026;56.28;130.27;;;
37.222603;-3.411461;1124;0;-3;722;4026;56.3;130.25;;;
37.222483;-3.411629;1124;0;-3;722;4026;56.32;130.23;;;
37.222352;-3.411783;1123;0;-3;722;4026;56.34;130.21;;;
37.222210;-3.411922;1123;0;-3;722;4026;56.36;130.19;;;
37.222068;-3.412060;1122;0;-3;722;4026;56.38;130.17;;;
37.221935;-3.412212;1122;0;-3;722;4026;56.4;130.15;;;
37.221809;-3.412372;1121;0;-4;722;4026;56.42;130.13;;;
37.221737;-3.412575;1120;0;-4;722;4026;56.44;130.11;;;
37.221750;-3.412796;1119;0;-4;722;4026;56.46;130.09;;;
37.221842;-3.412988;1118;0;-4;722;4026;56.48;130.07;;;
37.222003;-3.413083;1117;0;-4;722;4026;56.5;130.05;;;
37.222173;-3.413155;1117;0;-3;722;4026;56.52;130.03;;;
37.222338;-3.413241;1116;0;-3;722;4026;56.54;130.01;;;
37.222471;-3.413390;1115;0;-3;722;4026;56.56;129.99;;;
37.222580;-3.413569;1115;0;-3;722;4026;56.58;129.97;;;
37.222664;-3.413768;1115;0;-4;722;4026;56.6;129.95;;;
37.222724;-3.413980;1114;0;-4;722;4026;56.62;129.93;;;
37.222708;-3.414202;1113;0;-4;722;4026;56.64;129.91;;;
37.222660;-3.414419;1112;0;-4;722;4026;56.66;129.89;;;
37.222611;-3.414637;1111;0;-4;722;4026;56.68;129.87;;;
37.222562;-3.414854;1110;0;-4;722;4026;56.7;129.85;;;
37.222538;-3.415075;1109;0;-4;722;4026;56.72;129.83;;;
37.222611;-3.415276;1108;0;-4;722;4026;56.74;129.81;;;
37.222731;-3.415444;1108;0;-3;722;4026;56.76;129.79;;;
37.222833;-3.415628;1107;0;-3;722;4026;56.78;129.77;;;
37.222818;-3.415845;1106;0;-3;722;4026;56.8;129.75;;;
37.222724;-3.416037;1106;0;-3;722;4026;56.82;129.73;;;
37.222648;-3.416242;1105;0;-3;722;4026;56.84;129.71;;;
37.222618;-3.416464;1105;0;-3;722;4026;56.86;129.69;;;
37.222590;-3.416686;1104;0;-3;722;4026;56.88;129.67;;;
37.222610;-3.416910;1103;0;-3;722;4026;56.9;129.65;;;
37.222631;-3.417135;1103;0;-3;722;4026;56.92;129.63;;;
37.222643;-3.417359;1102;0;-3;722;4026;56.94;129.61;;;
37.222609;-3.417580;1102;0;-3;722;4026;56.96;129.59;;;
37.222551;-3.417794;1101;0;-3;722;4026;56.98;129.57;;;
37.222490;-3.418007;1100;0;-3;722;4026;57;129.55;;;
37.222422;-3.418214;1100;0;-3;722;4026;57.02;129.53;;;
37.222294;-3.418372;1099;0;-3;722;4026;57.04;129.51;;;
37.222132;-3.418467;1098;0;-3;722;4026;57.06;129.49;;;
37.221967;-3.418557;1098;0;-3;722;4026;57.08;129.47;;;
37.221823;-3.418686;1097;0;-3;722;4026;57.1;129.45;;;
37.221725;-3.418872;1097;0;-3;722;4026;57.12;129.43;;;
37.221654;-3.419079;1096;0;-3;722;4026;57.14;129.41;;;
37.221589;-3.419290;1096;0;-3;722;4026;57.16;129.39;;;
37.221525;-3.419501;1095;0;-3;722;4026;57.18;129.37;;;
37.221481;-3.419720;1095;0;-3;722;4026;57.2;129.35;;;
37.221435;-3.419938;1094;0;-3;722;4026;57.22;129.33;;;
37.221388;-3.420156;1094;0;-3;722;4026;57.24;129.31;;;
37.221405;-3.420381;1093;0;-3;722;4026;57.26;129.29;;;
37.221436;-3.420604;1092;0;-3;722;4026;57.28;129.27;;;
37.221458;-3.420827;1092;0;-3;722;4026;57.3;129.25;;;
37.221458;-3.421053;1091;0;-3;722;4026;57.32;129.23;;;
37.221386;-3.421258;1090;0;-3;722;4026;57.34;129.21;;;
37.221307;-3.421462;1090;0;-3;722;4026;57.36;129.19;;;
37.221227;-3.421664;1089;0;-3;722;4026;57.38;129.17;;;
37.221144;-3.421864;1089;0;-3;722;4026;57.4;129.15;;;
37.221061;-3.422064;1088;0;-3;722;4026;57.42;129.13;;;
37.220977;-3.422264;1087;0;-2;722;4026;57.44;129.11;;;
37.220893;-3.422464;1087;0;-3;722;4026;57.46;129.09;;;
37.220810;-3.422664;1087;0;-3;722;4026;57.48;129.07;;;
37.220726;-3.422864;1086;0;-3;722;4026;57.5;129.05;;;
37.220657;-3.423071;1086;0;-3;722;4026;57.52;129.03;;;
37.220653;-3.423292;1085;0;-3;722;4026;57.54;129.01;;;
37.220724;-3.423499;1084;0;-4;722;4026;57.56;128.99;;;
37.220821;-3.423689;1083;0;-4;722;4026;57.58;128.97;;;
37.220917;-3.423880;1083;0;-4;722;4026;57.6;128.95;;;
37.221014;-3.424070;1082;0;-4;722;4026;57.62;128.93;;;
37.221081;-3.424278;1081;0;-4;722;4026;57.64;128.91;;;
37.221089;-3.424500;1080;0;-4;722;4026;57.66;128.89;;;
37.221013;-3.424703;1079;0;-4;722;4026;57.68;128.87;;;
37.220920;-3.424896;1079;0;-4;722;4026;57.7;128.85;;;
37.220819;-3.425083;1078;0;-3;722;4026;57.72;128.83;;;
37.220717;-3.425269;1077;0;-3;722;4026;57.74;128.81;;;
37.220622;-3.425460;1077;0;-3;722;4026;57.76;128.79;;;
37.220577;-3.425676;1076;0;-3;722;4026;57.78;128.77;;;
37.220574;-3.425901;1075;0;-3;722;4026;57.8;128.75;;;
37.220585;-3.426126;1075;0;-3;722;4026;57.82;128.73;;;
37.220597;-3.426352;1074;0;-3;722;4026;57.84;128.71;;;
37.220608;-3.426577;1074;0;-3;722;4026;57.86;128.69;;;
37.220563;-3.426795;1073;0;-3;722;4026;57.88;128.67;;;
37.220498;-3.427006;1072;0;-3;722;4026;57.9;128.65;;;
37.220444;-3.427220;1072;0;-3;722;4026;57.92;128.63;;;
37.220427;-3.427445;1071;0;-3;722;4026;57.94;128.61;;;
37.220415;-3.427670;1071;0;-3;722;4026;57.96;128.59;;;
37.220388;-3.427892;1070;0;-3;722;4026;57.98;128.57;;;
37.220335;-3.428108;1070;0;-2;722;4026;58;128.55;;;
37.220272;-3.428318;1069;0;-2;722;4026;58.02;128.53;;;
37.220157;-3.428488;1069;0;-2;722;4026;58.04;128.51;;;
37.220022;-3.428637;1068;0;-2;722;4026;58.06;128.49;;;
37.219887;-3.428787;1068;0;-2;722;4026;58.08;128.47;;;
37.219766;-3.428953;1068;0;-2;722;4026;58.1;128.45;;;
37.219646;-3.429121;1068;0;-1;722;4026;58.12;128.43;;;
37.219526;-3.429290;1067;0;-1;722;4026;58.14;128.41;;;
37.219407;-3.429458;1067;0;-1;722;4026;58.16;128.39;;;
37.219301;-3.429641;1067;0;-1;722;4026;58.18;128.37;;;
37.219210;-3.429835;1066;0;-1;722;4026;58.2;128.35;;;
37.219131;-3.430038;1066;0;-1;722;4026;58.22;128.33;;;
37.219053;-3.430241;1066;0;-1;722;4026;58.24;128.31;;;
37.218972;-3.430443;1066;0;-1;722;4026;58.26;128.29;;;
37.218893;-3.430646;1066;0;-1;722;4026;58.28;128.27;;;
37.218773;-3.430809;1066;0;-1;722;4026;58.3;128.25;;;
37.218628;-3.430944;1065;0;-1;722;4026;58.32;128.23;;;
37.218484;-3.431079;1065;0;-1;722;4026;58.34;128.21;;;
37.218340;-3.431214;1065;0;-1;722;4026;58.36;128.19;;;
37.218195;-3.431348;1065;0;-1;722;4026;58.38;128.17;;;
37.218050;-3.431482;1065;0;-1;722;4026;58.4;128.15;;;
37.217904;-3.431614;1065;0;0;722;4026;58.42;128.13;;;
37.217759;-3.431748;1065;0;0;722;4026;58.44;128.11;;;
37.217628;-3.431900;1064;0;0;722;4026;58.46;128.09;;;
37.217548;-3.432102;1064;0;0;722;4026;58.48;128.07;;;
37.217483;-3.432313;1064;0;0;723;4025;58.5;128.05;;;
37.217411;-3.432519;1064;0;0;723;4025;58.52;128.03;;;
37.217338;-3.432726;1064;0;0;723;4025;58.54;128.01;;;
37.217265;-3.432932;1064;0;0;723;4025;58.56;127.99;;;
37.217192;-3.433139;1064;0;0;723;4025;58.58;127.97;;;
37.217124;-3.433347;1064;0;0;723;4025;58.6;127.95;;;
37.217093;-3.433569;1064;0;0;723;4025;58.62;127.93;;;
37.217069;-3.433793;1065;0;0;723;4025;58.64;127.91;;;
37.217009;-3.434002;1065;0;0;723;4025;58.66;127.89;;;
37.216918;-3.434196;1065;0;1;723;4025;58.68;127.87;;;
37.216850;-3.434405;1065;0;1;723;4025;58.7;127.85;;;
37.216785;-3.434615;1065;0;1;723;4025;58.72;127.83;;;
37.216722;-3.434827;1065;0;1;723;4025;58.74;127.81;;;
37.216660;-3.435037;1065;0;1;723;4025;58.76;127.79;;;
37.216563;-3.435227;1065;0;1;724;4024;58.78;127.77;;;
37.216458;-3.435411;1065;0;1;724;4024;58.8;127.75;;;
37.216334;-3.435574;1066;0;1;724;4024;58.82;127.73;;;
37.216198;-3.435720;1066;0;1;724;4024;58.84;127.71;;;
37.216050;-3.435849;1066;0;2;724;4024;58.86;127.69;;;
37.215896;-3.435962;1067;0;2;725;4023;58.88;127.67;;;
37.215727;-3.436040;1067;0;2;725;4023;58.9;127.65;;;
37.215555;-3.436094;1068;0;2;726;4022;58.92;127.63;;;
37.215377;-3.436068;1068;0;2;726;4022;58.94;127.61;;;
37.215203;-3.436011;1068;0;2;726;4022;58.96;127.59;;;
37.215029;-3.435954;1068;0;1;727;4021;58.98;127.57;;;
37.214855;-3.435897;1069;0;1;727;4021;59;127.55;;;
37.214681;-3.435840;1069;0;2;727;4021;59.02;127.53;;;
37.214507;-3.435783;1069;0;2;727;4021;59.04;127.51;;;
37.214333;-3.435726;1069;0;2;728;4020;59.06;127.49;;;
37.214159;-3.435668;1070;0;2;728;4020;59.08;127.47;;;
37.213990;-3.435590;1071;0;2;729;4019;59.1;127.45;;;
37.213822;-3.435512;1071;0;3;730;4018;59.12;127.43;;;
37.213665;-3.435404;1072;0;3;730;4018;59.14;127.41;;;
37.213523;-3.435267;1072;0;3;731;4017;59.16;127.39;;;
37.213391;-3.435113;1073;0;3;731;4017;59.18;127.37;;;
37.213259;-3.434959;1073;0;3;731;4017;59.2;127.35;;;
37.213128;-3.434806;1074;0;3;732;4016;59.22;127.33;;;
37.212996;-3.434652;1075;0;4;733;4015;59.24;127.31;;;
37.212849;-3.434524;1076;0;4;734;4014;59.26;127.29;;;
37.212674;-3.434484;1077;0;5;735;4013;59.28;127.27;;;
37.212496;-3.434513;1078;0;5;736;4012;59.3;127.25;;;
37.212326;-3.434581;1078;0;5;737;4011;59.32;127.23;;;
37.212165;-3.434680;1079;0;5;738;4010;59.34;127.21;;;
37.212003;-3.434779;1081;0;5;739;4009;59.36;127.19;;;
37.211863;-3.434921;1082;0;5;740;4008;59.38;127.17;;;
37.211733;-3.435076;1083;0;5;741;4007;59.4;127.15;;;
37.211580;-3.435191;1084;0;5;742;4006;59.42;127.13;;;
37.211404;-3.435228;1084;0;5;743;4005;59.44;127.11;;;
37.211284;-3.435388;1086;0;4;744;4004;59.46;127.09;;;
37.211184;-3.435576;1086;0;4;744;4004;59.48;127.07;;;
37.211059;-3.435725;1088;0;4;746;4002;59.5;127.05;;;
37.210884;-3.435758;1088;0;4;746;4002;59.52;127.03;;;
37.210704;-3.435755;1089;0;4;747;4001;59.54;127.01;;;
37.210525;-3.435745;1089;0;5;747;4001;59.56;126.99;;;
37.210345;-3.435746;1091;0;4;749;3999;59.58;126.97;;;
37.210182;-3.435836;1092;0;5;750;3998;59.6;126.95;;;
37.210052;-3.435992;1093;0;5;751;3997;59.62;126.93;;;
37.209921;-3.436147;1094;0;4;752;3996;59.64;126.91;;;
37.209781;-3.436285;1095;0;4;753;3995;59.66;126.89;;;
37.209606;-3.436269;1095;0;3;754;3994;59.68;126.87;;;
37.209431;-3.436221;1096;0;2;754;3994;59.7;126.85;;;
37.209251;-3.436209;1096;0;2;754;3994;59.72;126.83;;;
37.209072;-3.436213;1096;0;1;754;3994;59.74;126.81;;;
37.208892;-3.436216;1096;0;1;755;3993;59.76;126.79;;;
37.208712;-3.436225;1097;0;1;755;3993;59.78;126.77;;;
37.208539;-3.436207;1097;0;0;755;3993;59.8;126.75;;;
37.208406;-3.436058;1097;0;0;755;3993;59.82;126.73;;;
37.208233;-3.436013;1097;0;0;755;3993;59.84;126.71;;;
37.208061;-3.436077;1097;0;0;755;3993;59.86;126.69;;;
37.207889;-3.436142;1097;0;-1;755;3993;59.88;126.67;;;
37.207732;-3.436233;1096;0;-1;755;3993;59.9;126.65;;;
37.207625;-3.436415;1096;0;-1;755;3993;59.92;126.63;;;
37.207517;-3.436596;1096;0;-1;755;3993;59.94;126.61;;;
37.207393;-3.436758;1096;0;-1;755;3993;59.96;126.59;;;
37.207265;-3.436917;1095;0;-1;755;3993;59.98;126.57;;;
37.207137;-3.437075;1095;0;-2;755;3993;60;126.55;;;
37.207009;-3.437234;1095;0;-2;755;3993;60.02;126.53;;;
37.206881;-3.437392;1095;0;-2;755;3993;60.04;126.51;;;
37.206725;-3.437501;1094;0;-2;755;3993;60.06;126.49;;;
37.206548;-3.437542;1094;0;-3;755;3993;60.08;126.47;;;
37.206369;-3.437572;1093;0;-3;755;3993;60.1;126.45;;;
37.206191;-3.437603;1092;0;-3;755;3993;60.12;126.43;;;
37.206013;-3.437637;1092;0;-3;755;3993;60.14;126.41;;;
37.205836;-3.437673;1091;0;-3;755;3993;60.16;126.39;;;
37.205669;-3.437748;1090;0;-4;755;3993;60.18;126.37;;;
37.205541;-3.437899;1090;0;-4;755;3993;60.2;126.35;;;
37.205431;-3.438078;1089;0;-4;755;3993;60.22;126.33;;;
37.205321;-3.438257;1088;0;-4;755;3993;60.24;126.31;;;
37.205161;-3.438343;1087;0;-5;755;3993;60.26;126.29;;;
37.204983;-3.438376;1086;0;-5;755;3993;60.28;126.27;;;
37.204805;-3.438409;1085;0;-6;755;3993;60.3;126.25;;;
37.204634;-3.438480;1084;0;-5;755;3993;60.32;126.23;;;
37.204464;-3.438551;1082;0;-5;755;3993;60.34;126.21;;;
37.204313;-3.438674;1081;0;-5;755;3993;60.36;126.19;;;
37.204187;-3.438835;1080;0;-6;755;3993;60.38;126.17;;;
37.204077;-3.439013;1080;0;-7;755;3993;60.4;126.15;;;
37.203977;-3.439200;1079;0;-7;755;3993;60.42;126.13;;;
37.203888;-3.439396;1077;0;-7;755;3993;60.44;126.11;;;
37.203797;-3.439591;1075;0;-8;755;3993;60.46;126.09;;;
37.203777;-3.439812;1074;0;-8;755;3993;60.48;126.07;;;
37.203833;-3.440025;1071;0;-8;755;3993;60.5;126.05;;;
37.203951;-3.440195;1070;0;-8;755;3993;60.52;126.03;;;
37.204069;-3.440365;1068;0;-7;755;3993;60.54;126.01;;;
37.204187;-3.440535;1067;0;-7;755;3993;60.56;125.99;;;
37.204305;-3.440705;1066;0;-7;755;3993;60.58;125.97;;;
37.204423;-3.440876;1065;0;-7;755;3993;60.6;125.95;;;
37.204541;-3.441046;1064;0;-6;755;3993;60.62;125.93;;;
37.204639;-3.441234;1062;0;-6;755;3993;60.64;125.91;;;
37.204658;-3.441458;1061;0;-7;755;3993;60.66;125.89;;;
37.204659;-3.441683;1059;0;-7;755;3993;60.68;125.87;;;
37.204711;-3.441900;1058;0;-8;755;3993;60.7;125.85;;;
37.204802;-3.442093;1057;0;-7;755;3993;60.72;125.83;;;
37.204947;-3.442223;1055;0;-7;755;3993;60.74;125.81;;;
37.205120;-3.442279;1053;0;-7;755;3993;60.76;125.79;;;
37.205298;-3.442269;1052;0;-7;755;3993;60.78;125.77;;;
37.205477;-3.442242;1051;0;-7;755;3993;60.8;125.75;;;
37.205655;-3.442216;1049;0;-6;755;3993;60.82;125.73;;;
37.205835;-3.442205;1048;0;-6;755;3993;60.84;125.71;;;
37.206015;-3.442193;1047;0;-6;755;3993;60.86;125.69;;;
37.206192;-3.442161;1046;0;-6;755;3993;60.88;125.67;;;
37.206367;-3.442111;1045;0;-5;755;3993;60.9;125.65;;;
37.206547;-3.442097;1044;0;-5;755;3993;60.92;125.63;;;
37.206726;-3.442086;1043;0;-5;755;3993;60.94;125.61;;;
37.206906;-3.442083;1042;0;-5;755;3993;60.96;125.59;;;
37.207086;-3.442095;1041;0;-5;755;3993;60.98;125.57;;;
37.207265;-3.442106;1040;0;-5;755;3993;61;125.55;;;
37.207445;-3.442119;1039;0;-5;755;3993;61.02;125.53;;;
37.207623;-3.442154;1038;0;-5;755;3993;61.04;125.51;;;
37.207800;-3.442187;1037;0;-5;755;3993;61.06;125.49;;;
37.207966;-3.442270;1036;0;-5;755;3993;61.08;125.47;;;
37.208104;-3.442413;1035;0;-6;755;3993;61.1;125.45;;;
37.208236;-3.442565;1033;0;-5;755;3993;61.12;125.43;;;
37.208312;-3.442765;1032;0;-5;755;3993;61.14;125.41;;;
37.208304;-3.442989;1031;0;-5;755;3993;61.16;125.39;;;
37.208220;-3.443185;1030;0;-5;755;3993;61.18;125.37;;;
37.208064;-3.443289;1029;0;-4;755;3993;61.2;125.35;;;
37.207886;-3.443313;1029;0;-4;755;3993;61.22;125.33;;;
37.207707;-3.443318;1028;0;-3;755;3993;61.24;125.31;;;
37.207527;-3.443318;1028;0;-3;755;3993;61.26;125.29;;;
37.207357;-3.443390;1026;0;-3;755;3993;61.28;125.27;;;
37.207206;-3.443507;1026;0;-3;755;3993;61.3;125.25;;;
37.207063;-3.443644;1026;0;-3;755;3993;61.32;125.23;;;
37.206919;-3.443780;1025;0;-3;755;3993;61.34;125.21;;;
37.206780;-3.443923;1024;0;-3;755;3993;61.36;125.19;;;
37.206644;-3.444070;1023;0;-3;755;3993;61.38;125.17;;;
37.206507;-3.444217;1023;0;-3;755;3993;61.4;125.15;;;
37.206371;-3.444365;1022;0;-3;755;3993;61.42;125.13;;;
37.206234;-3.444511;1022;0;-3;755;3993;61.44;125.11;;;
37.206110;-3.444674;1021;0;-3;755;3993;61.46;125.09;;;
37.205975;-3.444823;1020;0;-4;755;3993;61.48;125.07;;;
37.205822;-3.444938;1020;0;-4;755;3993;61.5;125.05;;;
37.205653;-3.445012;1019;0;-4;755;3993;61.52;125.03;;;
37.205478;-3.445064;1018;0;-4;755;3993;61.54;125.01;;;
37.205300;-3.445096;1017;0;-4;755;3993;61.56;124.99;;;
37.205121;-3.445116;1016;0;-4;755;3993;61.58;124.97;;;
37.204942;-3.445131;1015;0;-4;755;3993;61.6;124.95;;;
37.204762;-3.445145;1015;0;-4;755;3993;61.62;124.93;;;
37.204583;-3.445167;1014;0;-4;755;3993;61.64;124.91;;;
37.204405;-3.445192;1013;0;-4;755;3993;61.66;124.89;;;
37.204226;-3.445217;1012;0;-5;755;3993;61.68;124.87;;;
37.204058;-3.445297;1011;0;-5;755;3993;61.7;124.85;;;
37.203914;-3.445432;1010;0;-5;755;3993;61.72;124.83;;;
37.203789;-3.445594;1009;0;-5;755;3993;61.74;124.81;;;
37.203664;-3.445757;1008;0;-5;755;3993;61.76;124.79;;;
37.203540;-3.445920;1007;0;-5;755;3993;61.78;124.77;;;
37.203415;-3.446082;1006;0;-6;755;3993;61.8;124.75;;;
37.203290;-3.446245;1005;0;-6;755;3993;61.82;124.73;;;
37.203180;-3.446424;1004;0;-6;755;3993;61.84;124.71;;;
37.203069;-3.446601;1003;0;-6;755;3993;61.86;124.69;;;
37.202978;-3.446795;1001;0;-6;755;3993;61.88;124.67;;;
37.202888;-3.446991;1000;0;-6;755;3993;61.9;124.65;;;
37.202826;-3.447199;999;0;-6;755;3993;61.92;124.63;;;
37.202815;-3.447422;998;0;-5;755;3993;61.94;124.61;;;
37.202845;-3.447644;997;0;-5;755;3993;61.96;124.59;;;
37.202902;-3.447859;996;0;-5;755;3993;61.98;124.57;;;
37.202984;-3.448058;995;0;-5;755;3993;62;124.55;;;
37.203101;-3.448228;994;0;-5;755;3993;62.02;124.53;;;
37.203226;-3.448391;993;0;-5;755;3993;62.04;124.51;;;
37.203351;-3.448553;992;0;-5;755;3993;62.06;124.49;;;
37.203476;-3.448715;991;0;-5;755;3993;62.08;124.47;;;
37.203589;-3.448887;990;0;-5;755;3993;62.1;124.45;;;
37.203623;-3.449105;989;0;-4;755;3993;62.12;124.43;;;
37.203576;-3.449318;988;0;-4;755;3993;62.14;124.41;;;
37.203471;-3.449501;987;0;-4;755;3993;62.16;124.39;;;
37.203347;-3.449665;987;0;-4;755;3993;62.18;124.37;;;
37.203224;-3.449829;986;0;-4;755;3993;62.2;124.35;;;
37.203100;-3.449993;985;0;-3;755;3993;62.22;124.33;;;
37.202976;-3.450157;985;0;-3;755;3993;62.24;124.31;;;
37.202852;-3.450321;984;0;-3;755;3993;62.26;124.29;;;
37.202729;-3.450485;983;0;-3;755;3993;62.28;124.27;;;
37.202604;-3.450648;983;0;-3;755;3993;62.3;124.25;;;
37.202481;-3.450812;982;0;-3;755;3993;62.32;124.23;;;
37.202375;-3.450994;982;0;-3;755;3993;62.34;124.21;;;
37.202345;-3.451215;981;0;-2;755;3993;62.36;124.19;;;
37.202319;-3.451438;981;0;-2;755;3993;62.38;124.17;;;
37.202293;-3.451662;980;0;-2;755;3993;62.4;124.15;;;
37.202215;-3.451862;980;0;-2;755;3993;62.42;124.13;;;
37.202092;-3.452026;980;0;-2;755;3993;62.44;124.11;;;
37.201965;-3.452186;979;0;-2;755;3993;62.46;124.09;;;
37.201839;-3.452346;979;0;-2;755;3993;62.48;124.07;;;
37.201712;-3.452507;979;0;-2;755;3993;62.5;124.05;;;
37.201585;-3.452667;979;0;-1;755;3993;62.52;124.03;;;
37.201447;-3.452809;978;0;-1;755;3993;62.54;124.01;;;
37.201286;-3.452900;978;0;-1;755;3993;62.56;123.99;;;
37.201110;-3.452948;978;0;-1;755;3993;62.58;123.97;;;
37.200932;-3.452977;977;0;-1;755;3993;62.6;123.95;;;
37.200753;-3.453006;977;0;-1;755;3993;62.62;123.93;;;
37.200575;-3.453034;977;0;-1;755;3993;62.64;123.91;;;
37.200404;-3.453095;977;0;-1;755;3993;62.66;123.89;;;
37.200259;-3.453224;977;0;-1;755;3993;62.68;123.87;;;
37.200154;-3.453407;977;0;-1;755;3993;62.7;123.85;;;
37.200050;-3.453591;976;0;-1;755;3993;62.72;123.83;;;
37.199946;-3.453775;976;0;-1;755;3993;62.74;123.81;;;
37.199817;-3.453931;976;0;-1;755;3993;62.76;123.79;;;
37.199678;-3.454073;976;0;-1;755;3993;62.78;123.77;;;
37.199533;-3.454208;976;0;-1;755;3993;62.8;123.75;;;
37.199388;-3.454341;976;0;-1;755;3993;62.82;123.73;;;
37.199270;-3.454509;976;0;-1;755;3993;62.84;123.71;;;
37.199162;-3.454689;975;0;-1;755;3993;62.86;123.69;;;
37.199087;-3.454889;975;0;-1;755;3993;62.88;123.67;;;
37.199047;-3.455109;975;0;-1;755;3993;62.9;123.65;;;
37.199028;-3.455334;975;0;-1;755;3993;62.92;123.63;;;
37.199034;-3.455560;975;0;-1;755;3993;62.94;123.61;;;
37.199039;-3.455785;974;0;-2;755;3993;62.96;123.59;;;
37.199067;-3.456008;974;0;-3;755;3993;62.98;123.57;;;
37.199078;-3.456233;974;0;-3;755;3993;63;123.55;;;
37.199052;-3.456456;974;0;-3;755;3993;63.02;123.53;;;
37.198996;-3.456669;971;0;-3;755;3993;63.04;123.51;;;
37.198894;-3.456853;971;0;-3;755;3993;63.06;123.49;;;
37.198785;-3.457033;971;0;-4;755;3993;63.08;123.47;;;
37.198675;-3.457212;970;0;-3;755;3993;63.1;123.45;;;
37.198560;-3.457385;970;0;-3;755;3993;63.12;123.43;;;
37.198443;-3.457557;969;0;-3;755;3993;63.14;123.41;;;
37.198316;-3.457716;968;0;-3;755;3993;63.16;123.39;;;
37.198174;-3.457851;968;0;-4;755;3993;63.18;123.37;;;
37.198009;-3.457938;967;0;-4;755;3993;63.2;123.35;;;
37.197831;-3.457977;966;0;-3;755;3993;63.22;123.33;;;
37.197654;-3.458016;966;0;-3;755;3993;63.24;123.31;;;
37.197493;-3.458108;965;0;-3;755;3993;63.26;123.29;;;
37.197340;-3.458226;964;0;-3;755;3993;63.28;123.27;;;
37.197196;-3.458362;964;0;-3;755;3993;63.3;123.25;;;
37.197052;-3.458498;963;0;-3;755;3993;63.32;123.23;;;
37.196909;-3.458633;963;0;-3;755;3993;63.34;123.21;;;
37.196764;-3.458768;962;0;-3;755;3993;63.36;123.19;;;
37.196625;-3.458911;962;0;-4;755;3993;63.38;123.17;;;
37.196500;-3.459073;961;0;-5;755;3993;63.4;123.15;;;
37.196390;-3.459251;960;0;-5;755;3993;63.42;123.13;;;
37.196287;-3.459436;959;0;-6;755;3993;63.44;123.11;;;
37.196224;-3.459643;957;0;-6;755;3993;63.46;123.09;;;
37.196211;-3.459868;956;0;-6;755;3993;63.48;123.07;;;
37.196242;-3.460090;955;0;-6;755;3993;63.5;123.05;;;
37.196273;-3.460313;954;0;-6;755;3993;63.52;123.03;;;
37.196303;-3.460535;953;0;-6;755;3993;63.54;123.01;;;
37.196290;-3.460759;952;0;-6;755;3993;63.56;122.99;;;
37.196198;-3.460950;950;0;-5;755;3993;63.58;122.97;;;
37.196080;-3.461120;949;0;-5;755;3993;63.6;122.95;;;
37.195945;-3.461269;948;0;-5;755;3993;63.62;122.93;;;
37.195810;-3.461419;947;0;-6;755;3993;63.64;122.91;;;
37.195675;-3.461568;946;0;-5;755;3993;63.66;122.89;;;
37.195540;-3.461717;945;0;-5;755;3993;63.68;122.87;;;
37.195405;-3.461866;944;0;-5;755;3993;63.7;122.85;;;
37.195276;-3.462023;943;0;-5;755;3993;63.72;122.83;;;
37.195152;-3.462187;942;0;-6;755;3993;63.74;122.81;;;
37.195027;-3.462349;940;0;-6;755;3993;63.76;122.79;;;
37.194937;-3.462545;939;0;-6;755;3993;63.78;122.77;;;
37.194882;-3.462757;938;0;-7;755;3993;63.8;122.75;17;;
37.194882;-3.462980;937;0;-7;755;3993;63.82;122.73;;;
37.194904;-3.463204;935;0;-7;755;3993;63.84;122.71;;;
37.194940;-3.463424;934;0;-7;755;3993;63.86;122.69;;;
37.195003;-3.463636;932;0;-7;755;3993;63.88;122.67;;;
37.195065;-3.463847;931;0;-7;755;3993;63.9;122.65;;;
37.195128;-3.464059;929;0;-7;755;3993;63.92;122.63;;;
37.195190;-3.464271;928;0;-6;755;3993;63.94;122.61;;;
37.195227;-3.464490;927;0;-6;755;3993;63.96;122.59;;;
37.195233;-3.464715;926;0;-7;755;3993;63.98;122.57;;;
37.195168;-3.464922;925;0;-7;755;3993;64;122.55;;;
37.195062;-3.465103;924;0;-7;755;3993;64.02;122.53;;;
37.194798;-3.465397;920;0;-6;755;3993;64.06;122.49;;;
37.194642;-3.465511;918;0;-6;755;3993;64.08;122.47;;;
37.194317;-3.465700;917;0;-6;755;3993;64.12;122.43;;;
37.194149;-3.465781;916;0;-6;755;3993;64.14;122.41;;;
37.193987;-3.465875;914;0;-6;755;3993;64.16;122.39;;;
37.193858;-3.466269;911;0;-6;755;3993;64.2;122.35;;;
37.193869;-3.466494;910;0;-6;755;3993;64.22;122.33;;;
37.193822;-3.467158;907;0;-5;755;3993;64.28;122.27;;;
37.193753;-3.467367;906;0;-5;755;3993;64.3;122.25;;;
37.193618;-3.467785;904;0;-5;755;3993;64.34;122.21;;;
37.193649;-3.468002;903;0;-5;755;3993;64.36;122.19;;;
37.193723;-3.468208;902;0;-5;755;3993;64.38;122.17;;;
37.193868;-3.468620;900;0;-6;755;3993;64.42;122.13;;;
37.193857;-3.468844;899;0;-7;755;3993;64.44;122.11;;;
37.193746;-3.469273;896;0;-7;755;3993;64.48;122.07;;;
37.193727;-3.469492;894;0;-7;755;3993;64.5;122.05;;;
37.193811;-3.469688;892;0;-7;755;3993;64.52;122.03;;;
37.194059;-3.470016;890;0;-6;755;3993;64.56;121.99;;;
37.194183;-3.470180;889;0;-5;755;3993;64.58;121.97;;;
37.194430;-3.470507;887;0;-5;755;3993;64.62;121.93;;;
37.194558;-3.470666;886;0;-5;755;3993;64.64;121.91;;;
37.194687;-3.470824;885;0;-5;755;3993;64.66;121.89;;;
37.194961;-3.471110;884;0;-5;755;3993;64.7;121.85;;;
37.195132;-3.471167;882;0;-6;755;3993;64.72;121.83;;;
37.195668;-3.471212;879;0;-6;755;3993;64.78;121.77;;;
37.195802;-3.471349;877;0;-7;755;3993;64.8;121.75;;;
37.195895;-3.471781;875;0;-7;755;3993;64.84;121.71;;;
37.195930;-3.472003;873;0;-7;755;3993;64.86;121.69;;;
37.196027;-3.472187;871;0;-7;755;3993;64.88;121.67;;;
37.196351;-3.472356;869;0;-7;755;3993;64.92;121.63;;;
37.196529;-3.472390;868;0;-6;755;3993;64.94;121.61;;;
37.196885;-3.472458;866;0;-7;755;3993;64.98;121.57;;;
37.197047;-3.472547;864;0;-7;755;3993;65;121.55;;;
37.197092;-3.472757;863;0;-7;755;3993;65.02;121.53;;;
37.196824;-3.472934;859;0;-6;755;3993;65.06;121.49;;;
37.196669;-3.472822;858;0;-6;755;3993;65.08;121.47;;;
37.196342;-3.472643;857;0;-4;755;3993;65.12;121.43;;;
37.196164;-3.472607;856;0;-4;755;3993;65.14;121.41;;;
37.195986;-3.472572;855;0;-4;755;3993;65.16;121.39;;;
37.195631;-3.472500;854;0;-4;755;3993;65.2;121.35;;;
37.195454;-3.472464;853;0;-3;755;3993;65.22;121.33;;;
37.194921;-3.472356;851;0;-4;755;3993;65.28;121.27;;;
37.194743;-3.472320;851;0;-4;755;3993;65.3;121.25;;;
37.194400;-3.472207;848;0;-4;755;3993;65.34;121.21;;;
37.194250;-3.472082;848;0;-4;755;3993;65.36;121.19;;;
37.194103;-3.471952;847;0;-4;755;3993;65.38;121.17;;;
37.193799;-3.471711;845;0;-4;755;3993;65.42;121.13;;;
37.193644;-3.471596;844;0;-4;755;3993;65.44;121.11;;;
37.193311;-3.471429;843;0;-4;755;3993;65.48;121.07;;;
37.193138;-3.471364;843;0;-4;755;3993;65.5;121.05;;;
37.192966;-3.471300;842;0;-4;755;3993;65.52;121.03;;;
37.192615;-3.471209;839;0;-4;755;3993;65.56;120.99;;;
37.192456;-3.471308;838;0;-4;755;3993;65.58;120.97;;;
37.192171;-3.471582;838;0;-3;755;3993;65.62;120.93;;;
37.192028;-3.471720;837;0;-3;755;3993;65.64;120.91;;;
37.191885;-3.471857;837;0;-2;755;3993;65.66;120.89;;;
37.191598;-3.472130;836;0;-2;755;3993;65.7;120.85;;;
37.191455;-3.472267;835;0;-3;755;3993;65.72;120.83;;;
37.191130;-3.472788;834;0;-2;755;3993;65.78;120.77;;;
37.191085;-3.473006;833;0;-2;755;3993;65.8;120.75;;;
37.190982;-3.473438;832;0;-2;755;3993;65.84;120.71;;;
37.190855;-3.473596;832;0;-2;755;3993;65.86;120.69;;;
37.190722;-3.473749;832;0;-2;755;3993;65.88;120.67;;;
37.190451;-3.474046;831;0;-2;755;3993;65.92;120.63;;;
37.190315;-3.474194;831;0;-1;755;3993;65.94;120.61;;;
37.190043;-3.474490;830;0;-2;755;3993;65.98;120.57;;;
37.189908;-3.474638;830;0;-2;755;3993;66;120.55;;;
37.189772;-3.474786;830;0;-1;755;3993;66.02;120.53;;;
37.189508;-3.475091;829;0;-1;755;3993;66.06;120.49;;;
37.189397;-3.475268;828;0;-2;755;3993;66.08;120.47;;;
37.189201;-3.475647;828;0;-1;755;3993;66.12;120.43;;;
37.189103;-3.475837;828;0;-1;755;3993;66.14;120.41;;;
37.189005;-3.476026;827;0;-1;755;3993;66.16;120.39;;;
37.188892;-3.476450;827;0;-1;755;3993;66.2;120.35;;;
37.188882;-3.476674;827;0;-1;755;3993;66.22;120.33;;;
37.188908;-3.477351;826;0;-1;755;3993;66.28;120.27;;;
37.188881;-3.477574;826;0;-1;755;3993;66.3;120.25;;;
37.188768;-3.477998;826;0;-1;755;3993;66.34;120.21;;;
37.188686;-3.478199;826;0;-1;755;3993;66.36;120.19;;;
37.188596;-3.478395;825;0;-1;755;3993;66.38;120.17;;;
37.188407;-3.478779;824;0;-1;755;3993;66.42;120.13;;;
37.188300;-3.478959;824;0;-1;755;3993;66.44;120.11;;;
37.188036;-3.479266;824;0;-1;755;3993;66.48;120.07;;;
37.187904;-3.479419;824;0;-1;755;3993;66.5;120.05;;;
37.187772;-3.479572;824;0;-1;755;3993;66.52;120.03;;;
37.187511;-3.479884;823;0;-1;755;3993;66.56;119.99;;;
37.187388;-3.480048;823;0;-2;755;3993;66.58;119.97;;;
37.187266;-3.480466;822;0;-1;755;3993;66.62;119.93;;;
37.187243;-3.480690;822;0;-1;755;3993;66.64;119.91;;;
37.187220;-3.480914;822;0;-2;755;3993;66.66;119.89;;;
37.187168;-3.481360;821;0;-2;755;3993;66.7;119.85;;;
37.187140;-3.481583;821;0;-2;755;3993;66.72;119.83;;;
37.186920;-3.482189;820;0;-2;755;3993;66.78;119.77;;;
37.186809;-3.482366;819;0;-1;755;3993;66.8;119.75;18;;
37.186587;-3.482722;819;0;-2;755;3993;66.84;119.71;;;
37.186476;-3.482899;818;0;-2;755;3993;66.86;119.69;;;
37.186387;-3.483095;818;0;-1;755;3993;66.88;119.67;;;
37.186259;-3.483513;817;0;-1;755;3993;66.92;119.63;;;
37.186284;-3.483736;817;0;-1;755;3993;66.94;119.61;;;
37.186351;-3.484169;817;0;-1;755;3993;66.98;119.57;;;
37.186279;-3.484374;816;0;-1;755;3993;67;119.55;;;
37.186185;-3.484566;816;0;-1;755;3993;67.02;119.53;;;
37.186046;-3.484976;816;0;-2;755;3993;67.06;119.49;;;
37.186005;-3.485196;815;0;-2;755;3993;67.08;119.47;;;
37.185924;-3.485636;815;0;-2;755;3993;67.12;119.43;;;
37.185888;-3.485857;814;0;-1;755;3993;67.14;119.41;;;
37.185852;-3.486079;814;0;-1;755;3993;67.16;119.39;;;
37.185779;-3.486521;813;0;-2;755;3993;67.2;119.35;;;
37.185743;-3.486742;813;0;-2;755;3993;67.22;119.33;;;
37.185628;-3.487404;812;0;-2;755;3993;67.28;119.27;;;
37.185584;-3.487622;812;0;-2;755;3993;67.3;119.25;;;
37.185494;-3.488060;811;0;-2;755;3993;67.34;119.21;;;
37.185449;-3.488278;811;0;-2;755;3993;67.36;119.19;;;
37.185380;-3.488484;810;0;-2;755;3993;67.38;119.17;;;
37.185193;-3.488870;810;0;-1;755;3993;67.42;119.13;;;
37.185093;-3.489058;809;0;-2;755;3993;67.44;119.11;;;
37.184948;-3.489471;809;0;-1;755;3993;67.48;119.07;;;
37.184890;-3.489684;808;0;-1;755;3993;67.5;119.05;;;
37.184848;-3.489904;808;0;-1;755;3993;67.52;119.03;;;
37.184729;-3.490328;808;0;-1;755;3993;67.56;118.99;;;
37.184661;-3.490537;808;0;-2;755;3993;67.58;118.97;;;
37.184474;-3.490921;807;0;-2;755;3993;67.62;118.93;;;
37.184367;-3.491102;806;0;-2;755;3993;67.64;118.91;;;
37.184247;-3.491270;806;0;-2;755;3993;67.66;118.89;;;
37.184006;-3.491605;805;0;-2;755;3993;67.7;118.85;;;
37.183885;-3.491772;805;0;-1;755;3993;67.72;118.83;;;
37.183500;-3.492247;804;0;-1;755;3993;67.78;118.77;;;
37.183367;-3.492399;804;0;-1;755;3993;67.8;118.75;;;
37.183108;-3.492712;803;0;-1;755;3993;67.84;118.71;;;
37.182971;-3.492858;803;0;-1;755;3993;67.86;118.69;;;
37.182824;-3.492989;803;0;-1;755;3993;67.88;118.67;;;
37.182535;-3.493256;803;0;-1;755;3993;67.92;118.63;;;
37.182398;-3.493403;803;0;-1;755;3993;67.94;118.61;;;
37.182124;-3.493695;802;0;-1;755;3993;67.98;118.57;;;
37.181990;-3.493846;802;0;-1;755;3993;68;118.55;;;
37.181863;-3.494005;801;0;-1;755;3993;68.02;118.53;;;
37.181610;-3.494326;801;0;-1;755;3993;68.06;118.49;;;
37.181486;-3.494490;801;0;-1;755;3993;68.08;118.47;;;
37.181270;-3.494848;801;0;-1;755;3993;68.12;118.43;;;
37.181172;-3.495037;801;0;-1;755;3993;68.14;118.41;;;
37.181074;-3.495227;801;0;-1;755;3993;68.16;118.39;;;
37.180925;-3.495637;800;0;0;755;3993;68.2;118.35;;;
37.180852;-3.495844;800;0;0;755;3993;68.22;118.33;;;
37.180629;-3.496461;800;0;0;755;3993;68.28;118.27;;;
37.180554;-3.496666;800;0;0;755;3993;68.3;118.25;;;
37.180369;-3.497052;800;0;0;755;3993;68.34;118.21;;;
37.180274;-3.497244;800;0;0;755;3993;68.36;118.19;;;
37.180163;-3.497422;800;0;0;755;3993;68.38;118.17;;;
37.179939;-3.497775;800;0;0;755;3993;68.42;118.13;;;
37.179821;-3.497945;800;0;0;755;3993;68.44;118.11;;;
37.179584;-3.498285;800;0;0;755;3993;68.48;118.07;;;
37.179465;-3.498455;800;0;0;755;3993;68.5;118.05;;;
37.179347;-3.498625;800;0;0;755;3993;68.52;118.03;;;
37.179109;-3.498964;800;0;0;755;3993;68.56;117.99;;;
37.178991;-3.499134;800;0;0;755;3993;68.58;117.97;;;
37.178754;-3.499473;800;0;0;755;3993;68.62;117.93;;;
37.178636;-3.499644;800;0;0;755;3993;68.64;117.91;;;
37.178526;-3.499822;800;0;0;755;3993;68.66;117.89;;;
37.178338;-3.500207;800;0;0;755;3993;68.7;117.85;;;
37.178255;-3.500407;800;0;0;755;3993;68.72;117.83;;;
37.177990;-3.500996;800;0;0;755;3993;68.78;117.77;;;
37.177894;-3.501187;800;0;0;756;3992;68.8;117.75;;;
37.177697;-3.501564;800;0;0;756;3992;68.84;117.71;;;
37.177579;-3.501734;800;0;0;756;3992;68.86;117.69;;;
37.177457;-3.501901;800;0;0;756;3992;68.88;117.67;;;
37.177214;-3.502234;800;0;0;756;3992;68.92;117.63;;;
37.177092;-3.502400;800;0;0;756;3992;68.94;117.61;;;
37.176849;-3.502733;800;0;0;756;3992;68.98;117.57;;;
37.176728;-3.502899;800;0;0;756;3992;69;117.55;;;
37.176604;-3.503063;799;0;0;756;3992;69.02;117.53;;;
37.176332;-3.503359;799;0;-1;756;3992;69.06;117.49;;;
37.176196;-3.503506;799;0;-1;756;3992;69.08;117.47;;;
37.175924;-3.503802;799;0;-1;756;3992;69.12;117.43;;;
37.175788;-3.503949;799;0;-1;756;3992;69.14;117.41;;;
37.175652;-3.504097;799;0;-1;756;3992;69.16;117.39;;;
37.175380;-3.504393;798;0;-2;756;3992;69.2;117.35;;;
37.175244;-3.504540;798;0;-2;756;3992;69.22;117.33;;;
37.174901;-3.505056;796;0;-2;756;3992;69.28;117.27;;;
37.174826;-3.505261;796;0;-3;756;3992;69.3;117.25;;;
37.174692;-3.505680;795;0;-3;756;3992;69.34;117.21;;;
37.174620;-3.505887;794;0;-3;756;3992;69.36;117.19;;;
37.174512;-3.506067;794;0;-3;756;3992;69.38;117.17;;;
37.174286;-3.506417;792;0;-3;756;3992;69.42;117.13;;;
37.174173;-3.506593;791;0;-3;756;3992;69.44;117.11;;;
37.173935;-3.506931;790;0;-3;756;3992;69.48;117.07;;;
37.173813;-3.507097;790;0;-3;756;3992;69.5;117.05;;;
37.173690;-3.507262;789;0;-3;756;3992;69.52;117.03;;;
37.173449;-3.507596;788;0;-3;756;3992;69.56;116.99;;;
37.173326;-3.507761;788;0;-3;756;3992;69.58;116.97;;;
37.173047;-3.508045;786;0;-3;756;3992;69.62;116.93;;;
37.172898;-3.508172;786;0;-3;756;3992;69.64;116.91;;;
37.172750;-3.508300;786;0;-3;756;3992;69.66;116.89;;;
37.172462;-3.508569;784;0;-3;756;3992;69.7;116.85;;;
37.172335;-3.508729;784;0;-3;756;3992;69.72;116.83;;;
37.171953;-3.509207;781;0;-3;756;3992;69.78;116.77;;;
37.171824;-3.509363;781;0;-3;756;3992;69.8;116.75;;;
37.171564;-3.509676;780;0;-3;756;3992;69.84;116.71;;;
37.171434;-3.509832;780;0;-3;756;3992;69.86;116.69;;;
37.171304;-3.509988;779;0;-3;756;3992;69.88;116.67;;;
37.171024;-3.510270;778;0;-3;756;3992;69.92;116.63;;;
37.170878;-3.510402;777;0;-3;756;3992;69.94;116.61;;;
37.170576;-3.510648;776;0;-3;756;3992;69.98;116.57;;;
37.170426;-3.510771;776;0;-3;756;3992;70;116.55;;;
37.170275;-3.510894;775;0;-3;756;3992;70.02;116.53;;;
37.169982;-3.511156;774;0;-3;756;3992;70.06;116.49;;;
37.169841;-3.511296;773;0;-3;756;3992;70.08;116.47;;;
37.169575;-3.511598;772;0;-2;756;3992;70.12;116.43;;;
37.169448;-3.511758;772;0;-2;756;3992;70.14;116.41;;;
37.169322;-3.511918;771;0;-2;756;3992;70.16;116.39;;;
37.169071;-3.512243;771;0;-1;756;3992;70.2;116.35;;;
37.168946;-3.512404;771;0;-1;756;3992;70.22;116.33;;;
37.168571;-3.512892;770;0;-1;756;3992;70.28;116.27;;;
37.168447;-3.513055;770;0;-1;756;3992;70.3;116.25;;;
37.168198;-3.513380;769;0;-1;756;3992;70.34;116.21;;;
37.168073;-3.513543;769;0;-1;756;3992;70.36;116.19;;;
37.167948;-3.513705;769;0;-1;756;3992;70.38;116.17;;;
37.167758;-3.514088;769;0;0;756;3992;70.42;116.13;;;
37.167690;-3.514297;768;0;0;756;3992;70.44;116.11;;;
37.167546;-3.514710;768;0;-1;756;3992;70.48;116.07;;;
37.167453;-3.514901;768;0;0;756;3992;70.5;116.05;;;
37.167328;-3.515064;768;0;0;756;3992;70.52;116.03;;;
37.167078;-3.515389;768;0;0;756;3992;70.56;115.99;;;
37.166958;-3.515556;768;0;0;756;3992;70.58;115.97;;;
37.166671;-3.515826;768;0;0;756;3992;70.62;115.93;;;
37.166517;-3.515942;768;0;0;756;3992;70.64;115.91;;;
37.166362;-3.516058;768;0;0;756;3992;70.66;115.89;;;
37.166053;-3.516288;768;0;0;756;3992;70.7;115.85;;;
37.165892;-3.516386;768;0;0;756;3992;70.72;115.83;;;
37.165366;-3.516466;768;0;0;756;3992;70.78;115.77;;;
37.165187;-3.516440;767;0;0;756;3992;70.8;115.75;;;
37.164831;-3.516380;767;0;0;756;3992;70.84;115.71;;;
37.164653;-3.516343;767;0;0;756;3992;70.86;115.69;;;
37.164476;-3.516307;767;0;0;756;3992;70.88;115.67;;;
37.164121;-3.516323;767;0;0;756;3992;70.92;115.63;;;
37.163955;-3.516410;767;0;0;756;3992;70.94;115.61;;;
37.163677;-3.516690;768;0;0;756;3992;70.98;115.57;;;
37.163567;-3.516868;768;0;0;756;3992;71;115.55;;;
37.163457;-3.517047;768;0;1;756;3992;71.02;115.53;;;
37.163330;-3.517464;768;0;0;756;3992;71.06;115.49;;;
37.163286;-3.517683;768;0;0;756;3992;71.08;115.47;;;
37.163197;-3.518120;768;0;0;757;3991;71.12;115.43;19;;
37.163157;-3.518340;768;0;0;757;3991;71.14;115.41;;;
37.163134;-3.518564;768;0;0;757;3991;71.16;115.39;;;
37.163087;-3.519011;768;0;0;757;3991;71.2;115.35;;;
37.163063;-3.519235;768;0;0;757;3991;71.22;115.33;;;
37.162978;-3.519904;768;0;0;757;3991;71.28;115.27;;;
37.162946;-3.520126;768;0;0;757;3991;71.3;115.25;;;
37.162840;-3.520555;768;0;-1;757;3991;71.34;115.21;;;
37.162776;-3.520766;768;0;-1;757;3991;71.36;115.19;;;
37.162711;-3.520977;768;0;-1;757;3991;71.38;115.17;;;
37.162582;-3.521398;767;0;-1;757;3991;71.42;115.13;;;
37.162517;-3.521608;767;0;-2;757;3991;71.44;115.11;;;
37.162387;-3.522029;766;0;-1;757;3991;71.48;115.07;;;
37.162322;-3.522240;766;0;-1;757;3991;71.5;115.05;;;
37.162257;-3.522450;765;0;-2;757;3991;71.52;115.03;;;
37.162136;-3.522875;765;0;-2;757;3991;71.56;114.99;;;
37.162077;-3.523088;764;0;-2;757;3991;71.58;114.97;;;
37.161984;-3.523524;764;0;-1;757;3991;71.62;114.93;;;
37.161942;-3.523743;764;0;-1;757;3991;71.64;114.91;;;
37.161900;-3.523962;764;0;-1;757;3991;71.66;114.89;;;
37.161815;-3.524401;763;0;-1;757;3991;71.7;114.85;;;
37.161772;-3.524620;763;0;-1;757;3991;71.72;114.83;;;
37.161624;-3.525270;763;0;-1;757;3991;71.78;114.77;;;
37.161557;-3.525479;762;0;-1;757;3991;71.8;114.75;;;
37.161371;-3.525862;762;0;-1;757;3991;71.84;114.71;;;
37.161257;-3.526036;762;0;-1;757;3991;71.86;114.69;;;
37.161129;-3.526194;761;0;-1;757;3991;71.88;114.67;;;
37.160874;-3.526512;761;0;-1;757;3991;71.92;114.63;;;
37.160746;-3.526671;761;0;-1;757;3991;71.94;114.61;;;
37.160502;-3.527002;760;0;-1;757;3991;71.98;114.57;;;
37.160390;-3.527179;760;0;-1;757;3991;72;114.55;;;
37.160275;-3.527351;760;0;-1;757;3991;72.02;114.53;;;
37.159960;-3.527565;759;0;-1;757;3991;72.06;114.49;;;
37.159789;-3.527635;759;0;-2;757;3991;72.08;114.47;;;
37.159431;-3.527620;758;0;-2;757;3991;72.12;114.43;;;
37.159253;-3.527587;758;0;-2;757;3991;72.14;114.41;;;
37.159078;-3.527537;757;0;-1;757;3991;72.16;114.39;;;
37.158750;-3.527352;757;0;-1;757;3991;72.2;114.35;;;
37.158587;-3.527259;757;0;-2;757;3991;72.22;114.33;;;
37.158066;-3.527198;756;0;-2;757;3991;72.28;114.27;;;
37.157896;-3.527268;755;0;-2;757;3991;72.3;114.25;;;
37.157598;-3.527513;755;0;-1;757;3991;72.34;114.21;;;
37.157487;-3.527690;754;0;-1;757;3991;72.36;114.19;;;
37.157375;-3.527867;754;0;-1;757;3991;72.38;114.17;;;
37.157234;-3.528282;754;0;-1;757;3991;72.42;114.13;20;;
37.157188;-3.528498;754;0;-1;757;3991;72.44;114.11;;;
37.157166;-3.528946;753;0;-1;757;3991;72.48;114.07;;;
37.157189;-3.529170;753;0;-1;757;3991;72.5;114.05;;;
37.157212;-3.529394;753;0;-1;757;3991;72.52;114.03;;;
37.157346;-3.529808;753;0;-1;757;3991;72.56;113.99;;;
37.157402;-3.530021;752;0;-2;757;3991;72.58;113.97;;;
37.157533;-3.530441;752;0;-2;757;3991;72.62;113.93;21;;
37.157608;-3.530646;751;0;-2;757;3991;72.64;113.91;;;
37.157688;-3.530849;750;0;-2;757;3991;72.66;113.89;;;
37.157847;-3.531253;750;0;-2;757;3991;72.7;113.85;;;
37.157928;-3.531455;750;0;-2;757;3991;72.72;113.83;;;
37.158169;-3.532060;748;0;-2;757;3991;72.78;113.77;;;
37.158248;-3.532263;748;0;-2;757;3991;72.8;113.75;;;
37.158412;-3.532665;748;0;-1;757;3991;72.84;113.71;;;
37.158496;-3.532864;747;0;-1;757;3991;72.86;113.69;;;
37.158580;-3.533064;747;0;-1;757;3991;72.88;113.67;;;
37.158671;-3.533498;747;0;-1;757;3991;72.92;113.63;;;
37.158688;-3.533723;747;0;-1;757;3991;72.94;113.61;;;
37.158709;-3.534173;746;0;-1;757;3991;72.98;113.57;;;
37.158714;-3.534398;746;0;-1;757;3991;73;113.55;22;;
37.158692;-3.534622;746;0;-1;757;3991;73.02;113.53;;;
37.158615;-3.535063;745;0;-1;757;3991;73.06;113.49;;;
37.158574;-3.535281;744;0;-1;757;3991;73.08;113.47;;;
37.158515;-3.535726;744;0;-1;757;3991;73.12;113.43;;;
37.158512;-3.535951;744;0;-1;757;3991;73.14;113.41;;;
37.158541;-3.536174;744;0;0;757;3991;73.16;113.39;;;
37.158661;-3.536598;744;0;0;757;3991;73.2;113.35;;;
37.158730;-3.536806;744;0;0;757;3991;73.22;113.33;;;
37.158936;-3.537432;744;0;0;757;3991;73.28;113.27;;;
37.159005;-3.537640;744;0;0;757;3991;73.3;113.25;;;
37.159143;-3.538057;744;0;0;757;3991;73.34;113.21;;;
37.159211;-3.538266;744;0;0;757;3991;73.36;113.19;;;
37.159280;-3.538474;744;0;0;757;3991;73.38;113.17;;;
37.159419;-3.538891;745;0;0;757;3991;73.42;113.13;;;
37.159487;-3.539100;745;0;0;757;3991;73.44;113.11;;;
37.159625;-3.539517;745;0;0;757;3991;73.48;113.07;;;
37.159694;-3.539725;745;0;0;758;3990;73.5;113.05;;;
37.159763;-3.539933;745;0;0;758;3990;73.52;113.03;;;
37.159900;-3.540351;745;0;1;758;3990;73.56;112.99;;;
37.159969;-3.540559;745;0;1;758;3990;73.58;112.97;;;
37.160098;-3.540980;745;0;1;758;3990;73.62;112.93;;;
37.160154;-3.541195;745;0;1;758;3990;73.64;112.91;;;
37.160206;-3.541411;746;0;1;758;3990;73.66;112.89;;;
37.160272;-3.541853;746;0;1;759;3989;73.7;112.85;;;
37.160293;-3.542077;746;0;1;759;3989;73.72;112.83;;;
37.160421;-3.542729;746;0;1;759;3989;73.78;112.77;;;
37.160489;-3.542938;747;0;1;759;3989;73.8;112.75;;;
37.160624;-3.543356;747;0;0;760;3988;73.84;112.71;;;
37.160699;-3.543561;747;0;0;760;3988;73.86;112.69;;;
37.160775;-3.543765;747;0;0;760;3988;73.88;112.67;;;
37.160928;-3.544174;747;0;0;760;3988;73.92;112.63;;;
37.161004;-3.544379;747;0;0;760;3988;73.94;112.61;;;
37.161156;-3.544788;747;0;0;760;3988;73.98;112.57;;;
37.161233;-3.544991;747;0;0;760;3988;74;112.55;;;
37.161309;-3.545196;747;0;0;760;3988;74.02;112.53;;;
37.161458;-3.545607;747;0;0;760;3988;74.06;112.49;;;
37.161531;-3.545813;747;0;0;760;3988;74.08;112.47;;;
37.161678;-3.546226;747;0;0;760;3988;74.12;112.43;;;
37.161742;-3.546436;747;0;0;760;3988;74.14;112.41;;;
37.161790;-3.546653;747;0;0;760;3988;74.16;112.39;;;
37.161886;-3.547088;747;0;-1;760;3988;74.2;112.35;;;
37.161933;-3.547306;747;0;-1;760;3988;74.22;112.33;;;
37.162066;-3.547962;746;0;-1;760;3988;74.28;112.27;;;
37.162106;-3.548182;746;0;-1;760;3988;74.3;112.25;;;
37.162186;-3.548622;746;0;-1;760;3988;74.34;112.21;;;
37.162226;-3.548842;746;0;-1;760;3988;74.36;112.19;;;
37.162267;-3.549062;746;0;-1;760;3988;74.38;112.17;;;
37.162346;-3.549502;745;0;-2;760;3988;74.42;112.13;;;
37.162387;-3.549722;744;0;-3;760;3988;74.44;112.11;;;
37.162468;-3.550162;744;0;-3;760;3988;74.48;112.07;;;
37.162508;-3.550382;743;0;-3;760;3988;74.5;112.05;;;
37.162514;-3.550606;742;0;-4;760;3988;74.52;112.03;;;
37.162459;-3.551045;740;0;-4;760;3988;74.56;111.99;;;
37.162371;-3.551242;740;0;-3;760;3988;74.58;111.97;;;
37.162180;-3.551624;738;0;-3;760;3988;74.62;111.93;;;
37.162082;-3.551813;738;0;-3;760;3988;74.64;111.91;;;
37.161983;-3.552002;738;0;-2;760;3988;74.66;111.89;;;
37.161787;-3.552380;736;0;-2;760;3988;74.7;111.85;;;
37.161688;-3.552569;736;0;-2;760;3988;74.72;111.83;;;
37.161393;-3.553136;735;0;-3;760;3988;74.78;111.77;;;
37.161298;-3.553327;735;0;-3;760;3988;74.8;111.75;;;
37.161190;-3.553754;733;0;-3;760;3988;74.84;111.71;;;
37.161162;-3.553977;732;0;-3;760;3988;74.86;111.69;;;
37.161144;-3.554200;732;0;-3;760;3988;74.88;111.67;;;
37.161234;-3.554635;731;0;-3;760;3988;74.92;111.63;;;
37.161312;-3.554837;730;0;-3;760;3988;74.94;111.61;;;
37.161498;-3.555224;729;0;-3;760;3988;74.98;111.57;;;
37.161591;-3.555416;729;0;-4;760;3988;75;111.55;23;;
37.161684;-3.555610;728;0;-4;760;3988;75.02;111.53;;;
37.161844;-3.556014;726;0;-4;760;3988;75.06;111.49;;;
37.161915;-3.556221;724;0;-4;760;3988;75.08;111.47;;;
37.162033;-3.556647;724;0;-4;760;3988;75.12;111.43;;;
37.162092;-3.556860;723;0;-4;760;3988;75.14;111.41;;;
37.162150;-3.557074;723;0;-3;760;3988;75.16;111.39;;;
37.162256;-3.557505;720;0;-3;760;3988;75.2;111.35;;;
37.162307;-3.557721;720;0;-2;760;3988;75.22;111.33;;;
37.162460;-3.558371;719;0;-1;760;3988;75.28;111.27;;;
37.162511;-3.558587;719;0;-1;760;3988;75.3;111.25;;;
37.162611;-3.559021;718;0;-2;760;3988;75.34;111.21;;;
37.162657;-3.559239;718;0;-2;760;3988;75.36;111.19;;;
37.162703;-3.559457;718;0;-2;760;3988;75.38;111.17;;;
37.162774;-3.559898;717;0;-2;760;3988;75.42;111.13;;;
37.162785;-3.560123;716;0;-2;760;3988;75.44;111.11;;;
37.162781;-3.560575;716;0;-2;760;3988;75.48;111.07;;;
37.162771;-3.560800;715;0;-1;760;3988;75.5;111.05;;;
37.162755;-3.561025;715;0;-1;760;3988;75.52;111.03;;;
37.162720;-3.561474;715;0;-1;760;3988;75.56;110.99;;;
37.162710;-3.561699;714;0;-1;760;3988;75.58;110.97;;;
37.162735;-3.562146;714;0;-1;760;3988;75.62;110.93;;;
37.162796;-3.562359;714;0;-1;760;3988;75.64;110.91;;;
37.162855;-3.562572;714;0;-1;760;3988;75.66;110.89;;;
37.162979;-3.562995;714;0;-1;760;3988;75.7;110.85;;;
37.163016;-3.563216;713;0;-1;760;3988;75.72;110.83;;;
37.162987;-3.563884;713;0;-1;760;3988;75.78;110.77;;;
37.162949;-3.564105;713;0;-1;760;3988;75.8;110.75;;;
37.162902;-3.564551;713;0;-1;760;3988;75.84;110.71;;;
37.162893;-3.564775;713;0;-1;760;3988;75.86;110.69;;;
37.162940;-3.564993;713;0;-1;760;3988;75.88;110.67;;;
37.163053;-3.565422;712;0;-1;760;3988;75.92;110.63;;;
37.163109;-3.565636;712;0;-1;760;3988;75.94;110.61;;;
37.163134;-3.566085;712;0;-1;760;3988;75.98;110.57;;;
37.163126;-3.566311;712;0;-1;760;3988;76;110.55;;;
37.163118;-3.566536;712;0;-1;760;3988;76.02;110.53;;;
37.163088;-3.566986;711;0;-1;760;3988;76.06;110.49;;;
37.163062;-3.567209;711;0;-1;760;3988;76.08;110.47;;;
37.162934;-3.567625;711;0;-1;760;3988;76.12;110.43;;;
37.162826;-3.567805;711;0;-1;760;3988;76.14;110.41;;;
37.162714;-3.567982;710;0;-1;760;3988;76.16;110.39;;;
37.162492;-3.568337;710;0;-1;760;3988;76.2;110.35;;;
37.162409;-3.568536;709;0;-2;760;3988;76.22;110.33;;;
37.162340;-3.569203;709;0;-2;760;3988;76.28;110.27;;;
37.162365;-3.569425;708;0;-2;760;3988;76.3;110.25;;;
37.162465;-3.569857;707;0;-2;760;3988;76.34;110.21;;;
37.162527;-3.570069;707;0;-2;760;3988;76.36;110.19;;;
37.162590;-3.570280;707;0;-2;760;3988;76.38;110.17;;;
37.162725;-3.570698;706;0;-2;760;3988;76.42;110.13;;;
37.162798;-3.570905;706;0;-2;760;3988;76.44;110.11;;;
37.162933;-3.571323;705;0;-2;760;3988;76.48;110.07;;;
37.162998;-3.571533;704;0;-2;760;3988;76.5;110.05;;;
37.163063;-3.571744;704;0;-2;760;3988;76.52;110.03;;;
37.163192;-3.572165;703;0;-2;760;3988;76.56;109.99;;;
37.163257;-3.572376;703;0;-2;760;3988;76.58;109.97;;;
37.163385;-3.572797;702;0;-2;760;3988;76.62;109.93;;;
37.163441;-3.573011;701;0;-2;760;3988;76.64;109.91;;;
37.163480;-3.573232;701;0;-2;760;3988;76.66;109.89;;;
37.163557;-3.573673;700;0;-2;760;3988;76.7;109.85;;;
37.163595;-3.573893;700;0;-2;760;3988;76.72;109.83;;;
37.163710;-3.574555;699;0;-2;760;3988;76.78;109.77;;;
37.163748;-3.574775;699;0;-2;760;3988;76.8;109.75;;;
37.163821;-3.575217;698;0;-2;760;3988;76.84;109.71;;;
37.163857;-3.575439;697;0;-2;760;3988;76.86;109.69;;;
37.163894;-3.575659;697;0;-2;760;3988;76.88;109.67;;;
37.163982;-3.576097;696;0;-2;760;3988;76.92;109.63;;;
37.164027;-3.576316;696;0;-2;760;3988;76.94;109.61;;;
37.164130;-3.576748;695;0;-1;760;3988;76.98;109.57;;;
37.164181;-3.576965;695;0;-1;760;3988;77;109.55;24;;
37.164232;-3.577181;695;0;-1;760;3988;77.02;109.53;;;
37.164334;-3.577614;694;0;-2;760;3988;77.06;109.49;;;
37.164385;-3.577830;694;0;-2;760;3988;77.08;109.47;;;
37.164487;-3.578263;693;0;-2;760;3988;77.12;109.43;;;
37.164545;-3.578477;693;0;-2;760;3988;77.14;109.41;;;
37.164601;-3.578691;692;0;-2;760;3988;77.16;109.39;;;
37.164715;-3.579120;692;0;-1;760;3988;77.2;109.35;;;
37.164772;-3.579334;692;0;-1;760;3988;77.22;109.33;;;
37.164962;-3.579967;691;0;-1;760;3988;77.28;109.27;;;
37.165025;-3.580179;691;0;-1;760;3988;77.3;109.25;;;
37.165148;-3.580603;690;0;-1;760;3988;77.34;109.21;;;
37.165210;-3.580815;690;0;-1;760;3988;77.36;109.19;;;
37.165272;-3.581027;690;0;-1;760;3988;77.38;109.17;;;
37.165395;-3.581451;689;0;-1;760;3988;77.42;109.13;;;
37.165456;-3.581663;689;0;-2;760;3988;77.44;109.11;;;
37.165580;-3.582087;688;0;-2;760;3988;77.48;109.07;;;
37.165642;-3.582299;688;0;-1;760;3988;77.5;109.05;;;
37.165703;-3.582511;687;0;-1;760;3988;77.52;109.03;;;
37.165826;-3.582935;687;0;-1;760;3988;77.56;108.99;;;
37.165888;-3.583147;687;0;-2;760;3988;77.58;108.97;;;
37.166009;-3.583572;686;0;-2;760;3988;77.62;108.93;;;
37.166068;-3.583786;686;0;-2;760;3988;77.64;108.91;;;
37.166127;-3.583998;684;0;-3;760;3988;77.66;108.89;;;
37.166242;-3.584426;683;0;-2;760;3988;77.7;108.85;;;
37.166301;-3.584639;683;0;-2;760;3988;77.72;108.83;;;
37.166475;-3.585280;682;0;-1;760;3988;77.78;108.77;;;
37.166533;-3.585494;682;0;-2;760;3988;77.8;108.75;;;
37.166655;-3.585918;681;0;-1;760;3988;77.84;108.71;;;
37.166718;-3.586130;681;0;-1;760;3988;77.86;108.69;;;
37.166780;-3.586342;681;0;-1;760;3988;77.88;108.67;;;
37.166905;-3.586765;680;0;-1;760;3988;77.92;108.63;;;
37.166967;-3.586977;680;0;-1;760;3988;77.94;108.61;;;
37.167099;-3.587397;680;0;-1;760;3988;77.98;108.57;;;
37.167169;-3.587605;679;0;-1;760;3988;78;108.55;;;
37.167237;-3.587814;679;0;-1;760;3988;78.02;108.53;;;
37.167403;-3.588213;679;0;-1;760;3988;78.06;108.49;;;
37.167492;-3.588409;679;0;-1;760;3988;78.08;108.47;;;
37.167663;-3.588806;678;0;0;760;3988;78.12;108.43;;;
37.167665;-3.589021;678;0;0;760;3988;78.14;108.41;;;
37.167526;-3.589163;678;0;0;760;3988;78.16;108.39;;;
37.167243;-3.589442;678;0;0;760;3988;78.2;108.35;;;
37.167102;-3.589582;678;0;2;760;3988;78.22;108.33;;;
37.166674;-3.589994;680;0;6;761;3987;78.28;108.27;;;
37.166497;-3.590000;682;0;6;764;3984;78.3;108.25;;;
37.166177;-3.589812;686;0;8;768;3980;78.34;108.21;;;
37.166031;-3.589681;687;0;7;768;3980;78.36;108.19;;;
37.165884;-3.589551;687;0;6;769;3979;78.38;108.17;;;
37.165587;-3.589297;691;0;4;772;3976;78.42;108.13;;;
37.165438;-3.589170;691;0;5;773;3975;78.44;108.11;;;
37.165140;-3.588916;692;0;3;774;3974;78.48;108.07;;;
37.164992;-3.588790;693;0;3;775;3973;78.5;108.05;;;
37.164843;-3.588663;694;0;3;776;3972;78.52;108.03;;;
37.164545;-3.588410;695;0;3;777;3971;78.56;107.99;;;
37.164396;-3.588283;696;0;3;777;3971;78.58;107.97;;;
37.164098;-3.588030;697;0;4;779;3969;78.62;107.93;;;
37.163950;-3.587903;698;0;4;780;3968;78.64;107.91;;;
37.163801;-3.587776;698;0;4;780;3968;78.66;107.89;;;
37.163503;-3.587524;700;0;4;782;3966;78.7;107.85;;;
37.163363;-3.587382;701;0;4;783;3965;78.72;107.83;;;
37.162870;-3.587152;703;0;3;785;3963;78.78;107.77;;;
37.162694;-3.587103;704;0;3;786;3962;78.8;107.75;;;
37.162343;-3.587006;705;0;3;787;3961;78.84;107.71;;;
37.162167;-3.586958;705;0;2;787;3961;78.86;107.69;;;
37.161992;-3.586909;706;0;2;788;3960;78.88;107.67;;;
37.161642;-3.586803;707;0;2;789;3959;78.92;107.63;;;
37.161468;-3.586747;707;0;2;789;3959;78.94;107.61;;;
37.161117;-3.586647;708;0;1;789;3959;78.98;107.57;;;
37.160941;-3.586599;708;0;1;790;3958;79;107.55;;;
37.160765;-3.586552;708;0;0;790;3958;79.02;107.53;;;
37.160411;-3.586477;708;0;0;790;3958;79.06;107.49;;;
37.160253;-3.586371;708;0;0;790;3958;79.08;107.47;;;
37.159991;-3.586064;708;0;0;790;3958;79.12;107.43;;;
37.159868;-3.585898;708;0;0;790;3958;79.14;107.41;;;
37.159746;-3.585733;708;0;0;790;3958;79.16;107.39;;;
37.159501;-3.585403;707;0;-1;790;3958;79.2;107.35;;;
37.159376;-3.585240;707;0;-1;790;3958;79.22;107.33;;;
37.158986;-3.584772;707;0;-2;790;3958;79.28;107.27;;;
37.158841;-3.584642;706;0;-2;790;3958;79.3;107.25;;;
37.158580;-3.584334;705;0;-2;790;3958;79.34;107.21;;;
37.158412;-3.584267;705;0;-3;790;3958;79.36;107.19;;;
37.158235;-3.584248;704;0;-2;790;3958;79.38;107.17;;;
37.157920;-3.584442;703;0;-2;790;3958;79.42;107.13;;;
37.157754;-3.584519;702;0;-2;790;3958;79.44;107.11;;;
37.157440;-3.584738;702;0;-2;790;3958;79.48;107.07;;;
37.157283;-3.584847;701;0;-1;790;3958;79.5;107.05;;;
37.157125;-3.584957;701;0;-1;790;3958;79.52;107.03;;;
37.156811;-3.585176;701;0;-1;790;3958;79.56;106.99;;;
37.156653;-3.585285;701;0;-1;790;3958;79.58;106.97;;;
37.156341;-3.585508;700;0;-1;790;3958;79.62;106.93;;;
37.156221;-3.585670;700;0;-1;790;3958;79.64;106.91;;;
37.156120;-3.585845;700;0;-1;790;3958;79.66;106.89;;;
37.155786;-3.585916;699;0;0;790;3958;79.7;106.85;;;
37.155633;-3.585797;699;0;0;790;3958;79.72;106.83;;;
37.155203;-3.585390;700;0;0;790;3958;79.78;106.77;;;
37.155061;-3.585251;700;0;1;790;3958;79.8;106.75;;;
37.154965;-3.584830;700;0;1;790;3958;79.84;106.71;;;
37.154908;-3.584618;700;0;1;791;3957;79.86;106.69;;;
37.154812;-3.584429;701;0;1;791;3957;79.88;106.67;;;
37.154562;-3.584105;701;0;2;791;3957;79.92;106.63;25;;
37.154434;-3.583946;701;0;2;791;3957;79.94;106.61;;;
37.154175;-3.583633;702;0;2;792;3956;79.98;106.57;;;
37.154051;-3.583471;703;0;2;794;3954;80;106.55;;;
37.153933;-3.583300;704;0;2;794;3954;80.02;106.53;;;
37.153729;-3.582928;704;0;2;795;3953;80.06;106.49;;;
37.153609;-3.582761;705;0;1;795;3953;80.08;106.47;;;
37.153356;-3.582440;705;0;1;796;3952;80.12;106.43;;;
37.153212;-3.582305;705;0;1;796;3952;80.14;106.41;;;
37.153066;-3.582174;706;0;1;796;3952;80.16;106.39;;;
37.152774;-3.581911;706;0;1;797;3951;80.2;106.35;;;
37.152635;-3.581768;707;0;1;797;3951;80.22;106.33;;;
37.152223;-3.581331;707;0;1;798;3950;80.28;106.27;;;
37.152086;-3.581185;708;0;1;798;3950;80.3;106.25;;;
37.151840;-3.580855;708;0;1;798;3950;80.34;106.21;;;
37.151717;-3.580690;708;0;1;799;3949;80.36;106.19;;;
37.151585;-3.580536;709;0;1;799;3949;80.38;106.17;;;
37.151321;-3.580230;709;0;1;799;3949;80.42;106.13;;;
37.151189;-3.580077;709;0;2;800;3948;80.44;106.11;;;
37.150924;-3.579771;710;0;2;801;3947;80.48;106.07;;;
37.150792;-3.579618;710;0;2;801;3947;80.5;106.05;;;
37.150660;-3.579466;711;0;2;801;3947;80.52;106.03;;;
37.150395;-3.579160;711;0;4;802;3946;80.56;105.99;;;
37.150263;-3.579006;712;0;4;802;3946;80.58;105.97;;;
37.149967;-3.578761;714;0;4;804;3944;80.62;105.93;;;
37.149870;-3.578573;716;0;4;807;3941;80.64;105.91;;;
37.149743;-3.578414;717;0;4;807;3941;80.66;105.89;;;
37.149472;-3.578121;717;0;2;808;3940;80.7;105.85;26;;
37.149309;-3.578025;718;0;1;808;3940;80.72;105.83;;;
37.148783;-3.577886;718;0;1;809;3939;80.78;105.77;;;
37.148605;-3.577854;718;0;2;809;3939;80.8;105.75;;;
37.148249;-3.577801;719;0;2;810;3938;80.84;105.71;;;
37.148074;-3.577749;720;0;2;810;3938;80.86;105.69;;;
37.147904;-3.577677;720;0;2;811;3937;80.88;105.67;;;
37.147606;-3.577424;721;0;2;811;3937;80.92;105.63;;;
37.147474;-3.577271;721;0;2;812;3936;80.94;105.61;;;
37.147224;-3.576947;722;0;2;812;3936;80.98;105.57;;;
37.147120;-3.576764;722;0;1;813;3935;81;105.55;;;
37.147027;-3.576572;723;0;1;813;3935;81.02;105.53;;;
37.146845;-3.576182;723;0;1;813;3935;81.06;105.49;;;
37.146761;-3.575983;723;0;1;814;3934;81.08;105.47;;;
37.146619;-3.575568;724;0;1;814;3934;81.12;105.43;;;
37.146548;-3.575361;724;0;1;814;3934;81.14;105.41;;;
37.146472;-3.575157;724;0;1;815;3933;81.16;105.39;;;
37.146327;-3.574744;725;0;1;815;3933;81.2;105.35;;;
37.146254;-3.574537;725;0;1;815;3933;81.22;105.33;;;
37.146052;-3.573910;725;0;0;815;3933;81.28;105.27;;;
37.145970;-3.573710;725;0;0;816;3932;81.3;105.25;;;
37.145803;-3.573310;725;0;0;816;3932;81.34;105.21;;;
37.145693;-3.573131;725;0;0;816;3932;81.36;105.19;;;
37.145581;-3.572955;725;0;0;816;3932;81.38;105.17;;;
37.145342;-3.572618;726;0;0;816;3932;81.42;105.13;;;
37.145206;-3.572474;726;0;0;816;3932;81.44;105.11;;;
37.144888;-3.572264;726;0;0;816;3932;81.48;105.07;;;
37.144729;-3.572159;726;0;0;816;3932;81.5;105.05;;;
37.144570;-3.572054;726;0;0;816;3932;81.52;105.03;;;
37.144250;-3.571848;726;0;0;816;3932;81.56;104.99;;;
37.144098;-3.571728;726;0;0;816;3932;81.58;104.97;;;
37.143795;-3.571485;726;0;0;816;3932;81.62;104.93;;;
37.143654;-3.571344;726;0;0;816;3932;81.64;104.91;;;
37.143517;-3.571198;726;0;0;816;3932;81.66;104.89;;;
37.143273;-3.570867;725;0;-1;816;3932;81.7;104.85;;;
37.143155;-3.570696;725;0;-1;816;3932;81.72;104.83;;;
37.142774;-3.570218;724;0;-1;816;3932;81.78;104.77;;;
37.142643;-3.570064;724;0;-1;816;3932;81.8;104.75;;;
37.142340;-3.569825;724;0;-1;816;3932;81.84;104.71;;;
37.142179;-3.569724;724;0;-1;816;3932;81.86;104.69;;;
37.142006;-3.569663;724;0;0;816;3932;81.88;104.67;;;
37.141659;-3.569543;723;0;0;816;3932;81.92;104.63;;;
37.141484;-3.569490;723;0;0;816;3932;81.94;104.61;;;
37.141308;-3.569445;723;0;0;816;3932;81.96;104.59;;;
37.141129;-3.569445;723;0;0;816;3932;81.98;104.57;;;
37.140961;-3.569511;723;0;0;816;3932;82;104.55;;;
37.140802;-3.569616;723;0;0;816;3932;82.02;104.53;;;
37.140642;-3.569720;723;0;0;816;3932;82.04;104.51;;;
37.140483;-3.569824;723;0;1;816;3932;82.06;104.49;;;
37.140320;-3.569920;723;0;1;816;3932;82.08;104.47;;;
37.140146;-3.569964;723;0;1;816;3932;82.1;104.45;;;
37.139984;-3.569880;724;0;2;817;3931;82.12;104.43;;;
37.139869;-3.569708;725;0;2;818;3930;82.14;104.41;;;
37.139771;-3.569519;725;0;3;818;3930;82.16;104.39;;;
37.139673;-3.569329;726;0;3;818;3930;82.18;104.37;;;
37.139576;-3.569139;726;0;3;819;3929;82.2;104.35;27;;
37.139478;-3.568950;727;0;3;820;3928;82.22;104.33;;;
37.139381;-3.568760;727;0;3;820;3928;82.24;104.31;;;
37.139283;-3.568571;728;0;3;821;3927;82.26;104.29;;;
37.139186;-3.568381;729;0;3;822;3926;82.28;104.27;;;
37.139064;-3.568218;730;0;3;823;3925;82.3;104.25;;;
37.138928;-3.568070;730;0;3;823;3925;82.32;104.23;;;
37.138792;-3.567923;731;0;4;824;3924;82.34;104.21;;;
37.138649;-3.567787;731;0;3;824;3924;82.36;104.19;;;
37.138504;-3.567652;732;0;3;825;3923;82.38;104.17;;;
37.138360;-3.567518;733;0;4;826;3922;82.4;104.15;;;
37.138215;-3.567383;734;0;4;827;3921;82.42;104.13;;;
37.138071;-3.567249;734;0;4;827;3921;82.44;104.11;;;
37.137926;-3.567114;735;0;4;828;3920;82.46;104.09;;;
37.137782;-3.566980;736;0;4;829;3919;82.48;104.07;;;
37.137638;-3.566845;737;0;4;830;3918;82.5;104.05;;;
37.137493;-3.566711;738;0;5;831;3917;82.52;104.03;;;
37.137349;-3.566576;739;0;5;832;3916;82.54;104.01;;;
37.137223;-3.566417;739;0;5;832;3916;82.56;103.99;;;
37.137103;-3.566248;740;0;5;833;3915;82.58;103.97;;;
37.137006;-3.566059;742;0;6;835;3913;82.6;103.95;;;
37.136925;-3.565858;743;0;6;836;3912;82.62;103.93;;;
37.136857;-3.565649;744;0;6;837;3911;82.64;103.91;;;
37.136789;-3.565441;745;0;7;838;3910;82.66;103.89;;;
37.136798;-3.565219;747;0;7;840;3908;82.68;103.87;;;
37.136847;-3.565002;748;0;7;841;3907;82.7;103.85;;;
37.136894;-3.564785;750;0;7;843;3905;82.72;103.83;;;
37.136860;-3.564569;752;0;7;845;3903;82.74;103.81;;;
37.136789;-3.564362;753;0;7;846;3902;82.76;103.79;;;
37.136683;-3.564179;754;0;8;847;3901;82.78;103.77;;;
37.136594;-3.563987;756;0;7;849;3899;82.8;103.75;;;
37.136560;-3.563767;757;0;7;850;3898;82.82;103.73;;;
37.136565;-3.563542;758;0;7;851;3897;82.84;103.71;;;
37.136573;-3.563317;761;0;7;854;3894;82.86;103.69;;;
37.136585;-3.563091;762;0;6;855;3893;82.88;103.67;;;
37.136597;-3.562866;763;0;6;856;3892;82.9;103.65;;;
37.136606;-3.562641;764;0;6;857;3891;82.92;103.63;;;
37.136583;-3.562417;765;0;6;858;3890;82.94;103.61;;;
37.136548;-3.562196;766;0;6;859;3889;82.96;103.59;;;
37.136509;-3.561976;767;0;6;860;3888;82.98;103.57;;;
37.136469;-3.561756;769;0;5;862;3886;83;103.55;;;
37.136458;-3.561531;770;0;5;863;3885;83.02;103.53;;;
37.136447;-3.561306;771;0;5;864;3884;83.04;103.51;;;
37.136436;-3.561081;772;0;5;865;3883;83.06;103.49;;;
37.136425;-3.560855;773;0;5;866;3882;83.08;103.47;;;
37.136413;-3.560630;774;0;5;867;3881;83.1;103.45;;;
37.136402;-3.560405;774;0;6;867;3881;83.12;103.43;;;
37.136391;-3.560180;775;0;6;868;3880;83.14;103.41;;;
37.136380;-3.559955;777;0;6;870;3878;83.16;103.39;;;
37.136337;-3.559736;779;0;7;871;3877;83.18;103.37;;;
37.136249;-3.559541;780;0;8;873;3875;83.2;103.35;;;
37.136128;-3.559373;781;0;9;874;3874;83.22;103.33;;;
37.136008;-3.559206;783;0;9;876;3872;83.24;103.31;;;
37.135970;-3.558992;785;0;9;878;3870;83.26;103.29;;;
37.136039;-3.558791;787;0;9;880;3868;83.28;103.27;;;
37.136194;-3.558689;789;0;9;882;3866;83.3;103.25;;;
37.136364;-3.558746;792;0;9;885;3863;83.32;103.23;;;
37.136470;-3.558927;793;0;9;886;3862;83.34;103.21;;;
37.136575;-3.559111;794;0;9;887;3861;83.36;103.19;;;
37.136679;-3.559294;796;0;9;889;3859;83.38;103.17;;;
37.136796;-3.559464;798;0;8;891;3857;83.4;103.15;;;
37.136964;-3.559521;800;0;8;893;3855;83.42;103.13;;;
37.137120;-3.559426;802;0;8;895;3853;83.44;103.11;;;
37.137176;-3.559219;804;0;7;897;3851;83.46;103.09;;;
37.137141;-3.559001;805;0;6;898;3850;83.48;103.07;;;
37.137068;-3.558795;805;0;5;898;3850;83.5;103.05;;;
37.136995;-3.558589;806;0;5;899;3849;83.52;103.03;;;
37.136916;-3.558386;807;0;4;900;3848;83.54;103.01;;;
37.136835;-3.558184;808;0;4;901;3847;83.56;102.99;;;
37.136755;-3.557982;809;0;4;902;3846;83.58;102.97;;;
37.136675;-3.557780;810;0;4;903;3845;83.6;102.95;;;
37.136595;-3.557579;811;0;4;904;3844;83.62;102.93;;;
37.136514;-3.557377;812;0;4;904;3844;83.64;102.91;;;
37.136434;-3.557175;812;0;4;905;3843;83.66;102.89;;;
37.136354;-3.556973;813;0;4;906;3842;83.68;102.87;;;
37.136273;-3.556771;813;0;4;906;3842;83.7;102.85;;;
37.136181;-3.556578;814;0;4;907;3841;83.72;102.83;;;
37.136084;-3.556388;814;0;4;907;3841;83.74;102.81;;;
37.135947;-3.556243;816;0;3;909;3839;83.76;102.79;;;
37.135795;-3.556123;818;0;3;911;3837;83.78;102.77;;;
37.135636;-3.556019;818;0;2;911;3837;83.8;102.75;;;
37.135496;-3.555883;818;0;1;911;3837;83.82;102.73;;;
37.135402;-3.555690;818;0;0;911;3837;83.84;102.71;;;
37.135309;-3.555497;817;0;-1;911;3837;83.86;102.69;;;
37.135215;-3.555305;817;0;-3;911;3837;83.88;102.67;;;
37.135121;-3.555112;817;0;-3;911;3837;83.9;102.65;;;
37.135027;-3.554920;816;0;-3;911;3837;83.92;102.63;;;
37.134956;-3.554716;815;0;-4;911;3837;83.94;102.61;;;
37.134939;-3.554491;813;0;-4;911;3837;83.96;102.59;;;
37.134927;-3.554266;813;0;-4;911;3837;83.98;102.57;;;
37.134914;-3.554041;812;0;-4;911;3837;84;102.55;;;
37.134894;-3.553817;812;0;-3;911;3837;84.02;102.53;;;
37.134844;-3.553603;811;0;-2;911;3837;84.04;102.51;;;
37.134762;-3.553402;811;0;-3;911;3837;84.06;102.49;;;
37.134681;-3.553201;810;0;-2;911;3837;84.08;102.47;;;
37.134595;-3.553003;810;0;-3;911;3837;84.1;102.45;;;
37.134509;-3.552804;809;0;-3;911;3837;84.12;102.43;;;
37.134454;-3.552590;809;0;-3;911;3837;84.14;102.41;;;
37.134403;-3.552374;808;0;-3;911;3837;84.16;102.39;;;
37.134352;-3.552158;808;0;-3;911;3837;84.18;102.37;;;
37.134301;-3.551941;807;0;-3;911;3837;84.2;102.35;;;
37.134231;-3.551734;806;0;-3;911;3837;84.22;102.33;;;
37.134114;-3.551565;806;0;-3;911;3837;84.24;102.31;;;
37.133991;-3.551401;805;0;-3;911;3837;84.26;102.29;;;
37.133915;-3.551198;805;0;-3;911;3837;84.28;102.27;;;
37.133897;-3.550977;804;0;-2;911;3837;84.3;102.25;;;
37.133936;-3.550756;804;0;-2;911;3837;84.32;102.23;;;
37.133955;-3.550534;803;0;-2;911;3837;84.34;102.21;;;
37.133942;-3.550309;803;0;-2;911;3837;84.36;102.19;;;
37.133905;-3.550088;802;0;-2;911;3837;84.38;102.17;;;
37.133868;-3.549868;802;0;-2;911;3837;84.4;102.15;;;
37.133825;-3.549649;802;0;-2;911;3837;84.42;102.13;;;
37.133766;-3.549436;801;0;-2;911;3837;84.44;102.11;;;
37.133695;-3.549229;801;0;-2;911;3837;84.46;102.09;;;
37.133678;-3.549008;801;0;-1;911;3837;84.48;102.07;;;
37.133694;-3.548783;800;0;-1;911;3837;84.5;102.05;;;
37.133647;-3.548571;800;0;-1;911;3837;84.52;102.03;;;
37.133535;-3.548395;800;0;-1;911;3837;84.54;102.01;;;
37.133432;-3.548212;799;0;-1;911;3837;84.56;101.99;;;
37.133359;-3.548005;799;0;-1;911;3837;84.58;101.97;;;
37.133298;-3.547793;799;0;-1;911;3837;84.6;101.95;;;
37.133246;-3.547578;799;0;-1;911;3837;84.62;101.93;;;
37.133193;-3.547362;799;0;-1;911;3837;84.64;101.91;;;
37.133140;-3.547146;799;0;-1;911;3837;84.66;101.89;;;
37.133088;-3.546930;799;0;-1;911;3837;84.68;101.87;;;
37.133036;-3.546714;799;0;0;911;3837;84.7;101.85;;;
37.132983;-3.546499;799;0;0;911;3837;84.72;101.83;;;
37.132909;-3.546293;798;0;0;911;3837;84.74;101.81;;;
37.132795;-3.546122;798;0;0;911;3837;84.76;101.79;;;
37.132667;-3.545964;798;0;0;911;3837;84.78;101.77;;;
37.132529;-3.545819;798;0;0;911;3837;84.8;101.75;;;
37.132388;-3.545678;798;0;0;911;3837;84.82;101.73;;;
37.132275;-3.545505;798;0;0;911;3837;84.84;101.71;;;
37.132192;-3.545306;798;0;0;911;3837;84.86;101.69;;;
37.132167;-3.545085;798;0;0;911;3837;84.88;101.67;;;
37.132156;-3.544860;798;0;0;911;3837;84.9;101.65;;;
37.132149;-3.544634;798;0;0;911;3837;84.92;101.63;;;
37.132143;-3.544409;799;0;0;911;3837;84.94;101.61;;;
37.132136;-3.544183;799;0;0;911;3837;84.96;101.59;;;
37.132129;-3.543958;799;0;1;911;3837;84.98;101.57;;;
37.132088;-3.543738;799;0;1;911;3837;85;101.55;;;
37.132013;-3.543533;799;0;0;912;3836;85.02;101.53;;;
37.131938;-3.543329;799;0;1;912;3836;85.04;101.51;;;
37.131870;-3.543120;799;0;1;912;3836;85.06;101.49;;;
37.131860;-3.542899;799;0;1;912;3836;85.08;101.47;;;
37.131893;-3.542677;799;0;2;912;3836;85.1;101.45;;;
37.131915;-3.542455;800;0;2;912;3836;85.12;101.43;;;
37.131889;-3.542232;801;0;2;914;3834;85.14;101.41;;;
37.131819;-3.542024;801;0;2;914;3834;85.16;101.39;;;
37.131755;-3.541815;802;0;2;914;3834;85.18;101.37;;;
37.131742;-3.541591;802;0;2;915;3833;85.2;101.35;;;
37.131777;-3.541371;802;0;1;915;3833;85.22;101.33;;;
37.131839;-3.541160;802;0;2;915;3833;85.24;101.31;;;
37.131920;-3.540958;803;0;2;915;3833;85.26;101.29;;;
37.132031;-3.540784;803;0;2;915;3833;85.28;101.27;;;
37.132157;-3.540623;803;0;2;916;3832;85.3;101.25;;;
37.132237;-3.540422;805;0;3;918;3830;85.32;101.23;;;
37.132253;-3.540200;805;0;4;918;3830;85.34;101.21;;;
37.132238;-3.539979;806;0;5;918;3830;85.36;101.19;;;
37.132169;-3.539771;806;0;5;918;3830;85.38;101.17;;;
37.132091;-3.539570;807;0;5;920;3828;85.4;101.15;28;;
37.132152;-3.539391;809;0;6;922;3826;85.42;101.13;;;
37.132308;-3.539279;810;0;6;923;3825;85.44;101.11;;;
37.132464;-3.539167;811;0;6;923;3825;85.46;101.09;;;
37.132469;-3.538969;813;0;5;926;3822;85.48;101.07;;;
37.132393;-3.538765;814;0;4;926;3822;85.5;101.05;;;
37.132313;-3.538563;815;0;3;927;3821;85.52;101.03;;;
37.132222;-3.538369;815;0;3;927;3821;85.54;101.01;;;
37.132130;-3.538174;815;0;2;927;3821;85.56;100.99;;;
37.132039;-3.537980;815;0;1;928;3820;85.58;100.97;;;
37.131948;-3.537786;815;0;1;928;3820;85.6;100.95;;;
37.131853;-3.537594;815;0;1;928;3820;85.62;100.93;;;
37.131751;-3.537408;816;0;1;928;3820;85.64;100.91;;;
37.131648;-3.537223;816;0;1;928;3820;85.66;100.89;;;
37.131540;-3.537044;816;0;1;929;3819;85.68;100.87;;;
37.131412;-3.536885;816;0;1;929;3819;85.7;100.85;;;
37.131284;-3.536727;816;0;1;929;3819;85.72;100.83;;;
37.131156;-3.536569;817;0;1;929;3819;85.74;100.81;;;
37.131027;-3.536411;817;0;2;930;3818;85.76;100.79;;;
37.130899;-3.536252;817;0;2;930;3818;85.78;100.77;;;
37.130771;-3.536094;818;0;2;930;3818;85.8;100.75;;;
37.130652;-3.535926;818;0;2;931;3817;85.82;100.73;;;
37.130557;-3.535735;818;0;2;931;3817;85.84;100.71;;;
37.130475;-3.535535;819;0;2;931;3817;85.86;100.69;;;
37.130426;-3.535318;819;0;3;932;3816;85.88;100.67;;;
37.130408;-3.535095;820;0;3;932;3816;85.9;100.65;;;
37.130429;-3.534872;820;0;3;933;3815;85.92;100.63;;;
37.130456;-3.534648;821;0;3;933;3815;85.94;100.61;;;
37.130474;-3.534425;822;0;3;934;3814;85.96;100.59;;;
37.130430;-3.534208;822;0;4;935;3813;85.98;100.57;;;
37.130355;-3.534004;823;0;5;936;3812;86;100.55;;;
37.130252;-3.533819;824;0;5;936;3812;86.02;100.53;;;
37.130143;-3.533640;824;0;6;937;3811;86.04;100.51;;;
37.130137;-3.533441;826;0;6;939;3809;86.06;100.49;;;
37.130284;-3.533358;828;0;6;940;3808;86.08;100.47;;;
37.130445;-3.533460;829;0;7;942;3806;86.1;100.45;29;;
37.130606;-3.533560;831;0;7;943;3805;86.12;100.43;;;
37.130756;-3.533684;832;0;8;944;3804;86.14;100.41;;;
37.130900;-3.533820;833;0;9;946;3802;86.16;100.39;;;
37.130996;-3.534008;834;0;9;947;3801;86.18;100.37;;;
37.131085;-3.534204;836;0;9;949;3799;86.2;100.35;;;
37.131199;-3.534373;839;0;9;951;3797;86.22;100.33;;;
37.131374;-3.534379;843;0;9;955;3793;86.24;100.31;;;
37.131491;-3.534217;845;0;9;958;3790;86.26;100.29;;;
37.131487;-3.533997;847;0;9;959;3789;86.28;100.27;;;
37.131455;-3.533775;848;0;8;960;3788;86.3;100.25;;;
37.131407;-3.533557;849;0;7;961;3787;86.32;100.23;;;
37.131360;-3.533340;850;0;7;962;3786;86.34;100.21;;;
37.131312;-3.533122;851;0;7;963;3785;86.36;100.19;;;
37.131234;-3.532921;852;0;7;965;3783;86.38;100.17;;;
37.131124;-3.532743;855;0;7;967;3781;86.4;100.15;;;
37.130983;-3.532603;857;0;8;969;3779;86.42;100.13;;;
37.130832;-3.532481;858;0;9;971;3777;86.44;100.11;;;
37.130681;-3.532358;859;0;9;972;3776;86.46;100.09;;;
37.130530;-3.532235;860;0;9;973;3775;86.48;100.07;;;
37.130379;-3.532113;862;0;9;975;3773;86.5;100.05;;;
37.130229;-3.531989;866;0;9;979;3769;86.52;100.03;;;
37.130092;-3.531843;875;0;9;988;3760;86.54;100.01;;;
37.129954;-3.531698;877;0;9;990;3758;86.56;99.99;;;
37.129882;-3.531506;880;0;9;992;3756;86.58;99.97;;;
37.129897;-3.531283;881;0;9;994;3754;86.6;99.95;;;
37.129920;-3.531059;883;0;9;995;3753;86.62;99.93;;;
37.129944;-3.530835;885;0;9;998;3750;86.64;99.91;;;
37.129966;-3.530611;888;0;9;1000;3748;86.66;99.89;;;
37.129989;-3.530387;890;0;9;1003;3745;86.68;99.87;;;
37.130011;-3.530164;893;0;9;1005;3743;86.7;99.85;;;
37.130044;-3.529946;897;0;9;1010;3738;86.72;99.83;;;
37.130090;-3.529730;900;0;9;1012;3736;86.74;99.81;;;
37.130170;-3.529528;902;0;9;1015;3733;86.76;99.79;;;
37.130297;-3.529372;905;0;9;1018;3730;86.78;99.77;;;
37.130433;-3.529224;909;0;9;1021;3727;86.8;99.75;;;
37.130552;-3.529055;911;0;9;1024;3724;86.82;99.73;;;
37.130665;-3.528880;913;0;9;1026;3722;86.84;99.71;;;
37.130766;-3.528693;916;0;9;1029;3719;86.86;99.69;;;
37.130866;-3.528506;920;0;9;1032;3716;86.88;99.67;;;
37.130981;-3.528333;922;0;9;1035;3713;86.9;99.65;;;
37.131115;-3.528183;924;0;9;1037;3711;86.92;99.63;;;
37.131221;-3.528001;926;0;9;1039;3709;86.94;99.61;;;
37.131312;-3.527808;928;0;9;1040;3708;86.96;99.59;;;
37.131393;-3.527606;929;0;9;1042;3706;86.98;99.57;;;
37.131513;-3.527448;934;0;9;1046;3702;87;99.55;;;
37.131687;-3.527405;937;0;9;1049;3699;87.02;99.53;;;
37.131865;-3.527377;939;0;9;1052;3696;87.04;99.51;;;
37.132044;-3.527349;942;0;9;1055;3693;87.06;99.49;;;
37.132222;-3.527320;945;0;9;1058;3690;87.08;99.47;;;
37.132387;-3.527245;950;0;9;1062;3686;87.1;99.45;;;
37.132504;-3.527076;952;0;9;1065;3683;87.12;99.43;;;
37.132600;-3.526885;954;0;9;1066;3682;87.14;99.41;;;
37.132684;-3.526685;955;0;9;1068;3680;87.16;99.39;;;
37.132763;-3.526483;957;0;9;1069;3679;87.18;99.37;;;
37.132859;-3.526294;960;0;9;1073;3675;87.2;99.35;;;
37.132972;-3.526119;961;0;9;1074;3674;87.22;99.33;;;
37.133099;-3.525960;967;0;9;1080;3668;87.24;99.31;;;
37.133245;-3.525828;969;0;9;1082;3666;87.26;99.29;;;
37.133363;-3.525660;971;0;9;1083;3665;87.28;99.27;;;
37.133471;-3.525480;972;0;9;1085;3663;87.3;99.25;;;
37.133562;-3.525285;974;0;9;1086;3662;87.32;99.23;;;
37.133680;-3.525118;976;0;9;1089;3659;87.34;99.21;;;
37.133840;-3.525019;979;0;9;1092;3656;87.36;99.19;;;
37.134004;-3.524926;981;0;9;1094;3654;87.38;99.17;;;
37.134168;-3.524833;983;0;9;1096;3652;87.4;99.15;;;
37.134318;-3.524713;985;0;9;1098;3650;87.42;99.13;;;
37.134443;-3.524551;988;0;9;1100;3648;87.44;99.11;;;
37.134558;-3.524378;990;0;9;1103;3645;87.46;99.09;;;
37.134673;-3.524205;992;0;9;1104;3644;87.48;99.07;;;
37.134788;-3.524031;993;0;9;1106;3642;87.5;99.05;;;
37.134903;-3.523858;995;0;9;1107;3641;87.52;99.03;;;
37.135018;-3.523685;996;0;9;1109;3639;87.54;99.01;;;
37.135134;-3.523512;999;0;9;1112;3636;87.56;98.99;;;
37.135243;-3.523333;1003;0;9;1115;3633;87.58;98.97;;;
37.135321;-3.523131;1005;0;9;1118;3630;87.6;98.95;;;
37.135348;-3.522910;1008;0;9;1120;3628;87.62;98.93;;;
37.135319;-3.522690;1009;0;9;1122;3626;87.64;98.91;;;
37.135266;-3.522475;1010;0;9;1123;3625;87.66;98.89;;;
37.135219;-3.522257;1014;0;9;1126;3622;87.68;98.87;;;
37.135226;-3.522044;1017;0;9;1130;3618;87.7;98.85;;;
37.135353;-3.521885;1019;0;9;1132;3616;87.72;98.83;;;
37.135506;-3.521773;1023;0;9;1135;3613;87.74;98.81;;;
37.135678;-3.521810;1025;0;9;1138;3610;87.76;98.79;;;
37.135761;-3.521999;1028;0;9;1141;3607;87.78;98.77;;;
37.135772;-3.522222;1030;0;9;1143;3605;87.8;98.75;;;
37.135731;-3.522439;1032;0;9;1144;3604;87.82;98.73;;;
37.135706;-3.522651;1034;0;9;1147;3601;87.84;98.71;;;
37.135857;-3.522611;1038;0;9;1151;3597;87.86;98.69;;;
37.135979;-3.522446;1040;0;9;1152;3596;87.88;98.67;;;
37.136085;-3.522266;1043;0;9;1155;3593;87.9;98.65;;;
37.136161;-3.522061;1045;0;9;1157;3591;87.92;98.63;;;
37.136243;-3.521862;1048;0;9;1160;3588;87.94;98.61;;;
37.136344;-3.521675;1049;0;9;1161;3587;87.96;98.59;;;
37.136476;-3.521524;1050;0;9;1163;3585;87.98;98.57;;;
37.136621;-3.521391;1052;0;9;1164;3584;88;98.55;;;
37.136783;-3.521295;1059;0;9;1172;3576;88.02;98.53;;;
37.136951;-3.521215;1061;0;9;1174;3574;88.04;98.51;;;
37.137115;-3.521125;1063;0;9;1175;3573;88.06;98.49;;;
37.137210;-3.520944;1064;0;9;1177;3571;88.08;98.47;;;
37.137275;-3.520733;1065;0;7;1178;3570;88.1;98.45;;;
37.137319;-3.520515;1067;0;8;1180;3568;88.12;98.43;;;
37.137351;-3.520293;1068;0;7;1181;3567;88.14;98.41;;;
37.137383;-3.520071;1070;0;7;1182;3566;88.16;98.39;;;
37.137415;-3.519849;1071;0;6;1184;3564;88.18;98.37;;;
37.137387;-3.519639;1074;0;7;1186;3562;88.2;98.35;;;
37.137236;-3.519517;1074;0;7;1187;3561;88.22;98.33;;;
37.137109;-3.519360;1075;0;6;1188;3560;88.24;98.31;;;
37.136994;-3.519186;1076;0;6;1188;3560;88.26;98.29;;;
37.136900;-3.518998;1078;0;6;1190;3558;88.28;98.27;;;
37.136875;-3.518777;1079;0;6;1192;3556;88.3;98.25;;;
37.136870;-3.518552;1080;0;7;1192;3556;88.32;98.23;;;
37.136877;-3.518327;1082;0;7;1194;3554;88.34;98.21;;;
37.136909;-3.518106;1083;0;6;1195;3553;88.36;98.19;;;
37.136959;-3.517889;1084;0;7;1196;3552;88.38;98.17;;;
37.136949;-3.517670;1086;0;6;1198;3550;88.4;98.15;;;
37.136858;-3.517475;1087;0;7;1199;3549;88.42;98.13;;;
37.136759;-3.517287;1087;0;7;1200;3548;88.44;98.11;;;
37.136676;-3.517088;1089;0;7;1202;3546;88.46;98.09;;;
37.136596;-3.516885;1090;0;7;1203;3545;88.48;98.07;;;
37.136531;-3.516675;1092;0;7;1205;3543;88.5;98.05;;;
37.136471;-3.516463;1094;0;7;1206;3542;88.52;98.03;;;
37.136426;-3.516244;1096;0;8;1208;3540;88.54;98.01;;;
37.136386;-3.516024;1097;0;7;1209;3539;88.56;97.99;;;
37.136349;-3.515804;1098;0;8;1211;3537;88.58;97.97;;;
37.136315;-3.515582;1099;0;8;1212;3536;88.6;97.95;;;
37.136255;-3.515370;1101;0;9;1214;3534;88.62;97.93;;;
37.136206;-3.515160;1102;0;9;1215;3533;88.64;97.91;;;
37.136321;-3.515209;1105;0;9;1218;3530;88.66;97.89;;;
37.136413;-3.515403;1107;0;9;1219;3529;88.68;97.87;;;
37.136520;-3.515583;1109;0;9;1222;3526;88.7;97.85;;;
37.136642;-3.515749;1111;0;9;1223;3525;88.72;97.83;;;
37.136764;-3.515915;1112;0;9;1225;3523;88.74;97.81;;;
37.136905;-3.516045;1114;0;9;1227;3521;88.76;97.79;;;
37.136897;-3.515869;1117;0;8;1230;3518;88.78;97.77;;;
37.136794;-3.515685;1119;0;8;1231;3517;88.8;97.75;;;
37.136723;-3.515478;1119;0;9;1232;3516;88.82;97.73;;;
37.136653;-3.515270;1121;0;8;1233;3515;88.84;97.71;;;
37.136592;-3.515058;1122;0;8;1235;3513;88.86;97.69;;;
37.136538;-3.514843;1123;0;9;1236;3512;88.88;97.67;;;
37.136508;-3.514623;1126;0;9;1239;3509;88.9;97.65;;;
37.136598;-3.514430;1128;0;9;1241;3507;88.92;97.63;;;
37.136693;-3.514239;1130;0;9;1243;3505;88.94;97.61;;;
37.136764;-3.514032;1132;0;9;1245;3503;88.96;97.59;;;
37.136826;-3.513822;1135;0;9;1247;3501;88.98;97.57;;;
37.136722;-3.513661;1138;0;9;1250;3498;89;97.55;;;
37.136549;-3.513602;1139;0;9;1252;3496;89.02;97.53;;;
37.136419;-3.513453;1142;0;9;1254;3494;89.04;97.51;;;
37.136322;-3.513263;1143;0;9;1255;3493;89.06;97.49;;;
37.136252;-3.513057;1144;0;8;1256;3492;89.08;97.47;;;
37.136198;-3.512842;1145;0;8;1257;3491;89.1;97.45;;;
37.136144;-3.512627;1146;0;8;1259;3489;89.12;97.43;;;
37.136089;-3.512412;1150;0;9;1262;3486;89.14;97.41;;;
37.136046;-3.512193;1151;0;9;1264;3484;89.16;97.39;;;
37.136003;-3.511974;1152;0;9;1265;3483;89.18;97.37;;;
37.135959;-3.511755;1154;0;8;1266;3482;89.2;97.35;;;
37.135967;-3.511534;1156;0;8;1269;3479;89.22;97.33;;;
37.136020;-3.511318;1157;0;9;1270;3478;89.24;97.31;;;
37.136092;-3.511112;1158;0;9;1271;3477;89.26;97.29;;;
37.136167;-3.510907;1160;0;9;1272;3476;89.28;97.27;;;
37.136264;-3.510722;1162;0;9;1275;3473;89.3;97.25;;;
37.136436;-3.510688;1165;0;9;1277;3471;89.32;97.23;;;
37.136616;-3.510674;1167;0;9;1280;3468;89.34;97.21;;;
37.136768;-3.510578;1170;0;9;1283;3465;89.36;97.19;;;
37.136887;-3.510409;1172;0;9;1285;3463;89.38;97.17;;;
37.136967;-3.510207;1173;0;9;1286;3462;89.4;97.15;;;
37.137040;-3.510001;1175;0;9;1288;3460;89.42;97.13;;;
37.137157;-3.509830;1177;0;9;1290;3458;89.44;97.11;;;
37.137153;-3.509634;1180;0;9;1292;3456;89.46;97.09;;;
37.137068;-3.509438;1182;0;9;1294;3454;89.48;97.07;;;
37.137077;-3.509216;1184;0;9;1297;3451;89.5;97.05;;;
37.137125;-3.508999;1185;0;9;1298;3450;89.52;97.03;;;
37.137138;-3.508775;1187;0;9;1299;3449;89.54;97.01;;;
37.137139;-3.508550;1188;0;9;1300;3448;89.56;96.99;;;
37.137176;-3.508329;1189;0;9;1302;3446;89.58;96.97;;;
37.137299;-3.508182;1194;0;9;1306;3442;89.6;96.95;;;
37.137409;-3.508325;1197;0;9;1309;3439;89.62;96.93;;;
37.137427;-3.508549;1198;0;9;1311;3437;89.64;96.91;;;
37.137435;-3.508774;1199;0;9;1312;3436;89.66;96.89;;;
37.137395;-3.508994;1200;0;9;1313;3435;89.68;96.87;;;
37.137410;-3.509211;1202;0;8;1314;3434;89.7;96.85;;;
37.137552;-3.509334;1205;0;9;1318;3430;89.72;96.83;;;
37.137728;-3.509378;1206;0;9;1319;3429;89.74;96.81;;;
37.137851;-3.509523;1208;0;9;1321;3427;89.76;96.79;;;
37.137878;-3.509746;1210;0;9;1322;3426;89.78;96.77;;;
37.137874;-3.509972;1212;0;8;1324;3424;89.8;96.75;;;
37.137871;-3.510197;1213;0;9;1326;3422;89.82;96.73;;;
37.137883;-3.510420;1215;0;8;1327;3421;89.84;96.71;;;
37.137937;-3.510635;1216;0;8;1329;3419;89.86;96.69;;;
37.137980;-3.510853;1219;0;8;1332;3416;89.88;96.67;;;
37.137987;-3.511079;1220;0;8;1333;3415;89.9;96.65;;;
37.137975;-3.511304;1221;0;8;1334;3414;89.92;96.63;;;
37.137990;-3.511525;1222;0;8;1335;3413;89.94;96.61;;;
37.138043;-3.511740;1224;0;7;1336;3412;89.96;96.59;;;
37.138109;-3.511948;1226;0;8;1339;3409;89.98;96.57;;;
37.138218;-3.512126;1227;0;8;1340;3408;90;96.55;;;
37.138349;-3.512280;1229;0;8;1341;3407;90.02;96.53;;;
37.138449;-3.512468;1230;0;8;1343;3405;90.04;96.51;;;
37.138548;-3.512657;1233;0;7;1345;3403;90.06;96.49;;;
37.138645;-3.512846;1234;0;7;1346;3402;90.08;96.47;;;
37.138754;-3.513025;1235;0;7;1347;3401;90.1;96.45;;;
37.138845;-3.513212;1236;0;7;1349;3399;90.12;96.43;;;
37.138875;-3.513434;1238;0;8;1350;3398;90.14;96.41;;;
37.138933;-3.513645;1239;0;8;1351;3397;90.16;96.39;;;
37.139010;-3.513849;1240;0;8;1352;3396;90.18;96.37;;;
37.139122;-3.514018;1241;0;8;1354;3394;90.2;96.35;;;
37.139145;-3.513859;1245;0;8;1358;3390;90.22;96.33;;;
37.139066;-3.513658;1246;0;8;1359;3389;90.24;96.31;;;
37.139048;-3.513433;1248;0;8;1360;3388;90.26;96.29;;;
37.139048;-3.513208;1249;0;7;1361;3387;90.28;96.27;;;
37.139008;-3.512993;1251;0;6;1363;3385;90.3;96.25;;;
37.138892;-3.512819;1252;0;6;1364;3384;90.32;96.23;;;
37.138819;-3.512615;1253;0;6;1365;3383;90.34;96.21;;;
37.138762;-3.512401;1254;0;6;1366;3382;90.36;96.19;;;
37.138716;-3.512183;1255;0;5;1367;3381;90.38;96.17;;;
37.138701;-3.511958;1256;0;5;1369;3379;90.4;96.15;;;
37.138712;-3.511734;1257;0;5;1370;3378;90.42;96.13;;;
37.138732;-3.511510;1258;0;6;1370;3378;90.44;96.11;;;
37.138765;-3.511288;1259;0;6;1372;3376;90.46;96.09;;;
37.138815;-3.511071;1260;0;6;1373;3375;90.48;96.07;;;
37.138867;-3.510855;1261;0;7;1374;3374;90.5;96.05;;;
37.138934;-3.510647;1263;0;7;1375;3373;90.52;96.03;;;
37.139033;-3.510460;1264;0;8;1377;3371;90.54;96.01;;;
37.139171;-3.510318;1266;0;9;1379;3369;90.56;95.99;;;
37.139318;-3.510188;1268;0;9;1380;3368;90.58;95.97;;;
37.139455;-3.510043;1270;0;9;1382;3366;90.6;95.95;;;
37.139575;-3.509876;1271;0;9;1384;3364;90.62;95.93;;;
37.139683;-3.509696;1274;0;9;1387;3361;90.64;95.91;;;
37.139775;-3.509503;1276;0;8;1389;3359;90.66;95.89;;;
37.139861;-3.509306;1278;0;8;1391;3357;90.68;95.87;;;
37.139890;-3.509083;1279;0;7;1392;3356;90.7;95.85;;;
37.139949;-3.508872;1280;0;7;1393;3355;90.72;95.83;;;
37.140020;-3.508665;1281;0;6;1394;3354;90.74;95.81;;;
37.140092;-3.508457;1283;0;6;1395;3353;90.76;95.79;;;
37.140163;-3.508250;1284;0;6;1396;3352;90.78;95.77;;;
37.140231;-3.508042;1285;0;6;1398;3350;90.8;95.75;;;
37.140304;-3.507835;1286;0;6;1399;3349;90.82;95.73;;;
37.140364;-3.507624;1288;0;6;1400;3348;90.84;95.71;;;
37.140393;-3.507402;1289;0;6;1402;3346;90.86;95.69;;;
37.140407;-3.507177;1290;0;6;1403;3345;90.88;95.67;;;
37.140429;-3.506953;1291;0;6;1404;3344;90.9;95.65;;;
37.140452;-3.506729;1292;0;7;1404;3344;90.92;95.63;;;
37.140476;-3.506506;1293;0;8;1405;3343;90.94;95.61;;;
37.140507;-3.506283;1295;0;8;1407;3341;90.96;95.59;;;
37.140575;-3.506075;1297;0;8;1409;3339;90.98;95.57;;;
37.140632;-3.505862;1300;0;9;1413;3335;91;95.55;;;
37.140641;-3.505638;1302;0;9;1414;3334;91.02;95.53;;;
37.140600;-3.505420;1303;0;9;1416;3332;91.04;95.51;;;
37.140516;-3.505220;1304;0;9;1417;3331;91.06;95.49;;;
37.140444;-3.505016;1307;0;9;1419;3329;91.08;95.47;;;
37.140423;-3.504792;1308;0;8;1420;3328;91.1;95.45;;;
37.140403;-3.504568;1309;0;8;1422;3326;91.12;95.43;;;
37.140322;-3.504374;1312;0;9;1425;3323;91.14;95.41;;;
37.140177;-3.504240;1314;0;8;1426;3322;91.16;95.39;;;
37.140032;-3.504108;1315;0;8;1428;3320;91.18;95.37;;;
37.139938;-3.503923;1316;0;8;1429;3319;91.2;95.35;;;
37.139866;-3.503716;1317;0;7;1430;3318;91.22;95.33;;;
37.139794;-3.503510;1318;0;7;1431;3317;91.24;95.31;;;
37.139722;-3.503303;1320;0;7;1432;3316;91.26;95.29;;;
37.139635;-3.503106;1322;0;7;1434;3314;91.28;95.27;;;
37.139537;-3.502917;1323;0;7;1436;3312;91.3;95.25;;;
37.139407;-3.502761;1324;0;8;1437;3311;91.32;95.23;;;
37.139276;-3.502606;1326;0;8;1438;3310;91.34;95.21;;;
37.139146;-3.502450;1327;0;8;1440;3308;91.36;95.19;;;
37.139016;-3.502295;1330;0;9;1442;3306;91.38;95.17;;;
37.138897;-3.502126;1332;0;9;1445;3303;91.4;95.15;;;
37.138799;-3.501936;1333;0;9;1446;3302;91.42;95.13;;;
37.138710;-3.501741;1335;0;9;1448;3300;91.44;95.11;;;
37.138649;-3.501530;1337;0;9;1450;3298;91.46;95.09;;;
37.138605;-3.501312;1339;0;9;1451;3297;91.48;95.07;;;
37.138486;-3.501146;1342;0;9;1454;3294;91.5;95.05;;;
37.138342;-3.501010;1344;0;9;1456;3292;91.52;95.03;;;
37.138194;-3.500882;1345;0;9;1458;3290;91.54;95.01;;;
37.138046;-3.500754;1348;0;9;1460;3288;91.56;94.99;;;
37.137927;-3.500586;1349;0;9;1462;3286;91.58;94.97;;;
37.137811;-3.500413;1352;0;9;1465;3283;91.6;94.95;;;
37.137687;-3.500250;1355;0;9;1467;3281;91.62;94.93;;;
37.137603;-3.500055;1358;0;9;1471;3277;91.64;94.91;;;
37.137567;-3.499834;1359;0;9;1472;3276;91.66;94.89;;;
37.137544;-3.499613;1363;0;9;1476;3272;91.68;94.87;;;
37.137577;-3.499391;1364;0;9;1477;3271;91.7;94.85;;;
37.137608;-3.499169;1367;0;9;1479;3269;91.72;94.83;;;
37.137641;-3.498947;1369;0;9;1482;3266;91.74;94.81;;;
37.137704;-3.498739;1372;0;9;1484;3264;91.76;94.79;;;
37.137824;-3.498573;1375;0;9;1488;3260;91.78;94.77;;;
37.137988;-3.498484;1378;0;9;1490;3258;91.8;94.75;;;
37.138165;-3.498444;1379;0;9;1492;3256;91.82;94.73;;;
37.138331;-3.498364;1381;0;9;1494;3254;91.84;94.71;;;
37.138463;-3.498220;1385;0;9;1497;3251;91.86;94.69;;;
37.138492;-3.498002;1388;0;9;1501;3247;91.88;94.67;;;
37.138453;-3.497783;1391;0;9;1503;3245;91.9;94.65;;;
37.138388;-3.497573;1393;0;9;1506;3242;91.92;94.63;;;
37.138353;-3.497359;1395;0;9;1508;3240;91.94;94.61;;;
37.138376;-3.497136;1397;0;9;1510;3238;91.96;94.59;;;
37.138411;-3.496915;1398;0;8;1511;3237;91.98;94.57;;;
37.138413;-3.496690;1400;0;8;1512;3236;92;94.55;;;
37.138410;-3.496465;1401;0;8;1514;3234;92.02;94.53;;;
37.138452;-3.496245;1403;0;8;1515;3233;92.04;94.51;;;
37.138462;-3.496022;1404;0;9;1517;3231;92.06;94.49;;;
37.138452;-3.495797;1405;0;9;1518;3230;92.08;94.47;;;
37.138477;-3.495576;1408;0;9;1521;3227;92.1;94.45;;;
37.138558;-3.495380;1411;0;9;1523;3225;92.12;94.43;;;
37.138687;-3.495223;1412;0;9;1525;3223;92.14;94.41;;;
37.138800;-3.495056;1414;0;8;1526;3222;92.16;94.39;;;
37.138805;-3.494834;1416;0;7;1528;3220;92.18;94.37;;;
37.138744;-3.494626;1417;0;6;1530;3218;92.2;94.35;;;
37.138661;-3.494425;1418;0;6;1531;3217;92.22;94.33;;;
37.138622;-3.494205;1419;0;6;1532;3216;92.24;94.31;;;
37.138596;-3.493983;1420;0;5;1532;3216;92.26;94.29;;;
37.138591;-3.493757;1420;0;5;1533;3215;92.28;94.27;;;
37.138561;-3.493537;1422;0;5;1535;3213;92.3;94.25;;;
37.138512;-3.493319;1423;0;5;1535;3213;92.32;94.23;;;
37.138442;-3.493112;1424;0;4;1537;3211;92.34;94.21;;;
37.138371;-3.492906;1425;0;4;1538;3210;92.36;94.19;;;
37.138342;-3.492685;1426;0;3;1538;3210;92.38;94.17;;;
37.138366;-3.492462;1426;0;3;1539;3209;92.4;94.15;;;
37.138389;-3.492238;1427;0;2;1539;3209;92.42;94.13;;;
37.138412;-3.492014;1427;0;2;1540;3208;92.44;94.11;;;
37.138403;-3.491790;1428;0;2;1540;3208;92.46;94.09;;;
37.138357;-3.491573;1428;0;2;1541;3207;92.48;94.07;;;
37.138296;-3.491362;1428;0;2;1541;3207;92.5;94.05;;;
37.138203;-3.491168;1429;0;2;1541;3207;92.52;94.03;;;
37.138138;-3.490963;1429;0;1;1542;3206;92.54;94.01;;;
37.138150;-3.490742;1429;0;1;1542;3206;92.56;93.99;;;
37.138188;-3.490521;1429;0;1;1542;3206;92.58;93.97;;;
37.138180;-3.490296;1429;0;0;1542;3206;92.6;93.95;;;
37.138150;-3.490074;1430;0;0;1542;3206;92.62;93.93;;;
37.138112;-3.489853;1430;0;0;1542;3206;92.64;93.91;;;
37.138066;-3.489635;1430;0;0;1542;3206;92.66;93.89;;;
37.138009;-3.489422;1430;0;0;1542;3206;92.68;93.87;;;
37.137942;-3.489212;1429;0;-1;1542;3206;92.7;93.85;;;
37.137865;-3.489008;1429;0;-1;1542;3206;92.72;93.83;;;
37.137788;-3.488804;1429;0;-1;1542;3206;92.74;93.81;;;
37.137712;-3.488600;1429;0;-1;1542;3206;92.76;93.79;;;
37.137635;-3.488396;1428;0;-1;1542;3206;92.78;93.77;;;
37.137557;-3.488193;1428;0;-2;1542;3206;92.8;93.75;;;
37.137488;-3.487985;1428;0;-2;1542;3206;92.82;93.73;;;
37.137420;-3.487776;1427;0;-2;1542;3206;92.84;93.71;;;
37.137351;-3.487567;1427;0;-2;1542;3206;92.86;93.69;;;
37.137280;-3.487360;1426;0;-2;1542;3206;92.88;93.67;;;
37.137194;-3.487162;1426;0;-2;1542;3206;92.9;93.65;;;
37.137107;-3.486964;1425;0;-2;1542;3206;92.92;93.63;;;
37.137019;-3.486768;1425;0;-2;1542;3206;92.94;93.61;;;
37.136931;-3.486571;1425;0;-2;1542;3206;92.96;93.59;;;
37.136843;-3.486374;1424;0;-2;1542;3206;92.98;93.57;;;
37.136754;-3.486178;1424;0;-2;1542;3206;93;93.55;;;
37.136662;-3.485985;1423;0;-2;1542;3206;93.02;93.53;;;
37.136547;-3.485811;1423;0;-2;1542;3206;93.04;93.51;;;
37.136422;-3.485650;1423;0;-2;1542;3206;93.06;93.49;;;
37.136314;-3.485470;1422;0;-1;1542;3206;93.08;93.47;;;
37.136279;-3.485250;1422;0;-1;1542;3206;93.1;93.45;;;
37.136305;-3.485027;1422;0;-1;1542;3206;93.12;93.43;;;
37.136351;-3.484809;1422;0;-1;1542;3206;93.14;93.41;;;
37.136401;-3.484592;1421;0;0;1542;3206;93.16;93.39;;;
37.136414;-3.484368;1421;0;0;1542;3206;93.18;93.37;;;
37.136416;-3.484143;1421;0;0;1542;3206;93.2;93.35;;;
37.136412;-3.483917;1421;0;1;1542;3206;93.22;93.33;;;
37.136416;-3.483692;1422;0;1;1543;3205;93.24;93.31;;;
37.136439;-3.483468;1422;0;1;1543;3205;93.26;93.29;;;
37.136459;-3.483244;1422;0;2;1543;3205;93.28;93.27;;;
37.136467;-3.483019;1422;0;2;1543;3205;93.3;93.25;;;
37.136475;-3.482794;1423;0;2;1544;3204;93.32;93.23;;;
37.136483;-3.482568;1423;0;2;1544;3204;93.34;93.21;;;
37.136491;-3.482343;1424;0;3;1545;3203;93.36;93.19;;;
37.136497;-3.482117;1425;0;3;1546;3202;93.38;93.17;;;
37.136491;-3.481892;1425;0;3;1546;3202;93.4;93.15;;;
37.136484;-3.481666;1426;0;4;1547;3201;93.42;93.13;;;
37.136476;-3.481441;1426;0;7;1547;3201;93.44;93.11;;;
37.136461;-3.481216;1427;0;8;1548;3200;93.46;93.09;;;
37.136443;-3.480992;1429;0;8;1550;3198;93.48;93.07;;;
37.136411;-3.480770;1431;0;9;1552;3196;93.5;93.05;;;
37.136380;-3.480548;1436;0;9;1557;3191;93.52;93.03;;;
37.136347;-3.480326;1437;0;9;1558;3190;93.54;93.01;;;
37.136313;-3.480104;1438;0;9;1559;3189;93.56;92.99;;;
37.136280;-3.479883;1439;0;7;1560;3188;93.58;92.97;;;
37.136255;-3.479660;1440;0;5;1561;3187;93.6;92.95;;;
37.136245;-3.479434;1441;0;5;1562;3186;93.62;92.93;;;
37.136235;-3.479209;1442;0;5;1563;3185;93.64;92.91;;;
37.136225;-3.478984;1443;0;5;1564;3184;93.66;92.89;;;
37.136215;-3.478759;1444;0;5;1565;3183;93.68;92.87;;;
37.136205;-3.478533;1445;0;6;1566;3182;93.7;92.85;;;
37.136196;-3.478308;1447;0;6;1567;3181;93.72;92.83;;;
37.136187;-3.478083;1448;0;6;1569;3179;93.74;92.81;;;
37.136177;-3.477857;1449;0;6;1570;3178;93.76;92.79;;;
37.136153;-3.477634;1450;0;6;1571;3177;93.78;92.77;;;
37.136129;-3.477410;1451;0;7;1572;3176;93.8;92.75;;;
37.136107;-3.477186;1453;0;7;1574;3174;93.82;92.73;;;
37.136100;-3.476961;1454;0;8;1575;3173;93.84;92.71;;;
37.136093;-3.476735;1456;0;8;1576;3172;93.86;92.69;;;
37.136086;-3.476510;1458;0;8;1579;3169;93.88;92.67;;;
37.136079;-3.476285;1460;0;7;1581;3167;93.9;92.65;;;
37.136039;-3.476065;1461;0;7;1582;3166;93.92;92.63;;;
37.135995;-3.475846;1462;0;7;1583;3165;93.94;92.61;;;
37.135950;-3.475628;1464;0;7;1585;3163;93.96;92.59;;;
37.135931;-3.475404;1465;0;6;1586;3162;93.98;92.57;;;
37.135913;-3.475179;1466;0;6;1587;3161;94;92.55;;;
37.135898;-3.474954;1467;0;7;1588;3160;94.02;92.53;;;
37.135898;-3.474729;1469;0;7;1589;3159;94.04;92.51;;;
37.135869;-3.474507;1469;0;7;1590;3158;94.06;92.49;;;
37.135832;-3.474286;1471;0;7;1592;3156;94.08;92.47;;;
37.135820;-3.474062;1473;0;7;1594;3154;94.1;92.45;;;
37.135931;-3.473897;1475;0;7;1596;3152;94.12;92.43;;;
37.136104;-3.473854;1476;0;7;1597;3151;94.14;92.41;;;
37.136280;-3.473828;1477;0;6;1598;3150;94.16;92.39;;;
37.136416;-3.473696;1479;0;5;1600;3148;94.18;92.37;;;
37.136455;-3.473477;1480;0;5;1601;3147;94.2;92.35;;;
37.136459;-3.473254;1481;0;4;1602;3146;94.22;92.33;;;
37.136414;-3.473035;1481;0;3;1602;3146;94.24;92.31;;;
37.136375;-3.472815;1482;0;2;1603;3145;94.26;92.29;;;
37.136379;-3.472595;1482;0;1;1603;3145;94.28;92.27;;;
37.136474;-3.472405;1482;0;1;1603;3145;94.3;92.25;30;summit;1
37.136577;-3.472220;1482;0;0;1603;3145;94.32;92.23;;;
37.136688;-3.472043;1482;0;0;1603;3145;94.34;92.21;;;
37.136783;-3.471853;1482;0;-1;1603;3145;94.36;92.19;;;
37.136859;-3.471648;1482;0;-1;1603;3145;94.38;92.17;;;
37.136934;-3.471443;1482;0;-2;1603;3145;94.4;92.15;;;
37.136989;-3.471229;1481;0;-3;1603;3145;94.42;92.13;;;
37.137034;-3.471011;1481;0;-3;1603;3145;94.44;92.11;;;
37.137080;-3.470793;1480;0;-4;1603;3145;94.46;92.09;;;
37.137118;-3.470573;1479;0;-4;1603;3145;94.48;92.07;;;
37.137099;-3.470350;1478;0;-4;1603;3145;94.5;92.05;;;
37.137055;-3.470131;1477;0;-4;1603;3145;94.52;92.03;;;
37.137014;-3.469912;1476;0;-5;1603;3145;94.54;92.01;;;
37.136987;-3.469689;1475;0;-4;1603;3145;94.56;91.99;;;
37.136978;-3.469464;1475;0;-5;1603;3145;94.58;91.97;;;
37.136978;-3.469238;1474;0;-5;1603;3145;94.6;91.95;;;
37.136978;-3.469013;1473;0;-5;1603;3145;94.62;91.93;;;
37.136978;-3.468787;1471;0;-6;1603;3145;94.64;91.91;;;
37.136976;-3.468562;1470;0;-7;1603;3145;94.66;91.89;;;
37.136943;-3.468340;1469;0;-7;1603;3145;94.68;91.87;;;
37.136910;-3.468118;1467;0;-7;1603;3145;94.7;91.85;;;
37.136975;-3.467913;1465;0;-8;1603;3145;94.72;91.83;;;
37.137081;-3.467731;1464;0;-9;1603;3145;94.74;91.81;;;
37.137215;-3.467581;1462;0;-10;1603;3145;94.76;91.79;;;
37.137373;-3.467474;1461;0;-10;1603;3145;94.78;91.77;;;
37.137539;-3.467387;1459;0;-10;1603;3145;94.8;91.75;;;
37.137654;-3.467220;1456;0;-10;1603;3145;94.82;91.73;;;
37.137776;-3.467070;1453;0;-10;1603;3145;94.84;91.71;;;
37.137951;-3.467076;1451;0;-10;1603;3145;94.86;91.69;;;
37.138123;-3.467142;1450;0;-10;1603;3145;94.88;91.67;;;
37.138296;-3.467104;1447;0;-10;1603;3145;94.9;91.65;;;
37.138463;-3.467020;1446;0;-10;1603;3145;94.92;91.63;;;
37.138637;-3.467008;1443;0;-10;1603;3145;94.94;91.61;;;
37.138553;-3.467095;1441;0;-9;1603;3145;94.96;91.59;;;
37.138388;-3.467185;1439;0;-10;1603;3145;94.98;91.57;;;
37.138221;-3.467268;1437;0;-10;1603;3145;95;91.55;31;;
37.138048;-3.467332;1436;0;-10;1603;3145;95.02;91.53;;;
37.137895;-3.467441;1434;0;-10;1603;3145;95.04;91.51;;;
37.137798;-3.467628;1431;0;-10;1603;3145;95.06;91.49;;;
37.137795;-3.467852;1429;0;-10;1603;3145;95.08;91.47;;;
37.137876;-3.468052;1426;0;-10;1603;3145;95.1;91.45;;;
37.137971;-3.468243;1423;0;-10;1603;3145;95.12;91.43;;;
37.138066;-3.468434;1422;0;-10;1603;3145;95.14;91.41;;;
37.138169;-3.468617;1420;0;-10;1603;3145;95.16;91.39;;;
37.138326;-3.468719;1418;0;-9;1603;3145;95.18;91.37;;;
37.138503;-3.468751;1416;0;-9;1603;3145;95.2;91.35;;;
37.138683;-3.468757;1415;0;-9;1603;3145;95.22;91.33;;;
37.138850;-3.468833;1413;0;-9;1603;3145;95.24;91.31;;;
37.139014;-3.468925;1410;0;-9;1603;3145;95.26;91.29;;;
37.139178;-3.469018;1409;0;-9;1603;3145;95.28;91.27;;;
37.139334;-3.469128;1407;0;-10;1603;3145;95.3;91.25;;;
37.139483;-3.469254;1406;0;-10;1603;3145;95.32;91.23;;;
37.139608;-3.469414;1404;0;-10;1603;3145;95.34;91.21;;;
37.139709;-3.469601;1401;0;-10;1603;3145;95.36;91.19;;;
37.139809;-3.469789;1398;0;-10;1603;3145;95.38;91.17;;;
37.139943;-3.469939;1397;0;-10;1603;3145;95.4;91.15;;;
37.140043;-3.470124;1395;0;-10;1603;3145;95.42;91.13;;;
37.140087;-3.470341;1393;0;-10;1603;3145;95.44;91.11;;;
37.140122;-3.470562;1391;0;-10;1603;3145;95.46;91.09;;;
37.140121;-3.470784;1388;0;-10;1603;3145;95.48;91.07;;;
37.140046;-3.470984;1386;0;-10;1603;3145;95.5;91.05;;;
37.139945;-3.471171;1384;0;-10;1603;3145;95.52;91.03;;;
37.139898;-3.471382;1381;0;-10;1603;3145;95.54;91.01;;;
37.139965;-3.471590;1380;0;-9;1603;3145;95.56;90.99;;;
37.140050;-3.471788;1378;0;-9;1603;3145;95.58;90.97;;;
37.140157;-3.471968;1377;0;-9;1603;3145;95.6;90.95;;;
37.140268;-3.472146;1374;0;-8;1603;3145;95.62;90.93;;;
37.140386;-3.472316;1373;0;-8;1603;3145;95.64;90.91;;;
37.140448;-3.472522;1371;0;-8;1603;3145;95.66;90.89;;;
37.140427;-3.472745;1370;0;-8;1603;3145;95.68;90.87;;;
37.140392;-3.472967;1368;0;-7;1603;3145;95.7;90.85;;;
37.140356;-3.473188;1367;0;-6;1603;3145;95.72;90.83;;;
37.140321;-3.473409;1366;0;-6;1603;3145;95.74;90.81;;;
37.140312;-3.473634;1365;0;-5;1603;3145;95.76;90.79;;;
37.140321;-3.473858;1364;0;-5;1603;3145;95.78;90.77;;;
37.140353;-3.474081;1363;0;-6;1603;3145;95.8;90.75;;;
37.140403;-3.474297;1362;0;-5;1603;3145;95.82;90.73;;;
37.140456;-3.474512;1361;0;-5;1603;3145;95.84;90.71;;;
37.140512;-3.474727;1359;0;-5;1603;3145;95.86;90.69;;;
37.140574;-3.474939;1358;0;-5;1603;3145;95.88;90.67;;;
37.140635;-3.475151;1357;0;-5;1603;3145;95.9;90.65;;;
37.140697;-3.475363;1357;0;-5;1603;3145;95.92;90.63;;;
37.140748;-3.475578;1356;0;-5;1603;3145;95.94;90.61;;;
37.140781;-3.475800;1355;0;-5;1603;3145;95.96;90.59;;;
37.140810;-3.476023;1353;0;-5;1603;3145;95.98;90.57;;;
37.140825;-3.476248;1352;0;-5;1603;3145;96;90.55;;;
37.140839;-3.476473;1352;0;-4;1603;3145;96.02;90.53;;;
37.140853;-3.476697;1351;0;-4;1603;3145;96.04;90.51;;;
37.140868;-3.476922;1350;0;-3;1603;3145;96.06;90.49;;;
37.140881;-3.477147;1349;0;-3;1603;3145;96.08;90.47;;;
37.140895;-3.477372;1349;0;-3;1603;3145;96.1;90.45;;;
37.140909;-3.477597;1349;0;-3;1603;3145;96.12;90.43;;;
37.140937;-3.477818;1348;0;-3;1603;3145;96.14;90.41;;;
37.140995;-3.478032;1348;0;-3;1603;3145;96.16;90.39;;;
37.141068;-3.478238;1347;0;-3;1603;3145;96.18;90.37;;;
37.141144;-3.478443;1346;0;-3;1603;3145;96.2;90.35;;;
37.141219;-3.478647;1346;0;-3;1603;3145;96.22;90.33;;;
37.141295;-3.478852;1345;0;-3;1603;3145;96.24;90.31;;;
37.141316;-3.479074;1344;0;-3;1603;3145;96.26;90.29;;;
37.141301;-3.479299;1344;0;-3;1603;3145;96.28;90.27;;;
37.141339;-3.479517;1344;0;-3;1603;3145;96.3;90.25;;;
37.141339;-3.479737;1343;0;-3;1603;3145;96.32;90.23;;;
37.141216;-3.479898;1343;0;-3;1603;3145;96.34;90.21;;;
37.141079;-3.480044;1342;0;-3;1603;3145;96.36;90.19;;;
37.140941;-3.480189;1341;0;-3;1603;3145;96.38;90.17;;;
37.140900;-3.480400;1340;0;-3;1603;3145;96.4;90.15;;;
37.140907;-3.480625;1340;0;-3;1603;3145;96.42;90.13;;;
37.140829;-3.480822;1339;0;-3;1603;3145;96.44;90.11;;;
37.140714;-3.480995;1339;0;-3;1603;3145;96.46;90.09;;;
37.140598;-3.481168;1339;0;-3;1603;3145;96.48;90.07;;;
37.140508;-3.481363;1338;0;-3;1603;3145;96.5;90.05;;;
37.140439;-3.481571;1338;0;-3;1603;3145;96.52;90.03;;;
37.140353;-3.481766;1337;0;-3;1603;3145;96.54;90.01;;;
37.140232;-3.481932;1336;0;-3;1603;3145;96.56;89.99;;;
37.140092;-3.482073;1335;0;-3;1603;3145;96.58;89.97;;;
37.139938;-3.482187;1335;0;-3;1603;3145;96.6;89.95;;;
37.139781;-3.482298;1334;0;-3;1603;3145;96.62;89.93;;;
37.139624;-3.482409;1334;0;-2;1603;3145;96.64;89.91;;;
37.139467;-3.482519;1333;0;-3;1603;3145;96.66;89.89;;;
37.139310;-3.482629;1333;0;-3;1603;3145;96.68;89.87;;;
37.139168;-3.482768;1332;0;-3;1603;3145;96.7;89.85;;;
37.139050;-3.482930;1332;0;-3;1603;3145;96.72;89.83;;;
37.138988;-3.483138;1331;0;-3;1603;3145;96.74;89.81;;;
37.139016;-3.483358;1330;0;-3;1603;3145;96.76;89.79;;;
37.139090;-3.483561;1329;0;-4;1603;3145;96.78;89.77;;;
37.139198;-3.483742;1328;0;-4;1603;3145;96.8;89.75;;;
37.139305;-3.483922;1328;0;-4;1603;3145;96.82;89.73;;;
37.139413;-3.484103;1327;0;-4;1603;3145;96.84;89.71;;;
37.139521;-3.484284;1326;0;-4;1603;3145;96.86;89.69;;;
37.139629;-3.484464;1325;0;-4;1603;3145;96.88;89.67;;;
37.139736;-3.484645;1325;0;-4;1603;3145;96.9;89.65;;;
37.139844;-3.484826;1324;0;-4;1603;3145;96.92;89.63;;;
37.139952;-3.485006;1323;0;-5;1603;3145;96.94;89.61;;;
37.140060;-3.485187;1322;0;-5;1603;3145;96.96;89.59;;;
37.140162;-3.485372;1321;0;-5;1603;3145;96.98;89.57;;;
37.140249;-3.485570;1320;0;-5;1603;3145;97;89.55;;;
37.140336;-3.485767;1319;0;-5;1603;3145;97.02;89.53;;;
37.140467;-3.485913;1317;0;-5;1603;3145;97.04;89.51;;;
37.140633;-3.485999;1317;0;-5;1603;3145;97.06;89.49;;;
37.140805;-3.486061;1316;0;-5;1603;3145;97.08;89.47;;;
37.140983;-3.486095;1315;0;-5;1603;3145;97.1;89.45;;;
37.141162;-3.486116;1314;0;-5;1603;3145;97.12;89.43;;;
37.141329;-3.486189;1313;0;-5;1603;3145;97.14;89.41;;;
37.141448;-3.486355;1311;0;-5;1603;3145;97.16;89.39;;;
37.141545;-3.486544;1311;0;-5;1603;3145;97.18;89.37;;;
37.141627;-3.486745;1310;0;-5;1603;3145;97.2;89.35;;;
37.141742;-3.486919;1309;0;-5;1603;3145;97.22;89.33;;;
37.141839;-3.487103;1308;0;-6;1603;3145;97.24;89.31;;;
37.141884;-3.487322;1307;0;-6;1603;3145;97.26;89.29;;;
37.141929;-3.487540;1305;0;-7;1603;3145;97.28;89.27;;;
37.142051;-3.487702;1304;0;-7;1603;3145;97.3;89.25;;;
37.142215;-3.487794;1302;0;-7;1603;3145;97.32;89.23;;;
37.142392;-3.487787;1301;0;-7;1603;3145;97.34;89.21;;;
37.142557;-3.487710;1300;0;-7;1603;3145;97.36;89.19;;;
37.142707;-3.487586;1298;0;-7;1603;3145;97.38;89.17;;;
37.142844;-3.487441;1297;0;-7;1603;3145;97.4;89.15;;;
37.142979;-3.487292;1295;0;-7;1603;3145;97.42;89.13;;;
37.143096;-3.487120;1294;0;-7;1603;3145;97.44;89.11;;;
37.143202;-3.486940;1292;0;-7;1603;3145;97.46;89.09;;;
37.143285;-3.486739;1291;0;-7;1603;3145;97.48;89.07;;;
37.143359;-3.486534;1290;0;-6;1603;3145;97.5;89.05;;;
37.143439;-3.486334;1289;0;-7;1603;3145;97.52;89.03;;;
37.143554;-3.486162;1288;0;-7;1603;3145;97.54;89.01;;;
37.143712;-3.486061;1286;0;-7;1603;3145;97.56;88.99;;;
37.143886;-3.486013;1285;0;-7;1603;3145;97.58;88.97;;;
37.144059;-3.486056;1283;0;-8;1603;3145;97.6;88.95;;;
37.144198;-3.486188;1282;0;-8;1603;3145;97.62;88.93;;;
37.144303;-3.486369;1280;0;-8;1603;3145;97.64;88.91;;;
37.144389;-3.486568;1278;0;-8;1603;3145;97.66;88.89;;;
37.144475;-3.486766;1277;0;-9;1603;3145;97.68;88.87;;;
37.144560;-3.486964;1275;0;-9;1603;3145;97.7;88.85;;;
37.144646;-3.487163;1274;0;-9;1603;3145;97.72;88.83;;;
37.144743;-3.487352;1272;0;-9;1603;3145;97.74;88.81;;;
37.144896;-3.487458;1269;0;-9;1603;3145;97.76;88.79;;;
37.145051;-3.487567;1268;0;-9;1603;3145;97.78;88.77;;;
37.145227;-3.487594;1266;0;-9;1603;3145;97.8;88.75;;;
37.145399;-3.487552;1264;0;-9;1603;3145;97.82;88.73;;;
37.145544;-3.487421;1262;0;-9;1603;3145;97.84;88.71;;;
37.145652;-3.487243;1260;0;-8;1603;3145;97.86;88.69;;;
37.145731;-3.487041;1259;0;-8;1603;3145;97.88;88.67;;;
37.145797;-3.486832;1257;0;-8;1603;3145;97.9;88.65;;;
37.145843;-3.486614;1255;0;-7;1603;3145;97.92;88.63;;;
37.145889;-3.486395;1254;0;-7;1603;3145;97.94;88.61;;;
37.145934;-3.486177;1253;0;-7;1603;3145;97.96;88.59;;;
37.145999;-3.485967;1252;0;-7;1603;3145;97.98;88.57;;;
37.146096;-3.485779;1250;0;-6;1603;3145;98;88.55;;;
37.146210;-3.485605;1249;0;-6;1603;3145;98.02;88.53;;;
37.146348;-3.485460;1248;0;-6;1603;3145;98.04;88.51;;;
37.146504;-3.485350;1247;0;-7;1603;3145;98.06;88.49;;;
37.146670;-3.485265;1245;0;-8;1603;3145;98.08;88.47;;;
37.146844;-3.485215;1244;0;-8;1603;3145;98.1;88.45;;;
37.147024;-3.485205;1243;0;-8;1603;3145;98.12;88.43;;;
37.147203;-3.485207;1240;0;-8;1603;3145;98.14;88.41;;;
37.147382;-3.485226;1238;0;-8;1603;3145;98.16;88.39;;;
37.147561;-3.485246;1237;0;-7;1603;3145;98.18;88.37;;;
37.147741;-3.485265;1235;0;-7;1603;3145;98.2;88.35;;;
37.147920;-3.485285;1234;0;-6;1603;3145;98.22;88.33;;;
37.148099;-3.485304;1233;0;-6;1603;3145;98.24;88.31;;;
37.148278;-3.485323;1232;0;-6;1603;3145;98.26;88.29;;;
37.148457;-3.485343;1231;0;-7;1603;3145;98.28;88.27;;;
37.148637;-3.485362;1230;0;-8;1603;3145;98.3;88.25;;;
37.148816;-3.485381;1229;0;-9;1603;3145;98.32;88.23;;;
37.148995;-3.485378;1226;0;-9;1603;3145;98.34;88.21;;;
37.149175;-3.485362;1224;0;-9;1603;3145;98.36;88.19;;;
37.149354;-3.485342;1222;0;-10;1603;3145;98.38;88.17;;;
37.149521;-3.485269;1220;0;-9;1603;3145;98.4;88.15;;;
37.149674;-3.485151;1219;0;-9;1603;3145;98.42;88.13;;;
37.149803;-3.484994;1217;0;-8;1603;3145;98.44;88.11;;;
37.149907;-3.484811;1215;0;-7;1603;3145;98.46;88.09;;;
37.149978;-3.484604;1214;0;-7;1603;3145;98.48;88.07;;;
37.150015;-3.484387;1213;0;-7;1603;3145;98.5;88.05;;;
37.150027;-3.484161;1212;0;-6;1603;3145;98.52;88.03;;;
37.150010;-3.483937;1210;0;-7;1603;3145;98.54;88.01;;;
37.149980;-3.483715;1209;0;-7;1603;3145;98.56;87.99;;;
37.149937;-3.483496;1208;0;-8;1603;3145;98.58;87.97;;;
37.149895;-3.483276;1206;0;-9;1603;3145;98.6;87.95;;;
37.149853;-3.483057;1204;0;-9;1603;3145;98.62;87.93;;;
37.149810;-3.482838;1202;0;-9;1603;3145;98.64;87.91;;;
37.149768;-3.482618;1199;0;-9;1603;3145;98.66;87.89;;;
37.149752;-3.482394;1198;0;-9;1603;3145;98.68;87.87;;;
37.149764;-3.482169;1197;0;-9;1603;3145;98.7;87.85;;;
37.149803;-3.481951;1195;0;-8;1603;3145;98.72;87.83;;;
37.149875;-3.481745;1194;0;-7;1603;3145;98.74;87.81;;;
37.149976;-3.481558;1192;0;-8;1603;3145;98.76;87.79;;;
37.150099;-3.481394;1191;0;-8;1603;3145;98.78;87.77;;;
37.150250;-3.481274;1190;0;-8;1603;3145;98.8;87.75;;;
37.150407;-3.481164;1187;0;-8;1603;3145;98.82;87.73;;;
37.150578;-3.481094;1185;0;-7;1603;3145;98.84;87.71;;;
37.150749;-3.481023;1183;0;-7;1603;3145;98.86;87.69;;;
37.150919;-3.480951;1182;0;-7;1603;3145;98.88;87.67;;;
37.151090;-3.480880;1181;0;-6;1603;3145;98.9;87.65;;;
37.151261;-3.480810;1181;0;-5;1603;3145;98.92;87.63;;;
37.151431;-3.480738;1180;0;-6;1603;3145;98.94;87.61;;;
37.151602;-3.480667;1179;0;-6;1603;3145;98.96;87.59;;;
37.151773;-3.480596;1178;0;-7;1603;3145;98.98;87.57;;;
37.151943;-3.480524;1176;0;-8;1603;3145;99;87.55;;;
37.152102;-3.480419;1174;0;-8;1603;3145;99.02;87.53;;;
37.152231;-3.480269;1172;0;-8;1603;3145;99.04;87.51;;;
37.152309;-3.480068;1170;0;-9;1603;3145;99.06;87.49;;;
37.152328;-3.479845;1169;0;-8;1603;3145;99.08;87.47;;;
37.152301;-3.479623;1167;0;-8;1603;3145;99.1;87.45;;;
37.152224;-3.479419;1166;0;-8;1603;3145;99.12;87.43;;;
37.152145;-3.479217;1164;0;-9;1603;3145;99.14;87.41;;;
37.152066;-3.479014;1162;0;-9;1603;3145;99.16;87.39;;;
37.152032;-3.478795;1161;0;-9;1603;3145;99.18;87.37;;;
37.152071;-3.478580;1159;0;-9;1603;3145;99.2;87.35;;;
37.152209;-3.478440;1157;0;-9;1603;3145;99.22;87.33;;;
37.152379;-3.478389;1154;0;-9;1603;3145;99.24;87.31;;;
37.152542;-3.478476;1153;0;-9;1603;3145;99.26;87.29;;;
37.152658;-3.478644;1151;0;-9;1603;3145;99.28;87.27;;;
37.152729;-3.478851;1150;0;-8;1603;3145;99.3;87.25;;;
37.152783;-3.479066;1148;0;-7;1603;3145;99.32;87.23;;;
37.152838;-3.479282;1146;0;-7;1603;3145;99.34;87.21;;;
37.152892;-3.479497;1145;0;-7;1603;3145;99.36;87.19;;;
37.152946;-3.479712;1144;0;-7;1603;3145;99.38;87.17;;;
37.153000;-3.479927;1143;0;-7;1603;3145;99.4;87.15;;;
37.153051;-3.480143;1141;0;-7;1603;3145;99.42;87.13;;;
37.153078;-3.480367;1140;0;-7;1603;3145;99.44;87.11;;;
37.153052;-3.480590;1138;0;-7;1603;3145;99.46;87.09;;;
37.152988;-3.480799;1137;0;-7;1603;3145;99.48;87.07;;;
37.152885;-3.480983;1135;0;-6;1603;3145;99.5;87.05;;;
37.152750;-3.481130;1134;0;-7;1603;3145;99.52;87.03;;;
37.152603;-3.481261;1133;0;-7;1603;3145;99.54;87.01;;;
37.152452;-3.481384;1132;0;-7;1603;3145;99.56;86.99;;;
37.152301;-3.481505;1131;0;-7;1603;3145;99.58;86.97;;;
37.152168;-3.481657;1129;0;-7;1603;3145;99.6;86.95;;;
37.152063;-3.481840;1128;0;-7;1603;3145;99.62;86.93;;;
37.151991;-3.482046;1126;0;-7;1603;3145;99.64;86.91;;;
37.151968;-3.482266;1125;0;-7;1603;3145;99.66;86.89;;;
37.151995;-3.482487;1124;0;-7;1603;3145;99.68;86.87;;;
37.152050;-3.482701;1122;0;-8;1603;3145;99.7;86.85;;;
37.152146;-3.482892;1120;0;-8;1603;3145;99.72;86.83;;;
37.152241;-3.483083;1119;0;-7;1603;3145;99.74;86.81;;;
37.152337;-3.483274;1117;0;-8;1603;3145;99.76;86.79;;;
37.152435;-3.483463;1115;0;-8;1603;3145;99.78;86.77;;;
37.152533;-3.483652;1114;0;-8;1603;3145;99.8;86.75;;;
37.152632;-3.483841;1113;0;-8;1603;3145;99.82;86.73;;;
37.152733;-3.484027;1111;0;-7;1603;3145;99.84;86.71;;;
37.152841;-3.484208;1109;0;-7;1603;3145;99.86;86.69;;;
37.152948;-3.484389;1108;0;-7;1603;3145;99.88;86.67;;;
37.153046;-3.484578;1106;0;-7;1603;3145;99.9;86.65;;;
37.153145;-3.484767;1105;0;-7;1603;3145;99.92;86.63;;;
37.153243;-3.484956;1105;0;-6;1603;3145;99.94;86.61;;;
37.153342;-3.485144;1103;0;-6;1603;3145;99.96;86.59;;;
37.153440;-3.485333;1101;0;-6;1603;3145;99.98;86.57;;;
37.153539;-3.485522;1100;0;-6;1603;3145;100;86.55;;;
37.153637;-3.485711;1099;0;-6;1603;3145;100.02;86.53;;;
37.153736;-3.485900;1098;0;-6;1603;3145;100.04;86.51;;;
37.153834;-3.486089;1097;0;-8;1603;3145;100.06;86.49;;;
37.153932;-3.486278;1096;0;-8;1603;3145;100.08;86.47;;;
37.154031;-3.486466;1094;0;-9;1603;3145;100.1;86.45;;;
37.154130;-3.486655;1092;0;-10;1603;3145;100.12;86.43;;;
37.154190;-3.486861;1089;0;-10;1603;3145;100.14;86.41;;;
37.154290;-3.487049;1087;0;-10;1603;3145;100.16;86.39;;;
37.154389;-3.487237;1085;0;-10;1603;3145;100.18;86.37;;;
37.154489;-3.487425;1083;0;-10;1603;3145;100.2;86.35;;;
37.154588;-3.487614;1081;0;-8;1603;3145;100.22;86.33;;;
37.154685;-3.487803;1080;0;-8;1603;3145;100.24;86.31;;;
37.154781;-3.487994;1078;0;-7;1603;3145;100.26;86.29;;;
37.154876;-3.488186;1077;0;-7;1603;3145;100.28;86.27;;;
37.154971;-3.488377;1076;0;-7;1603;3145;100.3;86.25;;;
37.155066;-3.488569;1075;0;-7;1603;3145;100.32;86.23;;;
37.155161;-3.488761;1074;0;-7;1603;3145;100.34;86.21;;;
37.155255;-3.488953;1072;0;-8;1603;3145;100.36;86.19;;;
37.155300;-3.489171;1070;0;-8;1603;3145;100.38;86.17;;;
37.155295;-3.489393;1068;0;-8;1603;3145;100.4;86.15;;;
37.155207;-3.489587;1066;0;-8;1603;3145;100.42;86.13;;;
37.155078;-3.489738;1064;0;-9;1603;3145;100.44;86.11;;;
37.154910;-3.489818;1062;0;-8;1603;3145;100.46;86.09;;;
37.154739;-3.489888;1062;0;-8;1603;3145;100.48;86.07;;;
37.154566;-3.489951;1061;0;-7;1603;3145;100.5;86.05;;;
37.154399;-3.490033;1058;0;-7;1603;3145;100.52;86.03;;;
37.154243;-3.490143;1057;0;-7;1603;3145;100.54;86.01;;;
37.154104;-3.490285;1056;0;-8;1603;3145;100.56;85.99;;;
37.154010;-3.490476;1054;0;-8;1603;3145;100.58;85.97;;;
37.153967;-3.490694;1052;0;-7;1603;3145;100.6;85.95;;;
37.153966;-3.490918;1051;0;-7;1603;3145;100.62;85.93;;;
37.154028;-3.491129;1049;0;-8;1603;3145;100.64;85.91;;;
37.154125;-3.491318;1048;0;-8;1603;3145;100.66;85.89;;;
37.154257;-3.491472;1047;0;-7;1603;3145;100.68;85.87;;;
37.154392;-3.491620;1045;0;-7;1603;3145;100.7;85.85;;;
37.154536;-3.491755;1044;0;-8;1603;3145;100.72;85.83;;;
37.154682;-3.491887;1042;0;-8;1603;3145;100.74;85.81;;;
37.154828;-3.492018;1040;0;-8;1603;3145;100.76;85.79;;;
37.154940;-3.492196;1039;0;-8;1603;3145;100.78;85.77;;;
37.155050;-3.492374;1036;0;-7;1603;3145;100.8;85.75;;;
37.155121;-3.492579;1035;0;-7;1603;3145;100.82;85.73;;;
37.155144;-3.492803;1034;0;-6;1603;3145;100.84;85.71;;;
37.155141;-3.493028;1033;0;-6;1603;3145;100.86;85.69;;;
37.155111;-3.493250;1032;0;-5;1603;3145;100.88;85.67;;;
37.155058;-3.493465;1031;0;-5;1603;3145;100.9;85.65;;;
37.154986;-3.493672;1030;0;-5;1603;3145;100.92;85.63;;;
37.154914;-3.493878;1029;0;-5;1603;3145;100.94;85.61;;;
37.154841;-3.494085;1028;0;-5;1603;3145;100.96;85.59;;;
37.154768;-3.494291;1027;0;-5;1603;3145;100.98;85.57;;;
37.154697;-3.494498;1026;0;-5;1603;3145;101;85.55;;;
37.154626;-3.494705;1026;0;-5;1603;3145;101.02;85.53;;;
37.154555;-3.494913;1024;0;-5;1603;3145;101.04;85.51;;;
37.154483;-3.495120;1023;0;-5;1603;3145;101.06;85.49;;;
37.154422;-3.495331;1022;0;-4;1603;3145;101.08;85.47;;;
37.154380;-3.495550;1022;0;-4;1603;3145;101.1;85.45;;;
37.154351;-3.495772;1020;0;-4;1603;3145;101.12;85.43;;;
37.154339;-3.495997;1020;0;-4;1603;3145;101.14;85.41;;;
37.154352;-3.496222;1019;0;-4;1603;3145;101.16;85.39;;;
37.154380;-3.496445;1018;0;-3;1603;3145;101.18;85.37;;;
37.154418;-3.496665;1018;0;-3;1603;3145;101.2;85.35;;;
37.154456;-3.496886;1017;0;-3;1603;3145;101.22;85.33;;;
37.154491;-3.497107;1016;0;-3;1603;3145;101.24;85.31;;;
37.154516;-3.497330;1016;0;-2;1603;3145;101.26;85.29;;;
37.154508;-3.497555;1015;0;-2;1603;3145;101.28;85.27;;;
37.154451;-3.497768;1015;0;-2;1603;3145;101.3;85.25;;;
37.154379;-3.497974;1015;0;-2;1603;3145;101.32;85.23;;;
37.154278;-3.498160;1014;0;-2;1603;3145;101.34;85.21;;;
37.154151;-3.498320;1014;0;-2;1603;3145;101.36;85.19;;;
37.154005;-3.498446;1014;0;-2;1603;3145;101.38;85.17;;;
37.153843;-3.498544;1013;0;-2;1603;3145;101.4;85.15;;;
37.153671;-3.498611;1013;0;-2;1603;3145;101.42;85.13;;;
37.153498;-3.498669;1013;0;-2;1603;3145;101.44;85.11;;;
37.153323;-3.498725;1013;0;-2;1603;3145;101.46;85.09;;;
37.153155;-3.498801;1012;0;-2;1603;3145;101.48;85.07;;;
37.152998;-3.498908;1012;0;-2;1603;3145;101.5;85.05;;;
37.152859;-3.499051;1011;0;-2;1603;3145;101.52;85.03;;;
37.152738;-3.499218;1011;0;-2;1603;3145;101.54;85.01;;;
37.152666;-3.499425;1011;0;-1;1603;3145;101.56;84.99;;;
37.152597;-3.499633;1011;0;-1;1603;3145;101.58;84.97;;;
37.152582;-3.499858;1010;0;-1;1603;3145;101.6;84.95;;;
37.152573;-3.500082;1010;0;-1;1603;3145;101.62;84.93;;;
37.152609;-3.500303;1010;0;-1;1603;3145;101.64;84.91;;;
37.152672;-3.500514;1010;0;-1;1603;3145;101.66;84.89;;;
37.152765;-3.500704;1010;0;-1;1603;3145;101.68;84.87;;;
37.152882;-3.500875;1010;0;-1;1603;3145;101.7;84.85;;;
37.153010;-3.501034;1009;0;-1;1603;3145;101.72;84.83;;;
37.153138;-3.501193;1009;0;-1;1603;3145;101.74;84.81;;;
37.153260;-3.501357;1009;0;-1;1603;3145;101.76;84.79;;;
37.153363;-3.501542;1009;0;-1;1603;3145;101.78;84.77;;;
37.153438;-3.501746;1009;0;-1;1603;3145;101.8;84.75;;;
37.153507;-3.501955;1008;0;-1;1603;3145;101.82;84.73;;;
37.153565;-3.502169;1008;0;-1;1603;3145;101.84;84.71;;;
37.153619;-3.502384;1008;0;-1;1603;3145;101.86;84.69;;;
37.153674;-3.502599;1007;0;-1;1603;3145;101.88;84.67;;;
37.153728;-3.502814;1007;0;-1;1603;3145;101.9;84.65;;;
37.153782;-3.503029;1007;0;-2;1603;3145;101.92;84.63;;;
37.153837;-3.503244;1007;0;-2;1603;3145;101.94;84.61;;;
37.153891;-3.503459;1006;0;-2;1603;3145;101.96;84.59;;;
37.153946;-3.503674;1006;0;-2;1603;3145;101.98;84.57;;;
37.154000;-3.503890;1005;0;-2;1603;3145;102;84.55;;;
37.154054;-3.504105;1005;0;-2;1603;3145;102.02;84.53;;;
37.154109;-3.504320;1005;0;-2;1603;3145;102.04;84.51;;;
37.154164;-3.504534;1004;0;-2;1603;3145;102.06;84.49;;;
37.154218;-3.504750;1004;0;-2;1603;3145;102.08;84.47;;;
37.154272;-3.504965;1003;0;-3;1603;3145;102.1;84.45;;;
37.154326;-3.505180;1003;0;-3;1603;3145;102.12;84.43;;;
37.154378;-3.505396;1002;0;-3;1603;3145;102.14;84.41;;;
37.154431;-3.505612;1002;0;-3;1603;3145;102.16;84.39;;;
37.154483;-3.505828;1001;0;-3;1603;3145;102.18;84.37;;;
37.154536;-3.506044;1000;0;-3;1603;3145;102.2;84.35;;;
37.154588;-3.506260;1000;0;-4;1603;3145;102.22;84.33;;;
37.154640;-3.506476;999;0;-4;1603;3145;102.24;84.31;;;
37.154693;-3.506691;998;0;-4;1603;3145;102.26;84.29;;;
37.154745;-3.506907;997;0;-4;1603;3145;102.28;84.27;;;
37.154799;-3.507123;996;0;-5;1603;3145;102.3;84.25;;;
37.154850;-3.507339;995;0;-6;1603;3145;102.32;84.23;;;
37.154902;-3.507555;995;0;-6;1603;3145;102.34;84.21;;;
37.154983;-3.507756;994;0;-6;1603;3145;102.36;84.19;;;
37.155067;-3.507956;992;0;-6;1603;3145;102.38;84.17;;;
37.155177;-3.508133;990;0;-6;1603;3145;102.4;84.15;;;
37.155307;-3.508289;989;0;-6;1603;3145;102.42;84.13;;;
37.155438;-3.508445;988;0;-5;1603;3145;102.44;84.11;;;
37.155568;-3.508600;987;0;-5;1603;3145;102.46;84.09;;;
37.155698;-3.508756;987;0;-5;1603;3145;102.48;84.07;;;
37.155827;-3.508913;986;0;-4;1603;3145;102.5;84.05;;;
37.155937;-3.509092;985;0;-5;1603;3145;102.52;84.03;;;
37.156036;-3.509279;984;0;-5;1603;3145;102.54;84.01;;;
37.156097;-3.509490;983;0;-6;1603;3145;102.56;83.99;;;
37.156144;-3.509708;982;0;-6;1603;3145;102.58;83.97;;;
37.156166;-3.509931;980;0;-7;1603;3145;102.6;83.95;;;
37.156155;-3.510156;979;0;-7;1603;3145;102.62;83.93;;;
37.156132;-3.510380;978;0;-8;1603;3145;102.64;83.91;;;
37.156089;-3.510599;976;0;-8;1603;3145;102.66;83.89;;;
37.156046;-3.510818;974;0;-7;1603;3145;102.68;83.87;;;
37.156000;-3.511036;973;0;-8;1603;3145;102.7;83.85;;;
37.155951;-3.511253;971;0;-8;1603;3145;102.72;83.83;;;
37.155902;-3.511470;970;0;-8;1603;3145;102.74;83.81;;;
37.155852;-3.511687;969;0;-7;1603;3145;102.76;83.79;;;
37.155820;-3.511909;966;0;-7;1603;3145;102.78;83.77;;;
37.155831;-3.512134;965;0;-7;1603;3145;102.8;83.75;;;
37.155861;-3.512355;964;0;-7;1603;3145;102.82;83.73;;;
37.155910;-3.512572;963;0;-7;1603;3145;102.84;83.71;;;
37.155991;-3.512772;961;0;-7;1603;3145;102.86;83.69;;;
37.156105;-3.512947;960;0;-7;1603;3145;102.88;83.67;;;
37.156227;-3.513111;959;0;-7;1603;3145;102.9;83.65;;;
37.156358;-3.513267;957;0;-7;1603;3145;102.92;83.63;;;
37.156488;-3.513423;956;0;-7;1603;3145;102.94;83.61;;;
37.156606;-3.513591;954;0;-9;1603;3145;102.96;83.59;;;
37.156704;-3.513781;953;0;-9;1603;3145;102.98;83.57;;;
37.156782;-3.513983;952;0;-9;1603;3145;103;83.55;;;
37.156852;-3.514191;950;0;-10;1603;3145;103.02;83.53;;;
37.156912;-3.514403;946;0;-10;1603;3145;103.04;83.51;;;
37.156971;-3.514617;944;0;-10;1603;3145;103.06;83.49;;;
37.157030;-3.514830;942;0;-10;1603;3145;103.08;83.47;;;
37.157087;-3.515044;939;0;-10;1603;3145;103.1;83.45;;;
37.157121;-3.515265;937;0;-10;1603;3145;103.12;83.43;;;
37.157155;-3.515487;936;0;-10;1603;3145;103.14;83.41;;;
37.157188;-3.515709;935;0;-10;1603;3145;103.16;83.39;;;
37.157221;-3.515931;933;0;-9;1603;3145;103.18;83.37;;;
37.157244;-3.516155;931;0;-9;1603;3145;103.2;83.35;;;
37.157265;-3.516379;929;0;-9;1603;3145;103.22;83.33;;;
37.157285;-3.516603;927;0;-10;1603;3145;103.24;83.31;;;
37.157285;-3.516828;925;0;-9;1603;3145;103.26;83.29;;;
37.157281;-3.517054;923;0;-9;1603;3145;103.28;83.27;;;
37.157260;-3.517276;921;0;-8;1603;3145;103.3;83.25;;;
37.157203;-3.517490;920;0;-9;1603;3145;103.32;83.23;;;
37.157112;-3.517685;918;0;-8;1603;3145;103.34;83.21;;;
37.157005;-3.517865;917;0;-7;1603;3145;103.36;83.19;;;
37.156873;-3.518017;915;0;-7;1603;3145;103.38;83.17;;;
37.156719;-3.518132;914;0;-8;1603;3145;103.4;83.15;;;
37.156559;-3.518235;913;0;-9;1603;3145;103.42;83.13;;;
37.156400;-3.518339;911;0;-9;1603;3145;103.44;83.11;;;
37.156240;-3.518442;910;0;-10;1603;3145;103.46;83.09;;;
37.156091;-3.518568;907;0;-10;1603;3145;103.48;83.07;;;
37.155971;-3.518734;904;0;-10;1603;3145;103.5;83.05;;;
37.155882;-3.518929;902;0;-10;1603;3145;103.52;83.03;;;
37.155838;-3.519147;899;0;-10;1603;3145;103.54;83.01;;;
37.155846;-3.519372;898;0;-10;1603;3145;103.56;82.99;;;
37.155889;-3.519590;895;0;-10;1603;3145;103.58;82.97;;;
37.155981;-3.519782;893;0;-10;1603;3145;103.6;82.95;;;
37.156109;-3.519939;891;0;-10;1603;3145;103.62;82.93;;;
37.156259;-3.520058;889;0;-10;1603;3145;103.64;82.91;;;
37.156430;-3.520126;887;0;-10;1603;3145;103.66;82.89;;;
37.156609;-3.520133;885;0;-9;1603;3145;103.68;82.87;;;
37.156786;-3.520105;883;0;-9;1603;3145;103.7;82.85;;;
37.156953;-3.520024;881;0;-8;1603;3145;103.72;82.83;;;
37.157103;-3.519900;880;0;-8;1603;3145;103.74;82.81;;;
37.157254;-3.519776;878;0;-8;1603;3145;103.76;82.79;;;
37.157404;-3.519651;877;0;-7;1603;3145;103.78;82.77;;;
37.157549;-3.519519;876;0;-7;1603;3145;103.8;82.75;;;
37.157691;-3.519380;874;0;-7;1603;3145;103.82;82.73;;;
37.157833;-3.519241;872;0;-7;1603;3145;103.84;82.71;;;
37.157970;-3.519097;871;0;-7;1603;3145;103.86;82.69;;;
37.158075;-3.518913;870;0;-7;1603;3145;103.88;82.67;;;
37.158168;-3.518720;869;0;-7;1603;3145;103.9;82.65;;;
37.158261;-3.518528;868;0;-8;1603;3145;103.92;82.63;;;
37.158356;-3.518336;866;0;-8;1603;3145;103.94;82.61;;;
37.158474;-3.518168;864;0;-9;1603;3145;103.96;82.59;;;
37.158629;-3.518054;862;0;-10;1603;3145;103.98;82.57;;;
37.158796;-3.517979;860;0;-10;1603;3145;104;82.55;;;
37.158975;-3.517958;858;0;-10;1603;3145;104.02;82.53;;;
37.159152;-3.517988;856;0;-10;1603;3145;104.04;82.51;;;
37.159321;-3.518062;853;0;-10;1603;3145;104.06;82.49;;;
37.159469;-3.518188;851;0;-10;1603;3145;104.08;82.47;;;
37.159580;-3.518365;849;0;-10;1603;3145;104.1;82.45;;;
37.159659;-3.518565;847;0;-10;1603;3145;104.12;82.43;;;
37.159694;-3.518785;845;0;-10;1603;3145;104.14;82.41;;;
37.159676;-3.519007;843;0;-9;1603;3145;104.16;82.39;;;
37.159614;-3.519219;841;0;-9;1603;3145;104.18;82.37;;;
37.159518;-3.519409;839;0;-10;1603;3145;104.2;82.35;;;
37.159397;-3.519575;837;0;-9;1603;3145;104.22;82.33;;;
37.159273;-3.519738;836;0;-9;1603;3145;104.24;82.31;;;
37.159149;-3.519902;834;0;-9;1603;3145;104.26;82.29;;;
37.159024;-3.520065;832;0;-10;1603;3145;104.28;82.27;;;
37.158903;-3.520230;830;0;-10;1603;3145;104.3;82.25;;;
37.158818;-3.520430;828;0;-9;1603;3145;104.32;82.23;;;
37.158732;-3.520628;825;0;-9;1603;3145;104.34;82.21;;;
37.158676;-3.520842;823;0;-9;1603;3145;104.36;82.19;;;
37.158648;-3.521065;822;0;-9;1603;3145;104.38;82.17;;;
37.158638;-3.521290;821;0;-9;1603;3145;104.4;82.15;;;
37.158639;-3.521515;820;0;-8;1603;3145;104.42;82.13;;;
37.158658;-3.521740;818;0;-9;1603;3145;104.44;82.11;;;
37.158677;-3.521964;816;0;-9;1603;3145;104.46;82.09;;;
37.158694;-3.522189;814;0;-9;1603;3145;104.48;82.07;;;
37.158710;-3.522414;812;0;-9;1603;3145;104.5;82.05;;;
37.158707;-3.522638;809;0;-9;1603;3145;104.52;82.03;;;
37.158668;-3.522857;808;0;-9;1603;3145;104.54;82.01;;;
37.158592;-3.523059;806;0;-8;1603;3145;104.56;81.99;;;
37.158484;-3.523240;805;0;-7;1603;3145;104.58;81.97;;;
37.158352;-3.523392;803;0;-7;1603;3145;104.6;81.95;;;
37.158197;-3.523503;802;0;-7;1603;3145;104.62;81.93;;;
37.158030;-3.523588;801;0;-7;1603;3145;104.64;81.91;;;
37.157858;-3.523653;800;0;-7;1603;3145;104.66;81.89;;;
37.157686;-3.523719;798;0;-7;1603;3145;104.68;81.87;;;
37.157514;-3.523784;797;0;-7;1603;3145;104.7;81.85;;;
37.157347;-3.523865;795;0;-7;1603;3145;104.72;81.83;;;
37.157183;-3.523958;794;0;-7;1603;3145;104.74;81.81;;;
37.157019;-3.524051;792;0;-6;1603;3145;104.76;81.79;;;
37.156854;-3.524142;791;0;-6;1603;3145;104.78;81.77;;;
37.156690;-3.524233;790;0;-5;1603;3145;104.8;81.75;;;
37.156528;-3.524331;789;0;-5;1603;3145;104.82;81.73;;;
37.156367;-3.524432;788;0;-5;1603;3145;104.84;81.71;;;
37.156206;-3.524533;787;0;-5;1603;3145;104.86;81.69;;;
37.156052;-3.524648;786;0;-6;1603;3145;104.88;81.67;;;
37.155906;-3.524780;785;0;-6;1603;3145;104.9;81.65;;;
37.155767;-3.524922;783;0;-7;1603;3145;104.92;81.63;;;
37.155641;-3.525083;783;0;-7;1603;3145;104.94;81.61;;;
37.155524;-3.525253;780;0;-7;1603;3145;104.96;81.59;;;
37.155431;-3.525446;779;0;-8;1603;3145;104.98;81.57;;;
37.155351;-3.525647;778;0;-7;1603;3145;105;81.55;;;
37.155278;-3.525854;776;0;-7;1603;3145;105.02;81.53;;;
37.155223;-3.526068;775;0;-6;1603;3145;105.04;81.51;;;
37.155186;-3.526288;773;0;-6;1603;3145;105.06;81.49;;;
37.155148;-3.526509;772;0;-5;1603;3145;105.08;81.47;;;
37.155111;-3.526730;772;0;-5;1603;3145;105.1;81.45;;;
37.155074;-3.526951;770;0;-5;1603;3145;105.12;81.43;;;
37.155036;-3.527171;769;0;-5;1603;3145;105.14;81.41;;;
37.154999;-3.527392;769;0;-5;1603;3145;105.16;81.39;;;
37.154961;-3.527613;768;0;-5;1603;3145;105.18;81.37;;;
37.154905;-3.527827;767;0;-5;1603;3145;105.2;81.35;;;
37.154848;-3.528041;766;0;-5;1603;3145;105.22;81.33;;;
37.154782;-3.528251;764;0;-5;1603;3145;105.24;81.31;;;
37.154699;-3.528451;763;0;-5;1603;3145;105.26;81.29;;;
37.154617;-3.528651;762;0;-4;1603;3145;105.28;81.27;;;
37.154533;-3.528851;761;0;-4;1603;3145;105.3;81.25;;;
37.154450;-3.529051;761;0;-4;1603;3145;105.32;81.23;;;
37.154366;-3.529251;760;0;-4;1603;3145;105.34;81.21;;;
37.154284;-3.529452;759;0;-4;1603;3145;105.36;81.19;;;
37.154201;-3.529652;759;0;-4;1603;3145;105.38;81.17;;;
37.154118;-3.529852;758;0;-4;1603;3145;105.4;81.15;;;
37.154034;-3.530051;757;0;-4;1603;3145;105.42;81.13;;;
37.153970;-3.530262;756;0;-4;1603;3145;105.44;81.11;;;
37.153912;-3.530476;756;0;-3;1603;3145;105.46;81.09;;;
37.153867;-3.530693;755;0;-3;1603;3145;105.48;81.07;;;
37.153840;-3.530916;754;0;-3;1603;3145;105.5;81.05;;;
37.153818;-3.531140;753;0;-3;1603;3145;105.52;81.03;;;
37.153818;-3.531366;753;0;-3;1603;3145;105.54;81.01;;;
37.153818;-3.531591;753;0;-2;1603;3145;105.56;80.99;;;
37.153818;-3.531817;753;0;-2;1603;3145;105.58;80.97;;;
37.153820;-3.532043;752;0;-2;1603;3145;105.6;80.95;;;
37.153825;-3.532268;751;0;-2;1603;3145;105.62;80.93;;;
37.153830;-3.532494;751;0;-3;1603;3145;105.64;80.91;;;
37.153834;-3.532719;750;0;-3;1603;3145;105.66;80.89;;;
37.153840;-3.532945;750;0;-2;1603;3145;105.68;80.87;;;
37.153844;-3.533170;749;0;-2;1603;3145;105.7;80.85;;;
37.153849;-3.533396;749;0;-2;1603;3145;105.72;80.83;;;
37.153854;-3.533622;748;0;-2;1603;3145;105.74;80.81;;;
37.153859;-3.533847;748;0;-2;1603;3145;105.76;80.79;;;
37.153864;-3.534073;748;0;-2;1603;3145;105.78;80.77;;;
37.153868;-3.534298;747;0;-2;1603;3145;105.8;80.75;;;
37.153874;-3.534524;747;0;-2;1603;3145;105.82;80.73;;;
37.153878;-3.534750;747;0;-2;1603;3145;105.84;80.71;;;
37.153883;-3.534975;746;0;-2;1603;3145;105.86;80.69;;;
37.153888;-3.535201;746;0;-2;1603;3145;105.88;80.67;;;
37.153892;-3.535426;745;0;-2;1603;3145;105.9;80.65;;;
37.153897;-3.535652;745;0;-2;1603;3145;105.92;80.63;;;
37.153901;-3.535878;745;0;-2;1603;3145;105.94;80.61;;;
37.153905;-3.536103;744;0;-2;1603;3145;105.96;80.59;;;
37.153909;-3.536329;744;0;-2;1603;3145;105.98;80.57;;;
37.153916;-3.536554;743;0;-2;1603;3145;106;80.55;;;
37.153923;-3.536780;743;0;-2;1603;3145;106.02;80.53;;;
37.153929;-3.537005;743;0;-2;1603;3145;106.04;80.51;;;
37.153935;-3.537231;742;0;-2;1603;3145;106.06;80.49;;;
37.153941;-3.537456;742;0;-2;1603;3145;106.08;80.47;;;
37.153948;-3.537682;741;0;-2;1603;3145;106.1;80.45;;;
37.153954;-3.537907;741;0;-2;1603;3145;106.12;80.43;;;
37.153960;-3.538133;740;0;-2;1603;3145;106.14;80.41;;;
37.153967;-3.538359;740;0;-2;1603;3145;106.16;80.39;;;
37.153973;-3.538584;740;0;-2;1603;3145;106.18;80.37;;;
37.153982;-3.538809;739;0;-2;1603;3145;106.2;80.35;;;
37.154002;-3.539034;738;0;-2;1603;3145;106.22;80.33;;;
37.154023;-3.539258;738;0;-2;1603;3145;106.24;80.31;;;
37.154047;-3.539481;737;0;-2;1603;3145;106.26;80.29;;;
37.154075;-3.539704;737;0;-2;1603;3145;106.28;80.27;;;
37.154117;-3.539924;737;0;-2;1603;3145;106.3;80.25;;;
37.154158;-3.540143;736;0;-2;1603;3145;106.32;80.23;;;
37.154200;-3.540363;736;0;-2;1603;3145;106.34;80.21;;;
37.154253;-3.540578;736;0;-3;1603;3145;106.36;80.19;;;
37.154309;-3.540793;735;0;-3;1603;3145;106.38;80.17;;;
37.154369;-3.541005;734;0;-3;1603;3145;106.4;80.15;;;
37.154434;-3.541215;734;0;-3;1603;3145;106.42;80.13;;;
37.154503;-3.541424;733;0;-3;1603;3145;106.44;80.11;;;
37.154584;-3.541625;732;0;-3;1603;3145;106.46;80.09;;;
37.154666;-3.541826;732;0;-3;1603;3145;106.48;80.07;;;
37.154748;-3.542027;731;0;-2;1603;3145;106.5;80.05;;;
37.154830;-3.542228;731;0;-2;1603;3145;106.52;80.03;;;
37.154912;-3.542428;731;0;-2;1603;3145;106.54;80.01;;;
37.154998;-3.542627;730;0;-2;1603;3145;106.56;79.99;;;
37.155082;-3.542826;730;0;-2;1603;3145;106.58;79.97;;;
37.155167;-3.543025;730;0;-2;1603;3145;106.6;79.95;;;
37.155241;-3.543231;729;0;-2;1603;3145;106.62;79.93;;;
37.155313;-3.543438;728;0;-3;1603;3145;106.64;79.91;;;
37.155387;-3.543644;728;0;-3;1603;3145;106.66;79.89;;;
37.155460;-3.543850;728;0;-3;1603;3145;106.68;79.87;;;
37.155533;-3.544056;727;0;-2;1603;3145;106.7;79.85;;;
37.155605;-3.544263;726;0;-2;1603;3145;106.72;79.83;;;
37.155677;-3.544470;726;0;-3;1603;3145;106.74;79.81;;;
37.155749;-3.544676;725;0;-3;1603;3145;106.76;79.79;;;
37.155822;-3.544883;725;0;-2;1603;3145;106.78;79.77;;;
37.155894;-3.545090;725;0;-2;1603;3145;106.8;79.75;;;
37.155966;-3.545297;724;0;-2;1603;3145;106.82;79.73;;;
37.156044;-3.545500;723;0;-3;1603;3145;106.84;79.71;;;
37.156122;-3.545703;723;0;-3;1603;3145;106.86;79.69;;;
37.156200;-3.545907;723;0;-3;1603;3145;106.88;79.67;;;
37.156277;-3.546110;722;0;-3;1603;3145;106.9;79.65;;;
37.156353;-3.546315;721;0;-3;1603;3145;106.92;79.63;;;
37.156428;-3.546520;721;0;-3;1603;3145;106.94;79.61;;;
37.156503;-3.546725;720;0;-3;1603;3145;106.96;79.59;;;
37.156577;-3.546931;720;0;-3;1603;3145;106.98;79.57;;;
37.156652;-3.547136;719;0;-2;1603;3145;107;79.55;;;
37.156726;-3.547342;719;0;-2;1603;3145;107.02;79.53;;;
37.156801;-3.547547;718;0;-2;1603;3145;107.04;79.51;;;
37.156876;-3.547752;718;0;-2;1603;3145;107.06;79.49;;;
37.156950;-3.547958;718;0;-2;1603;3145;107.08;79.47;;;
37.157025;-3.548163;718;0;-2;1603;3145;107.1;79.45;;;
37.157098;-3.548369;717;0;-1;1603;3145;107.12;79.43;;;
37.157167;-3.548577;717;0;-1;1603;3145;107.14;79.41;;;
37.157235;-3.548786;716;0;-1;1603;3145;107.16;79.39;;;
37.157302;-3.548996;716;0;-1;1603;3145;107.18;79.37;;;
37.157370;-3.549205;716;0;-1;1603;3145;107.2;79.35;;;
37.157437;-3.549414;716;0;-1;1603;3145;107.22;79.33;;;
37.157503;-3.549624;715;0;-1;1603;3145;107.24;79.31;;;
37.157562;-3.549837;715;0;-1;1603;3145;107.26;79.29;;;
37.157626;-3.550048;715;0;-2;1603;3145;107.28;79.27;;;
37.157692;-3.550258;715;0;-2;1603;3145;107.3;79.25;;;
37.157758;-3.550468;714;0;-2;1603;3145;107.32;79.23;;;
37.157820;-3.550680;714;0;-2;1603;3145;107.34;79.21;;;
37.157881;-3.550892;713;0;-2;1603;3145;107.36;79.19;;;
37.157942;-3.551105;713;0;-2;1603;3145;107.38;79.17;;;
37.158003;-3.551317;712;0;-2;1603;3145;107.4;79.15;;;
37.158064;-3.551529;712;0;-2;1603;3145;107.42;79.13;;;
37.158126;-3.551741;712;0;-2;1603;3145;107.44;79.11;;;
37.158187;-3.551953;712;0;-2;1603;3145;107.46;79.09;;;
37.158248;-3.552165;711;0;-2;1603;3145;107.48;79.07;;;
37.158309;-3.552378;711;0;-2;1603;3145;107.5;79.05;;;
37.158371;-3.552590;711;0;-2;1603;3145;107.52;79.03;;;
37.158432;-3.552802;710;0;-2;1603;3145;107.54;79.01;;;
37.158493;-3.553014;710;0;-2;1603;3145;107.56;78.99;;;
37.158553;-3.553227;709;0;-2;1603;3145;107.58;78.97;;;
37.158613;-3.553440;709;0;-2;1603;3145;107.6;78.95;;;
37.158673;-3.553652;708;0;-2;1603;3145;107.62;78.93;;;
37.158733;-3.553865;708;0;-2;1603;3145;107.64;78.91;;;
37.158793;-3.554078;708;0;-2;1603;3145;107.66;78.89;;;
37.158854;-3.554291;707;0;-2;1603;3145;107.68;78.87;;;
37.158914;-3.554503;707;0;-2;1603;3145;107.7;78.85;;;
37.158974;-3.554716;707;0;-2;1603;3145;107.72;78.83;;;
37.159034;-3.554929;706;0;-2;1603;3145;107.74;78.81;;;
37.159094;-3.555141;706;0;-2;1603;3145;107.76;78.79;;;
37.159154;-3.555354;705;0;-2;1603;3145;107.78;78.77;;;
37.159214;-3.555567;705;0;-2;1603;3145;107.8;78.75;;;
37.159274;-3.555780;705;0;-2;1603;3145;107.82;78.73;;;
37.159334;-3.555992;704;0;-2;1603;3145;107.84;78.71;;;
37.159395;-3.556205;704;0;-2;1603;3145;107.86;78.69;;;
37.159455;-3.556418;703;0;-2;1603;3145;107.88;78.67;;;
37.159515;-3.556631;703;0;-2;1603;3145;107.9;78.65;;;
37.159575;-3.556843;703;0;-2;1603;3145;107.92;78.63;;;
37.159634;-3.557057;702;0;-2;1603;3145;107.94;78.61;;;
37.159690;-3.557271;701;0;-2;1603;3145;107.96;78.59;;;
37.159746;-3.557485;701;0;-2;1603;3145;107.98;78.57;;;
37.159803;-3.557700;701;0;-2;1603;3145;108;78.55;;;
37.159859;-3.557914;700;0;-2;1603;3145;108.02;78.53;;;
37.159916;-3.558128;699;0;-2;1603;3145;108.04;78.51;;;
37.159972;-3.558342;699;0;-2;1603;3145;108.06;78.49;;;
37.160028;-3.558557;699;0;-2;1603;3145;108.08;78.47;;;
37.160084;-3.558771;699;0;-2;1603;3145;108.1;78.45;;;
37.160141;-3.558985;698;0;-2;1603;3145;108.12;78.43;;;
37.160197;-3.559200;698;0;-2;1603;3145;108.14;78.41;;;
37.160253;-3.559414;697;0;-2;1603;3145;108.16;78.39;;;
37.160310;-3.559629;697;0;-2;1603;3145;108.18;78.37;;;
37.160366;-3.559843;697;0;-2;1603;3145;108.2;78.35;;;
37.160422;-3.560057;696;0;-2;1603;3145;108.22;78.33;;;
37.160477;-3.560272;696;0;-2;1603;3145;108.24;78.31;;;
37.160530;-3.560488;695;0;-3;1603;3145;108.26;78.29;;;
37.160584;-3.560703;695;0;-3;1603;3145;108.28;78.27;;;
37.160637;-3.560919;694;0;-3;1603;3145;108.3;78.25;;;
37.160685;-3.561136;694;0;-2;1603;3145;108.32;78.23;;;
37.160726;-3.561356;693;0;-2;1603;3145;108.34;78.21;;;
37.160766;-3.561576;693;0;-3;1603;3145;108.36;78.19;;;
37.160804;-3.561797;692;0;-3;1603;3145;108.38;78.17;;;
37.160829;-3.562020;692;0;-2;1603;3145;108.4;78.15;;;
37.160855;-3.562243;691;0;-2;1603;3145;108.42;78.13;;;
37.160869;-3.562468;691;0;-2;1603;3145;108.44;78.11;;;
37.160882;-3.562693;690;0;-2;1603;3145;108.46;78.09;;;
37.160893;-3.562919;690;0;-2;1603;3145;108.48;78.07;;;
37.160897;-3.563144;689;0;-2;1603;3145;108.5;78.05;;;
37.160893;-3.563370;689;0;-2;1603;3145;108.52;78.03;;;
37.160890;-3.563595;689;0;-2;1603;3145;108.54;78.01;;;
37.160885;-3.563821;688;0;-2;1603;3145;108.56;77.99;;;
37.160869;-3.564046;688;0;-2;1603;3145;108.58;77.97;;;
37.160853;-3.564271;687;0;-2;1603;3145;108.6;77.95;;;
37.160837;-3.564495;687;0;-2;1603;3145;108.62;77.93;;;
37.160821;-3.564720;687;0;-2;1603;3145;108.64;77.91;;;
37.160805;-3.564945;687;0;-1;1603;3145;108.66;77.89;;;
37.160789;-3.565170;686;0;-1;1603;3145;108.68;77.87;;;
37.160773;-3.565395;686;0;-1;1603;3145;108.7;77.85;;;
37.160757;-3.565619;686;0;-1;1603;3145;108.72;77.83;;;
37.160741;-3.565844;686;0;-1;1603;3145;108.74;77.81;;;
37.160726;-3.566069;686;0;-1;1603;3145;108.76;77.79;;;
37.160718;-3.566294;685;0;0;1603;3145;108.78;77.77;;;
37.160718;-3.566520;685;0;0;1603;3145;108.8;77.75;;;
37.160720;-3.566746;685;0;0;1603;3145;108.82;77.73;;;
37.160737;-3.566970;686;0;1;1604;3144;108.84;77.71;;;
37.160759;-3.567194;686;0;1;1604;3144;108.86;77.69;;;
37.160791;-3.567416;686;0;1;1604;3144;108.88;77.67;;;
37.160835;-3.567635;686;0;2;1604;3144;108.9;77.65;;;
37.160881;-3.567853;687;0;2;1605;3143;108.92;77.63;;;
37.160928;-3.568071;687;0;2;1605;3143;108.94;77.61;;;
37.160976;-3.568288;688;0;3;1606;3142;108.96;77.59;;;
37.161029;-3.568504;688;0;3;1606;3142;108.98;77.57;;;
37.161083;-3.568719;689;0;3;1607;3141;109;77.55;;;
37.161136;-3.568935;689;0;3;1607;3141;109.02;77.53;;;
37.161190;-3.569150;690;0;3;1608;3140;109.04;77.51;;;
37.161244;-3.569366;690;0;4;1608;3140;109.06;77.49;;;
37.161298;-3.569581;691;0;4;1609;3139;109.08;77.47;;;
37.161351;-3.569796;692;0;4;1610;3138;109.1;77.45;;;
37.161404;-3.570012;693;0;5;1611;3137;109.12;77.43;;;
37.161455;-3.570229;695;0;6;1613;3135;109.14;77.41;;;
37.161504;-3.570446;696;0;6;1614;3134;109.16;77.39;;;
37.161555;-3.570662;696;0;6;1614;3134;109.18;77.37;;;
37.161605;-3.570879;698;0;7;1616;3132;109.2;77.35;;;
37.161655;-3.571096;699;0;7;1617;3131;109.22;77.33;;;
37.161706;-3.571312;700;0;7;1619;3129;109.24;77.31;;;
37.161752;-3.571530;702;0;8;1620;3128;109.26;77.29;;;
37.161794;-3.571750;704;0;9;1622;3126;109.28;77.27;;;
37.161836;-3.571969;705;0;9;1623;3125;109.3;77.25;;;
37.161879;-3.572188;706;0;9;1624;3124;109.32;77.23;;;
37.161877;-3.572412;709;0;9;1627;3121;109.34;77.21;;;
37.161802;-3.572611;712;0;9;1630;3118;109.36;77.19;;;
37.161656;-3.572738;715;0;9;1633;3115;109.38;77.17;;;
37.161478;-3.572746;721;0;9;1639;3109;109.4;77.15;;;
37.161312;-3.572667;722;0;9;1640;3108;109.42;77.13;;;
37.161150;-3.572569;724;0;9;1642;3106;109.44;77.11;;;
37.160976;-3.572521;732;0;9;1650;3098;109.46;77.09;;;
37.160806;-3.572583;736;0;9;1654;3094;109.48;77.07;;;
37.160655;-3.572702;738;0;9;1656;3092;109.5;77.05;;;
37.160516;-3.572844;740;0;9;1658;3090;109.52;77.03;;;
37.160376;-3.572986;741;0;9;1659;3089;109.54;77.01;;;
37.160236;-3.573128;743;0;9;1661;3087;109.56;76.99;;;
37.160096;-3.573270;745;0;9;1663;3085;109.58;76.97;;;
37.159956;-3.573412;752;0;9;1670;3078;109.6;76.95;;;
37.159817;-3.573554;753;0;9;1671;3077;109.62;76.93;;;
37.159677;-3.573696;755;0;9;1673;3075;109.64;76.91;;;
37.159551;-3.573856;757;0;9;1676;3072;109.66;76.89;;;
37.159432;-3.574026;759;0;9;1677;3071;109.68;76.87;;;
37.159313;-3.574195;760;0;8;1678;3070;109.7;76.85;32;;
37.159194;-3.574364;761;0;8;1680;3068;109.72;76.83;;;
37.159076;-3.574534;765;0;7;1683;3065;109.74;76.81;;;
37.158958;-3.574704;766;0;6;1684;3064;109.76;76.79;;;
37.158839;-3.574873;767;0;5;1685;3063;109.78;76.77;;;
37.158728;-3.575050;768;0;4;1686;3062;109.8;76.75;;;
37.158633;-3.575242;768;0;2;1686;3062;109.82;76.73;;;
37.158538;-3.575433;768;0;2;1686;3062;109.84;76.71;;;
37.158443;-3.575625;768;0;2;1686;3062;109.86;76.69;;;
37.158348;-3.575817;769;0;1;1687;3061;109.88;76.67;;;
37.158253;-3.576008;769;0;1;1687;3061;109.9;76.65;;;
37.158158;-3.576200;770;0;1;1688;3060;109.92;76.63;;;
37.158063;-3.576392;770;0;0;1688;3060;109.94;76.61;;;
37.157969;-3.576584;769;0;0;1688;3060;109.96;76.59;;;
37.157897;-3.576791;769;0;-1;1688;3060;109.98;76.57;;;
37.157825;-3.576998;769;0;-3;1688;3060;110;76.55;;;
37.157754;-3.577205;769;0;-4;1688;3060;110.02;76.53;;;
37.157681;-3.577411;768;0;-4;1688;3060;110.04;76.51;;;
37.157609;-3.577618;768;0;-5;1688;3060;110.06;76.49;;;
37.157537;-3.577825;765;0;-6;1688;3060;110.08;76.47;;;
37.157465;-3.578031;764;0;-6;1688;3060;110.1;76.45;;;
37.157393;-3.578238;763;0;-7;1688;3060;110.12;76.43;;;
37.157340;-3.578454;761;0;-7;1688;3060;110.14;76.41;;;
37.157290;-3.578670;760;0;-8;1688;3060;110.16;76.39;;;
37.157240;-3.578887;759;0;-10;1688;3060;110.18;76.37;;;
37.157189;-3.579104;757;0;-10;1688;3060;110.2;76.35;;;
37.157139;-3.579320;755;0;-10;1688;3060;110.22;76.33;;;
37.157089;-3.579537;751;0;-10;1688;3060;110.24;76.31;;;
37.157039;-3.579754;747;0;-10;1688;3060;110.26;76.29;;;
37.156989;-3.579971;745;0;-10;1688;3060;110.28;76.27;;;
37.156939;-3.580187;741;0;-10;1688;3060;110.3;76.25;;;
37.156894;-3.580406;739;0;-10;1688;3060;110.32;76.23;;;
37.156850;-3.580625;736;0;-10;1688;3060;110.34;76.21;;;
37.156805;-3.580843;735;0;-10;1688;3060;110.36;76.19;;;
37.156761;-3.581062;734;0;-10;1688;3060;110.38;76.17;;;
37.156717;-3.581281;733;0;-10;1688;3060;110.4;76.15;;;
37.156673;-3.581500;726;0;-10;1688;3060;110.42;76.13;;;
37.156628;-3.581718;725;0;-10;1688;3060;110.44;76.11;;;
37.156585;-3.581937;723;0;-10;1688;3060;110.46;76.09;;;
37.156538;-3.582155;721;0;-10;1688;3060;110.48;76.07;;;
37.156488;-3.582372;719;0;-10;1688;3060;110.5;76.05;;;
37.156438;-3.582589;713;0;-10;1688;3060;110.52;76.03;;;
37.156389;-3.582806;711;0;-10;1688;3060;110.54;76.01;;;
37.156340;-3.583023;710;0;-10;1688;3060;110.56;75.99;;;
37.156301;-3.583226;707;0;-10;1688;3060;110.58;75.97;;;
37.156247;-3.583441;706;0;-9;1688;3060;110.6;75.95;33;;
37.156193;-3.583656;704;0;-9;1688;3060;110.62;75.93;;;
37.156138;-3.583871;702;0;-8;1688;3060;110.64;75.91;;;
37.156080;-3.584085;701;0;-8;1688;3060;110.66;75.89;;;
37.156012;-3.584294;699;0;-8;1688;3060;110.68;75.87;;;
37.155943;-3.584502;698;0;-8;1688;3060;110.7;75.85;;;
37.155895;-3.584715;696;0;-7;1688;3060;110.72;75.83;;;
37.155930;-3.584931;694;0;-1;1688;3060;110.74;75.81;;;
37.156054;-3.585089;693;0;1;1688;3060;110.76;75.79;;;
37.156191;-3.585232;692;0;1;1688;3060;110.78;75.77;;;
37.156238;-3.585449;692;0;2;1688;3060;110.8;75.75;;;
37.156221;-3.585670;700;0;4;1696;3052;110.82;75.73;;;
37.156119;-3.585845;700;0;5;1696;3052;110.84;75.71;;;
37.155960;-3.585945;700;0;5;1696;3052;110.86;75.69;;;
37.155786;-3.585916;699;0;3;1696;3052;110.88;75.67;;;
37.155633;-3.585797;699;0;0;1696;3052;110.9;75.65;;;
37.155486;-3.585667;699;0;0;1696;3052;110.92;75.63;;;
37.155344;-3.585529;699;0;-6;1696;3052;110.94;75.61;;;
37.155202;-3.585390;700;0;-3;1696;3052;110.96;75.59;;;
37.155061;-3.585251;700;0;1;1696;3052;110.98;75.57;;;
37.154978;-3.585055;699;0;-2;1696;3052;111;75.55;;;
37.154962;-3.584830;690;0;-3;1696;3052;111.02;75.53;;;
37.154907;-3.584617;700;0;-3;1706;3042;111.04;75.51;;;
37.154811;-3.584427;701;0;-2;1706;3042;111.06;75.49;;;
37.154690;-3.584261;695;0;1;1706;3042;111.08;75.47;;;
37.154564;-3.584100;695;0;4;1707;3041;111.1;75.45;;;
37.154438;-3.583939;696;0;-2;1707;3041;111.12;75.43;;;
37.154310;-3.583780;696;0;-1;1708;3040;111.14;75.41;;;
37.154181;-3.583622;696;0;5;1708;3040;111.16;75.39;;;
37.154053;-3.583465;697;0;6;1709;3039;111.18;75.37;;;
37.153938;-3.583292;698;0;6;1709;3039;111.2;75.35;34;;
37.153833;-3.583109;698;0;6;1710;3038;111.22;75.33;;;
37.153728;-3.582926;704;0;6;1715;3033;111.24;75.31;;;
37.153607;-3.582759;705;0;6;1716;3032;111.26;75.29;;;
37.153483;-3.582595;705;0;5;1717;3031;111.28;75.27;;;
37.153354;-3.582438;705;0;5;1717;3031;111.3;75.25;;;
37.153210;-3.582303;705;0;2;1717;3031;111.32;75.23;;;
37.153064;-3.582172;706;0;1;1717;3031;111.34;75.21;;;
37.152918;-3.582040;706;0;1;1718;3030;111.36;75.19;;;
37.152771;-3.581909;706;0;1;1718;3030;111.38;75.17;;;
37.152633;-3.581766;707;0;1;1718;3030;111.4;75.15;;;
37.152495;-3.581620;707;0;1;1718;3030;111.42;75.13;;;
37.152358;-3.581474;707;0;1;1719;3029;111.44;75.11;;;
37.152221;-3.581329;707;0;1;1719;3029;111.46;75.09;;;
37.152084;-3.581182;708;0;1;1719;3029;111.48;75.07;;;
37.151961;-3.581017;708;0;1;1719;3029;111.5;75.05;;;
37.151838;-3.580852;708;0;1;1720;3028;111.52;75.03;;;
37.151715;-3.580688;708;0;1;1720;3028;111.54;75.01;;;
37.151584;-3.580534;709;0;1;1720;3028;111.56;74.99;;;
37.151451;-3.580381;709;0;1;1720;3028;111.58;74.97;;;
37.151319;-3.580228;709;0;1;1721;3027;111.6;74.95;;;
37.151187;-3.580075;709;0;2;1721;3027;111.62;74.93;;;
37.151055;-3.579922;710;0;2;1722;3026;111.64;74.91;;;
37.150922;-3.579769;710;0;2;1722;3026;111.66;74.89;;;
37.150790;-3.579616;710;0;2;1722;3026;111.68;74.87;;;
37.150658;-3.579463;711;0;1;1722;3026;111.7;74.85;;;
37.150526;-3.579310;711;0;2;1723;3025;111.72;74.83;;;
37.150394;-3.579157;711;0;4;1723;3025;111.74;74.81;;;
37.150261;-3.579004;711;0;4;1723;3025;111.76;74.79;;;
37.150119;-3.578868;712;0;4;1724;3024;111.78;74.77;;;
37.149963;-3.578760;714;0;4;1726;3022;111.8;74.75;;;
37.149867;-3.578570;717;0;4;1729;3019;111.82;74.73;;;
37.149740;-3.578411;717;0;4;1729;3019;111.84;74.71;;;
37.149609;-3.578256;717;0;4;1729;3019;111.86;74.69;;;
37.149469;-3.578119;717;0;2;1730;3018;111.88;74.67;;;
37.149306;-3.578023;718;0;1;1730;3018;111.9;74.65;35;;
37.149134;-3.577958;718;0;1;1730;3018;111.92;74.63;;;
37.148957;-3.577917;718;0;2;1730;3018;111.94;74.61;;;
37.148779;-3.577885;718;0;2;1730;3018;111.96;74.59;;;
37.148601;-3.577854;718;0;3;1731;3017;111.98;74.57;;;
37.148423;-3.577828;719;0;3;1731;3017;112;74.55;;;
37.148246;-3.577800;720;0;3;1732;3016;112.02;74.53;;;
37.148070;-3.577748;721;0;3;1733;3015;112.04;74.51;;;
37.147901;-3.577676;722;0;2;1734;3014;112.06;74.49;;;
37.147749;-3.577555;722;0;2;1734;3014;112.08;74.47;;;
37.147604;-3.577422;723;0;1;1735;3013;112.1;74.45;;;
37.147470;-3.577271;723;0;2;1735;3013;112.12;74.43;;;
37.147344;-3.577111;722;0;2;1735;3013;112.14;74.41;;;
37.147222;-3.576944;722;0;1;1735;3013;112.16;74.39;;;
37.147118;-3.576761;723;0;0;1736;3012;112.18;74.37;;;
37.147025;-3.576569;724;0;1;1737;3011;112.2;74.35;;;
37.146931;-3.576376;724;0;2;1737;3011;112.22;74.33;;;
37.146843;-3.576179;724;0;2;1738;3010;112.24;74.31;;;
37.146760;-3.575979;723;0;1;1738;3010;112.26;74.29;;;
37.146689;-3.575772;724;0;0;1738;3010;112.28;74.27;;;
37.146620;-3.575564;725;0;0;1740;3008;112.3;74.25;;;
37.146547;-3.575357;724;0;1;1740;3008;112.32;74.23;;;
37.146471;-3.575153;724;0;1;1740;3008;112.34;74.21;;;
37.146398;-3.574947;724;0;1;1740;3008;112.36;74.19;;;
37.146326;-3.574740;725;0;0;1740;3008;112.38;74.17;;;
37.146253;-3.574534;725;0;1;1740;3008;112.4;74.15;;;
37.146180;-3.574328;725;0;1;1740;3008;112.42;74.13;;;
37.146113;-3.574119;725;0;1;1740;3008;112.44;74.11;;;
37.146051;-3.573907;725;0;0;1740;3008;112.46;74.09;;;
37.145968;-3.573706;725;0;0;1740;3008;112.48;74.07;;;
37.145885;-3.573506;725;0;0;1740;3008;112.5;74.05;;;
37.145802;-3.573307;725;0;0;1741;3007;112.52;74.03;;;
37.145691;-3.573129;725;0;0;1741;3007;112.54;74.01;;;
37.145580;-3.572952;725;0;0;1741;3007;112.56;73.99;;;
37.145464;-3.572779;726;0;0;1741;3007;112.58;73.97;;;
37.145340;-3.572616;726;0;0;1741;3007;112.6;73.95;;;
37.145204;-3.572472;726;0;0;1741;3007;112.62;73.93;;;
37.145045;-3.572367;726;0;0;1741;3007;112.64;73.91;;;
37.144885;-3.572262;726;0;0;1741;3007;112.66;73.89;;;
37.144726;-3.572157;726;0;0;1741;3007;112.68;73.87;;;
37.144567;-3.572052;726;0;0;1741;3007;112.7;73.85;;;
37.144406;-3.571952;726;0;0;1741;3007;112.72;73.83;;;
37.144247;-3.571846;726;0;0;1741;3007;112.74;73.81;;;
37.144095;-3.571726;726;0;0;1741;3007;112.76;73.79;;;
37.143943;-3.571605;726;0;0;1741;3007;112.78;73.77;;;
37.143792;-3.571482;726;0;0;1741;3007;112.8;73.75;;;
37.143652;-3.571342;726;0;1;1741;3007;112.82;73.73;;;
37.143515;-3.571195;726;0;0;1741;3007;112.84;73.71;;;
37.143392;-3.571031;726;0;-1;1741;3007;112.86;73.69;;;
37.143271;-3.570864;726;0;-1;1742;3006;112.88;73.67;;;
37.143153;-3.570693;727;0;0;1742;3006;112.9;73.65;;;
37.143032;-3.570527;725;0;1;1742;3006;112.92;73.63;;;
37.142906;-3.570366;724;0;1;1742;3006;112.94;73.61;;;
37.142772;-3.570215;724;0;-2;1742;3006;112.96;73.59;;;
37.142638;-3.570064;726;0;0;1744;3004;112.98;73.57;;;
37.142495;-3.569929;727;0;0;1745;3003;113;73.55;;;
37.142336;-3.569824;726;0;0;1745;3003;113.02;73.53;;;
37.142175;-3.569722;724;0;0;1745;3003;113.04;73.51;;;
37.142003;-3.569661;725;0;-2;1746;3002;113.06;73.49;;;
37.141829;-3.569600;725;0;-2;1746;3002;113.08;73.47;;;
37.141655;-3.569545;725;0;-1;1746;3002;113.1;73.45;;;
37.141479;-3.569496;725;0;0;1746;3002;113.12;73.43;;;
37.141304;-3.569446;724;0;-1;1746;3002;113.14;73.41;;;
37.141125;-3.569445;723;0;-1;1746;3002;113.16;73.39;;;
37.140958;-3.569513;724;0;-1;1747;3001;113.18;73.37;;;
37.140798;-3.569617;724;0;0;1747;3001;113.2;73.35;;;
37.140639;-3.569722;723;0;1;1747;3001;113.22;73.33;;;
37.140480;-3.569826;723;0;1;1747;3001;113.24;73.31;;;
37.140317;-3.569920;723;0;1;1748;3000;113.26;73.29;;;
37.140142;-3.569965;724;0;1;1748;3000;113.28;73.27;;;
37.139981;-3.569876;725;0;2;1749;2999;113.3;73.25;;;
37.139865;-3.569704;725;0;2;1749;2999;113.32;73.23;;;
37.139768;-3.569515;725;0;2;1750;2998;113.34;73.21;;;
37.139671;-3.569325;726;0;2;1750;2998;113.36;73.19;;;
37.139573;-3.569135;726;0;2;1750;2998;113.38;73.17;;;
37.139476;-3.568945;727;0;3;1751;2997;113.4;73.15;36;;
37.139379;-3.568756;727;0;3;1751;2997;113.42;73.13;;;
37.139281;-3.568566;728;0;3;1752;2996;113.44;73.11;;;
37.139183;-3.568377;729;0;3;1753;2995;113.46;73.09;;;
37.139061;-3.568214;730;0;3;1754;2994;113.48;73.07;;;
37.138925;-3.568067;730;0;4;1754;2994;113.5;73.05;;;
37.138788;-3.567920;731;0;4;1755;2993;113.52;73.03;;;
37.138645;-3.567783;731;0;3;1756;2992;113.54;73.01;;;
37.138501;-3.567649;732;0;3;1756;2992;113.56;72.99;;;
37.138356;-3.567514;733;0;4;1757;2991;113.58;72.97;;;
37.138212;-3.567380;734;0;4;1758;2990;113.6;72.95;;;
37.138067;-3.567245;734;0;4;1758;2990;113.62;72.93;;;
37.137923;-3.567111;735;0;4;1759;2989;113.64;72.91;;;
37.137779;-3.566976;736;0;4;1761;2987;113.66;72.89;;;
37.137634;-3.566842;737;0;4;1761;2987;113.68;72.87;;;
37.137490;-3.566708;738;0;5;1762;2986;113.7;72.85;;;
37.137345;-3.566573;739;0;5;1763;2985;113.72;72.83;;;
37.137220;-3.566413;739;0;5;1764;2984;113.74;72.81;;;
37.137101;-3.566244;740;0;5;1764;2984;113.76;72.79;;;
37.137004;-3.566055;742;0;6;1766;2982;113.78;72.77;;;
37.136924;-3.565853;743;0;6;1767;2981;113.8;72.75;;;
37.136855;-3.565645;744;0;6;1768;2980;113.82;72.73;;;
37.136788;-3.565436;745;0;7;1770;2978;113.84;72.71;;;
37.136799;-3.565214;747;0;7;1771;2977;113.86;72.69;;;
37.136848;-3.564997;748;0;7;1772;2976;113.88;72.67;;;
37.136896;-3.564779;750;0;7;1774;2974;113.9;72.65;;;
37.136858;-3.564564;752;0;7;1776;2972;113.92;72.63;;;
37.136786;-3.564358;753;0;6;1777;2971;113.94;72.61;;;
37.136681;-3.564175;754;0;8;1778;2970;113.96;72.59;;;
37.136593;-3.563982;756;0;8;1780;2968;113.98;72.57;;;
37.136560;-3.563762;757;0;9;1781;2967;114;72.55;;;
37.136565;-3.563537;757;0;9;1781;2967;114.02;72.53;;;
37.136575;-3.563311;761;0;9;1786;2962;114.04;72.51;;;
37.136591;-3.563087;763;0;8;1788;2960;114.06;72.49;;;
37.136606;-3.562862;765;0;8;1790;2958;114.08;72.47;;;
37.136603;-3.562636;766;0;7;1791;2957;114.1;72.45;;;
37.136588;-3.562412;767;0;5;1792;2956;114.12;72.43;;;
37.136548;-3.562192;768;0;4;1793;2955;114.14;72.41;;;
37.136509;-3.561972;769;0;4;1794;2954;114.16;72.39;;;
37.136469;-3.561752;769;0;4;1794;2954;114.18;72.37;;;
37.136457;-3.561527;770;0;4;1794;2954;114.2;72.35;;;
37.136446;-3.561302;771;0;4;1795;2953;114.22;72.33;;;
37.136436;-3.561077;772;0;4;1796;2952;114.24;72.31;;;
37.136424;-3.560851;773;0;5;1797;2951;114.26;72.29;;;
37.136413;-3.560626;774;0;5;1798;2950;114.28;72.27;;;
37.136402;-3.560401;774;0;6;1799;2949;114.3;72.25;;;
37.136391;-3.560176;775;0;6;1800;2948;114.32;72.23;;;
37.136380;-3.559951;777;0;6;1802;2946;114.34;72.21;;;
37.136336;-3.559733;779;0;7;1803;2945;114.36;72.19;;;
37.136247;-3.559538;780;0;8;1805;2943;114.38;72.17;;;
37.136126;-3.559370;781;0;9;1806;2942;114.4;72.15;;;
37.136006;-3.559203;783;0;9;1808;2940;114.42;72.13;;;
37.135971;-3.558988;785;0;9;1810;2938;114.44;72.11;;;
37.136041;-3.558788;787;0;9;1812;2936;114.46;72.09;;;
37.136197;-3.558689;789;0;9;1814;2934;114.48;72.07;;;
37.136367;-3.558747;792;0;9;1817;2931;114.5;72.05;;;
37.136472;-3.558930;793;0;9;1818;2930;114.52;72.03;;;
37.136577;-3.559114;794;0;9;1819;2929;114.54;72.01;;;
37.136681;-3.559298;796;0;9;1820;2928;114.56;71.99;;;
37.136799;-3.559466;798;0;8;1823;2925;114.58;71.97;;;
37.136967;-3.559521;800;0;8;1825;2923;114.6;71.95;;;
37.137123;-3.559423;802;0;8;1827;2921;114.62;71.93;;;
37.137176;-3.559215;804;0;7;1829;2919;114.64;71.91;;;
37.137140;-3.558997;805;0;6;1830;2918;114.66;71.89;;;
37.137067;-3.558791;805;0;4;1830;2918;114.68;71.87;;;
37.136994;-3.558585;806;0;3;1831;2917;114.7;71.85;;;
37.136914;-3.558383;807;0;3;1832;2916;114.72;71.83;;;
37.136834;-3.558181;807;0;2;1832;2916;114.74;71.81;;;
37.136754;-3.557979;807;0;3;1832;2916;114.76;71.79;;;
37.136673;-3.557777;808;0;3;1833;2915;114.78;71.77;;;
37.136592;-3.557576;808;0;4;1833;2915;114.8;71.75;;;
37.136512;-3.557374;809;0;5;1834;2914;114.82;71.73;;;
37.136432;-3.557172;811;0;5;1836;2912;114.84;71.71;;;
37.136351;-3.556970;812;0;4;1837;2911;114.86;71.69;;;
37.136270;-3.556769;814;0;4;1839;2909;114.88;71.67;;;
37.136183;-3.556572;814;0;3;1839;2909;114.9;71.65;;;
37.136083;-3.556386;814;0;2;1839;2909;114.92;71.63;;;
37.135943;-3.556245;814;0;1;1839;2909;114.94;71.61;;;
37.135791;-3.556126;814;0;0;1839;2909;114.96;71.59;;;
37.135633;-3.556022;814;0;-1;1839;2909;114.98;71.57;;;
37.135495;-3.555876;813;0;-1;1839;2909;115;71.55;;;
37.135400;-3.555686;813;0;-1;1839;2909;115.02;71.53;;;
37.135306;-3.555493;813;0;1;1839;2909;115.04;71.51;;;
37.135212;-3.555300;813;0;-2;1839;2909;115.06;71.49;;;
37.135119;-3.555108;812;0;-2;1839;2909;115.08;71.47;;;
37.135025;-3.554915;812;0;-1;1839;2909;115.1;71.45;;;
37.134960;-3.554708;813;0;-1;1843;2905;115.12;71.43;;;
37.134939;-3.554485;811;0;-1;1843;2905;115.14;71.41;;;
37.134927;-3.554260;811;0;-1;1843;2905;115.16;71.39;;;
37.134914;-3.554034;812;0;-2;1844;2904;115.18;71.37;;;
37.134893;-3.553811;812;0;-2;1844;2904;115.2;71.35;;;
37.134841;-3.553597;811;0;-1;1844;2904;115.22;71.33;;;
37.134760;-3.553396;811;0;-1;1844;2904;115.24;71.31;;;
37.134678;-3.553195;810;0;-2;1844;2904;115.26;71.29;;;
37.134593;-3.552997;810;0;-3;1844;2904;115.28;71.27;;;
37.134507;-3.552799;809;0;-3;1844;2904;115.3;71.25;;;
37.134452;-3.552584;809;0;-3;1844;2904;115.32;71.23;;;
37.134401;-3.552368;808;0;-3;1844;2904;115.34;71.21;;;
37.134351;-3.552151;808;0;-3;1844;2904;115.36;71.19;;;
37.134299;-3.551935;807;0;-3;1844;2904;115.38;71.17;;;
37.134229;-3.551728;806;0;-3;1844;2904;115.4;71.15;;;
37.134110;-3.551561;806;0;-3;1844;2904;115.42;71.13;;;
37.133989;-3.551395;805;0;-3;1844;2904;115.44;71.11;;;
37.133914;-3.551191;805;0;-3;1844;2904;115.46;71.09;;;
37.133898;-3.550970;804;0;-2;1844;2904;115.48;71.07;;;
37.133937;-3.550750;804;0;-2;1844;2904;115.5;71.05;;;
37.133954;-3.550527;803;0;-2;1844;2904;115.52;71.03;;;
37.133941;-3.550303;803;0;-2;1844;2904;115.54;71.01;;;
37.133904;-3.550082;802;0;-2;1844;2904;115.56;70.99;;;
37.133867;-3.549861;802;0;-2;1844;2904;115.58;70.97;;;
37.133824;-3.549642;802;0;-2;1844;2904;115.6;70.95;;;
37.133764;-3.549430;801;0;-2;1844;2904;115.62;70.93;;;
37.133693;-3.549223;801;0;-2;1844;2904;115.64;70.91;;;
37.133678;-3.549001;801;0;-1;1844;2904;115.66;70.89;;;
37.133694;-3.548776;800;0;-1;1844;2904;115.68;70.87;;;
37.133644;-3.548566;800;0;-1;1844;2904;115.7;70.85;;;
37.133532;-3.548390;800;0;-1;1844;2904;115.72;70.83;;;
37.133429;-3.548206;799;0;-1;1844;2904;115.74;70.81;;;
37.133357;-3.547999;799;0;-1;1844;2904;115.76;70.79;;;
37.133296;-3.547787;799;0;-1;1844;2904;115.78;70.77;;;
37.133244;-3.547571;799;0;-1;1844;2904;115.8;70.75;;;
37.133191;-3.547356;799;0;-1;1844;2904;115.82;70.73;;;
37.133139;-3.547140;799;0;0;1844;2904;115.84;70.71;;;
37.133087;-3.546924;799;0;-1;1844;2904;115.86;70.69;;;
37.133034;-3.546708;799;0;0;1844;2904;115.88;70.67;;;
37.132982;-3.546492;799;0;0;1844;2904;115.9;70.65;;;
37.132911;-3.546285;799;0;0;1845;2903;115.92;70.63;;;
37.132792;-3.546119;798;0;0;1845;2903;115.94;70.61;;;
37.132664;-3.545960;798;0;0;1845;2903;115.96;70.59;;;
37.132526;-3.545816;799;0;0;1846;2902;115.98;70.57;;;
37.132385;-3.545675;799;0;0;1846;2902;116;70.55;;;
37.132273;-3.545501;798;0;0;1846;2902;116.02;70.53;;;
37.132190;-3.545302;798;0;0;1846;2902;116.04;70.51;;;
37.132167;-3.545080;798;0;0;1846;2902;116.06;70.49;;;
37.132156;-3.544855;798;0;0;1846;2902;116.08;70.47;;;
37.132149;-3.544629;798;0;0;1846;2902;116.1;70.45;;;
37.132143;-3.544404;799;0;0;1846;2902;116.12;70.43;;;
37.132136;-3.544178;799;0;0;1846;2902;116.14;70.41;;;
37.132128;-3.543953;799;0;1;1846;2902;116.16;70.39;;;
37.132087;-3.543734;799;0;1;1846;2902;116.18;70.37;;;
37.132011;-3.543529;799;0;0;1847;2901;116.2;70.35;;;
37.131936;-3.543324;799;0;1;1847;2901;116.22;70.33;;;
37.131870;-3.543116;799;0;1;1847;2901;116.24;70.31;;;
37.131861;-3.542894;799;0;1;1847;2901;116.26;70.29;;;
37.131894;-3.542673;799;0;2;1847;2901;116.28;70.27;;;
37.131915;-3.542450;800;0;2;1847;2901;116.3;70.25;;;
37.131883;-3.542230;801;0;2;1848;2900;116.32;70.23;;;
37.131821;-3.542018;801;0;2;1849;2899;116.34;70.21;;;
37.131754;-3.541810;802;0;2;1849;2899;116.36;70.19;;;
37.131742;-3.541586;802;0;2;1850;2898;116.38;70.17;;;
37.131778;-3.541366;802;0;2;1850;2898;116.4;70.15;;;
37.131841;-3.541156;802;0;1;1850;2898;116.42;70.13;;;
37.131922;-3.540954;802;0;1;1851;2897;116.44;70.11;;;
37.132034;-3.540781;803;0;2;1851;2897;116.46;70.09;;;
37.132159;-3.540619;803;0;2;1851;2897;116.48;70.07;;;
37.132238;-3.540418;803;0;2;1851;2897;116.5;70.05;;;
37.132254;-3.540195;803;0;3;1853;2895;116.52;70.03;;;
37.132237;-3.539975;805;0;3;1854;2894;116.54;70.01;;;
37.132168;-3.539767;806;0;3;1855;2893;116.56;69.99;;;
37.132088;-3.539565;805;0;4;1855;2893;116.58;69.97;;;
37.132150;-3.539385;807;0;4;1858;2890;116.6;69.95;37;;
37.132308;-3.539279;808;0;3;1858;2890;116.62;69.93;;;
37.132465;-3.539169;808;0;3;1858;2890;116.64;69.91;;;
37.132470;-3.538968;810;0;3;1860;2888;116.66;69.89;;;
37.132393;-3.538764;810;0;2;1860;2888;116.68;69.87;;;
37.132307;-3.538566;810;0;2;1860;2888;116.7;69.85;;;
37.132217;-3.538370;810;0;3;1860;2888;116.72;69.83;;;
37.132127;-3.538175;811;0;4;1861;2887;116.74;69.81;;;
37.132036;-3.537980;811;0;4;1861;2887;116.76;69.79;;;
37.131946;-3.537785;811;0;4;1862;2886;116.78;69.77;;;
37.131853;-3.537592;815;0;4;1866;2882;116.8;69.75;;;
37.131750;-3.537407;816;0;4;1866;2882;116.82;69.73;;;
37.131648;-3.537222;816;0;4;1866;2882;116.84;69.71;;;
37.131539;-3.537042;816;0;4;1866;2882;116.86;69.69;;;
37.131411;-3.536884;816;0;1;1866;2882;116.88;69.67;;;
37.131283;-3.536726;816;0;1;1867;2881;116.9;69.65;;;
37.131155;-3.536568;817;0;1;1867;2881;116.92;69.63;;;
37.131027;-3.536409;817;0;2;1867;2881;116.94;69.61;;;
37.130898;-3.536251;817;0;2;1867;2881;116.96;69.59;;;
37.130770;-3.536093;818;0;2;1868;2880;116.98;69.57;;;
37.130651;-3.535924;818;0;2;1868;2880;117;69.55;;;
37.130556;-3.535734;818;0;2;1869;2879;117.02;69.53;;;
37.130475;-3.535533;819;0;2;1869;2879;117.04;69.51;;;
37.130426;-3.535316;819;0;2;1869;2879;117.06;69.49;;;
37.130408;-3.535094;820;0;3;1870;2878;117.08;69.47;;;
37.130429;-3.534870;819;0;3;1870;2878;117.1;69.45;;;
37.130456;-3.534647;820;0;3;1871;2877;117.12;69.43;;;
37.130474;-3.534424;822;0;3;1873;2875;117.14;69.41;;;
37.130430;-3.534207;822;0;4;1873;2875;117.16;69.39;;;
37.130354;-3.534003;823;0;5;1874;2874;117.18;69.37;;;
37.130252;-3.533817;824;0;5;1875;2873;117.2;69.35;;;
37.130142;-3.533639;824;0;6;1875;2873;117.22;69.33;;;
37.130137;-3.533439;826;0;6;1877;2871;117.24;69.31;;;
37.130285;-3.533359;828;0;6;1879;2869;117.26;69.29;;;
37.130446;-3.533460;829;0;7;1880;2868;117.28;69.27;;;
37.130607;-3.533561;831;0;7;1882;2866;117.3;69.25;38;;
37.130757;-3.533685;832;0;8;1883;2865;117.32;69.23;;;
37.130901;-3.533821;833;0;9;1884;2864;117.34;69.21;;;
37.130997;-3.534009;834;0;9;1886;2862;117.36;69.19;;;
37.131085;-3.534206;836;0;9;1887;2861;117.38;69.17;;;
37.131201;-3.534373;839;0;9;1890;2858;117.4;69.15;;;
37.131375;-3.534379;843;0;9;1894;2854;117.42;69.13;;;
37.131491;-3.534215;845;0;9;1896;2852;117.44;69.11;;;
37.131487;-3.533995;847;0;9;1898;2850;117.46;69.09;;;
37.131455;-3.533773;848;0;8;1899;2849;117.48;69.07;;;
37.131414;-3.533553;850;0;7;1901;2847;117.5;69.05;;;
37.131366;-3.533336;853;0;7;1904;2844;117.52;69.03;;;
37.131314;-3.533120;854;0;7;1905;2843;117.54;69.01;;;
37.131233;-3.532920;852;0;9;1906;2842;117.56;68.99;;;
37.131123;-3.532742;855;0;9;1909;2839;117.58;68.97;;;
37.130982;-3.532603;857;0;9;1911;2837;117.6;68.95;;;
37.130831;-3.532480;858;0;9;1912;2836;117.62;68.93;;;
37.130680;-3.532358;864;0;9;1918;2830;117.64;68.91;;;
37.130529;-3.532235;868;0;9;1922;2826;117.66;68.89;;;
37.130378;-3.532113;869;0;9;1923;2825;117.68;68.87;;;
37.130227;-3.531990;871;0;9;1925;2823;117.7;68.85;;;
37.130075;-3.531871;873;0;9;1927;2821;117.72;68.83;;;
37.129942;-3.531727;876;0;9;1930;2818;117.74;68.81;;;
37.129884;-3.531518;879;0;9;1933;2815;117.76;68.79;;;
37.129896;-3.531295;881;0;9;1935;2813;117.78;68.77;;;
37.129919;-3.531071;882;0;9;1936;2812;117.8;68.75;;;
37.129942;-3.530847;885;0;9;1939;2809;117.82;68.73;;;
37.129965;-3.530623;887;0;9;1941;2807;117.84;68.71;;;
37.129987;-3.530400;890;0;9;1944;2804;117.86;68.69;;;
37.130010;-3.530176;893;0;9;1946;2802;117.88;68.67;;;
37.130044;-3.529958;897;0;9;1951;2797;117.9;68.65;;;
37.130087;-3.529741;900;0;9;1953;2795;117.92;68.63;;;
37.130165;-3.529539;902;0;9;1956;2792;117.94;68.61;;;
37.130290;-3.529380;905;0;9;1959;2789;117.96;68.59;;;
37.130426;-3.529232;907;0;9;1961;2787;117.98;68.57;;;
37.130546;-3.529065;911;0;9;1965;2783;118;68.55;;;
37.130660;-3.528890;913;0;9;1967;2781;118.02;68.53;;;
37.130760;-3.528703;916;0;9;1970;2778;118.04;68.51;;;
37.130860;-3.528515;920;0;9;1973;2775;118.06;68.49;;;
37.130973;-3.528341;922;0;9;1976;2772;118.08;68.47;;;
37.131108;-3.528191;924;0;9;1978;2770;118.1;68.45;;;
37.131216;-3.528011;926;0;9;1980;2768;118.12;68.43;;;
37.131308;-3.527818;928;0;9;1981;2767;118.14;68.41;;;
37.131389;-3.527617;929;0;9;1983;2765;118.16;68.39;;;
37.131505;-3.527455;933;0;9;1987;2761;118.18;68.37;;;
37.131677;-3.527407;936;0;9;1990;2758;118.2;68.35;;;
37.131856;-3.527378;939;0;9;1993;2755;118.22;68.33;;;
37.132034;-3.527351;942;0;9;1996;2752;118.24;68.31;;;
37.132213;-3.527322;945;0;9;1999;2749;118.26;68.29;;;
37.132380;-3.527253;950;0;9;2003;2745;118.28;68.27;;;
37.132499;-3.527086;952;0;9;2006;2742;118.3;68.25;;;
37.132595;-3.526895;954;0;9;2007;2741;118.32;68.23;;;
37.132679;-3.526696;955;0;9;2009;2739;118.34;68.21;;;
37.132758;-3.526494;956;0;9;2010;2738;118.36;68.19;;;
37.132855;-3.526306;959;0;9;2013;2735;118.38;68.17;;;
37.132973;-3.526136;960;0;9;2014;2734;118.4;68.15;;;
37.133091;-3.525966;967;0;9;2021;2727;118.42;68.13;;;
37.133237;-3.525835;969;0;9;2023;2725;118.44;68.11;;;
37.133357;-3.525669;970;0;9;2025;2723;118.46;68.09;;;
37.133462;-3.525489;975;0;9;2029;2719;118.48;68.07;;;
37.133556;-3.525296;974;0;9;2029;2719;118.5;68.05;;;
37.133672;-3.525127;976;0;9;2030;2718;118.52;68.03;;;
37.133830;-3.525024;979;0;9;2033;2715;118.54;68.01;;;
37.133994;-3.524931;981;0;9;2036;2712;118.56;67.99;;;
37.134158;-3.524839;983;0;9;2037;2711;118.58;67.97;;;
37.134310;-3.524721;985;0;9;2039;2709;118.6;67.95;;;
37.134436;-3.524562;987;0;9;2042;2706;118.62;67.93;;;
37.134551;-3.524388;990;0;9;2044;2704;118.64;67.91;;;
37.134666;-3.524215;992;0;9;2046;2702;118.66;67.89;;;
37.134781;-3.524042;993;0;9;2048;2700;118.68;67.87;;;
37.134896;-3.523868;994;0;9;2049;2699;118.7;67.85;;;
37.135012;-3.523695;996;0;9;2051;2697;118.72;67.83;;;
37.135127;-3.523522;999;0;9;2053;2695;118.74;67.81;;;
37.135238;-3.523345;1003;0;9;2057;2691;118.76;67.79;;;
37.135318;-3.523144;1005;0;9;2060;2688;118.78;67.77;;;
37.135348;-3.522924;1008;0;9;2062;2686;118.8;67.75;;;
37.135322;-3.522703;1009;0;9;2064;2684;118.82;67.73;;;
37.135270;-3.522487;1010;0;9;2065;2683;118.84;67.71;;;
37.135221;-3.522270;1013;0;9;2068;2680;118.86;67.69;;;
37.135218;-3.522054;1017;0;9;2071;2677;118.88;67.67;;;
37.135344;-3.521893;1019;0;9;2074;2674;118.9;67.65;;;
37.135496;-3.521777;1022;0;9;2077;2671;118.92;67.63;;;
37.135670;-3.521802;1025;0;9;2080;2668;118.94;67.61;;;
37.135759;-3.521986;1028;0;9;2083;2665;118.96;67.59;;;
37.135773;-3.522209;1030;0;9;2085;2663;118.98;67.57;;;
37.135735;-3.522426;1032;0;9;2086;2662;119;67.55;;;
37.135703;-3.522638;1034;0;9;2089;2659;119.02;67.53;;;
37.135850;-3.522621;1038;0;9;2093;2655;119.04;67.51;;;
37.135972;-3.522455;1040;0;9;2094;2654;119.06;67.49;;;
37.136080;-3.522278;1043;0;9;2097;2651;119.08;67.47;;;
37.136156;-3.522073;1045;0;9;2099;2649;119.1;67.45;;;
37.136238;-3.521873;1048;0;9;2102;2646;119.12;67.43;;;
37.136338;-3.521686;1049;0;9;2103;2645;119.14;67.41;;;
37.136468;-3.521532;1050;0;9;2104;2644;119.16;67.39;;;
37.136612;-3.521398;1054;0;9;2109;2639;119.18;67.37;;;
37.136774;-3.521303;1057;0;9;2113;2635;119.2;67.35;;;
37.136943;-3.521223;1058;0;9;2114;2634;119.22;67.33;;;
37.137106;-3.521133;1063;0;9;2119;2629;119.24;67.31;;;
37.137206;-3.520956;1064;0;9;2121;2627;119.26;67.29;;;
37.137271;-3.520746;1065;0;9;2121;2627;119.28;67.27;;;
37.137317;-3.520528;1067;0;9;2124;2624;119.3;67.25;;;
37.137349;-3.520306;1068;0;7;2124;2624;119.32;67.23;;;
37.137381;-3.520084;1069;0;7;2126;2622;119.34;67.21;;;
37.137413;-3.519862;1071;0;6;2128;2620;119.36;67.19;;;
37.137396;-3.519646;1074;0;7;2130;2618;119.38;67.17;;;
37.137245;-3.519524;1074;0;7;2131;2617;119.4;67.15;;;
37.137116;-3.519370;1075;0;6;2131;2617;119.42;67.13;;;
37.137001;-3.519197;1076;0;6;2132;2616;119.44;67.11;;;
37.136904;-3.519010;1078;0;6;2134;2614;119.46;67.09;;;
37.136875;-3.518790;1079;0;6;2135;2613;119.48;67.07;;;
37.136871;-3.518565;1080;0;7;2136;2612;119.5;67.05;;;
37.136876;-3.518340;1082;0;7;2138;2610;119.52;67.03;;;
37.136906;-3.518118;1083;0;6;2139;2609;119.54;67.01;;;
37.136956;-3.517901;1084;0;7;2140;2608;119.56;66.99;;;
37.136953;-3.517682;1086;0;6;2142;2606;119.58;66.97;;;
37.136864;-3.517486;1087;0;7;2143;2605;119.6;66.95;;;
37.136765;-3.517298;1087;0;7;2144;2604;119.62;66.93;;;
37.136680;-3.517100;1089;0;7;2146;2602;119.64;66.91;;;
37.136601;-3.516897;1090;0;7;2146;2602;119.66;66.89;;;
37.136535;-3.516687;1092;0;7;2149;2599;119.68;66.87;;;
37.136474;-3.516475;1094;0;7;2150;2598;119.7;66.85;;;
37.136429;-3.516257;1096;0;8;2152;2596;119.72;66.83;;;
37.136388;-3.516037;1096;0;7;2153;2595;119.74;66.81;;;
37.136351;-3.515817;1098;0;8;2155;2593;119.76;66.79;;;
37.136317;-3.515595;1099;0;8;2155;2593;119.78;66.77;;;
37.136259;-3.515382;1101;0;9;2157;2591;119.8;66.75;;;
37.136203;-3.515172;1102;0;9;2158;2590;119.82;66.73;;;
37.136316;-3.515198;1105;0;9;2161;2587;119.84;66.71;;;
37.136408;-3.515392;1107;0;9;2163;2585;119.86;66.69;;;
37.136513;-3.515573;1109;0;9;2166;2582;119.88;66.67;;;
37.136635;-3.515739;1111;0;9;2167;2581;119.9;66.65;;;
37.136757;-3.515905;1112;0;9;2168;2580;119.92;66.63;;;
37.136895;-3.516046;1114;0;9;2170;2578;119.94;66.61;;;
37.136903;-3.515880;1117;0;8;2174;2574;119.96;66.59;;;
37.136798;-3.515697;1119;0;8;2175;2573;119.98;66.57;;;
37.136727;-3.515490;1119;0;9;2176;2572;120;66.55;;;
37.136657;-3.515282;1121;0;8;2177;2571;120.02;66.53;;;
37.136596;-3.515070;1122;0;8;2179;2569;120.04;66.51;;;
37.136541;-3.514855;1123;0;9;2179;2569;120.06;66.49;;;
37.136508;-3.514636;1126;0;9;2182;2566;120.08;66.47;;;
37.136593;-3.514442;1128;0;9;2184;2564;120.1;66.45;;;
37.136688;-3.514250;1130;0;9;2187;2561;120.12;66.43;;;
37.136760;-3.514044;1132;0;9;2188;2560;120.14;66.41;;;
37.136826;-3.513834;1134;0;9;2190;2558;120.16;66.39;;;
37.136731;-3.513666;1138;0;9;2194;2554;120.18;66.37;;;
37.136559;-3.513605;1139;0;9;2196;2552;120.2;66.35;;;
37.136425;-3.513464;1141;0;9;2198;2550;120.22;66.33;;;
37.136327;-3.513274;1142;0;9;2199;2549;120.24;66.31;;;
37.136255;-3.513070;1143;0;8;2200;2548;120.26;66.29;;;
37.136201;-3.512855;1144;0;8;2201;2547;120.28;66.27;;;
37.136147;-3.512639;1146;0;8;2203;2545;120.3;66.25;;;
37.136092;-3.512424;1149;0;8;2206;2542;120.32;66.23;;;
37.136048;-3.512206;1151;0;9;2207;2541;120.34;66.21;;;
37.136005;-3.511987;1152;0;9;2209;2539;120.36;66.19;;;
37.135962;-3.511768;1154;0;8;2210;2538;120.38;66.17;;;
37.135963;-3.511546;1156;0;8;2212;2536;120.4;66.15;;;
37.136017;-3.511331;1157;0;8;2214;2534;120.42;66.13;;;
37.136088;-3.511124;1158;0;9;2215;2533;120.44;66.11;;;
37.136163;-3.510919;1159;0;9;2216;2532;120.46;66.09;;;
37.136255;-3.510731;1162;0;9;2218;2530;120.48;66.07;;;
37.136426;-3.510688;1164;0;9;2221;2527;120.5;66.05;;;
37.136605;-3.510675;1167;0;9;2223;2525;120.52;66.03;;;
37.136760;-3.510587;1170;0;9;2226;2522;120.54;66.01;;;
37.136880;-3.510419;1172;0;9;2228;2520;120.56;65.99;;;
37.136962;-3.510218;1173;0;9;2230;2518;120.58;65.97;;;
37.137036;-3.510013;1175;0;9;2232;2516;120.6;65.95;;;
37.137150;-3.509841;1176;0;9;2232;2516;120.62;65.93;;;
37.137159;-3.509645;1180;0;9;2236;2512;120.64;65.91;;;
37.137071;-3.509450;1182;0;9;2238;2510;120.66;65.89;;;
37.137077;-3.509230;1185;0;9;2242;2506;120.68;65.87;;;
37.137124;-3.509013;1186;0;9;2243;2505;120.7;65.85;;;
37.137138;-3.508789;1186;0;9;2243;2505;120.72;65.83;;;
37.137138;-3.508563;1187;0;9;2244;2504;120.74;65.81;;;
37.137174;-3.508342;1189;0;9;2246;2502;120.76;65.79;;;
37.137288;-3.508184;1193;0;9;2250;2498;120.78;65.77;;;
37.137406;-3.508312;1197;0;9;2253;2495;120.8;65.75;;;
37.137427;-3.508535;1198;0;9;2255;2493;120.82;65.73;;;
37.137438;-3.508760;1199;0;9;2256;2492;120.84;65.71;;;
37.137398;-3.508980;1200;0;9;2257;2491;120.86;65.69;;;
37.137405;-3.509198;1202;0;8;2258;2490;120.88;65.67;;;
37.137541;-3.509331;1205;0;9;2262;2486;120.9;65.65;;;
37.137717;-3.509375;1206;0;9;2263;2485;120.92;65.63;;;
37.137849;-3.509509;1208;0;9;2265;2483;120.94;65.61;;;
37.137878;-3.509732;1210;0;9;2267;2481;120.96;65.59;;;
37.137875;-3.509958;1211;0;8;2268;2480;120.98;65.57;;;
37.137871;-3.510183;1213;0;9;2270;2478;121;65.55;;;
37.137880;-3.510407;1215;0;8;2271;2477;121.02;65.53;;;
37.137933;-3.510622;1216;0;8;2273;2475;121.04;65.51;;;
37.137979;-3.510839;1219;0;8;2276;2472;121.06;65.49;;;
37.137988;-3.511065;1220;0;8;2277;2471;121.08;65.47;;;
37.137976;-3.511290;1221;0;8;2278;2470;121.1;65.45;;;
37.137986;-3.511512;1222;0;8;2279;2469;121.12;65.43;;;
37.138040;-3.511727;1224;0;7;2280;2468;121.14;65.41;;;
37.138103;-3.511936;1226;0;8;2283;2465;121.16;65.39;;;
37.138210;-3.512116;1227;0;8;2284;2464;121.18;65.37;;;
37.138342;-3.512270;1228;0;8;2285;2463;121.2;65.35;;;
37.138442;-3.512457;1230;0;8;2287;2461;121.22;65.33;;;
37.138542;-3.512645;1233;0;7;2289;2459;121.24;65.31;;;
37.138639;-3.512834;1233;0;7;2290;2458;121.26;65.29;;;
37.138746;-3.513015;1235;0;7;2291;2457;121.28;65.27;;;
37.138842;-3.513199;1236;0;7;2293;2455;121.3;65.25;;;
37.138874;-3.513420;1237;0;8;2294;2454;121.32;65.23;;;
37.138929;-3.513632;1239;0;8;2295;2453;121.34;65.21;;;
37.139003;-3.513837;1239;0;8;2296;2452;121.36;65.19;;;
37.139111;-3.514013;1241;0;8;2298;2450;121.38;65.17;;;
37.139151;-3.513871;1245;0;8;2302;2446;121.4;65.15;;;
37.139067;-3.513671;1246;0;8;2303;2445;121.42;65.13;;;
37.139048;-3.513447;1248;0;8;2305;2443;121.44;65.11;;;
37.139048;-3.513222;1249;0;7;2306;2442;121.46;65.09;;;
37.139015;-3.513003;1251;0;6;2307;2441;121.48;65.07;;;
37.138899;-3.512830;1252;0;6;2308;2440;121.5;65.05;;;
37.138823;-3.512628;1253;0;6;2309;2439;121.52;65.03;;;
37.138765;-3.512415;1254;0;6;2311;2437;121.54;65.01;;;
37.138717;-3.512197;1255;0;5;2312;2436;121.56;64.99;;;
37.138702;-3.511972;1256;0;5;2313;2435;121.58;64.97;;;
37.138711;-3.511748;1257;0;5;2314;2434;121.6;64.95;;;
37.138730;-3.511523;1258;0;6;2315;2433;121.62;64.93;;;
37.138763;-3.511302;1259;0;6;2316;2432;121.64;64.91;;;
37.138812;-3.511085;1260;0;6;2317;2431;121.66;64.89;;;
37.138864;-3.510869;1261;0;7;2318;2430;121.68;64.87;;;
37.138929;-3.510659;1263;0;7;2320;2428;121.7;64.85;;;
37.139026;-3.510471;1264;0;8;2321;2427;121.72;64.83;;;
37.139162;-3.510326;1266;0;9;2323;2425;121.74;64.81;;;
37.139309;-3.510196;1268;0;9;2324;2424;121.76;64.79;;;
37.139447;-3.510054;1270;0;9;2327;2421;121.78;64.77;;;
37.139568;-3.509886;1271;0;9;2328;2420;121.8;64.75;;;
37.139677;-3.509708;1274;0;9;2331;2417;121.82;64.73;;;
37.139769;-3.509514;1276;0;8;2333;2415;121.84;64.71;;;
37.139859;-3.509320;1278;0;8;2335;2413;121.86;64.69;;;
37.139888;-3.509097;1279;0;8;2336;2412;121.88;64.67;;;
37.139944;-3.508884;1280;0;7;2337;2411;121.9;64.65;;;
37.140016;-3.508677;1281;0;6;2338;2410;121.92;64.63;;;
37.140087;-3.508470;1282;0;6;2339;2409;121.94;64.61;;;
37.140159;-3.508263;1284;0;6;2340;2408;121.96;64.59;;;
37.140227;-3.508054;1285;0;6;2342;2406;121.98;64.57;;;
37.140299;-3.507848;1286;0;6;2343;2405;122;64.55;;;
37.140361;-3.507638;1288;0;6;2344;2404;122.02;64.53;;;
37.140392;-3.507416;1289;0;6;2346;2402;122.04;64.51;;;
37.140406;-3.507191;1290;0;6;2347;2401;122.06;64.49;;;
37.140428;-3.506967;1291;0;6;2348;2400;122.08;64.47;;;
37.140451;-3.506743;1292;0;7;2349;2399;122.1;64.45;;;
37.140475;-3.506519;1293;0;8;2349;2399;122.12;64.43;;;
37.140505;-3.506297;1294;0;8;2351;2397;122.14;64.41;;;
37.140571;-3.506087;1296;0;8;2353;2395;122.16;64.39;;;
37.140631;-3.505876;1300;0;9;2357;2391;122.18;64.37;;;
37.140644;-3.505652;1302;0;9;2358;2390;122.2;64.35;;;
37.140605;-3.505432;1303;0;9;2360;2388;122.22;64.33;;;
37.140522;-3.505232;1304;0;9;2361;2387;122.24;64.31;;;
37.140445;-3.505030;1307;0;9;2363;2385;122.26;64.29;;;
37.140425;-3.504806;1308;0;8;2364;2384;122.28;64.27;;;
37.140404;-3.504581;1309;0;8;2366;2382;122.3;64.25;;;
37.140331;-3.504382;1312;0;8;2369;2379;122.32;64.23;;;
37.140186;-3.504248;1314;0;8;2371;2377;122.34;64.21;;;
37.140041;-3.504116;1315;0;8;2372;2376;122.36;64.19;;;
37.139942;-3.503936;1316;0;8;2373;2375;122.38;64.17;;;
37.139871;-3.503729;1317;0;7;2374;2374;122.4;64.15;;;
37.139799;-3.503522;1318;0;7;2375;2373;122.42;64.13;;;
37.139726;-3.503316;1320;0;7;2376;2372;122.44;64.11;;;
37.139641;-3.503118;1322;0;7;2379;2369;122.46;64.09;;;
37.139543;-3.502928;1323;0;8;2380;2368;122.48;64.07;;;
37.139416;-3.502769;1325;0;8;2381;2367;122.5;64.05;;;
37.139287;-3.502612;1326;0;8;2383;2365;122.52;64.03;;;
37.139155;-3.502458;1327;0;8;2384;2364;122.54;64.01;;;
37.139024;-3.502305;1330;0;9;2386;2362;122.56;63.99;;;
37.138904;-3.502136;1332;0;9;2389;2359;122.58;63.97;;;
37.138805;-3.501948;1333;0;9;2390;2358;122.6;63.95;;;
37.138714;-3.501754;1335;0;9;2392;2356;122.62;63.93;;;
37.138652;-3.501543;1337;0;9;2394;2354;122.64;63.91;;;
37.138609;-3.501324;1338;0;9;2395;2353;122.66;63.89;;;
37.138494;-3.501154;1342;0;9;2398;2350;122.68;63.87;;;
37.138351;-3.501018;1344;0;9;2400;2348;122.7;63.85;;;
37.138203;-3.500890;1345;0;9;2402;2346;122.72;63.83;;;
37.138055;-3.500762;1347;0;9;2404;2344;122.74;63.81;;;
37.137934;-3.500597;1349;0;9;2406;2342;122.76;63.79;;;
37.137819;-3.500424;1351;0;9;2408;2340;122.78;63.77;;;
37.137695;-3.500260;1355;0;9;2411;2337;122.8;63.75;;;
37.137605;-3.500069;1358;0;9;2415;2333;122.82;63.73;;;
37.137569;-3.499848;1359;0;9;2416;2332;122.84;63.71;;;
37.137543;-3.499627;1363;0;9;2420;2328;122.86;63.69;;;
37.137575;-3.499405;1364;0;9;2421;2327;122.88;63.67;;;
37.137606;-3.499183;1366;0;9;2423;2325;122.9;63.65;;;
37.137639;-3.498961;1369;0;9;2426;2322;122.92;63.63;;;
37.137698;-3.498751;1372;0;9;2428;2320;122.94;63.61;;;
37.137816;-3.498583;1375;0;9;2432;2316;122.96;63.59;;;
37.137977;-3.498486;1377;0;9;2434;2314;122.98;63.57;;;
37.138154;-3.498447;1379;0;9;2436;2312;123;63.55;;;
37.138321;-3.498371;1381;0;9;2438;2310;123.02;63.53;;;
37.138459;-3.498233;1385;0;9;2441;2307;123.04;63.51;;;
37.138493;-3.498016;1388;0;9;2445;2303;123.06;63.49;;;
37.138456;-3.497796;1391;0;9;2447;2301;123.08;63.47;;;
37.138393;-3.497586;1393;0;9;2450;2298;123.1;63.45;;;
37.138352;-3.497373;1395;0;9;2452;2296;123.12;63.43;;;
37.138374;-3.497150;1397;0;9;2454;2294;123.14;63.41;;;
37.138408;-3.496928;1398;0;8;2455;2293;123.16;63.39;;;
37.138414;-3.496704;1400;0;8;2456;2292;123.18;63.37;;;
37.138408;-3.496478;1401;0;8;2458;2290;123.2;63.35;;;
37.138449;-3.496259;1402;0;8;2459;2289;123.22;63.33;;;
37.138463;-3.496036;1404;0;9;2461;2287;123.24;63.31;;;
37.138453;-3.495811;1405;0;9;2462;2286;123.26;63.29;;;
37.138474;-3.495590;1408;0;9;2465;2283;123.28;63.27;;;
37.138552;-3.495391;1410;0;9;2467;2281;123.3;63.25;;;
37.138679;-3.495233;1412;0;9;2469;2279;123.32;63.23;;;
37.138797;-3.495069;1414;0;8;2470;2278;123.34;63.21;;;
37.138806;-3.494848;1416;0;7;2473;2275;123.36;63.19;;;
37.138749;-3.494638;1417;0;6;2474;2274;123.38;63.17;;;
37.138666;-3.494438;1418;0;6;2475;2273;123.4;63.15;;;
37.138624;-3.494219;1419;0;6;2476;2272;123.42;63.13;;;
37.138596;-3.493997;1420;0;5;2476;2272;123.44;63.11;;;
37.138591;-3.493771;1420;0;5;2477;2271;123.46;63.09;;;
37.138564;-3.493550;1422;0;5;2479;2269;123.48;63.07;;;
37.138515;-3.493333;1423;0;5;2480;2268;123.5;63.05;;;
37.138446;-3.493125;1424;0;4;2481;2267;123.52;63.03;;;
37.138373;-3.492920;1425;0;4;2482;2266;123.54;63.01;;;
37.138340;-3.492699;1426;0;3;2483;2265;123.56;62.99;;;
37.138364;-3.492475;1426;0;3;2483;2265;123.58;62.97;;;
37.138388;-3.492252;1427;0;2;2483;2265;123.6;62.95;;;
37.138411;-3.492028;1427;0;2;2484;2264;123.62;62.93;;;
37.138405;-3.491804;1428;0;2;2484;2264;123.64;62.91;;;
37.138360;-3.491586;1428;0;2;2485;2263;123.66;62.89;;;
37.138301;-3.491374;1428;0;2;2485;2263;123.68;62.87;;;
37.138209;-3.491180;1429;0;2;2485;2263;123.7;62.85;;;
37.138139;-3.490977;1429;0;1;2486;2262;123.72;62.83;;;
37.138148;-3.490755;1429;0;1;2486;2262;123.74;62.81;;;
37.138187;-3.490535;1429;0;1;2486;2262;123.76;62.79;;;
37.138180;-3.490310;1429;0;0;2486;2262;123.78;62.77;;;
37.138152;-3.490087;1430;0;0;2486;2262;123.8;62.75;;;
37.138114;-3.489867;1430;0;0;2486;2262;123.82;62.73;;;
37.138069;-3.489649;1430;0;0;2486;2262;123.84;62.71;;;
37.138012;-3.489435;1430;0;0;2486;2262;123.86;62.69;;;
37.137947;-3.489225;1429;0;-1;2486;2262;123.88;62.67;;;
37.137870;-3.489021;1429;0;-1;2486;2262;123.9;62.65;;;
37.137793;-3.488817;1429;0;-1;2486;2262;123.92;62.63;;;
37.137716;-3.488613;1429;0;-1;2486;2262;123.94;62.61;;;
37.137640;-3.488409;1428;0;-1;2486;2262;123.96;62.59;;;
37.137562;-3.488205;1428;0;-2;2486;2262;123.98;62.57;;;
37.137492;-3.487997;1428;0;-2;2486;2262;124;62.55;;;
37.137424;-3.487789;1427;0;-2;2486;2262;124.02;62.53;;;
37.137355;-3.487580;1427;0;-2;2486;2262;124.04;62.51;;;
37.137286;-3.487372;1426;0;-2;2486;2262;124.06;62.49;;;
37.137200;-3.487174;1426;0;-2;2486;2262;124.08;62.47;;;
37.137113;-3.486976;1425;0;-2;2486;2262;124.1;62.45;;;
37.137025;-3.486780;1425;0;-2;2486;2262;124.12;62.43;;;
37.136936;-3.486583;1425;0;-2;2486;2262;124.14;62.41;;;
37.136848;-3.486386;1424;0;-2;2486;2262;124.16;62.39;;;
37.136760;-3.486190;1424;0;-2;2486;2262;124.18;62.37;;;
37.136669;-3.485995;1423;0;-2;2486;2262;124.2;62.35;;;
37.136554;-3.485822;1423;0;-2;2486;2262;124.22;62.33;;;
37.136430;-3.485659;1423;0;-2;2486;2262;124.24;62.31;;;
37.136321;-3.485482;1422;0;-2;2486;2262;124.26;62.29;;;
37.136279;-3.485264;1422;0;-1;2486;2262;124.28;62.27;;;
37.136303;-3.485041;1422;0;-1;2486;2262;124.3;62.25;;;
37.136348;-3.484823;1422;0;-1;2486;2262;124.32;62.23;;;
37.136398;-3.484606;1421;0;0;2486;2262;124.34;62.21;;;
37.136413;-3.484382;1421;0;0;2486;2262;124.36;62.19;;;
37.136417;-3.484157;1421;0;0;2486;2262;124.38;62.17;;;
37.136412;-3.483931;1421;0;1;2486;2262;124.4;62.15;;;
37.136414;-3.483706;1422;0;1;2487;2261;124.42;62.13;;;
37.136437;-3.483482;1422;0;1;2487;2261;124.44;62.11;;;
37.136459;-3.483258;1422;0;2;2487;2261;124.46;62.09;;;
37.136467;-3.483033;1422;0;2;2487;2261;124.48;62.07;;;
37.136475;-3.482807;1423;0;2;2488;2260;124.5;62.05;;;
37.136483;-3.482582;1423;0;2;2489;2259;124.52;62.03;;;
37.136491;-3.482357;1424;0;3;2489;2259;124.54;62.01;;;
37.136498;-3.482131;1425;0;3;2490;2258;124.56;61.99;;;
37.136491;-3.481906;1425;0;3;2490;2258;124.58;61.97;;;
37.136485;-3.481680;1426;0;4;2491;2257;124.6;61.95;;;
37.136477;-3.481455;1426;0;5;2492;2256;124.62;61.93;;;
37.136462;-3.481230;1427;0;5;2492;2256;124.64;61.91;;;
37.136444;-3.481006;1429;0;6;2494;2254;124.66;61.89;;;
37.136410;-3.480784;1431;0;6;2496;2252;124.68;61.87;;;
37.136374;-3.480563;1432;0;6;2497;2251;124.7;61.85;;;
37.136338;-3.480342;1433;0;6;2498;2250;124.72;61.83;;;
37.136306;-3.480120;1434;0;6;2499;2249;124.74;61.81;;;
37.136276;-3.479898;1435;0;5;2500;2248;124.76;61.79;;;
37.136247;-3.479675;1436;0;8;2501;2247;124.78;61.77;;;
37.136239;-3.479450;1437;0;8;2502;2246;124.8;61.75;;;
37.136231;-3.479224;1438;0;8;2503;2245;124.82;61.73;;;
37.136224;-3.478999;1439;0;8;2504;2244;124.84;61.71;;;
37.136216;-3.478776;1444;0;8;2510;2238;124.86;61.69;;;
37.136207;-3.478550;1446;0;9;2511;2237;124.88;61.67;;;
37.136200;-3.478325;1447;0;9;2512;2236;124.9;61.65;;;
37.136187;-3.478100;1448;0;8;2513;2235;124.92;61.63;;;
37.136172;-3.477875;1449;0;6;2514;2234;124.94;61.61;;;
37.136156;-3.477650;1451;0;6;2516;2232;124.96;61.59;;;
37.136131;-3.477427;1452;0;6;2517;2231;124.98;61.57;;;
37.136108;-3.477203;1453;0;7;2518;2230;125;61.55;;;
37.136101;-3.476978;1454;0;7;2519;2229;125.02;61.53;;;
37.136094;-3.476752;1455;0;7;2520;2228;125.04;61.51;;;
37.136087;-3.476527;1457;0;7;2523;2225;125.06;61.49;;;
37.136080;-3.476301;1460;0;7;2525;2223;125.08;61.47;;;
37.136042;-3.476081;1461;0;7;2526;2222;125.1;61.45;;;
37.135998;-3.475863;1462;0;7;2527;2221;125.12;61.43;;;
37.135953;-3.475644;1464;0;7;2529;2219;125.14;61.41;;;
37.135932;-3.475420;1465;0;6;2530;2218;125.16;61.39;;;
37.135915;-3.475196;1466;0;6;2531;2217;125.18;61.37;;;
37.135898;-3.474971;1467;0;7;2532;2216;125.2;61.35;;;
37.135898;-3.474746;1468;0;7;2534;2214;125.22;61.33;;;
37.135872;-3.474523;1469;0;7;2535;2213;125.24;61.31;;;
37.135835;-3.474303;1470;0;7;2535;2213;125.26;61.29;;;
37.135819;-3.474078;1473;0;7;2538;2210;125.28;61.27;;;
37.135919;-3.473904;1475;0;7;2540;2208;125.3;61.25;;;
37.136090;-3.473854;1476;0;7;2541;2207;125.32;61.23;;;
37.136268;-3.473836;1477;0;6;2542;2206;125.34;61.21;;;
37.136412;-3.473712;1479;0;5;2544;2204;125.36;61.19;;;
37.136454;-3.473494;1480;0;5;2545;2203;125.38;61.17;;;
37.136462;-3.473270;1481;0;4;2546;2202;125.4;61.15;;;
37.136417;-3.473051;1481;0;3;2546;2202;125.42;61.13;;;
37.136378;-3.472831;1482;0;2;2547;2201;125.44;61.11;;;
37.136376;-3.472611;1482;0;1;2547;2201;125.46;61.09;;;
37.136467;-3.472419;1482;0;1;2548;2200;125.48;61.07;;;
37.136570;-3.472234;1482;0;0;2548;2200;125.5;61.05;39;summit;1
37.136680;-3.472056;1482;0;0;2548;2200;125.52;61.03;;;
37.136778;-3.471868;1482;0;-1;2548;2200;125.54;61.01;;;
37.136853;-3.471664;1482;0;-1;2548;2200;125.56;60.99;;;
37.136928;-3.471459;1482;0;-2;2548;2200;125.58;60.97;;;
37.136985;-3.471246;1481;0;-3;2548;2200;125.6;60.95;;;
37.137031;-3.471027;1481;0;-3;2548;2200;125.62;60.93;;;
37.137076;-3.470809;1480;0;-4;2548;2200;125.64;60.91;;;
37.137118;-3.470590;1479;0;-4;2548;2200;125.66;60.89;;;
37.137102;-3.470367;1478;0;-4;2548;2200;125.68;60.87;;;
37.137058;-3.470148;1477;0;-4;2548;2200;125.7;60.85;;;
37.137016;-3.469929;1476;0;-5;2548;2200;125.72;60.83;;;
37.136989;-3.469705;1475;0;-4;2548;2200;125.74;60.81;;;
37.136978;-3.469481;1475;0;-5;2548;2200;125.76;60.79;;;
37.136978;-3.469255;1474;0;-5;2548;2200;125.78;60.77;;;
37.136978;-3.469030;1473;0;-5;2548;2200;125.8;60.75;;;
37.136978;-3.468804;1471;0;-6;2548;2200;125.82;60.73;;;
37.136978;-3.468578;1470;0;-7;2548;2200;125.84;60.71;;;
37.136945;-3.468356;1469;0;-7;2548;2200;125.86;60.69;;;
37.136912;-3.468135;1468;0;-7;2548;2200;125.88;60.67;;;
37.136967;-3.467927;1465;0;-8;2548;2200;125.9;60.65;;;
37.137073;-3.467744;1464;0;-9;2548;2200;125.92;60.63;;;
37.137205;-3.467592;1463;0;-10;2548;2200;125.94;60.61;;;
37.137362;-3.467482;1461;0;-10;2548;2200;125.96;60.59;;;
37.137527;-3.467394;1459;0;-10;2548;2200;125.98;60.57;;;
37.137647;-3.467235;1456;0;-10;2548;2200;126;60.55;;;
37.137763;-3.467073;1453;0;-10;2548;2200;126.02;60.53;;;
37.137938;-3.467071;1451;0;-10;2548;2200;126.04;60.51;;;
37.138110;-3.467137;1450;0;-10;2548;2200;126.06;60.49;;;
37.138284;-3.467110;1447;0;-10;2548;2200;126.08;60.47;;;
37.138451;-3.467027;1446;0;-10;2548;2200;126.1;60.45;;;
37.138625;-3.467001;1443;0;-10;2548;2200;126.12;60.43;;;
37.138565;-3.467089;1441;0;-9;2548;2200;126.14;60.41;;;
37.138400;-3.467178;1440;0;-10;2548;2200;126.16;60.39;;;
37.138234;-3.467263;1437;0;-10;2548;2200;126.18;60.37;;;
37.138061;-3.467327;1436;0;-10;2548;2200;126.2;60.35;;;
37.137905;-3.467431;1434;0;-10;2548;2200;126.22;60.33;;;
37.137804;-3.467613;1431;0;-10;2548;2200;126.24;60.31;;;
37.137790;-3.467836;1429;0;-10;2548;2200;126.26;60.29;;;
37.137866;-3.468039;1426;0;-10;2548;2200;126.28;60.27;;;
37.137962;-3.468230;1423;0;-10;2548;2200;126.3;60.25;40;;
37.138062;-3.468418;1421;0;-10;2548;2200;126.32;60.23;;;
37.138161;-3.468606;1419;0;-10;2548;2200;126.34;60.21;;;
37.138311;-3.468723;1417;0;-9;2548;2200;126.36;60.19;;;
37.138489;-3.468741;1414;0;-9;2548;2200;126.38;60.17;;;
37.138669;-3.468755;1413;0;-8;2548;2200;126.4;60.15;;;
37.138837;-3.468826;1413;0;-8;2548;2200;126.42;60.13;;;
37.139001;-3.468918;1410;0;-8;2548;2200;126.44;60.11;;;
37.139165;-3.469011;1409;0;-8;2548;2200;126.46;60.09;;;
37.139323;-3.469119;1408;0;-9;2548;2200;126.48;60.07;;;
37.139473;-3.469243;1406;0;-10;2548;2200;126.5;60.05;;;
37.139601;-3.469400;1404;0;-10;2548;2200;126.52;60.03;;;
37.139701;-3.469587;1402;0;-10;2548;2200;126.54;60.01;;;
37.139801;-3.469775;1399;0;-10;2548;2200;126.56;59.99;;;
37.139933;-3.469927;1397;0;-10;2548;2200;126.58;59.97;;;
37.140036;-3.470109;1395;0;-10;2548;2200;126.6;59.95;;;
37.140084;-3.470324;1393;0;-10;2548;2200;126.62;59.93;;;
37.140119;-3.470545;1391;0;-10;2548;2200;126.64;59.91;;;
37.140123;-3.470767;1388;0;-10;2548;2200;126.66;59.89;;;
37.140053;-3.470970;1386;0;-10;2548;2200;126.68;59.87;;;
37.139953;-3.471157;1384;0;-10;2548;2200;126.7;59.85;;;
37.139900;-3.471364;1381;0;-10;2548;2200;126.72;59.83;;;
37.139960;-3.471574;1380;0;-9;2548;2200;126.74;59.81;;;
37.140041;-3.471774;1379;0;-9;2548;2200;126.76;59.79;;;
37.140149;-3.471955;1377;0;-9;2548;2200;126.78;59.77;;;
37.140259;-3.472133;1374;0;-8;2548;2200;126.8;59.75;;;
37.140377;-3.472303;1373;0;-8;2548;2200;126.82;59.73;;;
37.140448;-3.472505;1372;0;-8;2548;2200;126.84;59.71;;;
37.140429;-3.472729;1370;0;-8;2548;2200;126.86;59.69;;;
37.140394;-3.472950;1368;0;-7;2548;2200;126.88;59.67;;;
37.140359;-3.473171;1367;0;-6;2548;2200;126.9;59.65;;;
37.140324;-3.473392;1366;0;-6;2548;2200;126.92;59.63;;;
37.140312;-3.473617;1365;0;-5;2548;2200;126.94;59.61;;;
37.140319;-3.473842;1364;0;-5;2548;2200;126.96;59.59;;;
37.140350;-3.474064;1363;0;-6;2548;2200;126.98;59.57;;;
37.140399;-3.474280;1362;0;-5;2548;2200;127;59.55;;;
37.140452;-3.474496;1361;0;-5;2548;2200;127.02;59.53;;;
37.140508;-3.474711;1360;0;-5;2548;2200;127.04;59.51;;;
37.140570;-3.474922;1358;0;-5;2548;2200;127.06;59.49;;;
37.140631;-3.475135;1357;0;-5;2548;2200;127.08;59.47;;;
37.140692;-3.475347;1357;0;-5;2548;2200;127.1;59.45;;;
37.140746;-3.475561;1356;0;-5;2548;2200;127.12;59.43;;;
37.140779;-3.475783;1355;0;-5;2548;2200;127.14;59.41;;;
37.140809;-3.476006;1353;0;-5;2548;2200;127.16;59.39;;;
37.140824;-3.476230;1353;0;-5;2548;2200;127.18;59.37;;;
37.140838;-3.476455;1352;0;-4;2548;2200;127.2;59.35;;;
37.140852;-3.476680;1351;0;-4;2548;2200;127.22;59.33;;;
37.140867;-3.476905;1350;0;-3;2548;2200;127.24;59.31;;;
37.140880;-3.477130;1349;0;-3;2548;2200;127.26;59.29;;;
37.140894;-3.477355;1349;0;-3;2548;2200;127.28;59.27;;;
37.140908;-3.477580;1349;0;-3;2548;2200;127.3;59.25;;;
37.140933;-3.477802;1348;0;-3;2548;2200;127.32;59.23;;;
37.140991;-3.478016;1348;0;-3;2548;2200;127.34;59.21;;;
37.141062;-3.478223;1347;0;-3;2548;2200;127.36;59.19;;;
37.141138;-3.478427;1346;0;-3;2548;2200;127.38;59.17;;;
37.141214;-3.478632;1346;0;-3;2548;2200;127.4;59.15;;;
37.141289;-3.478837;1345;0;-3;2548;2200;127.42;59.13;;;
37.141317;-3.479057;1344;0;-3;2548;2200;127.44;59.11;;;
37.141302;-3.479281;1344;0;-3;2548;2200;127.46;59.09;;;
37.141335;-3.479500;1344;0;-3;2548;2200;127.48;59.07;;;
37.141342;-3.479720;1343;0;-3;2548;2200;127.5;59.05;;;
37.141226;-3.479886;1343;0;-3;2548;2200;127.52;59.03;;;
37.141089;-3.480033;1342;0;-3;2548;2200;127.54;59.01;;;
37.140951;-3.480177;1341;0;-3;2548;2200;127.56;58.99;;;
37.140900;-3.480383;1340;0;-3;2548;2200;127.58;58.97;;;
37.140907;-3.480608;1340;0;-3;2548;2200;127.6;58.95;;;
37.140838;-3.480809;1339;0;-3;2548;2200;127.62;58.93;;;
37.140723;-3.480982;1339;0;-3;2548;2200;127.64;58.91;;;
37.140607;-3.481155;1339;0;-3;2548;2200;127.66;58.89;;;
37.140515;-3.481348;1338;0;-3;2548;2200;127.68;58.87;;;
37.140444;-3.481554;1338;0;-3;2548;2200;127.7;58.85;;;
37.140361;-3.481752;1337;0;-3;2548;2200;127.72;58.83;;;
37.140243;-3.481920;1336;0;-3;2548;2200;127.74;58.81;;;
37.140106;-3.482066;1335;0;-3;2548;2200;127.76;58.79;;;
37.139950;-3.482178;1334;0;-3;2548;2200;127.78;58.77;;;
37.139793;-3.482289;1334;0;-3;2548;2200;127.8;58.75;;;
37.139637;-3.482400;1333;0;-3;2548;2200;127.82;58.73;;;
37.139480;-3.482510;1333;0;-2;2548;2200;127.84;58.71;;;
37.139323;-3.482621;1333;0;-3;2548;2200;127.86;58.69;;;
37.139180;-3.482756;1332;0;-3;2548;2200;127.88;58.67;;;
37.139056;-3.482914;1332;0;-3;2548;2200;127.9;58.65;;;
37.138988;-3.483120;1331;0;-3;2548;2200;127.92;58.63;;;
37.139011;-3.483341;1330;0;-3;2548;2200;127.94;58.61;;;
37.139081;-3.483547;1329;0;-4;2548;2200;127.96;58.59;;;
37.139189;-3.483727;1328;0;-4;2548;2200;127.98;58.57;;;
37.139297;-3.483908;1328;0;-4;2548;2200;128;58.55;;;
37.139512;-3.484269;1326;0;-4;2548;2200;128.04;58.51;;;
37.139620;-3.484450;1325;0;-4;2548;2200;128.06;58.49;;;
37.139835;-3.484811;1324;0;-4;2548;2200;128.1;58.45;;;
37.139943;-3.484992;1323;0;-5;2548;2200;128.12;58.43;;;
37.140155;-3.485356;1321;0;-5;2548;2200;128.16;58.39;;;
37.140242;-3.485554;1320;0;-5;2548;2200;128.18;58.37;;;
37.140454;-3.485906;1317;0;-5;2548;2200;128.22;58.33;;;
37.140620;-3.485992;1317;0;-5;2548;2200;128.24;58.31;;;
37.140791;-3.486058;1316;0;-5;2548;2200;128.26;58.29;;;
37.140968;-3.486094;1315;0;-5;2548;2200;128.28;58.27;;;
37.141318;-3.486178;1313;0;-5;2548;2200;128.32;58.23;;;
37.141440;-3.486340;1312;0;-5;2548;2200;128.34;58.21;;;
37.141620;-3.486729;1310;0;-5;2548;2200;128.38;58.17;;;
37.141733;-3.486905;1309;0;-5;2548;2200;128.4;58.15;;;
37.141881;-3.487304;1308;0;-6;2548;2200;128.44;58.11;;;
37.141925;-3.487521;1305;0;-7;2548;2200;128.46;58.09;;;
37.142199;-3.487788;1302;0;-7;2548;2200;128.5;58.05;;;
37.142543;-3.487720;1300;0;-7;2548;2200;128.54;58.01;;;
37.142695;-3.487599;1299;0;-7;2548;2200;128.56;57.99;;;
37.142969;-3.487307;1295;0;-7;2548;2200;128.6;57.95;;;
37.143085;-3.487135;1294;0;-7;2548;2200;128.62;57.93;;;
37.143277;-3.486757;1291;0;-7;2548;2200;128.66;57.89;;;
37.143353;-3.486553;1290;0;-6;2548;2200;128.68;57.87;;;
37.143542;-3.486174;1288;0;-7;2548;2200;128.72;57.83;;;
37.143696;-3.486067;1286;0;-7;2548;2200;128.74;57.81;;;
37.143870;-3.486014;1285;0;-7;2548;2200;128.76;57.79;;;
37.144044;-3.486049;1283;0;-8;2548;2200;128.78;57.77;;;
37.144296;-3.486352;1280;0;-8;2548;2200;128.82;57.73;;;
37.144382;-3.486550;1279;0;-8;2548;2200;128.84;57.71;;;
37.144553;-3.486947;1275;0;-9;2548;2200;128.88;57.67;;;
37.144638;-3.487146;1274;0;-9;2548;2200;128.9;57.65;;;
37.144883;-3.487446;1269;0;-9;2548;2200;128.94;57.61;;;
37.145035;-3.487561;1268;0;-9;2548;2200;128.96;57.59;;;
37.145386;-3.487562;1265;0;-9;2548;2200;129;57.55;;;
37.145644;-3.487260;1260;0;-9;2548;2200;129.04;57.51;;;
37.145725;-3.487059;1259;0;-8;2548;2200;129.06;57.49;;;
37.145839;-3.486633;1256;0;-7;2548;2200;129.1;57.45;;;
37.145885;-3.486415;1254;0;-7;2548;2200;129.12;57.43;;;
37.145993;-3.485985;1252;0;-7;2548;2200;129.16;57.39;;;
37.146087;-3.485795;1251;0;-6;2548;2200;129.18;57.37;;;
37.146336;-3.485473;1248;0;-6;2548;2200;129.22;57.33;;;
37.146490;-3.485359;1247;0;-7;2548;2200;129.24;57.31;;;
37.146655;-3.485271;1245;0;-8;2548;2200;129.26;57.29;;;
37.146828;-3.485216;1244;0;-8;2548;2200;129.28;57.27;;;
37.147187;-3.485205;1240;0;-8;2548;2200;129.32;57.23;;;
37.147366;-3.485225;1238;0;-8;2548;2200;129.34;57.21;;;
37.147725;-3.485264;1236;0;-7;2548;2200;129.38;57.17;;;
37.147904;-3.485283;1235;0;-6;2548;2200;129.4;57.15;;;
37.148262;-3.485322;1232;0;-6;2548;2200;129.44;57.11;;;
37.148442;-3.485341;1231;0;-7;2548;2200;129.46;57.09;;;
37.148800;-3.485380;1229;0;-8;2548;2200;129.5;57.05;;;
37.149159;-3.485363;1225;0;-9;2548;2200;129.54;57.01;;;
37.149338;-3.485346;1222;0;-10;2548;2200;129.56;56.99;;;
37.149660;-3.485162;1219;0;-9;2548;2200;129.6;56.95;;;
37.149793;-3.485010;1217;0;-8;2548;2200;129.62;56.93;;;
37.149972;-3.484622;1214;0;-7;2548;2200;129.66;56.89;;;
37.150014;-3.484406;1213;0;-7;2548;2200;129.68;56.87;;;
37.150012;-3.483957;1210;0;-7;2548;2200;129.72;56.83;;;
37.149984;-3.483734;1209;0;-7;2548;2200;129.74;56.81;;;
37.149941;-3.483515;1208;0;-8;2548;2200;129.76;56.79;;;
37.149899;-3.483296;1206;0;-9;2548;2200;129.78;56.77;;;
37.149814;-3.482857;1203;0;-9;2548;2200;129.82;56.73;;;
37.149772;-3.482638;1200;0;-9;2548;2200;129.84;56.71;;;
37.149762;-3.482189;1197;0;-9;2548;2200;129.88;56.67;;;
37.149797;-3.481969;1195;0;-8;2548;2200;129.9;56.65;;;
37.149965;-3.481573;1192;0;-8;2548;2200;129.94;56.61;;;
37.150088;-3.481408;1191;0;-8;2548;2200;129.96;56.59;;;
37.150393;-3.481172;1188;0;-8;2548;2200;130;56.55;;;
37.150734;-3.481029;1183;0;-7;2548;2200;130.04;56.51;;;
37.150904;-3.480958;1182;0;-7;2548;2200;130.06;56.49;;;
37.151246;-3.480816;1181;0;-5;2548;2200;130.1;56.45;;;
37.151416;-3.480745;1180;0;-6;2548;2200;130.12;56.43;;;
37.151758;-3.480602;1178;0;-7;2548;2200;130.16;56.39;;;
37.151928;-3.480531;1176;0;-7;2548;2200;130.18;56.37;;;
37.152223;-3.480286;1172;0;-8;2548;2200;130.22;56.33;;;
37.152305;-3.480088;1171;0;-8;2548;2200;130.24;56.31;;;
37.152328;-3.479865;1169;0;-8;2548;2200;130.26;56.29;;;
37.152304;-3.479643;1167;0;-8;2548;2200;130.28;56.27;;;
37.152152;-3.479235;1165;0;-9;2548;2200;130.32;56.23;;;
37.152073;-3.479032;1163;0;-9;2548;2200;130.34;56.21;;;
37.152060;-3.478595;1159;0;-9;2548;2200;130.38;56.17;;;
37.152195;-3.478450;1157;0;-9;2548;2200;130.4;56.15;;;
37.152531;-3.478463;1153;0;-9;2548;2200;130.44;56.11;;;
37.152652;-3.478626;1151;0;-9;2548;2200;130.46;56.09;;;
37.152779;-3.479048;1148;0;-7;2548;2200;130.5;56.05;;;
37.152887;-3.479478;1145;0;-7;2548;2200;130.54;56.01;;;
37.152941;-3.479693;1144;0;-7;2548;2200;130.56;55.99;;;
37.153049;-3.480124;1141;0;-7;2548;2200;130.6;55.95;;;
37.153075;-3.480347;1140;0;-7;2548;2200;130.62;55.93;;;
37.152994;-3.480781;1137;0;-7;2548;2200;130.66;55.89;;;
37.152894;-3.480967;1135;0;-6;2548;2200;130.68;55.87;;;
37.152617;-3.481250;1133;0;-7;2548;2200;130.72;55.83;;;
37.152466;-3.481373;1132;0;-7;2548;2200;130.74;55.81;;;
37.152315;-3.481495;1131;0;-7;2548;2200;130.76;55.79;;;
37.152180;-3.481643;1129;0;-7;2548;2200;130.78;55.77;;;
37.151997;-3.482027;1126;0;-7;2548;2200;130.82;55.73;;;
37.151968;-3.482246;1125;0;-7;2548;2200;130.84;55.71;;;
37.152041;-3.482684;1122;0;-8;2548;2200;130.88;55.67;;;
37.152137;-3.482875;1120;0;-8;2548;2200;130.9;55.65;;;
37.152328;-3.483257;1117;0;-8;2548;2200;130.94;55.61;;;
37.152427;-3.483446;1116;0;-8;2548;2200;130.96;55.59;;;
37.152623;-3.483824;1113;0;-8;2548;2200;131;55.55;;;
37.152828;-3.484195;1109;0;-7;2548;2200;131.04;55.51;;;
37.152939;-3.484372;1108;0;-7;2548;2200;131.06;55.49;;;
37.153136;-3.484750;1106;0;-7;2548;2200;131.1;55.45;;;
37.153234;-3.484939;1105;0;-6;2548;2200;131.12;55.43;;;
37.153431;-3.485316;1101;0;-6;2548;2200;131.16;55.39;;;
37.153530;-3.485505;1100;0;-6;2548;2200;131.18;55.37;;;
37.153727;-3.485883;1098;0;-6;2548;2200;131.22;55.33;;;
37.153825;-3.486072;1097;0;-8;2548;2200;131.24;55.31;;;
37.153924;-3.486261;1096;0;-8;2548;2200;131.26;55.29;;;
37.154022;-3.486449;1094;0;-9;2548;2200;131.28;55.27;;;
37.154181;-3.486844;1089;0;-10;2548;2200;131.32;55.23;;;
37.154281;-3.487032;1087;0;-10;2548;2200;131.34;55.21;;;
37.154480;-3.487408;1083;0;-10;2548;2200;131.38;55.17;;;
37.154579;-3.487597;1082;0;-8;2548;2200;131.4;55.15;;;
37.154772;-3.487977;1078;0;-7;2548;2200;131.44;55.11;;;
37.154867;-3.488169;1077;0;-7;2548;2200;131.46;55.09;;;
37.155057;-3.488552;1075;0;-7;2548;2200;131.5;55.05;;;
37.155247;-3.488936;1072;0;-8;2548;2200;131.54;55.01;;;
37.155299;-3.489150;1070;0;-8;2548;2200;131.56;54.99;;;
37.155217;-3.489571;1066;0;-8;2548;2200;131.6;54.95;;;
37.155093;-3.489731;1064;0;-9;2548;2200;131.62;54.93;;;
37.154754;-3.489882;1062;0;-8;2548;2200;131.66;54.89;;;
37.154581;-3.489945;1061;0;-8;2548;2200;131.68;54.87;;;
37.154256;-3.490130;1057;0;-7;2548;2200;131.72;54.83;;;
37.154115;-3.490271;1056;0;-8;2548;2200;131.74;54.81;;;
37.154014;-3.490456;1054;0;-8;2548;2200;131.76;54.79;;;
37.153968;-3.490674;1053;0;-7;2548;2200;131.78;54.77;;;
37.154020;-3.491112;1049;0;-7;2548;2200;131.82;54.73;;;
37.154113;-3.491304;1048;0;-8;2548;2200;131.84;54.71;;;
37.154380;-3.491607;1045;0;-7;2548;2200;131.88;54.67;;;
37.154523;-3.491743;1044;0;-8;2548;2200;131.9;54.65;;;
37.154815;-3.492007;1041;0;-8;2548;2200;131.94;54.61;;;
37.154930;-3.492180;1039;0;-6;2548;2200;131.96;54.59;;;
37.155119;-3.492559;1035;0;-7;2548;2200;132;54.55;;;
37.155142;-3.493008;1035;0;-5;2551;2197;132.04;54.51;;;
37.155115;-3.493230;1032;0;-5;2551;2197;132.06;54.49;;;
37.154999;-3.493656;1032;0;-7;2553;2195;132.1;54.45;;;
37.154930;-3.493865;1031;0;-6;2553;2195;132.12;54.43;;;
37.154844;-3.494295;1026;0;-8;2553;2195;132.16;54.39;;;
37.154790;-3.494510;1025;0;-8;2553;2195;132.18;54.37;;;
37.154703;-3.494947;1022;0;-6;2553;2195;132.22;54.33;;;
37.154663;-3.495167;1021;0;-7;2553;2195;132.24;54.31;;;
37.154623;-3.495387;1020;0;-7;2553;2195;132.26;54.29;;;
37.154582;-3.495607;1020;0;-8;2553;2195;132.28;54.27;;;
37.154614;-3.496021;1016;0;-8;2553;2195;132.32;54.23;41;;
37.154771;-3.496084;1013;0;-8;2553;2195;132.34;54.21;;;
37.154928;-3.495746;1009;0;-9;2553;2195;132.38;54.17;;;
37.154907;-3.495522;1009;0;-8;2553;2195;132.4;54.15;;;
37.154972;-3.495099;1005;0;-7;2553;2195;132.44;54.11;;;
37.155114;-3.494964;1004;0;-7;2553;2195;132.46;54.09;;;
37.155416;-3.494718;1001;0;-8;2553;2195;132.5;54.05;;;
37.155743;-3.494542;998;0;-7;2553;2195;132.54;54.01;;;
37.155911;-3.494464;995;0;-7;2553;2195;132.56;53.99;;;
37.156201;-3.494201;993;0;-7;2553;2195;132.6;53.95;;;
37.156337;-3.494053;992;0;-6;2553;2195;132.62;53.93;;;
37.156651;-3.493839;989;0;-6;2553;2195;132.66;53.89;;;
37.156812;-3.493738;989;0;-7;2553;2195;132.68;53.87;;;
37.157086;-3.493454;986;0;-7;2553;2195;132.72;53.83;;;
37.157199;-3.493279;985;0;-7;2553;2195;132.74;53.81;;;
37.157312;-3.493103;983;0;-7;2553;2195;132.76;53.79;;;
37.157453;-3.492964;981;0;-7;2553;2195;132.78;53.77;;;
37.157789;-3.492828;978;0;-7;2553;2195;132.82;53.73;;;
37.157961;-3.492880;977;0;-6;2553;2195;132.84;53.71;;;
37.158241;-3.493159;975;0;-6;2553;2195;132.88;53.67;;;
37.158362;-3.493325;974;0;-5;2553;2195;132.9;53.65;;;
37.158507;-3.493734;972;0;-5;2553;2195;132.94;53.61;;;
37.158518;-3.493959;971;0;-6;2553;2195;132.96;53.59;;;
37.158411;-3.494389;969;0;-7;2553;2195;133;53.55;;;
37.158286;-3.494812;966;0;-7;2553;2195;133.04;53.51;;;
37.158240;-3.495030;964;0;-7;2553;2195;133.06;53.49;;;
37.158001;-3.495334;961;0;-6;2553;2195;133.1;53.45;;;
37.157827;-3.495384;960;0;-6;2553;2195;133.12;53.43;;;
37.157468;-3.495414;959;0;-5;2553;2195;133.16;53.39;;;
37.157291;-3.495444;957;0;-5;2553;2195;133.18;53.37;;;
37.156981;-3.495657;955;0;-6;2553;2195;133.22;53.33;;;
37.156849;-3.495811;954;0;-7;2553;2195;133.24;53.31;;;
37.156727;-3.495974;953;0;-7;2553;2195;133.26;53.29;;;
37.156655;-3.496178;951;0;-7;2553;2195;133.28;53.27;;;
37.156853;-3.496500;948;0;-7;2553;2195;133.32;53.23;;;
37.157031;-3.496522;947;0;-7;2553;2195;133.34;53.21;;;
37.157384;-3.496586;944;0;-6;2553;2195;133.38;53.17;;;
37.157544;-3.496688;943;0;-5;2553;2195;133.4;53.15;;;
37.157853;-3.496913;941;0;-6;2553;2195;133.44;53.11;;;
37.158028;-3.496957;940;0;-6;2553;2195;133.46;53.09;;;
37.158377;-3.497031;938;0;-6;2553;2195;133.5;53.05;;;
37.158508;-3.497407;934;0;-6;2553;2195;133.54;53.01;;;
37.158397;-3.497583;933;0;-7;2553;2195;133.56;52.99;;;
37.158133;-3.497889;931;0;-6;2553;2195;133.6;52.95;;;
37.158000;-3.498042;930;0;-6;2553;2195;133.62;52.93;;;
37.157735;-3.498348;928;0;-6;2553;2195;133.66;52.89;;;
37.157650;-3.498543;926;0;-7;2553;2195;133.68;52.87;;;
37.157602;-3.498988;923;0;-7;2553;2195;133.72;52.83;;;
37.157583;-3.499213;922;0;-7;2553;2195;133.74;52.81;;;
37.157563;-3.499437;921;0;-10;2553;2195;133.76;52.79;;;
37.157565;-3.499662;919;0;-10;2553;2195;133.78;52.77;;;
37.157693;-3.500072;916;0;-10;2553;2195;133.82;52.73;;;
37.157844;-3.500187;910;0;-10;2553;2195;133.84;52.71;;;
37.158190;-3.500311;907;0;-10;2553;2195;133.88;52.67;;;
37.158361;-3.500381;906;0;-8;2553;2195;133.9;52.65;;;
37.158657;-3.500627;903;0;-7;2553;2195;133.94;52.61;;;
37.158787;-3.500783;901;0;-6;2553;2195;133.96;52.59;;;
37.159048;-3.501094;900;0;-7;2553;2195;134;52.55;;;
37.159343;-3.501344;897;0;-6;2553;2195;134.04;52.51;;;
37.159518;-3.501360;895;0;-7;2553;2195;134.06;52.49;;;
37.159765;-3.501053;892;0;-7;2553;2195;134.1;52.45;;;
37.159856;-3.500858;891;0;-6;2553;2195;134.12;52.43;;;
37.160079;-3.500512;888;0;-6;2553;2195;134.16;52.39;;;
37.160228;-3.500386;887;0;-7;2553;2195;134.18;52.37;;;
37.160442;-3.500041;885;0;-8;2553;2195;134.22;52.33;;;
37.160479;-3.499820;883;0;-7;2553;2195;134.24;52.31;;;
37.160511;-3.499598;881;0;-8;2553;2195;134.26;52.29;;;
37.160528;-3.499374;879;0;-8;2553;2195;134.28;52.27;;;
37.160395;-3.498961;877;0;-7;2553;2195;134.32;52.23;;;
37.160319;-3.498756;875;0;-7;2553;2195;134.34;52.21;;;
37.160251;-3.498322;872;0;-6;2553;2195;134.38;52.17;;;
37.160255;-3.498096;871;0;-6;2553;2195;134.4;52.15;;;
37.160306;-3.497651;869;0;-5;2553;2195;134.44;52.11;;;
37.160372;-3.497443;868;0;-5;2553;2195;134.46;52.09;;;
37.160534;-3.497040;866;0;-5;2553;2195;134.5;52.05;;;
37.160695;-3.496636;864;0;-6;2553;2195;134.54;52.01;;;
37.160760;-3.496426;863;0;-7;2553;2195;134.56;51.99;;;
37.160890;-3.496005;861;0;-8;2553;2195;134.6;51.95;;;
37.160978;-3.495814;858;0;-8;2553;2195;134.62;51.93;;;
37.161305;-3.495694;854;0;-9;2553;2195;134.66;51.89;;;
37.161483;-3.495724;853;0;-10;2553;2195;134.68;51.87;;;
37.161763;-3.495508;849;0;-8;2553;2195;134.72;51.83;;;
37.161761;-3.495288;847;0;-9;2553;2195;134.74;51.81;;;
37.161661;-3.495105;846;0;-9;2553;2195;134.76;51.79;;;
37.161522;-3.494964;844;0;-9;2553;2195;134.78;51.77;;;
37.161365;-3.494598;841;0;-9;2553;2195;134.82;51.73;;;
37.161432;-3.494390;839;0;-9;2553;2195;134.84;51.71;;;
37.161755;-3.494363;834;0;-9;2553;2195;134.88;51.67;;;
37.161837;-3.494562;833;0;-9;2553;2195;134.9;51.65;;;
37.161973;-3.494966;830;0;-9;2553;2195;134.94;51.61;;;
37.162112;-3.495108;828;0;-8;2553;2195;134.96;51.59;;;
37.162336;-3.495434;824;0;-9;2553;2195;135;51.55;;;
37.162429;-3.495870;821;0;-9;2553;2195;135.04;51.51;;;
37.162527;-3.496060;819;0;-8;2553;2195;135.06;51.49;;;
37.162709;-3.496448;816;0;-8;2553;2195;135.1;51.45;;;
37.162773;-3.496658;814;0;-8;2553;2195;135.12;51.43;;;
37.162814;-3.497103;811;0;-7;2553;2195;135.16;51.39;;;
37.162809;-3.497329;810;0;-7;2553;2195;135.18;51.37;;;
37.162756;-3.497775;807;0;-8;2553;2195;135.22;51.33;;;
37.162712;-3.497993;805;0;-8;2553;2195;135.24;51.31;;;
37.162663;-3.498211;804;0;-7;2553;2195;135.26;51.29;;;
37.162640;-3.498433;802;0;-7;2553;2195;135.28;51.27;;;
37.162614;-3.498883;799;0;-7;2553;2195;135.32;51.23;;;
37.162563;-3.499100;798;0;-7;2553;2195;135.34;51.21;;;
37.162514;-3.499538;795;0;-6;2553;2195;135.38;51.17;;;
37.162532;-3.499762;794;0;-6;2553;2195;135.4;51.15;;;
37.162581;-3.500209;792;0;-6;2553;2195;135.44;51.11;;;
37.162607;-3.500433;791;0;-6;2553;2195;135.46;51.09;;;
37.162659;-3.500879;790;0;-6;2553;2195;135.5;51.05;;;
37.162719;-3.501324;786;0;-8;2553;2195;135.54;51.01;;;
37.162753;-3.501546;784;0;-9;2553;2195;135.56;50.99;;;
37.162821;-3.501989;782;0;-9;2553;2195;135.6;50.95;;;
37.162854;-3.502210;779;0;-9;2553;2195;135.62;50.93;;;
37.162781;-3.502643;774;0;-8;2553;2195;135.66;50.89;;;
37.162692;-3.502839;773;0;-7;2553;2195;135.68;50.87;;;
37.162488;-3.503209;771;0;-4;2553;2195;135.72;50.83;;;
37.162367;-3.503376;771;0;-3;2553;2195;135.74;50.81;;;
37.162246;-3.503533;771;0;-2;2553;2195;135.76;50.79;;;
37.162131;-3.503705;770;0;-1;2553;2195;135.78;50.77;;;
37.161932;-3.504081;770;0;-1;2553;2195;135.82;50.73;42;;
37.161844;-3.504276;770;0;-1;2553;2195;135.84;50.71;;;
37.161749;-3.504711;769;0;-1;2553;2195;135.88;50.67;;;
37.161723;-3.504934;769;0;-1;2553;2195;135.9;50.65;;;
37.161634;-3.505372;769;0;0;2553;2195;135.94;50.61;;;
37.161590;-3.505590;769;0;0;2553;2195;135.96;50.59;;;
37.161501;-3.506028;769;0;0;2553;2195;136;50.55;;;
37.161485;-3.506475;769;0;1;2553;2195;136.04;50.51;;;
37.161498;-3.506699;769;0;1;2553;2195;136.06;50.49;;;
37.161639;-3.507112;769;0;2;2553;2195;136.1;50.45;;;
37.161761;-3.507278;770;0;2;2554;2194;136.12;50.43;;;
37.162020;-3.507590;771;0;4;2555;2193;136.16;50.39;;;
37.162154;-3.507740;771;0;4;2555;2193;136.18;50.37;;;
37.162417;-3.508008;775;0;5;2559;2189;136.22;50.33;;;
37.162555;-3.507863;775;0;5;2559;2189;136.24;50.31;;;
37.162692;-3.507718;776;0;5;2560;2188;136.26;50.29;;;
37.162827;-3.507568;777;0;5;2561;2187;136.28;50.27;;;
37.163085;-3.507254;778;0;4;2562;2186;136.32;50.23;;;
37.163208;-3.507091;779;0;3;2563;2185;136.34;50.21;;;
37.163272;-3.506651;781;0;3;2564;2184;136.38;50.17;;;
37.163284;-3.506425;781;0;3;2565;2183;136.4;50.15;;;
37.163307;-3.505975;782;0;3;2566;2182;136.44;50.11;;;
37.163318;-3.505750;783;0;3;2567;2181;136.46;50.09;;;
37.163387;-3.505307;784;0;4;2568;2180;136.5;50.05;;;
37.163532;-3.504896;786;0;4;2570;2178;136.54;50.01;;;
37.163620;-3.504699;787;0;4;2571;2177;136.56;49.99;;;
37.163794;-3.504305;788;0;4;2572;2176;136.6;49.95;;;
37.163881;-3.504107;789;0;3;2573;2175;136.62;49.93;;;
37.164031;-3.503698;790;0;3;2574;2174;136.66;49.89;;;
37.164085;-3.503483;791;0;3;2575;2173;136.68;49.87;;;
37.164201;-3.503059;792;0;4;2576;2172;136.72;49.83;;;
37.164335;-3.502920;793;0;4;2577;2171;136.74;49.81;;;
37.164500;-3.502834;794;0;4;2578;2170;136.76;49.79;;;
37.164583;-3.502640;795;0;5;2579;2169;136.78;49.77;;;
37.164468;-3.502218;796;0;4;2580;2168;136.82;49.73;;;
37.164446;-3.501997;797;0;4;2581;2167;136.84;49.71;;;
37.164438;-3.501546;799;0;3;2583;2165;136.88;49.67;;;
37.164409;-3.501323;800;0;3;2583;2165;136.9;49.65;;;
37.164298;-3.500895;800;0;3;2584;2164;136.94;49.61;;;
37.164257;-3.500676;801;0;3;2585;2163;136.96;49.59;;;
37.164226;-3.500229;802;0;3;2586;2162;137;49.55;;;
37.164354;-3.499809;804;0;3;2588;2160;137.04;49.51;;;
37.164421;-3.499600;804;0;3;2588;2160;137.06;49.49;;;
37.164498;-3.499159;805;0;4;2589;2159;137.1;49.45;;;
37.164558;-3.498949;806;0;4;2590;2158;137.12;49.43;;;
37.164754;-3.498575;808;0;4;2592;2156;137.16;49.39;;;
37.164810;-3.498361;809;0;4;2593;2155;137.18;49.37;;;
37.164967;-3.497961;811;0;4;2595;2153;137.22;49.33;;;
37.165089;-3.497795;811;0;3;2595;2153;137.24;49.31;;;
37.165179;-3.497604;812;0;3;2596;2152;137.26;49.29;;;
37.165173;-3.497382;813;0;3;2597;2151;137.28;49.27;;;
37.164959;-3.497027;814;0;3;2598;2150;137.32;49.23;;;
37.164835;-3.496863;814;0;3;2598;2150;137.34;49.21;;;
37.164648;-3.496481;815;0;2;2599;2149;137.38;49.17;;;
37.164576;-3.496275;816;0;3;2600;2148;137.4;49.15;;;
37.164366;-3.495911;816;0;3;2600;2148;137.44;49.11;;;
37.164242;-3.495748;817;0;3;2601;2147;137.46;49.09;;;
37.164118;-3.495337;819;0;4;2603;2145;137.5;49.05;;;
37.164231;-3.494913;820;0;4;2604;2144;137.54;49.01;;;
37.164277;-3.494696;821;0;4;2605;2143;137.56;48.99;;;
37.164249;-3.494249;822;0;3;2606;2142;137.6;48.95;;;
37.164225;-3.494026;823;0;3;2607;2141;137.62;48.93;;;
37.164052;-3.493657;824;0;3;2608;2140;137.66;48.89;;;
37.163908;-3.493522;825;0;4;2609;2139;137.68;48.87;;;
37.163621;-3.493250;826;0;4;2610;2138;137.72;48.83;;;
37.163477;-3.493114;827;0;5;2611;2137;137.74;48.81;;;
37.163365;-3.492943;828;0;5;2612;2136;137.76;48.79;;;
37.163341;-3.492724;830;0;5;2614;2134;137.78;48.77;;;
37.163434;-3.492288;831;0;6;2615;2133;137.82;48.73;;;
37.163481;-3.492070;832;0;5;2616;2132;137.84;48.71;;;
37.163523;-3.491634;835;0;5;2619;2129;137.88;48.67;;;
37.163427;-3.491450;836;0;5;2620;2128;137.9;48.65;;;
37.163130;-3.491194;838;0;5;2621;2127;137.94;48.61;;;
37.162982;-3.491067;839;0;5;2623;2125;137.96;48.59;;;
37.162702;-3.490792;841;0;6;2625;2123;138;48.55;;;
37.162594;-3.490368;842;0;6;2626;2122;138.04;48.51;;;
37.162559;-3.490147;844;0;6;2628;2120;138.06;48.49;;;
37.162250;-3.489989;847;0;6;2631;2117;138.1;48.45;;;
37.162073;-3.490022;848;0;7;2632;2116;138.12;48.43;;;
37.161733;-3.490165;850;0;7;2634;2114;138.16;48.39;;;
37.161573;-3.490262;851;0;8;2635;2113;138.18;48.37;;;
37.161263;-3.490114;855;0;9;2639;2109;138.22;48.33;;;
37.161252;-3.489901;858;0;9;2642;2106;138.24;48.31;;;
37.161377;-3.489748;860;0;9;2644;2104;138.26;48.29;;;
37.161552;-3.489729;862;0;9;2646;2102;138.28;48.27;;;
37.161910;-3.489739;867;0;9;2651;2097;138.32;48.23;;;
37.162078;-3.489667;868;0;9;2652;2096;138.34;48.21;;;
37.162413;-3.489515;870;0;9;2654;2094;138.38;48.17;;;
37.162593;-3.489499;872;0;9;2656;2092;138.4;48.15;;;
37.162927;-3.489377;876;0;9;2660;2088;138.44;48.11;;;
37.163010;-3.489180;879;0;9;2663;2085;138.46;48.09;;;
37.162925;-3.488772;885;0;9;2669;2079;138.5;48.05;;;
37.162605;-3.488633;890;0;9;2674;2074;138.54;48.01;;;
37.162446;-3.488739;891;0;9;2675;2073;138.56;47.99;;;
37.162120;-3.488904;895;0;9;2679;2069;138.6;47.95;;;
37.161965;-3.488799;897;0;9;2681;2067;138.62;47.93;;;
37.161828;-3.488407;903;0;9;2687;2061;138.66;47.89;;;
37.161877;-3.488193;905;0;9;2689;2059;138.68;47.87;;;
37.162189;-3.487983;910;0;9;2694;2054;138.72;47.83;;;
37.162351;-3.487888;914;0;9;2698;2050;138.74;47.81;;;
37.162489;-3.487750;915;0;9;2699;2049;138.76;47.79;;;
37.162590;-3.487563;917;0;9;2701;2047;138.78;47.77;;;
37.162578;-3.487122;921;0;9;2705;2043;138.82;47.73;;;
37.162518;-3.486909;922;0;9;2706;2042;138.84;47.71;;;
37.162377;-3.486494;925;0;8;2709;2039;138.88;47.67;;;
37.162338;-3.486274;928;0;7;2712;2036;138.9;47.65;;;
37.162352;-3.485824;930;0;9;2714;2034;138.94;47.61;;;
37.162394;-3.485606;932;0;9;2716;2032;138.96;47.59;;;
37.162578;-3.485221;935;0;8;2719;2029;139;47.55;;;
37.162805;-3.484871;940;0;8;2724;2024;139.04;47.51;;;
37.162923;-3.484701;941;0;8;2725;2023;139.06;47.49;;;
37.163154;-3.484355;943;0;6;2727;2021;139.1;47.45;;;
37.163255;-3.484170;944;0;6;2728;2020;139.12;47.43;;;
37.163364;-3.483742;947;0;8;2730;2018;139.16;47.39;;;
37.163399;-3.483521;949;0;8;2733;2015;139.18;47.37;;;
37.163422;-3.483072;952;0;8;2736;2012;139.22;47.33;;;
37.163357;-3.482867;954;0;8;2738;2010;139.24;47.31;;;
37.163211;-3.482735;956;0;9;2740;2008;139.26;47.29;;;
37.163039;-3.482672;957;0;9;2741;2007;139.28;47.27;;;
37.162685;-3.482590;959;0;7;2743;2005;139.32;47.23;;;
37.162520;-3.482501;963;0;7;2747;2001;139.34;47.21;;;
37.162250;-3.482207;965;0;7;2749;1999;139.38;47.17;;;
37.162129;-3.482041;966;0;6;2750;1998;139.4;47.15;;;
37.161825;-3.481799;968;0;5;2752;1996;139.44;47.11;;;
37.161708;-3.481633;969;0;4;2753;1995;139.46;47.09;;;
37.161523;-3.481245;971;0;4;2755;1993;139.5;47.05;;;
37.161307;-3.480887;972;0;3;2756;1992;139.54;47.01;;;
37.161219;-3.480694;972;0;3;2756;1992;139.56;46.99;;;
37.161225;-3.480253;974;0;2;2758;1990;139.6;46.95;;;
37.161321;-3.480064;974;0;2;2758;1990;139.62;46.93;;;
37.161420;-3.479643;975;0;1;2759;1989;139.66;46.89;;;
37.161397;-3.479419;975;0;1;2759;1989;139.68;46.87;;;
37.161460;-3.478989;975;0;1;2759;1989;139.72;46.83;;;
37.161554;-3.478797;975;0;1;2759;1989;139.74;46.81;;;
37.161649;-3.478605;976;0;0;2760;1988;139.76;46.79;;;
37.161708;-3.478393;976;0;0;2760;1988;139.78;46.77;;;
37.161627;-3.477963;976;0;0;2760;1988;139.82;46.73;;;
37.161593;-3.477744;975;0;0;2760;1988;139.84;46.71;;;
37.161617;-3.477295;975;0;-1;2760;1988;139.88;46.67;;;
37.161596;-3.477079;975;0;-1;2760;1988;139.9;46.65;;;
37.161343;-3.476781;975;0;-1;2760;1988;139.94;46.61;;;
37.161182;-3.476680;975;0;-1;2760;1988;139.96;46.59;;;
37.160888;-3.476431;974;0;-1;2760;1988;140;46.55;;;
37.160720;-3.476034;974;0;-1;2760;1988;140.04;46.51;;;
37.160655;-3.475823;974;0;-1;2760;1988;140.06;46.49;;;
37.160605;-3.475386;974;0;-1;2760;1988;140.1;46.45;;;
37.160627;-3.475162;974;0;-1;2760;1988;140.12;46.43;;;
37.160483;-3.474773;973;0;-1;2760;1988;140.16;46.39;;;
37.160321;-3.474673;973;0;-1;2760;1988;140.18;46.37;;;
37.160050;-3.474402;973;0;0;2760;1988;140.22;46.33;;;
37.159977;-3.474197;973;0;0;2760;1988;140.24;46.31;;;
37.159931;-3.473979;973;0;0;2760;1988;140.26;46.29;;;
37.159873;-3.473766;973;0;0;2760;1988;140.28;46.27;;;
37.159710;-3.473364;973;0;1;2760;1988;140.32;46.23;;;
37.159635;-3.473159;973;0;1;2760;1988;140.34;46.21;;;
37.159573;-3.472722;973;0;2;2761;1987;140.38;46.17;;;
37.159591;-3.472497;974;0;3;2761;1987;140.4;46.15;;;
37.159650;-3.472053;975;0;4;2762;1986;140.44;46.11;;;
37.159698;-3.471837;976;0;4;2763;1985;140.46;46.09;;;
37.159858;-3.471432;978;0;4;2765;1983;140.5;46.05;;;
37.160034;-3.471038;979;0;4;2766;1982;140.54;46.01;;;
37.160121;-3.470841;980;0;4;2767;1981;140.56;45.99;;;
37.160295;-3.470446;981;0;4;2768;1980;140.6;45.95;;;
37.160390;-3.470255;982;0;5;2770;1978;140.62;45.93;;;
37.160642;-3.469940;983;0;5;2771;1977;140.66;45.89;;;
37.160787;-3.469806;985;0;5;2773;1975;140.68;45.87;;;
37.161088;-3.469559;987;0;6;2775;1973;140.72;45.83;;;
37.161238;-3.469435;988;0;6;2776;1972;140.74;45.81;;;
37.161382;-3.469300;990;0;5;2777;1971;140.76;45.79;;;
37.161515;-3.469149;991;0;5;2778;1970;140.78;45.77;;;
37.161702;-3.468766;992;0;6;2780;1968;140.82;45.73;;;
37.161778;-3.468562;993;0;5;2781;1967;140.84;45.71;;;
37.162032;-3.468247;996;0;5;2784;1964;140.88;45.67;;;
37.162170;-3.468102;997;0;6;2785;1963;140.9;45.65;;;
37.162466;-3.467848;999;0;6;2787;1961;140.94;45.61;;;
37.162623;-3.467737;1000;0;6;2788;1960;140.96;45.59;;;
37.162935;-3.467513;1003;0;8;2791;1957;141;45.55;;;
37.163192;-3.467211;1007;0;8;2794;1954;141.04;45.51;;;
37.163221;-3.466995;1009;0;7;2796;1952;141.06;45.49;;;
37.163088;-3.466592;1012;0;7;2799;1949;141.1;45.45;;;
37.162941;-3.466462;1013;0;6;2800;1948;141.12;45.43;;;
37.162650;-3.466197;1015;0;6;2802;1946;141.16;45.39;;;
37.162515;-3.466048;1016;0;6;2803;1945;141.18;45.37;;;
37.162188;-3.465867;1018;0;7;2805;1943;141.22;45.33;;;
37.162022;-3.465781;1020;0;7;2807;1941;141.24;45.31;;;
37.161877;-3.465649;1022;0;7;2809;1939;141.26;45.29;;;
37.161767;-3.465472;1023;0;8;2811;1937;141.28;45.27;;;
37.161644;-3.465056;1026;0;7;2813;1935;141.32;45.23;;;
37.161635;-3.464831;1027;0;6;2814;1934;141.34;45.21;;;
37.161643;-3.464380;1030;0;6;2817;1931;141.38;45.17;;;
37.161653;-3.464155;1031;0;5;2818;1930;141.4;45.15;;;
37.161674;-3.463704;1033;0;5;2820;1928;141.44;45.11;;;
37.161718;-3.463488;1034;0;5;2821;1927;141.46;45.09;;;
37.161880;-3.463089;1036;0;5;2824;1924;141.5;45.05;;;
37.162109;-3.462743;1038;0;5;2826;1922;141.54;45.01;;;
37.162202;-3.462550;1039;0;6;2827;1921;141.56;44.99;;;
37.162340;-3.462135;1041;0;5;2829;1919;141.6;44.95;;;
37.162366;-3.461913;1043;0;6;2830;1918;141.62;44.93;;;
37.162319;-3.461466;1045;0;6;2832;1916;141.66;44.89;;;
37.162232;-3.461269;1046;0;6;2834;1914;141.68;44.87;;;
37.161967;-3.460972;1049;0;6;2836;1912;141.72;44.83;;;
37.161808;-3.460871;1050;0;7;2837;1911;141.74;44.81;;;
37.161634;-3.460816;1051;0;7;2838;1910;141.76;44.79;;;
37.161456;-3.460779;1052;0;7;2839;1909;141.78;44.77;;;
37.161126;-3.460625;1056;0;6;2843;1905;141.82;44.73;;;
37.161035;-3.460433;1057;0;6;2845;1903;141.84;44.71;;;
37.160925;-3.460006;1059;0;7;2847;1901;141.88;44.67;;;
37.160930;-3.459782;1060;0;6;2848;1900;141.9;44.65;;;
37.161008;-3.459342;1063;0;6;2850;1898;141.94;44.61;;;
37.161065;-3.459128;1065;0;6;2853;1895;141.96;44.59;;;
37.161182;-3.458701;1067;0;6;2854;1894;142;44.55;;;
37.161301;-3.458277;1069;0;4;2856;1892;142.04;44.51;;;
37.161271;-3.458060;1070;0;5;2857;1891;142.06;44.49;;;
37.161102;-3.457662;1071;0;4;2859;1889;142.1;44.45;;;
37.161017;-3.457464;1072;0;4;2860;1888;142.12;44.43;;;
37.160972;-3.457016;1074;0;3;2861;1887;142.16;44.39;;;
37.160942;-3.456794;1074;0;3;2862;1886;142.18;44.37;;;
37.160869;-3.456352;1075;0;3;2863;1885;142.22;44.33;;;
37.160832;-3.456131;1076;0;3;2863;1885;142.24;44.31;;;
37.160796;-3.455910;1076;0;3;2864;1884;142.26;44.29;;;
37.160760;-3.455689;1077;0;3;2864;1884;142.28;44.27;;;
37.160779;-3.455242;1078;0;3;2866;1882;142.32;44.23;;;
37.160808;-3.455019;1079;0;3;2866;1882;142.34;44.21;;;
37.160865;-3.454573;1080;0;2;2867;1881;142.38;44.17;;;
37.160887;-3.454350;1080;0;2;2868;1880;142.4;44.15;;;
37.160865;-3.453900;1081;0;1;2868;1880;142.44;44.11;;;
37.160839;-3.453677;1081;0;1;2868;1880;142.46;44.09;;;
37.160884;-3.453236;1081;0;1;2869;1879;142.5;44.05;;;
37.161010;-3.452813;1081;0;0;2869;1879;142.54;44.01;;;
37.161072;-3.452601;1082;0;0;2869;1879;142.56;43.99;;;
37.161014;-3.452187;1082;0;0;2869;1879;142.6;43.95;;;
37.160868;-3.452067;1081;0;0;2869;1879;142.62;43.93;;;
37.160533;-3.451905;1081;0;-1;2869;1879;142.66;43.89;;;
37.160362;-3.451834;1081;0;-1;2869;1879;142.68;43.87;;;
37.160071;-3.451582;1081;0;-1;2869;1879;142.72;43.83;;;
37.159968;-3.451398;1080;0;-1;2869;1879;142.74;43.81;;;
37.159890;-3.451194;1080;0;-1;2869;1879;142.76;43.79;;;
37.159792;-3.451012;1080;0;-1;2869;1879;142.78;43.77;;;
37.159489;-3.450769;1080;0;-2;2869;1879;142.82;43.73;;;
37.159347;-3.450633;1079;0;-2;2869;1879;142.84;43.71;;;
37.159328;-3.450203;1078;0;-2;2869;1879;142.88;43.67;;;
37.159300;-3.449987;1078;0;-2;2869;1879;142.9;43.65;;;
37.159073;-3.449642;1077;0;-2;2869;1879;142.94;43.61;;;
37.158995;-3.449442;1077;0;-2;2869;1879;142.96;43.59;;;
37.158974;-3.448994;1076;0;-2;2869;1879;143;43.55;;;
37.158985;-3.448543;1076;0;-1;2869;1879;143.04;43.51;;;
37.158998;-3.448318;1075;0;-1;2869;1879;143.06;43.49;;;
37.159068;-3.447876;1075;0;-1;2869;1879;143.1;43.45;;;
37.159102;-3.447654;1075;0;-1;2869;1879;143.12;43.43;;;
37.158864;-3.447408;1074;0;-1;2869;1879;143.16;43.39;;;
37.158684;-3.447408;1074;0;-1;2869;1879;143.18;43.37;;;
37.158327;-3.447386;1074;0;-1;2869;1879;143.22;43.33;;;
37.158149;-3.447417;1074;0;-1;2869;1879;143.24;43.31;;;
37.157975;-3.447474;1073;0;-1;2869;1879;143.26;43.29;;;
37.157801;-3.447531;1073;0;-1;2869;1879;143.28;43.27;;;
37.157551;-3.447307;1073;0;-1;2869;1879;143.32;43.23;;;
37.157490;-3.447094;1073;0;-1;2869;1879;143.34;43.21;;;
37.157307;-3.446721;1072;0;0;2869;1879;143.38;43.17;;;
37.157161;-3.446590;1072;0;-1;2869;1879;143.4;43.15;;;
37.156981;-3.446238;1072;0;-1;2869;1879;143.44;43.11;;;
37.156987;-3.446012;1072;0;-1;2869;1879;143.46;43.09;;;
37.156844;-3.445604;1072;0;-1;2869;1879;143.5;43.05;;;
37.156836;-3.445184;1071;0;-1;2869;1879;143.54;43.01;;;
37.156950;-3.445010;1071;0;-1;2869;1879;143.56;42.99;;;
37.157194;-3.444679;1071;0;-1;2869;1879;143.6;42.95;;;
37.157328;-3.444528;1070;0;-1;2869;1879;143.62;42.93;;;
37.157603;-3.444240;1070;0;-1;2869;1879;143.66;42.89;;;
37.157760;-3.444130;1070;0;-1;2869;1879;143.68;42.87;;;
37.158083;-3.443934;1069;0;-1;2869;1879;143.72;42.83;;;
37.158224;-3.443794;1069;0;-2;2869;1879;143.74;42.81;;;
37.158364;-3.443652;1068;0;-2;2869;1879;143.76;42.79;;;
37.158490;-3.443492;1068;0;-2;2869;1879;143.78;42.77;;;
37.158739;-3.443166;1068;0;-2;2869;1879;143.82;42.73;;;
37.158864;-3.443003;1067;0;-1;2869;1879;143.84;42.71;;;
37.159001;-3.442605;1067;0;-1;2869;1879;143.88;42.67;;;
37.159007;-3.442380;1066;0;-1;2869;1879;143.9;42.65;;;
37.158994;-3.441929;1066;0;-1;2869;1879;143.94;42.61;;;
37.158988;-3.441703;1066;0;-1;2869;1879;143.96;42.59;;;
37.158961;-3.441254;1065;0;-1;2869;1879;144;42.55;43;sprint;
37.158855;-3.440827;1065;0;-1;2869;1879;144.04;42.51;;;
37.158781;-3.440621;1065;0;-1;2869;1879;144.06;42.49;;;
37.158618;-3.440219;1064;0;-1;2869;1879;144.1;42.45;;;
37.158520;-3.440030;1064;0;-1;2869;1879;144.12;42.43;;;
37.158418;-3.439602;1064;0;-1;2869;1879;144.16;42.39;;;
37.158489;-3.439404;1064;0;0;2869;1879;144.18;42.37;;;
37.158615;-3.438999;1064;0;0;2869;1879;144.22;42.33;;;
37.158590;-3.438777;1064;0;0;2869;1879;144.24;42.31;;;
37.158491;-3.438597;1064;0;1;2869;1879;144.26;42.29;;;
37.158360;-3.438443;1064;0;1;2869;1879;144.28;42.27;;;
37.158070;-3.438178;1064;0;2;2870;1878;144.32;42.23;;;
37.157965;-3.438019;1065;0;2;2870;1878;144.34;42.21;;;
37.157931;-3.437572;1066;0;3;2871;1877;144.38;42.17;;;
37.157903;-3.437349;1067;0;3;2872;1876;144.4;42.15;;;
37.157653;-3.437057;1068;0;4;2873;1875;144.44;42.11;;;
37.157474;-3.437048;1069;0;5;2874;1874;144.46;42.09;;;
37.157239;-3.436816;1072;0;5;2877;1871;144.5;42.05;;;
37.157323;-3.436379;1073;0;7;2879;1869;144.54;42.01;;;
37.157434;-3.436204;1075;0;7;2880;1868;144.56;41.99;;;
37.157760;-3.436012;1077;0;9;2882;1866;144.6;41.95;;;
37.157898;-3.435873;1080;0;9;2885;1863;144.62;41.93;;;
37.157878;-3.435430;1084;0;9;2889;1859;144.66;41.89;;;
37.157769;-3.435258;1086;0;9;2892;1856;144.68;41.87;;;
37.157636;-3.434841;1088;0;8;2894;1854;144.72;41.83;;;
37.157588;-3.434624;1091;0;7;2896;1852;144.74;41.81;;;
37.157547;-3.434405;1092;0;6;2897;1851;144.76;41.79;;;
37.157530;-3.434181;1093;0;7;2899;1849;144.78;41.77;;;
37.157396;-3.433762;1096;0;6;2901;1847;144.82;41.73;;;
37.157310;-3.433564;1097;0;6;2902;1846;144.84;41.71;;;
37.157243;-3.433121;1099;0;7;2905;1843;144.88;41.67;;;
37.157220;-3.432898;1100;0;6;2906;1842;144.9;41.65;;;
37.157275;-3.432490;1104;0;6;2909;1839;144.94;41.61;;;
37.157140;-3.432343;1105;0;6;2910;1838;144.96;41.59;;;
37.156907;-3.432011;1107;0;6;2913;1835;145;41.55;;;
37.156741;-3.431614;1109;0;4;2915;1833;145.04;41.51;;;
37.156607;-3.431465;1110;0;4;2916;1832;145.06;41.49;;;
37.156305;-3.431219;1111;0;4;2917;1831;145.1;41.45;44;;
37.156154;-3.431096;1112;0;3;2917;1831;145.12;41.43;;;
37.155876;-3.430824;1113;0;3;2919;1829;145.16;41.39;;;
37.155786;-3.430629;1114;0;3;2919;1829;145.18;41.37;;;
37.155616;-3.430232;1115;0;3;2920;1828;145.22;41.33;;;
37.155531;-3.430033;1115;0;3;2921;1827;145.24;41.31;;;
37.155446;-3.429834;1116;0;3;2922;1826;145.26;41.29;;;
37.155357;-3.429638;1117;0;3;2923;1825;145.28;41.27;;;
37.155115;-3.429325;1118;0;2;2923;1825;145.32;41.23;;;
37.154940;-3.429274;1118;0;2;2924;1824;145.34;41.21;;;
37.154647;-3.429035;1119;0;1;2924;1824;145.38;41.17;;;
37.154543;-3.428851;1119;0;1;2924;1824;145.4;41.15;;;
37.154268;-3.428571;1119;0;0;2925;1823;145.44;41.11;;;
37.154123;-3.428441;1119;0;0;2925;1823;145.46;41.09;;;
37.153901;-3.428086;1119;0;-1;2925;1823;145.5;41.05;;;
37.153655;-3.427758;1118;0;-1;2925;1823;145.54;41.01;;;
37.153608;-3.427545;1118;0;-1;2925;1823;145.56;40.99;;;
37.153634;-3.427096;1118;0;-2;2925;1823;145.6;40.95;;;
37.153658;-3.426872;1117;0;-2;2925;1823;145.62;40.93;;;
37.153613;-3.426425;1116;0;-3;2925;1823;145.66;40.89;;;
37.153556;-3.426214;1115;0;-4;2925;1823;145.68;40.87;;;
37.153348;-3.425854;1114;0;-4;2925;1823;145.72;40.83;;;
37.153202;-3.425731;1113;0;-5;2925;1823;145.74;40.81;;;
37.153128;-3.425528;1111;0;-4;2925;1823;145.76;40.79;;;
37.153059;-3.425322;1111;0;-4;2925;1823;145.78;40.77;;;
37.152908;-3.424921;1109;0;-5;2925;1823;145.82;40.73;;;
37.152889;-3.424697;1108;0;-5;2925;1823;145.84;40.71;;;
37.152807;-3.424261;1107;0;-5;2925;1823;145.88;40.67;;;
37.152806;-3.424043;1105;0;-6;2925;1823;145.9;40.65;;;
37.152983;-3.423653;1103;0;-7;2925;1823;145.94;40.61;;;
37.153071;-3.423459;1101;0;-7;2925;1823;145.96;40.59;;;
37.152915;-3.423104;1098;0;-8;2925;1823;146;40.55;;;
37.152827;-3.422673;1094;0;-8;2925;1823;146.04;40.51;;;
37.152753;-3.422472;1092;0;-7;2925;1823;146.06;40.49;;;
37.152452;-3.422228;1090;0;-7;2925;1823;146.1;40.45;;;
37.152298;-3.422112;1089;0;-6;2925;1823;146.12;40.43;;;
37.151989;-3.421880;1087;0;-6;2925;1823;146.16;40.39;;;
37.151835;-3.421764;1085;0;-6;2925;1823;146.18;40.37;;;
37.151631;-3.421400;1083;0;-6;2925;1823;146.22;40.33;;;
37.151542;-3.421204;1082;0;-6;2925;1823;146.24;40.31;;;
37.151454;-3.421007;1081;0;-7;2925;1823;146.26;40.29;;;
37.151365;-3.420811;1079;0;-7;2925;1823;146.28;40.27;;;
37.151138;-3.420464;1077;0;-8;2925;1823;146.32;40.23;;;
37.151038;-3.420279;1074;0;-9;2925;1823;146.34;40.21;;;
37.150958;-3.419839;1070;0;-8;2925;1823;146.38;40.17;;;
37.150951;-3.419613;1069;0;-9;2925;1823;146.4;40.15;;;
37.151058;-3.419196;1066;0;-9;2925;1823;146.44;40.11;;;
37.151157;-3.419008;1065;0;-9;2925;1823;146.46;40.09;;;
37.151055;-3.418665;1060;0;-9;2925;1823;146.5;40.05;;;
37.150848;-3.418305;1056;0;-10;2925;1823;146.54;40.01;;;
37.150734;-3.418136;1055;0;-8;2925;1823;146.56;39.99;;;
37.150448;-3.417869;1052;0;-8;2925;1823;146.6;39.95;;;
37.150413;-3.417659;1050;0;-8;2925;1823;146.62;39.93;;;
37.150282;-3.417250;1047;0;-8;2925;1823;146.66;39.89;;;
37.150315;-3.417030;1045;0;-9;2925;1823;146.68;39.87;;;
37.150196;-3.416620;1042;0;-9;2925;1823;146.72;39.83;;;
37.150059;-3.416498;1040;0;-9;2925;1823;146.74;39.81;;;
37.150017;-3.416700;1037;0;-8;2925;1823;146.76;39.79;;;
37.150126;-3.416878;1036;0;-7;2925;1823;146.78;39.77;;;
37.149969;-3.416939;1033;0;-6;2925;1823;146.82;39.73;;;
37.149895;-3.416733;1032;0;-4;2925;1823;146.84;39.71;;;
37.149872;-3.416319;1031;0;-2;2925;1823;146.88;39.67;;;
37.149968;-3.416128;1031;0;-2;2925;1823;146.9;39.65;;;
37.150062;-3.415700;1030;0;-1;2925;1823;146.94;39.61;;;
37.150057;-3.415477;1030;0;-1;2925;1823;146.96;39.59;;;
37.149758;-3.415510;1030;0;0;2925;1823;147;39.55;;;
37.149563;-3.415889;1030;0;1;2925;1823;147.04;39.51;;;
37.149450;-3.416061;1030;0;1;2925;1823;147.06;39.49;;;
37.149132;-3.416218;1031;0;2;2926;1822;147.1;39.45;;;
37.148962;-3.416150;1031;0;2;2926;1822;147.12;39.43;;;
37.148650;-3.415926;1032;0;3;2927;1821;147.16;39.39;;;
37.148495;-3.415811;1033;0;3;2928;1820;147.18;39.37;;;
37.148191;-3.415573;1034;0;3;2929;1819;147.22;39.33;;;
37.148034;-3.415461;1035;0;3;2929;1819;147.24;39.31;;;
37.147878;-3.415348;1035;0;3;2930;1818;147.26;39.29;;;
37.147718;-3.415247;1036;0;3;2931;1817;147.28;39.27;;;
37.147406;-3.415024;1037;0;4;2932;1816;147.32;39.23;;;
37.147251;-3.414908;1037;0;4;2932;1816;147.34;39.21;;;
37.146943;-3.414675;1039;0;4;2934;1814;147.38;39.17;;;
37.146789;-3.414559;1040;0;4;2935;1813;147.4;39.15;;;
37.146481;-3.414326;1042;0;4;2937;1811;147.44;39.11;;;
37.146393;-3.414135;1043;0;4;2938;1810;147.46;39.09;;;
37.146236;-3.413729;1044;0;4;2939;1809;147.5;39.05;;;
37.146043;-3.413350;1046;0;3;2941;1807;147.54;39.01;;;
37.145918;-3.413188;1047;0;3;2942;1806;147.56;38.99;;;
37.145667;-3.412864;1048;0;3;2943;1805;147.6;38.95;45;;
37.145542;-3.412702;1048;0;4;2943;1805;147.62;38.93;;;
37.145313;-3.412355;1049;0;4;2944;1804;147.66;38.89;;;
37.145197;-3.412184;1051;0;4;2946;1802;147.68;38.87;;;
37.144880;-3.412011;1053;0;4;2948;1800;147.72;38.83;;;
37.144702;-3.412038;1054;0;4;2949;1799;147.74;38.81;;;
37.144531;-3.412106;1054;0;4;2949;1799;147.76;38.79;;;
37.144362;-3.412181;1055;0;3;2950;1798;147.78;38.77;;;
37.144006;-3.412172;1056;0;3;2951;1797;147.82;38.73;;;
37.143827;-3.412168;1057;0;4;2952;1796;147.84;38.71;;;
37.143467;-3.412175;1058;0;3;2953;1795;147.88;38.67;;;
37.143303;-3.412131;1059;0;3;2954;1794;147.9;38.65;;;
37.143163;-3.411719;1060;0;4;2955;1793;147.94;38.61;;;
37.143098;-3.411509;1061;0;5;2956;1792;147.96;38.59;;;
37.142842;-3.411195;1063;0;6;2958;1790;148;38.55;46;;
37.142612;-3.410854;1066;0;6;2961;1787;148.04;38.51;;;
37.142476;-3.410706;1068;0;6;2963;1785;148.06;38.49;;;
37.142286;-3.410329;1070;0;7;2965;1783;148.1;38.45;;;
37.142236;-3.410113;1070;0;5;2965;1783;148.12;38.43;;;
37.142043;-3.409768;1073;0;5;2968;1780;148.16;38.39;;;
37.142141;-3.409592;1074;0;5;2969;1779;148.18;38.37;;;
37.142377;-3.409252;1075;0;6;2970;1778;148.22;38.33;;;
37.142482;-3.409068;1076;0;6;2971;1777;148.24;38.31;;;
37.142538;-3.408857;1078;0;7;2973;1775;148.26;38.29;;;
37.142390;-3.408761;1080;0;7;2975;1773;148.28;38.27;;;
37.142079;-3.408549;1083;0;9;2978;1770;148.32;38.23;;;
37.142028;-3.408338;1085;0;9;2980;1768;148.34;38.21;;;
37.141925;-3.407923;1088;0;9;2983;1765;148.38;38.17;;;
37.141817;-3.407980;1091;0;9;2986;1762;148.4;38.15;;;
37.141951;-3.408397;1094;0;9;2989;1759;148.44;38.11;;;
37.141986;-3.408592;1098;0;9;2993;1755;148.46;38.09;;;
37.141798;-3.408238;1102;0;9;2997;1751;148.5;38.05;;;
37.141676;-3.407814;1106;0;9;3001;1747;148.54;38.01;;;
37.141570;-3.407641;1109;0;9;3004;1744;148.56;37.99;;;
37.141319;-3.407749;1117;0;9;3012;1736;148.6;37.95;;;
37.141179;-3.407609;1118;0;9;3013;1735;148.62;37.93;;;
37.140930;-3.407290;1123;0;9;3018;1730;148.66;37.89;;;
37.140852;-3.407088;1125;0;9;3020;1728;148.68;37.87;;;
37.140801;-3.406654;1129;0;9;3024;1724;148.72;37.83;;;
37.140674;-3.406496;1132;0;9;3027;1721;148.74;37.81;;;
37.140571;-3.406313;1134;0;9;3029;1719;148.76;37.79;;;
37.140488;-3.406113;1135;0;9;3030;1718;148.78;37.77;;;
37.140366;-3.405695;1141;0;9;3036;1712;148.82;37.73;;;
37.140264;-3.405509;1143;0;9;3038;1710;148.84;37.71;;;
37.140044;-3.405159;1148;0;9;3043;1705;148.88;37.67;;;
37.139984;-3.404946;1149;0;9;3044;1704;148.9;37.65;;;
37.139860;-3.404523;1152;0;8;3047;1701;148.94;37.61;;;
37.139790;-3.404315;1154;0;7;3049;1699;148.96;37.59;;;
37.139556;-3.403975;1156;0;8;3051;1697;149;37.55;;;
37.139309;-3.403647;1159;0;8;3054;1694;149.04;37.51;;;
37.139181;-3.403488;1161;0;9;3056;1692;149.06;37.49;;;
37.138992;-3.403115;1165;0;9;3060;1688;149.1;37.45;;;
37.138924;-3.402906;1167;0;9;3062;1686;149.12;37.43;;;
37.138660;-3.402739;1175;0;9;3070;1678;149.16;37.39;;;
37.138676;-3.402959;1179;0;9;3074;1674;149.18;37.37;;;
37.138798;-3.403383;1185;0;9;3080;1668;149.22;37.33;;;
37.138880;-3.403583;1188;0;9;3083;1665;149.24;37.31;;;
37.138966;-3.403782;1191;0;9;3086;1662;149.26;37.29;;;
37.139052;-3.403980;1192;0;9;3087;1661;149.28;37.27;;;
37.139231;-3.404370;1195;0;9;3090;1658;149.32;37.23;;;
37.139219;-3.404586;1199;0;9;3093;1655;149.34;37.21;;;
37.138973;-3.404893;1205;0;9;3100;1648;149.38;37.17;;;
37.138798;-3.404946;1207;0;9;3102;1646;149.4;37.15;;;
37.138698;-3.405315;1212;0;9;3107;1641;149.44;37.11;;;
37.138701;-3.405523;1215;0;9;3110;1638;149.46;37.09;;;
37.138485;-3.405834;1224;0;9;3119;1629;149.5;37.05;;;
37.138363;-3.405661;1231;0;9;3126;1622;149.54;37.01;;;
37.138326;-3.405440;1233;0;9;3128;1620;149.56;36.99;;;
37.138269;-3.404995;1237;0;9;3132;1616;149.6;36.95;;;
37.138300;-3.404773;1239;0;9;3134;1614;149.62;36.93;;;
37.138309;-3.404327;1244;0;9;3139;1609;149.66;36.89;;;
37.138257;-3.404115;1246;0;9;3141;1607;149.68;36.87;;;
37.138025;-3.403778;1251;0;9;3146;1602;149.72;36.83;;;
37.137887;-3.403634;1254;0;9;3149;1599;149.74;36.81;;;
37.137774;-3.403460;1256;0;9;3151;1597;149.76;36.79;;;
37.137677;-3.403270;1258;0;9;3153;1595;149.78;36.77;;;
37.137493;-3.402882;1262;0;9;3157;1591;149.82;36.73;;;
37.137408;-3.402683;1264;0;9;3159;1589;149.84;36.71;;;
37.137163;-3.402366;1270;0;9;3165;1583;149.88;36.67;;;
37.137011;-3.402245;1272;0;9;3166;1582;149.9;36.65;;;
37.136706;-3.402006;1276;0;9;3171;1577;149.94;36.61;;;
37.136550;-3.401896;1280;0;9;3175;1573;149.96;36.59;;;
37.136207;-3.401762;1285;0;9;3180;1568;150;36.55;;;
37.135850;-3.401735;1289;0;9;3184;1564;150.04;36.51;;;
37.135672;-3.401762;1291;0;9;3186;1562;150.06;36.49;;;
37.135351;-3.401632;1297;0;9;3192;1556;150.1;36.45;;;
37.135247;-3.401449;1299;0;9;3194;1554;150.12;36.43;;;
37.135111;-3.401039;1304;0;9;3198;1550;150.16;36.39;;;
37.135022;-3.400858;1307;0;9;3202;1546;150.18;36.37;;;
37.134686;-3.400702;1310;0;9;3205;1543;150.22;36.33;;;
37.134513;-3.400640;1312;0;9;3207;1541;150.24;36.31;;;
37.134339;-3.400588;1314;0;9;3209;1539;150.26;36.29;;;
37.134159;-3.400588;1316;0;9;3211;1537;150.28;36.27;;;
37.133844;-3.400804;1319;0;9;3214;1534;150.32;36.23;;;
37.133678;-3.400891;1321;0;9;3216;1532;150.34;36.21;;;
37.133330;-3.400995;1324;0;9;3219;1529;150.38;36.17;;;
37.133152;-3.401026;1326;0;9;3221;1527;150.4;36.15;;;
37.132839;-3.400820;1330;0;9;3225;1523;150.44;36.11;;;
37.132697;-3.400681;1333;0;9;3228;1520;150.46;36.09;;;
37.132570;-3.400282;1338;0;9;3233;1515;150.5;36.05;;;
37.132724;-3.399880;1342;0;9;3237;1511;150.54;36.01;;;
37.132785;-3.399668;1344;0;8;3239;1509;150.56;35.99;;;
37.132822;-3.399223;1346;0;8;3241;1507;150.6;35.95;;;
37.132825;-3.398997;1347;0;8;3242;1506;150.62;35.93;;;
37.132727;-3.398948;1351;0;9;3246;1502;150.66;35.89;;;
37.132586;-3.399083;1353;0;9;3248;1500;150.68;35.87;;;
37.132406;-3.399471;1358;0;9;3253;1495;150.72;35.83;;;
37.132298;-3.399651;1360;0;9;3255;1493;150.74;35.81;;;
37.132209;-3.399847;1361;0;9;3256;1492;150.76;35.79;;;
37.132100;-3.400023;1362;0;8;3257;1491;150.78;35.77;;;
37.131906;-3.400399;1366;0;9;3261;1487;150.82;35.73;;;
37.131766;-3.400538;1367;0;9;3262;1486;150.84;35.71;;;
37.131522;-3.400857;1370;0;8;3265;1483;150.88;35.67;;;
37.131564;-3.401043;1373;0;7;3268;1480;150.9;35.65;;;
37.131820;-3.401351;1375;0;7;3270;1478;150.94;35.61;;;
37.131915;-3.401542;1376;0;6;3271;1477;150.96;35.59;;;
37.132096;-3.401929;1378;0;5;3273;1475;151;35.55;;;
37.132384;-3.402192;1381;0;6;3276;1472;151.04;35.51;;;
37.132541;-3.402302;1382;0;6;3276;1472;151.06;35.49;;;
37.132853;-3.402522;1384;0;7;3279;1469;151.1;35.45;;;
37.133029;-3.402560;1385;0;7;3280;1468;151.12;35.43;;;
37.133358;-3.402709;1390;0;7;3285;1463;151.16;35.39;;;
37.133530;-3.402775;1391;0;7;3286;1462;151.18;35.37;;;
37.133779;-3.403098;1393;0;7;3288;1460;151.22;35.33;;;
37.133919;-3.403235;1394;0;7;3289;1459;151.24;35.31;;;
37.134083;-3.403314;1395;0;7;3290;1458;151.26;35.29;;;
37.134262;-3.403329;1397;0;7;3291;1457;151.28;35.27;;;
37.134585;-3.403486;1400;0;8;3295;1453;151.32;35.23;;;
37.134702;-3.403654;1401;0;8;3296;1452;151.34;35.21;;;
37.134681;-3.404071;1405;0;7;3300;1448;151.38;35.17;;;
37.134557;-3.404232;1406;0;7;3301;1447;151.4;35.15;;;
37.134216;-3.404344;1409;0;7;3304;1444;151.44;35.11;;;
37.134037;-3.404357;1410;0;7;3305;1443;151.46;35.09;;;
37.133886;-3.404739;1413;0;6;3308;1440;151.5;35.05;;;
37.133769;-3.405162;1415;0;6;3310;1438;151.54;35.01;;;
37.133773;-3.405387;1417;0;6;3312;1436;151.56;34.99;;;
37.133794;-3.405837;1419;0;6;3314;1434;151.6;34.95;;;
37.133827;-3.406057;1420;0;7;3315;1433;151.62;34.93;;;
37.133973;-3.406460;1423;0;7;3318;1430;151.66;34.89;;;
37.133947;-3.406683;1424;0;7;3319;1429;151.68;34.87;;;
37.133793;-3.407088;1427;0;9;3322;1426;151.72;34.83;;;
37.133704;-3.407284;1429;0;9;3324;1424;151.74;34.81;;;
37.133586;-3.407451;1431;0;9;3326;1422;151.76;34.79;;;
37.133445;-3.407592;1432;0;9;3327;1421;151.78;34.77;;;
37.133315;-3.407971;1437;0;8;3332;1416;151.82;34.73;;;
37.133360;-3.408189;1438;0;8;3333;1415;151.84;34.71;;;
37.133449;-3.408626;1440;0;7;3335;1413;151.88;34.67;;;
37.133471;-3.408850;1442;0;7;3337;1411;151.9;34.65;;;
37.133542;-3.409288;1446;0;8;3341;1407;151.94;34.61;;;
37.133644;-3.409474;1447;0;8;3342;1406;151.96;34.59;;;
37.133844;-3.409847;1450;0;8;3345;1403;152;34.55;;;
37.133977;-3.410266;1454;0;9;3349;1399;152.04;34.51;;;
37.134054;-3.410469;1456;0;9;3351;1397;152.06;34.49;;;
37.134036;-3.410899;1459;0;8;3354;1394;152.1;34.45;;;
37.133976;-3.411112;1461;0;8;3356;1392;152.12;34.43;;;
37.133919;-3.411556;1463;0;7;3358;1390;152.16;34.39;;;
37.133903;-3.411781;1465;0;7;3359;1389;152.18;34.37;;;
37.133869;-3.412230;1467;0;7;3362;1386;152.22;34.33;;;
37.133944;-3.412430;1469;0;7;3364;1384;152.24;34.31;;;
37.134044;-3.412617;1471;0;7;3366;1382;152.26;34.29;;;
37.134158;-3.412788;1472;0;8;3367;1381;152.28;34.27;;;
37.134371;-3.413128;1475;0;8;3370;1378;152.32;34.23;;;
37.134357;-3.413345;1477;0;8;3372;1376;152.34;34.21;;;
37.134662;-3.413468;1480;0;9;3375;1373;152.38;34.17;;;
37.134822;-3.413370;1482;0;9;3377;1371;152.4;34.15;;;
37.135061;-3.413036;1485;0;8;3380;1368;152.44;34.11;;;
37.135184;-3.412894;1488;0;8;3383;1365;152.46;34.09;;;
37.135480;-3.413064;1490;0;8;3385;1363;152.5;34.05;;;
37.135659;-3.413453;1493;0;6;3388;1360;152.54;34.01;;;
37.135736;-3.413656;1494;0;6;3389;1359;152.56;33.99;;;
37.136029;-3.413915;1496;0;5;3391;1357;152.6;33.95;;;
37.136132;-3.414084;1497;0;6;3392;1356;152.62;33.93;;;
37.136168;-3.414531;1499;0;7;3394;1354;152.66;33.89;;;
37.136168;-3.414756;1500;0;8;3395;1353;152.68;33.87;;;
37.136175;-3.415204;1504;0;8;3399;1349;152.72;33.83;;;
37.136301;-3.415362;1506;0;8;3401;1347;152.74;33.81;;;
37.136428;-3.415521;1508;0;7;3403;1345;152.76;33.79;;;
37.136505;-3.415724;1510;0;7;3405;1343;152.78;33.77;;;
37.136676;-3.416113;1512;0;6;3406;1342;152.82;33.73;;;
37.136823;-3.416241;1512;0;6;3407;1341;152.84;33.71;;;
37.137101;-3.416519;1514;0;6;3409;1339;152.88;33.67;;;
37.137211;-3.416695;1516;0;6;3411;1337;152.9;33.65;;;
37.137145;-3.417125;1518;0;7;3413;1335;152.94;33.61;;;
37.137085;-3.417338;1520;0;7;3415;1333;152.96;33.59;;;
37.137155;-3.417767;1523;0;7;3418;1330;153;33.55;;;
37.137011;-3.418147;1526;0;7;3421;1327;153.04;33.51;;;
37.136889;-3.418313;1527;0;6;3422;1326;153.06;33.49;;;
37.136740;-3.418699;1529;0;6;3424;1324;153.1;33.45;;;
37.136803;-3.418898;1531;0;6;3425;1323;153.12;33.43;;;
37.137105;-3.419137;1532;0;5;3427;1321;153.16;33.39;;;
37.137208;-3.419318;1534;0;5;3429;1319;153.18;33.37;;;
37.137037;-3.419679;1536;0;6;3431;1317;153.22;33.33;47;;
37.136915;-3.419835;1537;0;6;3432;1316;153.24;33.31;;;
37.136858;-3.420049;1538;0;6;3433;1315;153.26;33.29;;;
37.136899;-3.420265;1539;0;5;3434;1314;153.28;33.27;;;
37.137193;-3.420515;1541;0;6;3436;1312;153.32;33.23;;;
37.137304;-3.420689;1543;0;6;3438;1310;153.34;33.21;;;
37.137407;-3.421110;1544;0;6;3439;1309;153.38;33.17;;;
37.137339;-3.421319;1546;0;6;3441;1307;153.4;33.15;;;
37.137333;-3.421740;1548;0;6;3443;1305;153.44;33.11;;;
37.137427;-3.421932;1549;0;6;3444;1304;153.46;33.09;;;
37.137532;-3.422355;1552;0;6;3447;1301;153.5;33.05;;;
37.137583;-3.422802;1554;0;6;3449;1299;153.54;33.01;;;
37.137667;-3.422994;1556;0;5;3450;1298;153.56;32.99;;;
37.137864;-3.423344;1558;0;6;3452;1296;153.6;32.95;;;
37.137840;-3.423568;1558;0;6;3453;1295;153.62;32.93;;;
37.137735;-3.423999;1561;0;7;3456;1292;153.66;32.89;;;
37.137687;-3.424217;1562;0;7;3457;1291;153.68;32.87;;;
37.137656;-3.424666;1565;0;7;3460;1288;153.72;32.83;;;
37.137648;-3.424891;1567;0;7;3461;1287;153.74;32.81;;;
37.137678;-3.425113;1568;0;7;3463;1285;153.76;32.79;;;
37.137649;-3.425329;1569;0;7;3464;1284;153.78;32.77;;;
37.137580;-3.425739;1572;0;6;3467;1281;153.82;32.73;;;
37.137664;-3.425938;1573;0;6;3468;1280;153.84;32.71;;;
37.137734;-3.426380;1576;0;7;3471;1277;153.88;32.67;;;
37.137767;-3.426602;1577;0;7;3471;1277;153.9;32.65;;;
37.137786;-3.427049;1580;0;8;3475;1273;153.94;32.61;;;
37.137774;-3.427274;1581;0;8;3476;1272;153.96;32.59;;;
37.137827;-3.427717;1584;0;8;3479;1269;154;32.55;;;
37.138016;-3.428094;1588;0;8;3482;1266;154.04;32.51;;;
37.138160;-3.428228;1589;0;8;3484;1264;154.06;32.49;;;
37.138404;-3.428544;1593;0;8;3488;1260;154.1;32.45;;;
37.138478;-3.428750;1595;0;9;3490;1258;154.12;32.43;;;
37.138626;-3.429161;1597;0;8;3492;1256;154.16;32.39;;;
37.138588;-3.429377;1600;0;7;3494;1254;154.18;32.37;;;
37.138287;-3.429572;1603;0;8;3498;1250;154.22;32.33;;;
37.138108;-3.429597;1604;0;7;3498;1250;154.24;32.31;;;
37.137928;-3.429590;1605;0;7;3500;1248;154.26;32.29;;;
37.137768;-3.429509;1607;0;7;3501;1247;154.28;32.27;;;
37.137670;-3.429082;1609;0;8;3504;1244;154.32;32.23;;;
37.137654;-3.428858;1611;0;8;3506;1242;154.34;32.21;;;
37.137385;-3.428628;1614;0;8;3509;1239;154.38;32.17;;;
37.137217;-3.428693;1616;0;9;3511;1237;154.4;32.15;;;
37.137112;-3.429087;1620;0;9;3515;1233;154.44;32.11;;;
37.137135;-3.429310;1621;0;9;3516;1232;154.46;32.09;;;
37.137076;-3.429743;1626;0;9;3521;1227;154.5;32.05;;;
37.136761;-3.429872;1630;0;9;3525;1223;154.54;32.01;;;
37.136618;-3.429749;1632;0;9;3527;1221;154.56;31.99;;;
37.136615;-3.429335;1636;0;9;3531;1217;154.6;31.95;;;
37.136703;-3.429138;1637;0;9;3532;1216;154.62;31.93;;;
37.136833;-3.428739;1640;0;9;3535;1213;154.66;31.89;;;
37.136708;-3.428819;1644;0;9;3539;1209;154.68;31.87;;;
37.136552;-3.429213;1647;0;9;3542;1206;154.72;31.83;;;
37.136430;-3.429379;1648;0;8;3543;1205;154.74;31.81;;;
37.136325;-3.429558;1650;0;7;3545;1203;154.76;31.79;;;
37.136258;-3.429767;1651;0;6;3546;1202;154.78;31.77;;;
37.136114;-3.430180;1654;0;7;3549;1199;154.82;31.73;;;
37.136009;-3.430362;1655;0;7;3550;1198;154.84;31.71;;;
37.135798;-3.430728;1658;0;6;3553;1195;154.88;31.67;;;
37.135668;-3.430877;1660;0;6;3555;1193;154.9;31.65;;;
37.135354;-3.431078;1663;0;7;3558;1190;154.94;31.61;;;
37.135269;-3.431277;1663;0;6;3558;1190;154.96;31.59;;;
37.134969;-3.431485;1666;0;5;3561;1187;155;31.55;;;
37.134657;-3.431684;1668;0;5;3563;1185;155.04;31.51;;;
37.134515;-3.431822;1669;0;4;3564;1184;155.06;31.49;;;
37.134302;-3.432184;1670;0;4;3565;1183;155.1;31.45;;;
37.134183;-3.432352;1671;0;3;3566;1182;155.12;31.43;;;
37.133902;-3.432623;1672;0;2;3567;1181;155.16;31.39;;;
37.133737;-3.432712;1672;0;2;3567;1181;155.18;31.37;;;
37.133418;-3.432920;1673;0;1;3568;1180;155.22;31.33;;;
37.133273;-3.433053;1673;0;0;3568;1180;155.24;31.31;;;
37.133125;-3.433180;1673;0;0;3568;1180;155.26;31.29;;;
37.132966;-3.433286;1673;0;-1;3568;1180;155.28;31.27;;;
37.132674;-3.433536;1672;0;-2;3568;1180;155.32;31.23;;;
37.132601;-3.433736;1672;0;-3;3568;1180;155.34;31.21;;;
37.132659;-3.434173;1670;0;-3;3568;1180;155.38;31.17;;;
37.132671;-3.434398;1669;0;-3;3568;1180;155.4;31.15;48;summit,bonus;1
37.132694;-3.434848;1668;0;-4;3568;1180;155.44;31.11;;;
37.132705;-3.435074;1667;0;-4;3568;1180;155.46;31.09;;;
37.132727;-3.435524;1666;0;-5;3568;1180;155.5;31.05;;;
37.132913;-3.435906;1664;0;-6;3568;1180;155.54;31.01;;;
37.133025;-3.436080;1662;0;-6;3568;1180;155.56;30.99;;;
37.133032;-3.436517;1659;0;-6;3568;1180;155.6;30.95;;;
37.132987;-3.436735;1658;0;-6;3568;1180;155.62;30.93;;;
37.132896;-3.437172;1656;0;-6;3568;1180;155.66;30.89;;;
37.132851;-3.437390;1655;0;-6;3568;1180;155.68;30.87;;;
37.132768;-3.437828;1653;0;-8;3568;1180;155.72;30.83;49;;
37.132773;-3.438053;1651;0;-8;3568;1180;155.74;30.81;;;
37.132808;-3.438275;1650;0;-9;3568;1180;155.76;30.79;;;
37.132862;-3.438487;1646;0;-10;3568;1180;155.78;30.77;;;
37.133061;-3.438861;1643;0;-9;3568;1180;155.82;30.73;;;
37.133169;-3.439042;1641;0;-9;3568;1180;155.84;30.71;;;
37.133451;-3.439316;1638;0;-8;3568;1180;155.88;30.67;;;
37.133608;-3.439424;1637;0;-8;3568;1180;155.9;30.65;;;
37.133884;-3.439711;1633;0;-8;3568;1180;155.94;30.61;;;
37.134011;-3.439871;1631;0;-8;3568;1180;155.96;30.59;;;
37.134266;-3.440189;1628;0;-9;3568;1180;156;30.55;;;
37.134480;-3.440551;1624;0;-10;3568;1180;156.04;30.51;;;
37.134584;-3.440735;1623;0;-10;3568;1180;156.06;30.49;;;
37.134808;-3.441088;1617;0;-10;3568;1180;156.1;30.45;;;
37.134835;-3.441310;1615;0;-10;3568;1180;156.12;30.43;;;
37.134738;-3.441741;1611;0;-10;3568;1180;156.16;30.39;;;
37.134670;-3.441950;1610;0;-10;3568;1180;156.18;30.37;;;
37.134528;-3.442363;1605;0;-9;3568;1180;156.22;30.33;;;
37.134410;-3.442529;1603;0;-8;3568;1180;156.24;30.31;;;
37.134259;-3.442653;1602;0;-8;3568;1180;156.26;30.29;;;
37.134088;-3.442711;1601;0;-8;3568;1180;156.28;30.27;;;
37.133730;-3.442762;1599;0;-6;3568;1180;156.32;30.23;;;
37.133551;-3.442786;1597;0;-7;3568;1180;156.34;30.21;;;
37.133194;-3.442834;1595;0;-8;3568;1180;156.38;30.17;;;
37.133015;-3.442858;1593;0;-8;3568;1180;156.4;30.15;;;
37.132763;-3.443123;1589;0;-8;3568;1180;156.44;30.11;;;
37.132718;-3.443341;1588;0;-8;3568;1180;156.46;30.09;;;
37.132647;-3.443783;1583;0;-8;3568;1180;156.5;30.05;;;
37.132587;-3.444228;1582;0;-7;3568;1180;156.54;30.01;;;
37.132599;-3.444450;1579;0;-6;3568;1180;156.56;29.99;;;
37.132770;-3.444847;1577;0;-5;3568;1180;156.6;29.95;;;
37.132780;-3.445069;1576;0;-5;3568;1180;156.62;29.93;;;
37.132675;-3.445494;1575;0;-4;3568;1180;156.66;29.89;;;
37.132575;-3.445681;1574;0;-3;3568;1180;156.68;29.87;;;
37.132356;-3.446039;1573;0;-3;3568;1180;156.72;29.83;;;
37.132227;-3.446195;1572;0;-3;3568;1180;156.74;29.81;;;
37.132078;-3.446320;1572;0;-3;3568;1180;156.76;29.79;;;
37.131925;-3.446438;1572;0;-3;3568;1180;156.78;29.77;;;
37.131618;-3.446673;1570;0;-2;3568;1180;156.82;29.73;;;
37.131458;-3.446778;1570;0;-2;3568;1180;156.84;29.71;;;
37.131133;-3.446970;1569;0;-2;3568;1180;156.88;29.67;;;
37.130970;-3.447066;1569;0;-1;3568;1180;156.9;29.65;;;
37.130643;-3.447254;1569;0;-1;3568;1180;156.94;29.61;;;
37.130502;-3.447392;1568;0;-1;3568;1180;156.96;29.59;;;
37.130500;-3.447830;1568;0;0;3568;1180;157;29.55;;;
37.130526;-3.448280;1568;0;0;3568;1180;157.04;29.51;;;
37.130557;-3.448500;1568;0;0;3568;1180;157.06;29.49;;;
37.130822;-3.448778;1568;0;0;3568;1180;157.1;29.45;;;
37.130985;-3.448873;1568;0;0;3568;1180;157.12;29.43;;;
37.131311;-3.449063;1568;0;0;3568;1180;157.16;29.39;;;
37.131474;-3.449158;1568;0;0;3568;1180;157.18;29.37;;;
37.131821;-3.449275;1569;0;1;3569;1179;157.22;29.33;;;
37.131996;-3.449328;1569;0;1;3569;1179;157.24;29.31;;;
37.132133;-3.449463;1569;0;1;3569;1179;157.26;29.29;;;
37.132187;-3.449674;1569;0;1;3569;1179;157.28;29.27;;;
37.132208;-3.450114;1569;0;0;3569;1179;157.32;29.23;;;
37.132320;-3.450290;1569;0;0;3569;1179;157.34;29.21;;;
37.132618;-3.450538;1569;0;0;3569;1179;157.38;29.17;;;
37.132790;-3.450601;1569;0;0;3569;1179;157.4;29.15;;;
37.133139;-3.450709;1569;0;0;3569;1179;157.44;29.11;;;
37.133300;-3.450810;1569;0;0;3569;1179;157.46;29.09;;;
37.133623;-3.451010;1569;0;-1;3569;1179;157.5;29.05;;;
37.133967;-3.451136;1569;0;-1;3569;1179;157.54;29.01;;;
37.134129;-3.451235;1569;0;-1;3569;1179;157.56;28.99;;;
37.134450;-3.451438;1568;0;-2;3569;1179;157.6;28.95;;;
37.134597;-3.451568;1568;0;-2;3569;1179;157.62;28.93;;;
37.134841;-3.451898;1567;0;-2;3569;1179;157.66;28.89;;;
37.134972;-3.452054;1567;0;-2;3569;1179;157.68;28.87;;;
37.135170;-3.452430;1566;0;-2;3569;1179;157.72;28.83;;;
37.135294;-3.452590;1566;0;-2;3569;1179;157.74;28.81;;;
37.135412;-3.452757;1565;0;-2;3569;1179;157.76;28.79;;;
37.135464;-3.452971;1565;0;-2;3569;1179;157.78;28.77;;;
37.135608;-3.453376;1564;0;-2;3569;1179;157.82;28.73;;;
37.135746;-3.453518;1564;0;-2;3569;1179;157.84;28.71;;;
37.136076;-3.453689;1563;0;-3;3569;1179;157.88;28.67;;;
37.136250;-3.453751;1562;0;-3;3569;1179;157.9;28.65;;;
37.136478;-3.454031;1560;0;-4;3569;1179;157.94;28.61;;;
37.136432;-3.454245;1560;0;-4;3569;1179;157.96;28.59;;;
37.136273;-3.454649;1559;0;-4;3569;1179;158;28.55;;;
37.136148;-3.455072;1557;0;-4;3569;1179;158.04;28.51;;;
37.136085;-3.455283;1556;0;-4;3569;1179;158.06;28.49;;;
37.135984;-3.455716;1553;0;-4;3569;1179;158.1;28.45;;;
37.135934;-3.455933;1553;0;-4;3569;1179;158.12;28.43;;;
37.135833;-3.456366;1552;0;-4;3569;1179;158.16;28.39;;;
37.135780;-3.456582;1551;0;-5;3569;1179;158.18;28.37;;;
37.135646;-3.457000;1549;0;-6;3569;1179;158.22;28.33;;;
37.135610;-3.457219;1547;0;-6;3569;1179;158.24;28.31;;;
37.135679;-3.457419;1546;0;-6;3569;1179;158.26;28.29;;;
37.135836;-3.457523;1544;0;-5;3569;1179;158.28;28.27;;;
37.136186;-3.457610;1543;0;-5;3569;1179;158.32;28.23;;;
37.136365;-3.457621;1542;0;-5;3569;1179;158.34;28.21;;;
37.136724;-3.457604;1540;0;-6;3569;1179;158.38;28.17;;;
37.136903;-3.457581;1539;0;-6;3569;1179;158.4;28.15;;;
37.137258;-3.457517;1536;0;-7;3569;1179;158.44;28.11;;;
37.137424;-3.457430;1535;0;-6;3569;1179;158.46;28.09;;;
37.137716;-3.457168;1532;0;-6;3569;1179;158.5;28.05;;;
37.138007;-3.456903;1530;0;-6;3569;1179;158.54;28.01;;;
37.138155;-3.456775;1529;0;-6;3569;1179;158.56;27.99;;;
37.138489;-3.456673;1526;0;-7;3569;1179;158.6;27.95;;;
37.138669;-3.456690;1525;0;-7;3569;1179;158.62;27.93;;;
37.139019;-3.456774;1523;0;-7;3569;1179;158.66;27.89;;;
37.139099;-3.456966;1521;0;-7;3569;1179;158.68;27.87;;;
37.139000;-3.457390;1518;0;-8;3569;1179;158.72;27.83;;;
37.138941;-3.457602;1516;0;-8;3569;1179;158.74;27.81;;;
37.138917;-3.457825;1515;0;-8;3569;1179;158.76;27.79;;;
37.138894;-3.458049;1513;0;-8;3569;1179;158.78;27.77;;;
37.138849;-3.458496;1509;0;-8;3569;1179;158.82;27.73;;;
37.138781;-3.458703;1508;0;-8;3569;1179;158.84;27.71;;;
37.138590;-3.459085;1505;0;-6;3569;1179;158.88;27.67;;;
37.138529;-3.459295;1504;0;-6;3569;1179;158.9;27.65;;;
37.138557;-3.459744;1502;0;-6;3569;1179;158.94;27.61;;;
37.138563;-3.459969;1501;0;-6;3569;1179;158.96;27.59;;;
37.138513;-3.460416;1499;0;-7;3569;1179;159;27.55;;;
37.138624;-3.460810;1495;0;-7;3569;1179;159.04;27.51;;;
37.138791;-3.460873;1494;0;-8;3569;1179;159.06;27.49;;;
37.139081;-3.460645;1491;0;-7;3569;1179;159.1;27.45;;;
37.139192;-3.460472;1489;0;-7;3569;1179;159.12;27.43;;;
37.139524;-3.460416;1486;0;-7;3569;1179;159.16;27.39;;;
37.139674;-3.460537;1485;0;-8;3569;1179;159.18;27.37;;;
37.139963;-3.460806;1482;0;-8;3569;1179;159.22;27.33;;;
37.140049;-3.461002;1480;0;-8;3569;1179;159.24;27.31;;;
37.140085;-3.461223;1479;0;-8;3569;1179;159.26;27.29;;;
37.140125;-3.461442;1476;0;-8;3569;1179;159.28;27.27;;;
37.140350;-3.461792;1473;0;-7;3569;1179;159.32;27.23;;;
37.140472;-3.461957;1472;0;-7;3569;1179;159.34;27.21;;;
37.140710;-3.462294;1470;0;-6;3569;1179;159.38;27.17;;;
37.140794;-3.462493;1469;0;-6;3569;1179;159.4;27.15;;;
37.140989;-3.462851;1467;0;-8;3569;1179;159.44;27.11;;;
37.141148;-3.462954;1465;0;-8;3569;1179;159.46;27.09;;;
37.141390;-3.463244;1460;0;-8;3569;1179;159.5;27.05;;;
37.141288;-3.463668;1457;0;-8;3569;1179;159.54;27.01;;;
37.141190;-3.463857;1457;0;-7;3569;1179;159.56;26.99;;;
37.140972;-3.464216;1454;0;-6;3569;1179;159.6;26.95;;;
37.140857;-3.464389;1452;0;-6;3569;1179;159.62;26.93;;;
37.140572;-3.464665;1451;0;-7;3569;1179;159.66;26.89;;;
37.140430;-3.464802;1449;0;-6;3569;1179;159.68;26.87;;;
37.140168;-3.465109;1446;0;-6;3569;1179;159.72;26.83;;;
37.140050;-3.465279;1445;0;-6;3569;1179;159.74;26.81;;;
37.139932;-3.465449;1445;0;-6;3569;1179;159.76;26.79;;;
37.139810;-3.465616;1443;0;-5;3569;1179;159.78;26.77;;;
37.139506;-3.465849;1442;0;-9;3569;1179;159.82;26.73;;;
37.139342;-3.465944;1440;0;-9;3569;1179;159.84;26.71;;;
37.139215;-3.466333;1436;0;-10;3569;1179;159.88;26.67;;;
37.139190;-3.466554;1432;0;-10;3569;1179;159.9;26.65;;;
37.138942;-3.466868;1429;0;-6;3569;1179;159.94;26.61;;;
37.138779;-3.466964;1428;0;2;3569;1179;159.96;26.59;;;
37.138451;-3.467147;1426;0;2;3569;1179;160;26.55;;;
37.138115;-3.467307;1436;0;0;3581;1167;160.04;26.51;;;
37.137949;-3.467387;1435;0;-1;3581;1167;160.06;26.49;;;
37.137791;-3.467766;1430;0;-9;3581;1167;160.1;26.45;;;
37.137838;-3.467978;1427;0;-10;3581;1167;160.12;26.43;;;
37.138030;-3.468360;1422;0;-10;3581;1167;160.16;26.39;;;
37.138125;-3.468552;1421;0;-10;3581;1167;160.18;26.37;;;
37.138433;-3.468749;1416;0;-9;3581;1167;160.22;26.33;;;
37.138613;-3.468755;1415;0;-9;3581;1167;160.24;26.31;;;
37.138786;-3.468797;1413;0;-9;3581;1167;160.26;26.29;;;
37.138950;-3.468890;1411;0;-9;3581;1167;160.28;26.27;;;
37.139276;-3.469081;1408;0;-10;3581;1167;160.32;26.23;;;
37.139426;-3.469204;1407;0;-10;3581;1167;160.34;26.21;;;
37.139670;-3.469529;1402;0;-10;3581;1167;160.38;26.17;;;
37.139770;-3.469716;1400;0;-10;3581;1167;160.4;26.15;;;
37.140009;-3.470048;1396;0;-10;3581;1167;160.44;26.11;;;
37.140074;-3.470255;1393;0;-10;3581;1167;160.46;26.09;;;
37.140133;-3.470698;1389;0;-10;3581;1167;160.5;26.05;;;
37.139984;-3.471099;1385;0;-10;3581;1167;160.54;26.01;;;
37.139904;-3.471295;1382;0;-10;3581;1167;160.56;25.99;;;
37.140008;-3.471718;1379;0;-9;3581;1167;160.6;25.95;;;
37.140116;-3.471899;1377;0;-9;3581;1167;160.62;25.93;;;
37.140341;-3.472251;1374;0;-8;3581;1167;160.66;25.89;;;
37.140436;-3.472438;1372;0;-8;3581;1167;160.68;25.87;;;
37.140405;-3.472881;1369;0;-7;3581;1167;160.72;25.83;;;
37.140370;-3.473103;1367;0;-7;3581;1167;160.74;25.81;;;
37.140335;-3.473324;1367;0;-6;3581;1167;160.76;25.79;;;
37.140314;-3.473547;1365;0;-5;3581;1167;160.78;25.77;;;
37.140340;-3.473995;1363;0;-5;3581;1167;160.82;25.73;;;
37.140382;-3.474214;1362;0;-5;3581;1167;160.84;25.71;;;
37.140490;-3.474644;1360;0;-5;3581;1167;160.88;25.67;;;
37.140551;-3.474857;1359;0;-5;3581;1167;160.9;25.65;;;
37.140673;-3.475281;1357;0;-5;3581;1167;160.94;25.61;;;
37.140734;-3.475493;1356;0;-5;3581;1167;160.96;25.59;;;
37.140801;-3.475937;1354;0;-5;3581;1167;161;25.55;;;
37.140833;-3.476386;1352;0;-4;3581;1167;161.04;25.51;;;
37.140848;-3.476611;1351;0;-4;3581;1167;161.06;25.49;;;
37.140876;-3.477060;1350;0;-3;3581;1167;161.1;25.45;;;
37.140890;-3.477285;1349;0;-3;3581;1167;161.12;25.43;;;
37.140917;-3.477735;1348;0;-3;3581;1167;161.16;25.39;;;
37.140973;-3.477950;1348;0;-3;3581;1167;161.18;25.37;;;
37.141114;-3.478364;1347;0;-3;3581;1167;161.22;25.33;;;
37.141190;-3.478568;1346;0;-3;3581;1167;161.24;25.31;;;
37.141265;-3.478773;1345;0;-3;3581;1167;161.26;25.29;;;
37.141314;-3.478987;1344;0;-3;3581;1167;161.28;25.27;;;
37.141320;-3.479433;1344;0;-2;3581;1167;161.32;25.23;;;
37.141351;-3.479651;1343;0;-3;3581;1167;161.34;25.21;;;
37.141132;-3.479988;1342;0;-3;3581;1167;161.38;25.17;;;
37.140994;-3.480132;1342;0;-3;3581;1167;161.4;25.15;;;
37.140905;-3.480538;1340;0;-3;3581;1167;161.44;25.11;;;
37.140873;-3.480755;1339;0;-3;3581;1167;161.46;25.09;;;
37.140643;-3.481101;1339;0;-3;3581;1167;161.5;25.05;;;
37.140462;-3.481488;1338;0;-3;3581;1167;161.54;25.01;;;
37.140392;-3.481695;1337;0;-3;3581;1167;161.56;24.99;;;
37.140150;-3.482023;1335;0;-3;3581;1167;161.6;24.95;;;
37.139998;-3.482143;1334;0;-3;3581;1167;161.62;24.93;;;
37.139685;-3.482366;1334;0;-3;3581;1167;161.66;24.89;;;
37.139528;-3.482476;1333;0;-2;3581;1167;161.68;24.87;;;
37.139223;-3.482713;1332;0;-3;3581;1167;161.72;24.83;;;
37.139082;-3.482854;1332;0;-3;3581;1167;161.74;24.81;;;
37.139001;-3.483054;1331;0;-3;3581;1167;161.76;24.79;;;
37.138993;-3.483275;1330;0;-3;3581;1167;161.78;24.77;;;
37.139156;-3.483671;1329;0;-4;3581;1167;161.82;24.73;;;
37.139264;-3.483852;1328;0;-4;3581;1167;161.84;24.71;;;
37.139479;-3.484213;1327;0;-4;3581;1167;161.88;24.67;;;
37.139587;-3.484394;1326;0;-4;3581;1167;161.9;24.65;;;
37.139802;-3.484755;1324;0;-4;3581;1167;161.94;24.61;;;
37.139910;-3.484936;1323;0;-5;3581;1167;161.96;24.59;;;
37.140126;-3.485297;1321;0;-5;3581;1167;162;24.55;;;
37.140302;-3.485690;1319;0;-5;3581;1167;162.04;24.51;;;
37.140408;-3.485868;1318;0;-5;3581;1167;162.06;24.49;;;
37.140736;-3.486045;1316;0;-5;3581;1167;162.1;24.45;;;
37.140913;-3.486087;1315;0;-5;3581;1167;162.12;24.43;;;
37.141268;-3.486148;1313;0;-5;3581;1167;162.16;24.39;;;
37.141408;-3.486283;1312;0;-5;3581;1167;162.18;24.37;;;
37.141595;-3.486667;1310;0;-5;3581;1167;162.22;24.33;;;
37.141697;-3.486851;1309;0;-5;3581;1167;162.24;24.31;;;
37.141812;-3.487024;1309;0;-6;3581;1167;162.26;24.29;;;
37.141867;-3.487236;1307;0;-6;3581;1167;162.28;24.27;;;
37.141998;-3.487647;1304;0;-7;3581;1167;162.32;24.23;;;
37.142148;-3.487766;1303;0;-7;3581;1167;162.34;24.21;;;
37.142496;-3.487752;1300;0;-7;3581;1167;162.38;24.17;;;
37.142653;-3.487643;1299;0;-7;3581;1167;162.4;24.15;;;
37.142928;-3.487351;1296;0;-7;3581;1167;162.44;24.11;;;
37.143050;-3.487187;1295;0;-7;3581;1167;162.46;24.09;;;
37.143252;-3.486817;1292;0;-7;3581;1167;162.5;24.05;;;
37.143402;-3.486407;1290;0;-7;3581;1167;162.54;24.01;;;
37.143504;-3.486222;1288;0;-7;3581;1167;162.56;23.99;;;
37.143816;-3.486019;1285;0;-7;3581;1167;162.6;23.95;;;
37.143993;-3.486025;1284;0;-8;3581;1167;162.62;23.93;;;
37.144270;-3.486292;1281;0;-8;3581;1167;162.66;23.89;;;
37.144356;-3.486490;1279;0;-8;3581;1167;162.68;23.87;;;
37.144527;-3.486887;1276;0;-9;3581;1167;162.72;23.83;;;
37.144613;-3.487086;1274;0;-9;3581;1167;162.74;23.81;;;
37.144702;-3.487281;1273;0;-9;3581;1167;162.76;23.79;;;
37.144838;-3.487407;1270;0;-9;3581;1167;162.78;23.77;;;
37.145157;-3.487597;1266;0;-9;3581;1167;162.82;23.73;;;
37.145337;-3.487589;1265;0;-9;3581;1167;162.84;23.71;;;
37.145616;-3.487319;1261;0;-9;3581;1167;162.88;23.67;;;
37.145701;-3.487120;1259;0;-8;3581;1167;162.9;23.65;;;
37.145825;-3.486699;1256;0;-8;3581;1167;162.94;23.61;;;
37.145871;-3.486480;1255;0;-7;3581;1167;162.96;23.59;;;
37.145973;-3.486048;1252;0;-7;3581;1167;163;23.55;;;
37.146163;-3.485669;1250;0;-6;3581;1167;163.04;23.51;;;
37.146294;-3.485516;1249;0;-6;3581;1167;163.06;23.49;;;
37.146603;-3.485292;1246;0;-8;3581;1167;163.1;23.45;;;
37.146775;-3.485223;1244;0;-8;3581;1167;163.12;23.43;;;
37.147133;-3.485199;1241;0;-8;3581;1167;163.16;23.39;;;
37.147312;-3.485219;1239;0;-8;3581;1167;163.18;23.37;;;
37.147671;-3.485258;1236;0;-7;3581;1167;163.22;23.33;;;
37.147850;-3.485277;1235;0;-6;3581;1167;163.24;23.31;;;
37.148029;-3.485296;1234;0;-6;3581;1167;163.26;23.29;;;
37.148208;-3.485316;1233;0;-6;3581;1167;163.28;23.27;;;
37.148567;-3.485355;1231;0;-7;3581;1167;163.32;23.23;;;
37.148746;-3.485374;1229;0;-8;3581;1167;163.34;23.21;;;
37.149105;-3.485368;1225;0;-9;3581;1167;163.38;23.17;;;
37.149284;-3.485352;1223;0;-9;3581;1167;163.4;23.15;;;
37.149614;-3.485197;1219;0;-9;3581;1167;163.44;23.11;;;
37.149754;-3.485058;1218;0;-8;3581;1167;163.46;23.09;;;
37.149951;-3.484685;1214;0;-7;3581;1167;163.5;23.05;;;
37.150022;-3.484249;1212;0;-6;3581;1167;163.54;23.01;;;
37.150018;-3.484024;1211;0;-6;3581;1167;163.56;22.99;;;
37.149954;-3.483581;1208;0;-7;3581;1167;163.6;22.95;;;
37.149912;-3.483362;1207;0;-9;3581;1167;163.62;22.93;;;
37.149827;-3.482923;1203;0;-9;3581;1167;163.66;22.89;;;
37.149784;-3.482704;1201;0;-9;3581;1167;163.68;22.87;;;
37.149756;-3.482257;1197;0;-9;3581;1167;163.72;22.83;;;
37.149778;-3.482033;1196;0;-8;3581;1167;163.74;22.81;;;
37.149844;-3.481823;1194;0;-7;3581;1167;163.76;22.79;;;
37.149936;-3.481630;1193;0;-8;3581;1167;163.78;22.77;;;
37.150189;-3.481317;1190;0;-8;3581;1167;163.82;22.73;;;
37.150346;-3.481206;1189;0;-8;3581;1167;163.84;22.71;;;
37.150512;-3.481122;1186;0;-7;3581;1167;163.86;22.69;;;
37.150682;-3.481051;1184;0;-7;3581;1167;163.88;22.67;;;
37.150853;-3.480979;1183;0;-7;3581;1167;163.9;22.65;;;
37.151024;-3.480908;1182;0;-6;3581;1167;163.92;22.63;;;
37.151194;-3.480837;1181;0;-5;3581;1167;163.94;22.61;;;
37.151365;-3.480766;1180;0;-6;3581;1167;163.96;22.59;;;
37.151536;-3.480695;1179;0;-6;3581;1167;163.98;22.57;;;
37.151706;-3.480623;1178;0;-7;3581;1167;164;22.55;;;
37.151877;-3.480552;1177;0;-7;3581;1167;164.02;22.53;;;
37.152041;-3.480461;1175;0;-8;3581;1167;164.04;22.51;;;
37.152193;-3.480343;1173;0;-8;3581;1167;164.06;22.49;;;
37.152287;-3.480151;1171;0;-8;3581;1167;164.08;22.47;;;
37.152328;-3.479933;1169;0;-9;3581;1167;164.1;22.45;;;
37.152316;-3.479709;1167;0;-8;3581;1167;164.12;22.43;;;
37.152255;-3.479498;1166;0;-8;3581;1167;164.14;22.41;;;
37.152176;-3.479296;1165;0;-9;3581;1167;164.16;22.39;;;
37.152097;-3.479093;1163;0;-9;3581;1167;164.18;22.37;;;
37.152040;-3.478882;1162;0;-9;3581;1167;164.2;22.35;;;
37.152046;-3.478660;1160;0;-9;3581;1167;164.22;22.33;;;
37.152148;-3.478484;1157;0;-9;3581;1167;164.24;22.31;;;
37.152309;-3.478394;1155;0;-9;3581;1167;164.26;22.29;;;
37.152483;-3.478433;1153;0;-9;3581;1167;164.28;22.27;;;
37.152623;-3.478570;1152;0;-9;3581;1167;164.3;22.25;;;
37.152704;-3.478770;1150;0;-8;3581;1167;164.32;22.23;;;
37.152762;-3.478983;1149;0;-8;3581;1167;164.34;22.21;;;
37.152817;-3.479198;1147;0;-7;3581;1167;164.36;22.19;;;
37.152871;-3.479413;1145;0;-7;3581;1167;164.38;22.17;;;
37.152925;-3.479628;1144;0;-7;3581;1167;164.4;22.15;;;
37.152979;-3.479844;1143;0;-7;3581;1167;164.42;22.13;;;
37.153033;-3.480059;1142;0;-7;3581;1167;164.44;22.11;;;
37.153067;-3.480280;1140;0;-7;3581;1167;164.46;22.09;;;
37.153062;-3.480503;1139;0;-7;3581;1167;164.48;22.07;;;
37.153016;-3.480719;1137;0;-7;3581;1167;164.5;22.05;;;
37.152927;-3.480913;1136;0;-6;3581;1167;164.52;22.03;;;
37.152806;-3.481077;1135;0;-7;3581;1167;164.54;22.01;;;
37.152662;-3.481213;1133;0;-7;3581;1167;164.56;21.99;;;
37.152511;-3.481336;1133;0;-7;3581;1167;164.58;21.97;;;
37.152360;-3.481458;1131;0;-7;3581;1167;164.6;21.95;;;
37.152220;-3.481598;1130;0;-7;3581;1167;164.62;21.93;;;
37.152103;-3.481768;1128;0;-7;3581;1167;164.64;21.91;;;
37.152017;-3.481964;1127;0;-7;3581;1167;164.66;21.89;;;
37.151968;-3.482178;1125;0;-8;3581;1167;164.68;21.87;;;
37.151976;-3.482402;1124;0;-7;3581;1167;164.7;21.85;;;
37.152025;-3.482620;1123;0;-7;3581;1167;164.72;21.83;;;
37.152108;-3.482817;1121;0;-8;3581;1167;164.74;21.81;;;
37.152204;-3.483009;1119;0;-8;3581;1167;164.76;21.79;;;
37.152299;-3.483200;1118;0;-8;3581;1167;164.78;21.77;;;
37.152397;-3.483389;1116;0;-8;3581;1167;164.8;21.75;;;
37.152495;-3.483579;1114;0;-8;3581;1167;164.82;21.73;;;
37.152593;-3.483767;1113;0;-8;3581;1167;164.84;21.71;;;
37.152692;-3.483956;1111;0;-8;3581;1167;164.86;21.69;;;
37.152797;-3.484139;1109;0;-7;3581;1167;164.88;21.67;;;
37.152908;-3.484317;1108;0;-7;3581;1167;164.9;21.65;;;
37.153008;-3.484505;1107;0;-7;3581;1167;164.92;21.63;;;
37.153106;-3.484693;1106;0;-7;3581;1167;164.94;21.61;;;
37.153205;-3.484882;1105;0;-6;3581;1167;164.96;21.59;;;
37.153303;-3.485071;1104;0;-6;3581;1167;164.98;21.57;;;
37.153402;-3.485260;1102;0;-6;3581;1167;165;21.55;;;
37.153500;-3.485449;1100;0;-6;3581;1167;165.02;21.53;;;
37.153599;-3.485638;1099;0;-6;3581;1167;165.04;21.51;;;
37.153697;-3.485826;1098;0;-6;3581;1167;165.06;21.49;;;
37.153796;-3.486015;1097;0;-7;3581;1167;165.08;21.47;;;
37.153894;-3.486204;1096;0;-8;3581;1167;165.1;21.45;;;
37.153993;-3.486393;1095;0;-9;3581;1167;165.12;21.43;;;
37.154092;-3.486581;1093;0;-9;3581;1167;165.14;21.41;;;
37.154173;-3.486778;1090;0;-10;3581;1167;165.16;21.39;;;
37.154251;-3.486976;1087;0;-10;3581;1167;165.18;21.37;;;
37.154350;-3.487164;1086;0;-10;3581;1167;165.2;21.35;;;
37.154450;-3.487352;1084;0;-10;3581;1167;165.22;21.33;;;
37.154549;-3.487540;1082;0;-9;3581;1167;165.24;21.31;;;
37.154648;-3.487729;1081;0;-8;3581;1167;165.26;21.29;;;
37.154744;-3.487920;1079;0;-7;3581;1167;165.28;21.27;;;
37.154839;-3.488111;1077;0;-7;3581;1167;165.3;21.25;;;
37.154934;-3.488303;1076;0;-7;3581;1167;165.32;21.23;;;
37.155029;-3.488494;1075;0;-7;3581;1167;165.34;21.21;;;
37.155124;-3.488686;1074;0;-7;3581;1167;165.36;21.19;;;
37.155219;-3.488878;1073;0;-8;3581;1167;165.38;21.17;;;
37.155286;-3.489085;1071;0;-8;3581;1167;165.4;21.15;;;
37.155306;-3.489308;1069;0;-8;3581;1167;165.42;21.13;;;
37.155250;-3.489517;1067;0;-8;3581;1167;165.44;21.11;;;
37.155136;-3.489690;1065;0;-8;3581;1167;165.46;21.09;;;
37.154975;-3.489787;1063;0;-8;3581;1167;165.48;21.07;;;
37.154806;-3.489863;1062;0;-8;3581;1167;165.5;21.05;;;
37.154633;-3.489926;1061;0;-7;3581;1167;165.52;21.03;;;
37.154462;-3.489994;1059;0;-7;3581;1167;165.54;21.01;;;
37.154301;-3.490094;1057;0;-7;3581;1167;165.56;20.99;;;
37.154157;-3.490229;1056;0;-8;3581;1167;165.58;20.97;;;
37.154041;-3.490398;1055;0;-8;3581;1167;165.6;20.95;;;
37.153981;-3.490608;1053;0;-5;3581;1167;165.62;20.93;;;
37.153961;-3.490832;1051;0;-7;3581;1167;165.64;20.91;;;
37.154002;-3.491048;1050;0;-5;3581;1167;165.66;20.89;;;
37.154084;-3.491248;1048;0;-6;3581;1167;165.68;20.87;;;
37.154205;-3.491412;1049;0;-7;3585;1163;165.7;20.85;;;
37.154341;-3.491559;1047;0;-7;3586;1162;165.72;20.83;;;
37.154484;-3.491697;1048;0;-7;3587;1161;165.74;20.81;;;
37.154627;-3.491834;1045;0;-10;3587;1161;165.76;20.79;;;
37.154772;-3.491967;1042;0;-9;3587;1161;165.78;20.77;;;
37.154897;-3.492127;1040;0;-9;3587;1161;165.8;20.75;;;
37.155008;-3.492304;1038;0;-10;3587;1161;165.82;20.73;;;
37.155098;-3.492498;1035;0;-8;3587;1161;165.84;20.71;;;
37.155135;-3.492717;1034;0;-5;3587;1161;165.86;20.69;;;
37.155145;-3.492941;1033;0;-5;3587;1161;165.88;20.67;;;
37.155128;-3.493165;1032;0;-5;3587;1161;165.9;20.65;;;
37.155083;-3.493383;1031;0;-5;3587;1161;165.92;20.63;;;
37.155018;-3.493594;1033;0;-6;3589;1159;165.94;20.61;;;
37.154949;-3.493802;1032;0;-6;3589;1159;165.96;20.59;;;
37.154905;-3.494014;1028;0;-6;3589;1159;165.98;20.57;;;
37.154860;-3.494231;1027;0;-7;3589;1159;166;20.55;;;
37.154806;-3.494446;1025;0;-8;3589;1159;166.02;20.53;;;
37.154754;-3.494662;1024;0;-7;3589;1159;166.04;20.51;;;
37.154715;-3.494882;1022;0;-6;3589;1159;166.06;20.49;;;
37.154675;-3.495102;1021;0;-6;3589;1159;166.08;20.47;;;
37.154634;-3.495322;1020;0;-7;3589;1159;166.1;20.45;;;
37.154594;-3.495542;1020;0;-7;3589;1159;166.12;20.43;;;
37.154554;-3.495762;1019;0;-8;3589;1159;166.14;20.41;;;
37.154577;-3.495973;1016;0;-8;3589;1159;166.16;20.39;;;
37.154720;-3.496093;1014;0;-8;3589;1159;166.18;20.37;;;
37.154881;-3.496015;1012;0;-9;3589;1159;166.2;20.35;50;;
37.154934;-3.495813;1010;0;-9;3589;1159;166.22;20.33;;;
37.154913;-3.495589;1009;0;-8;3589;1159;166.24;20.31;;;
37.154892;-3.495364;1008;0;-8;3589;1159;166.26;20.29;;;
37.154937;-3.495150;1006;0;-7;3589;1159;166.28;20.27;;;
37.155069;-3.495000;1004;0;-7;3589;1159;166.3;20.25;;;
37.155220;-3.494877;1003;0;-8;3589;1159;166.32;20.23;;;
37.155371;-3.494754;1002;0;-8;3589;1159;166.34;20.21;;;
37.155522;-3.494631;1001;0;-8;3589;1159;166.36;20.19;;;
37.155692;-3.494561;998;0;-7;3589;1159;166.38;20.17;;;
37.155863;-3.494494;996;0;-7;3589;1159;166.4;20.15;;;
37.156023;-3.494391;994;0;-8;3589;1159;166.42;20.13;;;
37.156160;-3.494245;994;0;-7;3589;1159;166.44;20.11;;;
37.156296;-3.494097;993;0;-6;3589;1159;166.46;20.09;;;
37.156442;-3.493969;991;0;-6;3589;1159;166.48;20.07;;;
37.156604;-3.493869;990;0;-6;3589;1159;166.5;20.05;;;
37.156765;-3.493768;989;0;-6;3589;1159;166.52;20.03;;;
37.156922;-3.493662;988;0;-7;3589;1159;166.54;20.01;;;
37.157052;-3.493506;987;0;-7;3589;1159;166.56;19.99;;;
37.157166;-3.493331;985;0;-7;3589;1159;166.58;19.97;;;
37.157278;-3.493155;983;0;-7;3589;1159;166.6;19.95;;;
37.157408;-3.492999;982;0;-7;3589;1159;166.62;19.93;;;
37.157565;-3.492890;981;0;-7;3589;1159;166.64;19.91;;;
37.157736;-3.492828;979;0;-7;3589;1159;166.66;19.89;;;
37.157912;-3.492855;977;0;-6;3589;1159;166.68;19.87;;;
37.158066;-3.492966;976;0;-6;3589;1159;166.7;19.85;;;
37.158203;-3.493111;975;0;-6;3589;1159;166.72;19.83;;;
37.158329;-3.493273;974;0;-5;3589;1159;166.74;19.81;;;
37.158429;-3.493460;973;0;-5;3589;1159;166.76;19.79;;;
37.158491;-3.493670;972;0;-5;3589;1159;166.78;19.77;;;
37.158515;-3.493892;971;0;-6;3589;1159;166.8;19.75;;;
37.158488;-3.494113;970;0;-6;3589;1159;166.82;19.73;;;
37.158431;-3.494327;969;0;-6;3589;1159;166.84;19.71;;;
37.158363;-3.494536;968;0;-7;3589;1159;166.86;19.69;;;
37.158300;-3.494747;966;0;-7;3589;1159;166.88;19.67;;;
37.158254;-3.494965;965;0;-7;3589;1159;166.9;19.65;;;
37.158188;-3.495170;963;0;-6;3589;1159;166.92;19.63;;;
37.158050;-3.495307;961;0;-6;3589;1159;166.94;19.61;;;
37.157879;-3.495374;960;0;-6;3589;1159;166.96;19.59;;;
37.157701;-3.495401;960;0;-6;3589;1159;166.98;19.57;;;
37.157521;-3.495411;959;0;-5;3589;1159;167;19.55;;;
37.157343;-3.495426;958;0;-5;3589;1159;167.02;19.53;;;
37.157171;-3.495490;956;0;-5;3589;1159;167.04;19.51;;;
37.157020;-3.495611;955;0;-6;3589;1159;167.06;19.49;;;
37.156888;-3.495765;955;0;-7;3589;1159;167.08;19.47;;;
37.156756;-3.495918;953;0;-7;3589;1159;167.1;19.45;;;
37.156666;-3.496112;952;0;-7;3589;1159;167.12;19.43;;;
37.156674;-3.496331;950;0;-7;3589;1159;167.14;19.41;;;
37.156803;-3.496476;948;0;-7;3589;1159;167.16;19.39;;;
37.156978;-3.496518;947;0;-7;3589;1159;167.18;19.37;;;
37.157157;-3.496534;946;0;-6;3589;1159;167.2;19.35;;;
37.157335;-3.496558;944;0;-6;3589;1159;167.22;19.33;;;
37.157498;-3.496652;943;0;-5;3589;1159;167.24;19.31;;;
37.157649;-3.496776;943;0;-5;3589;1159;167.26;19.29;;;
37.157803;-3.496889;942;0;-5;3589;1159;167.28;19.27;;;
37.157974;-3.496952;941;0;-6;3589;1159;167.3;19.25;;;
37.158154;-3.496970;940;0;-6;3589;1159;167.32;19.23;;;
37.158331;-3.496997;939;0;-6;3589;1159;167.34;19.21;;;
37.158478;-3.497126;937;0;-6;3589;1159;167.36;19.19;;;
37.158513;-3.497340;935;0;-6;3589;1159;167.38;19.17;;;
37.158433;-3.497534;933;0;-7;3589;1159;167.4;19.15;;;
37.158304;-3.497690;933;0;-6;3589;1159;167.42;19.13;;;
37.158172;-3.497844;932;0;-6;3589;1159;167.44;19.11;;;
37.158040;-3.497997;930;0;-6;3589;1159;167.46;19.09;;;
37.157907;-3.498149;930;0;-6;3589;1159;167.48;19.07;;;
37.157774;-3.498302;929;0;-8;3589;1159;167.5;19.05;;;
37.157672;-3.498481;927;0;-9;3589;1159;167.52;19.03;;;
37.157628;-3.498697;925;0;-9;3589;1159;167.54;19.01;;;
37.157608;-3.498921;924;0;-9;3589;1159;167.56;18.99;;;
37.157591;-3.499146;919;0;-8;3589;1159;167.58;18.97;;;
37.157575;-3.499371;918;0;-10;3589;1159;167.6;18.95;;;
37.157560;-3.499595;917;0;-10;3589;1159;167.62;18.93;;;
37.157585;-3.499818;915;0;-9;3589;1159;167.64;18.91;;;
37.157659;-3.500021;917;0;-8;3591;1157;167.66;18.89;;;
37.157795;-3.500163;911;0;-8;3591;1157;167.68;18.87;;;
37.157966;-3.500232;909;0;-8;3591;1157;167.7;18.85;;;
37.158139;-3.500293;908;0;-9;3591;1157;167.72;18.83;;;
37.158312;-3.500355;907;0;-8;3591;1157;167.74;18.81;;;
37.158474;-3.500450;905;0;-6;3591;1157;167.76;18.79;;;
37.158615;-3.500587;904;0;-7;3591;1157;167.78;18.77;;;
37.158746;-3.500741;902;0;-7;3591;1157;167.8;18.75;;;
37.158878;-3.500895;901;0;-7;3591;1157;167.82;18.73;;;
37.159009;-3.501049;900;0;-7;3591;1157;167.84;18.71;;;
37.159143;-3.501200;898;0;-7;3591;1157;167.86;18.69;;;
37.159295;-3.501320;897;0;-7;3591;1157;167.88;18.67;;;
37.159468;-3.501376;895;0;-7;3591;1157;167.9;18.65;;;
37.159626;-3.501283;894;0;-7;3591;1157;167.92;18.63;;;
37.159739;-3.501110;892;0;-7;3591;1157;167.94;18.61;;;
37.159829;-3.500915;892;0;-6;3591;1157;167.96;18.59;;;
37.159920;-3.500719;890;0;-6;3591;1157;167.98;18.57;;;
37.160037;-3.500551;889;0;-6;3591;1157;168;18.55;;;
37.160185;-3.500422;888;0;-6;3591;1157;168.02;18.53;;;
37.160328;-3.500288;887;0;-7;3591;1157;168.04;18.51;;;
37.160428;-3.500104;885;0;-8;3591;1157;168.06;18.49;;;
37.160470;-3.499885;884;0;-7;3591;1157;168.08;18.47;;;
37.160502;-3.499663;882;0;-8;3591;1157;168.1;18.45;;;
37.160528;-3.499440;880;0;-8;3591;1157;168.12;18.43;;;
37.160496;-3.499223;878;0;-8;3591;1157;168.14;18.41;;;
37.160418;-3.499020;877;0;-7;3591;1157;168.16;18.39;;;
37.160341;-3.498816;875;0;-7;3591;1157;168.18;18.37;;;
37.160267;-3.498610;874;0;-6;3591;1157;168.2;18.35;;;
37.160250;-3.498387;873;0;-6;3591;1157;168.22;18.33;;;
37.160254;-3.498162;872;0;-6;3591;1157;168.24;18.31;;;
37.160258;-3.497936;870;0;-6;3591;1157;168.26;18.29;;;
37.160295;-3.497715;869;0;-5;3591;1157;168.28;18.27;;;
37.160349;-3.497502;868;0;-5;3591;1157;168.3;18.25;;;
37.160429;-3.497300;867;0;-5;3591;1157;168.32;18.23;;;
37.160510;-3.497098;867;0;-5;3591;1157;168.34;18.21;;;
37.160591;-3.496897;866;0;-5;3591;1157;168.36;18.19;;;
37.160671;-3.496695;865;0;-6;3591;1157;168.38;18.17;;;
37.160742;-3.496487;863;0;-7;3591;1157;168.4;18.15;;;
37.160806;-3.496277;862;0;-7;3591;1157;168.42;18.13;;;
37.160871;-3.496066;861;0;-8;3591;1157;168.44;18.11;;;
37.160942;-3.495861;859;0;-8;3591;1157;168.46;18.09;;;
37.161078;-3.495718;857;0;-8;3591;1157;168.48;18.07;;;
37.161253;-3.495688;855;0;-9;3591;1157;168.5;18.05;;;
37.161431;-3.495715;854;0;-10;3591;1157;168.52;18.03;;;
37.161610;-3.495717;852;0;-9;3591;1157;168.54;18.01;;;
37.161735;-3.495564;850;0;-8;3591;1157;168.56;17.99;;;
37.161774;-3.495351;848;0;-9;3591;1157;168.58;17.97;;;
37.161696;-3.495154;846;0;-9;3591;1157;168.6;17.95;;;
37.161565;-3.495002;845;0;-9;3591;1157;168.62;17.93;;;
37.161426;-3.494860;843;0;-9;3591;1157;168.64;17.91;;;
37.161350;-3.494661;841;0;-9;3591;1157;168.66;17.89;;;
37.161404;-3.494446;840;0;-9;3591;1157;168.68;17.87;;;
37.161544;-3.494318;837;0;-9;3591;1157;168.7;17.85;;;
37.161714;-3.494324;835;0;-9;3591;1157;168.72;17.83;;;
37.161820;-3.494501;833;0;-9;3591;1157;168.74;17.81;;;
37.161868;-3.494717;832;0;-9;3591;1157;168.76;17.79;;;
37.161935;-3.494921;830;0;-9;3591;1157;168.78;17.77;;;
37.162067;-3.495075;829;0;-8;3591;1157;168.8;17.75;;;
37.162221;-3.495191;827;0;-8;3591;1157;168.82;17.73;;;
37.162323;-3.495371;825;0;-9;3591;1157;168.84;17.71;;;
37.162369;-3.495589;823;0;-9;3591;1157;168.86;17.69;;;
37.162415;-3.495807;821;0;-9;3591;1157;168.88;17.67;;;
37.162498;-3.496005;820;0;-9;3591;1157;168.9;17.65;;;
37.162595;-3.496195;818;0;-8;3591;1157;168.92;17.63;;;
37.162685;-3.496390;816;0;-8;3591;1157;168.94;17.61;;;
37.162757;-3.496596;815;0;-8;3591;1157;168.96;17.59;;;
37.162803;-3.496814;813;0;-8;3591;1157;168.98;17.57;;;
37.162815;-3.497037;812;0;-8;3591;1157;169;17.55;;;
37.162811;-3.497263;810;0;-7;3591;1157;169.02;17.53;;;
37.162793;-3.497487;809;0;-8;3591;1157;169.04;17.51;;;
37.162764;-3.497710;808;0;-8;3591;1157;169.06;17.49;;;
37.162726;-3.497930;806;0;-8;3591;1157;169.08;17.47;;;
37.162677;-3.498148;805;0;-7;3591;1157;169.1;17.45;;;
37.162643;-3.498368;802;0;-7;3591;1157;169.12;17.43;;;
37.162632;-3.498593;801;0;-8;3591;1157;169.14;17.41;;;
37.162621;-3.498818;800;0;-7;3591;1157;169.16;17.39;;;
37.162578;-3.499037;798;0;-7;3591;1157;169.18;17.37;;;
37.162526;-3.499253;797;0;-7;3591;1157;169.2;17.35;;;
37.162508;-3.499473;796;0;-6;3591;1157;169.22;17.33;;;
37.162527;-3.499697;794;0;-6;3591;1157;169.24;17.31;;;
37.162548;-3.499921;793;0;-6;3591;1157;169.26;17.29;;;
37.162573;-3.500144;792;0;-6;3591;1157;169.28;17.27;;;
37.162599;-3.500368;791;0;-6;3591;1157;169.3;17.25;;;
37.162625;-3.500591;791;0;-6;3591;1157;169.32;17.23;;;
37.162651;-3.500815;789;0;-7;3591;1157;169.34;17.21;;;
37.162676;-3.501038;787;0;-9;3591;1157;169.36;17.19;;;
37.162708;-3.501260;786;0;-10;3591;1157;169.38;17.17;;;
37.162744;-3.501481;783;0;-9;3591;1157;169.4;17.15;;;
37.162779;-3.501702;782;0;-10;3591;1157;169.42;17.13;;;
37.162815;-3.501923;777;0;-9;3591;1157;169.44;17.11;;;
37.162848;-3.502145;777;0;-9;3591;1157;169.46;17.09;;;
37.162850;-3.502370;776;0;-7;3591;1157;169.48;17.07;;;
37.162806;-3.502586;774;0;-6;3591;1157;169.5;17.05;;;
37.162716;-3.502782;773;0;-4;3591;1157;169.52;17.03;;;
37.162624;-3.502975;773;0;-4;3591;1157;169.54;17.01;;;
37.162520;-3.503134;772;0;-3;3591;1157;169.56;16.99;;;
37.162402;-3.503305;772;0;-2;3591;1157;169.58;16.97;;;
37.162285;-3.503475;771;0;-2;3591;1157;169.6;16.95;;;
37.162167;-3.503646;771;0;-2;3591;1157;169.62;16.93;;;
37.162060;-3.503827;770;0;-2;3591;1157;169.64;16.91;;;
37.161962;-3.504016;770;0;-2;3591;1157;169.66;16.89;;;
37.161871;-3.504211;770;0;-1;3591;1157;169.68;16.87;;;
37.161808;-3.504420;769;0;-1;3591;1157;169.7;16.85;51;;
37.161757;-3.504637;769;0;-1;3591;1157;169.72;16.83;;;
37.161733;-3.504860;769;0;-1;3591;1157;169.74;16.81;;;
37.161693;-3.505080;769;0;-1;3591;1157;169.76;16.79;;;
37.161649;-3.505299;769;0;0;3591;1157;169.78;16.77;;;
37.161605;-3.505518;769;0;0;3591;1157;169.8;16.75;;;
37.161560;-3.505736;769;0;0;3591;1157;169.82;16.73;;;
37.161516;-3.505955;769;0;0;3591;1157;169.84;16.71;;;
37.161479;-3.506175;769;0;1;3591;1157;169.86;16.69;;;
37.161483;-3.506400;770;0;1;3592;1156;169.88;16.67;;;
37.161487;-3.506626;769;0;1;3592;1156;169.9;16.65;;;
37.161533;-3.506843;770;0;1;3593;1155;169.92;16.63;;;
37.161609;-3.507045;770;0;1;3593;1155;169.94;16.61;;;
37.161717;-3.507224;771;0;2;3593;1155;169.96;16.59;;;
37.161840;-3.507390;771;0;3;3593;1155;169.98;16.57;;;
37.161972;-3.507542;771;0;3;3594;1154;170;16.55;;;
37.162107;-3.507691;772;0;2;3594;1154;170.02;16.53;;;
37.162242;-3.507841;772;0;3;3595;1153;170.04;16.51;;;
37.162374;-3.507994;774;0;3;3597;1151;170.06;16.49;;;
37.162507;-3.507910;774;0;3;3597;1151;170.08;16.47;;;
37.162642;-3.507762;774;0;4;3598;1150;170.1;16.45;;;
37.162778;-3.507615;775;0;5;3598;1150;170.12;16.43;;;
37.162914;-3.507466;776;0;4;3599;1149;170.14;16.41;;;
37.163049;-3.507318;776;0;5;3600;1148;170.16;16.39;;;
37.163172;-3.507153;778;0;5;3602;1146;170.18;16.37;;;
37.163244;-3.506951;780;0;4;3603;1145;170.2;16.35;;;
37.163267;-3.506728;780;0;4;3604;1144;170.22;16.33;;;
37.163280;-3.506502;781;0;4;3604;1144;170.24;16.31;;;
37.163291;-3.506277;781;0;3;3605;1143;170.26;16.29;;;
37.163303;-3.506052;782;0;3;3605;1143;170.28;16.27;;;
37.163319;-3.505827;782;0;3;3606;1142;170.3;16.25;;;
37.163341;-3.505603;783;0;4;3606;1142;170.32;16.23;;;
37.163378;-3.505383;784;0;4;3608;1140;170.34;16.21;;;
37.163426;-3.505166;785;0;4;3608;1140;170.36;16.19;;;
37.163503;-3.504963;786;0;4;3609;1139;170.38;16.17;;;
37.163590;-3.504766;786;0;4;3610;1138;170.4;16.15;;;
37.163678;-3.504569;787;0;4;3611;1137;170.42;16.13;;;
37.163765;-3.504371;788;0;4;3612;1136;170.44;16.11;;;
37.163852;-3.504174;789;0;3;3612;1136;170.46;16.09;;;
37.163939;-3.503976;790;0;3;3613;1135;170.48;16.07;;;
37.164011;-3.503770;790;0;3;3614;1134;170.5;16.05;;;
37.164070;-3.503557;791;0;3;3614;1134;170.52;16.03;;;
37.164113;-3.503338;791;0;4;3615;1133;170.54;16.01;;;
37.164172;-3.503127;791;0;4;3615;1133;170.56;15.99;;;
37.164278;-3.502948;793;0;4;3616;1132;170.58;15.97;;;
37.164445;-3.502864;793;0;4;3617;1131;170.6;15.95;;;
37.164570;-3.502715;795;0;4;3618;1130;170.62;15.93;;;
37.164556;-3.502499;796;0;5;3619;1129;170.64;15.91;;;
37.164491;-3.502288;796;0;4;3620;1128;170.66;15.89;;;
37.164447;-3.502073;797;0;4;3621;1127;170.68;15.87;;;
37.164443;-3.501848;798;0;3;3621;1127;170.7;15.85;;;
37.164440;-3.501622;799;0;3;3622;1126;170.72;15.83;;;
37.164419;-3.501398;799;0;3;3623;1125;170.74;15.81;;;
37.164379;-3.501179;800;0;3;3623;1125;170.76;15.79;;;
37.164318;-3.500967;800;0;3;3624;1124;170.78;15.77;;;
37.164264;-3.500752;801;0;3;3624;1124;170.8;15.75;;;
37.164243;-3.500528;801;0;3;3625;1123;170.82;15.73;;;
37.164221;-3.500304;802;0;3;3626;1122;170.84;15.71;;;
37.164259;-3.500086;803;0;3;3627;1121;170.86;15.69;;;
37.164330;-3.499879;803;0;3;3627;1121;170.88;15.67;;;
37.164400;-3.499671;804;0;3;3628;1120;170.9;15.65;;;
37.164447;-3.499454;804;0;3;3628;1120;170.92;15.63;;;
37.164485;-3.499233;805;0;3;3628;1120;170.94;15.61;;;
37.164528;-3.499015;805;0;4;3629;1119;170.96;15.59;;;
37.164619;-3.498821;806;0;4;3630;1118;170.98;15.57;;;
37.164733;-3.498646;807;0;4;3630;1118;171;15.55;;;
37.164792;-3.498433;807;0;4;3631;1117;171.02;15.53;;;
37.164849;-3.498220;810;0;4;3633;1115;171.04;15.51;;;
37.164925;-3.498015;810;0;4;3633;1115;171.06;15.49;;;
37.165047;-3.497850;811;0;4;3634;1114;171.08;15.47;;;
37.165156;-3.497674;812;0;4;3635;1113;171.1;15.45;;;
37.165181;-3.497456;812;0;3;3636;1112;171.12;15.43;;;
37.165125;-3.497245;813;0;3;3637;1111;171.14;15.41;;;
37.165001;-3.497081;813;0;3;3637;1111;171.16;15.39;;;
37.164877;-3.496918;813;0;3;3637;1111;171.18;15.37;;;
37.164761;-3.496748;814;0;2;3639;1109;171.2;15.35;;;
37.164674;-3.496551;815;0;2;3639;1109;171.22;15.33;;;
37.164597;-3.496346;815;0;2;3640;1108;171.24;15.31;;;
37.164509;-3.496150;816;0;3;3640;1108;171.26;15.29;;;
37.164408;-3.495964;816;0;3;3641;1107;171.28;15.27;;;
37.164280;-3.495806;817;0;3;3641;1107;171.3;15.25;;;
37.164176;-3.495623;817;0;3;3642;1106;171.32;15.23;;;
37.164118;-3.495412;818;0;4;3643;1105;171.34;15.21;;;
37.164138;-3.495189;819;0;4;3644;1104;171.36;15.19;;;
37.164206;-3.494981;820;0;4;3645;1103;171.38;15.17;;;
37.164267;-3.494771;821;0;4;3645;1103;171.4;15.15;;;
37.164281;-3.494548;822;0;3;3646;1102;171.42;15.13;;;
37.164257;-3.494324;822;0;3;3646;1102;171.44;15.11;;;
37.164233;-3.494100;823;0;3;3647;1101;171.46;15.09;;;
37.164209;-3.493877;823;0;3;3647;1101;171.48;15.07;;;
37.164100;-3.493703;824;0;3;3648;1100;171.5;15.05;;;
37.163956;-3.493567;824;0;3;3649;1099;171.52;15.03;;;
37.163813;-3.493431;825;0;4;3650;1098;171.54;15.01;;;
37.163669;-3.493296;826;0;5;3650;1098;171.56;14.99;;;
37.163525;-3.493160;827;0;4;3651;1097;171.58;14.97;;;
37.163395;-3.493009;827;0;5;3652;1096;171.6;14.95;;;
37.163338;-3.492799;829;0;5;3654;1094;171.62;14.93;;;
37.163372;-3.492579;830;0;5;3655;1093;171.64;14.91;;;
37.163418;-3.492361;831;0;6;3655;1093;171.66;14.89;;;
37.163465;-3.492143;832;0;6;3656;1092;171.68;14.87;;;
37.163511;-3.491925;833;0;5;3657;1091;171.7;14.85;;;
37.163539;-3.491706;834;0;5;3658;1090;171.72;14.83;;;
37.163469;-3.491503;836;0;5;3660;1088;171.74;14.81;;;
37.163328;-3.491365;836;0;5;3661;1087;171.76;14.79;;;
37.163180;-3.491237;837;0;5;3661;1087;171.78;14.77;;;
37.163031;-3.491109;838;0;5;3663;1085;171.8;14.75;;;
37.162883;-3.490982;839;0;5;3664;1084;171.82;14.73;;;
37.162735;-3.490854;840;0;6;3665;1083;171.84;14.71;;;
37.162640;-3.490663;841;0;6;3666;1082;171.86;14.69;;;
37.162605;-3.490442;842;0;6;3667;1081;171.88;14.67;;;
37.162571;-3.490220;843;0;6;3668;1080;171.9;14.65;;;
37.162480;-3.490040;846;0;6;3670;1078;171.92;14.63;;;
37.162310;-3.489992;847;0;6;3671;1077;171.94;14.61;;;
37.162132;-3.490009;848;0;6;3672;1076;171.96;14.59;;;
37.161957;-3.490057;849;0;7;3673;1075;171.98;14.57;;;
37.161788;-3.490134;850;0;7;3674;1074;172;14.55;;;
37.161628;-3.490237;851;0;8;3675;1073;172.02;14.53;;;
37.161454;-3.490272;852;0;8;3677;1071;172.04;14.51;;;
37.161296;-3.490176;855;0;9;3679;1069;172.06;14.49;;;
37.161238;-3.489973;857;0;9;3681;1067;172.08;14.47;;;
37.161328;-3.489793;859;0;9;3683;1065;172.1;14.45;;;
37.161492;-3.489721;862;0;9;3686;1062;172.12;14.43;;;
37.161671;-3.489744;863;0;9;3688;1060;172.14;14.41;;;
37.161850;-3.489748;866;0;9;3691;1057;172.16;14.39;;;
37.162024;-3.489700;867;0;9;3692;1056;172.18;14.37;;;
37.162185;-3.489600;868;0;9;3693;1055;172.2;14.35;;;
37.162354;-3.489526;870;0;9;3694;1054;172.22;14.33;;;
37.162533;-3.489504;872;0;9;3696;1052;172.24;14.31;;;
37.162712;-3.489487;873;0;9;3698;1050;172.26;14.29;;;
37.162878;-3.489419;876;0;9;3700;1048;172.28;14.27;;;
37.162992;-3.489252;878;0;9;3702;1046;172.3;14.25;;;
37.163028;-3.489033;881;0;9;3705;1043;172.32;14.23;;;
37.162966;-3.488825;884;0;9;3709;1039;172.34;14.21;;;
37.162834;-3.488674;886;0;9;3710;1038;172.36;14.19;;;
37.162662;-3.488618;889;0;9;3713;1035;172.38;14.17;;;
37.162499;-3.488704;890;0;9;3715;1033;172.4;14.15;;;
37.162344;-3.488817;892;0;9;3716;1032;172.42;14.13;;;
37.162179;-3.488898;894;0;9;3718;1030;172.44;14.11;;;
37.162014;-3.488842;897;0;9;3721;1027;172.46;14.09;;;
37.161883;-3.488694;899;0;9;3723;1025;172.48;14.07;;;
37.161828;-3.488483;902;0;9;3726;1022;172.5;14.05;;;
37.161856;-3.488263;904;0;9;3729;1019;172.52;14.03;;;
37.161966;-3.488094;907;0;9;3731;1017;172.54;14.01;;;
37.162133;-3.488012;909;0;9;3734;1014;172.56;13.99;;;
37.162300;-3.487927;913;0;9;3737;1011;172.58;13.97;;;
37.162454;-3.487811;915;0;9;3739;1009;172.6;13.95;;;
37.162556;-3.487625;916;0;9;3741;1007;172.62;13.93;;;
37.162605;-3.487416;918;0;9;3743;1005;172.64;13.91;;;
37.162598;-3.487193;921;0;9;3745;1003;172.66;13.89;;;
37.162538;-3.486980;922;0;9;3746;1002;172.68;13.87;;;
37.162471;-3.486770;923;0;8;3747;1001;172.7;13.85;;;
37.162401;-3.486563;924;0;8;3748;1000;172.72;13.83;;;
37.162349;-3.486348;927;0;7;3751;997;172.74;13.81;;;
37.162338;-3.486124;929;0;8;3753;995;172.76;13.79;;;
37.162341;-3.485898;930;0;8;3754;994;172.78;13.77;;;
37.162374;-3.485676;931;0;9;3756;992;172.8;13.75;;;
37.162447;-3.485471;933;0;8;3757;991;172.82;13.73;;;
37.162542;-3.485280;934;0;8;3759;989;172.84;13.71;;;
37.162651;-3.485101;936;0;8;3761;987;172.86;13.69;;;
37.162765;-3.484927;939;0;8;3764;984;172.88;13.67;;;
37.162884;-3.484757;940;0;8;3765;983;172.9;13.65;;;
37.163002;-3.484587;941;0;7;3766;982;172.92;13.63;;;
37.163118;-3.484415;942;0;6;3767;981;172.94;13.61;;;
37.163227;-3.484236;944;0;6;3768;980;172.96;13.59;;;
37.163305;-3.484033;945;0;6;3770;978;172.98;13.57;;;
37.163352;-3.483816;946;0;7;3771;977;173;13.55;;;
37.163388;-3.483595;947;0;8;3771;977;173.02;13.53;;;
37.163409;-3.483371;949;0;8;3774;974;173.04;13.51;;;
37.163425;-3.483146;950;0;8;3774;974;173.06;13.49;;;
37.163392;-3.482927;953;0;8;3778;970;173.08;13.47;;;
37.163260;-3.482777;955;0;9;3780;968;173.1;13.45;;;
37.163098;-3.482686;957;0;9;3781;967;173.12;13.43;;;
37.162921;-3.482645;958;0;9;3782;966;173.14;13.41;;;
37.162744;-3.482603;959;0;7;3783;965;173.16;13.39;;;
37.162574;-3.482533;962;0;7;3786;962;173.18;13.37;;;
37.162421;-3.482416;964;0;7;3788;960;173.2;13.35;;;
37.162292;-3.482260;964;0;7;3788;960;173.22;13.33;;;
37.162171;-3.482094;964;0;7;3789;959;173.24;13.31;;;
37.162027;-3.481960;967;0;5;3791;957;173.26;13.29;;;
37.161875;-3.481840;967;0;5;3791;957;173.28;13.27;;;
37.161738;-3.481698;969;0;5;3793;955;173.3;13.25;;;
37.161646;-3.481504;969;0;5;3794;954;173.32;13.23;;;
37.161553;-3.481310;970;0;4;3794;954;173.34;13.21;;;
37.161459;-3.481119;971;0;4;3796;952;173.36;13.19;;;
37.161345;-3.480945;972;0;3;3796;952;173.38;13.17;;;
37.161239;-3.480765;972;0;3;3797;951;173.4;13.15;;;
37.161194;-3.480548;973;0;3;3797;951;173.42;13.13;;;
37.161211;-3.480326;973;0;2;3798;950;173.44;13.11;;;
37.161288;-3.480126;974;0;2;3798;950;173.46;13.09;;;
37.161383;-3.479936;974;0;2;3799;949;173.48;13.07;;;
37.161428;-3.479717;975;0;1;3799;949;173.5;13.05;;;
37.161404;-3.479494;975;0;1;3799;949;173.52;13.03;;;
37.161388;-3.479269;975;0;1;3799;949;173.54;13.01;;;
37.161429;-3.479054;975;0;1;3799;949;173.56;12.99;;;
37.161522;-3.478861;975;0;1;3800;948;173.58;12.97;;;
37.161617;-3.478669;976;0;0;3800;948;173.6;12.95;;;
37.161691;-3.478466;976;0;0;3800;948;173.62;12.93;;;
37.161709;-3.478245;976;0;0;3800;948;173.64;12.91;;;
37.161648;-3.478033;976;0;0;3800;948;173.66;12.89;;;
37.161596;-3.477819;975;0;0;3800;948;173.68;12.87;;;
37.161589;-3.477594;975;0;-1;3800;948;173.7;12.85;;;
37.161610;-3.477370;975;0;-1;3800;948;173.72;12.83;;;
37.161620;-3.477147;975;0;-1;3800;948;173.74;12.81;;;
37.161544;-3.476944;975;0;-1;3800;948;173.76;12.79;;;
37.161397;-3.476815;975;0;-1;3800;948;173.78;12.77;;;
37.161236;-3.476714;975;0;-1;3800;948;173.8;12.75;;;
37.161075;-3.476613;975;0;-1;3800;948;173.82;12.73;;;
37.160930;-3.476484;974;0;-1;3800;948;173.84;12.71;;;
37.160825;-3.476303;974;0;-1;3800;948;173.86;12.69;;;
37.160741;-3.476104;974;0;-1;3800;948;173.88;12.67;;;
37.160677;-3.475894;974;0;-1;3800;948;173.9;12.65;;;
37.160612;-3.475683;974;0;-1;3800;948;173.92;12.63;;;
37.160598;-3.475461;974;0;-1;3800;948;173.94;12.61;;;
37.160619;-3.475236;974;0;-1;3800;948;173.96;12.59;;;
37.160619;-3.475012;973;0;-1;3800;948;173.98;12.57;;;
37.160529;-3.474820;973;0;-1;3800;948;174;12.55;;;
37.160375;-3.474706;973;0;-1;3800;948;174.02;12.53;;;
37.160213;-3.474608;973;0;-1;3800;948;174.04;12.51;;;
37.160077;-3.474469;973;0;0;3800;948;174.06;12.49;;;
37.159996;-3.474268;973;0;0;3800;948;174.08;12.47;;;
37.159947;-3.474051;973;0;0;3800;948;174.1;12.45;;;
37.159896;-3.473835;973;0;0;3800;948;174.12;12.43;;;
37.159825;-3.473628;973;0;0;3800;948;174.14;12.41;;;
37.159739;-3.473429;973;0;0;3800;948;174.16;12.39;;;
37.159656;-3.473229;973;0;1;3800;948;174.18;12.37;;;
37.159593;-3.473018;973;0;1;3800;948;174.2;12.35;;;
37.159569;-3.472796;973;0;2;3801;947;174.22;12.33;;;
37.159585;-3.472572;974;0;3;3801;947;174.24;12.31;;;
37.159603;-3.472347;974;0;3;3802;946;174.26;12.29;;;
37.159638;-3.472126;975;0;4;3802;946;174.28;12.27;;;
37.159676;-3.471905;975;0;3;3803;945;174.3;12.25;;;
37.159752;-3.471702;977;0;4;3804;944;174.32;12.23;;;
37.159830;-3.471499;978;0;4;3805;943;174.34;12.21;;;
37.159917;-3.471301;978;0;4;3806;942;174.36;12.19;;;
37.160004;-3.471104;979;0;4;3806;942;174.38;12.17;;;
37.160092;-3.470907;979;0;4;3807;941;174.4;12.15;;;
37.160179;-3.470709;980;0;4;3808;940;174.42;12.13;;;
37.160266;-3.470512;981;0;4;3809;939;174.44;12.11;;;
37.160356;-3.470316;982;0;5;3810;938;174.46;12.09;;;
37.160459;-3.470132;983;0;5;3810;938;174.48;12.07;;;
37.160595;-3.469986;983;0;5;3811;937;174.5;12.05;;;
37.160738;-3.469848;984;0;5;3812;936;174.52;12.03;;;
37.160887;-3.469724;986;0;5;3814;934;174.54;12.01;;;
37.161038;-3.469600;987;0;6;3815;933;174.56;11.99;;;
37.161188;-3.469476;988;0;6;3816;932;174.58;11.97;;;
37.161336;-3.469349;990;0;5;3817;931;174.6;11.95;;;
37.161474;-3.469203;991;0;5;3818;930;174.62;11.93;;;
37.161585;-3.469027;991;0;5;3819;929;174.64;11.91;;;
37.161677;-3.468835;992;0;6;3820;928;174.66;11.89;;;
37.161750;-3.468628;993;0;5;3821;927;174.68;11.87;;;
37.161852;-3.468444;994;0;5;3822;926;174.7;11.85;;;
37.161986;-3.468295;996;0;5;3823;925;174.72;11.83;;;
37.162124;-3.468150;997;0;6;3825;923;174.74;11.81;;;
37.162262;-3.468005;998;0;6;3826;922;174.76;11.79;;;
37.162414;-3.467885;999;0;6;3827;921;174.78;11.77;;;
37.162571;-3.467774;1000;0;6;3827;921;174.8;11.75;;;
37.162727;-3.467663;1001;0;7;3829;919;174.82;11.73;;;
37.162883;-3.467550;1003;0;8;3831;917;174.84;11.71;;;
37.163039;-3.467439;1004;0;8;3832;916;174.86;11.69;;;
37.163160;-3.467274;1006;0;8;3833;915;174.88;11.67;;;
37.163227;-3.467070;1009;0;7;3836;912;174.9;11.65;;;
37.163209;-3.466845;1010;0;7;3838;910;174.92;11.63;;;
37.163129;-3.466644;1011;0;7;3839;909;174.94;11.61;;;
37.162990;-3.466505;1012;0;7;3840;908;174.96;11.59;;;
37.162843;-3.466375;1013;0;6;3841;907;174.98;11.57;;;
37.162696;-3.466245;1014;0;6;3842;906;175;11.55;;;
37.162560;-3.466098;1015;0;6;3843;905;175.02;11.53;;;
37.162412;-3.465976;1016;0;7;3844;904;175.04;11.51;;;
37.162244;-3.465894;1017;0;7;3845;903;175.06;11.49;;;
37.162077;-3.465812;1019;0;7;3847;901;175.08;11.47;;;
37.161922;-3.465699;1021;0;7;3849;899;175.1;11.45;;;
37.161802;-3.465533;1023;0;8;3851;897;175.12;11.43;;;
37.161706;-3.465344;1024;0;8;3852;896;175.14;11.41;;;
37.161648;-3.465131;1026;0;7;3854;894;175.16;11.39;;;
37.161638;-3.464906;1027;0;6;3855;893;175.18;11.37;;;
37.161628;-3.464680;1029;0;6;3857;891;175.2;11.35;;;
37.161639;-3.464455;1030;0;6;3858;890;175.22;11.33;;;
37.161650;-3.464230;1031;0;5;3858;890;175.24;11.31;;;
37.161660;-3.464004;1032;0;5;3859;889;175.26;11.29;;;
37.161671;-3.463779;1033;0;6;3860;888;175.28;11.27;;;
37.161696;-3.463558;1034;0;5;3861;887;175.3;11.25;;;
37.161761;-3.463347;1034;0;5;3862;886;175.32;11.23;;;
37.161843;-3.463148;1035;0;5;3862;886;175.34;11.21;;;
37.161963;-3.462980;1038;0;5;3865;883;175.36;11.19;;;
37.162077;-3.462807;1038;0;5;3866;882;175.38;11.17;;;
37.162171;-3.462615;1039;0;6;3867;881;175.4;11.15;;;
37.162252;-3.462414;1040;0;6;3868;880;175.42;11.13;;;
37.162325;-3.462207;1041;0;5;3869;879;175.44;11.11;;;
37.162366;-3.461988;1042;0;6;3870;878;175.46;11.09;;;
37.162360;-3.461763;1043;0;6;3871;877;175.48;11.07;;;
37.162331;-3.461540;1045;0;6;3873;875;175.5;11.05;;;
37.162262;-3.461335;1046;0;6;3874;874;175.52;11.03;;;
37.162156;-3.461155;1047;0;6;3875;873;175.54;11.01;;;
37.162017;-3.461013;1048;0;6;3876;872;175.56;10.99;;;
37.161864;-3.460897;1049;0;7;3877;871;175.58;10.97;;;
37.161693;-3.460829;1051;0;7;3879;869;175.6;10.95;;;
37.161516;-3.460792;1052;0;7;3879;869;175.62;10.93;;;
37.161338;-3.460754;1053;0;7;3881;867;175.64;10.91;;;
37.161175;-3.460670;1055;0;7;3883;865;175.66;10.89;;;
37.161064;-3.460498;1057;0;6;3885;863;175.68;10.87;;;
37.160991;-3.460292;1058;0;7;3886;862;175.7;10.85;;;
37.160929;-3.460081;1059;0;6;3887;861;175.72;10.83;;;
37.160918;-3.459856;1060;0;5;3888;860;175.74;10.81;;;
37.160954;-3.459634;1061;0;5;3889;859;175.76;10.79;;;
37.160989;-3.459413;1063;0;6;3891;857;175.78;10.77;;;
37.161046;-3.459199;1063;0;6;3891;857;175.8;10.75;;;
37.161103;-3.458985;1064;0;6;3892;856;175.82;10.73;;;
37.161164;-3.458773;1065;0;6;3893;855;175.84;10.71;;;
37.161230;-3.458563;1067;0;6;3895;853;175.86;10.69;;;
37.161282;-3.458348;1068;0;6;3896;852;175.88;10.67;;;
37.161293;-3.458129;1070;0;5;3898;850;175.9;10.65;;;
37.161217;-3.457924;1071;0;5;3899;849;175.92;10.63;;;
37.161130;-3.457726;1071;0;5;3899;849;175.94;10.61;;;
37.161044;-3.457528;1072;0;4;3900;848;175.96;10.59;;;
37.160996;-3.457314;1073;0;3;3901;847;175.98;10.57;;;
37.160977;-3.457089;1074;0;3;3902;846;176;10.55;;;
37.160954;-3.456866;1074;0;3;3902;846;176.02;10.53;;;
37.160918;-3.456645;1075;0;3;3903;845;176.04;10.51;;;
37.160881;-3.456424;1075;0;3;3903;845;176.06;10.49;;;
37.160844;-3.456203;1076;0;3;3904;844;176.08;10.47;;;
37.160808;-3.455982;1076;0;3;3904;844;176.1;10.45;;;
37.160772;-3.455761;1077;0;3;3905;843;176.12;10.43;;;
37.160752;-3.455538;1077;0;3;3905;843;176.14;10.41;;;
37.160769;-3.455314;1078;0;3;3906;842;176.16;10.39;;;
37.160798;-3.455091;1079;0;3;3907;841;176.18;10.37;;;
37.160827;-3.454869;1079;0;2;3907;841;176.2;10.35;;;
37.160856;-3.454646;1080;0;2;3908;840;176.22;10.33;;;
37.160884;-3.454423;1080;0;2;3908;840;176.24;10.31;;;
37.160883;-3.454198;1080;0;1;3908;840;176.26;10.29;;;
37.160873;-3.453973;1081;0;1;3908;840;176.28;10.27;;;
37.160848;-3.453749;1081;0;1;3909;839;176.3;10.25;;;
37.160833;-3.453525;1081;0;1;3909;839;176.32;10.23;;;
37.160864;-3.453304;1081;0;1;3909;839;176.34;10.21;;;
37.160927;-3.453093;1081;0;1;3909;839;176.36;10.19;;;
37.160990;-3.452882;1081;0;1;3909;839;176.38;10.17;;;
37.161052;-3.452670;1081;0;0;3909;839;176.4;10.15;;;
37.161106;-3.452457;1082;0;0;3909;839;176.42;10.13;;;
37.161046;-3.452248;1082;0;0;3910;838;176.44;10.11;;;
37.160922;-3.452094;1081;0;0;3910;838;176.46;10.09;;;
37.160756;-3.452009;1081;0;-1;3910;838;176.48;10.07;;;
37.160588;-3.451927;1081;0;-1;3910;838;176.5;10.05;;;
37.160417;-3.451857;1081;0;-1;3910;838;176.52;10.03;;;
37.160253;-3.451770;1081;0;-1;3910;838;176.54;10.01;;;
37.160105;-3.451642;1081;0;-1;3910;838;176.56;9.99;;;
37.160001;-3.451458;1081;0;-1;3910;838;176.58;9.97;;;
37.159915;-3.451260;1080;0;-1;3910;838;176.6;9.95;;;
37.159837;-3.451057;1080;0;-1;3910;838;176.62;9.93;;;
37.159695;-3.450919;1080;0;-1;3910;838;176.64;9.91;;;
37.159540;-3.450806;1080;0;-1;3910;838;176.66;9.89;;;
37.159389;-3.450684;1079;0;-2;3910;838;176.68;9.87;;;
37.159300;-3.450499;1079;0;-2;3910;838;176.7;9.85;;;
37.159320;-3.450275;1079;0;-2;3910;838;176.72;9.83;;;
37.159321;-3.450055;1078;0;-2;3910;838;176.74;9.81;;;
37.159235;-3.449861;1078;0;-2;3910;838;176.76;9.79;;;
37.159113;-3.449696;1077;0;-2;3910;838;176.78;9.77;;;
37.159013;-3.449511;1077;0;-2;3910;838;176.8;9.75;;;
37.158976;-3.449292;1076;0;-2;3910;838;176.82;9.73;;;
37.158972;-3.449067;1076;0;-2;3910;838;176.84;9.71;;;
37.158978;-3.448841;1076;0;-1;3910;838;176.86;9.69;;;
37.158983;-3.448616;1076;0;-1;3910;838;176.88;9.67;;;
37.158988;-3.448390;1075;0;-1;3910;838;176.9;9.65;;;
37.159022;-3.448169;1075;0;-1;3910;838;176.92;9.63;;;
37.159057;-3.447947;1075;0;-1;3910;838;176.94;9.61;;;
37.159091;-3.447726;1075;0;-1;3910;838;176.96;9.59;;;
37.159076;-3.447512;1075;0;-1;3910;838;176.98;9.57;;;
37.158922;-3.447410;1074;0;-1;3910;838;177;9.55;;;
37.158743;-3.447408;1074;0;-1;3910;838;177.02;9.53;;;
37.158563;-3.447408;1074;0;-1;3910;838;177.04;9.51;;;
37.158385;-3.447380;1074;0;-1;3910;838;177.06;9.49;;;
37.158206;-3.447399;1074;0;-1;3910;838;177.08;9.47;;;
37.158032;-3.447456;1073;0;-1;3910;838;177.1;9.45;;;
37.157857;-3.447513;1073;0;-1;3910;838;177.12;9.43;;;
37.157682;-3.447533;1073;0;-1;3910;838;177.14;9.41;;;
37.157571;-3.447375;1073;0;-1;3910;838;177.16;9.39;;;
37.157510;-3.447163;1073;0;-1;3910;838;177.18;9.37;;;
37.157448;-3.446951;1073;0;-1;3910;838;177.2;9.35;;;
37.157353;-3.446766;1073;0;0;3910;838;177.22;9.33;;;
37.157208;-3.446632;1072;0;0;3910;838;177.24;9.31;;;
37.157062;-3.446501;1072;0;-1;3910;838;177.26;9.29;;;
37.156979;-3.446311;1072;0;-1;3910;838;177.28;9.27;;;
37.156985;-3.446085;1072;0;-1;3910;838;177.3;9.25;;;
37.156953;-3.445870;1072;0;-1;3910;838;177.32;9.23;;;
37.156871;-3.445669;1072;0;-1;3910;838;177.34;9.21;;;
37.156799;-3.445464;1072;0;-1;3910;838;177.36;9.19;;;
37.156812;-3.445251;1071;0;-1;3910;838;177.38;9.17;;;
37.156913;-3.445066;1071;0;-1;3910;838;177.4;9.15;;;
37.157029;-3.444893;1071;0;-1;3910;838;177.42;9.13;;;
37.157151;-3.444728;1071;0;-1;3910;838;177.44;9.11;;;
37.157284;-3.444577;1070;0;-1;3910;838;177.46;9.09;;;
37.157418;-3.444425;1070;0;-1;3910;838;177.48;9.07;;;
37.157553;-3.444277;1070;0;-1;3910;838;177.5;9.05;;;
37.157708;-3.444163;1070;0;-1;3910;838;177.52;9.03;;;
37.157871;-3.444068;1070;0;-1;3910;838;177.54;9.01;;;
37.158034;-3.443973;1069;0;-1;3910;838;177.56;8.99;;;
37.158178;-3.443839;1069;0;-2;3910;838;177.58;8.97;;;
37.158319;-3.443698;1069;0;-2;3910;838;177.6;8.95;;;
37.158450;-3.443544;1068;0;-2;3910;838;177.62;8.93;;;
37.158574;-3.443381;1068;0;-2;3910;838;177.64;8.91;;;
37.158699;-3.443219;1068;0;-2;3910;838;177.66;8.89;;;
37.158823;-3.443056;1067;0;-1;3910;838;177.68;8.87;;;
37.158947;-3.442892;1067;0;-1;3910;838;177.7;8.85;;;
37.158998;-3.442678;1067;0;-1;3910;838;177.72;8.83;;;
37.159006;-3.442453;1067;0;-1;3910;838;177.74;8.81;;;
37.159003;-3.442227;1066;0;-1;3910;838;177.76;8.79;;;
37.158997;-3.442002;1066;0;-1;3910;838;177.78;8.77;;;
37.158990;-3.441776;1066;0;-1;3910;838;177.8;8.75;;;
37.158983;-3.441551;1066;0;-1;3910;838;177.82;8.73;;;
37.158970;-3.441326;1065;0;-1;3910;838;177.84;8.71;;;
37.158943;-3.441103;1065;0;-1;3910;838;177.86;8.69;;;
37.158879;-3.440893;1065;0;-1;3910;838;177.88;8.67;;;
37.158805;-3.440688;1065;0;-1;3910;838;177.9;8.65;52;;
37.158731;-3.440482;1065;0;-1;3910;838;177.92;8.63;;;
37.158647;-3.440283;1064;0;-1;3910;838;177.94;8.61;;;
37.158552;-3.440091;1064;0;-1;3910;838;177.96;8.59;;;
37.158474;-3.439890;1064;0;-2;3910;838;177.98;8.57;;;
37.158420;-3.439675;1064;0;-2;3910;838;178;8.55;;;
37.158452;-3.439461;1064;0;-1;3910;838;178.02;8.53;;;
37.158564;-3.439284;1064;0;0;3910;838;178.04;8.51;;;
37.158618;-3.439074;1061;0;0;3910;838;178.06;8.49;;;
37.158613;-3.438849;1061;0;0;3910;838;178.08;8.47;;;
37.158536;-3.438650;1064;0;1;3912;836;178.1;8.45;;;
37.158405;-3.438496;1064;0;1;3912;836;178.12;8.43;;;
37.158272;-3.438345;1064;0;1;3913;835;178.14;8.41;;;
37.158122;-3.438220;1064;0;-1;3913;835;178.16;8.39;;;
37.157973;-3.438093;1065;0;2;3913;835;178.18;8.37;;;
37.157959;-3.437871;1065;0;2;3914;834;178.2;8.35;;;
37.157946;-3.437647;1061;0;3;3914;834;178.22;8.33;;;
37.157915;-3.437425;1062;0;3;3915;833;178.24;8.31;;;
37.157847;-3.437224;1067;0;4;3921;827;178.26;8.29;;;
37.157708;-3.437090;1068;0;4;3921;827;178.28;8.27;;;
37.157535;-3.437048;1068;0;8;3922;826;178.3;8.25;;;
37.157356;-3.437046;1070;0;7;3923;825;178.32;8.23;;;
37.157229;-3.436892;1071;0;4;3925;823;178.34;8.21;;;
37.157258;-3.436669;1072;0;1;3926;822;178.36;8.19;;;
37.157305;-3.436452;1073;0;1;3927;821;178.38;8.17;;;
37.157393;-3.436260;1074;0;3;3928;820;178.4;8.15;;;
37.157543;-3.436144;1071;0;7;3928;820;178.42;8.13;;;
37.157704;-3.436045;1069;0;8;3929;819;178.44;8.11;;;
37.157860;-3.435931;1070;0;9;3930;818;178.46;8.09;;;
37.157886;-3.435733;1076;0;9;3936;812;178.48;8.07;;;
37.157867;-3.435512;1083;0;9;3942;806;178.5;8.05;53;;
37.157816;-3.435316;1086;0;9;3945;803;178.52;8.03;;;
37.157711;-3.435135;1087;0;9;3947;801;178.54;8.01;;;
37.157656;-3.434921;1088;0;9;3948;800;178.56;7.99;;;
37.157604;-3.434705;1090;0;7;3950;798;178.58;7.97;;;
37.157561;-3.434486;1091;0;7;3951;797;178.6;7.95;;;
37.157541;-3.434262;1093;0;6;3952;796;178.62;7.93;;;
37.157488;-3.434049;1093;0;7;3953;795;178.64;7.91;;;
37.157421;-3.433839;1094;0;6;3954;794;178.66;7.89;;;
37.157342;-3.433637;1096;0;6;3956;792;178.68;7.87;;;
37.157280;-3.433426;1098;0;6;3957;791;178.7;7.85;;;
37.157252;-3.433204;1099;0;7;3958;790;178.72;7.83;;;
37.157229;-3.432980;1099;0;7;3959;789;178.74;7.81;;;
37.157261;-3.432767;1101;0;6;3961;787;178.76;7.79;;;
37.157306;-3.432560;1103;0;4;3962;786;178.78;7.77;;;
37.157192;-3.432393;1105;0;3;3964;784;178.8;7.75;;;
37.157049;-3.432257;1105;0;4;3965;783;178.82;7.73;;;
37.156936;-3.432085;1107;0;5;3966;782;178.84;7.71;;;
37.156910;-3.431878;1103;0;4;3966;782;178.86;7.69;;;
37.156979;-3.431672;1105;0;5;3968;780;178.88;7.67;;;
37.156986;-3.431446;1107;0;6;3970;778;178.9;7.65;;;
37.156951;-3.431228;1109;0;7;3972;776;178.92;7.63;;;
37.156878;-3.431022;1110;0;9;3974;774;178.94;7.61;;;
37.156730;-3.430909;1113;0;9;3977;771;178.96;7.59;;;
37.156551;-3.430902;1114;0;9;3978;770;178.98;7.57;;;
37.156385;-3.430850;1116;0;9;3979;769;179;7.55;;;
37.156265;-3.430683;1118;0;8;3981;767;179.02;7.53;;;
37.156153;-3.430507;1119;0;9;3982;766;179.04;7.51;;;
37.156042;-3.430330;1122;0;9;3985;763;179.06;7.49;;;
37.155960;-3.430134;1123;0;9;3986;762;179.08;7.47;;;
37.155917;-3.429915;1124;0;9;3988;760;179.1;7.45;54;;
37.155891;-3.429693;1128;0;9;3991;757;179.12;7.43;;;
37.155848;-3.429475;1129;0;8;3993;755;179.14;7.41;;;
37.155789;-3.429262;1131;0;9;3994;754;179.16;7.39;;;
37.155720;-3.429054;1132;0;9;3995;753;179.18;7.37;;;
37.155643;-3.428850;1133;0;8;3997;751;179.2;7.35;;;
37.155562;-3.428648;1135;0;8;3998;750;179.22;7.33;;;
37.155464;-3.428462;1137;0;9;4001;747;179.24;7.31;;;
37.155350;-3.428288;1139;0;9;4002;746;179.26;7.29;;;
37.155259;-3.428093;1140;0;9;4003;745;179.28;7.27;;;
37.155168;-3.427898;1143;0;9;4006;742;179.3;7.25;;;
37.155070;-3.427711;1145;0;9;4009;739;179.32;7.23;;;
37.154995;-3.427506;1147;0;9;4010;738;179.34;7.21;;;
37.154876;-3.427342;1148;0;9;4012;736;179.36;7.19;;;
37.154742;-3.427191;1150;0;9;4013;735;179.38;7.17;;;
37.154615;-3.427032;1152;0;9;4015;733;179.4;7.15;;;
37.154520;-3.426842;1155;0;9;4018;730;179.42;7.13;;;
37.154413;-3.426661;1157;0;9;4020;728;179.44;7.11;;;
37.154337;-3.426464;1158;0;9;4022;726;179.46;7.09;;;
37.154296;-3.426244;1160;0;9;4023;725;179.48;7.07;;;
37.154213;-3.426044;1161;0;9;4025;723;179.5;7.05;;;
37.154130;-3.425844;1164;0;9;4027;721;179.52;7.03;;;
37.154092;-3.425623;1166;0;9;4029;719;179.54;7.01;;;
37.154064;-3.425401;1168;0;9;4032;716;179.56;6.99;;;
37.154011;-3.425187;1170;0;9;4033;715;179.58;6.97;;;
37.153963;-3.424971;1172;0;9;4035;713;179.6;6.95;;;
37.153949;-3.424746;1173;0;9;4036;712;179.62;6.93;;;
37.154014;-3.424538;1175;0;9;4039;709;179.64;6.91;;;
37.154125;-3.424361;1178;0;9;4041;707;179.66;6.89;;;
37.154237;-3.424184;1180;0;9;4044;704;179.68;6.87;;;
37.154320;-3.423989;1183;0;9;4046;702;179.7;6.85;;;
37.154370;-3.423772;1184;0;9;4047;701;179.72;6.83;;;
37.154465;-3.423589;1188;0;9;4051;697;179.74;6.81;;;
37.154591;-3.423427;1190;0;9;4054;694;179.76;6.79;;;
37.154715;-3.423265;1193;0;9;4056;692;179.78;6.77;;;
37.154832;-3.423106;1195;0;9;4059;689;179.8;6.75;;;
37.154855;-3.422882;1197;0;9;4060;688;179.82;6.73;;;
37.154924;-3.422675;1199;0;9;4062;686;179.84;6.71;;;
37.154979;-3.422471;1202;0;9;4065;683;179.86;6.69;;;
37.154946;-3.422249;1203;0;9;4066;682;179.88;6.67;;;
37.154881;-3.422044;1206;0;9;4070;678;179.9;6.65;;;
37.154779;-3.421858;1208;0;9;4071;677;179.92;6.63;;;
37.154689;-3.421664;1211;0;9;4074;674;179.94;6.61;;;
37.154617;-3.421457;1212;0;9;4075;673;179.96;6.59;;;
37.154546;-3.421250;1214;0;8;4078;670;179.98;6.57;;;
37.154503;-3.421031;1216;0;8;4079;669;180;6.55;;;
37.154440;-3.420822;1217;0;9;4080;668;180.02;6.53;;;
37.154353;-3.420624;1218;0;9;4081;667;180.04;6.51;;;
37.154286;-3.420415;1219;0;9;4083;665;180.06;6.49;;;
37.154227;-3.420202;1221;0;9;4084;664;180.08;6.47;;;
37.154215;-3.419985;1225;0;9;4088;660;180.1;6.45;;;
37.154277;-3.419773;1227;0;9;4090;658;180.12;6.43;;;
37.154358;-3.419571;1228;0;9;4091;657;180.14;6.41;;;
37.154440;-3.419371;1231;0;9;4095;653;180.16;6.39;;;
37.154509;-3.419162;1233;0;9;4096;652;180.18;6.37;;;
37.154577;-3.418954;1234;0;9;4098;650;180.2;6.35;;;
37.154590;-3.418745;1236;0;9;4099;649;180.22;6.33;;;
37.154519;-3.418538;1237;0;9;4100;648;180.24;6.31;;;
37.154499;-3.418321;1241;0;9;4104;644;180.26;6.29;;;
37.154522;-3.418097;1243;0;9;4106;642;180.28;6.27;;;
37.154580;-3.417885;1246;0;9;4109;639;180.3;6.25;;;
37.154608;-3.417662;1248;0;9;4111;637;180.32;6.23;;;
37.154617;-3.417437;1249;0;9;4112;636;180.34;6.21;;;
37.154626;-3.417211;1250;0;8;4114;634;180.36;6.19;;;
37.154634;-3.416986;1251;0;7;4115;633;180.38;6.17;;;
37.154626;-3.416761;1253;0;8;4116;632;180.4;6.15;;;
37.154586;-3.416542;1255;0;8;4118;630;180.42;6.13;;;
37.154515;-3.416336;1257;0;8;4120;628;180.44;6.11;;;
37.154433;-3.416135;1258;0;9;4121;627;180.46;6.09;;;
37.154372;-3.415924;1260;0;9;4124;624;180.48;6.07;;;
37.154328;-3.415705;1262;0;9;4125;623;180.5;6.05;;;
37.154333;-3.415479;1263;0;9;4126;622;180.52;6.03;;;
37.154339;-3.415254;1266;0;9;4129;619;180.54;6.01;;;
37.154374;-3.415033;1267;0;9;4130;618;180.56;5.99;;;
37.154410;-3.414812;1270;0;9;4133;615;180.58;5.97;;;
37.154466;-3.414597;1272;0;9;4135;613;180.6;5.95;;;
37.154521;-3.414382;1274;0;9;4137;611;180.62;5.93;;;
37.154577;-3.414168;1276;0;9;4140;608;180.64;5.91;;;
37.154631;-3.413953;1278;0;9;4142;606;180.66;5.89;;;
37.154681;-3.413736;1280;0;9;4143;605;180.68;5.87;;;
37.154716;-3.413515;1282;0;9;4145;603;180.7;5.85;;;
37.154737;-3.413291;1283;0;9;4146;602;180.72;5.83;;;
37.154843;-3.413111;1285;0;8;4148;600;180.74;5.81;;;
37.154917;-3.412907;1287;0;8;4150;598;180.76;5.79;;;
37.154983;-3.412697;1289;0;9;4152;596;180.78;5.77;;;
37.155050;-3.412487;1290;0;8;4154;594;180.8;5.75;;;
37.155089;-3.412269;1292;0;8;4155;593;180.82;5.73;;;
37.155134;-3.412053;1294;0;9;4157;591;180.84;5.71;;;
37.155220;-3.411855;1295;0;9;4158;590;180.86;5.69;;;
37.155312;-3.411661;1296;0;9;4160;588;180.88;5.67;;;
37.155411;-3.411475;1298;0;9;4162;586;180.9;5.65;;;
37.155564;-3.411360;1302;0;9;4165;583;180.92;5.63;;;
37.155738;-3.411301;1303;0;9;4167;581;180.94;5.61;;;
37.155894;-3.411191;1306;0;9;4169;579;180.96;5.59;;;
37.156027;-3.411039;1307;0;8;4170;578;180.98;5.57;;;
37.156138;-3.410864;1308;0;7;4171;577;181;5.55;;;
37.156228;-3.410669;1309;0;7;4173;575;181.02;5.53;;;
37.156303;-3.410464;1310;0;7;4174;574;181.04;5.51;;;
37.156392;-3.410269;1311;0;7;4175;573;181.06;5.49;;;
37.156497;-3.410086;1313;0;7;4176;572;181.08;5.47;;;
37.156633;-3.409940;1315;0;7;4178;570;181.1;5.45;;;
37.156794;-3.409844;1316;0;7;4180;568;181.12;5.43;;;
37.156969;-3.409793;1318;0;8;4181;567;181.14;5.41;;;
37.157144;-3.409742;1319;0;8;4182;566;181.16;5.39;;;
37.157317;-3.409679;1321;0;9;4184;564;181.18;5.37;;;
37.157481;-3.409588;1322;0;9;4185;563;181.2;5.35;;;
37.157629;-3.409461;1324;0;9;4187;561;181.22;5.33;;;
37.157774;-3.409328;1327;0;9;4190;558;181.24;5.31;;;
37.157905;-3.409173;1329;0;9;4192;556;181.26;5.29;;;
37.158054;-3.409048;1331;0;9;4194;554;181.28;5.27;;;
37.158203;-3.408921;1333;0;8;4196;552;181.3;5.25;;;
37.158351;-3.408793;1334;0;7;4197;551;181.32;5.23;;;
37.158465;-3.408619;1335;0;8;4198;550;181.34;5.21;;;
37.158561;-3.408431;1336;0;7;4199;549;181.36;5.19;;;
37.158624;-3.408220;1337;0;9;4201;547;181.38;5.17;;;
37.158723;-3.408032;1339;0;9;4202;546;181.4;5.15;;;
37.158863;-3.407891;1341;0;9;4204;544;181.42;5.13;;;
37.159015;-3.407772;1342;0;9;4206;542;181.44;5.11;;;
37.159158;-3.407648;1348;0;9;4211;537;181.46;5.09;;;
37.159308;-3.407524;1349;0;9;4213;535;181.48;5.07;;;
37.159467;-3.407419;1351;0;9;4214;534;181.5;5.05;;;
37.159626;-3.407314;1352;0;9;4215;533;181.52;5.03;;;
37.159783;-3.407204;1353;0;7;4216;532;181.54;5.01;;;
37.159940;-3.407094;1355;0;7;4218;530;181.56;4.99;;;
37.160097;-3.406984;1357;0;7;4220;528;181.58;4.97;;;
37.160254;-3.406873;1358;0;8;4221;527;181.6;4.95;;;
37.160407;-3.406755;1359;0;9;4222;526;181.62;4.93;;;
37.160558;-3.406632;1360;0;9;4223;525;181.64;4.91;;;
37.160716;-3.406525;1362;0;9;4226;522;181.66;4.89;;;
37.160879;-3.406436;1366;0;9;4230;518;181.68;4.87;;;
37.161051;-3.406372;1368;0;9;4232;516;181.7;4.85;;;
37.161212;-3.406273;1370;0;9;4233;515;181.72;4.83;;;
37.161372;-3.406173;1372;0;9;4235;513;181.74;4.81;;;
37.161548;-3.406133;1374;0;9;4237;511;181.76;4.79;;;
37.161702;-3.406208;1377;0;9;4241;507;181.78;4.77;;;
37.161664;-3.406415;1381;0;9;4244;504;181.8;4.75;;;
37.161567;-3.406604;1382;0;9;4246;502;181.82;4.73;;;
37.161516;-3.406820;1384;0;9;4247;501;181.84;4.71;;;
37.161401;-3.406993;1386;0;9;4249;499;181.86;4.69;;;
37.161289;-3.407170;1388;0;9;4251;497;181.88;4.67;;;
37.161204;-3.407369;1389;0;9;4253;495;181.9;4.65;;;
37.161233;-3.407576;1393;0;9;4256;492;181.92;4.63;;;
37.161402;-3.407622;1397;0;9;4260;488;181.94;4.61;;;
37.161572;-3.407555;1400;0;9;4263;485;181.96;4.59;;;
37.161730;-3.407447;1402;0;9;4266;482;181.98;4.57;;;
37.161888;-3.407339;1404;0;9;4267;481;182;4.55;;;
37.162046;-3.407230;1405;0;9;4268;480;182.02;4.53;;;
37.162191;-3.407097;1407;0;9;4270;478;182.04;4.51;;;
37.162331;-3.406956;1410;0;9;4273;475;182.06;4.49;;;
37.162486;-3.406843;1413;0;9;4277;471;182.08;4.47;;;
37.162643;-3.406733;1416;0;9;4279;469;182.1;4.45;;;
37.162775;-3.406582;1419;0;9;4283;465;182.12;4.43;;;
37.162843;-3.406374;1421;0;9;4284;464;182.14;4.41;;;
37.162943;-3.406187;1422;0;9;4286;462;182.16;4.39;;;
37.163047;-3.406004;1424;0;9;4287;461;182.18;4.37;;;
37.163121;-3.405798;1426;0;9;4290;458;182.2;4.35;;;
37.163194;-3.405592;1428;0;9;4292;456;182.22;4.33;;;
37.163265;-3.405384;1430;0;9;4294;454;182.24;4.31;;;
37.163292;-3.405167;1433;0;9;4296;452;182.26;4.29;;;
37.163245;-3.404951;1434;0;9;4297;451;182.28;4.27;;;
37.163182;-3.404739;1435;0;9;4299;449;182.3;4.25;;;
37.163123;-3.404526;1437;0;8;4301;447;182.32;4.23;;;
37.163091;-3.404304;1439;0;8;4302;446;182.34;4.21;;;
37.163059;-3.404082;1440;0;8;4303;445;182.36;4.19;;;
37.163027;-3.403860;1442;0;9;4306;442;182.38;4.17;;;
37.162994;-3.403638;1444;0;9;4307;441;182.4;4.15;;;
37.162961;-3.403416;1445;0;9;4308;440;182.42;4.13;;;
37.162929;-3.403194;1447;0;9;4310;438;182.44;4.11;;;
37.162897;-3.402972;1449;0;9;4313;435;182.46;4.09;;;
37.162887;-3.402749;1453;0;9;4316;432;182.48;4.07;;;
37.163018;-3.402617;1456;0;9;4319;429;182.5;4.05;;;
37.163186;-3.402538;1458;0;9;4321;427;182.52;4.03;;;
37.163344;-3.402433;1462;0;9;4325;423;182.54;4.01;;;
37.163492;-3.402304;1464;0;9;4327;421;182.56;3.99;;;
37.163644;-3.402187;1468;0;9;4332;416;182.58;3.97;;;
37.163821;-3.402153;1471;0;9;4334;414;182.6;3.95;;;
37.163949;-3.402003;1473;0;9;4337;411;182.62;3.93;;;
37.164067;-3.401837;1476;0;9;4339;409;182.64;3.91;;;
37.164240;-3.401832;1479;0;9;4342;406;182.66;3.89;;;
37.164410;-3.401907;1482;0;9;4345;403;182.68;3.87;;;
37.164572;-3.401842;1484;0;9;4348;400;182.7;3.85;;;
37.164714;-3.401707;1486;0;9;4349;399;182.72;3.83;;;
37.164874;-3.401612;1489;0;9;4352;396;182.74;3.81;;;
37.164961;-3.401416;1491;0;9;4354;394;182.76;3.79;;;
37.165035;-3.401211;1492;0;8;4355;393;182.78;3.77;;;
37.165079;-3.400992;1493;0;8;4356;392;182.8;3.75;;;
37.165122;-3.400773;1494;0;7;4358;390;182.82;3.73;;;
37.165188;-3.400564;1496;0;8;4359;389;182.84;3.71;;;
37.165270;-3.400364;1497;0;9;4360;388;182.86;3.69;;;
37.165367;-3.400174;1499;0;9;4362;386;182.88;3.67;;;
37.165464;-3.399983;1501;0;9;4364;384;182.9;3.65;;;
37.165560;-3.399793;1503;0;9;4367;381;182.92;3.63;;;
37.165654;-3.399601;1506;0;9;4369;379;182.94;3.61;;;
37.165706;-3.399388;1508;0;9;4371;377;182.96;3.59;;;
37.165699;-3.399163;1509;0;8;4372;376;182.98;3.57;;;
37.165743;-3.398946;1511;0;9;4374;374;183;3.55;;;
37.165819;-3.398742;1512;0;8;4375;373;183.02;3.53;;;
37.165919;-3.398560;1513;0;8;4376;372;183.04;3.51;;;
37.166061;-3.398423;1515;0;8;4378;370;183.06;3.49;;;
37.166151;-3.398235;1517;0;8;4381;367;183.08;3.47;;;
37.166164;-3.398011;1518;0;9;4382;366;183.1;3.45;;;
37.166209;-3.397801;1520;0;9;4383;365;183.12;3.43;;;
37.166349;-3.397666;1522;0;9;4385;363;183.14;3.41;;;
37.166503;-3.397550;1524;0;9;4387;361;183.16;3.39;;;
37.166603;-3.397368;1528;0;9;4391;357;183.18;3.37;;;
37.166618;-3.397145;1530;0;9;4393;355;183.2;3.35;;;
37.166683;-3.396953;1532;0;9;4395;353;183.22;3.33;;;
37.166846;-3.396868;1534;0;9;4397;351;183.24;3.31;;;
37.167025;-3.396872;1536;0;9;4399;349;183.26;3.29;;;
37.167201;-3.396913;1537;0;9;4401;347;183.28;3.27;;;
37.167379;-3.396929;1539;0;9;4402;346;183.3;3.25;;;
37.167557;-3.396936;1540;0;9;4403;345;183.32;3.23;;;
37.167731;-3.396990;1542;0;9;4405;343;183.34;3.21;;;
37.167906;-3.397035;1545;0;9;4408;340;183.36;3.19;;;
37.168037;-3.396899;1547;0;9;4410;338;183.38;3.17;;;
37.168092;-3.396686;1549;0;9;4412;336;183.4;3.15;;;
37.168079;-3.396462;1550;0;9;4414;334;183.42;3.13;;;
37.168114;-3.396250;1552;0;9;4415;333;183.44;3.11;;;
37.168270;-3.396151;1555;0;9;4418;330;183.46;3.09;;;
37.168450;-3.396136;1557;0;9;4420;328;183.48;3.07;;;
37.168629;-3.396122;1559;0;9;4422;326;183.5;3.05;;;
37.168781;-3.396219;1562;0;9;4425;323;183.52;3.03;;;
37.168933;-3.396310;1565;0;9;4428;320;183.54;3.01;;;
37.169081;-3.396197;1568;0;9;4432;316;183.56;2.99;;;
37.169127;-3.395982;1571;0;9;4434;314;183.58;2.97;;;
37.169122;-3.395757;1572;0;9;4435;313;183.6;2.95;;;
37.169141;-3.395537;1574;0;9;4438;310;183.62;2.93;;;
37.169242;-3.395362;1577;0;9;4440;308;183.64;2.91;;;
37.169405;-3.395268;1579;0;9;4443;305;183.66;2.89;;;
37.169569;-3.395174;1583;0;9;4446;302;183.68;2.87;;;
37.169727;-3.395066;1585;0;9;4449;299;183.7;2.85;;;
37.169878;-3.394948;1589;0;9;4452;296;183.72;2.83;;;
37.169875;-3.394738;1592;0;9;4456;292;183.74;2.81;;;
37.169786;-3.394541;1593;0;9;4457;291;183.76;2.79;;;
37.169697;-3.394345;1595;0;9;4458;290;183.78;2.77;;;
37.169636;-3.394137;1597;0;8;4460;288;183.8;2.75;;;
37.169641;-3.393913;1599;0;8;4462;286;183.82;2.73;;;
37.169662;-3.393689;1600;0;8;4464;284;183.84;2.71;;;
37.169713;-3.393473;1602;0;7;4465;283;183.86;2.69;;;
37.169748;-3.393252;1603;0;7;4466;282;183.88;2.67;;;
37.169768;-3.393028;1605;0;8;4468;280;183.9;2.65;;;
37.169768;-3.392802;1606;0;8;4469;279;183.92;2.63;;;
37.169768;-3.392576;1607;0;8;4470;278;183.94;2.61;;;
37.169769;-3.392351;1609;0;8;4472;276;183.96;2.59;;;
37.169816;-3.392136;1612;0;9;4475;273;183.98;2.57;;;
37.169897;-3.391935;1613;0;9;4477;271;184;2.55;;;
37.169985;-3.391738;1615;0;9;4478;270;184.02;2.53;;;
37.170073;-3.391541;1617;0;9;4480;268;184.04;2.51;;;
37.170105;-3.391323;1620;0;9;4483;265;184.06;2.49;;;
37.170092;-3.391099;1622;0;9;4485;263;184.08;2.47;;;
37.170123;-3.390876;1624;0;9;4487;261;184.1;2.45;;;
37.170169;-3.390658;1625;0;9;4489;259;184.12;2.43;;;
37.170165;-3.390439;1628;0;9;4492;256;184.14;2.41;;;
37.170094;-3.390231;1630;0;9;4493;255;184.16;2.39;;;
37.170024;-3.390024;1632;0;9;4496;252;184.18;2.37;;;
37.169919;-3.389841;1634;0;9;4497;251;184.2;2.35;;;
37.169811;-3.389660;1636;0;9;4500;248;184.22;2.33;;;
37.169736;-3.389456;1638;0;9;4502;246;184.24;2.31;;;
37.169660;-3.389252;1640;0;9;4503;245;184.26;2.29;;;
37.169563;-3.389062;1641;0;9;4504;244;184.28;2.27;;;
37.169466;-3.388872;1643;0;9;4506;242;184.3;2.25;;;
37.169350;-3.388700;1645;0;9;4508;240;184.32;2.23;;;
37.169223;-3.388541;1646;0;9;4510;238;184.34;2.21;;;
37.169156;-3.388337;1652;0;9;4515;233;184.36;2.19;;;
37.169178;-3.388118;1655;0;9;4518;230;184.38;2.17;;;
37.169229;-3.387902;1656;0;9;4520;228;184.4;2.15;;;
37.169232;-3.387677;1658;0;9;4521;227;184.42;2.13;;;
37.169235;-3.387451;1659;0;9;4522;226;184.44;2.11;;;
37.169235;-3.387226;1661;0;8;4524;224;184.46;2.09;;;
37.169204;-3.387003;1662;0;8;4525;223;184.48;2.07;;;
37.169173;-3.386781;1664;0;8;4527;221;184.5;2.05;;;
37.169162;-3.386557;1666;0;9;4530;218;184.52;2.03;;;
37.169174;-3.386332;1668;0;9;4531;217;184.54;2.01;;;
37.169212;-3.386112;1669;0;9;4533;215;184.56;1.99;;;
37.169249;-3.385891;1672;0;9;4535;213;184.58;1.97;;;
37.169267;-3.385667;1673;0;9;4537;211;184.6;1.95;;;
37.169279;-3.385441;1675;0;9;4538;210;184.62;1.93;;;
37.169281;-3.385217;1678;0;9;4541;207;184.64;1.91;;;
37.169240;-3.384997;1681;0;9;4544;204;184.66;1.89;;;
37.169222;-3.384773;1683;0;9;4546;202;184.68;1.87;;;
37.169233;-3.384549;1685;0;9;4548;200;184.7;1.85;;;
37.169279;-3.384332;1687;0;9;4550;198;184.72;1.83;;;
37.169336;-3.384117;1688;0;9;4551;197;184.74;1.81;;;
37.169378;-3.383899;1693;0;9;4556;192;184.76;1.79;;;
37.169400;-3.383675;1695;0;9;4559;189;184.78;1.77;;;
37.169427;-3.383452;1699;0;9;4562;186;184.8;1.75;;;
37.169477;-3.383236;1701;0;9;4564;184;184.82;1.73;;;
37.169430;-3.383020;1703;0;9;4567;181;184.84;1.71;;;
37.169362;-3.382811;1704;0;9;4568;180;184.86;1.69;;;
37.169319;-3.382594;1708;0;9;4571;177;184.88;1.67;;;
37.169289;-3.382371;1709;0;9;4572;176;184.9;1.65;;;
37.169258;-3.382149;1711;0;9;4574;174;184.92;1.63;;;
37.169258;-3.381923;1713;0;9;4576;172;184.94;1.61;;;
37.169267;-3.381698;1714;0;9;4577;171;184.96;1.59;;;
37.169282;-3.381473;1715;0;9;4579;169;184.98;1.57;;;
37.169297;-3.381248;1718;0;9;4581;167;185;1.55;;;
37.169311;-3.381023;1720;0;9;4583;165;185.02;1.53;;;
37.169318;-3.380797;1722;0;9;4586;162;185.04;1.51;;;
37.169318;-3.380572;1723;0;9;4587;161;185.06;1.49;;;
37.169318;-3.380346;1726;0;9;4589;159;185.08;1.47;;;
37.169348;-3.380124;1727;0;9;4591;157;185.1;1.45;;;
37.169334;-3.379902;1729;0;9;4593;155;185.12;1.43;;;
37.169261;-3.379702;1731;0;9;4595;153;185.14;1.41;;;
37.169148;-3.379527;1734;0;9;4597;151;185.16;1.39;;;
37.169124;-3.379314;1739;0;9;4602;146;185.18;1.37;;;
37.169217;-3.379128;1742;0;9;4605;143;185.2;1.35;;;
37.169367;-3.379011;1746;0;9;4609;139;185.22;1.33;;;
37.169544;-3.378971;1748;0;9;4612;136;185.24;1.31;;;
37.169721;-3.378930;1751;0;9;4614;134;185.26;1.29;;;
37.169882;-3.378848;1754;0;9;4618;130;185.28;1.27;;;
37.169964;-3.378647;1756;0;9;4619;129;185.3;1.25;;;
37.170063;-3.378461;1757;0;9;4621;127;185.32;1.23;;;
37.170197;-3.378311;1760;0;9;4623;125;185.34;1.21;;;
37.170337;-3.378170;1762;0;9;4626;122;185.36;1.19;;;
37.170486;-3.378044;1767;0;9;4630;118;185.38;1.17;;;
37.170640;-3.377928;1769;0;9;4632;116;185.4;1.15;;;
37.170794;-3.377810;1771;0;9;4634;114;185.42;1.13;;;
37.170956;-3.377718;1774;0;9;4638;110;185.44;1.11;;;
37.171135;-3.377733;1777;0;9;4641;107;185.46;1.09;;;
37.171306;-3.377724;1781;0;9;4644;104;185.48;1.07;;;
37.171428;-3.377561;1782;0;9;4646;102;185.5;1.05;;;
37.171552;-3.377400;1783;0;9;4647;101;185.52;1.03;;;
37.171702;-3.377275;1785;0;9;4648;100;185.54;1.01;;;
37.171865;-3.377184;1786;0;9;4650;98;185.56;0.99;;;
37.172033;-3.377104;1788;0;9;4651;97;185.58;0.97;;;
37.172194;-3.377003;1789;0;9;4653;95;185.6;0.95;;;
37.172359;-3.376916;1793;0;9;4656;92;185.62;0.93;;;
37.172532;-3.376856;1794;0;9;4658;90;185.64;0.91;;;
37.172710;-3.376823;1797;0;9;4660;88;185.66;0.89;;;
37.172879;-3.376746;1799;0;9;4662;86;185.68;0.87;;;
37.173048;-3.376668;1801;0;9;4664;84;185.7;0.85;;;
37.173217;-3.376590;1803;0;9;4667;81;185.72;0.83;;;
37.173372;-3.376485;1807;0;9;4670;78;185.74;0.81;;;
37.173480;-3.376306;1809;0;9;4672;76;185.76;0.79;;;
37.173576;-3.376115;1811;0;9;4675;73;185.78;0.77;;;
37.173666;-3.375920;1815;0;9;4678;70;185.8;0.75;;;
37.173767;-3.375733;1817;0;9;4680;68;185.82;0.73;;;
37.173826;-3.375530;1818;0;9;4682;66;185.84;0.71;;;
37.173842;-3.375305;1820;0;9;4683;65;185.86;0.69;;;
37.173858;-3.375080;1822;0;9;4685;63;185.88;0.67;;;
37.173873;-3.374855;1824;0;9;4687;61;185.9;0.65;;;
37.173888;-3.374630;1826;0;9;4689;59;185.92;0.63;;;
37.173892;-3.374404;1827;0;9;4691;57;185.94;0.61;;;
37.173896;-3.374179;1829;0;9;4692;56;185.96;0.59;;;
37.173874;-3.373957;1832;0;8;4695;53;185.98;0.57;;;
37.173793;-3.373758;1833;0;8;4697;51;186;0.55;;;
37.173697;-3.373567;1835;0;9;4698;50;186.02;0.53;;;
37.173602;-3.373376;1836;0;8;4699;49;186.04;0.51;;;
37.173503;-3.373187;1837;0;9;4701;47;186.06;0.49;;;
37.173402;-3.373000;1838;0;9;4702;46;186.08;0.47;;;
37.173298;-3.372816;1841;0;9;4705;43;186.1;0.45;;;
37.173192;-3.372633;1843;0;9;4706;42;186.12;0.43;;;
37.173114;-3.372431;1846;0;9;4710;38;186.14;0.41;;;
37.173078;-3.372211;1848;0;9;4712;36;186.16;0.39;;;
37.173074;-3.371987;1850;0;9;4714;34;186.18;0.37;;;
37.173108;-3.371766;1853;0;9;4716;32;186.2;0.35;;;
37.173195;-3.371571;1855;0;9;4718;30;186.22;0.33;;;
37.173336;-3.371439;1858;0;9;4721;27;186.24;0.31;;;
37.173504;-3.371356;1861;0;9;4724;24;186.26;0.29;;;
37.173671;-3.371272;1863;0;9;4726;22;186.28;0.27;;;
37.173840;-3.371201;1865;0;9;4728;20;186.3;0.25;;;
37.174015;-3.371224;1867;0;9;4730;18;186.32;0.23;;;
37.174172;-3.371329;1869;0;9;4732;16;186.34;0.21;;;
37.174340;-3.371369;1871;0;9;4735;13;186.36;0.19;;;
37.174397;-3.371166;1874;0;9;4737;11;186.38;0.17;;;
37.174428;-3.370943;1875;0;8;4738;10;186.4;0.15;;;
37.174459;-3.370721;1876;0;8;4740;8;186.42;0.13;;;
37.174488;-3.370498;1878;0;7;4742;6;186.44;0.11;;;
37.174509;-3.370274;1880;0;7;4743;5;186.46;0.09;;;
37.174524;-3.370049;1881;0;7;4744;4;186.48;0.07;;;
37.174532;-3.369824;1882;0;6;4745;3;186.5;0.05;;;
37.174537;-3.369598;1883;0;5;4746;2;186.52;0.03;;;
37.174553;-3.369374;1884;0;5;4748;0;186.54;0.01;;;
37.174569;-3.369215;1885;0;6;4748;0;186.55;0;55;arrival,summit;H
