latitude;longitude;altitude;azimuth;slope;dvdone;dvrest;kmdone;kmto;cpnumero;cptype;sumcategory
37.777809;-3.741139;394;0;1;0;4059;0;154.34;3;real;
37.777814;-3.740912;394;0;1;0;4059;0.02;154.32;;;
37.777818;-3.740684;394;0;1;0;4059;0.04;154.3;;;
37.777823;-3.740457;394;0;1;0;4059;0.06;154.28;;;
37.777827;-3.740229;394;0;1;1;4058;0.08;154.26;;;
37.777822;-3.740002;394;0;1;1;4058;0.1;154.24;;;
37.777811;-3.739775;395;0;1;1;4058;0.12;154.22;;;
37.777783;-3.739322;395;0;1;2;4057;0.16;154.18;;;
37.777732;-3.739103;396;0;1;2;4057;0.18;154.16;;;
37.777681;-3.738885;396;0;1;2;4057;0.2;154.14;;;
37.777630;-3.738667;396;0;1;3;4056;0.22;154.12;;;
37.777580;-3.738448;396;0;1;3;4056;0.24;154.1;;;
37.777529;-3.738230;397;0;1;3;4056;0.26;154.08;;;
37.777437;-3.737790;397;0;1;3;4056;0.3;154.04;;;
37.777396;-3.737569;397;0;1;4;4055;0.32;154.02;;;
37.777372;-3.737344;397;0;1;4;4055;0.34;154;;;
37.777361;-3.737117;397;0;1;4;4055;0.36;153.98;;;
37.777368;-3.736890;398;0;0;4;4055;0.38;153.96;;;
37.777401;-3.736666;398;0;0;4;4055;0.4;153.94;;;
37.777435;-3.736443;398;0;0;4;4055;0.42;153.92;;;
37.777469;-3.736219;398;0;0;4;4055;0.44;153.9;;;
37.777504;-3.735996;398;0;0;4;4055;0.46;153.88;;;
37.777539;-3.735773;397;0;0;4;4055;0.48;153.86;;;
37.777572;-3.735549;397;0;0;4;4055;0.5;153.84;;;
37.777620;-3.735331;397;0;0;4;4055;0.52;153.82;;;
37.777682;-3.735117;397;0;0;4;4055;0.54;153.8;;;
37.777888;-3.734487;397;0;0;4;4055;0.6;153.74;;;
37.777969;-3.734284;397;0;0;4;4055;0.62;153.72;;;
37.778050;-3.734081;397;0;0;4;4055;0.64;153.7;;;
37.778132;-3.733878;397;0;0;4;4055;0.66;153.68;;;
37.778213;-3.733675;398;0;1;4;4055;0.68;153.66;;;
37.778297;-3.733474;398;0;1;4;4055;0.7;153.64;;;
37.778393;-3.733281;398;0;1;5;4054;0.72;153.62;;;
37.778505;-3.733104;398;0;1;5;4054;0.74;153.6;;;
37.778625;-3.732935;398;0;1;5;4054;0.76;153.58;;;
37.778753;-3.732774;399;0;1;5;4054;0.78;153.56;;;
37.778891;-3.732629;399;0;1;5;4054;0.8;153.54;;;
37.779028;-3.732482;399;0;1;6;4053;0.82;153.52;;;
37.779182;-3.732366;399;0;1;6;4053;0.84;153.5;;;
37.779340;-3.732255;399;0;1;6;4053;0.86;153.48;;;
37.779501;-3.732156;400;0;1;6;4053;0.88;153.46;;;
37.779667;-3.732067;400;0;1;7;4052;0.9;153.44;;;
37.779838;-3.731999;400;0;1;7;4052;0.92;153.42;;;
37.780012;-3.731941;401;0;1;7;4052;0.94;153.4;;;
37.780185;-3.731881;401;0;1;8;4051;0.96;153.38;;;
37.780359;-3.731822;401;0;1;8;4051;0.98;153.36;;;
37.780533;-3.731764;401;0;1;8;4051;1;153.34;;;
37.780707;-3.731705;402;0;1;8;4051;1.02;153.32;;;
37.780880;-3.731645;402;0;1;8;4051;1.04;153.3;;;
37.781049;-3.731567;402;0;1;9;4050;1.06;153.28;;;
37.781215;-3.731479;402;0;1;9;4050;1.08;153.26;;;
37.781994;-3.730917;403;0;2;10;4049;1.18;153.16;;;
37.782127;-3.730765;404;0;2;10;4049;1.2;153.14;;;
37.782260;-3.730611;404;0;2;11;4048;1.22;153.12;;;
37.782390;-3.730454;404;0;2;11;4048;1.24;153.1;;;
37.782513;-3.730288;405;0;2;11;4048;1.26;153.08;;;
37.782635;-3.730121;405;0;2;12;4047;1.28;153.06;;;
37.782758;-3.729954;405;0;2;12;4047;1.3;153.04;;;
37.782881;-3.729788;406;0;2;12;4047;1.32;153.02;;;
37.783003;-3.729621;406;0;2;13;4046;1.34;153;;;
37.783133;-3.729464;406;0;2;13;4046;1.36;152.98;;;
37.783267;-3.729313;407;0;2;13;4046;1.38;152.96;;;
37.783413;-3.729179;407;0;2;14;4045;1.4;152.94;;;
37.783558;-3.729045;408;0;2;14;4045;1.42;152.92;;;
37.783703;-3.728911;408;0;2;15;4044;1.44;152.9;;;
37.783861;-3.728803;409;0;3;15;4044;1.46;152.88;;;
37.784024;-3.728706;409;0;3;16;4043;1.48;152.86;;;
37.784187;-3.728611;410;0;3;16;4043;1.5;152.84;;;
37.784357;-3.728537;410;0;3;17;4042;1.52;152.82;;;
37.784527;-3.728462;411;0;3;18;4041;1.54;152.8;;;
37.784698;-3.728392;411;0;3;18;4041;1.56;152.78;;;
37.784869;-3.728322;412;0;3;18;4041;1.58;152.76;;;
37.785040;-3.728252;412;0;3;19;4040;1.6;152.74;;;
37.785211;-3.728181;413;0;3;20;4039;1.62;152.72;;;
37.785382;-3.728111;414;0;3;20;4039;1.64;152.7;;;
37.785553;-3.728041;414;0;3;21;4038;1.66;152.68;;;
37.785725;-3.727971;415;0;3;21;4038;1.68;152.66;;;
37.785896;-3.727900;415;0;3;22;4037;1.7;152.64;;;
37.786067;-3.727830;416;0;3;23;4036;1.72;152.62;;;
37.786238;-3.727760;417;0;4;24;4035;1.74;152.6;;;
37.786409;-3.727690;418;0;4;24;4035;1.76;152.58;;;
37.786580;-3.727619;418;0;4;25;4034;1.78;152.56;;;
37.786751;-3.727549;419;0;4;26;4033;1.8;152.54;;;
37.786922;-3.727479;420;0;4;27;4032;1.82;152.52;;;
37.787093;-3.727409;421;0;4;27;4032;1.84;152.5;;;
37.787264;-3.727339;422;0;4;28;4031;1.86;152.48;;;
37.787435;-3.727269;422;0;4;29;4030;1.88;152.46;;;
37.787606;-3.727198;423;0;5;30;4029;1.9;152.44;;;
37.787778;-3.727128;424;0;5;31;4028;1.92;152.42;;;
37.787949;-3.727058;425;0;5;32;4027;1.94;152.4;;;
37.788120;-3.726987;426;0;5;33;4026;1.96;152.38;;;
37.788291;-3.726917;427;0;5;34;4025;1.98;152.36;;;
37.788462;-3.726847;428;0;5;35;4024;2;152.34;;;
37.788633;-3.726777;429;0;5;36;4023;2.02;152.32;;;
37.788804;-3.726706;430;0;6;37;4022;2.04;152.3;;;
37.788976;-3.726641;431;0;6;38;4021;2.06;152.28;;;
37.789151;-3.726588;432;0;6;39;4020;2.08;152.26;;;
37.789328;-3.726544;433;0;6;40;4019;2.1;152.24;;;
37.789504;-3.726500;435;0;6;42;4017;2.12;152.22;;;
37.789684;-3.726491;436;0;6;43;4016;2.14;152.2;;;
37.789863;-3.726483;437;0;5;44;4015;2.16;152.18;;;
37.791481;-3.726543;445;0;4;51;4008;2.34;152;;;
37.791661;-3.726547;446;0;4;52;4007;2.36;151.98;;;
37.791840;-3.726529;446;0;4;53;4006;2.38;151.96;;;
37.792020;-3.726512;447;0;4;54;4005;2.4;151.94;;;
37.792199;-3.726490;448;0;4;55;4004;2.42;151.92;;;
37.792377;-3.726455;449;0;4;55;4004;2.44;151.9;;;
37.792554;-3.726420;450;0;4;56;4003;2.46;151.88;;;
37.792724;-3.726344;450;0;3;57;4002;2.48;151.86;;;
37.792891;-3.726260;451;0;3;58;4001;2.5;151.84;;;
37.793057;-3.726173;451;0;3;58;4001;2.52;151.82;;;
37.793223;-3.726084;452;0;3;59;4000;2.54;151.8;;;
37.793388;-3.725996;453;0;3;59;4000;2.56;151.78;;;
37.793553;-3.725904;453;0;2;60;3999;2.58;151.76;;;
37.793717;-3.725811;454;0;2;60;3999;2.6;151.74;;;
37.793881;-3.725717;454;0;2;61;3998;2.62;151.72;;;
37.794045;-3.725623;454;0;2;61;3998;2.64;151.7;;;
37.794209;-3.725530;455;0;2;61;3998;2.66;151.68;;;
37.794373;-3.725436;455;0;1;62;3997;2.68;151.66;;;
37.794537;-3.725343;455;0;1;62;3997;2.7;151.64;;;
37.794701;-3.725249;456;0;1;62;3997;2.72;151.62;;;
37.794864;-3.725155;456;0;1;62;3997;2.74;151.6;;;
37.795028;-3.725061;456;0;1;63;3996;2.76;151.58;;;
37.795192;-3.724968;456;0;1;63;3996;2.78;151.56;;;
37.795356;-3.724874;456;0;1;63;3996;2.8;151.54;;;
37.795514;-3.724766;457;0;1;63;3996;2.82;151.52;;;
37.795670;-3.724653;457;0;1;63;3996;2.84;151.5;;;
37.795826;-3.724539;457;0;1;64;3995;2.86;151.48;;;
37.795977;-3.724416;457;0;0;64;3995;2.88;151.46;;;
37.796109;-3.724262;457;0;0;64;3995;2.9;151.44;;;
37.796238;-3.724104;457;0;0;64;3995;2.92;151.42;;;
37.796363;-3.723940;457;0;0;64;3995;2.94;151.4;;;
37.796474;-3.723761;457;0;0;64;3995;2.96;151.38;;;
37.796582;-3.723579;457;0;-1;64;3995;2.98;151.36;;;
37.796690;-3.723397;457;0;-1;64;3995;3;151.34;;;
37.796786;-3.723205;457;0;-1;64;3995;3.02;151.32;;;
37.796873;-3.723005;456;0;-1;64;3995;3.04;151.3;;;
37.796951;-3.722801;456;0;-1;64;3995;3.06;151.28;;;
37.797029;-3.722596;456;0;-1;64;3995;3.08;151.26;;;
37.797107;-3.722390;455;0;-1;64;3995;3.1;151.24;;;
37.797186;-3.722186;455;0;-1;64;3995;3.12;151.22;;;
37.797264;-3.721981;455;0;-1;64;3995;3.14;151.2;;;
37.797342;-3.721776;455;0;-1;64;3995;3.16;151.18;;;
37.797432;-3.721579;454;0;-1;64;3995;3.18;151.16;;;
37.797533;-3.721391;454;0;-1;64;3995;3.2;151.14;;;
37.797633;-3.721201;454;0;-1;64;3995;3.22;151.12;;;
37.797752;-3.721031;454;0;-1;64;3995;3.24;151.1;;;
37.797873;-3.720863;453;0;-1;64;3995;3.26;151.08;;;
37.798000;-3.720702;453;0;-1;64;3995;3.28;151.06;;;
37.798131;-3.720546;453;0;-1;64;3995;3.3;151.04;;;
37.798262;-3.720389;453;0;-1;64;3995;3.32;151.02;;;
37.798392;-3.720232;453;0;-1;64;3995;3.34;151;;;
37.798532;-3.720090;452;0;0;64;3995;3.36;150.98;;;
37.798683;-3.719966;452;0;0;64;3995;3.38;150.96;;;
37.798836;-3.719847;452;0;0;64;3995;3.4;150.94;4;;
37.798978;-3.719709;452;0;0;64;3995;3.42;150.92;;;
37.799060;-3.719508;452;0;0;64;3995;3.44;150.9;;;
37.799123;-3.719295;452;0;0;64;3995;3.46;150.88;;;
37.799187;-3.719083;452;0;0;64;3995;3.48;150.86;;;
37.799251;-3.718870;453;0;1;64;3995;3.5;150.84;;;
37.799315;-3.718657;453;0;1;64;3995;3.52;150.82;;;
37.799379;-3.718445;453;0;1;64;3995;3.54;150.8;;;
37.799443;-3.718232;453;0;1;65;3994;3.56;150.78;;;
37.799507;-3.718019;453;0;1;65;3994;3.58;150.76;;;
37.799571;-3.717806;454;0;1;65;3994;3.6;150.74;;;
37.799634;-3.717593;454;0;1;65;3994;3.62;150.72;;;
37.799699;-3.717381;454;0;1;66;3993;3.64;150.7;;;
37.799763;-3.717168;454;0;1;66;3993;3.66;150.68;;;
37.799827;-3.716955;455;0;1;66;3993;3.68;150.66;;;
37.799890;-3.716742;455;0;2;66;3993;3.7;150.64;;;
37.799954;-3.716530;455;0;2;67;3992;3.72;150.62;;;
37.800019;-3.716317;456;0;2;67;3992;3.74;150.6;;;
37.800083;-3.716104;456;0;2;67;3992;3.76;150.58;;;
37.800146;-3.715892;456;0;2;68;3991;3.78;150.56;;;
37.800210;-3.715679;457;0;2;68;3991;3.8;150.54;;;
37.800274;-3.715466;457;0;2;68;3991;3.82;150.52;;;
37.800338;-3.715253;457;0;2;69;3990;3.84;150.5;;;
37.800402;-3.715040;458;0;2;69;3990;3.86;150.48;;;
37.800466;-3.714828;458;0;2;70;3989;3.88;150.46;;;
37.800530;-3.714615;459;0;2;70;3989;3.9;150.44;;;
37.800594;-3.714402;459;0;2;71;3988;3.92;150.42;;;
37.800658;-3.714189;460;0;2;71;3988;3.94;150.4;;;
37.800722;-3.713977;460;0;2;72;3987;3.96;150.38;;;
37.800786;-3.713764;461;0;3;72;3987;3.98;150.36;;;
37.800849;-3.713551;461;0;3;73;3986;4;150.34;;;
37.800978;-3.713126;462;0;3;74;3985;4.04;150.3;;;
37.801105;-3.712700;463;0;3;75;3984;4.08;150.26;;;
37.801221;-3.712269;464;0;3;76;3983;4.12;150.22;;;
37.801313;-3.711829;466;0;3;77;3982;4.16;150.18;;;
37.801332;-3.711603;466;0;3;78;3981;4.18;150.16;;;
37.801347;-3.711376;467;0;3;78;3981;4.2;150.14;;;
37.801355;-3.711150;468;0;3;79;3980;4.22;150.12;;;
37.801331;-3.710924;468;0;3;80;3979;4.24;150.1;;;
37.801308;-3.710698;469;0;3;80;3979;4.26;150.08;;;
37.801285;-3.710473;469;0;3;81;3978;4.28;150.06;;;
37.801234;-3.710255;470;0;3;82;3977;4.3;150.04;;;
37.801174;-3.710040;471;0;3;82;3977;4.32;150.02;;;
37.801114;-3.709826;472;0;3;83;3976;4.34;150;;;
37.800994;-3.709396;473;0;4;84;3975;4.38;149.96;;;
37.800875;-3.708967;474;0;4;86;3973;4.42;149.92;;;
37.800755;-3.708538;476;0;4;87;3972;4.46;149.88;;;
37.800635;-3.708109;478;0;4;89;3970;4.5;149.84;;;
37.800516;-3.707679;479;0;4;91;3968;4.54;149.8;;;
37.800396;-3.707250;481;0;4;92;3967;4.58;149.76;;;
37.800293;-3.706814;482;0;4;94;3965;4.62;149.72;;;
37.800198;-3.706375;484;0;3;95;3964;4.66;149.68;;;
37.800170;-3.706151;484;0;3;96;3963;4.68;149.66;;;
37.800155;-3.705924;485;0;3;96;3963;4.7;149.64;;;
37.800140;-3.705697;485;0;3;97;3962;4.72;149.62;;;
37.800133;-3.705470;486;0;3;97;3962;4.74;149.6;;;
37.800148;-3.705244;487;0;3;98;3961;4.76;149.58;;;
37.800161;-3.705017;487;0;3;99;3960;4.78;149.56;;;
37.800189;-3.704793;488;0;3;100;3959;4.8;149.54;;;
37.800241;-3.704575;489;0;4;100;3959;4.82;149.52;;;
37.800292;-3.704357;489;0;4;101;3958;4.84;149.5;;;
37.800417;-3.703931;491;0;4;102;3957;4.88;149.46;;;
37.800554;-3.703510;492;0;4;104;3955;4.92;149.42;;;
37.800692;-3.703089;494;0;4;105;3954;4.96;149.38;;;
37.800828;-3.702668;496;0;4;107;3952;5;149.34;;;
37.800947;-3.702238;497;0;3;108;3951;5.04;149.3;;;
37.801017;-3.701793;498;0;3;110;3949;5.08;149.26;;;
37.801035;-3.701339;500;0;3;111;3948;5.12;149.22;;;
37.801038;-3.701111;500;0;3;111;3948;5.14;149.2;;;
37.801017;-3.700885;501;0;3;112;3947;5.16;149.18;;;
37.800989;-3.700660;501;0;3;113;3946;5.18;149.16;;;
37.800962;-3.700435;502;0;3;113;3946;5.2;149.14;;;
37.800903;-3.700221;502;0;3;114;3945;5.22;149.12;;;
37.800840;-3.700008;503;0;3;114;3945;5.24;149.1;;;
37.800777;-3.699795;503;0;2;115;3944;5.26;149.08;;;
37.800714;-3.699582;504;0;2;115;3944;5.28;149.06;;;
37.800650;-3.699369;504;0;2;116;3943;5.3;149.04;;;
37.800587;-3.699155;505;0;2;116;3943;5.32;149.02;;;
37.800524;-3.698942;505;0;2;117;3942;5.34;149;;;
37.800461;-3.698729;506;0;2;117;3942;5.36;148.98;;;
37.800406;-3.698513;506;0;2;117;3942;5.38;148.96;;;
37.800368;-3.698290;506;0;2;118;3941;5.4;148.94;;;
37.800331;-3.698068;507;0;2;118;3941;5.42;148.92;;;
37.800300;-3.697844;507;0;2;119;3940;5.44;148.9;;;
37.800279;-3.697618;507;0;2;119;3940;5.46;148.88;;;
37.800259;-3.697391;508;0;2;119;3940;5.48;148.86;;;
37.800250;-3.697164;508;0;1;120;3939;5.5;148.84;;;
37.800242;-3.696937;508;0;1;120;3939;5.52;148.82;;;
37.800252;-3.696710;509;0;1;120;3939;5.54;148.8;;;
37.800269;-3.696483;509;0;1;120;3939;5.56;148.78;;;
37.800286;-3.696257;509;0;1;121;3938;5.58;148.76;;;
37.800318;-3.696033;509;0;1;121;3938;5.6;148.74;;;
37.800355;-3.695810;509;0;1;121;3938;5.62;148.72;;;
37.800392;-3.695588;510;0;1;121;3938;5.64;148.7;;;
37.800444;-3.695370;510;0;1;121;3938;5.66;148.68;;;
37.800496;-3.695152;510;0;1;121;3938;5.68;148.66;;;
37.800551;-3.694935;510;0;0;121;3938;5.7;148.64;;;
37.800622;-3.694726;510;0;0;121;3938;5.72;148.62;;;
37.800693;-3.694517;510;0;1;122;3937;5.74;148.6;;;
37.800769;-3.694311;510;0;1;122;3937;5.76;148.58;;;
37.800858;-3.694114;510;0;1;122;3937;5.78;148.56;;;
37.800946;-3.693915;510;0;1;122;3937;5.8;148.54;;;
37.801026;-3.693711;511;0;1;122;3937;5.82;148.52;;;
37.801098;-3.693502;511;0;1;122;3937;5.84;148.5;;;
37.801162;-3.693290;511;0;1;122;3937;5.86;148.48;;;
37.801222;-3.693075;511;0;1;123;3936;5.88;148.46;;;
37.801276;-3.692858;511;0;1;123;3936;5.9;148.44;;;
37.801321;-3.692638;512;0;1;123;3936;5.92;148.42;;;
37.801365;-3.692417;512;0;1;123;3936;5.94;148.4;;;
37.801393;-3.692193;512;0;1;123;3936;5.96;148.38;;;
37.801419;-3.691967;512;0;1;123;3936;5.98;148.36;;;
37.801444;-3.691742;512;0;1;124;3935;6;148.34;;;
37.801470;-3.691517;512;0;1;124;3935;6.02;148.32;;;
37.801496;-3.691291;513;0;1;124;3935;6.04;148.3;;;
37.801521;-3.691066;513;0;1;124;3935;6.06;148.28;;;
37.801545;-3.690840;513;0;1;125;3934;6.08;148.26;;;
37.801567;-3.690614;513;0;1;125;3934;6.1;148.24;;;
37.801590;-3.690389;514;0;1;125;3934;6.12;148.22;;;
37.801612;-3.690163;514;0;1;125;3934;6.14;148.2;;;
37.801636;-3.689937;514;0;1;126;3933;6.16;148.18;;;
37.801658;-3.689711;514;0;1;126;3933;6.18;148.16;;;
37.801681;-3.689485;515;0;1;126;3933;6.2;148.14;;;
37.801704;-3.689260;515;0;1;126;3933;6.22;148.12;;;
37.801727;-3.689034;515;0;1;127;3932;6.24;148.1;;;
37.801750;-3.688808;515;0;1;127;3932;6.26;148.08;;;
37.801772;-3.688582;516;0;1;127;3932;6.28;148.06;;;
37.801795;-3.688356;516;0;1;127;3932;6.3;148.04;;;
37.801818;-3.688131;516;0;1;128;3931;6.32;148.02;;;
37.801841;-3.687905;516;0;1;128;3931;6.34;148;;;
37.801863;-3.687679;517;0;1;128;3931;6.36;147.98;;;
37.801886;-3.687453;517;0;1;128;3931;6.38;147.96;;;
37.801909;-3.687227;517;0;1;129;3930;6.4;147.94;;;
37.801932;-3.687002;517;0;1;129;3930;6.42;147.92;;;
37.801954;-3.686776;518;0;1;129;3930;6.44;147.9;;;
37.801977;-3.686550;518;0;1;129;3930;6.46;147.88;;;
37.802011;-3.686327;518;0;1;130;3929;6.48;147.86;;;
37.802058;-3.686107;518;0;1;130;3929;6.5;147.84;;;
37.802105;-3.685887;519;0;1;130;3929;6.52;147.82;;;
37.802168;-3.685675;519;0;1;130;3929;6.54;147.8;;;
37.802239;-3.685466;519;0;1;130;3929;6.56;147.78;;;
37.802310;-3.685257;519;0;1;130;3929;6.58;147.76;;;
37.802381;-3.685048;519;0;1;131;3928;6.6;147.74;;;
37.802452;-3.684838;519;0;1;131;3928;6.62;147.72;;;
37.802524;-3.684630;519;0;1;131;3928;6.64;147.7;;;
37.802604;-3.684426;520;0;0;131;3928;6.66;147.68;;;
37.802684;-3.684222;520;0;0;131;3928;6.68;147.66;;;
37.802764;-3.684018;520;0;0;131;3928;6.7;147.64;;;
37.802844;-3.683814;520;0;0;131;3928;6.72;147.62;;;
37.802923;-3.683610;520;0;0;131;3928;6.74;147.6;;;
37.803003;-3.683406;520;0;0;131;3928;6.76;147.58;;;
37.803083;-3.683202;520;0;0;131;3928;6.78;147.56;;;
37.803163;-3.682998;520;0;0;131;3928;6.8;147.54;;;
37.803243;-3.682794;520;0;0;131;3928;6.82;147.52;;;
37.803321;-3.682589;519;0;0;131;3928;6.84;147.5;;;
37.803397;-3.682383;519;0;0;131;3928;6.86;147.48;;;
37.803473;-3.682176;519;0;0;131;3928;6.88;147.46;;;
37.803549;-3.681970;519;0;0;131;3928;6.9;147.44;;;
37.803625;-3.681764;519;0;0;131;3928;6.92;147.42;;;
37.803700;-3.681557;519;0;0;131;3928;6.94;147.4;;;
37.803762;-3.681344;519;0;0;131;3928;6.96;147.38;;;
37.803816;-3.681127;519;0;0;131;3928;6.98;147.36;;;
37.803870;-3.680909;519;0;0;131;3928;7;147.34;;;
37.803923;-3.680692;519;0;0;131;3928;7.02;147.32;;;
37.803977;-3.680475;519;0;0;131;3928;7.04;147.3;;;
37.804030;-3.680257;519;0;0;131;3928;7.06;147.28;;;
37.804084;-3.680040;519;0;0;131;3928;7.08;147.26;;;
37.804138;-3.679823;519;0;0;131;3928;7.1;147.24;;;
37.804191;-3.679605;519;0;0;131;3928;7.12;147.22;;;
37.804244;-3.679388;519;0;0;131;3928;7.14;147.2;;;
37.804298;-3.679171;519;0;0;131;3928;7.16;147.18;;;
37.804352;-3.678953;519;0;0;131;3928;7.18;147.16;;;
37.804405;-3.678736;519;0;0;131;3928;7.2;147.14;;;
37.804459;-3.678519;519;0;0;131;3928;7.22;147.12;;;
37.804512;-3.678301;519;0;0;131;3928;7.24;147.1;;;
37.804566;-3.678084;519;0;1;132;3927;7.26;147.08;;;
37.804620;-3.677867;519;0;1;132;3927;7.28;147.06;;;
37.804673;-3.677650;519;0;1;132;3927;7.3;147.04;;;
37.804727;-3.677432;520;0;1;132;3927;7.32;147.02;;;
37.804780;-3.677215;520;0;1;132;3927;7.34;147;;;
37.804834;-3.676998;520;0;1;132;3927;7.36;146.98;;;
37.804887;-3.676780;520;0;1;133;3926;7.38;146.96;;;
37.804939;-3.676562;521;0;2;133;3926;7.4;146.94;;;
37.804992;-3.676345;521;0;2;134;3925;7.42;146.92;;;
37.805046;-3.676127;521;0;2;134;3925;7.44;146.9;;;
37.805099;-3.675910;522;0;2;134;3925;7.46;146.88;;;
37.805151;-3.675692;522;0;3;135;3924;7.48;146.86;;;
37.805190;-3.675470;523;0;3;135;3924;7.5;146.84;;;
37.805225;-3.675247;523;0;3;136;3923;7.52;146.82;;;
37.805263;-3.675025;524;0;3;136;3923;7.54;146.8;;;
37.805286;-3.674803;525;0;3;137;3922;7.56;146.78;;;
37.805289;-3.674575;526;0;3;138;3921;7.58;146.76;;;
37.805289;-3.674348;526;0;3;139;3920;7.6;146.74;;;
37.805289;-3.674120;527;0;3;139;3920;7.62;146.72;;;
37.805282;-3.673893;527;0;3;140;3919;7.64;146.7;;;
37.805275;-3.673665;528;0;3;140;3919;7.66;146.68;;;
37.805268;-3.673438;528;0;3;141;3918;7.68;146.66;;;
37.805261;-3.673210;529;0;3;141;3918;7.7;146.64;;;
37.805254;-3.672983;529;0;3;142;3917;7.72;146.62;;;
37.805246;-3.672755;530;0;3;142;3917;7.74;146.6;;;
37.805239;-3.672528;531;0;4;143;3916;7.76;146.58;;;
37.805223;-3.672301;531;0;4;144;3915;7.78;146.56;;;
37.805208;-3.672074;532;0;4;145;3914;7.8;146.54;;;
37.805178;-3.671850;533;0;4;145;3914;7.82;146.52;;;
37.805132;-3.671631;534;0;4;146;3913;7.84;146.5;;;
37.805086;-3.671411;535;0;4;147;3912;7.86;146.48;;;
37.805024;-3.671197;536;0;4;148;3911;7.88;146.46;;;
37.804959;-3.670985;536;0;4;149;3910;7.9;146.44;;;
37.804893;-3.670773;537;0;4;150;3909;7.92;146.42;;;
37.804810;-3.670571;538;0;4;151;3908;7.94;146.4;;;
37.804727;-3.670369;539;0;4;151;3908;7.96;146.38;;;
37.804631;-3.670177;540;0;4;152;3907;7.98;146.36;;;
37.804526;-3.669992;541;0;4;153;3906;8;146.34;;;
37.804421;-3.669808;542;0;4;154;3905;8.02;146.32;;;
37.804170;-3.669482;543;0;4;156;3903;8.06;146.28;;;
37.804034;-3.669333;544;0;4;157;3902;8.08;146.26;;;
37.803899;-3.669183;545;0;4;158;3901;8.1;146.24;;;
37.803616;-3.668902;547;0;4;159;3900;8.14;146.2;;;
37.803468;-3.668773;548;0;4;160;3899;8.16;146.18;;;
37.803320;-3.668645;548;0;4;161;3898;8.18;146.16;;;
37.802875;-3.668258;551;0;4;163;3896;8.24;146.1;;;
37.802726;-3.668130;551;0;4;164;3895;8.26;146.08;;;
37.802281;-3.667744;553;0;3;166;3893;8.32;146.02;;;
37.802130;-3.667621;554;0;3;166;3893;8.34;146;;;
37.801979;-3.667497;555;0;3;167;3892;8.36;145.98;;;
37.801678;-3.667248;556;0;3;168;3891;8.4;145.94;;;
37.801527;-3.667124;557;0;3;169;3890;8.42;145.92;;;
37.801376;-3.667001;557;0;3;170;3889;8.44;145.9;;;
37.801074;-3.666753;559;0;3;171;3888;8.48;145.86;;;
37.800923;-3.666628;559;0;3;171;3888;8.5;145.84;;;
37.800774;-3.666502;560;0;3;172;3887;8.52;145.82;;;
37.800477;-3.666244;561;0;3;173;3886;8.56;145.78;;;
37.800329;-3.666115;562;0;3;174;3885;8.58;145.76;;;
37.800184;-3.665980;562;0;3;175;3884;8.6;145.74;;;
37.799919;-3.665674;564;0;3;176;3883;8.64;145.7;;;
37.799793;-3.665511;565;0;4;177;3882;8.66;145.68;;;
37.799686;-3.665328;565;0;3;178;3881;8.68;145.66;;;
37.799502;-3.664691;567;0;3;180;3879;8.74;145.6;;;
37.799469;-3.664467;568;0;3;180;3879;8.76;145.58;;;
37.799501;-3.663789;570;0;3;182;3877;8.82;145.52;;;
37.799555;-3.663572;570;0;2;183;3876;8.84;145.5;;;
37.799624;-3.663363;571;0;2;183;3876;8.86;145.48;;;
37.799798;-3.662964;571;0;2;184;3875;8.9;145.44;;;
37.799908;-3.662784;572;0;2;184;3875;8.92;145.42;;;
37.800018;-3.662604;572;0;2;184;3875;8.94;145.4;;;
37.800248;-3.662254;573;0;2;185;3874;8.98;145.36;;;
37.800369;-3.662086;573;0;2;185;3874;9;145.34;;;
37.800490;-3.661917;574;0;2;186;3873;9.02;145.32;;;
37.800726;-3.661575;574;0;2;187;3872;9.06;145.28;;;
37.800838;-3.661397;575;0;3;187;3872;9.08;145.26;;;
37.800951;-3.661219;575;0;3;188;3871;9.1;145.24;5;;
37.801007;-3.660819;577;0;3;189;3870;9.14;145.2;;;
37.800909;-3.660628;577;0;3;190;3869;9.16;145.18;;;
37.800816;-3.660434;578;0;3;190;3869;9.18;145.16;;;
37.800585;-3.659817;580;0;3;192;3867;9.24;145.1;;;
37.800514;-3.659608;580;0;3;193;3866;9.26;145.08;;;
37.800316;-3.658973;582;0;3;194;3865;9.32;145.02;;;
37.800250;-3.658761;582;0;3;195;3864;9.34;145;;;
37.800184;-3.658549;583;0;3;195;3864;9.36;144.98;;;
37.800052;-3.658126;584;0;3;196;3863;9.4;144.94;;;
37.799986;-3.657914;585;0;3;197;3862;9.42;144.92;;;
37.799920;-3.657702;585;0;3;197;3862;9.44;144.9;;;
37.799787;-3.657279;586;0;3;199;3860;9.48;144.86;;;
37.799721;-3.657067;587;0;3;199;3860;9.5;144.84;;;
37.799655;-3.656856;588;0;3;200;3859;9.52;144.82;;;
37.799525;-3.656431;589;0;3;201;3858;9.56;144.78;;;
37.799459;-3.656219;590;0;3;202;3857;9.58;144.76;;;
37.799394;-3.656007;590;0;3;203;3856;9.6;144.74;;;
37.799263;-3.655583;592;0;4;204;3855;9.64;144.7;;;
37.799198;-3.655371;592;0;4;205;3854;9.66;144.68;;;
37.799132;-3.655159;593;0;4;206;3853;9.68;144.66;;;
37.798936;-3.654523;595;0;4;208;3851;9.74;144.6;;;
37.798871;-3.654311;596;0;4;208;3851;9.76;144.58;;;
37.798683;-3.653671;599;0;5;211;3848;9.82;144.52;;;
37.798627;-3.653455;600;0;5;212;3847;9.84;144.5;;;
37.798594;-3.653232;601;0;5;214;3845;9.86;144.48;;;
37.798566;-3.652778;603;0;6;216;3843;9.9;144.44;;;
37.798573;-3.652552;604;0;6;217;3842;9.92;144.42;;;
37.798605;-3.652328;605;0;6;218;3841;9.94;144.4;;;
37.798667;-3.651880;608;0;6;220;3839;9.98;144.36;;;
37.798721;-3.651663;609;0;6;222;3837;10;144.34;;;
37.798724;-3.651436;610;0;6;223;3836;10.02;144.32;;;
37.798597;-3.651019;613;0;5;225;3834;10.06;144.28;;;
37.798488;-3.650838;614;0;5;226;3833;10.08;144.26;;;
37.798380;-3.650656;615;0;5;227;3832;10.1;144.24;;;
37.798163;-3.650294;616;0;5;229;3830;10.14;144.2;;;
37.798054;-3.650112;617;0;5;230;3829;10.16;144.18;;;
37.797946;-3.649931;618;0;5;231;3828;10.18;144.16;;;
37.797620;-3.649386;621;0;5;233;3826;10.24;144.1;;;
37.797511;-3.649205;622;0;5;234;3825;10.26;144.08;;;
37.797403;-3.649023;623;0;5;235;3824;10.28;144.06;;;
37.797281;-3.648856;624;0;5;236;3823;10.3;144.04;;;
37.797155;-3.648693;625;0;5;237;3822;10.32;144.02;;;
37.797023;-3.648538;626;0;5;238;3821;10.34;144;;;
37.796892;-3.648383;627;0;5;239;3820;10.36;143.98;;;
37.796761;-3.648228;628;0;5;241;3818;10.38;143.96;;;
37.796629;-3.648072;629;0;5;242;3817;10.4;143.94;;;
37.796497;-3.647917;630;0;5;243;3816;10.42;143.92;;;
37.796366;-3.647762;631;0;6;244;3815;10.44;143.9;;;
37.796234;-3.647607;632;0;6;245;3814;10.46;143.88;;;
37.796103;-3.647452;634;0;6;246;3813;10.48;143.86;;;
37.795970;-3.647298;635;0;6;247;3812;10.5;143.84;;;
37.795834;-3.647149;636;0;6;248;3811;10.52;143.82;;;
37.795698;-3.647001;637;0;6;250;3809;10.54;143.8;;;
37.795561;-3.646852;639;0;6;251;3808;10.56;143.78;;;
37.795417;-3.646716;640;0;6;252;3807;10.58;143.76;;;
37.795268;-3.646589;641;0;6;253;3806;10.6;143.74;;;
37.795119;-3.646463;642;0;5;254;3805;10.62;143.72;;;
37.794969;-3.646336;643;0;5;255;3804;10.64;143.7;;;
37.794820;-3.646209;644;0;5;256;3803;10.66;143.68;;;
37.794670;-3.646082;645;0;5;258;3801;10.68;143.66;;;
37.794521;-3.645956;646;0;5;259;3800;10.7;143.64;;;
37.794371;-3.645829;647;0;5;260;3799;10.72;143.62;;;
37.794222;-3.645703;648;0;5;261;3798;10.74;143.6;;;
37.794072;-3.645577;649;0;5;262;3797;10.76;143.58;;;
37.793922;-3.645451;650;0;5;263;3796;10.78;143.56;;;
37.793772;-3.645326;651;0;5;264;3795;10.8;143.54;;;
37.793621;-3.645202;652;0;5;264;3795;10.82;143.52;;;
37.793471;-3.645077;653;0;5;265;3794;10.84;143.5;;;
37.793321;-3.644952;654;0;5;266;3793;10.86;143.48;;;
37.793170;-3.644827;655;0;5;267;3792;10.88;143.46;;;
37.793023;-3.644695;656;0;5;269;3790;10.9;143.44;;;
37.792879;-3.644561;657;0;5;270;3789;10.92;143.42;;;
37.792735;-3.644424;659;0;6;271;3788;10.94;143.4;;;
37.792593;-3.644284;659;0;6;272;3787;10.96;143.38;;;
37.792484;-3.644105;660;0;6;273;3786;10.98;143.36;;;
37.792391;-3.643911;661;0;6;274;3785;11;143.34;;;
37.792320;-3.643702;663;0;6;275;3784;11.02;143.32;;;
37.792266;-3.643487;664;0;6;277;3782;11.04;143.3;;;
37.792242;-3.643261;665;0;6;278;3781;11.06;143.28;;;
37.792232;-3.643034;666;0;6;279;3780;11.08;143.26;;;
37.792226;-3.642807;668;0;5;280;3779;11.1;143.24;;;
37.792232;-3.642580;669;0;5;281;3778;11.12;143.22;;;
37.792242;-3.642352;670;0;5;282;3777;11.14;143.2;;;
37.792252;-3.642125;671;0;5;283;3776;11.16;143.18;;;
37.792262;-3.641898;672;0;5;284;3775;11.18;143.16;;;
37.792272;-3.641671;673;0;4;285;3774;11.2;143.14;;;
37.792282;-3.641443;673;0;5;286;3773;11.22;143.12;;;
37.792292;-3.641216;674;0;5;287;3772;11.24;143.1;;;
37.792301;-3.640989;675;0;5;288;3771;11.26;143.08;;;
37.792311;-3.640762;676;0;5;289;3770;11.28;143.06;;;
37.792321;-3.640534;677;0;5;290;3769;11.3;143.04;;;
37.792331;-3.640307;678;0;5;291;3768;11.32;143.02;;;
37.792341;-3.640080;679;0;5;291;3768;11.34;143;;;
37.792363;-3.639854;680;0;5;292;3767;11.36;142.98;;;
37.792387;-3.639628;681;0;5;293;3766;11.38;142.96;;;
37.792411;-3.639403;682;0;5;294;3765;11.4;142.94;;;
37.792435;-3.639177;683;0;4;295;3764;11.42;142.92;;;
37.792459;-3.638952;684;0;4;296;3763;11.44;142.9;;;
37.792488;-3.638727;684;0;4;297;3762;11.46;142.88;;;
37.792520;-3.638503;685;0;4;298;3761;11.48;142.86;;;
37.792553;-3.638279;686;0;4;299;3760;11.5;142.84;;;
37.792566;-3.638052;687;0;4;299;3760;11.52;142.82;;;
37.792570;-3.637825;688;0;4;300;3759;11.54;142.8;;;
37.792548;-3.637600;689;0;4;301;3758;11.56;142.78;;;
37.792514;-3.637376;690;0;4;302;3757;11.58;142.76;;;
37.792479;-3.637153;690;0;4;303;3756;11.6;142.74;;;
37.792439;-3.636931;691;0;3;303;3756;11.62;142.72;;;
37.792399;-3.636709;692;0;3;304;3755;11.64;142.7;;;
37.792359;-3.636488;692;0;3;305;3754;11.66;142.68;;;
37.792318;-3.636266;693;0;3;305;3754;11.68;142.66;;;
37.792279;-3.636044;693;0;3;306;3753;11.7;142.64;;;
37.792241;-3.635821;694;0;3;306;3753;11.72;142.62;;;
37.792202;-3.635599;694;0;3;307;3752;11.74;142.6;;;
37.792164;-3.635377;695;0;3;307;3752;11.76;142.58;;;
37.792128;-3.635153;696;0;3;308;3751;11.78;142.56;;;
37.792100;-3.634929;696;0;3;309;3750;11.8;142.54;;;
37.792080;-3.634703;697;0;2;309;3750;11.82;142.52;;;
37.792066;-3.634476;697;0;2;309;3750;11.84;142.5;;;
37.792052;-3.634249;698;0;2;310;3749;11.86;142.48;;;
37.792039;-3.634022;698;0;2;310;3749;11.88;142.46;;;
37.792026;-3.633795;698;0;2;311;3748;11.9;142.44;;;
37.792014;-3.633568;699;0;2;311;3748;11.92;142.42;;;
37.792001;-3.633341;699;0;2;312;3747;11.94;142.4;;;
37.791989;-3.633114;700;0;2;312;3747;11.96;142.38;;;
37.791976;-3.632887;700;0;2;312;3747;11.98;142.36;;;
37.791964;-3.632659;700;0;2;313;3746;12;142.34;;;
37.791952;-3.632432;701;0;2;313;3746;12.02;142.32;;;
37.791937;-3.632206;701;0;2;314;3745;12.04;142.3;;;
37.791920;-3.631979;702;0;2;314;3745;12.06;142.28;;;
37.791903;-3.631752;702;0;2;314;3745;12.08;142.26;;;
37.791886;-3.631526;702;0;2;315;3744;12.1;142.24;;;
37.791870;-3.631299;703;0;2;315;3744;12.12;142.22;;;
37.791851;-3.631073;703;0;2;315;3744;12.14;142.2;;;
37.791831;-3.630847;703;0;2;316;3743;12.16;142.18;;;
37.791811;-3.630620;704;0;2;316;3743;12.18;142.16;;;
37.791789;-3.630395;704;0;2;317;3742;12.2;142.14;;;
37.791761;-3.630170;704;0;2;317;3742;12.22;142.12;;;
37.791729;-3.629946;705;0;2;317;3742;12.24;142.1;;;
37.791695;-3.629722;705;0;1;317;3742;12.26;142.08;;;
37.791639;-3.629506;705;0;1;318;3741;12.28;142.06;;;
37.791562;-3.629301;705;0;1;318;3741;12.3;142.04;;;
37.791480;-3.629098;706;0;1;318;3741;12.32;142.02;;;
37.791399;-3.628895;706;0;1;318;3741;12.34;142;;;
37.791317;-3.628692;706;0;1;319;3740;12.36;141.98;;;
37.791235;-3.628490;706;0;1;319;3740;12.38;141.96;;;
37.791154;-3.628287;707;0;1;319;3740;12.4;141.94;;;
37.791072;-3.628084;707;0;1;319;3740;12.42;141.92;;;
37.790990;-3.627882;707;0;1;320;3739;12.44;141.9;;;
37.790908;-3.627679;708;0;1;320;3739;12.46;141.88;;;
37.790826;-3.627477;708;0;2;320;3739;12.48;141.86;;;
37.790752;-3.627269;708;0;2;321;3738;12.5;141.84;;;
37.790682;-3.627060;708;0;2;321;3738;12.52;141.82;;;
37.790616;-3.626848;709;0;2;321;3738;12.54;141.8;;;
37.790556;-3.626633;709;0;2;322;3737;12.56;141.78;;;
37.790496;-3.626419;710;0;2;322;3737;12.58;141.76;;;
37.790441;-3.626202;710;0;2;322;3737;12.6;141.74;;;
37.790387;-3.625985;710;0;2;323;3736;12.62;141.72;;;
37.790332;-3.625768;710;0;2;323;3736;12.64;141.7;;;
37.790278;-3.625551;711;0;2;323;3736;12.66;141.68;;;
37.790223;-3.625334;711;0;2;324;3735;12.68;141.66;;;
37.790169;-3.625117;712;0;2;324;3735;12.7;141.64;;;
37.790114;-3.624900;712;0;2;324;3735;12.72;141.62;;;
37.790060;-3.624683;712;0;2;325;3734;12.74;141.6;;;
37.790006;-3.624466;713;0;2;325;3734;12.76;141.58;;;
37.789952;-3.624249;713;0;2;325;3734;12.78;141.56;;;
37.789897;-3.624032;713;0;2;326;3733;12.8;141.54;;;
37.789843;-3.623815;714;0;3;326;3733;12.82;141.52;;;
37.789790;-3.623598;714;0;3;327;3732;12.84;141.5;;;
37.789722;-3.623388;715;0;4;327;3732;12.86;141.48;;;
37.789621;-3.623204;715;0;4;328;3731;12.88;141.46;;;
37.789486;-3.623053;717;0;5;329;3730;12.9;141.44;;;
37.789385;-3.622871;718;0;5;331;3728;12.92;141.42;;;
37.789390;-3.622651;719;0;6;332;3727;12.94;141.4;;;
37.789471;-3.622448;720;0;6;333;3726;12.96;141.38;;;
37.789494;-3.622227;722;0;5;334;3725;12.98;141.36;;;
37.789461;-3.622004;723;0;5;335;3724;13;141.34;;;
37.789422;-3.621781;724;0;5;336;3723;13.02;141.32;;;
37.789382;-3.621559;725;0;4;337;3722;13.04;141.3;;;
37.789343;-3.621337;725;0;4;338;3721;13.06;141.28;;;
37.789303;-3.621115;726;0;4;338;3721;13.08;141.26;;;
37.789264;-3.620893;727;0;4;339;3720;13.1;141.24;;;
37.789225;-3.620671;727;0;4;340;3719;13.12;141.22;;;
37.789185;-3.620449;728;0;4;341;3718;13.14;141.2;;;
37.789146;-3.620227;729;0;4;341;3718;13.16;141.18;;;
37.789106;-3.620005;730;0;4;342;3717;13.18;141.16;;;
37.789067;-3.619783;730;0;4;343;3716;13.2;141.14;;;
37.789027;-3.619561;731;0;4;344;3715;13.22;141.12;;;
37.788987;-3.619339;732;0;4;344;3715;13.24;141.1;;;
37.788948;-3.619117;733;0;4;345;3714;13.26;141.08;;;
37.788908;-3.618895;734;0;4;346;3713;13.28;141.06;;;
37.788868;-3.618673;734;0;4;347;3712;13.3;141.04;;;
37.788828;-3.618451;735;0;4;348;3711;13.32;141.02;;;
37.788788;-3.618229;736;0;4;348;3711;13.34;141;;;
37.788748;-3.618007;737;0;4;349;3710;13.36;140.98;;;
37.788708;-3.617785;738;0;4;350;3709;13.38;140.96;;;
37.788669;-3.617563;739;0;5;351;3708;13.4;140.94;;;
37.788629;-3.617342;739;0;5;352;3707;13.42;140.92;;;
37.788589;-3.617120;740;0;6;352;3707;13.44;140.9;;;
37.788540;-3.616901;741;0;5;354;3705;13.46;140.88;;;
37.788514;-3.616678;743;0;5;355;3704;13.48;140.86;;;
37.788540;-3.616453;745;0;5;357;3702;13.5;140.84;6;;
37.788564;-3.616227;746;0;5;358;3701;13.52;140.82;;;
37.788582;-3.616001;746;0;5;359;3700;13.54;140.8;;;
37.788601;-3.615774;747;0;4;359;3700;13.56;140.78;;;
37.788620;-3.615548;748;0;4;360;3699;13.58;140.76;;;
37.788638;-3.615321;748;0;4;361;3698;13.6;140.74;;;
37.788657;-3.615095;749;0;4;362;3697;13.62;140.72;;;
37.788675;-3.614869;750;0;4;362;3697;13.64;140.7;;;
37.788694;-3.614642;751;0;3;363;3696;13.66;140.68;;;
37.788713;-3.614416;751;0;3;364;3695;13.68;140.66;;;
37.788731;-3.614190;752;0;3;364;3695;13.7;140.64;;;
37.788750;-3.613963;753;0;3;365;3694;13.72;140.62;;;
37.788769;-3.613737;753;0;3;366;3693;13.74;140.6;;;
37.788788;-3.613511;754;0;3;366;3693;13.76;140.58;;;
37.788807;-3.613284;755;0;3;367;3692;13.78;140.56;;;
37.788825;-3.613058;755;0;3;368;3691;13.8;140.54;;;
37.788844;-3.612831;756;0;3;368;3691;13.82;140.52;;;
37.788863;-3.612605;756;0;3;369;3690;13.84;140.5;;;
37.788881;-3.612379;757;0;3;369;3690;13.86;140.48;;;
37.788900;-3.612152;757;0;3;370;3689;13.88;140.46;;;
37.788919;-3.611926;758;0;2;370;3689;13.9;140.44;;;
37.788937;-3.611700;758;0;2;371;3688;13.92;140.42;;;
37.788956;-3.611473;759;0;2;371;3688;13.94;140.4;;;
37.788975;-3.611247;759;0;2;372;3687;13.96;140.38;;;
37.788994;-3.611021;760;0;2;372;3687;13.98;140.36;;;
37.789013;-3.610794;760;0;2;373;3686;14;140.34;;;
37.789032;-3.610568;761;0;2;373;3686;14.02;140.32;;;
37.789052;-3.610342;761;0;2;373;3686;14.04;140.3;;;
37.789073;-3.610116;761;0;2;374;3685;14.06;140.28;;;
37.789093;-3.609890;762;0;2;374;3685;14.08;140.26;;;
37.789113;-3.609663;762;0;2;375;3684;14.1;140.24;;;
37.789133;-3.609437;762;0;2;375;3684;14.12;140.22;;;
37.789153;-3.609211;763;0;2;375;3684;14.14;140.2;;;
37.789173;-3.608985;763;0;2;376;3683;14.16;140.18;;;
37.789215;-3.608764;764;0;1;376;3683;14.18;140.16;;;
37.789286;-3.608556;764;0;1;376;3683;14.2;140.14;;;
37.789261;-3.608345;764;0;1;377;3682;14.22;140.12;;;
37.789245;-3.608123;764;0;1;377;3682;14.24;140.1;;;
37.789276;-3.607899;764;0;1;377;3682;14.26;140.08;;;
37.789309;-3.607675;764;0;0;377;3682;14.28;140.06;;;
37.789340;-3.607451;764;0;0;377;3682;14.3;140.04;;;
37.789373;-3.607227;764;0;0;377;3682;14.32;140.02;;;
37.789406;-3.607004;764;0;0;377;3682;14.34;140;;;
37.789440;-3.606780;764;0;-1;377;3682;14.36;139.98;;;
37.789473;-3.606556;764;0;-1;377;3682;14.38;139.96;;;
37.789506;-3.606332;764;0;-1;377;3682;14.4;139.94;;;
37.789539;-3.606109;764;0;-1;377;3682;14.42;139.92;;;
37.789573;-3.605885;764;0;-1;377;3682;14.44;139.9;;;
37.789606;-3.605661;763;0;-1;377;3682;14.46;139.88;;;
37.789639;-3.605438;763;0;-1;377;3682;14.48;139.86;;;
37.789672;-3.605214;763;0;-1;377;3682;14.5;139.84;;;
37.789705;-3.604990;763;0;-1;377;3682;14.52;139.82;;;
37.789738;-3.604767;762;0;-2;377;3682;14.54;139.8;;;
37.789768;-3.604543;762;0;-2;377;3682;14.56;139.78;;;
37.789751;-3.604316;762;0;-2;377;3682;14.58;139.76;;;
37.789734;-3.604090;761;0;-2;377;3682;14.6;139.74;;;
37.789717;-3.603863;761;0;-2;377;3682;14.62;139.72;;;
37.789699;-3.603636;761;0;-2;377;3682;14.64;139.7;;;
37.789682;-3.603410;760;0;-2;377;3682;14.66;139.68;;;
37.789665;-3.603183;760;0;-2;377;3682;14.68;139.66;;;
37.789650;-3.602957;759;0;-2;377;3682;14.7;139.64;;;
37.789663;-3.602730;759;0;-2;377;3682;14.72;139.62;;;
37.789677;-3.602503;759;0;-2;377;3682;14.74;139.6;;;
37.789698;-3.602279;758;0;-2;377;3682;14.76;139.58;;;
37.789788;-3.602081;758;0;-2;377;3682;14.78;139.56;;;
37.789877;-3.601884;757;0;-2;377;3682;14.8;139.54;;;
37.789968;-3.601689;757;0;-2;377;3682;14.82;139.52;;;
37.790103;-3.601538;756;0;-2;377;3682;14.84;139.5;;;
37.790238;-3.601388;756;0;-2;377;3682;14.86;139.48;;;
37.790389;-3.601270;756;0;-1;377;3682;14.88;139.46;;;
37.790557;-3.601189;755;0;-1;377;3682;14.9;139.44;;;
37.790724;-3.601106;755;0;-1;377;3682;14.92;139.42;;;
37.790903;-3.601099;755;0;-1;377;3682;14.94;139.4;;;
37.791083;-3.601099;755;0;-1;377;3682;14.96;139.38;;;
37.791263;-3.601099;755;0;-1;377;3682;14.98;139.36;;;
37.791440;-3.601130;754;0;-1;377;3682;15;139.34;;;
37.791617;-3.601174;754;0;-1;377;3682;15.02;139.32;;;
37.791793;-3.601218;754;0;-1;377;3682;15.04;139.3;;;
37.791970;-3.601262;753;0;-1;377;3682;15.06;139.28;;;
37.792146;-3.601307;753;0;-1;377;3682;15.08;139.26;;;
37.792322;-3.601351;753;0;-1;377;3682;15.1;139.24;;;
37.792499;-3.601395;753;0;-1;377;3682;15.12;139.22;;;
37.792675;-3.601439;752;0;-1;377;3682;15.14;139.2;;;
37.792852;-3.601484;752;0;-1;377;3682;15.16;139.18;;;
37.793028;-3.601528;752;0;-1;377;3682;15.18;139.16;;;
37.793205;-3.601572;752;0;-1;377;3682;15.2;139.14;;;
37.793381;-3.601616;751;0;-1;377;3682;15.22;139.12;;;
37.793558;-3.601660;751;0;-1;377;3682;15.24;139.1;;;
37.793734;-3.601705;751;0;-1;377;3682;15.26;139.08;;;
37.793910;-3.601749;750;0;-1;377;3682;15.28;139.06;;;
37.794087;-3.601793;750;0;-1;377;3682;15.3;139.04;;;
37.794263;-3.601837;750;0;-1;377;3682;15.32;139.02;;;
37.794440;-3.601882;750;0;-1;377;3682;15.34;139;;;
37.794616;-3.601926;749;0;-2;377;3682;15.36;138.98;;;
37.794793;-3.601970;749;0;-2;377;3682;15.38;138.96;;;
37.794967;-3.601953;749;0;-2;377;3682;15.4;138.94;;;
37.795139;-3.601888;748;0;-2;377;3682;15.42;138.92;;;
37.795312;-3.601824;748;0;-2;377;3682;15.44;138.9;;;
37.795484;-3.601758;747;0;-2;377;3682;15.46;138.88;;;
37.795614;-3.601606;747;0;-2;377;3682;15.48;138.86;;;
37.795736;-3.601440;746;0;-2;377;3682;15.5;138.84;;;
37.795859;-3.601273;746;0;-2;377;3682;15.52;138.82;;;
37.795961;-3.601092;745;0;-2;377;3682;15.54;138.8;;;
37.796006;-3.600871;745;0;-2;377;3682;15.56;138.78;;;
37.796051;-3.600651;745;0;-2;377;3682;15.58;138.76;;;
37.796097;-3.600431;744;0;-2;377;3682;15.6;138.74;;;
37.796141;-3.600210;744;0;-2;377;3682;15.62;138.72;;;
37.796186;-3.599990;743;0;-3;377;3682;15.64;138.7;;;
37.796231;-3.599770;743;0;-3;377;3682;15.66;138.68;;;
37.796276;-3.599549;742;0;-3;377;3682;15.68;138.66;;;
37.796321;-3.599329;742;0;-3;377;3682;15.7;138.64;;;
37.796366;-3.599109;741;0;-3;377;3682;15.72;138.62;;;
37.796411;-3.598888;740;0;-3;377;3682;15.74;138.6;;;
37.796456;-3.598668;740;0;-3;377;3682;15.76;138.58;;;
37.796501;-3.598447;739;0;-3;377;3682;15.78;138.56;;;
37.796557;-3.598232;739;0;-3;377;3682;15.8;138.54;;;
37.796632;-3.598025;738;0;-3;377;3682;15.82;138.52;;;
37.796707;-3.597818;738;0;-3;377;3682;15.84;138.5;;;
37.796781;-3.597611;737;0;-3;377;3682;15.86;138.48;;;
37.796857;-3.597404;736;0;-3;377;3682;15.88;138.46;;;
37.796931;-3.597197;736;0;-3;377;3682;15.9;138.44;;;
37.797011;-3.596994;735;0;-3;377;3682;15.92;138.42;;;
37.797136;-3.596831;735;0;-3;377;3682;15.94;138.4;;;
37.797261;-3.596667;734;0;-3;377;3682;15.96;138.38;;;
37.797386;-3.596504;734;0;-3;377;3682;15.98;138.36;;;
37.797512;-3.596341;733;0;-3;377;3682;16;138.34;;;
37.797637;-3.596177;733;0;-3;377;3682;16.02;138.32;;;
37.797762;-3.596014;732;0;-3;377;3682;16.04;138.3;;;
37.798263;-3.595360;730;0;-2;377;3682;16.12;138.22;;;
37.798388;-3.595197;729;0;-2;377;3682;16.14;138.2;;;
37.798514;-3.595034;729;0;-2;377;3682;16.16;138.18;;;
37.798639;-3.594870;729;0;-2;377;3682;16.18;138.16;;;
37.798764;-3.594707;728;0;-2;377;3682;16.2;138.14;;;
37.798890;-3.594544;728;0;-2;377;3682;16.22;138.12;;;
37.799288;-3.594085;727;0;-1;377;3682;16.28;138.06;;;
37.799427;-3.593941;727;0;-1;377;3682;16.3;138.04;;;
37.799566;-3.593797;726;0;-1;377;3682;16.32;138.02;;;
37.799706;-3.593653;726;0;-1;377;3682;16.34;138;;;
37.799846;-3.593510;726;0;-1;377;3682;16.36;137.98;;;
37.799985;-3.593366;726;0;-1;377;3682;16.38;137.96;;;
37.800677;-3.593180;726;0;0;377;3682;16.46;137.88;;;
37.800855;-3.593149;726;0;0;377;3682;16.48;137.86;;;
37.801035;-3.593153;726;0;0;377;3682;16.5;137.84;;;
37.801215;-3.593156;726;0;0;377;3682;16.52;137.82;;;
37.801394;-3.593160;726;0;0;377;3682;16.54;137.8;;;
37.802095;-3.593044;726;0;1;377;3682;16.62;137.72;;;
37.802263;-3.592961;727;0;1;378;3681;16.64;137.7;;;
37.802430;-3.592878;727;0;1;378;3681;16.66;137.68;;;
37.802579;-3.592750;727;0;1;378;3681;16.68;137.66;;;
37.802727;-3.592621;727;0;1;378;3681;16.7;137.64;;;
37.802842;-3.592454;727;0;1;378;3681;16.72;137.62;;;
37.803086;-3.591846;728;0;1;379;3680;16.78;137.56;;;
37.803168;-3.591643;728;0;1;379;3680;16.8;137.54;;;
37.803250;-3.591440;728;0;1;379;3680;16.82;137.52;;;
37.803332;-3.591237;728;0;1;379;3680;16.84;137.5;;;
37.803413;-3.591034;729;0;1;380;3679;16.86;137.48;;;
37.803516;-3.590852;729;0;1;380;3679;16.88;137.46;;;
37.804041;-3.590229;729;0;1;380;3679;16.96;137.38;;;
37.804172;-3.590073;729;0;0;380;3679;16.98;137.36;;;
37.804303;-3.589917;729;0;0;380;3679;17;137.34;;;
37.804434;-3.589761;729;0;0;381;3678;17.02;137.32;;;
37.804565;-3.589605;730;0;0;381;3678;17.04;137.3;;;
37.805115;-3.589035;729;0;-1;381;3678;17.12;137.22;;;
37.805284;-3.588957;729;0;-1;381;3678;17.14;137.2;;;
37.805453;-3.588878;729;0;-1;381;3678;17.16;137.18;;;
37.805622;-3.588800;729;0;-1;381;3678;17.18;137.16;;;
37.805790;-3.588721;729;0;-1;381;3678;17.2;137.14;;;
37.805959;-3.588643;728;0;-1;381;3678;17.22;137.12;;;
37.806466;-3.588407;727;0;-2;381;3678;17.28;137.06;;;
37.806635;-3.588328;727;0;-2;381;3678;17.3;137.04;;;
37.806803;-3.588249;727;0;-2;381;3678;17.32;137.02;;;
37.806972;-3.588170;726;0;-2;381;3678;17.34;137;;;
37.807141;-3.588092;726;0;-2;381;3678;17.36;136.98;;;
37.807310;-3.588013;725;0;-2;381;3678;17.38;136.96;;;
37.807985;-3.587699;723;0;-3;381;3678;17.46;136.88;;;
37.808154;-3.587621;723;0;-3;381;3678;17.48;136.86;;;
37.808323;-3.587542;722;0;-3;381;3678;17.5;136.84;;;
37.808491;-3.587463;721;0;-3;381;3678;17.52;136.82;;;
37.808660;-3.587384;721;0;-3;381;3678;17.54;136.8;;;
37.809323;-3.587040;718;0;-4;381;3678;17.62;136.72;;;
37.809474;-3.586915;717;0;-4;381;3678;17.64;136.7;;;
37.809624;-3.586790;716;0;-4;381;3678;17.66;136.68;;;
37.809774;-3.586664;716;0;-4;381;3678;17.68;136.66;;;
37.809924;-3.586539;715;0;-4;381;3678;17.7;136.64;;;
37.810074;-3.586414;714;0;-4;381;3678;17.72;136.62;;;
37.810459;-3.585941;711;0;-5;381;3678;17.78;136.56;;;
37.810579;-3.585771;710;0;-5;381;3678;17.8;136.54;;;
37.810698;-3.585601;709;0;-5;381;3678;17.82;136.52;;;
37.810818;-3.585432;708;0;-5;381;3678;17.84;136.5;;;
37.810934;-3.585258;707;0;-5;381;3678;17.86;136.48;;;
37.811031;-3.585067;706;0;-5;381;3678;17.88;136.46;;;
37.811417;-3.584298;701;0;-6;381;3678;17.96;136.38;;;
37.811514;-3.584106;700;0;-6;381;3678;17.98;136.36;;;
37.811610;-3.583913;699;0;-6;381;3678;18;136.34;;;
37.811706;-3.583721;698;0;-6;381;3678;18.02;136.32;;;
37.811803;-3.583529;697;0;-6;381;3678;18.04;136.3;;;
37.812188;-3.582760;692;0;-6;381;3678;18.12;136.22;;;
37.812308;-3.582590;691;0;-6;381;3678;18.14;136.2;;;
37.812427;-3.582419;690;0;-6;381;3678;18.16;136.18;;;
37.812546;-3.582249;688;0;-6;381;3678;18.18;136.16;;;
37.812665;-3.582079;687;0;-6;381;3678;18.2;136.14;;;
37.812784;-3.581908;686;0;-6;381;3678;18.22;136.12;;;
37.813222;-3.581513;683;0;-5;381;3678;18.28;136.06;;;
37.813372;-3.581389;682;0;-5;381;3678;18.3;136.04;;;
37.813523;-3.581264;681;0;-5;381;3678;18.32;136.02;;;
37.813673;-3.581140;679;0;-5;381;3678;18.34;136;;;
37.813824;-3.581015;678;0;-5;381;3678;18.36;135.98;;;
37.813975;-3.580891;677;0;-5;381;3678;18.38;135.96;;;
37.814577;-3.580393;673;0;-5;381;3678;18.46;135.88;;;
37.814727;-3.580268;672;0;-5;381;3678;18.48;135.86;;;
37.814878;-3.580143;671;0;-5;381;3678;18.5;135.84;;;
37.815029;-3.580019;670;0;-5;381;3678;18.52;135.82;;;
37.815179;-3.579895;669;0;-5;381;3678;18.54;135.8;;;
37.815782;-3.579397;666;0;-4;381;3678;18.62;135.72;;;
37.815932;-3.579272;665;0;-4;381;3678;18.64;135.7;;;
37.816083;-3.579147;664;0;-4;381;3678;18.66;135.68;;;
37.816228;-3.579015;663;0;-4;381;3678;18.68;135.66;;;
37.816363;-3.578864;662;0;-5;381;3678;18.7;135.64;;;
37.816498;-3.578713;661;0;-5;381;3678;18.72;135.62;;;
37.816901;-3.578260;659;0;-4;381;3678;18.78;135.56;;;
37.817036;-3.578108;658;0;-4;381;3678;18.8;135.54;;;
37.817169;-3.577955;657;0;-4;381;3678;18.82;135.52;;;
37.817286;-3.577783;656;0;-4;381;3678;18.84;135.5;;;
37.817403;-3.577610;655;0;-4;381;3678;18.86;135.48;;;
37.817520;-3.577437;655;0;-3;381;3678;18.88;135.46;;;
37.817988;-3.576745;652;0;-3;381;3678;18.96;135.38;;;
37.818105;-3.576573;652;0;-3;381;3678;18.98;135.36;;;
37.818222;-3.576399;651;0;-3;381;3678;19;135.34;;;
37.818357;-3.576251;650;0;-3;381;3678;19.02;135.32;;;
37.818505;-3.576121;650;0;-3;381;3678;19.04;135.3;;;
37.819094;-3.575599;647;0;-3;381;3678;19.12;135.22;;;
37.819242;-3.575469;647;0;-3;381;3678;19.14;135.2;;;
37.819389;-3.575338;646;0;-3;381;3678;19.16;135.18;;;
37.819536;-3.575208;646;0;-3;381;3678;19.18;135.16;;;
37.819684;-3.575077;645;0;-3;381;3678;19.2;135.14;;;
37.819831;-3.574946;644;0;-3;381;3678;19.22;135.12;;;
37.820273;-3.574555;643;0;-3;381;3678;19.28;135.06;;;
37.820420;-3.574424;642;0;-3;381;3678;19.3;135.04;;;
37.820568;-3.574293;642;0;-3;381;3678;19.32;135.02;;;
37.820715;-3.574163;641;0;-3;381;3678;19.34;135;;;
37.820862;-3.574032;640;0;-3;381;3678;19.36;134.98;;;
37.821010;-3.573902;640;0;-3;381;3678;19.38;134.96;;;
37.821599;-3.573380;637;0;-3;381;3678;19.46;134.88;;;
37.821747;-3.573249;637;0;-3;381;3678;19.48;134.86;;;
37.821894;-3.573118;636;0;-3;381;3678;19.5;134.84;;;
37.822041;-3.572988;636;0;-3;381;3678;19.52;134.82;;;
37.822189;-3.572857;635;0;-3;381;3678;19.54;134.8;;;
37.822735;-3.572267;633;0;-3;381;3678;19.62;134.72;;;
37.822866;-3.572112;632;0;-3;381;3678;19.64;134.7;;;
37.822997;-3.571955;632;0;-3;381;3678;19.66;134.68;;;
37.823116;-3.571787;631;0;-3;381;3678;19.68;134.66;;;
37.823223;-3.571603;631;0;-2;381;3678;19.7;134.64;;;
37.823329;-3.571419;630;0;-2;381;3678;19.72;134.62;;;
37.823646;-3.570867;629;0;-2;381;3678;19.78;134.56;;;
37.823752;-3.570683;628;0;-2;381;3678;19.8;134.54;;;
37.823858;-3.570498;628;0;-2;381;3678;19.82;134.52;;;
37.823964;-3.570314;628;0;-2;381;3678;19.84;134.5;;;
37.824069;-3.570130;627;0;-2;381;3678;19.86;134.48;;;
37.824175;-3.569946;627;0;-2;381;3678;19.88;134.46;;;
37.824598;-3.569210;625;0;-2;381;3678;19.96;134.38;;;
37.824721;-3.569044;625;0;-2;381;3678;19.98;134.36;;;
37.824853;-3.568890;624;0;-2;381;3678;20;134.34;;;
37.824986;-3.568736;624;0;-2;381;3678;20.02;134.32;;;
37.825118;-3.568581;623;0;-2;381;3678;20.04;134.3;;;
37.825655;-3.567979;622;0;-2;381;3678;20.12;134.22;;;
37.825815;-3.567876;621;0;-2;381;3678;20.14;134.2;;;
37.825976;-3.567773;621;0;-2;381;3678;20.16;134.18;;;
37.826136;-3.567669;621;0;-1;381;3678;20.18;134.16;;;
37.826296;-3.567566;621;0;-1;381;3678;20.2;134.14;;;
37.826456;-3.567462;620;0;-1;381;3678;20.22;134.12;;;
37.826937;-3.567151;619;0;-1;381;3678;20.28;134.06;;;
37.827097;-3.567048;619;0;-1;381;3678;20.3;134.04;;;
37.827257;-3.566944;619;0;-1;381;3678;20.32;134.02;;;
37.827417;-3.566841;619;0;-1;381;3678;20.34;134;;;
37.827578;-3.566737;619;0;-1;381;3678;20.36;133.98;;;
37.827738;-3.566633;618;0;-1;381;3678;20.38;133.96;;;
37.828378;-3.566219;618;0;-1;381;3678;20.46;133.88;;;
37.828539;-3.566115;618;0;-1;381;3678;20.48;133.86;;;
37.828699;-3.566012;617;0;-1;381;3678;20.5;133.84;;;
37.828859;-3.565908;617;0;-1;381;3678;20.52;133.82;;;
37.829019;-3.565805;617;0;-1;381;3678;20.54;133.8;;;
37.829179;-3.565701;617;0;-1;381;3678;20.56;133.78;;;
37.829340;-3.565598;617;0;-1;381;3678;20.58;133.76;;;
37.829500;-3.565494;617;0;-1;381;3678;20.6;133.74;;;
37.829660;-3.565390;617;0;0;381;3678;20.62;133.72;;;
37.829820;-3.565287;617;0;0;381;3678;20.64;133.7;;;
37.829980;-3.565183;616;0;0;381;3678;20.66;133.68;;;
37.830140;-3.565080;616;0;0;381;3678;20.68;133.66;;;
37.830301;-3.564976;616;0;0;381;3678;20.7;133.64;;;
37.830461;-3.564873;616;0;0;381;3678;20.72;133.62;;;
37.830621;-3.564769;616;0;0;381;3678;20.74;133.6;;;
37.830781;-3.564666;616;0;0;381;3678;20.76;133.58;;;
37.830941;-3.564562;616;0;0;381;3678;20.78;133.56;;;
37.831101;-3.564458;616;0;0;381;3678;20.8;133.54;;;
37.831261;-3.564354;616;0;0;381;3678;20.82;133.52;;;
37.831409;-3.564225;616;0;0;381;3678;20.84;133.5;;;
37.831557;-3.564094;616;0;0;381;3678;20.86;133.48;;;
37.831704;-3.563963;616;0;0;381;3678;20.88;133.46;;;
37.831851;-3.563832;616;0;0;381;3678;20.9;133.44;;;
37.831999;-3.563702;616;0;0;381;3678;20.92;133.42;;;
37.832146;-3.563571;616;0;0;381;3678;20.94;133.4;;;
37.832287;-3.563431;616;0;0;381;3678;20.96;133.38;;;
37.832413;-3.563269;617;0;0;381;3678;20.98;133.36;;;
37.832539;-3.563106;617;0;0;381;3678;21;133.34;;;
37.832664;-3.562943;617;0;0;381;3678;21.02;133.32;;;
37.832790;-3.562780;617;0;0;381;3678;21.04;133.3;;;
37.832916;-3.562618;617;0;0;381;3678;21.06;133.28;;;
37.833042;-3.562455;617;0;0;381;3678;21.08;133.26;;;
37.833152;-3.562280;617;0;0;381;3678;21.1;133.24;;;
37.833210;-3.562064;617;0;0;381;3678;21.12;133.22;;;
37.833268;-3.561848;617;0;0;382;3677;21.14;133.2;;;
37.833325;-3.561632;617;0;0;382;3677;21.16;133.18;;;
37.833382;-3.561416;617;0;0;382;3677;21.18;133.16;;;
37.833439;-3.561201;617;0;0;382;3677;21.2;133.14;;;
37.833497;-3.560985;618;0;0;382;3677;21.22;133.12;;;
37.833554;-3.560769;618;0;0;382;3677;21.24;133.1;;;
37.833611;-3.560553;618;0;0;382;3677;21.26;133.08;;;
37.833641;-3.560334;618;0;0;382;3677;21.28;133.06;;;
37.833615;-3.560108;618;0;0;382;3677;21.3;133.04;;;
37.833590;-3.559883;618;0;0;382;3677;21.32;133.02;;;
37.833564;-3.559657;618;0;0;382;3677;21.34;133;;;
37.833539;-3.559432;618;0;0;383;3676;21.36;132.98;;;
37.833513;-3.559207;618;0;0;383;3676;21.38;132.96;;;
37.833488;-3.558981;618;0;0;383;3676;21.4;132.94;;;
37.833462;-3.558756;618;0;0;383;3676;21.42;132.92;;;
37.833437;-3.558530;618;0;0;383;3676;21.44;132.9;;;
37.833411;-3.558305;618;0;0;383;3676;21.46;132.88;;;
37.833386;-3.558079;618;0;0;383;3676;21.48;132.86;;;
37.833361;-3.557854;618;0;0;383;3676;21.5;132.84;;;
37.833335;-3.557629;618;0;0;383;3676;21.52;132.82;;;
37.833310;-3.557403;619;0;0;383;3676;21.54;132.8;;;
37.833284;-3.557178;619;0;0;383;3676;21.56;132.78;;;
37.833259;-3.556952;619;0;0;383;3676;21.58;132.76;;;
37.833233;-3.556727;619;0;0;383;3676;21.6;132.74;;;
37.833249;-3.556501;619;0;0;383;3676;21.62;132.72;;;
37.833272;-3.556275;619;0;0;383;3676;21.64;132.7;;;
37.833296;-3.556050;619;0;0;384;3675;21.66;132.68;;;
37.833320;-3.555824;619;0;0;384;3675;21.68;132.66;;;
37.833343;-3.555598;619;0;0;384;3675;21.7;132.64;;;
37.833367;-3.555372;619;0;0;384;3675;21.72;132.62;;;
37.833390;-3.555146;619;0;0;384;3675;21.74;132.6;;;
37.833414;-3.554921;619;0;0;384;3675;21.76;132.58;;;
37.833437;-3.554695;619;0;0;384;3675;21.78;132.56;;;
37.833461;-3.554469;619;0;0;384;3675;21.8;132.54;;;
37.833484;-3.554243;619;0;-1;384;3675;21.82;132.52;;;
37.833508;-3.554018;619;0;-1;384;3675;21.84;132.5;;;
37.833532;-3.553792;619;0;-1;384;3675;21.86;132.48;;;
37.833555;-3.553566;618;0;-1;384;3675;21.88;132.46;;;
37.833578;-3.553340;618;0;-1;384;3675;21.9;132.44;;;
37.833602;-3.553114;618;0;-1;384;3675;21.92;132.42;;;
37.833626;-3.552889;618;0;-1;384;3675;21.94;132.4;;;
37.833649;-3.552663;617;0;-2;384;3675;21.96;132.38;;;
37.833668;-3.552437;617;0;-2;384;3675;21.98;132.36;;;
37.833662;-3.552209;617;0;-2;384;3675;22;132.34;;;
37.833655;-3.551982;616;0;-2;384;3675;22.02;132.32;;;
37.833649;-3.551754;616;0;-2;384;3675;22.04;132.3;;;
37.833642;-3.551526;615;0;-2;384;3675;22.06;132.28;;;
37.833636;-3.551299;615;0;-2;384;3675;22.08;132.26;;;
37.833629;-3.551071;614;0;-2;384;3675;22.1;132.24;;;
37.833623;-3.550844;614;0;-3;384;3675;22.12;132.22;;;
37.833616;-3.550616;613;0;-3;384;3675;22.14;132.2;;;
37.833610;-3.550389;613;0;-3;384;3675;22.16;132.18;;;
37.833603;-3.550161;612;0;-3;384;3675;22.18;132.16;;;
37.833597;-3.549933;612;0;-3;384;3675;22.2;132.14;;;
37.833591;-3.549706;611;0;-3;384;3675;22.22;132.12;;;
37.833584;-3.549478;610;0;-3;384;3675;22.24;132.1;;;
37.833589;-3.549252;610;0;-3;384;3675;22.26;132.08;;;
37.833637;-3.549033;609;0;-3;384;3675;22.28;132.06;;;
37.833685;-3.548813;608;0;-3;384;3675;22.3;132.04;;;
37.833732;-3.548593;608;0;-3;384;3675;22.32;132.02;;;
37.833780;-3.548374;607;0;-3;384;3675;22.34;132;;;
37.833827;-3.548154;606;0;-4;384;3675;22.36;131.98;;;
37.833874;-3.547934;606;0;-4;384;3675;22.38;131.96;;;
37.833943;-3.547726;605;0;-4;384;3675;22.4;131.94;;;
37.834036;-3.547531;604;0;-4;384;3675;22.42;131.92;;;
37.834128;-3.547336;603;0;-4;384;3675;22.44;131.9;;;
37.834221;-3.547140;602;0;-4;384;3675;22.46;131.88;;;
37.834313;-3.546945;602;0;-4;384;3675;22.48;131.86;;;
37.834406;-3.546750;601;0;-4;384;3675;22.5;131.84;;;
37.834498;-3.546554;600;0;-5;384;3675;22.52;131.82;;;
37.834590;-3.546359;599;0;-5;384;3675;22.54;131.8;;;
37.834682;-3.546163;598;0;-5;384;3675;22.56;131.78;;;
37.834774;-3.545968;597;0;-5;384;3675;22.58;131.76;;;
37.834867;-3.545772;596;0;-5;384;3675;22.6;131.74;;;
37.834960;-3.545577;595;0;-5;384;3675;22.62;131.72;;;
37.835052;-3.545382;594;0;-5;384;3675;22.64;131.7;;;
37.835144;-3.545186;593;0;-5;384;3675;22.66;131.68;;;
37.835237;-3.544991;592;0;-5;384;3675;22.68;131.66;;;
37.835329;-3.544796;591;0;-5;384;3675;22.7;131.64;;;
37.835421;-3.544600;590;0;-5;384;3675;22.72;131.62;;;
37.835513;-3.544404;589;0;-5;384;3675;22.74;131.6;;;
37.835586;-3.544197;587;0;-5;384;3675;22.76;131.58;;;
37.835647;-3.543983;586;0;-5;384;3675;22.78;131.56;;;
37.835708;-3.543769;585;0;-5;384;3675;22.8;131.54;;;
37.835768;-3.543554;584;0;-5;384;3675;22.82;131.52;;;
37.835829;-3.543340;583;0;-5;384;3675;22.84;131.5;;;
37.835889;-3.543125;582;0;-5;384;3675;22.86;131.48;;;
37.835950;-3.542911;581;0;-5;384;3675;22.88;131.46;;;
37.836010;-3.542696;580;0;-5;384;3675;22.9;131.44;;;
37.836071;-3.542482;579;0;-5;384;3675;22.92;131.42;;;
37.836131;-3.542267;578;0;-5;384;3675;22.94;131.4;;;
37.836191;-3.542053;578;0;-5;384;3675;22.96;131.38;;;
37.836252;-3.541838;577;0;-5;384;3675;22.98;131.36;;;
37.836312;-3.541624;576;0;-4;384;3675;23;131.34;;;
37.836372;-3.541409;575;0;-4;384;3675;23.02;131.32;;;
37.836421;-3.541191;574;0;-4;384;3675;23.04;131.3;;;
37.836453;-3.540966;573;0;-4;384;3675;23.06;131.28;;;
37.836483;-3.540742;572;0;-4;384;3675;23.08;131.26;;;
37.836476;-3.540520;571;0;-4;384;3675;23.1;131.24;;;
37.836426;-3.540301;570;0;-4;384;3675;23.12;131.22;;;
37.836375;-3.540083;570;0;-4;384;3675;23.14;131.2;;;
37.836324;-3.539865;569;0;-4;384;3675;23.16;131.18;;;
37.836245;-3.539663;568;0;-4;384;3675;23.18;131.16;;;
37.836142;-3.539477;567;0;-4;384;3675;23.2;131.14;;;
37.836038;-3.539291;567;0;-3;384;3675;23.22;131.12;;;
37.835934;-3.539105;566;0;-3;384;3675;23.24;131.1;;;
37.835847;-3.538908;565;0;-3;384;3675;23.26;131.08;;;
37.835787;-3.538693;565;0;-3;384;3675;23.28;131.06;;;
37.835736;-3.538476;564;0;-3;384;3675;23.3;131.04;;;
37.835720;-3.538249;564;0;-2;384;3675;23.32;131.02;;;
37.835735;-3.538023;563;0;-2;384;3675;23.34;131;;;
37.835757;-3.537797;563;0;-1;384;3675;23.36;130.98;;;
37.835817;-3.537583;563;0;-1;384;3675;23.38;130.96;;;
37.835898;-3.537380;563;0;0;384;3675;23.4;130.94;;;
37.835997;-3.537190;563;0;1;384;3675;23.42;130.92;;;
37.836111;-3.537014;563;0;1;384;3675;23.44;130.9;;;
37.836247;-3.536865;563;0;2;384;3675;23.46;130.88;;;
37.836397;-3.536741;564;0;2;385;3674;23.48;130.86;;;
37.836558;-3.536640;564;0;2;385;3674;23.5;130.84;;;
37.836724;-3.536557;565;0;3;386;3673;23.52;130.82;;;
37.836902;-3.536519;565;0;3;386;3673;23.54;130.8;;;
37.837079;-3.536491;566;0;4;387;3672;23.56;130.78;;;
37.837258;-3.536510;567;0;4;388;3671;23.58;130.76;;;
37.837432;-3.536568;568;0;4;389;3670;23.6;130.74;;;
37.837601;-3.536647;568;0;4;389;3670;23.62;130.72;;;
37.837766;-3.536736;569;0;4;390;3669;23.64;130.7;;;
37.837914;-3.536864;570;0;4;391;3668;23.66;130.68;;;
37.838055;-3.537005;571;0;4;392;3667;23.68;130.66;;;
37.838196;-3.537146;571;0;5;392;3667;23.7;130.64;;;
37.838337;-3.537287;572;0;5;393;3666;23.72;130.62;;;
37.838486;-3.537413;574;0;6;395;3664;23.74;130.6;;;
37.838651;-3.537503;575;0;6;396;3663;23.76;130.58;;;
37.838821;-3.537571;576;0;6;397;3662;23.78;130.56;;;
37.839001;-3.537576;577;0;7;398;3661;23.8;130.54;;;
37.839179;-3.537557;579;0;6;400;3659;23.82;130.52;;;
37.839355;-3.537506;580;0;6;401;3658;23.84;130.5;;;
37.839513;-3.537403;582;0;7;403;3656;23.86;130.48;;;
37.839650;-3.537254;583;0;7;404;3655;23.88;130.46;;;
37.839769;-3.537086;584;0;8;405;3654;23.9;130.44;;;
37.839869;-3.536898;585;0;8;406;3653;23.92;130.42;;;
37.839935;-3.536688;587;0;8;408;3651;23.94;130.4;;;
37.839963;-3.536462;588;0;8;409;3650;23.96;130.38;;;
37.839989;-3.536242;592;0;8;413;3646;23.98;130.36;;;
37.839980;-3.536016;593;0;8;414;3645;24;130.34;;;
37.839947;-3.535792;594;0;7;415;3644;24.02;130.32;;;
37.839915;-3.535568;595;0;7;416;3643;24.04;130.3;;;
37.839880;-3.535344;596;0;5;417;3642;24.06;130.28;;;
37.839834;-3.535124;597;0;5;418;3641;24.08;130.26;;;
37.839788;-3.534904;598;0;5;419;3640;24.1;130.24;;;
37.839742;-3.534684;599;0;5;420;3639;24.12;130.22;;;
37.839696;-3.534464;600;0;5;421;3638;24.14;130.2;;;
37.839650;-3.534244;601;0;5;422;3637;24.16;130.18;;;
37.839603;-3.534023;602;0;6;423;3636;24.18;130.16;;;
37.839561;-3.533802;603;0;6;424;3635;24.2;130.14;;;
37.839527;-3.533578;605;0;6;426;3633;24.22;130.12;;;
37.839494;-3.533355;606;0;6;427;3632;24.24;130.1;;;
37.839479;-3.533128;607;0;6;428;3631;24.26;130.08;;;
37.839466;-3.532901;608;0;6;429;3630;24.28;130.06;;;
37.839454;-3.532673;609;0;5;430;3629;24.3;130.04;;;
37.839458;-3.532446;610;0;5;431;3628;24.32;130.02;;;
37.839472;-3.532219;611;0;5;432;3627;24.34;130;;;
37.839487;-3.531992;612;0;5;433;3626;24.36;129.98;;;
37.839503;-3.531766;613;0;6;434;3625;24.38;129.96;;;
37.839533;-3.531541;614;0;6;435;3624;24.4;129.94;;;
37.839562;-3.531316;615;0;6;436;3623;24.42;129.92;;;
37.839591;-3.531091;617;0;6;438;3621;24.44;129.9;;;
37.839620;-3.530867;618;0;6;439;3620;24.46;129.88;;;
37.839649;-3.530642;619;0;6;440;3619;24.48;129.86;;;
37.839675;-3.530417;621;0;6;442;3617;24.5;129.84;;;
37.839700;-3.530191;622;0;6;443;3616;24.52;129.82;;;
37.839725;-3.529966;623;0;7;444;3615;24.54;129.8;;;
37.839728;-3.529740;624;0;7;445;3614;24.56;129.78;;;
37.839703;-3.529514;625;0;7;446;3613;24.58;129.76;;;
37.839577;-3.529364;627;0;7;448;3611;24.6;129.74;7;;
37.839411;-3.529299;630;0;7;451;3608;24.62;129.72;;;
37.839240;-3.529366;631;0;7;452;3607;24.64;129.7;;;
37.839070;-3.529439;632;0;7;453;3606;24.66;129.68;;;
37.838899;-3.529511;633;0;6;454;3605;24.68;129.66;;;
37.838728;-3.529583;634;0;5;455;3604;24.7;129.64;;;
37.838558;-3.529655;635;0;5;456;3603;24.72;129.62;;;
37.838387;-3.529727;636;0;5;457;3602;24.74;129.6;;;
37.838217;-3.529800;637;0;5;458;3601;24.76;129.58;;;
37.838046;-3.529872;638;0;5;459;3600;24.78;129.56;;;
37.837875;-3.529944;639;0;5;460;3599;24.8;129.54;;;
37.837699;-3.529984;640;0;5;461;3598;24.82;129.52;;;
37.837521;-3.530015;642;0;5;463;3596;24.84;129.5;;;
37.837342;-3.530042;643;0;5;464;3595;24.86;129.48;;;
37.837163;-3.530066;643;0;5;464;3595;24.88;129.46;;;
37.836984;-3.530089;644;0;5;465;3594;24.9;129.44;;;
37.836805;-3.530113;645;0;5;466;3593;24.92;129.42;;;
37.836627;-3.530136;646;0;5;467;3592;24.94;129.4;;;
37.836448;-3.530160;647;0;5;468;3591;24.96;129.38;;;
37.836269;-3.530148;648;0;5;469;3590;24.98;129.36;;;
37.836092;-3.530113;649;0;5;470;3589;25;129.34;;;
37.835928;-3.530023;650;0;4;471;3588;25.02;129.32;;;
37.835765;-3.529924;651;0;4;472;3587;25.04;129.3;;;
37.835608;-3.529814;652;0;4;473;3586;25.06;129.28;;;
37.835461;-3.529685;653;0;4;474;3585;25.08;129.26;;;
37.835333;-3.529527;654;0;4;475;3584;25.1;129.24;;;
37.835216;-3.529354;654;0;4;475;3584;25.12;129.22;;;
37.835099;-3.529180;655;0;4;476;3583;25.14;129.2;;;
37.834982;-3.529007;656;0;4;477;3582;25.16;129.18;;;
37.834865;-3.528835;657;0;4;478;3581;25.18;129.16;;;
37.834734;-3.528679;658;0;4;479;3580;25.2;129.14;;;
37.834594;-3.528538;658;0;4;479;3580;25.22;129.12;;;
37.834438;-3.528423;659;0;5;480;3579;25.24;129.1;;;
37.834277;-3.528323;660;0;5;481;3578;25.26;129.08;;;
37.834115;-3.528224;661;0;5;482;3577;25.28;129.06;;;
37.833953;-3.528125;662;0;5;483;3576;25.3;129.04;;;
37.833791;-3.528026;663;0;5;484;3575;25.32;129.02;;;
37.833629;-3.527927;664;0;5;485;3574;25.34;129;;;
37.833467;-3.527828;665;0;5;486;3573;25.36;128.98;;;
37.833305;-3.527729;666;0;5;487;3572;25.38;128.96;;;
37.833143;-3.527631;667;0;5;488;3571;25.4;128.94;;;
37.832981;-3.527532;668;0;4;489;3570;25.42;128.92;;;
37.832819;-3.527433;669;0;4;490;3569;25.44;128.9;;;
37.832657;-3.527334;670;0;4;491;3568;25.46;128.88;;;
37.832496;-3.527232;671;0;4;492;3567;25.48;128.86;;;
37.832335;-3.527129;671;0;4;492;3567;25.5;128.84;;;
37.832175;-3.527027;672;0;3;493;3566;25.52;128.82;;;
37.832014;-3.526924;672;0;3;493;3566;25.54;128.8;;;
37.831854;-3.526821;673;0;3;494;3565;25.56;128.78;;;
37.831693;-3.526719;674;0;3;495;3564;25.58;128.76;;;
37.831532;-3.526617;674;0;3;495;3564;25.6;128.74;;;
37.831372;-3.526515;675;0;3;496;3563;25.62;128.72;;;
37.831211;-3.526412;676;0;3;497;3562;25.64;128.7;;;
37.831051;-3.526309;676;0;3;497;3562;25.66;128.68;;;
37.830890;-3.526207;677;0;3;498;3561;25.68;128.66;;;
37.830729;-3.526104;678;0;3;499;3560;25.7;128.64;;;
37.830569;-3.526002;678;0;3;499;3560;25.72;128.62;;;
37.830405;-3.525912;679;0;3;500;3559;25.74;128.6;;;
37.830227;-3.525877;680;0;4;500;3559;25.76;128.58;;;
37.830050;-3.525881;680;0;4;501;3558;25.78;128.56;;;
37.829885;-3.525958;681;0;4;502;3557;25.8;128.54;;;
37.829738;-3.526090;682;0;4;503;3556;25.82;128.52;;;
37.829609;-3.526242;683;0;4;504;3555;25.84;128.5;;;
37.829515;-3.526436;683;0;4;504;3555;25.86;128.48;;;
37.829476;-3.526656;684;0;4;505;3554;25.88;128.46;;;
37.829448;-3.526881;685;0;4;506;3553;25.9;128.44;;;
37.829420;-3.527106;686;0;4;507;3552;25.92;128.42;;;
37.829373;-3.527322;686;0;4;507;3552;25.94;128.4;;;
37.829279;-3.527516;687;0;4;508;3551;25.96;128.38;;;
37.829157;-3.527676;688;0;3;509;3550;25.98;128.36;;;
37.829005;-3.527797;689;0;3;510;3549;26;128.34;;;
37.828852;-3.527917;689;0;3;510;3549;26.02;128.32;;;
37.828692;-3.528021;690;0;3;511;3548;26.04;128.3;;;
37.828529;-3.528116;690;0;2;511;3548;26.06;128.28;;;
37.828365;-3.528210;691;0;2;512;3547;26.08;128.26;;;
37.828200;-3.528301;691;0;2;512;3547;26.1;128.24;;;
37.828029;-3.528371;691;0;2;512;3547;26.12;128.22;;;
37.827858;-3.528442;692;0;2;513;3546;26.14;128.2;;;
37.827687;-3.528512;693;0;2;514;3545;26.16;128.18;;;
37.827516;-3.528583;693;0;2;514;3545;26.18;128.16;;;
37.827345;-3.528653;694;0;2;515;3544;26.2;128.14;;;
37.827170;-3.528689;694;0;2;515;3544;26.22;128.12;;;
37.826990;-3.528689;694;0;2;515;3544;26.24;128.1;;;
37.826810;-3.528689;695;0;2;516;3543;26.26;128.08;;;
37.826634;-3.528665;695;0;2;516;3543;26.28;128.06;;;
37.826468;-3.528578;696;0;2;517;3542;26.3;128.04;;;
37.826346;-3.528411;696;0;2;517;3542;26.32;128.02;;;
37.826224;-3.528244;697;0;2;518;3541;26.34;128;;;
37.826091;-3.528091;697;0;2;518;3541;26.36;127.98;;;
37.825950;-3.527950;697;0;1;518;3541;26.38;127.96;;;
37.825791;-3.527847;698;0;1;519;3540;26.4;127.94;;;
37.825623;-3.527766;698;0;1;519;3540;26.42;127.92;;;
37.825455;-3.527685;698;0;1;519;3540;26.44;127.9;;;
37.825287;-3.527604;698;0;1;519;3540;26.46;127.88;;;
37.825119;-3.527523;698;0;1;519;3540;26.48;127.86;;;
37.824951;-3.527442;698;0;0;519;3540;26.5;127.84;;;
37.824783;-3.527361;698;0;0;519;3540;26.52;127.82;;;
37.824615;-3.527280;698;0;0;519;3540;26.54;127.8;;;
37.824444;-3.527210;698;0;0;519;3540;26.56;127.78;;;
37.824267;-3.527173;698;0;0;519;3540;26.58;127.76;;;
37.824090;-3.527136;698;0;0;520;3539;26.6;127.74;;;
37.823912;-3.527099;698;0;0;520;3539;26.62;127.72;;;
37.823735;-3.527062;698;0;0;520;3539;26.64;127.7;;;
37.823557;-3.527027;698;0;0;520;3539;26.66;127.68;;;
37.823378;-3.527008;698;0;0;520;3539;26.68;127.66;;;
37.823198;-3.526989;698;0;0;520;3539;26.7;127.64;;;
37.823019;-3.526981;698;0;0;520;3539;26.72;127.62;;;
37.822839;-3.526985;698;0;0;520;3539;26.74;127.6;;;
37.822659;-3.526989;698;0;0;520;3539;26.76;127.58;;;
37.822487;-3.527056;698;0;0;520;3539;26.78;127.56;;;
37.822315;-3.527123;699;0;0;520;3539;26.8;127.54;;;
37.822188;-3.527280;699;0;0;520;3539;26.82;127.52;;;
37.822070;-3.527450;699;0;0;520;3539;26.84;127.5;;;
37.821982;-3.527649;699;0;1;520;3539;26.86;127.48;;;
37.821893;-3.527847;699;0;1;520;3539;26.88;127.46;;;
37.821845;-3.528065;699;0;1;520;3539;26.9;127.44;;;
37.821805;-3.528287;699;0;1;520;3539;26.92;127.42;;;
37.821764;-3.528509;699;0;1;521;3538;26.94;127.4;;;
37.821722;-3.528730;700;0;1;521;3538;26.96;127.38;;;
37.821681;-3.528952;700;0;1;521;3538;26.98;127.36;;;
37.821640;-3.529174;700;0;1;521;3538;27;127.34;;;
37.821599;-3.529396;700;0;1;521;3538;27.02;127.32;;;
37.821558;-3.529617;700;0;1;521;3538;27.04;127.3;;;
37.821517;-3.529839;700;0;1;521;3538;27.06;127.28;;;
37.821476;-3.530061;700;0;1;521;3538;27.08;127.26;;;
37.821435;-3.530282;700;0;1;521;3538;27.1;127.24;;;
37.821395;-3.530504;700;0;1;522;3537;27.12;127.22;;;
37.821354;-3.530726;701;0;1;522;3537;27.14;127.2;;;
37.821312;-3.530948;701;0;1;522;3537;27.16;127.18;;;
37.821272;-3.531169;701;0;1;522;3537;27.18;127.16;;;
37.821231;-3.531391;701;0;1;522;3537;27.2;127.14;;;
37.821189;-3.531613;701;0;1;523;3536;27.22;127.12;;;
37.821146;-3.531833;702;0;2;523;3536;27.24;127.1;;;
37.821031;-3.532007;702;0;2;523;3536;27.26;127.08;;;
37.820915;-3.532182;702;0;2;524;3535;27.28;127.06;;;
37.820799;-3.532355;703;0;2;524;3535;27.3;127.04;;;
37.820682;-3.532529;703;0;2;524;3535;27.32;127.02;;;
37.820542;-3.532671;704;0;2;525;3534;27.34;127;;;
37.820390;-3.532788;704;0;2;525;3534;27.36;126.98;;;
37.820219;-3.532857;704;0;2;526;3533;27.38;126.96;;;
37.820048;-3.532926;705;0;3;526;3533;27.4;126.94;;;
37.819876;-3.532994;705;0;3;526;3533;27.42;126.92;;;
37.819698;-3.532997;706;0;3;527;3532;27.44;126.9;;;
37.819519;-3.532982;707;0;3;528;3531;27.46;126.88;;;
37.819343;-3.532938;707;0;3;529;3530;27.48;126.86;;;
37.819167;-3.532888;708;0;3;529;3530;27.5;126.84;;;
37.818992;-3.532838;708;0;3;530;3529;27.52;126.82;;;
37.818815;-3.532794;709;0;3;530;3529;27.54;126.8;;;
37.818638;-3.532756;710;0;3;531;3528;27.56;126.78;;;
37.818460;-3.532718;711;0;3;532;3527;27.58;126.76;;;
37.818284;-3.532743;711;0;3;532;3527;27.6;126.74;;;
37.818107;-3.532787;712;0;3;533;3526;27.62;126.72;;;
37.817931;-3.532831;713;0;3;534;3525;27.64;126.7;;;
37.817753;-3.532843;713;0;3;534;3525;27.66;126.68;;;
37.817573;-3.532832;714;0;4;535;3524;27.68;126.66;;;
37.817393;-3.532822;715;0;4;536;3523;27.7;126.64;;;
37.817215;-3.532848;715;0;4;537;3522;27.72;126.62;;;
37.817046;-3.532910;716;0;4;537;3522;27.74;126.6;;;
37.816902;-3.533046;717;0;4;538;3521;27.76;126.58;;;
37.816840;-3.533259;718;0;4;539;3520;27.78;126.56;;;
37.816820;-3.533479;719;0;4;540;3519;27.8;126.54;;;
37.816843;-3.533705;720;0;4;541;3518;27.82;126.52;;;
37.816866;-3.533931;720;0;4;542;3517;27.84;126.5;;;
37.816864;-3.534158;721;0;5;542;3517;27.86;126.48;;;
37.816847;-3.534384;722;0;5;543;3516;27.88;126.46;;;
37.816801;-3.534604;723;0;5;544;3515;27.9;126.44;;;
37.816760;-3.534824;724;0;5;545;3514;27.92;126.42;;;
37.816768;-3.535052;725;0;5;546;3513;27.94;126.4;;;
37.816825;-3.535267;726;0;5;547;3512;27.96;126.38;;;
37.816887;-3.535480;727;0;5;548;3511;27.98;126.36;;;
37.816904;-3.535699;728;0;5;549;3510;28;126.34;;;
37.816818;-3.535883;729;0;4;550;3509;28.02;126.32;;;
37.816678;-3.536023;730;0;4;551;3508;28.04;126.3;;;
37.816504;-3.536084;731;0;4;552;3507;28.06;126.28;;;
37.816331;-3.536146;732;0;4;553;3506;28.08;126.26;;;
37.816158;-3.536207;732;0;4;553;3506;28.1;126.24;;;
37.815984;-3.536267;733;0;4;554;3505;28.12;126.22;;;
37.815806;-3.536287;734;0;4;555;3504;28.14;126.2;;;
37.815630;-3.536248;735;0;4;556;3503;28.16;126.18;;;
37.815456;-3.536193;736;0;4;557;3502;28.18;126.16;;;
37.815281;-3.536137;737;0;5;558;3501;28.2;126.14;;;
37.815106;-3.536085;738;0;4;559;3500;28.22;126.12;;;
37.814928;-3.536053;739;0;4;560;3499;28.24;126.1;;;
37.814750;-3.536021;739;0;4;561;3498;28.26;126.08;;;
37.814572;-3.535989;740;0;4;561;3498;28.28;126.06;;;
37.814394;-3.535956;741;0;4;562;3497;28.3;126.04;;;
37.814216;-3.535924;742;0;4;563;3496;28.32;126.02;;;
37.814038;-3.535892;742;0;4;564;3495;28.34;126;;;
37.813860;-3.535860;743;0;4;564;3495;28.36;125.98;;;
37.813682;-3.535827;744;0;4;565;3494;28.38;125.96;;;
37.813519;-3.535737;745;0;4;566;3493;28.4;125.94;;;
37.813369;-3.535613;745;0;4;567;3492;28.42;125.92;;;
37.813236;-3.535461;746;0;4;567;3492;28.44;125.9;;;
37.813155;-3.535258;747;0;4;568;3491;28.46;125.88;;;
37.813074;-3.535054;748;0;4;569;3490;28.48;125.86;;;
37.812994;-3.534851;748;0;4;569;3490;28.5;125.84;;;
37.812913;-3.534648;749;0;4;570;3489;28.52;125.82;;;
37.812792;-3.534479;750;0;4;571;3488;28.54;125.8;;;
37.812662;-3.534329;751;0;4;572;3487;28.56;125.78;;;
37.812490;-3.534276;752;0;4;573;3486;28.58;125.76;;;
37.812334;-3.534390;752;0;3;573;3486;28.6;125.74;;;
37.812248;-3.534583;753;0;3;574;3485;28.62;125.72;;;
37.812175;-3.534791;753;0;3;575;3484;28.64;125.7;;;
37.812093;-3.534987;754;0;3;575;3484;28.66;125.68;;;
37.811924;-3.535067;755;0;3;576;3483;28.68;125.66;;;
37.811753;-3.535023;755;0;3;576;3483;28.7;125.64;;;
37.811631;-3.534875;756;0;3;577;3482;28.72;125.62;;;
37.811540;-3.534679;756;0;3;577;3482;28.74;125.6;;;
37.811437;-3.534494;757;0;3;578;3481;28.76;125.58;;;
37.811302;-3.534360;758;0;3;579;3480;28.78;125.56;;;
37.811125;-3.534333;758;0;2;579;3480;28.8;125.54;;;
37.810984;-3.534474;759;0;2;580;3479;28.82;125.52;;;
37.810896;-3.534665;759;0;2;580;3479;28.84;125.5;;;
37.810833;-3.534878;759;0;2;580;3479;28.86;125.48;;;
37.810769;-3.535091;760;0;2;581;3478;28.88;125.46;;;
37.810699;-3.535299;760;0;2;581;3478;28.9;125.44;;;
37.810603;-3.535492;760;0;2;581;3478;28.92;125.42;;;
37.810436;-3.535546;761;0;2;582;3477;28.94;125.4;;;
37.810266;-3.535506;761;0;2;582;3477;28.96;125.38;;;
37.810102;-3.535412;761;0;2;583;3476;28.98;125.36;;;
37.809995;-3.535235;762;0;2;583;3476;29;125.34;;;
37.809897;-3.535044;762;0;2;583;3476;29.02;125.32;;;
37.809798;-3.534853;763;0;2;584;3475;29.04;125.3;;;
37.809700;-3.534663;763;0;2;584;3475;29.06;125.28;;;
37.809602;-3.534472;764;0;2;585;3474;29.08;125.26;;;
37.809491;-3.534294;764;0;2;585;3474;29.1;125.24;;;
37.809366;-3.534130;765;0;2;586;3473;29.12;125.22;;;
37.809225;-3.533999;765;0;3;586;3473;29.14;125.2;;;
37.809056;-3.533920;766;0;3;587;3472;29.16;125.18;;;
37.808884;-3.533879;766;0;3;587;3472;29.18;125.16;;;
37.808705;-3.533908;767;0;3;588;3471;29.2;125.14;;;
37.808527;-3.533918;767;0;3;588;3471;29.22;125.12;;;
37.808351;-3.533874;768;0;3;589;3470;29.24;125.1;;;
37.808184;-3.533803;768;0;2;589;3470;29.26;125.08;;;
37.808045;-3.533658;769;0;2;590;3469;29.28;125.06;;;
37.807931;-3.533490;769;0;2;590;3469;29.3;125.04;;;
37.807858;-3.533282;770;0;2;591;3468;29.32;125.02;;;
37.807785;-3.533074;770;0;2;591;3468;29.34;125;;;
37.807712;-3.532866;770;0;2;592;3467;29.36;124.98;;;
37.807639;-3.532658;771;0;2;592;3467;29.38;124.96;;;
37.807566;-3.532450;771;0;2;592;3467;29.4;124.94;;;
37.807484;-3.532248;772;0;2;593;3466;29.42;124.92;;;
37.807374;-3.532068;772;0;2;593;3466;29.44;124.9;;;
37.807264;-3.531888;773;0;2;594;3465;29.46;124.88;;;
37.807190;-3.531681;773;0;2;594;3465;29.48;124.86;;;
37.807117;-3.531472;773;0;2;595;3464;29.5;124.84;;;
37.807045;-3.531264;774;0;2;595;3464;29.52;124.82;;;
37.806954;-3.531068;774;0;2;595;3464;29.54;124.8;;;
37.806805;-3.530983;775;0;2;596;3463;29.56;124.78;;;
37.806642;-3.531067;776;0;3;597;3462;29.58;124.76;;;
37.806563;-3.531271;776;0;3;597;3462;29.6;124.74;;;
37.806485;-3.531476;777;0;2;598;3461;29.62;124.72;;;
37.806407;-3.531681;777;0;2;598;3461;29.64;124.7;;;
37.806329;-3.531886;777;0;2;599;3460;29.66;124.68;;;
37.806178;-3.531976;778;0;2;599;3460;29.68;124.66;;;
37.806004;-3.531968;778;0;2;599;3460;29.7;124.64;;;
37.805829;-3.531911;779;0;2;600;3459;29.72;124.62;;;
37.805655;-3.531854;779;0;2;600;3459;29.74;124.6;;;
37.805479;-3.531820;779;0;2;600;3459;29.76;124.58;;;
37.805299;-3.531824;780;0;2;601;3458;29.78;124.56;;;
37.805119;-3.531827;780;0;2;601;3458;29.8;124.54;;;
37.804940;-3.531822;780;0;1;601;3458;29.82;124.52;;;
37.804760;-3.531810;780;0;1;602;3457;29.84;124.5;;;
37.804604;-3.531700;781;0;1;602;3457;29.86;124.48;;;
37.804475;-3.531552;781;0;1;602;3457;29.88;124.46;;;
37.804387;-3.531353;781;0;1;602;3457;29.9;124.44;;;
37.804300;-3.531154;781;0;1;603;3456;29.92;124.42;;;
37.804212;-3.530956;782;0;1;603;3456;29.94;124.4;;;
37.804125;-3.530757;782;0;1;603;3456;29.96;124.38;;;
37.804037;-3.530558;782;0;1;603;3456;29.98;124.36;;;
37.803941;-3.530366;782;0;1;603;3456;30;124.34;;;
37.803834;-3.530183;783;0;1;604;3455;30.02;124.32;;;
37.803677;-3.530095;783;0;1;604;3455;30.04;124.3;;;
37.803505;-3.530069;783;0;1;604;3455;30.06;124.28;;;
37.803341;-3.530163;783;0;1;604;3455;30.08;124.26;;;
37.803180;-3.530262;783;0;1;605;3454;30.1;124.24;;;
37.803064;-3.530436;783;0;1;605;3454;30.12;124.22;;;
37.802948;-3.530609;784;0;1;605;3454;30.14;124.2;;;
37.802831;-3.530782;784;0;1;605;3454;30.16;124.18;;;
37.802685;-3.530904;784;0;1;605;3454;30.18;124.16;;;
37.802518;-3.530970;784;0;1;605;3454;30.2;124.14;;;
37.802367;-3.530847;784;0;1;605;3454;30.22;124.12;;;
37.802261;-3.530674;784;0;1;605;3454;30.24;124.1;;;
37.802181;-3.530469;784;0;1;605;3454;30.26;124.08;;;
37.802102;-3.530265;784;0;1;606;3453;30.28;124.06;;;
37.802022;-3.530061;785;0;1;606;3453;30.3;124.04;;;
37.801924;-3.529884;785;0;1;606;3453;30.32;124.02;;;
37.801753;-3.529813;785;0;1;606;3453;30.34;124;;;
37.801584;-3.529862;785;0;1;606;3453;30.36;123.98;;;
37.801415;-3.529940;785;0;1;606;3453;30.38;123.96;;;
37.801242;-3.529977;785;0;1;606;3453;30.4;123.94;;;
37.801064;-3.529945;785;0;1;607;3452;30.42;123.92;;;
37.800886;-3.529912;785;0;1;607;3452;30.44;123.9;;;
37.800759;-3.529758;786;0;1;607;3452;30.46;123.88;;;
37.800638;-3.529590;786;0;1;607;3452;30.48;123.86;;;
37.800571;-3.529392;786;0;1;607;3452;30.5;123.84;;;
37.800555;-3.529165;786;0;1;608;3451;30.52;123.82;;;
37.800573;-3.528941;787;0;1;608;3451;30.54;123.8;;;
37.800611;-3.528718;787;0;1;608;3451;30.56;123.78;;;
37.800625;-3.528492;787;0;1;608;3451;30.58;123.76;;;
37.800633;-3.528264;788;0;1;609;3450;30.6;123.74;;;
37.800642;-3.528037;788;0;1;609;3450;30.62;123.72;;;
37.800649;-3.527810;788;0;1;609;3450;30.64;123.7;;;
37.800613;-3.527587;788;0;1;610;3449;30.66;123.68;;;
37.800575;-3.527364;789;0;2;610;3449;30.68;123.66;;;
37.800540;-3.527141;789;0;2;610;3449;30.7;123.64;;;
37.800559;-3.526915;789;0;2;610;3449;30.72;123.62;;;
37.800578;-3.526689;790;0;2;611;3448;30.74;123.6;;;
37.800597;-3.526462;790;0;2;611;3448;30.76;123.58;;;
37.800616;-3.526236;790;0;2;612;3447;30.78;123.56;;;
37.800634;-3.526010;791;0;2;612;3447;30.8;123.54;;;
37.800653;-3.525783;791;0;2;612;3447;30.82;123.52;;;
37.800672;-3.525557;792;0;2;613;3446;30.84;123.5;;;
37.800691;-3.525331;792;0;2;613;3446;30.86;123.48;;;
37.800710;-3.525104;793;0;3;614;3445;30.88;123.46;;;
37.800729;-3.524878;793;0;3;614;3445;30.9;123.44;;;
37.800747;-3.524651;794;0;3;615;3444;30.92;123.42;;;
37.800759;-3.524424;794;0;3;616;3443;30.94;123.4;;;
37.800665;-3.524255;795;0;3;616;3443;30.96;123.38;;;
37.800498;-3.524191;796;0;3;617;3442;30.98;123.36;;;
37.800320;-3.524164;796;0;3;617;3442;31;123.34;;;
37.800141;-3.524137;797;0;3;618;3441;31.02;123.32;;;
37.799962;-3.524110;797;0;3;619;3440;31.04;123.3;;;
37.799784;-3.524083;798;0;3;619;3440;31.06;123.28;;;
37.799609;-3.524031;798;0;3;620;3439;31.08;123.26;;;
37.799474;-3.523912;799;0;3;620;3439;31.1;123.24;;;
37.799392;-3.523710;800;0;4;621;3438;31.12;123.22;;;
37.799252;-3.523572;800;0;4;621;3438;31.14;123.2;;;
37.799097;-3.523469;801;0;4;622;3437;31.16;123.18;;;
37.798917;-3.523469;802;0;4;623;3436;31.18;123.16;;;
37.798739;-3.523485;803;0;4;624;3435;31.2;123.14;;;
37.798568;-3.523554;804;0;4;625;3434;31.22;123.12;;;
37.798396;-3.523623;804;0;4;625;3434;31.24;123.1;;;
37.798225;-3.523692;805;0;4;626;3433;31.26;123.08;;;
37.798053;-3.523760;806;0;4;627;3432;31.28;123.06;;;
37.797880;-3.523817;806;0;5;628;3431;31.3;123.04;;;
37.797701;-3.523847;807;0;5;629;3430;31.32;123.02;;;
37.797531;-3.523835;809;0;5;630;3429;31.34;123;;;
37.797384;-3.523704;810;0;5;631;3428;31.36;122.98;;;
37.797229;-3.523597;811;0;5;632;3427;31.38;122.96;;;
37.797052;-3.523556;812;0;5;633;3426;31.4;122.94;;;
37.796880;-3.523501;813;0;5;634;3425;31.42;122.92;;;
37.796735;-3.523367;814;0;4;635;3424;31.44;122.9;;;
37.796590;-3.523232;815;0;4;636;3423;31.46;122.88;;;
37.796445;-3.523098;815;0;4;637;3422;31.48;122.86;;;
37.796300;-3.522963;816;0;4;637;3422;31.5;122.84;;;
37.796154;-3.522828;817;0;4;638;3421;31.52;122.82;;;
37.796009;-3.522694;818;0;4;639;3420;31.54;122.8;;;
37.795856;-3.522577;819;0;4;640;3419;31.56;122.78;;;
37.795694;-3.522477;819;0;5;641;3418;31.58;122.76;;;
37.795533;-3.522376;820;0;5;642;3417;31.6;122.74;;;
37.795363;-3.522346;821;0;5;643;3416;31.62;122.72;;;
37.795185;-3.522377;823;0;5;644;3415;31.64;122.7;;;
37.795006;-3.522408;824;0;5;645;3414;31.66;122.68;;;
37.794828;-3.522437;825;0;5;646;3413;31.68;122.66;;;
37.794651;-3.522404;826;0;5;647;3412;31.7;122.64;;;
37.794483;-3.522328;827;0;5;648;3411;31.72;122.62;;;
37.794323;-3.522225;828;0;5;649;3410;31.74;122.6;;;
37.794162;-3.522123;829;0;5;650;3409;31.76;122.58;;;
37.794002;-3.522020;830;0;5;651;3408;31.78;122.56;;;
37.793841;-3.521917;831;0;5;652;3407;31.8;122.54;;;
37.793670;-3.521850;831;0;5;653;3406;31.82;122.52;;;
37.793497;-3.521786;832;0;5;653;3406;31.84;122.5;;;
37.793324;-3.521722;833;0;5;654;3405;31.86;122.48;;;
37.793169;-3.521611;834;0;5;656;3403;31.88;122.46;;;
37.793017;-3.521488;836;0;5;657;3402;31.9;122.44;;;
37.792915;-3.521310;837;0;6;658;3401;31.92;122.42;;;
37.792836;-3.521106;838;0;6;659;3400;31.94;122.4;;;
37.792784;-3.520895;839;0;5;660;3399;31.96;122.38;;;
37.792803;-3.520669;840;0;5;661;3398;31.98;122.36;;;
37.792821;-3.520442;841;0;5;662;3397;32;122.34;;;
37.792805;-3.520007;843;0;4;664;3395;32.04;122.3;;;
37.792696;-3.519827;844;0;4;665;3394;32.06;122.28;;;
37.792586;-3.519646;844;0;4;666;3393;32.08;122.26;;;
37.792476;-3.519466;845;0;4;666;3393;32.1;122.24;;;
37.792196;-3.519181;847;0;3;668;3391;32.14;122.2;;;
37.791915;-3.518897;848;0;3;669;3390;32.18;122.16;;;
37.791634;-3.518613;849;0;3;670;3389;32.22;122.12;;;
37.791494;-3.518470;850;0;3;671;3388;32.24;122.1;;;
37.791353;-3.518328;850;0;3;671;3388;32.26;122.08;;;
37.791213;-3.518186;851;0;3;672;3387;32.28;122.06;;;
37.790927;-3.517911;852;0;3;673;3386;32.32;122.02;;;
37.790626;-3.517661;853;0;2;674;3385;32.36;121.98;;;
37.790319;-3.517432;854;0;2;675;3384;32.4;121.94;;;
37.790141;-3.517398;854;0;2;675;3384;32.42;121.92;;;
37.789963;-3.517364;855;0;2;676;3383;32.44;121.9;;;
37.789786;-3.517330;855;0;2;676;3383;32.46;121.88;;;
37.789512;-3.517052;856;0;1;677;3382;32.5;121.84;;;
37.789205;-3.516835;856;0;0;677;3382;32.54;121.8;;;
37.789032;-3.516774;856;0;0;677;3382;32.56;121.78;;;
37.788859;-3.516713;855;0;0;677;3382;32.58;121.76;;;
37.788722;-3.516567;855;0;-1;677;3382;32.6;121.74;;;
37.788452;-3.516266;855;0;-1;677;3382;32.64;121.7;;;
37.788183;-3.515964;855;0;-1;677;3382;32.68;121.66;;;
37.787915;-3.515661;854;0;-2;677;3382;32.72;121.62;;;
37.787823;-3.515465;854;0;-2;677;3382;32.74;121.6;;;
37.787731;-3.515270;854;0;-2;677;3382;32.76;121.58;;;
37.787638;-3.515075;853;0;-2;677;3382;32.78;121.56;;;
37.787453;-3.514684;852;0;-3;677;3382;32.82;121.52;;;
37.787321;-3.514265;851;0;-3;677;3382;32.86;121.48;;;
37.787191;-3.513841;849;0;-4;677;3382;32.9;121.44;;;
37.787114;-3.513636;848;0;-4;677;3382;32.92;121.42;;;
37.787054;-3.513424;848;0;-4;677;3382;32.94;121.4;;;
37.787039;-3.513197;847;0;-4;677;3382;32.96;121.38;;;
37.786999;-3.512747;845;0;-7;677;3382;33;121.34;;;
37.786799;-3.512373;843;0;-8;677;3382;33.04;121.3;;;
37.786723;-3.512443;839;0;-9;677;3382;33.06;121.28;;;
37.786812;-3.512642;837;0;-10;677;3382;33.08;121.26;;;
37.786858;-3.512854;836;0;-10;677;3382;33.1;121.24;8;;
37.786795;-3.513299;832;0;-9;677;3382;33.14;121.2;;;
37.786811;-3.513750;828;0;-8;677;3382;33.18;121.16;;;
37.786849;-3.514202;825;0;-8;677;3382;33.22;121.12;;;
37.786861;-3.514429;824;0;-7;677;3382;33.24;121.1;;;
37.786872;-3.514657;822;0;-7;677;3382;33.26;121.08;;;
37.786915;-3.514872;821;0;-7;677;3382;33.28;121.06;;;
37.787086;-3.515272;818;0;-7;677;3382;33.32;121.02;;;
37.787201;-3.515700;815;0;-7;677;3382;33.36;120.98;;;
37.787282;-3.516143;812;0;-7;677;3382;33.4;120.94;;;
37.787323;-3.516365;811;0;-8;677;3382;33.42;120.92;;;
37.787363;-3.516587;809;0;-7;677;3382;33.44;120.9;;;
37.787399;-3.516810;808;0;-7;677;3382;33.46;120.88;;;
37.787466;-3.517257;805;0;-7;677;3382;33.5;120.84;;;
37.787535;-3.517704;802;0;-7;677;3382;33.54;120.8;;;
37.787591;-3.517918;801;0;-7;677;3382;33.56;120.78;;;
37.787657;-3.518127;799;0;-7;677;3382;33.58;120.76;;;
37.787628;-3.518352;798;0;-7;677;3382;33.6;120.74;;;
37.787629;-3.518794;795;0;-7;677;3382;33.64;120.7;;;
37.787854;-3.519134;792;0;-8;677;3382;33.68;120.66;;;
37.788003;-3.519482;789;0;-7;677;3382;33.72;120.62;;;
37.787835;-3.519514;787;0;-7;677;3382;33.74;120.6;;;
37.787671;-3.519421;786;0;-7;677;3382;33.76;120.58;;;
37.787517;-3.519314;785;0;-6;677;3382;33.78;120.56;;;
37.787327;-3.518927;783;0;-4;677;3382;33.82;120.52;;;
37.787202;-3.518502;781;0;-4;677;3382;33.86;120.48;;;
37.787087;-3.518070;780;0;-3;677;3382;33.9;120.44;;;
37.787015;-3.517864;780;0;-3;677;3382;33.92;120.42;;;
37.786915;-3.517674;779;0;-3;677;3382;33.94;120.4;;;
37.786807;-3.517500;778;0;-2;677;3382;33.96;120.38;;;
37.786465;-3.517379;777;0;-1;677;3382;34;120.34;;;
37.786143;-3.517557;777;0;0;677;3382;34.04;120.3;;;
37.786055;-3.517752;777;0;0;677;3382;34.06;120.28;;;
37.785991;-3.517965;777;0;1;677;3382;34.08;120.26;;;
37.785929;-3.518178;778;0;1;677;3382;34.1;120.24;;;
37.785943;-3.518632;778;0;2;678;3381;34.14;120.2;;;
37.785956;-3.519087;779;0;2;679;3380;34.18;120.16;;;
37.785990;-3.519540;780;0;3;680;3379;34.22;120.12;;;
37.786009;-3.519767;780;0;3;680;3379;34.24;120.1;;;
37.786028;-3.519993;781;0;3;681;3378;34.26;120.08;;;
37.786014;-3.520214;782;0;3;681;3378;34.28;120.06;;;
37.785889;-3.520641;783;0;4;683;3376;34.32;120.02;;;
37.785677;-3.520997;785;0;5;684;3375;34.36;119.98;;;
37.785417;-3.521311;786;0;5;686;3373;34.4;119.94;;;
37.785276;-3.521453;788;0;6;687;3372;34.42;119.92;;;
37.785143;-3.521601;789;0;6;689;3370;34.44;119.9;;;
37.785082;-3.521815;790;0;6;690;3369;34.46;119.88;;;
37.785260;-3.522150;793;0;6;692;3367;34.5;119.84;;;
37.785584;-3.522349;795;0;7;695;3364;34.54;119.8;;;
37.785745;-3.522449;796;0;7;696;3363;34.56;119.78;;;
37.785907;-3.522549;798;0;8;698;3361;34.58;119.76;;;
37.786038;-3.522692;799;0;8;699;3360;34.6;119.74;;;
37.786208;-3.523087;803;0;8;703;3356;34.64;119.7;;;
37.786284;-3.523532;806;0;8;706;3353;34.68;119.66;;;
37.786361;-3.523977;809;0;8;709;3350;34.72;119.62;;;
37.786386;-3.524200;811;0;8;711;3348;34.74;119.6;;;
37.786375;-3.524428;813;0;8;712;3347;34.76;119.58;;;
37.786364;-3.524655;814;0;8;714;3345;34.78;119.56;;;
37.786359;-3.525110;818;0;8;717;3342;34.82;119.52;;;
37.786407;-3.525559;821;0;8;721;3338;34.86;119.48;;;
37.786510;-3.525993;824;0;8;724;3335;34.9;119.44;;;
37.786576;-3.526204;825;0;7;725;3334;34.92;119.42;;;
37.786642;-3.526416;827;0;7;726;3333;34.94;119.4;;;
37.786622;-3.526639;828;0;7;728;3331;34.96;119.38;;;
37.786361;-3.526947;831;0;7;731;3328;35;119.34;;;
37.786107;-3.527266;834;0;7;733;3326;35.04;119.3;;;
37.785997;-3.527446;835;0;8;735;3324;35.06;119.28;;;
37.785886;-3.527626;837;0;8;737;3322;35.08;119.26;;;
37.785777;-3.527806;838;0;9;738;3321;35.1;119.24;;;
37.785723;-3.528252;842;0;8;742;3317;35.14;119.2;;;
37.785569;-3.528635;846;0;8;746;3313;35.18;119.16;;;
37.785299;-3.528936;849;0;7;749;3310;35.22;119.12;;;
37.785225;-3.529140;850;0;7;750;3309;35.24;119.1;;;
37.785192;-3.529359;851;0;7;751;3308;35.26;119.08;;;
37.785204;-3.529585;853;0;7;752;3307;35.28;119.06;;;
37.785289;-3.530028;856;0;7;755;3304;35.32;119.02;;;
37.785108;-3.530401;858;0;6;758;3301;35.36;118.98;;;
37.784802;-3.530635;860;0;5;760;3299;35.4;118.94;;;
37.784642;-3.530740;862;0;5;761;3298;35.42;118.92;;;
37.784492;-3.530864;863;0;5;762;3297;35.44;118.9;;;
37.784350;-3.531004;864;0;5;763;3296;35.46;118.88;;;
37.784066;-3.531282;865;0;5;765;3294;35.5;118.84;;;
37.783781;-3.531561;867;0;5;767;3292;35.54;118.8;;;
37.783639;-3.531700;868;0;6;768;3291;35.56;118.78;;;
37.783515;-3.531862;869;0;6;769;3290;35.58;118.76;;;
37.783403;-3.532041;871;0;6;770;3289;35.6;118.74;;;
37.783285;-3.532458;873;0;6;773;3286;35.64;118.7;;;
37.783327;-3.532896;876;0;6;775;3284;35.68;118.66;;;
37.783561;-3.533230;878;0;6;777;3282;35.72;118.62;;;
37.783724;-3.533327;879;0;6;778;3281;35.74;118.6;;;
37.783891;-3.533412;880;0;6;779;3280;35.76;118.58;;;
37.784063;-3.533475;881;0;7;781;3278;35.78;118.56;;;
37.784336;-3.533737;884;0;7;784;3275;35.82;118.52;;;
37.784428;-3.534175;887;0;7;787;3272;35.86;118.48;;;
37.784486;-3.534624;890;0;7;789;3270;35.9;118.44;;;
37.784514;-3.534849;891;0;7;791;3268;35.92;118.42;;;
37.784550;-3.535070;892;0;7;792;3267;35.94;118.4;;;
37.784646;-3.535263;894;0;7;794;3265;35.96;118.38;;;
37.784941;-3.535509;897;0;7;797;3262;36;118.34;;;
37.785267;-3.535683;900;0;7;800;3259;36.04;118.3;;;
37.785404;-3.535831;901;0;7;801;3258;36.06;118.28;;;
37.785519;-3.536005;902;0;7;802;3257;36.08;118.26;;;
37.785630;-3.536184;904;0;7;804;3255;36.1;118.24;;;
37.785938;-3.536390;907;0;8;807;3252;36.14;118.2;;;
37.786290;-3.536484;910;0;7;810;3249;36.18;118.16;;;
37.786642;-3.536579;913;0;7;813;3246;36.22;118.12;;;
37.786815;-3.536635;915;0;7;814;3245;36.24;118.1;;;
37.786977;-3.536734;916;0;7;816;3243;36.26;118.08;;;
37.787089;-3.536903;917;0;7;817;3242;36.28;118.06;;;
37.787140;-3.537321;920;0;7;820;3239;36.32;118.02;;;
37.786877;-3.537604;923;0;7;822;3237;36.36;117.98;;;
37.786550;-3.537795;926;0;7;826;3233;36.4;117.94;;;
37.786387;-3.537891;927;0;7;827;3232;36.42;117.92;;;
37.786224;-3.537986;929;0;7;829;3230;36.44;117.9;;;
37.786061;-3.538082;930;0;7;830;3229;36.46;117.88;;;
37.785734;-3.538273;933;0;7;833;3226;36.5;117.84;;;
37.785471;-3.538545;936;0;7;836;3223;36.54;117.8;;;
37.785480;-3.538769;938;0;7;837;3222;36.56;117.78;;;
37.785563;-3.538960;939;0;7;839;3220;36.58;117.76;;;
37.785697;-3.539112;940;0;7;840;3219;36.6;117.74;;;
37.785991;-3.539373;943;0;6;842;3217;36.64;117.7;;;
37.786246;-3.539681;945;0;5;845;3214;36.68;117.66;;;
37.786356;-3.540100;947;0;4;847;3212;36.72;117.62;;;
37.786318;-3.540317;948;0;4;848;3211;36.74;117.6;;;
37.786244;-3.540524;948;0;3;848;3211;36.76;117.58;;;
37.786171;-3.540732;949;0;3;849;3210;36.78;117.56;;;
37.786089;-3.541171;950;0;2;850;3209;36.82;117.52;;;
37.786074;-3.541626;951;0;2;851;3208;36.86;117.48;;;
37.786059;-3.542080;952;0;1;851;3208;36.9;117.44;;;
37.786052;-3.542308;952;0;1;851;3208;36.92;117.42;;;
37.786045;-3.542535;952;0;1;852;3207;36.94;117.4;;;
37.786026;-3.542760;952;0;1;852;3207;36.96;117.38;;;
37.785898;-3.543184;952;0;0;852;3207;37;117.34;;;
37.785733;-3.543589;952;0;-1;852;3207;37.04;117.3;;;
37.785621;-3.543766;952;0;-1;852;3207;37.06;117.28;;;
37.785506;-3.543941;952;0;-1;852;3207;37.08;117.26;;;
37.785354;-3.544063;951;0;-1;852;3207;37.1;117.24;;;
37.785082;-3.544358;951;0;-2;852;3207;37.14;117.2;;;
37.784939;-3.544770;950;0;-2;852;3207;37.18;117.16;;;
37.784955;-3.545223;949;0;-3;852;3207;37.22;117.12;;;
37.784986;-3.545447;949;0;-3;852;3207;37.24;117.1;;;
37.785017;-3.545671;948;0;-3;852;3207;37.26;117.08;;;
37.785048;-3.545896;947;0;-4;852;3207;37.28;117.06;;;
37.785096;-3.546347;946;0;-4;852;3207;37.32;117.02;;;
37.785116;-3.546801;944;0;-4;852;3207;37.36;116.98;;;
37.785126;-3.547256;942;0;-4;852;3207;37.4;116.94;;;
37.785130;-3.547483;941;0;-4;852;3207;37.42;116.92;;;
37.785135;-3.547711;941;0;-4;852;3207;37.44;116.9;;;
37.785140;-3.547938;940;0;-4;852;3207;37.46;116.88;;;
37.785149;-3.548393;938;0;-5;852;3207;37.5;116.84;;;
37.785013;-3.548807;936;0;-5;852;3207;37.54;116.8;;;
37.784874;-3.548951;935;0;-5;852;3207;37.56;116.78;;;
37.784701;-3.549007;934;0;-5;852;3207;37.58;116.76;;;
37.784524;-3.548965;933;0;-5;852;3207;37.6;116.74;;;
37.784180;-3.548833;931;0;-5;852;3207;37.64;116.7;;;
37.783839;-3.548690;929;0;-5;852;3207;37.68;116.66;;;
37.783525;-3.548791;927;0;-5;852;3207;37.72;116.62;;;
37.783525;-3.549005;926;0;-5;852;3207;37.74;116.6;;;
37.783595;-3.549211;925;0;-5;852;3207;37.76;116.58;;;
37.783690;-3.549404;924;0;-5;852;3207;37.78;116.56;;;
37.783881;-3.549789;922;0;-4;852;3207;37.82;116.52;;;
37.784072;-3.550175;921;0;-4;852;3207;37.86;116.48;;;
37.784209;-3.550594;919;0;-4;852;3207;37.9;116.44;;;
37.784270;-3.550808;918;0;-4;852;3207;37.92;116.42;;;
37.784331;-3.551022;918;0;-4;852;3207;37.94;116.4;;;
37.784364;-3.551243;917;0;-3;852;3207;37.96;116.38;;;
37.784384;-3.551698;916;0;-3;852;3207;38;116.34;;;
37.784282;-3.552125;914;0;-3;852;3207;38.04;116.3;;;
37.784193;-3.552317;914;0;-3;852;3207;38.06;116.28;;;
37.784054;-3.552462;913;0;-3;852;3207;38.08;116.26;;;
37.783924;-3.552618;912;0;-3;852;3207;38.1;116.24;;;
37.783932;-3.552998;911;0;-2;852;3207;38.14;116.2;;;
37.784201;-3.553294;910;0;-2;852;3207;38.18;116.16;;;
37.784360;-3.553683;910;0;-1;852;3207;38.22;116.12;;;
37.784380;-3.553909;910;0;-1;852;3207;38.24;116.1;;;
37.784385;-3.554137;909;0;-1;852;3207;38.26;116.08;;;
37.784388;-3.554364;909;0;-1;852;3207;38.28;116.06;;;
37.784396;-3.554819;909;0;-1;852;3207;38.32;116.02;;;
37.784404;-3.555274;909;0;0;852;3207;38.36;115.98;;;
37.784447;-3.555723;909;0;0;852;3207;38.4;115.94;;;
37.784491;-3.555944;909;0;0;852;3207;38.42;115.92;;;
37.784570;-3.556148;909;0;0;852;3207;38.44;115.9;;;
37.784649;-3.556353;909;0;0;852;3207;38.46;115.88;;;
37.784746;-3.556787;909;0;1;852;3207;38.5;115.84;;;
37.784635;-3.557190;909;0;1;853;3206;38.54;115.8;;;
37.784473;-3.557283;909;0;1;853;3206;38.56;115.78;;;
37.784302;-3.557354;910;0;1;853;3206;38.58;115.76;;;
37.784131;-3.557425;910;0;1;853;3206;38.6;115.74;;;
37.783789;-3.557567;910;0;1;853;3206;38.64;115.7;;;
37.783447;-3.557706;910;0;1;853;3206;38.68;115.66;;;
37.783097;-3.557813;910;0;1;854;3205;38.72;115.62;;;
37.782922;-3.557866;911;0;1;854;3205;38.74;115.6;;;
37.782753;-3.557934;911;0;1;854;3205;38.76;115.58;;;
37.782609;-3.558071;911;0;1;854;3205;38.78;115.56;;;
37.782500;-3.558482;911;0;1;855;3204;38.82;115.52;;;
37.782560;-3.558931;912;0;1;855;3204;38.86;115.48;;;
37.782515;-3.559373;912;0;0;855;3204;38.9;115.44;;;
37.782418;-3.559564;912;0;0;855;3204;38.92;115.42;;;
37.782291;-3.559724;912;0;0;855;3204;38.94;115.4;;;
37.782158;-3.559877;912;0;0;855;3204;38.96;115.38;;;
37.781893;-3.560184;912;0;0;855;3204;39;115.34;;;
37.781659;-3.560518;912;0;0;855;3204;39.04;115.3;;;
37.781594;-3.560731;912;0;0;855;3204;39.06;115.28;;;
37.781563;-3.560955;912;0;0;855;3204;39.08;115.26;;;
37.781535;-3.561179;912;0;0;855;3204;39.1;115.24;;;
37.781477;-3.561629;912;0;-1;855;3204;39.14;115.2;;;
37.781420;-3.562078;911;0;-1;855;3204;39.18;115.16;;;
37.781362;-3.562527;911;0;-1;855;3204;39.22;115.12;;;
37.781333;-3.562752;911;0;-1;855;3204;39.24;115.1;;;
37.781304;-3.562977;911;0;-1;855;3204;39.26;115.08;;;
37.781276;-3.563201;910;0;-1;855;3204;39.28;115.06;;;
37.781218;-3.563650;910;0;-1;855;3204;39.32;115.02;;;
37.781256;-3.564095;909;0;-1;855;3204;39.36;114.98;;;
37.781342;-3.564537;909;0;-2;855;3204;39.4;114.94;;;
37.781385;-3.564758;908;0;-2;855;3204;39.42;114.92;;;
37.781428;-3.564979;908;0;-2;855;3204;39.44;114.9;;;
37.781471;-3.565200;908;0;-2;855;3204;39.46;114.88;;;
37.781557;-3.565642;907;0;-2;855;3204;39.5;114.84;;;
37.781643;-3.566084;906;0;-2;855;3204;39.54;114.8;;;
37.781686;-3.566305;906;0;-2;855;3204;39.56;114.78;;;
37.781728;-3.566526;905;0;-2;855;3204;39.58;114.76;;;
37.781702;-3.566751;905;0;-2;855;3204;39.6;114.74;;;
37.781408;-3.566706;904;0;-2;855;3204;39.64;114.7;;;
37.781143;-3.566398;903;0;-2;855;3204;39.68;114.66;;;
37.780878;-3.566090;902;0;-2;855;3204;39.72;114.62;;;
37.780745;-3.565936;902;0;-1;855;3204;39.74;114.6;;;
37.780613;-3.565782;902;0;-1;855;3204;39.76;114.58;;;
37.780489;-3.565620;902;0;-1;855;3204;39.78;114.56;;;
37.780346;-3.565203;901;0;-1;855;3204;39.82;114.52;;;
37.780202;-3.564785;901;0;-1;855;3204;39.86;114.48;;;
37.779941;-3.564490;900;0;-1;855;3204;39.9;114.44;;;
37.779770;-3.564535;900;0;-1;855;3204;39.92;114.42;;;
37.779658;-3.564697;900;0;-1;855;3204;39.94;114.4;;;
37.779578;-3.564900;899;0;-1;855;3204;39.96;114.38;;;
37.779465;-3.565332;899;0;-1;855;3204;40;114.34;;;
37.779352;-3.565764;898;0;-2;855;3204;40.04;114.3;;;
37.779295;-3.565980;898;0;-1;855;3204;40.06;114.28;;;
37.779239;-3.566196;897;0;-2;855;3204;40.08;114.26;;;
37.779182;-3.566411;897;0;-2;855;3204;40.1;114.24;;;
37.779240;-3.566854;897;0;-2;855;3204;40.14;114.2;;;
37.779283;-3.567302;896;0;-1;855;3204;40.18;114.16;;;
37.779231;-3.567752;895;0;-2;855;3204;40.22;114.12;;;
37.779200;-3.567976;895;0;-2;855;3204;40.24;114.1;;;
37.779168;-3.568200;895;0;-2;855;3204;40.26;114.08;;;
37.779140;-3.568424;894;0;-2;855;3204;40.28;114.06;;;
37.779181;-3.568876;894;0;-2;855;3204;40.32;114.02;;;
37.779222;-3.569329;893;0;-2;855;3204;40.36;113.98;;;
37.779280;-3.569777;892;0;-2;855;3204;40.4;113.94;;;
37.779326;-3.569997;892;0;-2;855;3204;40.42;113.92;;;
37.779371;-3.570217;891;0;-2;855;3204;40.44;113.9;;;
37.779417;-3.570437;891;0;-2;855;3204;40.46;113.88;;;
37.779509;-3.570877;890;0;-2;855;3204;40.5;113.84;;;
37.779515;-3.571332;889;0;-2;855;3204;40.54;113.8;;;
37.779518;-3.571560;889;0;-3;855;3204;40.56;113.78;;;
37.779490;-3.571783;888;0;-3;855;3204;40.58;113.76;;;
37.779453;-3.572006;888;0;-3;855;3204;40.6;113.74;;;
37.779379;-3.572451;886;0;-3;855;3204;40.64;113.7;;;
37.779305;-3.572897;885;0;-4;855;3204;40.68;113.66;;;
37.779249;-3.573345;884;0;-4;855;3204;40.72;113.62;;;
37.779249;-3.573572;883;0;-4;855;3204;40.74;113.6;;;
37.779266;-3.573797;882;0;-4;855;3204;40.76;113.58;;;
37.779308;-3.574018;881;0;-4;855;3204;40.78;113.56;;;
37.779400;-3.574458;879;0;-4;855;3204;40.82;113.52;;;
37.779500;-3.574895;878;0;-4;855;3204;40.86;113.48;;;
37.779600;-3.575332;877;0;-4;855;3204;40.9;113.44;;;
37.779651;-3.575551;876;0;-4;855;3204;40.92;113.42;;;
37.779701;-3.575770;875;0;-4;855;3204;40.94;113.4;;;
37.779751;-3.575988;874;0;-4;855;3204;40.96;113.38;;;
37.779793;-3.576209;874;0;-4;855;3204;40.98;113.36;;;
37.779831;-3.576432;873;0;-3;855;3204;41;113.34;;;
37.779869;-3.576654;872;0;-3;855;3204;41.02;113.32;;;
37.779907;-3.576877;872;0;-3;855;3204;41.04;113.3;;;
37.779945;-3.577099;871;0;-3;855;3204;41.06;113.28;;;
37.779983;-3.577322;870;0;-3;855;3204;41.08;113.26;;;
37.780014;-3.577545;870;0;-3;855;3204;41.1;113.24;;;
37.780031;-3.577772;869;0;-4;855;3204;41.12;113.22;;;
37.780049;-3.577998;868;0;-4;855;3204;41.14;113.2;;;
37.780066;-3.578225;868;0;-4;855;3204;41.16;113.18;;;
37.780082;-3.578451;867;0;-4;855;3204;41.18;113.16;;;
37.780099;-3.578678;866;0;-4;855;3204;41.2;113.14;;;
37.780117;-3.578904;865;0;-4;855;3204;41.22;113.12;;;
37.780134;-3.579131;864;0;-4;855;3204;41.24;113.1;;;
37.780151;-3.579358;864;0;-4;855;3204;41.26;113.08;;;
37.780180;-3.579582;863;0;-4;855;3204;41.28;113.06;;;
37.780222;-3.579803;862;0;-4;855;3204;41.3;113.04;;;
37.780263;-3.580024;861;0;-4;855;3204;41.32;113.02;;;
37.780304;-3.580246;860;0;-4;855;3204;41.34;113;;;
37.780346;-3.580467;860;0;-4;855;3204;41.36;112.98;;;
37.780387;-3.580689;859;0;-4;855;3204;41.38;112.96;;;
37.780382;-3.580916;858;0;-4;855;3204;41.4;112.94;;;
37.780375;-3.581143;857;0;-3;855;3204;41.42;112.92;;;
37.780367;-3.581371;857;0;-3;855;3204;41.44;112.9;;;
37.780360;-3.581598;856;0;-3;855;3204;41.46;112.88;;;
37.780353;-3.581825;855;0;-3;855;3204;41.48;112.86;;;
37.780345;-3.582053;855;0;-3;855;3204;41.5;112.84;;;
37.780331;-3.582279;854;0;-4;855;3204;41.52;112.82;;;
37.780289;-3.582500;853;0;-4;855;3204;41.54;112.8;;;
37.780247;-3.582722;853;0;-4;855;3204;41.56;112.78;;;
37.780182;-3.582929;852;0;-4;855;3204;41.58;112.76;;;
37.780072;-3.583109;851;0;-4;855;3204;41.6;112.74;;;
37.779962;-3.583289;850;0;-4;855;3204;41.62;112.72;;;
37.779820;-3.583427;849;0;-4;855;3204;41.64;112.7;;;
37.779673;-3.583559;848;0;-4;855;3204;41.66;112.68;;;
37.779524;-3.583686;848;0;-4;855;3204;41.68;112.66;;;
37.779374;-3.583811;847;0;-3;855;3204;41.7;112.64;;;
37.779223;-3.583936;847;0;-3;855;3204;41.72;112.62;;;
37.779107;-3.584101;846;0;-3;855;3204;41.74;112.6;;;
37.779025;-3.584302;845;0;-3;855;3204;41.76;112.58;;;
37.779001;-3.584527;845;0;-3;855;3204;41.78;112.56;;;
37.779039;-3.584748;844;0;-3;855;3204;41.8;112.54;;;
37.779100;-3.584962;843;0;-3;855;3204;41.82;112.52;;;
37.779166;-3.585174;843;0;-3;855;3204;41.84;112.5;;;
37.779232;-3.585385;842;0;-3;855;3204;41.86;112.48;;;
37.779298;-3.585597;842;0;-3;855;3204;41.88;112.46;;;
37.779365;-3.585809;841;0;-3;855;3204;41.9;112.44;;;
37.779431;-3.586020;841;0;-3;855;3204;41.92;112.42;;;
37.779497;-3.586232;840;0;-3;855;3204;41.94;112.4;;;
37.779563;-3.586444;840;0;-3;855;3204;41.96;112.38;;;
37.779629;-3.586655;839;0;-2;855;3204;41.98;112.36;;;
37.779695;-3.586867;839;0;-2;855;3204;42;112.34;;;
37.779761;-3.587079;838;0;-2;855;3204;42.02;112.32;;;
37.779827;-3.587290;838;0;-2;855;3204;42.04;112.3;;;
37.779893;-3.587502;837;0;-2;855;3204;42.06;112.28;;;
37.779959;-3.587714;837;0;-2;855;3204;42.08;112.26;;;
37.780025;-3.587925;836;0;-2;855;3204;42.1;112.24;;;
37.780091;-3.588137;836;0;-2;855;3204;42.12;112.22;;;
37.780157;-3.588349;836;0;-2;855;3204;42.14;112.2;;;
37.780223;-3.588560;835;0;-2;855;3204;42.16;112.18;;;
37.780289;-3.588772;835;0;-2;855;3204;42.18;112.16;;;
37.780355;-3.588984;834;0;-2;855;3204;42.2;112.14;;;
37.780422;-3.589195;834;0;-2;855;3204;42.22;112.12;;;
37.780487;-3.589407;834;0;-2;855;3204;42.24;112.1;;;
37.780553;-3.589619;833;0;-2;855;3204;42.26;112.08;;;
37.780619;-3.589830;833;0;-2;855;3204;42.28;112.06;;;
37.780685;-3.590042;832;0;-2;855;3204;42.3;112.04;;;
37.780751;-3.590254;832;0;-2;855;3204;42.32;112.02;;;
37.780814;-3.590467;832;0;-2;855;3204;42.34;112;;;
37.780854;-3.590689;831;0;-2;855;3204;42.36;111.98;;;
37.780837;-3.590914;831;0;-2;855;3204;42.38;111.96;;;
37.780757;-3.591110;830;0;-2;855;3204;42.4;111.94;;;
37.780622;-3.591254;830;0;-2;855;3204;42.42;111.92;;;
37.780466;-3.591369;830;0;-2;855;3204;42.44;111.9;;;
37.780294;-3.591429;829;0;-1;855;3204;42.46;111.88;;;
37.780118;-3.591471;829;0;-1;855;3204;42.48;111.86;;;
37.779940;-3.591503;829;0;-1;855;3204;42.5;111.84;;;
37.779761;-3.591533;829;0;-1;855;3204;42.52;111.82;;;
37.779583;-3.591563;828;0;-1;855;3204;42.54;111.8;;;
37.779407;-3.591602;828;0;-1;855;3204;42.56;111.78;;;
37.779244;-3.591697;828;0;-1;855;3204;42.58;111.76;;;
37.779108;-3.591841;827;0;-1;855;3204;42.6;111.74;;;
37.779018;-3.592028;827;0;-1;855;3204;42.62;111.72;;;
37.779001;-3.592247;827;0;-1;855;3204;42.64;111.7;;;
37.779114;-3.592424;827;0;-1;855;3204;42.66;111.68;;;
37.779266;-3.592531;826;0;-1;855;3204;42.68;111.66;;;
37.779436;-3.592606;826;0;-1;855;3204;42.7;111.64;;;
37.779605;-3.592682;826;0;-1;855;3204;42.72;111.62;;;
37.779775;-3.592757;826;0;-1;855;3204;42.74;111.6;;;
37.779945;-3.592833;826;0;-1;855;3204;42.76;111.58;;;
37.780114;-3.592908;825;0;-1;855;3204;42.78;111.56;;;
37.780276;-3.593002;825;0;-1;855;3204;42.8;111.54;;;
37.780422;-3.593136;825;0;-1;855;3204;42.82;111.52;;;
37.780545;-3.593299;825;0;-1;855;3204;42.84;111.5;;;
37.780657;-3.593477;824;0;-1;855;3204;42.86;111.48;;;
37.780769;-3.593655;824;0;-1;855;3204;42.88;111.46;;;
37.780878;-3.593837;824;0;-1;855;3204;42.9;111.44;;;
37.780985;-3.594020;824;0;-1;855;3204;42.92;111.42;;;
37.781091;-3.594203;824;0;-1;855;3204;42.94;111.4;;;
37.781198;-3.594386;823;0;-1;855;3204;42.96;111.38;;;
37.781305;-3.594569;823;0;-1;855;3204;42.98;111.36;;;
37.781412;-3.594752;823;0;-1;855;3204;43;111.34;;;
37.781518;-3.594936;822;0;-2;855;3204;43.02;111.32;;;
37.781640;-3.595102;822;0;-2;855;3204;43.04;111.3;;;
37.781769;-3.595261;822;0;-2;855;3204;43.06;111.28;;;
37.781898;-3.595420;821;0;-2;855;3204;43.08;111.26;;;
37.782026;-3.595579;821;0;-2;855;3204;43.1;111.24;;;
37.782155;-3.595738;821;0;-2;855;3204;43.12;111.22;;;
37.782284;-3.595897;820;0;-2;855;3204;43.14;111.2;;;
37.782408;-3.596060;820;0;-2;855;3204;43.16;111.18;;;
37.782495;-3.596259;819;0;-3;855;3204;43.18;111.16;;;
37.782582;-3.596458;819;0;-3;855;3204;43.2;111.14;;;
37.782668;-3.596658;818;0;-3;855;3204;43.22;111.12;;;
37.782755;-3.596857;818;0;-3;855;3204;43.24;111.1;;;
37.782842;-3.597057;817;0;-3;855;3204;43.26;111.08;;;
37.782929;-3.597256;816;0;-3;855;3204;43.28;111.06;;;
37.783015;-3.597456;816;0;-3;855;3204;43.3;111.04;;;
37.783082;-3.597667;815;0;-3;855;3204;43.32;111.02;;;
37.783144;-3.597880;814;0;-3;855;3204;43.34;111;;;
37.783206;-3.598094;814;0;-3;855;3204;43.36;110.98;;;
37.783269;-3.598307;813;0;-3;855;3204;43.38;110.96;;;
37.783332;-3.598520;812;0;-4;855;3204;43.4;110.94;;;
37.783404;-3.598728;812;0;-4;855;3204;43.42;110.92;;;
37.783493;-3.598926;811;0;-4;855;3204;43.44;110.9;;;
37.783582;-3.599124;810;0;-4;855;3204;43.46;110.88;;;
37.783670;-3.599322;809;0;-4;855;3204;43.48;110.86;;;
37.783759;-3.599520;808;0;-4;855;3204;43.5;110.84;;;
37.783847;-3.599718;808;0;-4;855;3204;43.52;110.82;;;
37.783936;-3.599916;807;0;-4;855;3204;43.54;110.8;;;
37.784019;-3.600117;806;0;-4;855;3204;43.56;110.78;;;
37.784077;-3.600333;805;0;-4;855;3204;43.58;110.76;;;
37.784133;-3.600549;804;0;-4;855;3204;43.6;110.74;;;
37.784190;-3.600765;804;0;-4;855;3204;43.62;110.72;;;
37.784248;-3.600980;803;0;-4;855;3204;43.64;110.7;;;
37.784305;-3.601196;802;0;-4;855;3204;43.66;110.68;;;
37.784362;-3.601412;801;0;-4;855;3204;43.68;110.66;;;
37.784419;-3.601628;800;0;-4;855;3204;43.7;110.64;;;
37.784489;-3.601837;800;0;-4;855;3204;43.72;110.62;;;
37.784559;-3.602047;799;0;-4;855;3204;43.74;110.6;;;
37.784628;-3.602257;798;0;-4;855;3204;43.76;110.58;;;
37.784712;-3.602458;798;0;-4;855;3204;43.78;110.56;;;
37.784799;-3.602658;797;0;-4;855;3204;43.8;110.54;;;
37.784885;-3.602857;796;0;-5;855;3204;43.82;110.52;;;
37.784974;-3.603055;795;0;-6;855;3204;43.84;110.5;;;
37.785070;-3.603244;794;0;-6;855;3204;43.86;110.48;;;
37.785230;-3.603343;792;0;-6;855;3204;43.88;110.46;;;
37.785341;-3.603515;790;0;-6;855;3204;43.9;110.44;9;;
37.785500;-3.603599;789;0;-6;855;3204;43.92;110.42;;;
37.785678;-3.603632;788;0;-5;855;3204;43.94;110.4;;;
37.785856;-3.603658;787;0;-4;855;3204;43.96;110.38;;;
37.786035;-3.603684;787;0;-3;855;3204;43.98;110.36;;;
37.786214;-3.603710;786;0;-3;855;3204;44;110.34;;;
37.786392;-3.603737;786;0;-3;855;3204;44.02;110.32;;;
37.786571;-3.603764;785;0;-3;855;3204;44.04;110.3;;;
37.786749;-3.603795;785;0;-3;855;3204;44.06;110.28;;;
37.786927;-3.603825;784;0;-3;855;3204;44.08;110.26;;;
37.787106;-3.603856;783;0;-3;855;3204;44.1;110.24;;;
37.787284;-3.603886;783;0;-3;855;3204;44.12;110.22;;;
37.787462;-3.603917;783;0;-3;855;3204;44.14;110.2;;;
37.787641;-3.603943;782;0;-3;855;3204;44.16;110.18;;;
37.787819;-3.603968;781;0;-3;855;3204;44.18;110.16;;;
37.787998;-3.603994;781;0;-3;855;3204;44.2;110.14;;;
37.788177;-3.604019;780;0;-4;855;3204;44.22;110.12;;;
37.788356;-3.604045;779;0;-5;855;3204;44.24;110.1;;;
37.788534;-3.604072;778;0;-5;855;3204;44.26;110.08;;;
37.788712;-3.604102;778;0;-5;855;3204;44.28;110.06;;;
37.788846;-3.604216;776;0;-5;855;3204;44.3;110.04;;;
37.788863;-3.604443;775;0;-5;855;3204;44.32;110.02;;;
37.788876;-3.604670;774;0;-5;855;3204;44.34;110;;;
37.788888;-3.604897;773;0;-5;855;3204;44.36;109.98;;;
37.788907;-3.605123;772;0;-4;855;3204;44.38;109.96;;;
37.788922;-3.605350;771;0;-4;855;3204;44.4;109.94;;;
37.788924;-3.605577;771;0;-4;855;3204;44.42;109.92;;;
37.788923;-3.605805;770;0;-4;855;3204;44.44;109.9;;;
37.788920;-3.606032;769;0;-3;855;3204;44.46;109.88;;;
37.788914;-3.606260;769;0;-3;855;3204;44.48;109.86;;;
37.788907;-3.606487;768;0;-3;855;3204;44.5;109.84;;;
37.788898;-3.606715;767;0;-3;855;3204;44.52;109.82;;;
37.788889;-3.606942;767;0;-3;855;3204;44.54;109.8;;;
37.788880;-3.607169;766;0;-3;855;3204;44.56;109.78;;;
37.788870;-3.607396;766;0;-3;855;3204;44.58;109.76;;;
37.788860;-3.607624;765;0;-3;855;3204;44.6;109.74;;;
37.788848;-3.607851;765;0;-3;855;3204;44.62;109.72;;;
37.788837;-3.608078;764;0;-4;855;3204;44.64;109.7;;;
37.788828;-3.608305;763;0;-4;855;3204;44.66;109.68;;;
37.788821;-3.608533;763;0;-5;855;3204;44.68;109.66;;;
37.788878;-3.608732;761;0;-5;855;3204;44.7;109.64;;;
37.789021;-3.608868;760;0;-5;855;3204;44.72;109.62;;;
37.789140;-3.609037;759;0;-5;855;3204;44.74;109.6;;;
37.789158;-3.609260;758;0;-5;855;3204;44.76;109.58;;;
37.789142;-3.609486;757;0;-4;855;3204;44.78;109.56;;;
37.789123;-3.609713;757;0;-3;855;3204;44.8;109.54;;;
37.789104;-3.609939;756;0;-3;855;3204;44.82;109.52;;;
37.789085;-3.610165;755;0;-3;855;3204;44.84;109.5;;;
37.789066;-3.610392;755;0;-3;855;3204;44.86;109.48;;;
37.789046;-3.610618;754;0;-3;855;3204;44.88;109.46;;;
37.789027;-3.610844;754;0;-3;855;3204;44.9;109.44;;;
37.789013;-3.611071;753;0;-3;855;3204;44.92;109.42;;;
37.788998;-3.611298;752;0;-3;855;3204;44.94;109.4;;;
37.788983;-3.611525;752;0;-4;855;3204;44.96;109.38;;;
37.788965;-3.611751;751;0;-4;855;3204;44.98;109.36;;;
37.788946;-3.611977;750;0;-4;855;3204;45;109.34;;;
37.788922;-3.612203;749;0;-4;855;3204;45.02;109.32;;;
37.788895;-3.612428;748;0;-4;855;3204;45.04;109.3;;;
37.788877;-3.612654;747;0;-4;855;3204;45.06;109.28;;;
37.788855;-3.612880;747;0;-3;855;3204;45.08;109.26;;;
37.788834;-3.613106;746;0;-3;855;3204;45.1;109.24;;;
37.788814;-3.613332;746;0;-3;855;3204;45.12;109.22;;;
37.788795;-3.613559;745;0;-3;855;3204;45.14;109.2;;;
37.788776;-3.613785;745;0;-3;855;3204;45.16;109.18;;;
37.788758;-3.614012;744;0;-3;855;3204;45.18;109.16;;;
37.788739;-3.614238;744;0;-3;855;3204;45.2;109.14;;;
37.788720;-3.614464;743;0;-3;855;3204;45.22;109.12;;;
37.788702;-3.614691;742;0;-3;855;3204;45.24;109.1;;;
37.788684;-3.614917;742;0;-3;855;3204;45.26;109.08;;;
37.788665;-3.615143;741;0;-3;855;3204;45.28;109.06;;;
37.788645;-3.615370;741;0;-2;855;3204;45.3;109.04;;;
37.788626;-3.615596;741;0;-2;855;3204;45.32;109.02;;;
37.788607;-3.615822;740;0;-3;855;3204;45.34;109;;;
37.788589;-3.616049;740;0;-3;855;3204;45.36;108.98;;;
37.788570;-3.616275;739;0;-3;855;3204;45.38;108.96;;;
37.788547;-3.616501;739;0;-3;855;3204;45.4;108.94;;;
37.788493;-3.616712;738;0;-2;855;3204;45.42;108.92;;;
37.788328;-3.616790;737;0;-2;855;3204;45.44;108.9;;;
37.788150;-3.616823;737;0;-2;855;3204;45.46;108.88;;;
37.787972;-3.616855;736;0;-2;855;3204;45.48;108.86;;;
37.787794;-3.616887;736;0;-1;855;3204;45.5;108.84;;;
37.787615;-3.616909;736;0;0;855;3204;45.52;108.82;;;
37.787435;-3.616907;736;0;0;855;3204;45.54;108.8;;;
37.787256;-3.616905;736;0;0;855;3204;45.56;108.78;;;
37.787076;-3.616903;736;0;0;855;3204;45.58;108.76;;;
37.786896;-3.616901;736;0;1;855;3204;45.6;108.74;;;
37.786716;-3.616899;736;0;1;856;3203;45.62;108.72;;;
37.786538;-3.616873;737;0;1;856;3203;45.64;108.7;;;
37.786372;-3.616786;737;0;1;856;3203;45.66;108.68;;;
37.786214;-3.616677;737;0;1;856;3203;45.68;108.66;;;
37.786057;-3.616567;737;0;1;856;3203;45.7;108.64;;;
37.785899;-3.616456;737;0;1;857;3202;45.72;108.62;;;
37.785742;-3.616345;738;0;1;857;3202;45.74;108.6;;;
37.785585;-3.616235;738;0;2;857;3202;45.76;108.58;;;
37.785428;-3.616124;738;0;2;857;3202;45.78;108.56;;;
37.785278;-3.615998;739;0;2;858;3201;45.8;108.54;;;
37.785155;-3.615836;739;0;2;858;3201;45.82;108.52;;;
37.785051;-3.615650;740;0;2;859;3200;45.84;108.5;;;
37.784951;-3.615461;740;0;2;859;3200;45.86;108.48;;;
37.784853;-3.615270;741;0;2;860;3199;45.88;108.46;;;
37.784771;-3.615068;741;0;2;860;3199;45.9;108.44;;;
37.784689;-3.614866;742;0;2;861;3198;45.92;108.42;;;
37.784606;-3.614663;742;0;2;861;3198;45.94;108.4;;;
37.784523;-3.614461;743;0;3;862;3197;45.96;108.38;;;
37.784441;-3.614259;743;0;3;862;3197;45.98;108.36;;;
37.784359;-3.614057;744;0;3;863;3196;46;108.34;;;
37.784276;-3.613854;744;0;3;863;3196;46.02;108.32;;;
37.784194;-3.613652;745;0;3;864;3195;46.04;108.3;;;
37.784103;-3.613457;745;0;4;865;3194;46.06;108.28;;;
37.783996;-3.613274;746;0;4;865;3194;46.08;108.26;;;
37.783889;-3.613091;747;0;4;866;3193;46.1;108.24;;;
37.783733;-3.613012;747;0;4;867;3192;46.12;108.22;;;
37.783558;-3.613001;749;0;4;868;3191;46.14;108.2;;;
37.783410;-3.613125;750;0;5;870;3189;46.16;108.18;;;
37.783279;-3.613280;751;0;5;870;3189;46.18;108.16;;;
37.783147;-3.613435;752;0;4;871;3188;46.2;108.14;;;
37.783016;-3.613590;752;0;4;872;3187;46.22;108.12;;;
37.782890;-3.613753;753;0;3;872;3187;46.24;108.1;;;
37.782765;-3.613916;754;0;3;873;3186;46.26;108.08;;;
37.782640;-3.614080;754;0;3;873;3186;46.28;108.06;;;
37.782514;-3.614243;755;0;3;874;3185;46.3;108.04;;;
37.782382;-3.614397;756;0;4;875;3184;46.32;108.02;;;
37.782246;-3.614546;756;0;5;876;3183;46.34;108;;;
37.782113;-3.614698;757;0;5;876;3183;46.36;107.98;;;
37.781977;-3.614848;758;0;4;877;3182;46.38;107.96;;;
37.781812;-3.614935;760;0;4;879;3180;46.4;107.94;;;
37.781657;-3.615049;761;0;4;880;3179;46.42;107.92;;;
37.781501;-3.615163;761;0;5;881;3178;46.44;107.9;;;
37.781345;-3.615276;762;0;5;881;3178;46.46;107.88;;;
37.781192;-3.615397;762;0;4;882;3177;46.48;107.86;;;
37.781036;-3.615510;764;0;4;883;3176;46.5;107.84;;;
37.780882;-3.615625;765;0;4;884;3175;46.52;107.82;;;
37.780735;-3.615756;766;0;4;885;3174;46.54;107.8;;;
37.780587;-3.615887;766;0;4;885;3174;46.56;107.78;;;
37.780440;-3.616018;766;0;3;886;3173;46.58;107.76;;;
37.780295;-3.616152;767;0;3;886;3173;46.6;107.74;;;
37.780150;-3.616286;768;0;3;887;3172;46.62;107.72;;;
37.780005;-3.616420;768;0;3;888;3171;46.64;107.7;;;
37.779861;-3.616556;769;0;3;888;3171;46.66;107.68;;;
37.779718;-3.616695;770;0;3;889;3170;46.68;107.66;;;
37.779576;-3.616834;770;0;3;889;3170;46.7;107.64;;;
37.779449;-3.616988;771;0;3;890;3169;46.72;107.62;;;
37.779379;-3.617198;771;0;3;890;3169;46.74;107.6;;;
37.779315;-3.617410;772;0;4;891;3168;46.76;107.58;;;
37.779205;-3.617585;773;0;4;892;3167;46.78;107.56;;;
37.779045;-3.617691;774;0;4;893;3166;46.8;107.54;;;
37.778886;-3.617796;774;0;4;894;3165;46.82;107.52;;;
37.778726;-3.617901;775;0;4;894;3165;46.84;107.5;;;
37.778567;-3.618006;776;0;4;895;3164;46.86;107.48;;;
37.778407;-3.618111;777;0;4;896;3163;46.88;107.46;;;
37.778248;-3.618217;777;0;4;897;3162;46.9;107.44;;;
37.778089;-3.618322;778;0;4;897;3162;46.92;107.42;;;
37.777929;-3.618427;779;0;4;898;3161;46.94;107.4;;;
37.777777;-3.618546;780;0;4;899;3160;46.96;107.38;;;
37.777643;-3.618698;780;0;4;900;3159;46.98;107.36;;;
37.777510;-3.618850;781;0;4;901;3158;47;107.34;;;
37.777376;-3.619002;782;0;5;902;3157;47.02;107.32;;;
37.777242;-3.619155;783;0;5;902;3157;47.04;107.3;;;
37.777108;-3.619306;784;0;5;903;3156;47.06;107.28;;;
37.776962;-3.619438;785;0;5;904;3155;47.08;107.26;;;
37.776812;-3.619563;786;0;5;905;3154;47.1;107.24;;;
37.776661;-3.619688;787;0;5;906;3153;47.12;107.22;;;
37.776511;-3.619813;788;0;5;907;3152;47.14;107.2;;;
37.776361;-3.619938;789;0;5;908;3151;47.16;107.18;;;
37.776211;-3.620064;790;0;5;909;3150;47.18;107.16;;;
37.776060;-3.620188;791;0;6;911;3148;47.2;107.14;;;
37.775910;-3.620313;792;0;6;912;3147;47.22;107.12;;;
37.775760;-3.620439;794;0;6;913;3146;47.24;107.1;;;
37.775610;-3.620565;795;0;6;914;3145;47.26;107.08;;;
37.775460;-3.620690;796;0;6;915;3144;47.28;107.06;;;
37.775309;-3.620814;797;0;6;917;3142;47.3;107.04;;;
37.775224;-3.621007;799;0;6;918;3141;47.32;107.02;;;
37.775155;-3.621218;800;0;6;919;3140;47.34;107;;;
37.775098;-3.621432;801;0;6;920;3139;47.36;106.98;;;
37.775063;-3.621655;802;0;6;922;3137;47.38;106.96;;;
37.775027;-3.621878;804;0;6;923;3136;47.4;106.94;;;
37.774991;-3.622101;805;0;6;924;3135;47.42;106.92;;;
37.774956;-3.622324;806;0;6;925;3134;47.44;106.9;;;
37.774921;-3.622548;807;0;6;926;3133;47.46;106.88;;;
37.774885;-3.622771;808;0;6;928;3131;47.48;106.86;;;
37.774849;-3.622994;810;0;6;929;3130;47.5;106.84;;;
37.774814;-3.623217;811;0;6;930;3129;47.52;106.82;;;
37.774779;-3.623440;812;0;6;931;3128;47.54;106.8;;;
37.774743;-3.623663;813;0;6;932;3127;47.56;106.78;;;
37.774707;-3.623886;814;0;6;934;3125;47.58;106.76;;;
37.774663;-3.624106;815;0;5;935;3124;47.6;106.74;;;
37.774610;-3.624324;816;0;5;936;3123;47.62;106.72;;;
37.774557;-3.624541;817;0;5;937;3122;47.64;106.7;;;
37.774504;-3.624759;818;0;5;938;3121;47.66;106.68;;;
37.774451;-3.624976;819;0;5;939;3120;47.68;106.66;;;
37.774398;-3.625193;820;0;5;940;3119;47.7;106.64;;;
37.774338;-3.625408;821;0;5;940;3119;47.72;106.62;;;
37.774275;-3.625621;822;0;4;941;3118;47.74;106.6;;;
37.774212;-3.625834;823;0;4;942;3117;47.76;106.58;;;
37.774087;-3.625991;824;0;4;943;3116;47.78;106.56;;;
37.773919;-3.625978;825;0;4;944;3115;47.8;106.54;;;
37.773744;-3.625927;826;0;4;945;3114;47.82;106.52;;;
37.773569;-3.625875;826;0;4;945;3114;47.84;106.5;;;
37.773400;-3.625875;827;0;4;946;3113;47.86;106.48;;;
37.773244;-3.625988;828;0;4;947;3112;47.88;106.46;;;
37.773087;-3.626101;828;0;3;948;3111;47.9;106.44;;;
37.772931;-3.626213;829;0;3;948;3111;47.92;106.42;;;
37.772775;-3.626326;830;0;3;949;3110;47.94;106.4;;;
37.772619;-3.626439;831;0;3;950;3109;47.96;106.38;;;
37.772523;-3.626632;831;0;3;950;3109;47.98;106.36;;;
37.772471;-3.626843;832;0;2;951;3108;48;106.34;;;
37.772455;-3.627069;832;0;2;951;3108;48.02;106.32;;;
37.772439;-3.627296;832;0;2;952;3107;48.04;106.3;;;
37.772423;-3.627523;833;0;2;952;3107;48.06;106.28;;;
37.772393;-3.627742;833;0;2;952;3107;48.08;106.26;;;
37.772272;-3.627910;833;0;2;953;3106;48.1;106.24;;;
37.772152;-3.628079;834;0;1;953;3106;48.12;106.22;;;
37.772031;-3.628248;834;0;1;953;3106;48.14;106.2;;;
37.771911;-3.628417;834;0;1;954;3105;48.16;106.18;;;
37.771790;-3.628585;834;0;1;954;3105;48.18;106.16;;;
37.771669;-3.628754;835;0;1;954;3105;48.2;106.14;;;
37.771549;-3.628923;835;0;0;954;3105;48.22;106.12;;;
37.771428;-3.629092;835;0;0;954;3105;48.24;106.1;;;
37.771308;-3.629261;835;0;0;954;3105;48.26;106.08;;;
37.771187;-3.629429;835;0;0;954;3105;48.28;106.06;;;
37.771095;-3.629621;834;0;-1;954;3105;48.3;106.04;;;
37.771031;-3.629833;834;0;-1;954;3105;48.32;106.02;;;
37.770967;-3.630046;834;0;-1;954;3105;48.34;106;;;
37.770867;-3.630222;834;0;-1;954;3105;48.36;105.98;;;
37.770718;-3.630350;834;0;-1;954;3105;48.38;105.96;;;
37.770569;-3.630477;834;0;-1;954;3105;48.4;105.94;;;
37.770419;-3.630604;833;0;-1;954;3105;48.42;105.92;;;
37.770270;-3.630731;833;0;-1;954;3105;48.44;105.9;;;
37.770121;-3.630859;833;0;-1;954;3105;48.46;105.88;;;
37.769972;-3.630986;833;0;-1;954;3105;48.48;105.86;;;
37.769823;-3.631113;832;0;-1;954;3105;48.5;105.84;;;
37.769676;-3.631244;832;0;-2;954;3105;48.52;105.82;;;
37.769539;-3.631392;832;0;-2;954;3105;48.54;105.8;;;
37.769402;-3.631538;831;0;-2;954;3105;48.56;105.78;;;
37.769268;-3.631689;831;0;-2;954;3105;48.58;105.76;;;
37.769163;-3.631874;831;0;-2;954;3105;48.6;105.74;;;
37.769058;-3.632059;830;0;-2;954;3105;48.62;105.72;;;
37.768953;-3.632244;830;0;-2;954;3105;48.64;105.7;;;
37.768848;-3.632428;829;0;-2;954;3105;48.66;105.68;;;
37.768707;-3.632564;829;0;-2;954;3105;48.68;105.66;;;
37.768553;-3.632681;829;0;-2;954;3105;48.7;105.64;;;
37.768398;-3.632798;828;0;-2;954;3105;48.72;105.62;;;
37.768244;-3.632914;828;0;-2;954;3105;48.74;105.6;;;
37.768090;-3.633032;827;0;-2;954;3105;48.76;105.58;;;
37.767936;-3.633148;827;0;-2;954;3105;48.78;105.56;;;
37.767781;-3.633265;826;0;-2;954;3105;48.8;105.54;;;
37.767613;-3.633343;826;0;-2;954;3105;48.82;105.52;;;
37.767441;-3.633411;825;0;-2;954;3105;48.84;105.5;;;
37.767269;-3.633478;825;0;-2;954;3105;48.86;105.48;;;
37.767098;-3.633546;824;0;-2;954;3105;48.88;105.46;;;
37.766919;-3.633535;824;0;-2;954;3105;48.9;105.44;;;
37.766739;-3.633519;824;0;-2;954;3105;48.92;105.42;;;
37.766560;-3.633503;823;0;-2;954;3105;48.94;105.4;;;
37.766489;-3.633671;823;0;-2;954;3105;48.96;105.38;;;
37.766451;-3.633893;822;0;-2;954;3105;48.98;105.36;;;
37.766369;-3.634081;822;0;-2;954;3105;49;105.34;;;
37.766229;-3.634225;821;0;-2;954;3105;49.02;105.32;;;
37.766089;-3.634368;821;0;-2;954;3105;49.04;105.3;;;
37.765941;-3.634495;821;0;-2;954;3105;49.06;105.28;;;
37.765785;-3.634608;820;0;-2;954;3105;49.08;105.26;;;
37.765628;-3.634721;820;0;-2;954;3105;49.1;105.24;;;
37.765472;-3.634833;819;0;-2;954;3105;49.12;105.22;;;
37.765326;-3.634964;819;0;-1;954;3105;49.14;105.2;;;
37.765198;-3.635122;819;0;-1;954;3105;49.16;105.18;;;
37.765055;-3.635255;818;0;-1;954;3105;49.18;105.16;;;
37.764891;-3.635348;818;0;-1;954;3105;49.2;105.14;;;
37.764726;-3.635441;818;0;-1;954;3105;49.22;105.12;;;
37.764563;-3.635535;818;0;-1;954;3105;49.24;105.1;;;
37.764419;-3.635672;818;0;-1;954;3105;49.26;105.08;;;
37.764317;-3.635848;818;0;-1;954;3105;49.28;105.06;;;
37.764256;-3.636062;818;0;0;954;3105;49.3;105.04;;;
37.764193;-3.636275;817;0;0;954;3105;49.32;105.02;;;
37.764104;-3.636470;817;0;0;954;3105;49.34;105;;;
37.763995;-3.636652;817;0;0;954;3105;49.36;104.98;;;
37.763837;-3.636749;818;0;1;954;3105;49.38;104.96;;;
37.763669;-3.636830;818;0;1;954;3105;49.4;104.94;;;
37.763501;-3.636912;818;0;1;954;3105;49.42;104.92;;;
37.763333;-3.636993;818;0;1;955;3104;49.44;104.9;;;
37.763165;-3.637075;818;0;2;955;3104;49.46;104.88;;;
37.762997;-3.637157;819;0;2;955;3104;49.48;104.86;;;
37.762829;-3.637238;819;0;2;956;3103;49.5;104.84;;;
37.762661;-3.637320;820;0;2;956;3103;49.52;104.82;;;
37.762497;-3.637411;820;0;3;957;3102;49.54;104.8;;;
37.762343;-3.637528;821;0;3;957;3102;49.56;104.78;;;
37.762188;-3.637644;821;0;4;958;3101;49.58;104.76;;;
37.762028;-3.637746;822;0;4;959;3100;49.6;104.74;;;
37.761863;-3.637837;823;0;4;960;3099;49.62;104.72;;;
37.761692;-3.637889;824;0;5;961;3098;49.64;104.7;;;
37.761512;-3.637889;825;0;5;962;3097;49.66;104.68;;;
37.761360;-3.637958;826;0;5;963;3096;49.68;104.66;;;
37.761256;-3.638144;827;0;5;964;3095;49.7;104.64;;;
37.761152;-3.638329;828;0;5;965;3094;49.72;104.62;;;
37.761047;-3.638515;829;0;6;966;3093;49.74;104.6;;;
37.760943;-3.638700;830;0;6;967;3092;49.76;104.58;;;
37.760831;-3.638875;832;0;6;968;3091;49.78;104.56;;;
37.760687;-3.639012;833;0;6;969;3090;49.8;104.54;;;
37.760543;-3.639148;834;0;6;971;3088;49.82;104.52;;;
37.760399;-3.639284;836;0;6;972;3087;49.84;104.5;;;
37.760254;-3.639419;837;0;7;973;3086;49.86;104.48;;;
37.760110;-3.639555;838;0;7;975;3084;49.88;104.46;;;
37.759966;-3.639692;840;0;7;976;3083;49.9;104.44;;;
37.759822;-3.639828;841;0;8;977;3082;49.92;104.42;;;
37.759677;-3.639963;842;0;8;979;3080;49.94;104.4;;;
37.759534;-3.640101;844;0;9;981;3078;49.96;104.38;;;
37.759391;-3.640239;846;0;9;983;3076;49.98;104.36;;;
37.759278;-3.640411;848;0;9;985;3074;50;104.34;;;
37.759182;-3.640603;850;0;9;987;3072;50.02;104.32;;;
37.759085;-3.640795;852;0;9;989;3070;50.04;104.3;;;
37.758988;-3.640987;854;0;9;990;3069;50.06;104.28;;;
37.758892;-3.641179;856;0;9;993;3066;50.08;104.26;;;
37.758795;-3.641371;858;0;9;995;3064;50.1;104.24;;;
37.758698;-3.641562;860;0;9;997;3062;50.12;104.22;;;
37.758588;-3.641741;862;0;9;999;3060;50.14;104.2;;;
37.758469;-3.641912;864;0;9;1001;3058;50.16;104.18;;;
37.758349;-3.642082;866;0;9;1003;3056;50.18;104.16;;;
37.758230;-3.642253;868;0;9;1004;3055;50.2;104.14;;;
37.758100;-3.642406;870;0;9;1006;3053;50.22;104.12;;;
37.757946;-3.642523;872;0;9;1008;3051;50.24;104.1;;;
37.757791;-3.642640;873;0;9;1010;3049;50.26;104.08;;;
37.757637;-3.642756;875;0;9;1011;3048;50.28;104.06;;;
37.757482;-3.642873;877;0;9;1013;3046;50.3;104.04;;;
37.757328;-3.642990;878;0;9;1015;3044;50.32;104.02;;;
37.757173;-3.643106;880;0;9;1017;3042;50.34;104;;;
37.757010;-3.643201;882;0;9;1019;3040;50.36;103.98;;;
37.756846;-3.643295;884;0;9;1020;3039;50.38;103.96;;;
37.756682;-3.643389;886;0;9;1022;3037;50.4;103.94;;;
37.756519;-3.643483;888;0;9;1024;3035;50.42;103.92;;;
37.756352;-3.643568;889;0;9;1026;3033;50.44;103.9;;;
37.756182;-3.643644;891;0;9;1028;3031;50.46;103.88;;;
37.756013;-3.643720;893;0;9;1030;3029;50.48;103.86;;;
37.755843;-3.643795;895;0;9;1032;3027;50.5;103.84;;;
37.755674;-3.643873;897;0;9;1034;3025;50.52;103.82;;;
37.755510;-3.643967;899;0;9;1036;3023;50.54;103.8;;;
37.755346;-3.644060;901;0;9;1038;3021;50.56;103.78;;;
37.755182;-3.644152;903;0;9;1040;3019;50.58;103.76;;;
37.755012;-3.644175;905;0;9;1042;3017;50.6;103.74;;;
37.754836;-3.644128;907;0;9;1044;3015;50.62;103.72;;;
37.754660;-3.644080;909;0;9;1046;3013;50.64;103.7;;;
37.754484;-3.644032;911;0;9;1048;3011;50.66;103.68;;;
37.754308;-3.643984;913;0;9;1050;3009;50.68;103.66;;;
37.754133;-3.643936;915;0;9;1052;3007;50.7;103.64;;;
37.753957;-3.643888;917;0;9;1053;3006;50.72;103.62;;;
37.753779;-3.643859;919;0;8;1055;3004;50.74;103.6;;;
37.753610;-3.643916;921;0;8;1057;3002;50.76;103.58;;;
37.753450;-3.644018;922;0;7;1059;3000;50.78;103.56;;;
37.753289;-3.644120;923;0;7;1060;2999;50.8;103.54;;;
37.753159;-3.644274;925;0;6;1061;2998;50.82;103.52;;;
37.753036;-3.644440;926;0;6;1062;2997;50.84;103.5;;;
37.752913;-3.644606;927;0;5;1063;2996;50.86;103.48;;;
37.752790;-3.644772;928;0;5;1064;2995;50.88;103.46;;;
37.752667;-3.644938;929;0;4;1065;2994;50.9;103.44;;;
37.752525;-3.645072;930;0;4;1066;2993;50.92;103.42;;;
37.752359;-3.645123;930;0;3;1067;2992;50.94;103.4;;;
37.752184;-3.645066;931;0;3;1068;2991;50.96;103.38;;;
37.752010;-3.645010;931;0;2;1068;2991;50.98;103.36;;;
37.751836;-3.644953;932;0;2;1068;2991;51;103.34;;;
37.751662;-3.644897;932;0;2;1069;2990;51.02;103.32;;;
37.751488;-3.644839;932;0;1;1069;2990;51.04;103.3;;;
37.751315;-3.644777;933;0;1;1069;2990;51.06;103.28;;;
37.751142;-3.644715;933;0;1;1069;2990;51.08;103.26;;;
37.750969;-3.644653;933;0;0;1069;2990;51.1;103.24;;;
37.750795;-3.644591;933;0;0;1070;2989;51.12;103.22;;;
37.750642;-3.644481;933;0;-1;1070;2989;51.14;103.2;;;
37.750521;-3.644312;933;0;-1;1070;2989;51.16;103.18;;;
37.750400;-3.644144;933;0;-2;1070;2989;51.18;103.16;;;
37.750253;-3.644013;932;0;-2;1070;2989;51.2;103.14;;;
37.750104;-3.643887;931;0;-2;1070;2989;51.22;103.12;;;
37.749955;-3.643760;931;0;-3;1070;2989;51.24;103.1;;;
37.749797;-3.643653;930;0;-3;1070;2989;51.26;103.08;;;
37.749627;-3.643582;930;0;-3;1070;2989;51.28;103.06;;;
37.749456;-3.643511;929;0;-3;1070;2989;51.3;103.04;;;
37.749294;-3.643417;928;0;-4;1070;2989;51.32;103.02;;;
37.749149;-3.643283;928;0;-4;1070;2989;51.34;103;;;
37.749004;-3.643149;927;0;-4;1070;2989;51.36;102.98;;;
37.748858;-3.643015;926;0;-5;1070;2989;51.38;102.96;;;
37.748713;-3.642880;925;0;-5;1070;2989;51.4;102.94;;;
37.748547;-3.642798;924;0;-5;1070;2989;51.42;102.92;;;
37.748381;-3.642845;923;0;-6;1070;2989;51.44;102.9;;;
37.748216;-3.642936;922;0;-6;1070;2989;51.46;102.88;;;
37.748051;-3.643026;921;0;-6;1070;2989;51.48;102.86;;;
37.747876;-3.643071;919;0;-7;1070;2989;51.5;102.84;;;
37.747722;-3.642992;918;0;-7;1070;2989;51.52;102.82;;;
37.747607;-3.642823;916;0;-8;1070;2989;51.54;102.8;;;
37.747528;-3.642619;915;0;-8;1070;2989;51.56;102.78;;;
37.747449;-3.642415;913;0;-8;1070;2989;51.58;102.76;;;
37.747369;-3.642211;912;0;-9;1070;2989;51.6;102.74;;;
37.747290;-3.642009;909;0;-9;1070;2989;51.62;102.72;;;
37.747315;-3.641783;908;0;-9;1070;2989;51.64;102.7;;;
37.747337;-3.641558;906;0;-9;1070;2989;51.66;102.68;;;
37.747412;-3.641352;904;0;-9;1070;2989;51.68;102.66;;;
37.747491;-3.641147;902;0;-9;1070;2989;51.7;102.64;;;
37.747569;-3.640943;901;0;-9;1070;2989;51.72;102.62;;;
37.747648;-3.640738;899;0;-9;1070;2989;51.74;102.6;;;
37.747728;-3.640534;897;0;-9;1070;2989;51.76;102.58;;;
37.747807;-3.640330;895;0;-9;1070;2989;51.78;102.56;;;
37.747885;-3.640125;893;0;-9;1070;2989;51.8;102.54;;;
37.748040;-3.640030;891;0;-9;1070;2989;51.82;102.52;;;
37.748210;-3.639957;889;0;-8;1070;2989;51.84;102.5;;;
37.748326;-3.639816;888;0;-9;1070;2989;51.86;102.48;;;
37.748382;-3.639600;886;0;-9;1070;2989;51.88;102.46;;;
37.748437;-3.639383;885;0;-9;1070;2989;51.9;102.44;;;
37.748481;-3.639171;883;0;-9;1070;2989;51.92;102.42;;;
37.748345;-3.639023;881;0;-9;1070;2989;51.94;102.4;;;
37.748210;-3.638872;879;0;-9;1070;2989;51.96;102.38;;;
37.748093;-3.638699;877;0;-9;1070;2989;51.98;102.36;;;
37.747976;-3.638527;875;0;-9;1070;2989;52;102.34;;;
37.747836;-3.638397;874;0;-9;1070;2989;52.02;102.32;;;
37.747665;-3.638323;872;0;-9;1070;2989;52.04;102.3;;;
37.747495;-3.638249;871;0;-9;1070;2989;52.06;102.28;;;
37.747324;-3.638187;869;0;-9;1070;2989;52.08;102.26;;;
37.747144;-3.638177;867;0;-9;1070;2989;52.1;102.24;;;
37.746965;-3.638181;865;0;-10;1070;2989;52.12;102.22;;;
37.746793;-3.638243;863;0;-10;1070;2989;52.14;102.2;;;
37.746619;-3.638305;861;0;-10;1070;2989;52.16;102.18;;;
37.746446;-3.638366;859;0;-9;1070;2989;52.18;102.16;;;
37.746273;-3.638428;857;0;-9;1070;2989;52.2;102.14;;;
37.746100;-3.638490;855;0;-9;1070;2989;52.22;102.12;;;
37.745927;-3.638551;853;0;-9;1070;2989;52.24;102.1;;;
37.745754;-3.638613;852;0;-9;1070;2989;52.26;102.08;;;
37.745580;-3.638674;850;0;-8;1070;2989;52.28;102.06;;;
37.745407;-3.638736;848;0;-8;1070;2989;52.3;102.04;;;
37.745234;-3.638798;847;0;-8;1070;2989;52.32;102.02;;;
37.745062;-3.638862;845;0;-7;1070;2989;52.34;102;;;
37.744894;-3.638946;844;0;-7;1070;2989;52.36;101.98;;;
37.744727;-3.639028;842;0;-7;1070;2989;52.38;101.96;;;
37.744559;-3.639111;841;0;-6;1070;2989;52.4;101.94;;;
37.744392;-3.639194;840;0;-6;1070;2989;52.42;101.92;;;
37.744229;-3.639287;839;0;-6;1070;2989;52.44;101.9;;;
37.744084;-3.639423;837;0;-6;1070;2989;52.46;101.88;;;
37.743940;-3.639557;836;0;-6;1070;2989;52.48;101.86;;;
37.743795;-3.639692;835;0;-6;1070;2989;52.5;101.84;;;
37.743650;-3.639827;834;0;-7;1070;2989;52.52;101.82;;;
37.743505;-3.639962;833;0;-7;1070;2989;52.54;101.8;;;
37.743358;-3.640091;831;0;-7;1070;2989;52.56;101.78;;;
37.743184;-3.640104;830;0;-7;1070;2989;52.58;101.76;;;
37.743045;-3.639960;828;0;-7;1070;2989;52.6;101.74;;;
37.742905;-3.639817;827;0;-7;1070;2989;52.62;101.72;;;
37.742762;-3.639679;825;0;-6;1070;2989;52.64;101.7;;;
37.742616;-3.639546;824;0;-6;1070;2989;52.66;101.68;;;
37.742471;-3.639412;823;0;-6;1070;2989;52.68;101.66;;;
37.742315;-3.639318;822;0;-6;1070;2989;52.7;101.64;;;
37.742135;-3.639314;821;0;-5;1070;2989;52.72;101.62;;;
37.741955;-3.639309;820;0;-5;1070;2989;52.74;101.6;;;
37.741775;-3.639305;819;0;-5;1070;2989;52.76;101.58;;;
37.741596;-3.639300;818;0;-5;1070;2989;52.78;101.56;;;
37.741432;-3.639382;817;0;-6;1070;2989;52.8;101.54;;;
37.741272;-3.639487;816;0;-6;1070;2989;52.82;101.52;;;
37.741112;-3.639591;815;0;-8;1070;2989;52.84;101.5;;;
37.740956;-3.639704;813;0;-8;1070;2989;52.86;101.48;;;
37.740800;-3.639817;812;0;-8;1070;2989;52.88;101.46;;;
37.740643;-3.639863;809;0;-8;1070;2989;52.9;101.44;10;;
37.740649;-3.639642;806;0;-8;1070;2989;52.92;101.42;;;
37.740725;-3.639437;805;0;-8;1070;2989;52.94;101.4;;;
37.740812;-3.639238;804;0;-8;1070;2989;52.96;101.38;;;
37.740898;-3.639039;803;0;-8;1070;2989;52.98;101.36;;;
37.740982;-3.638838;802;0;-8;1070;2989;53;101.34;;;
37.741064;-3.638635;801;0;-8;1070;2989;53.02;101.32;;;
37.741132;-3.638428;799;0;-8;1070;2989;53.04;101.3;;;
37.741026;-3.638275;795;0;-8;1070;2989;53.06;101.28;;;
37.740849;-3.638246;794;0;-8;1070;2989;53.08;101.26;;;
37.740669;-3.638241;792;0;-8;1070;2989;53.1;101.24;;;
37.740489;-3.638253;791;0;-7;1070;2989;53.12;101.22;;;
37.740310;-3.638265;790;0;-5;1070;2989;53.14;101.2;;;
37.740130;-3.638277;789;0;-5;1070;2989;53.16;101.18;;;
37.739951;-3.638288;788;0;-5;1070;2989;53.18;101.16;;;
37.739771;-3.638300;787;0;-5;1070;2989;53.2;101.14;;;
37.739591;-3.638312;786;0;-5;1070;2989;53.22;101.12;;;
37.739412;-3.638324;785;0;-5;1070;2989;53.24;101.1;;;
37.739232;-3.638336;784;0;-6;1070;2989;53.26;101.08;;;
37.739053;-3.638348;783;0;-6;1070;2989;53.28;101.06;;;
37.738873;-3.638361;782;0;-6;1070;2989;53.3;101.04;;;
37.738697;-3.638410;781;0;-7;1070;2989;53.32;101.02;;;
37.738522;-3.638460;779;0;-7;1070;2989;53.34;101;;;
37.738346;-3.638509;778;0;-7;1070;2989;53.36;100.98;;;
37.738171;-3.638558;776;0;-7;1070;2989;53.38;100.96;;;
37.737995;-3.638608;775;0;-7;1070;2989;53.4;100.94;;;
37.737820;-3.638657;773;0;-7;1070;2989;53.42;100.92;;;
37.737644;-3.638706;772;0;-7;1070;2989;53.44;100.9;;;
37.737468;-3.638756;771;0;-7;1070;2989;53.46;100.88;;;
37.737293;-3.638804;769;0;-7;1070;2989;53.48;100.86;;;
37.737117;-3.638853;767;0;-7;1070;2989;53.5;100.84;;;
37.736942;-3.638903;766;0;-7;1070;2989;53.52;100.82;;;
37.736766;-3.638955;765;0;-6;1070;2989;53.54;100.8;;;
37.736591;-3.639007;764;0;-6;1070;2989;53.56;100.78;;;
37.736416;-3.639059;762;0;-6;1070;2989;53.58;100.76;;;
37.736241;-3.639111;761;0;-6;1070;2989;53.6;100.74;;;
37.736066;-3.639163;760;0;-6;1070;2989;53.62;100.72;;;
37.735891;-3.639215;759;0;-6;1070;2989;53.64;100.7;;;
37.735716;-3.639267;758;0;-6;1070;2989;53.66;100.68;;;
37.735541;-3.639318;757;0;-6;1070;2989;53.68;100.66;;;
37.735366;-3.639372;755;0;-6;1070;2989;53.7;100.64;;;
37.735218;-3.639501;754;0;-6;1070;2989;53.72;100.62;;;
37.735071;-3.639631;753;0;-6;1070;2989;53.74;100.6;;;
37.734923;-3.639760;752;0;-6;1070;2989;53.76;100.58;;;
37.734775;-3.639890;751;0;-6;1070;2989;53.78;100.56;;;
37.734635;-3.640029;750;0;-6;1070;2989;53.8;100.54;;;
37.734541;-3.640223;749;0;-6;1070;2989;53.82;100.52;;;
37.734447;-3.640417;748;0;-6;1070;2989;53.84;100.5;;;
37.734354;-3.640611;747;0;-6;1070;2989;53.86;100.48;;;
37.734259;-3.640805;745;0;-5;1070;2989;53.88;100.46;;;
37.734175;-3.641004;744;0;-5;1070;2989;53.9;100.44;;;
37.734121;-3.641221;743;0;-5;1070;2989;53.92;100.42;;;
37.734066;-3.641438;742;0;-5;1070;2989;53.94;100.4;;;
37.734011;-3.641654;741;0;-5;1070;2989;53.96;100.38;;;
37.733956;-3.641871;740;0;-5;1070;2989;53.98;100.36;;;
37.733901;-3.642087;739;0;-5;1070;2989;54;100.34;;;
37.733846;-3.642304;738;0;-5;1070;2989;54.02;100.32;;;
37.733791;-3.642520;737;0;-5;1070;2989;54.04;100.3;;;
37.733736;-3.642737;736;0;-5;1070;2989;54.06;100.28;;;
37.733681;-3.642953;735;0;-5;1070;2989;54.08;100.26;;;
37.733625;-3.643169;734;0;-5;1070;2989;54.1;100.24;;;
37.733566;-3.643384;733;0;-5;1070;2989;54.12;100.22;;;
37.733507;-3.643599;732;0;-5;1070;2989;54.14;100.2;;;
37.733448;-3.643814;731;0;-5;1070;2989;54.16;100.18;;;
37.733388;-3.644028;730;0;-5;1070;2989;54.18;100.16;;;
37.733329;-3.644243;729;0;-5;1070;2989;54.2;100.14;;;
37.733270;-3.644458;728;0;-5;1070;2989;54.22;100.12;;;
37.733211;-3.644673;728;0;-5;1070;2989;54.24;100.1;;;
37.733152;-3.644888;727;0;-5;1070;2989;54.26;100.08;;;
37.733092;-3.645102;726;0;-5;1070;2989;54.28;100.06;;;
37.733033;-3.645317;725;0;-5;1070;2989;54.3;100.04;;;
37.732974;-3.645532;724;0;-5;1070;2989;54.32;100.02;;;
37.732915;-3.645746;723;0;-5;1070;2989;54.34;100;;;
37.732856;-3.645961;722;0;-5;1070;2989;54.36;99.98;;;
37.732797;-3.646176;721;0;-5;1070;2989;54.38;99.96;;;
37.732737;-3.646391;720;0;-4;1070;2989;54.4;99.94;;;
37.732677;-3.646605;719;0;-4;1070;2989;54.42;99.92;;;
37.732618;-3.646820;718;0;-4;1070;2989;54.44;99.9;;;
37.732559;-3.647035;718;0;-4;1070;2989;54.46;99.88;;;
37.732500;-3.647249;717;0;-4;1070;2989;54.48;99.86;;;
37.732441;-3.647464;716;0;-4;1070;2989;54.5;99.84;;;
37.732382;-3.647679;715;0;-4;1070;2989;54.52;99.82;;;
37.732322;-3.647894;714;0;-4;1070;2989;54.54;99.8;;;
37.732263;-3.648108;713;0;-4;1070;2989;54.56;99.78;;;
37.732204;-3.648323;713;0;-4;1070;2989;54.58;99.76;;;
37.732144;-3.648538;712;0;-4;1070;2989;54.6;99.74;;;
37.732085;-3.648753;711;0;-4;1070;2989;54.62;99.72;;;
37.732026;-3.648967;710;0;-4;1070;2989;54.64;99.7;;;
37.731967;-3.649182;709;0;-4;1070;2989;54.66;99.68;;;
37.731908;-3.649397;708;0;-4;1070;2989;54.68;99.66;;;
37.731848;-3.649611;707;0;-4;1070;2989;54.7;99.64;;;
37.731788;-3.649826;706;0;-4;1070;2989;54.72;99.62;;;
37.731729;-3.650041;705;0;-4;1070;2989;54.74;99.6;;;
37.731670;-3.650256;705;0;-5;1070;2989;54.76;99.58;;;
37.731611;-3.650470;704;0;-5;1070;2989;54.78;99.56;;;
37.731552;-3.650685;703;0;-5;1070;2989;54.8;99.54;;;
37.731493;-3.650900;702;0;-5;1070;2989;54.82;99.52;;;
37.731433;-3.651115;701;0;-5;1070;2989;54.84;99.5;;;
37.731374;-3.651329;700;0;-5;1070;2989;54.86;99.48;;;
37.731315;-3.651544;699;0;-5;1070;2989;54.88;99.46;;;
37.731255;-3.651759;698;0;-6;1070;2989;54.9;99.44;;;
37.731196;-3.651973;697;0;-6;1070;2989;54.92;99.42;;;
37.731137;-3.652188;696;0;-7;1070;2989;54.94;99.4;;;
37.731075;-3.652401;695;0;-7;1070;2989;54.96;99.38;;;
37.731003;-3.652610;693;0;-7;1070;2989;54.98;99.36;;;
37.730926;-3.652815;691;0;-7;1070;2989;55;99.34;;;
37.730833;-3.653010;689;0;-7;1070;2989;55.02;99.32;;;
37.730726;-3.653192;688;0;-7;1070;2989;55.04;99.3;;;
37.730618;-3.653374;687;0;-7;1070;2989;55.06;99.28;;;
37.730502;-3.653547;686;0;-6;1070;2989;55.08;99.26;;;
37.730373;-3.653705;685;0;-6;1070;2989;55.1;99.24;;;
37.730234;-3.653849;683;0;-7;1070;2989;55.12;99.22;;;
37.730090;-3.653985;682;0;-7;1070;2989;55.14;99.2;;;
37.729943;-3.654116;681;0;-7;1070;2989;55.16;99.18;;;
37.729795;-3.654246;679;0;-7;1070;2989;55.18;99.16;;;
37.729643;-3.654363;678;0;-7;1070;2989;55.2;99.14;;;
37.729470;-3.654429;676;0;-7;1070;2989;55.22;99.12;;;
37.729298;-3.654495;675;0;-7;1070;2989;55.24;99.1;;;
37.729126;-3.654560;674;0;-7;1070;2989;55.26;99.08;;;
37.728954;-3.654626;673;0;-7;1070;2989;55.28;99.06;;;
37.728782;-3.654692;671;0;-7;1070;2989;55.3;99.04;;;
37.728610;-3.654758;670;0;-7;1070;2989;55.32;99.02;;;
37.728437;-3.654823;668;0;-7;1070;2989;55.34;99;;;
37.728265;-3.654889;667;0;-7;1070;2989;55.36;98.98;;;
37.728093;-3.654955;666;0;-7;1070;2989;55.38;98.96;;;
37.727921;-3.655020;664;0;-7;1070;2989;55.4;98.94;;;
37.727748;-3.655085;663;0;-7;1070;2989;55.42;98.92;;;
37.727576;-3.655151;661;0;-7;1070;2989;55.44;98.9;;;
37.727404;-3.655217;660;0;-7;1070;2989;55.46;98.88;;;
37.727232;-3.655282;659;0;-7;1070;2989;55.48;98.86;;;
37.727064;-3.655361;657;0;-7;1070;2989;55.5;98.84;;;
37.726908;-3.655474;656;0;-7;1070;2989;55.52;98.82;;;
37.726752;-3.655587;654;0;-7;1070;2989;55.54;98.8;;;
37.726595;-3.655699;653;0;-7;1070;2989;55.56;98.78;;;
37.726439;-3.655812;651;0;-7;1070;2989;55.58;98.76;;;
37.726283;-3.655924;650;0;-7;1070;2989;55.6;98.74;;;
37.726127;-3.656037;648;0;-7;1070;2989;55.62;98.72;;;
37.725970;-3.656150;647;0;-7;1070;2989;55.64;98.7;;;
37.725814;-3.656262;645;0;-7;1070;2989;55.66;98.68;;;
37.725657;-3.656374;644;0;-7;1070;2989;55.68;98.66;;;
37.725503;-3.656490;642;0;-7;1070;2989;55.7;98.64;;;
37.725354;-3.656619;641;0;-7;1070;2989;55.72;98.62;;;
37.725206;-3.656747;639;0;-7;1070;2989;55.74;98.6;;;
37.725057;-3.656875;638;0;-8;1070;2989;55.76;98.58;;;
37.724909;-3.657003;636;0;-8;1070;2989;55.78;98.56;;;
37.724771;-3.657147;635;0;-8;1070;2989;55.8;98.54;;;
37.724656;-3.657322;633;0;-8;1070;2989;55.82;98.52;;;
37.724603;-3.657534;632;0;-8;1070;2989;55.84;98.5;;;
37.724574;-3.657757;630;0;-9;1070;2989;55.86;98.48;;;
37.724580;-3.657985;628;0;-9;1070;2989;55.88;98.46;;;
37.724587;-3.658212;626;0;-9;1070;2989;55.9;98.44;;;
37.724588;-3.658439;624;0;-10;1070;2989;55.92;98.42;;;
37.724588;-3.658667;622;0;-10;1070;2989;55.94;98.4;;;
37.724573;-3.658892;620;0;-9;1070;2989;55.96;98.38;;;
37.724528;-3.659112;618;0;-9;1070;2989;55.98;98.36;;;
37.724474;-3.659328;616;0;-8;1070;2989;56;98.34;;;
37.724403;-3.659537;615;0;-8;1070;2989;56.02;98.32;;;
37.724333;-3.659746;614;0;-7;1070;2989;56.04;98.3;;;
37.724262;-3.659955;612;0;-7;1070;2989;56.06;98.28;;;
37.724191;-3.660164;611;0;-6;1070;2989;56.08;98.26;;;
37.724124;-3.660375;610;0;-6;1070;2989;56.1;98.24;;;
37.724062;-3.660589;608;0;-6;1070;2989;56.12;98.22;;;
37.723999;-3.660802;607;0;-6;1070;2989;56.14;98.2;;;
37.723937;-3.661015;606;0;-6;1070;2989;56.16;98.18;;;
37.723874;-3.661228;605;0;-6;1070;2989;56.18;98.16;;;
37.723796;-3.661431;604;0;-6;1070;2989;56.2;98.14;;;
37.723697;-3.661621;602;0;-6;1070;2989;56.22;98.12;;;
37.723597;-3.661810;601;0;-6;1070;2989;56.24;98.1;;;
37.723497;-3.662000;600;0;-6;1070;2989;56.26;98.08;;;
37.723398;-3.662189;599;0;-5;1070;2989;56.28;98.06;;;
37.723298;-3.662378;598;0;-5;1070;2989;56.3;98.04;;;
37.723198;-3.662568;597;0;-5;1070;2989;56.32;98.02;;;
37.723099;-3.662757;596;0;-5;1070;2989;56.34;98;;;
37.722999;-3.662946;595;0;-5;1070;2989;56.36;97.98;;;
37.722899;-3.663135;594;0;-5;1070;2989;56.38;97.96;;;
37.722811;-3.663332;593;0;-5;1070;2989;56.4;97.94;;;
37.722740;-3.663541;592;0;-5;1070;2989;56.42;97.92;;;
37.722668;-3.663750;591;0;-5;1070;2989;56.44;97.9;;;
37.722596;-3.663958;590;0;-5;1070;2989;56.46;97.88;;;
37.722524;-3.664167;589;0;-5;1070;2989;56.48;97.86;;;
37.722471;-3.664382;588;0;-6;1070;2989;56.5;97.84;;;
37.722435;-3.664605;586;0;-6;1070;2989;56.52;97.82;;;
37.722399;-3.664828;585;0;-6;1070;2989;56.54;97.8;;;
37.722373;-3.665053;584;0;-6;1070;2989;56.56;97.78;;;
37.722346;-3.665278;583;0;-5;1070;2989;56.58;97.76;;;
37.722338;-3.665504;581;0;-5;1070;2989;56.6;97.74;;;
37.722342;-3.665731;581;0;-5;1070;2989;56.62;97.72;;;
37.722347;-3.665959;580;0;-5;1070;2989;56.64;97.7;;;
37.722352;-3.666186;579;0;-5;1070;2989;56.66;97.68;;;
37.722357;-3.666413;578;0;-5;1070;2989;56.68;97.66;;;
37.722375;-3.666639;577;0;-5;1070;2989;56.7;97.64;;;
37.722405;-3.666863;576;0;-5;1070;2989;56.72;97.62;;;
37.722436;-3.667087;575;0;-5;1070;2989;56.74;97.6;;;
37.722473;-3.667310;574;0;-5;1070;2989;56.76;97.58;;;
37.722525;-3.667527;573;0;-4;1070;2989;56.78;97.56;;;
37.722577;-3.667745;572;0;-4;1070;2989;56.8;97.54;;;
37.722628;-3.667963;571;0;-4;1070;2989;56.82;97.52;;;
37.722668;-3.668184;571;0;-4;1070;2989;56.84;97.5;;;
37.722706;-3.668407;570;0;-5;1070;2989;56.86;97.48;;;
37.722744;-3.668629;569;0;-5;1070;2989;56.88;97.46;;;
37.722773;-3.668853;568;0;-5;1070;2989;56.9;97.44;;;
37.722793;-3.669079;567;0;-5;1070;2989;56.92;97.42;;;
37.722813;-3.669305;566;0;-5;1070;2989;56.94;97.4;;;
37.722832;-3.669531;565;0;-6;1070;2989;56.96;97.38;;;
37.722851;-3.669757;564;0;-6;1070;2989;56.98;97.36;;;
37.722886;-3.669980;563;0;-6;1070;2989;57;97.34;;;
37.722931;-3.670200;561;0;-6;1070;2989;57.02;97.32;;;
37.722976;-3.670420;560;0;-7;1070;2989;57.04;97.3;;;
37.723021;-3.670640;559;0;-7;1070;2989;57.06;97.28;;;
37.723066;-3.670860;557;0;-7;1070;2989;57.08;97.26;;;
37.723111;-3.671081;556;0;-7;1070;2989;57.1;97.24;;;
37.723156;-3.671301;555;0;-7;1070;2989;57.12;97.22;;;
37.723201;-3.671521;553;0;-7;1070;2989;57.14;97.2;;;
37.723246;-3.671741;552;0;-7;1070;2989;57.16;97.18;;;
37.723291;-3.671961;550;0;-7;1070;2989;57.18;97.16;;;
37.723335;-3.672182;549;0;-6;1070;2989;57.2;97.14;;;
37.723383;-3.672401;548;0;-6;1070;2989;57.22;97.12;;;
37.723430;-3.672620;546;0;-6;1070;2989;57.24;97.1;;;
37.723478;-3.672840;545;0;-6;1070;2989;57.26;97.08;;;
37.723525;-3.673059;544;0;-6;1070;2989;57.28;97.06;;;
37.723573;-3.673278;543;0;-7;1070;2989;57.3;97.04;;;
37.723620;-3.673498;542;0;-7;1070;2989;57.32;97.02;;;
37.723656;-3.673720;540;0;-7;1070;2989;57.34;97;;;
37.723687;-3.673944;539;0;-7;1070;2989;57.36;96.98;;;
37.723695;-3.674171;537;0;-7;1070;2989;57.38;96.96;;;
37.723700;-3.674399;536;0;-8;1070;2989;57.4;96.94;;;
37.723706;-3.674626;534;0;-7;1070;2989;57.42;96.92;;;
37.723707;-3.674853;533;0;-7;1070;2989;57.44;96.9;;;
37.723704;-3.675081;531;0;-7;1070;2989;57.46;96.88;;;
37.723700;-3.675308;530;0;-7;1070;2989;57.48;96.86;;;
37.723677;-3.675533;528;0;-7;1070;2989;57.5;96.84;;;
37.723613;-3.675744;527;0;-7;1070;2989;57.52;96.82;;;
37.723537;-3.675950;526;0;-7;1070;2989;57.54;96.8;;;
37.723470;-3.676160;524;0;-7;1070;2989;57.56;96.78;;;
37.723432;-3.676382;523;0;-6;1070;2989;57.58;96.76;;;
37.723435;-3.676609;522;0;-6;1070;2989;57.6;96.74;;;
37.723454;-3.676834;521;0;-6;1070;2989;57.62;96.72;;;
37.723495;-3.677056;520;0;-6;1070;2989;57.64;96.7;;;
37.723589;-3.677248;518;0;-6;1070;2989;57.66;96.68;;;
37.723697;-3.677427;517;0;-6;1070;2989;57.68;96.66;;;
37.723838;-3.677568;516;0;-6;1070;2989;57.7;96.64;;;
37.723998;-3.677668;515;0;-6;1070;2989;57.72;96.62;;;
37.724167;-3.677745;513;0;-6;1070;2989;57.74;96.6;;;
37.724343;-3.677790;512;0;-6;1070;2989;57.76;96.58;;;
37.724520;-3.677829;511;0;-6;1070;2989;57.78;96.56;;;
37.724697;-3.677868;510;0;-5;1070;2989;57.8;96.54;;;
37.724876;-3.677895;509;0;-5;1070;2989;57.82;96.52;;;
37.725055;-3.677916;508;0;-6;1070;2989;57.84;96.5;;;
37.725234;-3.677937;507;0;-6;1070;2989;57.86;96.48;;;
37.725411;-3.677978;506;0;-6;1070;2989;57.88;96.46;;;
37.725582;-3.678047;504;0;-6;1070;2989;57.9;96.44;11;;
37.725750;-3.678124;503;0;-6;1070;2989;57.92;96.42;;;
37.725906;-3.678239;502;0;-6;1070;2989;57.94;96.4;;;
37.726033;-3.678398;501;0;-6;1070;2989;57.96;96.38;;;
37.726122;-3.678592;499;0;-5;1070;2989;57.98;96.36;;;
37.726226;-3.678778;498;0;-5;1070;2989;58;96.34;;;
37.726331;-3.678963;498;0;-5;1070;2989;58.02;96.32;;;
37.726434;-3.679149;497;0;-4;1070;2989;58.04;96.3;;;
37.726539;-3.679334;496;0;-4;1070;2989;58.06;96.28;;;
37.726643;-3.679519;495;0;-4;1070;2989;58.08;96.26;;;
37.726747;-3.679705;495;0;-3;1070;2989;58.1;96.24;;;
37.726874;-3.679865;494;0;-3;1070;2989;58.12;96.22;;;
37.727002;-3.680025;493;0;-3;1070;2989;58.14;96.2;;;
37.727130;-3.680185;493;0;-3;1070;2989;58.16;96.18;;;
37.727266;-3.680333;492;0;-3;1070;2989;58.18;96.16;;;
37.727410;-3.680470;491;0;-3;1070;2989;58.2;96.14;;;
37.727564;-3.680587;491;0;-3;1070;2989;58.22;96.12;;;
37.727718;-3.680704;490;0;-3;1070;2989;58.24;96.1;;;
37.727872;-3.680822;489;0;-3;1070;2989;58.26;96.08;;;
37.728026;-3.680939;489;0;-3;1070;2989;58.28;96.06;;;
37.728175;-3.681066;488;0;-3;1070;2989;58.3;96.04;;;
37.728329;-3.681183;487;0;-3;1070;2989;58.32;96.02;;;
37.728488;-3.681290;487;0;-3;1070;2989;58.34;96;;;
37.728647;-3.681396;486;0;-3;1070;2989;58.36;95.98;;;
37.728806;-3.681502;486;0;-3;1070;2989;58.38;95.96;;;
37.728965;-3.681608;485;0;-3;1070;2989;58.4;95.94;;;
37.729125;-3.681714;485;0;-3;1070;2989;58.42;95.92;;;
37.729284;-3.681820;484;0;-3;1070;2989;58.44;95.9;;;
37.729443;-3.681926;484;0;-3;1070;2989;58.46;95.88;;;
37.729602;-3.682033;483;0;-3;1070;2989;58.48;95.86;;;
37.729761;-3.682139;483;0;-3;1070;2989;58.5;95.84;;;
37.729920;-3.682245;482;0;-3;1070;2989;58.52;95.82;;;
37.730079;-3.682352;481;0;-2;1070;2989;58.54;95.8;;;
37.730238;-3.682458;481;0;-2;1070;2989;58.56;95.78;;;
37.730396;-3.682565;480;0;-2;1070;2989;58.58;95.76;;;
37.730554;-3.682675;480;0;-2;1070;2989;58.6;95.74;;;
37.730712;-3.682783;480;0;-2;1070;2989;58.62;95.72;;;
37.730870;-3.682892;479;0;-2;1070;2989;58.64;95.7;;;
37.731028;-3.683002;479;0;-2;1070;2989;58.66;95.68;;;
37.731185;-3.683111;479;0;-2;1070;2989;58.68;95.66;;;
37.731343;-3.683220;478;0;-2;1070;2989;58.7;95.64;;;
37.731501;-3.683329;478;0;-2;1070;2989;58.72;95.62;;;
37.731659;-3.683438;477;0;-2;1070;2989;58.74;95.6;;;
37.731817;-3.683547;477;0;-2;1070;2989;58.76;95.58;;;
37.731982;-3.683637;476;0;-2;1070;2989;58.78;95.56;;;
37.732148;-3.683723;476;0;-2;1070;2989;58.8;95.54;;;
37.732321;-3.683786;475;0;-2;1070;2989;58.82;95.52;;;
37.732494;-3.683847;475;0;-2;1070;2989;58.84;95.5;;;
37.732673;-3.683859;474;0;-2;1070;2989;58.86;95.48;;;
37.732853;-3.683856;474;0;-2;1070;2989;58.88;95.46;;;
37.733031;-3.683832;474;0;-2;1070;2989;58.9;95.44;;;
37.733210;-3.683808;474;0;-1;1070;2989;58.92;95.42;;;
37.733389;-3.683784;473;0;-2;1070;2989;58.94;95.4;;;
37.733568;-3.683760;473;0;-2;1070;2989;58.96;95.38;;;
37.733747;-3.683736;473;0;-2;1070;2989;58.98;95.36;;;
37.733926;-3.683712;472;0;-2;1070;2989;59;95.34;;;
37.734105;-3.683688;472;0;-1;1070;2989;59.02;95.32;;;
37.734283;-3.683664;472;0;-1;1070;2989;59.04;95.3;;;
37.734461;-3.683628;471;0;-1;1070;2989;59.06;95.28;;;
37.734638;-3.683588;471;0;-1;1070;2989;59.08;95.26;;;
37.734816;-3.683561;471;0;-1;1070;2989;59.1;95.24;;;
37.734995;-3.683573;471;0;-1;1070;2989;59.12;95.22;;;
37.735175;-3.683585;471;0;-1;1070;2989;59.14;95.2;;;
37.735335;-3.683652;471;0;0;1070;2989;59.16;95.18;;;
37.735514;-3.683666;470;0;0;1070;2989;59.18;95.16;;;
37.735694;-3.683673;470;0;0;1070;2989;59.2;95.14;12;;
37.735874;-3.683665;470;0;0;1070;2989;59.22;95.12;;;
37.736053;-3.683656;470;0;0;1070;2989;59.24;95.1;;;
37.736233;-3.683647;471;0;1;1070;2989;59.26;95.08;;;
37.736413;-3.683637;471;0;1;1070;2989;59.28;95.06;;;
37.736593;-3.683633;471;0;1;1070;2989;59.3;95.04;;;
37.736761;-3.683675;471;0;2;1071;2988;59.32;95.02;;;
37.736839;-3.683880;472;0;2;1071;2988;59.34;95;;;
37.736917;-3.684084;472;0;3;1071;2988;59.36;94.98;;;
37.736995;-3.684289;472;0;3;1072;2987;59.38;94.96;;;
37.737070;-3.684496;473;0;3;1072;2987;59.4;94.94;;;
37.737011;-3.684701;474;0;4;1073;2986;59.42;94.92;;;
37.736931;-3.684905;475;0;4;1074;2985;59.44;94.9;;;
37.736859;-3.685113;475;0;5;1075;2984;59.46;94.88;;;
37.736811;-3.685329;476;0;5;1076;2983;59.48;94.86;;;
37.736834;-3.685549;477;0;5;1077;2982;59.5;94.84;;;
37.736968;-3.685685;479;0;5;1078;2981;59.52;94.82;;;
37.737147;-3.685706;480;0;5;1079;2980;59.54;94.8;;;
37.737318;-3.685636;481;0;5;1080;2979;59.56;94.78;;;
37.737489;-3.685565;482;0;5;1081;2978;59.58;94.76;;;
37.737660;-3.685494;483;0;5;1082;2977;59.6;94.74;;;
37.737831;-3.685423;484;0;6;1083;2976;59.62;94.72;;;
37.738002;-3.685353;485;0;6;1084;2975;59.64;94.7;;;
37.738173;-3.685282;486;0;6;1085;2974;59.66;94.68;;;
37.738344;-3.685211;487;0;7;1087;2972;59.68;94.66;;;
37.738516;-3.685168;489;0;7;1088;2971;59.7;94.64;;;
37.738690;-3.685212;490;0;7;1089;2970;59.72;94.62;;;
37.738810;-3.685373;492;0;7;1091;2968;59.74;94.6;;;
37.738818;-3.685600;493;0;7;1093;2966;59.76;94.58;;;
37.738723;-3.685789;495;0;8;1094;2965;59.78;94.56;;;
37.738618;-3.685973;496;0;7;1095;2964;59.8;94.54;;;
37.738513;-3.686158;498;0;7;1097;2962;59.82;94.52;;;
37.738408;-3.686343;499;0;7;1098;2961;59.84;94.5;;;
37.738303;-3.686527;501;0;8;1100;2959;59.86;94.48;;;
37.738210;-3.686722;502;0;8;1101;2958;59.88;94.46;;;
37.738119;-3.686919;504;0;8;1103;2956;59.9;94.44;;;
37.738029;-3.687115;505;0;8;1104;2955;59.92;94.42;;;
37.737939;-3.687312;507;0;8;1106;2953;59.94;94.4;;;
37.737849;-3.687509;508;0;9;1108;2951;59.96;94.38;;;
37.737743;-3.687689;510;0;9;1109;2950;59.98;94.36;;;
37.737595;-3.687808;512;0;9;1111;2948;60;94.34;;;
37.737417;-3.687843;513;0;9;1113;2946;60.02;94.32;;;
37.737290;-3.687982;516;0;9;1115;2944;60.04;94.3;;;
37.737282;-3.688205;519;0;9;1118;2941;60.06;94.28;;;
37.737325;-3.688425;520;0;9;1119;2940;60.08;94.26;;;
37.737368;-3.688646;522;0;9;1121;2938;60.1;94.24;;;
37.737399;-3.688869;523;0;8;1123;2936;60.12;94.22;;;
37.737407;-3.689096;525;0;9;1124;2935;60.14;94.2;;;
37.737415;-3.689324;526;0;9;1126;2933;60.16;94.18;;;
37.737432;-3.689550;528;0;9;1127;2932;60.18;94.16;;;
37.737469;-3.689771;530;0;9;1129;2930;60.2;94.14;;;
37.737612;-3.689895;533;0;9;1132;2927;60.22;94.12;;;
37.737777;-3.689855;536;0;9;1135;2924;60.24;94.1;;;
37.737886;-3.689686;538;0;9;1138;2921;60.26;94.08;;;
37.737909;-3.689464;540;0;9;1140;2919;60.28;94.06;;;
37.737908;-3.689237;542;0;9;1141;2918;60.3;94.04;;;
37.737907;-3.689009;544;0;9;1143;2916;60.32;94.02;;;
37.737920;-3.688783;545;0;9;1145;2914;60.34;94;;;
37.737989;-3.688585;547;0;9;1147;2912;60.36;93.98;;;
37.738136;-3.688479;549;0;9;1149;2910;60.38;93.96;;;
37.738312;-3.688475;551;0;9;1151;2908;60.4;93.94;;;
37.738481;-3.688555;553;0;9;1153;2906;60.42;93.92;;;
37.738548;-3.688762;555;0;9;1154;2905;60.44;93.9;;;
37.738609;-3.688976;557;0;9;1156;2903;60.46;93.88;;;
37.738714;-3.689149;559;0;8;1158;2901;60.48;93.86;;;
37.738875;-3.689230;561;0;8;1160;2899;60.5;93.84;;;
37.739054;-3.689254;562;0;8;1161;2898;60.52;93.82;;;
37.739231;-3.689229;563;0;7;1163;2896;60.54;93.8;;;
37.739409;-3.689191;565;0;7;1164;2895;60.56;93.78;;;
37.739586;-3.689153;566;0;7;1165;2894;60.58;93.76;;;
37.739765;-3.689152;567;0;7;1167;2892;60.6;93.74;;;
37.739944;-3.689173;569;0;7;1168;2891;60.62;93.72;;;
37.740123;-3.689193;570;0;7;1170;2889;60.64;93.7;;;
37.740302;-3.689213;572;0;7;1171;2888;60.66;93.68;;;
37.740480;-3.689210;573;0;7;1172;2887;60.68;93.66;;;
37.740658;-3.689171;575;0;7;1174;2885;60.7;93.64;;;
37.740834;-3.689129;576;0;7;1176;2883;60.72;93.62;;;
37.741010;-3.689080;578;0;7;1177;2882;60.74;93.6;;;
37.741185;-3.689030;579;0;6;1178;2881;60.76;93.58;;;
37.741363;-3.689019;580;0;6;1179;2880;60.78;93.56;;;
37.741542;-3.689037;581;0;6;1180;2879;60.8;93.54;;;
37.741722;-3.689055;582;0;6;1181;2878;60.82;93.52;;;
37.741899;-3.689082;583;0;6;1182;2877;60.84;93.5;;;
37.742067;-3.689164;585;0;6;1184;2875;60.86;93.48;;;
37.742190;-3.689327;587;0;6;1186;2873;60.88;93.46;;;
37.742302;-3.689504;587;0;6;1187;2872;60.9;93.44;;;
37.742415;-3.689682;588;0;5;1188;2871;60.92;93.42;;;
37.742527;-3.689860;589;0;5;1188;2871;60.94;93.4;;;
37.742623;-3.690050;590;0;4;1189;2870;60.96;93.38;;;
37.742699;-3.690256;591;0;4;1190;2869;60.98;93.36;;;
37.742774;-3.690463;592;0;4;1191;2868;61;93.34;;;
37.742850;-3.690669;593;0;4;1192;2867;61.02;93.32;;;
37.742877;-3.690891;593;0;4;1193;2866;61.04;93.3;;;
37.742887;-3.691118;594;0;4;1193;2866;61.06;93.28;;;
37.742897;-3.691345;595;0;3;1194;2865;61.08;93.26;;;
37.742907;-3.691572;595;0;3;1194;2865;61.1;93.24;;;
37.742916;-3.691799;596;0;3;1195;2864;61.12;93.22;;;
37.742906;-3.692016;597;0;3;1196;2863;61.14;93.2;;;
37.742959;-3.692233;597;0;3;1196;2863;61.16;93.18;;;
37.743021;-3.692445;598;0;2;1197;2862;61.18;93.16;;;
37.743138;-3.692607;598;0;2;1197;2862;61.2;93.14;13;;
37.743297;-3.692711;598;0;2;1197;2862;61.22;93.12;;;
37.743410;-3.692887;599;0;2;1198;2861;61.24;93.1;;;
37.743519;-3.693068;599;0;2;1198;2861;61.26;93.08;;;
37.743638;-3.693237;599;0;1;1198;2861;61.28;93.06;;;
37.743772;-3.693389;599;0;1;1199;2860;61.3;93.04;;;
37.743855;-3.693585;600;0;1;1199;2860;61.32;93.02;;;
37.743906;-3.693801;600;0;1;1199;2860;61.34;93;;;
37.744005;-3.693990;600;0;1;1199;2860;61.36;92.98;;;
37.744105;-3.694180;600;0;1;1199;2860;61.38;92.96;;;
37.744204;-3.694370;600;0;1;1199;2860;61.4;92.94;;;
37.744316;-3.694548;600;0;1;1200;2859;61.42;92.92;;;
37.744430;-3.694723;600;0;1;1200;2859;61.44;92.9;;;
37.744544;-3.694899;601;0;1;1200;2859;61.46;92.88;;;
37.744669;-3.695061;601;0;1;1200;2859;61.48;92.86;;;
37.744808;-3.695206;601;0;1;1200;2859;61.5;92.84;;;
37.744971;-3.695289;601;0;0;1200;2859;61.52;92.82;;;
37.745146;-3.695346;601;0;0;1200;2859;61.54;92.8;;;
37.745320;-3.695402;601;0;0;1200;2859;61.56;92.78;;;
37.745494;-3.695459;601;0;0;1200;2859;61.58;92.76;;;
37.745668;-3.695516;601;0;0;1200;2859;61.6;92.74;;;
37.745842;-3.695572;601;0;0;1201;2858;61.62;92.72;;;
37.746016;-3.695629;601;0;0;1201;2858;61.64;92.7;;;
37.746187;-3.695699;602;0;0;1201;2858;61.66;92.68;;;
37.746348;-3.695800;602;0;0;1201;2858;61.68;92.66;;;
37.746502;-3.695915;602;0;0;1201;2858;61.7;92.64;;;
37.746638;-3.696063;602;0;0;1201;2858;61.72;92.62;;;
37.746761;-3.696228;602;0;0;1201;2858;61.74;92.6;;;
37.746872;-3.696407;602;0;0;1201;2858;61.76;92.58;;;
37.746983;-3.696586;602;0;0;1201;2858;61.78;92.56;;;
37.747093;-3.696766;602;0;0;1201;2858;61.8;92.54;;;
37.747204;-3.696945;602;0;0;1201;2858;61.82;92.52;;;
37.747316;-3.697123;602;0;0;1201;2858;61.84;92.5;;;
37.747426;-3.697303;602;0;0;1201;2858;61.86;92.48;;;
37.747537;-3.697482;602;0;0;1201;2858;61.88;92.46;;;
37.747648;-3.697661;602;0;0;1202;2857;61.9;92.44;;;
37.747759;-3.697840;602;0;0;1202;2857;61.92;92.42;;;
37.747870;-3.698019;602;0;0;1202;2857;61.94;92.4;;;
37.747981;-3.698198;603;0;0;1202;2857;61.96;92.38;;;
37.748095;-3.698374;603;0;0;1202;2857;61.98;92.36;;;
37.748215;-3.698543;603;0;0;1202;2857;62;92.34;;;
37.748336;-3.698712;603;0;1;1202;2857;62.02;92.32;;;
37.748465;-3.698867;603;0;1;1202;2857;62.04;92.3;;;
37.748616;-3.698991;603;0;1;1202;2857;62.06;92.28;;;
37.748767;-3.699114;603;0;1;1202;2857;62.08;92.26;;;
37.748918;-3.699238;603;0;1;1203;2856;62.1;92.24;;;
37.749069;-3.699362;603;0;1;1203;2856;62.12;92.22;;;
37.749220;-3.699485;604;0;1;1203;2856;62.14;92.2;;;
37.749370;-3.699611;604;0;1;1203;2856;62.16;92.18;;;
37.749503;-3.699764;604;0;1;1203;2856;62.18;92.16;;;
37.749636;-3.699917;604;0;1;1203;2856;62.2;92.14;;;
37.749756;-3.700085;604;0;1;1204;2855;62.22;92.12;;;
37.749863;-3.700268;605;0;1;1204;2855;62.24;92.1;;;
37.749953;-3.700462;605;0;1;1204;2855;62.26;92.08;;;
37.750000;-3.700681;605;0;1;1204;2855;62.28;92.06;;;
37.750040;-3.700902;605;0;1;1205;2854;62.3;92.04;;;
37.750047;-3.701129;606;0;1;1205;2854;62.32;92.02;;;
37.750053;-3.701357;606;0;1;1205;2854;62.34;92;;;
37.750060;-3.701584;606;0;1;1205;2854;62.36;91.98;;;
37.750067;-3.701811;606;0;1;1205;2854;62.38;91.96;;;
37.750073;-3.702039;606;0;1;1205;2854;62.4;91.94;;;
37.750084;-3.702265;606;0;1;1206;2853;62.42;91.92;;;
37.750146;-3.702479;606;0;1;1206;2853;62.44;91.9;;;
37.750207;-3.702692;607;0;1;1206;2853;62.46;91.88;;;
37.750291;-3.702892;607;0;0;1206;2853;62.48;91.86;;;
37.750387;-3.703085;607;0;0;1206;2853;62.5;91.84;;;
37.750498;-3.703261;607;0;0;1206;2853;62.52;91.82;;;
37.750628;-3.703419;607;0;0;1206;2853;62.54;91.8;;;
37.750758;-3.703576;607;0;0;1206;2853;62.56;91.78;;;
37.750908;-3.703695;607;0;0;1206;2853;62.58;91.76;;;
37.751073;-3.703787;607;0;0;1206;2853;62.6;91.74;;;
37.751237;-3.703879;607;0;0;1206;2853;62.62;91.72;;;
37.751406;-3.703955;607;0;0;1206;2853;62.64;91.7;;;
37.751579;-3.704019;607;0;-1;1206;2853;62.66;91.68;;;
37.751746;-3.704100;607;0;-1;1206;2853;62.68;91.66;;;
37.751910;-3.704195;606;0;-1;1206;2853;62.7;91.64;;;
37.752066;-3.704304;606;0;-1;1206;2853;62.72;91.62;;;
37.752210;-3.704442;606;0;-1;1206;2853;62.74;91.6;;;
37.752350;-3.704585;606;0;-1;1206;2853;62.76;91.58;;;
37.752489;-3.704729;606;0;-1;1206;2853;62.78;91.56;;;
37.752590;-3.704915;605;0;-2;1206;2853;62.8;91.54;;;
37.752701;-3.705094;605;0;-2;1206;2853;62.82;91.52;;;
37.752789;-3.705292;604;0;-2;1206;2853;62.84;91.5;;;
37.752877;-3.705490;604;0;-2;1206;2853;62.86;91.48;;;
37.752965;-3.705689;604;0;-2;1206;2853;62.88;91.46;;;
37.753055;-3.705885;603;0;-2;1206;2853;62.9;91.44;;;
37.753147;-3.706081;603;0;-2;1206;2853;62.92;91.42;;;
37.753237;-3.706278;603;0;-2;1206;2853;62.94;91.4;;;
37.753328;-3.706474;602;0;-3;1206;2853;62.96;91.38;;;
37.753419;-3.706670;602;0;-3;1206;2853;62.98;91.36;;;
37.753510;-3.706867;601;0;-3;1206;2853;63;91.34;;;
37.753601;-3.707063;600;0;-3;1206;2853;63.02;91.32;;;
37.753692;-3.707259;600;0;-3;1206;2853;63.04;91.3;;;
37.753783;-3.707456;599;0;-3;1206;2853;63.06;91.28;;;
37.753873;-3.707652;599;0;-3;1206;2853;63.08;91.26;;;
37.753963;-3.707849;598;0;-3;1206;2853;63.1;91.24;;;
37.754053;-3.708046;597;0;-4;1206;2853;63.12;91.22;;;
37.754132;-3.708251;597;0;-4;1206;2853;63.14;91.2;;;
37.754205;-3.708459;596;0;-4;1206;2853;63.16;91.18;;;
37.754273;-3.708669;595;0;-4;1206;2853;63.18;91.16;;;
37.754316;-3.708889;594;0;-4;1206;2853;63.2;91.14;;;
37.754351;-3.709112;593;0;-4;1206;2853;63.22;91.12;;;
37.754387;-3.709335;592;0;-4;1206;2853;63.24;91.1;;;
37.754422;-3.709558;592;0;-4;1206;2853;63.26;91.08;;;
37.754457;-3.709782;591;0;-5;1206;2853;63.28;91.06;;;
37.754493;-3.710005;590;0;-5;1206;2853;63.3;91.04;;;
37.754528;-3.710228;589;0;-5;1206;2853;63.32;91.02;;;
37.754563;-3.710451;588;0;-6;1206;2853;63.34;91;;;
37.754641;-3.710654;587;0;-6;1206;2853;63.36;90.98;;;
37.754728;-3.710853;585;0;-6;1206;2853;63.38;90.96;;;
37.754832;-3.711036;584;0;-6;1206;2853;63.4;90.94;;;
37.754963;-3.711191;583;0;-6;1206;2853;63.42;90.92;;;
37.755109;-3.711324;582;0;-6;1206;2853;63.44;90.9;;;
37.755268;-3.711426;580;0;-6;1206;2853;63.46;90.88;;;
37.755436;-3.711508;579;0;-6;1206;2853;63.48;90.86;;;
37.755603;-3.711592;578;0;-6;1206;2853;63.5;90.84;;;
37.755771;-3.711675;576;0;-7;1206;2853;63.52;90.82;;;
37.755938;-3.711759;575;0;-6;1206;2853;63.54;90.8;;;
37.756105;-3.711842;574;0;-6;1206;2853;63.56;90.78;;;
37.756273;-3.711926;572;0;-6;1206;2853;63.58;90.76;;;
37.756433;-3.712029;571;0;-7;1206;2853;63.6;90.74;;;
37.756591;-3.712136;570;0;-7;1206;2853;63.62;90.72;;;
37.756750;-3.712243;569;0;-7;1206;2853;63.64;90.7;;;
37.756880;-3.712396;567;0;-7;1206;2853;63.66;90.68;;;
37.757001;-3.712565;566;0;-7;1206;2853;63.68;90.66;;;
37.757122;-3.712734;564;0;-7;1206;2853;63.7;90.64;;;
37.757229;-3.712912;562;0;-8;1206;2853;63.72;90.62;;;
37.757278;-3.713131;561;0;-7;1206;2853;63.74;90.6;;;
37.757327;-3.713349;559;0;-7;1206;2853;63.76;90.58;;;
37.757377;-3.713568;558;0;-7;1206;2853;63.78;90.56;;;
37.757426;-3.713787;557;0;-7;1206;2853;63.8;90.54;;;
37.757475;-3.714006;555;0;-7;1206;2853;63.82;90.52;;;
37.757524;-3.714225;554;0;-7;1206;2853;63.84;90.5;;;
37.757574;-3.714443;553;0;-7;1206;2853;63.86;90.48;;;
37.757623;-3.714662;551;0;-7;1206;2853;63.88;90.46;;;
37.757672;-3.714881;550;0;-7;1206;2853;63.9;90.44;;;
37.757721;-3.715100;549;0;-7;1206;2853;63.92;90.42;;;
37.757770;-3.715319;547;0;-6;1206;2853;63.94;90.4;;;
37.757819;-3.715538;546;0;-6;1206;2853;63.96;90.38;;;
37.757868;-3.715757;545;0;-6;1206;2853;63.98;90.36;;;
37.757917;-3.715975;544;0;-6;1206;2853;64;90.34;;;
37.757967;-3.716194;542;0;-6;1206;2853;64.02;90.32;;;
37.758065;-3.716632;540;0;-6;1206;2853;64.06;90.28;;;
37.758114;-3.716851;539;0;-5;1206;2853;64.08;90.26;;;
37.758213;-3.717288;537;0;-5;1206;2853;64.12;90.22;;;
37.758262;-3.717507;536;0;-5;1206;2853;64.14;90.2;;;
37.758311;-3.717726;535;0;-5;1206;2853;64.16;90.18;;;
37.758409;-3.718164;533;0;-5;1206;2853;64.2;90.14;;;
37.758458;-3.718383;532;0;-5;1206;2853;64.22;90.12;;;
37.758499;-3.719059;529;0;-4;1206;2853;64.28;90.06;;;
37.758404;-3.719253;528;0;-4;1206;2853;64.3;90.04;;;
37.758215;-3.719640;527;0;-4;1206;2853;64.34;90;;;
37.758121;-3.719834;526;0;-4;1206;2853;64.36;89.98;;;
37.758079;-3.720046;525;0;-4;1206;2853;64.38;89.96;;;
37.758080;-3.720501;524;0;-4;1206;2853;64.42;89.92;;;
37.758079;-3.720729;523;0;-4;1206;2853;64.44;89.9;;;
37.758209;-3.721147;521;0;-4;1206;2853;64.48;89.86;;;
37.758286;-3.721353;521;0;-3;1206;2853;64.5;89.84;;;
37.758361;-3.721559;520;0;-3;1206;2853;64.52;89.82;;;
37.758450;-3.722000;519;0;-3;1206;2853;64.56;89.78;;;
37.758494;-3.722220;518;0;-3;1206;2853;64.58;89.76;;;
37.758583;-3.722661;517;0;-3;1206;2853;64.62;89.72;;;
37.758627;-3.722882;517;0;-3;1206;2853;64.64;89.7;;;
37.758672;-3.723102;516;0;-3;1206;2853;64.66;89.68;;;
37.758692;-3.723541;515;0;-3;1206;2853;64.7;89.64;;;
37.758638;-3.723758;514;0;-2;1206;2853;64.72;89.62;;;
37.758476;-3.724409;513;0;-2;1206;2853;64.78;89.56;;;
37.758428;-3.724628;513;0;-2;1206;2853;64.8;89.54;;;
37.758416;-3.725082;512;0;-2;1206;2853;64.84;89.5;;;
37.758409;-3.725310;512;0;-2;1206;2853;64.86;89.48;;;
37.758403;-3.725537;511;0;-2;1206;2853;64.88;89.46;;;
37.758391;-3.725992;510;0;-2;1206;2853;64.92;89.42;;;
37.758384;-3.726219;509;0;-2;1206;2853;64.94;89.4;;;
37.758372;-3.726674;509;0;-3;1206;2853;64.98;89.36;;;
37.758335;-3.726894;508;0;-3;1206;2853;65;89.34;;;
37.758276;-3.727109;507;0;-3;1206;2853;65.02;89.32;;;
37.758156;-3.727538;506;0;-3;1206;2853;65.06;89.28;;;
37.758121;-3.727760;505;0;-3;1206;2853;65.08;89.26;;;
37.758069;-3.728210;504;0;-3;1206;2853;65.12;89.22;;;
37.758100;-3.728434;503;0;-3;1206;2853;65.14;89.2;;;
37.758131;-3.728659;503;0;-3;1206;2853;65.16;89.18;;;
37.758217;-3.729098;501;0;-3;1206;2853;65.2;89.14;;;
37.758281;-3.729311;501;0;-3;1206;2853;65.22;89.12;;;
37.758469;-3.729950;499;0;-4;1206;2853;65.28;89.06;;;
37.758472;-3.730177;498;0;-4;1206;2853;65.3;89.04;;;
37.758478;-3.730632;496;0;-4;1206;2853;65.34;89;;;
37.758481;-3.730860;496;0;-4;1206;2853;65.36;88.98;;;
37.758484;-3.731087;495;0;-4;1206;2853;65.38;88.96;;;
37.758511;-3.731539;493;0;-5;1206;2853;65.42;88.92;;;
37.758558;-3.731758;492;0;-5;1206;2853;65.44;88.9;;;
37.758653;-3.732197;490;0;-5;1206;2853;65.48;88.86;;;
37.758700;-3.732417;489;0;-5;1206;2853;65.5;88.84;;;
37.758749;-3.732635;488;0;-6;1206;2853;65.52;88.82;;;
37.758864;-3.733067;486;0;-6;1206;2853;65.56;88.78;;;
37.758936;-3.733274;485;0;-6;1206;2853;65.58;88.76;;;
37.759120;-3.733664;482;0;-6;1206;2853;65.62;88.72;;;
37.759187;-3.733875;481;0;-6;1206;2853;65.64;88.7;;;
37.759253;-3.734086;480;0;-6;1206;2853;65.66;88.68;;;
37.759362;-3.734519;478;0;-5;1206;2853;65.7;88.64;;;
37.759392;-3.734742;477;0;-5;1206;2853;65.72;88.62;;;
37.759424;-3.735424;473;0;-6;1206;2853;65.78;88.56;;;
37.759434;-3.735651;472;0;-6;1206;2853;65.8;88.54;;;
37.759455;-3.736105;470;0;-6;1206;2853;65.84;88.5;;;
37.759466;-3.736332;469;0;-6;1206;2853;65.86;88.48;;;
37.759476;-3.736559;468;0;-6;1206;2853;65.88;88.46;;;
37.759499;-3.737013;465;0;-7;1206;2853;65.92;88.42;;;
37.759512;-3.737240;463;0;-8;1206;2853;65.94;88.4;;;
37.759553;-3.737692;460;0;-8;1206;2853;65.98;88.36;;;
37.759586;-3.737915;458;0;-8;1206;2853;66;88.34;;;
37.759636;-3.738134;457;0;-7;1206;2853;66.02;88.32;;;
37.759744;-3.738568;454;0;-7;1206;2853;66.06;88.28;;;
37.759804;-3.738782;453;0;-7;1206;2853;66.08;88.26;;;
37.759959;-3.739189;450;0;-7;1206;2853;66.12;88.22;;;
37.760058;-3.739378;449;0;-7;1206;2853;66.14;88.2;;;
37.760158;-3.739568;447;0;-7;1206;2853;66.16;88.18;;;
37.760329;-3.739966;445;0;-7;1206;2853;66.2;88.14;;;
37.760396;-3.740177;443;0;-7;1206;2853;66.22;88.12;;;
37.760591;-3.740813;439;0;-8;1206;2853;66.28;88.06;;;
37.760648;-3.741029;437;0;-8;1206;2853;66.3;88.04;;;
37.760636;-3.741480;434;0;-7;1206;2853;66.34;88;;;
37.760597;-3.741700;433;0;-7;1206;2853;66.36;87.98;;;
37.760530;-3.741911;431;0;-7;1206;2853;66.38;87.96;;;
37.760396;-3.742333;429;0;-6;1206;2853;66.42;87.92;;;
37.760331;-3.742545;428;0;-6;1206;2853;66.44;87.9;;;
37.760213;-3.742975;425;0;-6;1206;2853;66.48;87.86;;;
37.760176;-3.743197;424;0;-6;1206;2853;66.5;87.84;;;
37.760148;-3.743422;423;0;-6;1206;2853;66.52;87.82;;;
37.760138;-3.743876;420;0;-6;1206;2853;66.56;87.78;;;
37.760133;-3.744104;419;0;-6;1206;2853;66.58;87.76;;;
37.760123;-3.744559;417;0;-6;1206;2853;66.62;87.72;;;
37.760118;-3.744786;416;0;-5;1206;2853;66.64;87.7;;;
37.760112;-3.745014;415;0;-5;1206;2853;66.66;87.68;;;
37.760185;-3.745454;413;0;-6;1206;2853;66.7;87.64;;;
37.760238;-3.745671;412;0;-5;1206;2853;66.72;87.62;;;
37.760360;-3.746335;408;0;-5;1206;2853;66.78;87.56;;;
37.760369;-3.746562;407;0;-5;1206;2853;66.8;87.54;;;
37.760387;-3.747016;406;0;-4;1206;2853;66.84;87.5;;;
37.760396;-3.747243;405;0;-4;1206;2853;66.86;87.48;;;
37.760404;-3.747471;404;0;-4;1206;2853;66.88;87.46;;;
37.760444;-3.747919;402;0;-4;1206;2853;66.92;87.42;;;
37.760517;-3.748126;402;0;-4;1206;2853;66.94;87.4;;;
37.760663;-3.748542;400;0;-5;1206;2853;66.98;87.36;;;
37.760732;-3.748752;399;0;-5;1206;2853;67;87.34;;;
37.760766;-3.748975;398;0;-4;1206;2853;67.02;87.32;;;
37.760789;-3.749426;396;0;-4;1206;2853;67.06;87.28;;;
37.760769;-3.749652;395;0;-4;1206;2853;67.08;87.26;;;
37.760729;-3.750104;394;0;-3;1206;2853;67.12;87.22;;;
37.760723;-3.750332;393;0;-3;1206;2853;67.14;87.2;;;
37.760716;-3.750559;393;0;-3;1206;2853;67.16;87.18;;;
37.760701;-3.751014;392;0;-2;1206;2853;67.2;87.14;14;;
37.760694;-3.751241;391;0;-2;1206;2853;67.22;87.12;;;
37.760673;-3.751923;390;0;-2;1206;2853;67.28;87.06;;;
37.760666;-3.752150;390;0;-2;1206;2853;67.3;87.04;;;
37.760675;-3.752604;390;0;-1;1206;2853;67.34;87;;;
37.760690;-3.752831;389;0;-1;1206;2853;67.36;86.98;;;
37.760705;-3.753058;389;0;-1;1206;2853;67.38;86.96;;;
37.760734;-3.753511;389;0;0;1206;2853;67.42;86.92;;;
37.760749;-3.753738;389;0;0;1206;2853;67.44;86.9;;;
37.760778;-3.754191;389;0;0;1206;2853;67.48;86.86;;;
37.760793;-3.754418;389;0;0;1206;2853;67.5;86.84;;;
37.760808;-3.754645;389;0;1;1206;2853;67.52;86.82;;;
37.760837;-3.755098;389;0;1;1207;2852;67.56;86.78;;;
37.760855;-3.755325;389;0;1;1207;2852;67.58;86.76;;;
37.760913;-3.755774;390;0;2;1207;2852;67.62;86.72;;;
37.760941;-3.755998;390;0;2;1208;2851;67.64;86.7;;;
37.760983;-3.756218;391;0;2;1208;2851;67.66;86.68;;;
37.761113;-3.756643;392;0;3;1209;2850;67.7;86.64;;;
37.761178;-3.756855;392;0;3;1210;2849;67.72;86.62;;;
37.761372;-3.757492;394;0;4;1212;2847;67.78;86.56;;;
37.761433;-3.757705;395;0;4;1212;2847;67.8;86.54;;;
37.761485;-3.758155;396;0;4;1214;2845;67.84;86.5;;;
37.761495;-3.758382;397;0;5;1215;2844;67.86;86.48;;;
37.761488;-3.758609;399;0;5;1216;2843;67.88;86.46;;;
37.761430;-3.759058;401;0;5;1218;2841;67.92;86.42;;;
37.761382;-3.759277;401;0;4;1219;2840;67.94;86.4;;;
37.761284;-3.759715;403;0;4;1220;2839;67.98;86.36;;;
37.761235;-3.759933;404;0;4;1221;2838;68;86.34;;;
37.761187;-3.760152;405;0;4;1222;2837;68.02;86.32;;;
37.761089;-3.760590;406;0;5;1224;2835;68.06;86.28;;;
37.761040;-3.760809;407;0;5;1225;2834;68.08;86.26;;;
37.760947;-3.761249;410;0;5;1227;2832;68.12;86.22;;;
37.760903;-3.761469;411;0;5;1228;2831;68.14;86.2;;;
37.760859;-3.761690;412;0;5;1229;2830;68.16;86.18;;;
37.760771;-3.762131;414;0;5;1231;2828;68.2;86.14;;;
37.760748;-3.762355;415;0;5;1232;2827;68.22;86.12;;;
37.760744;-3.763038;418;0;6;1236;2823;68.28;86.06;;;
37.760742;-3.763265;419;0;6;1237;2822;68.3;86.04;;;
37.760738;-3.763720;422;0;6;1239;2820;68.34;86;;;
37.760737;-3.763948;423;0;6;1240;2819;68.36;85.98;;;
37.760735;-3.764175;424;0;6;1242;2817;68.38;85.96;;;
37.760732;-3.764630;426;0;6;1244;2815;68.42;85.92;;;
37.760730;-3.764858;428;0;7;1245;2814;68.44;85.9;;;
37.760762;-3.765310;430;0;7;1248;2811;68.48;85.86;;;
37.760790;-3.765534;432;0;7;1249;2810;68.5;85.84;;;
37.760833;-3.765755;434;0;7;1251;2808;68.52;85.82;;;
37.760969;-3.766174;436;0;7;1254;2805;68.56;85.78;;;
37.761048;-3.766379;438;0;6;1255;2804;68.58;85.76;;;
37.761221;-3.766778;440;0;6;1258;2801;68.62;85.72;;;
37.761332;-3.766950;441;0;5;1259;2800;68.64;85.7;;;
37.761476;-3.767087;442;0;5;1260;2799;68.66;85.68;;;
37.761763;-3.767361;444;0;5;1262;2797;68.7;85.64;;;
37.761934;-3.767433;445;0;5;1263;2796;68.72;85.62;;;
37.762446;-3.767648;448;0;5;1266;2793;68.78;85.56;;;
37.762616;-3.767722;449;0;5;1267;2792;68.8;85.54;;;
37.762943;-3.767907;451;0;6;1269;2790;68.84;85.5;;;
37.763090;-3.768037;453;0;7;1270;2789;68.86;85.48;;;
37.763221;-3.768192;454;0;7;1271;2788;68.88;85.46;;;
37.763465;-3.768526;457;0;7;1275;2784;68.92;85.42;;;
37.763576;-3.768705;459;0;6;1276;2783;68.94;85.4;;;
37.763734;-3.769112;461;0;6;1278;2781;68.98;85.36;;;
37.763804;-3.769322;462;0;6;1279;2780;69;85.34;;;
37.763873;-3.769532;463;0;5;1280;2779;69.02;85.32;;;
37.764011;-3.769952;465;0;5;1282;2777;69.06;85.28;;;
37.764079;-3.770162;466;0;5;1284;2775;69.08;85.26;;;
37.764217;-3.770583;468;0;6;1286;2773;69.12;85.22;;;
37.764286;-3.770793;469;0;6;1287;2772;69.14;85.2;;;
37.764354;-3.771003;471;0;6;1288;2771;69.16;85.18;;;
37.764491;-3.771424;473;0;5;1291;2768;69.2;85.14;;;
37.764560;-3.771635;474;0;5;1292;2767;69.22;85.12;;;
37.764844;-3.772206;477;0;5;1294;2765;69.28;85.06;;;
37.764959;-3.772381;478;0;4;1295;2764;69.3;85.04;;;
37.765174;-3.772745;479;0;4;1297;2762;69.34;85;;;
37.765294;-3.772914;480;0;5;1298;2761;69.36;84.98;;;
37.765418;-3.773079;481;0;5;1299;2760;69.38;84.96;;;
37.765664;-3.773411;483;0;5;1301;2758;69.42;84.92;;;
37.765784;-3.773580;484;0;5;1302;2757;69.44;84.9;;;
37.766024;-3.773919;487;0;6;1304;2755;69.48;84.86;;;
37.766169;-3.774049;488;0;6;1305;2754;69.5;84.84;;;
37.766326;-3.774162;489;0;6;1306;2753;69.52;84.82;;;
37.766638;-3.774388;491;0;6;1309;2750;69.56;84.78;;;
37.766790;-3.774509;492;0;6;1310;2749;69.58;84.76;;;
37.767062;-3.774806;496;0;6;1313;2746;69.62;84.72;;;
37.767168;-3.774987;497;0;6;1314;2745;69.64;84.7;;;
37.767263;-3.775180;498;0;6;1315;2744;69.66;84.68;;;
37.767416;-3.775592;500;0;5;1318;2741;69.7;84.64;15;;
37.767490;-3.775800;501;0;5;1319;2740;69.72;84.62;;;
37.767708;-3.776424;504;0;5;1322;2737;69.78;84.56;;;
37.767781;-3.776632;505;0;5;1323;2736;69.8;84.54;;;
37.767955;-3.777028;507;0;6;1325;2734;69.84;84.5;;;
37.768052;-3.777220;509;0;6;1326;2733;69.86;84.48;;;
37.768149;-3.777412;510;0;6;1327;2732;69.88;84.46;;;
37.768342;-3.777796;512;0;7;1330;2729;69.92;84.42;;;
37.768446;-3.777981;514;0;7;1331;2728;69.94;84.4;;;
37.768657;-3.778350;517;0;7;1334;2725;69.98;84.36;;;
37.768763;-3.778534;518;0;7;1335;2724;70;84.34;;;
37.768869;-3.778718;519;0;8;1337;2722;70.02;84.32;;;
37.769080;-3.779086;522;0;8;1340;2719;70.06;84.28;;;
37.769163;-3.779287;524;0;8;1342;2717;70.08;84.26;;;
37.769272;-3.779716;528;0;8;1346;2713;70.12;84.22;;;
37.769281;-3.779943;530;0;8;1347;2712;70.14;84.2;;;
37.769290;-3.780170;531;0;7;1349;2710;70.16;84.18;;;
37.769316;-3.780624;534;0;7;1351;2708;70.2;84.14;;;
37.769336;-3.780850;535;0;7;1352;2707;70.22;84.12;;;
37.769359;-3.781531;539;0;7;1356;2703;70.28;84.06;;;
37.769344;-3.781758;541;0;7;1358;2701;70.3;84.04;;;
37.769291;-3.782207;543;0;6;1361;2698;70.34;84;;;
37.769226;-3.782417;544;0;6;1362;2697;70.36;83.98;;;
37.769143;-3.782619;545;0;5;1363;2696;70.38;83.96;;;
37.768976;-3.783022;547;0;5;1365;2694;70.42;83.92;;;
37.768889;-3.783221;548;0;5;1366;2693;70.44;83.9;;;
37.768729;-3.783626;550;0;5;1368;2691;70.48;83.86;;;
37.768684;-3.783846;552;0;5;1369;2690;70.5;83.84;;;
37.768655;-3.784069;552;0;5;1370;2689;70.52;83.82;;;
37.768707;-3.784514;554;0;4;1372;2687;70.56;83.78;;;
37.768754;-3.784734;555;0;4;1372;2687;70.58;83.76;;;
37.768845;-3.785174;556;0;3;1374;2685;70.62;83.72;;;
37.768891;-3.785394;557;0;2;1374;2685;70.64;83.7;;;
37.768937;-3.785614;557;0;2;1375;2684;70.66;83.68;;;
37.769034;-3.786052;558;0;2;1375;2684;70.7;83.64;;;
37.769085;-3.786271;558;0;1;1376;2683;70.72;83.62;;;
37.769361;-3.786742;559;0;0;1376;2683;70.78;83.56;;;
37.769539;-3.786712;559;0;0;1376;2683;70.8;83.54;;;
37.769896;-3.786657;559;0;-1;1376;2683;70.84;83.5;;;
37.770075;-3.786630;558;0;-2;1376;2683;70.86;83.48;;;
37.770253;-3.786602;558;0;-2;1376;2683;70.88;83.46;;;
37.770611;-3.786556;557;0;-3;1376;2683;70.92;83.42;;;
37.770695;-3.786725;556;0;-3;1376;2683;70.94;83.4;;;
37.770662;-3.787178;555;0;-3;1376;2683;70.98;83.36;;;
37.770667;-3.787405;554;0;-3;1376;2683;71;83.34;;;
37.770682;-3.787632;554;0;-2;1376;2683;71.02;83.32;;;
37.770665;-3.788085;553;0;-2;1376;2683;71.06;83.28;;;
37.770654;-3.788312;552;0;-2;1376;2683;71.08;83.26;;;
37.770699;-3.788759;551;0;-1;1376;2683;71.12;83.22;;;
37.770756;-3.788974;551;0;-1;1376;2683;71.14;83.2;;;
37.770794;-3.789196;551;0;-1;1376;2683;71.16;83.18;;;
37.770541;-3.789504;551;0;0;1377;2682;71.2;83.14;;;
37.770433;-3.789684;551;0;1;1377;2682;71.22;83.12;;;
37.770222;-3.790311;552;0;4;1378;2681;71.28;83.06;;;
37.770165;-3.790527;553;0;5;1378;2681;71.3;83.04;;;
37.769860;-3.790518;556;0;5;1382;2677;71.34;83;;;
37.769683;-3.790483;557;0;5;1383;2676;71.36;82.98;;;
37.769516;-3.790560;558;0;5;1384;2675;71.38;82.96;;;
37.769179;-3.790720;560;0;4;1385;2674;71.42;82.92;;;
37.769003;-3.790765;561;0;4;1386;2673;71.44;82.9;;;
37.768644;-3.790757;562;0;4;1388;2671;71.48;82.86;;;
37.768464;-3.790755;563;0;3;1389;2670;71.5;82.84;;;
37.768284;-3.790753;563;0;3;1389;2670;71.52;82.82;;;
37.767924;-3.790735;565;0;3;1390;2669;71.56;82.78;;;
37.767745;-3.790726;565;0;3;1391;2668;71.58;82.76;;;
37.767385;-3.790714;566;0;4;1392;2667;71.62;82.72;;;
37.767205;-3.790706;567;0;3;1393;2666;71.64;82.7;;;
37.767027;-3.790683;568;0;3;1394;2665;71.66;82.68;;;
37.766693;-3.790517;570;0;4;1395;2664;71.7;82.64;;;
37.766529;-3.790424;570;0;4;1396;2663;71.72;82.62;;;
37.766049;-3.790125;573;0;5;1399;2660;71.78;82.56;;;
37.765973;-3.789919;574;0;6;1400;2659;71.8;82.54;;;
37.765829;-3.789503;576;0;5;1401;2658;71.84;82.5;;;
37.765680;-3.789576;578;0;5;1404;2655;71.86;82.48;;;
37.765598;-3.789779;579;0;4;1405;2654;71.88;82.46;;;
37.765436;-3.790185;580;0;4;1405;2654;71.92;82.42;;;
37.765364;-3.790394;580;0;3;1406;2653;71.94;82.4;;;
37.765224;-3.790813;581;0;3;1406;2653;71.98;82.36;;;
37.765068;-3.790834;583;0;4;1408;2651;72;82.34;;;
37.764899;-3.790755;583;0;4;1409;2650;72.02;82.32;;;
37.764566;-3.790588;584;0;3;1410;2649;72.06;82.28;;;
37.764424;-3.790707;585;0;3;1411;2648;72.08;82.26;;;
37.764201;-3.791064;586;0;3;1412;2647;72.12;82.22;;;
37.764081;-3.791233;587;0;2;1412;2647;72.14;82.2;;;
37.763947;-3.791385;587;0;2;1413;2646;72.16;82.18;;;
37.763678;-3.791687;588;0;2;1413;2646;72.2;82.14;;;
37.763544;-3.791839;588;0;2;1414;2645;72.22;82.12;;;
37.763215;-3.792357;589;0;2;1415;2644;72.28;82.06;;;
37.763184;-3.792582;590;0;2;1415;2644;72.3;82.04;;;
37.763126;-3.793030;590;0;2;1416;2643;72.34;82;;;
37.763110;-3.793257;591;0;2;1417;2642;72.36;81.98;;;
37.763095;-3.793484;591;0;2;1417;2642;72.38;81.96;;;
37.763063;-3.793937;592;0;2;1418;2641;72.42;81.92;;;
37.763044;-3.794163;592;0;2;1418;2641;72.44;81.9;;;
37.762983;-3.794608;593;0;2;1419;2640;72.48;81.86;;;
37.762874;-3.794787;594;0;2;1419;2640;72.5;81.84;;;
37.762743;-3.794942;594;0;2;1420;2639;72.52;81.82;;;
37.762469;-3.795236;595;0;2;1420;2639;72.56;81.78;;;
37.762331;-3.795383;595;0;2;1421;2638;72.58;81.76;;;
37.762007;-3.795556;596;0;2;1422;2637;72.62;81.72;;;
37.761830;-3.795530;596;0;2;1422;2637;72.64;81.7;;;
37.761693;-3.795384;597;0;1;1422;2637;72.66;81.68;;;
37.761440;-3.795060;597;0;1;1423;2636;72.7;81.64;;;
37.761314;-3.794899;597;0;1;1423;2636;72.72;81.62;;;
37.760934;-3.794413;597;0;0;1423;2636;72.78;81.56;;;
37.760808;-3.794252;598;0;0;1423;2636;72.8;81.54;;;
37.760528;-3.793979;598;0;0;1423;2636;72.84;81.5;;;
37.760357;-3.793907;598;0;0;1423;2636;72.86;81.48;;;
37.760179;-3.793882;598;0;0;1423;2636;72.88;81.46;;;
37.759819;-3.793881;598;0;0;1423;2636;72.92;81.42;;;
37.759640;-3.793884;598;0;0;1423;2636;72.94;81.4;;;
37.759280;-3.793889;598;0;0;1423;2636;72.98;81.36;;;
37.759100;-3.793892;598;0;0;1423;2636;73;81.34;;;
37.758920;-3.793894;597;0;0;1423;2636;73.02;81.32;;;
37.758560;-3.793900;597;0;0;1423;2636;73.06;81.28;;;
37.758381;-3.793903;597;0;-1;1423;2636;73.08;81.26;;;
37.758021;-3.793908;597;0;-1;1423;2636;73.12;81.22;;;
37.757841;-3.793911;597;0;-1;1423;2636;73.14;81.2;;;
37.757661;-3.793913;597;0;-1;1423;2636;73.16;81.18;;;
37.757301;-3.793918;596;0;-1;1423;2636;73.2;81.14;;;
37.757122;-3.793933;596;0;-1;1423;2636;73.22;81.12;;;
37.756593;-3.794045;595;0;-2;1423;2636;73.28;81.06;;;
37.756429;-3.794138;595;0;-2;1423;2636;73.3;81.04;;;
37.756099;-3.794319;594;0;-2;1423;2636;73.34;81;;;
37.755936;-3.794414;593;0;-2;1423;2636;73.36;80.98;;;
37.755771;-3.794504;593;0;-2;1423;2636;73.38;80.96;;;
37.755479;-3.794765;592;0;-2;1423;2636;73.42;80.92;16;;
37.755339;-3.794907;592;0;-1;1423;2636;73.44;80.9;;;
37.755059;-3.795193;591;0;-1;1423;2636;73.48;80.86;;;
37.754919;-3.795336;591;0;-1;1423;2636;73.5;80.84;;;
37.754779;-3.795479;591;0;-2;1423;2636;73.52;80.82;;;
37.754487;-3.795745;590;0;-1;1423;2636;73.56;80.78;;;
37.754339;-3.795874;590;0;-1;1423;2636;73.58;80.76;;;
37.754029;-3.796106;589;0;-1;1423;2636;73.62;80.72;;;
37.753874;-3.796221;589;0;-1;1423;2636;73.64;80.7;;;
37.753720;-3.796337;589;0;-1;1423;2636;73.66;80.68;;;
37.753405;-3.796558;589;0;-1;1423;2636;73.7;80.64;;;
37.753246;-3.796663;589;0;0;1423;2636;73.72;80.62;;;
37.752786;-3.797015;588;0;0;1423;2636;73.78;80.56;;;
37.752661;-3.797178;589;0;0;1423;2636;73.8;80.54;;;
37.752505;-3.797588;589;0;1;1424;2635;73.84;80.5;;;
37.752430;-3.797794;589;0;1;1424;2635;73.86;80.48;;;
37.752359;-3.798004;589;0;1;1424;2635;73.88;80.46;;;
37.752226;-3.798426;589;0;1;1424;2635;73.92;80.42;;;
37.752158;-3.798637;590;0;1;1425;2634;73.94;80.4;;;
37.752024;-3.799059;590;0;1;1425;2634;73.98;80.36;;;
37.751957;-3.799270;590;0;1;1425;2634;74;80.34;;;
37.751890;-3.799481;591;0;2;1425;2634;74.02;80.32;;;
37.751750;-3.799900;591;0;2;1426;2633;74.06;80.28;;;
37.751678;-3.800109;592;0;2;1427;2632;74.08;80.26;;;
37.751522;-3.800518;593;0;2;1427;2632;74.12;80.22;;;
37.751437;-3.800719;593;0;2;1428;2631;74.14;80.2;;;
37.751353;-3.800920;593;0;2;1428;2631;74.16;80.18;;;
37.751174;-3.801314;594;0;2;1429;2630;74.2;80.14;;;
37.751084;-3.801511;594;0;2;1429;2630;74.22;80.12;;;
37.750814;-3.802103;595;0;2;1430;2629;74.28;80.06;;;
37.750724;-3.802300;595;0;1;1430;2629;74.3;80.04;;;
37.750545;-3.802694;596;0;2;1431;2628;74.34;80;;;
37.750455;-3.802891;596;0;2;1431;2628;74.36;79.98;;;
37.750380;-3.803097;596;0;2;1431;2628;74.38;79.96;;;
37.750249;-3.803521;597;0;2;1432;2627;74.42;79.92;;;
37.750183;-3.803732;598;0;3;1433;2626;74.44;79.9;;;
37.750052;-3.804156;599;0;3;1434;2625;74.48;79.86;;;
37.749986;-3.804368;600;0;3;1435;2624;74.5;79.84;;;
37.749920;-3.804579;600;0;3;1435;2624;74.52;79.82;;;
37.749789;-3.805003;602;0;3;1437;2622;74.56;79.78;;;
37.749723;-3.805215;602;0;3;1437;2622;74.58;79.76;;;
37.749592;-3.805638;603;0;3;1438;2621;74.62;79.72;;;
37.749526;-3.805850;604;0;3;1439;2620;74.64;79.7;;;
37.749460;-3.806062;605;0;3;1440;2619;74.66;79.68;;;
37.749358;-3.806496;606;0;3;1441;2618;74.7;79.64;;;
37.749325;-3.806719;606;0;3;1441;2618;74.72;79.62;;;
37.749291;-3.807397;608;0;3;1443;2616;74.78;79.56;;;
37.749305;-3.807623;609;0;3;1444;2615;74.8;79.54;;;
37.749333;-3.808077;610;0;3;1445;2614;74.84;79.5;;;
37.749347;-3.808304;611;0;3;1445;2614;74.86;79.48;;;
37.749361;-3.808530;611;0;3;1446;2613;74.88;79.46;;;
37.749383;-3.808984;612;0;4;1447;2612;74.92;79.42;;;
37.749393;-3.809212;613;0;4;1448;2611;74.94;79.4;;;
37.749404;-3.809666;615;0;4;1450;2609;74.98;79.36;;;
37.749388;-3.809892;616;0;4;1451;2608;75;79.34;;;
37.749355;-3.810115;616;0;4;1451;2608;75.02;79.32;;;
37.749233;-3.810542;618;0;3;1453;2606;75.06;79.28;;;
37.749165;-3.810753;618;0;3;1453;2606;75.08;79.26;;;
37.749011;-3.811162;620;0;3;1454;2605;75.12;79.22;;;
37.748913;-3.811353;620;0;3;1455;2604;75.14;79.2;;;
37.748815;-3.811543;621;0;3;1456;2603;75.16;79.18;;;
37.748600;-3.811907;622;0;3;1457;2602;75.2;79.14;;;
37.748485;-3.812083;623;0;3;1457;2602;75.22;79.12;;;
37.748141;-3.812609;624;0;3;1459;2600;75.28;79.06;;;
37.748027;-3.812784;625;0;3;1460;2599;75.3;79.04;;;
37.747798;-3.813135;626;0;3;1461;2598;75.34;79;;;
37.747683;-3.813310;627;0;4;1462;2597;75.36;78.98;;;
37.747568;-3.813485;627;0;4;1462;2597;75.38;78.96;;;
37.747313;-3.813805;629;0;4;1464;2595;75.42;78.92;;;
37.747168;-3.813938;630;0;5;1465;2594;75.44;78.9;;;
37.746862;-3.814178;632;0;5;1467;2592;75.48;78.86;;;
37.746708;-3.814295;633;0;5;1468;2591;75.5;78.84;;;
37.746542;-3.814381;634;0;5;1469;2590;75.52;78.82;;;
37.746204;-3.814535;637;0;6;1472;2587;75.56;78.78;;;
37.746031;-3.814600;638;0;6;1473;2586;75.58;78.76;;;
37.745674;-3.814639;640;0;5;1475;2584;75.62;78.72;;;
37.745494;-3.814655;641;0;5;1476;2583;75.64;78.7;;;
37.745315;-3.814670;642;0;5;1477;2582;75.66;78.68;;;
37.744955;-3.814688;644;0;5;1479;2580;75.7;78.64;;;
37.744775;-3.814697;645;0;5;1480;2579;75.72;78.62;;;
37.744236;-3.814722;648;0;5;1483;2576;75.78;78.56;;;
37.744056;-3.814731;649;0;5;1484;2575;75.8;78.54;;;
37.743697;-3.814747;651;0;4;1486;2573;75.84;78.5;;;
37.743517;-3.814756;651;0;4;1486;2573;75.86;78.48;;;
37.743338;-3.814764;652;0;4;1487;2572;75.88;78.46;;;
37.742978;-3.814766;654;0;4;1489;2570;75.92;78.42;;;
37.742798;-3.814763;655;0;4;1490;2569;75.94;78.4;;;
37.742440;-3.814737;656;0;4;1491;2568;75.98;78.36;;;
37.742268;-3.814675;657;0;4;1492;2567;76;78.34;;;
37.742105;-3.814577;658;0;4;1493;2566;76.02;78.32;;;
37.741781;-3.814382;660;0;4;1495;2564;76.06;78.28;;;
37.741623;-3.814273;660;0;4;1495;2564;76.08;78.26;;;
37.741315;-3.814038;662;0;4;1497;2562;76.12;78.22;;;
37.741161;-3.813920;662;0;3;1497;2562;76.14;78.2;;;
37.741008;-3.813802;663;0;3;1498;2561;76.16;78.18;;;
37.740700;-3.813566;665;0;4;1499;2560;76.2;78.14;;;
37.740546;-3.813448;665;0;4;1500;2559;76.22;78.12;;;
37.740084;-3.813095;668;0;4;1502;2557;76.28;78.06;;;
37.739931;-3.812977;668;0;4;1503;2556;76.3;78.04;;;
37.739621;-3.812745;670;0;5;1505;2554;76.34;78;;;
37.739464;-3.812634;671;0;5;1506;2553;76.36;77.98;;;
37.739305;-3.812528;672;0;5;1507;2552;76.38;77.96;;;
37.738957;-3.812429;674;0;5;1509;2550;76.42;77.92;;;
37.738777;-3.812429;675;0;5;1510;2549;76.44;77.9;;;
37.738422;-3.812482;677;0;5;1512;2547;76.48;77.86;;;
37.738248;-3.812537;678;0;5;1513;2546;76.5;77.84;;;
37.738073;-3.812592;679;0;5;1514;2545;76.52;77.82;;;
37.737724;-3.812702;681;0;5;1516;2543;76.56;77.78;;;
37.737547;-3.812700;682;0;5;1517;2542;76.58;77.76;;;
37.737192;-3.812633;685;0;6;1519;2540;76.62;77.72;;;
37.737030;-3.812534;686;0;6;1521;2538;76.64;77.7;;;
37.736884;-3.812404;687;0;6;1522;2537;76.66;77.68;;;
37.736643;-3.812070;690;0;6;1524;2535;76.7;77.64;;;
37.736550;-3.811877;691;0;7;1526;2533;76.72;77.62;;;
37.736298;-3.811276;695;0;6;1530;2529;76.78;77.56;;;
37.736188;-3.811096;696;0;6;1531;2528;76.8;77.54;;;
37.735916;-3.810810;699;0;6;1534;2525;76.84;77.5;;;
37.735756;-3.810707;700;0;6;1535;2524;76.86;77.48;;;
37.735591;-3.810616;701;0;6;1536;2523;76.88;77.46;;;
37.735245;-3.810495;704;0;6;1538;2521;76.92;77.42;;;
37.735071;-3.810435;705;0;7;1540;2519;76.94;77.4;;;
37.734724;-3.810317;708;0;7;1542;2517;76.98;77.36;;;
37.734550;-3.810258;709;0;7;1544;2515;77;77.34;;;
37.734377;-3.810198;710;0;7;1545;2514;77.02;77.32;;;
37.734029;-3.810079;713;0;7;1548;2511;77.06;77.28;;;
37.733856;-3.810020;714;0;7;1549;2510;77.08;77.26;;;
37.733509;-3.809901;717;0;7;1552;2507;77.12;77.22;;;
37.733335;-3.809842;719;0;7;1553;2506;77.14;77.2;;;
37.733161;-3.809783;720;0;7;1555;2504;77.16;77.18;;;
37.732814;-3.809664;723;0;7;1558;2501;77.2;77.14;;;
37.732640;-3.809605;724;0;7;1559;2500;77.22;77.12;;;
37.732115;-3.809449;729;0;7;1564;2495;77.28;77.06;;;
37.731939;-3.809402;730;0;7;1565;2494;77.3;77.04;;;
37.731588;-3.809306;733;0;7;1568;2491;77.34;77;;;
37.731412;-3.809259;734;0;7;1569;2490;77.36;76.98;;;
37.731236;-3.809211;735;0;7;1570;2489;77.38;76.96;;;
37.730884;-3.809115;738;0;7;1573;2486;77.42;76.92;;;
37.730708;-3.809067;739;0;7;1574;2485;77.44;76.9;;;
37.730357;-3.808972;742;0;6;1577;2482;77.48;76.86;;;
37.730181;-3.808925;743;0;6;1578;2481;77.5;76.84;;;
37.730005;-3.808877;744;0;6;1579;2480;77.52;76.82;;;
37.729653;-3.808782;747;0;6;1582;2477;77.56;76.78;;;
37.729477;-3.808734;748;0;5;1583;2476;77.58;76.76;;;
37.729145;-3.808583;750;0;5;1585;2474;77.62;76.72;;;
37.729004;-3.808445;751;0;5;1586;2473;77.64;76.7;;;
37.728924;-3.808241;752;0;5;1587;2472;77.66;76.68;;;
37.728830;-3.807804;754;0;5;1589;2470;77.7;76.64;;;
37.728790;-3.807582;755;0;5;1590;2469;77.72;76.62;;;
37.728463;-3.807059;758;0;4;1593;2466;77.78;76.56;;;
37.728310;-3.806938;759;0;4;1593;2466;77.8;76.54;;;
37.728013;-3.806682;760;0;3;1595;2464;77.84;76.5;;;
37.727867;-3.806550;760;0;2;1595;2464;77.86;76.48;;;
37.727720;-3.806418;761;0;2;1595;2464;77.88;76.46;;;
37.727427;-3.806155;761;0;1;1596;2463;77.92;76.42;;;
37.727280;-3.806023;761;0;1;1596;2463;77.94;76.4;;;
37.726987;-3.805760;762;0;0;1597;2462;77.98;76.36;;;
37.726840;-3.805628;762;0;0;1597;2462;78;76.34;;;
37.726679;-3.805529;762;0;0;1597;2462;78.02;76.32;;;
37.726324;-3.805464;761;0;-1;1597;2462;78.06;76.28;;;
37.726146;-3.805489;761;0;-2;1597;2462;78.08;76.26;;;
37.725793;-3.805577;761;0;-2;1597;2462;78.12;76.22;;;
37.725618;-3.805631;760;0;-2;1597;2462;78.14;76.2;;;
37.725444;-3.805685;760;0;-3;1597;2462;78.16;76.18;;;
37.725094;-3.805792;758;0;-4;1597;2462;78.2;76.14;;;
37.724919;-3.805846;757;0;-4;1597;2462;78.22;76.12;;;
37.724399;-3.806025;755;0;-5;1597;2462;78.28;76.06;;;
37.724229;-3.806099;754;0;-5;1597;2462;78.3;76.04;;;
37.723874;-3.806142;752;0;-5;1597;2462;78.34;76;;;
37.723695;-3.806140;751;0;-5;1597;2462;78.36;75.98;;;
37.723523;-3.806073;750;0;-5;1597;2462;78.38;75.96;;;
37.723180;-3.805936;748;0;-5;1597;2462;78.42;75.92;;;
37.723011;-3.805857;747;0;-6;1597;2462;78.44;75.9;;;
37.722674;-3.805698;744;0;-6;1597;2462;78.48;75.86;;;
37.722506;-3.805619;743;0;-6;1597;2462;78.5;75.84;;;
37.722337;-3.805540;742;0;-6;1597;2462;78.52;75.82;;;
37.722000;-3.805381;739;0;-6;1597;2462;78.56;75.78;;;
37.721832;-3.805301;738;0;-7;1597;2462;78.58;75.76;;;
37.721494;-3.805143;735;0;-7;1597;2462;78.62;75.72;;;
37.721326;-3.805063;734;0;-7;1597;2462;78.64;75.7;;;
37.721157;-3.804984;733;0;-7;1597;2462;78.66;75.68;;;
37.720814;-3.804847;730;0;-8;1597;2462;78.7;75.64;;;
37.720639;-3.804803;728;0;-8;1597;2462;78.72;75.62;;;
37.720101;-3.804761;723;0;-8;1597;2462;78.78;75.56;;;
37.719921;-3.804747;721;0;-8;1597;2462;78.8;75.54;;;
37.719562;-3.804719;718;0;-8;1597;2462;78.84;75.5;;;
37.719383;-3.804705;716;0;-8;1597;2462;78.86;75.48;;;
37.719203;-3.804691;715;0;-7;1597;2462;78.88;75.46;;;
37.718844;-3.804663;712;0;-7;1597;2462;78.92;75.42;;;
37.718666;-3.804628;711;0;-7;1597;2462;78.94;75.4;;;
37.718323;-3.804502;708;0;-6;1597;2462;78.98;75.36;;;
37.718155;-3.804419;707;0;-6;1597;2462;79;75.34;;;
37.717988;-3.804336;706;0;-6;1597;2462;79.02;75.32;;;
37.717653;-3.804170;703;0;-7;1597;2462;79.06;75.28;;;
37.717485;-3.804089;702;0;-7;1597;2462;79.08;75.26;;;
37.717142;-3.803951;699;0;-7;1597;2462;79.12;75.22;;;
37.716967;-3.803905;698;0;-8;1597;2462;79.14;75.2;;;
37.716788;-3.803896;696;0;-8;1597;2462;79.16;75.18;;;
37.716428;-3.803902;692;0;-7;1597;2462;79.2;75.14;;;
37.716249;-3.803907;691;0;-7;1597;2462;79.22;75.12;;;
37.715746;-3.803716;688;0;-5;1597;2462;79.28;75.06;;;
37.715608;-3.803571;687;0;-5;1597;2462;79.3;75.04;;;
37.715331;-3.803280;685;0;-6;1597;2462;79.34;75;;;
37.715193;-3.803135;684;0;-6;1597;2462;79.36;74.98;;;
37.715030;-3.803048;682;0;-6;1597;2462;79.38;74.96;;;
37.714684;-3.802928;680;0;-6;1597;2462;79.42;74.92;;;
37.714509;-3.802872;678;0;-6;1597;2462;79.44;74.9;;;
37.714161;-3.802759;676;0;-6;1597;2462;79.48;74.86;;;
37.713987;-3.802702;675;0;-6;1597;2462;79.5;74.84;;;
37.713812;-3.802646;674;0;-6;1597;2462;79.52;74.82;;;
37.713464;-3.802533;671;0;-5;1597;2462;79.56;74.78;;;
37.713288;-3.802483;670;0;-5;1597;2462;79.58;74.76;;;
37.712936;-3.802392;669;0;-5;1597;2462;79.62;74.72;;;
37.712759;-3.802358;668;0;-5;1597;2462;79.64;74.7;;;
37.712579;-3.802352;666;0;-5;1597;2462;79.66;74.68;;;
37.712237;-3.802464;664;0;-5;1597;2462;79.7;74.64;;;
37.712077;-3.802567;663;0;-5;1597;2462;79.72;74.62;;;
37.711604;-3.802895;660;0;-5;1597;2462;79.78;74.56;;;
37.711446;-3.803005;659;0;-5;1597;2462;79.8;74.54;;;
37.711121;-3.803195;658;0;-4;1597;2462;79.84;74.5;;;
37.710954;-3.803280;657;0;-4;1597;2462;79.86;74.48;;;
37.710786;-3.803361;656;0;-4;1597;2462;79.88;74.46;;;
37.710428;-3.803410;654;0;-5;1597;2462;79.92;74.42;;;
37.710250;-3.803435;653;0;-5;1597;2462;79.94;74.4;;;
37.709891;-3.803399;651;0;-5;1597;2462;79.98;74.36;;;
37.709713;-3.803370;650;0;-6;1597;2462;80;74.34;;;
37.709536;-3.803335;648;0;-6;1597;2462;80.02;74.32;;;
37.709180;-3.803263;646;0;-6;1597;2462;80.06;74.28;;;
37.709002;-3.803258;645;0;-6;1597;2462;80.08;74.26;;;
37.708649;-3.803326;642;0;-7;1597;2462;80.12;74.22;;;
37.708489;-3.803425;641;0;-8;1597;2462;80.14;74.2;;;
37.708354;-3.803574;639;0;-8;1597;2462;80.16;74.18;;;
37.708107;-3.803904;636;0;-9;1597;2462;80.2;74.14;;;
37.707977;-3.804062;634;0;-8;1597;2462;80.22;74.12;;;
37.707511;-3.804391;629;0;-7;1597;2462;80.28;74.06;;;
37.707334;-3.804417;628;0;-7;1597;2462;80.3;74.04;;;
37.706975;-3.804426;626;0;-7;1597;2462;80.34;74;;;
37.706795;-3.804430;625;0;-7;1597;2462;80.36;73.98;;;
37.706615;-3.804435;623;0;-7;1597;2462;80.38;73.96;;;
37.706277;-3.804558;619;0;-8;1597;2462;80.42;73.92;;;
37.706127;-3.804684;618;0;-8;1597;2462;80.44;73.9;;;
37.705893;-3.805021;615;0;-8;1597;2462;80.48;73.86;;;
37.705806;-3.805219;613;0;-8;1597;2462;80.5;73.84;;;
37.705736;-3.805428;611;0;-8;1597;2462;80.52;73.82;;;
37.705573;-3.805833;608;0;-7;1597;2462;80.56;73.78;;;
37.705486;-3.806032;607;0;-7;1597;2462;80.58;73.76;;;
37.705291;-3.806412;604;0;-7;1597;2462;80.62;73.72;;;
37.705175;-3.806586;603;0;-7;1597;2462;80.64;73.7;;;
37.705059;-3.806759;602;0;-7;1597;2462;80.66;73.68;;;
37.704776;-3.807037;598;0;-7;1597;2462;80.7;73.64;;;
37.704618;-3.807142;597;0;-7;1597;2462;80.72;73.62;;;
37.704125;-3.807420;593;0;-6;1597;2462;80.78;73.56;;;
37.703954;-3.807490;592;0;-6;1597;2462;80.8;73.54;;;
37.703610;-3.807625;589;0;-5;1597;2462;80.84;73.5;;;
37.703439;-3.807693;588;0;-5;1597;2462;80.86;73.48;;;
37.703267;-3.807761;587;0;-5;1597;2462;80.88;73.46;;;
37.702923;-3.807896;585;0;-5;1597;2462;80.92;73.42;;;
37.702752;-3.807963;585;0;-4;1597;2462;80.94;73.4;;;
37.702408;-3.808099;583;0;-4;1597;2462;80.98;73.36;;;
37.702237;-3.808166;582;0;-4;1597;2462;81;73.34;;;
37.702065;-3.808234;581;0;-4;1597;2462;81.02;73.32;;;
37.701721;-3.808369;580;0;-3;1597;2462;81.06;73.28;;;
37.701550;-3.808437;579;0;-3;1597;2462;81.08;73.26;;;
37.701206;-3.808572;578;0;-3;1597;2462;81.12;73.22;;;
37.701034;-3.808639;577;0;-3;1597;2462;81.14;73.2;;;
37.700863;-3.808707;577;0;-3;1597;2462;81.16;73.18;;;
37.700519;-3.808842;576;0;-2;1597;2462;81.2;73.14;;;
37.700347;-3.808910;575;0;-2;1597;2462;81.22;73.12;;;
37.699903;-3.809218;574;0;-1;1597;2462;81.28;73.06;;;
37.699796;-3.809380;574;0;-1;1597;2462;81.3;73.04;;;
37.699459;-3.809304;574;0;0;1597;2462;81.34;73;;;
37.699280;-3.809333;574;0;1;1597;2462;81.36;72.98;;;
37.699107;-3.809395;575;0;1;1597;2462;81.38;72.96;;;
37.698789;-3.809600;575;0;2;1598;2461;81.42;72.92;;;
37.698651;-3.809743;576;0;2;1599;2460;81.44;72.9;;;
37.698415;-3.810085;576;0;2;1599;2460;81.48;72.86;;;
37.698296;-3.810255;577;0;3;1600;2459;81.5;72.84;;;
37.698177;-3.810426;578;0;3;1600;2459;81.52;72.82;;;
37.697940;-3.810769;579;0;3;1602;2457;81.56;72.78;;;
37.697821;-3.810939;579;0;3;1602;2457;81.58;72.76;;;
37.697585;-3.811282;581;0;3;1604;2455;81.62;72.72;;;
37.697466;-3.811452;581;0;3;1604;2455;81.64;72.7;;;
37.697339;-3.811612;582;0;3;1605;2454;81.66;72.68;;;
37.697073;-3.811920;584;0;4;1607;2452;81.7;72.64;;;
37.696941;-3.812073;584;0;4;1607;2452;81.72;72.62;;;
37.696540;-3.812530;587;0;4;1610;2449;81.78;72.56;;;
37.696401;-3.812674;588;0;4;1611;2448;81.8;72.54;;;
37.696131;-3.812975;589;0;4;1612;2447;81.84;72.5;;;
37.695998;-3.813127;590;0;4;1613;2446;81.86;72.48;;;
37.695864;-3.813279;591;0;4;1614;2445;81.88;72.46;;;
37.695597;-3.813584;592;0;4;1615;2444;81.92;72.42;;;
37.695464;-3.813736;593;0;5;1616;2443;81.94;72.4;;;
37.695323;-3.813878;594;0;6;1617;2442;81.96;72.38;;;
37.695177;-3.814010;595;0;6;1618;2441;81.98;72.36;;;
37.695048;-3.814164;597;0;6;1620;2439;82;72.34;;;
37.694948;-3.814353;598;0;6;1621;2438;82.02;72.32;;;
37.694873;-3.814559;600;0;6;1623;2436;82.04;72.3;;;
37.694804;-3.814769;601;0;6;1624;2435;82.06;72.28;;;
37.694734;-3.814978;602;0;6;1625;2434;82.08;72.26;;;
37.694665;-3.815188;603;0;6;1626;2433;82.1;72.24;;;
37.694596;-3.815398;604;0;6;1627;2432;82.12;72.22;;;
37.694525;-3.815606;605;0;7;1628;2431;82.14;72.2;;;
37.694417;-3.815789;607;0;7;1630;2429;82.16;72.18;;;
37.694308;-3.815969;608;0;8;1631;2428;82.18;72.16;;;
37.694155;-3.816088;609;0;8;1632;2427;82.2;72.14;;;
37.693989;-3.816175;611;0;8;1634;2425;82.22;72.12;;;
37.693822;-3.816259;614;0;8;1637;2422;82.24;72.1;;;
37.693643;-3.816271;616;0;7;1639;2420;82.26;72.08;;;
37.693464;-3.816251;617;0;7;1640;2419;82.28;72.06;;;
37.693285;-3.816231;618;0;7;1641;2418;82.3;72.04;17;;
37.693106;-3.816211;619;0;6;1642;2417;82.32;72.02;;;
37.692927;-3.816185;620;0;5;1643;2416;82.34;72;;;
37.692748;-3.816159;621;0;5;1644;2415;82.36;71.98;;;
37.692570;-3.816133;622;0;5;1645;2414;82.38;71.96;;;
37.692393;-3.816099;623;0;5;1646;2413;82.4;71.94;;;
37.692231;-3.816000;624;0;5;1647;2412;82.42;71.92;;;
37.692069;-3.815901;625;0;5;1648;2411;82.44;71.9;;;
37.691907;-3.815802;626;0;5;1649;2410;82.46;71.88;;;
37.691745;-3.815702;627;0;4;1650;2409;82.48;71.86;;;
37.691584;-3.815603;628;0;4;1651;2408;82.5;71.84;;;
37.691422;-3.815504;629;0;4;1652;2407;82.52;71.82;;;
37.691260;-3.815405;629;0;4;1652;2407;82.54;71.8;;;
37.691098;-3.815305;630;0;4;1653;2406;82.56;71.78;;;
37.690936;-3.815206;631;0;4;1654;2405;82.58;71.76;;;
37.690775;-3.815106;632;0;4;1655;2404;82.6;71.74;;;
37.690613;-3.815008;633;0;4;1656;2403;82.62;71.72;;;
37.690451;-3.814908;633;0;4;1656;2403;82.64;71.7;;;
37.690289;-3.814809;634;0;4;1657;2402;82.66;71.68;;;
37.690127;-3.814710;635;0;4;1658;2401;82.68;71.66;;;
37.689966;-3.814610;636;0;4;1659;2400;82.7;71.64;;;
37.689804;-3.814511;637;0;4;1660;2399;82.72;71.62;;;
37.689642;-3.814412;638;0;4;1661;2398;82.74;71.6;;;
37.689480;-3.814312;638;0;4;1661;2398;82.76;71.58;;;
37.689318;-3.814213;639;0;4;1662;2397;82.78;71.56;;;
37.689157;-3.814114;640;0;4;1663;2396;82.8;71.54;;;
37.688995;-3.814015;641;0;4;1663;2396;82.82;71.52;;;
37.688833;-3.813916;641;0;4;1664;2395;82.84;71.5;;;
37.688671;-3.813816;642;0;4;1665;2394;82.86;71.48;;;
37.688509;-3.813717;643;0;4;1666;2393;82.88;71.46;;;
37.688342;-3.813639;643;0;4;1666;2393;82.9;71.44;;;
37.688164;-3.813608;644;0;4;1667;2392;82.92;71.42;;;
37.687986;-3.813577;645;0;4;1668;2391;82.94;71.4;;;
37.687808;-3.813546;646;0;4;1669;2390;82.96;71.38;;;
37.687629;-3.813531;647;0;4;1670;2389;82.98;71.36;;;
37.687458;-3.813460;648;0;4;1671;2388;83;71.34;;;
37.687288;-3.813389;649;0;4;1672;2387;83.02;71.32;;;
37.687117;-3.813318;649;0;4;1672;2387;83.04;71.3;;;
37.686943;-3.813261;650;0;4;1673;2386;83.06;71.28;;;
37.686769;-3.813202;651;0;3;1674;2385;83.08;71.26;;;
37.686589;-3.813199;652;0;3;1675;2384;83.1;71.24;;;
37.686415;-3.813243;653;0;3;1675;2384;83.12;71.22;;;
37.686243;-3.813310;653;0;3;1676;2383;83.14;71.2;;;
37.686065;-3.813293;654;0;3;1677;2382;83.16;71.18;;;
37.685889;-3.813254;654;0;2;1677;2382;83.18;71.16;;;
37.685722;-3.813168;654;0;2;1677;2382;83.2;71.14;;;
37.685556;-3.813082;655;0;2;1678;2381;83.22;71.12;;;
37.685389;-3.812996;655;0;2;1678;2381;83.24;71.1;;;
37.685223;-3.812911;656;0;2;1679;2380;83.26;71.08;;;
37.685056;-3.812825;656;0;2;1679;2380;83.28;71.06;;;
37.684886;-3.812754;657;0;2;1680;2379;83.3;71.04;;;
37.684710;-3.812712;657;0;2;1680;2379;83.32;71.02;;;
37.684533;-3.812670;658;0;2;1681;2378;83.34;71;;;
37.684356;-3.812627;658;0;2;1681;2378;83.36;70.98;;;
37.684189;-3.812549;658;0;2;1681;2378;83.38;70.96;;;
37.684030;-3.812443;659;0;2;1682;2377;83.4;70.94;;;
37.683893;-3.812298;659;0;2;1682;2377;83.42;70.92;;;
37.683761;-3.812144;660;0;2;1683;2376;83.44;70.9;;;
37.683660;-3.811956;660;0;2;1683;2376;83.46;70.88;;;
37.683559;-3.811768;661;0;2;1684;2375;83.48;70.86;;;
37.683458;-3.811580;661;0;2;1684;2375;83.5;70.84;;;
37.683325;-3.811438;661;0;2;1684;2375;83.52;70.82;;;
37.683160;-3.811410;662;0;2;1685;2374;83.54;70.8;;;
37.683009;-3.811530;663;0;2;1685;2374;83.56;70.78;;;
37.682901;-3.811710;663;0;2;1686;2373;83.58;70.76;;;
37.682765;-3.811851;663;0;2;1686;2373;83.6;70.74;;;
37.682601;-3.811937;664;0;2;1687;2372;83.62;70.72;;;
37.682424;-3.811969;664;0;2;1687;2372;83.64;70.7;;;
37.682244;-3.811977;665;0;2;1688;2371;83.66;70.68;;;
37.682066;-3.811972;665;0;2;1688;2371;83.68;70.66;;;
37.681893;-3.811906;665;0;2;1688;2371;83.7;70.64;;;
37.681721;-3.811841;666;0;2;1689;2370;83.72;70.62;;;
37.681549;-3.811776;666;0;2;1689;2370;83.74;70.6;;;
37.681382;-3.811690;666;0;2;1689;2370;83.76;70.58;;;
37.681217;-3.811601;667;0;2;1690;2369;83.78;70.56;;;
37.681052;-3.811511;667;0;2;1690;2369;83.8;70.54;;;
37.680905;-3.811381;668;0;2;1691;2368;83.82;70.52;;;
37.680761;-3.811244;668;0;2;1691;2368;83.84;70.5;;;
37.680618;-3.811107;668;0;2;1691;2368;83.86;70.48;;;
37.680446;-3.811043;669;0;2;1692;2367;83.88;70.46;;;
37.680273;-3.810982;669;0;2;1692;2367;83.9;70.44;;;
37.680121;-3.810875;670;0;2;1693;2366;83.92;70.42;;;
37.679995;-3.810712;670;0;2;1693;2366;83.94;70.4;;;
37.679870;-3.810550;671;0;2;1694;2365;83.96;70.38;;;
37.679744;-3.810387;671;0;2;1694;2365;83.98;70.36;;;
37.679589;-3.810283;672;0;2;1695;2364;84;70.34;;;
37.679419;-3.810210;672;0;2;1695;2364;84.02;70.32;;;
37.679249;-3.810137;673;0;2;1696;2363;84.04;70.3;;;
37.679078;-3.810065;673;0;2;1696;2363;84.06;70.28;;;
37.678908;-3.809992;674;0;3;1697;2362;84.08;70.26;;;
37.678737;-3.809920;674;0;3;1697;2362;84.1;70.24;;;
37.678565;-3.809854;675;0;3;1698;2361;84.12;70.22;;;
37.678390;-3.809804;675;0;3;1698;2361;84.14;70.2;;;
37.678215;-3.809753;676;0;3;1699;2360;84.16;70.18;;;
37.678041;-3.809802;677;0;3;1700;2359;84.18;70.16;;;
37.677867;-3.809861;677;0;3;1700;2359;84.2;70.14;;;
37.677715;-3.809983;678;0;3;1701;2358;84.22;70.12;;;
37.677563;-3.810104;678;0;3;1701;2358;84.24;70.1;;;
37.677410;-3.810224;679;0;3;1702;2357;84.26;70.08;;;
37.677247;-3.810319;680;0;3;1703;2356;84.28;70.06;;;
37.677069;-3.810325;680;0;3;1703;2356;84.3;70.04;;;
37.676889;-3.810321;681;0;3;1704;2355;84.32;70.02;;;
37.676709;-3.810316;682;0;4;1705;2354;84.34;70;;;
37.676529;-3.810311;682;0;4;1705;2354;84.36;69.98;;;
37.676349;-3.810306;683;0;4;1706;2353;84.38;69.96;;;
37.676170;-3.810302;684;0;4;1707;2352;84.4;69.94;;;
37.675990;-3.810297;685;0;4;1708;2351;84.42;69.92;;;
37.675810;-3.810292;685;0;4;1708;2351;84.44;69.9;;;
37.675630;-3.810287;686;0;4;1709;2350;84.46;69.88;;;
37.675450;-3.810283;687;0;4;1710;2349;84.48;69.86;;;
37.675271;-3.810278;688;0;4;1711;2348;84.5;69.84;;;
37.675091;-3.810273;689;0;4;1712;2347;84.52;69.82;;;
37.674922;-3.810235;689;0;4;1712;2347;84.54;69.8;;;
37.674794;-3.810075;690;0;5;1713;2346;84.56;69.78;;;
37.674667;-3.809915;691;0;5;1714;2345;84.58;69.76;;;
37.674539;-3.809755;692;0;5;1715;2344;84.6;69.74;;;
37.674403;-3.809610;693;0;5;1716;2343;84.62;69.72;;;
37.674233;-3.809546;694;0;6;1717;2342;84.64;69.7;;;
37.674061;-3.809574;696;0;6;1718;2341;84.66;69.68;;;
37.673901;-3.809673;697;0;6;1720;2339;84.68;69.66;;;
37.673722;-3.809698;698;0;6;1721;2338;84.7;69.64;;;
37.673545;-3.809707;699;0;6;1722;2337;84.72;69.62;;;
37.673379;-3.809621;701;0;6;1724;2335;84.74;69.6;;;
37.673212;-3.809535;702;0;6;1725;2334;84.76;69.58;;;
37.673046;-3.809449;703;0;6;1726;2333;84.78;69.56;;;
37.672878;-3.809369;704;0;6;1727;2332;84.8;69.54;;;
37.672707;-3.809296;705;0;6;1728;2331;84.82;69.52;;;
37.672537;-3.809222;707;0;5;1730;2329;84.84;69.5;;;
37.672378;-3.809116;708;0;5;1730;2329;84.86;69.48;;;
37.672220;-3.809008;709;0;5;1731;2328;84.88;69.46;;;
37.672062;-3.808900;709;0;5;1732;2327;84.9;69.44;;;
37.671904;-3.808791;710;0;5;1733;2326;84.92;69.42;;;
37.671750;-3.808675;711;0;5;1734;2325;84.94;69.4;;;
37.671603;-3.808543;713;0;6;1736;2323;84.96;69.38;;;
37.671457;-3.808411;714;0;6;1737;2322;84.98;69.36;;;
37.671311;-3.808279;715;0;7;1738;2321;85;69.34;;;
37.671167;-3.808143;716;0;7;1739;2320;85.02;69.32;;;
37.671035;-3.807988;718;0;7;1741;2318;85.04;69.3;;;
37.670904;-3.807832;719;0;7;1742;2317;85.06;69.28;;;
37.670779;-3.807668;721;0;7;1744;2315;85.08;69.26;;;
37.670654;-3.807505;723;0;7;1746;2313;85.1;69.24;;;
37.670526;-3.807346;724;0;7;1747;2312;85.12;69.22;;;
37.670370;-3.807243;725;0;7;1748;2311;85.14;69.2;;;
37.670193;-3.807219;727;0;7;1750;2309;85.16;69.18;;;
37.670014;-3.807216;728;0;7;1751;2308;85.18;69.16;;;
37.669852;-3.807117;729;0;7;1752;2307;85.2;69.14;;;
37.669690;-3.807017;731;0;6;1754;2305;85.22;69.12;;;
37.669532;-3.806910;732;0;7;1755;2304;85.24;69.1;;;
37.669375;-3.806798;733;0;7;1756;2303;85.26;69.08;;;
37.669219;-3.806686;734;0;7;1757;2302;85.28;69.06;;;
37.669070;-3.806559;736;0;7;1759;2300;85.3;69.04;;;
37.668931;-3.806415;737;0;7;1760;2299;85.32;69.02;;;
37.668791;-3.806272;739;0;7;1761;2298;85.34;69;;;
37.668652;-3.806129;740;0;7;1763;2296;85.36;68.98;;;
37.668512;-3.805985;741;0;7;1764;2295;85.38;68.96;;;
37.668373;-3.805842;743;0;8;1766;2293;85.4;68.94;;;
37.668233;-3.805699;744;0;8;1767;2292;85.42;68.92;;;
37.668093;-3.805556;746;0;8;1769;2290;85.44;68.9;;;
37.667967;-3.805396;747;0;7;1770;2289;85.46;68.88;;;
37.667908;-3.805187;749;0;7;1772;2287;85.48;68.86;;;
37.667879;-3.804963;751;0;7;1774;2285;85.5;68.84;;;
37.667875;-3.804736;752;0;7;1775;2284;85.52;68.82;;;
37.667872;-3.804509;753;0;7;1776;2283;85.54;68.8;;;
37.667877;-3.804282;755;0;6;1778;2281;85.56;68.78;;;
37.667907;-3.804058;756;0;6;1779;2280;85.58;68.76;;;
37.667934;-3.803834;757;0;6;1780;2279;85.6;68.74;;;
37.667959;-3.803609;758;0;6;1781;2278;85.62;68.72;;;
37.667983;-3.803384;759;0;6;1782;2277;85.64;68.7;;;
37.668007;-3.803158;761;0;6;1784;2275;85.66;68.68;;;
37.668032;-3.802933;762;0;7;1785;2274;85.68;68.66;;;
37.668057;-3.802708;763;0;7;1786;2273;85.7;68.64;;;
37.668074;-3.802484;764;0;7;1787;2272;85.72;68.62;;;
37.668002;-3.802276;766;0;7;1789;2270;85.74;68.6;;;
37.667930;-3.802068;768;0;7;1791;2268;85.76;68.58;;;
37.667837;-3.801877;769;0;7;1792;2267;85.78;68.56;;;
37.667715;-3.801709;770;0;8;1793;2266;85.8;68.54;;;
37.667587;-3.801551;771;0;8;1794;2265;85.82;68.52;;;
37.667455;-3.801396;773;0;7;1796;2263;85.84;68.5;;;
37.667311;-3.801263;775;0;8;1798;2261;85.86;68.48;;;
37.667156;-3.801147;776;0;8;1799;2260;85.88;68.46;;;
37.667011;-3.801016;778;0;9;1801;2258;85.9;68.44;;;
37.666897;-3.800841;779;0;9;1802;2257;85.92;68.42;;;
37.666801;-3.800650;781;0;8;1804;2255;85.94;68.4;;;
37.666711;-3.800453;783;0;8;1806;2253;85.96;68.38;;;
37.666666;-3.800233;785;0;8;1808;2251;85.98;68.36;;;
37.666629;-3.800012;787;0;8;1810;2249;86;68.34;;;
37.666629;-3.799784;788;0;7;1811;2248;86.02;68.32;;;
37.666629;-3.799557;789;0;7;1812;2247;86.04;68.3;;;
37.666629;-3.799330;791;0;7;1813;2246;86.06;68.28;;;
37.666629;-3.799103;792;0;8;1815;2244;86.08;68.26;;;
37.666629;-3.798875;793;0;8;1816;2243;86.1;68.24;;;
37.666629;-3.798648;794;0;8;1817;2242;86.12;68.22;;;
37.666552;-3.798458;797;0;9;1820;2239;86.14;68.2;;;
37.666388;-3.798457;800;0;9;1823;2236;86.16;68.18;;;
37.666283;-3.798637;801;0;9;1824;2235;86.18;68.16;;;
37.666195;-3.798835;803;0;9;1826;2233;86.2;68.14;;;
37.666114;-3.799037;804;0;9;1827;2232;86.22;68.12;;;
37.666003;-3.799208;806;0;8;1829;2230;86.24;68.1;;;
37.665829;-3.799220;808;0;8;1831;2228;86.26;68.08;;;
37.665736;-3.799039;810;0;8;1833;2226;86.28;68.06;;;
37.665676;-3.798825;812;0;7;1834;2225;86.3;68.04;;;
37.665630;-3.798605;813;0;7;1836;2223;86.32;68.02;;;
37.665584;-3.798386;814;0;7;1837;2222;86.34;68;;;
37.665537;-3.798166;815;0;7;1838;2221;86.36;67.98;;;
37.665491;-3.797947;816;0;7;1839;2220;86.38;67.96;;;
37.665400;-3.797751;817;0;7;1840;2219;86.4;67.94;;;
37.665243;-3.797665;820;0;7;1842;2217;86.42;67.92;;;
37.665063;-3.797666;821;0;7;1844;2215;86.44;67.9;;;
37.664884;-3.797680;822;0;7;1845;2214;86.46;67.88;;;
37.664708;-3.797663;824;0;7;1847;2212;86.48;67.86;;;
37.664552;-3.797560;825;0;6;1848;2211;86.5;67.84;;;
37.664432;-3.797390;826;0;6;1849;2210;86.52;67.82;;;
37.664313;-3.797221;827;0;6;1850;2209;86.54;67.8;;;
37.664193;-3.797051;828;0;6;1851;2208;86.56;67.78;;;
37.664067;-3.796889;830;0;6;1852;2207;86.58;67.76;;;
37.663920;-3.796769;831;0;6;1854;2205;86.6;67.74;;;
37.663743;-3.796738;832;0;6;1855;2204;86.62;67.72;;;
37.663563;-3.796736;833;0;6;1856;2203;86.64;67.7;;;
37.663383;-3.796733;834;0;5;1857;2202;86.66;67.68;;;
37.663203;-3.796731;835;0;5;1858;2201;86.68;67.66;;;
37.663026;-3.796704;836;0;5;1859;2200;86.7;67.64;;;
37.662851;-3.796652;837;0;6;1860;2199;86.72;67.62;;;
37.662676;-3.796599;838;0;6;1861;2198;86.74;67.6;;;
37.662514;-3.796505;840;0;6;1863;2196;86.76;67.58;;;
37.662361;-3.796386;841;0;6;1864;2195;86.78;67.56;;;
37.662230;-3.796233;843;0;6;1866;2193;86.8;67.54;;;
37.662139;-3.796039;844;0;7;1867;2192;86.82;67.52;;;
37.662080;-3.795824;845;0;7;1868;2191;86.84;67.5;;;
37.662021;-3.795610;846;0;8;1869;2190;86.86;67.48;;;
37.661946;-3.795406;847;0;7;1870;2189;86.88;67.46;;;
37.661817;-3.795253;849;0;7;1872;2187;86.9;67.44;;;
37.661647;-3.795297;852;0;7;1875;2184;86.92;67.42;;;
37.661506;-3.795434;853;0;8;1876;2183;86.94;67.4;;;
37.661370;-3.795583;854;0;9;1877;2182;86.96;67.38;;;
37.661241;-3.795741;856;0;9;1879;2180;86.98;67.36;;;
37.661114;-3.795902;857;0;9;1880;2179;87;67.34;;;
37.660969;-3.796031;859;0;9;1882;2177;87.02;67.32;;;
37.660801;-3.795991;862;0;9;1885;2174;87.04;67.3;;;
37.660696;-3.795815;864;0;9;1887;2172;87.06;67.28;;;
37.660618;-3.795610;866;0;8;1889;2170;87.08;67.26;;;
37.660498;-3.795457;867;0;8;1890;2169;87.1;67.24;;;
37.660337;-3.795354;868;0;6;1891;2168;87.12;67.22;;;
37.660166;-3.795284;869;0;6;1892;2167;87.14;67.2;;;
37.659994;-3.795235;870;0;6;1893;2166;87.16;67.18;;;
37.659815;-3.795262;872;0;6;1895;2164;87.18;67.16;;;
37.659637;-3.795290;873;0;7;1896;2163;87.2;67.14;;;
37.659459;-3.795270;874;0;7;1897;2162;87.22;67.12;;;
37.659310;-3.795166;876;0;7;1899;2160;87.24;67.1;;;
37.659190;-3.794997;878;0;7;1901;2158;87.26;67.08;;;
37.659062;-3.794838;879;0;7;1902;2157;87.28;67.06;;;
37.658923;-3.794722;880;0;7;1903;2156;87.3;67.04;;;
37.658756;-3.794806;882;0;7;1905;2154;87.32;67.02;;;
37.658589;-3.794890;883;0;7;1906;2153;87.34;67;;;
37.658422;-3.794973;884;0;7;1907;2152;87.36;66.98;;;
37.658253;-3.795048;885;0;7;1908;2151;87.38;66.96;;;
37.658074;-3.795038;887;0;7;1910;2149;87.4;66.94;;;
37.657896;-3.795013;889;0;7;1912;2147;87.42;66.92;;;
37.657723;-3.794952;890;0;7;1913;2146;87.44;66.9;;;
37.657550;-3.794889;891;0;7;1914;2145;87.46;66.88;;;
37.657391;-3.794793;892;0;7;1915;2144;87.48;66.86;;;
37.657259;-3.794639;894;0;7;1917;2142;87.5;66.84;;;
37.657154;-3.794455;895;0;7;1918;2141;87.52;66.82;;;
37.657044;-3.794277;897;0;7;1920;2139;87.54;66.8;;;
37.656892;-3.794156;899;0;7;1922;2137;87.56;66.78;;;
37.656740;-3.794035;900;0;7;1923;2136;87.58;66.76;;;
37.656588;-3.793914;901;0;6;1924;2135;87.6;66.74;;;
37.656422;-3.793839;902;0;6;1925;2134;87.62;66.72;;;
37.656244;-3.793802;904;0;6;1926;2133;87.64;66.7;;;
37.656069;-3.793849;905;0;5;1928;2131;87.66;66.68;;;
37.655895;-3.793903;906;0;5;1929;2130;87.68;66.66;;;
37.655722;-3.793965;907;0;5;1930;2129;87.7;66.64;;;
37.655553;-3.794042;908;0;5;1931;2128;87.72;66.62;;;
37.655383;-3.794119;909;0;6;1932;2127;87.74;66.6;;;
37.655214;-3.794196;910;0;6;1933;2126;87.76;66.58;;;
37.655045;-3.794273;911;0;6;1934;2125;87.78;66.56;;;
37.654885;-3.794376;912;0;6;1935;2124;87.8;66.54;;;
37.654743;-3.794506;914;0;6;1937;2122;87.82;66.52;;;
37.654654;-3.794699;915;0;6;1938;2121;87.84;66.5;;;
37.654601;-3.794913;916;0;6;1939;2120;87.86;66.48;;;
37.654623;-3.795139;917;0;6;1940;2119;87.88;66.46;;;
37.654664;-3.795357;919;0;5;1942;2117;87.9;66.44;;;
37.654776;-3.795530;920;0;5;1943;2116;87.92;66.42;;;
37.654914;-3.795676;921;0;5;1944;2115;87.94;66.4;;;
37.655052;-3.795821;922;0;5;1945;2114;87.96;66.38;;;
37.655190;-3.795967;923;0;5;1945;2114;87.98;66.36;;;
37.655328;-3.796113;923;0;4;1946;2113;88;66.34;;;
37.655450;-3.796276;924;0;4;1947;2112;88.02;66.32;;;
37.655551;-3.796464;925;0;4;1948;2111;88.04;66.3;;;
37.655652;-3.796652;926;0;4;1949;2110;88.06;66.28;;;
37.655753;-3.796841;927;0;4;1950;2109;88.08;66.26;;;
37.655885;-3.796989;928;0;4;1951;2108;88.1;66.24;;;
37.656034;-3.797115;928;0;4;1951;2108;88.12;66.22;;;
37.656184;-3.797241;929;0;4;1952;2107;88.14;66.2;;;
37.656327;-3.797378;929;0;4;1952;2107;88.16;66.18;;;
37.656452;-3.797540;930;0;4;1953;2106;88.18;66.16;;;
37.656539;-3.797739;931;0;4;1954;2105;88.2;66.14;;;
37.656597;-3.797954;932;0;5;1955;2104;88.22;66.12;;;
37.656633;-3.798176;933;0;5;1956;2103;88.24;66.1;;;
37.656632;-3.798402;934;0;5;1957;2102;88.26;66.08;;;
37.656622;-3.798629;935;0;5;1958;2101;88.28;66.06;;;
37.656652;-3.798850;936;0;5;1959;2100;88.3;66.04;;;
37.656745;-3.799040;938;0;5;1961;2098;88.32;66.02;;;
37.656904;-3.799146;938;0;5;1961;2098;88.34;66;;;
37.657063;-3.799252;939;0;5;1962;2097;88.36;65.98;;;
37.657200;-3.799392;940;0;5;1963;2096;88.38;65.96;;;
37.657237;-3.799606;941;0;5;1964;2095;88.4;65.94;;;
37.657248;-3.799833;942;0;5;1965;2094;88.42;65.92;;;
37.657262;-3.800059;943;0;6;1966;2093;88.44;65.9;;;
37.657338;-3.800264;944;0;5;1967;2092;88.46;65.88;;;
37.657448;-3.800444;945;0;6;1968;2091;88.48;65.86;;;
37.657560;-3.800621;947;0;6;1970;2089;88.5;65.84;;;
37.657710;-3.800731;948;0;7;1971;2088;88.52;65.82;;;
37.657888;-3.800767;949;0;6;1972;2087;88.54;65.8;;;
37.658063;-3.800810;950;0;6;1973;2086;88.56;65.78;;;
37.658201;-3.800953;952;0;6;1975;2084;88.58;65.76;;;
37.658273;-3.801157;954;0;6;1977;2082;88.6;65.74;;;
37.658273;-3.801383;955;0;6;1978;2081;88.62;65.72;;;
37.658288;-3.801606;956;0;5;1979;2080;88.64;65.7;;;
37.658356;-3.801814;957;0;5;1980;2079;88.66;65.68;;;
37.658471;-3.801988;958;0;6;1980;2079;88.68;65.66;;;
37.658586;-3.802163;958;0;6;1981;2078;88.7;65.64;;;
37.658701;-3.802337;959;0;6;1982;2077;88.72;65.62;;;
37.658795;-3.802531;961;0;6;1984;2075;88.74;65.6;;;
37.658841;-3.802742;963;0;6;1986;2073;88.76;65.58;;;
37.658804;-3.802964;964;0;6;1987;2072;88.78;65.56;;;
37.658745;-3.803179;965;0;6;1988;2071;88.8;65.54;;;
37.658707;-3.803400;966;0;6;1989;2070;88.82;65.52;;;
37.658676;-3.803624;967;0;6;1990;2069;88.84;65.5;;;
37.658646;-3.803848;968;0;6;1991;2068;88.86;65.48;;;
37.658615;-3.804072;969;0;6;1992;2067;88.88;65.46;;;
37.658585;-3.804296;971;0;6;1994;2065;88.9;65.44;;;
37.658537;-3.804514;972;0;6;1995;2064;88.92;65.42;;;
37.658471;-3.804725;973;0;6;1996;2063;88.94;65.4;;;
37.658405;-3.804937;974;0;6;1997;2062;88.96;65.38;;;
37.658339;-3.805148;975;0;6;1998;2061;88.98;65.36;;;
37.658279;-3.805361;977;0;6;2000;2059;89;65.34;;;
37.658290;-3.805585;978;0;6;2001;2058;89.02;65.32;;;
37.658354;-3.805797;979;0;6;2002;2057;89.04;65.3;;;
37.658418;-3.806010;980;0;6;2003;2056;89.06;65.28;;;
37.658482;-3.806222;981;0;6;2004;2055;89.08;65.26;;;
37.658570;-3.806420;982;0;6;2005;2054;89.1;65.24;;;
37.658666;-3.806612;983;0;6;2006;2053;89.12;65.22;;;
37.658758;-3.806806;984;0;6;2007;2052;89.14;65.2;;;
37.658840;-3.807008;986;0;6;2009;2050;89.16;65.18;;;
37.658922;-3.807211;987;0;6;2010;2049;89.18;65.16;;;
37.658969;-3.807428;988;0;6;2011;2048;89.2;65.14;;;
37.658987;-3.807653;989;0;6;2012;2047;89.22;65.12;;;
37.658979;-3.807880;990;0;6;2013;2046;89.24;65.1;;;
37.658971;-3.808107;992;0;5;2014;2045;89.26;65.08;;;
37.658963;-3.808334;993;0;6;2015;2044;89.28;65.06;;;
37.658956;-3.808561;994;0;6;2017;2042;89.3;65.04;;;
37.658948;-3.808788;995;0;6;2018;2041;89.32;65.02;;;
37.658940;-3.809015;996;0;7;2019;2040;89.34;65;;;
37.658948;-3.809242;997;0;7;2020;2039;89.36;64.98;;;
37.659024;-3.809446;999;0;7;2022;2037;89.38;64.96;;;
37.659105;-3.809649;1001;0;7;2024;2035;89.4;64.94;;;
37.659206;-3.809837;1002;0;7;2025;2034;89.42;64.92;;;
37.659308;-3.810024;1003;0;6;2026;2033;89.44;64.9;;;
37.659410;-3.810212;1005;0;6;2028;2031;89.46;64.88;;;
37.659525;-3.810382;1006;0;6;2029;2030;89.48;64.86;;;
37.659671;-3.810515;1007;0;6;2030;2029;89.5;64.84;;;
37.659826;-3.810630;1008;0;7;2031;2028;89.52;64.82;;;
37.659985;-3.810736;1009;0;7;2032;2027;89.54;64.8;;;
37.660144;-3.810842;1010;0;8;2033;2026;89.56;64.78;;;
37.660243;-3.811008;1012;0;8;2035;2024;89.58;64.76;;;
37.660115;-3.811108;1015;0;8;2038;2021;89.6;64.74;;;
37.659940;-3.811063;1017;0;8;2040;2019;89.62;64.72;;;
37.659775;-3.810972;1018;0;8;2041;2018;89.64;64.7;;;
37.659610;-3.810881;1019;0;7;2042;2017;89.66;64.68;;;
37.659453;-3.810772;1021;0;6;2044;2015;89.68;64.66;;;
37.659296;-3.810660;1022;0;6;2045;2014;89.7;64.64;;;
37.659140;-3.810548;1023;0;6;2046;2013;89.72;64.62;;;
37.658986;-3.810430;1024;0;6;2047;2012;89.74;64.6;;;
37.658839;-3.810299;1025;0;5;2048;2011;89.76;64.58;;;
37.658693;-3.810167;1026;0;5;2049;2010;89.78;64.56;;;
37.658546;-3.810035;1027;0;5;2050;2009;89.8;64.54;;;
37.658403;-3.809899;1028;0;5;2051;2008;89.82;64.52;;;
37.658268;-3.809748;1029;0;5;2052;2007;89.84;64.5;;;
37.658133;-3.809598;1030;0;5;2053;2006;89.86;64.48;;;
37.657998;-3.809448;1031;0;5;2054;2005;89.88;64.46;;;
37.657863;-3.809298;1032;0;5;2055;2004;89.9;64.44;;;
37.657728;-3.809148;1033;0;5;2056;2003;89.92;64.42;;;
37.657620;-3.808973;1034;0;5;2057;2002;89.94;64.4;;;
37.657548;-3.808765;1036;0;5;2058;2001;89.96;64.38;;;
37.657477;-3.808556;1037;0;5;2060;1999;89.98;64.36;;;
37.657405;-3.808348;1038;0;5;2061;1998;90;64.34;;;
37.657333;-3.808140;1039;0;5;2062;1997;90.02;64.32;;;
37.657261;-3.807931;1040;0;5;2063;1996;90.04;64.3;;;
37.657190;-3.807723;1041;0;5;2064;1995;90.06;64.28;;;
37.657119;-3.807514;1042;0;5;2065;1994;90.08;64.26;;;
37.657095;-3.807289;1043;0;5;2066;1993;90.1;64.24;;;
37.657094;-3.807063;1044;0;5;2067;1992;90.12;64.22;;;
37.657087;-3.806838;1045;0;5;2068;1991;90.14;64.2;;;
37.657035;-3.806621;1046;0;5;2069;1990;90.16;64.18;;;
37.656935;-3.806432;1047;0;6;2070;1989;90.18;64.16;;;
37.656835;-3.806243;1047;0;6;2070;1989;90.2;64.14;;;
37.656726;-3.806069;1048;0;6;2071;1988;90.22;64.12;;;
37.656596;-3.806125;1051;0;6;2074;1985;90.24;64.1;;;
37.656636;-3.806332;1052;0;6;2075;1984;90.26;64.08;;;
37.656732;-3.806524;1054;0;6;2077;1982;90.28;64.06;;;
37.656808;-3.806728;1055;0;6;2077;1982;90.3;64.04;;;
37.656849;-3.806947;1055;0;5;2078;1981;90.32;64.02;;;
37.656835;-3.807172;1057;0;5;2079;1980;90.34;64;;;
37.656786;-3.807388;1058;0;5;2080;1979;90.36;63.98;;;
37.656668;-3.807560;1058;0;5;2081;1978;90.38;63.96;;;
37.656550;-3.807730;1059;0;6;2082;1977;90.4;63.94;;;
37.656461;-3.807926;1061;0;5;2083;1976;90.42;63.92;;;
37.656388;-3.808133;1062;0;5;2085;1974;90.44;63.9;;;
37.656372;-3.808357;1063;0;5;2086;1973;90.46;63.88;;;
37.656408;-3.808580;1064;0;5;2087;1972;90.48;63.86;;;
37.656501;-3.808774;1065;0;5;2088;1971;90.5;63.84;;;
37.656596;-3.808966;1066;0;4;2089;1970;90.52;63.82;;;
37.656692;-3.809158;1066;0;4;2089;1970;90.54;63.8;;;
37.656788;-3.809351;1067;0;4;2090;1969;90.56;63.78;;;
37.656883;-3.809543;1068;0;4;2091;1968;90.58;63.76;;;
37.656979;-3.809735;1069;0;4;2092;1967;90.6;63.74;;;
37.657075;-3.809928;1069;0;4;2092;1967;90.62;63.72;;;
37.657171;-3.810120;1070;0;4;2093;1966;90.64;63.7;;;
37.657266;-3.810313;1071;0;4;2094;1965;90.66;63.68;;;
37.657342;-3.810516;1072;0;4;2095;1964;90.68;63.66;;;
37.657392;-3.810735;1073;0;4;2096;1963;90.7;63.64;;;
37.657443;-3.810953;1074;0;5;2097;1962;90.72;63.62;;;
37.657493;-3.811171;1075;0;5;2097;1962;90.74;63.6;;;
37.657543;-3.811389;1076;0;5;2098;1961;90.76;63.58;;;
37.657593;-3.811607;1077;0;5;2099;1960;90.78;63.56;;;
37.657643;-3.811825;1078;0;5;2100;1959;90.8;63.54;;;
37.657693;-3.812043;1079;0;5;2102;1957;90.82;63.52;;;
37.657744;-3.812262;1080;0;5;2103;1956;90.84;63.5;;;
37.657794;-3.812480;1081;0;5;2104;1955;90.86;63.48;;;
37.657844;-3.812698;1082;0;5;2105;1954;90.88;63.46;;;
37.657894;-3.812916;1083;0;5;2106;1953;90.9;63.44;;;
37.657997;-3.813100;1083;0;6;2106;1953;90.92;63.42;;;
37.658092;-3.813291;1084;0;6;2107;1952;90.94;63.4;;;
37.658110;-3.813506;1086;0;6;2109;1950;90.96;63.38;;;
37.658034;-3.813709;1087;0;6;2110;1949;90.98;63.36;;;
37.657951;-3.813908;1089;0;6;2111;1948;91;63.34;;;
37.657915;-3.814126;1090;0;6;2113;1946;91.02;63.32;;;
37.657935;-3.814351;1091;0;6;2114;1945;91.04;63.3;;;
37.657954;-3.814577;1092;0;5;2115;1944;91.06;63.28;;;
37.657912;-3.814793;1093;0;5;2116;1943;91.08;63.26;;;
37.657848;-3.815006;1094;0;5;2117;1942;91.1;63.24;;;
37.657784;-3.815218;1095;0;5;2118;1941;91.12;63.22;;;
37.657719;-3.815430;1096;0;5;2119;1940;91.14;63.2;;;
37.657660;-3.815644;1097;0;5;2120;1939;91.16;63.18;;;
37.657610;-3.815862;1098;0;5;2121;1938;91.18;63.16;;;
37.657623;-3.816085;1099;0;5;2122;1937;91.2;63.14;;;
37.657653;-3.816309;1100;0;5;2123;1936;91.22;63.12;;;
37.657682;-3.816533;1101;0;5;2124;1935;91.24;63.1;;;
37.657677;-3.816755;1102;0;5;2125;1934;91.26;63.08;;;
37.657627;-3.816973;1103;0;5;2126;1933;91.28;63.06;;;
37.657576;-3.817191;1104;0;5;2127;1932;91.3;63.04;;;
37.657526;-3.817409;1105;0;5;2128;1931;91.32;63.02;;;
37.657475;-3.817627;1106;0;5;2129;1930;91.34;63;;;
37.657425;-3.817845;1107;0;5;2130;1929;91.36;62.98;;;
37.657437;-3.818070;1108;0;5;2131;1928;91.38;62.96;;;
37.657458;-3.818295;1109;0;5;2132;1927;91.4;62.94;;;
37.657478;-3.818521;1110;0;5;2133;1926;91.42;62.92;;;
37.657499;-3.818747;1111;0;5;2134;1925;91.44;62.9;;;
37.657520;-3.818972;1112;0;6;2135;1924;91.46;62.88;;;
37.657540;-3.819198;1113;0;6;2136;1923;91.48;62.86;;;
37.657525;-3.819421;1114;0;6;2137;1922;91.5;62.84;;;
37.657456;-3.819627;1116;0;6;2139;1920;91.52;62.82;;;
37.657342;-3.819798;1117;0;6;2140;1919;91.54;62.8;;;
37.657188;-3.819917;1118;0;6;2141;1918;91.56;62.78;;;
37.657034;-3.820034;1119;0;6;2142;1917;91.58;62.76;;;
37.656881;-3.820152;1121;0;6;2144;1915;91.6;62.74;;;
37.656727;-3.820271;1122;0;6;2145;1914;91.62;62.72;;;
37.656573;-3.820388;1123;0;7;2146;1913;91.64;62.7;;;
37.656490;-3.820586;1125;0;7;2148;1911;91.66;62.68;;;
37.656414;-3.820792;1126;0;7;2149;1910;91.68;62.66;;;
37.656370;-3.821010;1127;0;7;2150;1909;91.7;62.64;;;
37.656342;-3.821234;1129;0;7;2152;1907;91.72;62.62;;;
37.656289;-3.821449;1130;0;6;2153;1906;91.74;62.6;;;
37.656163;-3.821596;1132;0;6;2155;1904;91.76;62.58;;;
37.656006;-3.821707;1133;0;6;2156;1903;91.78;62.56;;;
37.655848;-3.821816;1134;0;6;2157;1902;91.8;62.54;;;
37.655702;-3.821943;1135;0;6;2158;1901;91.82;62.52;;;
37.655594;-3.822124;1136;0;6;2159;1900;91.84;62.5;;;
37.655484;-3.822304;1138;0;7;2160;1899;91.86;62.48;;;
37.655400;-3.822504;1139;0;7;2162;1897;91.88;62.46;;;
37.655320;-3.822708;1140;0;8;2163;1896;91.9;62.44;;;
37.655240;-3.822911;1142;0;8;2165;1894;91.92;62.42;;;
37.655169;-3.823117;1143;0;8;2166;1893;91.94;62.4;;;
37.655209;-3.823330;1146;0;8;2169;1890;91.96;62.38;;;
37.655339;-3.823485;1147;0;7;2170;1889;91.98;62.36;;;
37.655473;-3.823636;1149;0;7;2171;1888;92;62.34;;;
37.655547;-3.823828;1150;0;7;2173;1886;92.02;62.32;;;
37.655563;-3.824054;1151;0;7;2174;1885;92.04;62.3;;;
37.655578;-3.824281;1152;0;7;2175;1884;92.06;62.28;;;
37.655586;-3.824507;1153;0;7;2176;1883;92.08;62.26;;;
37.655575;-3.824734;1155;0;7;2178;1881;92.1;62.24;;;
37.655543;-3.824955;1157;0;7;2180;1879;92.12;62.22;;;
37.655484;-3.825170;1159;0;8;2182;1877;92.14;62.2;;;
37.655389;-3.825358;1160;0;7;2183;1876;92.16;62.18;;;
37.655264;-3.825521;1162;0;7;2185;1874;92.18;62.16;;;
37.655131;-3.825675;1163;0;7;2186;1873;92.2;62.14;;;
37.654999;-3.825828;1164;0;6;2187;1872;92.22;62.12;;;
37.654866;-3.825982;1165;0;6;2188;1871;92.24;62.1;;;
37.654734;-3.826135;1167;0;6;2190;1869;92.26;62.08;;;
37.654601;-3.826289;1168;0;6;2191;1868;92.28;62.06;;;
37.654468;-3.826442;1169;0;6;2192;1867;92.3;62.04;;;
37.654335;-3.826595;1170;0;6;2193;1866;92.32;62.02;;;
37.654203;-3.826749;1171;0;6;2194;1865;92.34;62;;;
37.654070;-3.826902;1173;0;6;2196;1863;92.36;61.98;;;
37.653938;-3.827056;1174;0;6;2197;1862;92.38;61.96;;;
37.653804;-3.827208;1175;0;6;2198;1861;92.4;61.94;;;
37.653701;-3.827392;1176;0;6;2199;1860;92.42;61.92;;;
37.653609;-3.827587;1177;0;6;2200;1859;92.44;61.9;;;
37.653538;-3.827795;1178;0;5;2201;1858;92.46;61.88;;;
37.653479;-3.828009;1179;0;5;2202;1857;92.48;61.86;;;
37.653419;-3.828223;1180;0;5;2203;1856;92.5;61.84;;;
37.653359;-3.828438;1181;0;4;2204;1855;92.52;61.82;;;
37.653264;-3.828627;1182;0;4;2205;1854;92.54;61.8;;;
37.653152;-3.828804;1183;0;4;2206;1853;92.56;61.78;;;
37.653039;-3.828981;1184;0;4;2207;1852;92.58;61.76;;;
37.652910;-3.829138;1185;0;4;2208;1851;92.6;61.74;;;
37.652768;-3.829278;1185;0;3;2208;1851;92.62;61.72;;;
37.652626;-3.829417;1186;0;3;2209;1850;92.64;61.7;;;
37.652484;-3.829557;1187;0;3;2210;1849;92.66;61.68;;;
37.652343;-3.829697;1187;0;3;2210;1849;92.68;61.66;;;
37.652209;-3.829848;1188;0;3;2211;1848;92.7;61.64;;;
37.652075;-3.830000;1188;0;2;2211;1848;92.72;61.62;;;
37.651940;-3.830151;1189;0;2;2212;1847;92.74;61.6;;;
37.651901;-3.830340;1189;0;2;2212;1847;92.76;61.58;;;
37.651936;-3.830562;1189;0;1;2212;1847;92.78;61.56;;;
37.651958;-3.830788;1190;0;1;2213;1846;92.8;61.54;18;summit;2
37.651979;-3.831014;1190;0;1;2213;1846;92.82;61.52;;;
37.652001;-3.831239;1190;0;1;2213;1846;92.84;61.5;;;
37.652022;-3.831465;1190;0;0;2213;1846;92.86;61.48;;;
37.652044;-3.831690;1190;0;0;2213;1846;92.88;61.46;;;
37.652066;-3.831916;1190;0;0;2213;1846;92.9;61.44;;;
37.652087;-3.832141;1190;0;0;2213;1846;92.92;61.42;;;
37.652112;-3.832366;1190;0;-1;2213;1846;92.94;61.4;;;
37.652143;-3.832590;1190;0;-1;2213;1846;92.96;61.38;;;
37.652174;-3.832814;1189;0;-1;2213;1846;92.98;61.36;;;
37.652204;-3.833038;1189;0;-2;2213;1846;93;61.34;;;
37.652234;-3.833262;1189;0;-2;2213;1846;93.02;61.32;;;
37.652264;-3.833486;1188;0;-2;2213;1846;93.04;61.3;;;
37.652295;-3.833710;1188;0;-2;2213;1846;93.06;61.28;;;
37.652325;-3.833933;1187;0;-3;2213;1846;93.08;61.26;;;
37.652355;-3.834157;1187;0;-3;2213;1846;93.1;61.24;;;
37.652386;-3.834381;1186;0;-3;2213;1846;93.12;61.22;;;
37.652416;-3.834605;1186;0;-3;2213;1846;93.14;61.2;;;
37.652385;-3.834827;1185;0;-3;2213;1846;93.16;61.18;;;
37.652287;-3.835017;1184;0;-3;2213;1846;93.18;61.16;;;
37.652182;-3.835201;1183;0;-3;2213;1846;93.2;61.14;;;
37.652070;-3.835380;1183;0;-3;2213;1846;93.22;61.12;;;
37.651958;-3.835558;1182;0;-3;2213;1846;93.24;61.1;;;
37.651847;-3.835736;1182;0;-4;2213;1846;93.26;61.08;;;
37.651736;-3.835914;1181;0;-4;2213;1846;93.28;61.06;;;
37.651624;-3.836092;1180;0;-4;2213;1846;93.3;61.04;;;
37.651525;-3.836281;1179;0;-4;2213;1846;93.32;61.02;;;
37.651489;-3.836501;1178;0;-4;2213;1846;93.34;61;;;
37.651489;-3.836729;1177;0;-4;2213;1846;93.36;60.98;;;
37.651489;-3.836956;1177;0;-4;2213;1846;93.38;60.96;;;
37.651489;-3.837183;1176;0;-4;2213;1846;93.4;60.94;;;
37.651489;-3.837410;1175;0;-3;2213;1846;93.42;60.92;;;
37.651489;-3.837637;1175;0;-3;2213;1846;93.44;60.9;;;
37.651489;-3.837864;1174;0;-4;2213;1846;93.46;60.88;;;
37.651505;-3.838090;1173;0;-4;2213;1846;93.48;60.86;;;
37.651551;-3.838308;1172;0;-4;2213;1846;93.5;60.84;;;
37.651618;-3.838519;1172;0;-4;2213;1846;93.52;60.82;;;
37.651685;-3.838730;1171;0;-4;2213;1846;93.54;60.8;;;
37.651752;-3.838941;1170;0;-4;2213;1846;93.56;60.78;;;
37.651819;-3.839151;1169;0;-4;2213;1846;93.58;60.76;;;
37.651891;-3.839359;1169;0;-4;2213;1846;93.6;60.74;;;
37.651979;-3.839558;1168;0;-4;2213;1846;93.62;60.72;;;
37.652066;-3.839756;1167;0;-4;2213;1846;93.64;60.7;;;
37.652154;-3.839954;1166;0;-4;2213;1846;93.66;60.68;;;
37.652242;-3.840153;1166;0;-4;2213;1846;93.68;60.66;;;
37.652329;-3.840351;1165;0;-3;2213;1846;93.7;60.64;;;
37.652417;-3.840550;1164;0;-3;2213;1846;93.72;60.62;;;
37.652504;-3.840748;1164;0;-3;2213;1846;93.74;60.6;;;
37.652591;-3.840947;1163;0;-3;2213;1846;93.76;60.58;;;
37.652679;-3.841145;1162;0;-3;2213;1846;93.78;60.56;;;
37.652766;-3.841344;1162;0;-3;2213;1846;93.8;60.54;;;
37.652854;-3.841542;1161;0;-3;2213;1846;93.82;60.52;;;
37.652940;-3.841742;1160;0;-3;2213;1846;93.84;60.5;;;
37.652996;-3.841957;1160;0;-2;2213;1846;93.86;60.48;;;
37.653040;-3.842178;1160;0;-2;2213;1846;93.88;60.46;;;
37.653083;-3.842398;1159;0;-2;2213;1846;93.9;60.44;;;
37.653125;-3.842619;1159;0;-2;2213;1846;93.92;60.42;;;
37.653168;-3.842840;1159;0;-2;2213;1846;93.94;60.4;;;
37.653210;-3.843061;1158;0;-2;2213;1846;93.96;60.38;;;
37.653254;-3.843281;1158;0;-2;2213;1846;93.98;60.36;;;
37.653297;-3.843502;1158;0;-1;2213;1846;94;60.34;;;
37.653339;-3.843722;1157;0;-1;2213;1846;94.02;60.32;;;
37.653382;-3.843943;1157;0;-1;2213;1846;94.04;60.3;;;
37.653424;-3.844164;1157;0;-1;2213;1846;94.06;60.28;;;
37.653468;-3.844384;1157;0;-2;2213;1846;94.08;60.26;;;
37.653510;-3.844605;1156;0;-2;2213;1846;94.1;60.24;;;
37.653553;-3.844826;1156;0;-2;2213;1846;94.12;60.22;;;
37.653595;-3.845046;1156;0;-2;2213;1846;94.14;60.2;;;
37.653637;-3.845267;1155;0;-2;2213;1846;94.16;60.18;;;
37.653678;-3.845489;1155;0;-2;2213;1846;94.18;60.16;;;
37.653719;-3.845710;1154;0;-2;2213;1846;94.2;60.14;;;
37.653759;-3.845931;1154;0;-2;2213;1846;94.22;60.12;;;
37.653786;-3.846156;1154;0;-2;2213;1846;94.24;60.1;;;
37.653799;-3.846382;1153;0;-2;2213;1846;94.26;60.08;;;
37.653799;-3.846609;1153;0;-2;2213;1846;94.28;60.06;;;
37.653799;-3.846836;1153;0;-2;2213;1846;94.3;60.04;;;
37.653799;-3.847063;1152;0;-2;2213;1846;94.32;60.02;;;
37.653799;-3.847291;1152;0;-2;2213;1846;94.34;60;;;
37.653799;-3.847518;1152;0;-2;2213;1846;94.36;59.98;;;
37.653799;-3.847745;1151;0;-2;2213;1846;94.38;59.96;;;
37.653761;-3.847964;1151;0;-2;2213;1846;94.4;59.94;;;
37.653700;-3.848177;1150;0;-3;2213;1846;94.42;59.92;;;
37.653638;-3.848391;1150;0;-3;2213;1846;94.44;59.9;;;
37.653595;-3.848611;1149;0;-3;2213;1846;94.46;59.88;;;
37.653573;-3.848836;1149;0;-3;2213;1846;94.48;59.86;;;
37.653577;-3.849063;1148;0;-3;2213;1846;94.5;59.84;;;
37.653589;-3.849289;1147;0;-3;2213;1846;94.52;59.82;;;
37.653602;-3.849516;1147;0;-3;2213;1846;94.54;59.8;;;
37.653614;-3.849742;1146;0;-3;2213;1846;94.56;59.78;;;
37.653627;-3.849969;1145;0;-3;2213;1846;94.58;59.76;;;
37.653640;-3.850196;1145;0;-3;2213;1846;94.6;59.74;;;
37.653653;-3.850422;1144;0;-4;2213;1846;94.62;59.72;;;
37.653665;-3.850649;1143;0;-4;2213;1846;94.64;59.7;;;
37.653677;-3.850876;1142;0;-4;2213;1846;94.66;59.68;;;
37.653690;-3.851102;1142;0;-4;2213;1846;94.68;59.66;;;
37.653703;-3.851329;1141;0;-5;2213;1846;94.7;59.64;;;
37.653715;-3.851555;1140;0;-5;2213;1846;94.72;59.62;;;
37.653704;-3.851781;1139;0;-5;2213;1846;94.74;59.6;;;
37.653634;-3.851988;1137;0;-5;2213;1846;94.76;59.58;;;
37.653529;-3.852172;1136;0;-5;2213;1846;94.78;59.56;;;
37.653424;-3.852357;1135;0;-5;2213;1846;94.8;59.54;;;
37.653330;-3.852549;1134;0;-5;2213;1846;94.82;59.52;;;
37.653254;-3.852755;1134;0;-5;2213;1846;94.84;59.5;;;
37.653195;-3.852970;1133;0;-5;2213;1846;94.86;59.48;;;
37.653155;-3.853190;1132;0;-5;2213;1846;94.88;59.46;;;
37.653129;-3.853415;1131;0;-5;2213;1846;94.9;59.44;;;
37.653121;-3.853642;1130;0;-5;2213;1846;94.92;59.42;;;
37.653113;-3.853869;1129;0;-5;2213;1846;94.94;59.4;;;
37.653105;-3.854096;1128;0;-5;2213;1846;94.96;59.38;;;
37.653096;-3.854323;1127;0;-5;2213;1846;94.98;59.36;;;
37.653094;-3.854549;1126;0;-5;2213;1846;95;59.34;;;
37.653117;-3.854775;1125;0;-5;2213;1846;95.02;59.32;;;
37.653141;-3.855000;1124;0;-5;2213;1846;95.04;59.3;;;
37.653164;-3.855225;1123;0;-5;2213;1846;95.06;59.28;;;
37.653188;-3.855450;1122;0;-5;2213;1846;95.08;59.26;;;
37.653211;-3.855676;1121;0;-5;2213;1846;95.1;59.24;;;
37.653238;-3.855900;1120;0;-5;2213;1846;95.12;59.22;;;
37.653286;-3.856119;1119;0;-5;2213;1846;95.14;59.2;;;
37.653334;-3.856338;1118;0;-5;2213;1846;95.16;59.18;;;
37.653381;-3.856557;1117;0;-5;2213;1846;95.18;59.16;;;
37.653429;-3.856776;1116;0;-5;2213;1846;95.2;59.14;;;
37.653476;-3.856995;1115;0;-5;2213;1846;95.22;59.12;;;
37.653524;-3.857214;1114;0;-5;2213;1846;95.24;59.1;;;
37.653571;-3.857434;1113;0;-5;2213;1846;95.26;59.08;;;
37.653619;-3.857652;1112;0;-5;2213;1846;95.28;59.06;;;
37.653667;-3.857872;1111;0;-5;2213;1846;95.3;59.04;;;
37.653713;-3.858091;1110;0;-5;2213;1846;95.32;59.02;;;
37.653748;-3.858314;1109;0;-6;2213;1846;95.34;59;;;
37.653784;-3.858537;1108;0;-6;2213;1846;95.36;58.98;;;
37.653819;-3.858759;1106;0;-6;2213;1846;95.38;58.96;;;
37.653855;-3.858982;1105;0;-6;2213;1846;95.4;58.94;;;
37.653891;-3.859205;1104;0;-6;2213;1846;95.42;58.92;;;
37.653926;-3.859427;1103;0;-6;2213;1846;95.44;58.9;;;
37.653961;-3.859650;1101;0;-6;2213;1846;95.46;58.88;;;
37.654069;-3.859824;1100;0;-6;2213;1846;95.48;58.86;;;
37.654221;-3.859931;1099;0;-5;2213;1846;95.5;58.84;;;
37.654394;-3.859991;1098;0;-5;2213;1846;95.52;58.82;;;
37.654567;-3.860052;1097;0;-5;2213;1846;95.54;58.8;;;
37.654738;-3.860123;1096;0;-5;2213;1846;95.56;58.78;;;
37.654908;-3.860198;1095;0;-5;2213;1846;95.58;58.76;;;
37.655046;-3.860342;1094;0;-5;2213;1846;95.6;58.74;;;
37.655167;-3.860508;1093;0;-4;2213;1846;95.62;58.72;;;
37.655260;-3.860702;1092;0;-4;2213;1846;95.64;58.7;;;
37.655328;-3.860912;1092;0;-4;2213;1846;95.66;58.68;;;
37.655383;-3.861128;1091;0;-3;2213;1846;95.68;58.66;;;
37.655404;-3.861351;1090;0;-3;2213;1846;95.7;58.64;;;
37.655384;-3.861577;1090;0;-3;2213;1846;95.72;58.62;;;
37.655355;-3.861801;1089;0;-3;2213;1846;95.74;58.6;;;
37.655325;-3.862025;1089;0;-3;2213;1846;95.76;58.58;;;
37.655309;-3.862250;1088;0;-3;2213;1846;95.78;58.56;;;
37.655328;-3.862475;1087;0;-3;2213;1846;95.8;58.54;;;
37.655372;-3.862696;1086;0;-3;2213;1846;95.82;58.52;;;
37.655416;-3.862916;1086;0;-3;2213;1846;95.84;58.5;;;
37.655475;-3.863131;1086;0;-2;2213;1846;95.86;58.48;;;
37.655533;-3.863345;1085;0;-2;2213;1846;95.88;58.46;;;
37.655592;-3.863560;1085;0;-2;2213;1846;95.9;58.44;;;
37.655650;-3.863775;1085;0;-1;2213;1846;95.92;58.42;;;
37.655709;-3.863990;1084;0;-1;2213;1846;95.94;58.4;;;
37.655767;-3.864205;1084;0;-1;2213;1846;95.96;58.38;;;
37.655826;-3.864420;1084;0;-1;2213;1846;95.98;58.36;;;
37.655894;-3.864629;1084;0;-2;2213;1846;96;58.34;;;
37.655993;-3.864818;1083;0;-2;2213;1846;96.02;58.32;;;
37.656101;-3.865000;1083;0;-2;2213;1846;96.04;58.3;;;
37.656209;-3.865181;1082;0;-2;2213;1846;96.06;58.28;;;
37.656317;-3.865363;1082;0;-2;2213;1846;96.08;58.26;;;
37.656426;-3.865544;1082;0;-2;2213;1846;96.1;58.24;;;
37.656534;-3.865726;1081;0;-2;2213;1846;96.12;58.22;;;
37.656642;-3.865907;1081;0;-2;2213;1846;96.14;58.2;;;
37.656754;-3.866085;1080;0;-2;2213;1846;96.16;58.18;;;
37.656890;-3.866233;1080;0;-2;2213;1846;96.18;58.16;;;
37.657027;-3.866380;1079;0;-3;2213;1846;96.2;58.14;;;
37.657164;-3.866527;1079;0;-3;2213;1846;96.22;58.12;;;
37.657285;-3.866692;1078;0;-3;2213;1846;96.24;58.1;;;
37.657382;-3.866883;1078;0;-3;2213;1846;96.26;58.08;;;
37.657477;-3.867076;1077;0;-3;2213;1846;96.28;58.06;;;
37.657535;-3.867290;1077;0;-3;2213;1846;96.3;58.04;;;
37.657588;-3.867507;1076;0;-3;2213;1846;96.32;58.02;;;
37.657639;-3.867725;1076;0;-3;2213;1846;96.34;58;;;
37.657695;-3.867941;1075;0;-3;2213;1846;96.36;57.98;;;
37.657757;-3.868154;1075;0;-3;2213;1846;96.38;57.96;;;
37.657818;-3.868368;1074;0;-4;2213;1846;96.4;57.94;;;
37.657879;-3.868582;1073;0;-4;2213;1846;96.42;57.92;;;
37.657940;-3.868796;1072;0;-4;2213;1846;96.44;57.9;;;
37.658001;-3.869009;1071;0;-4;2213;1846;96.46;57.88;;;
37.658062;-3.869223;1071;0;-4;2213;1846;96.48;57.86;;;
37.658123;-3.869437;1070;0;-5;2213;1846;96.5;57.84;;;
37.658194;-3.869645;1069;0;-5;2213;1846;96.52;57.82;;;
37.658272;-3.869850;1068;0;-5;2213;1846;96.54;57.8;;;
37.658365;-3.870040;1067;0;-5;2213;1846;96.56;57.78;;;
37.658500;-3.870191;1066;0;-5;2213;1846;96.58;57.76;;;
37.658634;-3.870342;1065;0;-5;2213;1846;96.6;57.74;;;
37.658758;-3.870503;1064;0;-5;2213;1846;96.62;57.72;;;
37.658843;-3.870704;1063;0;-5;2213;1846;96.64;57.7;;;
37.658927;-3.870905;1062;0;-5;2213;1846;96.66;57.68;;;
37.659011;-3.871105;1061;0;-5;2213;1846;96.68;57.66;;;
37.659095;-3.871306;1060;0;-5;2213;1846;96.7;57.64;;;
37.659180;-3.871507;1059;0;-5;2213;1846;96.72;57.62;;;
37.659256;-3.871712;1058;0;-5;2213;1846;96.74;57.6;;;
37.659316;-3.871926;1057;0;-5;2213;1846;96.76;57.58;;;
37.659339;-3.872148;1056;0;-5;2213;1846;96.78;57.56;;;
37.659312;-3.872370;1055;0;-5;2213;1846;96.8;57.54;;;
37.659256;-3.872586;1054;0;-5;2213;1846;96.82;57.52;;;
37.659199;-3.872801;1053;0;-6;2213;1846;96.84;57.5;;;
37.659151;-3.873018;1052;0;-6;2213;1846;96.86;57.48;;;
37.659164;-3.873245;1051;0;-6;2213;1846;96.88;57.46;;;
37.659177;-3.873471;1050;0;-6;2213;1846;96.9;57.44;;;
37.659190;-3.873698;1048;0;-6;2213;1846;96.92;57.42;;;
37.659203;-3.873924;1047;0;-7;2213;1846;96.94;57.4;;;
37.659216;-3.874151;1046;0;-7;2213;1846;96.96;57.38;;;
37.659163;-3.874364;1045;0;-7;2213;1846;96.98;57.36;;;
37.659092;-3.874572;1043;0;-7;2213;1846;97;57.34;;;
37.659007;-3.874771;1042;0;-7;2213;1846;97.02;57.32;;;
37.658900;-3.874953;1040;0;-7;2213;1846;97.04;57.3;;;
37.658801;-3.875142;1038;0;-7;2213;1846;97.06;57.28;;;
37.658732;-3.875351;1037;0;-7;2213;1846;97.08;57.26;;;
37.658714;-3.875573;1036;0;-7;2213;1846;97.1;57.24;;;
37.658721;-3.875800;1035;0;-6;2213;1846;97.12;57.22;;;
37.658729;-3.876027;1034;0;-6;2213;1846;97.14;57.2;;;
37.658736;-3.876254;1032;0;-6;2213;1846;97.16;57.18;;;
37.658744;-3.876481;1031;0;-6;2213;1846;97.18;57.16;;;
37.658733;-3.876705;1030;0;-6;2213;1846;97.2;57.14;;;
37.658680;-3.876922;1029;0;-6;2213;1846;97.22;57.12;;;
37.658626;-3.877139;1027;0;-6;2213;1846;97.24;57.1;;;
37.658573;-3.877355;1026;0;-6;2213;1846;97.26;57.08;;;
37.658504;-3.877561;1025;0;-6;2213;1846;97.28;57.06;;;
37.658377;-3.877722;1024;0;-6;2213;1846;97.3;57.04;;;
37.658250;-3.877883;1022;0;-6;2213;1846;97.32;57.02;;;
37.658124;-3.878044;1021;0;-6;2213;1846;97.34;57;;;
37.658014;-3.878222;1020;0;-6;2213;1846;97.36;56.98;;;
37.657929;-3.878422;1019;0;-5;2213;1846;97.38;56.96;;;
37.657844;-3.878622;1018;0;-5;2213;1846;97.4;56.94;;;
37.657754;-3.878818;1017;0;-5;2213;1846;97.42;56.92;;;
37.657626;-3.878977;1016;0;-5;2213;1846;97.44;56.9;;;
37.657497;-3.879136;1015;0;-5;2213;1846;97.46;56.88;;;
37.657369;-3.879295;1014;0;-5;2213;1846;97.48;56.86;;;
37.657240;-3.879454;1013;0;-5;2213;1846;97.5;56.84;;;
37.657112;-3.879613;1012;0;-5;2213;1846;97.52;56.82;;;
37.656984;-3.879772;1011;0;-5;2213;1846;97.54;56.8;;;
37.656855;-3.879931;1010;0;-5;2213;1846;97.56;56.78;;;
37.656727;-3.880090;1009;0;-5;2213;1846;97.58;56.76;;;
37.656621;-3.880272;1008;0;-4;2213;1846;97.6;56.74;;;
37.656529;-3.880467;1007;0;-5;2213;1846;97.62;56.72;;;
37.656410;-3.880637;1006;0;-5;2213;1846;97.64;56.7;;;
37.656303;-3.880817;1005;0;-5;2213;1846;97.66;56.68;;;
37.656211;-3.881013;1005;0;-5;2213;1846;97.68;56.66;;;
37.656161;-3.881227;1003;0;-5;2213;1846;97.7;56.64;;;
37.656213;-3.881442;1001;0;-5;2213;1846;97.72;56.62;;;
37.656330;-3.881613;1000;0;-6;2213;1846;97.74;56.6;;;
37.656452;-3.881781;999;0;-6;2213;1846;97.76;56.58;;;
37.656573;-3.881948;999;0;-5;2213;1846;97.78;56.56;;;
37.656695;-3.882116;998;0;-5;2213;1846;97.8;56.54;;;
37.656784;-3.882311;996;0;-5;2213;1846;97.82;56.52;;;
37.656816;-3.882533;995;0;-6;2213;1846;97.84;56.5;;;
37.656829;-3.882760;994;0;-6;2213;1846;97.86;56.48;;;
37.656847;-3.882985;993;0;-7;2213;1846;97.88;56.46;;;
37.656935;-3.883174;991;0;-7;2213;1846;97.9;56.44;;;
37.657071;-3.883318;990;0;-7;2213;1846;97.92;56.42;;;
37.657111;-3.883529;989;0;-7;2213;1846;97.94;56.4;;;
37.656977;-3.883649;987;0;-6;2213;1846;97.96;56.38;;;
37.656814;-3.883572;985;0;-6;2213;1846;97.98;56.36;;;
37.656696;-3.883401;984;0;-5;2213;1846;98;56.34;;;
37.656577;-3.883230;984;0;-5;2213;1846;98.02;56.32;;;
37.656458;-3.883059;983;0;-5;2213;1846;98.04;56.3;;;
37.656340;-3.882889;983;0;-4;2213;1846;98.06;56.28;;;
37.656200;-3.882746;982;0;-5;2213;1846;98.08;56.26;;;
37.656039;-3.882659;981;0;-5;2213;1846;98.1;56.24;;;
37.655869;-3.882703;979;0;-5;2213;1846;98.12;56.22;;;
37.655738;-3.882855;978;0;-6;2213;1846;98.14;56.2;;;
37.655610;-3.883012;977;0;-6;2213;1846;98.16;56.18;;;
37.655461;-3.883140;977;0;-6;2213;1846;98.18;56.16;;;
37.655349;-3.883311;975;0;-6;2213;1846;98.2;56.14;;;
37.655300;-3.883529;973;0;-6;2213;1846;98.22;56.12;;;
37.655240;-3.883741;972;0;-7;2213;1846;98.24;56.1;;;
37.655107;-3.883883;971;0;-7;2213;1846;98.26;56.08;;;
37.654935;-3.883948;970;0;-7;2213;1846;98.28;56.06;;;
37.654784;-3.884064;968;0;-8;2213;1846;98.3;56.04;;;
37.654712;-3.884265;966;0;-9;2213;1846;98.32;56.02;;;
37.654664;-3.884483;965;0;-10;2213;1846;98.34;56;;;
37.654527;-3.884613;963;0;-10;2213;1846;98.36;55.98;;;
37.654408;-3.884766;961;0;-10;2213;1846;98.38;55.96;;;
37.654464;-3.884958;957;0;-9;2213;1846;98.4;55.94;;;
37.654639;-3.884988;955;0;-9;2213;1846;98.42;55.92;;;
37.654814;-3.884944;954;0;-10;2213;1846;98.44;55.9;;;
37.654991;-3.884901;953;0;-10;2213;1846;98.46;55.88;;;
37.655168;-3.884865;952;0;-9;2213;1846;98.48;55.86;;;
37.655344;-3.884902;950;0;-9;2213;1846;98.5;55.84;;;
37.655492;-3.885015;947;0;-9;2213;1846;98.52;55.82;;;
37.655523;-3.885234;944;0;-10;2213;1846;98.54;55.8;;;
37.655504;-3.885459;942;0;-10;2213;1846;98.56;55.78;;;
37.655485;-3.885685;941;0;-10;2213;1846;98.58;55.76;;;
37.655440;-3.885904;939;0;-10;2213;1846;98.6;55.74;;;
37.655384;-3.886121;938;0;-10;2213;1846;98.62;55.72;;;
37.655349;-3.886341;936;0;-10;2213;1846;98.64;55.7;;;
37.655391;-3.886559;933;0;-10;2213;1846;98.66;55.68;;;
37.655407;-3.886776;930;0;-10;2213;1846;98.68;55.66;;;
37.655289;-3.886943;926;0;-10;2213;1846;98.7;55.64;;;
37.655131;-3.887051;924;0;-10;2213;1846;98.72;55.62;;;
37.654972;-3.887159;923;0;-10;2213;1846;98.74;55.6;;;
37.654807;-3.887245;921;0;-8;2213;1846;98.76;55.58;;;
37.654635;-3.887313;920;0;-7;2213;1846;98.78;55.56;;;
37.654463;-3.887380;918;0;-7;2213;1846;98.8;55.54;;;
37.654304;-3.887481;917;0;-7;2213;1846;98.82;55.52;;;
37.654155;-3.887608;916;0;-7;2213;1846;98.84;55.5;;;
37.654006;-3.887735;915;0;-7;2213;1846;98.86;55.48;;;
37.653857;-3.887861;913;0;-7;2213;1846;98.88;55.46;;;
37.653707;-3.887988;912;0;-7;2213;1846;98.9;55.44;;;
37.653544;-3.888078;910;0;-7;2213;1846;98.92;55.42;;;
37.653373;-3.888151;909;0;-7;2213;1846;98.94;55.4;;;
37.653203;-3.888223;907;0;-7;2213;1846;98.96;55.38;;;
37.653053;-3.888348;906;0;-8;2213;1846;98.98;55.36;;;
37.652905;-3.888477;905;0;-8;2213;1846;99;55.34;;;
37.652757;-3.888606;903;0;-8;2213;1846;99.02;55.32;;;
37.652657;-3.888789;901;0;-8;2213;1846;99.04;55.3;;;
37.652573;-3.888990;899;0;-8;2213;1846;99.06;55.28;;;
37.652544;-3.889213;897;0;-8;2213;1846;99.08;55.26;;;
37.652519;-3.889438;896;0;-8;2213;1846;99.1;55.24;;;
37.652492;-3.889663;894;0;-8;2213;1846;99.12;55.22;;;
37.652467;-3.889888;893;0;-7;2213;1846;99.14;55.2;;;
37.652448;-3.890114;891;0;-7;2213;1846;99.16;55.18;;;
37.652430;-3.890340;890;0;-8;2213;1846;99.18;55.16;;;
37.652411;-3.890565;889;0;-8;2213;1846;99.2;55.14;;;
37.652391;-3.890791;888;0;-8;2213;1846;99.22;55.12;;;
37.652417;-3.891015;886;0;-8;2213;1846;99.24;55.1;;;
37.652549;-3.891144;883;0;-8;2213;1846;99.26;55.08;;;
37.652719;-3.891087;882;0;-8;2213;1846;99.28;55.06;;;
37.652886;-3.891002;881;0;-9;2213;1846;99.3;55.04;;;
37.653053;-3.890916;879;0;-8;2213;1846;99.32;55.02;;;
37.653219;-3.890830;878;0;-7;2213;1846;99.34;55;;;
37.653392;-3.890830;876;0;-7;2213;1846;99.36;54.98;;;
37.653535;-3.890964;874;0;-7;2213;1846;99.38;54.96;;;
37.653671;-3.891113;873;0;-8;2213;1846;99.4;54.94;;;
37.653807;-3.891262;872;0;-9;2213;1846;99.42;54.92;;;
37.653943;-3.891411;871;0;-9;2213;1846;99.44;54.9;;;
37.654025;-3.891608;869;0;-10;2213;1846;99.46;54.88;;;
37.653984;-3.891815;866;0;-10;2213;1846;99.48;54.86;;;
37.653808;-3.891844;863;0;-10;2213;1846;99.5;54.84;;;
37.653632;-3.891846;861;0;-10;2213;1846;99.52;54.82;;;
37.653550;-3.892036;858;0;-10;2213;1846;99.54;54.8;;;
37.653617;-3.892238;856;0;-10;2213;1846;99.56;54.78;;;
37.653714;-3.892428;854;0;-9;2213;1846;99.58;54.76;;;
37.653666;-3.892640;852;0;-8;2213;1846;99.6;54.74;;;
37.653583;-3.892842;851;0;-7;2213;1846;99.62;54.72;;;
37.653500;-3.893044;850;0;-7;2213;1846;99.64;54.7;;;
37.653455;-3.893263;849;0;-7;2213;1846;99.66;54.68;;;
37.653452;-3.893489;848;0;-7;2213;1846;99.68;54.66;;;
37.653457;-3.893716;846;0;-7;2213;1846;99.7;54.64;;;
37.653447;-3.893942;845;0;-6;2213;1846;99.72;54.62;;;
37.653389;-3.894156;843;0;-6;2213;1846;99.74;54.6;;;
37.653322;-3.894367;842;0;-6;2213;1846;99.76;54.58;;;
37.653267;-3.894583;841;0;-6;2213;1846;99.78;54.56;;;
37.653225;-3.894804;840;0;-5;2213;1846;99.8;54.54;;;
37.653183;-3.895025;839;0;-6;2213;1846;99.82;54.52;;;
37.653141;-3.895245;838;0;-6;2213;1846;99.84;54.5;;;
37.653099;-3.895466;837;0;-6;2213;1846;99.86;54.48;;;
37.653061;-3.895688;836;0;-6;2213;1846;99.88;54.46;;;
37.653028;-3.895912;834;0;-6;2213;1846;99.9;54.44;;;
37.653044;-3.896135;833;0;-7;2213;1846;99.92;54.42;;;
37.653077;-3.896358;832;0;-7;2213;1846;99.94;54.4;;;
37.653109;-3.896581;830;0;-7;2213;1846;99.96;54.38;;;
37.653142;-3.896805;829;0;-7;2213;1846;99.98;54.36;;;
37.653176;-3.897028;828;0;-7;2213;1846;100;54.34;;;
37.653208;-3.897251;826;0;-8;2213;1846;100.02;54.32;;;
37.653241;-3.897475;825;0;-8;2213;1846;100.04;54.3;;;
37.653311;-3.897682;823;0;-8;2213;1846;100.06;54.28;;;
37.653445;-3.897830;821;0;-7;2213;1846;100.08;54.26;;;
37.653617;-3.897838;819;0;-7;2213;1846;100.1;54.24;;;
37.653780;-3.897741;818;0;-7;2213;1846;100.12;54.22;;;
37.653942;-3.897643;817;0;-7;2213;1846;100.14;54.2;;;
37.654104;-3.897544;816;0;-6;2213;1846;100.16;54.18;;;
37.654275;-3.897477;815;0;-6;2213;1846;100.18;54.16;;;
37.654448;-3.897415;813;0;-6;2213;1846;100.2;54.14;;;
37.654621;-3.897353;812;0;-6;2213;1846;100.22;54.12;;;
37.654794;-3.897290;811;0;-6;2213;1846;100.24;54.1;;;
37.654967;-3.897228;810;0;-7;2213;1846;100.26;54.08;;;
37.655140;-3.897166;809;0;-8;2213;1846;100.28;54.06;;;
37.655313;-3.897104;807;0;-8;2213;1846;100.3;54.04;;;
37.655488;-3.897059;806;0;-8;2213;1846;100.32;54.02;;;
37.655661;-3.897104;803;0;-9;2213;1846;100.34;54;;;
37.655789;-3.897256;801;0;-10;2213;1846;100.36;53.98;;;
37.655882;-3.897451;799;0;-10;2213;1846;100.38;53.96;;;
37.655958;-3.897656;798;0;-10;2213;1846;100.4;53.94;;;
37.655921;-3.897875;795;0;-10;2213;1846;100.42;53.92;;;
37.655784;-3.897987;791;0;-10;2213;1846;100.44;53.9;;;
37.655618;-3.897906;788;0;-10;2213;1846;100.46;53.88;;;
37.655525;-3.897712;787;0;-10;2213;1846;100.48;53.86;;;
37.655384;-3.897589;783;0;-10;2213;1846;100.5;53.84;;;
37.655218;-3.897655;781;0;-9;2213;1846;100.52;53.82;;;
37.655063;-3.897769;780;0;-8;2213;1846;100.54;53.8;;;
37.654907;-3.897883;778;0;-8;2213;1846;100.56;53.78;;;
37.654752;-3.897997;777;0;-6;2213;1846;100.58;53.76;;;
37.654596;-3.898111;776;0;-6;2213;1846;100.6;53.74;;;
37.654440;-3.898224;775;0;-6;2213;1846;100.62;53.72;;;
37.654300;-3.898364;774;0;-6;2213;1846;100.64;53.7;;;
37.654170;-3.898521;772;0;-6;2213;1846;100.66;53.68;;;
37.654040;-3.898678;771;0;-6;2213;1846;100.68;53.66;;;
37.653909;-3.898835;770;0;-6;2213;1846;100.7;53.64;;;
37.653760;-3.898959;769;0;-6;2213;1846;100.72;53.62;;;
37.653601;-3.899065;767;0;-6;2213;1846;100.74;53.6;;;
37.653435;-3.899153;766;0;-6;2213;1846;100.76;53.58;;;
37.653271;-3.899245;765;0;-6;2213;1846;100.78;53.56;;;
37.653124;-3.899376;764;0;-7;2213;1846;100.8;53.54;;;
37.652977;-3.899506;763;0;-7;2213;1846;100.82;53.52;;;
37.652827;-3.899631;762;0;-6;2213;1846;100.84;53.5;;;
37.652655;-3.899686;760;0;-6;2213;1846;100.86;53.48;;;
37.652479;-3.899665;758;0;-6;2213;1846;100.88;53.46;;;
37.652322;-3.899553;757;0;-6;2213;1846;100.9;53.44;;;
37.652166;-3.899441;756;0;-7;2213;1846;100.92;53.42;;;
37.652009;-3.899329;755;0;-6;2213;1846;100.94;53.4;;;
37.651850;-3.899229;754;0;-5;2213;1846;100.96;53.38;;;
37.651691;-3.899317;752;0;-5;2213;1846;100.98;53.36;;;
37.651626;-3.899511;751;0;-4;2213;1846;101;53.34;;;
37.651714;-3.899703;750;0;-4;2213;1846;101.02;53.32;;;
37.651857;-3.899840;750;0;-3;2213;1846;101.04;53.3;;;
37.652001;-3.899977;749;0;-2;2213;1846;101.06;53.28;;;
37.652144;-3.900114;749;0;-1;2213;1846;101.08;53.26;;;
37.652218;-3.900312;749;0;-1;2213;1846;101.1;53.24;;;
37.652234;-3.900538;748;0;0;2213;1846;101.12;53.22;;;
37.652231;-3.900760;749;0;0;2213;1846;101.14;53.2;;;
37.652102;-3.900916;749;0;1;2213;1846;101.16;53.18;;;
37.651970;-3.901070;749;0;1;2214;1845;101.18;53.16;;;
37.651816;-3.901189;749;0;1;2214;1845;101.2;53.14;19;;
37.651654;-3.901282;750;0;1;2214;1845;101.22;53.12;;;
37.651481;-3.901348;750;0;1;2214;1845;101.24;53.1;;;
37.651306;-3.901399;750;0;2;2215;1844;101.26;53.08;;;
37.651130;-3.901445;750;0;2;2215;1844;101.28;53.06;;;
37.650953;-3.901486;751;0;2;2215;1844;101.3;53.04;;;
37.650787;-3.901570;751;0;3;2215;1844;101.32;53.02;;;
37.650647;-3.901709;752;0;3;2216;1843;101.34;53;;;
37.650594;-3.901924;753;0;3;2217;1842;101.36;52.98;;;
37.650562;-3.902148;753;0;3;2218;1841;101.38;52.96;;;
37.650528;-3.902371;754;0;4;2219;1840;101.4;52.94;;;
37.650491;-3.902593;755;0;3;2219;1840;101.42;52.92;;;
37.650442;-3.902811;755;0;3;2220;1839;101.44;52.9;;;
37.650386;-3.903027;756;0;3;2220;1839;101.46;52.88;;;
37.650318;-3.903237;757;0;3;2221;1838;101.48;52.86;;;
37.650244;-3.903444;757;0;3;2222;1837;101.5;52.84;;;
37.650151;-3.903638;758;0;3;2222;1837;101.52;52.82;;;
37.650051;-3.903827;758;0;3;2223;1836;101.54;52.8;;;
37.649934;-3.903999;759;0;3;2224;1835;101.56;52.78;;;
37.649816;-3.904171;760;0;3;2224;1835;101.58;52.76;;;
37.649695;-3.904339;760;0;3;2225;1834;101.6;52.74;;;
37.649578;-3.904511;761;0;3;2225;1834;101.62;52.72;;;
37.649470;-3.904693;762;0;3;2226;1833;101.64;52.7;;;
37.649377;-3.904886;762;0;3;2227;1832;101.66;52.68;;;
37.649309;-3.905096;763;0;3;2227;1832;101.68;52.66;;;
37.649251;-3.905311;763;0;3;2228;1831;101.7;52.64;;;
37.649185;-3.905522;764;0;3;2228;1831;101.72;52.62;;;
37.649092;-3.905716;764;0;3;2229;1830;101.74;52.6;;;
37.648996;-3.905908;765;0;3;2229;1830;101.76;52.58;;;
37.648896;-3.906097;765;0;2;2230;1829;101.78;52.56;;;
37.648791;-3.906282;766;0;2;2230;1829;101.8;52.54;;;
37.648681;-3.906461;766;0;2;2231;1828;101.82;52.52;;;
37.648565;-3.906634;767;0;2;2231;1828;101.84;52.5;;;
37.648437;-3.906794;767;0;2;2232;1827;101.86;52.48;;;
37.648299;-3.906940;767;0;2;2232;1827;101.88;52.46;;;
37.648202;-3.907128;768;0;2;2232;1827;101.9;52.44;;;
37.648176;-3.907350;768;0;1;2233;1826;101.92;52.42;;;
37.648217;-3.907570;769;0;1;2233;1826;101.94;52.4;;;
37.648272;-3.907786;769;0;0;2233;1826;101.96;52.38;;;
37.648238;-3.907998;769;0;0;2233;1826;101.98;52.36;;;
37.648131;-3.908181;769;0;0;2233;1826;102;52.34;;;
37.648021;-3.908361;768;0;-1;2233;1826;102.02;52.32;;;
37.647945;-3.908563;768;0;-1;2233;1826;102.04;52.3;;;
37.647952;-3.908790;768;0;-1;2233;1826;102.06;52.28;;;
37.647958;-3.909017;768;0;-1;2233;1826;102.08;52.26;;;
37.647959;-3.909244;767;0;-1;2233;1826;102.1;52.24;;;
37.647944;-3.909470;767;0;-1;2233;1826;102.12;52.22;;;
37.647907;-3.909692;767;0;-2;2233;1826;102.14;52.2;;;
37.647865;-3.909913;766;0;-2;2233;1826;102.16;52.18;;;
37.647824;-3.910134;766;0;-2;2233;1826;102.18;52.16;;;
37.647783;-3.910355;766;0;-2;2233;1826;102.2;52.14;;;
37.647741;-3.910576;765;0;-2;2233;1826;102.22;52.12;;;
37.647694;-3.910795;765;0;-3;2233;1826;102.24;52.1;;;
37.647645;-3.911014;764;0;-3;2233;1826;102.26;52.08;;;
37.647596;-3.911232;764;0;-3;2233;1826;102.28;52.06;;;
37.647547;-3.911451;763;0;-4;2233;1826;102.3;52.04;;;
37.647493;-3.911667;762;0;-4;2233;1826;102.32;52.02;;;
37.647422;-3.911876;761;0;-5;2233;1826;102.34;52;;;
37.647344;-3.912081;760;0;-5;2233;1826;102.36;51.98;;;
37.647273;-3.912289;759;0;-6;2233;1826;102.38;51.96;;;
37.647257;-3.912514;758;0;-6;2233;1826;102.4;51.94;;;
37.647282;-3.912738;756;0;-6;2233;1826;102.42;51.92;;;
37.647343;-3.912951;755;0;-6;2233;1826;102.44;51.9;;;
37.647442;-3.913140;754;0;-5;2233;1826;102.46;51.88;;;
37.647572;-3.913295;753;0;-5;2233;1826;102.48;51.86;;;
37.647712;-3.913437;752;0;-5;2233;1826;102.5;51.84;;;
37.647864;-3.913558;751;0;-6;2233;1826;102.52;51.82;;;
37.648016;-3.913680;750;0;-7;2233;1826;102.54;51.8;;;
37.648166;-3.913806;749;0;-7;2233;1826;102.56;51.78;;;
37.648299;-3.913954;747;0;-8;2233;1826;102.58;51.76;;;
37.648369;-3.914161;745;0;-8;2233;1826;102.6;51.74;;;
37.648325;-3.914374;743;0;-8;2233;1826;102.62;51.72;;;
37.648217;-3.914555;741;0;-8;2233;1826;102.64;51.7;;;
37.648097;-3.914725;740;0;-8;2233;1826;102.66;51.68;;;
37.647982;-3.914899;739;0;-7;2233;1826;102.68;51.66;;;
37.647866;-3.915072;737;0;-7;2233;1826;102.7;51.64;;;
37.647723;-3.915206;736;0;-6;2233;1826;102.72;51.62;;;
37.647560;-3.915303;734;0;-6;2233;1826;102.74;51.6;;;
37.647391;-3.915380;733;0;-6;2233;1826;102.76;51.58;;;
37.647222;-3.915458;732;0;-6;2233;1826;102.78;51.56;;;
37.647053;-3.915536;731;0;-6;2233;1826;102.8;51.54;;;
37.646884;-3.915614;730;0;-5;2233;1826;102.82;51.52;;;
37.646715;-3.915692;729;0;-6;2233;1826;102.84;51.5;;;
37.646546;-3.915771;728;0;-6;2233;1826;102.86;51.48;;;
37.646377;-3.915849;727;0;-7;2233;1826;102.88;51.46;;;
37.646208;-3.915927;726;0;-8;2233;1826;102.9;51.44;;;
37.646039;-3.916003;724;0;-8;2233;1826;102.92;51.42;;;
37.645869;-3.916079;722;0;-8;2233;1826;102.94;51.4;;;
37.645723;-3.916012;719;0;-8;2233;1826;102.96;51.38;;;
37.645654;-3.915803;718;0;-8;2233;1826;102.98;51.36;;;
37.645598;-3.915588;716;0;-8;2233;1826;103;51.34;;;
37.645547;-3.915370;715;0;-7;2233;1826;103.02;51.32;;;
37.645497;-3.915151;714;0;-5;2233;1826;103.04;51.3;;;
37.645448;-3.914933;713;0;-5;2233;1826;103.06;51.28;;;
37.645408;-3.914712;712;0;-5;2233;1826;103.08;51.26;;;
37.645389;-3.914486;711;0;-5;2233;1826;103.1;51.24;;;
37.645389;-3.914259;710;0;-4;2233;1826;103.12;51.22;;;
37.645389;-3.914032;709;0;-4;2233;1826;103.14;51.2;;;
37.645389;-3.913805;709;0;-4;2233;1826;103.16;51.18;;;
37.645389;-3.913578;708;0;-4;2233;1826;103.18;51.16;;;
37.645400;-3.913351;707;0;-4;2233;1826;103.2;51.14;;;
37.645414;-3.913125;706;0;-4;2233;1826;103.22;51.12;;;
37.645444;-3.912901;705;0;-4;2233;1826;103.24;51.1;;;
37.645481;-3.912679;705;0;-4;2233;1826;103.26;51.08;;;
37.645518;-3.912457;704;0;-3;2233;1826;103.28;51.06;;;
37.645527;-3.912230;704;0;-3;2233;1826;103.3;51.04;;;
37.645496;-3.912007;703;0;-3;2233;1826;103.32;51.02;;;
37.645426;-3.911799;702;0;-3;2233;1826;103.34;51;;;
37.645293;-3.911649;701;0;-3;2233;1826;103.36;50.98;;;
37.645154;-3.911505;701;0;-3;2233;1826;103.38;50.96;;;
37.644998;-3.911397;700;0;-2;2233;1826;103.4;50.94;;;
37.644823;-3.911347;700;0;-2;2233;1826;103.42;50.92;;;
37.644647;-3.911302;699;0;-2;2233;1826;103.44;50.9;;;
37.644469;-3.911266;699;0;-1;2233;1826;103.46;50.88;;;
37.644292;-3.911229;699;0;-1;2233;1826;103.48;50.86;;;
37.644114;-3.911191;699;0;-1;2233;1826;103.5;50.84;;;
37.643936;-3.911164;699;0;0;2233;1826;103.52;50.82;;;
37.643770;-3.911220;699;0;0;2233;1826;103.54;50.8;;;
37.643665;-3.911401;698;0;0;2233;1826;103.56;50.78;;;
37.643585;-3.911605;698;0;0;2233;1826;103.58;50.76;;;
37.643504;-3.911808;699;0;0;2233;1826;103.6;50.74;;;
37.643424;-3.912011;699;0;0;2233;1826;103.62;50.72;;;
37.643344;-3.912215;699;0;1;2233;1826;103.64;50.7;;;
37.643263;-3.912418;699;0;1;2234;1825;103.66;50.68;;;
37.643232;-3.912638;699;0;1;2234;1825;103.68;50.66;;;
37.643236;-3.912864;699;0;1;2234;1825;103.7;50.64;;;
37.643292;-3.913078;699;0;1;2234;1825;103.72;50.62;;;
37.643362;-3.913287;699;0;1;2234;1825;103.74;50.6;;;
37.643432;-3.913497;700;0;1;2234;1825;103.76;50.58;;;
37.643464;-3.913719;700;0;1;2235;1824;103.78;50.56;;;
37.643489;-3.913944;700;0;1;2235;1824;103.8;50.54;;;
37.643501;-3.914171;701;0;2;2235;1824;103.82;50.52;;;
37.643502;-3.914397;701;0;2;2236;1823;103.84;50.5;;;
37.643470;-3.914619;701;0;2;2236;1823;103.86;50.48;;;
37.643377;-3.914814;702;0;2;2236;1823;103.88;50.46;;;
37.643284;-3.915008;702;0;2;2237;1822;103.9;50.44;;;
37.643192;-3.915203;702;0;2;2237;1822;103.92;50.42;;;
37.643098;-3.915397;703;0;2;2237;1822;103.94;50.4;;;
37.643004;-3.915590;703;0;2;2238;1821;103.96;50.38;;;
37.642908;-3.915782;703;0;2;2238;1821;103.98;50.36;;;
37.642795;-3.915957;704;0;2;2239;1820;104;50.34;;;
37.642647;-3.916081;704;0;2;2239;1820;104.02;50.32;;;
37.642483;-3.916174;705;0;2;2240;1819;104.04;50.3;;;
37.642319;-3.916268;705;0;2;2240;1819;104.06;50.28;;;
37.642165;-3.916383;706;0;2;2240;1819;104.08;50.26;;;
37.642029;-3.916529;706;0;2;2241;1818;104.1;50.24;;;
37.641932;-3.916720;707;0;3;2241;1818;104.12;50.22;;;
37.641835;-3.916911;707;0;3;2242;1817;104.14;50.2;;;
37.641737;-3.917102;708;0;3;2242;1817;104.16;50.18;;;
37.641705;-3.917321;708;0;3;2243;1816;104.18;50.16;;;
37.641760;-3.917534;709;0;3;2244;1815;104.2;50.14;;;
37.641846;-3.917733;709;0;3;2244;1815;104.22;50.12;;;
37.641899;-3.917947;710;0;3;2245;1814;104.24;50.1;;;
37.641834;-3.918151;711;0;3;2245;1814;104.26;50.08;;;
37.641678;-3.918262;711;0;3;2246;1813;104.28;50.06;;;
37.641512;-3.918349;712;0;3;2247;1812;104.3;50.04;;;
37.641346;-3.918435;712;0;3;2247;1812;104.32;50.02;;;
37.641187;-3.918542;713;0;3;2248;1811;104.34;50;;;
37.641070;-3.918713;713;0;2;2248;1811;104.36;49.98;;;
37.640993;-3.918918;714;0;2;2249;1810;104.38;49.96;;;
37.640906;-3.919114;714;0;2;2249;1810;104.4;49.94;;;
37.640755;-3.919214;715;0;2;2250;1809;104.42;49.92;;;
37.640576;-3.919200;715;0;2;2250;1809;104.44;49.9;;;
37.640397;-3.919172;716;0;2;2250;1809;104.46;49.88;;;
37.640219;-3.919143;716;0;2;2251;1808;104.48;49.86;;;
37.640040;-3.919115;716;0;1;2251;1808;104.5;49.84;;;
37.639862;-3.919087;716;0;1;2251;1808;104.52;49.82;;;
37.639683;-3.919058;717;0;1;2251;1808;104.54;49.8;;;
37.639505;-3.919030;717;0;1;2252;1807;104.56;49.78;;;
37.639327;-3.919002;717;0;1;2252;1807;104.58;49.76;;;
37.639148;-3.918974;717;0;1;2252;1807;104.6;49.74;;;
37.638970;-3.918945;718;0;2;2252;1807;104.62;49.72;;;
37.638791;-3.918917;718;0;2;2252;1807;104.64;49.7;;;
37.638612;-3.918895;718;0;2;2253;1806;104.66;49.68;;;
37.638444;-3.918946;719;0;2;2253;1806;104.68;49.66;;;
37.638324;-3.919102;719;0;2;2254;1805;104.7;49.64;;;
37.638270;-3.919318;720;0;2;2254;1805;104.72;49.62;;;
37.638227;-3.919538;720;0;2;2255;1804;104.74;49.6;;;
37.638198;-3.919762;720;0;2;2255;1804;104.76;49.58;;;
37.638179;-3.919988;720;0;2;2255;1804;104.78;49.56;;;
37.638160;-3.920214;721;0;1;2256;1803;104.8;49.54;;;
37.638161;-3.920439;721;0;1;2256;1803;104.82;49.52;;;
37.638205;-3.920658;721;0;1;2256;1803;104.84;49.5;;;
37.638267;-3.920871;722;0;2;2256;1803;104.86;49.48;;;
37.638330;-3.921084;722;0;2;2257;1802;104.88;49.46;;;
37.638392;-3.921297;722;0;1;2257;1802;104.9;49.44;;;
37.638439;-3.921514;723;0;1;2257;1802;104.92;49.42;;;
37.638421;-3.921738;723;0;1;2258;1801;104.94;49.4;;;
37.638379;-3.921959;723;0;1;2258;1801;104.96;49.38;;;
37.638338;-3.922180;723;0;1;2258;1801;104.98;49.36;;;
37.638297;-3.922401;724;0;1;2258;1801;105;49.34;;;
37.638256;-3.922623;724;0;1;2259;1800;105.02;49.32;;;
37.638214;-3.922844;724;0;1;2259;1800;105.04;49.3;;;
37.638173;-3.923065;724;0;1;2259;1800;105.06;49.28;;;
37.638152;-3.923289;725;0;1;2259;1800;105.08;49.26;;;
37.638192;-3.923506;725;0;1;2260;1799;105.1;49.24;;;
37.638283;-3.923701;725;0;1;2260;1799;105.12;49.22;;;
37.638382;-3.923891;726;0;1;2260;1799;105.14;49.2;;;
37.638480;-3.924081;726;0;1;2261;1798;105.16;49.18;;;
37.638579;-3.924271;726;0;1;2261;1798;105.18;49.16;;;
37.638678;-3.924461;726;0;1;2261;1798;105.2;49.14;;;
37.638752;-3.924663;726;0;1;2261;1798;105.22;49.12;;;
37.638786;-3.924886;727;0;1;2261;1798;105.24;49.1;;;
37.638820;-3.925109;727;0;1;2262;1797;105.26;49.08;;;
37.638863;-3.925329;727;0;1;2262;1797;105.28;49.06;;;
37.638920;-3.925545;727;0;0;2262;1797;105.3;49.04;;;
37.638976;-3.925760;727;0;0;2262;1797;105.32;49.02;;;
37.639033;-3.925976;727;0;0;2262;1797;105.34;49;;;
37.639059;-3.926200;727;0;0;2262;1797;105.36;48.98;;;
37.639080;-3.926426;727;0;0;2262;1797;105.38;48.96;;;
37.639104;-3.926651;727;0;-1;2262;1797;105.4;48.94;;;
37.639153;-3.926869;727;0;-1;2262;1797;105.42;48.92;;;
37.639200;-3.927088;727;0;-1;2262;1797;105.44;48.9;;;
37.639209;-3.927314;727;0;-2;2262;1797;105.46;48.88;;;
37.639165;-3.927533;726;0;-2;2262;1797;105.48;48.86;;;
37.639074;-3.927729;726;0;-2;2262;1797;105.5;48.84;;;
37.638968;-3.927869;725;0;-2;2262;1797;105.52;48.82;;;
37.638799;-3.927939;724;0;-2;2262;1797;105.54;48.8;;;
37.638619;-3.927946;724;0;-2;2262;1797;105.56;48.78;;;
37.638439;-3.927937;724;0;-2;2262;1797;105.58;48.76;;;
37.638261;-3.927914;723;0;-2;2262;1797;105.6;48.74;;;
37.638082;-3.927890;723;0;-2;2262;1797;105.62;48.72;;;
37.637903;-3.927866;723;0;-2;2262;1797;105.64;48.7;;;
37.637724;-3.927842;722;0;-3;2262;1797;105.66;48.68;;;
37.637558;-3.927757;721;0;-3;2262;1797;105.68;48.66;;;
37.637391;-3.927676;721;0;-3;2262;1797;105.7;48.64;;;
37.637217;-3.927617;720;0;-4;2262;1797;105.72;48.62;;;
37.637044;-3.927559;719;0;-4;2262;1797;105.74;48.6;;;
37.636864;-3.927565;718;0;-4;2262;1797;105.76;48.58;;;
37.636684;-3.927565;717;0;-4;2262;1797;105.78;48.56;;;
37.636505;-3.927543;717;0;-4;2262;1797;105.8;48.54;;;
37.636326;-3.927521;716;0;-4;2262;1797;105.82;48.52;;;
37.636147;-3.927500;716;0;-4;2262;1797;105.84;48.5;;;
37.635973;-3.927556;715;0;-4;2262;1797;105.86;48.48;;;
37.635799;-3.927613;714;0;-4;2262;1797;105.88;48.46;;;
37.635631;-3.927693;713;0;-4;2262;1797;105.9;48.44;;;
37.635464;-3.927777;712;0;-5;2262;1797;105.92;48.42;;;
37.635295;-3.927847;711;0;-5;2262;1797;105.94;48.4;;;
37.635115;-3.927833;710;0;-5;2262;1797;105.96;48.38;;;
37.634938;-3.927864;709;0;-5;2262;1797;105.98;48.36;;;
37.634763;-3.927914;708;0;-5;2262;1797;106;48.34;;;
37.634587;-3.927941;707;0;-5;2262;1797;106.02;48.32;;;
37.634408;-3.927911;706;0;-5;2262;1797;106.04;48.3;;;
37.634248;-3.927841;705;0;-5;2262;1797;106.06;48.28;;;
37.634133;-3.927666;704;0;-5;2262;1797;106.08;48.26;;;
37.634030;-3.927480;703;0;-5;2262;1797;106.1;48.24;;;
37.633930;-3.927291;702;0;-5;2262;1797;106.12;48.22;;;
37.633768;-3.927210;701;0;-5;2262;1797;106.14;48.2;;;
37.633588;-3.927219;700;0;-5;2262;1797;106.16;48.18;;;
37.633408;-3.927228;699;0;-5;2262;1797;106.18;48.16;;;
37.633233;-3.927179;698;0;-5;2262;1797;106.2;48.14;;;
37.633082;-3.927074;697;0;-4;2262;1797;106.22;48.12;;;
37.632958;-3.926909;696;0;-4;2262;1797;106.24;48.1;;;
37.632821;-3.926765;696;0;-4;2262;1797;106.26;48.08;;;
37.632668;-3.926644;695;0;-4;2262;1797;106.28;48.06;;;
37.632516;-3.926523;694;0;-4;2262;1797;106.3;48.04;;;
37.632364;-3.926403;694;0;-3;2262;1797;106.32;48.02;;;
37.632188;-3.926356;693;0;-3;2262;1797;106.34;48;;;
37.632012;-3.926310;692;0;-3;2262;1797;106.36;47.98;;;
37.631863;-3.926202;691;0;-3;2262;1797;106.38;47.96;;;
37.631773;-3.926010;691;0;-3;2262;1797;106.4;47.94;;;
37.631708;-3.925798;691;0;-3;2262;1797;106.42;47.92;;;
37.631565;-3.925670;690;0;-3;2262;1797;106.44;47.9;;;
37.631410;-3.925555;689;0;-3;2262;1797;106.46;47.88;;;
37.631262;-3.925427;688;0;-3;2262;1797;106.48;47.86;;;
37.631114;-3.925297;688;0;-3;2262;1797;106.5;47.84;;;
37.630989;-3.925137;687;0;-2;2262;1797;106.52;47.82;;;
37.630878;-3.924959;687;0;-2;2262;1797;106.54;47.8;;;
37.630767;-3.924780;687;0;-2;2262;1797;106.56;47.78;;;
37.630645;-3.924619;686;0;-2;2262;1797;106.58;47.76;;;
37.630481;-3.924525;686;0;-2;2262;1797;106.6;47.74;;;
37.630315;-3.924457;685;0;-2;2262;1797;106.62;47.72;;;
37.630138;-3.924501;685;0;-2;2262;1797;106.64;47.7;;;
37.629962;-3.924544;685;0;-2;2262;1797;106.66;47.68;;;
37.629788;-3.924538;684;0;-2;2262;1797;106.68;47.66;;;
37.629618;-3.924463;684;0;-2;2262;1797;106.7;47.64;;;
37.629509;-3.924285;684;0;-2;2262;1797;106.72;47.62;;;
37.629403;-3.924102;683;0;-2;2262;1797;106.74;47.6;;;
37.629311;-3.923908;683;0;-2;2262;1797;106.76;47.58;;;
37.629234;-3.923702;683;0;-2;2262;1797;106.78;47.56;;;
37.629203;-3.923479;682;0;-2;2262;1797;106.8;47.54;;;
37.629174;-3.923255;682;0;-2;2262;1797;106.82;47.52;;;
37.629146;-3.923031;681;0;-2;2262;1797;106.84;47.5;;;
37.629118;-3.922807;681;0;-1;2262;1797;106.86;47.48;;;
37.629090;-3.922582;681;0;-1;2262;1797;106.88;47.46;;;
37.629055;-3.922360;681;0;-1;2262;1797;106.9;47.44;;;
37.629003;-3.922142;680;0;-1;2262;1797;106.92;47.42;;;
37.628951;-3.921925;680;0;-2;2262;1797;106.94;47.4;;;
37.628898;-3.921708;680;0;-2;2262;1797;106.96;47.38;;;
37.628846;-3.921491;680;0;-2;2262;1797;106.98;47.36;;;
37.628782;-3.921280;679;0;-2;2262;1797;107;47.34;;;
37.628665;-3.921111;679;0;-3;2262;1797;107.02;47.32;;;
37.628498;-3.921070;678;0;-3;2262;1797;107.04;47.3;;;
37.628341;-3.921177;677;0;-3;2262;1797;107.06;47.28;;;
37.628300;-3.921397;677;0;-3;2262;1797;107.08;47.26;;;
37.628322;-3.921622;676;0;-3;2262;1797;107.1;47.24;;;
37.628329;-3.921849;675;0;-3;2262;1797;107.12;47.22;;;
37.628266;-3.922058;675;0;-3;2262;1797;107.14;47.2;;;
37.628163;-3.922244;674;0;-3;2262;1797;107.16;47.18;;;
37.628044;-3.922414;674;0;-3;2262;1797;107.18;47.16;;;
37.627923;-3.922582;673;0;-3;2262;1797;107.2;47.14;;;
37.627792;-3.922737;672;0;-3;2262;1797;107.22;47.12;;;
37.627656;-3.922886;672;0;-3;2262;1797;107.24;47.1;;;
37.627546;-3.923061;671;0;-3;2262;1797;107.26;47.08;;;
37.627429;-3.923231;670;0;-3;2262;1797;107.28;47.06;;;
37.627291;-3.923371;670;0;-3;2262;1797;107.3;47.04;;;
37.627112;-3.923388;669;0;-3;2262;1797;107.32;47.02;;;
37.626939;-3.923366;668;0;-3;2262;1797;107.34;47;;;
37.626797;-3.923239;668;0;-3;2262;1797;107.36;46.98;;;
37.626711;-3.923039;667;0;-3;2262;1797;107.38;46.96;;;
37.626625;-3.922840;666;0;-3;2262;1797;107.4;46.94;;;
37.626539;-3.922641;666;0;-3;2262;1797;107.42;46.92;;;
37.626453;-3.922441;665;0;-3;2262;1797;107.44;46.9;;;
37.626367;-3.922242;665;0;-3;2262;1797;107.46;46.88;;;
37.626281;-3.922042;664;0;-3;2262;1797;107.48;46.86;;;
37.626194;-3.921843;664;0;-3;2262;1797;107.5;46.84;;;
37.626136;-3.921632;663;0;-3;2262;1797;107.52;46.82;;;
37.626109;-3.921407;662;0;-3;2262;1797;107.54;46.8;;;
37.626078;-3.921184;662;0;-3;2262;1797;107.56;46.78;;;
37.626032;-3.920965;661;0;-2;2262;1797;107.58;46.76;;;
37.625986;-3.920745;661;0;-2;2262;1797;107.6;46.74;;;
37.625940;-3.920525;661;0;-2;2262;1797;107.62;46.72;;;
37.625879;-3.920314;660;0;-2;2262;1797;107.64;46.7;;;
37.625787;-3.920118;660;0;-2;2262;1797;107.66;46.68;;;
37.625696;-3.919923;659;0;-2;2262;1797;107.68;46.66;;;
37.625569;-3.919762;659;0;-2;2262;1797;107.7;46.64;;;
37.625440;-3.919604;658;0;-2;2262;1797;107.72;46.62;;;
37.625311;-3.919446;658;0;-2;2262;1797;107.74;46.6;;;
37.625182;-3.919288;658;0;-2;2262;1797;107.76;46.58;;;
37.625053;-3.919130;658;0;-2;2262;1797;107.78;46.56;;;
37.624923;-3.918972;657;0;-2;2262;1797;107.8;46.54;;;
37.624794;-3.918814;657;0;-2;2262;1797;107.82;46.52;;;
37.624665;-3.918655;657;0;-2;2262;1797;107.84;46.5;;;
37.624536;-3.918497;656;0;-1;2262;1797;107.86;46.48;;;
37.624407;-3.918339;656;0;-1;2262;1797;107.88;46.46;;;
37.624278;-3.918181;656;0;-1;2262;1797;107.9;46.44;;;
37.624149;-3.918023;655;0;-1;2262;1797;107.92;46.42;;;
37.624020;-3.917865;655;0;-1;2262;1797;107.94;46.4;;;
37.623891;-3.917707;655;0;-1;2262;1797;107.96;46.38;;;
37.623762;-3.917549;655;0;-1;2262;1797;107.98;46.36;;;
37.623633;-3.917390;654;0;-1;2262;1797;108;46.34;;;
37.623503;-3.917232;654;0;-1;2262;1797;108.02;46.32;;;
37.623374;-3.917074;654;0;-1;2262;1797;108.04;46.3;;;
37.623245;-3.916916;654;0;-1;2262;1797;108.06;46.28;;;
37.623116;-3.916758;653;0;-1;2262;1797;108.08;46.26;;;
37.622984;-3.916604;653;0;-1;2262;1797;108.1;46.24;;;
37.622850;-3.916452;653;0;-1;2262;1797;108.12;46.22;;;
37.622714;-3.916304;652;0;-1;2262;1797;108.14;46.2;;;
37.622573;-3.916163;652;0;-1;2262;1797;108.16;46.18;;;
37.622407;-3.916093;652;0;-1;2262;1797;108.18;46.16;;;
37.622230;-3.916056;651;0;-1;2262;1797;108.2;46.14;;;
37.622052;-3.916017;651;0;-2;2262;1797;108.22;46.12;;;
37.621875;-3.915980;651;0;-2;2262;1797;108.24;46.1;;;
37.621698;-3.915942;651;0;-2;2262;1797;108.26;46.08;;;
37.621520;-3.915904;650;0;-2;2262;1797;108.28;46.06;;;
37.621349;-3.915962;650;0;-2;2262;1797;108.3;46.04;;;
37.621178;-3.916034;649;0;-2;2262;1797;108.32;46.02;;;
37.621004;-3.916084;649;0;-3;2262;1797;108.34;46;;;
37.620825;-3.916099;648;0;-3;2262;1797;108.36;45.98;;;
37.620665;-3.915996;648;0;-3;2262;1797;108.38;45.96;;;
37.620506;-3.915890;647;0;-3;2262;1797;108.4;45.94;;;
37.620344;-3.915791;647;0;-3;2262;1797;108.42;45.92;;;
37.620178;-3.915704;646;0;-3;2262;1797;108.44;45.9;;;
37.620003;-3.915742;646;0;-3;2262;1797;108.46;45.88;;;
37.619826;-3.915788;645;0;-3;2262;1797;108.48;45.86;;;
37.619650;-3.915833;645;0;-3;2262;1797;108.5;45.84;;;
37.619474;-3.915878;644;0;-3;2262;1797;108.52;45.82;;;
37.619298;-3.915923;644;0;-3;2262;1797;108.54;45.8;;;
37.619121;-3.915969;643;0;-3;2262;1797;108.56;45.78;;;
37.618945;-3.916014;642;0;-3;2262;1797;108.58;45.76;;;
37.618769;-3.916059;642;0;-3;2262;1797;108.6;45.74;;;
37.618593;-3.916104;641;0;-3;2262;1797;108.62;45.72;;;
37.618416;-3.916149;640;0;-4;2262;1797;108.64;45.7;;;
37.618258;-3.916245;640;0;-4;2262;1797;108.66;45.68;;;
37.618114;-3.916381;639;0;-4;2262;1797;108.68;45.66;;;
37.617969;-3.916516;638;0;-4;2262;1797;108.7;45.64;;;
37.617824;-3.916651;637;0;-4;2262;1797;108.72;45.62;;;
37.617680;-3.916786;636;0;-4;2262;1797;108.74;45.6;;;
37.617536;-3.916921;635;0;-4;2262;1797;108.76;45.58;;;
37.617391;-3.917056;634;0;-4;2262;1797;108.78;45.56;;;
37.617247;-3.917192;633;0;-4;2262;1797;108.8;45.54;;;
37.617143;-3.917378;633;0;-4;2262;1797;108.82;45.52;;;
37.617039;-3.917563;632;0;-4;2262;1797;108.84;45.5;;;
37.616935;-3.917748;631;0;-4;2262;1797;108.86;45.48;;;
37.616832;-3.917934;630;0;-4;2262;1797;108.88;45.46;;;
37.616728;-3.918119;629;0;-5;2262;1797;108.9;45.44;;;
37.616614;-3.918293;629;0;-5;2262;1797;108.92;45.42;;;
37.616471;-3.918431;628;0;-5;2262;1797;108.94;45.4;;;
37.616319;-3.918547;626;0;-5;2262;1797;108.96;45.38;;;
37.616145;-3.918595;625;0;-5;2262;1797;108.98;45.36;;;
37.615980;-3.918526;624;0;-5;2262;1797;109;45.34;;;
37.615895;-3.918330;623;0;-5;2262;1797;109.02;45.32;;;
37.615887;-3.918107;622;0;-5;2262;1797;109.04;45.3;;;
37.615897;-3.917880;621;0;-4;2262;1797;109.06;45.28;;;
37.615854;-3.917663;620;0;-4;2262;1797;109.08;45.26;;;
37.615709;-3.917536;619;0;-3;2262;1797;109.1;45.24;;;
37.615535;-3.917534;619;0;-2;2262;1797;109.12;45.22;;;
37.615374;-3.917636;618;0;-2;2262;1797;109.14;45.2;;;
37.615213;-3.917737;618;0;-1;2262;1797;109.16;45.18;;;
37.615052;-3.917838;618;0;-1;2262;1797;109.18;45.16;;;
37.614877;-3.917876;618;0;0;2262;1797;109.2;45.14;;;
37.614698;-3.917878;618;0;0;2262;1797;109.22;45.12;;;
37.614522;-3.917832;618;0;0;2262;1797;109.24;45.1;;;
37.614346;-3.917785;618;0;0;2262;1797;109.26;45.08;;;
37.614170;-3.917738;618;0;1;2262;1797;109.28;45.06;;;
37.614021;-3.917627;618;0;1;2262;1797;109.3;45.04;20;;
37.613922;-3.917439;618;0;1;2262;1797;109.32;45.02;;;
37.613833;-3.917242;619;0;2;2263;1796;109.34;45;;;
37.613712;-3.917076;619;0;2;2263;1796;109.36;44.98;;;
37.613571;-3.916939;620;0;3;2264;1795;109.38;44.96;;;
37.613406;-3.916848;620;0;3;2264;1795;109.4;44.94;;;
37.613295;-3.916681;621;0;4;2265;1794;109.42;44.92;;;
37.613279;-3.916457;622;0;4;2266;1793;109.44;44.9;;;
37.613255;-3.916237;622;0;4;2266;1793;109.46;44.88;;;
37.613134;-3.916077;623;0;4;2267;1792;109.48;44.86;;;
37.612961;-3.916033;625;0;4;2269;1790;109.5;44.84;;;
37.612790;-3.916089;625;0;5;2270;1789;109.52;44.82;;;
37.612628;-3.916185;626;0;5;2270;1789;109.54;44.8;;;
37.612452;-3.916229;627;0;5;2271;1788;109.56;44.78;;;
37.612273;-3.916224;628;0;4;2272;1787;109.58;44.76;;;
37.612119;-3.916108;629;0;5;2273;1786;109.6;44.74;;;
37.612027;-3.915913;630;0;5;2274;1785;109.62;44.72;;;
37.611935;-3.915718;631;0;5;2275;1784;109.64;44.7;;;
37.611843;-3.915522;632;0;5;2276;1783;109.66;44.68;;;
37.611752;-3.915327;633;0;5;2277;1782;109.68;44.66;;;
37.611628;-3.915165;634;0;5;2278;1781;109.7;44.64;;;
37.611494;-3.915013;635;0;5;2279;1780;109.72;44.62;;;
37.611379;-3.914842;636;0;5;2280;1779;109.74;44.6;;;
37.611280;-3.914652;637;0;5;2281;1778;109.76;44.58;;;
37.611182;-3.914462;637;0;4;2282;1777;109.78;44.56;;;
37.611083;-3.914272;638;0;4;2283;1776;109.8;44.54;;;
37.610976;-3.914091;639;0;4;2283;1776;109.82;44.52;;;
37.610844;-3.913936;640;0;4;2284;1775;109.84;44.5;;;
37.610712;-3.913782;641;0;4;2285;1774;109.86;44.48;;;
37.610580;-3.913628;641;0;4;2286;1773;109.88;44.46;;;
37.610448;-3.913474;642;0;4;2286;1773;109.9;44.44;;;
37.610305;-3.913343;643;0;5;2287;1772;109.92;44.42;;;
37.610136;-3.913263;644;0;5;2288;1771;109.94;44.4;;;
37.609968;-3.913183;645;0;5;2289;1770;109.96;44.38;;;
37.609800;-3.913102;646;0;5;2290;1769;109.98;44.36;;;
37.609627;-3.913071;647;0;5;2292;1767;110;44.34;;;
37.609448;-3.913098;649;0;5;2293;1766;110.02;44.32;;;
37.609270;-3.913129;650;0;5;2294;1765;110.04;44.3;;;
37.609094;-3.913174;650;0;5;2295;1764;110.06;44.28;;;
37.608918;-3.913219;651;0;5;2295;1764;110.08;44.26;;;
37.608741;-3.913263;652;0;5;2296;1763;110.1;44.24;;;
37.608562;-3.913254;653;0;5;2297;1762;110.12;44.22;;;
37.608433;-3.913121;654;0;5;2298;1761;110.14;44.2;;;
37.608325;-3.912940;655;0;5;2299;1760;110.16;44.18;;;
37.608217;-3.912758;656;0;5;2300;1759;110.18;44.16;;;
37.608109;-3.912577;657;0;5;2301;1758;110.2;44.14;;;
37.607965;-3.912452;658;0;6;2302;1757;110.22;44.12;;;
37.607801;-3.912361;659;0;6;2304;1755;110.24;44.1;;;
37.607641;-3.912258;661;0;6;2305;1754;110.26;44.08;;;
37.607493;-3.912129;662;0;6;2306;1753;110.28;44.06;;;
37.607336;-3.912028;663;0;6;2307;1752;110.3;44.04;;;
37.607158;-3.911993;664;0;6;2308;1751;110.32;44.02;;;
37.606981;-3.911957;665;0;5;2310;1749;110.34;44;;;
37.606803;-3.911921;666;0;5;2311;1748;110.36;43.98;;;
37.606626;-3.911885;667;0;5;2311;1748;110.38;43.96;;;
37.606448;-3.911852;668;0;5;2312;1747;110.4;43.94;;;
37.606269;-3.911829;669;0;5;2313;1746;110.42;43.92;;;
37.606100;-3.911749;671;0;5;2315;1744;110.44;43.9;;;
37.605969;-3.911598;672;0;5;2316;1743;110.46;43.88;;;
37.605843;-3.911436;673;0;5;2317;1742;110.48;43.86;;;
37.605717;-3.911274;674;0;5;2318;1741;110.5;43.84;;;
37.605584;-3.911122;675;0;5;2319;1740;110.52;43.82;;;
37.605430;-3.911004;676;0;5;2320;1739;110.54;43.8;;;
37.605277;-3.910886;677;0;6;2321;1738;110.56;43.78;;;
37.605112;-3.910831;678;0;6;2322;1737;110.58;43.76;;;
37.604934;-3.910857;679;0;6;2323;1736;110.6;43.74;;;
37.604758;-3.910860;680;0;6;2324;1735;110.62;43.72;;;
37.604597;-3.910760;681;0;6;2326;1733;110.64;43.7;;;
37.604435;-3.910660;683;0;5;2327;1732;110.66;43.68;;;
37.604274;-3.910560;684;0;5;2328;1731;110.68;43.66;;;
37.604103;-3.910499;685;0;5;2329;1730;110.7;43.64;;;
37.603925;-3.910466;686;0;5;2330;1729;110.72;43.62;;;
37.603747;-3.910432;686;0;5;2331;1728;110.74;43.6;;;
37.603569;-3.910399;687;0;6;2331;1728;110.76;43.58;;;
37.603391;-3.910365;688;0;6;2332;1727;110.78;43.56;;;
37.603213;-3.910378;689;0;6;2334;1725;110.8;43.54;;;
37.603034;-3.910402;691;0;6;2335;1724;110.82;43.52;;;
37.602861;-3.910378;693;0;7;2337;1722;110.84;43.5;;;
37.602761;-3.910192;695;0;7;2339;1720;110.86;43.48;;;
37.602691;-3.909985;696;0;8;2340;1719;110.88;43.46;;;
37.602643;-3.909766;696;0;8;2341;1718;110.9;43.44;;;
37.602536;-3.909587;699;0;7;2343;1716;110.92;43.42;;;
37.602388;-3.909460;700;0;7;2344;1715;110.94;43.4;;;
37.602235;-3.909345;702;0;7;2346;1713;110.96;43.38;;;
37.602140;-3.909157;703;0;7;2348;1711;110.98;43.36;;;
37.602123;-3.908933;705;0;7;2349;1710;111;43.34;;;
37.602105;-3.908708;706;0;7;2350;1709;111.02;43.32;;;
37.602068;-3.908486;707;0;7;2351;1708;111.04;43.3;;;
37.601981;-3.908287;708;0;7;2352;1707;111.06;43.28;;;
37.601895;-3.908088;709;0;7;2353;1706;111.08;43.26;;;
37.601759;-3.907953;711;0;7;2355;1704;111.1;43.24;;;
37.601585;-3.907942;713;0;7;2357;1702;111.12;43.22;;;
37.601421;-3.908034;715;0;7;2359;1700;111.14;43.2;;;
37.601260;-3.908135;716;0;7;2360;1699;111.16;43.18;;;
37.601099;-3.908237;717;0;6;2361;1698;111.18;43.16;;;
37.600938;-3.908337;718;0;6;2362;1697;111.2;43.14;;;
37.600812;-3.908498;719;0;6;2363;1696;111.22;43.12;;;
37.600696;-3.908671;720;0;6;2364;1695;111.24;43.1;;;
37.600598;-3.908860;721;0;7;2366;1693;111.26;43.08;;;
37.600583;-3.909085;723;0;7;2367;1692;111.28;43.06;;;
37.600617;-3.909308;724;0;7;2369;1690;111.3;43.04;;;
37.600628;-3.909531;726;0;7;2370;1689;111.32;43.02;;;
37.600564;-3.909742;728;0;8;2372;1687;111.34;43;;;
37.600490;-3.909949;729;0;8;2373;1686;111.36;42.98;;;
37.600408;-3.910151;730;0;8;2375;1684;111.38;42.96;;;
37.600295;-3.910323;732;0;7;2376;1683;111.4;42.94;;;
37.600137;-3.910412;734;0;7;2378;1681;111.42;42.92;;;
37.599958;-3.910398;735;0;7;2380;1679;111.44;42.9;;;
37.599827;-3.910245;737;0;7;2381;1678;111.46;42.88;;;
37.599728;-3.910055;738;0;6;2382;1677;111.48;42.86;;;
37.599676;-3.909838;739;0;6;2383;1676;111.5;42.84;;;
37.599641;-3.909617;740;0;5;2384;1675;111.52;42.82;;;
37.599634;-3.909391;741;0;5;2386;1673;111.54;42.8;;;
37.599649;-3.909165;742;0;4;2386;1673;111.56;42.78;;;
37.599665;-3.908938;743;0;4;2387;1672;111.58;42.76;;;
37.599681;-3.908712;744;0;4;2388;1671;111.6;42.74;;;
37.599697;-3.908486;745;0;5;2389;1670;111.62;42.72;;;
37.599712;-3.908260;745;0;5;2389;1670;111.64;42.7;;;
37.599727;-3.908034;746;0;5;2390;1669;111.66;42.68;;;
37.599698;-3.907811;748;0;5;2392;1667;111.68;42.66;;;
37.599654;-3.907593;749;0;5;2393;1666;111.7;42.64;;;
37.599550;-3.907408;750;0;5;2394;1665;111.72;42.62;;;
37.599445;-3.907224;750;0;5;2394;1665;111.74;42.6;;;
37.599340;-3.907039;751;0;4;2395;1664;111.76;42.58;;;
37.599321;-3.906817;752;0;4;2396;1663;111.78;42.56;;;
37.599345;-3.906593;753;0;4;2397;1662;111.8;42.54;;;
37.599380;-3.906371;754;0;4;2398;1661;111.82;42.52;;;
37.599415;-3.906148;755;0;4;2399;1660;111.84;42.5;;;
37.599449;-3.905925;755;0;4;2400;1659;111.86;42.48;;;
37.599442;-3.905701;756;0;4;2400;1659;111.88;42.46;;;
37.599381;-3.905494;757;0;3;2401;1658;111.9;42.44;;;
37.599258;-3.905337;758;0;3;2402;1657;111.92;42.42;;;
37.599096;-3.905238;758;0;3;2402;1657;111.94;42.4;;;
37.598927;-3.905159;759;0;3;2403;1656;111.96;42.38;;;
37.598759;-3.905080;759;0;2;2403;1656;111.98;42.36;;;
37.598590;-3.905000;760;0;2;2404;1655;112;42.34;;;
37.598422;-3.904921;760;0;2;2404;1655;112.02;42.32;;;
37.598252;-3.904846;760;0;2;2405;1654;112.04;42.3;;;
37.598074;-3.904812;761;0;2;2405;1654;112.06;42.28;;;
37.597896;-3.904779;761;0;1;2405;1654;112.08;42.26;;;
37.597718;-3.904746;761;0;1;2406;1653;112.1;42.24;;;
37.597541;-3.904712;762;0;1;2406;1653;112.12;42.22;;;
37.597362;-3.904695;762;0;1;2406;1653;112.14;42.2;;;
37.597183;-3.904715;762;0;1;2406;1653;112.16;42.18;;;
37.597004;-3.904735;762;0;0;2406;1653;112.18;42.16;;;
37.596825;-3.904755;762;0;0;2406;1653;112.2;42.14;;;
37.596646;-3.904775;762;0;0;2406;1653;112.22;42.12;;;
37.596473;-3.904724;762;0;0;2406;1653;112.24;42.1;;;
37.596302;-3.904654;762;0;0;2406;1653;112.26;42.08;;;
37.596131;-3.904584;762;0;0;2406;1653;112.28;42.06;;;
37.595960;-3.904513;762;0;-1;2406;1653;112.3;42.04;;;
37.595786;-3.904564;762;0;-1;2406;1653;112.32;42.02;;;
37.595612;-3.904622;762;0;-1;2406;1653;112.34;42;;;
37.595438;-3.904680;761;0;-2;2406;1653;112.36;41.98;;;
37.595264;-3.904737;761;0;-2;2406;1653;112.38;41.96;;;
37.595089;-3.904779;761;0;-2;2406;1653;112.4;41.94;;;
37.594913;-3.904746;760;0;-3;2406;1653;112.42;41.92;;;
37.594765;-3.904618;760;0;-4;2406;1653;112.44;41.9;;;
37.594634;-3.904465;759;0;-4;2406;1653;112.46;41.88;;;
37.594599;-3.904249;758;0;-4;2406;1653;112.48;41.86;;;
37.594681;-3.904055;757;0;-4;2406;1653;112.5;41.84;;;
37.594836;-3.903946;756;0;-4;2406;1653;112.52;41.82;;;
37.594996;-3.903844;755;0;-4;2406;1653;112.54;41.8;;;
37.595139;-3.903707;754;0;-4;2406;1653;112.56;41.78;;;
37.595251;-3.903532;754;0;-4;2406;1653;112.58;41.76;;;
37.595354;-3.903345;753;0;-5;2406;1653;112.6;41.74;;;
37.595456;-3.903159;752;0;-5;2406;1653;112.62;41.72;;;
37.595546;-3.902962;751;0;-5;2406;1653;112.64;41.7;;;
37.595606;-3.902751;750;0;-5;2406;1653;112.66;41.68;;;
37.595560;-3.902537;748;0;-5;2406;1653;112.68;41.66;;;
37.595468;-3.902342;747;0;-5;2406;1653;112.7;41.64;;;
37.595376;-3.902147;747;0;-5;2406;1653;112.72;41.62;;;
37.595283;-3.901952;746;0;-5;2406;1653;112.74;41.6;;;
37.595192;-3.901757;745;0;-5;2406;1653;112.76;41.58;;;
37.595073;-3.901588;744;0;-5;2406;1653;112.78;41.56;;;
37.594930;-3.901453;743;0;-6;2406;1653;112.8;41.54;;;
37.594771;-3.901348;742;0;-6;2406;1653;112.82;41.52;;;
37.594605;-3.901261;740;0;-6;2406;1653;112.84;41.5;;;
37.594437;-3.901184;739;0;-6;2406;1653;112.86;41.48;;;
37.594258;-3.901156;738;0;-6;2406;1653;112.88;41.46;;;
37.594083;-3.901167;736;0;-6;2406;1653;112.9;41.44;;;
37.593912;-3.901239;736;0;-6;2406;1653;112.92;41.42;;;
37.593751;-3.901159;734;0;-6;2406;1653;112.94;41.4;;;
37.593641;-3.900994;733;0;-5;2406;1653;112.96;41.38;;;
37.593563;-3.900789;732;0;-5;2406;1653;112.98;41.36;;;
37.593471;-3.900596;731;0;-5;2406;1653;113;41.34;;;
37.593351;-3.900428;730;0;-5;2406;1653;113.02;41.32;;;
37.593194;-3.900338;729;0;-5;2406;1653;113.04;41.3;;;
37.593022;-3.900320;728;0;-5;2406;1653;113.06;41.28;;;
37.592870;-3.900441;727;0;-5;2406;1653;113.08;41.26;;;
37.592718;-3.900561;726;0;-5;2406;1653;113.1;41.24;;;
37.592555;-3.900641;725;0;-5;2406;1653;113.12;41.22;;;
37.592376;-3.900647;724;0;-5;2406;1653;113.14;41.2;;;
37.592213;-3.900571;723;0;-6;2406;1653;113.16;41.18;;;
37.592084;-3.900421;722;0;-6;2406;1653;113.18;41.16;;;
37.591986;-3.900230;721;0;-6;2406;1653;113.2;41.14;;;
37.591876;-3.900058;720;0;-6;2406;1653;113.22;41.12;;;
37.591714;-3.899958;718;0;-6;2406;1653;113.24;41.1;;;
37.591546;-3.899913;717;0;-6;2406;1653;113.26;41.08;;;
37.591368;-3.899947;716;0;-6;2406;1653;113.28;41.06;;;
37.591191;-3.899974;715;0;-6;2406;1653;113.3;41.04;;;
37.591036;-3.899860;713;0;-6;2406;1653;113.32;41.02;;;
37.590878;-3.899759;712;0;-6;2406;1653;113.34;41;;;
37.590698;-3.899763;711;0;-6;2406;1653;113.36;40.98;;;
37.590518;-3.899767;710;0;-5;2406;1653;113.38;40.96;;;
37.590344;-3.899804;709;0;-5;2406;1653;113.4;40.94;;;
37.590178;-3.899891;708;0;-5;2406;1653;113.42;40.92;;;
37.590013;-3.899981;707;0;-5;2406;1653;113.44;40.9;;;
37.589859;-3.900100;706;0;-5;2406;1653;113.46;40.88;;;
37.589706;-3.900218;705;0;-5;2406;1653;113.48;40.86;;;
37.589544;-3.900295;704;0;-5;2406;1653;113.5;40.84;;;
37.589364;-3.900281;703;0;-5;2406;1653;113.52;40.82;;;
37.589185;-3.900267;702;0;-5;2406;1653;113.54;40.8;;;
37.589018;-3.900202;701;0;-5;2406;1653;113.56;40.78;;;
37.588867;-3.900080;700;0;-5;2406;1653;113.58;40.76;;;
37.588712;-3.899968;699;0;-5;2406;1653;113.6;40.74;;;
37.588533;-3.899963;698;0;-5;2406;1653;113.62;40.72;;;
37.588371;-3.900016;697;0;-5;2406;1653;113.64;40.7;;;
37.588239;-3.900170;696;0;-5;2406;1653;113.66;40.68;;;
37.588118;-3.900334;695;0;-5;2406;1653;113.68;40.66;;;
37.588051;-3.900545;694;0;-5;2406;1653;113.7;40.64;;;
37.587983;-3.900755;693;0;-5;2406;1653;113.72;40.62;;;
37.587827;-3.900814;692;0;-5;2406;1653;113.74;40.6;;;
37.587648;-3.900833;691;0;-5;2406;1653;113.76;40.58;;;
37.587471;-3.900861;689;0;-5;2406;1653;113.78;40.56;;;
37.587311;-3.900965;688;0;-5;2406;1653;113.8;40.54;;;
37.587148;-3.901059;687;0;-5;2406;1653;113.82;40.52;;;
37.586973;-3.901112;686;0;-5;2406;1653;113.84;40.5;;;
37.586798;-3.901165;685;0;-5;2406;1653;113.86;40.48;;;
37.586634;-3.901252;684;0;-5;2406;1653;113.88;40.46;;;
37.586506;-3.901396;683;0;-5;2406;1653;113.9;40.44;;;
37.586437;-3.901606;682;0;-5;2406;1653;113.92;40.42;;;
37.586412;-3.901830;681;0;-5;2406;1653;113.94;40.4;;;
37.586328;-3.902029;680;0;-5;2406;1653;113.96;40.38;;;
37.586235;-3.902223;679;0;-5;2406;1653;113.98;40.36;;;
37.586142;-3.902417;678;0;-5;2406;1653;114;40.34;;;
37.586051;-3.902613;677;0;-5;2406;1653;114.02;40.32;;;
37.585989;-3.902825;676;0;-5;2406;1653;114.04;40.3;;;
37.585986;-3.903052;675;0;-5;2406;1653;114.06;40.28;;;
37.585984;-3.903279;674;0;-5;2406;1653;114.08;40.26;;;
37.585981;-3.903506;673;0;-5;2406;1653;114.1;40.24;;;
37.585913;-3.903700;672;0;-4;2406;1653;114.12;40.22;;;
37.585792;-3.903868;672;0;-4;2406;1653;114.14;40.2;;;
37.585710;-3.904068;671;0;-4;2406;1653;114.16;40.18;;;
37.585636;-3.904275;670;0;-4;2406;1653;114.18;40.16;;;
37.585562;-3.904482;669;0;-4;2406;1653;114.2;40.14;;;
37.585488;-3.904689;668;0;-4;2406;1653;114.22;40.12;;;
37.585392;-3.904876;668;0;-4;2406;1653;114.24;40.1;;;
37.585269;-3.905042;667;0;-4;2406;1653;114.26;40.08;;;
37.585146;-3.905208;666;0;-4;2406;1653;114.28;40.06;;;
37.585022;-3.905373;665;0;-5;2406;1653;114.3;40.04;;;
37.584899;-3.905538;664;0;-4;2406;1653;114.32;40.02;;;
37.584776;-3.905704;663;0;-4;2406;1653;114.34;40;;;
37.584653;-3.905870;662;0;-4;2406;1653;114.36;39.98;;;
37.584545;-3.906044;661;0;-4;2406;1653;114.38;39.96;;;
37.584517;-3.906268;661;0;-4;2406;1653;114.4;39.94;;;
37.584489;-3.906492;660;0;-4;2406;1653;114.42;39.92;;;
37.584461;-3.906717;659;0;-4;2406;1653;114.44;39.9;;;
37.584332;-3.906871;659;0;-3;2406;1653;114.46;39.88;;;
37.584197;-3.907022;658;0;-4;2406;1653;114.48;39.86;;;
37.584063;-3.907173;657;0;-4;2406;1653;114.5;39.84;;;
37.583928;-3.907323;656;0;-4;2406;1653;114.52;39.82;;;
37.583793;-3.907473;656;0;-4;2406;1653;114.54;39.8;;;
37.583659;-3.907624;655;0;-4;2406;1653;114.56;39.78;;;
37.583524;-3.907775;654;0;-4;2406;1653;114.58;39.76;;;
37.583390;-3.907925;653;0;-4;2406;1653;114.6;39.74;;;
37.583302;-3.908119;652;0;-4;2406;1653;114.62;39.72;;;
37.583228;-3.908326;652;0;-4;2406;1653;114.64;39.7;;;
37.583174;-3.908542;651;0;-4;2406;1653;114.66;39.68;;;
37.583126;-3.908761;650;0;-3;2406;1653;114.68;39.66;;;
37.583087;-3.908982;649;0;-3;2406;1653;114.7;39.64;;;
37.583051;-3.909204;649;0;-3;2406;1653;114.72;39.62;;;
37.583016;-3.909427;648;0;-3;2406;1653;114.74;39.6;;;
37.582987;-3.909651;648;0;-3;2406;1653;114.76;39.58;;;
37.582981;-3.909877;647;0;-3;2406;1653;114.78;39.56;;;
37.583014;-3.910098;647;0;-3;2406;1653;114.8;39.54;;;
37.583061;-3.910317;646;0;-3;2406;1653;114.82;39.52;;;
37.583109;-3.910536;646;0;-3;2406;1653;114.84;39.5;;;
37.583157;-3.910755;645;0;-3;2406;1653;114.86;39.48;;;
37.583179;-3.910978;645;0;-2;2406;1653;114.88;39.46;;;
37.583179;-3.911205;644;0;-2;2406;1653;114.9;39.44;;;
37.583171;-3.911432;644;0;-2;2406;1653;114.92;39.42;;;
37.583135;-3.911652;643;0;-2;2406;1653;114.94;39.4;;;
37.583073;-3.911866;643;0;-2;2406;1653;114.96;39.38;;;
37.583011;-3.912079;642;0;-2;2406;1653;114.98;39.36;;;
37.582948;-3.912291;642;0;-2;2406;1653;115;39.34;;;
37.582875;-3.912496;642;0;-1;2406;1653;115.02;39.32;;;
37.582737;-3.912636;641;0;-1;2406;1653;115.04;39.3;;;
37.582566;-3.912702;641;0;0;2406;1653;115.06;39.28;;;
37.582399;-3.912782;641;0;0;2406;1653;115.08;39.26;;;
37.582294;-3.912962;641;0;0;2406;1653;115.1;39.24;;;
37.582279;-3.913183;641;0;1;2406;1653;115.12;39.22;;;
37.582395;-3.913346;642;0;1;2407;1652;115.14;39.2;;;
37.582567;-3.913395;642;0;2;2407;1652;115.16;39.18;;;
37.582747;-3.913393;642;0;2;2408;1651;115.18;39.16;;;
37.582926;-3.913383;643;0;2;2408;1651;115.2;39.14;;;
37.583106;-3.913379;643;0;2;2408;1651;115.22;39.12;;;
37.583278;-3.913423;644;0;2;2409;1650;115.24;39.1;;;
37.583438;-3.913526;644;0;2;2409;1650;115.26;39.08;;;
37.583598;-3.913628;645;0;3;2410;1649;115.28;39.06;;;
37.583759;-3.913731;645;0;4;2410;1649;115.3;39.04;;;
37.583919;-3.913834;646;0;5;2411;1648;115.32;39.02;;;
37.584092;-3.913892;646;0;6;2411;1648;115.34;39;;;
37.584254;-3.913974;647;0;7;2412;1647;115.36;38.98;;;
37.584309;-3.914178;649;0;7;2414;1645;115.38;38.96;;;
37.584197;-3.914339;652;0;8;2417;1642;115.4;38.94;;;
37.584018;-3.914322;654;0;9;2419;1640;115.42;38.92;;;
37.583875;-3.914189;655;0;8;2421;1638;115.44;38.9;;;
37.583738;-3.914043;657;0;8;2422;1637;115.46;38.88;;;
37.583588;-3.913933;658;0;7;2423;1636;115.48;38.86;;;
37.583409;-3.913953;660;0;7;2425;1634;115.5;38.84;;;
37.583231;-3.913973;661;0;7;2426;1633;115.52;38.82;;;
37.583059;-3.913910;662;0;8;2427;1632;115.54;38.8;;;
37.582886;-3.913845;663;0;7;2429;1630;115.56;38.78;;;
37.582709;-3.913809;665;0;8;2430;1629;115.58;38.76;;;
37.582532;-3.913853;667;0;8;2432;1627;115.6;38.74;;;
37.582356;-3.913897;668;0;8;2434;1625;115.62;38.72;;;
37.582180;-3.913871;670;0;8;2435;1624;115.64;38.7;;;
37.582025;-3.913762;672;0;8;2437;1622;115.66;38.68;;;
37.581877;-3.913634;673;0;8;2438;1621;115.68;38.66;;;
37.581728;-3.913506;675;0;8;2440;1619;115.7;38.64;;;
37.581580;-3.913378;676;0;7;2441;1618;115.72;38.62;;;
37.581431;-3.913250;678;0;7;2443;1616;115.74;38.6;;;
37.581269;-3.913168;679;0;7;2444;1615;115.76;38.58;;;
37.581090;-3.913143;681;0;7;2446;1613;115.78;38.56;;;
37.580912;-3.913117;682;0;7;2447;1612;115.8;38.54;;;
37.580739;-3.913056;684;0;7;2449;1610;115.82;38.52;;;
37.580570;-3.912981;685;0;7;2450;1609;115.84;38.5;;;
37.580400;-3.912908;686;0;7;2452;1607;115.86;38.48;;;
37.580221;-3.912879;688;0;7;2453;1606;115.88;38.46;;;
37.580043;-3.912851;690;0;7;2455;1604;115.9;38.44;;;
37.579864;-3.912822;691;0;7;2456;1603;115.92;38.42;;;
37.579686;-3.912809;693;0;7;2458;1601;115.94;38.4;;;
37.579512;-3.912862;694;0;7;2459;1600;115.96;38.38;;;
37.579337;-3.912916;695;0;7;2460;1599;115.98;38.36;;;
37.579162;-3.912969;696;0;7;2461;1598;116;38.34;;;
37.579009;-3.913083;698;0;7;2463;1596;116.02;38.32;;;
37.578893;-3.913255;699;0;7;2464;1595;116.04;38.3;;;
37.578778;-3.913427;701;0;7;2466;1593;116.06;38.28;;;
37.578631;-3.913558;702;0;8;2467;1592;116.08;38.26;;;
37.578484;-3.913688;704;0;8;2469;1590;116.1;38.24;;;
37.578337;-3.913819;705;0;8;2470;1589;116.12;38.22;;;
37.578219;-3.913983;707;0;8;2472;1587;116.14;38.2;;;
37.578124;-3.914177;709;0;8;2474;1585;116.16;38.18;;;
37.578060;-3.914386;710;0;8;2475;1584;116.18;38.16;;;
37.578014;-3.914606;712;0;8;2477;1582;116.2;38.14;;;
37.577948;-3.914816;713;0;7;2478;1581;116.22;38.12;;;
37.577872;-3.915021;715;0;6;2480;1579;116.24;38.1;;;
37.577795;-3.915227;716;0;6;2481;1578;116.26;38.08;;;
37.577718;-3.915431;717;0;6;2482;1577;116.28;38.06;;;
37.577621;-3.915622;718;0;5;2483;1576;116.3;38.04;;;
37.577524;-3.915813;719;0;5;2484;1575;116.32;38.02;;;
37.577411;-3.915983;720;0;5;2485;1574;116.34;38;;;
37.577240;-3.916049;721;0;4;2486;1573;116.36;37.98;;;
37.577067;-3.916111;722;0;4;2487;1572;116.38;37.96;;;
37.576901;-3.916196;723;0;4;2488;1571;116.4;37.94;;;
37.576734;-3.916282;723;0;3;2488;1571;116.42;37.92;;;
37.576567;-3.916367;724;0;3;2489;1570;116.44;37.9;;;
37.576401;-3.916452;725;0;3;2490;1569;116.46;37.88;;;
37.576259;-3.916579;725;0;2;2490;1569;116.48;37.86;;;
37.576147;-3.916757;725;0;2;2490;1569;116.5;37.84;;;
37.576035;-3.916935;726;0;2;2491;1568;116.52;37.82;;;
37.575923;-3.917112;726;0;2;2491;1568;116.54;37.8;;;
37.575842;-3.917315;727;0;2;2492;1567;116.56;37.78;;;
37.575762;-3.917518;727;0;1;2492;1567;116.58;37.76;;;
37.575681;-3.917721;727;0;1;2492;1567;116.6;37.74;;;
37.575601;-3.917924;727;0;1;2492;1567;116.62;37.72;;;
37.575520;-3.918127;728;0;1;2493;1566;116.64;37.7;;;
37.575397;-3.918292;728;0;1;2493;1566;116.66;37.68;;;
37.575273;-3.918457;728;0;0;2493;1566;116.68;37.66;;;
37.575146;-3.918613;728;0;0;2493;1566;116.7;37.64;;;
37.574972;-3.918672;728;0;0;2493;1566;116.72;37.62;;;
37.574798;-3.918731;728;0;0;2493;1566;116.74;37.6;;;
37.574624;-3.918789;728;0;0;2493;1566;116.76;37.58;;;
37.574451;-3.918848;728;0;-1;2493;1566;116.78;37.56;;;
37.574277;-3.918906;728;0;-1;2493;1566;116.8;37.54;;;
37.574122;-3.919012;727;0;-1;2493;1566;116.82;37.52;;;
37.573973;-3.919134;727;0;-1;2493;1566;116.84;37.5;;;
37.573795;-3.919169;727;0;-1;2493;1566;116.86;37.48;;;
37.573617;-3.919203;727;0;-1;2493;1566;116.88;37.46;;;
37.573439;-3.919236;726;0;-2;2493;1566;116.9;37.44;;;
37.573262;-3.919270;726;0;-2;2493;1566;116.92;37.42;;;
37.573084;-3.919304;726;0;-2;2493;1566;116.94;37.4;;;
37.572906;-3.919338;725;0;-2;2493;1566;116.96;37.38;;;
37.572728;-3.919372;725;0;-3;2493;1566;116.98;37.36;;;
37.572550;-3.919406;724;0;-3;2493;1566;117;37.34;;;
37.572385;-3.919485;724;0;-4;2493;1566;117.02;37.32;;;
37.572227;-3.919593;723;0;-4;2493;1566;117.04;37.3;;;
37.572052;-3.919619;722;0;-5;2493;1566;117.06;37.28;;;
37.571877;-3.919587;721;0;-6;2493;1566;117.08;37.26;;;
37.571717;-3.919482;720;0;-6;2493;1566;117.1;37.24;;;
37.571557;-3.919379;718;0;-7;2493;1566;117.12;37.22;;;
37.571414;-3.919495;717;0;-7;2493;1566;117.14;37.2;;;
37.571269;-3.919628;715;0;-7;2493;1566;117.16;37.18;;;
37.571095;-3.919674;714;0;-7;2493;1566;117.18;37.16;;;
37.570916;-3.919684;713;0;-7;2493;1566;117.2;37.14;;;
37.570746;-3.919739;711;0;-7;2493;1566;117.22;37.12;;;
37.570588;-3.919847;710;0;-6;2493;1566;117.24;37.1;;;
37.570429;-3.919955;709;0;-6;2493;1566;117.26;37.08;;;
37.570260;-3.920029;707;0;-7;2493;1566;117.28;37.06;;;
37.570080;-3.920037;706;0;-7;2493;1566;117.3;37.04;;;
37.569901;-3.920045;705;0;-7;2493;1566;117.32;37.02;;;
37.569726;-3.920088;703;0;-7;2493;1566;117.34;37;;;
37.569573;-3.920206;702;0;-7;2493;1566;117.36;36.98;;;
37.569424;-3.920333;701;0;-7;2493;1566;117.38;36.96;;;
37.569271;-3.920450;700;0;-7;2493;1566;117.4;36.94;;;
37.569099;-3.920515;698;0;-7;2493;1566;117.42;36.92;;;
37.568927;-3.920580;697;0;-8;2493;1566;117.44;36.9;;;
37.568755;-3.920646;696;0;-9;2493;1566;117.46;36.88;;;
37.568582;-3.920711;694;0;-9;2493;1566;117.48;36.86;;;
37.568413;-3.920783;693;0;-10;2493;1566;117.5;36.84;;;
37.568351;-3.920964;689;0;-10;2493;1566;117.52;36.82;;;
37.568453;-3.921147;687;0;-10;2493;1566;117.54;36.8;;;
37.568534;-3.921335;685;0;-10;2493;1566;117.56;36.78;;;
37.568492;-3.921550;683;0;-10;2493;1566;117.58;36.76;;;
37.568354;-3.921679;680;0;-9;2493;1566;117.6;36.74;;;
37.568182;-3.921743;678;0;-9;2493;1566;117.62;36.72;;;
37.568009;-3.921807;677;0;-8;2493;1566;117.64;36.7;;;
37.567836;-3.921870;676;0;-8;2493;1566;117.66;36.68;;;
37.567666;-3.921942;674;0;-7;2493;1566;117.68;36.66;;;
37.567499;-3.922028;673;0;-7;2493;1566;117.7;36.64;;;
37.567333;-3.922113;671;0;-7;2493;1566;117.72;36.62;;;
37.567166;-3.922199;670;0;-6;2493;1566;117.74;36.6;;;
37.567000;-3.922285;669;0;-6;2493;1566;117.76;36.58;;;
37.566833;-3.922371;668;0;-6;2493;1566;117.78;36.56;;;
37.566665;-3.922450;666;0;-6;2493;1566;117.8;36.54;;;
37.566495;-3.922525;665;0;-6;2493;1566;117.82;36.52;;;
37.566330;-3.922610;664;0;-6;2493;1566;117.84;36.5;;;
37.566194;-3.922759;663;0;-6;2493;1566;117.86;36.48;;;
37.566041;-3.922874;662;0;-6;2493;1566;117.88;36.46;;;
37.565878;-3.922970;660;0;-6;2493;1566;117.9;36.44;;;
37.565715;-3.923067;659;0;-6;2493;1566;117.92;36.42;;;
37.565554;-3.923166;658;0;-6;2493;1566;117.94;36.4;;;
37.565446;-3.923341;657;0;-6;2493;1566;117.96;36.38;;;
37.565393;-3.923558;655;0;-6;2493;1566;117.98;36.36;;;
37.565337;-3.923773;654;0;-6;2493;1566;118;36.34;;;
37.565267;-3.923982;653;0;-5;2493;1566;118.02;36.32;;;
37.565275;-3.924206;652;0;-5;2493;1566;118.04;36.3;;;
37.565345;-3.924411;651;0;-5;2493;1566;118.06;36.28;;;
37.565444;-3.924600;650;0;-5;2493;1566;118.08;36.26;;;
37.565561;-3.924772;649;0;-4;2493;1566;118.1;36.24;;;
37.565632;-3.924963;648;0;-3;2493;1566;118.12;36.22;;;
37.565549;-3.925162;647;0;-3;2493;1566;118.14;36.2;;;
37.565459;-3.925359;647;0;-3;2493;1566;118.16;36.18;;;
37.565369;-3.925555;647;0;-3;2493;1566;118.18;36.16;;;
37.565279;-3.925751;646;0;-2;2493;1566;118.2;36.14;;;
37.565189;-3.925948;646;0;-2;2493;1566;118.22;36.12;;;
37.565099;-3.926144;645;0;-2;2493;1566;118.24;36.1;;;
37.565008;-3.926340;645;0;-2;2493;1566;118.26;36.08;;;
37.564926;-3.926542;645;0;-2;2493;1566;118.28;36.06;;;
37.564941;-3.926765;644;0;-1;2493;1566;118.3;36.04;;;
37.564963;-3.926990;644;0;-1;2493;1566;118.32;36.02;;;
37.564963;-3.927213;644;0;-1;2493;1566;118.34;36;;;
37.564911;-3.927430;644;0;-1;2493;1566;118.36;35.98;;;
37.564857;-3.927647;643;0;-1;2493;1566;118.38;35.96;;;
37.564804;-3.927863;643;0;-1;2493;1566;118.4;35.94;;;
37.564751;-3.928080;643;0;-1;2493;1566;118.42;35.92;;;
37.564698;-3.928297;643;0;-1;2493;1566;118.44;35.9;;;
37.564645;-3.928514;643;0;-1;2493;1566;118.46;35.88;;;
37.564592;-3.928730;643;0;0;2493;1566;118.48;35.86;;;
37.564539;-3.928947;643;0;0;2493;1566;118.5;35.84;;;
37.564485;-3.929164;642;0;0;2493;1566;118.52;35.82;;;
37.564415;-3.929371;642;0;0;2493;1566;118.54;35.8;;;
37.564314;-3.929558;642;0;0;2493;1566;118.56;35.78;;;
37.564212;-3.929745;642;0;0;2493;1566;118.58;35.76;;;
37.564100;-3.929921;643;0;0;2493;1566;118.6;35.74;;;
37.563970;-3.930078;643;0;1;2493;1566;118.62;35.72;;;
37.563827;-3.930215;643;0;1;2493;1566;118.64;35.7;;;
37.563684;-3.930353;643;0;1;2493;1566;118.66;35.68;;;
37.563541;-3.930490;643;0;1;2494;1565;118.68;35.66;;;
37.563398;-3.930628;643;0;1;2494;1565;118.7;35.64;;;
37.563254;-3.930765;644;0;1;2494;1565;118.72;35.62;;;
37.563137;-3.930935;644;0;2;2494;1565;118.74;35.6;;;
37.563028;-3.931115;644;0;2;2495;1564;118.76;35.58;;;
37.562918;-3.931295;645;0;2;2495;1564;118.78;35.56;;;
37.562808;-3.931475;645;0;2;2496;1563;118.8;35.54;;;
37.562700;-3.931656;646;0;2;2496;1563;118.82;35.52;;;
37.562590;-3.931836;646;0;3;2497;1562;118.84;35.5;;;
37.562481;-3.932016;647;0;3;2497;1562;118.86;35.48;;;
37.562381;-3.932203;647;0;3;2498;1561;118.88;35.46;;;
37.562310;-3.932411;648;0;3;2498;1561;118.9;35.44;;;
37.562239;-3.932620;648;0;3;2499;1560;118.92;35.42;;;
37.562142;-3.932810;649;0;3;2500;1559;118.94;35.4;;;
37.562040;-3.932997;650;0;3;2500;1559;118.96;35.38;;;
37.561953;-3.933194;650;0;3;2501;1558;118.98;35.36;;;
37.561890;-3.933406;651;0;3;2502;1557;119;35.34;;;
37.561825;-3.933618;652;0;3;2502;1557;119.02;35.32;;;
37.561761;-3.933830;652;0;3;2503;1556;119.04;35.3;;;
37.561697;-3.934042;653;0;3;2503;1556;119.06;35.28;;;
37.561632;-3.934254;654;0;3;2504;1555;119.08;35.26;;;
37.561533;-3.934439;654;0;3;2505;1554;119.1;35.24;;;
37.561360;-3.934462;655;0;4;2506;1553;119.12;35.22;;;
37.561180;-3.934465;656;0;4;2506;1553;119.14;35.2;;;
37.561000;-3.934468;656;0;4;2507;1552;119.16;35.18;;;
37.560839;-3.934550;657;0;3;2508;1551;119.18;35.16;;;
37.560882;-3.934759;658;0;4;2509;1550;119.2;35.14;;;
37.560924;-3.934976;659;0;4;2510;1549;119.22;35.12;;;
37.560896;-3.935200;659;0;4;2510;1549;119.24;35.1;;;
37.560806;-3.935299;660;0;3;2511;1548;119.26;35.08;;;
37.560636;-3.935228;661;0;3;2511;1548;119.28;35.06;;;
37.560465;-3.935157;661;0;3;2512;1547;119.3;35.04;;;
37.560294;-3.935085;662;0;3;2512;1547;119.32;35.02;;;
37.560118;-3.935119;662;0;3;2513;1546;119.34;35;;;
37.559949;-3.935187;663;0;3;2513;1546;119.36;34.98;;;
37.559795;-3.935304;664;0;3;2514;1545;119.38;34.96;;;
37.559661;-3.935449;664;0;3;2515;1544;119.4;34.94;;;
37.559553;-3.935630;665;0;3;2515;1544;119.42;34.92;;;
37.559444;-3.935811;665;0;2;2516;1543;119.44;34.9;;;
37.559297;-3.935931;666;0;2;2516;1543;119.46;34.88;;;
37.559132;-3.936021;666;0;2;2517;1542;119.48;34.86;;;
37.558971;-3.936119;666;0;2;2517;1542;119.5;34.84;;;
37.558836;-3.936269;667;0;2;2517;1542;119.52;34.82;;;
37.558731;-3.936452;667;0;2;2518;1541;119.54;34.8;;;
37.558634;-3.936642;667;0;2;2518;1541;119.56;34.78;;;
37.558536;-3.936833;668;0;1;2518;1541;119.58;34.76;;;
37.558438;-3.937023;668;0;1;2519;1540;119.6;34.74;;;
37.558327;-3.937200;668;0;1;2519;1540;119.62;34.72;;;
37.558202;-3.937364;669;0;1;2519;1540;119.64;34.7;;;
37.558078;-3.937528;669;0;1;2519;1540;119.66;34.68;;;
37.558005;-3.937734;669;0;1;2520;1539;119.68;34.66;;;
37.557936;-3.937943;669;0;1;2520;1539;119.7;34.64;;;
37.557866;-3.938153;669;0;1;2520;1539;119.72;34.62;;;
37.557798;-3.938362;670;0;1;2520;1539;119.74;34.6;;;
37.557728;-3.938572;670;0;1;2520;1539;119.76;34.58;;;
37.557629;-3.938757;670;0;1;2520;1539;119.78;34.56;;;
37.557508;-3.938925;670;0;1;2521;1538;119.8;34.54;;;
37.557386;-3.939092;670;0;1;2521;1538;119.82;34.52;;;
37.557265;-3.939260;670;0;1;2521;1538;119.84;34.5;;;
37.557123;-3.939397;671;0;1;2521;1538;119.86;34.48;;;
37.556973;-3.939521;671;0;1;2521;1538;119.88;34.46;;;
37.556854;-3.939689;671;0;1;2522;1537;119.9;34.44;;;
37.556744;-3.939868;671;0;1;2522;1537;119.92;34.42;;;
37.556661;-3.940069;671;0;1;2522;1537;119.94;34.4;;;
37.556587;-3.940275;671;0;1;2522;1537;119.96;34.38;;;
37.556511;-3.940481;671;0;1;2522;1537;119.98;34.36;;;
37.556436;-3.940687;672;0;1;2522;1537;120;34.34;;;
37.556361;-3.940893;672;0;1;2522;1537;120.02;34.32;;;
37.556286;-3.941099;672;0;1;2522;1537;120.04;34.3;;;
37.556210;-3.941305;672;0;1;2522;1537;120.06;34.28;;;
37.556085;-3.941468;672;0;1;2523;1536;120.08;34.26;;;
37.555959;-3.941629;672;0;1;2523;1536;120.1;34.24;;;
37.555833;-3.941791;672;0;1;2523;1536;120.12;34.22;;;
37.555707;-3.941953;672;0;1;2523;1536;120.14;34.2;;;
37.555580;-3.942114;673;0;1;2523;1536;120.16;34.18;;;
37.555498;-3.942315;673;0;1;2523;1536;120.18;34.16;;;
37.555419;-3.942519;673;0;1;2524;1535;120.2;34.14;;;
37.555340;-3.942723;673;0;1;2524;1535;120.22;34.12;;;
37.555244;-3.942909;673;0;1;2524;1535;120.24;34.1;;;
37.555096;-3.943036;674;0;1;2524;1535;120.26;34.08;;;
37.554946;-3.943163;674;0;1;2525;1534;120.28;34.06;;;
37.554797;-3.943290;674;0;1;2525;1534;120.3;34.04;;;
37.554648;-3.943417;674;0;1;2525;1534;120.32;34.02;;;
37.554499;-3.943543;675;0;1;2525;1534;120.34;34;;;
37.554367;-3.943696;675;0;1;2525;1534;120.36;33.98;;;
37.554239;-3.943856;675;0;1;2526;1533;120.38;33.96;;;
37.554111;-3.944015;675;0;1;2526;1533;120.4;33.94;;;
37.553983;-3.944174;676;0;1;2526;1533;120.42;33.92;;;
37.553874;-3.944354;676;0;1;2526;1533;120.44;33.9;;;
37.553776;-3.944544;676;0;2;2527;1532;120.46;33.88;;;
37.553677;-3.944734;676;0;2;2527;1532;120.48;33.86;;;
37.553520;-3.944828;677;0;2;2527;1532;120.5;33.84;;;
37.553350;-3.944900;677;0;2;2528;1531;120.52;33.82;;;
37.553172;-3.944933;678;0;2;2528;1531;120.54;33.8;;;
37.552994;-3.944961;678;0;2;2529;1530;120.56;33.78;;;
37.552815;-3.944988;678;0;2;2529;1530;120.58;33.76;;;
37.552637;-3.945016;679;0;2;2529;1530;120.6;33.74;;;
37.552458;-3.945043;679;0;1;2529;1530;120.62;33.72;;;
37.552285;-3.945095;679;0;1;2530;1529;120.64;33.7;;;
37.552121;-3.945189;679;0;1;2530;1529;120.66;33.68;;;
37.551955;-3.945273;680;0;1;2530;1529;120.68;33.66;;;
37.551777;-3.945304;680;0;1;2531;1528;120.7;33.64;;;
37.551599;-3.945335;680;0;2;2531;1528;120.72;33.62;;;
37.551421;-3.945365;681;0;2;2531;1528;120.74;33.6;;;
37.551242;-3.945395;681;0;2;2531;1528;120.76;33.58;;;
37.551069;-3.945449;681;0;2;2532;1527;120.78;33.56;;;
37.550966;-3.945635;682;0;2;2532;1527;120.8;33.54;;;
37.550862;-3.945821;682;0;2;2533;1526;120.82;33.52;;;
37.550727;-3.945965;683;0;2;2533;1526;120.84;33.5;;;
37.550576;-3.946090;683;0;2;2534;1525;120.86;33.48;;;
37.550410;-3.946168;683;0;2;2534;1525;120.88;33.46;;;
37.550235;-3.946225;684;0;2;2535;1524;120.9;33.44;;;
37.550059;-3.946264;684;0;2;2535;1524;120.92;33.42;;;
37.549880;-3.946275;685;0;2;2535;1524;120.94;33.4;;;
37.549700;-3.946286;685;0;2;2536;1523;120.96;33.38;;;
37.549520;-3.946297;685;0;2;2536;1523;120.98;33.36;;;
37.549341;-3.946309;686;0;1;2536;1523;121;33.34;;;
37.549161;-3.946320;686;0;1;2537;1522;121.02;33.32;;;
37.548981;-3.946326;686;0;1;2537;1522;121.04;33.3;;;
37.548802;-3.946309;686;0;1;2537;1522;121.06;33.28;;;
37.548623;-3.946292;687;0;1;2537;1522;121.08;33.26;;;
37.548443;-3.946274;687;0;1;2537;1522;121.1;33.24;;;
37.548266;-3.946248;687;0;0;2537;1522;121.12;33.22;;;
37.548097;-3.946169;687;0;0;2537;1522;121.14;33.2;;;
37.547929;-3.946089;687;0;0;2537;1522;121.16;33.18;;;
37.547760;-3.946009;687;0;0;2537;1522;121.18;33.16;;;
37.547584;-3.945970;687;0;0;2537;1522;121.2;33.14;;;
37.547406;-3.945937;687;0;0;2537;1522;121.22;33.12;;;
37.547228;-3.945903;687;0;0;2537;1522;121.24;33.1;;;
37.547050;-3.945869;687;0;0;2537;1522;121.26;33.08;;;
37.546872;-3.945836;687;0;-1;2537;1522;121.28;33.06;;;
37.546694;-3.945802;686;0;-1;2537;1522;121.3;33.04;;;
37.546526;-3.945723;686;0;-1;2537;1522;121.32;33.02;;;
37.546358;-3.945641;686;0;-1;2537;1522;121.34;33;;;
37.546191;-3.945559;686;0;-1;2537;1522;121.36;32.98;;;
37.546023;-3.945476;686;0;-1;2537;1522;121.38;32.96;;;
37.545846;-3.945442;686;0;-1;2537;1522;121.4;32.94;;;
37.545667;-3.945420;685;0;-1;2537;1522;121.42;32.92;;;
37.545488;-3.945398;685;0;-1;2537;1522;121.44;32.9;;;
37.545309;-3.945381;684;0;-1;2537;1522;121.46;32.88;;;
37.545130;-3.945398;684;0;-2;2537;1522;121.48;32.86;;;
37.544951;-3.945414;684;0;-2;2537;1522;121.5;32.84;;;
37.544771;-3.945431;684;0;-2;2537;1522;121.52;32.82;;;
37.544592;-3.945447;683;0;-2;2537;1522;121.54;32.8;;;
37.544414;-3.945414;683;0;-2;2537;1522;121.56;32.78;;;
37.544237;-3.945375;683;0;-2;2537;1522;121.58;32.76;;;
37.544060;-3.945335;682;0;-3;2537;1522;121.6;32.74;;;
37.543883;-3.945295;681;0;-3;2537;1522;121.62;32.72;;;
37.543706;-3.945255;681;0;-3;2537;1522;121.64;32.7;;;
37.543529;-3.945216;680;0;-3;2537;1522;121.66;32.68;;;
37.543352;-3.945176;680;0;-3;2537;1522;121.68;32.66;;;
37.543175;-3.945137;679;0;-3;2537;1522;121.7;32.64;;;
37.542997;-3.945100;678;0;-3;2537;1522;121.72;32.62;;;
37.542820;-3.945061;678;0;-3;2537;1522;121.74;32.6;;;
37.542640;-3.945068;677;0;-3;2537;1522;121.76;32.58;;;
37.542461;-3.945076;676;0;-3;2537;1522;121.78;32.56;;;
37.542281;-3.945085;676;0;-4;2537;1522;121.8;32.54;;;
37.542101;-3.945094;675;0;-4;2537;1522;121.82;32.52;;;
37.541921;-3.945102;674;0;-4;2537;1522;121.84;32.5;;;
37.541742;-3.945101;673;0;-4;2537;1522;121.86;32.48;;;
37.541565;-3.945064;673;0;-4;2537;1522;121.88;32.46;;;
37.541388;-3.945025;672;0;-4;2537;1522;121.9;32.44;;;
37.541210;-3.944987;671;0;-4;2537;1522;121.92;32.42;;;
37.541033;-3.944949;670;0;-5;2537;1522;121.94;32.4;;;
37.540856;-3.944910;669;0;-5;2537;1522;121.96;32.38;;;
37.540676;-3.944925;668;0;-5;2537;1522;121.98;32.36;;;
37.540497;-3.944942;667;0;-5;2537;1522;122;32.34;;;
37.540318;-3.944958;666;0;-5;2537;1522;122.02;32.32;;;
37.540138;-3.944975;665;0;-5;2537;1522;122.04;32.3;;;
37.539967;-3.945036;664;0;-5;2537;1522;122.06;32.28;;;
37.539798;-3.945115;663;0;-5;2537;1522;122.08;32.26;;;
37.539628;-3.945191;662;0;-5;2537;1522;122.1;32.24;;;
37.539456;-3.945256;661;0;-6;2537;1522;122.12;32.22;;;
37.539284;-3.945322;660;0;-6;2537;1522;122.14;32.2;;;
37.539112;-3.945387;659;0;-6;2537;1522;122.16;32.18;;;
37.538940;-3.945453;658;0;-6;2537;1522;122.18;32.16;;;
37.538771;-3.945531;656;0;-6;2537;1522;122.2;32.14;;;
37.538602;-3.945608;655;0;-6;2537;1522;122.22;32.12;;;
37.538427;-3.945660;654;0;-6;2537;1522;122.24;32.1;;;
37.538251;-3.945711;653;0;-6;2537;1522;122.26;32.08;;;
37.538076;-3.945761;652;0;-5;2537;1522;122.28;32.06;;;
37.537901;-3.945811;650;0;-5;2537;1522;122.3;32.04;;;
37.537725;-3.945862;649;0;-5;2537;1522;122.32;32.02;;;
37.537550;-3.945914;648;0;-5;2537;1522;122.34;32;;;
37.537375;-3.945964;647;0;-6;2537;1522;122.36;31.98;;;
37.537199;-3.946015;646;0;-6;2537;1522;122.38;31.96;;;
37.537023;-3.946040;645;0;-6;2537;1522;122.4;31.94;;;
37.536844;-3.946013;644;0;-6;2537;1522;122.42;31.92;;;
37.536667;-3.945976;643;0;-5;2537;1522;122.44;31.9;;;
37.536496;-3.945907;642;0;-5;2537;1522;122.46;31.88;;;
37.536325;-3.945837;641;0;-5;2537;1522;122.48;31.86;;;
37.536154;-3.945766;640;0;-5;2537;1522;122.5;31.84;;;
37.535986;-3.945686;639;0;-5;2537;1522;122.52;31.82;;;
37.535825;-3.945586;638;0;-4;2537;1522;122.54;31.8;;;
37.535664;-3.945486;637;0;-4;2537;1522;122.56;31.78;;;
37.535511;-3.945367;636;0;-4;2537;1522;122.58;31.76;;;
37.535382;-3.945211;635;0;-4;2537;1522;122.6;31.74;;;
37.535287;-3.945024;635;0;-3;2537;1522;122.62;31.72;;;
37.535231;-3.944808;634;0;-3;2537;1522;122.64;31.7;;;
37.535144;-3.944635;633;0;-3;2537;1522;122.66;31.68;;;
37.534966;-3.944599;633;0;-2;2537;1522;122.68;31.66;;;
37.534787;-3.944580;632;0;-2;2537;1522;122.7;31.64;;;
37.534608;-3.944561;632;0;-2;2537;1522;122.72;31.62;;;
37.534429;-3.944543;632;0;-1;2537;1522;122.74;31.6;;;
37.534250;-3.944523;632;0;-1;2537;1522;122.76;31.58;;;
37.534071;-3.944519;631;0;-1;2537;1522;122.78;31.56;;;
37.533894;-3.944558;631;0;0;2537;1522;122.8;31.54;;;
37.533716;-3.944596;631;0;0;2537;1522;122.82;31.52;;;
37.533539;-3.944635;631;0;0;2537;1522;122.84;31.5;;;
37.533362;-3.944673;631;0;0;2537;1522;122.86;31.48;;;
37.533185;-3.944712;631;0;0;2537;1522;122.88;31.46;;;
37.533007;-3.944750;631;0;1;2538;1521;122.9;31.44;;;
37.532843;-3.944831;632;0;1;2538;1521;122.92;31.42;;;
37.532763;-3.945025;632;0;2;2538;1521;122.94;31.4;;;
37.532704;-3.945239;632;0;2;2538;1521;122.96;31.38;;;
37.532645;-3.945453;632;0;3;2538;1521;122.98;31.36;;;
37.532585;-3.945667;633;0;3;2539;1520;123;31.34;;;
37.532453;-3.945651;634;0;3;2540;1519;123.02;31.32;;;
37.532352;-3.945464;635;0;3;2541;1518;123.04;31.3;;;
37.532289;-3.945252;635;0;3;2541;1518;123.06;31.28;;;
37.532249;-3.945033;636;0;3;2542;1517;123.08;31.26;;;
37.532249;-3.944807;636;0;3;2543;1516;123.1;31.24;21;;
37.532249;-3.944580;637;0;3;2543;1516;123.12;31.22;;;
37.532273;-3.944355;637;0;3;2544;1515;123.14;31.2;;;
37.532299;-3.944131;638;0;3;2544;1515;123.16;31.18;;;
37.532324;-3.943906;639;0;3;2545;1514;123.18;31.16;;;
37.532348;-3.943681;639;0;3;2545;1514;123.2;31.14;;;
37.532381;-3.943460;640;0;3;2546;1513;123.22;31.12;;;
37.532461;-3.943257;640;0;3;2546;1513;123.24;31.1;;;
37.532541;-3.943054;641;0;3;2547;1512;123.26;31.08;;;
37.532621;-3.942850;641;0;3;2547;1512;123.28;31.06;;;
37.532700;-3.942647;642;0;3;2548;1511;123.3;31.04;;;
37.532800;-3.942459;642;0;3;2548;1511;123.32;31.02;;;
37.532900;-3.942270;643;0;3;2549;1510;123.34;31;;;
37.533000;-3.942081;644;0;3;2550;1509;123.36;30.98;;;
37.533078;-3.941879;644;0;3;2550;1509;123.38;30.96;;;
37.533135;-3.941664;645;0;2;2551;1508;123.4;30.94;;;
37.533191;-3.941449;645;0;2;2551;1508;123.42;30.92;;;
37.533194;-3.941226;645;0;2;2551;1508;123.44;30.9;;;
37.533172;-3.941001;646;0;2;2552;1507;123.46;30.88;;;
37.533150;-3.940776;646;0;2;2552;1507;123.48;30.86;;;
37.533128;-3.940551;646;0;2;2553;1506;123.5;30.84;;;
37.533106;-3.940326;647;0;2;2553;1506;123.52;30.82;;;
37.533084;-3.940101;647;0;2;2553;1506;123.54;30.8;;;
37.533083;-3.939877;648;0;2;2554;1505;123.56;30.78;;;
37.533125;-3.939657;648;0;2;2554;1505;123.58;30.76;;;
37.533169;-3.939437;649;0;2;2555;1504;123.6;30.74;22;sprint;
37.533236;-3.939227;649;0;2;2555;1504;123.62;30.72;;;
37.533303;-3.939016;649;0;2;2555;1504;123.64;30.7;;;
37.533371;-3.938806;649;0;1;2556;1503;123.66;30.68;;;
37.533438;-3.938596;650;0;1;2556;1503;123.68;30.66;;;
37.533505;-3.938385;650;0;1;2556;1503;123.7;30.64;;;
37.533572;-3.938175;650;0;1;2556;1503;123.72;30.62;;;
37.533639;-3.937964;650;0;1;2556;1503;123.74;30.6;;;
37.533706;-3.937754;650;0;1;2556;1503;123.76;30.58;;;
37.533776;-3.937545;651;0;0;2557;1502;123.78;30.56;;;
37.533844;-3.937335;651;0;0;2557;1502;123.8;30.54;;;
37.533935;-3.937149;651;0;0;2557;1502;123.82;30.52;;;
37.534104;-3.937125;651;0;0;2557;1502;123.84;30.5;;;
37.534275;-3.937196;651;0;0;2557;1502;123.86;30.48;;;
37.534450;-3.937249;651;0;-1;2557;1502;123.88;30.46;;;
37.534629;-3.937243;650;0;-1;2557;1502;123.9;30.44;23;;
37.534809;-3.937240;650;0;-1;2557;1502;123.92;30.42;;;
37.534989;-3.937245;650;0;-1;2557;1502;123.94;30.4;;;
37.535169;-3.937247;650;0;-1;2557;1502;123.96;30.38;;;
37.535349;-3.937239;650;0;-1;2557;1502;123.98;30.36;;;
37.535502;-3.937131;649;0;-1;2557;1502;124;30.34;;;
37.535606;-3.936947;649;0;-1;2557;1502;124.02;30.32;;;
37.535696;-3.936751;649;0;-1;2557;1502;124.04;30.3;;;
37.535777;-3.936550;648;0;-1;2557;1502;124.06;30.28;;;
37.535818;-3.936329;648;0;-1;2557;1502;124.08;30.26;;;
37.535864;-3.936110;648;0;-1;2557;1502;124.1;30.24;;;
37.535930;-3.935899;648;0;-1;2557;1502;124.12;30.22;;;
37.536006;-3.935695;647;0;-1;2557;1502;124.14;30.2;;;
37.536102;-3.935503;647;0;-1;2557;1502;124.16;30.18;;;
37.536221;-3.935333;647;0;-1;2557;1502;124.18;30.16;;;
37.536376;-3.935222;647;0;0;2557;1502;124.2;30.14;;;
37.536536;-3.935119;647;0;0;2557;1502;124.22;30.12;;;
37.536697;-3.935017;647;0;0;2557;1502;124.24;30.1;;;
37.536862;-3.934930;647;0;0;2557;1502;124.26;30.08;;;
37.537036;-3.934870;647;0;0;2557;1502;124.28;30.06;;;
37.537208;-3.934805;647;0;1;2557;1502;124.3;30.04;;;
37.537377;-3.934727;647;0;1;2557;1502;124.32;30.02;;;
37.537542;-3.934637;647;0;1;2558;1501;124.34;30;;;
37.537702;-3.934535;648;0;1;2558;1501;124.36;29.98;;;
37.537830;-3.934376;648;0;1;2558;1501;124.38;29.96;;;
37.537959;-3.934217;648;0;2;2558;1501;124.4;29.94;24;;
37.538087;-3.934058;649;0;2;2559;1500;124.42;29.92;;;
37.538215;-3.933899;649;0;2;2559;1500;124.44;29.9;;;
37.538368;-3.933782;649;0;2;2559;1500;124.46;29.88;;;
37.538526;-3.933674;650;0;2;2560;1499;124.48;29.86;;;
37.538677;-3.933553;650;0;2;2560;1499;124.5;29.84;;;
37.538804;-3.933393;651;0;2;2561;1498;124.52;29.82;;;
37.538931;-3.933232;651;0;3;2561;1498;124.54;29.8;;;
37.539057;-3.933071;652;0;3;2562;1497;124.56;29.78;;;
37.539184;-3.932909;652;0;3;2562;1497;124.58;29.76;;;
37.539317;-3.932757;653;0;3;2563;1496;124.6;29.74;;;
37.539454;-3.932611;653;0;3;2563;1496;124.62;29.72;;;
37.539591;-3.932464;654;0;3;2564;1495;124.64;29.7;;;
37.539727;-3.932315;654;0;3;2564;1495;124.66;29.68;;;
37.539855;-3.932156;655;0;3;2565;1494;124.68;29.66;;;
37.539983;-3.931996;656;0;4;2566;1493;124.7;29.64;;;
37.540114;-3.931841;657;0;4;2567;1492;124.72;29.62;;;
37.540251;-3.931694;657;0;4;2567;1492;124.74;29.6;;;
37.540388;-3.931547;658;0;4;2568;1491;124.76;29.58;;;
37.540522;-3.931397;659;0;5;2569;1490;124.78;29.56;;;
37.540652;-3.931239;660;0;5;2570;1489;124.8;29.54;;;
37.540773;-3.931072;661;0;5;2571;1488;124.82;29.52;;;
37.540893;-3.930903;662;0;5;2572;1487;124.84;29.5;;;
37.541019;-3.930741;663;0;5;2573;1486;124.86;29.48;;;
37.541151;-3.930588;664;0;6;2574;1485;124.88;29.46;;;
37.541284;-3.930435;665;0;6;2576;1483;124.9;29.44;;;
37.541417;-3.930281;667;0;6;2577;1482;124.92;29.42;;;
37.541550;-3.930128;668;0;6;2578;1481;124.94;29.4;;;
37.541690;-3.929988;669;0;6;2579;1480;124.96;29.38;;;
37.541839;-3.929860;670;0;6;2580;1479;124.98;29.36;;;
37.541991;-3.929738;671;0;6;2581;1478;125;29.34;;;
37.542142;-3.929616;672;0;6;2582;1477;125.02;29.32;;;
37.542294;-3.929494;674;0;6;2584;1475;125.04;29.3;;;
37.542445;-3.929371;675;0;6;2585;1474;125.06;29.28;;;
37.542597;-3.929249;676;0;6;2586;1473;125.08;29.26;;;
37.542724;-3.929090;677;0;6;2587;1472;125.1;29.24;;;
37.542850;-3.928927;678;0;7;2588;1471;125.12;29.22;;;
37.542976;-3.928765;679;0;7;2589;1470;125.14;29.2;;;
37.543119;-3.928630;681;0;7;2591;1468;125.16;29.18;;;
37.543271;-3.928509;683;0;8;2593;1466;125.18;29.16;;;
37.543407;-3.928365;684;0;8;2594;1465;125.2;29.14;;;
37.543498;-3.928171;686;0;9;2596;1463;125.22;29.12;;;
37.543576;-3.927967;688;0;9;2598;1461;125.24;29.1;;;
37.543674;-3.927779;690;0;9;2600;1459;125.26;29.08;;;
37.543803;-3.927624;691;0;8;2602;1457;125.28;29.06;;;
37.543959;-3.927512;693;0;8;2603;1456;125.3;29.04;;;
37.544122;-3.927417;694;0;8;2604;1455;125.32;29.02;;;
37.544278;-3.927304;696;0;8;2606;1453;125.34;29;;;
37.544434;-3.927191;698;0;8;2608;1451;125.36;28.98;;;
37.544590;-3.927077;699;0;8;2609;1450;125.38;28.96;;;
37.544734;-3.926943;701;0;8;2611;1448;125.4;28.94;;;
37.544828;-3.926757;703;0;8;2613;1446;125.42;28.92;;;
37.544895;-3.926546;704;0;8;2614;1445;125.44;28.9;;;
37.544963;-3.926336;706;0;7;2616;1443;125.46;28.88;;;
37.545049;-3.926137;707;0;7;2617;1442;125.48;28.86;;;
37.545136;-3.925938;709;0;6;2619;1440;125.5;28.84;;;
37.545197;-3.925731;710;0;6;2620;1439;125.52;28.82;;;
37.545205;-3.925504;711;0;6;2621;1438;125.54;28.8;;;
37.545212;-3.925277;712;0;7;2622;1437;125.56;28.78;;;
37.545226;-3.925053;713;0;8;2623;1436;125.58;28.76;;;
37.545317;-3.924857;714;0;8;2624;1435;125.6;28.74;;;
37.545406;-3.924660;716;0;8;2626;1433;125.62;28.72;;;
37.545518;-3.924486;719;0;8;2629;1430;125.64;28.7;;;
37.545693;-3.924464;721;0;8;2631;1428;125.66;28.68;;;
37.545869;-3.924507;722;0;9;2632;1427;125.68;28.66;;;
37.546046;-3.924549;724;0;9;2634;1425;125.7;28.64;;;
37.546223;-3.924592;725;0;8;2635;1424;125.72;28.62;;;
37.546399;-3.924623;726;0;8;2636;1423;125.74;28.6;;;
37.546570;-3.924560;729;0;8;2639;1420;125.76;28.58;;;
37.546696;-3.924401;731;0;8;2641;1418;125.78;28.56;;;
37.546806;-3.924221;732;0;8;2642;1417;125.8;28.54;;;
37.546915;-3.924041;733;0;8;2643;1416;125.82;28.52;;;
37.547025;-3.923862;735;0;7;2645;1414;125.84;28.5;;;
37.547135;-3.923682;736;0;7;2646;1413;125.86;28.48;;;
37.547211;-3.923487;738;0;8;2648;1411;125.88;28.46;;;
37.547215;-3.923262;739;0;8;2649;1410;125.9;28.44;;;
37.547121;-3.923068;741;0;9;2651;1408;125.92;28.42;;;
37.547033;-3.922872;743;0;9;2653;1406;125.94;28.4;;;
37.546992;-3.922653;744;0;9;2654;1405;125.96;28.38;;;
37.547044;-3.922439;746;0;9;2656;1403;125.98;28.36;;;
37.547141;-3.922247;749;0;8;2659;1400;126;28.34;;;
37.547259;-3.922082;750;0;8;2660;1399;126.02;28.32;;;
37.547403;-3.921945;751;0;8;2661;1398;126.04;28.3;;;
37.547569;-3.921859;753;0;7;2663;1396;126.06;28.28;;;
37.547736;-3.921776;754;0;7;2664;1395;126.08;28.26;;;
37.547904;-3.921693;755;0;6;2665;1394;126.1;28.24;;;
37.548071;-3.921608;757;0;6;2667;1392;126.12;28.22;;;
37.548229;-3.921501;758;0;7;2668;1391;126.14;28.2;;;
37.548384;-3.921387;759;0;7;2669;1390;126.16;28.18;;;
37.548539;-3.921271;760;0;7;2670;1389;126.18;28.16;;;
37.548673;-3.921122;762;0;7;2672;1387;126.2;28.14;;;
37.548803;-3.920964;763;0;7;2673;1386;126.22;28.12;;;
37.548899;-3.920785;765;0;7;2675;1384;126.24;28.1;;;
37.548812;-3.920621;767;0;7;2677;1382;126.26;28.08;;;
37.548661;-3.920507;768;0;7;2678;1381;126.28;28.06;;;
37.548482;-3.920497;769;0;6;2679;1380;126.3;28.04;;;
37.548302;-3.920487;770;0;6;2680;1379;126.32;28.02;;;
37.548122;-3.920476;771;0;6;2681;1378;126.34;28;;;
37.547943;-3.920465;772;0;6;2682;1377;126.36;27.98;;;
37.547763;-3.920455;773;0;7;2683;1376;126.38;27.96;;;
37.547583;-3.920444;774;0;7;2684;1375;126.4;27.94;;;
37.547411;-3.920391;776;0;7;2686;1373;126.42;27.92;;;
37.547283;-3.920235;778;0;7;2688;1371;126.44;27.9;;;
37.547255;-3.920012;780;0;7;2690;1369;126.46;27.88;;;
37.547311;-3.919805;781;0;7;2691;1368;126.48;27.86;;;
37.547430;-3.919637;783;0;6;2693;1366;126.5;27.84;;;
37.547559;-3.919480;784;0;6;2694;1365;126.52;27.82;;;
37.547689;-3.919323;785;0;6;2695;1364;126.54;27.8;;;
37.547818;-3.919165;786;0;5;2696;1363;126.56;27.78;;;
37.547948;-3.919009;787;0;6;2697;1362;126.58;27.76;;;
37.548078;-3.918851;788;0;6;2698;1361;126.6;27.74;;;
37.548207;-3.918693;789;0;6;2699;1360;126.62;27.72;;;
37.548322;-3.918519;790;0;6;2700;1359;126.64;27.7;;;
37.548435;-3.918343;792;0;6;2702;1357;126.66;27.68;;;
37.548570;-3.918195;793;0;6;2703;1356;126.68;27.66;;;
37.548715;-3.918061;794;0;6;2704;1355;126.7;27.64;;;
37.548859;-3.917925;795;0;6;2705;1354;126.72;27.62;;;
37.548981;-3.917762;796;0;6;2706;1353;126.74;27.6;;;
37.549038;-3.917555;798;0;6;2708;1351;126.76;27.58;;;
37.549031;-3.917332;799;0;6;2709;1350;126.78;27.56;;;
37.548980;-3.917115;800;0;6;2710;1349;126.8;27.54;;;
37.548966;-3.916889;801;0;6;2711;1348;126.82;27.52;;;
37.548903;-3.916688;802;0;6;2712;1347;126.84;27.5;;;
37.548741;-3.916639;804;0;6;2714;1345;126.86;27.48;;;
37.548567;-3.916691;805;0;6;2715;1344;126.88;27.46;;;
37.548393;-3.916750;806;0;6;2716;1343;126.9;27.44;;;
37.548220;-3.916745;807;0;6;2717;1342;126.92;27.42;;;
37.548080;-3.916623;808;0;6;2718;1341;126.94;27.4;;;
37.548025;-3.916411;810;0;5;2720;1339;126.96;27.38;;;
37.548054;-3.916191;811;0;5;2721;1338;126.98;27.36;;;
37.548096;-3.915970;812;0;5;2722;1337;127;27.34;;;
37.548093;-3.915746;813;0;5;2723;1336;127.02;27.32;;;
37.548023;-3.915556;814;0;4;2724;1335;127.04;27.3;;;
37.547867;-3.915455;815;0;4;2725;1334;127.06;27.28;;;
37.547690;-3.915414;815;0;3;2725;1334;127.08;27.26;;;
37.547513;-3.915373;816;0;3;2726;1333;127.1;27.24;;;
37.547359;-3.915280;816;0;3;2726;1333;127.12;27.22;;;
37.547244;-3.915108;817;0;3;2727;1332;127.14;27.2;;;
37.547217;-3.914888;818;0;3;2728;1331;127.16;27.18;;;
37.547284;-3.914683;818;0;3;2728;1331;127.18;27.16;;;
37.547382;-3.914492;819;0;3;2729;1330;127.2;27.14;;;
37.547502;-3.914325;819;0;3;2729;1330;127.22;27.12;;;
37.547627;-3.914162;820;0;2;2730;1329;127.24;27.1;;;
37.547718;-3.913975;820;0;2;2730;1329;127.26;27.08;;;
37.547764;-3.913755;821;0;2;2731;1328;127.28;27.06;;;
37.547776;-3.913529;821;0;2;2731;1328;127.3;27.04;;;
37.547784;-3.913303;821;0;1;2731;1328;127.32;27.02;;;
37.547808;-3.913079;821;0;1;2731;1328;127.34;27;;;
37.547851;-3.912859;822;0;1;2732;1327;127.36;26.98;;;
37.547893;-3.912638;822;0;1;2732;1327;127.38;26.96;;;
37.547941;-3.912420;822;0;1;2732;1327;127.4;26.94;;;
37.548025;-3.912220;822;0;0;2732;1327;127.42;26.92;;;
37.548116;-3.912025;822;0;0;2732;1327;127.44;26.9;;;
37.548221;-3.911841;822;0;0;2732;1327;127.46;26.88;;;
37.548348;-3.911687;822;0;0;2732;1327;127.48;26.86;;;
37.548503;-3.911571;822;0;-1;2732;1327;127.5;26.84;;;
37.548680;-3.911544;822;0;-1;2732;1327;127.52;26.82;;;
37.548859;-3.911527;821;0;-1;2732;1327;127.54;26.8;;;
37.549038;-3.911510;821;0;-1;2732;1327;127.56;26.78;;;
37.549212;-3.911453;821;0;-1;2732;1327;127.58;26.76;;;
37.549386;-3.911394;821;0;-2;2732;1327;127.6;26.74;;;
37.549559;-3.911334;820;0;-2;2732;1327;127.62;26.72;;;
37.549730;-3.911264;820;0;-2;2732;1327;127.64;26.7;;;
37.549891;-3.911163;820;0;-2;2732;1327;127.66;26.68;;;
37.550052;-3.911061;819;0;-2;2732;1327;127.68;26.66;;;
37.550197;-3.910931;819;0;-2;2732;1327;127.7;26.64;;;
37.550331;-3.910780;818;0;-2;2732;1327;127.72;26.62;;;
37.550442;-3.910610;818;0;-2;2732;1327;127.74;26.6;;;
37.550488;-3.910391;817;0;-2;2732;1327;127.76;26.58;;;
37.550493;-3.910166;817;0;-2;2732;1327;127.78;26.56;;;
37.550484;-3.909939;817;0;-2;2732;1327;127.8;26.54;;;
37.550498;-3.909717;816;0;-2;2732;1327;127.82;26.52;;;
37.550581;-3.909517;816;0;-2;2732;1327;127.84;26.5;;;
37.550678;-3.909326;815;0;-2;2732;1327;127.86;26.48;;;
37.550774;-3.909134;815;0;-2;2732;1327;127.88;26.46;;;
37.550871;-3.908943;815;0;-1;2732;1327;127.9;26.44;;;
37.550968;-3.908752;815;0;-1;2732;1327;127.92;26.42;;;
37.551062;-3.908559;814;0;-1;2732;1327;127.94;26.4;;;
37.551128;-3.908348;814;0;-1;2732;1327;127.96;26.38;;;
37.551193;-3.908136;814;0;-1;2732;1327;127.98;26.36;;;
37.551222;-3.907915;814;0;-1;2732;1327;128;26.34;;;
37.551231;-3.907462;813;0;-1;2732;1327;128.04;26.3;;;
37.551236;-3.907235;813;0;-1;2732;1327;128.06;26.28;;;
37.551246;-3.906781;813;0;0;2732;1327;128.1;26.24;;;
37.551271;-3.906562;813;0;0;2732;1327;128.12;26.22;;;
37.551552;-3.906329;813;0;0;2732;1327;128.16;26.18;;;
37.551732;-3.906329;813;0;0;2732;1327;128.18;26.16;;;
37.552061;-3.906184;813;0;1;2732;1327;128.22;26.12;;;
37.552218;-3.906072;813;0;1;2733;1326;128.24;26.1;;;
37.552391;-3.906021;814;0;1;2733;1326;128.26;26.08;;;
37.552568;-3.906062;814;0;2;2733;1326;128.28;26.06;;;
37.552846;-3.906326;815;0;2;2734;1325;128.32;26.02;;;
37.552914;-3.906535;815;0;3;2735;1324;128.34;26;;;
37.553048;-3.906955;816;0;3;2736;1323;128.38;25.96;;;
37.553142;-3.907142;817;0;4;2736;1323;128.4;25.94;;;
37.553441;-3.907071;819;0;5;2738;1321;128.44;25.9;;;
37.553569;-3.906915;820;0;5;2739;1320;128.46;25.88;;;
37.553790;-3.906562;822;0;6;2741;1318;128.5;25.84;;;
37.554114;-3.906538;825;0;6;2744;1315;128.54;25.8;;;
37.554194;-3.906738;827;0;6;2746;1313;128.56;25.78;;;
37.554275;-3.907180;828;0;6;2748;1311;128.6;25.74;;;
37.554316;-3.907401;829;0;5;2749;1310;128.62;25.72;;;
37.554429;-3.907828;831;0;6;2751;1308;128.66;25.68;;;
37.554538;-3.907995;832;0;6;2752;1307;128.68;25.66;;;
37.554858;-3.907947;836;0;7;2755;1304;128.72;25.62;;;
37.554948;-3.907751;837;0;7;2756;1303;128.74;25.6;;;
37.555038;-3.907554;838;0;7;2758;1301;128.76;25.58;;;
37.555128;-3.907357;840;0;7;2759;1300;128.78;25.56;;;
37.555308;-3.906965;842;0;7;2762;1297;128.82;25.52;;;
37.555398;-3.906768;844;0;7;2763;1296;128.84;25.5;;;
37.555590;-3.906386;847;0;7;2766;1293;128.88;25.46;;;
37.555708;-3.906216;848;0;7;2767;1292;128.9;25.44;;;
37.555944;-3.905873;851;0;7;2770;1289;128.94;25.4;;;
37.556052;-3.905692;852;0;8;2772;1287;128.96;25.38;;;
37.556235;-3.905303;856;0;8;2775;1284;129;25.34;;;
37.556255;-3.904870;859;0;8;2778;1281;129.04;25.3;;;
37.556196;-3.904656;860;0;8;2780;1279;129.06;25.28;;;
37.556083;-3.904228;864;0;7;2783;1276;129.1;25.24;;;
37.556156;-3.904021;865;0;7;2784;1275;129.12;25.22;;;
37.556301;-3.903606;867;0;7;2787;1272;129.16;25.18;;;
37.556374;-3.903398;869;0;7;2788;1271;129.18;25.16;;;
37.556435;-3.902957;872;0;8;2791;1268;129.22;25.12;;;
37.556446;-3.902731;873;0;8;2793;1266;129.24;25.1;;;
37.556520;-3.902531;876;0;8;2795;1264;129.26;25.08;;;
37.556674;-3.902421;878;0;8;2797;1262;129.28;25.06;;;
37.557028;-3.902492;881;0;8;2800;1259;129.32;25.02;;;
37.557202;-3.902550;882;0;7;2801;1258;129.34;25;;;
37.557550;-3.902552;885;0;7;2804;1255;129.38;24.96;;;
37.557700;-3.902445;886;0;7;2806;1253;129.4;24.94;;;
37.557936;-3.902103;889;0;7;2809;1250;129.44;24.9;;;
37.558007;-3.901897;891;0;7;2810;1249;129.46;24.88;;;
37.558127;-3.901469;893;0;7;2813;1246;129.5;24.84;;;
37.558184;-3.901023;896;0;7;2815;1244;129.54;24.8;;;
37.558206;-3.900798;898;0;7;2817;1242;129.56;24.78;;;
37.558413;-3.900445;900;0;7;2820;1239;129.6;24.74;;;
37.558567;-3.900327;901;0;7;2821;1238;129.62;24.72;;;
37.558874;-3.900090;904;0;7;2823;1236;129.66;24.68;;;
37.559027;-3.899972;905;0;8;2824;1235;129.68;24.66;;;
37.559378;-3.899974;909;0;8;2828;1231;129.72;24.62;;;
37.559547;-3.900047;911;0;9;2830;1229;129.74;24.6;;;
37.559713;-3.900135;913;0;9;2832;1227;129.76;24.58;;;
37.559852;-3.900022;914;0;9;2833;1226;129.78;24.56;;;
37.559984;-3.899620;918;0;8;2837;1222;129.82;24.52;;;
37.559964;-3.899398;919;0;8;2839;1220;129.84;24.5;;;
37.559859;-3.898964;922;0;7;2842;1217;129.88;24.46;;;
37.559878;-3.898738;924;0;7;2843;1216;129.9;24.44;;;
37.560001;-3.898319;926;0;7;2845;1214;129.94;24.4;;;
37.560081;-3.898116;927;0;7;2846;1213;129.96;24.38;;;
37.560289;-3.897752;930;0;7;2849;1210;130;24.34;;;
37.560604;-3.897536;933;0;8;2852;1207;130.04;24.3;;;
37.560738;-3.897392;935;0;8;2854;1205;130.06;24.28;;;
37.560884;-3.896999;938;0;7;2857;1202;130.1;24.24;;;
37.560875;-3.896772;939;0;8;2858;1201;130.12;24.22;;;
37.560844;-3.896323;942;0;8;2861;1198;130.16;24.18;;;
37.560762;-3.896124;944;0;8;2863;1196;130.18;24.16;;;
37.560544;-3.895765;947;0;8;2867;1192;130.22;24.12;;;
37.560519;-3.895549;949;0;7;2868;1191;130.24;24.1;;;
37.560537;-3.895324;950;0;7;2869;1190;130.26;24.08;;;
37.560554;-3.895098;951;0;6;2871;1188;130.28;24.06;;;
37.560589;-3.894646;953;0;6;2873;1186;130.32;24.02;;;
37.560606;-3.894420;955;0;6;2874;1185;130.34;24;;;
37.560731;-3.894005;957;0;6;2876;1183;130.38;23.96;;;
37.560883;-3.893888;958;0;6;2877;1182;130.4;23.94;;;
37.561197;-3.893667;960;0;7;2880;1179;130.44;23.9;;;
37.561311;-3.893493;962;0;7;2881;1178;130.46;23.88;;;
37.561449;-3.893099;965;0;8;2884;1175;130.5;23.84;;;
37.561336;-3.892671;969;0;7;2888;1171;130.54;23.8;;;
37.561300;-3.892449;970;0;7;2889;1170;130.56;23.78;;;
37.561391;-3.892019;972;0;7;2892;1167;130.6;23.74;;;
37.561452;-3.891806;974;0;7;2893;1166;130.62;23.72;;;
37.561506;-3.891365;976;0;7;2896;1163;130.66;23.68;;;
37.561504;-3.891138;978;0;7;2897;1162;130.68;23.66;;;
37.561517;-3.890686;981;0;7;2900;1159;130.72;23.62;;;
37.561678;-3.890607;982;0;7;2901;1158;130.74;23.6;;;
37.561855;-3.890623;983;0;6;2903;1156;130.76;23.58;;;
37.562034;-3.890651;985;0;6;2904;1155;130.78;23.56;;;
37.562316;-3.890403;987;0;7;2906;1153;130.82;23.52;;;
37.562450;-3.890252;988;0;6;2907;1152;130.84;23.5;;;
37.562735;-3.890359;991;0;6;2911;1148;130.88;23.46;;;
37.562745;-3.890584;993;0;6;2912;1147;130.9;23.44;;;
37.562733;-3.891037;994;0;6;2913;1146;130.94;23.4;;;
37.562735;-3.891264;995;0;6;2914;1145;130.96;23.38;;;
37.562828;-3.891696;997;0;6;2917;1142;131;23.34;;;
37.563158;-3.891576;1000;0;6;2920;1139;131.04;23.3;;;
37.563309;-3.891455;1002;0;6;2921;1138;131.06;23.28;;;
37.563578;-3.891152;1004;0;6;2923;1136;131.1;23.24;;;
37.563711;-3.891001;1005;0;5;2924;1135;131.12;23.22;;;
37.563941;-3.890655;1007;0;5;2926;1133;131.16;23.18;;;
37.564043;-3.890468;1008;0;6;2927;1132;131.18;23.16;;;
37.564213;-3.890071;1010;0;6;2929;1130;131.22;23.12;;;
37.564282;-3.889861;1011;0;7;2931;1128;131.24;23.1;;;
37.564299;-3.889639;1013;0;7;2932;1127;131.26;23.08;;;
37.564224;-3.889439;1014;0;7;2934;1125;131.28;23.06;;;
37.564094;-3.889036;1018;0;7;2937;1122;131.32;23.02;;;
37.564165;-3.888827;1019;0;6;2938;1121;131.34;23;;;
37.564307;-3.888410;1021;0;6;2940;1119;131.38;22.96;;;
37.564378;-3.888202;1022;0;6;2941;1118;131.4;22.94;;;
37.564334;-3.887779;1024;0;6;2944;1115;131.44;22.9;;;
37.564238;-3.887587;1026;0;7;2945;1114;131.46;22.88;;;
37.564078;-3.887184;1029;0;7;2948;1111;131.5;22.84;;;
37.564081;-3.886732;1031;0;7;2951;1108;131.54;22.8;;;
37.564088;-3.886505;1032;0;7;2952;1107;131.56;22.78;;;
37.564101;-3.886052;1035;0;6;2954;1105;131.6;22.74;;;
37.564107;-3.885825;1036;0;7;2956;1103;131.62;22.72;;;
37.564121;-3.885372;1039;0;7;2958;1101;131.66;22.68;;;
37.564141;-3.885146;1040;0;7;2960;1099;131.68;22.66;;;
37.564179;-3.884695;1043;0;7;2963;1096;131.72;22.62;;;
37.564172;-3.884471;1045;0;7;2964;1095;131.74;22.6;;;
37.564122;-3.884255;1046;0;7;2965;1094;131.76;22.58;;;
37.564036;-3.884056;1047;0;7;2967;1092;131.78;22.56;;;
37.563948;-3.883633;1050;0;6;2970;1089;131.82;22.52;;;
37.564025;-3.883430;1052;0;6;2971;1088;131.84;22.5;;;
37.564258;-3.883088;1054;0;5;2973;1086;131.88;22.46;;;
37.564382;-3.882924;1055;0;5;2974;1085;131.9;22.44;;;
37.564597;-3.882562;1056;0;5;2976;1083;131.94;22.4;;;
37.564646;-3.882349;1058;0;5;2977;1082;131.96;22.38;;;
37.564644;-3.881899;1060;0;6;2979;1080;132;22.34;;;
37.564597;-3.881449;1062;0;6;2981;1078;132.04;22.3;;;
37.564573;-3.881224;1063;0;6;2983;1076;132.06;22.28;;;
37.564757;-3.880871;1066;0;7;2986;1073;132.1;22.24;;;
37.564918;-3.880776;1068;0;7;2987;1072;132.12;22.22;;;
37.565254;-3.880614;1070;0;6;2990;1069;132.16;22.18;;;
37.565422;-3.880532;1071;0;6;2991;1068;132.18;22.16;;;
37.565693;-3.880247;1074;0;5;2993;1066;132.22;22.12;;;
37.565763;-3.880041;1075;0;5;2994;1065;132.24;22.1;;;
37.565816;-3.879824;1076;0;5;2995;1064;132.26;22.08;;;
37.565869;-3.879607;1077;0;5;2996;1063;132.28;22.06;;;
37.565974;-3.879173;1079;0;5;2998;1061;132.32;22.02;;;
37.566027;-3.878956;1080;0;5;2999;1060;132.34;22;;;
37.566133;-3.878522;1081;0;5;3001;1058;132.38;21.96;;;
37.566180;-3.878304;1082;0;4;3002;1057;132.4;21.94;;;
37.566195;-3.877851;1084;0;4;3003;1056;132.44;21.9;;;
37.566202;-3.877624;1085;0;4;3004;1055;132.46;21.88;;;
37.566217;-3.877171;1086;0;4;3006;1053;132.5;21.84;;;
37.566315;-3.876736;1088;0;3;3007;1052;132.54;21.8;;;
37.566372;-3.876521;1089;0;3;3008;1051;132.56;21.78;;;
37.566452;-3.876080;1090;0;3;3009;1050;132.6;21.74;;;
37.566479;-3.875856;1090;0;3;3009;1050;132.62;21.72;;;
37.566483;-3.875407;1091;0;3;3011;1048;132.66;21.68;;;
37.566454;-3.875183;1092;0;3;3011;1048;132.68;21.66;;;
37.566396;-3.874736;1093;0;2;3012;1047;132.72;21.62;;;
37.566368;-3.874512;1093;0;2;3013;1046;132.74;21.6;;;
37.566339;-3.874288;1094;0;2;3013;1046;132.76;21.58;;;
37.566310;-3.874064;1094;0;2;3013;1046;132.78;21.56;;;
37.566313;-3.873611;1095;0;1;3014;1045;132.82;21.52;;;
37.566320;-3.873385;1095;0;1;3014;1045;132.84;21.5;;;
37.566296;-3.872935;1095;0;0;3014;1045;132.88;21.46;;;
37.566261;-3.872713;1095;0;0;3015;1044;132.9;21.44;;;
37.566172;-3.872274;1095;0;0;3015;1044;132.94;21.4;;;
37.566111;-3.872061;1095;0;0;3015;1044;132.96;21.38;;;
37.565987;-3.871635;1095;0;-1;3015;1044;133;21.34;;;
37.565845;-3.871218;1095;0;-1;3015;1044;133.04;21.3;;;
37.565782;-3.871006;1094;0;-2;3015;1044;133.06;21.28;;;
37.565702;-3.870564;1094;0;-2;3015;1044;133.1;21.24;;;
37.565661;-3.870342;1093;0;-3;3015;1044;133.12;21.22;;;
37.565582;-3.869900;1092;0;-3;3015;1044;133.16;21.18;;;
37.565543;-3.869678;1091;0;-3;3015;1044;133.18;21.16;;;
37.565349;-3.869304;1090;0;-4;3015;1044;133.22;21.12;25;summit,bonus;2
37.565239;-3.869124;1089;0;-4;3015;1044;133.24;21.1;;;
37.565155;-3.868929;1088;0;-4;3015;1044;133.26;21.08;;;
37.565149;-3.868705;1087;0;-4;3015;1044;133.28;21.06;;;
37.565178;-3.868253;1085;0;-5;3015;1044;133.32;21.02;;;
37.565145;-3.868030;1084;0;-5;3015;1044;133.34;21;;;
37.564962;-3.867650;1083;0;-6;3015;1044;133.38;20.96;;;
37.564815;-3.867523;1081;0;-6;3015;1044;133.4;20.94;;;
37.564460;-3.867528;1078;0;-6;3015;1044;133.44;20.9;;;
37.564282;-3.867557;1077;0;-7;3015;1044;133.46;20.88;;;
37.563994;-3.867340;1075;0;-6;3015;1044;133.5;20.84;;;
37.563909;-3.866904;1072;0;-6;3015;1044;133.54;20.8;;;
37.563879;-3.866681;1071;0;-6;3015;1044;133.56;20.78;;;
37.563730;-3.866271;1069;0;-7;3015;1044;133.6;20.74;;;
37.563725;-3.866044;1067;0;-7;3015;1044;133.62;20.72;;;
37.563633;-3.865639;1063;0;-8;3015;1044;133.66;20.68;;;
37.563474;-3.865534;1062;0;-8;3015;1044;133.68;20.66;;;
37.563197;-3.865271;1059;0;-8;3015;1044;133.72;20.62;;;
37.563149;-3.865055;1057;0;-7;3015;1044;133.74;20.6;;;
37.563129;-3.864830;1056;0;-7;3015;1044;133.76;20.58;;;
37.563129;-3.864603;1055;0;-7;3015;1044;133.78;20.56;;;
37.563129;-3.864150;1053;0;-6;3015;1044;133.82;20.52;;;
37.563129;-3.863923;1051;0;-7;3015;1044;133.84;20.5;;;
37.563042;-3.863489;1049;0;-7;3015;1044;133.88;20.46;;;
37.562978;-3.863277;1047;0;-7;3015;1044;133.9;20.44;;;
37.562911;-3.862842;1044;0;-8;3015;1044;133.94;20.4;;;
37.562981;-3.862647;1042;0;-7;3015;1044;133.96;20.38;;;
37.563291;-3.862430;1039;0;-7;3015;1044;134;20.34;;;
37.563612;-3.862228;1037;0;-6;3015;1044;134.04;20.3;;;
37.563768;-3.862114;1036;0;-6;3015;1044;134.06;20.28;;;
37.564078;-3.861884;1033;0;-6;3015;1044;134.1;20.24;;;
37.564230;-3.861764;1032;0;-6;3015;1044;134.12;20.22;;;
37.564467;-3.861423;1030;0;-6;3015;1044;134.16;20.18;;;
37.564585;-3.861252;1029;0;-6;3015;1044;134.18;20.16;;;
37.564791;-3.860880;1026;0;-7;3015;1044;134.22;20.12;;;
37.564883;-3.860686;1025;0;-7;3015;1044;134.24;20.1;;;
37.564942;-3.860473;1023;0;-8;3015;1044;134.26;20.08;;;
37.564958;-3.860247;1021;0;-8;3015;1044;134.28;20.06;;;
37.565095;-3.859850;1018;0;-7;3015;1044;134.32;20.02;;;
37.565243;-3.859722;1017;0;-7;3015;1044;134.34;20;;;
37.565539;-3.859463;1014;0;-7;3015;1044;134.38;19.96;;;
37.565687;-3.859334;1013;0;-7;3015;1044;134.4;19.94;;;
37.565960;-3.859042;1010;0;-7;3015;1044;134.44;19.9;;;
37.566087;-3.858881;1009;0;-7;3015;1044;134.46;19.88;;;
37.566240;-3.858471;1006;0;-7;3015;1044;134.5;19.84;;;
37.566332;-3.858033;1004;0;-6;3015;1044;134.54;19.8;;;
37.566389;-3.857820;1003;0;-6;3015;1044;134.56;19.78;;;
37.566536;-3.857414;1000;0;-7;3015;1044;134.6;19.74;;;
37.566524;-3.857187;999;0;-7;3015;1044;134.62;19.72;;;
37.566568;-3.856753;996;0;-6;3015;1044;134.66;19.68;;;
37.566690;-3.856587;995;0;-7;3015;1044;134.68;19.66;;;
37.566933;-3.856252;992;0;-6;3015;1044;134.72;19.62;;;
37.567025;-3.856060;991;0;-6;3015;1044;134.74;19.6;;;
37.567097;-3.855852;990;0;-6;3015;1044;134.76;19.58;;;
37.567184;-3.855654;988;0;-6;3015;1044;134.78;19.56;;;
37.567381;-3.855275;986;0;-6;3015;1044;134.82;19.52;;;
37.567479;-3.855085;985;0;-6;3015;1044;134.84;19.5;;;
37.567757;-3.854822;982;0;-6;3015;1044;134.88;19.46;;;
37.567934;-3.854802;981;0;-6;3015;1044;134.9;19.44;;;
37.568294;-3.854811;979;0;-5;3015;1044;134.94;19.4;;;
37.568474;-3.854815;978;0;-5;3015;1044;134.96;19.38;;;
37.568830;-3.854778;976;0;-5;3015;1044;135;19.34;;;
37.569159;-3.854599;974;0;-6;3015;1044;135.04;19.3;;;
37.569298;-3.854455;973;0;-6;3015;1044;135.06;19.28;;;
37.569538;-3.854121;971;0;-7;3015;1044;135.1;19.24;;;
37.569638;-3.853932;969;0;-7;3015;1044;135.12;19.22;;;
37.569510;-3.853541;965;0;-6;3015;1044;135.16;19.18;;;
37.569350;-3.853485;964;0;-6;3015;1044;135.18;19.16;;;
37.568991;-3.853505;962;0;-5;3015;1044;135.22;19.12;;;
37.568811;-3.853515;961;0;-5;3015;1044;135.24;19.1;;;
37.568631;-3.853525;960;0;-5;3015;1044;135.26;19.08;;;
37.568460;-3.853475;960;0;-5;3015;1044;135.28;19.06;;;
37.568229;-3.853165;958;0;-5;3015;1044;135.32;19.02;;;
37.568250;-3.852940;956;0;-5;3015;1044;135.34;19;;;
37.568328;-3.852509;955;0;-5;3015;1044;135.38;18.96;;;
37.568447;-3.852340;953;0;-5;3015;1044;135.4;18.94;;;
37.568727;-3.852055;952;0;-5;3015;1044;135.44;18.9;;;
37.568859;-3.851908;951;0;-5;3015;1044;135.46;18.88;;;
37.568876;-3.851454;949;0;-5;3015;1044;135.5;18.84;;;
37.569026;-3.851056;947;0;-5;3015;1044;135.54;18.8;;;
37.569184;-3.850955;946;0;-5;3015;1044;135.56;18.78;;;
37.569542;-3.850913;944;0;-5;3015;1044;135.6;18.74;;;
37.569716;-3.850867;943;0;-5;3015;1044;135.62;18.72;;;
37.569996;-3.850621;941;0;-4;3015;1044;135.66;18.68;;;
37.570067;-3.850413;940;0;-4;3015;1044;135.68;18.66;;;
37.570208;-3.849995;939;0;-4;3015;1044;135.72;18.62;;;
37.570279;-3.849787;938;0;-4;3015;1044;135.74;18.6;;;
37.570349;-3.849578;938;0;-4;3015;1044;135.76;18.58;;;
37.570501;-3.849469;937;0;-4;3015;1044;135.78;18.56;;;
37.570858;-3.849433;935;0;-4;3015;1044;135.82;18.52;;;
37.571038;-3.849420;934;0;-4;3015;1044;135.84;18.5;;;
37.571394;-3.849370;933;0;-3;3015;1044;135.88;18.46;;;
37.571558;-3.849292;932;0;-3;3015;1044;135.9;18.44;;;
37.571809;-3.848967;931;0;-3;3015;1044;135.94;18.4;;;
37.571920;-3.848789;931;0;-3;3015;1044;135.96;18.38;;;
37.572133;-3.848423;929;0;-2;3015;1044;136;18.34;;;
37.572380;-3.848098;929;0;-2;3015;1044;136.04;18.3;;;
37.572542;-3.848010;928;0;-2;3015;1044;136.06;18.28;;;
37.572898;-3.847985;927;0;-2;3015;1044;136.1;18.24;;;
37.573078;-3.847993;927;0;-2;3015;1044;136.12;18.22;;;
37.573405;-3.848178;926;0;-1;3015;1044;136.16;18.18;;;
37.573557;-3.848299;926;0;-1;3015;1044;136.18;18.16;;;
37.573873;-3.848507;926;0;-1;3015;1044;136.22;18.12;;;
37.574032;-3.848415;925;0;-1;3015;1044;136.24;18.1;;;
37.574147;-3.848241;925;0;-1;3015;1044;136.26;18.08;;;
37.574211;-3.848029;925;0;0;3015;1044;136.28;18.06;;;
37.574334;-3.847603;925;0;0;3015;1044;136.32;18.02;;;
37.574396;-3.847390;925;0;0;3015;1044;136.34;18;;;
37.574600;-3.847021;925;0;0;3015;1044;136.38;17.96;;;
37.574757;-3.846959;925;0;0;3015;1044;136.4;17.94;;;
37.575076;-3.847135;926;0;1;3015;1044;136.44;17.9;;;
37.575212;-3.847283;926;0;1;3015;1044;136.46;17.88;;;
37.575523;-3.847496;926;0;1;3016;1043;136.5;17.84;;;
37.575871;-3.847569;926;0;1;3016;1043;136.54;17.8;;;
37.576051;-3.847557;927;0;1;3016;1043;136.56;17.78;;;
37.576410;-3.847534;927;0;1;3016;1043;136.6;17.74;;;
37.576590;-3.847523;927;0;1;3016;1043;136.62;17.72;;;
37.576944;-3.847584;927;0;0;3017;1042;136.66;17.68;;;
37.577106;-3.847681;927;0;0;3017;1042;136.68;17.66;;;
37.577437;-3.847824;927;0;0;3017;1042;136.72;17.62;;;
37.577614;-3.847786;927;0;0;3017;1042;136.74;17.6;;;
37.577748;-3.847646;927;0;0;3017;1042;136.76;17.58;;;
37.577870;-3.847479;927;0;0;3017;1042;136.78;17.56;;;
37.578114;-3.847146;927;0;-1;3017;1042;136.82;17.52;;;
37.578260;-3.847017;927;0;-1;3017;1042;136.84;17.5;;;
37.578569;-3.846785;927;0;-1;3017;1042;136.88;17.46;;;
37.578724;-3.846668;926;0;-2;3017;1042;136.9;17.44;;;
37.578889;-3.846284;926;0;-2;3017;1042;136.94;17.4;;;
37.578946;-3.846069;925;0;-2;3017;1042;136.96;17.38;;;
37.579052;-3.845635;924;0;-2;3017;1042;137;17.34;;;
37.579158;-3.845201;923;0;-3;3017;1042;137.04;17.3;;;
37.579212;-3.844985;923;0;-3;3017;1042;137.06;17.28;;;
37.579317;-3.844551;921;0;-3;3017;1042;137.1;17.24;;;
37.579374;-3.844336;921;0;-3;3017;1042;137.12;17.22;;;
37.579517;-3.843919;920;0;-3;3017;1042;137.16;17.18;;;
37.579588;-3.843711;919;0;-3;3017;1042;137.18;17.16;;;
37.579731;-3.843294;918;0;-4;3017;1042;137.22;17.12;;;
37.579803;-3.843086;917;0;-5;3017;1042;137.24;17.1;;;
37.579902;-3.842900;916;0;-5;3017;1042;137.26;17.08;;;
37.580035;-3.842753;915;0;-5;3017;1042;137.28;17.06;;;
37.580357;-3.842562;912;0;-6;3017;1042;137.32;17.02;;;
37.580536;-3.842541;911;0;-6;3017;1042;137.34;17;;;
37.580894;-3.842496;909;0;-6;3017;1042;137.38;16.96;;;
37.581065;-3.842446;908;0;-6;3017;1042;137.4;16.94;;;
37.581302;-3.842110;905;0;-6;3017;1042;137.44;16.9;;;
37.581408;-3.841927;904;0;-6;3017;1042;137.46;16.88;;;
37.581670;-3.841623;902;0;-6;3017;1042;137.5;16.84;;;
37.581960;-3.841355;900;0;-6;3017;1042;137.54;16.8;;;
37.582105;-3.841220;899;0;-6;3017;1042;137.56;16.78;;;
37.582433;-3.841038;896;0;-6;3017;1042;137.6;16.74;;;
37.582600;-3.840953;895;0;-6;3017;1042;137.62;16.72;;;
37.582933;-3.840781;893;0;-6;3017;1042;137.66;16.68;;;
37.583100;-3.840696;892;0;-6;3017;1042;137.68;16.66;;;
37.583433;-3.840524;889;0;-6;3017;1042;137.72;16.62;;;
37.583599;-3.840438;888;0;-6;3017;1042;137.74;16.6;;;
37.583766;-3.840353;887;0;-6;3017;1042;137.76;16.58;;;
37.583932;-3.840267;886;0;-6;3017;1042;137.78;16.56;;;
37.584246;-3.840074;883;0;-5;3017;1042;137.82;16.52;;;
37.584290;-3.839854;882;0;-5;3017;1042;137.84;16.5;;;
37.584306;-3.839403;880;0;-5;3017;1042;137.88;16.46;;;
37.584304;-3.839176;879;0;-5;3017;1042;137.9;16.44;;;
37.584302;-3.838722;877;0;-5;3017;1042;137.94;16.4;;;
37.584316;-3.838496;876;0;-5;3017;1042;137.96;16.38;;;
37.584345;-3.838044;875;0;-4;3017;1042;138;16.34;;;
37.584353;-3.837590;873;0;-4;3017;1042;138.04;16.3;;;
37.584346;-3.837364;872;0;-4;3017;1042;138.06;16.28;;;
37.584268;-3.836927;871;0;-4;3017;1042;138.1;16.24;;;
37.584185;-3.836726;870;0;-3;3017;1042;138.12;16.22;;;
37.584042;-3.836321;868;0;-3;3017;1042;138.16;16.18;;;
37.584068;-3.836103;868;0;-3;3017;1042;138.18;16.16;;;
37.584310;-3.835768;867;0;-2;3017;1042;138.22;16.12;;;
37.584432;-3.835601;867;0;-2;3017;1042;138.24;16.1;;;
37.584553;-3.835433;866;0;-2;3017;1042;138.26;16.08;;;
37.584663;-3.835256;866;0;-2;3017;1042;138.28;16.06;;;
37.584798;-3.834836;865;0;-2;3017;1042;138.32;16.02;;;
37.584858;-3.834622;865;0;-1;3017;1042;138.34;16;;;
37.584961;-3.834187;864;0;-1;3017;1042;138.38;15.96;;;
37.584987;-3.833962;864;0;-1;3017;1042;138.4;15.94;;;
37.585038;-3.833513;864;0;0;3017;1042;138.44;15.9;;;
37.585063;-3.833288;864;0;0;3017;1042;138.46;15.88;;;
37.585114;-3.832839;864;0;0;3017;1042;138.5;15.84;;;
37.585180;-3.832394;864;0;0;3017;1042;138.54;15.8;;;
37.585233;-3.832177;864;0;1;3017;1042;138.56;15.78;;;
37.585339;-3.831743;865;0;1;3017;1042;138.6;15.74;;;
37.585392;-3.831527;865;0;1;3017;1042;138.62;15.72;;;
37.585445;-3.831078;865;0;1;3018;1041;138.66;15.68;;;
37.585468;-3.830853;865;0;1;3018;1041;138.68;15.66;;;
37.585477;-3.830400;866;0;2;3019;1040;138.72;15.62;;;
37.585421;-3.830184;866;0;2;3019;1040;138.74;15.6;;;
37.585365;-3.829969;867;0;2;3020;1039;138.76;15.58;;;
37.585339;-3.829750;867;0;2;3020;1039;138.78;15.56;;;
37.585435;-3.829326;869;0;3;3021;1038;138.82;15.52;;;
37.585552;-3.829153;869;0;3;3022;1037;138.84;15.5;;;
37.585770;-3.828795;870;0;3;3023;1036;138.88;15.46;;;
37.585839;-3.828586;871;0;3;3023;1036;138.9;15.44;;;
37.585975;-3.828166;872;0;3;3025;1034;138.94;15.4;;;
37.586044;-3.827956;873;0;3;3025;1034;138.96;15.38;;;
37.586111;-3.827511;874;0;4;3027;1032;139;15.34;;;
37.586181;-3.827066;875;0;4;3028;1031;139.04;15.3;;;
37.586223;-3.826845;876;0;4;3029;1030;139.06;15.28;;;
37.586306;-3.826404;878;0;4;3031;1028;139.1;15.24;;;
37.586347;-3.826183;879;0;4;3032;1027;139.12;15.22;;;
37.586463;-3.825755;881;0;5;3033;1026;139.16;15.18;;;
37.586532;-3.825545;882;0;5;3034;1025;139.18;15.16;;;
37.586696;-3.825142;884;0;5;3036;1023;139.22;15.12;;;
37.586785;-3.824945;885;0;5;3037;1022;139.24;15.1;;;
37.586874;-3.824748;886;0;5;3038;1021;139.26;15.08;;;
37.586966;-3.824553;887;0;6;3039;1020;139.28;15.06;;;
37.587155;-3.824167;889;0;6;3041;1018;139.32;15.02;;;
37.587214;-3.823952;890;0;6;3043;1016;139.34;15;;;
37.587312;-3.823516;893;0;6;3046;1013;139.38;14.96;;;
37.587357;-3.823296;894;0;6;3047;1012;139.4;14.94;;;
37.587446;-3.822856;896;0;5;3049;1010;139.44;14.9;;;
37.587490;-3.822636;897;0;6;3050;1009;139.46;14.88;;;
37.587578;-3.822196;899;0;6;3052;1007;139.5;14.84;26;;
37.587667;-3.821756;902;0;6;3054;1005;139.54;14.8;;;
37.587712;-3.821536;903;0;6;3056;1003;139.56;14.78;;;
37.587799;-3.821096;905;0;6;3058;1001;139.6;14.74;;;
37.587839;-3.820875;906;0;6;3059;1000;139.62;14.72;;;
37.587844;-3.820421;909;0;6;3061;998;139.66;14.68;;;
37.587846;-3.820194;910;0;6;3062;997;139.68;14.66;;;
37.587855;-3.819741;912;0;7;3065;994;139.72;14.62;;;
37.587939;-3.819552;914;0;7;3067;992;139.74;14.6;;;
37.588074;-3.819403;915;0;7;3068;991;139.76;14.58;;;
37.588214;-3.819260;917;0;7;3070;989;139.78;14.56;;;
37.588493;-3.818974;919;0;7;3072;987;139.82;14.52;;;
37.588633;-3.818831;921;0;8;3074;985;139.84;14.5;;;
37.588902;-3.818531;924;0;9;3077;982;139.88;14.46;;;
37.589023;-3.818363;926;0;9;3079;980;139.9;14.44;;;
37.589264;-3.818026;929;0;9;3082;977;139.94;14.4;;;
37.589418;-3.818038;934;0;9;3087;972;139.96;14.38;;;
37.589646;-3.818041;941;0;9;3094;965;140;14.34;;;
37.589770;-3.817615;945;0;9;3098;961;140.04;14.3;;;
37.589830;-3.817401;947;0;9;3099;960;140.06;14.28;;;
37.589945;-3.816971;950;0;8;3103;956;140.1;14.24;;;
37.589998;-3.816754;952;0;9;3104;955;140.12;14.22;;;
37.590101;-3.816320;955;0;9;3108;951;140.16;14.18;;;
37.590153;-3.816102;957;0;8;3109;950;140.18;14.16;;;
37.590210;-3.815658;961;0;8;3113;946;140.22;14.12;;;
37.590251;-3.815437;962;0;8;3115;944;140.24;14.1;;;
37.590291;-3.815216;963;0;7;3116;943;140.26;14.08;;;
37.590263;-3.815007;966;0;7;3118;941;140.28;14.06;;;
37.590188;-3.814563;968;0;6;3120;939;140.32;14.02;;;
37.590150;-3.814341;969;0;6;3121;938;140.34;14;;;
37.590097;-3.813892;971;0;4;3123;936;140.38;13.96;;;
37.590073;-3.813667;971;0;4;3124;935;140.4;13.94;;;
37.590025;-3.813217;973;0;4;3126;933;140.44;13.9;;;
37.590000;-3.812992;974;0;3;3126;933;140.46;13.88;;;
37.590023;-3.812539;975;0;3;3128;931;140.5;13.84;;;
37.590112;-3.812102;976;0;2;3129;930;140.54;13.8;;;
37.590167;-3.811886;976;0;2;3129;930;140.56;13.78;;;
37.590304;-3.811468;977;0;0;3130;929;140.6;13.74;;;
37.590392;-3.811271;977;0;0;3130;929;140.62;13.72;;;
37.590655;-3.811039;976;0;-2;3130;929;140.66;13.68;;;
37.590834;-3.811062;976;0;-2;3130;929;140.68;13.66;;;
37.591192;-3.811105;974;0;-4;3130;929;140.72;13.62;;;
37.591371;-3.811128;974;0;-4;3130;929;140.74;13.6;;;
37.591550;-3.811151;973;0;-5;3130;929;140.76;13.58;;;
37.591727;-3.811124;972;0;-5;3130;929;140.78;13.56;;;
37.592010;-3.810864;970;0;-6;3130;929;140.82;13.52;;;
37.592160;-3.810741;968;0;-6;3130;929;140.84;13.5;;;
37.592504;-3.810610;965;0;-7;3130;929;140.88;13.46;;;
37.592668;-3.810515;964;0;-7;3130;929;140.9;13.44;;;
37.592996;-3.810332;962;0;-7;3130;929;140.94;13.4;;;
37.593169;-3.810270;960;0;-7;3130;929;140.96;13.38;;;
37.593507;-3.810306;957;0;-7;3130;929;141;13.34;;;
37.593817;-3.810535;955;0;-7;3130;929;141.04;13.3;;;
37.593972;-3.810650;953;0;-7;3130;929;141.06;13.28;;;
37.594291;-3.810859;950;0;-8;3130;929;141.1;13.24;;;
37.594454;-3.810954;948;0;-8;3130;929;141.12;13.22;;;
37.594804;-3.811026;945;0;-9;3130;929;141.16;13.18;;;
37.594970;-3.811106;943;0;-9;3130;929;141.18;13.16;;;
37.595296;-3.811294;939;0;-10;3130;929;141.22;13.12;;;
37.595465;-3.811373;937;0;-10;3130;929;141.24;13.1;;;
37.595634;-3.811451;936;0;-10;3130;929;141.26;13.08;;;
37.595806;-3.811517;933;0;-9;3130;929;141.28;13.06;;;
37.596122;-3.811724;929;0;-10;3130;929;141.32;13.02;;;
37.596271;-3.811851;928;0;-9;3130;929;141.34;13;;;
37.596543;-3.812147;924;0;-8;3130;929;141.38;12.96;;;
37.596678;-3.812298;922;0;-8;3130;929;141.4;12.94;;;
37.596993;-3.812483;920;0;-8;3130;929;141.44;12.9;;;
37.597167;-3.812482;918;0;-8;3130;929;141.46;12.88;;;
37.597487;-3.812278;915;0;-8;3130;929;141.5;12.84;;;
37.597772;-3.812005;911;0;-8;3130;929;141.54;12.8;;;
37.597933;-3.811905;910;0;-7;3130;929;141.56;12.78;;;
37.598283;-3.811837;907;0;-6;3130;929;141.6;12.74;;;
37.598458;-3.811885;906;0;-5;3130;929;141.62;12.72;;;
37.598805;-3.811788;904;0;-4;3130;929;141.66;12.68;;;
37.598978;-3.811724;904;0;-3;3130;929;141.68;12.66;;;
37.599325;-3.811628;903;0;-2;3130;929;141.72;12.62;;;
37.599504;-3.811652;902;0;-2;3130;929;141.74;12.6;;;
37.599683;-3.811675;902;0;-2;3130;929;141.76;12.58;;;
37.599862;-3.811698;902;0;-1;3130;929;141.78;12.56;;;
37.600220;-3.811746;901;0;-1;3130;929;141.82;12.52;;;
37.600399;-3.811769;901;0;0;3130;929;141.84;12.5;;;
37.600755;-3.811707;901;0;0;3130;929;141.88;12.46;;;
37.600933;-3.811676;901;0;1;3130;929;141.9;12.44;;;
37.601275;-3.811542;902;0;1;3130;929;141.94;12.4;;;
37.601443;-3.811461;902;0;2;3130;929;141.96;12.38;;;
37.601745;-3.811215;903;0;2;3131;928;142;12.34;;;
37.602043;-3.810961;904;0;3;3132;927;142.04;12.3;;;
37.602192;-3.810834;904;0;3;3133;926;142.06;12.28;;;
37.602528;-3.810691;906;0;3;3134;925;142.1;12.24;;;
37.602703;-3.810643;906;0;4;3135;924;142.12;12.22;;;
37.603055;-3.810546;908;0;4;3136;923;142.16;12.18;;;
37.603233;-3.810517;909;0;5;3137;922;142.18;12.16;;;
37.603590;-3.810482;911;0;5;3139;920;142.22;12.12;;;
37.603768;-3.810514;912;0;6;3141;918;142.24;12.1;;;
37.603943;-3.810558;913;0;6;3142;917;142.26;12.08;;;
37.604107;-3.810652;914;0;6;3143;916;142.28;12.06;;;
37.604434;-3.810839;917;0;6;3145;914;142.32;12.02;;;
37.604598;-3.810933;918;0;6;3147;912;142.34;12;;;
37.604926;-3.811120;921;0;6;3149;910;142.38;11.96;;;
37.605090;-3.811214;922;0;6;3151;908;142.4;11.94;;;
37.605414;-3.811411;924;0;6;3153;906;142.44;11.9;;;
37.605574;-3.811514;926;0;6;3154;905;142.46;11.88;;;
37.605895;-3.811720;928;0;6;3157;902;142.5;11.84;;;
37.606215;-3.811925;931;0;7;3160;899;142.54;11.8;;;
37.606376;-3.812028;932;0;7;3161;898;142.56;11.78;;;
37.606696;-3.812236;935;0;7;3164;895;142.6;11.74;27;;
37.606837;-3.812377;937;0;8;3165;894;142.62;11.72;;;
37.607119;-3.812659;940;0;8;3168;891;142.66;11.68;;;
37.607254;-3.812806;941;0;8;3170;889;142.68;11.66;;;
37.607458;-3.813180;945;0;8;3173;886;142.72;11.62;;;
37.607559;-3.813368;946;0;8;3175;884;142.74;11.6;;;
37.607661;-3.813555;948;0;8;3177;882;142.76;11.58;;;
37.607763;-3.813742;950;0;8;3178;881;142.78;11.56;;;
37.607985;-3.814099;953;0;8;3182;877;142.82;11.52;;;
37.608097;-3.814276;955;0;8;3183;876;142.84;11.5;;;
37.608297;-3.814654;958;0;8;3186;873;142.88;11.46;;;
37.608392;-3.814846;959;0;8;3188;871;142.9;11.44;;;
37.608453;-3.815291;962;0;8;3191;868;142.94;11.4;;;
37.608452;-3.815516;964;0;8;3193;866;142.96;11.38;;;
37.608302;-3.815928;967;0;9;3196;863;143;11.34;;;
37.608139;-3.816331;971;0;9;3199;860;143.04;11.3;;;
37.608099;-3.816553;973;0;9;3202;857;143.06;11.28;;;
37.608073;-3.816995;978;0;9;3207;852;143.1;11.24;;;
37.608141;-3.817205;980;0;9;3209;850;143.12;11.22;;;
37.608362;-3.817542;983;0;8;3212;847;143.16;11.18;;;
37.608507;-3.817677;984;0;8;3213;846;143.18;11.16;;;
37.608776;-3.817975;987;0;8;3216;843;143.22;11.12;;;
37.608898;-3.818142;989;0;8;3218;841;143.24;11.1;;;
37.609005;-3.818324;991;0;8;3220;839;143.26;11.08;;;
37.609104;-3.818513;993;0;8;3222;837;143.28;11.06;;;
37.609219;-3.818938;996;0;8;3225;834;143.32;11.02;;;
37.609260;-3.819159;997;0;8;3226;833;143.34;11;;;
37.609364;-3.819593;1000;0;7;3229;830;143.38;10.96;;;
37.609426;-3.819806;1002;0;8;3231;828;143.4;10.94;;;
37.609551;-3.820231;1005;0;8;3234;825;143.44;10.9;;;
37.609690;-3.820375;1007;0;8;3235;824;143.46;10.88;;;
37.609968;-3.820664;1010;0;8;3238;821;143.5;10.84;;;
37.610278;-3.820882;1013;0;8;3242;817;143.54;10.8;;;
37.610446;-3.820963;1014;0;8;3243;816;143.56;10.78;;;
37.610782;-3.821126;1018;0;8;3246;813;143.6;10.74;;;
37.610950;-3.821208;1019;0;8;3248;811;143.62;10.72;;;
37.611286;-3.821371;1022;0;7;3251;808;143.66;10.68;;;
37.611454;-3.821452;1024;0;7;3252;807;143.68;10.66;;;
37.611792;-3.821605;1026;0;7;3255;804;143.72;10.62;;;
37.611962;-3.821681;1028;0;7;3256;803;143.74;10.6;;;
37.612131;-3.821757;1029;0;8;3258;801;143.76;10.58;;;
37.612301;-3.821833;1031;0;8;3259;800;143.78;10.56;;;
37.612646;-3.821942;1034;0;8;3263;796;143.82;10.52;;;
37.612826;-3.821947;1036;0;9;3265;794;143.84;10.5;;;
37.613179;-3.821873;1040;0;9;3268;791;143.88;10.46;;;
37.613355;-3.821826;1041;0;9;3270;789;143.9;10.44;;;
37.613691;-3.821666;1045;0;8;3274;785;143.94;10.4;;;
37.613862;-3.821607;1047;0;9;3276;783;143.96;10.38;;;
37.614214;-3.821651;1050;0;9;3279;780;144;10.34;;;
37.614534;-3.821852;1054;0;9;3283;776;144.04;10.3;;;
37.614672;-3.821991;1056;0;9;3285;774;144.06;10.28;;;
37.614819;-3.822404;1060;0;9;3289;770;144.1;10.24;;;
37.614870;-3.822622;1062;0;9;3291;768;144.12;10.22;;;
37.614907;-3.823071;1068;0;9;3296;763;144.16;10.18;;;
37.614927;-3.823296;1070;0;9;3298;761;144.18;10.16;;;
37.615024;-3.823729;1073;0;9;3302;757;144.22;10.12;;;
37.615102;-3.823933;1075;0;9;3303;756;144.24;10.1;;;
37.615205;-3.824119;1076;0;9;3305;754;144.26;10.08;;;
37.615348;-3.824247;1079;0;9;3307;752;144.28;10.06;;;
37.615692;-3.824368;1082;0;9;3311;748;144.32;10.02;;;
37.615868;-3.824412;1084;0;9;3313;746;144.34;10;;;
37.616223;-3.824371;1088;0;9;3316;743;144.38;9.96;;;
37.616401;-3.824333;1090;0;9;3318;741;144.4;9.94;;;
37.616758;-3.824279;1093;0;9;3322;737;144.44;9.9;;;
37.616936;-3.824254;1095;0;9;3324;735;144.46;9.88;;;
37.617294;-3.824205;1099;0;9;3328;731;144.5;9.84;;;
37.617653;-3.824183;1103;0;9;3332;727;144.54;9.8;;;
37.617833;-3.824179;1106;0;9;3334;725;144.56;9.78;;;
37.618192;-3.824179;1110;0;9;3339;720;144.6;9.74;;;
37.618372;-3.824179;1112;0;9;3341;718;144.62;9.72;;;
37.618732;-3.824195;1115;0;9;3344;715;144.66;9.68;;;
37.618908;-3.824232;1117;0;9;3346;713;144.68;9.66;;;
37.619255;-3.824352;1123;0;9;3351;708;144.72;9.62;;;
37.619426;-3.824424;1125;0;9;3353;706;144.74;9.6;;;
37.619592;-3.824509;1127;0;9;3355;704;144.76;9.58;;;
37.619754;-3.824607;1129;0;9;3357;702;144.78;9.56;;;
37.620079;-3.824803;1132;0;9;3361;698;144.82;9.52;;;
37.620241;-3.824901;1134;0;9;3363;696;144.84;9.5;;;
37.620566;-3.825096;1138;0;9;3367;692;144.88;9.46;;;
37.620728;-3.825194;1140;0;9;3368;691;144.9;9.44;;;
37.621053;-3.825390;1143;0;9;3372;687;144.94;9.4;;;
37.621215;-3.825488;1145;0;9;3373;686;144.96;9.38;;;
37.621547;-3.825661;1149;0;9;3377;682;145;9.34;;;
37.621897;-3.825756;1153;0;8;3381;678;145.04;9.3;;;
37.622076;-3.825778;1154;0;8;3383;676;145.06;9.28;;;
37.622430;-3.825727;1157;0;6;3385;674;145.1;9.24;;;
37.622607;-3.825684;1158;0;5;3386;673;145.12;9.22;;;
37.622953;-3.825561;1160;0;5;3388;671;145.16;9.18;;;
37.623126;-3.825498;1160;0;4;3389;670;145.18;9.16;;;
37.623471;-3.825371;1162;0;4;3391;668;145.22;9.12;;;
37.623644;-3.825309;1163;0;4;3391;668;145.24;9.1;;;
37.623817;-3.825246;1164;0;4;3392;667;145.26;9.08;;;
37.623990;-3.825182;1164;0;3;3393;666;145.28;9.06;;;
37.624335;-3.825056;1165;0;3;3394;665;145.32;9.02;;;
37.624508;-3.824993;1166;0;3;3395;664;145.34;9;;;
37.624854;-3.824867;1167;0;2;3396;663;145.38;8.96;;;
37.625026;-3.824803;1167;0;2;3396;663;145.4;8.94;;;
37.625372;-3.824678;1168;0;2;3397;662;145.44;8.9;;;
37.625545;-3.824614;1168;0;1;3397;662;145.46;8.88;;;
37.625892;-3.824495;1169;0;1;3397;662;145.5;8.84;;;
37.626241;-3.824387;1169;0;0;3398;661;145.54;8.8;;;
37.626416;-3.824334;1169;0;0;3398;661;145.56;8.78;;;
37.626766;-3.824231;1169;0;-1;3398;661;145.6;8.74;;;
37.626944;-3.824205;1169;0;-1;3398;661;145.62;8.72;;;
37.627300;-3.824269;1168;0;-1;3398;661;145.66;8.68;;;
37.627478;-3.824300;1168;0;-2;3398;661;145.68;8.66;;;
37.627834;-3.824350;1168;0;-2;3398;661;145.72;8.62;;;
37.628005;-3.824283;1167;0;-2;3398;661;145.74;8.6;;;
37.628169;-3.824191;1166;0;-2;3398;661;145.76;8.58;;;
37.628305;-3.824044;1166;0;-2;3398;661;145.78;8.56;;;
37.628522;-3.823682;1165;0;-2;3398;661;145.82;8.52;;;
37.628630;-3.823500;1165;0;-2;3398;661;145.84;8.5;;;
37.628878;-3.823176;1164;0;-1;3398;661;145.88;8.46;;;
37.629023;-3.823047;1164;0;-1;3398;661;145.9;8.44;;;
37.629380;-3.823037;1164;0;1;3398;661;145.94;8.4;;;
37.629552;-3.823104;1164;0;1;3398;661;145.96;8.38;;;
37.629829;-3.823168;1166;0;3;3400;659;146;8.34;;;
37.629687;-3.822751;1167;0;4;3401;658;146.04;8.3;;;
37.629635;-3.822534;1167;0;4;3401;658;146.06;8.28;;;
37.629575;-3.822087;1169;0;4;3403;656;146.1;8.24;28;;
37.629559;-3.821861;1171;0;5;3405;654;146.12;8.22;;;
37.629542;-3.821407;1172;0;5;3406;653;146.16;8.18;;;
37.629534;-3.821181;1173;0;5;3407;652;146.18;8.16;;;
37.629521;-3.820727;1175;0;5;3409;650;146.22;8.12;;;
37.629528;-3.820500;1176;0;5;3410;649;146.24;8.1;;;
37.629559;-3.820277;1177;0;6;3411;648;146.26;8.08;;;
37.629596;-3.820054;1178;0;6;3412;647;146.28;8.06;;;
37.629684;-3.819614;1181;0;8;3415;644;146.32;8.02;;;
37.629755;-3.819406;1182;0;8;3417;642;146.34;8;;;
37.629950;-3.819027;1187;0;8;3421;638;146.38;7.96;;;
37.630013;-3.818815;1188;0;8;3422;637;146.4;7.94;;;
37.630140;-3.818389;1191;0;8;3425;634;146.44;7.9;;;
37.630203;-3.818177;1192;0;7;3426;633;146.46;7.88;;;
37.630321;-3.817748;1195;0;7;3429;630;146.5;7.84;;;
37.630401;-3.817305;1198;0;8;3432;627;146.54;7.8;;;
37.630437;-3.817083;1199;0;8;3433;626;146.56;7.78;;;
37.630508;-3.816638;1202;0;9;3436;623;146.6;7.74;;;
37.630554;-3.816418;1204;0;9;3438;621;146.62;7.72;;;
37.630672;-3.815990;1210;0;9;3444;615;146.66;7.68;;;
37.630761;-3.815793;1212;0;9;3446;613;146.68;7.66;;;
37.630765;-3.815371;1219;0;9;3453;606;146.72;7.62;;;
37.630639;-3.815212;1222;0;9;3456;603;146.74;7.6;;;
37.630501;-3.815066;1224;0;9;3458;601;146.76;7.58;;;
37.630349;-3.814953;1228;0;9;3462;597;146.78;7.56;;;
37.630007;-3.814836;1232;0;9;3466;593;146.82;7.52;;;
37.629887;-3.814676;1235;0;9;3469;590;146.84;7.5;;;
37.629764;-3.814251;1239;0;9;3473;586;146.88;7.46;;;
37.629710;-3.814034;1241;0;9;3475;584;146.9;7.44;;;
37.629608;-3.813599;1246;0;9;3480;579;146.94;7.4;;;
37.629623;-3.813376;1249;0;9;3483;576;146.96;7.38;;;
37.629783;-3.812989;1255;0;9;3489;570;147;7.34;;;
37.630013;-3.812652;1261;0;9;3495;564;147.04;7.3;;;
37.630045;-3.812429;1263;0;9;3497;562;147.06;7.28;;;
37.629894;-3.812028;1268;0;9;3502;557;147.1;7.24;;;
37.629836;-3.811814;1270;0;9;3504;555;147.12;7.22;;;
37.629702;-3.811394;1273;0;9;3507;552;147.16;7.18;;;
37.629627;-3.811187;1275;0;9;3509;550;147.18;7.16;;;
37.629519;-3.810756;1279;0;9;3513;546;147.22;7.12;;;
37.629478;-3.810535;1281;0;9;3515;544;147.24;7.1;;;
37.629436;-3.810314;1283;0;9;3517;542;147.26;7.08;;;
37.629395;-3.810093;1285;0;9;3519;540;147.28;7.06;;;
37.629313;-3.809651;1289;0;9;3523;536;147.32;7.02;;;
37.629268;-3.809431;1291;0;9;3525;534;147.34;7;;;
37.629063;-3.809064;1294;0;9;3528;531;147.38;6.96;;;
37.628947;-3.808891;1296;0;9;3530;529;147.4;6.94;;;
37.628749;-3.808518;1299;0;7;3533;526;147.44;6.9;;;
37.628740;-3.808291;1301;0;8;3535;524;147.46;6.88;;;
37.628764;-3.807843;1303;0;8;3537;522;147.5;6.84;;;
37.628938;-3.807480;1307;0;8;3541;518;147.54;6.8;;;
37.629083;-3.807563;1309;0;7;3543;516;147.56;6.78;;;
37.629298;-3.807925;1312;0;7;3546;513;147.6;6.74;;;
37.629456;-3.808026;1313;0;6;3547;512;147.62;6.72;;;
37.629803;-3.808144;1315;0;6;3549;510;147.66;6.68;;;
37.629980;-3.808183;1316;0;6;3550;509;147.68;6.66;;;
37.630243;-3.808463;1319;0;5;3553;506;147.72;6.62;;;
37.630389;-3.808595;1320;0;5;3554;505;147.74;6.6;;;
37.630526;-3.808741;1321;0;5;3555;504;147.76;6.58;;;
37.630656;-3.808898;1322;0;5;3556;503;147.78;6.56;;;
37.630918;-3.809210;1323;0;4;3557;502;147.82;6.52;;;
37.631066;-3.809336;1324;0;4;3558;501;147.84;6.5;;;
37.631379;-3.809559;1326;0;4;3560;499;147.88;6.46;;;
37.631526;-3.809690;1326;0;4;3560;499;147.9;6.44;;;
37.631802;-3.809981;1328;0;4;3562;497;147.94;6.4;;;
37.631964;-3.810071;1329;0;4;3563;496;147.96;6.38;;;
37.632322;-3.810120;1331;0;4;3565;494;148;6.34;;;
37.632671;-3.810084;1332;0;5;3566;493;148.04;6.3;;;
37.632838;-3.810000;1333;0;5;3567;492;148.06;6.28;;;
37.633181;-3.810005;1336;0;6;3570;489;148.1;6.24;;;
37.633351;-3.810080;1337;0;6;3571;488;148.12;6.22;;;
37.633665;-3.810295;1339;0;6;3573;486;148.16;6.18;;;
37.633760;-3.810484;1340;0;6;3574;485;148.18;6.16;;;
37.633869;-3.810917;1342;0;6;3576;483;148.22;6.12;;;
37.633848;-3.811135;1344;0;6;3578;481;148.24;6.1;;;
37.633736;-3.811312;1345;0;6;3579;480;148.26;6.08;;;
37.633619;-3.811484;1346;0;6;3580;479;148.28;6.06;;;
37.633617;-3.811922;1349;0;5;3583;476;148.32;6.02;;;
37.633701;-3.812122;1350;0;5;3584;475;148.34;6;;;
37.633871;-3.812523;1351;0;4;3585;474;148.38;5.96;;;
37.633930;-3.812736;1352;0;4;3586;473;148.4;5.94;;;
37.634050;-3.813163;1353;0;4;3587;472;148.44;5.9;;;
37.634143;-3.813357;1354;0;4;3588;471;148.46;5.88;;;
37.634320;-3.813750;1356;0;4;3590;469;148.5;5.84;;;
37.634397;-3.814192;1357;0;4;3591;468;148.54;5.8;;;
37.634466;-3.814401;1358;0;4;3592;467;148.56;5.78;;;
37.634643;-3.814797;1360;0;4;3594;465;148.6;5.74;;;
37.634731;-3.814995;1360;0;4;3594;465;148.62;5.72;;;
37.634910;-3.815389;1362;0;4;3596;463;148.66;5.68;;;
37.635012;-3.815575;1363;0;4;3597;462;148.68;5.66;;;
37.635095;-3.816017;1365;0;5;3599;460;148.72;5.62;;;
37.635111;-3.816243;1365;0;6;3599;460;148.74;5.6;;;
37.635135;-3.816467;1366;0;7;3600;459;148.76;5.58;;;
37.635194;-3.816680;1368;0;7;3602;457;148.78;5.56;;;
37.635514;-3.816809;1371;0;7;3605;454;148.82;5.52;;;
37.635640;-3.816715;1374;0;7;3608;451;148.84;5.5;;;
37.635709;-3.816272;1376;0;7;3610;449;148.88;5.46;;;
37.635709;-3.816045;1377;0;6;3611;448;148.9;5.44;;;
37.635718;-3.815592;1379;0;5;3613;446;148.94;5.4;;;
37.635776;-3.815378;1380;0;5;3614;445;148.96;5.38;;;
37.635721;-3.814960;1382;0;5;3616;443;149;5.34;;;
37.635493;-3.814612;1384;0;5;3618;441;149.04;5.3;;;
37.635376;-3.814440;1384;0;5;3619;440;149.06;5.28;;;
37.635245;-3.814021;1387;0;5;3621;438;149.1;5.24;;;
37.635204;-3.813800;1388;0;5;3622;437;149.12;5.22;;;
37.635122;-3.813357;1390;0;4;3624;435;149.16;5.18;;;
37.635095;-3.813133;1390;0;4;3624;435;149.18;5.16;;;
37.635044;-3.812683;1392;0;4;3626;433;149.22;5.12;;;
37.635041;-3.812457;1393;0;4;3627;432;149.24;5.1;;;
37.635044;-3.812230;1394;0;5;3628;431;149.26;5.08;;;
37.635046;-3.812002;1395;0;5;3629;430;149.28;5.06;;;
37.635065;-3.811550;1397;0;6;3631;428;149.32;5.02;;;
37.635136;-3.811342;1398;0;6;3632;427;149.34;5;;;
37.635365;-3.810998;1401;0;7;3635;424;149.38;4.96;;;
37.635497;-3.810845;1402;0;6;3636;423;149.4;4.94;;;
37.635690;-3.810463;1405;0;6;3639;420;149.44;4.9;;;
37.635788;-3.810274;1406;0;6;3640;419;149.46;4.88;;;
37.636045;-3.809958;1408;0;5;3642;417;149.5;4.84;;;
37.636317;-3.809662;1410;0;6;3644;415;149.54;4.8;;;
37.636453;-3.809513;1411;0;6;3645;414;149.56;4.78;;;
37.636768;-3.809309;1414;0;7;3648;411;149.6;4.74;;;
37.636941;-3.809245;1416;0;7;3650;409;149.62;4.72;;;
37.637293;-3.809151;1418;0;7;3652;407;149.66;4.68;;;
37.637469;-3.809108;1419;0;7;3653;406;149.68;4.66;;;
37.637822;-3.809021;1422;0;7;3656;403;149.72;4.62;;;
37.637996;-3.808961;1423;0;7;3657;402;149.74;4.6;;;
37.638158;-3.808866;1425;0;8;3659;400;149.76;4.58;;;
37.638303;-3.808731;1427;0;8;3661;398;149.78;4.56;;;
37.638504;-3.808372;1430;0;9;3664;395;149.82;4.52;;;
37.638489;-3.808147;1432;0;9;3666;393;149.84;4.5;;;
37.638436;-3.807697;1435;0;9;3669;390;149.88;4.46;;;
37.638381;-3.807481;1438;0;9;3672;387;149.9;4.44;;;
37.638354;-3.807046;1443;0;9;3677;382;149.94;4.4;;;
37.638453;-3.806857;1445;0;9;3680;379;149.96;4.38;;;
37.638729;-3.806569;1448;0;9;3682;377;150;4.34;;;
37.639000;-3.806272;1452;0;9;3686;373;150.04;4.3;;;
37.639144;-3.806137;1454;0;9;3688;371;150.06;4.28;;;
37.639440;-3.805878;1458;0;9;3692;367;150.1;4.24;;;
37.639588;-3.805749;1460;0;9;3694;365;150.12;4.22;;;
37.639606;-3.805356;1469;0;9;3703;356;150.16;4.18;;;
37.639429;-3.805322;1472;0;9;3706;353;150.18;4.16;;;
37.639103;-3.805496;1478;0;9;3712;347;150.22;4.12;;;
37.638930;-3.805557;1481;0;9;3715;344;150.24;4.1;;;
37.638754;-3.805599;1485;0;9;3719;340;150.26;4.08;;;
37.638576;-3.805574;1488;0;9;3722;337;150.28;4.06;;;
37.638219;-3.805555;1493;0;9;3727;332;150.32;4.02;;;
37.638052;-3.805629;1495;0;9;3729;330;150.34;4;;;
37.637726;-3.805822;1499;0;9;3733;326;150.38;3.96;;;
37.637560;-3.805908;1501;0;9;3735;324;150.4;3.94;;;
37.637211;-3.805984;1508;0;9;3742;317;150.44;3.9;;;
37.637034;-3.805950;1510;0;9;3744;315;150.46;3.88;;;
37.636690;-3.806059;1517;0;9;3751;308;150.5;3.84;;;
37.636340;-3.805978;1523;0;9;3757;302;150.54;3.8;;;
37.636171;-3.805900;1525;0;9;3759;300;150.56;3.78;;;
37.635833;-3.805745;1529;0;9;3763;296;150.6;3.74;;;
37.635676;-3.805634;1532;0;9;3766;293;150.62;3.72;;;
37.635453;-3.805287;1539;0;9;3773;286;150.66;3.68;;;
37.635377;-3.805081;1541;0;9;3775;284;150.68;3.66;;;
37.635282;-3.804644;1546;0;9;3780;279;150.72;3.62;;;
37.635251;-3.804421;1549;0;9;3783;276;150.74;3.6;;;
37.635220;-3.804197;1551;0;9;3785;274;150.76;3.58;;;
37.635189;-3.803973;1553;0;9;3787;272;150.78;3.56;;;
37.635101;-3.803535;1558;0;9;3792;267;150.82;3.52;;;
37.635035;-3.803324;1561;0;9;3795;264;150.84;3.5;;;
37.634902;-3.802901;1566;0;9;3800;259;150.88;3.46;;;
37.634836;-3.802690;1568;0;9;3802;257;150.9;3.44;;;
37.634718;-3.802263;1574;0;9;3808;251;150.94;3.4;;;
37.634691;-3.802038;1578;0;9;3812;247;150.96;3.38;;;
37.634589;-3.801604;1583;0;9;3817;242;151;3.34;;;
37.634488;-3.801169;1588;0;9;3822;237;151.04;3.3;;;
37.634467;-3.800944;1591;0;9;3825;234;151.06;3.28;;;
37.634497;-3.800496;1598;0;9;3832;227;151.1;3.24;;;
37.634571;-3.800289;1601;0;9;3835;224;151.12;3.22;;;
37.634718;-3.799874;1606;0;9;3841;218;151.16;3.18;;;
37.634781;-3.799662;1610;0;9;3844;215;151.18;3.16;;;
37.634682;-3.799241;1617;0;9;3851;208;151.22;3.12;;;
37.634578;-3.799056;1619;0;9;3853;206;151.24;3.1;;;
37.634470;-3.798874;1621;0;9;3855;204;151.26;3.08;;;
37.634362;-3.798693;1623;0;9;3857;202;151.28;3.06;;;
37.634124;-3.798353;1627;0;9;3861;198;151.32;3.02;;;
37.634000;-3.798189;1629;0;9;3863;196;151.34;3;;;
37.633712;-3.797918;1634;0;9;3869;190;151.38;2.96;;;
37.633584;-3.797760;1637;0;9;3871;188;151.4;2.94;;;
37.633315;-3.797467;1643;0;9;3877;182;151.44;2.9;;;
37.633142;-3.797407;1645;0;9;3879;180;151.46;2.88;;;
37.633144;-3.797021;1653;0;9;3887;172;151.5;2.84;;;
37.633460;-3.796878;1659;0;9;3893;166;151.54;2.8;;;
37.633630;-3.796952;1662;0;9;3896;163;151.56;2.78;;;
37.633973;-3.797077;1667;0;9;3901;158;151.6;2.74;;;
37.634143;-3.797016;1671;0;9;3905;154;151.62;2.72;;;
37.634229;-3.796598;1677;0;9;3911;148;151.66;2.68;;;
37.634169;-3.796384;1679;0;9;3913;146;151.68;2.66;;;
37.634010;-3.795977;1682;0;9;3916;143;151.72;2.62;;;
37.633930;-3.795774;1683;0;8;3917;142;151.74;2.6;;;
37.633827;-3.795588;1685;0;8;3919;140;151.76;2.58;;;
37.633694;-3.795437;1687;0;8;3921;138;151.78;2.56;;;
37.633414;-3.795152;1690;0;8;3924;135;151.82;2.52;;;
37.633258;-3.795040;1692;0;7;3926;133;151.84;2.5;;;
37.632912;-3.794923;1694;0;9;3928;131;151.88;2.46;;;
37.632736;-3.794878;1695;0;9;3929;130;151.9;2.44;;;
37.632413;-3.794681;1699;0;9;3933;126;151.94;2.4;;;
37.632344;-3.794486;1703;0;9;3937;122;151.96;2.38;;;
37.632622;-3.794243;1709;0;9;3943;116;152;2.34;;;
37.632938;-3.794068;1713;0;9;3947;112;152.04;2.3;;;
37.633022;-3.793871;1714;0;8;3948;111;152.06;2.28;;;
37.633094;-3.793429;1716;0;7;3950;109;152.1;2.24;;;
37.633109;-3.793202;1718;0;7;3952;107;152.12;2.22;;;
37.633239;-3.792779;1721;0;6;3955;104;152.16;2.18;;;
37.633352;-3.792602;1722;0;6;3956;103;152.18;2.16;;;
37.633578;-3.792249;1724;0;5;3958;101;152.22;2.12;;;
37.633710;-3.792095;1725;0;4;3959;100;152.24;2.1;;;
37.633869;-3.791999;1726;0;4;3960;99;152.26;2.08;;;
37.634040;-3.791926;1727;0;4;3961;98;152.28;2.06;;;
37.634396;-3.791872;1728;0;4;3962;97;152.32;2.02;;;
37.634575;-3.791849;1729;0;4;3963;96;152.34;2;;;
37.634913;-3.791707;1730;0;4;3964;95;152.38;1.96;;;
37.635011;-3.791530;1731;0;5;3965;94;152.4;1.94;;;
37.634924;-3.791111;1733;0;5;3967;92;152.44;1.9;;;
37.634832;-3.790916;1734;0;5;3968;91;152.46;1.88;;;
37.634927;-3.790494;1736;0;5;3970;89;152.5;1.84;;;
37.635174;-3.790169;1738;0;5;3972;87;152.54;1.8;;;
37.635257;-3.789971;1739;0;6;3973;86;152.56;1.78;;;
37.635428;-3.789575;1741;0;7;3975;84;152.6;1.74;;;
37.635489;-3.789366;1743;0;7;3977;82;152.62;1.72;;;
37.635358;-3.788947;1746;0;7;3980;79;152.66;1.68;;;
37.635287;-3.788739;1747;0;7;3981;78;152.68;1.66;;;
37.635152;-3.788323;1750;0;6;3984;75;152.72;1.62;;;
37.635025;-3.788163;1751;0;6;3985;74;152.74;1.6;;;
37.634884;-3.788023;1752;0;8;3986;73;152.76;1.58;;;
37.634738;-3.787891;1753;0;9;3988;71;152.78;1.56;;;
37.634446;-3.787625;1756;0;9;3990;69;152.82;1.52;;;
37.634391;-3.787421;1759;0;9;3993;66;152.84;1.5;;;
37.634679;-3.787227;1766;0;9;4000;59;152.88;1.46;;;
37.634853;-3.787171;1768;0;9;4002;57;152.9;1.44;;;
37.635080;-3.786844;1773;0;9;4007;52;152.94;1.4;;;
37.635120;-3.786622;1775;0;9;4009;50;152.96;1.38;;;
37.634979;-3.786229;1782;0;9;4016;43;153;1.34;;;
37.634763;-3.785866;1786;0;9;4020;39;153.04;1.3;;;
37.634664;-3.785676;1788;0;9;4022;37;153.06;1.28;;;
37.634464;-3.785298;1791;0;9;4025;34;153.1;1.24;;;
37.634401;-3.785087;1794;0;9;4028;31;153.12;1.22;;;
37.634429;-3.784637;1797;0;9;4031;28;153.16;1.18;;;
37.634485;-3.784423;1799;0;9;4033;26;153.18;1.16;;;
37.634665;-3.784030;1802;0;8;4036;23;153.22;1.12;;;
37.634754;-3.783833;1803;0;7;4037;22;153.24;1.1;;;
37.634810;-3.783619;1805;0;6;4039;20;153.26;1.08;;;
37.634820;-3.783393;1806;0;6;4040;19;153.28;1.06;;;
37.634823;-3.782939;1808;0;5;4042;17;153.32;1.02;;;
37.634806;-3.782714;1809;0;4;4043;16;153.34;1;;;
37.634593;-3.782364;1810;0;2;4045;14;153.38;0.96;;;
37.634458;-3.782221;1811;0;2;4045;14;153.4;0.94;;;
37.634358;-3.781788;1811;0;0;4045;14;153.44;0.9;;;
37.634281;-3.781582;1811;0;-1;4045;14;153.46;0.88;;;
37.634231;-3.781143;1810;0;-3;4045;14;153.5;0.84;;;
37.634319;-3.780703;1809;0;-4;4045;14;153.54;0.8;;;
37.634296;-3.780480;1808;0;-4;4045;14;153.56;0.78;;;
37.634043;-3.780170;1806;0;-4;4045;14;153.6;0.74;;;
37.633889;-3.780054;1805;0;-4;4045;14;153.62;0.72;;;
37.633636;-3.779733;1804;0;-4;4045;14;153.66;0.68;;;
37.633521;-3.779558;1803;0;-3;4045;14;153.68;0.66;;;
37.633254;-3.779260;1801;0;-2;4045;14;153.72;0.62;;;
37.633104;-3.779135;1801;0;-2;4045;14;153.74;0.6;;;
37.632954;-3.779010;1801;0;-1;4045;14;153.76;0.58;;;
37.632802;-3.778888;1801;0;0;4045;14;153.78;0.56;;;
37.632520;-3.778613;1801;0;1;4045;14;153.82;0.52;;;
37.632399;-3.778446;1801;0;2;4046;13;153.84;0.5;;;
37.632228;-3.778051;1803;0;3;4047;12;153.88;0.46;;;
37.632180;-3.777832;1803;0;3;4048;11;153.9;0.44;;;
37.632086;-3.777394;1804;0;3;4049;10;153.94;0.4;;;
37.632038;-3.777175;1805;0;3;4049;10;153.96;0.38;;;
37.631944;-3.776736;1806;0;3;4051;8;154;0.34;;;
37.631868;-3.776294;1807;0;2;4052;7;154.04;0.3;;;
37.631811;-3.776079;1808;0;2;4052;7;154.06;0.28;;;
37.631695;-3.775648;1808;0;2;4053;6;154.1;0.24;;;
37.631639;-3.775433;1809;0;2;4053;6;154.12;0.22;;;
37.631737;-3.775014;1810;0;3;4055;4;154.16;0.18;;;
37.631851;-3.774838;1810;0;3;4055;4;154.18;0.16;;;
37.631929;-3.774459;1812;0;3;4056;3;154.22;0.12;;;
37.631753;-3.774460;1812;0;3;4057;2;154.24;0.1;;;
37.631595;-3.774564;1813;0;3;4058;1;154.26;0.08;;;
37.631530;-3.774775;1813;0;3;4058;1;154.28;0.06;;;
37.631376;-3.775183;1814;0;2;4059;0;154.32;0.02;;;
37.631286;-3.775435;1815;0;2;4059;0;154.34;0;29;arrival,summit;1
