latitude;longitude;altitude;azimuth;slope;dvdone;dvrest;kmdone;kmto;cpnumero;cptype;sumcategory
37.257200;-1.890930;114;0;1;0;4591;0;166.39;3;real;
37.257285;-1.891129;114;0;1;0;4591;0.02;166.37;;;
37.257371;-1.891328;115;0;1;0;4591;0.04;166.35;;;
37.257456;-1.891526;115;0;2;1;4590;0.06;166.33;;;
37.257542;-1.891725;115;0;2;1;4590;0.08;166.31;;;
37.257627;-1.891924;115;0;2;1;4590;0.1;166.29;;;
37.257713;-1.892123;116;0;2;2;4589;0.12;166.27;;;
37.257884;-1.892521;117;0;2;3;4588;0.16;166.23;;;
37.257969;-1.892719;117;0;2;3;4588;0.18;166.21;;;
37.258055;-1.892918;117;0;2;3;4588;0.2;166.19;;;
37.258140;-1.893117;118;0;2;4;4587;0.22;166.17;;;
37.258226;-1.893316;118;0;2;4;4587;0.24;166.15;;;
37.258311;-1.893515;118;0;2;4;4587;0.26;166.13;;;
37.258482;-1.893912;119;0;2;5;4586;0.3;166.09;;;
37.258568;-1.894111;119;0;1;5;4586;0.32;166.07;;;
37.258653;-1.894310;120;0;1;6;4585;0.34;166.05;;;
37.258739;-1.894509;120;0;1;6;4585;0.36;166.03;;;
37.258824;-1.894708;120;0;1;6;4585;0.38;166.01;;;
37.258910;-1.894907;120;0;1;6;4585;0.4;165.99;;;
37.258989;-1.895109;121;0;1;6;4585;0.42;165.97;;;
37.259062;-1.895316;121;0;1;7;4584;0.44;165.95;;;
37.259135;-1.895522;121;0;1;7;4584;0.46;165.93;;;
37.259197;-1.895734;121;0;0;7;4584;0.48;165.91;;;
37.259248;-1.895951;121;0;0;7;4584;0.5;165.89;;;
37.259293;-1.896169;121;0;0;7;4584;0.52;165.87;;;
37.259312;-1.896394;121;0;0;7;4584;0.54;165.85;;;
37.259368;-1.897068;121;0;1;7;4584;0.6;165.79;;;
37.259387;-1.897293;122;0;1;7;4584;0.62;165.77;;;
37.259406;-1.897517;122;0;1;7;4584;0.64;165.75;;;
37.259425;-1.897742;122;0;1;8;4583;0.66;165.73;;;
37.259444;-1.897967;122;0;1;8;4583;0.68;165.71;;;
37.259463;-1.898191;122;0;1;8;4583;0.7;165.69;;;
37.259482;-1.898416;122;0;1;8;4583;0.72;165.67;;;
37.259501;-1.898641;122;0;1;8;4583;0.74;165.65;;;
37.259519;-1.898866;122;0;1;8;4583;0.76;165.63;;;
37.259541;-1.899090;123;0;1;8;4583;0.78;165.61;;;
37.259564;-1.899314;123;0;1;9;4582;0.8;165.59;;;
37.259586;-1.899539;123;0;1;9;4582;0.82;165.57;;;
37.259608;-1.899763;123;0;1;9;4582;0.84;165.55;;;
37.259647;-1.899983;124;0;1;9;4582;0.86;165.53;;;
37.259706;-1.900196;124;0;1;10;4581;0.88;165.51;;;
37.259813;-1.900375;124;0;1;10;4581;0.9;165.49;;;
37.259885;-1.900569;124;0;1;10;4581;0.92;165.47;;;
37.259834;-1.900786;124;0;1;10;4581;0.94;165.45;;;
37.259780;-1.901001;124;0;1;10;4581;0.96;165.43;;;
37.259750;-1.901222;125;0;1;10;4581;0.98;165.41;;;
37.259769;-1.901447;125;0;1;10;4581;1;165.39;;;
37.259788;-1.901672;125;0;1;11;4580;1.02;165.37;;;
37.259807;-1.901897;125;0;0;11;4580;1.04;165.35;;;
37.259825;-1.902121;125;0;0;11;4580;1.06;165.33;;;
37.259844;-1.902346;125;0;0;11;4580;1.08;165.31;;;
37.260007;-1.903432;125;0;0;11;4580;1.18;165.21;;;
37.260107;-1.903611;125;0;1;11;4580;1.2;165.19;;;
37.260043;-1.903810;126;0;1;11;4580;1.22;165.17;;;
37.259986;-1.904018;126;0;1;11;4580;1.24;165.15;;;
37.259986;-1.904244;126;0;1;12;4579;1.26;165.13;;;
37.259995;-1.904469;126;0;1;12;4579;1.28;165.11;;;
37.260004;-1.904695;126;0;1;12;4579;1.3;165.09;;;
37.260018;-1.904920;127;0;2;13;4578;1.32;165.07;;;
37.260039;-1.905145;127;0;2;13;4578;1.34;165.05;;;
37.260060;-1.905369;127;0;2;13;4578;1.36;165.03;;;
37.260081;-1.905593;128;0;2;14;4577;1.38;165.01;;;
37.260098;-1.905818;128;0;2;14;4577;1.4;164.99;;;
37.260116;-1.906043;128;0;2;14;4577;1.42;164.97;;;
37.260133;-1.906268;129;0;2;14;4577;1.44;164.95;;;
37.260151;-1.906493;129;0;2;15;4576;1.46;164.93;;;
37.260168;-1.906718;129;0;2;15;4576;1.48;164.91;;;
37.260186;-1.906943;130;0;2;15;4576;1.5;164.89;;;
37.260203;-1.907168;130;0;2;16;4575;1.52;164.87;;;
37.260221;-1.907393;130;0;2;16;4575;1.54;164.85;;;
37.260238;-1.907618;131;0;2;16;4575;1.56;164.83;;;
37.260256;-1.907843;131;0;2;17;4574;1.58;164.81;;;
37.260275;-1.908067;131;0;2;17;4574;1.6;164.79;;;
37.260294;-1.908292;132;0;1;17;4574;1.62;164.77;;;
37.260313;-1.908517;132;0;1;18;4573;1.64;164.75;;;
37.260332;-1.908742;132;0;1;18;4573;1.66;164.73;;;
37.260359;-1.908964;132;0;1;18;4573;1.68;164.71;;;
37.260420;-1.909176;132;0;1;18;4573;1.7;164.69;;;
37.260490;-1.909374;132;0;1;18;4573;1.72;164.67;;;
37.260442;-1.909585;133;0;0;18;4573;1.74;164.65;;;
37.260435;-1.909809;133;0;0;19;4572;1.76;164.63;;;
37.260478;-1.910028;133;0;1;19;4572;1.78;164.61;;;
37.260522;-1.910248;133;0;1;19;4572;1.8;164.59;;;
37.260568;-1.910466;133;0;1;19;4572;1.82;164.57;;;
37.260616;-1.910684;133;0;1;19;4572;1.84;164.55;;;
37.260669;-1.910899;133;0;1;19;4572;1.86;164.53;;;
37.260737;-1.911109;134;0;1;19;4572;1.88;164.51;;;
37.260805;-1.911318;134;0;1;20;4571;1.9;164.49;;;
37.260872;-1.911527;134;0;2;20;4571;1.92;164.47;;;
37.260940;-1.911737;135;0;2;20;4571;1.94;164.45;;;
37.261008;-1.911946;135;0;2;21;4570;1.96;164.43;;;
37.261076;-1.912155;135;0;2;21;4570;1.98;164.41;;;
37.261144;-1.912365;136;0;2;21;4570;2;164.39;;;
37.261211;-1.912574;136;0;2;22;4569;2.02;164.37;;;
37.261279;-1.912783;136;0;2;22;4569;2.04;164.35;;;
37.261347;-1.912993;137;0;2;23;4568;2.06;164.33;;;
37.261415;-1.913202;137;0;2;23;4568;2.08;164.31;;;
37.261483;-1.913411;138;0;2;23;4568;2.1;164.29;;;
37.261551;-1.913621;138;0;1;24;4567;2.12;164.27;;;
37.261647;-1.913810;138;0;1;24;4567;2.14;164.25;;;
37.261762;-1.913983;138;0;1;24;4567;2.16;164.23;;;
37.263186;-1.914811;140;0;0;26;4565;2.34;164.05;4;;
37.263364;-1.914839;140;0;0;26;4565;2.36;164.03;;;
37.263540;-1.914794;140;0;0;26;4565;2.38;164.01;;;
37.263716;-1.914747;140;0;0;26;4565;2.4;163.99;;;
37.263892;-1.914699;140;0;0;26;4565;2.42;163.97;;;
37.264068;-1.914651;140;0;0;26;4565;2.44;163.95;;;
37.264243;-1.914604;140;0;0;26;4565;2.46;163.93;;;
37.264419;-1.914556;140;0;0;26;4565;2.48;163.91;;;
37.264594;-1.914505;140;0;0;26;4565;2.5;163.89;;;
37.264769;-1.914451;140;0;0;26;4565;2.52;163.87;;;
37.264944;-1.914398;140;0;0;26;4565;2.54;163.85;;;
37.265119;-1.914344;140;0;0;26;4565;2.56;163.83;;;
37.265293;-1.914290;140;0;0;26;4565;2.58;163.81;;;
37.265470;-1.914247;140;0;0;26;4565;2.6;163.79;;;
37.265648;-1.914235;140;0;0;26;4565;2.62;163.77;;;
37.265827;-1.914258;140;0;0;26;4565;2.64;163.75;;;
37.266003;-1.914304;140;0;0;26;4565;2.66;163.73;;;
37.266176;-1.914362;140;0;0;27;4564;2.68;163.71;;;
37.266337;-1.914461;140;0;0;27;4564;2.7;163.69;;;
37.266495;-1.914568;140;0;0;27;4564;2.72;163.67;;;
37.266636;-1.914707;140;0;0;27;4564;2.74;163.65;;;
37.266766;-1.914863;140;0;0;27;4564;2.76;163.63;;;
37.266892;-1.915025;140;0;0;27;4564;2.78;163.61;;;
37.267017;-1.915187;140;0;0;27;4564;2.8;163.59;;;
37.267143;-1.915349;140;0;0;27;4564;2.82;163.57;;;
37.267268;-1.915511;140;0;0;27;4564;2.84;163.55;;;
37.267393;-1.915673;141;0;0;27;4564;2.86;163.53;;;
37.267518;-1.915836;141;0;0;27;4564;2.88;163.51;;;
37.267644;-1.915998;141;0;1;27;4564;2.9;163.49;;;
37.267769;-1.916160;141;0;1;27;4564;2.92;163.47;;;
37.267894;-1.916322;141;0;1;27;4564;2.94;163.45;;;
37.268020;-1.916484;141;0;1;27;4564;2.96;163.43;;;
37.268145;-1.916646;141;0;1;27;4564;2.98;163.41;;;
37.268270;-1.916809;141;0;1;28;4563;3;163.39;;;
37.268396;-1.916971;141;0;1;28;4563;3.02;163.37;;;
37.268521;-1.917133;142;0;1;28;4563;3.04;163.35;;;
37.268646;-1.917295;142;0;1;28;4563;3.06;163.33;;;
37.268771;-1.917457;142;0;1;28;4563;3.08;163.31;;;
37.268897;-1.917619;142;0;1;28;4563;3.1;163.29;;;
37.269022;-1.917781;142;0;1;28;4563;3.12;163.27;;;
37.269147;-1.917944;142;0;1;29;4562;3.14;163.25;;;
37.269273;-1.918106;143;0;1;29;4562;3.16;163.23;;;
37.269398;-1.918268;143;0;1;29;4562;3.18;163.21;;;
37.269524;-1.918429;143;0;1;29;4562;3.2;163.19;;;
37.269652;-1.918588;143;0;1;29;4562;3.22;163.17;;;
37.269780;-1.918747;143;0;1;29;4562;3.24;163.15;;;
37.269908;-1.918906;143;0;1;29;4562;3.26;163.13;;;
37.270036;-1.919065;143;0;0;29;4562;3.28;163.11;;;
37.270164;-1.919223;143;0;0;30;4561;3.3;163.09;;;
37.270292;-1.919382;143;0;0;30;4561;3.32;163.07;;;
37.270420;-1.919541;144;0;0;30;4561;3.34;163.05;;;
37.270548;-1.919700;144;0;0;30;4561;3.36;163.03;;;
37.270672;-1.919863;144;0;0;30;4561;3.38;163.01;;;
37.270796;-1.920027;144;0;0;30;4561;3.4;162.99;;;
37.270920;-1.920190;144;0;0;30;4561;3.42;162.97;;;
37.271045;-1.920354;144;0;0;30;4561;3.44;162.95;;;
37.271171;-1.920515;144;0;0;30;4561;3.46;162.93;;;
37.271298;-1.920674;144;0;0;30;4561;3.48;162.91;;;
37.271426;-1.920833;144;0;0;30;4561;3.5;162.89;;;
37.271553;-1.920993;144;0;0;30;4561;3.52;162.87;;;
37.271705;-1.921110;144;0;0;30;4561;3.54;162.85;;;
37.271871;-1.921176;144;0;0;30;4561;3.56;162.83;;;
37.271962;-1.921368;144;0;0;30;4561;3.58;162.81;;;
37.272038;-1.921573;144;0;0;30;4561;3.6;162.79;;;
37.272148;-1.921748;144;0;0;30;4561;3.62;162.77;;;
37.272272;-1.921912;144;0;0;30;4561;3.64;162.75;;;
37.272396;-1.922076;144;0;0;30;4561;3.66;162.73;;;
37.272522;-1.922237;144;0;0;31;4560;3.68;162.71;;;
37.272649;-1.922397;144;0;0;31;4560;3.7;162.69;;;
37.272776;-1.922558;144;0;0;31;4560;3.72;162.67;;;
37.272903;-1.922718;144;0;0;31;4560;3.74;162.65;;;
37.273029;-1.922878;144;0;0;31;4560;3.76;162.63;;;
37.273156;-1.923039;144;0;0;31;4560;3.78;162.61;;;
37.273283;-1.923199;144;0;0;31;4560;3.8;162.59;;;
37.273410;-1.923359;144;0;0;31;4560;3.82;162.57;;;
37.273537;-1.923520;144;0;0;31;4560;3.84;162.55;;;
37.273663;-1.923680;144;0;0;31;4560;3.86;162.53;;;
37.273790;-1.923840;144;0;0;31;4560;3.88;162.51;;;
37.273917;-1.924001;144;0;0;31;4560;3.9;162.49;;;
37.274043;-1.924163;144;0;0;31;4560;3.92;162.47;;;
37.274168;-1.924325;144;0;0;31;4560;3.94;162.45;;;
37.274293;-1.924487;144;0;0;31;4560;3.96;162.43;;;
37.274419;-1.924649;144;0;0;31;4560;3.98;162.41;;;
37.274544;-1.924811;144;0;0;31;4560;4;162.39;;;
37.274820;-1.925099;145;0;1;31;4560;4.04;162.35;;;
37.275137;-1.925301;145;0;2;32;4559;4.08;162.31;;;
37.275483;-1.925414;146;0;2;32;4559;4.12;162.27;;;
37.275842;-1.925404;147;0;2;33;4558;4.16;162.23;;;
37.276020;-1.925369;147;0;2;34;4557;4.18;162.21;;;
37.276197;-1.925328;148;0;2;34;4557;4.2;162.19;;;
37.276372;-1.925279;148;0;2;35;4556;4.22;162.17;;;
37.276547;-1.925229;148;0;2;35;4556;4.24;162.15;;;
37.276723;-1.925180;148;0;2;35;4556;4.26;162.13;;;
37.276898;-1.925130;149;0;1;35;4556;4.28;162.11;;;
37.277074;-1.925080;149;0;1;36;4555;4.3;162.09;;;
37.277249;-1.925031;149;0;2;36;4555;4.32;162.07;;;
37.277425;-1.924981;150;0;2;36;4555;4.34;162.05;;;
37.277776;-1.924882;150;0;2;37;4554;4.38;162.01;;;
37.278127;-1.924783;151;0;2;38;4553;4.42;161.97;;;
37.278478;-1.924685;152;0;2;39;4552;4.46;161.93;;;
37.278836;-1.924675;153;0;2;39;4552;4.5;161.89;;;
37.279196;-1.924681;154;0;2;40;4551;4.54;161.85;;;
37.279521;-1.924801;155;0;2;41;4550;4.58;161.81;;;
37.279703;-1.925191;156;0;1;42;4549;4.62;161.77;5;;
37.279940;-1.925529;156;0;1;42;4549;4.66;161.73;;;
37.280064;-1.925694;156;0;0;43;4548;4.68;161.71;;;
37.280187;-1.925858;156;0;0;43;4548;4.7;161.69;;;
37.280312;-1.926020;156;0;0;43;4548;4.72;161.67;;;
37.280437;-1.926183;156;0;1;43;4548;4.74;161.65;;;
37.280563;-1.926345;156;0;1;43;4548;4.76;161.63;;;
37.280688;-1.926507;156;0;1;43;4548;4.78;161.61;;;
37.280813;-1.926669;156;0;1;43;4548;4.8;161.59;;;
37.280939;-1.926831;157;0;1;43;4548;4.82;161.57;;;
37.281064;-1.926993;157;0;1;44;4547;4.84;161.55;;;
37.281266;-1.927366;157;0;1;44;4547;4.88;161.51;;;
37.281432;-1.927767;157;0;1;44;4547;4.92;161.47;;;
37.281598;-1.928168;158;0;0;44;4547;4.96;161.43;;;
37.281791;-1.928546;158;0;1;44;4547;5;161.39;;;
37.282053;-1.928857;158;0;1;45;4546;5.04;161.35;;;
37.282348;-1.929113;158;0;1;45;4546;5.08;161.31;;;
37.282640;-1.929378;159;0;1;45;4546;5.12;161.27;;;
37.282783;-1.929514;159;0;1;46;4545;5.14;161.25;;;
37.282927;-1.929650;159;0;1;46;4545;5.16;161.23;;;
37.283058;-1.929804;159;0;1;46;4545;5.18;161.21;;;
37.283176;-1.929972;160;0;1;46;4545;5.2;161.19;;;
37.283199;-1.930194;160;0;1;47;4544;5.22;161.17;;;
37.283125;-1.930400;160;0;2;47;4544;5.24;161.15;;;
37.283051;-1.930606;160;0;1;47;4544;5.26;161.13;;;
37.282977;-1.930812;161;0;1;47;4544;5.28;161.11;;;
37.282905;-1.931020;161;0;1;48;4543;5.3;161.09;;;
37.282843;-1.931231;161;0;1;48;4543;5.32;161.07;;;
37.282803;-1.931452;162;0;2;48;4543;5.34;161.05;;;
37.282764;-1.931673;162;0;2;48;4543;5.36;161.03;;;
37.282734;-1.931895;162;0;2;49;4542;5.38;161.01;;;
37.282709;-1.932119;163;0;2;49;4542;5.4;160.99;;;
37.282684;-1.932343;163;0;3;50;4541;5.42;160.97;;;
37.282658;-1.932567;164;0;3;51;4540;5.44;160.95;;;
37.282633;-1.932791;165;0;3;51;4540;5.46;160.93;;;
37.282608;-1.933015;165;0;3;52;4539;5.48;160.91;;;
37.282583;-1.933238;166;0;3;53;4538;5.5;160.89;;;
37.282558;-1.933462;167;0;4;53;4538;5.52;160.87;;;
37.282533;-1.933686;167;0;3;54;4537;5.54;160.85;;;
37.282508;-1.933910;168;0;3;55;4536;5.56;160.83;;;
37.282483;-1.934134;169;0;2;55;4536;5.58;160.81;;;
37.282463;-1.934358;169;0;2;56;4535;5.6;160.79;;;
37.282460;-1.934584;169;0;1;56;4535;5.62;160.77;;;
37.282460;-1.934810;169;0;0;56;4535;5.64;160.75;;;
37.282480;-1.935034;169;0;0;56;4535;5.66;160.73;;;
37.282514;-1.935256;169;0;0;56;4535;5.68;160.71;;;
37.282547;-1.935478;169;0;0;56;4535;5.7;160.69;;;
37.282581;-1.935700;169;0;1;56;4535;5.72;160.67;;;
37.282614;-1.935922;169;0;1;57;4534;5.74;160.65;;;
37.282648;-1.936144;170;0;1;57;4534;5.76;160.63;;;
37.282682;-1.936366;170;0;1;57;4534;5.78;160.61;;;
37.282716;-1.936589;170;0;1;57;4534;5.8;160.59;;;
37.282749;-1.936811;170;0;1;58;4533;5.82;160.57;;;
37.282783;-1.937033;170;0;1;58;4533;5.84;160.55;;;
37.282815;-1.937255;171;0;1;58;4533;5.86;160.53;;;
37.282842;-1.937479;171;0;1;58;4533;5.88;160.51;;;
37.282868;-1.937702;171;0;2;58;4533;5.9;160.49;;;
37.282938;-1.937910;171;0;2;58;4533;5.92;160.47;;;
37.283011;-1.938116;172;0;3;59;4532;5.94;160.45;;;
37.283085;-1.938323;172;0;3;60;4531;5.96;160.43;;;
37.283158;-1.938529;173;0;3;60;4531;5.98;160.41;;;
37.283231;-1.938735;174;0;3;61;4530;6;160.39;;;
37.283302;-1.938943;175;0;3;62;4529;6.02;160.37;;;
37.283350;-1.939160;175;0;3;62;4529;6.04;160.35;;;
37.283377;-1.939384;175;0;2;63;4528;6.06;160.33;;;
37.283405;-1.939607;176;0;2;63;4528;6.08;160.31;;;
37.283431;-1.939831;176;0;1;63;4528;6.1;160.29;;;
37.283448;-1.940056;176;0;1;64;4527;6.12;160.27;;;
37.283464;-1.940281;177;0;1;64;4527;6.14;160.25;;;
37.283480;-1.940506;177;0;1;64;4527;6.16;160.23;;;
37.283497;-1.940731;177;0;1;64;4527;6.18;160.21;;;
37.283513;-1.940956;177;0;1;64;4527;6.2;160.19;;;
37.283529;-1.941181;177;0;1;65;4526;6.22;160.17;;;
37.283546;-1.941406;178;0;1;65;4526;6.24;160.15;;;
37.283562;-1.941632;178;0;2;65;4526;6.26;160.13;;;
37.283578;-1.941857;178;0;2;65;4526;6.28;160.11;;;
37.283590;-1.942082;179;0;2;66;4525;6.3;160.09;;;
37.283592;-1.942308;179;0;2;66;4525;6.32;160.07;;;
37.283594;-1.942534;180;0;1;67;4524;6.34;160.05;;;
37.283595;-1.942760;180;0;1;67;4524;6.36;160.03;;;
37.283597;-1.942986;180;0;1;67;4524;6.38;160.01;;;
37.283599;-1.943212;180;0;1;67;4524;6.4;159.99;;;
37.283598;-1.943438;180;0;1;67;4524;6.42;159.97;;;
37.283581;-1.943663;180;0;1;67;4524;6.44;159.95;;;
37.283564;-1.943888;180;0;1;68;4523;6.46;159.93;;;
37.283546;-1.944113;180;0;1;68;4523;6.48;159.91;;;
37.283529;-1.944338;181;0;1;68;4523;6.5;159.89;;;
37.283512;-1.944563;181;0;1;68;4523;6.52;159.87;;;
37.283495;-1.944788;181;0;1;68;4523;6.54;159.85;;;
37.283478;-1.945013;181;0;1;69;4522;6.56;159.83;;;
37.283461;-1.945238;182;0;1;69;4522;6.58;159.81;;;
37.283444;-1.945464;182;0;1;69;4522;6.6;159.79;;;
37.283426;-1.945689;182;0;1;69;4522;6.62;159.77;;;
37.283409;-1.945914;182;0;1;69;4522;6.64;159.75;;;
37.283392;-1.946139;182;0;1;70;4521;6.66;159.73;;;
37.283375;-1.946364;182;0;1;70;4521;6.68;159.71;;;
37.283358;-1.946589;183;0;1;70;4521;6.7;159.69;;;
37.283341;-1.946814;183;0;1;70;4521;6.72;159.67;;;
37.283324;-1.947039;183;0;1;70;4521;6.74;159.65;;;
37.283306;-1.947264;183;0;0;70;4521;6.76;159.63;;;
37.283289;-1.947489;183;0;0;71;4520;6.78;159.61;;;
37.283292;-1.947713;183;0;-1;71;4520;6.8;159.59;;;
37.283344;-1.947929;183;0;-1;71;4520;6.82;159.57;;;
37.283406;-1.948141;183;0;-1;71;4520;6.84;159.55;;;
37.283469;-1.948353;182;0;-1;71;4520;6.86;159.53;;;
37.283490;-1.948572;182;0;0;71;4520;6.88;159.51;;;
37.283436;-1.948788;182;0;0;71;4520;6.9;159.49;;;
37.283391;-1.949006;182;0;1;71;4520;6.92;159.47;;;
37.283370;-1.949230;183;0;1;71;4520;6.94;159.45;;;
37.283377;-1.949455;183;0;1;72;4519;6.96;159.43;;;
37.283413;-1.949677;183;0;1;72;4519;6.98;159.41;;;
37.283475;-1.949888;183;0;1;72;4519;7;159.39;;;
37.283543;-1.950097;184;0;2;72;4519;7.02;159.37;;;
37.283611;-1.950307;184;0;2;73;4518;7.04;159.35;;;
37.283679;-1.950516;184;0;2;73;4518;7.06;159.33;;;
37.283748;-1.950725;185;0;2;73;4518;7.08;159.31;;;
37.283816;-1.950934;185;0;2;74;4517;7.1;159.29;;;
37.283882;-1.951144;186;0;2;74;4517;7.12;159.27;;;
37.283940;-1.951358;186;0;2;74;4517;7.14;159.25;;;
37.283995;-1.951573;186;0;2;75;4516;7.16;159.23;;;
37.284030;-1.951795;186;0;2;75;4516;7.18;159.21;;;
37.284063;-1.952017;187;0;2;75;4516;7.2;159.19;;;
37.284084;-1.952242;187;0;2;76;4515;7.22;159.17;;;
37.284106;-1.952466;188;0;2;76;4515;7.24;159.15;;;
37.284128;-1.952690;188;0;2;77;4514;7.26;159.13;;;
37.284150;-1.952915;189;0;2;77;4514;7.28;159.11;;;
37.284172;-1.953139;189;0;2;78;4513;7.3;159.09;;;
37.284194;-1.953364;189;0;2;78;4513;7.32;159.07;;;
37.284200;-1.953589;190;0;2;78;4513;7.34;159.05;;;
37.284200;-1.953815;190;0;2;79;4512;7.36;159.03;;;
37.284187;-1.954040;191;0;2;79;4512;7.38;159.01;;;
37.284152;-1.954261;191;0;1;79;4512;7.4;158.99;;;
37.284091;-1.954473;191;0;1;80;4511;7.42;158.97;;;
37.284001;-1.954669;191;0;1;80;4511;7.44;158.95;;;
37.283912;-1.954865;191;0;1;80;4511;7.46;158.93;;;
37.283816;-1.955056;192;0;1;80;4511;7.48;158.91;;;
37.283719;-1.955247;192;0;1;81;4510;7.5;158.89;;;
37.283623;-1.955438;192;0;1;81;4510;7.52;158.87;;;
37.283527;-1.955629;192;0;1;81;4510;7.54;158.85;;;
37.283437;-1.955824;193;0;0;81;4510;7.56;158.83;;;
37.283374;-1.956036;193;0;0;81;4510;7.58;158.81;;;
37.283322;-1.956251;193;0;0;81;4510;7.6;158.79;;;
37.283283;-1.956472;192;0;1;81;4510;7.62;158.77;;;
37.283255;-1.956693;192;0;1;81;4510;7.64;158.75;;;
37.283287;-1.956916;192;0;1;81;4510;7.66;158.73;;;
37.283290;-1.957141;193;0;2;83;4508;7.68;158.71;;;
37.283243;-1.957358;194;0;3;83;4508;7.7;158.69;6;;
37.283187;-1.957573;194;0;3;84;4507;7.72;158.67;;;
37.283131;-1.957787;195;0;4;85;4506;7.74;158.65;;;
37.283075;-1.958002;195;0;4;85;4506;7.76;158.63;;;
37.283018;-1.958217;196;0;4;86;4505;7.78;158.61;;;
37.282962;-1.958431;197;0;4;87;4504;7.8;158.59;;;
37.282909;-1.958647;198;0;4;88;4503;7.82;158.57;;;
37.282892;-1.958872;199;0;4;88;4503;7.84;158.55;;;
37.282891;-1.959096;199;0;4;89;4502;7.86;158.53;;;
37.282934;-1.959315;200;0;4;90;4501;7.88;158.51;;;
37.282978;-1.959534;201;0;5;91;4500;7.9;158.49;;;
37.283021;-1.959754;202;0;5;92;4499;7.92;158.47;;;
37.283065;-1.959973;203;0;6;93;4498;7.94;158.45;;;
37.283072;-1.960197;204;0;6;94;4497;7.96;158.43;;;
37.283059;-1.960422;206;0;6;95;4496;7.98;158.41;;;
37.283053;-1.960648;207;0;6;97;4494;8;158.39;;;
37.283065;-1.960873;208;0;6;98;4493;8.02;158.37;;;
37.283090;-1.961324;211;0;4;101;4490;8.06;158.33;;;
37.283105;-1.961549;212;0;4;102;4489;8.08;158.31;;;
37.283133;-1.961773;212;0;3;102;4489;8.1;158.29;;;
37.283190;-1.962219;213;0;2;103;4488;8.14;158.25;;;
37.283218;-1.962442;213;0;1;103;4488;8.16;158.23;;;
37.283246;-1.962665;213;0;1;103;4488;8.18;158.21;;;
37.283308;-1.963339;214;0;2;104;4487;8.24;158.15;;;
37.283324;-1.963564;215;0;2;104;4487;8.26;158.13;;;
37.283418;-1.964230;216;0;2;105;4486;8.32;158.07;;;
37.283458;-1.964451;216;0;2;106;4485;8.34;158.05;;;
37.283469;-1.964676;216;0;2;106;4485;8.36;158.03;;;
37.283488;-1.965128;217;0;2;107;4484;8.4;157.99;;;
37.283497;-1.965353;217;0;2;107;4484;8.42;157.97;;;
37.283507;-1.965579;218;0;2;107;4484;8.44;157.95;;;
37.283527;-1.966031;218;0;2;108;4483;8.48;157.91;;;
37.283536;-1.966256;219;0;2;108;4483;8.5;157.89;;;
37.283546;-1.966482;219;0;2;109;4482;8.52;157.87;;;
37.283565;-1.966933;220;0;2;110;4481;8.56;157.83;;;
37.283564;-1.967159;220;0;2;110;4481;8.58;157.81;;;
37.283551;-1.967385;220;0;2;110;4481;8.6;157.79;;;
37.283493;-1.967831;221;0;2;111;4480;8.64;157.75;;;
37.283463;-1.968053;222;0;2;112;4479;8.66;157.73;;;
37.283432;-1.968276;222;0;1;112;4479;8.68;157.71;;;
37.283342;-1.968945;222;0;1;112;4479;8.74;157.65;;;
37.283312;-1.969168;222;0;0;112;4479;8.76;157.63;;;
37.283222;-1.969836;223;0;2;113;4478;8.82;157.57;;;
37.283192;-1.970059;223;0;2;113;4478;8.84;157.55;;;
37.283179;-1.970284;224;0;2;113;4478;8.86;157.53;;;
37.283177;-1.970736;225;0;3;115;4476;8.9;157.49;;;
37.283176;-1.970962;226;0;3;115;4476;8.92;157.47;;;
37.283174;-1.971188;226;0;3;116;4475;8.94;157.45;;;
37.283172;-1.971640;228;0;4;117;4474;8.98;157.41;;;
37.283171;-1.971867;228;0;4;118;4473;9;157.39;;;
37.283161;-1.972092;229;0;4;119;4472;9.02;157.37;;;
37.283126;-1.972542;231;0;5;121;4470;9.06;157.33;;;
37.283109;-1.972767;232;0;5;122;4469;9.08;157.31;;;
37.283091;-1.972992;233;0;5;123;4468;9.1;157.29;;;
37.283056;-1.973442;235;0;5;125;4466;9.14;157.25;;;
37.283038;-1.973667;236;0;4;126;4465;9.16;157.23;;;
37.283021;-1.973892;237;0;4;127;4464;9.18;157.21;;;
37.282969;-1.974567;239;0;3;129;4462;9.24;157.15;;;
37.282951;-1.974792;240;0;3;130;4461;9.26;157.13;;;
37.283007;-1.975459;241;0;1;131;4460;9.32;157.07;;;
37.283061;-1.975675;242;0;0;131;4460;9.34;157.05;;;
37.283114;-1.975891;242;0;0;132;4459;9.36;157.03;;;
37.283221;-1.976323;241;0;0;132;4459;9.4;156.99;;;
37.283275;-1.976539;240;0;1;132;4459;9.42;156.97;;;
37.283309;-1.976760;240;0;2;132;4459;9.44;156.95;;;
37.283290;-1.977205;242;0;4;133;4458;9.48;156.91;;;
37.283253;-1.977427;243;0;5;135;4456;9.5;156.89;;;
37.283216;-1.977648;245;0;6;136;4455;9.52;156.87;;;
37.283160;-1.978092;247;0;6;138;4453;9.56;156.83;;;
37.283193;-1.978315;248;0;6;140;4451;9.58;156.81;;;
37.283226;-1.978537;249;0;5;141;4450;9.6;156.79;;;
37.283276;-1.978984;252;0;5;143;4448;9.64;156.75;;;
37.283251;-1.979206;253;0;5;145;4446;9.66;156.73;;;
37.283196;-1.979421;253;0;5;145;4446;9.68;156.71;;;
37.282996;-1.980051;256;0;4;148;4443;9.74;156.65;;;
37.282945;-1.980267;257;0;4;148;4443;9.76;156.63;;;
37.282855;-1.980934;259;0;2;150;4441;9.82;156.57;;;
37.282833;-1.981158;259;0;1;151;4440;9.84;156.55;;;
37.282812;-1.981383;259;0;1;151;4440;9.86;156.53;;;
37.282770;-1.981832;259;0;1;151;4440;9.9;156.49;;;
37.282770;-1.982058;259;0;1;151;4440;9.92;156.47;;;
37.282781;-1.982283;259;0;1;151;4440;9.94;156.45;;;
37.282848;-1.982727;260;0;2;152;4439;9.98;156.41;;;
37.282886;-1.982948;261;0;3;153;4438;10;156.39;;;
37.282924;-1.983169;261;0;3;153;4438;10.02;156.37;;;
37.282999;-1.983611;263;0;3;155;4436;10.06;156.33;;;
37.283037;-1.983832;263;0;3;155;4436;10.08;156.31;;;
37.283075;-1.984053;264;0;3;156;4435;10.1;156.29;;;
37.283152;-1.984495;265;0;2;157;4434;10.14;156.25;;;
37.283221;-1.984703;265;0;2;157;4434;10.16;156.23;;;
37.283300;-1.984906;266;0;2;157;4434;10.18;156.21;;;
37.283559;-1.985501;267;0;1;159;4432;10.24;156.15;;;
37.283643;-1.985701;267;0;1;159;4432;10.26;156.13;;;
37.283722;-1.985904;267;0;0;159;4432;10.28;156.11;;;
37.283800;-1.986108;267;0;0;159;4432;10.3;156.09;;;
37.283875;-1.986312;267;0;0;159;4432;10.32;156.07;;;
37.283926;-1.986529;267;0;0;159;4432;10.34;156.05;;;
37.283950;-1.986752;267;0;0;159;4432;10.36;156.03;;;
37.283963;-1.986978;267;0;0;159;4432;10.38;156.01;;;
37.283977;-1.987203;267;0;0;159;4432;10.4;155.99;;;
37.283991;-1.987429;267;0;1;159;4432;10.42;155.97;;;
37.284004;-1.987654;267;0;1;159;4432;10.44;155.95;;;
37.284018;-1.987880;267;0;1;159;4432;10.46;155.93;;;
37.284031;-1.988105;267;0;1;160;4431;10.48;155.91;;;
37.284031;-1.988330;267;0;1;160;4431;10.5;155.89;;;
37.284004;-1.988553;268;0;2;160;4431;10.52;155.87;;;
37.283968;-1.988775;268;0;2;161;4430;10.54;155.85;;;
37.283930;-1.988996;269;0;2;161;4430;10.56;155.83;;;
37.283893;-1.989217;269;0;1;161;4430;10.58;155.81;;;
37.283855;-1.989438;269;0;1;162;4429;10.6;155.79;;;
37.283819;-1.989659;270;0;0;162;4429;10.62;155.77;;;
37.283812;-1.989885;270;0;0;162;4429;10.64;155.75;;;
37.283827;-1.990109;270;0;-1;162;4429;10.66;155.73;;;
37.283881;-1.990325;269;0;-1;162;4429;10.68;155.71;;;
37.283934;-1.990541;269;0;-1;162;4429;10.7;155.69;;;
37.283988;-1.990757;269;0;-1;162;4429;10.72;155.67;;;
37.284041;-1.990972;268;0;0;162;4429;10.74;155.65;;;
37.284097;-1.991187;268;0;1;162;4429;10.76;155.63;;;
37.284159;-1.991399;268;0;3;162;4429;10.78;155.61;;;
37.284222;-1.991611;269;0;4;163;4428;10.8;155.59;;;
37.284296;-1.991817;270;0;4;164;4427;10.82;155.57;;;
37.284386;-1.992012;272;0;5;166;4425;10.84;155.55;;;
37.284459;-1.992215;273;0;5;167;4424;10.86;155.53;;;
37.284489;-1.992438;274;0;6;168;4423;10.88;155.51;;;
37.284520;-1.992661;275;0;5;169;4422;10.9;155.49;;;
37.284550;-1.992884;276;0;4;170;4421;10.92;155.47;;;
37.284581;-1.993107;277;0;4;171;4420;10.94;155.45;;;
37.284611;-1.993329;277;0;3;171;4420;10.96;155.43;;;
37.284642;-1.993552;278;0;3;172;4419;10.98;155.41;;;
37.284672;-1.993775;278;0;3;172;4419;11;155.39;;;
37.284703;-1.993998;279;0;3;173;4418;11.02;155.37;;;
37.284733;-1.994220;279;0;3;173;4418;11.04;155.35;;;
37.284764;-1.994443;280;0;3;174;4417;11.06;155.33;;;
37.284794;-1.994666;280;0;3;174;4417;11.08;155.31;;;
37.284825;-1.994889;281;0;2;175;4416;11.1;155.29;;;
37.284855;-1.995112;281;0;2;176;4415;11.12;155.27;;;
37.284886;-1.995334;282;0;1;176;4415;11.14;155.25;;;
37.284919;-1.995557;282;0;1;177;4414;11.16;155.23;;;
37.284959;-1.995777;282;0;1;177;4414;11.18;155.21;;;
37.285017;-1.995988;282;0;2;177;4414;11.2;155.19;;;
37.285152;-1.996137;282;0;2;177;4414;11.22;155.17;;;
37.285306;-1.996255;282;0;2;177;4414;11.24;155.15;;;
37.285443;-1.996396;283;0;3;178;4413;11.26;155.13;;;
37.285542;-1.996585;284;0;3;179;4412;11.28;155.11;;;
37.285615;-1.996790;285;0;3;180;4411;11.3;155.09;;;
37.285645;-1.997013;286;0;4;181;4410;11.32;155.07;;;
37.285659;-1.997238;286;0;3;181;4410;11.34;155.05;;;
37.285673;-1.997463;287;0;3;182;4409;11.36;155.03;;;
37.285686;-1.997689;287;0;3;182;4409;11.38;155.01;;;
37.285700;-1.997914;288;0;2;183;4408;11.4;154.99;;;
37.285714;-1.998140;288;0;2;183;4408;11.42;154.97;;;
37.285728;-1.998365;289;0;2;183;4408;11.44;154.95;;;
37.285742;-1.998590;289;0;2;184;4407;11.46;154.93;;;
37.285756;-1.998816;289;0;2;184;4407;11.48;154.91;;;
37.285770;-1.999041;290;0;2;185;4406;11.5;154.89;;;
37.285784;-1.999267;290;0;2;185;4406;11.52;154.87;;;
37.285797;-1.999492;291;0;2;185;4406;11.54;154.85;;;
37.285811;-1.999717;291;0;2;186;4405;11.56;154.83;;;
37.285825;-1.999943;291;0;2;186;4405;11.58;154.81;;;
37.285839;-2.000168;292;0;3;186;4405;11.6;154.79;;;
37.285858;-2.000393;292;0;3;187;4404;11.62;154.77;;;
37.285890;-2.000615;293;0;3;188;4403;11.64;154.75;;;
37.285927;-2.000836;294;0;3;188;4403;11.66;154.73;;;
37.285970;-2.001056;294;0;4;189;4402;11.68;154.71;;;
37.286014;-2.001275;295;0;4;190;4401;11.7;154.69;;;
37.286057;-2.001495;296;0;4;191;4400;11.72;154.67;;;
37.286100;-2.001714;297;0;4;192;4399;11.74;154.65;;;
37.286143;-2.001933;298;0;4;192;4399;11.76;154.63;;;
37.286186;-2.002153;298;0;3;193;4398;11.78;154.61;;;
37.286230;-2.002372;299;0;3;194;4397;11.8;154.59;;;
37.286273;-2.002592;299;0;3;194;4397;11.82;154.57;;;
37.286316;-2.002811;300;0;2;195;4396;11.84;154.55;;;
37.286359;-2.003031;300;0;2;195;4396;11.86;154.53;;;
37.286402;-2.003250;301;0;2;196;4395;11.88;154.51;;;
37.286445;-2.003470;301;0;2;196;4395;11.9;154.49;;;
37.286489;-2.003689;301;0;2;196;4395;11.92;154.47;;;
37.286532;-2.003909;302;0;2;197;4394;11.94;154.45;;;
37.286550;-2.004133;302;0;2;197;4394;11.96;154.43;;;
37.286517;-2.004355;303;0;2;198;4393;11.98;154.41;;;
37.286484;-2.004578;303;0;2;198;4393;12;154.39;;;
37.286452;-2.004800;304;0;2;199;4392;12.02;154.37;;;
37.286398;-2.005014;304;0;2;199;4392;12.04;154.35;;;
37.286331;-2.005225;304;0;2;199;4392;12.06;154.33;;;
37.286265;-2.005435;305;0;2;200;4391;12.08;154.31;;;
37.286198;-2.005645;305;0;1;200;4391;12.1;154.29;;;
37.286132;-2.005855;305;0;1;200;4391;12.12;154.27;;;
37.286066;-2.006065;306;0;1;200;4391;12.14;154.25;;;
37.286000;-2.006275;306;0;1;201;4390;12.16;154.23;;;
37.285934;-2.006486;306;0;1;201;4390;12.18;154.21;;;
37.285868;-2.006696;306;0;1;201;4390;12.2;154.19;;;
37.285802;-2.006906;307;0;1;201;4390;12.22;154.17;;;
37.285736;-2.007117;307;0;0;202;4389;12.24;154.15;;;
37.285670;-2.007327;307;0;0;202;4389;12.26;154.13;;;
37.285627;-2.007546;307;0;0;202;4389;12.28;154.11;;;
37.285585;-2.007763;306;0;0;202;4389;12.3;154.09;;;
37.285457;-2.007913;306;0;0;202;4389;12.32;154.07;;;
37.285304;-2.008033;306;0;1;202;4389;12.34;154.05;;;
37.285211;-2.008210;307;0;1;203;4388;12.36;154.03;;;
37.285277;-2.008417;307;0;2;203;4388;12.38;154.01;;;
37.285370;-2.008611;308;0;2;203;4388;12.4;153.99;;;
37.285463;-2.008804;308;0;2;204;4387;12.42;153.97;;;
37.285555;-2.008998;309;0;2;205;4386;12.44;153.95;;;
37.285648;-2.009191;309;0;1;205;4386;12.46;153.93;;;
37.285741;-2.009385;309;0;1;205;4386;12.48;153.91;;;
37.285834;-2.009579;309;0;1;205;4386;12.5;153.89;;;
37.285927;-2.009772;309;0;1;205;4386;12.52;153.87;;;
37.286020;-2.009966;309;0;1;205;4386;12.54;153.85;;;
37.286113;-2.010159;310;0;2;206;4385;12.56;153.83;;;
37.286205;-2.010353;310;0;2;206;4385;12.58;153.81;;;
37.286298;-2.010547;311;0;3;207;4384;12.6;153.79;;;
37.286391;-2.010740;311;0;3;207;4384;12.62;153.77;;;
37.286456;-2.010949;312;0;3;208;4383;12.64;153.75;;;
37.286508;-2.011166;313;0;3;209;4382;12.66;153.73;;;
37.286561;-2.011382;313;0;4;209;4382;12.68;153.71;;;
37.286613;-2.011598;314;0;4;210;4381;12.7;153.69;;;
37.286659;-2.011817;315;0;4;211;4380;12.72;153.67;;;
37.286702;-2.012036;316;0;5;212;4379;12.74;153.65;;;
37.286758;-2.012250;316;0;5;212;4379;12.76;153.63;;;
37.286855;-2.012440;317;0;5;213;4378;12.78;153.61;;;
37.286962;-2.012621;319;0;5;215;4376;12.8;153.59;;;
37.287069;-2.012803;320;0;5;216;4375;12.82;153.57;;;
37.287176;-2.012984;321;0;5;217;4374;12.84;153.55;;;
37.287283;-2.013166;322;0;4;218;4373;12.86;153.53;;;
37.287390;-2.013347;323;0;3;219;4372;12.88;153.51;;;
37.287498;-2.013529;324;0;1;220;4371;12.9;153.49;;;
37.287609;-2.013706;324;0;0;220;4371;12.92;153.47;;;
37.287721;-2.013883;324;0;0;220;4371;12.94;153.45;;;
37.287800;-2.014082;323;0;0;220;4371;12.96;153.43;;;
37.287796;-2.014301;322;0;1;220;4371;12.98;153.41;;;
37.287702;-2.014491;322;0;2;220;4371;13;153.39;;;
37.287568;-2.014638;323;0;3;221;4370;13.02;153.37;;;
37.287394;-2.014679;324;0;4;222;4369;13.04;153.35;;;
37.287215;-2.014703;326;0;5;224;4367;13.06;153.33;;;
37.287041;-2.014759;327;0;6;225;4366;13.08;153.31;;;
37.286924;-2.014928;328;0;7;226;4365;13.1;153.29;;;
37.286851;-2.015135;329;0;7;227;4364;13.12;153.27;;;
37.286787;-2.015346;330;0;7;228;4363;13.14;153.25;;;
37.286715;-2.015552;332;0;7;230;4361;13.16;153.23;;;
37.286613;-2.015738;333;0;7;231;4360;13.18;153.21;;;
37.286505;-2.015919;335;0;7;233;4358;13.2;153.19;;;
37.286396;-2.016099;336;0;7;234;4357;13.22;153.17;;;
37.286288;-2.016280;337;0;7;235;4356;13.24;153.15;;;
37.286180;-2.016460;339;0;6;237;4354;13.26;153.13;;;
37.286140;-2.016678;340;0;6;238;4353;13.28;153.11;;;
37.286168;-2.016897;342;0;5;239;4352;13.3;153.09;;;
37.286249;-2.017097;343;0;4;241;4350;13.32;153.07;;;
37.286389;-2.017232;343;0;3;241;4350;13.34;153.05;;;
37.286544;-2.017348;343;0;2;241;4350;13.36;153.03;;;
37.286703;-2.017452;344;0;0;242;4349;13.38;153.01;;;
37.286870;-2.017535;343;0;-1;242;4349;13.4;152.99;;;
37.287030;-2.017639;343;0;-2;242;4349;13.42;152.97;;;
37.287177;-2.017767;342;0;-2;242;4349;13.44;152.95;;;
37.287321;-2.017900;342;0;-1;242;4349;13.46;152.93;;;
37.287495;-2.017931;341;0;1;242;4349;13.48;152.91;;;
37.287659;-2.017838;341;0;2;242;4349;13.5;152.89;;;
37.287764;-2.017663;342;0;3;243;4348;13.52;152.87;;;
37.287857;-2.017469;343;0;4;244;4347;13.54;152.85;;;
37.287972;-2.017297;344;0;5;246;4345;13.56;152.83;;;
37.288121;-2.017185;346;0;5;247;4344;13.58;152.81;;;
37.288293;-2.017222;347;0;5;248;4343;13.6;152.79;;;
37.288438;-2.017348;348;0;5;249;4342;13.62;152.77;;;
37.288534;-2.017537;348;0;4;249;4342;13.64;152.75;;;
37.288611;-2.017741;349;0;4;250;4341;13.66;152.73;;;
37.288662;-2.017956;350;0;3;251;4340;13.68;152.71;;;
37.288679;-2.018181;350;0;3;251;4340;13.7;152.69;;;
37.288692;-2.018407;351;0;3;252;4339;13.72;152.67;;;
37.288712;-2.018631;352;0;3;253;4338;13.74;152.65;;;
37.288755;-2.018850;352;0;3;253;4338;13.76;152.63;;;
37.288810;-2.019065;353;0;3;254;4337;13.78;152.61;;;
37.288864;-2.019281;354;0;3;255;4336;13.8;152.59;;;
37.288919;-2.019496;354;0;3;255;4336;13.82;152.57;;;
37.288980;-2.019708;355;0;4;256;4335;13.84;152.55;;;
37.289065;-2.019908;356;0;5;257;4334;13.86;152.53;;;
37.289195;-2.020061;356;0;5;257;4334;13.88;152.51;;;
37.289323;-2.020215;357;0;6;258;4333;13.9;152.49;;;
37.289398;-2.020416;359;0;6;260;4331;13.92;152.47;;;
37.289427;-2.020639;360;0;6;261;4330;13.94;152.45;;;
37.289455;-2.020863;362;0;6;263;4328;13.96;152.43;;;
37.289506;-2.021079;363;0;6;264;4327;13.98;152.41;;;
37.289560;-2.021295;364;0;6;265;4326;14;152.39;;;
37.289611;-2.021511;366;0;5;267;4324;14.02;152.37;;;
37.289619;-2.021737;366;0;5;267;4324;14.04;152.35;;;
37.289596;-2.021961;367;0;6;268;4323;14.06;152.33;;;
37.289580;-2.022185;368;0;6;269;4322;14.08;152.31;;;
37.289604;-2.022407;369;0;6;270;4321;14.1;152.29;;;
37.289653;-2.022625;371;0;7;272;4319;14.12;152.27;;;
37.289679;-2.022847;372;0;6;274;4317;14.14;152.25;;;
37.289680;-2.023073;374;0;7;275;4316;14.16;152.23;;;
37.289680;-2.023300;375;0;7;276;4315;14.18;152.21;;;
37.289624;-2.023514;376;0;6;277;4314;14.2;152.19;;;
37.289544;-2.023716;376;0;5;278;4313;14.22;152.17;;;
37.289492;-2.023926;379;0;5;280;4311;14.24;152.15;;;
37.289500;-2.024152;379;0;5;281;4310;14.26;152.13;;;
37.289507;-2.024378;380;0;5;281;4310;14.28;152.11;;;
37.289510;-2.024604;381;0;5;282;4309;14.3;152.09;;;
37.289510;-2.024830;382;0;4;283;4308;14.32;152.07;;;
37.289510;-2.025056;383;0;4;285;4306;14.34;152.05;;;
37.289524;-2.025281;384;0;5;285;4306;14.36;152.03;;;
37.289536;-2.025506;384;0;5;286;4305;14.38;152.01;;;
37.289507;-2.025728;385;0;5;286;4305;14.4;151.99;;;
37.289461;-2.025946;386;0;4;287;4304;14.42;151.97;;;
37.289362;-2.026135;388;0;5;289;4302;14.44;151.95;;;
37.289266;-2.026326;389;0;5;290;4301;14.46;151.93;;;
37.289187;-2.026529;389;0;5;291;4300;14.48;151.91;;;
37.289104;-2.026729;390;0;6;291;4300;14.5;151.89;;;
37.288986;-2.026893;392;0;5;293;4298;14.52;151.87;;;
37.288810;-2.026939;393;0;4;294;4297;14.54;151.85;;;
37.288634;-2.026986;394;0;5;295;4296;14.56;151.83;;;
37.288458;-2.027033;395;0;4;296;4295;14.58;151.81;;;
37.288317;-2.027165;395;0;3;297;4294;14.6;151.79;;;
37.288188;-2.027323;396;0;3;297;4294;14.62;151.77;;;
37.288059;-2.027481;397;0;2;298;4293;14.64;151.75;;;
37.287960;-2.027659;397;0;2;298;4293;14.66;151.73;;;
37.287929;-2.027882;397;0;1;299;4292;14.68;151.71;;;
37.287887;-2.028101;398;0;0;299;4292;14.7;151.69;;;
37.287840;-2.028319;398;0;0;299;4292;14.72;151.67;;;
37.287823;-2.028543;397;0;0;299;4292;14.74;151.65;;;
37.287884;-2.028742;397;0;1;299;4292;14.76;151.63;;;
37.288047;-2.028766;397;0;2;299;4292;14.78;151.61;;;
37.288137;-2.028575;397;0;2;299;4292;14.8;151.59;;;
37.288193;-2.028360;398;0;3;300;4291;14.82;151.57;;;
37.288283;-2.028169;400;0;4;301;4290;14.84;151.55;;;
37.288428;-2.028050;400;0;5;302;4289;14.86;151.53;;;
37.288604;-2.028075;402;0;6;303;4288;14.88;151.51;;;
37.288728;-2.028234;402;0;6;304;4287;14.9;151.49;;;
37.288772;-2.028439;403;0;5;305;4286;14.92;151.47;;;
37.288756;-2.028664;405;0;6;307;4284;14.94;151.45;;;
37.288802;-2.028871;406;0;5;308;4283;14.96;151.43;;;
37.288965;-2.028966;408;0;6;309;4282;14.98;151.41;;;
37.289133;-2.029048;408;0;5;310;4281;15;151.39;;;
37.289269;-2.029184;409;0;5;311;4280;15.02;151.37;;;
37.289358;-2.029377;410;0;5;312;4279;15.04;151.35;;;
37.289407;-2.029594;411;0;5;313;4278;15.06;151.33;;;
37.289439;-2.029816;412;0;5;314;4277;15.08;151.31;;;
37.289440;-2.030042;413;0;5;315;4276;15.1;151.29;;;
37.289470;-2.030262;415;0;6;317;4274;15.12;151.27;;;
37.289624;-2.030344;416;0;6;317;4274;15.14;151.25;;;
37.289788;-2.030265;416;0;6;317;4274;15.16;151.23;;;
37.289927;-2.030122;418;0;7;319;4272;15.18;151.21;;;
37.290047;-2.029960;420;0;6;322;4269;15.2;151.19;;;
37.290094;-2.029745;421;0;7;323;4268;15.22;151.17;;;
37.290085;-2.029521;422;0;8;324;4267;15.24;151.15;;;
37.290076;-2.029302;424;0;7;325;4266;15.26;151.13;;;
37.290221;-2.029221;425;0;6;326;4265;15.28;151.11;;;
37.290283;-2.029426;427;0;7;329;4262;15.3;151.09;;;
37.290289;-2.029651;428;0;7;329;4262;15.32;151.07;;;
37.290296;-2.029877;428;0;6;330;4261;15.34;151.05;;;
37.290282;-2.030101;430;0;6;332;4259;15.36;151.03;;;
37.290208;-2.030303;431;0;6;333;4258;15.38;151.01;;;
37.290081;-2.030463;433;0;6;334;4257;15.4;150.99;;;
37.289947;-2.030612;434;0;6;336;4255;15.42;150.97;;;
37.289784;-2.030705;435;0;5;336;4255;15.44;150.95;;;
37.289618;-2.030791;436;0;5;338;4253;15.46;150.93;;;
37.289451;-2.030877;437;0;4;339;4252;15.48;150.91;;;
37.289280;-2.030930;438;0;4;340;4251;15.5;150.89;;;
37.289117;-2.030857;439;0;4;341;4250;15.52;150.87;;;
37.288992;-2.030694;439;0;4;341;4250;15.54;150.85;;;
37.288908;-2.030500;440;0;4;342;4249;15.56;150.83;;;
37.288894;-2.030276;441;0;4;342;4249;15.58;150.81;;;
37.288866;-2.030054;441;0;5;343;4248;15.6;150.79;;;
37.288808;-2.029840;442;0;6;344;4247;15.62;150.77;;;
37.288683;-2.029712;444;0;6;346;4245;15.64;150.75;;;
37.288542;-2.029839;445;0;6;346;4245;15.66;150.73;;;
37.288460;-2.030040;446;0;7;348;4243;15.68;150.71;;;
37.288477;-2.030259;449;0;7;350;4241;15.7;150.69;;;
37.288582;-2.030443;450;0;7;351;4240;15.72;150.67;;;
37.288686;-2.030626;451;0;8;353;4238;15.74;150.65;;;
37.288763;-2.030830;453;0;8;354;4237;15.76;150.63;;;
37.288818;-2.031045;454;0;7;356;4235;15.78;150.61;;;
37.288871;-2.031262;455;0;7;357;4234;15.8;150.59;;;
37.289005;-2.031399;457;0;7;359;4232;15.82;150.57;;;
37.289179;-2.031433;459;0;7;361;4230;15.84;150.55;;;
37.289356;-2.031393;460;0;7;362;4229;15.86;150.53;;;
37.289502;-2.031474;461;0;7;363;4228;15.88;150.51;;;
37.289524;-2.031683;462;0;6;364;4227;15.9;150.49;;;
37.289441;-2.031881;464;0;5;366;4225;15.92;150.47;;;
37.289347;-2.032074;465;0;6;367;4224;15.94;150.45;;;
37.289271;-2.032277;466;0;7;368;4223;15.96;150.43;;;
37.289262;-2.032503;467;0;6;369;4222;15.98;150.41;;;
37.289301;-2.032723;467;0;6;369;4222;16;150.39;7;summit;3
37.289347;-2.032941;470;0;5;372;4219;16.02;150.37;;;
37.289379;-2.033164;471;0;4;373;4218;16.04;150.35;;;
37.289871;-2.033405;472;0;1;374;4217;16.12;150.27;;;
37.290050;-2.033392;472;0;1;375;4216;16.14;150.25;;;
37.290230;-2.033378;473;0;0;375;4216;16.16;150.23;;;
37.290409;-2.033364;473;0;0;375;4216;16.18;150.21;;;
37.290589;-2.033350;473;0;0;375;4216;16.2;150.19;;;
37.290766;-2.033386;473;0;-1;375;4216;16.22;150.17;;;
37.291206;-2.033757;471;0;-4;375;4216;16.28;150.11;;;
37.291324;-2.033927;470;0;-5;375;4216;16.3;150.09;;;
37.291442;-2.034098;470;0;-5;375;4216;16.32;150.07;;;
37.291560;-2.034269;469;0;-6;375;4216;16.34;150.05;;;
37.291678;-2.034440;467;0;-6;375;4216;16.36;150.03;;;
37.291795;-2.034611;466;0;-6;375;4216;16.38;150.01;;;
37.292304;-2.035245;461;0;-5;375;4216;16.46;149.93;;;
37.292449;-2.035380;460;0;-5;375;4216;16.48;149.91;;;
37.292602;-2.035498;459;0;-4;375;4216;16.5;149.89;;;
37.292757;-2.035613;459;0;-4;375;4216;16.52;149.87;;;
37.292911;-2.035729;458;0;-3;375;4216;16.54;149.85;;;
37.293530;-2.036190;456;0;0;375;4216;16.62;149.77;;;
37.293685;-2.036305;456;0;1;375;4216;16.64;149.75;;;
37.293840;-2.036420;456;0;1;375;4216;16.66;149.73;;;
37.293944;-2.036604;456;0;2;376;4215;16.68;149.71;;;
37.294035;-2.036799;457;0;2;377;4214;16.7;149.69;;;
37.294096;-2.037011;458;0;3;377;4214;16.72;149.67;;;
37.294268;-2.037654;459;0;2;379;4212;16.78;149.61;;;
37.294322;-2.037870;460;0;2;379;4212;16.8;149.59;;;
37.294375;-2.038086;460;0;1;380;4211;16.82;149.57;;;
37.294429;-2.038302;460;0;1;380;4211;16.84;149.55;;;
37.294482;-2.038517;460;0;1;380;4211;16.86;149.53;;;
37.294538;-2.038732;461;0;0;380;4211;16.88;149.51;;;
37.295123;-2.039115;461;0;0;380;4211;16.96;149.43;;;
37.295297;-2.039066;461;0;0;381;4210;16.98;149.41;;;
37.295468;-2.038997;461;0;0;381;4210;17;149.39;;;
37.295639;-2.038927;461;0;0;381;4210;17.02;149.37;;;
37.295810;-2.038857;461;0;0;381;4210;17.04;149.35;;;
37.296491;-2.038566;461;0;-1;381;4210;17.12;149.27;;;
37.296661;-2.038492;460;0;-2;381;4210;17.14;149.25;;;
37.296834;-2.038436;460;0;-2;381;4210;17.16;149.23;;;
37.297010;-2.038460;460;0;-2;381;4210;17.18;149.21;;;
37.297168;-2.038566;459;0;-2;381;4210;17.2;149.19;;;
37.297326;-2.038675;459;0;-2;381;4210;17.22;149.17;;;
37.297755;-2.039074;457;0;-3;381;4210;17.28;149.11;;;
37.297824;-2.039279;457;0;-3;381;4210;17.3;149.09;;;
37.297851;-2.039502;456;0;-3;381;4210;17.32;149.07;;;
37.297859;-2.039728;455;0;-4;381;4210;17.34;149.05;;;
37.297866;-2.039954;454;0;-4;381;4210;17.36;149.03;;;
37.297874;-2.040180;454;0;-4;381;4210;17.38;149.01;;;
37.297904;-2.041084;451;0;-4;381;4210;17.46;148.93;;;
37.297911;-2.041310;450;0;-4;381;4210;17.48;148.91;;;
37.297919;-2.041535;449;0;-4;381;4210;17.5;148.89;;;
37.297926;-2.041761;448;0;-4;381;4210;17.52;148.87;;;
37.297934;-2.041987;447;0;-4;381;4210;17.54;148.85;;;
37.297989;-2.042886;445;0;-3;381;4210;17.62;148.77;;;
37.298126;-2.043029;443;0;-2;381;4210;17.64;148.75;;;
37.298287;-2.043110;443;0;-1;381;4210;17.66;148.73;;;
37.298467;-2.043110;443;0;-1;381;4210;17.68;148.71;;;
37.298645;-2.043076;443;0;0;381;4210;17.7;148.69;;;
37.298822;-2.043038;443;0;1;382;4209;17.72;148.67;;;
37.299355;-2.042932;445;0;3;383;4208;17.78;148.61;;;
37.299534;-2.042913;446;0;3;384;4207;17.8;148.59;;;
37.299710;-2.042949;446;0;3;385;4206;17.82;148.57;;;
37.299885;-2.043004;447;0;2;385;4206;17.84;148.55;;;
37.300059;-2.043060;447;0;1;386;4205;17.86;148.53;;;
37.300232;-2.043120;448;0;1;386;4205;17.88;148.51;;;
37.300832;-2.043602;447;0;1;386;4205;17.96;148.43;;;
37.300996;-2.043688;447;0;1;386;4205;17.98;148.41;;;
37.301171;-2.043738;447;0;2;386;4205;18;148.39;;;
37.301349;-2.043769;448;0;3;387;4204;18.02;148.37;;;
37.301527;-2.043800;449;0;4;388;4203;18.04;148.35;;;
37.302235;-2.043954;453;0;6;392;4199;18.12;148.27;;;
37.302389;-2.044069;454;0;7;393;4198;18.14;148.25;;;
37.302518;-2.044222;456;0;7;395;4196;18.16;148.23;;;
37.302624;-2.044405;458;0;6;397;4194;18.18;148.21;;;
37.302730;-2.044588;459;0;6;398;4193;18.2;148.19;;;
37.302836;-2.044771;460;0;5;400;4191;18.22;148.17;;;
37.303155;-2.045317;462;0;4;401;4190;18.28;148.11;;;
37.303272;-2.045489;463;0;4;402;4189;18.3;148.09;;;
37.303393;-2.045655;464;0;4;403;4188;18.32;148.07;;;
37.303531;-2.045800;465;0;4;404;4187;18.34;148.05;;;
37.303669;-2.045945;466;0;4;405;4186;18.36;148.03;;;
37.303807;-2.046090;467;0;3;406;4185;18.38;148.01;;;
37.304305;-2.046725;467;0;-1;407;4184;18.46;147.93;;;
37.304340;-2.046946;467;0;-2;407;4184;18.48;147.91;;;
37.304340;-2.047172;466;0;-2;407;4184;18.5;147.89;;;
37.304347;-2.047398;466;0;-3;407;4184;18.52;147.87;;;
37.304364;-2.047623;465;0;-3;407;4184;18.54;147.85;;;
37.304750;-2.048366;463;0;-2;407;4184;18.62;147.77;;;
37.304873;-2.048532;462;0;-2;407;4184;18.64;147.75;;;
37.304995;-2.048697;462;0;-1;407;4184;18.66;147.73;;;
37.305118;-2.048863;462;0;-1;407;4184;18.68;147.71;;;
37.305240;-2.049029;462;0;-1;407;4184;18.7;147.69;;;
37.305363;-2.049194;462;0;-1;407;4184;18.72;147.67;;;
37.305730;-2.049692;461;0;-1;407;4184;18.78;147.61;;;
37.305852;-2.049857;461;0;-1;407;4184;18.8;147.59;;;
37.305974;-2.050023;461;0;-1;407;4184;18.82;147.57;;;
37.306098;-2.050187;461;0;-2;407;4184;18.84;147.55;;;
37.306244;-2.050319;461;0;-2;407;4184;18.86;147.53;;;
37.306410;-2.050397;460;0;-3;407;4184;18.88;147.51;;;
37.307123;-2.050484;457;0;-5;407;4184;18.96;147.43;;;
37.307302;-2.050486;455;0;-6;407;4184;18.98;147.41;;;
37.307482;-2.050488;454;0;-6;407;4184;19;147.39;;;
37.307662;-2.050490;453;0;-6;407;4184;19.02;147.37;;;
37.307841;-2.050509;452;0;-6;407;4184;19.04;147.35;;;
37.308224;-2.051202;447;0;-6;407;4184;19.12;147.27;;;
37.308247;-2.051427;445;0;-6;407;4184;19.14;147.25;;;
37.308270;-2.051651;444;0;-6;407;4184;19.16;147.23;;;
37.308304;-2.051873;444;0;-6;407;4184;19.18;147.21;;;
37.308364;-2.052083;443;0;-7;407;4184;19.2;147.19;;;
37.308449;-2.052283;440;0;-7;407;4184;19.22;147.17;;;
37.308831;-2.052757;435;0;-8;407;4184;19.28;147.11;;;
37.308983;-2.052877;435;0;-8;407;4184;19.3;147.09;;;
37.309138;-2.052991;433;0;-8;407;4184;19.32;147.07;;;
37.309293;-2.053106;431;0;-8;407;4184;19.34;147.05;;;
37.309448;-2.053220;430;0;-8;407;4184;19.36;147.03;;;
37.309603;-2.053335;428;0;-8;407;4184;19.38;147.01;;;
37.310223;-2.053794;422;0;-6;407;4184;19.46;146.93;;;
37.310378;-2.053908;421;0;-5;407;4184;19.48;146.91;;;
37.310533;-2.054023;421;0;-4;407;4184;19.5;146.89;;;
37.310688;-2.054138;420;0;-4;407;4184;19.52;146.87;;;
37.310844;-2.054251;419;0;-3;407;4184;19.54;146.85;;;
37.311410;-2.053865;417;0;-3;407;4184;19.62;146.77;;;
37.311517;-2.053683;416;0;-4;407;4184;19.64;146.75;;;
37.311671;-2.053571;416;0;-4;407;4184;19.66;146.73;;;
37.311848;-2.053550;415;0;-4;407;4184;19.68;146.71;;;
37.312021;-2.053607;414;0;-4;407;4184;19.7;146.69;;;
37.312194;-2.053669;413;0;-4;407;4184;19.72;146.67;;;
37.312713;-2.053854;411;0;-4;407;4184;19.78;146.61;;;
37.312887;-2.053913;410;0;-4;407;4184;19.8;146.59;;;
37.313065;-2.053943;410;0;-4;407;4184;19.82;146.57;;;
37.313232;-2.053877;409;0;-4;407;4184;19.84;146.55;;;
37.313389;-2.053768;408;0;-5;407;4184;19.86;146.53;;;
37.313541;-2.053648;407;0;-5;407;4184;19.88;146.51;;;
37.314172;-2.053230;403;0;-3;407;4184;19.96;146.43;;;
37.314347;-2.053180;402;0;-3;407;4184;19.98;146.41;;;
37.314524;-2.053134;402;0;-2;407;4184;20;146.39;;;
37.314700;-2.053088;401;0;-2;407;4184;20.02;146.37;;;
37.314876;-2.053042;401;0;-2;407;4184;20.04;146.35;;;
37.315588;-2.052948;400;0;-3;407;4184;20.12;146.27;;;
37.315768;-2.052956;399;0;-3;407;4184;20.14;146.25;;;
37.315948;-2.052964;398;0;-3;407;4184;20.16;146.23;;;
37.316128;-2.052972;397;0;-3;407;4184;20.18;146.21;;;
37.316307;-2.052979;397;0;-3;407;4184;20.2;146.19;;;
37.316487;-2.052987;396;0;-3;407;4184;20.22;146.17;;;
37.317008;-2.053139;394;0;-3;407;4184;20.28;146.11;;;
37.317167;-2.053245;394;0;-3;407;4184;20.3;146.09;;;
37.317324;-2.053354;393;0;-4;407;4184;20.32;146.07;;;
37.317481;-2.053464;393;0;-4;407;4184;20.34;146.05;;;
37.317639;-2.053573;392;0;-4;407;4184;20.36;146.03;;;
37.317796;-2.053683;391;0;-5;407;4184;20.38;146.01;;;
37.318396;-2.054178;386;0;-7;407;4184;20.46;145.93;;;
37.318540;-2.054314;385;0;-7;407;4184;20.48;145.91;;;
37.318684;-2.054449;383;0;-7;407;4184;20.5;145.89;;;
37.318837;-2.054557;382;0;-7;407;4184;20.52;145.87;;;
37.319015;-2.054589;379;0;-6;407;4184;20.54;145.85;;;
37.319195;-2.054579;378;0;-5;407;4184;20.56;145.83;;;
37.319374;-2.054573;377;0;-5;407;4184;20.58;145.81;;;
37.319554;-2.054589;376;0;-4;407;4184;20.6;145.79;;;
37.319722;-2.054667;376;0;-2;407;4184;20.62;145.77;;;
37.319891;-2.054746;376;0;-1;407;4184;20.64;145.75;;;
37.320059;-2.054826;376;0;0;407;4184;20.66;145.73;;;
37.320228;-2.054905;376;0;0;407;4184;20.68;145.71;;;
37.320396;-2.054984;376;0;0;407;4184;20.7;145.69;;;
37.320565;-2.055064;376;0;1;407;4184;20.72;145.67;;;
37.320733;-2.055143;377;0;1;408;4183;20.74;145.65;;;
37.320901;-2.055223;377;0;1;408;4183;20.76;145.63;;;
37.321070;-2.055303;377;0;0;408;4183;20.78;145.61;;;
37.321238;-2.055383;377;0;-1;408;4183;20.8;145.59;;;
37.321407;-2.055440;377;0;-2;408;4183;20.82;145.57;;;
37.321578;-2.055371;377;0;-2;408;4183;20.84;145.55;;;
37.321745;-2.055286;376;0;-3;408;4183;20.86;145.53;;;
37.321911;-2.055201;375;0;-3;408;4183;20.88;145.51;;;
37.322078;-2.055117;374;0;-3;408;4183;20.9;145.49;;;
37.322247;-2.055045;374;0;-3;408;4183;20.92;145.47;;;
37.322427;-2.055025;373;0;-2;408;4183;20.94;145.45;;;
37.322604;-2.055046;373;0;-2;408;4183;20.96;145.43;;;
37.322779;-2.055098;373;0;-1;408;4183;20.98;145.41;;;
37.322954;-2.055149;373;0;-1;408;4183;21;145.39;;;
37.323130;-2.055167;372;0;-1;408;4183;21.02;145.37;;;
37.323308;-2.055133;372;0;-1;408;4183;21.04;145.35;;;
37.323486;-2.055099;372;0;-1;408;4183;21.06;145.33;;;
37.323654;-2.055023;372;0;-1;408;4183;21.08;145.31;;;
37.323775;-2.054857;372;0;-2;408;4183;21.1;145.29;;;
37.323893;-2.054686;371;0;-3;408;4183;21.12;145.27;;;
37.323997;-2.054502;371;0;-3;408;4183;21.14;145.25;;;
37.324134;-2.054356;370;0;-4;408;4183;21.16;145.23;;;
37.324295;-2.054265;369;0;-4;408;4183;21.18;145.21;;;
37.324467;-2.054198;368;0;-4;408;4183;21.2;145.19;;;
37.324639;-2.054131;367;0;-4;408;4183;21.22;145.17;;;
37.324804;-2.054044;367;0;-4;408;4183;21.24;145.15;;;
37.324935;-2.053891;366;0;-4;408;4183;21.26;145.13;;;
37.325048;-2.053715;365;0;-4;408;4183;21.28;145.11;;;
37.325162;-2.053540;365;0;-4;408;4183;21.3;145.09;;;
37.325275;-2.053364;364;0;-4;408;4183;21.32;145.07;;;
37.325389;-2.053189;363;0;-5;408;4183;21.34;145.05;;;
37.325463;-2.052986;362;0;-5;408;4183;21.36;145.03;;;
37.325493;-2.052763;361;0;-6;408;4183;21.38;145.01;;;
37.325523;-2.052540;360;0;-7;408;4183;21.4;144.99;;;
37.325552;-2.052317;358;0;-7;408;4183;21.42;144.97;;;
37.325617;-2.052110;357;0;-7;408;4183;21.44;144.95;;;
37.325770;-2.051996;355;0;-7;408;4183;21.46;144.93;;;
37.325940;-2.051946;353;0;-7;408;4183;21.48;144.91;;;
37.326120;-2.051960;352;0;-7;408;4183;21.5;144.89;;;
37.326299;-2.051975;351;0;-8;408;4183;21.52;144.87;;;
37.326479;-2.051989;350;0;-7;408;4183;21.54;144.85;;;
37.326635;-2.051881;348;0;-7;408;4183;21.56;144.83;;;
37.326783;-2.051752;346;0;-7;408;4183;21.58;144.81;;;
37.326930;-2.051624;345;0;-7;408;4183;21.6;144.79;;;
37.327078;-2.051495;343;0;-8;408;4183;21.62;144.77;;;
37.327238;-2.051393;342;0;-7;408;4183;21.64;144.75;;;
37.327404;-2.051306;340;0;-7;408;4183;21.66;144.73;;;
37.327564;-2.051206;339;0;-7;408;4183;21.68;144.71;;;
37.327657;-2.051017;337;0;-7;408;4183;21.7;144.69;;;
37.327724;-2.050807;336;0;-7;408;4183;21.72;144.67;;;
37.327791;-2.050597;336;0;-7;408;4183;21.74;144.65;;;
37.327874;-2.050396;334;0;-7;408;4183;21.76;144.63;;;
37.328012;-2.050258;333;0;-7;408;4183;21.78;144.61;;;
37.328170;-2.050151;330;0;-8;408;4183;21.8;144.59;;;
37.328323;-2.050032;329;0;-8;408;4183;21.82;144.57;;;
37.328450;-2.049875;328;0;-7;408;4183;21.84;144.55;;;
37.328556;-2.049693;326;0;-6;408;4183;21.86;144.53;;;
37.328662;-2.049510;324;0;-5;408;4183;21.88;144.51;;;
37.328775;-2.049335;322;0;-6;408;4183;21.9;144.49;;;
37.328915;-2.049194;322;0;-7;408;4183;21.92;144.47;;;
37.329056;-2.049053;322;0;-7;408;4183;21.94;144.45;;;
37.329197;-2.048912;321;0;-6;408;4183;21.96;144.43;;;
37.329338;-2.048772;319;0;-6;408;4183;21.98;144.41;;;
37.329479;-2.048631;316;0;-6;408;4183;22;144.39;;;
37.329647;-2.048553;315;0;-6;408;4183;22.02;144.37;;;
37.329823;-2.048520;314;0;-6;408;4183;22.04;144.35;;;
37.330003;-2.048506;314;0;-5;408;4183;22.06;144.33;;;
37.330182;-2.048492;313;0;-4;408;4183;22.08;144.31;;;
37.330360;-2.048469;313;0;-3;408;4183;22.1;144.29;;;
37.330517;-2.048365;312;0;-4;408;4183;22.12;144.27;;;
37.330615;-2.048177;311;0;-4;408;4183;22.14;144.25;;;
37.330692;-2.047972;310;0;-4;408;4183;22.16;144.23;;;
37.330771;-2.047770;310;0;-5;408;4183;22.18;144.21;;;
37.330872;-2.047582;308;0;-5;408;4183;22.2;144.19;;;
37.331009;-2.047442;307;0;-4;408;4183;22.22;144.17;;;
37.331160;-2.047320;306;0;-4;408;4183;22.24;144.15;;;
37.331312;-2.047198;305;0;-4;408;4183;22.26;144.13;;;
37.331463;-2.047076;305;0;-3;408;4183;22.28;144.11;;;
37.331615;-2.046954;304;0;-3;408;4183;22.3;144.09;;;
37.331757;-2.046816;304;0;-3;408;4183;22.32;144.07;;;
37.331873;-2.046644;303;0;-2;408;4183;22.34;144.05;;;
37.331960;-2.046447;303;0;-2;408;4183;22.36;144.03;;;
37.332011;-2.046231;302;0;-2;408;4183;22.38;144.01;;;
37.332063;-2.046014;302;0;-1;408;4183;22.4;143.99;;;
37.332114;-2.045797;301;0;-1;408;4183;22.42;143.97;;;
37.332165;-2.045580;301;0;0;408;4183;22.44;143.95;;;
37.332216;-2.045363;301;0;0;408;4183;22.46;143.93;;;
37.332267;-2.045146;302;0;0;409;4182;22.48;143.91;;;
37.332319;-2.044930;302;0;1;409;4182;22.5;143.89;;;
37.332370;-2.044713;302;0;1;409;4182;22.52;143.87;;;
37.332445;-2.044508;302;0;1;409;4182;22.54;143.85;;;
37.332556;-2.044335;302;0;1;409;4182;22.56;143.83;;;
37.332690;-2.044184;303;0;1;410;4181;22.58;143.81;;;
37.332831;-2.044044;303;0;1;410;4181;22.6;143.79;;;
37.332974;-2.043907;303;0;1;410;4181;22.62;143.77;;;
37.333117;-2.043770;303;0;1;410;4181;22.64;143.75;;;
37.333261;-2.043633;303;0;1;410;4181;22.66;143.73;;;
37.333404;-2.043497;303;0;1;410;4181;22.68;143.71;;;
37.333548;-2.043360;303;0;1;410;4181;22.7;143.69;;;
37.333699;-2.043238;304;0;1;411;4180;22.72;143.67;;;
37.333853;-2.043122;304;0;1;411;4180;22.74;143.65;;;
37.334011;-2.043014;304;0;0;411;4180;22.76;143.63;;;
37.334171;-2.042911;304;0;0;411;4180;22.78;143.61;;;
37.334331;-2.042808;304;0;-1;411;4180;22.8;143.59;;;
37.334484;-2.042689;304;0;-2;411;4180;22.82;143.57;;;
37.334630;-2.042557;304;0;-2;411;4180;22.84;143.55;;;
37.334755;-2.042397;303;0;-3;411;4180;22.86;143.53;;;
37.334846;-2.042202;302;0;-4;411;4180;22.88;143.51;;;
37.334934;-2.042005;301;0;-4;411;4180;22.9;143.49;;;
37.334994;-2.041792;300;0;-4;411;4180;22.92;143.47;;;
37.335029;-2.041570;299;0;-4;411;4180;22.94;143.45;;;
37.335064;-2.041348;298;0;-4;411;4180;22.96;143.43;;;
37.335099;-2.041126;297;0;-3;411;4180;22.98;143.41;;;
37.335133;-2.040904;297;0;-2;411;4180;23;143.39;;;
37.335168;-2.040682;296;0;-2;411;4180;23.02;143.37;;;
37.335238;-2.040476;296;0;-1;411;4180;23.04;143.35;;;
37.335336;-2.040286;296;0;0;411;4180;23.06;143.33;;;
37.335472;-2.040141;296;0;0;411;4180;23.08;143.31;;;
37.335630;-2.040036;296;0;1;411;4180;23.1;143.29;;;
37.335798;-2.039954;297;0;1;412;4179;23.12;143.27;;;
37.335966;-2.039873;297;0;1;412;4179;23.14;143.25;;;
37.336133;-2.039791;297;0;1;412;4179;23.16;143.23;;;
37.336301;-2.039710;298;0;1;413;4178;23.18;143.21;;;
37.336469;-2.039629;298;0;0;413;4178;23.2;143.19;;;
37.336635;-2.039540;298;0;0;413;4178;23.22;143.17;;;
37.336793;-2.039435;298;0;-1;413;4178;23.24;143.15;;;
37.336922;-2.039278;297;0;-2;413;4178;23.26;143.13;;;
37.337052;-2.039121;297;0;-2;413;4178;23.28;143.11;;;
37.337182;-2.038964;296;0;-3;413;4178;23.3;143.09;;;
37.337311;-2.038807;296;0;-3;413;4178;23.32;143.07;;;
37.337419;-2.038633;295;0;-3;413;4178;23.34;143.05;;;
37.337479;-2.038419;295;0;-3;413;4178;23.36;143.03;;;
37.337513;-2.038198;294;0;-3;413;4178;23.38;143.01;;;
37.337540;-2.037974;293;0;-4;413;4178;23.4;142.99;;;
37.337568;-2.037751;293;0;-4;413;4178;23.42;142.97;;;
37.337596;-2.037527;292;0;-4;413;4178;23.44;142.95;;;
37.337624;-2.037304;291;0;-5;413;4178;23.46;142.93;;;
37.337652;-2.037080;290;0;-5;413;4178;23.48;142.91;;;
37.337680;-2.036857;289;0;-5;413;4178;23.5;142.89;;;
37.337708;-2.036633;288;0;-5;413;4178;23.52;142.87;;;
37.337736;-2.036410;287;0;-5;413;4178;23.54;142.85;;;
37.337764;-2.036186;286;0;-6;413;4178;23.56;142.83;;;
37.337792;-2.035963;285;0;-5;413;4178;23.58;142.81;;;
37.337820;-2.035739;284;0;-5;413;4178;23.6;142.79;;;
37.337863;-2.035522;283;0;-4;413;4178;23.62;142.77;;;
37.337947;-2.035322;281;0;-5;413;4178;23.64;142.75;;;
37.338095;-2.035199;280;0;-5;413;4178;23.66;142.73;;;
37.338262;-2.035134;280;0;-6;413;4178;23.68;142.71;;;
37.338438;-2.035173;279;0;-6;413;4178;23.7;142.69;;;
37.338605;-2.035257;278;0;-6;413;4178;23.72;142.67;;;
37.338746;-2.035396;276;0;-6;413;4178;23.74;142.65;;;
37.338887;-2.035537;275;0;-7;413;4178;23.76;142.63;;;
37.339028;-2.035678;273;0;-8;413;4178;23.78;142.61;;;
37.339169;-2.035819;272;0;-8;413;4178;23.8;142.59;;;
37.339310;-2.035959;270;0;-7;413;4178;23.82;142.57;;;
37.339451;-2.036100;268;0;-7;413;4178;23.84;142.55;;;
37.339591;-2.036241;267;0;-7;413;4178;23.86;142.53;;;
37.339728;-2.036387;266;0;-6;413;4178;23.88;142.51;;;
37.339825;-2.036577;265;0;-6;413;4178;23.9;142.49;;;
37.339919;-2.036770;264;0;-5;413;4178;23.92;142.47;;;
37.340012;-2.036963;263;0;-4;413;4178;23.94;142.45;;;
37.340099;-2.037162;262;0;-4;413;4178;23.96;142.43;;;
37.340181;-2.037362;261;0;-4;413;4178;23.98;142.41;;;
37.340264;-2.037563;260;0;-4;413;4178;24;142.39;;;
37.340347;-2.037764;260;0;-4;413;4178;24.02;142.37;;;
37.340477;-2.037920;259;0;-5;413;4178;24.04;142.35;;;
37.340629;-2.038026;258;0;-5;413;4178;24.06;142.33;;;
37.340808;-2.038034;257;0;-5;413;4178;24.08;142.31;;;
37.340986;-2.038004;256;0;-5;413;4178;24.1;142.29;;;
37.341164;-2.037969;254;0;-5;413;4178;24.12;142.27;;;
37.341342;-2.037943;253;0;-5;413;4178;24.14;142.25;;;
37.341517;-2.037986;252;0;-5;413;4178;24.16;142.23;;;
37.341676;-2.038092;251;0;-5;413;4178;24.18;142.21;;;
37.341834;-2.038199;251;0;-5;413;4178;24.2;142.19;;;
37.341996;-2.038297;250;0;-5;413;4178;24.22;142.17;;;
37.342163;-2.038376;249;0;-5;413;4178;24.24;142.15;;;
37.342296;-2.038525;248;0;-5;413;4178;24.26;142.13;;;
37.342379;-2.038723;246;0;-5;413;4178;24.28;142.11;;;
37.342437;-2.038936;244;0;-5;413;4178;24.3;142.09;8;;
37.342446;-2.039160;244;0;-4;413;4178;24.32;142.07;;;
37.342440;-2.039386;243;0;-4;413;4178;24.34;142.05;;;
37.342399;-2.039606;243;0;-3;413;4178;24.36;142.03;;;
37.342331;-2.039815;242;0;-2;413;4178;24.38;142.01;;;
37.342258;-2.040022;242;0;-2;413;4178;24.4;141.99;;;
37.342230;-2.040238;242;0;-2;413;4178;24.42;141.97;;;
37.342301;-2.040437;241;0;-2;413;4178;24.44;141.95;;;
37.342468;-2.040476;241;0;-2;413;4178;24.46;141.93;;;
37.342648;-2.040461;241;0;-2;413;4178;24.48;141.91;;;
37.342827;-2.040473;240;0;-2;413;4178;24.5;141.89;;;
37.342998;-2.040528;240;0;-2;413;4178;24.52;141.87;;;
37.343160;-2.040627;240;0;-2;413;4178;24.54;141.85;;;
37.343321;-2.040726;239;0;-1;413;4178;24.56;141.83;;;
37.343471;-2.040851;239;0;-1;413;4178;24.58;141.81;;;
37.343616;-2.040984;239;0;0;413;4178;24.6;141.79;;;
37.343762;-2.041117;239;0;1;413;4178;24.62;141.77;;;
37.343908;-2.041250;238;0;3;413;4178;24.64;141.75;;;
37.344056;-2.041373;239;0;4;414;4177;24.66;141.73;;;
37.344228;-2.041437;240;0;6;415;4176;24.68;141.71;;;
37.344406;-2.041469;242;0;7;417;4174;24.7;141.69;;;
37.344571;-2.041551;245;0;8;419;4172;24.72;141.67;;;
37.344699;-2.041707;246;0;8;421;4170;24.74;141.65;;;
37.344797;-2.041896;248;0;7;423;4168;24.76;141.63;;;
37.344877;-2.042099;249;0;7;424;4167;24.78;141.61;;;
37.344958;-2.042301;250;0;5;425;4166;24.8;141.59;;;
37.345029;-2.042508;251;0;5;426;4165;24.82;141.57;;;
37.345083;-2.042724;252;0;4;427;4164;24.84;141.55;;;
37.345133;-2.042940;253;0;4;427;4164;24.86;141.53;;;
37.345157;-2.043165;253;0;4;428;4163;24.88;141.51;;;
37.345180;-2.043389;254;0;3;428;4163;24.9;141.49;;;
37.345203;-2.043613;254;0;3;429;4162;24.92;141.47;;;
37.345227;-2.043838;255;0;2;430;4161;24.94;141.45;;;
37.345250;-2.044062;256;0;2;431;4160;24.96;141.43;;;
37.345226;-2.044283;256;0;1;431;4160;24.98;141.41;;;
37.345166;-2.044496;256;0;1;431;4160;25;141.39;;;
37.345106;-2.044709;256;0;1;431;4160;25.02;141.37;;;
37.345093;-2.044929;256;0;1;431;4160;25.04;141.35;;;
37.345186;-2.045119;256;0;2;431;4160;25.06;141.33;;;
37.345326;-2.045260;257;0;2;432;4159;25.08;141.31;;;
37.345489;-2.045344;257;0;2;432;4159;25.1;141.29;;;
37.345667;-2.045337;258;0;2;433;4158;25.12;141.27;;;
37.345824;-2.045231;259;0;1;434;4157;25.14;141.25;;;
37.345992;-2.045160;260;0;-1;435;4156;25.16;141.23;;;
37.346138;-2.045277;259;0;-2;435;4156;25.18;141.21;;;
37.346167;-2.045496;258;0;-3;435;4156;25.2;141.19;;;
37.346155;-2.045722;257;0;-4;435;4156;25.22;141.17;;;
37.346106;-2.045939;256;0;-4;435;4156;25.24;141.15;;;
37.346056;-2.046157;254;0;-3;435;4156;25.26;141.13;;;
37.346010;-2.046375;253;0;-1;435;4156;25.28;141.11;;;
37.346003;-2.046601;253;0;1;435;4156;25.3;141.09;;;
37.346018;-2.046825;254;0;3;436;4155;25.32;141.07;;;
37.346079;-2.047038;255;0;4;436;4155;25.34;141.05;;;
37.346175;-2.047229;256;0;5;438;4153;25.36;141.03;;;
37.346293;-2.047399;259;0;5;440;4151;25.38;141.01;;;
37.346422;-2.047557;260;0;4;441;4150;25.4;140.99;;;
37.346553;-2.047712;260;0;3;442;4149;25.42;140.97;;;
37.346698;-2.047845;260;0;1;442;4149;25.44;140.95;;;
37.346845;-2.047977;260;0;-1;442;4149;25.46;140.93;;;
37.346991;-2.048108;260;0;-3;442;4149;25.48;140.91;;;
37.347137;-2.048240;259;0;-4;442;4149;25.5;140.89;;;
37.347284;-2.048371;258;0;-4;442;4149;25.52;140.87;;;
37.347422;-2.048515;257;0;-4;442;4149;25.54;140.85;;;
37.347549;-2.048675;256;0;-3;442;4149;25.56;140.83;;;
37.347672;-2.048840;255;0;-2;442;4149;25.58;140.81;;;
37.347792;-2.049009;255;0;0;442;4149;25.6;140.79;;;
37.347908;-2.049181;255;0;1;442;4149;25.62;140.77;;;
37.348020;-2.049358;256;0;2;443;4148;25.64;140.75;;;
37.348133;-2.049534;257;0;3;444;4147;25.66;140.73;;;
37.348245;-2.049711;258;0;4;445;4146;25.68;140.71;;;
37.348346;-2.049898;258;0;4;446;4145;25.7;140.69;;;
37.348439;-2.050091;259;0;4;447;4144;25.72;140.67;;;
37.348511;-2.050299;260;0;3;448;4143;25.74;140.65;;;
37.348576;-2.050510;261;0;3;448;4143;25.76;140.63;;;
37.348640;-2.050721;261;0;3;449;4142;25.78;140.61;;;
37.348705;-2.050932;262;0;3;449;4142;25.8;140.59;;;
37.348769;-2.051143;262;0;2;450;4141;25.82;140.57;;;
37.348834;-2.051355;262;0;2;450;4141;25.84;140.55;;;
37.348898;-2.051566;263;0;2;450;4141;25.86;140.53;;;
37.348963;-2.051777;263;0;2;451;4140;25.88;140.51;;;
37.349016;-2.051993;264;0;2;451;4140;25.9;140.49;;;
37.349068;-2.052210;264;0;2;452;4139;25.92;140.47;;;
37.349120;-2.052426;265;0;3;452;4139;25.94;140.45;;;
37.349172;-2.052643;265;0;3;453;4138;25.96;140.43;;;
37.349224;-2.052859;266;0;2;453;4138;25.98;140.41;;;
37.349276;-2.053076;266;0;2;454;4137;26;140.39;;;
37.349328;-2.053293;267;0;2;454;4137;26.02;140.37;;;
37.349380;-2.053509;267;0;2;455;4136;26.04;140.35;;;
37.349432;-2.053726;268;0;1;455;4136;26.06;140.33;;;
37.349484;-2.053942;268;0;1;456;4135;26.08;140.31;;;
37.349546;-2.054154;268;0;0;456;4135;26.1;140.29;;;
37.349628;-2.054355;268;0;0;456;4135;26.12;140.27;;;
37.349711;-2.054556;268;0;0;456;4135;26.14;140.25;;;
37.349793;-2.054758;267;0;0;456;4135;26.16;140.23;;;
37.349875;-2.054959;267;0;0;456;4135;26.18;140.21;;;
37.349957;-2.055160;268;0;-1;456;4135;26.2;140.19;;;
37.350039;-2.055361;268;0;-1;456;4135;26.22;140.17;;;
37.350131;-2.055554;268;0;-1;456;4135;26.24;140.15;;;
37.350252;-2.055721;268;0;-2;456;4135;26.26;140.13;;;
37.350400;-2.055850;267;0;-2;456;4135;26.28;140.11;;;
37.350548;-2.055979;266;0;-3;456;4135;26.3;140.09;;;
37.350696;-2.056107;265;0;-3;456;4135;26.32;140.07;;;
37.350844;-2.056236;265;0;-3;456;4135;26.34;140.05;;;
37.350992;-2.056365;264;0;-3;456;4135;26.36;140.03;;;
37.351146;-2.056481;264;0;-2;456;4135;26.38;140.01;;;
37.351302;-2.056593;263;0;-2;456;4135;26.4;139.99;;;
37.351473;-2.056657;263;0;-2;456;4135;26.42;139.97;;;
37.351652;-2.056679;262;0;-2;456;4135;26.44;139.95;;;
37.351832;-2.056674;262;0;-3;456;4135;26.46;139.93;;;
37.352011;-2.056663;262;0;-3;456;4135;26.48;139.91;;;
37.352182;-2.056599;261;0;-3;456;4135;26.5;139.89;;;
37.352347;-2.056510;260;0;-3;456;4135;26.52;139.87;;;
37.352512;-2.056421;260;0;-3;456;4135;26.54;139.85;;;
37.352678;-2.056331;259;0;-3;456;4135;26.56;139.83;;;
37.352853;-2.056353;258;0;-3;456;4135;26.58;139.81;;;
37.353020;-2.056434;257;0;-2;456;4135;26.6;139.79;;;
37.353185;-2.056525;257;0;-1;456;4135;26.62;139.77;;;
37.353347;-2.056623;257;0;0;456;4135;26.64;139.75;;;
37.353497;-2.056748;257;0;1;456;4135;26.66;139.73;;;
37.353612;-2.056921;257;0;2;457;4134;26.68;139.71;;;
37.353725;-2.057097;258;0;2;457;4134;26.7;139.69;;;
37.353817;-2.057290;258;0;3;458;4133;26.72;139.67;;;
37.353889;-2.057498;259;0;3;459;4132;26.74;139.65;;;
37.353943;-2.057712;260;0;3;460;4131;26.76;139.63;;;
37.353985;-2.057933;260;0;3;460;4131;26.78;139.61;;;
37.354027;-2.058153;261;0;3;461;4130;26.8;139.59;9;;
37.354068;-2.058373;261;0;2;461;4130;26.82;139.57;;;
37.354110;-2.058593;262;0;2;462;4129;26.84;139.55;;;
37.354152;-2.058813;262;0;1;462;4129;26.86;139.53;;;
37.354186;-2.059035;263;0;1;462;4129;26.88;139.51;;;
37.354191;-2.059259;263;0;0;462;4129;26.9;139.49;;;
37.354171;-2.059484;263;0;-1;462;4129;26.92;139.47;;;
37.354152;-2.059709;263;0;-2;462;4129;26.94;139.45;;;
37.354167;-2.059934;262;0;-2;462;4129;26.96;139.43;;;
37.354187;-2.060159;261;0;-2;462;4129;26.98;139.41;;;
37.354206;-2.060384;260;0;-1;462;4129;27;139.39;;;
37.354225;-2.060609;260;0;0;462;4129;27.02;139.37;;;
37.354244;-2.060834;260;0;1;462;4129;27.04;139.35;;;
37.354259;-2.061059;260;0;2;463;4128;27.06;139.33;;;
37.354273;-2.061285;261;0;3;464;4127;27.08;139.31;;;
37.354286;-2.061511;262;0;4;465;4126;27.1;139.29;;;
37.354299;-2.061736;263;0;4;466;4125;27.12;139.27;;;
37.354270;-2.061959;264;0;4;467;4124;27.14;139.25;;;
37.354237;-2.062182;265;0;4;468;4123;27.16;139.23;;;
37.354213;-2.062405;266;0;3;469;4122;27.18;139.21;;;
37.354254;-2.062623;267;0;2;469;4122;27.2;139.19;;;
37.354313;-2.062837;267;0;2;470;4121;27.22;139.17;;;
37.354373;-2.063051;267;0;1;470;4121;27.24;139.15;;;
37.354432;-2.063264;267;0;1;470;4121;27.26;139.13;;;
37.354500;-2.063474;267;0;1;470;4121;27.28;139.11;;;
37.354571;-2.063681;267;0;1;470;4121;27.3;139.09;;;
37.354643;-2.063889;267;0;1;470;4121;27.32;139.07;;;
37.354667;-2.064112;267;0;1;470;4121;27.34;139.05;;;
37.354680;-2.064338;268;0;1;470;4121;27.36;139.03;;;
37.354680;-2.064564;268;0;1;471;4120;27.38;139.01;;;
37.354663;-2.064788;268;0;1;471;4120;27.4;138.99;;;
37.354661;-2.065012;268;0;1;471;4120;27.42;138.97;;;
37.354783;-2.065178;268;0;1;471;4120;27.44;138.95;;;
37.354918;-2.065327;269;0;1;471;4120;27.46;138.93;;;
37.354999;-2.065528;269;0;0;472;4119;27.48;138.91;;;
37.355074;-2.065733;269;0;0;472;4119;27.5;138.89;;;
37.355123;-2.065951;269;0;0;472;4119;27.52;138.87;;;
37.355148;-2.066174;269;0;1;472;4119;27.54;138.85;;;
37.355160;-2.066400;269;0;1;472;4119;27.56;138.83;;;
37.355172;-2.066625;269;0;1;472;4119;27.58;138.81;;;
37.355171;-2.066850;269;0;3;472;4119;27.6;138.79;;;
37.355144;-2.067074;270;0;3;473;4118;27.62;138.77;;;
37.355118;-2.067298;270;0;4;473;4118;27.64;138.75;;;
37.355107;-2.067522;271;0;4;474;4117;27.66;138.73;;;
37.355128;-2.067747;273;0;3;476;4115;27.68;138.71;;;
37.355126;-2.067973;274;0;3;477;4114;27.7;138.69;;;
37.355088;-2.068191;274;0;3;477;4114;27.72;138.67;;;
37.355045;-2.068410;274;0;2;477;4114;27.74;138.65;;;
37.355013;-2.068633;274;0;1;477;4114;27.76;138.63;;;
37.354975;-2.068854;274;0;1;477;4114;27.78;138.61;;;
37.354926;-2.069071;274;0;1;477;4114;27.8;138.59;;;
37.354871;-2.069287;274;0;1;477;4114;27.82;138.57;;;
37.354803;-2.069496;275;0;1;478;4113;27.84;138.55;;;
37.354734;-2.069705;275;0;1;478;4113;27.86;138.53;;;
37.354665;-2.069914;275;0;1;478;4113;27.88;138.51;;;
37.354611;-2.070129;275;0;1;478;4113;27.9;138.49;;;
37.354572;-2.070350;276;0;1;479;4112;27.92;138.47;;;
37.354559;-2.070575;276;0;1;479;4112;27.94;138.45;;;
37.354548;-2.070801;276;0;0;479;4112;27.96;138.43;;;
37.354524;-2.071024;276;0;0;479;4112;27.98;138.41;;;
37.354476;-2.071242;276;0;0;479;4112;28;138.39;10;;
37.354428;-2.071461;276;0;0;479;4112;28.02;138.37;;;
37.354370;-2.071674;276;0;-1;479;4112;28.04;138.35;;;
37.354296;-2.071880;276;0;-1;479;4112;28.06;138.33;;;
37.354222;-2.072087;275;0;-1;479;4112;28.08;138.31;;;
37.354145;-2.072291;275;0;-1;479;4112;28.1;138.29;;;
37.354051;-2.072483;275;0;-1;479;4112;28.12;138.27;;;
37.353957;-2.072676;275;0;-1;479;4112;28.14;138.25;;;
37.353844;-2.072853;275;0;-1;479;4112;28.16;138.23;;;
37.353730;-2.073028;275;0;-1;479;4112;28.18;138.21;;;
37.353616;-2.073203;275;0;0;479;4112;28.2;138.19;;;
37.353502;-2.073378;275;0;0;479;4112;28.22;138.17;;;
37.353388;-2.073553;274;0;0;479;4112;28.24;138.15;;;
37.353267;-2.073720;274;0;0;479;4112;28.26;138.13;;;
37.353147;-2.073888;274;0;-1;479;4112;28.28;138.11;;;
37.353032;-2.074061;274;0;-1;479;4112;28.3;138.09;;;
37.352991;-2.074278;274;0;-1;479;4112;28.32;138.07;;;
37.353000;-2.074503;274;0;-1;479;4112;28.34;138.05;;;
37.352985;-2.074728;274;0;-2;479;4112;28.36;138.03;;;
37.353024;-2.074944;273;0;-2;479;4112;28.38;138.01;;;
37.353094;-2.075153;273;0;-2;479;4112;28.4;137.99;;;
37.353164;-2.075361;272;0;-2;479;4112;28.42;137.97;;;
37.353235;-2.075569;272;0;-2;479;4112;28.44;137.95;;;
37.353305;-2.075777;272;0;-2;479;4112;28.46;137.93;;;
37.353376;-2.075986;271;0;-2;479;4112;28.48;137.91;;;
37.353448;-2.076193;271;0;-2;479;4112;28.5;137.89;;;
37.353520;-2.076400;270;0;-2;479;4112;28.52;137.87;;;
37.353593;-2.076607;270;0;-2;479;4112;28.54;137.85;;;
37.353666;-2.076814;269;0;-2;479;4112;28.56;137.83;;;
37.353739;-2.077020;269;0;-2;479;4112;28.58;137.81;;;
37.353813;-2.077227;268;0;-2;479;4112;28.6;137.79;;;
37.353887;-2.077433;268;0;-2;479;4112;28.62;137.77;;;
37.353961;-2.077639;268;0;-1;479;4112;28.64;137.75;;;
37.354035;-2.077845;267;0;-1;479;4112;28.66;137.73;;;
37.354109;-2.078052;267;0;0;479;4112;28.68;137.71;;;
37.354183;-2.078258;267;0;0;479;4112;28.7;137.69;;;
37.354257;-2.078464;267;0;1;479;4112;28.72;137.67;;;
37.354330;-2.078671;268;0;2;479;4112;28.74;137.65;;;
37.354401;-2.078879;268;0;2;480;4111;28.76;137.63;;;
37.354466;-2.079090;269;0;4;480;4111;28.78;137.61;;;
37.354531;-2.079301;269;0;6;481;4110;28.8;137.59;;;
37.354596;-2.079512;270;0;5;482;4109;28.82;137.57;;;
37.354639;-2.079730;271;0;5;483;4108;28.84;137.55;;;
37.354619;-2.079955;274;0;6;486;4105;28.86;137.53;;;
37.354622;-2.080179;276;0;7;488;4103;28.88;137.51;;;
37.354648;-2.080403;276;0;7;488;4103;28.9;137.49;;;
37.354621;-2.080625;277;0;8;489;4102;28.92;137.47;;;
37.354569;-2.080842;278;0;7;491;4100;28.94;137.45;;;
37.354507;-2.081053;280;0;7;492;4099;28.96;137.43;;;
37.354420;-2.081251;282;0;8;494;4097;28.98;137.41;;;
37.354331;-2.081448;283;0;8;496;4095;29;137.39;;;
37.354233;-2.081638;285;0;8;498;4093;29.02;137.37;;;
37.354135;-2.081828;287;0;7;500;4091;29.04;137.35;;;
37.354025;-2.082006;288;0;6;501;4090;29.06;137.33;;;
37.353908;-2.082177;289;0;6;502;4089;29.08;137.31;;;
37.353782;-2.082339;290;0;5;503;4088;29.1;137.29;;;
37.353664;-2.082510;291;0;5;504;4087;29.12;137.27;;;
37.353548;-2.082683;292;0;5;504;4087;29.14;137.25;;;
37.353434;-2.082858;293;0;5;505;4086;29.16;137.23;;;
37.353329;-2.083041;294;0;5;506;4085;29.18;137.21;;;
37.353223;-2.083225;295;0;5;508;4083;29.2;137.19;;;
37.353118;-2.083408;296;0;5;509;4082;29.22;137.17;;;
37.353013;-2.083592;297;0;5;510;4081;29.24;137.15;;;
37.352908;-2.083775;299;0;5;511;4080;29.26;137.13;;;
37.352802;-2.083959;299;0;4;512;4079;29.28;137.11;;;
37.352697;-2.084142;300;0;4;512;4079;29.3;137.09;;;
37.352592;-2.084326;301;0;3;513;4078;29.32;137.07;;;
37.352487;-2.084509;301;0;3;514;4077;29.34;137.05;;;
37.352387;-2.084697;302;0;3;514;4077;29.36;137.03;;;
37.352312;-2.084902;302;0;3;515;4076;29.38;137.01;;;
37.352245;-2.085112;303;0;3;515;4076;29.4;136.99;;;
37.352193;-2.085328;304;0;3;516;4075;29.42;136.97;;;
37.352165;-2.085551;304;0;3;517;4074;29.44;136.95;;;
37.352139;-2.085775;305;0;3;518;4073;29.46;136.93;;;
37.352127;-2.086001;305;0;2;518;4073;29.48;136.91;;;
37.352114;-2.086227;306;0;2;518;4073;29.5;136.89;;;
37.352102;-2.086452;306;0;2;519;4072;29.52;136.87;;;
37.352090;-2.086678;306;0;1;519;4072;29.54;136.85;;;
37.352078;-2.086904;307;0;1;519;4072;29.56;136.83;;;
37.352067;-2.087130;307;0;1;519;4072;29.58;136.81;;;
37.352055;-2.087355;307;0;1;520;4071;29.6;136.79;;;
37.352043;-2.087581;307;0;1;520;4071;29.62;136.77;;;
37.352031;-2.087807;308;0;1;520;4071;29.64;136.75;;;
37.352019;-2.088033;308;0;2;521;4070;29.66;136.73;;;
37.352011;-2.088259;308;0;2;521;4070;29.68;136.71;;;
37.352017;-2.088485;308;0;3;521;4070;29.7;136.69;;;
37.351987;-2.088703;309;0;4;521;4070;29.72;136.67;;;
37.351914;-2.088909;310;0;5;522;4069;29.74;136.65;;;
37.351814;-2.089097;311;0;6;523;4068;29.76;136.63;;;
37.351689;-2.089257;312;0;7;525;4066;29.78;136.61;;;
37.351544;-2.089391;314;0;7;526;4065;29.8;136.59;;;
37.351391;-2.089509;316;0;7;528;4063;29.82;136.57;;;
37.351261;-2.089663;318;0;6;530;4061;29.84;136.55;;;
37.351161;-2.089847;319;0;5;531;4060;29.86;136.53;;;
37.351152;-2.090067;319;0;4;532;4059;29.88;136.51;;;
37.351225;-2.090268;320;0;3;533;4058;29.9;136.49;;;
37.351351;-2.090423;320;0;1;533;4058;29.92;136.47;;;
37.351525;-2.090474;321;0;1;533;4058;29.94;136.45;;;
37.351702;-2.090440;321;0;0;533;4058;29.96;136.43;;;
37.351816;-2.090270;320;0;-1;533;4058;29.98;136.41;;;
37.351948;-2.090119;320;0;-2;533;4058;30;136.39;;;
37.352106;-2.090014;319;0;-2;533;4058;30.02;136.37;;;
37.352282;-2.089971;319;0;-2;533;4058;30.04;136.35;;;
37.352459;-2.090010;318;0;-2;533;4058;30.06;136.33;;;
37.352625;-2.090094;317;0;-2;533;4058;30.08;136.31;;;
37.352774;-2.090216;317;0;-1;533;4058;30.1;136.29;11;;
37.352874;-2.090404;317;0;-1;533;4058;30.12;136.27;;;
37.352953;-2.090606;317;0;1;533;4058;30.14;136.25;;;
37.353015;-2.090818;317;0;1;534;4057;30.16;136.23;;;
37.353113;-2.091005;318;0;3;534;4057;30.18;136.21;;;
37.353226;-2.091181;318;0;4;535;4056;30.2;136.19;;;
37.353315;-2.091376;319;0;4;535;4056;30.22;136.17;;;
37.353345;-2.091597;320;0;5;536;4055;30.24;136.15;;;
37.353300;-2.091810;321;0;5;538;4053;30.26;136.13;;;
37.353229;-2.092018;324;0;5;540;4051;30.28;136.11;;;
37.353122;-2.092199;324;0;5;540;4051;30.3;136.09;;;
37.352987;-2.092349;325;0;4;541;4050;30.32;136.07;;;
37.352887;-2.092533;325;0;3;542;4049;30.34;136.05;;;
37.352872;-2.092758;326;0;2;542;4049;30.36;136.03;;;
37.352872;-2.092983;326;0;3;542;4049;30.38;136.01;;;
37.352788;-2.093181;326;0;2;542;4049;30.4;135.99;;;
37.352777;-2.093398;326;0;3;543;4048;30.42;135.97;;;
37.352819;-2.093615;327;0;2;543;4048;30.44;135.95;;;
37.352895;-2.093820;328;0;3;544;4047;30.46;135.93;;;
37.352972;-2.094024;329;0;3;545;4046;30.48;135.91;;;
37.353081;-2.094205;329;0;3;546;4045;30.5;135.89;;;
37.353189;-2.094385;330;0;2;546;4045;30.52;135.87;;;
37.353298;-2.094566;330;0;2;546;4045;30.54;135.85;;;
37.353406;-2.094746;330;0;1;547;4044;30.56;135.83;;;
37.353515;-2.094927;330;0;1;547;4044;30.58;135.81;;;
37.353623;-2.095107;330;0;1;547;4044;30.6;135.79;;;
37.353731;-2.095288;331;0;0;547;4044;30.62;135.77;;;
37.353840;-2.095468;331;0;0;547;4044;30.64;135.75;;;
37.353948;-2.095649;331;0;0;547;4044;30.66;135.73;;;
37.354057;-2.095829;331;0;-1;547;4044;30.68;135.71;;;
37.354166;-2.096010;330;0;-1;547;4044;30.7;135.69;;;
37.354274;-2.096190;330;0;-1;547;4044;30.72;135.67;;;
37.354383;-2.096370;330;0;-2;547;4044;30.74;135.65;;;
37.354491;-2.096551;330;0;-2;547;4044;30.76;135.63;;;
37.354599;-2.096731;329;0;-3;547;4044;30.78;135.61;;;
37.354708;-2.096912;328;0;-3;547;4044;30.8;135.59;;;
37.354816;-2.097093;328;0;-3;547;4044;30.82;135.57;;;
37.354924;-2.097273;327;0;-4;547;4044;30.84;135.55;;;
37.355033;-2.097454;326;0;-4;547;4044;30.86;135.53;;;
37.355141;-2.097634;325;0;-3;547;4044;30.88;135.51;;;
37.355250;-2.097815;325;0;-3;547;4044;30.9;135.49;;;
37.355358;-2.097995;324;0;-3;547;4044;30.92;135.47;;;
37.355467;-2.098176;323;0;-3;547;4044;30.94;135.45;;;
37.355575;-2.098356;323;0;-2;547;4044;30.96;135.43;;;
37.355684;-2.098537;323;0;-2;547;4044;30.98;135.41;;;
37.355792;-2.098717;322;0;-1;547;4044;31;135.39;;;
37.355901;-2.098898;322;0;-1;547;4044;31.02;135.37;;;
37.356005;-2.099082;322;0;0;547;4044;31.04;135.35;;;
37.356107;-2.099269;322;0;0;547;4044;31.06;135.33;;;
37.356208;-2.099455;322;0;0;547;4044;31.08;135.31;;;
37.356310;-2.099642;322;0;1;547;4044;31.1;135.29;;;
37.356411;-2.099829;322;0;1;547;4044;31.12;135.27;;;
37.356513;-2.100016;323;0;1;548;4043;31.14;135.25;;;
37.356614;-2.100203;323;0;2;548;4043;31.16;135.23;;;
37.356715;-2.100390;324;0;2;548;4043;31.18;135.21;;;
37.356817;-2.100577;324;0;2;549;4042;31.2;135.19;;;
37.356918;-2.100763;324;0;2;549;4042;31.22;135.17;;;
37.357020;-2.100950;325;0;2;550;4041;31.24;135.15;;;
37.357121;-2.101137;325;0;2;550;4041;31.26;135.13;;;
37.357223;-2.101324;326;0;2;550;4041;31.28;135.11;;;
37.357324;-2.101511;326;0;2;551;4040;31.3;135.09;;;
37.357426;-2.101698;326;0;2;551;4040;31.32;135.07;;;
37.357527;-2.101885;327;0;2;552;4039;31.34;135.05;;;
37.357641;-2.102060;327;0;2;552;4039;31.36;135.03;;;
37.357754;-2.102235;327;0;2;552;4039;31.38;135.01;;;
37.357873;-2.102405;328;0;2;553;4038;31.4;134.99;;;
37.357995;-2.102572;328;0;2;553;4038;31.42;134.97;;;
37.358116;-2.102739;328;0;2;553;4038;31.44;134.95;;;
37.358237;-2.102906;328;0;2;553;4038;31.46;134.93;;;
37.358358;-2.103073;329;0;2;554;4037;31.48;134.91;;;
37.358480;-2.103240;329;0;2;554;4037;31.5;134.89;;;
37.358601;-2.103407;329;0;2;554;4037;31.52;134.87;;;
37.358723;-2.103574;330;0;2;555;4036;31.54;134.85;;;
37.358844;-2.103741;330;0;2;555;4036;31.56;134.83;;;
37.358965;-2.103909;331;0;2;556;4035;31.58;134.81;;;
37.359086;-2.104076;331;0;2;556;4035;31.6;134.79;;;
37.359208;-2.104243;332;0;2;556;4035;31.62;134.77;;;
37.359329;-2.104410;332;0;2;557;4034;31.64;134.75;;;
37.359450;-2.104577;332;0;2;557;4034;31.66;134.73;;;
37.359572;-2.104744;333;0;2;558;4033;31.68;134.71;;;
37.359712;-2.104883;333;0;2;558;4033;31.7;134.69;;;
37.359871;-2.104970;333;0;1;558;4033;31.72;134.67;;;
37.360016;-2.105070;334;0;1;558;4033;31.74;134.65;;;
37.360049;-2.105289;334;0;1;559;4032;31.76;134.63;;;
37.360118;-2.105495;334;0;2;559;4032;31.78;134.61;;;
37.360240;-2.105662;334;0;2;559;4032;31.8;134.59;;;
37.360362;-2.105828;335;0;2;560;4031;31.82;134.57;;;
37.360483;-2.105995;335;0;2;560;4031;31.84;134.55;;;
37.360605;-2.106162;336;0;2;560;4031;31.86;134.53;;;
37.360727;-2.106328;336;0;2;561;4030;31.88;134.51;;;
37.360849;-2.106495;336;0;2;561;4030;31.9;134.49;;;
37.360970;-2.106661;337;0;2;562;4029;31.92;134.47;;;
37.361092;-2.106828;337;0;2;562;4029;31.94;134.45;;;
37.361212;-2.106997;338;0;2;563;4028;31.96;134.43;;;
37.361331;-2.107166;338;0;2;563;4028;31.98;134.41;;;
37.361450;-2.107336;339;0;3;564;4027;32;134.39;;;
37.361689;-2.107675;340;0;3;565;4026;32.04;134.35;;;
37.361809;-2.107843;340;0;3;565;4026;32.06;134.33;;;
37.361931;-2.108009;341;0;3;566;4025;32.08;134.31;;;
37.362054;-2.108175;342;0;3;567;4024;32.1;134.29;;;
37.362298;-2.108506;344;0;3;569;4022;32.14;134.25;;;
37.362543;-2.108838;344;0;2;569;4022;32.18;134.21;;;
37.362788;-2.109170;345;0;2;570;4021;32.22;134.17;;;
37.362927;-2.109312;345;0;2;570;4021;32.24;134.15;;;
37.363071;-2.109448;346;0;2;571;4020;32.26;134.13;;;
37.363215;-2.109584;346;0;2;571;4020;32.28;134.11;;;
37.363508;-2.109845;347;0;1;572;4019;32.32;134.07;;;
37.363814;-2.110083;347;0;1;572;4019;32.36;134.03;;;
37.364120;-2.110321;348;0;0;573;4018;32.4;133.99;;;
37.364265;-2.110455;348;0;0;573;4018;32.42;133.97;;;
37.364406;-2.110596;348;0;0;573;4018;32.44;133.95;;;
37.364542;-2.110743;348;0;0;573;4018;32.46;133.93;;;
37.364772;-2.111087;347;0;0;573;4018;32.5;133.89;;;
37.364952;-2.111478;347;0;0;573;4018;32.54;133.85;;;
37.365016;-2.111689;347;0;0;573;4018;32.56;133.83;;;
37.365074;-2.111903;347;0;0;573;4018;32.58;133.81;;;
37.365116;-2.112123;347;0;0;573;4018;32.6;133.79;;;
37.365165;-2.112570;347;0;0;573;4018;32.64;133.75;;;
37.365157;-2.113022;347;0;0;573;4018;32.68;133.71;;;
37.365116;-2.113471;347;0;0;573;4018;32.72;133.67;;;
37.365090;-2.113695;347;0;0;573;4018;32.74;133.65;;;
37.365063;-2.113919;347;0;0;573;4018;32.76;133.63;;;
37.365036;-2.114143;347;0;0;573;4018;32.78;133.61;;;
37.364986;-2.114591;347;0;1;573;4018;32.82;133.57;;;
37.364955;-2.115042;348;0;1;573;4018;32.86;133.53;;;
37.364945;-2.115493;348;0;2;574;4017;32.9;133.49;;;
37.364953;-2.115719;349;0;2;574;4017;32.92;133.47;;;
37.364983;-2.115942;349;0;3;575;4016;32.94;133.45;;;
37.365033;-2.116157;350;0;3;575;4016;32.96;133.43;;;
37.365192;-2.116563;351;0;3;576;4015;33;133.39;;;
37.365389;-2.116942;353;0;4;578;4013;33.04;133.35;;;
37.365490;-2.117129;353;0;4;579;4012;33.06;133.33;;;
37.365602;-2.117306;354;0;4;580;4011;33.08;133.31;;;
37.365733;-2.117461;355;0;4;581;4010;33.1;133.29;;;
37.366020;-2.117731;357;0;4;582;4009;33.14;133.25;;;
37.366325;-2.117970;358;0;3;583;4008;33.18;133.21;;;
37.366629;-2.118153;359;0;3;584;4007;33.22;133.17;;;
37.366731;-2.118335;360;0;4;585;4006;33.24;133.15;;;
37.366867;-2.118482;360;0;4;586;4005;33.26;133.13;;;
37.367011;-2.118616;361;0;4;587;4004;33.28;133.11;;;
37.367300;-2.118886;363;0;4;589;4002;33.32;133.07;;;
37.367592;-2.119150;365;0;4;590;4001;33.36;133.03;;;
37.367885;-2.119413;366;0;4;592;3999;33.4;132.99;;;
37.368032;-2.119545;367;0;3;592;3999;33.42;132.97;;;
37.368171;-2.119687;368;0;3;593;3998;33.44;132.95;;;
37.368309;-2.119832;368;0;3;594;3997;33.46;132.93;;;
37.368586;-2.120122;369;0;3;595;3996;33.5;132.89;;;
37.368861;-2.120413;370;0;2;596;3995;33.54;132.85;;;
37.368994;-2.120565;371;0;2;596;3995;33.56;132.83;;;
37.369127;-2.120718;371;0;2;597;3994;33.58;132.81;;;
37.369260;-2.120871;372;0;2;597;3994;33.6;132.79;;;
37.369526;-2.121176;372;0;2;598;3993;33.64;132.75;;;
37.369791;-2.121481;373;0;2;598;3993;33.68;132.71;;;
37.370057;-2.121786;373;0;2;599;3992;33.72;132.67;;;
37.370190;-2.121938;374;0;2;599;3992;33.74;132.65;;;
37.370323;-2.122091;374;0;2;600;3991;33.76;132.63;;;
37.370456;-2.122243;375;0;2;600;3991;33.78;132.61;;;
37.370721;-2.122549;375;0;2;601;3990;33.82;132.57;;;
37.370987;-2.122854;376;0;2;601;3990;33.86;132.53;;;
37.371253;-2.123159;377;0;2;602;3989;33.9;132.49;;;
37.371392;-2.123302;377;0;2;602;3989;33.92;132.47;;;
37.371533;-2.123443;377;0;2;603;3988;33.94;132.45;;;
37.371674;-2.123584;378;0;2;603;3988;33.96;132.43;;;
37.371974;-2.123831;378;0;2;604;3987;34;132.39;;;
37.372296;-2.124033;379;0;2;605;3986;34.04;132.35;;;
37.372458;-2.124132;380;0;1;605;3986;34.06;132.33;;;
37.372567;-2.124305;380;0;1;605;3986;34.08;132.31;;;
37.372709;-2.124423;380;0;1;605;3986;34.1;132.29;;;
37.373037;-2.124591;380;0;1;606;3985;34.14;132.25;;;
37.373298;-2.124900;380;0;0;606;3985;34.18;132.21;;;
37.373517;-2.125258;381;0;0;606;3985;34.22;132.17;;;
37.373603;-2.125457;381;0;0;606;3985;34.24;132.15;;;
37.373682;-2.125660;381;0;0;606;3985;34.26;132.13;;;
37.373745;-2.125872;381;0;0;606;3985;34.28;132.11;;;
37.373871;-2.126296;381;0;0;606;3985;34.32;132.07;;;
37.373983;-2.126726;381;0;0;606;3985;34.36;132.03;;;
37.374173;-2.127085;381;0;0;606;3985;34.4;131.99;12;;
37.374240;-2.127272;381;0;1;606;3985;34.42;131.97;;;
37.374190;-2.127476;381;0;1;606;3985;34.44;131.95;;;
37.374224;-2.127695;381;0;1;607;3984;34.46;131.93;;;
37.374374;-2.128106;382;0;2;607;3984;34.5;131.89;;;
37.374542;-2.128505;383;0;2;608;3983;34.54;131.85;;;
37.374650;-2.128686;383;0;3;609;3982;34.56;131.83;;;
37.374767;-2.128858;384;0;3;609;3982;34.58;131.81;;;
37.374886;-2.129028;385;0;3;610;3981;34.6;131.79;;;
37.375125;-2.129366;386;0;4;611;3980;34.64;131.75;;;
37.375372;-2.129695;387;0;4;613;3978;34.68;131.71;;;
37.375620;-2.130024;389;0;3;614;3977;34.72;131.67;;;
37.375743;-2.130188;390;0;3;615;3976;34.74;131.65;;;
37.375867;-2.130352;390;0;3;615;3976;34.76;131.63;;;
37.375991;-2.130517;391;0;2;616;3975;34.78;131.61;;;
37.376238;-2.130845;391;0;2;617;3974;34.82;131.57;;;
37.376485;-2.131174;392;0;1;617;3974;34.86;131.53;;;
37.376733;-2.131503;392;0;1;618;3973;34.9;131.49;;;
37.376856;-2.131667;393;0;1;618;3973;34.92;131.47;;;
37.376980;-2.131831;393;0;1;618;3973;34.94;131.45;;;
37.377104;-2.131996;393;0;1;619;3972;34.96;131.43;;;
37.377351;-2.132325;394;0;1;619;3972;35;131.39;;;
37.377624;-2.132618;394;0;1;619;3972;35.04;131.35;;;
37.377778;-2.132729;394;0;1;620;3971;35.06;131.33;;;
37.377864;-2.132919;395;0;2;620;3971;35.08;131.31;;;
37.377963;-2.133108;395;0;2;620;3971;35.1;131.29;;;
37.378200;-2.133447;396;0;3;621;3970;35.14;131.25;;;
37.378447;-2.133777;397;0;3;623;3968;35.18;131.21;;;
37.378693;-2.134107;399;0;3;624;3967;35.22;131.17;;;
37.378816;-2.134272;399;0;4;625;3966;35.24;131.15;;;
37.378939;-2.134437;400;0;4;625;3966;35.26;131.13;;;
37.379063;-2.134602;401;0;4;626;3965;35.28;131.11;;;
37.379310;-2.134931;402;0;4;628;3963;35.32;131.07;;;
37.379559;-2.135258;404;0;4;629;3962;35.36;131.03;;;
37.379815;-2.135573;405;0;3;630;3961;35.4;130.99;;;
37.379966;-2.135688;405;0;3;631;3960;35.42;130.97;;;
37.380058;-2.135874;407;0;3;632;3959;35.44;130.95;;;
37.380165;-2.136056;407;0;2;632;3959;35.46;130.93;;;
37.380401;-2.136398;408;0;2;634;3957;35.5;130.89;;;
37.380653;-2.136721;408;0;1;634;3957;35.54;130.85;;;
37.380779;-2.136883;409;0;0;634;3957;35.56;130.83;;;
37.380900;-2.137049;409;0;-1;634;3957;35.58;130.81;;;
37.381008;-2.137230;408;0;-1;634;3957;35.6;130.79;;;
37.381164;-2.137632;407;0;-2;634;3957;35.64;130.75;;;
37.381239;-2.138075;406;0;-3;634;3957;35.68;130.71;;;
37.381227;-2.138527;405;0;-3;634;3957;35.72;130.67;;;
37.381220;-2.138753;404;0;-3;634;3957;35.74;130.65;;;
37.381169;-2.138970;403;0;-3;634;3957;35.76;130.63;;;
37.381116;-2.139186;403;0;-3;634;3957;35.78;130.61;;;
37.380996;-2.139612;401;0;-5;634;3957;35.82;130.57;;;
37.380827;-2.140010;400;0;-5;634;3957;35.86;130.53;;;
37.380609;-2.140369;397;0;-4;634;3957;35.9;130.49;;;
37.380485;-2.140532;396;0;-4;634;3957;35.92;130.47;;;
37.380360;-2.140696;396;0;-3;634;3957;35.94;130.45;;;
37.380236;-2.140859;395;0;-2;634;3957;35.96;130.43;;;
37.379987;-2.141186;395;0;-1;634;3957;36;130.39;;;
37.379739;-2.141514;394;0;0;634;3957;36.04;130.35;;;
37.379615;-2.141677;394;0;0;634;3957;36.06;130.33;;;
37.379490;-2.141841;394;0;0;634;3957;36.08;130.31;;;
37.379367;-2.142006;394;0;0;634;3957;36.1;130.29;;;
37.379173;-2.142387;394;0;0;634;3957;36.14;130.25;;;
37.378998;-2.142782;394;0;0;634;3957;36.18;130.21;;;
37.378833;-2.143184;394;0;0;634;3957;36.22;130.17;;;
37.378751;-2.143385;394;0;0;634;3957;36.24;130.15;;;
37.378668;-2.143587;394;0;0;634;3957;36.26;130.13;;;
37.378586;-2.143788;394;0;1;634;3957;36.28;130.11;;;
37.378421;-2.144190;394;0;1;634;3957;36.32;130.07;;;
37.378256;-2.144593;395;0;2;635;3956;36.36;130.03;;;
37.378091;-2.144995;396;0;3;636;3955;36.4;129.99;;;
37.378009;-2.145196;397;0;4;637;3954;36.42;129.97;;;
37.377926;-2.145397;398;0;4;638;3953;36.44;129.95;;;
37.377844;-2.145598;399;0;4;639;3952;36.46;129.93;;;
37.377679;-2.146001;401;0;4;641;3950;36.5;129.89;;;
37.377429;-2.146326;403;0;4;643;3948;36.54;129.85;;;
37.377275;-2.146440;403;0;3;643;3948;36.56;129.83;;;
37.377105;-2.146490;404;0;2;643;3948;36.58;129.81;;;
37.376931;-2.146444;404;0;1;644;3947;36.6;129.79;;;
37.376637;-2.146187;405;0;0;644;3947;36.64;129.75;;;
37.376289;-2.146129;404;0;-1;644;3947;36.68;129.71;;;
37.375934;-2.146109;404;0;-2;644;3947;36.72;129.67;;;
37.375766;-2.146027;404;0;-2;644;3947;36.74;129.65;;;
37.375599;-2.145945;403;0;-2;644;3947;36.76;129.63;;;
37.375431;-2.145863;403;0;-2;644;3947;36.78;129.61;;;
37.375097;-2.145696;402;0;-3;644;3947;36.82;129.57;;;
37.374766;-2.145518;400;0;-4;644;3947;36.86;129.53;;;
37.374435;-2.145340;399;0;-6;644;3947;36.9;129.49;;;
37.374266;-2.145263;398;0;-6;644;3947;36.92;129.47;;;
37.374095;-2.145193;396;0;-7;644;3947;36.94;129.45;;;
37.373924;-2.145123;394;0;-7;644;3947;36.96;129.43;;;
37.373582;-2.144984;391;0;-7;644;3947;37;129.39;13;;
37.373232;-2.144878;389;0;-6;644;3947;37.04;129.35;;;
37.373057;-2.144825;388;0;-5;644;3947;37.06;129.33;;;
37.372882;-2.144772;386;0;-5;644;3947;37.08;129.31;;;
37.372707;-2.144719;386;0;-5;644;3947;37.1;129.29;;;
37.372358;-2.144613;384;0;-4;644;3947;37.14;129.25;;;
37.372013;-2.144483;382;0;-4;644;3947;37.18;129.21;;;
37.371671;-2.144344;381;0;-4;644;3947;37.22;129.17;;;
37.371503;-2.144265;380;0;-4;644;3947;37.24;129.15;;;
37.371336;-2.144179;379;0;-4;644;3947;37.26;129.13;;;
37.371170;-2.144093;378;0;-4;644;3947;37.28;129.11;;;
37.370837;-2.143922;376;0;-4;644;3947;37.32;129.07;;;
37.370504;-2.143751;375;0;-3;644;3947;37.36;129.03;;;
37.370167;-2.143594;374;0;-2;644;3947;37.4;128.99;;;
37.369990;-2.143558;373;0;-2;644;3947;37.42;128.97;;;
37.369810;-2.143552;373;0;-2;644;3947;37.44;128.95;;;
37.369631;-2.143572;373;0;-2;644;3947;37.46;128.93;;;
37.369387;-2.143864;373;0;-1;644;3947;37.5;128.89;;;
37.369139;-2.144124;372;0;-2;644;3947;37.54;128.85;;;
37.368983;-2.144222;372;0;-3;644;3947;37.56;128.83;;;
37.368846;-2.144369;371;0;-3;644;3947;37.58;128.81;;;
37.368705;-2.144508;370;0;-3;644;3947;37.6;128.79;;;
37.368394;-2.144733;368;0;-2;644;3947;37.64;128.75;;;
37.368171;-2.145029;368;0;0;645;3946;37.68;128.71;;;
37.368131;-2.145474;368;0;0;645;3946;37.72;128.67;;;
37.368040;-2.145668;369;0;1;646;3945;37.74;128.65;;;
37.367917;-2.145833;369;0;0;646;3945;37.76;128.63;;;
37.367760;-2.145933;369;0;0;646;3945;37.78;128.61;;;
37.367412;-2.145979;369;0;-1;646;3945;37.82;128.57;;;
37.367099;-2.145769;368;0;-2;646;3945;37.86;128.53;;;
37.366784;-2.145640;367;0;-2;646;3945;37.9;128.49;;;
37.366606;-2.145667;367;0;-2;646;3945;37.92;128.47;;;
37.366428;-2.145644;366;0;-1;646;3945;37.94;128.45;;;
37.366264;-2.145553;366;0;-1;646;3945;37.96;128.43;;;
37.366022;-2.145241;366;0;-1;646;3945;38;128.39;;;
37.365896;-2.144818;366;0;-1;646;3945;38.04;128.35;;;
37.365841;-2.144602;366;0;-1;646;3945;38.06;128.33;;;
37.365785;-2.144388;365;0;-1;646;3945;38.08;128.31;;;
37.365703;-2.144186;365;0;-1;646;3945;38.1;128.29;;;
37.365458;-2.143862;364;0;-2;646;3945;38.14;128.25;;;
37.365150;-2.143635;364;0;-2;646;3945;38.18;128.21;;;
37.364808;-2.143503;363;0;-3;646;3945;38.22;128.17;;;
37.364630;-2.143473;362;0;-3;646;3945;38.24;128.15;;;
37.364451;-2.143444;361;0;-3;646;3945;38.26;128.13;;;
37.364279;-2.143381;360;0;-3;646;3945;38.28;128.11;;;
37.363942;-2.143224;359;0;-3;646;3945;38.32;128.07;;;
37.363640;-2.142982;358;0;-3;646;3945;38.36;128.03;;;
37.363385;-2.142665;357;0;-3;646;3945;38.4;127.99;;;
37.363275;-2.142488;356;0;-3;646;3945;38.42;127.97;;;
37.363182;-2.142294;355;0;-3;646;3945;38.44;127.95;;;
37.363107;-2.142088;355;0;-3;646;3945;38.46;127.93;;;
37.363028;-2.141647;354;0;-2;646;3945;38.5;127.89;;;
37.362954;-2.141204;353;0;-1;646;3945;38.54;127.85;;;
37.362916;-2.140983;353;0;-1;646;3945;38.56;127.83;;;
37.362879;-2.140762;353;0;0;646;3945;38.58;127.81;;;
37.362815;-2.140551;353;0;0;646;3945;38.6;127.79;;;
37.362649;-2.140150;353;0;0;646;3945;38.64;127.75;;;
37.362372;-2.139881;353;0;-1;646;3945;38.68;127.71;;;
37.362024;-2.139782;353;0;-1;646;3945;38.72;127.67;;;
37.361844;-2.139770;352;0;-1;646;3945;38.74;127.65;;;
37.361664;-2.139775;352;0;-1;646;3945;38.76;127.63;;;
37.361484;-2.139780;352;0;-1;646;3945;38.78;127.61;;;
37.361126;-2.139810;351;0;-1;646;3945;38.82;127.57;;;
37.360767;-2.139840;351;0;-1;646;3945;38.86;127.53;;;
37.360407;-2.139840;350;0;-1;646;3945;38.9;127.49;;;
37.360227;-2.139839;350;0;-2;646;3945;38.92;127.47;;;
37.360049;-2.139808;350;0;-2;646;3945;38.94;127.45;;;
37.359871;-2.139776;350;0;-2;646;3945;38.96;127.43;;;
37.359526;-2.139657;349;0;-2;646;3945;39;127.39;;;
37.359226;-2.139413;347;0;-3;646;3945;39.04;127.35;;;
37.359050;-2.139384;347;0;-3;646;3945;39.06;127.33;;;
37.358870;-2.139376;346;0;-3;646;3945;39.08;127.31;;;
37.358695;-2.139342;346;0;-3;646;3945;39.1;127.29;;;
37.358368;-2.139157;345;0;-3;646;3945;39.14;127.25;;;
37.358127;-2.138820;344;0;-3;646;3945;39.18;127.21;;;
37.357828;-2.138578;343;0;-1;646;3945;39.22;127.17;;;
37.357657;-2.138507;342;0;-1;646;3945;39.24;127.15;;;
37.357479;-2.138490;342;0;0;646;3945;39.26;127.13;;;
37.357301;-2.138520;342;0;1;646;3945;39.28;127.11;;;
37.356946;-2.138590;343;0;3;647;3944;39.32;127.07;;;
37.356592;-2.138670;344;0;4;648;3943;39.36;127.03;;;
37.356267;-2.138857;347;0;4;651;3940;39.4;126.99;;;
37.356115;-2.138978;348;0;4;652;3939;39.42;126.97;;;
37.355955;-2.139078;349;0;3;653;3938;39.44;126.95;;;
37.355778;-2.139042;349;0;2;654;3937;39.46;126.93;;;
37.355443;-2.138878;350;0;0;654;3937;39.5;126.89;;;
37.355188;-2.138570;349;0;-1;654;3937;39.54;126.85;;;
37.355080;-2.138388;349;0;-1;654;3937;39.56;126.83;;;
37.354973;-2.138206;348;0;-1;654;3937;39.58;126.81;;;
37.354832;-2.138074;348;0;-1;654;3937;39.6;126.79;;;
37.354518;-2.137851;348;0;0;654;3937;39.64;126.75;;;
37.354205;-2.137628;348;0;0;654;3937;39.68;126.71;;;
37.353874;-2.137453;348;0;0;654;3937;39.72;126.67;;;
37.353704;-2.137381;349;0;1;654;3937;39.74;126.65;;;
37.353529;-2.137329;349;0;1;654;3937;39.76;126.63;;;
37.353354;-2.137277;349;0;1;654;3937;39.78;126.61;;;
37.353082;-2.136989;349;0;1;654;3937;39.82;126.57;;;
37.352845;-2.136649;349;0;1;655;3936;39.86;126.53;;;
37.352608;-2.136308;350;0;1;655;3936;39.9;126.49;;;
37.352471;-2.136162;350;0;0;655;3936;39.92;126.47;;;
37.352334;-2.136015;350;0;0;655;3936;39.94;126.45;;;
37.352197;-2.135869;350;0;0;655;3936;39.96;126.43;;;
37.351879;-2.135660;350;0;0;655;3936;40;126.39;;;
37.351533;-2.135776;349;0;-1;655;3936;40.04;126.35;;;
37.351364;-2.135853;349;0;-1;655;3936;40.06;126.33;;;
37.351195;-2.135930;349;0;-1;655;3936;40.08;126.31;;;
37.351027;-2.136012;349;0;-1;655;3936;40.1;126.29;;;
37.350693;-2.136181;349;0;-2;655;3936;40.14;126.25;;;
37.350359;-2.136350;347;0;-4;655;3936;40.18;126.21;;;
37.350031;-2.136262;346;0;-5;655;3936;40.22;126.17;;;
37.349901;-2.136105;345;0;-5;655;3936;40.24;126.15;;;
37.349772;-2.135948;343;0;-5;655;3936;40.26;126.13;;;
37.349643;-2.135791;342;0;-5;655;3936;40.28;126.11;;;
37.349384;-2.135476;341;0;-5;655;3936;40.32;126.07;14;;
37.349129;-2.135158;339;0;-4;655;3936;40.36;126.03;;;
37.348980;-2.134752;337;0;-3;655;3936;40.4;125.99;;;
37.348821;-2.134653;336;0;-2;655;3936;40.42;125.97;;;
37.348655;-2.134731;336;0;-2;655;3936;40.44;125.95;;;
37.348519;-2.134875;336;0;-1;655;3936;40.46;125.93;;;
37.348274;-2.135207;336;0;0;655;3936;40.5;125.89;;;
37.348061;-2.135572;336;0;0;655;3936;40.54;125.85;;;
37.347955;-2.135754;336;0;0;655;3936;40.56;125.83;;;
37.347848;-2.135936;336;0;0;655;3936;40.58;125.81;;;
37.347742;-2.136119;336;0;0;656;3935;40.6;125.79;;;
37.347529;-2.136483;336;0;0;656;3935;40.64;125.75;;;
37.347316;-2.136848;336;0;0;656;3935;40.68;125.71;;;
37.347103;-2.137213;337;0;1;656;3935;40.72;125.67;;;
37.346996;-2.137395;337;0;1;656;3935;40.74;125.65;;;
37.346889;-2.137577;337;0;1;656;3935;40.76;125.63;;;
37.346783;-2.137760;337;0;1;657;3934;40.78;125.61;;;
37.346570;-2.138124;338;0;1;657;3934;40.82;125.57;;;
37.346353;-2.138485;338;0;0;658;3933;40.86;125.53;;;
37.346129;-2.138840;338;0;-1;658;3933;40.9;125.49;;;
37.346028;-2.139025;337;0;-1;658;3933;40.92;125.47;;;
37.345945;-2.139226;337;0;-1;658;3933;40.94;125.45;;;
37.345873;-2.139433;337;0;-1;658;3933;40.96;125.43;;;
37.345802;-2.139641;337;0;-1;658;3933;40.98;125.41;;;
37.345731;-2.139849;337;0;-1;658;3933;41;125.39;;;
37.345671;-2.140062;336;0;0;658;3933;41.02;125.37;;;
37.345625;-2.140280;336;0;0;658;3933;41.04;125.35;;;
37.345604;-2.140503;336;0;0;658;3933;41.06;125.33;;;
37.345620;-2.140729;336;0;0;658;3933;41.08;125.31;;;
37.345636;-2.140954;336;0;0;658;3933;41.1;125.29;;;
37.345652;-2.141179;336;0;0;658;3933;41.12;125.27;;;
37.345668;-2.141405;336;0;0;658;3933;41.14;125.25;;;
37.345684;-2.141630;336;0;0;658;3933;41.16;125.23;;;
37.345700;-2.141855;336;0;0;658;3933;41.18;125.21;;;
37.345716;-2.142081;336;0;0;658;3933;41.2;125.19;;;
37.345732;-2.142306;336;0;0;658;3933;41.22;125.17;;;
37.345755;-2.142530;336;0;0;658;3933;41.24;125.15;;;
37.345789;-2.142752;336;0;0;658;3933;41.26;125.13;;;
37.345838;-2.142970;336;0;0;658;3933;41.28;125.11;;;
37.345879;-2.143190;336;0;0;658;3933;41.3;125.09;;;
37.345910;-2.143413;336;0;0;658;3933;41.32;125.07;;;
37.345913;-2.143639;336;0;-1;658;3933;41.34;125.05;;;
37.345916;-2.143865;336;0;-2;658;3933;41.36;125.03;;;
37.345918;-2.144091;335;0;-3;658;3933;41.38;125.01;;;
37.345937;-2.144315;335;0;-4;658;3933;41.4;124.99;;;
37.345983;-2.144534;334;0;-4;658;3933;41.42;124.97;;;
37.346028;-2.144753;332;0;-5;658;3933;41.44;124.95;;;
37.346104;-2.144954;331;0;-5;658;3933;41.46;124.93;;;
37.346219;-2.145127;331;0;-4;658;3933;41.48;124.91;;;
37.346354;-2.145274;329;0;-4;658;3933;41.5;124.89;;;
37.346513;-2.145379;329;0;-3;658;3933;41.52;124.87;;;
37.346673;-2.145483;329;0;-2;658;3933;41.54;124.85;;;
37.346833;-2.145586;328;0;-2;658;3933;41.56;124.83;;;
37.346993;-2.145690;328;0;-1;658;3933;41.58;124.81;;;
37.347162;-2.145763;328;0;-1;659;3932;41.6;124.79;;;
37.347335;-2.145825;328;0;0;659;3932;41.62;124.77;;;
37.347494;-2.145929;328;0;0;659;3932;41.64;124.75;;;
37.347565;-2.146132;328;0;1;659;3932;41.66;124.73;;;
37.347565;-2.146357;328;0;1;659;3932;41.68;124.71;;;
37.347559;-2.146583;328;0;1;659;3932;41.7;124.69;;;
37.347553;-2.146809;329;0;2;660;3931;41.72;124.67;;;
37.347562;-2.147034;329;0;2;660;3931;41.74;124.65;;;
37.347590;-2.147258;330;0;2;661;3930;41.76;124.63;;;
37.347619;-2.147481;330;0;3;661;3930;41.78;124.61;;;
37.347630;-2.147706;331;0;3;662;3929;41.8;124.59;;;
37.347630;-2.147933;331;0;3;662;3929;41.82;124.57;;;
37.347673;-2.148145;332;0;3;663;3928;41.84;124.55;;;
37.347782;-2.148323;333;0;4;664;3927;41.86;124.53;;;
37.347889;-2.148503;333;0;4;665;3926;41.88;124.51;;;
37.347971;-2.148704;334;0;3;665;3926;41.9;124.49;;;
37.348053;-2.148906;335;0;3;666;3925;41.92;124.47;;;
37.348134;-2.149108;336;0;3;667;3924;41.94;124.45;;;
37.348216;-2.149309;336;0;2;667;3924;41.96;124.43;;;
37.348297;-2.149511;337;0;2;668;3923;41.98;124.41;;;
37.348373;-2.149715;337;0;1;668;3923;42;124.39;;;
37.348402;-2.149938;337;0;1;668;3923;42.02;124.37;;;
37.348422;-2.150163;337;0;1;668;3923;42.04;124.35;;;
37.348452;-2.150386;337;0;1;668;3923;42.06;124.33;;;
37.348496;-2.150605;337;0;2;668;3923;42.08;124.31;;;
37.348560;-2.150816;338;0;3;669;3922;42.1;124.29;;;
37.348624;-2.151028;338;0;4;670;3921;42.12;124.27;;;
37.348687;-2.151239;339;0;4;670;3921;42.14;124.25;;;
37.348751;-2.151451;340;0;4;671;3920;42.16;124.23;;;
37.348815;-2.151663;341;0;5;673;3918;42.18;124.21;;;
37.348878;-2.151874;343;0;5;674;3917;42.2;124.19;;;
37.348933;-2.152089;344;0;5;675;3916;42.22;124.17;;;
37.348945;-2.152314;344;0;5;675;3916;42.24;124.15;;;
37.348957;-2.152539;345;0;4;676;3915;42.26;124.13;;;
37.349028;-2.152746;346;0;3;677;3914;42.28;124.11;;;
37.349100;-2.152954;347;0;3;678;3913;42.3;124.09;;;
37.349146;-2.153171;347;0;3;679;3912;42.32;124.07;;;
37.349144;-2.153396;348;0;3;679;3912;42.34;124.05;;;
37.349129;-2.153621;348;0;3;680;3911;42.36;124.03;;;
37.349095;-2.153843;349;0;2;680;3911;42.38;124.01;;;
37.349061;-2.154066;349;0;2;680;3911;42.4;123.99;;;
37.349027;-2.154288;350;0;2;681;3910;42.42;123.97;;;
37.348993;-2.154510;350;0;2;681;3910;42.44;123.95;;;
37.348941;-2.154726;350;0;2;682;3909;42.46;123.93;;;
37.348887;-2.154942;351;0;3;682;3909;42.48;123.91;;;
37.348833;-2.155158;351;0;3;682;3909;42.5;123.89;;;
37.348779;-2.155374;352;0;3;683;3908;42.52;123.87;;;
37.348711;-2.155583;352;0;3;684;3907;42.54;123.85;;;
37.348641;-2.155791;353;0;3;685;3906;42.56;123.83;;;
37.348553;-2.155989;354;0;3;685;3906;42.58;123.81;;;
37.348472;-2.156191;354;0;2;686;3905;42.6;123.79;;;
37.348402;-2.156399;355;0;2;686;3905;42.62;123.77;;;
37.348331;-2.156607;355;0;1;686;3905;42.64;123.75;;;
37.348208;-2.156764;355;0;1;687;3904;42.66;123.73;;;
37.348034;-2.156818;355;0;1;687;3904;42.68;123.71;;;
37.347856;-2.156840;355;0;1;687;3904;42.7;123.69;;;
37.347677;-2.156842;355;0;0;687;3904;42.72;123.67;;;
37.347504;-2.156896;355;0;0;687;3904;42.74;123.65;;;
37.347338;-2.156985;356;0;1;687;3904;42.76;123.63;;;
37.347195;-2.157122;356;0;1;687;3904;42.78;123.61;;;
37.347053;-2.157260;356;0;1;687;3904;42.8;123.59;;;
37.346912;-2.157400;356;0;1;687;3904;42.82;123.57;;;
37.346778;-2.157552;356;0;1;688;3903;42.84;123.55;;;
37.346644;-2.157703;357;0;1;688;3903;42.86;123.53;;;
37.346520;-2.157864;357;0;1;689;3902;42.88;123.51;;;
37.346416;-2.158049;357;0;1;689;3902;42.9;123.49;;;
37.346335;-2.158249;358;0;1;689;3902;42.92;123.47;;;
37.346281;-2.158464;358;0;0;689;3902;42.94;123.45;;;
37.346216;-2.158675;358;0;0;689;3902;42.96;123.43;;;
37.346151;-2.158886;358;0;0;689;3902;42.98;123.41;;;
37.346097;-2.159102;357;0;0;689;3902;43;123.39;;;
37.346043;-2.159318;357;0;-1;689;3902;43.02;123.37;;;
37.345989;-2.159534;357;0;-1;689;3902;43.04;123.35;;;
37.345917;-2.159741;357;0;-1;689;3902;43.06;123.33;;;
37.345842;-2.159946;357;0;-1;689;3902;43.08;123.31;;;
37.345767;-2.160152;357;0;-2;689;3902;43.1;123.29;;;
37.345691;-2.160357;356;0;-2;689;3902;43.12;123.27;;;
37.345616;-2.160563;356;0;-2;689;3902;43.14;123.25;;;
37.345541;-2.160768;356;0;-1;689;3902;43.16;123.23;;;
37.345444;-2.160959;355;0;-1;689;3902;43.18;123.21;;;
37.345340;-2.161143;355;0;-1;689;3902;43.2;123.19;;;
37.345247;-2.161336;355;0;0;689;3902;43.22;123.17;;;
37.345170;-2.161540;355;0;1;689;3902;43.24;123.15;;;
37.345105;-2.161752;355;0;2;690;3901;43.26;123.13;;;
37.345041;-2.161963;356;0;3;690;3901;43.28;123.11;;;
37.344992;-2.162180;357;0;3;691;3900;43.3;123.09;;;
37.344964;-2.162401;358;0;2;692;3899;43.32;123.07;;;
37.344988;-2.162624;358;0;2;693;3898;43.34;123.05;;;
37.345058;-2.162833;358;0;1;693;3898;43.36;123.03;;;
37.345162;-2.163018;358;0;0;693;3898;43.38;123.01;;;
37.345210;-2.163232;358;0;-1;693;3898;43.4;122.99;;;
37.345175;-2.163455;357;0;-1;693;3898;43.42;122.97;;;
37.345101;-2.163659;357;0;-1;693;3898;43.44;122.95;;;
37.345019;-2.163860;357;0;-1;693;3898;43.46;122.93;;;
37.344970;-2.164076;357;0;0;693;3898;43.48;122.91;;;
37.344939;-2.164299;357;0;1;693;3898;43.5;122.89;;;
37.344909;-2.164522;357;0;2;693;3898;43.52;122.87;;;
37.344878;-2.164744;357;0;2;694;3897;43.54;122.85;;;
37.344847;-2.164967;358;0;3;694;3897;43.56;122.83;;;
37.344817;-2.165190;359;0;4;695;3896;43.58;122.81;;;
37.344786;-2.165413;360;0;5;696;3895;43.6;122.79;;;
37.344756;-2.165636;361;0;7;697;3894;43.62;122.77;;;
37.344728;-2.165860;362;0;7;698;3893;43.64;122.75;;;
37.344703;-2.166084;364;0;6;700;3891;43.66;122.73;;;
37.344678;-2.166308;366;0;6;702;3889;43.68;122.71;;;
37.344653;-2.166532;368;0;6;704;3887;43.7;122.69;;;
37.344628;-2.166756;368;0;4;705;3886;43.72;122.67;;;
37.344603;-2.166980;369;0;3;705;3886;43.74;122.65;;;
37.344577;-2.167204;369;0;1;705;3886;43.76;122.63;;;
37.344552;-2.167428;369;0;-1;706;3885;43.78;122.61;;;
37.344570;-2.167653;369;0;-2;706;3885;43.8;122.59;;;
37.344616;-2.167869;368;0;-3;706;3885;43.82;122.57;;;
37.344684;-2.168079;367;0;-4;706;3885;43.84;122.55;;;
37.344767;-2.168278;366;0;-5;706;3885;43.86;122.53;;;
37.344867;-2.168466;365;0;-5;706;3885;43.88;122.51;;;
37.344967;-2.168654;364;0;-4;706;3885;43.9;122.49;;;
37.345067;-2.168842;363;0;-2;706;3885;43.92;122.47;;;
37.345167;-2.169030;362;0;-1;706;3885;43.94;122.45;;;
37.345210;-2.169240;362;0;-1;706;3885;43.96;122.43;;;
37.345169;-2.169449;363;0;0;707;3884;43.98;122.41;;;
37.345027;-2.169584;363;0;1;707;3884;44;122.39;15;;
37.344850;-2.169618;363;0;2;707;3884;44.02;122.37;;;
37.344712;-2.169479;364;0;2;708;3883;44.04;122.35;;;
37.344651;-2.169271;364;0;2;708;3883;44.06;122.33;;;
37.344604;-2.169052;365;0;3;709;3882;44.08;122.31;;;
37.344556;-2.168834;365;0;3;709;3882;44.1;122.29;;;
37.344509;-2.168616;366;0;3;710;3881;44.12;122.27;;;
37.344461;-2.168398;367;0;3;711;3880;44.14;122.25;;;
37.344414;-2.168179;367;0;3;711;3880;44.16;122.23;;;
37.344367;-2.167961;368;0;4;712;3879;44.18;122.21;;;
37.344319;-2.167743;369;0;4;713;3878;44.2;122.19;;;
37.344272;-2.167525;370;0;4;714;3877;44.22;122.17;;;
37.344224;-2.167306;370;0;4;714;3877;44.24;122.15;;;
37.344177;-2.167088;371;0;4;715;3876;44.26;122.13;;;
37.344130;-2.166870;372;0;4;716;3875;44.28;122.11;;;
37.344082;-2.166652;373;0;4;717;3874;44.3;122.09;;;
37.344048;-2.166430;374;0;4;718;3873;44.32;122.07;;;
37.344040;-2.166205;375;0;4;719;3872;44.34;122.05;;;
37.344054;-2.165980;376;0;4;720;3871;44.36;122.03;;;
37.344086;-2.165757;377;0;4;721;3870;44.38;122.01;;;
37.344118;-2.165535;377;0;5;721;3870;44.4;121.99;;;
37.344150;-2.165312;378;0;4;722;3869;44.42;121.97;;;
37.344182;-2.165089;379;0;4;723;3868;44.44;121.95;;;
37.344213;-2.164867;380;0;4;724;3867;44.46;121.93;;;
37.344245;-2.164644;381;0;5;725;3866;44.48;121.91;;;
37.344277;-2.164421;382;0;5;726;3865;44.5;121.89;;;
37.344309;-2.164199;383;0;5;727;3864;44.52;121.87;;;
37.344341;-2.163976;384;0;6;728;3863;44.54;121.85;;;
37.344372;-2.163753;385;0;6;729;3862;44.56;121.83;;;
37.344398;-2.163530;386;0;7;730;3861;44.58;121.81;;;
37.344358;-2.163311;388;0;7;732;3859;44.6;121.79;;;
37.344284;-2.163108;389;0;7;733;3858;44.62;121.77;;;
37.344140;-2.162981;390;0;8;734;3857;44.64;121.75;;;
37.343973;-2.162896;392;0;8;736;3855;44.66;121.73;;;
37.343795;-2.162879;394;0;7;738;3853;44.68;121.71;;;
37.343615;-2.162867;396;0;7;740;3851;44.7;121.69;;;
37.343435;-2.162855;397;0;7;741;3850;44.72;121.67;;;
37.343256;-2.162842;399;0;7;743;3848;44.74;121.65;;;
37.343086;-2.162907;399;0;6;743;3848;44.76;121.63;;;
37.342930;-2.163011;400;0;6;744;3847;44.78;121.61;;;
37.342810;-2.163179;401;0;5;745;3846;44.8;121.59;;;
37.342663;-2.163305;403;0;6;747;3844;44.82;121.57;;;
37.342502;-2.163405;404;0;7;748;3843;44.84;121.55;;;
37.342332;-2.163479;405;0;7;749;3842;44.86;121.53;;;
37.342153;-2.163466;406;0;6;750;3841;44.88;121.51;;;
37.341977;-2.163422;409;0;6;753;3838;44.9;121.49;;;
37.341824;-2.163304;410;0;5;754;3837;44.92;121.47;;;
37.341675;-2.163178;411;0;5;755;3836;44.94;121.45;;;
37.341531;-2.163041;411;0;3;755;3836;44.96;121.43;;;
37.341365;-2.162958;412;0;2;756;3835;44.98;121.41;;;
37.341186;-2.162940;412;0;1;756;3835;45;121.39;;;
37.341011;-2.162987;412;0;0;756;3835;45.02;121.37;;;
37.340854;-2.163092;412;0;-1;756;3835;45.04;121.35;;;
37.340723;-2.163245;411;0;-1;756;3835;45.06;121.33;;;
37.340612;-2.163422;411;0;-2;756;3835;45.08;121.31;;;
37.340501;-2.163600;411;0;-2;756;3835;45.1;121.29;;;
37.340390;-2.163778;410;0;-2;756;3835;45.12;121.27;;;
37.340279;-2.163956;410;0;-2;756;3835;45.14;121.25;;;
37.340168;-2.164134;409;0;-2;756;3835;45.16;121.23;;;
37.340056;-2.164312;409;0;-2;756;3835;45.18;121.21;;;
37.339945;-2.164490;408;0;-2;756;3835;45.2;121.19;;;
37.339824;-2.164654;408;0;-1;756;3835;45.22;121.17;;;
37.339680;-2.164790;408;0;0;756;3835;45.24;121.15;;;
37.339506;-2.164846;408;0;1;756;3835;45.26;121.13;;;
37.339327;-2.164860;408;0;2;757;3834;45.28;121.11;;;
37.339149;-2.164836;409;0;3;757;3834;45.3;121.09;;;
37.338977;-2.164775;409;0;4;758;3833;45.32;121.07;;;
37.338819;-2.164673;410;0;5;759;3832;45.34;121.05;;;
37.338686;-2.164521;412;0;6;760;3831;45.36;121.03;;;
37.338553;-2.164369;413;0;7;762;3829;45.38;121.01;;;
37.338420;-2.164217;415;0;8;763;3828;45.4;120.99;;;
37.338287;-2.164065;416;0;7;765;3826;45.42;120.97;;;
37.338153;-2.163914;418;0;7;766;3825;45.44;120.95;;;
37.338003;-2.163788;420;0;8;769;3822;45.46;120.93;;;
37.337853;-2.163664;422;0;8;770;3821;45.48;120.91;;;
37.337698;-2.163549;422;0;8;770;3821;45.5;120.89;;;
37.337530;-2.163471;424;0;8;772;3819;45.52;120.87;;;
37.337358;-2.163408;426;0;7;775;3816;45.54;120.85;;;
37.337179;-2.163380;427;0;8;775;3816;45.56;120.83;;;
37.337000;-2.163378;429;0;9;777;3814;45.58;120.81;;;
37.336820;-2.163376;430;0;8;779;3812;45.6;120.79;;;
37.336640;-2.163374;432;0;7;780;3811;45.62;120.77;;;
37.336460;-2.163371;434;0;7;782;3809;45.64;120.75;;;
37.336281;-2.163358;435;0;6;784;3807;45.66;120.73;;;
37.336104;-2.163316;436;0;5;785;3806;45.68;120.71;;;
37.335928;-2.163274;437;0;4;786;3805;45.7;120.69;;;
37.335753;-2.163221;438;0;3;786;3805;45.72;120.67;;;
37.335578;-2.163167;438;0;2;786;3805;45.74;120.65;;;
37.335408;-2.163097;438;0;1;787;3804;45.76;120.63;;;
37.335241;-2.163011;438;0;1;787;3804;45.78;120.61;;;
37.335075;-2.162925;438;0;1;787;3804;45.8;120.59;;;
37.334905;-2.162852;438;0;0;787;3804;45.82;120.57;;;
37.334730;-2.162804;438;0;0;787;3804;45.84;120.55;;;
37.334552;-2.162770;438;0;1;787;3804;45.86;120.53;;;
37.334372;-2.162782;439;0;1;787;3804;45.88;120.51;;;
37.334193;-2.162795;439;0;1;787;3804;45.9;120.49;;;
37.334014;-2.162818;439;0;1;787;3804;45.92;120.47;;;
37.333835;-2.162847;439;0;1;788;3803;45.94;120.45;;;
37.333657;-2.162877;439;0;1;788;3803;45.96;120.43;;;
37.333478;-2.162890;440;0;1;788;3803;45.98;120.41;;;
37.333298;-2.162890;440;0;1;788;3803;46;120.39;;;
37.333124;-2.162839;440;0;1;788;3803;46.02;120.37;;;
37.332960;-2.162751;440;0;2;788;3803;46.04;120.35;;;
37.332811;-2.162626;440;0;2;789;3802;46.06;120.33;;;
37.332677;-2.162475;441;0;2;789;3802;46.08;120.31;;;
37.332557;-2.162306;441;0;3;790;3801;46.1;120.29;;;
37.332437;-2.162138;442;0;3;790;3801;46.12;120.27;;;
37.332317;-2.161969;443;0;4;791;3800;46.14;120.25;;;
37.332198;-2.161800;443;0;4;792;3799;46.16;120.23;;;
37.332078;-2.161631;444;0;5;793;3798;46.18;120.21;;;
37.331958;-2.161463;445;0;4;794;3797;46.2;120.19;;;
37.331838;-2.161294;446;0;5;795;3796;46.22;120.17;;;
37.331719;-2.161125;447;0;5;796;3795;46.24;120.15;;;
37.331595;-2.160961;448;0;5;797;3794;46.26;120.13;;;
37.331460;-2.160812;449;0;5;797;3794;46.28;120.11;;;
37.331305;-2.160699;450;0;6;799;3792;46.3;120.09;;;
37.331146;-2.160592;451;0;6;800;3791;46.32;120.07;;;
37.330980;-2.160510;453;0;6;801;3790;46.34;120.05;;;
37.330806;-2.160452;454;0;6;802;3789;46.36;120.03;;;
37.330627;-2.160441;456;0;6;804;3787;46.38;120.01;;;
37.330447;-2.160445;457;0;6;805;3786;46.4;119.99;;;
37.330267;-2.160449;458;0;6;806;3785;46.42;119.97;;;
37.330087;-2.160462;459;0;6;807;3784;46.44;119.95;;;
37.329908;-2.160476;460;0;6;809;3782;46.46;119.93;;;
37.329728;-2.160490;461;0;6;810;3781;46.48;119.91;;;
37.329549;-2.160504;462;0;7;811;3780;46.5;119.89;;;
37.329369;-2.160518;464;0;7;812;3779;46.52;119.87;;;
37.329190;-2.160532;465;0;8;814;3777;46.54;119.85;;;
37.329010;-2.160546;467;0;8;815;3776;46.56;119.83;;;
37.328831;-2.160560;469;0;8;817;3774;46.58;119.81;;;
37.328651;-2.160574;470;0;8;819;3772;46.6;119.79;;;
37.328472;-2.160588;472;0;8;821;3770;46.62;119.77;;;
37.328306;-2.160673;474;0;8;822;3769;46.64;119.75;;;
37.328143;-2.160767;475;0;7;823;3768;46.66;119.73;;;
37.328004;-2.160909;477;0;7;825;3766;46.68;119.71;;;
37.327887;-2.161078;478;0;6;827;3764;46.7;119.69;;;
37.327793;-2.161270;479;0;6;828;3763;46.72;119.67;;;
37.327736;-2.161484;480;0;6;829;3762;46.74;119.65;;;
37.327699;-2.161705;481;0;5;830;3761;46.76;119.63;;;
37.327662;-2.161927;482;0;4;831;3760;46.78;119.61;;;
37.327605;-2.162140;483;0;4;832;3759;46.8;119.59;;;
37.327503;-2.162322;484;0;4;833;3758;46.82;119.57;;;
37.327366;-2.162463;485;0;3;833;3758;46.84;119.55;;;
37.327206;-2.162566;485;0;2;833;3758;46.86;119.53;;;
37.327031;-2.162583;486;0;2;834;3757;46.88;119.51;;;
37.326860;-2.162517;486;0;1;834;3757;46.9;119.49;;;
37.326705;-2.162405;486;0;1;835;3756;46.92;119.47;;;
37.326547;-2.162297;486;0;0;835;3756;46.94;119.45;;;
37.326381;-2.162217;486;0;0;835;3756;46.96;119.43;;;
37.326202;-2.162201;486;0;-1;835;3756;46.98;119.41;;;
37.326022;-2.162209;486;0;-1;835;3756;47;119.39;;;
37.325852;-2.162279;486;0;-1;835;3756;47.02;119.37;;;
37.325684;-2.162358;485;0;-2;835;3756;47.04;119.35;;;
37.325527;-2.162469;485;0;-2;835;3756;47.06;119.33;;;
37.325371;-2.162581;484;0;-2;835;3756;47.08;119.31;;;
37.325214;-2.162693;484;0;-2;835;3756;47.1;119.29;;;
37.325058;-2.162804;483;0;-3;835;3756;47.12;119.27;;;
37.324888;-2.162879;483;0;-3;835;3756;47.14;119.25;;;
37.324718;-2.162952;482;0;-3;835;3756;47.16;119.23;;;
37.324541;-2.162987;482;0;-3;835;3756;47.18;119.21;;;
37.324363;-2.163023;481;0;-4;835;3756;47.2;119.19;;;
37.324192;-2.163087;480;0;-4;835;3756;47.22;119.17;;;
37.324026;-2.163177;479;0;-4;835;3756;47.24;119.15;;;
37.323885;-2.163315;478;0;-4;835;3756;47.26;119.13;;;
37.323751;-2.163465;477;0;-3;835;3756;47.28;119.11;;;
37.323649;-2.163651;477;0;-3;835;3756;47.3;119.09;;;
37.323547;-2.163837;476;0;-2;835;3756;47.32;119.07;;;
37.323483;-2.164048;475;0;-2;835;3756;47.34;119.05;;;
37.323438;-2.164267;475;0;-1;835;3756;47.36;119.03;;;
37.323393;-2.164486;476;0;0;835;3756;47.38;119.01;;;
37.323348;-2.164705;476;0;0;835;3756;47.4;118.99;;;
37.323303;-2.164924;476;0;1;835;3756;47.42;118.97;;;
37.323259;-2.165143;476;0;1;835;3756;47.44;118.95;;;
37.323214;-2.165362;476;0;1;835;3756;47.46;118.93;;;
37.323169;-2.165581;477;0;2;836;3755;47.48;118.91;;;
37.323124;-2.165800;477;0;2;836;3755;47.5;118.89;;;
37.323080;-2.166019;477;0;2;836;3755;47.52;118.87;;;
37.323035;-2.166238;478;0;3;837;3754;47.54;118.85;;;
37.322986;-2.166456;478;0;3;837;3754;47.56;118.83;;;
37.322919;-2.166666;479;0;4;838;3753;47.58;118.81;;;
37.322840;-2.166866;479;0;5;838;3753;47.6;118.79;;;
37.322725;-2.167041;481;0;6;840;3751;47.62;118.77;;;
37.322605;-2.167209;482;0;7;841;3750;47.64;118.75;;;
37.322482;-2.167373;484;0;8;843;3748;47.66;118.73;;;
37.322358;-2.167538;486;0;9;845;3746;47.68;118.71;;;
37.322234;-2.167702;488;0;9;847;3744;47.7;118.69;;;
37.322111;-2.167866;490;0;9;849;3742;47.72;118.67;;;
37.321987;-2.168031;492;0;9;851;3740;47.74;118.65;;;
37.321864;-2.168195;494;0;8;853;3738;47.76;118.63;;;
37.321740;-2.168360;495;0;8;854;3737;47.78;118.61;;;
37.321617;-2.168524;496;0;8;856;3735;47.8;118.59;;;
37.321493;-2.168689;498;0;8;857;3734;47.82;118.57;;;
37.321368;-2.168850;499;0;7;858;3733;47.84;118.55;;;
37.321221;-2.168980;501;0;7;860;3731;47.86;118.53;;;
37.321056;-2.169061;502;0;6;862;3729;47.88;118.51;;;
37.320876;-2.169067;504;0;5;863;3728;47.9;118.49;;;
37.320698;-2.169043;505;0;4;864;3727;47.92;118.47;;;
37.320522;-2.168997;505;0;2;865;3726;47.94;118.45;;;
37.320351;-2.168931;506;0;1;865;3726;47.96;118.43;;;
37.320181;-2.168855;506;0;0;865;3726;47.98;118.41;;;
37.320012;-2.168780;506;0;-1;865;3726;48;118.39;;;
37.319842;-2.168704;505;0;-2;865;3726;48.02;118.37;;;
37.319673;-2.168628;504;0;-2;865;3726;48.04;118.35;;;
37.319503;-2.168553;503;0;-3;865;3726;48.06;118.33;;;
37.319328;-2.168525;503;0;-3;865;3726;48.08;118.31;;;
37.319155;-2.168573;503;0;-3;865;3726;48.1;118.29;;;
37.319005;-2.168697;502;0;-3;865;3726;48.12;118.27;;;
37.318886;-2.168865;501;0;-3;865;3726;48.14;118.25;;;
37.318813;-2.169068;501;0;-3;865;3726;48.16;118.23;;;
37.318785;-2.169290;500;0;-3;865;3726;48.18;118.21;;;
37.318766;-2.169515;499;0;-3;865;3726;48.2;118.19;;;
37.318730;-2.169736;499;0;-3;865;3726;48.22;118.17;;;
37.318677;-2.169952;499;0;-2;865;3726;48.24;118.15;;;
37.318602;-2.170156;498;0;-2;865;3726;48.26;118.13;;;
37.318495;-2.170336;497;0;-2;865;3726;48.28;118.11;;;
37.318359;-2.170484;497;0;-2;865;3726;48.3;118.09;;;
37.318205;-2.170598;497;0;-2;865;3726;48.32;118.07;;;
37.318041;-2.170692;496;0;-2;865;3726;48.34;118.05;;;
37.317864;-2.170730;496;0;-2;865;3726;48.36;118.03;;;
37.317686;-2.170750;495;0;-2;865;3726;48.38;118.01;;;
37.317508;-2.170721;495;0;-2;865;3726;48.4;117.99;;;
37.317333;-2.170668;495;0;-2;865;3726;48.42;117.97;;;
37.317162;-2.170600;494;0;-2;865;3726;48.44;117.95;;;
37.316990;-2.170533;493;0;-3;865;3726;48.46;117.93;;;
37.316816;-2.170484;493;0;-3;865;3726;48.48;117.91;;;
37.316636;-2.170471;492;0;-3;865;3726;48.5;117.89;;;
37.316458;-2.170494;492;0;-3;865;3726;48.52;117.87;;;
37.316283;-2.170549;491;0;-3;865;3726;48.54;117.85;;;
37.316128;-2.170660;491;0;-2;865;3726;48.56;117.83;;;
37.315977;-2.170783;490;0;-2;865;3726;48.58;117.81;;;
37.315826;-2.170906;490;0;-2;865;3726;48.6;117.79;;;
37.315668;-2.171010;489;0;-2;865;3726;48.62;117.77;;;
37.315495;-2.171075;489;0;-1;865;3726;48.64;117.75;;;
37.315316;-2.171090;489;0;-1;865;3726;48.66;117.73;;;
37.315136;-2.171090;489;0;-1;865;3726;48.68;117.71;;;
37.314958;-2.171096;489;0;-1;865;3726;48.7;117.69;;;
37.314790;-2.171180;488;0;0;865;3726;48.72;117.67;;;
37.314640;-2.171300;488;0;0;865;3726;48.74;117.65;;;
37.314530;-2.171475;488;0;0;865;3726;48.76;117.63;;;
37.314477;-2.171690;488;0;0;865;3726;48.78;117.61;;;
37.314428;-2.171908;488;0;0;865;3726;48.8;117.59;;;
37.314378;-2.172125;488;0;0;865;3726;48.82;117.57;;;
37.314291;-2.172323;488;0;-1;865;3726;48.84;117.55;;;
37.314160;-2.172473;488;0;-1;865;3726;48.86;117.53;;;
37.314017;-2.172609;488;0;-2;865;3726;48.88;117.51;;;
37.313875;-2.172748;488;0;-2;865;3726;48.9;117.49;;;
37.313751;-2.172908;487;0;-3;865;3726;48.92;117.47;;;
37.313670;-2.173110;486;0;-3;865;3726;48.94;117.45;;;
37.313630;-2.173327;486;0;-4;865;3726;48.96;117.43;;;
37.313637;-2.173553;484;0;-4;865;3726;48.98;117.41;;;
37.313698;-2.173764;484;0;-4;865;3726;49;117.39;;;
37.313780;-2.173965;483;0;-4;865;3726;49.02;117.37;;;
37.313862;-2.174166;482;0;-4;865;3726;49.04;117.35;;;
37.313910;-2.174383;482;0;-3;865;3726;49.06;117.33;;;
37.313940;-2.174605;481;0;-3;865;3726;49.08;117.31;;;
37.313940;-2.174831;481;0;-3;865;3726;49.1;117.29;;;
37.313894;-2.175049;480;0;-3;865;3726;49.12;117.27;;;
37.313817;-2.175253;479;0;-3;865;3726;49.14;117.25;;;
37.313713;-2.175437;479;0;-4;865;3726;49.16;117.23;;;
37.313604;-2.175617;478;0;-4;865;3726;49.18;117.21;;;
37.313486;-2.175787;477;0;-4;865;3726;49.2;117.19;;;
37.313361;-2.175950;476;0;-5;865;3726;49.22;117.17;;;
37.313236;-2.176112;475;0;-5;865;3726;49.24;117.15;;;
37.313111;-2.176275;474;0;-6;865;3726;49.26;117.13;;;
37.312983;-2.176434;473;0;-6;865;3726;49.28;117.11;;;
37.312850;-2.176586;472;0;-6;865;3726;49.3;117.09;;;
37.312717;-2.176739;470;0;-7;865;3726;49.32;117.07;;;
37.312564;-2.176856;469;0;-7;865;3726;49.34;117.05;;;
37.312406;-2.176964;467;0;-6;865;3726;49.36;117.03;;;
37.312248;-2.177071;466;0;-6;865;3726;49.38;117.01;;;
37.312082;-2.177159;465;0;-5;865;3726;49.4;116.99;;;
37.311916;-2.177247;463;0;-4;865;3726;49.42;116.97;;;
37.311739;-2.177282;463;0;-3;865;3726;49.44;116.95;;;
37.311561;-2.177315;462;0;-1;865;3726;49.46;116.93;;;
37.311382;-2.177334;462;0;0;865;3726;49.48;116.91;;;
37.311202;-2.177339;462;0;2;865;3726;49.5;116.89;;;
37.311022;-2.177334;463;0;3;866;3725;49.52;116.87;;;
37.310843;-2.177328;464;0;4;867;3724;49.54;116.85;;;
37.310666;-2.177288;465;0;5;868;3723;49.56;116.83;;;
37.310492;-2.177233;466;0;5;869;3722;49.58;116.81;;;
37.310322;-2.177159;467;0;4;870;3721;49.6;116.79;;;
37.310153;-2.177079;468;0;3;871;3720;49.62;116.77;;;
37.309985;-2.176999;469;0;2;872;3719;49.64;116.75;;;
37.309817;-2.176920;470;0;1;873;3718;49.66;116.73;;;
37.309649;-2.176840;470;0;0;873;3718;49.68;116.71;;;
37.309480;-2.176760;469;0;-2;873;3718;49.7;116.69;;;
37.309312;-2.176680;469;0;-3;873;3718;49.72;116.67;;;
37.309144;-2.176601;468;0;-4;873;3718;49.74;116.65;;;
37.308983;-2.176501;467;0;-5;873;3718;49.76;116.63;;;
37.308858;-2.176339;465;0;-5;873;3718;49.78;116.61;;;
37.308765;-2.176148;464;0;-6;873;3718;49.8;116.59;;;
37.308720;-2.175930;463;0;-7;873;3718;49.82;116.57;;;
37.308683;-2.175709;462;0;-7;873;3718;49.84;116.55;;;
37.308639;-2.175491;461;0;-7;873;3718;49.86;116.53;;;
37.308534;-2.175308;459;0;-7;873;3718;49.88;116.51;;;
37.308424;-2.175129;457;0;-7;873;3718;49.9;116.49;;;
37.308268;-2.175021;456;0;-8;873;3718;49.92;116.47;;;
37.308096;-2.174958;453;0;-8;873;3718;49.94;116.45;;;
37.307917;-2.174959;453;0;-7;873;3718;49.96;116.43;;;
37.307746;-2.175023;452;0;-7;873;3718;49.98;116.41;;;
37.307613;-2.175173;450;0;-6;873;3718;50;116.39;;;
37.307494;-2.175343;449;0;-6;873;3718;50.02;116.37;;;
37.307369;-2.175504;448;0;-7;873;3718;50.04;116.35;;;
37.307235;-2.175655;447;0;-7;873;3718;50.06;116.33;;;
37.307128;-2.175836;445;0;-7;873;3718;50.08;116.31;;;
37.307021;-2.176018;444;0;-8;873;3718;50.1;116.29;;;
37.306914;-2.176200;442;0;-8;873;3718;50.12;116.27;;;
37.306807;-2.176381;440;0;-8;873;3718;50.14;116.25;;;
37.306699;-2.176563;438;0;-8;873;3718;50.16;116.23;;;
37.306592;-2.176744;436;0;-8;873;3718;50.18;116.21;;;
37.306485;-2.176926;435;0;-7;873;3718;50.2;116.19;;;
37.306378;-2.177108;434;0;-7;873;3718;50.22;116.17;;;
37.306271;-2.177289;432;0;-6;873;3718;50.24;116.15;;;
37.306164;-2.177472;431;0;-5;873;3718;50.26;116.13;;;
37.306072;-2.177666;430;0;-4;873;3718;50.28;116.11;;;
37.305980;-2.177860;430;0;-4;873;3718;50.3;116.09;;;
37.305905;-2.178066;429;0;-3;873;3718;50.32;116.07;;;
37.305854;-2.178282;428;0;-2;873;3718;50.34;116.05;;;
37.305808;-2.178500;428;0;-1;873;3718;50.36;116.03;;;
37.305782;-2.178724;428;0;-1;873;3718;50.38;116.01;;;
37.305756;-2.178948;427;0;1;873;3718;50.4;115.99;;;
37.305727;-2.179171;428;0;1;873;3718;50.42;115.97;;;
37.305691;-2.179393;428;0;2;874;3717;50.44;115.95;;;
37.305656;-2.179614;429;0;3;874;3717;50.46;115.93;;;
37.305593;-2.179826;430;0;4;875;3716;50.48;115.91;;;
37.305525;-2.180035;430;0;5;876;3715;50.5;115.89;;;
37.305458;-2.180245;431;0;6;877;3714;50.52;115.87;;;
37.305385;-2.180451;433;0;6;878;3713;50.54;115.85;;;
37.305308;-2.180656;435;0;6;880;3711;50.56;115.83;;;
37.305232;-2.180861;436;0;7;882;3709;50.58;115.81;;;
37.305155;-2.181065;437;0;8;883;3708;50.6;115.79;;;
37.305079;-2.181270;438;0;8;884;3707;50.62;115.77;;;
37.305007;-2.181477;440;0;8;885;3706;50.64;115.75;;;
37.304945;-2.181689;442;0;8;887;3704;50.66;115.73;;;
37.304883;-2.181901;444;0;8;889;3702;50.68;115.71;;;
37.304823;-2.182115;445;0;9;891;3700;50.7;115.69;;;
37.304781;-2.182335;447;0;9;893;3698;50.72;115.67;;;
37.304739;-2.182554;449;0;8;895;3696;50.74;115.65;;;
37.304697;-2.182774;451;0;8;896;3695;50.76;115.63;;;
37.304655;-2.182994;452;0;8;898;3693;50.78;115.61;;;
37.304633;-2.183218;454;0;7;900;3691;50.8;115.59;;;
37.304614;-2.183443;455;0;7;901;3690;50.82;115.57;;;
37.304595;-2.183668;456;0;7;902;3689;50.84;115.55;;;
37.304575;-2.183893;458;0;6;903;3688;50.86;115.53;;;
37.304556;-2.184118;459;0;6;905;3686;50.88;115.51;;;
37.304537;-2.184343;460;0;6;906;3685;50.9;115.49;;;
37.304518;-2.184567;462;0;5;907;3684;50.92;115.47;;;
37.304489;-2.184790;463;0;5;908;3683;50.94;115.45;;;
37.304448;-2.185010;463;0;5;909;3682;50.96;115.43;;;
37.304382;-2.185221;464;0;4;910;3681;50.98;115.41;;;
37.304310;-2.185427;465;0;3;911;3680;51;115.39;;;
37.304209;-2.185614;466;0;3;912;3679;51.02;115.37;;;
37.304088;-2.185781;466;0;3;912;3679;51.04;115.35;;;
37.303955;-2.185932;467;0;2;912;3679;51.06;115.33;;;
37.303818;-2.186079;467;0;2;913;3678;51.08;115.31;;;
37.303658;-2.186176;467;0;1;913;3678;51.1;115.29;;;
37.303490;-2.186254;468;0;1;913;3678;51.12;115.27;;;
37.303317;-2.186315;468;0;1;914;3677;51.14;115.25;;;
37.303140;-2.186352;468;0;0;914;3677;51.16;115.23;;;
37.302960;-2.186360;468;0;0;914;3677;51.18;115.21;;;
37.302781;-2.186360;468;0;-1;914;3677;51.2;115.19;;;
37.302601;-2.186351;468;0;-1;914;3677;51.22;115.17;;;
37.302421;-2.186338;467;0;-2;914;3677;51.24;115.15;;;
37.302242;-2.186325;467;0;-2;914;3677;51.26;115.13;;;
37.302062;-2.186312;467;0;-3;914;3677;51.28;115.11;;;
37.301883;-2.186299;466;0;-3;914;3677;51.3;115.09;;;
37.301704;-2.186273;465;0;-4;914;3677;51.32;115.07;;;
37.301525;-2.186248;464;0;-4;914;3677;51.34;115.05;;;
37.301347;-2.186218;463;0;-4;914;3677;51.36;115.03;;;
37.301170;-2.186177;462;0;-5;914;3677;51.38;115.01;;;
37.300994;-2.186133;462;0;-5;914;3677;51.4;114.99;;;
37.300823;-2.186063;461;0;-5;914;3677;51.42;114.97;;;
37.300653;-2.185989;460;0;-5;914;3677;51.44;114.95;;;
37.300492;-2.185887;459;0;-6;914;3677;51.46;114.93;;;
37.300332;-2.185786;457;0;-6;914;3677;51.48;114.91;;;
37.300175;-2.185674;456;0;-7;914;3677;51.5;114.89;;;
37.300022;-2.185555;455;0;-7;914;3677;51.52;114.87;;;
37.299870;-2.185436;453;0;-7;914;3677;51.54;114.85;;;
37.299729;-2.185297;452;0;-8;914;3677;51.56;114.83;;;
37.299596;-2.185145;450;0;-8;914;3677;51.58;114.81;;;
37.299463;-2.184992;449;0;-8;914;3677;51.6;114.79;;;
37.299337;-2.184831;447;0;-7;914;3677;51.62;114.77;;;
37.299211;-2.184669;445;0;-7;914;3677;51.64;114.75;;;
37.299085;-2.184508;444;0;-6;914;3677;51.66;114.73;;;
37.298959;-2.184347;443;0;-5;914;3677;51.68;114.71;;;
37.298832;-2.184186;441;0;-4;914;3677;51.7;114.69;;;
37.298706;-2.184026;440;0;-3;914;3677;51.72;114.67;;;
37.298567;-2.183882;440;0;-2;914;3677;51.74;114.65;;;
37.298428;-2.183738;441;0;-1;914;3677;51.76;114.63;;;
37.298273;-2.183624;441;0;0;914;3677;51.78;114.61;;;
37.298118;-2.183509;441;0;1;914;3677;51.8;114.59;;;
37.297963;-2.183395;441;0;2;914;3677;51.82;114.57;;;
37.297808;-2.183280;441;0;3;914;3677;51.84;114.55;;;
37.297652;-2.183168;442;0;3;915;3676;51.86;114.53;;;
37.297495;-2.183056;443;0;4;916;3675;51.88;114.51;;;
37.297339;-2.182944;444;0;4;917;3674;51.9;114.49;;;
37.297183;-2.182832;445;0;5;918;3673;51.92;114.47;;;
37.297027;-2.182720;446;0;5;919;3672;51.94;114.45;;;
37.296870;-2.182608;447;0;4;920;3671;51.96;114.43;;;
37.296714;-2.182496;448;0;3;921;3670;51.98;114.41;;;
37.296558;-2.182384;449;0;3;922;3669;52;114.39;;;
37.296401;-2.182272;449;0;2;922;3669;52.02;114.37;;;
37.296245;-2.182160;449;0;1;922;3669;52.04;114.35;;;
37.296089;-2.182048;449;0;1;922;3669;52.06;114.33;;;
37.295933;-2.181936;449;0;0;922;3669;52.08;114.31;;;
37.295785;-2.181809;449;0;0;922;3669;52.1;114.29;;;
37.295653;-2.181656;449;0;0;922;3669;52.12;114.27;;;
37.295533;-2.181488;449;0;-1;922;3669;52.14;114.25;;;
37.295413;-2.181319;449;0;-1;922;3669;52.16;114.23;;;
37.295293;-2.181151;449;0;-1;922;3669;52.18;114.21;;;
37.295146;-2.181029;448;0;-1;922;3669;52.2;114.19;;;
37.294979;-2.180949;448;0;-1;922;3669;52.22;114.17;;;
37.294806;-2.180887;448;0;-1;922;3669;52.24;114.15;;;
37.294628;-2.180862;448;0;-1;922;3669;52.26;114.13;;;
37.294449;-2.180866;447;0;-1;922;3669;52.28;114.11;;;
37.294269;-2.180869;447;0;-1;922;3669;52.3;114.09;;;
37.294089;-2.180868;447;0;-1;922;3669;52.32;114.07;;;
37.293910;-2.180881;447;0;-1;922;3669;52.34;114.05;;;
37.293730;-2.180895;447;0;0;922;3669;52.36;114.03;;;
37.293551;-2.180908;447;0;0;922;3669;52.38;114.01;;;
37.293371;-2.180922;447;0;1;922;3669;52.4;113.99;;;
37.293192;-2.180935;447;0;1;922;3669;52.42;113.97;;;
37.293013;-2.180957;447;0;1;923;3668;52.44;113.95;;;
37.292834;-2.180984;447;0;1;923;3668;52.46;113.93;;;
37.292656;-2.181014;448;0;2;924;3667;52.48;113.91;;;
37.292478;-2.181046;448;0;2;924;3667;52.5;113.89;;;
37.292300;-2.181077;448;0;2;924;3667;52.52;113.87;;;
37.292122;-2.181109;449;0;2;925;3666;52.54;113.85;;;
37.291942;-2.181115;449;0;2;925;3666;52.56;113.83;;;
37.291763;-2.181107;450;0;3;925;3666;52.58;113.81;;;
37.291583;-2.181099;450;0;3;926;3665;52.6;113.79;16;;
37.291403;-2.181091;450;0;3;926;3665;52.62;113.77;;;
37.291223;-2.181083;451;0;4;927;3664;52.64;113.75;;;
37.291044;-2.181075;452;0;4;928;3663;52.66;113.73;;;
37.290864;-2.181067;453;0;4;929;3662;52.68;113.71;;;
37.290685;-2.181051;454;0;4;930;3661;52.7;113.69;;;
37.290512;-2.180991;455;0;4;931;3660;52.72;113.67;;;
37.290343;-2.180914;455;0;4;931;3660;52.74;113.65;;;
37.290170;-2.180851;456;0;4;932;3659;52.76;113.63;;;
37.289997;-2.180789;457;0;3;933;3658;52.78;113.61;;;
37.289824;-2.180726;458;0;2;933;3658;52.8;113.59;;;
37.289651;-2.180664;459;0;2;934;3657;52.82;113.57;;;
37.289476;-2.180612;459;0;2;934;3657;52.84;113.55;;;
37.289301;-2.180561;459;0;1;934;3657;52.86;113.53;;;
37.289125;-2.180517;459;0;1;935;3656;52.88;113.51;;;
37.288946;-2.180519;459;0;0;935;3656;52.9;113.49;;;
37.288796;-2.180637;459;0;0;935;3656;52.92;113.47;;;
37.288668;-2.180796;459;0;1;935;3656;52.94;113.45;;;
37.288540;-2.180955;459;0;1;935;3656;52.96;113.43;;;
37.288417;-2.181119;459;0;1;935;3656;52.98;113.41;;;
37.288289;-2.181276;460;0;1;935;3656;53;113.39;17;;
37.288144;-2.181407;460;0;1;936;3655;53.02;113.37;;;
37.288018;-2.181569;460;0;2;936;3655;53.04;113.35;;;
37.287877;-2.181708;460;0;2;936;3655;53.06;113.33;;;
37.287729;-2.181836;460;0;2;936;3655;53.08;113.31;;;
37.287572;-2.181946;461;0;2;937;3654;53.1;113.29;;;
37.287414;-2.182055;461;0;2;937;3654;53.12;113.27;;;
37.287257;-2.182165;462;0;2;938;3653;53.14;113.25;;;
37.287100;-2.182275;462;0;2;938;3653;53.16;113.23;;;
37.286943;-2.182385;463;0;2;939;3652;53.18;113.21;;;
37.286785;-2.182494;463;0;2;939;3652;53.2;113.19;;;
37.286633;-2.182614;464;0;2;939;3652;53.22;113.17;;;
37.286484;-2.182741;464;0;2;940;3651;53.24;113.15;;;
37.286335;-2.182868;464;0;1;940;3651;53.26;113.13;;;
37.286189;-2.183000;465;0;1;940;3651;53.28;113.11;;;
37.286048;-2.183139;465;0;1;941;3650;53.3;113.09;;;
37.285906;-2.183278;465;0;1;941;3650;53.32;113.07;;;
37.285764;-2.183417;465;0;1;941;3650;53.34;113.05;;;
37.285622;-2.183556;465;0;1;941;3650;53.36;113.03;;;
37.285477;-2.183690;465;0;1;941;3650;53.38;113.01;;;
37.285333;-2.183825;465;0;1;941;3650;53.4;112.99;;;
37.285188;-2.183959;466;0;0;941;3650;53.42;112.97;;;
37.285045;-2.184096;466;0;0;941;3650;53.44;112.95;;;
37.284907;-2.184240;466;0;1;942;3649;53.46;112.93;;;
37.284768;-2.184385;466;0;1;942;3649;53.48;112.91;;;
37.284630;-2.184529;466;0;2;942;3649;53.5;112.89;;;
37.284491;-2.184673;466;0;2;942;3649;53.52;112.87;;;
37.284353;-2.184817;467;0;3;943;3648;53.54;112.85;;;
37.284214;-2.184961;468;0;3;943;3648;53.56;112.83;;;
37.284076;-2.185106;468;0;3;944;3647;53.58;112.81;;;
37.283937;-2.185250;469;0;4;945;3646;53.6;112.79;;;
37.283801;-2.185398;470;0;4;946;3645;53.62;112.77;;;
37.283669;-2.185552;471;0;4;946;3645;53.64;112.75;;;
37.283537;-2.185705;471;0;4;947;3644;53.66;112.73;;;
37.283405;-2.185859;472;0;5;948;3643;53.68;112.71;;;
37.283273;-2.186012;473;0;5;949;3642;53.7;112.69;;;
37.283141;-2.186165;474;0;5;950;3641;53.72;112.67;;;
37.283016;-2.186328;475;0;6;951;3640;53.74;112.65;;;
37.282893;-2.186493;477;0;6;952;3639;53.76;112.63;;;
37.282764;-2.186651;478;0;6;954;3637;53.78;112.61;;;
37.282635;-2.186808;479;0;7;955;3636;53.8;112.59;;;
37.282506;-2.186965;480;0;6;956;3635;53.82;112.57;;;
37.282376;-2.187122;482;0;6;958;3633;53.84;112.55;;;
37.282247;-2.187279;483;0;6;959;3632;53.86;112.53;;;
37.282118;-2.187436;484;0;7;960;3631;53.88;112.51;;;
37.281989;-2.187594;485;0;7;961;3630;53.9;112.49;;;
37.281859;-2.187751;487;0;6;962;3629;53.92;112.47;;;
37.281707;-2.187870;488;0;6;964;3627;53.94;112.45;;;
37.281553;-2.187987;490;0;6;966;3625;53.96;112.43;;;
37.281392;-2.188089;491;0;6;967;3624;53.98;112.41;;;
37.281222;-2.188160;492;0;6;968;3623;54;112.39;;;
37.281049;-2.188223;493;0;5;969;3622;54.02;112.37;;;
37.280877;-2.188287;494;0;5;969;3622;54.04;112.35;;;
37.280702;-2.188340;494;0;5;970;3621;54.06;112.33;;;
37.280527;-2.188392;496;0;5;971;3620;54.08;112.31;;;
37.280352;-2.188443;497;0;6;972;3619;54.1;112.29;;;
37.280177;-2.188495;498;0;6;973;3618;54.12;112.27;;;
37.280001;-2.188546;499;0;6;975;3616;54.14;112.25;;;
37.279826;-2.188597;500;0;5;976;3615;54.16;112.23;;;
37.279651;-2.188649;502;0;5;978;3613;54.18;112.21;;;
37.279476;-2.188701;503;0;5;978;3613;54.2;112.19;;;
37.279301;-2.188752;503;0;6;979;3612;54.22;112.17;;;
37.279126;-2.188804;504;0;6;980;3611;54.24;112.15;;;
37.278951;-2.188855;505;0;7;980;3611;54.26;112.13;;;
37.278775;-2.188904;507;0;7;982;3609;54.28;112.11;;;
37.278599;-2.188952;509;0;8;984;3607;54.3;112.09;;;
37.278424;-2.189001;511;0;8;986;3605;54.32;112.07;;;
37.278245;-2.189010;513;0;8;989;3602;54.34;112.05;;;
37.278067;-2.188976;514;0;8;989;3602;54.36;112.03;;;
37.277893;-2.188921;515;0;8;991;3600;54.38;112.01;;;
37.277738;-2.188806;517;0;7;992;3599;54.4;111.99;;;
37.277584;-2.188690;518;0;6;994;3597;54.42;111.97;;;
37.277429;-2.188574;519;0;6;995;3596;54.44;111.95;;;
37.277275;-2.188458;521;0;7;996;3595;54.46;111.93;;;
37.277120;-2.188343;522;0;6;997;3594;54.48;111.91;;;
37.276966;-2.188227;522;0;5;998;3593;54.5;111.89;;;
37.276811;-2.188111;523;0;5;999;3592;54.52;111.87;;;
37.276639;-2.188049;526;0;6;1002;3589;54.54;111.85;;;
37.276459;-2.188048;526;0;6;1002;3589;54.56;111.83;;;
37.276284;-2.188097;527;0;6;1003;3588;54.58;111.81;;;
37.276110;-2.188154;528;0;6;1004;3587;54.6;111.79;;;
37.275940;-2.188226;530;0;6;1005;3586;54.62;111.77;;;
37.275773;-2.188310;531;0;7;1007;3584;54.64;111.75;;;
37.275606;-2.188395;532;0;6;1008;3583;54.66;111.73;;;
37.275440;-2.188480;534;0;7;1010;3581;54.68;111.71;;;
37.275268;-2.188545;535;0;6;1011;3580;54.7;111.69;;;
37.275093;-2.188531;536;0;6;1012;3579;54.72;111.67;;;
37.274941;-2.188418;537;0;6;1013;3578;54.74;111.65;;;
37.274803;-2.188274;539;0;6;1015;3576;54.76;111.63;;;
37.274641;-2.188185;540;0;6;1016;3575;54.78;111.61;;;
37.274466;-2.188209;540;0;7;1016;3575;54.8;111.59;;;
37.274313;-2.188327;542;0;6;1018;3573;54.82;111.57;;;
37.274141;-2.188378;543;0;6;1019;3572;54.84;111.55;;;
37.273971;-2.188318;544;0;6;1020;3571;54.86;111.53;;;
37.273880;-2.188127;546;0;7;1022;3569;54.88;111.51;;;
37.273801;-2.187923;547;0;7;1023;3568;54.9;111.49;;;
37.273723;-2.187720;548;0;6;1024;3567;54.92;111.47;;;
37.273644;-2.187517;549;0;7;1025;3566;54.94;111.45;;;
37.273527;-2.187350;551;0;6;1027;3564;54.96;111.43;;;
37.273354;-2.187376;552;0;7;1028;3563;54.98;111.41;;;
37.273262;-2.187564;553;0;8;1029;3562;55;111.39;;;
37.273298;-2.187784;555;0;8;1031;3560;55.02;111.37;;;
37.273367;-2.187991;556;0;8;1032;3559;55.04;111.35;;;
37.273456;-2.188188;558;0;7;1034;3557;55.06;111.33;;;
37.273545;-2.188384;560;0;6;1036;3555;55.08;111.31;;;
37.273634;-2.188581;562;0;6;1038;3553;55.1;111.29;;;
37.273723;-2.188777;563;0;6;1039;3552;55.12;111.27;;;
37.273812;-2.188973;563;0;6;1039;3552;55.14;111.25;;;
37.273901;-2.189170;564;0;6;1039;3552;55.16;111.23;;;
37.273990;-2.189366;564;0;6;1040;3551;55.18;111.21;;;
37.274079;-2.189562;566;0;6;1042;3549;55.2;111.19;;;
37.274169;-2.189759;568;0;6;1043;3548;55.22;111.17;;;
37.274258;-2.189955;569;0;7;1045;3546;55.24;111.15;;;
37.274368;-2.190128;571;0;7;1047;3544;55.26;111.13;;;
37.274546;-2.190158;572;0;6;1048;3543;55.28;111.11;;;
37.274711;-2.190087;573;0;6;1049;3542;55.3;111.09;;;
37.274838;-2.189928;574;0;6;1050;3541;55.32;111.07;;;
37.274963;-2.189766;575;0;6;1051;3540;55.34;111.05;;;
37.275088;-2.189603;576;0;6;1052;3539;55.36;111.03;;;
37.275246;-2.189494;578;0;5;1054;3537;55.38;111.01;;;
37.275412;-2.189413;579;0;5;1055;3536;55.4;110.99;;;
37.275581;-2.189472;580;0;5;1056;3535;55.42;110.97;;;
37.275687;-2.189652;581;0;5;1056;3535;55.44;110.95;;;
37.275673;-2.189871;582;0;5;1057;3534;55.46;110.93;;;
37.275585;-2.190067;582;0;5;1058;3533;55.48;110.91;;;
37.275493;-2.190261;583;0;5;1059;3532;55.5;110.89;;;
37.275420;-2.190465;586;0;5;1061;3530;55.52;110.87;;;
37.275440;-2.190686;586;0;6;1062;3529;55.54;110.85;;;
37.275514;-2.190892;587;0;6;1063;3528;55.56;110.83;;;
37.275602;-2.191089;588;0;6;1064;3527;55.58;110.81;;;
37.275692;-2.191284;589;0;5;1065;3526;55.6;110.79;;;
37.275783;-2.191480;590;0;6;1066;3525;55.62;110.77;;;
37.275873;-2.191676;591;0;6;1067;3524;55.64;110.75;;;
37.275963;-2.191871;593;0;6;1068;3523;55.66;110.73;;;
37.276053;-2.192067;594;0;7;1070;3521;55.68;110.71;;;
37.276143;-2.192263;595;0;7;1071;3520;55.7;110.69;;;
37.276233;-2.192458;597;0;7;1072;3519;55.72;110.67;;;
37.276310;-2.192661;599;0;7;1075;3516;55.74;110.65;;;
37.276310;-2.192888;600;0;7;1076;3515;55.76;110.63;;;
37.276310;-2.193114;602;0;6;1078;3513;55.78;110.61;;;
37.276353;-2.193333;603;0;5;1079;3512;55.8;110.59;;;
37.276390;-2.193554;604;0;3;1080;3511;55.82;110.57;;;
37.276408;-2.193778;605;0;2;1080;3511;55.84;110.55;;;
37.276384;-2.194001;605;0;0;1081;3510;55.86;110.53;;;
37.276334;-2.194218;604;0;-1;1081;3510;55.88;110.51;;;
37.276285;-2.194436;604;0;-2;1081;3510;55.9;110.49;;;
37.276235;-2.194653;603;0;-3;1081;3510;55.92;110.47;;;
37.276186;-2.194870;603;0;-3;1081;3510;55.94;110.45;;;
37.276083;-2.195047;602;0;-3;1081;3510;55.96;110.43;;;
37.275927;-2.195156;601;0;-3;1081;3510;55.98;110.41;;;
37.275747;-2.195160;600;0;-2;1081;3510;56;110.39;;;
37.275568;-2.195160;600;0;-1;1081;3510;56.02;110.37;;;
37.275388;-2.195159;599;0;1;1081;3510;56.04;110.35;;;
37.275213;-2.195106;600;0;2;1081;3510;56.06;110.33;;;
37.275050;-2.195015;600;0;3;1082;3509;56.08;110.31;;;
37.274907;-2.194880;601;0;4;1083;3508;56.1;110.29;;;
37.274772;-2.194730;603;0;5;1084;3507;56.12;110.27;;;
37.274637;-2.194580;604;0;6;1085;3506;56.14;110.25;;;
37.274488;-2.194454;605;0;6;1086;3505;56.16;110.23;;;
37.274331;-2.194349;606;0;6;1087;3504;56.18;110.21;;;
37.274156;-2.194298;606;0;6;1088;3503;56.2;110.19;;;
37.273977;-2.194298;609;0;6;1091;3500;56.22;110.17;;;
37.273800;-2.194338;610;0;6;1092;3499;56.24;110.15;;;
37.273625;-2.194386;611;0;6;1092;3499;56.26;110.13;;;
37.273449;-2.194434;612;0;7;1093;3498;56.28;110.11;;;
37.273273;-2.194481;613;0;5;1095;3496;56.3;110.09;;;
37.273097;-2.194529;615;0;5;1096;3495;56.32;110.07;;;
37.272926;-2.194597;616;0;6;1098;3493;56.34;110.05;;;
37.272780;-2.194722;617;0;6;1099;3492;56.36;110.03;;;
37.272667;-2.194899;617;0;6;1099;3492;56.38;110.01;;;
37.272622;-2.195116;619;0;6;1100;3491;56.4;109.99;;;
37.272617;-2.195340;620;0;6;1101;3490;56.42;109.97;;;
37.272628;-2.195566;621;0;6;1103;3488;56.44;109.95;;;
37.272604;-2.195786;622;0;7;1104;3487;56.46;109.93;;;
37.272511;-2.195977;624;0;7;1105;3486;56.48;109.91;;;
37.272358;-2.196096;625;0;6;1107;3484;56.5;109.89;;;
37.272181;-2.196110;627;0;6;1108;3483;56.52;109.87;;;
37.272007;-2.196067;628;0;6;1110;3481;56.54;109.85;;;
37.271836;-2.195997;629;0;5;1111;3480;56.56;109.83;;;
37.271660;-2.195981;630;0;6;1111;3480;56.58;109.81;;;
37.271492;-2.196046;630;0;6;1112;3479;56.6;109.79;;;
37.271336;-2.196158;632;0;6;1113;3478;56.62;109.77;;;
37.271179;-2.196270;633;0;6;1115;3476;56.64;109.75;;;
37.271023;-2.196382;634;0;6;1116;3475;56.66;109.73;;;
37.270867;-2.196494;636;0;6;1118;3473;56.68;109.71;;;
37.270711;-2.196606;638;0;6;1119;3472;56.7;109.69;;;
37.270560;-2.196730;638;0;6;1120;3471;56.72;109.67;;;
37.270479;-2.196928;639;0;5;1120;3471;56.74;109.65;;;
37.270428;-2.197145;640;0;5;1122;3469;56.76;109.63;;;
37.270388;-2.197365;641;0;5;1123;3468;56.78;109.61;;;
37.270350;-2.197586;642;0;6;1124;3467;56.8;109.59;;;
37.270311;-2.197807;643;0;6;1125;3466;56.82;109.57;;;
37.270270;-2.198027;644;0;6;1126;3465;56.84;109.55;;;
37.270226;-2.198246;646;0;7;1127;3464;56.86;109.53;;;
37.270181;-2.198465;647;0;7;1129;3462;56.88;109.51;;;
37.270118;-2.198672;649;0;7;1130;3461;56.9;109.49;;;
37.270008;-2.198852;650;0;7;1132;3459;56.92;109.47;;;
37.269899;-2.199031;652;0;6;1133;3458;56.94;109.45;;;
37.269789;-2.199210;653;0;5;1134;3457;56.96;109.43;;;
37.269676;-2.199386;654;0;4;1136;3455;56.98;109.41;;;
37.269511;-2.199461;654;0;4;1136;3455;57;109.39;;;
37.269334;-2.199500;655;0;4;1136;3455;57.02;109.37;;;
37.269157;-2.199539;655;0;4;1137;3454;57.04;109.35;;;
37.268985;-2.199602;656;0;4;1137;3454;57.06;109.33;;;
37.268822;-2.199696;656;0;4;1138;3453;57.08;109.31;;;
37.268676;-2.199825;658;0;3;1140;3451;57.1;109.29;;;
37.268548;-2.199984;659;0;3;1141;3450;57.12;109.27;;;
37.268482;-2.200193;660;0;3;1141;3450;57.14;109.25;;;
37.268434;-2.200411;660;0;2;1142;3449;57.16;109.23;;;
37.268430;-2.200636;660;0;1;1142;3449;57.18;109.21;;;
37.268454;-2.200859;660;0;1;1142;3449;57.2;109.19;;;
37.268497;-2.201078;660;0;1;1142;3449;57.22;109.17;;;
37.268541;-2.201297;660;0;1;1142;3449;57.24;109.15;;;
37.268584;-2.201517;660;0;1;1142;3449;57.26;109.13;;;
37.268628;-2.201736;661;0;2;1142;3449;57.28;109.11;;;
37.268671;-2.201955;661;0;3;1143;3448;57.3;109.09;;;
37.268654;-2.202177;662;0;4;1143;3448;57.32;109.07;;;
37.268622;-2.202399;662;0;5;1144;3447;57.34;109.05;;;
37.268549;-2.202606;663;0;5;1145;3446;57.36;109.03;;;
37.268443;-2.202785;665;0;4;1146;3445;57.38;109.01;;;
37.268324;-2.202955;666;0;3;1148;3443;57.4;108.99;;;
37.268206;-2.203125;668;0;2;1149;3442;57.42;108.97;;;
37.268172;-2.203339;668;0;1;1150;3441;57.44;108.95;;;
37.268221;-2.203553;668;0;-1;1150;3441;57.46;108.93;;;
37.268295;-2.203759;667;0;-3;1150;3441;57.48;108.91;;;
37.268370;-2.203964;666;0;-5;1150;3441;57.5;108.89;18;summit;3
37.268371;-2.204186;665;0;-5;1150;3441;57.52;108.87;;;
37.268250;-2.204348;663;0;-5;1150;3441;57.54;108.85;;;
37.268078;-2.204332;661;0;-5;1150;3441;57.56;108.83;;;
37.267964;-2.204165;661;0;-6;1150;3441;57.58;108.81;;;
37.267901;-2.203954;660;0;-5;1150;3441;57.6;108.79;;;
37.267843;-2.203742;659;0;-5;1150;3441;57.62;108.77;;;
37.267691;-2.203632;658;0;-5;1150;3441;57.64;108.75;;;
37.267524;-2.203702;657;0;-6;1150;3441;57.66;108.73;;;
37.267389;-2.203851;656;0;-7;1150;3441;57.68;108.71;;;
37.267234;-2.203953;654;0;-7;1150;3441;57.7;108.69;;;
37.267062;-2.204023;653;0;-7;1150;3441;57.72;108.67;;;
37.266915;-2.204145;650;0;-7;1150;3441;57.74;108.65;;;
37.266795;-2.204314;649;0;-6;1150;3441;57.76;108.63;;;
37.266674;-2.204482;648;0;-7;1150;3441;57.78;108.61;;;
37.266550;-2.204644;647;0;-6;1150;3441;57.8;108.59;;;
37.266393;-2.204730;646;0;-5;1150;3441;57.82;108.57;;;
37.266215;-2.204713;646;0;-5;1150;3441;57.84;108.55;;;
37.266051;-2.204780;644;0;-5;1150;3441;57.86;108.53;;;
37.265902;-2.204908;643;0;-5;1150;3441;57.88;108.51;;;
37.265741;-2.204980;642;0;-5;1150;3441;57.9;108.49;;;
37.265596;-2.205106;641;0;-6;1150;3441;57.92;108.47;;;
37.265452;-2.205240;640;0;-6;1150;3441;57.94;108.45;;;
37.265298;-2.205356;640;0;-6;1150;3441;57.96;108.43;;;
37.265145;-2.205476;638;0;-7;1150;3441;57.98;108.41;;;
37.264993;-2.205596;636;0;-7;1150;3441;58;108.39;;;
37.264831;-2.205658;634;0;-7;1150;3441;58.02;108.37;;;
37.264653;-2.205626;633;0;-7;1150;3441;58.04;108.35;;;
37.264475;-2.205594;632;0;-6;1150;3441;58.06;108.33;;;
37.264318;-2.205491;630;0;-6;1150;3441;58.08;108.31;;;
37.264207;-2.205313;629;0;-6;1150;3441;58.1;108.29;;;
37.264052;-2.205211;628;0;-6;1150;3441;58.12;108.27;;;
37.263882;-2.205276;627;0;-5;1150;3441;58.14;108.25;;;
37.263761;-2.205439;626;0;-5;1150;3441;58.16;108.23;;;
37.263611;-2.205546;624;0;-5;1150;3441;58.18;108.21;;;
37.263435;-2.205592;624;0;-6;1150;3441;58.2;108.19;;;
37.263310;-2.205747;623;0;-5;1150;3441;58.22;108.17;;;
37.263212;-2.205935;622;0;-5;1150;3441;58.24;108.15;;;
37.263128;-2.206135;621;0;-6;1150;3441;58.26;108.13;;;
37.263043;-2.206334;619;0;-6;1150;3441;58.28;108.11;;;
37.262896;-2.206430;619;0;-6;1150;3441;58.3;108.09;;;
37.262735;-2.206347;616;0;-6;1150;3441;58.32;108.07;;;
37.262659;-2.206142;615;0;-7;1150;3441;58.34;108.05;;;
37.262546;-2.205983;614;0;-7;1150;3441;58.36;108.03;;;
37.262378;-2.206007;614;0;-8;1150;3441;58.38;108.01;;;
37.262306;-2.206214;612;0;-7;1150;3441;58.4;107.99;;;
37.262233;-2.206421;610;0;-7;1150;3441;58.42;107.97;;;
37.262189;-2.206639;608;0;-8;1150;3441;58.44;107.95;;;
37.262177;-2.206864;606;0;-8;1150;3441;58.46;107.93;;;
37.262174;-2.207090;605;0;-8;1150;3441;58.48;107.91;;;
37.262170;-2.207316;604;0;-7;1150;3441;58.5;107.89;;;
37.262117;-2.207532;602;0;-7;1150;3441;58.52;107.87;;;
37.262023;-2.207721;601;0;-7;1150;3441;58.54;107.85;;;
37.261883;-2.207861;600;0;-7;1150;3441;58.56;107.83;;;
37.261724;-2.207966;598;0;-7;1150;3441;58.58;107.81;;;
37.261565;-2.208072;596;0;-6;1150;3441;58.6;107.79;;;
37.261406;-2.208177;595;0;-6;1150;3441;58.62;107.77;;;
37.261247;-2.208283;594;0;-4;1150;3441;58.64;107.75;;;
37.261089;-2.208390;593;0;-3;1150;3441;58.66;107.73;;;
37.260944;-2.208525;593;0;-2;1150;3441;58.68;107.71;;;
37.260800;-2.208659;593;0;0;1150;3441;58.7;107.69;;;
37.260655;-2.208794;592;0;1;1150;3441;58.72;107.67;;;
37.260509;-2.208925;592;0;3;1150;3441;58.74;107.65;;;
37.260339;-2.208994;593;0;4;1151;3440;58.76;107.63;;;
37.260161;-2.209029;594;0;5;1152;3439;58.78;107.61;;;
37.259983;-2.209054;596;0;6;1154;3437;58.8;107.59;19;;
37.259804;-2.209078;598;0;6;1155;3436;58.82;107.57;;;
37.259625;-2.209103;600;0;7;1157;3434;58.84;107.55;;;
37.259447;-2.209106;601;0;7;1158;3433;58.86;107.53;;;
37.259271;-2.209059;601;0;7;1159;3432;58.88;107.51;;;
37.259107;-2.208972;603;0;7;1160;3431;58.9;107.49;;;
37.258952;-2.208859;605;0;8;1162;3429;58.92;107.47;;;
37.258814;-2.208714;606;0;8;1164;3427;58.94;107.45;;;
37.258677;-2.208568;608;0;9;1165;3426;58.96;107.43;;;
37.258540;-2.208421;610;0;9;1167;3424;58.98;107.41;;;
37.258374;-2.208340;612;0;8;1170;3421;59;107.39;;;
37.258196;-2.208350;614;0;8;1171;3420;59.02;107.37;;;
37.258017;-2.208373;615;0;9;1172;3419;59.04;107.35;;;
37.257839;-2.208401;616;0;9;1174;3417;59.06;107.33;;;
37.257660;-2.208432;618;0;9;1176;3415;59.08;107.31;;;
37.257482;-2.208463;620;0;9;1177;3414;59.1;107.29;;;
37.257304;-2.208494;622;0;9;1179;3412;59.12;107.27;;;
37.257126;-2.208525;624;0;9;1181;3410;59.14;107.25;;;
37.256948;-2.208556;626;0;8;1183;3408;59.16;107.23;;;
37.256770;-2.208592;628;0;8;1185;3406;59.18;107.21;;;
37.256596;-2.208645;629;0;7;1186;3405;59.2;107.19;;;
37.256421;-2.208698;630;0;5;1188;3403;59.22;107.17;;;
37.256246;-2.208691;631;0;4;1189;3402;59.24;107.15;;;
37.256077;-2.208614;632;0;3;1190;3401;59.26;107.13;;;
37.255915;-2.208517;632;0;2;1190;3401;59.28;107.11;;;
37.255745;-2.208447;632;0;0;1190;3401;59.3;107.09;;;
37.255571;-2.208387;632;0;0;1190;3401;59.32;107.07;;;
37.255392;-2.208380;632;0;-1;1190;3401;59.34;107.05;;;
37.255214;-2.208401;631;0;-1;1190;3401;59.36;107.03;;;
37.255039;-2.208452;631;0;-1;1190;3401;59.38;107.01;;;
37.254876;-2.208547;631;0;-1;1190;3401;59.4;106.99;;;
37.254734;-2.208681;631;0;-1;1190;3401;59.42;106.97;;;
37.254602;-2.208835;630;0;-1;1190;3401;59.44;106.95;;;
37.254470;-2.208988;630;0;0;1190;3401;59.46;106.93;;;
37.254314;-2.209100;630;0;0;1190;3401;59.48;106.91;;;
37.254157;-2.209209;630;0;0;1190;3401;59.5;106.89;;;
37.254000;-2.209320;631;0;1;1190;3401;59.52;106.87;;;
37.253862;-2.209465;631;0;2;1190;3401;59.54;106.85;;;
37.253737;-2.209626;631;0;2;1191;3400;59.56;106.83;;;
37.253628;-2.209805;631;0;3;1191;3400;59.58;106.81;;;
37.253559;-2.210014;632;0;4;1192;3399;59.6;106.79;;;
37.253491;-2.210223;633;0;4;1193;3398;59.62;106.77;;;
37.253422;-2.210432;634;0;5;1194;3397;59.64;106.75;;;
37.253353;-2.210640;635;0;5;1195;3396;59.66;106.73;;;
37.253288;-2.210851;636;0;4;1196;3395;59.68;106.71;;;
37.253229;-2.211065;637;0;4;1197;3394;59.7;106.69;;;
37.253171;-2.211278;638;0;3;1198;3393;59.72;106.67;;;
37.253100;-2.211485;639;0;2;1199;3392;59.74;106.65;;;
37.253015;-2.211685;639;0;0;1199;3392;59.76;106.63;;;
37.252931;-2.211884;639;0;-1;1199;3392;59.78;106.61;;;
37.252835;-2.212075;639;0;-3;1199;3392;59.8;106.59;;;
37.252737;-2.212265;638;0;-4;1199;3392;59.82;106.57;;;
37.252639;-2.212454;637;0;-5;1199;3392;59.84;106.55;;;
37.252541;-2.212644;636;0;-5;1199;3392;59.86;106.53;;;
37.252443;-2.212833;634;0;-5;1199;3392;59.88;106.51;;;
37.252345;-2.213023;633;0;-5;1199;3392;59.9;106.49;;;
37.252252;-2.213216;632;0;-5;1199;3392;59.92;106.47;;;
37.252162;-2.213412;631;0;-4;1199;3392;59.94;106.45;;;
37.252073;-2.213608;630;0;-3;1199;3392;59.96;106.43;;;
37.251985;-2.213805;629;0;-2;1199;3392;59.98;106.41;;;
37.251922;-2.214017;629;0;-1;1199;3392;60;106.39;;;
37.251859;-2.214228;629;0;0;1199;3392;60.02;106.37;;;
37.251772;-2.214425;629;0;1;1199;3392;60.04;106.35;;;
37.251662;-2.214601;630;0;2;1200;3391;60.06;106.33;;;
37.251525;-2.214746;631;0;3;1200;3391;60.08;106.31;;;
37.251387;-2.214892;631;0;4;1201;3390;60.1;106.29;;;
37.251250;-2.215038;632;0;4;1202;3389;60.12;106.27;;;
37.251131;-2.215206;633;0;4;1203;3388;60.14;106.25;;;
37.251020;-2.215384;634;0;4;1204;3387;60.16;106.23;;;
37.250909;-2.215562;635;0;4;1205;3386;60.18;106.21;;;
37.250798;-2.215740;636;0;4;1205;3386;60.2;106.19;;;
37.250687;-2.215918;637;0;4;1206;3385;60.22;106.17;;;
37.250576;-2.216096;637;0;4;1207;3384;60.24;106.15;;;
37.250469;-2.216277;638;0;4;1208;3383;60.26;106.13;;;
37.250388;-2.216478;639;0;4;1209;3382;60.28;106.11;;;
37.250306;-2.216680;640;0;4;1209;3382;60.3;106.09;;;
37.250267;-2.216898;640;0;4;1210;3381;60.32;106.07;;;
37.250238;-2.217121;641;0;4;1211;3380;60.34;106.05;;;
37.250211;-2.217344;642;0;4;1211;3380;60.36;106.03;;;
37.250254;-2.217564;643;0;4;1212;3379;60.38;106.01;;;
37.250297;-2.217783;644;0;4;1213;3378;60.4;105.99;;;
37.250348;-2.217999;645;0;4;1214;3377;60.42;105.97;;;
37.250426;-2.218203;646;0;4;1215;3376;60.44;105.95;;;
37.250525;-2.218387;646;0;4;1216;3375;60.46;105.93;;;
37.250655;-2.218543;647;0;4;1216;3375;60.48;105.91;;;
37.250788;-2.218695;647;0;3;1217;3374;60.5;105.89;;;
37.250924;-2.218843;648;0;3;1218;3373;60.52;105.87;;;
37.251060;-2.218991;649;0;3;1218;3373;60.54;105.85;;;
37.251196;-2.219138;649;0;3;1219;3372;60.56;105.83;;;
37.251332;-2.219286;650;0;3;1220;3371;60.58;105.81;;;
37.251440;-2.219462;651;0;4;1220;3371;60.6;105.79;;;
37.251519;-2.219665;651;0;4;1221;3370;60.62;105.77;;;
37.251597;-2.219868;652;0;4;1222;3369;60.64;105.75;;;
37.251676;-2.220071;653;0;4;1222;3369;60.66;105.73;;;
37.251755;-2.220274;654;0;4;1223;3368;60.68;105.71;;;
37.251833;-2.220478;655;0;4;1224;3367;60.7;105.69;;;
37.251904;-2.220686;655;0;4;1225;3366;60.72;105.67;;;
37.251975;-2.220893;656;0;3;1225;3366;60.74;105.65;;;
37.252045;-2.221101;656;0;3;1226;3365;60.76;105.63;;;
37.252116;-2.221309;657;0;3;1227;3364;60.78;105.61;;;
37.252133;-2.221533;658;0;4;1227;3364;60.8;105.59;;;
37.252147;-2.221758;658;0;4;1228;3363;60.82;105.57;;;
37.252160;-2.221984;659;0;4;1229;3362;60.84;105.55;;;
37.252174;-2.222209;660;0;4;1230;3361;60.86;105.53;;;
37.252188;-2.222434;661;0;4;1231;3360;60.88;105.51;;;
37.252195;-2.222660;662;0;4;1231;3360;60.9;105.49;;;
37.252200;-2.222886;662;0;4;1232;3359;60.92;105.47;;;
37.252206;-2.223112;663;0;4;1233;3358;60.94;105.45;;;
37.252212;-2.223338;664;0;4;1234;3357;60.96;105.43;;;
37.252217;-2.223563;665;0;4;1234;3357;60.98;105.41;;;
37.252223;-2.223789;665;0;4;1235;3356;61;105.39;;;
37.252228;-2.224015;666;0;4;1236;3355;61.02;105.37;;;
37.252228;-2.224241;667;0;4;1236;3355;61.04;105.35;;;
37.252225;-2.224467;668;0;5;1238;3353;61.06;105.33;;;
37.252222;-2.224693;669;0;5;1239;3352;61.08;105.31;;;
37.252205;-2.224916;670;0;5;1240;3351;61.1;105.29;;;
37.252157;-2.225134;671;0;5;1241;3350;61.12;105.27;;;
37.252109;-2.225352;672;0;4;1242;3349;61.14;105.25;;;
37.252061;-2.225570;673;0;4;1242;3349;61.16;105.23;;;
37.252013;-2.225787;673;0;4;1243;3348;61.18;105.21;;;
37.251965;-2.226005;674;0;4;1244;3347;61.2;105.19;;;
37.251886;-2.226208;675;0;4;1245;3346;61.22;105.17;;;
37.251803;-2.226408;676;0;4;1246;3345;61.24;105.15;;;
37.251713;-2.226603;677;0;4;1247;3344;61.26;105.13;;;
37.251603;-2.226782;678;0;4;1248;3343;61.28;105.11;;;
37.251493;-2.226960;679;0;4;1248;3343;61.3;105.09;;;
37.251383;-2.227139;679;0;3;1249;3342;61.32;105.07;;;
37.251314;-2.227347;680;0;3;1250;3341;61.34;105.05;;;
37.251251;-2.227558;680;0;3;1250;3341;61.36;105.03;;;
37.251259;-2.227784;681;0;4;1251;3340;61.38;105.01;;;
37.251279;-2.228008;682;0;5;1252;3339;61.4;104.99;;;
37.251301;-2.228232;682;0;5;1252;3339;61.42;104.97;;;
37.251323;-2.228457;683;0;6;1253;3338;61.44;104.95;;;
37.251344;-2.228681;685;0;6;1255;3336;61.46;104.93;;;
37.251366;-2.228905;687;0;6;1257;3334;61.48;104.91;;;
37.251378;-2.229130;689;0;7;1258;3333;61.5;104.89;;;
37.251373;-2.229356;690;0;8;1259;3332;61.52;104.87;;;
37.251367;-2.229582;691;0;8;1260;3331;61.54;104.85;;;
37.251362;-2.229808;692;0;7;1261;3330;61.56;104.83;;;
37.251382;-2.230031;693;0;6;1263;3328;61.58;104.81;;;
37.251414;-2.230253;696;0;6;1265;3326;61.6;104.79;;;
37.251464;-2.230469;697;0;7;1267;3324;61.62;104.77;;;
37.251531;-2.230679;698;0;7;1268;3323;61.64;104.75;;;
37.251597;-2.230890;699;0;6;1268;3323;61.66;104.73;;;
37.251664;-2.231099;699;0;6;1269;3322;61.68;104.71;;;
37.251745;-2.231301;701;0;6;1271;3320;61.7;104.69;;;
37.251826;-2.231502;703;0;7;1272;3319;61.72;104.67;;;
37.251907;-2.231704;704;0;7;1274;3317;61.74;104.65;;;
37.252010;-2.231889;706;0;7;1275;3316;61.76;104.63;;;
37.252120;-2.232067;707;0;7;1277;3314;61.78;104.61;;;
37.252230;-2.232246;709;0;7;1278;3313;61.8;104.59;;;
37.252340;-2.232425;710;0;6;1280;3311;61.82;104.57;;;
37.252451;-2.232603;711;0;6;1281;3310;61.84;104.55;;;
37.252561;-2.232781;712;0;7;1282;3309;61.86;104.53;;;
37.252690;-2.232939;713;0;6;1283;3308;61.88;104.51;;;
37.252819;-2.233097;714;0;6;1284;3307;61.9;104.49;;;
37.252994;-2.233110;716;0;6;1286;3305;61.92;104.47;;;
37.253171;-2.233086;718;0;7;1288;3303;61.94;104.45;;;
37.253343;-2.233018;718;0;7;1288;3303;61.96;104.43;;;
37.253463;-2.232886;719;0;8;1289;3302;61.98;104.41;;;
37.253516;-2.232670;721;0;7;1291;3300;62;104.39;;;
37.253550;-2.232451;723;0;7;1293;3298;62.02;104.37;;;
37.253550;-2.232225;725;0;8;1295;3296;62.04;104.35;;;
37.253550;-2.231999;727;0;7;1297;3294;62.06;104.33;;;
37.253500;-2.231783;728;0;7;1298;3293;62.08;104.31;;;
37.253443;-2.231568;729;0;7;1299;3292;62.1;104.29;;;
37.253365;-2.231366;730;0;7;1300;3291;62.12;104.27;;;
37.253273;-2.231173;731;0;7;1301;3290;62.14;104.25;;;
37.253185;-2.230976;732;0;7;1302;3289;62.16;104.23;;;
37.253144;-2.230756;734;0;7;1304;3287;62.18;104.21;;;
37.253134;-2.230536;736;0;7;1306;3285;62.2;104.19;;;
37.253228;-2.230364;737;0;7;1307;3284;62.22;104.17;;;
37.253381;-2.230246;738;0;7;1308;3283;62.24;104.15;;;
37.253551;-2.230172;740;0;7;1309;3282;62.26;104.13;;;
37.253720;-2.230097;741;0;7;1311;3280;62.28;104.11;;;
37.253890;-2.230022;742;0;7;1312;3279;62.3;104.09;;;
37.254060;-2.229948;743;0;7;1313;3278;62.32;104.07;;;
37.254231;-2.229982;745;0;6;1315;3276;62.34;104.05;;;
37.254363;-2.230120;747;0;7;1316;3275;62.36;104.03;;;
37.254468;-2.230303;748;0;7;1318;3273;62.38;104.01;;;
37.254585;-2.230471;749;0;8;1319;3272;62.4;103.99;;;
37.254751;-2.230541;749;0;7;1319;3272;62.42;103.97;;;
37.254924;-2.230500;752;0;7;1322;3269;62.44;103.95;;;
37.255067;-2.230366;754;0;7;1324;3267;62.46;103.93;;;
37.255205;-2.230221;755;0;7;1325;3266;62.48;103.91;;;
37.255343;-2.230076;757;0;8;1326;3265;62.5;103.89;;;
37.255480;-2.229931;758;0;7;1328;3263;62.52;103.87;;;
37.255640;-2.229829;759;0;6;1329;3262;62.54;103.85;;;
37.255811;-2.229839;761;0;6;1330;3261;62.56;103.83;;;
37.255976;-2.229922;762;0;6;1331;3260;62.58;103.81;;;
37.256128;-2.230042;763;0;6;1333;3258;62.6;103.79;;;
37.256281;-2.230162;764;0;6;1334;3257;62.62;103.77;;;
37.256434;-2.230281;765;0;6;1335;3256;62.64;103.75;;;
37.256606;-2.230335;767;0;7;1336;3255;62.66;103.73;;;
37.256780;-2.230279;768;0;6;1337;3254;62.68;103.71;;;
37.256947;-2.230197;769;0;7;1339;3252;62.7;103.69;;;
37.257110;-2.230102;771;0;8;1341;3250;62.72;103.67;;;
37.257275;-2.230026;772;0;8;1342;3249;62.74;103.65;;;
37.257452;-2.230070;772;0;8;1342;3249;62.76;103.63;;;
37.257602;-2.230187;776;0;8;1345;3246;62.78;103.61;;;
37.257759;-2.230282;779;0;8;1349;3242;62.8;103.59;;;
37.257937;-2.230313;780;0;8;1349;3242;62.82;103.57;;;
37.258115;-2.230331;781;0;9;1350;3241;62.84;103.55;;;
37.258285;-2.230258;782;0;7;1352;3239;62.86;103.53;;;
37.258446;-2.230159;783;0;7;1353;3238;62.88;103.51;;;
37.258622;-2.230124;785;0;7;1355;3236;62.9;103.49;;;
37.258797;-2.230179;786;0;8;1356;3235;62.92;103.47;;;
37.258959;-2.230274;788;0;8;1358;3233;62.94;103.45;;;
37.259119;-2.230378;790;0;8;1359;3232;62.96;103.43;;;
37.259279;-2.230482;791;0;7;1361;3230;62.98;103.41;;;
37.259438;-2.230586;793;0;6;1363;3228;63;103.39;;;
37.259594;-2.230700;795;0;5;1364;3227;63.02;103.37;;;
37.259745;-2.230821;796;0;4;1366;3225;63.04;103.35;;;
37.259892;-2.230952;796;0;3;1366;3225;63.06;103.33;;;
37.260039;-2.231083;796;0;1;1366;3225;63.08;103.31;;;
37.260185;-2.231214;796;0;0;1366;3225;63.1;103.29;;;
37.260332;-2.231345;796;0;-2;1366;3225;63.12;103.27;;;
37.260478;-2.231476;796;0;-2;1366;3225;63.14;103.25;;;
37.260625;-2.231607;795;0;-2;1366;3225;63.16;103.23;;;
37.260749;-2.231769;794;0;-2;1366;3225;63.18;103.21;;;
37.260866;-2.231939;793;0;-2;1366;3225;63.2;103.19;;;
37.260932;-2.232150;793;0;-2;1366;3225;63.22;103.17;;;
37.260997;-2.232360;793;0;-2;1366;3225;63.24;103.15;;;
37.261025;-2.232583;793;0;-1;1366;3225;63.26;103.13;;;
37.261034;-2.232808;792;0;-1;1366;3225;63.28;103.11;;;
37.261020;-2.233033;792;0;0;1366;3225;63.3;103.09;;;
37.260942;-2.233236;792;0;0;1366;3225;63.32;103.07;;;
37.260862;-2.233438;792;0;0;1366;3225;63.34;103.05;;;
37.260774;-2.233635;792;0;1;1366;3225;63.36;103.03;;;
37.260680;-2.233828;793;0;1;1367;3224;63.38;103.01;;;
37.260587;-2.234021;793;0;2;1367;3224;63.4;102.99;;;
37.260498;-2.234216;793;0;2;1367;3224;63.42;102.97;;;
37.260467;-2.234439;794;0;2;1368;3223;63.44;102.95;;;
37.260463;-2.234664;794;0;2;1368;3223;63.46;102.93;;;
37.260466;-2.234890;795;0;2;1369;3222;63.48;102.91;;;
37.260469;-2.235116;795;0;2;1369;3222;63.5;102.89;;;
37.260473;-2.235342;796;0;3;1370;3221;63.52;102.87;;;
37.260476;-2.235568;796;0;3;1370;3221;63.54;102.85;;;
37.260479;-2.235794;797;0;3;1371;3220;63.56;102.83;;;
37.260491;-2.236019;797;0;3;1371;3220;63.58;102.81;;;
37.260505;-2.236245;798;0;3;1372;3219;63.6;102.79;;;
37.260518;-2.236470;798;0;3;1372;3219;63.62;102.77;;;
37.260531;-2.236695;799;0;3;1373;3218;63.64;102.75;;;
37.260545;-2.236921;799;0;2;1373;3218;63.66;102.73;;;
37.260558;-2.237146;800;0;2;1374;3217;63.68;102.71;;;
37.260579;-2.237370;800;0;2;1374;3217;63.7;102.69;;;
37.260604;-2.237594;801;0;2;1375;3216;63.72;102.67;;;
37.260663;-2.237807;801;0;2;1375;3216;63.74;102.65;;;
37.260729;-2.238018;802;0;2;1376;3215;63.76;102.63;;;
37.260804;-2.238223;802;0;2;1376;3215;63.78;102.61;;;
37.260880;-2.238428;802;0;3;1376;3215;63.8;102.59;;;
37.260963;-2.238627;803;0;3;1377;3214;63.82;102.57;;;
37.261076;-2.238803;803;0;3;1377;3214;63.84;102.55;;;
37.261191;-2.238977;804;0;4;1378;3213;63.86;102.53;;;
37.261316;-2.239138;805;0;4;1379;3212;63.88;102.51;;;
37.261442;-2.239300;806;0;4;1380;3211;63.9;102.49;;;
37.261577;-2.239449;807;0;5;1381;3210;63.92;102.47;;;
37.261713;-2.239598;808;0;5;1382;3209;63.94;102.45;;;
37.261848;-2.239746;809;0;4;1383;3208;63.96;102.43;;;
37.261984;-2.239895;810;0;4;1384;3207;63.98;102.41;;;
37.262120;-2.240043;811;0;4;1385;3206;64;102.39;;;
37.262255;-2.240192;811;0;6;1385;3206;64.02;102.37;;;
37.262526;-2.240488;813;0;6;1387;3204;64.06;102.33;;;
37.262656;-2.240644;815;0;7;1389;3202;64.08;102.31;;;
37.262838;-2.241022;819;0;8;1393;3198;64.12;102.27;;;
37.262872;-2.241243;820;0;8;1394;3197;64.14;102.25;;;
37.262892;-2.241468;821;0;7;1395;3196;64.16;102.23;;;
37.262932;-2.241917;824;0;6;1398;3193;64.2;102.19;;;
37.262963;-2.242139;825;0;6;1399;3192;64.22;102.17;;;
37.263208;-2.242729;829;0;6;1403;3188;64.28;102.11;;;
37.263334;-2.242889;830;0;6;1404;3187;64.3;102.09;;;
37.263647;-2.243102;833;0;7;1407;3184;64.34;102.05;;;
37.263814;-2.243185;834;0;7;1408;3183;64.36;102.03;;;
37.263988;-2.243243;836;0;7;1410;3181;64.38;102.01;;;
37.264335;-2.243360;839;0;7;1413;3178;64.42;101.97;;;
37.264509;-2.243418;840;0;7;1414;3177;64.44;101.95;;;
37.264857;-2.243535;843;0;7;1417;3174;64.48;101.91;;;
37.265030;-2.243593;844;0;7;1418;3173;64.5;101.89;;;
37.265198;-2.243670;845;0;6;1419;3172;64.52;101.87;;;
37.265495;-2.243918;848;0;7;1422;3169;64.56;101.83;;;
37.265619;-2.244081;849;0;7;1423;3168;64.58;101.81;;;
37.265799;-2.244460;852;0;6;1426;3165;64.62;101.77;;;
37.265856;-2.244674;854;0;7;1428;3163;64.64;101.75;;;
37.265886;-2.244893;855;0;7;1429;3162;64.66;101.73;;;
37.265854;-2.245340;857;0;7;1431;3160;64.7;101.69;;;
37.265771;-2.245540;859;0;7;1433;3158;64.72;101.67;;;
37.265442;-2.246065;863;0;7;1437;3154;64.78;101.61;;;
37.265310;-2.246219;865;0;7;1439;3152;64.8;101.59;;;
37.264966;-2.246346;867;0;7;1441;3150;64.84;101.55;;;
37.264788;-2.246379;868;0;6;1442;3149;64.86;101.53;;;
37.264609;-2.246377;869;0;6;1443;3148;64.88;101.51;;;
37.264251;-2.246338;872;0;7;1446;3145;64.92;101.47;;;
37.264071;-2.246320;874;0;6;1448;3143;64.94;101.45;;;
37.263735;-2.246413;877;0;5;1450;3141;64.98;101.41;;;
37.263606;-2.246565;878;0;4;1452;3139;65;101.39;;;
37.263509;-2.246754;878;0;4;1452;3139;65.02;101.37;;;
37.263354;-2.247162;879;0;1;1453;3138;65.06;101.33;;;
37.263315;-2.247381;879;0;0;1453;3138;65.08;101.31;;;
37.263349;-2.247826;879;0;-2;1453;3138;65.12;101.27;20;;
37.263405;-2.248041;878;0;-3;1453;3138;65.14;101.25;;;
37.263461;-2.248256;877;0;-4;1453;3138;65.16;101.23;;;
37.263572;-2.248686;875;0;-6;1453;3138;65.2;101.19;;;
37.263628;-2.248900;874;0;-6;1453;3138;65.22;101.17;;;
37.263827;-2.249527;870;0;-7;1453;3138;65.28;101.11;;;
37.263921;-2.249720;868;0;-7;1453;3138;65.3;101.09;;;
37.264174;-2.250036;866;0;-6;1453;3138;65.34;101.05;;;
37.264306;-2.250190;865;0;-6;1453;3138;65.36;101.03;;;
37.264433;-2.250349;864;0;-6;1453;3138;65.38;101.01;;;
37.264688;-2.250669;861;0;-6;1453;3138;65.42;100.97;;;
37.264815;-2.250828;860;0;-7;1453;3138;65.44;100.95;;;
37.265087;-2.251121;857;0;-8;1453;3138;65.48;100.91;;;
37.265235;-2.251250;856;0;-8;1453;3138;65.5;100.89;;;
37.265404;-2.251299;853;0;-8;1453;3138;65.52;100.87;;;
37.265762;-2.251281;850;0;-8;1453;3138;65.56;100.83;;;
37.265878;-2.251416;849;0;-8;1453;3138;65.58;100.81;;;
37.265936;-2.251861;846;0;-7;1453;3138;65.62;100.77;;;
37.265959;-2.252085;844;0;-7;1453;3138;65.64;100.75;;;
37.266075;-2.252254;842;0;-8;1453;3138;65.66;100.73;;;
37.266321;-2.252584;839;0;-7;1453;3138;65.7;100.69;;;
37.266444;-2.252750;838;0;-6;1453;3138;65.72;100.67;;;
37.266870;-2.253102;835;0;-5;1453;3138;65.78;100.61;;;
37.267046;-2.253056;834;0;-5;1453;3138;65.8;100.59;;;
37.267269;-2.252712;831;0;-4;1453;3138;65.84;100.55;;;
37.267356;-2.252514;830;0;-4;1453;3138;65.86;100.53;;;
37.267443;-2.252316;829;0;-4;1453;3138;65.88;100.51;;;
37.267562;-2.251890;829;0;-3;1453;3138;65.92;100.47;;;
37.267657;-2.251719;828;0;-3;1453;3138;65.94;100.45;;;
37.267887;-2.251993;827;0;-5;1453;3138;65.98;100.41;;;
37.267955;-2.252202;826;0;-6;1453;3138;66;100.39;;;
37.267979;-2.252419;825;0;-6;1453;3138;66.02;100.37;;;
37.267934;-2.252867;822;0;-7;1453;3138;66.06;100.33;;;
37.267911;-2.253091;820;0;-7;1453;3138;66.08;100.31;;;
37.267866;-2.253540;818;0;-8;1453;3138;66.12;100.27;;;
37.267844;-2.253764;816;0;-8;1453;3138;66.14;100.25;;;
37.267846;-2.253990;814;0;-8;1453;3138;66.16;100.23;;;
37.267999;-2.254375;810;0;-8;1453;3138;66.2;100.19;;;
37.268144;-2.254509;809;0;-8;1453;3138;66.22;100.17;;;
37.268579;-2.254909;804;0;-8;1453;3138;66.28;100.11;;;
37.268721;-2.255048;803;0;-8;1453;3138;66.3;100.09;;;
37.268970;-2.255374;799;0;-7;1453;3138;66.34;100.05;;;
37.269094;-2.255538;798;0;-7;1453;3138;66.36;100.03;;;
37.269219;-2.255700;796;0;-7;1453;3138;66.38;100.01;;;
37.269491;-2.255996;795;0;-6;1453;3138;66.42;99.97;;;
37.269640;-2.256122;794;0;-5;1453;3138;66.44;99.95;;;
37.269895;-2.256403;789;0;-3;1453;3138;66.48;99.91;;;
37.269745;-2.256390;790;0;-2;1454;3137;66.5;99.89;21;;
37.269587;-2.256282;790;0;-1;1454;3137;66.52;99.87;;;
37.269271;-2.256066;791;0;2;1455;3136;66.56;99.83;;;
37.269111;-2.255963;791;0;2;1455;3136;66.58;99.81;;;
37.268765;-2.255846;792;0;0;1456;3135;66.62;99.77;;;
37.268586;-2.255823;792;0;-1;1457;3134;66.64;99.75;;;
37.268406;-2.255813;792;0;-2;1457;3134;66.66;99.73;;;
37.268047;-2.255828;791;0;-4;1457;3134;66.7;99.69;;;
37.267874;-2.255883;790;0;-6;1457;3134;66.72;99.67;;;
37.267573;-2.256408;785;0;-6;1457;3134;66.78;99.61;;;
37.267528;-2.256627;784;0;-6;1457;3134;66.8;99.59;22;;
37.267456;-2.257069;782;0;-5;1457;3134;66.84;99.55;;;
37.267424;-2.257292;781;0;-4;1457;3134;66.86;99.53;;;
37.267392;-2.257514;780;0;-3;1457;3134;66.88;99.51;;;
37.267329;-2.257959;780;0;-2;1457;3134;66.92;99.47;;;
37.267297;-2.258182;779;0;-1;1457;3134;66.94;99.45;;;
37.267234;-2.258627;779;0;0;1457;3134;66.98;99.41;;;
37.267203;-2.258849;779;0;1;1457;3134;67;99.39;;;
37.267173;-2.259072;779;0;2;1457;3134;67.02;99.37;;;
37.267125;-2.259520;780;0;3;1458;3133;67.06;99.33;;;
37.267101;-2.259744;781;0;4;1459;3132;67.08;99.31;;;
37.267068;-2.260192;783;0;4;1461;3130;67.12;99.27;;;
37.267136;-2.260395;784;0;4;1462;3129;67.14;99.25;;;
37.267302;-2.260461;785;0;4;1463;3128;67.16;99.23;;;
37.267658;-2.260525;786;0;4;1464;3127;67.2;99.19;;;
37.267832;-2.260580;787;0;3;1465;3126;67.22;99.17;;;
37.268339;-2.260806;789;0;3;1467;3124;67.28;99.11;;;
37.268484;-2.260939;789;0;2;1468;3123;67.3;99.09;;;
37.268717;-2.261280;790;0;1;1468;3123;67.34;99.05;;;
37.268810;-2.261474;790;0;0;1468;3123;67.36;99.03;;;
37.268898;-2.261670;790;0;0;1468;3123;67.38;99.01;;;
37.269076;-2.262064;790;0;0;1468;3123;67.42;98.97;;;
37.269163;-2.262261;790;0;-1;1468;3123;67.44;98.95;;;
37.269295;-2.262681;790;0;-2;1468;3123;67.48;98.91;;;
37.269342;-2.262899;789;0;-2;1468;3123;67.5;98.89;;;
37.269395;-2.263114;788;0;-2;1468;3123;67.52;98.87;;;
37.269616;-2.263462;787;0;-3;1468;3123;67.56;98.83;;;
37.269765;-2.263589;787;0;-2;1468;3123;67.58;98.81;;;
37.270061;-2.263844;786;0;0;1468;3123;67.62;98.77;;;
37.270195;-2.263993;785;0;1;1468;3123;67.64;98.75;;;
37.270260;-2.264204;786;0;2;1469;3122;67.66;98.73;;;
37.270305;-2.264648;788;0;4;1470;3121;67.7;98.69;;;
37.270329;-2.264871;789;0;5;1471;3120;67.72;98.67;;;
37.270470;-2.265525;793;0;6;1475;3116;67.78;98.61;;;
37.270528;-2.265739;794;0;6;1477;3114;67.8;98.59;;;
37.270694;-2.266136;796;0;5;1479;3112;67.84;98.55;;;
37.270796;-2.266321;797;0;4;1480;3111;67.86;98.53;;;
37.270870;-2.266525;798;0;4;1481;3110;67.88;98.51;;;
37.270927;-2.266970;799;0;3;1482;3109;67.92;98.47;23;;
37.270973;-2.267186;799;0;3;1482;3109;67.94;98.45;;;
37.271173;-2.267556;800;0;3;1483;3108;67.98;98.41;;;
37.271291;-2.267726;801;0;3;1484;3107;68;98.39;;;
37.271409;-2.267897;802;0;4;1485;3106;68.02;98.37;;;
37.271633;-2.268247;803;0;6;1486;3105;68.06;98.33;;;
37.271694;-2.268459;804;0;6;1487;3104;68.08;98.31;;;
37.271816;-2.268885;806;0;7;1489;3102;68.12;98.27;;;
37.271950;-2.269020;810;0;7;1493;3098;68.14;98.25;;;
37.272126;-2.269054;811;0;6;1494;3097;68.16;98.23;;;
37.272419;-2.269248;813;0;5;1495;3096;68.2;98.19;;;
37.272412;-2.269465;814;0;4;1496;3095;68.22;98.17;;;
37.272267;-2.270118;816;0;5;1499;3092;68.28;98.11;;;
37.272219;-2.270336;817;0;5;1500;3091;68.3;98.09;;;
37.272154;-2.270777;819;0;6;1502;3089;68.34;98.05;;;
37.272220;-2.270982;821;0;6;1503;3088;68.36;98.03;;;
37.272374;-2.271095;822;0;6;1504;3087;68.38;98.01;;;
37.272722;-2.271088;825;0;6;1508;3083;68.42;97.97;;;
37.272853;-2.270949;826;0;5;1509;3082;68.44;97.95;;;
37.272956;-2.270517;827;0;5;1510;3081;68.48;97.91;;;
37.273006;-2.270300;828;0;5;1511;3080;68.5;97.89;;;
37.273094;-2.270107;829;0;5;1512;3079;68.52;97.87;;;
37.273437;-2.270000;832;0;6;1514;3077;68.56;97.83;;;
37.273615;-2.270033;834;0;6;1516;3075;68.58;97.81;;;
37.273937;-2.270223;836;0;6;1519;3072;68.62;97.77;;;
37.274072;-2.270372;837;0;6;1520;3071;68.64;97.75;;;
37.274174;-2.270556;838;0;6;1521;3070;68.66;97.73;;;
37.274228;-2.270996;840;0;5;1523;3068;68.7;97.69;;;
37.274225;-2.271222;842;0;5;1524;3067;68.72;97.67;;;
37.274214;-2.271900;844;0;4;1527;3064;68.78;97.61;;;
37.274211;-2.272126;845;0;3;1527;3064;68.8;97.59;;;
37.274175;-2.272576;846;0;3;1529;3062;68.84;97.55;;;
37.274178;-2.272801;846;0;4;1529;3062;68.86;97.53;;;
37.274218;-2.273021;847;0;4;1530;3061;68.88;97.51;;;
37.274509;-2.273235;849;0;5;1532;3059;68.92;97.47;;;
37.274614;-2.273076;850;0;5;1533;3058;68.94;97.45;;;
37.274811;-2.272700;852;0;5;1535;3056;68.98;97.41;;;
37.274902;-2.272505;853;0;7;1536;3055;69;97.39;;;
37.274994;-2.272310;855;0;6;1538;3053;69.02;97.37;;;
37.275201;-2.271946;856;0;6;1539;3052;69.06;97.33;;;
37.275373;-2.271923;860;0;6;1542;3049;69.08;97.31;;;
37.275654;-2.272193;861;0;6;1544;3047;69.12;97.27;;;
37.275784;-2.272350;862;0;6;1545;3046;69.14;97.25;;;
37.275929;-2.272482;863;0;5;1546;3045;69.16;97.23;;;
37.276276;-2.272586;866;0;6;1548;3043;69.2;97.19;;;
37.276446;-2.272646;867;0;6;1550;3041;69.22;97.17;;;
37.276683;-2.273240;870;0;7;1553;3038;69.28;97.11;;;
37.276734;-2.273457;872;0;7;1555;3036;69.3;97.09;;;
37.276835;-2.273890;875;0;7;1558;3033;69.34;97.05;;;
37.276886;-2.274107;877;0;8;1560;3031;69.36;97.03;;;
37.276968;-2.274304;878;0;8;1560;3031;69.38;97.01;;;
37.277230;-2.274611;881;0;8;1564;3027;69.42;96.97;;;
37.277350;-2.274780;883;0;8;1566;3025;69.44;96.95;;;
37.277614;-2.275086;886;0;9;1569;3022;69.48;96.91;;;
37.277743;-2.275240;888;0;8;1571;3020;69.5;96.89;;;
37.277794;-2.275454;890;0;8;1573;3018;69.52;96.87;;;
37.277909;-2.275869;893;0;8;1576;3015;69.56;96.83;;;
37.278065;-2.275977;894;0;8;1577;3014;69.58;96.81;;;
37.278393;-2.276156;898;0;7;1581;3010;69.62;96.77;;;
37.278569;-2.276200;900;0;7;1582;3009;69.64;96.75;;;
37.278743;-2.276253;901;0;6;1583;3008;69.66;96.73;;;
37.278949;-2.276598;902;0;5;1585;3006;69.7;96.69;;;
37.278958;-2.276820;903;0;4;1586;3005;69.72;96.67;;;
37.278898;-2.277491;906;0;5;1589;3002;69.78;96.61;;;
37.278955;-2.277705;907;0;5;1590;3001;69.8;96.59;;;
37.279083;-2.278126;909;0;7;1592;2999;69.84;96.55;;;
37.279213;-2.278266;911;0;7;1593;2998;69.86;96.53;;;
37.279381;-2.278203;912;0;7;1595;2996;69.88;96.51;;;
37.279708;-2.278096;915;0;7;1598;2993;69.92;96.47;;;
37.279880;-2.278165;916;0;8;1599;2992;69.94;96.45;;;
37.280209;-2.278345;920;0;7;1602;2989;69.98;96.41;;;
37.280373;-2.278440;921;0;9;1604;2987;70;96.39;;;
37.280539;-2.278523;923;0;9;1606;2985;70.02;96.37;;;
37.280821;-2.278323;927;0;8;1610;2981;70.06;96.33;;;
37.280886;-2.278112;929;0;8;1612;2979;70.08;96.31;;;
37.281096;-2.277758;932;0;8;1615;2976;70.12;96.27;;;
37.281268;-2.277706;933;0;8;1616;2975;70.14;96.25;;;
37.281419;-2.277591;934;0;7;1617;2974;70.16;96.23;;;
37.281645;-2.277243;938;0;5;1621;2970;70.2;96.19;;;
37.281762;-2.277073;939;0;3;1622;2969;70.22;96.17;;;
37.282253;-2.277055;939;0;-4;1623;2968;70.28;96.11;;;
37.282364;-2.277233;938;0;-6;1623;2968;70.3;96.09;;;
37.282585;-2.277589;934;0;-10;1623;2968;70.34;96.05;;;
37.282705;-2.277755;932;0;-10;1623;2968;70.36;96.03;;;
37.282856;-2.277872;929;0;-10;1623;2968;70.38;96.01;;;
37.283204;-2.277986;925;0;-10;1623;2968;70.42;95.97;;;
37.283380;-2.278034;923;0;-10;1623;2968;70.44;95.95;;;
37.283715;-2.278185;920;0;-7;1623;2968;70.48;95.91;;;
37.283865;-2.278310;918;0;-6;1623;2968;70.5;95.89;;;
37.283982;-2.278478;917;0;-6;1623;2968;70.52;95.87;;;
37.284124;-2.278887;915;0;-6;1623;2968;70.56;95.83;;;
37.284173;-2.279104;915;0;-5;1623;2968;70.58;95.81;;;
37.284085;-2.279485;912;0;-5;1623;2968;70.62;95.77;;;
37.283923;-2.279579;910;0;-6;1623;2968;70.64;95.75;;;
37.283747;-2.279623;909;0;-8;1623;2968;70.66;95.73;;;
37.283403;-2.279748;909;0;-9;1623;2968;70.7;95.69;;;
37.283369;-2.279951;906;0;-10;1623;2968;70.72;95.67;;;
37.283877;-2.279957;896;0;-10;1623;2968;70.78;95.61;;;
37.284056;-2.279940;894;0;-10;1623;2968;70.8;95.59;;;
37.284413;-2.279996;892;0;-6;1623;2968;70.84;95.55;;;
37.284591;-2.280013;891;0;-4;1623;2968;70.86;95.53;;;
37.284768;-2.279971;890;0;-2;1623;2968;70.88;95.51;;;
37.285123;-2.279923;890;0;-3;1623;2968;70.92;95.47;;;
37.285301;-2.279947;890;0;-3;1624;2967;70.94;95.45;;;
37.285549;-2.279708;890;0;-3;1624;2967;70.98;95.41;;;
37.285461;-2.279519;887;0;-5;1624;2967;71;95.39;;;
37.285324;-2.279373;886;0;-7;1624;2967;71.02;95.37;;;
37.285120;-2.279021;884;0;-7;1624;2967;71.06;95.33;;;
37.285213;-2.278829;881;0;-6;1624;2967;71.08;95.31;;;
37.285529;-2.278855;879;0;-6;1624;2967;71.12;95.27;;;
37.285636;-2.279028;878;0;-6;1624;2967;71.14;95.25;;;
37.285699;-2.279239;877;0;-5;1624;2967;71.16;95.23;;;
37.285825;-2.279663;876;0;-5;1624;2967;71.2;95.19;;;
37.285812;-2.279882;874;0;-5;1624;2967;71.22;95.17;;;
37.285345;-2.280155;871;0;-5;1624;2967;71.28;95.11;;;
37.285168;-2.280193;870;0;-6;1624;2967;71.3;95.09;;;
37.284821;-2.280308;868;0;-6;1624;2967;71.34;95.05;;;
37.284667;-2.280423;867;0;-5;1624;2967;71.36;95.03;;;
37.284573;-2.280614;865;0;-4;1624;2967;71.38;95.01;;;
37.284635;-2.281010;863;0;-1;1624;2967;71.42;94.97;;;
37.284778;-2.281142;863;0;1;1624;2967;71.44;94.95;;;
37.285123;-2.281128;865;0;4;1626;2965;71.48;94.91;;;
37.285277;-2.281012;866;0;5;1627;2964;71.5;94.89;;;
37.285432;-2.280896;868;0;6;1629;2962;71.52;94.87;;;
37.285782;-2.280852;870;0;5;1631;2960;71.56;94.83;;;
37.285961;-2.280879;871;0;4;1632;2959;71.58;94.81;;;
37.286315;-2.280827;873;0;3;1634;2957;71.62;94.77;;;
37.286479;-2.280732;873;0;2;1634;2957;71.64;94.75;;;
37.286634;-2.280618;873;0;2;1634;2957;71.66;94.73;;;
37.286851;-2.280263;874;0;3;1635;2956;71.7;94.69;;;
37.286948;-2.280073;874;0;3;1635;2956;71.72;94.67;;;
37.287406;-2.279798;877;0;7;1638;2953;71.78;94.61;;;
37.287582;-2.279844;879;0;8;1640;2951;71.8;94.59;;;
37.287939;-2.279886;883;0;9;1644;2947;71.84;94.55;;;
37.288119;-2.279890;885;0;9;1646;2945;71.86;94.53;;;
37.288299;-2.279894;887;0;9;1648;2943;71.88;94.51;;;
37.288635;-2.279988;891;0;9;1652;2939;71.92;94.47;;;
37.288747;-2.280163;892;0;9;1653;2938;71.94;94.45;;;
37.288804;-2.280543;893;0;8;1654;2937;71.98;94.41;;;
37.288634;-2.280482;897;0;8;1658;2933;72;94.39;24;;
37.288467;-2.280399;899;0;8;1660;2931;72.02;94.37;;;
37.288114;-2.280362;902;0;9;1663;2928;72.06;94.33;;;
37.287944;-2.280432;904;0;8;1665;2926;72.08;94.31;;;
37.287614;-2.280611;907;0;7;1668;2923;72.12;94.27;;;
37.287461;-2.280728;908;0;7;1669;2922;72.14;94.25;;;
37.287314;-2.280858;909;0;6;1670;2921;72.16;94.23;;;
37.287020;-2.281118;912;0;6;1673;2918;72.2;94.19;;;
37.286866;-2.281234;913;0;7;1674;2917;72.22;94.17;;;
37.286393;-2.281557;916;0;6;1678;2913;72.28;94.11;;;
37.286264;-2.281712;919;0;7;1680;2911;72.3;94.09;;;
37.286112;-2.282120;921;0;7;1682;2909;72.34;94.05;;;
37.286041;-2.282328;922;0;7;1683;2908;72.36;94.03;;;
37.285971;-2.282536;923;0;6;1685;2906;72.38;94.01;;;
37.285830;-2.282952;927;0;6;1688;2903;72.42;93.97;;;
37.285770;-2.283165;928;0;6;1689;2902;72.44;93.95;;;
37.285706;-2.283606;930;0;5;1691;2900;72.48;93.91;;;
37.285733;-2.283830;931;0;5;1692;2899;72.5;93.89;;;
37.285797;-2.284039;932;0;4;1693;2898;72.52;93.87;;;
37.286026;-2.284384;933;0;4;1694;2897;72.56;93.83;;;
37.286147;-2.284552;934;0;4;1695;2896;72.58;93.81;;;
37.286285;-2.284958;936;0;4;1697;2894;72.62;93.77;;;
37.286300;-2.285183;936;0;4;1697;2894;72.64;93.75;;;
37.286264;-2.285401;937;0;5;1698;2893;72.66;93.73;;;
37.286069;-2.285774;939;0;5;1700;2891;72.7;93.69;;;
37.285934;-2.285924;941;0;5;1702;2889;72.72;93.67;;;
37.285415;-2.286060;943;0;6;1704;2887;72.78;93.61;;;
37.285237;-2.286026;944;0;6;1706;2885;72.8;93.59;;;
37.284880;-2.285981;947;0;7;1708;2883;72.84;93.55;;;
37.284703;-2.286008;949;0;7;1710;2881;72.86;93.53;;;
37.284548;-2.286116;950;0;8;1711;2880;72.88;93.51;;;
37.284303;-2.286446;954;0;8;1715;2876;72.92;93.47;;;
37.284224;-2.286647;954;0;8;1715;2876;72.94;93.45;;;
37.284190;-2.287095;958;0;8;1719;2872;72.98;93.41;;;
37.284236;-2.287313;960;0;8;1721;2870;73;93.39;;;
37.284308;-2.287519;962;0;9;1723;2868;73.02;93.37;;;
37.284466;-2.287925;965;0;8;1726;2865;73.06;93.33;;;
37.284546;-2.288128;966;0;8;1727;2864;73.08;93.31;;;
37.284691;-2.288541;969;0;6;1730;2861;73.12;93.27;;;
37.284753;-2.288753;971;0;5;1732;2859;73.14;93.25;;;
37.284816;-2.288965;972;0;5;1733;2858;73.16;93.23;;;
37.284906;-2.289403;972;0;5;1733;2858;73.2;93.19;;;
37.284946;-2.289623;973;0;5;1734;2857;73.22;93.17;;;
37.284964;-2.290295;977;0;7;1739;2852;73.28;93.11;;;
37.284910;-2.290510;979;0;7;1740;2851;73.3;93.09;;;
37.284755;-2.290918;982;0;7;1743;2848;73.34;93.05;;;
37.284639;-2.291089;983;0;8;1744;2847;73.36;93.03;;;
37.284488;-2.291211;985;0;7;1746;2845;73.38;93.01;;;
37.284147;-2.291350;989;0;6;1750;2841;73.42;92.97;;;
37.283967;-2.291350;989;0;6;1750;2841;73.44;92.95;;;
37.283619;-2.291238;991;0;6;1752;2839;73.48;92.91;;;
37.283451;-2.291161;992;0;5;1753;2838;73.5;92.89;;;
37.283292;-2.291055;993;0;6;1754;2837;73.52;92.87;;;
37.282974;-2.290843;996;0;7;1757;2834;73.56;92.83;;;
37.282815;-2.290738;997;0;7;1758;2833;73.58;92.81;;;
37.282469;-2.290619;999;0;6;1760;2831;73.62;92.77;;;
37.282290;-2.290605;1001;0;6;1763;2828;73.64;92.75;;;
37.282114;-2.290639;1003;0;6;1764;2827;73.66;92.73;;;
37.281804;-2.290856;1004;0;6;1765;2826;73.7;92.69;;;
37.281671;-2.291008;1006;0;5;1767;2824;73.72;92.67;;;
37.281450;-2.291607;1009;0;6;1770;2821;73.78;92.61;;;
37.281450;-2.291833;1011;0;5;1772;2819;73.8;92.59;;;
37.281487;-2.292281;1013;0;6;1774;2817;73.84;92.55;;;
37.281520;-2.292503;1014;0;5;1775;2816;73.86;92.53;;;
37.281551;-2.292725;1014;0;5;1776;2815;73.88;92.51;;;
37.281529;-2.293174;1017;0;5;1778;2813;73.92;92.47;;;
37.281495;-2.293396;1018;0;5;1779;2812;73.94;92.45;;;
37.281364;-2.293814;1020;0;5;1781;2810;73.98;92.41;;;
37.281270;-2.294007;1021;0;5;1782;2809;74;92.39;;;
37.281166;-2.294190;1022;0;6;1783;2808;74.02;92.37;;;
37.280898;-2.294487;1024;0;5;1785;2806;74.06;92.33;;;
37.280739;-2.294590;1025;0;6;1787;2804;74.08;92.31;;;
37.280396;-2.294716;1028;0;8;1789;2802;74.12;92.27;;;
37.280218;-2.294749;1028;0;8;1789;2802;74.14;92.25;;;
37.280038;-2.294750;1031;0;8;1792;2799;74.16;92.23;;;
37.279681;-2.294715;1036;0;7;1797;2794;74.2;92.19;;;
37.279503;-2.294681;1037;0;8;1798;2793;74.22;92.17;;;
37.278983;-2.294502;1039;0;6;1800;2791;74.28;92.11;;;
37.278809;-2.294451;1040;0;7;1801;2790;74.3;92.09;;;
37.278453;-2.294383;1044;0;8;1805;2786;74.34;92.05;;;
37.278274;-2.294362;1046;0;8;1807;2784;74.36;92.03;;;
37.278096;-2.294364;1048;0;8;1809;2782;74.38;92.01;;;
37.277744;-2.294454;1050;0;7;1811;2780;74.42;91.97;;;
37.277578;-2.294538;1051;0;7;1812;2779;74.44;91.95;;;
37.277271;-2.294772;1054;0;6;1815;2776;74.48;91.91;;;
37.277123;-2.294901;1056;0;7;1817;2774;74.5;91.89;;;
37.276975;-2.295030;1057;0;8;1818;2773;74.52;91.87;;;
37.276661;-2.295247;1059;0;7;1821;2770;74.56;91.83;;;
37.276485;-2.295277;1061;0;7;1823;2768;74.58;91.81;;;
37.276127;-2.295251;1064;0;6;1825;2766;74.62;91.77;;;
37.275947;-2.295233;1065;0;6;1826;2765;74.64;91.75;;;
37.275768;-2.295228;1066;0;4;1827;2764;74.66;91.73;;;
37.275427;-2.295345;1068;0;6;1829;2762;74.7;91.69;;;
37.275272;-2.295460;1068;0;7;1830;2761;74.72;91.67;;;
37.274927;-2.295973;1074;0;8;1835;2756;74.78;91.61;;;
37.274826;-2.296160;1077;0;8;1838;2753;74.8;91.59;;;
37.274622;-2.296533;1079;0;8;1840;2751;74.84;91.55;;;
37.274521;-2.296719;1080;0;7;1841;2750;74.86;91.53;;;
37.274434;-2.296917;1081;0;6;1842;2749;74.88;91.51;;;
37.274282;-2.297324;1083;0;7;1845;2746;74.92;91.47;;;
37.274255;-2.297547;1085;0;7;1846;2745;74.94;91.45;;;
37.274271;-2.297998;1088;0;7;1849;2742;74.98;91.41;;;
37.274283;-2.298224;1089;0;7;1850;2741;75;91.39;;;
37.274295;-2.298449;1091;0;7;1852;2739;75.02;91.37;;;
37.274319;-2.298900;1094;0;7;1855;2736;75.06;91.33;;;
37.274348;-2.299123;1094;0;7;1855;2736;75.08;91.31;;;
37.274479;-2.299542;1098;0;7;1859;2732;75.12;91.27;;;
37.274575;-2.299733;1099;0;8;1860;2731;75.14;91.25;;;
37.274680;-2.299916;1101;0;8;1862;2729;75.16;91.23;;;
37.274885;-2.300287;1104;0;7;1865;2726;75.2;91.19;;;
37.274964;-2.300489;1106;0;7;1867;2724;75.22;91.17;;;
37.274994;-2.301154;1109;0;6;1870;2721;75.28;91.11;;;
37.274943;-2.301370;1110;0;5;1872;2719;75.3;91.09;;;
37.274781;-2.301772;1113;0;5;1874;2717;75.34;91.05;;;
37.274691;-2.301968;1114;0;5;1875;2716;75.36;91.03;;;
37.274602;-2.302164;1114;0;4;1875;2716;75.38;91.01;;;
37.274421;-2.302554;1116;0;3;1877;2714;75.42;90.97;;;
37.274309;-2.302731;1116;0;2;1878;2713;75.44;90.95;;;
37.274031;-2.303014;1117;0;4;1878;2713;75.48;90.91;;;
37.273868;-2.303104;1117;0;3;1878;2713;75.5;90.89;;;
37.273692;-2.303150;1117;0;3;1878;2713;75.52;90.87;;;
37.273336;-2.303167;1121;0;3;1882;2709;75.56;90.83;;;
37.273160;-2.303120;1121;0;3;1882;2709;75.58;90.81;;;
37.272836;-2.302927;1121;0;2;1882;2709;75.62;90.77;;;
37.272682;-2.302809;1122;0;2;1883;2708;75.64;90.75;;;
37.272529;-2.302691;1123;0;3;1884;2707;75.66;90.73;;;
37.272216;-2.302470;1124;0;3;1885;2706;75.7;90.69;;;
37.272057;-2.302363;1124;0;3;1885;2706;75.72;90.67;;;
37.271581;-2.302044;1126;0;4;1888;2703;75.78;90.61;;;
37.271417;-2.301951;1127;0;4;1888;2703;75.8;90.59;;;
37.271081;-2.301792;1128;0;5;1889;2702;75.84;90.55;;;
37.270905;-2.301747;1130;0;5;1891;2700;75.86;90.53;;;
37.270729;-2.301702;1131;0;5;1892;2699;75.88;90.51;;;
37.270376;-2.301613;1133;0;5;1894;2697;75.92;90.47;;;
37.270200;-2.301569;1134;0;5;1895;2696;75.94;90.45;;;
37.269847;-2.301480;1136;0;4;1897;2694;75.98;90.41;;;
37.269671;-2.301436;1137;0;4;1898;2693;76;90.39;;;
37.269494;-2.301392;1137;0;3;1898;2693;76.02;90.37;;;
37.269141;-2.301311;1139;0;2;1900;2691;76.06;90.33;;;
37.268961;-2.301317;1139;0;2;1900;2691;76.08;90.31;;;
37.268613;-2.301417;1140;0;2;1901;2690;76.12;90.27;;;
37.268452;-2.301517;1140;0;2;1901;2690;76.14;90.25;;;
37.268311;-2.301656;1140;0;1;1901;2690;76.16;90.23;;;
37.268123;-2.302032;1141;0;2;1902;2689;76.2;90.19;;;
37.268044;-2.302236;1141;0;2;1902;2689;76.22;90.17;;;
37.267808;-2.302845;1143;0;3;1904;2687;76.28;90.11;;;
37.267729;-2.303048;1143;0;3;1904;2687;76.3;90.09;;;
37.267553;-2.303442;1145;0;4;1906;2685;76.34;90.05;;;
37.267433;-2.303609;1146;0;6;1907;2684;76.36;90.03;;;
37.267300;-2.303760;1147;0;6;1908;2683;76.38;90.01;;;
37.266979;-2.303944;1148;0;7;1910;2681;76.42;89.97;;;
37.266800;-2.303960;1152;0;7;1913;2678;76.44;89.95;;;
37.266440;-2.303957;1154;0;8;1915;2676;76.48;89.91;;;
37.266262;-2.303931;1156;0;8;1917;2674;76.5;89.89;;;
37.266083;-2.303905;1157;0;7;1918;2673;76.52;89.87;;;
37.265725;-2.303856;1160;0;6;1921;2670;76.56;89.83;;;
37.265546;-2.303845;1161;0;6;1922;2669;76.58;89.81;;;
37.265188;-2.303877;1163;0;3;1924;2667;76.62;89.77;;;
37.265008;-2.303893;1164;0;2;1925;2666;76.64;89.75;;;
37.264830;-2.303919;1164;0;1;1926;2665;76.66;89.73;;;
37.264473;-2.303970;1164;0;-2;1926;2665;76.7;89.69;;;
37.264293;-2.303970;1163;0;-4;1926;2665;76.72;89.67;;;
37.263815;-2.303678;1160;0;-6;1926;2665;76.78;89.61;;;
37.263694;-2.303512;1159;0;-7;1926;2665;76.8;89.59;;;
37.263503;-2.303130;1157;0;-6;1926;2665;76.84;89.55;;;
37.263422;-2.302928;1154;0;-6;1926;2665;76.86;89.53;;;
37.263332;-2.302733;1153;0;-7;1926;2665;76.88;89.51;;;
37.263106;-2.302386;1151;0;-7;1926;2665;76.92;89.47;;;
37.262963;-2.302249;1150;0;-6;1926;2665;76.94;89.45;;;
37.262666;-2.301994;1147;0;-7;1926;2665;76.98;89.41;;;
37.262531;-2.301845;1145;0;-7;1926;2665;77;89.39;;;
37.262418;-2.301670;1144;0;-6;1926;2665;77.02;89.37;;;
37.262292;-2.301253;1142;0;-4;1926;2665;77.06;89.33;;;
37.262245;-2.301035;1141;0;-4;1926;2665;77.08;89.31;;;
37.262151;-2.300599;1140;0;-2;1926;2665;77.12;89.27;;;
37.262060;-2.300407;1140;0;-1;1926;2665;77.14;89.25;;;
37.261942;-2.300239;1140;0;-1;1926;2665;77.16;89.23;;;
37.261648;-2.299982;1140;0;0;1926;2665;77.2;89.19;;;
37.261490;-2.299873;1140;0;-1;1926;2665;77.22;89.17;;;
37.261029;-2.299522;1139;0;-3;1926;2665;77.28;89.11;;;
37.260882;-2.299393;1139;0;-4;1926;2665;77.3;89.09;;;
37.260611;-2.299096;1136;0;-5;1926;2665;77.34;89.05;;;
37.260480;-2.298941;1135;0;-6;1926;2665;77.36;89.03;;;
37.260349;-2.298787;1134;0;-6;1926;2665;77.38;89.01;;;
37.260065;-2.298511;1132;0;-6;1926;2665;77.42;88.97;;;
37.259904;-2.298412;1130;0;-7;1926;2665;77.44;88.95;;;
37.259574;-2.298232;1127;0;-7;1926;2665;77.48;88.91;;;
37.259407;-2.298148;1126;0;-6;1926;2665;77.5;88.89;;;
37.259232;-2.298099;1125;0;-6;1926;2665;77.52;88.87;;;
37.258878;-2.298023;1122;0;-4;1926;2665;77.56;88.83;;;
37.258700;-2.297990;1122;0;-3;1926;2665;77.58;88.81;;;
37.258343;-2.297930;1121;0;0;1926;2665;77.62;88.77;;;
37.258164;-2.297930;1121;0;1;1926;2665;77.64;88.75;;;
37.257984;-2.297930;1121;0;2;1926;2665;77.66;88.73;;;
37.257637;-2.297825;1123;0;3;1928;2663;77.7;88.69;;;
37.257482;-2.297709;1123;0;3;1928;2663;77.72;88.67;;;
37.257206;-2.297155;1125;0;3;1930;2661;77.78;88.61;;;
37.257190;-2.296931;1126;0;3;1931;2660;77.8;88.59;;;
37.257238;-2.296484;1127;0;2;1931;2660;77.84;88.55;;;
37.257269;-2.296261;1127;0;2;1932;2659;77.86;88.53;;;
37.257299;-2.296038;1127;0;2;1932;2659;77.88;88.51;;;
37.257262;-2.295597;1128;0;2;1933;2658;77.92;88.47;;;
37.257161;-2.295411;1129;0;2;1934;2657;77.94;88.45;;;
37.256895;-2.295119;1130;0;1;1935;2656;77.98;88.41;;;
37.256720;-2.295078;1130;0;1;1935;2656;78;88.39;;;
37.256541;-2.295066;1130;0;0;1935;2656;78.02;88.37;;;
37.256181;-2.295053;1130;0;-1;1935;2656;78.06;88.33;;;
37.256001;-2.295047;1129;0;-2;1935;2656;78.08;88.31;;;
37.255642;-2.295035;1129;0;-3;1935;2656;78.12;88.27;;;
37.255462;-2.295028;1128;0;-3;1935;2656;78.14;88.25;;;
37.255282;-2.295022;1127;0;-3;1935;2656;78.16;88.23;;;
37.254923;-2.295008;1126;0;-4;1935;2656;78.2;88.19;;;
37.254748;-2.294955;1125;0;-3;1935;2656;78.22;88.17;;;
37.254230;-2.294768;1123;0;-3;1935;2656;78.28;88.11;;;
37.254059;-2.294696;1122;0;-2;1935;2656;78.3;88.09;;;
37.253717;-2.294554;1122;0;-2;1935;2656;78.34;88.05;;;
37.253547;-2.294483;1121;0;-2;1935;2656;78.36;88.03;;;
37.253376;-2.294412;1121;0;-2;1935;2656;78.38;88.01;;;
37.253030;-2.294287;1120;0;-1;1935;2656;78.42;87.97;;;
37.252852;-2.294298;1120;0;-1;1935;2656;78.44;87.95;;;
37.252512;-2.294424;1120;0;-1;1935;2656;78.48;87.91;;;
37.252363;-2.294549;1120;0;-1;1935;2656;78.5;87.89;;;
37.252223;-2.294692;1120;0;-1;1935;2656;78.52;87.87;;;
37.251945;-2.294978;1119;0;-1;1935;2656;78.56;87.83;;;
37.251806;-2.295121;1119;0;-1;1935;2656;78.58;87.81;;;
37.251527;-2.295407;1119;0;-1;1935;2656;78.62;87.77;;;
37.251388;-2.295550;1119;0;-2;1935;2656;78.64;87.75;;;
37.251249;-2.295694;1118;0;-2;1935;2656;78.66;87.73;;;
37.250970;-2.295978;1117;0;-3;1935;2656;78.7;87.69;;;
37.250823;-2.296110;1117;0;-3;1935;2656;78.72;87.67;;;
37.250346;-2.296409;1115;0;-3;1935;2656;78.78;87.61;;;
37.250169;-2.296407;1114;0;-3;1935;2656;78.8;87.59;;;
37.249818;-2.296308;1113;0;-4;1935;2656;78.84;87.55;;;
37.249656;-2.296213;1112;0;-4;1935;2656;78.86;87.53;;;
37.249497;-2.296109;1112;0;-4;1935;2656;78.88;87.51;;;
37.249146;-2.296030;1110;0;-4;1935;2656;78.92;87.47;;;
37.248971;-2.296076;1109;0;-4;1935;2656;78.94;87.45;;;
37.248683;-2.296340;1107;0;-4;1935;2656;78.98;87.41;;;
37.248550;-2.296492;1106;0;-4;1935;2656;79;87.39;;;
37.248416;-2.296643;1105;0;-4;1935;2656;79.02;87.37;;;
37.248111;-2.296882;1104;0;-4;1935;2656;79.06;87.33;;;
37.247935;-2.296923;1103;0;-4;1935;2656;79.08;87.31;;;
37.247582;-2.296882;1102;0;-3;1935;2656;79.12;87.27;;;
37.247440;-2.296746;1101;0;-4;1935;2656;79.14;87.25;;;
37.247334;-2.296565;1101;0;-3;1935;2656;79.16;87.23;;;
37.247192;-2.296151;1099;0;-4;1935;2656;79.2;87.19;;;
37.247127;-2.295940;1099;0;-3;1935;2656;79.22;87.17;;;
37.246881;-2.295342;1097;0;-2;1935;2656;79.28;87.11;;;
37.246756;-2.295181;1096;0;-1;1935;2656;79.3;87.09;;;
37.246424;-2.295019;1096;0;0;1935;2656;79.34;87.05;;;
37.246244;-2.295012;1096;0;1;1935;2656;79.36;87.03;;;
37.246075;-2.295090;1096;0;1;1935;2656;79.38;87.01;;;
37.245790;-2.295352;1097;0;2;1936;2655;79.42;86.97;;;
37.245694;-2.295542;1098;0;2;1937;2654;79.44;86.95;;;
37.245524;-2.295941;1099;0;2;1938;2653;79.48;86.91;;;
37.245433;-2.296135;1099;0;1;1938;2653;79.5;86.89;;;
37.245315;-2.296304;1099;0;1;1938;2653;79.52;86.87;;;
37.244994;-2.296491;1100;0;0;1938;2653;79.56;86.83;;;
37.244816;-2.296510;1099;0;0;1938;2653;79.58;86.81;;;
37.244463;-2.296432;1099;0;-1;1938;2653;79.62;86.77;;;
37.244296;-2.296348;1099;0;-1;1938;2653;79.64;86.75;;;
37.244136;-2.296249;1099;0;-2;1938;2653;79.66;86.73;;;
37.243861;-2.295963;1098;0;-2;1938;2653;79.7;86.69;;;
37.243766;-2.295772;1098;0;-2;1938;2653;79.72;86.67;;;
37.243748;-2.295112;1096;0;-3;1938;2653;79.78;86.61;;;
37.243815;-2.294902;1095;0;-3;1938;2653;79.8;86.59;;;
37.243953;-2.294485;1094;0;-3;1938;2653;79.84;86.55;;;
37.244021;-2.294276;1094;0;-3;1938;2653;79.86;86.53;;;
37.244067;-2.294058;1093;0;-3;1938;2653;79.88;86.51;;;
37.244046;-2.293616;1092;0;-3;1938;2653;79.92;86.47;;;
37.243969;-2.293412;1091;0;-3;1938;2653;79.94;86.45;;;
37.243763;-2.293044;1090;0;-3;1938;2653;79.98;86.41;;;
37.243613;-2.292920;1089;0;-3;1938;2653;80;86.39;;;
37.243445;-2.292839;1089;0;-3;1938;2653;80.02;86.37;;;
37.243093;-2.292783;1088;0;-2;1938;2653;80.06;86.33;;;
37.242915;-2.292813;1087;0;-1;1938;2653;80.08;86.31;;;
37.242561;-2.292893;1087;0;0;1938;2653;80.12;86.27;;;
37.242385;-2.292943;1087;0;0;1939;2652;80.14;86.25;;;
37.242210;-2.292993;1087;0;1;1939;2652;80.16;86.23;;;
37.241859;-2.293093;1088;0;1;1939;2652;80.2;86.19;;;
37.241684;-2.293143;1088;0;1;1940;2651;80.22;86.17;;;
37.241154;-2.293101;1089;0;0;1940;2651;80.28;86.11;;;
37.240990;-2.293008;1089;0;-1;1940;2651;80.3;86.09;;;
37.240697;-2.292749;1088;0;-3;1940;2651;80.34;86.05;;;
37.240553;-2.292613;1087;0;-4;1940;2651;80.36;86.03;;;
37.240410;-2.292477;1086;0;-5;1940;2651;80.38;86.01;;;
37.240118;-2.292214;1084;0;-5;1940;2651;80.42;85.97;;;
37.239952;-2.292128;1083;0;-5;1940;2651;80.44;85.95;;;
37.239617;-2.291963;1081;0;-5;1940;2651;80.48;85.91;;;
37.239440;-2.291924;1080;0;-5;1940;2651;80.5;85.89;;;
37.239262;-2.291890;1079;0;-4;1940;2651;80.52;85.87;;;
37.238904;-2.291909;1076;0;-4;1940;2651;80.56;85.83;;;
37.238742;-2.292005;1076;0;-3;1940;2651;80.58;85.81;;;
37.238453;-2.292273;1075;0;-2;1940;2651;80.62;85.77;;;
37.238308;-2.292407;1075;0;-1;1940;2651;80.64;85.75;;;
37.238159;-2.292535;1075;0;-1;1940;2651;80.66;85.73;;;
37.237843;-2.292737;1075;0;0;1940;2651;80.7;85.69;;;
37.237665;-2.292767;1075;0;1;1941;2650;80.72;85.67;;;
37.237146;-2.292593;1076;0;1;1941;2650;80.78;85.61;;;
37.236975;-2.292522;1076;0;1;1942;2649;80.8;85.59;;;
37.236627;-2.292418;1076;0;0;1942;2649;80.84;85.55;;;
37.236448;-2.292420;1076;0;0;1942;2649;80.86;85.53;;;
37.236272;-2.292464;1076;0;-1;1942;2649;80.88;85.51;;;
37.235943;-2.292641;1076;0;-1;1942;2649;80.92;85.47;;;
37.235783;-2.292744;1075;0;-2;1942;2649;80.94;85.45;;;
37.235463;-2.292951;1075;0;-2;1942;2649;80.98;85.41;;;
37.235303;-2.293054;1074;0;-2;1942;2649;81;85.39;;;
37.235143;-2.293158;1074;0;-2;1942;2649;81.02;85.37;;;
37.234823;-2.293365;1073;0;-2;1942;2649;81.06;85.33;;;
37.234663;-2.293468;1072;0;-3;1942;2649;81.08;85.31;;;
37.234344;-2.293676;1072;0;-3;1942;2649;81.12;85.27;;;
37.234188;-2.293788;1071;0;-4;1942;2649;81.14;85.25;;;
37.234037;-2.293911;1070;0;-4;1942;2649;81.16;85.23;;;
37.233735;-2.294156;1068;0;-5;1942;2649;81.2;85.19;;;
37.233595;-2.294296;1067;0;-5;1942;2649;81.22;85.17;;;
37.233331;-2.294867;1064;0;-8;1942;2649;81.28;85.11;;;
37.233311;-2.295091;1062;0;-8;1942;2649;81.3;85.09;;;
37.233316;-2.295541;1058;0;-7;1942;2649;81.34;85.05;;;
37.233330;-2.295767;1056;0;-8;1942;2649;81.36;85.03;;;
37.233330;-2.295992;1055;0;-8;1942;2649;81.38;85.01;;;
37.233217;-2.296414;1053;0;-8;1942;2649;81.42;84.97;;;
37.233084;-2.296566;1051;0;-7;1942;2649;81.44;84.95;;;
37.232783;-2.296804;1048;0;-7;1942;2649;81.48;84.91;;;
37.232608;-2.296847;1046;0;-6;1942;2649;81.5;84.89;;;
37.232429;-2.296854;1045;0;-5;1942;2649;81.52;84.87;;;
37.232086;-2.296735;1044;0;-3;1942;2649;81.56;84.83;;;
37.231921;-2.296644;1043;0;-2;1942;2649;81.58;84.81;;;
37.231584;-2.296492;1043;0;0;1942;2649;81.62;84.77;;;
37.231406;-2.296456;1042;0;1;1942;2649;81.64;84.75;;;
37.231229;-2.296462;1043;0;1;1942;2649;81.66;84.73;;;
37.230901;-2.296640;1044;0;3;1943;2648;81.7;84.69;;;
37.230745;-2.296752;1045;0;4;1944;2647;81.72;84.67;;;
37.230263;-2.297036;1047;0;6;1947;2644;81.78;84.61;;;
37.230084;-2.297048;1049;0;6;1948;2643;81.8;84.59;;;
37.229745;-2.296932;1051;0;7;1951;2640;81.84;84.55;;;
37.229617;-2.296775;1054;0;7;1953;2638;81.86;84.53;;;
37.229512;-2.296593;1054;0;8;1953;2638;81.88;84.51;;;
37.229323;-2.296208;1057;0;9;1957;2634;81.92;84.47;;;
37.229228;-2.296016;1059;0;9;1959;2632;81.94;84.45;;;
37.229134;-2.295824;1061;0;9;1961;2630;81.96;84.43;;;
37.229040;-2.295631;1064;0;9;1963;2628;81.98;84.41;;;
37.228945;-2.295439;1066;0;8;1965;2626;82;84.39;;;
37.228851;-2.295246;1068;0;8;1968;2623;82.02;84.37;;;
37.228757;-2.295054;1069;0;7;1969;2622;82.04;84.35;;;
37.228662;-2.294862;1070;0;6;1969;2622;82.06;84.33;;;
37.228568;-2.294669;1071;0;5;1970;2621;82.08;84.31;;;
37.228472;-2.294478;1071;0;5;1971;2620;82.1;84.29;;;
37.228373;-2.294290;1073;0;4;1972;2619;82.12;84.27;;;
37.228259;-2.294116;1074;0;4;1973;2618;82.14;84.25;;;
37.228135;-2.293953;1075;0;4;1974;2617;82.16;84.23;;;
37.227997;-2.293807;1075;0;3;1975;2616;82.18;84.21;;;
37.227831;-2.293731;1076;0;2;1975;2616;82.2;84.19;;;
37.227657;-2.293670;1076;0;2;1976;2615;82.22;84.17;;;
37.227479;-2.293660;1076;0;1;1976;2615;82.24;84.15;;;
37.227302;-2.293701;1076;0;0;1976;2615;82.26;84.13;;;
37.227133;-2.293775;1077;0;-1;1976;2615;82.28;84.11;;;
37.226988;-2.293903;1077;0;-2;1976;2615;82.3;84.09;;;
37.226871;-2.294072;1076;0;-3;1976;2615;82.32;84.07;;;
37.226778;-2.294265;1074;0;-3;1976;2615;82.34;84.05;;;
37.226695;-2.294465;1074;0;-3;1976;2615;82.36;84.03;;;
37.226611;-2.294665;1073;0;-3;1976;2615;82.38;84.01;;;
37.226528;-2.294865;1072;0;-2;1976;2615;82.4;83.99;;;
37.226437;-2.295060;1071;0;-1;1976;2615;82.42;83.97;;;
37.226314;-2.295221;1072;0;0;1976;2615;82.44;83.95;;;
37.226167;-2.295349;1072;0;1;1977;2614;82.46;83.93;;;
37.226010;-2.295460;1072;0;3;1977;2614;82.48;83.91;;;
37.225847;-2.295554;1073;0;4;1978;2613;82.5;83.89;;;
37.225683;-2.295648;1074;0;4;1979;2612;82.52;83.87;;;
37.225526;-2.295757;1075;0;5;1980;2611;82.54;83.85;;;
37.225405;-2.295923;1076;0;5;1981;2610;82.56;83.83;;;
37.225347;-2.296132;1077;0;5;1982;2609;82.58;83.81;;;
37.225305;-2.296352;1078;0;5;1983;2608;82.6;83.79;;;
37.225301;-2.296577;1079;0;6;1984;2607;82.62;83.77;;;
37.225324;-2.296801;1081;0;7;1986;2605;82.64;83.75;;;
37.225347;-2.297025;1082;0;6;1987;2604;82.66;83.73;;;
37.225370;-2.297249;1083;0;6;1988;2603;82.68;83.71;;;
37.225354;-2.297474;1085;0;6;1990;2601;82.7;83.69;;;
37.225301;-2.297688;1086;0;6;1991;2600;82.72;83.67;;;
37.225210;-2.297880;1087;0;6;1992;2599;82.74;83.65;;;
37.225095;-2.298053;1088;0;6;1993;2598;82.76;83.63;;;
37.224957;-2.298198;1089;0;6;1994;2597;82.78;83.61;;;
37.224819;-2.298342;1091;0;5;1995;2596;82.8;83.59;;;
37.224680;-2.298486;1092;0;5;1997;2594;82.82;83.57;;;
37.224542;-2.298630;1093;0;6;1998;2593;82.84;83.55;;;
37.224403;-2.298775;1094;0;5;1999;2592;82.86;83.53;;;
37.224265;-2.298919;1095;0;4;2000;2591;82.88;83.51;;;
37.224126;-2.299063;1096;0;4;2001;2590;82.9;83.49;;;
37.223972;-2.299177;1097;0;3;2002;2589;82.92;83.47;;;
37.223804;-2.299254;1097;0;3;2002;2589;82.94;83.45;;;
37.223627;-2.299286;1098;0;3;2003;2588;82.96;83.43;;;
37.223448;-2.299271;1098;0;2;2003;2588;82.98;83.41;;;
37.223286;-2.299186;1099;0;2;2003;2588;83;83.39;;;
37.223141;-2.299051;1099;0;2;2004;2587;83.02;83.37;;;
37.223043;-2.298867;1099;0;2;2004;2587;83.04;83.35;;;
37.222981;-2.298656;1100;0;2;2005;2586;83.06;83.33;;;
37.222961;-2.298433;1100;0;2;2005;2586;83.08;83.31;;;
37.222972;-2.298207;1101;0;2;2006;2585;83.1;83.29;;;
37.222984;-2.297982;1101;0;2;2006;2585;83.12;83.27;;;
37.222997;-2.297757;1101;0;2;2006;2585;83.14;83.25;;;
37.222969;-2.297535;1102;0;2;2007;2584;83.16;83.23;;;
37.222911;-2.297325;1103;0;2;2007;2584;83.18;83.21;;;
37.222808;-2.297140;1103;0;3;2008;2583;83.2;83.19;;;
37.222687;-2.296973;1104;0;2;2008;2583;83.22;83.17;;;
37.222566;-2.296806;1104;0;2;2009;2582;83.24;83.15;;;
37.222459;-2.296624;1104;0;2;2009;2582;83.26;83.13;;;
37.222361;-2.296435;1105;0;2;2010;2581;83.28;83.11;;;
37.222282;-2.296233;1105;0;2;2010;2581;83.3;83.09;;;
37.222226;-2.296019;1106;0;2;2011;2580;83.32;83.07;;;
37.222170;-2.295804;1106;0;2;2011;2580;83.34;83.05;;;
37.222125;-2.295586;1107;0;2;2012;2579;83.36;83.03;;;
37.222093;-2.295364;1107;0;2;2012;2579;83.38;83.01;;;
37.222061;-2.295141;1108;0;2;2013;2578;83.4;82.99;;;
37.222029;-2.294919;1108;0;2;2013;2578;83.42;82.97;;;
37.221997;-2.294697;1108;0;2;2013;2578;83.44;82.95;;;
37.221988;-2.294473;1109;0;3;2014;2577;83.46;82.93;;;
37.222006;-2.294249;1110;0;3;2015;2576;83.48;82.91;;;
37.222043;-2.294028;1110;0;2;2015;2576;83.5;82.89;;;
37.222085;-2.293808;1111;0;3;2016;2575;83.52;82.87;;;
37.222127;-2.293589;1111;0;3;2016;2575;83.54;82.85;;;
37.222145;-2.293367;1112;0;2;2017;2574;83.56;82.83;;;
37.222117;-2.293145;1112;0;3;2017;2574;83.58;82.81;;;
37.222049;-2.292938;1113;0;3;2018;2573;83.6;82.79;;;
37.221936;-2.292765;1113;0;3;2018;2573;83.62;82.77;;;
37.221797;-2.292626;1113;0;3;2018;2573;83.64;82.75;;;
37.221627;-2.292553;1114;0;3;2019;2572;83.66;82.73;;;
37.221451;-2.292510;1115;0;2;2020;2571;83.68;82.71;;;
37.221276;-2.292560;1116;0;2;2021;2570;83.7;82.69;;;
37.221109;-2.292642;1116;0;3;2021;2570;83.72;82.67;;;
37.220983;-2.292804;1116;0;2;2021;2570;83.74;82.65;;;
37.220875;-2.292983;1116;0;2;2021;2570;83.76;82.63;;;
37.220776;-2.293172;1117;0;2;2022;2569;83.78;82.61;;;
37.220677;-2.293360;1118;0;3;2022;2569;83.8;82.59;;;
37.220578;-2.293549;1118;0;3;2023;2568;83.82;82.57;;;
37.220471;-2.293730;1119;0;3;2024;2567;83.84;82.55;;;
37.220352;-2.293899;1119;0;3;2024;2567;83.86;82.53;;;
37.220234;-2.294069;1120;0;3;2025;2566;83.88;82.51;;;
37.220115;-2.294239;1121;0;3;2025;2566;83.9;82.49;;;
37.219996;-2.294408;1121;0;3;2026;2565;83.92;82.47;;;
37.219878;-2.294578;1122;0;3;2027;2564;83.94;82.45;;;
37.219759;-2.294748;1122;0;3;2027;2564;83.96;82.43;;;
37.219640;-2.294917;1123;0;3;2028;2563;83.98;82.41;;;
37.219521;-2.295087;1124;0;4;2029;2562;84;82.39;;;
37.219403;-2.295257;1125;0;4;2029;2562;84.02;82.37;;;
37.219284;-2.295426;1125;0;4;2030;2561;84.04;82.35;;;
37.219165;-2.295596;1126;0;4;2031;2560;84.06;82.33;;;
37.219046;-2.295766;1127;0;4;2032;2559;84.08;82.31;;;
37.218928;-2.295935;1128;0;4;2032;2559;84.1;82.29;;;
37.218809;-2.296105;1128;0;4;2033;2558;84.12;82.27;;;
37.218690;-2.296275;1129;0;4;2034;2557;84.14;82.25;;;
37.218572;-2.296444;1130;0;5;2035;2556;84.16;82.23;;;
37.218453;-2.296614;1131;0;5;2036;2555;84.18;82.21;;;
37.218334;-2.296784;1132;0;5;2037;2554;84.2;82.19;;;
37.218215;-2.296953;1133;0;5;2038;2553;84.22;82.17;;;
37.218097;-2.297123;1134;0;5;2039;2552;84.24;82.15;;;
37.217978;-2.297293;1135;0;5;2040;2551;84.26;82.13;;;
37.217859;-2.297462;1136;0;5;2041;2550;84.28;82.11;;;
37.217731;-2.297616;1137;0;5;2042;2549;84.3;82.09;;;
37.217572;-2.297722;1138;0;4;2043;2548;84.32;82.07;;;
37.217398;-2.297778;1138;0;4;2043;2548;84.34;82.05;;;
37.217218;-2.297786;1139;0;4;2044;2547;84.36;82.03;;;
37.217042;-2.297760;1140;0;4;2045;2546;84.38;82.01;;;
37.216878;-2.297672;1141;0;4;2046;2545;84.4;81.99;;;
37.216730;-2.297544;1141;0;4;2046;2545;84.42;81.97;;;
37.216606;-2.297383;1142;0;4;2047;2544;84.44;81.95;;;
37.216508;-2.297194;1143;0;3;2048;2543;84.46;81.93;;;
37.216460;-2.296977;1143;0;4;2048;2543;84.48;81.91;;;
37.216451;-2.296751;1145;0;4;2050;2541;84.5;81.89;;;
37.216470;-2.296527;1145;0;4;2050;2541;84.52;81.87;;;
37.216517;-2.296310;1146;0;4;2051;2540;84.54;81.85;;;
37.216578;-2.296097;1147;0;4;2052;2539;84.56;81.83;;;
37.216639;-2.295885;1148;0;4;2053;2538;84.58;81.81;;;
37.216699;-2.295672;1148;0;4;2053;2538;84.6;81.79;;;
37.216760;-2.295460;1149;0;4;2054;2537;84.62;81.77;;;
37.216821;-2.295247;1150;0;4;2055;2536;84.64;81.75;;;
37.216882;-2.295034;1151;0;4;2056;2535;84.66;81.73;;;
37.216942;-2.294822;1151;0;4;2056;2535;84.68;81.71;;;
37.216993;-2.294605;1152;0;4;2057;2534;84.7;81.69;;;
37.217025;-2.294384;1153;0;4;2058;2533;84.72;81.67;;;
37.217014;-2.294160;1154;0;4;2059;2532;84.74;81.65;;;
37.216960;-2.293946;1155;0;4;2060;2531;84.76;81.63;;;
37.216864;-2.293758;1155;0;4;2060;2531;84.78;81.61;;;
37.216731;-2.293612;1156;0;4;2061;2530;84.8;81.59;;;
37.216564;-2.293530;1157;0;4;2062;2529;84.82;81.57;;;
37.216387;-2.293503;1158;0;4;2062;2529;84.84;81.55;;;
37.216208;-2.293519;1159;0;4;2063;2528;84.86;81.53;;;
37.216037;-2.293587;1160;0;4;2065;2526;84.88;81.51;;;
37.215899;-2.293732;1161;0;4;2065;2526;84.9;81.49;;;
37.215768;-2.293884;1161;0;5;2066;2525;84.92;81.47;;;
37.215672;-2.294076;1162;0;5;2067;2524;84.94;81.45;;;
37.215577;-2.294267;1163;0;5;2068;2523;84.96;81.43;;;
37.215481;-2.294458;1164;0;5;2069;2522;84.98;81.41;;;
37.215385;-2.294650;1165;0;5;2070;2521;85;81.39;;;
37.215290;-2.294841;1166;0;6;2071;2520;85.02;81.37;;;
37.215166;-2.294999;1167;0;5;2072;2519;85.04;81.35;;;
37.215015;-2.295120;1169;0;6;2073;2518;85.06;81.33;;;
37.214851;-2.295211;1170;0;6;2075;2516;85.08;81.31;;;
37.214672;-2.295220;1171;0;6;2076;2515;85.1;81.29;;;
37.214495;-2.295190;1171;0;6;2076;2515;85.12;81.27;;;
37.214338;-2.295079;1174;0;6;2079;2512;85.14;81.25;;;
37.214191;-2.294948;1174;0;5;2079;2512;85.16;81.23;;;
37.214067;-2.294787;1175;0;5;2080;2511;85.18;81.21;;;
37.213948;-2.294617;1176;0;5;2081;2510;85.2;81.19;;;
37.213826;-2.294452;1178;0;4;2083;2508;85.22;81.17;;;
37.213699;-2.294291;1179;0;4;2083;2508;85.24;81.15;;;
37.213554;-2.294159;1179;0;6;2084;2507;85.26;81.13;;;
37.213407;-2.294028;1180;0;6;2084;2507;85.28;81.11;;;
37.213260;-2.293897;1180;0;6;2085;2506;85.3;81.09;;;
37.213121;-2.293757;1181;0;7;2086;2505;85.32;81.07;;;
37.213020;-2.293571;1186;0;7;2091;2500;85.34;81.05;;;
37.212948;-2.293365;1186;0;7;2091;2500;85.36;81.03;;;
37.212923;-2.293141;1188;0;7;2093;2498;85.38;81.01;;;
37.212931;-2.292916;1189;0;8;2094;2497;85.4;80.99;;;
37.212943;-2.292691;1190;0;6;2095;2496;85.42;80.97;;;
37.212939;-2.292466;1190;0;6;2095;2496;85.44;80.95;;;
37.212912;-2.292243;1191;0;6;2096;2495;85.46;80.93;;;
37.212861;-2.292026;1195;0;7;2100;2491;85.48;80.91;;;
37.212795;-2.291816;1195;0;8;2100;2491;85.5;80.89;;;
37.212689;-2.291635;1196;0;9;2101;2490;85.52;80.87;;;
37.212568;-2.291468;1198;0;8;2103;2488;85.54;80.85;;;
37.212446;-2.291302;1200;0;6;2105;2486;85.56;80.83;;;
37.212323;-2.291137;1202;0;6;2107;2484;85.58;80.81;;;
37.212206;-2.290966;1204;0;6;2109;2482;85.6;80.79;;;
37.212109;-2.290777;1204;0;7;2109;2482;85.62;80.77;;;
37.212039;-2.290568;1204;0;5;2109;2482;85.64;80.75;;;
37.211995;-2.290350;1204;0;5;2109;2482;85.66;80.73;;;
37.211974;-2.290126;1207;0;4;2112;2479;85.68;80.71;;;
37.211975;-2.289901;1209;0;5;2114;2477;85.7;80.69;;;
37.211997;-2.289677;1209;0;6;2114;2477;85.72;80.67;;;
37.212043;-2.289460;1210;0;7;2115;2476;85.74;80.65;;;
37.212123;-2.289258;1211;0;5;2116;2475;85.76;80.63;;;
37.212222;-2.289070;1212;0;5;2117;2474;85.78;80.61;;;
37.212322;-2.288882;1213;0;5;2118;2473;85.8;80.59;;;
37.212421;-2.288694;1215;0;5;2120;2471;85.82;80.57;;;
37.212510;-2.288498;1215;0;4;2120;2471;85.84;80.55;;;
37.212592;-2.288298;1216;0;4;2121;2470;85.86;80.53;;;
37.212635;-2.288078;1217;0;4;2122;2469;85.88;80.51;;;
37.212658;-2.287854;1218;0;3;2123;2468;85.9;80.49;;;
37.212653;-2.287629;1218;0;3;2123;2468;85.92;80.47;;;
37.212634;-2.287404;1219;0;3;2124;2467;85.94;80.45;;;
37.212609;-2.287181;1219;0;3;2124;2467;85.96;80.43;;;
37.212585;-2.286957;1220;0;3;2124;2467;85.98;80.41;;;
37.212560;-2.286733;1220;0;3;2125;2466;86;80.39;;;
37.212535;-2.286510;1221;0;4;2126;2465;86.02;80.37;;;
37.212510;-2.286286;1222;0;4;2127;2464;86.04;80.35;;;
37.212486;-2.286062;1223;0;5;2128;2463;86.06;80.33;;;
37.212454;-2.285840;1224;0;6;2129;2462;86.08;80.31;;;
37.212409;-2.285621;1225;0;5;2130;2461;86.1;80.29;;;
37.212358;-2.285406;1226;0;4;2131;2460;86.12;80.27;;;
37.212262;-2.285215;1228;0;6;2133;2458;86.14;80.25;;;
37.212158;-2.285032;1229;0;7;2134;2457;86.16;80.23;;;
37.212031;-2.284873;1229;0;7;2134;2457;86.18;80.21;;;
37.211888;-2.284737;1229;0;6;2134;2457;86.2;80.19;;;
37.211729;-2.284632;1233;0;6;2138;2453;86.22;80.17;;;
37.211558;-2.284570;1235;0;6;2140;2451;86.24;80.15;;;
37.211380;-2.284535;1236;0;7;2141;2450;86.26;80.13;;;
37.211202;-2.284519;1236;0;6;2141;2450;86.28;80.11;;;
37.211025;-2.284554;1237;0;3;2142;2449;86.3;80.09;;;
37.210851;-2.284604;1238;0;2;2143;2448;86.32;80.07;;;
37.210690;-2.284706;1239;0;1;2144;2447;86.34;80.05;;;
37.210538;-2.284826;1239;0;0;2144;2447;86.36;80.03;;;
37.210399;-2.284969;1239;0;-2;2144;2447;86.38;80.01;;;
37.210295;-2.285151;1238;0;-3;2144;2447;86.4;79.99;25;summit;2
37.210205;-2.285346;1237;0;-5;2144;2447;86.42;79.97;;;
37.210135;-2.285554;1236;0;-6;2144;2447;86.44;79.95;;;
37.210064;-2.285762;1234;0;-6;2144;2447;86.46;79.93;;;
37.209994;-2.285970;1233;0;-7;2144;2447;86.48;79.91;;;
37.209924;-2.286178;1232;0;-8;2144;2447;86.5;79.89;;;
37.209821;-2.286361;1231;0;-7;2144;2447;86.52;79.87;;;
37.209704;-2.286531;1229;0;-7;2144;2447;86.54;79.85;;;
37.209569;-2.286680;1226;0;-7;2144;2447;86.56;79.83;;;
37.209424;-2.286815;1225;0;-7;2144;2447;86.58;79.81;;;
37.209280;-2.286949;1224;0;-7;2144;2447;86.6;79.79;;;
37.209136;-2.287085;1223;0;-8;2144;2447;86.62;79.77;;;
37.208998;-2.287229;1221;0;-7;2144;2447;86.64;79.75;;;
37.208870;-2.287387;1220;0;-7;2144;2447;86.66;79.73;;;
37.208763;-2.287568;1219;0;-8;2144;2447;86.68;79.71;;;
37.208670;-2.287761;1217;0;-8;2144;2447;86.7;79.69;;;
37.208577;-2.287955;1215;0;-8;2144;2447;86.72;79.67;;;
37.208472;-2.288138;1214;0;-8;2144;2447;86.74;79.65;;;
37.208357;-2.288311;1212;0;-7;2144;2447;86.76;79.63;;;
37.208230;-2.288469;1210;0;-7;2144;2447;86.78;79.61;;;
37.208087;-2.288608;1209;0;-6;2144;2447;86.8;79.59;;;
37.207945;-2.288746;1208;0;-6;2144;2447;86.82;79.57;;;
37.207803;-2.288885;1207;0;-6;2144;2447;86.84;79.55;;;
37.207661;-2.289023;1206;0;-6;2144;2447;86.86;79.53;;;
37.207519;-2.289162;1205;0;-5;2144;2447;86.88;79.51;;;
37.207377;-2.289300;1203;0;-5;2144;2447;86.9;79.49;;;
37.207235;-2.289438;1202;0;-4;2144;2447;86.92;79.47;;;
37.207093;-2.289577;1202;0;-4;2144;2447;86.94;79.45;;;
37.206951;-2.289716;1201;0;-4;2144;2447;86.96;79.43;;;
37.206809;-2.289854;1200;0;-4;2144;2447;86.98;79.41;;;
37.206667;-2.289993;1200;0;-4;2144;2447;87;79.39;;;
37.206542;-2.290156;1199;0;-4;2144;2447;87.02;79.37;;;
37.206418;-2.290319;1198;0;-4;2144;2447;87.04;79.35;;;
37.206323;-2.290511;1197;0;-4;2144;2447;87.06;79.33;;;
37.206231;-2.290704;1196;0;-5;2144;2447;87.08;79.31;;;
37.206160;-2.290909;1195;0;-5;2144;2447;87.1;79.29;;;
37.206116;-2.291128;1194;0;-5;2144;2447;87.12;79.27;;;
37.206073;-2.291347;1193;0;-5;2144;2447;87.14;79.25;;;
37.206042;-2.291570;1192;0;-5;2144;2447;87.16;79.23;;;
37.206017;-2.291793;1191;0;-6;2144;2447;87.18;79.21;;;
37.205992;-2.292017;1190;0;-5;2144;2447;87.2;79.19;;;
37.205967;-2.292241;1189;0;-6;2144;2447;87.22;79.17;;;
37.205919;-2.292458;1187;0;-6;2144;2447;87.24;79.15;;;
37.205855;-2.292669;1186;0;-7;2144;2447;87.26;79.13;;;
37.205764;-2.292861;1185;0;-7;2144;2447;87.28;79.11;;;
37.205645;-2.293029;1184;0;-7;2144;2447;87.3;79.09;;;
37.205503;-2.293168;1182;0;-6;2144;2447;87.32;79.07;;;
37.205345;-2.293266;1180;0;-7;2144;2447;87.34;79.05;;;
37.205168;-2.293305;1179;0;-7;2144;2447;87.36;79.03;;;
37.204989;-2.293314;1178;0;-8;2144;2447;87.38;79.01;;;
37.204814;-2.293274;1177;0;-8;2144;2447;87.4;78.99;;;
37.204650;-2.293182;1176;0;-7;2144;2447;87.42;78.97;;;
37.204491;-2.293078;1174;0;-7;2144;2447;87.44;78.95;;;
37.204351;-2.292938;1171;0;-7;2144;2447;87.46;78.93;;;
37.204233;-2.292768;1170;0;-7;2144;2447;87.48;78.91;;;
37.204115;-2.292598;1169;0;-6;2144;2447;87.5;78.89;;;
37.203997;-2.292428;1168;0;-5;2144;2447;87.52;78.87;;;
37.203878;-2.292257;1167;0;-4;2144;2447;87.54;78.85;;;
37.203760;-2.292087;1167;0;-5;2144;2447;87.56;78.83;;;
37.203642;-2.291917;1166;0;-5;2144;2447;87.58;78.81;;;
37.203524;-2.291747;1165;0;-5;2144;2447;87.6;78.79;;;
37.203406;-2.291576;1164;0;-6;2144;2447;87.62;78.77;;;
37.203288;-2.291406;1162;0;-7;2144;2447;87.64;78.75;;;
37.203166;-2.291240;1161;0;-6;2144;2447;87.66;78.73;;;
37.203033;-2.291089;1160;0;-6;2144;2447;87.68;78.71;;;
37.202882;-2.290972;1158;0;-6;2144;2447;87.7;78.69;;;
37.202714;-2.290891;1156;0;-6;2144;2447;87.72;78.67;;;
37.202544;-2.290819;1156;0;-6;2144;2447;87.74;78.65;;;
37.202364;-2.290813;1154;0;-5;2144;2447;87.76;78.63;;;
37.202186;-2.290829;1153;0;-5;2144;2447;87.78;78.61;;;
37.202010;-2.290874;1153;0;-5;2144;2447;87.8;78.59;;;
37.201833;-2.290919;1152;0;-6;2144;2447;87.82;78.57;;;
37.201657;-2.290964;1151;0;-7;2144;2447;87.84;78.55;;;
37.201481;-2.291009;1149;0;-9;2144;2447;87.86;78.53;;;
37.201304;-2.291053;1148;0;-9;2144;2447;87.88;78.51;;;
37.201127;-2.291082;1145;0;-8;2144;2447;87.9;78.49;;;
37.200947;-2.291086;1142;0;-8;2144;2447;87.92;78.47;;;
37.200767;-2.291088;1140;0;-8;2144;2447;87.94;78.45;;;
37.200589;-2.291055;1140;0;-7;2144;2447;87.96;78.43;;;
37.200411;-2.291021;1140;0;-7;2144;2447;87.98;78.41;;;
37.200236;-2.290973;1139;0;-6;2144;2447;88;78.39;;;
37.200062;-2.290918;1137;0;-5;2144;2447;88.02;78.37;;;
37.199887;-2.290862;1136;0;-6;2144;2447;88.04;78.35;;;
37.199713;-2.290806;1134;0;-7;2144;2447;88.06;78.33;;;
37.199539;-2.290750;1133;0;-7;2144;2447;88.08;78.31;;;
37.199364;-2.290694;1132;0;-6;2144;2447;88.1;78.29;;;
37.199190;-2.290638;1130;0;-6;2144;2447;88.12;78.27;;;
37.199016;-2.290582;1129;0;-6;2144;2447;88.14;78.25;;;
37.198841;-2.290527;1128;0;-6;2144;2447;88.16;78.23;;;
37.198667;-2.290472;1127;0;-6;2144;2447;88.18;78.21;;;
37.198488;-2.290460;1126;0;-6;2144;2447;88.2;78.19;;;
37.198308;-2.290466;1125;0;-6;2144;2447;88.22;78.17;;;
37.198129;-2.290482;1123;0;-6;2144;2447;88.24;78.15;;;
37.197964;-2.290568;1122;0;-6;2144;2447;88.26;78.13;;;
37.197809;-2.290682;1121;0;-7;2144;2447;88.28;78.11;;;
37.197654;-2.290795;1120;0;-6;2144;2447;88.3;78.09;;;
37.197505;-2.290922;1119;0;-6;2144;2447;88.32;78.07;;;
37.197357;-2.291051;1117;0;-6;2144;2447;88.34;78.05;;;
37.197210;-2.291181;1116;0;-6;2144;2447;88.36;78.03;;;
37.197063;-2.291311;1115;0;-7;2144;2447;88.38;78.01;;;
37.196916;-2.291441;1114;0;-8;2144;2447;88.4;77.99;;;
37.196758;-2.291546;1113;0;-8;2144;2447;88.42;77.97;;;
37.196592;-2.291635;1111;0;-8;2144;2447;88.44;77.95;;;
37.196422;-2.291705;1109;0;-8;2144;2447;88.46;77.93;;;
37.196246;-2.291748;1106;0;-9;2144;2447;88.48;77.91;;;
37.196068;-2.291740;1105;0;-9;2144;2447;88.5;77.89;;;
37.195890;-2.291704;1104;0;-9;2144;2447;88.52;77.87;;;
37.195716;-2.291647;1102;0;-8;2144;2447;88.54;77.85;;;
37.195544;-2.291582;1100;0;-8;2144;2447;88.56;77.83;;;
37.195385;-2.291485;1098;0;-8;2144;2447;88.58;77.81;;;
37.195222;-2.291396;1096;0;-8;2144;2447;88.6;77.79;;;
37.195051;-2.291323;1095;0;-8;2144;2447;88.62;77.77;;;
37.194879;-2.291258;1094;0;-8;2144;2447;88.64;77.75;;;
37.194704;-2.291205;1092;0;-7;2144;2447;88.66;77.73;;;
37.194530;-2.291152;1091;0;-8;2144;2447;88.68;77.71;;;
37.194353;-2.291112;1089;0;-8;2144;2447;88.7;77.69;;;
37.194175;-2.291078;1087;0;-8;2144;2447;88.72;77.67;;;
37.193995;-2.291065;1086;0;-7;2144;2447;88.74;77.65;;;
37.193816;-2.291053;1084;0;-7;2144;2447;88.76;77.63;;;
37.193636;-2.291040;1083;0;-7;2144;2447;88.78;77.61;;;
37.193457;-2.291025;1081;0;-7;2144;2447;88.8;77.59;;;
37.193278;-2.291005;1080;0;-7;2144;2447;88.82;77.57;;;
37.193101;-2.290971;1079;0;-6;2144;2447;88.84;77.55;;;
37.192933;-2.290890;1078;0;-6;2144;2447;88.86;77.53;;;
37.192779;-2.290778;1076;0;-6;2144;2447;88.88;77.51;;;
37.192636;-2.290642;1075;0;-6;2144;2447;88.9;77.49;;;
37.192505;-2.290487;1075;0;-7;2144;2447;88.92;77.47;;;
37.192408;-2.290297;1073;0;-7;2144;2447;88.94;77.45;;;
37.192318;-2.290103;1072;0;-7;2144;2447;88.96;77.43;;;
37.192248;-2.289894;1070;0;-7;2144;2447;88.98;77.41;;;
37.192179;-2.289686;1069;0;-7;2144;2447;89;77.39;;;
37.192113;-2.289476;1067;0;-8;2144;2447;89.02;77.37;;;
37.192058;-2.289261;1065;0;-8;2144;2447;89.04;77.35;;;
37.192019;-2.289041;1064;0;-8;2144;2447;89.06;77.33;;;
37.191996;-2.288817;1063;0;-7;2144;2447;89.08;77.31;;;
37.191986;-2.288592;1061;0;-6;2144;2447;89.1;77.29;;;
37.191983;-2.288367;1059;0;-6;2144;2447;89.12;77.27;;;
37.191992;-2.288141;1058;0;-7;2144;2447;89.14;77.25;;;
37.192002;-2.287916;1058;0;-6;2144;2447;89.16;77.23;;;
37.192011;-2.287690;1057;0;-6;2144;2447;89.18;77.21;;;
37.192020;-2.287465;1056;0;-6;2144;2447;89.2;77.19;;;
37.192029;-2.287239;1054;0;-6;2144;2447;89.22;77.17;;;
37.192039;-2.287014;1053;0;-7;2144;2447;89.24;77.15;;;
37.192048;-2.286788;1051;0;-8;2144;2447;89.26;77.13;;;
37.192047;-2.286562;1050;0;-9;2144;2447;89.28;77.11;;;
37.192043;-2.286337;1049;0;-9;2144;2447;89.3;77.09;;;
37.192023;-2.286114;1047;0;-8;2144;2447;89.32;77.07;;;
37.191979;-2.285895;1044;0;-9;2144;2447;89.34;77.05;;;
37.191935;-2.285676;1042;0;-9;2144;2447;89.36;77.03;;;
37.191858;-2.285472;1041;0;-9;2144;2447;89.38;77.01;;;
37.191775;-2.285272;1040;0;-8;2144;2447;89.4;76.99;;;
37.191663;-2.285096;1038;0;-7;2144;2447;89.42;76.97;;;
37.191545;-2.284926;1036;0;-6;2144;2447;89.44;76.95;;;
37.191416;-2.284768;1035;0;-6;2144;2447;89.46;76.93;;;
37.191285;-2.284614;1034;0;-6;2144;2447;89.48;76.91;;;
37.191152;-2.284463;1033;0;-6;2144;2447;89.5;76.89;;;
37.191018;-2.284311;1032;0;-7;2144;2447;89.52;76.87;;;
37.190885;-2.284159;1032;0;-7;2144;2447;89.54;76.85;;;
37.190752;-2.284007;1030;0;-7;2144;2447;89.56;76.83;;;
37.190619;-2.283855;1027;0;-8;2144;2447;89.58;76.81;;;
37.190486;-2.283703;1025;0;-9;2144;2447;89.6;76.79;;;
37.190353;-2.283551;1024;0;-9;2144;2447;89.62;76.77;;;
37.190220;-2.283399;1022;0;-8;2144;2447;89.64;76.75;;;
37.190087;-2.283248;1020;0;-7;2144;2447;89.66;76.73;;;
37.189954;-2.283096;1019;0;-6;2144;2447;89.68;76.71;;;
37.189817;-2.282949;1018;0;-5;2144;2447;89.7;76.69;;;
37.189680;-2.282803;1017;0;-6;2144;2447;89.72;76.67;;;
37.189535;-2.282670;1016;0;-6;2144;2447;89.74;76.65;;;
37.189385;-2.282546;1016;0;-6;2144;2447;89.76;76.63;;;
37.189235;-2.282421;1015;0;-6;2144;2447;89.78;76.61;;;
37.189084;-2.282298;1013;0;-6;2144;2447;89.8;76.59;;;
37.188933;-2.282174;1011;0;-6;2144;2447;89.82;76.57;;;
37.188783;-2.282051;1009;0;-7;2144;2447;89.84;76.55;;;
37.188632;-2.281928;1008;0;-7;2144;2447;89.86;76.53;;;
37.188481;-2.281804;1007;0;-6;2144;2447;89.88;76.51;;;
37.188331;-2.281681;1006;0;-6;2144;2447;89.9;76.49;;;
37.188179;-2.281561;1005;0;-6;2144;2447;89.92;76.47;;;
37.188022;-2.281449;1004;0;-6;2144;2447;89.94;76.45;;;
37.187866;-2.281338;1003;0;-6;2144;2447;89.96;76.43;;;
37.187704;-2.281240;1001;0;-6;2144;2447;89.98;76.41;;;
37.187539;-2.281150;1000;0;-6;2144;2447;90;76.39;;;
37.187371;-2.281068;999;0;-7;2144;2447;90.02;76.37;;;
37.187203;-2.280987;998;0;-7;2144;2447;90.04;76.35;;;
37.187029;-2.280932;996;0;-7;2144;2447;90.06;76.33;;;
37.186854;-2.280881;995;0;-7;2144;2447;90.08;76.31;;;
37.186677;-2.280838;993;0;-7;2144;2447;90.1;76.29;;;
37.186501;-2.280795;991;0;-7;2144;2447;90.12;76.27;;;
37.186321;-2.280787;990;0;-7;2144;2447;90.14;76.25;;;
37.186141;-2.280783;989;0;-6;2144;2447;90.16;76.23;;;
37.185962;-2.280783;988;0;-6;2144;2447;90.18;76.21;;;
37.185783;-2.280810;987;0;-5;2144;2447;90.2;76.19;;;
37.185605;-2.280838;986;0;-5;2144;2447;90.22;76.17;;;
37.185427;-2.280875;985;0;-5;2144;2447;90.24;76.15;;;
37.185250;-2.280913;984;0;-5;2144;2447;90.26;76.13;;;
37.185075;-2.280965;983;0;-5;2144;2447;90.28;76.11;;;
37.184900;-2.281018;982;0;-5;2144;2447;90.3;76.09;;;
37.184725;-2.281068;981;0;-4;2144;2447;90.32;76.07;;;
37.184548;-2.281109;980;0;-4;2144;2447;90.34;76.05;;;
37.184371;-2.281149;979;0;-4;2144;2447;90.36;76.03;;;
37.184194;-2.281190;978;0;-4;2144;2447;90.38;76.01;;;
37.184016;-2.281224;978;0;-4;2144;2447;90.4;75.99;;;
37.183838;-2.281255;977;0;-5;2144;2447;90.42;75.97;;;
37.183659;-2.281277;976;0;-5;2144;2447;90.44;75.95;;;
37.183480;-2.281297;975;0;-5;2144;2447;90.46;75.93;;;
37.183300;-2.281294;974;0;-5;2144;2447;90.48;75.91;;;
37.183120;-2.281287;973;0;-6;2144;2447;90.5;75.89;;;
37.182941;-2.281280;972;0;-6;2144;2447;90.52;75.87;;;
37.182761;-2.281273;970;0;-7;2144;2447;90.54;75.85;;;
37.182581;-2.281266;969;0;-7;2144;2447;90.56;75.83;;;
37.182401;-2.281259;967;0;-7;2144;2447;90.58;75.81;;;
37.182222;-2.281252;966;0;-7;2144;2447;90.6;75.79;;;
37.182042;-2.281245;964;0;-6;2144;2447;90.62;75.77;;;
37.181863;-2.281225;963;0;-7;2144;2447;90.64;75.75;;;
37.181687;-2.281180;962;0;-8;2144;2447;90.66;75.73;;;
37.181515;-2.281115;961;0;-7;2144;2447;90.68;75.71;;;
37.181349;-2.281031;960;0;-7;2144;2447;90.7;75.69;;;
37.181187;-2.280932;957;0;-7;2144;2447;90.72;75.67;;;
37.181033;-2.280816;955;0;-7;2144;2447;90.74;75.65;;;
37.180883;-2.280692;955;0;-7;2144;2447;90.76;75.63;;;
37.180745;-2.280547;953;0;-7;2144;2447;90.78;75.61;;;
37.180612;-2.280395;952;0;-6;2144;2447;90.8;75.59;;;
37.180485;-2.280235;951;0;-6;2144;2447;90.82;75.57;;;
37.180373;-2.280059;950;0;-6;2144;2447;90.84;75.55;;;
37.180261;-2.279882;948;0;-6;2144;2447;90.86;75.53;;;
37.180149;-2.279706;947;0;-7;2144;2447;90.88;75.51;;;
37.180037;-2.279529;946;0;-7;2144;2447;90.9;75.49;;;
37.179925;-2.279353;944;0;-7;2144;2447;90.92;75.47;;;
37.179813;-2.279176;943;0;-6;2144;2447;90.94;75.45;;;
37.179699;-2.279002;941;0;-6;2144;2447;90.96;75.43;;;
37.179575;-2.278837;940;0;-6;2144;2447;90.98;75.41;;;
37.179440;-2.278691;939;0;-7;2144;2447;91;75.39;;;
37.179289;-2.278569;938;0;-7;2144;2447;91.02;75.37;;;
37.179129;-2.278467;937;0;-6;2144;2447;91.04;75.35;;;
37.178953;-2.278417;935;0;-6;2144;2447;91.06;75.33;;;
37.178774;-2.278410;933;0;-6;2144;2447;91.08;75.31;;;
37.178598;-2.278439;932;0;-7;2144;2447;91.1;75.29;;;
37.178424;-2.278500;931;0;-7;2144;2447;91.12;75.27;;;
37.178279;-2.278562;931;0;-6;2144;2447;91.14;75.25;;;
37.178127;-2.278683;929;0;-6;2144;2447;91.16;75.23;;;
37.177986;-2.278821;927;0;-7;2144;2447;91.18;75.21;;;
37.177873;-2.278995;926;0;-7;2144;2447;91.2;75.19;;;
37.177782;-2.279189;925;0;-7;2144;2447;91.22;75.17;;;
37.177725;-2.279403;923;0;-7;2144;2447;91.24;75.15;;;
37.177679;-2.279621;921;0;-7;2144;2447;91.26;75.13;;;
37.177634;-2.279839;920;0;-7;2144;2447;91.28;75.11;;;
37.177589;-2.280058;919;0;-7;2144;2447;91.3;75.09;;;
37.177543;-2.280277;918;0;-6;2144;2447;91.32;75.07;;;
37.177498;-2.280495;916;0;-6;2144;2447;91.34;75.05;;;
37.177453;-2.280714;915;0;-6;2144;2447;91.36;75.03;;;
37.177395;-2.280927;914;0;-6;2144;2447;91.38;75.01;;;
37.177325;-2.281135;913;0;-6;2144;2447;91.4;74.99;;;
37.177241;-2.281334;911;0;-6;2144;2447;91.42;74.97;;;
37.177133;-2.281515;910;0;-7;2144;2447;91.44;74.95;;;
37.177014;-2.281683;909;0;-7;2144;2447;91.46;74.93;;;
37.176889;-2.281845;907;0;-7;2144;2447;91.48;74.91;;;
37.176763;-2.282006;906;0;-7;2144;2447;91.5;74.89;;;
37.176637;-2.282167;904;0;-7;2144;2447;91.52;74.87;;;
37.176511;-2.282328;903;0;-8;2144;2447;91.54;74.85;;;
37.176385;-2.282489;901;0;-7;2144;2447;91.56;74.83;;;
37.176258;-2.282650;900;0;-7;2144;2447;91.58;74.81;;;
37.176132;-2.282811;898;0;-6;2144;2447;91.6;74.79;;;
37.176006;-2.282972;897;0;-6;2144;2447;91.62;74.77;;;
37.175880;-2.283133;896;0;-6;2144;2447;91.64;74.75;;;
37.175754;-2.283294;895;0;-6;2144;2447;91.66;74.73;;;
37.175628;-2.283456;894;0;-6;2144;2447;91.68;74.71;;;
37.175503;-2.283617;894;0;-6;2144;2447;91.7;74.69;;;
37.175379;-2.283781;892;0;-6;2144;2447;91.72;74.67;;;
37.175256;-2.283945;890;0;-6;2144;2447;91.74;74.65;;;
37.175153;-2.284130;888;0;-7;2144;2447;91.76;74.63;;;
37.175056;-2.284320;887;0;-7;2144;2447;91.78;74.61;;;
37.174959;-2.284510;886;0;-7;2144;2447;91.8;74.59;;;
37.174861;-2.284699;885;0;-7;2144;2447;91.82;74.57;;;
37.174778;-2.284899;884;0;-6;2144;2447;91.84;74.55;;;
37.174704;-2.285104;882;0;-6;2144;2447;91.86;74.53;;;
37.174630;-2.285310;880;0;-6;2144;2447;91.88;74.51;;;
37.174560;-2.285518;879;0;-6;2144;2447;91.9;74.49;;;
37.174500;-2.285731;879;0;-6;2144;2447;91.92;74.47;;;
37.174450;-2.285948;878;0;-6;2144;2447;91.94;74.45;;;
37.174407;-2.286167;877;0;-6;2144;2447;91.96;74.43;;;
37.174371;-2.286388;875;0;-6;2144;2447;91.98;74.41;;;
37.174339;-2.286610;873;0;-7;2144;2447;92;74.39;;;
37.174308;-2.286832;871;0;-7;2144;2447;92.02;74.37;;;
37.174280;-2.287055;870;0;-7;2144;2447;92.04;74.35;;;
37.174256;-2.287279;869;0;-7;2144;2447;92.06;74.33;;;
37.174231;-2.287502;868;0;-7;2144;2447;92.08;74.31;;;
37.174207;-2.287726;867;0;-6;2144;2447;92.1;74.29;;;
37.174183;-2.287950;866;0;-7;2144;2447;92.12;74.27;;;
37.174159;-2.288174;864;0;-7;2144;2447;92.14;74.25;;;
37.174135;-2.288397;862;0;-7;2144;2447;92.16;74.23;;;
37.174111;-2.288621;861;0;-7;2144;2447;92.18;74.21;;;
37.174088;-2.288845;859;0;-7;2144;2447;92.2;74.19;;;
37.174064;-2.289069;858;0;-6;2144;2447;92.22;74.17;;;
37.174040;-2.289292;857;0;-6;2144;2447;92.24;74.15;;;
37.174016;-2.289516;856;0;-5;2144;2447;92.26;74.13;;;
37.173982;-2.289738;855;0;-5;2144;2447;92.28;74.11;;;
37.173936;-2.289955;854;0;-4;2144;2447;92.3;74.09;;;
37.173876;-2.290168;854;0;-4;2144;2447;92.32;74.07;;;
37.173815;-2.290381;853;0;-3;2144;2447;92.34;74.05;;;
37.173744;-2.290588;852;0;-3;2144;2447;92.36;74.03;;;
37.173665;-2.290790;852;0;-3;2144;2447;92.38;74.01;;;
37.173574;-2.290984;851;0;-3;2144;2447;92.4;73.99;;;
37.173473;-2.291171;851;0;-3;2144;2447;92.42;73.97;;;
37.173371;-2.291357;850;0;-3;2144;2447;92.44;73.95;;;
37.173253;-2.291527;850;0;-2;2144;2447;92.46;73.93;;;
37.173135;-2.291697;849;0;-2;2144;2447;92.48;73.91;;;
37.173016;-2.291867;849;0;-2;2144;2447;92.5;73.89;;;
37.172880;-2.292013;848;0;-2;2144;2447;92.52;73.87;;;
37.172740;-2.292156;848;0;-2;2144;2447;92.54;73.85;;;
37.172601;-2.292299;847;0;-2;2144;2447;92.56;73.83;;;
37.172450;-2.292422;847;0;-2;2144;2447;92.58;73.81;;;
37.172299;-2.292543;847;0;-2;2144;2447;92.6;73.79;;;
37.172147;-2.292665;847;0;-2;2144;2447;92.62;73.77;;;
37.171988;-2.292769;846;0;-2;2144;2447;92.64;73.75;;;
37.171824;-2.292863;846;0;-2;2144;2447;92.66;73.73;;;
37.171661;-2.292957;845;0;-2;2144;2447;92.68;73.71;;;
37.171497;-2.293050;845;0;-2;2144;2447;92.7;73.69;;;
37.171334;-2.293144;844;0;-2;2144;2447;92.72;73.67;;;
37.171170;-2.293238;844;0;-2;2144;2447;92.74;73.65;;;
37.171007;-2.293333;844;0;-2;2144;2447;92.76;73.63;;;
37.170843;-2.293427;843;0;-3;2144;2447;92.78;73.61;;;
37.170680;-2.293521;843;0;-3;2144;2447;92.8;73.59;;;
37.170516;-2.293615;842;0;-4;2144;2447;92.82;73.57;;;
37.170352;-2.293709;841;0;-5;2144;2447;92.84;73.55;;;
37.170189;-2.293803;840;0;-6;2144;2447;92.86;73.53;;;
37.170025;-2.293896;839;0;-7;2144;2447;92.88;73.51;;;
37.169862;-2.293990;838;0;-7;2144;2447;92.9;73.49;;;
37.169698;-2.294084;836;0;-8;2144;2447;92.92;73.47;;;
37.169535;-2.294179;834;0;-8;2144;2447;92.94;73.45;;;
37.169371;-2.294273;833;0;-8;2144;2447;92.96;73.43;;;
37.169208;-2.294367;831;0;-8;2144;2447;92.98;73.41;;;
37.169039;-2.294445;829;0;-8;2144;2447;93;73.39;;;
37.168868;-2.294514;828;0;-8;2144;2447;93.02;73.37;;;
37.168697;-2.294583;826;0;-8;2144;2447;93.04;73.35;;;
37.168525;-2.294651;824;0;-7;2144;2447;93.06;73.33;;;
37.168349;-2.294697;823;0;-7;2144;2447;93.08;73.31;;;
37.168173;-2.294742;822;0;-7;2144;2447;93.1;73.29;;;
37.167997;-2.294788;821;0;-6;2144;2447;93.12;73.27;;;
37.167821;-2.294833;819;0;-6;2144;2447;93.14;73.25;;;
37.167645;-2.294879;818;0;-6;2144;2447;93.16;73.23;;;
37.167468;-2.294925;817;0;-6;2144;2447;93.18;73.21;;;
37.167292;-2.294970;816;0;-6;2144;2447;93.2;73.19;;;
37.167116;-2.295016;815;0;-6;2144;2447;93.22;73.17;;;
37.166940;-2.295062;813;0;-7;2144;2447;93.24;73.15;;;
37.166764;-2.295108;812;0;-7;2144;2447;93.26;73.13;;;
37.166588;-2.295157;811;0;-7;2144;2447;93.28;73.11;;;
37.166414;-2.295213;809;0;-7;2144;2447;93.3;73.09;;;
37.166240;-2.295270;808;0;-7;2144;2447;93.32;73.07;;;
37.166072;-2.295349;806;0;-8;2144;2447;93.34;73.05;;;
37.165905;-2.295433;805;0;-7;2144;2447;93.36;73.03;;;
37.165739;-2.295519;803;0;-7;2144;2447;93.38;73.01;;;
37.165575;-2.295612;802;0;-7;2144;2447;93.4;72.99;;;
37.165412;-2.295707;800;0;-7;2144;2447;93.42;72.97;;;
37.165262;-2.295833;799;0;-7;2144;2447;93.44;72.95;;;
37.165113;-2.295958;798;0;-7;2144;2447;93.46;72.93;;;
37.164965;-2.296085;797;0;-7;2144;2447;93.48;72.91;;;
37.164824;-2.296226;795;0;-7;2144;2447;93.5;72.89;;;
37.164683;-2.296367;794;0;-7;2144;2447;93.52;72.87;;;
37.164545;-2.296511;792;0;-7;2144;2447;93.54;72.85;;;
37.164408;-2.296658;791;0;-7;2144;2447;93.56;72.83;;;
37.164281;-2.296817;790;0;-7;2144;2447;93.58;72.81;;;
37.164162;-2.296986;789;0;-7;2144;2447;93.6;72.79;;;
37.164045;-2.297157;788;0;-7;2144;2447;93.62;72.77;;;
37.163940;-2.297341;786;0;-7;2144;2447;93.64;72.75;;;
37.163838;-2.297526;784;0;-7;2144;2447;93.66;72.73;;;
37.163748;-2.297721;782;0;-7;2144;2447;93.68;72.71;;;
37.163658;-2.297917;780;0;-7;2144;2447;93.7;72.69;;;
37.163586;-2.298123;779;0;-7;2144;2447;93.72;72.67;;;
37.163514;-2.298330;778;0;-7;2144;2447;93.74;72.65;;;
37.163442;-2.298537;777;0;-7;2144;2447;93.76;72.63;;;
37.163370;-2.298744;776;0;-6;2144;2447;93.78;72.61;;;
37.163311;-2.298957;775;0;-6;2144;2447;93.8;72.59;;;
37.163258;-2.299173;773;0;-7;2144;2447;93.82;72.57;;;
37.163205;-2.299388;772;0;-7;2144;2447;93.84;72.55;;;
37.163156;-2.299605;770;0;-7;2144;2447;93.86;72.53;;;
37.163114;-2.299825;769;0;-6;2144;2447;93.88;72.51;;;
37.163073;-2.300044;768;0;-6;2144;2447;93.9;72.49;;;
37.163031;-2.300264;767;0;-5;2144;2447;93.92;72.47;;;
37.162990;-2.300484;766;0;-5;2144;2447;93.94;72.45;;;
37.162948;-2.300703;765;0;-5;2144;2447;93.96;72.43;;;
37.162907;-2.300923;764;0;-5;2144;2447;93.98;72.41;;;
37.162866;-2.301143;763;0;-5;2144;2447;94;72.39;;;
37.162824;-2.301362;762;0;-5;2144;2447;94.02;72.37;;;
37.162783;-2.301582;761;0;-5;2144;2447;94.04;72.35;;;
37.162742;-2.301802;760;0;-5;2144;2447;94.06;72.33;;;
37.162701;-2.302021;759;0;-4;2144;2447;94.08;72.31;;;
37.162659;-2.302241;758;0;-4;2144;2447;94.1;72.29;;;
37.162617;-2.302460;757;0;-4;2144;2447;94.12;72.27;;;
37.162574;-2.302680;757;0;-4;2144;2447;94.14;72.25;;;
37.162532;-2.302899;756;0;-4;2144;2447;94.16;72.23;;;
37.162489;-2.303118;755;0;-4;2144;2447;94.18;72.21;;;
37.162447;-2.303338;755;0;-3;2144;2447;94.2;72.19;;;
37.162405;-2.303557;754;0;-3;2144;2447;94.22;72.17;;;
37.162363;-2.303776;753;0;-3;2144;2447;94.24;72.15;;;
37.162321;-2.303996;753;0;-3;2144;2447;94.26;72.13;;;
37.162278;-2.304215;752;0;-3;2144;2447;94.28;72.11;;;
37.162236;-2.304435;751;0;-3;2144;2447;94.3;72.09;;;
37.162194;-2.304654;751;0;-3;2144;2447;94.32;72.07;;;
37.162149;-2.304872;750;0;-3;2144;2447;94.34;72.05;;;
37.162091;-2.305086;750;0;-3;2144;2447;94.36;72.03;;;
37.162033;-2.305300;749;0;-3;2144;2447;94.38;72.01;;;
37.161963;-2.305508;749;0;-3;2144;2447;94.4;71.99;;;
37.161893;-2.305716;748;0;-3;2144;2447;94.42;71.97;;;
37.161823;-2.305923;748;0;-3;2144;2447;94.44;71.95;;;
37.161751;-2.306130;747;0;-3;2144;2447;94.46;71.93;;;
37.161676;-2.306335;746;0;-3;2144;2447;94.48;71.91;;;
37.161600;-2.306540;745;0;-3;2144;2447;94.5;71.89;;;
37.161524;-2.306745;744;0;-3;2144;2447;94.52;71.87;;;
37.161448;-2.306949;744;0;-3;2144;2447;94.54;71.85;;;
37.161373;-2.307154;743;0;-3;2144;2447;94.56;71.83;;;
37.161297;-2.307359;743;0;-3;2144;2447;94.58;71.81;;;
37.161221;-2.307563;743;0;-3;2144;2447;94.6;71.79;;;
37.161152;-2.307772;742;0;-3;2144;2447;94.62;71.77;;;
37.161086;-2.307981;741;0;-3;2144;2447;94.64;71.75;;;
37.161019;-2.308191;740;0;-3;2144;2447;94.66;71.73;;;
37.160953;-2.308401;740;0;-3;2144;2447;94.68;71.71;;;
37.160907;-2.308619;739;0;-3;2144;2447;94.7;71.69;;;
37.160861;-2.308837;739;0;-3;2144;2447;94.72;71.67;;;
37.160816;-2.309056;738;0;-3;2144;2447;94.74;71.65;;;
37.160770;-2.309274;738;0;-3;2144;2447;94.76;71.63;;;
37.160725;-2.309493;737;0;-4;2144;2447;94.78;71.61;;;
37.160680;-2.309711;736;0;-4;2144;2447;94.8;71.59;;;
37.160634;-2.309929;735;0;-4;2144;2447;94.82;71.57;;;
37.160589;-2.310148;734;0;-5;2144;2447;94.84;71.55;;;
37.160544;-2.310366;733;0;-5;2144;2447;94.86;71.53;;;
37.160499;-2.310585;732;0;-5;2144;2447;94.88;71.51;;;
37.160453;-2.310803;731;0;-4;2144;2447;94.9;71.49;;;
37.160408;-2.311021;731;0;-4;2144;2447;94.92;71.47;;;
37.160362;-2.311240;730;0;-4;2144;2447;94.94;71.45;;;
37.160317;-2.311458;729;0;-4;2144;2447;94.96;71.43;;;
37.160272;-2.311677;728;0;-4;2144;2447;94.98;71.41;;;
37.160227;-2.311895;727;0;-4;2144;2447;95;71.39;;;
37.160181;-2.312114;726;0;-4;2144;2447;95.02;71.37;;;
37.160136;-2.312332;726;0;-4;2144;2447;95.04;71.35;;;
37.160074;-2.312543;725;0;-4;2144;2447;95.06;71.33;;;
37.160000;-2.312749;725;0;-5;2144;2447;95.08;71.31;;;
37.159903;-2.312938;723;0;-6;2144;2447;95.1;71.29;;;
37.159798;-2.313121;722;0;-6;2144;2447;95.12;71.27;;;
37.159681;-2.313292;721;0;-6;2144;2447;95.14;71.25;;;
37.159554;-2.313452;719;0;-7;2144;2447;95.16;71.23;;;
37.159419;-2.313601;717;0;-6;2144;2447;95.18;71.21;;;
37.159277;-2.313739;716;0;-6;2144;2447;95.2;71.19;;;
37.159135;-2.313878;715;0;-6;2144;2447;95.22;71.17;;;
37.158993;-2.314016;714;0;-6;2144;2447;95.24;71.15;;;
37.158851;-2.314154;713;0;-5;2144;2447;95.26;71.13;;;
37.158709;-2.314293;712;0;-5;2144;2447;95.28;71.11;;;
37.158567;-2.314431;711;0;-5;2144;2447;95.3;71.09;;;
37.158425;-2.314570;710;0;-5;2144;2447;95.32;71.07;;;
37.158283;-2.314709;709;0;-5;2144;2447;95.34;71.05;;;
37.158141;-2.314847;708;0;-5;2144;2447;95.36;71.03;;;
37.157999;-2.314986;707;0;-5;2144;2447;95.38;71.01;;;
37.157857;-2.315124;706;0;-5;2144;2447;95.4;70.99;;;
37.157715;-2.315263;705;0;-6;2144;2447;95.42;70.97;;;
37.157573;-2.315402;704;0;-6;2144;2447;95.44;70.95;;;
37.157431;-2.315540;703;0;-6;2144;2447;95.46;70.93;;;
37.157293;-2.315684;702;0;-6;2144;2447;95.48;70.91;;;
37.157157;-2.315832;700;0;-6;2144;2447;95.5;70.89;;;
37.157021;-2.315979;699;0;-5;2144;2447;95.52;70.87;;;
37.156885;-2.316127;698;0;-5;2144;2447;95.54;70.85;;;
37.156749;-2.316275;697;0;-5;2144;2447;95.56;70.83;;;
37.156619;-2.316431;696;0;-5;2144;2447;95.58;70.81;;;
37.156499;-2.316598;695;0;-5;2144;2447;95.6;70.79;;;
37.156378;-2.316766;695;0;-5;2144;2447;95.62;70.77;;;
37.156258;-2.316934;694;0;-5;2144;2447;95.64;70.75;;;
37.156137;-2.317101;692;0;-5;2144;2447;95.66;70.73;;;
37.156017;-2.317269;691;0;-5;2144;2447;95.68;70.71;;;
37.155907;-2.317447;690;0;-6;2144;2447;95.7;70.69;;;
37.155801;-2.317629;689;0;-6;2144;2447;95.72;70.67;;;
37.155695;-2.317812;688;0;-6;2144;2447;95.74;70.65;;;
37.155589;-2.317994;687;0;-6;2144;2447;95.76;70.63;;;
37.155483;-2.318177;686;0;-6;2144;2447;95.78;70.61;;;
37.155372;-2.318353;684;0;-6;2144;2447;95.8;70.59;;;
37.155240;-2.318506;683;0;-6;2144;2447;95.82;70.57;;;
37.155103;-2.318651;682;0;-6;2144;2447;95.84;70.55;;;
37.154955;-2.318780;680;0;-6;2144;2447;95.86;70.53;;;
37.154807;-2.318909;679;0;-6;2144;2447;95.88;70.51;;;
37.154659;-2.319038;678;0;-6;2144;2447;95.9;70.49;;;
37.154512;-2.319167;677;0;-6;2144;2447;95.92;70.47;;;
37.154364;-2.319295;676;0;-6;2144;2447;95.94;70.45;;;
37.154217;-2.319424;674;0;-5;2144;2447;95.96;70.43;;;
37.154069;-2.319553;673;0;-5;2144;2447;95.98;70.41;;;
37.153921;-2.319682;672;0;-5;2144;2447;96;70.39;;;
37.153774;-2.319812;672;0;-5;2144;2447;96.02;70.37;;;
37.153626;-2.319941;671;0;-5;2144;2447;96.04;70.35;;;
37.153480;-2.320072;670;0;-5;2144;2447;96.06;70.33;;;
37.153348;-2.320224;669;0;-5;2144;2447;96.08;70.31;;;
37.153215;-2.320377;668;0;-6;2144;2447;96.1;70.29;;;
37.153090;-2.320538;667;0;-6;2144;2447;96.12;70.27;;;
37.152967;-2.320703;665;0;-6;2144;2447;96.14;70.25;;;
37.152844;-2.320869;664;0;-5;2144;2447;96.16;70.23;;;
37.152722;-2.321034;663;0;-5;2144;2447;96.18;70.21;;;
37.152603;-2.321203;662;0;-5;2144;2447;96.2;70.19;;;
37.152486;-2.321374;661;0;-5;2144;2447;96.22;70.17;;;
37.152369;-2.321546;660;0;-5;2144;2447;96.24;70.15;;;
37.152252;-2.321717;660;0;-5;2144;2447;96.26;70.13;;;
37.152135;-2.321889;659;0;-5;2144;2447;96.28;70.11;;;
37.152018;-2.322060;658;0;-5;2144;2447;96.3;70.09;;;
37.151901;-2.322232;656;0;-6;2144;2447;96.32;70.07;;;
37.151784;-2.322403;655;0;-6;2144;2447;96.34;70.05;;;
37.151667;-2.322575;654;0;-6;2144;2447;96.36;70.03;;;
37.151550;-2.322746;653;0;-6;2144;2447;96.38;70.01;;;
37.151433;-2.322917;652;0;-6;2144;2447;96.4;69.99;;;
37.151316;-2.323089;650;0;-6;2144;2447;96.42;69.97;;;
37.151199;-2.323260;649;0;-6;2144;2447;96.44;69.95;;;
37.151082;-2.323431;648;0;-6;2144;2447;96.46;69.93;;;
37.150965;-2.323603;647;0;-6;2144;2447;96.48;69.91;;;
37.150848;-2.323774;645;0;-6;2144;2447;96.5;69.89;;;
37.150731;-2.323946;644;0;-6;2144;2447;96.52;69.87;;;
37.150610;-2.324112;643;0;-5;2144;2447;96.54;69.85;;;
37.150474;-2.324259;642;0;-5;2144;2447;96.56;69.83;;;
37.150333;-2.324399;641;0;-4;2144;2447;96.58;69.81;;;
37.150182;-2.324522;641;0;-5;2144;2447;96.6;69.79;;;
37.150031;-2.324645;640;0;-5;2144;2447;96.62;69.77;;;
37.149881;-2.324768;639;0;-5;2144;2447;96.64;69.75;;;
37.149730;-2.324891;638;0;-5;2144;2447;96.66;69.73;;;
37.149579;-2.325014;637;0;-5;2144;2447;96.68;69.71;;;
37.149428;-2.325137;635;0;-5;2144;2447;96.7;69.69;;;
37.149278;-2.325261;634;0;-5;2144;2447;96.72;69.67;;;
37.149134;-2.325397;633;0;-4;2144;2447;96.74;69.65;;;
37.148990;-2.325532;632;0;-4;2144;2447;96.76;69.63;;;
37.148853;-2.325677;632;0;-3;2144;2447;96.78;69.61;;;
37.148717;-2.325826;631;0;-3;2144;2447;96.8;69.59;;;
37.148593;-2.325987;631;0;-2;2144;2447;96.82;69.57;;;
37.148478;-2.326161;630;0;-2;2144;2447;96.84;69.55;;;
37.148366;-2.326337;630;0;-2;2144;2447;96.86;69.53;;;
37.148267;-2.326526;630;0;-2;2144;2447;96.88;69.51;;;
37.148168;-2.326714;629;0;-2;2144;2447;96.9;69.49;;;
37.148084;-2.326914;629;0;-1;2144;2447;96.92;69.47;;;
37.148004;-2.327115;629;0;-1;2144;2447;96.94;69.45;;;
37.147950;-2.327331;629;0;-1;2144;2447;96.96;69.43;;;
37.147896;-2.327546;628;0;-1;2144;2447;96.98;69.41;;;
37.147842;-2.327761;628;0;-1;2144;2447;97;69.39;;;
37.147788;-2.327977;628;0;-1;2144;2447;97.02;69.37;;;
37.147735;-2.328192;628;0;-1;2144;2447;97.04;69.35;;;
37.147687;-2.328409;628;0;-1;2144;2447;97.06;69.33;;;
37.147651;-2.328629;627;0;-1;2144;2447;97.08;69.31;;;
37.147602;-2.328846;627;0;-1;2144;2447;97.1;69.29;;;
37.147554;-2.329063;627;0;-2;2144;2447;97.12;69.27;;;
37.147505;-2.329281;626;0;-2;2144;2447;97.14;69.25;;;
37.147456;-2.329498;626;0;-2;2144;2447;97.16;69.23;;;
37.147407;-2.329715;626;0;-3;2144;2447;97.18;69.21;;;
37.147359;-2.329932;625;0;-3;2144;2447;97.2;69.19;;;
37.147310;-2.330149;624;0;-3;2144;2447;97.22;69.17;;;
37.147261;-2.330367;624;0;-3;2144;2447;97.24;69.15;;;
37.147213;-2.330584;623;0;-4;2144;2447;97.26;69.13;;;
37.147159;-2.330799;622;0;-4;2144;2447;97.28;69.11;;;
37.147104;-2.331014;622;0;-4;2144;2447;97.3;69.09;;;
37.147049;-2.331229;621;0;-4;2144;2447;97.32;69.07;;;
37.146995;-2.331444;620;0;-4;2144;2447;97.34;69.05;;;
37.146938;-2.331658;619;0;-4;2144;2447;97.36;69.03;;;
37.146880;-2.331872;619;0;-4;2144;2447;97.38;69.01;;;
37.146823;-2.332086;618;0;-4;2144;2447;97.4;68.99;;;
37.146765;-2.332300;617;0;-4;2144;2447;97.42;68.97;;;
37.146702;-2.332511;616;0;-4;2144;2447;97.44;68.95;;;
37.146630;-2.332717;616;0;-3;2144;2447;97.46;68.93;;;
37.146551;-2.332920;615;0;-3;2144;2447;97.48;68.91;;;
37.146457;-2.333111;614;0;-3;2144;2447;97.5;68.89;;;
37.146344;-2.333287;614;0;-3;2144;2447;97.52;68.87;;;
37.146231;-2.333462;613;0;-3;2144;2447;97.54;68.85;;;
37.146118;-2.333638;613;0;-3;2144;2447;97.56;68.83;;;
37.145996;-2.333804;612;0;-3;2144;2447;97.58;68.81;;;
37.145873;-2.333969;611;0;-3;2144;2447;97.6;68.79;;;
37.145751;-2.334134;611;0;-3;2144;2447;97.62;68.77;;;
37.145628;-2.334300;610;0;-3;2144;2447;97.64;68.75;;;
37.145506;-2.334465;610;0;-2;2144;2447;97.66;68.73;;;
37.145384;-2.334630;609;0;-2;2144;2447;97.68;68.71;;;
37.145261;-2.334795;609;0;-2;2144;2447;97.7;68.69;;;
37.145139;-2.334961;608;0;-2;2144;2447;97.72;68.67;;;
37.145016;-2.335126;608;0;-2;2144;2447;97.74;68.65;;;
37.144894;-2.335292;608;0;-2;2144;2447;97.76;68.63;;;
37.144772;-2.335457;607;0;-2;2144;2447;97.78;68.61;;;
37.144627;-2.335590;607;0;-2;2144;2447;97.8;68.59;;;
37.144481;-2.335723;607;0;-2;2144;2447;97.82;68.57;;;
37.144336;-2.335856;606;0;-2;2144;2447;97.84;68.55;;;
37.144190;-2.335988;606;0;-2;2144;2447;97.86;68.53;;;
37.144042;-2.336116;606;0;-2;2144;2447;97.88;68.51;;;
37.143888;-2.336232;605;0;-2;2144;2447;97.9;68.49;;;
37.143733;-2.336347;605;0;-2;2144;2447;97.92;68.47;;;
37.143579;-2.336463;604;0;-2;2144;2447;97.94;68.45;;;
37.143425;-2.336579;604;0;-2;2144;2447;97.96;68.43;;;
37.143269;-2.336692;603;0;-2;2144;2447;97.98;68.41;;;
37.143112;-2.336802;603;0;-2;2144;2447;98;68.39;;;
37.142954;-2.336911;602;0;-2;2144;2447;98.02;68.37;;;
37.142797;-2.337020;602;0;-2;2144;2447;98.04;68.35;;;
37.142630;-2.337101;602;0;-2;2144;2447;98.06;68.33;;;
37.142458;-2.337167;601;0;-1;2144;2447;98.08;68.31;;;
37.142286;-2.337231;601;0;-1;2144;2447;98.1;68.29;;;
37.142107;-2.337257;601;0;0;2144;2447;98.12;68.27;;;
37.141928;-2.337283;601;0;0;2144;2447;98.14;68.25;;;
37.141749;-2.337276;601;0;1;2144;2447;98.16;68.23;;;
37.141570;-2.337257;601;0;1;2145;2446;98.18;68.21;;;
37.141391;-2.337238;601;0;1;2145;2446;98.2;68.19;;;
37.141212;-2.337220;602;0;2;2145;2446;98.22;68.17;;;
37.141032;-2.337226;602;0;2;2146;2445;98.24;68.15;;;
37.140852;-2.337232;603;0;2;2146;2445;98.26;68.13;;;
37.140672;-2.337239;603;0;3;2147;2444;98.28;68.11;;;
37.140497;-2.337287;604;0;3;2147;2444;98.3;68.09;;;
37.140324;-2.337347;604;0;3;2148;2443;98.32;68.07;;;
37.140151;-2.337408;605;0;3;2149;2442;98.34;68.05;;;
37.139987;-2.337496;606;0;2;2149;2442;98.36;68.03;;;
37.139834;-2.337614;606;0;2;2150;2441;98.38;68.01;;;
37.139680;-2.337731;607;0;1;2150;2441;98.4;67.99;;;
37.139532;-2.337859;607;0;0;2151;2440;98.42;67.97;;;
37.139387;-2.337992;607;0;-1;2151;2440;98.44;67.95;;;
37.139241;-2.338124;606;0;-1;2151;2440;98.46;67.93;;;
37.139095;-2.338257;606;0;-2;2151;2440;98.48;67.91;;;
37.138949;-2.338388;606;0;-3;2151;2440;98.5;67.89;;;
37.138795;-2.338503;605;0;-3;2151;2440;98.52;67.87;;;
37.138640;-2.338618;604;0;-4;2151;2440;98.54;67.85;;;
37.138485;-2.338732;603;0;-5;2151;2440;98.56;67.83;;;
37.138311;-2.338789;602;0;-5;2151;2440;98.58;67.81;;;
37.138137;-2.338847;601;0;-5;2151;2440;98.6;67.79;;;
37.137963;-2.338905;600;0;-5;2151;2440;98.62;67.77;;;
37.137789;-2.338962;599;0;-5;2151;2440;98.64;67.75;;;
37.137615;-2.339020;598;0;-5;2151;2440;98.66;67.73;;;
37.137441;-2.339077;597;0;-5;2151;2440;98.68;67.71;;;
37.137267;-2.339135;596;0;-4;2151;2440;98.7;67.69;;;
37.137093;-2.339193;595;0;-4;2151;2440;98.72;67.67;;;
37.136920;-2.339250;594;0;-4;2151;2440;98.74;67.65;;;
37.136749;-2.339321;594;0;-4;2151;2440;98.76;67.63;;;
37.136580;-2.339400;593;0;-4;2151;2440;98.78;67.61;;;
37.136412;-2.339478;592;0;-4;2151;2440;98.8;67.59;;;
37.136243;-2.339556;591;0;-4;2151;2440;98.82;67.57;;;
37.136074;-2.339635;591;0;-4;2151;2440;98.84;67.55;;;
37.135906;-2.339713;590;0;-4;2151;2440;98.86;67.53;;;
37.135737;-2.339791;589;0;-4;2151;2440;98.88;67.51;;;
37.135568;-2.339870;588;0;-4;2151;2440;98.9;67.49;;;
37.135400;-2.339948;587;0;-4;2151;2440;98.92;67.47;;;
37.135231;-2.340026;586;0;-3;2151;2440;98.94;67.45;;;
37.135062;-2.340105;586;0;-3;2151;2440;98.96;67.43;;;
37.134894;-2.340183;585;0;-2;2151;2440;98.98;67.41;;;
37.134725;-2.340261;585;0;-2;2151;2440;99;67.39;;;
37.134556;-2.340340;584;0;-2;2151;2440;99.02;67.37;;;
37.134388;-2.340418;584;0;-2;2151;2440;99.04;67.35;;;
37.134219;-2.340496;584;0;-1;2151;2440;99.06;67.33;;;
37.134050;-2.340575;584;0;-1;2151;2440;99.08;67.31;;;
37.133882;-2.340653;583;0;-1;2151;2440;99.1;67.29;;;
37.133713;-2.340731;583;0;-1;2151;2440;99.12;67.27;;;
37.133545;-2.340813;583;0;-1;2151;2440;99.14;67.25;;;
37.133379;-2.340898;583;0;-1;2151;2440;99.16;67.23;;;
37.133212;-2.340982;582;0;-1;2151;2440;99.18;67.21;;;
37.133045;-2.341067;582;0;-1;2151;2440;99.2;67.19;;;
37.132878;-2.341152;582;0;-1;2151;2440;99.22;67.17;;;
37.132712;-2.341236;582;0;-1;2151;2440;99.24;67.15;;;
37.132545;-2.341321;581;0;-1;2151;2440;99.26;67.13;;;
37.132378;-2.341405;581;0;-1;2151;2440;99.28;67.11;;;
37.132215;-2.341500;581;0;-1;2151;2440;99.3;67.09;;;
37.132054;-2.341600;581;0;-1;2151;2440;99.32;67.07;;;
37.131893;-2.341701;580;0;-1;2151;2440;99.34;67.05;;;
37.131732;-2.341802;580;0;-1;2151;2440;99.36;67.03;;;
37.131579;-2.341918;580;0;-1;2151;2440;99.38;67.01;;;
37.131435;-2.342054;580;0;-1;2151;2440;99.4;66.99;;;
37.131292;-2.342190;579;0;-1;2151;2440;99.42;66.97;;;
37.131148;-2.342327;579;0;-1;2151;2440;99.44;66.95;;;
37.131005;-2.342463;579;0;-1;2151;2440;99.46;66.93;;;
37.130862;-2.342599;579;0;-1;2151;2440;99.48;66.91;;;
37.130718;-2.342735;579;0;-1;2151;2440;99.5;66.89;;;
37.130575;-2.342872;578;0;-1;2151;2440;99.52;66.87;;;
37.130432;-2.343008;578;0;-1;2151;2440;99.54;66.85;;;
37.130288;-2.343144;578;0;-1;2151;2440;99.56;66.83;;;
37.130145;-2.343280;578;0;-1;2151;2440;99.58;66.81;;;
37.130002;-2.343417;578;0;-1;2151;2440;99.6;66.79;;;
37.129858;-2.343553;578;0;-1;2151;2440;99.62;66.77;;;
37.129715;-2.343689;577;0;-1;2151;2440;99.64;66.75;;;
37.129569;-2.343820;577;0;-1;2151;2440;99.66;66.73;;;
37.129418;-2.343943;577;0;-1;2151;2440;99.68;66.71;;;
37.129267;-2.344065;577;0;-1;2151;2440;99.7;66.69;;;
37.129112;-2.344180;577;0;-1;2151;2440;99.72;66.67;;;
37.128947;-2.344270;577;0;-1;2151;2440;99.74;66.65;;;
37.128788;-2.344373;577;0;-1;2151;2440;99.76;66.63;;;
37.128629;-2.344480;576;0;-1;2151;2440;99.78;66.61;;;
37.128455;-2.344536;576;0;-1;2151;2440;99.8;66.59;;;
37.128281;-2.344591;576;0;-1;2151;2440;99.82;66.57;;;
37.128106;-2.344646;576;0;-1;2151;2440;99.84;66.55;;;
37.127932;-2.344702;576;0;-1;2151;2440;99.86;66.53;;;
37.127758;-2.344757;575;0;-1;2151;2440;99.88;66.51;;;
37.127583;-2.344813;575;0;-1;2151;2440;99.9;66.49;;;
37.127406;-2.344848;575;0;-1;2151;2440;99.92;66.47;;;
37.127228;-2.344880;575;0;-1;2151;2440;99.94;66.45;;;
37.127050;-2.344912;575;0;-1;2151;2440;99.96;66.43;;;
37.126872;-2.344944;575;0;-1;2151;2440;99.98;66.41;;;
37.126693;-2.344976;574;0;-1;2151;2440;100;66.39;;;
37.126515;-2.345008;574;0;-1;2151;2440;100.02;66.37;;;
37.126337;-2.345041;574;0;-1;2151;2440;100.04;66.35;;;
37.126160;-2.345081;574;0;-2;2151;2440;100.06;66.33;;;
37.125984;-2.345121;573;0;-2;2151;2440;100.08;66.31;;;
37.125807;-2.345162;573;0;-2;2151;2440;100.1;66.29;;;
37.125632;-2.345217;573;0;-2;2151;2440;100.12;66.27;;;
37.125459;-2.345275;572;0;-2;2151;2440;100.14;66.25;;;
37.125285;-2.345334;572;0;-3;2151;2440;100.16;66.23;;;
37.125112;-2.345395;571;0;-3;2151;2440;100.18;66.21;;;
37.124948;-2.345487;570;0;-3;2151;2440;100.2;66.19;;;
37.124783;-2.345579;570;0;-3;2151;2440;100.22;66.17;;;
37.124619;-2.345671;569;0;-3;2151;2440;100.24;66.15;;;
37.124455;-2.345763;569;0;-2;2151;2440;100.26;66.13;;;
37.124291;-2.345855;568;0;-2;2151;2440;100.28;66.11;;;
37.124126;-2.345947;568;0;-2;2151;2440;100.3;66.09;;;
37.123962;-2.346039;567;0;-2;2151;2440;100.32;66.07;;;
37.123798;-2.346131;567;0;-2;2151;2440;100.34;66.05;;;
37.123634;-2.346223;567;0;-2;2151;2440;100.36;66.03;;;
37.123469;-2.346315;566;0;-3;2151;2440;100.38;66.01;;;
37.123305;-2.346407;566;0;-3;2151;2440;100.4;65.99;;;
37.123141;-2.346499;565;0;-3;2151;2440;100.42;65.97;;;
37.122977;-2.346591;564;0;-3;2151;2440;100.44;65.95;;;
37.122813;-2.346683;564;0;-2;2151;2440;100.46;65.93;;;
37.122648;-2.346775;563;0;-2;2151;2440;100.48;65.91;;;
37.122484;-2.346867;563;0;-2;2151;2440;100.5;65.89;;;
37.122320;-2.346959;563;0;-2;2151;2440;100.52;65.87;;;
37.122156;-2.347051;562;0;-2;2151;2440;100.54;65.85;;;
37.121991;-2.347143;562;0;-2;2151;2440;100.56;65.83;;;
37.121827;-2.347235;561;0;-2;2151;2440;100.58;65.81;;;
37.121663;-2.347327;561;0;-1;2151;2440;100.6;65.79;;;
37.121499;-2.347419;561;0;-1;2151;2440;100.62;65.77;;;
37.121335;-2.347511;561;0;-1;2151;2440;100.64;65.75;;;
37.121170;-2.347603;560;0;-1;2151;2440;100.66;65.73;;;
37.121008;-2.347700;560;0;-1;2151;2440;100.68;65.71;;;
37.120852;-2.347812;560;0;-1;2151;2440;100.7;65.69;;;
37.120696;-2.347924;560;0;-1;2151;2440;100.72;65.67;;;
37.120540;-2.348037;559;0;-1;2151;2440;100.74;65.65;;;
37.120384;-2.348149;559;0;-1;2151;2440;100.76;65.63;;;
37.120228;-2.348261;559;0;-1;2151;2440;100.78;65.61;;;
37.120072;-2.348374;559;0;-1;2151;2440;100.8;65.59;;;
37.119916;-2.348486;559;0;-1;2151;2440;100.82;65.57;;;
37.119760;-2.348598;558;0;0;2151;2440;100.84;65.55;;;
37.119604;-2.348711;558;0;0;2151;2440;100.86;65.53;;;
37.119448;-2.348823;558;0;0;2151;2440;100.88;65.51;;;
37.119293;-2.348936;558;0;0;2151;2440;100.9;65.49;;;
37.119137;-2.349048;558;0;0;2151;2440;100.92;65.47;;;
37.118981;-2.349160;558;0;0;2151;2440;100.94;65.45;;;
37.118825;-2.349273;558;0;0;2151;2440;100.96;65.43;;;
37.118669;-2.349385;559;0;1;2151;2440;100.98;65.41;;;
37.118513;-2.349498;559;0;1;2151;2440;101;65.39;;;
37.118357;-2.349610;559;0;1;2151;2440;101.02;65.37;;;
37.118201;-2.349723;559;0;1;2151;2440;101.04;65.35;;;
37.118045;-2.349835;559;0;1;2151;2440;101.06;65.33;;;
37.117889;-2.349947;559;0;1;2152;2439;101.08;65.31;;;
37.117733;-2.350060;560;0;1;2152;2439;101.1;65.29;;;
37.117577;-2.350172;560;0;1;2152;2439;101.12;65.27;;;
37.117421;-2.350284;560;0;1;2152;2439;101.14;65.25;;;
37.117265;-2.350397;560;0;1;2152;2439;101.16;65.23;;;
37.117109;-2.350509;560;0;1;2152;2439;101.18;65.21;;;
37.116953;-2.350621;560;0;1;2153;2438;101.2;65.19;;;
37.116797;-2.350734;560;0;1;2153;2438;101.22;65.17;;;
37.116641;-2.350846;561;0;1;2153;2438;101.24;65.15;;;
37.116485;-2.350958;561;0;1;2153;2438;101.26;65.13;;;
37.116329;-2.351071;561;0;1;2153;2438;101.28;65.11;;;
37.116174;-2.351183;561;0;1;2153;2438;101.3;65.09;;;
37.116018;-2.351296;561;0;1;2153;2438;101.32;65.07;;;
37.115862;-2.351408;561;0;1;2154;2437;101.34;65.05;;;
37.115706;-2.351521;561;0;0;2154;2437;101.36;65.03;;;
37.115550;-2.351633;561;0;0;2154;2437;101.38;65.01;;;
37.115394;-2.351746;562;0;0;2154;2437;101.4;64.99;;;
37.115238;-2.351858;562;0;-1;2154;2437;101.42;64.97;;;
37.115078;-2.351960;561;0;-1;2154;2437;101.44;64.95;;;
37.114915;-2.352056;561;0;-2;2154;2437;101.46;64.93;;;
37.114752;-2.352152;561;0;-2;2154;2437;101.48;64.91;;;
37.114590;-2.352248;560;0;-2;2154;2437;101.5;64.89;;;
37.114427;-2.352344;560;0;-3;2154;2437;101.52;64.87;;;
37.114264;-2.352441;559;0;-3;2154;2437;101.54;64.85;;;
37.114102;-2.352537;558;0;-3;2154;2437;101.56;64.83;;;
37.113939;-2.352633;558;0;-3;2154;2437;101.58;64.81;;;
37.113776;-2.352729;557;0;-3;2154;2437;101.6;64.79;;;
37.113613;-2.352825;556;0;-3;2154;2437;101.62;64.77;;;
37.113451;-2.352921;556;0;-3;2154;2437;101.64;64.75;;;
37.113288;-2.353018;555;0;-4;2154;2437;101.66;64.73;;;
37.113124;-2.353110;554;0;-4;2154;2437;101.68;64.71;;;
37.112960;-2.353202;554;0;-4;2154;2437;101.7;64.69;;;
37.112795;-2.353294;553;0;-4;2154;2437;101.72;64.67;;;
37.112631;-2.353385;552;0;-4;2154;2437;101.74;64.65;;;
37.112467;-2.353477;551;0;-4;2154;2437;101.76;64.63;;;
37.112302;-2.353569;551;0;-4;2154;2437;101.78;64.61;;;
37.112138;-2.353661;550;0;-4;2154;2437;101.8;64.59;;;
37.111974;-2.353752;549;0;-3;2154;2437;101.82;64.57;;;
37.111809;-2.353844;548;0;-3;2154;2437;101.84;64.55;;;
37.111645;-2.353936;548;0;-3;2154;2437;101.86;64.53;;;
37.111481;-2.354028;547;0;-3;2154;2437;101.88;64.51;;;
37.111317;-2.354119;547;0;-3;2154;2437;101.9;64.49;;;
37.111152;-2.354211;546;0;-3;2154;2437;101.92;64.47;;;
37.110988;-2.354303;546;0;-3;2154;2437;101.94;64.45;;;
37.110824;-2.354395;545;0;-4;2154;2437;101.96;64.43;;;
37.110659;-2.354487;544;0;-4;2154;2437;101.98;64.41;;;
37.110495;-2.354579;543;0;-4;2154;2437;102;64.39;;;
37.110331;-2.354671;542;0;-4;2154;2437;102.02;64.37;;;
37.110167;-2.354763;541;0;-4;2154;2437;102.04;64.35;;;
37.110002;-2.354854;541;0;-4;2154;2437;102.06;64.33;;;
37.109838;-2.354946;540;0;-4;2154;2437;102.08;64.31;;;
37.109674;-2.355038;539;0;-3;2154;2437;102.1;64.29;;;
37.109510;-2.355130;539;0;-3;2154;2437;102.12;64.27;;;
37.109345;-2.355221;538;0;-3;2154;2437;102.14;64.25;;;
37.109181;-2.355313;537;0;-3;2154;2437;102.16;64.23;;;
37.109017;-2.355405;537;0;-3;2154;2437;102.18;64.21;;;
37.108852;-2.355497;536;0;-3;2154;2437;102.2;64.19;;;
37.108688;-2.355589;535;0;-3;2154;2437;102.22;64.17;;;
37.108524;-2.355680;535;0;-3;2154;2437;102.24;64.15;;;
37.108360;-2.355772;534;0;-3;2154;2437;102.26;64.13;;;
37.108195;-2.355864;534;0;-3;2154;2437;102.28;64.11;;;
37.108031;-2.355956;533;0;-3;2154;2437;102.3;64.09;;;
37.107867;-2.356048;532;0;-3;2154;2437;102.32;64.07;;;
37.107704;-2.356144;532;0;-3;2154;2437;102.34;64.05;;;
37.107542;-2.356243;531;0;-4;2154;2437;102.36;64.03;;;
37.107381;-2.356342;530;0;-4;2154;2437;102.38;64.01;;;
37.107219;-2.356440;529;0;-3;2154;2437;102.4;63.99;;;
37.107057;-2.356539;529;0;-3;2154;2437;102.42;63.97;;;
37.106898;-2.356644;528;0;-3;2154;2437;102.44;63.95;;;
37.106747;-2.356765;527;0;-3;2154;2437;102.46;63.93;;;
37.106595;-2.356887;527;0;-4;2154;2437;102.48;63.91;;;
37.106447;-2.357014;526;0;-4;2154;2437;102.5;63.89;;;
37.106307;-2.357156;525;0;-3;2154;2437;102.52;63.87;;;
37.106168;-2.357299;524;0;-3;2154;2437;102.54;63.85;;;
37.106030;-2.357443;524;0;-3;2154;2437;102.56;63.83;;;
37.105900;-2.357599;523;0;-3;2154;2437;102.58;63.81;;;
37.105771;-2.357756;523;0;-3;2154;2437;102.6;63.79;;;
37.105642;-2.357913;522;0;-3;2154;2437;102.62;63.77;;;
37.105512;-2.358070;522;0;-2;2154;2437;102.64;63.75;;;
37.105383;-2.358227;521;0;-2;2154;2437;102.66;63.73;;;
37.105254;-2.358383;520;0;-2;2154;2437;102.68;63.71;;;
37.105115;-2.358526;520;0;-2;2154;2437;102.7;63.69;;;
37.104975;-2.358668;520;0;-2;2154;2437;102.72;63.67;;;
37.104835;-2.358809;519;0;-2;2154;2437;102.74;63.65;;;
37.104694;-2.358951;519;0;-2;2154;2437;102.76;63.63;;;
37.104554;-2.359092;519;0;-2;2154;2437;102.78;63.61;;;
37.104414;-2.359234;518;0;-2;2154;2437;102.8;63.59;;;
37.104274;-2.359375;518;0;-2;2154;2437;102.82;63.57;;;
37.104132;-2.359513;517;0;-2;2154;2437;102.84;63.55;;;
37.103987;-2.359646;517;0;-2;2154;2437;102.86;63.53;;;
37.103841;-2.359778;517;0;-2;2154;2437;102.88;63.51;;;
37.103696;-2.359911;516;0;-2;2154;2437;102.9;63.49;;;
37.103550;-2.360043;516;0;-2;2154;2437;102.92;63.47;;;
37.103405;-2.360176;515;0;-2;2154;2437;102.94;63.45;;;
37.103259;-2.360309;515;0;-2;2154;2437;102.96;63.43;;;
37.103114;-2.360441;514;0;-2;2154;2437;102.98;63.41;;;
37.102968;-2.360574;514;0;-2;2154;2437;103;63.39;;;
37.102823;-2.360706;513;0;-2;2154;2437;103.02;63.37;;;
37.102677;-2.360839;513;0;-2;2154;2437;103.04;63.35;;;
37.102532;-2.360972;512;0;-2;2154;2437;103.06;63.33;;;
37.102386;-2.361104;512;0;-2;2154;2437;103.08;63.31;;;
37.102236;-2.361228;512;0;-2;2154;2437;103.1;63.29;;;
37.102085;-2.361351;511;0;-2;2154;2437;103.12;63.27;;;
37.101934;-2.361474;511;0;-2;2154;2437;103.14;63.25;;;
37.101778;-2.361585;510;0;-2;2154;2437;103.16;63.23;;;
37.101619;-2.361691;510;0;-2;2154;2437;103.18;63.21;;;
37.101460;-2.361797;510;0;-2;2154;2437;103.2;63.19;;;
37.101298;-2.361894;509;0;-2;2154;2437;103.22;63.17;;;
37.101133;-2.361982;509;0;-3;2154;2437;103.24;63.15;;;
37.100967;-2.362071;508;0;-3;2154;2437;103.26;63.13;;;
37.100802;-2.362159;507;0;-3;2154;2437;103.28;63.11;;;
37.100636;-2.362247;507;0;-3;2154;2437;103.3;63.09;;;
37.100472;-2.362338;506;0;-2;2154;2437;103.32;63.07;;;
37.100312;-2.362443;506;0;-2;2154;2437;103.34;63.05;;;
37.100153;-2.362547;505;0;-2;2154;2437;103.36;63.03;;;
37.099994;-2.362652;505;0;-2;2154;2437;103.38;63.01;;;
37.099838;-2.362765;505;0;-2;2154;2437;103.4;62.99;;;
37.099683;-2.362879;505;0;-2;2154;2437;103.42;62.97;;;
37.099531;-2.362999;504;0;-2;2154;2437;103.44;62.95;;;
37.099382;-2.363126;504;0;-2;2154;2437;103.46;62.93;;;
37.099239;-2.363263;503;0;-2;2154;2437;103.48;62.91;;;
37.099096;-2.363399;503;0;-2;2154;2437;103.5;62.89;;;
37.098952;-2.363535;503;0;-2;2154;2437;103.52;62.87;;;
37.098809;-2.363672;502;0;-2;2154;2437;103.54;62.85;;;
37.098666;-2.363808;502;0;-2;2154;2437;103.56;62.83;;;
37.098523;-2.363945;502;0;-2;2154;2437;103.58;62.81;;;
37.098379;-2.364081;501;0;-2;2154;2437;103.6;62.79;;;
37.098236;-2.364217;501;0;-2;2154;2437;103.62;62.77;;;
37.098092;-2.364353;501;0;-1;2154;2437;103.64;62.75;;;
37.097948;-2.364487;500;0;-1;2154;2437;103.66;62.73;;;
37.097804;-2.364622;500;0;-1;2154;2437;103.68;62.71;;;
37.097659;-2.364756;500;0;-1;2154;2437;103.7;62.69;;;
37.097509;-2.364880;500;0;-1;2154;2437;103.72;62.67;;;
37.097353;-2.364992;499;0;-1;2154;2437;103.74;62.65;;;
37.097197;-2.365104;499;0;-1;2154;2437;103.76;62.63;;;
37.097040;-2.365214;499;0;-1;2154;2437;103.78;62.61;;;
37.096882;-2.365322;499;0;-2;2154;2437;103.8;62.59;;;
37.096724;-2.365429;499;0;-2;2154;2437;103.82;62.57;;;
37.096566;-2.365537;498;0;-2;2154;2437;103.84;62.55;;;
37.096408;-2.365645;497;0;-2;2154;2437;103.86;62.53;;;
37.096250;-2.365753;497;0;-2;2154;2437;103.88;62.51;;;
37.096100;-2.365877;496;0;-3;2154;2437;103.9;62.49;;;
37.095954;-2.366008;496;0;-3;2154;2437;103.92;62.47;;;
37.095807;-2.366138;495;0;-3;2154;2437;103.94;62.45;;;
37.095660;-2.366269;495;0;-3;2154;2437;103.96;62.43;;;
37.095513;-2.366399;494;0;-3;2154;2437;103.98;62.41;;;
37.095367;-2.366529;494;0;-3;2154;2437;104;62.39;;;
37.095220;-2.366660;493;0;-3;2154;2437;104.02;62.37;;;
37.095073;-2.366790;492;0;-3;2154;2437;104.04;62.35;;;
37.094926;-2.366920;492;0;-2;2154;2437;104.06;62.33;;;
37.094780;-2.367051;492;0;-2;2154;2437;104.08;62.31;;;
37.094633;-2.367181;491;0;-2;2154;2437;104.1;62.29;;;
37.094486;-2.367312;491;0;-2;2154;2437;104.12;62.27;;;
37.094339;-2.367442;491;0;-2;2154;2437;104.14;62.25;;;
37.094193;-2.367572;490;0;-2;2154;2437;104.16;62.23;;;
37.094046;-2.367703;490;0;-2;2154;2437;104.18;62.21;;;
37.093899;-2.367833;489;0;-2;2154;2437;104.2;62.19;;;
37.093752;-2.367964;489;0;-2;2154;2437;104.22;62.17;;;
37.093606;-2.368094;488;0;-2;2154;2437;104.24;62.15;;;
37.093459;-2.368224;488;0;-2;2154;2437;104.26;62.13;;;
37.093312;-2.368355;488;0;-2;2154;2437;104.28;62.11;;;
37.093166;-2.368485;487;0;-2;2154;2437;104.3;62.09;;;
37.093015;-2.368609;487;0;-2;2154;2437;104.32;62.07;;;
37.092865;-2.368732;487;0;-2;2154;2437;104.34;62.05;;;
37.092714;-2.368856;486;0;-2;2154;2437;104.36;62.03;;;
37.092558;-2.368968;486;0;-2;2154;2437;104.38;62.01;;;
37.092399;-2.369074;486;0;-2;2154;2437;104.4;61.99;;;
37.092241;-2.369180;485;0;-2;2154;2437;104.42;61.97;;;
37.092076;-2.369271;485;0;-2;2154;2437;104.44;61.95;;;
37.091912;-2.369362;484;0;-2;2154;2437;104.46;61.93;;;
37.091747;-2.369453;484;0;-2;2154;2437;104.48;61.91;;;
37.091583;-2.369544;484;0;-2;2154;2437;104.5;61.89;;;
37.091418;-2.369636;483;0;-2;2154;2437;104.52;61.87;;;
37.091250;-2.369715;483;0;-2;2154;2437;104.54;61.85;;;
37.091077;-2.369775;483;0;-2;2154;2437;104.56;61.83;;;
37.090904;-2.369836;482;0;-2;2154;2437;104.58;61.81;;;
37.090731;-2.369897;482;0;-2;2154;2437;104.6;61.79;;;
37.090557;-2.369958;481;0;-2;2154;2437;104.62;61.77;;;
37.090384;-2.370019;481;0;-1;2154;2437;104.64;61.75;;;
37.090211;-2.370080;481;0;-1;2154;2437;104.66;61.73;;;
37.090038;-2.370141;481;0;-1;2154;2437;104.68;61.71;;;
37.089865;-2.370201;480;0;-1;2154;2437;104.7;61.69;;;
37.089692;-2.370262;480;0;-1;2154;2437;104.72;61.67;;;
37.089518;-2.370324;480;0;-1;2154;2437;104.74;61.65;;;
37.089345;-2.370385;479;0;-1;2154;2437;104.76;61.63;;;
37.089172;-2.370446;479;0;-1;2154;2437;104.78;61.61;;;
37.089006;-2.370531;479;0;-1;2154;2437;104.8;61.59;;;
37.088840;-2.370619;479;0;-1;2154;2437;104.82;61.57;;;
37.088674;-2.370706;479;0;-1;2154;2437;104.84;61.55;;;
37.088508;-2.370793;478;0;-1;2154;2437;104.86;61.53;;;
37.088346;-2.370889;478;0;-1;2154;2437;104.88;61.51;;;
37.088186;-2.370994;478;0;-1;2154;2437;104.9;61.49;;;
37.088027;-2.371098;478;0;-1;2154;2437;104.92;61.47;;;
37.087868;-2.371203;477;0;-1;2154;2437;104.94;61.45;;;
37.087708;-2.371308;477;0;-1;2154;2437;104.96;61.43;;;
37.087549;-2.371412;477;0;-1;2154;2437;104.98;61.41;;;
37.087390;-2.371517;477;0;-1;2154;2437;105;61.39;;;
37.087230;-2.371622;476;0;-1;2154;2437;105.02;61.37;;;
37.087071;-2.371726;476;0;-1;2154;2437;105.04;61.35;;;
37.086912;-2.371831;476;0;-1;2154;2437;105.06;61.33;;;
37.086753;-2.371936;476;0;-1;2154;2437;105.08;61.31;;;
37.086593;-2.372040;476;0;-1;2154;2437;105.1;61.29;;;
37.086434;-2.372145;475;0;-1;2154;2437;105.12;61.27;;;
37.086280;-2.372260;475;0;-1;2154;2437;105.14;61.25;;;
37.086138;-2.372398;475;0;-1;2154;2437;105.16;61.23;;;
37.085996;-2.372537;475;0;-1;2154;2437;105.18;61.21;;;
37.085854;-2.372676;474;0;-1;2154;2437;105.2;61.19;;;
37.085713;-2.372815;474;0;-1;2154;2437;105.22;61.17;;;
37.085571;-2.372953;474;0;-1;2154;2437;105.24;61.15;;;
37.085429;-2.373092;474;0;-1;2154;2437;105.26;61.13;;;
37.085288;-2.373231;474;0;-1;2154;2437;105.28;61.11;;;
37.085146;-2.373370;474;0;0;2154;2437;105.3;61.09;;;
37.085004;-2.373509;474;0;0;2154;2437;105.32;61.07;;;
37.084862;-2.373648;474;0;0;2154;2437;105.34;61.05;;;
37.084721;-2.373787;473;0;0;2154;2437;105.36;61.03;;;
37.084579;-2.373926;473;0;0;2154;2437;105.38;61.01;;;
37.084437;-2.374065;473;0;0;2154;2437;105.4;60.99;;;
37.084296;-2.374204;473;0;0;2154;2437;105.42;60.97;;;
37.084155;-2.374345;473;0;0;2154;2437;105.44;60.95;;;
37.084015;-2.374485;474;0;1;2154;2437;105.46;60.93;;;
37.083874;-2.374626;474;0;1;2154;2437;105.48;60.91;;;
37.083734;-2.374766;474;0;1;2154;2437;105.5;60.89;;;
37.083593;-2.374907;474;0;1;2154;2437;105.52;60.87;;;
37.083452;-2.375048;474;0;1;2155;2436;105.54;60.85;;;
37.083312;-2.375188;474;0;1;2155;2436;105.56;60.83;;;
37.083171;-2.375329;475;0;1;2155;2436;105.58;60.81;;;
37.083031;-2.375469;475;0;1;2155;2436;105.6;60.79;;;
37.082890;-2.375610;475;0;1;2155;2436;105.62;60.77;;;
37.082749;-2.375751;475;0;1;2156;2435;105.64;60.75;;;
37.082609;-2.375891;475;0;0;2156;2435;105.66;60.73;;;
37.082468;-2.376032;475;0;0;2156;2435;105.68;60.71;;;
37.082326;-2.376170;475;0;0;2156;2435;105.7;60.69;;;
37.082183;-2.376307;475;0;0;2156;2435;105.72;60.67;;;
37.082040;-2.376443;475;0;0;2156;2435;105.74;60.65;;;
37.081897;-2.376580;475;0;0;2156;2435;105.76;60.63;;;
37.081754;-2.376716;475;0;0;2156;2435;105.78;60.61;;;
37.081610;-2.376853;475;0;0;2156;2435;105.8;60.59;;;
37.081467;-2.376989;475;0;0;2156;2435;105.82;60.57;;;
37.081324;-2.377125;475;0;-1;2156;2435;105.84;60.55;;;
37.081172;-2.377246;475;0;-1;2156;2435;105.86;60.53;;;
37.081020;-2.377368;475;0;-1;2156;2435;105.88;60.51;;;
37.080869;-2.377489;475;0;-1;2156;2435;105.9;60.49;;;
37.080717;-2.377610;475;0;-1;2156;2435;105.92;60.47;;;
37.080566;-2.377731;474;0;-1;2156;2435;105.94;60.45;;;
37.080414;-2.377853;474;0;-1;2156;2435;105.96;60.43;;;
37.080262;-2.377974;474;0;-1;2156;2435;105.98;60.41;;;
37.080111;-2.378095;474;0;-1;2156;2435;106;60.39;;;
37.079959;-2.378217;474;0;-1;2156;2435;106.02;60.37;;;
37.079808;-2.378338;473;0;-1;2156;2435;106.04;60.35;;;
37.079656;-2.378459;473;0;-1;2156;2435;106.06;60.33;;;
37.079504;-2.378581;473;0;-1;2156;2435;106.08;60.31;;;
37.079353;-2.378702;473;0;-1;2156;2435;106.1;60.29;;;
37.079201;-2.378823;473;0;-1;2156;2435;106.12;60.27;;;
37.079049;-2.378944;473;0;-1;2156;2435;106.14;60.25;;;
37.078898;-2.379066;473;0;-1;2156;2435;106.16;60.23;;;
37.078746;-2.379187;472;0;-1;2156;2435;106.18;60.21;;;
37.078595;-2.379308;472;0;-1;2156;2435;106.2;60.19;;;
37.078443;-2.379430;472;0;-1;2156;2435;106.22;60.17;;;
37.078291;-2.379551;472;0;-1;2156;2435;106.24;60.15;;;
37.078140;-2.379672;472;0;-1;2156;2435;106.26;60.13;;;
37.077988;-2.379793;471;0;-1;2156;2435;106.28;60.11;;;
37.077837;-2.379915;471;0;-1;2156;2435;106.3;60.09;;;
37.077685;-2.380036;471;0;-1;2156;2435;106.32;60.07;;;
37.077533;-2.380157;471;0;-1;2156;2435;106.34;60.05;;;
37.077382;-2.380279;471;0;-1;2156;2435;106.36;60.03;;;
37.077230;-2.380400;470;0;-1;2156;2435;106.38;60.01;;;
37.077079;-2.380521;470;0;-1;2156;2435;106.4;59.99;;;
37.076927;-2.380642;470;0;-1;2156;2435;106.42;59.97;;;
37.076775;-2.380764;470;0;-1;2156;2435;106.44;59.95;;;
37.076622;-2.380881;470;0;-1;2156;2435;106.46;59.93;;;
37.076468;-2.380999;470;0;-1;2156;2435;106.48;59.91;;;
37.076315;-2.381117;470;0;-1;2156;2435;106.5;59.89;;;
37.076162;-2.381234;469;0;-1;2156;2435;106.52;59.87;;;
37.076007;-2.381349;469;0;-1;2156;2435;106.54;59.85;;;
37.075849;-2.381458;469;0;-1;2156;2435;106.56;59.83;;;
37.075691;-2.381566;469;0;-1;2156;2435;106.58;59.81;;;
37.075533;-2.381674;469;0;-1;2156;2435;106.6;59.79;;;
37.075376;-2.381782;469;0;-1;2156;2435;106.62;59.77;;;
37.075218;-2.381890;468;0;-1;2156;2435;106.64;59.75;;;
37.075060;-2.381998;468;0;-1;2156;2435;106.66;59.73;;;
37.074902;-2.382106;468;0;-1;2156;2435;106.68;59.71;;;
37.074744;-2.382214;468;0;-1;2156;2435;106.7;59.69;;;
37.074586;-2.382322;468;0;-1;2156;2435;106.72;59.67;;;
37.074428;-2.382430;467;0;-1;2156;2435;106.74;59.65;;;
37.074271;-2.382538;467;0;-1;2156;2435;106.76;59.63;;;
37.074113;-2.382646;467;0;-1;2156;2435;106.78;59.61;;;
37.073955;-2.382754;467;0;-1;2156;2435;106.8;59.59;;;
37.073797;-2.382862;467;0;-1;2156;2435;106.82;59.57;;;
37.073639;-2.382970;466;0;-2;2156;2435;106.84;59.55;;;
37.073481;-2.383078;466;0;-2;2156;2435;106.86;59.53;;;
37.073323;-2.383186;466;0;-2;2156;2435;106.88;59.51;;;
37.073166;-2.383294;465;0;-2;2156;2435;106.9;59.49;;;
37.073008;-2.383403;465;0;-1;2156;2435;106.92;59.47;;;
37.072850;-2.383511;465;0;-1;2156;2435;106.94;59.45;;;
37.072692;-2.383619;464;0;-1;2156;2435;106.96;59.43;;;
37.072549;-2.383753;464;0;-1;2156;2435;106.98;59.41;;;
37.072390;-2.383858;464;0;-1;2156;2435;107;59.39;;;
37.072231;-2.383962;464;0;-1;2156;2435;107.02;59.37;;;
37.072071;-2.384067;464;0;-1;2156;2435;107.04;59.35;;;
37.071912;-2.384172;463;0;-2;2156;2435;107.06;59.33;;;
37.071752;-2.384276;463;0;-1;2156;2435;107.08;59.31;;;
37.071601;-2.384395;463;0;-1;2156;2435;107.1;59.29;;;
37.071469;-2.384548;462;0;-1;2156;2435;107.12;59.27;;;
37.071362;-2.384723;462;0;-1;2156;2435;107.14;59.25;;;
37.071310;-2.384938;462;0;0;2156;2435;107.16;59.23;;;
37.071357;-2.385154;462;0;0;2156;2435;107.18;59.21;;;
37.071432;-2.385358;462;0;1;2157;2434;107.2;59.19;26;;
37.071542;-2.385536;463;0;1;2157;2434;107.22;59.17;;;
37.071688;-2.385662;463;0;2;2157;2434;107.24;59.15;;;
37.071850;-2.385755;463;0;2;2158;2433;107.26;59.13;;;
37.072026;-2.385797;463;0;2;2158;2433;107.28;59.11;;;
37.072206;-2.385787;463;0;2;2158;2433;107.3;59.09;;;
37.072385;-2.385764;464;0;2;2158;2433;107.32;59.07;;;
37.072564;-2.385741;465;0;2;2159;2432;107.34;59.05;;;
37.072743;-2.385717;465;0;2;2159;2432;107.36;59.03;;;
37.072922;-2.385695;465;0;2;2160;2431;107.38;59.01;;;
37.073101;-2.385674;466;0;2;2160;2431;107.4;58.99;;;
37.073280;-2.385652;466;0;2;2160;2431;107.42;58.97;;;
37.073460;-2.385642;466;0;2;2161;2430;107.44;58.95;;;
37.073639;-2.385632;467;0;2;2161;2430;107.46;58.93;;;
37.073819;-2.385623;467;0;2;2161;2430;107.48;58.91;;;
37.073999;-2.385613;467;0;2;2162;2429;107.5;58.89;;;
37.074178;-2.385604;468;0;2;2162;2429;107.52;58.87;;;
37.074358;-2.385594;468;0;2;2163;2428;107.54;58.85;;;
37.074538;-2.385585;469;0;2;2163;2428;107.56;58.83;;;
37.074717;-2.385575;469;0;2;2164;2427;107.58;58.81;;;
37.074897;-2.385566;470;0;2;2164;2427;107.6;58.79;;;
37.075077;-2.385557;470;0;2;2164;2427;107.62;58.77;;;
37.075257;-2.385548;471;0;2;2165;2426;107.64;58.75;;;
37.075436;-2.385541;471;0;2;2165;2426;107.66;58.73;;;
37.075616;-2.385546;471;0;2;2165;2426;107.68;58.71;;;
37.075796;-2.385557;471;0;2;2166;2425;107.7;58.69;;;
37.075975;-2.385577;472;0;2;2166;2425;107.72;58.67;;;
37.076151;-2.385622;472;0;2;2167;2424;107.74;58.65;;;
37.076327;-2.385670;473;0;2;2167;2424;107.76;58.63;;;
37.076502;-2.385719;473;0;3;2168;2423;107.78;58.61;;;
37.076678;-2.385765;474;0;3;2168;2423;107.8;58.59;;;
37.076857;-2.385795;474;0;2;2169;2422;107.82;58.57;;;
37.077035;-2.385826;475;0;2;2169;2422;107.84;58.55;;;
37.077213;-2.385856;475;0;2;2170;2421;107.86;58.53;;;
37.077391;-2.385887;476;0;2;2170;2421;107.88;58.51;;;
37.077569;-2.385917;476;0;2;2171;2420;107.9;58.49;;;
37.077748;-2.385947;477;0;2;2171;2420;107.92;58.47;;;
37.077926;-2.385978;477;0;2;2171;2420;107.94;58.45;;;
37.078104;-2.386008;477;0;2;2172;2419;107.96;58.43;;;
37.078282;-2.386039;478;0;2;2172;2419;107.98;58.41;;;
37.078461;-2.386069;478;0;3;2173;2418;108;58.39;;;
37.078639;-2.386100;479;0;3;2173;2418;108.02;58.37;;;
37.078817;-2.386130;480;0;3;2174;2417;108.04;58.35;;;
37.078995;-2.386160;480;0;3;2175;2416;108.06;58.33;;;
37.079173;-2.386191;481;0;3;2175;2416;108.08;58.31;;;
37.079352;-2.386221;481;0;3;2176;2415;108.1;58.29;;;
37.079530;-2.386252;482;0;2;2176;2415;108.12;58.27;;;
37.079708;-2.386282;483;0;2;2177;2414;108.14;58.25;;;
37.079886;-2.386313;483;0;2;2178;2413;108.16;58.23;;;
37.080064;-2.386347;483;0;2;2178;2413;108.18;58.21;;;
37.080241;-2.386384;483;0;2;2178;2413;108.2;58.19;;;
37.080418;-2.386427;484;0;2;2178;2413;108.22;58.17;;;
37.080594;-2.386475;484;0;2;2178;2413;108.24;58.15;;;
37.080769;-2.386524;484;0;2;2179;2412;108.26;58.13;;;
37.080945;-2.386572;485;0;2;2179;2412;108.28;58.11;;;
37.081121;-2.386621;486;0;2;2180;2411;108.3;58.09;;;
37.081296;-2.386669;486;0;2;2181;2410;108.32;58.07;;;
37.081474;-2.386703;487;0;2;2181;2410;108.34;58.05;;;
37.081652;-2.386737;487;0;2;2181;2410;108.36;58.03;;;
37.081830;-2.386771;487;0;2;2182;2409;108.38;58.01;;;
37.082008;-2.386804;488;0;2;2182;2409;108.4;57.99;;;
37.082185;-2.386838;488;0;2;2182;2409;108.42;57.97;;;
37.082364;-2.386867;489;0;2;2183;2408;108.44;57.95;;;
37.082543;-2.386885;489;0;2;2183;2408;108.46;57.93;;;
37.082722;-2.386904;490;0;2;2184;2407;108.48;57.91;;;
37.082901;-2.386923;490;0;2;2185;2406;108.5;57.89;;;
37.083081;-2.386941;491;0;2;2185;2406;108.52;57.87;;;
37.083260;-2.386960;491;0;2;2185;2406;108.54;57.85;;;
37.083439;-2.386979;491;0;2;2186;2405;108.56;57.83;;;
37.083618;-2.386998;492;0;2;2186;2405;108.58;57.81;;;
37.083798;-2.387017;492;0;2;2186;2405;108.6;57.79;;;
37.083977;-2.387036;492;0;2;2187;2404;108.62;57.77;;;
37.084156;-2.387055;493;0;2;2187;2404;108.64;57.75;;;
37.084335;-2.387074;493;0;3;2188;2403;108.66;57.73;;;
37.084515;-2.387093;494;0;3;2188;2403;108.68;57.71;;;
37.084693;-2.387118;495;0;3;2189;2402;108.7;57.69;;;
37.084872;-2.387142;495;0;3;2189;2402;108.72;57.67;;;
37.085051;-2.387167;496;0;3;2190;2401;108.74;57.65;;;
37.085230;-2.387191;496;0;3;2190;2401;108.76;57.63;;;
37.085409;-2.387216;497;0;2;2191;2400;108.78;57.61;;;
37.085587;-2.387241;497;0;2;2192;2399;108.8;57.59;;;
37.085766;-2.387265;498;0;2;2192;2399;108.82;57.57;;;
37.085945;-2.387290;498;0;2;2192;2399;108.84;57.55;;;
37.086124;-2.387315;498;0;2;2193;2398;108.86;57.53;;;
37.086302;-2.387339;499;0;2;2193;2398;108.88;57.51;;;
37.086480;-2.387374;499;0;1;2193;2398;108.9;57.49;;;
37.086657;-2.387416;499;0;2;2193;2398;108.92;57.47;;;
37.086833;-2.387459;499;0;2;2194;2397;108.94;57.45;;;
37.087010;-2.387501;500;0;2;2194;2397;108.96;57.43;;;
37.087186;-2.387548;500;0;2;2194;2397;108.98;57.41;;;
37.087361;-2.387598;501;0;2;2195;2396;109;57.39;;;
37.087536;-2.387649;501;0;2;2196;2395;109.02;57.37;;;
37.087712;-2.387700;502;0;3;2196;2395;109.04;57.35;;;
37.087887;-2.387750;502;0;2;2197;2394;109.06;57.33;;;
37.088062;-2.387801;503;0;2;2197;2394;109.08;57.31;;;
37.088238;-2.387852;503;0;2;2198;2393;109.1;57.29;;;
37.088413;-2.387902;504;0;2;2198;2393;109.12;57.27;;;
37.088588;-2.387953;504;0;2;2198;2393;109.14;57.25;;;
37.088763;-2.388003;504;0;2;2199;2392;109.16;57.23;;;
37.088939;-2.388054;505;0;2;2199;2392;109.18;57.21;;;
37.089114;-2.388105;505;0;2;2200;2391;109.2;57.19;;;
37.089289;-2.388156;506;0;2;2200;2391;109.22;57.17;;;
37.089464;-2.388207;506;0;2;2200;2391;109.24;57.15;;;
37.089628;-2.388296;506;0;2;2201;2390;109.26;57.13;;;
37.089788;-2.388399;506;0;2;2201;2390;109.28;57.11;;;
37.089925;-2.388545;507;0;2;2201;2390;109.3;57.09;;;
37.090061;-2.388692;507;0;3;2202;2389;109.32;57.07;;;
37.090166;-2.388875;508;0;3;2202;2389;109.34;57.05;;;
37.090271;-2.389059;509;0;3;2203;2388;109.36;57.03;;;
37.090376;-2.389242;510;0;3;2204;2387;109.38;57.01;;;
37.090481;-2.389425;510;0;3;2205;2386;109.4;56.99;;;
37.090586;-2.389608;511;0;2;2205;2386;109.42;56.97;;;
37.090691;-2.389791;511;0;2;2205;2386;109.44;56.95;;;
37.090796;-2.389974;511;0;1;2206;2385;109.46;56.93;;;
37.090901;-2.390157;512;0;-1;2206;2385;109.48;56.91;;;
37.090988;-2.390352;512;0;-1;2206;2385;109.5;56.89;;;
37.091052;-2.390563;511;0;-2;2206;2385;109.52;56.87;;;
37.091112;-2.390775;511;0;-2;2206;2385;109.54;56.85;;;
37.091160;-2.390993;509;0;-3;2206;2385;109.56;56.83;;;
37.091190;-2.391213;509;0;-2;2206;2385;109.58;56.81;;;
37.091190;-2.391439;508;0;-2;2206;2385;109.6;56.79;;;
37.091190;-2.391664;508;0;-1;2206;2385;109.62;56.77;;;
37.091187;-2.391890;508;0;0;2206;2385;109.64;56.75;;;
37.091175;-2.392115;508;0;0;2206;2385;109.66;56.73;;;
37.091163;-2.392340;508;0;1;2206;2385;109.68;56.71;;;
37.091168;-2.392565;508;0;1;2207;2384;109.7;56.69;;;
37.091178;-2.392790;509;0;2;2207;2384;109.72;56.67;;;
37.091188;-2.393015;509;0;3;2207;2384;109.74;56.65;;;
37.091215;-2.393238;510;0;4;2208;2383;109.76;56.63;;;
37.091245;-2.393460;510;0;4;2209;2382;109.78;56.61;;;
37.091298;-2.393673;511;0;5;2210;2381;109.8;56.59;;;
37.091374;-2.393878;513;0;5;2211;2380;109.82;56.57;;;
37.091454;-2.394080;514;0;5;2212;2379;109.84;56.55;;;
37.091546;-2.394273;515;0;5;2213;2378;109.86;56.53;;;
37.091638;-2.394467;516;0;5;2215;2376;109.88;56.51;;;
37.091730;-2.394661;517;0;4;2215;2376;109.9;56.49;;;
37.091822;-2.394855;518;0;3;2216;2375;109.92;56.47;;;
37.091914;-2.395048;518;0;3;2217;2374;109.94;56.45;;;
37.092019;-2.395231;519;0;2;2217;2374;109.96;56.43;;;
37.092124;-2.395414;519;0;2;2217;2374;109.98;56.41;;;
37.092229;-2.395598;519;0;2;2218;2373;110;56.39;;;
37.092337;-2.395778;520;0;2;2218;2373;110.02;56.37;;;
37.092457;-2.395945;520;0;2;2219;2372;110.04;56.35;;;
37.092577;-2.396113;521;0;2;2219;2372;110.06;56.33;;;
37.092697;-2.396281;521;0;2;2220;2371;110.08;56.31;;;
37.092817;-2.396449;522;0;2;2220;2371;110.1;56.29;;;
37.092938;-2.396617;522;0;2;2220;2371;110.12;56.27;;;
37.093060;-2.396782;522;0;2;2221;2370;110.14;56.25;;;
37.093194;-2.396933;523;0;2;2221;2370;110.16;56.23;;;
37.093328;-2.397083;523;0;3;2222;2369;110.18;56.21;;;
37.093461;-2.397234;524;0;3;2222;2369;110.2;56.19;;;
37.093595;-2.397384;525;0;3;2223;2368;110.22;56.17;;;
37.093729;-2.397535;525;0;3;2224;2367;110.24;56.15;;;
37.093863;-2.397685;526;0;2;2224;2367;110.26;56.13;;;
37.093997;-2.397836;526;0;2;2225;2366;110.28;56.11;;;
37.094139;-2.397974;526;0;2;2225;2366;110.3;56.09;;;
37.094281;-2.398112;527;0;2;2225;2366;110.32;56.07;;;
37.094424;-2.398249;527;0;2;2226;2365;110.34;56.05;;;
37.094567;-2.398387;527;0;2;2226;2365;110.36;56.03;;;
37.094722;-2.398501;528;0;2;2226;2365;110.38;56.01;;;
37.094878;-2.398612;528;0;3;2227;2364;110.4;55.99;;;
37.095034;-2.398724;529;0;3;2227;2364;110.42;55.97;;;
37.095191;-2.398835;530;0;3;2228;2363;110.44;55.95;;;
37.095347;-2.398947;530;0;3;2229;2362;110.46;55.93;;;
37.095503;-2.399058;531;0;3;2229;2362;110.48;55.91;;;
37.095667;-2.399152;531;0;2;2230;2361;110.5;55.89;;;
37.095831;-2.399243;532;0;2;2230;2361;110.52;55.87;;;
37.095996;-2.399334;532;0;2;2230;2361;110.54;55.85;;;
37.096160;-2.399426;532;0;2;2231;2360;110.56;55.83;;;
37.096327;-2.399511;533;0;2;2231;2360;110.58;55.81;;;
37.096495;-2.399591;533;0;2;2232;2359;110.6;55.79;;;
37.096663;-2.399671;534;0;2;2232;2359;110.62;55.77;;;
37.096831;-2.399751;534;0;2;2233;2358;110.64;55.75;;;
37.096999;-2.399831;535;0;2;2233;2358;110.66;55.73;;;
37.097168;-2.399911;535;0;2;2234;2357;110.68;55.71;;;
37.097335;-2.399992;536;0;2;2234;2357;110.7;55.69;;;
37.097503;-2.400074;536;0;2;2234;2357;110.72;55.67;;;
37.097671;-2.400156;536;0;2;2235;2356;110.74;55.65;;;
37.097838;-2.400238;537;0;2;2235;2356;110.76;55.63;;;
37.098006;-2.400320;537;0;2;2236;2355;110.78;55.61;;;
37.098173;-2.400402;538;0;2;2236;2355;110.8;55.59;;;
37.098340;-2.400486;538;0;3;2237;2354;110.82;55.57;;;
37.098506;-2.400572;539;0;3;2237;2354;110.84;55.55;;;
37.098673;-2.400657;539;0;2;2238;2353;110.86;55.53;;;
37.098840;-2.400742;540;0;2;2238;2353;110.88;55.51;;;
37.099006;-2.400827;540;0;2;2239;2352;110.9;55.49;;;
37.099173;-2.400912;541;0;3;2239;2352;110.92;55.47;;;
37.099339;-2.400998;541;0;3;2240;2351;110.94;55.45;;;
37.099506;-2.401083;542;0;3;2240;2351;110.96;55.43;;;
37.099672;-2.401168;542;0;3;2241;2350;110.98;55.41;;;
37.099839;-2.401253;543;0;3;2241;2350;111;55.39;;;
37.100005;-2.401339;544;0;2;2242;2349;111.02;55.37;;;
37.100172;-2.401424;544;0;2;2243;2348;111.04;55.35;;;
37.100338;-2.401509;544;0;2;2243;2348;111.06;55.33;;;
37.100505;-2.401594;545;0;2;2243;2348;111.08;55.31;;;
37.100671;-2.401679;545;0;2;2243;2348;111.1;55.29;;;
37.100839;-2.401762;545;0;3;2244;2347;111.12;55.27;;;
37.101007;-2.401841;546;0;3;2244;2347;111.14;55.25;;;
37.101176;-2.401919;547;0;3;2245;2346;111.16;55.23;;;
37.101345;-2.401997;548;0;3;2246;2345;111.18;55.21;;;
37.101513;-2.402075;548;0;3;2247;2344;111.2;55.19;;;
37.101682;-2.402153;549;0;3;2247;2344;111.22;55.17;;;
37.101851;-2.402231;549;0;3;2248;2343;111.24;55.15;;;
37.102020;-2.402310;550;0;3;2248;2343;111.26;55.13;;;
37.102188;-2.402388;551;0;3;2249;2342;111.28;55.11;;;
37.102357;-2.402466;551;0;2;2249;2342;111.3;55.09;;;
37.102526;-2.402544;551;0;2;2250;2341;111.32;55.07;;;
37.102694;-2.402622;552;0;2;2250;2341;111.34;55.05;;;
37.102863;-2.402700;552;0;2;2251;2340;111.36;55.03;;;
37.103032;-2.402779;553;0;2;2251;2340;111.38;55.01;;;
37.103201;-2.402857;553;0;2;2252;2339;111.4;54.99;;;
37.103369;-2.402935;554;0;2;2252;2339;111.42;54.97;;;
37.103538;-2.403012;554;0;2;2253;2338;111.44;54.95;;;
37.103709;-2.403085;554;0;2;2253;2338;111.46;54.93;;;
37.103879;-2.403157;555;0;2;2253;2338;111.48;54.91;;;
37.104049;-2.403230;555;0;2;2253;2338;111.5;54.89;;;
37.104219;-2.403302;555;0;2;2254;2337;111.52;54.87;;;
37.104390;-2.403375;556;0;2;2254;2337;111.54;54.85;;;
37.104560;-2.403448;556;0;3;2255;2336;111.56;54.83;;;
37.104730;-2.403520;557;0;3;2255;2336;111.58;54.81;;;
37.104897;-2.403604;558;0;3;2256;2335;111.6;54.79;;;
37.105061;-2.403696;558;0;3;2257;2334;111.62;54.77;;;
37.105226;-2.403787;559;0;3;2257;2334;111.64;54.75;;;
37.105390;-2.403879;559;0;3;2258;2333;111.66;54.73;;;
37.105554;-2.403973;560;0;3;2258;2333;111.68;54.71;;;
37.105716;-2.404071;561;0;3;2259;2332;111.7;54.69;;;
37.105878;-2.404169;561;0;3;2260;2331;111.72;54.67;;;
37.106039;-2.404268;562;0;3;2260;2331;111.74;54.65;;;
37.106201;-2.404366;562;0;2;2261;2330;111.76;54.63;;;
37.106363;-2.404464;563;0;2;2261;2330;111.78;54.61;;;
37.106525;-2.404562;563;0;2;2261;2330;111.8;54.59;;;
37.106687;-2.404661;563;0;2;2262;2329;111.82;54.57;;;
37.106849;-2.404759;564;0;2;2262;2329;111.84;54.55;;;
37.107011;-2.404857;564;0;2;2262;2329;111.86;54.53;;;
37.107173;-2.404955;564;0;2;2263;2328;111.88;54.51;;;
37.107335;-2.405054;565;0;2;2263;2328;111.9;54.49;;;
37.107496;-2.405152;565;0;2;2263;2328;111.92;54.47;;;
37.107658;-2.405250;565;0;2;2264;2327;111.94;54.45;;;
37.107820;-2.405349;566;0;2;2264;2327;111.96;54.43;;;
37.107982;-2.405447;566;0;2;2265;2326;111.98;54.41;;;
37.108144;-2.405545;567;0;3;2265;2326;112;54.39;;;
37.108306;-2.405643;567;0;3;2266;2325;112.02;54.37;;;
37.108468;-2.405742;568;0;3;2266;2325;112.04;54.35;;;
37.108630;-2.405840;569;0;3;2267;2324;112.06;54.33;;;
37.108792;-2.405938;569;0;3;2268;2323;112.08;54.31;;;
37.108953;-2.406037;570;0;3;2268;2323;112.1;54.29;;;
37.109115;-2.406135;570;0;3;2269;2322;112.12;54.27;;;
37.109277;-2.406234;571;0;3;2270;2321;112.14;54.25;;;
37.109439;-2.406332;572;0;3;2270;2321;112.16;54.23;;;
37.109601;-2.406430;572;0;3;2271;2320;112.18;54.21;;;
37.109763;-2.406529;573;0;2;2271;2320;112.2;54.19;;;
37.109925;-2.406627;573;0;2;2271;2320;112.22;54.17;;;
37.110086;-2.406725;573;0;2;2272;2319;112.24;54.15;;;
37.110248;-2.406823;574;0;2;2272;2319;112.26;54.13;;;
37.110410;-2.406922;574;0;2;2273;2318;112.28;54.11;;;
37.110572;-2.407020;575;0;2;2273;2318;112.3;54.09;;;
37.110734;-2.407118;575;0;2;2274;2317;112.32;54.07;;;
37.110896;-2.407217;576;0;2;2274;2317;112.34;54.05;;;
37.111058;-2.407315;576;0;3;2275;2316;112.36;54.03;;;
37.111220;-2.407413;577;0;3;2275;2316;112.38;54.01;;;
37.111381;-2.407511;577;0;3;2276;2315;112.4;53.99;;;
37.111543;-2.407610;578;0;3;2276;2315;112.42;53.97;;;
37.111705;-2.407708;578;0;3;2277;2314;112.44;53.95;;;
37.111867;-2.407806;579;0;3;2277;2314;112.46;53.93;;;
37.112029;-2.407904;579;0;3;2278;2313;112.48;53.91;;;
37.112191;-2.408003;580;0;2;2278;2313;112.5;53.89;;;
37.112353;-2.408101;580;0;2;2279;2312;112.52;53.87;;;
37.112515;-2.408200;581;0;2;2279;2312;112.54;53.85;;;
37.112677;-2.408298;581;0;2;2280;2311;112.56;53.83;;;
37.112839;-2.408394;582;0;2;2280;2311;112.58;53.81;;;
37.113002;-2.408489;582;0;2;2280;2311;112.6;53.79;;;
37.113165;-2.408585;582;0;2;2281;2310;112.62;53.77;;;
37.113328;-2.408681;583;0;2;2281;2310;112.64;53.75;;;
37.113491;-2.408776;583;0;2;2282;2309;112.66;53.73;;;
37.113654;-2.408872;583;0;2;2282;2309;112.68;53.71;;;
37.113817;-2.408968;584;0;2;2282;2309;112.7;53.69;;;
37.113979;-2.409064;584;0;2;2283;2308;112.72;53.67;;;
37.114142;-2.409160;585;0;3;2283;2308;112.74;53.65;;;
37.114305;-2.409255;586;0;3;2284;2307;112.76;53.63;;;
37.114468;-2.409351;586;0;3;2285;2306;112.78;53.61;;;
37.114631;-2.409447;587;0;3;2285;2306;112.8;53.59;;;
37.114794;-2.409543;587;0;3;2286;2305;112.82;53.57;;;
37.114956;-2.409639;588;0;2;2286;2305;112.84;53.55;;;
37.115119;-2.409734;588;0;2;2287;2304;112.86;53.53;;;
37.115282;-2.409830;589;0;2;2287;2304;112.88;53.51;;;
37.115445;-2.409926;589;0;2;2287;2304;112.9;53.49;;;
37.115608;-2.410022;589;0;2;2288;2303;112.92;53.47;;;
37.115771;-2.410118;590;0;2;2288;2303;112.94;53.45;;;
37.115933;-2.410213;590;0;3;2289;2302;112.96;53.43;;;
37.116096;-2.410309;591;0;3;2289;2302;112.98;53.41;;;
37.116258;-2.410407;592;0;3;2290;2301;113;53.39;;;
37.116403;-2.410540;592;0;3;2291;2300;113.02;53.37;;;
37.116548;-2.410674;593;0;4;2291;2300;113.04;53.35;;;
37.116684;-2.410820;594;0;4;2292;2299;113.06;53.33;;;
37.116814;-2.410977;594;0;4;2293;2298;113.08;53.31;;;
37.116943;-2.411134;595;0;4;2294;2297;113.1;53.29;;;
37.117072;-2.411291;596;0;4;2295;2296;113.12;53.27;;;
37.117201;-2.411448;597;0;4;2295;2296;113.14;53.25;;;
37.117330;-2.411605;598;0;4;2296;2295;113.16;53.23;;;
37.117459;-2.411762;598;0;3;2297;2294;113.18;53.21;;;
37.117589;-2.411919;599;0;3;2298;2293;113.2;53.19;;;
37.117721;-2.412072;600;0;2;2298;2293;113.22;53.17;;;
37.117860;-2.412215;600;0;2;2299;2292;113.24;53.15;;;
37.117999;-2.412358;601;0;2;2299;2292;113.26;53.13;;;
37.118153;-2.412475;601;0;1;2299;2292;113.28;53.11;;;
37.118308;-2.412589;601;0;1;2299;2292;113.3;53.09;;;
37.118470;-2.412686;601;0;1;2299;2292;113.32;53.07;;;
37.118634;-2.412777;601;0;1;2299;2292;113.34;53.05;;;
37.118799;-2.412868;601;0;1;2300;2291;113.36;53.03;;;
37.118964;-2.412958;601;0;1;2300;2291;113.38;53.01;;;
37.119128;-2.413049;601;0;1;2300;2291;113.4;52.99;;;
37.119293;-2.413140;602;0;1;2300;2291;113.42;52.97;;;
37.119458;-2.413231;602;0;2;2301;2290;113.44;52.95;;;
37.119622;-2.413321;603;0;2;2301;2290;113.46;52.93;;;
37.119787;-2.413412;603;0;2;2301;2290;113.48;52.91;;;
37.119952;-2.413503;603;0;2;2302;2289;113.5;52.89;;;
37.120116;-2.413594;604;0;2;2302;2289;113.52;52.87;;;
37.120281;-2.413685;604;0;3;2303;2288;113.54;52.85;;;
37.120446;-2.413775;605;0;3;2303;2288;113.56;52.83;;;
37.120610;-2.413866;605;0;3;2304;2287;113.58;52.81;;;
37.120775;-2.413957;606;0;3;2305;2286;113.6;52.79;;;
37.120940;-2.414048;607;0;3;2305;2286;113.62;52.77;;;
37.121104;-2.414138;607;0;3;2306;2285;113.64;52.75;;;
37.121269;-2.414229;608;0;3;2306;2285;113.66;52.73;;;
37.121434;-2.414320;609;0;3;2307;2284;113.68;52.71;;;
37.121598;-2.414411;609;0;3;2308;2283;113.7;52.69;;;
37.121763;-2.414502;610;0;3;2308;2283;113.72;52.67;;;
37.121911;-2.414629;610;0;3;2309;2282;113.74;52.65;;;
37.122060;-2.414757;611;0;3;2309;2282;113.76;52.63;;;
37.122200;-2.414898;612;0;3;2310;2281;113.78;52.61;;;
37.122335;-2.415046;612;0;2;2311;2280;113.8;52.59;;;
37.122471;-2.415194;613;0;2;2311;2280;113.82;52.57;;;
37.122607;-2.415342;613;0;2;2312;2279;113.84;52.55;;;
37.122742;-2.415490;614;0;2;2312;2279;113.86;52.53;;;
37.122878;-2.415638;614;0;2;2312;2279;113.88;52.51;;;
37.123014;-2.415786;614;0;2;2312;2279;113.9;52.49;;;
37.123149;-2.415934;614;0;2;2313;2278;113.92;52.47;;;
37.123285;-2.416083;615;0;2;2313;2278;113.94;52.45;;;
37.123421;-2.416231;615;0;2;2313;2278;113.96;52.43;;;
37.123556;-2.416379;615;0;2;2314;2277;113.98;52.41;;;
37.123692;-2.416527;616;0;2;2314;2277;114;52.39;;;
37.123826;-2.416677;616;0;2;2315;2276;114.02;52.37;;;
37.123960;-2.416828;617;0;2;2315;2276;114.04;52.35;;;
37.124093;-2.416979;617;0;2;2315;2276;114.06;52.33;;;
37.124227;-2.417131;617;0;2;2316;2275;114.08;52.31;;;
37.124360;-2.417282;618;0;3;2316;2275;114.1;52.29;;;
37.124496;-2.417430;619;0;3;2317;2274;114.12;52.27;;;
37.124633;-2.417576;619;0;3;2318;2273;114.14;52.25;;;
37.124770;-2.417722;620;0;3;2318;2273;114.16;52.23;;;
37.124907;-2.417868;620;0;3;2319;2272;114.18;52.21;;;
37.125045;-2.418014;621;0;3;2319;2272;114.2;52.19;;;
37.125182;-2.418159;621;0;3;2320;2271;114.22;52.17;;;
37.125319;-2.418305;622;0;3;2320;2271;114.24;52.15;;;
37.125456;-2.418451;622;0;2;2321;2270;114.26;52.13;;;
37.125593;-2.418597;623;0;2;2321;2270;114.28;52.11;;;
37.125728;-2.418746;623;0;3;2322;2269;114.3;52.09;;;
37.125854;-2.418907;624;0;3;2322;2269;114.32;52.07;;;
37.125981;-2.419067;624;0;3;2323;2268;114.34;52.05;;;
37.126107;-2.419228;625;0;3;2323;2268;114.36;52.03;;;
37.126233;-2.419389;625;0;3;2324;2267;114.38;52.01;;;
37.126349;-2.419561;626;0;3;2324;2267;114.4;51.99;;;
37.126464;-2.419735;627;0;3;2325;2266;114.42;51.97;;;
37.126575;-2.419911;627;0;4;2326;2265;114.44;51.95;;;
37.126669;-2.420104;628;0;4;2326;2265;114.46;51.93;;;
37.126758;-2.420299;628;0;4;2327;2264;114.48;51.91;;;
37.126816;-2.420513;630;0;5;2328;2263;114.5;51.89;;;
37.126874;-2.420727;631;0;5;2329;2262;114.52;51.87;;;
37.126931;-2.420940;632;0;5;2330;2261;114.54;51.85;;;
37.126989;-2.421154;633;0;5;2331;2260;114.56;51.83;;;
37.127056;-2.421363;634;0;5;2333;2258;114.58;51.81;;;
37.127126;-2.421571;635;0;5;2333;2258;114.6;51.79;;;
37.127210;-2.421770;636;0;4;2334;2257;114.62;51.77;;;
37.127301;-2.421965;637;0;4;2335;2256;114.64;51.75;;;
37.127429;-2.422110;637;0;4;2336;2255;114.66;51.73;;;
37.127588;-2.422217;638;0;4;2337;2254;114.68;51.71;;;
37.127746;-2.422323;639;0;4;2337;2254;114.7;51.69;;;
37.127905;-2.422430;640;0;3;2338;2253;114.72;51.67;;;
37.128067;-2.422529;640;0;3;2339;2252;114.74;51.65;;;
37.128229;-2.422625;641;0;3;2339;2252;114.76;51.63;;;
37.128392;-2.422721;642;0;3;2340;2251;114.78;51.61;;;
37.128548;-2.422833;642;0;2;2340;2251;114.8;51.59;;;
37.128704;-2.422945;642;0;2;2341;2250;114.82;51.57;;;
37.128879;-2.422959;643;0;2;2341;2250;114.84;51.55;;;
37.129058;-2.422946;643;0;2;2342;2249;114.86;51.53;;;
37.129238;-2.422932;644;0;3;2342;2249;114.88;51.51;;;
37.129417;-2.422919;644;0;3;2343;2248;114.9;51.49;;;
37.129592;-2.422941;645;0;3;2343;2248;114.92;51.47;;;
37.129759;-2.423025;646;0;3;2344;2247;114.94;51.45;;;
37.129925;-2.423111;646;0;3;2345;2246;114.96;51.43;;;
37.130089;-2.423204;647;0;3;2345;2246;114.98;51.41;;;
37.130253;-2.423296;648;0;3;2346;2245;115;51.39;;;
37.130418;-2.423389;649;0;3;2347;2244;115.02;51.37;;;
37.130582;-2.423481;649;0;3;2347;2244;115.04;51.35;;;
37.130746;-2.423574;649;0;3;2348;2243;115.06;51.33;;;
37.130910;-2.423666;650;0;2;2348;2243;115.08;51.31;;;
37.131074;-2.423758;650;0;2;2349;2242;115.1;51.29;;;
37.131238;-2.423851;651;0;2;2349;2242;115.12;51.27;;;
37.131402;-2.423943;651;0;1;2350;2241;115.14;51.25;;;
37.131568;-2.424028;652;0;1;2350;2241;115.16;51.23;;;
37.131740;-2.424094;652;0;1;2350;2241;115.18;51.21;;;
37.131915;-2.424142;652;0;0;2350;2241;115.2;51.19;;;
37.132094;-2.424150;652;0;0;2350;2241;115.22;51.17;;;
37.132274;-2.424157;652;0;0;2350;2241;115.24;51.15;;;
37.132454;-2.424165;652;0;0;2350;2241;115.26;51.13;;;
37.132634;-2.424172;652;0;0;2350;2241;115.28;51.11;;;
37.132813;-2.424180;652;0;0;2350;2241;115.3;51.09;;;
37.132993;-2.424188;652;0;0;2350;2241;115.32;51.07;;;
37.133173;-2.424196;652;0;0;2350;2241;115.34;51.05;;;
37.133353;-2.424203;652;0;0;2350;2241;115.36;51.03;;;
37.133532;-2.424211;652;0;0;2351;2240;115.38;51.01;;;
37.133712;-2.424219;652;0;1;2351;2240;115.4;50.99;;;
37.133891;-2.424200;652;0;0;2351;2240;115.42;50.97;;;
37.134070;-2.424176;652;0;0;2351;2240;115.44;50.95;;;
37.134249;-2.424151;652;0;0;2351;2240;115.46;50.93;;;
37.134425;-2.424104;652;0;0;2351;2240;115.48;50.91;;;
37.134600;-2.424056;652;0;1;2351;2240;115.5;50.89;;;
37.134776;-2.424007;652;0;1;2351;2240;115.52;50.87;;;
37.134952;-2.423959;653;0;1;2351;2240;115.54;50.85;;;
37.135127;-2.423910;653;0;1;2352;2239;115.56;50.83;;;
37.135303;-2.423862;653;0;2;2352;2239;115.58;50.81;;;
37.135481;-2.423826;654;0;2;2352;2239;115.6;50.79;;;
37.135656;-2.423845;654;0;3;2353;2238;115.62;50.77;;;
37.135828;-2.423907;654;0;3;2353;2238;115.64;50.75;;;
37.135998;-2.423982;655;0;3;2354;2237;115.66;50.73;;;
37.136163;-2.424071;656;0;4;2355;2236;115.68;50.71;;;
37.136328;-2.424160;657;0;4;2355;2236;115.7;50.69;;;
37.136493;-2.424250;658;0;5;2356;2235;115.72;50.67;;;
37.136658;-2.424339;659;0;5;2357;2234;115.74;50.65;;;
37.136824;-2.424428;660;0;5;2358;2233;115.76;50.63;;;
37.136989;-2.424517;661;0;6;2359;2232;115.78;50.61;;;
37.137154;-2.424607;662;0;6;2360;2231;115.8;50.59;;;
37.137320;-2.424693;663;0;7;2362;2229;115.82;50.57;;;
37.137490;-2.424769;665;0;7;2363;2228;115.84;50.55;;;
37.137657;-2.424851;666;0;7;2365;2226;115.86;50.53;;;
37.137822;-2.424939;668;0;7;2366;2225;115.88;50.51;;;
37.137988;-2.425027;669;0;7;2368;2223;115.9;50.49;;;
37.138154;-2.425115;671;0;6;2369;2222;115.92;50.47;;;
37.138319;-2.425204;672;0;6;2370;2221;115.94;50.45;;;
37.138484;-2.425293;673;0;5;2372;2219;115.96;50.43;;;
37.138650;-2.425382;674;0;5;2373;2218;115.98;50.41;;;
37.138815;-2.425470;675;0;4;2374;2217;116;50.39;;;
37.138982;-2.425554;676;0;3;2374;2217;116.02;50.37;;;
37.139150;-2.425636;676;0;2;2375;2216;116.04;50.35;;;
37.139318;-2.425717;676;0;1;2375;2216;116.06;50.33;;;
37.139485;-2.425799;677;0;0;2375;2216;116.08;50.31;;;
37.139660;-2.425847;677;0;-1;2376;2215;116.1;50.29;;;
37.139838;-2.425876;676;0;-2;2376;2215;116.12;50.27;;;
37.140016;-2.425895;676;0;-2;2376;2215;116.14;50.25;;;
37.140195;-2.425864;675;0;-3;2376;2215;116.16;50.23;;;
37.140373;-2.425832;674;0;-3;2376;2215;116.18;50.21;;;
37.140551;-2.425801;674;0;-3;2376;2215;116.2;50.19;;;
37.140729;-2.425769;673;0;-2;2376;2215;116.22;50.17;;;
37.140907;-2.425738;673;0;-2;2376;2215;116.24;50.15;;;
37.141085;-2.425706;672;0;-1;2376;2215;116.26;50.13;;;
37.141263;-2.425674;672;0;-1;2376;2215;116.28;50.11;;;
37.141441;-2.425643;672;0;0;2376;2215;116.3;50.09;;;
37.141618;-2.425603;672;0;0;2376;2215;116.32;50.07;;;
37.141791;-2.425542;672;0;1;2376;2215;116.34;50.05;;;
37.141964;-2.425482;672;0;1;2376;2215;116.36;50.03;;;
37.142138;-2.425421;673;0;2;2376;2215;116.38;50.01;;;
37.142311;-2.425360;673;0;2;2377;2214;116.4;49.99;;;
37.142484;-2.425299;674;0;3;2377;2214;116.42;49.97;;;
37.142657;-2.425238;674;0;3;2378;2213;116.44;49.95;;;
37.142830;-2.425177;675;0;3;2378;2213;116.46;49.93;;;
37.142999;-2.425099;675;0;4;2379;2212;116.48;49.91;;;
37.143166;-2.425015;676;0;4;2380;2211;116.5;49.89;;;
37.143332;-2.424930;677;0;4;2381;2210;116.52;49.87;;;
37.143500;-2.424848;678;0;4;2382;2209;116.54;49.85;;;
37.143669;-2.424772;679;0;4;2383;2208;116.56;49.83;;;
37.143838;-2.424696;680;0;3;2384;2207;116.58;49.81;;;
37.144008;-2.424619;681;0;3;2385;2206;116.6;49.79;;;
37.144148;-2.424488;681;0;2;2385;2206;116.62;49.77;;;
37.144259;-2.424309;681;0;2;2385;2206;116.64;49.75;;;
37.144369;-2.424131;681;0;1;2385;2206;116.66;49.73;;;
37.144479;-2.423952;681;0;1;2385;2206;116.68;49.71;;;
37.144589;-2.423774;681;0;1;2385;2206;116.7;49.69;;;
37.144721;-2.423621;682;0;1;2385;2206;116.72;49.67;;;
37.144868;-2.423492;682;0;1;2386;2205;116.74;49.65;;;
37.145017;-2.423367;682;0;1;2386;2205;116.76;49.63;;;
37.145167;-2.423242;682;0;1;2386;2205;116.78;49.61;;;
37.145317;-2.423117;683;0;1;2386;2205;116.8;49.59;;;
37.145467;-2.422992;683;0;1;2387;2204;116.82;49.57;;;
37.145616;-2.422867;683;0;1;2387;2204;116.84;49.55;;;
37.145766;-2.422742;683;0;1;2387;2204;116.86;49.53;;;
37.145916;-2.422617;683;0;1;2387;2204;116.88;49.51;;;
37.146066;-2.422492;684;0;1;2387;2204;116.9;49.49;;;
37.146215;-2.422367;684;0;1;2387;2204;116.92;49.47;;;
37.146365;-2.422242;684;0;0;2388;2203;116.94;49.45;;;
37.146515;-2.422117;684;0;0;2388;2203;116.96;49.43;;;
37.146665;-2.421993;684;0;0;2388;2203;116.98;49.41;;;
37.146815;-2.421868;684;0;0;2388;2203;117;49.39;;;
37.146965;-2.421743;684;0;0;2388;2203;117.02;49.37;;;
37.147114;-2.421617;684;0;0;2388;2203;117.04;49.35;;;
37.147264;-2.421492;684;0;0;2388;2203;117.06;49.33;;;
37.147413;-2.421366;684;0;0;2388;2203;117.08;49.31;;;
37.147562;-2.421241;684;0;1;2388;2203;117.1;49.29;;;
37.147712;-2.421115;684;0;1;2388;2203;117.12;49.27;;;
37.147861;-2.420989;684;0;1;2388;2203;117.14;49.25;;;
37.148011;-2.420864;685;0;2;2389;2202;117.16;49.23;;;
37.148160;-2.420738;685;0;2;2389;2202;117.18;49.21;;;
37.148310;-2.420613;685;0;3;2389;2202;117.2;49.19;;;
37.148459;-2.420488;686;0;3;2390;2201;117.22;49.17;;;
37.148610;-2.420364;687;0;4;2391;2200;117.24;49.15;;;
37.148761;-2.420242;688;0;4;2392;2199;117.26;49.13;;;
37.148912;-2.420120;689;0;5;2393;2198;117.28;49.11;;;
37.149064;-2.419998;690;0;5;2394;2197;117.3;49.09;;;
37.149215;-2.419876;691;0;5;2395;2196;117.32;49.07;;;
37.149361;-2.419744;692;0;5;2396;2195;117.34;49.05;;;
37.149507;-2.419612;693;0;5;2397;2194;117.36;49.03;;;
37.149645;-2.419467;694;0;5;2398;2193;117.38;49.01;;;
37.149782;-2.419322;695;0;4;2399;2192;117.4;48.99;;;
37.149920;-2.419176;695;0;4;2399;2192;117.42;48.97;;;
37.150066;-2.419048;696;0;5;2400;2191;117.44;48.95;;;
37.150231;-2.418962;697;0;5;2401;2190;117.46;48.93;;;
37.150407;-2.418916;698;0;6;2402;2189;117.48;48.91;;;
37.150586;-2.418898;699;0;6;2403;2188;117.5;48.89;;;
37.150766;-2.418884;701;0;5;2405;2186;117.52;48.87;;;
37.150946;-2.418870;702;0;5;2406;2185;117.54;48.85;;;
37.151125;-2.418853;703;0;5;2407;2184;117.56;48.83;;;
37.151303;-2.418824;704;0;4;2408;2183;117.58;48.81;;;
37.151481;-2.418789;705;0;2;2409;2182;117.6;48.79;;;
37.151635;-2.418674;705;0;1;2409;2182;117.62;48.77;;;
37.151784;-2.418550;705;0;0;2409;2182;117.64;48.75;;;
37.151912;-2.418390;705;0;0;2409;2182;117.66;48.73;;;
37.152044;-2.418238;705;0;0;2409;2182;117.68;48.71;;;
37.152186;-2.418100;704;0;0;2409;2182;117.7;48.69;;;
37.152331;-2.417966;704;0;0;2409;2182;117.72;48.67;;;
37.152490;-2.417860;704;0;1;2409;2182;117.74;48.65;;;
37.152658;-2.417782;704;0;2;2410;2181;117.76;48.63;;;
37.152829;-2.417711;705;0;3;2410;2181;117.78;48.61;;;
37.153001;-2.417651;706;0;4;2411;2180;117.8;48.59;;;
37.153180;-2.417621;707;0;4;2412;2179;117.82;48.57;;;
37.153358;-2.417591;708;0;4;2414;2177;117.84;48.55;;;
37.153537;-2.417567;709;0;4;2415;2176;117.86;48.53;;;
37.153716;-2.417561;710;0;4;2415;2176;117.88;48.51;;;
37.153896;-2.417577;710;0;4;2416;2175;117.9;48.49;;;
37.154075;-2.417592;711;0;4;2416;2175;117.92;48.47;;;
37.154255;-2.417607;711;0;4;2417;2174;117.94;48.45;;;
37.154434;-2.417625;712;0;4;2417;2174;117.96;48.43;;;
37.154612;-2.417659;713;0;4;2418;2173;117.98;48.41;;;
37.154790;-2.417694;714;0;4;2420;2171;118;48.39;;;
37.154967;-2.417728;716;0;3;2421;2170;118.02;48.37;;;
37.155144;-2.417730;717;0;2;2422;2169;118.04;48.35;;;
37.155307;-2.417649;717;0;1;2422;2169;118.06;48.33;;;
37.155441;-2.417498;717;0;0;2423;2168;118.08;48.31;;;
37.155560;-2.417329;716;0;-1;2423;2168;118.1;48.29;;;
37.155679;-2.417159;715;0;-2;2423;2168;118.12;48.27;;;
37.155797;-2.416990;715;0;-3;2423;2168;118.14;48.25;;;
37.155933;-2.416846;714;0;-3;2423;2168;118.16;48.23;;;
37.156088;-2.416731;714;0;-2;2423;2168;118.18;48.21;;;
37.156243;-2.416616;713;0;-1;2423;2168;118.2;48.19;;;
37.156398;-2.416502;713;0;0;2423;2168;118.22;48.17;;;
37.156564;-2.416416;713;0;1;2423;2168;118.24;48.15;;;
37.156731;-2.416331;713;0;2;2423;2168;118.26;48.13;;;
37.156899;-2.416254;714;0;2;2424;2167;118.28;48.11;;;
37.157076;-2.416224;715;0;2;2425;2166;118.3;48.09;;;
37.157255;-2.416253;715;0;2;2425;2166;118.32;48.07;;;
37.157431;-2.416295;716;0;2;2426;2165;118.34;48.05;;;
37.157605;-2.416355;716;0;2;2426;2165;118.36;48.03;;;
37.157770;-2.416444;717;0;1;2426;2165;118.38;48.01;;;
37.157934;-2.416536;717;0;1;2427;2164;118.4;47.99;;;
37.158098;-2.416629;717;0;1;2427;2164;118.42;47.97;;;
37.158260;-2.416726;717;0;1;2427;2164;118.44;47.95;;;
37.158423;-2.416823;717;0;1;2427;2164;118.46;47.93;;;
37.158585;-2.416920;717;0;1;2427;2164;118.48;47.91;;;
37.158747;-2.417017;717;0;0;2427;2164;118.5;47.89;;;
37.158910;-2.417114;717;0;0;2427;2164;118.52;47.87;;;
37.159072;-2.417211;718;0;1;2427;2164;118.54;47.85;;;
37.159234;-2.417309;718;0;1;2428;2163;118.56;47.83;;;
37.159392;-2.417417;718;0;2;2428;2163;118.58;47.81;;;
37.159554;-2.417511;718;0;3;2428;2163;118.6;47.79;;;
37.159725;-2.417584;718;0;3;2428;2163;118.62;47.77;;;
37.159904;-2.417587;720;0;4;2430;2161;118.64;47.75;;;
37.160070;-2.417512;721;0;4;2431;2160;118.66;47.73;;;
37.160221;-2.417390;722;0;5;2432;2159;118.68;47.71;;;
37.160364;-2.417253;723;0;5;2433;2158;118.7;47.69;;;
37.160506;-2.417115;724;0;4;2434;2157;118.72;47.67;;;
37.160648;-2.416977;725;0;3;2435;2156;118.74;47.65;;;
37.160791;-2.416839;725;0;3;2435;2156;118.76;47.63;;;
37.160949;-2.416734;726;0;2;2436;2155;118.78;47.61;;;
37.161118;-2.416660;726;0;2;2436;2155;118.8;47.59;;;
37.161293;-2.416606;726;0;2;2436;2155;118.82;47.57;;;
37.161468;-2.416560;727;0;2;2437;2154;118.84;47.55;;;
37.161643;-2.416604;727;0;2;2437;2154;118.86;47.53;;;
37.161816;-2.416665;727;0;1;2437;2154;118.88;47.51;;;
37.161995;-2.416682;727;0;1;2437;2154;118.9;47.49;;;
37.162174;-2.416673;728;0;1;2438;2153;118.92;47.47;;;
37.162350;-2.416630;728;0;1;2438;2153;118.94;47.45;;;
37.162493;-2.416504;729;0;1;2438;2153;118.96;47.43;;;
37.162619;-2.416344;729;0;1;2439;2152;118.98;47.41;;;
37.162696;-2.416141;729;0;1;2439;2152;119;47.39;;;
37.162767;-2.415934;729;0;1;2439;2152;119.02;47.37;;;
37.162853;-2.415736;729;0;1;2439;2152;119.04;47.35;;;
37.162968;-2.415564;729;0;1;2439;2152;119.06;47.33;;;
37.163107;-2.415422;729;0;2;2439;2152;119.08;47.31;;;
37.163261;-2.415307;730;0;3;2440;2151;119.1;47.29;;;
37.163425;-2.415216;730;0;4;2440;2151;119.12;47.27;;;
37.163592;-2.415131;731;0;5;2441;2150;119.14;47.25;;;
37.163759;-2.415046;732;0;5;2442;2149;119.16;47.23;;;
37.163930;-2.414978;733;0;5;2443;2148;119.18;47.21;;;
37.164104;-2.414921;734;0;6;2445;2146;119.2;47.19;;;
37.164278;-2.414867;736;0;6;2446;2145;119.22;47.17;;;
37.164457;-2.414837;737;0;7;2447;2144;119.24;47.15;;;
37.164635;-2.414808;738;0;7;2448;2143;119.26;47.13;;;
37.164813;-2.414778;739;0;7;2449;2142;119.28;47.11;;;
37.164991;-2.414749;740;0;6;2451;2140;119.3;47.09;;;
37.165170;-2.414719;742;0;6;2452;2139;119.32;47.07;;;
37.165348;-2.414690;744;0;6;2454;2137;119.34;47.05;;;
37.165526;-2.414660;745;0;6;2455;2136;119.36;47.03;;;
37.165705;-2.414630;746;0;6;2456;2135;119.38;47.01;;;
37.165883;-2.414601;747;0;6;2457;2134;119.4;46.99;;;
37.166061;-2.414571;748;0;5;2458;2133;119.42;46.97;;;
37.166239;-2.414539;749;0;5;2459;2132;119.44;46.95;;;
37.166417;-2.414505;750;0;5;2461;2130;119.46;46.93;;;
37.166595;-2.414472;752;0;5;2462;2129;119.48;46.91;;;
37.166773;-2.414439;753;0;5;2463;2128;119.5;46.89;;;
37.166951;-2.414406;754;0;5;2464;2127;119.52;46.87;;;
37.167129;-2.414373;755;0;4;2465;2126;119.54;46.85;;;
37.167307;-2.414340;756;0;4;2466;2125;119.56;46.83;;;
37.167484;-2.414302;756;0;3;2467;2124;119.58;46.81;;;
37.167661;-2.414262;757;0;3;2467;2124;119.6;46.79;;;
37.167838;-2.414221;757;0;2;2468;2123;119.62;46.77;;;
37.168015;-2.414181;758;0;2;2468;2123;119.64;46.75;;;
37.168192;-2.414141;758;0;2;2468;2123;119.66;46.73;;;
37.168369;-2.414101;758;0;1;2469;2122;119.68;46.71;;;
37.168546;-2.414061;758;0;1;2469;2122;119.7;46.69;;;
37.168723;-2.414021;759;0;1;2469;2122;119.72;46.67;;;
37.168900;-2.413982;759;0;0;2469;2122;119.74;46.65;;;
37.169077;-2.413941;759;0;0;2469;2122;119.76;46.63;;;
37.169254;-2.413901;759;0;0;2469;2122;119.78;46.61;;;
37.169431;-2.413861;759;0;0;2469;2122;119.8;46.59;;;
37.169608;-2.413821;759;0;0;2469;2122;119.82;46.57;;;
37.169785;-2.413781;759;0;1;2469;2122;119.84;46.55;;;
37.169962;-2.413741;759;0;1;2469;2122;119.86;46.53;;;
37.170139;-2.413701;759;0;2;2469;2122;119.88;46.51;;;
37.170316;-2.413661;759;0;2;2470;2121;119.9;46.49;;;
37.170493;-2.413622;760;0;3;2470;2121;119.92;46.47;;;
37.170671;-2.413585;761;0;3;2471;2120;119.94;46.45;;;
37.170848;-2.413548;761;0;3;2472;2119;119.96;46.43;;;
37.171026;-2.413511;762;0;4;2473;2118;119.98;46.41;;;
37.171203;-2.413474;763;0;4;2473;2118;120;46.39;;;
37.171380;-2.413436;764;0;4;2474;2117;120.02;46.37;;;
37.171558;-2.413399;764;0;3;2475;2116;120.04;46.35;;;
37.171735;-2.413362;765;0;3;2475;2116;120.06;46.33;;;
37.171913;-2.413325;766;0;3;2476;2115;120.08;46.31;;;
37.172090;-2.413288;766;0;3;2476;2115;120.1;46.29;;;
37.172268;-2.413251;767;0;3;2477;2114;120.12;46.27;;;
37.172444;-2.413209;767;0;3;2478;2113;120.14;46.25;;;
37.172620;-2.413160;768;0;3;2478;2113;120.16;46.23;;;
37.172795;-2.413111;769;0;3;2479;2112;120.18;46.21;;;
37.172971;-2.413062;769;0;3;2479;2112;120.2;46.19;;;
37.173149;-2.413032;770;0;3;2480;2111;120.22;46.17;;;
37.173326;-2.413065;770;0;3;2481;2110;120.24;46.15;;;
37.173501;-2.413116;771;0;3;2481;2110;120.26;46.13;;;
37.173675;-2.413173;772;0;3;2482;2109;120.28;46.11;;;
37.173850;-2.413218;773;0;3;2483;2108;120.3;46.09;;;
37.174030;-2.413208;773;0;2;2483;2108;120.32;46.07;;;
37.174209;-2.413195;773;0;2;2483;2108;120.34;46.05;;;
37.174389;-2.413182;774;0;2;2484;2107;120.36;46.03;;;
37.174568;-2.413167;774;0;1;2484;2107;120.38;46.01;;;
37.174741;-2.413104;774;0;1;2484;2107;120.4;45.99;;;
37.174914;-2.413043;775;0;1;2485;2106;120.42;45.97;;;
37.175090;-2.412994;775;0;1;2485;2106;120.44;45.95;;;
37.175266;-2.412960;775;0;1;2485;2106;120.46;45.93;;;
37.175446;-2.412966;775;0;1;2485;2106;120.48;45.91;;;
37.175618;-2.413029;775;0;1;2485;2106;120.5;45.89;;;
37.175791;-2.413093;775;0;1;2486;2105;120.52;45.87;;;
37.175961;-2.413165;775;0;1;2486;2105;120.54;45.85;;;
37.176132;-2.413237;776;0;0;2486;2105;120.56;45.83;;;
37.176307;-2.413290;776;0;0;2486;2105;120.58;45.81;;;
37.176481;-2.413343;776;0;0;2486;2105;120.6;45.79;;;
37.176656;-2.413397;776;0;1;2486;2105;120.62;45.77;;;
37.176825;-2.413473;776;0;1;2486;2105;120.64;45.75;;;
37.176992;-2.413556;776;0;2;2486;2105;120.66;45.73;;;
37.177167;-2.413606;776;0;3;2486;2105;120.68;45.71;;;
37.177344;-2.413640;777;0;4;2487;2104;120.7;45.69;;;
37.177524;-2.413655;778;0;5;2488;2103;120.72;45.67;;;
37.177703;-2.413678;780;0;6;2490;2101;120.74;45.65;;;
37.177881;-2.413699;781;0;6;2492;2099;120.76;45.63;;;
37.178061;-2.413684;782;0;6;2493;2098;120.78;45.61;;;
37.178238;-2.413648;784;0;6;2494;2097;120.8;45.59;;;
37.178413;-2.413597;784;0;5;2495;2096;120.82;45.57;;;
37.178581;-2.413516;785;0;5;2495;2096;120.84;45.55;;;
37.178746;-2.413426;786;0;5;2496;2095;120.86;45.53;;;
37.178909;-2.413332;787;0;5;2497;2094;120.88;45.51;;;
37.179069;-2.413228;788;0;5;2498;2093;120.9;45.49;;;
37.179225;-2.413117;789;0;5;2499;2092;120.92;45.47;;;
37.179366;-2.412977;791;0;5;2501;2090;120.94;45.45;;;
37.179492;-2.412816;792;0;5;2502;2089;120.96;45.43;;;
37.179614;-2.412651;793;0;4;2503;2088;120.98;45.41;;;
37.179725;-2.412473;793;0;3;2503;2088;121;45.39;;;
37.179835;-2.412295;794;0;2;2504;2087;121.02;45.37;;;
37.179946;-2.412117;794;0;1;2505;2086;121.04;45.35;;;
37.180076;-2.411961;794;0;0;2505;2086;121.06;45.33;;;
37.180206;-2.411806;794;0;-1;2505;2086;121.08;45.31;;;
37.180318;-2.411632;793;0;-1;2505;2086;121.1;45.29;;;
37.180413;-2.411439;793;0;0;2505;2086;121.12;45.27;;;
37.180507;-2.411247;792;0;1;2505;2086;121.14;45.25;;;
37.180614;-2.411066;793;0;2;2505;2086;121.16;45.23;;;
37.180743;-2.410911;793;0;4;2505;2086;121.18;45.21;;;
37.180888;-2.410777;794;0;4;2507;2084;121.2;45.19;;;
37.181038;-2.410654;796;0;6;2508;2083;121.22;45.17;;;
37.181189;-2.410530;797;0;6;2510;2081;121.24;45.15;;;
37.181340;-2.410408;799;0;7;2511;2080;121.26;45.13;;;
37.181499;-2.410305;800;0;7;2512;2079;121.28;45.11;;;
37.181671;-2.410238;801;0;7;2513;2078;121.3;45.09;;;
37.181843;-2.410171;802;0;7;2515;2076;121.32;45.07;;;
37.182015;-2.410104;804;0;8;2516;2075;121.34;45.05;;;
37.182189;-2.410049;805;0;8;2518;2073;121.36;45.03;;;
37.182364;-2.409997;807;0;8;2520;2071;121.38;45.01;;;
37.182539;-2.409945;809;0;9;2522;2069;121.4;44.99;;;
37.182712;-2.409885;811;0;9;2523;2068;121.42;44.97;;;
37.182868;-2.409774;813;0;9;2525;2066;121.44;44.95;;;
37.183015;-2.409646;814;0;9;2526;2065;121.46;44.93;;;
37.183143;-2.409488;816;0;8;2529;2062;121.48;44.91;;;
37.183261;-2.409317;818;0;8;2530;2061;121.5;44.89;;;
37.183372;-2.409139;820;0;9;2532;2059;121.52;44.87;;;
37.183483;-2.408962;821;0;8;2533;2058;121.54;44.85;;;
37.183594;-2.408784;822;0;8;2535;2056;121.56;44.83;;;
37.183699;-2.408602;824;0;8;2537;2054;121.58;44.81;;;
37.183790;-2.408408;826;0;7;2538;2053;121.6;44.79;;;
37.183863;-2.408201;826;0;7;2538;2053;121.62;44.77;;;
37.183902;-2.407982;829;0;7;2541;2050;121.64;44.75;;;
37.183920;-2.407758;830;0;6;2542;2049;121.66;44.73;;;
37.183938;-2.407533;831;0;6;2543;2048;121.68;44.71;;;
37.183958;-2.407309;832;0;6;2544;2047;121.7;44.69;;;
37.183984;-2.407085;833;0;5;2546;2045;121.72;44.67;;;
37.184010;-2.406862;834;0;4;2547;2044;121.74;44.65;;;
37.184048;-2.406641;835;0;4;2547;2044;121.76;44.63;;;
37.184092;-2.406423;836;0;3;2548;2043;121.78;44.61;;;
37.184137;-2.406204;837;0;2;2549;2042;121.8;44.59;;;
37.184181;-2.405985;837;0;1;2549;2042;121.82;44.57;;;
37.184243;-2.405773;837;0;0;2549;2042;121.84;44.55;;;
37.184305;-2.405561;837;0;-1;2549;2042;121.86;44.53;;;
37.184369;-2.405350;837;0;-1;2549;2042;121.88;44.51;;;
37.184459;-2.405155;836;0;-2;2549;2042;121.9;44.49;;;
37.184549;-2.404959;836;0;-1;2549;2042;121.92;44.47;;;
37.184638;-2.404764;835;0;-1;2549;2042;121.94;44.45;;;
37.184764;-2.404604;835;0;-1;2549;2042;121.96;44.43;;;
37.184931;-2.404524;835;0;0;2550;2041;121.98;44.41;;;
37.185104;-2.404462;835;0;1;2550;2041;122;44.39;;;
37.185277;-2.404400;836;0;1;2550;2041;122.02;44.37;;;
37.185449;-2.404337;836;0;2;2551;2040;122.04;44.35;;;
37.185628;-2.404309;837;0;2;2551;2040;122.06;44.33;;;
37.185802;-2.404338;837;0;3;2552;2039;122.08;44.31;;;
37.185950;-2.404465;837;0;4;2552;2039;122.1;44.29;;;
37.186100;-2.404587;837;0;4;2552;2039;122.12;44.27;;;
37.186272;-2.404652;839;0;5;2554;2037;122.14;44.25;;;
37.186448;-2.404695;841;0;5;2555;2036;122.16;44.23;;;
37.186627;-2.404720;842;0;6;2557;2034;122.18;44.21;;;
37.186806;-2.404744;843;0;6;2557;2034;122.2;44.19;;;
37.186985;-2.404767;844;0;6;2559;2032;122.22;44.17;;;
37.187164;-2.404790;845;0;6;2560;2031;122.24;44.15;;;
37.187343;-2.404814;846;0;6;2561;2030;122.26;44.13;;;
37.187522;-2.404820;847;0;6;2562;2029;122.28;44.11;;;
37.187702;-2.404820;848;0;6;2563;2028;122.3;44.09;27;;
37.187880;-2.404793;850;0;6;2564;2027;122.32;44.07;;;
37.188057;-2.404753;851;0;6;2566;2025;122.34;44.05;;;
37.188227;-2.404680;852;0;6;2567;2024;122.36;44.03;;;
37.188393;-2.404595;854;0;6;2568;2023;122.38;44.01;;;
37.188539;-2.404465;854;0;7;2569;2022;122.4;43.99;;;
37.188675;-2.404318;855;0;7;2570;2021;122.42;43.97;;;
37.188819;-2.404182;857;0;7;2571;2020;122.44;43.95;;;
37.188965;-2.404051;859;0;7;2573;2018;122.46;43.93;;;
37.189130;-2.403963;861;0;8;2576;2015;122.48;43.91;;;
37.189301;-2.403896;862;0;8;2577;2014;122.5;43.89;;;
37.189473;-2.403830;863;0;8;2578;2013;122.52;43.87;;;
37.189645;-2.403765;864;0;7;2579;2012;122.54;43.85;;;
37.189811;-2.403679;867;0;6;2581;2010;122.56;43.83;;;
37.189955;-2.403543;868;0;6;2582;2009;122.58;43.81;;;
37.190104;-2.403418;869;0;6;2583;2008;122.6;43.79;;;
37.190256;-2.403295;870;0;6;2585;2006;122.62;43.77;;;
37.190407;-2.403173;871;0;5;2586;2005;122.64;43.75;;;
37.190570;-2.403083;872;0;5;2587;2004;122.66;43.73;;;
37.190745;-2.403040;873;0;6;2588;2003;122.68;43.71;;;
37.190917;-2.403083;873;0;6;2588;2003;122.7;43.69;;;
37.191064;-2.403212;874;0;6;2589;2002;122.72;43.67;;;
37.191180;-2.403379;876;0;6;2591;2000;122.74;43.65;;;
37.191223;-2.403595;878;0;7;2593;1998;122.76;43.63;;;
37.191241;-2.403820;880;0;7;2594;1997;122.78;43.61;;;
37.191255;-2.404045;881;0;7;2596;1995;122.8;43.59;;;
37.191269;-2.404270;883;0;7;2597;1994;122.82;43.57;;;
37.191283;-2.404495;884;0;7;2599;1992;122.84;43.55;;;
37.191297;-2.404720;885;0;7;2599;1992;122.86;43.53;;;
37.191311;-2.404945;885;0;7;2600;1991;122.88;43.51;;;
37.191344;-2.405165;887;0;7;2602;1989;122.9;43.49;;;
37.191442;-2.405347;889;0;8;2604;1987;122.92;43.47;;;
37.191614;-2.405379;891;0;9;2605;1986;122.94;43.45;;;
37.191775;-2.405293;893;0;9;2607;1984;122.96;43.43;;;
37.191927;-2.405171;894;0;9;2609;1982;122.98;43.41;;;
37.192042;-2.404999;896;0;9;2611;1980;123;43.39;;;
37.192114;-2.404796;899;0;9;2613;1978;123.02;43.37;;;
37.192133;-2.404576;901;0;9;2616;1975;123.04;43.35;;;
37.192118;-2.404350;902;0;9;2617;1974;123.06;43.33;;;
37.192150;-2.404140;904;0;9;2618;1973;123.08;43.31;;;
37.192283;-2.404271;906;0;9;2621;1970;123.1;43.29;;;
37.192341;-2.404484;908;0;9;2623;1968;123.12;43.27;;;
37.192399;-2.404698;910;0;9;2625;1966;123.14;43.25;;;
37.192472;-2.404903;912;0;9;2627;1964;123.16;43.23;;;
37.192567;-2.405095;914;0;9;2629;1962;123.18;43.21;;;
37.192702;-2.405236;915;0;8;2630;1961;123.2;43.19;28;;
37.192859;-2.405347;917;0;8;2631;1960;123.22;43.17;;;
37.193006;-2.405471;918;0;9;2633;1958;123.24;43.15;;;
37.193020;-2.405692;920;0;9;2634;1957;123.26;43.13;;;
37.192955;-2.405901;921;0;9;2636;1955;123.28;43.11;;;
37.192886;-2.406107;923;0;9;2638;1953;123.3;43.09;;;
37.192879;-2.406326;926;0;9;2641;1950;123.32;43.07;;;
37.192954;-2.406528;928;0;9;2643;1948;123.34;43.05;;;
37.193071;-2.406696;930;0;9;2645;1946;123.36;43.03;;;
37.193225;-2.406810;931;0;9;2646;1945;123.38;43.01;;;
37.193400;-2.406850;933;0;9;2648;1943;123.4;42.99;;;
37.193580;-2.406860;936;0;9;2650;1941;123.42;42.97;;;
37.193728;-2.406740;938;0;9;2653;1938;123.44;42.95;;;
37.193860;-2.406588;940;0;9;2655;1936;123.46;42.93;;;
37.193899;-2.406373;942;0;9;2657;1934;123.48;42.91;;;
37.193873;-2.406150;944;0;8;2659;1932;123.5;42.89;;;
37.193850;-2.405926;946;0;8;2661;1930;123.52;42.87;;;
37.193863;-2.405702;947;0;8;2662;1929;123.54;42.85;;;
37.193901;-2.405481;948;0;8;2663;1928;123.56;42.83;;;
37.193939;-2.405260;949;0;8;2664;1927;123.58;42.81;;;
37.193977;-2.405040;950;0;8;2665;1926;123.6;42.79;;;
37.193964;-2.404815;953;0;8;2668;1923;123.62;42.77;;;
37.193913;-2.404600;955;0;9;2670;1921;123.64;42.75;;;
37.193860;-2.404386;957;0;9;2672;1919;123.66;42.73;;;
37.193899;-2.404174;958;0;9;2673;1918;123.68;42.71;;;
37.194047;-2.404054;960;0;9;2675;1916;123.7;42.69;29;sprint;
37.194218;-2.404075;962;0;8;2677;1914;123.72;42.67;;;
37.194365;-2.404199;963;0;8;2678;1913;123.74;42.65;;;
37.194478;-2.404374;965;0;8;2680;1911;123.76;42.63;;;
37.194592;-2.404549;967;0;8;2682;1909;123.78;42.61;;;
37.194705;-2.404724;968;0;8;2683;1908;123.8;42.59;;;
37.194819;-2.404900;970;0;9;2685;1906;123.82;42.57;;;
37.194944;-2.405059;972;0;8;2687;1904;123.84;42.55;;;
37.195090;-2.405192;973;0;8;2688;1903;123.86;42.53;;;
37.195247;-2.405300;975;0;8;2690;1901;123.88;42.51;;;
37.195407;-2.405405;977;0;8;2692;1899;123.9;42.49;;;
37.195556;-2.405529;978;0;9;2692;1899;123.92;42.47;;;
37.195684;-2.405687;980;0;9;2694;1897;123.94;42.45;;;
37.195813;-2.405845;982;0;9;2696;1895;123.96;42.43;;;
37.195942;-2.406003;984;0;9;2698;1893;123.98;42.41;;;
37.196091;-2.406124;987;0;9;2702;1889;124;42.39;;;
37.196254;-2.406220;990;0;9;2705;1886;124.02;42.37;;;
37.196420;-2.406307;992;0;9;2707;1884;124.04;42.35;;;
37.196568;-2.406434;995;0;9;2710;1881;124.06;42.33;;;
37.196717;-2.406560;998;0;9;2712;1879;124.08;42.31;;;
37.196839;-2.406721;999;0;9;2713;1878;124.1;42.29;;;
37.196878;-2.406939;1001;0;9;2716;1875;124.12;42.27;;;
37.196904;-2.407163;1003;0;9;2718;1873;124.14;42.25;;;
37.196930;-2.407386;1005;0;9;2720;1871;124.16;42.23;;;
37.196979;-2.407602;1007;0;9;2722;1869;124.18;42.21;;;
37.197042;-2.407814;1009;0;9;2724;1867;124.2;42.19;;;
37.197119;-2.408018;1011;0;9;2726;1865;124.22;42.17;;;
37.197182;-2.408228;1013;0;9;2728;1863;124.24;42.15;;;
37.197192;-2.408452;1015;0;9;2730;1861;124.26;42.13;;;
37.197196;-2.408678;1017;0;9;2732;1859;124.28;42.11;;;
37.197199;-2.408904;1019;0;9;2734;1857;124.3;42.09;;;
37.197202;-2.409130;1021;0;9;2736;1855;124.32;42.07;;;
37.197206;-2.409355;1024;0;9;2739;1852;124.34;42.05;;;
37.197209;-2.409581;1026;0;9;2741;1850;124.36;42.03;;;
37.197246;-2.409800;1029;0;9;2743;1848;124.38;42.01;;;
37.197351;-2.409971;1030;0;9;2745;1846;124.4;41.99;;;
37.197510;-2.410074;1032;0;9;2747;1844;124.42;41.97;;;
37.197683;-2.410136;1033;0;9;2748;1843;124.44;41.95;;;
37.197856;-2.410197;1035;0;9;2750;1841;124.46;41.93;;;
37.198029;-2.410259;1037;0;9;2751;1840;124.48;41.91;;;
37.198202;-2.410321;1038;0;9;2753;1838;124.5;41.89;;;
37.198378;-2.410367;1041;0;9;2756;1835;124.52;41.87;;;
37.198557;-2.410348;1043;0;9;2758;1833;124.54;41.85;;;
37.198735;-2.410320;1046;0;9;2760;1831;124.56;41.83;;;
37.198906;-2.410257;1049;0;9;2764;1827;124.58;41.81;;;
37.199070;-2.410164;1052;0;9;2767;1824;124.6;41.79;;;
37.199236;-2.410181;1053;0;9;2768;1823;124.62;41.77;;;
37.199351;-2.410342;1053;0;9;2768;1823;124.64;41.75;;;
37.199388;-2.410562;1056;0;9;2771;1820;124.66;41.73;;;
37.199421;-2.410784;1060;0;9;2775;1816;124.68;41.71;;;
37.199539;-2.410946;1060;0;9;2775;1816;124.7;41.69;;;
37.199710;-2.410964;1063;0;9;2778;1813;124.72;41.67;;;
37.199818;-2.410794;1064;0;9;2779;1812;124.74;41.65;;;
37.199789;-2.410574;1066;0;8;2780;1811;124.76;41.63;;;
37.199745;-2.410355;1067;0;9;2782;1809;124.78;41.61;;;
37.199701;-2.410136;1069;0;9;2784;1807;124.8;41.59;;;
37.199657;-2.409917;1071;0;9;2785;1806;124.82;41.57;;;
37.199577;-2.409719;1071;0;9;2786;1805;124.84;41.55;;;
37.199442;-2.409581;1078;0;9;2792;1799;124.86;41.53;;;
37.199264;-2.409549;1079;0;9;2794;1797;124.88;41.51;;;
37.199086;-2.409521;1081;0;9;2795;1796;124.9;41.49;;;
37.198907;-2.409494;1082;0;9;2797;1794;124.92;41.47;;;
37.198729;-2.409466;1084;0;7;2799;1792;124.94;41.45;;;
37.198551;-2.409436;1086;0;6;2801;1790;124.96;41.43;;;
37.198396;-2.409332;1087;0;5;2802;1789;124.98;41.41;;;
37.198336;-2.409124;1088;0;4;2803;1788;125;41.39;;;
37.198326;-2.408899;1088;0;3;2803;1788;125.02;41.37;;;
37.198321;-2.408673;1089;0;3;2803;1788;125.04;41.35;;;
37.198316;-2.408447;1089;0;3;2804;1787;125.06;41.33;;;
37.198311;-2.408222;1089;0;3;2804;1787;125.08;41.31;;;
37.198291;-2.407998;1089;0;4;2804;1787;125.1;41.29;;;
37.198262;-2.407775;1090;0;5;2805;1786;125.12;41.27;;;
37.198226;-2.407554;1092;0;6;2807;1784;125.14;41.25;;;
37.198189;-2.407333;1094;0;6;2808;1783;125.16;41.23;;;
37.198152;-2.407112;1095;0;8;2810;1781;125.18;41.21;;;
37.198150;-2.406888;1097;0;8;2811;1780;125.2;41.19;;;
37.198166;-2.406663;1098;0;8;2812;1779;125.22;41.17;;;
37.198207;-2.406444;1098;0;8;2813;1778;125.24;41.15;;;
37.198333;-2.406320;1102;0;9;2817;1774;125.26;41.13;;;
37.198513;-2.406320;1103;0;9;2818;1773;125.28;41.11;;;
37.198641;-2.406457;1105;0;9;2819;1772;125.3;41.09;;;
37.198689;-2.406674;1107;0;9;2822;1769;125.32;41.07;;;
37.198740;-2.406891;1109;0;9;2824;1767;125.34;41.05;;;
37.198806;-2.407101;1111;0;9;2825;1766;125.36;41.03;;;
37.198891;-2.407298;1113;0;9;2828;1763;125.38;41.01;;;
37.199006;-2.407467;1116;0;9;2831;1760;125.4;40.99;;;
37.199164;-2.407575;1119;0;9;2834;1757;125.42;40.97;;;
37.199322;-2.407682;1122;0;9;2837;1754;125.44;40.95;;;
37.199481;-2.407789;1126;0;9;2840;1751;125.46;40.93;;;
37.199636;-2.407903;1128;0;9;2843;1748;125.48;40.91;;;
37.199780;-2.408038;1128;0;9;2843;1748;125.5;40.89;;;
37.199924;-2.408172;1128;0;9;2843;1748;125.52;40.87;;;
37.200075;-2.408292;1131;0;8;2846;1745;125.54;40.85;;;
37.200229;-2.408225;1134;0;8;2848;1743;125.56;40.83;;;
37.200269;-2.408009;1135;0;9;2850;1741;125.58;40.81;;;
37.200291;-2.407786;1138;0;9;2852;1739;125.6;40.79;;;
37.200366;-2.407581;1139;0;9;2854;1737;125.62;40.77;;;
37.200449;-2.407381;1141;0;9;2856;1735;125.64;40.75;;;
37.200531;-2.407180;1143;0;9;2857;1734;125.66;40.73;;;
37.200607;-2.406975;1144;0;9;2859;1732;125.68;40.71;;;
37.200673;-2.406765;1146;0;9;2860;1731;125.7;40.69;;;
37.200749;-2.406561;1149;0;9;2864;1727;125.72;40.67;;;
37.200829;-2.406359;1153;0;9;2867;1724;125.74;40.65;;;
37.200915;-2.406161;1155;0;9;2870;1721;125.76;40.63;;;
37.201012;-2.405971;1156;0;9;2871;1720;125.78;40.61;;;
37.201110;-2.405781;1157;0;9;2872;1719;125.8;40.59;;;
37.201260;-2.405657;1159;0;8;2874;1717;125.82;40.57;;;
37.201434;-2.405628;1160;0;8;2875;1716;125.84;40.55;;;
37.201606;-2.405683;1163;0;8;2877;1714;125.86;40.53;;;
37.201761;-2.405796;1164;0;8;2879;1712;125.88;40.51;;;
37.201911;-2.405921;1166;0;8;2880;1711;125.9;40.49;;;
37.202032;-2.406088;1167;0;8;2882;1709;125.92;40.47;;;
37.202153;-2.406255;1169;0;8;2884;1707;125.94;40.45;;;
37.202270;-2.406427;1170;0;8;2885;1706;125.96;40.43;;;
37.202384;-2.406601;1172;0;8;2887;1704;125.98;40.41;;;
37.202498;-2.406776;1173;0;9;2888;1703;126;40.39;;;
37.202612;-2.406950;1175;0;9;2890;1701;126.02;40.37;;;
37.202726;-2.407125;1177;0;9;2892;1699;126.04;40.35;;;
37.202840;-2.407300;1179;0;9;2894;1697;126.06;40.33;;;
37.202954;-2.407474;1181;0;9;2896;1695;126.08;40.31;;;
37.203059;-2.407657;1183;0;9;2898;1693;126.1;40.29;;;
37.203179;-2.407823;1185;0;9;2900;1691;126.12;40.27;;;
37.203314;-2.407972;1187;0;9;2902;1689;126.14;40.25;;;
37.203458;-2.408107;1189;0;9;2904;1687;126.16;40.23;;;
37.203602;-2.408242;1191;0;9;2906;1685;126.18;40.21;;;
37.203746;-2.408378;1193;0;9;2908;1683;126.2;40.19;;;
37.203890;-2.408513;1195;0;9;2910;1681;126.22;40.17;;;
37.204041;-2.408635;1197;0;9;2912;1679;126.24;40.15;;;
37.204197;-2.408747;1200;0;9;2914;1677;126.26;40.13;;;
37.204368;-2.408815;1201;0;9;2916;1675;126.28;40.11;;;
37.204542;-2.408875;1203;0;9;2917;1674;126.3;40.09;;;
37.204720;-2.408904;1204;0;9;2919;1672;126.32;40.07;;;
37.204899;-2.408905;1207;0;9;2921;1670;126.34;40.05;;;
37.205079;-2.408898;1209;0;9;2924;1667;126.36;40.03;;;
37.205259;-2.408890;1212;0;9;2927;1664;126.38;40.01;;;
37.205415;-2.408997;1213;0;9;2928;1663;126.4;39.99;;;
37.205563;-2.409125;1215;0;9;2930;1661;126.42;39.97;;;
37.205708;-2.409259;1217;0;9;2932;1659;126.44;39.95;;;
37.205853;-2.409393;1220;0;9;2934;1657;126.46;39.93;;;
37.205999;-2.409525;1222;0;9;2937;1654;126.48;39.91;;;
37.206173;-2.409556;1223;0;9;2938;1653;126.5;39.89;;;
37.206352;-2.409551;1224;0;9;2939;1652;126.52;39.87;;;
37.206530;-2.409578;1228;0;9;2943;1648;126.54;39.85;;;
37.206696;-2.409661;1228;0;9;2943;1648;126.56;39.83;;;
37.206851;-2.409775;1230;0;9;2945;1646;126.58;39.81;;;
37.207007;-2.409889;1232;0;9;2946;1645;126.6;39.79;;;
37.207164;-2.409997;1234;0;9;2949;1642;126.62;39.77;;;
37.207339;-2.410024;1238;0;9;2952;1639;126.64;39.75;;;
37.207519;-2.410031;1240;0;9;2954;1637;126.66;39.73;;;
37.207698;-2.410049;1241;0;9;2956;1635;126.68;39.71;;;
37.207873;-2.410091;1244;0;9;2959;1632;126.7;39.69;;;
37.208016;-2.410222;1246;0;9;2961;1630;126.72;39.67;;;
37.208105;-2.410415;1247;0;9;2962;1629;126.74;39.65;;;
37.208214;-2.410580;1248;0;9;2962;1629;126.76;39.63;;;
37.208366;-2.410478;1253;0;9;2968;1623;126.78;39.61;;;
37.208480;-2.410303;1256;0;9;2971;1620;126.8;39.59;;;
37.208589;-2.410124;1256;0;9;2971;1620;126.82;39.57;;;
37.208715;-2.409965;1258;0;9;2973;1618;126.84;39.55;;;
37.208856;-2.409824;1261;0;8;2976;1615;126.86;39.53;;;
37.209008;-2.409706;1263;0;8;2978;1613;126.88;39.51;;;
37.209174;-2.409625;1265;0;9;2980;1611;126.9;39.49;;;
37.209350;-2.409582;1266;0;9;2981;1610;126.92;39.47;;;
37.209529;-2.409600;1267;0;9;2982;1609;126.94;39.45;;;
37.209708;-2.409621;1269;0;8;2984;1607;126.96;39.43;;;
37.209887;-2.409646;1271;0;8;2986;1605;126.98;39.41;;;
37.210060;-2.409707;1273;0;9;2988;1603;127;39.39;;;
37.210208;-2.409833;1275;0;9;2990;1601;127.02;39.37;;;
37.210345;-2.409979;1276;0;9;2991;1600;127.04;39.35;;;
37.210496;-2.410095;1277;0;9;2991;1600;127.06;39.33;;;
37.210671;-2.410108;1282;0;9;2997;1594;127.08;39.31;;;
37.210842;-2.410038;1283;0;9;2998;1593;127.1;39.29;;;
37.211007;-2.409952;1284;0;9;2999;1592;127.12;39.27;;;
37.211157;-2.409828;1287;0;9;3001;1590;127.14;39.25;;;
37.211321;-2.409760;1288;0;8;3003;1588;127.16;39.23;;;
37.211357;-2.409933;1290;0;9;3005;1586;127.18;39.21;;;
37.211233;-2.410090;1291;0;9;3006;1585;127.2;39.19;;;
37.211076;-2.410200;1293;0;7;3008;1583;127.22;39.17;;;
37.210919;-2.410310;1295;0;7;3010;1581;127.24;39.15;;;
37.210762;-2.410419;1297;0;8;3012;1579;127.26;39.13;;;
37.210601;-2.410518;1298;0;8;3012;1579;127.28;39.11;;;
37.210427;-2.410564;1298;0;8;3013;1578;127.3;39.09;;;
37.210251;-2.410517;1300;0;7;3015;1576;127.32;39.07;;;
37.210075;-2.410471;1303;0;7;3018;1573;127.34;39.05;;;
37.209898;-2.410446;1304;0;8;3019;1572;127.36;39.03;;;
37.209755;-2.410569;1305;0;8;3020;1571;127.38;39.01;;;
37.209729;-2.410782;1307;0;7;3021;1570;127.4;38.99;;;
37.209767;-2.411000;1308;0;6;3023;1568;127.42;38.97;;;
37.209859;-2.411193;1310;0;6;3024;1567;127.44;38.95;;;
37.209958;-2.411382;1311;0;6;3026;1565;127.46;38.93;;;
37.210054;-2.411573;1312;0;6;3027;1564;127.48;38.91;;;
37.210059;-2.411791;1314;0;6;3028;1563;127.5;38.89;;;
37.209945;-2.411964;1314;0;5;3029;1562;127.52;38.87;;;
37.209803;-2.412103;1315;0;5;3030;1561;127.54;38.85;;;
37.209661;-2.412242;1316;0;4;3031;1560;127.56;38.83;;;
37.209519;-2.412381;1317;0;4;3032;1559;127.58;38.81;;;
37.209356;-2.412474;1318;0;4;3033;1558;127.6;38.79;;;
37.209190;-2.412559;1319;0;5;3033;1558;127.62;38.77;;;
37.209023;-2.412645;1319;0;5;3034;1557;127.64;38.75;;;
37.208857;-2.412731;1320;0;5;3035;1556;127.66;38.73;;;
37.208699;-2.412837;1322;0;5;3037;1554;127.68;38.71;;;
37.208550;-2.412963;1324;0;5;3038;1553;127.7;38.69;;;
37.208404;-2.413096;1324;0;5;3039;1552;127.72;38.67;;;
37.208234;-2.413166;1325;0;5;3040;1551;127.74;38.65;;;
37.208057;-2.413162;1326;0;3;3041;1550;127.76;38.63;;;
37.207879;-2.413132;1327;0;3;3041;1550;127.78;38.61;;;
37.207699;-2.413137;1327;0;3;3042;1549;127.8;38.59;;;
37.207521;-2.413156;1327;0;4;3042;1549;127.82;38.57;;;
37.207350;-2.413227;1328;0;4;3043;1548;127.84;38.55;;;
37.207180;-2.413302;1329;0;4;3043;1548;127.86;38.53;;;
37.207069;-2.413466;1330;0;4;3045;1546;127.88;38.51;;;
37.207020;-2.413680;1331;0;5;3046;1545;127.9;38.49;;;
37.207115;-2.413865;1332;0;5;3046;1545;127.92;38.47;;;
37.207264;-2.413990;1333;0;5;3047;1544;127.94;38.45;;;
37.207421;-2.414100;1334;0;5;3049;1542;127.96;38.43;;;
37.207581;-2.414203;1335;0;6;3050;1541;127.98;38.41;;;
37.207740;-2.414307;1336;0;5;3051;1540;128;38.39;;;
37.208075;-2.414449;1337;0;6;3052;1539;128.04;38.35;;;
37.208241;-2.414376;1340;0;6;3055;1536;128.06;38.33;;;
37.208437;-2.414002;1342;0;5;3057;1534;128.1;38.29;;;
37.208540;-2.413819;1343;0;5;3057;1534;128.12;38.27;;;
37.208831;-2.413557;1344;0;6;3059;1532;128.16;38.23;;;
37.208995;-2.413469;1346;0;6;3060;1531;128.18;38.21;;;
37.209339;-2.413335;1349;0;7;3064;1527;128.22;38.17;;;
37.209511;-2.413269;1351;0;8;3065;1526;128.24;38.15;;;
37.209683;-2.413202;1352;0;8;3067;1524;128.26;38.13;;;
37.209854;-2.413135;1353;0;8;3068;1523;128.28;38.11;;;
37.210198;-2.413001;1356;0;8;3071;1520;128.32;38.07;;;
37.210370;-2.412935;1358;0;8;3073;1518;128.34;38.05;;;
37.210714;-2.412801;1362;0;8;3077;1514;128.38;38.01;;;
37.210886;-2.412739;1364;0;7;3078;1513;128.4;37.99;;;
37.211236;-2.412630;1366;0;6;3081;1510;128.44;37.95;;;
37.211411;-2.412579;1367;0;5;3082;1509;128.46;37.93;;;
37.211764;-2.412498;1368;0;6;3083;1508;128.5;37.89;;;
37.212123;-2.412516;1371;0;7;3086;1505;128.54;37.85;;;
37.212302;-2.412531;1373;0;7;3087;1504;128.56;37.83;;;
37.212659;-2.412499;1376;0;7;3090;1501;128.6;37.79;;;
37.212825;-2.412415;1377;0;6;3092;1499;128.62;37.77;;;
37.213155;-2.412234;1379;0;6;3094;1497;128.66;37.73;;;
37.213263;-2.412060;1380;0;5;3095;1496;128.68;37.71;;;
37.213398;-2.411645;1382;0;5;3097;1494;128.72;37.67;;;
37.213394;-2.411423;1383;0;5;3098;1493;128.74;37.65;;;
37.213346;-2.411205;1384;0;5;3099;1492;128.76;37.63;;;
37.213298;-2.410987;1385;0;4;3100;1491;128.78;37.61;;;
37.213202;-2.410552;1387;0;4;3101;1490;128.82;37.57;;;
37.213143;-2.410339;1387;0;4;3102;1489;128.84;37.55;;;
37.213004;-2.409923;1389;0;4;3103;1488;128.88;37.51;;;
37.212947;-2.409711;1389;0;5;3104;1487;128.9;37.49;;;
37.213137;-2.409587;1392;0;6;3107;1484;128.94;37.45;;;
37.213207;-2.409789;1393;0;7;3108;1483;128.96;37.43;;;
37.213318;-2.410218;1395;0;8;3110;1481;129;37.39;;;
37.213482;-2.410620;1399;0;9;3114;1477;129.04;37.35;;;
37.213570;-2.410817;1401;0;9;3116;1475;129.06;37.33;;;
37.213739;-2.411216;1405;0;9;3119;1472;129.1;37.29;;;
37.213808;-2.411424;1406;0;9;3121;1470;129.12;37.27;;;
37.213906;-2.411853;1410;0;8;3125;1466;129.16;37.23;;;
37.213844;-2.412060;1412;0;7;3127;1464;129.18;37.21;;;
37.213700;-2.412472;1414;0;6;3129;1462;129.22;37.17;;;
37.213644;-2.412687;1415;0;5;3130;1461;129.24;37.15;;;
37.213550;-2.412877;1416;0;5;3130;1461;129.26;37.13;;;
37.213427;-2.413041;1417;0;5;3132;1459;129.28;37.11;;;
37.213134;-2.413302;1419;0;5;3134;1457;129.32;37.07;;;
37.212987;-2.413433;1420;0;5;3134;1457;129.34;37.05;;;
37.212666;-2.413628;1422;0;5;3136;1455;129.38;37.01;;;
37.212489;-2.413667;1423;0;5;3138;1453;129.4;36.99;;;
37.212141;-2.413778;1425;0;5;3139;1452;129.44;36.95;;;
37.211976;-2.413867;1425;0;5;3140;1451;129.46;36.93;;;
37.211673;-2.414106;1428;0;5;3143;1448;129.5;36.89;;;
37.211414;-2.414419;1430;0;6;3145;1446;129.54;36.85;;;
37.211276;-2.414564;1430;0;7;3145;1446;129.56;36.83;;;
37.210984;-2.414828;1433;0;7;3148;1443;129.6;36.79;;;
37.210836;-2.414955;1435;0;7;3150;1441;129.62;36.77;;;
37.210582;-2.415235;1439;0;7;3154;1437;129.66;36.73;;;
37.210716;-2.415306;1440;0;7;3155;1436;129.68;36.71;;;
37.211013;-2.415053;1442;0;6;3156;1435;129.72;36.67;;;
37.211175;-2.414954;1443;0;6;3158;1433;129.74;36.65;;;
37.211336;-2.414854;1444;0;7;3159;1432;129.76;36.63;;;
37.211498;-2.414755;1445;0;8;3160;1431;129.78;36.61;;;
37.211828;-2.414577;1449;0;9;3164;1427;129.82;36.57;;;
37.212001;-2.414515;1451;0;9;3166;1425;129.84;36.55;;;
37.212350;-2.414405;1455;0;9;3169;1422;129.88;36.51;;;
37.212526;-2.414422;1457;0;9;3172;1419;129.9;36.49;;;
37.212862;-2.414563;1460;0;9;3175;1416;129.94;36.45;;;
37.213035;-2.414503;1462;0;9;3177;1414;129.96;36.43;;;
37.213363;-2.414336;1467;0;9;3182;1409;130;36.39;;;
37.213716;-2.414423;1470;0;9;3184;1407;130.04;36.35;;;
37.213892;-2.414467;1471;0;9;3186;1405;130.06;36.33;;;
37.214245;-2.414554;1477;0;9;3192;1399;130.1;36.29;;;
37.214424;-2.414575;1479;0;9;3194;1397;130.12;36.27;;;
37.214776;-2.414622;1483;0;7;3198;1393;130.16;36.23;;;
37.214838;-2.414793;1485;0;6;3199;1392;130.18;36.21;;;
37.214526;-2.414990;1486;0;4;3200;1391;130.22;36.17;;;
37.214347;-2.415010;1486;0;3;3201;1390;130.24;36.15;;;
37.214168;-2.415031;1487;0;3;3201;1390;130.26;36.13;;;
37.213989;-2.415051;1487;0;3;3202;1389;130.28;36.11;;;
37.213658;-2.415169;1488;0;4;3203;1388;130.32;36.07;;;
37.213555;-2.415354;1489;0;4;3204;1387;130.34;36.05;;;
37.213365;-2.415734;1491;0;4;3206;1385;130.38;36.01;;;
37.213200;-2.415810;1492;0;4;3207;1384;130.4;35.99;;;
37.212858;-2.415688;1494;0;5;3208;1383;130.44;35.95;;;
37.212697;-2.415586;1494;0;5;3209;1382;130.46;35.93;;;
37.212367;-2.415485;1496;0;6;3211;1380;130.5;35.89;;;
37.212461;-2.415872;1499;0;6;3214;1377;130.54;35.85;;;
37.212625;-2.415965;1501;0;6;3215;1376;130.56;35.83;;;
37.212952;-2.416152;1503;0;5;3218;1373;130.6;35.79;;;
37.213116;-2.416245;1504;0;5;3219;1372;130.62;35.77;;;
37.213444;-2.416432;1506;0;5;3220;1371;130.66;35.73;;;
37.213611;-2.416512;1506;0;5;3221;1370;130.68;35.71;;;
37.213960;-2.416600;1509;0;6;3223;1368;130.72;35.67;;;
37.214129;-2.416533;1510;0;6;3225;1366;130.74;35.65;;;
37.214295;-2.416447;1512;0;6;3226;1365;130.76;35.63;;;
37.214461;-2.416358;1513;0;7;3228;1363;130.78;35.61;;;
37.214778;-2.416149;1515;0;8;3230;1361;130.82;35.57;;;
37.214929;-2.416027;1517;0;8;3231;1360;130.84;35.55;;;
37.215223;-2.415765;1521;0;7;3235;1356;130.88;35.51;;;
37.215377;-2.415649;1522;0;7;3237;1354;130.9;35.49;;;
37.215644;-2.415361;1524;0;8;3239;1352;130.94;35.45;;;
37.215720;-2.415157;1526;0;8;3240;1351;130.96;35.43;;;
37.215933;-2.414797;1530;0;9;3244;1347;131;35.39;;;
37.216235;-2.414555;1534;0;9;3248;1343;131.04;35.35;;;
37.216390;-2.414442;1536;0;9;3251;1340;131.06;35.33;;;
37.216603;-2.414538;1540;0;9;3255;1336;131.1;35.29;;;
37.216472;-2.414693;1541;0;8;3256;1335;131.12;35.27;;;
37.216221;-2.415015;1544;0;7;3259;1332;131.16;35.23;;;
37.216156;-2.415221;1545;0;6;3260;1331;131.18;35.21;;;
37.216124;-2.415668;1548;0;6;3263;1328;131.22;35.17;;;
37.216118;-2.415893;1549;0;5;3264;1327;131.24;35.15;;;
37.216011;-2.416074;1550;0;5;3265;1326;131.26;35.13;;;
37.215903;-2.416255;1551;0;6;3266;1325;131.28;35.11;;;
37.215705;-2.416630;1553;0;7;3268;1323;131.32;35.07;;;
37.215632;-2.416836;1554;0;7;3269;1322;131.34;35.05;;;
37.215469;-2.417235;1557;0;8;3272;1319;131.38;35.01;;;
37.215345;-2.417399;1560;0;8;3275;1316;131.4;34.99;;;
37.215036;-2.417626;1562;0;7;3277;1314;131.44;34.95;;;
37.214878;-2.417736;1564;0;7;3278;1313;131.46;34.93;;;
37.214564;-2.417956;1566;0;6;3281;1310;131.5;34.89;;;
37.214357;-2.418263;1569;0;6;3284;1307;131.54;34.85;;;
37.214420;-2.418372;1569;0;6;3284;1307;131.56;34.83;;;
37.214713;-2.418158;1572;0;6;3286;1305;131.6;34.79;;;
37.214852;-2.418018;1572;0;5;3287;1304;131.62;34.77;;;
37.215181;-2.417835;1575;0;6;3290;1301;131.66;34.73;;;
37.215346;-2.417743;1576;0;6;3291;1300;131.68;34.71;;;
37.215675;-2.417560;1579;0;6;3293;1298;131.72;34.67;;;
37.215839;-2.417469;1580;0;6;3294;1297;131.74;34.65;;;
37.216004;-2.417377;1581;0;6;3295;1296;131.76;34.63;;;
37.216167;-2.417284;1582;0;6;3297;1294;131.78;34.61;;;
37.216443;-2.416999;1585;0;7;3300;1291;131.82;34.57;;;
37.216567;-2.416835;1586;0;7;3301;1290;131.84;34.55;;;
37.216861;-2.416591;1589;0;6;3303;1288;131.88;34.51;;;
37.217020;-2.416488;1590;0;6;3305;1286;131.9;34.49;;;
37.217230;-2.416132;1592;0;7;3306;1285;131.94;34.45;;;
37.217302;-2.415925;1593;0;7;3308;1283;131.96;34.43;;;
37.217446;-2.415511;1597;0;7;3312;1279;132;34.39;;;
37.217654;-2.415537;1600;0;7;3315;1276;132.04;34.35;;;
37.217573;-2.415733;1601;0;7;3316;1275;132.06;34.33;;;
37.217443;-2.416150;1603;0;7;3318;1273;132.1;34.29;;;
37.217391;-2.416366;1604;0;8;3319;1272;132.12;34.27;;;
37.217262;-2.416788;1608;0;8;3323;1268;132.16;34.23;;;
37.217207;-2.417001;1610;0;8;3325;1266;132.18;34.21;;;
37.217397;-2.416993;1614;0;7;3328;1263;132.22;34.17;;;
37.217475;-2.416790;1615;0;6;3329;1262;132.24;34.15;;;
37.217553;-2.416586;1615;0;5;3330;1261;132.26;34.13;;;
37.217631;-2.416383;1616;0;4;3331;1260;132.28;34.11;;;
37.217821;-2.416003;1618;0;4;3333;1258;132.32;34.07;;;
37.217982;-2.415916;1618;0;4;3333;1258;132.34;34.05;;;
37.218281;-2.415715;1618;0;7;3333;1258;132.38;34.01;;;
37.218347;-2.415509;1620;0;8;3335;1256;132.4;33.99;;;
37.218553;-2.415318;1626;0;9;3340;1251;132.44;33.95;;;
37.218614;-2.415529;1628;0;9;3343;1248;132.46;33.93;;;
37.218630;-2.415978;1631;0;7;3346;1245;132.5;33.89;;;
37.218400;-2.416252;1634;0;5;3348;1243;132.54;33.85;;;
37.218222;-2.416222;1634;0;5;3349;1242;132.56;33.83;;;
37.217918;-2.416436;1636;0;5;3350;1241;132.6;33.79;;;
37.217841;-2.416640;1637;0;6;3352;1239;132.62;33.77;;;
37.217734;-2.417071;1640;0;6;3355;1236;132.66;33.73;;;
37.217683;-2.417287;1641;0;6;3356;1235;132.68;33.71;;;
37.217679;-2.417703;1644;0;5;3359;1232;132.72;33.67;;;
37.217816;-2.417603;1645;0;4;3360;1231;132.74;33.65;;;
37.217842;-2.417382;1645;0;3;3360;1231;132.76;33.63;;;
37.217856;-2.417157;1646;0;3;3360;1231;132.78;33.61;;;
37.217991;-2.416752;1646;0;2;3361;1230;132.82;33.57;;;
37.218150;-2.416648;1647;0;2;3362;1229;132.84;33.55;;;
37.218505;-2.416620;1648;0;4;3363;1228;132.88;33.51;;;
37.218685;-2.416620;1649;0;5;3364;1227;132.9;33.49;;;
37.218917;-2.416308;1651;0;7;3366;1225;132.94;33.45;;;
37.218978;-2.416096;1653;0;7;3367;1224;132.96;33.43;;;
37.219062;-2.415659;1656;0;8;3371;1220;133;33.39;;;
37.219149;-2.415272;1660;0;7;3374;1217;133.04;33.35;;;
37.219245;-2.415426;1661;0;7;3376;1215;133.06;33.33;;;
37.219273;-2.415875;1663;0;7;3378;1213;133.1;33.29;;;
37.219281;-2.416101;1664;0;7;3379;1212;133.12;33.27;;;
37.219298;-2.416552;1667;0;6;3382;1209;133.16;33.23;;;
37.219306;-2.416778;1669;0;6;3384;1207;133.18;33.21;;;
37.219145;-2.417150;1671;0;5;3385;1206;133.22;33.17;;;
37.218973;-2.417207;1672;0;5;3386;1205;133.24;33.15;;;
37.218795;-2.417244;1673;0;5;3387;1204;133.26;33.13;;;
37.218618;-2.417281;1673;0;5;3388;1203;133.28;33.11;;;
37.218477;-2.417541;1676;0;6;3391;1200;133.32;33.07;;;
37.218645;-2.417526;1677;0;7;3391;1200;133.34;33.05;;;
37.218994;-2.417423;1679;0;8;3394;1197;133.38;33.01;;;
37.219172;-2.417386;1682;0;8;3396;1195;133.4;32.99;;;
37.219527;-2.417313;1686;0;9;3401;1190;133.44;32.95;;;
37.219681;-2.417209;1687;0;9;3402;1189;133.46;32.93;;;
37.219813;-2.416802;1690;0;7;3405;1186;133.5;32.89;;;
37.219893;-2.416361;1693;0;8;3408;1183;133.54;32.85;;;
37.219922;-2.416139;1695;0;8;3409;1182;133.56;32.83;;;
37.219910;-2.415690;1697;0;7;3412;1179;133.6;32.79;;;
37.219853;-2.415476;1699;0;7;3414;1177;133.62;32.77;;;
37.219869;-2.415121;1702;0;8;3417;1174;133.66;32.73;;;
37.219986;-2.415258;1703;0;7;3418;1173;133.68;32.71;;;
37.220106;-2.415684;1706;0;7;3421;1170;133.72;32.67;;;
37.220165;-2.415898;1708;0;7;3423;1168;133.74;32.65;;;
37.220203;-2.416118;1709;0;7;3424;1167;133.76;32.63;;;
37.220233;-2.416341;1710;0;7;3425;1166;133.78;32.61;;;
37.220277;-2.416789;1713;0;7;3428;1163;133.82;32.57;;;
37.220292;-2.417014;1715;0;7;3429;1162;133.84;32.55;;;
37.220323;-2.417464;1718;0;7;3432;1159;133.88;32.51;;;
37.220316;-2.417688;1719;0;6;3434;1157;133.9;32.49;;;
37.220143;-2.418069;1721;0;5;3436;1155;133.94;32.45;;;
37.220024;-2.418238;1722;0;5;3437;1154;133.96;32.43;;;
37.219708;-2.418410;1723;0;5;3438;1153;134;32.39;;;
37.219354;-2.418469;1725;0;5;3440;1151;134.04;32.35;;;
37.219244;-2.418637;1727;0;6;3442;1149;134.06;32.33;;;
37.219519;-2.418850;1729;0;7;3444;1147;134.1;32.29;;;
37.219698;-2.418833;1731;0;7;3445;1146;134.12;32.27;;;
37.220057;-2.418799;1733;0;7;3448;1143;134.16;32.23;;;
37.220233;-2.418759;1735;0;6;3449;1142;134.18;32.21;;;
37.220562;-2.418578;1737;0;7;3452;1139;134.22;32.17;;;
37.220724;-2.418480;1739;0;7;3453;1138;134.24;32.15;;;
37.220886;-2.418382;1740;0;6;3454;1137;134.26;32.13;;;
37.221037;-2.418260;1742;0;6;3456;1135;134.28;32.11;;;
37.221238;-2.417908;1744;0;6;3459;1132;134.32;32.07;;;
37.221263;-2.417685;1745;0;6;3460;1131;134.34;32.05;;;
37.221275;-2.417234;1747;0;6;3462;1129;134.38;32.01;;;
37.221279;-2.417008;1748;0;6;3463;1128;134.4;31.99;;;
37.221257;-2.416557;1750;0;6;3465;1126;134.44;31.95;;;
37.221242;-2.416332;1751;0;6;3466;1125;134.46;31.93;;;
37.221193;-2.415885;1755;0;7;3469;1122;134.5;31.89;;;
37.221092;-2.415452;1757;0;7;3472;1119;134.54;31.85;;;
37.221040;-2.415235;1759;0;7;3474;1117;134.56;31.83;;;
37.220936;-2.414803;1761;0;5;3476;1115;134.6;31.79;;;
37.220884;-2.414587;1763;0;5;3477;1114;134.62;31.77;;;
37.220850;-2.414149;1764;0;4;3479;1112;134.66;31.73;;;
37.220965;-2.413976;1765;0;3;3479;1112;134.68;31.71;;;
37.221293;-2.413802;1765;0;3;3480;1111;134.72;31.67;;;
37.221468;-2.413747;1766;0;3;3481;1110;134.74;31.65;;;
37.221642;-2.413693;1766;0;4;3481;1110;134.76;31.63;;;
37.221817;-2.413638;1767;0;4;3482;1109;134.78;31.61;;;
37.222166;-2.413529;1769;0;5;3484;1107;134.82;31.57;;;
37.222340;-2.413474;1770;0;5;3485;1106;134.84;31.55;;;
37.222679;-2.413327;1772;0;6;3487;1104;134.88;31.51;;;
37.222847;-2.413244;1773;0;6;3488;1103;134.9;31.49;;;
37.223182;-2.413081;1775;0;6;3490;1101;134.94;31.45;;;
37.223352;-2.413004;1777;0;5;3492;1099;134.96;31.43;;;
37.223690;-2.412852;1780;0;5;3495;1096;135;31.39;;;
37.224029;-2.412699;1781;0;5;3496;1095;135.04;31.35;;;
37.224187;-2.412594;1782;0;4;3497;1094;135.06;31.33;;;
37.224495;-2.412360;1784;0;4;3498;1093;135.1;31.29;;;
37.224647;-2.412239;1784;0;4;3499;1092;135.12;31.27;;;
37.224951;-2.411998;1786;0;4;3501;1090;135.16;31.23;;;
37.225103;-2.411877;1787;0;4;3501;1090;135.18;31.21;;;
37.225401;-2.411623;1788;0;3;3503;1088;135.22;31.17;;;
37.225549;-2.411496;1789;0;3;3504;1087;135.24;31.15;;;
37.225706;-2.411386;1789;0;3;3504;1087;135.26;31.13;;;
37.225873;-2.411430;1789;0;3;3504;1087;135.28;31.11;;;
37.226176;-2.411672;1791;0;3;3506;1085;135.32;31.07;;;
37.226301;-2.411828;1792;0;3;3507;1084;135.34;31.05;;;
37.226263;-2.412258;1793;0;3;3508;1083;135.38;31.01;;;
37.226193;-2.412466;1794;0;2;3508;1083;135.4;30.99;30;summit,bonus;1
37.226070;-2.412886;1794;0;2;3509;1082;135.44;30.95;;;
37.226121;-2.413098;1795;0;2;3509;1082;135.46;30.93;;;
37.226368;-2.413424;1795;0;2;3510;1081;135.5;30.89;;;
37.226586;-2.413783;1796;0;2;3511;1080;135.54;30.85;;;
37.226695;-2.413963;1796;0;2;3511;1080;135.56;30.83;;;
37.226912;-2.414323;1797;0;2;3512;1079;135.6;30.79;;;
37.227047;-2.414473;1797;0;2;3512;1079;135.62;30.77;;;
37.227294;-2.414799;1798;0;2;3513;1078;135.66;30.73;;;
37.227407;-2.414975;1798;0;2;3513;1078;135.68;30.71;;;
37.227594;-2.415361;1799;0;2;3514;1077;135.72;30.67;;;
37.227687;-2.415554;1800;0;2;3514;1077;135.74;30.65;;;
37.227791;-2.415739;1800;0;2;3515;1076;135.76;30.63;;;
37.227895;-2.415922;1801;0;2;3515;1076;135.78;30.61;;;
37.228063;-2.416319;1802;0;2;3516;1075;135.82;30.57;;;
37.228104;-2.416538;1802;0;2;3517;1074;135.84;30.55;;;
37.228071;-2.416982;1803;0;2;3518;1073;135.88;30.51;;;
37.228032;-2.417203;1803;0;2;3518;1073;135.9;30.49;;;
37.228012;-2.417642;1804;0;2;3519;1072;135.94;30.45;;;
37.228152;-2.417759;1805;0;2;3520;1071;135.96;30.43;;;
37.228505;-2.417739;1806;0;2;3521;1070;136;30.39;;;
37.228844;-2.417590;1807;0;2;3521;1070;136.04;30.35;;;
37.229009;-2.417499;1807;0;2;3522;1069;136.06;30.33;;;
37.229352;-2.417371;1807;0;2;3522;1069;136.1;30.29;;;
37.229530;-2.417355;1808;0;2;3523;1068;136.12;30.27;;;
37.229872;-2.417470;1809;0;2;3523;1068;136.16;30.23;;;
37.230026;-2.417587;1809;0;2;3524;1067;136.18;30.21;;;
37.230297;-2.417884;1810;0;2;3525;1066;136.22;30.17;;;
37.230432;-2.418033;1810;0;2;3525;1066;136.24;30.15;;;
37.230563;-2.418189;1811;0;3;3526;1065;136.26;30.13;;;
37.230693;-2.418345;1811;0;3;3526;1065;136.28;30.11;;;
37.230956;-2.418652;1813;0;2;3527;1064;136.32;30.07;;;
37.231120;-2.418709;1813;0;2;3528;1063;136.34;30.05;;;
37.231365;-2.418392;1814;0;1;3528;1063;136.38;30.01;;;
37.231477;-2.418214;1814;0;1;3529;1062;136.4;29.99;;;
37.231759;-2.417943;1814;0;1;3529;1062;136.44;29.95;;;
37.231925;-2.417859;1814;0;1;3529;1062;136.46;29.93;;;
37.232282;-2.417802;1815;0;1;3530;1061;136.5;29.89;;;
37.232639;-2.417748;1815;0;1;3530;1061;136.54;29.85;;;
37.232818;-2.417723;1815;0;1;3530;1061;136.56;29.83;;;
37.233171;-2.417644;1816;0;1;3531;1060;136.6;29.79;;;
37.233331;-2.417542;1816;0;1;3531;1060;136.62;29.77;;;
37.233622;-2.417279;1816;0;1;3531;1060;136.66;29.73;;;
37.233727;-2.417096;1817;0;1;3531;1060;136.68;29.71;;;
37.233938;-2.416730;1817;0;1;3532;1059;136.72;29.67;;;
37.234061;-2.416569;1817;0;1;3532;1059;136.74;29.65;;;
37.234207;-2.416437;1818;0;2;3532;1059;136.76;29.63;;;
37.234372;-2.416362;1818;0;2;3533;1058;136.78;29.61;;;
37.234729;-2.416409;1819;0;2;3533;1058;136.82;29.57;;;
37.234905;-2.416455;1819;0;2;3534;1057;136.84;29.55;;;
37.235228;-2.416635;1820;0;3;3535;1056;136.88;29.51;;;
37.235339;-2.416804;1821;0;2;3535;1056;136.9;29.49;;;
37.235404;-2.417246;1822;0;1;3537;1054;136.94;29.45;;;
37.235409;-2.417472;1822;0;-1;3537;1054;136.96;29.43;;;
37.235391;-2.417922;1822;0;-4;3537;1054;137;29.39;;;
37.235642;-2.418240;1818;0;-6;3537;1054;137.04;29.35;;;
37.235788;-2.418373;1817;0;-7;3537;1054;137.06;29.33;;;
37.236107;-2.418572;1814;0;-6;3537;1054;137.1;29.29;;;
37.236284;-2.418615;1813;0;-8;3537;1054;137.12;29.27;;;
37.236638;-2.418696;1811;0;-7;3537;1054;137.16;29.23;;;
37.236816;-2.418720;1809;0;-7;3537;1054;137.18;29.21;;;
37.237175;-2.418698;1805;0;-7;3537;1054;137.22;29.17;;;
37.237355;-2.418684;1804;0;-8;3537;1054;137.24;29.15;;;
37.237534;-2.418670;1803;0;-6;3537;1054;137.26;29.13;;;
37.237702;-2.418702;1802;0;-6;3537;1054;137.28;29.11;;;
37.237735;-2.419123;1799;0;-6;3537;1054;137.32;29.07;;;
37.237735;-2.419345;1799;0;-6;3537;1054;137.34;29.05;;;
37.237863;-2.419765;1795;0;-6;3537;1054;137.38;29.01;;;
37.237860;-2.419990;1794;0;-6;3537;1054;137.4;28.99;;;
37.237557;-2.420155;1792;0;-6;3537;1054;137.44;28.95;;;
37.237377;-2.420158;1791;0;-6;3537;1054;137.46;28.93;;;
37.237019;-2.420162;1788;0;-7;3537;1054;137.5;28.89;;;
37.236688;-2.420312;1785;0;-7;3537;1054;137.54;28.85;;;
37.236582;-2.420491;1783;0;-8;3537;1054;137.56;28.83;;;
37.236435;-2.420902;1781;0;-8;3537;1054;137.6;28.79;;;
37.236390;-2.421121;1779;0;-8;3537;1054;137.62;28.77;;;
37.236421;-2.421570;1775;0;-8;3537;1054;137.66;28.73;;;
37.236456;-2.421791;1774;0;-7;3537;1054;137.68;28.71;;;
37.236526;-2.422234;1771;0;-6;3537;1054;137.72;28.67;;;
37.236578;-2.422450;1770;0;-6;3537;1054;137.74;28.65;;;
37.236644;-2.422660;1770;0;-6;3537;1054;137.76;28.63;;;
37.236714;-2.422868;1768;0;-6;3537;1054;137.78;28.61;;;
37.236854;-2.423284;1766;0;-6;3537;1054;137.82;28.57;;;
37.236930;-2.423489;1764;0;-7;3537;1054;137.84;28.55;;;
37.237181;-2.423804;1762;0;-6;3537;1054;137.88;28.51;;;
37.237332;-2.423926;1760;0;-6;3537;1054;137.9;28.49;;;
37.237661;-2.424107;1758;0;-5;3537;1054;137.94;28.45;;;
37.237827;-2.424196;1757;0;-5;3537;1054;137.96;28.43;;;
37.238165;-2.424348;1756;0;-5;3537;1054;138;28.39;;;
37.238520;-2.424413;1753;0;-4;3537;1054;138.04;28.35;;;
37.238699;-2.424417;1753;0;-4;3537;1054;138.06;28.33;;;
37.239053;-2.424366;1751;0;-3;3537;1054;138.1;28.29;;;
37.239204;-2.424250;1751;0;-3;3537;1054;138.12;28.27;;;
37.239492;-2.423986;1750;0;-3;3537;1054;138.16;28.23;;;
37.239664;-2.423955;1749;0;-3;3537;1054;138.18;28.21;;;
37.239942;-2.424221;1748;0;-3;3537;1054;138.22;28.17;;;
37.240066;-2.424385;1747;0;-4;3537;1054;138.24;28.15;;;
37.240221;-2.424482;1746;0;-4;3537;1054;138.26;28.13;;;
37.240401;-2.424488;1745;0;-4;3537;1054;138.28;28.11;;;
37.240756;-2.424423;1744;0;-5;3537;1054;138.32;28.07;;;
37.240927;-2.424460;1743;0;-5;3537;1054;138.34;28.05;;;
37.241052;-2.424844;1741;0;-6;3537;1054;138.38;28.01;;;
37.241024;-2.425067;1739;0;-7;3537;1054;138.4;27.99;;;
37.240959;-2.425512;1736;0;-8;3537;1054;138.44;27.95;;;
37.240924;-2.425733;1734;0;-8;3537;1054;138.46;27.93;;;
37.240821;-2.426166;1731;0;-7;3537;1054;138.5;27.89;;;
37.240756;-2.426608;1729;0;-7;3537;1054;138.54;27.85;;;
37.240759;-2.426833;1728;0;-7;3537;1054;138.56;27.83;;;
37.240836;-2.427272;1725;0;-6;3537;1054;138.6;27.79;;;
37.240888;-2.427488;1723;0;-6;3537;1054;138.62;27.77;;;
37.240993;-2.427920;1721;0;-5;3537;1054;138.66;27.73;;;
37.241046;-2.428136;1720;0;-5;3537;1054;138.68;27.71;;;
37.241151;-2.428569;1719;0;-4;3537;1054;138.72;27.67;;;
37.241230;-2.428767;1718;0;-3;3537;1054;138.74;27.65;;;
37.241343;-2.428943;1717;0;-3;3537;1054;138.76;27.63;;;
37.241455;-2.429119;1716;0;-2;3537;1054;138.78;27.61;;;
37.241642;-2.429505;1716;0;-2;3537;1054;138.82;27.57;;;
37.241735;-2.429698;1716;0;-2;3537;1054;138.84;27.55;;;
37.241976;-2.430029;1715;0;-2;3537;1054;138.88;27.51;;;
37.242125;-2.430156;1715;0;-2;3537;1054;138.9;27.49;;;
37.242431;-2.430391;1714;0;-2;3537;1054;138.94;27.45;;;
37.242600;-2.430459;1714;0;-2;3537;1054;138.96;27.43;;;
37.242950;-2.430390;1713;0;-3;3537;1054;139;27.39;;;
37.243259;-2.430160;1712;0;-2;3537;1054;139.04;27.35;;;
37.243410;-2.430038;1711;0;-2;3537;1054;139.06;27.33;;;
37.243718;-2.429803;1710;0;-2;3537;1054;139.1;27.29;;;
37.243873;-2.429691;1710;0;-3;3537;1054;139.12;27.27;;;
37.244171;-2.429790;1710;0;-5;3537;1054;139.16;27.23;;;
37.244197;-2.430012;1709;0;-6;3537;1054;139.18;27.21;;;
37.244226;-2.430463;1705;0;-9;3537;1054;139.22;27.17;;;
37.244240;-2.430688;1703;0;-9;3537;1054;139.24;27.15;;;
37.244269;-2.430908;1701;0;-9;3537;1054;139.26;27.13;;;
37.244348;-2.431111;1699;0;-9;3537;1054;139.28;27.11;;;
37.244525;-2.431504;1696;0;-8;3537;1054;139.32;27.07;;;
37.244619;-2.431697;1694;0;-8;3537;1054;139.34;27.05;;;
37.244807;-2.432081;1692;0;-8;3537;1054;139.38;27.01;;;
37.244901;-2.432274;1690;0;-8;3537;1054;139.4;26.99;;;
37.245090;-2.432659;1686;0;-9;3537;1054;139.44;26.95;;;
37.245201;-2.432835;1684;0;-8;3537;1054;139.46;26.93;;;
37.245443;-2.433169;1681;0;-9;3537;1054;139.5;26.89;;;
37.245739;-2.433415;1678;0;-6;3537;1054;139.54;26.85;;;
37.245906;-2.433498;1676;0;-5;3537;1054;139.56;26.83;;;
37.246235;-2.433683;1674;0;-3;3537;1054;139.6;26.79;;;
37.246396;-2.433783;1674;0;-2;3538;1053;139.62;26.77;;;
37.246708;-2.434004;1674;0;1;3538;1053;139.66;26.73;;;
37.246848;-2.434146;1675;0;1;3538;1053;139.68;26.71;;;
37.247113;-2.434451;1675;0;0;3538;1053;139.72;26.67;;;
37.247240;-2.434612;1675;0;0;3539;1052;139.74;26.65;;;
37.247366;-2.434772;1675;0;-1;3539;1052;139.76;26.63;;;
37.247493;-2.434933;1675;0;-2;3539;1052;139.78;26.61;;;
37.247746;-2.435254;1674;0;-4;3539;1052;139.82;26.57;;;
37.247887;-2.435388;1673;0;-5;3539;1052;139.84;26.55;;;
37.248240;-2.435359;1671;0;-6;3539;1052;139.88;26.51;;;
37.248411;-2.435289;1669;0;-6;3539;1052;139.9;26.49;;;
37.248753;-2.435148;1666;0;-6;3539;1052;139.94;26.45;;;
37.248924;-2.435078;1665;0;-6;3539;1052;139.96;26.43;;;
37.249265;-2.434936;1663;0;-4;3539;1052;140;26.39;;;
37.249550;-2.434672;1662;0;-4;3539;1052;140.04;26.35;;;
37.249660;-2.434493;1661;0;-4;3539;1052;140.06;26.33;;;
37.249836;-2.434102;1659;0;-4;3539;1052;140.1;26.29;;;
37.249896;-2.433889;1659;0;-4;3539;1052;140.12;26.27;;;
37.250017;-2.433463;1658;0;-5;3539;1052;140.16;26.23;;;
37.250138;-2.433318;1656;0;-6;3539;1052;140.18;26.21;;;
37.250450;-2.433504;1653;0;-7;3539;1052;140.22;26.17;;;
37.250595;-2.433637;1652;0;-7;3539;1052;140.24;26.15;;;
37.250740;-2.433771;1650;0;-7;3539;1052;140.26;26.13;;;
37.250898;-2.433880;1649;0;-6;3539;1052;140.28;26.11;;;
37.251237;-2.433957;1647;0;-6;3539;1052;140.32;26.07;;;
37.251397;-2.433857;1646;0;-7;3539;1052;140.34;26.05;;;
37.251716;-2.433717;1644;0;-7;3539;1052;140.38;26.01;;;
37.251780;-2.433915;1642;0;-7;3539;1052;140.4;25.99;;;
37.251627;-2.434303;1638;0;-7;3539;1052;140.44;25.95;;;
37.251467;-2.434401;1637;0;-8;3539;1052;140.46;25.93;;;
37.251116;-2.434499;1635;0;-7;3539;1052;140.5;25.89;;;
37.250764;-2.434589;1632;0;-8;3539;1052;140.54;25.85;;;
37.250596;-2.434672;1631;0;-7;3539;1052;140.56;25.83;;;
37.250319;-2.434937;1627;0;-6;3539;1052;140.6;25.79;;;
37.250242;-2.435140;1626;0;-6;3539;1052;140.62;25.77;;;
37.250151;-2.435576;1624;0;-6;3539;1052;140.66;25.73;;;
37.250116;-2.435797;1623;0;-5;3539;1052;140.68;25.71;;;
37.250014;-2.436226;1621;0;-5;3539;1052;140.72;25.67;;;
37.249900;-2.436400;1620;0;-5;3539;1052;140.74;25.65;;;
37.249765;-2.436549;1619;0;-4;3539;1052;140.76;25.63;;;
37.249629;-2.436698;1618;0;-4;3539;1052;140.78;25.61;;;
37.249391;-2.437036;1616;0;-4;3539;1052;140.82;25.57;;;
37.249274;-2.437208;1616;0;-4;3539;1052;140.84;25.55;;;
37.249040;-2.437551;1615;0;-3;3539;1052;140.88;25.51;;;
37.248917;-2.437715;1614;0;-4;3539;1052;140.9;25.49;;;
37.248607;-2.437908;1613;0;-4;3539;1052;140.94;25.45;;;
37.248428;-2.437899;1611;0;-5;3539;1052;140.96;25.43;;;
37.248068;-2.437882;1609;0;-4;3539;1052;141;25.39;;;
37.247709;-2.437865;1607;0;-4;3539;1052;141.04;25.35;;;
37.247529;-2.437857;1607;0;-3;3539;1052;141.06;25.33;;;
37.247169;-2.437839;1606;0;-2;3539;1052;141.1;25.29;;;
37.246990;-2.437831;1605;0;-2;3539;1052;141.12;25.27;;;
37.246630;-2.437830;1605;0;-2;3539;1052;141.16;25.23;;;
37.246450;-2.437830;1604;0;-2;3539;1052;141.18;25.21;;;
37.246112;-2.437692;1604;0;-3;3539;1052;141.22;25.17;;;
37.245998;-2.437520;1603;0;-3;3539;1052;141.24;25.15;;;
37.245896;-2.437334;1602;0;-3;3539;1052;141.26;25.13;;;
37.245794;-2.437148;1601;0;-3;3539;1052;141.28;25.11;;;
37.245589;-2.436776;1600;0;-2;3539;1052;141.32;25.07;;;
37.245487;-2.436590;1600;0;-2;3539;1052;141.34;25.05;;;
37.245246;-2.436265;1599;0;-4;3539;1052;141.38;25.01;;;
37.245075;-2.436210;1599;0;-5;3539;1052;141.4;24.99;;;
37.244966;-2.436551;1595;0;-6;3539;1052;141.44;24.95;;;
37.245070;-2.436735;1594;0;-6;3539;1052;141.46;24.93;;;
37.245281;-2.437101;1591;0;-7;3539;1052;141.5;24.89;;;
37.245491;-2.437468;1589;0;-5;3539;1052;141.54;24.85;;;
37.245596;-2.437651;1588;0;-4;3539;1052;141.56;24.83;;;
37.245814;-2.438010;1587;0;-4;3539;1052;141.6;24.79;;;
37.245951;-2.438154;1586;0;-3;3539;1052;141.62;24.77;;;
37.246242;-2.438321;1585;0;-3;3539;1052;141.66;24.73;;;
37.246416;-2.438348;1584;0;-4;3539;1052;141.68;24.71;;;
37.246774;-2.438393;1583;0;-5;3539;1052;141.72;24.67;;;
37.246953;-2.438413;1582;0;-5;3539;1052;141.74;24.65;;;
37.247132;-2.438433;1581;0;-5;3539;1052;141.76;24.63;;;
37.247310;-2.438467;1580;0;-5;3539;1052;141.78;24.61;;;
37.247654;-2.438591;1577;0;-6;3539;1052;141.82;24.57;;;
37.247820;-2.438678;1577;0;-6;3539;1052;141.84;24.55;;;
37.248143;-2.438877;1574;0;-6;3539;1052;141.88;24.51;;;
37.248303;-2.438980;1573;0;-7;3539;1052;141.9;24.49;;;
37.248627;-2.439175;1570;0;-9;3539;1052;141.94;24.45;;;
37.248796;-2.439252;1568;0;-9;3539;1052;141.96;24.43;;;
37.249134;-2.439408;1564;0;-9;3539;1052;142;24.39;;;
37.249461;-2.439595;1560;0;-8;3539;1052;142.04;24.35;;;
37.249625;-2.439689;1558;0;-7;3539;1052;142.06;24.33;;;
37.249953;-2.439873;1557;0;-6;3539;1052;142.1;24.29;;;
37.250129;-2.439921;1555;0;-6;3539;1052;142.12;24.27;;;
37.250481;-2.440008;1553;0;-5;3539;1052;142.16;24.23;;;
37.250658;-2.440051;1552;0;-5;3539;1052;142.18;24.21;;;
37.251011;-2.440048;1550;0;-5;3539;1052;142.22;24.17;;;
37.251169;-2.439945;1549;0;-5;3539;1052;142.24;24.15;;;
37.251301;-2.439793;1548;0;-5;3539;1052;142.26;24.13;;;
37.251434;-2.439640;1547;0;-5;3539;1052;142.28;24.11;;;
37.251746;-2.439435;1544;0;-8;3539;1052;142.32;24.07;;;
37.251920;-2.439377;1544;0;-8;3539;1052;142.34;24.05;;;
37.252255;-2.439216;1537;0;-6;3539;1052;142.38;24.01;;;
37.252413;-2.439110;1536;0;-6;3539;1052;142.4;23.99;;;
37.252729;-2.438893;1536;0;-3;3539;1052;142.44;23.95;;;
37.252883;-2.438775;1535;0;-1;3539;1052;142.46;23.93;;;
37.253185;-2.438530;1535;0;0;3539;1052;142.5;23.89;;;
37.253483;-2.438277;1535;0;0;3539;1052;142.54;23.85;;;
37.253632;-2.438151;1535;0;0;3539;1052;142.56;23.83;;;
37.253930;-2.437898;1535;0;-3;3539;1052;142.6;23.79;;;
37.254079;-2.437771;1535;0;-5;3539;1052;142.62;23.77;;;
37.254382;-2.437527;1532;0;-8;3539;1052;142.66;23.73;;;
37.254535;-2.437408;1530;0;-8;3539;1052;142.68;23.71;;;
37.254843;-2.437177;1525;0;-8;3539;1052;142.72;23.67;;;
37.255004;-2.437076;1524;0;-7;3539;1052;142.74;23.65;;;
37.255161;-2.436966;1523;0;-6;3539;1052;142.76;23.63;;;
37.255303;-2.436829;1522;0;-5;3539;1052;142.78;23.61;;;
37.255559;-2.436511;1521;0;-4;3539;1052;142.82;23.57;;;
37.255667;-2.436331;1520;0;-5;3539;1052;142.84;23.55;;;
37.255811;-2.435923;1517;0;-5;3539;1052;142.88;23.51;;;
37.255803;-2.435700;1516;0;-5;3539;1052;142.9;23.49;;;
37.255761;-2.435251;1515;0;-5;3539;1052;142.94;23.45;;;
37.255740;-2.435026;1514;0;-5;3539;1052;142.96;23.43;;;
37.255716;-2.434576;1512;0;-5;3539;1052;143;23.39;;;
37.255680;-2.434130;1510;0;-6;3539;1052;143.04;23.35;;;
37.255585;-2.433947;1509;0;-6;3539;1052;143.06;23.33;;;
37.255291;-2.433699;1506;0;-6;3539;1052;143.1;23.29;;;
37.255136;-2.433593;1504;0;-6;3539;1052;143.12;23.27;;;
37.254860;-2.433304;1502;0;-5;3539;1052;143.16;23.23;;;
37.254728;-2.433150;1501;0;-3;3539;1052;143.18;23.21;;;
37.254855;-2.432875;1501;0;-2;3539;1052;143.22;23.17;;;
37.255034;-2.432849;1501;0;-3;3539;1052;143.24;23.15;;;
37.255213;-2.432823;1501;0;-4;3539;1052;143.26;23.13;;;
37.255365;-2.432707;1500;0;-4;3539;1052;143.28;23.11;;;
37.255618;-2.432392;1497;0;-7;3539;1052;143.32;23.07;;;
37.255731;-2.432216;1495;0;-8;3539;1052;143.34;23.05;;;
37.256047;-2.432074;1492;0;-9;3539;1052;143.38;23.01;;;
37.256194;-2.432185;1490;0;-8;3539;1052;143.4;22.99;;;
37.256370;-2.432576;1486;0;-7;3539;1052;143.44;22.95;;;
37.256487;-2.432747;1485;0;-5;3539;1052;143.46;22.93;;;
37.256762;-2.433038;1485;0;-2;3539;1052;143.5;22.89;;;
37.257038;-2.433328;1484;0;0;3539;1052;143.54;22.85;;;
37.257176;-2.433473;1484;0;0;3539;1052;143.56;22.83;;;
37.257452;-2.433763;1484;0;1;3539;1052;143.6;22.79;;;
37.257590;-2.433908;1485;0;1;3539;1052;143.62;22.77;;;
37.257865;-2.434199;1485;0;1;3540;1051;143.66;22.73;;;
37.258003;-2.434344;1485;0;0;3540;1051;143.68;22.71;;;
37.258262;-2.434655;1486;0;-3;3541;1050;143.72;22.67;;;
37.258366;-2.434839;1486;0;-4;3541;1050;143.74;22.65;;;
37.258454;-2.435035;1484;0;-6;3541;1050;143.76;22.63;;;
37.258516;-2.435247;1482;0;-7;3541;1050;143.78;22.61;;;
37.258638;-2.435671;1478;0;-10;3541;1050;143.82;22.57;;;
37.258740;-2.435857;1476;0;-10;3541;1050;143.84;22.55;;;
37.259023;-2.436128;1471;0;-10;3541;1050;143.88;22.51;;;
37.259144;-2.436289;1470;0;-10;3541;1050;143.9;22.49;;;
37.259200;-2.436727;1465;0;-8;3541;1050;143.94;22.45;;;
37.259216;-2.436950;1464;0;-8;3541;1050;143.96;22.43;;;
37.259329;-2.437379;1462;0;-7;3541;1050;144;22.39;;;
37.259509;-2.437770;1458;0;-4;3541;1050;144.04;22.35;;;
37.259602;-2.437963;1456;0;-3;3541;1050;144.06;22.33;;;
37.259853;-2.438286;1457;0;-2;3542;1049;144.1;22.29;;;
37.259931;-2.438484;1458;0;-3;3543;1048;144.12;22.27;;;
37.259940;-2.438936;1460;0;-6;3545;1046;144.16;22.23;;;
37.259977;-2.439157;1456;0;-9;3545;1046;144.18;22.21;;;
37.260068;-2.439594;1451;0;-10;3545;1046;144.22;22.17;;;
37.260185;-2.439765;1446;0;-10;3545;1046;144.24;22.15;;;
37.260292;-2.439946;1444;0;-10;3545;1046;144.26;22.13;;;
37.260341;-2.440163;1442;0;-9;3545;1046;144.28;22.11;;;
37.260497;-2.440555;1440;0;-7;3545;1046;144.32;22.07;;;
37.260619;-2.440721;1439;0;-6;3545;1046;144.34;22.05;;;
37.260827;-2.441081;1436;0;-7;3545;1046;144.38;22.01;;;
37.260849;-2.441305;1435;0;-7;3545;1046;144.4;21.99;;;
37.260888;-2.441755;1432;0;-8;3545;1046;144.44;21.95;;;
37.260898;-2.441980;1430;0;-7;3545;1046;144.46;21.93;;;
37.260898;-2.442431;1428;0;-7;3545;1046;144.5;21.89;;;
37.261073;-2.442815;1425;0;-7;3545;1046;144.54;21.85;;;
37.261190;-2.442987;1423;0;-7;3545;1046;144.56;21.83;;;
37.261394;-2.443359;1421;0;-6;3545;1046;144.6;21.79;;;
37.261491;-2.443548;1420;0;-7;3545;1046;144.62;21.77;;;
37.261749;-2.443839;1418;0;-7;3545;1046;144.66;21.73;;;
37.261925;-2.443839;1416;0;-8;3545;1046;144.68;21.71;;;
37.262278;-2.443753;1412;0;-8;3545;1046;144.72;21.67;;;
37.262453;-2.443703;1410;0;-9;3545;1046;144.74;21.65;;;
37.262627;-2.443648;1409;0;-8;3545;1046;144.76;21.63;;;
37.262799;-2.443582;1407;0;-7;3545;1046;144.78;21.61;;;
37.263142;-2.443447;1404;0;-7;3545;1046;144.82;21.57;;;
37.263312;-2.443371;1403;0;-6;3545;1046;144.84;21.55;;;
37.263651;-2.443219;1401;0;-5;3545;1046;144.88;21.51;;;
37.263820;-2.443144;1400;0;-5;3545;1046;144.9;21.49;;;
37.264165;-2.443018;1398;0;-6;3545;1046;144.94;21.45;;;
37.264326;-2.443081;1398;0;-6;3545;1046;144.96;21.43;;;
37.264141;-2.443327;1394;0;-7;3545;1046;145;21.39;;;
37.263810;-2.443470;1391;0;-8;3545;1046;145.04;21.35;;;
37.263696;-2.443644;1389;0;-8;3545;1046;145.06;21.33;;;
37.263464;-2.443989;1386;0;-7;3545;1046;145.1;21.29;;;
37.263343;-2.444156;1384;0;-7;3545;1046;145.12;21.27;;;
37.263100;-2.444489;1382;0;-6;3545;1046;145.16;21.23;;;
37.262978;-2.444656;1381;0;-6;3545;1046;145.18;21.21;;;
37.262679;-2.444893;1379;0;-5;3545;1046;145.22;21.17;;;
37.262501;-2.444920;1378;0;-4;3545;1046;145.24;21.15;;;
37.262322;-2.444947;1377;0;-3;3545;1046;145.26;21.13;;;
37.262154;-2.445021;1376;0;-3;3545;1046;145.28;21.11;;;
37.261847;-2.445255;1375;0;-3;3545;1046;145.32;21.07;;;
37.261676;-2.445321;1375;0;-4;3545;1046;145.34;21.05;;;
37.261380;-2.445487;1374;0;-5;3545;1046;145.38;21.01;;;
37.261508;-2.445620;1372;0;-6;3545;1046;145.4;20.99;;;
37.261852;-2.445510;1369;0;-7;3545;1046;145.44;20.95;;;
37.262021;-2.445434;1367;0;-7;3545;1046;145.46;20.93;;;
37.262362;-2.445297;1365;0;-5;3545;1046;145.5;20.89;;;
37.262716;-2.445355;1363;0;-5;3545;1046;145.54;20.85;;;
37.262890;-2.445413;1362;0;-4;3545;1046;145.56;20.83;;;
37.263242;-2.445501;1361;0;-5;3545;1046;145.6;20.79;;;
37.263421;-2.445516;1360;0;-5;3545;1046;145.62;20.77;;;
37.263774;-2.445445;1358;0;-6;3545;1046;145.66;20.73;;;
37.263947;-2.445382;1356;0;-6;3545;1046;145.68;20.71;;;
37.264292;-2.445258;1353;0;-5;3545;1046;145.72;20.67;;;
37.264463;-2.445187;1352;0;-5;3545;1046;145.74;20.65;;;
37.264632;-2.445108;1351;0;-4;3545;1046;145.76;20.63;;;
37.264790;-2.445002;1351;0;-4;3545;1046;145.78;20.61;;;
37.265109;-2.444858;1350;0;-5;3545;1046;145.82;20.57;;;
37.265233;-2.445013;1349;0;-5;3545;1046;145.84;20.55;;;
37.265122;-2.445399;1346;0;-7;3545;1046;145.88;20.51;;;
37.264983;-2.445543;1345;0;-7;3545;1046;145.9;20.49;;;
37.264706;-2.445831;1342;0;-6;3545;1046;145.94;20.45;;;
37.264565;-2.445972;1340;0;-5;3545;1046;145.96;20.43;;;
37.264251;-2.446179;1339;0;-3;3545;1046;146;20.39;;;
37.263898;-2.446259;1338;0;-1;3545;1046;146.04;20.35;;;
37.263718;-2.446276;1338;0;-3;3546;1045;146.06;20.33;;;
37.263390;-2.446382;1339;0;-5;3546;1045;146.1;20.29;;;
37.263488;-2.446539;1337;0;-7;3546;1045;146.12;20.27;;;
37.263842;-2.446539;1331;0;-9;3546;1045;146.16;20.23;;;
37.264020;-2.446510;1329;0;-10;3546;1045;146.18;20.21;;;
37.264333;-2.446691;1326;0;-7;3546;1045;146.22;20.17;;;
37.264465;-2.446845;1325;0;-6;3546;1045;146.24;20.15;;;
37.264596;-2.447000;1324;0;-5;3546;1045;146.26;20.13;;;
37.264741;-2.447118;1323;0;-5;3546;1045;146.28;20.11;;;
37.265080;-2.447020;1321;0;-4;3546;1045;146.32;20.07;;;
37.265222;-2.446883;1320;0;-4;3546;1045;146.34;20.05;;;
37.265425;-2.446511;1319;0;-5;3546;1045;146.38;20.01;;;
37.265523;-2.446322;1319;0;-6;3546;1045;146.4;19.99;;;
37.265798;-2.446277;1317;0;-7;3546;1045;146.44;19.95;;;
37.265757;-2.446494;1314;0;-8;3546;1045;146.46;19.93;;;
37.265552;-2.446865;1310;0;-9;3546;1045;146.5;19.89;;;
37.265307;-2.447194;1306;0;-8;3546;1045;146.54;19.85;;;
37.265172;-2.447343;1305;0;-8;3546;1045;146.56;19.83;;;
37.264863;-2.447574;1302;0;-8;3546;1045;146.6;19.79;;;
37.264700;-2.447664;1301;0;-7;3546;1045;146.62;19.77;;;
37.264360;-2.447598;1297;0;-7;3546;1045;146.66;19.73;;;
37.264255;-2.447416;1296;0;-7;3546;1045;146.68;19.71;;;
37.263976;-2.447180;1294;0;-6;3546;1045;146.72;19.67;;;
37.263798;-2.447206;1292;0;-6;3546;1045;146.74;19.65;;;
37.263619;-2.447234;1291;0;-6;3546;1045;146.76;19.63;;;
37.263440;-2.447261;1290;0;-7;3546;1045;146.78;19.61;;;
37.263385;-2.447557;1288;0;-7;3546;1045;146.82;19.57;;;
37.263558;-2.447567;1285;0;-8;3546;1045;146.84;19.55;;;
37.263905;-2.447450;1283;0;-8;3546;1045;146.88;19.51;;;
37.264063;-2.447527;1281;0;-8;3546;1045;146.9;19.49;;;
37.264252;-2.447908;1278;0;-7;3546;1045;146.94;19.45;;;
37.264365;-2.448084;1277;0;-8;3546;1045;146.96;19.43;;;
37.264658;-2.448240;1274;0;-7;3546;1045;147;19.39;;;
37.265008;-2.448146;1271;0;-7;3546;1045;147.04;19.35;;;
37.265188;-2.448138;1269;0;-7;3546;1045;147.06;19.33;;;
37.265545;-2.448090;1267;0;-6;3546;1045;147.1;19.29;;;
37.265706;-2.447995;1267;0;-5;3546;1045;147.12;19.27;;;
37.265994;-2.447726;1264;0;-4;3546;1045;147.16;19.23;;;
37.266138;-2.447591;1263;0;-4;3546;1045;147.18;19.21;;;
37.266453;-2.447400;1262;0;-4;3546;1045;147.22;19.17;;;
37.266589;-2.447493;1261;0;-4;3546;1045;147.24;19.15;;;
37.266622;-2.447708;1261;0;-5;3546;1045;147.26;19.13;;;
37.266580;-2.447927;1260;0;-5;3546;1045;147.28;19.11;;;
37.266490;-2.448364;1257;0;-7;3546;1045;147.32;19.07;;;
37.266490;-2.448590;1256;0;-7;3546;1045;147.34;19.05;;;
37.266540;-2.449037;1253;0;-8;3546;1045;147.38;19.01;;;
37.266520;-2.449261;1251;0;-9;3546;1045;147.4;18.99;;;
37.266297;-2.449603;1247;0;-9;3546;1045;147.44;18.95;;;
37.266162;-2.449754;1245;0;-9;3546;1045;147.46;18.93;;;
37.265910;-2.450073;1241;0;-9;3546;1045;147.5;18.89;;;
37.265696;-2.450436;1238;0;-8;3546;1045;147.54;18.85;;;
37.265589;-2.450618;1237;0;-7;3546;1045;147.56;18.83;;;
37.265456;-2.451035;1234;0;-8;3546;1045;147.6;18.79;;;
37.265422;-2.451257;1233;0;-9;3546;1045;147.62;18.77;;;
37.265255;-2.451639;1229;0;-10;3546;1045;147.66;18.73;;;
37.265108;-2.451768;1227;0;-10;3546;1045;147.68;18.71;;;
37.264760;-2.451870;1220;0;-9;3546;1045;147.72;18.67;;;
37.264580;-2.451862;1218;0;-8;3546;1045;147.74;18.65;;;
37.264402;-2.451832;1217;0;-6;3546;1045;147.76;18.63;;;
37.264237;-2.451754;1216;0;-4;3546;1045;147.78;18.61;;;
37.263976;-2.451446;1216;0;-1;3546;1045;147.82;18.57;;;
37.263876;-2.451261;1217;0;0;3547;1044;147.84;18.55;;;
37.263903;-2.450827;1217;0;1;3547;1044;147.88;18.51;;;
37.263955;-2.450611;1217;0;1;3547;1044;147.9;18.49;;;
37.264134;-2.450222;1217;0;1;3547;1044;147.94;18.45;;;
37.264265;-2.450069;1217;0;1;3547;1044;147.96;18.43;;;
37.264541;-2.449778;1218;0;0;3548;1043;148;18.39;;;
37.264703;-2.449424;1219;0;-5;3549;1042;148.04;18.35;;;
37.264539;-2.449360;1218;0;-8;3549;1042;148.06;18.33;;;
37.264185;-2.449435;1215;0;-10;3549;1042;148.1;18.29;;;
37.264013;-2.449498;1207;0;-10;3549;1042;148.12;18.27;;;
37.263693;-2.449702;1199;0;-10;3549;1042;148.16;18.23;;;
37.263542;-2.449824;1196;0;-10;3549;1042;148.18;18.21;;;
37.263275;-2.450127;1193;0;-9;3549;1042;148.22;18.17;;;
37.263152;-2.450291;1191;0;-6;3549;1042;148.24;18.15;;;
37.263062;-2.450486;1191;0;-5;3549;1042;148.26;18.13;;;
37.262970;-2.450679;1190;0;-4;3549;1042;148.28;18.11;;;
37.262722;-2.451005;1189;0;-3;3549;1042;148.32;18.07;;;
37.262567;-2.451116;1188;0;-3;3549;1042;148.34;18.05;;;
37.262215;-2.451204;1187;0;-3;3549;1042;148.38;18.01;;;
37.262039;-2.451250;1187;0;-2;3549;1042;148.4;17.99;;;
37.261793;-2.451529;1185;0;-1;3549;1042;148.44;17.95;;;
37.261827;-2.451747;1185;0;0;3549;1042;148.46;17.93;;;
37.261974;-2.452160;1186;0;3;3550;1041;148.5;17.89;;;
37.262118;-2.452574;1187;0;6;3552;1039;148.54;17.85;;;
37.262188;-2.452782;1189;0;7;3553;1038;148.56;17.83;;;
37.262329;-2.453198;1193;0;8;3557;1034;148.6;17.79;;;
37.262399;-2.453407;1195;0;7;3559;1032;148.62;17.77;;;
37.262320;-2.453796;1197;0;6;3562;1029;148.66;17.73;;;
37.262152;-2.453857;1198;0;5;3562;1029;148.68;17.71;;;
37.261794;-2.453907;1199;0;5;3563;1028;148.72;17.67;;;
37.261620;-2.453960;1200;0;5;3564;1027;148.74;17.65;;;
37.261453;-2.454043;1202;0;5;3566;1025;148.76;17.63;;;
37.261310;-2.454180;1203;0;5;3567;1024;148.78;17.61;;;
37.261029;-2.454461;1205;0;1;3569;1022;148.82;17.57;31;;
37.260888;-2.454602;1205;0;-2;3570;1021;148.84;17.55;;;
37.260675;-2.454943;1204;0;-6;3570;1021;148.88;17.51;;;
37.260620;-2.455158;1201;0;-7;3570;1021;148.9;17.49;;;
37.260486;-2.455574;1197;0;-8;3570;1021;148.94;17.45;;;
37.260360;-2.455733;1195;0;-7;3570;1021;148.96;17.43;;;
37.260052;-2.455966;1194;0;-5;3570;1021;149;17.39;;;
37.259744;-2.456199;1193;0;-4;3570;1021;149.04;17.35;;;
37.259615;-2.456347;1192;0;-4;3570;1021;149.06;17.33;;;
37.259437;-2.456739;1190;0;-4;3570;1021;149.1;17.29;;;
37.259348;-2.456936;1189;0;-4;3570;1021;149.12;17.27;;;
37.259158;-2.457319;1188;0;-3;3570;1021;149.16;17.23;;;
37.259061;-2.457509;1187;0;-2;3570;1021;149.18;17.21;;;
37.259034;-2.457945;1186;0;-1;3570;1021;149.22;17.17;;;
37.259131;-2.458133;1186;0;0;3570;1021;149.24;17.15;;;
37.259267;-2.458270;1187;0;1;3571;1020;149.26;17.13;;;
37.259436;-2.458346;1187;0;3;3571;1020;149.28;17.11;;;
37.259783;-2.458349;1188;0;5;3571;1020;149.32;17.07;;;
37.259920;-2.458210;1189;0;6;3573;1018;149.34;17.05;;;
37.260155;-2.457869;1193;0;8;3577;1014;149.38;17.01;;;
37.260310;-2.457756;1194;0;8;3578;1013;149.4;16.99;;;
37.260653;-2.457629;1199;0;8;3583;1008;149.44;16.95;;;
37.260822;-2.457550;1200;0;7;3583;1008;149.46;16.93;;;
37.261119;-2.457305;1202;0;7;3586;1005;149.5;16.89;;;
37.261409;-2.457039;1205;0;7;3588;1003;149.54;16.85;;;
37.261564;-2.456927;1206;0;8;3590;1001;149.56;16.83;;;
37.261908;-2.456795;1210;0;8;3593;998;149.6;16.79;;;
37.262061;-2.456678;1211;0;8;3595;996;149.62;16.77;;;
37.262312;-2.456355;1214;0;7;3598;993;149.66;16.73;;;
37.262456;-2.456228;1216;0;7;3599;992;149.68;16.71;;;
37.262813;-2.456266;1219;0;7;3602;989;149.72;16.67;32;;
37.262991;-2.456300;1220;0;7;3604;987;149.74;16.65;;;
37.263169;-2.456333;1221;0;8;3605;986;149.76;16.63;;;
37.263347;-2.456367;1222;0;7;3606;985;149.78;16.61;;;
37.263703;-2.456425;1226;0;8;3610;981;149.82;16.57;;;
37.263882;-2.456413;1228;0;8;3612;979;149.84;16.55;;;
37.264171;-2.456153;1230;0;9;3614;977;149.88;16.51;;;
37.264325;-2.456050;1233;0;7;3616;975;149.9;16.49;;;
37.264680;-2.456009;1235;0;9;3619;972;149.94;16.45;;;
37.264840;-2.456109;1237;0;9;3621;970;149.96;16.43;;;
37.265046;-2.456439;1242;0;9;3626;965;150;16.39;;;
37.264774;-2.456685;1244;0;9;3628;963;150.04;16.35;;;
37.264598;-2.456729;1246;0;9;3630;961;150.06;16.33;;;
37.264252;-2.456847;1250;0;9;3634;957;150.1;16.29;;;
37.264084;-2.456929;1252;0;9;3636;955;150.12;16.27;;;
37.263803;-2.457203;1256;0;9;3640;951;150.16;16.23;;;
37.263666;-2.457349;1258;0;9;3642;949;150.18;16.21;;;
37.263356;-2.457576;1262;0;9;3646;945;150.22;16.17;;;
37.263217;-2.457720;1264;0;9;3648;943;150.24;16.15;;;
37.263115;-2.457900;1266;0;9;3650;941;150.26;16.13;;;
37.263038;-2.458104;1268;0;9;3651;940;150.28;16.11;;;
37.262849;-2.458485;1272;0;9;3655;936;150.32;16.07;;;
37.262691;-2.458589;1273;0;9;3657;934;150.34;16.05;;;
37.262388;-2.458811;1278;0;9;3662;929;150.38;16.01;;;
37.262321;-2.459015;1280;0;8;3664;927;150.4;15.99;;;
37.262279;-2.459463;1283;0;7;3667;924;150.44;15.95;;;
37.262210;-2.459671;1283;0;7;3667;924;150.46;15.93;;;
37.262053;-2.460073;1286;0;7;3670;921;150.5;15.89;33;;
37.261970;-2.460512;1289;0;8;3673;918;150.54;15.85;;;
37.261944;-2.460736;1291;0;8;3675;916;150.56;15.83;;;
37.261932;-2.461186;1295;0;9;3679;912;150.6;15.79;;;
37.261964;-2.461409;1296;0;8;3680;911;150.62;15.77;;;
37.262027;-2.461854;1299;0;7;3683;908;150.66;15.73;;;
37.262046;-2.462077;1301;0;7;3685;906;150.68;15.71;;;
37.262017;-2.462527;1303;0;8;3687;904;150.72;15.67;;;
37.262002;-2.462753;1304;0;8;3688;903;150.74;15.65;;;
37.261917;-2.462948;1307;0;9;3691;900;150.76;15.63;;;
37.261798;-2.463116;1309;0;9;3693;898;150.78;15.61;;;
37.261600;-2.463475;1312;0;9;3696;895;150.82;15.57;;;
37.261648;-2.463691;1315;0;9;3699;892;150.84;15.55;;;
37.261865;-2.464045;1320;0;9;3704;887;150.88;15.51;;;
37.262023;-2.464132;1322;0;9;3706;885;150.9;15.49;;;
37.262381;-2.464182;1326;0;9;3710;881;150.94;15.45;;;
37.262560;-2.464207;1328;0;9;3712;879;150.96;15.43;;;
37.262917;-2.464203;1331;0;9;3715;876;151;15.39;;;
37.263210;-2.463946;1336;0;9;3720;871;151.04;15.35;;;
37.263350;-2.463804;1339;0;9;3723;868;151.06;15.33;;;
37.263662;-2.463605;1343;0;9;3727;864;151.1;15.29;;;
37.263835;-2.463650;1345;0;9;3729;862;151.12;15.27;;;
37.264171;-2.463809;1349;0;9;3733;858;151.16;15.23;;;
37.264342;-2.463874;1351;0;9;3735;856;151.18;15.21;;;
37.264611;-2.463663;1354;0;8;3738;853;151.22;15.17;;;
37.264609;-2.463439;1356;0;7;3740;851;151.24;15.15;;;
37.264580;-2.463216;1358;0;7;3742;849;151.26;15.13;;;
37.264570;-2.462991;1359;0;6;3743;848;151.28;15.11;;;
37.264813;-2.462700;1360;0;7;3744;847;151.32;15.07;;;
37.264991;-2.462722;1361;0;8;3745;846;151.34;15.05;;;
37.265342;-2.462817;1365;0;9;3749;842;151.38;15.01;;;
37.265516;-2.462871;1367;0;9;3751;840;151.4;14.99;;;
37.265708;-2.463211;1373;0;9;3757;834;151.44;14.95;;;
37.265656;-2.463424;1375;0;9;3759;832;151.46;14.93;;;
37.265464;-2.463806;1380;0;9;3764;827;151.5;14.89;;;
37.265337;-2.464214;1383;0;9;3767;824;151.54;14.85;;;
37.265429;-2.464408;1392;0;9;3776;815;151.56;14.83;;;
37.265723;-2.464667;1397;0;9;3781;810;151.6;14.79;;;
37.265849;-2.464827;1399;0;9;3783;808;151.62;14.77;;;
37.266055;-2.465197;1403;0;9;3787;804;151.66;14.73;;;
37.266152;-2.465387;1406;0;9;3790;801;151.68;14.71;;;
37.266327;-2.465782;1413;0;9;3797;794;151.72;14.67;;;
37.266404;-2.465985;1416;0;9;3800;791;151.74;14.65;;;
37.266462;-2.466199;1416;0;9;3800;791;151.76;14.63;;;
37.266471;-2.466422;1418;0;9;3802;789;151.78;14.61;;;
37.266433;-2.466871;1424;0;9;3808;783;151.82;14.57;;;
37.266422;-2.467097;1427;0;9;3811;780;151.84;14.55;;;
37.266321;-2.467530;1429;0;9;3813;778;151.88;14.51;;;
37.266255;-2.467740;1432;0;9;3816;775;151.9;14.49;;;
37.266140;-2.468166;1438;0;9;3822;769;151.94;14.45;;;
37.266118;-2.468390;1439;0;9;3823;768;151.96;14.43;;;
37.265988;-2.468808;1444;0;9;3828;763;152;14.39;;;
37.265906;-2.469244;1450;0;9;3834;757;152.04;14.35;;;
37.265901;-2.469470;1451;0;9;3835;756;152.06;14.33;;;
37.265687;-2.469810;1455;0;9;3839;752;152.1;14.29;;;
37.265552;-2.469959;1457;0;9;3841;750;152.12;14.27;;;
37.265297;-2.470277;1461;0;9;3845;746;152.16;14.23;;;
37.265175;-2.470444;1463;0;9;3847;744;152.18;14.21;;;
37.265029;-2.470845;1468;0;9;3852;739;152.22;14.17;;;
37.265020;-2.471071;1470;0;9;3854;737;152.24;14.15;;;
37.265010;-2.471296;1471;0;9;3855;736;152.26;14.13;;;
37.265000;-2.471522;1473;0;9;3857;734;152.28;14.11;;;
37.265028;-2.471973;1476;0;9;3860;731;152.32;14.07;;;
37.265042;-2.472198;1477;0;9;3861;730;152.34;14.05;;;
37.265058;-2.472649;1482;0;8;3866;725;152.38;14.01;;;
37.265064;-2.472875;1484;0;8;3868;723;152.4;13.99;;;
37.265076;-2.473327;1486;0;8;3870;721;152.44;13.95;;;
37.265087;-2.473552;1487;0;8;3871;720;152.46;13.93;;;
37.265212;-2.473973;1491;0;9;3875;716;152.5;13.89;;;
37.265323;-2.474402;1494;0;9;3878;713;152.54;13.85;;;
37.265312;-2.474625;1497;0;9;3881;710;152.56;13.83;;;
37.265176;-2.475043;1500;0;8;3884;707;152.6;13.79;;;
37.265157;-2.475262;1501;0;8;3885;706;152.62;13.77;;;
37.265329;-2.475647;1505;0;5;3889;702;152.66;13.73;;;
37.265454;-2.475808;1506;0;5;3889;702;152.68;13.71;;;
37.265785;-2.475979;1507;0;3;3891;700;152.72;13.67;;;
37.265955;-2.476054;1507;0;2;3891;700;152.74;13.65;;;
37.266107;-2.476172;1508;0;1;3892;699;152.76;13.63;;;
37.266211;-2.476351;1508;0;1;3892;699;152.78;13.61;;;
37.266235;-2.476802;1508;0;1;3892;699;152.82;13.57;;;
37.266240;-2.477028;1508;0;1;3892;699;152.84;13.55;;;
37.266211;-2.477474;1508;0;2;3892;699;152.88;13.51;;;
37.266135;-2.477677;1509;0;3;3893;698;152.9;13.49;;;
37.265972;-2.478079;1510;0;6;3894;697;152.94;13.45;;;
37.265906;-2.478289;1511;0;7;3895;696;152.96;13.43;;;
37.265818;-2.478727;1515;0;9;3899;692;153;13.39;;;
37.265729;-2.479165;1519;0;9;3903;688;153.04;13.35;;;
37.265700;-2.479387;1521;0;9;3905;686;153.06;13.33;;;
37.265664;-2.479837;1525;0;9;3909;682;153.1;13.29;;;
37.265646;-2.480062;1527;0;9;3911;680;153.12;13.27;;;
37.265576;-2.480504;1534;0;9;3918;673;153.16;13.23;;;
37.265527;-2.480721;1538;0;9;3922;669;153.18;13.21;;;
37.265409;-2.481148;1543;0;9;3927;664;153.22;13.17;;;
37.265349;-2.481361;1546;0;9;3930;661;153.24;13.15;;;
37.265310;-2.481579;1549;0;9;3933;658;153.26;13.13;;;
37.265354;-2.481789;1551;0;9;3935;656;153.28;13.11;;;
37.265671;-2.481979;1555;0;9;3939;652;153.32;13.07;;;
37.265842;-2.482049;1557;0;9;3941;650;153.34;13.05;;;
37.266124;-2.482321;1560;0;9;3944;647;153.38;13.01;;;
37.266240;-2.482494;1563;0;9;3946;645;153.4;12.99;;;
37.266472;-2.482840;1567;0;9;3951;640;153.44;12.95;;;
37.266588;-2.483012;1569;0;9;3953;638;153.46;12.93;;;
37.266636;-2.483431;1573;0;9;3957;634;153.5;12.89;;;
37.266398;-2.483753;1576;0;8;3960;631;153.54;12.85;;;
37.266243;-2.483868;1579;0;8;3962;629;153.56;12.83;;;
37.266050;-2.484228;1581;0;7;3965;626;153.6;12.79;;;
37.266047;-2.484451;1583;0;7;3967;624;153.62;12.77;;;
37.266115;-2.484895;1585;0;7;3969;622;153.66;12.73;;;
37.266159;-2.485114;1586;0;7;3970;621;153.68;12.71;;;
37.266247;-2.485553;1589;0;8;3973;618;153.72;12.67;;;
37.266290;-2.485772;1591;0;9;3975;616;153.74;12.65;;;
37.266335;-2.485990;1593;0;9;3977;614;153.76;12.63;;;
37.266393;-2.486205;1595;0;9;3979;612;153.78;12.61;;;
37.266507;-2.486633;1599;0;9;3983;608;153.82;12.57;;;
37.266586;-2.486835;1601;0;9;3985;606;153.84;12.55;;;
37.266773;-2.487221;1605;0;9;3989;602;153.88;12.51;;;
37.266865;-2.487415;1607;0;9;3991;600;153.9;12.49;;;
37.267030;-2.487817;1611;0;9;3995;596;153.94;12.45;;;
37.267112;-2.488018;1613;0;9;3997;594;153.96;12.43;;;
37.267200;-2.488455;1615;0;9;3999;592;154;12.39;;;
37.267270;-2.488899;1620;0;9;4004;587;154.04;12.35;;;
37.267305;-2.489121;1622;0;9;4006;585;154.06;12.33;;;
37.267374;-2.489564;1625;0;9;4009;582;154.1;12.29;;;
37.267409;-2.489786;1627;0;8;4011;580;154.12;12.27;;;
37.267479;-2.490229;1630;0;8;4014;577;154.16;12.23;;;
37.267514;-2.490451;1631;0;8;4015;576;154.18;12.21;;;
37.267594;-2.490891;1635;0;9;4019;572;154.22;12.17;;;
37.267635;-2.491112;1636;0;9;4020;571;154.24;12.15;;;
37.267676;-2.491332;1638;0;9;4022;569;154.26;12.13;;;
37.267736;-2.491543;1640;0;9;4024;567;154.28;12.11;;;
37.267937;-2.491916;1645;0;9;4029;562;154.32;12.07;;;
37.268056;-2.492084;1647;0;9;4031;560;154.34;12.05;;;
37.268323;-2.492387;1652;0;9;4036;555;154.38;12.01;;;
37.268456;-2.492539;1654;0;9;4038;553;154.4;11.99;;;
37.268665;-2.492901;1661;0;9;4045;546;154.44;11.95;;;
37.268736;-2.493108;1663;0;9;4047;544;154.46;11.93;;;
37.268831;-2.493544;1667;0;9;4051;540;154.5;11.89;;;
37.268913;-2.493984;1670;0;9;4054;537;154.54;11.85;;;
37.268954;-2.494204;1672;0;9;4056;535;154.56;11.83;;;
37.269036;-2.494644;1676;0;9;4060;531;154.6;11.79;;;
37.269077;-2.494865;1679;0;9;4063;528;154.62;11.77;;;
37.269153;-2.495306;1684;0;9;4068;523;154.66;11.73;;;
37.269147;-2.495530;1686;0;9;4069;522;154.68;11.71;;;
37.269103;-2.495979;1690;0;8;4074;517;154.72;11.67;;;
37.269081;-2.496203;1692;0;9;4076;515;154.74;11.65;;;
37.269038;-2.496421;1694;0;9;4077;514;154.76;11.63;;;
37.268965;-2.496626;1695;0;8;4079;512;154.78;11.61;;;
37.268632;-2.496632;1698;0;7;4082;509;154.82;11.57;;;
37.268478;-2.496523;1700;0;8;4084;507;154.84;11.55;;;
37.268259;-2.496170;1702;0;8;4086;505;154.88;11.51;;;
37.268171;-2.495972;1703;0;9;4087;504;154.9;11.49;34;;
37.267908;-2.495690;1707;0;9;4091;500;154.94;11.45;;;
37.267749;-2.495747;1710;0;9;4093;498;154.96;11.43;;;
37.267601;-2.496144;1714;0;9;4098;493;155;11.39;;;
37.267516;-2.496584;1717;0;8;4101;490;155.04;11.35;;;
37.267473;-2.496803;1718;0;7;4102;489;155.06;11.33;;;
37.267532;-2.497236;1721;0;7;4104;487;155.1;11.29;;;
37.267612;-2.497439;1722;0;7;4106;485;155.12;11.27;;;
37.267770;-2.497845;1725;0;6;4109;482;155.16;11.23;;;
37.267850;-2.498048;1727;0;7;4110;481;155.18;11.21;;;
37.268008;-2.498453;1729;0;6;4113;478;155.22;11.17;;;
37.268087;-2.498656;1730;0;6;4114;477;155.24;11.15;;;
37.268167;-2.498859;1732;0;6;4116;475;155.26;11.13;;;
37.268241;-2.499064;1733;0;6;4117;474;155.28;11.11;;;
37.268227;-2.499501;1735;0;6;4119;472;155.32;11.07;;;
37.268159;-2.499710;1737;0;6;4121;470;155.34;11.05;;;
37.268061;-2.500142;1739;0;6;4123;468;155.38;11.01;;;
37.268032;-2.500365;1740;0;6;4124;467;155.4;10.99;;;
37.268010;-2.500813;1742;0;6;4126;465;155.44;10.95;;;
37.268046;-2.501034;1743;0;6;4127;464;155.46;10.93;;;
37.268110;-2.501478;1746;0;6;4130;461;155.5;10.89;;;
37.268028;-2.501912;1748;0;6;4132;459;155.54;10.85;;;
37.267966;-2.502124;1749;0;5;4133;458;155.56;10.83;;;
37.267891;-2.502564;1751;0;5;4135;456;155.6;10.79;;;
37.267864;-2.502788;1752;0;5;4136;455;155.62;10.77;;;
37.267809;-2.503234;1754;0;6;4138;453;155.66;10.73;;;
37.267739;-2.503443;1755;0;6;4139;452;155.68;10.71;;;
37.267567;-2.503839;1758;0;7;4142;449;155.72;10.67;;;
37.267478;-2.504036;1759;0;7;4143;448;155.74;10.65;;;
37.267394;-2.504235;1761;0;8;4145;446;155.76;10.63;;;
37.267312;-2.504436;1762;0;8;4146;445;155.78;10.61;;;
37.267094;-2.504785;1766;0;9;4149;442;155.82;10.57;;;
37.266944;-2.504910;1768;0;9;4152;439;155.84;10.55;;;
37.266620;-2.505106;1771;0;9;4155;436;155.88;10.51;;;
37.266457;-2.505202;1773;0;9;4157;434;155.9;10.49;;;
37.266135;-2.505401;1777;0;9;4161;430;155.94;10.45;;;
37.265986;-2.505529;1777;0;9;4161;430;155.96;10.43;;;
37.265732;-2.505843;1782;0;9;4166;425;156;10.39;;;
37.265520;-2.506208;1785;0;9;4169;422;156.04;10.35;;;
37.265405;-2.506381;1787;0;8;4171;420;156.06;10.33;;;
37.265097;-2.506602;1790;0;8;4174;417;156.1;10.29;;;
37.264923;-2.506657;1791;0;7;4175;416;156.12;10.27;;;
37.264574;-2.506765;1794;0;7;4178;413;156.16;10.23;;;
37.264399;-2.506819;1796;0;8;4179;412;156.18;10.21;;;
37.264050;-2.506927;1799;0;7;4183;408;156.22;10.17;;;
37.263874;-2.506973;1800;0;7;4184;407;156.24;10.15;;;
37.263694;-2.506977;1802;0;7;4186;405;156.26;10.13;;;
37.263515;-2.506971;1804;0;7;4188;403;156.28;10.11;;;
37.263172;-2.507071;1806;0;6;4190;401;156.32;10.07;;;
37.263022;-2.507193;1806;0;6;4190;401;156.34;10.05;;;
37.262748;-2.507486;1809;0;6;4193;398;156.38;10.01;;;
37.262611;-2.507633;1811;0;5;4195;396;156.4;9.99;;;
37.262338;-2.507926;1813;0;4;4197;394;156.44;9.95;;;
37.262201;-2.508073;1813;0;3;4197;394;156.46;9.93;;;
37.261928;-2.508367;1814;0;1;4198;393;156.5;9.89;;;
37.261654;-2.508661;1814;0;0;4199;392;156.54;9.85;;;
37.261517;-2.508808;1814;0;-1;4199;392;156.56;9.83;;;
37.261244;-2.509101;1813;0;-1;4199;392;156.6;9.79;;;
37.261124;-2.509268;1813;0;-1;4199;392;156.62;9.77;;;
37.260915;-2.509635;1813;0;1;4199;392;156.66;9.73;;;
37.260810;-2.509819;1813;0;2;4199;392;156.68;9.71;;;
37.260600;-2.510186;1814;0;4;4200;391;156.72;9.67;;;
37.260490;-2.510365;1815;0;5;4201;390;156.74;9.65;;;
37.260380;-2.510544;1816;0;6;4202;389;156.76;9.63;;;
37.260246;-2.510693;1817;0;8;4203;388;156.78;9.61;;;
37.259914;-2.510864;1821;0;9;4207;384;156.82;9.57;;;
37.259739;-2.510907;1823;0;9;4209;382;156.84;9.55;;;
37.259381;-2.510958;1827;0;9;4213;378;156.88;9.51;;;
37.259219;-2.510865;1828;0;8;4214;377;156.9;9.49;;;
37.258955;-2.510562;1831;0;6;4217;374;156.94;9.45;;;
37.258826;-2.510404;1833;0;6;4219;372;156.96;9.43;;;
37.258518;-2.510190;1835;0;5;4221;370;157;9.39;;;
37.258185;-2.510314;1837;0;4;4222;369;157.04;9.35;;;
37.258025;-2.510418;1837;0;3;4223;368;157.06;9.33;;;
37.257683;-2.510503;1838;0;4;4224;367;157.1;9.29;;;
37.257514;-2.510426;1838;0;4;4224;367;157.12;9.27;;;
37.257181;-2.510255;1841;0;4;4227;364;157.16;9.23;;;
37.257014;-2.510169;1842;0;5;4228;363;157.18;9.21;;;
37.256681;-2.509997;1844;0;5;4230;361;157.22;9.17;;;
37.256515;-2.509912;1845;0;4;4231;360;157.24;9.15;;;
37.256349;-2.509826;1846;0;4;4231;360;157.26;9.13;;;
37.256179;-2.509756;1846;0;4;4232;359;157.28;9.11;;;
37.255822;-2.509694;1848;0;4;4234;357;157.32;9.07;;;
37.255644;-2.509666;1849;0;4;4235;356;157.34;9.05;;;
37.255288;-2.509599;1850;0;5;4236;355;157.38;9.01;;;
37.255111;-2.509557;1851;0;5;4237;354;157.4;8.99;;;
37.254753;-2.509554;1854;0;5;4240;351;157.44;8.95;;;
37.254575;-2.509580;1855;0;5;4241;350;157.46;8.93;;;
37.254231;-2.509708;1856;0;4;4242;349;157.5;8.89;;;
37.253891;-2.509856;1858;0;3;4244;347;157.54;8.85;;;
37.253721;-2.509930;1858;0;4;4244;347;157.56;8.83;;;
37.253381;-2.510078;1860;0;4;4246;345;157.6;8.79;;;
37.253211;-2.510152;1860;0;4;4246;345;157.62;8.77;;;
37.252890;-2.510353;1862;0;4;4248;343;157.66;8.73;;;
37.252737;-2.510472;1863;0;5;4249;342;157.68;8.71;;;
37.252432;-2.510711;1865;0;6;4251;340;157.72;8.67;;;
37.252279;-2.510831;1866;0;6;4252;339;157.74;8.65;;;
37.252127;-2.510950;1867;0;6;4253;338;157.76;8.63;;;
37.251974;-2.511070;1869;0;7;4255;336;157.78;8.61;;;
37.251666;-2.511303;1871;0;7;4257;334;157.82;8.57;;;
37.251511;-2.511419;1873;0;7;4259;332;157.84;8.55;;;
37.251203;-2.511651;1876;0;8;4262;329;157.88;8.51;;;
37.251048;-2.511766;1878;0;8;4264;327;157.9;8.49;;;
37.250742;-2.512005;1881;0;7;4267;324;157.94;8.45;;;
37.250594;-2.512131;1882;0;6;4268;323;157.96;8.43;;;
37.250296;-2.512385;1885;0;4;4271;320;158;8.39;;;
37.249955;-2.512518;1886;0;3;4272;319;158.04;8.35;;;
37.249790;-2.512434;1886;0;2;4272;319;158.06;8.33;;;
37.249636;-2.512034;1886;0;1;4272;319;158.1;8.29;;;
37.249609;-2.511810;1886;0;0;4272;319;158.12;8.27;;;
37.249552;-2.511364;1887;0;0;4273;318;158.16;8.23;;;
37.249476;-2.511162;1887;0;-1;4273;318;158.18;8.21;;;
37.249248;-2.510815;1886;0;-1;4273;318;158.22;8.17;;;
37.249126;-2.510649;1886;0;-1;4273;318;158.24;8.15;;;
37.249004;-2.510482;1885;0;0;4273;318;158.26;8.13;;;
37.248882;-2.510316;1885;0;0;4273;318;158.28;8.11;;;
37.248638;-2.509984;1886;0;1;4273;318;158.32;8.07;;;
37.248516;-2.509818;1886;0;1;4274;317;158.34;8.05;;;
37.248259;-2.509504;1887;0;1;4274;317;158.38;8.01;;;
37.248093;-2.509420;1887;0;0;4275;316;158.4;7.99;;;
37.247733;-2.509436;1887;0;-1;4275;316;158.44;7.95;;;
37.247554;-2.509449;1887;0;-1;4275;316;158.46;7.93;;;
37.247195;-2.509477;1886;0;-2;4275;316;158.5;7.89;;;
37.246898;-2.509688;1885;0;-2;4275;316;158.54;7.85;;;
37.246830;-2.509897;1885;0;-3;4275;316;158.56;7.83;;;
37.246656;-2.510279;1884;0;-3;4275;316;158.6;7.79;;;
37.246513;-2.510414;1883;0;-3;4275;316;158.62;7.77;;;
37.246205;-2.510648;1882;0;-3;4275;316;158.66;7.73;;;
37.246035;-2.510705;1881;0;-4;4275;316;158.68;7.71;;;
37.245676;-2.510703;1880;0;-4;4275;316;158.72;7.67;;;
37.245510;-2.510776;1879;0;-4;4275;316;158.74;7.65;;;
37.245410;-2.510959;1878;0;-4;4275;316;158.76;7.63;;;
37.245351;-2.511172;1877;0;-4;4275;316;158.78;7.61;;;
37.245232;-2.511599;1876;0;-4;4275;316;158.82;7.57;;;
37.245172;-2.511812;1875;0;-4;4275;316;158.84;7.55;;;
37.245053;-2.512238;1872;0;-4;4275;316;158.88;7.51;;;
37.245020;-2.512460;1872;0;-3;4275;316;158.9;7.49;;;
37.244956;-2.512905;1871;0;-2;4275;316;158.94;7.45;;;
37.244924;-2.513127;1871;0;-1;4275;316;158.96;7.43;;;
37.244809;-2.513551;1870;0;-1;4275;316;159;7.39;;;
37.244488;-2.513754;1870;0;-2;4275;316;159.04;7.35;;;
37.244325;-2.513849;1869;0;-2;4275;316;159.06;7.33;;;
37.243999;-2.514041;1869;0;-3;4275;316;159.1;7.29;;;
37.243853;-2.514168;1868;0;-3;4275;316;159.12;7.27;;;
37.243603;-2.514494;1866;0;-2;4275;316;159.16;7.23;;;
37.243480;-2.514658;1866;0;-1;4275;316;159.18;7.21;;;
37.243207;-2.514938;1865;0;1;4275;316;159.22;7.17;;;
37.243033;-2.514970;1866;0;2;4276;315;159.24;7.15;;;
37.242860;-2.514914;1867;0;4;4277;314;159.26;7.13;;;
37.242691;-2.514837;1868;0;5;4278;313;159.28;7.11;;;
37.242353;-2.514683;1870;0;5;4280;311;159.32;7.07;;;
37.242178;-2.514646;1871;0;5;4281;310;159.34;7.05;;;
37.241828;-2.514725;1873;0;4;4283;308;159.38;7.01;;;
37.241658;-2.514797;1874;0;4;4284;307;159.4;6.99;;;
37.241328;-2.514977;1875;0;3;4285;306;159.44;6.95;;;
37.241163;-2.515067;1876;0;3;4286;305;159.46;6.93;;;
37.240833;-2.515247;1877;0;3;4287;304;159.5;6.89;;;
37.240502;-2.515424;1878;0;2;4288;303;159.54;6.85;;;
37.240325;-2.515458;1878;0;2;4288;303;159.56;6.83;;;
37.239967;-2.515503;1879;0;2;4289;302;159.6;6.79;;;
37.239788;-2.515525;1880;0;2;4290;301;159.62;6.77;;;
37.239437;-2.515620;1880;0;2;4290;301;159.66;6.73;;;
37.239263;-2.515680;1881;0;2;4291;300;159.68;6.71;;;
37.238908;-2.515728;1882;0;3;4292;299;159.72;6.67;;;
37.238731;-2.515694;1882;0;3;4292;299;159.74;6.65;;;
37.238557;-2.515637;1883;0;3;4293;298;159.76;6.63;;;
37.238383;-2.515580;1884;0;3;4294;297;159.78;6.61;;;
37.238030;-2.515506;1885;0;3;4295;296;159.82;6.57;;;
37.237852;-2.515527;1886;0;3;4296;295;159.84;6.55;;;
37.237512;-2.515674;1887;0;3;4297;294;159.88;6.51;;;
37.237343;-2.515749;1888;0;3;4298;293;159.9;6.49;;;
37.237003;-2.515898;1889;0;3;4299;292;159.94;6.45;;;
37.236828;-2.515935;1889;0;3;4299;292;159.96;6.43;;;
37.236478;-2.515853;1890;0;2;4300;291;160;6.39;;;
37.236132;-2.515730;1891;0;2;4302;289;160.04;6.35;;;
37.235959;-2.515668;1892;0;1;4302;289;160.06;6.33;;;
37.235613;-2.515544;1892;0;1;4302;289;160.1;6.29;;;
37.235438;-2.515490;1892;0;0;4302;289;160.12;6.27;;;
37.235081;-2.515446;1892;0;0;4302;289;160.16;6.23;;;
37.234901;-2.515442;1892;0;0;4302;289;160.18;6.21;;;
37.234542;-2.515455;1892;0;1;4302;289;160.22;6.17;;;
37.234366;-2.515490;1892;0;1;4302;289;160.24;6.15;;;
37.234196;-2.515566;1893;0;1;4303;288;160.26;6.13;;;
37.234029;-2.515648;1893;0;2;4303;288;160.28;6.11;;;
37.233684;-2.515722;1894;0;3;4304;287;160.32;6.07;;;
37.233535;-2.515602;1895;0;3;4305;286;160.34;6.05;;;
37.233271;-2.515295;1896;0;3;4306;285;160.38;6.01;;;
37.233116;-2.515190;1897;0;3;4307;284;160.4;5.99;;;
37.232759;-2.515140;1898;0;4;4308;283;160.44;5.95;;;
37.232579;-2.515124;1898;0;4;4308;283;160.46;5.93;;;
37.232276;-2.514904;1900;0;5;4310;281;160.5;5.89;;;
37.232003;-2.514610;1903;0;7;4313;278;160.54;5.85;;;
37.231864;-2.514467;1904;0;7;4315;276;160.56;5.83;;;
37.231573;-2.514201;1907;0;7;4317;274;160.6;5.79;;;
37.231427;-2.514069;1908;0;6;4319;272;160.62;5.77;;;
37.231136;-2.513803;1911;0;6;4321;270;160.66;5.73;;;
37.230991;-2.513670;1912;0;6;4322;269;160.68;5.71;;;
37.230700;-2.513405;1914;0;6;4324;267;160.72;5.67;;;
37.230554;-2.513272;1915;0;7;4325;266;160.74;5.65;;;
37.230409;-2.513139;1917;0;7;4327;264;160.76;5.63;;;
37.230263;-2.513006;1918;0;7;4328;263;160.78;5.61;;;
37.229972;-2.512741;1921;0;7;4332;259;160.82;5.57;;;
37.229824;-2.512615;1923;0;6;4333;258;160.84;5.55;;;
37.229475;-2.512505;1925;0;6;4335;256;160.88;5.51;;;
37.229298;-2.512484;1926;0;6;4336;255;160.9;5.49;;;
37.228941;-2.512535;1928;0;5;4338;253;160.94;5.45;;;
37.228763;-2.512568;1929;0;6;4339;252;160.96;5.43;;;
37.228407;-2.512636;1932;0;5;4342;249;161;5.39;;;
37.228068;-2.512786;1934;0;5;4344;247;161.04;5.35;;;
37.227900;-2.512865;1935;0;4;4345;246;161.06;5.33;;;
37.227576;-2.513058;1936;0;3;4346;245;161.1;5.29;;;
37.227446;-2.513211;1937;0;3;4347;244;161.12;5.27;;;
37.227221;-2.513563;1938;0;2;4348;243;161.16;5.23;;;
37.227110;-2.513741;1938;0;2;4348;243;161.18;5.21;;;
37.226888;-2.514096;1939;0;2;4349;242;161.22;5.17;;;
37.226777;-2.514274;1939;0;2;4349;242;161.24;5.15;;;
37.226666;-2.514452;1940;0;1;4350;241;161.26;5.13;;;
37.226555;-2.514629;1940;0;1;4350;241;161.28;5.11;;;
37.226334;-2.514985;1940;0;1;4351;240;161.32;5.07;;;
37.226223;-2.515163;1941;0;2;4351;240;161.34;5.05;;;
37.225969;-2.515472;1941;0;3;4351;240;161.38;5.01;;;
37.225796;-2.515532;1942;0;3;4352;239;161.4;4.99;;;
37.225437;-2.515550;1943;0;3;4353;238;161.44;4.95;;;
37.225257;-2.515559;1944;0;3;4354;237;161.46;4.93;;;
37.224898;-2.515577;1945;0;2;4356;235;161.5;4.89;;;
37.224542;-2.515624;1946;0;-1;4357;234;161.54;4.85;;;
37.224369;-2.515688;1946;0;-2;4357;234;161.56;4.83;;;
37.224027;-2.515825;1944;0;-3;4357;234;161.6;4.79;;;
37.223852;-2.515878;1943;0;-4;4357;234;161.62;4.77;;;
37.223497;-2.515950;1942;0;-3;4357;234;161.66;4.73;;;
37.223318;-2.515937;1941;0;-2;4357;234;161.68;4.71;;;
37.222964;-2.515851;1941;0;-2;4357;234;161.72;4.67;;;
37.222788;-2.515809;1941;0;-2;4357;234;161.74;4.65;;;
37.222611;-2.515788;1940;0;-2;4357;234;161.76;4.63;;;
37.222437;-2.515843;1940;0;-3;4357;234;161.78;4.61;;;
37.222197;-2.516166;1938;0;-3;4357;234;161.82;4.57;;;
37.222087;-2.516345;1938;0;-3;4357;234;161.84;4.55;;;
37.221867;-2.516702;1936;0;-3;4357;234;161.88;4.51;;;
37.221762;-2.516885;1936;0;-3;4357;234;161.9;4.49;;;
37.221555;-2.517255;1934;0;-2;4357;234;161.94;4.45;;;
37.221475;-2.517455;1934;0;-2;4357;234;161.96;4.43;;;
37.221459;-2.517903;1933;0;-1;4357;234;162;4.39;;;
37.221516;-2.518349;1933;0;-1;4357;234;162.04;4.35;;;
37.221544;-2.518572;1933;0;0;4357;234;162.06;4.33;;;
37.221580;-2.519021;1933;0;0;4357;234;162.1;4.29;;;
37.221492;-2.519211;1933;0;0;4357;234;162.12;4.27;;;
37.221231;-2.519522;1933;0;1;4357;234;162.16;4.23;;;
37.221079;-2.519640;1933;0;1;4357;234;162.18;4.21;;;
37.220721;-2.519602;1934;0;2;4358;233;162.22;4.17;;;
37.220542;-2.519583;1934;0;2;4358;233;162.24;4.15;;;
37.220362;-2.519564;1934;0;2;4358;233;162.26;4.13;;;
37.220202;-2.519633;1935;0;3;4359;232;162.28;4.11;;;
37.220094;-2.520051;1936;0;3;4360;231;162.32;4.07;;;
37.220059;-2.520271;1937;0;3;4361;230;162.34;4.05;;;
37.219810;-2.520574;1938;0;3;4362;229;162.38;4.01;;;
37.219648;-2.520513;1939;0;3;4363;228;162.4;3.99;;;
37.219406;-2.520182;1940;0;3;4364;227;162.44;3.95;;;
37.219289;-2.520010;1940;0;4;4364;227;162.46;3.93;;;
37.219054;-2.519668;1942;0;4;4366;225;162.5;3.89;;;
37.218785;-2.519373;1944;0;5;4368;223;162.54;3.85;;;
37.218639;-2.519242;1945;0;5;4369;222;162.56;3.83;;;
37.218346;-2.518979;1948;0;6;4372;219;162.6;3.79;;;
37.218190;-2.518868;1948;0;6;4372;219;162.62;3.77;;;
37.217836;-2.518842;1952;0;6;4376;215;162.66;3.73;;;
37.217668;-2.518919;1952;0;6;4376;215;162.68;3.71;;;
37.217354;-2.519139;1954;0;4;4378;213;162.72;3.67;;;
37.217197;-2.519248;1955;0;4;4379;212;162.74;3.65;;;
37.217028;-2.519304;1957;0;5;4381;210;162.76;3.63;;;
37.216865;-2.519217;1957;0;5;4381;210;162.78;3.61;;;
37.216577;-2.518946;1958;0;4;4382;209;162.82;3.57;;;
37.216437;-2.518804;1959;0;4;4383;208;162.84;3.55;;;
37.216157;-2.518521;1962;0;5;4386;205;162.88;3.51;;;
37.216017;-2.518379;1962;0;5;4386;205;162.9;3.49;;;
37.215735;-2.518098;1964;0;4;4388;203;162.94;3.45;;;
37.215592;-2.517961;1965;0;4;4389;202;162.96;3.43;;;
37.215305;-2.517690;1967;0;4;4391;200;163;3.39;;;
37.214993;-2.517471;1968;0;3;4392;199;163.04;3.35;;;
37.214820;-2.517410;1968;0;3;4392;199;163.06;3.33;;;
37.214465;-2.517338;1969;0;3;4393;198;163.1;3.29;;;
37.214287;-2.517302;1970;0;3;4394;197;163.12;3.27;;;
37.213949;-2.517154;1971;0;3;4395;196;163.16;3.23;;;
37.213783;-2.517067;1971;0;3;4395;196;163.18;3.21;;;
37.213471;-2.516841;1973;0;2;4397;194;163.22;3.17;;;
37.213324;-2.516805;1973;0;2;4397;194;163.24;3.15;;;
37.213335;-2.516990;1974;0;3;4398;193;163.26;3.13;;;
37.213441;-2.517172;1974;0;3;4398;193;163.28;3.11;;;
37.213624;-2.517559;1975;0;4;4399;192;163.32;3.07;;;
37.213683;-2.517772;1976;0;4;4400;191;163.34;3.05;;;
37.213776;-2.518208;1978;0;6;4402;189;163.38;3.01;;;
37.213823;-2.518426;1979;0;7;4403;188;163.4;2.99;35;;
37.213928;-2.518858;1983;0;9;4407;184;163.44;2.95;;;
37.213989;-2.519070;1985;0;9;4409;182;163.46;2.93;;;
37.214110;-2.519496;1989;0;9;4413;178;163.5;2.89;;;
37.214231;-2.519921;1994;0;9;4418;173;163.54;2.85;;;
37.214292;-2.520133;1997;0;9;4421;170;163.56;2.83;;;
37.214413;-2.520559;2002;0;9;4426;165;163.6;2.79;;;
37.214474;-2.520771;2004;0;9;4428;163;163.62;2.77;;;
37.214596;-2.521196;2008;0;9;4432;159;163.66;2.73;;;
37.214657;-2.521409;2010;0;9;4434;157;163.68;2.71;;;
37.214752;-2.521844;2014;0;9;4438;153;163.72;2.67;;;
37.214787;-2.522065;2016;0;9;4440;151;163.74;2.65;;;
37.214821;-2.522287;2017;0;9;4441;150;163.76;2.63;;;
37.214855;-2.522509;2019;0;9;4443;148;163.78;2.61;;;
37.214924;-2.522952;2023;0;9;4447;144;163.82;2.57;;;
37.214958;-2.523174;2025;0;9;4449;142;163.84;2.55;;;
37.214992;-2.523396;2028;0;9;4452;139;163.86;2.53;;;
37.215016;-2.523619;2030;0;9;4454;137;163.88;2.51;;;
37.215025;-2.523845;2033;0;9;4457;134;163.9;2.49;;;
37.215025;-2.524070;2035;0;9;4459;132;163.92;2.47;;;
37.215008;-2.524295;2037;0;9;4461;130;163.94;2.45;;;
37.214991;-2.524520;2039;0;9;4463;128;163.96;2.43;;;
37.214974;-2.524745;2041;0;9;4465;126;163.98;2.41;;;
37.214958;-2.524970;2043;0;9;4467;124;164;2.39;;;
37.214941;-2.525195;2046;0;9;4470;121;164.02;2.37;;;
37.214935;-2.525420;2049;0;9;4473;118;164.04;2.35;;;
37.214991;-2.525631;2051;0;9;4475;116;164.06;2.33;;;
37.215127;-2.525778;2053;0;9;4477;114;164.08;2.31;;;
37.215264;-2.525926;2056;0;9;4480;111;164.1;2.29;;;
37.215400;-2.526073;2058;0;9;4482;109;164.12;2.27;;;
37.215537;-2.526220;2060;0;9;4484;107;164.14;2.25;;;
37.215673;-2.526367;2062;0;9;4486;105;164.16;2.23;;;
37.215806;-2.526519;2064;0;9;4488;103;164.18;2.21;;;
37.215934;-2.526678;2066;0;9;4490;101;164.2;2.19;;;
37.216062;-2.526836;2069;0;9;4493;98;164.22;2.17;;;
37.216190;-2.526995;2072;0;9;4496;95;164.24;2.15;;;
37.216318;-2.527154;2074;0;9;4498;93;164.26;2.13;;;
37.216446;-2.527312;2076;0;9;4500;91;164.28;2.11;;;
37.216574;-2.527471;2079;0;9;4503;88;164.3;2.09;;;
37.216702;-2.527630;2081;0;9;4505;86;164.32;2.07;;;
37.216830;-2.527788;2082;0;8;4506;85;164.34;2.05;;;
37.216958;-2.527947;2084;0;7;4508;83;164.36;2.03;;;
37.217077;-2.528115;2086;0;6;4510;81;164.38;2.01;;;
37.217173;-2.528306;2087;0;6;4511;80;164.4;1.99;;;
37.217269;-2.528497;2087;0;5;4511;80;164.42;1.97;;;
37.217365;-2.528687;2088;0;4;4512;79;164.44;1.95;;;
37.217490;-2.528850;2089;0;4;4513;78;164.46;1.93;;;
37.217631;-2.528991;2090;0;4;4514;77;164.48;1.91;;;
37.217777;-2.529121;2091;0;4;4515;76;164.5;1.89;;;
37.217927;-2.529247;2091;0;3;4515;76;164.52;1.87;;;
37.218076;-2.529373;2092;0;3;4516;75;164.54;1.85;;;
37.218225;-2.529499;2093;0;3;4517;74;164.56;1.83;;;
37.218375;-2.529625;2093;0;3;4517;74;164.58;1.81;;;
37.218524;-2.529751;2094;0;4;4518;73;164.6;1.79;;;
37.218673;-2.529877;2094;0;5;4518;73;164.62;1.77;;;
37.218822;-2.530003;2094;0;5;4518;73;164.64;1.75;;;
37.218972;-2.530129;2096;0;6;4520;71;164.66;1.73;;;
37.219121;-2.530255;2098;0;6;4522;69;164.68;1.71;;;
37.219270;-2.530381;2100;0;7;4524;67;164.7;1.69;;;
37.219420;-2.530506;2101;0;7;4525;66;164.72;1.67;;;
37.219545;-2.530658;2103;0;7;4527;64;164.74;1.65;;;
37.219603;-2.530870;2104;0;6;4528;63;164.76;1.63;;;
37.219610;-2.531095;2105;0;6;4529;62;164.78;1.61;;;
37.219610;-2.531321;2106;0;6;4530;61;164.8;1.59;;;
37.219610;-2.531546;2107;0;6;4531;60;164.82;1.57;;;
37.219610;-2.531772;2108;0;6;4532;59;164.84;1.55;;;
37.219610;-2.531998;2109;0;7;4533;58;164.86;1.53;;;
37.219610;-2.532224;2111;0;7;4535;56;164.88;1.51;;;
37.219633;-2.532446;2112;0;6;4536;55;164.9;1.49;;;
37.219681;-2.532664;2114;0;6;4538;53;164.92;1.47;;;
37.219728;-2.532882;2115;0;5;4539;52;164.94;1.45;;;
37.219755;-2.533105;2116;0;5;4540;51;164.96;1.43;;;
37.219780;-2.533329;2117;0;4;4541;50;164.98;1.41;;;
37.219806;-2.533552;2117;0;4;4541;50;165;1.39;;;
37.219831;-2.533776;2118;0;3;4542;49;165.02;1.37;;;
37.219857;-2.533999;2119;0;3;4543;48;165.04;1.35;;;
37.219917;-2.534211;2119;0;3;4543;48;165.06;1.33;;;
37.219983;-2.534421;2120;0;3;4544;47;165.08;1.31;;;
37.220049;-2.534631;2121;0;2;4545;46;165.1;1.29;;;
37.220116;-2.534841;2121;0;2;4545;46;165.12;1.27;;;
37.220182;-2.535051;2121;0;1;4545;46;165.14;1.25;;;
37.220248;-2.535262;2121;0;0;4545;46;165.16;1.23;;;
37.220314;-2.535472;2121;0;-2;4545;46;165.18;1.21;;;
37.220380;-2.535682;2121;0;-3;4545;46;165.2;1.19;;;
37.220446;-2.535892;2120;0;-4;4545;46;165.22;1.17;;;
37.220512;-2.536102;2119;0;-5;4545;46;165.24;1.15;;;
37.220579;-2.536312;2118;0;-6;4545;46;165.26;1.13;;;
37.220645;-2.536522;2116;0;-6;4545;46;165.28;1.11;;;
37.220711;-2.536732;2115;0;-6;4545;46;165.3;1.09;;;
37.220777;-2.536942;2114;0;-5;4545;46;165.32;1.07;;;
37.220843;-2.537152;2113;0;-4;4545;46;165.34;1.05;;;
37.220909;-2.537362;2112;0;-3;4545;46;165.36;1.03;;;
37.220974;-2.537573;2111;0;-2;4546;45;165.38;1.01;;;
37.221038;-2.537784;2112;0;-2;4546;45;165.4;0.99;;;
37.221102;-2.537995;2112;0;-1;4546;45;165.42;0.97;;;
37.221165;-2.538206;2112;0;-1;4546;45;165.44;0.95;;;
37.221229;-2.538418;2112;0;-2;4546;45;165.46;0.93;;;
37.221293;-2.538629;2111;0;-3;4546;45;165.48;0.91;;;
37.221357;-2.538840;2111;0;-3;4546;45;165.5;0.89;;;
37.221420;-2.539051;2110;0;-4;4546;45;165.52;0.87;;;
37.221439;-2.539276;2108;0;-3;4546;45;165.54;0.85;;;
37.221431;-2.539501;2107;0;-3;4546;45;165.56;0.83;;;
37.221406;-2.539725;2107;0;-2;4546;45;165.58;0.81;;;
37.221370;-2.539945;2107;0;-1;4546;45;165.6;0.79;;;
37.221319;-2.540162;2107;0;0;4546;45;165.62;0.77;;;
37.221278;-2.540381;2107;0;1;4547;44;165.64;0.75;;;
37.221276;-2.540605;2107;0;1;4547;44;165.66;0.73;;;
37.221326;-2.540822;2107;0;1;4547;44;165.68;0.71;;;
37.221376;-2.541039;2108;0;2;4547;44;165.7;0.69;;;
37.221426;-2.541256;2108;0;2;4548;43;165.72;0.67;;;
37.221477;-2.541473;2108;0;3;4548;43;165.74;0.65;;;
37.221527;-2.541690;2109;0;4;4548;43;165.76;0.63;;;
37.221577;-2.541907;2109;0;5;4549;42;165.78;0.61;;;
37.221635;-2.542120;2110;0;5;4550;41;165.8;0.59;;;
37.221717;-2.542319;2112;0;6;4551;40;165.82;0.57;;;
37.221852;-2.542467;2114;0;7;4554;37;165.84;0.55;;;
37.222006;-2.542583;2115;0;8;4555;36;165.86;0.53;;;
37.222178;-2.542632;2117;0;8;4556;35;165.88;0.51;;;
37.222358;-2.542635;2118;0;8;4558;33;165.9;0.49;;;
37.222538;-2.542639;2120;0;8;4559;32;165.92;0.47;;;
37.222718;-2.542649;2122;0;9;4562;29;165.94;0.45;;;
37.222875;-2.542756;2122;0;8;4562;29;165.96;0.43;;;
37.223013;-2.542898;2126;0;8;4566;25;165.98;0.41;;;
37.223080;-2.543107;2127;0;7;4567;24;166;0.39;;;
37.223047;-2.543322;2129;0;7;4568;23;166.02;0.37;;;
37.222950;-2.543507;2130;0;7;4569;22;166.04;0.35;;;
37.222816;-2.543658;2131;0;5;4570;21;166.06;0.33;;;
37.222682;-2.543809;2132;0;5;4571;20;166.08;0.31;;;
37.222549;-2.543960;2133;0;5;4572;19;166.1;0.29;;;
37.222420;-2.544117;2134;0;5;4573;18;166.12;0.27;;;
37.222303;-2.544288;2134;0;5;4574;17;166.14;0.25;;;
37.222214;-2.544482;2135;0;5;4575;16;166.16;0.23;;;
37.222148;-2.544692;2137;0;6;4576;15;166.18;0.21;;;
37.222091;-2.544906;2138;0;7;4578;13;166.2;0.19;;;
37.222033;-2.545120;2139;0;7;4579;12;166.22;0.17;;;
37.221976;-2.545334;2140;0;7;4580;11;166.24;0.15;;;
37.221909;-2.545544;2142;0;7;4582;9;166.26;0.13;;;
37.221836;-2.545750;2144;0;7;4584;7;166.28;0.11;;;
37.221790;-2.545964;2146;0;7;4585;6;166.3;0.09;;;
37.221833;-2.546180;2147;0;7;4587;4;166.32;0.07;;;
37.221893;-2.546393;2148;0;7;4588;3;166.34;0.05;;;
37.221954;-2.546606;2149;0;6;4589;2;166.36;0.03;;;
37.222014;-2.546818;2150;0;6;4590;1;166.38;0.01;;;
37.222044;-2.546922;2151;0;6;4591;0;166.39;0;36;arrival,summit;1
