latitude;longitude;altitude;azimuth;slope;dvdone;dvrest;kmdone;kmto;cpnumero;cptype;sumcategory
36.744028;-3.637528;120;0;-2;0;3085;0;192.65;3;real;
36.743937;-3.637334;119;0;-2;0;3085;0.02;192.63;;;
36.743851;-3.637137;119;0;-2;0;3085;0.04;192.61;;;
36.743779;-3.636933;119;0;-2;0;3085;0.06;192.59;;;
36.743723;-3.636719;118;0;-1;0;3085;0.08;192.57;;;
36.743680;-3.636501;118;0;-1;0;3085;0.1;192.55;;;
36.743666;-3.636278;118;0;-1;0;3085;0.12;192.53;;;
36.743662;-3.635830;117;0;-1;0;3085;0.16;192.49;;;
36.743659;-3.635605;117;0;-1;0;3085;0.18;192.47;;;
36.743663;-3.635381;117;0;-2;0;3085;0.2;192.45;;;
36.743670;-3.635157;117;0;-2;0;3085;0.22;192.43;;;
36.743678;-3.634932;116;0;-2;0;3085;0.24;192.41;;;
36.743684;-3.634708;116;0;-2;0;3085;0.26;192.39;;;
36.743698;-3.634259;115;0;-3;0;3085;0.3;192.35;;;
36.743705;-3.634035;114;0;-3;0;3085;0.32;192.33;;;
36.743712;-3.633811;113;0;-3;0;3085;0.34;192.31;;;
36.743720;-3.633587;113;0;-3;0;3085;0.36;192.29;;;
36.743745;-3.633364;112;0;-3;0;3085;0.38;192.27;;;
36.743790;-3.633147;111;0;-3;0;3085;0.4;192.25;;;
36.743844;-3.632934;111;0;-3;0;3085;0.42;192.23;;;
36.743910;-3.632724;110;0;-3;0;3085;0.44;192.21;;;
36.743986;-3.632521;109;0;-3;0;3085;0.46;192.19;;;
36.744063;-3.632318;109;0;-3;0;3085;0.48;192.17;;;
36.744139;-3.632115;108;0;-3;0;3085;0.5;192.15;;;
36.744217;-3.631912;108;0;-3;0;3085;0.52;192.13;;;
36.744294;-3.631710;107;0;-4;0;3085;0.54;192.11;;;
36.744501;-3.631090;105;0;-4;0;3085;0.6;192.05;;;
36.744516;-3.630867;104;0;-4;0;3085;0.62;192.03;;;
36.744489;-3.630646;103;0;-4;0;3085;0.64;192.01;;;
36.744416;-3.630442;102;0;-3;0;3085;0.66;191.99;;;
36.744334;-3.630242;102;0;-3;0;3085;0.68;191.97;;;
36.744229;-3.630060;101;0;-3;0;3085;0.7;191.95;;;
36.744122;-3.629880;101;0;-2;0;3085;0.72;191.93;;;
36.744015;-3.629699;100;0;-2;0;3085;0.74;191.91;;;
36.743949;-3.629491;100;0;-3;0;3085;0.76;191.89;;;
36.743917;-3.629270;99;0;-3;0;3085;0.78;191.87;;;
36.743903;-3.629047;99;0;-3;0;3085;0.8;191.85;;;
36.743896;-3.628823;98;0;-2;0;3085;0.82;191.83;;;
36.743888;-3.628598;98;0;-2;0;3085;0.84;191.81;;;
36.743881;-3.628374;97;0;-2;0;3085;0.86;191.79;;;
36.743874;-3.628150;97;0;-2;0;3085;0.88;191.77;;;
36.743867;-3.627926;97;0;-1;0;3085;0.9;191.75;;;
36.743860;-3.627701;96;0;-1;0;3085;0.92;191.73;;;
36.743852;-3.627477;96;0;-1;0;3085;0.94;191.71;;;
36.743854;-3.627253;96;0;-1;0;3085;0.96;191.69;;;
36.743870;-3.627029;96;0;-1;0;3085;0.98;191.67;;;
36.743901;-3.626809;96;0;-1;0;3085;1;191.65;;;
36.743950;-3.626593;96;0;-1;0;3085;1.02;191.63;;;
36.744030;-3.626393;95;0;-1;0;3085;1.04;191.61;;;
36.744120;-3.626199;95;0;0;0;3085;1.06;191.59;;;
36.744225;-3.626017;95;0;0;0;3085;1.08;191.57;;;
36.744962;-3.625397;95;0;0;0;3085;1.18;191.47;;;
36.745130;-3.625315;95;0;0;0;3085;1.2;191.45;;;
36.745297;-3.625232;95;0;0;0;3085;1.22;191.43;;;
36.745464;-3.625149;95;0;0;0;3085;1.24;191.41;;;
36.745631;-3.625066;95;0;0;0;3085;1.26;191.39;;;
36.745799;-3.624984;95;0;0;0;3085;1.28;191.37;;;
36.745966;-3.624902;95;0;0;0;3085;1.3;191.35;;;
36.746133;-3.624819;95;0;0;0;3085;1.32;191.33;;;
36.746300;-3.624737;95;0;0;0;3085;1.34;191.31;;;
36.746465;-3.624645;95;0;0;0;3085;1.36;191.29;;;
36.746627;-3.624549;95;0;0;0;3085;1.38;191.27;;;
36.746764;-3.624404;95;0;0;0;3085;1.4;191.25;;;
36.746887;-3.624240;95;0;0;0;3085;1.42;191.23;;;
36.746983;-3.624053;95;0;0;0;3085;1.44;191.21;;;
36.747044;-3.623843;95;0;0;0;3085;1.46;191.19;;;
36.747078;-3.623623;95;0;0;0;3085;1.48;191.17;;;
36.747078;-3.623399;95;0;0;0;3085;1.5;191.15;;;
36.747023;-3.623185;95;0;0;1;3084;1.52;191.13;;;
36.746943;-3.622985;95;0;1;1;3084;1.54;191.11;;;
36.746843;-3.622799;95;0;1;1;3084;1.56;191.09;;;
36.746725;-3.622631;96;0;1;1;3084;1.58;191.07;;;
36.746590;-3.622483;96;0;1;2;3083;1.6;191.05;;;
36.746454;-3.622335;96;0;1;2;3083;1.62;191.03;;;
36.746318;-3.622188;96;0;1;2;3083;1.64;191.01;;;
36.746177;-3.622049;97;0;2;2;3083;1.66;190.99;;;
36.746036;-3.621910;97;0;2;3;3082;1.68;190.97;;;
36.745894;-3.621772;97;0;2;3;3082;1.7;190.95;;;
36.745753;-3.621633;98;0;2;3;3082;1.72;190.93;;;
36.745612;-3.621493;98;0;2;4;3081;1.74;190.91;;;
36.745471;-3.621354;98;0;2;4;3081;1.76;190.89;;;
36.745329;-3.621216;99;0;2;5;3080;1.78;190.87;;;
36.745188;-3.621077;99;0;1;5;3080;1.8;190.85;;;
36.745047;-3.620938;99;0;1;5;3080;1.82;190.83;;;
36.744905;-3.620799;100;0;1;5;3080;1.84;190.81;;;
36.744764;-3.620660;100;0;1;5;3080;1.86;190.79;;;
36.744623;-3.620520;100;0;1;6;3079;1.88;190.77;;;
36.744482;-3.620382;100;0;1;6;3079;1.9;190.75;;;
36.744351;-3.620228;100;0;1;6;3079;1.92;190.73;;;
36.744223;-3.620070;101;0;1;6;3079;1.94;190.71;;;
36.744116;-3.619890;101;0;1;7;3078;1.96;190.69;;;
36.744022;-3.619699;101;0;1;7;3078;1.98;190.67;;;
36.743956;-3.619491;101;0;0;7;3078;2;190.65;;;
36.743912;-3.619274;101;0;0;7;3078;2.02;190.63;;;
36.743889;-3.619053;101;0;0;7;3078;2.04;190.61;;;
36.743893;-3.618828;101;0;0;7;3078;2.06;190.59;;;
36.743897;-3.618604;101;0;0;7;3078;2.08;190.57;;;
36.743919;-3.618382;101;0;-1;7;3078;2.1;190.55;;;
36.743951;-3.618161;101;0;-1;7;3078;2.12;190.53;;;
36.743982;-3.617940;101;0;-1;7;3078;2.14;190.51;;;
36.744014;-3.617719;101;0;-1;7;3078;2.16;190.49;;;
36.744342;-3.615743;98;0;-2;7;3078;2.34;190.31;;;
36.744402;-3.615531;98;0;-2;7;3078;2.36;190.29;;;
36.744461;-3.615319;98;0;-2;7;3078;2.38;190.27;;;
36.744529;-3.615111;97;0;-2;7;3078;2.4;190.25;;;
36.744604;-3.614908;97;0;-2;7;3078;2.42;190.23;;;
36.744704;-3.614721;97;0;-2;7;3078;2.44;190.21;;;
36.744803;-3.614534;96;0;-3;7;3078;2.46;190.19;;;
36.744911;-3.614355;96;0;-3;7;3078;2.48;190.17;;;
36.745027;-3.614183;95;0;-3;7;3078;2.5;190.15;;;
36.745142;-3.614011;94;0;-3;7;3078;2.52;190.13;;;
36.745258;-3.613839;94;0;-3;7;3078;2.54;190.11;;;
36.745373;-3.613667;93;0;-3;7;3078;2.56;190.09;;;
36.745462;-3.613472;92;0;-3;7;3078;2.58;190.07;;;
36.745535;-3.613267;91;0;-3;7;3078;2.6;190.05;;;
36.745580;-3.613050;91;0;-3;7;3078;2.62;190.03;;;
36.745614;-3.612830;90;0;-3;7;3078;2.64;190.01;;;
36.745629;-3.612606;90;0;-3;7;3078;2.66;189.99;;;
36.745631;-3.612382;89;0;-3;7;3078;2.68;189.97;;;
36.745633;-3.612157;89;0;-3;7;3078;2.7;189.95;;;
36.745635;-3.611933;88;0;-3;7;3078;2.72;189.93;;;
36.745637;-3.611708;87;0;-3;7;3078;2.74;189.91;;;
36.745647;-3.611484;87;0;-3;7;3078;2.76;189.89;;;
36.745659;-3.611260;86;0;-3;7;3078;2.78;189.87;;;
36.745671;-3.611036;85;0;-4;7;3078;2.8;189.85;;;
36.745686;-3.610813;85;0;-3;7;3078;2.82;189.83;;;
36.745706;-3.610590;84;0;-3;7;3078;2.84;189.81;;;
36.745725;-3.610366;83;0;-3;7;3078;2.86;189.79;;;
36.745744;-3.610143;82;0;-3;7;3078;2.88;189.77;;;
36.745771;-3.609921;82;0;-3;7;3078;2.9;189.75;;;
36.745800;-3.609700;81;0;-3;7;3078;2.92;189.73;;;
36.745828;-3.609478;81;0;-3;7;3078;2.94;189.71;;;
36.745857;-3.609257;80;0;-3;7;3078;2.96;189.69;;;
36.745886;-3.609035;79;0;-3;7;3078;2.98;189.67;;;
36.745915;-3.608813;78;0;-3;7;3078;3;189.65;;;
36.745939;-3.608591;78;0;-4;7;3078;3.02;189.63;;;
36.745961;-3.608368;77;0;-4;7;3078;3.04;189.61;;;
36.745983;-3.608146;76;0;-4;7;3078;3.06;189.59;;;
36.745986;-3.607921;76;0;-3;7;3078;3.08;189.57;;;
36.745985;-3.607697;75;0;-3;7;3078;3.1;189.55;;;
36.745983;-3.607473;74;0;-4;7;3078;3.12;189.53;;;
36.745980;-3.607248;73;0;-4;7;3078;3.14;189.51;;;
36.745974;-3.607024;73;0;-4;7;3078;3.16;189.49;;;
36.745946;-3.606802;72;0;-4;7;3078;3.18;189.47;;;
36.745918;-3.606581;71;0;-4;7;3078;3.2;189.45;;;
36.745889;-3.606359;70;0;-4;7;3078;3.22;189.43;;;
36.745852;-3.606139;70;0;-4;7;3078;3.24;189.41;;;
36.745811;-3.605921;69;0;-4;7;3078;3.26;189.39;;;
36.745771;-3.605702;68;0;-4;7;3078;3.28;189.37;;;
36.745730;-3.605484;67;0;-5;7;3078;3.3;189.35;;;
36.745689;-3.605265;66;0;-5;7;3078;3.32;189.33;;;
36.745658;-3.605045;65;0;-5;7;3078;3.34;189.31;;;
36.745658;-3.604820;64;0;-5;7;3078;3.36;189.29;;;
36.745695;-3.604602;63;0;-5;7;3078;3.38;189.27;;;
36.745753;-3.604390;62;0;-5;7;3078;3.4;189.25;;;
36.745865;-3.604214;60;0;-5;7;3078;3.42;189.23;;;
36.745995;-3.604061;59;0;-5;7;3078;3.44;189.21;;;
36.746140;-3.603929;59;0;-5;7;3078;3.46;189.19;;;
36.746297;-3.603820;58;0;-5;7;3078;3.48;189.17;;;
36.746454;-3.603710;57;0;-5;7;3078;3.5;189.15;;;
36.746600;-3.603580;56;0;-5;7;3078;3.52;189.13;;;
36.746715;-3.603410;55;0;-5;7;3078;3.54;189.11;;;
36.746796;-3.603210;54;0;-4;7;3078;3.56;189.09;;;
36.746874;-3.603007;53;0;-4;7;3078;3.58;189.07;;;
36.746951;-3.602805;52;0;-4;7;3078;3.6;189.05;;;
36.747029;-3.602602;51;0;-4;7;3078;3.62;189.03;;;
36.747111;-3.602402;51;0;-4;7;3078;3.64;189.01;;;
36.747192;-3.602202;50;0;-4;7;3078;3.66;188.99;;;
36.747279;-3.602007;49;0;-4;7;3078;3.68;188.97;;;
36.747396;-3.601837;48;0;-3;7;3078;3.7;188.95;4;;
36.747536;-3.601698;47;0;-3;7;3078;3.72;188.93;;;
36.747690;-3.601584;47;0;-3;7;3078;3.74;188.91;;;
36.747854;-3.601490;46;0;-3;7;3078;3.76;188.89;;;
36.748017;-3.601396;46;0;-2;7;3078;3.78;188.87;;;
36.748181;-3.601303;45;0;-2;7;3078;3.8;188.85;;;
36.748344;-3.601209;45;0;-2;7;3078;3.82;188.83;;;
36.748498;-3.601099;45;0;-2;7;3078;3.84;188.81;;;
36.748624;-3.600938;44;0;-2;7;3078;3.86;188.79;;;
36.748711;-3.600748;44;0;-2;7;3078;3.88;188.77;;;
36.748762;-3.600533;44;0;-2;7;3078;3.9;188.75;;;
36.748766;-3.600313;43;0;-1;7;3078;3.92;188.73;;;
36.748693;-3.600108;43;0;-1;7;3078;3.94;188.71;;;
36.748598;-3.599918;43;0;-1;7;3078;3.96;188.69;;;
36.748471;-3.599758;42;0;-1;7;3078;3.98;188.67;;;
36.748327;-3.599625;42;0;-1;7;3078;4;188.65;;;
36.748026;-3.599380;42;0;-1;7;3078;4.04;188.61;;;
36.747747;-3.599099;42;0;0;7;3078;4.08;188.57;;;
36.747534;-3.598736;42;0;0;7;3078;4.12;188.53;;;
36.747402;-3.598320;42;0;0;7;3078;4.16;188.49;;;
36.747378;-3.598101;42;0;0;7;3078;4.18;188.47;;;
36.747378;-3.597876;42;0;0;7;3078;4.2;188.45;;;
36.747378;-3.597652;42;0;0;7;3078;4.22;188.43;;;
36.747403;-3.597430;42;0;0;7;3078;4.24;188.41;;;
36.747431;-3.597208;41;0;0;7;3078;4.26;188.39;;;
36.747458;-3.596986;41;0;0;7;3078;4.28;188.37;;;
36.747486;-3.596764;41;0;0;7;3078;4.3;188.35;;;
36.747514;-3.596543;41;0;0;7;3078;4.32;188.33;;;
36.747541;-3.596321;41;0;0;7;3078;4.34;188.31;;;
36.747576;-3.595874;41;0;0;7;3078;4.38;188.27;;;
36.747581;-3.595426;41;0;-1;7;3078;4.42;188.23;;;
36.747540;-3.594980;41;0;-1;7;3078;4.46;188.19;;;
36.747488;-3.594536;40;0;-1;7;3078;4.5;188.15;;;
36.747437;-3.594092;40;0;-1;7;3078;4.54;188.11;;;
36.747428;-3.593644;39;0;-2;7;3078;4.58;188.07;;;
36.747482;-3.593203;39;0;-2;7;3078;4.62;188.03;;;
36.747618;-3.592788;38;0;-2;7;3078;4.66;187.99;;;
36.747709;-3.592595;37;0;-2;7;3078;4.68;187.97;;;
36.747821;-3.592419;37;0;-2;7;3078;4.7;187.95;;;
36.747932;-3.592243;37;0;-2;7;3078;4.72;187.93;;;
36.748042;-3.592066;36;0;-2;7;3078;4.74;187.91;;;
36.748154;-3.591890;36;0;-2;7;3078;4.76;187.89;;;
36.748265;-3.591714;35;0;-2;7;3078;4.78;187.87;;;
36.748376;-3.591537;35;0;-2;7;3078;4.8;187.85;;;
36.748478;-3.591352;34;0;-2;7;3078;4.82;187.83;;;
36.748578;-3.591165;34;0;-3;7;3078;4.84;187.81;;;
36.748741;-3.590766;33;0;-3;7;3078;4.88;187.77;;;
36.748862;-3.590343;32;0;-3;7;3078;4.92;187.73;;;
36.748915;-3.589900;30;0;-3;7;3078;4.96;187.69;;;
36.748901;-3.589452;29;0;-3;7;3078;5;187.65;5;;
36.748796;-3.589025;28;0;-3;7;3078;5.04;187.61;;;
36.748663;-3.588609;27;0;-2;7;3078;5.08;187.57;;;
36.748488;-3.588217;26;0;-2;7;3078;5.12;187.53;;;
36.748400;-3.588021;26;0;-2;7;3078;5.14;187.51;;;
36.748312;-3.587825;25;0;-2;7;3078;5.16;187.49;;;
36.748224;-3.587629;25;0;-2;7;3078;5.18;187.47;;;
36.748136;-3.587433;24;0;-2;7;3078;5.2;187.45;;;
36.748049;-3.587237;24;0;-2;7;3078;5.22;187.43;;;
36.747961;-3.587041;23;0;-2;7;3078;5.24;187.41;;;
36.747874;-3.586845;23;0;-2;7;3078;5.26;187.39;;;
36.747786;-3.586649;23;0;-2;7;3078;5.28;187.37;;;
36.747698;-3.586453;22;0;-2;7;3078;5.3;187.35;;;
36.747610;-3.586257;22;0;-2;7;3078;5.32;187.33;;;
36.747522;-3.586062;21;0;-2;7;3078;5.34;187.31;;;
36.747433;-3.585866;21;0;-2;7;3078;5.36;187.29;;;
36.747344;-3.585672;21;0;-2;7;3078;5.38;187.27;;;
36.747254;-3.585477;20;0;-2;7;3078;5.4;187.25;;;
36.747165;-3.585282;20;0;-2;7;3078;5.42;187.23;;;
36.747081;-3.585084;20;0;-2;7;3078;5.44;187.21;;;
36.747007;-3.584879;19;0;-2;7;3078;5.46;187.19;;;
36.746926;-3.584679;19;0;-2;7;3078;5.48;187.17;;;
36.746839;-3.584483;18;0;-2;7;3078;5.5;187.15;;;
36.746752;-3.584286;18;0;-2;7;3078;5.52;187.13;;;
36.746665;-3.584090;18;0;-2;7;3078;5.54;187.11;;;
36.746579;-3.583893;17;0;-1;7;3078;5.56;187.09;;;
36.746491;-3.583696;17;0;-1;7;3078;5.58;187.07;;;
36.746404;-3.583500;17;0;-1;7;3078;5.6;187.05;;;
36.746336;-3.583294;17;0;-1;7;3078;5.62;187.03;;;
36.746281;-3.583080;16;0;-1;7;3078;5.64;187.01;;;
36.746245;-3.582861;16;0;-1;7;3078;5.66;186.99;;;
36.746224;-3.582638;16;0;-1;7;3078;5.68;186.97;;;
36.746211;-3.582414;16;0;-1;7;3078;5.7;186.95;;;
36.746197;-3.582190;16;0;-1;7;3078;5.72;186.93;;;
36.746184;-3.581966;16;0;-1;7;3078;5.74;186.91;;;
36.746170;-3.581743;15;0;-1;7;3078;5.76;186.89;;;
36.746157;-3.581519;15;0;-1;7;3078;5.78;186.87;;;
36.746143;-3.581295;15;0;0;7;3078;5.8;186.85;;;
36.746129;-3.581071;15;0;0;7;3078;5.82;186.83;;;
36.746116;-3.580847;15;0;0;7;3078;5.84;186.81;;;
36.746102;-3.580623;15;0;0;7;3078;5.86;186.79;;;
36.746088;-3.580400;15;0;0;7;3078;5.88;186.77;;;
36.746075;-3.580176;15;0;0;7;3078;5.9;186.75;;;
36.746061;-3.579952;15;0;0;7;3078;5.92;186.73;;;
36.746048;-3.579728;15;0;0;7;3078;5.94;186.71;;;
36.746034;-3.579504;15;0;0;7;3078;5.96;186.69;;;
36.746020;-3.579281;15;0;0;7;3078;5.98;186.67;;;
36.746006;-3.579057;15;0;0;7;3078;6;186.65;;;
36.745993;-3.578833;15;0;0;7;3078;6.02;186.63;;;
36.745979;-3.578609;15;0;0;7;3078;6.04;186.61;;;
36.745966;-3.578385;15;0;0;7;3078;6.06;186.59;;;
36.745952;-3.578161;15;0;0;7;3078;6.08;186.57;;;
36.745938;-3.577938;15;0;0;7;3078;6.1;186.55;;;
36.745925;-3.577714;15;0;0;7;3078;6.12;186.53;;;
36.745911;-3.577490;15;0;0;7;3078;6.14;186.51;;;
36.745897;-3.577266;15;0;0;8;3077;6.16;186.49;;;
36.745884;-3.577042;15;0;0;8;3077;6.18;186.47;;;
36.745870;-3.576819;16;0;0;8;3077;6.2;186.45;;;
36.745857;-3.576595;16;0;0;8;3077;6.22;186.43;;;
36.745843;-3.576371;16;0;0;8;3077;6.24;186.41;;;
36.745829;-3.576147;16;0;0;8;3077;6.26;186.39;;;
36.745816;-3.575923;16;0;0;8;3077;6.28;186.37;;;
36.745802;-3.575699;16;0;0;8;3077;6.3;186.35;;;
36.745789;-3.575476;16;0;1;8;3077;6.32;186.33;;;
36.745775;-3.575252;16;0;1;8;3077;6.34;186.31;;;
36.745761;-3.575028;16;0;1;8;3077;6.36;186.29;;;
36.745747;-3.574804;16;0;1;8;3077;6.38;186.27;;;
36.745734;-3.574580;16;0;1;9;3076;6.4;186.25;;;
36.745720;-3.574357;17;0;1;9;3076;6.42;186.23;;;
36.745706;-3.574133;17;0;1;9;3076;6.44;186.21;;;
36.745693;-3.573909;17;0;1;9;3076;6.46;186.19;;;
36.745679;-3.573685;17;0;1;9;3076;6.48;186.17;;;
36.745665;-3.573461;17;0;1;9;3076;6.5;186.15;;;
36.745652;-3.573237;17;0;1;9;3076;6.52;186.13;;;
36.745638;-3.573014;17;0;1;9;3076;6.54;186.11;;;
36.745625;-3.572790;17;0;1;10;3075;6.56;186.09;;;
36.745611;-3.572566;18;0;1;10;3075;6.58;186.07;;;
36.745598;-3.572342;18;0;1;10;3075;6.6;186.05;;;
36.745584;-3.572118;18;0;1;10;3075;6.62;186.03;;;
36.745570;-3.571895;18;0;1;10;3075;6.64;186.01;;;
36.745556;-3.571671;18;0;1;10;3075;6.66;185.99;;;
36.745543;-3.571447;18;0;1;10;3075;6.68;185.97;;;
36.745529;-3.571223;18;0;1;11;3074;6.7;185.95;;;
36.745515;-3.570999;19;0;1;11;3074;6.72;185.93;;;
36.745502;-3.570775;19;0;1;11;3074;6.74;185.91;;;
36.745488;-3.570552;19;0;1;11;3074;6.76;185.89;;;
36.745474;-3.570328;19;0;1;11;3074;6.78;185.87;;;
36.745461;-3.570104;19;0;1;11;3074;6.8;185.85;;;
36.745447;-3.569880;19;0;1;11;3074;6.82;185.83;;;
36.745434;-3.569656;19;0;1;12;3073;6.84;185.81;;;
36.745420;-3.569433;20;0;1;12;3073;6.86;185.79;;;
36.745406;-3.569209;20;0;1;12;3073;6.88;185.77;;;
36.745392;-3.568985;20;0;1;12;3073;6.9;185.75;;;
36.745379;-3.568761;20;0;1;12;3073;6.92;185.73;;;
36.745365;-3.568537;20;0;1;12;3073;6.94;185.71;;;
36.745352;-3.568313;20;0;1;12;3073;6.96;185.69;;;
36.745338;-3.568090;20;0;1;13;3072;6.98;185.67;;;
36.745324;-3.567866;20;0;1;13;3072;7;185.65;;;
36.745311;-3.567642;21;0;1;13;3072;7.02;185.63;;;
36.745297;-3.567418;21;0;1;13;3072;7.04;185.61;;;
36.745283;-3.567194;21;0;1;13;3072;7.06;185.59;;;
36.745269;-3.566971;21;0;1;13;3072;7.08;185.57;;;
36.745253;-3.566747;21;0;1;13;3072;7.1;185.55;;;
36.745226;-3.566525;21;0;1;13;3072;7.12;185.53;;;
36.745197;-3.566304;21;0;1;13;3072;7.14;185.51;;;
36.745167;-3.566082;21;0;1;14;3071;7.16;185.49;;;
36.745137;-3.565861;22;0;1;14;3071;7.18;185.47;;;
36.745108;-3.565640;22;0;1;14;3071;7.2;185.45;;;
36.745070;-3.565420;22;0;1;14;3071;7.22;185.43;;;
36.745029;-3.565202;22;0;1;14;3071;7.24;185.41;;;
36.744987;-3.564983;22;0;1;14;3071;7.26;185.39;;;
36.744946;-3.564765;22;0;0;14;3071;7.28;185.37;;;
36.744904;-3.564546;22;0;0;14;3071;7.3;185.35;;;
36.744863;-3.564328;22;0;1;15;3070;7.32;185.33;;;
36.744822;-3.564110;22;0;1;15;3070;7.34;185.31;;;
36.744780;-3.563891;23;0;1;15;3070;7.36;185.29;;;
36.744739;-3.563673;23;0;1;15;3070;7.38;185.27;;;
36.744700;-3.563454;23;0;1;15;3070;7.4;185.25;6;;
36.744712;-3.563239;23;0;1;15;3070;7.42;185.23;;;
36.744845;-3.563099;23;0;1;15;3070;7.44;185.21;;;
36.745017;-3.563120;23;0;1;16;3069;7.46;185.19;;;
36.745183;-3.563203;24;0;0;16;3069;7.48;185.17;;;
36.745361;-3.563209;24;0;0;16;3069;7.5;185.15;;;
36.745541;-3.563191;24;0;0;16;3069;7.52;185.13;;;
36.745720;-3.563180;24;0;0;16;3069;7.54;185.11;;;
36.745900;-3.563170;24;0;0;16;3069;7.56;185.09;;;
36.746080;-3.563160;24;0;0;16;3069;7.58;185.07;;;
36.746259;-3.563149;24;0;0;16;3069;7.6;185.05;;;
36.746438;-3.563166;24;0;0;16;3069;7.62;185.03;;;
36.746618;-3.563185;24;0;0;16;3069;7.64;185.01;;;
36.746797;-3.563205;24;0;0;16;3069;7.66;184.99;;;
36.746972;-3.563254;24;0;0;16;3069;7.68;184.97;;;
36.747146;-3.563310;24;0;0;16;3069;7.7;184.95;;;
36.747320;-3.563365;24;0;0;17;3068;7.72;184.93;;;
36.747495;-3.563421;25;0;1;17;3068;7.74;184.91;;;
36.747663;-3.563499;25;0;1;17;3068;7.76;184.89;;;
36.747828;-3.563587;25;0;1;17;3068;7.78;184.87;;;
36.747994;-3.563675;25;0;1;17;3068;7.8;184.85;;;
36.748159;-3.563763;25;0;1;17;3068;7.82;184.83;;;
36.748325;-3.563851;25;0;1;17;3068;7.84;184.81;;;
36.748490;-3.563940;25;0;1;17;3068;7.86;184.79;;;
36.748655;-3.564028;25;0;1;17;3068;7.88;184.77;;;
36.748821;-3.564116;25;0;1;18;3067;7.9;184.75;;;
36.748986;-3.564204;25;0;1;18;3067;7.92;184.73;;;
36.749157;-3.564262;26;0;1;18;3067;7.94;184.71;;;
36.749335;-3.564247;26;0;1;18;3067;7.96;184.69;;;
36.749499;-3.564159;26;0;1;18;3067;7.98;184.67;;;
36.749676;-3.564172;26;0;1;18;3067;8;184.65;;;
36.749803;-3.564321;27;0;1;19;3066;8.02;184.63;;;
36.750083;-3.564588;27;0;1;19;3066;8.06;184.59;;;
36.750256;-3.564647;27;0;1;20;3065;8.08;184.57;;;
36.750433;-3.564686;28;0;1;20;3065;8.1;184.55;;;
36.750791;-3.564730;28;0;1;20;3065;8.14;184.51;;;
36.750970;-3.564751;28;0;1;20;3065;8.16;184.49;;;
36.751150;-3.564758;28;0;1;21;3064;8.18;184.47;;;
36.751689;-3.564758;29;0;1;21;3064;8.24;184.41;;;
36.751869;-3.564748;29;0;1;21;3064;8.26;184.39;;;
36.752408;-3.564714;30;0;1;22;3063;8.32;184.33;;;
36.752587;-3.564703;30;0;1;22;3063;8.34;184.31;;;
36.752767;-3.564692;30;0;1;22;3063;8.36;184.29;;;
36.753126;-3.564669;31;0;1;23;3062;8.4;184.25;;;
36.753306;-3.564658;31;0;1;23;3062;8.42;184.23;;;
36.753486;-3.564646;31;0;1;23;3062;8.44;184.21;;;
36.753845;-3.564623;31;0;1;24;3061;8.48;184.17;;;
36.754025;-3.564611;32;0;1;24;3061;8.5;184.15;;;
36.754204;-3.564600;32;0;1;24;3061;8.52;184.13;;;
36.754563;-3.564577;32;0;1;24;3061;8.56;184.09;;;
36.754743;-3.564566;32;0;1;25;3060;8.58;184.07;;;
36.754923;-3.564555;33;0;1;25;3060;8.6;184.05;;;
36.755282;-3.564532;33;0;1;25;3060;8.64;184.01;;;
36.755462;-3.564521;33;0;1;25;3060;8.66;183.99;;;
36.755641;-3.564509;33;0;1;26;3059;8.68;183.97;;;
36.756180;-3.564475;34;0;1;26;3059;8.74;183.91;;;
36.756359;-3.564458;34;0;1;26;3059;8.76;183.89;;;
36.756896;-3.564384;35;0;1;27;3058;8.82;183.83;;;
36.757074;-3.564353;35;0;1;27;3058;8.84;183.81;;;
36.757252;-3.564321;35;0;1;27;3058;8.86;183.79;;;
36.757607;-3.564247;36;0;1;28;3057;8.9;183.75;;;
36.757783;-3.564201;36;0;1;28;3057;8.92;183.73;;;
36.757959;-3.564154;36;0;1;28;3057;8.94;183.71;;;
36.758310;-3.564061;36;0;1;28;3057;8.98;183.67;;;
36.758486;-3.564012;36;0;1;29;3056;9;183.65;;;
36.758661;-3.563962;37;0;1;29;3056;9.02;183.63;;;
36.759012;-3.563862;37;0;1;29;3056;9.06;183.59;;;
36.759188;-3.563813;37;0;1;29;3056;9.08;183.57;;;
36.759363;-3.563764;37;0;1;29;3056;9.1;183.55;;;
36.759714;-3.563664;37;0;1;30;3055;9.14;183.51;;;
36.759889;-3.563615;38;0;1;30;3055;9.16;183.49;;;
36.760064;-3.563563;38;0;1;30;3055;9.18;183.47;;;
36.760589;-3.563406;38;0;1;30;3055;9.24;183.41;;;
36.760764;-3.563355;38;0;1;31;3054;9.26;183.39;;;
36.761289;-3.563198;39;0;1;31;3054;9.32;183.33;;;
36.761463;-3.563143;39;0;1;31;3054;9.34;183.31;;;
36.761637;-3.563087;39;0;1;31;3054;9.36;183.29;;;
36.761986;-3.562976;39;0;1;32;3053;9.4;183.25;;;
36.762160;-3.562921;40;0;1;32;3053;9.42;183.23;;;
36.762335;-3.562866;40;0;1;32;3053;9.44;183.21;;;
36.762682;-3.562749;40;0;1;32;3053;9.48;183.17;;;
36.762854;-3.562685;40;0;1;32;3053;9.5;183.15;;;
36.763027;-3.562620;40;0;1;32;3053;9.52;183.13;;;
36.763371;-3.562491;40;0;1;33;3052;9.56;183.09;;;
36.763543;-3.562427;41;0;1;33;3052;9.58;183.07;;;
36.763716;-3.562362;41;0;1;33;3052;9.6;183.05;;;
36.764058;-3.562225;41;0;1;33;3052;9.64;183.01;;;
36.764228;-3.562153;41;0;1;33;3052;9.66;182.99;;;
36.764399;-3.562081;41;0;0;33;3052;9.68;182.97;;;
36.764910;-3.561865;41;0;0;33;3052;9.74;182.91;;;
36.765080;-3.561793;41;0;1;34;3051;9.76;182.89;;;
36.765591;-3.561576;42;0;1;34;3051;9.82;182.83;;;
36.765760;-3.561498;42;0;1;34;3051;9.84;182.81;;;
36.765927;-3.561417;42;0;1;34;3051;9.86;182.79;;;
36.766262;-3.561253;42;0;0;34;3051;9.9;182.75;;;
36.766430;-3.561171;42;0;0;34;3051;9.92;182.73;;;
36.766597;-3.561088;42;0;0;35;3050;9.94;182.71;;;
36.766930;-3.560918;43;0;0;35;3050;9.98;182.67;;;
36.767097;-3.560833;43;0;1;35;3050;10;182.65;;;
36.767263;-3.560748;43;0;0;35;3050;10.02;182.63;;;
36.767596;-3.560578;43;0;0;35;3050;10.06;182.59;;;
36.767762;-3.560493;43;0;0;35;3050;10.08;182.57;;;
36.767929;-3.560408;43;0;1;35;3050;10.1;182.55;;;
36.768261;-3.560237;43;0;1;35;3050;10.14;182.51;;;
36.768421;-3.560135;43;0;0;36;3049;10.16;182.49;;;
36.768577;-3.560023;44;0;1;36;3049;10.18;182.47;;;
36.769042;-3.559681;44;0;1;36;3049;10.24;182.41;;;
36.769194;-3.559561;44;0;1;36;3049;10.26;182.39;;;
36.769337;-3.559425;44;0;1;36;3049;10.28;182.37;;;
36.769475;-3.559282;44;0;1;36;3049;10.3;182.35;;;
36.769613;-3.559137;44;0;1;36;3049;10.32;182.33;;;
36.769747;-3.558988;44;0;1;37;3048;10.34;182.31;;;
36.769871;-3.558825;45;0;1;37;3048;10.36;182.29;;;
36.769995;-3.558662;45;0;1;37;3048;10.38;182.27;;;
36.770119;-3.558500;45;0;1;37;3048;10.4;182.25;;;
36.770203;-3.558305;45;0;1;37;3048;10.42;182.23;;;
36.770189;-3.558089;45;0;1;38;3047;10.44;182.21;;;
36.770217;-3.557871;46;0;1;38;3047;10.46;182.19;;;
36.770325;-3.557697;46;0;1;38;3047;10.48;182.17;;;
36.770472;-3.557574;46;0;1;38;3047;10.5;182.15;7;;
36.770650;-3.557567;46;0;1;38;3047;10.52;182.13;;;
36.770820;-3.557636;47;0;1;39;3046;10.54;182.11;;;
36.770993;-3.557668;47;0;1;39;3046;10.56;182.09;;;
36.771124;-3.557517;47;0;1;39;3046;10.58;182.07;;;
36.771227;-3.557334;47;0;1;39;3046;10.6;182.05;;;
36.771313;-3.557136;47;0;1;40;3045;10.62;182.03;;;
36.771399;-3.556939;48;0;1;40;3045;10.64;182.01;;;
36.771485;-3.556742;48;0;1;40;3045;10.66;181.99;;;
36.771570;-3.556544;48;0;1;40;3045;10.68;181.97;;;
36.771656;-3.556347;48;0;1;40;3045;10.7;181.95;;;
36.771742;-3.556150;48;0;1;40;3045;10.72;181.93;;;
36.771828;-3.555952;48;0;1;40;3045;10.74;181.91;;;
36.771913;-3.555755;48;0;1;40;3045;10.76;181.89;;;
36.771999;-3.555557;48;0;1;41;3044;10.78;181.87;;;
36.772085;-3.555360;49;0;1;41;3044;10.8;181.85;;;
36.772171;-3.555163;49;0;1;41;3044;10.82;181.83;;;
36.772256;-3.554965;49;0;1;41;3044;10.84;181.81;;;
36.772342;-3.554768;49;0;1;41;3044;10.86;181.79;;;
36.772428;-3.554570;49;0;1;41;3044;10.88;181.77;;;
36.772514;-3.554373;49;0;1;41;3044;10.9;181.75;;;
36.772599;-3.554175;49;0;1;42;3043;10.92;181.73;;;
36.772685;-3.553978;50;0;1;42;3043;10.94;181.71;;;
36.772771;-3.553781;50;0;1;42;3043;10.96;181.69;;;
36.772856;-3.553583;50;0;1;42;3043;10.98;181.67;;;
36.772942;-3.553386;50;0;1;42;3043;11;181.65;;;
36.773030;-3.553190;50;0;1;42;3043;11.02;181.63;;;
36.773118;-3.552995;50;0;1;43;3042;11.04;181.61;;;
36.773206;-3.552799;51;0;1;43;3042;11.06;181.59;;;
36.773294;-3.552603;51;0;1;43;3042;11.08;181.57;;;
36.773382;-3.552407;51;0;1;43;3042;11.1;181.55;;;
36.773471;-3.552212;51;0;1;43;3042;11.12;181.53;;;
36.773559;-3.552016;51;0;1;43;3042;11.14;181.51;;;
36.773647;-3.551820;51;0;1;44;3041;11.16;181.49;;;
36.773735;-3.551624;52;0;1;44;3041;11.18;181.47;;;
36.773824;-3.551429;52;0;1;44;3041;11.2;181.45;;;
36.773912;-3.551233;52;0;1;44;3041;11.22;181.43;;;
36.774000;-3.551037;52;0;1;44;3041;11.24;181.41;;;
36.774087;-3.550841;52;0;1;44;3041;11.26;181.39;;;
36.774176;-3.550646;52;0;1;44;3041;11.28;181.37;;;
36.774264;-3.550450;52;0;1;45;3040;11.3;181.35;;;
36.774352;-3.550254;53;0;1;45;3040;11.32;181.33;;;
36.774440;-3.550058;53;0;1;45;3040;11.34;181.31;;;
36.774540;-3.549872;53;0;1;45;3040;11.36;181.29;;;
36.774643;-3.549688;53;0;1;45;3040;11.38;181.27;;;
36.774746;-3.549504;53;0;1;45;3040;11.4;181.25;;;
36.774849;-3.549319;53;0;1;45;3040;11.42;181.23;;;
36.774952;-3.549136;53;0;1;45;3040;11.44;181.21;;;
36.775063;-3.548959;53;0;1;46;3039;11.46;181.19;;;
36.775175;-3.548783;54;0;1;46;3039;11.48;181.17;;;
36.775286;-3.548606;54;0;1;46;3039;11.5;181.15;;;
36.775397;-3.548429;54;0;1;46;3039;11.52;181.13;;;
36.775508;-3.548253;54;0;1;46;3039;11.54;181.11;;;
36.775619;-3.548076;54;0;1;46;3039;11.56;181.09;;;
36.775730;-3.547900;54;0;1;46;3039;11.58;181.07;;;
36.775841;-3.547723;54;0;1;47;3038;11.6;181.05;;;
36.775952;-3.547546;55;0;1;47;3038;11.62;181.03;;;
36.776063;-3.547370;55;0;1;47;3038;11.64;181.01;;;
36.776174;-3.547193;55;0;1;47;3038;11.66;180.99;;;
36.776286;-3.547017;55;0;1;47;3038;11.68;180.97;;;
36.776396;-3.546840;55;0;1;47;3038;11.7;180.95;;;
36.776507;-3.546663;55;0;1;48;3037;11.72;180.93;;;
36.776619;-3.546487;56;0;1;48;3037;11.74;180.91;;;
36.776736;-3.546317;56;0;1;48;3037;11.76;180.89;;;
36.776853;-3.546146;56;0;1;48;3037;11.78;180.87;;;
36.776974;-3.545980;56;0;1;48;3037;11.8;180.85;;;
36.777101;-3.545821;56;0;1;48;3037;11.82;180.83;;;
36.777227;-3.545661;56;0;1;49;3036;11.84;180.81;;;
36.777362;-3.545514;57;0;1;49;3036;11.86;180.79;;;
36.777513;-3.545392;57;0;1;49;3036;11.88;180.77;;;
36.777666;-3.545274;57;0;1;49;3036;11.9;180.75;;;
36.777820;-3.545157;57;0;1;49;3036;11.92;180.73;;;
36.777987;-3.545074;57;0;1;49;3036;11.94;180.71;;;
36.778157;-3.545005;57;0;1;50;3035;11.96;180.69;;;
36.778332;-3.544953;58;0;1;50;3035;11.98;180.67;;;
36.778507;-3.544900;58;0;1;50;3035;12;180.65;;;
36.778683;-3.544854;58;0;1;50;3035;12.02;180.63;;;
36.778860;-3.544819;58;0;1;50;3035;12.04;180.61;;;
36.779040;-3.544825;59;0;1;51;3034;12.06;180.59;;;
36.779220;-3.544831;59;0;1;51;3034;12.08;180.57;;;
36.779400;-3.544837;59;0;1;51;3034;12.1;180.55;;;
36.779579;-3.544843;59;0;1;51;3034;12.12;180.53;;;
36.779759;-3.544850;60;0;1;52;3033;12.14;180.51;;;
36.779939;-3.544864;60;0;1;52;3033;12.16;180.49;;;
36.780118;-3.544878;60;0;1;52;3033;12.18;180.47;;;
36.780298;-3.544892;60;0;1;52;3033;12.2;180.45;;;
36.780477;-3.544907;60;0;1;53;3032;12.22;180.43;;;
36.780657;-3.544921;61;0;1;53;3032;12.24;180.41;;;
36.780836;-3.544935;61;0;1;53;3032;12.26;180.39;;;
36.781016;-3.544950;61;0;1;53;3032;12.28;180.37;;;
36.781195;-3.544964;62;0;1;54;3031;12.3;180.35;;;
36.781375;-3.544978;62;0;1;54;3031;12.32;180.33;;;
36.781554;-3.544992;62;0;1;54;3031;12.34;180.31;;;
36.781734;-3.545007;62;0;1;55;3030;12.36;180.29;;;
36.781913;-3.545021;63;0;1;55;3030;12.38;180.27;;;
36.782093;-3.545035;63;0;1;55;3030;12.4;180.25;;;
36.782272;-3.545049;63;0;1;55;3030;12.42;180.23;;;
36.782452;-3.545064;64;0;2;56;3029;12.44;180.21;;;
36.782631;-3.545078;64;0;2;56;3029;12.46;180.19;;;
36.782809;-3.545073;64;0;2;56;3029;12.48;180.17;;;
36.782982;-3.545013;65;0;2;57;3028;12.5;180.15;;;
36.783151;-3.544934;65;0;2;57;3028;12.52;180.13;;;
36.783314;-3.544842;65;0;2;58;3027;12.54;180.11;;;
36.783462;-3.544716;66;0;2;58;3027;12.56;180.09;;;
36.783594;-3.544564;66;0;2;58;3027;12.58;180.07;;;
36.783720;-3.544405;67;0;2;59;3026;12.6;180.05;;;
36.783819;-3.544219;67;0;2;59;3026;12.62;180.03;;;
36.783903;-3.544020;68;0;2;60;3025;12.64;180.01;;;
36.783978;-3.543816;68;0;2;60;3025;12.66;179.99;;;
36.784045;-3.543608;68;0;2;61;3024;12.68;179.97;;;
36.784111;-3.543399;69;0;2;61;3024;12.7;179.95;;;
36.784178;-3.543191;69;0;2;61;3024;12.72;179.93;;;
36.784245;-3.542982;69;0;2;62;3023;12.74;179.91;;;
36.784316;-3.542776;70;0;2;62;3023;12.76;179.89;;;
36.784396;-3.542574;70;0;2;62;3023;12.78;179.87;;;
36.784474;-3.542372;70;0;2;62;3023;12.8;179.85;;;
36.784558;-3.542174;71;0;2;63;3022;12.82;179.83;;;
36.784664;-3.541993;71;0;2;63;3022;12.84;179.81;;;
36.784770;-3.541812;71;0;2;64;3021;12.86;179.79;;;
36.784897;-3.541652;72;0;2;64;3021;12.88;179.77;;;
36.785025;-3.541494;72;0;2;65;3020;12.9;179.75;;;
36.785158;-3.541344;73;0;2;65;3020;12.92;179.73;;;
36.785296;-3.541201;73;0;2;65;3020;12.94;179.71;;;
36.785442;-3.541069;74;0;2;66;3019;12.96;179.69;;;
36.785587;-3.540936;74;0;2;66;3019;12.98;179.67;;;
36.785733;-3.540804;74;0;2;67;3018;13;179.65;;;
36.785878;-3.540671;75;0;2;67;3018;13.02;179.63;;;
36.786024;-3.540542;75;0;2;67;3018;13.04;179.61;;;
36.786173;-3.540415;76;0;2;68;3017;13.06;179.59;;;
36.786321;-3.540288;76;0;2;68;3017;13.08;179.57;;;
36.786469;-3.540161;77;0;2;69;3016;13.1;179.55;;;
36.786618;-3.540033;77;0;2;69;3016;13.12;179.53;;;
36.786766;-3.539906;78;0;3;70;3015;13.14;179.51;;;
36.786914;-3.539779;78;0;3;70;3015;13.16;179.49;;;
36.787063;-3.539652;79;0;3;71;3014;13.18;179.47;;;
36.787211;-3.539525;79;0;3;71;3014;13.2;179.45;;;
36.787359;-3.539397;80;0;3;72;3013;13.22;179.43;;;
36.787508;-3.539271;80;0;3;73;3012;13.24;179.41;;;
36.787656;-3.539144;81;0;3;73;3012;13.26;179.39;;;
36.787804;-3.539017;82;0;3;74;3011;13.28;179.37;;;
36.787952;-3.538889;82;0;3;74;3011;13.3;179.35;;;
36.788101;-3.538762;83;0;3;75;3010;13.32;179.33;;;
36.788249;-3.538635;83;0;3;75;3010;13.34;179.31;;;
36.788397;-3.538508;84;0;3;76;3009;13.36;179.29;;;
36.788545;-3.538381;84;0;3;76;3009;13.38;179.27;;;
36.788694;-3.538254;85;0;3;77;3008;13.4;179.25;;;
36.788846;-3.538134;86;0;4;78;3007;13.42;179.23;;;
36.788998;-3.538013;86;0;5;78;3007;13.44;179.21;;;
36.789149;-3.537893;87;0;5;79;3006;13.46;179.19;;;
36.789303;-3.537777;88;0;6;80;3005;13.48;179.17;;;
36.789468;-3.537689;89;0;6;81;3004;13.5;179.15;;;
36.789643;-3.537647;91;0;6;84;3001;13.52;179.13;;;
36.789822;-3.537638;93;0;6;85;3000;13.54;179.11;;;
36.790002;-3.537638;94;0;6;86;2999;13.56;179.09;;;
36.790168;-3.537713;95;0;5;87;2998;13.58;179.07;;;
36.790328;-3.537814;95;0;5;87;2998;13.6;179.05;;;
36.790487;-3.537919;96;0;5;88;2997;13.62;179.03;;;
36.790618;-3.538073;97;0;5;89;2996;13.64;179.01;;;
36.790722;-3.538254;98;0;5;90;2995;13.66;178.99;;;
36.790817;-3.538445;99;0;5;92;2993;13.68;178.97;;;
36.790858;-3.538664;100;0;5;93;2992;13.7;178.95;;;
36.790897;-3.538883;101;0;5;93;2992;13.72;178.93;;;
36.790914;-3.539106;102;0;4;94;2991;13.74;178.91;;;
36.790922;-3.539330;103;0;4;95;2990;13.76;178.89;;;
36.790931;-3.539555;104;0;4;96;2989;13.78;178.87;;;
36.790939;-3.539779;105;0;4;97;2988;13.8;178.85;;;
36.790947;-3.540003;105;0;4;98;2987;13.82;178.83;;;
36.790956;-3.540228;106;0;3;98;2987;13.84;178.81;;;
36.790964;-3.540452;107;0;3;99;2986;13.86;178.79;;;
36.790996;-3.540671;107;0;3;99;2986;13.88;178.77;;;
36.791049;-3.540886;108;0;2;100;2985;13.9;178.75;;;
36.791127;-3.541083;108;0;2;100;2985;13.92;178.73;;;
36.791240;-3.541258;109;0;2;101;2984;13.94;178.71;;;
36.791371;-3.541411;109;0;1;101;2984;13.96;178.69;;;
36.791519;-3.541535;109;0;1;101;2984;13.98;178.67;;;
36.791681;-3.541634;109;0;0;101;2984;14;178.65;;;
36.791858;-3.541666;109;0;0;101;2984;14.02;178.63;;;
36.792037;-3.541695;109;0;0;101;2984;14.04;178.61;;;
36.792214;-3.541665;109;0;-1;101;2984;14.06;178.59;;;
36.792391;-3.541626;109;0;-1;101;2984;14.08;178.57;;;
36.792552;-3.541530;108;0;-2;101;2984;14.1;178.55;;;
36.792704;-3.541411;108;0;-2;101;2984;14.12;178.53;;;
36.792842;-3.541266;108;0;-2;101;2984;14.14;178.51;;;
36.792966;-3.541105;107;0;-2;101;2984;14.16;178.49;;;
36.793086;-3.540938;107;0;-3;101;2984;14.18;178.47;;;
36.793206;-3.540770;106;0;-3;101;2984;14.2;178.45;;;
36.793326;-3.540603;105;0;-3;101;2984;14.22;178.43;;;
36.793446;-3.540435;105;0;-3;101;2984;14.24;178.41;;;
36.793565;-3.540267;104;0;-3;101;2984;14.26;178.39;;;
36.793685;-3.540100;104;0;-3;101;2984;14.28;178.37;;;
36.793804;-3.539932;103;0;-3;101;2984;14.3;178.35;;;
36.793924;-3.539764;102;0;-3;101;2984;14.32;178.33;;;
36.794044;-3.539597;102;0;-3;101;2984;14.34;178.31;;;
36.794164;-3.539429;102;0;-3;101;2984;14.36;178.29;;;
36.794283;-3.539261;101;0;-3;101;2984;14.38;178.27;;;
36.794403;-3.539094;100;0;-3;101;2984;14.4;178.25;;;
36.794527;-3.538931;100;0;-3;101;2984;14.42;178.23;;;
36.794659;-3.538778;99;0;-4;101;2984;14.44;178.21;;;
36.794791;-3.538627;98;0;-4;101;2984;14.46;178.19;;;
36.794940;-3.538500;97;0;-4;101;2984;14.48;178.17;;;
36.795091;-3.538383;97;0;-4;101;2984;14.5;178.15;;;
36.795268;-3.538340;96;0;-4;101;2984;14.52;178.13;;;
36.795444;-3.538299;95;0;-4;101;2984;14.54;178.11;;;
36.795622;-3.538331;94;0;-4;101;2984;14.56;178.09;;;
36.795800;-3.538362;93;0;-3;101;2984;14.58;178.07;;;
36.795968;-3.538432;93;0;-3;101;2984;14.6;178.05;;;
36.796126;-3.538539;92;0;-3;101;2984;14.62;178.03;;;
36.796285;-3.538646;92;0;-3;101;2984;14.64;178.01;;;
36.796438;-3.538763;91;0;-3;101;2984;14.66;177.99;;;
36.796590;-3.538883;90;0;-2;101;2984;14.68;177.97;;;
36.796742;-3.539003;90;0;-2;101;2984;14.7;177.95;;;
36.796893;-3.539126;90;0;-2;101;2984;14.72;177.93;;;
36.797043;-3.539248;89;0;-2;101;2984;14.74;177.91;;;
36.797195;-3.539370;89;0;-2;101;2984;14.76;177.89;;;
36.797352;-3.539479;89;0;-2;101;2984;14.78;177.87;;;
36.797509;-3.539589;88;0;-2;101;2984;14.8;177.85;;;
36.797666;-3.539698;88;0;-2;101;2984;14.82;177.83;;;
36.797828;-3.539795;88;0;-2;101;2984;14.84;177.81;;;
36.797994;-3.539878;87;0;-1;101;2984;14.86;177.79;;;
36.798170;-3.539927;87;0;-1;101;2984;14.88;177.77;;;
36.798347;-3.539962;87;0;-1;101;2984;14.9;177.75;;;
36.798526;-3.539993;86;0;-1;101;2984;14.92;177.73;;;
36.798704;-3.540024;86;0;-1;101;2984;14.94;177.71;;;
36.798883;-3.540012;86;0;-1;101;2984;14.96;177.69;;;
36.799062;-3.539993;86;0;-1;101;2984;14.98;177.67;;;
36.799241;-3.539975;86;0;-1;101;2984;15;177.65;;;
36.799419;-3.539943;86;0;-1;101;2984;15.02;177.63;;;
36.799596;-3.539904;85;0;-1;101;2984;15.04;177.61;;;
36.799774;-3.539865;85;0;-1;101;2984;15.06;177.59;;;
36.799951;-3.539825;85;0;0;101;2984;15.08;177.57;;;
36.800129;-3.539811;85;0;0;101;2984;15.1;177.55;;;
36.800309;-3.539818;85;0;0;101;2984;15.12;177.53;;;
36.800489;-3.539824;85;0;0;101;2984;15.14;177.51;;;
36.800667;-3.539843;85;0;0;101;2984;15.16;177.49;;;
36.800842;-3.539895;85;0;0;101;2984;15.18;177.47;;;
36.801017;-3.539947;85;0;0;101;2984;15.2;177.45;;;
36.801186;-3.540023;85;0;0;101;2984;15.22;177.43;;;
36.801350;-3.540114;85;0;0;101;2984;15.24;177.41;;;
36.801514;-3.540206;85;0;0;101;2984;15.26;177.39;;;
36.801679;-3.540297;85;0;0;101;2984;15.28;177.37;;;
36.801843;-3.540388;85;0;0;101;2984;15.3;177.35;;;
36.802007;-3.540480;85;0;0;101;2984;15.32;177.33;;;
36.802171;-3.540571;85;0;0;101;2984;15.34;177.31;;;
36.802336;-3.540663;85;0;0;101;2984;15.36;177.29;;;
36.802500;-3.540754;85;0;0;101;2984;15.38;177.27;;;
36.802664;-3.540845;85;0;0;102;2983;15.4;177.25;;;
36.802828;-3.540937;85;0;0;102;2983;15.42;177.23;;;
36.802993;-3.541028;85;0;0;102;2983;15.44;177.21;;;
36.803157;-3.541120;86;0;0;102;2983;15.46;177.19;;;
36.803322;-3.541211;86;0;0;102;2983;15.48;177.17;;;
36.803486;-3.541302;86;0;0;102;2983;15.5;177.15;;;
36.803650;-3.541394;86;0;0;102;2983;15.52;177.13;;;
36.803814;-3.541485;86;0;0;102;2983;15.54;177.11;;;
36.803979;-3.541577;86;0;0;102;2983;15.56;177.09;;;
36.804143;-3.541668;86;0;1;102;2983;15.58;177.07;;;
36.804307;-3.541760;86;0;1;102;2983;15.6;177.05;;;
36.804471;-3.541851;86;0;1;102;2983;15.62;177.03;;;
36.804636;-3.541942;86;0;1;102;2983;15.64;177.01;;;
36.804800;-3.542034;86;0;1;103;2982;15.66;176.99;;;
36.804964;-3.542125;87;0;1;103;2982;15.68;176.97;;;
36.805129;-3.542217;87;0;1;103;2982;15.7;176.95;;;
36.805293;-3.542309;87;0;1;103;2982;15.72;176.93;;;
36.805457;-3.542401;87;0;1;104;2981;15.74;176.91;;;
36.805621;-3.542493;87;0;1;104;2981;15.76;176.89;;;
36.805785;-3.542585;88;0;1;104;2981;15.78;176.87;;;
36.805949;-3.542677;88;0;1;104;2981;15.8;176.85;;;
36.806113;-3.542768;88;0;1;104;2981;15.82;176.83;;;
36.806278;-3.542860;88;0;1;104;2981;15.84;176.81;;;
36.806442;-3.542952;88;0;1;105;2980;15.86;176.79;;;
36.806606;-3.543044;89;0;1;105;2980;15.88;176.77;;;
36.806770;-3.543136;89;0;1;105;2980;15.9;176.75;;;
36.806934;-3.543228;89;0;1;106;2979;15.92;176.73;;;
36.807098;-3.543319;90;0;2;106;2979;15.94;176.71;;;
36.807266;-3.543399;90;0;2;106;2979;15.96;176.69;;;
36.807437;-3.543469;90;0;2;107;2978;15.98;176.67;;;
36.807608;-3.543540;91;0;2;107;2978;16;176.65;;;
36.807783;-3.543592;91;0;2;107;2978;16.02;176.63;;;
36.807959;-3.543635;91;0;2;107;2978;16.04;176.61;;;
36.808676;-3.543698;93;0;2;109;2976;16.12;176.53;;;
36.808856;-3.543709;93;0;2;109;2976;16.14;176.51;;;
36.809036;-3.543716;93;0;2;109;2976;16.16;176.49;;;
36.809215;-3.543704;94;0;2;110;2975;16.18;176.47;;;
36.809395;-3.543693;94;0;2;110;2975;16.2;176.45;;;
36.809574;-3.543669;94;0;2;111;2974;16.22;176.43;;;
36.810102;-3.543538;96;0;2;112;2973;16.28;176.37;;;
36.810270;-3.543461;96;0;2;112;2973;16.3;176.35;;;
36.810437;-3.543375;97;0;2;113;2972;16.32;176.33;;;
36.810598;-3.543277;97;0;2;113;2972;16.34;176.31;;;
36.810752;-3.543162;98;0;2;114;2971;16.36;176.29;;;
36.810902;-3.543039;98;0;2;114;2971;16.38;176.27;;;
36.811408;-3.542403;99;0;2;115;2970;16.46;176.19;;;
36.811512;-3.542219;100;0;2;116;2969;16.48;176.17;;;
36.811616;-3.542036;100;0;2;116;2969;16.5;176.15;;;
36.811715;-3.541849;100;0;2;117;2968;16.52;176.13;;;
36.811806;-3.541655;101;0;2;117;2968;16.54;176.11;;;
36.812328;-3.541447;102;0;1;118;2967;16.62;176.03;8;;
36.812485;-3.541557;102;0;2;118;2967;16.64;176.01;;;
36.812640;-3.541669;102;0;2;118;2967;16.66;175.99;;;
36.812796;-3.541781;103;0;2;119;2966;16.68;175.97;;;
36.812912;-3.541943;103;0;2;119;2966;16.7;175.95;;;
36.812915;-3.542167;104;0;2;120;2965;16.72;175.93;;;
36.812905;-3.542840;104;0;1;120;2965;16.78;175.87;;;
36.812901;-3.543065;104;0;1;121;2964;16.8;175.85;;;
36.812895;-3.543290;105;0;1;121;2964;16.82;175.83;;;
36.812870;-3.543511;105;0;1;121;2964;16.84;175.81;;;
36.812818;-3.543727;105;0;1;121;2964;16.86;175.79;;;
36.812730;-3.543923;105;0;1;122;2963;16.88;175.77;;;
36.812375;-3.544704;106;0;1;122;2963;16.96;175.69;;;
36.812287;-3.544900;106;0;1;123;2962;16.98;175.67;;;
36.812199;-3.545096;107;0;2;123;2962;17;175.65;;;
36.812110;-3.545291;107;0;2;123;2962;17.02;175.63;;;
36.812021;-3.545486;107;0;2;124;2961;17.04;175.61;;;
36.812016;-3.546332;109;0;3;126;2959;17.12;175.53;9;;
36.812024;-3.546556;110;0;3;126;2959;17.14;175.51;;;
36.812041;-3.546779;110;0;3;127;2958;17.16;175.49;;;
36.812084;-3.546995;111;0;3;127;2958;17.18;175.47;;;
36.812217;-3.547147;111;0;4;128;2957;17.2;175.45;;;
36.812377;-3.547248;113;0;4;129;2956;17.22;175.43;;;
36.812853;-3.547495;115;0;4;132;2953;17.28;175.37;;;
36.812955;-3.547680;116;0;4;132;2953;17.3;175.35;;;
36.813056;-3.547866;116;0;4;133;2952;17.32;175.33;;;
36.813157;-3.548052;117;0;4;133;2952;17.34;175.31;;;
36.813258;-3.548238;118;0;4;134;2951;17.36;175.29;;;
36.813284;-3.548458;119;0;4;135;2950;17.38;175.27;;;
36.812801;-3.549073;122;0;4;138;2947;17.46;175.19;;;
36.812653;-3.549201;123;0;4;139;2946;17.48;175.17;;;
36.812515;-3.549340;124;0;4;140;2945;17.5;175.15;;;
36.812431;-3.549539;124;0;5;141;2944;17.52;175.13;;;
36.812383;-3.549749;126;0;5;142;2943;17.54;175.11;;;
36.812686;-3.550550;130;0;5;146;2939;17.62;175.03;;;
36.812803;-3.550719;131;0;5;147;2938;17.64;175.01;;;
36.812961;-3.550816;132;0;5;149;2936;17.66;174.99;;;
36.813133;-3.550878;133;0;5;149;2936;17.68;174.97;;;
36.813313;-3.550878;134;0;5;150;2935;17.7;174.95;;;
36.813493;-3.550878;135;0;5;151;2934;17.72;174.93;;;
36.814032;-3.550878;138;0;6;154;2931;17.78;174.87;;;
36.814212;-3.550884;139;0;6;155;2930;17.8;174.85;;;
36.814391;-3.550899;140;0;7;156;2929;17.82;174.83;;;
36.814565;-3.550940;143;0;7;159;2926;17.84;174.81;;;
36.814715;-3.551064;144;0;7;160;2925;17.86;174.79;;;
36.814858;-3.551201;145;0;7;161;2924;17.88;174.77;;;
36.815411;-3.551774;150;0;5;166;2919;17.96;174.69;;;
36.815542;-3.551928;150;0;6;167;2918;17.98;174.67;;;
36.815663;-3.552093;151;0;7;168;2917;18;174.65;;;
36.815763;-3.552279;152;0;7;169;2916;18.02;174.63;;;
36.815882;-3.552448;154;0;7;170;2915;18.04;174.61;;;
36.816527;-3.552706;161;0;7;177;2908;18.12;174.53;;;
36.816625;-3.552894;162;0;6;178;2907;18.14;174.51;;;
36.816697;-3.553099;163;0;6;179;2906;18.16;174.49;;;
36.816769;-3.553305;164;0;5;180;2905;18.18;174.47;;;
36.816841;-3.553511;165;0;5;181;2904;18.2;174.45;;;
36.816913;-3.553717;166;0;5;182;2903;18.22;174.43;;;
36.817058;-3.554365;169;0;7;185;2900;18.28;174.37;;;
36.817103;-3.554583;170;0;8;186;2899;18.3;174.35;;;
36.817192;-3.554776;172;0;9;188;2897;18.32;174.33;;;
36.817333;-3.554907;174;0;9;191;2894;18.34;174.31;;;
36.817511;-3.554928;176;0;9;193;2892;18.36;174.29;;;
36.817674;-3.554851;179;0;9;195;2890;18.38;174.27;;;
36.817957;-3.554045;184;0;5;200;2885;18.46;174.19;;;
36.817964;-3.553820;185;0;5;201;2884;18.48;174.17;;;
36.817957;-3.553597;186;0;5;202;2883;18.5;174.15;;;
36.817934;-3.553374;187;0;5;203;2882;18.52;174.13;;;
36.817934;-3.553150;188;0;6;204;2881;18.54;174.11;;;
36.818507;-3.552916;193;0;7;209;2876;18.62;174.03;;;
36.818678;-3.552982;194;0;7;211;2874;18.64;174.01;;;
36.818820;-3.553114;196;0;7;213;2872;18.66;173.99;;;
36.818904;-3.553310;198;0;8;214;2871;18.68;173.97;;;
36.818961;-3.553522;199;0;8;215;2870;18.7;173.95;;;
36.819021;-3.553733;200;0;7;217;2868;18.72;173.93;;;
36.819461;-3.554003;205;0;6;221;2864;18.78;173.87;;;
36.819637;-3.553968;206;0;6;222;2863;18.8;173.85;;;
36.819808;-3.554007;207;0;6;223;2862;18.82;173.83;;;
36.819942;-3.554152;208;0;5;224;2861;18.84;173.81;;;
36.820055;-3.554327;209;0;5;225;2860;18.86;173.79;;;
36.820173;-3.554496;210;0;5;226;2859;18.88;173.77;;;
36.820846;-3.554721;214;0;5;230;2855;18.96;173.69;;;
36.821010;-3.554798;215;0;4;231;2854;18.98;173.67;;;
36.821188;-3.554826;216;0;4;232;2853;19;173.65;;;
36.821367;-3.554850;217;0;4;233;2852;19.02;173.63;;;
36.821541;-3.554905;218;0;4;234;2851;19.04;173.61;;;
36.822107;-3.555288;221;0;4;237;2848;19.12;173.53;;;
36.822281;-3.555229;222;0;4;238;2847;19.14;173.51;;;
36.822454;-3.555170;222;0;4;238;2847;19.16;173.49;;;
36.822630;-3.555121;223;0;3;239;2846;19.18;173.47;;;
36.822806;-3.555076;223;0;3;240;2845;19.2;173.45;;;
36.822980;-3.555115;224;0;3;240;2845;19.22;173.43;;;
36.823051;-3.555573;227;0;3;243;2842;19.28;173.37;;;
36.822886;-3.555664;227;0;2;243;2842;19.3;173.35;;;
36.822728;-3.555768;227;0;2;243;2842;19.32;173.33;;;
36.822595;-3.555918;228;0;2;244;2841;19.34;173.31;;;
36.822480;-3.556090;228;0;2;244;2841;19.36;173.29;;;
36.822429;-3.556299;228;0;2;244;2841;19.38;173.27;;;
36.821956;-3.556849;230;0;1;246;2839;19.46;173.19;;;
36.821838;-3.557019;230;0;1;246;2839;19.48;173.17;;;
36.821720;-3.557188;230;0;1;246;2839;19.5;173.15;;;
36.821614;-3.557370;230;0;1;246;2839;19.52;173.13;;;
36.821538;-3.557571;231;0;1;247;2838;19.54;173.11;;;
36.821674;-3.558449;232;0;1;248;2837;19.62;173.03;;;
36.821695;-3.558672;232;0;1;248;2837;19.64;173.01;;;
36.821704;-3.558896;232;0;1;249;2836;19.66;172.99;;;
36.821689;-3.559118;233;0;1;249;2836;19.68;172.97;;;
36.821651;-3.559338;233;0;1;249;2836;19.7;172.95;;;
36.821613;-3.559558;233;0;1;249;2836;19.72;172.93;;;
36.821649;-3.560207;234;0;2;250;2835;19.78;172.87;;;
36.821772;-3.560369;234;0;2;250;2835;19.8;172.85;;;
36.821924;-3.560490;234;0;2;251;2834;19.82;172.83;;;
36.822066;-3.560621;235;0;2;251;2834;19.84;172.81;;;
36.822101;-3.560832;236;0;2;252;2833;19.86;172.79;;;
36.822004;-3.561022;236;0;2;252;2833;19.88;172.77;;;
36.822039;-3.561832;237;0;1;253;2832;19.96;172.69;;;
36.822122;-3.562031;237;0;1;253;2832;19.98;172.67;;;
36.822212;-3.562225;237;0;1;253;2832;20;172.65;;;
36.822357;-3.562341;238;0;1;254;2831;20.02;172.63;;;
36.822536;-3.562364;238;0;2;254;2831;20.04;172.61;;;
36.823235;-3.562547;239;0;2;256;2829;20.12;172.53;;;
36.823365;-3.562701;240;0;2;256;2829;20.14;172.51;;;
36.823360;-3.562916;240;0;3;257;2828;20.16;172.49;;;
36.823304;-3.563129;241;0;3;257;2828;20.18;172.47;;;
36.823316;-3.563346;241;0;4;258;2827;20.2;172.45;;;
36.823381;-3.563555;242;0;4;258;2827;20.22;172.43;;;
36.823148;-3.564056;245;0;4;261;2824;20.28;172.37;;;
36.823006;-3.564192;246;0;4;262;2823;20.3;172.35;;;
36.822902;-3.564372;247;0;4;263;2822;20.32;172.33;;;
36.822856;-3.564588;248;0;4;264;2821;20.34;172.31;;;
36.822845;-3.564812;248;0;4;264;2821;20.36;172.29;;;
36.822834;-3.565036;249;0;4;265;2820;20.38;172.27;;;
36.822819;-3.565909;252;0;4;268;2817;20.46;172.19;;;
36.822867;-3.566125;252;0;4;269;2816;20.48;172.17;;;
36.822953;-3.566323;253;0;5;269;2816;20.5;172.15;;;
36.823039;-3.566520;254;0;5;270;2815;20.52;172.13;;;
36.823061;-3.566736;255;0;5;271;2814;20.54;172.11;;;
36.823049;-3.566960;256;0;6;272;2813;20.56;172.09;;;
36.823118;-3.567161;258;0;6;274;2811;20.58;172.07;;;
36.823245;-3.567319;259;0;6;275;2810;20.6;172.05;;;
36.823395;-3.567437;260;0;6;276;2809;20.62;172.03;;;
36.823445;-3.567651;261;0;6;277;2808;20.64;172.01;;;
36.823540;-3.567839;262;0;5;278;2807;20.66;171.99;;;
36.823705;-3.567905;263;0;5;279;2806;20.68;171.97;;;
36.823884;-3.567919;264;0;4;280;2805;20.7;171.95;;;
36.824043;-3.567991;265;0;4;281;2804;20.72;171.93;;;
36.824144;-3.568177;266;0;4;282;2803;20.74;171.91;;;
36.824263;-3.568343;266;0;4;282;2803;20.76;171.89;;;
36.824404;-3.568481;267;0;4;283;2802;20.78;171.87;;;
36.824572;-3.568559;267;0;3;284;2801;20.8;171.85;;;
36.824751;-3.568561;269;0;3;285;2800;20.82;171.83;;;
36.824920;-3.568486;269;0;3;285;2800;20.84;171.81;;;
36.825087;-3.568401;270;0;3;286;2799;20.86;171.79;;;
36.825253;-3.568316;270;0;3;286;2799;20.88;171.77;;;
36.825429;-3.568278;271;0;2;287;2798;20.9;171.75;;;
36.825608;-3.568288;271;0;2;288;2797;20.92;171.73;;;
36.825781;-3.568347;272;0;2;288;2797;20.94;171.71;;;
36.825955;-3.568406;272;0;2;288;2797;20.96;171.69;;;
36.826128;-3.568465;272;0;2;288;2797;20.98;171.67;;;
36.826292;-3.568429;273;0;2;289;2796;21;171.65;;;
36.826426;-3.568280;273;0;2;290;2795;21.02;171.63;;;
36.826560;-3.568129;274;0;2;290;2795;21.04;171.61;;;
36.826723;-3.568040;274;0;2;291;2794;21.06;171.59;;;
36.826886;-3.568066;275;0;2;291;2794;21.08;171.57;;;
36.826983;-3.568246;275;0;1;291;2794;21.1;171.55;;;
36.827046;-3.568457;275;0;1;291;2794;21.12;171.53;;;
36.827108;-3.568668;275;0;1;291;2794;21.14;171.51;;;
36.827222;-3.568839;275;0;1;292;2793;21.16;171.49;;;
36.827377;-3.568951;276;0;1;292;2793;21.18;171.47;;;
36.827555;-3.568961;276;0;0;292;2793;21.2;171.45;;;
36.827728;-3.569021;276;0;0;292;2793;21.22;171.43;;;
36.827888;-3.569115;276;0;0;292;2793;21.24;171.41;;;
36.827956;-3.569314;276;0;-1;292;2793;21.26;171.39;;;
36.827937;-3.569538;276;0;-1;292;2793;21.28;171.37;;;
36.827937;-3.569761;275;0;-1;292;2793;21.3;171.35;;;
36.828040;-3.569938;275;0;-1;292;2793;21.32;171.33;;;
36.828195;-3.570051;275;0;-2;292;2793;21.34;171.31;;;
36.828354;-3.570154;275;0;-1;292;2793;21.36;171.29;;;
36.828516;-3.570247;274;0;-1;292;2793;21.38;171.27;;;
36.828695;-3.570231;274;0;-1;292;2793;21.4;171.25;;;
36.828813;-3.570072;274;0;-1;292;2793;21.42;171.23;;;
36.828914;-3.569886;273;0;-2;292;2793;21.44;171.21;;;
36.829014;-3.569700;273;0;-2;292;2793;21.46;171.19;;;
36.829115;-3.569513;273;0;-2;292;2793;21.48;171.17;;;
36.829222;-3.569336;273;0;-2;292;2793;21.5;171.15;;;
36.829378;-3.569230;272;0;-3;292;2793;21.52;171.13;;;
36.829554;-3.569185;272;0;-3;292;2793;21.54;171.11;;;
36.829731;-3.569164;271;0;-3;292;2793;21.56;171.09;;;
36.829833;-3.569324;270;0;-3;292;2793;21.58;171.07;;;
36.829888;-3.569538;269;0;-3;292;2793;21.6;171.05;;;
36.829966;-3.569739;269;0;-3;292;2793;21.62;171.03;;;
36.830058;-3.569932;268;0;-3;292;2793;21.64;171.01;;;
36.830149;-3.570125;268;0;-2;292;2793;21.66;170.99;;;
36.830241;-3.570318;268;0;-2;292;2793;21.68;170.97;;;
36.830333;-3.570512;267;0;-2;292;2793;21.7;170.95;;;
36.830427;-3.570703;267;0;-2;292;2793;21.72;170.93;;;
36.830525;-3.570891;266;0;-2;292;2793;21.74;170.91;;;
36.830623;-3.571080;266;0;-2;292;2793;21.76;170.89;;;
36.830766;-3.571201;265;0;-3;292;2793;21.78;170.87;;;
36.830940;-3.571258;265;0;-2;292;2793;21.8;170.85;;;
36.831118;-3.571220;264;0;-2;292;2793;21.82;170.83;;;
36.831295;-3.571196;264;0;-2;292;2793;21.84;170.81;;;
36.831469;-3.571250;263;0;-2;292;2793;21.86;170.79;;;
36.831639;-3.571320;263;0;-2;292;2793;21.88;170.77;;;
36.831818;-3.571334;262;0;-2;292;2793;21.9;170.75;;;
36.831998;-3.571348;262;0;-2;292;2793;21.92;170.73;;;
36.832173;-3.571303;262;0;-1;292;2793;21.94;170.71;;;
36.832306;-3.571154;261;0;-1;292;2793;21.96;170.69;;;
36.832404;-3.570965;261;0;-1;292;2793;21.98;170.67;;;
36.832544;-3.570832;261;0;-1;292;2793;22;170.65;;;
36.832714;-3.570838;261;0;0;292;2793;22.02;170.63;;;
36.832823;-3.571003;261;0;0;292;2793;22.04;170.61;;;
36.832883;-3.571215;261;0;0;292;2793;22.06;170.59;;;
36.832944;-3.571427;261;0;0;293;2792;22.08;170.57;;;
36.833005;-3.571638;261;0;1;293;2792;22.1;170.55;;;
36.833080;-3.571842;261;0;1;293;2792;22.12;170.53;;;
36.833186;-3.572020;261;0;1;293;2792;22.14;170.51;;;
36.833326;-3.572159;262;0;1;293;2792;22.16;170.49;;;
36.833489;-3.572250;262;0;2;294;2791;22.18;170.47;;;
36.833664;-3.572281;262;0;2;294;2791;22.2;170.45;;;
36.833838;-3.572229;263;0;2;294;2791;22.22;170.43;;;
36.834010;-3.572163;263;0;2;295;2790;22.24;170.41;;;
36.834188;-3.572146;264;0;3;295;2790;22.26;170.39;;;
36.834367;-3.572142;264;0;3;296;2789;22.28;170.37;;;
36.834547;-3.572138;264;0;3;296;2789;22.3;170.35;;;
36.834719;-3.572071;265;0;3;297;2788;22.32;170.33;;;
36.834893;-3.572013;266;0;3;298;2787;22.34;170.31;;;
36.835071;-3.572022;267;0;4;298;2787;22.36;170.29;;;
36.835247;-3.572067;268;0;4;299;2786;22.38;170.27;;;
36.835418;-3.572132;268;0;4;300;2785;22.4;170.25;;;
36.835586;-3.572214;269;0;5;301;2784;22.42;170.23;;;
36.835753;-3.572296;270;0;5;301;2784;22.44;170.21;;;
36.835924;-3.572365;270;0;5;302;2783;22.46;170.19;;;
36.836092;-3.572441;271;0;6;303;2782;22.48;170.17;;;
36.836212;-3.572596;274;0;6;305;2780;22.5;170.15;;;
36.836190;-3.572814;275;0;7;307;2778;22.52;170.13;;;
36.836134;-3.573027;276;0;7;308;2777;22.54;170.11;;;
36.836128;-3.573245;278;0;7;309;2776;22.56;170.09;;;
36.836251;-3.573400;279;0;7;311;2774;22.58;170.07;;;
36.836424;-3.573448;281;0;7;312;2773;22.6;170.05;;;
36.836594;-3.573496;282;0;7;314;2771;22.62;170.03;;;
36.836753;-3.573601;283;0;8;315;2770;22.64;170.01;;;
36.836889;-3.573745;285;0;8;316;2769;22.66;169.99;;;
36.836927;-3.573948;287;0;7;319;2766;22.68;169.97;;;
36.836881;-3.574165;288;0;7;320;2765;22.7;169.95;;;
36.836911;-3.574382;290;0;7;321;2764;22.72;169.93;;;
36.837036;-3.574527;291;0;6;323;2762;22.74;169.91;;;
36.837191;-3.574640;292;0;5;324;2761;22.76;169.89;;;
36.837340;-3.574764;293;0;5;325;2760;22.78;169.87;;;
36.837476;-3.574912;294;0;5;325;2760;22.8;169.85;;;
36.837625;-3.575036;295;0;4;326;2759;22.82;169.83;;;
36.837782;-3.575144;295;0;5;327;2758;22.84;169.81;;;
36.837946;-3.575237;296;0;5;328;2757;22.86;169.79;;;
36.838109;-3.575331;297;0;5;329;2756;22.88;169.77;;;
36.838235;-3.575488;298;0;5;330;2755;22.9;169.75;;;
36.838353;-3.575657;300;0;5;331;2754;22.92;169.73;;;
36.838460;-3.575838;300;0;5;332;2753;22.94;169.71;;;
36.838579;-3.576004;301;0;5;333;2752;22.96;169.69;;;
36.838731;-3.576119;302;0;5;334;2751;22.98;169.67;;;
36.838896;-3.576210;303;0;5;335;2750;23;169.65;;;
36.839060;-3.576302;304;0;5;335;2750;23.02;169.63;;;
36.839222;-3.576401;305;0;5;336;2749;23.04;169.61;;;
36.839379;-3.576509;306;0;5;337;2748;23.06;169.59;;;
36.839498;-3.576673;307;0;5;339;2746;23.08;169.57;;;
36.839578;-3.576874;308;0;4;340;2745;23.1;169.55;;;
36.839651;-3.577079;309;0;4;340;2745;23.12;169.53;;;
36.839761;-3.577257;310;0;4;341;2744;23.14;169.51;;;
36.839874;-3.577432;310;0;4;342;2743;23.16;169.49;;;
36.839964;-3.577626;311;0;4;342;2743;23.18;169.47;;;
36.840048;-3.577825;311;0;4;343;2742;23.2;169.45;;;
36.840120;-3.578030;312;0;4;344;2741;23.22;169.43;;;
36.840211;-3.578220;313;0;4;345;2740;23.24;169.41;;;
36.840386;-3.578255;314;0;4;346;2739;23.26;169.39;;;
36.840565;-3.578241;315;0;4;347;2738;23.28;169.37;;;
36.840745;-3.578230;316;0;4;347;2738;23.3;169.35;;;
36.840915;-3.578296;317;0;4;348;2737;23.32;169.33;;;
36.841044;-3.578448;317;0;4;349;2736;23.34;169.31;;;
36.841168;-3.578612;318;0;4;350;2735;23.36;169.29;;;
36.841235;-3.578808;319;0;4;351;2734;23.38;169.27;;;
36.841161;-3.579013;320;0;3;351;2734;23.4;169.25;;;
36.841101;-3.579223;321;0;4;352;2733;23.42;169.23;;;
36.841099;-3.579445;321;0;4;353;2732;23.44;169.21;;;
36.841146;-3.579661;322;0;3;353;2732;23.46;169.19;;;
36.841206;-3.579873;322;0;3;354;2731;23.48;169.17;;;
36.841216;-3.580097;323;0;3;355;2730;23.5;169.15;;;
36.841187;-3.580317;324;0;3;355;2730;23.52;169.13;;;
36.841149;-3.580537;324;0;3;356;2729;23.54;169.11;;;
36.841125;-3.580759;325;0;3;357;2728;23.56;169.09;;;
36.841086;-3.580978;326;0;3;357;2728;23.58;169.07;;;
36.841033;-3.581192;326;0;4;358;2727;23.6;169.05;10;;
36.840979;-3.581407;327;0;4;358;2727;23.62;169.03;;;
36.840925;-3.581621;327;0;5;359;2726;23.64;169.01;;;
36.840871;-3.581836;328;0;5;359;2726;23.66;168.99;;;
36.840942;-3.581968;330;0;5;362;2723;23.68;168.97;;;
36.841023;-3.581771;331;0;5;363;2722;23.7;168.95;;;
36.841087;-3.581561;332;0;5;364;2721;23.72;168.93;;;
36.841151;-3.581351;333;0;5;365;2720;23.74;168.91;;;
36.841215;-3.581141;334;0;4;365;2720;23.76;168.89;;;
36.841279;-3.580931;335;0;4;366;2719;23.78;168.87;;;
36.841344;-3.580721;336;0;4;367;2718;23.8;168.85;;;
36.841408;-3.580511;336;0;5;368;2717;23.82;168.83;;;
36.841472;-3.580301;337;0;5;369;2716;23.84;168.81;;;
36.841536;-3.580091;338;0;5;370;2715;23.86;168.79;;;
36.841576;-3.579873;339;0;5;371;2714;23.88;168.77;;;
36.841603;-3.579651;340;0;6;372;2713;23.9;168.75;;;
36.841629;-3.579429;342;0;6;373;2712;23.92;168.73;;;
36.841656;-3.579206;343;0;6;374;2711;23.94;168.71;;;
36.841707;-3.578991;344;0;7;376;2709;23.96;168.69;;;
36.841809;-3.578807;346;0;7;378;2707;23.98;168.67;;;
36.841954;-3.578672;347;0;8;379;2706;24;168.65;;;
36.842098;-3.578538;348;0;9;380;2705;24.02;168.63;;;
36.842241;-3.578403;350;0;9;381;2704;24.04;168.61;;;
36.842296;-3.578198;352;0;9;383;2702;24.06;168.59;;;
36.842203;-3.578012;354;0;9;386;2699;24.08;168.57;;;
36.842042;-3.577924;357;0;9;388;2697;24.1;168.55;;;
36.841866;-3.577886;358;0;9;390;2695;24.12;168.53;;;
36.841700;-3.577800;360;0;9;391;2694;24.14;168.51;;;
36.841554;-3.577673;362;0;8;394;2691;24.16;168.49;;;
36.841437;-3.577502;364;0;8;395;2690;24.18;168.47;;;
36.841319;-3.577332;365;0;8;396;2689;24.2;168.45;;;
36.841200;-3.577164;366;0;8;398;2687;24.22;168.43;;;
36.841077;-3.577000;367;0;7;399;2686;24.24;168.41;;;
36.840964;-3.576825;369;0;7;400;2685;24.26;168.39;;;
36.840895;-3.576623;371;0;7;402;2683;24.28;168.37;;;
36.840881;-3.576404;372;0;8;404;2681;24.3;168.35;;;
36.840921;-3.576185;374;0;8;405;2680;24.32;168.33;;;
36.840960;-3.575965;375;0;8;407;2678;24.34;168.31;;;
36.840999;-3.575746;377;0;8;408;2677;24.36;168.29;;;
36.841038;-3.575527;378;0;8;410;2675;24.38;168.27;;;
36.841077;-3.575307;380;0;9;411;2674;24.4;168.25;;;
36.841128;-3.575092;381;0;9;413;2672;24.42;168.23;;;
36.841194;-3.574883;383;0;9;415;2670;24.44;168.21;;;
36.841254;-3.574672;385;0;9;417;2668;24.46;168.19;;;
36.841283;-3.574450;388;0;9;420;2665;24.48;168.17;;;
36.841269;-3.574228;390;0;9;422;2663;24.5;168.15;;;
36.841236;-3.574007;392;0;9;423;2662;24.52;168.13;;;
36.841203;-3.573786;393;0;9;425;2660;24.54;168.11;;;
36.841170;-3.573565;395;0;9;426;2659;24.56;168.09;;;
36.841137;-3.573344;396;0;9;428;2657;24.58;168.07;;;
36.841104;-3.573123;398;0;9;429;2656;24.6;168.05;;;
36.841036;-3.572921;400;0;9;432;2653;24.62;168.03;;;
36.840886;-3.572808;403;0;9;435;2650;24.64;168.01;;;
36.840712;-3.572752;404;0;9;436;2649;24.66;167.99;;;
36.840563;-3.572633;406;0;9;437;2648;24.68;167.97;;;
36.840441;-3.572473;408;0;9;439;2646;24.7;167.95;;;
36.840347;-3.572282;409;0;9;441;2644;24.72;167.93;;;
36.840305;-3.572063;411;0;9;443;2642;24.74;167.91;;;
36.840263;-3.571844;413;0;9;445;2640;24.76;167.89;;;
36.840204;-3.571632;415;0;9;447;2638;24.78;167.87;;;
36.840143;-3.571421;417;0;9;449;2636;24.8;167.85;;;
36.840082;-3.571209;419;0;9;450;2635;24.82;167.83;;;
36.840021;-3.570998;420;0;9;452;2633;24.84;167.81;;;
36.839995;-3.570776;423;0;9;455;2630;24.86;167.79;;;
36.839985;-3.570552;426;0;9;457;2628;24.88;167.77;;;
36.839967;-3.570329;428;0;9;459;2626;24.9;167.75;;;
36.839927;-3.570110;429;0;9;461;2624;24.92;167.73;;;
36.839886;-3.569891;430;0;8;462;2623;24.94;167.71;;;
36.839846;-3.569672;432;0;7;463;2622;24.96;167.69;;;
36.839851;-3.569449;433;0;7;465;2620;24.98;167.67;;;
36.839868;-3.569225;435;0;7;466;2619;25;167.65;;;
36.839884;-3.569002;436;0;8;468;2617;25.02;167.63;;;
36.839901;-3.568778;438;0;9;469;2616;25.04;167.61;;;
36.839918;-3.568554;439;0;9;471;2614;25.06;167.59;;;
36.839934;-3.568330;441;0;9;472;2613;25.08;167.57;;;
36.839863;-3.568136;444;0;9;475;2610;25.1;167.55;;;
36.839710;-3.568018;446;0;9;478;2607;25.12;167.53;;;
36.839569;-3.567882;449;0;9;480;2605;25.14;167.51;;;
36.839485;-3.567688;451;0;9;482;2603;25.16;167.49;;;
36.839458;-3.567468;453;0;9;484;2601;25.18;167.47;;;
36.839476;-3.567248;454;0;9;486;2599;25.2;167.45;;;
36.839541;-3.567038;456;0;9;488;2597;25.22;167.43;;;
36.839605;-3.566828;458;0;9;489;2596;25.24;167.41;;;
36.839668;-3.566618;460;0;9;491;2594;25.26;167.39;;;
36.839732;-3.566408;461;0;9;493;2592;25.28;167.37;;;
36.839796;-3.566198;463;0;9;495;2590;25.3;167.35;;;
36.839860;-3.565988;465;0;9;496;2589;25.32;167.33;;;
36.839924;-3.565778;467;0;9;498;2587;25.34;167.31;;;
36.839957;-3.565559;469;0;9;501;2584;25.36;167.29;;;
36.839920;-3.565342;472;0;9;503;2582;25.38;167.27;;;
36.839845;-3.565138;473;0;9;505;2580;25.4;167.25;;;
36.839770;-3.564934;474;0;9;506;2579;25.42;167.23;;;
36.839710;-3.564723;476;0;9;507;2578;25.44;167.21;;;
36.839688;-3.564505;478;0;9;509;2576;25.46;167.19;;;
36.839751;-3.564298;480;0;9;511;2574;25.48;167.17;;;
36.839901;-3.564210;483;0;9;515;2570;25.5;167.15;;;
36.840077;-3.564258;485;0;9;517;2568;25.52;167.13;;;
36.840253;-3.564307;487;0;9;518;2567;25.54;167.11;;;
36.840428;-3.564355;488;0;8;520;2565;25.56;167.09;;;
36.840606;-3.564348;490;0;7;522;2563;25.58;167.07;;;
36.840759;-3.564245;491;0;7;523;2562;25.6;167.05;;;
36.840899;-3.564103;492;0;7;524;2561;25.62;167.03;;;
36.841038;-3.563961;493;0;7;525;2560;25.64;167.01;;;
36.841166;-3.563805;495;0;7;526;2559;25.66;166.99;;;
36.841273;-3.563625;497;0;7;528;2557;25.68;166.97;;;
36.841414;-3.563500;499;0;7;530;2555;25.7;166.95;;;
36.841587;-3.563441;500;0;7;531;2554;25.72;166.93;;;
36.841764;-3.563406;501;0;7;532;2553;25.74;166.91;;;
36.841925;-3.563313;502;0;7;534;2551;25.76;166.89;;;
36.842081;-3.563200;503;0;6;535;2550;25.78;166.87;;;
36.842236;-3.563086;504;0;6;536;2549;25.8;166.85;;;
36.842407;-3.563051;506;0;7;538;2547;25.82;166.83;;;
36.842582;-3.563104;507;0;7;539;2546;25.84;166.81;;;
36.842757;-3.563157;509;0;7;540;2545;25.86;166.79;;;
36.842934;-3.563192;510;0;7;542;2543;25.88;166.77;;;
36.843111;-3.563178;512;0;6;543;2542;25.9;166.75;;;
36.843283;-3.563112;513;0;6;544;2541;25.92;166.73;;;
36.843455;-3.563047;514;0;6;545;2540;25.94;166.71;;;
36.843634;-3.563023;515;0;6;546;2539;25.96;166.69;;;
36.843813;-3.563017;516;0;6;547;2538;25.98;166.67;;;
36.843992;-3.563042;517;0;6;548;2537;26;166.65;;;
36.844159;-3.562980;518;0;6;550;2535;26.02;166.63;;;
36.844316;-3.562868;519;0;6;551;2534;26.04;166.61;;;
36.844482;-3.562785;521;0;7;552;2533;26.06;166.59;;;
36.844657;-3.562824;522;0;7;553;2532;26.08;166.57;;;
36.844832;-3.562874;523;0;6;555;2530;26.1;166.55;;;
36.845004;-3.562880;525;0;6;556;2529;26.12;166.53;;;
36.845125;-3.562724;527;0;6;558;2527;26.14;166.51;;;
36.845199;-3.562520;527;0;6;559;2526;26.16;166.49;;;
36.845273;-3.562315;528;0;6;560;2525;26.18;166.47;;;
36.845354;-3.562115;529;0;5;561;2524;26.2;166.45;;;
36.845462;-3.561939;530;0;5;562;2523;26.22;166.43;;;
36.845609;-3.561810;531;0;5;563;2522;26.24;166.41;;;
36.845734;-3.561651;532;0;5;564;2521;26.26;166.39;;;
36.845832;-3.561463;533;0;5;565;2520;26.28;166.37;;;
36.845915;-3.561264;534;0;5;566;2519;26.3;166.35;;;
36.845997;-3.561064;535;0;5;567;2518;26.32;166.33;;;
36.846080;-3.560865;536;0;5;568;2517;26.34;166.31;;;
36.846170;-3.560672;537;0;5;569;2516;26.36;166.29;;;
36.846299;-3.560516;538;0;6;569;2516;26.38;166.27;;;
36.846442;-3.560382;539;0;6;570;2515;26.4;166.25;;;
36.846597;-3.560275;540;0;7;572;2513;26.42;166.23;;;
36.846777;-3.560278;542;0;8;574;2511;26.44;166.21;;;
36.846948;-3.560344;544;0;8;575;2510;26.46;166.19;;;
36.847120;-3.560411;545;0;8;576;2509;26.48;166.17;;;
36.847284;-3.560362;547;0;9;579;2506;26.5;166.15;;;
36.847367;-3.560166;549;0;8;581;2504;26.52;166.13;;;
36.847430;-3.559956;550;0;8;582;2503;26.54;166.11;;;
36.847517;-3.559764;552;0;7;583;2502;26.56;166.09;;;
36.847672;-3.559668;554;0;7;585;2500;26.58;166.07;;;
36.847851;-3.559686;555;0;6;587;2498;26.6;166.05;;;
36.848028;-3.559725;556;0;6;587;2498;26.62;166.03;;;
36.848205;-3.559764;557;0;5;588;2497;26.64;166.01;;;
36.848382;-3.559793;558;0;5;589;2496;26.66;165.99;;;
36.848556;-3.559742;559;0;5;590;2495;26.68;165.97;;;
36.848704;-3.559614;560;0;5;591;2494;26.7;165.95;;;
36.848851;-3.559485;561;0;5;592;2493;26.72;165.93;;;
36.848998;-3.559356;561;0;5;593;2492;26.74;165.91;;;
36.849146;-3.559227;562;0;5;594;2491;26.76;165.89;;;
36.849293;-3.559098;563;0;5;595;2490;26.78;165.87;;;
36.849396;-3.558920;564;0;5;596;2489;26.8;165.85;;;
36.849427;-3.558703;566;0;6;597;2488;26.82;165.83;;;
36.849398;-3.558482;567;0;7;598;2487;26.84;165.81;;;
36.849363;-3.558261;567;0;7;599;2486;26.86;165.79;;;
36.849351;-3.558042;568;0;7;600;2485;26.88;165.77;;;
36.849458;-3.557872;571;0;7;602;2483;26.9;165.75;;;
36.849627;-3.557829;573;0;7;605;2480;26.92;165.73;;;
36.849792;-3.557916;575;0;7;606;2479;26.94;165.71;;;
36.849956;-3.558010;576;0;7;607;2478;26.96;165.69;;;
36.850119;-3.558104;577;0;7;608;2477;26.98;165.67;;;
36.850275;-3.558212;578;0;6;609;2476;27;165.65;;;
36.850401;-3.558371;579;0;7;610;2475;27.02;165.63;;;
36.850528;-3.558531;580;0;7;611;2474;27.04;165.61;;;
36.850690;-3.558585;582;0;6;613;2472;27.06;165.59;;;
36.850827;-3.558462;584;0;6;615;2470;27.08;165.57;;;
36.850802;-3.558246;585;0;6;617;2468;27.1;165.55;;;
36.850736;-3.558037;586;0;5;617;2468;27.12;165.53;;;
36.850670;-3.557828;586;0;5;618;2467;27.14;165.51;;;
36.850604;-3.557619;587;0;4;619;2466;27.16;165.49;;;
36.850584;-3.557398;588;0;4;619;2466;27.18;165.47;;;
36.850579;-3.557174;588;0;4;620;2465;27.2;165.45;;;
36.850651;-3.556968;590;0;4;621;2464;27.22;165.43;;;
36.850760;-3.556793;591;0;5;622;2463;27.24;165.41;;;
36.850898;-3.556649;592;0;5;623;2462;27.26;165.39;;;
36.851045;-3.556519;592;0;5;624;2461;27.28;165.37;;;
36.851193;-3.556392;593;0;5;625;2460;27.3;165.35;;;
36.851342;-3.556265;594;0;5;626;2459;27.32;165.33;;;
36.851496;-3.556150;595;0;5;627;2458;27.34;165.31;;;
36.851667;-3.556080;597;0;5;628;2457;27.36;165.29;;;
36.851838;-3.556011;598;0;5;629;2456;27.38;165.27;;;
36.852009;-3.555942;599;0;6;630;2455;27.4;165.25;;;
36.852163;-3.555838;600;0;6;631;2454;27.42;165.23;;;
36.852258;-3.555654;601;0;6;632;2453;27.44;165.21;;;
36.852273;-3.555437;602;0;6;634;2451;27.46;165.19;;;
36.852160;-3.555270;604;0;6;636;2449;27.48;165.17;;;
36.852006;-3.555161;605;0;5;637;2448;27.5;165.15;;;
36.851833;-3.555098;606;0;5;637;2448;27.52;165.13;;;
36.851660;-3.555035;607;0;5;638;2447;27.54;165.11;;;
36.851489;-3.554967;607;0;5;639;2446;27.56;165.09;;;
36.851325;-3.554874;608;0;5;640;2445;27.58;165.07;;;
36.851162;-3.554780;609;0;6;641;2444;27.6;165.05;;;
36.851008;-3.554666;610;0;6;642;2443;27.62;165.03;;;
36.850921;-3.554479;612;0;6;644;2441;27.64;165.01;;;
36.850939;-3.554261;614;0;6;645;2440;27.66;164.99;;;
36.851040;-3.554082;615;0;6;646;2439;27.68;164.97;;;
36.851164;-3.553919;616;0;6;648;2437;27.7;164.95;;;
36.851289;-3.553757;617;0;5;649;2436;27.72;164.93;;;
36.851413;-3.553594;618;0;5;650;2435;27.74;164.91;;;
36.851474;-3.553387;619;0;5;651;2434;27.76;164.89;;;
36.851494;-3.553163;620;0;5;652;2433;27.78;164.87;;;
36.851512;-3.552940;621;0;5;653;2432;27.8;164.85;;;
36.851523;-3.552717;622;0;5;653;2432;27.82;164.83;;;
36.851469;-3.552507;623;0;5;655;2430;27.84;164.81;;;
36.851364;-3.552324;624;0;5;656;2429;27.86;164.79;;;
36.851277;-3.552130;625;0;5;657;2428;27.88;164.77;;;
36.851221;-3.551916;626;0;5;658;2427;27.9;164.75;;;
36.851164;-3.551703;627;0;5;659;2426;27.92;164.73;;;
36.851100;-3.551494;628;0;4;660;2425;27.94;164.71;;;
36.850983;-3.551327;629;0;5;661;2424;27.96;164.69;;;
36.850840;-3.551192;630;0;5;661;2424;27.98;164.67;;;
36.850696;-3.551057;631;0;5;662;2423;28;164.65;;;
36.850554;-3.550920;631;0;5;663;2422;28.02;164.63;;;
36.850479;-3.550718;633;0;5;664;2421;28.04;164.61;;;
36.850457;-3.550499;634;0;6;665;2420;28.06;164.59;;;
36.850481;-3.550277;635;0;6;667;2418;28.08;164.57;;;
36.850506;-3.550054;636;0;6;668;2417;28.1;164.55;;;
36.850597;-3.549862;638;0;5;669;2416;28.12;164.53;;;
36.850707;-3.549685;639;0;5;670;2415;28.14;164.51;;;
36.850818;-3.549508;639;0;5;671;2414;28.16;164.49;;;
36.850929;-3.549330;640;0;5;672;2413;28.18;164.47;;;
36.851040;-3.549154;641;0;5;673;2412;28.2;164.45;;;
36.851150;-3.548976;642;0;5;674;2411;28.22;164.43;;;
36.851262;-3.548801;643;0;5;674;2411;28.24;164.41;;;
36.851393;-3.548646;644;0;5;676;2409;28.26;164.39;;;
36.851535;-3.548508;645;0;5;677;2408;28.28;164.37;;;
36.851670;-3.548361;646;0;6;678;2407;28.3;164.35;;;
36.851759;-3.548175;647;0;7;679;2406;28.32;164.33;;;
36.851802;-3.547957;648;0;7;680;2405;28.34;164.31;;;
36.851844;-3.547738;649;0;7;681;2404;28.36;164.29;;;
36.851929;-3.547545;652;0;7;683;2402;28.38;164.27;;;
36.852083;-3.547440;653;0;7;685;2400;28.4;164.25;;;
36.852256;-3.547381;654;0;7;686;2399;28.42;164.23;;;
36.852430;-3.547322;656;0;7;687;2398;28.44;164.21;;;
36.852601;-3.547255;657;0;6;689;2396;28.46;164.19;;;
36.852722;-3.547092;659;0;6;690;2395;28.48;164.17;;;
36.852837;-3.546919;660;0;6;691;2394;28.5;164.15;;;
36.852951;-3.546746;661;0;6;692;2393;28.52;164.13;;;
36.853066;-3.546573;662;0;6;694;2391;28.54;164.11;;;
36.853181;-3.546400;663;0;6;695;2390;28.56;164.09;;;
36.853293;-3.546225;664;0;6;696;2389;28.58;164.07;;;
36.853369;-3.546021;666;0;6;697;2388;28.6;164.05;;;
36.853444;-3.545817;667;0;6;698;2387;28.62;164.03;;;
36.853519;-3.545612;668;0;6;699;2386;28.64;164.01;;;
36.853639;-3.545447;669;0;6;701;2384;28.66;163.99;;;
36.853800;-3.545367;671;0;6;702;2383;28.68;163.97;;;
36.853977;-3.545328;672;0;6;704;2381;28.7;163.95;;;
36.854155;-3.545293;673;0;7;705;2380;28.72;163.93;;;
36.854333;-3.545257;674;0;7;706;2379;28.74;163.91;;;
36.854510;-3.545222;675;0;6;707;2378;28.76;163.89;;;
36.854688;-3.545186;677;0;6;708;2377;28.78;163.87;;;
36.854852;-3.545098;678;0;7;710;2375;28.8;163.85;;;
36.854972;-3.544933;680;0;7;711;2374;28.82;163.83;;;
36.855087;-3.544761;681;0;8;712;2373;28.84;163.81;;;
36.855202;-3.544588;682;0;8;714;2371;28.86;163.79;;;
36.855335;-3.544437;684;0;8;715;2370;28.88;163.77;;;
36.855473;-3.544293;686;0;9;717;2368;28.9;163.75;;;
36.855641;-3.544219;688;0;9;719;2366;28.92;163.73;;;
36.855813;-3.544152;690;0;8;721;2364;28.94;163.71;;;
36.855975;-3.544056;692;0;8;724;2361;28.96;163.69;;;
36.856127;-3.543935;693;0;7;725;2360;28.98;163.67;;;
36.856278;-3.543813;694;0;7;726;2359;29;163.65;;;
36.856429;-3.543691;695;0;7;727;2358;29.02;163.63;;;
36.856580;-3.543570;697;0;7;728;2357;29.04;163.61;;;
36.856732;-3.543449;698;0;7;729;2356;29.06;163.59;;;
36.856883;-3.543327;699;0;8;730;2355;29.08;163.57;;;
36.857041;-3.543222;701;0;8;732;2353;29.1;163.55;;;
36.857214;-3.543163;703;0;8;734;2351;29.12;163.53;;;
36.857389;-3.543113;705;0;9;737;2348;29.14;163.51;;;
36.857568;-3.543087;707;0;9;738;2347;29.16;163.49;;;
36.857747;-3.543062;708;0;8;740;2345;29.18;163.47;;;
36.857925;-3.543036;709;0;8;741;2344;29.2;163.45;;;
36.858102;-3.542995;711;0;7;743;2342;29.22;163.43;;;
36.858251;-3.542870;713;0;7;744;2341;29.24;163.41;;;
36.858405;-3.542753;714;0;7;746;2339;29.26;163.39;;;
36.858568;-3.542664;716;0;7;747;2338;29.28;163.37;;;
36.858744;-3.542615;717;0;7;748;2337;29.3;163.35;;;
36.858923;-3.542616;718;0;7;750;2335;29.32;163.33;;;
36.859103;-3.542626;720;0;7;751;2334;29.34;163.31;;;
36.859282;-3.542635;721;0;7;753;2332;29.36;163.29;;;
36.859462;-3.542644;723;0;7;755;2330;29.38;163.27;;;
36.859642;-3.542653;725;0;7;756;2329;29.4;163.25;;;
36.859818;-3.542626;726;0;7;757;2328;29.42;163.23;;;
36.859989;-3.542557;727;0;7;759;2326;29.44;163.21;;;
36.860160;-3.542486;728;0;7;760;2325;29.46;163.19;;;
36.860334;-3.542484;730;0;7;761;2324;29.48;163.17;;;
36.860511;-3.542518;731;0;7;763;2322;29.5;163.15;;;
36.860691;-3.542515;733;0;7;765;2320;29.52;163.13;;;
36.860867;-3.542474;734;0;7;766;2319;29.54;163.11;;;
36.861045;-3.542452;736;0;7;767;2318;29.56;163.09;;;
36.861220;-3.542493;737;0;7;769;2316;29.58;163.07;;;
36.861391;-3.542565;739;0;7;770;2315;29.6;163.05;;;
36.861561;-3.542637;740;0;8;772;2313;29.62;163.03;;;
36.861732;-3.542709;741;0;7;773;2312;29.64;163.01;;;
36.861902;-3.542781;743;0;7;774;2311;29.66;162.99;;;
36.862072;-3.542853;744;0;7;776;2309;29.68;162.97;;;
36.862247;-3.542836;746;0;7;778;2307;29.7;162.95;;;
36.862416;-3.542759;748;0;7;779;2306;29.72;162.93;;;
36.862585;-3.542681;749;0;7;780;2305;29.74;162.91;;;
36.862753;-3.542604;750;0;7;782;2303;29.76;162.89;;;
36.862924;-3.542537;751;0;6;783;2302;29.78;162.87;;;
36.863104;-3.542530;753;0;6;784;2301;29.8;162.85;;;
36.863283;-3.542522;754;0;6;785;2300;29.82;162.83;;;
36.863463;-3.542515;755;0;6;787;2298;29.84;162.81;;;
36.863643;-3.542508;756;0;6;788;2297;29.86;162.79;;;
36.863823;-3.542500;758;0;6;789;2296;29.88;162.77;;;
36.864001;-3.542520;759;0;6;791;2294;29.9;162.75;;;
36.864152;-3.542632;760;0;6;792;2293;29.92;162.73;;;
36.864292;-3.542772;761;0;6;793;2292;29.94;162.71;;;
36.864433;-3.542913;762;0;6;794;2291;29.96;162.69;;;
36.864574;-3.543051;763;0;6;795;2290;29.98;162.67;;;
36.864734;-3.543128;765;0;6;797;2288;30;162.65;;;
36.864909;-3.543088;766;0;6;798;2287;30.02;162.63;;;
36.865081;-3.543021;767;0;6;798;2287;30.04;162.61;;;
36.865252;-3.543082;768;0;5;800;2285;30.06;162.59;;;
36.865419;-3.543164;769;0;5;801;2284;30.08;162.57;;;
36.865584;-3.543255;770;0;5;802;2283;30.1;162.55;;;
36.865748;-3.543346;771;0;5;803;2282;30.12;162.53;;;
36.865913;-3.543437;772;0;5;803;2282;30.14;162.51;;;
36.866077;-3.543528;773;0;5;804;2281;30.16;162.49;;;
36.866225;-3.543656;774;0;6;805;2280;30.18;162.47;;;
36.866373;-3.543785;775;0;6;806;2279;30.2;162.45;;;
36.866530;-3.543884;776;0;6;808;2277;30.22;162.43;;;
36.866704;-3.543833;777;0;6;809;2276;30.24;162.41;;;
36.866843;-3.543709;779;0;7;811;2274;30.26;162.39;;;
36.866871;-3.543491;780;0;7;812;2273;30.28;162.37;;;
36.866831;-3.543271;781;0;7;812;2273;30.3;162.35;;;
36.866821;-3.543049;782;0;6;814;2271;30.32;162.33;;;
36.866917;-3.542864;784;0;6;816;2269;30.34;162.31;;;
36.867045;-3.542706;786;0;6;817;2268;30.36;162.29;;;
36.867173;-3.542549;787;0;6;818;2267;30.38;162.27;;;
36.867318;-3.542416;788;0;5;819;2266;30.4;162.25;;;
36.867468;-3.542293;788;0;4;820;2265;30.42;162.23;;;
36.867638;-3.542217;789;0;4;821;2264;30.44;162.21;;;
36.867807;-3.542141;790;0;4;821;2264;30.46;162.19;;;
36.867976;-3.542064;790;0;4;822;2263;30.48;162.17;;;
36.868154;-3.542036;791;0;4;823;2262;30.5;162.15;;;
36.868333;-3.542038;792;0;4;824;2261;30.52;162.13;;;
36.868506;-3.542080;793;0;5;825;2260;30.54;162.11;;;
36.868665;-3.542186;794;0;5;825;2260;30.56;162.09;;;
36.868769;-3.542369;795;0;6;826;2259;30.58;162.07;;;
36.868871;-3.542554;796;0;6;827;2258;30.6;162.05;;;
36.868976;-3.542735;797;0;6;828;2257;30.62;162.03;;;
36.869129;-3.542852;799;0;6;831;2254;30.64;162.01;;;
36.869304;-3.542812;800;0;6;832;2253;30.66;161.99;;;
36.869433;-3.542664;802;0;6;833;2252;30.68;161.97;;;
36.869520;-3.542467;803;0;5;834;2251;30.7;161.95;;;
36.869599;-3.542265;803;0;5;835;2250;30.72;161.93;;;
36.869678;-3.542063;804;0;4;836;2249;30.74;161.91;;;
36.869757;-3.541861;805;0;4;836;2249;30.76;161.89;;;
36.869836;-3.541659;806;0;5;837;2248;30.78;161.87;;;
36.869886;-3.541445;806;0;5;838;2247;30.8;161.85;;;
36.869915;-3.541223;807;0;5;839;2246;30.82;161.83;;;
36.869958;-3.541006;809;0;5;840;2245;30.84;161.81;;;
36.870066;-3.540830;810;0;5;842;2243;30.86;161.79;;;
36.870202;-3.540683;811;0;6;842;2243;30.88;161.77;;;
36.870338;-3.540536;812;0;5;843;2242;30.9;161.75;;;
36.870479;-3.540398;813;0;5;844;2241;30.92;161.73;;;
36.870637;-3.540289;814;0;5;846;2239;30.94;161.71;;;
36.870816;-3.540266;815;0;5;847;2238;30.96;161.69;;;
36.870994;-3.540242;816;0;6;848;2237;30.98;161.67;;;
36.871164;-3.540177;818;0;5;849;2236;31;161.65;;;
36.871265;-3.539998;819;0;5;850;2235;31.02;161.63;;;
36.871319;-3.539784;819;0;5;851;2234;31.04;161.61;;;
36.871416;-3.539595;820;0;5;852;2233;31.06;161.59;;;
36.871564;-3.539475;821;0;4;853;2232;31.08;161.57;;;
36.871723;-3.539368;822;0;3;854;2231;31.1;161.55;;;
36.871855;-3.539222;823;0;3;855;2230;31.12;161.53;;;
36.871911;-3.539009;824;0;3;855;2230;31.14;161.51;;;
36.871930;-3.538786;824;0;3;855;2230;31.16;161.49;;;
36.871990;-3.538584;824;0;2;856;2229;31.18;161.47;;;
36.872127;-3.538447;825;0;2;856;2229;31.2;161.45;11;summit;1
36.872305;-3.538455;825;0;1;857;2228;31.22;161.43;;;
36.872483;-3.538495;825;0;1;857;2228;31.24;161.41;;;
36.872660;-3.538534;826;0;1;857;2228;31.26;161.39;;;
36.872824;-3.538624;826;0;1;857;2228;31.28;161.37;;;
36.872990;-3.538708;826;0;0;857;2228;31.3;161.35;;;
36.873157;-3.538682;826;0;0;857;2228;31.32;161.33;;;
36.873226;-3.538484;826;0;0;857;2228;31.34;161.31;;;
36.873213;-3.538260;826;0;0;857;2228;31.36;161.29;;;
36.873240;-3.538042;826;0;0;857;2228;31.38;161.27;;;
36.873330;-3.537847;826;0;-1;857;2228;31.4;161.25;;;
36.873419;-3.537651;825;0;-1;857;2228;31.42;161.23;;;
36.873516;-3.537464;825;0;-1;857;2228;31.44;161.21;;;
36.873668;-3.537368;825;0;-1;857;2228;31.46;161.19;;;
36.873842;-3.537423;825;0;-1;857;2228;31.48;161.17;;;
36.874012;-3.537368;825;0;-1;857;2228;31.5;161.15;;;
36.874168;-3.537258;825;0;-1;857;2228;31.52;161.13;;;
36.874308;-3.537118;824;0;-1;857;2228;31.54;161.11;;;
36.874471;-3.537028;824;0;-2;857;2228;31.56;161.09;;;
36.874651;-3.537043;823;0;-2;857;2228;31.58;161.07;;;
36.874822;-3.537003;823;0;-2;857;2228;31.6;161.05;;;
36.874974;-3.536883;823;0;-2;857;2228;31.62;161.03;;;
36.875140;-3.536800;822;0;-2;857;2228;31.64;161.01;;;
36.875314;-3.536758;822;0;-2;857;2228;31.66;160.99;;;
36.875493;-3.536784;822;0;-2;857;2228;31.68;160.97;;;
36.875670;-3.536820;822;0;-2;857;2228;31.7;160.95;;;
36.875847;-3.536857;821;0;-2;857;2228;31.72;160.93;;;
36.876020;-3.536842;821;0;-2;857;2228;31.74;160.91;;;
36.876176;-3.536730;820;0;-2;857;2228;31.76;160.89;;;
36.876333;-3.536632;820;0;-3;857;2228;31.78;160.87;;;
36.876511;-3.536657;819;0;-3;857;2228;31.8;160.85;;;
36.876689;-3.536692;818;0;-3;857;2228;31.82;160.83;;;
36.876863;-3.536750;818;0;-3;857;2228;31.84;160.81;;;
36.877007;-3.536871;817;0;-3;857;2228;31.86;160.79;;;
36.877114;-3.537053;817;0;-3;857;2228;31.88;160.77;;;
36.877220;-3.537234;817;0;-3;857;2228;31.9;160.75;;;
36.877332;-3.537409;816;0;-3;857;2228;31.92;160.73;;;
36.877494;-3.537472;815;0;-3;857;2228;31.94;160.71;;;
36.877663;-3.537396;814;0;-3;857;2228;31.96;160.69;;;
36.877832;-3.537318;814;0;-3;857;2228;31.98;160.67;;;
36.878003;-3.537250;813;0;-4;857;2228;32;160.65;;;
36.878351;-3.537355;812;0;-3;857;2228;32.04;160.61;;;
36.878518;-3.537438;811;0;-3;857;2228;32.06;160.59;;;
36.878656;-3.537577;810;0;-3;857;2228;32.08;160.57;;;
36.878770;-3.537751;810;0;-3;857;2228;32.1;160.55;;;
36.879007;-3.538086;809;0;-4;857;2228;32.14;160.51;;;
36.879335;-3.538247;807;0;-3;857;2228;32.18;160.47;;;
36.879447;-3.538662;805;0;-3;857;2228;32.22;160.43;;;
36.879476;-3.538884;805;0;-3;857;2228;32.24;160.41;;;
36.879508;-3.539105;805;0;-3;857;2228;32.26;160.39;;;
36.879568;-3.539315;804;0;-3;857;2228;32.28;160.37;;;
36.879755;-3.539697;802;0;-3;857;2228;32.32;160.33;;;
36.880081;-3.539808;801;0;-3;857;2228;32.36;160.29;;;
36.880417;-3.539950;800;0;-4;857;2228;32.4;160.25;;;
36.880580;-3.540042;799;0;-4;857;2228;32.42;160.23;;;
36.880744;-3.540136;799;0;-5;857;2228;32.44;160.21;;;
36.880913;-3.540081;797;0;-5;857;2228;32.46;160.19;;;
36.881192;-3.540320;795;0;-5;857;2228;32.5;160.15;;;
36.881493;-3.540486;793;0;-4;857;2228;32.54;160.11;;;
36.881643;-3.540386;792;0;-4;857;2228;32.56;160.09;;;
36.881709;-3.540180;791;0;-4;857;2228;32.58;160.07;;;
36.881767;-3.539967;790;0;-4;857;2228;32.6;160.05;;;
36.881931;-3.539592;789;0;-3;857;2228;32.64;160.01;;;
36.882283;-3.539521;788;0;-4;857;2228;32.68;159.97;;;
36.882639;-3.539505;786;0;-4;857;2228;32.72;159.93;;;
36.882788;-3.539607;785;0;-4;857;2228;32.74;159.91;;;
36.882893;-3.539790;784;0;-4;857;2228;32.76;159.89;;;
36.883015;-3.539943;783;0;-5;857;2228;32.78;159.87;;;
36.883370;-3.539879;782;0;-4;857;2228;32.82;159.83;;;
36.883723;-3.539955;780;0;-4;857;2228;32.86;159.79;;;
36.884073;-3.539972;778;0;-4;857;2228;32.9;159.75;;;
36.884231;-3.539867;777;0;-4;857;2228;32.92;159.73;;;
36.884389;-3.539759;777;0;-4;857;2228;32.94;159.71;;;
36.884547;-3.539650;776;0;-4;857;2228;32.96;159.69;;;
36.884879;-3.539685;774;0;-4;857;2228;33;159.65;;;
36.885145;-3.539974;773;0;-4;857;2228;33.04;159.61;;;
36.885194;-3.540183;772;0;-4;857;2228;33.06;159.59;;;
36.885216;-3.540407;771;0;-4;857;2228;33.08;159.57;;;
36.885218;-3.540631;770;0;-4;857;2228;33.1;159.55;;;
36.885189;-3.541074;768;0;-5;857;2228;33.14;159.51;;;
36.885003;-3.541458;766;0;-6;857;2228;33.18;159.47;;;
36.885082;-3.541837;763;0;-6;857;2228;33.22;159.43;;;
36.885244;-3.541925;762;0;-6;857;2228;33.24;159.41;;;
36.885423;-3.541912;761;0;-6;857;2228;33.26;159.39;;;
36.885592;-3.541838;760;0;-5;857;2228;33.28;159.37;;;
36.885932;-3.541689;758;0;-6;857;2228;33.32;159.33;;;
36.886271;-3.541540;756;0;-5;857;2228;33.36;159.29;;;
36.886605;-3.541594;753;0;-5;857;2228;33.4;159.25;;;
36.886752;-3.541725;752;0;-5;857;2228;33.42;159.23;;;
36.886898;-3.541855;752;0;-5;857;2228;33.44;159.21;;;
36.887019;-3.542017;751;0;-5;857;2228;33.46;159.19;;;
36.887296;-3.542273;749;0;-5;857;2228;33.5;159.15;;;
36.887634;-3.542198;747;0;-6;857;2228;33.54;159.11;;;
36.887796;-3.542099;745;0;-6;857;2228;33.56;159.09;;;
36.887946;-3.541977;744;0;-6;857;2228;33.58;159.07;;;
36.888015;-3.541776;743;0;-6;857;2228;33.6;159.05;;;
36.888206;-3.541407;740;0;-5;857;2228;33.64;159.01;;;
36.888468;-3.541100;739;0;-5;857;2228;33.68;158.97;;;
36.888760;-3.540837;737;0;-6;857;2228;33.72;158.93;;;
36.888911;-3.540716;736;0;-7;857;2228;33.74;158.91;;;
36.889071;-3.540615;735;0;-7;857;2228;33.76;158.89;;;
36.889242;-3.540604;733;0;-7;857;2228;33.78;158.87;;;
36.889346;-3.540980;729;0;-6;857;2228;33.82;158.83;;;
36.889260;-3.541416;728;0;-5;857;2228;33.86;158.79;;;
36.889171;-3.541852;726;0;-5;857;2228;33.9;158.75;;;
36.889126;-3.542070;725;0;-5;857;2228;33.92;158.73;;;
36.889110;-3.542293;724;0;-5;857;2228;33.94;158.71;;;
36.889137;-3.542514;723;0;-5;857;2228;33.96;158.69;;;
36.889350;-3.542876;721;0;-5;857;2228;34;158.65;;;
36.889408;-3.543307;719;0;-6;857;2228;34.04;158.61;;;
36.889339;-3.543513;718;0;-6;857;2228;34.06;158.59;;;
36.889262;-3.543717;717;0;-6;857;2228;34.08;158.57;;;
36.889318;-3.543925;715;0;-6;857;2228;34.1;158.55;;;
36.889619;-3.544035;712;0;-6;857;2228;34.14;158.51;;;
36.889937;-3.543837;710;0;-5;857;2228;34.18;158.47;;;
36.890230;-3.543575;708;0;-5;857;2228;34.22;158.43;;;
36.890346;-3.543405;707;0;-5;857;2228;34.24;158.41;;;
36.890455;-3.543227;707;0;-5;857;2228;34.26;158.39;;;
36.890566;-3.543049;706;0;-6;857;2228;34.28;158.37;;;
36.890868;-3.542872;703;0;-6;857;2228;34.32;158.33;;;
36.891115;-3.543157;700;0;-6;857;2228;34.36;158.29;;;
36.891182;-3.543598;698;0;-5;857;2228;34.4;158.25;;;
36.891208;-3.543820;697;0;-4;857;2228;34.42;158.23;;;
36.891205;-3.544045;697;0;-4;857;2228;34.44;158.21;;;
36.891203;-3.544270;696;0;-4;857;2228;34.46;158.19;;;
36.891193;-3.544719;694;0;-4;857;2228;34.5;158.15;;;
36.891093;-3.545147;693;0;-5;857;2228;34.54;158.11;;;
36.891132;-3.545360;691;0;-5;857;2228;34.56;158.09;;;
36.891261;-3.545498;690;0;-5;857;2228;34.58;158.07;;;
36.891427;-3.545434;689;0;-5;857;2228;34.6;158.05;;;
36.891733;-3.545199;688;0;-4;857;2228;34.64;158.01;;;
36.891926;-3.544822;686;0;-4;857;2228;34.68;157.97;;;
36.892132;-3.544456;685;0;-3;857;2228;34.72;157.93;;;
36.892281;-3.544334;684;0;-3;857;2228;34.74;157.91;;;
36.892451;-3.544260;684;0;-3;857;2228;34.76;157.89;;;
36.892621;-3.544185;683;0;-3;857;2228;34.78;157.87;;;
36.892968;-3.544191;682;0;-3;857;2228;34.82;157.83;;;
36.893253;-3.544434;680;0;-4;857;2228;34.86;157.79;;;
36.893328;-3.544869;679;0;-3;857;2228;34.9;157.75;;;
36.893333;-3.545093;678;0;-4;857;2228;34.92;157.73;;;
36.893261;-3.545292;677;0;-4;857;2228;34.94;157.71;;;
36.893122;-3.545434;677;0;-3;857;2228;34.96;157.69;;;
36.893018;-3.545832;675;0;-3;857;2228;35;157.65;;;
36.892959;-3.546255;674;0;-4;857;2228;35.04;157.61;;;
36.892819;-3.546393;673;0;-4;857;2228;35.06;157.59;;;
36.892654;-3.546482;673;0;-4;857;2228;35.08;157.57;;;
36.892512;-3.546611;672;0;-5;857;2228;35.1;157.55;;;
36.892601;-3.547013;670;0;-5;857;2228;35.14;157.51;;;
36.892585;-3.547410;667;0;-6;857;2228;35.18;157.47;;;
36.892394;-3.547782;665;0;-6;857;2228;35.22;157.43;;;
36.892427;-3.547995;663;0;-6;857;2228;35.24;157.41;;;
36.892566;-3.548126;662;0;-6;857;2228;35.26;157.39;;;
36.892734;-3.548051;660;0;-6;857;2228;35.28;157.37;;;
36.893059;-3.547860;659;0;-5;857;2228;35.32;157.33;;;
36.893368;-3.547634;657;0;-4;857;2228;35.36;157.29;;;
36.893691;-3.547518;656;0;-5;857;2228;35.4;157.25;;;
36.893820;-3.547672;654;0;-5;857;2228;35.42;157.23;;;
36.893924;-3.547855;654;0;-6;857;2228;35.44;157.21;;;
36.894027;-3.548039;653;0;-6;857;2228;35.46;157.19;;;
36.894173;-3.548448;650;0;-6;857;2228;35.5;157.15;;;
36.894163;-3.548894;648;0;-6;857;2228;35.54;157.11;;;
36.894144;-3.549118;647;0;-6;857;2228;35.56;157.09;;;
36.894103;-3.549335;645;0;-5;857;2228;35.58;157.07;;;
36.894020;-3.549535;644;0;-5;857;2228;35.6;157.05;;;
36.893829;-3.549911;643;0;-6;857;2228;35.64;157.01;;;
36.893649;-3.550282;640;0;-6;857;2228;35.68;156.97;;;
36.893666;-3.550732;637;0;-6;857;2228;35.72;156.93;;;
36.893688;-3.550954;636;0;-6;857;2228;35.74;156.91;;;
36.893700;-3.551177;635;0;-5;857;2228;35.76;156.89;;;
36.893626;-3.551375;634;0;-4;857;2228;35.78;156.87;;;
36.893448;-3.551764;633;0;-5;857;2228;35.82;156.83;;;
36.893255;-3.552142;631;0;-5;857;2228;35.86;156.79;;;
36.893021;-3.552484;629;0;-5;857;2228;35.9;156.75;;;
36.892874;-3.552608;628;0;-5;857;2228;35.92;156.73;;;
36.892707;-3.552655;626;0;-5;857;2228;35.94;156.71;;;
36.892622;-3.552840;625;0;-4;857;2228;35.96;156.69;;;
36.892748;-3.553257;624;0;-4;857;2228;36;156.65;;;
36.892793;-3.553704;623;0;-2;857;2228;36.04;156.61;;;
36.892816;-3.553927;623;0;-2;857;2228;36.06;156.59;;;
36.892838;-3.554150;622;0;-2;857;2228;36.08;156.57;;;
36.892861;-3.554373;622;0;-2;857;2228;36.1;156.55;;;
36.892951;-3.554789;621;0;-1;857;2228;36.14;156.51;;;
36.893293;-3.554926;621;0;-1;857;2228;36.18;156.47;;;
36.893526;-3.554632;621;0;0;858;2227;36.22;156.43;;;
36.893496;-3.554417;621;0;1;858;2227;36.24;156.41;;;
36.893449;-3.554203;621;0;1;858;2227;36.26;156.39;;;
36.893455;-3.553978;621;0;2;858;2227;36.28;156.37;;;
36.893559;-3.553558;622;0;3;859;2226;36.32;156.33;;;
36.893772;-3.553198;623;0;3;860;2225;36.36;156.29;;;
36.894112;-3.553111;625;0;4;862;2223;36.4;156.25;;;
36.894291;-3.553131;626;0;4;862;2223;36.42;156.23;;;
36.894470;-3.553150;627;0;5;863;2222;36.44;156.21;;;
36.894650;-3.553169;627;0;5;864;2221;36.46;156.19;;;
36.894973;-3.553347;629;0;6;865;2220;36.5;156.15;;;
36.895288;-3.553201;633;0;7;869;2216;36.54;156.11;;;
36.895417;-3.553044;634;0;7;871;2214;36.56;156.09;;;
36.895493;-3.552844;635;0;8;872;2213;36.58;156.07;;;
36.895525;-3.552623;636;0;8;873;2212;36.6;156.05;;;
36.895672;-3.552244;639;0;8;876;2209;36.64;156.01;;;
36.895995;-3.552375;644;0;8;881;2204;36.68;155.97;;;
36.896305;-3.552603;647;0;8;883;2202;36.72;155.93;;;
36.896460;-3.552716;648;0;7;885;2200;36.74;155.91;;;
36.896616;-3.552827;649;0;7;886;2199;36.76;155.89;;;
36.896787;-3.552893;651;0;7;888;2197;36.78;155.87;;;
36.897145;-3.552933;653;0;7;890;2195;36.82;155.83;;;
36.897499;-3.552922;656;0;7;893;2192;36.86;155.79;;;
36.897821;-3.552721;659;0;7;896;2189;36.9;155.75;;;
36.897981;-3.552619;660;0;7;897;2188;36.92;155.73;;;
36.898147;-3.552534;662;0;7;899;2186;36.94;155.71;;;
36.898321;-3.552476;663;0;7;900;2185;36.96;155.69;;;
36.898678;-3.552424;666;0;7;903;2182;37;155.65;;;
36.899016;-3.552285;669;0;9;906;2179;37.04;155.61;;;
36.899177;-3.552183;670;0;9;907;2178;37.06;155.59;;;
36.899336;-3.552080;672;0;9;908;2177;37.08;155.57;;;
36.899488;-3.551962;674;0;9;910;2175;37.1;155.55;;;
36.899575;-3.551549;679;0;9;916;2169;37.14;155.51;;;
36.899561;-3.551104;682;0;9;919;2166;37.18;155.47;;;
36.899756;-3.550727;686;0;9;923;2162;37.22;155.43;;;
36.899868;-3.550552;688;0;9;925;2160;37.24;155.41;;;
36.899990;-3.550386;690;0;8;926;2159;37.26;155.39;;;
36.900126;-3.550240;692;0;8;929;2156;37.28;155.37;;;
36.900430;-3.550000;694;0;7;931;2154;37.32;155.33;;;
36.900756;-3.549835;697;0;7;933;2152;37.36;155.29;;;
36.901113;-3.549784;700;0;7;936;2149;37.4;155.25;;;
36.901293;-3.549773;702;0;7;938;2147;37.42;155.23;;;
36.901458;-3.549834;703;0;7;940;2145;37.44;155.21;;;
36.901614;-3.549947;704;0;7;941;2144;37.46;155.19;;;
36.901925;-3.550173;707;0;7;944;2141;37.5;155.15;;;
36.902240;-3.550383;709;0;7;946;2139;37.54;155.11;;;
36.902418;-3.550404;711;0;7;948;2137;37.56;155.09;;;
36.902593;-3.550354;713;0;7;949;2136;37.58;155.07;;;
36.902766;-3.550317;715;0;7;951;2134;37.6;155.05;;;
36.903109;-3.550451;717;0;6;954;2131;37.64;155.01;;;
36.903445;-3.550611;719;0;5;956;2129;37.68;154.97;;;
36.903781;-3.550771;721;0;6;958;2127;37.72;154.93;;;
36.903928;-3.550896;722;0;6;959;2126;37.74;154.91;;;
36.904064;-3.551043;723;0;5;960;2125;37.76;154.89;;;
36.904226;-3.551119;725;0;5;961;2124;37.78;154.87;;;
36.904500;-3.550839;727;0;4;963;2122;37.82;154.83;;;
36.904786;-3.550591;728;0;3;965;2120;37.86;154.79;;;
36.905139;-3.550524;729;0;2;965;2120;37.9;154.75;;;
36.905311;-3.550579;729;0;2;966;2119;37.92;154.73;;;
36.905478;-3.550663;730;0;2;966;2119;37.94;154.71;;;
36.905636;-3.550767;730;0;1;967;2118;37.96;154.69;;;
36.905917;-3.551037;730;0;1;967;2118;38;154.65;;;
36.906266;-3.551128;731;0;0;967;2118;38.04;154.61;;;
36.906425;-3.551038;730;0;0;967;2118;38.06;154.59;;;
36.906578;-3.550920;730;0;-1;967;2118;38.08;154.57;;;
36.906731;-3.550801;730;0;-1;967;2118;38.1;154.55;;;
36.907055;-3.550926;730;0;-1;967;2118;38.14;154.51;;;
36.907331;-3.551204;729;0;-1;967;2118;38.18;154.47;;;
36.907458;-3.551622;729;0;-2;967;2118;38.22;154.43;;;
36.907593;-3.551763;729;0;-2;967;2118;38.24;154.41;;;
36.907755;-3.551858;728;0;-2;967;2118;38.26;154.39;;;
36.907934;-3.551868;728;0;-2;967;2118;38.28;154.37;;;
36.908287;-3.551868;727;0;-2;967;2118;38.32;154.33;;;
36.908567;-3.552148;726;0;-2;967;2118;38.36;154.29;;;
36.908719;-3.552544;726;0;-2;967;2118;38.4;154.25;;;
36.908751;-3.552765;725;0;-2;967;2118;38.42;154.23;;;
36.908763;-3.552988;725;0;-2;967;2118;38.44;154.21;;;
36.908754;-3.553213;725;0;-2;967;2118;38.46;154.19;;;
36.908792;-3.553657;724;0;-2;967;2118;38.5;154.15;;;
36.908756;-3.554081;723;0;-2;967;2118;38.54;154.11;;;
36.908661;-3.554272;723;0;-1;967;2118;38.56;154.09;;;
36.908593;-3.554476;723;0;-1;967;2118;38.58;154.07;;;
36.908573;-3.554698;722;0;-1;967;2118;38.6;154.05;;;
36.908622;-3.555144;722;0;-1;967;2118;38.64;154.01;;;
36.908669;-3.555590;721;0;-1;967;2118;38.68;153.97;;;
36.908717;-3.556035;721;0;-1;967;2118;38.72;153.93;;;
36.908741;-3.556258;721;0;-1;967;2118;38.74;153.91;;;
36.908765;-3.556481;720;0;-1;967;2118;38.76;153.89;;;
36.908789;-3.556704;720;0;-1;967;2118;38.78;153.87;;;
36.908837;-3.557150;720;0;-1;967;2118;38.82;153.83;12;;
36.908885;-3.557596;719;0;-1;967;2118;38.86;153.79;;;
36.909005;-3.558018;719;0;-1;967;2118;38.9;153.75;;;
36.909080;-3.558223;718;0;-2;967;2118;38.92;153.73;;;
36.909155;-3.558427;718;0;-2;967;2118;38.94;153.71;;;
36.909266;-3.558596;718;0;-2;967;2118;38.96;153.69;;;
36.909604;-3.558645;717;0;-2;967;2118;39;153.65;;;
36.909954;-3.558544;716;0;-2;967;2118;39.04;153.61;;;
36.910129;-3.558493;716;0;-2;967;2118;39.06;153.59;;;
36.910305;-3.558442;716;0;-2;967;2118;39.08;153.57;;;
36.910483;-3.558443;715;0;-2;967;2118;39.1;153.55;;;
36.910678;-3.558774;714;0;-3;967;2118;39.14;153.51;;;
36.910885;-3.559067;713;0;-2;967;2118;39.18;153.47;;;
36.911231;-3.559183;712;0;-2;967;2118;39.22;153.43;;;
36.911374;-3.559318;712;0;-2;967;2118;39.24;153.41;;;
36.911513;-3.559461;711;0;-2;967;2118;39.26;153.39;;;
36.911636;-3.559625;711;0;-2;967;2118;39.28;153.37;;;
36.911857;-3.559980;710;0;-2;967;2118;39.32;153.33;;;
36.912120;-3.560283;709;0;-2;967;2118;39.36;153.29;;;
36.912399;-3.560567;709;0;-2;967;2118;39.4;153.25;;;
36.912539;-3.560709;708;0;-2;967;2118;39.42;153.23;;;
36.912684;-3.560841;708;0;-3;967;2118;39.44;153.21;;;
36.912829;-3.560974;707;0;-3;967;2118;39.46;153.19;;;
36.913143;-3.561192;706;0;-3;967;2118;39.5;153.15;;;
36.913335;-3.561559;705;0;-3;967;2118;39.54;153.11;;;
36.913470;-3.561707;705;0;-3;967;2118;39.56;153.09;;;
36.913623;-3.561821;704;0;-2;967;2118;39.58;153.07;;;
36.913787;-3.561913;704;0;-2;967;2118;39.6;153.05;;;
36.914110;-3.562110;703;0;-3;967;2118;39.64;153.01;;;
36.914338;-3.562451;702;0;-3;967;2118;39.68;152.97;;;
36.914548;-3.562810;700;0;-3;967;2118;39.72;152.93;;;
36.914717;-3.562868;699;0;-3;967;2118;39.74;152.91;;;
36.914897;-3.562868;698;0;-3;967;2118;39.76;152.89;;;
36.915073;-3.562899;698;0;-3;967;2118;39.78;152.87;;;
36.915404;-3.563072;697;0;-3;967;2118;39.82;152.83;;;
36.915659;-3.563382;696;0;-2;967;2118;39.86;152.79;;;
36.915885;-3.563729;695;0;-3;967;2118;39.9;152.75;;;
36.916031;-3.563860;694;0;-2;967;2118;39.92;152.73;;;
36.916187;-3.563972;694;0;-2;967;2118;39.94;152.71;;;
36.916343;-3.564084;693;0;-2;967;2118;39.96;152.69;;;
36.916632;-3.564352;692;0;-2;967;2118;40;152.65;;;
36.916892;-3.564658;692;0;-2;967;2118;40.04;152.61;;;
36.917008;-3.564830;691;0;-3;967;2118;40.06;152.59;;;
36.917124;-3.565002;691;0;-3;967;2118;40.08;152.57;;;
36.917238;-3.565176;690;0;-3;967;2118;40.1;152.55;;;
36.917339;-3.565588;688;0;-4;967;2118;40.14;152.51;;;
36.917187;-3.565995;687;0;-4;967;2118;40.18;152.47;;;
36.917252;-3.566424;685;0;-3;967;2118;40.22;152.43;;;
36.917421;-3.566468;684;0;-3;967;2118;40.24;152.41;;;
36.917600;-3.566463;684;0;-3;967;2118;40.26;152.39;;;
36.917780;-3.566451;683;0;-4;967;2118;40.28;152.37;;;
36.918044;-3.566721;682;0;-3;967;2118;40.32;152.33;;;
36.918231;-3.567099;681;0;-3;967;2118;40.36;152.29;;;
36.918317;-3.567536;679;0;-3;967;2118;40.4;152.25;;;
36.918350;-3.567757;679;0;-3;967;2118;40.42;152.23;;;
36.918353;-3.567978;678;0;-3;967;2118;40.44;152.21;;;
36.918272;-3.568177;677;0;-3;967;2118;40.46;152.19;;;
36.918070;-3.568547;676;0;-3;967;2118;40.5;152.15;;;
36.917966;-3.568951;675;0;-3;967;2118;40.54;152.11;;;
36.917977;-3.569175;675;0;-3;967;2118;40.56;152.09;;;
36.917964;-3.569400;674;0;-3;967;2118;40.58;152.07;;;
36.917950;-3.569624;674;0;-3;967;2118;40.6;152.05;;;
36.917985;-3.570066;672;0;-3;967;2118;40.64;152.01;;;
36.918071;-3.570503;671;0;-3;967;2118;40.68;151.97;;;
36.918158;-3.570940;670;0;-3;967;2118;40.72;151.93;;;
36.918201;-3.571158;669;0;-3;967;2118;40.74;151.91;;;
36.918244;-3.571377;669;0;-3;967;2118;40.76;151.89;;;
36.918260;-3.571599;668;0;-4;967;2118;40.78;151.87;;;
36.918268;-3.572049;667;0;-4;967;2118;40.82;151.83;;;
36.918420;-3.572419;665;0;-5;967;2118;40.86;151.79;;;
36.918753;-3.572534;663;0;-5;967;2118;40.9;151.75;;;
36.918870;-3.572367;662;0;-6;967;2118;40.92;151.73;;;
36.919022;-3.572256;660;0;-6;967;2118;40.94;151.71;;;
36.919194;-3.572189;659;0;-6;967;2118;40.96;151.69;;;
36.919369;-3.572155;658;0;-5;967;2118;40.98;151.67;;;
36.919505;-3.572295;657;0;-5;967;2118;41;151.65;;;
36.919618;-3.572471;656;0;-5;967;2118;41.02;151.63;;;
36.919730;-3.572647;655;0;-5;967;2118;41.04;151.61;;;
36.919842;-3.572823;654;0;-6;967;2118;41.06;151.59;;;
36.919954;-3.572999;654;0;-6;967;2118;41.08;151.57;;;
36.920059;-3.573180;653;0;-6;967;2118;41.1;151.55;;;
36.920102;-3.573393;650;0;-7;967;2118;41.12;151.53;;;
36.920008;-3.573581;649;0;-7;967;2118;41.14;151.51;;;
36.919899;-3.573760;648;0;-7;967;2118;41.16;151.49;;;
36.919874;-3.573972;646;0;-7;967;2118;41.18;151.47;;;
36.919994;-3.574103;644;0;-7;967;2118;41.2;151.45;;;
36.920172;-3.574078;644;0;-6;967;2118;41.22;151.43;;;
36.920347;-3.574062;643;0;-6;967;2118;41.24;151.41;;;
36.920482;-3.574207;641;0;-6;967;2118;41.26;151.39;;;
36.920577;-3.574397;640;0;-5;967;2118;41.28;151.37;;;
36.920674;-3.574586;639;0;-5;967;2118;41.3;151.35;;;
36.920784;-3.574765;638;0;-6;967;2118;41.32;151.33;;;
36.920824;-3.574981;637;0;-5;967;2118;41.34;151.31;;;
36.920854;-3.575203;636;0;-6;967;2118;41.36;151.29;;;
36.920884;-3.575425;635;0;-7;967;2118;41.38;151.27;;;
36.920980;-3.575610;633;0;-7;967;2118;41.4;151.25;;;
36.921101;-3.575776;632;0;-7;967;2118;41.42;151.23;;;
36.921198;-3.575959;630;0;-8;967;2118;41.44;151.21;;;
36.921202;-3.576184;629;0;-8;967;2118;41.46;151.19;;;
36.921206;-3.576409;627;0;-7;967;2118;41.48;151.17;;;
36.921200;-3.576634;626;0;-7;967;2118;41.5;151.15;;;
36.921095;-3.576808;624;0;-7;967;2118;41.52;151.13;;;
36.920943;-3.576927;623;0;-7;967;2118;41.54;151.11;;;
36.920789;-3.577043;622;0;-8;967;2118;41.56;151.09;;;
36.920624;-3.577130;620;0;-8;967;2118;41.58;151.07;;;
36.920453;-3.577198;619;0;-8;967;2118;41.6;151.05;;;
36.920311;-3.577318;616;0;-8;967;2118;41.62;151.03;;;
36.920312;-3.577535;614;0;-8;967;2118;41.64;151.01;;;
36.920390;-3.577721;613;0;-7;967;2118;41.66;150.99;;;
36.920556;-3.577791;612;0;-7;967;2118;41.68;150.97;;;
36.920734;-3.577816;611;0;-6;967;2118;41.7;150.95;;;
36.920913;-3.577841;610;0;-6;967;2118;41.72;150.93;;;
36.921092;-3.577866;608;0;-5;967;2118;41.74;150.91;;;
36.921271;-3.577890;608;0;-5;967;2118;41.76;150.89;;;
36.921442;-3.577953;607;0;-6;967;2118;41.78;150.87;;;
36.921610;-3.578033;606;0;-6;967;2118;41.8;150.85;;;
36.921783;-3.578097;604;0;-7;967;2118;41.82;150.83;;;
36.921955;-3.578160;603;0;-7;967;2118;41.84;150.81;;;
36.922128;-3.578224;602;0;-8;967;2118;41.86;150.79;;;
36.922303;-3.578266;599;0;-8;967;2118;41.88;150.77;;;
36.922480;-3.578226;597;0;-8;967;2118;41.9;150.75;;;
36.922655;-3.578174;596;0;-8;967;2118;41.92;150.73;;;
36.922829;-3.578138;595;0;-8;967;2118;41.94;150.71;;;
36.922996;-3.578220;593;0;-7;967;2118;41.96;150.69;;;
36.923164;-3.578301;592;0;-6;967;2118;41.98;150.67;;;
36.923340;-3.578294;590;0;-6;967;2118;42;150.65;;;
36.923517;-3.578253;589;0;-6;967;2118;42.02;150.63;;;
36.923694;-3.578211;588;0;-6;967;2118;42.04;150.61;;;
36.923872;-3.578198;587;0;-6;967;2118;42.06;150.59;;;
36.924051;-3.578219;586;0;-6;967;2118;42.08;150.57;;;
36.924228;-3.578228;585;0;-6;967;2118;42.1;150.55;;;
36.924386;-3.578126;583;0;-6;967;2118;42.12;150.53;;;
36.924522;-3.577978;582;0;-6;967;2118;42.14;150.51;;;
36.924657;-3.577829;581;0;-6;967;2118;42.16;150.49;;;
36.924791;-3.577680;580;0;-6;967;2118;42.18;150.47;;;
36.924940;-3.577555;579;0;-6;967;2118;42.2;150.45;;;
36.925096;-3.577442;577;0;-5;967;2118;42.22;150.43;;;
36.925257;-3.577345;576;0;-5;967;2118;42.24;150.41;;;
36.925430;-3.577284;575;0;-5;967;2118;42.26;150.39;;;
36.925606;-3.577237;574;0;-5;967;2118;42.28;150.37;;;
36.925784;-3.577210;574;0;-5;967;2118;42.3;150.35;;;
36.925963;-3.577196;573;0;-6;967;2118;42.32;150.33;;;
36.926143;-3.577182;572;0;-6;967;2118;42.34;150.31;;;
36.926321;-3.577203;571;0;-6;967;2118;42.36;150.29;;;
36.926484;-3.577285;569;0;-7;967;2118;42.38;150.27;;;
36.926538;-3.577494;567;0;-7;967;2118;42.4;150.25;;;
36.926519;-3.577718;566;0;-7;967;2118;42.42;150.23;;;
36.926527;-3.577939;565;0;-7;967;2118;42.44;150.21;;;
36.926617;-3.578131;563;0;-6;967;2118;42.46;150.19;;;
36.926690;-3.578332;562;0;-6;967;2118;42.48;150.17;;;
36.926708;-3.578551;561;0;-6;967;2118;42.5;150.15;;;
36.926646;-3.578758;560;0;-5;967;2118;42.52;150.13;;;
36.926554;-3.578951;559;0;-5;967;2118;42.54;150.11;;;
36.926508;-3.579160;558;0;-5;967;2118;42.56;150.09;;;
36.926554;-3.579373;557;0;-5;967;2118;42.58;150.07;;;
36.926628;-3.579578;557;0;-4;967;2118;42.6;150.05;;;
36.926702;-3.579783;556;0;-4;967;2118;42.62;150.03;;;
36.926831;-3.579934;555;0;-4;967;2118;42.64;150.01;;;
36.926997;-3.580018;554;0;-5;967;2118;42.66;149.99;;;
36.927163;-3.580107;553;0;-5;967;2118;42.68;149.97;;;
36.927328;-3.580196;552;0;-5;967;2118;42.7;149.95;;;
36.927493;-3.580285;552;0;-4;967;2118;42.72;149.93;;;
36.927660;-3.580367;550;0;-4;967;2118;42.74;149.91;;;
36.927789;-3.580521;549;0;-4;967;2118;42.76;149.89;;;
36.927887;-3.580710;548;0;-4;967;2118;42.78;149.87;;;
36.927985;-3.580898;548;0;-4;967;2118;42.8;149.85;;;
36.928083;-3.581087;547;0;-3;967;2118;42.82;149.83;;;
36.928186;-3.581271;546;0;-3;967;2118;42.84;149.81;;;
36.928288;-3.581456;546;0;-3;967;2118;42.86;149.79;;;
36.928391;-3.581641;545;0;-4;967;2118;42.88;149.77;;;
36.928494;-3.581826;545;0;-4;967;2118;42.9;149.75;13;;
36.928603;-3.582005;544;0;-4;967;2118;42.92;149.73;;;
36.928736;-3.582155;543;0;-4;967;2118;42.94;149.71;;;
36.928887;-3.582277;542;0;-5;967;2118;42.96;149.69;;;
36.929003;-3.582446;540;0;-5;967;2118;42.98;149.67;;;
36.929084;-3.582647;539;0;-5;967;2118;43;149.65;;;
36.929164;-3.582849;539;0;-5;967;2118;43.02;149.63;;;
36.929244;-3.583050;538;0;-4;967;2118;43.04;149.61;;;
36.929354;-3.583221;537;0;-4;967;2118;43.06;149.59;;;
36.929525;-3.583281;536;0;-4;967;2118;43.08;149.57;;;
36.929705;-3.583292;535;0;-5;967;2118;43.1;149.55;;;
36.929875;-3.583365;535;0;-5;967;2118;43.12;149.53;;;
36.930045;-3.583439;534;0;-5;967;2118;43.14;149.51;;;
36.930213;-3.583452;532;0;-5;967;2118;43.16;149.49;;;
36.930349;-3.583312;531;0;-5;967;2118;43.18;149.47;;;
36.930424;-3.583110;530;0;-5;967;2118;43.2;149.45;;;
36.930460;-3.582890;529;0;-5;967;2118;43.22;149.43;;;
36.930440;-3.582671;528;0;-4;967;2118;43.24;149.41;;;
36.930371;-3.582463;527;0;-4;967;2118;43.26;149.39;;;
36.930302;-3.582256;527;0;-5;967;2118;43.28;149.37;;;
36.930244;-3.582044;526;0;-6;967;2118;43.3;149.35;;;
36.930205;-3.581824;525;0;-6;967;2118;43.32;149.33;;;
36.930219;-3.581602;524;0;-6;967;2118;43.34;149.31;;;
36.930366;-3.581519;521;0;-6;967;2118;43.36;149.29;;;
36.930489;-3.581664;519;0;-7;967;2118;43.38;149.27;;;
36.930509;-3.581886;518;0;-7;967;2118;43.4;149.25;;;
36.930526;-3.582109;518;0;-6;967;2118;43.42;149.23;;;
36.930616;-3.582276;516;0;-5;967;2118;43.44;149.21;;;
36.930779;-3.582222;515;0;-4;967;2118;43.46;149.19;;;
36.930842;-3.582014;514;0;-4;967;2118;43.48;149.17;;;
36.930882;-3.581795;514;0;-4;967;2118;43.5;149.15;;;
36.930898;-3.581571;513;0;-3;967;2118;43.52;149.13;;;
36.930882;-3.581347;513;0;-2;967;2118;43.54;149.11;;;
36.930864;-3.581123;512;0;-2;967;2118;43.56;149.09;;;
36.930848;-3.580899;512;0;-2;967;2118;43.58;149.07;;;
36.930837;-3.580675;512;0;-2;967;2118;43.6;149.05;;;
36.930847;-3.580454;511;0;-2;967;2118;43.62;149.03;;;
36.930935;-3.580262;511;0;-1;967;2118;43.64;149.01;;;
36.931087;-3.580147;510;0;-1;967;2118;43.66;148.99;;;
36.931259;-3.580082;510;0;-1;967;2118;43.68;148.97;;;
36.931432;-3.580019;510;0;0;967;2118;43.7;148.95;;;
36.931604;-3.579956;510;0;0;967;2118;43.72;148.93;;;
36.931768;-3.579868;510;0;0;967;2118;43.74;148.91;;;
36.931912;-3.579734;510;0;1;967;2118;43.76;148.89;;;
36.932043;-3.579581;510;0;1;968;2117;43.78;148.87;;;
36.932174;-3.579427;511;0;1;968;2117;43.8;148.85;;;
36.932306;-3.579273;511;0;1;968;2117;43.82;148.83;;;
36.932437;-3.579119;511;0;1;968;2117;43.84;148.81;;;
36.932568;-3.578965;511;0;1;968;2117;43.86;148.79;;;
36.932699;-3.578811;511;0;1;969;2116;43.88;148.77;;;
36.932830;-3.578657;512;0;1;969;2116;43.9;148.75;;;
36.932962;-3.578504;512;0;1;969;2116;43.92;148.73;;;
36.933093;-3.578350;512;0;2;969;2116;43.94;148.71;;;
36.933224;-3.578196;512;0;2;970;2115;43.96;148.69;;;
36.933355;-3.578042;513;0;2;970;2115;43.98;148.67;;;
36.933487;-3.577888;513;0;2;970;2115;44;148.65;;;
36.933614;-3.577729;514;0;2;971;2114;44.02;148.63;;;
36.933727;-3.577556;514;0;2;971;2114;44.04;148.61;;;
36.933802;-3.577351;515;0;2;972;2113;44.06;148.59;;;
36.933876;-3.577146;515;0;3;972;2113;44.08;148.57;;;
36.933951;-3.576941;515;0;3;973;2112;44.1;148.55;;;
36.934025;-3.576736;516;0;3;973;2112;44.12;148.53;;;
36.934099;-3.576531;516;0;3;973;2112;44.14;148.51;;;
36.934164;-3.576322;518;0;4;975;2110;44.16;148.49;;;
36.934212;-3.576106;518;0;4;975;2110;44.18;148.47;;;
36.934226;-3.575882;519;0;5;976;2109;44.2;148.45;;;
36.934207;-3.575659;520;0;5;977;2108;44.22;148.43;;;
36.934146;-3.575449;521;0;5;978;2107;44.24;148.41;;;
36.934012;-3.575303;522;0;5;979;2106;44.26;148.39;;;
36.933850;-3.575207;523;0;5;980;2105;44.28;148.37;;;
36.933690;-3.575104;525;0;5;982;2103;44.3;148.35;;;
36.933542;-3.574977;525;0;6;982;2103;44.32;148.33;;;
36.933393;-3.574851;526;0;6;983;2102;44.34;148.31;;;
36.933244;-3.574724;527;0;6;984;2101;44.36;148.29;;;
36.933123;-3.574560;528;0;6;985;2100;44.38;148.27;;;
36.933108;-3.574341;530;0;7;987;2098;44.4;148.25;;;
36.933196;-3.574149;532;0;7;989;2096;44.42;148.23;;;
36.933317;-3.573983;533;0;8;990;2095;44.44;148.21;;;
36.933462;-3.573854;534;0;7;992;2093;44.46;148.19;;;
36.933634;-3.573785;535;0;7;992;2093;44.48;148.17;;;
36.933805;-3.573718;537;0;7;994;2091;44.5;148.15;14;;
36.933939;-3.573576;539;0;7;996;2089;44.52;148.13;;;
36.934028;-3.573380;540;0;6;997;2088;44.54;148.11;;;
36.934093;-3.573173;541;0;7;998;2087;44.56;148.09;;;
36.934102;-3.572951;543;0;6;1000;2085;44.58;148.07;;;
36.934033;-3.572746;544;0;6;1001;2084;44.6;148.05;;;
36.933948;-3.572548;545;0;6;1002;2083;44.62;148.03;;;
36.933862;-3.572350;546;0;6;1003;2082;44.64;148.01;;;
36.933820;-3.572134;548;0;6;1005;2080;44.66;147.99;;;
36.933826;-3.571910;548;0;6;1006;2079;44.68;147.97;;;
36.933831;-3.571685;549;0;6;1006;2079;44.7;147.95;;;
36.933836;-3.571460;550;0;6;1007;2078;44.72;147.93;;;
36.933842;-3.571235;552;0;6;1009;2076;44.74;147.91;;;
36.933849;-3.571010;553;0;7;1010;2075;44.76;147.89;;;
36.933855;-3.570785;554;0;7;1011;2074;44.78;147.87;;;
36.933880;-3.570565;555;0;6;1013;2072;44.8;147.85;;;
36.933995;-3.570409;558;0;7;1015;2070;44.82;147.83;;;
36.934170;-3.570362;559;0;7;1016;2069;44.84;147.81;;;
36.934346;-3.570314;560;0;7;1017;2068;44.86;147.79;;;
36.934522;-3.570266;560;0;6;1018;2067;44.88;147.77;;;
36.934689;-3.570191;563;0;5;1020;2065;44.9;147.75;;;
36.934845;-3.570077;564;0;5;1021;2064;44.92;147.73;;;
36.934991;-3.569947;565;0;5;1022;2063;44.94;147.71;;;
36.935137;-3.569816;565;0;6;1023;2062;44.96;147.69;;;
36.935284;-3.569685;566;0;5;1023;2062;44.98;147.67;;;
36.935430;-3.569554;567;0;5;1024;2061;45;147.65;;;
36.935576;-3.569423;568;0;6;1025;2060;45.02;147.63;;;
36.935718;-3.569286;570;0;6;1027;2058;45.04;147.61;;;
36.935855;-3.569140;571;0;6;1028;2057;45.06;147.59;;;
36.935987;-3.568987;573;0;6;1030;2055;45.08;147.57;;;
36.936113;-3.568826;573;0;6;1031;2054;45.1;147.55;;;
36.936238;-3.568664;575;0;6;1032;2053;45.12;147.53;;;
36.936353;-3.568491;576;0;6;1033;2052;45.14;147.51;;;
36.936467;-3.568318;577;0;5;1034;2051;45.16;147.49;;;
36.936574;-3.568137;578;0;5;1036;2049;45.18;147.47;;;
36.936676;-3.567951;579;0;5;1036;2049;45.2;147.45;;;
36.936777;-3.567765;580;0;6;1037;2048;45.22;147.43;;;
36.936877;-3.567578;581;0;5;1038;2047;45.24;147.41;;;
36.936978;-3.567392;582;0;5;1039;2046;45.26;147.39;;;
36.937088;-3.567216;584;0;5;1041;2044;45.28;147.37;;;
36.937223;-3.567068;585;0;5;1042;2043;45.3;147.35;;;
36.937363;-3.566925;586;0;5;1043;2042;45.32;147.33;;;
36.937498;-3.566780;586;0;5;1044;2041;45.34;147.31;;;
36.937569;-3.566579;588;0;4;1045;2040;45.36;147.29;;;
36.937569;-3.566354;589;0;4;1046;2039;45.38;147.27;;;
36.937569;-3.566129;589;0;5;1047;2038;45.4;147.25;;;
36.937569;-3.565904;590;0;5;1047;2038;45.42;147.23;;;
36.937626;-3.565692;591;0;4;1048;2037;45.44;147.21;;;
36.937692;-3.565483;592;0;4;1049;2036;45.46;147.19;;;
36.937765;-3.565278;593;0;4;1050;2035;45.48;147.17;;;
36.937841;-3.565073;594;0;5;1051;2034;45.5;147.15;;;
36.937915;-3.564869;595;0;5;1052;2033;45.52;147.13;;;
36.938002;-3.564672;596;0;5;1053;2032;45.54;147.11;;;
36.938104;-3.564487;596;0;5;1054;2031;45.56;147.09;;;
36.938220;-3.564315;597;0;5;1055;2030;45.58;147.07;;;
36.938297;-3.564121;599;0;5;1056;2029;45.6;147.05;;;
36.938240;-3.563915;601;0;5;1058;2027;45.62;147.03;;;
36.938137;-3.563734;601;0;5;1059;2026;45.64;147.01;;;
36.937966;-3.563673;603;0;5;1060;2025;45.66;146.99;;;
36.937786;-3.563654;603;0;4;1061;2024;45.68;146.97;;;
36.937607;-3.563634;604;0;5;1061;2024;45.7;146.95;;;
36.937428;-3.563618;605;0;5;1062;2023;45.72;146.93;;;
36.937248;-3.563615;606;0;4;1063;2022;45.74;146.91;;;
36.937068;-3.563611;607;0;5;1064;2021;45.76;146.89;;;
36.936890;-3.563629;608;0;5;1065;2020;45.78;146.87;;;
36.936716;-3.563684;609;0;5;1066;2019;45.8;146.85;;;
36.936541;-3.563740;610;0;5;1067;2018;45.82;146.83;;;
36.936363;-3.563729;611;0;4;1068;2017;45.84;146.81;;;
36.936188;-3.563684;612;0;4;1069;2016;45.86;146.79;;;
36.936014;-3.563625;612;0;4;1069;2016;45.88;146.77;;;
36.935841;-3.563565;613;0;4;1070;2015;45.9;146.75;;;
36.935667;-3.563508;614;0;4;1071;2014;45.92;146.73;;;
36.935490;-3.563469;615;0;4;1072;2013;45.94;146.71;;;
36.935311;-3.563484;616;0;4;1073;2012;45.96;146.69;;;
36.935137;-3.563538;617;0;4;1074;2011;45.98;146.67;;;
36.934968;-3.563616;617;0;4;1074;2011;46;146.65;;;
36.934800;-3.563694;618;0;4;1075;2010;46.02;146.63;;;
36.934631;-3.563771;619;0;4;1076;2009;46.04;146.61;;;
36.934462;-3.563849;619;0;5;1076;2009;46.06;146.59;;;
36.934293;-3.563927;620;0;6;1077;2008;46.08;146.57;;;
36.934119;-3.563974;621;0;6;1078;2007;46.1;146.55;;;
36.933950;-3.563926;623;0;7;1080;2005;46.12;146.53;;;
36.933891;-3.563725;625;0;7;1082;2003;46.14;146.51;;;
36.933969;-3.563530;627;0;6;1084;2001;46.16;146.49;;;
36.934110;-3.563398;628;0;6;1085;2000;46.18;146.47;;;
36.934277;-3.563315;629;0;6;1086;1999;46.2;146.45;;;
36.934449;-3.563251;629;0;6;1087;1998;46.22;146.43;;;
36.934623;-3.563192;630;0;5;1087;1998;46.24;146.41;;;
36.934796;-3.563132;631;0;6;1088;1997;46.26;146.39;;;
36.934967;-3.563061;633;0;6;1090;1995;46.28;146.37;;;
36.935118;-3.562946;634;0;6;1091;1994;46.3;146.35;;;
36.935208;-3.562757;635;0;7;1093;1992;46.32;146.33;;;
36.935196;-3.562538;637;0;7;1094;1991;46.34;146.31;;;
36.935114;-3.562338;638;0;6;1095;1990;46.36;146.29;;;
36.935080;-3.562128;639;0;6;1096;1989;46.38;146.27;;;
36.935182;-3.561970;641;0;5;1098;1987;46.4;146.25;;;
36.935358;-3.561924;642;0;5;1099;1986;46.42;146.23;;;
36.935537;-3.561894;643;0;5;1100;1985;46.44;146.21;;;
36.935715;-3.561865;643;0;5;1101;1984;46.46;146.19;;;
36.935893;-3.561835;644;0;4;1101;1984;46.48;146.17;;;
36.936072;-3.561805;645;0;4;1102;1983;46.5;146.15;;;
36.936250;-3.561775;646;0;4;1103;1982;46.52;146.13;;;
36.936428;-3.561745;646;0;4;1104;1981;46.54;146.11;;;
36.936606;-3.561716;647;0;4;1104;1981;46.56;146.09;;;
36.936785;-3.561686;648;0;5;1105;1980;46.58;146.07;;;
36.936963;-3.561656;648;0;5;1106;1979;46.6;146.05;;;
36.937141;-3.561626;649;0;5;1106;1979;46.62;146.03;;;
36.937316;-3.561577;652;0;6;1109;1976;46.64;146.01;;;
36.937470;-3.561464;653;0;6;1110;1975;46.66;145.99;;;
36.937597;-3.561306;654;0;6;1111;1974;46.68;145.97;;;
36.937719;-3.561141;655;0;5;1112;1973;46.7;145.95;;;
36.937853;-3.560992;656;0;4;1113;1972;46.72;145.93;;;
36.937998;-3.560859;657;0;4;1114;1971;46.74;145.91;;;
36.938143;-3.560727;657;0;4;1115;1970;46.76;145.89;;;
36.938289;-3.560594;658;0;4;1115;1970;46.78;145.87;;;
36.938434;-3.560460;659;0;4;1116;1969;46.8;145.85;;;
36.938579;-3.560327;660;0;4;1117;1968;46.82;145.83;;;
36.938724;-3.560194;660;0;4;1117;1968;46.84;145.81;;;
36.938869;-3.560061;661;0;4;1118;1967;46.86;145.79;;;
36.939014;-3.559929;662;0;5;1119;1966;46.88;145.77;;;
36.939159;-3.559795;663;0;5;1120;1965;46.9;145.75;;;
36.939309;-3.559671;664;0;5;1121;1964;46.92;145.73;;;
36.939461;-3.559551;665;0;5;1122;1963;46.94;145.71;;;
36.939582;-3.559394;666;0;5;1123;1962;46.96;145.69;;;
36.939669;-3.559197;667;0;5;1124;1961;46.98;145.67;;;
36.939760;-3.559003;668;0;5;1126;1959;47;145.65;;;
36.939875;-3.558830;669;0;5;1127;1958;47.02;145.63;;;
36.940000;-3.558669;670;0;5;1127;1958;47.04;145.61;;;
36.940126;-3.558508;671;0;5;1128;1957;47.06;145.59;;;
36.940242;-3.558336;672;0;4;1129;1956;47.08;145.57;;;
36.940351;-3.558158;672;0;4;1129;1956;47.1;145.55;;;
36.940474;-3.558000;674;0;4;1131;1954;47.12;145.53;;;
36.940634;-3.557897;675;0;4;1132;1953;47.14;145.51;;;
36.940795;-3.557797;675;0;4;1132;1953;47.16;145.49;;;
36.940922;-3.557640;676;0;4;1133;1952;47.18;145.47;;;
36.940991;-3.557432;677;0;4;1134;1951;47.2;145.45;;;
36.941050;-3.557220;678;0;4;1135;1950;47.22;145.43;;;
36.941070;-3.557001;678;0;3;1136;1949;47.24;145.41;;;
36.941019;-3.556788;679;0;3;1136;1949;47.26;145.39;;;
36.940940;-3.556586;680;0;3;1137;1948;47.28;145.37;;;
36.940872;-3.556378;681;0;3;1138;1947;47.3;145.35;;;
36.940819;-3.556163;681;0;3;1138;1947;47.32;145.33;;;
36.940767;-3.555948;682;0;3;1139;1946;47.34;145.31;;;
36.940730;-3.555727;682;0;3;1139;1946;47.36;145.29;;;
36.940704;-3.555507;683;0;3;1140;1945;47.38;145.27;;;
36.940774;-3.555307;684;0;3;1141;1944;47.4;145.25;;;
36.940926;-3.555188;684;0;3;1141;1944;47.42;145.23;;;
36.941105;-3.555187;685;0;2;1142;1943;47.44;145.21;;;
36.941284;-3.555212;685;0;2;1142;1943;47.46;145.19;;;
36.941463;-3.555236;685;0;2;1142;1943;47.48;145.17;;;
36.941642;-3.555259;686;0;1;1143;1942;47.5;145.15;;;
36.941821;-3.555254;686;0;2;1143;1942;47.52;145.13;;;
36.942001;-3.555249;686;0;2;1143;1942;47.54;145.11;;;
36.942181;-3.555244;686;0;2;1143;1942;47.56;145.09;;;
36.942360;-3.555233;687;0;2;1144;1941;47.58;145.07;;;
36.942532;-3.555170;687;0;2;1144;1941;47.6;145.05;;;
36.942679;-3.555041;688;0;2;1145;1940;47.62;145.03;;;
36.942822;-3.554904;688;0;2;1145;1940;47.64;145.01;;;
36.942970;-3.554779;688;0;2;1145;1940;47.66;144.99;;;
36.943125;-3.554664;689;0;2;1146;1939;47.68;144.97;;;
36.943280;-3.554549;689;0;2;1146;1939;47.7;144.95;;;
36.943439;-3.554444;689;0;2;1146;1939;47.72;144.93;;;
36.943600;-3.554344;689;0;2;1147;1938;47.74;144.91;;;
36.943765;-3.554256;690;0;2;1147;1938;47.76;144.89;;;
36.943936;-3.554190;690;0;2;1148;1937;47.78;144.87;;;
36.944113;-3.554148;691;0;2;1148;1937;47.8;144.85;;;
36.944291;-3.554113;691;0;2;1148;1937;47.82;144.83;;;
36.944470;-3.554097;692;0;2;1149;1936;47.84;144.81;;;
36.944649;-3.554080;692;0;2;1149;1936;47.86;144.79;;;
36.944829;-3.554087;693;0;3;1150;1935;47.88;144.77;;;
36.945009;-3.554094;693;0;3;1150;1935;47.9;144.75;;;
36.945188;-3.554102;693;0;3;1150;1935;47.92;144.73;;;
36.945368;-3.554105;694;0;2;1151;1934;47.94;144.71;;;
36.945542;-3.554052;695;0;2;1152;1933;47.96;144.69;;;
36.945709;-3.553969;695;0;3;1152;1933;47.98;144.67;;;
36.945872;-3.553873;696;0;3;1153;1932;48;144.65;;;
36.946035;-3.553778;696;0;2;1153;1932;48.02;144.63;;;
36.946197;-3.553682;696;0;2;1154;1931;48.04;144.61;;;
36.946360;-3.553586;697;0;2;1154;1931;48.06;144.59;;;
36.946523;-3.553490;697;0;2;1155;1930;48.08;144.57;;;
36.946685;-3.553394;698;0;2;1155;1930;48.1;144.55;;;
36.946848;-3.553298;698;0;2;1155;1930;48.12;144.53;;;
36.947011;-3.553202;699;0;3;1156;1929;48.14;144.51;;;
36.947174;-3.553107;699;0;3;1157;1928;48.16;144.49;;;
36.947337;-3.553012;700;0;3;1157;1928;48.18;144.47;;;
36.947500;-3.552917;700;0;3;1158;1927;48.2;144.45;15;;
36.947663;-3.552821;701;0;3;1158;1927;48.22;144.43;;;
36.947826;-3.552726;701;0;3;1159;1926;48.24;144.41;;;
36.947989;-3.552631;702;0;3;1159;1926;48.26;144.39;;;
36.948152;-3.552535;703;0;3;1160;1925;48.28;144.37;;;
36.948280;-3.552381;703;0;4;1160;1925;48.3;144.35;;;
36.948374;-3.552191;704;0;5;1161;1924;48.32;144.33;;;
36.948454;-3.551990;705;0;6;1162;1923;48.34;144.31;;;
36.948533;-3.551788;705;0;6;1162;1923;48.36;144.29;;;
36.948645;-3.551631;707;0;7;1164;1921;48.38;144.27;;;
36.948811;-3.551701;709;0;7;1167;1918;48.4;144.25;;;
36.948971;-3.551802;711;0;8;1168;1917;48.42;144.23;;;
36.949144;-3.551865;712;0;8;1170;1915;48.44;144.21;;;
36.949321;-3.551894;714;0;6;1171;1914;48.46;144.19;;;
36.949498;-3.551856;715;0;6;1172;1913;48.48;144.17;;;
36.949666;-3.551781;716;0;5;1173;1912;48.5;144.15;;;
36.949828;-3.551682;717;0;5;1174;1911;48.52;144.13;;;
36.949989;-3.551583;718;0;5;1175;1910;48.54;144.11;;;
36.950151;-3.551484;719;0;4;1176;1909;48.56;144.09;;;
36.950312;-3.551384;720;0;4;1177;1908;48.58;144.07;;;
36.950468;-3.551272;721;0;4;1178;1907;48.6;144.05;;;
36.950624;-3.551160;722;0;4;1179;1906;48.62;144.03;;;
36.950780;-3.551048;722;0;4;1180;1905;48.64;144.01;;;
36.950936;-3.550935;723;0;5;1180;1905;48.66;143.99;;;
36.951091;-3.550823;724;0;5;1181;1904;48.68;143.97;;;
36.951247;-3.550710;725;0;5;1182;1903;48.7;143.95;;;
36.951403;-3.550598;726;0;5;1183;1902;48.72;143.93;;;
36.951557;-3.550482;728;0;5;1185;1900;48.74;143.91;;;
36.951712;-3.550367;728;0;5;1186;1899;48.76;143.89;;;
36.951866;-3.550251;729;0;5;1186;1899;48.78;143.87;;;
36.952020;-3.550135;730;0;5;1187;1898;48.8;143.85;;;
36.952174;-3.550019;731;0;5;1188;1897;48.82;143.83;;;
36.952328;-3.549903;732;0;5;1189;1896;48.84;143.81;;;
36.952482;-3.549787;733;0;6;1190;1895;48.86;143.79;;;
36.952636;-3.549670;734;0;6;1192;1893;48.88;143.77;;;
36.952788;-3.549550;735;0;6;1192;1893;48.9;143.75;;;
36.952940;-3.549430;737;0;6;1194;1891;48.92;143.73;;;
36.953098;-3.549321;738;0;5;1195;1890;48.94;143.71;;;
36.953255;-3.549213;739;0;6;1196;1889;48.96;143.69;;;
36.953413;-3.549104;740;0;6;1197;1888;48.98;143.67;;;
36.953572;-3.548998;741;0;5;1198;1887;49;143.65;16;;
36.953731;-3.548895;742;0;5;1199;1886;49.02;143.63;;;
36.953893;-3.548795;743;0;5;1201;1884;49.04;143.61;;;
36.954057;-3.548705;745;0;5;1202;1883;49.06;143.59;;;
36.954222;-3.548614;745;0;5;1203;1882;49.08;143.57;;;
36.954387;-3.548523;746;0;5;1203;1882;49.1;143.55;;;
36.954551;-3.548433;747;0;4;1204;1881;49.12;143.53;;;
36.954716;-3.548342;748;0;4;1205;1880;49.14;143.51;;;
36.954880;-3.548251;749;0;4;1206;1879;49.16;143.49;;;
36.955045;-3.548161;749;0;4;1207;1878;49.18;143.47;;;
36.955210;-3.548071;750;0;4;1207;1878;49.2;143.45;;;
36.955374;-3.547979;751;0;4;1208;1877;49.22;143.43;;;
36.955537;-3.547883;752;0;4;1209;1876;49.24;143.41;;;
36.955699;-3.547785;753;0;4;1210;1875;49.26;143.39;;;
36.955860;-3.547685;754;0;4;1211;1874;49.28;143.37;;;
36.956013;-3.547568;755;0;4;1212;1873;49.3;143.35;;;
36.956162;-3.547441;755;0;4;1212;1873;49.32;143.33;;;
36.956310;-3.547314;756;0;4;1213;1872;49.34;143.31;;;
36.956458;-3.547186;757;0;4;1214;1871;49.36;143.29;;;
36.956607;-3.547059;757;0;4;1215;1870;49.38;143.27;;;
36.956755;-3.546932;758;0;4;1216;1869;49.4;143.25;;;
36.956909;-3.546818;760;0;4;1217;1868;49.42;143.23;;;
36.957076;-3.546735;761;0;4;1218;1867;49.44;143.21;;;
36.957249;-3.546674;761;0;4;1218;1867;49.46;143.19;;;
36.957422;-3.546612;762;0;4;1219;1866;49.48;143.17;;;
36.957595;-3.546550;763;0;4;1220;1865;49.5;143.15;;;
36.957768;-3.546489;763;0;5;1220;1865;49.52;143.13;;;
36.957941;-3.546427;764;0;5;1221;1864;49.54;143.11;;;
36.958095;-3.546315;766;0;5;1223;1862;49.56;143.09;;;
36.958230;-3.546168;767;0;5;1224;1861;49.58;143.07;;;
36.958318;-3.545974;768;0;6;1225;1860;49.6;143.05;;;
36.958394;-3.545770;769;0;6;1226;1859;49.62;143.03;;;
36.958456;-3.545559;769;0;5;1226;1859;49.64;143.01;;;
36.958529;-3.545355;771;0;5;1228;1857;49.66;142.99;;;
36.958635;-3.545173;772;0;5;1229;1856;49.68;142.97;;;
36.958791;-3.545068;773;0;5;1230;1855;49.7;142.95;;;
36.958960;-3.544992;774;0;5;1231;1854;49.72;142.93;;;
36.959134;-3.544936;775;0;5;1232;1853;49.74;142.91;;;
36.959309;-3.544885;776;0;4;1233;1852;49.76;142.89;;;
36.959488;-3.544893;777;0;4;1234;1851;49.78;142.87;;;
36.959666;-3.544925;778;0;5;1235;1850;49.8;142.85;;;
36.959843;-3.544967;778;0;5;1235;1850;49.82;142.83;;;
36.960019;-3.545009;779;0;5;1236;1849;49.84;142.81;;;
36.960196;-3.545050;781;0;4;1238;1847;49.86;142.79;;;
36.960375;-3.545067;782;0;4;1239;1846;49.88;142.77;;;
36.960555;-3.545063;783;0;4;1240;1845;49.9;142.75;;;
36.960735;-3.545058;783;0;5;1240;1845;49.92;142.73;;;
36.960915;-3.545053;784;0;4;1241;1844;49.94;142.71;;;
36.961094;-3.545048;785;0;4;1242;1843;49.96;142.69;;;
36.961274;-3.545043;785;0;4;1242;1843;49.98;142.67;;;
36.961454;-3.545038;786;0;4;1243;1842;50;142.65;;;
36.961634;-3.545033;787;0;4;1244;1841;50.02;142.63;;;
36.961813;-3.545023;788;0;4;1245;1840;50.04;142.61;;;
36.961992;-3.544994;788;0;4;1246;1839;50.06;142.59;;;
36.962170;-3.544964;789;0;4;1246;1839;50.08;142.57;;;
36.962346;-3.544921;790;0;4;1247;1838;50.1;142.55;;;
36.962520;-3.544865;791;0;4;1248;1837;50.12;142.53;;;
36.962695;-3.544809;792;0;4;1249;1836;50.14;142.51;;;
36.962869;-3.544752;792;0;4;1250;1835;50.16;142.49;;;
36.963043;-3.544696;793;0;4;1250;1835;50.18;142.47;;;
36.963217;-3.544640;794;0;4;1251;1834;50.2;142.45;;;
36.963391;-3.544584;794;0;4;1252;1833;50.22;142.43;;;
36.963565;-3.544526;796;0;4;1253;1832;50.24;142.41;;;
36.963732;-3.544443;797;0;5;1254;1831;50.26;142.39;;;
36.963899;-3.544359;798;0;5;1255;1830;50.28;142.37;;;
36.964064;-3.544268;799;0;5;1256;1829;50.3;142.35;;;
36.964226;-3.544171;799;0;4;1256;1829;50.32;142.33;;;
36.964385;-3.544066;801;0;5;1258;1827;50.34;142.31;;;
36.964541;-3.543955;802;0;5;1259;1826;50.36;142.29;;;
36.964698;-3.543844;802;0;4;1259;1826;50.38;142.27;;;
36.964854;-3.543733;803;0;4;1260;1825;50.4;142.25;;;
36.965017;-3.543639;804;0;4;1261;1824;50.42;142.23;;;
36.965186;-3.543562;805;0;4;1262;1823;50.44;142.21;;;
36.965355;-3.543485;805;0;5;1263;1822;50.46;142.19;;;
36.965524;-3.543408;806;0;5;1263;1822;50.48;142.17;;;
36.965687;-3.543314;808;0;5;1265;1820;50.5;142.15;;;
36.965843;-3.543202;808;0;5;1265;1820;50.52;142.13;;;
36.965995;-3.543082;810;0;6;1267;1818;50.54;142.11;;;
36.966142;-3.542954;810;0;6;1268;1817;50.56;142.09;;;
36.966297;-3.542842;812;0;5;1269;1816;50.58;142.07;;;
36.966469;-3.542789;813;0;5;1270;1815;50.6;142.05;;;
36.966632;-3.542863;815;0;5;1272;1813;50.62;142.03;;;
36.966753;-3.543029;815;0;4;1272;1813;50.64;142.01;;;
36.966862;-3.543208;816;0;4;1273;1812;50.66;141.99;;;
36.966966;-3.543392;816;0;4;1273;1812;50.68;141.97;;;
36.967069;-3.543576;817;0;4;1274;1811;50.7;141.95;;;
36.967171;-3.543761;818;0;4;1275;1810;50.72;141.93;;;
36.967269;-3.543950;818;0;5;1275;1810;50.74;141.91;;;
36.967347;-3.544152;820;0;5;1277;1808;50.76;141.89;;;
36.967326;-3.544369;821;0;5;1278;1807;50.78;141.87;;;
36.967259;-3.544578;822;0;5;1279;1806;50.8;141.85;;;
36.967123;-3.544723;823;0;4;1280;1805;50.82;141.83;;;
36.966966;-3.544833;824;0;4;1281;1804;50.84;141.81;;;
36.966808;-3.544943;824;0;4;1281;1804;50.86;141.79;;;
36.966651;-3.545052;825;0;3;1282;1803;50.88;141.77;;;
36.966494;-3.545161;825;0;4;1282;1803;50.9;141.75;;;
36.966336;-3.545270;826;0;4;1283;1802;50.92;141.73;;;
36.966179;-3.545379;827;0;4;1284;1801;50.94;141.71;;;
36.966021;-3.545487;828;0;4;1285;1800;50.96;141.69;;;
36.965873;-3.545614;829;0;4;1286;1799;50.98;141.67;;;
36.965724;-3.545741;829;0;4;1287;1798;51;141.65;;;
36.965576;-3.545868;830;0;4;1287;1798;51.02;141.63;;;
36.965427;-3.545994;831;0;3;1288;1797;51.04;141.61;;;
36.965278;-3.546121;831;0;3;1288;1797;51.06;141.59;;;
36.965129;-3.546247;832;0;3;1289;1796;51.08;141.57;;;
36.964981;-3.546374;832;0;4;1290;1795;51.1;141.55;;;
36.964832;-3.546500;833;0;4;1290;1795;51.12;141.53;;;
36.964683;-3.546627;834;0;4;1291;1794;51.14;141.51;;;
36.964534;-3.546753;835;0;4;1292;1793;51.16;141.49;;;
36.964382;-3.546874;836;0;4;1293;1792;51.18;141.47;;;
36.964223;-3.546979;836;0;4;1293;1792;51.2;141.45;;;
36.964064;-3.547084;837;0;5;1294;1791;51.22;141.43;;;
36.963914;-3.547204;838;0;5;1295;1790;51.24;141.41;;;
36.963809;-3.547384;839;0;5;1296;1789;51.26;141.39;;;
36.963733;-3.547587;840;0;5;1297;1788;51.28;141.37;;;
36.963754;-3.547803;841;0;4;1299;1786;51.3;141.35;;;
36.963822;-3.548010;842;0;4;1299;1786;51.32;141.33;;;
36.963903;-3.548211;843;0;4;1300;1785;51.34;141.31;;;
36.963985;-3.548412;843;0;4;1301;1784;51.36;141.29;;;
36.964066;-3.548612;844;0;3;1301;1784;51.38;141.27;;;
36.964142;-3.548816;845;0;3;1302;1783;51.4;141.25;;;
36.964200;-3.549029;845;0;3;1303;1782;51.42;141.23;;;
36.964252;-3.549244;847;0;3;1304;1781;51.44;141.21;;;
36.964272;-3.549468;847;0;4;1304;1781;51.46;141.19;;;
36.964291;-3.549692;847;0;3;1305;1780;51.48;141.17;;;
36.964310;-3.549915;848;0;3;1305;1780;51.5;141.15;;;
36.964361;-3.550128;849;0;3;1306;1779;51.52;141.13;;;
36.964473;-3.550299;850;0;3;1307;1778;51.54;141.11;;;
36.964628;-3.550413;850;0;3;1307;1778;51.56;141.09;;;
36.964783;-3.550527;851;0;2;1308;1777;51.58;141.07;;;
36.964938;-3.550641;851;0;2;1308;1777;51.6;141.05;;;
36.965093;-3.550755;851;0;2;1308;1777;51.62;141.03;;;
36.965249;-3.550869;851;0;1;1309;1776;51.64;141.01;;;
36.965404;-3.550983;852;0;1;1309;1776;51.66;140.99;;;
36.965559;-3.551097;852;0;1;1309;1776;51.68;140.97;;;
36.965713;-3.551212;852;0;1;1310;1775;51.7;140.95;;;
36.965868;-3.551328;853;0;1;1310;1775;51.72;140.93;;;
36.966022;-3.551443;853;0;1;1310;1775;51.74;140.91;;;
36.966176;-3.551559;853;0;1;1310;1775;51.76;140.89;;;
36.966331;-3.551675;853;0;1;1310;1775;51.78;140.87;;;
36.966485;-3.551790;853;0;0;1310;1775;51.8;140.85;;;
36.966639;-3.551905;853;0;0;1310;1775;51.82;140.83;;;
36.966794;-3.552021;853;0;0;1310;1775;51.84;140.81;;;
36.966948;-3.552137;853;0;0;1310;1775;51.86;140.79;;;
36.967102;-3.552253;853;0;0;1310;1775;51.88;140.77;;;
36.967257;-3.552368;853;0;0;1310;1775;51.9;140.75;;;
36.967411;-3.552484;853;0;0;1310;1775;51.92;140.73;;;
36.967565;-3.552599;853;0;0;1310;1775;51.94;140.71;;;
36.967720;-3.552715;853;0;0;1310;1775;51.96;140.69;;;
36.967874;-3.552831;853;0;0;1310;1775;51.98;140.67;;;
36.968028;-3.552947;853;0;0;1310;1775;52;140.65;;;
36.968183;-3.553062;853;0;-1;1310;1775;52.02;140.63;;;
36.968337;-3.553177;853;0;-1;1310;1775;52.04;140.61;;;
36.968491;-3.553293;852;0;-1;1310;1775;52.06;140.59;;;
36.968646;-3.553409;852;0;-1;1310;1775;52.08;140.57;;;
36.968800;-3.553524;852;0;-1;1310;1775;52.1;140.55;;;
36.968954;-3.553640;852;0;-1;1310;1775;52.12;140.53;;;
36.969109;-3.553756;852;0;-1;1310;1775;52.14;140.51;;;
36.969263;-3.553871;852;0;-1;1310;1775;52.16;140.49;;;
36.969417;-3.553987;851;0;-1;1310;1775;52.18;140.47;;;
36.969572;-3.554103;851;0;-1;1310;1775;52.2;140.45;;;
36.969726;-3.554218;851;0;-1;1310;1775;52.22;140.43;;;
36.969880;-3.554334;850;0;-1;1310;1775;52.24;140.41;;;
36.970035;-3.554449;850;0;-1;1310;1775;52.26;140.39;;;
36.970189;-3.554565;850;0;-2;1310;1775;52.28;140.37;;;
36.970343;-3.554680;850;0;-2;1310;1775;52.3;140.35;;;
36.970498;-3.554796;849;0;-2;1310;1775;52.32;140.33;;;
36.970652;-3.554912;849;0;-2;1310;1775;52.34;140.31;;;
36.970806;-3.555027;848;0;-2;1310;1775;52.36;140.29;;;
36.970960;-3.555143;848;0;-2;1310;1775;52.38;140.27;;;
36.971114;-3.555260;848;0;-2;1310;1775;52.4;140.25;;;
36.971268;-3.555377;847;0;-2;1310;1775;52.42;140.23;;;
36.971422;-3.555493;847;0;-2;1310;1775;52.44;140.21;;;
36.971576;-3.555610;847;0;-2;1310;1775;52.46;140.19;;;
36.971730;-3.555726;846;0;-2;1310;1775;52.48;140.17;;;
36.971883;-3.555843;846;0;-2;1310;1775;52.5;140.15;;;
36.972037;-3.555960;845;0;-2;1310;1775;52.52;140.13;;;
36.972192;-3.556076;845;0;-2;1310;1775;52.54;140.11;;;
36.972346;-3.556191;844;0;-2;1310;1775;52.56;140.09;;;
36.972501;-3.556306;844;0;-2;1310;1775;52.58;140.07;;;
36.972656;-3.556420;843;0;-2;1310;1775;52.6;140.05;;;
36.972810;-3.556536;843;0;-2;1310;1775;52.62;140.03;;;
36.972965;-3.556651;842;0;-2;1310;1775;52.64;140.01;;;
36.973120;-3.556765;842;0;-2;1310;1775;52.66;139.99;;;
36.973274;-3.556880;842;0;-2;1310;1775;52.68;139.97;;;
36.973429;-3.556996;841;0;-2;1310;1775;52.7;139.95;;;
36.973583;-3.557111;841;0;-3;1310;1775;52.72;139.93;;;
36.973738;-3.557226;840;0;-3;1310;1775;52.74;139.91;;;
36.973892;-3.557341;840;0;-3;1310;1775;52.76;139.89;;;
36.974041;-3.557467;839;0;-3;1310;1775;52.78;139.87;;;
36.974145;-3.557641;838;0;-4;1310;1775;52.8;139.85;;;
36.974137;-3.557860;837;0;-4;1310;1775;52.82;139.83;;;
36.974077;-3.558072;837;0;-5;1310;1775;52.84;139.81;;;
36.974015;-3.558283;835;0;-4;1310;1775;52.86;139.79;;;
36.974027;-3.558508;835;0;-4;1310;1775;52.88;139.77;;;
36.974118;-3.558693;833;0;-4;1310;1775;52.9;139.75;;;
36.974283;-3.558772;833;0;-4;1310;1775;52.92;139.73;;;
36.974459;-3.558816;832;0;-3;1310;1775;52.94;139.71;;;
36.974638;-3.558827;831;0;-3;1310;1775;52.96;139.69;;;
36.974818;-3.558825;831;0;-2;1310;1775;52.98;139.67;;;
36.974998;-3.558822;831;0;-2;1310;1775;53;139.65;;;
36.975178;-3.558819;831;0;-2;1310;1775;53.02;139.63;;;
36.975358;-3.558813;830;0;-2;1310;1775;53.04;139.61;;;
36.975537;-3.558805;829;0;-2;1310;1775;53.06;139.59;;;
36.975717;-3.558798;829;0;-2;1310;1775;53.08;139.57;;;
36.975897;-3.558791;829;0;-2;1310;1775;53.1;139.55;;;
36.976077;-3.558784;829;0;-1;1310;1775;53.12;139.53;;;
36.976256;-3.558777;828;0;-1;1310;1775;53.14;139.51;;;
36.976436;-3.558769;828;0;-1;1310;1775;53.16;139.49;;;
36.976616;-3.558762;828;0;-2;1310;1775;53.18;139.47;;;
36.976796;-3.558754;827;0;-2;1310;1775;53.2;139.45;;;
36.976976;-3.558747;827;0;-2;1310;1775;53.22;139.43;;;
36.977155;-3.558739;827;0;-2;1310;1775;53.24;139.41;;;
36.977335;-3.558736;826;0;-2;1310;1775;53.26;139.39;;;
36.977515;-3.558733;826;0;-2;1310;1775;53.28;139.37;;;
36.977695;-3.558729;826;0;-2;1310;1775;53.3;139.35;17;;
36.977875;-3.558726;825;0;-1;1310;1775;53.32;139.33;;;
36.978055;-3.558723;825;0;-1;1310;1775;53.34;139.31;;;
36.978234;-3.558720;825;0;-1;1310;1775;53.36;139.29;;;
36.978414;-3.558716;825;0;-1;1310;1775;53.38;139.27;;;
36.978594;-3.558714;825;0;-1;1310;1775;53.4;139.25;;;
36.978774;-3.558711;824;0;-1;1310;1775;53.42;139.23;;;
36.978954;-3.558707;824;0;-1;1310;1775;53.44;139.21;;;
36.979134;-3.558704;824;0;-1;1310;1775;53.46;139.19;;;
36.979313;-3.558701;824;0;-1;1310;1775;53.48;139.17;;;
36.979493;-3.558698;824;0;-1;1310;1775;53.5;139.15;;;
36.979673;-3.558695;823;0;-1;1310;1775;53.52;139.13;;;
36.979853;-3.558692;823;0;-1;1310;1775;53.54;139.11;;;
36.980033;-3.558689;823;0;-1;1310;1775;53.56;139.09;;;
36.980213;-3.558685;823;0;-1;1310;1775;53.58;139.07;;;
36.980393;-3.558682;823;0;-1;1310;1775;53.6;139.05;;;
36.980572;-3.558678;822;0;-1;1310;1775;53.62;139.03;;;
36.980752;-3.558675;822;0;-1;1310;1775;53.64;139.01;;;
36.980932;-3.558672;822;0;-1;1310;1775;53.66;138.99;;;
36.981112;-3.558669;822;0;-1;1310;1775;53.68;138.97;;;
36.981292;-3.558666;821;0;-1;1310;1775;53.7;138.95;;;
36.981472;-3.558663;821;0;-1;1310;1775;53.72;138.93;;;
36.981651;-3.558660;821;0;-1;1310;1775;53.74;138.91;;;
36.981831;-3.558656;821;0;-1;1310;1775;53.76;138.89;;;
36.982011;-3.558653;821;0;-1;1310;1775;53.78;138.87;;;
36.982191;-3.558650;820;0;-1;1310;1775;53.8;138.85;;;
36.982371;-3.558646;820;0;-1;1310;1775;53.82;138.83;;;
36.982551;-3.558643;820;0;-1;1310;1775;53.84;138.81;;;
36.982730;-3.558639;820;0;-1;1310;1775;53.86;138.79;;;
36.982910;-3.558635;819;0;-1;1310;1775;53.88;138.77;;;
36.983090;-3.558632;819;0;-1;1310;1775;53.9;138.75;;;
36.983270;-3.558627;819;0;-1;1310;1775;53.92;138.73;;;
36.983450;-3.558622;819;0;-1;1310;1775;53.94;138.71;;;
36.983630;-3.558618;818;0;-1;1310;1775;53.96;138.69;;;
36.983809;-3.558613;818;0;-1;1310;1775;53.98;138.67;;;
36.983989;-3.558608;818;0;-1;1310;1775;54;138.65;;;
36.984169;-3.558603;818;0;-1;1310;1775;54.02;138.63;;;
36.984349;-3.558599;817;0;-1;1310;1775;54.04;138.61;;;
36.984529;-3.558594;817;0;-1;1310;1775;54.06;138.59;;;
36.984709;-3.558591;817;0;-2;1310;1775;54.08;138.57;;;
36.984888;-3.558602;817;0;-2;1310;1775;54.1;138.55;;;
36.985068;-3.558612;816;0;-2;1310;1775;54.12;138.53;;;
36.985248;-3.558623;816;0;-2;1310;1775;54.14;138.51;;;
36.985427;-3.558643;815;0;-2;1310;1775;54.16;138.49;;;
36.985605;-3.558675;815;0;-2;1310;1775;54.18;138.47;;;
36.985783;-3.558706;814;0;-2;1310;1775;54.2;138.45;;;
36.985960;-3.558740;814;0;-2;1310;1775;54.22;138.43;;;
36.986137;-3.558782;814;0;-2;1310;1775;54.24;138.41;;;
36.986310;-3.558844;813;0;-2;1310;1775;54.26;138.39;;;
36.986483;-3.558905;813;0;-2;1310;1775;54.28;138.37;;;
36.986656;-3.558966;813;0;-2;1310;1775;54.3;138.35;;;
36.986829;-3.559027;812;0;-2;1310;1775;54.32;138.33;;;
36.987000;-3.559097;812;0;-2;1310;1775;54.34;138.31;;;
36.987165;-3.559188;811;0;-2;1310;1775;54.36;138.29;;;
36.987329;-3.559278;811;0;-3;1310;1775;54.38;138.27;;;
36.987494;-3.559368;810;0;-3;1310;1775;54.4;138.25;;;
36.987659;-3.559457;810;0;-3;1310;1775;54.42;138.23;;;
36.987818;-3.559561;809;0;-3;1310;1775;54.44;138.21;;;
36.987974;-3.559675;808;0;-3;1310;1775;54.46;138.19;;;
36.988129;-3.559788;808;0;-3;1310;1775;54.48;138.17;;;
36.988282;-3.559906;807;0;-3;1310;1775;54.5;138.15;;;
36.988431;-3.560032;807;0;-3;1310;1775;54.52;138.13;;;
36.988581;-3.560158;806;0;-3;1310;1775;54.54;138.11;;;
36.988722;-3.560296;805;0;-4;1310;1775;54.56;138.09;;;
36.988861;-3.560440;805;0;-4;1310;1775;54.58;138.07;;;
36.989000;-3.560583;804;0;-4;1310;1775;54.6;138.05;;;
36.989138;-3.560726;803;0;-4;1310;1775;54.62;138.03;;;
36.989269;-3.560880;802;0;-4;1310;1775;54.64;138.01;;;
36.989394;-3.561042;801;0;-4;1310;1775;54.66;137.99;;;
36.989519;-3.561205;801;0;-4;1310;1775;54.68;137.97;;;
36.989639;-3.561372;800;0;-4;1310;1775;54.7;137.95;;;
36.989752;-3.561547;799;0;-4;1310;1775;54.72;137.93;;;
36.989865;-3.561722;798;0;-4;1310;1775;54.74;137.91;;;
36.989978;-3.561898;798;0;-4;1310;1775;54.76;137.89;;;
36.990088;-3.562075;796;0;-4;1310;1775;54.78;137.87;;;
36.990196;-3.562256;796;0;-4;1310;1775;54.8;137.85;;;
36.990303;-3.562436;795;0;-4;1310;1775;54.82;137.83;;;
36.990411;-3.562617;794;0;-4;1310;1775;54.84;137.81;;;
36.990518;-3.562797;793;0;-4;1310;1775;54.86;137.79;;;
36.990626;-3.562978;793;0;-4;1310;1775;54.88;137.77;;;
36.990733;-3.563158;792;0;-4;1310;1775;54.9;137.75;;;
36.990841;-3.563339;791;0;-4;1310;1775;54.92;137.73;;;
36.990948;-3.563520;790;0;-4;1310;1775;54.94;137.71;;;
36.991056;-3.563700;790;0;-4;1310;1775;54.96;137.69;;;
36.991163;-3.563881;789;0;-4;1310;1775;54.98;137.67;;;
36.991271;-3.564061;788;0;-4;1310;1775;55;137.65;;;
36.991378;-3.564242;787;0;-4;1310;1775;55.02;137.63;;;
36.991486;-3.564422;786;0;-4;1310;1775;55.04;137.61;;;
36.991593;-3.564603;786;0;-4;1310;1775;55.06;137.59;;;
36.991701;-3.564783;785;0;-4;1310;1775;55.08;137.57;;;
36.991809;-3.564964;784;0;-4;1310;1775;55.1;137.55;;;
36.991916;-3.565144;783;0;-4;1310;1775;55.12;137.53;;;
36.992023;-3.565325;783;0;-4;1310;1775;55.14;137.51;;;
36.992131;-3.565505;782;0;-4;1310;1775;55.16;137.49;;;
36.992239;-3.565686;781;0;-4;1310;1775;55.18;137.47;;;
36.992346;-3.565866;780;0;-4;1310;1775;55.2;137.45;;;
36.992454;-3.566047;779;0;-4;1310;1775;55.22;137.43;;;
36.992561;-3.566227;779;0;-4;1310;1775;55.24;137.41;;;
36.992669;-3.566408;778;0;-4;1310;1775;55.26;137.39;;;
36.992776;-3.566588;777;0;-4;1310;1775;55.28;137.37;;;
36.992884;-3.566769;776;0;-4;1310;1775;55.3;137.35;;;
36.992991;-3.566949;776;0;-4;1310;1775;55.32;137.33;;;
36.993099;-3.567130;775;0;-4;1310;1775;55.34;137.31;;;
36.993207;-3.567310;774;0;-3;1310;1775;55.36;137.29;;;
36.993314;-3.567491;774;0;-3;1310;1775;55.38;137.27;;;
36.993422;-3.567671;773;0;-4;1310;1775;55.4;137.25;;;
36.993529;-3.567852;772;0;-4;1310;1775;55.42;137.23;;;
36.993637;-3.568032;772;0;-4;1310;1775;55.44;137.21;;;
36.993744;-3.568213;771;0;-4;1310;1775;55.46;137.19;;;
36.993853;-3.568392;769;0;-4;1310;1775;55.48;137.17;;;
36.993966;-3.568567;769;0;-4;1310;1775;55.5;137.15;;;
36.994079;-3.568743;768;0;-4;1310;1775;55.52;137.13;;;
36.994192;-3.568918;768;0;-4;1310;1775;55.54;137.11;;;
36.994304;-3.569094;767;0;-3;1310;1775;55.56;137.09;;;
36.994417;-3.569269;766;0;-3;1310;1775;55.58;137.07;;;
36.994535;-3.569439;765;0;-3;1310;1775;55.6;137.05;;;
36.994654;-3.569608;765;0;-3;1310;1775;55.62;137.03;;;
36.994773;-3.569777;764;0;-3;1310;1775;55.64;137.01;;;
36.994892;-3.569946;764;0;-2;1310;1775;55.66;136.99;;;
36.995011;-3.570114;764;0;-2;1310;1775;55.68;136.97;;;
36.995130;-3.570283;763;0;-2;1310;1775;55.7;136.95;;;
36.995250;-3.570451;763;0;-2;1310;1775;55.72;136.93;;;
36.995369;-3.570620;763;0;-2;1310;1775;55.74;136.91;;;
36.995492;-3.570785;762;0;-2;1310;1775;55.76;136.89;;;
36.995615;-3.570948;762;0;-1;1310;1775;55.78;136.87;;;
36.995739;-3.571112;762;0;-1;1310;1775;55.8;136.85;;;
36.995863;-3.571276;761;0;-1;1310;1775;55.82;136.83;;;
36.995986;-3.571439;761;0;-1;1310;1775;55.84;136.81;;;
36.996118;-3.571591;761;0;-1;1310;1775;55.86;136.79;;;
36.996253;-3.571741;761;0;-1;1310;1775;55.88;136.77;;;
36.996381;-3.571899;761;0;0;1310;1775;55.9;136.75;;;
36.996508;-3.572059;761;0;0;1310;1775;55.92;136.73;;;
36.996635;-3.572218;761;0;0;1310;1775;55.94;136.71;;;
36.996762;-3.572378;761;0;0;1310;1775;55.96;136.69;;;
36.996889;-3.572537;761;0;0;1310;1775;55.98;136.67;;;
36.997016;-3.572697;761;0;0;1310;1775;56;136.65;;;
36.997143;-3.572857;761;0;0;1311;1774;56.02;136.63;;;
36.997269;-3.573016;761;0;0;1311;1774;56.04;136.61;;;
36.997396;-3.573176;761;0;0;1311;1774;56.06;136.59;;;
36.997522;-3.573337;761;0;0;1311;1774;56.08;136.57;;;
36.997648;-3.573498;761;0;0;1311;1774;56.1;136.55;;;
36.997774;-3.573658;761;0;1;1311;1774;56.12;136.53;;;
36.997900;-3.573819;761;0;1;1311;1774;56.14;136.51;;;
36.998029;-3.573976;761;0;1;1311;1774;56.16;136.49;;;
36.998162;-3.574128;762;0;2;1311;1774;56.18;136.47;;;
36.998295;-3.574280;762;0;2;1312;1773;56.2;136.45;;;
36.998427;-3.574432;762;0;2;1312;1773;56.22;136.43;;;
36.998560;-3.574584;763;0;2;1313;1772;56.24;136.41;;;
36.998693;-3.574735;763;0;2;1313;1772;56.26;136.39;;;
36.998826;-3.574887;764;0;2;1314;1771;56.28;136.37;;;
36.998955;-3.575044;764;0;2;1314;1771;56.3;136.35;;;
36.999080;-3.575205;765;0;2;1315;1770;56.32;136.33;;;
36.999206;-3.575367;765;0;3;1315;1770;56.34;136.31;;;
36.999331;-3.575529;766;0;3;1315;1770;56.36;136.29;;;
36.999456;-3.575690;766;0;3;1316;1769;56.38;136.27;;;
36.999581;-3.575852;767;0;3;1317;1768;56.4;136.25;;;
36.999694;-3.576027;767;0;3;1317;1768;56.42;136.23;;;
36.999807;-3.576203;768;0;3;1318;1767;56.44;136.21;;;
36.999937;-3.576352;769;0;3;1319;1766;56.46;136.19;;;
37.000042;-3.576535;770;0;3;1319;1766;56.48;136.17;;;
37.000148;-3.576717;770;0;3;1320;1765;56.5;136.15;;;
37.000253;-3.576900;771;0;3;1320;1765;56.52;136.13;;;
37.000358;-3.577082;771;0;2;1321;1764;56.54;136.11;;;
37.000466;-3.577262;772;0;2;1322;1763;56.56;136.09;;;
37.000575;-3.577441;772;0;3;1322;1763;56.58;136.07;;;
37.000684;-3.577620;773;0;3;1322;1763;56.6;136.05;;;
37.000793;-3.577799;773;0;3;1323;1762;56.62;136.03;;;
37.000902;-3.577979;774;0;3;1323;1762;56.64;136.01;;;
37.001017;-3.578151;775;0;3;1324;1761;56.66;135.99;;;
37.001146;-3.578309;775;0;3;1325;1760;56.68;135.97;;;
37.001281;-3.578457;776;0;3;1325;1760;56.7;135.95;;;
37.001417;-3.578605;776;0;3;1326;1759;56.72;135.93;;;
37.001552;-3.578753;776;0;3;1326;1759;56.74;135.91;;;
37.001690;-3.578898;777;0;2;1327;1758;56.76;135.89;;;
37.001833;-3.579034;778;0;2;1327;1758;56.78;135.87;;;
37.001952;-3.579198;778;0;2;1328;1757;56.8;135.85;;;
37.002095;-3.579334;779;0;2;1329;1756;56.82;135.83;;;
37.002238;-3.579471;779;0;2;1329;1756;56.84;135.81;;;
37.002382;-3.579607;779;0;2;1329;1756;56.86;135.79;;;
37.002525;-3.579742;780;0;1;1329;1756;56.88;135.77;;;
37.002669;-3.579877;780;0;1;1330;1755;56.9;135.75;;;
37.002813;-3.580012;780;0;1;1330;1755;56.92;135.73;;;
37.002957;-3.580148;780;0;1;1330;1755;56.94;135.71;;;
37.003101;-3.580283;780;0;1;1330;1755;56.96;135.69;;;
37.003245;-3.580418;781;0;1;1330;1755;56.98;135.67;;;
37.003388;-3.580553;781;0;1;1331;1754;57;135.65;18;;
37.003532;-3.580689;781;0;1;1331;1754;57.02;135.63;;;
37.003676;-3.580824;781;0;1;1331;1754;57.04;135.61;;;
37.003820;-3.580959;781;0;0;1331;1754;57.06;135.59;;;
37.003964;-3.581094;781;0;0;1331;1754;57.08;135.57;;;
37.004108;-3.581229;781;0;0;1331;1754;57.1;135.55;;;
37.004251;-3.581365;781;0;0;1331;1754;57.12;135.53;;;
37.004395;-3.581500;781;0;0;1331;1754;57.14;135.51;;;
37.004539;-3.581635;781;0;0;1331;1754;57.16;135.49;;;
37.004683;-3.581770;781;0;0;1331;1754;57.18;135.47;;;
37.004827;-3.581906;781;0;0;1331;1754;57.2;135.45;;;
37.004971;-3.582041;781;0;0;1331;1754;57.22;135.43;;;
37.005115;-3.582176;781;0;0;1331;1754;57.24;135.41;;;
37.005258;-3.582311;781;0;0;1331;1754;57.26;135.39;;;
37.005398;-3.582453;781;0;-1;1331;1754;57.28;135.37;;;
37.005536;-3.582598;781;0;-1;1331;1754;57.3;135.35;;;
37.005674;-3.582743;781;0;-1;1331;1754;57.32;135.33;;;
37.005811;-3.582887;781;0;-1;1331;1754;57.34;135.31;;;
37.005949;-3.583032;781;0;-1;1331;1754;57.36;135.29;;;
37.006087;-3.583177;780;0;-1;1331;1754;57.38;135.27;;;
37.006221;-3.583327;780;0;-1;1331;1754;57.4;135.25;;;
37.006357;-3.583475;780;0;-1;1331;1754;57.42;135.23;;;
37.006492;-3.583624;780;0;-1;1331;1754;57.44;135.21;;;
37.006626;-3.583773;779;0;-1;1331;1754;57.46;135.19;;;
37.006761;-3.583922;779;0;-1;1331;1754;57.48;135.17;;;
37.006896;-3.584071;779;0;-2;1331;1754;57.5;135.15;;;
37.007031;-3.584220;778;0;-2;1331;1754;57.52;135.13;;;
37.007166;-3.584369;778;0;-2;1331;1754;57.54;135.11;;;
37.007301;-3.584518;778;0;-2;1331;1754;57.56;135.09;;;
37.007436;-3.584667;777;0;-2;1331;1754;57.58;135.07;;;
37.007571;-3.584815;777;0;-2;1331;1754;57.6;135.05;;;
37.007707;-3.584964;777;0;-2;1331;1754;57.62;135.03;;;
37.007842;-3.585112;776;0;-2;1331;1754;57.64;135.01;;;
37.007978;-3.585260;776;0;-2;1331;1754;57.66;134.99;;;
37.008113;-3.585408;776;0;-2;1331;1754;57.68;134.97;;;
37.008265;-3.585529;776;0;-2;1331;1754;57.7;134.95;;;
37.008426;-3.585615;775;0;-2;1331;1754;57.72;134.93;;;
37.008572;-3.585731;774;0;-2;1331;1754;57.74;134.91;;;
37.008636;-3.585941;774;0;-2;1331;1754;57.76;134.89;;;
37.008747;-3.586113;773;0;-2;1331;1754;57.78;134.87;;;
37.008875;-3.586272;773;0;-2;1331;1754;57.8;134.85;;;
37.009005;-3.586427;773;0;-2;1331;1754;57.82;134.83;;;
37.009136;-3.586582;772;0;-2;1331;1754;57.84;134.81;;;
37.009266;-3.586738;772;0;-2;1331;1754;57.86;134.79;;;
37.009399;-3.586889;772;0;-2;1331;1754;57.88;134.77;;;
37.009532;-3.587040;771;0;-2;1331;1754;57.9;134.75;;;
37.009666;-3.587191;771;0;-2;1331;1754;57.92;134.73;;;
37.009799;-3.587342;771;0;-2;1331;1754;57.94;134.71;;;
37.009933;-3.587493;770;0;-2;1331;1754;57.96;134.69;;;
37.010066;-3.587644;770;0;-2;1331;1754;57.98;134.67;;;
37.010200;-3.587795;770;0;-2;1331;1754;58;134.65;;;
37.010334;-3.587945;769;0;-2;1331;1754;58.02;134.63;;;
37.010467;-3.588096;769;0;-2;1331;1754;58.04;134.61;;;
37.010601;-3.588247;769;0;-2;1331;1754;58.06;134.59;;;
37.010734;-3.588398;768;0;-2;1331;1754;58.08;134.57;;;
37.010868;-3.588549;768;0;-2;1331;1754;58.1;134.55;;;
37.011001;-3.588700;767;0;-2;1331;1754;58.12;134.53;;;
37.011135;-3.588851;767;0;-2;1331;1754;58.14;134.51;;;
37.011269;-3.589001;767;0;-2;1331;1754;58.16;134.49;;;
37.011402;-3.589152;766;0;-2;1331;1754;58.18;134.47;;;
37.011536;-3.589303;766;0;-2;1331;1754;58.2;134.45;;;
37.011669;-3.589454;766;0;-2;1331;1754;58.22;134.43;;;
37.011803;-3.589605;765;0;-2;1331;1754;58.24;134.41;;;
37.011936;-3.589756;765;0;-2;1331;1754;58.26;134.39;;;
37.012070;-3.589906;765;0;-2;1331;1754;58.28;134.37;;;
37.012204;-3.590057;764;0;-2;1331;1754;58.3;134.35;;;
37.012337;-3.590209;764;0;-2;1331;1754;58.32;134.33;;;
37.012467;-3.590365;763;0;-2;1331;1754;58.34;134.31;;;
37.012596;-3.590521;763;0;-2;1331;1754;58.36;134.29;;;
37.012726;-3.590677;763;0;-2;1331;1754;58.38;134.27;;;
37.012855;-3.590833;762;0;-2;1331;1754;58.4;134.25;;;
37.012985;-3.590990;762;0;-2;1331;1754;58.42;134.23;;;
37.013113;-3.591148;761;0;-2;1331;1754;58.44;134.21;;;
37.013238;-3.591309;761;0;-2;1331;1754;58.46;134.19;;;
37.013364;-3.591470;761;0;-2;1331;1754;58.48;134.17;;;
37.013490;-3.591631;760;0;-2;1331;1754;58.5;134.15;;;
37.013615;-3.591793;760;0;-2;1331;1754;58.52;134.13;;;
37.013741;-3.591954;759;0;-2;1331;1754;58.54;134.11;;;
37.013867;-3.592115;759;0;-2;1331;1754;58.56;134.09;;;
37.013992;-3.592276;759;0;-2;1331;1754;58.58;134.07;;;
37.014118;-3.592437;758;0;-2;1331;1754;58.6;134.05;;;
37.014243;-3.592599;758;0;-2;1331;1754;58.62;134.03;;;
37.014365;-3.592765;757;0;-2;1331;1754;58.64;134.01;;;
37.014487;-3.592930;757;0;-2;1331;1754;58.66;133.99;;;
37.014609;-3.593096;757;0;-2;1331;1754;58.68;133.97;;;
37.014731;-3.593261;756;0;-2;1331;1754;58.7;133.95;;;
37.014853;-3.593427;756;0;-2;1331;1754;58.72;133.93;;;
37.014976;-3.593592;755;0;-2;1331;1754;58.74;133.91;;;
37.015097;-3.593757;755;0;-2;1331;1754;58.76;133.89;;;
37.015219;-3.593923;755;0;-2;1331;1754;58.78;133.87;;;
37.015341;-3.594089;754;0;-2;1331;1754;58.8;133.85;;;
37.015463;-3.594255;754;0;-2;1331;1754;58.82;133.83;;;
37.015585;-3.594420;754;0;-2;1331;1754;58.84;133.81;;;
37.015707;-3.594586;753;0;-2;1331;1754;58.86;133.79;;;
37.015829;-3.594751;753;0;-2;1331;1754;58.88;133.77;;;
37.015951;-3.594917;752;0;-2;1331;1754;58.9;133.75;;;
37.016072;-3.595083;752;0;-2;1331;1754;58.92;133.73;;;
37.016194;-3.595248;751;0;-2;1331;1754;58.94;133.71;;;
37.016316;-3.595414;751;0;-2;1331;1754;58.96;133.69;;;
37.016438;-3.595580;751;0;-2;1331;1754;58.98;133.67;;;
37.016560;-3.595745;750;0;-2;1331;1754;59;133.65;;;
37.016682;-3.595911;750;0;-2;1331;1754;59.02;133.63;;;
37.016804;-3.596076;750;0;-2;1331;1754;59.04;133.61;;;
37.016926;-3.596242;749;0;-2;1331;1754;59.06;133.59;;;
37.017048;-3.596407;749;0;-2;1331;1754;59.08;133.57;;;
37.017169;-3.596575;748;0;-2;1331;1754;59.1;133.55;;;
37.017289;-3.596742;748;0;-2;1331;1754;59.12;133.53;;;
37.017408;-3.596910;748;0;-2;1331;1754;59.14;133.51;;;
37.017528;-3.597078;747;0;-2;1331;1754;59.16;133.49;;;
37.017644;-3.597250;747;0;-2;1331;1754;59.18;133.47;;;
37.017738;-3.597442;747;0;-2;1331;1754;59.2;133.45;;;
37.017832;-3.597634;746;0;-2;1331;1754;59.22;133.43;;;
37.017907;-3.597838;746;0;-2;1331;1754;59.24;133.41;;;
37.017971;-3.598049;746;0;-2;1331;1754;59.26;133.39;;;
37.018023;-3.598264;745;0;-2;1331;1754;59.28;133.37;;;
37.018070;-3.598481;745;0;-2;1331;1754;59.3;133.35;;;
37.018094;-3.598704;745;0;-1;1331;1754;59.32;133.33;;;
37.018117;-3.598928;744;0;-1;1331;1754;59.34;133.31;;;
37.018140;-3.599151;744;0;-1;1331;1754;59.36;133.29;;;
37.018163;-3.599375;744;0;-1;1331;1754;59.38;133.27;;;
37.018184;-3.599598;744;0;-1;1331;1754;59.4;133.25;;;
37.018205;-3.599822;743;0;-1;1331;1754;59.42;133.23;;;
37.018226;-3.600046;743;0;-1;1331;1754;59.44;133.21;;;
37.018246;-3.600270;743;0;-1;1331;1754;59.46;133.19;;;
37.018275;-3.600492;743;0;-1;1331;1754;59.48;133.17;;;
37.018305;-3.600714;743;0;-1;1331;1754;59.5;133.15;;;
37.018363;-3.600927;743;0;-1;1331;1754;59.52;133.13;;;
37.018423;-3.601140;742;0;-1;1331;1754;59.54;133.11;;;
37.018502;-3.601342;742;0;-1;1331;1754;59.56;133.09;;;
37.018582;-3.601543;742;0;-1;1331;1754;59.58;133.07;;;
37.018663;-3.601745;742;0;0;1331;1754;59.6;133.05;;;
37.018743;-3.601946;742;0;0;1331;1754;59.62;133.03;;;
37.018823;-3.602148;742;0;0;1331;1754;59.64;133.01;;;
37.018904;-3.602349;742;0;0;1331;1754;59.66;132.99;;;
37.018985;-3.602550;742;0;0;1331;1754;59.68;132.97;;;
37.019065;-3.602752;742;0;0;1331;1754;59.7;132.95;;;
37.019145;-3.602954;742;0;0;1331;1754;59.72;132.93;;;
37.019226;-3.603155;742;0;0;1331;1754;59.74;132.91;;;
37.019306;-3.603357;742;0;0;1331;1754;59.76;132.89;;;
37.019387;-3.603558;742;0;0;1331;1754;59.78;132.87;;;
37.019467;-3.603759;742;0;0;1331;1754;59.8;132.85;;;
37.019548;-3.603961;742;0;0;1331;1754;59.82;132.83;;;
37.019625;-3.604164;742;0;0;1331;1754;59.84;132.81;;;
37.019685;-3.604376;742;0;0;1331;1754;59.86;132.79;;;
37.019764;-3.604578;742;0;0;1332;1753;59.88;132.77;;;
37.019844;-3.604781;742;0;0;1332;1753;59.9;132.75;;;
37.019923;-3.604983;742;0;1;1332;1753;59.92;132.73;;;
37.020002;-3.605185;742;0;1;1332;1753;59.94;132.71;;;
37.020081;-3.605388;742;0;1;1332;1753;59.96;132.69;;;
37.020147;-3.605596;743;0;1;1332;1753;59.98;132.67;;;
37.020192;-3.605814;743;0;1;1332;1753;60;132.65;;;
37.020192;-3.606035;743;0;1;1332;1753;60.02;132.63;;;
37.020140;-3.606250;743;0;1;1333;1752;60.04;132.61;;;
37.020153;-3.606468;743;0;1;1333;1752;60.06;132.59;;;
37.020265;-3.606641;744;0;1;1333;1752;60.08;132.57;;;
37.020392;-3.606800;744;0;1;1334;1751;60.1;132.55;;;
37.020514;-3.606965;744;0;1;1334;1751;60.12;132.53;;;
37.020631;-3.607136;745;0;1;1334;1751;60.14;132.51;;;
37.020734;-3.607321;745;0;1;1334;1751;60.16;132.49;;;
37.020814;-3.607522;745;0;1;1334;1751;60.18;132.47;;;
37.020893;-3.607725;745;0;1;1335;1750;60.2;132.45;;;
37.020971;-3.607928;745;0;1;1335;1750;60.22;132.43;;;
37.021040;-3.608135;746;0;1;1335;1750;60.24;132.41;;;
37.021104;-3.608346;746;0;1;1335;1750;60.26;132.39;;;
37.021168;-3.608557;746;0;1;1336;1749;60.28;132.37;;;
37.021207;-3.608777;746;0;1;1336;1749;60.3;132.35;;;
37.021246;-3.608996;747;0;1;1336;1749;60.32;132.33;;;
37.021285;-3.609217;747;0;1;1336;1749;60.34;132.31;;;
37.021323;-3.609437;747;0;1;1337;1748;60.36;132.29;;;
37.021362;-3.609657;747;0;1;1337;1748;60.38;132.27;;;
37.021401;-3.609876;748;0;1;1337;1748;60.4;132.25;;;
37.021440;-3.610096;748;0;1;1337;1748;60.42;132.23;;;
37.021478;-3.610317;748;0;1;1337;1748;60.44;132.21;;;
37.021517;-3.610537;748;0;1;1338;1747;60.46;132.19;;;
37.021556;-3.610756;748;0;1;1338;1747;60.48;132.17;;;
37.021595;-3.610976;749;0;1;1338;1747;60.5;132.15;;;
37.021633;-3.611197;749;0;1;1338;1747;60.52;132.13;;;
37.021672;-3.611417;749;0;1;1338;1747;60.54;132.11;;;
37.021711;-3.611636;749;0;1;1339;1746;60.56;132.09;;;
37.021750;-3.611856;749;0;1;1339;1746;60.58;132.07;;;
37.021788;-3.612076;749;0;1;1339;1746;60.6;132.05;;;
37.021826;-3.612297;750;0;1;1339;1746;60.62;132.03;;;
37.021866;-3.612516;750;0;1;1339;1746;60.64;132.01;;;
37.021904;-3.612736;750;0;0;1339;1746;60.66;131.99;;;
37.021943;-3.612956;750;0;0;1339;1746;60.68;131.97;;;
37.021982;-3.613176;750;0;0;1339;1746;60.7;131.95;;;
37.022024;-3.613395;750;0;0;1339;1746;60.72;131.93;;;
37.022067;-3.613614;750;0;0;1340;1745;60.74;131.91;;;
37.022110;-3.613833;750;0;0;1340;1745;60.76;131.89;;;
37.022155;-3.614051;750;0;0;1340;1745;60.78;131.87;;;
37.022222;-3.614260;750;0;0;1340;1745;60.8;131.85;;;
37.022287;-3.614470;750;0;0;1340;1745;60.82;131.83;;;
37.022359;-3.614676;750;0;0;1340;1745;60.84;131.81;;;
37.022436;-3.614880;750;0;0;1340;1745;60.86;131.79;;;
37.022512;-3.615084;750;0;0;1340;1745;60.88;131.77;;;
37.022589;-3.615288;750;0;-1;1340;1745;60.9;131.75;;;
37.022666;-3.615491;750;0;-1;1340;1745;60.92;131.73;;;
37.022744;-3.615694;749;0;-1;1340;1745;60.94;131.71;;;
37.022833;-3.615890;749;0;-1;1340;1745;60.96;131.69;;;
37.022921;-3.616087;749;0;-1;1340;1745;60.98;131.67;;;
37.023009;-3.616283;749;0;-1;1340;1745;61;131.65;19;;
37.023096;-3.616480;749;0;-1;1340;1745;61.02;131.63;;;
37.023192;-3.616670;749;0;-1;1340;1745;61.04;131.61;;;
37.023291;-3.616859;748;0;-1;1340;1745;61.06;131.59;;;
37.023389;-3.617047;748;0;-1;1340;1745;61.08;131.57;;;
37.023487;-3.617236;748;0;-1;1340;1745;61.1;131.55;;;
37.023585;-3.617425;748;0;-1;1340;1745;61.12;131.53;;;
37.023684;-3.617613;747;0;-1;1340;1745;61.14;131.51;;;
37.023782;-3.617802;747;0;-1;1340;1745;61.16;131.49;;;
37.023880;-3.617991;747;0;-1;1340;1745;61.18;131.47;;;
37.023979;-3.618180;747;0;-1;1340;1745;61.2;131.45;;;
37.024077;-3.618368;746;0;-1;1340;1745;61.22;131.43;;;
37.024175;-3.618557;746;0;-1;1340;1745;61.24;131.41;;;
37.024273;-3.618746;746;0;-1;1340;1745;61.26;131.39;;;
37.024372;-3.618934;745;0;-1;1340;1745;61.28;131.37;;;
37.024470;-3.619123;745;0;-1;1340;1745;61.3;131.35;;;
37.024568;-3.619312;745;0;-1;1340;1745;61.32;131.33;;;
37.024667;-3.619500;745;0;-2;1340;1745;61.34;131.31;;;
37.024762;-3.619691;744;0;-2;1340;1745;61.36;131.29;;;
37.024851;-3.619887;744;0;-2;1340;1745;61.38;131.27;;;
37.024905;-3.620097;744;0;-2;1340;1745;61.4;131.25;;;
37.024864;-3.620311;743;0;-2;1340;1745;61.42;131.23;;;
37.024750;-3.620485;743;0;-2;1340;1745;61.44;131.21;;;
37.024607;-3.620619;742;0;-2;1340;1745;61.46;131.19;;;
37.024456;-3.620742;742;0;-1;1340;1745;61.48;131.17;;;
37.024305;-3.620864;742;0;-1;1340;1745;61.5;131.15;;;
37.024154;-3.620986;742;0;-1;1340;1745;61.52;131.13;;;
37.024003;-3.621108;742;0;-1;1340;1745;61.54;131.11;;;
37.023852;-3.621231;742;0;-1;1340;1745;61.56;131.09;;;
37.023701;-3.621354;741;0;-1;1340;1745;61.58;131.07;;;
37.023550;-3.621476;741;0;-1;1340;1745;61.6;131.05;;;
37.023399;-3.621598;741;0;0;1340;1745;61.62;131.03;;;
37.023265;-3.621748;741;0;0;1340;1745;61.64;131.01;;;
37.023185;-3.621946;741;0;0;1340;1745;61.66;130.99;;;
37.023148;-3.622165;741;0;0;1340;1745;61.68;130.97;;;
37.023121;-3.622388;741;0;0;1340;1745;61.7;130.95;;;
37.023095;-3.622611;741;0;0;1340;1745;61.72;130.93;;;
37.023068;-3.622833;741;0;0;1340;1745;61.74;130.91;;;
37.023042;-3.623056;741;0;1;1340;1745;61.76;130.89;;;
37.023014;-3.623279;741;0;1;1340;1745;61.78;130.87;;;
37.022987;-3.623502;741;0;1;1340;1745;61.8;130.85;;;
37.022960;-3.623724;742;0;1;1340;1745;61.82;130.83;;;
37.022934;-3.623947;742;0;1;1341;1744;61.84;130.81;;;
37.022907;-3.624170;742;0;1;1341;1744;61.86;130.79;;;
37.022881;-3.624393;742;0;1;1341;1744;61.88;130.77;;;
37.022854;-3.624616;743;0;2;1341;1744;61.9;130.75;;;
37.022827;-3.624838;743;0;2;1342;1743;61.92;130.73;;;
37.022800;-3.625061;743;0;2;1342;1743;61.94;130.71;;;
37.022773;-3.625284;744;0;2;1343;1742;61.96;130.69;;;
37.022744;-3.625506;744;0;2;1343;1742;61.98;130.67;;;
37.022713;-3.625728;745;0;2;1343;1742;62;130.65;;;
37.022681;-3.625950;745;0;3;1344;1741;62.02;130.63;;;
37.022650;-3.626172;746;0;3;1344;1741;62.04;130.61;;;
37.022619;-3.626393;746;0;3;1345;1740;62.06;130.59;;;
37.022587;-3.626615;747;0;4;1346;1739;62.08;130.57;;;
37.022570;-3.626840;748;0;4;1346;1739;62.1;130.55;;;
37.022553;-3.627064;748;0;4;1347;1738;62.12;130.53;;;
37.022581;-3.627283;750;0;4;1348;1737;62.14;130.51;;;
37.022661;-3.627481;751;0;4;1349;1736;62.16;130.49;;;
37.022777;-3.627653;751;0;4;1350;1735;62.18;130.47;;;
37.022912;-3.627801;752;0;4;1351;1734;62.2;130.45;;;
37.023052;-3.627941;753;0;4;1351;1734;62.22;130.43;;;
37.023193;-3.628081;754;0;4;1352;1733;62.24;130.41;;;
37.023334;-3.628221;754;0;4;1353;1732;62.26;130.39;;;
37.023475;-3.628361;755;0;4;1354;1731;62.28;130.37;;;
37.023616;-3.628501;756;0;4;1355;1730;62.3;130.35;;;
37.023757;-3.628641;757;0;4;1356;1729;62.32;130.33;;;
37.023898;-3.628782;758;0;4;1356;1729;62.34;130.31;;;
37.024039;-3.628922;759;0;4;1357;1728;62.36;130.29;;;
37.024179;-3.629062;760;0;5;1358;1727;62.38;130.27;;;
37.024320;-3.629202;760;0;4;1359;1726;62.4;130.25;;;
37.024461;-3.629342;761;0;4;1360;1725;62.42;130.23;;;
37.024602;-3.629482;762;0;5;1361;1724;62.44;130.21;;;
37.024747;-3.629613;763;0;5;1362;1723;62.46;130.19;;;
37.024908;-3.629715;764;0;4;1363;1722;62.48;130.17;;;
37.025068;-3.629817;765;0;4;1364;1721;62.5;130.15;;;
37.025229;-3.629918;766;0;4;1365;1720;62.52;130.13;;;
37.025389;-3.630020;767;0;5;1365;1720;62.54;130.11;;;
37.025550;-3.630122;768;0;6;1366;1719;62.56;130.09;;;
37.025710;-3.630224;769;0;6;1367;1718;62.58;130.07;;;
37.025862;-3.630341;770;0;6;1368;1717;62.6;130.05;;;
37.025978;-3.630512;772;0;6;1370;1715;62.62;130.03;;;
37.026049;-3.630717;773;0;6;1372;1713;62.64;130.01;;;
37.026106;-3.630930;774;0;6;1373;1712;62.66;129.99;;;
37.026161;-3.631145;775;0;6;1374;1711;62.68;129.97;;;
37.026215;-3.631360;776;0;5;1375;1710;62.7;129.95;;;
37.026269;-3.631575;777;0;5;1376;1709;62.72;129.93;;;
37.026323;-3.631790;778;0;5;1377;1708;62.74;129.91;;;
37.026378;-3.632004;779;0;5;1378;1707;62.76;129.89;;;
37.026432;-3.632219;780;0;5;1379;1706;62.78;129.87;;;
37.026487;-3.632434;781;0;5;1380;1705;62.8;129.85;;;
37.026541;-3.632649;782;0;5;1381;1704;62.82;129.83;;;
37.026595;-3.632864;784;0;5;1382;1703;62.84;129.81;;;
37.026650;-3.633078;785;0;5;1383;1702;62.86;129.79;;;
37.026704;-3.633293;786;0;5;1384;1701;62.88;129.77;;;
37.026758;-3.633508;787;0;5;1385;1700;62.9;129.75;;;
37.026812;-3.633723;788;0;5;1386;1699;62.92;129.73;;;
37.026866;-3.633937;789;0;5;1387;1698;62.94;129.71;;;
37.026921;-3.634152;790;0;5;1388;1697;62.96;129.69;;;
37.026975;-3.634367;791;0;5;1389;1696;62.98;129.67;;;
37.027029;-3.634582;792;0;5;1390;1695;63;129.65;;;
37.027085;-3.634796;793;0;5;1392;1693;63.02;129.63;;;
37.027142;-3.635010;794;0;6;1393;1692;63.04;129.61;;;
37.027199;-3.635223;795;0;6;1394;1691;63.06;129.59;;;
37.027279;-3.635425;796;0;7;1395;1690;63.08;129.57;;;
37.027378;-3.635611;797;0;7;1396;1689;63.1;129.55;;;
37.027521;-3.635743;799;0;7;1398;1687;63.12;129.53;;;
37.027682;-3.635844;801;0;7;1399;1686;63.14;129.51;;;
37.027861;-3.635862;803;0;7;1401;1684;63.16;129.49;;;
37.028040;-3.635867;804;0;6;1402;1683;63.18;129.47;;;
37.028220;-3.635865;805;0;6;1403;1682;63.2;129.45;;;
37.028400;-3.635863;806;0;5;1404;1681;63.22;129.43;;;
37.028580;-3.635860;807;0;5;1405;1680;63.24;129.41;;;
37.028760;-3.635857;807;0;4;1406;1679;63.26;129.39;;;
37.028940;-3.635855;808;0;4;1407;1678;63.28;129.37;;;
37.029120;-3.635853;809;0;4;1408;1677;63.3;129.35;;;
37.029299;-3.635850;810;0;4;1409;1676;63.32;129.33;;;
37.029479;-3.635850;811;0;4;1410;1675;63.34;129.31;;;
37.029659;-3.635855;812;0;4;1410;1675;63.36;129.29;;;
37.029839;-3.635861;813;0;4;1411;1674;63.38;129.27;;;
37.030019;-3.635865;813;0;4;1412;1673;63.4;129.25;;;
37.030197;-3.635886;814;0;4;1413;1672;63.42;129.23;;;
37.030374;-3.635927;815;0;4;1413;1672;63.44;129.21;;;
37.030551;-3.635966;815;0;5;1414;1671;63.46;129.19;;;
37.030728;-3.636007;816;0;5;1415;1670;63.48;129.17;;;
37.030905;-3.636031;817;0;5;1416;1669;63.5;129.15;;;
37.031073;-3.635951;819;0;5;1417;1668;63.52;129.13;;;
37.031246;-3.635927;820;0;5;1419;1666;63.54;129.11;;;
37.031419;-3.635988;822;0;5;1420;1665;63.56;129.09;;;
37.031574;-3.636102;822;0;4;1421;1664;63.58;129.07;;;
37.031727;-3.636219;823;0;3;1421;1664;63.6;129.05;20;;
37.031881;-3.636336;823;0;2;1422;1663;63.62;129.03;;;
37.032035;-3.636453;823;0;1;1422;1663;63.64;129.01;;;
37.032189;-3.636569;823;0;1;1422;1663;63.66;128.99;;;
37.032342;-3.636687;824;0;1;1422;1663;63.68;128.97;;;
37.032496;-3.636804;824;0;1;1423;1662;63.7;128.95;;;
37.032650;-3.636921;824;0;1;1423;1662;63.72;128.93;;;
37.032803;-3.637037;824;0;1;1423;1662;63.74;128.91;;;
37.032957;-3.637154;825;0;1;1423;1662;63.76;128.89;;;
37.033111;-3.637272;825;0;1;1424;1661;63.78;128.87;;;
37.033264;-3.637389;825;0;1;1424;1661;63.8;128.85;;;
37.033418;-3.637506;825;0;1;1424;1661;63.82;128.83;;;
37.033572;-3.637622;826;0;1;1424;1661;63.84;128.81;;;
37.033726;-3.637739;826;0;1;1424;1661;63.86;128.79;;;
37.033879;-3.637857;826;0;1;1425;1660;63.88;128.77;;;
37.034033;-3.637974;826;0;1;1425;1660;63.9;128.75;;;
37.034187;-3.638091;826;0;1;1425;1660;63.92;128.73;;;
37.034341;-3.638207;826;0;1;1425;1660;63.94;128.71;;;
37.034494;-3.638324;827;0;1;1425;1660;63.96;128.69;;;
37.034648;-3.638442;827;0;1;1425;1660;63.98;128.67;;;
37.034802;-3.638559;827;0;1;1425;1660;64;128.65;;;
37.034955;-3.638676;827;0;1;1426;1659;64.02;128.63;;;
37.035264;-3.638908;827;0;1;1426;1659;64.06;128.59;;;
37.035424;-3.639010;827;0;1;1426;1659;64.08;128.57;;;
37.035744;-3.639216;828;0;1;1426;1659;64.12;128.53;;;
37.035905;-3.639314;828;0;1;1426;1659;64.14;128.51;;;
37.036082;-3.639353;828;0;1;1427;1658;64.16;128.49;;;
37.036363;-3.639590;829;0;1;1427;1658;64.2;128.45;;;
37.036512;-3.639717;829;0;1;1427;1658;64.22;128.43;;;
37.036993;-3.640023;829;0;1;1428;1657;64.28;128.37;;;
37.037155;-3.640119;829;0;1;1428;1657;64.3;128.35;;;
37.037482;-3.640307;829;0;1;1428;1657;64.34;128.31;;;
37.037646;-3.640401;830;0;1;1428;1657;64.36;128.29;;;
37.037809;-3.640495;830;0;1;1428;1657;64.38;128.27;;;
37.038136;-3.640682;830;0;1;1429;1656;64.42;128.23;;;
37.038298;-3.640780;830;0;1;1429;1656;64.44;128.21;;;
37.038611;-3.641003;831;0;1;1429;1656;64.48;128.17;;;
37.038767;-3.641114;831;0;1;1429;1656;64.5;128.15;;;
37.038923;-3.641226;831;0;1;1430;1655;64.52;128.13;;;
37.039236;-3.641449;831;0;1;1430;1655;64.56;128.09;;;
37.039392;-3.641561;832;0;1;1430;1655;64.58;128.07;;;
37.039703;-3.641788;832;0;1;1431;1654;64.62;128.03;;;
37.039858;-3.641903;832;0;1;1431;1654;64.64;128.01;;;
37.040013;-3.642017;832;0;1;1431;1654;64.66;127.99;;;
37.040323;-3.642245;833;0;1;1432;1653;64.7;127.95;;;
37.040478;-3.642359;833;0;1;1432;1653;64.72;127.93;;;
37.040943;-3.642701;834;0;2;1433;1652;64.78;127.87;;;
37.041098;-3.642816;834;0;2;1433;1652;64.8;127.85;;;
37.041408;-3.643044;835;0;2;1434;1651;64.84;127.81;;;
37.041563;-3.643158;835;0;2;1434;1651;64.86;127.79;;;
37.041719;-3.643272;836;0;2;1434;1651;64.88;127.77;;;
37.042029;-3.643500;837;0;2;1435;1650;64.92;127.73;;;
37.042184;-3.643614;837;0;2;1436;1649;64.94;127.71;;;
37.042492;-3.643847;838;0;2;1436;1649;64.98;127.67;;;
37.042638;-3.643978;838;0;2;1437;1648;65;127.65;;;
37.042785;-3.644108;838;0;2;1437;1648;65.02;127.63;;;
37.043078;-3.644370;839;0;2;1438;1647;65.06;127.59;;;
37.043225;-3.644500;839;0;2;1438;1647;65.08;127.57;;;
37.043518;-3.644762;840;0;2;1439;1646;65.12;127.53;;;
37.043664;-3.644892;840;0;2;1439;1646;65.14;127.51;;;
37.043811;-3.645023;841;0;2;1439;1646;65.16;127.49;;;
37.044104;-3.645284;841;0;2;1440;1645;65.2;127.45;;;
37.044251;-3.645415;841;0;1;1440;1645;65.22;127.43;;;
37.044691;-3.645806;842;0;1;1441;1644;65.28;127.37;;;
37.044837;-3.645937;843;0;1;1441;1644;65.3;127.35;;;
37.045133;-3.646193;843;0;1;1442;1643;65.34;127.31;;;
37.045294;-3.646292;843;0;1;1442;1643;65.36;127.29;;;
37.045456;-3.646391;844;0;1;1442;1643;65.38;127.27;;;
37.045779;-3.646590;844;0;1;1443;1642;65.42;127.23;;;
37.045941;-3.646687;844;0;1;1443;1642;65.44;127.21;;;
37.046268;-3.646875;845;0;1;1443;1642;65.48;127.17;;;
37.046431;-3.646969;845;0;1;1443;1642;65.5;127.15;;;
37.046595;-3.647063;845;0;1;1444;1641;65.52;127.13;;;
37.046919;-3.647257;845;0;1;1444;1641;65.56;127.09;;;
37.047082;-3.647354;845;0;0;1444;1641;65.58;127.07;;;
37.047410;-3.647537;845;0;0;1444;1641;65.62;127.03;;;
37.047576;-3.647626;846;0;0;1444;1641;65.64;127.01;;;
37.047742;-3.647713;846;0;0;1444;1641;65.66;126.99;;;
37.048089;-3.647830;846;0;0;1444;1641;65.7;126.95;;;
37.048263;-3.647889;846;0;0;1444;1641;65.72;126.93;;;
37.048771;-3.648109;846;0;0;1444;1641;65.78;126.87;;;
37.048917;-3.648237;846;0;-1;1444;1641;65.8;126.85;21;;
37.048946;-3.648672;845;0;-1;1444;1641;65.84;126.81;;;
37.048893;-3.648887;845;0;-1;1444;1641;65.86;126.79;;;
37.048830;-3.649098;845;0;-1;1444;1641;65.88;126.77;;;
37.048688;-3.649512;844;0;-1;1444;1641;65.92;126.73;;;
37.048617;-3.649719;844;0;-1;1444;1641;65.94;126.71;;;
37.048480;-3.650135;844;0;-1;1444;1641;65.98;126.67;;;
37.048414;-3.650345;843;0;-1;1444;1641;66;126.65;;;
37.048348;-3.650554;843;0;-1;1444;1641;66.02;126.63;;;
37.048227;-3.650979;843;0;-1;1444;1641;66.06;126.59;;;
37.048172;-3.651193;842;0;-1;1444;1641;66.08;126.57;;;
37.048207;-3.651625;842;0;-1;1444;1641;66.12;126.53;;;
37.048151;-3.651834;841;0;-1;1444;1641;66.14;126.51;;;
37.048009;-3.651957;841;0;-1;1444;1641;66.16;126.49;;;
37.047759;-3.652274;840;0;-1;1444;1641;66.2;126.45;;;
37.047664;-3.652465;840;0;-1;1444;1641;66.22;126.43;;;
37.047380;-3.653040;840;0;0;1444;1641;66.28;126.37;;;
37.047286;-3.653232;840;0;0;1444;1641;66.3;126.35;;;
37.047148;-3.653646;840;0;0;1444;1641;66.34;126.31;;;
37.047114;-3.653867;840;0;0;1444;1641;66.36;126.29;;;
37.047148;-3.654082;840;0;0;1444;1641;66.38;126.27;;;
37.046939;-3.654398;840;0;0;1444;1641;66.42;126.23;;;
37.046805;-3.654548;840;0;0;1445;1640;66.44;126.21;;;
37.046606;-3.654922;840;0;1;1445;1640;66.48;126.17;;;
37.046547;-3.655134;840;0;1;1445;1640;66.5;126.15;;;
37.046517;-3.655356;841;0;1;1445;1640;66.52;126.13;;;
37.046490;-3.655804;841;0;1;1445;1640;66.56;126.09;;;
37.046501;-3.656029;841;0;1;1446;1639;66.58;126.07;;;
37.046539;-3.656477;841;0;1;1446;1639;66.62;126.03;;;
37.046562;-3.656700;842;0;1;1446;1639;66.64;126.01;;;
37.046590;-3.656923;842;0;1;1446;1639;66.66;125.99;;;
37.046644;-3.657369;842;0;1;1447;1638;66.7;125.95;;;
37.046672;-3.657591;842;0;1;1447;1638;66.72;125.93;;;
37.046753;-3.658260;843;0;1;1448;1637;66.78;125.87;;;
37.046780;-3.658482;844;0;1;1448;1637;66.8;125.85;;;
37.046835;-3.658928;844;0;1;1449;1636;66.84;125.81;;;
37.046863;-3.659151;845;0;1;1449;1636;66.86;125.79;;;
37.046890;-3.659373;845;0;1;1449;1636;66.88;125.77;;;
37.046931;-3.659821;845;0;1;1450;1635;66.92;125.73;;;
37.046932;-3.660045;846;0;2;1450;1635;66.94;125.71;;;
37.046907;-3.660495;846;0;2;1451;1634;66.98;125.67;;;
37.046873;-3.660716;847;0;2;1451;1634;67;125.65;;;
37.046838;-3.660938;847;0;2;1452;1633;67.02;125.63;;;
37.046763;-3.661378;848;0;2;1452;1633;67.06;125.59;;;
37.046711;-3.661594;848;0;2;1453;1632;67.08;125.57;;;
37.046531;-3.661979;849;0;2;1453;1632;67.12;125.53;;;
37.046405;-3.662140;849;0;2;1454;1631;67.14;125.51;;;
37.046259;-3.662271;849;0;1;1454;1631;67.16;125.49;;;
37.045930;-3.662452;850;0;1;1454;1631;67.2;125.45;;;
37.045762;-3.662530;850;0;1;1455;1630;67.22;125.43;;;
37.045255;-3.662763;851;0;1;1455;1630;67.28;125.37;;;
37.045087;-3.662841;851;0;1;1456;1629;67.3;125.35;;;
37.044749;-3.662997;851;0;1;1456;1629;67.34;125.31;;;
37.044580;-3.663075;851;0;1;1456;1629;67.36;125.29;;;
37.044411;-3.663153;851;0;1;1456;1629;67.38;125.27;;;
37.044074;-3.663308;852;0;1;1456;1629;67.42;125.23;;;
37.043905;-3.663387;852;0;1;1457;1628;67.44;125.21;;;
37.043568;-3.663542;852;0;1;1457;1628;67.48;125.17;;;
37.043401;-3.663627;853;0;1;1457;1628;67.5;125.15;;;
37.043238;-3.663722;853;0;1;1457;1628;67.52;125.13;;;
37.042922;-3.663935;853;0;1;1458;1627;67.56;125.09;;;
37.042795;-3.664094;854;0;1;1458;1627;67.58;125.07;;;
37.042541;-3.664414;854;0;2;1459;1626;67.62;125.03;;;
37.042427;-3.664587;855;0;2;1459;1626;67.64;125.01;;;
37.042312;-3.664761;855;0;2;1460;1625;67.66;124.99;;;
37.042083;-3.665108;856;0;2;1460;1625;67.7;124.95;;;
37.041968;-3.665282;856;0;2;1461;1624;67.72;124.93;;;
37.041624;-3.665803;858;0;3;1463;1622;67.78;124.87;;;
37.041512;-3.665979;859;0;3;1463;1622;67.8;124.85;22;;
37.041300;-3.666343;860;0;3;1465;1620;67.84;124.81;;;
37.041194;-3.666525;861;0;4;1465;1620;67.86;124.79;;;
37.041087;-3.666706;861;0;4;1466;1619;67.88;124.77;;;
37.040874;-3.667070;863;0;4;1468;1617;67.92;124.73;;;
37.040768;-3.667251;864;0;4;1468;1617;67.94;124.71;;;
37.040555;-3.667615;865;0;4;1470;1615;67.98;124.67;;;
37.040449;-3.667797;866;0;5;1471;1614;68;124.65;;;
37.040343;-3.667979;867;0;5;1472;1613;68.02;124.63;;;
37.040139;-3.668349;869;0;5;1474;1611;68.06;124.59;;;
37.040054;-3.668548;870;0;6;1475;1610;68.08;124.57;;;
37.039883;-3.668944;873;0;6;1477;1608;68.12;124.53;;;
37.039798;-3.669143;874;0;6;1479;1606;68.14;124.51;;;
37.039714;-3.669341;875;0;6;1480;1605;68.16;124.49;;;
37.039542;-3.669738;878;0;7;1482;1603;68.2;124.45;;;
37.039464;-3.669941;879;0;7;1484;1601;68.22;124.43;;;
37.039228;-3.670549;884;0;7;1488;1597;68.28;124.37;;;
37.039149;-3.670751;885;0;8;1490;1595;68.3;124.35;;;
37.038992;-3.671157;888;0;8;1493;1592;68.34;124.31;;;
37.038914;-3.671359;890;0;8;1494;1591;68.36;124.29;;;
37.038835;-3.671562;891;0;8;1496;1589;68.38;124.27;;;
37.038671;-3.671963;895;0;8;1499;1586;68.42;124.23;;;
37.038578;-3.672155;896;0;9;1501;1584;68.44;124.21;;;
37.038365;-3.672516;900;0;9;1504;1581;68.48;124.17;;;
37.038238;-3.672675;902;0;9;1506;1579;68.5;124.15;;;
37.038095;-3.672812;904;0;9;1508;1577;68.52;124.13;;;
37.037793;-3.673055;907;0;8;1512;1573;68.56;124.09;;;
37.037630;-3.673146;908;0;7;1513;1572;68.58;124.07;;;
37.037279;-3.673237;911;0;6;1516;1569;68.62;124.03;;;
37.037100;-3.673268;912;0;6;1517;1568;68.64;124.01;;;
37.036922;-3.673300;913;0;6;1518;1567;68.66;123.99;;;
37.036566;-3.673364;915;0;5;1520;1565;68.7;123.95;;;
37.036388;-3.673395;916;0;5;1521;1564;68.72;123.93;;;
37.035854;-3.673491;919;0;6;1524;1561;68.78;123.87;;;
37.035676;-3.673522;920;0;6;1525;1560;68.8;123.85;;;
37.035318;-3.673517;923;0;6;1528;1557;68.84;123.81;;;
37.035138;-3.673502;924;0;6;1529;1556;68.86;123.79;;;
37.034959;-3.673487;926;0;7;1530;1555;68.88;123.77;;;
37.034601;-3.673440;928;0;7;1533;1552;68.92;123.73;;;
37.034422;-3.673413;930;0;7;1534;1551;68.94;123.71;;;
37.034065;-3.673360;932;0;6;1537;1548;68.98;123.67;;;
37.033887;-3.673333;934;0;6;1538;1547;69;123.65;;;
37.033708;-3.673306;935;0;7;1540;1545;69.02;123.63;;;
37.033349;-3.673288;937;0;6;1542;1543;69.06;123.59;;;
37.033177;-3.673338;939;0;6;1544;1541;69.08;123.57;;;
37.032859;-3.673547;941;0;5;1546;1539;69.12;123.53;;;
37.032721;-3.673690;942;0;5;1547;1538;69.14;123.51;;;
37.032589;-3.673842;943;0;4;1548;1537;69.16;123.49;;;
37.032323;-3.674146;945;0;4;1549;1536;69.2;123.45;;;
37.032191;-3.674299;946;0;4;1550;1535;69.22;123.43;;;
37.031784;-3.674743;948;0;4;1553;1532;69.28;123.37;;;
37.031646;-3.674887;949;0;4;1553;1532;69.3;123.35;;;
37.031363;-3.675165;950;0;4;1555;1530;69.34;123.31;;;
37.031220;-3.675303;951;0;4;1556;1529;69.36;123.29;;;
37.031077;-3.675439;952;0;5;1557;1528;69.38;123.27;;;
37.030791;-3.675713;954;0;4;1559;1526;69.42;123.23;;;
37.030648;-3.675849;955;0;4;1560;1525;69.44;123.21;;;
37.030363;-3.676123;957;0;4;1561;1524;69.48;123.17;;;
37.030220;-3.676260;958;0;4;1562;1523;69.5;123.15;;;
37.030077;-3.676397;958;0;4;1563;1522;69.52;123.13;;;
37.029807;-3.676692;960;0;4;1565;1520;69.56;123.09;;;
37.029689;-3.676861;961;0;4;1565;1520;69.58;123.07;;;
37.029530;-3.677263;962;0;4;1567;1518;69.62;123.03;;;
37.029475;-3.677478;963;0;4;1567;1518;69.64;123.01;;;
37.029429;-3.677696;964;0;4;1568;1517;69.66;122.99;;;
37.029335;-3.678131;965;0;4;1570;1515;69.7;122.95;;;
37.029289;-3.678348;966;0;4;1571;1514;69.72;122.93;;;
37.029162;-3.679005;968;0;4;1573;1512;69.78;122.87;;;
37.029122;-3.679225;969;0;3;1574;1511;69.8;122.85;;;
37.029040;-3.679664;970;0;3;1575;1510;69.84;122.81;;;
37.029000;-3.679883;971;0;3;1576;1509;69.86;122.79;;;
37.028960;-3.680103;972;0;3;1576;1509;69.88;122.77;;;
37.028879;-3.680542;973;0;4;1578;1507;69.92;122.73;;;
37.028854;-3.680765;974;0;4;1578;1507;69.94;122.71;;;
37.028815;-3.681213;975;0;4;1580;1505;69.98;122.67;;;
37.028795;-3.681437;976;0;4;1581;1504;70;122.65;;;
37.028775;-3.681660;977;0;4;1581;1504;70.02;122.63;;;
37.028736;-3.682108;978;0;4;1583;1502;70.06;122.59;;;
37.028716;-3.682332;979;0;4;1584;1501;70.08;122.57;;;
37.028677;-3.682780;980;0;4;1585;1500;70.12;122.53;;;
37.028657;-3.683004;981;0;4;1586;1499;70.14;122.51;;;
37.028638;-3.683228;982;0;4;1587;1498;70.16;122.49;;;
37.028598;-3.683676;983;0;4;1588;1497;70.2;122.45;;;
37.028578;-3.683900;984;0;4;1589;1496;70.22;122.43;;;
37.028508;-3.684569;987;0;4;1591;1494;70.28;122.37;;;
37.028466;-3.684788;987;0;4;1592;1493;70.3;122.35;;;
37.028332;-3.685206;989;0;4;1593;1492;70.34;122.31;;;
37.028262;-3.685414;990;0;4;1594;1491;70.36;122.29;;;
37.028192;-3.685621;991;0;4;1595;1490;70.38;122.27;;;
37.028053;-3.686037;992;0;5;1597;1488;70.42;122.23;;;
37.027983;-3.686244;993;0;4;1598;1487;70.44;122.21;;;
37.027785;-3.686617;995;0;4;1600;1485;70.48;122.17;;;
37.027656;-3.686773;996;0;4;1601;1484;70.5;122.15;;;
37.027518;-3.686918;997;0;4;1601;1484;70.52;122.13;;;
37.027242;-3.687206;998;0;3;1603;1482;70.56;122.09;;;
37.027104;-3.687350;999;0;3;1603;1482;70.58;122.07;;;
37.026827;-3.687639;1000;0;3;1604;1481;70.62;122.03;;;
37.026689;-3.687783;1000;0;3;1605;1480;70.64;122.01;;;
37.026551;-3.687927;1001;0;3;1606;1479;70.66;121.99;;;
37.026289;-3.688232;1002;0;3;1607;1478;70.7;121.95;;;
37.026184;-3.688415;1003;0;3;1608;1477;70.72;121.93;;;
37.025953;-3.689022;1005;0;3;1610;1475;70.78;121.87;;;
37.025889;-3.689233;1006;0;3;1610;1475;70.8;121.85;;;
37.025762;-3.689654;1007;0;3;1612;1473;70.84;121.81;;;
37.025699;-3.689865;1008;0;3;1612;1473;70.86;121.79;;;
37.025636;-3.690076;1008;0;3;1613;1472;70.88;121.77;;;
37.025508;-3.690497;1009;0;4;1614;1471;70.92;121.73;;;
37.025400;-3.690678;1010;0;4;1615;1470;70.94;121.71;;;
37.025114;-3.690946;1012;0;4;1617;1468;70.98;121.67;;;
37.024948;-3.691033;1014;0;4;1618;1467;71;121.65;;;
37.024773;-3.691084;1014;0;4;1619;1466;71.02;121.63;;;
37.024415;-3.691069;1016;0;3;1620;1465;71.06;121.59;;;
37.024237;-3.691039;1016;0;3;1621;1464;71.08;121.57;;;
37.023880;-3.690978;1017;0;2;1622;1463;71.12;121.53;;;
37.023702;-3.690948;1017;0;2;1622;1463;71.14;121.51;;;
37.023524;-3.690918;1018;0;2;1623;1462;71.16;121.49;;;
37.023186;-3.690775;1019;0;2;1624;1461;71.2;121.45;;;
37.023022;-3.690681;1019;0;2;1624;1461;71.22;121.43;;;
37.022546;-3.690363;1021;0;2;1625;1460;71.28;121.37;;;
37.022387;-3.690258;1021;0;2;1626;1459;71.3;121.35;;;
37.022070;-3.690046;1022;0;2;1626;1459;71.34;121.31;;;
37.021911;-3.689940;1022;0;2;1627;1458;71.36;121.29;;;
37.021752;-3.689835;1023;0;2;1627;1458;71.38;121.27;;;
37.021408;-3.689707;1023;0;2;1628;1457;71.42;121.23;;;
37.021229;-3.689697;1024;0;1;1628;1457;71.44;121.21;;;
37.020876;-3.689753;1024;0;1;1629;1456;71.48;121.17;;;
37.020705;-3.689824;1024;0;1;1629;1456;71.5;121.15;;;
37.020538;-3.689908;1025;0;1;1629;1456;71.52;121.13;;;
37.020221;-3.690121;1025;0;0;1629;1456;71.56;121.09;;;
37.020063;-3.690228;1025;0;0;1629;1456;71.58;121.07;;;
37.019747;-3.690443;1025;0;0;1630;1455;71.62;121.03;;;
37.019589;-3.690551;1025;0;0;1630;1455;71.64;121.01;;;
37.019431;-3.690659;1025;0;0;1630;1455;71.66;120.99;;;
37.019115;-3.690874;1025;0;0;1630;1455;71.7;120.95;;;
37.018957;-3.690981;1025;0;0;1630;1455;71.72;120.93;;;
37.018483;-3.691305;1025;0;0;1630;1455;71.78;120.87;;;
37.018327;-3.691417;1024;0;0;1630;1455;71.8;120.85;;;
37.018015;-3.691640;1024;0;-1;1630;1455;71.84;120.81;;;
37.017858;-3.691752;1024;0;-1;1630;1455;71.86;120.79;;;
37.017702;-3.691864;1024;0;-1;1630;1455;71.88;120.77;;;
37.017390;-3.692087;1024;0;-1;1630;1455;71.92;120.73;;;
37.017234;-3.692199;1024;0;-1;1630;1455;71.94;120.71;;;
37.016921;-3.692422;1023;0;-1;1630;1455;71.98;120.67;;;
37.016765;-3.692534;1023;0;-1;1630;1455;72;120.65;;;
37.016609;-3.692646;1023;0;-1;1630;1455;72.02;120.63;;;
37.016297;-3.692869;1023;0;-1;1630;1455;72.06;120.59;;;
37.016159;-3.693014;1023;0;-1;1630;1455;72.08;120.57;;;
37.015886;-3.693308;1022;0;-1;1630;1455;72.12;120.53;;;
37.015752;-3.693457;1022;0;-1;1630;1455;72.14;120.51;;;
37.015617;-3.693607;1022;0;-1;1630;1455;72.16;120.49;;;
37.015348;-3.693906;1021;0;-1;1630;1455;72.2;120.45;;;
37.015213;-3.694055;1021;0;-1;1630;1455;72.22;120.43;;;
37.014822;-3.694520;1020;0;-1;1630;1455;72.28;120.37;;;
37.014694;-3.694679;1020;0;-1;1630;1455;72.3;120.35;;;
37.014440;-3.694997;1020;0;-1;1630;1455;72.34;120.31;;;
37.014310;-3.695152;1020;0;-1;1630;1455;72.36;120.29;;;
37.014176;-3.695303;1019;0;-1;1630;1455;72.38;120.27;;;
37.013908;-3.695603;1019;0;-1;1630;1455;72.42;120.23;;;
37.013774;-3.695754;1019;0;-1;1630;1455;72.44;120.21;;;
37.013506;-3.696055;1019;0;-1;1630;1455;72.48;120.17;;;
37.013372;-3.696205;1019;0;0;1630;1455;72.5;120.15;;;
37.013240;-3.696357;1019;0;0;1630;1455;72.52;120.13;;;
37.012975;-3.696662;1018;0;0;1630;1455;72.56;120.09;;;
37.012843;-3.696815;1018;0;0;1630;1455;72.58;120.07;;;
37.012578;-3.697119;1018;0;0;1630;1455;72.62;120.03;;;
37.012445;-3.697272;1018;0;0;1630;1455;72.64;120.01;;;
37.012313;-3.697424;1018;0;0;1630;1455;72.66;119.99;;;
37.012048;-3.697729;1018;0;0;1630;1455;72.7;119.95;;;
37.011916;-3.697882;1018;0;0;1630;1455;72.72;119.93;;;
37.011518;-3.698339;1018;0;0;1630;1455;72.78;119.87;;;
37.011386;-3.698491;1019;0;0;1630;1455;72.8;119.85;;;
37.011121;-3.698796;1019;0;0;1630;1455;72.84;119.81;;;
37.010988;-3.698948;1019;0;0;1630;1455;72.86;119.79;;;
37.010856;-3.699100;1019;0;0;1630;1455;72.88;119.77;;;
37.010591;-3.699405;1019;0;0;1630;1455;72.92;119.73;;;
37.010459;-3.699558;1019;0;1;1630;1455;72.94;119.71;;;
37.010194;-3.699863;1019;0;1;1631;1454;72.98;119.67;;;
37.010061;-3.700015;1019;0;1;1631;1454;73;119.65;;;
37.009928;-3.700167;1020;0;1;1631;1454;73.02;119.63;;;
37.009664;-3.700472;1020;0;1;1631;1454;73.06;119.59;;;
37.009532;-3.700625;1020;0;1;1631;1454;73.08;119.57;;;
37.009266;-3.700929;1021;0;1;1632;1453;73.12;119.53;;;
37.009134;-3.701081;1021;0;1;1632;1453;73.14;119.51;;;
37.009001;-3.701234;1021;0;1;1633;1452;73.16;119.49;;;
37.008737;-3.701539;1022;0;1;1633;1452;73.2;119.45;;;
37.008604;-3.701691;1022;0;1;1633;1452;73.22;119.43;;;
37.008207;-3.702148;1023;0;2;1634;1451;73.28;119.37;;;
37.008074;-3.702301;1023;0;2;1635;1450;73.3;119.35;;;
37.007809;-3.702605;1024;0;2;1635;1450;73.34;119.31;;;
37.007679;-3.702760;1024;0;2;1636;1449;73.36;119.29;;;
37.007552;-3.702920;1025;0;2;1636;1449;73.38;119.27;;;
37.007297;-3.703237;1026;0;2;1637;1448;73.42;119.23;;;
37.007165;-3.703390;1026;0;2;1637;1448;73.44;119.21;;;
37.006900;-3.703695;1027;0;2;1638;1447;73.48;119.17;;;
37.006767;-3.703847;1028;0;2;1639;1446;73.5;119.15;;;
37.006635;-3.704000;1028;0;3;1639;1446;73.52;119.13;;;
37.006371;-3.704305;1029;0;3;1640;1445;73.56;119.09;;;
37.006238;-3.704458;1030;0;3;1641;1444;73.58;119.07;;;
37.005974;-3.704763;1031;0;3;1642;1443;73.62;119.03;;;
37.005841;-3.704916;1031;0;3;1643;1442;73.64;119.01;;;
37.005709;-3.705068;1032;0;3;1643;1442;73.66;118.99;;;
37.005444;-3.705373;1033;0;3;1644;1441;73.7;118.95;;;
37.005312;-3.705526;1034;0;3;1645;1440;73.72;118.93;;;
37.004915;-3.705983;1035;0;3;1647;1438;73.78;118.87;;;
37.004783;-3.706136;1036;0;3;1647;1438;73.8;118.85;;;
37.004518;-3.706441;1038;0;3;1649;1436;73.84;118.81;;;
37.004385;-3.706593;1038;0;3;1650;1435;73.86;118.79;;;
37.004253;-3.706746;1039;0;3;1650;1435;73.88;118.77;;;
37.003989;-3.707051;1040;0;3;1652;1433;73.92;118.73;;;
37.003856;-3.707203;1041;0;3;1652;1433;73.94;118.71;;;
37.003595;-3.707513;1042;0;4;1654;1431;73.98;118.67;;;
37.003465;-3.707669;1043;0;4;1654;1431;74;118.65;;;
37.003335;-3.707824;1044;0;4;1655;1430;74.02;118.63;;;
37.003074;-3.708135;1045;0;4;1657;1428;74.06;118.59;;;
37.002944;-3.708290;1046;0;4;1657;1428;74.08;118.57;;;
37.002684;-3.708602;1048;0;4;1659;1426;74.12;118.53;;;
37.002557;-3.708761;1048;0;5;1660;1425;74.14;118.51;;;
37.002446;-3.708938;1050;0;5;1661;1424;74.16;118.49;;;
37.002235;-3.709303;1052;0;5;1663;1422;74.2;118.45;;;
37.002133;-3.709488;1052;0;5;1664;1421;74.22;118.43;;;
37.001828;-3.710045;1055;0;4;1666;1419;74.28;118.37;;;
37.001726;-3.710231;1056;0;4;1667;1418;74.3;118.35;;;
37.001523;-3.710602;1058;0;5;1669;1416;74.34;118.31;;;
37.001421;-3.710788;1059;0;5;1670;1415;74.36;118.29;;;
37.001319;-3.710973;1060;0;5;1671;1414;74.38;118.27;;;
37.001115;-3.711345;1062;0;5;1673;1412;74.42;118.23;;;
37.001021;-3.711536;1063;0;5;1674;1411;74.44;118.21;;;
37.000852;-3.711934;1065;0;5;1676;1409;74.48;118.17;;;
37.000767;-3.712132;1066;0;5;1677;1408;74.5;118.15;;;
37.000683;-3.712331;1067;0;5;1678;1407;74.52;118.13;;;
37.000514;-3.712729;1069;0;5;1680;1405;74.56;118.09;;;
37.000428;-3.712927;1070;0;5;1681;1404;74.58;118.07;;;
37.000260;-3.713325;1072;0;5;1683;1402;74.62;118.03;;;
37.000175;-3.713523;1073;0;5;1684;1401;74.64;118.01;;;
37.000090;-3.713722;1074;0;5;1685;1400;74.66;117.99;;;
36.999921;-3.714120;1076;0;6;1688;1397;74.7;117.95;;;
36.999836;-3.714318;1077;0;6;1689;1396;74.72;117.93;;;
36.999533;-3.714875;1081;0;5;1692;1393;74.78;117.87;;;
36.999408;-3.715037;1082;0;5;1693;1392;74.8;117.85;;;
36.999154;-3.715355;1084;0;5;1695;1390;74.84;117.81;;;
36.999027;-3.715515;1085;0;5;1696;1389;74.86;117.79;;;
36.998900;-3.715674;1086;0;5;1697;1388;74.88;117.77;;;
36.998646;-3.715993;1087;0;5;1699;1386;74.92;117.73;;;
36.998519;-3.716153;1088;0;5;1699;1386;74.94;117.71;;;
36.998254;-3.716457;1090;0;6;1702;1383;74.98;117.67;;;
36.998115;-3.716600;1092;0;6;1703;1382;75;117.65;;;
36.997954;-3.716699;1093;0;6;1704;1381;75.02;117.63;;;
36.997617;-3.716851;1095;0;6;1707;1378;75.06;117.59;;;
36.997443;-3.716907;1096;0;5;1708;1377;75.08;117.57;;;
36.997095;-3.717021;1098;0;5;1710;1375;75.12;117.53;;;
36.996920;-3.717077;1099;0;5;1711;1374;75.14;117.51;;;
36.996747;-3.717138;1100;0;4;1712;1373;75.16;117.49;;;
36.996401;-3.717260;1102;0;4;1713;1372;75.2;117.45;;;
36.996228;-3.717320;1103;0;4;1714;1371;75.22;117.43;;;
36.995708;-3.717502;1105;0;4;1716;1369;75.28;117.37;;;
36.995535;-3.717563;1106;0;5;1717;1368;75.3;117.35;;;
36.995188;-3.717684;1107;0;6;1719;1366;75.34;117.31;;;
36.995016;-3.717750;1109;0;6;1720;1365;75.36;117.29;;;
36.994844;-3.717816;1110;0;6;1721;1364;75.38;117.27;;;
36.994543;-3.718052;1113;0;7;1725;1360;75.42;117.23;;;
36.994419;-3.718214;1115;0;6;1726;1359;75.44;117.21;;;
36.994228;-3.718594;1117;0;6;1728;1357;75.48;117.17;;;
36.994139;-3.718790;1118;0;5;1729;1356;75.5;117.15;;;
36.994049;-3.718985;1119;0;5;1730;1355;75.52;117.13;;;
36.993870;-3.719376;1121;0;5;1732;1353;75.56;117.09;;;
36.993781;-3.719571;1122;0;5;1733;1352;75.58;117.07;;;
36.993601;-3.719961;1124;0;5;1735;1350;75.62;117.03;;;
36.993478;-3.720125;1125;0;5;1737;1348;75.64;117.01;;;
36.993346;-3.720277;1126;0;5;1738;1347;75.66;116.99;;;
36.993080;-3.720582;1128;0;5;1740;1345;75.7;116.95;;;
36.992948;-3.720734;1129;0;5;1741;1344;75.72;116.93;;;
36.992518;-3.721133;1132;0;5;1744;1341;75.78;116.87;;;
36.992359;-3.721239;1133;0;5;1745;1340;75.8;116.85;;;
36.992042;-3.721452;1135;0;5;1747;1338;75.84;116.81;;;
36.991883;-3.721558;1136;0;6;1748;1337;75.86;116.79;;;
36.991730;-3.721676;1137;0;6;1749;1336;75.88;116.77;;;
36.991446;-3.721951;1140;0;6;1751;1334;75.92;116.73;;;
36.991355;-3.722145;1141;0;6;1753;1332;75.94;116.71;;;
36.991220;-3.722562;1143;0;6;1755;1330;75.98;116.67;;;
36.991160;-3.722774;1144;0;5;1756;1329;76;116.65;;;
36.991100;-3.722986;1145;0;5;1757;1328;76.02;116.63;;;
36.990980;-3.723411;1147;0;5;1758;1327;76.06;116.59;;;
36.990919;-3.723623;1148;0;5;1759;1326;76.08;116.57;;;
36.990772;-3.724033;1150;0;6;1761;1324;76.12;116.53;;;
36.990661;-3.724208;1152;0;6;1763;1322;76.14;116.51;;;
36.990529;-3.724362;1153;0;6;1764;1321;76.16;116.49;;;
36.990207;-3.724555;1156;0;6;1767;1318;76.2;116.45;;;
36.990031;-3.724594;1157;0;6;1768;1317;76.22;116.43;;;
36.989492;-3.724593;1160;0;5;1771;1314;76.28;116.37;;;
36.989312;-3.724592;1161;0;5;1772;1313;76.3;116.35;;;
36.988952;-3.724588;1163;0;5;1774;1311;76.34;116.31;;;
36.988772;-3.724603;1164;0;5;1775;1310;76.36;116.29;;;
36.988593;-3.724618;1165;0;5;1776;1309;76.38;116.27;;;
36.988234;-3.724648;1167;0;5;1778;1307;76.42;116.23;;;
36.988054;-3.724648;1167;0;4;1779;1306;76.44;116.21;;;
36.987728;-3.724488;1169;0;4;1781;1304;76.48;116.17;;;
36.987588;-3.724348;1170;0;4;1781;1304;76.5;116.15;;;
36.987447;-3.724207;1171;0;4;1782;1303;76.52;116.13;;;
36.987132;-3.723996;1172;0;3;1783;1302;76.56;116.09;;;
36.986956;-3.723954;1173;0;3;1784;1301;76.58;116.07;;;
36.986602;-3.723878;1174;0;3;1785;1300;76.62;116.03;;;
36.986424;-3.723840;1175;0;3;1786;1299;76.64;116.01;;;
36.986247;-3.723801;1175;0;3;1787;1298;76.66;115.99;;;
36.985892;-3.723726;1177;0;3;1788;1297;76.7;115.95;;;
36.985715;-3.723688;1177;0;3;1788;1297;76.72;115.93;;;
36.985184;-3.723602;1179;0;3;1790;1295;76.78;115.87;;;
36.985012;-3.723671;1180;0;3;1791;1294;76.8;115.85;;;
36.984670;-3.723807;1181;0;3;1792;1293;76.84;115.81;;;
36.984498;-3.723875;1181;0;3;1793;1292;76.86;115.79;;;
36.984327;-3.723944;1182;0;3;1793;1292;76.88;115.77;;;
36.984011;-3.724152;1184;0;3;1795;1290;76.92;115.73;;;
36.983896;-3.724325;1184;0;3;1796;1289;76.94;115.71;;;
36.983725;-3.724715;1186;0;3;1797;1288;76.98;115.67;;;
36.983659;-3.724925;1186;0;3;1797;1288;77;115.65;;;
36.983593;-3.725135;1187;0;3;1798;1287;77.02;115.63;;;
36.983462;-3.725554;1188;0;3;1799;1286;77.06;115.59;;;
36.983396;-3.725763;1188;0;3;1800;1285;77.08;115.57;;;
36.983265;-3.726183;1190;0;3;1801;1284;77.12;115.53;;;
36.983200;-3.726392;1190;0;3;1801;1284;77.14;115.51;;;
36.983134;-3.726602;1191;0;3;1802;1283;77.16;115.49;;;
36.983003;-3.727022;1192;0;4;1803;1282;77.2;115.45;;;
36.982937;-3.727231;1193;0;4;1804;1281;77.22;115.43;;;
36.982595;-3.727746;1196;0;4;1807;1278;77.28;115.37;;;
36.982446;-3.727871;1197;0;4;1808;1277;77.3;115.35;;;
36.982127;-3.728079;1198;0;4;1809;1276;77.34;115.31;;;
36.981966;-3.728179;1199;0;4;1810;1275;77.36;115.29;;;
36.981804;-3.728276;1200;0;4;1811;1274;77.38;115.27;;;
36.981474;-3.728455;1201;0;4;1813;1272;77.42;115.23;;;
36.981309;-3.728544;1202;0;5;1814;1271;77.44;115.21;;;
36.980978;-3.728722;1204;0;5;1816;1269;77.48;115.17;;;
36.980813;-3.728811;1205;0;5;1817;1268;77.5;115.15;;;
36.980648;-3.728901;1206;0;5;1818;1267;77.52;115.13;;;
36.980317;-3.729078;1208;0;5;1820;1265;77.56;115.09;;;
36.980152;-3.729167;1209;0;5;1821;1264;77.58;115.07;;;
36.979822;-3.729345;1212;0;6;1823;1262;77.62;115.03;;;
36.979656;-3.729433;1213;0;6;1824;1261;77.64;115.01;;;
36.979484;-3.729500;1214;0;6;1825;1260;77.66;114.99;;;
36.979141;-3.729635;1217;0;7;1828;1257;77.7;114.95;;;
36.978969;-3.729702;1218;0;7;1829;1256;77.72;114.93;;;
36.978455;-3.729904;1222;0;6;1834;1251;77.78;114.87;;;
36.978281;-3.729962;1224;0;6;1835;1250;77.8;114.85;;;
36.977927;-3.730036;1226;0;6;1837;1248;77.84;114.81;;;
36.977748;-3.730057;1227;0;6;1838;1247;77.86;114.79;;;
36.977569;-3.730078;1228;0;6;1839;1246;77.88;114.77;;;
36.977210;-3.730121;1230;0;7;1842;1243;77.92;114.73;;;
36.977031;-3.730142;1232;0;7;1843;1242;77.94;114.71;;;
36.976675;-3.730198;1235;0;8;1846;1239;77.98;114.67;;;
36.976498;-3.730239;1237;0;8;1848;1237;78;114.65;;;
36.976325;-3.730300;1239;0;8;1850;1235;78.02;114.63;;;
36.975982;-3.730435;1241;0;7;1853;1232;78.06;114.59;;;
36.975812;-3.730508;1243;0;7;1854;1231;78.08;114.57;;;
36.975472;-3.730656;1245;0;6;1856;1229;78.12;114.53;;;
36.975302;-3.730729;1246;0;6;1858;1227;78.14;114.51;;;
36.975131;-3.730798;1248;0;6;1859;1226;78.16;114.49;;;
36.974788;-3.730936;1250;0;6;1861;1224;78.2;114.45;;;
36.974617;-3.731004;1251;0;6;1863;1222;78.22;114.43;;;
36.974082;-3.730981;1255;0;6;1866;1219;78.28;114.37;;;
36.973902;-3.730968;1256;0;6;1867;1218;78.3;114.35;;;
36.973543;-3.730981;1259;0;7;1870;1215;78.34;114.31;;;
36.973364;-3.730998;1260;0;7;1871;1214;78.36;114.29;;;
36.973184;-3.731015;1262;0;7;1873;1212;78.38;114.27;;;
36.972826;-3.731055;1264;0;7;1876;1209;78.42;114.23;;;
36.972647;-3.731078;1266;0;7;1877;1208;78.44;114.21;;;
36.972290;-3.731082;1269;0;6;1880;1205;78.48;114.17;;;
36.972114;-3.731039;1270;0;6;1881;1204;78.5;114.15;;;
36.971947;-3.730957;1271;0;6;1882;1203;78.52;114.13;;;
36.971594;-3.730905;1273;0;6;1884;1201;78.56;114.09;;;
36.971415;-3.730933;1274;0;6;1886;1199;78.58;114.07;;;
36.971062;-3.731011;1277;0;6;1888;1197;78.62;114.03;;;
36.970888;-3.731071;1278;0;6;1890;1195;78.64;114.01;;;
36.970722;-3.731153;1280;0;6;1891;1194;78.66;113.99;;;
36.970393;-3.731336;1281;0;5;1892;1193;78.7;113.95;;;
36.970223;-3.731408;1282;0;5;1894;1191;78.72;113.93;;;
36.969693;-3.731377;1286;0;6;1897;1188;78.78;113.87;;;
36.969518;-3.731328;1287;0;6;1898;1187;78.8;113.85;;;
36.969160;-3.731356;1290;0;6;1901;1184;78.84;113.81;;;
36.968981;-3.731383;1291;0;6;1902;1183;78.86;113.79;;;
36.968803;-3.731413;1292;0;6;1903;1182;78.88;113.77;;;
36.968456;-3.731524;1294;0;6;1906;1179;78.92;113.73;;;
36.968287;-3.731602;1296;0;5;1907;1178;78.94;113.71;;;
36.967972;-3.731816;1298;0;5;1909;1176;78.98;113.67;;;
36.967818;-3.731934;1299;0;5;1910;1175;79;113.65;;;
36.967655;-3.732028;1299;0;5;1911;1174;79.02;113.63;;;
36.967308;-3.732134;1301;0;4;1912;1173;79.06;113.59;;;
36.967131;-3.732098;1302;0;4;1913;1172;79.08;113.57;;;
36.966799;-3.731944;1304;0;4;1915;1170;79.12;113.53;;;
36.966657;-3.731807;1304;0;4;1916;1169;79.14;113.51;;;
36.966524;-3.731656;1305;0;4;1916;1169;79.16;113.49;;;
36.966268;-3.731343;1306;0;4;1918;1167;79.2;113.45;;;
36.966117;-3.731222;1307;0;4;1919;1166;79.22;113.43;;;
36.965677;-3.730856;1310;0;4;1921;1164;79.28;113.37;;;
36.965580;-3.730668;1310;0;4;1922;1163;79.3;113.35;;;
36.965383;-3.730294;1312;0;4;1923;1162;79.34;113.31;;;
36.965258;-3.730132;1313;0;4;1924;1161;79.36;113.29;;;
36.965133;-3.729970;1313;0;4;1925;1160;79.38;113.27;;;
36.964849;-3.729694;1315;0;4;1926;1159;79.42;113.23;;;
36.964700;-3.729570;1316;0;4;1927;1158;79.44;113.21;;;
36.964377;-3.729374;1317;0;4;1929;1156;79.48;113.17;;;
36.964207;-3.729302;1318;0;4;1929;1156;79.5;113.15;;;
36.964046;-3.729205;1319;0;4;1930;1155;79.52;113.13;;;
36.963787;-3.728898;1320;0;3;1931;1154;79.56;113.09;;;
36.963659;-3.728740;1321;0;3;1932;1153;79.58;113.07;;;
36.963322;-3.728652;1322;0;3;1933;1152;79.62;113.03;;;
36.963144;-3.728626;1323;0;3;1934;1151;79.64;113.01;;;
36.962967;-3.728587;1323;0;3;1935;1150;79.66;112.99;;;
36.962630;-3.728433;1324;0;3;1936;1149;79.7;112.95;;;
36.962461;-3.728353;1325;0;2;1936;1149;79.72;112.93;;;
36.961932;-3.728258;1326;0;2;1937;1148;79.78;112.87;;;
36.961753;-3.728258;1327;0;2;1938;1147;79.8;112.85;;;
36.961394;-3.728238;1327;0;2;1939;1146;79.84;112.81;;;
36.961215;-3.728216;1328;0;2;1939;1146;79.86;112.79;;;
36.961040;-3.728174;1328;0;2;1939;1146;79.88;112.77;;;
36.960737;-3.727938;1329;0;1;1940;1145;79.92;112.73;;;
36.960616;-3.727772;1329;0;1;1940;1145;79.94;112.71;;;
36.960373;-3.727443;1330;0;1;1941;1144;79.98;112.67;;;
36.960212;-3.727343;1330;0;1;1941;1144;80;112.65;;;
36.960051;-3.727244;1330;0;1;1941;1144;80.02;112.63;;;
36.959728;-3.727045;1330;0;1;1942;1143;80.06;112.59;;;
36.959567;-3.726946;1330;0;1;1942;1143;80.08;112.57;;;
36.959250;-3.726735;1331;0;1;1942;1143;80.12;112.53;;;
36.959119;-3.726581;1331;0;1;1942;1143;80.14;112.51;;;
36.958988;-3.726427;1331;0;1;1943;1142;80.16;112.49;;;
36.958752;-3.726089;1332;0;1;1943;1142;80.2;112.45;;;
36.958637;-3.725915;1332;0;1;1943;1142;80.22;112.43;;;
36.958295;-3.725393;1333;0;1;1944;1141;80.28;112.37;;;
36.958149;-3.725268;1333;0;1;1944;1141;80.3;112.35;;;
36.957798;-3.725211;1334;0;1;1945;1140;80.34;112.31;;;
36.957626;-3.725269;1334;0;1;1945;1140;80.36;112.29;;;
36.957465;-3.725363;1334;0;1;1945;1140;80.38;112.27;;;
36.957157;-3.725554;1334;0;1;1945;1140;80.42;112.23;;;
36.956978;-3.725559;1334;0;1;1946;1139;80.44;112.21;;;
36.956621;-3.725501;1335;0;1;1946;1139;80.48;112.17;;;
36.956446;-3.725458;1335;0;1;1946;1139;80.5;112.15;;;
36.956285;-3.725359;1335;0;1;1946;1139;80.52;112.13;;;
36.955962;-3.725161;1335;0;1;1947;1138;80.56;112.09;;;
36.955801;-3.725061;1335;0;1;1947;1138;80.58;112.07;;;
36.955638;-3.724705;1336;0;2;1947;1138;80.62;112.03;;;
36.955626;-3.724482;1336;0;2;1948;1137;80.64;112.01;;;
36.955547;-3.724290;1337;0;2;1948;1137;80.66;111.99;;;
36.955209;-3.724161;1338;0;2;1949;1136;80.7;111.95;;;
36.955029;-3.724149;1338;0;2;1950;1135;80.72;111.93;;;
36.954494;-3.724108;1339;0;2;1951;1134;80.78;111.87;;;
36.954335;-3.724015;1340;0;2;1951;1134;80.8;111.85;;;
36.954086;-3.723689;1340;0;2;1952;1133;80.84;111.81;;;
36.953962;-3.723527;1341;0;2;1952;1133;80.86;111.79;;;
36.953863;-3.723339;1341;0;2;1952;1133;80.88;111.77;;;
36.953707;-3.722935;1342;0;2;1953;1132;80.92;111.73;;;
36.953635;-3.722728;1343;0;3;1954;1131;80.94;111.71;;;
36.953424;-3.722427;1344;0;3;1955;1130;80.98;111.67;;;
36.953245;-3.722437;1344;0;3;1956;1129;81;111.65;;;
36.953116;-3.722591;1345;0;3;1956;1129;81.02;111.63;;;
36.953028;-3.723012;1347;0;3;1958;1127;81.06;111.59;;;
36.953075;-3.723227;1347;0;3;1959;1126;81.08;111.57;;;
36.953216;-3.723641;1348;0;2;1959;1126;81.12;111.53;;;
36.953287;-3.723848;1348;0;2;1960;1125;81.14;111.51;;;
36.953328;-3.724064;1349;0;2;1960;1125;81.16;111.49;;;
36.953162;-3.724414;1350;0;2;1961;1124;81.2;111.45;;;
36.952991;-3.724449;1350;0;2;1962;1123;81.22;111.43;;;
36.952453;-3.724401;1351;0;1;1963;1122;81.28;111.37;;;
36.952274;-3.724390;1352;0;1;1963;1122;81.3;111.35;;;
36.951922;-3.724452;1352;0;1;1963;1122;81.34;111.31;;;
36.951759;-3.724546;1352;0;1;1963;1122;81.36;111.29;;;
36.951595;-3.724640;1352;0;0;1964;1121;81.38;111.27;;;
36.951266;-3.724821;1352;0;0;1964;1121;81.42;111.23;;;
36.951097;-3.724896;1352;0;0;1964;1121;81.44;111.21;;;
36.950757;-3.725045;1352;0;0;1964;1121;81.48;111.17;;;
36.950588;-3.725120;1352;0;-1;1964;1121;81.5;111.15;;;
36.950418;-3.725195;1352;0;-1;1964;1121;81.52;111.13;;;
36.950079;-3.725345;1352;0;-1;1964;1121;81.56;111.09;;;
36.949909;-3.725419;1351;0;-1;1964;1121;81.58;111.07;;;
36.949570;-3.725569;1351;0;-2;1964;1121;81.62;111.03;;;
36.949400;-3.725644;1350;0;-2;1964;1121;81.64;111.01;;;
36.949230;-3.725719;1350;0;-2;1964;1121;81.66;110.99;;;
36.948891;-3.725868;1349;0;-3;1964;1121;81.7;110.95;;;
36.948721;-3.725943;1348;0;-3;1964;1121;81.72;110.93;;;
36.948248;-3.726255;1346;0;-3;1964;1121;81.78;110.87;;;
36.948094;-3.726367;1346;0;-3;1964;1121;81.8;110.85;;;
36.947748;-3.726483;1344;0;-3;1964;1121;81.84;110.81;;;
36.947571;-3.726529;1344;0;-3;1964;1121;81.86;110.79;;;
36.947395;-3.726574;1343;0;-3;1964;1121;81.88;110.77;;;
36.947043;-3.726666;1342;0;-3;1964;1121;81.92;110.73;;;
36.946869;-3.726721;1341;0;-3;1964;1121;81.94;110.71;;;
36.946700;-3.726798;1341;0;-3;1964;1121;81.96;110.69;;;
36.946542;-3.726904;1340;0;-3;1964;1121;81.98;110.67;;;
36.946396;-3.727035;1339;0;-3;1964;1121;82;110.65;;;
36.946260;-3.727181;1339;0;-3;1964;1121;82.02;110.63;;;
36.946122;-3.727326;1338;0;-3;1964;1121;82.04;110.61;;;
36.945984;-3.727469;1338;0;-3;1964;1121;82.06;110.59;;;
36.945832;-3.727590;1337;0;-3;1964;1121;82.08;110.57;;;
36.945680;-3.727710;1337;0;-3;1964;1121;82.1;110.55;;;
36.945527;-3.727829;1336;0;-3;1964;1121;82.12;110.53;;;
36.945379;-3.727956;1335;0;-3;1964;1121;82.14;110.51;;;
36.945232;-3.728086;1335;0;-3;1964;1121;82.16;110.49;;;
36.945085;-3.728215;1334;0;-3;1964;1121;82.18;110.47;;;
36.944937;-3.728344;1334;0;-3;1964;1121;82.2;110.45;;;
36.944792;-3.728477;1333;0;-2;1964;1121;82.22;110.43;;;
36.944658;-3.728626;1333;0;-3;1964;1121;82.24;110.41;;;
36.944523;-3.728776;1332;0;-3;1964;1121;82.26;110.39;;;
36.944388;-3.728925;1332;0;-3;1964;1121;82.28;110.37;;;
36.944252;-3.729071;1332;0;-3;1964;1121;82.3;110.35;;;
36.944102;-3.729195;1331;0;-2;1964;1121;82.32;110.33;;;
36.943923;-3.729206;1330;0;-2;1964;1121;82.34;110.31;;;
36.943748;-3.729168;1330;0;-2;1964;1121;82.36;110.29;;;
36.943575;-3.729104;1329;0;-2;1964;1121;82.38;110.27;;;
36.943405;-3.729033;1329;0;-2;1964;1121;82.4;110.25;;;
36.943234;-3.728962;1329;0;-2;1964;1121;82.42;110.23;;;
36.943063;-3.728892;1328;0;-1;1964;1121;82.44;110.21;;;
36.942892;-3.728821;1328;0;-1;1964;1121;82.46;110.19;;;
36.942722;-3.728750;1328;0;-1;1964;1121;82.48;110.17;;;
36.942551;-3.728679;1328;0;-1;1964;1121;82.5;110.15;;;
36.942380;-3.728608;1328;0;0;1964;1121;82.52;110.13;;;
36.942210;-3.728537;1327;0;0;1964;1121;82.54;110.11;;;
36.942039;-3.728466;1327;0;0;1964;1121;82.56;110.09;;;
36.941868;-3.728396;1328;0;0;1964;1121;82.58;110.07;;;
36.941697;-3.728325;1328;0;0;1964;1121;82.6;110.05;;;
36.941527;-3.728254;1328;0;1;1964;1121;82.62;110.03;;;
36.941356;-3.728184;1328;0;1;1964;1121;82.64;110.01;;;
36.941185;-3.728113;1328;0;1;1964;1121;82.66;109.99;;;
36.941014;-3.728043;1328;0;1;1964;1121;82.68;109.97;;;
36.940843;-3.727975;1329;0;1;1965;1120;82.7;109.95;;;
36.940671;-3.727906;1329;0;1;1965;1120;82.72;109.93;;;
36.940500;-3.727837;1329;0;2;1965;1120;82.74;109.91;;;
36.940329;-3.727769;1329;0;2;1966;1119;82.76;109.89;;;
36.940158;-3.727700;1330;0;2;1966;1119;82.78;109.87;;;
36.939986;-3.727632;1330;0;2;1966;1119;82.8;109.85;;;
36.939815;-3.727563;1331;0;2;1967;1118;82.82;109.83;;;
36.939650;-3.727475;1331;0;2;1967;1118;82.84;109.81;;;
36.939502;-3.727352;1332;0;2;1968;1117;82.86;109.79;;;
36.939376;-3.727191;1332;0;2;1968;1117;82.88;109.77;;;
36.939250;-3.727030;1333;0;2;1969;1116;82.9;109.75;;;
36.939124;-3.726870;1333;0;3;1969;1116;82.92;109.73;;;
36.938998;-3.726709;1333;0;3;1970;1115;82.94;109.71;;;
36.938872;-3.726548;1334;0;3;1970;1115;82.96;109.69;;;
36.938742;-3.726394;1335;0;3;1971;1114;82.98;109.67;;;
36.938588;-3.726282;1336;0;3;1972;1113;83;109.65;;;
36.938414;-3.726227;1336;0;3;1973;1112;83.02;109.63;;;
36.938237;-3.726188;1337;0;3;1973;1112;83.04;109.61;;;
36.938060;-3.726149;1338;0;3;1974;1111;83.06;109.59;;;
36.937883;-3.726109;1338;0;3;1974;1111;83.08;109.57;;;
36.937704;-3.726094;1339;0;3;1975;1110;83.1;109.55;;;
36.937525;-3.726106;1340;0;3;1976;1109;83.12;109.53;;;
36.937345;-3.726118;1340;0;3;1976;1109;83.14;109.51;;;
36.937166;-3.726130;1341;0;3;1977;1108;83.16;109.49;;;
36.936986;-3.726142;1341;0;3;1978;1107;83.18;109.47;;;
36.936806;-3.726154;1342;0;3;1978;1107;83.2;109.45;;;
36.936634;-3.726106;1343;0;3;1979;1106;83.22;109.43;;;
36.936465;-3.726030;1343;0;3;1980;1105;83.24;109.41;;;
36.936296;-3.725952;1344;0;3;1980;1105;83.26;109.39;;;
36.936129;-3.725870;1345;0;3;1981;1104;83.28;109.37;;;
36.935962;-3.725785;1345;0;4;1981;1104;83.3;109.35;;;
36.935795;-3.725700;1346;0;5;1982;1103;83.32;109.33;;;
36.935624;-3.725632;1346;0;5;1983;1102;83.34;109.31;;;
36.935454;-3.725560;1347;0;5;1983;1102;83.36;109.29;;;
36.935281;-3.725550;1349;0;4;1985;1100;83.38;109.27;;;
36.935200;-3.725741;1351;0;4;1987;1098;83.4;109.25;23;summit;3
36.935236;-3.725961;1351;0;4;1987;1098;83.42;109.23;;;
36.935271;-3.726182;1352;0;4;1988;1097;83.44;109.21;;;
36.935319;-3.726398;1352;0;3;1988;1097;83.46;109.19;;;
36.935371;-3.726614;1352;0;2;1989;1096;83.48;109.17;;;
36.935422;-3.726830;1353;0;1;1989;1096;83.5;109.15;;;
36.935473;-3.727045;1353;0;1;1989;1096;83.52;109.13;;;
36.935524;-3.727261;1353;0;1;1989;1096;83.54;109.11;;;
36.935576;-3.727477;1353;0;1;1990;1095;83.56;109.09;;;
36.935627;-3.727692;1354;0;1;1990;1095;83.58;109.07;;;
36.935678;-3.727908;1354;0;1;1990;1095;83.6;109.05;;;
36.935729;-3.728124;1354;0;1;1990;1095;83.62;109.03;;;
36.935781;-3.728339;1354;0;1;1990;1095;83.64;109.01;;;
36.935833;-3.728555;1354;0;1;1990;1095;83.66;108.99;;;
36.935884;-3.728771;1354;0;0;1991;1094;83.68;108.97;;;
36.935935;-3.728986;1354;0;0;1991;1094;83.7;108.95;;;
36.935986;-3.729202;1354;0;0;1991;1094;83.72;108.93;;;
36.936038;-3.729418;1354;0;0;1991;1094;83.74;108.91;;;
36.936089;-3.729633;1354;0;0;1991;1094;83.76;108.89;;;
36.936140;-3.729849;1354;0;0;1991;1094;83.78;108.87;;;
36.936199;-3.730061;1354;0;0;1991;1094;83.8;108.85;;;
36.936277;-3.730264;1354;0;0;1991;1094;83.82;108.83;;;
36.936356;-3.730466;1354;0;0;1991;1094;83.84;108.81;;;
36.936439;-3.730665;1354;0;0;1991;1094;83.86;108.79;;;
36.936544;-3.730848;1354;0;0;1991;1094;83.88;108.77;;;
36.936649;-3.731031;1354;0;-1;1991;1094;83.9;108.75;;;
36.936754;-3.731213;1354;0;-1;1991;1094;83.92;108.73;;;
36.936858;-3.731396;1354;0;-1;1991;1094;83.94;108.71;;;
36.936963;-3.731579;1354;0;-1;1991;1094;83.96;108.69;;;
36.937068;-3.731762;1354;0;-1;1991;1094;83.98;108.67;;;
36.937173;-3.731945;1353;0;-1;1991;1094;84;108.65;;;
36.937278;-3.732128;1353;0;-1;1991;1094;84.02;108.63;;;
36.937383;-3.732311;1353;0;-1;1991;1094;84.04;108.61;;;
36.937487;-3.732494;1353;0;-1;1991;1094;84.06;108.59;;;
36.937592;-3.732677;1352;0;-1;1991;1094;84.08;108.57;;;
36.937697;-3.732860;1352;0;-1;1991;1094;84.1;108.55;;;
36.937802;-3.733042;1352;0;-2;1991;1094;84.12;108.53;;;
36.937906;-3.733225;1352;0;-2;1991;1094;84.14;108.51;;;
36.938009;-3.733410;1351;0;-2;1991;1094;84.16;108.49;;;
36.938111;-3.733595;1351;0;-2;1991;1094;84.18;108.47;;;
36.938213;-3.733780;1350;0;-2;1991;1094;84.2;108.45;;;
36.938316;-3.733966;1350;0;-2;1991;1094;84.22;108.43;;;
36.938418;-3.734151;1349;0;-2;1991;1094;84.24;108.41;;;
36.938520;-3.734336;1349;0;-3;1991;1094;84.26;108.39;;;
36.938622;-3.734521;1349;0;-3;1991;1094;84.28;108.37;;;
36.938724;-3.734706;1348;0;-3;1991;1094;84.3;108.35;;;
36.938826;-3.734892;1347;0;-3;1991;1094;84.32;108.33;;;
36.938929;-3.735077;1347;0;-3;1991;1094;84.34;108.31;;;
36.939031;-3.735262;1346;0;-3;1991;1094;84.36;108.29;;;
36.939133;-3.735447;1346;0;-3;1991;1094;84.38;108.27;;;
36.939236;-3.735632;1345;0;-4;1991;1094;84.4;108.25;;;
36.939338;-3.735817;1344;0;-4;1991;1094;84.42;108.23;;;
36.939440;-3.736003;1344;0;-4;1991;1094;84.44;108.21;;;
36.939537;-3.736192;1343;0;-4;1991;1094;84.46;108.19;;;
36.939626;-3.736387;1342;0;-4;1991;1094;84.48;108.17;;;
36.939699;-3.736592;1341;0;-4;1991;1094;84.5;108.15;;;
36.939762;-3.736803;1340;0;-4;1991;1094;84.52;108.13;;;
36.939825;-3.737014;1339;0;-4;1991;1094;84.54;108.11;;;
36.939889;-3.737224;1339;0;-4;1991;1094;84.56;108.09;;;
36.939941;-3.737439;1338;0;-4;1991;1094;84.58;108.07;;;
36.939988;-3.737657;1337;0;-4;1991;1094;84.6;108.05;;;
36.940034;-3.737874;1337;0;-4;1991;1094;84.62;108.03;;;
36.940081;-3.738091;1336;0;-4;1991;1094;84.64;108.01;;;
36.940128;-3.738309;1335;0;-4;1991;1094;84.66;107.99;;;
36.940183;-3.738523;1335;0;-4;1991;1094;84.68;107.97;;;
36.940238;-3.738737;1334;0;-5;1991;1094;84.7;107.95;;;
36.940296;-3.738950;1333;0;-5;1991;1094;84.72;107.93;;;
36.940365;-3.739158;1332;0;-5;1991;1094;84.74;107.91;;;
36.940442;-3.739361;1330;0;-5;1991;1094;84.76;107.89;;;
36.940532;-3.739555;1330;0;-5;1991;1094;84.78;107.87;;;
36.940646;-3.739729;1329;0;-5;1991;1094;84.8;107.85;;;
36.940761;-3.739902;1328;0;-5;1991;1094;84.82;107.83;;;
36.940876;-3.740075;1327;0;-5;1991;1094;84.84;107.81;;;
36.940991;-3.740248;1326;0;-5;1991;1094;84.86;107.79;;;
36.941107;-3.740421;1325;0;-5;1991;1094;84.88;107.77;;;
36.941217;-3.740598;1324;0;-5;1991;1094;84.9;107.75;;;
36.941319;-3.740784;1323;0;-5;1991;1094;84.92;107.73;;;
36.941420;-3.740969;1322;0;-5;1991;1094;84.94;107.71;;;
36.941522;-3.741155;1321;0;-5;1991;1094;84.96;107.69;;;
36.941624;-3.741340;1320;0;-5;1991;1094;84.98;107.67;;;
36.941726;-3.741526;1319;0;-6;1991;1094;85;107.65;;;
36.941838;-3.741700;1318;0;-6;1991;1094;85.02;107.63;;;
36.941974;-3.741846;1317;0;-6;1991;1094;85.04;107.61;;;
36.942114;-3.741988;1315;0;-6;1991;1094;85.06;107.59;;;
36.942266;-3.742108;1314;0;-6;1991;1094;85.08;107.57;;;
36.942418;-3.742228;1313;0;-7;1991;1094;85.1;107.55;;;
36.942568;-3.742353;1312;0;-7;1991;1094;85.12;107.53;;;
36.942707;-3.742492;1310;0;-7;1991;1094;85.14;107.51;;;
36.942828;-3.742659;1309;0;-7;1991;1094;85.16;107.49;;;
36.942949;-3.742826;1308;0;-7;1991;1094;85.18;107.47;;;
36.943040;-3.743019;1306;0;-7;1991;1094;85.2;107.45;;;
36.943107;-3.743227;1304;0;-7;1991;1094;85.22;107.43;;;
36.943168;-3.743439;1303;0;-7;1991;1094;85.24;107.41;;;
36.943206;-3.743658;1301;0;-7;1991;1094;85.26;107.39;;;
36.943231;-3.743881;1300;0;-6;1991;1094;85.28;107.37;;;
36.943245;-3.744105;1299;0;-6;1991;1094;85.3;107.35;;;
36.943258;-3.744330;1298;0;-6;1991;1094;85.32;107.33;;;
36.943272;-3.744554;1297;0;-6;1991;1094;85.34;107.31;;;
36.943286;-3.744779;1296;0;-6;1991;1094;85.36;107.29;;;
36.943300;-3.745003;1295;0;-6;1991;1094;85.38;107.27;;;
36.943313;-3.745227;1294;0;-6;1991;1094;85.4;107.25;;;
36.943326;-3.745452;1292;0;-6;1991;1094;85.42;107.23;;;
36.943340;-3.745676;1291;0;-6;1991;1094;85.44;107.21;;;
36.943353;-3.745901;1290;0;-6;1991;1094;85.46;107.19;;;
36.943367;-3.746125;1289;0;-6;1991;1094;85.48;107.17;;;
36.943362;-3.746350;1288;0;-6;1991;1094;85.5;107.15;;;
36.943343;-3.746573;1286;0;-6;1991;1094;85.52;107.13;;;
36.943304;-3.746793;1285;0;-7;1991;1094;85.54;107.11;;;
36.943253;-3.747008;1284;0;-7;1991;1094;85.56;107.09;;;
36.943201;-3.747224;1282;0;-7;1991;1094;85.58;107.07;;;
36.943150;-3.747439;1281;0;-7;1991;1094;85.6;107.05;;;
36.943138;-3.747662;1279;0;-8;1991;1094;85.62;107.03;;;
36.943171;-3.747883;1277;0;-8;1991;1094;85.64;107.01;;;
36.943222;-3.748098;1276;0;-8;1991;1094;85.66;106.99;;;
36.943282;-3.748310;1274;0;-8;1991;1094;85.68;106.97;;;
36.943342;-3.748523;1273;0;-8;1991;1094;85.7;106.95;;;
36.943402;-3.748735;1271;0;-8;1991;1094;85.72;106.93;;;
36.943462;-3.748947;1270;0;-7;1991;1094;85.74;106.91;;;
36.943522;-3.749159;1268;0;-7;1991;1094;85.76;106.89;;;
36.943582;-3.749371;1267;0;-7;1991;1094;85.78;106.87;;;
36.943642;-3.749584;1265;0;-7;1991;1094;85.8;106.85;;;
36.943698;-3.749797;1264;0;-7;1991;1094;85.82;106.83;;;
36.943743;-3.750015;1263;0;-7;1991;1094;85.84;106.81;;;
36.943778;-3.750236;1261;0;-7;1991;1094;85.86;106.79;;;
36.943807;-3.750458;1260;0;-7;1991;1094;85.88;106.77;;;
36.943836;-3.750680;1259;0;-7;1991;1094;85.9;106.75;;;
36.943865;-3.750902;1257;0;-7;1991;1094;85.92;106.73;;;
36.943895;-3.751124;1256;0;-7;1991;1094;85.94;106.71;;;
36.943924;-3.751346;1255;0;-7;1991;1094;85.96;106.69;;;
36.943961;-3.751566;1253;0;-7;1991;1094;85.98;106.67;;;
36.944006;-3.751784;1252;0;-7;1991;1094;86;106.65;;;
36.944051;-3.752002;1250;0;-8;1991;1094;86.02;106.63;;;
36.944121;-3.752208;1249;0;-8;1991;1094;86.04;106.61;;;
36.944202;-3.752409;1247;0;-8;1991;1094;86.06;106.59;;;
36.944288;-3.752607;1246;0;-8;1991;1094;86.08;106.57;;;
36.944374;-3.752805;1244;0;-8;1991;1094;86.1;106.55;;;
36.944459;-3.753002;1242;0;-8;1991;1094;86.12;106.53;;;
36.944546;-3.753200;1241;0;-8;1991;1094;86.14;106.51;;;
36.944632;-3.753398;1239;0;-8;1991;1094;86.16;106.49;;;
36.944717;-3.753595;1238;0;-8;1991;1094;86.18;106.47;;;
36.944803;-3.753793;1236;0;-7;1991;1094;86.2;106.45;;;
36.944890;-3.753991;1235;0;-7;1991;1094;86.22;106.43;;;
36.944975;-3.754188;1233;0;-7;1991;1094;86.24;106.41;;;
36.945061;-3.754386;1232;0;-7;1991;1094;86.26;106.39;;;
36.945155;-3.754578;1231;0;-7;1991;1094;86.28;106.37;;;
36.945254;-3.754766;1229;0;-6;1991;1094;86.3;106.35;;;
36.945351;-3.754955;1228;0;-6;1991;1094;86.32;106.33;;;
36.945464;-3.755131;1227;0;-6;1991;1094;86.34;106.31;;;
36.945577;-3.755305;1226;0;-6;1991;1094;86.36;106.29;;;
36.945691;-3.755480;1225;0;-6;1991;1094;86.38;106.27;;;
36.945804;-3.755654;1223;0;-5;1991;1094;86.4;106.25;;;
36.945918;-3.755829;1222;0;-5;1991;1094;86.42;106.23;;;
36.946031;-3.756003;1221;0;-5;1991;1094;86.44;106.21;;;
36.946145;-3.756178;1220;0;-6;1991;1094;86.46;106.19;;;
36.946259;-3.756352;1219;0;-6;1991;1094;86.48;106.17;;;
36.946372;-3.756527;1218;0;-6;1991;1094;86.5;106.15;;;
36.946480;-3.756707;1217;0;-6;1991;1094;86.52;106.13;;;
36.946584;-3.756891;1215;0;-6;1991;1094;86.54;106.11;;;
36.946688;-3.757074;1214;0;-6;1991;1094;86.56;106.09;;;
36.946791;-3.757258;1213;0;-6;1991;1094;86.58;106.07;;;
36.946882;-3.757452;1212;0;-6;1991;1094;86.6;106.05;;;
36.946971;-3.757648;1210;0;-6;1991;1094;86.62;106.03;;;
36.947060;-3.757844;1209;0;-6;1991;1094;86.64;106.01;;;
36.947148;-3.758040;1208;0;-6;1991;1094;86.66;105.99;;;
36.947236;-3.758236;1207;0;-6;1991;1094;86.68;105.97;;;
36.947325;-3.758432;1206;0;-6;1991;1094;86.7;105.95;;;
36.947414;-3.758628;1204;0;-6;1991;1094;86.72;105.93;;;
36.947502;-3.758824;1203;0;-6;1991;1094;86.74;105.91;;;
36.947591;-3.759020;1202;0;-6;1991;1094;86.76;105.89;;;
36.947679;-3.759215;1201;0;-6;1991;1094;86.78;105.87;;;
36.947768;-3.759411;1199;0;-6;1991;1094;86.8;105.85;;;
36.947856;-3.759607;1198;0;-6;1991;1094;86.82;105.83;;;
36.947945;-3.759803;1197;0;-6;1991;1094;86.84;105.81;;;
36.948034;-3.759999;1196;0;-6;1991;1094;86.86;105.79;;;
36.948122;-3.760195;1195;0;-6;1991;1094;86.88;105.77;;;
36.948211;-3.760391;1194;0;-6;1991;1094;86.9;105.75;;;
36.948299;-3.760587;1192;0;-6;1991;1094;86.92;105.73;;;
36.948387;-3.760783;1191;0;-5;1991;1094;86.94;105.71;;;
36.948474;-3.760980;1190;0;-5;1991;1094;86.96;105.69;;;
36.948561;-3.761177;1189;0;-5;1991;1094;86.98;105.67;;;
36.948648;-3.761374;1188;0;-5;1991;1094;87;105.65;;;
36.948735;-3.761571;1187;0;-5;1991;1094;87.02;105.63;;;
36.948823;-3.761767;1186;0;-5;1991;1094;87.04;105.61;;;
36.948911;-3.761964;1185;0;-5;1991;1094;87.06;105.59;;;
36.948998;-3.762161;1184;0;-6;1991;1094;87.08;105.57;;;
36.949085;-3.762358;1183;0;-6;1991;1094;87.1;105.55;;;
36.949168;-3.762557;1182;0;-6;1991;1094;87.12;105.53;;;
36.949246;-3.762760;1181;0;-6;1991;1094;87.14;105.51;;;
36.949315;-3.762967;1179;0;-6;1991;1094;87.16;105.49;;;
36.949369;-3.763182;1178;0;-6;1991;1094;87.18;105.47;;;
36.949399;-3.763404;1177;0;-6;1991;1094;87.2;105.45;;;
36.949429;-3.763626;1176;0;-5;1991;1094;87.22;105.43;;;
36.949458;-3.763848;1175;0;-5;1991;1094;87.24;105.41;;;
36.949488;-3.764070;1174;0;-5;1991;1094;87.26;105.39;;;
36.949518;-3.764292;1173;0;-6;1991;1094;87.28;105.37;;;
36.949548;-3.764514;1172;0;-6;1991;1094;87.3;105.35;;;
36.949584;-3.764734;1171;0;-6;1991;1094;87.32;105.33;;;
36.949635;-3.764949;1169;0;-7;1991;1094;87.34;105.31;;;
36.949697;-3.765160;1167;0;-7;1991;1094;87.36;105.29;;;
36.949770;-3.765366;1166;0;-7;1991;1094;87.38;105.27;;;
36.949856;-3.765563;1165;0;-7;1991;1094;87.4;105.25;;;
36.949942;-3.765761;1163;0;-7;1991;1094;87.42;105.23;;;
36.950018;-3.765965;1162;0;-7;1991;1094;87.44;105.21;;;
36.950084;-3.766174;1161;0;-7;1991;1094;87.46;105.19;;;
36.950134;-3.766390;1159;0;-7;1991;1094;87.48;105.17;;;
36.950158;-3.766613;1158;0;-7;1991;1094;87.5;105.15;;;
36.950166;-3.766838;1157;0;-7;1991;1094;87.52;105.13;;;
36.950154;-3.767062;1155;0;-7;1991;1094;87.54;105.11;;;
36.950134;-3.767285;1153;0;-7;1991;1094;87.56;105.09;;;
36.950097;-3.767505;1152;0;-6;1991;1094;87.58;105.07;;;
36.950052;-3.767723;1151;0;-6;1991;1094;87.6;105.05;;;
36.950006;-3.767941;1150;0;-6;1991;1094;87.62;105.03;;;
36.949970;-3.768161;1149;0;-6;1991;1094;87.64;105.01;;;
36.949946;-3.768383;1148;0;-6;1991;1094;87.66;104.99;;;
36.949939;-3.768608;1146;0;-6;1991;1094;87.68;104.97;;;
36.949955;-3.768832;1145;0;-6;1991;1094;87.7;104.95;;;
36.949969;-3.769057;1144;0;-6;1991;1094;87.72;104.93;;;
36.949978;-3.769281;1143;0;-6;1991;1094;87.74;104.91;;;
36.949971;-3.769505;1142;0;-5;1991;1094;87.76;104.89;;;
36.949927;-3.769724;1141;0;-5;1991;1094;87.78;104.87;;;
36.949867;-3.769935;1140;0;-5;1991;1094;87.8;104.85;;;
36.949801;-3.770145;1139;0;-5;1991;1094;87.82;104.83;;;
36.949714;-3.770342;1138;0;-5;1991;1094;87.84;104.81;;;
36.949628;-3.770539;1137;0;-5;1991;1094;87.86;104.79;;;
36.949541;-3.770736;1136;0;-5;1991;1094;87.88;104.77;;;
36.949454;-3.770934;1135;0;-5;1991;1094;87.9;104.75;;;
36.949369;-3.771132;1134;0;-5;1991;1094;87.92;104.73;;;
36.949296;-3.771337;1132;0;-6;1991;1094;87.94;104.71;;;
36.949226;-3.771545;1131;0;-6;1991;1094;87.96;104.69;;;
36.949171;-3.771759;1130;0;-6;1991;1094;87.98;104.67;;;
36.949132;-3.771978;1129;0;-6;1991;1094;88;104.65;;;
36.949104;-3.772200;1127;0;-5;1991;1094;88.02;104.63;;;
36.949096;-3.772425;1126;0;-5;1991;1094;88.04;104.61;;;
36.949093;-3.772650;1126;0;-5;1991;1094;88.06;104.59;;;
36.949090;-3.772875;1125;0;-4;1991;1094;88.08;104.57;;;
36.949087;-3.773100;1124;0;-4;1991;1094;88.1;104.55;;;
36.949084;-3.773325;1123;0;-4;1991;1094;88.12;104.53;;;
36.949081;-3.773550;1123;0;-4;1991;1094;88.14;104.51;;;
36.949077;-3.773775;1122;0;-4;1991;1094;88.16;104.49;;;
36.949059;-3.773999;1121;0;-4;1991;1094;88.18;104.47;;;
36.949030;-3.774220;1120;0;-4;1991;1094;88.2;104.45;;;
36.948979;-3.774435;1119;0;-4;1991;1094;88.22;104.43;;;
36.948909;-3.774643;1119;0;-4;1991;1094;88.24;104.41;;;
36.948838;-3.774850;1118;0;-4;1991;1094;88.26;104.39;;;
36.948773;-3.775059;1117;0;-4;1991;1094;88.28;104.37;;;
36.948734;-3.775279;1116;0;-4;1991;1094;88.3;104.35;;;
36.948696;-3.775499;1115;0;-4;1991;1094;88.32;104.33;;;
36.948658;-3.775719;1115;0;-4;1991;1094;88.34;104.31;;;
36.948608;-3.775935;1114;0;-4;1991;1094;88.36;104.29;;;
36.948559;-3.776151;1113;0;-4;1991;1094;88.38;104.27;;;
36.948512;-3.776368;1112;0;-4;1991;1094;88.4;104.25;;;
36.948478;-3.776590;1111;0;-4;1991;1094;88.42;104.23;;;
36.948468;-3.776813;1110;0;-4;1991;1094;88.44;104.21;;;
36.948470;-3.777038;1110;0;-4;1991;1094;88.46;104.19;;;
36.948487;-3.777262;1109;0;-4;1991;1094;88.48;104.17;;;
36.948512;-3.777485;1108;0;-4;1991;1094;88.5;104.15;;;
36.948547;-3.777706;1107;0;-4;1991;1094;88.52;104.13;;;
36.948581;-3.777927;1106;0;-4;1991;1094;88.54;104.11;;;
36.948616;-3.778148;1106;0;-4;1991;1094;88.56;104.09;;;
36.948650;-3.778369;1105;0;-4;1991;1094;88.58;104.07;;;
36.948707;-3.778581;1104;0;-5;1991;1094;88.6;104.05;;;
36.948784;-3.778782;1104;0;-5;1991;1094;88.62;104.03;;;
36.948911;-3.778941;1102;0;-5;1991;1094;88.64;104.01;;;
36.949061;-3.779062;1101;0;-6;1991;1094;88.66;103.99;;;
36.949234;-3.779111;1100;0;-6;1991;1094;88.68;103.97;;;
36.949413;-3.779102;1098;0;-6;1991;1094;88.7;103.95;;;
36.949580;-3.779023;1097;0;-6;1991;1094;88.72;103.93;;;
36.949711;-3.778871;1096;0;-6;1991;1094;88.74;103.91;;;
36.949801;-3.778678;1095;0;-5;1991;1094;88.76;103.89;;;
36.949823;-3.778456;1094;0;-5;1991;1094;88.78;103.87;;;
36.949796;-3.778234;1093;0;-5;1991;1094;88.8;103.85;;;
36.949749;-3.778017;1092;0;-5;1991;1094;88.82;103.83;;;
36.949702;-3.777800;1091;0;-4;1991;1094;88.84;103.81;;;
36.949654;-3.777583;1090;0;-4;1991;1094;88.86;103.79;;;
36.949606;-3.777366;1090;0;-4;1991;1094;88.88;103.77;;;
36.949559;-3.777148;1089;0;-4;1991;1094;88.9;103.75;;;
36.949512;-3.776931;1088;0;-4;1991;1094;88.92;103.73;;;
36.949464;-3.776714;1087;0;-4;1991;1094;88.94;103.71;;;
36.949417;-3.776497;1086;0;-5;1991;1094;88.96;103.69;;;
36.949416;-3.776274;1085;0;-5;1991;1094;88.98;103.67;;;
36.949456;-3.776055;1084;0;-6;1991;1094;89;103.65;;;
36.949533;-3.775853;1083;0;-6;1991;1094;89.02;103.63;;;
36.949653;-3.775689;1082;0;-6;1991;1094;89.04;103.61;;;
36.949809;-3.775583;1080;0;-6;1991;1094;89.06;103.59;;;
36.949984;-3.775532;1079;0;-6;1991;1094;89.08;103.57;;;
36.950160;-3.775566;1078;0;-6;1991;1094;89.1;103.55;;;
36.950320;-3.775669;1077;0;-6;1991;1094;89.12;103.53;;;
36.950450;-3.775818;1076;0;-5;1991;1094;89.14;103.51;;;
36.950563;-3.775994;1075;0;-5;1991;1094;89.16;103.49;;;
36.950665;-3.776179;1074;0;-4;1991;1094;89.18;103.47;;;
36.950762;-3.776368;1073;0;-4;1991;1094;89.2;103.45;;;
36.950857;-3.776559;1072;0;-4;1991;1094;89.22;103.43;;;
36.950952;-3.776751;1071;0;-4;1991;1094;89.24;103.41;;;
36.951047;-3.776942;1071;0;-4;1991;1094;89.26;103.39;;;
36.951142;-3.777133;1070;0;-4;1991;1094;89.28;103.37;;;
36.951237;-3.777324;1069;0;-4;1991;1094;89.3;103.35;;;
36.951332;-3.777515;1068;0;-4;1991;1094;89.32;103.33;;;
36.951427;-3.777706;1067;0;-4;1991;1094;89.34;103.31;;;
36.951522;-3.777897;1066;0;-4;1991;1094;89.36;103.29;;;
36.951617;-3.778089;1066;0;-4;1991;1094;89.38;103.27;;;
36.951712;-3.778280;1065;0;-4;1991;1094;89.4;103.25;;;
36.951807;-3.778471;1064;0;-4;1991;1094;89.42;103.23;;;
36.951902;-3.778662;1063;0;-4;1991;1094;89.44;103.21;;;
36.951997;-3.778853;1062;0;-5;1991;1094;89.46;103.19;;;
36.952091;-3.779044;1062;0;-5;1991;1094;89.48;103.17;;;
36.952178;-3.779242;1061;0;-5;1991;1094;89.5;103.15;;;
36.952261;-3.779442;1059;0;-5;1991;1094;89.52;103.13;;;
36.952338;-3.779645;1058;0;-5;1991;1094;89.54;103.11;;;
36.952412;-3.779850;1057;0;-5;1991;1094;89.56;103.09;;;
36.952486;-3.780055;1056;0;-4;1991;1094;89.58;103.07;;;
36.952581;-3.780245;1056;0;-4;1991;1094;89.6;103.05;;;
36.952686;-3.780428;1055;0;-4;1991;1094;89.62;103.03;;;
36.952791;-3.780611;1054;0;-4;1991;1094;89.64;103.01;;;
36.952898;-3.780791;1053;0;-4;1991;1094;89.66;102.99;;;
36.953011;-3.780966;1052;0;-4;1991;1094;89.68;102.97;;;
36.953124;-3.781141;1052;0;-4;1991;1094;89.7;102.95;;;
36.953237;-3.781316;1051;0;-4;1991;1094;89.72;102.93;;;
36.953350;-3.781492;1050;0;-4;1991;1094;89.74;102.91;;;
36.953463;-3.781667;1049;0;-4;1991;1094;89.76;102.89;;;
36.953576;-3.781842;1048;0;-4;1991;1094;89.78;102.87;;;
36.953689;-3.782017;1047;0;-4;1991;1094;89.8;102.85;;;
36.953801;-3.782193;1047;0;-4;1991;1094;89.82;102.83;;;
36.953914;-3.782368;1046;0;-4;1991;1094;89.84;102.81;;;
36.954027;-3.782543;1045;0;-4;1991;1094;89.86;102.79;;;
36.954140;-3.782719;1045;0;-4;1991;1094;89.88;102.77;;;
36.954253;-3.782894;1044;0;-4;1991;1094;89.9;102.75;;;
36.954380;-3.783052;1043;0;-4;1991;1094;89.92;102.73;;;
36.954528;-3.783178;1042;0;-3;1991;1094;89.94;102.71;;;
36.954692;-3.783269;1042;0;-3;1991;1094;89.96;102.69;;;
36.954861;-3.783344;1041;0;-3;1991;1094;89.98;102.67;;;
36.955031;-3.783419;1041;0;-3;1991;1094;90;102.65;;;
36.955192;-3.783516;1040;0;-3;1991;1094;90.02;102.63;;;
36.955345;-3.783635;1039;0;-3;1991;1094;90.04;102.61;;;
36.955473;-3.783793;1039;0;-3;1991;1094;90.06;102.59;;;
36.955583;-3.783969;1038;0;-3;1991;1094;90.08;102.57;;;
36.955680;-3.784159;1037;0;-4;1991;1094;90.1;102.55;;;
36.955751;-3.784364;1036;0;-4;1991;1094;90.12;102.53;;;
36.955793;-3.784582;1036;0;-4;1991;1094;90.14;102.51;;;
36.955813;-3.784806;1035;0;-4;1991;1094;90.16;102.49;;;
36.955814;-3.785031;1034;0;-4;1991;1094;90.18;102.47;;;
36.955809;-3.785256;1033;0;-4;1991;1094;90.2;102.45;;;
36.955787;-3.785479;1032;0;-5;1991;1094;90.22;102.43;;;
36.955763;-3.785702;1031;0;-5;1991;1094;90.24;102.41;;;
36.955732;-3.785924;1030;0;-5;1991;1094;90.26;102.39;;;
36.955699;-3.786145;1029;0;-5;1991;1094;90.28;102.37;;;
36.955648;-3.786360;1028;0;-5;1991;1094;90.3;102.35;;;
36.955587;-3.786572;1027;0;-5;1991;1094;90.32;102.33;;;
36.955516;-3.786778;1026;0;-5;1991;1094;90.34;102.31;;;
36.955440;-3.786982;1025;0;-5;1991;1094;90.36;102.29;;;
36.955363;-3.787186;1025;0;-5;1991;1094;90.38;102.27;;;
36.955287;-3.787390;1024;0;-5;1991;1094;90.4;102.25;;;
36.955211;-3.787594;1023;0;-5;1991;1094;90.42;102.23;;;
36.955134;-3.787797;1022;0;-5;1991;1094;90.44;102.21;;;
36.955052;-3.787998;1021;0;-5;1991;1094;90.46;102.19;;;
36.954970;-3.788198;1020;0;-5;1991;1094;90.48;102.17;;;
36.954868;-3.788383;1018;0;-5;1991;1094;90.5;102.15;;;
36.954762;-3.788565;1017;0;-5;1991;1094;90.52;102.13;;;
36.954646;-3.788736;1016;0;-5;1991;1094;90.54;102.11;;;
36.954528;-3.788907;1015;0;-5;1991;1094;90.56;102.09;;;
36.954410;-3.789077;1014;0;-5;1991;1094;90.58;102.07;;;
36.954280;-3.789231;1013;0;-5;1991;1094;90.6;102.05;;;
36.954139;-3.789371;1012;0;-5;1991;1094;90.62;102.03;;;
36.953987;-3.789490;1011;0;-5;1991;1094;90.64;102.01;;;
36.953834;-3.789608;1010;0;-5;1991;1094;90.66;101.99;;;
36.953681;-3.789727;1009;0;-5;1991;1094;90.68;101.97;;;
36.953528;-3.789846;1008;0;-5;1991;1094;90.7;101.95;;;
36.953375;-3.789964;1007;0;-5;1991;1094;90.72;101.93;;;
36.953222;-3.790083;1006;0;-5;1991;1094;90.74;101.91;;;
36.953073;-3.790209;1005;0;-5;1991;1094;90.76;101.89;;;
36.952928;-3.790340;1005;0;-5;1991;1094;90.78;101.87;;;
36.952789;-3.790484;1003;0;-5;1991;1094;90.8;101.85;;;
36.952668;-3.790649;1002;0;-5;1991;1094;90.82;101.83;;;
36.952557;-3.790826;1001;0;-6;1991;1094;90.84;101.81;;;
36.952446;-3.791003;1000;0;-6;1991;1094;90.86;101.79;;;
36.952342;-3.791187;999;0;-6;1991;1094;90.88;101.77;;;
36.952245;-3.791376;998;0;-6;1991;1094;90.9;101.75;;;
36.952147;-3.791565;997;0;-6;1991;1094;90.92;101.73;;;
36.952050;-3.791754;995;0;-6;1991;1094;90.94;101.71;;;
36.951952;-3.791943;994;0;-6;1991;1094;90.96;101.69;;;
36.951845;-3.792123;993;0;-6;1991;1094;90.98;101.67;;;
36.951726;-3.792292;992;0;-6;1991;1094;91;101.65;;;
36.951602;-3.792455;991;0;-6;1991;1094;91.02;101.63;;;
36.951469;-3.792606;989;0;-6;1991;1094;91.04;101.61;;;
36.951327;-3.792744;988;0;-6;1991;1094;91.06;101.59;;;
36.951185;-3.792882;987;0;-6;1991;1094;91.08;101.57;;;
36.951043;-3.793020;986;0;-6;1991;1094;91.1;101.55;;;
36.950901;-3.793158;984;0;-6;1991;1094;91.12;101.53;;;
36.950763;-3.793303;983;0;-6;1991;1094;91.14;101.51;;;
36.950635;-3.793460;982;0;-6;1991;1094;91.16;101.49;;;
36.950519;-3.793632;981;0;-5;1991;1094;91.18;101.47;;;
36.950413;-3.793813;980;0;-5;1991;1094;91.2;101.45;;;
36.950322;-3.794007;979;0;-5;1991;1094;91.22;101.43;;;
36.950230;-3.794201;978;0;-5;1991;1094;91.24;101.41;;;
36.950139;-3.794394;977;0;-5;1991;1094;91.26;101.39;;;
36.950048;-3.794589;976;0;-5;1991;1094;91.28;101.37;;;
36.949956;-3.794782;975;0;-5;1991;1094;91.3;101.35;;;
36.949863;-3.794975;974;0;-5;1991;1094;91.32;101.33;;;
36.949761;-3.795160;973;0;-5;1991;1094;91.34;101.31;;;
36.949659;-3.795345;972;0;-5;1991;1094;91.36;101.29;;;
36.949556;-3.795530;971;0;-5;1991;1094;91.38;101.27;;;
36.949454;-3.795715;970;0;-5;1991;1094;91.4;101.25;;;
36.949351;-3.795900;968;0;-5;1991;1094;91.42;101.23;;;
36.949241;-3.796077;967;0;-5;1991;1094;91.44;101.21;;;
36.949124;-3.796249;966;0;-5;1991;1094;91.46;101.19;;;
36.949001;-3.796412;965;0;-5;1991;1094;91.48;101.17;;;
36.948871;-3.796568;964;0;-6;1991;1094;91.5;101.15;;;
36.948733;-3.796712;963;0;-6;1991;1094;91.52;101.13;;;
36.948595;-3.796856;962;0;-6;1991;1094;91.54;101.11;;;
36.948456;-3.796999;961;0;-6;1991;1094;91.56;101.09;;;
36.948318;-3.797144;960;0;-6;1991;1094;91.58;101.07;;;
36.948180;-3.797288;958;0;-6;1991;1094;91.6;101.05;;;
36.948041;-3.797431;957;0;-6;1991;1094;91.62;101.03;;;
36.947906;-3.797579;956;0;-5;1991;1094;91.64;101.01;;;
36.947776;-3.797735;955;0;-5;1991;1094;91.66;100.99;;;
36.947662;-3.797908;954;0;-5;1991;1094;91.68;100.97;;;
36.947562;-3.798095;953;0;-5;1991;1094;91.7;100.95;;;
36.947484;-3.798297;952;0;-5;1991;1094;91.72;100.93;;;
36.947422;-3.798508;951;0;-5;1991;1094;91.74;100.91;;;
36.947378;-3.798726;951;0;-4;1991;1094;91.76;100.89;;;
36.947352;-3.798948;950;0;-4;1991;1094;91.78;100.87;;;
36.947341;-3.799173;948;0;-4;1991;1094;91.8;100.85;;;
36.947338;-3.799398;947;0;-4;1991;1094;91.82;100.83;;;
36.947338;-3.799623;947;0;-4;1991;1094;91.84;100.81;;;
36.947337;-3.799848;946;0;-4;1991;1094;91.86;100.79;;;
36.947336;-3.800073;945;0;-4;1991;1094;91.88;100.77;;;
36.947336;-3.800298;945;0;-3;1991;1094;91.9;100.75;;;
36.947335;-3.800523;944;0;-3;1991;1094;91.92;100.73;;;
36.947334;-3.800748;943;0;-3;1991;1094;91.94;100.71;;;
36.947333;-3.800973;943;0;-3;1991;1094;91.96;100.69;;;
36.947333;-3.801198;942;0;-3;1991;1094;91.98;100.67;;;
36.947333;-3.801423;941;0;-3;1991;1094;92;100.65;;;
36.947332;-3.801648;941;0;-3;1991;1094;92.02;100.63;;;
36.947331;-3.801873;940;0;-3;1991;1094;92.04;100.61;;;
36.947331;-3.802098;939;0;-3;1991;1094;92.06;100.59;;;
36.947330;-3.802323;939;0;-3;1991;1094;92.08;100.57;;;
36.947329;-3.802548;938;0;-3;1991;1094;92.1;100.55;;;
36.947329;-3.802774;938;0;-3;1991;1094;92.12;100.53;;;
36.947329;-3.802999;937;0;-3;1991;1094;92.14;100.51;;;
36.947334;-3.803224;936;0;-3;1991;1094;92.16;100.49;;;
36.947345;-3.803448;936;0;-3;1991;1094;92.18;100.47;;;
36.947373;-3.803670;935;0;-3;1991;1094;92.2;100.45;;;
36.947411;-3.803890;934;0;-3;1991;1094;92.22;100.43;;;
36.947458;-3.804107;934;0;-3;1991;1094;92.24;100.41;;;
36.947516;-3.804320;933;0;-3;1991;1094;92.26;100.39;;;
36.947582;-3.804529;933;0;-3;1991;1094;92.28;100.37;;;
36.947649;-3.804738;932;0;-2;1991;1094;92.3;100.35;;;
36.947728;-3.804940;932;0;-2;1991;1094;92.32;100.33;;;
36.947806;-3.805143;931;0;-2;1991;1094;92.34;100.31;;;
36.947884;-3.805346;931;0;-2;1991;1094;92.36;100.29;;;
36.947962;-3.805549;930;0;-2;1991;1094;92.38;100.27;;;
36.948040;-3.805751;930;0;-2;1991;1094;92.4;100.25;;;
36.948118;-3.805954;930;0;-2;1991;1094;92.42;100.23;;;
36.948196;-3.806157;929;0;-2;1991;1094;92.44;100.21;;;
36.948267;-3.806363;929;0;-2;1991;1094;92.46;100.19;;;
36.948331;-3.806574;928;0;-2;1991;1094;92.48;100.17;;;
36.948384;-3.806788;928;0;-2;1991;1094;92.5;100.15;;;
36.948424;-3.807008;928;0;-2;1991;1094;92.52;100.13;;;
36.948464;-3.807227;927;0;-2;1991;1094;92.54;100.11;;;
36.948504;-3.807447;927;0;-1;1991;1094;92.56;100.09;;;
36.948544;-3.807666;927;0;-1;1991;1094;92.58;100.07;;;
36.948583;-3.807886;927;0;-1;1991;1094;92.6;100.05;;;
36.948623;-3.808105;926;0;-2;1991;1094;92.62;100.03;;;
36.948663;-3.808325;926;0;-1;1991;1094;92.64;100.01;;;
36.948702;-3.808544;926;0;-2;1991;1094;92.66;99.99;;;
36.948742;-3.808764;925;0;-2;1991;1094;92.68;99.97;;;
36.948782;-3.808983;925;0;-2;1991;1094;92.7;99.95;;;
36.948821;-3.809203;925;0;-2;1991;1094;92.72;99.93;;;
36.948863;-3.809422;924;0;-2;1991;1094;92.74;99.91;;;
36.948934;-3.809628;924;0;-2;1991;1094;92.76;99.89;;;
36.949023;-3.809824;924;0;-2;1991;1094;92.78;99.87;;;
36.949128;-3.810005;923;0;-1;1991;1094;92.8;99.85;;;
36.949253;-3.810166;923;0;-1;1991;1094;92.82;99.83;;;
36.949387;-3.810316;923;0;-1;1991;1094;92.84;99.81;;;
36.949541;-3.810433;923;0;-1;1991;1094;92.86;99.79;;;
36.949696;-3.810546;922;0;-1;1991;1094;92.88;99.77;;;
36.949842;-3.810675;922;0;-1;1991;1094;92.9;99.75;;;
36.949960;-3.810844;922;0;-1;1991;1094;92.92;99.73;;;
36.950045;-3.811043;921;0;-1;1991;1094;92.94;99.71;;;
36.950099;-3.811256;921;0;-1;1991;1094;92.96;99.69;;;
36.950140;-3.811475;921;0;-1;1991;1094;92.98;99.67;;;
36.950126;-3.811696;921;0;-1;1991;1094;93;99.65;24;;
36.950088;-3.811916;920;0;-1;1991;1094;93.02;99.63;;;
36.950031;-3.812129;920;0;-1;1991;1094;93.04;99.61;;;
36.949959;-3.812335;920;0;-1;1991;1094;93.06;99.59;;;
36.949886;-3.812541;920;0;-1;1991;1094;93.08;99.57;;;
36.949813;-3.812747;919;0;-1;1991;1094;93.1;99.55;;;
36.949740;-3.812953;919;0;-1;1991;1094;93.12;99.53;;;
36.949668;-3.813159;919;0;-1;1991;1094;93.14;99.51;;;
36.949595;-3.813365;918;0;-1;1991;1094;93.16;99.49;;;
36.949523;-3.813571;918;0;-1;1991;1094;93.18;99.47;;;
36.949450;-3.813777;918;0;-1;1991;1094;93.2;99.45;;;
36.949378;-3.813983;918;0;-1;1991;1094;93.22;99.43;;;
36.949305;-3.814188;917;0;-1;1991;1094;93.24;99.41;;;
36.949235;-3.814396;917;0;-1;1991;1094;93.26;99.39;;;
36.949176;-3.814608;917;0;-1;1991;1094;93.28;99.37;;;
36.949117;-3.814821;917;0;-1;1991;1094;93.3;99.35;;;
36.949076;-3.815040;917;0;-1;1991;1094;93.32;99.33;;;
36.949034;-3.815259;916;0;-1;1991;1094;93.34;99.31;;;
36.949023;-3.815483;916;0;-1;1991;1094;93.36;99.29;;;
36.949017;-3.815708;916;0;-1;1991;1094;93.38;99.27;;;
36.949011;-3.815933;916;0;-1;1991;1094;93.4;99.25;;;
36.949006;-3.816158;916;0;-1;1991;1094;93.42;99.23;;;
36.949000;-3.816383;916;0;-1;1991;1094;93.44;99.21;;;
36.949019;-3.816606;916;0;-1;1991;1094;93.46;99.19;;;
36.949048;-3.816828;915;0;-1;1991;1094;93.48;99.17;;;
36.949077;-3.817050;915;0;-1;1991;1094;93.5;99.15;;;
36.949098;-3.817273;915;0;-1;1991;1094;93.52;99.13;;;
36.949098;-3.817498;915;0;-1;1991;1094;93.54;99.11;;;
36.949093;-3.817722;915;0;-1;1991;1094;93.56;99.09;;;
36.949064;-3.817945;915;0;-1;1991;1094;93.58;99.07;;;
36.949035;-3.818167;915;0;-1;1991;1094;93.6;99.05;;;
36.948985;-3.818382;915;0;0;1991;1094;93.62;99.03;;;
36.948929;-3.818596;915;0;0;1991;1094;93.64;99.01;;;
36.948875;-3.818811;914;0;0;1991;1094;93.66;98.99;;;
36.948850;-3.819034;914;0;0;1991;1094;93.68;98.97;;;
36.948829;-3.819257;914;0;0;1991;1094;93.7;98.95;;;
36.948836;-3.819482;914;0;0;1991;1094;93.72;98.93;;;
36.948843;-3.819706;914;0;0;1991;1094;93.74;98.91;;;
36.948849;-3.819931;914;0;0;1991;1094;93.76;98.89;;;
36.948856;-3.820156;914;0;0;1991;1094;93.78;98.87;;;
36.948863;-3.820381;914;0;0;1991;1094;93.8;98.85;;;
36.948870;-3.820606;914;0;0;1991;1094;93.82;98.83;;;
36.948876;-3.820831;914;0;0;1991;1094;93.84;98.81;;;
36.948873;-3.821056;914;0;0;1991;1094;93.86;98.79;;;
36.948866;-3.821281;914;0;-1;1991;1094;93.88;98.77;;;
36.948858;-3.821506;914;0;-1;1991;1094;93.9;98.75;;;
36.948865;-3.821730;913;0;-1;1991;1094;93.92;98.73;;;
36.948801;-3.821924;913;0;-1;1991;1094;93.94;98.71;;;
36.948682;-3.822093;913;0;-1;1991;1094;93.96;98.69;;;
36.948590;-3.822279;913;0;-1;1991;1094;93.98;98.67;;;
36.948674;-3.822467;912;0;-1;1991;1094;94;98.65;;;
36.948781;-3.822645;912;0;-2;1991;1094;94.02;98.63;;;
36.948823;-3.822861;912;0;-2;1991;1094;94.04;98.61;;;
36.948845;-3.823084;912;0;-2;1991;1094;94.06;98.59;;;
36.948846;-3.823307;911;0;-2;1991;1094;94.08;98.57;;;
36.948797;-3.823520;911;0;-2;1991;1094;94.1;98.55;;;
36.948816;-3.823739;910;0;-2;1991;1094;94.12;98.53;;;
36.948849;-3.823960;909;0;-3;1991;1094;94.14;98.51;;;
36.948900;-3.824171;909;0;-3;1991;1094;94.16;98.49;;;
36.948982;-3.824372;909;0;-3;1991;1094;94.18;98.47;;;
36.949064;-3.824572;908;0;-3;1991;1094;94.2;98.45;;;
36.949138;-3.824777;908;0;-3;1991;1094;94.22;98.43;;;
36.949209;-3.824984;907;0;-3;1991;1094;94.24;98.41;;;
36.949256;-3.825200;906;0;-3;1991;1094;94.26;98.39;;;
36.949278;-3.825423;906;0;-3;1991;1094;94.28;98.37;;;
36.949292;-3.825648;905;0;-3;1991;1094;94.3;98.35;;;
36.949306;-3.825872;905;0;-3;1991;1094;94.32;98.33;;;
36.949320;-3.826096;904;0;-3;1991;1094;94.34;98.31;;;
36.949334;-3.826321;903;0;-4;1991;1094;94.36;98.29;;;
36.949348;-3.826545;903;0;-4;1991;1094;94.38;98.27;;;
36.949380;-3.826767;902;0;-4;1991;1094;94.4;98.25;;;
36.949421;-3.826984;901;0;-4;1991;1094;94.42;98.23;;;
36.949515;-3.827176;900;0;-4;1991;1094;94.44;98.21;;;
36.949608;-3.827368;899;0;-4;1991;1094;94.46;98.19;;;
36.949723;-3.827541;899;0;-4;1991;1094;94.48;98.17;;;
36.949849;-3.827701;898;0;-4;1991;1094;94.5;98.15;;;
36.949987;-3.827845;897;0;-4;1991;1094;94.52;98.13;;;
36.950117;-3.828000;896;0;-4;1991;1094;94.54;98.11;;;
36.950240;-3.828164;895;0;-4;1991;1094;94.56;98.09;;;
36.950352;-3.828339;894;0;-4;1991;1094;94.58;98.07;;;
36.950445;-3.828531;893;0;-4;1991;1094;94.6;98.05;;;
36.950538;-3.828724;893;0;-4;1991;1094;94.62;98.03;;;
36.950613;-3.828928;892;0;-3;1991;1094;94.64;98.01;;;
36.950674;-3.829139;891;0;-3;1991;1094;94.66;97.99;;;
36.950735;-3.829351;891;0;-3;1991;1094;94.68;97.97;;;
36.950776;-3.829570;890;0;-3;1991;1094;94.7;97.95;;;
36.950811;-3.829791;889;0;-3;1991;1094;94.72;97.93;;;
36.950846;-3.830011;889;0;-3;1991;1094;94.74;97.91;;;
36.950881;-3.830232;888;0;-3;1991;1094;94.76;97.89;;;
36.950917;-3.830453;888;0;-3;1991;1094;94.78;97.87;;;
36.950952;-3.830673;887;0;-3;1991;1094;94.8;97.85;;;
36.950996;-3.830890;886;0;-4;1991;1094;94.82;97.83;;;
36.951069;-3.831097;886;0;-4;1991;1094;94.84;97.81;;;
36.951141;-3.831303;885;0;-4;1991;1094;94.86;97.79;;;
36.951251;-3.831481;884;0;-4;1991;1094;94.88;97.77;;;
36.951360;-3.831659;883;0;-4;1991;1094;94.9;97.75;;;
36.951491;-3.831813;882;0;-4;1991;1094;94.92;97.73;;;
36.951626;-3.831961;882;0;-4;1991;1094;94.94;97.71;;;
36.951762;-3.832110;881;0;-3;1991;1094;94.96;97.69;;;
36.951897;-3.832258;880;0;-3;1991;1094;94.98;97.67;;;
36.952032;-3.832406;880;0;-3;1991;1094;95;97.65;;;
36.952167;-3.832555;879;0;-3;1991;1094;95.02;97.63;;;
36.952302;-3.832703;878;0;-3;1991;1094;95.04;97.61;;;
36.952432;-3.832858;878;0;-3;1991;1094;95.06;97.59;;;
36.952549;-3.833030;877;0;-3;1991;1094;95.08;97.57;;;
36.952640;-3.833223;877;0;-3;1991;1094;95.1;97.55;;;
36.952717;-3.833426;876;0;-3;1991;1094;95.12;97.53;;;
36.952781;-3.833636;876;0;-3;1991;1094;95.14;97.51;;;
36.952830;-3.833853;875;0;-3;1991;1094;95.16;97.49;;;
36.952852;-3.834075;875;0;-3;1991;1094;95.18;97.47;;;
36.952868;-3.834300;874;0;-3;1991;1094;95.2;97.45;;;
36.952883;-3.834524;874;0;-2;1991;1094;95.22;97.43;;;
36.952914;-3.834745;873;0;-2;1991;1094;95.24;97.41;;;
36.952951;-3.834965;873;0;-2;1991;1094;95.26;97.39;;;
36.953000;-3.835182;872;0;-2;1991;1094;95.28;97.37;;;
36.953059;-3.835394;872;0;-2;1991;1094;95.3;97.35;;;
36.953132;-3.835600;871;0;-2;1991;1094;95.32;97.33;;;
36.953208;-3.835804;871;0;-2;1991;1094;95.34;97.31;;;
36.953283;-3.836008;870;0;-2;1991;1094;95.36;97.29;;;
36.953359;-3.836212;870;0;-2;1991;1094;95.38;97.27;;;
36.953425;-3.836421;870;0;-2;1991;1094;95.4;97.25;;;
36.953482;-3.836635;869;0;-2;1991;1094;95.42;97.23;;;
36.953512;-3.836856;869;0;-2;1991;1094;95.44;97.21;;;
36.953538;-3.837079;868;0;-2;1991;1094;95.46;97.19;;;
36.953570;-3.837299;868;0;-2;1991;1094;95.48;97.17;;;
36.953633;-3.837511;867;0;-2;1991;1094;95.5;97.15;;;
36.953714;-3.837711;867;0;-2;1991;1094;95.52;97.13;;;
36.953797;-3.837911;866;0;-2;1991;1094;95.54;97.11;;;
36.953889;-3.838104;866;0;-2;1991;1094;95.56;97.09;;;
36.953983;-3.838296;865;0;-2;1991;1094;95.58;97.07;;;
36.954076;-3.838489;865;0;-2;1991;1094;95.6;97.05;;;
36.954169;-3.838681;865;0;-2;1991;1094;95.62;97.03;;;
36.954248;-3.838883;864;0;-2;1991;1094;95.64;97.01;;;
36.954327;-3.839086;864;0;-2;1991;1094;95.66;96.99;;;
36.954403;-3.839290;864;0;-2;1991;1094;95.68;96.97;;;
36.954476;-3.839496;863;0;-2;1991;1094;95.7;96.95;;;
36.954532;-3.839708;863;0;-2;1991;1094;95.72;96.93;;;
36.954576;-3.839927;862;0;-2;1991;1094;95.74;96.91;;;
36.954620;-3.840145;862;0;-2;1991;1094;95.76;96.89;;;
36.954663;-3.840364;862;0;-2;1991;1094;95.78;96.87;;;
36.954719;-3.840577;862;0;-1;1991;1094;95.8;96.85;;;
36.954782;-3.840788;861;0;-1;1991;1094;95.82;96.83;;;
36.954844;-3.840999;861;0;-1;1991;1094;95.84;96.81;;;
36.954907;-3.841210;861;0;-1;1991;1094;95.86;96.79;;;
36.954969;-3.841421;860;0;-1;1991;1094;95.88;96.77;;;
36.955034;-3.841631;860;0;-1;1991;1094;95.9;96.75;;;
36.955110;-3.841835;860;0;-1;1991;1094;95.92;96.73;;;
36.955186;-3.842039;860;0;-1;1991;1094;95.94;96.71;;;
36.955262;-3.842243;860;0;-1;1991;1094;95.96;96.69;;;
36.955349;-3.842440;859;0;-1;1991;1094;95.98;96.67;;;
36.955440;-3.842634;859;0;-1;1991;1094;96;96.65;;;
36.955530;-3.842829;859;0;-1;1991;1094;96.02;96.63;;;
36.955634;-3.843012;859;0;-1;1991;1094;96.04;96.61;;;
36.955741;-3.843193;858;0;-1;1991;1094;96.06;96.59;;;
36.955848;-3.843374;858;0;-1;1991;1094;96.08;96.57;;;
36.955954;-3.843555;858;0;-1;1991;1094;96.1;96.55;;;
36.956062;-3.843736;858;0;-1;1991;1094;96.12;96.53;;;
36.956169;-3.843917;858;0;-1;1991;1094;96.14;96.51;;;
36.956276;-3.844098;858;0;-1;1991;1094;96.16;96.49;;;
36.956373;-3.844286;857;0;-1;1991;1094;96.18;96.47;;;
36.956440;-3.844495;857;0;-1;1991;1094;96.2;96.45;;;
36.956507;-3.844704;857;0;-1;1991;1094;96.22;96.43;;;
36.956572;-3.844913;857;0;-1;1991;1094;96.24;96.41;;;
36.956631;-3.845126;857;0;-1;1991;1094;96.26;96.39;;;
36.956688;-3.845339;857;0;-1;1991;1094;96.28;96.37;;;
36.956700;-3.845564;856;0;-1;1991;1094;96.3;96.35;;;
36.956701;-3.845788;856;0;-1;1991;1094;96.32;96.33;;;
36.956678;-3.846012;856;0;-1;1991;1094;96.34;96.31;;;
36.956655;-3.846235;856;0;0;1991;1094;96.36;96.29;;;
36.956633;-3.846458;856;0;0;1991;1094;96.38;96.27;;;
36.956610;-3.846681;856;0;0;1991;1094;96.4;96.25;;;
36.956587;-3.846905;856;0;0;1991;1094;96.42;96.23;;;
36.956564;-3.847128;856;0;0;1991;1094;96.44;96.21;;;
36.956542;-3.847351;856;0;0;1991;1094;96.46;96.19;;;
36.956519;-3.847574;856;0;0;1991;1094;96.48;96.17;;;
36.956496;-3.847798;856;0;0;1991;1094;96.5;96.15;;;
36.956478;-3.848022;856;0;0;1991;1094;96.52;96.13;;;
36.956459;-3.848246;856;0;0;1991;1094;96.54;96.11;;;
36.956441;-3.848469;855;0;0;1991;1094;96.56;96.09;;;
36.956422;-3.848693;855;0;0;1991;1094;96.58;96.07;;;
36.956403;-3.848917;855;0;0;1991;1094;96.6;96.05;;;
36.956385;-3.849141;855;0;0;1991;1094;96.62;96.03;;;
36.956366;-3.849365;855;0;0;1991;1094;96.64;96.01;;;
36.956347;-3.849589;855;0;0;1991;1094;96.66;95.99;;;
36.956329;-3.849813;855;0;0;1991;1094;96.68;95.97;;;
36.956310;-3.850036;855;0;0;1991;1094;96.7;95.95;;;
36.956291;-3.850260;855;0;0;1991;1094;96.72;95.93;;;
36.956272;-3.850484;855;0;0;1991;1094;96.74;95.91;;;
36.956268;-3.850709;855;0;0;1991;1094;96.76;95.89;;;
36.956276;-3.850933;855;0;0;1991;1094;96.78;95.87;;;
36.956320;-3.851151;855;0;0;1991;1094;96.8;95.85;;;
36.956379;-3.851364;855;0;0;1991;1094;96.82;95.83;;;
36.956437;-3.851576;855;0;0;1991;1094;96.84;95.81;;;
36.956496;-3.851789;855;0;0;1991;1094;96.86;95.79;;;
36.956555;-3.852002;855;0;0;1991;1094;96.88;95.77;;;
36.956614;-3.852215;855;0;0;1991;1094;96.9;95.75;;;
36.956672;-3.852427;855;0;0;1991;1094;96.92;95.73;;;
36.956725;-3.852643;855;0;0;1991;1094;96.94;95.71;;;
36.956775;-3.852859;855;0;0;1991;1094;96.96;95.69;;;
36.956825;-3.853075;855;0;0;1991;1094;96.98;95.67;;;
36.956871;-3.853293;855;0;0;1991;1094;97;95.65;;;
36.956916;-3.853510;855;0;0;1991;1094;97.02;95.63;;;
36.956958;-3.853730;855;0;0;1991;1094;97.04;95.61;;;
36.956998;-3.853949;855;0;0;1991;1094;97.06;95.59;;;
36.957049;-3.854164;855;0;0;1991;1094;97.08;95.57;;;
36.957111;-3.854375;855;0;0;1991;1094;97.1;95.55;25;;
36.957200;-3.854570;855;0;0;1991;1094;97.12;95.53;;;
36.957318;-3.854740;855;0;0;1991;1094;97.14;95.51;;;
36.957443;-3.854902;855;0;0;1991;1094;97.16;95.49;;;
36.957572;-3.855059;855;0;0;1991;1094;97.18;95.47;;;
36.957701;-3.855216;855;0;0;1991;1094;97.2;95.45;;;
36.957829;-3.855373;855;0;0;1991;1094;97.22;95.43;;;
36.957958;-3.855530;855;0;0;1991;1094;97.24;95.41;;;
36.958087;-3.855687;854;0;0;1991;1094;97.26;95.39;;;
36.958216;-3.855844;854;0;0;1991;1094;97.28;95.37;;;
36.958344;-3.856001;854;0;0;1991;1094;97.3;95.35;;;
36.958481;-3.856147;854;0;0;1991;1094;97.32;95.33;;;
36.958623;-3.856286;854;0;0;1991;1094;97.34;95.31;;;
36.958771;-3.856414;854;0;0;1991;1094;97.36;95.29;;;
36.958926;-3.856528;854;0;0;1991;1094;97.38;95.27;;;
36.959082;-3.856639;854;0;0;1991;1094;97.4;95.25;;;
36.959239;-3.856749;854;0;0;1991;1094;97.42;95.23;;;
36.959396;-3.856860;854;0;0;1991;1094;97.44;95.21;;;
36.959552;-3.856970;854;0;0;1991;1094;97.46;95.19;;;
36.959709;-3.857081;854;0;0;1991;1094;97.48;95.17;;;
36.959866;-3.857191;854;0;0;1991;1094;97.5;95.15;;;
36.960022;-3.857302;853;0;-1;1991;1094;97.52;95.13;;;
36.960179;-3.857413;853;0;-1;1991;1094;97.54;95.11;;;
36.960336;-3.857523;853;0;-1;1991;1094;97.56;95.09;;;
36.960499;-3.857615;853;0;-1;1991;1094;97.58;95.07;;;
36.960673;-3.857663;853;0;-1;1991;1094;97.6;95.05;;;
36.960853;-3.857659;853;0;-1;1991;1094;97.62;95.03;;;
36.961032;-3.857644;853;0;-1;1991;1094;97.64;95.01;;;
36.961212;-3.857627;853;0;-1;1991;1094;97.66;94.99;;;
36.961388;-3.857646;852;0;-1;1991;1094;97.68;94.97;;;
36.961562;-3.857706;852;0;-1;1991;1094;97.7;94.95;;;
36.961735;-3.857765;852;0;-1;1991;1094;97.72;94.93;;;
36.961909;-3.857824;852;0;-1;1991;1094;97.74;94.91;;;
36.962083;-3.857879;852;0;-1;1991;1094;97.76;94.89;;;
36.962259;-3.857923;851;0;-1;1991;1094;97.78;94.87;;;
36.962436;-3.857964;851;0;-1;1991;1094;97.8;94.85;;;
36.962615;-3.857987;851;0;-1;1991;1094;97.82;94.83;;;
36.962794;-3.857977;850;0;-1;1991;1094;97.84;94.81;;;
36.962974;-3.857968;850;0;-1;1991;1094;97.86;94.79;;;
36.963154;-3.857958;850;0;-1;1991;1094;97.88;94.77;;;
36.963333;-3.857978;850;0;-2;1991;1094;97.9;94.75;;;
36.963512;-3.857999;849;0;-2;1991;1094;97.92;94.73;;;
36.963689;-3.858037;849;0;-2;1991;1094;97.94;94.71;;;
36.963863;-3.858095;848;0;-2;1991;1094;97.96;94.69;;;
36.964030;-3.858177;848;0;-2;1991;1094;97.98;94.67;;;
36.964187;-3.858284;848;0;-2;1991;1094;98;94.65;;;
36.964345;-3.858392;847;0;-2;1991;1094;98.02;94.63;;;
36.964493;-3.858521;847;0;-2;1991;1094;98.04;94.61;;;
36.964638;-3.858653;847;0;-2;1991;1094;98.06;94.59;;;
36.964784;-3.858785;847;0;-2;1991;1094;98.08;94.57;;;
36.964930;-3.858918;846;0;-1;1991;1094;98.1;94.55;;;
36.965075;-3.859050;846;0;-1;1991;1094;98.12;94.53;;;
36.965221;-3.859182;846;0;-2;1991;1094;98.14;94.51;;;
36.965366;-3.859314;845;0;-2;1991;1094;98.16;94.49;;;
36.965512;-3.859446;845;0;-2;1991;1094;98.18;94.47;;;
36.965658;-3.859578;845;0;-2;1991;1094;98.2;94.45;;;
36.965803;-3.859710;844;0;-2;1991;1094;98.22;94.43;;;
36.965949;-3.859842;844;0;-2;1991;1094;98.24;94.41;;;
36.966094;-3.859975;844;0;-2;1991;1094;98.26;94.39;;;
36.966240;-3.860107;843;0;-2;1991;1094;98.28;94.37;;;
36.966386;-3.860239;843;0;-1;1991;1094;98.3;94.35;;;
36.966531;-3.860371;843;0;-1;1991;1094;98.32;94.33;;;
36.966677;-3.860503;843;0;-1;1991;1094;98.34;94.31;;;
36.966823;-3.860635;842;0;-1;1991;1094;98.36;94.29;;;
36.966968;-3.860767;842;0;-1;1991;1094;98.38;94.27;;;
36.967114;-3.860900;842;0;-1;1991;1094;98.4;94.25;;;
36.967259;-3.861032;841;0;-1;1991;1094;98.42;94.23;;;
36.967405;-3.861164;841;0;-1;1991;1094;98.44;94.21;;;
36.967551;-3.861296;841;0;-1;1991;1094;98.46;94.19;;;
36.967697;-3.861427;841;0;-2;1991;1094;98.48;94.17;;;
36.967844;-3.861557;840;0;-1;1991;1094;98.5;94.15;;;
36.967995;-3.861677;840;0;-1;1991;1094;98.52;94.13;;;
36.968165;-3.861751;840;0;-1;1991;1094;98.54;94.11;;;
36.968338;-3.861811;839;0;-1;1991;1094;98.56;94.09;;;
36.968511;-3.861871;839;0;-1;1991;1094;98.58;94.07;;;
36.968685;-3.861931;839;0;-1;1991;1094;98.6;94.05;;;
36.968858;-3.861991;839;0;-1;1991;1094;98.62;94.03;;;
36.969018;-3.862092;839;0;-1;1991;1094;98.64;94.01;;;
36.969177;-3.862199;838;0;-1;1991;1094;98.66;93.99;;;
36.969335;-3.862306;838;0;-1;1991;1094;98.68;93.97;;;
36.969493;-3.862413;838;0;-1;1991;1094;98.7;93.95;;;
36.969652;-3.862519;838;0;-1;1991;1094;98.72;93.93;;;
36.969815;-3.862609;838;0;-1;1991;1094;98.74;93.91;;;
36.969991;-3.862652;837;0;-1;1991;1094;98.76;93.89;;;
36.970169;-3.862672;837;0;-1;1991;1094;98.78;93.87;;;
36.970345;-3.862629;837;0;-1;1991;1094;98.8;93.85;;;
36.970520;-3.862577;837;0;-1;1991;1094;98.82;93.83;;;
36.970696;-3.862570;837;0;-1;1991;1094;98.84;93.81;;;
36.970860;-3.862651;837;0;0;1991;1094;98.86;93.79;;;
36.970991;-3.862805;837;0;0;1991;1094;98.88;93.77;;;
36.971103;-3.862980;837;0;0;1991;1094;98.9;93.75;;;
36.971193;-3.863175;837;0;0;1991;1094;98.92;93.73;;;
36.971281;-3.863371;837;0;0;1991;1094;98.94;93.71;;;
36.971370;-3.863567;837;0;0;1991;1094;98.96;93.69;;;
36.971459;-3.863763;837;0;0;1991;1094;98.98;93.67;;;
36.971548;-3.863958;837;0;0;1991;1094;99;93.65;;;
36.971636;-3.864154;837;0;0;1991;1094;99.02;93.63;;;
36.971753;-3.864326;837;0;0;1991;1094;99.04;93.61;;;
36.971884;-3.864479;837;0;1;1991;1094;99.06;93.59;;;
36.972030;-3.864608;837;0;1;1991;1094;99.08;93.57;;;
36.972201;-3.864676;837;0;1;1991;1094;99.1;93.55;;;
36.972371;-3.864746;837;0;2;1992;1093;99.12;93.53;;;
36.972511;-3.864885;838;0;2;1992;1093;99.14;93.51;;;
36.972599;-3.865078;838;0;2;1993;1092;99.16;93.49;;;
36.972645;-3.865293;839;0;3;1993;1092;99.18;93.47;;;
36.972611;-3.865512;839;0;3;1994;1091;99.2;93.45;;;
36.972566;-3.865730;840;0;3;1994;1091;99.22;93.43;;;
36.972548;-3.865952;841;0;3;1995;1090;99.24;93.41;;;
36.972568;-3.866175;841;0;3;1995;1090;99.26;93.39;;;
36.972617;-3.866390;842;0;3;1996;1089;99.28;93.37;;;
36.972684;-3.866599;842;0;4;1997;1088;99.3;93.35;;;
36.972750;-3.866809;843;0;4;1997;1088;99.32;93.33;;;
36.972816;-3.867018;844;0;4;1998;1087;99.34;93.31;;;
36.972883;-3.867227;845;0;4;1999;1086;99.36;93.29;;;
36.972949;-3.867436;846;0;4;2000;1085;99.38;93.27;;;
36.973015;-3.867646;847;0;5;2001;1084;99.4;93.25;;;
36.973104;-3.867839;848;0;5;2002;1083;99.42;93.23;;;
36.973221;-3.868008;848;0;6;2003;1082;99.44;93.21;;;
36.973367;-3.868140;849;0;6;2004;1081;99.46;93.19;;;
36.973539;-3.868176;851;0;6;2005;1080;99.48;93.17;;;
36.973716;-3.868147;853;0;7;2007;1078;99.5;93.15;;;
36.973879;-3.868060;854;0;7;2008;1077;99.52;93.13;;;
36.974019;-3.867919;855;0;7;2010;1075;99.54;93.11;;;
36.974148;-3.867762;857;0;7;2011;1074;99.56;93.09;;;
36.974272;-3.867600;858;0;7;2013;1072;99.58;93.07;;;
36.974366;-3.867408;860;0;7;2014;1071;99.6;93.05;;;
36.974460;-3.867216;861;0;7;2015;1070;99.62;93.03;;;
36.974576;-3.867046;863;0;7;2017;1068;99.64;93.01;;;
36.974732;-3.866939;864;0;7;2018;1067;99.66;92.99;;;
36.974901;-3.866867;865;0;7;2020;1065;99.68;92.97;;;
36.975078;-3.866823;866;0;7;2021;1064;99.7;92.95;;;
36.975235;-3.866719;869;0;7;2023;1062;99.72;92.93;;;
36.975373;-3.866575;870;0;7;2024;1061;99.74;92.91;;;
36.975510;-3.866429;871;0;7;2026;1059;99.76;92.89;;;
36.975661;-3.866311;873;0;7;2027;1058;99.78;92.87;;;
36.975826;-3.866225;874;0;7;2028;1057;99.8;92.85;;;
36.976005;-3.866209;876;0;7;2030;1055;99.82;92.83;;;
36.976182;-3.866247;877;0;7;2031;1054;99.84;92.81;;;
36.976354;-3.866311;879;0;7;2033;1052;99.86;92.79;;;
36.976519;-3.866400;880;0;7;2034;1051;99.88;92.77;;;
36.976684;-3.866490;881;0;7;2036;1049;99.9;92.75;;;
36.976849;-3.866580;883;0;6;2037;1048;99.92;92.73;;;
36.977014;-3.866670;884;0;6;2038;1047;99.94;92.71;;;
36.977178;-3.866760;885;0;6;2039;1046;99.96;92.69;;;
36.977343;-3.866850;886;0;6;2040;1045;99.98;92.67;;;
36.977508;-3.866940;887;0;6;2041;1044;100;92.65;;;
36.977672;-3.867032;889;0;6;2043;1042;100.02;92.63;;;
36.977836;-3.867125;890;0;6;2044;1041;100.04;92.61;;;
36.978000;-3.867217;891;0;6;2045;1040;100.06;92.59;;;
36.978165;-3.867309;893;0;6;2047;1038;100.08;92.57;;;
36.978329;-3.867401;894;0;6;2048;1037;100.1;92.55;;;
36.978493;-3.867493;895;0;7;2049;1036;100.12;92.53;;;
36.978657;-3.867585;896;0;7;2051;1034;100.14;92.51;;;
36.978821;-3.867677;898;0;7;2052;1033;100.16;92.49;;;
36.978993;-3.867743;899;0;7;2053;1032;100.18;92.47;;;
36.979170;-3.867768;900;0;7;2055;1030;100.2;92.45;;;
36.979348;-3.867747;903;0;7;2057;1028;100.22;92.43;;;
36.979513;-3.867657;904;0;7;2058;1027;100.24;92.41;;;
36.979677;-3.867567;905;0;7;2060;1025;100.26;92.39;;;
36.979842;-3.867476;907;0;7;2061;1024;100.28;92.37;;;
36.980010;-3.867400;908;0;6;2062;1023;100.3;92.35;;;
36.980186;-3.867363;909;0;5;2063;1022;100.32;92.33;;;
36.980363;-3.867400;910;0;5;2064;1021;100.34;92.31;;;
36.980540;-3.867447;911;0;4;2065;1020;100.36;92.29;;;
36.980716;-3.867493;912;0;4;2066;1019;100.38;92.27;;;
36.980892;-3.867539;912;0;4;2067;1018;100.4;92.25;;;
36.981068;-3.867585;913;0;3;2067;1018;100.42;92.23;;;
36.981244;-3.867631;914;0;3;2068;1017;100.44;92.21;;;
36.981420;-3.867677;914;0;4;2068;1017;100.46;92.19;;;
36.981596;-3.867722;915;0;4;2069;1016;100.48;92.17;;;
36.981772;-3.867766;916;0;4;2070;1015;100.5;92.15;;;
36.981949;-3.867809;916;0;4;2070;1015;100.52;92.13;;;
36.982080;-3.867952;918;0;4;2072;1013;100.54;92.11;;;
36.982127;-3.868169;918;0;3;2073;1012;100.56;92.09;;;
36.982158;-3.868389;919;0;3;2073;1012;100.58;92.07;;;
36.982096;-3.868595;920;0;2;2074;1011;100.6;92.05;26;;
36.981967;-3.868750;920;0;1;2074;1011;100.62;92.03;;;
36.981833;-3.868899;920;0;1;2074;1011;100.64;92.01;;;
36.981697;-3.869048;920;0;0;2074;1011;100.66;91.99;;;
36.981562;-3.869196;920;0;0;2074;1011;100.68;91.97;;;
36.981426;-3.869344;920;0;0;2074;1011;100.7;91.95;;;
36.981292;-3.869493;920;0;-1;2074;1011;100.72;91.93;;;
36.981157;-3.869642;919;0;-1;2074;1011;100.74;91.91;;;
36.981021;-3.869790;919;0;-1;2074;1011;100.76;91.89;;;
36.980886;-3.869938;919;0;-1;2074;1011;100.78;91.87;;;
36.980752;-3.870088;919;0;-1;2074;1011;100.8;91.85;;;
36.980662;-3.870279;919;0;-2;2074;1011;100.82;91.83;;;
36.980661;-3.870498;918;0;-2;2074;1011;100.84;91.81;;;
36.980750;-3.870691;918;0;-2;2074;1011;100.86;91.79;;;
36.980887;-3.870838;917;0;-2;2074;1011;100.88;91.77;;;
36.981023;-3.870985;917;0;-2;2074;1011;100.9;91.75;;;
36.981159;-3.871132;917;0;-2;2074;1011;100.92;91.73;;;
36.981295;-3.871279;916;0;-2;2074;1011;100.94;91.71;;;
36.981431;-3.871426;916;0;-2;2074;1011;100.96;91.69;;;
36.981568;-3.871574;916;0;-2;2074;1011;100.98;91.67;;;
36.981704;-3.871720;915;0;-2;2074;1011;101;91.65;;;
36.981840;-3.871868;915;0;-2;2074;1011;101.02;91.63;;;
36.981976;-3.872015;914;0;-2;2074;1011;101.04;91.61;;;
36.982113;-3.872162;914;0;-2;2074;1011;101.06;91.59;;;
36.982249;-3.872309;913;0;-3;2074;1011;101.08;91.57;;;
36.982385;-3.872456;913;0;-3;2074;1011;101.1;91.55;;;
36.982522;-3.872602;912;0;-4;2074;1011;101.12;91.53;;;
36.982662;-3.872742;912;0;-5;2074;1011;101.14;91.51;;;
36.982822;-3.872840;911;0;-5;2074;1011;101.16;91.49;;;
36.983000;-3.872841;909;0;-6;2074;1011;101.18;91.47;;;
36.983155;-3.872728;908;0;-6;2074;1011;101.2;91.45;;;
36.983257;-3.872546;906;0;-6;2074;1011;101.22;91.43;;;
36.983315;-3.872333;905;0;-6;2074;1011;101.24;91.41;;;
36.983366;-3.872118;904;0;-5;2074;1011;101.26;91.39;;;
36.983403;-3.871897;904;0;-5;2074;1011;101.28;91.37;;;
36.983439;-3.871676;903;0;-4;2074;1011;101.3;91.35;;;
36.983491;-3.871462;902;0;-4;2074;1011;101.32;91.33;;;
36.983585;-3.871272;901;0;-4;2074;1011;101.34;91.31;;;
36.983699;-3.871099;900;0;-4;2074;1011;101.36;91.29;;;
36.983812;-3.870924;900;0;-4;2074;1011;101.38;91.27;;;
36.983926;-3.870749;899;0;-4;2074;1011;101.4;91.25;;;
36.984040;-3.870575;898;0;-3;2074;1011;101.42;91.23;;;
36.984154;-3.870401;897;0;-3;2074;1011;101.44;91.21;;;
36.984265;-3.870223;897;0;-3;2074;1011;101.46;91.19;;;
36.984368;-3.870040;896;0;-4;2074;1011;101.48;91.17;;;
36.984472;-3.869856;895;0;-4;2074;1011;101.5;91.15;;;
36.984576;-3.869671;895;0;-4;2074;1011;101.52;91.13;;;
36.984679;-3.869487;894;0;-5;2074;1011;101.54;91.11;;;
36.984791;-3.869312;893;0;-5;2074;1011;101.56;91.09;;;
36.984935;-3.869180;892;0;-5;2074;1011;101.58;91.07;;;
36.985092;-3.869071;891;0;-6;2074;1011;101.6;91.05;;;
36.985267;-3.869050;889;0;-6;2074;1011;101.62;91.03;;;
36.985445;-3.869085;888;0;-6;2074;1011;101.64;91.01;;;
36.985621;-3.869130;887;0;-6;2074;1011;101.66;90.99;;;
36.985763;-3.869266;886;0;-5;2074;1011;101.68;90.97;;;
36.985879;-3.869438;884;0;-5;2074;1011;101.7;90.95;;;
36.985987;-3.869617;884;0;-5;2074;1011;101.72;90.93;;;
36.986096;-3.869797;883;0;-4;2074;1011;101.74;90.91;;;
36.986204;-3.869977;882;0;-4;2074;1011;101.76;90.89;;;
36.986313;-3.870156;881;0;-4;2074;1011;101.78;90.87;;;
36.986421;-3.870336;881;0;-4;2074;1011;101.8;90.85;;;
36.986529;-3.870515;880;0;-4;2074;1011;101.82;90.83;;;
36.986638;-3.870695;879;0;-4;2074;1011;101.84;90.81;;;
36.986747;-3.870875;879;0;-3;2074;1011;101.86;90.79;;;
36.986855;-3.871054;878;0;-3;2074;1011;101.88;90.77;;;
36.986964;-3.871233;877;0;-3;2074;1011;101.9;90.75;;;
36.987072;-3.871413;876;0;-3;2074;1011;101.92;90.73;;;
36.987181;-3.871593;876;0;-3;2074;1011;101.94;90.71;;;
36.987289;-3.871772;875;0;-3;2074;1011;101.96;90.69;;;
36.987398;-3.871952;874;0;-4;2074;1011;101.98;90.67;;;
36.987506;-3.872132;874;0;-4;2074;1011;102;90.65;;;
36.987633;-3.872291;873;0;-4;2074;1011;102.02;90.63;;;
36.987785;-3.872387;872;0;-4;2074;1011;102.04;90.61;;;
36.987963;-3.872381;871;0;-4;2074;1011;102.06;90.59;;;
36.988118;-3.872269;871;0;-4;2074;1011;102.08;90.57;;;
36.988225;-3.872095;869;0;-4;2074;1011;102.1;90.55;;;
36.988267;-3.871877;869;0;-4;2074;1011;102.12;90.53;;;
36.988287;-3.871653;868;0;-4;2074;1011;102.14;90.51;;;
36.988378;-3.871466;867;0;-4;2074;1011;102.16;90.49;;;
36.988521;-3.871333;867;0;-4;2074;1011;102.18;90.47;;;
36.988696;-3.871328;866;0;-4;2074;1011;102.2;90.45;;;
36.988855;-3.871410;865;0;-4;2074;1011;102.22;90.43;;;
36.988969;-3.871583;864;0;-4;2074;1011;102.24;90.41;;;
36.989036;-3.871791;863;0;-3;2074;1011;102.26;90.39;;;
36.989091;-3.872005;863;0;-3;2074;1011;102.28;90.37;;;
36.989146;-3.872220;862;0;-3;2074;1011;102.3;90.35;;;
36.989202;-3.872434;862;0;-3;2074;1011;102.32;90.33;;;
36.989257;-3.872648;861;0;-3;2074;1011;102.34;90.31;;;
36.989323;-3.872857;861;0;-3;2074;1011;102.36;90.29;;;
36.989395;-3.873064;860;0;-2;2074;1011;102.38;90.27;;;
36.989479;-3.873262;860;0;-2;2074;1011;102.4;90.25;;;
36.989582;-3.873447;859;0;-2;2074;1011;102.42;90.23;;;
36.989684;-3.873632;859;0;-2;2074;1011;102.44;90.21;;;
36.989800;-3.873804;858;0;-2;2074;1011;102.46;90.19;;;
36.989919;-3.873973;858;0;-2;2074;1011;102.48;90.17;;;
36.990037;-3.874142;857;0;-2;2074;1011;102.5;90.15;;;
36.990156;-3.874312;857;0;-2;2074;1011;102.52;90.13;;;
36.990274;-3.874481;857;0;-2;2074;1011;102.54;90.11;;;
36.990393;-3.874651;856;0;-2;2074;1011;102.56;90.09;;;
36.990511;-3.874820;856;0;-2;2074;1011;102.58;90.07;;;
36.990630;-3.874989;856;0;-2;2074;1011;102.6;90.05;;;
36.990749;-3.875158;855;0;-2;2074;1011;102.62;90.03;;;
36.990867;-3.875328;855;0;-2;2074;1011;102.64;90.01;;;
36.990986;-3.875497;855;0;-2;2074;1011;102.66;89.99;;;
36.991104;-3.875666;854;0;-2;2074;1011;102.68;89.97;;;
36.991223;-3.875836;854;0;-2;2074;1011;102.7;89.95;;;
36.991341;-3.876005;854;0;-2;2074;1011;102.72;89.93;;;
36.991460;-3.876175;853;0;-2;2074;1011;102.74;89.91;;;
36.991577;-3.876345;853;0;-2;2074;1011;102.76;89.89;;;
36.991694;-3.876516;853;0;-2;2074;1011;102.78;89.87;;;
36.991811;-3.876687;852;0;-2;2074;1011;102.8;89.85;;;
36.991929;-3.876858;852;0;-2;2074;1011;102.82;89.83;;;
36.992046;-3.877028;851;0;-2;2074;1011;102.84;89.81;;;
36.992163;-3.877200;851;0;-2;2074;1011;102.86;89.79;;;
36.992280;-3.877370;851;0;-2;2074;1011;102.88;89.77;;;
36.992398;-3.877541;850;0;-2;2074;1011;102.9;89.75;;;
36.992514;-3.877712;850;0;-2;2074;1011;102.92;89.73;;;
36.992632;-3.877883;849;0;-2;2074;1011;102.94;89.71;;;
36.992749;-3.878054;849;0;-2;2074;1011;102.96;89.69;;;
36.992866;-3.878225;849;0;-2;2074;1011;102.98;89.67;;;
36.992982;-3.878397;848;0;-2;2074;1011;103;89.65;;;
36.993098;-3.878569;848;0;-2;2074;1011;103.02;89.63;;;
36.993214;-3.878741;848;0;-2;2074;1011;103.04;89.61;;;
36.993330;-3.878913;847;0;-2;2074;1011;103.06;89.59;;;
36.993446;-3.879085;847;0;-2;2074;1011;103.08;89.57;;;
36.993562;-3.879257;847;0;-2;2074;1011;103.1;89.55;;;
36.993678;-3.879430;846;0;-2;2074;1011;103.12;89.53;;;
36.993794;-3.879602;846;0;-2;2074;1011;103.14;89.51;;;
36.993906;-3.879777;846;0;-1;2074;1011;103.16;89.49;;;
36.994017;-3.879954;845;0;-1;2074;1011;103.18;89.47;;;
36.994128;-3.880132;845;0;-1;2074;1011;103.2;89.45;;;
36.994239;-3.880309;845;0;-1;2074;1011;103.22;89.43;;;
36.994350;-3.880486;845;0;-1;2074;1011;103.24;89.41;;;
36.994461;-3.880664;844;0;-1;2074;1011;103.26;89.39;;;
36.994572;-3.880841;844;0;-1;2074;1011;103.28;89.37;;;
36.994683;-3.881018;844;0;-1;2074;1011;103.3;89.35;;;
36.994794;-3.881195;844;0;-1;2074;1011;103.32;89.33;;;
36.994905;-3.881373;843;0;-1;2074;1011;103.34;89.31;;;
36.994994;-3.881568;843;0;-1;2074;1011;103.36;89.29;;;
36.995082;-3.881765;843;0;-1;2074;1011;103.38;89.27;;;
36.995159;-3.881968;842;0;-1;2074;1011;103.4;89.25;;;
36.995223;-3.882178;842;0;-1;2074;1011;103.42;89.23;;;
36.995287;-3.882388;842;0;-1;2074;1011;103.44;89.21;;;
36.995352;-3.882598;842;0;-1;2074;1011;103.46;89.19;;;
36.995416;-3.882809;841;0;-1;2074;1011;103.48;89.17;;;
36.995481;-3.883019;841;0;-1;2074;1011;103.5;89.15;;;
36.995545;-3.883229;841;0;-1;2074;1011;103.52;89.13;;;
36.995609;-3.883439;841;0;-1;2074;1011;103.54;89.11;;;
36.995673;-3.883650;841;0;-1;2074;1011;103.56;89.09;;;
36.995736;-3.883861;840;0;-1;2074;1011;103.58;89.07;;;
36.995799;-3.884072;840;0;-1;2074;1011;103.6;89.05;;;
36.995862;-3.884283;840;0;-1;2074;1011;103.62;89.03;;;
36.995924;-3.884494;840;0;-1;2074;1011;103.64;89.01;;;
36.995987;-3.884705;840;0;-1;2074;1011;103.66;88.99;;;
36.996050;-3.884916;840;0;-1;2074;1011;103.68;88.97;;;
36.996113;-3.885127;840;0;-1;2074;1011;103.7;88.95;;;
36.996175;-3.885338;840;0;-1;2074;1011;103.72;88.93;;;
36.996238;-3.885549;839;0;-1;2074;1011;103.74;88.91;;;
36.996301;-3.885760;839;0;-1;2074;1011;103.76;88.89;;;
36.996364;-3.885971;839;0;-1;2074;1011;103.78;88.87;;;
36.996426;-3.886183;839;0;-1;2074;1011;103.8;88.85;;;
36.996489;-3.886394;839;0;0;2074;1011;103.82;88.83;;;
36.996552;-3.886605;839;0;0;2074;1011;103.84;88.81;;;
36.996615;-3.886816;839;0;0;2074;1011;103.86;88.79;;;
36.996677;-3.887027;839;0;0;2074;1011;103.88;88.77;;;
36.996740;-3.887238;839;0;0;2074;1011;103.9;88.75;;;
36.996803;-3.887449;839;0;0;2074;1011;103.92;88.73;;;
36.996871;-3.887657;838;0;0;2074;1011;103.94;88.71;;;
36.996949;-3.887860;838;0;0;2074;1011;103.96;88.69;;;
36.997046;-3.888050;838;0;0;2074;1011;103.98;88.67;;;
36.997142;-3.888240;838;0;0;2074;1011;104;88.65;;;
36.997239;-3.888430;838;0;0;2074;1011;104.02;88.63;;;
36.997336;-3.888620;838;0;0;2074;1011;104.04;88.61;;;
36.997432;-3.888810;838;0;0;2074;1011;104.06;88.59;;;
36.997528;-3.889000;838;0;-1;2074;1011;104.08;88.57;;;
36.997658;-3.889151;838;0;-1;2074;1011;104.1;88.55;;;
36.997813;-3.889263;838;0;-1;2074;1011;104.12;88.53;;;
36.997975;-3.889363;837;0;-1;2074;1011;104.14;88.51;;;
36.998136;-3.889462;837;0;-1;2074;1011;104.16;88.49;;;
36.998299;-3.889557;837;0;-1;2074;1011;104.18;88.47;;;
36.998462;-3.889652;837;0;-1;2074;1011;104.2;88.45;;;
36.998497;-3.889836;837;0;-1;2074;1011;104.22;88.43;;;
36.998412;-3.890035;836;0;-1;2074;1011;104.24;88.41;;;
36.998302;-3.890211;836;0;-1;2074;1011;104.26;88.39;;;
36.998186;-3.890383;836;0;-1;2074;1011;104.28;88.37;;;
36.998070;-3.890556;836;0;-1;2074;1011;104.3;88.35;27;;
36.997953;-3.890727;836;0;-1;2074;1011;104.32;88.33;;;
36.997837;-3.890899;835;0;-1;2074;1011;104.34;88.31;;;
36.997721;-3.891071;835;0;-1;2074;1011;104.36;88.29;;;
36.997605;-3.891243;835;0;-1;2074;1011;104.38;88.27;;;
36.997489;-3.891415;835;0;-1;2074;1011;104.4;88.25;;;
36.997372;-3.891587;834;0;-1;2074;1011;104.42;88.23;;;
36.997246;-3.891748;834;0;-2;2074;1011;104.44;88.21;;;
36.997099;-3.891877;834;0;-2;2074;1011;104.46;88.19;;;
36.996945;-3.891993;833;0;-2;2074;1011;104.48;88.17;;;
36.996791;-3.892109;833;0;-2;2074;1011;104.5;88.15;;;
36.996637;-3.892224;833;0;-2;2074;1011;104.52;88.13;;;
36.996492;-3.892355;832;0;-1;2074;1011;104.54;88.11;;;
36.996363;-3.892512;832;0;-1;2074;1011;104.56;88.09;;;
36.996255;-3.892690;832;0;-1;2074;1011;104.58;88.07;;;
36.996172;-3.892889;832;0;-1;2074;1011;104.6;88.05;;;
36.996108;-3.893099;832;0;-1;2074;1011;104.62;88.03;;;
36.996069;-3.893319;832;0;0;2074;1011;104.64;88.01;;;
36.996070;-3.893542;832;0;0;2074;1011;104.66;87.99;;;
36.996092;-3.893765;831;0;0;2074;1011;104.68;87.97;;;
36.996143;-3.893981;831;0;0;2074;1011;104.7;87.95;;;
36.996221;-3.894183;831;0;0;2074;1011;104.72;87.93;;;
36.996323;-3.894367;831;0;0;2074;1011;104.74;87.91;;;
36.996458;-3.894515;831;0;0;2074;1011;104.76;87.89;;;
36.996604;-3.894647;831;0;0;2074;1011;104.78;87.87;;;
36.996760;-3.894759;832;0;1;2074;1011;104.8;87.85;;;
36.996925;-3.894847;832;0;1;2075;1010;104.82;87.83;;;
36.997091;-3.894935;832;0;1;2075;1010;104.84;87.81;;;
36.997256;-3.895024;832;0;1;2075;1010;104.86;87.79;;;
36.997406;-3.895140;833;0;1;2075;1010;104.88;87.77;;;
36.997522;-3.895312;833;0;2;2076;1009;104.9;87.75;;;
36.997627;-3.895494;833;0;2;2076;1009;104.92;87.73;;;
36.997732;-3.895677;833;0;2;2076;1009;104.94;87.71;;;
36.997837;-3.895860;834;0;2;2077;1008;104.96;87.69;;;
36.997942;-3.896043;834;0;2;2077;1008;104.98;87.67;;;
36.998047;-3.896226;835;0;2;2077;1008;105;87.65;;;
36.998152;-3.896409;835;0;2;2078;1007;105.02;87.63;;;
36.998257;-3.896592;836;0;2;2078;1007;105.04;87.61;;;
36.998362;-3.896774;836;0;2;2079;1006;105.06;87.59;;;
36.998467;-3.896957;836;0;2;2079;1006;105.08;87.57;;;
36.998572;-3.897140;837;0;3;2080;1005;105.1;87.55;;;
36.998677;-3.897323;837;0;3;2080;1005;105.12;87.53;;;
36.998782;-3.897506;838;0;3;2081;1004;105.14;87.51;;;
36.998887;-3.897689;839;0;3;2081;1004;105.16;87.49;;;
36.998991;-3.897872;839;0;3;2082;1003;105.18;87.47;;;
36.999095;-3.898056;840;0;3;2083;1002;105.2;87.45;;;
36.999196;-3.898242;840;0;3;2083;1002;105.22;87.43;;;
36.999298;-3.898428;841;0;4;2084;1001;105.24;87.41;;;
36.999399;-3.898614;842;0;4;2084;1001;105.26;87.39;;;
36.999491;-3.898805;842;0;4;2085;1000;105.28;87.37;;;
36.999517;-3.899027;843;0;4;2086;999;105.3;87.35;;;
36.999478;-3.899246;844;0;4;2087;998;105.32;87.33;;;
36.999401;-3.899450;845;0;4;2088;997;105.34;87.31;;;
36.999325;-3.899654;845;0;4;2088;997;105.36;87.29;;;
36.999248;-3.899858;846;0;3;2089;996;105.38;87.27;;;
36.999172;-3.900062;847;0;3;2089;996;105.4;87.25;;;
36.999096;-3.900266;847;0;3;2090;995;105.42;87.23;;;
36.999019;-3.900469;848;0;4;2091;994;105.44;87.21;;;
36.998956;-3.900680;849;0;4;2091;994;105.46;87.19;;;
36.998922;-3.900898;850;0;4;2092;993;105.48;87.17;;;
36.998945;-3.901121;850;0;4;2093;992;105.5;87.15;;;
36.998967;-3.901345;851;0;4;2094;991;105.52;87.13;;;
36.998990;-3.901568;852;0;4;2095;990;105.54;87.11;;;
36.999011;-3.901792;853;0;4;2095;990;105.56;87.09;;;
36.999033;-3.902015;854;0;4;2096;989;105.58;87.07;;;
36.999056;-3.902239;854;0;4;2097;988;105.6;87.05;;;
36.999079;-3.902462;855;0;4;2098;987;105.62;87.03;;;
36.999101;-3.902686;856;0;5;2098;987;105.64;87.01;;;
36.999122;-3.902909;857;0;5;2099;986;105.66;86.99;;;
36.999128;-3.903134;857;0;5;2100;985;105.68;86.97;;;
36.999112;-3.903357;859;0;6;2101;984;105.7;86.95;;;
36.999020;-3.903545;861;0;6;2103;982;105.72;86.93;;;
36.998873;-3.903675;862;0;6;2105;980;105.74;86.91;;;
36.998722;-3.903798;863;0;7;2106;979;105.76;86.89;;;
36.998571;-3.903920;864;0;7;2106;979;105.78;86.87;;;
36.998424;-3.904048;865;0;7;2107;978;105.8;86.85;;;
36.998323;-3.904232;867;0;7;2109;976;105.82;86.83;;;
36.998318;-3.904456;868;0;7;2111;974;105.84;86.81;;;
36.998427;-3.904627;871;0;7;2113;972;105.86;86.79;;;
36.998592;-3.904711;872;0;7;2115;970;105.88;86.77;;;
36.998771;-3.904716;873;0;6;2116;969;105.9;86.75;;;
36.998951;-3.904714;874;0;6;2117;968;105.92;86.73;;;
36.999131;-3.904712;875;0;5;2117;968;105.94;86.71;;;
36.999310;-3.904709;876;0;6;2118;967;105.96;86.69;;;
36.999489;-3.904682;877;0;6;2119;966;105.98;86.67;;;
36.999666;-3.904645;878;0;7;2121;964;106;86.65;;;
36.999845;-3.904622;879;0;7;2122;963;106.02;86.63;;;
37.000020;-3.904654;881;0;7;2124;961;106.04;86.61;;;
37.000153;-3.904802;883;0;6;2126;959;106.06;86.59;;;
37.000236;-3.904999;884;0;6;2127;958;106.08;86.57;;;
37.000291;-3.905213;885;0;6;2128;957;106.1;86.55;;;
37.000344;-3.905428;886;0;5;2129;956;106.12;86.53;;;
37.000398;-3.905643;887;0;4;2129;956;106.14;86.51;;;
37.000453;-3.905858;888;0;4;2130;955;106.16;86.49;;;
37.000507;-3.906073;888;0;4;2131;954;106.18;86.47;;;
37.000597;-3.906257;889;0;4;2132;953;106.2;86.45;;;
37.000737;-3.906397;890;0;4;2133;952;106.22;86.43;;;
37.000899;-3.906495;891;0;4;2133;952;106.24;86.41;;;
37.001062;-3.906589;891;0;4;2134;951;106.26;86.39;;;
37.001223;-3.906686;892;0;4;2135;950;106.28;86.37;;;
37.001337;-3.906861;893;0;4;2135;950;106.3;86.35;;;
37.001451;-3.907035;893;0;4;2136;949;106.32;86.33;;;
37.001565;-3.907210;894;0;4;2137;948;106.34;86.31;;;
37.001679;-3.907384;895;0;4;2138;947;106.36;86.29;;;
37.001788;-3.907563;896;0;4;2138;947;106.38;86.27;;;
37.001897;-3.907742;896;0;3;2139;946;106.4;86.25;;;
37.002005;-3.907922;897;0;3;2140;945;106.42;86.23;;;
37.002114;-3.908101;898;0;3;2140;945;106.44;86.21;;;
37.002189;-3.908306;898;0;3;2141;944;106.46;86.19;;;
37.002262;-3.908512;899;0;3;2142;943;106.48;86.17;;;
37.002333;-3.908719;900;0;3;2142;943;106.5;86.15;;;
37.002381;-3.908935;900;0;3;2143;942;106.52;86.13;;;
37.002428;-3.909153;901;0;3;2144;941;106.54;86.11;;;
37.002522;-3.909342;902;0;3;2145;940;106.56;86.09;;;
37.002629;-3.909523;902;0;3;2145;940;106.58;86.07;;;
37.002735;-3.909705;903;0;3;2146;939;106.6;86.05;;;
37.002793;-3.909917;904;0;3;2146;939;106.62;86.03;;;
37.002844;-3.910133;904;0;3;2147;938;106.64;86.01;;;
37.002895;-3.910349;905;0;3;2148;937;106.66;85.99;;;
37.002947;-3.910565;905;0;3;2148;937;106.68;85.97;;;
37.003010;-3.910774;906;0;3;2149;936;106.7;85.95;;;
37.003121;-3.910943;907;0;3;2150;935;106.72;85.93;;;
37.003278;-3.911051;908;0;3;2150;935;106.74;85.91;;;
37.003445;-3.911132;908;0;3;2151;934;106.76;85.89;;;
37.003622;-3.911172;909;0;3;2152;933;106.78;85.87;;;
37.003800;-3.911201;909;0;3;2152;933;106.8;85.85;;;
37.003978;-3.911230;910;0;3;2153;932;106.82;85.83;;;
37.004155;-3.911275;910;0;3;2153;932;106.84;85.81;;;
37.004325;-3.911344;911;0;3;2154;931;106.86;85.79;;;
37.004485;-3.911445;912;0;3;2154;931;106.88;85.77;;;
37.004646;-3.911545;912;0;3;2155;930;106.9;85.75;;;
37.004807;-3.911646;913;0;3;2156;929;106.92;85.73;;;
37.004968;-3.911747;914;0;3;2156;929;106.94;85.71;;;
37.005129;-3.911848;914;0;3;2157;928;106.96;85.69;;;
37.005289;-3.911949;915;0;3;2157;928;106.98;85.67;;;
37.005450;-3.912050;915;0;3;2158;927;107;85.65;;;
37.005608;-3.912157;916;0;3;2159;926;107.02;85.63;;;
37.005762;-3.912274;916;0;3;2159;926;107.04;85.61;;;
37.005915;-3.912391;917;0;3;2160;925;107.06;85.59;;;
37.006069;-3.912508;917;0;3;2160;925;107.08;85.57;;;
37.006223;-3.912625;918;0;3;2161;924;107.1;85.55;;;
37.006374;-3.912747;918;0;3;2161;924;107.12;85.53;;;
37.006522;-3.912876;919;0;3;2162;923;107.14;85.51;;;
37.006669;-3.913005;920;0;3;2162;923;107.16;85.49;;;
37.006797;-3.913162;920;0;3;2163;922;107.18;85.47;;;
37.006906;-3.913338;921;0;3;2163;922;107.2;85.45;;;
37.006964;-3.913551;921;0;3;2164;921;107.22;85.43;;;
37.007078;-3.913724;922;0;3;2165;920;107.24;85.41;;;
37.007243;-3.913806;923;0;3;2166;919;107.26;85.39;;;
37.007422;-3.913791;924;0;3;2166;919;107.28;85.37;;;
37.007602;-3.913798;924;0;3;2167;918;107.3;85.35;;;
37.007781;-3.913813;925;0;3;2167;918;107.32;85.33;;;
37.007959;-3.913850;925;0;3;2168;917;107.34;85.31;;;
37.008136;-3.913886;926;0;3;2168;917;107.36;85.29;;;
37.008314;-3.913923;926;0;3;2169;916;107.38;85.27;;;
37.008492;-3.913907;927;0;3;2169;916;107.4;85.25;;;
37.008671;-3.913884;927;0;3;2170;915;107.42;85.23;;;
37.008850;-3.913860;928;0;3;2170;915;107.44;85.21;;;
37.009029;-3.913835;928;0;3;2171;914;107.46;85.19;;;
37.009208;-3.913811;929;0;3;2172;913;107.48;85.17;;;
37.009386;-3.913788;929;0;3;2172;913;107.5;85.15;;;
37.009565;-3.913764;930;0;3;2173;912;107.52;85.13;;;
37.009744;-3.913739;930;0;3;2173;912;107.54;85.11;;;
37.009914;-3.913779;931;0;3;2174;911;107.56;85.09;;;
37.010063;-3.913893;931;0;2;2174;911;107.58;85.07;;;
37.010148;-3.914092;932;0;3;2175;910;107.6;85.05;;;
37.010233;-3.914291;932;0;3;2175;910;107.62;85.03;;;
37.010316;-3.914490;933;0;3;2176;909;107.64;85.01;;;
37.010387;-3.914697;933;0;3;2176;909;107.66;84.99;;;
37.010413;-3.914917;934;0;3;2177;908;107.68;84.97;;;
37.010393;-3.915136;934;0;3;2177;908;107.7;84.95;;;
37.010325;-3.915345;935;0;3;2178;907;107.72;84.93;;;
37.010258;-3.915554;936;0;3;2178;907;107.74;84.91;;;
37.010190;-3.915762;936;0;3;2179;906;107.76;84.89;;;
37.010146;-3.915979;937;0;3;2180;905;107.78;84.87;;;
37.010190;-3.916190;938;0;3;2180;905;107.8;84.85;;;
37.010260;-3.916398;938;0;3;2181;904;107.82;84.83;;;
37.010330;-3.916605;938;0;3;2181;904;107.84;84.81;;;
37.010380;-3.916820;939;0;2;2181;904;107.86;84.79;;;
37.010405;-3.917043;939;0;3;2182;903;107.88;84.77;;;
37.010396;-3.917267;940;0;3;2183;902;107.9;84.75;;;
37.010383;-3.917492;940;0;3;2183;902;107.92;84.73;;;
37.010408;-3.917712;941;0;3;2184;901;107.94;84.71;;;
37.010466;-3.917925;942;0;3;2184;901;107.96;84.69;;;
37.010534;-3.918134;942;0;3;2185;900;107.98;84.67;;;
37.010538;-3.918355;943;0;3;2186;899;108;84.65;;;
37.010525;-3.918580;943;0;3;2186;899;108.02;84.63;;;
37.010512;-3.918804;944;0;3;2187;898;108.04;84.61;;;
37.010499;-3.919029;944;0;2;2187;898;108.06;84.59;;;
37.010486;-3.919253;945;0;2;2188;897;108.08;84.57;;;
37.010473;-3.919478;945;0;2;2188;897;108.1;84.55;;;
37.010521;-3.919687;946;0;2;2189;896;108.12;84.53;;;
37.010624;-3.919864;946;0;2;2189;896;108.14;84.51;;;
37.010776;-3.919983;947;0;3;2190;895;108.16;84.49;;;
37.010929;-3.920102;947;0;3;2190;895;108.18;84.47;;;
37.011081;-3.920222;948;0;3;2191;894;108.2;84.45;;;
37.011234;-3.920341;948;0;3;2191;894;108.22;84.43;;;
37.011377;-3.920473;949;0;3;2192;893;108.24;84.41;;;
37.011477;-3.920660;949;0;3;2192;893;108.26;84.39;;;
37.011527;-3.920871;950;0;3;2193;892;108.28;84.37;;;
37.011555;-3.921094;951;0;3;2194;891;108.3;84.35;;;
37.011570;-3.921318;952;0;3;2194;891;108.32;84.33;;;
37.011584;-3.921543;952;0;3;2195;890;108.34;84.31;;;
37.011597;-3.921768;953;0;3;2195;890;108.36;84.29;;;
37.011611;-3.921992;953;0;3;2196;889;108.38;84.27;;;
37.011624;-3.922217;954;0;3;2196;889;108.4;84.25;;;
37.011649;-3.922440;954;0;3;2197;888;108.42;84.23;;;
37.011678;-3.922662;955;0;3;2198;887;108.44;84.21;;;
37.011728;-3.922877;956;0;3;2198;887;108.46;84.19;;;
37.011790;-3.923089;956;0;3;2199;886;108.48;84.17;;;
37.011850;-3.923301;956;0;3;2199;886;108.5;84.15;;;
37.011908;-3.923514;957;0;3;2200;885;108.52;84.13;;;
37.011955;-3.923732;958;0;3;2200;885;108.54;84.11;;;
37.011990;-3.923951;958;0;3;2201;884;108.56;84.09;;;
37.011998;-3.924177;959;0;3;2202;883;108.58;84.07;;;
37.011988;-3.924401;960;0;3;2202;883;108.6;84.05;;;
37.011977;-3.924626;960;0;3;2203;882;108.62;84.03;;;
37.011966;-3.924851;960;0;3;2203;882;108.64;84.01;;;
37.011955;-3.925076;961;0;3;2204;881;108.66;83.99;;;
37.011969;-3.925297;962;0;3;2204;881;108.68;83.97;;;
37.012020;-3.925513;962;0;3;2205;880;108.7;83.95;;;
37.012101;-3.925714;963;0;3;2205;880;108.72;83.93;;;
37.012181;-3.925916;963;0;3;2206;879;108.74;83.91;;;
37.012234;-3.926124;964;0;3;2206;879;108.76;83.89;;;
37.012220;-3.926349;964;0;3;2207;878;108.78;83.87;;;
37.012210;-3.926573;965;0;3;2208;877;108.8;83.85;;;
37.012231;-3.926797;966;0;3;2209;876;108.82;83.83;;;
37.012257;-3.927019;967;0;3;2209;876;108.84;83.81;;;
37.012320;-3.927230;967;0;3;2210;875;108.86;83.79;;;
37.012396;-3.927434;968;0;3;2210;875;108.88;83.77;;;
37.012475;-3.927636;968;0;3;2211;874;108.9;83.75;;;
37.012554;-3.927838;969;0;3;2211;874;108.92;83.73;;;
37.012667;-3.928013;969;0;3;2212;873;108.94;83.71;;;
37.012782;-3.928187;970;0;3;2213;872;108.96;83.69;;;
37.012898;-3.928358;970;0;3;2213;872;108.98;83.67;;;
37.013037;-3.928502;971;0;3;2214;871;109;83.65;;;
37.013176;-3.928645;972;0;3;2215;870;109.02;83.63;;;
37.013337;-3.928738;972;0;3;2215;870;109.04;83.61;;;
37.013507;-3.928810;973;0;3;2216;869;109.06;83.59;;;
37.013678;-3.928882;973;0;3;2216;869;109.08;83.57;;;
37.013825;-3.929004;974;0;3;2217;868;109.1;83.55;;;
37.013961;-3.929152;975;0;3;2217;868;109.12;83.53;;;
37.014098;-3.929297;975;0;3;2218;867;109.14;83.51;;;
37.014239;-3.929437;976;0;3;2219;866;109.16;83.49;;;
37.014381;-3.929576;977;0;3;2219;866;109.18;83.47;;;
37.014522;-3.929716;977;0;3;2220;865;109.2;83.45;;;
37.014663;-3.929855;978;0;3;2220;865;109.22;83.43;;;
37.014804;-3.929995;978;0;3;2221;864;109.24;83.41;;;
37.014966;-3.930074;979;0;3;2222;863;109.26;83.39;;;
37.015144;-3.930104;980;0;3;2222;863;109.28;83.37;;;
37.015323;-3.930128;980;0;3;2223;862;109.3;83.35;;;
37.015500;-3.930149;981;0;4;2224;861;109.32;83.33;;;
37.015676;-3.930200;982;0;3;2225;860;109.34;83.31;;;
37.015851;-3.930251;983;0;3;2225;860;109.36;83.29;;;
37.016029;-3.930264;983;0;3;2226;859;109.38;83.27;;;
37.016209;-3.930257;984;0;3;2226;859;109.4;83.25;;;
37.016389;-3.930250;984;0;3;2227;858;109.42;83.23;;;
37.016567;-3.930226;985;0;3;2228;857;109.44;83.21;;;
37.016738;-3.930175;986;0;3;2228;857;109.46;83.19;;;
37.016869;-3.930021;986;0;3;2229;856;109.48;83.17;;;
37.017001;-3.929867;987;0;3;2229;856;109.5;83.15;;;
37.017134;-3.929717;987;0;3;2230;855;109.52;83.13;;;
37.017311;-3.929676;988;0;3;2230;855;109.54;83.11;;;
37.017478;-3.929716;988;0;3;2231;854;109.56;83.09;;;
37.017620;-3.929845;989;0;3;2232;853;109.58;83.07;;;
37.017723;-3.930030;990;0;4;2232;853;109.6;83.05;;;
37.017776;-3.930244;990;0;4;2233;852;109.62;83.03;;;
37.017825;-3.930461;991;0;4;2234;851;109.64;83.01;;;
37.017898;-3.930666;992;0;4;2235;850;109.66;82.99;;;
37.017979;-3.930867;993;0;4;2236;849;109.68;82.97;;;
37.018067;-3.931063;994;0;4;2237;848;109.7;82.95;;;
37.018159;-3.931257;995;0;4;2237;848;109.72;82.93;;;
37.018250;-3.931451;995;0;4;2238;847;109.74;82.91;;;
37.018397;-3.931578;996;0;4;2239;846;109.76;82.89;;;
37.018565;-3.931651;997;0;4;2240;845;109.78;82.87;;;
37.018740;-3.931700;998;0;4;2241;844;109.8;82.85;;;
37.018918;-3.931730;999;0;4;2242;843;109.82;82.83;;;
37.019097;-3.931757;1000;0;4;2242;843;109.84;82.81;;;
37.019274;-3.931763;1001;0;4;2243;842;109.86;82.79;;;
37.019445;-3.931692;1001;0;4;2244;841;109.88;82.77;;;
37.019615;-3.931621;1002;0;4;2244;841;109.9;82.75;;;
37.019786;-3.931549;1002;0;4;2245;840;109.92;82.73;;;
37.019965;-3.931556;1003;0;4;2246;839;109.94;82.71;;;
37.020115;-3.931661;1004;0;4;2246;839;109.96;82.69;;;
37.020251;-3.931808;1005;0;4;2247;838;109.98;82.67;;;
37.020382;-3.931962;1005;0;4;2248;837;110;82.65;;;
37.020513;-3.932117;1006;0;4;2249;836;110.02;82.63;;;
37.020645;-3.932271;1007;0;4;2250;835;110.04;82.61;;;
37.020776;-3.932425;1008;0;4;2251;834;110.06;82.59;;;
37.020909;-3.932576;1009;0;4;2251;834;110.08;82.57;;;
37.021066;-3.932686;1010;0;4;2252;833;110.1;82.55;;;
37.021238;-3.932747;1010;0;4;2253;832;110.12;82.53;;;
37.021413;-3.932797;1011;0;4;2254;831;110.14;82.51;;;
37.021589;-3.932847;1012;0;4;2255;830;110.16;82.49;;;
37.021764;-3.932896;1013;0;4;2256;829;110.18;82.47;;;
37.021939;-3.932946;1014;0;4;2257;828;110.2;82.45;;;
37.022100;-3.933038;1015;0;4;2257;828;110.22;82.43;;;
37.022248;-3.933165;1016;0;4;2258;827;110.24;82.41;;;
37.022397;-3.933293;1016;0;4;2259;826;110.26;82.39;;;
37.022515;-3.933459;1017;0;5;2260;825;110.28;82.37;;;
37.022622;-3.933640;1018;0;5;2261;824;110.3;82.35;;;
37.022728;-3.933822;1019;0;5;2262;823;110.32;82.33;;;
37.022834;-3.934004;1020;0;5;2263;822;110.34;82.31;;;
37.022941;-3.934185;1021;0;5;2264;821;110.36;82.29;;;
37.023048;-3.934367;1022;0;5;2265;820;110.38;82.27;;;
37.023154;-3.934549;1023;0;5;2266;819;110.4;82.25;;;
37.023295;-3.934681;1024;0;5;2267;818;110.42;82.23;;;
37.023462;-3.934751;1025;0;5;2268;817;110.44;82.21;;;
37.023641;-3.934778;1026;0;4;2268;817;110.46;82.19;;;
37.023819;-3.934805;1027;0;4;2269;816;110.48;82.17;;;
37.023998;-3.934832;1027;0;4;2270;815;110.5;82.15;;;
37.024176;-3.934859;1028;0;4;2271;814;110.52;82.13;;;
37.024355;-3.934878;1029;0;4;2272;813;110.54;82.11;;;
37.024535;-3.934878;1030;0;4;2273;812;110.56;82.09;;;
37.024715;-3.934878;1031;0;4;2273;812;110.58;82.07;;;
37.024895;-3.934881;1031;0;4;2274;811;110.6;82.05;;;
37.025075;-3.934888;1032;0;3;2275;810;110.62;82.03;;;
37.025254;-3.934896;1033;0;3;2275;810;110.64;82.01;;;
37.025434;-3.934888;1033;0;3;2276;809;110.66;81.99;;;
37.025612;-3.934862;1034;0;3;2277;808;110.68;81.97;;;
37.025787;-3.934808;1035;0;3;2277;808;110.7;81.95;;;
37.025964;-3.934770;1035;0;3;2278;807;110.72;81.93;;;
37.026140;-3.934772;1036;0;3;2279;806;110.74;81.91;;;
37.026304;-3.934851;1037;0;3;2279;806;110.76;81.89;;;
37.026432;-3.935009;1037;0;3;2280;805;110.78;81.87;;;
37.026514;-3.935208;1038;0;3;2280;805;110.8;81.85;;;
37.026585;-3.935415;1038;0;3;2281;804;110.82;81.83;;;
37.026651;-3.935624;1039;0;2;2281;804;110.84;81.81;;;
37.026718;-3.935834;1039;0;2;2282;803;110.86;81.79;;;
37.026784;-3.936043;1040;0;2;2282;803;110.88;81.77;;;
37.026850;-3.936252;1040;0;2;2283;802;110.9;81.75;;;
37.026916;-3.936462;1040;0;2;2283;802;110.92;81.73;;;
37.026982;-3.936671;1041;0;2;2283;802;110.94;81.71;;;
37.027049;-3.936881;1041;0;2;2284;801;110.96;81.69;;;
37.027114;-3.937091;1041;0;2;2284;801;110.98;81.67;;;
37.027180;-3.937300;1042;0;2;2284;801;111;81.65;;;
37.027246;-3.937510;1042;0;1;2285;800;111.02;81.63;;;
37.027313;-3.937719;1042;0;1;2285;800;111.04;81.61;;;
37.027379;-3.937929;1043;0;1;2285;800;111.06;81.59;;;
37.027451;-3.938133;1043;0;1;2286;799;111.08;81.57;;;
37.027579;-3.938292;1043;0;1;2286;799;111.1;81.55;;;
37.027722;-3.938426;1043;0;1;2286;799;111.12;81.53;;;
37.027871;-3.938553;1044;0;1;2286;799;111.14;81.51;;;
37.028020;-3.938680;1044;0;1;2286;799;111.16;81.49;;;
37.028168;-3.938807;1044;0;1;2287;798;111.18;81.47;;;
37.028316;-3.938934;1044;0;1;2287;798;111.2;81.45;;;
37.028465;-3.939061;1044;0;1;2287;798;111.22;81.43;;;
37.028614;-3.939188;1044;0;1;2287;798;111.24;81.41;;;
37.028762;-3.939315;1044;0;0;2287;798;111.26;81.39;;;
37.028911;-3.939442;1044;0;0;2287;798;111.28;81.37;;;
37.029059;-3.939569;1045;0;0;2287;798;111.3;81.35;;;
37.029208;-3.939697;1045;0;0;2287;798;111.32;81.33;;;
37.029354;-3.939827;1045;0;0;2287;798;111.34;81.31;;;
37.029481;-3.939986;1045;0;0;2287;798;111.36;81.29;;;
37.029609;-3.940145;1044;0;0;2287;798;111.38;81.27;;;
37.029725;-3.940316;1044;0;-1;2287;798;111.4;81.25;;;
37.029831;-3.940498;1044;0;-1;2287;798;111.42;81.23;;;
37.029937;-3.940680;1044;0;-1;2287;798;111.44;81.21;;;
37.030043;-3.940862;1044;0;-1;2287;798;111.46;81.19;;;
37.030149;-3.941044;1044;0;-1;2287;798;111.48;81.17;;;
37.030264;-3.941217;1044;0;-1;2287;798;111.5;81.15;;;
37.030387;-3.941381;1043;0;-2;2287;798;111.52;81.13;;;
37.030510;-3.941546;1043;0;-2;2287;798;111.54;81.11;;;
37.030633;-3.941710;1043;0;-2;2287;798;111.56;81.09;;;
37.030793;-3.941783;1042;0;-2;2287;798;111.58;81.07;;;
37.030878;-3.941608;1042;0;-2;2287;798;111.6;81.05;;;
37.030925;-3.941391;1041;0;-2;2287;798;111.62;81.03;;;
37.030965;-3.941172;1041;0;-3;2287;798;111.64;81.01;;;
37.031004;-3.940952;1040;0;-2;2287;798;111.66;80.99;;;
37.031043;-3.940732;1040;0;-2;2287;798;111.68;80.97;;;
37.031083;-3.940512;1039;0;-3;2287;798;111.7;80.95;28;;
37.031123;-3.940292;1039;0;-3;2287;798;111.72;80.93;;;
37.031162;-3.940072;1038;0;-3;2287;798;111.74;80.91;;;
37.031201;-3.939852;1038;0;-3;2287;798;111.76;80.89;;;
37.031241;-3.939633;1037;0;-3;2287;798;111.78;80.87;;;
37.031281;-3.939413;1037;0;-3;2287;798;111.8;80.85;;;
37.031320;-3.939193;1036;0;-3;2287;798;111.82;80.83;;;
37.031359;-3.938973;1035;0;-3;2287;798;111.84;80.81;;;
37.031399;-3.938754;1035;0;-3;2287;798;111.86;80.79;;;
37.031439;-3.938534;1034;0;-4;2287;798;111.88;80.77;;;
37.031478;-3.938314;1033;0;-4;2287;798;111.9;80.75;;;
37.031530;-3.938099;1033;0;-4;2287;798;111.92;80.73;;;
37.031596;-3.937890;1032;0;-4;2287;798;111.94;80.71;;;
37.031678;-3.937690;1031;0;-4;2287;798;111.96;80.69;;;
37.031773;-3.937499;1030;0;-4;2287;798;111.98;80.67;;;
37.031887;-3.937325;1029;0;-4;2287;798;112;80.65;;;
37.032008;-3.937159;1029;0;-4;2287;798;112.02;80.63;;;
37.032160;-3.937041;1027;0;-4;2287;798;112.04;80.61;;;
37.032333;-3.936983;1027;0;-4;2287;798;112.06;80.59;;;
37.032513;-3.936978;1026;0;-4;2287;798;112.08;80.57;;;
37.032693;-3.936978;1025;0;-5;2287;798;112.1;80.55;;;
37.032869;-3.936943;1024;0;-5;2287;798;112.12;80.53;;;
37.033042;-3.936881;1023;0;-5;2287;798;112.14;80.51;;;
37.033215;-3.936819;1022;0;-6;2287;798;112.16;80.49;;;
37.033392;-3.936796;1021;0;-6;2287;798;112.18;80.47;;;
37.033569;-3.936827;1020;0;-6;2287;798;112.2;80.45;;;
37.033675;-3.936656;1017;0;-6;2287;798;112.22;80.43;;;
37.033628;-3.936442;1016;0;-6;2287;798;112.24;80.41;;;
37.033557;-3.936235;1015;0;-6;2287;798;112.26;80.39;;;
37.033532;-3.936013;1014;0;-6;2287;798;112.28;80.37;;;
37.033542;-3.935789;1013;0;-5;2287;798;112.3;80.35;;;
37.033548;-3.935566;1012;0;-4;2287;798;112.32;80.33;;;
37.033485;-3.935358;1011;0;-5;2287;798;112.34;80.31;;;
37.033378;-3.935177;1010;0;-5;2287;798;112.36;80.29;;;
37.033271;-3.934995;1010;0;-6;2287;798;112.38;80.27;;;
37.033152;-3.934828;1009;0;-6;2287;798;112.4;80.25;;;
37.033004;-3.934704;1007;0;-7;2287;798;112.42;80.23;;;
37.032844;-3.934601;1006;0;-7;2287;798;112.44;80.21;;;
37.032699;-3.934470;1004;0;-7;2287;798;112.46;80.19;;;
37.032632;-3.934262;1002;0;-7;2287;798;112.48;80.17;;;
37.032622;-3.934039;1001;0;-7;2287;798;112.5;80.15;;;
37.032627;-3.933814;1000;0;-7;2287;798;112.52;80.13;;;
37.032649;-3.933590;999;0;-6;2287;798;112.54;80.11;;;
37.032684;-3.933370;998;0;-6;2287;798;112.56;80.09;;;
37.032825;-3.933258;996;0;-6;2287;798;112.58;80.07;;;
37.032998;-3.933198;995;0;-6;2287;798;112.6;80.05;;;
37.033165;-3.933123;994;0;-6;2287;798;112.62;80.03;;;
37.033274;-3.932951;992;0;-6;2287;798;112.64;80.01;;;
37.033321;-3.932733;991;0;-6;2287;798;112.66;79.99;;;
37.033367;-3.932515;990;0;-6;2287;798;112.68;79.97;;;
37.033438;-3.932309;989;0;-6;2287;798;112.7;79.95;;;
37.033510;-3.932102;988;0;-6;2287;798;112.72;79.93;;;
37.033537;-3.931882;987;0;-6;2287;798;112.74;79.91;;;
37.033486;-3.931666;986;0;-6;2287;798;112.76;79.89;;;
37.033436;-3.931449;985;0;-6;2287;798;112.78;79.87;;;
37.033416;-3.931229;983;0;-5;2287;798;112.8;79.85;;;
37.033465;-3.931014;982;0;-5;2287;798;112.82;79.83;;;
37.033566;-3.930828;981;0;-6;2287;798;112.84;79.81;;;
37.033667;-3.930641;980;0;-6;2287;798;112.86;79.79;;;
37.033768;-3.930454;979;0;-5;2287;798;112.88;79.77;;;
37.033868;-3.930267;978;0;-5;2287;798;112.9;79.75;;;
37.034029;-3.930201;977;0;-5;2287;798;112.92;79.73;;;
37.034205;-3.930223;976;0;-5;2287;798;112.94;79.71;;;
37.034344;-3.930361;975;0;-5;2287;798;112.96;79.69;;;
37.034432;-3.930557;974;0;-5;2287;798;112.98;79.67;;;
37.034503;-3.930764;973;0;-5;2287;798;113;79.65;;;
37.034574;-3.930971;972;0;-5;2287;798;113.02;79.63;;;
37.034662;-3.931166;971;0;-5;2287;798;113.04;79.61;;;
37.034794;-3.931315;969;0;-5;2287;798;113.06;79.59;;;
37.034970;-3.931351;968;0;-6;2287;798;113.08;79.57;;;
37.035134;-3.931281;967;0;-6;2287;798;113.1;79.55;;;
37.035282;-3.931153;966;0;-6;2287;798;113.12;79.53;;;
37.035438;-3.931046;965;0;-6;2287;798;113.14;79.51;;;
37.035614;-3.931028;963;0;-5;2287;798;113.16;79.49;;;
37.035786;-3.931091;962;0;-5;2287;798;113.18;79.47;;;
37.035959;-3.931156;962;0;-6;2287;798;113.2;79.45;;;
37.036131;-3.931221;961;0;-6;2287;798;113.22;79.43;;;
37.036304;-3.931254;960;0;-6;2287;798;113.24;79.41;;;
37.036464;-3.931170;958;0;-6;2287;798;113.26;79.39;;;
37.036565;-3.930985;957;0;-6;2287;798;113.28;79.37;;;
37.036661;-3.930793;956;0;-6;2287;798;113.3;79.35;;;
37.036734;-3.930589;955;0;-6;2287;798;113.32;79.33;;;
37.036785;-3.930373;954;0;-5;2287;798;113.34;79.31;;;
37.036828;-3.930155;953;0;-5;2287;798;113.36;79.29;;;
37.036893;-3.929945;952;0;-5;2287;798;113.38;79.27;;;
37.036957;-3.929734;951;0;-5;2287;798;113.4;79.25;;;
37.037020;-3.929523;950;0;-5;2287;798;113.42;79.23;;;
37.037084;-3.929313;949;0;-5;2287;798;113.44;79.21;;;
37.037144;-3.929100;948;0;-6;2287;798;113.46;79.19;;;
37.037201;-3.928887;947;0;-6;2287;798;113.48;79.17;;;
37.037258;-3.928673;946;0;-6;2287;798;113.5;79.15;;;
37.037315;-3.928459;945;0;-6;2287;798;113.52;79.13;;;
37.037448;-3.928317;943;0;-6;2287;798;113.54;79.11;;;
37.037623;-3.928303;941;0;-6;2287;798;113.56;79.09;;;
37.037797;-3.928364;940;0;-6;2287;798;113.58;79.07;;;
37.037968;-3.928433;939;0;-6;2287;798;113.6;79.05;;;
37.038139;-3.928502;938;0;-5;2287;798;113.62;79.03;;;
37.038310;-3.928543;937;0;-5;2287;798;113.64;79.01;;;
37.038478;-3.928465;936;0;-5;2287;798;113.66;78.99;;;
37.038651;-3.928404;935;0;-5;2287;798;113.68;78.97;;;
37.038826;-3.928407;934;0;-5;2287;798;113.7;78.95;;;
37.038995;-3.928476;934;0;-5;2287;798;113.72;78.93;;;
37.039118;-3.928639;932;0;-6;2287;798;113.74;78.91;;;
37.039221;-3.928823;931;0;-6;2287;798;113.76;78.89;;;
37.039324;-3.929008;931;0;-6;2287;798;113.78;78.87;;;
37.039451;-3.929160;929;0;-5;2287;798;113.8;78.85;;;
37.039630;-3.929178;927;0;-5;2287;798;113.82;78.83;;;
37.039796;-3.929096;926;0;-5;2287;798;113.84;78.81;;;
37.039961;-3.929006;925;0;-6;2287;798;113.86;78.79;;;
37.040126;-3.928915;925;0;-5;2287;798;113.88;78.77;;;
37.040290;-3.928823;924;0;-5;2287;798;113.9;78.75;;;
37.040458;-3.928745;923;0;-5;2287;798;113.92;78.73;;;
37.040635;-3.928725;921;0;-5;2287;798;113.94;78.71;;;
37.040802;-3.928802;920;0;-5;2287;798;113.96;78.69;;;
37.040966;-3.928894;919;0;-5;2287;798;113.98;78.67;;;
37.041118;-3.929012;918;0;-5;2287;798;114;78.65;;;
37.041249;-3.929166;917;0;-5;2287;798;114.02;78.63;;;
37.041372;-3.929330;916;0;-5;2287;798;114.04;78.61;;;
37.041495;-3.929495;915;0;-4;2287;798;114.06;78.59;;;
37.041618;-3.929658;914;0;-4;2287;798;114.08;78.57;;;
37.041766;-3.929787;914;0;-4;2287;798;114.1;78.55;;;
37.041920;-3.929903;913;0;-4;2287;798;114.12;78.53;;;
37.042081;-3.930004;912;0;-4;2287;798;114.14;78.51;;;
37.042242;-3.930104;912;0;-4;2287;798;114.16;78.49;;;
37.042403;-3.930205;911;0;-4;2287;798;114.18;78.47;;;
37.042580;-3.930238;910;0;-4;2287;798;114.2;78.45;;;
37.042751;-3.930191;909;0;-4;2287;798;114.22;78.43;;;
37.042917;-3.930104;908;0;-4;2287;798;114.24;78.41;;;
37.043090;-3.930047;907;0;-4;2287;798;114.26;78.39;;;
37.043266;-3.929996;907;0;-4;2287;798;114.28;78.37;;;
37.043441;-3.929945;906;0;-4;2287;798;114.3;78.35;;;
37.043616;-3.929894;905;0;-4;2287;798;114.32;78.33;;;
37.043791;-3.929843;905;0;-5;2287;798;114.34;78.31;;;
37.043947;-3.929733;904;0;-5;2287;798;114.36;78.29;;;
37.044086;-3.929590;902;0;-5;2287;798;114.38;78.27;;;
37.044223;-3.929445;901;0;-5;2287;798;114.4;78.25;;;
37.044391;-3.929371;899;0;-5;2287;798;114.42;78.23;;;
37.044570;-3.929364;898;0;-5;2287;798;114.44;78.21;;;
37.044750;-3.929360;898;0;-5;2287;798;114.46;78.19;;;
37.044930;-3.929355;897;0;-4;2287;798;114.48;78.17;;;
37.045110;-3.929350;896;0;-4;2287;798;114.5;78.15;;;
37.045290;-3.929346;896;0;-4;2287;798;114.52;78.13;;;
37.045469;-3.929341;895;0;-4;2287;798;114.54;78.11;;;
37.045649;-3.929330;894;0;-4;2287;798;114.56;78.09;;;
37.045812;-3.929253;893;0;-5;2287;798;114.58;78.07;;;
37.045950;-3.929110;892;0;-6;2287;798;114.6;78.05;;;
37.046075;-3.928948;891;0;-6;2287;798;114.62;78.03;;;
37.046200;-3.928786;890;0;-6;2287;798;114.64;78.01;;;
37.046362;-3.928710;888;0;-5;2287;798;114.66;77.99;;;
37.046536;-3.928755;887;0;-5;2287;798;114.68;77.97;;;
37.046705;-3.928835;886;0;-5;2287;798;114.7;77.95;;;
37.046873;-3.928914;885;0;-5;2287;798;114.72;77.93;;;
37.047043;-3.928984;885;0;-4;2287;798;114.74;77.91;;;
37.047222;-3.929012;884;0;-4;2287;798;114.76;77.89;;;
37.047400;-3.929040;883;0;-4;2287;798;114.78;77.87;;;
37.047579;-3.929068;882;0;-4;2287;798;114.8;77.85;;;
37.047757;-3.929095;882;0;-4;2287;798;114.82;77.83;;;
37.047929;-3.929154;881;0;-4;2287;798;114.84;77.81;;;
37.048059;-3.929302;880;0;-5;2287;798;114.86;77.79;;;
37.048185;-3.929455;879;0;-6;2287;798;114.88;77.77;;;
37.048355;-3.929488;878;0;-6;2287;798;114.9;77.75;;;
37.048519;-3.929403;876;0;-6;2287;798;114.92;77.73;;;
37.048602;-3.929212;875;0;-6;2287;798;114.94;77.71;;;
37.048585;-3.928989;873;0;-5;2287;798;114.96;77.69;;;
37.048554;-3.928767;873;0;-5;2287;798;114.98;77.67;;;
37.048523;-3.928545;872;0;-5;2287;798;115;77.65;;;
37.048492;-3.928323;871;0;-4;2287;798;115.02;77.63;;;
37.048461;-3.928101;870;0;-4;2287;798;115.04;77.61;;;
37.048471;-3.927877;869;0;-4;2287;798;115.06;77.59;;;
37.048506;-3.927657;869;0;-4;2287;798;115.08;77.57;;;
37.048560;-3.927443;868;0;-4;2287;798;115.1;77.55;;;
37.048614;-3.927227;867;0;-4;2287;798;115.12;77.53;;;
37.048683;-3.927022;866;0;-4;2287;798;115.14;77.51;;;
37.048798;-3.926852;865;0;-4;2287;798;115.16;77.49;;;
37.048942;-3.926718;864;0;-5;2287;798;115.18;77.47;;;
37.049086;-3.926583;863;0;-5;2287;798;115.2;77.45;;;
37.049232;-3.926453;863;0;-5;2287;798;115.22;77.43;;;
37.049393;-3.926351;861;0;-5;2287;798;115.24;77.41;;;
37.049557;-3.926262;860;0;-5;2287;798;115.26;77.39;;;
37.049732;-3.926208;859;0;-5;2287;798;115.28;77.37;;;
37.049912;-3.926208;858;0;-5;2287;798;115.3;77.35;;;
37.050092;-3.926208;857;0;-5;2287;798;115.32;77.33;;;
37.050270;-3.926202;857;0;-5;2287;798;115.34;77.31;;;
37.050438;-3.926118;856;0;-5;2287;798;115.36;77.29;;;
37.050604;-3.926033;855;0;-5;2287;798;115.38;77.27;;;
37.050771;-3.925949;854;0;-7;2287;798;115.4;77.25;;;
37.050938;-3.925865;853;0;-7;2287;798;115.42;77.23;;;
37.051104;-3.925780;852;0;-7;2287;798;115.44;77.21;;;
37.051195;-3.925598;849;0;-8;2287;798;115.46;77.19;;;
37.051109;-3.925417;847;0;-8;2287;798;115.48;77.17;;;
37.050933;-3.925382;845;0;-8;2287;798;115.5;77.15;;;
37.050753;-3.925362;844;0;-8;2287;798;115.52;77.13;;;
37.050574;-3.925343;843;0;-7;2287;798;115.54;77.11;;;
37.050395;-3.925320;841;0;-6;2287;798;115.56;77.09;;;
37.050241;-3.925209;840;0;-6;2287;798;115.58;77.07;;;
37.050089;-3.925087;839;0;-6;2287;798;115.6;77.05;;;
37.049938;-3.924966;838;0;-5;2287;798;115.62;77.03;;;
37.049799;-3.924823;837;0;-5;2287;798;115.64;77.01;;;
37.049661;-3.924679;836;0;-5;2287;798;115.66;76.99;;;
37.049522;-3.924535;835;0;-6;2287;798;115.68;76.97;;;
37.049384;-3.924390;834;0;-6;2287;798;115.7;76.95;;;
37.049246;-3.924246;833;0;-5;2287;798;115.72;76.93;;;
37.049071;-3.924228;831;0;-5;2287;798;115.74;76.91;;;
37.048910;-3.924320;830;0;-5;2287;798;115.76;76.89;;;
37.048751;-3.924426;830;0;-5;2287;798;115.78;76.87;;;
37.048592;-3.924532;829;0;-6;2287;798;115.8;76.85;;;
37.048419;-3.924568;827;0;-6;2287;798;115.82;76.83;;;
37.048245;-3.924530;826;0;-7;2287;798;115.84;76.81;;;
37.048076;-3.924451;825;0;-7;2287;798;115.86;76.79;;;
37.047907;-3.924482;823;0;-9;2287;798;115.88;76.77;;;
37.047773;-3.924629;821;0;-10;2287;798;115.9;76.75;;;
37.047656;-3.924800;820;0;-10;2287;798;115.92;76.73;;;
37.047529;-3.924956;818;0;-10;2287;798;115.94;76.71;;;
37.047368;-3.924918;814;0;-10;2287;798;115.96;76.69;;;
37.047274;-3.924728;812;0;-10;2287;798;115.98;76.67;;;
37.047220;-3.924514;810;0;-10;2287;798;116;76.65;;;
37.047188;-3.924292;808;0;-10;2287;798;116.02;76.63;;;
37.047168;-3.924069;806;0;-8;2287;798;116.04;76.61;;;
37.047168;-3.923844;805;0;-8;2287;798;116.06;76.59;;;
37.047168;-3.923618;803;0;-7;2287;798;116.08;76.57;;;
37.047136;-3.923398;802;0;-7;2287;798;116.1;76.55;;;
37.047082;-3.923184;801;0;-7;2287;798;116.12;76.53;;;
37.046991;-3.922990;799;0;-7;2287;798;116.14;76.51;;;
37.046926;-3.922783;798;0;-7;2287;798;116.16;76.49;;;
37.046885;-3.922563;797;0;-7;2287;798;116.18;76.47;;;
37.046843;-3.922344;795;0;-7;2287;798;116.2;76.45;;;
37.046801;-3.922125;794;0;-7;2287;798;116.22;76.43;;;
37.046759;-3.921906;792;0;-8;2287;798;116.24;76.41;;;
37.046717;-3.921687;791;0;-9;2287;798;116.26;76.39;;;
37.046675;-3.921468;789;0;-10;2287;798;116.28;76.37;;;
37.046633;-3.921249;788;0;-10;2287;798;116.3;76.35;;;
37.046608;-3.921027;786;0;-10;2287;798;116.32;76.33;;;
37.046654;-3.920815;782;0;-10;2287;798;116.34;76.31;;;
37.046791;-3.920671;779;0;-10;2287;798;116.36;76.29;;;
37.046943;-3.920552;777;0;-10;2287;798;116.38;76.27;;;
37.047107;-3.920463;775;0;-10;2287;798;116.4;76.25;;;
37.047284;-3.920438;772;0;-10;2287;798;116.42;76.23;;;
37.047454;-3.920507;770;0;-10;2287;798;116.44;76.21;;;
37.047615;-3.920607;768;0;-10;2287;798;116.46;76.19;;;
37.047775;-3.920710;766;0;-10;2287;798;116.48;76.17;;;
37.047944;-3.920787;764;0;-10;2287;798;116.5;76.15;;;
37.048116;-3.920805;763;0;-10;2287;798;116.52;76.13;;;
37.048288;-3.920738;760;0;-10;2287;798;116.54;76.11;;;
37.048420;-3.920592;758;0;-10;2287;798;116.56;76.09;;;
37.048487;-3.920386;756;0;-10;2287;798;116.58;76.07;;;
37.048540;-3.920171;753;0;-10;2287;798;116.6;76.05;;;
37.048572;-3.919949;752;0;-10;2287;798;116.62;76.03;;;
37.048602;-3.919727;751;0;-10;2287;798;116.64;76.01;;;
37.048644;-3.919511;749;0;-10;2287;798;116.66;75.99;;;
37.048793;-3.919423;745;0;-10;2287;798;116.68;75.97;;;
37.048962;-3.919493;742;0;-10;2287;798;116.7;75.95;;;
37.049121;-3.919598;741;0;-10;2287;798;116.72;75.93;;;
37.049286;-3.919679;739;0;-10;2287;798;116.74;75.91;;;
37.049465;-3.919693;737;0;-9;2287;798;116.76;75.89;;;
37.049645;-3.919701;735;0;-9;2287;798;116.78;75.87;;;
37.049825;-3.919708;734;0;-9;2287;798;116.8;75.85;;;
37.049993;-3.919631;731;0;-9;2287;798;116.82;75.83;;;
37.050155;-3.919533;730;0;-8;2287;798;116.84;75.81;;;
37.050316;-3.919434;729;0;-8;2287;798;116.86;75.79;;;
37.050486;-3.919373;726;0;-9;2287;798;116.88;75.77;;;
37.050663;-3.919417;725;0;-9;2287;798;116.9;75.75;;;
37.050822;-3.919521;724;0;-9;2287;798;116.92;75.73;;;
37.050990;-3.919578;722;0;-9;2287;798;116.94;75.71;;;
37.051130;-3.919447;719;0;-8;2287;798;116.96;75.69;;;
37.051250;-3.919279;718;0;-8;2287;798;116.98;75.67;;;
37.051380;-3.919126;716;0;-8;2287;798;117;75.65;;;
37.051542;-3.919035;714;0;-7;2287;798;117.02;75.63;;;
37.051720;-3.919015;713;0;-7;2287;798;117.04;75.61;;;
37.051900;-3.919011;712;0;-7;2287;798;117.06;75.59;;;
37.052079;-3.919003;711;0;-7;2287;798;117.08;75.57;;;
37.052256;-3.918965;710;0;-7;2287;798;117.1;75.55;;;
37.052410;-3.918854;708;0;-7;2287;798;117.12;75.53;;;
37.052486;-3.918650;707;0;-6;2287;798;117.14;75.51;;;
37.052603;-3.918487;705;0;-6;2287;798;117.16;75.49;;;
37.052779;-3.918473;703;0;-6;2287;798;117.18;75.47;;;
37.052956;-3.918512;703;0;-5;2287;798;117.2;75.45;;;
37.053133;-3.918551;702;0;-5;2287;798;117.22;75.43;;;
37.053311;-3.918590;701;0;-3;2287;798;117.24;75.41;;;
37.053488;-3.918628;701;0;-3;2287;798;117.26;75.39;;;
37.053665;-3.918664;700;0;-3;2287;798;117.28;75.37;;;
37.053843;-3.918701;700;0;-3;2287;798;117.3;75.35;;;
37.054020;-3.918737;699;0;-3;2287;798;117.32;75.33;;;
37.054198;-3.918774;699;0;-2;2287;798;117.34;75.31;;;
37.054366;-3.918848;698;0;-2;2287;798;117.36;75.29;;;
37.054527;-3.918948;698;0;-2;2287;798;117.38;75.27;;;
37.054688;-3.919047;697;0;-2;2287;798;117.4;75.25;;;
37.054850;-3.919147;697;0;-2;2287;798;117.42;75.23;;;
37.055011;-3.919247;696;0;-2;2287;798;117.44;75.21;;;
37.055172;-3.919347;696;0;-2;2287;798;117.46;75.19;;;
37.055333;-3.919446;696;0;-2;2287;798;117.48;75.17;;;
37.055495;-3.919546;696;0;-1;2287;798;117.5;75.15;;;
37.055656;-3.919645;695;0;-1;2287;798;117.52;75.13;;;
37.055818;-3.919745;695;0;-1;2287;798;117.54;75.11;;;
37.055979;-3.919845;695;0;-1;2287;798;117.56;75.09;;;
37.056140;-3.919944;694;0;-1;2287;798;117.58;75.07;;;
37.056302;-3.920044;694;0;-1;2287;798;117.6;75.05;;;
37.056463;-3.920143;694;0;-1;2287;798;117.62;75.03;;;
37.056624;-3.920243;694;0;-1;2287;798;117.64;75.01;;;
37.056786;-3.920343;694;0;-1;2287;798;117.66;74.99;;;
37.056947;-3.920442;693;0;-1;2287;798;117.68;74.97;;;
37.057108;-3.920542;693;0;-1;2287;798;117.7;74.95;;;
37.057268;-3.920646;693;0;-1;2287;798;117.72;74.93;;;
37.057428;-3.920749;693;0;-1;2287;798;117.74;74.91;;;
37.057587;-3.920853;693;0;-1;2287;798;117.76;74.89;;;
37.057747;-3.920957;693;0;-1;2287;798;117.78;74.87;;;
37.057907;-3.921061;693;0;0;2287;798;117.8;74.85;29;;
37.058067;-3.921164;692;0;0;2287;798;117.82;74.83;;;
37.058226;-3.921268;692;0;0;2287;798;117.84;74.81;;;
37.058392;-3.921352;692;0;0;2287;798;117.86;74.79;;;
37.058567;-3.921403;692;0;0;2287;798;117.88;74.77;;;
37.058745;-3.921433;692;0;0;2287;798;117.9;74.75;;;
37.058923;-3.921464;692;0;0;2287;798;117.92;74.73;;;
37.059101;-3.921495;692;0;0;2287;798;117.94;74.71;;;
37.059280;-3.921525;692;0;0;2287;798;117.96;74.69;;;
37.059458;-3.921556;692;0;0;2287;798;117.98;74.67;;;
37.059636;-3.921586;692;0;0;2287;798;118;74.65;;;
37.059814;-3.921616;693;0;0;2288;797;118.02;74.63;;;
37.059993;-3.921646;693;0;0;2288;797;118.04;74.61;;;
37.060171;-3.921677;693;0;0;2288;797;118.06;74.59;;;
37.060349;-3.921707;693;0;0;2288;797;118.08;74.57;;;
37.060527;-3.921738;693;0;0;2288;797;118.1;74.55;;;
37.060705;-3.921769;693;0;1;2288;797;118.12;74.53;;;
37.060883;-3.921803;693;0;0;2288;797;118.14;74.51;;;
37.061061;-3.921836;693;0;0;2288;797;118.16;74.49;;;
37.061239;-3.921870;693;0;0;2288;797;118.18;74.47;;;
37.061417;-3.921903;693;0;0;2288;797;118.2;74.45;;;
37.061595;-3.921927;693;0;0;2288;797;118.22;74.43;;;
37.061775;-3.921925;693;0;0;2288;797;118.24;74.41;;;
37.061955;-3.921923;694;0;0;2289;796;118.26;74.39;;;
37.062135;-3.921920;694;0;0;2289;796;118.28;74.37;;;
37.062315;-3.921917;694;0;0;2289;796;118.3;74.35;;;
37.062494;-3.921914;694;0;0;2289;796;118.32;74.33;;;
37.062674;-3.921912;694;0;0;2289;796;118.34;74.31;;;
37.062854;-3.921909;694;0;0;2289;796;118.36;74.29;;;
37.063034;-3.921921;694;0;0;2289;796;118.38;74.27;;;
37.063212;-3.921943;694;0;0;2289;796;118.4;74.25;;;
37.063386;-3.922004;694;0;0;2289;796;118.42;74.23;;;
37.063559;-3.922064;694;0;0;2289;796;118.44;74.21;;;
37.063732;-3.922124;694;0;0;2289;796;118.46;74.19;;;
37.063905;-3.922185;695;0;0;2289;796;118.48;74.17;;;
37.064079;-3.922245;695;0;0;2290;795;118.5;74.15;;;
37.064252;-3.922305;695;0;1;2290;795;118.52;74.13;;;
37.064426;-3.922361;695;0;1;2290;795;118.54;74.11;;;
37.064601;-3.922415;695;0;1;2290;795;118.56;74.09;;;
37.064776;-3.922469;695;0;1;2290;795;118.58;74.07;;;
37.064950;-3.922522;695;0;1;2290;795;118.6;74.05;;;
37.065125;-3.922575;695;0;1;2290;795;118.62;74.03;;;
37.065300;-3.922628;695;0;1;2290;795;118.64;74.01;;;
37.065475;-3.922682;696;0;1;2290;795;118.66;73.99;;;
37.065649;-3.922735;696;0;1;2291;794;118.68;73.97;;;
37.065824;-3.922789;696;0;1;2291;794;118.7;73.95;;;
37.065999;-3.922842;696;0;1;2291;794;118.72;73.93;;;
37.066174;-3.922896;696;0;1;2291;794;118.74;73.91;;;
37.066348;-3.922949;696;0;1;2291;794;118.76;73.89;;;
37.066523;-3.923002;696;0;1;2291;794;118.78;73.87;;;
37.066696;-3.923062;697;0;1;2292;793;118.8;73.85;;;
37.066868;-3.923129;697;0;1;2292;793;118.82;73.83;;;
37.067036;-3.923210;697;0;1;2292;793;118.84;73.81;;;
37.067197;-3.923310;697;0;1;2292;793;118.86;73.79;;;
37.067358;-3.923410;697;0;1;2292;793;118.88;73.77;;;
37.067519;-3.923509;697;0;1;2292;793;118.9;73.75;;;
37.067681;-3.923609;697;0;1;2292;793;118.92;73.73;;;
37.067842;-3.923709;697;0;1;2292;793;118.94;73.71;;;
37.068003;-3.923809;698;0;0;2293;792;118.96;73.69;;;
37.068164;-3.923911;698;0;0;2293;792;118.98;73.67;;;
37.068315;-3.924031;698;0;0;2293;792;119;73.65;;;
37.068458;-3.924167;698;0;0;2293;792;119.02;73.63;;;
37.068602;-3.924303;698;0;0;2293;792;119.04;73.61;;;
37.068745;-3.924439;698;0;0;2293;792;119.06;73.59;;;
37.068888;-3.924576;698;0;0;2293;792;119.08;73.57;;;
37.069032;-3.924712;698;0;0;2293;792;119.1;73.55;;;
37.069175;-3.924848;698;0;0;2293;792;119.12;73.53;;;
37.069318;-3.924984;698;0;0;2293;792;119.14;73.51;;;
37.069464;-3.925115;698;0;0;2293;792;119.16;73.49;;;
37.069631;-3.925191;698;0;0;2293;792;119.18;73.47;;;
37.069809;-3.925224;698;0;0;2293;792;119.2;73.45;;;
37.069988;-3.925239;698;0;0;2293;792;119.22;73.43;;;
37.070168;-3.925241;698;0;0;2293;792;119.24;73.41;;;
37.070347;-3.925242;698;0;0;2293;792;119.26;73.39;;;
37.070527;-3.925244;698;0;0;2293;792;119.28;73.37;;;
37.070707;-3.925246;698;0;0;2293;792;119.3;73.35;;;
37.070887;-3.925247;698;0;0;2293;792;119.32;73.33;;;
37.071067;-3.925258;698;0;0;2293;792;119.34;73.31;;;
37.071243;-3.925299;698;0;0;2293;792;119.36;73.29;;;
37.071413;-3.925370;698;0;-1;2293;792;119.38;73.27;;;
37.071580;-3.925453;698;0;-1;2293;792;119.4;73.25;;;
37.071748;-3.925535;698;0;-1;2293;792;119.42;73.23;;;
37.071916;-3.925617;698;0;-1;2293;792;119.44;73.21;;;
37.072083;-3.925699;698;0;-1;2293;792;119.46;73.19;;;
37.072250;-3.925781;697;0;-1;2293;792;119.48;73.17;;;
37.072418;-3.925863;697;0;-1;2293;792;119.5;73.15;;;
37.072570;-3.925984;697;0;-1;2293;792;119.52;73.13;;;
37.072721;-3.926106;697;0;-1;2293;792;119.54;73.11;;;
37.072872;-3.926229;697;0;-1;2293;792;119.56;73.09;;;
37.073023;-3.926351;696;0;-1;2293;792;119.58;73.07;;;
37.073174;-3.926474;696;0;-1;2293;792;119.6;73.05;;;
37.073325;-3.926596;696;0;-1;2293;792;119.62;73.03;;;
37.073475;-3.926719;696;0;-2;2293;792;119.64;73.01;;;
37.073627;-3.926841;695;0;-2;2293;792;119.66;72.99;;;
37.073777;-3.926964;695;0;-2;2293;792;119.68;72.97;;;
37.073928;-3.927087;695;0;-2;2293;792;119.7;72.95;;;
37.074081;-3.927207;694;0;-1;2293;792;119.72;72.93;;;
37.074236;-3.927321;694;0;-1;2293;792;119.74;72.91;;;
37.074390;-3.927436;694;0;-1;2293;792;119.76;72.89;;;
37.074545;-3.927550;693;0;-1;2293;792;119.78;72.87;;;
37.074700;-3.927665;693;0;-1;2293;792;119.8;72.85;;;
37.074858;-3.927774;693;0;-2;2293;792;119.82;72.83;;;
37.075017;-3.927878;693;0;-2;2293;792;119.84;72.81;;;
37.075176;-3.927984;692;0;-2;2293;792;119.86;72.79;;;
37.075335;-3.928088;692;0;-2;2293;792;119.88;72.77;;;
37.075495;-3.928193;691;0;-2;2293;792;119.9;72.75;;;
37.075654;-3.928298;691;0;-2;2293;792;119.92;72.73;;;
37.075813;-3.928403;691;0;-2;2293;792;119.94;72.71;;;
37.075972;-3.928508;690;0;-2;2293;792;119.96;72.69;;;
37.076132;-3.928613;690;0;-2;2293;792;119.98;72.67;;;
37.076291;-3.928718;690;0;-2;2293;792;120;72.65;;;
37.076450;-3.928822;689;0;-2;2293;792;120.02;72.63;;;
37.076609;-3.928927;689;0;-2;2293;792;120.04;72.61;;;
37.076768;-3.929032;688;0;-2;2293;792;120.06;72.59;;;
37.076940;-3.929098;688;0;-2;2293;792;120.08;72.57;;;
37.077113;-3.929161;687;0;-2;2293;792;120.1;72.55;;;
37.077289;-3.929207;687;0;-2;2293;792;120.12;72.53;;;
37.077466;-3.929245;686;0;-2;2293;792;120.14;72.51;;;
37.077643;-3.929283;686;0;-2;2293;792;120.16;72.49;;;
37.077821;-3.929321;685;0;-2;2293;792;120.18;72.47;;;
37.077998;-3.929359;685;0;-2;2293;792;120.2;72.45;;;
37.078175;-3.929397;684;0;-2;2293;792;120.22;72.43;;;
37.078352;-3.929435;684;0;-2;2293;792;120.24;72.41;;;
37.078530;-3.929474;684;0;-2;2293;792;120.26;72.39;;;
37.078707;-3.929512;683;0;-2;2293;792;120.28;72.37;;;
37.078884;-3.929551;683;0;-2;2293;792;120.3;72.35;;;
37.079061;-3.929589;682;0;-2;2293;792;120.32;72.33;;;
37.079239;-3.929627;682;0;-2;2293;792;120.34;72.31;;;
37.079413;-3.929680;681;0;-2;2293;792;120.36;72.29;;;
37.079579;-3.929763;681;0;-2;2293;792;120.38;72.27;;;
37.079737;-3.929872;680;0;-2;2293;792;120.4;72.25;;;
37.079894;-3.929981;680;0;-2;2293;792;120.42;72.23;;;
37.080052;-3.930090;680;0;-2;2293;792;120.44;72.21;;;
37.080209;-3.930199;679;0;-2;2293;792;120.46;72.19;;;
37.080367;-3.930307;679;0;-2;2293;792;120.48;72.17;;;
37.080525;-3.930416;679;0;-2;2293;792;120.5;72.15;;;
37.080693;-3.930496;678;0;-2;2293;792;120.52;72.13;;;
37.080861;-3.930576;678;0;-2;2293;792;120.54;72.11;;;
37.081034;-3.930631;677;0;-2;2293;792;120.56;72.09;;;
37.081212;-3.930670;677;0;-2;2293;792;120.58;72.07;;;
37.081389;-3.930708;676;0;-2;2293;792;120.6;72.05;;;
37.081566;-3.930745;676;0;-2;2293;792;120.62;72.03;;;
37.081744;-3.930783;676;0;-2;2293;792;120.64;72.01;;;
37.081921;-3.930822;675;0;-2;2293;792;120.66;71.99;;;
37.082098;-3.930860;675;0;-2;2293;792;120.68;71.97;;;
37.082275;-3.930898;675;0;-2;2293;792;120.7;71.95;;;
37.082453;-3.930936;674;0;-2;2293;792;120.72;71.93;;;
37.082629;-3.930979;674;0;-2;2293;792;120.74;71.91;;;
37.082804;-3.931030;673;0;-2;2293;792;120.76;71.89;;;
37.082973;-3.931105;673;0;-2;2293;792;120.78;71.87;;;
37.083132;-3.931212;673;0;-1;2293;792;120.8;71.85;;;
37.083290;-3.931319;673;0;-1;2293;792;120.82;71.83;;;
37.083448;-3.931426;672;0;-1;2293;792;120.84;71.81;;;
37.083607;-3.931533;672;0;-1;2293;792;120.86;71.79;;;
37.083765;-3.931640;672;0;-1;2293;792;120.88;71.77;;;
37.083923;-3.931747;672;0;-1;2293;792;120.9;71.75;;;
37.084082;-3.931854;672;0;-1;2293;792;120.92;71.73;;;
37.084240;-3.931961;672;0;-1;2293;792;120.94;71.71;;;
37.084398;-3.932068;671;0;-1;2293;792;120.96;71.69;;;
37.084557;-3.932175;671;0;-1;2293;792;120.98;71.67;;;
37.084715;-3.932282;671;0;0;2293;792;121;71.65;;;
37.084873;-3.932389;671;0;0;2293;792;121.02;71.63;;;
37.085032;-3.932496;671;0;0;2293;792;121.04;71.61;;;
37.085190;-3.932603;671;0;0;2293;792;121.06;71.59;;;
37.085348;-3.932710;671;0;0;2293;792;121.08;71.57;;;
37.085507;-3.932817;671;0;0;2293;792;121.1;71.55;;;
37.085665;-3.932924;671;0;0;2294;791;121.12;71.53;;;
37.085823;-3.933031;671;0;0;2294;791;121.14;71.51;;;
37.085982;-3.933138;671;0;0;2294;791;121.16;71.49;;;
37.086140;-3.933245;671;0;0;2294;791;121.18;71.47;;;
37.086302;-3.933343;671;0;1;2294;791;121.2;71.45;;;
37.086470;-3.933420;671;0;1;2294;791;121.22;71.43;;;
37.086639;-3.933498;672;0;1;2294;791;121.24;71.41;;;
37.086808;-3.933576;672;0;1;2294;791;121.26;71.39;;;
37.086977;-3.933653;672;0;1;2294;791;121.28;71.37;;;
37.087146;-3.933730;672;0;1;2295;790;121.3;71.35;;;
37.087315;-3.933808;672;0;1;2295;790;121.32;71.33;;;
37.087484;-3.933886;672;0;1;2295;790;121.34;71.31;;;
37.087653;-3.933963;673;0;1;2295;790;121.36;71.29;;;
37.087822;-3.934040;673;0;1;2295;790;121.38;71.27;;;
37.087991;-3.934118;673;0;1;2295;790;121.4;71.25;;;
37.088159;-3.934195;673;0;1;2296;789;121.42;71.23;;;
37.088328;-3.934273;673;0;1;2296;789;121.44;71.21;;;
37.088497;-3.934351;674;0;1;2296;789;121.46;71.19;;;
37.088666;-3.934428;674;0;1;2296;789;121.48;71.17;;;
37.088835;-3.934506;674;0;1;2297;788;121.5;71.15;;;
37.089004;-3.934583;674;0;1;2297;788;121.52;71.13;;;
37.089173;-3.934661;675;0;2;2297;788;121.54;71.11;;;
37.089342;-3.934738;675;0;2;2297;788;121.56;71.09;;;
37.089511;-3.934815;675;0;2;2298;787;121.58;71.07;;;
37.089683;-3.934882;676;0;2;2298;787;121.6;71.05;;;
37.089857;-3.934934;676;0;2;2298;787;121.62;71.03;;;
37.090036;-3.934954;676;0;2;2299;786;121.64;71.01;;;
37.090215;-3.934976;677;0;2;2299;786;121.66;70.99;;;
37.090394;-3.934998;677;0;2;2299;786;121.68;70.97;;;
37.090573;-3.935021;677;0;2;2300;785;121.7;70.95;;;
37.090752;-3.935043;678;0;2;2300;785;121.72;70.93;;;
37.090931;-3.935065;678;0;2;2300;785;121.74;70.91;;;
37.091110;-3.935087;678;0;2;2301;784;121.76;70.89;;;
37.091289;-3.935109;679;0;2;2301;784;121.78;70.87;;;
37.091468;-3.935131;679;0;2;2302;783;121.8;70.85;;;
37.091647;-3.935153;679;0;2;2302;783;121.82;70.83;;;
37.091826;-3.935175;680;0;2;2302;783;121.84;70.81;;;
37.092005;-3.935197;680;0;1;2302;783;121.86;70.79;;;
37.092184;-3.935220;680;0;1;2303;782;121.88;70.77;;;
37.092360;-3.935266;681;0;1;2303;782;121.9;70.75;;;
37.092533;-3.935325;681;0;1;2303;782;121.92;70.73;;;
37.092707;-3.935385;681;0;1;2304;781;121.94;70.71;;;
37.092881;-3.935444;681;0;1;2304;781;121.96;70.69;;;
37.093054;-3.935503;681;0;1;2304;781;121.98;70.67;;;
37.093227;-3.935563;682;0;1;2304;781;122;70.65;;;
37.093401;-3.935622;682;0;1;2304;781;122.02;70.63;;;
37.093579;-3.935638;682;0;1;2304;781;122.04;70.61;;;
37.093758;-3.935621;682;0;1;2305;780;122.06;70.59;;;
37.093935;-3.935583;682;0;1;2305;780;122.08;70.57;;;
37.094112;-3.935544;683;0;1;2305;780;122.1;70.55;;;
37.094290;-3.935505;683;0;1;2305;780;122.12;70.53;;;
37.094467;-3.935466;683;0;0;2305;780;122.14;70.51;;;
37.094644;-3.935428;683;0;0;2305;780;122.16;70.49;;;
37.094821;-3.935389;683;0;0;2305;780;122.18;70.47;;;
37.094998;-3.935351;683;0;0;2305;780;122.2;70.45;;;
37.095176;-3.935312;683;0;0;2305;780;122.22;70.43;;;
37.095353;-3.935273;683;0;-1;2305;780;122.24;70.41;;;
37.095530;-3.935234;683;0;-1;2305;780;122.26;70.39;;;
37.095708;-3.935206;682;0;-1;2305;780;122.28;70.37;;;
37.095888;-3.935198;682;0;-1;2305;780;122.3;70.35;;;
37.096067;-3.935218;682;0;-1;2305;780;122.32;70.33;;;
37.096233;-3.935304;682;0;-1;2305;780;122.34;70.31;;;
37.096399;-3.935390;682;0;-1;2305;780;122.36;70.29;;;
37.096565;-3.935477;682;0;-1;2305;780;122.38;70.27;;;
37.096731;-3.935563;681;0;-1;2305;780;122.4;70.25;;;
37.096902;-3.935632;681;0;-1;2305;780;122.42;70.23;;;
37.097078;-3.935659;681;0;-1;2305;780;122.44;70.21;;;
37.097256;-3.935628;680;0;-2;2305;780;122.46;70.19;;;
37.097425;-3.935551;680;0;-2;2305;780;122.48;70.17;;;
37.097594;-3.935473;680;0;-2;2305;780;122.5;70.15;;;
37.097763;-3.935395;679;0;-2;2305;780;122.52;70.13;;;
37.097932;-3.935318;679;0;-2;2305;780;122.54;70.11;;;
37.098101;-3.935240;679;0;-2;2305;780;122.56;70.09;;;
37.098269;-3.935162;678;0;-2;2305;780;122.58;70.07;;;
37.098437;-3.935080;678;0;-2;2305;780;122.6;70.05;;;
37.098589;-3.934963;677;0;-2;2305;780;122.62;70.03;;;
37.098699;-3.934791;677;0;-2;2305;780;122.64;70.01;;;
37.098774;-3.934586;676;0;-2;2305;780;122.66;69.99;;;
37.098849;-3.934381;676;0;-2;2305;780;122.68;69.97;;;
37.098923;-3.934175;675;0;-2;2305;780;122.7;69.95;;;
37.099013;-3.933981;675;0;-2;2305;780;122.72;69.93;;;
37.099117;-3.933798;674;0;-2;2305;780;122.74;69.91;;;
37.099220;-3.933613;674;0;-2;2305;780;122.76;69.89;;;
37.099324;-3.933429;674;0;-2;2305;780;122.78;69.87;;;
37.099428;-3.933245;673;0;-2;2305;780;122.8;69.85;;;
37.099532;-3.933061;673;0;-2;2305;780;122.82;69.83;;;
37.099632;-3.932873;672;0;-2;2305;780;122.84;69.81;;;
37.099730;-3.932684;672;0;-2;2305;780;122.86;69.79;;;
37.099827;-3.932495;671;0;-2;2305;780;122.88;69.77;;;
37.099924;-3.932305;671;0;-2;2305;780;122.9;69.75;;;
37.100001;-3.932101;670;0;-2;2305;780;122.92;69.73;;;
37.100077;-3.931896;670;0;-2;2305;780;122.94;69.71;;;
37.100148;-3.931690;669;0;-2;2305;780;122.96;69.69;;;
37.100216;-3.931483;669;0;-2;2305;780;122.98;69.67;;;
37.100378;-3.931420;668;0;-2;2305;780;123;69.65;;;
37.100558;-3.931434;668;0;-2;2305;780;123.02;69.63;;;
37.100723;-3.931514;667;0;-2;2305;780;123.04;69.61;;;
37.100876;-3.931632;667;0;-2;2305;780;123.06;69.59;;;
37.101028;-3.931752;667;0;-2;2305;780;123.08;69.57;;;
37.101180;-3.931873;666;0;-2;2305;780;123.1;69.55;;;
37.101335;-3.931986;666;0;-2;2305;780;123.12;69.53;;;
37.101497;-3.932084;666;0;-1;2305;780;123.14;69.51;;;
37.101660;-3.932181;665;0;-1;2305;780;123.16;69.49;;;
37.101825;-3.932268;665;0;-1;2305;780;123.18;69.47;;;
37.102000;-3.932236;665;0;-1;2305;780;123.2;69.45;;;
37.102176;-3.932188;665;0;-1;2305;780;123.22;69.43;;;
37.102352;-3.932140;664;0;-1;2305;780;123.24;69.41;;;
37.102527;-3.932091;664;0;-1;2305;780;123.26;69.39;;;
37.102690;-3.931997;664;0;-1;2305;780;123.28;69.37;;;
37.102852;-3.931899;664;0;-1;2305;780;123.3;69.35;;;
37.103014;-3.931801;664;0;-1;2305;780;123.32;69.33;;;
37.103157;-3.931667;663;0;-1;2305;780;123.34;69.31;;;
37.103291;-3.931516;663;0;-1;2305;780;123.36;69.29;;;
37.103416;-3.931355;663;0;-1;2305;780;123.38;69.27;;;
37.103530;-3.931181;663;0;-1;2305;780;123.4;69.25;;;
37.103624;-3.930989;663;0;-1;2305;780;123.42;69.23;;;
37.103711;-3.930791;662;0;-1;2305;780;123.44;69.21;;;
37.103818;-3.930612;662;0;-1;2305;780;123.46;69.19;;;
37.103936;-3.930442;662;0;0;2305;780;123.48;69.17;;;
37.104054;-3.930271;662;0;0;2305;780;123.5;69.15;;;
37.104163;-3.930093;662;0;0;2305;780;123.52;69.13;;;
37.104250;-3.929896;662;0;0;2305;780;123.54;69.11;;;
37.104336;-3.929698;662;0;0;2305;780;123.56;69.09;;;
37.104446;-3.929521;662;0;0;2305;780;123.58;69.07;;;
37.104564;-3.929350;662;0;0;2305;780;123.6;69.05;;;
37.104682;-3.929179;662;0;0;2305;780;123.62;69.03;;;
37.104799;-3.929009;662;0;0;2305;780;123.64;69.01;;;
37.104917;-3.928838;662;0;0;2305;780;123.66;68.99;;;
37.105035;-3.928668;662;0;0;2305;780;123.68;68.97;;;
37.105152;-3.928497;662;0;0;2305;780;123.7;68.95;;;
37.105290;-3.928352;662;0;0;2305;780;123.72;68.93;;;
37.105433;-3.928219;662;0;0;2306;779;123.74;68.91;;;
37.105605;-3.928153;662;0;0;2306;779;123.76;68.89;;;
37.105777;-3.928087;662;0;0;2306;779;123.78;68.87;;;
37.105947;-3.928015;662;0;0;2306;779;123.8;68.85;;;
37.106102;-3.927902;662;0;0;2306;779;123.82;68.83;;;
37.106258;-3.927789;662;0;0;2306;779;123.84;68.81;;;
37.106413;-3.927675;662;0;0;2306;779;123.86;68.79;;;
37.106577;-3.927586;662;0;0;2306;779;123.88;68.77;;;
37.106747;-3.927512;662;0;0;2306;779;123.9;68.75;;;
37.106924;-3.927471;663;0;0;2306;779;123.92;68.73;;;
37.107102;-3.927437;663;0;0;2306;779;123.94;68.71;;;
37.107279;-3.927404;663;0;0;2306;779;123.96;68.69;;;
37.107457;-3.927370;663;0;0;2306;779;123.98;68.67;;;
37.107636;-3.927391;663;0;0;2306;779;124;68.65;;;
37.107815;-3.927416;663;0;0;2307;778;124.02;68.63;;;
37.107994;-3.927441;663;0;0;2307;778;124.04;68.61;;;
37.108172;-3.927466;663;0;0;2307;778;124.06;68.59;;;
37.108351;-3.927492;663;0;0;2307;778;124.08;68.57;;;
37.108529;-3.927526;663;0;1;2307;778;124.1;68.55;;;
37.108696;-3.927591;663;0;1;2307;778;124.12;68.53;;;
37.108843;-3.927723;663;0;1;2307;778;124.14;68.51;;;
37.108989;-3.927854;664;0;1;2307;778;124.16;68.49;;;
37.109135;-3.927986;664;0;1;2307;778;124.18;68.47;;;
37.109281;-3.928117;664;0;1;2307;778;124.2;68.45;;;
37.109413;-3.928269;664;0;1;2308;777;124.22;68.43;;;
37.109529;-3.928441;664;0;1;2308;777;124.24;68.41;;;
37.109636;-3.928622;664;0;1;2308;777;124.26;68.39;;;
37.109742;-3.928804;664;0;0;2308;777;124.28;68.37;;;
37.109849;-3.928986;664;0;1;2308;777;124.3;68.35;;;
37.109955;-3.929167;664;0;1;2308;777;124.32;68.33;;;
37.110066;-3.929345;664;0;0;2308;777;124.34;68.31;;;
37.110185;-3.929512;665;0;0;2308;777;124.36;68.29;;;
37.110336;-3.929636;665;0;0;2308;777;124.38;68.27;;;
37.110486;-3.929761;665;0;0;2308;777;124.4;68.25;;;
37.110636;-3.929885;665;0;1;2309;776;124.42;68.23;;;
37.110786;-3.930009;665;0;1;2309;776;124.44;68.21;;;
37.110936;-3.930133;665;0;1;2309;776;124.46;68.19;;;
37.111078;-3.930270;665;0;1;2309;776;124.48;68.17;;;
37.111203;-3.930432;665;0;0;2309;776;124.5;68.15;;;
37.111328;-3.930594;665;0;1;2309;776;124.52;68.13;;;
37.111453;-3.930756;665;0;1;2309;776;124.54;68.11;;;
37.111587;-3.930907;666;0;0;2309;776;124.56;68.09;;;
37.111734;-3.931034;666;0;0;2309;776;124.58;68.07;;;
37.111897;-3.931128;666;0;0;2309;776;124.6;68.05;;;
37.112072;-3.931180;666;0;0;2310;775;124.62;68.03;;;
37.112247;-3.931233;666;0;0;2310;775;124.64;68.01;;;
37.112419;-3.931295;666;0;0;2310;775;124.66;67.99;;;
37.112569;-3.931419;666;0;0;2310;775;124.68;67.97;;;
37.112717;-3.931548;666;0;0;2310;775;124.7;67.95;;;
37.112864;-3.931676;666;0;0;2310;775;124.72;67.93;;;
37.113012;-3.931805;666;0;0;2310;775;124.74;67.91;;;
37.113160;-3.931934;666;0;0;2310;775;124.76;67.89;;;
37.113312;-3.932053;666;0;0;2310;775;124.78;67.87;;;
37.113475;-3.932147;666;0;0;2310;775;124.8;67.85;;;
37.113639;-3.932241;666;0;0;2310;775;124.82;67.83;;;
37.113806;-3.932325;666;0;0;2310;775;124.84;67.81;;;
37.113977;-3.932392;666;0;0;2310;775;124.86;67.79;;;
37.114150;-3.932453;667;0;0;2310;775;124.88;67.77;;;
37.114325;-3.932507;667;0;0;2310;775;124.9;67.75;;;
37.114500;-3.932558;667;0;0;2310;775;124.92;67.73;;;
37.114677;-3.932546;667;0;0;2310;775;124.94;67.71;;;
37.114840;-3.932450;667;0;0;2311;774;124.96;67.69;;;
37.115002;-3.932352;667;0;0;2311;774;124.98;67.67;;;
37.115164;-3.932254;667;0;0;2311;774;125;67.65;;;
37.115327;-3.932157;667;0;0;2311;774;125.02;67.63;;;
37.115489;-3.932060;667;0;0;2311;774;125.04;67.61;;;
37.115651;-3.931962;667;0;0;2311;774;125.06;67.59;;;
37.115786;-3.931814;667;0;0;2311;774;125.08;67.57;;;
37.115891;-3.931631;667;0;0;2311;774;125.1;67.55;;;
37.116011;-3.931464;667;0;0;2311;774;125.12;67.53;;;
37.116133;-3.931298;667;0;0;2311;774;125.14;67.51;;;
37.116266;-3.931147;668;0;0;2311;774;125.16;67.49;;;
37.116401;-3.930997;668;0;0;2311;774;125.18;67.47;;;
37.116530;-3.930840;668;0;0;2311;774;125.2;67.45;;;
37.116644;-3.930666;668;0;0;2311;774;125.22;67.43;;;
37.116745;-3.930479;668;0;0;2312;773;125.24;67.41;;;
37.116868;-3.930318;668;0;0;2312;773;125.26;67.39;;;
37.117039;-3.930283;668;0;0;2312;773;125.28;67.37;;;
37.117219;-3.930276;668;0;0;2312;773;125.3;67.35;;;
37.117399;-3.930268;668;0;0;2312;773;125.32;67.33;;;
37.117575;-3.930308;668;0;0;2312;773;125.34;67.31;;;
37.117749;-3.930291;668;0;0;2312;773;125.36;67.29;;;
37.117920;-3.930221;668;0;0;2312;773;125.38;67.27;;;
37.118091;-3.930150;668;0;0;2312;773;125.4;67.25;;;
37.118262;-3.930080;668;0;0;2312;773;125.42;67.23;;;
37.118432;-3.930009;668;0;0;2312;773;125.44;67.21;;;
37.118546;-3.929855;668;0;0;2312;773;125.46;67.19;;;
37.118574;-3.929632;669;0;0;2312;773;125.48;67.17;;;
37.118633;-3.929424;669;0;1;2313;772;125.5;67.15;;;
37.118736;-3.929240;669;0;1;2313;772;125.52;67.13;;;
37.118878;-3.929107;669;0;1;2313;772;125.54;67.11;;;
37.119042;-3.929018;669;0;0;2313;772;125.56;67.09;;;
37.119218;-3.928978;669;0;0;2313;772;125.58;67.07;;;
37.119345;-3.929102;669;0;0;2313;772;125.6;67.05;;;
37.119336;-3.929313;669;0;0;2313;772;125.62;67.03;;;
37.119196;-3.929445;669;0;0;2313;772;125.64;67.01;;;
37.119051;-3.929573;669;0;0;2313;772;125.66;66.99;;;
37.119047;-3.929782;669;0;0;2313;772;125.68;66.97;;;
37.119181;-3.929914;669;0;0;2313;772;125.7;66.95;;;
37.119360;-3.929923;669;0;0;2313;772;125.72;66.93;;;
37.119539;-3.929936;669;0;0;2313;772;125.74;66.91;;;
37.119710;-3.930004;669;0;0;2313;772;125.76;66.89;;;
37.119876;-3.930092;669;0;0;2313;772;125.78;66.87;;;
37.120041;-3.930180;669;0;0;2313;772;125.8;66.85;;;
37.120207;-3.930267;669;0;0;2313;772;125.82;66.83;;;
37.120373;-3.930354;669;0;-1;2313;772;125.84;66.81;;;
37.120530;-3.930462;668;0;-1;2313;772;125.86;66.79;;;
37.120650;-3.930629;668;0;-1;2313;772;125.88;66.77;;;
37.120767;-3.930800;668;0;-1;2313;772;125.9;66.75;;;
37.120883;-3.930972;668;0;-1;2313;772;125.92;66.73;;;
37.120998;-3.931146;668;0;-1;2313;772;125.94;66.71;;;
37.121108;-3.931324;668;0;-1;2313;772;125.96;66.69;;;
37.121218;-3.931502;668;0;-1;2313;772;125.98;66.67;;;
37.121328;-3.931681;667;0;-1;2313;772;126;66.65;;;
37.121442;-3.931856;667;0;-1;2313;772;126.02;66.63;;;
37.121560;-3.932026;667;0;-1;2313;772;126.04;66.61;;;
37.121677;-3.932197;667;0;-1;2313;772;126.06;66.59;;;
37.121795;-3.932367;667;0;-1;2313;772;126.08;66.57;;;
37.121918;-3.932532;666;0;-1;2313;772;126.1;66.55;;;
37.122040;-3.932697;666;0;-1;2313;772;126.12;66.53;;;
37.122163;-3.932862;666;0;-1;2313;772;126.14;66.51;;;
37.122286;-3.933027;666;0;-1;2313;772;126.16;66.49;;;
37.122409;-3.933192;666;0;-1;2313;772;126.18;66.47;;;
37.122532;-3.933357;665;0;-1;2313;772;126.2;66.45;;;
37.122654;-3.933522;665;0;-1;2313;772;126.22;66.43;;;
37.122777;-3.933686;665;0;-1;2313;772;126.24;66.41;;;
37.122905;-3.933845;665;0;-1;2313;772;126.26;66.39;;;
37.123067;-3.933918;664;0;-2;2313;772;126.28;66.37;;;
37.123246;-3.933936;664;0;-2;2313;772;126.3;66.35;;;
37.123365;-3.934090;664;0;-2;2313;772;126.32;66.33;;;
37.123330;-3.934285;663;0;-2;2313;772;126.34;66.31;;;
37.123193;-3.934428;663;0;-2;2313;772;126.36;66.29;;;
37.123131;-3.934634;662;0;-2;2313;772;126.38;66.27;;;
37.123169;-3.934852;662;0;-2;2313;772;126.4;66.25;;;
37.123217;-3.935070;662;0;-1;2313;772;126.42;66.23;;;
37.123265;-3.935287;662;0;-1;2313;772;126.44;66.21;;;
37.123330;-3.935497;661;0;-1;2313;772;126.46;66.19;;;
37.123402;-3.935704;661;0;-1;2313;772;126.48;66.17;;;
37.123481;-3.935905;661;0;-1;2313;772;126.5;66.15;;;
37.123597;-3.936075;661;0;-1;2313;772;126.52;66.13;;;
37.123740;-3.936212;661;0;-1;2313;772;126.54;66.11;;;
37.123903;-3.936304;660;0;-1;2313;772;126.56;66.09;;;
37.124071;-3.936386;660;0;-1;2313;772;126.58;66.07;;;
37.124239;-3.936467;660;0;-1;2313;772;126.6;66.05;;;
37.124406;-3.936549;660;0;-1;2313;772;126.62;66.03;;;
37.124574;-3.936631;660;0;-1;2313;772;126.64;66.01;;;
37.124742;-3.936712;660;0;-1;2313;772;126.66;65.99;;;
37.124908;-3.936796;660;0;-1;2313;772;126.68;65.97;;;
37.125060;-3.936918;660;0;-1;2313;772;126.7;65.95;;;
37.125211;-3.937040;659;0;-1;2313;772;126.72;65.93;;;
37.125363;-3.937159;659;0;-1;2313;772;126.74;65.91;;;
37.125542;-3.937187;659;0;-1;2313;772;126.76;65.89;;;
37.125721;-3.937178;659;0;-1;2313;772;126.78;65.87;;;
37.125901;-3.937169;659;0;-1;2313;772;126.8;65.85;;;
37.126077;-3.937193;659;0;-1;2313;772;126.82;65.83;;;
37.126230;-3.937311;659;0;0;2313;772;126.84;65.81;;;
37.126384;-3.937429;659;0;0;2313;772;126.86;65.79;;;
37.126494;-3.937604;658;0;0;2313;772;126.88;65.77;;;
37.126571;-3.937807;658;0;0;2313;772;126.9;65.75;;;
37.126648;-3.938011;658;0;0;2313;772;126.92;65.73;;;
37.126755;-3.938185;658;0;0;2313;772;126.94;65.71;;;
37.126919;-3.938278;658;0;0;2313;772;126.96;65.69;;;
37.127084;-3.938365;658;0;0;2313;772;126.98;65.67;;;
37.127250;-3.938453;658;0;0;2313;772;127;65.65;;;
37.127416;-3.938539;658;0;0;2313;772;127.02;65.63;;;
37.127575;-3.938642;658;0;0;2313;772;127.04;65.61;;;
37.127721;-3.938775;658;0;0;2313;772;127.06;65.59;;;
37.127866;-3.938908;658;0;0;2313;772;127.08;65.57;;;
37.127995;-3.939065;658;0;0;2313;772;127.1;65.55;;;
37.128119;-3.939228;658;0;0;2313;772;127.12;65.53;;;
37.128243;-3.939391;658;0;0;2313;772;127.14;65.51;;;
37.128367;-3.939554;658;0;0;2313;772;127.16;65.49;;;
37.128511;-3.939689;658;0;0;2313;772;127.18;65.47;;;
37.128684;-3.939751;658;0;0;2313;772;127.2;65.45;;;
37.128834;-3.939864;658;0;0;2313;772;127.22;65.43;;;
37.128879;-3.940079;658;0;0;2313;772;127.24;65.41;;;
37.128904;-3.940302;658;0;0;2313;772;127.26;65.39;;;
37.128989;-3.940500;658;0;0;2313;772;127.28;65.37;;;
37.129079;-3.940695;658;0;0;2314;771;127.3;65.35;;;
37.129169;-3.940891;658;0;0;2314;771;127.32;65.33;;;
37.129259;-3.941086;658;0;0;2314;771;127.34;65.31;;;
37.129349;-3.941282;658;0;0;2314;771;127.36;65.29;;;
37.129438;-3.941477;658;0;0;2314;771;127.38;65.27;;;
37.129588;-3.941592;658;0;0;2314;771;127.4;65.25;;;
37.129760;-3.941659;658;0;0;2314;771;127.42;65.23;;;
37.129932;-3.941726;658;0;0;2314;771;127.44;65.21;;;
37.130103;-3.941793;658;0;0;2314;771;127.46;65.19;;;
37.130275;-3.941862;659;0;0;2314;771;127.48;65.17;;;
37.130439;-3.941954;659;0;0;2314;771;127.5;65.15;;;
37.130603;-3.942045;659;0;0;2314;771;127.52;65.13;;;
37.130768;-3.942137;659;0;0;2314;771;127.54;65.11;;;
37.130937;-3.942208;659;0;0;2314;771;127.56;65.09;;;
37.131116;-3.942212;659;0;0;2314;771;127.58;65.07;;;
37.131296;-3.942204;659;0;0;2314;771;127.6;65.05;;;
37.131475;-3.942205;659;0;0;2314;771;127.62;65.03;;;
37.131646;-3.942259;659;0;0;2314;771;127.64;65.01;;;
37.131807;-3.942359;659;0;0;2314;771;127.66;64.99;;;
37.131976;-3.942434;659;0;0;2314;771;127.68;64.97;;;
37.132153;-3.942467;659;0;0;2314;771;127.7;64.95;;;
37.132332;-3.942490;659;0;0;2314;771;127.72;64.93;;;
37.132512;-3.942504;659;0;0;2314;771;127.74;64.91;;;
37.132666;-3.942605;659;0;0;2314;771;127.76;64.89;;;
37.132785;-3.942772;659;0;0;2314;771;127.78;64.87;;;
37.132934;-3.942898;659;0;0;2315;770;127.8;64.85;;;
37.133078;-3.943033;659;0;0;2315;770;127.82;64.83;;;
37.133225;-3.943162;659;0;0;2315;770;127.84;64.81;;;
37.133394;-3.943240;659;0;0;2315;770;127.86;64.79;;;
37.133570;-3.943278;659;0;0;2315;770;127.88;64.77;;;
37.133745;-3.943236;659;0;0;2315;770;127.9;64.75;30;;
37.133917;-3.943172;660;0;0;2315;770;127.92;64.73;;;
37.134088;-3.943103;660;0;0;2315;770;127.94;64.71;;;
37.134260;-3.943034;660;0;0;2315;770;127.96;64.69;;;
37.134431;-3.942964;660;0;0;2315;770;127.98;64.67;;;
37.134602;-3.942895;660;0;0;2315;770;128;64.65;;;
37.134944;-3.942756;660;0;0;2315;770;128.04;64.61;;;
37.135122;-3.942744;660;0;0;2315;770;128.06;64.59;;;
37.135481;-3.942758;660;0;0;2315;770;128.1;64.55;;;
37.135661;-3.942766;660;0;0;2315;770;128.12;64.53;;;
37.136020;-3.942789;660;0;0;2316;769;128.16;64.49;;;
37.136198;-3.942821;660;0;0;2316;769;128.18;64.47;;;
37.136551;-3.942898;660;0;0;2316;769;128.22;64.43;;;
37.136700;-3.943022;661;0;0;2316;769;128.24;64.41;;;
37.136839;-3.943165;661;0;0;2316;769;128.26;64.39;;;
37.136978;-3.943308;661;0;0;2316;769;128.28;64.37;;;
37.137256;-3.943594;661;0;0;2316;769;128.32;64.33;;;
37.137409;-3.943702;661;0;0;2316;769;128.34;64.31;;;
37.137757;-3.943818;661;0;0;2316;769;128.38;64.27;;;
37.137931;-3.943876;661;0;0;2316;769;128.4;64.25;;;
37.138225;-3.943714;661;0;0;2316;769;128.44;64.21;;;
37.138331;-3.943532;661;0;0;2317;768;128.46;64.19;;;
37.138625;-3.943397;661;0;0;2317;768;128.5;64.15;;;
37.138839;-3.943759;662;0;0;2317;768;128.54;64.11;;;
37.138949;-3.943937;662;0;0;2317;768;128.56;64.09;;;
37.139188;-3.944275;662;0;0;2317;768;128.6;64.05;;;
37.139307;-3.944444;662;0;0;2317;768;128.62;64.03;;;
37.139488;-3.944813;662;0;0;2317;768;128.66;63.99;;;
37.139506;-3.945038;662;0;0;2317;768;128.68;63.97;;;
37.139725;-3.945363;662;0;0;2317;768;128.72;63.93;;;
37.139882;-3.945474;662;0;0;2317;768;128.74;63.91;;;
37.140039;-3.945585;662;0;0;2317;768;128.76;63.89;;;
37.140195;-3.945696;662;0;0;2317;768;128.78;63.87;;;
37.140503;-3.945928;662;0;0;2317;768;128.82;63.83;;;
37.140648;-3.946062;662;0;0;2317;768;128.84;63.81;;;
37.140913;-3.946362;662;0;0;2317;768;128.88;63.77;;;
37.141027;-3.946536;662;0;0;2317;768;128.9;63.75;;;
37.141256;-3.946884;662;0;0;2317;768;128.94;63.71;;;
37.141379;-3.947048;662;0;0;2317;768;128.96;63.69;;;
37.141661;-3.947328;662;0;0;2317;768;129;63.65;;;
37.141943;-3.947607;662;0;0;2317;768;129.04;63.61;;;
37.142084;-3.947747;662;0;0;2317;768;129.06;63.59;;;
37.142369;-3.948023;662;0;0;2317;768;129.1;63.55;;;
37.142516;-3.948154;662;0;0;2317;768;129.12;63.53;;;
37.142814;-3.948406;662;0;0;2317;768;129.16;63.49;;;
37.142966;-3.948525;662;0;0;2317;768;129.18;63.47;;;
37.143299;-3.948674;662;0;0;2317;768;129.22;63.43;;;
37.143476;-3.948715;662;0;0;2317;768;129.24;63.41;;;
37.143652;-3.948685;662;0;0;2317;768;129.26;63.39;;;
37.143818;-3.948599;662;0;-1;2317;768;129.28;63.37;;;
37.144160;-3.948683;661;0;-1;2317;768;129.32;63.33;;;
37.144310;-3.948809;661;0;-1;2317;768;129.34;63.31;;;
37.144609;-3.949059;661;0;-1;2317;768;129.38;63.27;;;
37.144758;-3.949185;660;0;-1;2317;768;129.4;63.25;;;
37.145057;-3.949436;660;0;-1;2317;768;129.44;63.21;;;
37.145213;-3.949544;660;0;-1;2317;768;129.46;63.19;;;
37.145560;-3.949664;659;0;-1;2317;768;129.5;63.15;;;
37.145907;-3.949784;659;0;-1;2317;768;129.54;63.11;;;
37.146062;-3.949897;659;0;-2;2317;768;129.56;63.09;;;
37.146370;-3.950130;658;0;-2;2317;768;129.6;63.05;;;
37.146524;-3.950246;658;0;-2;2317;768;129.62;63.03;;;
37.146825;-3.950492;657;0;-2;2317;768;129.66;62.99;;;
37.146948;-3.950654;656;0;-3;2317;768;129.68;62.97;;;
37.147147;-3.951030;655;0;-3;2317;768;129.72;62.93;;;
37.147246;-3.951218;654;0;-3;2317;768;129.74;62.91;;;
37.147342;-3.951409;654;0;-3;2317;768;129.76;62.89;;;
37.147435;-3.951602;653;0;-3;2317;768;129.78;62.87;;;
37.147622;-3.951988;652;0;-3;2317;768;129.82;62.83;;;
37.147715;-3.952181;651;0;-3;2317;768;129.84;62.81;;;
37.147902;-3.952567;650;0;-3;2317;768;129.88;62.77;;;
37.147995;-3.952760;650;0;-3;2317;768;129.9;62.75;;;
37.148285;-3.953011;648;0;-3;2317;768;129.94;62.71;;;
37.148450;-3.953100;647;0;-4;2317;768;129.96;62.69;;;
37.148780;-3.953280;646;0;-4;2317;768;130;62.65;;;
37.149110;-3.953459;645;0;-4;2317;768;130.04;62.61;;;
37.149275;-3.953549;644;0;-4;2317;768;130.06;62.59;;;
37.149575;-3.953786;642;0;-3;2317;768;130.1;62.55;;;
37.149695;-3.953954;642;0;-3;2317;768;130.12;62.53;;;
37.149924;-3.954301;640;0;-3;2317;768;130.16;62.49;;;
37.150038;-3.954476;640;0;-3;2317;768;130.18;62.47;;;
37.150264;-3.954828;638;0;-3;2317;768;130.22;62.43;;;
37.150376;-3.955004;638;0;-3;2317;768;130.24;62.41;;;
37.150488;-3.955181;637;0;-4;2317;768;130.26;62.39;;;
37.150600;-3.955357;636;0;-4;2317;768;130.28;62.37;;;
37.150825;-3.955709;635;0;-4;2317;768;130.32;62.33;;;
37.150937;-3.955885;634;0;-4;2317;768;130.34;62.31;;;
37.151172;-3.956227;633;0;-4;2317;768;130.38;62.27;;;
37.151293;-3.956394;632;0;-5;2317;768;130.4;62.25;;;
37.151557;-3.956700;629;0;-5;2317;768;130.44;62.21;;;
37.151695;-3.956845;628;0;-5;2317;768;130.46;62.19;;;
37.151975;-3.957128;627;0;-5;2317;768;130.5;62.15;;;
37.152255;-3.957411;625;0;-4;2317;768;130.54;62.11;;;
37.152396;-3.957552;624;0;-4;2317;768;130.56;62.09;;;
37.152676;-3.957836;622;0;-4;2317;768;130.6;62.05;;;
37.152837;-3.957936;622;0;-4;2317;768;130.62;62.03;;;
37.153159;-3.958135;620;0;-4;2317;768;130.66;61.99;;;
37.153321;-3.958235;619;0;-4;2317;768;130.68;61.97;;;
37.153644;-3.958434;618;0;-4;2317;768;130.72;61.93;;;
37.153813;-3.958509;617;0;-4;2317;768;130.74;61.91;;;
37.153986;-3.958571;616;0;-4;2317;768;130.76;61.89;;;
37.154158;-3.958633;615;0;-4;2317;768;130.78;61.87;;;
37.154505;-3.958755;614;0;-4;2317;768;130.82;61.83;;;
37.154679;-3.958812;613;0;-5;2317;768;130.84;61.81;;;
37.155027;-3.958925;611;0;-5;2317;768;130.88;61.77;;;
37.155174;-3.959041;610;0;-5;2317;768;130.9;61.75;;;
37.155218;-3.959465;607;0;-5;2317;768;130.94;61.71;;;
37.155167;-3.959682;606;0;-5;2317;768;130.96;61.69;;;
37.155064;-3.960114;605;0;-3;2317;768;131;61.65;;;
37.154963;-3.960547;603;0;-3;2317;768;131.04;61.61;;;
37.154912;-3.960764;603;0;-2;2317;768;131.06;61.59;;;
37.154827;-3.961202;602;0;-2;2317;768;131.1;61.55;;;
37.154814;-3.961425;602;0;-2;2317;768;131.12;61.53;;;
37.154934;-3.961843;601;0;-1;2317;768;131.16;61.49;;;
37.155058;-3.962006;601;0;-1;2317;768;131.18;61.47;;;
37.155352;-3.962266;601;0;0;2317;768;131.22;61.43;;;
37.155502;-3.962390;601;0;1;2317;768;131.24;61.41;;;
37.155652;-3.962515;601;0;1;2317;768;131.26;61.39;;;
37.155818;-3.962599;601;0;1;2318;767;131.28;61.37;;;
37.156112;-3.962403;602;0;2;2319;766;131.32;61.33;;;
37.156214;-3.962217;603;0;2;2319;766;131.34;61.31;;;
37.156418;-3.961845;603;0;3;2320;765;131.38;61.27;;;
37.156520;-3.961659;604;0;3;2320;765;131.4;61.25;31;;
37.156737;-3.961300;605;0;3;2322;763;131.44;61.21;;;
37.156867;-3.961144;606;0;4;2323;762;131.46;61.19;;;
37.157151;-3.960868;607;0;5;2324;761;131.5;61.15;;;
37.157462;-3.960652;609;0;5;2326;759;131.54;61.11;;;
37.157632;-3.960577;611;0;6;2327;758;131.56;61.09;;;
37.157981;-3.960469;613;0;6;2330;755;131.6;61.05;;;
37.158158;-3.960436;614;0;6;2331;754;131.62;61.03;;;
37.158517;-3.960434;617;0;6;2333;752;131.66;60.99;;;
37.158696;-3.960460;618;0;6;2334;751;131.68;60.97;;;
37.159053;-3.960510;620;0;6;2337;748;131.72;60.93;;;
37.159232;-3.960535;621;0;6;2338;747;131.74;60.91;;;
37.159411;-3.960561;622;0;6;2339;746;131.76;60.89;;;
37.159589;-3.960586;624;0;6;2340;745;131.78;60.87;;;
37.159947;-3.960636;626;0;6;2343;742;131.82;60.83;;;
37.160125;-3.960662;627;0;6;2344;741;131.84;60.81;;;
37.160483;-3.960713;629;0;6;2346;739;131.88;60.77;;;
37.160662;-3.960738;631;0;6;2347;738;131.9;60.75;;;
37.161019;-3.960789;633;0;6;2349;736;131.94;60.71;;;
37.161198;-3.960814;634;0;6;2350;735;131.96;60.69;;;
37.161557;-3.960838;636;0;6;2353;732;132;60.65;;;
37.161911;-3.960772;639;0;7;2355;730;132.04;60.61;;;
37.162084;-3.960710;640;0;7;2357;728;132.06;60.59;;;
37.162408;-3.960517;643;0;6;2360;725;132.1;60.55;;;
37.162556;-3.960389;644;0;6;2361;724;132.12;60.53;;;
37.162822;-3.960090;646;0;4;2363;722;132.16;60.49;;;
37.162938;-3.959917;647;0;4;2364;721;132.18;60.47;;;
37.163131;-3.959538;648;0;2;2365;720;132.22;60.43;;;
37.163217;-3.959340;648;0;2;2365;720;132.24;60.41;;;
37.163302;-3.959142;649;0;1;2365;720;132.26;60.39;;;
37.163388;-3.958943;649;0;1;2365;720;132.28;60.37;;;
37.163560;-3.958546;649;0;1;2366;719;132.32;60.33;;;
37.163645;-3.958348;649;0;0;2366;719;132.34;60.31;;;
37.163817;-3.957951;649;0;0;2366;719;132.38;60.27;;;
37.163903;-3.957753;649;0;0;2366;719;132.4;60.25;;;
37.164075;-3.957356;649;0;0;2366;719;132.44;60.21;;;
37.164161;-3.957158;649;0;-1;2366;719;132.46;60.19;;;
37.164328;-3.956759;649;0;-1;2366;719;132.5;60.15;;;
37.164486;-3.956353;648;0;-1;2366;719;132.54;60.11;;;
37.164571;-3.956154;648;0;-2;2366;719;132.56;60.09;;;
37.164740;-3.955756;647;0;-2;2366;719;132.6;60.05;;;
37.164825;-3.955557;647;0;-2;2366;719;132.62;60.03;;;
37.164950;-3.955135;646;0;-3;2366;719;132.66;59.99;;;
37.164989;-3.954915;645;0;-3;2366;719;132.68;59.97;;;
37.165039;-3.954468;644;0;-3;2366;719;132.72;59.93;;;
37.165042;-3.954243;643;0;-3;2366;719;132.74;59.91;;;
37.165045;-3.954017;643;0;-3;2366;719;132.76;59.89;;;
37.165048;-3.953791;642;0;-3;2366;719;132.78;59.87;;;
37.165053;-3.953340;641;0;-3;2366;719;132.82;59.83;;;
37.165056;-3.953114;640;0;-3;2366;719;132.84;59.81;;;
37.165062;-3.952663;639;0;-3;2366;719;132.88;59.77;;;
37.165065;-3.952437;639;0;-3;2366;719;132.9;59.75;;;
37.165083;-3.951987;637;0;-4;2366;719;132.94;59.71;;;
37.165096;-3.951762;636;0;-4;2366;719;132.96;59.69;;;
37.165158;-3.951319;634;0;-5;2366;719;133;59.65;;;
37.165259;-3.950886;632;0;-5;2366;719;133.04;59.61;;;
37.165324;-3.950676;631;0;-5;2366;719;133.06;59.59;;;
37.165485;-3.950275;629;0;-5;2366;719;133.1;59.55;;;
37.165581;-3.950083;628;0;-5;2366;719;133.12;59.53;;;
37.165813;-3.949740;626;0;-5;2366;719;133.16;59.49;;;
37.165938;-3.949579;625;0;-5;2366;719;133.18;59.47;;;
37.166227;-3.949311;623;0;-6;2366;719;133.22;59.43;;;
37.166373;-3.949179;622;0;-5;2366;719;133.24;59.41;;;
37.166529;-3.949065;621;0;-5;2366;719;133.26;59.39;;;
37.166696;-3.948984;619;0;-5;2366;719;133.28;59.37;;;
37.167039;-3.948849;617;0;-5;2366;719;133.32;59.33;;;
37.167211;-3.948781;616;0;-5;2366;719;133.34;59.31;;;
37.167566;-3.948712;614;0;-5;2366;719;133.38;59.27;;;
37.167744;-3.948689;613;0;-5;2366;719;133.4;59.25;;;
37.168104;-3.948703;611;0;-5;2366;719;133.44;59.21;;;
37.168284;-3.948712;610;0;-5;2366;719;133.46;59.19;;;
37.168642;-3.948746;608;0;-5;2366;719;133.5;59.15;;;
37.169001;-3.948779;606;0;-5;2366;719;133.54;59.11;;;
37.169180;-3.948796;605;0;-5;2366;719;133.56;59.09;;;
37.169539;-3.948829;604;0;-4;2366;719;133.6;59.05;;;
37.169719;-3.948845;603;0;-4;2366;719;133.62;59.03;;;
37.170077;-3.948878;601;0;-4;2366;719;133.66;58.99;;;
37.170257;-3.948895;600;0;-4;2366;719;133.68;58.97;;;
37.170615;-3.948928;598;0;-4;2366;719;133.72;58.93;;;
37.170795;-3.948945;598;0;-4;2366;719;133.74;58.91;;;
37.170974;-3.948962;597;0;-4;2366;719;133.76;58.89;;;
37.171154;-3.948978;596;0;-4;2366;719;133.78;58.87;;;
37.171512;-3.949011;594;0;-4;2366;719;133.82;58.83;;;
37.171692;-3.949028;593;0;-4;2366;719;133.84;58.81;;;
37.172050;-3.949061;592;0;-4;2366;719;133.88;58.77;;;
37.172230;-3.949077;591;0;-4;2366;719;133.9;58.75;;;
37.172589;-3.949111;590;0;-3;2366;719;133.94;58.71;;;
37.172768;-3.949128;589;0;-3;2366;719;133.96;58.69;;;
37.173127;-3.949160;588;0;-3;2366;719;134;58.65;;;
37.173485;-3.949194;586;0;-3;2366;719;134.04;58.61;;;
37.173665;-3.949210;586;0;-3;2366;719;134.06;58.59;;;
37.174024;-3.949243;585;0;-3;2366;719;134.1;58.55;;;
37.174203;-3.949250;584;0;-3;2366;719;134.12;58.53;;;
37.174563;-3.949256;583;0;-3;2366;719;134.16;58.49;;;
37.174743;-3.949258;582;0;-3;2366;719;134.18;58.47;;;
37.175103;-3.949264;581;0;-3;2366;719;134.22;58.43;;;
37.175282;-3.949267;580;0;-2;2366;719;134.24;58.41;;;
37.175462;-3.949265;580;0;-2;2366;719;134.26;58.39;;;
37.175642;-3.949259;579;0;-2;2366;719;134.28;58.37;;;
37.176002;-3.949248;579;0;-2;2366;719;134.32;58.33;;;
37.176181;-3.949241;578;0;-2;2366;719;134.34;58.31;;;
37.176541;-3.949223;578;0;-2;2366;719;134.38;58.27;;;
37.176721;-3.949212;577;0;-2;2366;719;134.4;58.25;;;
37.177080;-3.949190;577;0;-1;2366;719;134.44;58.21;;;
37.177260;-3.949180;576;0;-1;2366;719;134.46;58.19;;;
37.177619;-3.949159;576;0;-1;2366;719;134.5;58.15;;;
37.177978;-3.949137;575;0;-1;2366;719;134.54;58.11;;;
37.178158;-3.949127;575;0;-1;2366;719;134.56;58.09;;;
37.178517;-3.949106;575;0;-1;2366;719;134.6;58.05;;;
37.178697;-3.949095;575;0;-1;2366;719;134.62;58.03;;;
37.179056;-3.949066;574;0;-1;2366;719;134.66;57.99;;;
37.179235;-3.949048;574;0;-1;2366;719;134.68;57.97;;;
37.179594;-3.949013;574;0;0;2366;719;134.72;57.93;;;
37.179773;-3.948990;574;0;0;2366;719;134.74;57.91;;;
37.179951;-3.948965;574;0;0;2366;719;134.76;57.89;;;
37.180130;-3.948940;574;0;0;2366;719;134.78;57.87;;;
37.180487;-3.948884;574;0;0;2366;719;134.82;57.83;;;
37.180639;-3.948772;574;0;0;2366;719;134.84;57.81;;;
37.180929;-3.948548;574;0;0;2366;719;134.88;57.77;;;
37.181087;-3.948629;574;0;0;2366;719;134.9;57.75;;;
37.181439;-3.948572;574;0;0;2366;719;134.94;57.71;;;
37.181605;-3.948487;574;0;0;2366;719;134.96;57.69;;;
37.181939;-3.948318;574;0;0;2366;719;135;57.65;;;
37.182266;-3.948427;574;0;0;2367;718;135.04;57.61;;;
37.182376;-3.948602;574;0;0;2367;718;135.06;57.59;;;
37.182347;-3.949051;574;0;0;2367;718;135.1;57.55;;;
37.182328;-3.949275;574;0;0;2367;718;135.12;57.53;;;
37.182321;-3.949725;574;0;0;2367;718;135.16;57.49;;;
37.182347;-3.949947;574;0;0;2367;718;135.18;57.47;;;
37.182445;-3.950381;574;0;0;2367;718;135.22;57.43;32;;
37.182503;-3.950595;574;0;0;2367;718;135.24;57.41;;;
37.182562;-3.950809;574;0;0;2367;718;135.26;57.39;;;
37.182619;-3.951022;574;0;0;2367;718;135.28;57.37;;;
37.182751;-3.951442;574;0;0;2367;718;135.32;57.33;;;
37.182819;-3.951651;574;0;0;2367;718;135.34;57.31;;;
37.182956;-3.952069;574;0;0;2367;718;135.38;57.27;;;
37.183023;-3.952278;574;0;0;2367;718;135.4;57.25;;;
37.183160;-3.952696;574;0;0;2367;718;135.44;57.21;;;
37.183228;-3.952905;574;0;0;2367;718;135.46;57.19;;;
37.183364;-3.953323;573;0;0;2367;718;135.5;57.15;;;
37.183501;-3.953741;573;0;-1;2367;718;135.54;57.11;;;
37.183568;-3.953950;573;0;0;2367;718;135.56;57.09;;;
37.183705;-3.954367;573;0;0;2367;718;135.6;57.05;;;
37.183773;-3.954576;573;0;0;2367;718;135.62;57.03;;;
37.183909;-3.954994;573;0;-1;2367;718;135.66;56.99;;;
37.183977;-3.955203;573;0;-1;2367;718;135.68;56.97;;;
37.184114;-3.955621;572;0;-1;2367;718;135.72;56.93;;;
37.184182;-3.955830;572;0;-1;2367;718;135.74;56.91;;;
37.184250;-3.956039;572;0;-1;2367;718;135.76;56.89;;;
37.184318;-3.956248;572;0;-1;2367;718;135.78;56.87;;;
37.184454;-3.956666;572;0;-1;2367;718;135.82;56.83;;;
37.184534;-3.956868;572;0;-1;2367;718;135.84;56.81;;;
37.184702;-3.957263;571;0;-1;2367;718;135.88;56.77;;;
37.184876;-3.957291;571;0;-1;2367;718;135.9;56.75;;;
37.185203;-3.957108;570;0;-1;2367;718;135.94;56.71;;;
37.185362;-3.957002;570;0;-1;2367;718;135.96;56.69;;;
37.185674;-3.956778;570;0;-1;2367;718;136;56.65;33;;
37.185986;-3.956552;569;0;-1;2367;718;136.04;56.61;;;
37.186142;-3.956441;569;0;-1;2367;718;136.06;56.59;;;
37.186454;-3.956215;568;0;-1;2367;718;136.1;56.55;;;
37.186610;-3.956103;568;0;-1;2367;718;136.12;56.53;;;
37.186922;-3.955878;567;0;-2;2367;718;136.16;56.49;;;
37.187078;-3.955765;567;0;-2;2367;718;136.18;56.47;;;
37.187394;-3.955553;566;0;-2;2367;718;136.22;56.43;;;
37.187568;-3.955494;566;0;-2;2367;718;136.24;56.41;;;
37.187742;-3.955439;565;0;-2;2367;718;136.26;56.39;;;
37.187917;-3.955384;565;0;-2;2367;718;136.28;56.37;;;
37.188272;-3.955337;564;0;-2;2367;718;136.32;56.33;;;
37.188442;-3.955406;564;0;-2;2367;718;136.34;56.31;;;
37.188782;-3.955553;563;0;-2;2367;718;136.38;56.27;;;
37.188957;-3.955608;562;0;-2;2367;718;136.4;56.25;;;
37.189297;-3.955745;562;0;-2;2367;718;136.44;56.21;;;
37.189438;-3.955882;562;0;-2;2367;718;136.46;56.19;;;
37.189714;-3.956133;561;0;-1;2367;718;136.5;56.15;;;
37.189671;-3.955764;560;0;-1;2367;718;136.54;56.11;;;
37.189602;-3.955556;560;0;-1;2367;718;136.56;56.09;;;
37.189460;-3.955144;560;0;0;2367;718;136.6;56.05;;;
37.189442;-3.954921;560;0;0;2367;718;136.62;56.03;;;
37.189591;-3.954512;560;0;1;2367;718;136.66;55.99;;;
37.189677;-3.954313;560;0;1;2367;718;136.68;55.97;;;
37.189849;-3.953917;561;0;1;2368;717;136.72;55.93;;;
37.189935;-3.953719;561;0;2;2368;717;136.74;55.91;;;
37.190022;-3.953520;562;0;2;2368;717;136.76;55.89;;;
37.190108;-3.953322;562;0;2;2369;716;136.78;55.87;;;
37.190279;-3.952925;563;0;3;2370;715;136.82;55.83;;;
37.190365;-3.952727;563;0;3;2370;715;136.84;55.81;;;
37.190610;-3.952432;565;0;3;2372;713;136.88;55.77;;;
37.190770;-3.952523;566;0;3;2373;712;136.9;55.75;;;
37.191076;-3.952762;567;0;4;2374;711;136.94;55.71;;;
37.191228;-3.952882;568;0;4;2374;711;136.96;55.69;;;
37.191545;-3.953085;569;0;4;2376;709;137;55.65;;;
37.191835;-3.952837;572;0;4;2378;707;137.04;55.61;;;
37.191951;-3.952664;572;0;4;2379;706;137.06;55.59;;;
37.192182;-3.952318;574;0;3;2380;705;137.1;55.55;;;
37.192297;-3.952145;574;0;3;2381;704;137.12;55.53;;;
37.192527;-3.951798;576;0;3;2382;703;137.16;55.49;;;
37.192642;-3.951624;576;0;3;2383;702;137.18;55.47;;;
37.192873;-3.951278;578;0;3;2384;701;137.22;55.43;;;
37.192989;-3.951105;578;0;3;2385;700;137.24;55.41;;;
37.193104;-3.950932;579;0;3;2386;699;137.26;55.39;;;
37.193219;-3.950758;580;0;3;2386;699;137.28;55.37;;;
37.193450;-3.950412;581;0;3;2388;697;137.32;55.33;;;
37.193565;-3.950238;581;0;3;2388;697;137.34;55.31;;;
37.193791;-3.949888;583;0;3;2389;696;137.38;55.27;;;
37.193865;-3.949684;583;0;3;2390;695;137.4;55.25;;;
37.193840;-3.949242;585;0;3;2392;693;137.44;55.21;;;
37.193787;-3.949026;586;0;3;2392;693;137.46;55.19;;;
37.193680;-3.948595;586;0;2;2393;692;137.5;55.15;;;
37.193644;-3.948159;587;0;1;2394;691;137.54;55.11;;;
37.193779;-3.948033;587;0;1;2394;691;137.56;55.09;;;
37.194135;-3.947971;588;0;0;2394;691;137.6;55.05;;;
37.194307;-3.948007;588;0;0;2394;691;137.62;55.03;;;
37.194632;-3.948194;587;0;-1;2394;691;137.66;54.99;;;
37.194810;-3.948187;587;0;-1;2394;691;137.68;54.97;;;
37.195167;-3.948148;587;0;-1;2394;691;137.72;54.93;;;
37.195347;-3.948148;586;0;-2;2394;691;137.74;54.91;;;
37.195527;-3.948148;586;0;-3;2394;691;137.76;54.89;;;
37.195707;-3.948148;586;0;-3;2394;691;137.78;54.87;;;
37.196063;-3.948119;584;0;-4;2394;691;137.82;54.83;;;
37.196224;-3.948025;583;0;-4;2394;691;137.84;54.81;;;
37.196444;-3.947675;581;0;-5;2394;691;137.88;54.77;;;
37.196551;-3.947497;580;0;-5;2394;691;137.9;54.75;;;
37.196863;-3.947280;578;0;-4;2394;691;137.94;54.71;;;
37.197039;-3.947233;578;0;-5;2394;691;137.96;54.69;;;
37.197390;-3.947136;576;0;-5;2394;691;138;54.65;;;
37.197728;-3.946998;574;0;-5;2394;691;138.04;54.61;;;
37.197875;-3.946868;573;0;-6;2394;691;138.06;54.59;;;
37.198143;-3.946567;570;0;-6;2394;691;138.1;54.55;;;
37.198274;-3.946413;569;0;-6;2394;691;138.12;54.53;;;
37.198611;-3.946261;566;0;-7;2394;691;138.16;54.49;;;
37.198785;-3.946203;565;0;-7;2394;691;138.18;54.47;;;
37.199138;-3.946155;562;0;-7;2394;691;138.22;54.43;;;
37.199316;-3.946188;561;0;-7;2394;691;138.24;54.41;;;
37.199491;-3.946155;559;0;-8;2394;691;138.26;54.39;;;
37.199659;-3.946075;557;0;-8;2394;691;138.28;54.37;;;
37.199978;-3.945870;555;0;-8;2394;691;138.32;54.33;;;
37.200130;-3.945749;553;0;-8;2394;691;138.34;54.31;;;
37.200401;-3.945454;549;0;-9;2394;691;138.38;54.27;;;
37.200547;-3.945325;548;0;-8;2394;691;138.4;54.25;;;
37.200886;-3.945207;544;0;-9;2394;691;138.44;54.21;;;
37.201063;-3.945248;543;0;-9;2394;691;138.46;54.19;;;
37.201417;-3.945328;540;0;-10;2394;691;138.5;54.15;;;
37.201697;-3.945107;534;0;-10;2394;691;138.54;54.11;;;
37.201790;-3.944914;532;0;-10;2394;691;138.56;54.09;;;
37.202015;-3.944563;529;0;-10;2394;691;138.6;54.05;;;
37.202114;-3.944377;526;0;-10;2394;691;138.62;54.03;;;
37.202145;-3.943929;522;0;-9;2394;691;138.66;53.99;;;
37.202108;-3.943709;520;0;-8;2394;691;138.68;53.97;;;
37.201910;-3.943336;518;0;-7;2394;691;138.72;53.93;;;
37.201802;-3.943155;517;0;-6;2394;691;138.74;53.91;;;
37.201728;-3.942949;515;0;-5;2394;691;138.76;53.89;;;
37.201701;-3.942726;514;0;-5;2394;691;138.78;53.87;;;
37.201645;-3.942280;512;0;-5;2394;691;138.82;53.83;;;
37.201618;-3.942057;512;0;-5;2394;691;138.84;53.81;;;
37.201685;-3.941621;509;0;-4;2394;691;138.88;53.77;;;
37.201784;-3.941435;508;0;-4;2394;691;138.9;53.75;;;
37.202118;-3.941409;507;0;-3;2394;691;138.94;53.71;;;
37.202293;-3.941461;506;0;-2;2394;691;138.96;53.69;;;
37.202641;-3.941576;506;0;-1;2394;691;139;53.65;;;
37.202921;-3.941848;505;0;-1;2394;691;139.04;53.61;;;
37.203029;-3.942027;505;0;-1;2394;691;139.06;53.59;;;
37.203269;-3.942350;505;0;0;2394;691;139.1;53.55;;;
37.203429;-3.942454;505;0;0;2394;691;139.12;53.53;;;
37.203754;-3.942648;505;0;1;2394;691;139.16;53.49;;;
37.203919;-3.942733;505;0;1;2395;690;139.18;53.47;;;
37.204275;-3.942796;506;0;1;2395;690;139.22;53.43;;;
37.204453;-3.942826;506;0;1;2395;690;139.24;53.41;;;
37.204631;-3.942857;506;0;1;2395;690;139.26;53.39;;;
37.204810;-3.942827;507;0;2;2396;689;139.28;53.37;;;
37.205140;-3.942672;507;0;2;2397;688;139.32;53.33;;;
37.205296;-3.942558;508;0;2;2397;688;139.34;53.31;;;
37.205606;-3.942329;508;0;2;2398;687;139.38;53.27;;;
37.205771;-3.942246;509;0;2;2398;687;139.4;53.25;;;
37.206122;-3.942149;510;0;2;2399;686;139.44;53.21;;;
37.206296;-3.942163;510;0;2;2399;686;139.46;53.19;;;
37.206642;-3.942287;511;0;3;2400;685;139.5;53.15;;;
37.206984;-3.942423;512;0;3;2401;684;139.54;53.11;;;
37.207162;-3.942458;513;0;3;2402;683;139.56;53.09;;;
37.207517;-3.942529;514;0;3;2403;682;139.6;53.05;;;
37.207690;-3.942578;515;0;3;2404;681;139.62;53.03;;;
37.207974;-3.942855;516;0;4;2405;680;139.66;52.99;;;
37.208109;-3.943004;517;0;4;2406;679;139.68;52.97;;;
37.208378;-3.943304;518;0;4;2408;677;139.72;52.93;;;
37.208513;-3.943453;519;0;4;2408;677;139.74;52.91;;;
37.208658;-3.943583;520;0;4;2409;676;139.76;52.89;;;
37.208821;-3.943679;521;0;5;2410;675;139.78;52.87;;;
37.209141;-3.943883;523;0;5;2412;673;139.82;52.83;;;
37.209294;-3.944003;524;0;5;2413;672;139.84;52.81;;;
37.209621;-3.944181;526;0;5;2415;670;139.88;52.77;;;
37.209793;-3.944247;527;0;5;2416;669;139.9;52.75;;;
37.210137;-3.944378;529;0;5;2418;667;139.94;52.71;;;
37.210285;-3.944506;530;0;5;2419;666;139.96;52.69;;;
37.210600;-3.944719;533;0;5;2422;663;140;52.65;;;
37.210934;-3.944886;534;0;5;2424;661;140.04;52.61;;;
37.211101;-3.944970;535;0;5;2424;661;140.06;52.59;;;
37.211435;-3.945137;537;0;5;2426;659;140.1;52.55;;;
37.211595;-3.945238;538;0;5;2427;658;140.12;52.53;;;
37.211889;-3.945498;540;0;6;2430;655;140.16;52.49;;;
37.212036;-3.945629;542;0;6;2431;654;140.18;52.47;;;
37.212330;-3.945889;544;0;6;2433;652;140.22;52.43;;;
37.212477;-3.946019;545;0;6;2434;651;140.24;52.41;;;
37.212624;-3.946149;546;0;6;2435;650;140.26;52.39;;;
37.212771;-3.946279;547;0;6;2437;648;140.28;52.37;;;
37.213065;-3.946539;550;0;6;2439;646;140.32;52.33;;;
37.213212;-3.946670;551;0;6;2440;645;140.34;52.31;;;
37.213522;-3.946893;553;0;6;2443;642;140.38;52.27;;;
37.213687;-3.946984;555;0;5;2444;641;140.4;52.25;;;
37.214029;-3.947117;557;0;5;2446;639;140.44;52.21;;;
37.214205;-3.947161;558;0;5;2447;638;140.46;52.19;;;
37.214561;-3.947200;560;0;5;2449;636;140.5;52.15;;;
37.214920;-3.947180;562;0;5;2451;634;140.54;52.11;;;
37.215100;-3.947171;562;0;5;2452;633;140.56;52.09;;;
37.215459;-3.947152;564;0;4;2453;632;140.6;52.05;;;
37.215629;-3.947092;565;0;4;2454;631;140.62;52.03;;;
37.215952;-3.946893;567;0;5;2456;629;140.66;51.99;;;
37.216116;-3.946805;568;0;5;2457;628;140.68;51.97;;;
37.216474;-3.946760;570;0;5;2459;626;140.72;51.93;;;
37.216653;-3.946752;571;0;4;2460;625;140.74;51.91;;;
37.216833;-3.946746;572;0;4;2461;624;140.76;51.89;;;
37.217013;-3.946739;572;0;4;2462;623;140.78;51.87;;;
37.217373;-3.946727;574;0;4;2463;622;140.82;51.83;;;
37.217552;-3.946720;575;0;4;2464;621;140.84;51.81;;;
37.217912;-3.946707;576;0;3;2465;620;140.88;51.77;;;
37.218092;-3.946701;577;0;3;2466;619;140.9;51.75;;;
37.218451;-3.946689;578;0;3;2467;618;140.94;51.71;;;
37.218631;-3.946682;579;0;4;2468;617;140.96;51.69;;;
37.218991;-3.946669;580;0;3;2469;616;141;51.65;;;
37.219350;-3.946668;582;0;3;2471;614;141.04;51.61;;;
37.219508;-3.946564;582;0;3;2471;614;141.06;51.59;;;
37.219799;-3.946316;583;0;3;2473;612;141.1;51.55;;;
37.219976;-3.946275;584;0;3;2473;612;141.12;51.53;;;
37.220329;-3.946191;585;0;2;2474;611;141.16;51.49;;;
37.220506;-3.946149;585;0;2;2475;610;141.18;51.47;;;
37.220860;-3.946066;586;0;2;2475;610;141.22;51.43;;;
37.221036;-3.946024;587;0;2;2476;609;141.24;51.41;;;
37.221213;-3.945982;587;0;2;2476;609;141.26;51.39;;;
37.221390;-3.945940;587;0;2;2476;609;141.28;51.37;;;
37.221743;-3.945857;588;0;2;2477;608;141.32;51.33;;;
37.221920;-3.945814;588;0;2;2477;608;141.34;51.31;;;
37.222276;-3.945783;589;0;2;2478;607;141.38;51.27;;;
37.222445;-3.945857;590;0;2;2479;606;141.4;51.25;;;
37.222757;-3.946081;590;0;2;2479;606;141.44;51.21;;;
37.222914;-3.946192;591;0;2;2480;605;141.46;51.19;;;
37.223227;-3.946416;591;0;2;2480;605;141.5;51.15;34;;
37.223546;-3.946622;592;0;2;2481;604;141.54;51.11;;;
37.223708;-3.946721;592;0;2;2481;604;141.56;51.09;;;
37.224053;-3.946799;593;0;2;2482;603;141.6;51.05;;;
37.224231;-3.946772;593;0;1;2483;602;141.62;51.03;;;
37.224584;-3.946687;594;0;1;2483;602;141.66;50.99;;;
37.224758;-3.946631;594;0;1;2483;602;141.68;50.97;;;
37.225107;-3.946522;594;0;0;2484;601;141.72;50.93;;;
37.225283;-3.946474;594;0;0;2484;601;141.74;50.91;;;
37.225459;-3.946425;594;0;0;2484;601;141.76;50.89;;;
37.225634;-3.946377;594;0;0;2484;601;141.78;50.87;;;
37.225986;-3.946280;594;0;0;2484;601;141.82;50.83;;;
37.226162;-3.946232;594;0;-1;2484;601;141.84;50.81;;;
37.226513;-3.946135;594;0;-1;2484;601;141.88;50.77;;;
37.226689;-3.946087;594;0;-1;2484;601;141.9;50.75;;;
37.227040;-3.945990;593;0;-2;2484;601;141.94;50.71;;;
37.227216;-3.945941;593;0;-2;2484;601;141.96;50.69;;;
37.227567;-3.945845;592;0;-2;2484;601;142;50.65;;;
37.227924;-3.945808;591;0;-3;2484;601;142.04;50.61;;;
37.228096;-3.945862;590;0;-3;2484;601;142.06;50.59;;;
37.228424;-3.946037;589;0;-3;2484;601;142.1;50.55;;;
37.228564;-3.946177;588;0;-3;2484;601;142.12;50.53;;;
37.228801;-3.946518;587;0;-3;2484;601;142.16;50.49;;;
37.228898;-3.946706;587;0;-3;2484;601;142.18;50.47;;;
37.229061;-3.947109;585;0;-3;2484;601;142.22;50.43;;;
37.229142;-3.947311;585;0;-3;2484;601;142.24;50.41;;;
37.229223;-3.947512;584;0;-3;2484;601;142.26;50.39;;;
37.229304;-3.947714;583;0;-4;2484;601;142.28;50.37;;;
37.229467;-3.948117;582;0;-4;2484;601;142.32;50.33;;;
37.229548;-3.948318;581;0;-4;2484;601;142.34;50.31;;;
37.229711;-3.948721;580;0;-4;2484;601;142.38;50.27;;;
37.229792;-3.948923;579;0;-4;2484;601;142.4;50.25;;;
37.229955;-3.949326;577;0;-4;2484;601;142.44;50.21;;;
37.230036;-3.949527;577;0;-4;2484;601;142.46;50.19;;;
37.230199;-3.949930;575;0;-4;2484;601;142.5;50.15;;;
37.230361;-3.950333;574;0;-4;2484;601;142.54;50.11;;;
37.230442;-3.950535;573;0;-4;2484;601;142.56;50.09;;;
37.230605;-3.950938;571;0;-4;2484;601;142.6;50.05;;;
37.230686;-3.951140;570;0;-4;2484;601;142.62;50.03;;;
37.230849;-3.951542;569;0;-4;2484;601;142.66;49.99;;;
37.230930;-3.951744;568;0;-4;2484;601;142.68;49.97;;;
37.231093;-3.952147;567;0;-4;2484;601;142.72;49.93;;;
37.231174;-3.952349;566;0;-4;2484;601;142.74;49.91;;;
37.231255;-3.952550;565;0;-4;2484;601;142.76;49.89;;;
37.231337;-3.952751;564;0;-4;2484;601;142.78;49.87;;;
37.231499;-3.953155;563;0;-3;2484;601;142.82;49.83;;;
37.231580;-3.953356;562;0;-3;2484;601;142.84;49.81;;;
37.231743;-3.953759;561;0;-3;2484;601;142.88;49.77;;;
37.231824;-3.953961;560;0;-3;2484;601;142.9;49.75;;;
37.231987;-3.954364;559;0;-3;2484;601;142.94;49.71;;;
37.232068;-3.954566;559;0;-3;2484;601;142.96;49.69;;;
37.232230;-3.954969;557;0;-3;2484;601;143;49.65;;;
37.232382;-3.955378;556;0;-3;2484;601;143.04;49.61;;;
37.232458;-3.955583;556;0;-3;2484;601;143.06;49.59;;;
37.232561;-3.956014;555;0;-3;2484;601;143.1;49.55;;;
37.232576;-3.956239;554;0;-3;2484;601;143.12;49.53;;;
37.232583;-3.956690;553;0;-2;2484;601;143.16;49.49;;;
37.232579;-3.956916;553;0;-2;2484;601;143.18;49.47;;;
37.232570;-3.957368;552;0;-2;2484;601;143.22;49.43;;;
37.232565;-3.957593;552;0;-2;2484;601;143.24;49.41;;;
37.232561;-3.957819;551;0;-2;2484;601;143.26;49.39;;;
37.232556;-3.958045;551;0;-2;2484;601;143.28;49.37;;;
37.232547;-3.958497;551;0;-1;2484;601;143.32;49.33;;;
37.232542;-3.958723;550;0;-1;2484;601;143.34;49.31;;;
37.232533;-3.959174;550;0;-1;2484;601;143.38;49.27;;;
37.232528;-3.959400;549;0;-1;2484;601;143.4;49.25;;;
37.232519;-3.959852;549;0;-1;2484;601;143.44;49.21;;;
37.232514;-3.960078;549;0;-1;2484;601;143.46;49.19;;;
37.232506;-3.960529;548;0;-1;2484;601;143.5;49.15;;;
37.232497;-3.960981;548;0;-1;2484;601;143.54;49.11;;;
37.232492;-3.961207;548;0;-1;2484;601;143.56;49.09;;;
37.232482;-3.961658;548;0;-1;2484;601;143.6;49.05;;;
37.232478;-3.961884;548;0;-1;2484;601;143.62;49.03;;;
37.232469;-3.962336;547;0;0;2484;601;143.66;48.99;;;
37.232464;-3.962562;547;0;0;2484;601;143.68;48.97;;;
37.232427;-3.963009;547;0;0;2484;601;143.72;48.93;;;
37.232369;-3.963222;547;0;0;2484;601;143.74;48.91;;;
37.232281;-3.963419;547;0;0;2484;601;143.76;48.89;;;
37.232175;-3.963601;547;0;0;2484;601;143.78;48.87;;;
37.231967;-3.963964;547;0;0;2484;601;143.82;48.83;;;
37.231938;-3.964184;547;0;0;2484;601;143.84;48.81;;;
37.232013;-3.964614;547;0;0;2484;601;143.88;48.77;;;
37.232123;-3.964792;547;0;1;2484;601;143.9;48.75;;;
37.232447;-3.964960;548;0;1;2484;601;143.94;48.71;;;
37.232627;-3.964966;548;0;1;2484;601;143.96;48.69;;;
37.232986;-3.964977;548;0;1;2485;600;144;48.65;;;
37.233334;-3.964910;548;0;1;2485;600;144.04;48.61;;;
37.233476;-3.964770;549;0;1;2485;600;144.06;48.59;;;
37.233640;-3.964382;549;0;1;2486;599;144.1;48.55;;;
37.233632;-3.964158;550;0;2;2486;599;144.12;48.53;;;
37.233670;-3.963717;550;0;2;2487;598;144.16;48.49;;;
37.233757;-3.963520;551;0;2;2487;598;144.18;48.47;;;
37.234052;-3.963275;551;0;2;2488;597;144.22;48.43;;;
37.234230;-3.963266;552;0;1;2488;597;144.24;48.41;;;
37.234410;-3.963278;552;0;1;2488;597;144.26;48.39;;;
37.234589;-3.963290;552;0;1;2489;596;144.28;48.37;;;
37.234948;-3.963314;553;0;1;2489;596;144.32;48.33;;;
37.235128;-3.963326;553;0;1;2489;596;144.34;48.31;;;
37.235487;-3.963349;553;0;1;2490;595;144.38;48.27;;;
37.235667;-3.963361;554;0;1;2490;595;144.4;48.25;;;
37.236026;-3.963385;554;0;1;2491;594;144.44;48.21;;;
37.236206;-3.963397;555;0;1;2491;594;144.46;48.19;;;
37.236565;-3.963426;555;0;2;2492;593;144.5;48.15;;;
37.236924;-3.963455;556;0;1;2492;593;144.54;48.11;;;
37.237103;-3.963469;556;0;2;2492;593;144.56;48.09;;;
37.237462;-3.963499;557;0;2;2493;592;144.6;48.05;;;
37.237642;-3.963513;557;0;2;2493;592;144.62;48.03;;;
37.238001;-3.963542;558;0;2;2494;591;144.66;47.99;;;
37.238180;-3.963557;558;0;2;2494;591;144.68;47.97;;;
37.238539;-3.963586;559;0;2;2495;590;144.72;47.93;;;
37.238719;-3.963600;559;0;2;2495;590;144.74;47.91;;;
37.238898;-3.963615;559;0;2;2496;589;144.76;47.89;;;
37.239078;-3.963630;560;0;2;2496;589;144.78;47.87;;;
37.239437;-3.963659;561;0;2;2497;588;144.82;47.83;;;
37.239616;-3.963673;561;0;2;2497;588;144.84;47.81;;;
37.239975;-3.963703;562;0;2;2498;587;144.88;47.77;;;
37.240154;-3.963717;562;0;2;2499;586;144.9;47.75;;;
37.240514;-3.963745;563;0;2;2500;585;144.94;47.71;;;
37.240693;-3.963758;564;0;2;2500;585;144.96;47.69;;;
37.241052;-3.963784;564;0;2;2501;584;145;47.65;35;sprint,bonus;
37.241411;-3.963810;565;0;2;2502;583;145.04;47.61;;;
37.241591;-3.963823;566;0;2;2502;583;145.06;47.59;;;
37.241950;-3.963849;567;0;2;2503;582;145.1;47.55;;;
37.242130;-3.963861;567;0;2;2504;581;145.12;47.53;;;
37.242489;-3.963887;568;0;2;2505;580;145.16;47.49;;;
37.242668;-3.963901;569;0;2;2505;580;145.18;47.47;;;
37.243028;-3.963926;570;0;3;2506;579;145.22;47.43;;;
37.243207;-3.963939;570;0;3;2507;578;145.24;47.41;;;
37.243387;-3.963952;571;0;3;2507;578;145.26;47.39;;;
37.243566;-3.963965;571;0;3;2508;577;145.28;47.37;;;
37.243925;-3.963990;572;0;3;2509;576;145.32;47.33;;;
37.244105;-3.964003;573;0;3;2509;576;145.34;47.31;;;
37.244464;-3.964030;574;0;3;2510;575;145.38;47.27;;;
37.244644;-3.964042;575;0;3;2511;574;145.4;47.25;;;
37.244921;-3.964273;576;0;4;2513;572;145.44;47.21;;;
37.244982;-3.964485;577;0;4;2514;571;145.46;47.19;;;
37.245097;-3.964911;578;0;4;2515;570;145.5;47.15;;;
37.245366;-3.965196;580;0;3;2517;568;145.54;47.11;;;
37.245543;-3.965232;581;0;3;2517;568;145.56;47.09;;;
37.245899;-3.965301;582;0;2;2518;567;145.6;47.05;;;
37.246076;-3.965335;582;0;2;2518;567;145.62;47.03;;;
37.246432;-3.965404;583;0;2;2519;566;145.66;46.99;;;
37.246610;-3.965431;583;0;2;2520;565;145.68;46.97;;;
37.246970;-3.965423;584;0;2;2520;565;145.72;46.93;;;
37.247149;-3.965410;584;0;2;2521;564;145.74;46.91;;;
37.247329;-3.965397;585;0;2;2521;564;145.76;46.89;;;
37.247508;-3.965385;585;0;2;2521;564;145.78;46.87;;;
37.247868;-3.965359;586;0;1;2522;563;145.82;46.83;;;
37.248047;-3.965346;586;0;1;2522;563;145.84;46.81;;;
37.248406;-3.965320;586;0;1;2523;562;145.88;46.77;;;
37.248585;-3.965303;587;0;1;2523;562;145.9;46.75;;;
37.248933;-3.965188;587;0;1;2523;562;145.94;46.71;;;
37.249105;-3.965122;587;0;1;2524;561;145.96;46.69;;;
37.249436;-3.964952;588;0;1;2524;561;146;46.65;;;
37.249730;-3.964691;588;0;1;2525;560;146.04;46.61;;;
37.249884;-3.964577;589;0;1;2525;560;146.06;46.59;;;
37.250241;-3.964521;589;0;1;2525;560;146.1;46.55;;;
37.250419;-3.964494;589;0;1;2525;560;146.12;46.53;;;
37.250777;-3.964440;589;0;0;2525;560;146.16;46.49;;;
37.250955;-3.964413;589;0;0;2525;560;146.18;46.47;;;
37.251312;-3.964359;589;0;0;2526;559;146.22;46.43;;;
37.251491;-3.964332;589;0;0;2526;559;146.24;46.41;;;
37.251669;-3.964304;589;0;0;2526;559;146.26;46.39;;;
37.251848;-3.964277;589;0;0;2526;559;146.28;46.37;;;
37.252205;-3.964223;589;0;0;2526;559;146.32;46.33;;;
37.252384;-3.964196;589;0;0;2526;559;146.34;46.31;;;
37.252742;-3.964163;589;0;0;2526;559;146.38;46.27;;;
37.252922;-3.964166;589;0;0;2526;559;146.4;46.25;;;
37.253276;-3.964237;589;0;0;2526;559;146.44;46.21;;;
37.253442;-3.964324;589;0;0;2526;559;146.46;46.19;;;
37.253758;-3.964537;589;0;0;2526;559;146.5;46.15;;;
37.254046;-3.964808;589;0;0;2526;559;146.54;46.11;;;
37.254184;-3.964953;589;0;0;2526;559;146.56;46.09;;;
37.254458;-3.965246;589;0;0;2526;559;146.6;46.05;;;
37.254595;-3.965392;589;0;0;2526;559;146.62;46.03;;;
37.254868;-3.965686;589;0;0;2526;559;146.66;45.99;;;
37.255005;-3.965833;589;0;0;2526;559;146.68;45.97;;;
37.255279;-3.966126;589;0;0;2526;559;146.72;45.93;;;
37.255416;-3.966273;589;0;0;2526;559;146.74;45.91;;;
37.255553;-3.966419;589;0;0;2526;559;146.76;45.89;;;
37.255689;-3.966566;589;0;0;2526;559;146.78;45.87;;;
37.255963;-3.966860;589;0;0;2526;559;146.82;45.83;;;
37.256100;-3.967006;589;0;0;2526;559;146.84;45.81;;;
37.256374;-3.967299;590;0;1;2526;559;146.88;45.77;;;
37.256510;-3.967446;590;0;1;2526;559;146.9;45.75;;;
37.256784;-3.967740;590;0;1;2527;558;146.94;45.71;;;
37.256921;-3.967886;590;0;1;2527;558;146.96;45.69;;;
37.257194;-3.968179;591;0;1;2527;558;147;45.65;;;
37.257468;-3.968473;591;0;1;2528;557;147.04;45.61;;;
37.257605;-3.968620;591;0;1;2528;557;147.06;45.59;;;
37.257879;-3.968913;592;0;1;2528;557;147.1;45.55;;;
37.258015;-3.969060;592;0;2;2529;556;147.12;45.53;;;
37.258289;-3.969353;593;0;2;2529;556;147.16;45.49;;;
37.258411;-3.969516;593;0;2;2530;555;147.18;45.47;;;
37.258409;-3.969959;594;0;3;2531;554;147.22;45.43;;;
37.258362;-3.970178;595;0;3;2532;553;147.24;45.41;;;
37.258314;-3.970396;595;0;3;2532;553;147.26;45.39;;;
37.258268;-3.970614;596;0;4;2533;552;147.28;45.37;;;
37.258178;-3.971051;597;0;4;2534;551;147.32;45.33;;;
37.258205;-3.971272;599;0;4;2535;550;147.34;45.31;;;
37.258444;-3.971606;600;0;4;2537;548;147.38;45.27;;;
37.258571;-3.971767;601;0;4;2538;547;147.4;45.25;;;
37.258825;-3.972087;602;0;3;2539;546;147.44;45.21;;;
37.258951;-3.972248;603;0;3;2540;545;147.46;45.19;;;
37.259194;-3.972581;604;0;4;2541;544;147.5;45.15;;;
37.259432;-3.972920;606;0;4;2543;542;147.54;45.11;;;
37.259551;-3.973089;607;0;4;2543;542;147.56;45.09;;;
37.259769;-3.973446;608;0;4;2545;540;147.6;45.05;;;
37.259853;-3.973646;609;0;4;2546;539;147.62;45.03;;;
37.259989;-3.974064;611;0;4;2548;537;147.66;44.99;;;
37.260057;-3.974273;612;0;4;2548;537;147.68;44.97;;;
37.260192;-3.974692;613;0;4;2550;535;147.72;44.93;;;
37.260260;-3.974901;614;0;4;2551;534;147.74;44.91;;;
37.260328;-3.975111;615;0;4;2552;533;147.76;44.89;;;
37.260395;-3.975320;616;0;4;2553;532;147.78;44.87;;;
37.260531;-3.975739;618;0;4;2554;531;147.82;44.83;;;
37.260599;-3.975948;619;0;4;2555;530;147.84;44.81;;;
37.260734;-3.976367;620;0;4;2557;528;147.88;44.77;;;
37.260802;-3.976576;621;0;4;2558;527;147.9;44.75;;;
37.260937;-3.976995;623;0;4;2560;525;147.94;44.71;;;
37.261005;-3.977205;624;0;4;2561;524;147.96;44.69;;;
37.261140;-3.977623;626;0;5;2562;523;148;44.65;36;;
37.261275;-3.978042;627;0;5;2564;521;148.04;44.61;;;
37.261338;-3.978254;628;0;5;2565;520;148.06;44.59;;;
37.261360;-3.978700;631;0;5;2568;517;148.1;44.55;;;
37.261346;-3.978925;632;0;5;2569;516;148.12;44.53;;;
37.261317;-3.979376;634;0;5;2570;515;148.16;44.49;;;
37.261302;-3.979601;635;0;5;2571;514;148.18;44.47;;;
37.261379;-3.980033;638;0;5;2574;511;148.22;44.43;;;
37.261489;-3.980212;639;0;6;2575;510;148.24;44.41;;;
37.261598;-3.980391;640;0;7;2576;509;148.26;44.39;;;
37.261708;-3.980570;641;0;7;2577;508;148.28;44.37;;;
37.261868;-3.980968;643;0;7;2580;505;148.32;44.33;;;
37.261875;-3.981192;645;0;7;2582;503;148.34;44.31;;;
37.261739;-3.981608;648;0;8;2585;500;148.38;44.27;;;
37.261678;-3.981818;650;0;7;2586;499;148.4;44.25;;;
37.261779;-3.982238;652;0;7;2589;496;148.44;44.21;;;
37.261874;-3.982430;654;0;7;2590;495;148.46;44.19;;;
37.261929;-3.982867;657;0;7;2594;491;148.5;44.15;;;
37.261874;-3.983313;659;0;6;2596;489;148.54;44.11;;;
37.261871;-3.983538;660;0;6;2597;488;148.56;44.09;;;
37.261894;-3.983989;663;0;5;2599;486;148.6;44.05;;;
37.261905;-3.984215;664;0;5;2600;485;148.62;44.03;;;
37.261929;-3.984666;666;0;6;2602;483;148.66;43.99;;;
37.261940;-3.984892;667;0;7;2603;482;148.68;43.97;;;
37.262027;-3.985323;670;0;7;2606;479;148.72;43.93;;;
37.262162;-3.985467;671;0;7;2608;477;148.74;43.91;;;
37.262325;-3.985560;673;0;7;2610;475;148.76;43.89;;;
37.262502;-3.985583;674;0;6;2611;474;148.78;43.87;;;
37.262862;-3.985596;676;0;6;2613;472;148.82;43.83;;;
37.263041;-3.985611;677;0;6;2614;471;148.84;43.81;;;
37.263400;-3.985647;679;0;6;2616;469;148.88;43.77;;;
37.263570;-3.985594;681;0;6;2618;467;148.9;43.75;;;
37.263772;-3.985231;684;0;7;2621;464;148.94;43.71;;;
37.263849;-3.985027;685;0;6;2622;463;148.96;43.69;;;
37.264054;-3.984662;688;0;5;2624;461;149;43.65;;;
37.264364;-3.984435;690;0;5;2626;459;149.04;43.61;;;
37.264524;-3.984333;691;0;5;2627;458;149.06;43.59;;;
37.264845;-3.984128;692;0;5;2629;456;149.1;43.55;;;
37.265001;-3.984015;693;0;5;2630;455;149.12;43.53;;;
37.265305;-3.983775;695;0;5;2632;453;149.16;43.49;;;
37.265458;-3.983655;696;0;5;2633;452;149.18;43.47;;;
37.265762;-3.983415;698;0;5;2635;450;149.22;43.43;;;
37.265924;-3.983317;699;0;5;2636;449;149.24;43.41;;;
37.266094;-3.983246;700;0;5;2637;448;149.26;43.39;;;
37.266269;-3.983193;701;0;5;2638;447;149.28;43.37;;;
37.266619;-3.983091;703;0;5;2640;445;149.32;43.33;;;
37.266794;-3.983039;704;0;5;2641;444;149.34;43.31;;;
37.267145;-3.982936;706;0;5;2643;442;149.38;43.27;;;
37.267320;-3.982884;707;0;5;2644;441;149.4;43.25;;;
37.267667;-3.982764;709;0;6;2646;439;149.44;43.21;;;
37.267840;-3.982704;710;0;7;2647;438;149.46;43.19;;;
37.268188;-3.982668;713;0;7;2649;436;149.5;43.15;;;
37.268417;-3.983006;717;0;8;2653;432;149.54;43.11;;;
37.268448;-3.983228;718;0;8;2655;430;149.56;43.09;;;
37.268491;-3.983676;721;0;7;2657;428;149.6;43.05;;;
37.268496;-3.983902;722;0;7;2659;426;149.62;43.03;;;
37.268609;-3.984316;725;0;8;2662;423;149.66;42.99;;;
37.268741;-3.984469;727;0;8;2664;421;149.68;42.97;;;
37.269085;-3.984567;730;0;7;2667;418;149.72;42.93;;;
37.269265;-3.984568;731;0;6;2668;417;149.74;42.91;;;
37.269440;-3.984524;733;0;6;2669;416;149.76;42.89;;;
37.269613;-3.984463;734;0;6;2670;415;149.78;42.87;;;
37.269958;-3.984336;735;0;5;2672;413;149.82;42.83;;;
37.270131;-3.984273;736;0;6;2673;412;149.84;42.81;;;
37.270483;-3.984275;739;0;7;2675;410;149.88;42.77;;;
37.270650;-3.984353;740;0;8;2677;408;149.9;42.75;;;
37.270840;-3.984723;744;0;9;2681;404;149.94;42.71;;;
37.270832;-3.984947;746;0;9;2683;402;149.96;42.69;;;
37.270809;-3.985391;750;0;8;2687;398;150;42.65;;;
37.271049;-3.985708;754;0;8;2690;395;150.04;42.61;;;
37.271204;-3.985821;755;0;8;2691;394;150.06;42.59;;;
37.271449;-3.986134;758;0;7;2695;390;150.1;42.55;;;
37.271487;-3.986353;759;0;7;2696;389;150.12;42.53;;;
37.271544;-3.986799;762;0;7;2698;387;150.16;42.49;;;
37.271615;-3.987005;763;0;7;2700;385;150.18;42.47;;;
37.271873;-3.987307;766;0;7;2703;382;150.22;42.43;;;
37.272037;-3.987395;767;0;6;2704;381;150.24;42.41;;;
37.272214;-3.987432;769;0;6;2705;380;150.26;42.39;;;
37.272372;-3.987540;770;0;6;2707;378;150.28;42.37;;;
37.272663;-3.987807;772;0;5;2709;376;150.32;42.33;;;
37.272807;-3.987942;773;0;5;2710;375;150.34;42.31;;;
37.273095;-3.988213;775;0;6;2712;373;150.38;42.27;;;
37.273238;-3.988349;776;0;6;2712;373;150.4;42.25;;;
37.273518;-3.988632;779;0;6;2715;370;150.44;42.21;;;
37.273638;-3.988801;780;0;6;2716;369;150.46;42.19;;;
37.273845;-3.989170;782;0;7;2718;367;150.5;42.15;;;
37.274072;-3.989516;784;0;8;2721;364;150.54;42.11;;;
37.274234;-3.989502;787;0;8;2723;362;150.56;42.09;;;
37.274313;-3.989095;791;0;8;2727;358;150.6;42.05;;;
37.274316;-3.988869;792;0;7;2728;357;150.62;42.03;;;
37.274379;-3.988424;793;0;5;2730;355;150.66;41.99;;;
37.274430;-3.988208;795;0;4;2731;354;150.68;41.97;;;
37.274670;-3.987875;796;0;4;2733;352;150.72;41.93;;;
37.274794;-3.987712;797;0;4;2734;351;150.74;41.91;;;
37.274918;-3.987549;798;0;4;2734;351;150.76;41.89;;;
37.275043;-3.987385;798;0;4;2735;350;150.78;41.87;;;
37.275272;-3.987040;800;0;5;2737;348;150.82;41.83;;;
37.275319;-3.986822;801;0;4;2738;347;150.84;41.81;;;
37.275441;-3.986400;803;0;5;2740;345;150.88;41.77;;;
37.275542;-3.986214;804;0;5;2741;344;150.9;41.75;;;
37.275761;-3.985856;806;0;5;2742;343;150.94;41.71;;;
37.275894;-3.985704;807;0;5;2743;342;150.96;41.69;;;
37.276222;-3.985533;809;0;6;2745;340;151;41.65;;;
37.276578;-3.985478;811;0;6;2748;337;151.04;41.61;;;
37.276755;-3.985496;812;0;6;2749;336;151.06;41.59;;;
37.277061;-3.985720;815;0;6;2752;333;151.1;41.55;;;
37.277198;-3.985867;816;0;6;2753;332;151.12;41.53;;;
37.277471;-3.986160;818;0;5;2755;330;151.16;41.49;;;
37.277608;-3.986307;819;0;5;2756;329;151.18;41.47;;;
37.277861;-3.986629;821;0;5;2758;327;151.22;41.43;;;
37.277996;-3.986775;822;0;6;2759;326;151.24;41.41;;;
37.278148;-3.986897;823;0;6;2760;325;151.26;41.39;;;
37.278315;-3.986974;824;0;6;2761;324;151.28;41.37;;;
37.278588;-3.987231;827;0;6;2764;321;151.32;41.33;;;
37.278655;-3.987439;828;0;6;2765;320;151.34;41.31;;;
37.278800;-3.987850;831;0;7;2768;317;151.38;41.27;;;
37.278901;-3.988037;832;0;7;2769;316;151.4;41.25;;;
37.279209;-3.988228;836;0;7;2772;313;151.44;41.21;;;
37.279383;-3.988178;837;0;6;2774;311;151.46;41.19;;;
37.279725;-3.988039;839;0;7;2776;309;151.5;41.15;;;
37.280068;-3.987908;841;0;7;2778;307;151.54;41.11;;;
37.280245;-3.987933;843;0;7;2780;305;151.56;41.09;;;
37.280550;-3.988169;847;0;7;2783;302;151.6;41.05;;;
37.280719;-3.988236;848;0;7;2785;300;151.62;41.03;;;
37.281077;-3.988276;850;0;6;2787;298;151.66;40.99;;;
37.281256;-3.988296;851;0;6;2788;297;151.68;40.97;;;
37.281614;-3.988335;853;0;6;2790;295;151.72;40.93;;;
37.281789;-3.988379;855;0;7;2791;294;151.74;40.91;;;
37.281944;-3.988489;856;0;8;2793;292;151.76;40.89;;;
37.282068;-3.988649;858;0;8;2794;291;151.78;40.87;;;
37.282301;-3.988980;861;0;9;2798;287;151.82;40.83;;;
37.282477;-3.988957;864;0;9;2801;284;151.84;40.81;;;
37.282808;-3.988786;867;0;9;2804;281;151.88;40.77;;;
37.282987;-3.988787;869;0;9;2805;280;151.9;40.75;;;
37.283335;-3.988807;872;0;8;2808;277;151.94;40.71;;;
37.283400;-3.988616;874;0;7;2811;274;151.96;40.69;;;
37.283210;-3.988252;877;0;7;2813;272;152;40.65;;;
37.282979;-3.987906;879;0;7;2815;270;152.04;40.61;;;
37.282874;-3.987722;880;0;8;2817;268;152.06;40.59;;;
37.282754;-3.987308;884;0;8;2821;264;152.1;40.55;;;
37.282828;-3.987111;886;0;8;2823;262;152.12;40.53;;;
37.283163;-3.986952;889;0;8;2826;259;152.16;40.49;;;
37.283333;-3.986881;890;0;7;2827;258;152.18;40.47;;;
37.283685;-3.986798;892;0;6;2829;256;152.22;40.43;;;
37.283864;-3.986813;894;0;6;2830;255;152.24;40.41;;;
37.284042;-3.986844;895;0;6;2832;253;152.26;40.39;;;
37.284219;-3.986882;896;0;5;2833;252;152.28;40.37;;;
37.284566;-3.986999;898;0;5;2835;250;152.32;40.33;;;
37.284740;-3.987057;899;0;5;2836;249;152.34;40.31;;;
37.285088;-3.987174;901;0;6;2837;248;152.38;40.27;;;
37.285261;-3.987232;902;0;6;2838;247;152.4;40.25;;;
37.285582;-3.987422;905;0;6;2841;244;152.44;40.21;;;
37.285723;-3.987563;906;0;6;2843;242;152.46;40.19;;;
37.285965;-3.987895;908;0;6;2845;240;152.5;40.15;;;
37.286195;-3.988243;910;0;5;2847;238;152.54;40.11;;;
37.286311;-3.988417;911;0;5;2848;237;152.56;40.09;;;
37.286476;-3.988817;914;0;6;2850;235;152.6;40.05;;;
37.286544;-3.989026;915;0;6;2851;234;152.62;40.03;;;
37.286678;-3.989446;917;0;6;2854;231;152.66;39.99;;;
37.286745;-3.989655;918;0;6;2855;230;152.68;39.97;;;
37.286929;-3.990035;921;0;6;2858;227;152.72;39.93;;;
37.287082;-3.990149;922;0;6;2859;226;152.74;39.91;;;
37.287254;-3.990215;923;0;6;2860;225;152.76;39.89;;;
37.287426;-3.990281;924;0;5;2861;224;152.78;39.87;;;
37.287770;-3.990413;926;0;5;2863;222;152.82;39.83;;;
37.287942;-3.990479;927;0;5;2864;221;152.84;39.81;;;
37.288292;-3.990579;929;0;5;2866;219;152.88;39.77;;;
37.288469;-3.990624;930;0;5;2867;218;152.9;39.75;;;
37.288821;-3.990715;932;0;6;2868;217;152.94;39.71;;;
37.288997;-3.990760;933;0;7;2869;216;152.96;39.69;;;
37.289333;-3.990726;937;0;7;2874;211;153;39.65;;;
37.289241;-3.990338;940;0;7;2876;209;153.04;39.61;;;
37.289120;-3.990171;940;0;8;2877;208;153.06;39.59;;;
37.288899;-3.989818;942;0;7;2879;206;153.1;39.55;;;
37.288863;-3.989600;944;0;7;2881;204;153.12;39.53;;;
37.289122;-3.989358;948;0;6;2885;200;153.16;39.49;;;
37.289302;-3.989359;949;0;6;2886;199;153.18;39.47;;;
37.289658;-3.989420;951;0;4;2887;198;153.22;39.43;;;
37.289836;-3.989451;951;0;4;2888;197;153.24;39.41;;;
37.290015;-3.989482;952;0;5;2888;197;153.26;39.39;;;
37.290193;-3.989506;953;0;5;2889;196;153.28;39.37;;;
37.290432;-3.989232;956;0;5;2892;193;153.32;39.33;;;
37.290402;-3.989017;957;0;6;2894;191;153.34;39.31;;;
37.290195;-3.988648;958;0;6;2895;190;153.38;39.27;;;
37.290134;-3.988438;960;0;6;2896;189;153.4;39.25;;;
37.290339;-3.988124;963;0;6;2900;185;153.44;39.21;;;
37.290509;-3.988053;964;0;6;2901;184;153.46;39.19;;;
37.290851;-3.987910;966;0;5;2903;182;153.5;39.15;;;
37.291170;-3.987710;968;0;5;2904;181;153.54;39.11;;;
37.291276;-3.987533;969;0;5;2906;179;153.56;39.09;;;
37.291206;-3.987094;971;0;6;2908;177;153.6;39.05;;;
37.291157;-3.986877;972;0;7;2909;176;153.62;39.03;;;
37.291187;-3.986449;975;0;6;2911;174;153.66;38.99;;;
37.291353;-3.986384;977;0;6;2914;171;153.68;38.97;;;
37.291713;-3.986387;979;0;7;2916;169;153.72;38.93;;;
37.291893;-3.986392;980;0;6;2917;168;153.74;38.91;;;
37.292073;-3.986397;981;0;6;2918;167;153.76;38.89;;;
37.292251;-3.986375;983;0;7;2919;166;153.78;38.87;;;
37.292544;-3.986116;985;0;7;2922;163;153.82;38.83;;;
37.292718;-3.986069;987;0;7;2924;161;153.84;38.81;;;
37.293040;-3.986265;990;0;7;2927;158;153.88;38.77;;;
37.293201;-3.986364;991;0;7;2928;157;153.9;38.75;;;
37.293535;-3.986530;994;0;7;2930;155;153.94;38.71;;;
37.293693;-3.986638;995;0;7;2932;153;153.96;38.69;;;
37.293989;-3.986894;998;0;8;2935;150;154;38.65;;;
37.294308;-3.986809;1002;0;8;2939;146;154.04;38.61;;;
37.294449;-3.986668;1003;0;7;2940;145;154.06;38.59;;;
37.294778;-3.986530;1006;0;6;2943;142;154.1;38.55;;;
37.294949;-3.986588;1007;0;6;2944;141;154.12;38.53;;;
37.295270;-3.986790;1009;0;5;2946;139;154.16;38.49;;;
37.295431;-3.986892;1010;0;4;2947;138;154.18;38.47;;;
37.295752;-3.987096;1011;0;4;2948;137;154.22;38.43;;;
37.295913;-3.987197;1012;0;4;2949;136;154.24;38.41;;;
37.296073;-3.987299;1013;0;4;2950;135;154.26;38.39;;;
37.296234;-3.987401;1014;0;4;2950;135;154.28;38.37;;;
37.296555;-3.987605;1015;0;4;2952;133;154.32;38.33;;;
37.296716;-3.987707;1016;0;4;2953;132;154.34;38.31;;;
37.297037;-3.987910;1018;0;4;2954;131;154.38;38.27;;;
37.297187;-3.988032;1019;0;4;2955;130;154.4;38.25;;;
37.297390;-3.988401;1020;0;4;2957;128;154.44;38.21;;;
37.297481;-3.988596;1021;0;4;2958;127;154.46;38.19;;;
37.297662;-3.988987;1022;0;4;2959;126;154.5;38.15;;;
37.297755;-3.989412;1025;0;4;2961;124;154.54;38.11;;;
37.297697;-3.989623;1026;0;4;2962;123;154.56;38.09;;;
37.297513;-3.990012;1027;0;4;2964;121;154.6;38.05;;;
37.297420;-3.990206;1028;0;4;2964;121;154.62;38.03;;;
37.297308;-3.990625;1029;0;3;2966;119;154.66;37.99;;;
37.297344;-3.990845;1030;0;3;2967;118;154.68;37.97;;;
37.297421;-3.991286;1031;0;4;2968;117;154.72;37.93;;;
37.297432;-3.991511;1032;0;3;2969;116;154.74;37.91;;;
37.297477;-3.991726;1032;0;3;2969;116;154.76;37.89;;;
37.297596;-3.991880;1033;0;3;2970;115;154.78;37.87;;;
37.297947;-3.991926;1035;0;3;2971;114;154.82;37.83;;;
37.298125;-3.991897;1035;0;3;2972;113;154.84;37.81;;;
37.298482;-3.991900;1037;0;2;2973;112;154.88;37.77;;;
37.298650;-3.991980;1037;0;2;2974;111;154.9;37.75;;;
37.298982;-3.992154;1038;0;2;2974;111;154.94;37.71;;;
37.299137;-3.992269;1038;0;2;2975;110;154.96;37.69;;;
37.299441;-3.992510;1039;0;2;2975;110;155;37.65;;;
37.299746;-3.992750;1039;0;2;2976;109;155.04;37.61;;;
37.299902;-3.992862;1040;0;2;2977;108;155.06;37.59;;;
37.300255;-3.992903;1041;0;2;2977;108;155.1;37.55;;;
37.300434;-3.992911;1041;0;1;2977;108;155.12;37.53;;;
37.300741;-3.993119;1041;0;1;2978;107;155.16;37.49;;;
37.300868;-3.993279;1042;0;1;2978;107;155.18;37.47;;;
37.301122;-3.993600;1042;0;1;2979;106;155.22;37.43;;;
37.301248;-3.993760;1042;0;1;2979;106;155.24;37.41;;;
37.301370;-3.993926;1043;0;1;2979;106;155.26;37.39;;;
37.301411;-3.994145;1043;0;1;2980;105;155.28;37.37;;;
37.301382;-3.994591;1043;0;1;2980;105;155.32;37.33;;;
37.301345;-3.994812;1044;0;1;2980;105;155.34;37.31;;;
37.301247;-3.995246;1044;0;1;2981;104;155.38;37.27;;;
37.301168;-3.995448;1044;0;1;2981;104;155.4;37.25;37;summit;2
37.300953;-3.995810;1045;0;1;2981;104;155.44;37.21;;;
37.300888;-3.996020;1045;0;1;2982;103;155.46;37.19;;;
37.301044;-3.996352;1046;0;1;2982;103;155.5;37.15;;;
37.301400;-3.996300;1046;0;1;2983;102;155.54;37.11;;;
37.301569;-3.996225;1046;0;1;2983;102;155.56;37.09;;;
37.301900;-3.996049;1046;0;1;2983;102;155.6;37.05;;;
37.302066;-3.995963;1047;0;1;2983;102;155.62;37.03;;;
37.302401;-3.995803;1047;0;1;2983;102;155.66;36.99;;;
37.302580;-3.995780;1047;0;1;2984;101;155.68;36.97;;;
37.302931;-3.995696;1047;0;1;2984;101;155.72;36.93;;;
37.303095;-3.995602;1048;0;1;2984;101;155.74;36.91;;;
37.303257;-3.995506;1048;0;1;2984;101;155.76;36.89;;;
37.303428;-3.995445;1048;0;1;2984;101;155.78;36.87;;;
37.303782;-3.995488;1048;0;1;2985;100;155.82;36.83;;;
37.303959;-3.995528;1048;0;1;2985;100;155.84;36.81;;;
37.304304;-3.995428;1048;0;0;2985;100;155.88;36.77;;;
37.304441;-3.995284;1048;0;0;2985;100;155.9;36.75;;;
37.304694;-3.994963;1048;0;0;2985;100;155.94;36.71;;;
37.304821;-3.994803;1048;0;0;2985;100;155.96;36.69;;;
37.305075;-3.994482;1048;0;0;2985;100;156;36.65;;;
37.305368;-3.994235;1048;0;0;2985;100;156.04;36.61;;;
37.305542;-3.994188;1048;0;0;2985;100;156.06;36.59;;;
37.305887;-3.994111;1048;0;0;2985;100;156.1;36.55;;;
37.306038;-3.993987;1048;0;0;2985;100;156.12;36.53;;;
37.306330;-3.994119;1048;0;-1;2985;100;156.16;36.49;;;
37.306379;-3.994335;1048;0;-1;2985;100;156.18;36.47;;;
37.306397;-3.994787;1048;0;-1;2985;100;156.22;36.43;;;
37.306406;-3.995012;1048;0;-1;2985;100;156.24;36.41;;;
37.306415;-3.995238;1047;0;-1;2985;100;156.26;36.39;;;
37.306424;-3.995464;1047;0;-1;2985;100;156.28;36.37;;;
37.306442;-3.995916;1047;0;-1;2985;100;156.32;36.33;;;
37.306436;-3.996140;1047;0;-1;2985;100;156.34;36.31;;;
37.306205;-3.996437;1046;0;-2;2985;100;156.38;36.27;;;
37.306030;-3.996488;1046;0;-2;2985;100;156.4;36.25;;;
37.305785;-3.996784;1044;0;-2;2985;100;156.44;36.21;;;
37.305760;-3.997007;1044;0;-2;2985;100;156.46;36.19;;;
37.305738;-3.997458;1043;0;-2;2985;100;156.5;36.15;;;
37.305707;-3.997908;1042;0;-2;2985;100;156.54;36.11;;;
37.305658;-3.998125;1042;0;-2;2985;100;156.56;36.09;;;
37.305513;-3.998537;1041;0;-3;2985;100;156.6;36.05;;;
37.305452;-3.998749;1041;0;-3;2985;100;156.62;36.03;;;
37.305347;-3.999181;1040;0;-3;2985;100;156.66;35.99;;;
37.305262;-3.999377;1039;0;-3;2985;100;156.68;35.97;;;
37.304979;-3.999649;1038;0;-4;2985;100;156.72;35.93;;;
37.304862;-3.999815;1037;0;-4;2985;100;156.74;35.91;;;
37.304811;-4.000029;1036;0;-4;2985;100;156.76;35.89;;;
37.304836;-4.000249;1034;0;-5;2985;100;156.78;35.87;;;
37.305071;-4.000586;1033;0;-5;2985;100;156.82;35.83;;;
37.305199;-4.000744;1032;0;-5;2985;100;156.84;35.81;;;
37.305433;-4.001086;1030;0;-5;2985;100;156.88;35.77;;;
37.305532;-4.001274;1029;0;-5;2985;100;156.9;35.75;;;
37.305550;-4.001714;1026;0;-5;2985;100;156.94;35.71;;;
37.305486;-4.001924;1025;0;-6;2985;100;156.96;35.69;;;
37.305310;-4.002319;1024;0;-5;2985;100;157;35.65;;;
37.305304;-4.002743;1021;0;-5;2985;100;157.04;35.61;;;
37.305414;-4.002916;1020;0;-6;2985;100;157.06;35.59;;;
37.305695;-4.003188;1018;0;-6;2985;100;157.1;35.55;;;
37.305754;-4.003390;1017;0;-6;2985;100;157.12;35.53;;;
37.305581;-4.003764;1014;0;-7;2985;100;157.16;35.49;;;
37.305458;-4.003929;1014;0;-7;2985;100;157.18;35.47;;;
37.305387;-4.004334;1010;0;-7;2985;100;157.22;35.43;;;
37.305532;-4.004466;1008;0;-8;2985;100;157.24;35.41;;;
37.305682;-4.004591;1007;0;-8;2985;100;157.26;35.39;;;
37.305800;-4.004756;1006;0;-7;2985;100;157.28;35.37;;;
37.305846;-4.005191;1003;0;-6;2985;100;157.32;35.33;;;
37.305821;-4.005414;1002;0;-6;2985;100;157.34;35.31;;;
37.305795;-4.005864;1000;0;-5;2985;100;157.38;35.27;;;
37.305828;-4.006085;999;0;-5;2985;100;157.4;35.25;;;
37.305893;-4.006529;996;0;-5;2985;100;157.44;35.21;;;
37.305884;-4.006754;996;0;-5;2985;100;157.46;35.19;;;
37.305844;-4.007203;994;0;-6;2985;100;157.5;35.15;;;
37.305841;-4.007649;991;0;-7;2985;100;157.54;35.11;;;
37.305953;-4.007822;990;0;-7;2985;100;157.56;35.09;;;
37.306262;-4.008049;987;0;-7;2985;100;157.6;35.05;;;
37.306366;-4.008231;985;0;-6;2985;100;157.62;35.03;;;
37.306508;-4.008647;983;0;-5;2985;100;157.66;34.99;;;
37.306578;-4.008855;982;0;-5;2985;100;157.68;34.97;;;
37.306720;-4.009270;981;0;-5;2985;100;157.72;34.93;;;
37.306809;-4.009467;980;0;-5;2985;100;157.74;34.91;;;
37.306908;-4.009656;979;0;-5;2985;100;157.76;34.89;;;
37.307006;-4.009845;978;0;-6;2985;100;157.78;34.87;;;
37.307224;-4.010200;975;0;-5;2985;100;157.82;34.83;;;
37.307400;-4.010247;974;0;-5;2985;100;157.84;34.81;;;
37.307628;-4.009919;972;0;-5;2985;100;157.88;34.77;;;
37.307717;-4.009723;971;0;-5;2985;100;157.9;34.75;;;
37.307897;-4.009331;970;0;-5;2985;100;157.94;34.71;;;
37.308006;-4.009151;969;0;-5;2985;100;157.96;34.69;;;
37.308226;-4.008794;967;0;-5;2985;100;158;34.65;;;
37.308409;-4.008406;965;0;-5;2985;100;158.04;34.61;;;
37.308490;-4.008204;964;0;-5;2985;100;158.06;34.59;;;
37.308728;-4.007873;961;0;-5;2985;100;158.1;34.55;;;
37.308879;-4.007750;960;0;-6;2985;100;158.12;34.53;;;
37.309172;-4.007490;958;0;-7;2985;100;158.16;34.49;;;
37.309265;-4.007300;957;0;-7;2985;100;158.18;34.47;;;
37.309415;-4.006893;954;0;-8;2985;100;158.22;34.43;;;
37.309567;-4.006777;951;0;-9;2985;100;158.24;34.41;;;
37.309747;-4.006777;949;0;-8;2985;100;158.26;34.39;;;
37.309922;-4.006821;948;0;-8;2985;100;158.28;34.37;;;
37.310273;-4.006893;945;0;-7;2985;100;158.32;34.33;;;
37.310449;-4.006846;944;0;-6;2985;100;158.34;34.31;;;
37.310798;-4.006912;941;0;-5;2985;100;158.38;34.27;;;
37.310971;-4.006974;941;0;-5;2985;100;158.4;34.25;;;
37.311325;-4.007037;939;0;-5;2985;100;158.44;34.21;;;
37.311505;-4.007037;938;0;-5;2985;100;158.46;34.19;;;
37.311830;-4.007163;935;0;-6;2985;100;158.5;34.15;;;
37.312107;-4.007428;932;0;-6;2985;100;158.54;34.11;;;
37.312287;-4.007430;931;0;-7;2985;100;158.56;34.09;;;
37.312620;-4.007596;929;0;-7;2985;100;158.6;34.05;;;
37.312792;-4.007660;927;0;-8;2985;100;158.62;34.03;;;
37.313142;-4.007608;924;0;-9;2985;100;158.66;33.99;;;
37.313307;-4.007520;922;0;-9;2985;100;158.68;33.97;;;
37.313619;-4.007699;917;0;-8;2985;100;158.72;33.93;;;
37.313787;-4.007764;915;0;-8;2985;100;158.74;33.91;;;
37.313965;-4.007793;914;0;-7;2985;100;158.76;33.89;;;
37.314144;-4.007822;914;0;-6;2985;100;158.78;33.87;;;
37.314501;-4.007866;912;0;-5;2985;100;158.82;33.83;;;
37.314681;-4.007877;910;0;-6;2985;100;158.84;33.81;;;
37.315040;-4.007898;908;0;-7;2985;100;158.88;33.77;;;
37.315220;-4.007889;907;0;-7;2985;100;158.9;33.75;;;
37.315577;-4.007907;904;0;-8;2985;100;158.94;33.71;;;
37.315745;-4.007985;902;0;-8;2985;100;158.96;33.69;;;
37.316058;-4.008207;899;0;-8;2985;100;159;33.65;;;
37.316395;-4.008360;896;0;-7;2985;100;159.04;33.61;;;
37.316553;-4.008462;893;0;-7;2985;100;159.06;33.59;;;
37.316838;-4.008740;891;0;-8;2985;100;159.1;33.55;;;
37.316969;-4.008892;890;0;-8;2985;100;159.12;33.53;;;
37.317146;-4.009276;887;0;-7;2985;100;159.16;33.49;;;
37.317173;-4.009497;885;0;-7;2985;100;159.18;33.47;;;
37.317086;-4.009935;882;0;-8;2985;100;159.22;33.43;;;
37.317046;-4.010155;881;0;-8;2985;100;159.24;33.41;;;
37.317042;-4.010380;879;0;-8;2985;100;159.26;33.39;;;
37.317064;-4.010605;878;0;-9;2985;100;159.28;33.37;;;
37.317165;-4.011036;874;0;-10;2985;100;159.32;33.33;;;
37.317281;-4.011205;872;0;-10;2985;100;159.34;33.31;;;
37.317624;-4.011323;868;0;-10;2985;100;159.38;33.27;;;
37.317756;-4.011457;864;0;-10;2985;100;159.4;33.25;;;
37.317777;-4.011899;861;0;-9;2985;100;159.44;33.21;;;
37.317770;-4.012125;859;0;-9;2985;100;159.46;33.19;;;
37.317779;-4.012572;857;0;-7;2985;100;159.5;33.15;38;;
37.317978;-4.012938;853;0;-8;2985;100;159.54;33.11;;;
37.318126;-4.013065;852;0;-8;2985;100;159.56;33.09;;;
37.318459;-4.013207;849;0;-8;2985;100;159.6;33.05;;;
37.318612;-4.013116;846;0;-7;2985;100;159.62;33.03;;;
37.318745;-4.012706;844;0;-7;2985;100;159.66;32.99;;;
37.318784;-4.012485;843;0;-7;2985;100;159.68;32.97;;;
37.318837;-4.012039;841;0;-6;2985;100;159.72;32.93;;;
37.318798;-4.011818;839;0;-6;2985;100;159.74;32.91;;;
37.318809;-4.011597;837;0;-6;2985;100;159.76;32.89;;;
37.318901;-4.011405;836;0;-7;2985;100;159.78;32.87;;;
37.319128;-4.011054;834;0;-7;2985;100;159.82;32.83;;;
37.319225;-4.010867;833;0;-7;2985;100;159.84;32.81;;;
37.319232;-4.010429;829;0;-9;2985;100;159.88;32.77;;;
37.319162;-4.010221;828;0;-9;2985;100;159.9;32.75;;;
37.319243;-4.009832;823;0;-8;2985;100;159.94;32.71;;;
37.319412;-4.009840;821;0;-9;2985;100;159.96;32.69;;;
37.319730;-4.010050;819;0;-8;2985;100;160;32.65;;;
37.319934;-4.010387;815;0;-6;2985;100;160.04;32.61;;;
37.319947;-4.010613;814;0;-7;2985;100;160.06;32.59;;;
37.319937;-4.011065;812;0;-6;2985;100;160.1;32.55;;;
37.319931;-4.011291;811;0;-6;2985;100;160.12;32.53;;;
37.319969;-4.011740;808;0;-6;2985;100;160.16;32.49;;;
37.319948;-4.011960;807;0;-6;2985;100;160.18;32.47;;;
37.319792;-4.012364;804;0;-6;2985;100;160.22;32.43;;;
37.319703;-4.012561;803;0;-6;2985;100;160.24;32.41;;;
37.319620;-4.012762;802;0;-6;2985;100;160.26;32.39;;;
37.319539;-4.012964;801;0;-6;2985;100;160.28;32.37;;;
37.319438;-4.013392;799;0;-6;2985;100;160.32;32.33;;;
37.319468;-4.013615;798;0;-6;2985;100;160.34;32.31;;;
37.319519;-4.014062;795;0;-7;2985;100;160.38;32.27;;;
37.319523;-4.014288;794;0;-7;2985;100;160.4;32.25;;;
37.319560;-4.014736;791;0;-7;2985;100;160.44;32.21;;;
37.319638;-4.014938;789;0;-7;2985;100;160.46;32.19;;;
37.319871;-4.015283;787;0;-7;2985;100;160.5;32.15;;;
37.320102;-4.015629;785;0;-6;2985;100;160.54;32.11;;;
37.320221;-4.015799;784;0;-6;2985;100;160.56;32.09;;;
37.320521;-4.016048;781;0;-6;2985;100;160.6;32.05;;;
37.320672;-4.016170;779;0;-6;2985;100;160.62;32.03;;;
37.320975;-4.016414;777;0;-6;2985;100;160.66;31.99;;;
37.321126;-4.016536;776;0;-6;2985;100;160.68;31.97;;;
37.321355;-4.016875;773;0;-6;2985;100;160.72;31.93;;;
37.321441;-4.017073;772;0;-6;2985;100;160.74;31.91;;;
37.321528;-4.017272;771;0;-6;2985;100;160.76;31.89;;;
37.321613;-4.017470;770;0;-6;2985;100;160.78;31.87;;;
37.321741;-4.017891;768;0;-6;2985;100;160.82;31.83;;;
37.321822;-4.018092;766;0;-7;2985;100;160.84;31.81;;;
37.322115;-4.018352;763;0;-7;2985;100;160.88;31.77;;;
37.322268;-4.018472;762;0;-7;2985;100;160.9;31.75;39;;
37.322563;-4.018731;760;0;-5;2985;100;160.94;31.71;;;
37.322710;-4.018862;759;0;-5;2985;100;160.96;31.69;;;
37.322952;-4.019192;757;0;-6;2985;100;161;31.65;;;
37.323080;-4.019607;754;0;-6;2985;100;161.04;31.61;;;
37.323106;-4.019831;753;0;-6;2985;100;161.06;31.59;;;
37.323046;-4.020273;750;0;-5;2985;100;161.1;31.55;;;
37.322976;-4.020481;749;0;-5;2985;100;161.12;31.53;;;
37.322836;-4.020898;748;0;-4;2985;100;161.16;31.49;;;
37.322766;-4.021106;747;0;-4;2985;100;161.18;31.47;;;
37.322665;-4.021539;745;0;-4;2985;100;161.22;31.43;;;
37.322651;-4.021764;745;0;-4;2985;100;161.24;31.41;;;
37.322643;-4.021989;744;0;-4;2985;100;161.26;31.39;;;
37.322635;-4.022215;743;0;-4;2985;100;161.28;31.37;;;
37.322619;-4.022667;741;0;-4;2985;100;161.32;31.33;;;
37.322611;-4.022893;740;0;-4;2985;100;161.34;31.31;;;
37.322602;-4.023345;739;0;-3;2985;100;161.38;31.27;;;
37.322614;-4.023571;738;0;-3;2985;100;161.4;31.25;;;
37.322734;-4.023990;737;0;-3;2985;100;161.44;31.21;;;
37.322825;-4.024185;736;0;-3;2985;100;161.46;31.19;;;
37.322976;-4.024595;735;0;-3;2985;100;161.5;31.15;;;
37.323065;-4.025032;734;0;-3;2985;100;161.54;31.11;;;
37.323103;-4.025253;733;0;-3;2985;100;161.56;31.09;;;
37.323146;-4.025701;732;0;-3;2985;100;161.6;31.05;;;
37.323137;-4.025927;732;0;-3;2985;100;161.62;31.03;;;
37.323109;-4.026378;730;0;-3;2985;100;161.66;30.99;;;
37.323090;-4.026603;729;0;-3;2985;100;161.68;30.97;;;
37.323010;-4.027043;728;0;-3;2985;100;161.72;30.93;;;
37.322940;-4.027252;727;0;-3;2985;100;161.74;30.91;;;
37.322840;-4.027439;727;0;-3;2985;100;161.76;30.89;;;
37.322716;-4.027599;726;0;-3;2985;100;161.78;30.87;;;
37.322442;-4.027892;725;0;-3;2985;100;161.82;30.83;;;
37.322315;-4.028052;724;0;-3;2985;100;161.84;30.81;;;
37.322179;-4.028461;724;0;-2;2985;100;161.88;30.77;;;
37.322159;-4.028686;723;0;-2;2985;100;161.9;30.75;;;
37.322119;-4.029135;722;0;-2;2985;100;161.94;30.71;;;
37.322072;-4.029354;722;0;-2;2985;100;161.96;30.69;;;
37.321932;-4.029769;721;0;-2;2985;100;162;30.65;;;
37.321777;-4.030177;721;0;-1;2985;100;162.04;30.61;;;
37.321694;-4.030379;720;0;-1;2985;100;162.06;30.59;;;
37.321529;-4.030781;720;0;-1;2985;100;162.1;30.55;;;
37.321447;-4.030982;720;0;-1;2985;100;162.12;30.53;;;
37.321277;-4.031380;719;0;-1;2985;100;162.16;30.49;;;
37.321188;-4.031577;719;0;-1;2985;100;162.18;30.47;;;
37.321011;-4.031970;718;0;-1;2985;100;162.22;30.43;;;
37.320922;-4.032167;718;0;-1;2985;100;162.24;30.41;;;
37.320834;-4.032364;718;0;-1;2985;100;162.26;30.39;;;
37.320745;-4.032561;717;0;-1;2985;100;162.28;30.37;;;
37.320583;-4.032962;717;0;-1;2985;100;162.32;30.33;;;
37.320538;-4.033181;717;0;-2;2985;100;162.34;30.31;;;
37.320447;-4.033619;716;0;-2;2985;100;162.38;30.27;;;
37.320405;-4.033838;716;0;-2;2985;100;162.4;30.25;;;
37.320356;-4.034287;715;0;-2;2985;100;162.44;30.21;;;
37.320331;-4.034511;715;0;-2;2985;100;162.46;30.19;;;
37.320282;-4.034959;714;0;-2;2985;100;162.5;30.15;;;
37.320234;-4.035407;713;0;-2;2985;100;162.54;30.11;;;
37.320209;-4.035631;713;0;-2;2985;100;162.56;30.09;;;
37.320160;-4.036079;712;0;-2;2985;100;162.6;30.05;;;
37.320135;-4.036303;712;0;-2;2985;100;162.62;30.03;;;
37.320087;-4.036751;711;0;-2;2985;100;162.66;29.99;;;
37.320075;-4.036977;711;0;-2;2985;100;162.68;29.97;;;
37.320073;-4.037429;710;0;-2;2985;100;162.72;29.93;;;
37.320077;-4.037655;710;0;-2;2985;100;162.74;29.91;;;
37.320080;-4.037881;709;0;-2;2985;100;162.76;29.89;;;
37.320084;-4.038107;709;0;-2;2985;100;162.78;29.87;;;
37.320091;-4.038560;708;0;-2;2985;100;162.82;29.83;;;
37.320094;-4.038786;708;0;-2;2985;100;162.84;29.81;;;
37.320102;-4.039238;707;0;-2;2985;100;162.88;29.77;;;
37.320105;-4.039464;707;0;-2;2985;100;162.9;29.75;;;
37.320097;-4.039916;706;0;-2;2985;100;162.94;29.71;;;
37.320086;-4.040142;706;0;-2;2985;100;162.96;29.69;;;
37.320063;-4.040593;705;0;-2;2985;100;163;29.65;;;
37.320030;-4.041044;704;0;-2;2985;100;163.04;29.61;;;
37.320011;-4.041268;704;0;-2;2985;100;163.06;29.59;;;
37.319974;-4.041718;703;0;-1;2985;100;163.1;29.55;;;
37.319957;-4.041944;703;0;-1;2985;100;163.12;29.53;;;
37.319941;-4.042395;703;0;-1;2985;100;163.16;29.49;;;
37.319933;-4.042621;702;0;-2;2985;100;163.18;29.47;;;
37.319917;-4.043073;702;0;-2;2985;100;163.22;29.43;;;
37.319910;-4.043299;701;0;-2;2985;100;163.24;29.41;;;
37.319902;-4.043525;701;0;-2;2985;100;163.26;29.39;;;
37.319894;-4.043751;701;0;-1;2985;100;163.28;29.37;;;
37.319878;-4.044203;700;0;-1;2985;100;163.32;29.33;;;
37.319870;-4.044429;700;0;-1;2985;100;163.34;29.31;;;
37.319845;-4.044880;699;0;-1;2985;100;163.38;29.27;;;
37.319824;-4.045105;699;0;-1;2985;100;163.4;29.25;;;
37.319782;-4.045554;699;0;-1;2985;100;163.44;29.21;;;
37.319761;-4.045779;698;0;-1;2985;100;163.46;29.19;;;
37.319719;-4.046228;698;0;-1;2985;100;163.5;29.15;;;
37.319678;-4.046677;697;0;-1;2985;100;163.54;29.11;;;
37.319656;-4.046902;697;0;-1;2985;100;163.56;29.09;;;
37.319609;-4.047350;696;0;-1;2985;100;163.6;29.05;;;
37.319580;-4.047573;696;0;-1;2985;100;163.62;29.03;;;
37.319524;-4.048020;696;0;-1;2985;100;163.66;28.99;;;
37.319495;-4.048243;696;0;-1;2985;100;163.68;28.97;;;
37.319438;-4.048690;695;0;-1;2985;100;163.72;28.93;;;
37.319410;-4.048913;695;0;-1;2985;100;163.74;28.91;;;
37.319381;-4.049137;695;0;-1;2985;100;163.76;28.89;;;
37.319352;-4.049360;695;0;-1;2985;100;163.78;28.87;;;
37.319295;-4.049806;694;0;-1;2985;100;163.82;28.83;;;
37.319267;-4.050030;694;0;-1;2985;100;163.84;28.81;;;
37.319239;-4.050253;694;0;-1;2985;100;163.86;28.79;;;
37.319210;-4.050476;694;0;-1;2985;100;163.88;28.77;;;
37.319181;-4.050700;694;0;-1;2985;100;163.9;28.75;;;
37.319153;-4.050923;694;0;-1;2985;100;163.92;28.73;;;
37.319125;-4.051146;694;0;-1;2985;100;163.94;28.71;;;
37.319096;-4.051370;693;0;-1;2985;100;163.96;28.69;;;
37.319067;-4.051593;693;0;-1;2985;100;163.98;28.67;;;
37.319038;-4.051816;693;0;-1;2985;100;164;28.65;;;
37.319010;-4.052039;693;0;-1;2985;100;164.02;28.63;;;
37.318982;-4.052263;693;0;-1;2985;100;164.04;28.61;;;
37.318953;-4.052486;693;0;-1;2985;100;164.06;28.59;;;
37.318924;-4.052709;693;0;-1;2985;100;164.08;28.57;;;
37.318870;-4.052924;692;0;-1;2985;100;164.1;28.55;;;
37.318796;-4.053130;692;0;-1;2985;100;164.12;28.53;;;
37.318719;-4.053335;692;0;-1;2985;100;164.14;28.51;;;
37.318642;-4.053539;692;0;-1;2985;100;164.16;28.49;;;
37.318564;-4.053743;692;0;-1;2985;100;164.18;28.47;;;
37.318466;-4.053930;692;0;-1;2985;100;164.2;28.45;;;
37.318349;-4.054102;692;0;-1;2985;100;164.22;28.43;;;
37.318233;-4.054275;692;0;-1;2985;100;164.24;28.41;;;
37.318113;-4.054443;691;0;-1;2985;100;164.26;28.39;;;
37.317990;-4.054608;691;0;-1;2985;100;164.28;28.37;;;
37.317857;-4.054759;691;0;-1;2985;100;164.3;28.35;;;
37.317716;-4.054900;691;0;-1;2985;100;164.32;28.33;;;
37.317576;-4.055041;691;0;-1;2985;100;164.34;28.31;;;
37.317434;-4.055181;691;0;-1;2985;100;164.36;28.29;;;
37.317292;-4.055320;691;0;-1;2985;100;164.38;28.27;;;
37.317148;-4.055455;691;0;-1;2985;100;164.4;28.25;;;
37.317003;-4.055588;690;0;-1;2985;100;164.42;28.23;;;
37.316857;-4.055722;690;0;-1;2985;100;164.44;28.21;;;
37.316712;-4.055855;690;0;-1;2985;100;164.46;28.19;;;
37.316567;-4.055989;690;0;-1;2985;100;164.48;28.17;;;
37.316438;-4.056146;690;0;-1;2985;100;164.5;28.15;;;
37.316346;-4.056340;690;0;-1;2985;100;164.52;28.13;;;
37.316257;-4.056536;690;0;-1;2985;100;164.54;28.11;;;
37.316168;-4.056733;689;0;-1;2985;100;164.56;28.09;;;
37.316079;-4.056929;689;0;-1;2985;100;164.58;28.07;;;
37.315990;-4.057125;689;0;-1;2985;100;164.6;28.05;;;
37.315901;-4.057322;689;0;-1;2985;100;164.62;28.03;;;
37.315812;-4.057519;689;0;-1;2985;100;164.64;28.01;;;
37.315723;-4.057715;689;0;-1;2985;100;164.66;27.99;;;
37.315634;-4.057912;689;0;-1;2985;100;164.68;27.97;;;
37.315547;-4.058110;688;0;-1;2985;100;164.7;27.95;;;
37.315462;-4.058309;688;0;-1;2985;100;164.72;27.93;;;
37.315376;-4.058508;688;0;-1;2985;100;164.74;27.91;;;
37.315291;-4.058707;688;0;-1;2985;100;164.76;27.89;;;
37.315227;-4.058918;688;0;-1;2985;100;164.78;27.87;;;
37.315189;-4.059139;688;0;-1;2985;100;164.8;27.85;;;
37.315159;-4.059361;687;0;-1;2985;100;164.82;27.83;;;
37.315168;-4.059587;687;0;-1;2985;100;164.84;27.81;;;
37.315176;-4.059813;687;0;-1;2985;100;164.86;27.79;;;
37.315228;-4.060027;686;0;-1;2985;100;164.88;27.77;;;
37.315325;-4.060217;686;0;-1;2985;100;164.9;27.75;;;
37.315423;-4.060407;686;0;-1;2985;100;164.92;27.73;;;
37.315520;-4.060597;686;0;-1;2985;100;164.94;27.71;;;
37.315617;-4.060787;686;0;-1;2985;100;164.96;27.69;;;
37.315693;-4.060992;685;0;-1;2985;100;164.98;27.67;;;
37.315758;-4.061202;685;0;-1;2985;100;165;27.65;;;
37.315758;-4.061428;685;0;-1;2985;100;165.02;27.63;;;
37.315758;-4.061654;685;0;-1;2985;100;165.04;27.61;;;
37.315754;-4.061879;685;0;-1;2985;100;165.06;27.59;;;
37.315682;-4.062086;685;0;-1;2985;100;165.08;27.57;;;
37.315543;-4.062223;684;0;-1;2985;100;165.1;27.55;;;
37.315372;-4.062293;684;0;-1;2985;100;165.12;27.53;;;
37.315201;-4.062364;684;0;-1;2985;100;165.14;27.51;;;
37.315042;-4.062463;683;0;-1;2985;100;165.16;27.49;;;
37.314897;-4.062598;683;0;-1;2985;100;165.18;27.47;;;
37.314756;-4.062738;683;0;-1;2985;100;165.2;27.45;40;;
37.314614;-4.062877;682;0;-1;2985;100;165.22;27.43;;;
37.314472;-4.063016;682;0;-1;2985;100;165.24;27.41;;;
37.314331;-4.063156;682;0;-1;2985;100;165.26;27.39;;;
37.314190;-4.063296;682;0;-1;2985;100;165.28;27.37;;;
37.314048;-4.063436;681;0;-1;2985;100;165.3;27.35;;;
37.313907;-4.063575;681;0;-1;2985;100;165.32;27.33;;;
37.313765;-4.063715;681;0;-1;2985;100;165.34;27.31;;;
37.313624;-4.063855;681;0;-1;2985;100;165.36;27.29;;;
37.313482;-4.063994;681;0;-1;2985;100;165.38;27.27;;;
37.313336;-4.064126;680;0;-1;2985;100;165.4;27.25;;;
37.313190;-4.064257;680;0;-1;2985;100;165.42;27.23;;;
37.313036;-4.064371;680;0;-1;2985;100;165.44;27.21;;;
37.312866;-4.064446;680;0;-1;2985;100;165.46;27.19;;;
37.312697;-4.064521;679;0;-1;2985;100;165.48;27.17;;;
37.312526;-4.064592;679;0;-1;2985;100;165.5;27.15;;;
37.312350;-4.064636;679;0;-1;2985;100;165.52;27.13;;;
37.312173;-4.064679;679;0;-1;2985;100;165.54;27.11;;;
37.311996;-4.064722;679;0;-1;2985;100;165.56;27.09;;;
37.311820;-4.064765;678;0;-1;2985;100;165.58;27.07;;;
37.311645;-4.064819;678;0;-1;2985;100;165.6;27.05;;;
37.311476;-4.064895;678;0;-1;2985;100;165.62;27.03;;;
37.311309;-4.064978;678;0;-1;2985;100;165.64;27.01;;;
37.311141;-4.065061;677;0;-1;2985;100;165.66;26.99;;;
37.310982;-4.065165;677;0;-1;2985;100;165.68;26.97;;;
37.310828;-4.065281;677;0;-1;2985;100;165.7;26.95;;;
37.310680;-4.065410;677;0;-1;2985;100;165.72;26.93;;;
37.310531;-4.065536;677;0;-1;2985;100;165.74;26.91;;;
37.310397;-4.065688;676;0;-1;2985;100;165.76;26.89;;;
37.310265;-4.065841;676;0;-1;2985;100;165.78;26.87;;;
37.310140;-4.066003;676;0;-1;2985;100;165.8;26.85;;;
37.310023;-4.066175;675;0;-1;2985;100;165.82;26.83;;;
37.309906;-4.066347;675;0;-1;2985;100;165.84;26.81;;;
37.309789;-4.066519;675;0;-1;2985;100;165.86;26.79;;;
37.309672;-4.066690;675;0;-1;2985;100;165.88;26.77;;;
37.309555;-4.066862;675;0;-1;2985;100;165.9;26.75;;;
37.309438;-4.067034;675;0;-1;2985;100;165.92;26.73;;;
37.309321;-4.067206;675;0;-1;2985;100;165.94;26.71;;;
37.309204;-4.067377;675;0;-1;2985;100;165.96;26.69;;;
37.309087;-4.067549;674;0;-1;2985;100;165.98;26.67;;;
37.308971;-4.067721;674;0;-1;2985;100;166;26.65;;;
37.308854;-4.067893;674;0;-1;2985;100;166.02;26.63;;;
37.308737;-4.068065;674;0;-1;2985;100;166.04;26.61;;;
37.308620;-4.068237;674;0;-1;2985;100;166.06;26.59;;;
37.308503;-4.068408;674;0;-1;2985;100;166.08;26.57;;;
37.308386;-4.068580;673;0;-1;2985;100;166.1;26.55;;;
37.308268;-4.068752;673;0;-1;2985;100;166.12;26.53;;;
37.308151;-4.068923;673;0;-1;2985;100;166.14;26.51;;;
37.308032;-4.069092;673;0;-1;2985;100;166.16;26.49;;;
37.307911;-4.069260;673;0;0;2985;100;166.18;26.47;;;
37.307791;-4.069428;673;0;0;2985;100;166.2;26.45;;;
37.307671;-4.069596;673;0;0;2985;100;166.22;26.43;;;
37.307551;-4.069765;673;0;0;2985;100;166.24;26.41;;;
37.307430;-4.069933;673;0;0;2985;100;166.26;26.39;;;
37.307310;-4.070101;673;0;0;2985;100;166.28;26.37;;;
37.307179;-4.070256;673;0;0;2985;100;166.3;26.35;;;
37.307047;-4.070409;673;0;0;2985;100;166.32;26.33;;;
37.306915;-4.070563;673;0;0;2985;100;166.34;26.31;;;
37.306783;-4.070716;673;0;0;2985;100;166.36;26.29;;;
37.306650;-4.070869;673;0;0;2985;100;166.38;26.27;;;
37.306514;-4.071016;673;0;0;2985;100;166.4;26.25;;;
37.306375;-4.071159;673;0;0;2985;100;166.42;26.23;;;
37.306235;-4.071303;673;0;0;2985;100;166.44;26.21;;;
37.306096;-4.071446;673;0;0;2985;100;166.46;26.19;;;
37.305957;-4.071589;673;0;0;2985;100;166.48;26.17;;;
37.305818;-4.071733;673;0;0;2985;100;166.5;26.15;;;
37.305679;-4.071876;673;0;0;2985;100;166.52;26.13;;;
37.305544;-4.072025;673;0;0;2985;100;166.54;26.11;;;
37.305413;-4.072181;673;0;0;2986;99;166.56;26.09;;;
37.305283;-4.072337;673;0;0;2986;99;166.58;26.07;;;
37.305154;-4.072494;673;0;1;2986;99;166.6;26.05;;;
37.305042;-4.072671;673;0;1;2986;99;166.62;26.03;;;
37.304933;-4.072850;674;0;1;2986;99;166.64;26.01;;;
37.304839;-4.073044;674;0;1;2986;99;166.66;25.99;;;
37.304746;-4.073237;674;0;1;2986;99;166.68;25.97;;;
37.304653;-4.073430;674;0;1;2986;99;166.7;25.95;;;
37.304560;-4.073624;674;0;1;2987;98;166.72;25.93;;;
37.304466;-4.073817;674;0;1;2987;98;166.74;25.91;;;
37.304373;-4.074010;674;0;1;2987;98;166.76;25.89;;;
37.304279;-4.074203;675;0;1;2987;98;166.78;25.87;;;
37.304186;-4.074396;675;0;1;2987;98;166.8;25.85;;;
37.304092;-4.074590;675;0;1;2987;98;166.82;25.83;;;
37.303999;-4.074783;675;0;1;2987;98;166.84;25.81;;;
37.303906;-4.074977;675;0;1;2988;97;166.86;25.79;;;
37.303813;-4.075170;675;0;1;2988;97;166.88;25.77;;;
37.303720;-4.075363;676;0;1;2988;97;166.9;25.75;;;
37.303626;-4.075557;676;0;1;2988;97;166.92;25.73;;;
37.303533;-4.075750;676;0;0;2988;97;166.94;25.71;;;
37.303439;-4.075943;676;0;0;2988;97;166.96;25.69;;;
37.303343;-4.076133;676;0;0;2988;97;166.98;25.67;;;
37.303244;-4.076322;676;0;0;2988;97;167;25.65;;;
37.303129;-4.076494;676;0;0;2988;97;167.02;25.63;;;
37.302987;-4.076631;676;0;0;2988;97;167.04;25.61;;;
37.302828;-4.076736;676;0;0;2988;97;167.06;25.59;;;
37.302672;-4.076848;676;0;0;2988;97;167.08;25.57;;;
37.302528;-4.076982;676;0;0;2988;97;167.1;25.55;;;
37.302409;-4.077152;676;0;0;2988;97;167.12;25.53;;;
37.302290;-4.077321;676;0;-1;2988;97;167.14;25.51;;;
37.302170;-4.077490;676;0;-1;2988;97;167.16;25.49;;;
37.302035;-4.077635;675;0;-1;2988;97;167.18;25.47;;;
37.301882;-4.077755;675;0;-1;2988;97;167.2;25.45;;;
37.301704;-4.077781;675;0;-1;2988;97;167.22;25.43;;;
37.301529;-4.077747;675;0;-2;2988;97;167.24;25.41;;;
37.301357;-4.077680;674;0;-2;2988;97;167.26;25.39;;;
37.301194;-4.077585;674;0;-2;2988;97;167.28;25.37;;;
37.301031;-4.077489;674;0;-2;2988;97;167.3;25.35;;;
37.300868;-4.077394;673;0;-2;2988;97;167.32;25.33;;;
37.300702;-4.077314;673;0;-2;2988;97;167.34;25.31;;;
37.300523;-4.077292;672;0;-2;2988;97;167.36;25.29;;;
37.300344;-4.077272;672;0;-2;2988;97;167.38;25.27;;;
37.300164;-4.077258;671;0;-2;2988;97;167.4;25.25;;;
37.299985;-4.077242;671;0;-2;2988;97;167.42;25.23;;;
37.299805;-4.077227;670;0;-2;2988;97;167.44;25.21;;;
37.299626;-4.077211;670;0;-2;2988;97;167.46;25.19;;;
37.299450;-4.077166;670;0;-2;2988;97;167.48;25.17;;;
37.299276;-4.077109;669;0;-2;2988;97;167.5;25.15;;;
37.299102;-4.077052;669;0;-2;2988;97;167.52;25.13;;;
37.298928;-4.076994;668;0;-2;2988;97;167.54;25.11;;;
37.298754;-4.076938;668;0;-3;2988;97;167.56;25.09;;;
37.298580;-4.076881;667;0;-3;2988;97;167.58;25.07;;;
37.298406;-4.076823;667;0;-3;2988;97;167.6;25.05;;;
37.298231;-4.076770;666;0;-3;2988;97;167.62;25.03;;;
37.298055;-4.076725;665;0;-3;2988;97;167.64;25.01;;;
37.297876;-4.076708;665;0;-3;2988;97;167.66;24.99;;;
37.297696;-4.076708;664;0;-3;2988;97;167.68;24.97;;;
37.297520;-4.076748;664;0;-2;2988;97;167.7;24.95;;;
37.297348;-4.076814;663;0;-2;2988;97;167.72;24.93;;;
37.297184;-4.076905;663;0;-2;2988;97;167.74;24.91;;;
37.297030;-4.077021;662;0;-2;2988;97;167.76;24.89;;;
37.296893;-4.077168;662;0;-2;2988;97;167.78;24.87;;;
37.296759;-4.077318;662;0;-2;2988;97;167.8;24.85;;;
37.296625;-4.077469;661;0;-2;2988;97;167.82;24.83;;;
37.296491;-4.077620;661;0;-2;2988;97;167.84;24.81;;;
37.296357;-4.077771;661;0;-2;2988;97;167.86;24.79;;;
37.296223;-4.077921;660;0;-2;2988;97;167.88;24.77;;;
37.296083;-4.078064;659;0;-2;2988;97;167.9;24.75;;;
37.295940;-4.078199;659;0;-2;2988;97;167.92;24.73;;;
37.295775;-4.078289;658;0;-3;2988;97;167.94;24.71;;;
37.295597;-4.078314;658;0;-3;2988;97;167.96;24.69;;;
37.295418;-4.078339;657;0;-2;2988;97;167.98;24.67;;;
37.295239;-4.078364;657;0;-2;2988;97;168;24.65;;;
37.295063;-4.078406;657;0;-2;2988;97;168.02;24.63;;;
37.294892;-4.078477;656;0;-2;2988;97;168.04;24.61;;;
37.294722;-4.078551;656;0;-2;2988;97;168.06;24.59;;;
37.294552;-4.078622;655;0;-2;2988;97;168.08;24.57;;;
37.294376;-4.078652;655;0;-2;2988;97;168.1;24.55;;;
37.294197;-4.078629;654;0;-2;2988;97;168.12;24.53;;;
37.294041;-4.078530;654;0;-2;2988;97;168.14;24.51;;;
37.293909;-4.078378;653;0;-2;2988;97;168.16;24.49;;;
37.293803;-4.078195;653;0;-2;2988;97;168.18;24.47;;;
37.293696;-4.078013;652;0;-2;2988;97;168.2;24.45;;;
37.293590;-4.077831;652;0;-2;2988;97;168.22;24.43;;;
37.293482;-4.077650;652;0;-2;2988;97;168.24;24.41;;;
37.293373;-4.077470;651;0;-3;2988;97;168.26;24.39;;;
37.293265;-4.077290;651;0;-3;2988;97;168.28;24.37;;;
37.293135;-4.077135;650;0;-3;2988;97;168.3;24.35;;;
37.292970;-4.077067;649;0;-3;2988;97;168.32;24.33;;;
37.292794;-4.077105;649;0;-3;2988;97;168.34;24.31;;;
37.292635;-4.077204;648;0;-3;2988;97;168.36;24.29;;;
37.292516;-4.077370;648;0;-3;2988;97;168.38;24.27;;;
37.292408;-4.077551;647;0;-3;2988;97;168.4;24.25;;;
37.292301;-4.077733;647;0;-2;2988;97;168.42;24.23;;;
37.292172;-4.077889;646;0;-2;2988;97;168.44;24.21;;;
37.292028;-4.078023;646;0;-2;2988;97;168.46;24.19;;;
37.291866;-4.078116;645;0;-2;2988;97;168.48;24.17;;;
37.291691;-4.078169;645;0;-2;2988;97;168.5;24.15;;;
37.291514;-4.078182;644;0;-2;2988;97;168.52;24.13;;;
37.291334;-4.078172;644;0;-2;2988;97;168.54;24.11;;;
37.291154;-4.078162;644;0;-2;2988;97;168.56;24.09;;;
37.290974;-4.078151;643;0;-2;2988;97;168.58;24.07;;;
37.290795;-4.078159;643;0;-2;2988;97;168.6;24.05;;;
37.290620;-4.078203;642;0;-2;2988;97;168.62;24.03;;;
37.290448;-4.078271;642;0;-2;2988;97;168.64;24.01;;;
37.290290;-4.078378;641;0;-2;2988;97;168.66;23.99;;;
37.290144;-4.078508;641;0;-2;2988;97;168.68;23.97;;;
37.290009;-4.078657;641;0;-2;2988;97;168.7;23.95;;;
37.289850;-4.078763;640;0;-2;2988;97;168.72;23.93;;;
37.289674;-4.078798;640;0;-3;2988;97;168.74;23.91;;;
37.289497;-4.078770;639;0;-3;2988;97;168.76;23.89;;;
37.289343;-4.078662;638;0;-3;2988;97;168.78;23.87;;;
37.289241;-4.078477;638;0;-3;2988;97;168.8;23.85;;;
37.289164;-4.078273;637;0;-2;2988;97;168.82;23.83;;;
37.289097;-4.078063;637;0;-2;2988;97;168.84;23.81;;;
37.289030;-4.077853;636;0;-2;2988;97;168.86;23.79;;;
37.288942;-4.077657;636;0;-2;2988;97;168.88;23.77;;;
37.288801;-4.077521;636;0;-2;2988;97;168.9;23.75;;;
37.288650;-4.077397;636;0;-2;2988;97;168.92;23.73;;;
37.288493;-4.077288;635;0;-2;2988;97;168.94;23.71;;;
37.288335;-4.077178;635;0;-2;2988;97;168.96;23.69;;;
37.288178;-4.077068;635;0;-2;2988;97;168.98;23.67;;;
37.288021;-4.076957;634;0;-2;2988;97;169;23.65;;;
37.287864;-4.076847;634;0;-2;2988;97;169.02;23.63;;;
37.287716;-4.076721;634;0;-2;2988;97;169.04;23.61;;;
37.287581;-4.076572;633;0;-2;2988;97;169.06;23.59;;;
37.287465;-4.076400;633;0;-2;2988;97;169.08;23.57;;;
37.287349;-4.076227;632;0;-2;2988;97;169.1;23.55;;;
37.287227;-4.076061;632;0;-2;2988;97;169.12;23.53;;;
37.287090;-4.075917;631;0;-3;2988;97;169.14;23.51;;;
37.286933;-4.075805;631;0;-3;2988;97;169.16;23.49;;;
37.286764;-4.075731;630;0;-3;2988;97;169.18;23.47;;;
37.286586;-4.075707;630;0;-3;2988;97;169.2;23.45;;;
37.286413;-4.075755;629;0;-2;2988;97;169.22;23.43;;;
37.286256;-4.075865;628;0;-2;2988;97;169.24;23.41;;;
37.286104;-4.075986;628;0;-2;2988;97;169.26;23.39;;;
37.285951;-4.076106;628;0;-2;2988;97;169.28;23.37;;;
37.285799;-4.076225;627;0;-2;2988;97;169.3;23.35;;;
37.285647;-4.076347;627;0;-2;2988;97;169.32;23.33;;;
37.285494;-4.076467;627;0;-2;2988;97;169.34;23.31;;;
37.285342;-4.076586;626;0;-2;2988;97;169.36;23.29;;;
37.285174;-4.076668;626;0;-2;2988;97;169.38;23.27;;;
37.284998;-4.076709;625;0;-2;2988;97;169.4;23.25;;;
37.284818;-4.076721;625;0;-2;2988;97;169.42;23.23;;;
37.284639;-4.076733;625;0;-2;2988;97;169.44;23.21;;;
37.284460;-4.076758;624;0;-2;2988;97;169.46;23.19;;;
37.284282;-4.076789;624;0;-2;2988;97;169.48;23.17;;;
37.284107;-4.076837;623;0;-2;2988;97;169.5;23.15;;;
37.283936;-4.076908;623;0;-2;2988;97;169.52;23.13;;;
37.283769;-4.076991;622;0;-2;2988;97;169.54;23.11;;;
37.283609;-4.077093;622;0;-2;2988;97;169.56;23.09;;;
37.283453;-4.077204;622;0;-2;2988;97;169.58;23.07;;;
37.283300;-4.077325;621;0;-2;2988;97;169.6;23.05;;;
37.283147;-4.077444;621;0;-1;2988;97;169.62;23.03;;;
37.282983;-4.077535;621;0;-1;2988;97;169.64;23.01;;;
37.282810;-4.077586;621;0;-1;2988;97;169.66;22.99;;;
37.282631;-4.077604;620;0;-1;2988;97;169.68;22.97;;;
37.282461;-4.077541;620;0;-1;2988;97;169.7;22.95;;;
37.282295;-4.077455;620;0;-1;2988;97;169.72;22.93;;;
37.282149;-4.077324;620;0;-1;2988;97;169.74;22.91;;;
37.282002;-4.077192;620;0;-1;2988;97;169.76;22.89;;;
37.281856;-4.077060;619;0;-1;2988;97;169.78;22.87;;;
37.281710;-4.076929;619;0;-1;2988;97;169.8;22.85;;;
37.281562;-4.076800;619;0;-1;2988;97;169.82;22.83;;;
37.281405;-4.076691;619;0;-1;2988;97;169.84;22.81;;;
37.281236;-4.076618;618;0;-1;2988;97;169.86;22.79;;;
37.281058;-4.076597;618;0;-1;2988;97;169.88;22.77;;;
37.280883;-4.076646;618;0;-1;2988;97;169.9;22.75;;;
37.280722;-4.076745;617;0;-1;2988;97;169.92;22.73;;;
37.280570;-4.076866;617;0;-1;2988;97;169.94;22.71;;;
37.280417;-4.076986;617;0;-1;2988;97;169.96;22.69;;;
37.280263;-4.077100;617;0;-1;2988;97;169.98;22.67;;;
37.280092;-4.077168;617;0;-1;2988;97;170;22.65;;;
37.279915;-4.077207;617;0;-1;2988;97;170.02;22.63;;;
37.279736;-4.077197;616;0;-1;2988;97;170.04;22.61;;;
37.279559;-4.077154;616;0;-1;2988;97;170.06;22.59;;;
37.279390;-4.077080;616;0;-1;2988;97;170.08;22.57;;;
37.279227;-4.076986;616;0;-1;2988;97;170.1;22.55;;;
37.279064;-4.076891;616;0;-1;2988;97;170.12;22.53;;;
37.278901;-4.076795;615;0;-1;2988;97;170.14;22.51;;;
37.278737;-4.076702;615;0;-1;2988;97;170.16;22.49;;;
37.278569;-4.076622;615;0;-1;2988;97;170.18;22.47;;;
37.278399;-4.076549;615;0;0;2988;97;170.2;22.45;;;
37.278224;-4.076494;615;0;0;2988;97;170.22;22.43;;;
37.278049;-4.076443;615;0;0;2988;97;170.24;22.41;;;
37.277872;-4.076408;615;0;0;2988;97;170.26;22.39;;;
37.277693;-4.076379;615;0;0;2988;97;170.28;22.37;;;
37.277515;-4.076350;615;0;0;2988;97;170.3;22.35;;;
37.277336;-4.076322;615;0;0;2988;97;170.32;22.33;;;
37.277162;-4.076269;615;0;0;2988;97;170.34;22.31;;;
37.276988;-4.076212;615;0;0;2988;97;170.36;22.29;;;
37.276814;-4.076153;615;0;0;2988;97;170.38;22.27;;;
37.276647;-4.076071;615;0;0;2988;97;170.4;22.25;;;
37.276486;-4.075971;615;0;0;2988;97;170.42;22.23;;;
37.276324;-4.075872;615;0;0;2988;97;170.44;22.21;;;
37.276179;-4.075739;615;0;0;2988;97;170.46;22.19;;;
37.276034;-4.075605;615;0;0;2988;97;170.48;22.17;;;
37.275893;-4.075466;615;0;0;2988;97;170.5;22.15;;;
37.275773;-4.075298;615;0;0;2988;97;170.52;22.13;;;
37.275653;-4.075129;614;0;0;2988;97;170.54;22.11;;;
37.275533;-4.074960;614;0;0;2988;97;170.56;22.09;;;
37.275413;-4.074792;614;0;0;2988;97;170.58;22.07;;;
37.275294;-4.074623;614;0;0;2988;97;170.6;22.05;;;
37.275174;-4.074454;614;0;0;2988;97;170.62;22.03;;;
37.275054;-4.074286;614;0;0;2988;97;170.64;22.01;;;
37.274934;-4.074117;614;0;-1;2988;97;170.66;21.99;;;
37.274808;-4.073956;614;0;-1;2988;97;170.68;21.97;;;
37.274677;-4.073802;614;0;-1;2988;97;170.7;21.95;;;
37.274546;-4.073647;614;0;-1;2988;97;170.72;21.93;;;
37.274380;-4.073563;613;0;-1;2988;97;170.74;21.91;;;
37.274207;-4.073533;613;0;-1;2988;97;170.76;21.89;;;
37.274034;-4.073593;613;0;-1;2988;97;170.78;21.87;;;
37.273875;-4.073694;612;0;-1;2988;97;170.8;21.85;;;
37.273733;-4.073832;612;0;-1;2988;97;170.82;21.83;;;
37.273626;-4.074014;612;0;-1;2988;97;170.84;21.81;;;
37.273535;-4.074206;612;0;-1;2988;97;170.86;21.79;;;
37.273474;-4.074419;611;0;-1;2988;97;170.88;21.77;;;
37.273413;-4.074631;611;0;-1;2988;97;170.9;21.75;;;
37.273335;-4.074834;611;0;-1;2988;97;170.92;21.73;;;
37.273246;-4.075030;611;0;-1;2988;97;170.94;21.71;;;
37.273123;-4.075195;611;0;-2;2988;97;170.96;21.69;;;
37.272975;-4.075312;610;0;-2;2988;97;170.98;21.67;;;
37.272798;-4.075345;610;0;-2;2988;97;171;21.65;;;
37.272619;-4.075340;609;0;-3;2988;97;171.02;21.63;;;
37.272456;-4.075249;608;0;-3;2988;97;171.04;21.61;;;
37.272313;-4.075113;608;0;-3;2988;97;171.06;21.59;;;
37.272188;-4.074952;607;0;-3;2988;97;171.08;21.57;;;
37.272076;-4.074775;607;0;-3;2988;97;171.1;21.55;;;
37.271964;-4.074598;606;0;-3;2988;97;171.12;21.53;;;
37.271852;-4.074421;606;0;-3;2988;97;171.14;21.51;;;
37.271741;-4.074244;605;0;-3;2988;97;171.16;21.49;;;
37.271628;-4.074067;605;0;-3;2988;97;171.18;21.47;;;
37.271516;-4.073891;604;0;-3;2988;97;171.2;21.45;;;
37.271388;-4.073735;603;0;-3;2988;97;171.22;21.43;;;
37.271218;-4.073676;603;0;-3;2988;97;171.24;21.41;;;
37.271054;-4.073743;602;0;-3;2988;97;171.26;21.39;;;
37.270914;-4.073885;602;0;-3;2988;97;171.28;21.37;;;
37.270774;-4.074027;601;0;-3;2988;97;171.3;21.35;;;
37.270633;-4.074168;601;0;-3;2988;97;171.32;21.33;;;
37.270493;-4.074309;600;0;-3;2988;97;171.34;21.31;;;
37.270353;-4.074452;599;0;-3;2988;97;171.36;21.29;;;
37.270213;-4.074593;599;0;-3;2988;97;171.38;21.27;;;
37.270071;-4.074732;598;0;-3;2988;97;171.4;21.25;;;
37.269929;-4.074870;598;0;-3;2988;97;171.42;21.23;;;
37.269786;-4.075007;597;0;-3;2988;97;171.44;21.21;;;
37.269642;-4.075143;597;0;-2;2988;97;171.46;21.19;;;
37.269499;-4.075279;596;0;-2;2988;97;171.48;21.17;;;
37.269356;-4.075416;596;0;-2;2988;97;171.5;21.15;;;
37.269212;-4.075553;595;0;-2;2988;97;171.52;21.13;;;
37.269069;-4.075689;595;0;-2;2988;97;171.54;21.11;;;
37.268926;-4.075826;595;0;-2;2988;97;171.56;21.09;;;
37.268780;-4.075958;594;0;-2;2988;97;171.58;21.07;;;
37.268624;-4.076070;594;0;-2;2988;97;171.6;21.05;;;
37.268467;-4.076181;593;0;-2;2988;97;171.62;21.03;;;
37.268310;-4.076292;593;0;-2;2988;97;171.64;21.01;;;
37.268143;-4.076375;592;0;-2;2988;97;171.66;20.99;;;
37.267968;-4.076426;592;0;-2;2988;97;171.68;20.97;;;
37.267791;-4.076457;591;0;-3;2988;97;171.7;20.95;;;
37.267611;-4.076457;591;0;-3;2988;97;171.72;20.93;;;
37.267431;-4.076457;590;0;-3;2988;97;171.74;20.91;;;
37.267253;-4.076472;590;0;-3;2988;97;171.76;20.89;;;
37.267079;-4.076531;589;0;-3;2988;97;171.78;20.87;;;
37.266914;-4.076614;589;0;-3;2988;97;171.8;20.85;;;
37.266784;-4.076771;588;0;-3;2988;97;171.82;20.83;;;
37.266659;-4.076932;587;0;-3;2988;97;171.84;20.81;;;
37.266553;-4.077115;587;0;-3;2988;97;171.86;20.79;;;
37.266448;-4.077298;586;0;-3;2988;97;171.88;20.77;;;
37.266342;-4.077481;586;0;-2;2988;97;171.9;20.75;;;
37.266235;-4.077662;585;0;-2;2988;97;171.92;20.73;;;
37.266118;-4.077834;585;0;-2;2988;97;171.94;20.71;;;
37.265993;-4.077997;584;0;-2;2988;97;171.96;20.69;;;
37.265863;-4.078152;584;0;-2;2988;97;171.98;20.67;;;
37.265732;-4.078307;584;0;-2;2988;97;172;20.65;;;
37.265601;-4.078462;583;0;-2;2988;97;172.02;20.63;;;
37.265470;-4.078617;583;0;-2;2988;97;172.04;20.61;;;
37.265339;-4.078771;582;0;-2;2988;97;172.06;20.59;;;
37.265208;-4.078926;582;0;-2;2988;97;172.08;20.57;;;
37.265077;-4.079081;581;0;-2;2988;97;172.1;20.55;;;
37.264946;-4.079237;581;0;-2;2988;97;172.12;20.53;;;
37.264815;-4.079391;581;0;-2;2988;97;172.14;20.51;;;
37.264684;-4.079546;580;0;-2;2988;97;172.16;20.49;;;
37.264553;-4.079701;580;0;-2;2988;97;172.18;20.47;;;
37.264422;-4.079855;580;0;-2;2988;97;172.2;20.45;;;
37.264292;-4.080012;579;0;-2;2988;97;172.22;20.43;;;
37.264163;-4.080170;579;0;-2;2988;97;172.24;20.41;;;
37.264034;-4.080327;578;0;-2;2988;97;172.26;20.39;;;
37.263906;-4.080486;578;0;-2;2988;97;172.28;20.37;;;
37.263777;-4.080643;577;0;-2;2988;97;172.3;20.35;;;
37.263648;-4.080801;577;0;-2;2988;97;172.32;20.33;;;
37.263519;-4.080958;577;0;-2;2988;97;172.34;20.31;;;
37.263390;-4.081116;576;0;-2;2988;97;172.36;20.29;;;
37.263261;-4.081273;576;0;-2;2988;97;172.38;20.27;;;
37.263132;-4.081430;575;0;-2;2988;97;172.4;20.25;;;
37.263001;-4.081586;575;0;-2;2988;97;172.42;20.23;;;
37.262865;-4.081734;575;0;-1;2988;97;172.44;20.21;;;
37.262722;-4.081870;575;0;-1;2988;97;172.46;20.19;;;
37.262572;-4.081994;574;0;-1;2988;97;172.48;20.17;;;
37.262420;-4.082116;574;0;-1;2988;97;172.5;20.15;;;
37.262269;-4.082237;574;0;-1;2988;97;172.52;20.13;;;
37.262115;-4.082355;573;0;-1;2988;97;172.54;20.11;;;
37.261961;-4.082472;573;0;-1;2988;97;172.56;20.09;;;
37.261807;-4.082588;573;0;-1;2988;97;172.58;20.07;;;
37.261653;-4.082705;573;0;-1;2988;97;172.6;20.05;;;
37.261501;-4.082826;572;0;-1;2988;97;172.62;20.03;;;
37.261364;-4.082972;572;0;-1;2988;97;172.64;20.01;;;
37.261246;-4.083142;572;0;-1;2988;97;172.66;19.99;;;
37.261155;-4.083337;572;0;-1;2988;97;172.68;19.97;;;
37.261065;-4.083533;571;0;-1;2988;97;172.7;19.95;;;
37.260974;-4.083728;571;0;-1;2988;97;172.72;19.93;;;
37.260874;-4.083914;571;0;-1;2988;97;172.74;19.91;;;
37.260758;-4.084088;570;0;-1;2988;97;172.76;19.89;;;
37.260629;-4.084243;570;0;-1;2988;97;172.78;19.87;;;
37.260486;-4.084380;570;0;-1;2988;97;172.8;19.85;;;
37.260336;-4.084504;570;0;-1;2988;97;172.82;19.83;;;
37.260173;-4.084599;570;0;-1;2988;97;172.84;19.81;;;
37.260001;-4.084665;569;0;-1;2988;97;172.86;19.79;;;
37.259826;-4.084713;569;0;-1;2988;97;172.88;19.77;;;
37.259648;-4.084744;569;0;-1;2988;97;172.9;19.75;;;
37.259469;-4.084757;569;0;-1;2988;97;172.92;19.73;;;
37.259289;-4.084745;568;0;-1;2988;97;172.94;19.71;;;
37.259112;-4.084712;568;0;-1;2988;97;172.96;19.69;;;
37.258940;-4.084646;568;0;-1;2988;97;172.98;19.67;;;
37.258772;-4.084567;567;0;-1;2988;97;173;19.65;;;
37.258607;-4.084478;567;0;-1;2988;97;173.02;19.63;;;
37.258441;-4.084390;567;0;-1;2988;97;173.04;19.61;;;
37.258275;-4.084302;567;0;-1;2988;97;173.06;19.59;;;
37.258110;-4.084214;566;0;-1;2988;97;173.08;19.57;;;
37.257939;-4.084144;566;0;-1;2988;97;173.1;19.55;;;
37.257761;-4.084127;566;0;-1;2988;97;173.12;19.53;;;
37.257587;-4.084177;566;0;-1;2988;97;173.14;19.51;;;
37.257416;-4.084246;565;0;-1;2988;97;173.16;19.49;;;
37.257246;-4.084318;565;0;-1;2988;97;173.18;19.47;;;
37.257079;-4.084402;565;0;-1;2988;97;173.2;19.45;;;
37.256905;-4.084459;565;0;-1;2988;97;173.22;19.43;;;
37.256726;-4.084478;564;0;-1;2988;97;173.24;19.41;;;
37.256547;-4.084474;564;0;-1;2988;97;173.26;19.39;;;
37.256372;-4.084419;564;0;-2;2988;97;173.28;19.37;;;
37.256198;-4.084364;563;0;-1;2988;97;173.3;19.35;;;
37.256028;-4.084292;563;0;-1;2988;97;173.32;19.33;;;
37.255858;-4.084217;563;0;-1;2988;97;173.34;19.31;;;
37.255688;-4.084141;563;0;-1;2988;97;173.36;19.29;;;
37.255519;-4.084067;562;0;-1;2988;97;173.38;19.27;;;
37.255349;-4.083992;562;0;-1;2988;97;173.4;19.25;;;
37.255179;-4.083917;562;0;-1;2988;97;173.42;19.23;;;
37.255011;-4.083837;562;0;-1;2988;97;173.44;19.21;;;
37.254843;-4.083756;562;0;-1;2988;97;173.46;19.19;;;
37.254675;-4.083675;562;0;-1;2988;97;173.48;19.17;;;
37.254515;-4.083574;561;0;-1;2988;97;173.5;19.15;;;
37.254361;-4.083458;561;0;-1;2988;97;173.52;19.13;;;
37.254221;-4.083317;561;0;-1;2988;97;173.54;19.11;;;
37.254100;-4.083150;561;0;0;2988;97;173.56;19.09;;;
37.253983;-4.082979;561;0;0;2988;97;173.58;19.07;;;
37.253895;-4.082782;561;0;0;2988;97;173.6;19.05;;;
37.253811;-4.082582;561;0;0;2988;97;173.62;19.03;;;
37.253727;-4.082382;561;0;0;2988;97;173.64;19.01;;;
37.253643;-4.082183;561;0;0;2988;97;173.66;18.99;;;
37.253559;-4.081983;561;0;0;2988;97;173.68;18.97;;;
37.253475;-4.081783;561;0;0;2988;97;173.7;18.95;;;
37.253391;-4.081583;561;0;0;2988;97;173.72;18.93;;;
37.253307;-4.081383;561;0;0;2988;97;173.74;18.91;;;
37.253210;-4.081194;561;0;0;2988;97;173.76;18.89;;;
37.253096;-4.081020;561;0;0;2988;97;173.78;18.87;;;
37.252961;-4.080871;561;0;0;2988;97;173.8;18.85;;;
37.252823;-4.080726;561;0;0;2988;97;173.82;18.83;;;
37.252686;-4.080580;561;0;0;2988;97;173.84;18.81;;;
37.252549;-4.080434;561;0;0;2988;97;173.86;18.79;;;
37.252411;-4.080288;561;0;0;2988;97;173.88;18.77;;;
37.252272;-4.080145;561;0;0;2988;97;173.9;18.75;;;
37.252121;-4.080022;561;0;0;2988;97;173.92;18.73;;;
37.251970;-4.079899;560;0;0;2988;97;173.94;18.71;;;
37.251805;-4.079817;560;0;0;2988;97;173.96;18.69;;;
37.251626;-4.079812;560;0;0;2988;97;173.98;18.67;;;
37.251446;-4.079817;560;0;0;2988;97;174;18.65;;;
37.251266;-4.079822;560;0;0;2988;97;174.02;18.63;;;
37.251086;-4.079827;560;0;0;2988;97;174.04;18.61;;;
37.250907;-4.079809;560;0;0;2988;97;174.06;18.59;;;
37.250730;-4.079777;560;0;0;2989;96;174.08;18.57;;;
37.250556;-4.079716;560;0;0;2989;96;174.1;18.55;;;
37.250396;-4.079613;560;0;0;2989;96;174.12;18.53;;;
37.250234;-4.079515;560;0;0;2989;96;174.14;18.51;;;
37.250072;-4.079418;560;0;0;2989;96;174.16;18.49;;;
37.249906;-4.079333;560;0;0;2989;96;174.18;18.47;;;
37.249728;-4.079321;560;0;0;2989;96;174.2;18.45;;;
37.249553;-4.079371;560;0;0;2989;96;174.22;18.43;;;
37.249377;-4.079421;560;0;0;2989;96;174.24;18.41;;;
37.249202;-4.079472;560;0;0;2989;96;174.26;18.39;;;
37.249026;-4.079522;560;0;0;2989;96;174.28;18.37;;;
37.248851;-4.079572;560;0;0;2989;96;174.3;18.35;;;
37.248676;-4.079623;560;0;0;2989;96;174.32;18.33;;;
37.248500;-4.079673;560;0;0;2989;96;174.34;18.31;;;
37.248325;-4.079724;560;0;0;2989;96;174.36;18.29;;;
37.248150;-4.079774;560;0;0;2989;96;174.38;18.27;;;
37.247974;-4.079824;560;0;0;2989;96;174.4;18.25;;;
37.247798;-4.079863;559;0;-1;2989;96;174.42;18.23;;;
37.247618;-4.079876;559;0;-1;2989;96;174.44;18.21;;;
37.247439;-4.079863;559;0;-1;2989;96;174.46;18.19;;;
37.247259;-4.079857;559;0;-1;2989;96;174.48;18.17;;;
37.247087;-4.079791;559;0;-1;2989;96;174.5;18.15;;;
37.246915;-4.079725;559;0;-1;2989;96;174.52;18.13;;;
37.246747;-4.079646;558;0;-1;2989;96;174.54;18.11;;;
37.246584;-4.079551;558;0;-1;2989;96;174.56;18.09;;;
37.246434;-4.079426;558;0;-1;2989;96;174.58;18.07;;;
37.246285;-4.079300;558;0;-1;2989;96;174.6;18.05;;;
37.246140;-4.079167;557;0;-1;2989;96;174.62;18.03;;;
37.246001;-4.079023;557;0;-2;2989;96;174.64;18.01;;;
37.245863;-4.078879;557;0;-2;2989;96;174.66;17.99;;;
37.245724;-4.078735;556;0;-2;2989;96;174.68;17.97;;;
37.245585;-4.078592;556;0;-2;2989;96;174.7;17.95;;;
37.245446;-4.078448;556;0;-2;2989;96;174.72;17.93;;;
37.245307;-4.078304;555;0;-2;2989;96;174.74;17.91;;;
37.245169;-4.078160;555;0;-2;2989;96;174.76;17.89;;;
37.245030;-4.078016;555;0;-2;2989;96;174.78;17.87;;;
37.244892;-4.077872;554;0;-2;2989;96;174.8;17.85;;;
37.244753;-4.077728;554;0;-2;2989;96;174.82;17.83;;;
37.244614;-4.077584;554;0;-2;2989;96;174.84;17.81;;;
37.244469;-4.077451;553;0;-2;2989;96;174.86;17.79;;;
37.244323;-4.077318;553;0;-2;2989;96;174.88;17.77;;;
37.244178;-4.077185;553;0;-2;2989;96;174.9;17.75;;;
37.244021;-4.077076;552;0;-2;2989;96;174.92;17.73;;;
37.243861;-4.076974;552;0;-2;2989;96;174.94;17.71;;;
37.243700;-4.076871;552;0;-2;2989;96;174.96;17.69;;;
37.243528;-4.076811;551;0;-2;2989;96;174.98;17.67;;;
37.243351;-4.076769;551;0;-2;2989;96;175;17.65;;;
37.243173;-4.076736;551;0;-2;2989;96;175.02;17.63;;;
37.242995;-4.076715;550;0;-2;2989;96;175.04;17.61;;;
37.242818;-4.076754;550;0;-2;2989;96;175.06;17.59;;;
37.242647;-4.076822;550;0;-2;2989;96;175.08;17.57;;;
37.242477;-4.076894;549;0;-2;2989;96;175.1;17.55;;;
37.242306;-4.076966;549;0;-2;2989;96;175.12;17.53;;;
37.242136;-4.077039;548;0;-2;2989;96;175.14;17.51;;;
37.241966;-4.077112;548;0;-2;2989;96;175.16;17.49;;;
37.241795;-4.077185;548;0;-2;2989;96;175.18;17.47;;;
37.241625;-4.077257;547;0;-2;2989;96;175.2;17.45;;;
37.241454;-4.077329;547;0;-2;2989;96;175.22;17.43;;;
37.241284;-4.077401;546;0;-2;2989;96;175.24;17.41;;;
37.241113;-4.077473;546;0;-2;2989;96;175.26;17.39;;;
37.240943;-4.077546;546;0;-2;2989;96;175.28;17.37;;;
37.240773;-4.077618;545;0;-2;2989;96;175.3;17.35;;;
37.240602;-4.077691;545;0;-2;2989;96;175.32;17.33;;;
37.240429;-4.077750;545;0;-2;2989;96;175.34;17.31;;;
37.240253;-4.077788;544;0;-2;2989;96;175.36;17.29;;;
37.240073;-4.077788;544;0;-2;2989;96;175.38;17.27;;;
37.239895;-4.077758;543;0;-2;2989;96;175.4;17.25;;;
37.239732;-4.077670;543;0;-3;2989;96;175.42;17.23;;;
37.239576;-4.077558;542;0;-3;2989;96;175.44;17.21;;;
37.239420;-4.077444;542;0;-3;2989;96;175.46;17.19;;;
37.239265;-4.077330;541;0;-3;2989;96;175.48;17.17;;;
37.239109;-4.077218;541;0;-3;2989;96;175.5;17.15;;;
37.238953;-4.077105;540;0;-3;2989;96;175.52;17.13;;;
37.238798;-4.076991;540;0;-3;2989;96;175.54;17.11;;;
37.238633;-4.076903;539;0;-2;2989;96;175.56;17.09;;;
37.238463;-4.076829;539;0;-2;2989;96;175.58;17.07;;;
37.238293;-4.076755;538;0;-2;2989;96;175.6;17.05;;;
37.238119;-4.076705;538;0;-2;2989;96;175.62;17.03;;;
37.237940;-4.076688;537;0;-2;2989;96;175.64;17.01;;;
37.237760;-4.076688;537;0;-2;2989;96;175.66;16.99;;;
37.237580;-4.076688;536;0;-2;2989;96;175.68;16.97;;;
37.237401;-4.076704;536;0;-2;2989;96;175.7;16.95;;;
37.237221;-4.076722;535;0;-2;2989;96;175.72;16.93;;;
37.237042;-4.076738;535;0;-2;2989;96;175.74;16.91;;;
37.236863;-4.076755;535;0;-2;2989;96;175.76;16.89;;;
37.236683;-4.076773;534;0;-2;2989;96;175.78;16.87;;;
37.236504;-4.076790;534;0;-2;2989;96;175.8;16.85;;;
37.236325;-4.076807;534;0;-2;2989;96;175.82;16.83;;;
37.236145;-4.076824;533;0;-2;2989;96;175.84;16.81;;;
37.235966;-4.076841;533;0;-2;2989;96;175.86;16.79;;;
37.235787;-4.076858;532;0;-2;2989;96;175.88;16.77;;;
37.235607;-4.076875;532;0;-2;2989;96;175.9;16.75;;;
37.235428;-4.076892;532;0;-2;2989;96;175.92;16.73;;;
37.235249;-4.076909;531;0;-2;2989;96;175.94;16.71;;;
37.235069;-4.076926;531;0;-2;2989;96;175.96;16.69;;;
37.234890;-4.076943;531;0;-2;2989;96;175.98;16.67;;;
37.234711;-4.076961;530;0;-2;2989;96;176;16.65;;;
37.234531;-4.076978;530;0;-2;2989;96;176.02;16.63;;;
37.234352;-4.076995;530;0;-2;2989;96;176.04;16.61;;;
37.234172;-4.077012;529;0;-2;2989;96;176.06;16.59;;;
37.233993;-4.077029;529;0;-2;2989;96;176.08;16.57;;;
37.233814;-4.077045;529;0;-2;2989;96;176.1;16.55;;;
37.233634;-4.077063;528;0;-2;2989;96;176.12;16.53;;;
37.233455;-4.077080;528;0;-2;2989;96;176.14;16.51;;;
37.233276;-4.077098;528;0;-2;2989;96;176.16;16.49;;;
37.233096;-4.077114;527;0;-2;2989;96;176.18;16.47;;;
37.232917;-4.077131;527;0;-2;2989;96;176.2;16.45;;;
37.232738;-4.077148;527;0;-2;2989;96;176.22;16.43;;;
37.232558;-4.077165;526;0;-2;2989;96;176.24;16.41;;;
37.232380;-4.077165;526;0;-2;2989;96;176.26;16.39;;;
37.232204;-4.077115;526;0;-2;2989;96;176.28;16.37;;;
37.232044;-4.077016;525;0;-2;2989;96;176.3;16.35;;;
37.231885;-4.076910;525;0;-2;2989;96;176.32;16.33;;;
37.231724;-4.076809;524;0;-2;2989;96;176.34;16.31;;;
37.231563;-4.076708;524;0;-2;2989;96;176.36;16.29;;;
37.231402;-4.076607;524;0;-2;2989;96;176.38;16.27;;;
37.231241;-4.076506;524;0;-2;2989;96;176.4;16.25;;;
37.231080;-4.076406;523;0;-2;2989;96;176.42;16.23;;;
37.230918;-4.076308;523;0;-2;2989;96;176.44;16.21;;;
37.230757;-4.076209;522;0;-1;2989;96;176.46;16.19;;;
37.230591;-4.076122;522;0;-1;2989;96;176.48;16.17;;;
37.230424;-4.076037;522;0;-1;2989;96;176.5;16.15;;;
37.230258;-4.075951;522;0;-1;2989;96;176.52;16.13;;;
37.230091;-4.075865;521;0;-1;2989;96;176.54;16.11;;;
37.229924;-4.075781;521;0;-1;2989;96;176.56;16.09;;;
37.229758;-4.075694;521;0;-1;2989;96;176.58;16.07;;;
37.229591;-4.075613;521;0;-1;2989;96;176.6;16.05;;;
37.229421;-4.075539;520;0;-1;2989;96;176.62;16.03;;;
37.229251;-4.075465;520;0;-1;2989;96;176.64;16.01;;;
37.229081;-4.075391;520;0;-1;2989;96;176.66;15.99;;;
37.228910;-4.075322;520;0;-1;2989;96;176.68;15.97;;;
37.228738;-4.075254;519;0;-1;2989;96;176.7;15.95;;;
37.228566;-4.075187;519;0;-1;2989;96;176.72;15.93;;;
37.228395;-4.075119;519;0;-1;2989;96;176.74;15.91;;;
37.228223;-4.075053;519;0;-1;2989;96;176.76;15.89;;;
37.228048;-4.074997;519;0;-1;2989;96;176.78;15.87;;;
37.227874;-4.074941;518;0;-1;2989;96;176.8;15.85;;;
37.227700;-4.074884;518;0;-1;2989;96;176.82;15.83;;;
37.227526;-4.074829;518;0;-1;2989;96;176.84;15.81;;;
37.227350;-4.074783;518;0;-1;2989;96;176.86;15.79;;;
37.227174;-4.074736;517;0;-1;2989;96;176.88;15.77;;;
37.226998;-4.074689;517;0;-1;2989;96;176.9;15.75;;;
37.226822;-4.074642;517;0;-1;2989;96;176.92;15.73;;;
37.226645;-4.074603;517;0;-1;2989;96;176.94;15.71;;;
37.226467;-4.074567;517;0;-1;2989;96;176.96;15.69;;;
37.226290;-4.074530;517;0;-1;2989;96;176.98;15.67;;;
37.226112;-4.074493;516;0;-1;2989;96;177;15.65;;;
37.225935;-4.074456;516;0;-1;2989;96;177.02;15.63;;;
37.225757;-4.074421;516;0;-1;2989;96;177.04;15.61;;;
37.225580;-4.074385;516;0;-1;2989;96;177.06;15.59;;;
37.225402;-4.074348;516;0;-1;2989;96;177.08;15.57;;;
37.225225;-4.074311;516;0;-1;2989;96;177.1;15.55;;;
37.225049;-4.074265;515;0;-1;2989;96;177.12;15.53;;;
37.224874;-4.074215;515;0;-1;2989;96;177.14;15.51;;;
37.224700;-4.074157;515;0;-1;2989;96;177.16;15.49;;;
37.224530;-4.074084;515;0;-1;2989;96;177.18;15.47;;;
37.224359;-4.074011;515;0;-1;2989;96;177.2;15.45;;;
37.224189;-4.073939;515;0;-1;2989;96;177.22;15.43;;;
37.224019;-4.073866;514;0;-1;2989;96;177.24;15.41;;;
37.223849;-4.073792;514;0;-1;2989;96;177.26;15.39;;;
37.223677;-4.073726;514;0;-1;2989;96;177.28;15.37;;;
37.223504;-4.073661;514;0;-1;2989;96;177.3;15.35;;;
37.223332;-4.073596;514;0;-1;2989;96;177.32;15.33;;;
37.223160;-4.073530;513;0;-1;2989;96;177.34;15.31;;;
37.222994;-4.073445;513;0;-1;2989;96;177.36;15.29;;;
37.222829;-4.073355;513;0;-1;2989;96;177.38;15.27;;;
37.222669;-4.073253;513;0;-1;2989;96;177.4;15.25;;;
37.222522;-4.073123;513;0;-1;2989;96;177.42;15.23;;;
37.222374;-4.072994;512;0;-1;2989;96;177.44;15.21;;;
37.222227;-4.072864;512;0;-1;2989;96;177.46;15.19;;;
37.222080;-4.072734;512;0;-1;2989;96;177.48;15.17;;;
37.221933;-4.072604;512;0;-1;2989;96;177.5;15.15;;;
37.221786;-4.072474;511;0;-1;2989;96;177.52;15.13;;;
37.221638;-4.072345;511;0;-1;2989;96;177.54;15.11;;;
37.221490;-4.072218;511;0;-1;2989;96;177.56;15.09;;;
37.221337;-4.072099;511;0;-1;2989;96;177.58;15.07;;;
37.221171;-4.072016;511;0;-1;2989;96;177.6;15.05;;;
37.221000;-4.071945;510;0;-1;2989;96;177.62;15.03;;;
37.220829;-4.071874;510;0;-1;2989;96;177.64;15.01;;;
37.220658;-4.071804;510;0;-1;2989;96;177.66;14.99;;;
37.220487;-4.071734;510;0;-1;2989;96;177.68;14.97;;;
37.220317;-4.071662;509;0;-1;2989;96;177.7;14.95;;;
37.220146;-4.071592;509;0;-1;2989;96;177.72;14.93;;;
37.219976;-4.071519;509;0;-1;2989;96;177.74;14.91;;;
37.219807;-4.071440;509;0;-1;2989;96;177.76;14.89;;;
37.219638;-4.071361;508;0;-1;2989;96;177.78;14.87;;;
37.219470;-4.071284;508;0;-1;2989;96;177.8;14.85;;;
37.219301;-4.071205;508;0;-1;2989;96;177.82;14.83;;;
37.219135;-4.071119;508;0;-1;2989;96;177.84;14.81;;;
37.218976;-4.071014;507;0;-1;2989;96;177.86;14.79;;;
37.218817;-4.070908;507;0;-1;2989;96;177.88;14.77;;;
37.218658;-4.070802;507;0;-1;2989;96;177.9;14.75;;;
37.218501;-4.070693;506;0;-1;2989;96;177.92;14.73;;;
37.218346;-4.070578;506;0;-1;2989;96;177.94;14.71;;;
37.218194;-4.070457;506;0;-1;2989;96;177.96;14.69;;;
37.218049;-4.070324;505;0;-1;2989;96;177.98;14.67;;;
37.217904;-4.070190;505;0;-1;2989;96;178;14.65;;;
37.217761;-4.070053;505;0;-1;2989;96;178.02;14.63;;;
37.217619;-4.069914;505;0;-1;2989;96;178.04;14.61;;;
37.217478;-4.069775;505;0;-1;2989;96;178.06;14.59;;;
37.217336;-4.069635;504;0;-1;2989;96;178.08;14.57;;;
37.217194;-4.069497;504;0;-1;2989;96;178.1;14.55;;;
37.217050;-4.069361;504;0;-1;2989;96;178.12;14.53;;;
37.216906;-4.069225;503;0;-1;2989;96;178.14;14.51;;;
37.216763;-4.069089;503;0;-1;2989;96;178.16;14.49;;;
37.216620;-4.068952;503;0;-1;2989;96;178.18;14.47;;;
37.216476;-4.068816;503;0;-1;2989;96;178.2;14.45;;;
37.216333;-4.068680;502;0;-1;2989;96;178.22;14.43;;;
37.216190;-4.068543;502;0;-1;2989;96;178.24;14.41;;;
37.216046;-4.068407;502;0;-1;2989;96;178.26;14.39;;;
37.215903;-4.068271;501;0;-2;2989;96;178.28;14.37;;;
37.215759;-4.068135;501;0;-2;2989;96;178.3;14.35;41;;
37.215613;-4.068003;501;0;-1;2989;96;178.32;14.33;;;
37.215482;-4.067852;501;0;-1;2989;96;178.34;14.31;;;
37.215360;-4.067687;500;0;-1;2989;96;178.36;14.29;;;
37.215277;-4.067487;500;0;-1;2989;96;178.38;14.27;;;
37.215189;-4.067289;500;0;-1;2989;96;178.4;14.25;;;
37.215100;-4.067093;499;0;-1;2989;96;178.42;14.23;;;
37.215010;-4.066897;499;0;-1;2989;96;178.44;14.21;;;
37.214921;-4.066702;499;0;-1;2989;96;178.46;14.19;;;
37.214831;-4.066506;499;0;-1;2989;96;178.48;14.17;;;
37.214741;-4.066310;499;0;-1;2989;96;178.5;14.15;;;
37.214652;-4.066114;499;0;-1;2989;96;178.52;14.13;;;
37.214562;-4.065918;498;0;-1;2989;96;178.54;14.11;;;
37.214473;-4.065722;498;0;-1;2989;96;178.56;14.09;;;
37.214383;-4.065527;498;0;-1;2989;96;178.58;14.07;;;
37.214290;-4.065333;498;0;-1;2989;96;178.6;14.05;;;
37.214193;-4.065143;498;0;-1;2989;96;178.62;14.03;;;
37.214096;-4.064953;498;0;-1;2989;96;178.64;14.01;;;
37.213999;-4.064763;497;0;-1;2989;96;178.66;13.99;;;
37.213901;-4.064573;497;0;-1;2989;96;178.68;13.97;;;
37.213796;-4.064390;497;0;-1;2989;96;178.7;13.95;;;
37.213676;-4.064224;497;0;-1;2989;96;178.72;13.93;;;
37.213538;-4.064080;497;0;-1;2989;96;178.74;13.91;;;
37.213396;-4.063942;496;0;-1;2989;96;178.76;13.89;;;
37.213245;-4.063818;496;0;-1;2989;96;178.78;13.87;;;
37.213093;-4.063698;496;0;-1;2989;96;178.8;13.85;;;
37.212968;-4.063541;496;0;-1;2989;96;178.82;13.83;;;
37.212863;-4.063358;496;0;-1;2989;96;178.84;13.81;;;
37.212743;-4.063195;495;0;-1;2989;96;178.86;13.79;;;
37.212580;-4.063101;495;0;-1;2989;96;178.88;13.77;;;
37.212406;-4.063046;495;0;-1;2989;96;178.9;13.75;;;
37.212231;-4.062990;495;0;-1;2989;96;178.92;13.73;;;
37.212057;-4.062935;495;0;-1;2989;96;178.94;13.71;;;
37.211882;-4.062883;495;0;-1;2989;96;178.96;13.69;;;
37.211707;-4.062830;495;0;-1;2989;96;178.98;13.67;;;
37.211532;-4.062778;494;0;-1;2989;96;179;13.65;;;
37.211357;-4.062725;494;0;-1;2989;96;179.02;13.63;;;
37.211182;-4.062675;494;0;-1;2989;96;179.04;13.61;;;
37.211006;-4.062626;494;0;-1;2989;96;179.06;13.59;;;
37.210831;-4.062575;494;0;-1;2989;96;179.08;13.57;;;
37.210658;-4.062515;494;0;-1;2989;96;179.1;13.55;;;
37.210495;-4.062420;493;0;-1;2989;96;179.12;13.53;;;
37.210333;-4.062321;493;0;-1;2989;96;179.14;13.51;;;
37.210171;-4.062222;493;0;-1;2989;96;179.16;13.49;;;
37.210011;-4.062121;493;0;-1;2989;96;179.18;13.47;;;
37.209854;-4.062011;493;0;-1;2989;96;179.2;13.45;;;
37.209697;-4.061901;492;0;-1;2989;96;179.22;13.43;;;
37.209537;-4.061798;492;0;-1;2989;96;179.24;13.41;;;
37.209373;-4.061707;492;0;-1;2989;96;179.26;13.39;;;
37.209198;-4.061653;492;0;-1;2989;96;179.28;13.37;;;
37.209023;-4.061599;492;0;-1;2989;96;179.3;13.35;;;
37.208849;-4.061545;492;0;-1;2989;96;179.32;13.33;;;
37.208674;-4.061491;492;0;-1;2989;96;179.34;13.31;;;
37.208499;-4.061438;491;0;-1;2989;96;179.36;13.29;;;
37.208325;-4.061383;491;0;-1;2989;96;179.38;13.27;;;
37.208150;-4.061329;491;0;-1;2989;96;179.4;13.25;;;
37.207976;-4.061274;491;0;-1;2989;96;179.42;13.23;;;
37.207801;-4.061220;491;0;-1;2989;96;179.44;13.21;;;
37.207626;-4.061167;491;0;-1;2989;96;179.46;13.19;;;
37.207451;-4.061114;491;0;-1;2989;96;179.48;13.17;;;
37.207276;-4.061063;491;0;-1;2989;96;179.5;13.15;;;
37.207101;-4.061011;490;0;-1;2989;96;179.52;13.13;;;
37.206925;-4.060965;490;0;-1;2989;96;179.54;13.11;;;
37.206746;-4.060950;490;0;-1;2989;96;179.56;13.09;;;
37.206566;-4.060934;490;0;-1;2989;96;179.58;13.07;;;
37.206387;-4.060918;490;0;-1;2989;96;179.6;13.05;;;
37.206208;-4.060903;490;0;-1;2989;96;179.62;13.03;;;
37.206028;-4.060888;489;0;-1;2989;96;179.64;13.01;;;
37.205849;-4.060872;489;0;-1;2989;96;179.66;12.99;;;
37.205669;-4.060856;489;0;-1;2989;96;179.68;12.97;;;
37.205490;-4.060841;489;0;-1;2989;96;179.7;12.95;;;
37.205310;-4.060828;489;0;-1;2989;96;179.72;12.93;;;
37.205130;-4.060828;489;0;-1;2989;96;179.74;12.91;;;
37.204951;-4.060828;488;0;-1;2989;96;179.76;12.89;;;
37.204771;-4.060828;488;0;-1;2989;96;179.78;12.87;;;
37.204596;-4.060870;488;0;-1;2989;96;179.8;12.85;;;
37.204443;-4.060987;487;0;-1;2989;96;179.82;12.83;;;
37.204297;-4.061119;487;0;-1;2989;96;179.84;12.81;;;
37.204156;-4.061258;487;0;-1;2989;96;179.86;12.79;;;
37.204027;-4.061416;487;0;-1;2989;96;179.88;12.77;;;
37.203890;-4.061559;487;0;-1;2989;96;179.9;12.75;;;
37.203721;-4.061631;486;0;-1;2989;96;179.92;12.73;;;
37.203544;-4.061621;486;0;-1;2989;96;179.94;12.71;;;
37.203368;-4.061580;486;0;-1;2989;96;179.96;12.69;;;
37.203213;-4.061466;486;0;-1;2989;96;179.98;12.67;;;
37.203060;-4.061348;486;0;-1;2989;96;180;12.65;;;
37.202906;-4.061230;486;0;-1;2989;96;180.02;12.63;;;
37.202766;-4.061091;486;0;-1;2989;96;180.04;12.61;;;
37.202637;-4.060934;485;0;-1;2989;96;180.06;12.59;;;
37.202520;-4.060765;485;0;-1;2989;96;180.08;12.57;;;
37.202433;-4.060567;485;0;-1;2989;96;180.1;12.55;;;
37.202347;-4.060369;485;0;-1;2989;96;180.12;12.53;;;
37.202260;-4.060172;485;0;-1;2989;96;180.14;12.51;;;
37.202151;-4.059992;485;0;-1;2989;96;180.16;12.49;;;
37.202029;-4.059829;484;0;-1;2989;96;180.18;12.47;;;
37.201869;-4.059729;484;0;-1;2989;96;180.2;12.45;;;
37.201702;-4.059645;484;0;-1;2989;96;180.22;12.43;;;
37.201524;-4.059609;484;0;-1;2989;96;180.24;12.41;;;
37.201345;-4.059592;484;0;-1;2989;96;180.26;12.39;;;
37.201170;-4.059548;484;0;-1;2989;96;180.28;12.37;;;
37.201003;-4.059467;484;0;-1;2989;96;180.3;12.35;;;
37.200850;-4.059349;483;0;-1;2989;96;180.32;12.33;;;
37.200720;-4.059197;483;0;-1;2989;96;180.34;12.31;;;
37.200600;-4.059030;483;0;-1;2989;96;180.36;12.29;;;
37.200496;-4.058846;483;0;-1;2989;96;180.38;12.27;;;
37.200393;-4.058661;483;0;-1;2989;96;180.4;12.25;;;
37.200285;-4.058480;483;0;-1;2989;96;180.42;12.23;;;
37.200167;-4.058310;483;0;0;2989;96;180.44;12.21;;;
37.200040;-4.058151;483;0;0;2989;96;180.46;12.19;;;
37.199909;-4.057996;482;0;0;2989;96;180.48;12.17;;;
37.199776;-4.057843;482;0;0;2989;96;180.5;12.15;;;
37.199639;-4.057698;482;0;0;2989;96;180.52;12.13;;;
37.199502;-4.057551;482;0;0;2989;96;180.54;12.11;;;
37.199394;-4.057372;482;0;0;2989;96;180.56;12.09;;;
37.199309;-4.057173;482;0;0;2989;96;180.58;12.07;;;
37.199223;-4.056975;482;0;0;2989;96;180.6;12.05;;;
37.199137;-4.056776;482;0;0;2989;96;180.62;12.03;;;
37.199052;-4.056577;482;0;0;2989;96;180.64;12.01;;;
37.198961;-4.056383;482;0;0;2989;96;180.66;11.99;;;
37.198865;-4.056192;482;0;0;2989;96;180.68;11.97;;;
37.198763;-4.056008;482;0;0;2989;96;180.7;11.95;;;
37.198620;-4.055876;482;0;0;2989;96;180.72;11.93;;;
37.198448;-4.055840;482;0;0;2989;96;180.74;11.91;;;
37.198293;-4.055945;482;0;0;2989;96;180.76;11.89;;;
37.198152;-4.056087;482;0;0;2989;96;180.78;11.87;;;
37.198013;-4.056230;482;0;0;2989;96;180.8;11.85;;;
37.197873;-4.056371;482;0;0;2989;96;180.82;11.83;;;
37.197716;-4.056480;482;0;0;2989;96;180.84;11.81;;;
37.197555;-4.056580;482;0;1;2989;96;180.86;11.79;;;
37.197390;-4.056670;482;0;1;2989;96;180.88;11.77;;;
37.197217;-4.056728;482;0;1;2989;96;180.9;11.75;42;;
37.197046;-4.056796;482;0;1;2989;96;180.92;11.73;;;
37.196990;-4.056992;483;0;1;2990;95;180.94;11.71;;;
37.197012;-4.057216;483;0;1;2990;95;180.96;11.69;;;
37.197033;-4.057440;483;0;1;2990;95;180.98;11.67;;;
37.197059;-4.057664;483;0;1;2990;95;181;11.65;;;
37.197086;-4.057887;483;0;1;2990;95;181.02;11.63;;;
37.197113;-4.058110;483;0;1;2990;95;181.04;11.61;;;
37.197151;-4.058330;484;0;1;2990;95;181.06;11.59;;;
37.197231;-4.058529;484;0;1;2991;94;181.08;11.57;;;
37.197346;-4.058702;484;0;1;2991;94;181.1;11.55;;;
37.197464;-4.058872;484;0;1;2991;94;181.12;11.53;;;
37.197569;-4.059055;484;0;1;2991;94;181.14;11.51;;;
37.197648;-4.059257;484;0;1;2991;94;181.16;11.49;;;
37.197702;-4.059471;485;0;1;2991;94;181.18;11.47;;;
37.197736;-4.059693;485;0;1;2992;93;181.2;11.45;;;
37.197756;-4.059917;485;0;1;2992;93;181.22;11.43;;;
37.197776;-4.060141;485;0;1;2992;93;181.24;11.41;;;
37.197796;-4.060366;485;0;1;2992;93;181.26;11.39;;;
37.197816;-4.060590;486;0;1;2992;93;181.28;11.37;;;
37.197835;-4.060815;486;0;1;2993;92;181.3;11.35;;;
37.197855;-4.061039;486;0;1;2993;92;181.32;11.33;;;
37.197875;-4.061264;486;0;1;2993;92;181.34;11.31;;;
37.197894;-4.061488;486;0;1;2993;92;181.36;11.29;;;
37.197914;-4.061712;487;0;1;2993;92;181.38;11.27;;;
37.197934;-4.061937;487;0;1;2994;91;181.4;11.25;;;
37.197954;-4.062161;487;0;1;2994;91;181.42;11.23;;;
37.197973;-4.062386;487;0;1;2994;91;181.44;11.21;;;
37.197992;-4.062610;487;0;1;2994;91;181.46;11.19;;;
37.198020;-4.062833;488;0;1;2994;91;181.48;11.17;;;
37.198052;-4.063056;488;0;1;2995;90;181.5;11.15;;;
37.198088;-4.063276;488;0;1;2995;90;181.52;11.13;;;
37.198151;-4.063487;488;0;1;2995;90;181.54;11.11;;;
37.198206;-4.063702;488;0;1;2995;90;181.56;11.09;;;
37.198261;-4.063917;489;0;1;2995;90;181.58;11.07;;;
37.198316;-4.064132;489;0;1;2996;89;181.6;11.05;;;
37.198370;-4.064348;489;0;1;2996;89;181.62;11.03;;;
37.198416;-4.064566;489;0;1;2996;89;181.64;11.01;;;
37.198456;-4.064786;489;0;1;2996;89;181.66;10.99;;;
37.198497;-4.065006;489;0;1;2996;89;181.68;10.97;;;
37.198537;-4.065226;489;0;1;2996;89;181.7;10.95;;;
37.198578;-4.065446;490;0;1;2996;89;181.72;10.93;;;
37.198651;-4.065652;490;0;1;2997;88;181.74;10.91;;;
37.198723;-4.065859;490;0;1;2997;88;181.76;10.89;;;
37.198802;-4.066061;490;0;1;2997;88;181.78;10.87;;;
37.198887;-4.066260;490;0;1;2997;88;181.8;10.85;;;
37.198973;-4.066459;490;0;0;2997;88;181.82;10.83;;;
37.199057;-4.066658;490;0;0;2997;88;181.84;10.81;;;
37.199142;-4.066858;490;0;0;2997;88;181.86;10.79;;;
37.199225;-4.067058;490;0;0;2997;88;181.88;10.77;;;
37.199321;-4.067248;491;0;0;2997;88;181.9;10.75;;;
37.199428;-4.067429;491;0;0;2997;88;181.92;10.73;;;
37.199566;-4.067574;491;0;0;2997;88;181.94;10.71;;;
37.199704;-4.067719;491;0;0;2998;87;181.96;10.69;;;
37.199841;-4.067865;491;0;0;2998;87;181.98;10.67;;;
37.199978;-4.068011;491;0;0;2998;87;182;10.65;;;
37.200106;-4.068170;491;0;0;2998;87;182.02;10.63;;;
37.200188;-4.068367;491;0;0;2998;87;182.04;10.61;;;
37.200209;-4.068588;491;0;0;2998;87;182.06;10.59;;;
37.200175;-4.068809;491;0;0;2998;87;182.08;10.57;;;
37.200091;-4.068997;491;0;0;2998;87;182.1;10.55;;;
37.199953;-4.069138;491;0;0;2998;87;182.12;10.53;;;
37.199794;-4.069243;491;0;0;2998;87;182.14;10.51;;;
37.199634;-4.069348;491;0;0;2998;87;182.16;10.49;;;
37.199475;-4.069452;491;0;0;2998;87;182.18;10.47;;;
37.199315;-4.069557;491;0;0;2998;87;182.2;10.45;;;
37.199161;-4.069672;491;0;0;2998;87;182.22;10.43;;;
37.199016;-4.069805;492;0;0;2998;87;182.24;10.41;;;
37.198870;-4.069937;492;0;0;2998;87;182.26;10.39;;;
37.198735;-4.070086;492;0;0;2999;86;182.28;10.37;;;
37.198601;-4.070237;492;0;0;2999;86;182.3;10.35;;;
37.198467;-4.070387;492;0;0;2999;86;182.32;10.33;;;
37.198332;-4.070537;492;0;0;2999;86;182.34;10.31;;;
37.198198;-4.070688;492;0;0;2999;86;182.36;10.29;;;
37.198064;-4.070839;492;0;0;2999;86;182.38;10.27;;;
37.197931;-4.070989;492;0;0;2999;86;182.4;10.25;;;
37.197797;-4.071140;492;0;0;2999;86;182.42;10.23;;;
37.197662;-4.071290;492;0;1;2999;86;182.44;10.21;;;
37.197529;-4.071441;492;0;1;2999;86;182.46;10.19;;;
37.197394;-4.071592;493;0;1;2999;86;182.48;10.17;;;
37.197261;-4.071744;493;0;1;2999;86;182.5;10.15;;;
37.197149;-4.071918;493;0;1;3000;85;182.52;10.13;;;
37.197076;-4.072123;493;0;1;3000;85;182.54;10.11;;;
37.197016;-4.072336;493;0;1;3000;85;182.56;10.09;;;
37.196955;-4.072548;493;0;1;3000;85;182.58;10.07;;;
37.196894;-4.072761;493;0;1;3000;85;182.6;10.05;;;
37.196834;-4.072974;494;0;1;3000;85;182.62;10.03;;;
37.196781;-4.073189;494;0;1;3001;84;182.64;10.01;;;
37.196739;-4.073409;494;0;1;3001;84;182.66;9.99;;;
37.196698;-4.073628;494;0;1;3001;84;182.68;9.97;;;
37.196655;-4.073848;494;0;1;3001;84;182.7;9.95;;;
37.196613;-4.074067;494;0;1;3001;84;182.72;9.93;;;
37.196571;-4.074287;494;0;1;3001;84;182.74;9.91;;;
37.196529;-4.074506;495;0;1;3001;84;182.76;9.89;;;
37.196487;-4.074726;495;0;1;3002;83;182.78;9.87;;;
37.196445;-4.074946;495;0;1;3002;83;182.8;9.85;;;
37.196403;-4.075165;495;0;1;3002;83;182.82;9.83;;;
37.196361;-4.075385;495;0;1;3002;83;182.84;9.81;;;
37.196319;-4.075604;495;0;1;3002;83;182.86;9.79;;;
37.196277;-4.075824;496;0;1;3002;83;182.88;9.77;;;
37.196235;-4.076043;496;0;1;3002;83;182.9;9.75;;;
37.196193;-4.076263;496;0;1;3003;82;182.92;9.73;;;
37.196120;-4.076469;496;0;1;3003;82;182.94;9.71;;;
37.196015;-4.076651;496;0;1;3003;82;182.96;9.69;;;
37.195884;-4.076802;496;0;1;3003;82;182.98;9.67;;;
37.195714;-4.076875;497;0;1;3003;82;183;9.65;;;
37.195542;-4.076940;497;0;1;3003;82;183.02;9.63;;;
37.195366;-4.076987;497;0;1;3004;81;183.04;9.61;;;
37.195190;-4.077034;497;0;1;3004;81;183.06;9.59;;;
37.195014;-4.077081;497;0;1;3004;81;183.08;9.57;;;
37.194838;-4.077127;497;0;1;3004;81;183.1;9.55;;;
37.194662;-4.077174;497;0;1;3004;81;183.12;9.53;;;
37.194486;-4.077221;497;0;1;3004;81;183.14;9.51;;;
37.194310;-4.077267;498;0;1;3004;81;183.16;9.49;;;
37.194134;-4.077313;498;0;1;3005;80;183.18;9.47;;;
37.193958;-4.077360;498;0;1;3005;80;183.2;9.45;;;
37.193787;-4.077428;498;0;1;3005;80;183.22;9.43;;;
37.193616;-4.077500;498;0;1;3005;80;183.24;9.41;;;
37.193449;-4.077581;498;0;0;3005;80;183.26;9.39;;;
37.193297;-4.077701;498;0;0;3005;80;183.28;9.37;;;
37.193159;-4.077844;498;0;0;3005;80;183.3;9.35;;;
37.193030;-4.078001;498;0;0;3005;80;183.32;9.33;;;
37.192900;-4.078157;498;0;0;3005;80;183.34;9.31;;;
37.192770;-4.078313;499;0;0;3005;80;183.36;9.29;;;
37.192640;-4.078470;499;0;0;3005;80;183.38;9.27;;;
37.192487;-4.078586;499;0;0;3005;80;183.4;9.25;;;
37.192328;-4.078692;499;0;0;3005;80;183.42;9.23;;;
37.192162;-4.078777;499;0;0;3005;80;183.44;9.21;;;
37.191995;-4.078863;499;0;0;3005;80;183.46;9.19;;;
37.191829;-4.078948;499;0;0;3005;80;183.48;9.17;;;
37.191662;-4.079033;499;0;0;3005;80;183.5;9.15;;;
37.191496;-4.079118;498;0;0;3005;80;183.52;9.13;;;
37.191329;-4.079202;498;0;-1;3005;80;183.54;9.11;;;
37.191171;-4.079309;498;0;-1;3005;80;183.56;9.09;;;
37.191026;-4.079443;498;0;-1;3005;80;183.58;9.07;;;
37.190883;-4.079580;498;0;-1;3005;80;183.6;9.05;;;
37.190741;-4.079719;498;0;-1;3005;80;183.62;9.03;;;
37.190599;-4.079857;497;0;-1;3005;80;183.64;9.01;;;
37.190457;-4.079996;497;0;-1;3005;80;183.66;8.99;;;
37.190316;-4.080136;497;0;-1;3005;80;183.68;8.97;;;
37.190174;-4.080274;497;0;-1;3005;80;183.7;8.95;;;
37.190024;-4.080398;496;0;-2;3005;80;183.72;8.93;;;
37.189868;-4.080509;496;0;-2;3005;80;183.74;8.91;;;
37.189700;-4.080591;496;0;-2;3005;80;183.76;8.89;;;
37.189523;-4.080627;495;0;-2;3005;80;183.78;8.87;;;
37.189345;-4.080664;495;0;-2;3005;80;183.8;8.85;;;
37.189166;-4.080678;494;0;-2;3005;80;183.82;8.83;;;
37.188988;-4.080649;494;0;-2;3005;80;183.84;8.81;;;
37.188811;-4.080614;493;0;-2;3005;80;183.86;8.79;;;
37.188638;-4.080551;493;0;-2;3005;80;183.88;8.77;;;
37.188467;-4.080482;493;0;-2;3005;80;183.9;8.75;;;
37.188296;-4.080413;492;0;-2;3005;80;183.92;8.73;;;
37.188125;-4.080344;492;0;-2;3005;80;183.94;8.71;;;
37.187953;-4.080274;491;0;-2;3005;80;183.96;8.69;;;
37.187781;-4.080211;491;0;-2;3005;80;183.98;8.67;;;
37.187608;-4.080147;491;0;-2;3005;80;184;8.65;;;
37.187435;-4.080087;490;0;-2;3005;80;184.02;8.63;;;
37.187256;-4.080068;490;0;-3;3005;80;184.04;8.61;;;
37.187076;-4.080068;489;0;-3;3005;80;184.06;8.59;;;
37.186896;-4.080068;488;0;-3;3005;80;184.08;8.57;;;
37.186719;-4.080098;488;0;-3;3005;80;184.1;8.55;;;
37.186542;-4.080139;487;0;-3;3005;80;184.12;8.53;;;
37.186367;-4.080191;487;0;-3;3005;80;184.14;8.51;;;
37.186194;-4.080255;486;0;-3;3005;80;184.16;8.49;;;
37.186029;-4.080344;486;0;-2;3005;80;184.18;8.47;;;
37.185885;-4.080474;485;0;-2;3005;80;184.2;8.45;;;
37.185756;-4.080630;485;0;-2;3005;80;184.22;8.43;;;
37.185633;-4.080795;484;0;-2;3005;80;184.24;8.41;;;
37.185509;-4.080959;484;0;-2;3005;80;184.26;8.39;;;
37.185386;-4.081123;484;0;-2;3005;80;184.28;8.37;;;
37.185262;-4.081288;483;0;-2;3005;80;184.3;8.35;;;
37.185139;-4.081452;483;0;-2;3005;80;184.32;8.33;;;
37.185016;-4.081617;483;0;-2;3005;80;184.34;8.31;;;
37.184920;-4.081806;482;0;-2;3005;80;184.36;8.29;;;
37.184857;-4.082018;481;0;-2;3005;80;184.38;8.27;;;
37.184726;-4.082172;481;0;-2;3005;80;184.4;8.25;;;
37.184593;-4.082325;481;0;-2;3005;80;184.42;8.23;;;
37.184461;-4.082478;480;0;-2;3005;80;184.44;8.21;;;
37.184329;-4.082631;480;0;-2;3005;80;184.46;8.19;;;
37.184197;-4.082784;480;0;-2;3005;80;184.48;8.17;;;
37.184064;-4.082936;479;0;-2;3005;80;184.5;8.15;;;
37.183931;-4.083088;479;0;-2;3005;80;184.52;8.13;;;
37.183799;-4.083241;479;0;-1;3005;80;184.54;8.11;;;
37.183665;-4.083393;478;0;-1;3005;80;184.56;8.09;;;
37.183532;-4.083545;478;0;-1;3005;80;184.58;8.07;;;
37.183399;-4.083696;478;0;-1;3005;80;184.6;8.05;;;
37.183266;-4.083848;478;0;-1;3005;80;184.62;8.03;;;
37.183133;-4.084000;477;0;-1;3005;80;184.64;8.01;;;
37.183000;-4.084152;477;0;-1;3005;80;184.66;7.99;;;
37.182867;-4.084304;477;0;-1;3005;80;184.68;7.97;;;
37.182734;-4.084456;477;0;-1;3005;80;184.7;7.95;;;
37.182601;-4.084608;477;0;-1;3005;80;184.72;7.93;;;
37.182468;-4.084760;476;0;-1;3005;80;184.74;7.91;;;
37.182335;-4.084912;476;0;-1;3005;80;184.76;7.89;;;
37.182202;-4.085064;476;0;-1;3005;80;184.78;7.87;;;
37.182069;-4.085216;476;0;-1;3005;80;184.8;7.85;;;
37.181936;-4.085368;476;0;-1;3005;80;184.82;7.83;;;
37.181801;-4.085517;476;0;-1;3005;80;184.84;7.81;;;
37.181664;-4.085663;476;0;-1;3005;80;184.86;7.79;;;
37.181527;-4.085809;476;0;-1;3005;80;184.88;7.77;;;
37.181389;-4.085955;475;0;-1;3005;80;184.9;7.75;;;
37.181252;-4.086101;475;0;-1;3005;80;184.92;7.73;;;
37.181115;-4.086247;475;0;0;3005;80;184.94;7.71;;;
37.180978;-4.086393;475;0;0;3005;80;184.96;7.69;;;
37.180840;-4.086539;475;0;0;3005;80;184.98;7.67;;;
37.180703;-4.086684;475;0;0;3005;80;185;7.65;;;
37.180566;-4.086830;475;0;0;3005;80;185.02;7.63;;;
37.180429;-4.086977;475;0;0;3005;80;185.04;7.61;;;
37.180291;-4.087122;475;0;0;3005;80;185.06;7.59;;;
37.180151;-4.087263;475;0;0;3005;80;185.08;7.57;;;
37.180009;-4.087402;475;0;0;3005;80;185.1;7.55;;;
37.179866;-4.087539;475;0;0;3005;80;185.12;7.53;;;
37.179724;-4.087678;475;0;0;3005;80;185.14;7.51;;;
37.179582;-4.087816;475;0;0;3005;80;185.16;7.49;;;
37.179440;-4.087954;475;0;0;3005;80;185.18;7.47;;;
37.179298;-4.088093;475;0;0;3006;79;185.2;7.45;;;
37.179155;-4.088231;475;0;0;3006;79;185.22;7.43;;;
37.179013;-4.088369;475;0;0;3006;79;185.24;7.41;;;
37.178871;-4.088507;475;0;0;3006;79;185.26;7.39;;;
37.178729;-4.088646;475;0;0;3006;79;185.28;7.37;;;
37.178587;-4.088784;475;0;0;3006;79;185.3;7.35;;;
37.178445;-4.088922;475;0;0;3006;79;185.32;7.33;;;
37.178302;-4.089061;475;0;0;3006;79;185.34;7.31;;;
37.178160;-4.089198;475;0;0;3006;79;185.36;7.29;;;
37.178021;-4.089342;475;0;0;3006;79;185.38;7.27;;;
37.177887;-4.089492;475;0;0;3006;79;185.4;7.25;;;
37.177753;-4.089642;475;0;0;3006;79;185.42;7.23;;;
37.177618;-4.089792;475;0;0;3006;79;185.44;7.21;;;
37.177483;-4.089941;475;0;0;3006;79;185.46;7.19;;;
37.177352;-4.090096;476;0;0;3006;79;185.48;7.17;;;
37.177223;-4.090252;476;0;0;3006;79;185.5;7.15;;;
37.177092;-4.090408;476;0;0;3006;79;185.52;7.13;;;
37.176962;-4.090564;476;0;0;3006;79;185.54;7.11;;;
37.176835;-4.090723;476;0;0;3007;78;185.56;7.09;;;
37.176714;-4.090891;476;0;0;3007;78;185.58;7.07;;;
37.176593;-4.091058;476;0;0;3007;78;185.6;7.05;;;
37.176472;-4.091225;476;0;0;3007;78;185.62;7.03;;;
37.176351;-4.091392;476;0;0;3007;78;185.64;7.01;;;
37.176230;-4.091559;476;0;0;3007;78;185.66;6.99;;;
37.176109;-4.091726;476;0;0;3007;78;185.68;6.97;;;
37.175974;-4.091875;476;0;0;3007;78;185.7;6.95;;;
37.175832;-4.092013;476;0;0;3007;78;185.72;6.93;;;
37.175683;-4.092138;476;0;0;3007;78;185.74;6.91;;;
37.175533;-4.092264;476;0;0;3007;78;185.76;6.89;;;
37.175384;-4.092389;477;0;0;3007;78;185.78;6.87;;;
37.175226;-4.092497;477;0;0;3007;78;185.8;6.85;;;
37.175065;-4.092597;477;0;0;3007;78;185.82;6.83;;;
37.174903;-4.092695;477;0;0;3008;77;185.84;6.81;;;
37.174736;-4.092778;477;0;0;3008;77;185.86;6.79;;;
37.174568;-4.092860;477;0;0;3008;77;185.88;6.77;;;
37.174401;-4.092942;477;0;0;3008;77;185.9;6.75;;;
37.174233;-4.093024;477;0;0;3008;77;185.92;6.73;;;
37.174066;-4.093106;477;0;0;3008;77;185.94;6.71;;;
37.173898;-4.093188;477;0;0;3008;77;185.96;6.69;;;
37.173734;-4.093282;477;0;0;3008;77;185.98;6.67;;;
37.173579;-4.093393;477;0;1;3008;77;186;6.65;;;
37.173439;-4.093535;478;0;0;3008;77;186.02;6.63;;;
37.173326;-4.093708;478;0;0;3008;77;186.04;6.61;;;
37.173246;-4.093911;478;0;1;3008;77;186.06;6.59;;;
37.173188;-4.094123;478;0;1;3009;76;186.08;6.57;;;
37.173172;-4.094346;478;0;1;3009;76;186.1;6.55;;;
37.173186;-4.094570;478;0;1;3009;76;186.12;6.53;;;
37.173238;-4.094786;478;0;1;3009;76;186.14;6.51;;;
37.173305;-4.094995;478;0;1;3009;76;186.16;6.49;;;
37.173375;-4.095203;478;0;1;3009;76;186.18;6.47;;;
37.173445;-4.095411;479;0;1;3009;76;186.2;6.45;;;
37.173507;-4.095622;479;0;1;3009;76;186.22;6.43;;;
37.173565;-4.095836;479;0;1;3010;75;186.24;6.41;;;
37.173611;-4.096053;479;0;1;3010;75;186.26;6.39;;;
37.173622;-4.096278;479;0;1;3010;75;186.28;6.37;;;
37.173613;-4.096502;480;0;1;3010;75;186.3;6.35;;;
37.173576;-4.096723;480;0;1;3010;75;186.32;6.33;;;
37.173509;-4.096931;480;0;1;3011;74;186.34;6.31;;;
37.173420;-4.097127;480;0;1;3011;74;186.36;6.29;;;
37.173322;-4.097316;480;0;1;3011;74;186.38;6.27;;;
37.173218;-4.097501;480;0;1;3011;74;186.4;6.25;;;
37.173115;-4.097685;480;0;1;3011;74;186.42;6.23;;;
37.173011;-4.097870;480;0;1;3011;74;186.44;6.21;;;
37.172908;-4.098054;481;0;1;3011;74;186.46;6.19;;;
37.172802;-4.098237;481;0;1;3011;74;186.48;6.17;;;
37.172694;-4.098417;481;0;1;3012;73;186.5;6.15;;;
37.172585;-4.098597;481;0;1;3012;73;186.52;6.13;;;
37.172476;-4.098777;481;0;1;3012;73;186.54;6.11;;;
37.172367;-4.098957;481;0;0;3012;73;186.56;6.09;;;
37.172259;-4.099136;481;0;0;3012;73;186.58;6.07;;;
37.172150;-4.099316;481;0;0;3012;73;186.6;6.05;;;
37.172041;-4.099496;481;0;0;3012;73;186.62;6.03;;;
37.171932;-4.099676;481;0;0;3012;73;186.64;6.01;;;
37.171823;-4.099855;482;0;0;3012;73;186.66;5.99;;;
37.171714;-4.100035;482;0;0;3012;73;186.68;5.97;;;
37.171609;-4.100218;482;0;0;3012;73;186.7;5.95;;;
37.171507;-4.100404;482;0;0;3013;72;186.72;5.93;;;
37.171405;-4.100590;482;0;0;3013;72;186.74;5.91;;;
37.171302;-4.100775;482;0;0;3013;72;186.76;5.89;;;
37.171205;-4.100964;482;0;0;3013;72;186.78;5.87;;;
37.171129;-4.101169;482;0;0;3013;72;186.8;5.85;;;
37.171054;-4.101374;482;0;0;3013;72;186.82;5.83;;;
37.170978;-4.101578;482;0;0;3013;72;186.84;5.81;;;
37.170926;-4.101794;482;0;0;3013;72;186.86;5.79;;;
37.170885;-4.102014;482;0;0;3013;72;186.88;5.77;;;
37.170851;-4.102236;482;0;0;3013;72;186.9;5.75;;;
37.170816;-4.102457;482;0;0;3013;72;186.92;5.73;;;
37.170779;-4.102678;483;0;0;3013;72;186.94;5.71;;;
37.170729;-4.102895;483;0;0;3013;72;186.96;5.69;;;
37.170667;-4.103106;483;0;0;3013;72;186.98;5.67;;;
37.170595;-4.103313;483;0;0;3013;72;187;5.65;;;
37.170522;-4.103519;483;0;0;3013;72;187.02;5.63;;;
37.170441;-4.103720;483;0;0;3014;71;187.04;5.61;;;
37.170339;-4.103905;483;0;0;3014;71;187.06;5.59;;;
37.170219;-4.104073;483;0;0;3014;71;187.08;5.57;;;
37.170099;-4.104240;483;0;0;3014;71;187.1;5.55;;;
37.169983;-4.104413;483;0;0;3014;71;187.12;5.53;;;
37.169875;-4.104593;483;0;0;3014;71;187.14;5.51;;;
37.169766;-4.104773;483;0;0;3014;71;187.16;5.49;;;
37.169675;-4.104967;483;0;0;3014;71;187.18;5.47;;;
37.169601;-4.105172;483;0;0;3014;71;187.2;5.45;;;
37.169539;-4.105384;483;0;0;3014;71;187.22;5.43;;;
37.169515;-4.105607;483;0;0;3014;71;187.24;5.41;;;
37.169491;-4.105831;484;0;0;3014;71;187.26;5.39;;;
37.169482;-4.106057;484;0;0;3014;71;187.28;5.37;;;
37.169475;-4.106282;484;0;1;3015;70;187.3;5.35;;;
37.169468;-4.106508;484;0;0;3015;70;187.32;5.33;;;
37.169461;-4.106733;484;0;0;3015;70;187.34;5.31;;;
37.169454;-4.106959;484;0;0;3015;70;187.36;5.29;;;
37.169450;-4.107184;484;0;0;3015;70;187.38;5.27;;;
37.169459;-4.107410;484;0;0;3015;70;187.4;5.25;;;
37.169468;-4.107635;484;0;0;3015;70;187.42;5.23;;;
37.169478;-4.107860;484;0;0;3015;70;187.44;5.21;;;
37.169494;-4.108085;484;0;0;3015;70;187.46;5.19;;;
37.169511;-4.108310;484;0;0;3015;70;187.48;5.17;;;
37.169527;-4.108535;485;0;0;3015;70;187.5;5.15;;;
37.169543;-4.108760;485;0;0;3015;70;187.52;5.13;;;
37.169541;-4.108985;485;0;0;3015;70;187.54;5.11;;;
37.169510;-4.109206;485;0;0;3015;70;187.56;5.09;;;
37.169469;-4.109426;485;0;0;3016;69;187.58;5.07;;;
37.169450;-4.109649;485;0;0;3016;69;187.6;5.05;;;
37.169455;-4.109874;485;0;0;3016;69;187.62;5.03;;;
37.169459;-4.110100;485;0;0;3016;69;187.64;5.01;;;
37.169463;-4.110326;485;0;0;3016;69;187.66;4.99;;;
37.169467;-4.110551;485;0;0;3016;69;187.68;4.97;;;
37.169484;-4.110776;485;0;0;3016;69;187.7;4.95;;;
37.169532;-4.110993;485;0;0;3016;69;187.72;4.93;;;
37.169587;-4.111207;485;0;0;3016;69;187.74;4.91;;;
37.169658;-4.111415;485;0;0;3016;69;187.76;4.89;;;
37.169731;-4.111621;485;0;0;3016;69;187.78;4.87;;;
37.169804;-4.111827;485;0;0;3016;69;187.8;4.85;;;
37.169854;-4.112043;485;0;0;3016;69;187.82;4.83;;;
37.169880;-4.112267;485;0;0;3016;69;187.84;4.81;;;
37.169891;-4.112492;485;0;0;3016;69;187.86;4.79;;;
37.169902;-4.112717;485;0;0;3016;69;187.88;4.77;;;
37.169914;-4.112942;485;0;0;3016;69;187.9;4.75;;;
37.169925;-4.113168;485;0;0;3016;69;187.92;4.73;;;
37.169936;-4.113393;485;0;0;3016;69;187.94;4.71;;;
37.169938;-4.113619;485;0;0;3016;69;187.96;4.69;;;
37.169905;-4.113839;485;0;0;3016;69;187.98;4.67;;;
37.169858;-4.114057;485;0;0;3016;69;188;4.65;;;
37.169851;-4.114282;485;0;0;3016;69;188.02;4.63;;;
37.169886;-4.114500;485;0;0;3016;69;188.04;4.61;;;
37.169955;-4.114709;485;0;0;3016;69;188.06;4.59;;;
37.169985;-4.114930;485;0;0;3016;69;188.08;4.57;;;
37.170006;-4.115154;485;0;0;3016;69;188.1;4.55;;;
37.170035;-4.115376;484;0;0;3016;69;188.12;4.53;;;
37.170101;-4.115583;484;0;0;3016;69;188.14;4.51;;;
37.170196;-4.115775;484;0;0;3016;69;188.16;4.49;;;
37.170319;-4.115938;484;0;0;3016;69;188.18;4.47;;;
37.170450;-4.116093;484;0;0;3016;69;188.2;4.45;;;
37.170589;-4.116233;484;0;0;3016;69;188.22;4.43;;;
37.170747;-4.116340;484;0;0;3016;69;188.24;4.41;;;
37.170908;-4.116441;484;0;0;3016;69;188.26;4.39;;;
37.171073;-4.116532;484;0;0;3016;69;188.28;4.37;;;
37.171223;-4.116653;484;0;0;3016;69;188.3;4.35;;;
37.171352;-4.116809;484;0;0;3016;69;188.32;4.33;;;
37.171465;-4.116983;484;0;0;3016;69;188.34;4.31;;;
37.171560;-4.117175;484;0;0;3016;69;188.36;4.29;;;
37.171654;-4.117368;484;0;0;3016;69;188.38;4.27;;;
37.171714;-4.117580;484;0;0;3016;69;188.4;4.25;;;
37.171756;-4.117799;484;0;0;3016;69;188.42;4.23;;;
37.171789;-4.118021;484;0;0;3016;69;188.44;4.21;;;
37.171854;-4.118230;485;0;1;3016;69;188.46;4.19;;;
37.171932;-4.118433;485;0;1;3016;69;188.48;4.17;;;
37.172016;-4.118633;485;0;1;3017;68;188.5;4.15;;;
37.172101;-4.118832;485;0;1;3017;68;188.52;4.13;;;
37.172186;-4.119031;485;0;1;3017;68;188.54;4.11;;;
37.172270;-4.119230;485;0;1;3017;68;188.56;4.09;;;
37.172352;-4.119431;486;0;1;3017;68;188.58;4.07;;;
37.172434;-4.119632;486;0;1;3018;67;188.6;4.05;;;
37.172516;-4.119833;486;0;1;3018;67;188.62;4.03;;;
37.172597;-4.120034;486;0;1;3018;67;188.64;4.01;;;
37.172679;-4.120235;487;0;1;3018;67;188.66;3.99;;;
37.172761;-4.120436;487;0;2;3019;66;188.68;3.97;;;
37.172843;-4.120638;487;0;2;3019;66;188.7;3.95;;;
37.172924;-4.120839;488;0;2;3019;66;188.72;3.93;;;
37.173006;-4.121040;488;0;2;3020;65;188.74;3.91;;;
37.173084;-4.121243;488;0;2;3020;65;188.76;3.89;;;
37.173155;-4.121450;489;0;2;3021;64;188.78;3.87;;;
37.173221;-4.121660;489;0;2;3021;64;188.8;3.85;;;
37.173275;-4.121876;490;0;2;3021;64;188.82;3.83;;;
37.173328;-4.122091;490;0;2;3022;63;188.84;3.81;;;
37.173380;-4.122307;490;0;2;3022;63;188.86;3.79;;;
37.173434;-4.122523;491;0;2;3023;62;188.88;3.77;;;
37.173487;-4.122738;491;0;2;3023;62;188.9;3.75;;;
37.173539;-4.122954;491;0;2;3023;62;188.92;3.73;;;
37.173591;-4.123170;492;0;2;3024;61;188.94;3.71;;;
37.173642;-4.123387;492;0;2;3024;61;188.96;3.69;;;
37.173693;-4.123603;493;0;2;3024;61;188.98;3.67;;;
37.173745;-4.123820;493;0;2;3025;60;189;3.65;;;
37.173796;-4.124036;493;0;2;3025;60;189.02;3.63;;;
37.173847;-4.124252;494;0;2;3025;60;189.04;3.61;;;
37.173896;-4.124470;494;0;1;3026;59;189.06;3.59;;;
37.173933;-4.124690;494;0;1;3026;59;189.08;3.57;;;
37.173957;-4.124914;494;0;1;3026;59;189.1;3.55;;;
37.173980;-4.125138;495;0;1;3026;59;189.12;3.53;;;
37.173999;-4.125362;495;0;1;3027;58;189.14;3.51;;;
37.174016;-4.125587;495;0;1;3027;58;189.16;3.49;;;
37.174009;-4.125812;495;0;0;3027;58;189.18;3.47;;;
37.173999;-4.126038;495;0;0;3027;58;189.2;3.45;;;
37.173989;-4.126263;495;0;0;3027;58;189.22;3.43;;;
37.174005;-4.126488;495;0;0;3027;58;189.24;3.41;;;
37.174024;-4.126712;495;0;0;3027;58;189.26;3.39;;;
37.174042;-4.126937;495;0;0;3027;58;189.28;3.37;;;
37.174103;-4.127145;495;0;-1;3027;58;189.3;3.35;;;
37.174201;-4.127333;495;0;-1;3027;58;189.32;3.33;;;
37.174309;-4.127514;495;0;-1;3027;58;189.34;3.31;;;
37.174368;-4.127724;495;0;-1;3027;58;189.36;3.29;;;
37.174330;-4.127942;494;0;-1;3027;58;189.38;3.27;;;
37.174226;-4.128125;494;0;-2;3027;58;189.4;3.25;;;
37.174139;-4.128323;493;0;-2;3027;58;189.42;3.23;;;
37.174051;-4.128520;493;0;-2;3027;58;189.44;3.21;;;
37.173979;-4.128727;493;0;-2;3027;58;189.46;3.19;;;
37.173907;-4.128934;492;0;-2;3027;58;189.48;3.17;;;
37.173807;-4.129121;492;0;-2;3027;58;189.5;3.15;;;
37.173703;-4.129305;492;0;-2;3027;58;189.52;3.13;;;
37.173599;-4.129489;491;0;-2;3027;58;189.54;3.11;;;
37.173489;-4.129667;491;0;-2;3027;58;189.56;3.09;;;
37.173370;-4.129837;490;0;-2;3027;58;189.58;3.07;;;
37.173258;-4.130013;490;0;-3;3027;58;189.6;3.05;;;
37.173151;-4.130194;489;0;-3;3027;58;189.62;3.03;;;
37.173059;-4.130388;489;0;-3;3027;58;189.64;3.01;;;
37.172967;-4.130582;488;0;-3;3027;58;189.66;2.99;;;
37.172875;-4.130776;488;0;-3;3027;58;189.68;2.97;;;
37.172783;-4.130970;487;0;-3;3027;58;189.7;2.95;;;
37.172705;-4.131172;486;0;-3;3027;58;189.72;2.93;;;
37.172666;-4.131392;486;0;-3;3027;58;189.74;2.91;;;
37.172652;-4.131617;485;0;-3;3027;58;189.76;2.89;;;
37.172638;-4.131842;484;0;-3;3027;58;189.78;2.87;;;
37.172619;-4.132066;484;0;-3;3027;58;189.8;2.85;;;
37.172585;-4.132288;483;0;-3;3027;58;189.82;2.83;;;
37.172551;-4.132509;482;0;-3;3027;58;189.84;2.81;;;
37.172517;-4.132731;481;0;-3;3027;58;189.86;2.79;;;
37.172497;-4.132955;481;0;-3;3027;58;189.88;2.77;;;
37.172497;-4.133179;480;0;-3;3027;58;189.9;2.75;;;
37.172519;-4.133403;479;0;-3;3027;58;189.92;2.73;;;
37.172540;-4.133628;479;0;-3;3027;58;189.94;2.71;;;
37.172561;-4.133852;478;0;-3;3027;58;189.96;2.69;;;
37.172583;-4.134076;478;0;-3;3027;58;189.98;2.67;;;
37.172604;-4.134300;477;0;-3;3027;58;190;2.65;;;
37.172617;-4.134525;476;0;-3;3027;58;190.02;2.63;;;
37.172615;-4.134750;476;0;-3;3027;58;190.04;2.61;;;
37.172614;-4.134976;475;0;-3;3027;58;190.06;2.59;;;
37.172611;-4.135202;475;0;-3;3027;58;190.08;2.57;;;
37.172609;-4.135428;474;0;-3;3027;58;190.1;2.55;;;
37.172602;-4.135653;473;0;-3;3027;58;190.12;2.53;;;
37.172592;-4.135878;473;0;-3;3027;58;190.14;2.51;;;
37.172582;-4.136104;472;0;-3;3027;58;190.16;2.49;;;
37.172572;-4.136329;471;0;-3;3027;58;190.18;2.47;;;
37.172562;-4.136555;470;0;-3;3027;58;190.2;2.45;;;
37.172524;-4.136774;470;0;-3;3027;58;190.22;2.43;;;
37.172470;-4.136989;469;0;-3;3027;58;190.24;2.41;;;
37.172417;-4.137205;469;0;-3;3027;58;190.26;2.39;;;
37.172362;-4.137420;468;0;-3;3027;58;190.28;2.37;;;
37.172308;-4.137635;467;0;-3;3027;58;190.3;2.35;;;
37.172254;-4.137850;467;0;-3;3027;58;190.32;2.33;;;
37.172200;-4.138065;466;0;-3;3027;58;190.34;2.31;;;
37.172145;-4.138281;466;0;-3;3027;58;190.36;2.29;;;
37.172091;-4.138496;465;0;-3;3027;58;190.38;2.27;;;
37.172046;-4.138714;465;0;-3;3027;58;190.4;2.25;;;
37.172014;-4.138936;464;0;-2;3027;58;190.42;2.23;;;
37.171982;-4.139158;464;0;-2;3027;58;190.44;2.21;;;
37.171951;-4.139380;463;0;-2;3027;58;190.46;2.19;;;
37.171924;-4.139604;463;0;-2;3027;58;190.48;2.17;;;
37.171898;-4.139827;462;0;-2;3027;58;190.5;2.15;;;
37.171872;-4.140050;462;0;-2;3027;58;190.52;2.13;;;
37.171846;-4.140274;461;0;-2;3027;58;190.54;2.11;;;
37.171821;-4.140497;461;0;-2;3027;58;190.56;2.09;;;
37.171795;-4.140720;460;0;-3;3027;58;190.58;2.07;;;
37.171768;-4.140944;460;0;-2;3027;58;190.6;2.05;;;
37.171772;-4.141169;459;0;-2;3027;58;190.62;2.03;;;
37.171776;-4.141395;459;0;-2;3027;58;190.64;2.01;;;
37.171781;-4.141621;458;0;-2;3027;58;190.66;1.99;;;
37.171799;-4.141845;458;0;-2;3027;58;190.68;1.97;;;
37.171843;-4.142061;458;0;-2;3027;58;190.7;1.95;;;
37.171914;-4.142269;457;0;-3;3027;58;190.72;1.93;;;
37.171984;-4.142477;457;0;-3;3027;58;190.74;1.91;;;
37.172048;-4.142687;456;0;-3;3027;58;190.76;1.89;;;
37.172077;-4.142908;455;0;-3;3027;58;190.78;1.87;;;
37.172074;-4.143134;455;0;-3;3027;58;190.8;1.85;;;
37.172062;-4.143356;454;0;-4;3027;58;190.82;1.83;;;
37.171972;-4.143551;454;0;-4;3027;58;190.84;1.81;;;
37.171836;-4.143699;453;0;-4;3027;58;190.86;1.79;;;
37.171690;-4.143818;452;0;-4;3027;58;190.88;1.77;;;
37.171510;-4.143828;450;0;-5;3027;58;190.9;1.75;;;
37.171359;-4.143939;449;0;-4;3027;58;190.92;1.73;;;
37.171335;-4.144156;448;0;-4;3027;58;190.94;1.71;;;
37.171367;-4.144376;448;0;-3;3027;58;190.96;1.69;;;
37.171298;-4.144578;447;0;-2;3027;58;190.98;1.67;;;
37.171159;-4.144720;447;0;-2;3027;58;191;1.65;;;
37.170999;-4.144823;447;0;-1;3027;58;191.02;1.63;;;
37.170834;-4.144913;447;0;-1;3027;58;191.04;1.61;;;
37.170666;-4.144992;447;0;0;3027;58;191.06;1.59;;;
37.170496;-4.145065;446;0;0;3027;58;191.08;1.57;;;
37.170322;-4.145126;446;0;0;3027;58;191.1;1.55;43;;
37.170149;-4.145186;447;0;0;3027;58;191.12;1.53;;;
37.169975;-4.145245;447;0;0;3027;58;191.14;1.51;;;
37.169802;-4.145305;447;0;1;3027;58;191.16;1.49;;;
37.169629;-4.145366;447;0;1;3027;58;191.18;1.47;;;
37.169455;-4.145426;447;0;1;3027;58;191.2;1.45;;;
37.169282;-4.145486;447;0;1;3028;57;191.22;1.43;;;
37.169108;-4.145545;448;0;2;3028;57;191.24;1.41;;;
37.168935;-4.145605;448;0;2;3028;57;191.26;1.39;;;
37.168761;-4.145663;448;0;2;3029;56;191.28;1.37;;;
37.168587;-4.145718;449;0;2;3029;56;191.3;1.35;;;
37.168413;-4.145774;449;0;3;3030;55;191.32;1.33;;;
37.168238;-4.145830;450;0;4;3030;55;191.34;1.31;;;
37.168064;-4.145885;450;0;4;3030;55;191.36;1.29;;;
37.167885;-4.145901;451;0;5;3031;54;191.38;1.27;;;
37.167710;-4.145867;452;0;5;3033;52;191.4;1.25;;;
37.167541;-4.145939;454;0;5;3034;51;191.42;1.23;;;
37.167364;-4.145961;455;0;5;3035;50;191.44;1.21;;;
37.167190;-4.145906;456;0;5;3036;49;191.46;1.19;;;
37.167019;-4.145834;457;0;5;3037;48;191.48;1.17;;;
37.166849;-4.145762;458;0;4;3038;47;191.5;1.15;;;
37.166670;-4.145739;458;0;4;3039;46;191.52;1.13;;;
37.166491;-4.145719;459;0;4;3039;46;191.54;1.11;;;
37.166312;-4.145699;460;0;4;3040;45;191.56;1.09;;;
37.166132;-4.145682;461;0;4;3041;44;191.58;1.07;;;
37.165953;-4.145669;462;0;5;3042;43;191.6;1.05;;;
37.165773;-4.145654;462;0;5;3043;42;191.62;1.03;;;
37.165594;-4.145641;463;0;5;3044;41;191.64;1.01;;;
37.165420;-4.145589;465;0;6;3045;40;191.66;0.99;;;
37.165261;-4.145484;466;0;6;3046;39;191.68;0.97;;;
37.165111;-4.145361;467;0;6;3047;38;191.7;0.95;;;
37.164980;-4.145207;468;0;5;3049;36;191.72;0.93;;;
37.164860;-4.145039;469;0;5;3050;35;191.74;0.91;;;
37.164735;-4.144877;470;0;5;3051;34;191.76;0.89;;;
37.164618;-4.144705;471;0;5;3052;33;191.78;0.87;;;
37.164502;-4.144532;472;0;5;3053;32;191.8;0.85;;;
37.164386;-4.144360;473;0;5;3053;32;191.82;0.83;;;
37.164289;-4.144170;474;0;5;3054;31;191.84;0.81;;;
37.164193;-4.143979;475;0;5;3056;29;191.86;0.79;;;
37.164133;-4.143767;476;0;5;3056;29;191.88;0.77;;;
37.164114;-4.143547;477;0;5;3057;28;191.9;0.75;;;
37.164125;-4.143321;478;0;5;3058;27;191.92;0.73;;;
37.164149;-4.143098;479;0;5;3059;26;191.94;0.71;;;
37.164183;-4.142877;480;0;5;3060;25;191.96;0.69;;;
37.164247;-4.142667;481;0;5;3061;24;191.98;0.67;;;
37.164338;-4.142473;482;0;6;3062;23;192;0.65;;;
37.164430;-4.142279;483;0;6;3063;22;192.02;0.63;;;
37.164521;-4.142084;483;0;6;3064;21;192.04;0.61;;;
37.164568;-4.141870;485;0;6;3065;20;192.06;0.59;;;
37.164571;-4.141645;488;0;6;3068;17;192.08;0.57;;;
37.164564;-4.141420;489;0;6;3069;16;192.1;0.55;;;
37.164514;-4.141203;489;0;5;3070;15;192.12;0.53;;;
37.164467;-4.140986;490;0;4;3070;15;192.14;0.51;;;
37.164454;-4.140761;491;0;3;3071;14;192.16;0.49;;;
37.164440;-4.140535;491;0;3;3072;13;192.18;0.47;;;
37.164427;-4.140310;492;0;3;3072;13;192.2;0.45;;;
37.164412;-4.140085;492;0;3;3073;12;192.22;0.43;;;
37.164397;-4.139861;493;0;3;3073;12;192.24;0.41;;;
37.164367;-4.139639;493;0;3;3074;11;192.26;0.39;;;
37.164312;-4.139424;494;0;3;3075;10;192.28;0.37;;;
37.164255;-4.139210;495;0;3;3075;10;192.3;0.35;;;
37.164211;-4.138992;496;0;3;3076;9;192.32;0.33;;;
37.164209;-4.138766;496;0;3;3076;9;192.34;0.31;;;
37.164234;-4.138543;497;0;3;3077;8;192.36;0.29;;;
37.164270;-4.138322;497;0;3;3077;8;192.38;0.27;;;
37.164306;-4.138101;498;0;3;3078;7;192.4;0.25;;;
37.164329;-4.137877;498;0;3;3079;6;192.42;0.23;;;
37.164348;-4.137653;499;0;3;3079;6;192.44;0.21;;;
37.164348;-4.137427;500;0;3;3080;5;192.46;0.19;;;
37.164330;-4.137203;500;0;3;3081;4;192.48;0.17;;;
37.164307;-4.136979;501;0;3;3081;4;192.5;0.15;;;
37.164269;-4.136759;502;0;3;3082;3;192.52;0.13;;;
37.164220;-4.136542;502;0;3;3083;2;192.54;0.11;;;
37.164167;-4.136327;503;0;3;3083;2;192.56;0.09;;;
37.164104;-4.136115;503;0;2;3084;1;192.58;0.07;;;
37.164041;-4.135903;504;0;2;3084;1;192.6;0.05;;;
37.163982;-4.135691;504;0;2;3085;0;192.62;0.03;;;
37.163922;-4.135478;505;0;2;3085;0;192.64;0.01;;;
37.163891;-4.135367;505;0;2;3085;0;192.65;0;44;arrival;
