latitude;longitude;altitude;azimuth;slope;dvdone;dvrest;kmdone;kmto;cpnumero;cptype;sumcategory
41.121369;0.791409;268;0;-1;0;1529;0;173.13;3;real;
41.12124;0.791243;268;0;-1;0;1529;0.02;173.11;;;
41.12111;0.791078;268;0;-1;0;1529;0.04;173.09;;;
41.12098;0.790912;268;0;-1;0;1529;0.06;173.07;;;
41.120846;0.790754;268;0;-1;0;1529;0.08;173.05;;;
41.120704;0.790607;267;0;-1;0;1529;0.1;173.03;;;
41.120562;0.79046;267;0;-1;0;1529;0.12;173.01;;;
41.120275;0.790173;267;0;-1;0;1529;0.16;172.97;;;
41.120128;0.790035;267;0;-1;0;1529;0.18;172.95;;;
41.119971;0.789919;266;0;-1;0;1529;0.2;172.93;;;
41.119811;0.78981;266;0;-1;0;1529;0.22;172.91;;;
41.119643;0.789724;266;0;0;0;1529;0.24;172.89;;;
41.119476;0.789638;266;0;0;0;1529;0.26;172.87;;;
41.119124;0.789539;266;0;0;0;1529;0.3;172.83;;;
41.118946;0.789506;266;0;1;0;1529;0.32;172.81;;;
41.118767;0.789476;266;0;1;0;1529;0.34;172.79;;;
41.118589;0.789447;266;0;1;0;1529;0.36;172.77;;;
41.11841;0.789417;267;0;1;1;1528;0.38;172.75;;;
41.118232;0.789388;267;0;1;1;1528;0.4;172.73;;;
41.118053;0.789359;267;0;1;1;1528;0.42;172.71;;;
41.117875;0.78933;267;0;2;2;1527;0.44;172.69;;;
41.117696;0.789301;268;0;2;2;1527;0.46;172.67;;;
41.117518;0.789272;268;0;2;2;1527;0.48;172.65;;;
41.11734;0.789234;269;0;2;3;1526;0.5;172.63;;;
41.117164;0.789189;269;0;3;3;1526;0.52;172.61;;;
41.116987;0.789143;270;0;3;4;1525;0.54;172.59;;;
41.116463;0.788977;272;0;3;6;1523;0.6;172.53;;;
41.116293;0.788898;273;0;3;7;1522;0.62;172.51;;;
41.116127;0.788807;273;0;3;7;1522;0.64;172.49;;;
41.115973;0.788688;274;0;3;8;1521;0.66;172.47;;;
41.115826;0.788551;274;0;3;8;1521;0.68;172.45;;;
41.115679;0.788413;275;0;3;9;1520;0.7;172.43;;;
41.115531;0.788276;275;0;3;9;1520;0.72;172.41;;;
41.115384;0.788139;276;0;3;10;1519;0.74;172.39;;;
41.115235;0.788006;277;0;3;11;1518;0.76;172.37;;;
41.115083;0.787878;277;0;3;11;1518;0.78;172.35;;;
41.114931;0.787749;278;0;2;12;1517;0.8;172.33;;;
41.114777;0.787627;278;0;2;12;1517;0.82;172.31;;;
41.114623;0.787504;279;0;2;13;1516;0.84;172.29;;;
41.114468;0.787382;279;0;2;13;1516;0.86;172.27;;;
41.114314;0.787259;279;0;1;13;1516;0.88;172.25;;;
41.114159;0.787138;280;0;1;14;1515;0.9;172.23;;;
41.114005;0.787015;280;0;1;14;1515;0.92;172.21;;;
41.11385;0.786893;280;0;1;14;1515;0.94;172.19;;;
41.113694;0.786773;280;0;0;14;1515;0.96;172.17;;;
41.113539;0.786653;280;0;0;14;1515;0.98;172.15;;;
41.113383;0.786534;280;0;0;14;1515;1;172.13;;;
41.113228;0.786414;280;0;0;14;1515;1.02;172.11;;;
41.113072;0.786294;280;0;0;14;1515;1.04;172.09;;;
41.112917;0.786174;280;0;-1;14;1515;1.06;172.07;;;
41.112761;0.786054;280;0;-1;14;1515;1.08;172.05;;;
41.111983;0.785455;279;0;-2;14;1515;1.18;171.95;;;
41.111828;0.785335;278;0;-2;14;1515;1.2;171.93;;;
41.111672;0.785215;278;0;-2;14;1515;1.22;171.91;;;
41.111517;0.785096;277;0;-2;14;1515;1.24;171.89;;;
41.111363;0.78497;276;0;-2;14;1515;1.26;171.87;;;
41.111211;0.784844;276;0;-2;14;1515;1.28;171.85;;;
41.111054;0.784727;275;0;-2;14;1515;1.3;171.83;;;
41.110896;0.784613;275;0;-2;14;1515;1.32;171.81;;;
41.110738;0.7845;275;0;-2;14;1515;1.34;171.79;;;
41.110573;0.784406;274;0;-2;14;1515;1.36;171.77;;;
41.110406;0.784317;274;0;-3;14;1515;1.38;171.75;;;
41.110237;0.784237;273;0;-3;14;1515;1.4;171.73;;;
41.110061;0.784186;273;0;-3;14;1515;1.42;171.71;;;
41.109884;0.784153;272;0;-3;14;1515;1.44;171.69;;;
41.109704;0.78414;271;0;-3;14;1515;1.46;171.67;;;
41.109524;0.784131;271;0;-3;14;1515;1.48;171.65;;;
41.109345;0.784143;270;0;-3;14;1515;1.5;171.63;;;
41.109165;0.784154;270;0;-3;14;1515;1.52;171.61;;;
41.108985;0.784165;269;0;-2;14;1515;1.54;171.59;;;
41.108806;0.784177;269;0;-2;14;1515;1.56;171.57;;;
41.108626;0.784188;268;0;-3;14;1515;1.58;171.55;;;
41.108446;0.784199;268;0;-3;14;1515;1.6;171.53;;;
41.108267;0.784214;267;0;-3;14;1515;1.62;171.51;;;
41.108087;0.784228;267;0;-3;14;1515;1.64;171.49;;;
41.107908;0.784242;266;0;-3;14;1515;1.66;171.47;;;
41.107728;0.784257;266;0;-3;14;1515;1.68;171.45;;;
41.107549;0.784272;265;0;-4;14;1515;1.7;171.43;;;
41.107369;0.784286;264;0;-4;14;1515;1.72;171.41;;;
41.10719;0.784299;263;0;-4;14;1515;1.74;171.39;;;
41.10701;0.784311;262;0;-5;14;1515;1.76;171.37;;;
41.10683;0.784317;261;0;-5;14;1515;1.78;171.35;;;
41.10665;0.78431;261;0;-5;14;1515;1.8;171.33;;;
41.106472;0.784285;259;0;-6;14;1515;1.82;171.31;;;
41.106294;0.784252;258;0;-6;14;1515;1.84;171.29;;;
41.106121;0.784187;257;0;-6;14;1515;1.86;171.27;;;
41.10595;0.784113;256;0;-7;14;1515;1.88;171.25;;;
41.105785;0.78402;254;0;-7;14;1515;1.9;171.23;;;
41.10563;0.783898;253;0;-7;14;1515;1.92;171.21;;;
41.105475;0.783776;252;0;-7;14;1515;1.94;171.19;;;
41.105327;0.783642;250;0;-7;14;1515;1.96;171.17;;;
41.10519;0.783488;249;0;-7;14;1515;1.98;171.15;;;
41.105066;0.783316;247;0;-8;14;1515;2;171.13;;;
41.104941;0.783144;246;0;-8;14;1515;2.02;171.11;;;
41.104816;0.782972;244;0;-8;14;1515;2.04;171.09;;;
41.104691;0.7828;242;0;-8;14;1515;2.06;171.07;;;
41.104566;0.782628;241;0;-8;14;1515;2.08;171.05;;;
41.104441;0.782457;239;0;-8;14;1515;2.1;171.03;;;
41.104318;0.782284;237;0;-8;14;1515;2.12;171.01;;;
41.104196;0.782108;236;0;-8;14;1515;2.14;170.99;;;
41.104074;0.781932;234;0;-7;14;1515;2.16;170.97;;;
41.102944;0.780395;222;0;-8;14;1515;2.34;170.79;;;
41.102816;0.780228;220;0;-9;14;1515;2.36;170.77;;;
41.102671;0.780088;218;0;-9;14;1515;2.38;170.75;;;
41.102507;0.779988;216;0;-9;14;1515;2.4;170.73;;;
41.102333;0.77993;214;0;-9;14;1515;2.42;170.71;;;
41.102153;0.77992;212;0;-10;14;1515;2.44;170.69;;;
41.101975;0.779945;210;0;-10;14;1515;2.46;170.67;;;
41.101803;0.780018;209;0;-10;14;1515;2.48;170.65;;;
41.101658;0.779955;206;0;-10;14;1515;2.5;170.63;4;;
41.101549;0.779824;203;0;-9;14;1515;2.52;170.61;;;
41.101509;0.779591;202;0;-9;14;1515;2.54;170.59;;;
41.101462;0.779362;200;0;-8;14;1515;2.56;170.57;;;
41.101378;0.779153;199;0;-7;14;1515;2.58;170.55;;;
41.101264;0.778969;198;0;-5;14;1515;2.6;170.53;;;
41.10114;0.778797;197;0;-5;14;1515;2.62;170.51;;;
41.101;0.778647;196;0;-5;14;1515;2.64;170.49;;;
41.100853;0.778511;195;0;-4;14;1515;2.66;170.47;;;
41.100694;0.778402;194;0;-4;14;1515;2.68;170.45;;;
41.100534;0.778292;194;0;-4;14;1515;2.7;170.43;;;
41.100374;0.778183;193;0;-4;14;1515;2.72;170.41;;;
41.100214;0.778073;192;0;-3;14;1515;2.74;170.39;;;
41.100143;0.777867;191;0;-3;14;1515;2.76;170.37;;;
41.100238;0.777672;190;0;-2;14;1515;2.78;170.35;;;
41.100373;0.777515;190;0;-2;14;1515;2.8;170.33;;;
41.100508;0.777358;190;0;-2;14;1515;2.82;170.31;;;
41.100615;0.777174;190;0;0;14;1515;2.84;170.29;;;
41.100593;0.776947;190;0;0;14;1515;2.86;170.27;;;
41.100524;0.776726;190;0;1;14;1515;2.88;170.25;;;
41.100547;0.776502;190;0;1;14;1515;2.9;170.23;;;
41.100663;0.776322;190;0;1;15;1514;2.92;170.21;;;
41.100809;0.776199;190;0;2;15;1514;2.94;170.19;;;
41.100988;0.77619;191;0;2;15;1514;2.96;170.17;;;
41.101168;0.776181;191;0;3;16;1513;2.98;170.15;;;
41.101335;0.776101;192;0;3;17;1512;3;170.13;;;
41.101498;0.776;192;0;3;17;1512;3.02;170.11;;;
41.101667;0.775931;194;0;3;18;1511;3.04;170.09;;;
41.101845;0.775969;194;0;3;19;1510;3.06;170.07;;;
41.102021;0.776018;195;0;3;20;1509;3.08;170.05;;;
41.102193;0.776087;196;0;3;20;1509;3.1;170.03;;;
41.10236;0.776176;196;0;3;21;1508;3.12;170.01;;;
41.102527;0.776266;197;0;3;21;1508;3.14;169.99;;;
41.102693;0.776355;197;0;3;22;1507;3.16;169.97;;;
41.10286;0.776445;198;0;4;22;1507;3.18;169.95;;;
41.103028;0.776531;198;0;4;23;1506;3.2;169.93;;;
41.103199;0.776602;199;0;4;24;1505;3.22;169.91;;;
41.103373;0.776596;200;0;5;25;1504;3.24;169.89;;;
41.10349;0.776427;202;0;5;27;1502;3.26;169.87;;;
41.103495;0.77619;203;0;5;28;1501;3.28;169.85;;;
41.103493;0.775952;204;0;5;28;1501;3.3;169.83;;;
41.103582;0.775753;205;0;4;30;1499;3.32;169.81;;;
41.103741;0.775641;206;0;3;30;1499;3.34;169.79;;;
41.103902;0.775536;206;0;4;31;1498;3.36;169.77;;;
41.104066;0.775438;207;0;4;31;1498;3.38;169.75;;;
41.10423;0.775339;207;0;3;32;1497;3.4;169.73;;;
41.104388;0.775232;208;0;3;32;1497;3.42;169.71;;;
41.104402;0.775016;209;0;3;34;1495;3.44;169.69;;;
41.104297;0.774823;210;0;4;34;1495;3.46;169.67;;;
41.104177;0.774648;210;0;4;35;1494;3.48;169.65;;;
41.104032;0.774507;211;0;4;35;1494;3.5;169.63;;;
41.103887;0.774366;211;0;3;36;1493;3.52;169.61;;;
41.103799;0.77417;212;0;3;37;1492;3.54;169.59;;;
41.103799;0.773931;213;0;3;38;1491;3.56;169.57;;;
41.103682;0.773763;214;0;3;39;1490;3.58;169.55;;;
41.103537;0.773628;214;0;2;39;1490;3.6;169.53;;;
41.103461;0.773418;214;0;2;39;1490;3.62;169.51;;;
41.103439;0.773181;215;0;1;39;1490;3.64;169.49;;;
41.103382;0.772959;215;0;1;40;1489;3.66;169.47;;;
41.103242;0.772811;215;0;1;40;1489;3.68;169.45;;;
41.103102;0.772665;215;0;0;40;1489;3.7;169.43;;;
41.10307;0.772438;215;0;0;40;1489;3.72;169.41;;;
41.103129;0.772218;215;0;0;40;1489;3.74;169.39;;;
41.103226;0.772017;215;0;0;40;1489;3.76;169.37;;;
41.103317;0.771811;215;0;0;40;1489;3.78;169.35;;;
41.103395;0.771597;215;0;0;40;1489;3.8;169.33;;;
41.103451;0.77137;215;0;0;40;1489;3.82;169.31;;;
41.103469;0.771134;215;0;0;40;1489;3.84;169.29;;;
41.103459;0.770895;215;0;0;40;1489;3.86;169.27;;;
41.103449;0.770657;215;0;0;40;1489;3.88;169.25;;;
41.103439;0.770419;215;0;0;40;1489;3.9;169.23;;;
41.103437;0.77018;215;0;0;40;1489;3.92;169.21;;;
41.103435;0.769941;215;0;0;40;1489;3.94;169.19;;;
41.103433;0.769703;215;0;0;40;1489;3.96;169.17;;;
41.103432;0.769464;214;0;0;40;1489;3.98;169.15;;;
41.10343;0.769225;214;0;0;40;1489;4;169.13;;;
41.103456;0.768749;214;0;0;40;1489;4.04;169.09;;;
41.103485;0.768274;214;0;0;40;1489;4.08;169.05;;;
41.103547;0.767804;214;0;0;40;1489;4.12;169.01;;;
41.103622;0.767337;214;0;0;40;1489;4.16;168.97;;;
41.103668;0.767106;214;0;0;40;1489;4.18;168.95;;;
41.103714;0.766875;214;0;0;40;1489;4.2;168.93;;;
41.10376;0.766645;214;0;0;40;1489;4.22;168.91;;;
41.103796;0.766411;214;0;0;40;1489;4.24;168.89;;;
41.103826;0.766176;214;0;0;40;1489;4.26;168.87;;;
41.103854;0.76594;213;0;0;40;1489;4.28;168.85;;;
41.103884;0.765705;213;0;0;40;1489;4.3;168.83;;;
41.103913;0.765469;213;0;0;40;1489;4.32;168.81;;;
41.103954;0.765238;213;0;0;40;1489;4.34;168.79;;;
41.104067;0.764784;213;0;0;40;1489;4.38;168.75;;;
41.10418;0.764331;213;0;0;40;1489;4.42;168.71;;;
41.104293;0.763878;214;0;1;40;1489;4.46;168.67;;;
41.104406;0.763425;214;0;1;41;1488;4.5;168.63;;;
41.104523;0.762973;214;0;1;41;1488;4.54;168.59;;;
41.10466;0.762532;215;0;1;41;1488;4.58;168.55;;;
41.104796;0.76209;215;0;2;42;1487;4.62;168.51;;;
41.104933;0.761648;216;0;2;42;1487;4.66;168.47;;;
41.105002;0.761428;216;0;2;43;1486;4.68;168.45;;;
41.105029;0.761196;217;0;2;43;1486;4.7;168.43;5;;
41.104894;0.761069;217;0;2;44;1485;4.72;168.41;;;
41.104743;0.760939;218;0;2;44;1485;4.74;168.39;;;
41.104592;0.760809;218;0;2;45;1484;4.76;168.37;;;
41.104438;0.760686;219;0;2;45;1484;4.78;168.35;;;
41.104273;0.760598;219;0;2;46;1483;4.8;168.33;;;
41.104095;0.760563;219;0;2;46;1483;4.82;168.31;;;
41.103917;0.760527;220;0;2;46;1483;4.84;168.29;;;
41.103598;0.760332;221;0;2;47;1482;4.88;168.25;;;
41.103332;0.760012;222;0;2;48;1481;4.92;168.21;;;
41.103077;0.759675;223;0;2;49;1480;4.96;168.17;;;
41.102826;0.759333;224;0;2;50;1479;5;168.13;;;
41.102574;0.758992;224;0;2;51;1478;5.04;168.09;;;
41.102323;0.75865;225;0;2;51;1478;5.08;168.05;;;
41.102072;0.758309;225;0;1;52;1477;5.12;168.01;;;
41.101946;0.758138;226;0;1;52;1477;5.14;167.99;;;
41.101792;0.758016;226;0;1;53;1476;5.16;167.97;;;
41.101624;0.757932;226;0;1;53;1476;5.18;167.95;;;
41.101466;0.757821;226;0;0;53;1476;5.2;167.93;;;
41.101331;0.757665;226;0;0;53;1476;5.22;167.91;;;
41.101219;0.757479;226;0;0;53;1476;5.24;167.89;;;
41.101114;0.757286;226;0;0;53;1476;5.26;167.87;;;
41.101008;0.757093;226;0;0;53;1476;5.28;167.85;;;
41.100907;0.756896;226;0;0;53;1476;5.3;167.83;;;
41.100846;0.756674;226;0;-1;53;1476;5.32;167.81;;;
41.100847;0.756437;226;0;-1;53;1476;5.34;167.79;;;
41.10087;0.7562;226;0;-1;53;1476;5.36;167.77;;;
41.100893;0.755963;225;0;-1;53;1476;5.38;167.75;;;
41.100928;0.755731;225;0;-1;53;1476;5.4;167.73;;;
41.101001;0.755512;225;0;-1;53;1476;5.42;167.71;;;
41.101071;0.755293;225;0;-1;53;1476;5.44;167.69;;;
41.101108;0.755061;225;0;-1;53;1476;5.46;167.67;;;
41.101133;0.754825;225;0;-1;53;1476;5.48;167.65;;;
41.101158;0.754588;224;0;-1;53;1476;5.5;167.63;6;;
41.101183;0.754352;224;0;-1;53;1476;5.52;167.61;;;
41.101208;0.754116;224;0;-1;53;1476;5.54;167.59;;;
41.101233;0.753879;224;0;-1;53;1476;5.56;167.57;;;
41.101258;0.753643;223;0;-2;53;1476;5.58;167.55;;;
41.101284;0.753407;223;0;-2;53;1476;5.6;167.53;;;
41.101309;0.75317;223;0;-2;53;1476;5.62;167.51;;;
41.101333;0.752934;222;0;-3;53;1476;5.64;167.49;;;
41.101362;0.752701;221;0;-3;53;1476;5.66;167.47;;;
41.10142;0.752475;221;0;-3;53;1476;5.68;167.45;;;
41.101477;0.752248;220;0;-3;53;1476;5.7;167.43;;;
41.101535;0.752022;220;0;-3;53;1476;5.72;167.41;;;
41.101593;0.751796;219;0;-3;53;1476;5.74;167.39;;;
41.101651;0.75157;218;0;-3;53;1476;5.76;167.37;;;
41.101708;0.751344;218;0;-3;53;1476;5.78;167.35;;;
41.101766;0.751118;217;0;-3;53;1476;5.8;167.33;;;
41.101811;0.750889;216;0;-3;53;1476;5.82;167.31;;;
41.10182;0.75065;216;0;-3;53;1476;5.84;167.29;;;
41.101828;0.750412;215;0;-3;53;1476;5.86;167.27;;;
41.101836;0.750174;214;0;-3;53;1476;5.88;167.25;;;
41.101843;0.749935;214;0;-3;53;1476;5.9;167.23;;;
41.101869;0.749702;213;0;-3;53;1476;5.92;167.21;;;
41.101934;0.749479;212;0;-4;53;1476;5.94;167.19;;;
41.101999;0.749257;212;0;-4;53;1476;5.96;167.17;;;
41.102064;0.749034;211;0;-4;53;1476;5.98;167.15;;;
41.102128;0.748811;210;0;-4;53;1476;6;167.13;;;
41.102193;0.748598;209;0;-4;53;1476;6.02;167.11;;;
41.102303;0.748409;208;0;-4;53;1476;6.04;167.09;;;
41.102389;0.7482;207;0;-4;53;1476;6.06;167.07;;;
41.102474;0.747989;207;0;-4;53;1476;6.08;167.05;;;
41.102555;0.747776;206;0;-4;53;1476;6.1;167.03;;;
41.102636;0.747563;205;0;-4;53;1476;6.12;167.01;;;
41.102716;0.74735;204;0;-4;53;1476;6.14;166.99;;;
41.102798;0.747137;203;0;-4;53;1476;6.16;166.97;;;
41.102879;0.746924;203;0;-4;53;1476;6.18;166.95;;;
41.102959;0.74671;202;0;-3;53;1476;6.2;166.93;;;
41.10304;0.746497;201;0;-3;53;1476;6.22;166.91;;;
41.103133;0.746293;201;0;-3;53;1476;6.24;166.89;;;
41.103233;0.746095;200;0;-3;53;1476;6.26;166.87;;;
41.103346;0.745909;199;0;-3;53;1476;6.28;166.85;;;
41.103458;0.745722;199;0;-3;53;1476;6.3;166.83;;;
41.103561;0.745527;198;0;-3;53;1476;6.32;166.81;;;
41.103652;0.745322;198;0;-3;53;1476;6.34;166.79;;;
41.103722;0.745102;197;0;-3;53;1476;6.36;166.77;;;
41.103774;0.744874;196;0;-3;53;1476;6.38;166.75;;;
41.103824;0.744644;196;0;-3;53;1476;6.4;166.73;;;
41.103868;0.744413;195;0;-2;53;1476;6.42;166.71;;;
41.103911;0.744181;195;0;-2;53;1476;6.44;166.69;;;
41.103953;0.743949;195;0;-2;53;1476;6.46;166.67;;;
41.104014;0.743725;194;0;-2;53;1476;6.48;166.65;;;
41.104077;0.743501;194;0;-2;53;1476;6.5;166.63;;;
41.104139;0.743277;194;0;-2;53;1476;6.52;166.61;;;
41.104198;0.743051;193;0;-2;53;1476;6.54;166.59;;;
41.104253;0.742824;193;0;-2;53;1476;6.56;166.57;;;
41.104308;0.742597;193;0;-2;53;1476;6.58;166.55;;;
41.104372;0.742374;192;0;-2;53;1476;6.6;166.53;;;
41.104438;0.742152;192;0;-1;53;1476;6.62;166.51;;;
41.104503;0.74193;192;0;-1;53;1476;6.64;166.49;;;
41.104569;0.741708;191;0;-1;53;1476;6.66;166.47;;;
41.104636;0.741486;191;0;-1;53;1476;6.68;166.45;;;
41.104702;0.741264;191;0;-1;53;1476;6.7;166.43;;;
41.104768;0.741041;191;0;-1;53;1476;6.72;166.41;;;
41.104836;0.740821;191;0;-1;53;1476;6.74;166.39;;;
41.104906;0.740601;190;0;-1;53;1476;6.76;166.37;;;
41.104976;0.740381;190;0;-1;53;1476;6.78;166.35;;;
41.105046;0.740161;190;0;-1;53;1476;6.8;166.33;;;
41.105116;0.739941;190;0;-1;53;1476;6.82;166.31;;;
41.105186;0.739722;190;0;-1;53;1476;6.84;166.29;;;
41.105256;0.739501;190;0;-1;53;1476;6.86;166.27;;;
41.105333;0.739286;189;0;-1;53;1476;6.88;166.25;;;
41.105417;0.739075;189;0;0;53;1476;6.9;166.23;;;
41.105519;0.738879;189;0;0;53;1476;6.92;166.21;;;
41.105622;0.738683;189;0;0;53;1476;6.94;166.19;;;
41.105724;0.738486;189;0;0;53;1476;6.96;166.17;;;
41.105826;0.73829;189;0;0;53;1476;6.98;166.15;;;
41.105931;0.738096;189;0;0;53;1476;7;166.13;;;
41.106042;0.737908;189;0;0;53;1476;7.02;166.11;;;
41.106156;0.737723;189;0;0;53;1476;7.04;166.09;;;
41.106274;0.737544;189;0;0;53;1476;7.06;166.07;;;
41.10638;0.737352;189;0;0;53;1476;7.08;166.05;;;
41.106477;0.73715;189;0;0;53;1476;7.1;166.03;;;
41.106556;0.736938;189;0;-1;53;1476;7.12;166.01;;;
41.106582;0.736704;188;0;-1;53;1476;7.14;165.99;;;
41.106587;0.736465;188;0;-1;53;1476;7.16;165.97;;;
41.106575;0.736228;188;0;-1;53;1476;7.18;165.95;;;
41.10655;0.735992;188;0;0;53;1476;7.2;165.93;;;
41.106525;0.735755;188;0;-1;53;1476;7.22;165.91;;;
41.1065;0.735519;188;0;-1;53;1476;7.24;165.89;;;
41.106475;0.735283;188;0;-1;53;1476;7.26;165.87;;;
41.10645;0.735046;188;0;-1;53;1476;7.28;165.85;;;
41.10641;0.734813;188;0;-1;53;1476;7.3;165.83;;;
41.106371;0.73458;187;0;-1;53;1476;7.32;165.81;;;
41.106331;0.734348;187;0;-1;53;1476;7.34;165.79;;;
41.106291;0.734115;187;0;-1;53;1476;7.36;165.77;;;
41.106251;0.733882;187;0;-1;53;1476;7.38;165.75;;;
41.106228;0.733646;187;0;-1;53;1476;7.4;165.73;;;
41.106205;0.733409;186;0;-1;53;1476;7.42;165.71;;;
41.106199;0.733171;186;0;-1;53;1476;7.44;165.69;;;
41.106199;0.732932;186;0;-1;53;1476;7.46;165.67;;;
41.106199;0.732693;186;0;-1;53;1476;7.48;165.65;;;
41.106199;0.732454;186;0;-1;53;1476;7.5;165.63;;;
41.106187;0.732216;186;0;-1;53;1476;7.52;165.61;;;
41.106174;0.731978;185;0;-1;53;1476;7.54;165.59;;;
41.106169;0.73174;185;0;-1;53;1476;7.56;165.57;;;
41.106169;0.731501;185;0;-1;53;1476;7.58;165.55;;;
41.106169;0.731262;185;0;-1;53;1476;7.6;165.53;;;
41.106169;0.731024;184;0;-1;53;1476;7.62;165.51;;;
41.106191;0.730787;184;0;-2;53;1476;7.64;165.49;;;
41.106215;0.73055;184;0;-2;53;1476;7.66;165.47;;;
41.106238;0.730314;183;0;-2;53;1476;7.68;165.45;;;
41.106261;0.730077;183;0;-2;53;1476;7.7;165.43;;;
41.106285;0.72984;183;0;-2;53;1476;7.72;165.41;;;
41.106308;0.729604;182;0;-2;53;1476;7.74;165.39;;;
41.106329;0.729367;182;0;-2;53;1476;7.76;165.37;;;
41.106329;0.729128;182;0;-2;53;1476;7.78;165.35;;;
41.10631;0.728891;181;0;-2;53;1476;7.8;165.33;;;
41.106314;0.728655;181;0;-3;53;1476;7.82;165.31;;;
41.106344;0.728419;180;0;-3;53;1476;7.84;165.29;;;
41.106375;0.728184;180;0;-3;53;1476;7.86;165.27;;;
41.106405;0.727949;179;0;-3;53;1476;7.88;165.25;;;
41.106435;0.727713;178;0;-3;53;1476;7.9;165.23;;;
41.106466;0.727478;178;0;-3;53;1476;7.92;165.21;;;
41.106496;0.727243;177;0;-4;53;1476;7.94;165.19;;;
41.106518;0.727007;176;0;-4;53;1476;7.96;165.17;;;
41.106512;0.726768;175;0;-4;53;1476;7.98;165.15;;;
41.106472;0.726541;174;0;-4;53;1476;8;165.13;;;
41.10637;0.726346;174;0;-4;53;1476;8.02;165.11;;;
41.106147;0.725971;172;0;-4;53;1476;8.06;165.07;;;
41.106058;0.725766;172;0;-4;53;1476;8.08;165.05;;;
41.10599;0.725545;171;0;-5;53;1476;8.1;165.03;;;
41.105912;0.72508;169;0;-5;53;1476;8.14;164.99;;;
41.10591;0.724842;168;0;-6;53;1476;8.16;164.97;;;
41.105956;0.724611;166;0;-6;53;1476;8.18;164.95;;;
41.105972;0.723908;163;0;-7;53;1476;8.24;164.89;;;
41.105871;0.723713;161;0;-7;53;1476;8.26;164.87;;;
41.105622;0.723133;156;0;-7;53;1476;8.32;164.81;;;
41.105637;0.722895;155;0;-7;53;1476;8.34;164.79;;;
41.105673;0.722661;154;0;-7;53;1476;8.36;164.77;;;
41.105774;0.722204;152;0;-7;53;1476;8.4;164.73;;;
41.105814;0.721971;150;0;-7;53;1476;8.42;164.71;;;
41.105847;0.721736;149;0;-7;53;1476;8.44;164.69;;;
41.105729;0.721292;146;0;-7;53;1476;8.48;164.65;;;
41.105648;0.721078;145;0;-7;53;1476;8.5;164.63;;;
41.105594;0.720855;143;0;-6;53;1476;8.52;164.61;;;
41.105699;0.720409;140;0;-7;53;1476;8.56;164.57;;;
41.105813;0.720225;139;0;-7;53;1476;8.58;164.55;;;
41.105923;0.720038;138;0;-6;53;1476;8.6;164.53;;;
41.105979;0.719573;135;0;-5;53;1476;8.64;164.49;;;
41.105987;0.719336;134;0;-5;53;1476;8.66;164.47;;;
41.106018;0.7191;133;0;-5;53;1476;8.68;164.45;;;
41.106102;0.718393;131;0;-4;53;1476;8.74;164.39;;;
41.106114;0.718155;130;0;-4;53;1476;8.76;164.37;;;
41.106179;0.717447;128;0;-4;53;1476;8.82;164.31;;;
41.106221;0.717214;127;0;-3;53;1476;8.84;164.29;;;
41.106261;0.716982;126;0;-3;53;1476;8.86;164.27;;;
41.106446;0.716577;125;0;-3;53;1476;8.9;164.23;;;
41.106559;0.716391;124;0;-3;53;1476;8.92;164.21;;;
41.10667;0.716204;124;0;-3;53;1476;8.94;164.19;;;
41.106884;0.71582;123;0;-3;53;1476;8.98;164.15;;;
41.106988;0.715625;122;0;-3;53;1476;9;164.13;;;
41.107092;0.71543;121;0;-3;53;1476;9.02;164.11;;;
41.107306;0.715047;120;0;-3;53;1476;9.06;164.07;;;
41.107433;0.714879;119;0;-3;53;1476;9.08;164.05;;;
41.107575;0.714734;119;0;-3;53;1476;9.1;164.03;;;
41.107886;0.714494;118;0;-3;53;1476;9.14;163.99;;;
41.10803;0.714352;117;0;-2;53;1476;9.16;163.97;;;
41.108171;0.714203;117;0;-2;53;1476;9.18;163.95;;;
41.108564;0.713713;115;0;-2;53;1476;9.24;163.89;;;
41.108682;0.713534;115;0;-2;53;1476;9.26;163.87;;;
41.109044;0.713004;114;0;-2;53;1476;9.32;163.81;;;
41.109176;0.712841;114;0;-2;53;1476;9.34;163.79;;;
41.109307;0.712678;113;0;-2;53;1476;9.36;163.77;;;
41.109567;0.712349;113;0;-2;53;1476;9.4;163.73;;;
41.109689;0.712173;112;0;-2;53;1476;9.42;163.71;;;
41.10981;0.711996;112;0;-2;53;1476;9.44;163.69;;;
41.110052;0.711643;111;0;-2;53;1476;9.48;163.65;;;
41.110168;0.711461;111;0;-2;53;1476;9.5;163.63;;;
41.110282;0.711276;111;0;-2;53;1476;9.52;163.61;;;
41.110508;0.710905;110;0;-2;53;1476;9.56;163.57;;;
41.110621;0.71072;110;0;-2;53;1476;9.58;163.55;;;
41.110735;0.710535;109;0;-2;53;1476;9.6;163.53;;;
41.110961;0.710164;109;0;-2;53;1476;9.64;163.49;;;
41.111078;0.709981;108;0;-2;53;1476;9.66;163.47;;;
41.111197;0.709803;108;0;-2;53;1476;9.68;163.45;;;
41.111559;0.709272;107;0;-2;53;1476;9.74;163.39;;;
41.111695;0.709117;106;0;-2;53;1476;9.76;163.37;;;
41.112137;0.708707;105;0;-2;53;1476;9.82;163.31;;;
41.112274;0.708553;104;0;-2;53;1476;9.84;163.29;;;
41.112405;0.708389;104;0;-3;53;1476;9.86;163.27;;;
41.11267;0.708067;103;0;-3;53;1476;9.9;163.23;;;
41.112808;0.707914;102;0;-3;53;1476;9.92;163.21;;;
41.112945;0.707759;102;0;-3;53;1476;9.94;163.19;;;
41.113242;0.707494;100;0;-3;53;1476;9.98;163.15;;;
41.1134;0.707381;100;0;-3;53;1476;10;163.13;;;
41.113563;0.707281;99;0;-4;53;1476;10.02;163.11;;;
41.113895;0.707095;97;0;-4;53;1476;10.06;163.07;;;
41.11406;0.707002;97;0;-4;53;1476;10.08;163.05;;;
41.114231;0.706926;96;0;-4;53;1476;10.1;163.03;;;
41.11458;0.706822;93;0;-5;53;1476;10.14;162.99;;;
41.114759;0.706845;93;0;-5;53;1476;10.16;162.97;;;
41.114938;0.706868;92;0;-5;53;1476;10.18;162.95;;;
41.115471;0.706789;89;0;-6;53;1476;10.24;162.89;;;
41.115631;0.706684;88;0;-6;53;1476;10.26;162.87;;;
41.115586;0.706473;85;0;-6;53;1476;10.28;162.85;;;
41.115475;0.706285;84;0;-6;53;1476;10.3;162.83;7;;
41.115343;0.706123;84;0;-6;53;1476;10.32;162.81;;;
41.115211;0.705961;83;0;-6;53;1476;10.34;162.79;;;
41.115095;0.705779;81;0;-5;53;1476;10.36;162.77;;;
41.114975;0.705601;80;0;-5;53;1476;10.38;162.75;;;
41.114849;0.705432;79;0;-5;53;1476;10.4;162.73;;;
41.114722;0.705263;78;0;-4;53;1476;10.42;162.71;;;
41.114591;0.705098;78;0;-4;53;1476;10.44;162.69;;;
41.11446;0.704936;77;0;-4;53;1476;10.46;162.67;;;
41.114328;0.704773;76;0;-4;53;1476;10.48;162.65;;;
41.114196;0.70461;75;0;-4;53;1476;10.5;162.63;;;
41.114065;0.704447;75;0;-3;53;1476;10.52;162.61;;;
41.113933;0.704285;74;0;-3;53;1476;10.54;162.59;;;
41.113801;0.704122;73;0;-3;53;1476;10.56;162.57;;;
41.11367;0.70396;73;0;-3;53;1476;10.58;162.55;;;
41.113538;0.703797;72;0;-3;53;1476;10.6;162.53;;;
41.113406;0.703634;72;0;-3;53;1476;10.62;162.51;;;
41.113295;0.703446;71;0;-3;53;1476;10.64;162.49;;;
41.113184;0.703259;70;0;-3;53;1476;10.66;162.47;;;
41.113074;0.703071;70;0;-3;53;1476;10.68;162.45;;;
41.112983;0.702865;69;0;-3;53;1476;10.7;162.43;;;
41.112898;0.702655;69;0;-3;53;1476;10.72;162.41;;;
41.112815;0.702443;68;0;-2;53;1476;10.74;162.39;;;
41.112753;0.702219;68;0;-2;53;1476;10.76;162.37;;;
41.112692;0.701994;67;0;-2;53;1476;10.78;162.35;;;
41.112648;0.701764;67;0;-1;53;1476;10.8;162.33;;;
41.112625;0.701527;67;0;-1;53;1476;10.82;162.31;;;
41.112615;0.701289;66;0;0;53;1476;10.84;162.29;;;
41.112614;0.701051;66;0;0;53;1476;10.86;162.27;;;
41.112624;0.700812;67;0;0;53;1476;10.88;162.25;;;
41.112647;0.700576;67;0;1;53;1476;10.9;162.23;;;
41.112681;0.700342;67;0;1;53;1476;10.92;162.21;;;
41.112714;0.700107;67;0;2;54;1475;10.94;162.19;;;
41.112747;0.699872;68;0;2;54;1475;10.96;162.17;;;
41.112781;0.699638;68;0;2;55;1474;10.98;162.15;;;
41.112815;0.699403;69;0;2;55;1474;11;162.13;;;
41.112849;0.699169;69;0;3;56;1473;11.02;162.11;;;
41.112882;0.698934;70;0;3;56;1473;11.04;162.09;;;
41.112915;0.6987;70;0;3;57;1472;11.06;162.07;;;
41.112949;0.698465;71;0;3;57;1472;11.08;162.05;;;
41.112983;0.698231;72;0;4;58;1471;11.1;162.03;;;
41.113016;0.697996;72;0;4;59;1470;11.12;162.01;;;
41.11305;0.697762;73;0;4;60;1469;11.14;161.99;;;
41.113083;0.697527;74;0;4;60;1469;11.16;161.97;;;
41.113117;0.697293;75;0;4;61;1468;11.18;161.95;;;
41.113151;0.697058;76;0;5;62;1467;11.2;161.93;;;
41.113184;0.696824;77;0;5;63;1466;11.22;161.91;;;
41.113218;0.696589;78;0;5;64;1465;11.24;161.89;;;
41.113251;0.696354;79;0;5;65;1464;11.26;161.87;;;
41.113272;0.696118;80;0;6;66;1463;11.28;161.85;;;
41.113278;0.695879;81;0;6;67;1462;11.3;161.83;;;
41.11325;0.695645;82;0;6;69;1460;11.32;161.81;;;
41.113191;0.695421;83;0;6;70;1459;11.34;161.79;;;
41.113109;0.695209;84;0;6;71;1458;11.36;161.77;;;
41.113;0.695021;86;0;7;72;1457;11.38;161.75;;;
41.112881;0.694841;87;0;8;73;1456;11.4;161.73;;;
41.112736;0.694701;89;0;8;75;1454;11.42;161.71;;;
41.112572;0.694603;90;0;8;76;1453;11.44;161.69;;;
41.112403;0.694524;92;0;9;79;1450;11.46;161.67;;;
41.112225;0.694489;95;0;9;81;1448;11.48;161.65;;;
41.112045;0.694481;96;0;9;83;1446;11.5;161.63;;;
41.111866;0.694473;98;0;9;84;1445;11.52;161.61;;;
41.111686;0.694465;99;0;9;86;1443;11.54;161.59;;;
41.111506;0.694458;101;0;8;87;1442;11.56;161.57;;;
41.111326;0.694451;103;0;8;89;1440;11.58;161.55;;;
41.111148;0.694422;105;0;8;91;1438;11.6;161.53;;;
41.110971;0.69438;106;0;8;93;1436;11.62;161.51;;;
41.110795;0.694332;108;0;8;94;1435;11.64;161.49;;;
41.110619;0.694283;109;0;8;96;1433;11.66;161.47;;;
41.110443;0.694235;111;0;8;97;1432;11.68;161.45;;;
41.110266;0.694188;112;0;7;99;1430;11.7;161.43;;;
41.11009;0.694139;114;0;8;100;1429;11.72;161.41;;;
41.109916;0.694082;115;0;8;102;1427;11.74;161.39;;;
41.109741;0.694024;117;0;8;103;1426;11.76;161.37;;;
41.109567;0.693965;118;0;8;105;1424;11.78;161.35;;;
41.109406;0.69386;120;0;8;107;1422;11.8;161.33;;;
41.10926;0.69372;122;0;9;109;1420;11.82;161.31;;;
41.109134;0.693551;124;0;9;110;1419;11.84;161.29;;;
41.109026;0.693362;125;0;9;112;1417;11.86;161.27;;;
41.108942;0.693151;127;0;9;114;1415;11.88;161.25;;;
41.108893;0.692922;130;0;8;116;1413;11.9;161.23;;;
41.108877;0.692685;131;0;8;118;1411;11.92;161.21;;;
41.108879;0.692447;132;0;8;119;1410;11.94;161.19;;;
41.108902;0.69221;134;0;7;120;1409;11.96;161.17;;;
41.108923;0.691973;135;0;6;121;1408;11.98;161.15;;;
41.108946;0.691736;136;0;6;123;1406;12;161.13;;;
41.108968;0.6915;137;0;6;124;1405;12.02;161.11;;;
41.108989;0.691263;138;0;6;125;1404;12.04;161.09;;;
41.109;0.691024;140;0;6;126;1403;12.06;161.07;;;
41.109009;0.690786;141;0;5;128;1401;12.08;161.05;;;
41.108987;0.690549;142;0;5;128;1401;12.1;161.03;;;
41.108946;0.690317;143;0;4;130;1399;12.12;161.01;;;
41.108897;0.690087;144;0;4;131;1398;12.14;160.99;;;
41.108837;0.689862;145;0;3;131;1398;12.16;160.97;;;
41.108775;0.689638;145;0;3;132;1397;12.18;160.95;;;
41.108714;0.689414;146;0;3;132;1397;12.2;160.93;;;
41.108643;0.689195;146;0;2;133;1396;12.22;160.91;;;
41.10856;0.688983;146;0;2;133;1396;12.24;160.89;;;
41.108492;0.688763;147;0;2;133;1396;12.26;160.87;;;
41.108429;0.688539;147;0;2;134;1395;12.28;160.85;;;
41.1084;0.688303;148;0;2;134;1395;12.3;160.83;;;
41.10837;0.688068;148;0;2;134;1395;12.32;160.81;;;
41.108341;0.687832;148;0;2;135;1394;12.34;160.79;;;
41.108332;0.687595;149;0;1;135;1394;12.36;160.77;;;
41.108296;0.687361;149;0;1;135;1394;12.38;160.75;;;
41.108259;0.687127;149;0;1;136;1393;12.4;160.73;;;
41.108223;0.686894;149;0;1;136;1393;12.42;160.71;;;
41.108187;0.68666;149;0;1;136;1393;12.44;160.69;;;
41.108161;0.686423;150;0;1;136;1393;12.46;160.67;;;
41.108136;0.686187;150;0;0;136;1393;12.48;160.65;;;
41.10811;0.685951;150;0;0;136;1393;12.5;160.63;;;
41.108084;0.685715;150;0;0;136;1393;12.52;160.61;;;
41.108058;0.685478;150;0;0;136;1393;12.54;160.59;;;
41.108032;0.685242;150;0;0;136;1393;12.56;160.57;;;
41.108007;0.685006;150;0;0;136;1393;12.58;160.55;;;
41.107981;0.68477;150;0;0;136;1393;12.6;160.53;;;
41.107955;0.684533;150;0;0;136;1393;12.62;160.51;;;
41.10793;0.684297;150;0;0;136;1393;12.64;160.49;;;
41.107904;0.684061;150;0;0;136;1393;12.66;160.47;;;
41.107879;0.683824;150;0;0;136;1393;12.68;160.45;;;
41.107853;0.683588;150;0;0;136;1393;12.7;160.43;;;
41.107827;0.683352;150;0;0;136;1393;12.72;160.41;;;
41.107802;0.683116;150;0;0;136;1393;12.74;160.39;;;
41.107776;0.682879;150;0;0;136;1393;12.76;160.37;;;
41.10775;0.682643;150;0;0;136;1393;12.78;160.35;;;
41.107724;0.682407;150;0;0;136;1393;12.8;160.33;;;
41.107698;0.682171;150;0;0;136;1393;12.82;160.31;;;
41.107673;0.681934;150;0;0;136;1393;12.84;160.29;;;
41.107647;0.681698;150;0;0;136;1393;12.86;160.27;;;
41.107621;0.681462;150;0;0;136;1393;12.88;160.25;;;
41.107596;0.681226;150;0;0;136;1393;12.9;160.23;;;
41.10757;0.680989;149;0;0;136;1393;12.92;160.21;;;
41.107545;0.680753;149;0;0;136;1393;12.94;160.19;;;
41.107519;0.680517;149;0;0;136;1393;12.96;160.17;;;
41.107493;0.68028;149;0;-1;136;1393;12.98;160.15;;;
41.107468;0.680044;149;0;-1;136;1393;13;160.13;;;
41.107442;0.679808;149;0;-1;136;1393;13.02;160.11;;;
41.107417;0.679572;149;0;-1;136;1393;13.04;160.09;;;
41.107391;0.679335;149;0;-1;136;1393;13.06;160.07;;;
41.107354;0.679102;148;0;-1;136;1393;13.08;160.05;;;
41.107314;0.678869;148;0;-1;136;1393;13.1;160.03;;;
41.107252;0.678645;148;0;-1;136;1393;13.12;160.01;;;
41.10719;0.678421;148;0;-1;136;1393;13.14;159.99;;;
41.107129;0.678197;147;0;-1;136;1393;13.16;159.97;;;
41.107067;0.677972;147;0;-1;136;1393;13.18;159.95;;;
41.107005;0.677748;147;0;-1;136;1393;13.2;159.93;;;
41.106943;0.677524;147;0;-1;136;1393;13.22;159.91;;;
41.106879;0.677301;146;0;-2;136;1393;13.24;159.89;;;
41.106814;0.677079;146;0;-2;136;1393;13.26;159.87;;;
41.106748;0.676856;146;0;-2;136;1393;13.28;159.85;;;
41.106683;0.676634;145;0;-2;136;1393;13.3;159.83;;;
41.106618;0.676411;145;0;-2;136;1393;13.32;159.81;;;
41.106552;0.676189;144;0;-2;136;1393;13.34;159.79;;;
41.106487;0.675967;144;0;-2;136;1393;13.36;159.77;;;
41.106422;0.675744;143;0;-3;136;1393;13.38;159.75;;;
41.106357;0.675522;143;0;-3;136;1393;13.4;159.73;;;
41.106291;0.675299;142;0;-3;136;1393;13.42;159.71;;;
41.106226;0.675077;142;0;-3;136;1393;13.44;159.69;;;
41.106161;0.674854;141;0;-3;136;1393;13.46;159.67;;;
41.106096;0.674632;141;0;-3;136;1393;13.48;159.65;;;
41.10603;0.67441;140;0;-3;136;1393;13.5;159.63;;;
41.105964;0.674187;139;0;-4;136;1393;13.52;159.61;;;
41.105912;0.673959;139;0;-4;136;1393;13.54;159.59;;;
41.105861;0.67373;138;0;-4;136;1393;13.56;159.57;;;
41.105813;0.6735;137;0;-4;136;1393;13.58;159.55;;;
41.105777;0.673266;136;0;-4;136;1393;13.6;159.53;;;
41.105758;0.673029;135;0;-4;136;1393;13.62;159.51;;;
41.105752;0.672791;135;0;-4;136;1393;13.64;159.49;;;
41.105758;0.672552;134;0;-4;136;1393;13.66;159.47;;;
41.105786;0.672317;133;0;-4;136;1393;13.68;159.45;;;
41.105819;0.672083;132;0;-5;136;1393;13.7;159.43;;;
41.105866;0.671853;131;0;-5;136;1393;13.72;159.41;;;
41.10592;0.671625;130;0;-5;136;1393;13.74;159.39;;;
41.105973;0.671397;129;0;-5;136;1393;13.76;159.37;;;
41.106021;0.671167;128;0;-6;136;1393;13.78;159.35;;;
41.106065;0.670935;127;0;-6;136;1393;13.8;159.33;;;
41.106093;0.670701;125;0;-7;136;1393;13.82;159.31;;;
41.106093;0.670463;124;0;-7;136;1393;13.84;159.29;;;
41.106075;0.670225;123;0;-7;136;1393;13.86;159.27;;;
41.106023;0.669997;121;0;-7;136;1393;13.88;159.25;;;
41.105961;0.669773;119;0;-7;136;1393;13.9;159.23;;;
41.105881;0.669561;118;0;-7;136;1393;13.92;159.21;;;
41.105784;0.66936;117;0;-7;136;1393;13.94;159.19;;;
41.105687;0.669159;115;0;-6;136;1393;13.96;159.17;;;
41.10559;0.668958;114;0;-6;136;1393;13.98;159.15;;;
41.105492;0.668757;113;0;-6;136;1393;14;159.13;;;
41.10541;0.668546;112;0;-6;136;1393;14.02;159.11;;;
41.105343;0.668325;111;0;-6;136;1393;14.04;159.09;;;
41.105293;0.668096;109;0;-6;136;1393;14.06;159.07;;;
41.105243;0.667866;108;0;-7;136;1393;14.08;159.05;;;
41.105193;0.667637;107;0;-6;136;1393;14.1;159.03;;;
41.105143;0.667408;105;0;-6;136;1393;14.12;159.01;;;
41.1051;0.667176;104;0;-6;136;1393;14.14;158.99;;;
41.105056;0.666944;103;0;-7;136;1393;14.16;158.97;;;
41.105013;0.666713;102;0;-6;136;1393;14.18;158.95;;;
41.104969;0.666481;100;0;-6;136;1393;14.2;158.93;;;
41.104926;0.66625;99;0;-6;136;1393;14.22;158.91;;;
41.104883;0.666018;98;0;-7;136;1393;14.24;158.89;;;
41.104839;0.665786;96;0;-7;136;1393;14.26;158.87;;;
41.104796;0.665555;95;0;-7;136;1393;14.28;158.85;;;
41.104752;0.665323;94;0;-7;136;1393;14.3;158.83;;;
41.104709;0.665091;92;0;-7;136;1393;14.32;158.81;;;
41.104666;0.66486;91;0;-7;136;1393;14.34;158.79;;;
41.104622;0.664628;90;0;-7;136;1393;14.36;158.77;;;
41.104578;0.664397;88;0;-6;136;1393;14.38;158.75;;;
41.104533;0.664166;87;0;-6;136;1393;14.4;158.73;;;
41.104475;0.66394;86;0;-6;136;1393;14.42;158.71;;;
41.104412;0.663716;85;0;-6;136;1393;14.44;158.69;;;
41.104341;0.663497;83;0;-7;136;1393;14.46;158.67;;;
41.104261;0.663283;82;0;-7;136;1393;14.48;158.65;;;
41.104176;0.663073;81;0;-8;136;1393;14.5;158.63;;;
41.104075;0.662876;79;0;-8;136;1393;14.52;158.61;;;
41.103974;0.662678;78;0;-8;136;1393;14.54;158.59;;;
41.103861;0.662493;76;0;-8;136;1393;14.56;158.57;;;
41.103746;0.662309;74;0;-7;136;1393;14.58;158.55;;;
41.103613;0.662148;72;0;-7;136;1393;14.6;158.53;;;
41.10348;0.661988;71;0;-7;136;1393;14.62;158.51;;;
41.103346;0.661828;70;0;-6;136;1393;14.64;158.49;;;
41.103207;0.661677;69;0;-6;136;1393;14.66;158.47;;;
41.103063;0.661534;68;0;-6;136;1393;14.68;158.45;;;
41.102906;0.661417;67;0;-6;136;1393;14.7;158.43;;;
41.102745;0.661312;65;0;-6;136;1393;14.72;158.41;;;
41.10258;0.661218;64;0;-6;136;1393;14.74;158.39;;;
41.102421;0.661108;62;0;-6;136;1393;14.76;158.37;;;
41.102266;0.660986;61;0;-6;136;1393;14.78;158.35;;;
41.102121;0.660846;60;0;-6;136;1393;14.8;158.33;8;;
41.101948;0.660781;59;0;-7;136;1393;14.82;158.31;;;
41.101775;0.660716;58;0;-7;136;1393;14.84;158.29;;;
41.101602;0.66065;57;0;-7;136;1393;14.86;158.27;;;
41.10143;0.660582;56;0;-6;136;1393;14.88;158.25;;;
41.101316;0.660405;53;0;-6;136;1393;14.9;158.23;;;
41.101311;0.660171;51;0;-6;136;1393;14.92;158.21;;;
41.101334;0.659934;50;0;-6;136;1393;14.94;158.19;;;
41.101364;0.659699;50;0;-5;136;1393;14.96;158.17;;;
41.101395;0.659464;49;0;-4;136;1393;14.98;158.15;;;
41.101425;0.659228;49;0;-3;136;1393;15;158.13;;;
41.101455;0.658993;48;0;-3;136;1393;15.02;158.11;;;
41.101486;0.658758;47;0;-3;136;1393;15.04;158.09;;;
41.101516;0.658523;47;0;-3;136;1393;15.06;158.07;;;
41.101546;0.658287;46;0;-3;136;1393;15.08;158.05;;;
41.101578;0.658052;46;0;-3;136;1393;15.1;158.03;;;
41.101608;0.657817;45;0;-3;136;1393;15.12;158.01;;;
41.101633;0.657581;45;0;-3;136;1393;15.14;157.99;;;
41.101646;0.657343;44;0;-3;136;1393;15.16;157.97;;;
41.101659;0.657105;44;0;-3;136;1393;15.18;157.95;;;
41.101672;0.656867;43;0;-3;136;1393;15.2;157.93;;;
41.101684;0.656629;43;0;-2;136;1393;15.22;157.91;;;
41.101697;0.656391;42;0;-2;136;1393;15.24;157.89;;;
41.101711;0.656152;42;0;-2;136;1393;15.26;157.87;;;
41.101723;0.655914;41;0;-2;136;1393;15.28;157.85;;;
41.101736;0.655676;41;0;-2;136;1393;15.3;157.83;9;;
41.101748;0.655438;41;0;-2;136;1393;15.32;157.81;;;
41.101777;0.655203;40;0;-2;136;1393;15.34;157.79;;;
41.101808;0.654968;40;0;-2;136;1393;15.36;157.77;;;
41.101838;0.654732;39;0;-2;136;1393;15.38;157.75;;;
41.101876;0.6545;39;0;-2;136;1393;15.4;157.73;;;
41.101943;0.654279;39;0;-2;136;1393;15.42;157.71;;;
41.10204;0.654079;38;0;-1;136;1393;15.44;157.69;;;
41.102137;0.653878;38;0;-1;136;1393;15.46;157.67;;;
41.102234;0.653677;38;0;-1;136;1393;15.48;157.65;;;
41.102331;0.653476;38;0;-1;136;1393;15.5;157.63;;;
41.102429;0.653275;37;0;-1;136;1393;15.52;157.61;;;
41.102526;0.653074;37;0;-1;136;1393;15.54;157.59;;;
41.102623;0.652873;37;0;-1;136;1393;15.56;157.57;;;
41.10272;0.652672;37;0;-1;136;1393;15.58;157.55;;;
41.102719;0.652502;37;0;-1;136;1393;15.6;157.53;;;
41.102564;0.652379;37;0;-1;136;1393;15.62;157.51;;;
41.10241;0.652257;36;0;-1;136;1393;15.64;157.49;;;
41.102255;0.652136;36;0;-1;136;1393;15.66;157.47;;;
41.1021;0.652014;36;0;-1;136;1393;15.68;157.45;;;
41.101946;0.651893;36;0;-1;136;1393;15.7;157.43;;;
41.10179;0.651772;36;0;-1;136;1393;15.72;157.41;;;
41.101634;0.651654;36;0;-1;136;1393;15.74;157.39;;;
41.101478;0.651536;36;0;-1;136;1393;15.76;157.37;;;
41.101322;0.651417;36;0;0;136;1393;15.78;157.35;;;
41.101165;0.651299;35;0;0;136;1393;15.8;157.33;;;
41.101007;0.651185;35;0;0;136;1393;15.82;157.31;;;
41.100846;0.651079;35;0;0;136;1393;15.84;157.29;;;
41.100685;0.650972;35;0;0;136;1393;15.86;157.27;;;
41.100524;0.650866;35;0;0;136;1393;15.88;157.25;;;
41.100363;0.65076;35;0;0;136;1393;15.9;157.23;;;
41.100202;0.650654;35;0;0;136;1393;15.92;157.21;;;
41.100041;0.650548;35;0;0;136;1393;15.94;157.19;;;
41.09988;0.650442;35;0;0;136;1393;15.96;157.17;;;
41.09977;0.650501;35;0;0;136;1393;15.98;157.15;;;
41.099791;0.650738;35;0;0;136;1393;16;157.13;;;
41.099836;0.650967;35;0;0;136;1393;16.02;157.11;;;
41.099895;0.651192;34;0;0;136;1393;16.04;157.09;;;
41.099586;0.65198;34;0;0;136;1393;16.12;157.01;;;
41.099477;0.65217;34;0;0;136;1393;16.14;156.99;;;
41.099342;0.652273;34;0;0;136;1393;16.16;156.97;;;
41.099165;0.65223;34;0;0;136;1393;16.18;156.95;;;
41.098987;0.652207;34;0;0;136;1393;16.2;156.93;;;
41.098807;0.65219;34;0;0;136;1393;16.22;156.91;;;
41.09827;0.652132;34;0;0;136;1393;16.28;156.85;;;
41.098091;0.652103;34;0;0;136;1393;16.3;156.83;;;
41.097913;0.652073;34;0;0;136;1393;16.32;156.81;;;
41.097733;0.652082;34;0;0;136;1393;16.34;156.79;;;
41.097554;0.652097;34;0;0;136;1393;16.36;156.77;;;
41.097374;0.652111;34;0;0;136;1393;16.38;156.75;;;
41.096656;0.65217;33;0;0;136;1393;16.46;156.67;;;
41.09648;0.652152;33;0;0;136;1393;16.48;156.65;;;
41.096346;0.652003;33;0;0;136;1393;16.5;156.63;;;
41.096227;0.651823;33;0;0;136;1393;16.52;156.61;;;
41.096096;0.651707;33;0;0;136;1393;16.54;156.59;;;
41.095409;0.651993;33;0;0;136;1393;16.62;156.51;;;
41.095232;0.652029;33;0;0;136;1393;16.64;156.49;;;
41.095056;0.652002;33;0;0;136;1393;16.66;156.47;;;
41.094882;0.651941;33;0;0;136;1393;16.68;156.45;;;
41.094713;0.651975;32;0;0;136;1393;16.7;156.43;10;;
41.094543;0.65202;32;0;0;136;1393;16.72;156.41;;;
41.094074;0.652373;32;0;0;136;1393;16.78;156.35;;;
41.09393;0.652516;32;0;0;136;1393;16.8;156.33;;;
41.093786;0.652658;32;0;0;136;1393;16.82;156.31;;;
41.093642;0.6528;32;0;0;136;1393;16.84;156.29;;;
41.093497;0.652943;32;0;0;136;1393;16.86;156.27;;;
41.093353;0.653085;32;0;0;136;1393;16.88;156.25;;;
41.092772;0.653649;32;0;0;136;1393;16.96;156.17;;;
41.092627;0.653789;32;0;0;137;1392;16.98;156.15;;;
41.092482;0.65393;32;0;0;137;1392;17;156.13;;;
41.092337;0.654071;33;0;0;137;1392;17.02;156.11;;;
41.092191;0.654212;33;0;0;137;1392;17.04;156.09;;;
41.091611;0.654775;33;0;0;137;1392;17.12;156.01;;;
41.091465;0.654916;33;0;1;137;1392;17.14;155.99;;;
41.09132;0.655056;33;0;1;137;1392;17.16;155.97;;;
41.091175;0.655197;33;0;1;137;1392;17.18;155.95;;;
41.091029;0.655338;33;0;0;137;1392;17.2;155.93;;;
41.090884;0.655479;34;0;0;138;1391;17.22;155.91;;;
41.090482;0.655953;34;0;0;138;1391;17.28;155.85;;;
41.090358;0.656126;34;0;1;138;1391;17.3;155.83;;;
41.09025;0.656317;34;0;1;138;1391;17.32;155.81;;;
41.09015;0.656515;34;0;1;138;1391;17.34;155.79;;;
41.09005;0.656713;34;0;1;138;1391;17.36;155.77;;;
41.08995;0.656912;34;0;1;138;1391;17.38;155.75;;;
41.089495;0.657639;35;0;1;139;1390;17.46;155.67;;;
41.089349;0.657776;35;0;1;139;1390;17.48;155.65;;;
41.089208;0.657925;35;0;0;139;1390;17.5;155.63;;;
41.089067;0.658073;35;0;1;139;1390;17.52;155.61;;;
41.088926;0.658222;35;0;1;139;1390;17.54;155.59;;;
41.088372;0.65883;36;0;0;140;1389;17.62;155.51;;;
41.088245;0.658997;36;0;1;140;1389;17.64;155.49;;;
41.088115;0.65916;36;0;1;140;1389;17.66;155.47;;;
41.087975;0.65931;36;0;1;140;1389;17.68;155.45;;;
41.087835;0.659459;36;0;1;140;1389;17.7;155.43;;;
41.087695;0.65961;36;0;1;140;1389;17.72;155.41;;;
41.087269;0.660049;36;0;1;141;1388;17.78;155.35;;;
41.087125;0.660192;37;0;0;141;1388;17.8;155.33;;;
41.086966;0.660304;37;0;0;141;1388;17.82;155.31;;;
41.086807;0.660415;37;0;0;141;1388;17.84;155.29;;;
41.086642;0.66051;37;0;0;141;1388;17.86;155.27;;;
41.086472;0.660587;37;0;0;141;1388;17.88;155.25;;;
41.085764;0.66074;37;0;1;141;1388;17.96;155.17;;;
41.085585;0.660738;37;0;1;141;1388;17.98;155.15;;;
41.085406;0.66072;37;0;1;142;1387;18;155.13;;;
41.085227;0.660698;38;0;1;142;1387;18.02;155.11;;;
41.085048;0.660671;38;0;1;142;1387;18.04;155.09;;;
41.084333;0.660564;38;0;1;142;1387;18.12;155.01;;;
41.084154;0.660538;38;0;1;142;1387;18.14;154.99;;;
41.083975;0.660511;39;0;1;143;1386;18.16;154.97;;;
41.083797;0.660485;39;0;1;143;1386;18.18;154.95;;;
41.083618;0.660474;39;0;1;143;1386;18.2;154.93;;;
41.083438;0.660488;39;0;1;143;1386;18.22;154.91;;;
41.082901;0.660549;39;0;1;143;1386;18.28;154.85;;;
41.082725;0.660598;40;0;1;144;1385;18.3;154.83;;;
41.082549;0.660647;40;0;1;144;1385;18.32;154.81;;;
41.082373;0.660695;40;0;1;144;1385;18.34;154.79;;;
41.082197;0.660745;40;0;1;144;1385;18.36;154.77;;;
41.082021;0.660794;40;0;1;144;1385;18.38;154.75;;;
41.081318;0.660998;41;0;1;145;1384;18.46;154.67;;;
41.081143;0.66105;41;0;1;145;1384;18.48;154.65;;;
41.080967;0.661101;41;0;1;145;1384;18.5;154.63;;;
41.080792;0.661153;41;0;1;145;1384;18.52;154.61;;;
41.080616;0.661206;41;0;1;145;1384;18.54;154.59;;;
41.079914;0.661414;41;0;1;146;1383;18.62;154.51;;;
41.079739;0.661466;42;0;1;146;1383;18.64;154.49;;;
41.079563;0.661518;42;0;1;146;1383;18.66;154.47;;;
41.079388;0.66157;42;0;1;146;1383;18.68;154.45;;;
41.079212;0.661622;42;0;1;146;1383;18.7;154.43;;;
41.079036;0.661674;42;0;0;146;1383;18.72;154.41;;;
41.07851;0.66183;42;0;0;146;1383;18.78;154.35;;;
41.078334;0.661882;42;0;0;146;1383;18.8;154.33;;;
41.078159;0.661934;42;0;0;147;1382;18.82;154.31;;;
41.077983;0.661987;43;0;0;147;1382;18.84;154.29;;;
41.077808;0.662039;43;0;0;147;1382;18.86;154.27;;;
41.077632;0.66209;43;0;0;147;1382;18.88;154.25;;;
41.07693;0.662299;43;0;0;147;1382;18.96;154.17;;;
41.076755;0.66235;43;0;0;147;1382;18.98;154.15;;;
41.076579;0.662403;43;0;0;147;1382;19;154.13;;;
41.076404;0.662455;43;0;0;147;1382;19.02;154.11;;;
41.076228;0.662508;43;0;0;147;1382;19.04;154.09;;;
41.075526;0.662716;43;0;0;147;1382;19.12;154.01;;;
41.07535;0.662768;43;0;0;147;1382;19.14;153.99;;;
41.075175;0.662819;43;0;0;147;1382;19.16;153.97;;;
41.074999;0.662871;43;0;0;147;1382;19.18;153.95;;;
41.074824;0.662924;43;0;0;147;1382;19.2;153.93;;;
41.074648;0.662976;43;0;0;147;1382;19.22;153.91;;;
41.074122;0.663132;43;0;-1;147;1382;19.28;153.85;;;
41.073946;0.663184;42;0;-1;147;1382;19.3;153.83;;;
41.073771;0.663237;42;0;-1;147;1382;19.32;153.81;;;
41.073595;0.663288;42;0;-1;147;1382;19.34;153.79;;;
41.073418;0.663319;42;0;-1;147;1382;19.36;153.77;;;
41.07324;0.663354;42;0;-1;147;1382;19.38;153.75;;;
41.072532;0.663519;41;0;-1;147;1382;19.46;153.67;;;
41.072354;0.663561;40;0;-1;147;1382;19.48;153.65;;;
41.072177;0.663603;40;0;-1;147;1382;19.5;153.63;;;
41.072;0.663644;40;0;-1;147;1382;19.52;153.61;;;
41.071823;0.66368;39;0;-1;147;1382;19.54;153.59;;;
41.071103;0.663706;38;0;-2;147;1382;19.62;153.51;;;
41.070924;0.663703;38;0;-2;147;1382;19.64;153.49;;;
41.070744;0.66369;37;0;-2;147;1382;19.66;153.47;;;
41.070565;0.663675;37;0;-2;147;1382;19.68;153.45;;;
41.070386;0.663654;36;0;-2;147;1382;19.7;153.43;;;
41.070207;0.663628;36;0;-2;147;1382;19.72;153.41;;;
41.069675;0.66351;34;0;-2;147;1382;19.78;153.35;;;
41.069499;0.663457;34;0;-2;147;1382;19.8;153.33;;;
41.069324;0.663403;34;0;-2;147;1382;19.82;153.31;;;
41.069148;0.663355;33;0;-2;147;1382;19.84;153.29;;;
41.068974;0.663293;33;0;-2;147;1382;19.86;153.27;;;
41.068801;0.663231;32;0;-2;147;1382;19.88;153.25;;;
41.068095;0.663062;31;0;-2;147;1382;19.96;153.17;;;
41.067916;0.663049;30;0;-2;147;1382;19.98;153.15;;;
41.067736;0.663049;30;0;-2;147;1382;20;153.13;;;
41.067558;0.663084;30;0;-2;147;1382;20.02;153.11;;;
41.06738;0.663122;29;0;-2;147;1382;20.04;153.09;;;
41.066686;0.66337;28;0;-1;147;1382;20.12;153.01;;;
41.066513;0.663434;28;0;-1;147;1382;20.14;152.99;;;
41.066339;0.663498;28;0;-1;147;1382;20.16;152.97;;;
41.066166;0.66356;28;0;-1;147;1382;20.18;152.95;;;
41.065992;0.663621;28;0;-1;147;1382;20.2;152.93;;;
41.065818;0.663683;27;0;-1;147;1382;20.22;152.91;;;
41.065291;0.663829;27;0;-1;147;1382;20.28;152.85;;;
41.065112;0.663849;27;0;-1;147;1382;20.3;152.83;;;
41.064932;0.663842;27;0;-1;147;1382;20.32;152.81;;;
41.064754;0.663815;26;0;-1;147;1382;20.34;152.79;;;
41.064578;0.663767;26;0;-1;147;1382;20.36;152.77;;;
41.064403;0.663717;26;0;-1;147;1382;20.38;152.75;;;
41.063752;0.663321;26;0;0;147;1382;20.46;152.67;;;
41.063593;0.663212;26;0;0;147;1382;20.48;152.65;;;
41.063433;0.663102;26;0;0;147;1382;20.5;152.63;;;
41.063273;0.662991;26;0;0;147;1382;20.52;152.61;;;
41.063113;0.662883;26;0;0;147;1382;20.54;152.59;;;
41.062949;0.662785;26;0;0;147;1382;20.56;152.57;;;
41.062785;0.662687;26;0;0;147;1382;20.58;152.55;;;
41.062621;0.662588;26;0;0;147;1382;20.6;152.53;;;
41.062453;0.662506;26;0;0;147;1382;20.62;152.51;;;
41.062283;0.662428;25;0;0;147;1382;20.64;152.49;;;
41.062113;0.662349;25;0;0;147;1382;20.66;152.47;;;
41.06194;0.662285;25;0;0;147;1382;20.68;152.45;;;
41.061765;0.66223;25;0;0;147;1382;20.7;152.43;;;
41.06159;0.662175;25;0;0;147;1382;20.72;152.41;;;
41.061414;0.662125;25;0;0;147;1382;20.74;152.39;;;
41.061237;0.662082;25;0;0;147;1382;20.76;152.37;;;
41.061061;0.662037;25;0;0;147;1382;20.78;152.35;;;
41.060884;0.661992;25;0;0;147;1382;20.8;152.33;;;
41.060707;0.661949;25;0;0;147;1382;20.82;152.31;;;
41.06053;0.661905;25;0;0;147;1382;20.84;152.29;;;
41.060353;0.661871;25;0;0;147;1382;20.86;152.27;;;
41.060173;0.661853;25;0;0;147;1382;20.88;152.25;;;
41.059994;0.661858;25;0;0;147;1382;20.9;152.23;;;
41.059814;0.661873;25;0;0;147;1382;20.92;152.21;;;
41.059638;0.661922;25;0;0;147;1382;20.94;152.19;;;
41.059463;0.661972;25;0;0;147;1382;20.96;152.17;;;
41.059296;0.662062;25;0;0;147;1382;20.98;152.15;;;
41.059129;0.662152;25;0;0;147;1382;21;152.13;;;
41.058969;0.66226;25;0;0;147;1382;21.02;152.11;;;
41.058808;0.662367;25;0;0;147;1382;21.04;152.09;;;
41.058652;0.662485;25;0;0;147;1382;21.06;152.07;;;
41.058495;0.662601;25;0;0;147;1382;21.08;152.05;;;
41.05833;0.662696;25;0;0;147;1382;21.1;152.03;;;
41.058164;0.662789;25;0;0;147;1382;21.12;152.01;;;
41.057996;0.662872;25;0;0;147;1382;21.14;151.99;;;
41.057821;0.662928;25;0;0;147;1382;21.16;151.97;;;
41.057645;0.662978;26;0;0;147;1382;21.18;151.95;;;
41.057468;0.663016;26;0;0;147;1382;21.2;151.93;;;
41.057289;0.663034;26;0;0;147;1382;21.22;151.91;;;
41.05711;0.663013;26;0;0;147;1382;21.24;151.89;;;
41.056931;0.662992;26;0;0;147;1382;21.26;151.87;;;
41.056756;0.66294;26;0;0;148;1381;21.28;151.85;;;
41.056583;0.662871;26;0;0;148;1381;21.3;151.83;;;
41.056411;0.662802;26;0;0;148;1381;21.32;151.81;;;
41.056241;0.662727;26;0;0;148;1381;21.34;151.79;;;
41.056076;0.662631;26;0;0;148;1381;21.36;151.77;;;
41.055912;0.662534;26;0;1;148;1381;21.38;151.75;;;
41.055747;0.662438;26;0;1;148;1381;21.4;151.73;;;
41.055583;0.662341;26;0;1;148;1381;21.42;151.71;;;
41.055418;0.662244;26;0;1;148;1381;21.44;151.69;;;
41.055254;0.662148;27;0;1;148;1381;21.46;151.67;;;
41.055089;0.662051;27;0;1;149;1380;21.48;151.65;;;
41.054925;0.661955;27;0;1;149;1380;21.5;151.63;;;
41.05476;0.661858;27;0;1;149;1380;21.52;151.61;;;
41.054596;0.661761;27;0;1;149;1380;21.54;151.59;;;
41.054431;0.661665;27;0;1;149;1380;21.56;151.57;;;
41.054267;0.661568;27;0;1;149;1380;21.58;151.55;;;
41.054103;0.661472;27;0;1;149;1380;21.6;151.53;;;
41.053938;0.661375;27;0;1;149;1380;21.62;151.51;;;
41.053774;0.661279;28;0;1;150;1379;21.64;151.49;;;
41.053609;0.661182;28;0;1;150;1379;21.66;151.47;;;
41.053445;0.661085;28;0;1;150;1379;21.68;151.45;;;
41.05328;0.660988;28;0;1;150;1379;21.7;151.43;;;
41.053116;0.660892;28;0;1;150;1379;21.72;151.41;;;
41.052951;0.660796;28;0;1;150;1379;21.74;151.39;;;
41.052787;0.6607;28;0;1;150;1379;21.76;151.37;;;
41.052622;0.660603;29;0;1;151;1378;21.78;151.35;;;
41.052458;0.660507;29;0;1;151;1378;21.8;151.33;;;
41.052293;0.660411;29;0;1;151;1378;21.82;151.31;;;
41.052129;0.660314;29;0;1;151;1378;21.84;151.29;;;
41.051964;0.660217;30;0;1;152;1377;21.86;151.27;;;
41.0518;0.660121;30;0;1;152;1377;21.88;151.25;;;
41.051635;0.660024;30;0;1;152;1377;21.9;151.23;;;
41.051471;0.659928;31;0;1;153;1376;21.92;151.21;;;
41.051306;0.659831;31;0;1;153;1376;21.94;151.19;;;
41.051142;0.659734;31;0;1;153;1376;21.96;151.17;;;
41.050977;0.659638;32;0;1;154;1375;21.98;151.15;;;
41.050813;0.659541;32;0;2;154;1375;22;151.13;;;
41.050648;0.659445;32;0;2;154;1375;22.02;151.11;;;
41.050484;0.659348;32;0;2;154;1375;22.04;151.09;;;
41.050319;0.659252;33;0;2;155;1374;22.06;151.07;;;
41.050158;0.659148;33;0;2;155;1374;22.08;151.05;;;
41.049999;0.659035;34;0;2;155;1374;22.1;151.03;;;
41.049841;0.658921;34;0;2;156;1373;22.12;151.01;;;
41.049689;0.658796;34;0;2;156;1373;22.14;150.99;;;
41.049541;0.65866;35;0;2;157;1372;22.16;150.97;;;
41.049404;0.658505;35;0;2;157;1372;22.18;150.95;;;
41.049267;0.658351;36;0;2;158;1371;22.2;150.93;;;
41.04914;0.658182;36;0;2;158;1371;22.22;150.91;;;
41.049016;0.658009;37;0;2;159;1370;22.24;150.89;;;
41.048895;0.657833;37;0;2;159;1370;22.26;150.87;;;
41.048782;0.657647;38;0;2;160;1369;22.28;150.85;;;
41.04867;0.657461;38;0;2;160;1369;22.3;150.83;;;
41.048557;0.657275;39;0;2;161;1368;22.32;150.81;;;
41.048445;0.657089;39;0;2;161;1368;22.34;150.79;;;
41.048332;0.656903;39;0;2;161;1368;22.36;150.77;;;
41.04822;0.656717;40;0;2;162;1367;22.38;150.75;;;
41.048107;0.656531;40;0;2;162;1367;22.4;150.73;;;
41.048002;0.656337;41;0;2;163;1366;22.42;150.71;;;
41.047898;0.656142;41;0;2;163;1366;22.44;150.69;;;
41.04781;0.655935;42;0;2;164;1365;22.46;150.67;;;
41.047732;0.655721;42;0;2;164;1365;22.48;150.65;;;
41.04766;0.655503;42;0;2;164;1365;22.5;150.63;;;
41.047618;0.655271;43;0;2;165;1364;22.52;150.61;;;
41.047575;0.655039;43;0;1;165;1364;22.54;150.59;;;
41.047554;0.654803;43;0;1;165;1364;22.56;150.57;;;
41.047536;0.654566;43;0;1;165;1364;22.58;150.55;;;
41.047529;0.654328;44;0;1;166;1363;22.6;150.53;;;
41.047531;0.654089;44;0;1;166;1363;22.62;150.51;;;
41.047551;0.653852;44;0;1;166;1363;22.64;150.49;;;
41.047571;0.653615;44;0;1;166;1363;22.66;150.47;;;
41.047591;0.653378;44;0;0;166;1363;22.68;150.45;;;
41.047611;0.653141;44;0;0;166;1363;22.7;150.43;;;
41.04763;0.652904;44;0;0;166;1363;22.72;150.41;;;
41.047635;0.652666;44;0;0;166;1363;22.74;150.39;;;
41.04763;0.652428;44;0;0;166;1363;22.76;150.37;;;
41.047607;0.652191;44;0;0;166;1363;22.78;150.35;;;
41.047581;0.651956;44;0;0;166;1363;22.8;150.33;;;
41.047535;0.651725;44;0;-1;166;1363;22.82;150.31;;;
41.047489;0.651494;44;0;-1;166;1363;22.84;150.29;;;
41.047443;0.651264;44;0;-1;166;1363;22.86;150.27;;;
41.047398;0.651033;44;0;-1;166;1363;22.88;150.25;;;
41.047352;0.650803;43;0;-1;166;1363;22.9;150.23;;;
41.047306;0.650572;43;0;-1;166;1363;22.92;150.21;;;
41.047258;0.650342;43;0;-1;166;1363;22.94;150.19;;;
41.047208;0.650113;43;0;-1;166;1363;22.96;150.17;;;
41.047158;0.649884;42;0;-1;166;1363;22.98;150.15;;;
41.047108;0.649655;42;0;-1;166;1363;23;150.13;;;
41.047057;0.649426;42;0;-2;166;1363;23.02;150.11;;;
41.047007;0.649197;42;0;-2;166;1363;23.04;150.09;;;
41.046957;0.648968;41;0;-2;166;1363;23.06;150.07;;;
41.046907;0.648739;41;0;-2;166;1363;23.08;150.05;;;
41.046856;0.64851;41;0;-2;166;1363;23.1;150.03;;;
41.046806;0.648281;40;0;-2;166;1363;23.12;150.01;;;
41.046747;0.648056;40;0;-2;166;1363;23.14;149.99;;;
41.046686;0.647831;39;0;-3;166;1363;23.16;149.97;;;
41.046626;0.647607;39;0;-3;166;1363;23.18;149.95;;;
41.046564;0.647383;38;0;-3;166;1363;23.2;149.93;;;
41.046491;0.647165;37;0;-3;166;1363;23.22;149.91;;;
41.046409;0.646952;37;0;-3;166;1363;23.24;149.89;;;
41.046327;0.64674;36;0;-3;166;1363;23.26;149.87;;;
41.046245;0.646528;36;0;-3;166;1363;23.28;149.85;;;
41.046163;0.646316;35;0;-2;166;1363;23.3;149.83;;;
41.04608;0.646104;35;0;-2;166;1363;23.32;149.81;;;
41.045998;0.645892;34;0;-2;166;1363;23.34;149.79;;;
41.045916;0.64568;34;0;-2;166;1363;23.36;149.77;;;
41.045834;0.645468;33;0;-2;166;1363;23.38;149.75;;;
41.045751;0.645256;33;0;-2;166;1363;23.4;149.73;;;
41.045677;0.645038;33;0;-2;166;1363;23.42;149.71;;;
41.045606;0.644819;32;0;-2;166;1363;23.44;149.69;;;
41.045535;0.6446;32;0;-2;166;1363;23.46;149.67;;;
41.045464;0.644381;31;0;-2;166;1363;23.48;149.65;;;
41.045393;0.644162;31;0;-2;166;1363;23.5;149.63;;;
41.045322;0.643943;30;0;-2;166;1363;23.52;149.61;;;
41.04525;0.643724;30;0;-2;166;1363;23.54;149.59;;;
41.045179;0.643505;29;0;-2;166;1363;23.56;149.57;;;
41.045108;0.643286;29;0;-2;166;1363;23.58;149.55;;;
41.045037;0.643067;28;0;-2;166;1363;23.6;149.53;;;
41.044966;0.642848;28;0;-2;166;1363;23.62;149.51;;;
41.044895;0.642629;28;0;-2;166;1363;23.64;149.49;;;
41.044813;0.642417;27;0;-2;166;1363;23.66;149.47;;;
41.044726;0.642208;27;0;-2;166;1363;23.68;149.45;;;
41.044644;0.641997;26;0;-2;166;1363;23.7;149.43;11;;
41.044579;0.641774;26;0;-2;166;1363;23.72;149.41;;;
41.044505;0.641557;26;0;-1;166;1363;23.74;149.39;;;
41.044429;0.641341;25;0;-1;166;1363;23.76;149.37;;;
41.044353;0.641125;25;0;-1;166;1363;23.78;149.35;;;
41.044277;0.640908;25;0;-1;166;1363;23.8;149.33;;;
41.044201;0.640692;25;0;-1;166;1363;23.82;149.31;;;
41.044125;0.640476;24;0;-1;166;1363;23.84;149.29;;;
41.044049;0.64026;24;0;-1;166;1363;23.86;149.27;;;
41.043973;0.640044;24;0;-1;166;1363;23.88;149.25;;;
41.043897;0.639827;24;0;-1;166;1363;23.9;149.23;;;
41.043822;0.639611;24;0;-1;166;1363;23.92;149.21;;;
41.043746;0.639395;24;0;0;166;1363;23.94;149.19;;;
41.04367;0.639179;24;0;0;166;1363;23.96;149.17;;;
41.043587;0.638967;24;0;0;166;1363;23.98;149.15;;;
41.043503;0.638757;24;0;0;166;1363;24;149.13;;;
41.043417;0.638547;24;0;0;166;1363;24.02;149.11;;;
41.043332;0.638336;24;0;0;166;1363;24.04;149.09;;;
41.043247;0.638126;24;0;0;166;1363;24.06;149.07;;;
41.043162;0.637916;24;0;0;166;1363;24.08;149.05;;;
41.043077;0.637706;23;0;0;166;1363;24.1;149.03;;;
41.042992;0.637496;23;0;0;166;1363;24.12;149.01;;;
41.042907;0.637285;23;0;0;166;1363;24.14;148.99;;;
41.042822;0.637075;23;0;0;166;1363;24.16;148.97;;;
41.042737;0.636865;23;0;0;166;1363;24.18;148.95;;;
41.042652;0.636655;24;0;0;166;1363;24.2;148.93;;;
41.042568;0.636445;24;0;0;167;1362;24.22;148.91;;;
41.042483;0.636235;24;0;0;167;1362;24.24;148.89;;;
41.042397;0.636024;24;0;0;167;1362;24.26;148.87;;;
41.04232;0.635809;24;0;0;167;1362;24.28;148.85;;;
41.042279;0.635582;24;0;1;167;1362;24.3;148.83;12;;
41.042279;0.635344;24;0;1;167;1362;24.32;148.81;;;
41.042279;0.635106;24;0;1;167;1362;24.34;148.79;;;
41.042288;0.634874;24;0;1;167;1362;24.36;148.77;;;
41.042253;0.634684;25;0;1;168;1361;24.38;148.75;;;
41.042279;0.634449;25;0;1;168;1361;24.4;148.73;;;
41.042263;0.63422;25;0;1;168;1361;24.42;148.71;;;
41.042209;0.633996;25;0;1;168;1361;24.44;148.69;;;
41.042146;0.633773;25;0;1;168;1361;24.46;148.67;;;
41.042104;0.633542;26;0;1;169;1360;24.48;148.65;;;
41.042086;0.633305;26;0;1;169;1360;24.5;148.63;;;
41.042071;0.633068;26;0;1;169;1360;24.52;148.61;;;
41.042095;0.632832;26;0;1;169;1360;24.54;148.59;;;
41.042095;0.632596;26;0;0;169;1360;24.56;148.57;;;
41.042;0.632397;26;0;0;169;1360;24.58;148.55;;;
41.041881;0.632221;26;0;0;169;1360;24.6;148.53;;;
41.041727;0.632101;26;0;0;169;1360;24.62;148.51;;;
41.041566;0.631993;26;0;0;169;1360;24.64;148.49;;;
41.041405;0.631886;26;0;0;169;1360;24.66;148.47;;;
41.041243;0.631787;26;0;0;169;1360;24.68;148.45;;;
41.041088;0.631683;27;0;0;170;1359;24.7;148.43;;;
41.040925;0.63158;27;0;0;170;1359;24.72;148.41;;;
41.040771;0.63146;27;0;0;170;1359;24.74;148.39;;;
41.040627;0.631317;27;0;0;170;1359;24.76;148.37;;;
41.040484;0.631174;26;0;0;170;1359;24.78;148.35;;;
41.04034;0.631029;26;0;0;170;1359;24.8;148.33;;;
41.040197;0.630886;26;0;0;170;1359;24.82;148.31;;;
41.040053;0.630742;26;0;0;170;1359;24.84;148.29;;;
41.039909;0.630599;26;0;0;170;1359;24.86;148.27;;;
41.039759;0.630472;26;0;0;170;1359;24.88;148.25;;;
41.039587;0.630402;26;0;0;170;1359;24.9;148.23;;;
41.039416;0.63033;26;0;0;170;1359;24.92;148.21;;;
41.039244;0.63026;26;0;0;170;1359;24.94;148.19;;;
41.03907;0.630197;26;0;0;170;1359;24.96;148.17;;;
41.038897;0.630134;26;0;0;170;1359;24.98;148.15;;;
41.038723;0.630071;26;0;0;170;1359;25;148.13;;;
41.03855;0.630008;26;0;0;170;1359;25.02;148.11;;;
41.038376;0.629945;26;0;0;170;1359;25.04;148.09;;;
41.038212;0.62985;26;0;0;170;1359;25.06;148.07;;;
41.038048;0.62975;26;0;0;170;1359;25.08;148.05;;;
41.037885;0.629651;26;0;0;170;1359;25.1;148.03;;;
41.037721;0.629553;26;0;0;170;1359;25.12;148.01;;;
41.037557;0.629454;26;0;0;170;1359;25.14;147.99;;;
41.037392;0.629358;26;0;0;170;1359;25.16;147.97;;;
41.037227;0.629264;26;0;0;170;1359;25.18;147.95;;;
41.037062;0.629169;26;0;0;170;1359;25.2;147.93;;;
41.036897;0.629076;26;0;0;170;1359;25.22;147.91;;;
41.036731;0.628982;26;0;0;170;1359;25.24;147.89;;;
41.036574;0.628868;26;0;0;170;1359;25.26;147.87;;;
41.036422;0.628747;26;0;0;170;1359;25.28;147.85;;;
41.036276;0.628618;26;0;0;170;1359;25.3;147.83;;;
41.036142;0.628458;26;0;0;170;1359;25.32;147.81;;;
41.036009;0.628299;26;0;0;170;1359;25.34;147.79;;;
41.035879;0.628134;26;0;0;170;1359;25.36;147.77;;;
41.035751;0.627965;26;0;0;170;1359;25.38;147.75;;;
41.035638;0.62778;26;0;0;170;1359;25.4;147.73;;;
41.035526;0.627594;26;0;0;170;1359;25.42;147.71;;;
41.035414;0.627407;26;0;0;170;1359;25.44;147.69;;;
41.035303;0.62722;26;0;0;170;1359;25.46;147.67;;;
41.03519;0.627034;26;0;0;170;1359;25.48;147.65;;;
41.035077;0.626849;26;0;0;170;1359;25.5;147.63;;;
41.034961;0.626666;26;0;0;170;1359;25.52;147.61;;;
41.034845;0.626484;26;0;0;170;1359;25.54;147.59;;;
41.034729;0.626302;25;0;0;170;1359;25.56;147.57;;;
41.034613;0.62612;25;0;0;170;1359;25.58;147.55;;;
41.034497;0.625938;25;0;0;170;1359;25.6;147.53;;;
41.03438;0.625756;25;0;0;170;1359;25.62;147.51;;;
41.034264;0.625574;25;0;0;170;1359;25.64;147.49;;;
41.034148;0.625392;25;0;0;170;1359;25.66;147.47;;;
41.034032;0.62521;25;0;0;170;1359;25.68;147.45;;;
41.033916;0.625028;25;0;0;170;1359;25.7;147.43;;;
41.0338;0.624846;25;0;0;170;1359;25.72;147.41;;;
41.033683;0.624664;25;0;0;170;1359;25.74;147.39;;;
41.033567;0.624482;25;0;0;170;1359;25.76;147.37;;;
41.033451;0.6243;25;0;0;170;1359;25.78;147.35;;;
41.033335;0.624118;25;0;0;170;1359;25.8;147.33;;;
41.033219;0.623936;25;0;0;170;1359;25.82;147.31;;;
41.033103;0.623753;25;0;0;170;1359;25.84;147.29;;;
41.032987;0.623571;25;0;0;170;1359;25.86;147.27;;;
41.03287;0.623389;25;0;0;170;1359;25.88;147.25;;;
41.032754;0.623208;25;0;0;170;1359;25.9;147.23;;;
41.032661;0.623004;25;0;0;170;1359;25.92;147.21;;;
41.032575;0.622795;25;0;0;170;1359;25.94;147.19;;;
41.032492;0.622584;25;0;0;170;1359;25.96;147.17;;;
41.032429;0.62236;25;0;0;170;1359;25.98;147.15;;;
41.032378;0.622132;25;0;0;170;1359;26;147.13;;;
41.032336;0.621901;25;0;0;170;1359;26.02;147.11;;;
41.032314;0.621664;25;0;0;170;1359;26.04;147.09;;;
41.032292;0.621427;25;0;0;170;1359;26.06;147.07;;;
41.032269;0.621191;25;0;0;170;1359;26.08;147.05;;;
41.032247;0.620954;26;0;0;170;1359;26.1;147.03;;;
41.032226;0.620717;26;0;0;170;1359;26.12;147.01;;;
41.032204;0.620481;26;0;0;170;1359;26.14;146.99;;;
41.032182;0.620244;25;0;0;170;1359;26.16;146.97;;;
41.03216;0.620008;25;0;0;170;1359;26.18;146.95;;;
41.032138;0.619771;25;0;0;170;1359;26.2;146.93;;;
41.032116;0.619534;25;0;0;170;1359;26.22;146.91;;;
41.032093;0.619298;25;0;0;170;1359;26.24;146.89;;;
41.032071;0.619061;25;0;0;170;1359;26.26;146.87;;;
41.03205;0.618824;25;0;0;170;1359;26.28;146.85;;;
41.032028;0.618588;25;0;0;170;1359;26.3;146.83;;;
41.032008;0.618351;25;0;0;170;1359;26.32;146.81;;;
41.032002;0.618112;25;0;0;170;1359;26.34;146.79;;;
41.032001;0.617874;25;0;0;170;1359;26.36;146.77;;;
41.032006;0.617636;25;0;0;170;1359;26.38;146.75;;;
41.032021;0.617398;25;0;0;170;1359;26.4;146.73;;;
41.032045;0.617162;25;0;0;170;1359;26.42;146.71;;;
41.032069;0.616926;25;0;0;170;1359;26.44;146.69;;;
41.032093;0.61669;25;0;0;170;1359;26.46;146.67;;;
41.032118;0.616453;25;0;0;170;1359;26.48;146.65;;;
41.032142;0.616217;25;0;0;170;1359;26.5;146.63;;;
41.032166;0.615981;25;0;0;170;1359;26.52;146.61;;;
41.032181;0.615744;25;0;0;170;1359;26.54;146.59;;;
41.032185;0.615505;25;0;0;170;1359;26.56;146.57;;;
41.032183;0.615267;25;0;0;170;1359;26.58;146.55;;;
41.032157;0.615031;25;0;0;170;1359;26.6;146.53;;;
41.032131;0.614796;25;0;0;170;1359;26.62;146.51;;;
41.032095;0.614562;25;0;0;170;1359;26.64;146.49;;;
41.032052;0.614331;25;0;0;170;1359;26.66;146.47;;;
41.032008;0.614099;25;0;0;170;1359;26.68;146.45;;;
41.031965;0.613868;25;0;0;170;1359;26.7;146.43;;;
41.031921;0.613637;25;0;0;170;1359;26.72;146.41;;;
41.031895;0.613401;25;0;0;170;1359;26.74;146.39;;;
41.03187;0.613165;25;0;0;170;1359;26.76;146.37;;;
41.031844;0.612929;25;0;0;170;1359;26.78;146.35;;;
41.031844;0.612691;25;0;0;170;1359;26.8;146.33;;;
41.031851;0.612453;26;0;0;171;1358;26.82;146.31;;;
41.031858;0.612215;26;0;0;171;1358;26.84;146.29;;;
41.031865;0.611976;26;0;1;171;1358;26.86;146.27;;;
41.031872;0.611738;26;0;1;171;1358;26.88;146.25;;;
41.031879;0.6115;26;0;1;171;1358;26.9;146.23;;;
41.031858;0.611263;26;0;0;171;1358;26.92;146.21;;;
41.031837;0.611026;26;0;0;171;1358;26.94;146.19;;;
41.031813;0.61079;26;0;0;171;1358;26.96;146.17;;;
41.031766;0.61056;26;0;0;171;1358;26.98;146.15;;;
41.031719;0.61033;26;0;0;171;1358;27;146.13;;;
41.031671;0.6101;27;0;1;172;1357;27.02;146.11;;;
41.031623;0.60987;27;0;1;172;1357;27.04;146.09;;;
41.031576;0.60964;27;0;1;172;1357;27.06;146.07;;;
41.031529;0.60941;27;0;1;172;1357;27.08;146.05;;;
41.031481;0.60918;27;0;1;172;1357;27.1;146.03;;;
41.031434;0.60895;27;0;1;172;1357;27.12;146.01;;;
41.031386;0.60872;27;0;1;172;1357;27.14;145.99;;;
41.031339;0.60849;27;0;1;172;1357;27.16;145.97;;;
41.031292;0.60826;28;0;1;173;1356;27.18;145.95;;;
41.031247;0.608029;28;0;1;173;1356;27.2;145.93;;;
41.031204;0.607798;28;0;1;173;1356;27.22;145.91;;;
41.031161;0.607566;28;0;1;173;1356;27.24;145.89;;;
41.031118;0.607335;28;0;1;173;1356;27.26;145.87;;;
41.031085;0.6071;28;0;1;173;1356;27.28;145.85;;;
41.031054;0.606865;28;0;1;173;1356;27.3;145.83;;;
41.031024;0.60663;29;0;1;174;1355;27.32;145.81;;;
41.030994;0.606395;29;0;1;174;1355;27.34;145.79;;;
41.030963;0.60616;29;0;1;174;1355;27.36;145.77;;;
41.030923;0.605928;29;0;1;174;1355;27.38;145.75;;;
41.030872;0.6057;29;0;1;174;1355;27.4;145.73;;;
41.030805;0.605479;29;0;1;174;1355;27.42;145.71;;;
41.030709;0.605278;29;0;1;174;1355;27.44;145.69;;;
41.030609;0.605079;30;0;1;175;1354;27.46;145.67;;;
41.030498;0.604893;30;0;1;175;1354;27.48;145.65;;;
41.030367;0.604728;30;0;1;175;1354;27.5;145.63;;;
41.030229;0.604578;30;0;1;175;1354;27.52;145.61;;;
41.030075;0.604454;31;0;1;176;1353;27.54;145.59;;;
41.029919;0.604337;31;0;1;176;1353;27.56;145.57;;;
41.029752;0.604247;31;0;1;176;1353;27.58;145.55;;;
41.029578;0.604189;31;0;1;176;1353;27.6;145.53;;;
41.029404;0.604131;31;0;1;176;1353;27.62;145.51;;;
41.029248;0.604111;32;0;1;177;1352;27.64;145.49;;;
41.029069;0.604086;32;0;1;177;1352;27.66;145.47;;;
41.02889;0.60406;32;0;1;177;1352;27.68;145.45;;;
41.028711;0.604036;32;0;1;177;1352;27.7;145.43;;;
41.028532;0.604012;32;0;1;177;1352;27.72;145.41;;;
41.028354;0.603987;32;0;1;177;1352;27.74;145.39;;;
41.028174;0.603969;32;0;1;177;1352;27.76;145.37;;;
41.027995;0.603951;33;0;1;178;1351;27.78;145.35;;;
41.027816;0.603932;33;0;1;178;1351;27.8;145.33;;;
41.027636;0.603913;33;0;0;178;1351;27.82;145.31;;;
41.027457;0.603901;33;0;0;178;1351;27.84;145.29;;;
41.027277;0.603907;33;0;0;178;1351;27.86;145.27;;;
41.027098;0.603923;33;0;0;178;1351;27.88;145.25;;;
41.026919;0.603946;33;0;0;178;1351;27.9;145.23;;;
41.02674;0.603969;33;0;0;178;1351;27.92;145.21;;;
41.026562;0.604003;33;0;0;178;1351;27.94;145.19;;;
41.026385;0.604047;33;0;0;178;1351;27.96;145.17;;;
41.026208;0.604092;33;0;1;178;1351;27.98;145.15;;;
41.026032;0.604135;34;0;1;179;1350;28;145.13;;;
41.025855;0.604179;34;0;1;179;1350;28.02;145.11;;;
41.025678;0.604223;34;0;1;179;1350;28.04;145.09;;;
41.025501;0.604267;34;0;1;179;1350;28.06;145.07;;;
41.025324;0.604311;34;0;1;179;1350;28.08;145.05;;;
41.025148;0.604355;34;0;1;179;1350;28.1;145.03;;;
41.024971;0.604399;34;0;1;179;1350;28.12;145.01;;;
41.024794;0.604443;34;0;1;179;1350;28.14;144.99;;;
41.024617;0.604487;35;0;1;180;1349;28.16;144.97;;;
41.024441;0.604532;35;0;1;180;1349;28.18;144.95;;;
41.024264;0.604575;35;0;1;180;1349;28.2;144.93;;;
41.024088;0.604625;35;0;2;180;1349;28.22;144.91;;;
41.023914;0.604686;36;0;2;181;1348;28.24;144.89;;;
41.023743;0.604758;36;0;2;181;1348;28.26;144.87;;;
41.023578;0.604852;37;0;2;182;1347;28.28;144.85;;;
41.023418;0.604961;37;0;2;182;1347;28.3;144.83;;;
41.023261;0.605076;37;0;2;182;1347;28.32;144.81;;;
41.023115;0.605215;38;0;2;183;1346;28.34;144.79;;;
41.02298;0.605372;38;0;2;183;1346;28.36;144.77;;;
41.022856;0.605545;38;0;2;183;1346;28.38;144.75;;;
41.022738;0.605724;39;0;2;184;1345;28.4;144.73;;;
41.022621;0.605905;39;0;2;184;1345;28.42;144.71;;;
41.022516;0.606099;40;0;2;185;1344;28.44;144.69;;;
41.022411;0.606292;40;0;2;185;1344;28.46;144.67;;;
41.022304;0.606484;41;0;2;186;1343;28.48;144.65;;;
41.022197;0.606675;41;0;2;186;1343;28.5;144.63;;;
41.022088;0.606865;41;0;2;186;1343;28.52;144.61;;;
41.021969;0.607044;42;0;2;187;1342;28.54;144.59;;;
41.021837;0.607205;42;0;2;187;1342;28.56;144.57;;;
41.021703;0.607365;43;0;2;188;1341;28.58;144.55;;;
41.02156;0.607508;44;0;2;188;1341;28.6;144.53;;;
41.021408;0.607636;44;0;2;189;1340;28.62;144.51;;;
41.02125;0.60775;44;0;2;189;1340;28.64;144.49;;;
41.021093;0.607865;45;0;2;190;1339;28.66;144.47;;;
41.020927;0.607958;45;0;2;190;1339;28.68;144.45;;;
41.020757;0.608035;46;0;2;191;1338;28.7;144.43;;;
41.020585;0.608103;46;0;3;191;1338;28.72;144.41;;;
41.020408;0.608149;47;0;3;192;1337;28.74;144.39;;;
41.020231;0.608187;47;0;3;192;1337;28.76;144.37;;;
41.020052;0.608209;48;0;3;193;1336;28.78;144.35;;;
41.019872;0.608213;48;0;3;193;1336;28.8;144.33;;;
41.019692;0.608216;49;0;3;194;1335;28.82;144.31;;;
41.019512;0.60822;50;0;4;195;1334;28.84;144.29;;;
41.019333;0.608224;50;0;4;195;1334;28.86;144.27;;;
41.019153;0.608227;51;0;4;196;1333;28.88;144.25;;;
41.018973;0.608239;52;0;4;197;1332;28.9;144.23;;;
41.018795;0.60827;53;0;4;198;1331;28.92;144.21;;;
41.01862;0.608321;54;0;4;198;1331;28.94;144.19;;;
41.018444;0.608372;54;0;4;199;1330;28.96;144.17;;;
41.018276;0.608456;55;0;4;200;1329;28.98;144.15;;;
41.018113;0.608555;56;0;4;201;1328;29;144.13;;;
41.017958;0.608677;56;0;4;201;1328;29.02;144.11;;;
41.017807;0.608805;57;0;4;202;1327;29.04;144.09;;;
41.017668;0.608957;58;0;4;203;1326;29.06;144.07;;;
41.017532;0.609112;59;0;4;204;1325;29.08;144.05;;;
41.017405;0.609281;60;0;4;205;1324;29.1;144.03;;;
41.017294;0.609468;61;0;4;206;1323;29.12;144.01;;;
41.017184;0.609657;62;0;4;207;1322;29.14;143.99;;;
41.017073;0.609844;63;0;4;208;1321;29.16;143.97;;;
41.016961;0.610031;64;0;4;209;1320;29.18;143.95;;;
41.016844;0.610212;65;0;4;209;1320;29.2;143.93;;;
41.016726;0.610392;65;0;4;210;1319;29.22;143.91;;;
41.016597;0.610557;66;0;4;211;1318;29.24;143.89;;;
41.016458;0.610708;67;0;5;212;1317;29.26;143.87;;;
41.016307;0.610838;68;0;5;213;1316;29.28;143.85;;;
41.016151;0.610955;69;0;5;214;1315;29.3;143.83;;;
41.015988;0.611057;70;0;5;215;1314;29.32;143.81;;;
41.015825;0.611155;71;0;6;216;1313;29.34;143.79;;;
41.015652;0.611223;72;0;6;217;1312;29.36;143.77;;;
41.015476;0.611269;74;0;6;218;1311;29.38;143.75;;;
41.015297;0.611291;75;0;6;220;1309;29.4;143.73;;;
41.015117;0.611307;76;0;6;221;1308;29.42;143.71;;;
41.014938;0.611295;77;0;6;222;1307;29.44;143.69;;;
41.01476;0.611266;78;0;7;223;1306;29.46;143.67;;;
41.014583;0.611224;80;0;6;225;1304;29.48;143.65;;;
41.01441;0.611161;81;0;6;226;1303;29.5;143.63;;;
41.014241;0.611079;83;0;6;228;1301;29.52;143.61;;;
41.014078;0.610979;84;0;6;229;1300;29.54;143.59;;;
41.013921;0.610864;85;0;6;230;1299;29.56;143.57;;;
41.013763;0.610748;86;0;6;231;1298;29.58;143.55;;;
41.013606;0.610633;87;0;5;232;1297;29.6;143.53;;;
41.013448;0.610518;88;0;5;233;1296;29.62;143.51;;;
41.013291;0.610403;90;0;5;235;1294;29.64;143.49;;;
41.013135;0.610284;91;0;5;236;1293;29.66;143.47;;;
41.012979;0.610165;92;0;5;236;1293;29.68;143.45;;;
41.012823;0.610046;92;0;5;237;1292;29.7;143.43;;;
41.012667;0.609928;93;0;5;238;1291;29.72;143.41;;;
41.012511;0.609809;94;0;5;239;1290;29.74;143.39;;;
41.012355;0.609691;95;0;5;240;1289;29.76;143.37;;;
41.012199;0.609572;96;0;5;241;1288;29.78;143.35;;;
41.012043;0.609454;97;0;5;242;1287;29.8;143.33;;;
41.011887;0.609335;98;0;5;243;1286;29.82;143.31;;;
41.011731;0.609216;99;0;5;244;1285;29.84;143.29;;;
41.011575;0.609098;100;0;5;245;1284;29.86;143.27;;;
41.011419;0.608979;101;0;5;246;1283;29.88;143.25;;;
41.011263;0.608861;102;0;5;247;1282;29.9;143.23;;;
41.011107;0.608742;103;0;5;248;1281;29.92;143.21;;;
41.010951;0.608623;104;0;5;249;1280;29.94;143.19;;;
41.010795;0.608505;105;0;5;250;1279;29.96;143.17;;;
41.010639;0.608386;106;0;5;251;1278;29.98;143.15;;;
41.010483;0.608268;107;0;5;252;1277;30;143.13;;;
41.010327;0.608149;108;0;5;253;1276;30.02;143.11;;;
41.010171;0.608031;109;0;5;254;1275;30.04;143.09;;;
41.010014;0.607912;110;0;5;255;1274;30.06;143.07;;;
41.009858;0.607793;111;0;5;256;1273;30.08;143.05;;;
41.009702;0.607675;112;0;5;257;1272;30.1;143.03;;;
41.009546;0.607556;113;0;5;258;1271;30.12;143.01;;;
41.00939;0.607438;114;0;5;259;1270;30.14;142.99;;;
41.009234;0.607319;115;0;5;260;1269;30.16;142.97;;;
41.009078;0.607201;116;0;5;261;1268;30.18;142.95;;;
41.008922;0.607082;117;0;5;262;1267;30.2;142.93;;;
41.008767;0.606961;118;0;5;263;1266;30.22;142.91;;;
41.008617;0.60683;119;0;6;264;1265;30.24;142.89;;;
41.008467;0.606699;120;0;6;265;1264;30.26;142.87;;;
41.00832;0.606562;121;0;6;266;1263;30.28;142.85;;;
41.008174;0.606422;123;0;6;268;1261;30.3;142.83;;;
41.008037;0.606269;124;0;6;269;1260;30.32;142.81;;;
41.007911;0.606099;125;0;6;270;1259;30.34;142.79;;;
41.007772;0.605948;126;0;6;271;1258;30.36;142.77;;;
41.00763;0.605802;127;0;5;272;1257;30.38;142.75;;;
41.007479;0.605675;128;0;5;273;1256;30.4;142.73;13;;
41.00732;0.605563;129;0;6;274;1255;30.42;142.71;;;
41.007161;0.605451;130;0;5;275;1254;30.44;142.69;;;
41.007002;0.605338;131;0;5;276;1253;30.46;142.67;;;
41.006855;0.605205;133;0;5;278;1251;30.48;142.65;;;
41.006697;0.605092;134;0;5;279;1250;30.5;142.63;;;
41.006538;0.60498;135;0;5;280;1249;30.52;142.61;;;
41.006379;0.604868;136;0;5;281;1248;30.54;142.59;;;
41.00622;0.604756;136;0;4;281;1248;30.56;142.57;;;
41.006061;0.604645;137;0;4;282;1247;30.58;142.55;;;
41.005904;0.60453;138;0;4;283;1246;30.6;142.53;;;
41.005751;0.604404;139;0;4;284;1245;30.62;142.51;;;
41.005612;0.604254;140;0;4;285;1244;30.64;142.49;;;
41.005496;0.604072;141;0;4;286;1243;30.66;142.47;;;
41.005404;0.603867;141;0;4;286;1243;30.68;142.45;;;
41.005313;0.603662;142;0;4;287;1242;30.7;142.43;;;
41.005224;0.603454;143;0;3;288;1241;30.72;142.41;;;
41.005144;0.603241;143;0;3;288;1241;30.74;142.39;;;
41.005084;0.603016;144;0;3;289;1240;30.76;142.37;;;
41.005012;0.602803;144;0;3;289;1240;30.78;142.35;;;
41.004876;0.602651;145;0;3;290;1239;30.8;142.33;14;;
41.004702;0.602635;146;0;2;291;1238;30.82;142.31;;;
41.004526;0.60268;146;0;2;291;1238;30.84;142.29;;;
41.004355;0.602754;146;0;2;291;1238;30.86;142.27;;;
41.004184;0.602827;147;0;2;292;1237;30.88;142.25;;;
41.004013;0.6029;147;0;2;292;1237;30.9;142.23;;;
41.003842;0.602974;147;0;1;292;1237;30.92;142.21;;;
41.003682;0.603083;148;0;1;293;1236;30.94;142.19;;;
41.003521;0.603191;148;0;1;293;1236;30.96;142.17;;;
41.00337;0.60332;148;0;1;293;1236;30.98;142.15;;;
41.00322;0.60345;148;0;1;293;1236;31;142.13;;;
41.003075;0.603593;149;0;1;294;1235;31.02;142.11;;;
41.00294;0.603748;149;0;0;294;1235;31.04;142.09;;;
41.002817;0.603922;149;0;0;294;1235;31.06;142.07;;;
41.002705;0.604107;149;0;0;294;1235;31.08;142.05;;;
41.002599;0.6043;149;0;0;294;1235;31.1;142.03;;;
41.002504;0.604502;149;0;-1;294;1235;31.12;142.01;;;
41.002424;0.604715;148;0;-1;294;1235;31.14;141.99;;;
41.002348;0.604931;148;0;-1;294;1235;31.16;141.97;;;
41.002283;0.605153;148;0;-2;294;1235;31.18;141.95;;;
41.002223;0.605377;148;0;-2;294;1235;31.2;141.93;;;
41.002189;0.605612;147;0;-2;294;1235;31.22;141.91;;;
41.002157;0.605846;147;0;-2;294;1235;31.24;141.89;;;
41.002142;0.606083;146;0;-2;294;1235;31.26;141.87;;;
41.002139;0.606321;146;0;-2;294;1235;31.28;141.85;;;
41.002148;0.606559;145;0;-2;294;1235;31.3;141.83;;;
41.002167;0.606796;145;0;-3;294;1235;31.32;141.81;;;
41.002186;0.607033;144;0;-3;294;1235;31.34;141.79;;;
41.002216;0.607268;144;0;-3;294;1235;31.36;141.77;;;
41.002249;0.607502;143;0;-3;294;1235;31.38;141.75;;;
41.00228;0.607737;142;0;-3;294;1235;31.4;141.73;;;
41.002311;0.607972;142;0;-3;294;1235;31.42;141.71;;;
41.002334;0.608208;141;0;-3;294;1235;31.44;141.69;;;
41.002347;0.608446;140;0;-3;294;1235;31.46;141.67;;;
41.002359;0.608683;140;0;-3;294;1235;31.48;141.65;;;
41.002351;0.608921;139;0;-3;294;1235;31.5;141.63;;;
41.002336;0.609159;139;0;-3;294;1235;31.52;141.61;;;
41.00232;0.609396;138;0;-3;294;1235;31.54;141.59;;;
41.002304;0.609634;137;0;-3;294;1235;31.56;141.57;;;
41.002288;0.609871;137;0;-3;294;1235;31.58;141.55;;;
41.002272;0.610109;136;0;-3;294;1235;31.6;141.53;;;
41.002256;0.610346;135;0;-3;294;1235;31.62;141.51;;;
41.002241;0.610583;135;0;-3;294;1235;31.64;141.49;;;
41.002225;0.610821;134;0;-3;294;1235;31.66;141.47;;;
41.002209;0.611058;134;0;-3;294;1235;31.68;141.45;;;
41.002188;0.611295;133;0;-3;294;1235;31.7;141.43;;;
41.002162;0.611531;132;0;-3;294;1235;31.72;141.41;;;
41.002135;0.611766;131;0;-3;294;1235;31.74;141.39;;;
41.002099;0.612;131;0;-3;294;1235;31.76;141.37;;;
41.002064;0.612233;130;0;-3;294;1235;31.78;141.35;;;
41.002028;0.612467;130;0;-3;294;1235;31.8;141.33;;;
41.001981;0.612697;129;0;-3;294;1235;31.82;141.31;;;
41.001929;0.612925;129;0;-3;294;1235;31.84;141.29;;;
41.001876;0.613153;128;0;-3;294;1235;31.86;141.27;;;
41.001813;0.613375;127;0;-3;294;1235;31.88;141.25;;;
41.001743;0.613595;127;0;-3;294;1235;31.9;141.23;;;
41.001673;0.613815;126;0;-3;294;1235;31.92;141.21;;;
41.001596;0.61403;126;0;-3;294;1235;31.94;141.19;;;
41.001515;0.614243;125;0;-3;294;1235;31.96;141.17;;;
41.001434;0.614456;124;0;-3;294;1235;31.98;141.15;;;
41.001338;0.614657;124;0;-2;294;1235;32;141.13;;;
41.001142;0.615057;123;0;-2;294;1235;32.04;141.09;;;
41.001044;0.615257;123;0;-2;294;1235;32.06;141.07;;;
41.000936;0.615446;122;0;-2;294;1235;32.08;141.05;;;
41.000821;0.615629;122;0;-2;294;1235;32.1;141.03;;;
41.000591;0.615996;121;0;-2;294;1235;32.14;140.99;;;
41.000346;0.616345;120;0;-2;294;1235;32.18;140.95;;;
41.00008;0.616666;119;0;-2;294;1235;32.22;140.91;;;
40.999947;0.616826;119;0;-1;294;1235;32.24;140.89;;;
40.999808;0.616976;119;0;-1;294;1235;32.26;140.87;;;
40.999661;0.617113;119;0;-1;294;1235;32.28;140.85;;;
40.999366;0.617387;118;0;-1;294;1235;32.32;140.81;;;
40.99907;0.617657;118;0;-1;294;1235;32.36;140.77;;;
40.99877;0.617921;118;0;-1;294;1235;32.4;140.73;;;
40.99862;0.618052;118;0;-1;294;1235;32.42;140.71;;;
40.99847;0.618184;117;0;0;294;1235;32.44;140.69;;;
40.998321;0.618316;117;0;0;294;1235;32.46;140.67;;;
40.998021;0.618579;117;0;0;294;1235;32.5;140.63;;;
40.997721;0.618842;117;0;0;294;1235;32.54;140.59;;;
40.997571;0.618974;118;0;1;294;1235;32.56;140.57;;;
40.997421;0.619105;118;0;1;294;1235;32.58;140.55;;;
40.997271;0.619237;118;0;1;294;1235;32.6;140.53;;;
40.996971;0.619501;118;0;1;295;1234;32.64;140.49;;;
40.996672;0.619765;119;0;2;295;1234;32.68;140.45;;;
40.996373;0.620031;119;0;2;296;1233;32.72;140.41;;;
40.996224;0.620164;120;0;2;296;1233;32.74;140.39;;;
40.996075;0.620296;120;0;2;297;1232;32.76;140.37;;;
40.995926;0.62043;121;0;2;297;1232;32.78;140.35;;;
40.995627;0.620696;122;0;3;298;1231;32.82;140.31;;;
40.995328;0.62096;123;0;3;299;1230;32.86;140.27;;;
40.995028;0.621223;124;0;4;301;1228;32.9;140.23;;;
40.994878;0.621355;125;0;4;302;1227;32.92;140.21;;;
40.994728;0.621487;126;0;4;302;1227;32.94;140.19;;;
40.994577;0.621616;127;0;4;303;1226;32.96;140.17;;;
40.994259;0.621839;129;0;4;305;1224;33;140.13;;;
40.993922;0.621997;130;0;4;306;1223;33.04;140.09;;;
40.993748;0.622058;131;0;4;307;1222;33.06;140.07;;;
40.993574;0.622117;132;0;4;308;1221;33.08;140.05;;;
40.993396;0.622152;133;0;4;309;1220;33.1;140.03;;;
40.99304;0.622219;134;0;5;311;1218;33.14;139.99;;;
40.992683;0.622286;136;0;5;313;1216;33.18;139.95;;;
40.992334;0.622401;139;0;5;315;1214;33.22;139.91;;;
40.992165;0.622482;140;0;5;316;1213;33.24;139.89;;;
40.992;0.622576;140;0;4;317;1212;33.26;139.87;;;
40.99184;0.622684;141;0;4;318;1211;33.28;139.85;;;
40.99154;0.622947;143;0;4;319;1210;33.32;139.81;;;
40.991258;0.62324;144;0;3;320;1209;33.36;139.77;;;
40.990991;0.62356;145;0;3;322;1207;33.4;139.73;;;
40.990858;0.623719;146;0;3;322;1207;33.42;139.71;;;
40.990723;0.623877;147;0;3;323;1206;33.44;139.69;;;
40.990584;0.624028;147;0;3;324;1205;33.46;139.67;;;
40.990282;0.624287;149;0;4;325;1204;33.5;139.63;;;
40.989966;0.624511;150;0;4;326;1203;33.54;139.59;;;
40.989798;0.624596;151;0;4;327;1202;33.56;139.57;;;
40.989628;0.624676;152;0;3;328;1201;33.58;139.55;;;
40.989455;0.624738;152;0;3;329;1200;33.6;139.53;;;
40.989105;0.624848;154;0;3;330;1199;33.64;139.49;;;
40.988755;0.624958;154;0;2;331;1198;33.68;139.45;;;
40.988413;0.625101;155;0;2;332;1197;33.72;139.41;;;
40.988249;0.6252;156;0;2;332;1197;33.74;139.39;;;
40.988089;0.625308;156;0;2;332;1197;33.76;139.37;;;
40.987936;0.625433;156;0;2;333;1196;33.78;139.35;;;
40.987643;0.625709;157;0;2;333;1196;33.82;139.31;;;
40.987353;0.625991;157;0;1;334;1195;33.86;139.27;;;
40.987062;0.626272;158;0;1;334;1195;33.9;139.23;;;
40.986917;0.626413;158;0;1;335;1194;33.92;139.21;;;
40.986773;0.626554;158;0;1;335;1194;33.94;139.19;;;
40.986627;0.626695;158;0;1;335;1194;33.96;139.17;;;
40.986337;0.626977;159;0;1;335;1194;34;139.13;;;
40.986048;0.627259;159;0;0;335;1194;34.04;139.09;;;
40.985903;0.6274;159;0;0;335;1194;34.06;139.07;;;
40.985757;0.62754;159;0;0;335;1194;34.08;139.05;;;
40.985612;0.627682;159;0;0;335;1194;34.1;139.03;;;
40.985322;0.627963;159;0;0;336;1193;34.14;138.99;;;
40.985032;0.628244;159;0;0;336;1193;34.18;138.95;;;
40.984742;0.628527;159;0;0;336;1193;34.22;138.91;;;
40.984597;0.628668;159;0;0;336;1193;34.24;138.89;;;
40.984452;0.628808;159;0;-1;336;1193;34.26;138.87;;;
40.984306;0.628949;159;0;-1;336;1193;34.28;138.85;;;
40.984017;0.629232;158;0;-1;336;1193;34.32;138.81;;;
40.983727;0.629513;158;0;-1;336;1193;34.36;138.77;;;
40.983442;0.629805;157;0;-2;336;1193;34.4;138.73;;;
40.983301;0.629952;157;0;-2;336;1193;34.42;138.71;;;
40.983159;0.630098;157;0;-2;336;1193;34.44;138.69;;;
40.983017;0.630245;156;0;-2;336;1193;34.46;138.67;;;
40.982734;0.630539;156;0;-2;336;1193;34.5;138.63;;;
40.982451;0.630833;155;0;-2;336;1193;34.54;138.59;;;
40.982309;0.63098;155;0;-2;336;1193;34.56;138.57;;;
40.982168;0.631127;154;0;-2;336;1193;34.58;138.55;;;
40.982026;0.631273;154;0;-2;336;1193;34.6;138.53;;;
40.981743;0.631567;153;0;-2;336;1193;34.64;138.49;;;
40.981458;0.631859;152;0;-2;336;1193;34.68;138.45;;;
40.981169;0.632142;151;0;-2;336;1193;34.72;138.41;;;
40.981024;0.632283;151;0;-2;336;1193;34.74;138.39;;;
40.980879;0.632425;151;0;-2;336;1193;34.76;138.37;;;
40.980735;0.632566;151;0;-2;336;1193;34.78;138.35;;;
40.980444;0.632847;150;0;-2;336;1193;34.82;138.31;;;
40.980153;0.633127;149;0;-2;336;1193;34.86;138.27;;;
40.979861;0.633406;148;0;-2;336;1193;34.9;138.23;;;
40.979717;0.633549;148;0;-2;336;1193;34.92;138.21;;;
40.979573;0.633692;147;0;-2;336;1193;34.94;138.19;;;
40.979429;0.633834;147;0;-2;336;1193;34.96;138.17;;;
40.97914;0.634118;146;0;-2;336;1193;35;138.13;;;
40.978862;0.634421;145;0;-2;336;1193;35.04;138.09;;;
40.978723;0.634572;145;0;-2;336;1193;35.06;138.07;;;
40.978589;0.63473;145;0;-2;336;1193;35.08;138.05;;;
40.978456;0.63489;144;0;-2;336;1193;35.1;138.03;;;
40.978184;0.635202;144;0;-2;336;1193;35.14;137.99;;;
40.977906;0.635504;143;0;-2;336;1193;35.18;137.95;;;
40.977624;0.6358;142;0;-2;336;1193;35.22;137.91;;;
40.977475;0.635933;142;0;-2;336;1193;35.24;137.89;;;
40.977321;0.636055;141;0;-2;336;1193;35.26;137.87;;;
40.97716;0.636163;141;0;-2;336;1193;35.28;137.85;;;
40.976838;0.636373;140;0;-1;336;1193;35.32;137.81;;;
40.976497;0.636525;140;0;-1;336;1193;35.36;137.77;;;
40.976156;0.636676;139;0;-1;336;1193;35.4;137.73;;;
40.975984;0.636748;139;0;-1;336;1193;35.42;137.71;;;
40.975812;0.636816;139;0;-1;336;1193;35.44;137.69;;;
40.975639;0.636884;139;0;-1;336;1193;35.46;137.67;;;
40.975294;0.637018;138;0;-1;336;1193;35.5;137.63;;;
40.974949;0.637153;138;0;0;336;1193;35.54;137.59;;;
40.974777;0.63722;138;0;0;336;1193;35.56;137.57;;;
40.974604;0.637286;138;0;0;336;1193;35.58;137.55;;;
40.974431;0.637353;138;0;0;336;1193;35.6;137.53;;;
40.974086;0.637485;138;0;0;336;1193;35.64;137.49;;;
40.973733;0.637578;138;0;0;336;1193;35.68;137.45;;;
40.973374;0.637599;138;0;1;336;1193;35.72;137.41;;;
40.973194;0.637604;138;0;1;336;1193;35.74;137.39;;;
40.973014;0.637609;138;0;1;336;1193;35.76;137.37;;;
40.972835;0.637599;139;0;1;336;1193;35.78;137.35;;;
40.972475;0.637574;139;0;1;337;1192;35.82;137.31;;;
40.972116;0.637551;140;0;2;337;1192;35.86;137.27;;;
40.971757;0.637539;140;0;2;338;1191;35.9;137.23;;;
40.971579;0.637571;141;0;2;339;1190;35.92;137.21;;;
40.971402;0.637612;141;0;2;339;1190;35.94;137.19;;;
40.97123;0.637678;142;0;2;339;1190;35.96;137.17;;;
40.970892;0.637844;142;0;2;340;1189;36;137.13;;;
40.970559;0.638021;143;0;2;341;1188;36.04;137.09;;;
40.970393;0.638114;144;0;2;341;1188;36.06;137.07;;;
40.970227;0.638206;144;0;2;342;1187;36.08;137.05;;;
40.970061;0.638298;145;0;3;342;1187;36.1;137.03;;;
40.96973;0.638483;146;0;3;343;1186;36.14;136.99;;;
40.969388;0.638632;147;0;3;345;1184;36.18;136.95;;;
40.969039;0.638735;148;0;3;346;1183;36.22;136.91;;;
40.96886;0.638758;149;0;3;346;1183;36.24;136.89;;;
40.96868;0.638781;149;0;3;347;1182;36.26;136.87;;;
40.968501;0.638783;150;0;3;348;1181;36.28;136.85;;;
40.968142;0.638766;151;0;3;349;1180;36.32;136.81;;;
40.967782;0.638748;152;0;3;350;1179;36.36;136.77;;;
40.967423;0.638731;154;0;3;351;1178;36.4;136.73;;;
40.967243;0.638723;154;0;3;352;1177;36.42;136.71;;;
40.967063;0.638714;155;0;3;353;1176;36.44;136.69;;;
40.966883;0.638705;155;0;3;353;1176;36.46;136.67;;;
40.966524;0.638687;157;0;3;354;1175;36.5;136.63;;;
40.966164;0.63867;158;0;3;356;1173;36.54;136.59;;;
40.965985;0.638662;159;0;3;356;1173;36.56;136.57;;;
40.965805;0.638653;159;0;3;357;1172;36.58;136.55;;;
40.965625;0.638644;160;0;3;358;1171;36.6;136.53;;;
40.965266;0.638627;161;0;3;359;1170;36.64;136.49;;;
40.964906;0.63861;162;0;3;360;1169;36.68;136.45;;;
40.964547;0.638593;164;0;3;361;1168;36.72;136.41;;;
40.964367;0.638584;164;0;3;362;1167;36.74;136.39;;;
40.964187;0.638576;165;0;3;363;1166;36.76;136.37;;;
40.964007;0.638567;165;0;3;363;1166;36.78;136.35;;;
40.963648;0.63855;167;0;3;364;1165;36.82;136.31;;;
40.963288;0.638532;168;0;3;366;1163;36.86;136.27;;;
40.962929;0.638515;169;0;3;367;1162;36.9;136.23;;;
40.962749;0.638507;170;0;3;367;1162;36.92;136.21;;;
40.962569;0.638498;170;0;3;368;1161;36.94;136.19;;;
40.96239;0.638489;171;0;3;369;1160;36.96;136.17;;;
40.96203;0.638472;172;0;3;370;1159;37;136.13;;;
40.961671;0.638455;173;0;3;371;1158;37.04;136.09;;;
40.961491;0.638447;173;0;3;371;1158;37.06;136.07;;;
40.961311;0.638439;174;0;2;372;1157;37.08;136.05;;;
40.961131;0.63843;174;0;2;372;1157;37.1;136.03;;;
40.960772;0.638412;175;0;2;373;1156;37.14;135.99;;;
40.960412;0.638395;176;0;2;374;1155;37.18;135.95;;;
40.960053;0.638378;177;0;2;375;1154;37.22;135.91;;;
40.959873;0.63837;177;0;2;375;1154;37.24;135.89;;;
40.959694;0.638386;178;0;2;376;1153;37.26;135.87;;;
40.959515;0.638411;178;0;2;376;1153;37.28;135.85;;;
40.959163;0.638507;179;0;2;377;1152;37.32;135.81;;;
40.958825;0.638667;180;0;2;378;1151;37.36;135.77;;;
40.958508;0.63889;180;0;1;378;1151;37.4;135.73;;;
40.958356;0.639019;181;0;1;378;1151;37.42;135.71;;;
40.95821;0.639156;181;0;1;379;1150;37.44;135.69;;;
40.958077;0.639317;181;0;1;379;1150;37.46;135.67;;;
40.957811;0.639636;182;0;1;379;1150;37.5;135.63;;;
40.957545;0.639957;182;0;1;380;1149;37.54;135.59;;;
40.957412;0.640117;182;0;1;380;1149;37.56;135.57;;;
40.957279;0.640278;182;0;1;380;1149;37.58;135.55;;;
40.957145;0.640438;182;0;1;380;1149;37.6;135.53;;;
40.95688;0.640758;183;0;1;380;1149;37.64;135.49;;;
40.956614;0.641079;183;0;0;381;1148;37.68;135.45;;;
40.95633;0.64137;183;0;0;381;1148;37.72;135.41;;;
40.95618;0.641502;183;0;0;381;1148;37.74;135.39;;;
40.95603;0.641634;183;0;0;381;1148;37.76;135.37;;;
40.955878;0.641759;183;0;0;381;1148;37.78;135.35;;;
40.955569;0.642004;183;0;0;381;1148;37.82;135.31;;;
40.95526;0.642249;183;0;0;381;1148;37.86;135.27;;;
40.954951;0.642491;183;0;0;381;1148;37.9;135.23;;;
40.95479;0.642599;183;0;0;381;1148;37.92;135.21;;;
40.954632;0.64271;183;0;0;381;1148;37.94;135.19;;;
40.954479;0.642837;183;0;0;381;1148;37.96;135.17;;;
40.954174;0.643089;183;0;0;381;1148;38;135.13;;;
40.953857;0.643315;182;0;0;381;1148;38.04;135.09;;;
40.953698;0.643426;182;0;0;381;1148;38.06;135.07;;;
40.95354;0.643538;182;0;0;381;1148;38.08;135.05;;;
40.953381;0.643649;182;0;0;381;1148;38.1;135.03;;;
40.953056;0.643854;182;0;0;381;1148;38.14;134.99;;;
40.952729;0.644052;182;0;0;381;1148;38.18;134.95;;;
40.952402;0.644251;182;0;0;381;1148;38.22;134.91;;;
40.952238;0.644349;182;0;0;381;1148;38.24;134.89;;;
40.952067;0.644425;182;0;0;381;1148;38.26;134.87;;;
40.951897;0.644499;182;0;0;381;1148;38.28;134.85;;;
40.951543;0.644579;181;0;0;381;1148;38.32;134.81;;;
40.951184;0.644596;181;0;0;381;1148;38.36;134.77;;;
40.950825;0.644592;181;0;0;381;1148;38.4;134.73;;;
40.950645;0.64459;181;0;0;381;1148;38.42;134.71;;;
40.950465;0.644579;181;0;0;381;1148;38.44;134.69;;;
40.950286;0.644562;181;0;0;381;1148;38.46;134.67;;;
40.949927;0.644565;181;0;0;381;1148;38.5;134.63;;;
40.949569;0.644618;181;0;0;381;1148;38.54;134.59;;;
40.949395;0.644674;181;0;0;381;1148;38.56;134.57;;;
40.94922;0.644732;181;0;0;381;1148;38.58;134.55;;;
40.949051;0.64481;181;0;0;381;1148;38.6;134.53;;;
40.948715;0.644983;181;0;0;381;1148;38.64;134.49;;;
40.94838;0.645154;182;0;1;381;1148;38.68;134.45;;;
40.948044;0.645327;182;0;1;382;1147;38.72;134.41;;;
40.947877;0.645413;182;0;1;382;1147;38.74;134.39;;;
40.947709;0.645499;182;0;1;382;1147;38.76;134.37;;;
40.947541;0.645586;182;0;1;382;1147;38.78;134.35;;;
40.947207;0.64576;183;0;1;383;1146;38.82;134.31;;;
40.946875;0.645945;183;0;1;383;1146;38.86;134.27;;;
40.946561;0.646175;184;0;1;383;1146;38.9;134.23;;;
40.946415;0.646314;184;0;1;384;1145;38.92;134.21;;;
40.946284;0.646478;184;0;1;384;1145;38.94;134.19;;;
40.946153;0.646641;185;0;1;384;1145;38.96;134.17;;;
40.945928;0.64701;185;0;2;385;1144;39;134.13;;;
40.945723;0.647401;186;0;2;385;1144;39.04;134.09;;;
40.94562;0.647596;186;0;2;386;1143;39.06;134.07;;;
40.945516;0.64779;186;0;2;386;1143;39.08;134.05;;;
40.945399;0.647971;187;0;2;387;1142;39.1;134.03;;;
40.945156;0.648321;188;0;2;387;1142;39.14;133.99;;;
40.944882;0.64863;188;0;2;388;1141;39.18;133.95;;;
40.944603;0.64893;189;0;2;389;1140;39.22;133.91;;;
40.944467;0.649085;190;0;2;389;1140;39.24;133.89;;;
40.944337;0.649249;190;0;2;390;1139;39.26;133.87;;;
40.94421;0.649419;191;0;2;390;1139;39.28;133.85;;;
40.943958;0.649758;192;0;2;391;1138;39.32;133.81;;;
40.943736;0.650133;192;0;2;392;1137;39.36;133.77;;;
40.943513;0.650506;193;0;2;393;1136;39.4;133.73;;;
40.943402;0.650694;193;0;2;393;1136;39.42;133.71;;;
40.943291;0.650881;194;0;1;393;1136;39.44;133.69;;;
40.943179;0.651068;194;0;1;394;1135;39.46;133.67;;;
40.942944;0.651428;194;0;1;394;1135;39.5;133.63;;;
40.9427;0.651777;195;0;1;395;1134;39.54;133.59;;;
40.942568;0.651939;195;0;1;395;1134;39.56;133.57;;;
40.942432;0.652094;195;0;1;395;1134;39.58;133.55;;;
40.942284;0.65223;196;0;1;395;1134;39.6;133.53;;;
40.941966;0.652452;196;0;1;396;1133;39.64;133.49;;;
40.941624;0.652595;197;0;1;396;1133;39.68;133.45;;;
40.941272;0.652688;197;0;1;397;1132;39.72;133.41;;;
40.941094;0.652725;197;0;1;397;1132;39.74;133.39;;;
40.940917;0.652763;197;0;1;397;1132;39.76;133.37;;;
40.940738;0.652794;197;0;0;397;1132;39.78;133.35;;;
40.94039;0.652909;197;0;1;397;1132;39.82;133.31;;;
40.940063;0.653106;197;0;1;397;1132;39.86;133.27;;;
40.93978;0.653399;198;0;1;397;1132;39.9;133.23;;;
40.939638;0.653545;198;0;1;398;1131;39.92;133.21;;;
40.939496;0.653692;198;0;1;398;1131;39.94;133.19;;;
40.939361;0.653849;198;0;1;398;1131;39.96;133.17;;;
40.939092;0.654164;198;0;0;398;1131;40;133.13;;;
40.938822;0.65448;199;0;0;398;1131;40.04;133.09;;;
40.938665;0.65459;199;0;0;398;1131;40.06;133.07;;;
40.9385;0.654685;199;0;0;398;1131;40.08;133.05;;;
40.938334;0.654779;199;0;0;398;1131;40.1;133.03;;;
40.937995;0.654935;199;0;0;398;1131;40.14;132.99;;;
40.937651;0.655075;199;0;0;399;1130;40.18;132.95;;;
40.937307;0.655215;199;0;0;399;1130;40.22;132.91;;;
40.937136;0.655285;199;0;0;399;1130;40.24;132.89;;;
40.936964;0.655355;199;0;0;399;1130;40.26;132.87;;;
40.936792;0.655425;199;0;0;399;1130;40.28;132.85;;;
40.93645;0.655574;199;0;0;399;1130;40.32;132.81;;;
40.936114;0.655742;199;0;1;399;1130;40.36;132.77;;;
40.935779;0.655918;200;0;1;399;1130;40.4;132.73;;;
40.935613;0.656008;200;0;1;399;1130;40.42;132.71;;;
40.935446;0.656097;200;0;1;399;1130;40.44;132.69;;;
40.935279;0.656186;200;0;1;400;1129;40.46;132.67;;;
40.934946;0.656366;200;0;1;400;1129;40.5;132.63;;;
40.934613;0.656545;200;0;1;400;1129;40.54;132.59;;;
40.934446;0.656634;201;0;1;400;1129;40.56;132.57;;;
40.934279;0.656724;201;0;1;400;1129;40.58;132.55;;;
40.934113;0.656813;201;0;1;401;1128;40.6;132.53;;;
40.933779;0.656992;201;0;1;401;1128;40.64;132.49;;;
40.933446;0.657171;201;0;1;401;1128;40.68;132.45;;;
40.933113;0.65735;202;0;1;401;1128;40.72;132.41;;;
40.932946;0.65744;202;0;1;402;1127;40.74;132.39;;;
40.932779;0.657529;202;0;1;402;1127;40.76;132.37;;;
40.932613;0.657619;202;0;1;402;1127;40.78;132.35;;;
40.932279;0.657798;203;0;1;402;1127;40.82;132.31;;;
40.93194;0.657955;203;0;1;403;1126;40.86;132.27;;;
40.931594;0.658084;204;0;1;403;1126;40.9;132.23;;;
40.931416;0.658116;204;0;1;404;1125;40.92;132.21;;;
40.931238;0.658148;204;0;1;404;1125;40.94;132.19;;;
40.931059;0.658179;205;0;1;404;1125;40.96;132.17;;;
40.930881;0.65821;205;0;1;404;1125;40.98;132.15;;;
40.930703;0.658243;205;0;1;405;1124;41;132.13;;;
40.930525;0.658275;205;0;1;405;1124;41.02;132.11;;;
40.930346;0.658306;206;0;2;405;1124;41.04;132.09;;;
40.930168;0.658337;206;0;2;406;1123;41.06;132.07;;;
40.929995;0.658402;206;0;2;406;1123;41.08;132.05;;;
40.929825;0.658478;207;0;2;406;1123;41.1;132.03;;;
40.929658;0.658567;207;0;2;407;1122;41.12;132.01;;;
40.929494;0.658663;207;0;2;407;1122;41.14;131.99;;;
40.929337;0.65878;208;0;2;407;1122;41.16;131.97;;;
40.92918;0.658896;208;0;2;408;1121;41.18;131.95;;;
40.929023;0.659013;208;0;2;408;1121;41.2;131.93;;;
40.928865;0.659126;209;0;2;408;1121;41.22;131.91;;;
40.928699;0.659217;209;0;2;409;1120;41.24;131.89;;;
40.928533;0.659307;209;0;2;409;1120;41.26;131.87;;;
40.928365;0.659392;210;0;2;409;1120;41.28;131.85;;;
40.928193;0.659465;210;0;2;410;1119;41.3;131.83;;;
40.928022;0.659537;210;0;2;410;1119;41.32;131.81;;;
40.927853;0.659617;211;0;1;410;1119;41.34;131.79;;;
40.927685;0.659702;211;0;1;411;1118;41.36;131.77;;;
40.927516;0.659785;211;0;1;411;1118;41.38;131.75;;;
40.927353;0.659884;212;0;1;411;1118;41.4;131.73;;;
40.927192;0.659991;212;0;2;411;1118;41.42;131.71;;;
40.927031;0.660098;212;0;2;412;1117;41.44;131.69;;;
40.926878;0.660221;213;0;2;412;1117;41.46;131.67;;;
40.92673;0.660356;213;0;2;413;1116;41.48;131.65;;;
40.926581;0.66049;213;0;2;413;1116;41.5;131.63;;;
40.926432;0.660623;214;0;2;413;1116;41.52;131.61;;;
40.926279;0.660748;214;0;2;414;1115;41.54;131.59;;;
40.926125;0.660872;214;0;2;414;1115;41.56;131.57;;;
40.925972;0.660996;214;0;1;414;1115;41.58;131.55;;;
40.925812;0.661105;215;0;1;414;1115;41.6;131.53;;;
40.925649;0.661205;215;0;2;415;1114;41.62;131.51;;;
40.925486;0.661305;215;0;2;415;1114;41.64;131.49;;;
40.925322;0.661405;216;0;2;415;1114;41.66;131.47;;;
40.925152;0.661478;216;0;2;416;1113;41.68;131.45;;;
40.924979;0.661546;216;0;2;416;1113;41.7;131.43;;;
40.924807;0.661615;217;0;2;416;1113;41.72;131.41;;;
40.924635;0.661683;217;0;1;417;1112;41.74;131.39;;;
40.924462;0.661752;217;0;1;417;1112;41.76;131.37;;;
40.92429;0.66182;218;0;1;417;1112;41.78;131.35;;;
40.924118;0.661889;218;0;1;418;1111;41.8;131.33;;;
40.923946;0.661957;218;0;1;418;1111;41.82;131.31;;;
40.923774;0.662026;218;0;1;418;1111;41.84;131.29;;;
40.923601;0.662095;219;0;1;418;1111;41.86;131.27;;;
40.923429;0.662164;219;0;1;419;1110;41.88;131.25;;;
40.923257;0.662232;219;0;1;419;1110;41.9;131.23;;;
40.923089;0.662318;220;0;1;419;1110;41.92;131.21;;;
40.922922;0.662406;220;0;1;420;1109;41.94;131.19;;;
40.922755;0.662494;220;0;1;420;1109;41.96;131.17;;;
40.922588;0.662582;220;0;1;420;1109;41.98;131.15;;;
40.922421;0.66267;221;0;1;420;1109;42;131.13;;;
40.922254;0.662758;221;0;1;421;1108;42.02;131.11;;;
40.922087;0.662847;221;0;1;421;1108;42.04;131.09;;;
40.921919;0.662934;221;0;1;421;1108;42.06;131.07;;;
40.921752;0.663022;222;0;1;421;1108;42.08;131.05;;;
40.921585;0.663111;222;0;1;422;1107;42.1;131.03;;;
40.921418;0.663199;222;0;1;422;1107;42.12;131.01;;;
40.921251;0.663287;222;0;1;422;1107;42.14;130.99;;;
40.921085;0.663377;223;0;1;422;1107;42.16;130.97;;;
40.920919;0.663468;223;0;1;422;1107;42.18;130.95;;;
40.920752;0.66356;223;0;1;423;1106;42.2;130.93;;;
40.920586;0.663651;223;0;1;423;1106;42.22;130.91;;;
40.92042;0.663742;223;0;1;423;1106;42.24;130.89;;;
40.920254;0.663834;223;0;1;423;1106;42.26;130.87;;;
40.920088;0.663925;224;0;1;423;1106;42.28;130.85;;;
40.919922;0.664017;224;0;1;423;1106;42.3;130.83;;;
40.919756;0.664108;224;0;1;424;1105;42.32;130.81;;;
40.91959;0.6642;224;0;1;424;1105;42.34;130.79;;;
40.919424;0.664292;224;0;1;424;1105;42.36;130.77;;;
40.919258;0.664383;224;0;1;424;1105;42.38;130.75;;;
40.919092;0.664474;225;0;1;424;1105;42.4;130.73;;;
40.918926;0.664565;225;0;1;424;1105;42.42;130.71;;;
40.91876;0.664657;225;0;1;425;1104;42.44;130.69;;;
40.918594;0.664748;225;0;1;425;1104;42.46;130.67;;;
40.918428;0.66484;225;0;1;425;1104;42.48;130.65;;;
40.918261;0.664931;225;0;1;425;1104;42.5;130.63;;;
40.918095;0.66502;226;0;1;425;1104;42.52;130.61;;;
40.917928;0.665109;226;0;1;425;1104;42.54;130.59;;;
40.917761;0.665197;226;0;1;426;1103;42.56;130.57;;;
40.917593;0.665284;226;0;1;426;1103;42.58;130.55;;;
40.917426;0.665373;226;0;1;426;1103;42.6;130.53;;;
40.917259;0.665462;226;0;1;426;1103;42.62;130.51;;;
40.917092;0.66555;227;0;1;426;1103;42.64;130.49;;;
40.916926;0.66564;227;0;1;426;1103;42.66;130.47;;;
40.916765;0.665746;227;0;1;426;1103;42.68;130.45;;;
40.916603;0.665851;227;0;1;426;1103;42.7;130.43;;;
40.916442;0.665956;227;0;1;427;1102;42.72;130.41;;;
40.916281;0.66606;227;0;1;427;1102;42.74;130.39;;;
40.916119;0.666166;227;0;1;427;1102;42.76;130.37;;;
40.915958;0.666271;227;0;1;427;1102;42.78;130.35;;;
40.915796;0.666376;227;0;0;427;1102;42.8;130.33;;;
40.915635;0.66648;227;0;0;427;1102;42.82;130.31;;;
40.915474;0.666586;228;0;0;427;1102;42.84;130.29;;;
40.915312;0.666691;228;0;0;427;1102;42.86;130.27;;;
40.915151;0.666796;228;0;0;427;1102;42.88;130.25;;;
40.914989;0.666901;228;0;0;427;1102;42.9;130.23;;;
40.914828;0.667006;228;0;0;428;1101;42.92;130.21;;;
40.914667;0.667111;228;0;0;428;1101;42.94;130.19;;;
40.914505;0.667216;228;0;0;428;1101;42.96;130.17;;;
40.914344;0.667321;228;0;0;428;1101;42.98;130.15;;;
40.914182;0.667426;228;0;0;428;1101;43;130.13;;;
40.914021;0.667531;228;0;0;428;1101;43.02;130.11;;;
40.91386;0.667636;228;0;0;428;1101;43.04;130.09;;;
40.913698;0.667741;228;0;0;428;1101;43.06;130.07;;;
40.913532;0.667831;228;0;0;428;1101;43.08;130.05;;;
40.913363;0.667912;228;0;0;428;1101;43.1;130.03;;;
40.913193;0.667993;228;0;0;428;1101;43.12;130.01;;;
40.913024;0.668073;228;0;0;428;1101;43.14;129.99;;;
40.912855;0.668154;228;0;0;428;1101;43.16;129.97;;;
40.912686;0.668236;228;0;0;428;1101;43.18;129.95;;;
40.912517;0.668317;228;0;0;428;1101;43.2;129.93;;;
40.912348;0.668398;228;0;0;428;1101;43.22;129.91;;;
40.912179;0.668479;228;0;0;428;1101;43.24;129.89;;;
40.912009;0.668559;228;0;0;428;1101;43.26;129.87;;;
40.911842;0.668647;228;0;0;428;1101;43.28;129.85;;;
40.911675;0.668736;228;0;0;428;1101;43.3;129.83;;;
40.911516;0.668845;228;0;0;428;1101;43.32;129.81;;;
40.911356;0.668954;228;0;0;428;1101;43.34;129.79;;;
40.911196;0.669064;228;0;0;428;1101;43.36;129.77;;;
40.911036;0.669173;228;0;0;428;1101;43.38;129.75;;;
40.910877;0.669283;228;0;0;428;1101;43.4;129.73;;;
40.910717;0.669393;228;0;0;428;1101;43.42;129.71;;;
40.910558;0.669503;227;0;-1;428;1101;43.44;129.69;;;
40.910398;0.669612;227;0;-1;428;1101;43.46;129.67;;;
40.910239;0.669722;227;0;-1;428;1101;43.48;129.65;;;
40.910079;0.669831;227;0;-1;428;1101;43.5;129.63;;;
40.909919;0.669941;227;0;-1;428;1101;43.52;129.61;;;
40.909759;0.67005;227;0;-1;428;1101;43.54;129.59;;;
40.9096;0.67016;227;0;-1;428;1101;43.56;129.57;;;
40.90944;0.67027;227;0;-1;428;1101;43.58;129.55;;;
40.909281;0.67038;227;0;-1;428;1101;43.6;129.53;;;
40.90912;0.670485;226;0;-1;428;1101;43.62;129.51;;;
40.908956;0.670586;226;0;0;428;1101;43.64;129.49;;;
40.908793;0.670685;226;0;0;428;1101;43.66;129.47;;;
40.908629;0.670784;226;0;0;428;1101;43.68;129.45;;;
40.90846;0.670864;226;0;0;428;1101;43.7;129.43;;;
40.908291;0.670945;226;0;0;428;1101;43.72;129.41;;;
40.908117;0.671004;226;0;0;428;1101;43.74;129.39;;;
40.907941;0.671054;226;0;0;428;1101;43.76;129.37;;;
40.907765;0.671104;226;0;0;428;1101;43.78;129.35;;;
40.907589;0.671154;226;0;0;428;1101;43.8;129.33;;;
40.907413;0.671204;226;0;0;428;1101;43.82;129.31;;;
40.907237;0.671249;226;0;0;428;1101;43.84;129.29;;;
40.90706;0.671292;226;0;0;428;1101;43.86;129.27;;;
40.906883;0.671334;226;0;0;428;1101;43.88;129.25;;;
40.906706;0.671374;226;0;0;428;1101;43.9;129.23;;;
40.906527;0.671403;226;0;0;428;1101;43.92;129.21;;;
40.906349;0.671434;226;0;0;428;1101;43.94;129.19;;;
40.906172;0.671481;226;0;0;428;1101;43.96;129.17;;;
40.905996;0.671527;226;0;0;428;1101;43.98;129.15;;;
40.905819;0.671566;226;0;0;428;1101;44;129.13;;;
40.905641;0.671603;226;0;1;428;1101;44.02;129.11;;;
40.905463;0.67164;226;0;1;429;1100;44.04;129.09;;;
40.905286;0.671677;226;0;1;429;1100;44.06;129.07;;;
40.905108;0.671714;226;0;1;429;1100;44.08;129.05;;;
40.90493;0.67175;227;0;1;429;1100;44.1;129.03;;;
40.904752;0.671778;227;0;1;429;1100;44.12;129.01;;;
40.904572;0.671796;227;0;1;429;1100;44.14;128.99;;;
40.904393;0.671813;227;0;1;430;1099;44.16;128.97;;;
40.904214;0.67183;228;0;1;430;1099;44.18;128.95;;;
40.904034;0.671837;228;0;2;430;1099;44.2;128.93;;;
40.903854;0.671832;228;0;2;431;1098;44.22;128.91;;;
40.903674;0.671827;229;0;2;431;1098;44.24;128.89;;;
40.903494;0.671821;229;0;2;431;1098;44.26;128.87;;;
40.903316;0.6718;229;0;2;432;1097;44.28;128.85;;;
40.903138;0.671766;230;0;2;432;1097;44.3;128.83;;;
40.902959;0.671733;230;0;2;433;1096;44.32;128.81;;;
40.902781;0.671699;231;0;2;433;1096;44.34;128.79;;;
40.902605;0.671656;231;0;3;434;1095;44.36;128.77;;;
40.902428;0.67161;232;0;3;434;1095;44.38;128.75;;;
40.902252;0.671563;232;0;3;435;1094;44.4;128.73;;;
40.902075;0.671516;233;0;3;435;1094;44.42;128.71;;;
40.901899;0.67147;234;0;3;436;1093;44.44;128.69;;;
40.901723;0.671423;234;0;3;437;1092;44.46;128.67;;;
40.901546;0.671377;235;0;3;437;1092;44.48;128.65;;;
40.90137;0.67133;236;0;4;438;1091;44.5;128.63;;;
40.901193;0.671284;237;0;4;439;1090;44.52;128.61;;;
40.901017;0.671238;237;0;4;440;1089;44.54;128.59;;;
40.900841;0.671191;238;0;4;440;1089;44.56;128.57;;;
40.900664;0.671145;239;0;4;441;1088;44.58;128.55;;;
40.900488;0.671099;240;0;4;442;1087;44.6;128.53;;;
40.900311;0.671053;240;0;4;443;1086;44.62;128.51;;;
40.900135;0.671006;241;0;4;444;1085;44.64;128.49;;;
40.899957;0.670974;242;0;5;444;1085;44.66;128.47;;;
40.899778;0.670966;243;0;5;445;1084;44.68;128.45;;;
40.899599;0.670987;244;0;4;446;1083;44.7;128.43;;;
40.89943;0.671064;245;0;4;447;1082;44.72;128.41;;;
40.899276;0.671185;246;0;5;448;1081;44.74;128.39;;;
40.899138;0.671337;247;0;5;449;1080;44.76;128.37;;;
40.89902;0.671517;248;0;5;450;1079;44.78;128.35;;;
40.898908;0.671702;248;0;4;451;1078;44.8;128.33;;;
40.898795;0.671888;249;0;4;452;1077;44.82;128.31;;;
40.898683;0.672074;250;0;4;453;1076;44.84;128.29;;;
40.89857;0.672259;251;0;4;453;1076;44.86;128.27;;;
40.898449;0.672435;252;0;4;454;1075;44.88;128.25;;;
40.898324;0.672607;252;0;3;455;1074;44.9;128.23;;;
40.898191;0.672766;253;0;3;455;1074;44.92;128.21;;;
40.898046;0.672906;254;0;3;456;1073;44.94;128.19;;;
40.897892;0.673029;254;0;3;457;1072;44.96;128.17;;;
40.897727;0.673124;255;0;3;457;1072;44.98;128.15;;;
40.897559;0.673206;255;0;3;458;1071;45;128.13;;;
40.897387;0.673277;256;0;3;458;1071;45.02;128.11;;;
40.897215;0.673343;257;0;3;459;1070;45.04;128.09;;;
40.897042;0.673408;257;0;3;460;1069;45.06;128.07;;;
40.896868;0.673473;258;0;3;460;1069;45.08;128.05;;;
40.896695;0.673537;259;0;3;461;1068;45.1;128.03;;;
40.896522;0.673602;259;0;3;462;1067;45.12;128.01;;;
40.896349;0.673667;260;0;3;462;1067;45.14;127.99;;;
40.896176;0.67373;260;0;3;463;1066;45.16;127.97;;;
40.896003;0.673795;261;0;2;463;1066;45.18;127.95;;;
40.89583;0.67386;261;0;2;464;1065;45.2;127.93;;;
40.895657;0.673925;262;0;2;464;1065;45.22;127.91;;;
40.895484;0.67399;262;0;2;464;1065;45.24;127.89;;;
40.895312;0.674063;262;0;1;465;1064;45.26;127.87;;;
40.895146;0.674152;263;0;1;465;1064;45.28;127.85;;;
40.894984;0.674255;263;0;1;465;1064;45.3;127.83;;;
40.894829;0.674374;263;0;0;465;1064;45.32;127.81;;;
40.894686;0.674519;263;0;0;465;1064;45.34;127.79;;;
40.894554;0.67468;263;0;0;465;1064;45.36;127.77;;;
40.894425;0.674846;263;0;0;465;1064;45.38;127.75;;;
40.894301;0.675018;263;0;0;465;1064;45.4;127.73;;;
40.89418;0.675194;263;0;-1;465;1064;45.42;127.71;;;
40.894059;0.67537;263;0;-1;465;1064;45.44;127.69;;;
40.893938;0.675546;262;0;-1;465;1064;45.46;127.67;;;
40.893817;0.675722;262;0;-1;465;1064;45.48;127.65;;;
40.893696;0.675898;262;0;-1;465;1064;45.5;127.63;;;
40.893575;0.676074;262;0;-1;465;1064;45.52;127.61;;;
40.893454;0.67625;262;0;-1;465;1064;45.54;127.59;;;
40.893333;0.676426;261;0;-2;465;1064;45.56;127.57;;;
40.893217;0.676608;261;0;-2;465;1064;45.58;127.55;;;
40.893106;0.676795;261;0;-2;465;1064;45.6;127.53;;;
40.893009;0.676996;260;0;-2;465;1064;45.62;127.51;;;
40.892915;0.677198;260;0;-2;465;1064;45.64;127.49;;;
40.892841;0.677415;259;0;-2;465;1064;45.66;127.47;;;
40.892766;0.677631;259;0;-2;465;1064;45.68;127.45;;;
40.89269;0.677847;258;0;-2;465;1064;45.7;127.43;;;
40.892615;0.678063;258;0;-2;465;1064;45.72;127.41;;;
40.892527;0.678271;258;0;-3;465;1064;45.74;127.39;;;
40.892434;0.678474;257;0;-3;465;1064;45.76;127.37;;;
40.89233;0.678668;257;0;-3;465;1064;45.78;127.35;;;
40.892198;0.67883;256;0;-3;465;1064;45.8;127.33;;;
40.892066;0.678992;255;0;-3;465;1064;45.82;127.31;;;
40.891917;0.679124;255;0;-3;465;1064;45.84;127.29;;;
40.89176;0.679242;254;0;-3;465;1064;45.86;127.27;;;
40.8916;0.679348;254;0;-3;465;1064;45.88;127.25;;;
40.891428;0.679418;253;0;-3;465;1064;45.9;127.23;;;
40.891253;0.679471;252;0;-3;465;1064;45.92;127.21;;;
40.891074;0.679493;252;0;-3;465;1064;45.94;127.19;;;
40.890895;0.679493;251;0;-3;465;1064;45.96;127.17;;;
40.890715;0.679477;250;0;-3;465;1064;45.98;127.15;;;
40.890539;0.679437;249;0;-3;465;1064;46;127.13;;;
40.890366;0.679372;249;0;-3;465;1064;46.02;127.11;;;
40.890194;0.679301;248;0;-3;465;1064;46.04;127.09;;;
40.890023;0.679226;247;0;-3;465;1064;46.06;127.07;;;
40.889853;0.679151;247;0;-3;465;1064;46.08;127.05;;;
40.889682;0.679076;246;0;-3;465;1064;46.1;127.03;;;
40.889511;0.679001;246;0;-4;465;1064;46.12;127.01;;;
40.88934;0.678926;245;0;-4;465;1064;46.14;126.99;;;
40.889167;0.678868;244;0;-4;465;1064;46.16;126.97;;;
40.888987;0.678865;243;0;-4;465;1064;46.18;126.95;;;
40.888813;0.678923;242;0;-4;465;1064;46.2;126.93;;;
40.888652;0.679026;241;0;-4;465;1064;46.22;126.91;;;
40.888495;0.679142;241;0;-4;465;1064;46.24;126.89;;;
40.888337;0.679256;240;0;-4;465;1064;46.26;126.87;;;
40.888169;0.679344;239;0;-3;465;1064;46.28;126.85;;;
40.887992;0.679382;239;0;-3;465;1064;46.3;126.83;;;
40.887813;0.679386;238;0;-4;465;1064;46.32;126.81;;;
40.887633;0.679382;237;0;-4;465;1064;46.34;126.79;;;
40.887453;0.679382;237;0;-4;465;1064;46.36;126.77;;;
40.887276;0.679417;236;0;-4;465;1064;46.38;126.75;;;
40.887112;0.679514;234;0;-4;465;1064;46.4;126.73;;;
40.886975;0.679665;234;0;-4;465;1064;46.42;126.71;;;
40.886859;0.679845;233;0;-4;465;1064;46.44;126.69;;;
40.886774;0.680055;232;0;-4;465;1064;46.46;126.67;;;
40.886702;0.680272;232;0;-3;465;1064;46.48;126.65;;;
40.886629;0.68049;231;0;-3;465;1064;46.5;126.63;;;
40.886545;0.6807;230;0;-3;465;1064;46.52;126.61;;;
40.886454;0.680905;230;0;-3;465;1064;46.54;126.59;;;
40.886363;0.68111;229;0;-3;465;1064;46.56;126.57;;;
40.886258;0.681303;229;0;-3;465;1064;46.58;126.55;;;
40.886151;0.681495;228;0;-3;465;1064;46.6;126.53;;;
40.886038;0.681679;227;0;-3;465;1064;46.62;126.51;;;
40.885918;0.681857;227;0;-3;465;1064;46.64;126.49;;;
40.885798;0.682034;226;0;-3;465;1064;46.66;126.47;;;
40.885682;0.682216;226;0;-3;465;1064;46.68;126.45;;;
40.885576;0.682408;225;0;-3;465;1064;46.7;126.43;;;
40.885508;0.682627;225;0;-3;465;1064;46.72;126.41;;;
40.885474;0.682859;224;0;-3;465;1064;46.74;126.39;;;
40.885451;0.683095;223;0;-3;465;1064;46.76;126.37;;;
40.885443;0.683333;222;0;-3;465;1064;46.78;126.35;;;
40.885436;0.68357;222;0;-3;465;1064;46.8;126.33;;;
40.88543;0.683808;221;0;-3;465;1064;46.82;126.31;;;
40.88544;0.684045;221;0;-3;465;1064;46.84;126.29;;;
40.885453;0.684283;220;0;-3;465;1064;46.86;126.27;;;
40.885466;0.68452;220;0;-3;465;1064;46.88;126.25;;;
40.885479;0.684757;219;0;-3;465;1064;46.9;126.23;;;
40.885492;0.684995;219;0;-4;465;1064;46.92;126.21;;;
40.885504;0.685232;218;0;-4;465;1064;46.94;126.19;;;
40.885496;0.685469;217;0;-4;465;1064;46.96;126.17;;;
40.885438;0.685691;216;0;-4;465;1064;46.98;126.15;;;
40.885331;0.68588;215;0;-4;465;1064;47;126.13;;;
40.885193;0.686033;214;0;-4;465;1064;47.02;126.11;;;
40.88503;0.68613;213;0;-4;465;1064;47.04;126.09;;;
40.884859;0.686204;212;0;-4;465;1064;47.06;126.07;;;
40.884688;0.686277;212;0;-4;465;1064;47.08;126.05;;;
40.884526;0.686375;211;0;-4;465;1064;47.1;126.03;;;
40.884384;0.68652;210;0;-3;465;1064;47.12;126.01;;;
40.884264;0.686697;210;0;-3;465;1064;47.14;125.99;;;
40.884173;0.686901;209;0;-3;465;1064;47.16;125.97;;;
40.884085;0.687108;208;0;-3;465;1064;47.18;125.95;;;
40.884004;0.687321;208;0;-3;465;1064;47.2;125.93;;;
40.883927;0.687536;207;0;-3;465;1064;47.22;125.91;;;
40.883849;0.68775;207;0;-3;465;1064;47.24;125.89;;;
40.883778;0.687968;206;0;-3;465;1064;47.26;125.87;;;
40.883719;0.688193;206;0;-3;465;1064;47.28;125.85;;;
40.883682;0.688425;205;0;-3;465;1064;47.3;125.83;;;
40.883656;0.68866;205;0;-3;465;1064;47.32;125.81;;;
40.883636;0.688896;204;0;-3;465;1064;47.34;125.79;;;
40.883631;0.689134;203;0;-3;465;1064;47.36;125.77;;;
40.883638;0.689372;203;0;-3;465;1064;47.38;125.75;;;
40.883659;0.689608;202;0;-3;465;1064;47.4;125.73;;;
40.883699;0.689839;202;0;-3;465;1064;47.42;125.71;;;
40.883753;0.690066;201;0;-2;465;1064;47.44;125.69;;;
40.883805;0.690294;201;0;-2;465;1064;47.46;125.67;;;
40.883873;0.690513;200;0;-2;465;1064;47.48;125.65;;;
40.88396;0.69072;200;0;-2;465;1064;47.5;125.63;;;
40.884061;0.690917;199;0;-2;465;1064;47.52;125.61;;;
40.884162;0.691115;199;0;-2;465;1064;47.54;125.59;;;
40.884267;0.691307;198;0;-2;465;1064;47.56;125.57;;;
40.884375;0.691498;198;0;-2;465;1064;47.58;125.55;;;
40.884482;0.691689;197;0;-2;465;1064;47.6;125.53;;;
40.884577;0.69189;197;0;-2;465;1064;47.62;125.51;;;
40.884658;0.692102;197;0;-2;465;1064;47.64;125.49;;;
40.884735;0.692317;196;0;-2;465;1064;47.66;125.47;;;
40.884782;0.692547;196;0;-2;465;1064;47.68;125.45;;;
40.884828;0.692777;195;0;-2;465;1064;47.7;125.43;;;
40.884874;0.693007;195;0;-2;465;1064;47.72;125.41;;;
40.88492;0.693237;195;0;-2;465;1064;47.74;125.39;;;
40.884967;0.693466;194;0;-2;465;1064;47.76;125.37;;;
40.885013;0.693696;194;0;-2;465;1064;47.78;125.35;;;
40.885059;0.693926;193;0;-2;465;1064;47.8;125.33;;;
40.885105;0.694156;193;0;-2;465;1064;47.82;125.31;;;
40.885151;0.694386;193;0;-2;465;1064;47.84;125.29;;;
40.885198;0.694616;192;0;-2;465;1064;47.86;125.27;;;
40.885244;0.694846;192;0;-2;465;1064;47.88;125.25;;;
40.885287;0.695077;192;0;-2;465;1064;47.9;125.23;;;
40.88532;0.695311;192;0;-2;465;1064;47.92;125.21;;;
40.885349;0.695545;191;0;-2;465;1064;47.94;125.19;;;
40.885357;0.695783;191;0;-2;465;1064;47.96;125.17;;;
40.885364;0.69602;191;0;-2;465;1064;47.98;125.15;;;
40.885367;0.696258;190;0;-2;465;1064;48;125.13;;;
40.88536;0.696496;190;0;-2;465;1064;48.02;125.11;;;
40.885331;0.696731;190;0;-2;465;1064;48.04;125.09;;;
40.885301;0.696965;189;0;-2;465;1064;48.06;125.07;;;
40.885265;0.697198;189;0;-2;465;1064;48.08;125.05;;;
40.885218;0.697428;189;0;-2;465;1064;48.1;125.03;;;
40.885161;0.697653;188;0;-2;465;1064;48.12;125.01;;;
40.88509;0.697871;188;0;-2;465;1064;48.14;124.99;;;
40.885018;0.698089;188;0;-2;465;1064;48.16;124.97;;;
40.884946;0.698307;187;0;-2;465;1064;48.18;124.95;;;
40.884867;0.69852;187;0;-2;465;1064;48.2;124.93;;;
40.884761;0.698712;186;0;-2;465;1064;48.22;124.91;;;
40.884655;0.698905;186;0;-2;465;1064;48.24;124.89;;;
40.884549;0.699097;186;0;-2;465;1064;48.26;124.87;;;
40.884443;0.699289;185;0;-2;465;1064;48.28;124.85;;;
40.884337;0.699482;185;0;-2;465;1064;48.3;124.83;;;
40.884232;0.699674;185;0;-2;465;1064;48.32;124.81;;;
40.884126;0.699866;184;0;-2;465;1064;48.34;124.79;;;
40.88402;0.700059;184;0;-2;465;1064;48.36;124.77;;;
40.883904;0.70024;183;0;-2;465;1064;48.38;124.75;;;
40.88377;0.700398;183;0;-2;465;1064;48.4;124.73;;;
40.88362;0.700528;182;0;-3;465;1064;48.42;124.71;;;
40.883462;0.700641;182;0;-3;465;1064;48.44;124.69;;;
40.883304;0.700754;181;0;-3;465;1064;48.46;124.67;;;
40.883148;0.700873;181;0;-3;465;1064;48.48;124.65;;;
40.883015;0.701032;180;0;-3;465;1064;48.5;124.63;;;
40.882915;0.701227;180;0;-4;465;1064;48.52;124.61;;;
40.882859;0.701453;179;0;-4;465;1064;48.54;124.59;;;
40.882849;0.701689;177;0;-4;465;1064;48.56;124.57;;;
40.882897;0.701919;177;0;-4;465;1064;48.58;124.55;;;
40.882957;0.702142;176;0;-4;465;1064;48.6;124.53;;;
40.883023;0.702364;176;0;-4;465;1064;48.62;124.51;;;
40.883067;0.702592;175;0;-4;465;1064;48.64;124.49;;;
40.883069;0.702828;174;0;-4;465;1064;48.66;124.47;;;
40.883027;0.703057;173;0;-4;465;1064;48.68;124.45;;;
40.882945;0.703269;173;0;-4;465;1064;48.7;124.43;;;
40.882862;0.703481;172;0;-4;465;1064;48.72;124.41;;;
40.882808;0.703707;171;0;-4;465;1064;48.74;124.39;;;
40.882793;0.703941;170;0;-4;465;1064;48.76;124.37;;;
40.882799;0.704179;170;0;-4;465;1064;48.78;124.35;;;
40.882804;0.704417;169;0;-4;465;1064;48.8;124.33;;;
40.882804;0.704654;168;0;-4;465;1064;48.82;124.31;;;
40.882759;0.704884;167;0;-4;465;1064;48.84;124.29;;;
40.882694;0.705104;167;0;-3;465;1064;48.86;124.27;;;
40.882606;0.705311;166;0;-3;465;1064;48.88;124.25;;;
40.882499;0.705502;165;0;-3;465;1064;48.9;124.23;;;
40.882392;0.705693;165;0;-3;465;1064;48.92;124.21;;;
40.882285;0.705885;164;0;-3;465;1064;48.94;124.19;;;
40.882177;0.706075;163;0;-3;465;1064;48.96;124.17;;;
40.88207;0.706266;163;0;-3;465;1064;48.98;124.15;;;
40.881963;0.706458;162;0;-3;465;1064;49;124.13;;;
40.881856;0.706649;162;0;-3;465;1064;49.02;124.11;;;
40.881749;0.70684;161;0;-3;465;1064;49.04;124.09;;;
40.881642;0.707031;161;0;-3;465;1064;49.06;124.07;;;
40.881528;0.707215;160;0;-3;465;1064;49.08;124.05;;;
40.881411;0.707396;160;0;-3;465;1064;49.1;124.03;;;
40.881264;0.707533;159;0;-3;465;1064;49.12;124.01;;;
40.881116;0.707668;158;0;-3;465;1064;49.14;123.99;;;
40.880958;0.707781;157;0;-3;465;1064;49.16;123.97;;;
40.8808;0.707895;157;0;-4;465;1064;49.18;123.95;;;
40.880642;0.708008;156;0;-4;465;1064;49.2;123.93;;;
40.880483;0.70812;155;0;-4;465;1064;49.22;123.91;;;
40.880332;0.708249;155;0;-4;465;1064;49.24;123.89;;;
40.880192;0.708397;154;0;-4;465;1064;49.26;123.87;;;
40.880054;0.70855;153;0;-4;465;1064;49.28;123.85;;;
40.879915;0.708701;152;0;-4;465;1064;49.3;123.83;;;
40.879798;0.70888;151;0;-4;465;1064;49.32;123.81;;;
40.879685;0.709066;151;0;-4;465;1064;49.34;123.79;;;
40.879597;0.709272;150;0;-3;465;1064;49.36;123.77;;;
40.879515;0.709484;149;0;-3;465;1064;49.38;123.75;;;
40.879451;0.709705;149;0;-3;465;1064;49.4;123.73;;;
40.879401;0.709934;148;0;-3;465;1064;49.42;123.71;;;
40.879358;0.710165;147;0;-3;465;1064;49.44;123.69;;;
40.879316;0.710396;147;0;-3;465;1064;49.46;123.67;;;
40.879293;0.710632;146;0;-3;465;1064;49.48;123.65;;;
40.879274;0.710868;146;0;-3;465;1064;49.5;123.63;15;;
40.879262;0.711106;145;0;-2;465;1064;49.52;123.61;;;
40.87925;0.711343;145;0;-2;465;1064;49.54;123.59;;;
40.879237;0.71158;145;0;-2;465;1064;49.56;123.57;;;
40.879217;0.711817;144;0;-2;465;1064;49.58;123.55;;;
40.879196;0.712053;143;0;-2;465;1064;49.6;123.53;;;
40.879175;0.712289;143;0;-2;465;1064;49.62;123.51;;;
40.879155;0.712526;143;0;-2;465;1064;49.64;123.49;;;
40.879132;0.712762;142;0;-2;465;1064;49.66;123.47;;;
40.87911;0.712998;142;0;-2;465;1064;49.68;123.45;;;
40.879087;0.713234;141;0;-2;465;1064;49.7;123.43;;;
40.879064;0.713469;141;0;-2;465;1064;49.72;123.41;;;
40.879041;0.713705;140;0;-2;465;1064;49.74;123.39;;;
40.879018;0.713941;140;0;-2;465;1064;49.76;123.37;;;
40.878995;0.714177;139;0;-2;465;1064;49.78;123.35;;;
40.878972;0.714413;139;0;-2;465;1064;49.8;123.33;;;
40.87895;0.714649;138;0;-2;465;1064;49.82;123.31;;;
40.878927;0.714885;138;0;-2;465;1064;49.84;123.29;;;
40.878904;0.715121;138;0;-2;465;1064;49.86;123.27;;;
40.878881;0.715357;137;0;-2;465;1064;49.88;123.25;;;
40.878844;0.71559;137;0;-2;465;1064;49.9;123.23;;;
40.878799;0.715819;137;0;-1;465;1064;49.92;123.21;;;
40.878673;0.715981;136;0;-1;465;1064;49.94;123.19;;;
40.878509;0.716033;136;0;-1;465;1064;49.96;123.17;;;
40.878331;0.715998;136;0;-1;465;1064;49.98;123.15;;;
40.878153;0.715962;136;0;0;465;1064;50;123.13;;;
40.877978;0.715907;136;0;0;465;1064;50.02;123.11;;;
40.877804;0.715849;136;0;0;465;1064;50.04;123.09;;;
40.877631;0.715784;136;0;1;465;1064;50.06;123.07;;;
40.877462;0.715705;136;0;1;466;1063;50.08;123.05;;;
40.877318;0.715567;136;0;2;466;1063;50.1;123.03;;;
40.877219;0.715369;137;0;2;466;1063;50.12;123.01;;;
40.87712;0.71517;137;0;2;467;1062;50.14;122.99;;;
40.877047;0.714954;138;0;2;467;1062;50.16;122.97;;;
40.877002;0.714725;138;0;2;468;1061;50.18;122.95;;;
40.876917;0.714516;139;0;2;468;1061;50.2;122.93;;;
40.876828;0.714308;139;0;2;469;1060;50.22;122.91;;;
40.87674;0.714101;140;0;3;469;1060;50.24;122.89;;;
40.876651;0.713894;140;0;3;470;1059;50.26;122.87;;;
40.876563;0.713687;141;0;3;470;1059;50.28;122.85;;;
40.876465;0.713488;141;0;4;471;1058;50.3;122.83;;;
40.876351;0.713366;142;0;4;472;1057;50.32;122.81;;;
40.87633;0.713193;143;0;4;473;1056;50.34;122.79;;;
40.876208;0.713019;144;0;4;474;1055;50.36;122.77;;;
40.876073;0.712863;145;0;4;474;1055;50.38;122.75;;;
40.875926;0.712724;145;0;4;475;1054;50.4;122.73;;;
40.875768;0.712616;146;0;3;476;1053;50.42;122.71;;;
40.875592;0.712562;147;0;3;476;1053;50.44;122.69;;;
40.875414;0.712537;148;0;3;477;1052;50.46;122.67;;;
40.875234;0.71252;148;0;3;478;1051;50.48;122.65;;;
40.875055;0.71251;149;0;3;478;1051;50.5;122.63;;;
40.874875;0.712499;150;0;3;479;1050;50.52;122.61;;;
40.874695;0.712489;150;0;3;480;1049;50.54;122.59;;;
40.874516;0.712479;151;0;3;480;1049;50.56;122.57;;;
40.874336;0.71247;151;0;3;481;1048;50.58;122.55;;;
40.874156;0.712461;152;0;3;481;1048;50.6;122.53;;;
40.873976;0.712451;152;0;3;482;1047;50.62;122.51;;;
40.873797;0.712454;153;0;3;483;1046;50.64;122.49;;;
40.873617;0.712459;154;0;3;483;1046;50.66;122.47;;;
40.87344;0.712501;154;0;3;484;1045;50.68;122.45;;;
40.873263;0.712546;155;0;3;484;1045;50.7;122.43;;;
40.873089;0.712603;155;0;2;485;1044;50.72;122.41;;;
40.872915;0.712665;156;0;2;485;1044;50.74;122.39;;;
40.872741;0.712726;156;0;2;486;1043;50.76;122.37;;;
40.872567;0.712785;157;0;2;486;1043;50.78;122.35;;;
40.872393;0.712846;157;0;2;486;1043;50.8;122.33;;;
40.872228;0.712937;158;0;2;487;1042;50.82;122.31;;;
40.87208;0.713073;158;0;2;488;1041;50.84;122.29;;;
40.871934;0.71321;158;0;2;488;1041;50.86;122.27;;;
40.871782;0.713337;159;0;2;488;1041;50.88;122.25;;;
40.871629;0.713464;159;0;1;489;1040;50.9;122.23;;;
40.871477;0.71359;159;0;1;489;1040;50.92;122.21;;;
40.871323;0.713713;160;0;1;489;1040;50.94;122.19;;;
40.871167;0.713831;160;0;1;489;1040;50.96;122.17;;;
40.87101;0.713948;160;0;1;490;1039;50.98;122.15;;;
40.870853;0.714065;160;0;1;490;1039;51;122.13;;;
40.870697;0.714182;160;0;1;490;1039;51.02;122.11;;;
40.870541;0.7143;161;0;1;490;1039;51.04;122.09;;;
40.870384;0.714417;161;0;1;490;1039;51.06;122.07;;;
40.870228;0.714535;161;0;0;490;1039;51.08;122.05;;;
40.870071;0.714651;161;0;0;490;1039;51.1;122.03;;;
40.869914;0.714768;161;0;0;490;1039;51.12;122.01;;;
40.869758;0.714886;161;0;0;491;1038;51.14;121.99;;;
40.869601;0.715003;161;0;0;491;1038;51.16;121.97;;;
40.869445;0.71512;161;0;0;491;1038;51.18;121.95;;;
40.869288;0.715237;161;0;0;491;1038;51.2;121.93;;;
40.869132;0.715355;161;0;0;491;1038;51.22;121.91;;;
40.868976;0.715472;161;0;0;491;1038;51.24;121.89;;;
40.868819;0.715589;161;0;0;491;1038;51.26;121.87;;;
40.868669;0.71572;161;0;0;491;1038;51.28;121.85;;;
40.868527;0.715866;161;0;-1;491;1038;51.3;121.83;;;
40.868385;0.716011;161;0;-1;491;1038;51.32;121.81;;;
40.868244;0.716159;161;0;-1;491;1038;51.34;121.79;;;
40.868107;0.716312;160;0;-1;491;1038;51.36;121.77;;;
40.867969;0.716466;160;0;-1;491;1038;51.38;121.75;;;
40.867831;0.716619;160;0;-1;491;1038;51.4;121.73;;;
40.867694;0.716772;160;0;-1;491;1038;51.42;121.71;;;
40.867557;0.716926;159;0;-2;491;1038;51.44;121.69;;;
40.867419;0.717079;159;0;-2;491;1038;51.46;121.67;;;
40.867281;0.717232;159;0;-3;491;1038;51.48;121.65;;;
40.867127;0.717351;158;0;-3;491;1038;51.5;121.63;;;
40.866964;0.717453;158;0;-3;491;1038;51.52;121.61;;;
40.866818;0.717573;157;0;-3;491;1038;51.54;121.59;;;
40.86676;0.717797;156;0;-4;491;1038;51.56;121.57;;;
40.866646;0.717981;155;0;-4;491;1038;51.58;121.55;;;
40.866527;0.718159;154;0;-4;491;1038;51.6;121.53;;;
40.866422;0.71835;154;0;-4;491;1038;51.62;121.51;;;
40.866399;0.718585;153;0;-4;491;1038;51.64;121.49;;;
40.866417;0.71882;152;0;-4;491;1038;51.66;121.47;;;
40.866494;0.719033;151;0;-4;491;1038;51.68;121.45;;;
40.866584;0.719239;150;0;-4;491;1038;51.7;121.43;16;;
40.866663;0.719451;150;0;-4;491;1038;51.72;121.41;;;
40.866671;0.719685;149;0;-4;491;1038;51.74;121.39;;;
40.866601;0.7199;148;0;-4;491;1038;51.76;121.37;;;
40.86648;0.720074;147;0;-3;491;1038;51.78;121.35;;;
40.866336;0.720217;147;0;-3;491;1038;51.8;121.33;;;
40.86619;0.720356;146;0;-3;491;1038;51.82;121.31;;;
40.866035;0.720476;145;0;-3;491;1038;51.84;121.29;;;
40.86588;0.720596;145;0;-3;491;1038;51.86;121.27;;;
40.865724;0.720715;144;0;-3;491;1038;51.88;121.25;;;
40.865567;0.720829;144;0;-2;491;1038;51.9;121.23;;;
40.865397;0.720909;143;0;-2;491;1038;51.92;121.21;;;
40.865225;0.720977;143;0;-2;491;1038;51.94;121.19;;;
40.86505;0.721027;142;0;-2;491;1038;51.96;121.17;;;
40.864873;0.721074;142;0;-2;491;1038;51.98;121.15;;;
40.864695;0.72111;142;0;-2;491;1038;52;121.13;;;
40.864517;0.721143;141;0;-2;491;1038;52.02;121.11;;;
40.864338;0.721162;141;0;-2;491;1038;52.04;121.09;;;
40.864158;0.721169;140;0;-2;491;1038;52.06;121.07;;;
40.863979;0.721169;140;0;-2;491;1038;52.08;121.05;;;
40.863799;0.721154;140;0;-1;491;1038;52.1;121.03;;;
40.86362;0.721131;140;0;-1;491;1038;52.12;121.01;;;
40.863443;0.721092;139;0;-1;491;1038;52.14;120.99;;;
40.863267;0.721045;139;0;-1;491;1038;52.16;120.97;;;
40.863092;0.720989;139;0;-1;491;1038;52.18;120.95;;;
40.862919;0.720926;139;0;-1;491;1038;52.2;120.93;;;
40.862747;0.720855;138;0;-1;491;1038;52.22;120.91;;;
40.862582;0.720762;138;0;-1;491;1038;52.24;120.89;;;
40.862418;0.720663;138;0;-1;491;1038;52.26;120.87;;;
40.862257;0.720556;138;0;-1;491;1038;52.28;120.85;;;
40.862098;0.720446;138;0;-1;491;1038;52.3;120.83;;;
40.861944;0.720323;138;0;-1;491;1038;52.32;120.81;;;
40.861796;0.720189;137;0;-1;491;1038;52.34;120.79;;;
40.861652;0.720047;137;0;0;491;1038;52.36;120.77;;;
40.861511;0.719898;137;0;0;491;1038;52.38;120.75;;;
40.861375;0.719744;137;0;0;491;1038;52.4;120.73;;;
40.861247;0.719576;137;0;0;491;1038;52.42;120.71;;;
40.861119;0.719409;137;0;0;491;1038;52.44;120.69;;;
40.861005;0.719226;137;0;0;491;1038;52.46;120.67;;;
40.860895;0.719038;137;0;0;491;1038;52.48;120.65;;;
40.860789;0.718845;137;0;0;491;1038;52.5;120.63;;;
40.860695;0.718643;137;0;0;491;1038;52.52;120.61;;;
40.8606;0.718441;137;0;0;491;1038;52.54;120.59;;;
40.860505;0.718239;137;0;0;491;1038;52.56;120.57;;;
40.86041;0.718037;137;0;0;491;1038;52.58;120.55;;;
40.860316;0.717834;137;0;0;491;1038;52.6;120.53;;;
40.860221;0.717632;137;0;0;491;1038;52.62;120.51;;;
40.860126;0.717431;137;0;0;491;1038;52.64;120.49;;;
40.860027;0.717232;137;0;0;491;1038;52.66;120.47;;;
40.85992;0.717041;137;0;-1;491;1038;52.68;120.45;;;
40.85981;0.716853;136;0;-1;491;1038;52.7;120.43;;;
40.859686;0.716681;136;0;-1;491;1038;52.72;120.41;;;
40.859561;0.71651;136;0;-1;491;1038;52.74;120.39;;;
40.859428;0.716349;136;0;-1;491;1038;52.76;120.37;;;
40.859294;0.716192;135;0;-1;491;1038;52.78;120.35;;;
40.859152;0.716045;135;0;-1;491;1038;52.8;120.33;;;
40.859006;0.715908;135;0;-2;491;1038;52.82;120.31;;;
40.85885;0.715788;134;0;-2;491;1038;52.84;120.29;;;
40.858695;0.715669;134;0;-2;491;1038;52.86;120.27;;;
40.858539;0.71555;134;0;-2;491;1038;52.88;120.25;;;
40.858378;0.715445;133;0;-2;491;1038;52.9;120.23;;;
40.858212;0.715354;133;0;-2;491;1038;52.92;120.21;;;
40.858043;0.715272;132;0;-2;491;1038;52.94;120.19;;;
40.857872;0.715197;132;0;-2;491;1038;52.96;120.17;;;
40.857702;0.715122;132;0;-2;491;1038;52.98;120.15;;;
40.857529;0.715057;131;0;-2;491;1038;53;120.13;;;
40.857356;0.714991;131;0;-3;491;1038;53.02;120.11;;;
40.857183;0.714925;130;0;-3;491;1038;53.04;120.09;;;
40.85701;0.71486;130;0;-3;491;1038;53.06;120.07;;;
40.856837;0.714794;129;0;-3;491;1038;53.08;120.05;;;
40.856668;0.714715;128;0;-3;491;1038;53.1;120.03;;;
40.856498;0.714636;128;0;-3;491;1038;53.12;120.01;;;
40.85633;0.714552;127;0;-3;491;1038;53.14;119.99;;;
40.856164;0.714461;127;0;-3;491;1038;53.16;119.97;;;
40.855997;0.714371;126;0;-3;491;1038;53.18;119.95;;;
40.855835;0.714269;126;0;-3;491;1038;53.2;119.93;;;
40.855675;0.714161;125;0;-3;491;1038;53.22;119.91;;;
40.855516;0.714048;124;0;-3;491;1038;53.24;119.89;;;
40.855361;0.713928;124;0;-3;491;1038;53.26;119.87;;;
40.855206;0.713808;123;0;-3;491;1038;53.28;119.85;;;
40.85505;0.713688;122;0;-3;491;1038;53.3;119.83;;;
40.854895;0.713567;122;0;-3;491;1038;53.32;119.81;;;
40.854744;0.713439;121;0;-3;491;1038;53.34;119.79;;;
40.854593;0.71331;120;0;-4;491;1038;53.36;119.77;;;
40.854442;0.713181;120;0;-4;491;1038;53.38;119.75;;;
40.85429;0.713053;119;0;-4;491;1038;53.4;119.73;;;
40.85413;0.712945;118;0;-4;491;1038;53.42;119.71;;;
40.85397;0.712837;117;0;-4;491;1038;53.44;119.69;;;
40.853804;0.712747;116;0;-5;491;1038;53.46;119.67;;;
40.853637;0.712658;115;0;-5;491;1038;53.48;119.65;;;
40.853467;0.712581;115;0;-5;491;1038;53.5;119.63;;;
40.853297;0.712503;114;0;-4;491;1038;53.52;119.61;;;
40.853122;0.712446;113;0;-4;491;1038;53.54;119.59;;;
40.852948;0.712388;112;0;-4;491;1038;53.56;119.57;;;
40.852771;0.712344;111;0;-4;491;1038;53.58;119.55;;;
40.852593;0.712306;111;0;-4;491;1038;53.6;119.53;;;
40.852414;0.712289;110;0;-4;491;1038;53.62;119.51;;;
40.852235;0.712277;109;0;-4;491;1038;53.64;119.49;;;
40.852055;0.712271;108;0;-4;491;1038;53.66;119.47;;;
40.851875;0.712275;107;0;-4;491;1038;53.68;119.45;;;
40.851695;0.712284;106;0;-4;491;1038;53.7;119.43;;;
40.851516;0.712307;106;0;-4;491;1038;53.72;119.41;;;
40.851338;0.712341;105;0;-3;491;1038;53.74;119.39;;;
40.85116;0.712375;104;0;-3;491;1038;53.76;119.37;;;
40.850982;0.71241;104;0;-3;491;1038;53.78;119.35;;;
40.850804;0.712444;103;0;-3;491;1038;53.8;119.33;;;
40.850627;0.712479;102;0;-4;491;1038;53.82;119.31;;;
40.850448;0.712511;102;0;-4;491;1038;53.84;119.29;;;
40.850269;0.712531;101;0;-4;491;1038;53.86;119.27;;;
40.85009;0.712549;100;0;-4;491;1038;53.88;119.25;;;
40.84991;0.712549;99;0;-4;491;1038;53.9;119.23;;;
40.84973;0.712549;98;0;-4;491;1038;53.92;119.21;;;
40.849551;0.712535;98;0;-4;491;1038;53.94;119.19;;;
40.849372;0.712513;97;0;-4;491;1038;53.96;119.17;;;
40.849193;0.712482;96;0;-4;491;1038;53.98;119.15;;;
40.849017;0.712437;95;0;-4;491;1038;54;119.13;;;
40.848841;0.71239;95;0;-4;491;1038;54.02;119.11;;;
40.848667;0.712327;94;0;-4;491;1038;54.04;119.09;;;
40.848495;0.712258;93;0;-4;491;1038;54.06;119.07;;;
40.848324;0.712185;93;0;-4;491;1038;54.08;119.05;;;
40.848159;0.712091;92;0;-4;491;1038;54.1;119.03;;;
40.847994;0.711996;91;0;-4;491;1038;54.12;119.01;;;
40.847834;0.711887;90;0;-4;491;1038;54.14;118.99;;;
40.847674;0.711778;89;0;-3;491;1038;54.16;118.97;;;
40.847519;0.711659;89;0;-3;491;1038;54.18;118.95;;;
40.847368;0.71153;88;0;-3;491;1038;54.2;118.93;;;
40.847217;0.711401;88;0;-3;491;1038;54.22;118.91;;;
40.847067;0.711269;87;0;-3;491;1038;54.24;118.89;;;
40.846922;0.711129;87;0;-3;491;1038;54.26;118.87;;;
40.846776;0.710989;86;0;-3;491;1038;54.28;118.85;;;
40.84663;0.71085;85;0;-4;491;1038;54.3;118.83;;;
40.846478;0.710723;84;0;-4;491;1038;54.32;118.81;;;
40.846326;0.710597;83;0;-4;491;1038;54.34;118.79;;;
40.846165;0.71049;83;0;-4;491;1038;54.36;118.77;;;
40.846005;0.710383;82;0;-4;491;1038;54.38;118.75;;;
40.845839;0.71029;81;0;-4;491;1038;54.4;118.73;;;
40.845673;0.710198;81;0;-3;491;1038;54.42;118.71;;;
40.845503;0.710122;80;0;-3;491;1038;54.44;118.69;;;
40.845332;0.710049;79;0;-3;491;1038;54.46;118.67;;;
40.845156;0.710001;79;0;-3;491;1038;54.48;118.65;;;
40.844979;0.709957;78;0;-3;491;1038;54.5;118.63;;;
40.844801;0.709923;78;0;-2;491;1038;54.52;118.61;;;
40.844622;0.709896;77;0;-2;491;1038;54.54;118.59;;;
40.844443;0.709879;77;0;-2;491;1038;54.56;118.57;;;
40.844263;0.709879;76;0;-2;491;1038;54.58;118.55;;;
40.844084;0.709879;76;0;-2;491;1038;54.6;118.53;;;
40.843905;0.709905;76;0;-2;491;1038;54.62;118.51;;;
40.843726;0.709932;75;0;-2;491;1038;54.64;118.49;;;
40.843547;0.709959;75;0;-2;491;1038;54.66;118.47;;;
40.843371;0.710005;75;0;-1;491;1038;54.68;118.45;;;
40.843197;0.710063;75;0;-1;491;1038;54.7;118.43;;;
40.843025;0.710131;74;0;-1;491;1038;54.72;118.41;;;
40.842857;0.710215;74;0;-1;491;1038;54.74;118.39;;;
40.842688;0.710298;74;0;-1;491;1038;54.76;118.37;;;
40.84252;0.710382;73;0;-1;491;1038;54.78;118.35;;;
40.842351;0.710465;73;0;-1;491;1038;54.8;118.33;;;
40.842183;0.710549;73;0;-1;491;1038;54.82;118.31;;;
40.842015;0.710632;73;0;-1;491;1038;54.84;118.29;;;
40.841846;0.710716;73;0;-1;491;1038;54.86;118.27;;;
40.841676;0.710793;72;0;-1;491;1038;54.88;118.25;;;
40.841506;0.710869;72;0;-1;491;1038;54.9;118.23;;;
40.841333;0.710935;72;0;-1;491;1038;54.92;118.21;;;
40.841158;0.710993;72;0;-1;491;1038;54.94;118.19;;;
40.840983;0.711042;71;0;-1;491;1038;54.96;118.17;;;
40.840806;0.711088;71;0;-1;491;1038;54.98;118.15;;;
40.840629;0.711133;71;0;-1;491;1038;55;118.13;;;
40.840453;0.711178;71;0;-1;491;1038;55.02;118.11;;;
40.840274;0.711204;70;0;-1;491;1038;55.04;118.09;;;
40.840095;0.71123;70;0;-1;491;1038;55.06;118.07;;;
40.839916;0.711252;70;0;-1;491;1038;55.08;118.05;;;
40.839737;0.711264;70;0;-1;491;1038;55.1;118.03;;;
40.839557;0.711276;69;0;-1;491;1038;55.12;118.01;;;
40.839377;0.711276;69;0;-1;491;1038;55.14;117.99;;;
40.839197;0.711272;69;0;-1;491;1038;55.16;117.97;;;
40.839018;0.711263;69;0;-2;491;1038;55.18;117.95;;;
40.838838;0.711247;68;0;-2;491;1038;55.2;117.93;;;
40.838659;0.71123;68;0;-1;491;1038;55.22;117.91;;;
40.838481;0.711198;68;0;-1;491;1038;55.24;117.89;;;
40.838302;0.711166;67;0;-1;491;1038;55.26;117.87;;;
40.838125;0.711128;67;0;-1;491;1038;55.28;117.85;;;
40.837948;0.711083;67;0;-1;491;1038;55.3;117.83;;;
40.837772;0.711038;67;0;-1;491;1038;55.32;117.81;;;
40.837595;0.710992;66;0;-1;491;1038;55.34;117.79;;;
40.837418;0.710948;66;0;-1;491;1038;55.36;117.77;;;
40.837242;0.710903;66;0;-1;491;1038;55.38;117.75;;;
40.837065;0.710858;66;0;-1;491;1038;55.4;117.73;;;
40.836889;0.710813;65;0;-1;491;1038;55.42;117.71;;;
40.836712;0.710767;65;0;-1;491;1038;55.44;117.69;;;
40.836536;0.710722;65;0;-1;491;1038;55.46;117.67;;;
40.836359;0.710676;64;0;-1;491;1038;55.48;117.65;;;
40.836183;0.71063;64;0;-1;491;1038;55.5;117.63;;;
40.836006;0.710584;64;0;-1;491;1038;55.52;117.61;;;
40.83583;0.710538;63;0;-1;491;1038;55.54;117.59;;;
40.835653;0.710493;63;0;-1;491;1038;55.56;117.57;;;
40.835477;0.710447;63;0;-2;491;1038;55.58;117.55;;;
40.8353;0.710401;63;0;-2;491;1038;55.6;117.53;;;
40.835124;0.710355;62;0;-2;491;1038;55.62;117.51;;;
40.834947;0.71031;62;0;-2;491;1038;55.64;117.49;;;
40.83477;0.710264;62;0;-2;491;1038;55.66;117.47;;;
40.834594;0.710219;61;0;-2;491;1038;55.68;117.45;;;
40.834418;0.710173;61;0;-2;491;1038;55.7;117.43;;;
40.834241;0.710127;61;0;-2;491;1038;55.72;117.41;;;
40.834065;0.710081;60;0;-2;491;1038;55.74;117.39;;;
40.833888;0.710035;60;0;-2;491;1038;55.76;117.37;;;
40.833712;0.70999;60;0;-2;491;1038;55.78;117.35;;;
40.833535;0.709944;59;0;-2;491;1038;55.8;117.33;;;
40.833358;0.709898;59;0;-2;491;1038;55.82;117.31;;;
40.833182;0.709853;58;0;-2;491;1038;55.84;117.29;;;
40.833005;0.709807;58;0;-2;491;1038;55.86;117.27;;;
40.832829;0.709761;58;0;-2;491;1038;55.88;117.25;;;
40.832652;0.709715;57;0;-2;491;1038;55.9;117.23;;;
40.832476;0.70967;57;0;-2;491;1038;55.92;117.21;;;
40.832299;0.709624;57;0;-2;491;1038;55.94;117.19;;;
40.832123;0.709578;56;0;-2;491;1038;55.96;117.17;;;
40.831946;0.709532;56;0;-2;491;1038;55.98;117.15;;;
40.83177;0.709487;56;0;-2;491;1038;56;117.13;;;
40.831593;0.709442;55;0;-2;491;1038;56.02;117.11;;;
40.831417;0.709396;55;0;-2;491;1038;56.04;117.09;;;
40.83124;0.70935;54;0;-2;491;1038;56.06;117.07;;;
40.831064;0.709304;54;0;-2;491;1038;56.08;117.05;;;
40.830887;0.709259;54;0;-2;491;1038;56.1;117.03;;;
40.830711;0.709213;53;0;-2;491;1038;56.12;117.01;;;
40.830534;0.709167;53;0;-2;491;1038;56.14;116.99;;;
40.830358;0.709121;53;0;-2;491;1038;56.16;116.97;;;
40.830181;0.709075;52;0;-2;491;1038;56.18;116.95;;;
40.830005;0.70903;52;0;-2;491;1038;56.2;116.93;;;
40.829828;0.708985;52;0;-2;491;1038;56.22;116.91;;;
40.829652;0.708939;51;0;-2;491;1038;56.24;116.89;;;
40.829475;0.708893;51;0;-2;491;1038;56.26;116.87;;;
40.829299;0.708847;50;0;-2;491;1038;56.28;116.85;;;
40.829122;0.708801;50;0;-2;491;1038;56.3;116.83;;;
40.828946;0.708755;50;0;-2;491;1038;56.32;116.81;;;
40.828769;0.70871;49;0;-2;491;1038;56.34;116.79;;;
40.828593;0.708664;49;0;-2;491;1038;56.36;116.77;;;
40.828416;0.708618;49;0;-2;491;1038;56.38;116.75;;;
40.82824;0.708573;48;0;-2;491;1038;56.4;116.73;;;
40.828063;0.708527;48;0;-2;491;1038;56.42;116.71;;;
40.827887;0.708482;48;0;-2;491;1038;56.44;116.69;;;
40.82771;0.708436;47;0;-2;491;1038;56.46;116.67;;;
40.827534;0.70839;47;0;-2;491;1038;56.48;116.65;;;
40.827357;0.708345;47;0;-2;491;1038;56.5;116.63;;;
40.827181;0.708299;46;0;-2;491;1038;56.52;116.61;;;
40.827004;0.708254;46;0;-2;491;1038;56.54;116.59;;;
40.826828;0.708208;45;0;-2;491;1038;56.56;116.57;;;
40.826651;0.708162;45;0;-2;491;1038;56.58;116.55;;;
40.826475;0.708116;45;0;-2;491;1038;56.6;116.53;;;
40.826298;0.708071;44;0;-2;491;1038;56.62;116.51;;;
40.826121;0.708026;44;0;-2;491;1038;56.64;116.49;;;
40.825945;0.70798;43;0;-2;491;1038;56.66;116.47;;;
40.825768;0.707935;43;0;-2;491;1038;56.68;116.45;;;
40.825592;0.70789;42;0;-2;491;1038;56.7;116.43;;;
40.825415;0.707844;42;0;-2;491;1038;56.72;116.41;;;
40.825239;0.707799;42;0;-2;491;1038;56.74;116.39;;;
40.825062;0.707753;41;0;-2;491;1038;56.76;116.37;;;
40.824886;0.707708;41;0;-2;491;1038;56.78;116.35;;;
40.824709;0.707663;40;0;-2;491;1038;56.8;116.33;;;
40.824532;0.707617;40;0;-2;491;1038;56.82;116.31;;;
40.824356;0.707572;40;0;-2;491;1038;56.84;116.29;;;
40.824179;0.707526;39;0;-2;491;1038;56.86;116.27;;;
40.824003;0.707481;39;0;-2;491;1038;56.88;116.25;;;
40.823826;0.707436;38;0;-2;491;1038;56.9;116.23;;;
40.82365;0.70739;38;0;-2;491;1038;56.92;116.21;;;
40.823473;0.707345;38;0;-2;491;1038;56.94;116.19;;;
40.823296;0.7073;37;0;-2;491;1038;56.96;116.17;;;
40.82312;0.707255;37;0;-2;491;1038;56.98;116.15;;;
40.822943;0.707209;36;0;-2;491;1038;57;116.13;;;
40.822767;0.707164;36;0;-2;491;1038;57.02;116.11;;;
40.82259;0.707119;35;0;-2;491;1038;57.04;116.09;;;
40.822414;0.707073;35;0;-2;491;1038;57.06;116.07;;;
40.822237;0.707028;35;0;-2;491;1038;57.08;116.05;;;
40.822061;0.706982;34;0;-2;491;1038;57.1;116.03;;;
40.821884;0.706937;34;0;-2;491;1038;57.12;116.01;;;
40.821707;0.706892;33;0;-2;491;1038;57.14;115.99;;;
40.821531;0.706847;33;0;-2;491;1038;57.16;115.97;;;
40.821354;0.706801;33;0;-2;491;1038;57.18;115.95;;;
40.821178;0.706756;32;0;-2;491;1038;57.2;115.93;;;
40.821001;0.706711;32;0;-2;491;1038;57.22;115.91;;;
40.820825;0.706666;31;0;-2;491;1038;57.24;115.89;;;
40.820648;0.70662;31;0;-2;491;1038;57.26;115.87;;;
40.820472;0.706574;30;0;-2;491;1038;57.28;115.85;;;
40.820296;0.706522;30;0;-2;491;1038;57.3;115.83;;;
40.820121;0.70647;29;0;-2;491;1038;57.32;115.81;;;
40.81995;0.706393;29;0;-2;491;1038;57.34;115.79;;;
40.81978;0.706317;28;0;-3;491;1038;57.36;115.77;;;
40.81961;0.70624;28;0;-2;491;1038;57.38;115.75;;;
40.819439;0.706164;27;0;-2;491;1038;57.4;115.73;;;
40.819275;0.706068;27;0;-2;491;1038;57.42;115.71;;;
40.819111;0.70597;26;0;-2;491;1038;57.44;115.69;;;
40.818952;0.705859;26;0;-2;491;1038;57.46;115.67;;;
40.818796;0.705741;26;0;-2;491;1038;57.48;115.65;;;
40.81864;0.705623;25;0;-2;491;1038;57.5;115.63;;;
40.818488;0.705497;25;0;-2;491;1038;57.52;115.61;;;
40.818344;0.705353;24;0;-2;491;1038;57.54;115.59;;;
40.818201;0.70521;24;0;-2;491;1038;57.56;115.57;;;
40.818057;0.705067;23;0;-2;491;1038;57.58;115.55;;;
40.817914;0.704923;23;0;-2;491;1038;57.6;115.53;;;
40.81777;0.70478;22;0;-2;491;1038;57.62;115.51;;;
40.817627;0.704637;22;0;-2;491;1038;57.64;115.49;;;
40.817484;0.704493;22;0;-2;491;1038;57.66;115.47;;;
40.817338;0.704354;21;0;-3;491;1038;57.68;115.45;;;
40.817189;0.704222;20;0;-3;491;1038;57.7;115.43;;;
40.817034;0.7041;20;0;-3;491;1038;57.72;115.41;;;
40.816876;0.703989;19;0;-3;491;1038;57.74;115.39;;;
40.816711;0.703893;19;0;-2;491;1038;57.76;115.37;;;
40.816544;0.703807;18;0;-2;491;1038;57.78;115.35;;;
40.816372;0.703736;18;0;-2;491;1038;57.8;115.33;;;
40.816199;0.703672;18;0;-2;491;1038;57.82;115.31;;;
40.816023;0.703622;17;0;-2;491;1038;57.84;115.29;;;
40.815845;0.703589;17;0;-2;491;1038;57.86;115.27;;;
40.815666;0.703563;16;0;-2;491;1038;57.88;115.25;;;
40.815487;0.703563;16;0;-2;491;1038;57.9;115.23;;;
40.815307;0.703568;15;0;-2;491;1038;57.92;115.21;;;
40.815128;0.703594;15;0;-2;491;1038;57.94;115.19;;;
40.81495;0.703622;14;0;-2;491;1038;57.96;115.17;;;
40.814774;0.703672;14;0;-2;491;1038;57.98;115.15;;;
40.814598;0.703723;14;0;-2;491;1038;58;115.13;;;
40.814425;0.703787;13;0;-2;491;1038;58.02;115.11;;;
40.814253;0.703857;13;0;-1;491;1038;58.04;115.09;;;
40.814083;0.703933;13;0;-1;491;1038;58.06;115.07;;;
40.813912;0.704009;13;0;-1;491;1038;58.08;115.05;;;
40.813742;0.704086;12;0;-1;491;1038;58.1;115.03;;;
40.813572;0.704162;12;0;-1;491;1038;58.12;115.01;;;
40.813401;0.704238;12;0;-1;491;1038;58.14;114.99;;;
40.813229;0.704306;12;0;-1;491;1038;58.16;114.97;;;
40.813056;0.704372;12;0;-1;491;1038;58.18;114.95;;;
40.812882;0.704433;11;0;-1;491;1038;58.2;114.93;;;
40.812709;0.704495;11;0;-1;491;1038;58.22;114.91;;;
40.812535;0.704557;11;0;-1;491;1038;58.24;114.89;;;
40.812361;0.704619;11;0;-1;491;1038;58.26;114.87;;;
40.812187;0.704678;11;0;-1;491;1038;58.28;114.85;;;
40.812011;0.704726;10;0;-1;491;1038;58.3;114.83;17;;
40.811835;0.704774;10;0;-1;491;1038;58.32;114.81;;;
40.811656;0.704797;10;0;-1;491;1038;58.34;114.79;;;
40.811476;0.704794;10;0;-1;491;1038;58.36;114.77;;;
40.811297;0.704786;10;0;-1;491;1038;58.38;114.75;;;
40.81112;0.704741;9;0;-1;491;1038;58.4;114.73;;;
40.810944;0.704695;9;0;-1;491;1038;58.42;114.71;;;
40.810771;0.704629;9;0;-1;491;1038;58.44;114.69;;;
40.810605;0.704538;9;0;0;491;1038;58.46;114.67;;;
40.810439;0.704447;9;0;0;491;1038;58.48;114.65;;;
40.810281;0.704335;9;0;0;491;1038;58.5;114.63;;;
40.810129;0.704209;9;0;0;491;1038;58.52;114.61;;;
40.809985;0.704065;9;0;0;491;1038;58.54;114.59;;;
40.809853;0.703904;9;0;0;491;1038;58.56;114.57;;;
40.809726;0.703737;9;0;0;491;1038;58.58;114.55;;;
40.809615;0.70355;9;0;0;491;1038;58.6;114.53;;;
40.809503;0.703363;9;0;0;491;1038;58.62;114.51;;;
40.809414;0.703157;9;0;0;491;1038;58.64;114.49;;;
40.809328;0.702949;9;0;0;491;1038;58.66;114.47;;;
40.809261;0.702729;9;0;0;491;1038;58.68;114.45;;;
40.809203;0.702504;9;0;0;491;1038;58.7;114.43;;;
40.809162;0.702273;10;0;1;491;1038;58.72;114.41;;;
40.80913;0.70204;10;0;1;491;1038;58.74;114.39;;;
40.809106;0.701804;10;0;1;491;1038;58.76;114.37;;;
40.809085;0.701568;10;0;1;491;1038;58.78;114.35;;;
40.809072;0.701331;10;0;1;492;1037;58.8;114.33;;;
40.809059;0.701094;10;0;1;492;1037;58.82;114.31;;;
40.809046;0.700857;10;0;1;492;1037;58.84;114.29;;;
40.809033;0.70062;11;0;1;492;1037;58.86;114.27;;;
40.809004;0.700386;11;0;1;492;1037;58.88;114.25;;;
40.808968;0.700153;11;0;1;492;1037;58.9;114.23;;;
40.808932;0.69992;11;0;1;493;1036;58.92;114.21;;;
40.808881;0.699693;11;0;1;493;1036;58.94;114.19;;;
40.808814;0.699472;12;0;1;493;1036;58.96;114.17;;;
40.808738;0.699257;12;0;1;493;1036;58.98;114.15;;;
40.808661;0.699042;12;0;1;494;1035;59;114.13;;;
40.808565;0.698842;12;0;1;494;1035;59.02;114.11;;;
40.808461;0.698648;12;0;1;494;1035;59.04;114.09;;;
40.808357;0.698455;13;0;1;494;1035;59.06;114.07;;;
40.808248;0.698266;13;0;1;494;1035;59.08;114.05;;;
40.80812;0.698099;13;0;2;495;1034;59.1;114.03;;;
40.807987;0.69794;14;0;2;495;1034;59.12;114.01;;;
40.807852;0.697783;14;0;2;496;1033;59.14;113.99;;;
40.807704;0.697648;14;0;2;496;1033;59.16;113.97;;;
40.807556;0.697513;15;0;2;496;1033;59.18;113.95;;;
40.807402;0.697391;15;0;2;497;1032;59.2;113.93;;;
40.807246;0.697273;15;0;1;497;1032;59.22;113.91;;;
40.807089;0.697155;15;0;1;497;1032;59.24;113.89;;;
40.806933;0.697037;16;0;1;497;1032;59.26;113.87;;;
40.806777;0.69692;16;0;1;498;1031;59.28;113.85;;;
40.80662;0.696803;16;0;1;498;1031;59.3;113.83;;;
40.806464;0.696685;16;0;1;498;1031;59.32;113.81;;;
40.806314;0.696554;17;0;2;498;1031;59.34;113.79;;;
40.806166;0.696419;17;0;2;499;1030;59.36;113.77;;;
40.806022;0.696277;18;0;2;499;1030;59.38;113.75;;;
40.805883;0.696126;18;0;2;499;1030;59.4;113.73;;;
40.805756;0.695958;18;0;2;500;1029;59.42;113.71;;;
40.805631;0.695787;19;0;2;500;1029;59.44;113.69;;;
40.80551;0.695611;19;0;2;501;1028;59.46;113.67;;;
40.805399;0.695425;19;0;2;501;1028;59.48;113.65;;;
40.805295;0.695232;20;0;1;501;1028;59.5;113.63;;;
40.805191;0.695038;20;0;1;501;1028;59.52;113.61;;;
40.805096;0.694836;20;0;1;502;1027;59.54;113.59;;;
40.805006;0.69463;20;0;1;502;1027;59.56;113.57;;;
40.80493;0.694415;21;0;1;502;1027;59.58;113.55;;;
40.804854;0.6942;21;0;1;503;1026;59.6;113.53;;;
40.804777;0.693985;21;0;1;503;1026;59.62;113.51;;;
40.804701;0.693769;21;0;1;503;1026;59.64;113.49;;;
40.804625;0.693554;22;0;1;503;1026;59.66;113.47;;;
40.804549;0.693339;22;0;1;504;1025;59.68;113.45;;;
40.804473;0.693124;22;0;1;504;1025;59.7;113.43;;;
40.804396;0.692908;22;0;1;504;1025;59.72;113.41;;;
40.80432;0.692693;23;0;1;504;1025;59.74;113.39;;;
40.804245;0.692477;23;0;1;505;1024;59.76;113.37;;;
40.804168;0.692262;23;0;1;505;1024;59.78;113.35;;;
40.804092;0.692047;23;0;1;505;1024;59.8;113.33;;;
40.804014;0.691833;24;0;1;505;1024;59.82;113.31;;;
40.80393;0.691623;24;0;1;505;1024;59.84;113.29;;;
40.803846;0.691413;24;0;1;505;1024;59.86;113.27;;;
40.803761;0.691203;24;0;1;506;1023;59.88;113.25;;;
40.803677;0.690993;24;0;0;506;1023;59.9;113.23;;;
40.803599;0.690779;24;0;0;506;1023;59.92;113.21;;;
40.803527;0.690562;24;0;0;506;1023;59.94;113.19;;;
40.803454;0.690344;24;0;0;506;1023;59.96;113.17;;;
40.803387;0.690124;24;0;0;506;1023;59.98;113.15;;;
40.80333;0.689899;24;0;0;506;1023;60;113.13;;;
40.803273;0.689673;24;0;0;506;1023;60.02;113.11;;;
40.803208;0.689453;24;0;-1;506;1023;60.04;113.09;;;
40.803089;0.689279;24;0;-1;506;1023;60.06;113.07;;;
40.80293;0.68927;24;0;-1;506;1023;60.08;113.05;;;
40.802771;0.689383;24;0;-1;506;1023;60.1;113.03;18;;
40.802649;0.689555;23;0;-1;506;1023;60.12;113.01;;;
40.802549;0.689751;23;0;-1;506;1023;60.14;112.99;;;
40.802467;0.689962;23;0;-1;506;1023;60.16;112.97;;;
40.802384;0.690173;22;0;-2;506;1023;60.18;112.95;;;
40.802313;0.690391;22;0;-2;506;1023;60.2;112.93;;;
40.802242;0.690609;22;0;-2;506;1023;60.22;112.91;;;
40.802169;0.690827;21;0;-2;506;1023;60.24;112.89;;;
40.802097;0.691044;21;0;-2;506;1023;60.26;112.87;;;
40.802014;0.691255;20;0;-2;506;1023;60.28;112.85;;;
40.801923;0.691459;20;0;-2;506;1023;60.3;112.83;;;
40.801806;0.691639;19;0;-2;506;1023;60.32;112.81;;;
40.801681;0.69181;19;0;-2;506;1023;60.34;112.79;;;
40.801555;0.69198;19;0;-2;506;1023;60.36;112.77;;;
40.801429;0.692149;18;0;-2;506;1023;60.38;112.75;;;
40.801303;0.692319;18;0;-3;506;1023;60.4;112.73;;;
40.801178;0.692489;17;0;-3;506;1023;60.42;112.71;;;
40.801052;0.69266;17;0;-3;506;1023;60.44;112.69;;;
40.800937;0.692841;16;0;-3;506;1023;60.46;112.67;;;
40.800821;0.693024;15;0;-3;506;1023;60.48;112.65;;;
40.800721;0.693221;14;0;-3;506;1023;60.5;112.63;;;
40.80062;0.693417;14;0;-3;506;1023;60.52;112.61;;;
40.800536;0.693628;13;0;-3;506;1023;60.54;112.59;;;
40.800452;0.693838;13;0;-3;506;1023;60.56;112.57;;;
40.800368;0.694048;12;0;-3;506;1023;60.58;112.55;;;
40.800284;0.694258;12;0;-3;506;1023;60.6;112.53;;;
40.800184;0.694455;11;0;-3;506;1023;60.62;112.51;;;
40.800077;0.694645;10;0;-3;506;1023;60.64;112.49;;;
40.799956;0.694822;9;0;-3;506;1023;60.66;112.47;;;
40.799833;0.694996;8;0;-3;506;1023;60.68;112.45;;;
40.799699;0.695153;8;0;-3;506;1023;60.7;112.43;;;
40.79956;0.695303;7;0;-3;506;1023;60.72;112.41;;;
40.799409;0.695432;7;0;-3;506;1023;60.74;112.39;;;
40.799253;0.695551;6;0;-3;506;1023;60.76;112.37;;;
40.799098;0.69567;5;0;-3;506;1023;60.78;112.35;;;
40.798942;0.695789;5;0;-3;506;1023;60.8;112.33;;;
40.798791;0.695918;5;0;-3;506;1023;60.82;112.31;;;
40.798651;0.696065;4;0;-3;506;1023;60.84;112.29;;;
40.798494;0.696172;3;0;-3;506;1023;60.86;112.27;;;
40.798325;0.696252;3;0;-3;506;1023;60.88;112.25;;;
40.798158;0.696306;2;0;-3;506;1023;60.9;112.23;;;
40.797981;0.696271;1;0;-2;506;1023;60.92;112.21;;;
40.797806;0.696218;1;0;-2;506;1023;60.94;112.19;;;
40.797655;0.696094;1;0;-2;506;1023;60.96;112.17;;;
40.797497;0.69598;0;0;-1;506;1023;60.98;112.15;;;
40.797339;0.695866;0;0;-1;506;1023;61;112.13;;;
40.797182;0.695752;0;0;-1;506;1023;61.02;112.11;;;
40.797024;0.695638;0;0;-1;506;1023;61.04;112.09;;;
40.796866;0.695525;0;0;-1;506;1023;61.06;112.07;;;
40.796708;0.695411;-1;0;-1;506;1023;61.08;112.05;;;
40.79655;0.695297;-1;0;-1;506;1023;61.1;112.03;;;
40.796396;0.695173;-1;0;-1;506;1023;61.12;112.01;;;
40.796243;0.695049;-1;0;-1;506;1023;61.14;111.99;;;
40.79609;0.694924;-1;0;-1;506;1023;61.16;111.97;;;
40.795937;0.694799;-1;0;-1;506;1023;61.18;111.95;;;
40.795787;0.694669;-1;0;0;506;1023;61.2;111.93;;;
40.795641;0.69453;-1;0;0;506;1023;61.22;111.91;;;
40.795495;0.694391;-2;0;0;506;1023;61.24;111.89;;;
40.795355;0.694242;-2;0;0;506;1023;61.26;111.87;;;
40.795225;0.694079;-2;0;0;506;1023;61.28;111.85;;;
40.795088;0.693993;-2;0;0;506;1023;61.3;111.83;;;
40.794919;0.69399;-2;0;0;506;1023;61.32;111.81;;;
40.79478;0.69414;-2;0;0;506;1023;61.34;111.79;;;
40.79464;0.69429;-2;0;0;506;1023;61.36;111.77;;;
40.794501;0.69444;-2;0;0;506;1023;61.38;111.75;;;
40.794361;0.69459;-2;0;0;506;1023;61.4;111.73;;;
40.794219;0.694735;-2;0;0;506;1023;61.42;111.71;;;
40.79407;0.694869;-2;0;0;506;1023;61.44;111.69;;;
40.793922;0.695003;-2;0;0;506;1023;61.46;111.67;;;
40.793773;0.695137;-2;0;0;506;1023;61.48;111.65;;;
40.793625;0.695271;-2;0;0;506;1023;61.5;111.63;;;
40.793477;0.695405;-2;0;0;506;1023;61.52;111.61;;;
40.793328;0.69554;-2;0;0;506;1023;61.54;111.59;;;
40.79318;0.695675;-2;0;0;506;1023;61.56;111.57;;;
40.793032;0.695809;-1;0;0;506;1023;61.58;111.55;;;
40.792883;0.695943;-1;0;0;506;1023;61.6;111.53;;;
40.792735;0.696078;-1;0;0;506;1023;61.62;111.51;;;
40.792587;0.696212;-1;0;0;506;1023;61.64;111.49;;;
40.792439;0.696347;-1;0;0;506;1023;61.66;111.47;;;
40.79229;0.696481;-1;0;0;506;1023;61.68;111.45;;;
40.792141;0.696614;-1;0;0;506;1023;61.7;111.43;;;
40.791989;0.696741;-1;0;0;507;1022;61.72;111.41;;;
40.791837;0.696868;-1;0;0;507;1022;61.74;111.39;;;
40.791685;0.696995;-1;0;0;507;1022;61.76;111.37;;;
40.791533;0.697122;-1;0;0;507;1022;61.78;111.35;;;
40.791381;0.697249;-1;0;0;507;1022;61.8;111.33;;;
40.791229;0.697376;-1;0;0;507;1022;61.82;111.31;;;
40.791077;0.697503;-1;0;0;507;1022;61.84;111.29;;;
40.790925;0.697629;-1;0;0;507;1022;61.86;111.27;;;
40.790774;0.697559;-1;0;0;507;1022;61.88;111.25;;;
40.790637;0.697406;-1;0;0;507;1022;61.9;111.23;;;
40.790506;0.697244;-1;0;0;507;1022;61.92;111.21;;;
40.790374;0.697082;-1;0;0;507;1022;61.94;111.19;;;
40.790242;0.69692;0;0;0;507;1022;61.96;111.17;;;
40.790111;0.696758;0;0;0;507;1022;61.98;111.15;;;
40.789979;0.696597;0;0;0;507;1022;62;111.13;;;
40.789847;0.696435;0;0;0;507;1022;62.02;111.11;;;
40.789716;0.696273;0;0;0;507;1022;62.04;111.09;;;
40.789584;0.696111;0;0;0;508;1021;62.06;111.07;;;
40.789452;0.695949;0;0;0;508;1021;62.08;111.05;;;
40.789321;0.695787;0;0;0;508;1021;62.1;111.03;;;
40.789189;0.695625;0;0;0;508;1021;62.12;111.01;;;
40.789058;0.695463;0;0;0;508;1021;62.14;110.99;;;
40.788926;0.695302;0;0;0;508;1021;62.16;110.97;;;
40.788794;0.69514;0;0;0;508;1021;62.18;110.95;;;
40.788662;0.694978;0;0;0;508;1021;62.2;110.93;;;
40.788531;0.694816;0;0;0;508;1021;62.22;110.91;;;
40.788399;0.694654;0;0;0;508;1021;62.24;110.89;;;
40.788267;0.694492;0;0;0;508;1021;62.26;110.87;;;
40.788135;0.694331;0;0;0;508;1021;62.28;110.85;;;
40.788004;0.694169;0;0;0;508;1021;62.3;110.83;;;
40.787868;0.694013;0;0;0;508;1021;62.32;110.81;;;
40.787728;0.693864;0;0;0;508;1021;62.34;110.79;;;
40.787588;0.693715;0;0;0;508;1021;62.36;110.77;;;
40.787438;0.693591;0;0;0;508;1021;62.38;110.75;;;
40.787268;0.693514;0;0;0;508;1021;62.4;110.73;;;
40.787098;0.693436;0;0;0;508;1021;62.42;110.71;;;
40.786927;0.693359;0;0;0;508;1021;62.44;110.69;;;
40.786757;0.693282;0;0;0;508;1021;62.46;110.67;;;
40.786587;0.693205;0;0;0;508;1021;62.48;110.65;;;
40.786417;0.693128;0;0;0;508;1021;62.5;110.63;;;
40.786247;0.693051;0;0;0;508;1021;62.52;110.61;;;
40.786077;0.692974;0;0;0;508;1021;62.54;110.59;;;
40.785907;0.692897;0;0;0;508;1021;62.56;110.57;;;
40.785737;0.692818;0;0;0;508;1021;62.58;110.55;;;
40.785569;0.692732;0;0;0;508;1021;62.6;110.53;;;
40.785402;0.692645;0;0;0;508;1021;62.62;110.51;;;
40.785234;0.692559;0;0;0;508;1021;62.64;110.49;;;
40.785067;0.692473;0;0;0;508;1021;62.66;110.47;;;
40.784899;0.692387;0;0;0;508;1021;62.68;110.45;;;
40.784731;0.692301;0;0;0;508;1021;62.7;110.43;;;
40.784564;0.692215;0;0;0;508;1021;62.72;110.41;;;
40.784396;0.69213;0;0;0;508;1021;62.74;110.39;;;
40.784228;0.692044;0;0;0;508;1021;62.76;110.37;;;
40.78406;0.691958;0;0;0;508;1021;62.78;110.35;;;
40.783893;0.691872;0;0;0;508;1021;62.8;110.33;;;
40.783725;0.691786;0;0;0;508;1021;62.82;110.31;;;
40.783557;0.6917;0;0;0;508;1021;62.84;110.29;;;
40.78339;0.691614;0;0;0;508;1021;62.86;110.27;;;
40.783222;0.691528;0;0;0;508;1021;62.88;110.25;;;
40.783054;0.691442;0;0;0;508;1021;62.9;110.23;;;
40.782887;0.691356;0;0;0;508;1021;62.92;110.21;;;
40.782719;0.691271;0;0;0;508;1021;62.94;110.19;;;
40.782551;0.691185;0;0;0;508;1021;62.96;110.17;;;
40.782383;0.691099;0;0;0;508;1021;62.98;110.15;;;
40.782216;0.691014;0;0;0;508;1021;63;110.13;;;
40.782048;0.690928;0;0;0;508;1021;63.02;110.11;;;
40.78188;0.690842;0;0;0;508;1021;63.04;110.09;;;
40.781713;0.690756;0;0;0;508;1021;63.06;110.07;;;
40.781538;0.690701;0;0;0;508;1021;63.08;110.05;;;
40.781362;0.690647;0;0;0;508;1021;63.1;110.03;;;
40.781187;0.690594;0;0;0;508;1021;63.12;110.01;;;
40.781012;0.690541;0;0;0;508;1021;63.14;109.99;;;
40.780837;0.690488;0;0;0;508;1021;63.16;109.97;;;
40.780661;0.690435;0;0;0;508;1021;63.18;109.95;;;
40.780486;0.690383;0;0;0;508;1021;63.2;109.93;;;
40.78031;0.69033;0;0;0;508;1021;63.22;109.91;;;
40.780135;0.690277;0;0;0;508;1021;63.24;109.89;;;
40.77996;0.690224;0;0;0;508;1021;63.26;109.87;;;
40.779784;0.690171;0;0;0;508;1021;63.28;109.85;;;
40.779609;0.690119;0;0;0;508;1021;63.3;109.83;;;
40.779434;0.690065;0;0;0;508;1021;63.32;109.81;;;
40.779258;0.690013;0;0;0;508;1021;63.34;109.79;;;
40.779083;0.68996;0;0;0;508;1021;63.36;109.77;;;
40.778908;0.689907;0;0;0;508;1021;63.38;109.75;;;
40.778732;0.689854;0;0;0;508;1021;63.4;109.73;;;
40.778557;0.689802;0;0;0;508;1021;63.42;109.71;;;
40.778381;0.689749;0;0;0;508;1021;63.44;109.69;;;
40.778206;0.689697;0;0;0;508;1021;63.46;109.67;;;
40.778031;0.689644;0;0;0;508;1021;63.48;109.65;;;
40.777855;0.689591;0;0;0;508;1021;63.5;109.63;;;
40.777679;0.689541;0;0;0;508;1021;63.52;109.61;;;
40.777504;0.689491;0;0;0;508;1021;63.54;109.59;;;
40.777328;0.68944;0;0;0;508;1021;63.56;109.57;;;
40.777152;0.68939;0;0;0;508;1021;63.58;109.55;;;
40.776976;0.689341;0;0;0;508;1021;63.6;109.53;;;
40.7768;0.689291;0;0;0;508;1021;63.62;109.51;;;
40.776624;0.689241;0;0;0;508;1021;63.64;109.49;;;
40.776445;0.689232;0;0;0;508;1021;63.66;109.47;;;
40.776272;0.68928;0;0;0;508;1021;63.68;109.45;;;
40.776135;0.689422;0;0;0;508;1021;63.7;109.43;;;
40.776021;0.689606;0;0;0;508;1021;63.72;109.41;;;
40.775875;0.689738;0;0;0;508;1021;63.74;109.39;;;
40.775704;0.689812;0;0;0;508;1021;63.76;109.37;;;
40.775533;0.689885;0;0;0;508;1021;63.78;109.35;;;
40.775362;0.689959;0;0;0;508;1021;63.8;109.33;;;
40.775191;0.690033;0;0;0;508;1021;63.82;109.31;;;
40.77502;0.690106;0;0;0;508;1021;63.84;109.29;;;
40.774849;0.69018;0;0;0;508;1021;63.86;109.27;;;
40.774679;0.690257;0;0;0;508;1021;63.88;109.25;;;
40.774509;0.690333;0;0;0;508;1021;63.9;109.23;;;
40.774338;0.690409;0;0;0;508;1021;63.92;109.21;;;
40.774168;0.690485;0;0;0;508;1021;63.94;109.19;;;
40.773997;0.690561;0;0;0;508;1021;63.96;109.17;;;
40.773827;0.690638;0;0;0;508;1021;63.98;109.15;;;
40.773657;0.690714;0;0;0;509;1020;64;109.13;;;
40.773486;0.690789;0;0;0;509;1020;64.02;109.11;;;
40.773143;0.690933;0;0;0;509;1020;64.06;109.07;;;
40.772971;0.691003;0;0;0;509;1020;64.08;109.05;;;
40.772628;0.691144;0;0;0;509;1020;64.12;109.01;;;
40.772456;0.691215;0;0;0;509;1020;64.14;108.99;;;
40.772284;0.691286;0;0;0;509;1020;64.16;108.97;;;
40.771941;0.691426;0;0;0;509;1020;64.2;108.93;;;
40.771769;0.691497;0;0;0;509;1020;64.22;108.91;;;
40.771254;0.69171;0;0;0;509;1020;64.28;108.85;;;
40.771082;0.69178;1;0;0;509;1020;64.3;108.83;;;
40.770739;0.691922;1;0;0;509;1020;64.34;108.79;;;
40.770567;0.691992;1;0;0;509;1020;64.36;108.77;;;
40.770395;0.692062;1;0;0;509;1020;64.38;108.75;;;
40.770052;0.692203;1;0;0;509;1020;64.42;108.71;;;
40.76988;0.692274;1;0;0;509;1020;64.44;108.69;;;
40.769537;0.692415;1;0;0;509;1020;64.48;108.65;;;
40.769365;0.692486;1;0;0;509;1020;64.5;108.63;;;
40.769193;0.692557;1;0;0;509;1020;64.52;108.61;;;
40.76885;0.692698;1;0;0;509;1020;64.56;108.57;;;
40.768678;0.692768;1;0;0;509;1020;64.58;108.55;;;
40.768335;0.692909;1;0;0;509;1020;64.62;108.51;;;
40.768163;0.69298;1;0;0;509;1020;64.64;108.49;;;
40.767991;0.693051;1;0;0;509;1020;64.66;108.47;;;
40.767648;0.693192;1;0;0;509;1020;64.7;108.43;;;
40.767476;0.693263;1;0;0;509;1020;64.72;108.41;;;
40.766961;0.693474;1;0;0;509;1020;64.78;108.35;;;
40.766789;0.693545;1;0;0;509;1020;64.8;108.33;;;
40.766446;0.693686;1;0;0;509;1020;64.84;108.29;;;
40.766274;0.693757;1;0;0;509;1020;64.86;108.27;;;
40.766102;0.693828;1;0;0;509;1020;64.88;108.25;;;
40.765766;0.693995;0;0;0;509;1020;64.92;108.21;;;
40.765606;0.694104;0;0;0;509;1020;64.94;108.19;;;
40.76529;0.69433;0;0;0;509;1020;64.98;108.15;;;
40.765134;0.694449;0;0;0;509;1020;65;108.13;;;
40.764978;0.694567;0;0;0;509;1020;65.02;108.11;;;
40.764666;0.694803;0;0;0;509;1020;65.06;108.07;;;
40.76451;0.694921;0;0;0;509;1020;65.08;108.05;;;
40.764198;0.695157;0;0;0;509;1020;65.12;108.01;;;
40.764041;0.695275;0;0;0;509;1020;65.14;107.99;;;
40.763886;0.695394;0;0;0;509;1020;65.16;107.97;;;
40.763574;0.69563;0;0;0;509;1020;65.2;107.93;;;
40.763417;0.695748;0;0;0;509;1020;65.22;107.91;;;
40.762949;0.696103;0;0;0;509;1020;65.28;107.85;;;
40.762793;0.69622;0;0;0;509;1020;65.3;107.83;;;
40.762481;0.696457;0;0;0;509;1020;65.34;107.79;;;
40.762325;0.696575;0;0;0;509;1020;65.36;107.77;;;
40.762169;0.696693;0;0;0;509;1020;65.38;107.75;;;
40.761853;0.69692;0;0;0;509;1020;65.42;107.71;;;
40.761703;0.697049;0;0;0;509;1020;65.44;107.69;;;
40.76141;0.697324;0;0;0;509;1020;65.48;107.65;;;
40.761263;0.697461;0;0;0;509;1020;65.5;107.63;;;
40.761117;0.6976;0;0;0;509;1020;65.52;107.61;;;
40.760824;0.697875;0;0;0;509;1020;65.56;107.57;;;
40.760677;0.698012;0;0;0;509;1020;65.58;107.55;;;
40.760384;0.698288;0;0;0;509;1020;65.62;107.51;;;
40.760237;0.698426;0;0;0;509;1020;65.64;107.49;;;
40.760088;0.698558;0;0;0;509;1020;65.66;107.47;;;
40.759783;0.698809;0;0;0;509;1020;65.7;107.43;;;
40.75963;0.698935;0;0;0;509;1020;65.72;107.41;;;
40.759173;0.699313;0;0;0;509;1020;65.78;107.35;;;
40.759024;0.699446;0;0;0;509;1020;65.8;107.33;;;
40.758726;0.699712;0;0;0;509;1020;65.84;107.29;;;
40.758577;0.699845;0;0;0;509;1020;65.86;107.27;;;
40.758428;0.699978;0;0;0;509;1020;65.88;107.25;;;
40.75813;0.700245;0;0;0;509;1020;65.92;107.21;;;
40.757981;0.700378;0;0;0;509;1020;65.94;107.19;;;
40.757684;0.700645;0;0;0;509;1020;65.98;107.15;;;
40.757535;0.700778;0;0;0;509;1020;66;107.13;;;
40.757386;0.700911;0;0;0;509;1020;66.02;107.11;;;
40.757088;0.701178;0;0;0;509;1020;66.06;107.07;;;
40.756939;0.701311;0;0;0;509;1020;66.08;107.05;;;
40.756641;0.701576;0;0;0;509;1020;66.12;107.01;;;
40.756493;0.70171;0;0;0;509;1020;66.14;106.99;;;
40.756344;0.701844;0;0;0;509;1020;66.16;106.97;;;
40.756046;0.70211;0;0;0;509;1020;66.2;106.93;;;
40.755897;0.702243;0;0;0;509;1020;66.22;106.91;;;
40.755451;0.702643;0;0;0;510;1019;66.28;106.85;;;
40.7553;0.702772;0;0;0;510;1019;66.3;106.83;;;
40.754996;0.703026;0;0;0;510;1019;66.34;106.79;;;
40.754843;0.703153;0;0;0;510;1019;66.36;106.77;;;
40.754692;0.70328;0;0;0;510;1019;66.38;106.75;;;
40.754387;0.703534;1;0;0;510;1019;66.42;106.71;;;
40.754236;0.703661;1;0;0;510;1019;66.44;106.69;;;
40.753944;0.703939;1;0;0;510;1019;66.48;106.65;;;
40.753797;0.704076;1;0;0;510;1019;66.5;106.63;;;
40.753646;0.704204;1;0;0;510;1019;66.52;106.61;;;
40.753325;0.704419;1;0;0;510;1019;66.56;106.57;;;
40.753163;0.704521;1;0;0;510;1019;66.58;106.55;;;
40.752824;0.704679;1;0;0;510;1019;66.62;106.51;;;
40.752654;0.704757;1;0;0;510;1019;66.64;106.49;;;
40.752484;0.704835;1;0;0;510;1019;66.66;106.47;;;
40.752145;0.704993;1;0;0;510;1019;66.7;106.43;;;
40.751975;0.705071;1;0;0;510;1019;66.72;106.41;;;
40.751494;0.705387;1;0;0;510;1019;66.78;106.35;;;
40.751357;0.70554;1;0;0;510;1019;66.8;106.33;;;
40.751103;0.705875;1;0;0;510;1019;66.84;106.29;;;
40.750994;0.706063;1;0;0;510;1019;66.86;106.27;;;
40.750898;0.706264;1;0;0;510;1019;66.88;106.25;;;
40.750705;0.706665;1;0;0;510;1019;66.92;106.21;;;
40.750617;0.706871;1;0;0;510;1019;66.94;106.19;;;
40.75045;0.707292;1;0;0;510;1019;66.98;106.15;;;
40.750367;0.707502;1;0;0;510;1019;67;106.13;;;
40.750283;0.707713;1;0;0;510;1019;67.02;106.11;;;
40.750069;0.708093;1;0;0;510;1019;67.06;106.07;;;
40.749959;0.708281;1;0;0;510;1019;67.08;106.05;;;
40.749739;0.708657;1;0;0;510;1019;67.12;106.01;;;
40.749613;0.708825;1;0;0;510;1019;67.14;105.99;;;
40.74948;0.708985;1;0;0;510;1019;67.16;105.97;;;
40.749214;0.709304;1;0;0;510;1019;67.2;105.93;;;
40.74908;0.709464;1;0;0;510;1019;67.22;105.91;;;
40.748647;0.709888;1;0;0;510;1019;67.28;105.85;;;
40.748502;0.710028;1;0;0;510;1019;67.3;105.83;;;
40.748198;0.710283;1;0;0;510;1019;67.34;105.79;;;
40.748046;0.710408;1;0;0;510;1019;67.36;105.77;;;
40.747893;0.710533;1;0;0;510;1019;67.38;105.75;;;
40.747582;0.710767;1;0;0;510;1019;67.42;105.71;;;
40.747409;0.710834;1;0;0;510;1019;67.44;105.69;;;
40.747064;0.710967;1;0;0;510;1019;67.48;105.65;;;
40.74689;0.711028;1;0;0;510;1019;67.5;105.63;;;
40.746713;0.711067;1;0;0;510;1019;67.52;105.61;;;
40.746358;0.711147;1;0;0;510;1019;67.56;105.57;;;
40.746181;0.711186;1;0;0;510;1019;67.58;105.55;;;
40.745826;0.711266;1;0;0;510;1019;67.62;105.51;;;
40.745649;0.711306;1;0;0;510;1019;67.64;105.49;;;
40.745471;0.711345;1;0;0;510;1019;67.66;105.47;;;
40.745117;0.71143;1;0;0;510;1019;67.7;105.43;;;
40.744941;0.711475;1;0;0;510;1019;67.72;105.41;;;
40.744411;0.711609;0;0;0;510;1019;67.78;105.35;;;
40.744234;0.711654;0;0;0;510;1019;67.8;105.33;;;
40.743881;0.711744;0;0;0;510;1019;67.84;105.29;;;
40.743704;0.711788;0;0;0;510;1019;67.86;105.27;;;
40.743528;0.711833;0;0;0;510;1019;67.88;105.25;;;
40.743174;0.711923;0;0;0;510;1019;67.92;105.21;;;
40.742998;0.711966;0;0;0;510;1019;67.94;105.19;;;
40.742644;0.712052;0;0;0;510;1019;67.98;105.15;;;
40.742467;0.712094;0;0;0;510;1019;68;105.13;;;
40.74229;0.712137;0;0;0;510;1019;68.02;105.11;;;
40.741936;0.712223;0;0;0;510;1019;68.06;105.07;;;
40.741759;0.712266;0;0;0;510;1019;68.08;105.05;;;
40.741406;0.712352;0;0;0;510;1019;68.12;105.01;;;
40.741229;0.712395;0;0;0;510;1019;68.14;104.99;;;
40.741052;0.712438;0;0;0;510;1019;68.16;104.97;;;
40.740717;0.712588;0;0;0;510;1019;68.2;104.93;;;
40.740562;0.712709;0;0;0;510;1019;68.22;104.91;;;
40.740072;0.713008;0;0;0;510;1019;68.28;104.85;;;
40.739909;0.713107;0;0;0;510;1019;68.3;104.83;;;
40.739583;0.713307;0;0;0;510;1019;68.34;104.79;;;
40.739419;0.713406;0;0;0;510;1019;68.36;104.77;;;
40.739256;0.713506;0;0;0;510;1019;68.38;104.75;;;
40.73893;0.713706;0;0;0;510;1019;68.42;104.71;;;
40.738766;0.713805;0;0;0;510;1019;68.44;104.69;;;
40.73843;0.713973;1;0;0;511;1018;68.48;104.65;;;
40.738261;0.714053;1;0;0;511;1018;68.5;104.63;;;
40.738084;0.714096;1;0;0;511;1018;68.52;104.61;;;
40.737728;0.714131;1;0;0;511;1018;68.56;104.57;;;
40.73755;0.714105;1;0;0;511;1018;68.58;104.55;;;
40.737202;0.713985;1;0;0;511;1018;68.62;104.51;;;
40.737036;0.713893;1;0;0;511;1018;68.64;104.49;;;
40.736874;0.713791;1;0;0;511;1018;68.66;104.47;;;
40.73656;0.71356;1;0;0;511;1018;68.7;104.43;;;
40.736403;0.713445;1;0;0;511;1018;68.72;104.41;;;
40.735941;0.713076;1;0;0;511;1018;68.78;104.35;;;
40.735788;0.712951;1;0;0;511;1018;68.8;104.33;;;
40.735482;0.712702;1;0;0;511;1018;68.84;104.29;;;
40.735329;0.712577;1;0;0;511;1018;68.86;104.27;;;
40.735172;0.712461;1;0;0;511;1018;68.88;104.25;;;
40.734858;0.712231;1;0;0;511;1018;68.92;104.21;;;
40.7347;0.712115;1;0;0;511;1018;68.94;104.19;;;
40.734386;0.711885;1;0;0;511;1018;68.98;104.15;;;
40.734228;0.71177;1;0;0;511;1018;69;104.13;;;
40.734071;0.711655;1;0;0;511;1018;69.02;104.11;;;
40.733757;0.711425;1;0;0;511;1018;69.06;104.07;;;
40.733599;0.71131;1;0;0;511;1018;69.08;104.05;;;
40.733285;0.711078;1;0;0;511;1018;69.12;104.01;;;
40.733129;0.710961;1;0;0;511;1018;69.14;103.99;;;
40.732973;0.710843;1;0;0;511;1018;69.16;103.97;;;
40.732661;0.710607;1;0;0;511;1018;69.2;103.93;;;
40.732505;0.710489;1;0;0;511;1018;69.22;103.91;;;
40.732036;0.710135;2;0;0;511;1018;69.28;103.85;;;
40.73188;0.710018;2;0;0;511;1018;69.3;103.83;;;
40.731568;0.709782;2;0;0;511;1018;69.34;103.79;;;
40.731412;0.709664;2;0;0;512;1017;69.36;103.77;;;
40.731255;0.709548;2;0;0;512;1017;69.38;103.75;;;
40.730905;0.709497;2;0;0;512;1017;69.42;103.71;;;
40.730754;0.709613;2;0;0;512;1017;69.44;103.69;;;
40.730477;0.709915;2;0;0;512;1017;69.48;103.65;;;
40.730338;0.710066;2;0;0;512;1017;69.5;103.63;19;;
40.730199;0.710216;2;0;0;512;1017;69.52;103.61;;;
40.730062;0.710641;2;0;0;512;1017;69.56;103.57;;;
40.730009;0.710868;2;0;0;512;1017;69.58;103.55;;;
40.730004;0.711343;2;0;0;512;1017;69.62;103.51;;;
40.730002;0.71158;2;0;0;512;1017;69.64;103.49;;;
40.729997;0.711817;2;0;0;512;1017;69.66;103.47;;;
40.729965;0.71229;2;0;0;512;1017;69.7;103.43;;;
40.729949;0.712527;2;0;0;512;1017;69.72;103.41;;;
40.729902;0.713236;1;0;0;512;1017;69.78;103.35;;;
40.729872;0.71347;1;0;0;512;1017;69.8;103.33;;;
40.729804;0.713936;1;0;0;512;1017;69.84;103.29;;;
40.729771;0.714169;1;0;0;512;1017;69.86;103.27;;;
40.729738;0.714402;1;0;0;512;1017;69.88;103.25;;;
40.729648;0.714861;1;0;0;512;1017;69.92;103.21;;;
40.729588;0.715085;1;0;0;512;1017;69.94;103.19;;;
40.729466;0.715531;1;0;0;512;1017;69.98;103.15;;;
40.729406;0.715755;1;0;0;512;1017;70;103.13;;;
40.729346;0.715979;1;0;0;512;1017;70.02;103.11;;;
40.729226;0.716426;1;0;0;512;1017;70.06;103.07;;;
40.729166;0.71665;1;0;0;512;1017;70.08;103.05;;;
40.729046;0.717097;1;0;0;512;1017;70.12;103.01;;;
40.728985;0.717321;1;0;0;512;1017;70.14;102.99;;;
40.728925;0.717544;1;0;0;512;1017;70.16;102.97;;;
40.728805;0.717992;1;0;0;512;1017;70.2;102.93;;;
40.728744;0.718215;1;0;0;512;1017;70.22;102.91;;;
40.728531;0.71887;1;0;0;512;1017;70.28;102.85;;;
40.728465;0.71909;1;0;0;512;1017;70.3;102.83;;;
40.72831;0.719518;1;0;0;512;1017;70.34;102.79;;;
40.728219;0.719722;1;0;0;512;1017;70.36;102.77;;;
40.728107;0.719907;1;0;0;512;1017;70.38;102.75;;;
40.727881;0.720276;1;0;0;512;1017;70.42;102.71;;;
40.727768;0.720461;1;0;0;512;1017;70.44;102.69;;;
40.727543;0.720832;2;0;0;512;1017;70.48;102.65;;;
40.72743;0.721016;2;0;0;512;1017;70.5;102.63;;;
40.727317;0.721201;2;0;0;512;1017;70.52;102.61;;;
40.727093;0.721572;2;0;0;512;1017;70.56;102.57;;;
40.72698;0.721757;2;0;0;512;1017;70.58;102.55;;;
40.726699;0.722048;2;0;0;512;1017;70.62;102.51;;;
40.72655;0.722181;2;0;0;513;1016;70.64;102.49;;;
40.72642;0.722074;2;0;0;513;1016;70.66;102.47;;;
40.72617;0.721732;2;0;0;513;1016;70.7;102.43;20;;
40.726045;0.721561;2;0;0;513;1016;70.72;102.41;;;
40.725605;0.721154;2;0;0;513;1016;70.78;102.35;;;
40.725437;0.72107;2;0;0;513;1016;70.8;102.33;;;
40.725087;0.720962;2;0;0;513;1016;70.84;102.29;;;
40.724912;0.720908;2;0;0;513;1016;70.86;102.27;;;
40.724739;0.720845;2;0;0;513;1016;70.88;102.25;;;
40.724419;0.720674;2;0;0;513;1016;70.92;102.21;;;
40.724246;0.720727;3;0;0;513;1016;70.94;102.19;;;
40.723888;0.720679;3;0;0;513;1016;70.98;102.15;;;
40.72371;0.720668;3;0;0;513;1016;71;102.13;;;
40.723532;0.720708;3;0;0;513;1016;71.02;102.11;;;
40.723178;0.720789;3;0;0;513;1016;71.06;102.07;;;
40.723001;0.720828;3;0;0;513;1016;71.08;102.05;;;
40.722646;0.720909;3;0;0;513;1016;71.12;102.01;;;
40.722469;0.720949;3;0;0;513;1016;71.14;101.99;;;
40.722292;0.720989;3;0;0;514;1015;71.16;101.97;;;
40.721937;0.721069;3;0;0;514;1015;71.2;101.93;;;
40.72176;0.72111;3;0;0;514;1015;71.22;101.91;;;
40.721225;0.721196;3;0;0;514;1015;71.28;101.85;;;
40.721046;0.721203;3;0;0;514;1015;71.3;101.83;;;
40.720686;0.721196;3;0;0;514;1015;71.34;101.79;;;
40.720507;0.721183;3;0;0;514;1015;71.36;101.77;;;
40.720327;0.721171;3;0;0;514;1015;71.38;101.75;;;
40.719968;0.721147;3;0;0;514;1015;71.42;101.71;;;
40.719788;0.721135;3;0;0;514;1015;71.44;101.69;;;
40.719429;0.72111;3;0;0;514;1015;71.48;101.65;;;
40.719249;0.721098;3;0;0;514;1015;71.5;101.63;;;
40.71907;0.721086;3;0;0;514;1015;71.52;101.61;;;
40.718748;0.721043;3;0;0;514;1015;71.56;101.57;;;
40.718586;0.721012;3;0;0;514;1015;71.58;101.55;;;
40.718235;0.720994;3;0;0;514;1015;71.62;101.51;;;
40.71806;0.720939;3;0;0;514;1015;71.64;101.49;;;
40.717886;0.720875;3;0;0;514;1015;71.66;101.47;;;
40.717548;0.720716;3;0;0;514;1015;71.7;101.43;;;
40.717385;0.720618;3;0;0;514;1015;71.72;101.41;;;
40.716931;0.720237;3;0;0;514;1015;71.78;101.35;;;
40.716789;0.720091;3;0;0;514;1015;71.8;101.33;;;
40.716515;0.719785;3;0;0;514;1015;71.84;101.29;;;
40.716383;0.719623;3;0;0;514;1015;71.86;101.27;;;
40.716246;0.71947;3;0;0;514;1015;71.88;101.25;;;
40.71595;0.7192;3;0;0;514;1015;71.92;101.21;;;
40.715813;0.71905;3;0;0;514;1015;71.94;101.19;;;
40.715625;0.718673;2;0;0;514;1015;71.98;101.15;;;
40.715448;0.718652;2;0;0;514;1015;72;101.13;;;
40.71528;0.718585;2;0;0;514;1015;72.02;101.11;;;
40.714982;0.718319;2;0;0;514;1015;72.06;101.07;;;
40.71483;0.718194;2;0;0;514;1015;72.08;101.05;;;
40.714492;0.718032;2;0;0;514;1015;72.12;101.01;;;
40.714321;0.71796;2;0;0;514;1015;72.14;100.99;;;
40.714149;0.717887;2;0;0;514;1015;72.16;100.97;;;
40.713807;0.717743;2;0;0;514;1015;72.2;100.93;;;
40.713635;0.717671;2;0;0;514;1015;72.22;100.91;;;
40.713121;0.717454;2;0;0;514;1015;72.28;100.85;;;
40.71295;0.717382;2;0;0;514;1015;72.3;100.83;;;
40.712607;0.717238;2;0;0;514;1015;72.34;100.79;;;
40.712436;0.717166;2;0;0;514;1015;72.36;100.77;;;
40.712264;0.717094;2;0;0;514;1015;72.38;100.75;;;
40.711922;0.71695;2;0;0;514;1015;72.42;100.71;;;
40.71175;0.716878;2;0;0;514;1015;72.44;100.69;;;
40.711419;0.716696;2;0;0;514;1015;72.48;100.65;;;
40.71134;0.716491;2;0;0;514;1015;72.5;100.63;;;
40.711226;0.716328;2;0;0;514;1015;72.52;100.61;;;
40.711072;0.715899;2;0;0;514;1015;72.56;100.57;;;
40.710994;0.715685;2;0;0;514;1015;72.58;100.55;;;
40.710812;0.715276;2;0;0;514;1015;72.62;100.51;21;;
40.710697;0.715094;2;0;0;514;1015;72.64;100.49;;;
40.710568;0.71493;2;0;0;514;1015;72.66;100.47;;;
40.710267;0.714676;2;0;0;514;1015;72.7;100.43;;;
40.710108;0.714563;2;0;0;514;1015;72.72;100.41;;;
40.709633;0.714226;2;0;0;514;1015;72.78;100.35;;;
40.709475;0.714113;2;0;0;514;1015;72.8;100.33;;;
40.709158;0.713888;1;0;0;514;1015;72.84;100.29;;;
40.709;0.713776;1;0;0;514;1015;72.86;100.27;;;
40.708841;0.713663;1;0;0;514;1015;72.88;100.25;;;
40.708525;0.713438;1;0;0;514;1015;72.92;100.21;;;
40.708366;0.713326;1;0;0;514;1015;72.94;100.19;;;
40.70805;0.713101;1;0;0;514;1015;72.98;100.15;;;
40.707891;0.712988;1;0;0;514;1015;73;100.13;;;
40.707733;0.712876;1;0;0;514;1015;73.02;100.11;;;
40.707416;0.712652;1;0;0;514;1015;73.06;100.07;;;
40.707257;0.712539;1;0;0;514;1015;73.08;100.05;;;
40.706941;0.712314;1;0;0;514;1015;73.12;100.01;;;
40.706782;0.712202;1;0;0;514;1015;73.14;99.99;;;
40.706624;0.712089;1;0;0;514;1015;73.16;99.97;;;
40.706307;0.711864;1;0;0;514;1015;73.2;99.93;;;
40.706149;0.711752;1;0;0;514;1015;73.22;99.91;;;
40.705756;0.711285;1;0;0;514;1015;73.28;99.85;;;
40.705715;0.711062;1;0;0;514;1015;73.3;99.83;;;
40.705516;0.710709;1;0;0;514;1015;73.34;99.79;;;
40.705455;0.710491;1;0;0;514;1015;73.36;99.77;;;
40.705427;0.710256;1;0;0;514;1015;73.38;99.75;;;
40.705399;0.709785;1;0;0;514;1015;73.42;99.71;;;
40.705401;0.709548;1;0;0;514;1015;73.44;99.69;;;
40.705483;0.709086;1;0;0;514;1015;73.48;99.65;;;
40.705528;0.708856;1;0;0;514;1015;73.5;99.63;;;
40.70558;0.708629;1;0;0;514;1015;73.52;99.61;;;
40.705736;0.708202;1;0;0;514;1015;73.56;99.57;;;
40.705818;0.707991;1;0;0;514;1015;73.58;99.55;;;
40.705949;0.707553;1;0;0;514;1015;73.62;99.51;;;
40.705958;0.707316;1;0;0;514;1015;73.64;99.49;;;
40.705938;0.707081;1;0;0;514;1015;73.66;99.47;;;
40.705848;0.706622;1;0;0;514;1015;73.7;99.43;;;
40.705802;0.706392;1;0;0;514;1015;73.72;99.41;;;
40.705693;0.705695;1;0;0;514;1015;73.78;99.35;;;
40.70569;0.705461;1;0;0;514;1015;73.8;99.33;;;
40.705778;0.705003;1;0;0;514;1015;73.84;99.29;;;
40.705865;0.704795;1;0;0;514;1015;73.86;99.27;;;
40.705951;0.704587;1;0;0;514;1015;73.88;99.25;;;
40.706122;0.704169;1;0;0;515;1014;73.92;99.21;;;
40.70618;0.703944;1;0;0;515;1014;73.94;99.19;;;
40.70627;0.703485;1;0;0;515;1014;73.98;99.15;;;
40.706312;0.703254;1;0;0;515;1014;74;99.13;;;
40.706354;0.703024;1;0;0;515;1014;74.02;99.11;;;
40.706439;0.702563;1;0;0;515;1014;74.06;99.07;;;
40.70648;0.702332;1;0;0;515;1014;74.08;99.05;;;
40.706565;0.701871;1;0;0;515;1014;74.12;99.01;;;
40.706607;0.70164;1;0;0;515;1014;74.14;98.99;;;
40.70665;0.701409;1;0;0;515;1014;74.16;98.97;;;
40.706732;0.700948;1;0;0;515;1014;74.2;98.93;;;
40.706773;0.700716;1;0;0;515;1014;74.22;98.91;;;
40.706896;0.700023;1;0;0;515;1014;74.28;98.85;;;
40.706937;0.699792;1;0;0;515;1014;74.3;98.83;;;
40.707018;0.69933;1;0;0;515;1014;74.34;98.79;;;
40.707059;0.699099;1;0;0;515;1014;74.36;98.77;;;
40.7071;0.698868;1;0;0;515;1014;74.38;98.75;;;
40.707182;0.698406;1;0;0;515;1014;74.42;98.71;;;
40.707223;0.698175;1;0;0;515;1014;74.44;98.69;;;
40.707305;0.697713;1;0;0;515;1014;74.48;98.65;;;
40.707346;0.697482;1;0;0;515;1014;74.5;98.63;;;
40.707387;0.697251;1;0;0;515;1014;74.52;98.61;;;
40.707468;0.696788;1;0;0;515;1014;74.56;98.57;;;
40.70751;0.696557;1;0;0;515;1014;74.58;98.55;;;
40.707591;0.696095;1;0;0;515;1014;74.62;98.51;;;
40.707632;0.695864;1;0;0;515;1014;74.64;98.49;;;
40.707673;0.695633;1;0;0;515;1014;74.66;98.47;;;
40.707755;0.695171;2;0;0;515;1014;74.7;98.43;;;
40.707796;0.69494;2;0;0;515;1014;74.72;98.41;;;
40.707919;0.694247;2;0;0;515;1014;74.78;98.35;;;
40.70796;0.694016;2;0;0;515;1014;74.8;98.33;;;
40.708041;0.693554;2;0;0;515;1014;74.84;98.29;;;
40.708082;0.693323;2;0;0;515;1014;74.86;98.27;;;
40.708123;0.693092;2;0;0;515;1014;74.88;98.25;;;
40.708205;0.69263;2;0;0;515;1014;74.92;98.21;;;
40.708246;0.692398;2;0;0;515;1014;74.94;98.19;;;
40.708328;0.691936;2;0;0;515;1014;74.98;98.15;;;
40.708369;0.691705;2;0;0;515;1014;75;98.13;;;
40.70841;0.691474;2;0;0;515;1014;75.02;98.11;;;
40.708491;0.691012;2;0;0;515;1014;75.06;98.07;;;
40.708533;0.690781;2;0;0;515;1014;75.08;98.05;;;
40.708614;0.690319;2;0;0;515;1014;75.12;98.01;;;
40.708655;0.690088;2;0;0;515;1014;75.14;97.99;;;
40.708696;0.689857;2;0;0;516;1013;75.16;97.97;;;
40.708778;0.689395;2;0;0;516;1013;75.2;97.93;;;
40.708819;0.689164;2;0;0;516;1013;75.22;97.91;;;
40.708942;0.688471;2;0;0;516;1013;75.28;97.85;;;
40.708983;0.68824;2;0;0;516;1013;75.3;97.83;;;
40.709064;0.687777;2;0;0;516;1013;75.34;97.79;;;
40.709105;0.687546;2;0;0;516;1013;75.36;97.77;;;
40.709146;0.687315;2;0;0;516;1013;75.38;97.75;;;
40.709228;0.686853;2;0;0;516;1013;75.42;97.71;;;
40.709269;0.686622;2;0;0;516;1013;75.44;97.69;;;
40.709351;0.68616;2;0;0;516;1013;75.48;97.65;;;
40.709392;0.685929;2;0;0;516;1013;75.5;97.63;;;
40.709432;0.685698;2;0;0;516;1013;75.52;97.61;;;
40.709514;0.685236;2;0;0;516;1013;75.56;97.57;;;
40.709556;0.685005;2;0;0;516;1013;75.58;97.55;;;
40.709637;0.684543;2;0;0;516;1013;75.62;97.51;;;
40.709678;0.684311;2;0;0;516;1013;75.64;97.49;;;
40.709718;0.68408;2;0;0;516;1013;75.66;97.47;;;
40.709798;0.683618;2;0;0;516;1013;75.7;97.43;;;
40.709838;0.683386;2;0;0;516;1013;75.72;97.41;;;
40.709959;0.682692;2;0;0;516;1013;75.78;97.35;;;
40.709999;0.682461;2;0;0;516;1013;75.8;97.33;;;
40.710079;0.681998;2;0;0;516;1013;75.84;97.29;;;
40.710119;0.681767;2;0;0;516;1013;75.86;97.27;;;
40.71016;0.681536;2;0;0;516;1013;75.88;97.25;;;
40.71024;0.681073;2;0;0;516;1013;75.92;97.21;;;
40.71028;0.680842;2;0;0;516;1013;75.94;97.19;;;
40.710361;0.68038;2;0;0;516;1013;75.98;97.15;;;
40.7104;0.680148;2;0;0;516;1013;76;97.13;;;
40.71044;0.679917;2;0;0;516;1013;76.02;97.11;;;
40.710521;0.679454;2;0;0;516;1013;76.06;97.07;;;
40.710561;0.679223;2;0;0;516;1013;76.08;97.05;;;
40.710641;0.67876;2;0;0;516;1013;76.12;97.01;;;
40.710681;0.678529;2;0;0;516;1013;76.14;96.99;;;
40.710722;0.678298;2;0;0;516;1013;76.16;96.97;;;
40.710802;0.677835;2;0;0;516;1013;76.2;96.93;;;
40.710842;0.677604;2;0;0;516;1013;76.22;96.91;;;
40.710939;0.676904;2;0;0;516;1013;76.28;96.85;;;
40.710969;0.67667;2;0;0;516;1013;76.3;96.83;;;
40.71101;0.676199;2;0;0;516;1013;76.34;96.79;;;
40.711027;0.675962;2;0;0;516;1013;76.36;96.77;;;
40.711043;0.675726;2;0;0;516;1013;76.38;96.75;;;
40.711035;0.675252;2;0;0;516;1013;76.42;96.71;;;
40.711027;0.675015;2;0;0;516;1013;76.44;96.69;;;
40.711008;0.674541;2;0;0;516;1013;76.48;96.65;;;
40.711;0.674304;2;0;0;516;1013;76.5;96.63;;;
40.710991;0.674067;2;0;0;516;1013;76.52;96.61;;;
40.710973;0.673593;2;0;0;516;1013;76.56;96.57;;;
40.710962;0.673356;2;0;0;516;1013;76.58;96.55;;;
40.71094;0.672883;2;0;0;516;1013;76.62;96.51;;;
40.710928;0.672646;2;0;0;516;1013;76.64;96.49;;;
40.710917;0.672409;2;0;0;516;1013;76.66;96.47;;;
40.710895;0.671936;2;0;0;516;1013;76.7;96.43;;;
40.710883;0.671699;2;0;0;516;1013;76.72;96.41;;;
40.710849;0.670988;2;0;0;516;1013;76.78;96.35;;;
40.710838;0.670751;2;0;0;516;1013;76.8;96.33;;;
40.710816;0.670278;2;0;0;516;1013;76.84;96.29;;;
40.710804;0.670041;2;0;0;516;1013;76.86;96.27;;;
40.710793;0.669804;2;0;0;516;1013;76.88;96.25;;;
40.71077;0.669331;2;0;0;516;1013;76.92;96.21;;;
40.710759;0.669094;2;0;0;516;1013;76.94;96.19;;;
40.710736;0.66862;2;0;0;516;1013;76.98;96.15;;;
40.710725;0.668383;2;0;0;516;1013;77;96.13;;;
40.710713;0.668147;2;0;0;516;1013;77.02;96.11;;;
40.71069;0.667673;2;0;0;516;1013;77.06;96.07;;;
40.710679;0.667436;2;0;0;516;1013;77.08;96.05;;;
40.710657;0.666962;2;0;0;516;1013;77.12;96.01;;;
40.710646;0.666726;2;0;0;516;1013;77.14;95.99;;;
40.710634;0.666489;2;0;0;516;1013;77.16;95.97;;;
40.710612;0.666015;2;0;0;516;1013;77.2;95.93;;;
40.710601;0.665778;2;0;0;516;1013;77.22;95.91;;;
40.710567;0.665068;2;0;0;516;1013;77.28;95.85;;;
40.710555;0.664831;2;0;0;516;1013;77.3;95.83;;;
40.710532;0.664358;2;0;0;516;1013;77.34;95.79;;;
40.710521;0.664121;2;0;0;516;1013;77.36;95.77;;;
40.71051;0.663884;2;0;0;516;1013;77.38;95.75;;;
40.710488;0.66341;2;0;0;516;1013;77.42;95.71;;;
40.710476;0.663173;2;0;0;516;1013;77.44;95.69;;;
40.710454;0.6627;2;0;0;516;1013;77.48;95.65;;;
40.710443;0.662463;2;0;0;516;1013;77.5;95.63;;;
40.710431;0.662226;2;0;0;516;1013;77.52;95.61;;;
40.710408;0.661753;1;0;0;516;1013;77.56;95.57;;;
40.710397;0.661516;1;0;0;516;1013;77.58;95.55;;;
40.710374;0.661042;2;0;0;516;1013;77.62;95.51;;;
40.710363;0.660805;2;0;0;516;1013;77.64;95.49;;;
40.710351;0.660569;2;0;0;516;1013;77.66;95.47;;;
40.710329;0.660095;1;0;0;516;1013;77.7;95.43;;;
40.710318;0.659858;1;0;0;516;1013;77.72;95.41;;;
40.710285;0.659148;1;0;0;516;1013;77.78;95.35;;;
40.710273;0.658911;1;0;0;516;1013;77.8;95.33;;;
40.71025;0.658437;1;0;0;516;1013;77.84;95.29;;;
40.710239;0.6582;1;0;0;516;1013;77.86;95.27;;;
40.710228;0.657964;1;0;0;516;1013;77.88;95.25;;;
40.710205;0.65749;1;0;0;516;1013;77.92;95.21;;;
40.710193;0.657253;1;0;0;516;1013;77.94;95.19;;;
40.710171;0.656779;1;0;0;516;1013;77.98;95.15;;;
40.710159;0.656543;1;0;0;516;1013;78;95.13;;;
40.710148;0.656306;1;0;0;516;1013;78.02;95.11;;;
40.710125;0.655832;1;0;0;516;1013;78.06;95.07;;;
40.710114;0.655595;1;0;0;516;1013;78.08;95.05;;;
40.710092;0.655122;1;0;0;516;1013;78.12;95.01;;;
40.71008;0.654885;1;0;0;516;1013;78.14;94.99;;;
40.710069;0.654648;1;0;0;516;1013;78.16;94.97;;;
40.710047;0.654175;1;0;0;516;1013;78.2;94.93;;;
40.710035;0.653938;1;0;0;516;1013;78.22;94.91;;;
40.710001;0.653227;1;0;0;516;1013;78.28;94.85;;;
40.70999;0.65299;1;0;0;516;1013;78.3;94.83;;;
40.709966;0.652517;1;0;0;516;1013;78.34;94.79;;;
40.709956;0.65228;1;0;0;516;1013;78.36;94.77;;;
40.709944;0.652043;1;0;0;516;1013;78.38;94.75;;;
40.709921;0.65157;1;0;0;516;1013;78.42;94.71;;;
40.70991;0.651333;1;0;0;516;1013;78.44;94.69;;;
40.709887;0.650859;1;0;0;516;1013;78.48;94.65;;;
40.709876;0.650622;1;0;0;516;1013;78.5;94.63;;;
40.709864;0.650386;1;0;0;516;1013;78.52;94.61;;;
40.709842;0.649912;1;0;0;516;1013;78.56;94.57;;;
40.709831;0.649675;1;0;0;517;1012;78.58;94.55;;;
40.709808;0.649202;1;0;0;517;1012;78.62;94.51;;;
40.709796;0.648965;1;0;0;517;1012;78.64;94.49;;;
40.709782;0.648728;1;0;0;517;1012;78.66;94.47;;;
40.709751;0.648255;1;0;0;517;1012;78.7;94.43;;;
40.709737;0.648019;1;0;0;517;1012;78.72;94.41;;;
40.709678;0.647312;1;0;0;517;1012;78.78;94.35;;;
40.709651;0.647077;1;0;0;517;1012;78.8;94.33;;;
40.709566;0.646617;1;0;0;517;1012;78.84;94.29;;;
40.709519;0.646388;1;0;0;517;1012;78.86;94.27;;;
40.709471;0.646159;1;0;0;517;1012;78.88;94.25;;;
40.709356;0.64571;1;0;0;517;1012;78.92;94.21;;;
40.709296;0.645486;1;0;0;517;1012;78.94;94.19;;;
40.709147;0.645054;1;0;0;517;1012;78.98;94.15;;;
40.709072;0.644838;1;0;0;517;1012;79;94.13;;;
40.708996;0.644623;1;0;0;517;1012;79.02;94.11;;;
40.708845;0.644192;1;0;0;517;1012;79.06;94.07;;;
40.70877;0.643977;1;0;0;517;1012;79.08;94.05;;;
40.708619;0.643546;1;0;0;517;1012;79.12;94.01;;;
40.708543;0.643331;1;0;0;517;1012;79.14;93.99;;;
40.708468;0.643115;2;0;0;517;1012;79.16;93.97;;;
40.708317;0.642685;2;0;0;517;1012;79.2;93.93;;;
40.708242;0.642469;2;0;0;517;1012;79.22;93.91;;;
40.708016;0.641823;2;0;0;517;1012;79.28;93.85;;;
40.70794;0.641607;2;0;0;517;1012;79.3;93.83;;;
40.70779;0.641176;2;0;0;517;1012;79.34;93.79;;;
40.707714;0.640961;2;0;0;517;1012;79.36;93.77;;;
40.707639;0.640746;2;0;0;517;1012;79.38;93.75;;;
40.707488;0.640315;2;0;0;517;1012;79.42;93.71;;;
40.707413;0.640099;2;0;0;517;1012;79.44;93.69;;;
40.707262;0.639669;2;0;0;517;1012;79.48;93.65;;;
40.707186;0.639453;2;0;0;517;1012;79.5;93.63;;;
40.707111;0.639238;2;0;0;517;1012;79.52;93.61;;;
40.70696;0.638807;2;0;0;518;1011;79.56;93.57;;;
40.706883;0.638593;2;0;0;518;1011;79.58;93.55;;;
40.706727;0.638165;2;0;0;518;1011;79.62;93.51;22;;
40.706649;0.637951;2;0;0;518;1011;79.64;93.49;;;
40.706571;0.637738;2;0;0;518;1011;79.66;93.47;;;
40.706405;0.637317;2;0;0;518;1011;79.7;93.43;;;
40.706327;0.637103;2;0;0;518;1011;79.72;93.41;;;
40.706097;0.636459;2;0;0;518;1011;79.78;93.35;;;
40.70602;0.636244;2;0;0;518;1011;79.8;93.33;;;
40.705867;0.635815;2;0;0;518;1011;79.84;93.29;;;
40.70579;0.6356;2;0;0;518;1011;79.86;93.27;;;
40.705714;0.635386;2;0;0;518;1011;79.88;93.25;;;
40.705561;0.634956;2;0;0;518;1011;79.92;93.21;;;
40.705484;0.634742;2;0;0;518;1011;79.94;93.19;;;
40.705331;0.634312;3;0;0;518;1011;79.98;93.15;;;
40.705254;0.634098;3;0;0;518;1011;80;93.13;;;
40.705178;0.633883;2;0;0;518;1011;80.02;93.11;;;
40.705024;0.633454;2;0;0;518;1011;80.06;93.07;;;
40.704946;0.63324;2;0;0;518;1011;80.08;93.05;;;
40.704783;0.632817;2;0;0;518;1011;80.12;93.01;;;
40.704701;0.632606;3;0;0;518;1011;80.14;92.99;;;
40.704632;0.632392;3;0;0;518;1011;80.16;92.97;;;
40.704614;0.631925;3;0;0;518;1011;80.2;92.93;;;
40.704651;0.631693;3;0;0;518;1011;80.22;92.91;;;
40.704759;0.630996;3;0;0;518;1011;80.28;92.85;;;
40.704795;0.630763;3;0;0;518;1011;80.3;92.83;;;
40.704816;0.630291;3;0;0;518;1011;80.34;92.79;;;
40.704807;0.630054;3;0;0;518;1011;80.36;92.77;;;
40.704798;0.629817;3;0;0;518;1011;80.38;92.75;;;
40.704779;0.629343;3;0;0;518;1011;80.42;92.71;;;
40.70477;0.629106;3;0;0;518;1011;80.44;92.69;;;
40.704751;0.628632;3;0;0;519;1010;80.48;92.65;;;
40.704734;0.628396;3;0;0;519;1010;80.5;92.63;;;
40.704715;0.62816;3;0;0;519;1010;80.52;92.61;;;
40.704682;0.627688;3;0;0;519;1010;80.56;92.57;;;
40.704671;0.627451;3;0;0;519;1010;80.58;92.55;;;
40.704662;0.626977;3;0;0;519;1010;80.62;92.51;;;
40.704666;0.62674;3;0;0;519;1010;80.64;92.49;;;
40.704673;0.626503;3;0;0;519;1010;80.66;92.47;;;
40.704747;0.626041;3;0;0;519;1010;80.7;92.43;;;
40.704816;0.625823;3;0;0;519;1010;80.72;92.41;;;
40.704999;0.625155;3;0;0;519;1010;80.78;92.35;;;
40.704995;0.624918;3;0;0;519;1010;80.8;92.33;;;
40.704971;0.624445;3;0;0;519;1010;80.84;92.29;;;
40.704944;0.624211;3;0;0;519;1010;80.86;92.27;;;
40.704917;0.623976;3;0;0;519;1010;80.88;92.25;;;
40.704844;0.623511;3;0;0;519;1010;80.92;92.21;;;
40.704804;0.62328;3;0;0;519;1010;80.94;92.19;;;
40.704706;0.622824;3;0;0;519;1010;80.98;92.15;;;
40.704657;0.622595;3;0;0;519;1010;81;92.13;;;
40.704609;0.622367;3;0;0;519;1010;81.02;92.11;;;
40.704511;0.62191;3;0;0;519;1010;81.06;92.07;;;
40.704462;0.621682;3;0;0;519;1010;81.08;92.05;;;
40.704365;0.621225;3;0;0;519;1010;81.12;92.01;;;
40.704316;0.620997;3;0;0;519;1010;81.14;91.99;;;
40.704271;0.620767;3;0;0;519;1010;81.16;91.97;;;
40.704185;0.620306;3;0;0;519;1010;81.2;91.93;;;
40.704142;0.620076;3;0;0;519;1010;81.22;91.91;;;
40.704013;0.619385;3;0;0;519;1010;81.28;91.85;;;
40.70397;0.619154;3;0;0;519;1010;81.3;91.83;;;
40.703826;0.618724;3;0;0;519;1010;81.34;91.79;;;
40.703738;0.618517;3;0;0;519;1010;81.36;91.77;;;
40.703627;0.61833;3;0;0;519;1010;81.38;91.75;;;
40.703405;0.617957;3;0;0;519;1010;81.42;91.71;;;
40.703294;0.617771;3;0;0;519;1010;81.44;91.69;;;
40.703098;0.617372;3;0;0;519;1010;81.48;91.65;;;
40.703013;0.617164;3;0;0;519;1010;81.5;91.63;;;
40.70294;0.616948;3;0;0;519;1010;81.52;91.61;;;
40.702833;0.616497;3;0;0;519;1010;81.56;91.57;;;
40.702794;0.616265;4;0;0;519;1010;81.58;91.55;;;
40.702715;0.615802;4;0;0;519;1010;81.62;91.51;;;
40.70269;0.615568;3;0;0;519;1010;81.64;91.49;;;
40.702668;0.615332;3;0;0;519;1010;81.66;91.47;;;
40.702644;0.614859;3;0;0;519;1010;81.7;91.43;;;
40.702639;0.614622;3;0;0;519;1010;81.72;91.41;;;
40.702662;0.613911;4;0;0;519;1010;81.78;91.35;;;
40.70267;0.613674;3;0;0;519;1010;81.8;91.33;;;
40.702686;0.6132;3;0;0;519;1010;81.84;91.29;;;
40.702713;0.612966;3;0;0;519;1010;81.86;91.27;;;
40.702751;0.612734;3;0;0;519;1010;81.88;91.25;;;
40.702836;0.612273;3;0;0;519;1010;81.92;91.21;;;
40.702886;0.612046;3;0;0;519;1010;81.94;91.19;;;
40.702936;0.611818;3;0;0;519;1010;81.96;91.17;;;
40.702985;0.611589;3;0;0;519;1010;81.98;91.15;;;
40.703038;0.611363;3;0;0;519;1010;82;91.13;;;
40.703094;0.611137;3;0;0;519;1010;82.02;91.11;;;
40.70315;0.610912;3;0;0;519;1010;82.04;91.09;;;
40.703206;0.610686;3;0;0;519;1010;82.06;91.07;;;
40.703262;0.610461;3;0;0;519;1010;82.08;91.05;;;
40.703319;0.610236;3;0;0;519;1010;82.1;91.03;;;
40.703375;0.610011;3;0;0;519;1010;82.12;91.01;;;
40.703432;0.609785;3;0;0;519;1010;82.14;90.99;;;
40.703487;0.60956;3;0;0;519;1010;82.16;90.97;;;
40.703543;0.609334;3;0;0;519;1010;82.18;90.95;;;
40.7036;0.609109;3;0;0;519;1010;82.2;90.93;;;
40.703657;0.608884;3;0;0;519;1010;82.22;90.91;;;
40.703713;0.608658;3;0;0;520;1009;82.24;90.89;;;
40.703769;0.608433;4;0;0;520;1009;82.26;90.87;;;
40.703831;0.608211;4;0;0;520;1009;82.28;90.85;;;
40.703911;0.607999;4;0;0;520;1009;82.3;90.83;;;
40.703991;0.607786;4;0;0;520;1009;82.32;90.81;;;
40.704056;0.607567;4;0;0;520;1009;82.34;90.79;;;
40.704084;0.607333;4;0;0;520;1009;82.36;90.77;;;
40.704111;0.607098;4;0;0;520;1009;82.38;90.75;;;
40.704138;0.606863;4;0;0;520;1009;82.4;90.73;;;
40.704165;0.606629;4;0;0;520;1009;82.42;90.71;;;
40.704192;0.606394;4;0;0;520;1009;82.44;90.69;;;
40.70422;0.60616;4;0;0;520;1009;82.46;90.67;;;
40.704247;0.605925;4;0;0;520;1009;82.48;90.65;;;
40.704274;0.605691;4;0;0;520;1009;82.5;90.63;;;
40.704301;0.605456;4;0;0;520;1009;82.52;90.61;;;
40.704329;0.605222;4;0;0;520;1009;82.54;90.59;;;
40.704356;0.604987;4;0;0;520;1009;82.56;90.57;;;
40.704383;0.604753;4;0;0;520;1009;82.58;90.55;;;
40.704411;0.604518;4;0;0;520;1009;82.6;90.53;;;
40.704441;0.604285;4;0;0;520;1009;82.62;90.51;;;
40.70448;0.604053;4;0;0;520;1009;82.64;90.49;;;
40.704518;0.603821;4;0;0;520;1009;82.66;90.47;;;
40.704556;0.603589;4;0;0;520;1009;82.68;90.45;;;
40.704594;0.603357;4;0;0;520;1009;82.7;90.43;;;
40.704632;0.603125;4;0;0;520;1009;82.72;90.41;;;
40.70467;0.602893;4;0;0;520;1009;82.74;90.39;;;
40.704709;0.602662;4;0;0;520;1009;82.76;90.37;;;
40.704747;0.60243;4;0;0;520;1009;82.78;90.35;;;
40.704785;0.602198;4;0;0;520;1009;82.8;90.33;;;
40.704818;0.601965;4;0;0;520;1009;82.82;90.31;;;
40.704849;0.601731;4;0;0;520;1009;82.84;90.29;;;
40.704879;0.601497;4;0;0;520;1009;82.86;90.27;;;
40.704921;0.601266;4;0;0;520;1009;82.88;90.25;;;
40.704963;0.601035;4;0;0;520;1009;82.9;90.23;;;
40.705004;0.600804;4;0;0;520;1009;82.92;90.21;;;
40.705044;0.600573;4;0;0;520;1009;82.94;90.19;;;
40.705086;0.600342;4;0;0;520;1009;82.96;90.17;;;
40.705127;0.600112;4;0;0;520;1009;82.98;90.15;;;
40.705168;0.599881;4;0;0;520;1009;83;90.13;;;
40.705209;0.599649;4;0;0;520;1009;83.02;90.11;;;
40.705261;0.599422;4;0;0;520;1009;83.04;90.09;;;
40.705313;0.599195;4;0;0;520;1009;83.06;90.07;;;
40.705364;0.598968;4;0;0;520;1009;83.08;90.05;;;
40.705416;0.598741;4;0;0;520;1009;83.1;90.03;;;
40.705475;0.598516;4;0;0;520;1009;83.12;90.01;;;
40.705533;0.598292;4;0;0;520;1009;83.14;89.99;;;
40.705591;0.598067;4;0;0;520;1009;83.16;89.97;;;
40.705649;0.597843;4;0;0;521;1008;83.18;89.95;;;
40.705708;0.597618;5;0;0;521;1008;83.2;89.93;;;
40.705766;0.597394;5;0;0;521;1008;83.22;89.91;;;
40.705824;0.597169;5;0;0;521;1008;83.24;89.89;;;
40.705882;0.596945;5;0;0;521;1008;83.26;89.87;;;
40.705932;0.596717;5;0;0;521;1008;83.28;89.85;;;
40.705976;0.596487;5;0;0;521;1008;83.3;89.83;;;
40.706009;0.596254;5;0;0;521;1008;83.32;89.81;;;
40.706041;0.59602;5;0;0;521;1008;83.34;89.79;;;
40.706073;0.595787;5;0;0;521;1008;83.36;89.77;;;
40.706105;0.595553;5;0;0;521;1008;83.38;89.75;;;
40.706137;0.59532;5;0;0;521;1008;83.4;89.73;;;
40.706173;0.595088;5;0;0;521;1008;83.42;89.71;;;
40.706218;0.594858;5;0;0;521;1008;83.44;89.69;;;
40.706263;0.594628;5;0;0;521;1008;83.46;89.67;;;
40.706307;0.594398;5;0;0;521;1008;83.48;89.65;;;
40.706352;0.594168;5;0;0;521;1008;83.5;89.63;;;
40.706404;0.593942;5;0;0;521;1008;83.52;89.61;;;
40.706468;0.59372;5;0;0;521;1008;83.54;89.59;;;
40.706531;0.593498;5;0;0;521;1008;83.56;89.57;;;
40.706609;0.593285;5;0;0;521;1008;83.58;89.55;;;
40.7067;0.59308;5;0;0;521;1008;83.6;89.53;;;
40.706789;0.592874;5;0;0;521;1008;83.62;89.51;;;
40.706879;0.592669;5;0;0;521;1008;83.64;89.49;;;
40.70697;0.592464;5;0;0;521;1008;83.66;89.47;;;
40.70706;0.592258;5;0;0;521;1008;83.68;89.45;;;
40.70715;0.592053;5;0;0;521;1008;83.7;89.43;;;
40.70724;0.591847;5;0;0;521;1008;83.72;89.41;;;
40.707314;0.591631;5;0;0;521;1008;83.74;89.39;;;
40.707381;0.591411;5;0;0;521;1008;83.76;89.37;;;
40.707448;0.591191;5;0;0;521;1008;83.78;89.35;;;
40.707514;0.59097;5;0;0;521;1008;83.8;89.33;23;;
40.707582;0.59075;5;0;0;521;1008;83.82;89.31;;;
40.707654;0.590533;5;0;0;521;1008;83.84;89.29;;;
40.707725;0.590315;5;0;0;521;1008;83.86;89.27;;;
40.707797;0.590097;5;0;0;521;1008;83.88;89.25;;;
40.707875;0.589884;5;0;0;521;1008;83.9;89.23;;;
40.707968;0.589682;5;0;0;521;1008;83.92;89.21;;;
40.708075;0.589491;5;0;0;521;1008;83.94;89.19;;;
40.708181;0.589299;5;0;0;521;1008;83.96;89.17;;;
40.708244;0.589117;5;0;0;521;1008;83.98;89.15;;;
40.708092;0.58899;5;0;0;521;1008;84;89.13;;;
40.707933;0.58888;5;0;0;521;1008;84.02;89.11;;;
40.707894;0.588678;5;0;0;521;1008;84.04;89.09;;;
40.707882;0.588444;5;0;0;521;1008;84.06;89.07;;;
40.707771;0.58826;5;0;0;521;1008;84.08;89.05;;;
40.70763;0.588113;5;0;0;521;1008;84.1;89.03;;;
40.707471;0.588002;5;0;0;521;1008;84.12;89.01;;;
40.707312;0.587891;5;0;0;521;1008;84.14;88.99;;;
40.707153;0.58778;5;0;0;521;1008;84.16;88.97;;;
40.706982;0.587712;4;0;0;521;1008;84.18;88.95;;;
40.706804;0.587707;4;0;0;521;1008;84.2;88.93;;;
40.706627;0.587745;4;0;0;521;1008;84.22;88.91;;;
40.70645;0.587792;4;0;0;521;1008;84.24;88.89;;;
40.706274;0.587839;4;0;0;521;1008;84.26;88.87;;;
40.706098;0.587886;4;0;0;521;1008;84.28;88.85;;;
40.70592;0.587915;4;0;0;521;1008;84.3;88.83;;;
40.705741;0.587901;4;0;0;521;1008;84.32;88.81;;;
40.705571;0.587824;4;0;0;521;1008;84.34;88.79;;;
40.705412;0.587715;4;0;0;521;1008;84.36;88.77;;;
40.705257;0.587594;4;0;0;521;1008;84.38;88.75;;;
40.705102;0.587473;4;0;0;521;1008;84.4;88.73;;;
40.704947;0.587353;4;0;0;521;1008;84.42;88.71;;;
40.704792;0.587233;4;0;0;521;1008;84.44;88.69;;;
40.704638;0.58711;4;0;0;521;1008;84.46;88.67;;;
40.704489;0.586977;4;0;0;521;1008;84.48;88.65;;;
40.704339;0.586847;4;0;0;521;1008;84.5;88.63;;;
40.704185;0.586723;4;0;0;521;1008;84.52;88.61;;;
40.704032;0.586599;4;0;0;521;1008;84.54;88.59;;;
40.704175;0.586521;4;0;0;521;1008;84.56;88.57;;;
40.704346;0.586446;4;0;0;521;1008;84.58;88.55;;;
40.704517;0.586371;4;0;0;521;1008;84.6;88.53;;;
40.704687;0.586296;4;0;0;521;1008;84.62;88.51;;;
40.704858;0.586222;4;0;0;521;1008;84.64;88.49;;;
40.705029;0.586147;4;0;0;521;1008;84.66;88.47;;;
40.705199;0.586072;4;0;0;521;1008;84.68;88.45;;;
40.70537;0.585998;4;0;0;521;1008;84.7;88.43;;;
40.705541;0.585924;4;0;0;522;1007;84.72;88.41;;;
40.705712;0.585849;4;0;0;522;1007;84.74;88.39;;;
40.705786;0.585675;4;0;0;522;1007;84.76;88.37;;;
40.705798;0.585439;4;0;1;522;1007;84.78;88.35;;;
40.705809;0.585202;4;0;1;522;1007;84.8;88.33;;;
40.705821;0.584965;5;0;1;522;1007;84.82;88.31;;;
40.705832;0.584728;5;0;1;522;1007;84.84;88.29;;;
40.705843;0.584492;5;0;1;522;1007;84.86;88.27;;;
40.705855;0.584255;5;0;1;522;1007;84.88;88.25;;;
40.705866;0.584018;5;0;1;523;1006;84.9;88.23;;;
40.705877;0.583781;5;0;1;523;1006;84.92;88.21;;;
40.705889;0.583544;6;0;1;523;1006;84.94;88.19;;;
40.705901;0.583308;6;0;1;523;1006;84.96;88.17;;;
40.705912;0.583071;6;0;1;523;1006;84.98;88.15;;;
40.705923;0.582834;6;0;1;523;1006;85;88.13;;;
40.705935;0.582597;6;0;1;524;1005;85.02;88.11;;;
40.705946;0.58236;7;0;1;524;1005;85.04;88.09;;;
40.705958;0.582124;7;0;1;524;1005;85.06;88.07;;;
40.705969;0.581887;7;0;1;524;1005;85.08;88.05;;;
40.70598;0.58165;7;0;1;524;1005;85.1;88.03;;;
40.705992;0.581413;7;0;1;525;1004;85.12;88.01;;;
40.706003;0.581177;8;0;2;525;1004;85.14;87.99;;;
40.706015;0.58094;8;0;2;525;1004;85.16;87.97;;;
40.706026;0.580703;8;0;2;525;1004;85.18;87.95;;;
40.706089;0.580523;9;0;2;526;1003;85.2;87.93;;;
40.706047;0.580319;10;0;2;527;1002;85.22;87.91;;;
40.70606;0.580082;10;0;2;527;1002;85.24;87.89;;;
40.706073;0.579846;10;0;2;527;1002;85.26;87.87;;;
40.706151;0.579667;11;0;2;528;1001;85.28;87.85;;;
40.706313;0.57963;11;0;2;528;1001;85.3;87.83;;;
40.706492;0.579644;11;0;2;529;1000;85.32;87.81;;;
40.706672;0.579658;12;0;2;529;1000;85.34;87.79;;;
40.706851;0.579671;12;0;1;529;1000;85.36;87.77;;;
40.707031;0.579685;12;0;1;529;1000;85.38;87.75;;;
40.70721;0.579699;12;0;1;530;999;85.4;87.73;;;
40.70739;0.579713;13;0;1;530;999;85.42;87.71;;;
40.70757;0.579727;13;0;1;530;999;85.44;87.69;;;
40.707749;0.579741;13;0;1;530;999;85.46;87.67;;;
40.707929;0.579756;13;0;1;531;998;85.48;87.65;;;
40.708108;0.57977;13;0;1;531;998;85.5;87.63;;;
40.708288;0.579784;14;0;1;531;998;85.52;87.61;;;
40.708467;0.579798;14;0;1;531;998;85.54;87.59;;;
40.708647;0.579812;14;0;1;531;998;85.56;87.57;;;
40.708826;0.579826;14;0;1;532;997;85.58;87.55;;;
40.709006;0.57984;15;0;1;532;997;85.6;87.53;;;
40.709185;0.579854;15;0;1;532;997;85.62;87.51;;;
40.709365;0.579869;15;0;1;532;997;85.64;87.49;;;
40.709545;0.579883;15;0;1;533;996;85.66;87.47;;;
40.709724;0.579897;15;0;1;533;996;85.68;87.45;;;
40.709904;0.579911;16;0;1;533;996;85.7;87.43;;;
40.710083;0.579925;16;0;1;533;996;85.72;87.41;;;
40.710263;0.579939;16;0;1;533;996;85.74;87.39;;;
40.710442;0.579953;16;0;1;533;996;85.76;87.37;;;
40.710622;0.579967;16;0;1;534;995;85.78;87.35;;;
40.710801;0.579981;16;0;1;534;995;85.8;87.33;;;
40.710981;0.579996;17;0;1;534;995;85.82;87.31;;;
40.71116;0.58001;17;0;1;534;995;85.84;87.29;;;
40.71134;0.580024;17;0;1;534;995;85.86;87.27;;;
40.71152;0.580038;17;0;1;534;995;85.88;87.25;;;
40.711699;0.580052;17;0;1;534;995;85.9;87.23;;;
40.711879;0.580052;17;0;1;535;994;85.92;87.21;;;
40.712058;0.580037;17;0;1;535;994;85.94;87.19;;;
40.712226;0.579971;18;0;1;535;994;85.96;87.17;;;
40.712383;0.579854;18;0;1;535;994;85.98;87.15;;;
40.712539;0.579737;18;0;0;535;994;86;87.13;;;
40.712695;0.57962;18;0;0;535;994;86.02;87.11;;;
40.712852;0.579502;18;0;0;535;994;86.04;87.09;;;
40.713007;0.579383;18;0;0;535;994;86.06;87.07;;;
40.713155;0.579247;18;0;0;535;994;86.08;87.05;;;
40.713289;0.579091;18;0;0;535;994;86.1;87.03;;;
40.713409;0.578915;18;0;0;535;994;86.12;87.01;;;
40.713529;0.578738;18;0;0;535;994;86.14;86.99;;;
40.713647;0.578559;18;0;0;535;994;86.16;86.97;;;
40.713759;0.578374;18;0;0;535;994;86.18;86.95;;;
40.713871;0.578188;18;0;0;535;994;86.2;86.93;;;
40.713982;0.578001;18;0;-1;535;994;86.22;86.91;;;
40.714092;0.577813;18;0;-1;535;994;86.24;86.89;;;
40.714199;0.577622;18;0;-1;535;994;86.26;86.87;;;
40.714305;0.577431;17;0;-1;535;994;86.28;86.85;;;
40.714412;0.57724;17;0;-1;535;994;86.3;86.83;;;
40.714518;0.577049;17;0;-1;535;994;86.32;86.81;;;
40.714624;0.576857;17;0;-1;535;994;86.34;86.79;;;
40.714735;0.57667;17;0;-1;535;994;86.36;86.77;;;
40.714845;0.576482;17;0;-1;535;994;86.38;86.75;;;
40.714955;0.576294;16;0;-1;535;994;86.4;86.73;;;
40.715047;0.576092;16;0;-1;535;994;86.42;86.71;;;
40.715127;0.575879;16;0;-1;535;994;86.44;86.69;;;
40.715202;0.575664;15;0;-2;535;994;86.46;86.67;;;
40.715269;0.575444;15;0;-2;535;994;86.48;86.65;;;
40.715336;0.575223;15;0;-2;535;994;86.5;86.63;;;
40.715402;0.575002;15;0;-2;535;994;86.52;86.61;;;
40.715488;0.574794;14;0;-2;535;994;86.54;86.59;;;
40.715609;0.574628;13;0;-3;535;994;86.56;86.57;;;
40.715781;0.574588;12;0;-3;535;994;86.58;86.55;;;
40.715948;0.574675;12;0;-3;535;994;86.6;86.53;;;
40.716115;0.574764;11;0;-3;535;994;86.62;86.51;;;
40.716282;0.574854;11;0;-3;535;994;86.64;86.49;;;
40.716452;0.574928;11;0;-2;535;994;86.66;86.47;;;
40.716625;0.574996;10;0;-2;535;994;86.68;86.45;;;
40.7168;0.57504;9;0;-2;535;994;86.7;86.43;;;
40.716979;0.575063;9;0;-2;535;994;86.72;86.41;;;
40.717158;0.575085;8;0;-2;535;994;86.74;86.39;;;
40.717338;0.575079;8;0;-2;535;994;86.76;86.37;;;
40.717517;0.57506;8;0;-2;535;994;86.78;86.35;;;
40.717694;0.57502;7;0;-2;535;994;86.8;86.33;;;
40.717871;0.574978;7;0;-2;535;994;86.82;86.31;;;
40.718048;0.574932;7;0;-2;535;994;86.84;86.29;;;
40.718224;0.574885;6;0;-2;535;994;86.86;86.27;;;
40.7184;0.574836;6;0;-2;535;994;86.88;86.25;;;
40.718576;0.574787;6;0;-1;535;994;86.9;86.23;;;
40.718752;0.574739;5;0;-1;535;994;86.92;86.21;;;
40.718928;0.574691;5;0;-1;535;994;86.94;86.19;;;
40.719105;0.574643;5;0;-1;535;994;86.96;86.17;;;
40.719281;0.574594;5;0;-1;535;994;86.98;86.15;;;
40.719457;0.574547;4;0;-1;535;994;87;86.13;;;
40.719633;0.574498;4;0;-1;535;994;87.02;86.11;;;
40.719809;0.57445;4;0;-1;535;994;87.04;86.09;;;
40.719984;0.574397;4;0;-1;535;994;87.06;86.07;;;
40.720158;0.574337;4;0;-1;535;994;87.08;86.05;;;
40.720332;0.574277;4;0;-1;535;994;87.1;86.03;;;
40.720506;0.574217;3;0;-1;535;994;87.12;86.01;;;
40.72068;0.574156;3;0;-1;535;994;87.14;85.99;;;
40.720852;0.574086;3;0;-1;535;994;87.16;85.97;;;
40.721023;0.574011;3;0;-1;535;994;87.18;85.95;;;
40.721193;0.573936;3;0;0;535;994;87.2;85.93;;;
40.721364;0.573861;3;0;0;535;994;87.22;85.91;;;
40.721535;0.573786;3;0;0;535;994;87.24;85.89;;;
40.721705;0.573712;3;0;0;535;994;87.26;85.87;;;
40.721876;0.573637;3;0;0;535;994;87.28;85.85;;;
40.722047;0.573562;3;0;0;535;994;87.3;85.83;;;
40.722217;0.573487;3;0;0;535;994;87.32;85.81;;;
40.722388;0.573413;3;0;0;535;994;87.34;85.79;;;
40.722559;0.573338;3;0;0;535;994;87.36;85.77;;;
40.72273;0.573263;3;0;0;535;994;87.38;85.75;;;
40.7229;0.573188;3;0;0;535;994;87.4;85.73;;;
40.723071;0.573114;3;0;0;535;994;87.42;85.71;;;
40.723242;0.573039;3;0;0;535;994;87.44;85.69;;;
40.723412;0.572964;3;0;0;535;994;87.46;85.67;;;
40.723583;0.572889;3;0;0;535;994;87.48;85.65;;;
40.723753;0.57281;3;0;0;535;994;87.5;85.63;;;
40.723921;0.572727;3;0;0;535;994;87.52;85.61;;;
40.724091;0.572649;3;0;0;536;993;87.54;85.59;;;
40.724261;0.572573;3;0;0;536;993;87.56;85.57;;;
40.724432;0.572497;3;0;0;536;993;87.58;85.55;;;
40.724602;0.57242;3;0;0;536;993;87.6;85.53;;;
40.724772;0.572344;3;0;0;536;993;87.62;85.51;;;
40.724943;0.572268;3;0;0;536;993;87.64;85.49;;;
40.725113;0.572192;3;0;0;536;993;87.66;85.47;;;
40.725284;0.572116;3;0;1;536;993;87.68;85.45;;;
40.725454;0.57204;3;0;1;536;993;87.7;85.43;;;
40.725624;0.571964;3;0;1;536;993;87.72;85.41;;;
40.725799;0.57191;4;0;1;536;993;87.74;85.39;;;
40.725968;0.571829;4;0;1;537;992;87.76;85.37;;;
40.726126;0.571717;4;0;1;537;992;87.78;85.35;;;
40.726262;0.571567;4;0;1;537;992;87.8;85.33;24;;
40.72643;0.57148;4;0;1;537;992;87.82;85.31;;;
40.726601;0.571412;5;0;1;537;992;87.84;85.29;;;
40.726778;0.571371;5;0;1;537;992;87.86;85.27;;;
40.726956;0.571332;5;0;1;538;991;87.88;85.25;;;
40.727134;0.571305;5;0;1;538;991;87.9;85.23;;;
40.727313;0.571277;5;0;1;538;991;87.92;85.21;;;
40.72749;0.571241;5;0;1;538;991;87.94;85.19;;;
40.727666;0.571187;5;0;1;538;991;87.96;85.17;;;
40.72784;0.571129;5;0;1;538;991;87.98;85.15;;;
40.728013;0.571063;5;0;1;538;991;88;85.13;;;
40.728185;0.570996;6;0;1;538;991;88.02;85.11;;;
40.728358;0.570928;6;0;0;539;990;88.04;85.09;;;
40.72853;0.570861;6;0;0;539;990;88.06;85.07;;;
40.728703;0.570795;6;0;0;539;990;88.08;85.05;;;
40.728875;0.570728;6;0;0;539;990;88.1;85.03;;;
40.729048;0.57066;6;0;0;539;990;88.12;85.01;;;
40.72922;0.570593;6;0;0;539;990;88.14;84.99;;;
40.729393;0.570527;6;0;0;539;990;88.16;84.97;;;
40.729566;0.57046;6;0;0;539;990;88.18;84.95;;;
40.729738;0.570394;6;0;0;539;990;88.2;84.93;;;
40.729911;0.570327;6;0;0;539;990;88.22;84.91;;;
40.730083;0.57026;6;0;0;539;990;88.24;84.89;;;
40.730256;0.570193;6;0;0;539;990;88.26;84.87;;;
40.730429;0.570126;6;0;0;539;990;88.28;84.85;;;
40.730601;0.570059;6;0;0;539;990;88.3;84.83;;;
40.730774;0.569992;6;0;0;539;990;88.32;84.81;;;
40.730946;0.569925;6;0;0;539;990;88.34;84.79;;;
40.731119;0.569858;6;0;0;539;990;88.36;84.77;;;
40.731291;0.569791;6;0;0;539;990;88.38;84.75;;;
40.731464;0.569724;6;0;0;539;990;88.4;84.73;;;
40.731636;0.569657;6;0;0;539;990;88.42;84.71;;;
40.731809;0.56959;6;0;0;539;990;88.44;84.69;;;
40.731982;0.569524;5;0;0;539;990;88.46;84.67;;;
40.732154;0.569457;5;0;0;539;990;88.48;84.65;;;
40.732327;0.56939;5;0;0;539;990;88.5;84.63;;;
40.732499;0.569323;5;0;0;539;990;88.52;84.61;;;
40.732671;0.569254;5;0;0;539;990;88.54;84.59;;;
40.732843;0.569184;5;0;0;539;990;88.56;84.57;;;
40.733015;0.569114;5;0;0;539;990;88.58;84.55;;;
40.733187;0.569045;5;0;0;539;990;88.6;84.53;;;
40.733359;0.568975;5;0;0;539;990;88.62;84.51;;;
40.733531;0.568905;5;0;0;539;990;88.64;84.49;;;
40.733702;0.568832;5;0;0;539;990;88.66;84.47;;;
40.73387;0.568747;5;0;0;539;990;88.68;84.45;;;
40.734038;0.568661;5;0;0;539;990;88.7;84.43;;;
40.734204;0.56857;4;0;0;539;990;88.72;84.41;;;
40.734368;0.568473;4;0;0;539;990;88.74;84.39;;;
40.734532;0.568377;4;0;0;539;990;88.76;84.37;;;
40.734697;0.56828;4;0;0;539;990;88.78;84.35;;;
40.734861;0.568184;4;0;0;539;990;88.8;84.33;;;
40.735025;0.568088;4;0;0;539;990;88.82;84.31;;;
40.73519;0.567991;4;0;0;539;990;88.84;84.29;;;
40.735354;0.567894;4;0;0;539;990;88.86;84.27;;;
40.735518;0.567798;4;0;0;539;990;88.88;84.25;;;
40.735683;0.567702;4;0;0;539;990;88.9;84.23;;;
40.735847;0.567605;4;0;0;539;990;88.92;84.21;;;
40.736011;0.567508;4;0;0;539;990;88.94;84.19;;;
40.736176;0.567412;4;0;0;539;990;88.96;84.17;;;
40.73634;0.567316;4;0;0;539;990;88.98;84.15;;;
40.736504;0.567219;4;0;0;539;990;89;84.13;;;
40.736669;0.567123;4;0;0;539;990;89.02;84.11;;;
40.736833;0.567026;4;0;0;539;990;89.04;84.09;;;
40.736997;0.56693;4;0;0;539;990;89.06;84.07;;;
40.737162;0.566833;4;0;0;539;990;89.08;84.05;;;
40.737326;0.566737;4;0;0;539;990;89.1;84.03;;;
40.73749;0.56664;4;0;0;539;990;89.12;84.01;;;
40.737654;0.566543;4;0;0;539;990;89.14;83.99;;;
40.737818;0.566445;4;0;0;539;990;89.16;83.97;;;
40.737982;0.566346;4;0;0;539;990;89.18;83.95;;;
40.738145;0.566247;4;0;0;539;990;89.2;83.93;;;
40.738309;0.56615;4;0;0;539;990;89.22;83.91;;;
40.738473;0.566052;4;0;0;539;990;89.24;83.89;;;
40.738637;0.565953;4;0;0;539;990;89.26;83.87;;;
40.7388;0.565854;4;0;0;539;990;89.28;83.85;;;
40.738964;0.565757;4;0;0;539;990;89.3;83.83;;;
40.739128;0.565659;4;0;0;539;990;89.32;83.81;;;
40.739292;0.56556;4;0;0;539;990;89.34;83.79;;;
40.739455;0.565462;4;0;0;539;990;89.36;83.77;;;
40.739619;0.565364;4;0;0;539;990;89.38;83.75;;;
40.739783;0.565266;4;0;0;539;990;89.4;83.73;;;
40.739947;0.565167;4;0;0;539;990;89.42;83.71;;;
40.740108;0.565062;4;0;0;539;990;89.44;83.69;;;
40.740268;0.564953;4;0;0;539;990;89.46;83.67;;;
40.740425;0.564839;4;0;0;539;990;89.48;83.65;;;
40.740582;0.564722;4;0;0;539;990;89.5;83.63;;;
40.740733;0.564593;4;0;0;539;990;89.52;83.61;;;
40.740883;0.564463;4;0;0;539;990;89.54;83.59;;;
40.741033;0.564332;4;0;0;539;990;89.56;83.57;;;
40.741193;0.564229;4;0;0;539;990;89.58;83.55;;;
40.741339;0.564091;4;0;0;539;990;89.6;83.53;;;
40.741486;0.563954;4;0;0;539;990;89.62;83.51;;;
40.741632;0.563816;4;0;0;539;990;89.64;83.49;;;
40.741779;0.563678;4;0;0;539;990;89.66;83.47;;;
40.741943;0.563583;4;0;0;539;990;89.68;83.45;;;
40.742095;0.563457;4;0;0;540;989;89.7;83.43;;;
40.742244;0.563324;4;0;0;540;989;89.72;83.41;;;
40.742392;0.56319;4;0;0;540;989;89.74;83.39;;;
40.742527;0.563039;4;0;0;540;989;89.76;83.37;;;
40.742678;0.56291;4;0;0;540;989;89.78;83.35;;;
40.742823;0.56277;4;0;0;540;989;89.8;83.33;;;
40.742984;0.562665;4;0;0;540;989;89.82;83.31;;;
40.743131;0.562531;4;0;0;540;989;89.84;83.29;;;
40.743272;0.562382;4;0;0;540;989;89.86;83.27;;;
40.743416;0.562241;4;0;0;540;989;89.88;83.25;;;
40.74357;0.562119;4;0;0;540;989;89.9;83.23;;;
40.743723;0.561995;4;0;0;540;989;89.92;83.21;;;
40.743877;0.561871;4;0;0;540;989;89.94;83.19;;;
40.744029;0.561745;4;0;0;540;989;89.96;83.17;;;
40.744178;0.561612;4;0;0;540;989;89.98;83.15;;;
40.744327;0.561479;4;0;0;540;989;90;83.13;;;
40.744476;0.561346;4;0;0;540;989;90.02;83.11;;;
40.744625;0.561213;4;0;0;540;989;90.04;83.09;;;
40.744775;0.561081;4;0;0;540;989;90.06;83.07;;;
40.744924;0.560949;4;0;0;540;989;90.08;83.05;;;
40.745073;0.560816;4;0;0;540;989;90.1;83.03;;;
40.745222;0.560682;4;0;0;540;989;90.12;83.01;;;
40.745371;0.56055;4;0;0;540;989;90.14;82.99;;;
40.74552;0.560418;4;0;0;540;989;90.16;82.97;;;
40.745669;0.560285;4;0;0;540;989;90.18;82.95;;;
40.745819;0.560152;4;0;0;540;989;90.2;82.93;;;
40.745965;0.560015;4;0;0;540;989;90.22;82.91;;;
40.74611;0.559874;4;0;0;540;989;90.24;82.89;;;
40.746253;0.559731;4;0;0;540;989;90.26;82.87;;;
40.746389;0.559575;4;0;0;540;989;90.28;82.85;;;
40.74652;0.559413;4;0;0;540;989;90.3;82.83;;;
40.746639;0.559234;4;0;0;540;989;90.32;82.81;;;
40.74675;0.559048;4;0;0;540;989;90.34;82.79;;;
40.746852;0.558853;3;0;0;540;989;90.36;82.77;;;
40.746942;0.558647;3;0;0;540;989;90.38;82.75;;;
40.747029;0.55844;3;0;0;540;989;90.4;82.73;;;
40.747106;0.558225;3;0;0;540;989;90.42;82.71;;;
40.747182;0.55801;3;0;0;540;989;90.44;82.69;;;
40.747258;0.557794;3;0;0;540;989;90.46;82.67;;;
40.747333;0.557579;3;0;0;540;989;90.48;82.65;;;
40.747409;0.557364;3;0;0;540;989;90.5;82.63;;;
40.747486;0.557149;3;0;0;540;989;90.52;82.61;;;
40.747562;0.556934;3;0;0;540;989;90.54;82.59;;;
40.747638;0.556719;3;0;0;540;989;90.56;82.57;;;
40.747714;0.556504;3;0;0;540;989;90.58;82.55;;;
40.74779;0.556288;3;0;0;540;989;90.6;82.53;;;
40.747867;0.556074;3;0;0;540;989;90.62;82.51;;;
40.747943;0.555859;3;0;0;540;989;90.64;82.49;;;
40.748019;0.555643;3;0;0;540;989;90.66;82.47;;;
40.748095;0.555428;3;0;0;540;989;90.68;82.45;;;
40.748171;0.555213;3;0;0;540;989;90.7;82.43;;;
40.748247;0.554998;3;0;0;540;989;90.72;82.41;;;
40.748324;0.554783;3;0;0;540;989;90.74;82.39;;;
40.7484;0.554568;3;0;0;540;989;90.76;82.37;;;
40.748475;0.554353;3;0;0;540;989;90.78;82.35;;;
40.748552;0.554138;3;0;0;540;989;90.8;82.33;;;
40.748628;0.553923;3;0;0;540;989;90.82;82.31;;;
40.748704;0.553708;3;0;0;540;989;90.84;82.29;;;
40.74878;0.553492;3;0;0;540;989;90.86;82.27;;;
40.748856;0.553277;3;0;0;540;989;90.88;82.25;;;
40.748932;0.553062;3;0;0;540;989;90.9;82.23;;;
40.749009;0.552847;4;0;0;540;989;90.92;82.21;;;
40.749085;0.552632;4;0;0;540;989;90.94;82.19;;;
40.749161;0.552417;4;0;0;540;989;90.96;82.17;;;
40.749236;0.552202;4;0;0;540;989;90.98;82.15;;;
40.749313;0.551986;4;0;0;540;989;91;82.13;;;
40.749389;0.551771;4;0;0;540;989;91.02;82.11;;;
40.749465;0.551556;4;0;0;540;989;91.04;82.09;;;
40.749541;0.551341;4;0;0;540;989;91.06;82.07;;;
40.749616;0.551125;4;0;0;540;989;91.08;82.05;;;
40.749693;0.550911;4;0;0;540;989;91.1;82.03;;;
40.749769;0.550696;4;0;0;540;989;91.12;82.01;;;
40.749845;0.550481;4;0;0;540;989;91.14;81.99;;;
40.749921;0.550265;4;0;0;540;989;91.16;81.97;;;
40.749997;0.55005;4;0;0;541;988;91.18;81.95;;;
40.750074;0.549835;4;0;0;541;988;91.2;81.93;;;
40.75015;0.54962;4;0;0;541;988;91.22;81.91;;;
40.750226;0.549405;4;0;0;541;988;91.24;81.89;;;
40.750302;0.54919;4;0;0;541;988;91.26;81.87;;;
40.750378;0.548974;4;0;0;541;988;91.28;81.85;;;
40.750454;0.54876;4;0;0;541;988;91.3;81.83;;;
40.750531;0.548545;4;0;0;541;988;91.32;81.81;;;
40.750607;0.54833;4;0;0;541;988;91.34;81.79;;;
40.750682;0.548114;4;0;0;541;988;91.36;81.77;;;
40.750758;0.547899;4;0;0;541;988;91.38;81.75;;;
40.750835;0.547684;4;0;0;541;988;91.4;81.73;;;
40.750911;0.547469;4;0;0;541;988;91.42;81.71;;;
40.750987;0.547254;4;0;0;541;988;91.44;81.69;;;
40.751063;0.547039;4;0;0;541;988;91.46;81.67;;;
40.751141;0.546824;4;0;0;541;988;91.48;81.65;;;
40.75122;0.546611;4;0;0;541;988;91.5;81.63;;;
40.751299;0.546398;4;0;0;541;988;91.52;81.61;;;
40.751378;0.546185;4;0;0;541;988;91.54;81.59;;;
40.751456;0.545971;4;0;0;541;988;91.56;81.57;;;
40.751542;0.545762;4;0;0;541;988;91.58;81.55;;;
40.75163;0.545555;4;0;0;541;988;91.6;81.53;;;
40.751717;0.545347;4;0;0;541;988;91.62;81.51;;;
40.751817;0.54515;4;0;0;541;988;91.64;81.49;;;
40.751918;0.544954;4;0;0;541;988;91.66;81.47;;;
40.752019;0.544758;4;0;0;541;988;91.68;81.45;;;
40.752132;0.544573;4;0;0;541;988;91.7;81.43;;;
40.752246;0.544389;4;0;0;541;988;91.72;81.41;;;
40.75236;0.544205;4;0;0;541;988;91.74;81.39;;;
40.752473;0.544021;4;0;0;541;988;91.76;81.37;;;
40.752588;0.543838;4;0;0;541;988;91.78;81.35;;;
40.752701;0.543653;4;0;0;541;988;91.8;81.33;;;
40.752814;0.543469;4;0;0;541;988;91.82;81.31;;;
40.752931;0.543288;4;0;0;541;988;91.84;81.29;;;
40.753048;0.543108;4;0;0;541;988;91.86;81.27;;;
40.753165;0.542928;4;0;0;541;988;91.88;81.25;;;
40.753282;0.542747;4;0;0;541;988;91.9;81.23;;;
40.753399;0.542567;4;0;0;541;988;91.92;81.21;;;
40.753516;0.542387;5;0;0;542;987;91.94;81.19;;;
40.753633;0.542206;5;0;0;542;987;91.96;81.17;;;
40.75375;0.542026;5;0;0;542;987;91.98;81.15;;;
40.753867;0.541846;5;0;0;542;987;92;81.13;;;
40.753984;0.541666;5;0;0;542;987;92.02;81.11;;;
40.754101;0.541485;5;0;0;542;987;92.04;81.09;;;
40.754218;0.541305;5;0;0;542;987;92.06;81.07;;;
40.754335;0.541124;5;0;0;542;987;92.08;81.05;;;
40.754452;0.540944;5;0;0;542;987;92.1;81.03;;;
40.754569;0.540764;5;0;0;542;987;92.12;81.01;;;
40.754686;0.540583;5;0;0;542;987;92.14;80.99;;;
40.754803;0.540403;5;0;0;542;987;92.16;80.97;;;
40.754923;0.540226;5;0;0;542;987;92.18;80.95;;;
40.755043;0.540049;5;0;0;542;987;92.2;80.93;;;
40.755162;0.539872;5;0;0;542;987;92.22;80.91;;;
40.755283;0.539695;5;0;0;542;987;92.24;80.89;;;
40.755402;0.539518;5;0;0;542;987;92.26;80.87;;;
40.755523;0.539342;5;0;0;542;987;92.28;80.85;;;
40.755653;0.539178;5;0;0;542;987;92.3;80.83;;;
40.755783;0.539014;5;0;0;542;987;92.32;80.81;;;
40.755922;0.538863;5;0;0;542;987;92.34;80.79;;;
40.756063;0.538716;5;0;0;542;987;92.36;80.77;;;
40.756205;0.538569;5;0;0;542;987;92.38;80.75;;;
40.756346;0.538423;5;0;0;542;987;92.4;80.73;;;
40.756488;0.538276;5;0;0;543;986;92.42;80.71;;;
40.756629;0.538129;5;0;0;543;986;92.44;80.69;;;
40.756774;0.537989;5;0;0;543;986;92.46;80.67;;;
40.75692;0.53785;5;0;0;543;986;92.48;80.65;;;
40.757065;0.53771;5;0;0;543;986;92.5;80.63;;;
40.75721;0.537569;5;0;0;543;986;92.52;80.61;;;
40.757355;0.53743;6;0;0;543;986;92.54;80.59;;;
40.757501;0.53729;6;0;0;543;986;92.56;80.57;;;
40.757646;0.537151;6;0;0;543;986;92.58;80.55;;;
40.757792;0.537011;6;0;0;543;986;92.6;80.53;;;
40.757937;0.536871;6;0;0;543;986;92.62;80.51;;;
40.758083;0.536731;6;0;0;543;986;92.64;80.49;;;
40.758228;0.536592;6;0;0;543;986;92.66;80.47;;;
40.758374;0.536452;6;0;0;543;986;92.68;80.45;;;
40.758519;0.536311;6;0;0;543;986;92.7;80.43;;;
40.758664;0.536171;6;0;0;543;986;92.72;80.41;;;
40.75881;0.536032;6;0;0;543;986;92.74;80.39;;;
40.758955;0.535893;6;0;0;543;986;92.76;80.37;;;
40.7591;0.535753;6;0;0;543;986;92.78;80.35;;;
40.759246;0.535614;6;0;0;543;986;92.8;80.33;;;
40.759398;0.535485;6;0;0;543;986;92.82;80.31;;;
40.759548;0.535356;6;0;0;543;986;92.84;80.29;;;
40.759707;0.535245;6;0;0;543;986;92.86;80.27;;;
40.759867;0.535137;6;0;0;543;986;92.88;80.25;;;
40.760031;0.535039;6;0;0;543;986;92.9;80.23;;;
40.760195;0.534942;6;0;0;543;986;92.92;80.21;;;
40.760359;0.534844;6;0;0;543;986;92.94;80.19;;;
40.760523;0.534746;6;0;0;543;986;92.96;80.17;;;
40.760687;0.534649;6;0;0;543;986;92.98;80.15;;;
40.760851;0.534552;6;0;0;543;986;93;80.13;;;
40.761015;0.534455;6;0;0;543;986;93.02;80.11;;;
40.761179;0.534357;6;0;0;543;986;93.04;80.09;;;
40.761343;0.53426;6;0;0;543;986;93.06;80.07;;;
40.761508;0.534162;6;0;0;543;986;93.08;80.05;;;
40.761672;0.534065;6;0;0;543;986;93.1;80.03;;;
40.761835;0.533967;6;0;0;543;986;93.12;80.01;;;
40.761999;0.53387;6;0;0;543;986;93.14;79.99;;;
40.762164;0.533772;6;0;0;543;986;93.16;79.97;;;
40.762328;0.533675;6;0;0;543;986;93.18;79.95;;;
40.762492;0.533578;6;0;0;543;986;93.2;79.93;;;
40.762656;0.533481;6;0;0;543;986;93.22;79.91;;;
40.762821;0.533387;6;0;0;543;986;93.24;79.89;;;
40.762988;0.5333;6;0;0;543;986;93.26;79.87;;;
40.763156;0.533212;6;0;0;543;986;93.28;79.85;;;
40.763324;0.533129;6;0;0;543;986;93.3;79.83;;;
40.763493;0.533049;5;0;0;543;986;93.32;79.81;;;
40.763662;0.532968;5;0;0;543;986;93.34;79.79;;;
40.763831;0.532887;5;0;0;543;986;93.36;79.77;;;
40.764001;0.532806;5;0;0;543;986;93.38;79.75;;;
40.76417;0.532726;5;0;0;543;986;93.4;79.73;;;
40.764339;0.532645;5;0;0;543;986;93.42;79.71;;;
40.764508;0.532564;5;0;0;543;986;93.44;79.69;;;
40.764677;0.532483;5;0;0;543;986;93.46;79.67;;;
40.764846;0.532403;5;0;0;543;986;93.48;79.65;;;
40.765016;0.532322;5;0;0;543;986;93.5;79.63;;;
40.765185;0.532242;5;0;0;543;986;93.52;79.61;;;
40.765354;0.532161;5;0;0;543;986;93.54;79.59;;;
40.765523;0.53208;4;0;0;543;986;93.56;79.57;;;
40.765692;0.531999;4;0;0;543;986;93.58;79.55;;;
40.765861;0.531919;4;0;0;543;986;93.6;79.53;;;
40.766031;0.531838;4;0;0;543;986;93.62;79.51;;;
40.7662;0.531757;4;0;0;543;986;93.64;79.49;;;
40.766369;0.531676;4;0;0;543;986;93.66;79.47;;;
40.766538;0.531596;4;0;0;543;986;93.68;79.45;;;
40.766707;0.531515;4;0;0;543;986;93.7;79.43;;;
40.766876;0.531434;4;0;0;543;986;93.72;79.41;;;
40.767045;0.531353;4;0;0;543;986;93.74;79.39;;;
40.767215;0.531273;4;0;0;543;986;93.76;79.37;;;
40.767384;0.531192;4;0;0;543;986;93.78;79.35;;;
40.767553;0.531111;4;0;0;543;986;93.8;79.33;;;
40.767722;0.531031;4;0;0;543;986;93.82;79.31;;;
40.767891;0.53095;4;0;0;543;986;93.84;79.29;;;
40.768061;0.53087;4;0;0;543;986;93.86;79.27;;;
40.76823;0.530789;4;0;0;543;986;93.88;79.25;;;
40.768399;0.530708;3;0;0;543;986;93.9;79.23;;;
40.768568;0.530627;3;0;0;543;986;93.92;79.21;;;
40.768737;0.530547;3;0;0;543;986;93.94;79.19;;;
40.768906;0.530466;3;0;0;543;986;93.96;79.17;;;
40.769075;0.530385;3;0;0;543;986;93.98;79.15;;;
40.769244;0.530304;3;0;0;543;986;94;79.13;;;
40.769414;0.530224;3;0;0;543;986;94.02;79.11;;;
40.769583;0.530143;3;0;0;543;986;94.04;79.09;;;
40.769752;0.530062;3;0;0;543;986;94.06;79.07;;;
40.769921;0.529981;3;0;0;543;986;94.08;79.05;;;
40.77009;0.529901;3;0;0;543;986;94.1;79.03;;;
40.77026;0.52982;3;0;0;543;986;94.12;79.01;;;
40.770429;0.52974;3;0;0;543;986;94.14;78.99;;;
40.770598;0.529659;3;0;0;543;986;94.16;78.97;;;
40.770767;0.529578;3;0;0;543;986;94.18;78.95;;;
40.770934;0.52949;3;0;0;543;986;94.2;78.93;;;
40.771098;0.529391;2;0;0;543;986;94.22;78.91;;;
40.77126;0.52929;2;0;0;543;986;94.24;78.89;;;
40.771415;0.529168;2;0;0;543;986;94.26;78.87;;;
40.771569;0.529046;2;0;0;543;986;94.28;78.85;;;
40.771723;0.528924;2;0;0;543;986;94.3;78.83;;;
40.771873;0.528793;2;0;0;543;986;94.32;78.81;;;
40.77202;0.528657;2;0;0;543;986;94.34;78.79;;;
40.772167;0.52852;2;0;0;543;986;94.36;78.77;;;
40.772314;0.528383;2;0;0;543;986;94.38;78.75;;;
40.772462;0.528247;2;0;0;543;986;94.4;78.73;;;
40.77261;0.528112;2;0;0;543;986;94.42;78.71;;;
40.772757;0.527975;2;0;0;543;986;94.44;78.69;;;
40.772904;0.527839;2;0;0;543;986;94.46;78.67;;;
40.773052;0.527703;2;0;0;543;986;94.48;78.65;;;
40.773199;0.527568;2;0;0;543;986;94.5;78.63;;;
40.773346;0.527431;2;0;0;543;986;94.52;78.61;;;
40.773493;0.527294;2;0;0;543;986;94.54;78.59;;;
40.773631;0.527141;2;0;0;543;986;94.56;78.57;;;
40.773768;0.526987;2;0;0;543;986;94.58;78.55;;;
40.773905;0.526833;2;0;0;543;986;94.6;78.53;;;
40.774035;0.52667;2;0;0;544;985;94.62;78.51;;;
40.774158;0.526497;2;0;0;544;985;94.64;78.49;;;
40.774279;0.526321;2;0;0;544;985;94.66;78.47;;;
40.774388;0.526132;2;0;0;544;985;94.68;78.45;;;
40.774495;0.525941;2;0;0;544;985;94.7;78.43;;;
40.774595;0.525744;2;0;0;544;985;94.72;78.41;;;
40.774683;0.525537;2;0;0;544;985;94.74;78.39;;;
40.774771;0.52533;3;0;0;544;985;94.76;78.37;;;
40.774858;0.525122;3;0;0;544;985;94.78;78.35;;;
40.774917;0.524898;3;0;0;544;985;94.8;78.33;;;
40.774977;0.524674;3;0;0;544;985;94.82;78.31;;;
40.775036;0.524449;3;0;0;544;985;94.84;78.29;;;
40.775094;0.524224;3;0;0;544;985;94.86;78.27;;;
40.775143;0.523997;3;0;0;544;985;94.88;78.25;;;
40.775179;0.523764;3;0;0;544;985;94.9;78.23;;;
40.775214;0.523531;3;0;0;544;985;94.92;78.21;;;
40.77525;0.523298;3;0;0;544;985;94.94;78.19;;;
40.775286;0.523065;3;0;0;544;985;94.96;78.17;;;
40.77532;0.522832;3;0;0;544;985;94.98;78.15;;;
40.775353;0.522599;3;0;0;544;985;95;78.13;;;
40.775386;0.522365;3;0;0;544;985;95.02;78.11;;;
40.775418;0.522132;3;0;0;545;984;95.04;78.09;;;
40.775451;0.521898;3;0;0;545;984;95.06;78.07;;;
40.775484;0.521664;4;0;0;545;984;95.08;78.05;;;
40.775517;0.521431;4;0;0;545;984;95.1;78.03;;;
40.775549;0.521197;4;0;0;545;984;95.12;78.01;;;
40.775582;0.520964;4;0;0;545;984;95.14;77.99;;;
40.775615;0.52073;4;0;0;545;984;95.16;77.97;;;
40.775632;0.520494;4;0;0;545;984;95.18;77.95;;;
40.775648;0.520257;4;0;0;545;984;95.2;77.93;;;
40.775657;0.520021;4;0;0;545;984;95.22;77.91;;;
40.775648;0.519783;4;0;0;545;984;95.24;77.89;;;
40.77564;0.519546;4;0;0;545;984;95.26;77.87;;;
40.775631;0.519309;4;0;0;545;984;95.28;77.85;;;
40.775622;0.519072;4;0;0;545;984;95.3;77.83;;;
40.775619;0.518834;4;0;0;546;983;95.32;77.81;;;
40.775619;0.518597;5;0;0;546;983;95.34;77.79;;;
40.775619;0.518359;5;0;0;546;983;95.36;77.77;;;
40.775635;0.518123;5;0;1;546;983;95.38;77.75;;;
40.775661;0.517889;5;0;0;546;983;95.4;77.73;;;
40.775709;0.517659;5;0;0;546;983;95.42;77.71;;;
40.775756;0.51743;5;0;0;546;983;95.44;77.69;;;
40.775802;0.517201;5;0;0;546;983;95.46;77.67;;;
40.775848;0.516971;5;0;1;546;983;95.48;77.65;;;
40.775899;0.516743;5;0;1;546;983;95.5;77.63;;;
40.77595;0.516515;5;0;1;547;982;95.52;77.61;;;
40.776001;0.516288;6;0;1;547;982;95.54;77.59;;;
40.776052;0.51606;6;0;1;547;982;95.56;77.57;;;
40.776103;0.515832;6;0;1;547;982;95.58;77.55;;;
40.776154;0.515604;6;0;1;547;982;95.6;77.53;;;
40.776205;0.515377;6;0;1;547;982;95.62;77.51;;;
40.776248;0.515146;6;0;1;547;982;95.64;77.49;;;
40.776285;0.514914;6;0;1;548;981;95.66;77.47;;;
40.77632;0.514681;7;0;1;548;981;95.68;77.45;;;
40.776339;0.514446;7;0;1;548;981;95.7;77.43;;;
40.776339;0.514208;7;0;1;548;981;95.72;77.41;;;
40.776319;0.513973;7;0;0;548;981;95.74;77.39;;;
40.776286;0.513739;7;0;0;548;981;95.76;77.37;;;
40.776249;0.513507;7;0;0;548;981;95.78;77.35;;;
40.776187;0.513284;7;0;0;548;981;95.8;77.33;;;
40.776114;0.513067;7;0;0;548;981;95.82;77.31;;;
40.776036;0.512853;7;0;0;548;981;95.84;77.29;;;
40.775959;0.512638;7;0;1;548;981;95.86;77.27;;;
40.77589;0.512419;7;0;1;549;980;95.88;77.25;;;
40.77582;0.5122;8;0;1;549;980;95.9;77.23;;;
40.775757;0.511979;8;0;1;549;980;95.92;77.21;;;
40.77574;0.511743;8;0;1;549;980;95.94;77.19;;;
40.775759;0.511507;8;0;1;549;980;95.96;77.17;;;
40.775819;0.511289;8;0;0;549;980;95.98;77.15;;;
40.775842;0.511058;8;0;0;549;980;96;77.13;;;
40.77583;0.510821;8;0;0;549;980;96.02;77.11;;;
40.775857;0.510587;8;0;0;549;980;96.04;77.09;;;
40.775905;0.510359;8;0;0;549;980;96.06;77.07;;;
40.775967;0.510136;8;0;0;549;980;96.08;77.05;;;
40.776035;0.509917;8;0;0;549;980;96.1;77.03;;;
40.776123;0.50971;8;0;0;549;980;96.12;77.01;;;
40.776215;0.509507;8;0;0;549;980;96.14;76.99;;;
40.776341;0.509337;8;0;0;549;980;96.16;76.97;;;
40.776475;0.509179;8;0;0;549;980;96.18;76.95;;;
40.776611;0.509024;8;0;0;549;980;96.2;76.93;;;
40.776748;0.508869;8;0;0;549;980;96.22;76.91;;;
40.776884;0.508714;8;0;0;549;980;96.24;76.89;;;
40.77702;0.508559;8;0;0;549;980;96.26;76.87;;;
40.777156;0.508404;8;0;0;549;980;96.28;76.85;;;
40.777293;0.508249;7;0;0;549;980;96.3;76.83;;;
40.777429;0.508095;7;0;0;549;980;96.32;76.81;;;
40.777566;0.50794;7;0;0;549;980;96.34;76.79;;;
40.777702;0.507784;7;0;0;549;980;96.36;76.77;;;
40.777838;0.50763;7;0;0;549;980;96.38;76.75;;;
40.777975;0.507475;7;0;0;549;980;96.4;76.73;;;
40.778111;0.50732;7;0;0;549;980;96.42;76.71;;;
40.778247;0.507165;7;0;0;549;980;96.44;76.69;;;
40.778383;0.507009;7;0;0;549;980;96.46;76.67;;;
40.77852;0.506855;7;0;0;549;980;96.48;76.65;;;
40.778656;0.5067;7;0;0;549;980;96.5;76.63;;;
40.778792;0.506545;7;0;0;549;980;96.52;76.61;;;
40.778929;0.50639;7;0;0;549;980;96.54;76.59;;;
40.779065;0.506235;7;0;0;549;980;96.56;76.57;;;
40.779205;0.506085;7;0;0;549;980;96.58;76.55;;;
40.779344;0.505936;7;0;0;550;979;96.6;76.53;;;
40.779484;0.505786;7;0;0;550;979;96.62;76.51;;;
40.779629;0.505645;7;0;0;550;979;96.64;76.49;;;
40.779774;0.505505;8;0;0;550;979;96.66;76.47;;;
40.77992;0.505365;8;0;0;550;979;96.68;76.45;;;
40.780065;0.505225;8;0;0;550;979;96.7;76.43;;;
40.78021;0.505085;8;0;0;550;979;96.72;76.41;;;
40.780356;0.504945;8;0;0;550;979;96.74;76.39;;;
40.780501;0.504806;8;0;0;550;979;96.76;76.37;;;
40.780646;0.504666;8;0;0;550;979;96.78;76.35;;;
40.780792;0.504526;8;0;0;550;979;96.8;76.33;;;
40.780944;0.504401;8;0;0;550;979;96.82;76.31;;;
40.781099;0.504279;8;0;0;550;979;96.84;76.29;;;
40.781253;0.504157;8;0;1;550;979;96.86;76.27;;;
40.781408;0.504036;8;0;1;550;979;96.88;76.25;;;
40.781568;0.503929;8;0;1;550;979;96.9;76.23;;;
40.781729;0.503821;8;0;1;551;978;96.92;76.21;;;
40.781889;0.503713;9;0;1;551;978;96.94;76.19;;;
40.782055;0.503623;9;0;1;551;978;96.96;76.17;;;
40.782222;0.503535;9;0;1;551;978;96.98;76.15;;;
40.782389;0.503447;9;0;1;551;978;97;76.13;;;
40.782556;0.503359;9;0;1;551;978;97.02;76.11;;;
40.782724;0.503271;9;0;1;551;978;97.04;76.09;;;
40.782891;0.503183;9;0;1;551;978;97.06;76.07;;;
40.783057;0.503094;9;0;1;551;978;97.08;76.05;;;
40.783221;0.502996;9;0;1;552;977;97.1;76.03;;;
40.783384;0.502895;10;0;1;552;977;97.12;76.01;;;
40.783539;0.502775;10;0;1;552;977;97.14;75.99;;;
40.783694;0.502654;10;0;1;552;977;97.16;75.97;;;
40.783849;0.502534;10;0;1;552;977;97.18;75.95;;;
40.784004;0.502413;10;0;1;552;977;97.2;75.93;;;
40.784158;0.50229;10;0;1;553;976;97.22;75.91;;;
40.784311;0.502167;11;0;1;553;976;97.24;75.89;;;
40.784465;0.502043;11;0;1;553;976;97.26;75.87;;;
40.784619;0.501919;11;0;1;553;976;97.28;75.85;;;
40.784772;0.501796;11;0;1;553;976;97.3;75.83;;;
40.784926;0.501672;11;0;1;553;976;97.32;75.81;;;
40.785076;0.501542;11;0;1;553;976;97.34;75.79;;;
40.78522;0.501399;11;0;1;553;976;97.36;75.77;;;
40.785356;0.501244;12;0;1;554;975;97.38;75.75;;;
40.785485;0.50108;12;0;1;554;975;97.4;75.73;;;
40.785606;0.500904;12;0;1;554;975;97.42;75.71;;;
40.785717;0.500717;12;0;0;554;975;97.44;75.69;;;
40.785827;0.500529;12;0;0;554;975;97.46;75.67;;;
40.785937;0.500342;12;0;0;554;975;97.48;75.65;;;
40.786045;0.500151;12;0;0;554;975;97.5;75.63;;;
40.786152;0.49996;12;0;0;554;975;97.52;75.61;;;
40.786259;0.499769;12;0;0;554;975;97.54;75.59;;;
40.786366;0.499578;12;0;0;554;975;97.56;75.57;;;
40.786473;0.499388;12;0;0;554;975;97.58;75.55;;;
40.78658;0.499197;12;0;0;554;975;97.6;75.53;;;
40.786687;0.499005;12;0;0;554;975;97.62;75.51;;;
40.786794;0.498815;12;0;0;554;975;97.64;75.49;;;
40.786901;0.498624;12;0;0;554;975;97.66;75.47;;;
40.787008;0.498433;12;0;0;554;975;97.68;75.45;;;
40.787119;0.498245;12;0;-1;554;975;97.7;75.43;;;
40.787231;0.49806;11;0;-1;554;975;97.72;75.41;;;
40.787343;0.497875;11;0;-1;554;975;97.74;75.39;;;
40.787468;0.497704;11;0;-1;554;975;97.76;75.37;;;
40.7876;0.497542;11;0;-1;554;975;97.78;75.35;;;
40.787734;0.497385;11;0;-1;554;975;97.8;75.33;;;
40.78787;0.497229;10;0;-1;554;975;97.82;75.31;;;
40.788015;0.497088;10;0;-1;554;975;97.84;75.29;;;
40.78816;0.496947;10;0;-1;554;975;97.86;75.27;;;
40.788311;0.496819;10;0;-1;554;975;97.88;75.25;;;
40.788471;0.496712;10;0;-1;554;975;97.9;75.23;;;
40.788636;0.496618;9;0;-1;554;975;97.92;75.21;;;
40.788801;0.496522;9;0;-1;554;975;97.94;75.19;;;
40.788968;0.496433;9;0;-1;554;975;97.96;75.17;;;
40.789134;0.496342;9;0;-1;554;975;97.98;75.15;;;
40.789308;0.49628;9;0;-1;554;975;98;75.13;;;
40.789481;0.496218;8;0;-1;554;975;98.02;75.11;;;
40.789656;0.496162;8;0;-1;554;975;98.04;75.09;;;
40.789834;0.496129;8;0;-1;554;975;98.06;75.07;;;
40.790012;0.496094;8;0;-1;554;975;98.08;75.05;;;
40.790191;0.496082;7;0;-1;554;975;98.1;75.03;;;
40.790371;0.496072;7;0;-1;554;975;98.12;75.01;;;
40.790551;0.496079;7;0;-1;554;975;98.14;74.99;;;
40.79073;0.496093;7;0;-1;554;975;98.16;74.97;;;
40.790909;0.496119;7;0;-1;554;975;98.18;74.95;;;
40.791086;0.496156;7;0;-1;554;975;98.2;74.93;;;
40.791262;0.496203;6;0;-1;554;975;98.22;74.91;;;
40.791435;0.496269;6;0;-1;554;975;98.24;74.89;;;
40.791608;0.496334;6;0;-1;554;975;98.26;74.87;;;
40.791781;0.4964;6;0;0;554;975;98.28;74.85;;;
40.791954;0.496465;6;0;0;554;975;98.3;74.83;;;
40.792127;0.496531;6;0;0;554;975;98.32;74.81;;;
40.792299;0.496597;6;0;0;554;975;98.34;74.79;;;
40.792472;0.496663;6;0;0;554;975;98.36;74.77;;;
40.792645;0.496728;6;0;0;554;975;98.38;74.75;;;
40.792818;0.496794;6;0;0;554;975;98.4;74.73;;;
40.792989;0.496866;6;0;0;554;975;98.42;74.71;;;
40.793161;0.496937;6;0;0;554;975;98.44;74.69;;;
40.793334;0.497002;6;0;0;554;975;98.46;74.67;;;
40.793507;0.497066;6;0;0;554;975;98.48;74.65;;;
40.79368;0.497131;6;0;0;554;975;98.5;74.63;;;
40.793852;0.497202;6;0;0;554;975;98.52;74.61;;;
40.794023;0.497277;6;0;0;554;975;98.54;74.59;;;
40.794193;0.497351;6;0;0;554;975;98.56;74.57;;;
40.794364;0.497425;6;0;0;554;975;98.58;74.55;;;
40.794534;0.497502;6;0;0;554;975;98.6;74.53;;;
40.794704;0.497581;6;0;0;554;975;98.62;74.51;;;
40.794874;0.497659;6;0;0;554;975;98.64;74.49;;;
40.795044;0.497736;6;0;0;554;975;98.66;74.47;;;
40.795213;0.497819;6;0;0;554;975;98.68;74.45;;;
40.795379;0.49791;6;0;0;554;975;98.7;74.43;;;
40.795545;0.498002;6;0;0;554;975;98.72;74.41;;;
40.795711;0.498093;6;0;0;555;974;98.74;74.39;;;
40.795875;0.498188;6;0;0;555;974;98.76;74.37;;;
40.79604;0.498284;6;0;0;555;974;98.78;74.35;;;
40.796205;0.49838;6;0;0;555;974;98.8;74.33;;;
40.796369;0.498476;6;0;0;555;974;98.82;74.31;;;
40.796531;0.498579;6;0;0;555;974;98.84;74.29;;;
40.796692;0.498685;6;0;0;555;974;98.86;74.27;;;
40.796852;0.498793;6;0;0;555;974;98.88;74.25;;;
40.797011;0.498905;6;0;0;555;974;98.9;74.23;;;
40.79717;0.499016;7;0;0;555;974;98.92;74.21;;;
40.797329;0.499128;7;0;0;555;974;98.94;74.19;;;
40.797488;0.499239;7;0;0;556;973;98.96;74.17;;;
40.797646;0.49935;7;0;0;556;973;98.98;74.15;;;
40.797805;0.499462;7;0;0;556;973;99;74.13;;;
40.797964;0.499574;7;0;0;556;973;99.02;74.11;;;
40.798123;0.499685;7;0;0;556;973;99.04;74.09;;;
40.798282;0.499797;7;0;0;556;973;99.06;74.07;;;
40.79844;0.499908;7;0;0;556;973;99.08;74.05;;;
40.798599;0.50002;7;0;0;556;973;99.1;74.03;;;
40.798758;0.500132;7;0;0;556;973;99.12;74.01;;;
40.798917;0.500243;8;0;0;556;973;99.14;73.99;;;
40.799076;0.500355;8;0;0;556;973;99.16;73.97;;;
40.799234;0.500466;8;0;0;556;973;99.18;73.95;;;
40.799393;0.500578;8;0;0;556;973;99.2;73.93;;;
40.799552;0.50069;8;0;0;556;973;99.22;73.91;;;
40.799711;0.500802;8;0;0;556;973;99.24;73.89;;;
40.799869;0.500914;8;0;0;557;972;99.26;73.87;;;
40.800028;0.501025;8;0;0;557;972;99.28;73.85;;;
40.800187;0.501137;8;0;0;557;972;99.3;73.83;;;
40.800345;0.501249;8;0;0;557;972;99.32;73.81;;;
40.800504;0.501361;8;0;0;557;972;99.34;73.79;;;
40.800662;0.501474;8;0;0;557;972;99.36;73.77;;;
40.800821;0.501586;8;0;0;557;972;99.38;73.75;;;
40.800979;0.501698;8;0;0;557;972;99.4;73.73;;;
40.801138;0.501811;8;0;0;557;972;99.42;73.71;;;
40.801296;0.501924;8;0;0;557;972;99.44;73.69;;;
40.801455;0.502036;8;0;0;557;972;99.46;73.67;;;
40.801613;0.502148;8;0;0;557;972;99.48;73.65;;;
40.801771;0.502261;8;0;0;557;972;99.5;73.63;;;
40.80193;0.502374;8;0;0;557;972;99.52;73.61;;;
40.802088;0.502487;8;0;0;557;972;99.54;73.59;;;
40.802246;0.502599;8;0;0;557;972;99.56;73.57;;;
40.802403;0.502716;8;0;0;557;972;99.58;73.55;;;
40.802555;0.502842;8;0;0;557;972;99.6;73.53;;;
40.802701;0.502981;8;0;0;557;972;99.62;73.51;;;
40.802844;0.503124;8;0;0;557;972;99.64;73.49;;;
40.802992;0.503261;8;0;0;557;972;99.66;73.47;;;
40.80314;0.503395;8;0;0;557;972;99.68;73.45;;;
40.803289;0.503529;8;0;0;557;972;99.7;73.43;;;
40.803437;0.503663;8;0;0;557;972;99.72;73.41;;;
40.803586;0.503797;8;0;0;557;972;99.74;73.39;;;
40.803734;0.503932;8;0;0;557;972;99.76;73.37;;;
40.803882;0.504067;8;0;0;557;972;99.78;73.35;;;
40.80403;0.504201;8;0;0;557;972;99.8;73.33;;;
40.804172;0.504347;8;0;0;557;972;99.82;73.31;;;
40.804314;0.504494;8;0;0;557;972;99.84;73.29;;;
40.804455;0.504641;8;0;0;557;972;99.86;73.27;;;
40.804596;0.504788;8;0;0;557;972;99.88;73.25;;;
40.804738;0.504935;7;0;0;557;972;99.9;73.23;;;
40.804857;0.505109;7;0;-1;557;972;99.92;73.21;;;
40.804985;0.505274;7;0;-1;557;972;99.94;73.19;;;
40.805123;0.505426;7;0;-1;557;972;99.96;73.17;;;
40.805228;0.505612;7;0;0;557;972;99.98;73.15;;;
40.805291;0.505833;7;0;0;557;972;100;73.13;;;
40.80534;0.506062;7;0;0;557;972;100.02;73.11;;;
40.805387;0.506291;7;0;0;557;972;100.04;73.09;;;
40.805404;0.506527;7;0;0;557;972;100.06;73.07;;;
40.805401;0.506763;7;0;-1;557;972;100.08;73.05;;;
40.80535;0.506991;6;0;0;557;972;100.1;73.03;25;;
40.805299;0.507218;6;0;0;557;972;100.12;73.01;;;
40.805236;0.507441;6;0;-1;557;972;100.14;72.99;;;
40.805173;0.507664;6;0;-1;557;972;100.16;72.97;;;
40.80511;0.507886;6;0;0;557;972;100.18;72.95;;;
40.805047;0.508108;6;0;0;557;972;100.2;72.93;;;
40.804983;0.508331;6;0;0;557;972;100.22;72.91;;;
40.80492;0.508553;6;0;0;557;972;100.24;72.89;;;
40.804857;0.508776;6;0;0;557;972;100.26;72.87;;;
40.804794;0.508998;6;0;0;557;972;100.28;72.85;;;
40.804731;0.509221;6;0;0;557;972;100.3;72.83;;;
40.804667;0.509443;6;0;0;557;972;100.32;72.81;;;
40.804604;0.509666;6;0;0;557;972;100.34;72.79;;;
40.804541;0.509888;6;0;0;557;972;100.36;72.77;;;
40.804478;0.510111;6;0;0;557;972;100.38;72.75;;;
40.804415;0.510333;6;0;0;557;972;100.4;72.73;;;
40.804353;0.510556;5;0;0;557;972;100.42;72.71;;;
40.804291;0.51078;5;0;0;557;972;100.44;72.69;;;
40.804229;0.511003;5;0;0;557;972;100.46;72.67;;;
40.804168;0.511226;5;0;0;557;972;100.48;72.65;;;
40.804106;0.511449;5;0;0;557;972;100.5;72.63;;;
40.804044;0.511672;5;0;0;557;972;100.52;72.61;;;
40.803982;0.511895;5;0;0;557;972;100.54;72.59;;;
40.803921;0.512119;5;0;0;557;972;100.56;72.57;;;
40.803859;0.512342;5;0;0;557;972;100.58;72.55;;;
40.803797;0.512565;5;0;0;557;972;100.6;72.53;;;
40.803735;0.512788;5;0;0;557;972;100.62;72.51;;;
40.803674;0.513011;5;0;0;557;972;100.64;72.49;;;
40.803612;0.513234;5;0;0;557;972;100.66;72.47;;;
40.80355;0.513458;5;0;0;557;972;100.68;72.45;;;
40.803488;0.513681;5;0;0;557;972;100.7;72.43;;;
40.803426;0.513904;5;0;0;557;972;100.72;72.41;;;
40.803365;0.514127;5;0;0;557;972;100.74;72.39;;;
40.803303;0.51435;5;0;0;557;972;100.76;72.37;;;
40.803241;0.514573;5;0;0;557;972;100.78;72.35;;;
40.803179;0.514797;5;0;0;557;972;100.8;72.33;;;
40.803118;0.51502;5;0;0;557;972;100.82;72.31;;;
40.803056;0.515243;5;0;0;558;971;100.84;72.29;;;
40.802994;0.515466;5;0;0;558;971;100.86;72.27;;;
40.802932;0.515689;5;0;0;558;971;100.88;72.25;;;
40.802876;0.515915;5;0;0;558;971;100.9;72.23;;;
40.802826;0.516143;5;0;0;558;971;100.92;72.21;;;
40.802776;0.516371;5;0;0;558;971;100.94;72.19;;;
40.802725;0.516599;5;0;0;558;971;100.96;72.17;;;
40.802678;0.516828;5;0;0;558;971;100.98;72.15;;;
40.802632;0.517058;5;0;0;558;971;101;72.13;;;
40.802587;0.517288;5;0;0;558;971;101.02;72.11;;;
40.802541;0.517518;6;0;0;558;971;101.04;72.09;;;
40.802496;0.517748;6;0;1;558;971;101.06;72.07;;;
40.802451;0.517978;6;0;1;558;971;101.08;72.05;;;
40.802405;0.518208;6;0;1;558;971;101.1;72.03;;;
40.802365;0.518439;6;0;1;559;970;101.12;72.01;;;
40.802329;0.51867;6;0;1;559;970;101.14;71.99;;;
40.802306;0.518906;6;0;1;559;970;101.16;71.97;;;
40.802282;0.519141;7;0;2;560;969;101.18;71.95;;;
40.802248;0.519374;7;0;2;560;969;101.2;71.93;;;
40.802216;0.519608;7;0;2;560;969;101.22;71.91;;;
40.802258;0.519836;8;0;2;560;969;101.24;71.89;;;
40.802347;0.520039;8;0;2;561;968;101.26;71.87;;;
40.802487;0.520181;9;0;3;562;967;101.28;71.85;;;
40.802661;0.52024;9;0;2;562;967;101.3;71.83;26;;
40.802839;0.520275;10;0;2;563;966;101.32;71.81;;;
40.803017;0.520309;11;0;2;563;966;101.34;71.79;;;
40.803195;0.520337;11;0;2;564;965;101.36;71.77;;;
40.803374;0.520364;11;0;2;564;965;101.38;71.75;;;
40.803553;0.520391;11;0;1;564;965;101.4;71.73;;;
40.803731;0.520418;12;0;1;564;965;101.42;71.71;;;
40.803911;0.520438;12;0;1;564;965;101.44;71.69;;;
40.80409;0.520458;12;0;1;565;964;101.46;71.67;;;
40.804269;0.520478;12;0;1;565;964;101.48;71.65;;;
40.804448;0.520499;12;0;1;565;964;101.5;71.63;;;
40.804627;0.52052;13;0;1;565;964;101.52;71.61;;;
40.804807;0.520522;13;0;1;565;964;101.54;71.59;;;
40.804986;0.520508;13;0;1;565;964;101.56;71.57;;;
40.805166;0.520494;13;0;1;566;963;101.58;71.55;;;
40.805345;0.520479;13;0;1;566;963;101.6;71.53;;;
40.805525;0.520458;13;0;1;566;963;101.62;71.51;;;
40.805704;0.520437;13;0;1;566;963;101.64;71.49;;;
40.805883;0.520416;13;0;1;566;963;101.66;71.47;;;
40.806062;0.520394;14;0;1;566;963;101.68;71.45;;;
40.806241;0.520373;14;0;1;566;963;101.7;71.43;;;
40.80642;0.520352;14;0;1;566;963;101.72;71.41;;;
40.8066;0.520331;14;0;0;567;962;101.74;71.39;;;
40.806779;0.52031;14;0;0;567;962;101.76;71.37;;;
40.806958;0.520289;14;0;0;567;962;101.78;71.35;;;
40.807137;0.520267;14;0;0;567;962;101.8;71.33;;;
40.807316;0.520246;14;0;0;567;962;101.82;71.31;;;
40.807495;0.520225;14;0;0;567;962;101.84;71.29;;;
40.807674;0.520204;14;0;0;567;962;101.86;71.27;;;
40.807853;0.520182;14;0;0;567;962;101.88;71.25;;;
40.808033;0.520161;14;0;0;567;962;101.9;71.23;;;
40.808212;0.520139;14;0;0;567;962;101.92;71.21;;;
40.808391;0.520119;14;0;0;567;962;101.94;71.19;;;
40.80857;0.520098;14;0;0;567;962;101.96;71.17;;;
40.808749;0.520076;14;0;0;567;962;101.98;71.15;;;
40.808929;0.520064;15;0;0;567;962;102;71.13;;;
40.809109;0.520056;15;0;0;567;962;102.02;71.11;;;
40.809288;0.520048;15;0;0;567;962;102.04;71.09;;;
40.809468;0.520039;15;0;0;567;962;102.06;71.07;;;
40.809648;0.520031;15;0;0;567;962;102.08;71.05;;;
40.809828;0.520028;15;0;0;567;962;102.1;71.03;;;
40.810008;0.520026;15;0;0;567;962;102.12;71.01;;;
40.810187;0.520023;14;0;0;567;962;102.14;70.99;;;
40.810367;0.520022;14;0;0;567;962;102.16;70.97;;;
40.810547;0.520019;14;0;0;567;962;102.18;70.95;;;
40.810724;0.520057;14;0;0;567;962;102.2;70.93;;;
40.810896;0.520126;14;0;-1;567;962;102.22;70.91;;;
40.811066;0.520202;14;0;-1;567;962;102.24;70.89;;;
40.811237;0.520278;14;0;-1;567;962;102.26;70.87;;;
40.811408;0.520342;14;0;-1;567;962;102.28;70.85;;;
40.811532;0.520208;13;0;-1;567;962;102.3;70.83;;;
40.811587;0.519982;13;0;-1;567;962;102.32;70.81;;;
40.811688;0.519885;13;0;-1;567;962;102.34;70.79;;;
40.811855;0.519973;12;0;-1;567;962;102.36;70.77;;;
40.812022;0.520062;12;0;-1;567;962;102.38;70.75;;;
40.812189;0.52015;12;0;-1;567;962;102.4;70.73;;;
40.812355;0.520239;12;0;-1;567;962;102.42;70.71;;;
40.812522;0.520328;12;0;-1;567;962;102.44;70.69;;;
40.812689;0.520416;12;0;-1;567;962;102.46;70.67;;;
40.812857;0.520502;11;0;-1;567;962;102.48;70.65;;;
40.813026;0.520584;11;0;-1;567;962;102.5;70.63;;;
40.813194;0.520667;11;0;-1;567;962;102.52;70.61;;;
40.813371;0.520707;11;0;-1;567;962;102.54;70.59;;;
40.81354;0.520791;11;0;-1;567;962;102.56;70.57;;;
40.813707;0.520877;11;0;-1;567;962;102.58;70.55;;;
40.813868;0.520984;10;0;-1;567;962;102.6;70.53;;;
40.814023;0.521102;10;0;-1;567;962;102.62;70.51;;;
40.814179;0.521221;10;0;-1;567;962;102.64;70.49;;;
40.814333;0.521344;10;0;-1;567;962;102.66;70.47;;;
40.814484;0.521473;10;0;-1;567;962;102.68;70.45;;;
40.814635;0.521603;10;0;-1;567;962;102.7;70.43;;;
40.814803;0.521668;9;0;-1;567;962;102.72;70.41;;;
40.814978;0.521618;9;0;-1;567;962;102.74;70.39;;;
40.81515;0.521547;9;0;-1;567;962;102.76;70.37;;;
40.81532;0.521473;8;0;-1;567;962;102.78;70.35;;;
40.815488;0.521385;8;0;-1;567;962;102.8;70.33;;;
40.815665;0.521346;8;0;-1;567;962;102.82;70.31;;;
40.815843;0.52131;8;0;-1;567;962;102.84;70.29;;;
40.816021;0.521338;7;0;-1;567;962;102.86;70.27;;;
40.816193;0.521405;7;0;-1;567;962;102.88;70.25;;;
40.816355;0.521508;7;0;-1;567;962;102.9;70.23;;;
40.816516;0.521611;7;0;-1;567;962;102.92;70.21;;;
40.816686;0.521691;7;0;-1;567;962;102.94;70.19;;;
40.816855;0.521771;7;0;-1;567;962;102.96;70.17;;;
40.817024;0.521851;6;0;-1;567;962;102.98;70.15;;;
40.817194;0.521931;6;0;-1;567;962;103;70.13;;;
40.817363;0.522011;6;0;-1;567;962;103.02;70.11;;;
40.817533;0.522091;6;0;0;567;962;103.04;70.09;;;
40.817702;0.522171;6;0;0;567;962;103.06;70.07;;;
40.817871;0.522251;6;0;0;567;962;103.08;70.05;;;
40.818041;0.522331;6;0;0;567;962;103.1;70.03;;;
40.81821;0.522411;6;0;0;567;962;103.12;70.01;;;
40.818379;0.522492;6;0;0;567;962;103.14;69.99;;;
40.818549;0.522572;6;0;0;567;962;103.16;69.97;;;
40.818718;0.522652;6;0;0;567;962;103.18;69.95;;;
40.818887;0.522732;6;0;0;567;962;103.2;69.93;;;
40.819057;0.522813;5;0;0;567;962;103.22;69.91;;;
40.819226;0.522893;5;0;0;567;962;103.24;69.89;;;
40.819395;0.522973;5;0;0;567;962;103.26;69.87;;;
40.819557;0.523077;5;0;0;567;962;103.28;69.85;;;
40.8197;0.52322;5;0;0;567;962;103.3;69.83;;;
40.819813;0.523403;5;0;0;567;962;103.32;69.81;;;
40.819898;0.523611;5;0;0;567;962;103.34;69.79;;;
40.819957;0.523835;5;0;0;567;962;103.36;69.77;;;
40.819983;0.524067;5;0;0;567;962;103.38;69.75;;;
40.820089;0.524255;6;0;0;568;961;103.4;69.73;;;
40.82019;0.524452;6;0;1;568;961;103.42;69.71;;;
40.820267;0.524666;6;0;1;568;961;103.44;69.69;;;
40.820351;0.524876;6;0;0;568;961;103.46;69.67;;;
40.820474;0.525041;6;0;0;568;961;103.48;69.65;;;
40.820643;0.52511;6;0;0;568;961;103.5;69.63;;;
40.820822;0.525132;6;0;0;568;961;103.52;69.61;;;
40.821002;0.525148;6;0;0;568;961;103.54;69.59;;;
40.821181;0.525161;6;0;0;568;961;103.56;69.57;;;
40.821361;0.525168;6;0;0;568;961;103.58;69.55;;;
40.821541;0.525174;6;0;0;568;961;103.6;69.53;;;
40.82172;0.525181;6;0;0;568;961;103.62;69.51;;;
40.8219;0.525189;7;0;0;569;960;103.64;69.49;;;
40.82208;0.525196;7;0;1;569;960;103.66;69.47;;;
40.82226;0.525201;7;0;1;569;960;103.68;69.45;;;
40.82244;0.525205;7;0;0;569;960;103.7;69.43;;;
40.82262;0.525208;7;0;0;569;960;103.72;69.41;;;
40.822799;0.525192;7;0;0;569;960;103.74;69.39;;;
40.822974;0.525141;7;0;0;569;960;103.76;69.37;;;
40.823149;0.525083;7;0;0;569;960;103.78;69.35;;;
40.823323;0.525025;7;0;0;569;960;103.8;69.33;;;
40.823497;0.524966;7;0;0;569;960;103.82;69.31;;;
40.82367;0.524901;7;0;1;569;960;103.84;69.29;;;
40.823842;0.524829;8;0;1;570;959;103.86;69.27;;;
40.824013;0.524757;8;0;1;570;959;103.88;69.25;;;
40.824184;0.524684;8;0;1;570;959;103.9;69.23;;;
40.824356;0.524613;8;0;1;570;959;103.92;69.21;;;
40.824527;0.52454;8;0;1;570;959;103.94;69.19;;;
40.824698;0.524468;8;0;0;570;959;103.96;69.17;;;
40.824872;0.524404;8;0;0;570;959;103.98;69.15;;;
40.825047;0.524351;8;0;0;570;959;104;69.13;;;
40.825222;0.524297;8;0;0;570;959;104.02;69.11;;;
40.825398;0.524251;8;0;0;570;959;104.04;69.09;;;
40.825577;0.524233;8;0;0;570;959;104.06;69.07;;;
40.825757;0.524225;9;0;0;571;958;104.08;69.05;;;
40.825937;0.524219;9;0;0;571;958;104.1;69.03;;;
40.826117;0.524219;9;0;0;571;958;104.12;69.01;;;
40.826297;0.524219;9;0;0;571;958;104.14;68.99;;;
40.826477;0.524219;9;0;0;571;958;104.16;68.97;;;
40.826656;0.524219;9;0;0;571;958;104.18;68.95;;;
40.826836;0.524218;9;0;0;571;958;104.2;68.93;;;
40.827016;0.524217;9;0;0;571;958;104.22;68.91;;;
40.827196;0.524215;9;0;0;571;958;104.24;68.89;;;
40.827376;0.524214;9;0;0;571;958;104.26;68.87;;;
40.827556;0.524213;9;0;0;571;958;104.28;68.85;;;
40.827736;0.524213;9;0;0;571;958;104.3;68.83;;;
40.827915;0.524212;9;0;0;571;958;104.32;68.81;;;
40.828095;0.524211;10;0;0;572;957;104.34;68.79;;;
40.828275;0.52421;10;0;0;572;957;104.36;68.77;;;
40.828455;0.524209;10;0;0;572;957;104.38;68.75;;;
40.828634;0.52423;10;0;0;572;957;104.4;68.73;;;
40.828813;0.524259;10;0;0;572;957;104.42;68.71;;;
40.82899;0.524298;10;0;0;572;957;104.44;68.69;;;
40.829167;0.524337;10;0;0;572;957;104.46;68.67;;;
40.829345;0.524377;10;0;0;572;957;104.48;68.65;;;
40.829522;0.524416;10;0;0;572;957;104.5;68.63;;;
40.829699;0.524456;10;0;0;572;957;104.52;68.61;;;
40.829877;0.524496;10;0;0;572;957;104.54;68.59;;;
40.830054;0.524536;10;0;0;572;957;104.56;68.57;;;
40.830234;0.524548;10;0;0;572;957;104.58;68.55;;;
40.830413;0.524554;10;0;0;572;957;104.6;68.53;;;
40.830593;0.524559;10;0;0;572;957;104.62;68.51;;;
40.830773;0.524542;10;0;0;572;957;104.64;68.49;;;
40.830952;0.524525;10;0;0;572;957;104.66;68.47;;;
40.831131;0.524508;10;0;0;572;957;104.68;68.45;;;
40.831311;0.524491;10;0;0;572;957;104.7;68.43;;;
40.83149;0.524474;10;0;0;572;957;104.72;68.41;;;
40.83167;0.524457;10;0;0;572;957;104.74;68.39;;;
40.831849;0.524447;10;0;0;572;957;104.76;68.37;;;
40.832029;0.524443;10;0;0;572;957;104.78;68.35;;;
40.832209;0.52444;10;0;0;572;957;104.8;68.33;;;
40.832389;0.524453;10;0;0;572;957;104.82;68.31;;;
40.832568;0.524466;10;0;0;572;957;104.84;68.29;;;
40.832748;0.524478;10;0;0;572;957;104.86;68.27;;;
40.832927;0.52449;10;0;0;572;957;104.88;68.25;;;
40.833107;0.524503;10;0;0;572;957;104.9;68.23;;;
40.833287;0.524516;10;0;0;572;957;104.92;68.21;;;
40.833466;0.524529;10;0;0;572;957;104.94;68.19;;;
40.833646;0.524537;10;0;0;572;957;104.96;68.17;;;
40.833826;0.524529;10;0;0;572;957;104.98;68.15;;;
40.834005;0.524522;10;0;0;572;957;105;68.13;;;
40.834185;0.524514;10;0;0;572;957;105.02;68.11;;;
40.834365;0.524506;10;0;0;572;957;105.04;68.09;;;
40.834545;0.524498;10;0;0;572;957;105.06;68.07;;;
40.834724;0.52449;10;0;0;572;957;105.08;68.05;;;
40.834904;0.524482;10;0;0;572;957;105.1;68.03;;;
40.835084;0.524484;10;0;0;572;957;105.12;68.01;;;
40.835262;0.524506;10;0;0;572;957;105.14;67.99;;;
40.835439;0.524552;10;0;0;572;957;105.16;67.97;;;
40.835615;0.524598;10;0;0;572;957;105.18;67.95;;;
40.835792;0.524645;10;0;0;572;957;105.2;67.93;;;
40.835968;0.52469;10;0;0;572;957;105.22;67.91;;;
40.836146;0.52473;10;0;0;572;957;105.24;67.89;;;
40.836324;0.524759;10;0;0;572;957;105.26;67.87;;;
40.836503;0.524787;10;0;0;572;957;105.28;67.85;;;
40.836681;0.524816;10;0;0;573;956;105.3;67.83;;;
40.83686;0.524844;10;0;0;573;956;105.32;67.81;;;
40.837038;0.524873;10;0;0;573;956;105.34;67.79;;;
40.837217;0.524902;10;0;0;573;956;105.36;67.77;;;
40.837395;0.52493;10;0;0;573;956;105.38;67.75;;;
40.837574;0.524958;10;0;0;573;956;105.4;67.73;;;
40.837753;0.524987;10;0;0;573;956;105.42;67.71;;;
40.837931;0.525016;10;0;0;573;956;105.44;67.69;;;
40.83811;0.525045;10;0;0;573;956;105.46;67.67;;;
40.838288;0.525075;10;0;0;573;956;105.48;67.65;;;
40.838466;0.525105;10;0;0;573;956;105.5;67.63;;;
40.838645;0.525136;10;0;0;573;956;105.52;67.61;;;
40.838823;0.525166;10;0;0;573;956;105.54;67.59;;;
40.839002;0.525197;10;0;0;573;956;105.56;67.57;;;
40.83918;0.525228;10;0;0;573;956;105.58;67.55;;;
40.839358;0.525259;10;0;0;573;956;105.6;67.53;;;
40.839537;0.525289;10;0;0;573;956;105.62;67.51;;;
40.839715;0.52532;10;0;0;573;956;105.64;67.49;;;
40.839893;0.525351;10;0;0;573;956;105.66;67.47;;;
40.840072;0.525382;10;0;0;573;956;105.68;67.45;;;
40.840251;0.525405;10;0;0;573;956;105.7;67.43;;;
40.84043;0.525424;10;0;0;573;956;105.72;67.41;;;
40.840609;0.525443;10;0;0;573;956;105.74;67.39;;;
40.840788;0.525466;10;0;0;573;956;105.76;67.37;;;
40.840965;0.52551;10;0;0;573;956;105.78;67.35;;;
40.841142;0.525553;10;0;0;573;956;105.8;67.33;;;
40.841319;0.525596;10;0;0;573;956;105.82;67.31;;;
40.841494;0.525649;10;0;0;573;956;105.84;67.29;;;
40.841669;0.525703;10;0;0;573;956;105.86;67.27;;;
40.841844;0.525756;9;0;0;573;956;105.88;67.25;;;
40.84202;0.52581;9;0;0;573;956;105.9;67.23;;;
40.842195;0.525865;9;0;0;573;956;105.92;67.21;;;
40.842372;0.525908;9;0;0;573;956;105.94;67.19;;;
40.842549;0.52595;9;0;0;573;956;105.96;67.17;;;
40.842726;0.525992;9;0;0;573;956;105.98;67.15;;;
40.842903;0.526033;9;0;0;573;956;106;67.13;;;
40.843081;0.526067;9;0;0;573;956;106.02;67.11;;;
40.843259;0.526096;9;0;0;573;956;106.04;67.09;;;
40.843438;0.526125;9;0;0;573;956;106.06;67.07;;;
40.843616;0.526153;9;0;0;573;956;106.08;67.05;;;
40.843795;0.526183;9;0;0;573;956;106.1;67.03;;;
40.843973;0.526212;9;0;0;573;956;106.12;67.01;;;
40.844152;0.526241;9;0;0;573;956;106.14;66.99;;;
40.844323;0.526309;9;0;0;573;956;106.16;66.97;;;
40.844492;0.526392;9;0;0;573;956;106.18;66.95;;;
40.844663;0.526466;9;0;0;573;956;106.2;66.93;;;
40.844835;0.526535;9;0;0;573;956;106.22;66.91;;;
40.845004;0.526614;9;0;0;573;956;106.24;66.89;;;
40.845174;0.526693;9;0;0;573;956;106.26;66.87;;;
40.845349;0.526748;9;0;0;573;956;106.28;66.85;;;
40.845525;0.526791;9;0;0;573;956;106.3;66.83;;;
40.845705;0.526808;9;0;0;573;956;106.32;66.81;;;
40.845884;0.526825;9;0;0;573;956;106.34;66.79;;;
40.846064;0.52684;9;0;0;573;956;106.36;66.77;;;
40.846243;0.526848;9;0;0;573;956;106.38;66.75;;;
40.846422;0.526823;9;0;0;573;956;106.4;66.73;;;
40.846599;0.526784;9;0;0;573;956;106.42;66.71;;;
40.846775;0.526734;9;0;0;573;956;106.44;66.69;;;
40.846949;0.526673;9;0;0;573;956;106.46;66.67;;;
40.847122;0.526607;9;0;0;573;956;106.48;66.65;;;
40.847294;0.526541;9;0;0;573;956;106.5;66.63;;;
40.84747;0.526488;9;0;0;573;956;106.52;66.61;;;
40.847645;0.526437;9;0;0;573;956;106.54;66.59;;;
40.847824;0.526412;9;0;0;573;956;106.56;66.57;;;
40.848003;0.526387;9;0;0;573;956;106.58;66.55;;;
40.848182;0.52636;9;0;0;573;956;106.6;66.53;;;
40.84836;0.526326;9;0;0;573;956;106.62;66.51;;;
40.848537;0.526286;9;0;0;573;956;106.64;66.49;;;
40.848714;0.526245;9;0;0;573;956;106.66;66.47;;;
40.848891;0.526205;9;0;0;573;956;106.68;66.45;;;
40.849069;0.526164;9;0;0;573;956;106.7;66.43;;;
40.849246;0.526124;9;0;0;573;956;106.72;66.41;;;
40.849423;0.526084;9;0;0;573;956;106.74;66.39;;;
40.8496;0.526043;9;0;0;573;956;106.76;66.37;;;
40.849778;0.526004;9;0;0;573;956;106.78;66.35;;;
40.849956;0.525975;9;0;0;573;956;106.8;66.33;;;
40.850135;0.525945;9;0;0;573;956;106.82;66.31;;;
40.850313;0.525914;9;0;0;573;956;106.84;66.29;;;
40.850491;0.525884;9;0;0;573;956;106.86;66.27;;;
40.85067;0.525854;9;0;0;573;956;106.88;66.25;;;
40.850848;0.525825;9;0;0;573;956;106.9;66.23;;;
40.851027;0.525795;9;0;0;573;956;106.92;66.21;;;
40.851205;0.525765;9;0;0;573;956;106.94;66.19;;;
40.851384;0.525735;9;0;0;573;956;106.96;66.17;;;
40.851562;0.525706;9;0;0;573;956;106.98;66.15;;;
40.851741;0.525676;9;0;0;573;956;107;66.13;;;
40.851919;0.525646;9;0;0;573;956;107.02;66.11;;;
40.852097;0.525616;9;0;0;573;956;107.04;66.09;;;
40.852276;0.525583;9;0;0;573;956;107.06;66.07;;;
40.852454;0.525548;10;0;1;573;956;107.08;66.05;;;
40.85263;0.525502;10;0;1;574;955;107.1;66.03;;;
40.852801;0.52543;10;0;1;574;955;107.12;66.01;;;
40.852969;0.525344;10;0;1;574;955;107.14;65.99;;;
40.853133;0.525248;10;0;1;574;955;107.16;65.97;;;
40.853296;0.525148;10;0;0;574;955;107.18;65.95;;;
40.853459;0.525046;10;0;1;574;955;107.2;65.93;;;
40.853621;0.524944;10;0;1;574;955;107.22;65.91;;;
40.853786;0.524849;10;0;0;574;955;107.24;65.89;;;
40.853959;0.524785;11;0;0;574;955;107.26;65.87;;;
40.854136;0.524744;11;0;1;574;955;107.28;65.85;;;
40.854314;0.524719;11;0;1;575;954;107.3;65.83;;;
40.854494;0.524705;11;0;1;575;954;107.32;65.81;;;
40.854673;0.52469;11;0;1;575;954;107.34;65.79;;;
40.854853;0.524675;11;0;1;575;954;107.36;65.77;;;
40.855032;0.524659;11;0;1;575;954;107.38;65.75;;;
40.855212;0.524645;12;0;1;575;954;107.4;65.73;;;
40.855391;0.52463;12;0;1;575;954;107.42;65.71;;;
40.855571;0.524615;12;0;1;576;953;107.44;65.69;;;
40.85575;0.5246;12;0;1;576;953;107.46;65.67;;;
40.85593;0.524586;12;0;1;576;953;107.48;65.65;;;
40.856109;0.524571;12;0;1;576;953;107.5;65.63;;;
40.856289;0.524553;12;0;1;576;953;107.52;65.61;;;
40.856468;0.524529;13;0;1;576;953;107.54;65.59;;;
40.856645;0.524495;13;0;1;577;952;107.56;65.57;;;
40.856818;0.52443;13;0;1;577;952;107.58;65.55;;;
40.856984;0.52434;13;0;1;577;952;107.6;65.53;;;
40.857143;0.524229;13;0;1;577;952;107.62;65.51;;;
40.857292;0.524096;13;0;1;577;952;107.64;65.49;;;
40.857434;0.523951;13;0;1;577;952;107.66;65.47;;;
40.85757;0.523796;14;0;1;577;952;107.68;65.45;;;
40.857707;0.523641;14;0;1;577;952;107.7;65.43;;;
40.857843;0.523485;14;0;1;577;952;107.72;65.41;;;
40.857979;0.523331;14;0;1;578;951;107.74;65.39;;;
40.858116;0.523176;14;0;0;578;951;107.76;65.37;;;
40.858252;0.52302;14;0;0;578;951;107.78;65.35;;;
40.858396;0.522878;14;0;0;578;951;107.8;65.33;27;;
40.858558;0.522793;14;0;0;578;951;107.82;65.31;;;
40.858737;0.522768;14;0;0;578;951;107.84;65.29;;;
40.858917;0.522766;14;0;0;578;951;107.86;65.27;;;
40.859096;0.522764;14;0;0;578;951;107.88;65.25;;;
40.859276;0.522762;14;0;0;578;951;107.9;65.23;;;
40.859456;0.522759;14;0;0;578;951;107.92;65.21;;;
40.859636;0.522754;15;0;0;578;951;107.94;65.19;;;
40.859816;0.522748;15;0;0;578;951;107.96;65.17;;;
40.859996;0.522741;15;0;0;578;951;107.98;65.15;;;
40.860175;0.522752;15;0;0;578;951;108;65.13;;;
40.860354;0.522749;15;0;0;578;951;108.02;65.11;;;
40.860534;0.522733;15;0;0;578;951;108.04;65.09;;;
40.860713;0.522709;15;0;0;578;951;108.06;65.07;;;
40.860891;0.522681;14;0;0;578;951;108.08;65.05;;;
40.86107;0.522652;14;0;0;578;951;108.1;65.03;;;
40.86125;0.522647;14;0;0;578;951;108.12;65.01;;;
40.861429;0.522644;14;0;-1;578;951;108.14;64.99;;;
40.861609;0.522642;14;0;-1;578;951;108.16;64.97;;;
40.861789;0.522642;14;0;-1;578;951;108.18;64.95;;;
40.861968;0.522664;14;0;-1;578;951;108.2;64.93;;;
40.862147;0.522686;14;0;-1;578;951;108.22;64.91;;;
40.862327;0.522689;14;0;-1;578;951;108.24;64.89;;;
40.862506;0.522675;14;0;0;578;951;108.26;64.87;;;
40.862681;0.522619;13;0;0;578;951;108.28;64.85;;;
40.862854;0.522554;13;0;0;578;951;108.3;64.83;;;
40.863027;0.522493;13;0;0;578;951;108.32;64.81;;;
40.863201;0.522431;13;0;0;578;951;108.34;64.79;;;
40.863375;0.522369;13;0;0;578;951;108.36;64.77;;;
40.863548;0.522307;13;0;0;578;951;108.38;64.75;;;
40.86372;0.522238;13;0;0;578;951;108.4;64.73;;;
40.863892;0.522166;13;0;0;578;951;108.42;64.71;;;
40.864063;0.522094;13;0;0;578;951;108.44;64.69;;;
40.864235;0.522022;13;0;0;578;951;108.46;64.67;;;
40.864408;0.52196;13;0;0;578;951;108.48;64.65;;;
40.864586;0.521925;13;0;0;578;951;108.5;64.63;;;
40.864765;0.521908;12;0;0;578;951;108.52;64.61;;;
40.864945;0.521895;12;0;0;578;951;108.54;64.59;;;
40.865124;0.521882;12;0;0;578;951;108.56;64.57;;;
40.865304;0.521868;12;0;0;578;951;108.58;64.55;;;
40.865483;0.521854;12;0;0;578;951;108.6;64.53;;;
40.865663;0.521841;12;0;0;578;951;108.62;64.51;;;
40.865843;0.521828;12;0;0;578;951;108.64;64.49;;;
40.866022;0.521814;12;0;0;578;951;108.66;64.47;;;
40.866201;0.521821;12;0;0;578;951;108.68;64.45;;;
40.866381;0.521839;12;0;0;578;951;108.7;64.43;;;
40.86656;0.521858;12;0;-1;578;951;108.72;64.41;;;
40.866739;0.521877;12;0;-1;578;951;108.74;64.39;;;
40.866919;0.521896;11;0;-1;578;951;108.76;64.37;;;
40.867098;0.521903;11;0;-1;578;951;108.78;64.35;;;
40.867277;0.521879;11;0;-1;578;951;108.8;64.33;;;
40.86745;0.521817;11;0;0;578;951;108.82;64.31;;;
40.867624;0.521755;11;0;0;578;951;108.84;64.29;;;
40.867797;0.521693;11;0;0;578;951;108.86;64.27;;;
40.867971;0.521631;11;0;0;578;951;108.88;64.25;;;
40.868144;0.521566;11;0;0;578;951;108.9;64.23;;;
40.868316;0.521498;11;0;0;578;951;108.92;64.21;;;
40.868488;0.521426;11;0;0;578;951;108.94;64.19;;;
40.868657;0.521344;11;0;0;578;951;108.96;64.17;;;
40.86882;0.521246;11;0;0;578;951;108.98;64.15;;;
40.86898;0.521136;10;0;0;578;951;109;64.13;;;
40.869139;0.521026;10;0;0;578;951;109.02;64.11;;;
40.869298;0.520915;10;0;0;578;951;109.04;64.09;;;
40.869458;0.520806;10;0;0;578;951;109.06;64.07;;;
40.869617;0.520695;10;0;0;578;951;109.08;64.05;;;
40.869776;0.520585;10;0;0;578;951;109.1;64.03;;;
40.869936;0.520475;10;0;0;578;951;109.12;64.01;;;
40.870096;0.520365;10;0;0;578;951;109.14;63.99;;;
40.870255;0.520255;10;0;0;578;951;109.16;63.97;;;
40.870414;0.520145;10;0;0;578;951;109.18;63.95;;;
40.870564;0.520016;10;0;0;578;951;109.2;63.93;;;
40.870696;0.519855;10;0;0;578;951;109.22;63.91;;;
40.870821;0.519684;10;0;0;578;951;109.24;63.89;;;
40.870946;0.519513;10;0;0;578;951;109.26;63.87;;;
40.871071;0.519341;10;0;0;578;951;109.28;63.85;;;
40.871196;0.51917;10;0;0;578;951;109.3;63.83;;;
40.871321;0.518999;10;0;0;578;951;109.32;63.81;;;
40.871446;0.518828;10;0;0;578;951;109.34;63.79;;;
40.871571;0.518657;10;0;0;578;951;109.36;63.77;;;
40.871688;0.518478;10;0;0;578;951;109.38;63.75;;;
40.871794;0.518285;10;0;0;578;951;109.4;63.73;;;
40.871899;0.518092;10;0;0;578;951;109.42;63.71;;;
40.872004;0.517899;10;0;0;578;951;109.44;63.69;;;
40.87211;0.517706;10;0;0;578;951;109.46;63.67;;;
40.872215;0.517513;10;0;0;578;951;109.48;63.65;;;
40.87232;0.517321;10;0;0;578;951;109.5;63.63;;;
40.872436;0.517139;10;0;0;579;950;109.52;63.61;;;
40.87258;0.516998;10;0;0;579;950;109.54;63.59;;;
40.872727;0.51686;10;0;0;579;950;109.56;63.57;;;
40.872874;0.516723;10;0;0;579;950;109.58;63.55;;;
40.873021;0.516586;10;0;0;579;950;109.6;63.53;;;
40.873168;0.516449;10;0;0;579;950;109.62;63.51;;;
40.873315;0.516312;10;0;0;579;950;109.64;63.49;;;
40.873462;0.516174;10;0;0;579;950;109.66;63.47;;;
40.873596;0.516017;10;0;0;579;950;109.68;63.45;;;
40.873724;0.51585;10;0;0;579;950;109.7;63.43;;;
40.873841;0.515669;10;0;0;579;950;109.72;63.41;;;
40.873964;0.515496;10;0;0;579;950;109.74;63.39;;;
40.874091;0.515328;10;0;0;579;950;109.76;63.37;;;
40.874218;0.515159;10;0;0;579;950;109.78;63.35;;;
40.874359;0.515014;10;0;0;579;950;109.8;63.33;;;
40.874513;0.514891;10;0;0;579;950;109.82;63.31;;;
40.874666;0.514766;10;0;0;579;950;109.84;63.29;;;
40.874819;0.514641;10;0;0;579;950;109.86;63.27;;;
40.874972;0.514517;10;0;0;579;950;109.88;63.25;;;
40.875126;0.514393;10;0;0;579;950;109.9;63.23;;;
40.875279;0.514269;10;0;0;579;950;109.92;63.21;;;
40.875432;0.514144;11;0;0;580;949;109.94;63.19;;;
40.875584;0.514016;11;0;0;580;949;109.96;63.17;;;
40.875735;0.513886;11;0;0;580;949;109.98;63.15;;;
40.875885;0.513755;11;0;0;580;949;110;63.13;;;
40.876034;0.513621;11;0;0;580;949;110.02;63.11;;;
40.876181;0.513485;11;0;1;580;949;110.04;63.09;;;
40.876328;0.513349;11;0;1;580;949;110.06;63.07;;;
40.876475;0.513211;11;0;1;580;949;110.08;63.05;;;
40.876623;0.513075;11;0;1;580;949;110.1;63.03;;;
40.87677;0.512939;11;0;1;580;949;110.12;63.01;;;
40.876918;0.512802;12;0;1;581;948;110.14;62.99;;;
40.87706;0.512659;12;0;1;581;948;110.16;62.97;;;
40.877184;0.512486;12;0;1;581;948;110.18;62.95;;;
40.877276;0.512282;12;0;1;581;948;110.2;62.93;;;
40.877366;0.512076;12;0;1;581;948;110.22;62.91;;;
40.877456;0.51187;12;0;1;581;948;110.24;62.89;;;
40.877551;0.511668;12;0;1;581;948;110.26;62.87;;;
40.877652;0.511472;12;0;1;581;948;110.28;62.85;;;
40.877769;0.511291;13;0;1;582;947;110.3;62.83;;;
40.877894;0.511121;13;0;1;582;947;110.32;62.81;;;
40.878032;0.510968;13;0;1;582;947;110.34;62.79;;;
40.87819;0.510856;13;0;1;582;947;110.36;62.77;;;
40.878352;0.510753;13;0;1;582;947;110.38;62.75;;;
40.878514;0.510649;13;0;1;582;947;110.4;62.73;;;
40.878678;0.510554;13;0;1;582;947;110.42;62.71;;;
40.87885;0.510486;14;0;1;583;946;110.44;62.69;;;
40.879023;0.510418;14;0;1;583;946;110.46;62.67;;;
40.879195;0.51035;14;0;1;583;946;110.48;62.65;;;
40.879368;0.510282;14;0;1;583;946;110.5;62.63;;;
40.87954;0.510215;14;0;1;583;946;110.52;62.61;;;
40.879712;0.510147;14;0;1;583;946;110.54;62.59;;;
40.879885;0.510078;14;0;1;583;946;110.56;62.57;;;
40.88006;0.510025;15;0;1;584;945;110.58;62.55;;;
40.880237;0.509983;15;0;1;584;945;110.6;62.53;;;
40.880414;0.50994;15;0;1;584;945;110.62;62.51;;;
40.880591;0.509898;15;0;1;584;945;110.64;62.49;;;
40.880768;0.509856;15;0;1;584;945;110.66;62.47;;;
40.880945;0.509814;15;0;1;584;945;110.68;62.45;;;
40.881122;0.509771;15;0;1;584;945;110.7;62.43;;;
40.881299;0.509728;16;0;1;585;944;110.72;62.41;;;
40.881477;0.509695;16;0;1;585;944;110.74;62.39;;;
40.881655;0.50967;16;0;1;585;944;110.76;62.37;;;
40.881834;0.509644;16;0;0;585;944;110.78;62.35;;;
40.882013;0.509618;16;0;0;585;944;110.8;62.33;;;
40.882192;0.509592;16;0;0;585;944;110.82;62.31;;;
40.882371;0.509566;16;0;0;585;944;110.84;62.29;;;
40.882549;0.50954;16;0;0;585;944;110.86;62.27;;;
40.8827;0.509412;16;0;0;585;944;110.88;62.25;;;
40.882848;0.509277;16;0;0;585;944;110.9;62.23;;;
40.882968;0.509104;16;0;0;585;944;110.92;62.21;;;
40.883078;0.508915;16;0;0;585;944;110.94;62.19;;;
40.883195;0.508736;16;0;0;585;944;110.96;62.17;;;
40.883324;0.508569;17;0;0;585;944;110.98;62.15;;;
40.883451;0.508401;17;0;0;586;943;111;62.13;;;
40.883598;0.508268;17;0;0;586;943;111.02;62.11;;;
40.883757;0.508156;17;0;0;586;943;111.04;62.09;;;
40.883915;0.508042;17;0;0;586;943;111.06;62.07;;;
40.884089;0.507984;17;0;0;586;943;111.08;62.05;;;
40.884264;0.507928;16;0;0;586;943;111.1;62.03;;;
40.884438;0.507871;16;0;0;586;943;111.12;62.01;;;
40.884613;0.507814;16;0;-1;586;943;111.14;61.99;;;
40.88478;0.50773;16;0;-1;586;943;111.16;61.97;;;
40.884942;0.507625;16;0;-1;586;943;111.18;61.95;;;
40.885103;0.507519;16;0;-1;586;943;111.2;61.93;;;
40.885264;0.507415;16;0;-1;586;943;111.22;61.91;;;
40.88543;0.507321;15;0;-1;586;943;111.24;61.89;;;
40.885595;0.507227;15;0;-1;586;943;111.26;61.87;;;
40.88576;0.507133;15;0;-1;586;943;111.28;61.85;;;
40.885924;0.507034;15;0;-1;586;943;111.3;61.83;;;
40.886083;0.506923;14;0;-1;586;943;111.32;61.81;;;
40.886241;0.506811;14;0;-1;586;943;111.34;61.79;;;
40.8864;0.506698;14;0;-1;586;943;111.36;61.77;;;
40.886558;0.506586;14;0;-1;586;943;111.38;61.75;;;
40.886717;0.506474;14;0;-1;586;943;111.4;61.73;;;
40.886875;0.506361;13;0;-1;586;943;111.42;61.71;;;
40.887033;0.506247;13;0;-1;586;943;111.44;61.69;;;
40.887184;0.506118;13;0;-1;586;943;111.46;61.67;;;
40.887335;0.505989;13;0;-1;586;943;111.48;61.65;;;
40.887486;0.505859;12;0;-1;586;943;111.5;61.63;;;
40.887637;0.505729;12;0;-1;586;943;111.52;61.61;;;
40.887788;0.5056;12;0;-1;586;943;111.54;61.59;;;
40.887939;0.505471;12;0;-1;586;943;111.56;61.57;;;
40.88809;0.505342;12;0;-1;586;943;111.58;61.55;;;
40.888241;0.505212;11;0;-1;586;943;111.6;61.53;;;
40.888392;0.505083;11;0;-1;586;943;111.62;61.51;;;
40.888543;0.504954;11;0;-1;586;943;111.64;61.49;;;
40.888694;0.504825;11;0;-1;586;943;111.66;61.47;;;
40.888845;0.504695;11;0;-1;586;943;111.68;61.45;;;
40.888995;0.504565;10;0;-1;586;943;111.7;61.43;;;
40.889147;0.504436;10;0;-1;586;943;111.72;61.41;;;
40.889298;0.504307;10;0;-1;586;943;111.74;61.39;;;
40.889448;0.504177;10;0;-1;586;943;111.76;61.37;;;
40.889599;0.504047;10;0;-1;586;943;111.78;61.35;;;
40.889734;0.50389;9;0;-1;586;943;111.8;61.33;;;
40.889866;0.503729;9;0;-1;586;943;111.82;61.31;;;
40.889988;0.503554;9;0;-1;586;943;111.84;61.29;;;
40.89011;0.503379;9;0;-1;586;943;111.86;61.27;;;
40.890232;0.503204;9;0;-1;586;943;111.88;61.25;;;
40.890354;0.503029;9;0;-1;586;943;111.9;61.23;;;
40.890476;0.502854;8;0;-1;586;943;111.92;61.21;;;
40.890598;0.50268;8;0;0;586;943;111.94;61.19;;;
40.89072;0.502505;8;0;0;586;943;111.96;61.17;;;
40.890842;0.50233;8;0;0;586;943;111.98;61.15;;;
40.890963;0.502154;8;0;0;586;943;112;61.13;;;
40.891086;0.50198;8;0;0;586;943;112.02;61.11;;;
40.891208;0.501805;8;0;0;586;943;112.04;61.09;;;
40.89133;0.501631;8;0;0;586;943;112.06;61.07;;;
40.891452;0.501456;8;0;0;586;943;112.08;61.05;;;
40.891579;0.501288;8;0;0;586;943;112.1;61.03;;;
40.891714;0.50113;8;0;0;586;943;112.12;61.01;;;
40.891848;0.500973;8;0;0;586;943;112.14;60.99;;;
40.891983;0.500814;8;0;0;586;943;112.16;60.97;;;
40.892117;0.500656;8;0;0;586;943;112.18;60.95;;;
40.892252;0.500498;7;0;0;586;943;112.2;60.93;;;
40.892386;0.50034;7;0;0;586;943;112.22;60.91;;;
40.892521;0.500183;7;0;0;586;943;112.24;60.89;;;
40.892655;0.500025;7;0;0;586;943;112.26;60.87;;;
40.89279;0.499867;7;0;0;586;943;112.28;60.85;;;
40.892925;0.499709;7;0;0;586;943;112.3;60.83;;;
40.893059;0.499551;7;0;0;586;943;112.32;60.81;;;
40.893197;0.499398;7;0;0;586;943;112.34;60.79;;;
40.893338;0.499251;7;0;0;586;943;112.36;60.77;;;
40.893479;0.499104;8;0;0;586;943;112.38;60.75;;;
40.89362;0.498956;8;0;0;586;943;112.4;60.73;;;
40.893762;0.498809;8;0;0;586;943;112.42;60.71;;;
40.893903;0.498662;8;0;0;586;943;112.44;60.69;;;
40.894045;0.498516;8;0;0;586;943;112.46;60.67;;;
40.89421;0.498423;8;0;1;586;943;112.48;60.65;;;
40.894376;0.498328;8;0;1;586;943;112.5;60.63;;;
40.894541;0.498234;8;0;1;586;943;112.52;60.61;;;
40.894706;0.49814;8;0;1;587;942;112.54;60.59;;;
40.894871;0.498047;8;0;1;587;942;112.56;60.57;;;
40.895037;0.497953;9;0;1;587;942;112.58;60.55;;;
40.895202;0.497859;9;0;1;587;942;112.6;60.53;;;
40.895367;0.497765;9;0;1;587;942;112.62;60.51;;;
40.895533;0.497672;9;0;1;587;942;112.64;60.49;;;
40.895698;0.497578;9;0;1;588;941;112.66;60.47;;;
40.895863;0.497484;10;0;1;588;941;112.68;60.45;;;
40.896034;0.497409;10;0;1;588;941;112.7;60.43;;;
40.896206;0.497342;10;0;1;588;941;112.72;60.41;;;
40.89638;0.49728;10;0;1;589;940;112.74;60.39;;;
40.896553;0.497217;10;0;1;589;940;112.76;60.37;;;
40.896727;0.497155;11;0;1;589;940;112.78;60.35;;;
40.8969;0.497092;11;0;1;589;940;112.8;60.33;;;
40.897071;0.497018;11;0;1;590;939;112.82;60.31;;;
40.897234;0.496919;11;0;1;590;939;112.84;60.29;;;
40.897398;0.496819;12;0;1;590;939;112.86;60.27;;;
40.897561;0.49672;12;0;1;590;939;112.88;60.25;;;
40.897725;0.496621;12;0;2;591;938;112.9;60.23;;;
40.897888;0.496522;13;0;2;591;938;112.92;60.21;;;
40.898054;0.496431;13;0;2;591;938;112.94;60.19;;;
40.89823;0.496381;13;0;2;592;937;112.96;60.17;;;
40.898385;0.496364;14;0;2;592;937;112.98;60.15;;;
40.898565;0.496352;14;0;2;593;936;113;60.13;;;
40.898745;0.49634;15;0;2;593;936;113.02;60.11;;;
40.898924;0.496328;15;0;2;593;936;113.04;60.09;;;
40.899104;0.496314;15;0;2;593;936;113.06;60.07;;;
40.899283;0.49632;15;0;2;594;935;113.08;60.05;;;
40.89946;0.496358;16;0;2;594;935;113.1;60.03;;;
40.899635;0.496415;16;0;2;595;934;113.12;60.01;;;
40.899802;0.496501;17;0;2;595;934;113.14;59.99;;;
40.899966;0.496598;17;0;2;596;933;113.16;59.97;;;
40.900114;0.496734;18;0;2;596;933;113.18;59.95;;;
40.900261;0.496871;18;0;2;596;933;113.2;59.93;;;
40.900408;0.497008;18;0;2;597;932;113.22;59.91;;;
40.900555;0.497145;19;0;1;597;932;113.24;59.89;;;
40.900702;0.497282;19;0;1;597;932;113.26;59.87;;;
40.900849;0.497419;19;0;2;598;931;113.28;59.85;;;
40.900996;0.497556;20;0;2;598;931;113.3;59.83;;;
40.901143;0.497693;20;0;1;598;931;113.32;59.81;;;
40.90129;0.49783;20;0;1;598;931;113.34;59.79;;;
40.901434;0.497974;21;0;1;599;930;113.36;59.77;;;
40.901576;0.498119;21;0;1;599;930;113.38;59.75;;;
40.901699;0.498292;21;0;1;599;930;113.4;59.73;;;
40.901809;0.49848;21;0;1;599;930;113.42;59.71;;;
40.901901;0.498683;21;0;1;600;929;113.44;59.69;;;
40.901967;0.498904;22;0;1;600;929;113.46;59.67;;;
40.902032;0.499126;22;0;1;600;929;113.48;59.65;;;
40.902093;0.49935;22;0;1;600;929;113.5;59.63;;;
40.902152;0.499575;22;0;1;600;929;113.52;59.61;;;
40.90221;0.4998;22;0;1;601;928;113.54;59.59;;;
40.902269;0.500025;22;0;1;601;928;113.56;59.57;;;
40.902327;0.50025;23;0;0;601;928;113.58;59.55;;;
40.902385;0.500475;23;0;0;601;928;113.6;59.53;;;
40.902425;0.500707;23;0;0;601;928;113.62;59.51;;;
40.902458;0.500941;23;0;0;601;928;113.64;59.49;;;
40.902491;0.501175;23;0;0;601;928;113.66;59.47;;;
40.902525;0.501408;23;0;0;601;928;113.68;59.45;;;
40.902558;0.501642;23;0;0;601;928;113.7;59.43;;;
40.902604;0.501872;23;0;0;601;928;113.72;59.41;;;
40.902651;0.502102;23;0;0;601;928;113.74;59.39;;;
40.902697;0.502332;23;0;0;601;928;113.76;59.37;;;
40.902743;0.502562;23;0;0;601;928;113.78;59.35;;;
40.90279;0.502792;23;0;0;601;928;113.8;59.33;;;
40.902824;0.503025;23;0;0;601;928;113.82;59.31;;;
40.902851;0.50326;23;0;-1;601;928;113.84;59.29;;;
40.902878;0.503496;23;0;-1;601;928;113.86;59.27;;;
40.902904;0.503731;22;0;-1;601;928;113.88;59.25;;;
40.90293;0.503967;22;0;-1;601;928;113.9;59.23;;;
40.902957;0.504202;22;0;-1;601;928;113.92;59.21;;;
40.902983;0.504437;22;0;-1;601;928;113.94;59.19;;;
40.903019;0.50467;22;0;-1;601;928;113.96;59.17;;;
40.903069;0.504899;22;0;-1;601;928;113.98;59.15;;;
40.903117;0.505128;21;0;-1;601;928;114;59.13;;;
40.903149;0.505361;21;0;-1;601;928;114.02;59.11;;;
40.903167;0.505598;21;0;-1;601;928;114.04;59.09;;;
40.903176;0.505836;21;0;-1;601;928;114.06;59.07;;;
40.903183;0.506073;20;0;-1;601;928;114.08;59.05;;;
40.903186;0.506311;20;0;-1;601;928;114.1;59.03;;;
40.903166;0.506547;20;0;-1;601;928;114.12;59.01;;;
40.903127;0.506779;20;0;-1;601;928;114.14;58.99;;;
40.903078;0.507008;19;0;-1;601;928;114.16;58.97;;;
40.903035;0.507238;19;0;-1;601;928;114.18;58.95;;;
40.903016;0.507475;19;0;-1;601;928;114.2;58.93;;;
40.903016;0.507712;19;0;-1;601;928;114.22;58.91;;;
40.903027;0.50795;18;0;-1;601;928;114.24;58.89;;;
40.903038;0.508187;18;0;-1;601;928;114.26;58.87;;;
40.903048;0.508425;18;0;-1;601;928;114.28;58.85;;;
40.903059;0.508662;17;0;-1;601;928;114.3;58.83;;;
40.90307;0.5089;17;0;-1;601;928;114.32;58.81;;;
40.90308;0.509138;17;0;-1;601;928;114.34;58.79;;;
40.903095;0.509374;17;0;-1;601;928;114.36;58.77;;;
40.903134;0.509607;16;0;-1;601;928;114.38;58.75;;;
40.903176;0.509838;16;0;-1;601;928;114.4;58.73;;;
40.903255;0.510051;16;0;-1;601;928;114.42;58.71;;;
40.903347;0.510255;16;0;-1;601;928;114.44;58.69;;;
40.90347;0.510427;15;0;-1;601;928;114.46;58.67;;;
40.903608;0.510578;15;0;-1;601;928;114.48;58.65;;;
40.903758;0.510708;15;0;-1;601;928;114.5;58.63;;;
40.903926;0.510792;15;0;-1;601;928;114.52;58.61;;;
40.904098;0.510858;15;0;-1;601;928;114.54;58.59;;;
40.904276;0.510879;15;0;0;601;928;114.56;58.57;;;
40.904456;0.510872;15;0;0;601;928;114.58;58.55;;;
40.904633;0.510829;15;0;0;601;928;114.6;58.53;;;
40.904809;0.510784;15;0;0;601;928;114.62;58.51;;;
40.904987;0.510772;14;0;0;601;928;114.64;58.49;;;
40.905165;0.510802;14;0;0;601;928;114.66;58.47;;;
40.905344;0.510833;14;0;0;601;928;114.68;58.45;;;
40.905522;0.510863;14;0;0;601;928;114.7;58.43;28;sprint,bonus;
40.9057;0.510894;14;0;0;601;928;114.72;58.41;;;
40.905879;0.510925;14;0;0;601;928;114.74;58.39;;;
40.906058;0.510949;14;0;0;601;928;114.76;58.37;;;
40.906237;0.510971;14;0;0;601;928;114.78;58.35;;;
40.906416;0.510993;14;0;0;601;928;114.8;58.33;;;
40.906595;0.511015;14;0;0;601;928;114.82;58.31;;;
40.906771;0.511059;14;0;0;601;928;114.84;58.29;;;
40.906947;0.511108;14;0;0;601;928;114.86;58.27;;;
40.907123;0.511157;14;0;0;601;928;114.88;58.25;;;
40.907299;0.511206;14;0;0;601;928;114.9;58.23;;;
40.907475;0.511255;14;0;0;601;928;114.92;58.21;;;
40.907652;0.5113;14;0;0;601;928;114.94;58.19;;;
40.907829;0.511345;14;0;0;601;928;114.96;58.17;;;
40.908005;0.51139;14;0;0;601;928;114.98;58.15;;;
40.908182;0.511436;14;0;0;601;928;115;58.13;;;
40.908358;0.511481;14;0;0;601;928;115.02;58.11;;;
40.908535;0.511527;14;0;0;601;928;115.04;58.09;;;
40.908711;0.511574;14;0;0;602;927;115.06;58.07;;;
40.908884;0.51164;14;0;0;602;927;115.08;58.05;;;
40.909057;0.511706;14;0;0;602;927;115.1;58.03;;;
40.90923;0.511772;14;0;0;602;927;115.12;58.01;;;
40.909402;0.511838;14;0;0;602;927;115.14;57.99;;;
40.909577;0.511894;14;0;0;602;927;115.16;57.97;;;
40.909756;0.511913;14;0;0;602;927;115.18;57.95;;;
40.909936;0.511921;14;0;0;602;927;115.2;57.93;;;
40.910115;0.511928;14;0;0;602;927;115.22;57.91;;;
40.910295;0.511929;14;0;0;602;927;115.24;57.89;;;
40.910475;0.511937;14;0;0;602;927;115.26;57.87;;;
40.910654;0.511952;14;0;0;602;927;115.28;57.85;;;
40.910834;0.511966;14;0;0;602;927;115.3;57.83;;;
40.911013;0.511985;14;0;0;602;927;115.32;57.81;;;
40.911189;0.512032;14;0;0;602;927;115.34;57.79;;;
40.911366;0.512079;14;0;0;602;927;115.36;57.77;;;
40.911542;0.512126;14;0;-1;602;927;115.38;57.75;;;
40.91172;0.512127;13;0;-1;602;927;115.4;57.73;;;
40.911891;0.512056;13;0;-1;602;927;115.42;57.71;;;
40.912059;0.511969;13;0;-1;602;927;115.44;57.69;;;
40.912225;0.511879;13;0;-1;602;927;115.46;57.67;;;
40.912392;0.511789;13;0;-1;602;927;115.48;57.65;;;
40.912558;0.511699;13;0;-1;602;927;115.5;57.63;;;
40.912729;0.511624;13;0;-1;602;927;115.52;57.61;;;
40.912899;0.511549;12;0;-1;602;927;115.54;57.59;;;
40.91307;0.511473;12;0;-1;602;927;115.56;57.57;;;
40.91324;0.511397;12;0;-1;602;927;115.58;57.55;;;
40.913411;0.511322;12;0;-1;602;927;115.6;57.53;;;
40.913582;0.511246;12;0;-1;602;927;115.62;57.51;;;
40.913748;0.511159;12;0;-1;602;927;115.64;57.49;;;
40.913904;0.511041;12;0;-1;602;927;115.66;57.47;;;
40.914051;0.510904;12;0;-1;602;927;115.68;57.45;;;
40.914192;0.510756;11;0;-1;602;927;115.7;57.43;;;
40.914313;0.510581;11;0;-1;602;927;115.72;57.41;;;
40.914431;0.510401;11;0;-1;602;927;115.74;57.39;;;
40.914549;0.510221;11;0;-1;602;927;115.76;57.37;;;
40.914666;0.510041;11;0;-1;602;927;115.78;57.35;;;
40.914784;0.509862;11;0;-1;602;927;115.8;57.33;;;
40.914903;0.509682;11;0;-1;602;927;115.82;57.31;;;
40.915021;0.509502;10;0;-1;602;927;115.84;57.29;;;
40.915138;0.509322;10;0;0;602;927;115.86;57.27;;;
40.915256;0.509143;10;0;0;602;927;115.88;57.25;;;
40.915374;0.508963;10;0;0;602;927;115.9;57.23;;;
40.915492;0.508784;10;0;0;602;927;115.92;57.21;;;
40.91561;0.508604;10;0;0;602;927;115.94;57.19;;;
40.915733;0.50843;10;0;0;602;927;115.96;57.17;;;
40.915857;0.508258;10;0;0;602;927;115.98;57.15;;;
40.915987;0.508093;10;0;0;602;927;116;57.13;;;
40.916122;0.507937;10;0;0;602;927;116.02;57.11;;;
40.916238;0.507754;10;0;0;602;927;116.04;57.09;;;
40.916348;0.507567;10;0;0;602;927;116.06;57.07;;;
40.916432;0.507356;10;0;0;602;927;116.08;57.05;;;
40.916516;0.507146;10;0;0;602;927;116.1;57.03;;;
40.9166;0.506935;10;0;0;602;927;116.12;57.01;;;
40.916683;0.506724;10;0;0;602;927;116.14;56.99;;;
40.916789;0.506533;10;0;0;602;927;116.16;56.97;;;
40.916897;0.506342;10;0;0;602;927;116.18;56.95;;;
40.917005;0.506151;10;0;0;602;927;116.2;56.93;;;
40.917112;0.50596;10;0;0;602;927;116.22;56.91;;;
40.917221;0.50577;10;0;0;602;927;116.24;56.89;;;
40.917328;0.50558;10;0;1;602;927;116.26;56.87;;;
40.917436;0.505389;10;0;1;602;927;116.28;56.85;;;
40.917543;0.505198;10;0;1;602;927;116.3;56.83;;;
40.917651;0.505008;10;0;1;602;927;116.32;56.81;;;
40.917759;0.504817;10;0;1;602;927;116.34;56.79;;;
40.917868;0.504629;11;0;1;603;926;116.36;56.77;;;
40.918007;0.504477;11;0;1;603;926;116.38;56.75;;;
40.91816;0.504355;11;0;1;603;926;116.4;56.73;;;
40.918322;0.504252;11;0;1;603;926;116.42;56.71;;;
40.918492;0.504177;12;0;2;604;925;116.44;56.69;;;
40.918669;0.50414;12;0;2;604;925;116.46;56.67;;;
40.918847;0.504104;12;0;2;604;925;116.48;56.65;;;
40.919024;0.504065;13;0;2;605;924;116.5;56.63;;;
40.919167;0.503924;13;0;2;605;924;116.52;56.61;;;
40.919256;0.503718;14;0;2;606;923;116.54;56.59;;;
40.919341;0.503508;14;0;2;606;923;116.56;56.57;;;
40.919425;0.503298;15;0;2;607;922;116.58;56.55;;;
40.919553;0.503132;15;0;2;607;922;116.6;56.53;;;
40.919683;0.502967;15;0;3;607;922;116.62;56.51;;;
40.919813;0.502802;16;0;3;608;921;116.64;56.49;;;
40.919943;0.502637;16;0;3;608;921;116.66;56.47;;;
40.920075;0.502476;17;0;4;609;920;116.68;56.45;;;
40.920239;0.502389;18;0;4;610;919;116.7;56.43;;;
40.920416;0.502405;19;0;4;611;918;116.72;56.41;;;
40.920575;0.502515;20;0;5;612;917;116.74;56.39;;;
40.920657;0.502725;21;0;5;613;916;116.76;56.37;;;
40.920709;0.502953;22;0;4;614;915;116.78;56.35;;;
40.920734;0.503188;23;0;5;615;914;116.8;56.33;;;
40.920753;0.503425;24;0;4;616;913;116.82;56.31;;;
40.920772;0.503661;24;0;4;616;913;116.84;56.29;;;
40.920791;0.503898;25;0;4;617;912;116.86;56.27;;;
40.92085;0.504115;27;0;4;619;910;116.88;56.25;;;
40.920983;0.504275;27;0;5;619;910;116.9;56.23;;;
40.921116;0.504436;28;0;5;620;909;116.92;56.21;;;
40.921248;0.504597;29;0;5;621;908;116.94;56.19;;;
40.92137;0.504769;30;0;5;622;907;116.96;56.17;;;
40.921459;0.504976;31;0;5;623;906;116.98;56.15;;;
40.921544;0.505186;32;0;6;624;905;117;56.13;;;
40.921622;0.5054;33;0;6;625;904;117.02;56.11;;;
40.9217;0.505615;34;0;7;626;903;117.04;56.09;;;
40.921839;0.505759;36;0;8;628;901;117.06;56.07;;;
40.922008;0.505831;37;0;8;629;900;117.08;56.05;;;
40.922181;0.505807;39;0;8;631;898;117.1;56.03;;;
40.922181;0.505602;42;0;7;634;895;117.12;56.01;;;
40.922069;0.505434;44;0;7;636;893;117.14;55.99;;;
40.922084;0.505199;45;0;7;637;892;117.16;55.97;;;
40.922139;0.504973;45;0;7;637;892;117.18;55.95;;;
40.922193;0.504746;46;0;7;638;891;117.2;55.93;;;
40.922247;0.504519;46;0;6;638;891;117.22;55.91;;;
40.922352;0.504336;48;0;6;640;889;117.24;55.89;;;
40.922518;0.504256;50;0;6;642;887;117.26;55.87;;;
40.922693;0.504289;52;0;6;644;885;117.28;55.85;;;
40.922856;0.504386;53;0;6;645;884;117.3;55.83;;;
40.923016;0.504497;54;0;6;646;883;117.32;55.81;;;
40.923192;0.504541;55;0;5;647;882;117.34;55.79;;;
40.923369;0.504583;56;0;5;648;881;117.36;55.77;;;
40.923544;0.504636;57;0;6;649;880;117.38;55.75;;;
40.923704;0.504743;57;0;6;649;880;117.4;55.73;;;
40.923865;0.50485;58;0;7;650;879;117.42;55.71;;;
40.924036;0.504831;60;0;7;653;876;117.44;55.69;;;
40.924027;0.50461;63;0;8;655;874;117.46;55.67;;;
40.923885;0.504465;64;0;8;656;873;117.48;55.65;;;
40.923778;0.504276;65;0;8;658;871;117.5;55.63;;;
40.923754;0.504053;67;0;7;659;870;117.52;55.61;;;
40.923897;0.503912;69;0;6;661;868;117.54;55.59;;;
40.924059;0.503807;70;0;6;662;867;117.56;55.57;;;
40.924219;0.5037;71;0;5;663;866;117.58;55.55;;;
40.92436;0.503553;72;0;5;664;865;117.6;55.53;;;
40.924485;0.503383;72;0;4;664;865;117.62;55.51;;;
40.92461;0.503211;73;0;4;665;864;117.64;55.49;;;
40.924721;0.503025;74;0;4;666;863;117.66;55.47;;;
40.924782;0.50281;75;0;4;667;862;117.68;55.45;;;
40.924789;0.502572;75;0;4;668;861;117.7;55.43;;;
40.924824;0.50234;77;0;4;669;860;117.72;55.41;;;
40.924935;0.502153;77;0;5;670;859;117.74;55.39;;;
40.925057;0.501978;78;0;6;670;859;117.76;55.37;;;
40.92518;0.501804;79;0;6;671;858;117.78;55.35;;;
40.925298;0.501626;80;0;6;672;857;117.8;55.33;;;
40.925332;0.501404;82;0;6;674;855;117.82;55.31;;;
40.925195;0.501268;84;0;7;676;853;117.84;55.29;;;
40.925021;0.501207;85;0;7;677;852;117.86;55.27;;;
40.924849;0.501141;86;0;7;678;851;117.88;55.25;;;
40.92475;0.500953;87;0;7;679;850;117.9;55.23;;;
40.924745;0.500716;89;0;7;681;848;117.92;55.21;;;
40.92481;0.500497;90;0;6;682;847;117.94;55.19;;;
40.924932;0.500323;91;0;6;683;846;117.96;55.17;;;
40.925082;0.500198;93;0;6;685;844;117.98;55.15;;;
40.92526;0.500169;94;0;6;686;843;118;55.13;;;
40.92544;0.500159;95;0;6;687;842;118.02;55.11;;;
40.92562;0.500159;96;0;6;688;841;118.04;55.09;;;
40.9258;0.50016;97;0;6;689;840;118.06;55.07;;;
40.925976;0.500205;98;0;6;690;839;118.08;55.05;;;
40.926152;0.500244;99;0;6;691;838;118.1;55.03;;;
40.926328;0.500212;100;0;6;692;837;118.12;55.01;;;
40.926504;0.500191;102;0;6;694;835;118.14;54.99;;;
40.926645;0.500332;103;0;6;695;834;118.16;54.97;;;
40.926769;0.500504;104;0;5;696;833;118.18;54.95;;;
40.926876;0.500695;105;0;5;697;832;118.2;54.93;;;
40.926983;0.500886;106;0;4;698;831;118.22;54.91;;;
40.92709;0.501078;107;0;4;699;830;118.24;54.89;;;
40.927197;0.501269;108;0;4;700;829;118.26;54.87;;;
40.927304;0.50146;108;0;4;700;829;118.28;54.85;;;
40.927411;0.501652;109;0;4;701;828;118.3;54.83;;;
40.927518;0.501843;110;0;4;702;827;118.32;54.81;;;
40.927625;0.502035;111;0;5;703;826;118.34;54.79;;;
40.927728;0.502229;112;0;5;704;825;118.36;54.77;;;
40.927826;0.502429;113;0;5;705;824;118.38;54.75;;;
40.927922;0.50263;114;0;5;706;823;118.4;54.73;;;
40.927989;0.502851;115;0;5;707;822;118.42;54.71;;;
40.928055;0.503073;116;0;5;708;821;118.44;54.69;;;
40.92813;0.503288;117;0;5;709;820;118.46;54.67;;;
40.928235;0.503481;118;0;5;710;819;118.48;54.65;;;
40.928349;0.503664;119;0;5;711;818;118.5;54.63;;;
40.928464;0.503848;119;0;5;711;818;118.52;54.61;;;
40.928584;0.504024;120;0;4;712;817;118.54;54.59;;;
40.928727;0.504165;121;0;4;713;816;118.56;54.57;;;
40.928889;0.504268;122;0;5;714;815;118.58;54.55;;;
40.929051;0.50437;123;0;5;715;814;118.6;54.53;;;
40.929214;0.504473;124;0;5;716;813;118.62;54.51;;;
40.929376;0.504575;125;0;4;717;812;118.64;54.49;;;
40.929538;0.504677;126;0;4;718;811;118.66;54.47;;;
40.929701;0.50478;127;0;4;719;810;118.68;54.45;;;
40.929863;0.504882;128;0;4;720;809;118.7;54.43;;;
40.930025;0.504985;129;0;5;721;808;118.72;54.41;;;
40.930188;0.505088;129;0;6;721;808;118.74;54.39;;;
40.93035;0.50519;130;0;6;722;807;118.76;54.37;;;
40.930512;0.505292;131;0;6;723;806;118.78;54.35;;;
40.930686;0.505313;133;0;6;725;804;118.8;54.33;;;
40.930751;0.505115;136;0;6;728;801;118.82;54.31;;;
40.930693;0.50489;137;0;6;729;800;118.84;54.29;;;
40.930657;0.504658;138;0;6;730;799;118.86;54.27;;;
40.930585;0.504447;139;0;6;731;798;118.88;54.25;;;
40.930496;0.504241;139;0;5;732;797;118.9;54.23;;;
40.930417;0.504028;140;0;5;732;797;118.92;54.21;;;
40.930365;0.503804;141;0;5;733;796;118.94;54.19;;;
40.930354;0.503567;143;0;6;735;794;118.96;54.17;;;
40.930294;0.503349;144;0;6;736;793;118.98;54.15;;;
40.930143;0.503222;145;0;7;737;792;119;54.13;;;
40.930017;0.503058;146;0;6;738;791;119.02;54.11;;;
40.930048;0.502831;149;0;6;741;788;119.04;54.09;;;
40.930129;0.502619;150;0;5;742;787;119.06;54.07;;;
40.930162;0.502389;151;0;6;743;786;119.08;54.05;;;
40.930121;0.502157;151;0;5;743;786;119.1;54.03;;;
40.930081;0.501925;152;0;4;744;785;119.12;54.01;;;
40.93004;0.501693;153;0;4;745;784;119.14;53.99;;;
40.92997;0.501476;154;0;4;746;783;119.16;53.97;;;
40.929867;0.501283;155;0;5;747;782;119.18;53.95;;;
40.929744;0.50111;155;0;6;747;782;119.2;53.93;;;
40.92962;0.500938;156;0;6;748;781;119.22;53.91;;;
40.929532;0.500739;157;0;6;749;780;119.24;53.89;;;
40.929601;0.500535;160;0;6;752;777;119.26;53.87;;;
40.929733;0.500375;161;0;7;753;776;119.28;53.85;;;
40.929848;0.500192;162;0;8;754;775;119.3;53.83;;;
40.929991;0.50005;163;0;7;755;774;119.32;53.81;;;
40.930139;0.499915;164;0;7;756;773;119.34;53.79;;;
40.930301;0.499918;167;0;6;759;770;119.36;53.77;;;
40.930419;0.500098;168;0;6;760;769;119.38;53.75;;;
40.930537;0.500278;169;0;6;761;768;119.4;53.73;;;
40.930654;0.500458;170;0;6;762;767;119.42;53.71;;;
40.930774;0.500635;171;0;5;763;766;119.44;53.69;;;
40.930902;0.500803;172;0;5;764;765;119.46;53.67;;;
40.931045;0.500947;173;0;5;765;764;119.48;53.65;;;
40.931192;0.501084;174;0;5;766;763;119.5;53.63;;;
40.931315;0.501254;176;0;5;768;761;119.52;53.61;;;
40.931408;0.501458;177;0;5;769;760;119.54;53.59;;;
40.931501;0.501662;177;0;5;769;760;119.56;53.57;;;
40.931605;0.501855;178;0;5;770;759;119.58;53.55;;;
40.931721;0.502037;179;0;5;771;758;119.6;53.53;;;
40.931829;0.502226;180;0;6;772;757;119.62;53.51;;;
40.931921;0.502431;181;0;6;773;756;119.64;53.49;;;
40.932013;0.502636;182;0;5;774;755;119.66;53.47;;;
40.932157;0.502753;184;0;5;776;753;119.68;53.45;;;
40.932246;0.502567;186;0;4;778;751;119.7;53.43;;;
40.932234;0.50233;186;0;4;778;751;119.72;53.41;;;
40.932215;0.502093;186;0;4;778;751;119.74;53.39;;;
40.932196;0.501857;187;0;3;779;750;119.76;53.37;;;
40.932177;0.50162;187;0;2;779;750;119.78;53.35;;;
40.932187;0.501384;187;0;2;779;750;119.8;53.33;;;
40.932251;0.501164;188;0;2;780;749;119.82;53.31;;;
40.932341;0.500957;188;0;2;780;749;119.84;53.29;;;
40.932429;0.50075;188;0;2;781;748;119.86;53.27;;;
40.932589;0.500762;189;0;2;781;748;119.88;53.25;;;
40.932636;0.500986;190;0;2;782;747;119.9;53.23;;;
40.932653;0.501223;190;0;2;782;747;119.92;53.21;;;
40.93271;0.501443;190;0;1;782;747;119.94;53.19;;;
40.932807;0.501643;190;0;1;783;746;119.96;53.17;;;
40.932922;0.501825;191;0;1;783;746;119.98;53.15;;;
40.933071;0.501955;191;0;0;783;746;120;53.13;;;
40.933233;0.502057;191;0;0;783;746;120.02;53.11;;;
40.933385;0.502181;191;0;0;783;746;120.04;53.09;;;
40.933488;0.502377;191;0;0;783;746;120.06;53.07;;;
40.93359;0.502573;191;0;-1;783;746;120.08;53.05;;;
40.933692;0.502769;191;0;-1;783;746;120.1;53.03;;;
40.933818;0.50293;191;0;-1;783;746;120.12;53.01;;;
40.93399;0.502947;190;0;-2;783;746;120.14;52.99;;;
40.93406;0.502739;190;0;-2;783;746;120.16;52.97;;;
40.934082;0.502503;189;0;-2;783;746;120.18;52.95;;;
40.934103;0.502266;189;0;-3;783;746;120.2;52.93;;;
40.934179;0.502065;188;0;-3;783;746;120.22;52.91;;;
40.934353;0.502031;187;0;-3;783;746;120.24;52.89;;;
40.934532;0.502035;187;0;-3;783;746;120.26;52.87;;;
40.934704;0.50201;186;0;-3;783;746;120.28;52.85;;;
40.934754;0.501796;185;0;-3;783;746;120.3;52.83;;;
40.934733;0.50156;185;0;-3;783;746;120.32;52.81;;;
40.934712;0.501323;185;0;-3;783;746;120.34;52.79;;;
40.934691;0.501087;184;0;-3;783;746;120.36;52.77;;;
40.934809;0.500926;183;0;-3;783;746;120.38;52.75;;;
40.934986;0.500948;182;0;-3;783;746;120.4;52.73;;;
40.935159;0.501014;182;0;-3;783;746;120.42;52.71;;;
40.935317;0.501125;181;0;-3;783;746;120.44;52.69;;;
40.93547;0.501249;181;0;-3;783;746;120.46;52.67;;;
40.935627;0.501364;180;0;-3;783;746;120.48;52.65;;;
40.935798;0.501419;179;0;-3;783;746;120.5;52.63;;;
40.935956;0.501308;179;0;-4;783;746;120.52;52.61;;;
40.936117;0.501207;178;0;-4;783;746;120.54;52.59;;;
40.936271;0.501312;177;0;-4;783;746;120.56;52.57;;;
40.936399;0.501479;177;0;-4;783;746;120.58;52.55;;;
40.936472;0.501696;176;0;-4;783;746;120.6;52.53;;;
40.936535;0.501919;175;0;-3;783;746;120.62;52.51;;;
40.936667;0.502071;174;0;-3;783;746;120.64;52.49;;;
40.93684;0.50212;173;0;-3;783;746;120.66;52.47;;;
40.937018;0.502147;173;0;-3;783;746;120.68;52.45;;;
40.937197;0.502173;172;0;-3;783;746;120.7;52.43;;;
40.937376;0.502199;172;0;-3;783;746;120.72;52.41;;;
40.937555;0.502225;171;0;-3;783;746;120.74;52.39;;;
40.937733;0.502252;171;0;-3;783;746;120.76;52.37;;;
40.937912;0.502279;170;0;-3;783;746;120.78;52.35;;;
40.938091;0.502306;170;0;-2;783;746;120.8;52.33;;;
40.938269;0.502333;169;0;-2;783;746;120.82;52.31;;;
40.93844;0.502393;169;0;-2;783;746;120.84;52.29;;;
40.938598;0.502506;168;0;-2;783;746;120.86;52.27;;;
40.938752;0.50263;168;0;-2;783;746;120.88;52.25;;;
40.938906;0.502753;167;0;-2;783;746;120.9;52.23;;;
40.93906;0.502877;167;0;-2;783;746;120.92;52.21;;;
40.939213;0.503;166;0;-3;783;746;120.94;52.19;;;
40.939367;0.503124;166;0;-3;783;746;120.96;52.17;;;
40.939521;0.503248;166;0;-3;783;746;120.98;52.15;;;
40.939691;0.503283;165;0;-3;783;746;121;52.13;;;
40.939867;0.503231;164;0;-3;783;746;121.02;52.11;;;
40.940044;0.503199;163;0;-3;783;746;121.04;52.09;;;
40.940221;0.503241;163;0;-3;783;746;121.06;52.07;;;
40.940398;0.503283;162;0;-2;783;746;121.08;52.05;;;
40.940575;0.503326;162;0;-3;783;746;121.1;52.03;;;
40.940752;0.503369;162;0;-2;783;746;121.12;52.01;;;
40.940928;0.503412;161;0;-3;783;746;121.14;51.99;;;
40.941095;0.503489;161;0;-2;783;746;121.16;51.97;;;
40.941176;0.503692;160;0;-2;783;746;121.18;51.95;;;
40.941236;0.503917;159;0;-3;783;746;121.2;51.93;;;
40.94137;0.504073;159;0;-3;783;746;121.22;51.91;;;
40.941508;0.504225;159;0;-3;783;746;121.24;51.89;;;
40.941648;0.504374;158;0;-3;783;746;121.26;51.87;;;
40.941821;0.50439;157;0;-3;783;746;121.28;51.85;;;
40.941951;0.504232;157;0;-3;783;746;121.3;51.83;;;
40.942064;0.504047;156;0;-3;783;746;121.32;51.81;;;
40.942204;0.503906;156;0;-3;783;746;121.34;51.79;;;
40.942377;0.503841;155;0;-3;783;746;121.36;51.77;;;
40.942545;0.503757;155;0;-3;783;746;121.38;51.75;;;
40.942691;0.503621;154;0;-3;783;746;121.4;51.73;;;
40.942844;0.503505;154;0;-3;783;746;121.42;51.71;;;
40.942953;0.503669;153;0;-3;783;746;121.44;51.69;;;
40.943021;0.503889;152;0;-4;783;746;121.46;51.67;;;
40.943069;0.504115;152;0;-4;783;746;121.48;51.65;;;
40.943069;0.504353;151;0;-4;783;746;121.5;51.63;;;
40.943089;0.504588;150;0;-3;783;746;121.52;51.61;;;
40.943228;0.504737;149;0;-3;783;746;121.54;51.59;;;
40.943377;0.50487;149;0;-3;783;746;121.56;51.57;;;
40.943487;0.505055;148;0;-3;783;746;121.58;51.55;;;
40.943624;0.505206;147;0;-3;783;746;121.6;51.53;;;
40.943787;0.505305;147;0;-3;783;746;121.62;51.51;;;
40.943953;0.505396;146;0;-3;783;746;121.64;51.49;;;
40.944107;0.505518;146;0;-3;783;746;121.66;51.47;;;
40.944283;0.505532;145;0;-3;783;746;121.68;51.45;;;
40.944451;0.505581;144;0;-3;783;746;121.7;51.43;;;
40.944594;0.505724;144;0;-3;783;746;121.72;51.41;;;
40.944738;0.505868;143;0;-3;783;746;121.74;51.39;;;
40.944887;0.505999;143;0;-3;783;746;121.76;51.37;;;
40.945055;0.506076;142;0;-3;783;746;121.78;51.35;;;
40.945234;0.506097;142;0;-3;783;746;121.8;51.33;;;
40.945413;0.506101;141;0;-3;783;746;121.82;51.31;;;
40.945584;0.506027;140;0;-3;783;746;121.84;51.29;;;
40.945752;0.505945;139;0;-3;783;746;121.86;51.27;;;
40.945888;0.505789;139;0;-3;783;746;121.88;51.25;;;
40.946024;0.505633;138;0;-3;783;746;121.9;51.23;;;
40.94616;0.505477;138;0;-3;783;746;121.92;51.21;;;
40.946294;0.505318;137;0;-3;783;746;121.94;51.19;;;
40.946416;0.505143;137;0;-3;783;746;121.96;51.17;;;
40.946538;0.504968;136;0;-4;783;746;121.98;51.15;;;
40.946659;0.504793;136;0;-4;783;746;122;51.13;;;
40.94682;0.504695;134;0;-4;783;746;122.02;51.11;;;
40.946999;0.504677;134;0;-4;783;746;122.04;51.09;;;
40.947179;0.504663;133;0;-5;783;746;122.06;51.07;;;
40.947359;0.504649;132;0;-5;783;746;122.08;51.05;;;
40.947538;0.50465;131;0;-4;783;746;122.1;51.03;;;
40.947711;0.504705;130;0;-5;783;746;122.12;51.01;;;
40.947863;0.504833;129;0;-5;783;746;122.14;50.99;;;
40.948014;0.504963;128;0;-5;783;746;122.16;50.97;;;
40.948167;0.505085;127;0;-5;783;746;122.18;50.95;;;
40.948344;0.505126;126;0;-5;783;746;122.2;50.93;;;
40.948522;0.505137;125;0;-5;783;746;122.22;50.91;;;
40.948681;0.505041;124;0;-5;783;746;122.24;50.89;;;
40.94882;0.50489;123;0;-5;783;746;122.26;50.87;;;
40.948962;0.504749;122;0;-4;783;746;122.28;50.85;;;
40.949141;0.504754;121;0;-4;783;746;122.3;50.83;;;
40.949319;0.504791;121;0;-4;783;746;122.32;50.81;;;
40.949496;0.504829;120;0;-4;783;746;122.34;50.79;;;
40.949674;0.504867;119;0;-5;783;746;122.36;50.77;;;
40.949852;0.504904;119;0;-5;783;746;122.38;50.75;;;
40.950029;0.504914;117;0;-5;783;746;122.4;50.73;;;
40.950191;0.504814;116;0;-6;783;746;122.42;50.71;;;
40.950367;0.504762;115;0;-6;783;746;122.44;50.69;;;
40.95054;0.504815;113;0;-6;783;746;122.46;50.67;;;
40.950714;0.504859;112;0;-6;783;746;122.48;50.65;;;
40.950891;0.504829;111;0;-6;783;746;122.5;50.63;;;
40.951059;0.504747;110;0;-6;783;746;122.52;50.61;;;
40.951141;0.504568;109;0;-6;783;746;122.54;50.59;;;
40.951085;0.504342;108;0;-6;783;746;122.56;50.57;;;
40.951028;0.504115;107;0;-6;783;746;122.58;50.55;;;
40.950924;0.503928;105;0;-5;783;746;122.6;50.53;;;
40.950785;0.503776;105;0;-5;783;746;122.62;50.51;;;
40.95072;0.503559;103;0;-5;783;746;122.64;50.49;;;
40.950683;0.503325;102;0;-5;783;746;122.66;50.47;;;
40.950646;0.503092;102;0;-4;783;746;122.68;50.45;;;
40.950609;0.502859;101;0;-4;783;746;122.7;50.43;;;
40.950573;0.502626;100;0;-4;783;746;122.72;50.41;;;
40.950535;0.502393;99;0;-4;783;746;122.74;50.39;;;
40.950515;0.502159;99;0;-4;783;746;122.76;50.37;;;
40.950557;0.501931;98;0;-4;783;746;122.78;50.35;;;
40.950633;0.501715;97;0;-4;783;746;122.8;50.33;;;
40.950768;0.501559;96;0;-3;783;746;122.82;50.31;;;
40.950907;0.501408;96;0;-3;783;746;122.84;50.29;;;
40.951046;0.501257;95;0;-4;783;746;122.86;50.27;;;
40.951185;0.501106;95;0;-4;783;746;122.88;50.25;;;
40.951324;0.500955;94;0;-4;783;746;122.9;50.23;;;
40.951405;0.500743;93;0;-5;783;746;122.92;50.21;;;
40.951485;0.50053;92;0;-5;783;746;122.94;50.19;;;
40.951606;0.500354;91;0;-5;783;746;122.96;50.17;;;
40.951661;0.500131;89;0;-6;783;746;122.98;50.15;;;
40.951704;0.499901;88;0;-6;783;746;123;50.13;;;
40.951825;0.499732;87;0;-6;783;746;123.02;50.11;;;
40.951982;0.499616;86;0;-6;783;746;123.04;50.09;;;
40.952145;0.499522;85;0;-6;783;746;123.06;50.07;;;
40.952279;0.499665;83;0;-6;783;746;123.08;50.05;;;
40.952372;0.499866;82;0;-6;783;746;123.1;50.03;;;
40.952537;0.49993;80;0;-6;783;746;123.12;50.01;;;
40.952709;0.499872;79;0;-6;783;746;123.14;49.99;;;
40.952833;0.499703;78;0;-6;783;746;123.16;49.97;;;
40.952915;0.499491;77;0;-6;783;746;123.18;49.95;;;
40.952989;0.499275;76;0;-6;783;746;123.2;49.93;;;
40.953084;0.499079;75;0;-5;783;746;123.22;49.91;;;
40.953249;0.499151;73;0;-5;783;746;123.24;49.89;;;
40.95338;0.499313;72;0;-5;783;746;123.26;49.87;;;
40.953506;0.499482;71;0;-6;783;746;123.28;49.85;;;
40.953609;0.499678;71;0;-5;783;746;123.3;49.83;;;
40.95371;0.499875;70;0;-6;783;746;123.32;49.81;;;
40.953762;0.500093;68;0;-6;783;746;123.34;49.79;;;
40.95368;0.500302;67;0;-6;783;746;123.36;49.77;;;
40.953619;0.500516;66;0;-6;783;746;123.38;49.75;;;
40.95374;0.500675;64;0;-6;783;746;123.4;49.73;;;
40.953915;0.50072;63;0;-5;783;746;123.42;49.71;;;
40.954087;0.500783;62;0;-5;783;746;123.44;49.69;;;
40.954251;0.50088;61;0;-6;783;746;123.46;49.67;;;
40.9544;0.501014;61;0;-5;783;746;123.48;49.65;;;
40.954553;0.501138;60;0;-5;783;746;123.5;49.63;;;
40.954682;0.501289;59;0;-5;783;746;123.52;49.61;;;
40.95457;0.501399;57;0;-4;783;746;123.54;49.59;;;
40.95439;0.501418;57;0;-5;783;746;123.56;49.57;;;
40.954212;0.501448;56;0;-5;783;746;123.58;49.55;;;
40.954033;0.501478;55;0;-4;783;746;123.6;49.53;;;
40.953855;0.501508;54;0;-4;783;746;123.62;49.51;;;
40.953683;0.501563;53;0;-5;783;746;123.64;49.49;;;
40.95354;0.501704;52;0;-5;783;746;123.66;49.47;;;
40.953392;0.501837;51;0;-5;783;746;123.68;49.45;;;
40.953222;0.501899;50;0;-5;783;746;123.7;49.43;;;
40.953057;0.501805;49;0;-6;783;746;123.72;49.41;;;
40.952884;0.501796;48;0;-5;783;746;123.74;49.39;;;
40.952729;0.501915;47;0;-5;783;746;123.76;49.37;;;
40.952567;0.502013;46;0;-5;783;746;123.78;49.35;;;
40.952388;0.502025;45;0;-5;783;746;123.8;49.33;;;
40.95221;0.501995;44;0;-5;783;746;123.82;49.31;;;
40.952032;0.501999;44;0;-5;783;746;123.84;49.29;;;
40.95187;0.50209;43;0;-4;783;746;123.86;49.27;;;
40.951819;0.502306;41;0;-4;783;746;123.88;49.25;;;
40.951941;0.502478;40;0;-5;783;746;123.9;49.23;;;
40.95208;0.502629;39;0;-5;783;746;123.92;49.21;;;
40.95223;0.50276;38;0;-4;783;746;123.94;49.19;;;
40.952381;0.502889;38;0;-3;783;746;123.96;49.17;;;
40.952532;0.503018;37;0;-3;783;746;123.98;49.15;;;
40.952678;0.503156;36;0;-3;783;746;124;49.13;;;
40.952807;0.503322;36;0;-3;783;746;124.02;49.11;;;
40.952935;0.503489;35;0;-3;783;746;124.04;49.09;;;
40.953078;0.503633;34;0;-3;783;746;124.06;49.07;;;
40.953244;0.503704;33;0;-3;783;746;124.08;49.05;;;
40.9534;0.503824;33;0;-3;783;746;124.1;49.03;;;
40.953532;0.503984;33;0;-3;783;746;124.12;49.01;;;
40.953662;0.504149;33;0;-2;783;746;124.14;48.99;;;
40.953795;0.504306;32;0;-2;783;746;124.16;48.97;;;
40.95397;0.504327;32;0;-2;783;746;124.18;48.95;;;
40.954144;0.504273;31;0;-1;783;746;124.2;48.93;;;
40.954304;0.504166;31;0;-1;783;746;124.22;48.91;;;
40.954391;0.503968;31;0;-1;783;746;124.24;48.89;;;
40.954473;0.503759;31;0;0;783;746;124.26;48.87;;;
40.954627;0.503665;31;0;0;783;746;124.28;48.85;;;
40.954789;0.503762;31;0;0;783;746;124.3;48.83;;;
40.954947;0.503876;31;0;0;783;746;124.32;48.81;;;
40.955104;0.503992;31;0;0;783;746;124.34;48.79;;;
40.955258;0.504113;31;0;1;783;746;124.36;48.77;;;
40.955395;0.504265;31;0;1;783;746;124.38;48.75;;;
40.955549;0.50437;31;0;1;783;746;124.4;48.73;;;
40.95572;0.504442;31;0;1;784;745;124.42;48.71;;;
40.955839;0.504612;32;0;1;784;745;124.44;48.69;;;
40.955924;0.504822;32;0;1;785;744;124.46;48.67;;;
40.955986;0.505044;33;0;1;785;744;124.48;48.65;;;
40.956032;0.505274;33;0;1;785;744;124.5;48.63;;;
40.956078;0.505505;33;0;1;785;744;124.52;48.61;;;
40.956124;0.505735;33;0;1;785;744;124.54;48.59;;;
40.95617;0.505965;33;0;0;786;743;124.56;48.57;;;
40.956268;0.506162;33;0;0;786;743;124.58;48.55;;;
40.956374;0.506354;33;0;0;786;743;124.6;48.53;;;
40.956476;0.506546;33;0;0;786;743;124.62;48.51;;;
40.95661;0.506702;33;0;0;786;743;124.64;48.49;;;
40.956726;0.506884;33;0;0;786;743;124.66;48.47;;;
40.95681;0.507094;34;0;0;786;743;124.68;48.45;;;
40.956894;0.507305;34;0;0;786;743;124.7;48.43;;;
40.956977;0.507516;34;0;0;786;743;124.72;48.41;;;
40.957061;0.507727;34;0;0;786;743;124.74;48.39;;;
40.957144;0.507938;34;0;0;786;743;124.76;48.37;;;
40.957225;0.508151;34;0;0;786;743;124.78;48.35;;;
40.957289;0.508373;34;0;-1;786;743;124.8;48.33;;;
40.957322;0.508604;33;0;-1;786;743;124.82;48.31;;;
40.957328;0.508842;33;0;-1;786;743;124.84;48.29;;;
40.957392;0.509057;33;0;-1;786;743;124.86;48.27;;;
40.957492;0.509249;33;0;-1;786;743;124.88;48.25;;;
40.957556;0.509472;32;0;-1;786;743;124.9;48.23;;;
40.95762;0.509695;32;0;-2;786;743;124.92;48.21;;;
40.957684;0.509917;32;0;-2;786;743;124.94;48.19;;;
40.957765;0.510129;32;0;-2;786;743;124.96;48.17;;;
40.957859;0.510332;31;0;-2;786;743;124.98;48.15;;;
40.957964;0.510525;31;0;-2;786;743;125;48.13;;;
40.958069;0.510719;30;0;-2;786;743;125.02;48.11;;;
40.958156;0.510926;30;0;-2;786;743;125.04;48.09;;;
40.9583;0.51107;29;0;-2;786;743;125.06;48.07;;;
40.958422;0.511242;29;0;-2;786;743;125.08;48.05;;;
40.958532;0.51143;29;0;-2;786;743;125.1;48.03;;;
40.958642;0.511618;28;0;-2;786;743;125.12;48.01;;;
40.958753;0.511806;28;0;-2;786;743;125.14;47.99;;;
40.958863;0.511994;27;0;-2;786;743;125.16;47.97;;;
40.958973;0.512183;27;0;-2;786;743;125.18;47.95;;;
40.959093;0.51236;27;0;-2;786;743;125.2;47.93;;;
40.959222;0.512525;26;0;-2;786;743;125.22;47.91;;;
40.959365;0.512669;26;0;-2;786;743;125.24;47.89;;;
40.959511;0.512807;25;0;-2;786;743;125.26;47.87;;;
40.959658;0.512946;25;0;-2;786;743;125.28;47.85;;;
40.959804;0.513085;24;0;-2;786;743;125.3;47.83;;;
40.95995;0.513224;24;0;-2;786;743;125.32;47.81;;;
40.960103;0.513341;23;0;-2;786;743;125.34;47.79;;;
40.960279;0.51339;23;0;-2;786;743;125.36;47.77;;;
40.960455;0.513438;23;0;-2;786;743;125.38;47.75;;;
40.960631;0.513487;22;0;-2;786;743;125.4;47.73;;;
40.960807;0.513537;22;0;-2;786;743;125.42;47.71;;;
40.960983;0.513585;21;0;-2;786;743;125.44;47.69;;;
40.961161;0.513616;21;0;-2;786;743;125.46;47.67;;;
40.961341;0.513629;21;0;-2;786;743;125.48;47.65;;;
40.96152;0.513643;21;0;-2;786;743;125.5;47.63;;;
40.9617;0.513656;20;0;-1;786;743;125.52;47.61;;;
40.961879;0.51367;20;0;-1;786;743;125.54;47.59;;;
40.962059;0.513684;20;0;-1;786;743;125.56;47.57;;;
40.962239;0.513698;19;0;-1;786;743;125.58;47.55;;;
40.962417;0.513726;19;0;-1;786;743;125.6;47.53;;;
40.962596;0.513754;19;0;-1;786;743;125.62;47.51;;;
40.962774;0.513782;18;0;-1;786;743;125.64;47.49;;;
40.962953;0.513809;18;0;-1;786;743;125.66;47.47;;;
40.963132;0.51383;18;0;-1;786;743;125.68;47.45;;;
40.963312;0.513833;18;0;-1;786;743;125.7;47.43;;;
40.963492;0.513835;18;0;-1;786;743;125.72;47.41;;;
40.963672;0.513838;17;0;-1;786;743;125.74;47.39;;;
40.963851;0.513841;17;0;-1;786;743;125.76;47.37;;;
40.964031;0.513844;17;0;-1;786;743;125.78;47.35;;;
40.964211;0.513847;17;0;-1;786;743;125.8;47.33;;;
40.964391;0.51385;17;0;-1;786;743;125.82;47.31;;;
40.964571;0.513853;16;0;-1;786;743;125.84;47.29;;;
40.964751;0.513856;16;0;-1;786;743;125.86;47.27;;;
40.964929;0.513869;16;0;-1;786;743;125.88;47.25;;;
40.965099;0.513949;16;0;-1;786;743;125.9;47.23;;;
40.965268;0.51403;16;0;-1;786;743;125.92;47.21;;;
40.965437;0.51411;16;0;-1;786;743;125.94;47.19;;;
40.96561;0.514175;15;0;-1;786;743;125.96;47.17;;;
40.965785;0.514226;15;0;-1;786;743;125.98;47.15;;;
40.965963;0.514261;15;0;0;786;743;126;47.13;;;
40.966142;0.51429;15;0;0;786;743;126.02;47.11;;;
40.96632;0.51432;15;0;0;786;743;126.04;47.09;;;
40.966499;0.51435;15;0;0;786;743;126.06;47.07;;;
40.966677;0.51438;15;0;0;786;743;126.08;47.05;;;
40.966855;0.514372;15;0;0;786;743;126.1;47.03;;;
40.967025;0.514297;15;0;0;786;743;126.12;47.01;;;
40.967195;0.514219;15;0;0;786;743;126.14;46.99;;;
40.967371;0.514196;15;0;0;786;743;126.16;46.97;;;
40.967548;0.514236;15;0;0;786;743;126.18;46.95;;;
40.967723;0.51429;15;0;0;786;743;126.2;46.93;;;
40.967898;0.514345;15;0;0;786;743;126.22;46.91;;;
40.968068;0.514418;15;0;0;786;743;126.24;46.89;;;
40.968228;0.514526;15;0;0;787;742;126.26;46.87;;;
40.96838;0.514653;15;0;0;787;742;126.28;46.85;;;
40.968532;0.51478;16;0;1;787;742;126.3;46.83;;;
40.968697;0.514874;16;0;1;787;742;126.32;46.81;;;
40.968869;0.514941;16;0;1;787;742;126.34;46.79;;;
40.969043;0.515005;16;0;1;787;742;126.36;46.77;;;
40.969216;0.515069;16;0;1;787;742;126.38;46.75;;;
40.969389;0.515133;16;0;1;787;742;126.4;46.73;;;
40.969562;0.515197;16;0;1;788;741;126.42;46.71;;;
40.969735;0.515262;16;0;1;788;741;126.44;46.69;;;
40.969909;0.515326;16;0;1;788;741;126.46;46.67;;;
40.970082;0.51539;17;0;1;788;741;126.48;46.65;;;
40.970258;0.515429;17;0;1;788;741;126.5;46.63;;;
40.970438;0.515442;17;0;1;788;741;126.52;46.61;;;
40.970618;0.515448;17;0;1;788;741;126.54;46.59;;;
40.970797;0.515455;17;0;1;789;740;126.56;46.57;;;
40.970977;0.515461;18;0;1;789;740;126.58;46.55;;;
40.971157;0.515467;18;0;1;789;740;126.6;46.53;;;
40.971337;0.515482;18;0;1;789;740;126.62;46.51;;;
40.971516;0.515503;18;0;1;789;740;126.64;46.49;;;
40.971693;0.51554;18;0;1;789;740;126.66;46.47;;;
40.971867;0.515601;18;0;1;790;739;126.68;46.45;;;
40.972041;0.515663;19;0;1;790;739;126.7;46.43;;;
40.972215;0.515723;19;0;1;790;739;126.72;46.41;;;
40.972389;0.515784;19;0;1;790;739;126.74;46.39;;;
40.972563;0.515846;19;0;1;791;738;126.76;46.37;;;
40.972736;0.515907;20;0;1;791;738;126.78;46.35;;;
40.97291;0.515968;20;0;1;791;738;126.8;46.33;;;
40.973083;0.516036;20;0;1;791;738;126.82;46.31;;;
40.973254;0.516106;20;0;1;792;737;126.84;46.29;;;
40.973419;0.516198;21;0;1;792;737;126.86;46.27;;;
40.973572;0.516322;21;0;1;792;737;126.88;46.25;;;
40.973726;0.516447;21;0;1;792;737;126.9;46.23;29;;
40.973879;0.516571;21;0;1;793;736;126.92;46.21;;;
40.974032;0.516696;22;0;1;793;736;126.94;46.19;;;
40.974185;0.516821;22;0;1;793;736;126.96;46.17;;;
40.974339;0.516946;22;0;1;793;736;126.98;46.15;;;
40.974492;0.517071;22;0;1;794;735;127;46.13;;;
40.974641;0.517205;23;0;1;794;735;127.02;46.11;;;
40.974787;0.517343;23;0;1;794;735;127.04;46.09;;;
40.974918;0.517502;23;0;1;794;735;127.06;46.07;;;
40.975022;0.517696;23;0;1;794;735;127.08;46.05;;;
40.975126;0.51789;23;0;1;795;734;127.1;46.03;;;
40.97523;0.518085;23;0;1;795;734;127.12;46.01;;;
40.975333;0.518279;24;0;1;795;734;127.14;45.99;;;
40.975437;0.518474;24;0;1;795;734;127.16;45.97;;;
40.975541;0.518669;24;0;1;795;734;127.18;45.95;;;
40.975653;0.518855;24;0;1;795;734;127.2;45.93;;;
40.975772;0.519033;24;0;1;795;734;127.22;45.91;;;
40.975909;0.519185;24;0;1;796;733;127.24;45.89;;;
40.976055;0.519324;24;0;1;796;733;127.26;45.87;;;
40.976201;0.519464;24;0;1;796;733;127.28;45.85;;;
40.976315;0.519641;25;0;0;796;733;127.3;45.83;;;
40.97641;0.519827;25;0;0;796;733;127.32;45.81;;;
40.976578;0.519905;25;0;0;796;733;127.34;45.79;;;
40.97671;0.520065;25;0;0;796;733;127.36;45.77;;;
40.976834;0.520238;25;0;0;796;733;127.38;45.75;;;
40.976958;0.52041;25;0;0;796;733;127.4;45.73;;;
40.977099;0.520559;25;0;0;796;733;127.42;45.71;;;
40.977257;0.520669;25;0;0;796;733;127.44;45.69;;;
40.97742;0.520772;25;0;0;796;733;127.46;45.67;;;
40.977582;0.520874;25;0;0;796;733;127.48;45.65;;;
40.977745;0.520976;25;0;-1;796;733;127.5;45.63;;;
40.977907;0.521079;24;0;-1;796;733;127.52;45.61;;;
40.978069;0.521181;24;0;-1;796;733;127.54;45.59;;;
40.978229;0.52129;24;0;-1;796;733;127.56;45.57;;;
40.978388;0.521403;24;0;-1;796;733;127.58;45.55;;;
40.978546;0.521515;24;0;-1;796;733;127.6;45.53;;;
40.978702;0.521632;24;0;-1;796;733;127.62;45.51;;;
40.978846;0.521776;24;0;-1;796;733;127.64;45.49;;;
40.978984;0.521928;23;0;-1;796;733;127.66;45.47;;;
40.979099;0.522111;23;0;-2;796;733;127.68;45.45;;;
40.979204;0.522303;22;0;-2;796;733;127.7;45.43;;;
40.979285;0.522515;22;0;-2;796;733;127.72;45.41;;;
40.979365;0.522729;22;0;-2;796;733;127.74;45.39;;;
40.979433;0.522949;21;0;-2;796;733;127.76;45.37;;;
40.979501;0.52317;21;0;-1;796;733;127.78;45.35;;;
40.979568;0.523391;21;0;-1;796;733;127.8;45.33;;;
40.979636;0.523611;21;0;-1;796;733;127.82;45.31;;;
40.979704;0.523832;20;0;-1;796;733;127.84;45.29;;;
40.979771;0.524053;20;0;-1;796;733;127.86;45.27;;;
40.979848;0.524267;20;0;-1;796;733;127.88;45.25;;;
40.979948;0.524466;20;0;-2;796;733;127.9;45.23;;;
40.980047;0.524664;19;0;-2;796;733;127.92;45.21;;;
40.980165;0.524833;19;0;-2;796;733;127.94;45.19;;;
40.980332;0.52492;19;0;-2;796;733;127.96;45.17;;;
40.980498;0.524858;18;0;-2;796;733;127.98;45.15;;;
40.980618;0.524681;18;0;-2;796;733;128;45.13;;;
40.980754;0.524242;17;0;-2;796;733;128.04;45.09;;;
40.980817;0.524019;16;0;-2;796;733;128.06;45.07;;;
40.980993;0.523603;16;0;-1;796;733;128.1;45.03;30;;
40.981088;0.523401;16;0;-1;796;733;128.12;45.01;;;
40.981293;0.523009;15;0;-1;796;733;128.16;44.97;;;
40.981394;0.522812;15;0;-1;796;733;128.18;44.95;;;
40.981599;0.52242;15;0;0;796;733;128.22;44.91;;;
40.9817;0.522224;15;0;0;796;733;128.24;44.89;;;
40.981791;0.522018;15;0;0;796;733;128.26;44.87;;;
40.981874;0.521807;15;0;0;796;733;128.28;44.85;;;
40.982023;0.521374;15;0;1;797;732;128.32;44.81;;;
40.982074;0.521145;16;0;1;797;732;128.34;44.79;;;
40.982143;0.520679;16;0;1;797;732;128.38;44.75;;;
40.982162;0.520442;16;0;1;797;732;128.4;44.73;;;
40.982157;0.519966;17;0;2;798;731;128.44;44.69;;;
40.98214;0.519729;17;0;2;798;731;128.46;44.67;;;
40.982068;0.519263;18;0;3;799;730;128.5;44.63;;;
40.981951;0.518813;19;0;3;800;729;128.54;44.59;;;
40.98187;0.5186;20;0;3;801;728;128.56;44.57;;;
40.981684;0.518193;21;0;3;802;727;128.6;44.53;;;
40.981584;0.517996;21;0;3;802;727;128.62;44.51;;;
40.981363;0.517622;22;0;3;804;725;128.66;44.47;;;
40.981238;0.51745;23;0;4;804;725;128.68;44.45;;;
40.980952;0.517166;25;0;5;806;723;128.72;44.41;;;
40.980815;0.517012;26;0;5;807;722;128.74;44.39;;;
40.980719;0.516818;27;0;5;808;721;128.76;44.37;;;
40.980781;0.516607;28;0;5;810;719;128.78;44.35;;;
40.981059;0.516319;30;0;6;811;718;128.82;44.31;;;
40.981225;0.516227;31;0;5;812;717;128.84;44.29;;;
40.981579;0.516157;34;0;6;815;714;128.88;44.25;;;
40.981759;0.516143;35;0;6;816;713;128.9;44.23;31;;
40.982118;0.516115;37;0;6;818;711;128.94;44.19;;;
40.982297;0.516101;39;0;6;820;709;128.96;44.17;;;
40.982656;0.516072;41;0;7;822;707;129;44.13;;;
40.983011;0.515996;44;0;7;825;704;129.04;44.09;;;
40.983177;0.51591;45;0;7;826;703;129.06;44.07;;;
40.983484;0.515662;48;0;7;829;700;129.1;44.03;;;
40.983638;0.515538;49;0;7;830;699;129.12;44.01;;;
40.983939;0.515281;52;0;7;833;696;129.16;43.97;;;
40.984065;0.515111;54;0;7;835;694;129.18;43.95;;;
40.984235;0.514696;57;0;7;838;691;129.22;43.91;;;
40.984276;0.514464;58;0;7;840;689;129.24;43.89;;;
40.984316;0.514232;60;0;7;841;688;129.26;43.87;;;
40.984367;0.514004;61;0;7;842;687;129.28;43.85;;;
40.984541;0.513593;64;0;7;845;684;129.32;43.81;;;
40.984669;0.513429;65;0;7;846;683;129.34;43.79;;;
40.984986;0.513211;68;0;7;850;679;129.38;43.75;;;
40.985165;0.513187;70;0;8;851;678;129.4;43.73;;;
40.985522;0.513233;73;0;8;854;675;129.44;43.69;;;
40.9857;0.513265;74;0;7;856;673;129.46;43.67;;;
40.986056;0.513329;78;0;7;859;670;129.5;43.63;;;
40.986413;0.513394;80;0;7;861;668;129.54;43.59;;;
40.986591;0.513427;82;0;7;863;666;129.56;43.57;;;
40.986947;0.513493;84;0;8;866;663;129.6;43.53;;;
40.987125;0.513526;86;0;8;867;662;129.62;43.51;;;
40.987483;0.513506;90;0;7;871;658;129.66;43.47;;;
40.987656;0.513445;91;0;7;872;657;129.68;43.45;;;
40.987995;0.513287;94;0;7;875;654;129.72;43.41;;;
40.988165;0.513207;95;0;7;876;653;129.74;43.39;;;
40.988337;0.513145;96;0;7;877;652;129.76;43.37;;;
40.988516;0.513129;98;0;7;879;650;129.78;43.35;;;
40.988857;0.513276;100;0;7;882;647;129.82;43.31;;;
40.989011;0.513395;102;0;7;883;646;129.84;43.29;;;
40.989286;0.513702;105;0;7;886;643;129.88;43.25;;;
40.989424;0.513856;106;0;7;887;642;129.9;43.23;;;
40.989718;0.514124;108;0;8;890;639;129.94;43.19;;;
40.98989;0.514188;110;0;8;892;637;129.96;43.17;;;
40.990241;0.514288;114;0;8;895;634;130;43.13;;;
40.990588;0.514415;117;0;8;898;631;130.04;43.09;;;
40.990755;0.514503;118;0;8;899;630;130.06;43.07;;;
40.991057;0.514759;122;0;8;903;626;130.1;43.03;;;
40.991189;0.51492;123;0;8;904;625;130.12;43.01;;;
40.991399;0.515305;127;0;7;908;621;130.16;42.97;;;
40.991489;0.515511;128;0;8;909;620;130.18;42.95;;;
40.991669;0.515923;131;0;8;912;617;130.22;42.91;;;
40.991759;0.51613;132;0;8;913;616;130.24;42.89;;;
40.991864;0.516323;134;0;8;915;614;130.26;42.87;;;
40.991978;0.516507;136;0;8;917;612;130.28;42.85;;;
40.992257;0.516807;139;0;9;920;609;130.32;42.81;;;
40.99241;0.516931;141;0;9;922;607;130.34;42.79;;;
40.99274;0.517116;144;0;9;925;604;130.38;42.75;;;
40.992912;0.517186;147;0;9;928;601;130.4;42.73;;;
40.99327;0.517228;151;0;9;932;597;130.44;42.69;;;
40.99345;0.517219;153;0;9;934;595;130.46;42.67;;;
40.9938;0.517119;158;0;9;939;590;130.5;42.63;;;
40.994144;0.516979;161;0;8;942;587;130.54;42.59;;;
40.994313;0.516897;163;0;8;944;585;130.56;42.57;;;
40.994651;0.516735;166;0;7;947;582;130.6;42.53;;;
40.99482;0.516654;167;0;7;948;581;130.62;42.51;;;
40.995159;0.516492;170;0;7;951;578;130.66;42.47;;;
40.995328;0.516411;171;0;7;952;577;130.68;42.45;;;
40.995666;0.516248;173;0;7;955;574;130.72;42.41;;;
40.995835;0.516168;175;0;7;956;573;130.74;42.39;;;
40.996005;0.516087;176;0;7;957;572;130.76;42.37;;;
40.996174;0.516006;177;0;6;959;570;130.78;42.35;;;
40.996512;0.515843;180;0;6;961;568;130.82;42.31;;;
40.996683;0.51577;181;0;6;962;567;130.84;42.29;;;
40.997025;0.515622;184;0;6;965;564;130.88;42.25;;;
40.997199;0.515561;185;0;6;966;563;130.9;42.23;;;
40.997548;0.515448;187;0;6;968;561;130.94;42.19;;;
40.997723;0.515392;188;0;6;969;560;130.96;42.17;;;
40.998072;0.515279;191;0;5;972;557;131;42.13;;;
40.998422;0.515166;192;0;5;974;555;131.04;42.09;;;
40.998597;0.51511;193;0;4;975;554;131.06;42.07;;;
40.998946;0.514997;195;0;4;976;553;131.1;42.03;;;
40.999121;0.514941;196;0;4;977;552;131.12;42.01;;;
40.999471;0.514828;197;0;3;978;551;131.16;41.97;;;
40.999645;0.514773;198;0;3;979;550;131.18;41.95;;;
40.999995;0.514661;199;0;3;980;549;131.22;41.91;;;
41.00017;0.514604;200;0;3;981;548;131.24;41.89;;;
41.000345;0.514548;200;0;2;981;548;131.26;41.87;;;
41.000519;0.514491;201;0;2;982;547;131.28;41.85;;;
41.000869;0.514379;201;0;2;983;546;131.32;41.81;;;
41.001044;0.514322;202;0;2;983;546;131.34;41.79;;;
41.001393;0.51421;203;0;2;984;545;131.38;41.75;;;
41.001568;0.514154;203;0;1;984;545;131.4;41.73;;;
41.001918;0.514041;203;0;1;985;544;131.44;41.69;;;
41.002092;0.513985;204;0;1;985;544;131.46;41.67;;;
41.002442;0.513873;204;0;0;985;544;131.5;41.63;;;
41.002786;0.513736;204;0;0;985;544;131.54;41.59;;;
41.002954;0.513651;204;0;0;985;544;131.56;41.57;;;
41.003261;0.513404;204;0;0;985;544;131.6;41.53;;;
41.003394;0.513243;204;0;-1;985;544;131.62;41.51;;;
41.003627;0.512882;203;0;-1;985;544;131.66;41.47;;;
41.003735;0.512692;203;0;-1;985;544;131.68;41.45;;;
41.003935;0.512296;203;0;-1;985;544;131.72;41.41;;;
41.004034;0.512097;203;0;-1;985;544;131.74;41.39;;;
41.004133;0.511897;202;0;-1;985;544;131.76;41.37;;;
41.004232;0.511698;202;0;-1;985;544;131.78;41.35;;;
41.00443;0.511301;201;0;-2;985;544;131.82;41.31;;;
41.004529;0.511101;201;0;-2;985;544;131.84;41.29;;;
41.004726;0.510703;200;0;-2;985;544;131.88;41.25;;;
41.004824;0.510503;200;0;-2;985;544;131.9;41.23;;;
41.005019;0.510102;199;0;-2;985;544;131.94;41.19;;;
41.005117;0.509902;199;0;-2;985;544;131.96;41.17;;;
41.005312;0.509502;198;0;-2;985;544;132;41.13;;;
41.005507;0.509102;197;0;-2;985;544;132.04;41.09;;;
41.005606;0.508902;196;0;-2;985;544;132.06;41.07;;;
41.005801;0.508502;196;0;-2;985;544;132.1;41.03;;;
41.005899;0.508301;195;0;-2;985;544;132.12;41.01;;;
41.006095;0.507902;194;0;-3;985;544;132.16;40.97;;;
41.006192;0.507701;194;0;-3;985;544;132.18;40.95;;;
41.006387;0.507301;193;0;-3;985;544;132.22;40.91;;;
41.006486;0.507101;192;0;-3;985;544;132.24;40.89;;;
41.006583;0.506901;192;0;-3;985;544;132.26;40.87;;;
41.006681;0.506701;191;0;-3;985;544;132.28;40.85;;;
41.006876;0.506301;190;0;-3;985;544;132.32;40.81;;;
41.006974;0.506101;189;0;-3;985;544;132.34;40.79;;;
41.007169;0.505701;188;0;-3;985;544;132.38;40.75;;;
41.007267;0.505501;188;0;-3;985;544;132.4;40.73;;;
41.007463;0.505101;187;0;-3;985;544;132.44;40.69;;;
41.00756;0.5049;186;0;-3;985;544;132.46;40.67;;;
41.007774;0.504518;185;0;-3;985;544;132.5;40.63;;;
41.008027;0.504183;184;0;-3;985;544;132.54;40.59;;;
41.008167;0.504033;183;0;-3;985;544;132.56;40.57;;;
41.008491;0.50383;182;0;-2;985;544;132.6;40.53;;;
41.008661;0.50376;181;0;-2;985;544;132.62;40.51;;;
41.009015;0.503674;181;0;-2;985;544;132.66;40.47;;;
41.009193;0.503654;180;0;-2;985;544;132.68;40.45;;;
41.009552;0.503679;180;0;-1;985;544;132.72;40.41;;;
41.009728;0.503731;179;0;-1;985;544;132.74;40.39;;;
41.009903;0.503785;179;0;-1;985;544;132.76;40.37;;;
41.010071;0.503867;179;0;-1;985;544;132.78;40.35;;;
41.010396;0.504072;179;0;-1;985;544;132.82;40.31;;;
41.010558;0.504174;179;0;0;985;544;132.84;40.29;;;
41.010883;0.504379;178;0;0;985;544;132.88;40.25;;;
41.011045;0.504482;178;0;0;985;544;132.9;40.23;;;
41.01137;0.504687;178;0;0;985;544;132.94;40.19;;;
41.011532;0.50479;178;0;0;985;544;132.96;40.17;;;
41.011857;0.504995;178;0;0;985;544;133;40.13;;;
41.012198;0.505135;179;0;1;986;543;133.04;40.09;;;
41.012374;0.505182;179;0;1;986;543;133.06;40.07;;;
41.012732;0.505171;179;0;2;986;543;133.1;40.03;;;
41.012911;0.505152;179;0;3;986;543;133.12;40.01;;;
41.01324;0.505018;180;0;3;987;542;133.16;39.97;;;
41.013233;0.504785;182;0;4;989;540;133.18;39.95;;;
41.013124;0.504333;183;0;4;990;539;133.22;39.91;;;
41.013099;0.504098;184;0;4;991;538;133.24;39.89;;;
41.013099;0.50386;185;0;4;992;537;133.26;39.87;;;
41.013099;0.503621;185;0;4;992;537;133.28;39.85;;;
41.013009;0.503167;187;0;4;994;535;133.32;39.81;32;;
41.012936;0.502949;188;0;4;995;534;133.34;39.79;;;
41.012791;0.502513;189;0;4;996;533;133.38;39.75;;;
41.012718;0.502295;190;0;4;997;532;133.4;39.73;;;
41.012633;0.501832;192;0;4;999;530;133.44;39.69;;;
41.012591;0.5016;193;0;5;1000;529;133.46;39.67;;;
41.012506;0.501137;195;0;5;1002;527;133.5;39.63;;;
41.012421;0.500674;197;0;5;1004;525;133.54;39.59;;;
41.012378;0.500442;198;0;5;1005;524;133.56;39.57;;;
41.01222;0.500018;200;0;6;1007;522;133.6;39.53;;;
41.012129;0.499812;201;0;6;1008;521;133.62;39.51;;;
41.01195;0.499399;203;0;6;1010;519;133.66;39.47;;;
41.01186;0.499192;205;0;6;1012;517;133.68;39.45;;;
41.011681;0.498779;207;0;6;1014;515;133.72;39.41;;;
41.011591;0.498572;208;0;6;1015;514;133.74;39.39;;;
41.011501;0.498366;209;0;5;1016;513;133.76;39.37;;;
41.011411;0.498159;210;0;5;1017;512;133.78;39.35;;;
41.01133;0.497703;212;0;5;1019;510;133.82;39.31;;;
41.011309;0.497466;213;0;5;1020;509;133.84;39.29;;;
41.011287;0.496991;215;0;5;1022;507;133.88;39.25;;;
41.011275;0.496753;216;0;5;1023;506;133.9;39.23;;;
41.011252;0.496277;218;0;4;1025;504;133.94;39.19;;;
41.011242;0.496039;219;0;4;1026;503;133.96;39.17;;;
41.011219;0.495563;220;0;4;1027;502;134;39.13;;;
41.011197;0.495087;222;0;4;1029;500;134.04;39.09;;;
41.011185;0.49485;223;0;3;1030;499;134.06;39.07;;;
41.011242;0.494383;224;0;3;1031;498;134.1;39.03;;;
41.011285;0.494152;224;0;3;1031;498;134.12;39.01;;;
41.011372;0.493689;226;0;2;1032;497;134.16;38.97;;;
41.01142;0.49346;226;0;2;1033;496;134.18;38.95;;;
41.01152;0.493002;227;0;2;1034;495;134.22;38.91;;;
41.01157;0.492773;227;0;2;1034;495;134.24;38.89;;;
41.01162;0.492544;227;0;2;1034;495;134.26;38.87;;;
41.01167;0.492315;228;0;2;1035;494;134.28;38.85;;;
41.01177;0.491857;228;0;1;1035;494;134.32;38.81;;;
41.011819;0.491628;229;0;1;1036;493;134.34;38.79;;;
41.011881;0.491161;229;0;1;1036;493;134.38;38.75;;;
41.011893;0.490923;229;0;1;1036;493;134.4;38.73;;;
41.011916;0.490447;229;0;0;1036;493;134.44;38.69;;;
41.011927;0.490209;229;0;0;1036;493;134.46;38.67;;;
41.011951;0.489734;229;0;0;1036;493;134.5;38.63;;;
41.011957;0.489259;229;0;-1;1036;493;134.54;38.59;;;
41.011926;0.489024;229;0;-1;1036;493;134.56;38.57;;;
41.011712;0.488673;229;0;-1;1036;493;134.6;38.53;;;
41.011542;0.488597;228;0;-1;1036;493;134.62;38.51;;;
41.011201;0.488445;228;0;-2;1036;493;134.66;38.47;;;
41.01103;0.48837;228;0;-2;1036;493;134.68;38.45;;;
41.010689;0.48822;227;0;-2;1036;493;134.72;38.41;;;
41.010521;0.488135;226;0;-2;1036;493;134.74;38.39;;;
41.010355;0.488043;226;0;-2;1036;493;134.76;38.37;;;
41.010189;0.487951;226;0;-2;1036;493;134.78;38.35;;;
41.009912;0.487667;224;0;-3;1036;493;134.82;38.31;;;
41.009812;0.487468;224;0;-3;1036;493;134.84;38.29;;;
41.009612;0.487073;223;0;-3;1036;493;134.88;38.25;;;
41.009512;0.486875;222;0;-3;1036;493;134.9;38.23;;;
41.009311;0.486479;221;0;-3;1036;493;134.94;38.19;;;
41.009211;0.486281;220;0;-3;1036;493;134.96;38.17;;;
41.009011;0.485885;219;0;-3;1036;493;135;38.13;;;
41.00881;0.485489;217;0;-4;1036;493;135.04;38.09;;;
41.00871;0.485291;217;0;-4;1036;493;135.06;38.07;;;
41.008509;0.484896;215;0;-4;1036;493;135.1;38.03;;;
41.008409;0.484698;214;0;-4;1036;493;135.12;38.01;;;
41.008132;0.484394;213;0;-4;1036;493;135.16;37.97;;;
41.00798;0.484269;212;0;-4;1036;493;135.18;37.95;;;
41.007659;0.484055;211;0;-3;1036;493;135.22;37.91;;;
41.007495;0.483957;210;0;-3;1036;493;135.24;37.89;;;
41.007331;0.483858;209;0;-3;1036;493;135.26;37.87;;;
41.007167;0.483761;209;0;-3;1036;493;135.28;37.85;;;
41.006839;0.483565;207;0;-3;1036;493;135.32;37.81;;;
41.006694;0.483424;207;0;-3;1036;493;135.34;37.79;;;
41.006407;0.483137;205;0;-3;1036;493;135.38;37.75;;;
41.006263;0.482993;205;0;-4;1036;493;135.4;37.73;;;
41.006068;0.482599;203;0;-4;1036;493;135.44;37.69;;;
41.006009;0.482374;202;0;-4;1036;493;135.46;37.67;;;
41.006009;0.481898;201;0;-4;1036;493;135.5;37.63;;;
41.005918;0.481447;199;0;-4;1036;493;135.54;37.59;;;
41.005807;0.481263;199;0;-5;1036;493;135.56;37.57;;;
41.005455;0.481236;197;0;-5;1036;493;135.6;37.53;;;
41.005279;0.481225;195;0;-5;1036;493;135.62;37.51;;;
41.005072;0.480883;193;0;-4;1036;493;135.66;37.47;;;
41.005027;0.480652;193;0;-4;1036;493;135.68;37.45;;;
41.005007;0.480187;191;0;-4;1036;493;135.72;37.41;;;
41.005035;0.479951;191;0;-4;1036;493;135.74;37.39;;;
41.004989;0.479728;190;0;-4;1036;493;135.76;37.37;;;
41.004873;0.479545;189;0;-4;1036;493;135.78;37.35;;;
41.004635;0.479189;188;0;-4;1036;493;135.82;37.31;;;
41.004499;0.479034;187;0;-4;1036;493;135.84;37.29;;;
41.0042;0.478789;185;0;-4;1036;493;135.88;37.25;;;
41.004041;0.478849;184;0;-4;1036;493;135.9;37.23;;;
41.003853;0.479256;183;0;-5;1036;493;135.94;37.19;;;
41.003751;0.479446;183;0;-5;1036;493;135.96;37.17;;;
41.003422;0.479304;180;0;-5;1036;493;136;37.13;;;
41.003234;0.478915;178;0;-4;1036;493;136.04;37.09;;;
41.003169;0.478693;177;0;-4;1036;493;136.06;37.07;;;
41.00299;0.478285;176;0;-3;1036;493;136.1;37.03;;;
41.002856;0.478128;175;0;-3;1036;493;136.12;37.01;;;
41.002523;0.477959;174;0;-4;1036;493;136.16;36.97;;;
41.002348;0.477905;173;0;-4;1036;493;136.18;36.95;;;
41.001997;0.477798;172;0;-4;1036;493;136.22;36.91;;;
41.001822;0.47775;171;0;-4;1036;493;136.24;36.89;;;
41.001642;0.477761;170;0;-4;1036;493;136.26;36.87;;;
41.001462;0.477772;169;0;-4;1036;493;136.28;36.85;;;
41.001112;0.477693;167;0;-4;1036;493;136.32;36.81;;;
41.00095;0.477593;166;0;-4;1036;493;136.34;36.79;;;
41.000643;0.477343;165;0;-5;1036;493;136.38;36.75;;;
41.000473;0.477288;164;0;-6;1036;493;136.4;36.73;;;
41.000141;0.477431;162;0;-6;1036;493;136.44;36.69;;;
41.000016;0.477592;160;0;-6;1036;493;136.46;36.67;;;
40.99974;0.477383;156;0;-6;1036;493;136.5;36.63;;;
40.999523;0.477009;155;0;-5;1036;493;136.54;36.59;;;
40.999372;0.476878;154;0;-4;1036;493;136.56;36.57;;;
40.999027;0.47677;152;0;-4;1036;493;136.6;36.53;;;
40.998848;0.476759;151;0;-4;1036;493;136.62;36.51;;;
40.998496;0.476818;150;0;-5;1036;493;136.66;36.47;;;
40.99833;0.476908;149;0;-5;1036;493;136.68;36.45;;;
40.998043;0.477195;147;0;-6;1036;493;136.72;36.41;;;
40.997895;0.477122;145;0;-6;1036;493;136.74;36.39;;;
40.997827;0.476903;143;0;-6;1036;493;136.76;36.37;;;
40.997796;0.476671;142;0;-6;1036;493;136.78;36.35;;;
40.997747;0.476201;141;0;-5;1036;493;136.82;36.31;;;
40.997701;0.475971;139;0;-5;1036;493;136.84;36.29;;;
40.997656;0.475499;137;0;-5;1036;493;136.88;36.25;;;
40.997643;0.475261;136;0;-5;1036;493;136.9;36.23;;;
40.997626;0.474785;135;0;-5;1036;493;136.94;36.19;;;
40.99763;0.474549;134;0;-5;1036;493;136.96;36.17;;;
40.997871;0.474246;131;0;-6;1036;493;137;36.13;;;
40.998182;0.474027;129;0;-6;1036;493;137.04;36.09;;;
40.998294;0.473842;127;0;-6;1036;493;137.06;36.07;;;
40.998422;0.473398;125;0;-6;1036;493;137.1;36.03;;;
40.998448;0.473163;124;0;-6;1036;493;137.12;36.01;;;
40.998516;0.472699;122;0;-5;1036;493;137.16;35.97;;;
40.998638;0.472547;120;0;-5;1036;493;137.18;35.95;;;
40.998995;0.472513;119;0;-5;1036;493;137.22;35.91;;;
40.999169;0.472464;118;0;-5;1036;493;137.24;35.89;;;
40.99932;0.472338;117;0;-5;1036;493;137.26;35.87;;;
40.999447;0.472173;116;0;-5;1036;493;137.28;35.85;;;
40.999647;0.471779;114;0;-5;1036;493;137.32;35.81;;;
40.999699;0.471553;113;0;-4;1036;493;137.34;35.79;;;
40.999593;0.471105;111;0;-4;1036;493;137.38;35.75;;;
40.999499;0.470903;110;0;-4;1036;493;137.4;35.73;;;
40.999262;0.470544;109;0;-3;1036;493;137.44;35.69;;;
40.999144;0.470364;108;0;-3;1036;493;137.46;35.67;;;
40.998939;0.469979;107;0;-4;1036;493;137.5;35.63;;;
40.998919;0.469505;105;0;-4;1036;493;137.54;35.59;;;
40.998837;0.469299;104;0;-4;1036;493;137.56;35.57;;;
40.998529;0.469058;103;0;-3;1036;493;137.6;35.53;;;
40.998371;0.468945;102;0;-3;1036;493;137.62;35.51;;;
40.998066;0.468693;101;0;-2;1036;493;137.66;35.47;;;
40.997925;0.468545;101;0;-2;1036;493;137.68;35.45;;;
40.997656;0.468229;100;0;-2;1036;493;137.72;35.41;;;
40.997521;0.468072;99;0;-2;1036;493;137.74;35.39;;;
40.997386;0.467915;99;0;-2;1036;493;137.76;35.37;;;
40.99725;0.467757;98;0;-2;1036;493;137.78;35.35;;;
40.996991;0.46743;98;0;-1;1036;493;137.82;35.31;;;
40.996886;0.467236;98;0;-1;1036;493;137.84;35.29;;;
40.996633;0.466906;97;0;0;1036;493;137.88;35.25;;;
40.996477;0.466788;97;0;0;1036;493;137.9;35.23;;;
40.996156;0.466573;98;0;1;1037;492;137.94;35.19;;;
40.995987;0.466573;98;0;1;1037;492;137.96;35.17;;;
40.995689;0.466814;98;0;2;1037;492;138;35.13;;;
40.995389;0.466582;99;0;2;1038;491;138.04;35.09;;;
40.995263;0.466413;100;0;2;1039;490;138.06;35.07;;;
40.995009;0.466075;101;0;3;1040;489;138.1;35.03;;;
40.994882;0.465906;101;0;3;1040;489;138.12;35.01;;;
40.994628;0.465568;102;0;3;1041;488;138.16;34.97;;;
40.994494;0.465411;103;0;3;1042;487;138.18;34.95;;;
40.994211;0.465117;105;0;3;1043;486;138.22;34.91;;;
40.994069;0.46497;105;0;4;1044;485;138.24;34.89;;;
40.993928;0.464822;106;0;4;1045;484;138.26;34.87;;;
40.993786;0.464676;107;0;4;1046;483;138.28;34.85;;;
40.993502;0.464384;108;0;4;1047;482;138.32;34.81;;;
40.993347;0.464263;109;0;3;1048;481;138.34;34.79;;;
40.993037;0.464021;110;0;3;1049;480;138.38;34.75;;;
40.992882;0.4639;111;0;4;1050;479;138.4;34.73;;;
40.992572;0.463659;112;0;4;1051;478;138.44;34.69;;;
40.992441;0.463495;113;0;4;1052;477;138.46;34.67;;;
40.99227;0.463077;115;0;5;1054;475;138.5;34.63;;;
40.992117;0.462649;117;0;5;1056;473;138.54;34.59;;;
40.992078;0.462416;118;0;5;1057;472;138.56;34.57;;;
40.992052;0.461941;120;0;4;1059;470;138.6;34.53;;;
40.991981;0.461726;121;0;4;1060;469;138.62;34.51;;;
40.991807;0.461308;122;0;4;1061;468;138.66;34.47;;;
40.99174;0.461091;123;0;4;1062;467;138.68;34.45;;;
40.99162;0.460652;124;0;5;1063;466;138.72;34.41;;;
40.991524;0.460451;126;0;5;1064;465;138.74;34.39;;;
40.991369;0.460358;127;0;5;1066;463;138.76;34.37;;;
40.991194;0.460303;128;0;5;1066;463;138.78;34.35;;;
40.990878;0.460086;130;0;5;1068;461;138.82;34.31;;;
40.990728;0.459955;131;0;5;1069;460;138.84;34.29;;;
40.990427;0.459694;132;0;4;1071;458;138.88;34.25;;;
40.990276;0.459564;133;0;4;1072;457;138.9;34.23;;;
40.989989;0.459283;135;0;4;1074;455;138.94;34.19;;;
40.989875;0.459099;136;0;4;1075;454;138.96;34.17;;;
40.989649;0.458728;137;0;4;1076;453;139;34.13;;;
40.989422;0.458358;138;0;3;1077;452;139.04;34.09;;;
40.989309;0.458173;139;0;3;1078;451;139.06;34.07;;;
40.989082;0.457803;140;0;3;1079;450;139.1;34.03;;;
40.988969;0.457618;141;0;3;1080;449;139.12;34.01;;;
40.988742;0.457248;142;0;3;1081;448;139.16;33.97;;;
40.988629;0.457062;143;0;3;1082;447;139.18;33.95;;;
40.988402;0.456693;144;0;3;1083;446;139.22;33.91;;;
40.988289;0.456507;145;0;3;1084;445;139.24;33.89;;;
40.988176;0.456323;145;0;3;1084;445;139.26;33.87;;;
40.988062;0.456138;146;0;3;1085;444;139.28;33.85;;;
40.987836;0.455768;147;0;3;1086;443;139.32;33.81;;;
40.987722;0.455583;147;0;3;1086;443;139.34;33.79;;;
40.987496;0.455212;148;0;3;1087;442;139.38;33.75;;;
40.987383;0.455027;149;0;3;1088;441;139.4;33.73;;;
40.987151;0.454664;150;0;3;1089;440;139.44;33.69;;;
40.986996;0.454547;151;0;3;1089;440;139.46;33.67;;;
40.986645;0.454609;152;0;3;1091;438;139.5;33.63;;;
40.986305;0.454598;153;0;2;1092;437;139.54;33.59;;;
40.986161;0.454457;153;0;2;1092;437;139.56;33.57;;;
40.985915;0.454109;154;0;2;1093;436;139.6;33.53;;;
40.985831;0.453899;154;0;2;1093;436;139.62;33.51;;;
40.985604;0.453532;155;0;2;1094;435;139.66;33.47;;;
40.985483;0.453356;156;0;2;1094;435;139.68;33.45;;;
40.985241;0.453003;156;0;2;1095;434;139.72;33.41;;;
40.985118;0.452831;157;0;2;1096;433;139.74;33.39;;;
40.984962;0.452712;157;0;2;1096;433;139.76;33.37;;;
40.984792;0.452643;158;0;2;1097;432;139.78;33.35;;;
40.98444;0.452542;159;0;2;1098;431;139.82;33.31;;;
40.984264;0.452493;159;0;2;1098;431;139.84;33.29;;;
40.983933;0.452329;160;0;2;1099;430;139.88;33.25;;;
40.983792;0.452182;161;0;2;1100;429;139.9;33.23;;;
40.98352;0.451871;162;0;2;1101;428;139.94;33.19;;;
40.983388;0.451709;162;0;3;1101;428;139.96;33.17;;;
40.983139;0.451365;163;0;3;1102;427;140;33.13;;;
40.982944;0.450974;164;0;3;1103;426;140.04;33.09;;;
40.982916;0.450741;165;0;3;1104;425;140.06;33.07;;;
40.982958;0.450278;167;0;4;1106;423;140.1;33.03;;;
40.983071;0.450093;167;0;4;1106;423;140.12;33.01;;;
40.983242;0.449694;170;0;4;1108;421;140.16;32.97;;;
40.983206;0.449461;170;0;4;1109;420;140.18;32.95;;;
40.983029;0.449048;171;0;5;1110;419;140.22;32.91;;;
40.982936;0.448844;172;0;5;1111;418;140.24;32.89;;;
40.982791;0.448713;173;0;5;1112;417;140.26;32.87;;;
40.982617;0.448721;175;0;5;1114;415;140.28;32.85;;;
40.982387;0.449078;177;0;5;1116;413;140.32;32.81;;;
40.982293;0.449281;177;0;5;1116;413;140.34;32.79;;;
40.98209;0.449673;179;0;5;1118;411;140.38;32.75;;;
40.98195;0.449818;180;0;6;1119;410;140.4;32.73;;;
40.981605;0.449886;183;0;6;1122;407;140.44;32.69;;;
40.981432;0.449819;185;0;6;1123;406;140.46;32.67;;;
40.981094;0.449657;187;0;6;1126;403;140.5;32.63;;;
40.980771;0.449452;189;0;5;1128;401;140.54;32.59;;;
40.980627;0.44931;190;0;5;1129;400;140.56;32.57;;;
40.980338;0.449026;192;0;5;1131;398;140.6;32.53;;;
40.980194;0.448884;193;0;6;1132;397;140.62;32.51;;;
40.979904;0.448601;195;0;5;1134;395;140.66;32.47;;;
40.97976;0.448459;196;0;5;1135;394;140.68;32.45;;;
40.979543;0.448085;199;0;5;1138;391;140.72;32.41;;;
40.979458;0.447875;199;0;5;1138;391;140.74;32.39;;;
40.979373;0.447666;200;0;5;1139;390;140.76;32.37;;;
40.979288;0.447456;201;0;5;1140;389;140.78;32.35;;;
40.979117;0.447036;203;0;5;1142;387;140.82;32.31;;;
40.979032;0.446826;204;0;6;1143;386;140.84;32.29;;;
40.97873;0.446576;207;0;6;1146;383;140.88;32.25;;;
40.978553;0.446541;208;0;6;1147;382;140.9;32.23;;;
40.978211;0.446675;211;0;6;1150;379;140.94;32.19;;;
40.978077;0.446828;212;0;6;1151;378;140.96;32.17;;;
40.97783;0.447175;214;0;5;1153;376;141;32.13;;;
40.977612;0.447551;216;0;5;1155;374;141.04;32.09;;;
40.97745;0.447648;217;0;5;1156;373;141.06;32.07;;;
40.977102;0.447557;219;0;4;1158;371;141.1;32.03;;;
40.97695;0.447434;220;0;4;1159;370;141.12;32.01;;;
40.976679;0.447122;221;0;4;1160;369;141.16;31.97;;;
40.976555;0.44695;222;0;4;1161;368;141.18;31.95;;;
40.976354;0.446556;224;0;4;1163;366;141.22;31.91;;;
40.976257;0.446356;224;0;3;1163;366;141.24;31.89;;;
40.976096;0.446259;225;0;3;1164;365;141.26;31.87;;;
40.975921;0.446283;226;0;3;1165;364;141.28;31.85;;;
40.975615;0.446517;226;0;2;1165;364;141.32;31.81;;;
40.975437;0.446493;227;0;1;1166;363;141.34;31.79;;;
40.975104;0.446314;227;0;0;1166;363;141.38;31.75;;;
40.974946;0.446201;227;0;0;1166;363;141.4;31.73;;;
40.974618;0.446013;227;0;-1;1166;363;141.44;31.69;;;
40.974444;0.445952;227;0;-2;1166;363;141.46;31.67;;;
40.974098;0.445825;226;0;-2;1166;363;141.5;31.63;;;
40.973747;0.445719;225;0;-2;1166;363;141.54;31.59;;;
40.973572;0.445666;224;0;-2;1166;363;141.56;31.57;;;
40.973221;0.445561;224;0;-3;1166;363;141.6;31.53;;;
40.973046;0.445509;223;0;-3;1166;363;141.62;31.51;;;
40.972695;0.445404;222;0;-3;1166;363;141.66;31.47;;;
40.972516;0.445417;221;0;-3;1166;363;141.68;31.45;;;
40.972163;0.445493;219;0;-3;1166;363;141.72;31.41;;;
40.972014;0.445625;219;0;-3;1166;363;141.74;31.39;;;
40.971875;0.445774;218;0;-3;1166;363;141.76;31.37;;;
40.971756;0.445952;218;0;-4;1166;363;141.78;31.35;;;
40.971516;0.446308;216;0;-4;1166;363;141.82;31.31;;;
40.971378;0.446459;216;0;-5;1166;363;141.84;31.29;;;
40.971038;0.446597;213;0;-5;1166;363;141.88;31.25;;;
40.970862;0.446559;212;0;-5;1166;363;141.9;31.23;;;
40.970549;0.446334;210;0;-5;1166;363;141.94;31.19;;;
40.970412;0.44618;209;0;-5;1166;363;141.96;31.17;;;
40.970118;0.445911;207;0;-5;1166;363;142;31.13;;;
40.96977;0.445799;205;0;-4;1166;363;142.04;31.09;;;
40.969591;0.445791;204;0;-4;1166;363;142.06;31.07;;;
40.969231;0.445797;202;0;-4;1166;363;142.1;31.03;;;
40.969051;0.4458;202;0;-3;1166;363;142.12;31.01;;;
40.968692;0.445806;200;0;-4;1166;363;142.16;30.97;;;
40.968512;0.445808;200;0;-4;1166;363;142.18;30.95;;;
40.968152;0.445801;198;0;-4;1166;363;142.22;30.91;;;
40.967972;0.445796;197;0;-4;1166;363;142.24;30.89;;;
40.967792;0.445791;197;0;-4;1166;363;142.26;30.87;;;
40.967613;0.445776;196;0;-4;1166;363;142.28;30.85;;;
40.967255;0.445728;194;0;-4;1166;363;142.32;30.81;;;
40.967078;0.445688;193;0;-4;1166;363;142.34;30.79;;;
40.966732;0.44556;191;0;-4;1166;363;142.38;30.75;;;
40.966559;0.445492;191;0;-4;1166;363;142.4;30.73;;;
40.966214;0.445359;189;0;-4;1166;363;142.44;30.69;;;
40.966039;0.445307;189;0;-4;1166;363;142.46;30.67;;;
40.965681;0.445288;187;0;-4;1166;363;142.5;30.63;;;
40.965338;0.445423;185;0;-5;1166;363;142.54;30.59;;;
40.965186;0.445547;184;0;-5;1166;363;142.56;30.57;;;
40.964917;0.44586;182;0;-5;1166;363;142.6;30.53;;;
40.964818;0.446058;181;0;-5;1166;363;142.62;30.51;;;
40.96466;0.446486;179;0;-4;1166;363;142.66;30.47;;;
40.96458;0.446699;179;0;-4;1166;363;142.68;30.45;;;
40.964385;0.447098;177;0;-4;1166;363;142.72;30.41;;;
40.964268;0.44728;177;0;-4;1166;363;142.74;30.39;;;
40.964136;0.447441;176;0;-4;1166;363;142.76;30.37;;;
40.963995;0.447588;175;0;-4;1166;363;142.78;30.35;;;
40.963676;0.447801;173;0;-4;1166;363;142.82;30.31;;;
40.963505;0.447876;173;0;-4;1166;363;142.84;30.29;;;
40.963151;0.447959;171;0;-3;1166;363;142.88;30.25;;;
40.962972;0.447977;171;0;-3;1166;363;142.9;30.23;;;
40.962613;0.448013;169;0;-3;1166;363;142.94;30.19;;;
40.962434;0.448031;169;0;-3;1166;363;142.96;30.17;;;
40.962075;0.448053;167;0;-3;1166;363;143;30.13;;;
40.961721;0.447979;166;0;-4;1166;363;143.04;30.09;;;
40.961554;0.447894;165;0;-4;1166;363;143.06;30.07;;;
40.961251;0.447641;164;0;-4;1166;363;143.1;30.03;;;
40.96112;0.447477;163;0;-4;1166;363;143.12;30.01;;;
40.96086;0.447148;161;0;-4;1166;363;143.16;29.97;;;
40.96073;0.446983;160;0;-4;1166;363;143.18;29.95;;;
40.960469;0.446655;159;0;-4;1166;363;143.22;29.91;;;
40.960339;0.446491;158;0;-4;1166;363;143.24;29.89;;;
40.960209;0.446326;157;0;-4;1166;363;143.26;29.87;;;
40.960079;0.446162;156;0;-4;1166;363;143.28;29.85;;;
40.959818;0.445834;154;0;-5;1166;363;143.32;29.81;;;
40.959683;0.445677;154;0;-5;1166;363;143.34;29.79;;;
40.959392;0.445398;152;0;-5;1166;363;143.38;29.75;;;
40.959239;0.445275;150;0;-5;1166;363;143.4;29.73;;;
40.958902;0.445109;148;0;-5;1166;363;143.44;29.69;;;
40.958726;0.445061;147;0;-5;1166;363;143.46;29.67;;;
40.958368;0.445038;146;0;-5;1166;363;143.5;29.63;;;
40.958012;0.445099;144;0;-5;1166;363;143.54;29.59;;;
40.957836;0.445149;143;0;-5;1166;363;143.56;29.57;;;
40.957484;0.445246;141;0;-5;1166;363;143.6;29.53;;;
40.957308;0.445295;140;0;-5;1166;363;143.62;29.51;;;
40.956956;0.445393;138;0;-5;1166;363;143.66;29.47;;;
40.95678;0.445443;137;0;-5;1166;363;143.68;29.45;;;
40.956435;0.445576;135;0;-5;1166;363;143.72;29.41;;;
40.956266;0.445656;134;0;-5;1166;363;143.74;29.39;;;
40.9561;0.445749;133;0;-5;1166;363;143.76;29.37;;;
40.955934;0.445841;132;0;-5;1166;363;143.78;29.35;;;
40.955597;0.446007;130;0;-4;1166;363;143.82;29.31;;;
40.955421;0.446049;130;0;-4;1166;363;143.84;29.29;;;
40.955063;0.446085;128;0;-4;1166;363;143.88;29.25;;;
40.954883;0.446103;127;0;-4;1166;363;143.9;29.23;;;
40.954525;0.446146;126;0;-3;1166;363;143.94;29.19;;;
40.954347;0.446178;125;0;-3;1166;363;143.96;29.17;;;
40.954003;0.446315;124;0;-3;1166;363;144;29.13;;;
40.953691;0.446548;123;0;-2;1166;363;144.04;29.09;;;
40.953548;0.446693;122;0;-2;1166;363;144.06;29.07;;;
40.953262;0.446981;121;0;-1;1166;363;144.1;29.03;;;
40.953119;0.447125;121;0;-1;1166;363;144.12;29.01;;;
40.952833;0.447414;121;0;0;1166;363;144.16;28.97;;;
40.95269;0.447558;121;0;0;1166;363;144.18;28.95;;;
40.952433;0.447891;121;0;1;1167;362;144.22;28.91;;;
40.952329;0.448085;121;0;1;1167;362;144.24;28.89;;;
40.952225;0.44828;121;0;1;1167;362;144.26;28.87;;;
40.95214;0.448489;122;0;1;1167;362;144.28;28.85;;;
40.952005;0.44893;122;0;2;1167;362;144.32;28.81;;;
40.951941;0.449152;123;0;2;1168;361;144.34;28.79;;;
40.951813;0.449597;124;0;3;1169;360;144.38;28.75;;;
40.951749;0.44982;124;0;3;1170;359;144.4;28.73;;;
40.951613;0.45026;125;0;4;1171;358;144.44;28.69;;;
40.951527;0.450469;126;0;4;1171;358;144.46;28.67;;;
40.951348;0.450882;128;0;4;1173;356;144.5;28.63;;;
40.951161;0.451289;130;0;4;1175;354;144.54;28.59;;;
40.951068;0.451493;131;0;5;1176;353;144.56;28.57;;;
40.950955;0.451942;132;0;7;1177;352;144.6;28.53;;;
40.950929;0.452178;133;0;7;1178;351;144.62;28.51;;;
40.950713;0.452386;138;0;9;1183;346;144.66;28.47;;;
40.95054;0.452335;140;0;9;1185;344;144.68;28.45;;;
40.95022;0.452129;144;0;9;1189;340;144.72;28.41;;;
40.950066;0.452234;147;0;9;1193;336;144.74;28.39;;;
40.949932;0.452393;148;0;9;1194;335;144.76;28.37;;;
40.949761;0.452443;151;0;9;1196;333;144.78;28.35;;;
40.949405;0.45245;153;0;7;1199;330;144.82;28.31;;;
40.949229;0.45248;155;0;9;1200;329;144.84;28.29;;;
40.948876;0.452399;157;0;9;1203;326;144.88;28.25;;;
40.948697;0.452394;159;0;9;1205;324;144.9;28.23;33;;
40.94843;0.452101;166;0;9;1212;317;144.94;28.19;;;
40.948319;0.451914;168;0;9;1213;316;144.96;28.17;;;
40.948157;0.451494;171;0;9;1217;312;145;28.13;;;
40.947894;0.451181;176;0;9;1221;308;145.04;28.09;;;
40.947732;0.451077;177;0;9;1222;307;145.06;28.07;;;
40.947893;0.450869;184;0;9;1230;299;145.1;28.03;;;
40.948073;0.450869;186;0;9;1231;298;145.12;28.01;;;
40.948423;0.450837;189;0;9;1235;294;145.16;27.97;;;
40.948571;0.450971;191;0;9;1236;293;145.18;27.95;;;
40.94876;0.45067;196;0;9;1242;287;145.22;27.91;;;
40.948809;0.450441;198;0;9;1243;286;145.24;27.89;;;
40.948787;0.450208;200;0;9;1245;284;145.26;27.87;;;
40.948729;0.449984;202;0;9;1247;282;145.28;27.85;;;
40.948954;0.449683;208;0;9;1253;276;145.32;27.81;;;
40.94913;0.449695;210;0;9;1255;274;145.34;27.79;;;
40.949177;0.449241;213;0;8;1259;270;145.38;27.75;;;
40.949269;0.449037;214;0;7;1260;269;145.4;27.73;;;
40.949402;0.448599;217;0;6;1262;267;145.44;27.69;;;
40.949495;0.448396;218;0;6;1263;266;145.46;27.67;;;
40.949531;0.44793;220;0;6;1265;264;145.5;27.63;;;
40.949661;0.447505;223;0;8;1268;261;145.54;27.59;;;
40.949739;0.447292;224;0;8;1270;259;145.56;27.57;;;
40.949731;0.446817;227;0;8;1273;256;145.6;27.53;;;
40.949837;0.446651;231;0;8;1276;253;145.62;27.51;;;
40.950194;0.446619;233;0;9;1278;251;145.66;27.47;;;
40.950371;0.446662;235;0;9;1280;249;145.68;27.45;;;
40.950717;0.44677;238;0;8;1283;246;145.72;27.41;;;
40.95083;0.446589;240;0;8;1285;244;145.74;27.39;;;
40.950922;0.446385;242;0;8;1287;242;145.76;27.37;;;
40.951059;0.446233;243;0;8;1289;240;145.78;27.35;;;
40.951309;0.445907;246;0;7;1291;238;145.82;27.31;;;
40.951389;0.445694;246;0;6;1292;237;145.84;27.29;;;
40.951486;0.445264;249;0;6;1295;234;145.88;27.25;;;
40.951431;0.445037;250;0;8;1296;233;145.9;27.23;;;
40.951376;0.444568;252;0;8;1298;231;145.94;27.19;;;
40.951297;0.444357;255;0;8;1300;229;145.96;27.17;;;
40.950972;0.444171;260;0;8;1305;224;146;27.13;;;
40.950647;0.443975;262;0;7;1308;221;146.04;27.09;;;
40.950493;0.443853;263;0;6;1309;220;146.06;27.07;;;
40.950192;0.443592;266;0;7;1311;218;146.1;27.03;;;
40.950044;0.443457;267;0;7;1312;217;146.12;27.01;;;
40.949829;0.443105;271;0;7;1316;213;146.16;26.97;;;
40.949819;0.442868;272;0;8;1317;212;146.18;26.95;;;
40.949745;0.442403;274;0;9;1319;210;146.22;26.91;;;
40.949708;0.442173;276;0;8;1321;208;146.24;26.89;;;
40.949552;0.442074;279;0;9;1324;205;146.26;26.87;;;
40.949373;0.44207;281;0;9;1326;203;146.28;26.85;;;
40.94902;0.442082;284;0;9;1330;199;146.32;26.81;;;
40.948854;0.441989;286;0;8;1331;198;146.34;26.79;;;
40.948515;0.441835;289;0;7;1334;195;146.38;26.75;;;
40.948365;0.441705;290;0;6;1336;193;146.4;26.73;;;
40.948059;0.441457;292;0;6;1338;191;146.44;26.69;;;
40.947927;0.441296;294;0;5;1339;190;146.46;26.67;;;
40.947691;0.440937;295;0;5;1341;188;146.5;26.63;;;
40.947411;0.440643;297;0;4;1342;187;146.54;26.59;;;
40.947241;0.440576;298;0;4;1343;186;146.56;26.57;;;
40.946916;0.440399;299;0;4;1345;184;146.6;26.53;;;
40.946768;0.440264;300;0;3;1345;184;146.62;26.51;;;
40.946529;0.439928;301;0;3;1347;182;146.66;26.47;;;
40.946446;0.439716;302;0;3;1347;182;146.68;26.45;;;
40.946268;0.439303;303;0;3;1348;181;146.72;26.41;;;
40.946166;0.439108;303;0;3;1349;180;146.74;26.39;;;
40.946047;0.438932;304;0;3;1349;180;146.76;26.37;;;
40.945911;0.438775;305;0;3;1350;179;146.78;26.35;;;
40.945687;0.438412;306;0;3;1351;178;146.82;26.31;;;
40.945686;0.438181;307;0;3;1352;177;146.84;26.29;;;
40.946023;0.438065;308;0;4;1353;176;146.88;26.25;;;
40.946196;0.438014;309;0;4;1354;175;146.9;26.23;;;
40.94634;0.437641;311;0;3;1356;173;146.94;26.19;;;
40.946212;0.43748;311;0;3;1357;172;146.96;26.17;;;
40.945928;0.437192;312;0;3;1358;171;147;26.13;;;
40.945738;0.436794;313;0;3;1359;170;147.04;26.09;;;
40.94568;0.436569;314;0;4;1359;170;147.06;26.07;;;
40.945732;0.436127;315;0;4;1361;168;147.1;26.03;;;
40.945831;0.43593;316;0;5;1362;167;147.12;26.01;;;
40.945729;0.435519;319;0;5;1364;165;147.16;25.97;;;
40.945573;0.435406;320;0;5;1365;164;147.18;25.95;;;
40.945378;0.435046;322;0;6;1368;161;147.22;25.91;;;
40.945368;0.434809;323;0;6;1368;161;147.24;25.89;;;
40.945359;0.434571;324;0;6;1369;160;147.26;25.87;;;
40.945349;0.434333;325;0;6;1370;159;147.28;25.85;;;
40.945564;0.433977;328;0;8;1374;155;147.32;25.81;;;
40.945694;0.433814;329;0;8;1375;154;147.34;25.79;;;
40.945818;0.433387;333;0;8;1378;151;147.38;25.75;;;
40.945756;0.433168;335;0;9;1381;148;147.4;25.73;;;
40.945521;0.432812;338;0;8;1384;145;147.44;25.69;;;
40.945376;0.432671;340;0;8;1386;143;147.46;25.67;;;
40.945101;0.432365;343;0;7;1388;141;147.5;25.63;;;
40.944834;0.432046;345;0;7;1391;138;147.54;25.59;;;
40.944701;0.431886;347;0;7;1392;137;147.56;25.57;;;
40.944474;0.431529;349;0;8;1395;134;147.6;25.53;;;
40.944443;0.431297;351;0;9;1397;132;147.62;25.51;;;
40.944463;0.43083;355;0;9;1400;129;147.66;25.47;;;
40.944502;0.430604;357;0;9;1402;127;147.68;25.45;;;
40.944241;0.430301;362;0;9;1407;122;147.72;25.41;;;
40.944071;0.430223;364;0;9;1410;119;147.74;25.39;;;
40.943892;0.430204;366;0;9;1411;118;147.76;25.37;;;
40.943715;0.430232;368;0;8;1413;116;147.78;25.35;;;
40.943368;0.430356;370;0;6;1415;114;147.82;25.31;;;
40.943194;0.430419;371;0;6;1416;113;147.84;25.29;;;
40.942837;0.430453;373;0;6;1418;111;147.88;25.25;;;
40.942657;0.430456;374;0;6;1420;109;147.9;25.23;;;
40.942298;0.430433;377;0;6;1422;107;147.94;25.19;;;
40.942121;0.430465;378;0;7;1423;106;147.96;25.17;;;
40.941793;0.430659;380;0;6;1425;104;148;25.13;;;
40.941686;0.430493;384;0;5;1429;100;148.04;25.09;;;
40.941816;0.430328;384;0;4;1430;99;148.06;25.07;;;
40.942091;0.430031;386;0;2;1431;98;148.1;25.03;;;
40.942253;0.429929;386;0;2;1431;98;148.12;25.01;;;
40.942593;0.429773;386;0;1;1432;97;148.16;24.97;;;
40.942763;0.429696;386;0;0;1432;97;148.18;24.95;;;
40.94309;0.429508;386;0;-1;1432;97;148.22;24.91;;;
40.943206;0.429327;386;0;-1;1432;97;148.24;24.89;;;
40.943317;0.429139;386;0;-2;1432;97;148.26;24.87;;;
40.943237;0.42896;385;0;-2;1432;97;148.28;24.85;;;
40.942937;0.428696;384;0;-3;1432;97;148.32;24.81;;;
40.942788;0.428564;384;0;-3;1432;97;148.34;24.79;;;
40.942488;0.428301;383;0;-5;1432;97;148.38;24.75;;;
40.942338;0.428169;382;0;-5;1432;97;148.4;24.73;34;summit;3
40.942084;0.42785;379;0;-6;1432;97;148.44;24.69;;;
40.942065;0.427614;377;0;-7;1432;97;148.46;24.67;;;
40.941947;0.42719;375;0;-7;1432;97;148.5;24.63;;;
40.941685;0.426871;372;0;-7;1432;97;148.54;24.59;;;
40.941641;0.42664;370;0;-6;1432;97;148.56;24.57;;;
40.941542;0.426183;368;0;-6;1432;97;148.6;24.53;;;
40.94145;0.42598;367;0;-6;1432;97;148.62;24.51;;;
40.941232;0.425603;365;0;-7;1432;97;148.66;24.47;;;
40.941103;0.425439;363;0;-7;1432;97;148.68;24.45;;;
40.940779;0.425232;360;0;-8;1432;97;148.72;24.41;;;
40.940606;0.425172;358;0;-8;1432;97;148.74;24.39;;;
40.940428;0.425144;357;0;-7;1432;97;148.76;24.37;;;
40.940252;0.425105;355;0;-7;1432;97;148.78;24.35;;;
40.939946;0.424854;353;0;-6;1432;97;148.82;24.31;;;
40.939793;0.424729;352;0;-7;1432;97;148.84;24.29;;;
40.939479;0.424505;350;0;-7;1432;97;148.88;24.25;;;
40.939304;0.424445;348;0;-8;1432;97;148.9;24.23;;;
40.938965;0.424287;344;0;-8;1432;97;148.94;24.19;;;
40.938814;0.424161;342;0;-8;1432;97;148.96;24.17;;;
40.938546;0.423844;339;0;-7;1432;97;149;24.13;;;
40.938264;0.423551;337;0;-7;1432;97;149.04;24.09;;;
40.938114;0.423419;335;0;-7;1432;97;149.06;24.07;;;
40.937843;0.423108;332;0;-7;1432;97;149.1;24.03;;;
40.937708;0.42295;331;0;-7;1432;97;149.12;24.01;;;
40.937404;0.422696;328;0;-7;1432;97;149.16;23.97;;;
40.937269;0.422541;327;0;-7;1432;97;149.18;23.95;;;
40.937046;0.422169;325;0;-7;1432;97;149.22;23.91;;;
40.936946;0.421972;323;0;-7;1432;97;149.24;23.89;;;
40.936844;0.421775;322;0;-7;1432;97;149.26;23.87;;;
40.936731;0.421594;320;0;-7;1432;97;149.28;23.85;;;
40.936439;0.421316;317;0;-7;1432;97;149.32;23.81;;;
40.93631;0.42115;316;0;-7;1432;97;149.34;23.79;;;
40.93606;0.420809;313;0;-8;1432;97;149.38;23.75;;;
40.93597;0.420605;312;0;-9;1432;97;149.4;23.73;;;
40.93579;0.420215;308;0;-8;1432;97;149.44;23.69;;;
40.935619;0.420139;306;0;-8;1432;97;149.46;23.67;;;
40.935355;0.419822;303;0;-8;1432;97;149.5;23.63;;;
40.935102;0.419483;301;0;-7;1432;97;149.54;23.59;;;
40.934957;0.419342;300;0;-7;1432;97;149.56;23.57;;;
40.934686;0.419034;296;0;-8;1432;97;149.6;23.53;;;
40.934587;0.418835;295;0;-8;1432;97;149.62;23.51;;;
40.934356;0.41847;292;0;-8;1432;97;149.66;23.47;;;
40.9342;0.418361;289;0;-8;1432;97;149.68;23.45;;;
40.933865;0.418186;286;0;-7;1432;97;149.72;23.41;;;
40.933722;0.418043;285;0;-6;1432;97;149.74;23.39;;;
40.933582;0.417894;284;0;-6;1432;97;149.76;23.37;;;
40.933433;0.417761;283;0;-6;1432;97;149.78;23.35;;;
40.933097;0.417596;281;0;-5;1432;97;149.82;23.31;;;
40.932927;0.417518;280;0;-5;1432;97;149.84;23.29;;;
40.93266;0.417211;277;0;-5;1432;97;149.88;23.25;;;
40.932541;0.417032;276;0;-5;1432;97;149.9;23.23;;;
40.932351;0.416628;274;0;-5;1432;97;149.94;23.19;;;
40.932268;0.416418;273;0;-5;1432;97;149.96;23.17;;;
40.932111;0.415991;271;0;-5;1432;97;150;23.13;;;
40.931863;0.415656;270;0;-5;1432;97;150.04;23.09;;;
40.931706;0.41554;269;0;-4;1432;97;150.06;23.07;;;
40.931392;0.415308;267;0;-5;1432;97;150.1;23.03;;;
40.931224;0.415222;266;0;-5;1432;97;150.12;23.01;;;
40.930952;0.414927;264;0;-6;1432;97;150.16;22.97;;;
40.930843;0.414738;263;0;-6;1432;97;150.18;22.95;;;
40.930762;0.414288;260;0;-5;1432;97;150.22;22.91;;;
40.930631;0.414126;259;0;-5;1432;97;150.24;22.89;;;
40.930497;0.413967;258;0;-5;1432;97;150.26;22.87;;;
40.930382;0.413784;257;0;-4;1432;97;150.28;22.85;;;
40.930158;0.413412;256;0;-3;1432;97;150.32;22.81;;;
40.930087;0.413195;255;0;-3;1432;97;150.34;22.79;;;
40.929964;0.412747;254;0;-3;1432;97;150.38;22.75;;;
40.929902;0.412524;254;0;-2;1432;97;150.4;22.73;;;
40.929785;0.412074;253;0;-2;1432;97;150.44;22.69;;;
40.929732;0.411846;253;0;-2;1432;97;150.46;22.67;;;
40.929608;0.4114;252;0;-2;1432;97;150.5;22.63;;;
40.929383;0.411035;251;0;-2;1432;97;150.54;22.59;;;
40.929287;0.410833;250;0;-2;1432;97;150.56;22.57;;;
40.929157;0.41039;250;0;-2;1432;97;150.6;22.53;;;
40.929116;0.41016;249;0;-2;1432;97;150.62;22.51;;;
40.929096;0.409684;249;0;-2;1432;97;150.66;22.47;;;
40.929072;0.409451;249;0;-2;1432;97;150.68;22.45;;;
40.928878;0.409053;248;0;-2;1432;97;150.72;22.41;;;
40.928812;0.408835;247;0;-2;1432;97;150.74;22.39;;;
40.928781;0.408601;247;0;-2;1432;97;150.76;22.37;;;
40.928744;0.408371;247;0;-1;1432;97;150.78;22.35;;;
40.928684;0.407937;246;0;-1;1432;97;150.82;22.31;;;
40.928516;0.407853;246;0;-1;1432;97;150.84;22.29;;;
40.928179;0.407684;246;0;-1;1432;97;150.88;22.25;;;
40.928003;0.407649;245;0;-1;1432;97;150.9;22.23;;;
40.927648;0.407604;245;0;-1;1432;97;150.94;22.19;;;
40.927476;0.407536;245;0;-1;1432;97;150.96;22.17;;;
40.927199;0.407241;244;0;-1;1432;97;151;22.13;;;
40.926947;0.406901;244;0;-1;1432;97;151.04;22.09;;;
40.92682;0.406731;244;0;-1;1432;97;151.06;22.07;;;
40.926568;0.406392;244;0;-1;1432;97;151.1;22.03;;;
40.926442;0.406223;243;0;-1;1432;97;151.12;22.01;;;
40.92615;0.40595;243;0;-1;1432;97;151.16;21.97;;;
40.925977;0.405886;243;0;-2;1432;97;151.18;21.95;;;
40.925749;0.405554;242;0;-2;1432;97;151.22;21.91;;;
40.925644;0.405385;241;0;-2;1432;97;151.24;21.89;;;
40.925602;0.405528;241;0;-2;1432;97;151.26;21.87;;;
40.925711;0.40571;240;0;-2;1432;97;151.28;21.85;;;
40.9259;0.406114;240;0;-2;1432;97;151.32;21.81;;;
40.925983;0.406322;240;0;-1;1432;97;151.34;21.79;;;
40.926045;0.406791;239;0;-1;1432;97;151.38;21.75;;;
40.926087;0.407022;239;0;-2;1432;97;151.4;21.73;35;;
40.926202;0.407472;238;0;-2;1432;97;151.44;21.69;;;
40.9263;0.40767;238;0;-2;1432;97;151.46;21.67;;;
40.926531;0.408036;237;0;-2;1432;97;151.5;21.63;;;
40.926685;0.408463;236;0;-2;1432;97;151.54;21.59;;;
40.926724;0.408695;236;0;-2;1432;97;151.56;21.57;;;
40.926795;0.409162;235;0;-2;1432;97;151.6;21.53;;;
40.92684;0.409392;235;0;-2;1432;97;151.62;21.51;;;
40.926881;0.409861;234;0;-2;1432;97;151.66;21.47;;;
40.926824;0.410085;234;0;-2;1432;97;151.68;21.45;;;
40.926563;0.410403;233;0;-2;1432;97;151.72;21.41;;;
40.926411;0.410532;233;0;-2;1432;97;151.74;21.39;;;
40.92625;0.410636;232;0;-3;1432;97;151.76;21.37;;;
40.926088;0.41074;232;0;-3;1432;97;151.78;21.35;;;
40.925827;0.411063;230;0;-3;1432;97;151.82;21.31;;;
40.925758;0.411277;230;0;-3;1432;97;151.84;21.29;;;
40.925749;0.411752;229;0;-4;1432;97;151.88;21.25;;;
40.925721;0.411987;228;0;-4;1432;97;151.9;21.23;;;
40.925553;0.412392;226;0;-4;1432;97;151.94;21.19;;;
40.925427;0.412562;225;0;-4;1432;97;151.96;21.17;;;
40.92523;0.41296;224;0;-4;1432;97;152;21.13;;;
40.925077;0.413389;223;0;-4;1432;97;152.04;21.09;;;
40.925035;0.413619;222;0;-4;1432;97;152.06;21.07;;;
40.925016;0.41409;220;0;-4;1432;97;152.1;21.03;;;
40.925046;0.414325;219;0;-5;1432;97;152.12;21.01;;;
40.925105;0.414794;217;0;-5;1432;97;152.16;20.97;;;
40.925135;0.415029;216;0;-5;1432;97;152.18;20.95;;;
40.925195;0.415498;214;0;-5;1432;97;152.22;20.91;;;
40.925221;0.415734;213;0;-5;1432;97;152.24;20.89;;;
40.925232;0.415971;212;0;-5;1432;97;152.26;20.87;;;
40.925232;0.416209;211;0;-5;1432;97;152.28;20.85;;;
40.92515;0.416671;209;0;-6;1432;97;152.32;20.81;;;
40.925139;0.416907;208;0;-5;1432;97;152.34;20.79;;;
40.925073;0.417364;206;0;-5;1432;97;152.38;20.75;;;
40.924983;0.41757;205;0;-6;1432;97;152.4;20.73;;;
40.924773;0.417956;202;0;-6;1432;97;152.44;20.69;;;
40.924675;0.418154;201;0;-6;1432;97;152.46;20.67;;;
40.924607;0.418617;198;0;-6;1432;97;152.5;20.63;;;
40.924619;0.419092;196;0;-6;1432;97;152.54;20.59;;;
40.924631;0.419329;195;0;-5;1432;97;152.56;20.57;;;
40.924658;0.419804;193;0;-4;1432;97;152.6;20.53;;;
40.924668;0.420042;192;0;-4;1432;97;152.62;20.51;;;
40.924657;0.420517;191;0;-5;1432;97;152.66;20.47;;;
40.924651;0.420755;190;0;-5;1432;97;152.68;20.45;;;
40.924667;0.421231;188;0;-4;1432;97;152.72;20.41;;;
40.924724;0.421454;187;0;-4;1432;97;152.74;20.39;;;
40.924792;0.421674;186;0;-4;1432;97;152.76;20.37;;;
40.924861;0.421895;185;0;-4;1432;97;152.78;20.35;;;
40.924914;0.422359;184;0;-4;1432;97;152.82;20.31;;;
40.924887;0.422594;183;0;-4;1432;97;152.84;20.29;;;
40.924849;0.423067;181;0;-4;1432;97;152.88;20.25;;;
40.924849;0.423305;180;0;-4;1432;97;152.9;20.23;;;
40.92485;0.423781;179;0;-4;1432;97;152.94;20.19;;;
40.924879;0.424016;178;0;-4;1432;97;152.96;20.17;;;
40.925003;0.424461;176;0;-4;1432;97;153;20.13;;;
40.92501;0.424926;174;0;-3;1432;97;153.04;20.09;;;
40.924978;0.42516;174;0;-3;1432;97;153.06;20.07;;;
40.924959;0.425635;173;0;-3;1432;97;153.1;20.03;;;
40.924964;0.425872;172;0;-3;1432;97;153.12;20.01;;;
40.925013;0.426341;171;0;-3;1432;97;153.16;19.97;;;
40.924958;0.426566;170;0;-3;1432;97;153.18;19.95;;;
40.924822;0.427007;169;0;-2;1432;97;153.22;19.91;;;
40.924754;0.427227;169;0;-2;1432;97;153.24;19.89;;;
40.924676;0.427441;169;0;-2;1432;97;153.26;19.87;;;
40.924592;0.427652;168;0;-2;1432;97;153.28;19.85;;;
40.924424;0.428072;167;0;-2;1432;97;153.32;19.81;;;
40.924378;0.428298;167;0;-2;1432;97;153.34;19.79;;;
40.92434;0.428772;166;0;-2;1432;97;153.38;19.75;;;
40.92432;0.429008;166;0;-2;1432;97;153.4;19.73;;;
40.92425;0.429475;165;0;-3;1432;97;153.44;19.69;;;
40.924193;0.429701;164;0;-3;1432;97;153.46;19.67;;;
40.924078;0.430152;163;0;-2;1432;97;153.5;19.63;;;
40.923931;0.430585;162;0;-2;1432;97;153.54;19.59;;;
40.923848;0.430796;162;0;-2;1432;97;153.56;19.57;;;
40.92368;0.431218;161;0;-3;1432;97;153.6;19.53;;;
40.923597;0.431428;160;0;-3;1432;97;153.62;19.51;;;
40.923423;0.431845;159;0;-3;1432;97;153.66;19.47;;;
40.923327;0.432046;158;0;-3;1432;97;153.68;19.45;;;
40.923194;0.432483;157;0;-4;1432;97;153.72;19.41;;;
40.923187;0.43272;156;0;-4;1432;97;153.74;19.39;;;
40.923185;0.432958;155;0;-4;1432;97;153.76;19.37;;;
40.923182;0.433196;155;0;-4;1432;97;153.78;19.35;;;
40.923199;0.433671;153;0;-4;1432;97;153.82;19.31;;;
40.923211;0.433908;152;0;-4;1432;97;153.84;19.29;;;
40.923216;0.434384;151;0;-4;1432;97;153.88;19.25;;;
40.923219;0.434622;150;0;-4;1432;97;153.9;19.23;;;
40.923289;0.435087;148;0;-4;1432;97;153.94;19.19;;;
40.923351;0.43531;147;0;-4;1432;97;153.96;19.17;;;
40.9235;0.435739;146;0;-4;1432;97;154;19.13;;;
40.923713;0.436123;144;0;-4;1432;97;154.04;19.09;;;
40.92382;0.436314;143;0;-4;1432;97;154.06;19.07;;;
40.924031;0.4367;141;0;-4;1432;97;154.1;19.03;;;
40.924133;0.436896;141;0;-4;1432;97;154.12;19.01;;;
40.924332;0.437292;139;0;-4;1432;97;154.16;18.97;;;
40.924429;0.437493;138;0;-5;1432;97;154.18;18.95;;;
40.924628;0.437889;136;0;-5;1432;97;154.22;18.91;;;
40.924737;0.438078;135;0;-5;1432;97;154.24;18.89;;;
40.92484;0.438272;134;0;-5;1432;97;154.26;18.87;;;
40.924917;0.438487;133;0;-5;1432;97;154.28;18.85;;;
40.925012;0.438946;131;0;-5;1432;97;154.32;18.81;;;
40.925059;0.439176;130;0;-5;1432;97;154.34;18.79;;;
40.92515;0.439636;128;0;-5;1432;97;154.38;18.75;;;
40.925166;0.439873;127;0;-5;1432;97;154.4;18.73;;;
40.925106;0.440341;125;0;-4;1432;97;154.44;18.69;;;
40.925057;0.440571;124;0;-4;1432;97;154.46;18.67;;;
40.92496;0.441029;123;0;-4;1432;97;154.5;18.63;;;
40.924867;0.441488;122;0;-4;1432;97;154.54;18.59;;;
40.924853;0.441725;121;0;-4;1432;97;154.56;18.57;;;
40.924938;0.442184;119;0;-4;1432;97;154.6;18.53;;;
40.924989;0.442412;119;0;-3;1432;97;154.62;18.51;;;
40.92509;0.442869;117;0;-3;1432;97;154.66;18.47;;;
40.925141;0.443097;117;0;-3;1432;97;154.68;18.45;;;
40.925243;0.443554;115;0;-3;1432;97;154.72;18.41;;;
40.925293;0.443783;115;0;-3;1432;97;154.74;18.39;;;
40.925321;0.444018;114;0;-3;1432;97;154.76;18.37;;;
40.925339;0.444254;114;0;-3;1432;97;154.78;18.35;;;
40.925312;0.444726;112;0;-3;1432;97;154.82;18.31;;;
40.925282;0.444961;112;0;-3;1432;97;154.84;18.29;;;
40.925221;0.44543;111;0;-3;1432;97;154.88;18.25;;;
40.925161;0.445654;110;0;-2;1432;97;154.9;18.23;;;
40.925035;0.4461;109;0;-2;1432;97;154.94;18.19;;;
40.924969;0.446321;109;0;-2;1432;97;154.96;18.17;;;
40.924771;0.446717;108;0;-2;1432;97;155;18.13;;;
40.924513;0.447042;108;0;-2;1432;97;155.04;18.09;;;
40.924351;0.447147;107;0;-2;1432;97;155.06;18.07;;;
40.924017;0.447309;106;0;-1;1432;97;155.1;18.03;;;
40.92384;0.447282;106;0;-1;1432;97;155.12;18.01;;;
40.92349;0.447221;106;0;-1;1432;97;155.16;17.97;;;
40.923337;0.447344;106;0;0;1432;97;155.18;17.95;;;
40.923054;0.447637;106;0;0;1432;97;155.22;17.91;;;
40.922912;0.447784;106;0;0;1432;97;155.24;17.89;;;
40.922777;0.44794;106;0;0;1432;97;155.26;17.87;;;
40.922666;0.448126;106;0;0;1432;97;155.28;17.85;;;
40.922506;0.448551;106;0;1;1432;97;155.32;17.81;;;
40.922433;0.448769;106;0;1;1432;97;155.34;17.79;;;
40.922288;0.449204;107;0;2;1433;96;155.38;17.75;;;
40.922258;0.449436;107;0;2;1433;96;155.4;17.73;;;
40.922316;0.449897;108;0;2;1434;95;155.44;17.69;;;
40.922382;0.450118;108;0;2;1435;94;155.46;17.67;;;
40.922516;0.45056;109;0;2;1435;94;155.5;17.63;;;
40.9226;0.451021;110;0;2;1436;93;155.54;17.59;;;
40.922606;0.451259;110;0;2;1437;92;155.56;17.57;;;
40.922645;0.451732;111;0;3;1437;92;155.6;17.53;;;
40.922668;0.451968;112;0;3;1438;91;155.62;17.51;;;
40.922776;0.45242;113;0;3;1439;90;155.66;17.47;;;
40.92284;0.452642;114;0;3;1440;89;155.68;17.45;;;
40.922983;0.453079;115;0;4;1441;88;155.72;17.41;;;
40.923054;0.453298;116;0;4;1442;87;155.74;17.39;;;
40.923125;0.453516;116;0;4;1443;86;155.76;17.37;;;
40.923172;0.453746;117;0;5;1444;85;155.78;17.35;;;
40.923219;0.454217;120;0;6;1446;83;155.82;17.31;;;
40.923219;0.454455;120;0;6;1447;82;155.84;17.29;;;
40.923124;0.454907;123;0;6;1449;80;155.88;17.25;;;
40.92301;0.455091;124;0;6;1451;78;155.9;17.23;;;
40.922747;0.455416;126;0;7;1453;76;155.94;17.19;;;
40.922618;0.455581;128;0;7;1454;75;155.96;17.17;;;
40.922479;0.456014;132;0;7;1458;71;156;17.13;;;
40.922479;0.45649;134;0;7;1461;68;156.04;17.09;;;
40.922479;0.456728;136;0;6;1462;67;156.06;17.07;;;
40.922538;0.457195;137;0;5;1464;65;156.1;17.03;;;
40.922592;0.457422;138;0;5;1465;64;156.12;17.01;;;
40.92271;0.457872;140;0;5;1467;62;156.16;16.97;;;
40.922768;0.458097;141;0;6;1468;61;156.18;16.95;;;
40.922819;0.458568;144;0;5;1470;59;156.22;16.91;;;
40.922804;0.458805;145;0;5;1471;58;156.24;16.89;;;
40.922789;0.459042;146;0;5;1473;56;156.26;16.87;;;
40.922765;0.459278;147;0;4;1473;56;156.28;16.85;;;
40.922715;0.459749;148;0;4;1475;54;156.32;16.81;;;
40.92269;0.459985;149;0;3;1475;54;156.34;16.79;;;
40.922595;0.460436;151;0;3;1477;52;156.38;16.75;;;
40.922461;0.460595;151;0;3;1478;51;156.4;16.73;;;
40.922158;0.46085;152;0;2;1479;50;156.44;16.69;;;
40.922022;0.461005;153;0;2;1479;50;156.46;16.67;;;
40.921836;0.461411;153;0;1;1480;49;156.5;16.63;;;
40.92164;0.461811;154;0;1;1480;49;156.54;16.59;;;
40.921534;0.462002;154;0;0;1480;49;156.56;16.57;;;
40.921381;0.462432;154;0;0;1480;49;156.6;16.53;;;
40.92129;0.462637;154;0;0;1480;49;156.62;16.51;;;
40.921098;0.46304;154;0;-1;1480;49;156.66;16.47;;;
40.921002;0.463241;154;0;-1;1480;49;156.68;16.45;;;
40.920853;0.463673;153;0;-2;1480;49;156.72;16.41;;;
40.920797;0.463899;153;0;-2;1480;49;156.74;16.39;;;
40.920741;0.464125;152;0;-2;1480;49;156.76;16.37;;;
40.920684;0.464351;152;0;-2;1480;49;156.78;16.35;;;
40.920607;0.464815;151;0;-3;1480;49;156.82;16.31;;;
40.920568;0.465048;150;0;-3;1480;49;156.84;16.29;;;
40.920492;0.465513;149;0;-3;1480;49;156.88;16.25;;;
40.920454;0.465746;148;0;-4;1480;49;156.9;16.23;;;
40.920377;0.466211;147;0;-4;1480;49;156.94;16.19;;;
40.920338;0.466443;146;0;-4;1480;49;156.96;16.17;;;
40.92024;0.466901;144;0;-4;1480;49;157;16.13;;;
40.920115;0.467347;142;0;-4;1480;49;157.04;16.09;;;
40.920042;0.467564;142;0;-4;1480;49;157.06;16.07;;;
40.919894;0.467998;140;0;-4;1480;49;157.1;16.03;;;
40.919814;0.468211;139;0;-4;1480;49;157.12;16.01;;;
40.919615;0.468607;138;0;-4;1480;49;157.16;15.97;;;
40.919512;0.468802;137;0;-5;1480;49;157.18;15.95;;;
40.919304;0.469191;135;0;-5;1480;49;157.22;15.91;;;
40.919201;0.469385;134;0;-5;1480;49;157.24;15.89;;;
40.919098;0.469581;133;0;-5;1480;49;157.26;15.87;;;
40.919;0.46978;132;0;-5;1480;49;157.28;15.85;;;
40.918802;0.470178;130;0;-5;1480;49;157.32;15.81;;;
40.918703;0.470377;129;0;-5;1480;49;157.34;15.79;;;
40.918506;0.470775;127;0;-5;1480;49;157.38;15.75;;;
40.918407;0.470974;126;0;-5;1480;49;157.4;15.73;;;
40.918191;0.471354;124;0;-6;1480;49;157.44;15.69;;;
40.918056;0.471509;123;0;-6;1480;49;157.46;15.67;;;
40.917736;0.471721;120;0;-6;1480;49;157.5;15.63;;;
40.917394;0.471865;118;0;-7;1480;49;157.54;15.59;;;
40.917225;0.471944;117;0;-6;1480;49;157.56;15.57;;;
40.917005;0.47229;113;0;-6;1480;49;157.6;15.53;;;
40.916968;0.472523;112;0;-5;1480;49;157.62;15.51;;;
40.916959;0.472998;111;0;-4;1480;49;157.66;15.47;;;
40.916959;0.473236;110;0;-4;1480;49;157.68;15.45;;;
40.916982;0.473711;108;0;-4;1480;49;157.72;15.41;;;
40.916989;0.473948;108;0;-4;1480;49;157.74;15.39;;;
40.916989;0.474186;107;0;-4;1480;49;157.76;15.37;;;
40.916989;0.474424;106;0;-5;1480;49;157.78;15.35;;;
40.91694;0.474895;104;0;-6;1480;49;157.82;15.31;;;
40.91691;0.47513;103;0;-6;1480;49;157.84;15.29;;;
40.916749;0.475554;100;0;-6;1480;49;157.88;15.25;;;
40.91666;0.47576;99;0;-7;1480;49;157.9;15.23;;;
40.916479;0.476167;97;0;-7;1480;49;157.94;15.19;;;
40.916344;0.476324;95;0;-7;1480;49;157.96;15.17;;;
40.916002;0.476456;93;0;-7;1480;49;158;15.13;;;
40.915832;0.476824;88;0;-6;1480;49;158.04;15.09;;;
40.915814;0.477061;88;0;-6;1480;49;158.06;15.07;;;
40.915777;0.477535;86;0;-5;1480;49;158.1;15.03;;;
40.915759;0.477772;85;0;-5;1480;49;158.12;15.01;;;
40.915759;0.478248;83;0;-5;1480;49;158.16;14.97;;;
40.915762;0.478485;82;0;-5;1480;49;158.18;14.95;;;
40.915789;0.47896;80;0;-6;1480;49;158.22;14.91;;;
40.915789;0.479198;79;0;-6;1480;49;158.24;14.89;;;
40.915768;0.479433;77;0;-7;1480;49;158.26;14.87;;;
40.915719;0.479659;76;0;-8;1480;49;158.28;14.85;;;
40.915518;0.480051;73;0;-7;1480;49;158.32;14.81;;;
40.91548;0.480281;71;0;-7;1480;49;158.34;14.79;;;
40.915493;0.480756;68;0;-7;1480;49;158.38;14.75;;;
40.915439;0.48098;67;0;-6;1480;49;158.4;14.73;;;
40.915294;0.481415;65;0;-6;1480;49;158.44;14.69;;;
40.915211;0.481626;64;0;-5;1480;49;158.46;14.67;;;
40.915012;0.482022;62;0;-5;1480;49;158.5;14.63;;;
40.914821;0.482424;59;0;-5;1480;49;158.54;14.59;;;
40.914755;0.482645;58;0;-5;1480;49;158.56;14.57;;;
40.914621;0.483087;56;0;-5;1480;49;158.6;14.53;;;
40.914554;0.483308;55;0;-5;1480;49;158.62;14.51;;;
40.914366;0.483708;53;0;-5;1480;49;158.66;14.47;;;
40.914253;0.483893;52;0;-6;1480;49;158.68;14.45;;;
40.914026;0.484262;50;0;-5;1480;49;158.72;14.41;;;
40.913912;0.484447;49;0;-5;1480;49;158.74;14.39;;;
40.9138;0.484632;48;0;-6;1480;49;158.76;14.37;;;
40.913686;0.484817;47;0;-6;1480;49;158.78;14.35;;;
40.913459;0.485186;44;0;-6;1480;49;158.82;14.31;;;
40.913318;0.485331;43;0;-6;1480;49;158.84;14.29;;;
40.912993;0.485535;40;0;-6;1480;49;158.88;14.25;;;
40.912829;0.485633;39;0;-6;1480;49;158.9;14.23;;;
40.912504;0.485836;37;0;-5;1480;49;158.94;14.19;;;
40.912342;0.485941;36;0;-5;1480;49;158.96;14.17;;;
40.91205;0.486214;34;0;-5;1480;49;159;14.13;;;
40.911794;0.486549;32;0;-5;1480;49;159.04;14.09;;;
40.911663;0.486711;31;0;-5;1480;49;159.06;14.07;;;
40.911388;0.48702;29;0;-5;1480;49;159.1;14.03;;;
40.911251;0.487173;28;0;-5;1480;49;159.12;14.01;;;
40.910943;0.487418;26;0;-4;1480;49;159.16;13.97;;;
40.910788;0.487538;25;0;-4;1480;49;159.18;13.95;;;
40.910492;0.487808;24;0;-3;1480;49;159.22;13.91;;;
40.910343;0.487942;23;0;-3;1480;49;159.24;13.89;;;
40.910195;0.488077;23;0;-3;1480;49;159.26;13.87;;;
40.910047;0.488212;22;0;-3;1480;49;159.28;13.85;;;
40.909785;0.488522;21;0;-3;1480;49;159.32;13.81;;;
40.909777;0.48874;20;0;-3;1480;49;159.34;13.79;;;
40.910017;0.489093;19;0;-3;1480;49;159.38;13.75;;;
40.910142;0.489264;19;0;-2;1480;49;159.4;13.73;;;
40.910391;0.489607;18;0;-2;1480;49;159.44;13.69;;;
40.910516;0.489778;18;0;-2;1480;49;159.46;13.67;;;
40.910766;0.490121;17;0;-1;1480;49;159.5;13.63;36;;
40.911047;0.490412;16;0;-1;1480;49;159.54;13.59;;;
40.911207;0.490521;16;0;-1;1480;49;159.56;13.57;;;
40.911389;0.490911;16;0;-1;1480;49;159.6;13.53;;;
40.911374;0.491147;15;0;-1;1480;49;159.62;13.51;;;
40.911443;0.491594;15;0;-1;1480;49;159.66;13.47;;;
40.911512;0.491804;15;0;-1;1480;49;159.68;13.45;;;
40.911222;0.491754;15;0;0;1480;49;159.72;13.41;;;
40.911074;0.491619;15;0;0;1480;49;159.74;13.39;;;
40.910926;0.491483;15;0;0;1480;49;159.76;13.37;;;
40.910778;0.491348;15;0;0;1480;49;159.78;13.35;;;
40.910482;0.491078;15;0;0;1480;49;159.82;13.31;;;
40.910334;0.490943;15;0;0;1480;49;159.84;13.29;;;
40.910038;0.490672;15;0;0;1480;49;159.88;13.25;;;
40.90989;0.490537;15;0;0;1480;49;159.9;13.23;;;
40.909594;0.490267;15;0;0;1480;49;159.94;13.19;;;
40.909446;0.490132;15;0;0;1480;49;159.96;13.17;;;
40.90915;0.489861;15;0;0;1480;49;160;13.13;;;
40.908854;0.489591;15;0;0;1480;49;160.04;13.09;;;
40.908706;0.489456;15;0;0;1480;49;160.06;13.07;;;
40.908439;0.489138;15;0;0;1480;49;160.1;13.03;;;
40.908312;0.488969;15;0;0;1480;49;160.12;13.01;;;
40.908058;0.488633;15;0;0;1480;49;160.16;12.97;;;
40.907931;0.488464;15;0;0;1480;49;160.18;12.95;;;
40.907676;0.488128;15;0;0;1480;49;160.22;12.91;;;
40.907549;0.487959;15;0;0;1480;49;160.24;12.89;;;
40.907422;0.487791;15;0;0;1480;49;160.26;12.87;;;
40.907295;0.487623;15;0;0;1480;49;160.28;12.85;;;
40.907041;0.487286;15;0;0;1480;49;160.32;12.81;;;
40.906913;0.487118;15;0;0;1480;49;160.34;12.79;;;
40.906659;0.486781;15;0;0;1480;49;160.38;12.75;;;
40.906532;0.486613;15;0;0;1480;49;160.4;12.73;;;
40.906278;0.486276;15;0;0;1481;48;160.44;12.69;;;
40.906151;0.486108;15;0;0;1481;48;160.46;12.67;;;
40.905896;0.485771;15;0;0;1481;48;160.5;12.63;;;
40.905642;0.485434;15;0;0;1481;48;160.54;12.59;;;
40.905515;0.485266;15;0;0;1481;48;160.56;12.57;;;
40.905261;0.484929;16;0;0;1481;48;160.6;12.53;;;
40.905133;0.484761;16;0;0;1481;48;160.62;12.51;;;
40.904879;0.484424;16;0;0;1481;48;160.66;12.47;;;
40.904752;0.484256;16;0;0;1481;48;160.68;12.45;;;
40.904578;0.483843;16;0;1;1482;47;160.72;12.41;;;
40.904487;0.48364;16;0;1;1482;47;160.74;12.39;;;
40.904357;0.483477;16;0;1;1482;47;160.76;12.37;;;
40.904187;0.483405;16;0;1;1482;47;160.78;12.35;;;
40.903832;0.483326;16;0;0;1482;47;160.82;12.31;;;
40.903656;0.483279;17;0;0;1482;47;160.84;12.29;;;
40.903315;0.483131;17;0;0;1482;47;160.88;12.25;;;
40.903143;0.483059;17;0;0;1482;47;160.9;12.23;;;
40.902797;0.482929;17;0;0;1483;46;160.94;12.19;;;
40.902624;0.482865;17;0;0;1483;46;160.96;12.17;;;
40.902268;0.482799;17;0;0;1483;46;161;12.13;37;;
40.901909;0.482809;17;0;0;1483;46;161.04;12.09;;;
40.901732;0.482848;18;0;1;1483;46;161.06;12.07;;;
40.901388;0.482982;18;0;1;1483;46;161.1;12.03;;;
40.901221;0.483072;18;0;1;1484;45;161.12;12.01;;;
40.900907;0.483304;18;0;1;1484;45;161.16;11.97;;;
40.90075;0.483419;18;0;1;1484;45;161.18;11.95;;;
40.900436;0.483651;18;0;0;1484;45;161.22;11.91;;;
40.900279;0.483768;19;0;0;1484;45;161.24;11.89;;;
40.900121;0.483883;19;0;0;1484;45;161.26;11.87;;;
40.899966;0.484004;19;0;0;1484;45;161.28;11.85;;;
40.899657;0.484247;19;0;0;1484;45;161.32;11.81;;;
40.899502;0.484368;19;0;0;1484;45;161.34;11.79;;;
40.899193;0.484611;19;0;0;1485;44;161.38;11.75;;;
40.899039;0.484733;19;0;0;1485;44;161.4;11.73;;;
40.898729;0.484976;19;0;0;1485;44;161.44;11.69;;;
40.898579;0.485107;19;0;0;1485;44;161.46;11.67;;;
40.89829;0.485389;19;0;0;1485;44;161.5;11.63;;;
40.898037;0.485725;19;0;0;1485;44;161.54;11.59;;;
40.897926;0.485912;19;0;0;1485;44;161.56;11.57;;;
40.897713;0.486296;19;0;0;1485;44;161.6;11.53;;;
40.897607;0.486488;19;0;0;1485;44;161.62;11.51;;;
40.897395;0.486872;19;0;0;1485;44;161.66;11.47;;;
40.897281;0.487056;19;0;0;1485;44;161.68;11.45;;;
40.897019;0.487382;19;0;0;1485;44;161.72;11.41;;;
40.896885;0.48754;19;0;0;1485;44;161.74;11.39;;;
40.896736;0.487672;19;0;0;1485;44;161.76;11.37;;;
40.896583;0.487797;19;0;0;1485;44;161.78;11.35;;;
40.896266;0.488024;19;0;0;1485;44;161.82;11.31;;;
40.896107;0.488135;19;0;0;1485;44;161.84;11.29;;;
40.895787;0.488352;19;0;-1;1485;44;161.88;11.25;;;
40.895624;0.48845;18;0;-1;1485;44;161.9;11.23;;;
40.895283;0.488602;18;0;-1;1485;44;161.94;11.19;;;
40.89511;0.488668;18;0;-1;1485;44;161.96;11.17;;;
40.894765;0.488801;18;0;0;1485;44;162;11.13;;;
40.894419;0.488934;18;0;0;1485;44;162.04;11.09;;;
40.894247;0.489;18;0;0;1485;44;162.06;11.07;;;
40.8939;0.489129;18;0;0;1485;44;162.1;11.03;;;
40.893727;0.489193;18;0;0;1485;44;162.12;11.01;;;
40.893381;0.489322;17;0;0;1485;44;162.16;10.97;;;
40.893208;0.489386;17;0;0;1485;44;162.18;10.95;;;
40.892861;0.489514;17;0;-1;1485;44;162.22;10.91;;;
40.892688;0.489579;17;0;-1;1485;44;162.24;10.89;;;
40.892515;0.489643;17;0;-1;1485;44;162.26;10.87;;;
40.892342;0.489707;17;0;-1;1485;44;162.28;10.85;;;
40.891995;0.489836;17;0;-1;1485;44;162.32;10.81;;;
40.891822;0.4899;16;0;-1;1485;44;162.34;10.79;;;
40.891476;0.490029;16;0;0;1485;44;162.38;10.75;;;
40.891303;0.490094;16;0;0;1485;44;162.4;10.73;;;
40.890954;0.490199;16;0;0;1485;44;162.44;10.69;;;
40.890779;0.490249;16;0;0;1485;44;162.46;10.67;;;
40.89043;0.490366;16;0;0;1485;44;162.5;10.63;;;
40.890083;0.49049;16;0;0;1485;44;162.54;10.59;;;
40.88991;0.490557;16;0;0;1485;44;162.56;10.57;;;
40.889565;0.490692;16;0;0;1485;44;162.6;10.53;;;
40.889393;0.490758;16;0;0;1485;44;162.62;10.51;;;
40.889055;0.490921;16;0;0;1485;44;162.66;10.47;;;
40.888886;0.491002;17;0;0;1485;44;162.68;10.45;;;
40.888542;0.49114;17;0;0;1486;43;162.72;10.41;;;
40.888369;0.491209;17;0;0;1486;43;162.74;10.39;;;
40.888195;0.491269;17;0;0;1486;43;162.76;10.37;;;
40.888021;0.491329;17;0;0;1486;43;162.78;10.35;;;
40.887673;0.491448;17;0;0;1486;43;162.82;10.31;;;
40.887499;0.491508;17;0;0;1486;43;162.84;10.29;;;
40.887149;0.491617;17;0;0;1486;43;162.88;10.25;;;
40.886973;0.491667;17;0;0;1486;43;162.9;10.23;;;
40.886621;0.491768;17;0;1;1486;43;162.94;10.19;;;
40.886446;0.491818;17;0;1;1486;43;162.96;10.17;;;
40.886094;0.491919;18;0;1;1486;43;163;10.13;;;
40.885748;0.492046;18;0;1;1487;42;163.04;10.09;;;
40.885583;0.492142;18;0;1;1487;42;163.06;10.07;;;
40.885263;0.492357;18;0;1;1487;42;163.1;10.03;;;
40.885116;0.492493;18;0;1;1487;42;163.12;10.01;;;
40.88483;0.492782;19;0;1;1488;41;163.16;9.97;;;
40.884686;0.492926;19;0;1;1488;41;163.18;9.95;;;
40.884401;0.493214;20;0;2;1489;40;163.22;9.91;;;
40.884258;0.493359;20;0;2;1489;40;163.24;9.89;;;
40.884115;0.493503;20;0;2;1489;40;163.26;9.87;;;
40.883971;0.493647;21;0;2;1490;39;163.28;9.85;;;
40.883685;0.493935;22;0;2;1490;39;163.32;9.81;;;
40.883542;0.494079;22;0;2;1491;38;163.34;9.79;;;
40.883256;0.494368;23;0;2;1492;37;163.38;9.75;;;
40.883113;0.494513;23;0;2;1492;37;163.4;9.73;;;
40.882827;0.494801;24;0;2;1493;36;163.44;9.69;;;
40.882694;0.494961;25;0;3;1494;35;163.46;9.67;;;
40.882466;0.495327;26;0;3;1495;34;163.5;9.63;;;
40.882295;0.495746;27;0;2;1496;33;163.54;9.59;;;
40.88221;0.495955;27;0;2;1496;33;163.56;9.57;;;
40.882041;0.496375;28;0;2;1497;32;163.6;9.53;;;
40.881956;0.496585;29;0;2;1497;32;163.62;9.51;;;
40.881747;0.496969;30;0;3;1498;31;163.66;9.47;;;
40.881625;0.497143;30;0;3;1499;30;163.68;9.45;;;
40.88132;0.497392;31;0;2;1500;29;163.72;9.41;;;
40.881153;0.49748;32;0;2;1501;28;163.74;9.39;;;
40.880982;0.497549;32;0;2;1501;28;163.76;9.37;;;
40.880804;0.497581;32;0;2;1501;28;163.78;9.35;;;
40.880445;0.497576;33;0;1;1502;27;163.82;9.31;;;
40.880267;0.497539;33;0;1;1502;27;163.84;9.29;;;
40.88009;0.497501;34;0;1;1503;26;163.86;9.27;;;
40.879912;0.497467;34;0;1;1503;26;163.88;9.25;;;
40.879732;0.497451;34;0;1;1503;26;163.9;9.23;;;
40.879553;0.497448;34;0;1;1503;26;163.92;9.21;;;
40.879376;0.49749;34;0;1;1503;26;163.94;9.19;;;
40.879205;0.497559;34;0;1;1503;26;163.96;9.17;;;
40.879058;0.497693;35;0;0;1504;25;163.98;9.15;;;
40.878916;0.49784;35;0;0;1504;25;164;9.13;;;
40.878789;0.498005;35;0;0;1504;25;164.02;9.11;;;
40.878695;0.498206;35;0;0;1504;25;164.04;9.09;;;
40.878619;0.498422;35;0;0;1504;25;164.06;9.07;;;
40.878542;0.498637;35;0;-1;1504;25;164.08;9.05;;;
40.878466;0.498852;34;0;-1;1504;25;164.1;9.03;;;
40.87839;0.499068;34;0;-1;1504;25;164.12;9.01;;;
40.878313;0.499283;34;0;-1;1504;25;164.14;8.99;;;
40.878208;0.499471;34;0;-2;1504;25;164.16;8.97;;;
40.878076;0.499634;33;0;-2;1504;25;164.18;8.95;;;
40.877933;0.499776;33;0;-2;1504;25;164.2;8.93;;;
40.877771;0.499879;33;0;-2;1504;25;164.22;8.91;;;
40.877598;0.499938;32;0;-2;1504;25;164.24;8.89;;;
40.877428;0.500017;32;0;-2;1504;25;164.26;8.87;;;
40.877259;0.500096;32;0;-2;1504;25;164.28;8.85;;;
40.877089;0.500175;31;0;-2;1504;25;164.3;8.83;;;
40.876919;0.500253;31;0;-2;1504;25;164.32;8.81;;;
40.876749;0.500332;31;0;-2;1504;25;164.34;8.79;;;
40.87658;0.500411;30;0;-2;1504;25;164.36;8.77;;;
40.87641;0.50049;30;0;-2;1504;25;164.38;8.75;;;
40.87624;0.500569;29;0;-2;1504;25;164.4;8.73;;;
40.876071;0.500647;29;0;-2;1504;25;164.42;8.71;;;
40.875899;0.500718;28;0;-2;1504;25;164.44;8.69;;;
40.875724;0.500773;28;0;-2;1504;25;164.46;8.67;;;
40.875549;0.500827;28;0;-2;1504;25;164.48;8.65;;;
40.875374;0.500881;27;0;-2;1504;25;164.5;8.63;;;
40.875197;0.500926;27;0;-2;1504;25;164.52;8.61;;;
40.875019;0.50095;26;0;-2;1504;25;164.54;8.59;;;
40.87484;0.500973;26;0;-2;1504;25;164.56;8.57;;;
40.874661;0.500997;26;0;-2;1504;25;164.58;8.55;;;
40.874481;0.501017;25;0;-2;1504;25;164.6;8.53;;;
40.874302;0.501033;25;0;-2;1504;25;164.62;8.51;;;
40.874122;0.501049;25;0;-2;1504;25;164.64;8.49;;;
40.873943;0.501065;24;0;-2;1504;25;164.66;8.47;;;
40.873764;0.501082;24;0;-1;1504;25;164.68;8.45;;;
40.873584;0.501098;24;0;-1;1504;25;164.7;8.43;;;
40.873405;0.501115;24;0;-1;1504;25;164.72;8.41;;;
40.873225;0.501131;23;0;-1;1504;25;164.74;8.39;;;
40.873046;0.501148;23;0;-1;1504;25;164.76;8.37;;;
40.872866;0.501164;23;0;-1;1504;25;164.78;8.35;;;
40.872687;0.501181;23;0;-1;1504;25;164.8;8.33;;;
40.872509;0.50121;22;0;-2;1504;25;164.82;8.31;;;
40.87233;0.501239;22;0;-2;1504;25;164.84;8.29;;;
40.872152;0.501269;22;0;-2;1504;25;164.86;8.27;;;
40.871974;0.501309;21;0;-2;1504;25;164.88;8.25;;;
40.871797;0.50135;21;0;-2;1504;25;164.9;8.23;;;
40.871621;0.501398;21;0;-1;1504;25;164.92;8.21;;;
40.871449;0.501466;20;0;-1;1504;25;164.94;8.19;;;
40.871276;0.501534;20;0;-1;1504;25;164.96;8.17;;;
40.871104;0.501601;20;0;-1;1504;25;164.98;8.15;;;
40.870932;0.501669;20;0;-1;1504;25;165;8.13;;;
40.87076;0.501742;20;0;-1;1504;25;165.02;8.11;;;
40.870591;0.501822;20;0;-1;1504;25;165.04;8.09;;;
40.870422;0.501902;20;0;-1;1504;25;165.06;8.07;;;
40.870252;0.501981;20;0;-1;1504;25;165.08;8.05;;;
40.870085;0.502068;19;0;-1;1504;25;165.1;8.03;;;
40.869924;0.502173;19;0;-1;1504;25;165.12;8.01;;;
40.869767;0.50229;19;0;-1;1504;25;165.14;7.99;;;
40.869615;0.502416;18;0;-1;1504;25;165.16;7.97;;;
40.869463;0.502544;18;0;-1;1504;25;165.18;7.95;;;
40.869314;0.502677;18;0;-1;1504;25;165.2;7.93;;;
40.869167;0.502814;18;0;0;1504;25;165.22;7.91;;;
40.869019;0.50295;18;0;0;1504;25;165.24;7.89;;;
40.868871;0.503086;18;0;0;1504;25;165.26;7.87;;;
40.86872;0.503215;18;0;0;1504;25;165.28;7.85;;;
40.868569;0.503344;18;0;0;1504;25;165.3;7.83;;;
40.868418;0.503473;18;0;0;1504;25;165.32;7.81;;;
40.868267;0.503601;18;0;1;1504;25;165.34;7.79;;;
40.868109;0.503716;18;0;1;1504;25;165.36;7.77;;;
40.867952;0.503831;18;0;0;1504;25;165.38;7.75;;;
40.867794;0.503945;19;0;0;1504;25;165.4;7.73;;;
40.867637;0.50406;19;0;0;1505;24;165.42;7.71;;;
40.867479;0.504175;19;0;0;1505;24;165.44;7.69;;;
40.867319;0.504283;19;0;0;1505;24;165.46;7.67;;;
40.867159;0.504391;19;0;0;1505;24;165.48;7.65;;;
40.866998;0.504499;19;0;0;1505;24;165.5;7.63;;;
40.866838;0.504606;19;0;0;1505;24;165.52;7.61;;;
40.866677;0.504714;19;0;0;1505;24;165.54;7.59;;;
40.866517;0.504822;19;0;0;1505;24;165.56;7.57;;;
40.866357;0.50493;19;0;0;1505;24;165.58;7.55;;;
40.866196;0.505037;19;0;0;1505;24;165.6;7.53;;;
40.866036;0.505145;19;0;0;1505;24;165.62;7.51;;;
40.865876;0.505253;19;0;0;1505;24;165.64;7.49;;;
40.865715;0.505361;19;0;0;1505;24;165.66;7.47;;;
40.865555;0.505468;19;0;0;1505;24;165.68;7.45;;;
40.865394;0.505575;19;0;0;1505;24;165.7;7.43;;;
40.865237;0.505691;19;0;0;1505;24;165.72;7.41;;;
40.865081;0.50581;19;0;0;1505;24;165.74;7.39;;;
40.864925;0.505927;19;0;1;1505;24;165.76;7.37;;;
40.864769;0.506045;19;0;1;1505;24;165.78;7.35;;;
40.864613;0.506164;20;0;1;1506;23;165.8;7.33;;;
40.864457;0.506282;20;0;1;1506;23;165.82;7.31;;;
40.8643;0.506399;20;0;1;1506;23;165.84;7.29;;;
40.864144;0.506518;20;0;0;1506;23;165.86;7.27;;;
40.863988;0.506636;20;0;0;1506;23;165.88;7.25;;;
40.863832;0.506754;20;0;0;1506;23;165.9;7.23;;;
40.863677;0.506875;20;0;0;1506;23;165.92;7.21;;;
40.863523;0.506997;20;0;0;1506;23;165.94;7.19;;;
40.863368;0.507119;20;0;0;1506;23;165.96;7.17;;;
40.863214;0.50724;20;0;0;1506;23;165.98;7.15;;;
40.863059;0.507362;20;0;0;1506;23;166;7.13;;;
40.862905;0.507484;20;0;0;1506;23;166.02;7.11;;;
40.862751;0.507606;21;0;1;1507;22;166.04;7.09;;;
40.862596;0.507728;21;0;1;1507;22;166.06;7.07;;;
40.862441;0.507849;21;0;1;1507;22;166.08;7.05;;;
40.862287;0.507971;21;0;0;1507;22;166.1;7.03;;;
40.862133;0.508093;21;0;0;1507;22;166.12;7.01;;;
40.861978;0.508215;21;0;0;1507;22;166.14;6.99;;;
40.861824;0.508337;21;0;0;1507;22;166.16;6.97;;;
40.861669;0.508458;21;0;0;1507;22;166.18;6.95;;;
40.861515;0.50858;21;0;0;1507;22;166.2;6.93;;;
40.86136;0.508702;21;0;0;1507;22;166.22;6.91;;;
40.861206;0.508824;21;0;0;1507;22;166.24;6.89;;;
40.861051;0.508946;21;0;0;1507;22;166.26;6.87;;;
40.860897;0.509068;21;0;0;1507;22;166.28;6.85;;;
40.860742;0.50919;21;0;-1;1507;22;166.3;6.83;;;
40.860588;0.509312;21;0;-1;1507;22;166.32;6.81;;;
40.860433;0.509433;21;0;-1;1507;22;166.34;6.79;;;
40.860279;0.509555;20;0;-1;1507;22;166.36;6.77;;;
40.860124;0.509677;20;0;-1;1507;22;166.38;6.75;;;
40.85997;0.509799;20;0;-1;1507;22;166.4;6.73;;;
40.859815;0.50992;20;0;-1;1507;22;166.42;6.71;;;
40.859661;0.510042;20;0;-1;1507;22;166.44;6.69;;;
40.859506;0.510164;19;0;-1;1507;22;166.46;6.67;;;
40.859352;0.510286;19;0;-1;1507;22;166.48;6.65;;;
40.859198;0.510408;19;0;-1;1507;22;166.5;6.63;;;
40.859043;0.510529;19;0;-1;1507;22;166.52;6.61;;;
40.858888;0.510651;19;0;-1;1507;22;166.54;6.59;;;
40.858734;0.510773;18;0;-1;1507;22;166.56;6.57;;;
40.85858;0.510895;18;0;-1;1507;22;166.58;6.55;;;
40.858425;0.511017;18;0;-1;1507;22;166.6;6.53;;;
40.858271;0.511139;18;0;-1;1507;22;166.62;6.51;;;
40.858113;0.511252;18;0;-1;1507;22;166.64;6.49;;;
40.857948;0.511348;17;0;-1;1507;22;166.66;6.47;;;
40.857792;0.511465;17;0;-1;1507;22;166.68;6.45;;;
40.857636;0.511584;17;0;-1;1507;22;166.7;6.43;;;
40.85748;0.511702;17;0;-1;1507;22;166.72;6.41;;;
40.857319;0.511809;17;0;-1;1507;22;166.74;6.39;;;
40.857153;0.511898;16;0;-1;1507;22;166.76;6.37;;;
40.856984;0.511982;16;0;-1;1507;22;166.78;6.35;;;
40.856813;0.512051;16;0;-1;1507;22;166.8;6.33;;;
40.856636;0.512091;16;0;-1;1507;22;166.82;6.31;;;
40.856458;0.512129;16;0;-1;1507;22;166.84;6.29;;;
40.856281;0.512168;15;0;-1;1507;22;166.86;6.27;;;
40.856103;0.512207;15;0;-1;1507;22;166.88;6.25;;;
40.855926;0.512246;15;0;-1;1507;22;166.9;6.23;;;
40.855749;0.512285;15;0;-1;1507;22;166.92;6.21;;;
40.855574;0.512341;15;0;-1;1507;22;166.94;6.19;;;
40.855398;0.512388;15;0;-1;1507;22;166.96;6.17;;;
40.855219;0.512413;15;0;-1;1507;22;166.98;6.15;;;
40.85504;0.512437;14;0;-1;1507;22;167;6.13;;;
40.854861;0.512421;14;0;-1;1507;22;167.02;6.11;;;
40.854682;0.5124;14;0;-1;1507;22;167.04;6.09;;;
40.854507;0.512345;14;0;-1;1507;22;167.06;6.07;;;
40.854336;0.512274;14;0;-1;1507;22;167.08;6.05;;;
40.85417;0.512182;14;0;-1;1507;22;167.1;6.03;;;
40.854004;0.512091;13;0;0;1507;22;167.12;6.01;;;
40.853838;0.511999;13;0;0;1507;22;167.14;5.99;;;
40.853672;0.511907;13;0;0;1507;22;167.16;5.97;;;
40.853506;0.511816;13;0;0;1507;22;167.18;5.95;;;
40.85334;0.511725;13;0;0;1507;22;167.2;5.93;;;
40.853174;0.511634;13;0;0;1507;22;167.22;5.91;;;
40.853008;0.511542;13;0;0;1507;22;167.24;5.89;;;
40.852842;0.51145;13;0;0;1507;22;167.26;5.87;;;
40.852672;0.511371;13;0;0;1507;22;167.28;5.85;;;
40.8525;0.511304;13;0;0;1507;22;167.3;5.83;;;
40.852323;0.511267;13;0;0;1507;22;167.32;5.81;;;
40.852143;0.511257;13;0;0;1507;22;167.34;5.79;;;
40.851963;0.511253;13;0;0;1507;22;167.36;5.77;;;
40.851784;0.511273;13;0;0;1507;22;167.38;5.75;;;
40.851606;0.511302;13;0;0;1507;22;167.4;5.73;;;
40.851428;0.511336;13;0;0;1507;22;167.42;5.71;;;
40.851249;0.511368;13;0;0;1507;22;167.44;5.69;;;
40.851071;0.511401;13;0;0;1507;22;167.46;5.67;;;
40.850893;0.511435;13;0;0;1508;21;167.48;5.65;;;
40.850715;0.511468;13;0;0;1508;21;167.5;5.63;;;
40.850539;0.511513;13;0;0;1508;21;167.52;5.61;;;
40.850366;0.51158;13;0;0;1508;21;167.54;5.59;;;
40.850195;0.511653;14;0;1;1508;21;167.56;5.57;;;
40.850029;0.511745;14;0;1;1508;21;167.58;5.55;;;
40.849866;0.511843;14;0;1;1508;21;167.6;5.53;;;
40.849704;0.511947;14;0;1;1508;21;167.62;5.51;;;
40.849543;0.512051;14;0;1;1508;21;167.64;5.49;;;
40.849381;0.512156;14;0;1;1508;21;167.66;5.47;;;
40.849219;0.512261;14;0;1;1509;20;167.68;5.45;;;
40.849058;0.512365;14;0;1;1509;20;167.7;5.43;;;
40.848896;0.51247;15;0;1;1509;20;167.72;5.41;;;
40.848735;0.512574;15;0;1;1509;20;167.74;5.39;;;
40.848573;0.512679;15;0;0;1509;20;167.76;5.37;;;
40.848412;0.512783;15;0;0;1509;20;167.78;5.35;;;
40.84825;0.512887;15;0;0;1509;20;167.8;5.33;;;
40.848088;0.512991;15;0;0;1509;20;167.82;5.31;;;
40.847927;0.513096;15;0;0;1509;20;167.84;5.29;;;
40.847765;0.513201;15;0;0;1509;20;167.86;5.27;;;
40.847604;0.513306;15;0;0;1510;19;167.88;5.25;;;
40.847442;0.513409;15;0;0;1510;19;167.9;5.23;;;
40.847279;0.513509;15;0;0;1510;19;167.92;5.21;;;
40.847116;0.513609;15;0;0;1510;19;167.94;5.19;;;
40.846952;0.513709;15;0;0;1510;19;167.96;5.17;;;
40.846789;0.513809;16;0;0;1510;19;167.98;5.15;;;
40.846626;0.513909;16;0;0;1510;19;168;5.13;;;
40.84646;0.514002;15;0;0;1510;19;168.02;5.11;;;
40.846295;0.514094;15;0;0;1510;19;168.04;5.09;;;
40.846125;0.514172;15;0;0;1510;19;168.06;5.07;;;
40.845952;0.514238;15;0;0;1510;19;168.08;5.05;;;
40.845778;0.514296;15;0;0;1510;19;168.1;5.03;;;
40.845603;0.514354;15;0;0;1510;19;168.12;5.01;;;
40.845425;0.514389;15;0;0;1510;19;168.14;4.99;;;
40.845247;0.514422;15;0;0;1510;19;168.16;4.97;;;
40.845069;0.514454;15;0;0;1510;19;168.18;4.95;;;
40.844891;0.514485;15;0;0;1510;19;168.2;4.93;;;
40.844712;0.514515;15;0;0;1510;19;168.22;4.91;;;
40.844534;0.514545;15;0;0;1510;19;168.24;4.89;;;
40.844355;0.514575;15;0;0;1510;19;168.26;4.87;;;
40.844177;0.514605;15;0;0;1510;19;168.28;4.85;;;
40.843999;0.514635;15;0;0;1510;19;168.3;4.83;;;
40.84382;0.514666;15;0;0;1510;19;168.32;4.81;;;
40.843642;0.514696;15;0;0;1510;19;168.34;4.79;;;
40.843463;0.514726;15;0;0;1510;19;168.36;4.77;;;
40.843285;0.514757;15;0;0;1510;19;168.38;4.75;;;
40.843107;0.514787;15;0;0;1510;19;168.4;4.73;;;
40.842928;0.514818;15;0;0;1510;19;168.42;4.71;;;
40.84275;0.514848;15;0;0;1510;19;168.44;4.69;;;
40.842572;0.514878;15;0;0;1510;19;168.46;4.67;;;
40.842392;0.514899;15;0;0;1510;19;168.48;4.65;;;
40.842213;0.514914;15;0;0;1510;19;168.5;4.63;;;
40.842034;0.514907;15;0;0;1510;19;168.52;4.61;;;
40.841854;0.514889;15;0;0;1510;19;168.54;4.59;;;
40.841676;0.514859;15;0;0;1510;19;168.56;4.57;;;
40.841499;0.514814;15;0;0;1510;19;168.58;4.55;;;
40.841323;0.514766;15;0;0;1510;19;168.6;4.53;;;
40.841148;0.514712;15;0;0;1510;19;168.62;4.51;;;
40.840973;0.514659;15;0;0;1510;19;168.64;4.49;;;
40.840798;0.514605;15;0;0;1510;19;168.66;4.47;;;
40.840622;0.514552;15;0;0;1510;19;168.68;4.45;;;
40.840447;0.514498;15;0;0;1510;19;168.7;4.43;;;
40.840272;0.514445;15;0;0;1510;19;168.72;4.41;;;
40.840096;0.514391;15;0;0;1510;19;168.74;4.39;;;
40.839921;0.514339;15;0;0;1510;19;168.76;4.37;;;
40.839746;0.514285;15;0;0;1510;19;168.78;4.35;;;
40.839571;0.514232;15;0;0;1510;19;168.8;4.33;;;
40.839397;0.514168;14;0;0;1510;19;168.82;4.31;;;
40.839223;0.514112;14;0;0;1510;19;168.84;4.29;;;
40.839046;0.514073;14;0;0;1510;19;168.86;4.27;;;
40.838867;0.514049;14;0;-1;1510;19;168.88;4.25;;;
40.838688;0.514026;14;0;-1;1510;19;168.9;4.23;;;
40.838509;0.514003;14;0;-1;1510;19;168.92;4.21;;;
40.838329;0.514003;14;0;-1;1510;19;168.94;4.19;;;
40.838149;0.514007;14;0;-1;1510;19;168.96;4.17;;;
40.837969;0.514018;14;0;-1;1510;19;168.98;4.15;;;
40.83779;0.514039;13;0;-1;1510;19;169;4.13;;;
40.837613;0.514072;13;0;-1;1510;19;169.02;4.11;;;
40.837436;0.51412;13;0;-1;1510;19;169.04;4.09;;;
40.837262;0.51418;13;0;-1;1510;19;169.06;4.07;;;
40.837088;0.514239;13;0;-1;1510;19;169.08;4.05;;;
40.836913;0.514294;13;0;-1;1510;19;169.1;4.03;;;
40.836738;0.514347;13;0;-1;1510;19;169.12;4.01;;;
40.836562;0.514398;12;0;-1;1510;19;169.14;3.99;;;
40.836387;0.51445;12;0;-1;1510;19;169.16;3.97;;;
40.836211;0.514501;12;0;-1;1510;19;169.18;3.95;;;
40.836034;0.514547;12;0;-1;1510;19;169.2;3.93;;;
40.835858;0.51459;12;0;-1;1510;19;169.22;3.91;;;
40.835681;0.514632;12;0;-1;1510;19;169.24;3.89;;;
40.835504;0.514675;11;0;-1;1510;19;169.26;3.87;;;
40.835326;0.514714;11;0;-1;1510;19;169.28;3.85;;;
40.835148;0.514744;11;0;-1;1510;19;169.3;3.83;;;
40.834969;0.514772;11;0;-1;1510;19;169.32;3.81;;;
40.83479;0.514793;11;0;-1;1510;19;169.34;3.79;;;
40.834611;0.514814;11;0;-1;1510;19;169.36;3.77;;;
40.834432;0.514834;10;0;-1;1510;19;169.38;3.75;;;
40.834252;0.514849;10;0;-1;1510;19;169.4;3.73;;;
40.834073;0.514863;10;0;-1;1510;19;169.42;3.71;;;
40.833893;0.514876;10;0;-1;1510;19;169.44;3.69;;;
40.833713;0.51489;10;0;-1;1510;19;169.46;3.67;;;
40.833534;0.5149;10;0;-1;1510;19;169.48;3.65;;;
40.833354;0.514905;10;0;-1;1510;19;169.5;3.63;;;
40.833174;0.514909;9;0;0;1510;19;169.52;3.61;;;
40.832994;0.514914;9;0;0;1510;19;169.54;3.59;;;
40.832814;0.514918;9;0;0;1510;19;169.56;3.57;;;
40.832635;0.514923;9;0;0;1510;19;169.58;3.55;;;
40.832455;0.514927;9;0;0;1510;19;169.6;3.53;;;
40.832275;0.514922;9;0;0;1510;19;169.62;3.51;;;
40.832096;0.514908;9;0;0;1510;19;169.64;3.49;;;
40.831916;0.514893;9;0;0;1510;19;169.66;3.47;;;
40.831737;0.514874;9;0;0;1510;19;169.68;3.45;;;
40.831559;0.514838;9;0;0;1510;19;169.7;3.43;;;
40.831382;0.5148;9;0;0;1510;19;169.72;3.41;;;
40.831205;0.514753;9;0;0;1510;19;169.74;3.39;;;
40.83103;0.514702;9;0;0;1510;19;169.76;3.37;;;
40.830854;0.51465;9;0;0;1510;19;169.78;3.35;;;
40.830679;0.514598;9;0;0;1510;19;169.8;3.33;;;
40.830503;0.514548;9;0;0;1510;19;169.82;3.31;;;
40.830327;0.514497;8;0;0;1510;19;169.84;3.29;;;
40.830152;0.514445;8;0;0;1510;19;169.86;3.27;;;
40.829976;0.514392;8;0;0;1510;19;169.88;3.25;;;
40.829801;0.514339;8;0;0;1510;19;169.9;3.23;;;
40.829626;0.514286;8;0;0;1510;19;169.92;3.21;;;
40.82945;0.514233;8;0;0;1510;19;169.94;3.19;;;
40.829275;0.51418;8;0;0;1510;19;169.96;3.17;;;
40.8291;0.514127;8;0;0;1510;19;169.98;3.15;;;
40.828924;0.514074;8;0;0;1510;19;170;3.13;;;
40.828749;0.514021;8;0;0;1510;19;170.02;3.11;;;
40.828573;0.513969;8;0;0;1510;19;170.04;3.09;;;
40.828398;0.513916;8;0;0;1510;19;170.06;3.07;;;
40.828223;0.513863;8;0;0;1510;19;170.08;3.05;;;
40.828047;0.513811;8;0;0;1510;19;170.1;3.03;;;
40.827872;0.513758;8;0;0;1510;19;170.12;3.01;;;
40.827697;0.513703;8;0;0;1510;19;170.14;2.99;;;
40.827522;0.513649;8;0;0;1510;19;170.16;2.97;;;
40.827347;0.513594;8;0;0;1510;19;170.18;2.95;;;
40.827171;0.513541;8;0;0;1510;19;170.2;2.93;;;
40.826996;0.513487;8;0;0;1510;19;170.22;2.91;;;
40.826822;0.513426;8;0;0;1510;19;170.24;2.89;;;
40.826649;0.513362;8;0;0;1510;19;170.26;2.87;;;
40.826476;0.513298;8;0;0;1510;19;170.28;2.85;;;
40.826303;0.513234;8;0;0;1510;19;170.3;2.83;;;
40.826129;0.513171;8;0;0;1510;19;170.32;2.81;;;
40.825956;0.513107;8;0;0;1510;19;170.34;2.79;;;
40.825783;0.513041;8;0;0;1510;19;170.36;2.77;;;
40.825611;0.512973;8;0;0;1510;19;170.38;2.75;;;
40.825439;0.512905;8;0;0;1510;19;170.4;2.73;;;
40.825267;0.512836;8;0;0;1510;19;170.42;2.71;;;
40.825094;0.512767;8;0;0;1510;19;170.44;2.69;;;
40.824933;0.512664;8;0;0;1510;19;170.46;2.67;;;
40.824808;0.512505;8;0;0;1510;19;170.48;2.65;;;
40.824653;0.512414;8;0;0;1510;19;170.5;2.63;;;
40.824488;0.512491;8;0;0;1510;19;170.52;2.61;;;
40.824308;0.512499;8;0;0;1510;19;170.54;2.59;;;
40.824128;0.512508;8;0;0;1510;19;170.56;2.57;;;
40.823948;0.512517;8;0;0;1510;19;170.58;2.55;;;
40.82377;0.512549;8;0;0;1510;19;170.6;2.53;;;
40.823594;0.512597;8;0;0;1510;19;170.62;2.51;;;
40.823418;0.512647;8;0;0;1510;19;170.64;2.49;;;
40.823246;0.512715;8;0;0;1510;19;170.66;2.47;;;
40.823074;0.512782;8;0;0;1510;19;170.68;2.45;;;
40.822901;0.51285;8;0;0;1510;19;170.7;2.43;;;
40.822729;0.512917;8;0;0;1510;19;170.72;2.41;;;
40.822556;0.512985;8;0;0;1510;19;170.74;2.39;;;
40.822384;0.513053;8;0;0;1510;19;170.76;2.37;;;
40.822211;0.51312;8;0;0;1510;19;170.78;2.35;;;
40.822039;0.513188;8;0;0;1510;19;170.8;2.33;;;
40.821867;0.513256;8;0;0;1510;19;170.82;2.31;;;
40.821694;0.513323;8;0;0;1510;19;170.84;2.29;;;
40.82152;0.513383;8;0;0;1510;19;170.86;2.27;;;
40.821346;0.513442;8;0;0;1510;19;170.88;2.25;;;
40.821172;0.513501;8;0;0;1510;19;170.9;2.23;;;
40.820996;0.51355;8;0;0;1511;18;170.92;2.21;;;
40.820818;0.513586;8;0;0;1511;18;170.94;2.19;;;
40.820639;0.513614;8;0;1;1511;18;170.96;2.17;;;
40.82046;0.513629;8;0;1;1511;18;170.98;2.15;;;
40.82028;0.513641;8;0;1;1511;18;171;2.13;;;
40.820101;0.513651;9;0;0;1511;18;171.02;2.11;;;
40.819921;0.513656;9;0;0;1511;18;171.04;2.09;;;
40.819741;0.51366;9;0;0;1511;18;171.06;2.07;;;
40.819561;0.513664;9;0;0;1511;18;171.08;2.05;;;
40.819381;0.513669;9;0;0;1511;18;171.1;2.03;;;
40.819201;0.513674;9;0;0;1511;18;171.12;2.01;;;
40.819022;0.513678;9;0;0;1512;17;171.14;1.99;;;
40.818842;0.513683;9;0;0;1512;17;171.16;1.97;;;
40.818662;0.513688;9;0;0;1512;17;171.18;1.95;;;
40.818482;0.513693;9;0;0;1512;17;171.2;1.93;;;
40.818302;0.513697;9;0;0;1512;17;171.22;1.91;;;
40.818122;0.513695;9;0;0;1512;17;171.24;1.89;;;
40.817943;0.513687;9;0;0;1512;17;171.26;1.87;;;
40.817763;0.513679;9;0;0;1512;17;171.28;1.85;;;
40.817584;0.513655;9;0;0;1512;17;171.3;1.83;;;
40.817409;0.513603;9;0;0;1512;17;171.32;1.81;;;
40.817235;0.513541;9;0;0;1512;17;171.34;1.79;;;
40.817066;0.51346;9;0;0;1512;17;171.36;1.77;;;
40.816897;0.513378;9;0;-1;1512;17;171.38;1.75;;;
40.816729;0.513296;9;0;-1;1512;17;171.4;1.73;;;
40.81656;0.513214;9;0;-1;1512;17;171.42;1.71;;;
40.816398;0.513113;8;0;-1;1512;17;171.44;1.69;;;
40.816313;0.512923;8;0;-1;1512;17;171.46;1.67;;;
40.816353;0.512696;8;0;-1;1512;17;171.48;1.65;;;
40.816434;0.512483;8;0;-1;1512;17;171.5;1.63;;;
40.816514;0.51227;8;0;-1;1512;17;171.52;1.61;;;
40.816594;0.512057;8;0;-1;1512;17;171.54;1.59;;;
40.816674;0.511845;7;0;0;1512;17;171.56;1.57;;;
40.816754;0.511632;7;0;0;1512;17;171.58;1.55;;;
40.816835;0.51142;7;0;0;1512;17;171.6;1.53;;;
40.816915;0.511207;7;0;0;1512;17;171.62;1.51;;;
40.816995;0.510994;7;0;0;1512;17;171.64;1.49;;;
40.817075;0.510781;7;0;0;1512;17;171.66;1.47;;;
40.817155;0.510569;7;0;0;1512;17;171.68;1.45;;;
40.817236;0.510356;7;0;0;1512;17;171.7;1.43;38;;
40.817316;0.510143;7;0;0;1512;17;171.72;1.41;;;
40.817398;0.509932;7;0;0;1512;17;171.74;1.39;;;
40.817482;0.509722;7;0;1;1512;17;171.76;1.37;;;
40.817566;0.509512;7;0;1;1512;17;171.78;1.35;;;
40.81765;0.509301;7;0;1;1512;17;171.8;1.33;;;
40.817788;0.509184;8;0;1;1512;17;171.82;1.31;;;
40.817842;0.508978;8;0;1;1513;16;171.84;1.29;;;
40.817793;0.508788;9;0;2;1513;16;171.86;1.27;;;
40.817877;0.508578;9;0;2;1513;16;171.88;1.25;;;
40.81796;0.508367;9;0;2;1514;15;171.9;1.23;;;
40.818043;0.508156;9;0;1;1514;15;171.92;1.21;;;
40.818126;0.507945;10;0;1;1514;15;171.94;1.19;;;
40.818206;0.507732;10;0;1;1514;15;171.96;1.17;;;
40.818286;0.507519;10;0;1;1515;14;171.98;1.15;;;
40.818366;0.507306;10;0;1;1515;14;172;1.13;;;
40.818445;0.507093;11;0;1;1515;14;172.02;1.11;;;
40.818525;0.50688;11;0;1;1515;14;172.04;1.09;;;
40.818605;0.506667;11;0;1;1515;14;172.06;1.07;;;
40.818685;0.506454;11;0;1;1516;13;172.08;1.05;;;
40.818765;0.506242;11;0;1;1516;13;172.1;1.03;;;
40.818845;0.506028;11;0;1;1516;13;172.12;1.01;;;
40.818925;0.505816;12;0;1;1516;13;172.14;0.99;;;
40.819005;0.505603;12;0;1;1516;13;172.16;0.97;;;
40.819085;0.50539;12;0;1;1517;12;172.18;0.95;;;
40.819165;0.505177;12;0;1;1517;12;172.2;0.93;;;
40.819245;0.504965;13;0;1;1517;12;172.22;0.91;;;
40.819335;0.504758;13;0;1;1517;12;172.24;0.89;;;
40.819423;0.504552;13;0;1;1518;11;172.26;0.87;;;
40.819512;0.504345;13;0;1;1518;11;172.28;0.85;;;
40.819607;0.504143;14;0;1;1518;11;172.3;0.83;;;
40.819719;0.503958;14;0;1;1518;11;172.32;0.81;;;
40.819831;0.503772;14;0;1;1519;10;172.34;0.79;;;
40.819943;0.503585;14;0;1;1519;10;172.36;0.77;;;
40.820052;0.503397;14;0;1;1519;10;172.38;0.75;;;
40.820162;0.503208;14;0;0;1519;10;172.4;0.73;;;
40.820272;0.50302;14;0;0;1519;10;172.42;0.71;;;
40.820392;0.502843;14;0;0;1519;10;172.44;0.69;;;
40.820511;0.502666;15;0;0;1519;10;172.46;0.67;;;
40.820631;0.502489;15;0;0;1519;10;172.48;0.65;;;
40.820751;0.502312;15;0;0;1519;10;172.5;0.63;;;
40.820871;0.502134;15;0;1;1519;10;172.52;0.61;;;
40.82099;0.501956;15;0;1;1519;10;172.54;0.59;;;
40.821041;0.501728;15;0;1;1520;9;172.56;0.57;;;
40.821092;0.5015;15;0;1;1520;9;172.58;0.55;;;
40.821142;0.501272;15;0;1;1520;9;172.6;0.53;;;
40.821193;0.501044;16;0;1;1520;9;172.62;0.51;;;
40.821243;0.500816;16;0;1;1520;9;172.64;0.49;;;
40.821285;0.500585;16;0;1;1521;8;172.66;0.47;;;
40.821327;0.500354;17;0;1;1521;8;172.68;0.45;;;
40.821381;0.500127;17;0;1;1521;8;172.7;0.43;;;
40.821435;0.4999;17;0;1;1522;7;172.72;0.41;;;
40.821489;0.499673;17;0;1;1522;7;172.74;0.39;;;
40.821542;0.499447;18;0;1;1522;7;172.76;0.37;;;
40.821596;0.49922;18;0;1;1522;7;172.78;0.35;;;
40.82165;0.498993;18;0;2;1523;6;172.8;0.33;;;
40.821704;0.498766;18;0;2;1523;6;172.82;0.31;;;
40.821757;0.498539;19;0;2;1523;6;172.84;0.29;;;
40.821811;0.498313;19;0;2;1523;6;172.86;0.27;;;
40.821951;0.49818;20;0;2;1524;5;172.88;0.25;;;
40.822124;0.498182;20;0;2;1525;4;172.9;0.23;;;
40.822299;0.498238;20;0;2;1525;4;172.92;0.21;;;
40.822474;0.498293;21;0;2;1525;4;172.94;0.19;;;
40.822649;0.498348;21;0;2;1526;3;172.96;0.17;;;
40.822822;0.498411;21;0;2;1526;3;172.98;0.15;;;
40.822992;0.498486;22;0;2;1526;3;173;0.13;;;
40.823163;0.498561;22;0;2;1527;2;173.02;0.11;;;
40.823334;0.498637;23;0;2;1527;2;173.04;0.09;;;
40.823504;0.498713;23;0;2;1528;1;173.06;0.07;;;
40.823674;0.49879;24;0;2;1528;1;173.08;0.05;;;
40.823843;0.498871;24;0;2;1528;1;173.1;0.03;;;
40.824012;0.498953;24;0;2;1529;0;173.12;0.01;;;
40.824088;0.498989;24;0;2;1529;0;173.13;0;39;arrival;
