latitude;longitude;altitude;azimuth;slope;dvdone;dvrest;kmdone;kmto;cpnumero;cptype;sumcategory
37.609559;-0.938649;41;0;1;0;1248;0;153.68;3;real;
37.609567;-0.938422;41;0;1;0;1248;0.02;153.66;;;
37.609575;-0.938195;41;0;1;0;1248;0.04;153.64;;;
37.609583;-0.937969;41;0;1;0;1248;0.06;153.62;;;
37.609590;-0.937742;42;0;1;1;1247;0.08;153.6;;;
37.609598;-0.937515;42;0;1;1;1247;0.1;153.58;;;
37.609606;-0.937288;42;0;1;1;1247;0.12;153.56;;;
37.609621;-0.936834;43;0;2;2;1246;0.16;153.52;;;
37.609629;-0.936607;43;0;2;2;1246;0.18;153.5;;;
37.609637;-0.936381;44;0;2;3;1245;0.2;153.48;;;
37.609645;-0.936154;44;0;2;3;1245;0.22;153.46;;;
37.609653;-0.935927;44;0;2;3;1245;0.24;153.44;;;
37.609660;-0.935700;45;0;2;4;1244;0.26;153.42;;;
37.609676;-0.935246;45;0;2;4;1244;0.3;153.38;;;
37.609684;-0.935020;46;0;2;5;1243;0.32;153.36;;;
37.609691;-0.934793;46;0;2;5;1243;0.34;153.34;;;
37.609699;-0.934566;46;0;2;5;1243;0.36;153.32;;;
37.609707;-0.934339;47;0;2;6;1242;0.38;153.3;;;
37.609715;-0.934112;47;0;2;6;1242;0.4;153.28;;;
37.609723;-0.933885;48;0;2;7;1241;0.42;153.26;;;
37.609730;-0.933659;48;0;2;7;1241;0.44;153.24;;;
37.609738;-0.933432;49;0;2;8;1240;0.46;153.22;;;
37.609746;-0.933205;49;0;2;8;1240;0.48;153.2;;;
37.609753;-0.932978;50;0;2;9;1239;0.5;153.18;;;
37.609761;-0.932751;50;0;2;9;1239;0.52;153.16;;;
37.609769;-0.932524;51;0;2;10;1238;0.54;153.14;;;
37.609785;-0.931844;52;0;2;11;1237;0.6;153.08;;;
37.609791;-0.931617;52;0;2;11;1237;0.62;153.06;;;
37.609796;-0.931390;53;0;2;12;1236;0.64;153.04;;;
37.609803;-0.931163;53;0;2;12;1236;0.66;153.02;;;
37.609811;-0.930936;54;0;2;13;1235;0.68;153;;;
37.609819;-0.930709;54;0;3;13;1235;0.7;152.98;;;
37.609827;-0.930482;55;0;3;14;1234;0.72;152.96;;;
37.609835;-0.930256;55;0;3;14;1234;0.74;152.94;;;
37.609844;-0.930029;56;0;2;15;1233;0.76;152.92;;;
37.609852;-0.929802;56;0;2;15;1233;0.78;152.9;;;
37.609859;-0.929575;57;0;2;16;1232;0.8;152.88;;;
37.609867;-0.929348;57;0;2;16;1232;0.82;152.86;;;
37.609876;-0.929121;58;0;2;17;1231;0.84;152.84;;;
37.609884;-0.928895;58;0;2;17;1231;0.86;152.82;;;
37.609892;-0.928668;59;0;2;18;1230;0.88;152.8;;;
37.609900;-0.928441;59;0;2;18;1230;0.9;152.78;;;
37.609908;-0.928214;60;0;2;19;1229;0.92;152.76;;;
37.609916;-0.927987;60;0;2;19;1229;0.94;152.74;;;
37.609924;-0.927761;61;0;3;20;1228;0.96;152.72;;;
37.609932;-0.927534;61;0;3;20;1228;0.98;152.7;;;
37.609940;-0.927307;62;0;3;21;1227;1;152.68;;;
37.609949;-0.927080;62;0;3;21;1227;1.02;152.66;;;
37.609956;-0.926853;63;0;3;22;1226;1.04;152.64;;;
37.609964;-0.926626;63;0;3;22;1226;1.06;152.62;;;
37.609972;-0.926400;64;0;3;23;1225;1.08;152.6;;;
37.610007;-0.925265;67;0;3;26;1222;1.18;152.5;;;
37.610014;-0.925038;67;0;3;26;1222;1.2;152.48;;;
37.610021;-0.924811;68;0;3;27;1221;1.22;152.46;;;
37.610028;-0.924585;68;0;2;27;1221;1.24;152.44;;;
37.610035;-0.924358;69;0;2;28;1220;1.26;152.42;;;
37.610042;-0.924131;69;0;2;28;1220;1.28;152.4;;;
37.610049;-0.923904;70;0;2;29;1219;1.3;152.38;;;
37.610056;-0.923677;70;0;2;29;1219;1.32;152.36;;;
37.610075;-0.923452;71;0;2;30;1218;1.34;152.34;;;
37.610101;-0.923227;71;0;2;30;1218;1.36;152.32;;;
37.610144;-0.923007;71;0;2;30;1218;1.38;152.3;;;
37.610187;-0.922786;72;0;2;31;1217;1.4;152.28;;;
37.610233;-0.922567;72;0;2;31;1217;1.42;152.26;;;
37.610300;-0.922356;72;0;1;31;1217;1.44;152.24;;;
37.610335;-0.922134;73;0;1;32;1216;1.46;152.22;;;
37.610302;-0.921912;73;0;1;32;1216;1.48;152.2;;;
37.610242;-0.921698;73;0;1;32;1216;1.5;152.18;;;
37.610182;-0.921484;73;0;1;32;1216;1.52;152.16;;;
37.610141;-0.921264;74;0;1;33;1215;1.54;152.14;;;
37.610114;-0.921039;74;0;0;33;1215;1.56;152.12;;;
37.610091;-0.920814;74;0;0;33;1215;1.58;152.1;;;
37.610068;-0.920589;74;0;0;33;1215;1.6;152.08;;;
37.610044;-0.920364;74;0;0;33;1215;1.62;152.06;;;
37.610021;-0.920139;74;0;0;33;1215;1.64;152.04;;;
37.610008;-0.919912;74;0;0;33;1215;1.66;152.02;;;
37.609999;-0.919686;74;0;0;33;1215;1.68;152;;;
37.610001;-0.919459;74;0;0;33;1215;1.7;151.98;;;
37.610003;-0.919232;74;0;-1;33;1215;1.72;151.96;;;
37.610004;-0.919005;74;0;-1;33;1215;1.74;151.94;;;
37.610006;-0.918778;73;0;-1;33;1215;1.76;151.92;;;
37.610007;-0.918550;73;0;-1;33;1215;1.78;151.9;;;
37.610008;-0.918323;73;0;-1;33;1215;1.8;151.88;;;
37.610009;-0.918096;73;0;-1;33;1215;1.82;151.86;;;
37.610010;-0.917869;72;0;-1;33;1215;1.84;151.84;;;
37.610011;-0.917642;72;0;-1;33;1215;1.86;151.82;;;
37.610011;-0.917415;72;0;-1;33;1215;1.88;151.8;;;
37.610011;-0.917188;72;0;-1;33;1215;1.9;151.78;;;
37.610012;-0.916961;71;0;-1;33;1215;1.92;151.76;;;
37.610013;-0.916734;71;0;-1;33;1215;1.94;151.74;;;
37.610013;-0.916507;71;0;-1;33;1215;1.96;151.72;;;
37.610013;-0.916280;71;0;-1;33;1215;1.98;151.7;;;
37.610014;-0.916053;71;0;-1;33;1215;2;151.68;;;
37.610015;-0.915826;71;0;-1;33;1215;2.02;151.66;;;
37.610015;-0.915599;70;0;-1;33;1215;2.04;151.64;;;
37.610015;-0.915372;70;0;-1;33;1215;2.06;151.62;;;
37.610016;-0.915145;70;0;-1;33;1215;2.08;151.6;;;
37.610016;-0.914918;70;0;-1;33;1215;2.1;151.58;;;
37.610017;-0.914691;70;0;-1;33;1215;2.12;151.56;;;
37.610017;-0.914464;70;0;-1;33;1215;2.14;151.54;;;
37.610018;-0.914237;69;0;0;33;1215;2.16;151.52;;;
37.610154;-0.912206;70;0;1;33;1215;2.34;151.34;;;
37.610185;-0.911982;70;0;1;33;1215;2.36;151.32;;;
37.610216;-0.911758;70;0;1;33;1215;2.38;151.3;;;
37.610248;-0.911535;70;0;1;34;1214;2.4;151.28;;;
37.610280;-0.911311;70;0;1;34;1214;2.42;151.26;;;
37.610311;-0.911088;71;0;1;34;1214;2.44;151.24;;;
37.610343;-0.910864;71;0;1;34;1214;2.46;151.22;;;
37.610375;-0.910641;71;0;2;35;1213;2.48;151.2;;;
37.610407;-0.910418;71;0;2;35;1213;2.5;151.18;;;
37.610438;-0.910194;72;0;2;35;1213;2.52;151.16;;;
37.610470;-0.909970;72;0;2;36;1212;2.54;151.14;;;
37.610502;-0.909747;73;0;2;36;1212;2.56;151.12;;;
37.610533;-0.909524;73;0;2;37;1211;2.58;151.1;;;
37.610566;-0.909300;74;0;2;37;1211;2.6;151.08;;;
37.610597;-0.909077;74;0;2;38;1210;2.62;151.06;;;
37.610629;-0.908853;74;0;2;38;1210;2.64;151.04;;;
37.610660;-0.908630;75;0;2;38;1210;2.66;151.02;;;
37.610692;-0.908406;75;0;3;39;1209;2.68;151;;;
37.610724;-0.908183;76;0;3;39;1209;2.7;150.98;;;
37.610756;-0.907959;76;0;3;40;1208;2.72;150.96;;;
37.610787;-0.907736;77;0;3;41;1207;2.74;150.94;;;
37.610818;-0.907512;78;0;3;41;1207;2.76;150.92;;;
37.610850;-0.907288;78;0;3;42;1206;2.78;150.9;;;
37.610882;-0.907065;79;0;3;42;1206;2.8;150.88;4;;
37.610914;-0.906842;79;0;3;43;1205;2.82;150.86;;;
37.610945;-0.906618;80;0;3;44;1204;2.84;150.84;;;
37.610977;-0.906394;81;0;3;44;1204;2.86;150.82;;;
37.611009;-0.906171;81;0;3;45;1203;2.88;150.8;;;
37.611041;-0.905948;82;0;3;46;1202;2.9;150.78;;;
37.611072;-0.905724;83;0;3;46;1202;2.92;150.76;;;
37.611104;-0.905501;83;0;3;47;1201;2.94;150.74;;;
37.611136;-0.905277;84;0;3;47;1201;2.96;150.72;;;
37.611168;-0.905054;85;0;3;48;1200;2.98;150.7;;;
37.611199;-0.904830;85;0;3;49;1199;3;150.68;;;
37.611231;-0.904607;86;0;3;49;1199;3.02;150.66;;;
37.611262;-0.904383;86;0;3;50;1198;3.04;150.64;;;
37.611294;-0.904159;87;0;3;51;1197;3.06;150.62;;;
37.611326;-0.903936;88;0;3;51;1197;3.08;150.6;;;
37.611357;-0.903712;88;0;3;52;1196;3.1;150.58;;;
37.611389;-0.903489;89;0;3;53;1195;3.12;150.56;;;
37.611420;-0.903265;90;0;3;53;1195;3.14;150.54;;;
37.611452;-0.903042;90;0;3;54;1194;3.16;150.52;;;
37.611484;-0.902819;91;0;3;54;1194;3.18;150.5;;;
37.611516;-0.902595;91;0;3;55;1193;3.2;150.48;;;
37.611547;-0.902372;92;0;3;56;1192;3.22;150.46;;;
37.611579;-0.902148;93;0;3;56;1192;3.24;150.44;;;
37.611611;-0.901925;93;0;3;57;1191;3.26;150.42;;;
37.611643;-0.901701;94;0;3;57;1191;3.28;150.4;;;
37.611675;-0.901478;94;0;3;58;1190;3.3;150.38;;;
37.611706;-0.901254;95;0;3;59;1189;3.32;150.36;;;
37.611738;-0.901031;96;0;3;59;1189;3.34;150.34;;;
37.611770;-0.900807;96;0;3;60;1188;3.36;150.32;;;
37.611802;-0.900584;97;0;3;60;1188;3.38;150.3;;;
37.611833;-0.900360;98;0;3;61;1187;3.4;150.28;;;
37.611864;-0.900136;98;0;3;62;1186;3.42;150.26;;;
37.611896;-0.899913;99;0;3;62;1186;3.44;150.24;;;
37.611928;-0.899690;99;0;3;63;1185;3.46;150.22;;;
37.611959;-0.899466;100;0;3;63;1185;3.48;150.2;;;
37.611991;-0.899242;100;0;3;64;1184;3.5;150.18;;;
37.612023;-0.899019;101;0;3;65;1183;3.52;150.16;;;
37.612055;-0.898796;102;0;3;65;1183;3.54;150.14;;;
37.612087;-0.898572;102;0;3;66;1182;3.56;150.12;;;
37.612118;-0.898349;103;0;3;66;1182;3.58;150.1;;;
37.612150;-0.898125;103;0;3;67;1181;3.6;150.08;;;
37.612182;-0.897902;104;0;3;67;1181;3.62;150.06;;;
37.612223;-0.897681;104;0;3;68;1180;3.64;150.04;;;
37.612262;-0.897459;105;0;3;69;1179;3.66;150.02;;;
37.612312;-0.897241;106;0;3;69;1179;3.68;150;;;
37.612363;-0.897023;107;0;4;70;1178;3.7;149.98;;;
37.612426;-0.896811;107;0;4;71;1177;3.72;149.96;;;
37.612490;-0.896599;108;0;4;72;1176;3.74;149.94;;;
37.612554;-0.896386;109;0;4;72;1176;3.76;149.92;;;
37.612566;-0.896165;110;0;4;73;1175;3.78;149.9;;;
37.612454;-0.895995;111;0;4;74;1174;3.8;149.88;5;;
37.612287;-0.895918;112;0;4;75;1173;3.82;149.86;;;
37.612107;-0.895907;112;0;4;76;1172;3.84;149.84;;;
37.611927;-0.895895;113;0;4;77;1171;3.86;149.82;;;
37.611750;-0.895916;114;0;4;77;1171;3.88;149.8;;;
37.611574;-0.895960;114;0;4;78;1170;3.9;149.78;;;
37.611394;-0.895961;115;0;4;79;1169;3.92;149.76;;;
37.611218;-0.895920;116;0;4;80;1168;3.94;149.74;;;
37.611045;-0.895858;117;0;4;80;1168;3.96;149.72;;;
37.610893;-0.895741;118;0;5;81;1167;3.98;149.7;;;
37.610757;-0.895591;119;0;5;82;1166;4;149.68;;;
37.610524;-0.895247;121;0;5;84;1164;4.04;149.64;;;
37.610326;-0.894869;123;0;5;86;1162;4.08;149.6;;;
37.610169;-0.894461;125;0;5;88;1160;4.12;149.56;;;
37.610059;-0.894029;127;0;5;90;1158;4.16;149.52;;;
37.610018;-0.893808;128;0;5;91;1157;4.18;149.5;;;
37.609978;-0.893587;129;0;5;92;1156;4.2;149.48;;;
37.609966;-0.893361;130;0;5;93;1155;4.22;149.46;;;
37.609960;-0.893134;131;0;5;94;1154;4.24;149.44;;;
37.609963;-0.892907;132;0;5;95;1153;4.26;149.42;;;
37.609965;-0.892680;133;0;5;96;1152;4.28;149.4;;;
37.609967;-0.892453;134;0;6;98;1150;4.3;149.38;;;
37.609969;-0.892226;135;0;7;99;1149;4.32;149.36;;;
37.609954;-0.892000;136;0;7;100;1148;4.34;149.34;;;
37.609873;-0.891560;139;0;8;103;1145;4.38;149.3;;;
37.609728;-0.891145;143;0;8;106;1142;4.42;149.26;;;
37.609543;-0.890756;146;0;8;110;1138;4.46;149.22;;;
37.609358;-0.890366;149;0;8;113;1135;4.5;149.18;;;
37.609167;-0.889982;152;0;8;116;1132;4.54;149.14;;;
37.608971;-0.889601;155;0;8;119;1129;4.58;149.1;;;
37.608775;-0.889220;159;0;8;122;1126;4.62;149.06;;;
37.608568;-0.888849;162;0;8;125;1123;4.66;149.02;;;
37.608464;-0.888664;164;0;8;127;1121;4.68;149;;;
37.608359;-0.888479;165;0;8;129;1119;4.7;148.98;;;
37.608255;-0.888294;167;0;8;130;1118;4.72;148.96;;;
37.608151;-0.888109;168;0;8;132;1116;4.74;148.94;;;
37.608047;-0.887924;170;0;8;134;1114;4.76;148.92;;;
37.607941;-0.887740;172;0;7;135;1113;4.78;148.9;;;
37.607827;-0.887564;173;0;7;137;1111;4.8;148.88;;;
37.607714;-0.887388;174;0;8;138;1110;4.82;148.86;;;
37.607601;-0.887212;176;0;8;139;1109;4.84;148.84;;;
37.607328;-0.886916;179;0;8;142;1106;4.88;148.8;;;
37.607024;-0.886679;183;0;9;146;1102;4.92;148.76;;;
37.606683;-0.886540;186;0;9;150;1098;4.96;148.72;;;
37.606325;-0.886496;190;0;8;153;1095;5;148.68;;;
37.605968;-0.886458;193;0;8;157;1091;5.04;148.64;;;
37.605618;-0.886353;196;0;7;159;1089;5.08;148.6;;;
37.605297;-0.886156;198;0;6;162;1086;5.12;148.56;;;
37.605154;-0.886020;200;0;5;163;1085;5.14;148.54;;;
37.605026;-0.885859;201;0;5;164;1084;5.16;148.52;;;
37.604907;-0.885689;202;0;5;165;1083;5.18;148.5;;;
37.604793;-0.885514;202;0;5;166;1082;5.2;148.48;;;
37.604679;-0.885338;203;0;5;167;1081;5.22;148.46;;;
37.604565;-0.885163;204;0;5;168;1080;5.24;148.44;;;
37.604451;-0.884987;205;0;4;168;1080;5.26;148.42;;;
37.604316;-0.884837;206;0;4;169;1079;5.28;148.4;;;
37.604167;-0.884711;207;0;4;170;1078;5.3;148.38;;;
37.604017;-0.884586;208;0;4;171;1077;5.32;148.36;;;
37.603849;-0.884504;209;0;4;172;1076;5.34;148.34;;;
37.603681;-0.884424;209;0;3;173;1075;5.36;148.32;;;
37.603504;-0.884394;210;0;2;173;1075;5.38;148.3;;;
37.603324;-0.884382;210;0;2;174;1074;5.4;148.28;;;
37.603145;-0.884400;210;0;2;174;1074;5.42;148.26;;;
37.602967;-0.884427;211;0;1;174;1074;5.44;148.24;;;
37.602790;-0.884467;211;0;1;174;1074;5.46;148.22;;;
37.602619;-0.884540;211;0;1;175;1073;5.48;148.2;;;
37.602450;-0.884616;211;0;0;175;1073;5.5;148.18;;;
37.602288;-0.884713;211;0;0;175;1073;5.52;148.16;;;
37.602125;-0.884810;211;0;-1;175;1073;5.54;148.14;;;
37.601970;-0.884925;211;0;-2;175;1073;5.56;148.12;;;
37.601816;-0.885042;211;0;-2;175;1073;5.58;148.1;;;
37.601679;-0.885190;210;0;-3;175;1073;5.6;148.08;;;
37.601542;-0.885337;209;0;-3;175;1073;5.62;148.06;;;
37.601411;-0.885492;209;0;-4;175;1073;5.64;148.04;;;
37.601281;-0.885648;208;0;-4;175;1073;5.66;148.02;;;
37.601150;-0.885804;207;0;-5;175;1073;5.68;148;;;
37.601021;-0.885963;206;0;-5;175;1073;5.7;147.98;;;
37.600898;-0.886128;205;0;-5;175;1073;5.72;147.96;;;
37.600774;-0.886292;204;0;-6;175;1073;5.74;147.94;;;
37.600649;-0.886456;203;0;-6;175;1073;5.76;147.92;;;
37.600514;-0.886605;201;0;-6;175;1073;5.78;147.9;;;
37.600373;-0.886746;200;0;-7;175;1073;5.8;147.88;;;
37.600215;-0.886851;198;0;-7;175;1073;5.82;147.86;;;
37.600042;-0.886901;197;0;-7;175;1073;5.84;147.84;;;
37.599863;-0.886919;196;0;-7;175;1073;5.86;147.82;;;
37.599684;-0.886906;194;0;-8;175;1073;5.88;147.8;;;
37.599511;-0.886843;193;0;-8;175;1073;5.9;147.78;;;
37.599365;-0.886713;191;0;-8;175;1073;5.92;147.76;;;
37.599236;-0.886556;189;0;-8;175;1073;5.94;147.74;;;
37.599111;-0.886392;188;0;-8;175;1073;5.96;147.72;;;
37.598987;-0.886228;186;0;-8;175;1073;5.98;147.7;;;
37.598863;-0.886064;185;0;-8;175;1073;6;147.68;;;
37.598767;-0.885872;183;0;-8;175;1073;6.02;147.66;;;
37.598672;-0.885679;182;0;-7;175;1073;6.04;147.64;;;
37.598577;-0.885486;180;0;-7;175;1073;6.06;147.62;;;
37.598483;-0.885293;178;0;-7;175;1073;6.08;147.6;;;
37.598410;-0.885085;177;0;-7;175;1073;6.1;147.58;;;
37.598337;-0.884878;176;0;-7;175;1073;6.12;147.56;;;
37.598264;-0.884671;175;0;-7;175;1073;6.14;147.54;;;
37.598183;-0.884468;173;0;-7;175;1073;6.16;147.52;;;
37.598086;-0.884279;172;0;-7;175;1073;6.18;147.5;;;
37.597970;-0.884105;170;0;-8;175;1073;6.2;147.48;;;
37.597854;-0.883931;169;0;-8;175;1073;6.22;147.46;;;
37.597738;-0.883758;167;0;-8;175;1073;6.24;147.44;;;
37.597617;-0.883590;165;0;-8;175;1073;6.26;147.42;;;
37.597489;-0.883430;163;0;-8;175;1073;6.28;147.4;;;
37.597353;-0.883283;162;0;-8;175;1073;6.3;147.38;;;
37.597211;-0.883143;160;0;-7;175;1073;6.32;147.36;;;
37.597070;-0.883003;159;0;-7;175;1073;6.34;147.34;;;
37.596928;-0.882862;158;0;-6;175;1073;6.36;147.32;;;
37.596787;-0.882722;157;0;-5;175;1073;6.38;147.3;;;
37.596645;-0.882582;156;0;-5;175;1073;6.4;147.28;;;
37.596504;-0.882442;155;0;-5;175;1073;6.42;147.26;;;
37.596363;-0.882301;154;0;-4;175;1073;6.44;147.24;;;
37.596221;-0.882161;153;0;-4;175;1073;6.46;147.22;;;
37.596083;-0.882016;152;0;-4;175;1073;6.48;147.2;;;
37.595945;-0.881870;152;0;-4;175;1073;6.5;147.18;;;
37.595807;-0.881725;151;0;-3;175;1073;6.52;147.16;;;
37.595669;-0.881579;150;0;-3;175;1073;6.54;147.14;;;
37.595531;-0.881434;150;0;-3;175;1073;6.56;147.12;;;
37.595403;-0.881275;149;0;-3;175;1073;6.58;147.1;;;
37.595287;-0.881102;148;0;-2;175;1073;6.6;147.08;;;
37.595182;-0.880918;148;0;-2;175;1073;6.62;147.06;;;
37.595077;-0.880733;148;0;-1;175;1073;6.64;147.04;;;
37.594972;-0.880549;147;0;-1;175;1073;6.66;147.02;;;
37.594867;-0.880364;147;0;0;175;1073;6.68;147;;;
37.594763;-0.880179;147;0;0;175;1073;6.7;146.98;;;
37.594662;-0.879992;147;0;0;175;1073;6.72;146.96;;;
37.594561;-0.879804;147;0;1;175;1073;6.74;146.94;;;
37.594460;-0.879616;148;0;1;175;1073;6.76;146.92;;;
37.594359;-0.879428;148;0;1;176;1072;6.78;146.9;;;
37.594258;-0.879240;148;0;2;176;1072;6.8;146.88;;;
37.594157;-0.879052;148;0;2;176;1072;6.82;146.86;;;
37.594060;-0.878861;149;0;3;177;1071;6.84;146.84;;;
37.593964;-0.878669;150;0;3;177;1071;6.86;146.82;;;
37.593901;-0.878458;150;0;3;178;1070;6.88;146.8;;;
37.593883;-0.878234;151;0;3;179;1069;6.9;146.78;;;
37.593910;-0.878013;152;0;4;179;1069;6.92;146.76;;;
37.593970;-0.877800;152;0;4;180;1068;6.94;146.74;;;
37.594080;-0.877620;153;0;4;181;1067;6.96;146.72;;;
37.594189;-0.877439;154;0;4;182;1066;6.98;146.7;;;
37.594297;-0.877259;155;0;4;182;1066;7;146.68;;;
37.594383;-0.877064;156;0;4;183;1065;7.02;146.66;;;
37.594422;-0.876842;157;0;5;184;1064;7.04;146.64;;;
37.594446;-0.876618;158;0;5;185;1063;7.06;146.62;;;
37.594471;-0.876393;158;0;5;186;1062;7.08;146.6;;;
37.594495;-0.876168;159;0;5;187;1061;7.1;146.58;;;
37.594519;-0.875943;160;0;5;188;1060;7.12;146.56;;;
37.594575;-0.875730;162;0;5;189;1059;7.14;146.54;;;
37.594674;-0.875541;163;0;5;190;1058;7.16;146.52;;;
37.594780;-0.875358;164;0;5;192;1056;7.18;146.5;;;
37.594876;-0.875167;165;0;5;193;1055;7.2;146.48;;;
37.594953;-0.874962;166;0;5;194;1054;7.22;146.46;;;
37.594986;-0.874741;167;0;6;194;1054;7.24;146.44;;;
37.594999;-0.874515;168;0;6;195;1053;7.26;146.42;;;
37.594994;-0.874289;169;0;6;196;1052;7.28;146.4;;;
37.594936;-0.874075;170;0;6;198;1050;7.3;146.38;;;
37.594815;-0.873911;172;0;6;200;1048;7.32;146.36;;;
37.594644;-0.873843;174;0;6;201;1047;7.34;146.34;;;
37.594465;-0.873835;175;0;6;202;1046;7.36;146.32;;;
37.594285;-0.873831;175;0;5;203;1045;7.38;146.3;;;
37.594107;-0.873848;176;0;4;204;1044;7.4;146.28;;;
37.593947;-0.873942;177;0;3;205;1043;7.42;146.26;;;
37.593845;-0.874129;178;0;2;205;1043;7.44;146.24;;;
37.593742;-0.874315;178;0;2;206;1042;7.46;146.22;;;
37.593639;-0.874501;178;0;2;206;1042;7.48;146.2;;;
37.593536;-0.874687;178;0;1;206;1042;7.5;146.18;;;
37.593407;-0.874837;179;0;1;206;1042;7.52;146.16;;;
37.593236;-0.874885;179;0;1;207;1041;7.54;146.14;;;
37.593056;-0.874870;179;0;0;207;1041;7.56;146.12;;;
37.592879;-0.874831;179;0;0;207;1041;7.58;146.1;;;
37.592702;-0.874791;179;0;0;207;1041;7.6;146.08;;;
37.592525;-0.874750;179;0;-1;207;1041;7.62;146.06;;;
37.592348;-0.874710;179;0;-1;207;1041;7.64;146.04;;;
37.592175;-0.874648;179;0;-2;207;1041;7.66;146.02;;;
37.592014;-0.874549;178;0;-3;207;1041;7.68;146;;;
37.591857;-0.874439;178;0;-3;207;1041;7.7;145.98;;;
37.591687;-0.874416;177;0;-4;207;1041;7.72;145.96;;;
37.591544;-0.874545;176;0;-4;207;1041;7.74;145.94;;;
37.591437;-0.874726;175;0;-5;207;1041;7.76;145.92;;;
37.591358;-0.874929;174;0;-5;207;1041;7.78;145.9;;;
37.591300;-0.875144;173;0;-5;207;1041;7.8;145.88;;;
37.591243;-0.875359;172;0;-5;207;1041;7.82;145.86;;;
37.591185;-0.875574;171;0;-5;207;1041;7.84;145.84;;;
37.591113;-0.875781;170;0;-5;207;1041;7.86;145.82;;;
37.591025;-0.875978;169;0;-5;207;1041;7.88;145.8;;;
37.590906;-0.876148;168;0;-6;207;1041;7.9;145.78;;;
37.590787;-0.876318;166;0;-8;207;1041;7.92;145.76;;;
37.590637;-0.876443;165;0;-8;207;1041;7.94;145.74;;;
37.590473;-0.876534;164;0;-8;207;1041;7.96;145.72;;;
37.590301;-0.876531;161;0;-8;207;1041;7.98;145.7;;;
37.590171;-0.876374;159;0;-8;207;1041;8;145.68;;;
37.590075;-0.876182;157;0;-9;207;1041;8.02;145.66;;;
37.589891;-0.875793;155;0;-8;207;1041;8.06;145.62;;;
37.589763;-0.875638;153;0;-7;207;1041;8.08;145.6;;;
37.589597;-0.875562;151;0;-7;207;1041;8.1;145.58;;;
37.589243;-0.875611;148;0;-8;207;1041;8.14;145.54;;;
37.589067;-0.875659;147;0;-8;207;1041;8.16;145.52;;;
37.588890;-0.875699;146;0;-8;207;1041;8.18;145.5;;;
37.588587;-0.875218;140;0;-9;207;1041;8.24;145.44;;;
37.588560;-0.874994;138;0;-9;207;1041;8.26;145.42;;;
37.588188;-0.874527;133;0;-8;207;1041;8.32;145.36;;;
37.588042;-0.874396;131;0;-7;207;1041;8.34;145.34;;;
37.587936;-0.874213;130;0;-6;207;1041;8.36;145.32;;;
37.587724;-0.873846;128;0;-6;207;1041;8.4;145.28;;;
37.587627;-0.873657;127;0;-6;207;1041;8.42;145.26;;;
37.587566;-0.873443;126;0;-6;207;1041;8.44;145.24;;;
37.587539;-0.872995;123;0;-7;207;1041;8.48;145.2;;;
37.587539;-0.872768;122;0;-7;207;1041;8.5;145.18;;;
37.587555;-0.872543;120;0;-7;207;1041;8.52;145.16;;;
37.587720;-0.872144;117;0;-7;207;1041;8.56;145.12;;;
37.587827;-0.871961;116;0;-7;207;1041;8.58;145.1;;;
37.587934;-0.871779;115;0;-6;207;1041;8.6;145.08;;;
37.588103;-0.871381;112;0;-6;207;1041;8.64;145.04;;;
37.588177;-0.871174;111;0;-6;207;1041;8.66;145.02;;;
37.588279;-0.870987;110;0;-6;207;1041;8.68;145;;;
37.588554;-0.870405;106;0;-7;207;1041;8.74;144.94;;;
37.588584;-0.870186;104;0;-8;207;1041;8.76;144.92;;;
37.588218;-0.869769;99;0;-8;207;1041;8.82;144.86;;;
37.588041;-0.869734;98;0;-7;207;1041;8.84;144.84;;;
37.587861;-0.869725;97;0;-7;207;1041;8.86;144.82;;;
37.587511;-0.869645;94;0;-6;207;1041;8.9;144.78;;;
37.587342;-0.869566;93;0;-6;207;1041;8.92;144.76;;;
37.587164;-0.869538;92;0;-6;207;1041;8.94;144.74;;;
37.586817;-0.869443;89;0;-6;207;1041;8.98;144.7;;;
37.586667;-0.869317;88;0;-6;207;1041;9;144.68;;;
37.586511;-0.869206;87;0;-6;207;1041;9.02;144.66;;;
37.586186;-0.869011;85;0;-5;207;1041;9.06;144.62;;;
37.586023;-0.868914;84;0;-5;207;1041;9.08;144.6;;;
37.585861;-0.868816;83;0;-5;207;1041;9.1;144.58;;;
37.585563;-0.868569;81;0;-5;207;1041;9.14;144.54;;;
37.585428;-0.868420;80;0;-5;207;1041;9.16;144.52;;;
37.585291;-0.868272;79;0;-5;207;1041;9.18;144.5;;;
37.584854;-0.867873;76;0;-6;207;1041;9.24;144.44;;;
37.584710;-0.867738;75;0;-6;207;1041;9.26;144.42;;;
37.584472;-0.867145;71;0;-7;207;1041;9.32;144.36;;;
37.584417;-0.866930;70;0;-7;207;1041;9.34;144.34;;;
37.584314;-0.866746;68;0;-6;207;1041;9.36;144.32;;;
37.584014;-0.866502;65;0;-6;207;1041;9.4;144.28;;;
37.583852;-0.866402;65;0;-6;207;1041;9.42;144.26;;;
37.583691;-0.866303;64;0;-5;207;1041;9.44;144.24;;;
37.583368;-0.866102;62;0;-8;207;1041;9.48;144.2;;;
37.583210;-0.865994;61;0;-8;207;1041;9.5;144.18;;;
37.583058;-0.865874;59;0;-9;207;1041;9.52;144.16;;;
37.583061;-0.865507;53;0;-9;207;1041;9.56;144.12;;;
37.583226;-0.865417;51;0;-9;207;1041;9.58;144.1;;;
37.583400;-0.865367;49;0;-9;207;1041;9.6;144.08;;;
37.583759;-0.865387;47;0;-7;207;1041;9.64;144.04;;;
37.583938;-0.865403;46;0;-6;207;1041;9.66;144.02;;;
37.584118;-0.865419;45;0;-6;207;1041;9.68;144;;;
37.584649;-0.865353;41;0;-6;207;1041;9.74;143.94;;;
37.584816;-0.865268;40;0;-6;207;1041;9.76;143.92;;;
37.585296;-0.864960;36;0;-6;207;1041;9.82;143.86;;;
37.585455;-0.864852;35;0;-6;207;1041;9.84;143.84;;;
37.585613;-0.864744;34;0;-6;207;1041;9.86;143.82;;;
37.585891;-0.864465;32;0;-5;207;1041;9.9;143.78;;;
37.586010;-0.864294;31;0;-5;207;1041;9.92;143.76;;;
37.586123;-0.864118;30;0;-5;207;1041;9.94;143.74;;;
37.586330;-0.863747;28;0;-4;207;1041;9.98;143.7;;;
37.586433;-0.863561;27;0;-4;207;1041;10;143.68;;;
37.586537;-0.863375;26;0;-4;207;1041;10.02;143.66;;;
37.586743;-0.863004;25;0;-5;207;1041;10.06;143.62;;;
37.586854;-0.862825;24;0;-5;207;1041;10.08;143.6;;;
37.586967;-0.862649;22;0;-5;207;1041;10.1;143.58;;;
37.587215;-0.862321;20;0;-5;207;1041;10.14;143.54;;;
37.587350;-0.862170;19;0;-5;207;1041;10.16;143.52;;;
37.587484;-0.862019;18;0;-4;207;1041;10.18;143.5;;;
37.587876;-0.861556;16;0;-4;207;1041;10.24;143.44;;;
37.587957;-0.861354;15;0;-4;207;1041;10.26;143.42;;;
37.587996;-0.861132;14;0;-4;207;1041;10.28;143.4;;;
37.588033;-0.860910;13;0;-4;207;1041;10.3;143.38;;;
37.588069;-0.860688;13;0;-4;207;1041;10.32;143.36;;;
37.588107;-0.860466;12;0;-4;207;1041;10.34;143.34;;;
37.588144;-0.860243;11;0;-4;207;1041;10.36;143.32;;;
37.588180;-0.860021;11;0;-3;207;1041;10.38;143.3;;;
37.588217;-0.859799;10;0;-3;207;1041;10.4;143.28;;;
37.588255;-0.859577;9;0;-3;207;1041;10.42;143.26;;;
37.588292;-0.859355;9;0;-3;207;1041;10.44;143.24;;;
37.588328;-0.859133;8;0;-3;207;1041;10.46;143.22;;;
37.588379;-0.858916;8;0;-3;207;1041;10.48;143.2;;;
37.588462;-0.858716;7;0;-2;207;1041;10.5;143.18;;;
37.588578;-0.858544;6;0;-2;207;1041;10.52;143.16;;;
37.588704;-0.858382;6;0;-2;207;1041;10.54;143.14;;;
37.588830;-0.858220;6;0;-2;207;1041;10.56;143.12;;;
37.588956;-0.858058;5;0;-1;207;1041;10.58;143.1;;;
37.589075;-0.857888;5;0;-1;207;1041;10.6;143.08;;;
37.589191;-0.857714;5;0;-1;207;1041;10.62;143.06;;;
37.589305;-0.857539;5;0;-1;207;1041;10.64;143.04;;;
37.589420;-0.857364;5;0;-1;207;1041;10.66;143.02;;;
37.589533;-0.857188;5;0;-1;207;1041;10.68;143;;;
37.589645;-0.857011;4;0;0;207;1041;10.7;142.98;;;
37.589758;-0.856833;4;0;0;207;1041;10.72;142.96;;;
37.589869;-0.856655;4;0;0;207;1041;10.74;142.94;;;
37.589963;-0.856463;4;0;0;207;1041;10.76;142.92;;;
37.589993;-0.856240;4;0;0;207;1041;10.78;142.9;;;
37.590097;-0.856060;5;0;1;207;1041;10.8;142.88;6;;
37.590188;-0.855869;5;0;1;207;1041;10.82;142.86;;;
37.590257;-0.855659;5;0;1;207;1041;10.84;142.84;;;
37.590324;-0.855448;5;0;1;208;1040;10.86;142.82;;;
37.590395;-0.855239;5;0;1;208;1040;10.88;142.8;;;
37.590469;-0.855032;6;0;1;208;1040;10.9;142.78;;;
37.590541;-0.854825;6;0;1;208;1040;10.92;142.76;;;
37.590602;-0.854612;6;0;1;209;1039;10.94;142.74;;;
37.590626;-0.854388;7;0;1;209;1039;10.96;142.72;;;
37.590618;-0.854162;7;0;1;209;1039;10.98;142.7;;;
37.590606;-0.853935;7;0;1;210;1038;11;142.68;;;
37.590593;-0.853709;7;0;1;210;1038;11.02;142.66;;;
37.590580;-0.853482;8;0;1;210;1038;11.04;142.64;;;
37.590567;-0.853256;8;0;1;210;1038;11.06;142.62;;;
37.590554;-0.853029;8;0;1;211;1037;11.08;142.6;;;
37.590542;-0.852803;8;0;1;211;1037;11.1;142.58;;;
37.590529;-0.852577;9;0;2;211;1037;11.12;142.56;;;
37.590516;-0.852350;9;0;2;211;1037;11.14;142.54;;;
37.590504;-0.852124;9;0;2;212;1036;11.16;142.52;;;
37.590493;-0.851897;10;0;2;212;1036;11.18;142.5;;;
37.590464;-0.851674;10;0;2;213;1035;11.2;142.48;;;
37.590416;-0.851455;11;0;2;213;1035;11.22;142.46;;;
37.590363;-0.851238;11;0;2;214;1034;11.24;142.44;;;
37.590311;-0.851021;11;0;2;214;1034;11.26;142.42;;;
37.590257;-0.850804;12;0;2;214;1034;11.28;142.4;;;
37.590198;-0.850590;12;0;2;215;1033;11.3;142.38;;;
37.590136;-0.850377;13;0;2;215;1033;11.32;142.36;;;
37.590061;-0.850173;13;0;2;216;1032;11.34;142.34;;;
37.589934;-0.850014;14;0;2;216;1032;11.36;142.32;;;
37.589798;-0.849865;14;0;2;217;1031;11.38;142.3;;;
37.589662;-0.849716;14;0;2;217;1031;11.4;142.28;;;
37.589534;-0.849557;15;0;2;217;1031;11.42;142.26;;;
37.589413;-0.849390;15;0;2;218;1030;11.44;142.24;;;
37.589325;-0.849195;15;0;2;218;1030;11.46;142.22;;;
37.589296;-0.848971;16;0;2;218;1030;11.48;142.2;;;
37.589308;-0.848747;16;0;2;219;1029;11.5;142.18;;;
37.589333;-0.848522;17;0;2;219;1029;11.52;142.16;;;
37.589321;-0.848297;17;0;2;220;1028;11.54;142.14;;;
37.589264;-0.848082;18;0;2;220;1028;11.56;142.12;;;
37.589204;-0.847868;18;0;1;220;1028;11.58;142.1;;;
37.589143;-0.847654;18;0;1;221;1027;11.6;142.08;;;
37.589081;-0.847441;18;0;1;221;1027;11.62;142.06;;;
37.589019;-0.847228;19;0;1;221;1027;11.64;142.04;;;
37.588956;-0.847015;19;0;1;221;1027;11.66;142.02;;;
37.588914;-0.846797;19;0;1;221;1027;11.68;142;;;
37.588902;-0.846571;19;0;1;222;1026;11.7;141.98;;;
37.588890;-0.846344;19;0;1;222;1026;11.72;141.96;;;
37.588877;-0.846118;19;0;0;222;1026;11.74;141.94;;;
37.588865;-0.845891;19;0;0;222;1026;11.76;141.92;;;
37.588853;-0.845665;19;0;0;222;1026;11.78;141.9;;;
37.588840;-0.845438;20;0;0;222;1026;11.8;141.88;;;
37.588828;-0.845212;20;0;0;222;1026;11.82;141.86;;;
37.588816;-0.844985;20;0;0;222;1026;11.84;141.84;;;
37.588804;-0.844759;20;0;0;222;1026;11.86;141.82;;;
37.588792;-0.844533;20;0;0;222;1026;11.88;141.8;;;
37.588779;-0.844306;20;0;1;222;1026;11.9;141.78;;;
37.588806;-0.844083;20;0;1;222;1026;11.92;141.76;;;
37.588867;-0.843870;20;0;1;223;1025;11.94;141.74;;;
37.588943;-0.843664;20;0;1;223;1025;11.96;141.72;;;
37.589008;-0.843453;20;0;1;223;1025;11.98;141.7;;;
37.589040;-0.843232;21;0;1;223;1025;12;141.68;;;
37.589042;-0.843005;21;0;1;223;1025;12.02;141.66;;;
37.589044;-0.842778;21;0;1;223;1025;12.04;141.64;;;
37.589046;-0.842551;21;0;1;223;1025;12.06;141.62;;;
37.589048;-0.842324;21;0;1;223;1025;12.08;141.6;;;
37.589050;-0.842097;21;0;1;224;1024;12.1;141.58;;;
37.589053;-0.841870;21;0;1;224;1024;12.12;141.56;;;
37.589054;-0.841643;21;0;1;224;1024;12.14;141.54;;;
37.589056;-0.841416;22;0;1;224;1024;12.16;141.52;;;
37.589058;-0.841189;22;0;1;224;1024;12.18;141.5;;;
37.589054;-0.840962;22;0;1;224;1024;12.2;141.48;;;
37.589044;-0.840736;22;0;1;225;1023;12.22;141.46;;;
37.589034;-0.840509;22;0;1;225;1023;12.24;141.44;;;
37.588997;-0.840289;22;0;1;225;1023;12.26;141.42;;;
37.588912;-0.840090;23;0;1;225;1023;12.28;141.4;;;
37.588819;-0.839896;23;0;1;226;1022;12.3;141.38;;;
37.588726;-0.839702;23;0;1;226;1022;12.32;141.36;;;
37.588633;-0.839508;24;0;1;226;1022;12.34;141.34;;;
37.588539;-0.839314;24;0;1;226;1022;12.36;141.32;;;
37.588444;-0.839121;24;0;1;227;1021;12.38;141.3;;;
37.588348;-0.838929;25;0;1;227;1021;12.4;141.28;;;
37.588251;-0.838738;25;0;1;227;1021;12.42;141.26;;;
37.588154;-0.838547;25;0;2;227;1021;12.44;141.24;;;
37.588066;-0.838350;25;0;2;227;1021;12.46;141.22;;;
37.588030;-0.838130;26;0;2;228;1020;12.48;141.2;;;
37.588066;-0.837909;26;0;2;229;1019;12.5;141.18;;;
37.588149;-0.837709;27;0;3;229;1019;12.52;141.16;;;
37.588287;-0.837566;27;0;3;230;1018;12.54;141.14;;;
37.588462;-0.837529;28;0;4;230;1018;12.56;141.12;;;
37.588641;-0.837506;28;0;4;231;1017;12.58;141.1;;;
37.588820;-0.837482;29;0;5;231;1017;12.6;141.08;7;;
37.588962;-0.837352;30;0;5;232;1016;12.62;141.06;;;
37.589122;-0.837342;32;0;5;234;1014;12.64;141.04;;;
37.589285;-0.837302;33;0;5;236;1012;12.66;141.02;;;
37.589360;-0.837095;34;0;6;236;1012;12.68;141;;;
37.589434;-0.836888;34;0;6;237;1011;12.7;140.98;;;
37.589508;-0.836681;35;0;5;238;1010;12.72;140.96;;;
37.589593;-0.836483;36;0;5;239;1009;12.74;140.94;;;
37.589722;-0.836327;38;0;5;240;1008;12.76;140.92;;;
37.589886;-0.836247;39;0;5;242;1006;12.78;140.9;;;
37.590066;-0.836239;40;0;5;242;1006;12.8;140.88;;;
37.590245;-0.836231;41;0;5;243;1005;12.82;140.86;;;
37.590425;-0.836223;42;0;5;244;1004;12.84;140.84;;;
37.590605;-0.836215;42;0;6;245;1003;12.86;140.82;;;
37.590785;-0.836207;43;0;6;246;1002;12.88;140.8;;;
37.590964;-0.836201;44;0;6;247;1001;12.9;140.78;;;
37.591116;-0.836316;47;0;6;249;999;12.92;140.76;;;
37.591213;-0.836506;48;0;7;250;998;12.94;140.74;;;
37.591305;-0.836701;49;0;8;251;997;12.96;140.72;;;
37.591396;-0.836897;50;0;9;252;996;12.98;140.7;;;
37.591506;-0.837073;51;0;9;254;994;13;140.68;;;
37.591658;-0.837187;54;0;9;257;991;13.02;140.66;;;
37.591835;-0.837175;57;0;9;259;989;13.04;140.64;;;
37.591994;-0.837071;59;0;9;261;987;13.06;140.62;;;
37.592058;-0.836868;61;0;9;264;984;13.08;140.6;;;
37.592062;-0.836642;63;0;9;265;983;13.1;140.58;;;
37.592042;-0.836417;64;0;9;267;981;13.12;140.56;;;
37.592023;-0.836191;66;0;8;268;980;13.14;140.54;;;
37.592038;-0.835966;68;0;8;270;978;13.16;140.52;;;
37.592134;-0.835775;69;0;8;272;976;13.18;140.5;;;
37.592267;-0.835632;70;0;8;273;975;13.2;140.48;;;
37.592426;-0.835527;72;0;8;274;974;13.22;140.46;;;
37.592559;-0.835377;74;0;8;277;971;13.24;140.44;;;
37.592642;-0.835177;76;0;8;279;969;13.26;140.42;;;
37.592673;-0.834953;78;0;8;280;968;13.28;140.4;;;
37.592684;-0.834727;79;0;9;282;966;13.3;140.38;;;
37.592687;-0.834500;81;0;8;283;965;13.32;140.36;;;
37.592676;-0.834274;82;0;9;285;963;13.34;140.34;;;
37.592665;-0.834047;84;0;9;286;962;13.36;140.32;;;
37.592635;-0.833825;85;0;9;288;960;13.38;140.3;;;
37.592599;-0.833604;88;0;9;290;958;13.4;140.28;;;
37.592638;-0.833385;90;0;9;293;955;13.42;140.26;;;
37.592728;-0.833193;93;0;9;295;953;13.44;140.24;;;
37.592842;-0.833017;95;0;9;297;951;13.46;140.22;;;
37.592932;-0.832824;97;0;9;300;948;13.48;140.2;;;
37.592948;-0.832604;99;0;9;302;946;13.5;140.18;;;
37.592905;-0.832386;101;0;9;304;944;13.52;140.16;;;
37.592842;-0.832173;103;0;9;306;942;13.54;140.14;;;
37.592779;-0.831960;105;0;9;307;941;13.56;140.12;;;
37.592769;-0.831734;107;0;9;310;938;13.58;140.1;;;
37.592763;-0.831508;109;0;9;312;936;13.6;140.08;;;
37.592845;-0.831308;112;0;9;315;933;13.62;140.06;;;
37.592978;-0.831159;115;0;9;317;931;13.64;140.04;;;
37.593139;-0.831059;116;0;9;319;929;13.66;140.02;;;
37.593293;-0.830945;118;0;9;321;927;13.68;140;;;
37.593365;-0.830754;121;0;9;324;924;13.7;139.98;;;
37.593352;-0.830528;122;0;8;325;923;13.72;139.96;;;
37.593300;-0.830313;124;0;8;326;922;13.74;139.94;;;
37.593233;-0.830102;125;0;7;327;921;13.76;139.92;;;
37.593174;-0.829888;126;0;6;329;919;13.78;139.9;;;
37.593148;-0.829664;128;0;6;330;918;13.8;139.88;;;
37.593134;-0.829439;129;0;6;332;916;13.82;139.86;;;
37.593154;-0.829213;130;0;6;333;915;13.84;139.84;;;
37.593172;-0.828987;131;0;5;334;914;13.86;139.82;;;
37.593191;-0.828762;132;0;5;335;913;13.88;139.8;;;
37.593218;-0.828537;133;0;5;335;913;13.9;139.78;;;
37.593244;-0.828313;134;0;5;336;912;13.92;139.76;;;
37.593287;-0.828094;135;0;5;338;910;13.94;139.74;;;
37.593374;-0.827896;136;0;5;339;909;13.96;139.72;;;
37.593467;-0.827702;137;0;5;340;908;13.98;139.7;;;
37.593560;-0.827507;138;0;5;340;908;14;139.68;;;
37.593624;-0.827296;139;0;4;341;907;14.02;139.66;;;
37.593639;-0.827073;140;0;4;343;905;14.04;139.64;;;
37.593586;-0.826857;141;0;4;343;905;14.06;139.62;;;
37.593517;-0.826648;141;0;3;344;904;14.08;139.6;;;
37.593448;-0.826438;142;0;3;344;904;14.1;139.58;;;
37.593379;-0.826228;142;0;2;345;903;14.12;139.56;;;
37.593349;-0.826005;143;0;2;345;903;14.14;139.54;;;
37.593350;-0.825778;143;0;2;346;902;14.16;139.52;;;
37.593380;-0.825554;143;0;1;346;902;14.18;139.5;;;
37.593408;-0.825330;144;0;1;346;902;14.2;139.48;;;
37.593459;-0.825112;144;0;1;346;902;14.22;139.46;;;
37.593509;-0.824894;144;0;0;346;902;14.24;139.44;;;
37.593606;-0.824711;144;0;0;346;902;14.26;139.42;;;
37.593737;-0.824556;144;0;0;346;902;14.28;139.4;;;
37.593891;-0.824439;144;0;-1;346;902;14.3;139.38;;;
37.594045;-0.824322;144;0;-1;346;902;14.32;139.36;;;
37.594200;-0.824208;144;0;-1;346;902;14.34;139.34;;;
37.594371;-0.824141;143;0;-2;346;902;14.36;139.32;;;
37.594550;-0.824129;143;0;-2;346;902;14.38;139.3;;;
37.594730;-0.824139;142;0;-2;346;902;14.4;139.28;;;
37.594908;-0.824165;142;0;-3;346;902;14.42;139.26;;;
37.595087;-0.824190;141;0;-3;346;902;14.44;139.24;;;
37.595265;-0.824173;141;0;-3;346;902;14.46;139.22;;;
37.595428;-0.824086;140;0;-3;346;902;14.48;139.2;;;
37.595570;-0.823948;139;0;-3;346;902;14.5;139.18;;;
37.595677;-0.823766;138;0;-3;346;902;14.52;139.16;;;
37.595760;-0.823565;138;0;-3;346;902;14.54;139.14;;;
37.595844;-0.823365;137;0;-3;346;902;14.56;139.12;;;
37.595928;-0.823164;137;0;-3;346;902;14.58;139.1;;;
37.596011;-0.822962;136;0;-3;346;902;14.6;139.08;;;
37.596094;-0.822761;135;0;-3;346;902;14.62;139.06;;;
37.596178;-0.822560;135;0;-3;346;902;14.64;139.04;;;
37.596262;-0.822359;134;0;-4;346;902;14.66;139.02;;;
37.596345;-0.822158;134;0;-4;346;902;14.68;139;;;
37.596433;-0.821962;133;0;-4;346;902;14.7;138.98;;;
37.596564;-0.821805;132;0;-4;346;902;14.72;138.96;;;
37.596720;-0.821695;131;0;-4;346;902;14.74;138.94;;;
37.596885;-0.821604;130;0;-4;346;902;14.76;138.92;;;
37.597049;-0.821512;129;0;-4;346;902;14.78;138.9;;;
37.597214;-0.821419;129;0;-4;346;902;14.8;138.88;;;
37.597370;-0.821308;128;0;-4;346;902;14.82;138.86;;;
37.597515;-0.821175;127;0;-4;346;902;14.84;138.84;;;
37.597642;-0.821015;126;0;-4;346;902;14.86;138.82;;;
37.597757;-0.820841;126;0;-4;346;902;14.88;138.8;;;
37.597873;-0.820667;125;0;-3;346;902;14.9;138.78;;;
37.597988;-0.820493;124;0;-3;346;902;14.92;138.76;;;
37.598103;-0.820318;124;0;-3;346;902;14.94;138.74;;;
37.598205;-0.820131;123;0;-3;346;902;14.96;138.72;;;
37.598293;-0.819933;122;0;-3;346;902;14.98;138.7;;;
37.598370;-0.819729;122;0;-3;346;902;15;138.68;;;
37.598448;-0.819524;121;0;-3;346;902;15.02;138.66;;;
37.598525;-0.819319;121;0;-3;346;902;15.04;138.64;;;
37.598602;-0.819114;120;0;-3;346;902;15.06;138.62;;;
37.598679;-0.818909;120;0;-3;346;902;15.08;138.6;;;
37.598757;-0.818704;119;0;-2;346;902;15.1;138.58;;;
37.598835;-0.818499;119;0;-2;346;902;15.12;138.56;;;
37.598912;-0.818294;118;0;-2;346;902;15.14;138.54;;;
37.598989;-0.818089;118;0;-2;346;902;15.16;138.52;;;
37.599067;-0.817884;117;0;-2;346;902;15.18;138.5;;;
37.599145;-0.817680;117;0;-2;346;902;15.2;138.48;;;
37.599222;-0.817475;117;0;-3;346;902;15.22;138.46;;;
37.599300;-0.817270;116;0;-3;346;902;15.24;138.44;;;
37.599377;-0.817065;116;0;-3;346;902;15.26;138.42;;;
37.599471;-0.816873;115;0;-3;346;902;15.28;138.4;;;
37.599592;-0.816705;114;0;-3;346;902;15.3;138.38;;;
37.599720;-0.816546;113;0;-3;346;902;15.32;138.36;;;
37.599867;-0.816417;113;0;-3;346;902;15.34;138.34;;;
37.600020;-0.816298;112;0;-3;346;902;15.36;138.32;;;
37.600173;-0.816178;112;0;-3;346;902;15.38;138.3;;;
37.600326;-0.816059;111;0;-2;346;902;15.4;138.28;;;
37.600485;-0.815955;111;0;-2;346;902;15.42;138.26;;;
37.600649;-0.815861;110;0;-2;346;902;15.44;138.24;;;
37.600810;-0.815760;110;0;-2;346;902;15.46;138.22;;;
37.600968;-0.815651;110;0;-2;346;902;15.48;138.2;;;
37.601125;-0.815541;109;0;-2;346;902;15.5;138.18;;;
37.601283;-0.815431;109;0;-2;346;902;15.52;138.16;;;
37.601440;-0.815321;109;0;-2;346;902;15.54;138.14;;;
37.601598;-0.815212;108;0;-2;346;902;15.56;138.12;;;
37.601755;-0.815103;108;0;-2;346;902;15.58;138.1;;;
37.601913;-0.814994;107;0;-2;346;902;15.6;138.08;;;
37.602070;-0.814884;107;0;-2;346;902;15.62;138.06;;;
37.602228;-0.814774;107;0;-2;346;902;15.64;138.04;;;
37.602385;-0.814664;106;0;-2;346;902;15.66;138.02;;;
37.602543;-0.814555;106;0;-2;346;902;15.68;138;;;
37.602701;-0.814446;106;0;-2;346;902;15.7;137.98;;;
37.602858;-0.814336;105;0;-2;346;902;15.72;137.96;;;
37.603016;-0.814226;105;0;-2;346;902;15.74;137.94;;;
37.603173;-0.814118;105;0;-2;346;902;15.76;137.92;;;
37.603331;-0.814008;104;0;-2;346;902;15.78;137.9;;;
37.603488;-0.813898;104;0;-2;346;902;15.8;137.88;;;
37.603646;-0.813788;104;0;-2;346;902;15.82;137.86;;;
37.603788;-0.813650;103;0;-2;346;902;15.84;137.84;;;
37.603926;-0.813504;103;0;-2;346;902;15.86;137.82;;;
37.604059;-0.813351;103;0;-2;346;902;15.88;137.8;;;
37.604177;-0.813180;102;0;-2;346;902;15.9;137.78;;;
37.604286;-0.813000;102;0;-2;346;902;15.92;137.76;;;
37.604390;-0.812814;101;0;-2;346;902;15.94;137.74;;;
37.604493;-0.812628;101;0;-2;346;902;15.96;137.72;;;
37.604596;-0.812442;101;0;-2;346;902;15.98;137.7;;;
37.604699;-0.812257;100;0;-2;346;902;16;137.68;;;
37.604803;-0.812071;100;0;-2;346;902;16.02;137.66;;;
37.604907;-0.811885;100;0;-2;346;902;16.04;137.64;;;
37.605320;-0.811142;98;0;-2;346;902;16.12;137.56;;;
37.605424;-0.810957;98;0;-2;346;902;16.14;137.54;;;
37.605527;-0.810771;98;0;-2;346;902;16.16;137.52;;;
37.605630;-0.810585;97;0;-2;346;902;16.18;137.5;;;
37.605734;-0.810399;97;0;-2;346;902;16.2;137.48;;;
37.605838;-0.810214;97;0;-2;346;902;16.22;137.46;;;
37.606148;-0.809656;96;0;-1;346;902;16.28;137.4;;;
37.606251;-0.809471;96;0;-1;346;902;16.3;137.38;;;
37.606355;-0.809285;95;0;-1;346;902;16.32;137.36;;;
37.606458;-0.809099;95;0;-1;346;902;16.34;137.34;;;
37.606561;-0.808913;95;0;-1;346;902;16.36;137.32;;;
37.606665;-0.808728;95;0;-1;346;902;16.38;137.3;;;
37.607061;-0.807970;94;0;-2;346;902;16.46;137.22;;;
37.607156;-0.807777;93;0;-2;346;902;16.48;137.2;;;
37.607230;-0.807573;93;0;-2;346;902;16.5;137.18;;;
37.607267;-0.807353;92;0;-2;346;902;16.52;137.16;;;
37.607419;-0.807247;91;0;-2;346;902;16.54;137.14;;;
37.607907;-0.806592;90;0;-1;346;902;16.62;137.06;;;
37.608012;-0.806408;90;0;-1;346;902;16.64;137.04;;;
37.608117;-0.806223;90;0;-1;346;902;16.66;137.02;;;
37.608225;-0.806041;89;0;-1;346;902;16.68;137;;;
37.608334;-0.805861;89;0;-1;346;902;16.7;136.98;;;
37.608442;-0.805680;89;0;-1;346;902;16.72;136.96;;;
37.608761;-0.805130;88;0;-1;346;902;16.78;136.9;;;
37.608864;-0.804944;88;0;-1;346;902;16.8;136.88;;;
37.608968;-0.804759;88;0;-1;346;902;16.82;136.86;;;
37.609071;-0.804573;87;0;-1;346;902;16.84;136.84;;;
37.609175;-0.804387;87;0;-1;346;902;16.86;136.82;;;
37.609279;-0.804202;87;0;-1;346;902;16.88;136.8;;;
37.609693;-0.803460;86;0;-1;346;902;16.96;136.72;;;
37.609796;-0.803273;86;0;-1;346;902;16.98;136.7;;;
37.609899;-0.803088;85;0;-1;346;902;17;136.68;;;
37.610003;-0.802902;85;0;-1;346;902;17.02;136.66;;;
37.610107;-0.802716;85;0;-1;346;902;17.04;136.64;;;
37.610521;-0.801974;84;0;-1;346;902;17.12;136.56;;;
37.610625;-0.801788;84;0;-1;346;902;17.14;136.54;;;
37.610729;-0.801603;83;0;-1;346;902;17.16;136.52;;;
37.610832;-0.801417;83;0;-2;346;902;17.18;136.5;;;
37.610935;-0.801231;83;0;-2;346;902;17.2;136.48;;;
37.611039;-0.801046;82;0;-2;346;902;17.22;136.46;;;
37.611350;-0.800489;81;0;-2;346;902;17.28;136.4;;;
37.611438;-0.800292;81;0;-2;346;902;17.3;136.38;;;
37.611517;-0.800088;81;0;-2;346;902;17.32;136.36;;;
37.611596;-0.799884;80;0;-3;346;902;17.34;136.34;;;
37.611675;-0.799680;80;0;-3;346;902;17.36;136.32;;;
37.611748;-0.799473;79;0;-4;346;902;17.38;136.3;;;
37.612094;-0.798722;75;0;-4;346;902;17.46;136.22;;;
37.612181;-0.798523;75;0;-3;346;902;17.48;136.2;;;
37.612268;-0.798325;74;0;-3;346;902;17.5;136.18;;;
37.612355;-0.798126;74;0;-2;346;902;17.52;136.16;;;
37.612442;-0.797927;73;0;-2;346;902;17.54;136.14;;;
37.612791;-0.797133;71;0;-3;346;902;17.62;136.06;;;
37.612877;-0.796934;71;0;-3;346;902;17.64;136.04;;;
37.612968;-0.796738;70;0;-3;346;902;17.66;136.02;;;
37.613060;-0.796543;70;0;-3;346;902;17.68;136;;;
37.613151;-0.796347;69;0;-3;346;902;17.7;135.98;;;
37.613242;-0.796151;69;0;-3;346;902;17.72;135.96;;;
37.613545;-0.795588;66;0;-3;346;902;17.78;135.9;;;
37.613679;-0.795436;66;0;-3;346;902;17.8;135.88;;;
37.613812;-0.795284;65;0;-3;346;902;17.82;135.86;;;
37.613945;-0.795131;65;0;-3;346;902;17.84;135.84;;;
37.614078;-0.794979;64;0;-3;346;902;17.86;135.82;;;
37.614212;-0.794827;64;0;-3;346;902;17.88;135.8;;;
37.614745;-0.794217;61;0;-3;346;902;17.96;135.72;;;
37.614879;-0.794065;60;0;-3;346;902;17.98;135.7;;;
37.615013;-0.793913;60;0;-3;346;902;18;135.68;;;
37.615146;-0.793761;59;0;-3;346;902;18.02;135.66;;;
37.615279;-0.793608;59;0;-3;346;902;18.04;135.64;;;
37.615813;-0.793000;56;0;-3;346;902;18.12;135.56;;;
37.615947;-0.792848;55;0;-3;346;902;18.14;135.54;;;
37.616080;-0.792696;55;0;-3;346;902;18.16;135.52;;;
37.616214;-0.792543;54;0;-3;346;902;18.18;135.5;;;
37.616347;-0.792391;54;0;-3;346;902;18.2;135.48;;;
37.616480;-0.792238;53;0;-3;346;902;18.22;135.46;;;
37.616881;-0.791782;51;0;-3;346;902;18.28;135.4;;;
37.617014;-0.791629;51;0;-3;346;902;18.3;135.38;;;
37.617148;-0.791477;50;0;-3;346;902;18.32;135.36;;;
37.617281;-0.791325;49;0;-3;346;902;18.34;135.34;;;
37.617415;-0.791173;49;0;-3;346;902;18.36;135.32;;;
37.617548;-0.791020;48;0;-3;346;902;18.38;135.3;;;
37.618082;-0.790412;46;0;-3;346;902;18.46;135.22;;;
37.618215;-0.790259;46;0;-2;346;902;18.48;135.2;;;
37.618349;-0.790107;45;0;-2;346;902;18.5;135.18;;;
37.618482;-0.789955;45;0;-2;346;902;18.52;135.16;;;
37.618616;-0.789803;44;0;-2;346;902;18.54;135.14;;;
37.619150;-0.789194;43;0;-2;346;902;18.62;135.06;;;
37.619283;-0.789042;42;0;-2;346;902;18.64;135.04;;;
37.619416;-0.788889;42;0;-2;346;902;18.66;135.02;;;
37.619550;-0.788736;42;0;-2;346;902;18.68;135;;;
37.619683;-0.788585;41;0;-2;346;902;18.7;134.98;;;
37.619817;-0.788433;41;0;-2;346;902;18.72;134.96;;;
37.620217;-0.787976;40;0;-2;346;902;18.78;134.9;;;
37.620351;-0.787824;39;0;-2;346;902;18.8;134.88;;;
37.620484;-0.787672;39;0;-2;346;902;18.82;134.86;;;
37.620618;-0.787519;39;0;-2;346;902;18.84;134.84;;;
37.620751;-0.787367;38;0;-2;346;902;18.86;134.82;;;
37.620886;-0.787217;38;0;-2;346;902;18.88;134.8;;;
37.621424;-0.786614;37;0;-1;346;902;18.96;134.72;;;
37.621559;-0.786463;36;0;-1;346;902;18.98;134.7;;;
37.621694;-0.786313;36;0;-1;346;902;19;134.68;;;
37.621828;-0.786163;36;0;-1;346;902;19.02;134.66;;;
37.621962;-0.786010;36;0;-1;346;902;19.04;134.64;;;
37.622474;-0.785373;35;0;-2;346;902;19.12;134.56;;;
37.622579;-0.785192;35;0;-2;346;902;19.14;134.54;;;
37.622644;-0.784980;34;0;-2;346;902;19.16;134.52;;;
37.622761;-0.784828;34;0;-2;346;902;19.18;134.5;;;
37.622938;-0.784801;33;0;-1;346;902;19.2;134.48;;;
37.623099;-0.784706;33;0;-1;346;902;19.22;134.46;;;
37.623501;-0.784254;33;0;-1;346;902;19.28;134.4;;;
37.623635;-0.784102;32;0;-1;346;902;19.3;134.38;;;
37.623769;-0.783950;32;0;-1;346;902;19.32;134.36;;;
37.623903;-0.783798;32;0;-1;346;902;19.34;134.34;;;
37.624036;-0.783646;32;0;-1;346;902;19.36;134.32;;;
37.624181;-0.783511;32;0;-1;346;902;19.38;134.3;;;
37.624724;-0.782988;31;0;-1;346;902;19.46;134.22;;;
37.624891;-0.783069;30;0;-1;346;902;19.48;134.2;;;
37.625065;-0.783110;30;0;-1;346;902;19.5;134.18;8;;
37.625242;-0.783096;30;0;-1;346;902;19.52;134.16;;;
37.625417;-0.783042;30;0;-1;346;902;19.54;134.14;;;
37.626115;-0.782821;30;0;-1;346;902;19.62;134.06;;;
37.626289;-0.782767;30;0;0;346;902;19.64;134.04;;;
37.626464;-0.782712;29;0;0;346;902;19.66;134.02;;;
37.626638;-0.782657;29;0;0;346;902;19.68;134;;;
37.626813;-0.782602;29;0;0;346;902;19.7;133.98;;;
37.626987;-0.782547;29;0;0;346;902;19.72;133.96;;;
37.627511;-0.782382;29;0;0;346;902;19.78;133.9;;;
37.627685;-0.782327;29;0;-1;346;902;19.8;133.88;;;
37.627860;-0.782272;29;0;0;346;902;19.82;133.86;;;
37.628035;-0.782218;29;0;0;346;902;19.84;133.84;;;
37.628209;-0.782163;29;0;0;346;902;19.86;133.82;;;
37.628384;-0.782107;28;0;-1;346;902;19.88;133.8;;;
37.629023;-0.781727;28;0;0;346;902;19.96;133.72;;;
37.629139;-0.781555;28;0;0;346;902;19.98;133.7;;;
37.629226;-0.781357;28;0;0;346;902;20;133.68;;;
37.629299;-0.781150;28;0;-1;346;902;20.02;133.66;;;
37.629311;-0.780924;28;0;-1;346;902;20.04;133.64;;;
37.629197;-0.780031;27;0;0;346;902;20.12;133.56;;;
37.629161;-0.779809;27;0;0;346;902;20.14;133.54;;;
37.629126;-0.779586;27;0;-1;346;902;20.16;133.52;;;
37.629090;-0.779364;27;0;-1;346;902;20.18;133.5;;;
37.629053;-0.779141;27;0;-1;346;902;20.2;133.48;;;
37.629017;-0.778919;27;0;-1;346;902;20.22;133.46;;;
37.628909;-0.778251;26;0;-1;346;902;20.28;133.4;;;
37.628873;-0.778029;26;0;-1;346;902;20.3;133.38;;;
37.628837;-0.777806;26;0;-1;346;902;20.32;133.36;;;
37.628801;-0.777584;26;0;-1;346;902;20.34;133.34;;;
37.628771;-0.777361;26;0;-1;346;902;20.36;133.32;;;
37.628803;-0.777140;26;0;-1;346;902;20.38;133.3;;;
37.629335;-0.776632;25;0;-1;346;902;20.46;133.22;;;
37.629512;-0.776586;24;0;-1;346;902;20.48;133.2;;;
37.629688;-0.776541;24;0;-1;346;902;20.5;133.18;;;
37.629864;-0.776495;24;0;-1;346;902;20.52;133.16;;;
37.630040;-0.776450;24;0;-1;346;902;20.54;133.14;;;
37.630217;-0.776405;24;0;-1;346;902;20.56;133.12;;;
37.630393;-0.776359;23;0;-1;346;902;20.58;133.1;;;
37.630569;-0.776313;23;0;-1;346;902;20.6;133.08;;;
37.630745;-0.776267;23;0;-1;346;902;20.62;133.06;;;
37.630919;-0.776209;23;0;-1;346;902;20.64;133.04;;;
37.631093;-0.776151;23;0;-1;346;902;20.66;133.02;;;
37.631266;-0.776092;22;0;-1;346;902;20.68;133;;;
37.631440;-0.776034;22;0;-1;346;902;20.7;132.98;;;
37.631614;-0.775975;22;0;-1;346;902;20.72;132.96;;;
37.631788;-0.775917;22;0;-1;346;902;20.74;132.94;;;
37.631962;-0.775859;22;0;-1;346;902;20.76;132.92;;;
37.632136;-0.775800;21;0;-1;346;902;20.78;132.9;;;
37.632309;-0.775742;21;0;-1;346;902;20.8;132.88;;;
37.632483;-0.775684;21;0;-1;346;902;20.82;132.86;;;
37.632657;-0.775626;21;0;-1;346;902;20.84;132.84;;;
37.632831;-0.775567;20;0;-1;346;902;20.86;132.82;;;
37.633005;-0.775508;20;0;-1;346;902;20.88;132.8;;;
37.633179;-0.775450;20;0;-1;346;902;20.9;132.78;;;
37.633352;-0.775392;20;0;-1;346;902;20.92;132.76;;;
37.633526;-0.775334;19;0;-1;346;902;20.94;132.74;;;
37.633700;-0.775275;19;0;-1;346;902;20.96;132.72;;;
37.633874;-0.775216;19;0;-1;346;902;20.98;132.7;;;
37.634048;-0.775158;19;0;-1;346;902;21;132.68;;;
37.634222;-0.775100;18;0;-1;346;902;21.02;132.66;;;
37.634395;-0.775042;18;0;-1;346;902;21.04;132.64;;;
37.634569;-0.774983;18;0;-1;346;902;21.06;132.62;;;
37.634743;-0.774925;18;0;-1;346;902;21.08;132.6;;;
37.634917;-0.774867;18;0;-1;346;902;21.1;132.58;;;
37.635091;-0.774810;17;0;-1;346;902;21.12;132.56;;;
37.635265;-0.774754;17;0;-1;346;902;21.14;132.54;;;
37.635439;-0.774696;17;0;-1;346;902;21.16;132.52;;;
37.635614;-0.774640;17;0;-1;346;902;21.18;132.5;;;
37.635788;-0.774584;16;0;-1;346;902;21.2;132.48;;;
37.635962;-0.774526;16;0;-1;346;902;21.22;132.46;;;
37.636137;-0.774475;16;0;-1;346;902;21.24;132.44;;;
37.636313;-0.774430;16;0;-2;346;902;21.26;132.42;;;
37.636489;-0.774383;16;0;-2;346;902;21.28;132.4;;;
37.636665;-0.774420;15;0;-2;346;902;21.3;132.38;;;
37.636840;-0.774472;15;0;-2;346;902;21.32;132.36;;;
37.636996;-0.774581;14;0;-2;346;902;21.34;132.34;;;
37.637118;-0.774748;14;0;-2;346;902;21.36;132.32;;;
37.637240;-0.774915;13;0;-2;346;902;21.38;132.3;;;
37.637362;-0.775082;13;0;-1;346;902;21.4;132.28;;;
37.637481;-0.775253;13;0;-1;346;902;21.42;132.26;;;
37.637596;-0.775427;13;0;-1;346;902;21.44;132.24;;;
37.637711;-0.775601;13;0;-1;346;902;21.46;132.22;;;
37.637826;-0.775776;12;0;-1;346;902;21.48;132.2;;;
37.637941;-0.775951;12;0;-1;346;902;21.5;132.18;;;
37.638057;-0.776125;12;0;-1;346;902;21.52;132.16;;;
37.638172;-0.776299;12;0;-1;346;902;21.54;132.14;;;
37.638287;-0.776474;12;0;-1;346;902;21.56;132.12;;;
37.638402;-0.776648;11;0;-1;346;902;21.58;132.1;;;
37.638517;-0.776823;11;0;-1;346;902;21.6;132.08;;;
37.638632;-0.776998;11;0;-1;346;902;21.62;132.06;;;
37.638764;-0.777150;11;0;-1;346;902;21.64;132.04;;;
37.638907;-0.777287;11;0;-1;346;902;21.66;132.02;;;
37.639065;-0.777396;10;0;-1;346;902;21.68;132;;;
37.639223;-0.777505;10;0;-1;346;902;21.7;131.98;;;
37.639399;-0.777549;10;0;-1;346;902;21.72;131.96;;;
37.639576;-0.777591;10;0;-1;346;902;21.74;131.94;;;
37.639753;-0.777629;9;0;-1;346;902;21.76;131.92;;;
37.639933;-0.777628;9;0;-1;346;902;21.78;131.9;;;
37.640111;-0.777596;9;0;-1;346;902;21.8;131.88;;;
37.640289;-0.777564;9;0;-1;346;902;21.82;131.86;;;
37.640467;-0.777532;9;0;-1;346;902;21.84;131.84;;;
37.640645;-0.777499;9;0;-1;346;902;21.86;131.82;;;
37.640823;-0.777467;8;0;-1;346;902;21.88;131.8;;;
37.641001;-0.777435;8;0;-1;346;902;21.9;131.78;;;
37.641179;-0.777403;8;0;-1;346;902;21.92;131.76;;;
37.641357;-0.777371;8;0;-1;346;902;21.94;131.74;;;
37.641535;-0.777339;8;0;-1;346;902;21.96;131.72;;;
37.641715;-0.777328;7;0;-1;346;902;21.98;131.7;;;
37.641893;-0.777331;7;0;-1;346;902;22;131.68;;;
37.642066;-0.777393;7;0;-1;346;902;22.02;131.66;;;
37.642236;-0.777466;7;0;-1;346;902;22.04;131.64;;;
37.642404;-0.777547;7;0;-1;346;902;22.06;131.62;;;
37.642569;-0.777637;6;0;-1;346;902;22.08;131.6;;;
37.642733;-0.777731;6;0;-1;346;902;22.1;131.58;;;
37.642897;-0.777824;6;0;-1;346;902;22.12;131.56;;;
37.643058;-0.777925;6;0;-1;346;902;22.14;131.54;;;
37.643204;-0.778057;6;0;-1;346;902;22.16;131.52;;;
37.643351;-0.778189;6;0;-1;346;902;22.18;131.5;;;
37.643497;-0.778321;5;0;-1;346;902;22.2;131.48;;;
37.643643;-0.778453;5;0;-1;346;902;22.22;131.46;;;
37.643789;-0.778585;5;0;-1;346;902;22.24;131.44;;;
37.643936;-0.778718;5;0;-1;346;902;22.26;131.42;;;
37.644082;-0.778850;5;0;-1;346;902;22.28;131.4;;;
37.644228;-0.778982;5;0;-1;346;902;22.3;131.38;;;
37.644375;-0.779114;5;0;0;346;902;22.32;131.36;;;
37.644521;-0.779246;5;0;0;346;902;22.34;131.34;;;
37.644667;-0.779379;4;0;-1;346;902;22.36;131.32;;;
37.644813;-0.779511;4;0;0;346;902;22.38;131.3;;;
37.644960;-0.779643;4;0;0;346;902;22.4;131.28;;;
37.645106;-0.779775;4;0;0;346;902;22.42;131.26;;;
37.645252;-0.779907;4;0;0;346;902;22.44;131.24;;;
37.645399;-0.780039;4;0;0;346;902;22.46;131.22;;;
37.645545;-0.780171;4;0;0;346;902;22.48;131.2;;;
37.645691;-0.780303;4;0;0;346;902;22.5;131.18;;;
37.645838;-0.780436;4;0;0;346;902;22.52;131.16;;;
37.645984;-0.780568;4;0;0;346;902;22.54;131.14;;;
37.646130;-0.780700;4;0;0;346;902;22.56;131.12;;;
37.646276;-0.780832;4;0;0;346;902;22.58;131.1;;;
37.646423;-0.780964;4;0;0;346;902;22.6;131.08;;;
37.646569;-0.781097;4;0;0;346;902;22.62;131.06;;;
37.646715;-0.781229;3;0;0;346;902;22.64;131.04;;;
37.646862;-0.781361;3;0;0;346;902;22.66;131.02;;;
37.647008;-0.781493;3;0;0;346;902;22.68;131;;;
37.647154;-0.781625;3;0;0;346;902;22.7;130.98;;;
37.647301;-0.781757;3;0;0;346;902;22.72;130.96;;;
37.647447;-0.781889;3;0;0;346;902;22.74;130.94;;;
37.647593;-0.782021;3;0;0;346;902;22.76;130.92;;;
37.647740;-0.782153;3;0;0;346;902;22.78;130.9;;;
37.647884;-0.782289;3;0;0;346;902;22.8;130.88;;;
37.648027;-0.782427;3;0;0;346;902;22.82;130.86;;;
37.648170;-0.782565;3;0;0;346;902;22.84;130.84;;;
37.648313;-0.782702;3;0;0;346;902;22.86;130.82;;;
37.648456;-0.782840;3;0;0;346;902;22.88;130.8;;;
37.648597;-0.782980;3;0;0;346;902;22.9;130.78;;;
37.648733;-0.783130;3;0;0;346;902;22.92;130.76;;;
37.648864;-0.783284;3;0;0;346;902;22.94;130.74;;;
37.648972;-0.783466;3;0;0;346;902;22.96;130.72;;;
37.649042;-0.783675;3;0;0;347;901;22.98;130.7;;;
37.649109;-0.783886;3;0;0;347;901;23;130.68;9;;
37.649176;-0.784096;3;0;0;347;901;23.02;130.66;;;
37.649243;-0.784307;3;0;0;347;901;23.04;130.64;;;
37.649310;-0.784518;3;0;0;347;901;23.06;130.62;;;
37.649378;-0.784729;3;0;0;347;901;23.08;130.6;;;
37.649445;-0.784939;3;0;0;347;901;23.1;130.58;;;
37.649511;-0.785150;3;0;0;347;901;23.12;130.56;;;
37.649577;-0.785362;3;0;0;347;901;23.14;130.54;;;
37.649640;-0.785575;3;0;0;347;901;23.16;130.52;;;
37.649702;-0.785788;3;0;0;347;901;23.18;130.5;;;
37.649765;-0.786001;3;0;0;347;901;23.2;130.48;;;
37.649828;-0.786213;3;0;0;347;901;23.22;130.46;;;
37.649891;-0.786426;3;0;0;347;901;23.24;130.44;;;
37.649958;-0.786637;3;0;0;347;901;23.26;130.42;;;
37.650038;-0.786841;3;0;0;347;901;23.28;130.4;;;
37.650113;-0.787046;3;0;0;347;901;23.3;130.38;;;
37.650008;-0.787198;3;0;0;347;901;23.32;130.36;;;
37.649920;-0.787383;3;0;0;347;901;23.34;130.34;;;
37.649969;-0.787601;3;0;0;347;901;23.36;130.32;;;
37.650020;-0.787819;3;0;0;347;901;23.38;130.3;;;
37.650069;-0.788038;3;0;0;347;901;23.4;130.28;;;
37.650112;-0.788258;3;0;0;347;901;23.42;130.26;;;
37.650155;-0.788479;3;0;0;347;901;23.44;130.24;;;
37.650198;-0.788700;3;0;0;347;901;23.46;130.22;;;
37.650251;-0.788916;3;0;0;347;901;23.48;130.2;;;
37.650315;-0.789128;3;0;0;347;901;23.5;130.18;;;
37.650370;-0.789344;3;0;0;347;901;23.52;130.16;;;
37.650421;-0.789562;3;0;0;347;901;23.54;130.14;;;
37.650471;-0.789781;3;0;0;347;901;23.56;130.12;;;
37.650521;-0.789999;3;0;0;347;901;23.58;130.1;;;
37.650571;-0.790217;3;0;0;347;901;23.6;130.08;;;
37.650621;-0.790435;3;0;0;347;901;23.62;130.06;;;
37.650672;-0.790653;3;0;0;347;901;23.64;130.04;;;
37.650722;-0.790871;3;0;0;347;901;23.66;130.02;;;
37.650772;-0.791090;3;0;0;347;901;23.68;130;;;
37.650822;-0.791308;3;0;0;347;901;23.7;129.98;;;
37.650873;-0.791526;3;0;0;347;901;23.72;129.96;;;
37.650923;-0.791744;3;0;0;347;901;23.74;129.94;;;
37.650973;-0.791962;3;0;0;347;901;23.76;129.92;;;
37.651024;-0.792180;3;0;0;347;901;23.78;129.9;;;
37.651074;-0.792398;3;0;0;347;901;23.8;129.88;;;
37.651125;-0.792616;3;0;0;347;901;23.82;129.86;;;
37.651175;-0.792834;3;0;0;347;901;23.84;129.84;;;
37.651225;-0.793053;3;0;0;347;901;23.86;129.82;;;
37.651275;-0.793271;3;0;0;347;901;23.88;129.8;;;
37.651325;-0.793489;3;0;0;347;901;23.9;129.78;;;
37.651376;-0.793707;3;0;0;347;901;23.92;129.76;;;
37.651426;-0.793925;3;0;0;347;901;23.94;129.74;;;
37.651477;-0.794143;3;0;0;347;901;23.96;129.72;;;
37.651527;-0.794361;3;0;0;347;901;23.98;129.7;;;
37.651577;-0.794579;3;0;0;347;901;24;129.68;;;
37.651628;-0.794797;3;0;0;347;901;24.02;129.66;;;
37.651678;-0.795015;3;0;0;347;901;24.04;129.64;;;
37.651728;-0.795234;3;0;0;347;901;24.06;129.62;;;
37.651778;-0.795452;3;0;0;347;901;24.08;129.6;;;
37.651828;-0.795670;3;0;0;347;901;24.1;129.58;;;
37.651879;-0.795888;3;0;0;347;901;24.12;129.56;;;
37.651929;-0.796106;3;0;0;347;901;24.14;129.54;;;
37.651980;-0.796324;3;0;0;347;901;24.16;129.52;;;
37.652030;-0.796542;3;0;0;347;901;24.18;129.5;;;
37.652087;-0.796757;3;0;0;347;901;24.2;129.48;;;
37.652145;-0.796973;3;0;0;347;901;24.22;129.46;;;
37.652203;-0.797188;3;0;0;347;901;24.24;129.44;;;
37.652260;-0.797403;3;0;0;347;901;24.26;129.42;;;
37.652317;-0.797618;3;0;0;347;901;24.28;129.4;;;
37.652375;-0.797834;3;0;0;347;901;24.3;129.38;;;
37.652433;-0.798049;3;0;0;347;901;24.32;129.36;;;
37.652490;-0.798264;3;0;0;347;901;24.34;129.34;;;
37.652548;-0.798479;3;0;0;347;901;24.36;129.32;;;
37.652605;-0.798695;3;0;0;347;901;24.38;129.3;;;
37.652662;-0.798910;3;0;0;347;901;24.4;129.28;;;
37.652720;-0.799125;3;0;0;347;901;24.42;129.26;;;
37.652777;-0.799341;3;0;0;347;901;24.44;129.24;;;
37.652836;-0.799555;3;0;0;347;901;24.46;129.22;;;
37.652897;-0.799769;3;0;0;347;901;24.48;129.2;;;
37.652958;-0.799983;3;0;0;347;901;24.5;129.18;;;
37.653018;-0.800197;3;0;0;347;901;24.52;129.16;;;
37.653078;-0.800411;3;0;0;347;901;24.54;129.14;;;
37.653138;-0.800625;3;0;0;347;901;24.56;129.12;;;
37.653199;-0.800839;3;0;0;347;901;24.58;129.1;;;
37.653259;-0.801053;3;0;0;347;901;24.6;129.08;;;
37.653319;-0.801267;3;0;0;347;901;24.62;129.06;;;
37.653379;-0.801481;3;0;0;347;901;24.64;129.04;;;
37.653440;-0.801695;3;0;0;347;901;24.66;129.02;;;
37.653501;-0.801909;3;0;0;347;901;24.68;129;;;
37.653561;-0.802123;3;0;0;347;901;24.7;128.98;;;
37.653621;-0.802337;3;0;0;347;901;24.72;128.96;;;
37.653681;-0.802551;3;0;0;347;901;24.74;128.94;;;
37.653742;-0.802765;3;0;0;348;900;24.76;128.92;;;
37.653802;-0.802979;3;0;0;348;900;24.78;128.9;;;
37.653863;-0.803193;3;0;0;348;900;24.8;128.88;;;
37.653923;-0.803407;3;0;0;348;900;24.82;128.86;;;
37.653984;-0.803621;3;0;0;348;900;24.84;128.84;;;
37.654045;-0.803835;3;0;0;348;900;24.86;128.82;;;
37.654105;-0.804049;3;0;0;348;900;24.88;128.8;;;
37.654165;-0.804263;3;0;0;348;900;24.9;128.78;;;
37.654226;-0.804477;3;0;0;348;900;24.92;128.76;;;
37.654286;-0.804691;3;0;0;348;900;24.94;128.74;;;
37.654346;-0.804905;3;0;0;348;900;24.96;128.72;;;
37.654407;-0.805119;3;0;0;348;900;24.98;128.7;;;
37.654467;-0.805333;3;0;0;348;900;25;128.68;;;
37.654527;-0.805547;3;0;0;348;900;25.02;128.66;;;
37.654587;-0.805761;3;0;0;348;900;25.04;128.64;;;
37.654648;-0.805975;3;0;0;348;900;25.06;128.62;;;
37.654708;-0.806189;3;0;0;348;900;25.08;128.6;;;
37.654769;-0.806403;3;0;0;348;900;25.1;128.58;;;
37.654829;-0.806617;3;0;0;348;900;25.12;128.56;;;
37.654889;-0.806831;3;0;0;348;900;25.14;128.54;;;
37.654950;-0.807045;3;0;0;348;900;25.16;128.52;;;
37.655010;-0.807259;3;0;0;348;900;25.18;128.5;;;
37.655071;-0.807473;3;0;0;348;900;25.2;128.48;;;
37.655131;-0.807687;3;0;0;348;900;25.22;128.46;;;
37.655192;-0.807901;3;0;0;348;900;25.24;128.44;;;
37.655253;-0.808115;3;0;0;348;900;25.26;128.42;;;
37.655313;-0.808329;3;0;0;348;900;25.28;128.4;;;
37.655373;-0.808543;3;0;0;348;900;25.3;128.38;;;
37.655433;-0.808757;3;0;0;348;900;25.32;128.36;;;
37.655494;-0.808971;3;0;0;348;900;25.34;128.34;;;
37.655554;-0.809185;3;0;0;348;900;25.36;128.32;;;
37.655615;-0.809399;3;0;0;348;900;25.38;128.3;;;
37.655675;-0.809613;3;0;0;348;900;25.4;128.28;;;
37.655735;-0.809827;3;0;0;348;900;25.42;128.26;;;
37.655796;-0.810041;3;0;0;348;900;25.44;128.24;;;
37.655856;-0.810255;3;0;0;348;900;25.46;128.22;;;
37.655916;-0.810469;3;0;0;348;900;25.48;128.2;;;
37.655977;-0.810683;3;0;0;348;900;25.5;128.18;;;
37.656037;-0.810897;3;0;0;348;900;25.52;128.16;;;
37.656097;-0.811111;3;0;0;348;900;25.54;128.14;;;
37.656158;-0.811325;3;0;0;348;900;25.56;128.12;;;
37.656218;-0.811539;3;0;0;348;900;25.58;128.1;;;
37.656278;-0.811753;3;0;0;348;900;25.6;128.08;;;
37.656338;-0.811967;4;0;0;349;899;25.62;128.06;;;
37.656399;-0.812181;4;0;0;349;899;25.64;128.04;;;
37.656460;-0.812395;4;0;0;349;899;25.66;128.02;;;
37.656520;-0.812609;4;0;0;349;899;25.68;128;;;
37.656580;-0.812823;4;0;0;349;899;25.7;127.98;;;
37.656641;-0.813037;4;0;0;349;899;25.72;127.96;;;
37.656702;-0.813251;4;0;0;349;899;25.74;127.94;;;
37.656762;-0.813465;4;0;0;349;899;25.76;127.92;;;
37.656822;-0.813679;4;0;0;349;899;25.78;127.9;;;
37.656883;-0.813893;4;0;0;349;899;25.8;127.88;;;
37.656943;-0.814107;4;0;0;349;899;25.82;127.86;;;
37.657003;-0.814321;4;0;0;349;899;25.84;127.84;;;
37.657064;-0.814535;4;0;0;349;899;25.86;127.82;;;
37.657124;-0.814749;4;0;0;349;899;25.88;127.8;;;
37.657184;-0.814963;5;0;0;350;898;25.9;127.78;;;
37.657245;-0.815177;5;0;0;350;898;25.92;127.76;;;
37.657305;-0.815391;5;0;0;350;898;25.94;127.74;;;
37.657366;-0.815605;5;0;0;350;898;25.96;127.72;;;
37.657426;-0.815819;5;0;0;350;898;25.98;127.7;;;
37.657486;-0.816033;5;0;0;350;898;26;127.68;;;
37.657546;-0.816247;5;0;0;350;898;26.02;127.66;;;
37.657607;-0.816461;5;0;0;350;898;26.04;127.64;;;
37.657667;-0.816675;5;0;0;350;898;26.06;127.62;;;
37.657728;-0.816889;5;0;0;350;898;26.08;127.6;;;
37.657788;-0.817103;5;0;0;350;898;26.1;127.58;;;
37.657848;-0.817317;5;0;0;350;898;26.12;127.56;;;
37.657909;-0.817531;5;0;0;350;898;26.14;127.54;;;
37.657969;-0.817745;6;0;0;351;897;26.16;127.52;;;
37.658029;-0.817959;6;0;0;351;897;26.18;127.5;;;
37.658089;-0.818173;6;0;0;351;897;26.2;127.48;;;
37.658150;-0.818387;6;0;0;351;897;26.22;127.46;;;
37.658210;-0.818601;6;0;0;351;897;26.24;127.44;;;
37.658271;-0.818815;6;0;0;351;897;26.26;127.42;;;
37.658331;-0.819029;6;0;0;351;897;26.28;127.4;;;
37.658392;-0.819243;6;0;0;351;897;26.3;127.38;;;
37.658452;-0.819458;6;0;0;351;897;26.32;127.36;;;
37.658511;-0.819672;6;0;1;351;897;26.34;127.34;;;
37.658570;-0.819887;6;0;1;351;897;26.36;127.32;;;
37.658630;-0.820101;7;0;1;352;896;26.38;127.3;;;
37.658689;-0.820315;7;0;1;352;896;26.4;127.28;;;
37.658749;-0.820530;7;0;1;352;896;26.42;127.26;;;
37.658809;-0.820744;7;0;1;352;896;26.44;127.24;;;
37.658868;-0.820958;7;0;0;352;896;26.46;127.22;;;
37.658928;-0.821173;7;0;0;352;896;26.48;127.2;;;
37.658987;-0.821387;7;0;0;352;896;26.5;127.18;;;
37.659047;-0.821601;7;0;0;352;896;26.52;127.16;;;
37.659106;-0.821816;7;0;0;352;896;26.54;127.14;;;
37.659166;-0.822030;8;0;0;353;895;26.56;127.12;;;
37.659225;-0.822245;8;0;0;353;895;26.58;127.1;;;
37.659285;-0.822459;8;0;0;353;895;26.6;127.08;;;
37.659345;-0.822673;8;0;0;353;895;26.62;127.06;;;
37.659404;-0.822888;8;0;0;353;895;26.64;127.04;;;
37.659465;-0.823102;8;0;1;353;895;26.66;127.02;;;
37.659528;-0.823314;8;0;1;353;895;26.68;127;;;
37.659590;-0.823527;8;0;1;353;895;26.7;126.98;;;
37.659653;-0.823740;8;0;1;353;895;26.72;126.96;;;
37.659716;-0.823953;9;0;1;354;894;26.74;126.94;;;
37.659779;-0.824166;9;0;1;354;894;26.76;126.92;;;
37.659854;-0.824372;9;0;0;354;894;26.78;126.9;;;
37.659947;-0.824566;9;0;0;354;894;26.8;126.88;;;
37.660056;-0.824747;9;0;0;354;894;26.82;126.86;;;
37.660165;-0.824927;9;0;0;354;894;26.84;126.84;;;
37.660273;-0.825109;9;0;0;354;894;26.86;126.82;;;
37.660390;-0.825280;9;0;0;354;894;26.88;126.8;;;
37.660521;-0.825437;9;0;0;354;894;26.9;126.78;;;
37.660662;-0.825574;9;0;0;354;894;26.92;126.76;;;
37.660817;-0.825691;9;0;0;354;894;26.94;126.74;;;
37.660971;-0.825808;9;0;0;354;894;26.96;126.72;;;
37.661129;-0.825916;9;0;0;354;894;26.98;126.7;;;
37.661290;-0.826018;9;0;0;354;894;27;126.68;;;
37.661451;-0.826120;9;0;0;354;894;27.02;126.66;;;
37.661611;-0.826222;9;0;0;354;894;27.04;126.64;;;
37.661772;-0.826324;9;0;0;354;894;27.06;126.62;;;
37.661933;-0.826426;9;0;0;354;894;27.08;126.6;;;
37.662094;-0.826528;9;0;0;354;894;27.1;126.58;;;
37.662254;-0.826630;9;0;0;354;894;27.12;126.56;;;
37.662414;-0.826733;9;0;0;354;894;27.14;126.54;;;
37.662572;-0.826842;9;0;0;354;894;27.16;126.52;;;
37.662731;-0.826950;9;0;0;354;894;27.18;126.5;;;
37.662889;-0.827057;9;0;0;354;894;27.2;126.48;;;
37.663047;-0.827165;9;0;0;354;894;27.22;126.46;;;
37.663205;-0.827274;9;0;0;354;894;27.24;126.44;;;
37.663364;-0.827382;9;0;0;354;894;27.26;126.42;;;
37.663522;-0.827489;9;0;0;354;894;27.28;126.4;;;
37.663682;-0.827592;8;0;0;354;894;27.3;126.38;;;
37.663849;-0.827678;8;0;0;354;894;27.32;126.36;;;
37.664015;-0.827764;8;0;0;354;894;27.34;126.34;;;
37.664182;-0.827850;8;0;0;354;894;27.36;126.32;;;
37.664353;-0.827919;8;0;0;354;894;27.38;126.3;;;
37.664526;-0.827981;8;0;0;354;894;27.4;126.28;;;
37.664699;-0.828042;8;0;0;354;894;27.42;126.26;;;
37.664876;-0.828083;8;0;0;354;894;27.44;126.24;;;
37.665055;-0.828099;8;0;0;354;894;27.46;126.22;;;
37.665235;-0.828099;8;0;0;354;894;27.48;126.2;;;
37.665414;-0.828089;8;0;0;354;894;27.5;126.18;;;
37.665594;-0.828077;7;0;0;354;894;27.52;126.16;;;
37.665773;-0.828064;7;0;0;354;894;27.54;126.14;;;
37.665953;-0.828052;7;0;0;354;894;27.56;126.12;;;
37.666133;-0.828040;7;0;-1;354;894;27.58;126.1;;;
37.666312;-0.828028;7;0;-1;354;894;27.6;126.08;;;
37.666492;-0.828015;7;0;-1;354;894;27.62;126.06;;;
37.666671;-0.828002;7;0;-1;354;894;27.64;126.04;;;
37.666849;-0.827967;7;0;-1;354;894;27.66;126.02;;;
37.667025;-0.827923;7;0;0;354;894;27.68;126;;;
37.667202;-0.827879;6;0;-1;354;894;27.7;125.98;;;
37.667378;-0.827831;6;0;-1;354;894;27.72;125.96;;;
37.667553;-0.827780;6;0;-1;354;894;27.74;125.94;;;
37.667728;-0.827728;6;0;-1;354;894;27.76;125.92;;;
37.667846;-0.827559;6;0;-1;354;894;27.78;125.9;;;
37.667997;-0.827449;6;0;-1;354;894;27.8;125.88;;;
37.668160;-0.827532;6;0;-1;354;894;27.82;125.86;;;
37.668327;-0.827584;6;0;-1;354;894;27.84;125.84;;;
37.668506;-0.827554;5;0;-1;354;894;27.86;125.82;;;
37.668684;-0.827524;5;0;-1;354;894;27.88;125.8;;;
37.668862;-0.827494;5;0;-1;354;894;27.9;125.78;;;
37.669040;-0.827459;5;0;-1;354;894;27.92;125.76;;;
37.669217;-0.827419;5;0;-1;354;894;27.94;125.74;;;
37.669394;-0.827379;5;0;-1;354;894;27.96;125.72;;;
37.669571;-0.827339;5;0;-1;354;894;27.98;125.7;;;
37.669748;-0.827299;4;0;-1;354;894;28;125.68;10;;
37.669925;-0.827259;4;0;-1;354;894;28.02;125.66;;;
37.670102;-0.827220;4;0;-1;354;894;28.04;125.64;;;
37.670279;-0.827180;4;0;-1;354;894;28.06;125.62;;;
37.670456;-0.827139;4;0;-1;354;894;28.08;125.6;;;
37.670633;-0.827099;4;0;0;354;894;28.1;125.58;;;
37.670811;-0.827059;4;0;0;354;894;28.12;125.56;;;
37.670988;-0.827019;4;0;0;354;894;28.14;125.54;;;
37.671165;-0.826979;4;0;0;354;894;28.16;125.52;;;
37.671342;-0.826939;4;0;0;354;894;28.18;125.5;;;
37.671519;-0.826899;3;0;0;354;894;28.2;125.48;;;
37.671696;-0.826859;3;0;0;354;894;28.22;125.46;;;
37.671873;-0.826819;3;0;0;354;894;28.24;125.44;;;
37.672050;-0.826779;3;0;0;354;894;28.26;125.42;;;
37.672227;-0.826740;3;0;0;354;894;28.28;125.4;;;
37.672404;-0.826700;3;0;0;354;894;28.3;125.38;;;
37.672581;-0.826660;3;0;0;354;894;28.32;125.36;;;
37.672758;-0.826619;3;0;0;354;894;28.34;125.34;;;
37.672938;-0.826611;3;0;0;354;894;28.36;125.32;;;
37.673118;-0.826603;3;0;0;354;894;28.38;125.3;;;
37.673297;-0.826595;3;0;0;354;894;28.4;125.28;;;
37.673477;-0.826594;2;0;0;354;894;28.42;125.26;;;
37.673657;-0.826609;2;0;0;354;894;28.44;125.24;;;
37.673831;-0.826666;2;0;0;354;894;28.46;125.22;;;
37.674004;-0.826724;2;0;0;354;894;28.48;125.2;;;
37.674178;-0.826782;2;0;0;354;894;28.5;125.18;;;
37.674350;-0.826851;2;0;0;354;894;28.52;125.16;;;
37.674519;-0.826928;2;0;0;354;894;28.54;125.14;;;
37.674688;-0.827006;2;0;0;354;894;28.56;125.12;;;
37.674857;-0.827084;2;0;0;354;894;28.58;125.1;;;
37.675026;-0.827161;2;0;0;354;894;28.6;125.08;;;
37.675195;-0.827239;2;0;0;354;894;28.62;125.06;;;
37.675364;-0.827317;2;0;0;354;894;28.64;125.04;;;
37.675533;-0.827395;2;0;0;354;894;28.66;125.02;;;
37.675702;-0.827472;2;0;0;354;894;28.68;125;;;
37.675871;-0.827550;2;0;0;354;894;28.7;124.98;;;
37.676040;-0.827628;2;0;0;354;894;28.72;124.96;;;
37.676209;-0.827706;2;0;0;354;894;28.74;124.94;;;
37.676378;-0.827784;2;0;0;354;894;28.76;124.92;;;
37.676547;-0.827861;2;0;0;354;894;28.78;124.9;;;
37.676716;-0.827940;2;0;0;354;894;28.8;124.88;;;
37.676884;-0.828018;2;0;0;354;894;28.82;124.86;;;
37.677053;-0.828097;2;0;0;354;894;28.84;124.84;;;
37.677222;-0.828175;2;0;0;354;894;28.86;124.82;;;
37.677391;-0.828254;2;0;0;354;894;28.88;124.8;;;
37.677559;-0.828333;3;0;0;354;894;28.9;124.78;;;
37.677728;-0.828411;3;0;0;355;893;28.92;124.76;;;
37.677897;-0.828490;3;0;0;355;893;28.94;124.74;;;
37.678066;-0.828568;3;0;0;355;893;28.96;124.72;;;
37.678235;-0.828647;3;0;0;355;893;28.98;124.7;;;
37.678403;-0.828726;3;0;0;355;893;29;124.68;11;;
37.678572;-0.828804;3;0;0;355;893;29.02;124.66;;;
37.678741;-0.828883;3;0;0;355;893;29.04;124.64;;;
37.678910;-0.828961;3;0;0;355;893;29.06;124.62;;;
37.679078;-0.829040;3;0;0;355;893;29.08;124.6;;;
37.679247;-0.829119;3;0;0;355;893;29.1;124.58;;;
37.679416;-0.829197;3;0;0;355;893;29.12;124.56;;;
37.679585;-0.829276;3;0;0;355;893;29.14;124.54;;;
37.679753;-0.829354;3;0;0;355;893;29.16;124.52;;;
37.679922;-0.829433;3;0;0;355;893;29.18;124.5;;;
37.680091;-0.829512;3;0;0;355;893;29.2;124.48;;;
37.680260;-0.829590;4;0;0;355;893;29.22;124.46;;;
37.680428;-0.829669;4;0;0;356;892;29.24;124.44;;;
37.680597;-0.829750;4;0;0;356;892;29.26;124.42;;;
37.680759;-0.829847;4;0;0;356;892;29.28;124.4;;;
37.680913;-0.829963;4;0;0;356;892;29.3;124.38;;;
37.681060;-0.830094;4;0;0;356;892;29.32;124.36;;;
37.681205;-0.830228;4;0;0;356;892;29.34;124.34;;;
37.681350;-0.830363;4;0;0;356;892;29.36;124.32;;;
37.681494;-0.830498;4;0;0;356;892;29.38;124.3;;;
37.681639;-0.830633;4;0;0;356;892;29.4;124.28;;;
37.681784;-0.830769;4;0;0;356;892;29.42;124.26;;;
37.681928;-0.830904;4;0;0;356;892;29.44;124.24;;;
37.682073;-0.831039;4;0;0;356;892;29.46;124.22;;;
37.682218;-0.831174;4;0;0;356;892;29.48;124.2;;;
37.682362;-0.831309;4;0;0;356;892;29.5;124.18;;;
37.682507;-0.831444;4;0;0;356;892;29.52;124.16;;;
37.682651;-0.831579;4;0;0;356;892;29.54;124.14;;;
37.682796;-0.831714;4;0;0;356;892;29.56;124.12;;;
37.682941;-0.831849;4;0;0;356;892;29.58;124.1;;;
37.683085;-0.831985;4;0;0;356;892;29.6;124.08;;;
37.683230;-0.832120;4;0;0;356;892;29.62;124.06;;;
37.683374;-0.832255;4;0;0;356;892;29.64;124.04;;;
37.683519;-0.832390;4;0;0;356;892;29.66;124.02;;;
37.683664;-0.832525;4;0;0;356;892;29.68;124;;;
37.683808;-0.832660;4;0;0;356;892;29.7;123.98;;;
37.683953;-0.832795;5;0;0;357;891;29.72;123.96;;;
37.684098;-0.832930;5;0;0;357;891;29.74;123.94;;;
37.684242;-0.833065;5;0;0;357;891;29.76;123.92;;;
37.684387;-0.833201;5;0;0;357;891;29.78;123.9;;;
37.684531;-0.833336;5;0;0;357;891;29.8;123.88;;;
37.684676;-0.833472;5;0;0;357;891;29.82;123.86;;;
37.684820;-0.833607;5;0;0;357;891;29.84;123.84;;;
37.684965;-0.833742;5;0;0;357;891;29.86;123.82;;;
37.685109;-0.833878;5;0;0;357;891;29.88;123.8;;;
37.685253;-0.834014;5;0;0;357;891;29.9;123.78;;;
37.685398;-0.834149;5;0;0;357;891;29.92;123.76;;;
37.685542;-0.834285;5;0;0;357;891;29.94;123.74;;;
37.685687;-0.834420;5;0;0;357;891;29.96;123.72;;;
37.685831;-0.834556;6;0;0;357;891;29.98;123.7;;;
37.685975;-0.834691;6;0;0;358;890;30;123.68;;;
37.686120;-0.834827;6;0;0;358;890;30.02;123.66;;;
37.686264;-0.834962;6;0;0;358;890;30.04;123.64;;;
37.686409;-0.835098;6;0;0;358;890;30.06;123.62;;;
37.686553;-0.835233;6;0;0;358;890;30.08;123.6;;;
37.686697;-0.835369;6;0;0;358;890;30.1;123.58;;;
37.686848;-0.835492;6;0;0;358;890;30.12;123.56;;;
37.687002;-0.835610;6;0;0;358;890;30.14;123.54;;;
37.687155;-0.835729;6;0;0;358;890;30.16;123.52;;;
37.687309;-0.835848;6;0;0;358;890;30.18;123.5;;;
37.687462;-0.835966;7;0;0;358;890;30.2;123.48;;;
37.687618;-0.836080;7;0;0;359;889;30.22;123.46;;;
37.687779;-0.836181;7;0;0;359;889;30.24;123.44;;;
37.687940;-0.836283;7;0;0;359;889;30.26;123.42;;;
37.688101;-0.836384;7;0;0;359;889;30.28;123.4;;;
37.688262;-0.836486;7;0;0;359;889;30.3;123.38;;;
37.688423;-0.836587;7;0;0;359;889;30.32;123.36;;;
37.688583;-0.836689;7;0;0;359;889;30.34;123.34;;;
37.688744;-0.836791;7;0;0;359;889;30.36;123.32;;;
37.688904;-0.836895;7;0;0;359;889;30.38;123.3;;;
37.689064;-0.836999;7;0;0;359;889;30.4;123.28;;;
37.689224;-0.837102;7;0;0;359;889;30.42;123.26;;;
37.689384;-0.837206;7;0;0;359;889;30.44;123.24;;;
37.689544;-0.837310;7;0;0;359;889;30.46;123.22;;;
37.689704;-0.837414;7;0;0;359;889;30.48;123.2;;;
37.689864;-0.837517;7;0;0;359;889;30.5;123.18;;;
37.690024;-0.837621;7;0;0;359;889;30.52;123.16;;;
37.690184;-0.837725;7;0;0;359;889;30.54;123.14;;;
37.690344;-0.837829;7;0;0;359;889;30.56;123.12;;;
37.690496;-0.837951;7;0;0;359;889;30.58;123.1;;;
37.690647;-0.838075;7;0;0;359;889;30.6;123.08;12;;
37.690798;-0.838199;7;0;0;359;889;30.62;123.06;;;
37.690948;-0.838322;7;0;0;359;889;30.64;123.04;;;
37.691099;-0.838446;7;0;0;359;889;30.66;123.02;;;
37.691250;-0.838570;7;0;0;359;889;30.68;123;;;
37.691401;-0.838694;7;0;0;359;889;30.7;122.98;;;
37.691551;-0.838819;7;0;0;359;889;30.72;122.96;;;
37.691701;-0.838944;6;0;0;359;889;30.74;122.94;;;
37.691851;-0.839070;6;0;0;359;889;30.76;122.92;;;
37.692001;-0.839195;6;0;-1;359;889;30.78;122.9;;;
37.692151;-0.839321;6;0;-1;359;889;30.8;122.88;;;
37.692301;-0.839446;6;0;-1;359;889;30.82;122.86;;;
37.692451;-0.839571;6;0;-1;359;889;30.84;122.84;;;
37.692601;-0.839697;6;0;-1;359;889;30.86;122.82;;;
37.692751;-0.839822;6;0;-1;359;889;30.88;122.8;;;
37.692901;-0.839948;6;0;-1;359;889;30.9;122.78;;;
37.693051;-0.840073;5;0;-1;359;889;30.92;122.76;;;
37.693201;-0.840198;5;0;-1;359;889;30.94;122.74;;;
37.693351;-0.840324;5;0;-1;359;889;30.96;122.72;;;
37.693501;-0.840449;5;0;-1;359;889;30.98;122.7;;;
37.693651;-0.840574;5;0;-1;359;889;31;122.68;;;
37.693801;-0.840700;5;0;-1;359;889;31.02;122.66;;;
37.693951;-0.840825;4;0;-1;359;889;31.04;122.64;;;
37.694101;-0.840951;4;0;-1;359;889;31.06;122.62;;;
37.694251;-0.841076;4;0;-1;359;889;31.08;122.6;;;
37.694401;-0.841201;4;0;-1;359;889;31.1;122.58;;;
37.694552;-0.841327;4;0;-1;359;889;31.12;122.56;;;
37.694702;-0.841452;4;0;-1;359;889;31.14;122.54;;;
37.694851;-0.841578;3;0;-1;359;889;31.16;122.52;;;
37.695003;-0.841701;3;0;-1;359;889;31.18;122.5;;;
37.695154;-0.841824;3;0;-1;359;889;31.2;122.48;;;
37.695305;-0.841947;3;0;-1;359;889;31.22;122.46;;;
37.695457;-0.842069;3;0;-1;359;889;31.24;122.44;;;
37.695608;-0.842192;3;0;-1;359;889;31.26;122.42;;;
37.695757;-0.842320;2;0;-1;359;889;31.28;122.4;;;
37.695905;-0.842448;2;0;-1;359;889;31.3;122.38;;;
37.696054;-0.842576;2;0;-1;359;889;31.32;122.36;;;
37.696202;-0.842705;2;0;-1;359;889;31.34;122.34;;;
37.696351;-0.842833;2;0;-1;359;889;31.36;122.32;;;
37.696499;-0.842962;2;0;-1;359;889;31.38;122.3;;;
37.696651;-0.843084;2;0;-1;359;889;31.4;122.28;;;
37.696803;-0.843205;2;0;-1;359;889;31.42;122.26;;;
37.696955;-0.843326;1;0;-1;359;889;31.44;122.24;;;
37.697107;-0.843448;1;0;-1;359;889;31.46;122.22;;;
37.697259;-0.843569;1;0;-1;359;889;31.48;122.2;;;
37.697409;-0.843694;1;0;0;359;889;31.5;122.18;;;
37.697559;-0.843820;1;0;0;359;889;31.52;122.16;;;
37.697709;-0.843945;1;0;0;359;889;31.54;122.14;;;
37.697859;-0.844070;1;0;0;359;889;31.56;122.12;;;
37.698009;-0.844196;1;0;0;359;889;31.58;122.1;;;
37.698159;-0.844321;1;0;0;359;889;31.6;122.08;;;
37.698310;-0.844446;1;0;0;359;889;31.62;122.06;;;
37.698460;-0.844572;1;0;0;359;889;31.64;122.04;;;
37.698610;-0.844697;0;0;0;359;889;31.66;122.02;;;
37.698760;-0.844822;0;0;0;359;889;31.68;122;;;
37.698910;-0.844947;0;0;0;359;889;31.7;121.98;;;
37.699060;-0.845073;0;0;0;359;889;31.72;121.96;;;
37.699210;-0.845198;0;0;0;359;889;31.74;121.94;;;
37.699360;-0.845323;0;0;0;359;889;31.76;121.92;;;
37.699510;-0.845449;0;0;0;359;889;31.78;121.9;;;
37.699660;-0.845574;0;0;0;359;889;31.8;121.88;;;
37.699810;-0.845699;0;0;0;359;889;31.82;121.86;;;
37.699960;-0.845825;0;0;0;359;889;31.84;121.84;;;
37.700110;-0.845950;0;0;0;359;889;31.86;121.82;;;
37.700261;-0.846075;0;0;0;359;889;31.88;121.8;;;
37.700411;-0.846200;0;0;0;359;889;31.9;121.78;;;
37.700561;-0.846326;0;0;0;359;889;31.92;121.76;;;
37.700711;-0.846451;0;0;0;359;889;31.94;121.74;;;
37.700861;-0.846576;0;0;0;359;889;31.96;121.72;;;
37.701011;-0.846702;0;0;0;359;889;31.98;121.7;;;
37.701161;-0.846827;0;0;0;359;889;32;121.68;;;
37.701461;-0.847078;0;0;0;359;889;32.04;121.64;;;
37.701611;-0.847203;0;0;0;360;888;32.06;121.62;;;
37.701761;-0.847328;0;0;0;360;888;32.08;121.6;;;
37.701911;-0.847453;0;0;0;360;888;32.1;121.58;;;
37.702211;-0.847704;0;0;0;360;888;32.14;121.54;;;
37.702504;-0.847969;1;0;0;360;888;32.18;121.5;;;
37.702789;-0.848245;1;0;0;360;888;32.22;121.46;;;
37.702932;-0.848383;1;0;0;360;888;32.24;121.44;;;
37.703075;-0.848522;1;0;0;360;888;32.26;121.42;;;
37.703218;-0.848660;1;0;0;360;888;32.28;121.4;;;
37.703503;-0.848936;1;0;0;360;888;32.32;121.36;;;
37.703789;-0.849213;1;0;0;360;888;32.36;121.32;;;
37.704075;-0.849489;1;0;0;361;887;32.4;121.28;;;
37.704217;-0.849627;1;0;0;361;887;32.42;121.26;;;
37.704360;-0.849765;1;0;0;361;887;32.44;121.24;;;
37.704503;-0.849904;1;0;0;361;887;32.46;121.22;;;
37.704789;-0.850180;1;0;0;361;887;32.5;121.18;;;
37.705074;-0.850457;1;0;0;361;887;32.54;121.14;;;
37.705217;-0.850595;2;0;0;361;887;32.56;121.12;;;
37.705360;-0.850733;2;0;0;361;887;32.58;121.1;;;
37.705503;-0.850871;2;0;0;361;887;32.6;121.08;;;
37.705788;-0.851148;2;0;0;361;887;32.64;121.04;;;
37.706074;-0.851424;2;0;0;361;887;32.68;121;;;
37.706359;-0.851700;2;0;0;361;887;32.72;120.96;;;
37.706502;-0.851839;2;0;0;361;887;32.74;120.94;;;
37.706645;-0.851977;2;0;0;361;887;32.76;120.92;;;
37.706788;-0.852115;2;0;0;361;887;32.78;120.9;;;
37.707074;-0.852392;2;0;0;361;887;32.82;120.86;;;
37.707359;-0.852669;2;0;0;361;887;32.86;120.82;;;
37.707644;-0.852945;2;0;0;361;887;32.9;120.78;;;
37.707787;-0.853083;2;0;0;361;887;32.92;120.76;;;
37.707930;-0.853221;2;0;0;361;887;32.94;120.74;;;
37.708073;-0.853360;2;0;0;361;887;32.96;120.72;;;
37.708358;-0.853636;1;0;0;361;887;33;120.68;;;
37.708644;-0.853913;1;0;0;361;887;33.04;120.64;;;
37.708787;-0.854051;1;0;0;361;887;33.06;120.62;;;
37.708930;-0.854189;1;0;0;361;887;33.08;120.6;;;
37.709072;-0.854327;1;0;0;361;887;33.1;120.58;;;
37.709358;-0.854604;1;0;0;361;887;33.14;120.54;;;
37.709649;-0.854871;1;0;0;361;887;33.18;120.5;;;
37.709946;-0.855127;1;0;0;361;887;33.22;120.46;;;
37.710103;-0.855239;1;0;0;361;887;33.24;120.44;;;
37.710259;-0.855352;1;0;0;361;887;33.26;120.42;;;
37.710415;-0.855464;1;0;0;361;887;33.28;120.4;;;
37.710728;-0.855688;1;0;0;361;887;33.32;120.36;;;
37.711042;-0.855912;1;0;0;361;887;33.36;120.32;;;
37.711354;-0.856136;1;0;0;361;887;33.4;120.28;;;
37.711511;-0.856249;1;0;0;361;887;33.42;120.26;;;
37.711667;-0.856361;1;0;0;361;887;33.44;120.24;;;
37.711824;-0.856472;1;0;0;361;887;33.46;120.22;;;
37.712137;-0.856697;2;0;0;361;887;33.5;120.18;;;
37.712450;-0.856921;2;0;0;361;887;33.54;120.14;;;
37.712605;-0.857035;2;0;0;361;887;33.56;120.12;;;
37.712761;-0.857150;2;0;0;361;887;33.58;120.1;;;
37.712916;-0.857264;2;0;0;361;887;33.6;120.08;;;
37.713227;-0.857493;2;0;0;362;886;33.64;120.04;;;
37.713529;-0.857739;2;0;0;362;886;33.68;120;;;
37.713761;-0.858087;2;0;0;362;886;33.72;119.96;;;
37.713861;-0.858275;2;0;0;362;886;33.74;119.94;;;
37.713961;-0.858464;2;0;0;362;886;33.76;119.92;;;
37.714022;-0.858678;2;0;0;362;886;33.78;119.9;;;
37.714115;-0.859114;2;0;0;362;886;33.82;119.86;;;
37.714137;-0.859568;2;0;0;362;886;33.86;119.82;;;
37.714101;-0.860020;2;0;0;362;886;33.9;119.78;;;
37.714085;-0.860247;2;0;0;362;886;33.92;119.76;;;
37.714072;-0.860473;2;0;0;362;886;33.94;119.74;;;
37.714060;-0.860700;2;0;0;362;886;33.96;119.72;;;
37.714230;-0.861070;3;0;0;363;885;34;119.68;13;;
37.714587;-0.861102;3;0;0;363;885;34.04;119.64;;;
37.714766;-0.861087;3;0;0;363;885;34.06;119.62;;;
37.714946;-0.861071;3;0;0;363;885;34.08;119.6;;;
37.715125;-0.861055;3;0;0;363;885;34.1;119.58;;;
37.715484;-0.861022;3;0;0;363;885;34.14;119.54;;;
37.715843;-0.860994;3;0;0;363;885;34.18;119.5;;;
37.716202;-0.860977;3;0;0;363;885;34.22;119.46;;;
37.716382;-0.860969;3;0;0;363;885;34.24;119.44;;;
37.716562;-0.860967;3;0;0;363;885;34.26;119.42;;;
37.716742;-0.860965;3;0;0;363;885;34.28;119.4;;;
37.717102;-0.860960;3;0;0;363;885;34.32;119.36;;;
37.717461;-0.860978;3;0;0;363;885;34.36;119.32;;;
37.717820;-0.861001;3;0;0;363;885;34.4;119.28;;;
37.718000;-0.861012;3;0;0;363;885;34.42;119.26;;;
37.718180;-0.861024;3;0;0;363;885;34.44;119.24;;;
37.718359;-0.861036;3;0;0;363;885;34.46;119.22;;;
37.718718;-0.861061;3;0;0;363;885;34.5;119.18;;;
37.719077;-0.861086;3;0;0;363;885;34.54;119.14;;;
37.719257;-0.861099;3;0;0;363;885;34.56;119.12;;;
37.719437;-0.861112;3;0;0;363;885;34.58;119.1;;;
37.719616;-0.861124;3;0;0;363;885;34.6;119.08;;;
37.719975;-0.861149;3;0;0;363;885;34.64;119.04;;;
37.720335;-0.861174;3;0;0;363;885;34.68;119;;;
37.720694;-0.861199;3;0;0;363;885;34.72;118.96;;;
37.720873;-0.861212;3;0;0;363;885;34.74;118.94;;;
37.721053;-0.861224;3;0;0;363;885;34.76;118.92;;;
37.721233;-0.861237;3;0;0;363;885;34.78;118.9;;;
37.721592;-0.861262;3;0;0;363;885;34.82;118.86;;;
37.721951;-0.861287;3;0;0;363;885;34.86;118.82;;;
37.722310;-0.861312;3;0;0;363;885;34.9;118.78;;;
37.722490;-0.861325;3;0;0;363;885;34.92;118.76;;;
37.722669;-0.861337;3;0;0;363;885;34.94;118.74;;;
37.722849;-0.861350;3;0;0;363;885;34.96;118.72;;;
37.723208;-0.861374;3;0;0;363;885;35;118.68;;;
37.723567;-0.861399;3;0;0;363;885;35.04;118.64;;;
37.723747;-0.861412;3;0;0;363;885;35.06;118.62;;;
37.723926;-0.861424;3;0;0;363;885;35.08;118.6;;;
37.724106;-0.861437;3;0;0;363;885;35.1;118.58;;;
37.724465;-0.861462;3;0;0;364;884;35.14;118.54;;;
37.724824;-0.861486;3;0;0;364;884;35.18;118.5;;;
37.725184;-0.861505;3;0;0;364;884;35.22;118.46;;;
37.725364;-0.861515;3;0;0;364;884;35.24;118.44;;;
37.725543;-0.861507;3;0;0;364;884;35.26;118.42;;;
37.725722;-0.861495;3;0;0;364;884;35.28;118.4;;;
37.726077;-0.861504;3;0;0;364;884;35.32;118.36;;;
37.726427;-0.861600;3;0;0;364;884;35.36;118.32;;;
37.726786;-0.861624;3;0;0;364;884;35.4;118.28;;;
37.726966;-0.861635;4;0;0;364;884;35.42;118.26;;;
37.727145;-0.861647;4;0;0;364;884;35.44;118.24;;;
37.727325;-0.861659;4;0;0;364;884;35.46;118.22;;;
37.727684;-0.861683;4;0;0;364;884;35.5;118.18;;;
37.728043;-0.861706;4;0;0;364;884;35.54;118.14;;;
37.728223;-0.861718;4;0;0;364;884;35.56;118.12;;;
37.728403;-0.861730;4;0;0;364;884;35.58;118.1;;;
37.728582;-0.861741;4;0;0;364;884;35.6;118.08;;;
37.728942;-0.861755;4;0;0;364;884;35.64;118.04;;;
37.729301;-0.861763;4;0;0;364;884;35.68;118;;;
37.729661;-0.861756;4;0;0;365;883;35.72;117.96;;;
37.729839;-0.861729;4;0;0;365;883;35.74;117.94;;;
37.730015;-0.861686;4;0;0;365;883;35.76;117.92;;;
37.730190;-0.861630;4;0;0;365;883;35.78;117.9;;;
37.730533;-0.861497;4;0;0;365;883;35.82;117.86;;;
37.730872;-0.861342;4;0;0;365;883;35.86;117.82;;;
37.731196;-0.861146;4;0;0;365;883;35.9;117.78;;;
37.731352;-0.861034;4;0;0;365;883;35.92;117.76;;;
37.731508;-0.860920;4;0;0;365;883;35.94;117.74;;;
37.731654;-0.860787;4;0;0;365;883;35.96;117.72;;;
37.731939;-0.860510;4;0;0;365;883;36;117.68;;;
37.732206;-0.860207;4;0;0;365;883;36.04;117.64;;;
37.732327;-0.860038;4;0;0;365;883;36.06;117.62;;;
37.732447;-0.859870;4;0;0;365;883;36.08;117.6;;;
37.732559;-0.859693;4;0;0;365;883;36.1;117.58;;;
37.732759;-0.859314;4;0;0;365;883;36.14;117.54;;;
37.732935;-0.858918;4;0;0;365;883;36.18;117.5;;;
37.733094;-0.858510;4;0;0;365;883;36.22;117.46;14;;
37.733158;-0.858298;4;0;0;365;883;36.24;117.44;;;
37.733213;-0.858086;4;0;0;365;883;36.26;117.42;;;
37.733305;-0.857890;4;0;0;365;883;36.28;117.4;;;
37.733463;-0.857481;4;0;0;365;883;36.32;117.36;;;
37.733616;-0.857070;5;0;0;365;883;36.36;117.32;;;
37.733768;-0.856658;5;0;0;365;883;36.4;117.28;;;
37.733842;-0.856450;5;0;0;366;882;36.42;117.26;;;
37.733915;-0.856242;5;0;0;366;882;36.44;117.24;;;
37.733988;-0.856035;5;0;0;366;882;36.46;117.22;;;
37.734139;-0.855622;5;0;0;366;882;36.5;117.18;;;
37.734335;-0.855245;5;0;0;366;882;36.54;117.14;;;
37.734465;-0.855090;5;0;0;366;882;36.56;117.12;;;
37.734622;-0.854980;6;0;0;366;882;36.58;117.1;;;
37.734785;-0.854883;6;0;0;366;882;36.6;117.08;;;
37.735110;-0.854689;6;0;0;366;882;36.64;117.04;;;
37.735436;-0.854496;6;0;0;366;882;36.68;117;;;
37.735762;-0.854302;6;0;0;367;881;36.72;116.96;;;
37.735924;-0.854205;6;0;0;367;881;36.74;116.94;;;
37.736087;-0.854109;6;0;0;367;881;36.76;116.92;;;
37.736250;-0.854012;6;0;0;367;881;36.78;116.9;;;
37.736575;-0.853819;6;0;0;367;881;36.82;116.86;;;
37.736901;-0.853625;6;0;0;367;881;36.86;116.82;;;
37.737227;-0.853433;7;0;0;367;881;36.9;116.78;;;
37.737390;-0.853336;7;0;0;367;881;36.92;116.76;;;
37.737552;-0.853239;7;0;0;367;881;36.94;116.74;;;
37.737715;-0.853142;7;0;0;367;881;36.96;116.72;;;
37.738041;-0.852948;7;0;0;367;881;37;116.68;;;
37.738366;-0.852755;7;0;0;368;880;37.04;116.64;;;
37.738529;-0.852658;7;0;0;368;880;37.06;116.62;;;
37.738692;-0.852562;7;0;0;368;880;37.08;116.6;;;
37.738855;-0.852465;7;0;0;368;880;37.1;116.58;;;
37.739180;-0.852271;7;0;0;368;880;37.14;116.54;;;
37.739506;-0.852078;7;0;0;368;880;37.18;116.5;;;
37.739831;-0.851884;7;0;0;368;880;37.22;116.46;;;
37.739994;-0.851788;7;0;0;368;880;37.24;116.44;;;
37.740157;-0.851692;7;0;0;368;880;37.26;116.42;;;
37.740320;-0.851595;7;0;0;368;880;37.28;116.4;;;
37.740645;-0.851401;7;0;0;368;880;37.32;116.36;;;
37.740972;-0.851210;7;0;0;368;880;37.36;116.32;;;
37.741298;-0.851019;8;0;0;368;880;37.4;116.28;;;
37.741461;-0.850921;8;0;0;368;880;37.42;116.26;;;
37.741623;-0.850823;8;0;0;368;880;37.44;116.24;;;
37.741785;-0.850724;8;0;0;368;880;37.46;116.22;;;
37.742107;-0.850664;8;0;0;368;880;37.5;116.18;15;;
37.742265;-0.851071;7;0;0;368;880;37.54;116.14;;;
37.742340;-0.851277;7;0;0;368;880;37.56;116.12;;;
37.742425;-0.851478;7;0;0;368;880;37.58;116.1;;;
37.742509;-0.851679;7;0;0;368;880;37.6;116.08;;;
37.742686;-0.852075;7;0;0;368;880;37.64;116.04;;;
37.742891;-0.852447;7;0;0;368;880;37.68;116;;;
37.743167;-0.852738;7;0;0;368;880;37.72;115.96;;;
37.743311;-0.852875;7;0;0;368;880;37.74;115.94;;;
37.743463;-0.852993;7;0;0;368;880;37.76;115.92;;;
37.743628;-0.853082;7;0;0;368;880;37.78;115.9;;;
37.743960;-0.853259;7;0;0;368;880;37.82;115.86;;;
37.744305;-0.853386;7;0;0;368;880;37.86;115.82;;;
37.744651;-0.853512;7;0;0;368;880;37.9;115.78;;;
37.744822;-0.853580;7;0;0;368;880;37.92;115.76;;;
37.744994;-0.853648;7;0;0;368;880;37.94;115.74;;;
37.745166;-0.853716;7;0;0;368;880;37.96;115.72;;;
37.745509;-0.853853;7;0;0;368;880;38;115.68;;;
37.745852;-0.853989;7;0;0;368;880;38.04;115.64;;;
37.746024;-0.854057;7;0;0;368;880;38.06;115.62;;;
37.746197;-0.854118;7;0;0;368;880;38.08;115.6;;;
37.746371;-0.854173;7;0;0;368;880;38.1;115.58;;;
37.746720;-0.854285;7;0;0;368;880;38.14;115.54;;;
37.747068;-0.854402;7;0;0;368;880;38.18;115.5;;;
37.747401;-0.854571;7;0;0;368;880;38.22;115.46;;;
37.747573;-0.854639;7;0;0;368;880;38.24;115.44;;;
37.747744;-0.854707;7;0;0;369;879;38.26;115.42;;;
37.747916;-0.854774;7;0;0;369;879;38.28;115.4;;;
37.748255;-0.854926;7;0;0;369;879;38.32;115.36;;;
37.748595;-0.855074;7;0;0;369;879;38.36;115.32;;;
37.748939;-0.855210;7;0;0;369;879;38.4;115.28;;;
37.749110;-0.855278;7;0;0;369;879;38.42;115.26;;;
37.749281;-0.855347;7;0;0;369;879;38.44;115.24;;;
37.749453;-0.855417;7;0;0;369;879;38.46;115.22;;;
37.749795;-0.855556;7;0;0;369;879;38.5;115.18;;;
37.750138;-0.855696;7;0;0;369;879;38.54;115.14;;;
37.750308;-0.855770;7;0;0;369;879;38.56;115.12;;;
37.750473;-0.855858;7;0;0;369;879;38.58;115.1;;;
37.750639;-0.855946;7;0;0;369;879;38.6;115.08;;;
37.750971;-0.856123;7;0;0;369;879;38.64;115.04;;;
37.751302;-0.856300;8;0;0;369;879;38.68;115;;;
37.751633;-0.856477;8;0;0;369;879;38.72;114.96;;;
37.751799;-0.856565;8;0;0;370;878;38.74;114.94;;;
37.751965;-0.856653;8;0;0;370;878;38.76;114.92;;;
37.752131;-0.856742;8;0;0;370;878;38.78;114.9;;;
37.752462;-0.856919;8;0;0;370;878;38.82;114.86;;;
37.752792;-0.857099;8;0;1;370;878;38.86;114.82;;;
37.753090;-0.857350;9;0;1;370;878;38.9;114.78;;;
37.753230;-0.857491;9;0;1;371;877;38.92;114.76;;;
37.753348;-0.857664;9;0;1;371;877;38.94;114.74;;;
37.753461;-0.857840;9;0;1;371;877;38.96;114.72;;;
37.753678;-0.858203;9;0;1;371;877;39;114.68;;;
37.753894;-0.858566;10;0;1;371;877;39.04;114.64;;;
37.754003;-0.858748;10;0;1;372;876;39.06;114.62;;;
37.754111;-0.858930;10;0;1;372;876;39.08;114.6;;;
37.754219;-0.859112;10;0;1;372;876;39.1;114.58;;;
37.754428;-0.859482;11;0;1;372;876;39.14;114.54;;;
37.754635;-0.859854;11;0;1;373;875;39.18;114.5;;;
37.754843;-0.860225;11;0;1;373;875;39.22;114.46;;;
37.754946;-0.860411;11;0;1;373;875;39.24;114.44;;;
37.755050;-0.860597;11;0;1;373;875;39.26;114.42;;;
37.755154;-0.860783;11;0;1;373;875;39.28;114.4;;;
37.755361;-0.861155;12;0;1;373;875;39.32;114.36;;;
37.755574;-0.861522;12;0;1;374;874;39.36;114.32;;;
37.755789;-0.861887;12;0;1;374;874;39.4;114.28;;;
37.755896;-0.862069;12;0;1;374;874;39.42;114.26;;;
37.756004;-0.862252;12;0;1;374;874;39.44;114.24;;;
37.756111;-0.862434;12;0;1;374;874;39.46;114.22;;;
37.756326;-0.862799;13;0;1;374;874;39.5;114.18;;;
37.756541;-0.863163;13;0;1;375;873;39.54;114.14;;;
37.756649;-0.863346;13;0;1;375;873;39.56;114.12;;;
37.756756;-0.863528;13;0;1;375;873;39.58;114.1;;;
37.756864;-0.863711;13;0;0;375;873;39.6;114.08;;;
37.757069;-0.864084;13;0;0;375;873;39.64;114.04;;;
37.757268;-0.864463;14;0;0;375;873;39.68;114;;;
37.757450;-0.864855;14;0;1;376;872;39.72;113.96;;;
37.757537;-0.865054;14;0;1;376;872;39.74;113.94;;;
37.757624;-0.865253;14;0;1;376;872;39.76;113.92;;;
37.757712;-0.865452;14;0;0;376;872;39.78;113.9;;;
37.757887;-0.865849;14;0;0;376;872;39.82;113.86;;;
37.758061;-0.866248;14;0;0;376;872;39.86;113.82;;;
37.758236;-0.866645;15;0;0;376;872;39.9;113.78;;;
37.758323;-0.866844;15;0;0;376;872;39.92;113.76;;;
37.758410;-0.867043;15;0;0;377;871;39.94;113.74;;;
37.758497;-0.867242;15;0;0;377;871;39.96;113.72;;;
37.758674;-0.867638;15;0;0;377;871;40;113.68;;;
37.758855;-0.868032;15;0;1;377;871;40.04;113.64;;;
37.758945;-0.868228;15;0;1;377;871;40.06;113.62;;;
37.759036;-0.868425;15;0;1;377;871;40.08;113.6;;;
37.759127;-0.868621;16;0;1;377;871;40.1;113.58;;;
37.759307;-0.869015;16;0;1;378;870;40.14;113.54;;;
37.759477;-0.869416;16;0;1;378;870;40.18;113.5;;;
37.759646;-0.869818;16;0;0;378;870;40.22;113.46;;;
37.759731;-0.870018;16;0;0;378;870;40.24;113.44;;;
37.759816;-0.870219;16;0;0;378;870;40.26;113.42;;;
37.759901;-0.870420;16;0;0;378;870;40.28;113.4;;;
37.760070;-0.870821;17;0;0;378;870;40.32;113.36;;;
37.760189;-0.871251;17;0;0;378;870;40.36;113.32;;;
37.760307;-0.871680;17;0;0;378;870;40.4;113.28;;;
37.760366;-0.871895;17;0;0;379;869;40.42;113.26;;;
37.760426;-0.872110;17;0;0;379;869;40.44;113.24;;;
37.760485;-0.872325;17;0;0;379;869;40.46;113.22;;;
37.760604;-0.872754;17;0;0;379;869;40.5;113.18;;;
37.760723;-0.873183;17;0;0;379;869;40.54;113.14;;;
37.760783;-0.873398;17;0;0;379;869;40.56;113.12;;;
37.760842;-0.873613;17;0;0;379;869;40.58;113.1;;;
37.760902;-0.873827;17;0;0;379;869;40.6;113.08;;;
37.761058;-0.874237;18;0;0;379;869;40.64;113.04;;;
37.761242;-0.874627;18;0;0;379;869;40.68;113;;;
37.761417;-0.875020;18;0;0;379;869;40.72;112.96;;;
37.761369;-0.875225;18;0;0;379;869;40.74;112.94;;;
37.761248;-0.875390;18;0;0;379;869;40.76;112.92;;;
37.761095;-0.875511;18;0;0;379;869;40.78;112.9;;;
37.760789;-0.875750;18;0;0;379;869;40.82;112.86;16;;
37.760482;-0.875988;18;0;0;379;869;40.86;112.82;;;
37.760174;-0.876223;17;0;0;379;869;40.9;112.78;;;
37.760020;-0.876341;17;0;0;379;869;40.92;112.76;;;
37.759866;-0.876458;17;0;0;379;869;40.94;112.74;;;
37.759713;-0.876576;17;0;0;379;869;40.96;112.72;;;
37.759559;-0.876694;17;0;0;379;869;40.98;112.7;;;
37.759405;-0.876811;17;0;0;379;869;41;112.68;;;
37.759250;-0.876928;17;0;0;379;869;41.02;112.66;;;
37.759097;-0.877046;17;0;0;379;869;41.04;112.64;;;
37.758943;-0.877164;17;0;0;379;869;41.06;112.62;;;
37.758789;-0.877282;17;0;0;379;869;41.08;112.6;;;
37.758635;-0.877399;17;0;0;379;869;41.1;112.58;;;
37.758481;-0.877516;17;0;0;379;869;41.12;112.56;;;
37.758327;-0.877635;17;0;0;379;869;41.14;112.54;;;
37.758173;-0.877752;17;0;0;379;869;41.16;112.52;;;
37.758019;-0.877869;17;0;0;379;869;41.18;112.5;;;
37.757865;-0.877987;17;0;0;379;869;41.2;112.48;;;
37.757711;-0.878105;17;0;0;379;869;41.22;112.46;;;
37.757557;-0.878223;17;0;0;379;869;41.24;112.44;;;
37.757403;-0.878340;17;0;0;379;869;41.26;112.42;;;
37.757249;-0.878457;17;0;0;379;869;41.28;112.4;;;
37.757095;-0.878575;17;0;0;379;869;41.3;112.38;;;
37.756941;-0.878693;17;0;0;379;869;41.32;112.36;;;
37.756787;-0.878811;17;0;0;379;869;41.34;112.34;;;
37.756633;-0.878929;17;0;0;379;869;41.36;112.32;;;
37.756479;-0.879046;17;0;0;379;869;41.38;112.3;;;
37.756320;-0.879151;17;0;0;379;869;41.4;112.28;;;
37.756159;-0.879253;17;0;0;379;869;41.42;112.26;;;
37.755998;-0.879354;17;0;0;379;869;41.44;112.24;;;
37.755836;-0.879453;17;0;0;379;869;41.46;112.22;;;
37.755672;-0.879545;17;0;0;379;869;41.48;112.2;;;
37.755507;-0.879637;17;0;0;379;869;41.5;112.18;;;
37.755343;-0.879729;17;0;0;379;869;41.52;112.16;;;
37.755178;-0.879821;17;0;0;379;869;41.54;112.14;;;
37.755014;-0.879913;17;0;0;379;869;41.56;112.12;;;
37.754849;-0.880005;17;0;0;379;869;41.58;112.1;;;
37.754685;-0.880098;17;0;0;379;869;41.6;112.08;;;
37.754520;-0.880190;17;0;0;379;869;41.62;112.06;;;
37.754356;-0.880281;17;0;0;379;869;41.64;112.04;;;
37.754191;-0.880374;17;0;0;379;869;41.66;112.02;;;
37.754027;-0.880466;17;0;0;379;869;41.68;112;;;
37.753862;-0.880558;17;0;0;379;869;41.7;111.98;;;
37.753698;-0.880649;17;0;0;379;869;41.72;111.96;;;
37.753533;-0.880741;17;0;0;379;869;41.74;111.94;;;
37.753369;-0.880834;17;0;0;379;869;41.76;111.92;;;
37.753204;-0.880926;17;0;0;379;869;41.78;111.9;;;
37.753040;-0.881018;17;0;0;379;869;41.8;111.88;;;
37.752875;-0.881110;17;0;0;379;869;41.82;111.86;;;
37.752711;-0.881202;17;0;0;379;869;41.84;111.84;;;
37.752549;-0.881301;17;0;0;379;869;41.86;111.82;;;
37.752392;-0.881411;17;0;0;379;869;41.88;111.8;;;
37.752234;-0.881521;17;0;0;379;869;41.9;111.78;;;
37.752076;-0.881630;17;0;0;379;869;41.92;111.76;;;
37.751920;-0.881743;16;0;0;379;869;41.94;111.74;;;
37.751765;-0.881857;16;0;0;379;869;41.96;111.72;;;
37.751608;-0.881970;16;0;0;379;869;41.98;111.7;;;
37.751452;-0.882083;16;0;0;379;869;42;111.68;;;
37.751297;-0.882197;16;0;0;379;869;42.02;111.66;;;
37.751141;-0.882310;16;0;0;379;869;42.04;111.64;;;
37.750984;-0.882422;16;0;0;379;869;42.06;111.62;;;
37.750830;-0.882539;16;0;0;379;869;42.08;111.6;;;
37.750676;-0.882656;16;0;0;379;869;42.1;111.58;;;
37.750521;-0.882772;16;0;0;379;869;42.12;111.56;;;
37.750367;-0.882889;16;0;0;379;869;42.14;111.54;;;
37.750212;-0.883005;16;0;0;379;869;42.16;111.52;;;
37.750058;-0.883123;16;0;0;379;869;42.18;111.5;;;
37.749904;-0.883240;16;0;0;379;869;42.2;111.48;;;
37.749749;-0.883356;16;0;0;379;869;42.22;111.46;;;
37.749595;-0.883472;16;0;0;379;869;42.24;111.44;;;
37.749440;-0.883589;16;0;0;379;869;42.26;111.42;;;
37.749286;-0.883707;16;0;0;379;869;42.28;111.4;;;
37.749132;-0.883823;16;0;0;379;869;42.3;111.38;;;
37.748977;-0.883940;16;0;0;379;869;42.32;111.36;;;
37.748823;-0.884056;16;0;0;379;869;42.34;111.34;;;
37.748667;-0.884170;16;0;0;379;869;42.36;111.32;;;
37.748511;-0.884283;16;0;0;379;869;42.38;111.3;;;
37.748355;-0.884396;16;0;0;379;869;42.4;111.28;;;
37.748199;-0.884509;16;0;0;379;869;42.42;111.26;;;
37.748043;-0.884623;16;0;0;379;869;42.44;111.24;;;
37.747887;-0.884736;16;0;0;379;869;42.46;111.22;;;
37.747731;-0.884849;16;0;0;379;869;42.48;111.2;;;
37.747575;-0.884962;16;0;0;379;869;42.5;111.18;;;
37.747422;-0.885081;16;0;0;379;869;42.52;111.16;;;
37.747268;-0.885200;16;0;0;379;869;42.54;111.14;;;
37.747114;-0.885318;16;0;0;379;869;42.56;111.12;;;
37.746961;-0.885436;16;0;0;379;869;42.58;111.1;;;
37.746807;-0.885554;16;0;0;379;869;42.6;111.08;;;
37.746654;-0.885673;16;0;0;379;869;42.62;111.06;;;
37.746500;-0.885792;16;0;0;379;869;42.64;111.04;;;
37.746347;-0.885910;16;0;0;379;869;42.66;111.02;;;
37.746193;-0.886028;16;0;0;379;869;42.68;111;;;
37.746039;-0.886146;16;0;0;379;869;42.7;110.98;;;
37.745882;-0.886258;16;0;0;379;869;42.72;110.96;;;
37.745726;-0.886369;16;0;0;379;869;42.74;110.94;;;
37.745569;-0.886481;16;0;0;380;868;42.76;110.92;;;
37.745412;-0.886591;16;0;0;380;868;42.78;110.9;;;
37.745255;-0.886702;16;0;0;380;868;42.8;110.88;;;
37.745098;-0.886814;16;0;0;380;868;42.82;110.86;;;
37.744941;-0.886925;16;0;0;380;868;42.84;110.84;;;
37.744784;-0.887036;16;0;0;380;868;42.86;110.82;;;
37.744627;-0.887147;16;0;0;380;868;42.88;110.8;;;
37.744471;-0.887260;16;0;0;380;868;42.9;110.78;;;
37.744317;-0.887377;16;0;0;380;868;42.92;110.76;;;
37.744162;-0.887493;16;0;0;380;868;42.94;110.74;;;
37.744007;-0.887608;16;0;0;380;868;42.96;110.72;;;
37.743852;-0.887724;16;0;0;380;868;42.98;110.7;;;
37.743697;-0.887840;16;0;0;380;868;43;110.68;;;
37.743543;-0.887957;16;0;0;380;868;43.02;110.66;;;
37.743388;-0.888073;16;0;0;380;868;43.04;110.64;;;
37.743234;-0.888189;16;0;0;380;868;43.06;110.62;;;
37.743079;-0.888304;16;0;0;380;868;43.08;110.6;;;
37.742924;-0.888421;16;0;0;380;868;43.1;110.58;;;
37.742770;-0.888537;16;0;0;380;868;43.12;110.56;;;
37.742615;-0.888653;16;0;0;380;868;43.14;110.54;;;
37.742460;-0.888769;16;0;0;380;868;43.16;110.52;;;
37.742305;-0.888884;16;0;0;380;868;43.18;110.5;;;
37.742151;-0.889001;16;0;0;380;868;43.2;110.48;;;
37.741996;-0.889117;16;0;0;380;868;43.22;110.46;;;
37.741841;-0.889233;16;0;0;380;868;43.24;110.44;;;
37.741686;-0.889349;16;0;0;380;868;43.26;110.42;;;
37.741531;-0.889464;16;0;0;380;868;43.28;110.4;;;
37.741377;-0.889581;16;0;0;380;868;43.3;110.38;;;
37.741223;-0.889697;16;0;0;380;868;43.32;110.36;;;
37.741068;-0.889813;16;0;0;380;868;43.34;110.34;;;
37.740913;-0.889929;16;0;0;380;868;43.36;110.32;;;
37.740758;-0.890045;17;0;0;380;868;43.38;110.3;;;
37.740604;-0.890161;17;0;0;381;867;43.4;110.28;;;
37.740449;-0.890278;17;0;0;381;867;43.42;110.26;;;
37.740294;-0.890393;17;0;0;381;867;43.44;110.24;;;
37.740139;-0.890509;17;0;0;381;867;43.46;110.22;;;
37.739985;-0.890626;17;0;0;381;867;43.48;110.2;;;
37.739833;-0.890747;17;0;0;381;867;43.5;110.18;;;
37.739680;-0.890867;17;0;0;381;867;43.52;110.16;;;
37.739532;-0.890997;17;0;1;381;867;43.54;110.14;;;
37.739386;-0.891129;17;0;1;381;867;43.56;110.12;;;
37.739241;-0.891263;17;0;1;381;867;43.58;110.1;;;
37.739096;-0.891398;17;0;1;381;867;43.6;110.08;;;
37.738957;-0.891541;18;0;1;381;867;43.62;110.06;;;
37.738826;-0.891698;18;0;1;382;866;43.64;110.04;;;
37.738746;-0.891899;18;0;1;382;866;43.66;110.02;;;
37.738708;-0.892120;18;0;0;382;866;43.68;110;;;
37.738636;-0.892322;18;0;0;382;866;43.7;109.98;17;;
37.738516;-0.892489;18;0;0;382;866;43.72;109.96;;;
37.738451;-0.892696;18;0;0;382;866;43.74;109.94;;;
37.738409;-0.892917;18;0;0;382;866;43.76;109.92;;;
37.738380;-0.893141;18;0;0;382;866;43.78;109.9;;;
37.738373;-0.893368;18;0;0;382;866;43.8;109.88;;;
37.738365;-0.893595;18;0;0;382;866;43.82;109.86;;;
37.738357;-0.893823;18;0;0;382;866;43.84;109.84;;;
37.738357;-0.894050;19;0;0;383;865;43.86;109.82;;;
37.738357;-0.894278;19;0;0;383;865;43.88;109.8;;;
37.738356;-0.894505;19;0;0;383;865;43.9;109.78;;;
37.738355;-0.894732;19;0;0;383;865;43.92;109.76;;;
37.738355;-0.894960;19;0;0;383;865;43.94;109.74;;;
37.738355;-0.895187;19;0;0;383;865;43.96;109.72;;;
37.738354;-0.895415;19;0;0;383;865;43.98;109.7;;;
37.738353;-0.895642;19;0;0;383;865;44;109.68;;;
37.738353;-0.895870;19;0;0;383;865;44.02;109.66;;;
37.738353;-0.896097;19;0;0;383;865;44.04;109.64;;;
37.738352;-0.896325;19;0;0;383;865;44.06;109.62;;;
37.738351;-0.896552;19;0;0;383;865;44.08;109.6;;;
37.738351;-0.896779;19;0;0;383;865;44.1;109.58;;;
37.738351;-0.897007;19;0;0;383;865;44.12;109.56;;;
37.738350;-0.897234;19;0;0;383;865;44.14;109.54;;;
37.738350;-0.897462;19;0;0;383;865;44.16;109.52;;;
37.738353;-0.897689;20;0;0;383;865;44.18;109.5;;;
37.738376;-0.897914;20;0;0;384;864;44.2;109.48;;;
37.738383;-0.898140;20;0;0;384;864;44.22;109.46;;;
37.738378;-0.898361;20;0;0;384;864;44.24;109.44;;;
37.738420;-0.898579;20;0;0;384;864;44.26;109.42;;;
37.738402;-0.898805;20;0;1;384;864;44.28;109.4;;;
37.738371;-0.899029;20;0;1;384;864;44.3;109.38;;;
37.738358;-0.899255;20;0;1;384;864;44.32;109.36;;;
37.738357;-0.899483;20;0;1;384;864;44.34;109.34;;;
37.738356;-0.899710;20;0;1;384;864;44.36;109.32;;;
37.738354;-0.899937;20;0;0;384;864;44.38;109.3;;;
37.738353;-0.900165;20;0;0;384;864;44.4;109.28;;;
37.738352;-0.900392;21;0;0;385;863;44.42;109.26;;;
37.738351;-0.900620;21;0;0;385;863;44.44;109.24;;;
37.738349;-0.900847;21;0;0;385;863;44.46;109.22;;;
37.738348;-0.901075;21;0;0;385;863;44.48;109.2;;;
37.738347;-0.901302;21;0;0;385;863;44.5;109.18;;;
37.738345;-0.901529;21;0;0;385;863;44.52;109.16;;;
37.738344;-0.901757;21;0;0;385;863;44.54;109.14;;;
37.738343;-0.901984;21;0;0;385;863;44.56;109.12;;;
37.738342;-0.902212;21;0;0;385;863;44.58;109.1;;;
37.738341;-0.902439;21;0;0;385;863;44.6;109.08;;;
37.738340;-0.902667;21;0;0;385;863;44.62;109.06;;;
37.738339;-0.902894;21;0;0;385;863;44.64;109.04;;;
37.738337;-0.903122;21;0;0;385;863;44.66;109.02;;;
37.738336;-0.903349;21;0;0;385;863;44.68;109;;;
37.738335;-0.903576;21;0;0;385;863;44.7;108.98;;;
37.738334;-0.903804;22;0;0;385;863;44.72;108.96;;;
37.738332;-0.904031;22;0;0;386;862;44.74;108.94;;;
37.738331;-0.904259;22;0;0;386;862;44.76;108.92;;;
37.738330;-0.904486;22;0;0;386;862;44.78;108.9;;;
37.738328;-0.904714;22;0;0;386;862;44.8;108.88;;;
37.738327;-0.904941;22;0;0;386;862;44.82;108.86;;;
37.738326;-0.905168;22;0;0;386;862;44.84;108.84;;;
37.738325;-0.905396;22;0;0;386;862;44.86;108.82;;;
37.738324;-0.905623;22;0;0;386;862;44.88;108.8;;;
37.738323;-0.905851;22;0;0;386;862;44.9;108.78;;;
37.738322;-0.906078;22;0;0;386;862;44.92;108.76;;;
37.738320;-0.906306;22;0;0;386;862;44.94;108.74;;;
37.738319;-0.906533;22;0;0;386;862;44.96;108.72;;;
37.738313;-0.906760;22;0;0;386;862;44.98;108.7;;;
37.738306;-0.906988;22;0;0;386;862;45;108.68;;;
37.738299;-0.907215;22;0;0;386;862;45.02;108.66;;;
37.738276;-0.907440;22;0;0;386;862;45.04;108.64;;;
37.738252;-0.907666;22;0;0;386;862;45.06;108.62;;;
37.738228;-0.907891;22;0;0;386;862;45.08;108.6;;;
37.738204;-0.908117;22;0;0;386;862;45.1;108.58;;;
37.738180;-0.908342;22;0;0;386;862;45.12;108.56;;;
37.738156;-0.908567;22;0;0;386;862;45.14;108.54;;;
37.738132;-0.908793;22;0;0;387;861;45.16;108.52;;;
37.738108;-0.909018;22;0;0;387;861;45.18;108.5;;;
37.738084;-0.909244;22;0;0;387;861;45.2;108.48;;;
37.738060;-0.909469;22;0;0;387;861;45.22;108.46;;;
37.738056;-0.909695;22;0;0;387;861;45.24;108.44;;;
37.738068;-0.909922;22;0;0;387;861;45.26;108.42;;;
37.738155;-0.910114;22;0;0;387;861;45.28;108.4;;;
37.738259;-0.910292;22;0;0;387;861;45.3;108.38;;;
37.738276;-0.910513;22;0;0;387;861;45.32;108.36;;;
37.738201;-0.910712;22;0;0;387;861;45.34;108.34;;;
37.738076;-0.910875;22;0;0;387;861;45.36;108.32;;;
37.737964;-0.911052;22;0;0;387;861;45.38;108.3;;;
37.737895;-0.911260;22;0;0;387;861;45.4;108.28;;;
37.737862;-0.911483;22;0;0;387;861;45.42;108.26;;;
37.737839;-0.911709;22;0;0;387;861;45.44;108.24;;;
37.737816;-0.911934;22;0;0;387;861;45.46;108.22;;;
37.737793;-0.912160;22;0;0;387;861;45.48;108.2;;;
37.737770;-0.912385;22;0;0;387;861;45.5;108.18;;;
37.737747;-0.912611;22;0;0;387;861;45.52;108.16;;;
37.737724;-0.912837;22;0;0;387;861;45.54;108.14;;;
37.737701;-0.913062;22;0;0;387;861;45.56;108.12;;;
37.737678;-0.913288;22;0;0;387;861;45.58;108.1;;;
37.737655;-0.913513;22;0;0;387;861;45.6;108.08;;;
37.737632;-0.913739;22;0;0;387;861;45.62;108.06;;;
37.737609;-0.913964;22;0;0;387;861;45.64;108.04;;;
37.737586;-0.914190;22;0;0;387;861;45.66;108.02;;;
37.737563;-0.914416;22;0;0;387;861;45.68;108;;;
37.737540;-0.914641;22;0;0;387;861;45.7;107.98;;;
37.737517;-0.914867;22;0;0;387;861;45.72;107.96;;;
37.737494;-0.915092;22;0;0;387;861;45.74;107.94;;;
37.737471;-0.915318;22;0;0;387;861;45.76;107.92;;;
37.737449;-0.915544;22;0;0;387;861;45.78;107.9;;;
37.737426;-0.915769;22;0;0;387;861;45.8;107.88;;;
37.737402;-0.915995;22;0;0;387;861;45.82;107.86;;;
37.737379;-0.916220;23;0;0;387;861;45.84;107.84;;;
37.737356;-0.916446;23;0;0;387;861;45.86;107.82;;;
37.737333;-0.916671;23;0;0;387;861;45.88;107.8;;;
37.737310;-0.916897;23;0;0;387;861;45.9;107.78;;;
37.737287;-0.917122;23;0;0;387;861;45.92;107.76;;;
37.737265;-0.917348;23;0;0;387;861;45.94;107.74;;;
37.737242;-0.917574;23;0;0;387;861;45.96;107.72;;;
37.737219;-0.917799;23;0;1;387;861;45.98;107.7;;;
37.737196;-0.918025;23;0;1;388;860;46;107.68;;;
37.737189;-0.918252;23;0;1;388;860;46.02;107.66;;;
37.737209;-0.918477;23;0;1;388;860;46.04;107.64;;;
37.737299;-0.918668;24;0;1;388;860;46.06;107.62;;;
37.737210;-0.918860;24;0;1;388;860;46.08;107.6;;;
37.737099;-0.919035;24;0;1;388;860;46.1;107.58;;;
37.737057;-0.919255;24;0;1;389;859;46.12;107.56;;;
37.737034;-0.919481;24;0;1;389;859;46.14;107.54;;;
37.737011;-0.919706;24;0;1;389;859;46.16;107.52;;;
37.736987;-0.919932;25;0;1;389;859;46.18;107.5;;;
37.736964;-0.920157;25;0;1;389;859;46.2;107.48;;;
37.736940;-0.920383;25;0;1;389;859;46.22;107.46;;;
37.736917;-0.920608;25;0;1;389;859;46.24;107.44;;;
37.736894;-0.920834;25;0;1;389;859;46.26;107.42;;;
37.736870;-0.921059;25;0;1;389;859;46.28;107.4;;;
37.736846;-0.921285;25;0;1;390;858;46.3;107.38;;;
37.736823;-0.921510;25;0;1;390;858;46.32;107.36;;;
37.736800;-0.921736;26;0;1;390;858;46.34;107.34;;;
37.736777;-0.921961;26;0;1;390;858;46.36;107.32;;;
37.736753;-0.922187;26;0;1;390;858;46.38;107.3;;;
37.736729;-0.922412;26;0;1;390;858;46.4;107.28;;;
37.736706;-0.922638;26;0;0;390;858;46.42;107.26;;;
37.736683;-0.922863;26;0;0;390;858;46.44;107.24;;;
37.736660;-0.923089;26;0;0;391;857;46.46;107.22;;;
37.736636;-0.923314;26;0;0;391;857;46.48;107.2;;;
37.736612;-0.923540;26;0;0;391;857;46.5;107.18;;;
37.736589;-0.923765;26;0;0;391;857;46.52;107.16;;;
37.736566;-0.923991;27;0;0;391;857;46.54;107.14;;;
37.736543;-0.924216;27;0;1;391;857;46.56;107.12;;;
37.736519;-0.924442;27;0;1;391;857;46.58;107.1;;;
37.736495;-0.924667;27;0;1;391;857;46.6;107.08;;;
37.736472;-0.924893;27;0;1;391;857;46.62;107.06;;;
37.736449;-0.925118;27;0;1;391;857;46.64;107.04;;;
37.736426;-0.925344;27;0;1;392;856;46.66;107.02;;;
37.736402;-0.925569;27;0;1;392;856;46.68;107;;;
37.736378;-0.925795;27;0;1;392;856;46.7;106.98;;;
37.736352;-0.926020;27;0;1;392;856;46.72;106.96;;;
37.736326;-0.926245;28;0;1;392;856;46.74;106.94;;;
37.736299;-0.926470;28;0;1;392;856;46.76;106.92;;;
37.736273;-0.926695;28;0;1;392;856;46.78;106.9;;;
37.736246;-0.926920;28;0;1;392;856;46.8;106.88;;;
37.736220;-0.927145;28;0;1;393;855;46.82;106.86;;;
37.736194;-0.927370;28;0;1;393;855;46.84;106.84;;;
37.736167;-0.927595;28;0;1;393;855;46.86;106.82;;;
37.736141;-0.927820;28;0;1;393;855;46.88;106.8;;;
37.736114;-0.928045;29;0;1;393;855;46.9;106.78;;;
37.736088;-0.928270;29;0;1;393;855;46.92;106.76;;;
37.736062;-0.928495;29;0;1;393;855;46.94;106.74;;;
37.736035;-0.928719;29;0;1;393;855;46.96;106.72;;;
37.736009;-0.928944;29;0;0;393;855;46.98;106.7;;;
37.735982;-0.929169;29;0;0;394;854;47;106.68;;;
37.735956;-0.929394;29;0;0;394;854;47.02;106.66;;;
37.735930;-0.929619;29;0;0;394;854;47.04;106.64;;;
37.735903;-0.929844;29;0;0;394;854;47.06;106.62;;;
37.735899;-0.930071;29;0;0;394;854;47.08;106.6;;;
37.735899;-0.930299;30;0;0;394;854;47.1;106.58;;;
37.735923;-0.930524;30;0;0;394;854;47.12;106.56;;;
37.735952;-0.930748;30;0;0;394;854;47.14;106.54;;;
37.735981;-0.930973;30;0;0;394;854;47.16;106.52;;;
37.736033;-0.931189;30;0;0;394;854;47.18;106.5;;;
37.736096;-0.931402;30;0;0;394;854;47.2;106.48;;;
37.736159;-0.931616;30;0;0;394;854;47.22;106.46;;;
37.736223;-0.931828;30;0;0;394;854;47.24;106.44;;;
37.736290;-0.932039;30;0;0;395;853;47.26;106.42;;;
37.736375;-0.932239;30;0;0;395;853;47.28;106.4;;;
37.736464;-0.932437;30;0;0;395;853;47.3;106.38;;;
37.736576;-0.932615;30;0;0;395;853;47.32;106.36;;;
37.736688;-0.932793;30;0;0;395;853;47.34;106.34;;;
37.736799;-0.932971;30;0;0;395;853;47.36;106.32;;;
37.736908;-0.933152;30;0;0;395;853;47.38;106.3;;;
37.737009;-0.933340;30;0;0;395;853;47.4;106.28;;;
37.737101;-0.933534;30;0;0;395;853;47.42;106.26;;;
37.737160;-0.933749;31;0;0;395;853;47.44;106.24;;;
37.737218;-0.933964;31;0;0;395;853;47.46;106.22;;;
37.737276;-0.934180;31;0;0;395;853;47.48;106.2;;;
37.737333;-0.934396;31;0;0;395;853;47.5;106.18;;;
37.737389;-0.934611;31;0;0;395;853;47.52;106.16;;;
37.737457;-0.934822;31;0;0;395;853;47.54;106.14;;;
37.737527;-0.935032;31;0;0;395;853;47.56;106.12;;;
37.737597;-0.935241;31;0;0;395;853;47.58;106.1;;;
37.737674;-0.935447;31;0;0;395;853;47.6;106.08;;;
37.737751;-0.935652;31;0;0;395;853;47.62;106.06;;;
37.737827;-0.935858;31;0;0;395;853;47.64;106.04;;;
37.737904;-0.936064;31;0;0;395;853;47.66;106.02;;;
37.737978;-0.936271;31;0;0;395;853;47.68;106;;;
37.738040;-0.936485;31;0;0;395;853;47.7;105.98;;;
37.738097;-0.936700;31;0;0;396;852;47.72;105.96;;;
37.738137;-0.936922;31;0;0;396;852;47.74;105.94;;;
37.738177;-0.937143;31;0;0;396;852;47.76;105.92;;;
37.738217;-0.937365;31;0;0;396;852;47.78;105.9;;;
37.738258;-0.937587;31;0;0;396;852;47.8;105.88;;;
37.738298;-0.937808;31;0;0;396;852;47.82;105.86;;;
37.738339;-0.938030;31;0;0;396;852;47.84;105.84;;;
37.738379;-0.938252;31;0;1;396;852;47.86;105.82;;;
37.738419;-0.938473;32;0;1;396;852;47.88;105.8;;;
37.738460;-0.938695;32;0;1;396;852;47.9;105.78;;;
37.738500;-0.938917;32;0;1;396;852;47.92;105.76;;;
37.738540;-0.939138;32;0;1;396;852;47.94;105.74;;;
37.738580;-0.939360;32;0;1;396;852;47.96;105.72;;;
37.738621;-0.939582;32;0;1;397;851;47.98;105.7;;;
37.738661;-0.939803;32;0;1;397;851;48;105.68;;;
37.738701;-0.940025;32;0;1;397;851;48.02;105.66;;;
37.738740;-0.940247;32;0;1;397;851;48.04;105.64;;;
37.738776;-0.940470;33;0;1;397;851;48.06;105.62;;;
37.738812;-0.940693;33;0;1;397;851;48.08;105.6;;;
37.738847;-0.940916;33;0;1;397;851;48.1;105.58;;;
37.738878;-0.941140;33;0;1;398;850;48.12;105.56;;;
37.738906;-0.941364;33;0;1;398;850;48.14;105.54;;;
37.738933;-0.941589;33;0;1;398;850;48.16;105.52;;;
37.738967;-0.941813;34;0;1;398;850;48.18;105.5;;;
37.739002;-0.942036;34;0;1;398;850;48.2;105.48;;;
37.739040;-0.942258;34;0;1;398;850;48.22;105.46;;;
37.739088;-0.942477;34;0;1;399;849;48.24;105.44;;;
37.739135;-0.942697;34;0;1;399;849;48.26;105.42;;;
37.739183;-0.942916;34;0;1;399;849;48.28;105.4;;;
37.739231;-0.943135;35;0;1;399;849;48.3;105.38;;;
37.739278;-0.943355;35;0;1;399;849;48.32;105.36;;;
37.739343;-0.943567;35;0;1;399;849;48.34;105.34;;;
37.739408;-0.943779;35;0;1;400;848;48.36;105.32;;;
37.739472;-0.943991;35;0;1;400;848;48.38;105.3;;;
37.739546;-0.944198;35;0;1;400;848;48.4;105.28;;;
37.739622;-0.944404;36;0;1;400;848;48.42;105.26;;;
37.739698;-0.944611;36;0;1;400;848;48.44;105.24;;;
37.739777;-0.944815;36;0;1;400;848;48.46;105.22;;;
37.739857;-0.945019;36;0;1;401;847;48.48;105.2;;;
37.739957;-0.945207;36;0;1;401;847;48.5;105.18;18;;
37.740062;-0.945392;36;0;1;401;847;48.52;105.16;;;
37.740168;-0.945576;37;0;1;401;847;48.54;105.14;;;
37.740273;-0.945760;37;0;1;401;847;48.56;105.12;;;
37.740378;-0.945945;37;0;1;401;847;48.58;105.1;;;
37.740484;-0.946129;37;0;1;401;847;48.6;105.08;;;
37.740589;-0.946313;37;0;1;402;846;48.62;105.06;;;
37.740701;-0.946492;37;0;1;402;846;48.64;105.04;;;
37.740813;-0.946669;37;0;1;402;846;48.66;105.02;;;
37.740925;-0.946847;38;0;1;402;846;48.68;105;;;
37.741037;-0.947025;38;0;1;402;846;48.7;104.98;;;
37.741149;-0.947203;38;0;1;402;846;48.72;104.96;;;
37.741245;-0.947395;38;0;1;402;846;48.74;104.94;;;
37.741339;-0.947589;38;0;1;403;845;48.76;104.92;;;
37.741413;-0.947796;38;0;1;403;845;48.78;104.9;;;
37.741484;-0.948005;38;0;1;403;845;48.8;104.88;;;
37.741555;-0.948215;39;0;1;403;845;48.82;104.86;;;
37.741625;-0.948424;39;0;1;403;845;48.84;104.84;;;
37.741696;-0.948633;39;0;1;403;845;48.86;104.82;;;
37.741767;-0.948842;39;0;1;403;845;48.88;104.8;;;
37.741838;-0.949051;39;0;1;404;844;48.9;104.78;;;
37.741908;-0.949260;39;0;1;404;844;48.92;104.76;;;
37.741979;-0.949469;39;0;1;404;844;48.94;104.74;;;
37.742054;-0.949676;39;0;1;404;844;48.96;104.72;;;
37.742131;-0.949881;40;0;1;404;844;48.98;104.7;;;
37.742210;-0.950086;40;0;1;404;844;49;104.68;;;
37.742288;-0.950291;40;0;1;404;844;49.02;104.66;;;
37.742367;-0.950495;40;0;1;404;844;49.04;104.64;;;
37.742459;-0.950690;40;0;1;405;843;49.06;104.62;;;
37.742551;-0.950886;40;0;1;405;843;49.08;104.6;;;
37.742643;-0.951081;40;0;1;405;843;49.1;104.58;;;
37.742740;-0.951273;40;0;1;405;843;49.12;104.56;;;
37.742846;-0.951456;41;0;1;405;843;49.14;104.54;;;
37.742972;-0.951615;41;0;1;405;843;49.16;104.52;;;
37.743087;-0.951789;41;0;1;405;843;49.18;104.5;;;
37.743200;-0.951965;41;0;1;406;842;49.2;104.48;;;
37.743316;-0.952139;41;0;1;406;842;49.22;104.46;;;
37.743432;-0.952313;41;0;0;406;842;49.24;104.44;;;
37.743554;-0.952481;41;0;0;406;842;49.26;104.42;;;
37.743676;-0.952647;41;0;0;406;842;49.28;104.4;;;
37.743799;-0.952814;42;0;0;406;842;49.3;104.38;;;
37.743920;-0.952981;42;0;0;406;842;49.32;104.36;;;
37.744035;-0.953157;42;0;0;406;842;49.34;104.34;;;
37.744150;-0.953332;42;0;0;406;842;49.36;104.32;;;
37.744257;-0.953514;42;0;0;406;842;49.38;104.3;;;
37.744347;-0.953710;42;0;0;406;842;49.4;104.28;;;
37.744458;-0.953888;42;0;0;406;842;49.42;104.26;;;
37.744573;-0.954061;42;0;0;406;842;49.44;104.24;;;
37.744646;-0.954267;42;0;0;406;842;49.46;104.22;;;
37.744778;-0.954414;41;0;0;406;842;49.48;104.2;;;
37.744944;-0.954504;41;0;0;406;842;49.5;104.18;;;
37.745109;-0.954593;41;0;0;406;842;49.52;104.16;;;
37.745274;-0.954683;41;0;-1;406;842;49.54;104.14;;;
37.745443;-0.954762;41;0;-1;406;842;49.56;104.12;;;
37.745614;-0.954830;41;0;-1;406;842;49.58;104.1;;;
37.745786;-0.954897;41;0;-1;406;842;49.6;104.08;;;
37.745959;-0.954922;41;0;-1;406;842;49.62;104.06;;;
37.746026;-0.954733;40;0;-1;406;842;49.64;104.04;;;
37.746002;-0.954507;40;0;-1;406;842;49.66;104.02;;;
37.745971;-0.954283;40;0;-1;406;842;49.68;104;;;
37.745937;-0.954060;40;0;-1;406;842;49.7;103.98;;;
37.745902;-0.953837;40;0;-1;406;842;49.72;103.96;;;
37.745883;-0.953611;39;0;-1;406;842;49.74;103.94;;;
37.745985;-0.953443;39;0;-1;406;842;49.76;103.92;;;
37.746156;-0.953376;39;0;-1;406;842;49.78;103.9;;;
37.746332;-0.953331;39;0;-1;406;842;49.8;103.88;;;
37.746509;-0.953294;39;0;-1;406;842;49.82;103.86;;;
37.746687;-0.953255;38;0;-1;406;842;49.84;103.84;;;
37.746864;-0.953216;38;0;-1;406;842;49.86;103.82;;;
37.747043;-0.953193;38;0;-1;406;842;49.88;103.8;;;
37.747222;-0.953172;38;0;-1;406;842;49.9;103.78;;;
37.747401;-0.953151;38;0;0;406;842;49.92;103.76;;;
37.747580;-0.953130;38;0;-1;406;842;49.94;103.74;;;
37.747759;-0.953109;38;0;0;406;842;49.96;103.72;;;
37.747938;-0.953088;38;0;0;406;842;49.98;103.7;;;
37.748116;-0.953058;38;0;0;406;842;50;103.68;;;
37.748294;-0.953021;38;0;0;406;842;50.02;103.66;;;
37.748471;-0.952982;37;0;0;406;842;50.04;103.64;;;
37.748647;-0.952936;37;0;0;406;842;50.06;103.62;;;
37.748823;-0.952889;37;0;0;406;842;50.08;103.6;;;
37.748999;-0.952843;37;0;0;406;842;50.1;103.58;;;
37.749175;-0.952796;37;0;0;406;842;50.12;103.56;;;
37.749351;-0.952749;37;0;0;406;842;50.14;103.54;;;
37.749527;-0.952702;37;0;0;406;842;50.16;103.52;;;
37.749703;-0.952655;37;0;0;406;842;50.18;103.5;;;
37.749879;-0.952608;37;0;0;406;842;50.2;103.48;;;
37.750054;-0.952556;37;0;0;406;842;50.22;103.46;;;
37.750229;-0.952504;37;0;0;406;842;50.24;103.44;;;
37.750405;-0.952452;37;0;0;406;842;50.26;103.42;;;
37.750580;-0.952400;37;0;0;406;842;50.28;103.4;;;
37.750755;-0.952348;37;0;0;406;842;50.3;103.38;;;
37.750930;-0.952295;37;0;0;406;842;50.32;103.36;;;
37.751105;-0.952243;37;0;0;406;842;50.34;103.34;;;
37.751281;-0.952200;37;0;0;406;842;50.36;103.32;;;
37.751457;-0.952155;36;0;0;406;842;50.38;103.3;;;
37.751618;-0.952056;37;0;0;406;842;50.4;103.28;;;
37.751786;-0.952042;37;0;1;406;842;50.42;103.26;;;
37.751960;-0.952099;37;0;1;407;841;50.44;103.24;;;
37.752137;-0.952088;37;0;1;407;841;50.46;103.22;;;
37.752316;-0.952062;37;0;1;407;841;50.48;103.2;;;
37.752495;-0.952044;37;0;1;407;841;50.5;103.18;;;
37.752675;-0.952026;37;0;0;407;841;50.52;103.16;;;
37.752854;-0.952008;38;0;0;407;841;50.54;103.14;;;
37.753033;-0.951989;38;0;0;407;841;50.56;103.12;;;
37.753212;-0.951970;38;0;0;407;841;50.58;103.1;;;
37.753392;-0.951952;38;0;0;408;840;50.6;103.08;;;
37.753571;-0.951935;38;0;1;408;840;50.62;103.06;;;
37.753750;-0.951918;38;0;1;408;840;50.64;103.04;;;
37.753930;-0.951901;38;0;1;408;840;50.66;103.02;;;
37.754109;-0.951883;38;0;1;408;840;50.68;103;;;
37.754288;-0.951865;38;0;1;408;840;50.7;102.98;;;
37.754464;-0.951834;39;0;1;408;840;50.72;102.96;;;
37.754641;-0.951793;39;0;1;408;840;50.74;102.94;;;
37.754817;-0.951748;39;0;1;409;839;50.76;102.92;;;
37.754992;-0.951697;39;0;1;409;839;50.78;102.9;;;
37.755168;-0.951646;39;0;0;409;839;50.8;102.88;;;
37.755343;-0.951595;39;0;0;409;839;50.82;102.86;;;
37.755518;-0.951544;39;0;1;409;839;50.84;102.84;;;
37.755694;-0.951493;39;0;1;409;839;50.86;102.82;;;
37.755869;-0.951442;39;0;1;409;839;50.88;102.8;;;
37.756044;-0.951391;40;0;1;409;839;50.9;102.78;;;
37.756219;-0.951336;40;0;1;409;839;50.92;102.76;;;
37.756392;-0.951277;40;0;1;410;838;50.94;102.74;;;
37.756566;-0.951217;40;0;1;410;838;50.96;102.72;;;
37.756739;-0.951158;40;0;1;410;838;50.98;102.7;;;
37.756913;-0.951098;40;0;1;410;838;51;102.68;;;
37.757087;-0.951039;40;0;1;410;838;51.02;102.66;;;
37.757260;-0.950980;40;0;1;410;838;51.04;102.64;;;
37.757434;-0.950920;40;0;1;410;838;51.06;102.62;;;
37.757608;-0.950861;41;0;1;410;838;51.08;102.6;;;
37.757781;-0.950801;41;0;1;410;838;51.1;102.58;;;
37.757955;-0.950742;41;0;1;411;837;51.12;102.56;;;
37.758128;-0.950682;41;0;1;411;837;51.14;102.54;;;
37.758302;-0.950622;41;0;1;411;837;51.16;102.52;;;
37.758476;-0.950563;41;0;1;411;837;51.18;102.5;;;
37.758649;-0.950504;41;0;1;411;837;51.2;102.48;;;
37.758823;-0.950444;41;0;0;411;837;51.22;102.46;;;
37.758996;-0.950385;42;0;0;411;837;51.24;102.44;;;
37.759170;-0.950325;42;0;0;411;837;51.26;102.42;;;
37.759344;-0.950266;42;0;1;411;837;51.28;102.4;;;
37.759517;-0.950206;42;0;1;412;836;51.3;102.38;;;
37.759691;-0.950147;42;0;1;412;836;51.32;102.36;;;
37.759865;-0.950089;42;0;1;412;836;51.34;102.34;;;
37.760040;-0.950038;42;0;1;412;836;51.36;102.32;;;
37.760216;-0.949992;42;0;1;412;836;51.38;102.3;;;
37.760392;-0.949945;42;0;1;412;836;51.4;102.28;;;
37.760569;-0.949903;43;0;1;412;836;51.42;102.26;;;
37.760747;-0.949872;43;0;1;413;835;51.44;102.24;;;
37.760925;-0.949839;43;0;1;413;835;51.46;102.22;;;
37.761102;-0.949801;43;0;1;413;835;51.48;102.2;;;
37.761280;-0.949762;43;0;1;413;835;51.5;102.18;;;
37.761457;-0.949723;43;0;1;413;835;51.52;102.16;;;
37.761635;-0.949697;43;0;1;413;835;51.54;102.14;;;
37.761814;-0.949670;44;0;1;413;835;51.56;102.12;;;
37.761993;-0.949643;44;0;1;413;835;51.58;102.1;;;
37.762171;-0.949616;44;0;1;414;834;51.6;102.08;;;
37.762350;-0.949590;44;0;1;414;834;51.62;102.06;;;
37.762529;-0.949563;44;0;1;414;834;51.64;102.04;;;
37.762707;-0.949536;44;0;1;414;834;51.66;102.02;;;
37.762886;-0.949516;44;0;1;414;834;51.68;102;;;
37.763066;-0.949502;44;0;1;414;834;51.7;101.98;;;
37.763245;-0.949483;45;0;1;414;834;51.72;101.96;;;
37.763424;-0.949461;45;0;1;415;833;51.74;101.94;;;
37.763601;-0.949419;45;0;1;415;833;51.76;101.92;;;
37.763772;-0.949351;45;0;1;415;833;51.78;101.9;;;
37.763945;-0.949367;45;0;1;415;833;51.8;101.88;;;
37.764118;-0.949417;45;0;1;415;833;51.82;101.86;;;
37.764289;-0.949354;46;0;1;415;833;51.84;101.84;;;
37.764456;-0.949269;46;0;1;415;833;51.86;101.82;;;
37.764627;-0.949200;46;0;1;415;833;51.88;101.8;;;
37.764803;-0.949162;46;0;1;416;832;51.9;101.78;;;
37.764982;-0.949185;46;0;1;416;832;51.92;101.76;;;
37.765142;-0.949286;46;0;1;416;832;51.94;101.74;;;
37.765269;-0.949447;46;0;1;416;832;51.96;101.72;;;
37.765374;-0.949629;46;0;0;416;832;51.98;101.7;;;
37.765446;-0.949837;46;0;0;416;832;52;101.68;;;
37.765485;-0.950059;46;0;0;416;832;52.02;101.66;;;
37.765522;-0.950282;47;0;0;416;832;52.04;101.64;;;
37.765558;-0.950505;47;0;0;416;832;52.06;101.62;;;
37.765594;-0.950728;47;0;0;416;832;52.08;101.6;;;
37.765627;-0.950951;47;0;0;416;832;52.1;101.58;19;;
37.765657;-0.951176;47;0;0;417;831;52.12;101.56;;;
37.765686;-0.951400;47;0;0;417;831;52.14;101.54;;;
37.765709;-0.951626;47;0;0;417;831;52.16;101.52;;;
37.765725;-0.951852;47;0;0;417;831;52.18;101.5;;;
37.765742;-0.952079;47;0;0;417;831;52.2;101.48;;;
37.765758;-0.952305;47;0;0;417;831;52.22;101.46;;;
37.765775;-0.952532;47;0;0;417;831;52.24;101.44;;;
37.765791;-0.952759;47;0;0;417;831;52.26;101.42;;;
37.765807;-0.952985;48;0;0;417;831;52.28;101.4;;;
37.765822;-0.953212;48;0;0;417;831;52.3;101.38;;;
37.765826;-0.953439;48;0;0;417;831;52.32;101.36;;;
37.765824;-0.953667;48;0;0;418;830;52.34;101.34;;;
37.765823;-0.953894;48;0;0;418;830;52.36;101.32;;;
37.765822;-0.954122;48;0;0;418;830;52.38;101.3;;;
37.765820;-0.954349;48;0;0;418;830;52.4;101.28;;;
37.765817;-0.954577;48;0;0;418;830;52.42;101.26;;;
37.765809;-0.954804;48;0;0;418;830;52.44;101.24;;;
37.765800;-0.955031;48;0;0;418;830;52.46;101.22;;;
37.765786;-0.955258;48;0;0;418;830;52.48;101.2;;;
37.765764;-0.955484;48;0;0;418;830;52.5;101.18;;;
37.765742;-0.955710;49;0;0;418;830;52.52;101.16;;;
37.765719;-0.955935;49;0;0;418;830;52.54;101.14;;;
37.765697;-0.956161;49;0;0;418;830;52.56;101.12;;;
37.765675;-0.956387;49;0;0;419;829;52.58;101.1;;;
37.765654;-0.956613;49;0;0;419;829;52.6;101.08;;;
37.765631;-0.956839;49;0;0;419;829;52.62;101.06;;;
37.765607;-0.957064;49;0;1;419;829;52.64;101.04;;;
37.765581;-0.957289;49;0;1;419;829;52.66;101.02;;;
37.765555;-0.957514;49;0;0;419;829;52.68;101;;;
37.765529;-0.957740;49;0;0;419;829;52.7;100.98;;;
37.765503;-0.957965;50;0;1;419;829;52.72;100.96;;;
37.765477;-0.958190;50;0;0;419;829;52.74;100.94;;;
37.765451;-0.958415;50;0;0;419;829;52.76;100.92;;;
37.765425;-0.958640;50;0;0;419;829;52.78;100.9;;;
37.765398;-0.958865;50;0;0;420;828;52.8;100.88;;;
37.765372;-0.959090;50;0;0;420;828;52.82;100.86;;;
37.765346;-0.959315;50;0;0;420;828;52.84;100.84;;;
37.765321;-0.959540;50;0;0;420;828;52.86;100.82;;;
37.765296;-0.959766;50;0;0;420;828;52.88;100.8;;;
37.765270;-0.959991;50;0;0;420;828;52.9;100.78;;;
37.765244;-0.960216;50;0;0;420;828;52.92;100.76;;;
37.765219;-0.960441;50;0;0;420;828;52.94;100.74;;;
37.765193;-0.960667;50;0;0;420;828;52.96;100.72;;;
37.765167;-0.960892;51;0;0;420;828;52.98;100.7;;;
37.765142;-0.961117;51;0;0;420;828;53;100.68;;;
37.765117;-0.961342;51;0;0;420;828;53.02;100.66;;;
37.765091;-0.961568;51;0;0;421;827;53.04;100.64;;;
37.765066;-0.961793;51;0;0;421;827;53.06;100.62;;;
37.765038;-0.962018;51;0;0;421;827;53.08;100.6;;;
37.765008;-0.962242;51;0;0;421;827;53.1;100.58;;;
37.764977;-0.962466;51;0;0;421;827;53.12;100.56;;;
37.764946;-0.962690;51;0;0;421;827;53.14;100.54;;;
37.764916;-0.962914;51;0;0;421;827;53.16;100.52;;;
37.764885;-0.963138;51;0;0;421;827;53.18;100.5;;;
37.764853;-0.963362;51;0;0;421;827;53.2;100.48;;;
37.764817;-0.963585;51;0;0;421;827;53.22;100.46;;;
37.764781;-0.963808;52;0;0;421;827;53.24;100.44;;;
37.764744;-0.964031;52;0;0;421;827;53.26;100.42;;;
37.764707;-0.964254;52;0;0;422;826;53.28;100.4;;;
37.764662;-0.964474;52;0;0;422;826;53.3;100.38;;;
37.764614;-0.964693;52;0;0;422;826;53.32;100.36;;;
37.764565;-0.964912;52;0;0;422;826;53.34;100.34;;;
37.764517;-0.965131;52;0;0;422;826;53.36;100.32;;;
37.764468;-0.965350;52;0;0;422;826;53.38;100.3;;;
37.764420;-0.965569;52;0;0;422;826;53.4;100.28;;;
37.764371;-0.965788;52;0;0;422;826;53.42;100.26;;;
37.764323;-0.966007;52;0;0;422;826;53.44;100.24;;;
37.764274;-0.966226;53;0;0;422;826;53.46;100.22;;;
37.764221;-0.966444;53;0;0;422;826;53.48;100.2;;;
37.764163;-0.966659;53;0;0;423;825;53.5;100.18;;;
37.764105;-0.966874;53;0;0;423;825;53.52;100.16;;;
37.764046;-0.967090;53;0;0;423;825;53.54;100.14;;;
37.763988;-0.967305;53;0;0;423;825;53.56;100.12;;;
37.763929;-0.967520;53;0;0;423;825;53.58;100.1;;;
37.763871;-0.967735;53;0;0;423;825;53.6;100.08;;;
37.763812;-0.967950;53;0;0;423;825;53.62;100.06;;;
37.763754;-0.968166;53;0;0;423;825;53.64;100.04;;;
37.763696;-0.968381;53;0;0;423;825;53.66;100.02;;;
37.763631;-0.968593;54;0;0;423;825;53.68;100;;;
37.763564;-0.968804;54;0;0;423;825;53.7;99.98;;;
37.763497;-0.969015;54;0;0;423;825;53.72;99.96;;;
37.763430;-0.969227;54;0;0;424;824;53.74;99.94;;;
37.763363;-0.969438;54;0;0;424;824;53.76;99.92;;;
37.763296;-0.969649;54;0;0;424;824;53.78;99.9;;;
37.763230;-0.969860;54;0;0;424;824;53.8;99.88;;;
37.763162;-0.970071;54;0;0;424;824;53.82;99.86;;;
37.763093;-0.970281;54;0;0;424;824;53.84;99.84;;;
37.763025;-0.970492;54;0;0;424;824;53.86;99.82;;;
37.762957;-0.970702;54;0;0;424;824;53.88;99.8;;;
37.762889;-0.970913;54;0;0;424;824;53.9;99.78;;;
37.762820;-0.971123;54;0;0;424;824;53.92;99.76;;;
37.762752;-0.971334;55;0;0;424;824;53.94;99.74;;;
37.762688;-0.971546;55;0;0;424;824;53.96;99.72;;;
37.762629;-0.971761;55;0;1;424;824;53.98;99.7;;;
37.762598;-0.971983;55;0;0;424;824;54;99.68;20;;
37.762617;-0.972208;55;0;0;425;823;54.02;99.66;;;
37.762685;-0.972419;55;0;0;425;823;54.04;99.64;;;
37.762782;-0.972610;55;0;1;425;823;54.06;99.62;;;
37.762881;-0.972801;55;0;0;425;823;54.08;99.6;;;
37.762987;-0.972984;55;0;0;425;823;54.1;99.58;;;
37.763097;-0.973164;55;0;0;425;823;54.12;99.56;;;
37.763221;-0.973328;55;0;0;425;823;54.14;99.54;;;
37.763353;-0.973483;56;0;0;425;823;54.16;99.52;;;
37.763476;-0.973644;56;0;0;425;823;54.18;99.5;;;
37.763562;-0.973843;56;0;0;426;822;54.2;99.48;;;
37.763718;-0.973954;56;0;0;426;822;54.22;99.46;;;
37.763885;-0.974038;56;0;0;426;822;54.24;99.44;;;
37.764053;-0.974121;56;0;0;426;822;54.26;99.42;;;
37.764211;-0.974227;56;0;0;426;822;54.28;99.4;;;
37.764365;-0.974344;56;0;0;426;822;54.3;99.38;;;
37.764520;-0.974461;56;0;0;426;822;54.32;99.36;;;
37.764661;-0.974601;56;0;0;426;822;54.34;99.34;;;
37.764796;-0.974752;56;0;0;426;822;54.36;99.32;;;
37.764930;-0.974903;56;0;0;426;822;54.38;99.3;;;
37.765065;-0.975054;56;0;0;426;822;54.4;99.28;;;
37.765199;-0.975205;57;0;0;426;822;54.42;99.26;;;
37.765328;-0.975363;57;0;0;426;822;54.44;99.24;;;
37.765454;-0.975526;57;0;0;426;822;54.46;99.22;;;
37.765580;-0.975688;57;0;0;426;822;54.48;99.2;;;
37.765707;-0.975850;57;0;0;427;821;54.5;99.18;;;
37.765833;-0.976011;57;0;0;427;821;54.52;99.16;;;
37.765949;-0.976186;57;0;0;427;821;54.54;99.14;;;
37.766064;-0.976361;57;0;1;427;821;54.56;99.12;;;
37.766178;-0.976536;57;0;1;427;821;54.58;99.1;;;
37.766293;-0.976711;57;0;1;427;821;54.6;99.08;;;
37.766408;-0.976886;57;0;1;427;821;54.62;99.06;;;
37.766523;-0.977061;58;0;1;427;821;54.64;99.04;;;
37.766638;-0.977236;58;0;1;427;821;54.66;99.02;;;
37.766753;-0.977411;58;0;1;428;820;54.68;99;;;
37.766868;-0.977586;58;0;1;428;820;54.7;98.98;;;
37.766983;-0.977761;58;0;1;428;820;54.72;98.96;;;
37.767097;-0.977937;58;0;1;428;820;54.74;98.94;;;
37.767212;-0.978112;58;0;1;428;820;54.76;98.92;;;
37.767327;-0.978287;58;0;1;428;820;54.78;98.9;;;
37.767439;-0.978465;59;0;1;428;820;54.8;98.88;;;
37.767551;-0.978643;59;0;1;428;820;54.82;98.86;;;
37.767663;-0.978821;59;0;1;429;819;54.84;98.84;;;
37.767775;-0.978999;59;0;1;429;819;54.86;98.82;;;
37.767887;-0.979177;59;0;1;429;819;54.88;98.8;;;
37.768000;-0.979355;59;0;1;429;819;54.9;98.78;;;
37.768108;-0.979536;59;0;1;429;819;54.92;98.76;;;
37.768213;-0.979721;59;0;1;429;819;54.94;98.74;;;
37.768317;-0.979906;60;0;1;429;819;54.96;98.72;;;
37.768421;-0.980092;60;0;1;429;819;54.98;98.7;;;
37.768526;-0.980277;60;0;1;430;818;55;98.68;;;
37.768630;-0.980462;60;0;1;430;818;55.02;98.66;;;
37.768748;-0.980633;60;0;1;430;818;55.04;98.64;;;
37.768884;-0.980782;60;0;1;430;818;55.06;98.62;;;
37.769026;-0.980921;61;0;1;430;818;55.08;98.6;;;
37.769168;-0.981060;61;0;1;431;817;55.1;98.58;;;
37.769311;-0.981199;61;0;1;431;817;55.12;98.56;;;
37.769453;-0.981338;61;0;1;431;817;55.14;98.54;;;
37.769595;-0.981477;62;0;1;431;817;55.16;98.52;;;
37.769738;-0.981616;62;0;1;432;816;55.18;98.5;;;
37.769880;-0.981756;62;0;1;432;816;55.2;98.48;;;
37.770022;-0.981895;62;0;1;432;816;55.22;98.46;;;
37.770165;-0.982033;63;0;1;432;816;55.24;98.44;;;
37.770307;-0.982173;63;0;1;432;816;55.26;98.42;;;
37.770449;-0.982312;63;0;1;433;815;55.28;98.4;;;
37.770592;-0.982451;63;0;1;433;815;55.3;98.38;;;
37.770734;-0.982590;63;0;1;433;815;55.32;98.36;;;
37.770877;-0.982729;64;0;1;433;815;55.34;98.34;;;
37.771019;-0.982868;64;0;1;434;814;55.36;98.32;;;
37.771161;-0.983007;64;0;1;434;814;55.38;98.3;;;
37.771304;-0.983146;64;0;1;434;814;55.4;98.28;;;
37.771446;-0.983285;64;0;1;434;814;55.42;98.26;;;
37.771588;-0.983424;65;0;1;434;814;55.44;98.24;;;
37.771731;-0.983563;65;0;1;435;813;55.46;98.22;;;
37.771873;-0.983703;65;0;1;435;813;55.48;98.2;;;
37.772014;-0.983844;65;0;1;435;813;55.5;98.18;;;
37.772155;-0.983985;66;0;1;435;813;55.52;98.16;;;
37.772296;-0.984126;66;0;1;436;812;55.54;98.14;;;
37.772437;-0.984267;66;0;1;436;812;55.56;98.12;;;
37.772578;-0.984408;66;0;1;436;812;55.58;98.1;;;
37.772719;-0.984549;67;0;1;436;812;55.6;98.08;;;
37.772861;-0.984691;67;0;1;437;811;55.62;98.06;;;
37.773002;-0.984832;67;0;1;437;811;55.64;98.04;;;
37.773143;-0.984973;68;0;1;437;811;55.66;98.02;;;
37.773284;-0.985114;68;0;1;438;810;55.68;98;;;
37.773424;-0.985256;68;0;1;438;810;55.7;97.98;;;
37.773563;-0.985401;68;0;1;438;810;55.72;97.96;;;
37.773703;-0.985545;69;0;1;438;810;55.74;97.94;;;
37.773842;-0.985689;69;0;1;439;809;55.76;97.92;;;
37.773981;-0.985833;69;0;1;439;809;55.78;97.9;;;
37.774120;-0.985978;69;0;1;439;809;55.8;97.88;;;
37.774259;-0.986122;70;0;1;439;809;55.82;97.86;;;
37.774398;-0.986266;70;0;1;440;808;55.84;97.84;;;
37.774537;-0.986411;70;0;1;440;808;55.86;97.82;;;
37.774676;-0.986555;70;0;1;440;808;55.88;97.8;;;
37.774815;-0.986699;70;0;1;440;808;55.9;97.78;;;
37.774954;-0.986843;71;0;1;440;808;55.92;97.76;;;
37.775068;-0.987018;71;0;1;441;807;55.94;97.74;;;
37.775179;-0.987197;71;0;1;441;807;55.96;97.72;;;
37.775276;-0.987389;72;0;1;441;807;55.98;97.7;;;
37.775369;-0.987584;72;0;1;442;806;56;97.68;;;
37.775462;-0.987778;72;0;1;442;806;56.02;97.66;;;
37.775556;-0.987973;72;0;1;442;806;56.04;97.64;;;
37.775648;-0.988168;72;0;1;442;806;56.06;97.62;;;
37.775740;-0.988364;73;0;1;442;806;56.08;97.6;;;
37.775832;-0.988559;73;0;1;443;805;56.1;97.58;;;
37.775924;-0.988755;73;0;1;443;805;56.12;97.56;;;
37.776017;-0.988950;73;0;1;443;805;56.14;97.54;;;
37.776109;-0.989145;74;0;1;443;805;56.16;97.52;;;
37.776201;-0.989341;74;0;1;444;804;56.18;97.5;;;
37.776293;-0.989536;74;0;1;444;804;56.2;97.48;;;
37.776385;-0.989732;74;0;1;444;804;56.22;97.46;;;
37.776477;-0.989927;75;0;1;444;804;56.24;97.44;;;
37.776575;-0.990117;75;0;1;444;804;56.26;97.42;;;
37.776687;-0.990296;75;0;1;445;803;56.28;97.4;;;
37.776804;-0.990468;75;0;1;445;803;56.3;97.38;;;
37.776939;-0.990619;75;0;1;445;803;56.32;97.36;;;
37.777083;-0.990755;76;0;1;445;803;56.34;97.34;;;
37.777227;-0.990891;76;0;1;446;802;56.36;97.32;;;
37.777371;-0.991027;76;0;1;446;802;56.38;97.3;;;
37.777515;-0.991163;76;0;1;446;802;56.4;97.28;;;
37.777660;-0.991299;77;0;1;446;802;56.42;97.26;;;
37.777804;-0.991435;77;0;1;447;801;56.44;97.24;;;
37.777948;-0.991571;77;0;1;447;801;56.46;97.22;;;
37.778092;-0.991707;77;0;1;447;801;56.48;97.2;;;
37.778236;-0.991843;78;0;1;447;801;56.5;97.18;;;
37.778380;-0.991979;78;0;1;447;801;56.52;97.16;;;
37.778525;-0.992115;78;0;1;448;800;56.54;97.14;;;
37.778666;-0.992256;78;0;1;448;800;56.56;97.12;;;
37.778807;-0.992397;78;0;1;448;800;56.58;97.1;;;
37.778945;-0.992542;79;0;1;448;800;56.6;97.08;;;
37.779067;-0.992710;79;0;1;449;799;56.62;97.06;;;
37.779189;-0.992877;79;0;1;449;799;56.64;97.04;;;
37.779309;-0.993046;79;0;1;449;799;56.66;97.02;;;
37.779429;-0.993215;80;0;1;449;799;56.68;97;;;
37.779549;-0.993385;80;0;1;449;799;56.7;96.98;;;
37.779669;-0.993554;80;0;1;450;798;56.72;96.96;;;
37.779790;-0.993724;80;0;1;450;798;56.74;96.94;;;
37.779910;-0.993893;80;0;1;450;798;56.76;96.92;;;
37.780030;-0.994062;81;0;1;450;798;56.78;96.9;;;
37.780150;-0.994232;81;0;1;451;797;56.8;96.88;;;
37.780268;-0.994403;81;0;1;451;797;56.82;96.86;;;
37.780386;-0.994575;81;0;1;451;797;56.84;96.84;;;
37.780505;-0.994746;82;0;1;451;797;56.86;96.82;;;
37.780623;-0.994918;82;0;1;451;797;56.88;96.8;;;
37.780741;-0.995089;82;0;1;452;796;56.9;96.78;;;
37.780859;-0.995261;82;0;1;452;796;56.92;96.76;;;
37.780977;-0.995432;82;0;1;452;796;56.94;96.74;;;
37.781096;-0.995604;82;0;1;452;796;56.96;96.72;;;
37.781214;-0.995776;83;0;1;452;796;56.98;96.7;;;
37.781332;-0.995947;83;0;1;453;795;57;96.68;;;
37.781450;-0.996119;83;0;1;453;795;57.02;96.66;;;
37.781568;-0.996290;83;0;1;453;795;57.04;96.64;;;
37.781687;-0.996462;83;0;1;453;795;57.06;96.62;;;
37.781805;-0.996633;84;0;1;453;795;57.08;96.6;;;
37.781923;-0.996805;84;0;1;453;795;57.1;96.58;;;
37.782040;-0.996977;84;0;1;454;794;57.12;96.56;;;
37.782157;-0.997150;84;0;1;454;794;57.14;96.54;;;
37.782274;-0.997323;85;0;1;454;794;57.16;96.52;;;
37.782391;-0.997496;85;0;1;455;793;57.18;96.5;;;
37.782508;-0.997669;85;0;1;455;793;57.2;96.48;;;
37.782626;-0.997841;85;0;1;455;793;57.22;96.46;;;
37.782742;-0.998014;86;0;1;455;793;57.24;96.44;;;
37.782875;-0.998168;86;0;2;456;792;57.26;96.42;;;
37.783025;-0.998288;86;0;2;456;792;57.28;96.4;;;
37.783200;-0.998323;86;0;2;456;792;57.3;96.38;;;
37.783371;-0.998259;87;0;2;457;791;57.32;96.36;;;
37.783521;-0.998358;87;0;2;457;791;57.34;96.34;;;
37.783648;-0.998519;88;0;2;457;791;57.36;96.32;;;
37.783793;-0.998652;88;0;2;458;790;57.38;96.3;;;
37.783960;-0.998726;88;0;1;458;790;57.4;96.28;;;
37.784137;-0.998771;89;0;1;458;790;57.42;96.26;;;
37.784316;-0.998795;89;0;1;458;790;57.44;96.24;;;
37.784494;-0.998818;89;0;1;459;789;57.46;96.22;;;
37.784674;-0.998830;89;0;1;459;789;57.48;96.2;;;
37.784854;-0.998841;89;0;1;459;789;57.5;96.18;;;
37.785033;-0.998852;90;0;1;459;789;57.52;96.16;;;
37.785213;-0.998863;90;0;1;460;788;57.54;96.14;;;
37.785393;-0.998871;90;0;1;460;788;57.56;96.12;;;
37.785573;-0.998874;90;0;1;460;788;57.58;96.1;;;
37.785752;-0.998878;90;0;1;460;788;57.6;96.08;;;
37.785932;-0.998882;91;0;1;460;788;57.62;96.06;;;
37.786112;-0.998886;91;0;1;461;787;57.64;96.04;;;
37.786292;-0.998889;91;0;1;461;787;57.66;96.02;;;
37.786472;-0.998884;91;0;1;461;787;57.68;96;;;
37.786652;-0.998879;91;0;1;461;787;57.7;95.98;;;
37.786831;-0.998874;92;0;1;461;787;57.72;95.96;;;
37.787011;-0.998868;92;0;1;462;786;57.74;95.94;;;
37.787191;-0.998863;92;0;1;462;786;57.76;95.92;;;
37.787371;-0.998858;92;0;1;462;786;57.78;95.9;;;
37.787551;-0.998853;92;0;1;462;786;57.8;95.88;;;
37.787730;-0.998847;93;0;1;462;786;57.82;95.86;;;
37.787910;-0.998842;93;0;1;463;785;57.84;95.84;;;
37.788090;-0.998839;93;0;1;463;785;57.86;95.82;;;
37.788268;-0.998869;93;0;1;463;785;57.88;95.8;;;
37.788443;-0.998920;94;0;1;464;784;57.9;95.78;;;
37.788612;-0.998998;94;0;1;464;784;57.92;95.76;;;
37.788781;-0.999077;94;0;1;464;784;57.94;95.74;;;
37.788950;-0.999155;94;0;1;464;784;57.96;95.72;;;
37.789118;-0.999233;95;0;1;464;784;57.98;95.7;;;
37.789287;-0.999311;95;0;1;464;784;58;95.68;;;
37.789456;-0.999389;95;0;1;465;783;58.02;95.66;;;
37.789625;-0.999468;95;0;1;465;783;58.04;95.64;;;
37.789794;-0.999546;95;0;1;465;783;58.06;95.62;;;
37.789963;-0.999624;95;0;1;465;783;58.08;95.6;;;
37.790132;-0.999702;96;0;1;465;783;58.1;95.58;;;
37.790295;-0.999798;96;0;1;465;783;58.12;95.56;;;
37.790453;-0.999905;96;0;1;466;782;58.14;95.54;;;
37.790585;-1.000059;96;0;1;466;782;58.16;95.52;;;
37.790701;-1.000233;97;0;1;466;782;58.18;95.5;;;
37.790781;-1.000435;97;0;1;467;781;58.2;95.48;;;
37.790850;-1.000645;97;0;1;467;781;58.22;95.46;;;
37.790919;-1.000855;97;0;1;467;781;58.24;95.44;;;
37.790988;-1.001065;98;0;1;467;781;58.26;95.42;;;
37.791061;-1.001274;98;0;1;468;780;58.28;95.4;;;
37.791141;-1.001477;98;0;1;468;780;58.3;95.38;;;
37.791241;-1.001665;98;0;1;468;780;58.32;95.36;;;
37.791364;-1.001830;99;0;1;468;780;58.34;95.34;;;
37.791500;-1.001979;99;0;2;469;779;58.36;95.32;;;
37.791644;-1.002116;99;0;2;469;779;58.38;95.3;;;
37.791799;-1.002229;100;0;2;469;779;58.4;95.28;;;
37.791966;-1.002310;100;0;2;470;778;58.42;95.26;;;
37.792138;-1.002379;100;0;2;470;778;58.44;95.24;;;
37.792309;-1.002447;101;0;2;470;778;58.46;95.22;;;
37.792481;-1.002516;101;0;2;471;777;58.48;95.2;;;
37.792652;-1.002585;101;0;2;471;777;58.5;95.18;;;
37.792824;-1.002655;102;0;2;472;776;58.52;95.16;;;
37.792995;-1.002724;102;0;2;472;776;58.54;95.14;;;
37.793166;-1.002793;103;0;2;472;776;58.56;95.12;;;
37.793337;-1.002863;103;0;2;473;775;58.58;95.1;;;
37.793509;-1.002932;103;0;2;473;775;58.6;95.08;21;;
37.793680;-1.003002;103;0;2;473;775;58.62;95.06;;;
37.793852;-1.003070;104;0;2;474;774;58.64;95.04;;;
37.794021;-1.003145;104;0;2;474;774;58.66;95.02;;;
37.794186;-1.003236;105;0;1;474;774;58.68;95;;;
37.794322;-1.003383;105;0;1;475;773;58.7;94.98;;;
37.794450;-1.003542;105;0;1;475;773;58.72;94.96;;;
37.794571;-1.003711;105;0;1;475;773;58.74;94.94;;;
37.794692;-1.003879;106;0;1;475;773;58.76;94.92;;;
37.794813;-1.004048;106;0;1;476;772;58.78;94.9;;;
37.794934;-1.004216;106;0;1;476;772;58.8;94.88;;;
37.795055;-1.004384;106;0;1;476;772;58.82;94.86;;;
37.795176;-1.004553;106;0;1;476;772;58.84;94.84;;;
37.795297;-1.004721;107;0;1;476;772;58.86;94.82;;;
37.795418;-1.004889;107;0;1;477;771;58.88;94.8;;;
37.795540;-1.005058;107;0;1;477;771;58.9;94.78;;;
37.795660;-1.005226;107;0;1;477;771;58.92;94.76;;;
37.795781;-1.005395;107;0;1;477;771;58.94;94.74;;;
37.795903;-1.005563;108;0;1;477;771;58.96;94.72;;;
37.796024;-1.005731;108;0;1;478;770;58.98;94.7;;;
37.796145;-1.005900;108;0;1;478;770;59;94.68;;;
37.796268;-1.006065;108;0;1;478;770;59.02;94.66;;;
37.796427;-1.006171;108;0;1;478;770;59.04;94.64;;;
37.796585;-1.006278;109;0;1;478;770;59.06;94.62;;;
37.796739;-1.006397;109;0;1;478;770;59.08;94.6;;;
37.796893;-1.006515;109;0;1;479;769;59.1;94.58;;;
37.797047;-1.006632;109;0;0;479;769;59.12;94.56;;;
37.797200;-1.006750;109;0;0;479;769;59.14;94.54;;;
37.797354;-1.006868;109;0;0;479;769;59.16;94.52;;;
37.797508;-1.006987;109;0;0;479;769;59.18;94.5;;;
37.797656;-1.007117;109;0;0;479;769;59.2;94.48;;;
37.797802;-1.007250;109;0;0;479;769;59.22;94.46;;;
37.797945;-1.007387;109;0;0;479;769;59.24;94.44;;;
37.798088;-1.007525;109;0;0;479;769;59.26;94.42;;;
37.798230;-1.007664;109;0;0;479;769;59.28;94.4;;;
37.798373;-1.007803;109;0;0;479;769;59.3;94.38;;;
37.798471;-1.007964;109;0;0;479;769;59.32;94.36;;;
37.798358;-1.008140;109;0;0;479;769;59.34;94.34;;;
37.798240;-1.008312;109;0;0;479;769;59.36;94.32;;;
37.798121;-1.008482;109;0;0;479;769;59.38;94.3;;;
37.797995;-1.008646;109;0;0;479;769;59.4;94.28;;;
37.797868;-1.008806;109;0;0;479;769;59.42;94.26;;;
37.797721;-1.008931;109;0;0;479;769;59.44;94.24;;;
37.797558;-1.009028;109;0;0;479;769;59.46;94.22;;;
37.797394;-1.009123;109;0;0;479;769;59.48;94.2;;;
37.797244;-1.009247;109;0;-1;479;769;59.5;94.18;;;
37.797096;-1.009376;109;0;-1;479;769;59.52;94.16;;;
37.796945;-1.009500;109;0;-1;479;769;59.54;94.14;;;
37.796793;-1.009622;108;0;-1;479;769;59.56;94.12;;;
37.796641;-1.009743;108;0;-1;479;769;59.58;94.1;;;
37.796488;-1.009864;108;0;-1;479;769;59.6;94.08;;;
37.796337;-1.009986;108;0;-1;479;769;59.62;94.06;;;
37.796187;-1.010112;108;0;-1;479;769;59.64;94.04;;;
37.796036;-1.010237;108;0;-1;479;769;59.66;94.02;;;
37.795886;-1.010362;108;0;-1;479;769;59.68;94;;;
37.795735;-1.010486;108;0;-1;479;769;59.7;93.98;;;
37.795585;-1.010611;107;0;-1;479;769;59.72;93.96;;;
37.795435;-1.010736;107;0;-1;479;769;59.74;93.94;;;
37.795284;-1.010861;107;0;-1;479;769;59.76;93.92;;;
37.795134;-1.010986;107;0;-1;479;769;59.78;93.9;;;
37.794985;-1.011113;107;0;-1;479;769;59.8;93.88;;;
37.794835;-1.011239;107;0;-1;479;769;59.82;93.86;;;
37.794685;-1.011366;107;0;-1;479;769;59.84;93.84;;;
37.794536;-1.011493;107;0;0;479;769;59.86;93.82;;;
37.794387;-1.011619;107;0;0;479;769;59.88;93.8;;;
37.794238;-1.011747;106;0;0;479;769;59.9;93.78;;;
37.794092;-1.011880;106;0;-1;479;769;59.92;93.76;;;
37.793946;-1.012013;106;0;-1;479;769;59.94;93.74;;;
37.793801;-1.012148;106;0;0;479;769;59.96;93.72;;;
37.793662;-1.012292;106;0;0;479;769;59.98;93.7;;;
37.793527;-1.012441;106;0;-1;479;769;60;93.68;;;
37.793408;-1.012612;106;0;0;479;769;60.02;93.66;;;
37.793311;-1.012804;106;0;0;479;769;60.04;93.64;;;
37.793229;-1.013005;106;0;0;479;769;60.06;93.62;;;
37.793156;-1.013214;105;0;0;479;769;60.08;93.6;;;
37.793083;-1.013422;105;0;0;479;769;60.1;93.58;;;
37.793010;-1.013630;105;0;0;479;769;60.12;93.56;;;
37.792938;-1.013838;105;0;0;479;769;60.14;93.54;;;
37.792865;-1.014046;105;0;0;479;769;60.16;93.52;;;
37.792793;-1.014255;105;0;0;479;769;60.18;93.5;;;
37.792720;-1.014463;105;0;0;479;769;60.2;93.48;;;
37.792647;-1.014671;105;0;0;479;769;60.22;93.46;;;
37.792575;-1.014879;105;0;0;479;769;60.24;93.44;;;
37.792502;-1.015088;105;0;0;479;769;60.26;93.42;;;
37.792430;-1.015296;105;0;0;479;769;60.28;93.4;;;
37.792358;-1.015504;105;0;0;479;769;60.3;93.38;;;
37.792299;-1.015720;105;0;0;479;769;60.32;93.36;;;
37.792241;-1.015935;105;0;0;479;769;60.34;93.34;;;
37.792182;-1.016150;105;0;0;479;769;60.36;93.32;;;
37.792124;-1.016365;105;0;0;479;769;60.38;93.3;;;
37.792065;-1.016581;105;0;0;479;769;60.4;93.28;;;
37.792006;-1.016796;105;0;0;480;768;60.42;93.26;;;
37.791954;-1.017013;106;0;0;480;768;60.44;93.24;;;
37.791904;-1.017232;106;0;0;480;768;60.46;93.22;;;
37.791854;-1.017451;106;0;0;480;768;60.48;93.2;;;
37.791803;-1.017669;106;0;0;480;768;60.5;93.18;;;
37.791753;-1.017887;106;0;0;480;768;60.52;93.16;;;
37.791703;-1.018106;106;0;0;480;768;60.54;93.14;;;
37.791653;-1.018325;106;0;0;480;768;60.56;93.12;;;
37.791602;-1.018543;106;0;0;480;768;60.58;93.1;;;
37.791552;-1.018762;106;0;0;480;768;60.6;93.08;;;
37.791501;-1.018980;106;0;0;480;768;60.62;93.06;;;
37.791452;-1.019199;106;0;0;480;768;60.64;93.04;;;
37.791401;-1.019417;106;0;0;480;768;60.66;93.02;;;
37.791351;-1.019636;106;0;0;480;768;60.68;93;;;
37.791300;-1.019854;106;0;0;480;768;60.7;92.98;;;
37.791233;-1.020065;106;0;0;480;768;60.72;92.96;;;
37.791155;-1.020270;107;0;0;481;767;60.74;92.94;;;
37.791064;-1.020466;107;0;0;481;767;60.76;92.92;;;
37.790954;-1.020646;107;0;0;481;767;60.78;92.9;;;
37.790844;-1.020825;107;0;0;481;767;60.8;92.88;;;
37.790733;-1.021005;107;0;0;481;767;60.82;92.86;;;
37.790622;-1.021184;107;0;0;481;767;60.84;92.84;;;
37.790512;-1.021364;107;0;0;481;767;60.86;92.82;;;
37.790402;-1.021544;107;0;0;481;767;60.88;92.8;;;
37.790291;-1.021723;107;0;0;481;767;60.9;92.78;;;
37.790180;-1.021902;107;0;0;481;767;60.92;92.76;;;
37.790070;-1.022082;107;0;0;481;767;60.94;92.74;;;
37.789959;-1.022262;107;0;0;481;767;60.96;92.72;;;
37.789849;-1.022441;107;0;0;481;767;60.98;92.7;;;
37.789738;-1.022621;107;0;0;481;767;61;92.68;;;
37.789627;-1.022800;107;0;0;481;767;61.02;92.66;;;
37.789517;-1.022980;107;0;0;481;767;61.04;92.64;;;
37.789407;-1.023160;107;0;0;481;767;61.06;92.62;;;
37.789297;-1.023339;107;0;0;481;767;61.08;92.6;;;
37.789186;-1.023519;107;0;0;481;767;61.1;92.58;;;
37.789076;-1.023699;107;0;0;481;767;61.12;92.56;;;
37.788972;-1.023884;107;0;0;481;767;61.14;92.54;;;
37.788866;-1.024069;107;0;0;481;767;61.16;92.52;;;
37.788772;-1.024262;107;0;0;481;767;61.18;92.5;;;
37.788679;-1.024457;107;0;0;481;767;61.2;92.48;;;
37.788602;-1.024663;107;0;0;481;767;61.22;92.46;;;
37.788526;-1.024869;107;0;0;481;767;61.24;92.44;;;
37.788450;-1.025076;107;0;0;481;767;61.26;92.42;;;
37.788374;-1.025282;107;0;0;481;767;61.28;92.4;;;
37.788298;-1.025488;107;0;0;481;767;61.3;92.38;;;
37.788223;-1.025695;107;0;0;481;767;61.32;92.36;;;
37.788147;-1.025901;107;0;0;481;767;61.34;92.34;;;
37.788070;-1.026107;107;0;0;481;767;61.36;92.32;;;
37.787989;-1.026310;107;0;0;481;767;61.38;92.3;;;
37.787901;-1.026509;106;0;0;481;767;61.4;92.28;;;
37.787814;-1.026708;106;0;0;481;767;61.42;92.26;;;
37.787726;-1.026906;106;0;0;481;767;61.44;92.24;;;
37.787638;-1.027104;106;0;0;481;767;61.46;92.22;;;
37.787550;-1.027303;106;0;0;481;767;61.48;92.2;;;
37.787463;-1.027502;106;0;0;481;767;61.5;92.18;;;
37.787374;-1.027700;106;0;0;481;767;61.52;92.16;;;
37.787293;-1.027903;106;0;0;481;767;61.54;92.14;;;
37.787212;-1.028106;106;0;0;481;767;61.56;92.12;;;
37.787130;-1.028309;106;0;0;481;767;61.58;92.1;;;
37.787048;-1.028512;106;0;0;481;767;61.6;92.08;;;
37.786967;-1.028714;106;0;-1;481;767;61.62;92.06;;;
37.786885;-1.028917;105;0;-1;481;767;61.64;92.04;;;
37.786803;-1.029120;105;0;0;481;767;61.66;92.02;;;
37.786722;-1.029323;105;0;0;481;767;61.68;92;;;
37.786641;-1.029526;105;0;0;481;767;61.7;91.98;;;
37.786560;-1.029729;105;0;0;481;767;61.72;91.96;;;
37.786478;-1.029932;105;0;0;481;767;61.74;91.94;;;
37.786398;-1.030136;105;0;0;481;767;61.76;91.92;;;
37.786347;-1.030354;105;0;-1;481;767;61.78;91.9;;;
37.786297;-1.030572;105;0;-1;481;767;61.8;91.88;;;
37.786278;-1.030797;105;0;-1;481;767;61.82;91.86;;;
37.786278;-1.031024;104;0;-1;481;767;61.84;91.84;;;
37.786277;-1.031252;104;0;-1;481;767;61.86;91.82;;;
37.786275;-1.031480;104;0;-1;481;767;61.88;91.8;;;
37.786274;-1.031707;104;0;-1;481;767;61.9;91.78;;;
37.786273;-1.031935;104;0;0;481;767;61.92;91.76;;;
37.786273;-1.032162;104;0;0;481;767;61.94;91.74;;;
37.786274;-1.032390;104;0;0;481;767;61.96;91.72;;;
37.786283;-1.032617;104;0;0;481;767;61.98;91.7;;;
37.786291;-1.032845;104;0;0;481;767;62;91.68;;;
37.786318;-1.033065;104;0;0;481;767;62.02;91.66;;;
37.786410;-1.033261;104;0;0;481;767;62.04;91.64;;;
37.786442;-1.033474;104;0;0;481;767;62.06;91.62;;;
37.786340;-1.033658;104;0;0;481;767;62.08;91.6;;;
37.786284;-1.033869;104;0;0;481;767;62.1;91.58;;;
37.786260;-1.034094;104;0;0;481;767;62.12;91.56;;;
37.786250;-1.034321;104;0;0;481;767;62.14;91.54;;;
37.786239;-1.034549;104;0;0;481;767;62.16;91.52;;;
37.786228;-1.034776;104;0;0;481;767;62.18;91.5;;;
37.786225;-1.035003;104;0;0;482;766;62.2;91.48;;;
37.786221;-1.035231;104;0;0;482;766;62.22;91.46;;;
37.786217;-1.035458;104;0;1;482;766;62.24;91.44;;;
37.786212;-1.035686;104;0;1;482;766;62.26;91.42;;;
37.786206;-1.035913;104;0;1;482;766;62.28;91.4;;;
37.786193;-1.036140;104;0;1;482;766;62.3;91.38;;;
37.786181;-1.036367;105;0;1;482;766;62.32;91.36;;;
37.786153;-1.036592;105;0;1;482;766;62.34;91.34;;;
37.786124;-1.036817;105;0;1;483;765;62.36;91.32;;;
37.786094;-1.037041;105;0;1;483;765;62.38;91.3;;;
37.786064;-1.037265;105;0;1;483;765;62.4;91.28;;;
37.786034;-1.037490;105;0;1;483;765;62.42;91.26;;;
37.786004;-1.037714;105;0;1;483;765;62.44;91.24;;;
37.785974;-1.037939;105;0;1;483;765;62.46;91.22;;;
37.785945;-1.038163;106;0;1;483;765;62.48;91.2;;;
37.785914;-1.038388;106;0;1;483;765;62.5;91.18;;;
37.785884;-1.038612;106;0;1;484;764;62.52;91.16;;;
37.785854;-1.038836;106;0;1;484;764;62.54;91.14;;;
37.785825;-1.039061;106;0;1;484;764;62.56;91.12;;;
37.785795;-1.039285;106;0;1;484;764;62.58;91.1;;;
37.785764;-1.039510;107;0;1;484;764;62.6;91.08;;;
37.785735;-1.039734;107;0;1;484;764;62.62;91.06;;;
37.785705;-1.039959;107;0;1;485;763;62.64;91.04;;;
37.785675;-1.040183;107;0;1;485;763;62.66;91.02;;;
37.785645;-1.040407;107;0;1;485;763;62.68;91;;;
37.785616;-1.040632;107;0;1;485;763;62.7;90.98;;;
37.785586;-1.040856;108;0;1;485;763;62.72;90.96;;;
37.785556;-1.041081;108;0;1;485;763;62.74;90.94;;;
37.785527;-1.041305;108;0;1;486;762;62.76;90.92;;;
37.785496;-1.041530;108;0;1;486;762;62.78;90.9;;;
37.785466;-1.041754;108;0;1;486;762;62.8;90.88;;;
37.785437;-1.041978;109;0;1;486;762;62.82;90.86;;;
37.785407;-1.042203;109;0;1;486;762;62.84;90.84;;;
37.785377;-1.042427;109;0;1;487;761;62.86;90.82;;;
37.785346;-1.042652;109;0;1;487;761;62.88;90.8;;;
37.785317;-1.042876;109;0;1;487;761;62.9;90.78;;;
37.785287;-1.043101;109;0;1;487;761;62.92;90.76;;;
37.785257;-1.043325;110;0;1;487;761;62.94;90.74;;;
37.785227;-1.043549;110;0;1;488;760;62.96;90.72;;;
37.785197;-1.043774;110;0;1;488;760;62.98;90.7;;;
37.785167;-1.043998;110;0;1;488;760;63;90.68;;;
37.785138;-1.044223;110;0;1;488;760;63.02;90.66;;;
37.785108;-1.044447;110;0;1;488;760;63.04;90.64;;;
37.785078;-1.044672;111;0;1;488;760;63.06;90.62;;;
37.785039;-1.044894;111;0;1;488;760;63.08;90.6;;;
37.784996;-1.045114;111;0;1;489;759;63.1;90.58;;;
37.784938;-1.045330;111;0;1;489;759;63.12;90.56;;;
37.784878;-1.045545;111;0;1;489;759;63.14;90.54;;;
37.784818;-1.045759;111;0;1;489;759;63.16;90.52;;;
37.784752;-1.045970;112;0;1;489;759;63.18;90.5;;;
37.784669;-1.046172;112;0;1;490;758;63.2;90.48;;;
37.784585;-1.046373;112;0;1;490;758;63.22;90.46;;;
37.784501;-1.046575;112;0;1;490;758;63.24;90.44;;;
37.784420;-1.046778;112;0;1;490;758;63.26;90.42;;;
37.784346;-1.046985;112;0;1;490;758;63.28;90.4;;;
37.784270;-1.047191;112;0;1;490;758;63.3;90.38;;;
37.784213;-1.047405;113;0;1;490;758;63.32;90.36;;;
37.784202;-1.047631;113;0;1;490;758;63.34;90.34;;;
37.784144;-1.047834;113;0;1;491;757;63.36;90.32;;;
37.783992;-1.047953;113;0;0;491;757;63.38;90.3;;;
37.783866;-1.048114;113;0;0;491;757;63.4;90.28;;;
37.783773;-1.048308;113;0;0;491;757;63.42;90.26;;;
37.783680;-1.048502;113;0;0;491;757;63.44;90.24;;;
37.783587;-1.048697;113;0;0;491;757;63.46;90.22;;;
37.783493;-1.048891;113;0;0;491;757;63.48;90.2;;;
37.783400;-1.049086;113;0;0;491;757;63.5;90.18;;;
37.783307;-1.049281;113;0;0;491;757;63.52;90.16;;;
37.783211;-1.049473;113;0;0;491;757;63.54;90.14;;;
37.783113;-1.049665;113;0;0;491;757;63.56;90.12;;;
37.783016;-1.049856;113;0;0;491;757;63.58;90.1;;;
37.782918;-1.050047;113;0;0;491;757;63.6;90.08;;;
37.782820;-1.050238;113;0;0;491;757;63.62;90.06;;;
37.782723;-1.050429;113;0;0;491;757;63.64;90.04;;;
37.782625;-1.050620;113;0;0;491;757;63.66;90.02;;;
37.782528;-1.050812;113;0;0;491;757;63.68;90;;;
37.782430;-1.051003;113;0;0;491;757;63.7;89.98;;;
37.782332;-1.051194;113;0;0;491;757;63.72;89.96;;;
37.782235;-1.051385;113;0;0;491;757;63.74;89.94;;;
37.782137;-1.051576;113;0;0;491;757;63.76;89.92;;;
37.782040;-1.051768;113;0;0;491;757;63.78;89.9;;;
37.781942;-1.051959;113;0;0;491;757;63.8;89.88;;;
37.781844;-1.052150;113;0;0;491;757;63.82;89.86;;;
37.781741;-1.052335;113;0;0;491;757;63.84;89.84;;;
37.781635;-1.052519;113;0;0;491;757;63.86;89.82;;;
37.781528;-1.052703;113;0;0;491;757;63.88;89.8;;;
37.781422;-1.052886;113;0;0;491;757;63.9;89.78;;;
37.781316;-1.053070;113;0;0;491;757;63.92;89.76;;;
37.781210;-1.053254;113;0;0;491;757;63.94;89.74;;;
37.781104;-1.053438;113;0;0;491;757;63.96;89.72;;;
37.780997;-1.053621;113;0;0;491;757;63.98;89.7;;;
37.780891;-1.053804;113;0;0;491;757;64;89.68;;;
37.780785;-1.053989;113;0;0;491;757;64.02;89.66;;;
37.780573;-1.054356;113;0;0;491;757;64.06;89.62;;;
37.780466;-1.054539;113;0;0;491;757;64.08;89.6;;;
37.780254;-1.054907;113;0;0;491;757;64.12;89.56;;;
37.780148;-1.055091;113;0;0;491;757;64.14;89.54;;;
37.780041;-1.055274;113;0;0;491;757;64.16;89.52;;;
37.779829;-1.055642;113;0;0;491;757;64.2;89.48;;;
37.779723;-1.055825;113;0;0;491;757;64.22;89.46;;;
37.779403;-1.056375;113;0;0;491;757;64.28;89.4;;;
37.779296;-1.056558;113;0;0;491;757;64.3;89.38;;;
37.779081;-1.056923;113;0;0;491;757;64.34;89.34;;;
37.778974;-1.057106;113;0;0;491;757;64.36;89.32;;;
37.778867;-1.057289;113;0;0;491;757;64.38;89.3;;;
37.778653;-1.057655;113;0;0;491;757;64.42;89.26;;;
37.778546;-1.057837;113;0;0;491;757;64.44;89.24;;;
37.778332;-1.058203;113;0;0;491;757;64.48;89.2;;;
37.778225;-1.058386;113;0;0;491;757;64.5;89.18;;;
37.778118;-1.058569;113;0;0;491;757;64.52;89.16;;;
37.777904;-1.058935;113;0;0;491;757;64.56;89.12;;;
37.777797;-1.059118;113;0;0;491;757;64.58;89.1;;;
37.777582;-1.059483;113;0;0;491;757;64.62;89.06;;;
37.777475;-1.059666;113;0;0;491;757;64.64;89.04;;;
37.777368;-1.059849;113;0;0;491;757;64.66;89.02;;;
37.777154;-1.060214;113;0;0;491;757;64.7;88.98;;;
37.777047;-1.060397;113;0;0;491;757;64.72;88.96;;;
37.776726;-1.060946;113;0;0;491;757;64.78;88.9;;;
37.776619;-1.061129;113;0;0;491;757;64.8;88.88;;;
37.776407;-1.061497;113;0;0;492;756;64.84;88.84;;;
37.776302;-1.061682;113;0;0;492;756;64.86;88.82;;;
37.776197;-1.061866;113;0;0;492;756;64.88;88.8;;;
37.775988;-1.062236;113;0;0;492;756;64.92;88.76;;;
37.775883;-1.062421;113;0;0;492;756;64.94;88.74;;;
37.775697;-1.062809;114;0;0;492;756;64.98;88.7;;;
37.775611;-1.063010;114;0;0;492;756;65;88.68;;;
37.775526;-1.063210;114;0;0;492;756;65.02;88.66;;;
37.775355;-1.063611;114;0;0;492;756;65.06;88.62;;;
37.775270;-1.063811;114;0;0;492;756;65.08;88.6;;;
37.775099;-1.064212;114;0;0;492;756;65.12;88.56;;;
37.775011;-1.064410;114;0;1;492;756;65.14;88.54;;;
37.774922;-1.064608;114;0;1;493;755;65.16;88.52;;;
37.774743;-1.065003;114;0;1;493;755;65.2;88.48;;;
37.774654;-1.065200;115;0;1;493;755;65.22;88.46;;;
37.774387;-1.065793;115;0;1;493;755;65.28;88.4;;;
37.774299;-1.065992;115;0;1;493;755;65.3;88.38;;;
37.774125;-1.066390;115;0;1;494;754;65.34;88.34;;;
37.774038;-1.066590;115;0;1;494;754;65.36;88.32;;;
37.773951;-1.066789;115;0;1;494;754;65.38;88.3;;;
37.773778;-1.067188;116;0;1;494;754;65.42;88.26;;;
37.773692;-1.067387;116;0;1;494;754;65.44;88.24;;;
37.773518;-1.067786;116;0;1;494;754;65.48;88.2;;;
37.773431;-1.067985;116;0;1;495;753;65.5;88.18;;;
37.773345;-1.068184;116;0;1;495;753;65.52;88.16;;;
37.773172;-1.068584;117;0;1;495;753;65.56;88.12;;;
37.773085;-1.068783;117;0;1;495;753;65.58;88.1;;;
37.772874;-1.069150;117;0;1;495;753;65.62;88.06;;;
37.772733;-1.069291;117;0;1;495;753;65.64;88.04;;;
37.772603;-1.069448;117;0;1;496;752;65.66;88.02;;;
37.772436;-1.069847;118;0;1;496;752;65.7;87.98;;;
37.772363;-1.070055;118;0;1;496;752;65.72;87.96;;;
37.772173;-1.070694;118;0;1;497;751;65.78;87.9;;;
37.772110;-1.070907;119;0;1;497;751;65.8;87.88;;;
37.771985;-1.071334;119;0;1;497;751;65.84;87.84;;;
37.771922;-1.071547;119;0;1;498;750;65.86;87.82;;;
37.771860;-1.071760;119;0;1;498;750;65.88;87.8;;;
37.771735;-1.072187;119;0;0;498;750;65.92;87.76;;;
37.771672;-1.072400;119;0;0;498;750;65.94;87.74;;;
37.771519;-1.072812;120;0;0;498;750;65.98;87.7;;;
37.771442;-1.073018;120;0;0;498;750;66;87.68;22;;
37.771354;-1.073216;120;0;0;498;750;66.02;87.66;;;
37.771125;-1.073567;120;0;0;498;750;66.06;87.62;;;
37.771010;-1.073742;120;0;0;498;750;66.08;87.6;;;
37.770757;-1.074065;120;0;0;499;749;66.12;87.56;;;
37.770628;-1.074224;120;0;0;499;749;66.14;87.54;;;
37.770500;-1.074383;121;0;0;499;749;66.16;87.52;;;
37.770243;-1.074701;121;0;0;499;749;66.2;87.48;;;
37.770114;-1.074860;121;0;0;499;749;66.22;87.46;;;
37.769734;-1.075345;121;0;0;499;749;66.28;87.4;;;
37.769611;-1.075510;121;0;0;499;749;66.3;87.38;;;
37.769376;-1.075855;121;0;0;500;748;66.34;87.34;;;
37.769260;-1.076028;121;0;0;500;748;66.36;87.32;;;
37.769146;-1.076205;121;0;0;500;748;66.38;87.3;;;
37.768930;-1.076569;122;0;0;500;748;66.42;87.26;;;
37.768822;-1.076750;122;0;0;500;748;66.44;87.24;;;
37.768616;-1.077124;122;0;0;500;748;66.48;87.2;;;
37.768516;-1.077313;122;0;0;500;748;66.5;87.18;;;
37.768417;-1.077502;122;0;0;500;748;66.52;87.16;;;
37.768219;-1.077882;122;0;0;501;747;66.56;87.12;;;
37.768135;-1.078083;122;0;0;501;747;66.58;87.1;;;
37.767965;-1.078485;122;0;0;501;747;66.62;87.06;;;
37.767881;-1.078685;122;0;0;501;747;66.64;87.04;;;
37.767796;-1.078886;122;0;0;501;747;66.66;87.02;;;
37.767627;-1.079288;123;0;0;501;747;66.7;86.98;;;
37.767543;-1.079489;123;0;0;501;747;66.72;86.96;;;
37.767289;-1.080091;123;0;0;501;747;66.78;86.9;;;
37.767205;-1.080292;123;0;0;501;747;66.8;86.88;;;
37.767036;-1.080694;123;0;0;501;747;66.84;86.84;;;
37.766951;-1.080895;123;0;0;501;747;66.86;86.82;;;
37.766867;-1.081096;123;0;0;501;747;66.88;86.8;;;
37.766698;-1.081497;123;0;0;501;747;66.92;86.76;;;
37.766613;-1.081698;123;0;0;502;746;66.94;86.74;;;
37.766444;-1.082100;123;0;0;502;746;66.98;86.7;;;
37.766360;-1.082301;123;0;0;502;746;67;86.68;;;
37.766275;-1.082502;124;0;0;502;746;67.02;86.66;;;
37.766106;-1.082903;124;0;0;502;746;67.06;86.62;;;
37.766022;-1.083104;124;0;0;502;746;67.08;86.6;;;
37.765853;-1.083506;124;0;0;502;746;67.12;86.56;;;
37.765768;-1.083707;124;0;0;502;746;67.14;86.54;;;
37.765684;-1.083908;124;0;0;502;746;67.16;86.52;;;
37.765514;-1.084309;124;0;0;502;746;67.2;86.48;;;
37.765419;-1.084502;124;0;0;502;746;67.22;86.46;;;
37.765132;-1.085080;124;0;0;502;746;67.28;86.4;;;
37.765036;-1.085273;124;0;0;502;746;67.3;86.38;;;
37.764846;-1.085659;124;0;0;502;746;67.34;86.34;;;
37.764750;-1.085851;124;0;0;502;746;67.36;86.32;;;
37.764654;-1.086044;124;0;0;502;746;67.38;86.3;;;
37.764464;-1.086430;124;0;0;502;746;67.42;86.26;;;
37.764368;-1.086622;124;0;0;502;746;67.44;86.24;;;
37.764176;-1.087007;124;0;0;502;746;67.48;86.2;;;
37.764081;-1.087200;124;0;0;502;746;67.5;86.18;;;
37.763986;-1.087394;124;0;0;502;746;67.52;86.16;;;
37.763793;-1.087778;124;0;0;502;746;67.56;86.12;;;
37.763691;-1.087965;124;0;0;502;746;67.58;86.1;;;
37.763483;-1.088336;124;0;0;502;746;67.62;86.06;;;
37.763374;-1.088517;124;0;0;502;746;67.64;86.04;;;
37.763265;-1.088698;124;0;0;502;746;67.66;86.02;;;
37.763046;-1.089059;124;0;0;502;746;67.7;85.98;;;
37.762936;-1.089240;124;0;0;502;746;67.72;85.96;;;
37.762609;-1.089782;124;0;0;502;746;67.78;85.9;;;
37.762499;-1.089963;124;0;0;502;746;67.8;85.88;;;
37.762255;-1.090295;124;0;0;502;746;67.84;85.84;;;
37.762129;-1.090459;124;0;0;502;746;67.86;85.82;;;
37.761987;-1.090598;124;0;0;502;746;67.88;85.8;;;
37.761701;-1.090874;124;0;0;502;746;67.92;85.76;;;
37.761559;-1.091013;124;0;0;502;746;67.94;85.74;;;
37.761274;-1.091290;123;0;0;502;746;67.98;85.7;;;
37.761131;-1.091428;123;0;0;502;746;68;85.68;;;
37.760995;-1.091578;123;0;0;502;746;68.02;85.66;;;
37.760734;-1.091890;123;0;0;502;746;68.06;85.62;;;
37.760622;-1.092068;123;0;0;502;746;68.08;85.6;;;
37.760478;-1.092483;123;0;0;502;746;68.12;85.56;;;
37.760411;-1.092695;123;0;0;502;746;68.14;85.54;;;
37.760353;-1.092910;123;0;0;502;746;68.16;85.52;;;
37.760222;-1.093333;124;0;0;503;745;68.2;85.48;;;
37.760145;-1.093539;124;0;0;503;745;68.22;85.46;;;
37.759879;-1.094129;124;0;0;503;745;68.28;85.4;;;
37.759771;-1.094310;124;0;0;503;745;68.3;85.38;;;
37.759552;-1.094672;124;0;0;503;745;68.34;85.34;;;
37.759444;-1.094853;124;0;0;503;745;68.36;85.32;;;
37.759335;-1.095034;124;0;0;503;745;68.38;85.3;;;
37.759117;-1.095396;124;0;1;503;745;68.42;85.26;;;
37.759012;-1.095580;124;0;0;503;745;68.44;85.24;;;
37.758841;-1.095980;125;0;1;504;744;68.48;85.2;;;
37.758764;-1.096185;125;0;1;504;744;68.5;85.18;;;
37.758686;-1.096390;125;0;1;504;744;68.52;85.16;;;
37.758532;-1.096801;125;0;1;504;744;68.56;85.12;;;
37.758454;-1.097007;125;0;1;504;744;68.58;85.1;;;
37.758300;-1.097418;126;0;1;505;743;68.62;85.06;;;
37.758223;-1.097623;126;0;1;505;743;68.64;85.04;;;
37.758146;-1.097829;126;0;1;505;743;68.66;85.02;;;
37.757986;-1.098237;126;0;1;505;743;68.7;84.98;;;
37.757905;-1.098440;126;0;1;505;743;68.72;84.96;;;
37.757664;-1.099050;127;0;1;506;742;68.78;84.9;;;
37.757583;-1.099253;127;0;1;506;742;68.8;84.88;;;
37.757420;-1.099659;127;0;1;506;742;68.84;84.84;;;
37.757335;-1.099860;127;0;1;506;742;68.86;84.82;;;
37.757251;-1.100060;127;0;1;506;742;68.88;84.8;;;
37.757054;-1.100441;128;0;1;507;741;68.92;84.76;;;
37.756950;-1.100627;128;0;1;507;741;68.94;84.74;;;
37.756743;-1.100998;128;0;1;507;741;68.98;84.7;;;
37.756639;-1.101184;128;0;0;507;741;69;84.68;;;
37.756535;-1.101370;128;0;0;507;741;69.02;84.66;;;
37.756328;-1.101742;128;0;0;507;741;69.06;84.62;;;
37.756224;-1.101928;128;0;0;507;741;69.08;84.6;;;
37.756015;-1.102298;129;0;0;508;740;69.12;84.56;;;
37.755906;-1.102479;129;0;0;508;740;69.14;84.54;;;
37.755797;-1.102659;129;0;0;508;740;69.16;84.52;;;
37.755582;-1.103024;129;0;0;508;740;69.2;84.48;;;
37.755477;-1.103209;129;0;0;508;740;69.22;84.46;;;
37.755162;-1.103763;129;0;0;508;740;69.28;84.4;;;
37.755057;-1.103948;129;0;0;508;740;69.3;84.38;23;;
37.754858;-1.104326;129;0;0;508;740;69.34;84.34;;;
37.754765;-1.104521;129;0;0;508;740;69.36;84.32;;;
37.754668;-1.104713;129;0;0;508;740;69.38;84.3;;;
37.754443;-1.105067;129;0;0;508;740;69.42;84.26;;;
37.754333;-1.105247;129;0;0;508;740;69.44;84.24;;;
37.754126;-1.105619;129;0;0;508;740;69.48;84.2;;;
37.754023;-1.105805;129;0;0;508;740;69.5;84.18;;;
37.753919;-1.105991;129;0;0;508;740;69.52;84.16;;;
37.753710;-1.106361;128;0;0;508;740;69.56;84.12;;;
37.753602;-1.106542;128;0;0;508;740;69.58;84.1;;;
37.753384;-1.106905;128;0;0;508;740;69.62;84.06;;;
37.753275;-1.107086;128;0;0;508;740;69.64;84.04;;;
37.753167;-1.107267;128;0;0;508;740;69.66;84.02;;;
37.752949;-1.107630;128;0;0;508;740;69.7;83.98;;;
37.752840;-1.107810;128;0;0;508;740;69.72;83.96;;;
37.752506;-1.108347;128;0;0;508;740;69.78;83.9;;;
37.752395;-1.108525;127;0;0;508;740;69.8;83.88;;;
37.752172;-1.108883;127;0;0;508;740;69.84;83.84;;;
37.752061;-1.109062;127;0;0;508;740;69.86;83.82;;;
37.751950;-1.109240;127;0;0;508;740;69.88;83.8;;;
37.751745;-1.109614;127;0;0;508;740;69.92;83.76;;;
37.751647;-1.109805;127;0;0;508;740;69.94;83.74;;;
37.751452;-1.110187;127;0;0;508;740;69.98;83.7;;;
37.751355;-1.110378;127;0;0;508;740;70;83.68;;;
37.751257;-1.110570;127;0;0;508;740;70.02;83.66;;;
37.751062;-1.110952;126;0;0;508;740;70.06;83.62;;;
37.750965;-1.111143;126;0;0;508;740;70.08;83.6;;;
37.750770;-1.111525;126;0;0;508;740;70.12;83.56;;;
37.750672;-1.111716;126;0;0;508;740;70.14;83.54;;;
37.750575;-1.111908;126;0;0;508;740;70.16;83.52;;;
37.750380;-1.112290;126;0;0;508;740;70.2;83.48;;;
37.750283;-1.112481;126;0;0;508;740;70.22;83.46;;;
37.750018;-1.113075;126;0;0;508;740;70.28;83.4;;;
37.749938;-1.113279;126;0;0;508;740;70.3;83.38;;;
37.749816;-1.113707;126;0;0;508;740;70.34;83.34;;;
37.749781;-1.113930;126;0;0;508;740;70.36;83.32;;;
37.749748;-1.114153;125;0;0;508;740;70.38;83.3;;;
37.749731;-1.114607;125;0;0;508;740;70.42;83.26;;;
37.749735;-1.114835;125;0;0;508;740;70.44;83.24;;;
37.749742;-1.115289;126;0;0;508;740;70.48;83.2;;;
37.749746;-1.115517;126;0;0;508;740;70.5;83.18;;;
37.749748;-1.115744;126;0;1;508;740;70.52;83.16;;;
37.749703;-1.116193;126;0;1;509;739;70.56;83.12;;;
37.749658;-1.116413;126;0;1;509;739;70.58;83.1;;;
37.749539;-1.116842;126;0;1;509;739;70.62;83.06;;;
37.749470;-1.117052;127;0;1;509;739;70.64;83.04;;;
37.749401;-1.117262;127;0;1;509;739;70.66;83.02;;;
37.749263;-1.117682;127;0;1;510;738;70.7;82.98;;;
37.749194;-1.117892;127;0;1;510;738;70.72;82.96;;;
37.748987;-1.118522;128;0;1;510;738;70.78;82.9;;;
37.748918;-1.118732;128;0;1;511;737;70.8;82.88;;;
37.748772;-1.119148;128;0;1;511;737;70.84;82.84;;;
37.748693;-1.119352;129;0;1;511;737;70.86;82.82;;;
37.748615;-1.119557;129;0;1;511;737;70.88;82.8;;;
37.748449;-1.119961;129;0;1;512;736;70.92;82.76;;;
37.748362;-1.120159;129;0;1;512;736;70.94;82.74;;;
37.748186;-1.120556;130;0;1;512;736;70.98;82.7;;;
37.748098;-1.120755;130;0;1;512;736;71;82.68;;;
37.748011;-1.120954;130;0;1;513;735;71.02;82.66;;;
37.747835;-1.121351;130;0;1;513;735;71.06;82.62;;;
37.747747;-1.121549;131;0;1;513;735;71.08;82.6;;;
37.747572;-1.121947;131;0;1;514;734;71.12;82.56;;;
37.747485;-1.122145;131;0;1;514;734;71.14;82.54;;;
37.747397;-1.122344;131;0;1;514;734;71.16;82.52;;;
37.747224;-1.122743;132;0;1;514;734;71.2;82.48;;;
37.747140;-1.122944;132;0;1;514;734;71.22;82.46;;;
37.746943;-1.123573;132;0;2;515;733;71.28;82.4;;;
37.746933;-1.123797;133;0;2;516;732;71.3;82.38;;;
37.746667;-1.124087;134;0;1;516;732;71.34;82.34;;;
37.746576;-1.124281;134;0;1;517;731;71.36;82.32;;;
37.746498;-1.124487;134;0;1;517;731;71.38;82.3;;;
37.746348;-1.124900;135;0;1;517;731;71.42;82.26;;;
37.746273;-1.125107;135;0;1;517;731;71.44;82.24;;;
37.746137;-1.125528;135;0;0;517;731;71.48;82.2;;;
37.746069;-1.125739;135;0;0;518;730;71.5;82.18;;;
37.746000;-1.125949;135;0;0;518;730;71.52;82.16;;;
37.745864;-1.126370;135;0;0;518;730;71.56;82.12;;;
37.745796;-1.126581;135;0;0;518;730;71.58;82.1;;;
37.745660;-1.127002;135;0;0;518;730;71.62;82.06;;;
37.745593;-1.127213;135;0;0;518;730;71.64;82.04;;;
37.745525;-1.127423;135;0;0;518;730;71.66;82.02;;;
37.745372;-1.127832;135;0;0;518;730;71.7;81.98;;;
37.745266;-1.128017;135;0;0;518;730;71.72;81.96;;;
37.744949;-1.128569;135;0;0;518;730;71.78;81.9;;;
37.744844;-1.128753;135;0;0;518;730;71.8;81.88;;;
37.744627;-1.129116;135;0;-1;518;730;71.84;81.84;;;
37.744509;-1.129287;135;0;-1;518;730;71.86;81.82;;;
37.744390;-1.129458;135;0;-1;518;730;71.88;81.8;;;
37.744154;-1.129802;134;0;-1;518;730;71.92;81.76;;;
37.744035;-1.129972;134;0;-1;518;730;71.94;81.74;;;
37.743820;-1.130336;134;0;-1;518;730;71.98;81.7;;;
37.743721;-1.130526;134;0;-1;518;730;72;81.68;;;
37.743637;-1.130727;133;0;-1;518;730;72.02;81.66;;;
37.743469;-1.131129;133;0;-1;518;730;72.06;81.62;;;
37.743385;-1.131330;133;0;-1;518;730;72.08;81.6;;;
37.743218;-1.131733;132;0;-1;518;730;72.12;81.56;;;
37.743134;-1.131934;132;0;-1;518;730;72.14;81.54;;;
37.743050;-1.132135;132;0;-1;518;730;72.16;81.52;;;
37.742881;-1.132537;132;0;-1;518;730;72.2;81.48;;;
37.742797;-1.132738;131;0;-1;518;730;72.22;81.46;;;
37.742545;-1.133342;131;0;-1;518;730;72.28;81.4;;;
37.742462;-1.133543;131;0;-1;518;730;72.3;81.38;;;
37.742294;-1.133946;130;0;-1;518;730;72.34;81.34;;;
37.742209;-1.134146;130;0;-1;518;730;72.36;81.32;;;
37.742112;-1.134337;130;0;-1;518;730;72.38;81.3;;;
37.741902;-1.134706;129;0;-1;518;730;72.42;81.26;;;
37.741796;-1.134890;129;0;-1;518;730;72.44;81.24;;;
37.741587;-1.135260;129;0;-1;518;730;72.48;81.2;;;
37.741482;-1.135445;129;0;-1;518;730;72.5;81.18;;;
37.741376;-1.135629;129;0;-1;518;730;72.52;81.16;;;
37.741166;-1.135998;128;0;-1;518;730;72.56;81.12;;;
37.741061;-1.136183;128;0;0;518;730;72.58;81.1;;;
37.740851;-1.136552;128;0;0;518;730;72.62;81.06;;;
37.740746;-1.136737;128;0;0;518;730;72.64;81.04;;;
37.740641;-1.136921;128;0;0;518;730;72.66;81.02;;;
37.740432;-1.137292;128;0;0;518;730;72.7;80.98;;;
37.740330;-1.137479;128;0;0;518;730;72.72;80.96;;;
37.740022;-1.138039;128;0;0;518;730;72.78;80.9;;;
37.739920;-1.138227;128;0;0;518;730;72.8;80.88;;;
37.739715;-1.138600;128;0;0;518;730;72.84;80.84;;;
37.739612;-1.138787;128;0;0;518;730;72.86;80.82;;;
37.739529;-1.138988;129;0;1;518;730;72.88;80.8;;;
37.739387;-1.139405;129;0;1;519;729;72.92;80.76;;;
37.739337;-1.139624;129;0;1;519;729;72.94;80.74;;;
37.739238;-1.140061;129;0;1;519;729;72.98;80.7;;;
37.739188;-1.140279;130;0;1;519;729;73;80.68;;;
37.739138;-1.140498;130;0;1;520;728;73.02;80.66;;;
37.739039;-1.140935;130;0;1;520;728;73.06;80.62;;;
37.738989;-1.141153;130;0;1;520;728;73.08;80.6;;;
37.738889;-1.141591;130;0;1;520;728;73.12;80.56;;;
37.738821;-1.141800;131;0;1;520;728;73.14;80.54;;;
37.738741;-1.142004;131;0;1;520;728;73.16;80.52;;;
37.738574;-1.142407;131;0;0;521;727;73.2;80.48;;;
37.738487;-1.142606;131;0;0;521;727;73.22;80.46;;;
37.738243;-1.143214;131;0;1;521;727;73.28;80.4;;;
37.738177;-1.143424;131;0;1;521;727;73.3;80.38;;;
37.738123;-1.143871;131;0;1;521;727;73.34;80.34;;;
37.737995;-1.144017;132;0;1;521;727;73.36;80.32;;;
37.737849;-1.144143;132;0;0;522;726;73.38;80.3;;;
37.737639;-1.144512;132;0;0;522;726;73.42;80.26;;;
37.737540;-1.144702;132;0;0;522;726;73.44;80.24;;;
37.737343;-1.145082;132;0;0;522;726;73.48;80.2;;;
37.737244;-1.145272;132;0;0;522;726;73.5;80.18;;;
37.737144;-1.145462;132;0;0;522;726;73.52;80.16;;;
37.736947;-1.145842;132;0;0;522;726;73.56;80.12;;;
37.736848;-1.146032;132;0;0;522;726;73.58;80.1;;;
37.736649;-1.146411;132;0;0;522;726;73.62;80.06;;;
37.736550;-1.146601;132;0;0;522;726;73.64;80.04;;;
37.736452;-1.146791;132;0;0;522;726;73.66;80.02;;;
37.736254;-1.147171;132;0;0;522;726;73.7;79.98;;;
37.736154;-1.147361;132;0;0;522;726;73.72;79.96;;;
37.735905;-1.147965;132;0;0;522;726;73.78;79.9;;;
37.735830;-1.148172;132;0;0;522;726;73.8;79.88;;;
37.735698;-1.148595;132;0;0;522;726;73.84;79.84;;;
37.735632;-1.148806;132;0;0;522;726;73.86;79.82;;;
37.735566;-1.149018;132;0;0;522;726;73.88;79.8;;;
37.735435;-1.149442;132;0;0;522;726;73.92;79.76;;;
37.735368;-1.149653;132;0;0;522;726;73.94;79.74;;;
37.735237;-1.150076;132;0;0;522;726;73.98;79.7;;;
37.735171;-1.150288;132;0;0;522;726;74;79.68;;;
37.735105;-1.150500;132;0;0;522;726;74.02;79.66;;;
37.734998;-1.150934;132;0;0;522;726;74.06;79.62;;;
37.734946;-1.151151;131;0;0;522;726;74.08;79.6;;;
37.734840;-1.151586;131;0;0;522;726;74.12;79.56;;;
37.734787;-1.151804;131;0;0;522;726;74.14;79.54;;;
37.734735;-1.152021;131;0;0;522;726;74.16;79.52;;;
37.734624;-1.152454;131;0;0;522;726;74.2;79.48;;;
37.734565;-1.152669;131;0;0;522;726;74.22;79.46;;;
37.734390;-1.153314;131;0;0;522;726;74.28;79.4;;;
37.734332;-1.153529;131;0;0;522;726;74.3;79.38;;;
37.734215;-1.153959;131;0;0;522;726;74.34;79.34;;;
37.734156;-1.154175;131;0;0;522;726;74.36;79.32;;;
37.734098;-1.154390;131;0;0;522;726;74.38;79.3;;;
37.734003;-1.154828;131;0;0;522;726;74.42;79.26;;;
37.733958;-1.155048;131;0;0;522;726;74.44;79.24;;;
37.733866;-1.155488;131;0;0;522;726;74.48;79.2;;;
37.733821;-1.155708;131;0;0;522;726;74.5;79.18;;;
37.733776;-1.155929;131;0;0;522;726;74.52;79.16;;;
37.733685;-1.156369;131;0;0;522;726;74.56;79.12;;;
37.733639;-1.156588;131;0;0;522;726;74.58;79.1;;;
37.733618;-1.157043;131;0;0;522;726;74.62;79.06;;;
37.733610;-1.157270;131;0;0;522;726;74.64;79.04;;;
37.733617;-1.157497;131;0;0;522;726;74.66;79.02;;;
37.733628;-1.157951;131;0;0;522;726;74.7;78.98;;;
37.733634;-1.158179;131;0;0;523;725;74.72;78.96;;;
37.733653;-1.158861;131;0;0;523;725;74.78;78.9;;;
37.733658;-1.159088;131;0;0;523;725;74.8;78.88;;;
37.733670;-1.159543;131;0;0;523;725;74.84;78.84;;;
37.733676;-1.159770;131;0;0;523;725;74.86;78.82;;;
37.733683;-1.159997;132;0;0;523;725;74.88;78.8;;;
37.733695;-1.160452;132;0;0;523;725;74.92;78.76;;;
37.733695;-1.160679;132;0;0;523;725;74.94;78.74;;;
37.733661;-1.161132;132;0;0;523;725;74.98;78.7;;;
37.733601;-1.161345;132;0;0;523;725;75;78.68;;;
37.733531;-1.161554;132;0;0;523;725;75.02;78.66;;;
37.733483;-1.162001;132;0;0;523;725;75.06;78.62;;;
37.733396;-1.162198;132;0;0;523;725;75.08;78.6;;;
37.733160;-1.162541;132;0;0;523;725;75.12;78.56;24;;
37.733037;-1.162707;132;0;0;523;725;75.14;78.54;;;
37.732914;-1.162872;132;0;0;523;725;75.16;78.52;;;
37.732663;-1.163199;132;0;0;523;725;75.2;78.48;;;
37.732537;-1.163361;132;0;0;523;725;75.22;78.46;;;
37.732156;-1.163844;132;0;0;523;725;75.28;78.4;;;
37.732028;-1.164004;132;0;0;523;725;75.3;78.38;;;
37.731693;-1.164143;132;0;0;523;725;75.34;78.34;;;
37.731536;-1.164242;132;0;0;523;725;75.36;78.32;;;
37.731451;-1.164435;132;0;0;523;725;75.38;78.3;;;
37.731386;-1.164871;131;0;-1;523;725;75.42;78.26;;;
37.731286;-1.165059;131;0;-1;523;725;75.44;78.24;;;
37.731043;-1.165394;131;0;-1;523;725;75.48;78.2;;;
37.730918;-1.165558;131;0;-1;523;725;75.5;78.18;;;
37.730794;-1.165723;131;0;-1;523;725;75.52;78.16;;;
37.730546;-1.166052;131;0;-1;523;725;75.56;78.12;;;
37.730422;-1.166217;130;0;-1;523;725;75.58;78.1;;;
37.730174;-1.166546;130;0;-1;523;725;75.62;78.06;;;
37.730050;-1.166710;130;0;-1;523;725;75.64;78.04;;;
37.729925;-1.166874;130;0;-1;523;725;75.66;78.02;;;
37.729677;-1.167203;130;0;0;523;725;75.7;77.98;;;
37.729553;-1.167368;130;0;0;523;725;75.72;77.96;;;
37.729179;-1.167860;129;0;0;523;725;75.78;77.9;;;
37.729052;-1.168021;129;0;0;523;725;75.8;77.88;;;
37.728794;-1.168338;129;0;0;523;725;75.84;77.84;;;
37.728667;-1.168499;129;0;0;523;725;75.86;77.82;;;
37.728539;-1.168659;129;0;0;523;725;75.88;77.8;;;
37.728272;-1.168961;129;0;0;523;725;75.92;77.76;25;;
37.728105;-1.169042;129;0;0;523;725;75.94;77.74;;;
37.727758;-1.169163;129;0;0;523;725;75.98;77.7;;;
37.727585;-1.169225;129;0;0;523;725;76;77.68;;;
37.727412;-1.169286;129;0;0;523;725;76.02;77.66;;;
37.727058;-1.169366;128;0;0;523;725;76.06;77.62;;;
37.726878;-1.169383;128;0;0;523;725;76.08;77.6;;;
37.726520;-1.169417;128;0;0;523;725;76.12;77.56;;;
37.726340;-1.169433;128;0;0;523;725;76.14;77.54;;;
37.726161;-1.169446;128;0;0;523;725;76.16;77.52;;;
37.725807;-1.169403;128;0;0;523;725;76.2;77.48;;;
37.725650;-1.169294;128;0;0;523;725;76.22;77.46;;;
37.725212;-1.168897;128;0;0;523;725;76.28;77.4;;;
37.725069;-1.168759;128;0;0;523;725;76.3;77.38;;;
37.724733;-1.168700;129;0;0;524;724;76.34;77.34;;;
37.724554;-1.168729;129;0;1;524;724;76.36;77.32;;;
37.724375;-1.168755;129;0;1;524;724;76.38;77.3;;;
37.724019;-1.168808;129;0;1;524;724;76.42;77.26;;;
37.723881;-1.168930;130;0;1;525;723;76.44;77.24;;;
37.723802;-1.169367;130;0;1;525;723;76.48;77.2;;;
37.723734;-1.169577;130;0;1;525;723;76.5;77.18;;;
37.723665;-1.169787;130;0;1;525;723;76.52;77.16;;;
37.723708;-1.170178;131;0;1;526;722;76.56;77.12;;;
37.723807;-1.170360;131;0;1;526;722;76.58;77.1;;;
37.723813;-1.170814;131;0;0;526;722;76.62;77.06;;;
37.723804;-1.171041;131;0;0;526;722;76.64;77.04;;;
37.723795;-1.171268;131;0;0;526;722;76.66;77.02;;;
37.723782;-1.171722;131;0;0;526;722;76.7;76.98;;;
37.723776;-1.171950;131;0;0;526;722;76.72;76.96;;;
37.723949;-1.172572;131;0;0;526;722;76.78;76.9;;;
37.724045;-1.172765;131;0;0;526;722;76.8;76.88;;;
37.724203;-1.173172;131;0;0;526;722;76.84;76.84;;;
37.724266;-1.173385;131;0;0;526;722;76.86;76.82;;;
37.724314;-1.173604;131;0;0;526;722;76.88;76.8;;;
37.724339;-1.174056;131;0;0;526;722;76.92;76.76;;;
37.724354;-1.174283;131;0;0;526;722;76.94;76.74;;;
37.724362;-1.174736;131;0;0;526;722;76.98;76.7;;;
37.724350;-1.174963;131;0;0;526;722;77;76.68;;;
37.724329;-1.175189;131;0;0;526;722;77.02;76.66;;;
37.724289;-1.175641;131;0;0;526;722;77.06;76.62;;;
37.724264;-1.175866;131;0;0;526;722;77.08;76.6;;;
37.724176;-1.176306;131;0;0;526;722;77.12;76.56;;;
37.724121;-1.176522;131;0;0;526;722;77.14;76.54;;;
37.724068;-1.176739;131;0;0;526;722;77.16;76.52;;;
37.723967;-1.177176;130;0;0;526;722;77.2;76.48;;;
37.723927;-1.177397;130;0;0;526;722;77.22;76.46;;;
37.724161;-1.177942;130;0;0;527;721;77.28;76.4;;;
37.724307;-1.178074;130;0;0;527;721;77.3;76.38;;;
37.724514;-1.178439;130;0;0;527;721;77.34;76.34;;;
37.724559;-1.178658;130;0;0;527;721;77.36;76.32;;;
37.724592;-1.178882;130;0;0;527;721;77.38;76.3;;;
37.724656;-1.179330;130;0;0;527;721;77.42;76.26;;;
37.724689;-1.179553;130;0;0;527;721;77.44;76.24;;;
37.724754;-1.180000;130;0;1;527;721;77.48;76.2;;;
37.724786;-1.180224;131;0;1;527;721;77.5;76.18;;;
37.724820;-1.180448;131;0;1;527;721;77.52;76.16;;;
37.724884;-1.180895;131;0;1;527;721;77.56;76.12;;;
37.724917;-1.181119;131;0;1;527;721;77.58;76.1;;;
37.724983;-1.181566;131;0;1;528;720;77.62;76.06;;;
37.725015;-1.181789;131;0;1;528;720;77.64;76.04;;;
37.725047;-1.182013;131;0;1;528;720;77.66;76.02;;;
37.725114;-1.182460;132;0;1;528;720;77.7;75.98;;;
37.725146;-1.182684;132;0;1;528;720;77.72;75.96;;;
37.725244;-1.183355;132;0;1;529;719;77.78;75.9;;;
37.725277;-1.183578;132;0;1;529;719;77.8;75.88;;;
37.725342;-1.184026;133;0;1;529;719;77.84;75.84;;;
37.725375;-1.184249;133;0;1;529;719;77.86;75.82;;;
37.725408;-1.184473;133;0;1;529;719;77.88;75.8;;;
37.725473;-1.184920;133;0;1;530;718;77.92;75.76;;;
37.725505;-1.185144;134;0;1;530;718;77.94;75.74;;;
37.725571;-1.185591;134;0;1;530;718;77.98;75.7;;;
37.725604;-1.185814;134;0;1;531;717;78;75.68;;;
37.725636;-1.186038;134;0;1;531;717;78.02;75.66;;;
37.725702;-1.186485;135;0;1;531;717;78.06;75.62;;;
37.725735;-1.186709;135;0;1;531;717;78.08;75.6;;;
37.725799;-1.187156;135;0;1;532;716;78.12;75.56;;;
37.725833;-1.187380;135;0;1;532;716;78.14;75.54;;;
37.725866;-1.187603;136;0;1;532;716;78.16;75.52;;;
37.725930;-1.188051;136;0;1;533;715;78.2;75.48;;;
37.725964;-1.188274;136;0;1;533;715;78.22;75.46;;;
37.726069;-1.188943;137;0;1;533;715;78.28;75.4;;;
37.726104;-1.189166;137;0;1;533;715;78.3;75.38;;;
37.726169;-1.189613;137;0;1;534;714;78.34;75.34;;;
37.726193;-1.189839;137;0;1;534;714;78.36;75.32;;;
37.726224;-1.190063;138;0;1;534;714;78.38;75.3;;;
37.726290;-1.190510;138;0;1;534;714;78.42;75.26;26;;
37.726324;-1.190733;138;0;1;535;713;78.44;75.24;;;
37.726391;-1.191180;138;0;1;535;713;78.48;75.2;;;
37.726434;-1.191401;139;0;1;535;713;78.5;75.18;;;
37.726476;-1.191622;139;0;1;535;713;78.52;75.16;;;
37.726533;-1.192071;139;0;1;536;712;78.56;75.12;;;
37.726562;-1.192295;139;0;1;536;712;78.58;75.1;;;
37.726618;-1.192745;139;0;1;536;712;78.62;75.06;;;
37.726646;-1.192969;140;0;1;536;712;78.64;75.04;;;
37.726674;-1.193194;140;0;1;536;712;78.66;75.02;;;
37.726731;-1.193643;140;0;1;537;711;78.7;74.98;;;
37.726759;-1.193868;140;0;1;537;711;78.72;74.96;;;
37.726873;-1.194534;141;0;1;537;711;78.78;74.9;;;
37.726911;-1.194757;141;0;1;537;711;78.8;74.88;;;
37.726987;-1.195201;141;0;1;537;711;78.84;74.84;;;
37.727025;-1.195424;141;0;1;537;711;78.86;74.82;;;
37.727063;-1.195646;141;0;1;538;710;78.88;74.8;;;
37.727140;-1.196090;141;0;1;538;710;78.92;74.76;;;
37.727178;-1.196312;142;0;1;538;710;78.94;74.74;;;
37.727238;-1.196761;142;0;0;538;710;78.98;74.7;;;
37.727266;-1.196985;142;0;0;538;710;79;74.68;;;
37.727295;-1.197210;142;0;0;538;710;79.02;74.66;;;
37.727353;-1.197659;142;0;0;538;710;79.06;74.62;;;
37.727381;-1.197883;142;0;0;539;709;79.08;74.6;;;
37.727438;-1.198332;142;0;0;539;709;79.12;74.56;;;
37.727470;-1.198556;142;0;0;539;709;79.14;74.54;;;
37.727505;-1.198779;143;0;0;539;709;79.16;74.52;;;
37.727573;-1.199226;143;0;0;539;709;79.2;74.48;;;
37.727608;-1.199449;143;0;0;539;709;79.22;74.46;;;
37.727711;-1.200119;143;0;0;540;708;79.28;74.4;;;
37.727745;-1.200342;143;0;0;540;708;79.3;74.38;;;
37.727814;-1.200788;143;0;0;540;708;79.34;74.34;;;
37.727848;-1.201011;143;0;0;540;708;79.36;74.32;;;
37.727883;-1.201235;144;0;0;540;708;79.38;74.3;;;
37.727952;-1.201681;144;0;1;540;708;79.42;74.26;;;
37.727986;-1.201904;144;0;0;540;708;79.44;74.24;;;
37.728053;-1.202351;144;0;1;540;708;79.48;74.2;;;
37.728085;-1.202575;144;0;1;541;707;79.5;74.18;;;
37.728118;-1.202799;144;0;1;541;707;79.52;74.16;;;
37.728183;-1.203246;145;0;1;541;707;79.56;74.12;;;
37.728216;-1.203469;145;0;0;541;707;79.58;74.1;;;
37.728281;-1.203917;145;0;0;541;707;79.62;74.06;;;
37.728314;-1.204140;145;0;0;541;707;79.64;74.04;;;
37.728347;-1.204364;145;0;0;541;707;79.66;74.02;;;
37.728412;-1.204811;145;0;0;542;706;79.7;73.98;;;
37.728445;-1.205035;145;0;1;542;706;79.72;73.96;;;
37.728544;-1.205705;145;0;1;542;706;79.78;73.9;;;
37.728576;-1.205929;146;0;1;542;706;79.8;73.88;;;
37.728641;-1.206376;146;0;1;542;706;79.84;73.84;;;
37.728674;-1.206600;146;0;1;542;706;79.86;73.82;;;
37.728707;-1.206824;146;0;1;542;706;79.88;73.8;;;
37.728772;-1.207271;146;0;0;543;705;79.92;73.76;;;
37.728805;-1.207494;146;0;0;543;705;79.94;73.74;;;
37.728871;-1.207942;147;0;1;543;705;79.98;73.7;;;
37.728903;-1.208165;147;0;1;543;705;80;73.68;;;
37.728936;-1.208389;147;0;1;543;705;80.02;73.66;;;
37.729002;-1.208836;147;0;1;543;705;80.06;73.62;;;
37.729035;-1.209060;147;0;1;544;704;80.08;73.6;;;
37.729099;-1.209507;147;0;0;544;704;80.12;73.56;;;
37.729132;-1.209731;147;0;0;544;704;80.14;73.54;;;
37.729165;-1.209954;147;0;0;544;704;80.16;73.52;;;
37.729230;-1.210401;148;0;1;544;704;80.2;73.48;;;
37.729263;-1.210625;148;0;1;544;704;80.22;73.46;;;
37.729362;-1.211296;148;0;0;545;703;80.28;73.4;;;
37.729394;-1.211519;148;0;0;545;703;80.3;73.38;;;
37.729459;-1.211967;148;0;0;545;703;80.34;73.34;;;
37.729491;-1.212191;148;0;0;545;703;80.36;73.32;;;
37.729523;-1.212415;148;0;0;545;703;80.38;73.3;;;
37.729587;-1.212862;149;0;0;545;703;80.42;73.26;;;
37.729619;-1.213086;149;0;1;545;703;80.44;73.24;;;
37.729682;-1.213534;149;0;0;545;703;80.48;73.2;;;
37.729714;-1.213757;149;0;0;546;702;80.5;73.18;;;
37.729746;-1.213981;149;0;0;546;702;80.52;73.16;;;
37.729810;-1.214429;149;0;0;546;702;80.56;73.12;;;
37.729842;-1.214653;149;0;0;546;702;80.58;73.1;;;
37.729906;-1.215100;150;0;1;546;702;80.62;73.06;;;
37.729938;-1.215324;150;0;1;546;702;80.64;73.04;;;
37.729970;-1.215548;150;0;0;546;702;80.66;73.02;;;
37.730034;-1.215995;150;0;0;546;702;80.7;72.98;;;
37.730066;-1.216219;150;0;0;546;702;80.72;72.96;;;
37.730162;-1.216891;150;0;0;547;701;80.78;72.9;;;
37.730194;-1.217114;150;0;0;547;701;80.8;72.88;;;
37.730257;-1.217562;150;0;0;547;701;80.84;72.84;;;
37.730289;-1.217786;151;0;0;547;701;80.86;72.82;;;
37.730321;-1.218010;151;0;0;547;701;80.88;72.8;;;
37.730385;-1.218457;151;0;0;547;701;80.92;72.76;;;
37.730417;-1.218681;151;0;0;547;701;80.94;72.74;;;
37.730481;-1.219129;151;0;0;547;701;80.98;72.7;;;
37.730513;-1.219352;151;0;0;547;701;81;72.68;;;
37.730545;-1.219576;151;0;0;547;701;81.02;72.66;;;
37.730609;-1.220024;151;0;0;548;700;81.06;72.62;;;
37.730641;-1.220248;151;0;0;548;700;81.08;72.6;;;
37.730704;-1.220695;151;0;0;548;700;81.12;72.56;;;
37.730736;-1.220919;151;0;0;548;700;81.14;72.54;;;
37.730768;-1.221143;151;0;0;548;700;81.16;72.52;;;
37.730832;-1.221590;151;0;0;548;700;81.2;72.48;;;
37.730864;-1.221814;151;0;0;548;700;81.22;72.46;;;
37.730962;-1.222485;152;0;0;548;700;81.28;72.4;;;
37.730995;-1.222709;152;0;0;548;700;81.3;72.38;;;
37.731061;-1.223156;152;0;0;548;700;81.34;72.34;;;
37.731094;-1.223379;152;0;0;548;700;81.36;72.32;;;
37.731127;-1.223603;152;0;0;548;700;81.38;72.3;;;
37.731191;-1.224050;152;0;0;548;700;81.42;72.26;;;
37.731225;-1.224274;152;0;0;548;700;81.44;72.24;;;
37.731291;-1.224721;152;0;0;548;700;81.48;72.2;;;
37.731323;-1.224945;152;0;0;548;700;81.5;72.18;;;
37.731356;-1.225168;152;0;0;548;700;81.52;72.16;;;
37.731421;-1.225616;152;0;0;549;699;81.56;72.12;;;
37.731454;-1.225839;152;0;0;549;699;81.58;72.1;;;
37.731519;-1.226287;152;0;0;549;699;81.62;72.06;;;
37.731553;-1.226510;152;0;0;549;699;81.64;72.04;;;
37.731586;-1.226734;153;0;0;549;699;81.66;72.02;;;
37.731651;-1.227181;153;0;0;549;699;81.7;71.98;;;
37.731683;-1.227405;153;0;0;549;699;81.72;71.96;;;
37.731783;-1.228075;153;0;0;549;699;81.78;71.9;;;
37.731815;-1.228299;153;0;0;549;699;81.8;71.88;;;
37.731880;-1.228746;153;0;0;550;698;81.84;71.84;;;
37.731913;-1.228970;153;0;0;550;698;81.86;71.82;;;
37.731946;-1.229193;153;0;0;550;698;81.88;71.8;;;
37.732011;-1.229641;154;0;1;550;698;81.92;71.76;;;
37.732045;-1.229864;154;0;1;550;698;81.94;71.74;;;
37.732078;-1.230088;154;0;0;550;698;81.96;71.72;;;
37.732110;-1.230311;154;0;0;550;698;81.98;71.7;;;
37.732143;-1.230535;154;0;0;550;698;82;71.68;;;
37.732176;-1.230759;154;0;1;550;698;82.02;71.66;;;
37.732209;-1.230982;154;0;1;551;697;82.04;71.64;;;
37.732242;-1.231206;154;0;1;551;697;82.06;71.62;;;
37.732275;-1.231429;154;0;1;551;697;82.08;71.6;;;
37.732307;-1.231653;154;0;1;551;697;82.1;71.58;;;
37.732339;-1.231877;155;0;1;551;697;82.12;71.56;;;
37.732372;-1.232100;155;0;1;551;697;82.14;71.54;;;
37.732405;-1.232324;155;0;1;551;697;82.16;71.52;;;
37.732438;-1.232548;155;0;1;551;697;82.18;71.5;;;
37.732470;-1.232771;155;0;1;551;697;82.2;71.48;;;
37.732503;-1.232995;155;0;1;552;696;82.22;71.46;;;
37.732536;-1.233218;155;0;1;552;696;82.24;71.44;;;
37.732569;-1.233442;155;0;1;552;696;82.26;71.42;;;
37.732602;-1.233666;156;0;1;552;696;82.28;71.4;;;
37.732634;-1.233889;156;0;1;552;696;82.3;71.38;;;
37.732667;-1.234113;156;0;1;552;696;82.32;71.36;;;
37.732701;-1.234336;156;0;1;553;695;82.34;71.34;;;
37.732734;-1.234560;156;0;1;553;695;82.36;71.32;;;
37.732766;-1.234784;156;0;1;553;695;82.38;71.3;;;
37.732799;-1.235007;157;0;1;553;695;82.4;71.28;;;
37.732833;-1.235230;157;0;1;553;695;82.42;71.26;;;
37.732869;-1.235453;157;0;1;553;695;82.44;71.24;;;
37.732904;-1.235676;157;0;1;554;694;82.46;71.22;;;
37.732939;-1.235899;157;0;1;554;694;82.48;71.2;;;
37.732975;-1.236122;157;0;1;554;694;82.5;71.18;;;
37.733010;-1.236345;158;0;1;554;694;82.52;71.16;;;
37.733045;-1.236568;158;0;1;554;694;82.54;71.14;;;
37.733080;-1.236791;158;0;1;555;693;82.56;71.12;;;
37.733112;-1.237015;158;0;1;555;693;82.58;71.1;;;
37.733139;-1.237240;159;0;1;555;693;82.6;71.08;;;
37.733166;-1.237465;159;0;1;555;693;82.62;71.06;;;
37.733193;-1.237690;159;0;1;555;693;82.64;71.04;;;
37.733223;-1.237914;159;0;1;556;692;82.66;71.02;;;
37.733261;-1.238136;159;0;1;556;692;82.68;71;;;
37.733299;-1.238358;160;0;1;556;692;82.7;70.98;27;;
37.733337;-1.238581;160;0;1;556;692;82.72;70.96;;;
37.733375;-1.238803;160;0;1;557;691;82.74;70.94;;;
37.733410;-1.239026;160;0;1;557;691;82.76;70.92;;;
37.733474;-1.239238;161;0;1;557;691;82.78;70.9;;;
37.733542;-1.239448;161;0;1;557;691;82.8;70.88;;;
37.733622;-1.239652;161;0;1;558;690;82.82;70.86;;;
37.733701;-1.239856;161;0;1;558;690;82.84;70.84;;;
37.733780;-1.240061;161;0;1;558;690;82.86;70.82;;;
37.733860;-1.240264;162;0;1;558;690;82.88;70.8;;;
37.733939;-1.240468;162;0;1;558;690;82.9;70.78;;;
37.734019;-1.240672;162;0;1;558;690;82.92;70.76;;;
37.734098;-1.240877;162;0;1;558;690;82.94;70.74;;;
37.734178;-1.241081;162;0;1;559;689;82.96;70.72;;;
37.734257;-1.241285;162;0;1;559;689;82.98;70.7;;;
37.734338;-1.241488;162;0;1;559;689;83;70.68;;;
37.734419;-1.241691;162;0;1;559;689;83.02;70.66;;;
37.734496;-1.241897;163;0;1;559;689;83.04;70.64;;;
37.734567;-1.242106;163;0;1;559;689;83.06;70.62;;;
37.734632;-1.242317;163;0;1;559;689;83.08;70.6;;;
37.734700;-1.242528;163;0;1;559;689;83.1;70.58;;;
37.734772;-1.242736;163;0;1;560;688;83.12;70.56;;;
37.734844;-1.242945;163;0;0;560;688;83.14;70.54;;;
37.734932;-1.243142;163;0;0;560;688;83.16;70.52;;;
37.735025;-1.243337;163;0;0;560;688;83.18;70.5;;;
37.735117;-1.243533;163;0;0;560;688;83.2;70.48;;;
37.735209;-1.243728;163;0;0;560;688;83.22;70.46;;;
37.735302;-1.243923;164;0;0;560;688;83.24;70.44;;;
37.735394;-1.244118;164;0;0;560;688;83.26;70.42;;;
37.735487;-1.244313;164;0;0;560;688;83.28;70.4;;;
37.735579;-1.244508;164;0;0;560;688;83.3;70.38;;;
37.735674;-1.244701;164;0;0;560;688;83.32;70.36;;;
37.735786;-1.244878;164;0;0;560;688;83.34;70.34;;;
37.735920;-1.245030;164;0;0;560;688;83.36;70.32;;;
37.736051;-1.245186;164;0;0;560;688;83.38;70.3;;;
37.736175;-1.245350;164;0;0;560;688;83.4;70.28;;;
37.736289;-1.245525;164;0;0;560;688;83.42;70.26;;;
37.736404;-1.245701;164;0;0;561;687;83.44;70.24;;;
37.736518;-1.245876;164;0;0;561;687;83.46;70.22;;;
37.736627;-1.246058;164;0;0;561;687;83.48;70.2;;;
37.736732;-1.246242;164;0;0;561;687;83.5;70.18;;;
37.736837;-1.246427;164;0;0;561;687;83.52;70.16;;;
37.736942;-1.246611;164;0;0;561;687;83.54;70.14;;;
37.737048;-1.246795;164;0;0;561;687;83.56;70.12;;;
37.737153;-1.246980;164;0;0;561;687;83.58;70.1;;;
37.737258;-1.247165;164;0;0;561;687;83.6;70.08;;;
37.737355;-1.247355;164;0;0;561;687;83.62;70.06;;;
37.737422;-1.247565;164;0;0;561;687;83.64;70.04;;;
37.737479;-1.247781;164;0;0;561;687;83.66;70.02;;;
37.737523;-1.248001;165;0;0;561;687;83.68;70;;;
37.737554;-1.248225;165;0;0;561;687;83.7;69.98;;;
37.737587;-1.248449;165;0;0;561;687;83.72;69.96;;;
37.737630;-1.248669;165;0;0;561;687;83.74;69.94;;;
37.737681;-1.248887;165;0;0;561;687;83.76;69.92;;;
37.737748;-1.249098;165;0;1;561;687;83.78;69.9;;;
37.737814;-1.249310;165;0;1;561;687;83.8;69.88;;;
37.737888;-1.249517;165;0;1;562;686;83.82;69.86;;;
37.737966;-1.249722;165;0;1;562;686;83.84;69.84;;;
37.738044;-1.249927;165;0;1;562;686;83.86;69.82;;;
37.738121;-1.250132;165;0;1;562;686;83.88;69.8;;;
37.738200;-1.250337;166;0;1;562;686;83.9;69.78;;;
37.738278;-1.250542;166;0;1;562;686;83.92;69.76;;;
37.738355;-1.250747;166;0;1;562;686;83.94;69.74;;;
37.738432;-1.250953;166;0;1;563;685;83.96;69.72;;;
37.738505;-1.251161;166;0;1;563;685;83.98;69.7;;;
37.738577;-1.251369;166;0;1;563;685;84;69.68;;;
37.738650;-1.251577;167;0;1;563;685;84.02;69.66;;;
37.738723;-1.251785;167;0;1;563;685;84.04;69.64;;;
37.738796;-1.251993;167;0;1;563;685;84.06;69.62;;;
37.738869;-1.252200;167;0;1;564;684;84.08;69.6;;;
37.738942;-1.252409;167;0;1;564;684;84.1;69.58;;;
37.739014;-1.252617;168;0;1;564;684;84.12;69.56;;;
37.739087;-1.252824;168;0;1;564;684;84.14;69.54;;;
37.739160;-1.253032;168;0;1;564;684;84.16;69.52;;;
37.739233;-1.253240;168;0;1;565;683;84.18;69.5;;;
37.739306;-1.253448;168;0;1;565;683;84.2;69.48;;;
37.739379;-1.253656;169;0;1;565;683;84.22;69.46;;;
37.739453;-1.253863;169;0;1;565;683;84.24;69.44;;;
37.739531;-1.254069;169;0;1;565;683;84.26;69.42;;;
37.739608;-1.254274;169;0;1;566;682;84.28;69.4;;;
37.739685;-1.254480;169;0;1;566;682;84.3;69.38;;;
37.739762;-1.254685;170;0;1;566;682;84.32;69.36;;;
37.739839;-1.254891;170;0;1;566;682;84.34;69.34;;;
37.739916;-1.255096;170;0;1;566;682;84.36;69.32;;;
37.739993;-1.255302;170;0;1;567;681;84.38;69.3;;;
37.740070;-1.255507;171;0;1;567;681;84.4;69.28;;;
37.740147;-1.255713;171;0;1;567;681;84.42;69.26;;;
37.740222;-1.255919;171;0;1;568;680;84.44;69.24;;;
37.740297;-1.256126;171;0;1;568;680;84.46;69.22;;;
37.740372;-1.256333;172;0;1;568;680;84.48;69.2;;;
37.740447;-1.256540;172;0;1;568;680;84.5;69.18;;;
37.740522;-1.256746;172;0;1;568;680;84.52;69.16;;;
37.740597;-1.256953;172;0;1;569;679;84.54;69.14;;;
37.740672;-1.257160;173;0;1;569;679;84.56;69.12;;;
37.740747;-1.257367;173;0;1;569;679;84.58;69.1;;;
37.740822;-1.257573;173;0;1;569;679;84.6;69.08;;;
37.740897;-1.257780;173;0;1;570;678;84.62;69.06;;;
37.740971;-1.257987;173;0;1;570;678;84.64;69.04;;;
37.741046;-1.258194;174;0;1;570;678;84.66;69.02;;;
37.741121;-1.258401;174;0;1;570;678;84.68;69;;;
37.741196;-1.258607;174;0;1;571;677;84.7;68.98;;;
37.741271;-1.258814;174;0;1;571;677;84.72;68.96;;;
37.741346;-1.259021;175;0;1;571;677;84.74;68.94;;;
37.741421;-1.259228;175;0;1;571;677;84.76;68.92;;;
37.741496;-1.259435;175;0;1;572;676;84.78;68.9;;;
37.741571;-1.259641;176;0;1;572;676;84.8;68.88;;;
37.741646;-1.259848;176;0;1;572;676;84.82;68.86;;;
37.741720;-1.260055;176;0;1;572;676;84.84;68.84;;;
37.741795;-1.260262;176;0;1;573;675;84.86;68.82;;;
37.741870;-1.260469;177;0;1;573;675;84.88;68.8;;;
37.741945;-1.260675;177;0;1;573;675;84.9;68.78;;;
37.742020;-1.260882;177;0;1;573;675;84.92;68.76;;;
37.742091;-1.261091;177;0;1;574;674;84.94;68.74;;;
37.742162;-1.261300;178;0;1;574;674;84.96;68.72;;;
37.742232;-1.261510;178;0;1;574;674;84.98;68.7;;;
37.742303;-1.261719;178;0;1;575;673;85;68.68;;;
37.742374;-1.261928;178;0;1;575;673;85.02;68.66;;;
37.742445;-1.262137;179;0;1;575;673;85.04;68.64;;;
37.742521;-1.262343;179;0;1;575;673;85.06;68.62;;;
37.742600;-1.262547;179;0;1;576;672;85.08;68.6;;;
37.742679;-1.262751;179;0;1;576;672;85.1;68.58;;;
37.742758;-1.262956;180;0;1;576;672;85.12;68.56;;;
37.742837;-1.263160;180;0;1;577;671;85.14;68.54;;;
37.742916;-1.263365;180;0;1;577;671;85.16;68.52;;;
37.742994;-1.263569;181;0;1;577;671;85.18;68.5;;;
37.743073;-1.263774;181;0;1;577;671;85.2;68.48;;;
37.743152;-1.263978;181;0;1;577;671;85.22;68.46;;;
37.743231;-1.264182;181;0;1;578;670;85.24;68.44;;;
37.743310;-1.264387;182;0;1;578;670;85.26;68.42;;;
37.743389;-1.264591;182;0;1;578;670;85.28;68.4;;;
37.743468;-1.264796;182;0;1;578;670;85.3;68.38;;;
37.743547;-1.265000;182;0;1;578;670;85.32;68.36;;;
37.743625;-1.265205;182;0;1;578;670;85.34;68.34;;;
37.743701;-1.265411;182;0;1;579;669;85.36;68.32;;;
37.743774;-1.265619;182;0;1;579;669;85.38;68.3;;;
37.743846;-1.265827;182;0;1;579;669;85.4;68.28;;;
37.743918;-1.266036;182;0;1;579;669;85.42;68.26;;;
37.743990;-1.266244;183;0;1;579;669;85.44;68.24;;;
37.744063;-1.266452;183;0;1;579;669;85.46;68.22;;;
37.744135;-1.266660;183;0;1;579;669;85.48;68.2;;;
37.744207;-1.266869;183;0;1;580;668;85.5;68.18;;;
37.744280;-1.267077;183;0;1;580;668;85.52;68.16;;;
37.744352;-1.267285;183;0;0;580;668;85.54;68.14;;;
37.744424;-1.267493;183;0;0;580;668;85.56;68.12;;;
37.744500;-1.267700;183;0;0;580;668;85.58;68.1;;;
37.744574;-1.267907;184;0;0;580;668;85.6;68.08;;;
37.744649;-1.268114;184;0;0;580;668;85.62;68.06;;;
37.744724;-1.268320;184;0;0;580;668;85.64;68.04;;;
37.744799;-1.268527;184;0;0;580;668;85.66;68.02;;;
37.744874;-1.268734;184;0;0;580;668;85.68;68;;;
37.744933;-1.268949;184;0;0;580;668;85.7;67.98;;;
37.744917;-1.269166;184;0;0;580;668;85.72;67.96;;;
37.744766;-1.269270;184;0;0;580;668;85.74;67.94;;;
37.744588;-1.269302;184;0;0;580;668;85.76;67.92;;;
37.744410;-1.269334;183;0;0;580;668;85.78;67.9;;;
37.744231;-1.269363;183;0;0;580;668;85.8;67.88;28;;
37.744052;-1.269384;183;0;0;580;668;85.82;67.86;;;
37.743873;-1.269405;183;0;0;580;668;85.84;67.84;;;
37.743694;-1.269425;183;0;0;580;668;85.86;67.82;;;
37.743524;-1.269497;183;0;-1;580;668;85.88;67.8;;;
37.743357;-1.269580;183;0;-1;580;668;85.9;67.78;;;
37.743190;-1.269664;183;0;-1;580;668;85.92;67.76;;;
37.743022;-1.269747;183;0;-1;580;668;85.94;67.74;;;
37.742845;-1.269781;182;0;-1;580;668;85.96;67.72;;;
37.742667;-1.269791;182;0;-1;580;668;85.98;67.7;;;
37.742488;-1.269763;182;0;-1;580;668;86;67.68;;;
37.742310;-1.269735;182;0;-1;580;668;86.02;67.66;;;
37.742131;-1.269706;182;0;-1;580;668;86.04;67.64;;;
37.741954;-1.269665;182;0;-1;580;668;86.06;67.62;;;
37.741778;-1.269620;181;0;-1;580;668;86.08;67.6;;;
37.741602;-1.269574;181;0;-1;580;668;86.1;67.58;;;
37.741426;-1.269529;181;0;-1;580;668;86.12;67.56;;;
37.741249;-1.269485;181;0;-1;580;668;86.14;67.54;;;
37.741073;-1.269439;181;0;-1;580;668;86.16;67.52;;;
37.740897;-1.269394;181;0;-1;580;668;86.18;67.5;;;
37.740720;-1.269359;180;0;-1;580;668;86.2;67.48;;;
37.740540;-1.269359;180;0;-1;580;668;86.22;67.46;;;
37.740364;-1.269401;180;0;-1;580;668;86.24;67.44;;;
37.740189;-1.269453;180;0;-1;580;668;86.26;67.42;;;
37.740017;-1.269523;179;0;-1;580;668;86.28;67.4;;;
37.739846;-1.269592;179;0;-1;580;668;86.3;67.38;;;
37.739675;-1.269661;179;0;-1;580;668;86.32;67.36;;;
37.739510;-1.269748;179;0;-1;580;668;86.34;67.34;;;
37.739353;-1.269859;179;0;-1;580;668;86.36;67.32;;;
37.739195;-1.269969;179;0;-1;580;668;86.38;67.3;;;
37.739038;-1.270079;179;0;-1;580;668;86.4;67.28;;;
37.738885;-1.270199;178;0;-1;580;668;86.42;67.26;;;
37.738733;-1.270320;178;0;-1;580;668;86.44;67.24;;;
37.738621;-1.270496;178;0;0;580;668;86.46;67.22;;;
37.738517;-1.270681;178;0;0;580;668;86.48;67.2;;;
37.738412;-1.270865;178;0;0;580;668;86.5;67.18;;;
37.738307;-1.271050;178;0;0;580;668;86.52;67.16;;;
37.738203;-1.271236;178;0;0;580;668;86.54;67.14;;;
37.738098;-1.271421;178;0;0;580;668;86.56;67.12;;;
37.737992;-1.271604;178;0;0;580;668;86.58;67.1;;;
37.737883;-1.271785;178;0;0;580;668;86.6;67.08;;;
37.737774;-1.271966;178;0;0;580;668;86.62;67.06;;;
37.737665;-1.272147;178;0;0;580;668;86.64;67.04;;;
37.737555;-1.272328;178;0;0;580;668;86.66;67.02;;;
37.737447;-1.272509;178;0;0;580;668;86.68;67;;;
37.737338;-1.272690;178;0;0;580;668;86.7;66.98;;;
37.737229;-1.272871;178;0;0;580;668;86.72;66.96;;;
37.737119;-1.273051;178;0;0;580;668;86.74;66.94;;;
37.737011;-1.273232;178;0;0;580;668;86.76;66.92;;;
37.736902;-1.273413;178;0;0;580;668;86.78;66.9;;;
37.736793;-1.273594;178;0;0;580;668;86.8;66.88;;;
37.736684;-1.273775;178;0;0;580;668;86.82;66.86;;;
37.736585;-1.273965;178;0;0;580;668;86.84;66.84;;;
37.736488;-1.274156;178;0;0;580;668;86.86;66.82;;;
37.736390;-1.274347;178;0;0;580;668;86.88;66.8;;;
37.736300;-1.274545;178;0;0;580;668;86.9;66.78;;;
37.736212;-1.274742;178;0;0;580;668;86.92;66.76;;;
37.736123;-1.274940;178;0;0;580;668;86.94;66.74;;;
37.736033;-1.275137;178;0;0;580;668;86.96;66.72;;;
37.735946;-1.275336;178;0;0;580;668;86.98;66.7;;;
37.735864;-1.275539;178;0;0;580;668;87;66.68;;;
37.735781;-1.275741;178;0;0;580;668;87.02;66.66;;;
37.735698;-1.275942;178;0;0;580;668;87.04;66.64;;;
37.735616;-1.276144;178;0;0;580;668;87.06;66.62;;;
37.735534;-1.276347;178;0;0;581;667;87.08;66.6;;;
37.735451;-1.276549;178;0;0;581;667;87.1;66.58;;;
37.735368;-1.276751;178;0;0;581;667;87.12;66.56;;;
37.735292;-1.276956;178;0;0;581;667;87.14;66.54;;;
37.735250;-1.277177;178;0;0;581;667;87.16;66.52;;;
37.735208;-1.277398;178;0;0;581;667;87.18;66.5;;;
37.735167;-1.277619;178;0;0;581;667;87.2;66.48;;;
37.735125;-1.277840;178;0;0;581;667;87.22;66.46;;;
37.735083;-1.278062;178;0;0;581;667;87.24;66.44;;;
37.735041;-1.278283;178;0;0;581;667;87.26;66.42;;;
37.734989;-1.278500;179;0;0;581;667;87.28;66.4;;;
37.734926;-1.278713;179;0;0;581;667;87.3;66.38;29;;
37.734862;-1.278926;179;0;0;581;667;87.32;66.36;;;
37.734812;-1.279144;179;0;0;581;667;87.34;66.34;;;
37.734766;-1.279364;179;0;0;581;667;87.36;66.32;;;
37.734720;-1.279584;179;0;0;581;667;87.38;66.3;;;
37.734673;-1.279803;179;0;0;581;667;87.4;66.28;;;
37.734625;-1.280022;179;0;0;581;667;87.42;66.26;;;
37.734565;-1.280237;179;0;0;582;666;87.44;66.24;;;
37.734505;-1.280451;179;0;0;582;666;87.46;66.22;;;
37.734442;-1.280664;179;0;0;582;666;87.48;66.2;;;
37.734376;-1.280876;179;0;0;582;666;87.5;66.18;;;
37.734309;-1.281087;179;0;0;582;666;87.52;66.16;;;
37.734233;-1.281293;179;0;0;582;666;87.54;66.14;;;
37.734153;-1.281496;179;0;0;582;666;87.56;66.12;;;
37.734067;-1.281696;179;0;0;582;666;87.58;66.1;;;
37.733959;-1.281877;179;0;0;582;666;87.6;66.08;;;
37.733850;-1.282058;179;0;0;582;666;87.62;66.06;;;
37.733734;-1.282231;180;0;0;582;666;87.64;66.04;;;
37.733609;-1.282395;180;0;0;582;666;87.66;66.02;;;
37.733486;-1.282560;180;0;0;582;666;87.68;66;;;
37.733374;-1.282739;180;0;0;582;666;87.7;65.98;;;
37.733276;-1.282929;180;0;0;582;666;87.72;65.96;;;
37.733211;-1.283141;180;0;0;582;666;87.74;65.94;;;
37.733168;-1.283362;180;0;0;582;666;87.76;65.92;;;
37.733125;-1.283583;180;0;0;582;666;87.78;65.9;;;
37.733082;-1.283803;180;0;0;582;666;87.8;65.88;;;
37.733042;-1.284025;180;0;0;582;666;87.82;65.86;;;
37.733005;-1.284248;180;0;0;583;665;87.84;65.84;;;
37.732968;-1.284470;180;0;0;583;665;87.86;65.82;;;
37.732931;-1.284693;180;0;0;583;665;87.88;65.8;;;
37.732895;-1.284916;180;0;0;583;665;87.9;65.78;;;
37.732859;-1.285138;180;0;0;583;665;87.92;65.76;;;
37.732822;-1.285361;180;0;0;583;665;87.94;65.74;;;
37.732786;-1.285584;181;0;0;583;665;87.96;65.72;;;
37.732749;-1.285806;181;0;0;583;665;87.98;65.7;;;
37.732712;-1.286029;181;0;0;583;665;88;65.68;;;
37.732675;-1.286252;181;0;0;583;665;88.02;65.66;;;
37.732639;-1.286474;181;0;0;583;665;88.04;65.64;;;
37.732602;-1.286697;181;0;1;584;664;88.06;65.62;;;
37.732566;-1.286920;181;0;1;584;664;88.08;65.6;;;
37.732529;-1.287142;181;0;1;584;664;88.1;65.58;;;
37.732493;-1.287365;181;0;1;584;664;88.12;65.56;;;
37.732456;-1.287588;182;0;1;584;664;88.14;65.54;;;
37.732442;-1.287814;182;0;1;584;664;88.16;65.52;;;
37.732434;-1.288041;182;0;1;584;664;88.18;65.5;;;
37.732425;-1.288268;182;0;1;585;663;88.2;65.48;;;
37.732416;-1.288495;182;0;1;585;663;88.22;65.46;;;
37.732408;-1.288723;182;0;1;585;663;88.24;65.44;;;
37.732406;-1.288950;182;0;1;585;663;88.26;65.42;;;
37.732403;-1.289177;183;0;1;585;663;88.28;65.4;;;
37.732400;-1.289405;183;0;1;585;663;88.3;65.38;;;
37.732397;-1.289632;183;0;1;585;663;88.32;65.36;;;
37.732394;-1.289860;183;0;1;586;662;88.34;65.34;;;
37.732391;-1.290087;183;0;1;586;662;88.36;65.32;;;
37.732389;-1.290314;183;0;1;586;662;88.38;65.3;;;
37.732386;-1.290542;183;0;1;586;662;88.4;65.28;;;
37.732383;-1.290769;183;0;1;586;662;88.42;65.26;;;
37.732380;-1.290997;183;0;1;586;662;88.44;65.24;;;
37.732377;-1.291224;184;0;1;586;662;88.46;65.22;;;
37.732375;-1.291451;184;0;1;586;662;88.48;65.2;;;
37.732372;-1.291679;184;0;1;586;662;88.5;65.18;;;
37.732369;-1.291906;184;0;1;587;661;88.52;65.16;;;
37.732366;-1.292134;184;0;1;587;661;88.54;65.14;;;
37.732364;-1.292361;184;0;1;587;661;88.56;65.12;;;
37.732360;-1.292588;185;0;1;587;661;88.58;65.1;;;
37.732357;-1.292816;185;0;1;587;661;88.6;65.08;;;
37.732354;-1.293043;185;0;1;587;661;88.62;65.06;;;
37.732352;-1.293271;185;0;1;588;660;88.64;65.04;;;
37.732349;-1.293498;185;0;1;588;660;88.66;65.02;;;
37.732346;-1.293725;185;0;1;588;660;88.68;65;;;
37.732343;-1.293953;185;0;1;588;660;88.7;64.98;;;
37.732340;-1.294180;186;0;1;588;660;88.72;64.96;;;
37.732338;-1.294408;186;0;1;588;660;88.74;64.94;;;
37.732335;-1.294635;186;0;1;588;660;88.76;64.92;;;
37.732333;-1.294862;186;0;1;589;659;88.78;64.9;;;
37.732329;-1.295090;186;0;1;589;659;88.8;64.88;;;
37.732303;-1.295314;186;0;1;589;659;88.82;64.86;;;
37.732274;-1.295539;186;0;1;589;659;88.84;64.84;;;
37.732244;-1.295763;187;0;1;589;659;88.86;64.82;;;
37.732214;-1.295987;187;0;1;589;659;88.88;64.8;;;
37.732185;-1.296212;187;0;1;589;659;88.9;64.78;;;
37.732155;-1.296436;187;0;1;590;658;88.92;64.76;;;
37.732125;-1.296660;187;0;1;590;658;88.94;64.74;;;
37.732096;-1.296885;187;0;1;590;658;88.96;64.72;;;
37.732066;-1.297109;187;0;1;590;658;88.98;64.7;;;
37.732036;-1.297333;187;0;1;590;658;89;64.68;;;
37.731984;-1.297550;188;0;1;590;658;89.02;64.66;;;
37.731924;-1.297764;188;0;1;590;658;89.04;64.64;;;
37.731862;-1.297978;188;0;1;590;658;89.06;64.62;;;
37.731786;-1.298184;188;0;1;590;658;89.08;64.6;;;
37.731710;-1.298390;188;0;1;591;657;89.1;64.58;;;
37.731634;-1.298596;188;0;1;591;657;89.12;64.56;;;
37.731558;-1.298802;188;0;1;591;657;89.14;64.54;;;
37.731482;-1.299008;188;0;1;591;657;89.16;64.52;;;
37.731406;-1.299215;189;0;1;591;657;89.18;64.5;;;
37.731330;-1.299421;189;0;1;591;657;89.2;64.48;;;
37.731254;-1.299627;189;0;1;591;657;89.22;64.46;;;
37.731178;-1.299833;189;0;1;592;656;89.24;64.44;;;
37.731112;-1.300045;189;0;1;592;656;89.26;64.42;;;
37.731046;-1.300256;189;0;1;592;656;89.28;64.4;;;
37.730980;-1.300467;189;0;1;592;656;89.3;64.38;;;
37.730913;-1.300679;189;0;0;592;656;89.32;64.36;;;
37.730847;-1.300890;189;0;0;592;656;89.34;64.34;;;
37.730781;-1.301102;190;0;1;592;656;89.36;64.32;;;
37.730715;-1.301313;190;0;1;592;656;89.38;64.3;;;
37.730645;-1.301523;190;0;1;592;656;89.4;64.28;;;
37.730563;-1.301725;190;0;0;592;656;89.42;64.26;;;
37.730477;-1.301925;190;0;0;593;655;89.44;64.24;;;
37.730383;-1.302119;190;0;0;593;655;89.46;64.22;;;
37.730289;-1.302312;190;0;0;593;655;89.48;64.2;;;
37.730195;-1.302506;190;0;0;593;655;89.5;64.18;;;
37.730101;-1.302700;190;0;0;593;655;89.52;64.16;;;
37.730006;-1.302894;190;0;0;593;655;89.54;64.14;;;
37.729891;-1.303068;190;0;0;593;655;89.56;64.12;;;
37.729769;-1.303235;191;0;0;593;655;89.58;64.1;;;
37.729642;-1.303396;191;0;0;593;655;89.6;64.08;;;
37.729514;-1.303556;191;0;0;593;655;89.62;64.06;;;
37.729387;-1.303717;191;0;0;593;655;89.64;64.04;;;
37.729260;-1.303877;191;0;0;593;655;89.66;64.02;;;
37.729131;-1.304036;191;0;0;593;655;89.68;64;;;
37.728988;-1.304173;191;0;0;594;654;89.7;63.98;;;
37.728843;-1.304309;191;0;0;594;654;89.72;63.96;;;
37.728699;-1.304445;191;0;0;594;654;89.74;63.94;;;
37.728555;-1.304581;191;0;0;594;654;89.76;63.92;;;
37.728411;-1.304717;191;0;0;594;654;89.78;63.9;;;
37.728267;-1.304853;191;0;0;594;654;89.8;63.88;;;
37.728140;-1.305014;191;0;0;594;654;89.82;63.86;;;
37.728018;-1.305181;191;0;0;594;654;89.84;63.84;;;
37.727896;-1.305347;192;0;0;594;654;89.86;63.82;;;
37.727773;-1.305513;192;0;0;594;654;89.88;63.8;;;
37.727679;-1.305705;192;0;0;594;654;89.9;63.78;;;
37.727597;-1.305908;192;0;0;594;654;89.92;63.76;;;
37.727514;-1.306110;192;0;0;594;654;89.94;63.74;;;
37.727431;-1.306311;192;0;0;594;654;89.96;63.72;;;
37.727343;-1.306509;192;0;0;594;654;89.98;63.7;;;
37.727245;-1.306700;192;0;0;594;654;90;63.68;;;
37.727147;-1.306890;192;0;0;594;654;90.02;63.66;;;
37.727048;-1.307081;192;0;0;594;654;90.04;63.64;;;
37.726939;-1.307262;192;0;0;595;653;90.06;63.62;;;
37.726830;-1.307442;192;0;0;595;653;90.08;63.6;;;
37.726721;-1.307623;192;0;0;595;653;90.1;63.58;;;
37.726611;-1.307803;192;0;0;595;653;90.12;63.56;;;
37.726502;-1.307984;192;0;1;595;653;90.14;63.54;;;
37.726393;-1.308165;192;0;1;595;653;90.16;63.52;;;
37.726283;-1.308345;193;0;1;595;653;90.18;63.5;;;
37.726150;-1.308497;193;0;1;595;653;90.2;63.48;;;
37.725986;-1.308585;193;0;1;595;653;90.22;63.46;;;
37.725811;-1.308638;193;0;1;596;652;90.24;63.44;;;
37.725634;-1.308670;193;0;1;596;652;90.26;63.42;;;
37.725454;-1.308673;193;0;1;596;652;90.28;63.4;;;
37.725274;-1.308676;193;0;1;596;652;90.3;63.38;;;
37.725095;-1.308688;194;0;1;596;652;90.32;63.36;;;
37.724928;-1.308767;194;0;1;596;652;90.34;63.34;;;
37.724781;-1.308898;194;0;1;596;652;90.36;63.32;;;
37.724683;-1.309086;194;0;1;596;652;90.38;63.3;;;
37.724588;-1.309279;194;0;1;597;651;90.4;63.28;;;
37.724492;-1.309472;194;0;1;597;651;90.42;63.26;;;
37.724398;-1.309666;194;0;1;597;651;90.44;63.24;;;
37.724303;-1.309859;194;0;1;597;651;90.46;63.22;;;
37.724208;-1.310052;195;0;1;597;651;90.48;63.2;;;
37.724106;-1.310239;195;0;1;597;651;90.5;63.18;;;
37.723980;-1.310401;195;0;1;598;650;90.52;63.16;;;
37.723851;-1.310559;195;0;1;598;650;90.54;63.14;;;
37.723721;-1.310716;195;0;1;598;650;90.56;63.12;;;
37.723591;-1.310874;196;0;1;598;650;90.58;63.1;;;
37.723461;-1.311031;196;0;1;598;650;90.6;63.08;;;
37.723335;-1.311193;196;0;1;599;649;90.62;63.06;;;
37.723213;-1.311360;196;0;1;599;649;90.64;63.04;;;
37.723090;-1.311526;196;0;1;599;649;90.66;63.02;;;
37.722963;-1.311687;197;0;1;599;649;90.68;63;;;
37.722836;-1.311848;197;0;1;599;649;90.7;62.98;;;
37.722709;-1.312009;197;0;1;600;648;90.72;62.96;;;
37.722582;-1.312170;197;0;1;600;648;90.74;62.94;;;
37.722455;-1.312331;198;0;1;600;648;90.76;62.92;;;
37.722328;-1.312493;198;0;1;600;648;90.78;62.9;;;
37.722201;-1.312654;198;0;1;600;648;90.8;62.88;;;
37.722074;-1.312814;198;0;1;601;647;90.82;62.86;;;
37.721959;-1.312988;198;0;1;601;647;90.84;62.84;;;
37.721863;-1.313180;198;0;1;601;647;90.86;62.82;;;
37.721767;-1.313372;199;0;1;601;647;90.88;62.8;;;
37.721670;-1.313563;199;0;1;601;647;90.9;62.78;;;
37.721573;-1.313755;199;0;1;602;646;90.92;62.76;;;
37.721477;-1.313947;199;0;1;602;646;90.94;62.74;;;
37.721380;-1.314139;199;0;1;602;646;90.96;62.72;;;
37.721284;-1.314331;200;0;1;602;646;90.98;62.7;;;
37.721188;-1.314523;200;0;1;602;646;91;62.68;;;
37.721091;-1.314715;200;0;1;603;645;91.02;62.66;;;
37.720995;-1.314907;200;0;1;603;645;91.04;62.64;;;
37.720899;-1.315099;200;0;1;603;645;91.06;62.62;;;
37.720802;-1.315291;201;0;1;603;645;91.08;62.6;;;
37.720706;-1.315483;201;0;1;603;645;91.1;62.58;;;
37.720609;-1.315675;201;0;1;604;644;91.12;62.56;;;
37.720512;-1.315866;201;0;1;604;644;91.14;62.54;;;
37.720416;-1.316058;201;0;1;604;644;91.16;62.52;;;
37.720320;-1.316250;202;0;1;604;644;91.18;62.5;;;
37.720223;-1.316442;202;0;1;605;643;91.2;62.48;;;
37.720127;-1.316634;202;0;1;605;643;91.22;62.46;;;
37.720047;-1.316837;203;0;1;605;643;91.24;62.44;;;
37.719977;-1.317047;203;0;1;605;643;91.26;62.42;;;
37.719908;-1.317257;203;0;1;606;642;91.28;62.4;;;
37.719839;-1.317466;203;0;1;606;642;91.3;62.38;;;
37.719769;-1.317676;204;0;1;606;642;91.32;62.36;;;
37.719700;-1.317886;204;0;1;606;642;91.34;62.34;;;
37.719631;-1.318096;204;0;1;607;641;91.36;62.32;;;
37.719561;-1.318306;204;0;1;607;641;91.38;62.3;;;
37.719492;-1.318515;205;0;1;607;641;91.4;62.28;;;
37.719422;-1.318725;205;0;2;608;640;91.42;62.26;;;
37.719353;-1.318935;205;0;2;608;640;91.44;62.24;;;
37.719284;-1.319145;206;0;2;608;640;91.46;62.22;;;
37.719214;-1.319355;206;0;2;608;640;91.48;62.2;;;
37.719145;-1.319564;206;0;2;609;639;91.5;62.18;;;
37.719075;-1.319774;207;0;2;609;639;91.52;62.16;;;
37.719006;-1.319984;207;0;1;609;639;91.54;62.14;;;
37.718937;-1.320194;207;0;1;610;638;91.56;62.12;;;
37.718867;-1.320404;207;0;2;610;638;91.58;62.1;;;
37.718780;-1.320600;208;0;1;610;638;91.6;62.08;;;
37.718671;-1.320782;208;0;1;610;638;91.62;62.06;;;
37.718541;-1.320937;208;0;1;611;637;91.64;62.04;;;
37.718405;-1.321086;209;0;2;611;637;91.66;62.02;;;
37.718269;-1.321234;209;0;2;611;637;91.68;62;;;
37.718133;-1.321383;209;0;2;612;636;91.7;61.98;;;
37.717992;-1.321524;210;0;2;612;636;91.72;61.96;;;
37.717849;-1.321662;210;0;2;612;636;91.74;61.94;;;
37.717706;-1.321800;210;0;2;613;635;91.76;61.92;;;
37.717563;-1.321938;210;0;2;613;635;91.78;61.9;;;
37.717421;-1.322077;211;0;1;613;635;91.8;61.88;;;
37.717278;-1.322216;211;0;1;614;634;91.82;61.86;;;
37.717135;-1.322353;211;0;1;614;634;91.84;61.84;;;
37.716992;-1.322491;212;0;1;614;634;91.86;61.82;;;
37.716850;-1.322630;212;0;1;614;634;91.88;61.8;;;
37.716707;-1.322769;212;0;1;615;633;91.9;61.78;;;
37.716564;-1.322907;212;0;1;615;633;91.92;61.76;;;
37.716418;-1.323040;213;0;1;615;633;91.94;61.74;;;
37.716269;-1.323167;213;0;1;615;633;91.96;61.72;;;
37.716119;-1.323293;213;0;1;616;632;91.98;61.7;;;
37.715970;-1.323420;213;0;1;616;632;92;61.68;;;
37.715821;-1.323547;213;0;1;616;632;92.02;61.66;;;
37.715672;-1.323674;214;0;1;616;632;92.04;61.64;;;
37.715522;-1.323801;214;0;1;617;631;92.06;61.62;;;
37.715373;-1.323927;214;0;1;617;631;92.08;61.6;;;
37.715224;-1.324054;214;0;1;617;631;92.1;61.58;;;
37.715075;-1.324181;214;0;1;617;631;92.12;61.56;;;
37.714925;-1.324308;215;0;1;617;631;92.14;61.54;;;
37.714776;-1.324435;215;0;1;617;631;92.16;61.52;;;
37.714627;-1.324561;215;0;0;617;631;92.18;61.5;;;
37.714477;-1.324688;215;0;0;617;631;92.2;61.48;;;
37.714328;-1.324815;215;0;0;617;631;92.22;61.46;;;
37.714179;-1.324942;215;0;0;618;630;92.24;61.44;;;
37.714029;-1.325069;215;0;0;618;630;92.26;61.42;;;
37.713880;-1.325196;215;0;0;618;630;92.28;61.4;;;
37.713731;-1.325323;215;0;0;618;630;92.3;61.38;;;
37.713582;-1.325450;215;0;0;618;630;92.32;61.36;;;
37.713432;-1.325576;215;0;0;618;630;92.34;61.34;;;
37.713284;-1.325704;215;0;0;618;630;92.36;61.32;;;
37.713141;-1.325842;215;0;0;618;630;92.38;61.3;;;
37.713009;-1.325994;215;0;0;618;630;92.4;61.28;;;
37.712911;-1.326183;215;0;0;618;630;92.42;61.26;;;
37.712845;-1.326395;215;0;0;618;630;92.44;61.24;;;
37.712778;-1.326606;215;0;0;618;630;92.46;61.22;;;
37.712711;-1.326817;215;0;0;618;630;92.48;61.2;;;
37.712645;-1.327028;215;0;-1;618;630;92.5;61.18;;;
37.712578;-1.327239;215;0;-1;618;630;92.52;61.16;;;
37.712511;-1.327450;215;0;-1;618;630;92.54;61.14;;;
37.712465;-1.327669;214;0;-1;618;630;92.56;61.12;;;
37.712429;-1.327892;214;0;-1;618;630;92.58;61.1;;;
37.712395;-1.328115;214;0;-1;618;630;92.6;61.08;;;
37.712373;-1.328341;214;0;-1;618;630;92.62;61.06;;;
37.712351;-1.328567;213;0;-1;618;630;92.64;61.04;;;
37.712328;-1.328792;213;0;-1;618;630;92.66;61.02;;;
37.712270;-1.329007;213;0;-1;618;630;92.68;61;;;
37.712212;-1.329222;213;0;-2;618;630;92.7;60.98;;;
37.712149;-1.329435;212;0;-2;618;630;92.72;60.96;;;
37.712075;-1.329643;212;0;-2;618;630;92.74;60.94;;;
37.712001;-1.329849;212;0;-2;618;630;92.76;60.92;;;
37.711926;-1.330056;211;0;-2;618;630;92.78;60.9;;;
37.711852;-1.330263;211;0;-2;618;630;92.8;60.88;;;
37.711778;-1.330470;210;0;-2;618;630;92.82;60.86;;;
37.711703;-1.330677;210;0;-2;618;630;92.84;60.84;;;
37.711628;-1.330884;210;0;-2;618;630;92.86;60.82;;;
37.711547;-1.331087;209;0;-2;618;630;92.88;60.8;;;
37.711465;-1.331289;209;0;-2;618;630;92.9;60.78;;;
37.711383;-1.331491;208;0;-2;618;630;92.92;60.76;;;
37.711300;-1.331693;208;0;-2;618;630;92.94;60.74;;;
37.711219;-1.331896;207;0;-2;618;630;92.96;60.72;;;
37.711136;-1.332098;207;0;-2;618;630;92.98;60.7;;;
37.711054;-1.332300;206;0;-2;618;630;93;60.68;;;
37.710970;-1.332501;206;0;-2;618;630;93.02;60.66;;;
37.710885;-1.332702;206;0;-2;618;630;93.04;60.64;;;
37.710800;-1.332902;205;0;-2;618;630;93.06;60.62;;;
37.710714;-1.333102;205;0;-2;618;630;93.08;60.6;;;
37.710629;-1.333302;205;0;-2;618;630;93.1;60.58;;;
37.710544;-1.333503;204;0;-2;618;630;93.12;60.56;;;
37.710459;-1.333703;204;0;-2;618;630;93.14;60.54;;;
37.710374;-1.333903;203;0;-2;618;630;93.16;60.52;;;
37.710288;-1.334103;203;0;-2;618;630;93.18;60.5;;;
37.710203;-1.334303;203;0;-2;618;630;93.2;60.48;;;
37.710118;-1.334504;202;0;-2;618;630;93.22;60.46;;;
37.710033;-1.334704;202;0;-2;618;630;93.24;60.44;;;
37.709947;-1.334904;201;0;-2;618;630;93.26;60.42;;;
37.709862;-1.335104;201;0;-2;618;630;93.28;60.4;;;
37.709777;-1.335305;201;0;-2;618;630;93.3;60.38;;;
37.709692;-1.335505;201;0;-2;618;630;93.32;60.36;;;
37.709606;-1.335705;200;0;-2;618;630;93.34;60.34;;;
37.709532;-1.335911;200;0;-2;618;630;93.36;60.32;;;
37.709480;-1.336128;199;0;-2;618;630;93.38;60.3;;;
37.709440;-1.336348;199;0;-1;618;630;93.4;60.28;;;
37.709443;-1.336575;199;0;-1;618;630;93.42;60.26;;;
37.709446;-1.336803;199;0;-1;618;630;93.44;60.24;;;
37.709449;-1.337030;198;0;-1;618;630;93.46;60.22;;;
37.709452;-1.337257;198;0;-1;618;630;93.48;60.2;;;
37.709455;-1.337485;198;0;-1;618;630;93.5;60.18;;;
37.709458;-1.337712;198;0;-1;618;630;93.52;60.16;;;
37.709448;-1.337939;198;0;-1;618;630;93.54;60.14;;;
37.709428;-1.338165;197;0;-1;618;630;93.56;60.12;;;
37.709397;-1.338388;197;0;-1;618;630;93.58;60.1;;;
37.709366;-1.338612;197;0;-1;618;630;93.6;60.08;;;
37.709334;-1.338836;197;0;-1;618;630;93.62;60.06;;;
37.709302;-1.339060;196;0;-1;618;630;93.64;60.04;;;
37.709255;-1.339279;196;0;-1;618;630;93.66;60.02;;;
37.709184;-1.339486;196;0;-1;618;630;93.68;60;;;
37.709086;-1.339676;196;0;-1;618;630;93.7;59.98;;;
37.708976;-1.339856;196;0;-1;618;630;93.72;59.96;;;
37.708864;-1.340034;195;0;-1;618;630;93.74;59.94;;;
37.708752;-1.340212;195;0;-1;618;630;93.76;59.92;;;
37.708640;-1.340390;195;0;-1;618;630;93.78;59.9;;;
37.708537;-1.340576;195;0;-1;618;630;93.8;59.88;;;
37.708454;-1.340777;195;0;-1;618;630;93.82;59.86;;;
37.708412;-1.340997;194;0;-1;618;630;93.84;59.84;;;
37.708406;-1.341222;194;0;-1;618;630;93.86;59.82;;;
37.708415;-1.341449;194;0;-1;618;630;93.88;59.8;;;
37.708435;-1.341675;194;0;-1;618;630;93.9;59.78;;;
37.708462;-1.341900;194;0;-1;618;630;93.92;59.76;;;
37.708489;-1.342125;194;0;0;618;630;93.94;59.74;;;
37.708515;-1.342350;194;0;0;618;630;93.96;59.72;;;
37.708542;-1.342574;194;0;0;618;630;93.98;59.7;;;
37.708568;-1.342799;194;0;0;618;630;94;59.68;;;
37.708595;-1.343024;194;0;0;618;630;94.02;59.66;;;
37.708621;-1.343249;193;0;0;618;630;94.04;59.64;;;
37.708648;-1.343474;193;0;0;618;630;94.06;59.62;;;
37.708675;-1.343699;193;0;0;618;630;94.08;59.6;;;
37.708701;-1.343923;193;0;0;618;630;94.1;59.58;;;
37.708728;-1.344148;193;0;0;618;630;94.12;59.56;;;
37.708754;-1.344373;193;0;0;618;630;94.14;59.54;;;
37.708781;-1.344598;193;0;0;618;630;94.16;59.52;;;
37.708808;-1.344823;193;0;0;618;630;94.18;59.5;;;
37.708834;-1.345048;193;0;0;618;630;94.2;59.48;;;
37.708860;-1.345273;193;0;0;618;630;94.22;59.46;;;
37.708883;-1.345498;193;0;0;618;630;94.24;59.44;;;
37.708906;-1.345724;193;0;0;618;630;94.26;59.42;;;
37.708928;-1.345949;193;0;0;618;630;94.28;59.4;;;
37.708939;-1.346176;193;0;0;618;630;94.3;59.38;;;
37.708918;-1.346401;193;0;0;618;630;94.32;59.36;;;
37.708842;-1.346607;193;0;0;618;630;94.34;59.34;;;
37.708760;-1.346809;192;0;0;618;630;94.36;59.32;;;
37.708674;-1.347009;192;0;0;618;630;94.38;59.3;;;
37.708589;-1.347210;192;0;0;618;630;94.4;59.28;;;
37.708504;-1.347410;192;0;0;618;630;94.42;59.26;;;
37.708419;-1.347610;192;0;0;618;630;94.44;59.24;;;
37.708334;-1.347810;192;0;-1;618;630;94.46;59.22;;;
37.708264;-1.348018;192;0;-1;618;630;94.48;59.2;;;
37.708224;-1.348240;192;0;-1;618;630;94.5;59.18;;;
37.708183;-1.348461;192;0;-1;618;630;94.52;59.16;;;
37.708142;-1.348682;192;0;-1;618;630;94.54;59.14;;;
37.708101;-1.348904;191;0;-1;618;630;94.56;59.12;;;
37.708060;-1.349125;191;0;-1;618;630;94.58;59.1;;;
37.708019;-1.349347;191;0;-1;618;630;94.6;59.08;;;
37.707965;-1.349563;191;0;-1;618;630;94.62;59.06;;;
37.707894;-1.349772;191;0;-1;618;630;94.64;59.04;;;
37.707815;-1.349976;191;0;-1;618;630;94.66;59.02;;;
37.707736;-1.350180;191;0;-1;618;630;94.68;59;;;
37.707657;-1.350384;191;0;-1;618;630;94.7;58.98;;;
37.707578;-1.350589;190;0;-1;618;630;94.72;58.96;;;
37.707499;-1.350793;190;0;-1;618;630;94.74;58.94;;;
37.707456;-1.351013;190;0;-1;618;630;94.76;58.92;;;
37.707419;-1.351235;189;0;-1;618;630;94.78;58.9;;;
37.707429;-1.351462;189;0;-1;618;630;94.8;58.88;;;
37.707438;-1.351689;189;0;-2;618;630;94.82;58.86;;;
37.707447;-1.351916;189;0;-2;618;630;94.84;58.84;;;
37.707456;-1.352143;189;0;-2;618;630;94.86;58.82;;;
37.707460;-1.352371;188;0;-2;618;630;94.88;58.8;;;
37.707432;-1.352591;187;0;-2;618;630;94.9;58.78;;;
37.707424;-1.352813;187;0;-2;618;630;94.92;58.76;;;
37.707484;-1.353026;186;0;-2;618;630;94.94;58.74;;;
37.707492;-1.353253;186;0;-2;618;630;94.96;58.72;;;
37.707499;-1.353480;186;0;-2;618;630;94.98;58.7;;;
37.707505;-1.353707;185;0;-1;618;630;95;58.68;;;
37.707514;-1.353935;185;0;-1;618;630;95.02;58.66;;;
37.707526;-1.354161;185;0;-2;618;630;95.04;58.64;;;
37.707537;-1.354388;185;0;-2;618;630;95.06;58.62;;;
37.707580;-1.354607;184;0;-2;618;630;95.08;58.6;;;
37.707666;-1.354802;184;0;-2;618;630;95.1;58.58;;;
37.707705;-1.355013;183;0;-2;618;630;95.12;58.56;;;
37.707655;-1.355230;183;0;-2;618;630;95.14;58.54;;;
37.707655;-1.355453;182;0;-2;618;630;95.16;58.52;;;
37.707800;-1.355566;182;0;-2;618;630;95.18;58.5;;;
37.707977;-1.355607;181;0;-2;618;630;95.2;58.48;30;;
37.708154;-1.355648;181;0;-1;618;630;95.22;58.46;;;
37.708304;-1.355764;181;0;-1;618;630;95.24;58.44;;;
37.708436;-1.355919;181;0;-1;618;630;95.26;58.42;;;
37.708543;-1.356100;181;0;-1;618;630;95.28;58.4;;;
37.708643;-1.356289;181;0;-1;618;630;95.3;58.38;;;
37.708742;-1.356479;180;0;-1;618;630;95.32;58.36;;;
37.708841;-1.356669;180;0;-1;618;630;95.34;58.34;;;
37.708933;-1.356863;180;0;-1;618;630;95.36;58.32;;;
37.708996;-1.357076;180;0;-1;618;630;95.38;58.3;;;
37.709036;-1.357298;180;0;-1;618;630;95.4;58.28;;;
37.709074;-1.357520;180;0;-1;618;630;95.42;58.26;;;
37.709111;-1.357742;179;0;-1;618;630;95.44;58.24;;;
37.709148;-1.357965;179;0;-1;618;630;95.46;58.22;;;
37.709185;-1.358187;179;0;0;618;630;95.48;58.2;;;
37.709223;-1.358409;179;0;0;618;630;95.5;58.18;;;
37.709261;-1.358632;179;0;0;618;630;95.52;58.16;;;
37.709298;-1.358854;179;0;0;618;630;95.54;58.14;;;
37.709335;-1.359076;179;0;0;618;630;95.56;58.12;;;
37.709373;-1.359299;179;0;0;618;630;95.58;58.1;;;
37.709411;-1.359521;179;0;0;618;630;95.6;58.08;;;
37.709448;-1.359743;179;0;0;618;630;95.62;58.06;;;
37.709485;-1.359966;179;0;0;618;630;95.64;58.04;;;
37.709522;-1.360188;179;0;0;618;630;95.66;58.02;;;
37.709560;-1.360411;179;0;0;618;630;95.68;58;;;
37.709598;-1.360633;179;0;0;618;630;95.7;57.98;;;
37.709635;-1.360855;179;0;0;618;630;95.72;57.96;;;
37.709672;-1.361078;179;0;0;618;630;95.74;57.94;;;
37.709710;-1.361300;179;0;0;618;630;95.76;57.92;;;
37.709748;-1.361522;179;0;0;618;630;95.78;57.9;;;
37.709785;-1.361745;179;0;1;618;630;95.8;57.88;;;
37.709822;-1.361967;179;0;1;618;630;95.82;57.86;;;
37.709879;-1.362182;179;0;1;618;630;95.84;57.84;;;
37.709951;-1.362390;179;0;1;618;630;95.86;57.82;;;
37.710026;-1.362597;180;0;1;619;629;95.88;57.8;;;
37.710104;-1.362802;180;0;1;619;629;95.9;57.78;;;
37.710181;-1.363007;180;0;1;619;629;95.92;57.76;;;
37.710258;-1.363212;180;0;1;619;629;95.94;57.74;;;
37.710335;-1.363418;180;0;1;619;629;95.96;57.72;;;
37.710413;-1.363623;180;0;1;620;628;95.98;57.7;;;
37.710490;-1.363828;181;0;1;620;628;96;57.68;;;
37.710567;-1.364034;181;0;1;620;628;96.02;57.66;;;
37.710645;-1.364239;181;0;1;620;628;96.04;57.64;;;
37.710722;-1.364444;182;0;1;621;627;96.06;57.62;;;
37.710799;-1.364649;182;0;1;621;627;96.08;57.6;;;
37.710877;-1.364855;182;0;1;621;627;96.1;57.58;;;
37.710954;-1.365060;182;0;1;621;627;96.12;57.56;;;
37.711032;-1.365265;183;0;1;622;626;96.14;57.54;;;
37.711109;-1.365470;183;0;1;622;626;96.16;57.52;;;
37.711186;-1.365676;183;0;1;622;626;96.18;57.5;;;
37.711263;-1.365881;184;0;1;623;625;96.2;57.48;;;
37.711344;-1.366084;184;0;1;623;625;96.22;57.46;;;
37.711427;-1.366286;184;0;1;623;625;96.24;57.44;;;
37.711509;-1.366488;184;0;1;623;625;96.26;57.42;;;
37.711591;-1.366691;185;0;1;624;624;96.28;57.4;;;
37.711673;-1.366893;185;0;1;624;624;96.3;57.38;;;
37.711756;-1.367095;185;0;1;624;624;96.32;57.36;;;
37.711838;-1.367297;185;0;1;624;624;96.34;57.34;;;
37.711921;-1.367499;185;0;1;624;624;96.36;57.32;;;
37.712003;-1.367701;185;0;1;625;623;96.38;57.3;;;
37.712085;-1.367903;186;0;1;625;623;96.4;57.28;;;
37.712163;-1.368108;186;0;1;625;623;96.42;57.26;;;
37.712222;-1.368322;186;0;1;625;623;96.44;57.24;;;
37.712279;-1.368538;187;0;1;626;622;96.46;57.22;;;
37.712288;-1.368765;187;0;1;626;622;96.48;57.2;;;
37.712268;-1.368991;187;0;1;626;622;96.5;57.18;;;
37.712248;-1.369217;187;0;1;626;622;96.52;57.16;;;
37.712229;-1.369443;188;0;1;627;621;96.54;57.14;;;
37.712208;-1.369668;188;0;1;627;621;96.56;57.12;;;
37.712188;-1.369894;188;0;1;627;621;96.58;57.1;;;
37.712169;-1.370120;188;0;1;627;621;96.6;57.08;;;
37.712149;-1.370346;189;0;1;628;620;96.62;57.06;;;
37.712129;-1.370572;189;0;1;628;620;96.64;57.04;;;
37.712108;-1.370798;189;0;1;628;620;96.66;57.02;;;
37.712087;-1.371024;189;0;1;628;620;96.68;57;;;
37.712065;-1.371250;189;0;1;628;620;96.7;56.98;;;
37.712044;-1.371475;189;0;1;628;620;96.72;56.96;;;
37.712023;-1.371701;189;0;0;628;620;96.74;56.94;;;
37.712002;-1.371927;189;0;0;628;620;96.76;56.92;;;
37.711980;-1.372153;190;0;0;629;619;96.78;56.9;;;
37.711958;-1.372378;190;0;0;629;619;96.8;56.88;;;
37.711924;-1.372602;190;0;0;629;619;96.82;56.86;;;
37.711890;-1.372825;190;0;0;629;619;96.84;56.84;;;
37.711856;-1.373048;189;0;0;629;619;96.86;56.82;;;
37.711817;-1.373270;189;0;-1;629;619;96.88;56.8;;;
37.711773;-1.373490;189;0;-1;629;619;96.9;56.78;;;
37.711728;-1.373711;189;0;-1;629;619;96.92;56.76;;;
37.711683;-1.373931;189;0;-1;629;619;96.94;56.74;;;
37.711638;-1.374151;189;0;-1;629;619;96.96;56.72;;;
37.711593;-1.374371;188;0;-1;629;619;96.98;56.7;;;
37.711549;-1.374592;188;0;-1;629;619;97;56.68;;;
37.711505;-1.374812;188;0;-1;629;619;97.02;56.66;;;
37.711460;-1.375032;188;0;-1;629;619;97.04;56.64;;;
37.711415;-1.375252;188;0;-1;629;619;97.06;56.62;;;
37.711371;-1.375473;188;0;-1;629;619;97.08;56.6;;;
37.711327;-1.375693;187;0;-1;629;619;97.1;56.58;;;
37.711282;-1.375913;187;0;-1;629;619;97.12;56.56;;;
37.711238;-1.376134;187;0;-1;629;619;97.14;56.54;;;
37.711193;-1.376354;187;0;-1;629;619;97.16;56.52;;;
37.711148;-1.376574;186;0;-1;629;619;97.18;56.5;;;
37.711104;-1.376794;186;0;-1;629;619;97.2;56.48;;;
37.711060;-1.377015;186;0;-1;629;619;97.22;56.46;;;
37.711015;-1.377235;186;0;-1;629;619;97.24;56.44;;;
37.710970;-1.377455;185;0;-1;629;619;97.26;56.42;;;
37.710926;-1.377676;185;0;-1;629;619;97.28;56.4;;;
37.710882;-1.377896;185;0;-1;629;619;97.3;56.38;;;
37.710838;-1.378116;184;0;-1;629;619;97.32;56.36;;;
37.710793;-1.378336;184;0;-1;629;619;97.34;56.34;;;
37.710748;-1.378557;184;0;-1;629;619;97.36;56.32;;;
37.710703;-1.378777;184;0;-1;629;619;97.38;56.3;;;
37.710659;-1.378997;183;0;-1;629;619;97.4;56.28;;;
37.710615;-1.379218;183;0;-1;629;619;97.42;56.26;;;
37.710570;-1.379438;183;0;-1;629;619;97.44;56.24;;;
37.710525;-1.379658;183;0;-1;629;619;97.46;56.22;;;
37.710481;-1.379878;182;0;-1;629;619;97.48;56.2;;;
37.710437;-1.380099;182;0;-1;629;619;97.5;56.18;;;
37.710393;-1.380319;182;0;-1;629;619;97.52;56.16;;;
37.710348;-1.380539;182;0;-1;629;619;97.54;56.14;;;
37.710316;-1.380762;182;0;-1;629;619;97.56;56.12;;;
37.710309;-1.380989;181;0;-1;629;619;97.58;56.1;;;
37.710302;-1.381216;181;0;-1;629;619;97.6;56.08;;;
37.710295;-1.381444;181;0;-1;629;619;97.62;56.06;;;
37.710288;-1.381671;181;0;-1;629;619;97.64;56.04;;;
37.710281;-1.381898;181;0;-1;629;619;97.66;56.02;;;
37.710274;-1.382125;180;0;-1;629;619;97.68;56;;;
37.710267;-1.382352;180;0;-1;629;619;97.7;55.98;;;
37.710260;-1.382579;180;0;-1;629;619;97.72;55.96;;;
37.710253;-1.382807;180;0;0;629;619;97.74;55.94;;;
37.710246;-1.383034;180;0;0;629;619;97.76;55.92;;;
37.710239;-1.383261;180;0;0;629;619;97.78;55.9;;;
37.710231;-1.383488;180;0;0;629;619;97.8;55.88;;;
37.710224;-1.383715;180;0;0;629;619;97.82;55.86;;;
37.710217;-1.383943;180;0;1;629;619;97.84;55.84;;;
37.710210;-1.384170;180;0;1;629;619;97.86;55.82;;;
37.710203;-1.384397;181;0;1;629;619;97.88;55.8;;;
37.710199;-1.384624;181;0;1;629;619;97.9;55.78;;;
37.710199;-1.384852;181;0;1;630;618;97.92;55.76;;;
37.710213;-1.385078;181;0;1;630;618;97.94;55.74;;;
37.710256;-1.385297;182;0;2;630;618;97.96;55.72;;;
37.710319;-1.385510;182;0;2;631;617;97.98;55.7;;;
37.710382;-1.385723;182;0;2;631;617;98;55.68;;;
37.710444;-1.385936;183;0;2;631;617;98.02;55.66;;;
37.710508;-1.386149;183;0;2;632;616;98.04;55.64;;;
37.710571;-1.386362;184;0;3;632;616;98.06;55.62;;;
37.710633;-1.386575;184;0;3;633;615;98.08;55.6;;;
37.710696;-1.386788;185;0;3;634;614;98.1;55.58;;;
37.710759;-1.387001;186;0;3;634;614;98.12;55.56;;;
37.710822;-1.387214;186;0;4;635;613;98.14;55.54;;;
37.710885;-1.387427;187;0;4;636;612;98.16;55.52;;;
37.710937;-1.387643;188;0;4;636;612;98.18;55.5;;;
37.710966;-1.387868;189;0;4;637;611;98.2;55.48;;;
37.710959;-1.388095;190;0;4;638;610;98.22;55.46;;;
37.710923;-1.388317;190;0;4;639;609;98.24;55.44;;;
37.710886;-1.388540;191;0;4;639;609;98.26;55.42;;;
37.710849;-1.388762;192;0;4;640;608;98.28;55.4;;;
37.710812;-1.388985;192;0;4;641;607;98.3;55.38;;;
37.710776;-1.389207;193;0;4;642;606;98.32;55.36;;;
37.710754;-1.389433;194;0;4;643;605;98.34;55.34;;;
37.710757;-1.389660;195;0;4;643;605;98.36;55.32;;;
37.710768;-1.389887;196;0;4;644;604;98.38;55.3;;;
37.710779;-1.390114;197;0;5;645;603;98.4;55.28;;;
37.710789;-1.390341;197;0;5;646;602;98.42;55.26;;;
37.710800;-1.390568;198;0;5;647;601;98.44;55.24;;;
37.710811;-1.390794;199;0;5;648;600;98.46;55.22;;;
37.710822;-1.391021;200;0;5;649;599;98.48;55.2;;;
37.710832;-1.391248;201;0;5;650;598;98.5;55.18;;;
37.710837;-1.391475;202;0;5;651;597;98.52;55.16;;;
37.710830;-1.391703;203;0;5;652;596;98.54;55.14;;;
37.710796;-1.391926;204;0;5;653;595;98.56;55.12;;;
37.710760;-1.392148;205;0;5;654;594;98.58;55.1;;;
37.710723;-1.392371;206;0;5;655;593;98.6;55.08;;;
37.710687;-1.392594;207;0;5;655;593;98.62;55.06;;;
37.710653;-1.392817;208;0;5;657;591;98.64;55.04;;;
37.710649;-1.393042;209;0;5;658;590;98.66;55.02;;;
37.710666;-1.393269;210;0;5;659;589;98.68;55;;;
37.710683;-1.393495;211;0;5;660;588;98.7;54.98;31;;
37.710699;-1.393721;212;0;4;661;587;98.72;54.96;;;
37.710704;-1.393948;213;0;4;661;587;98.74;54.94;;;
37.710692;-1.394175;213;0;4;662;586;98.76;54.92;;;
37.710680;-1.394402;214;0;4;663;585;98.78;54.9;;;
37.710673;-1.394628;215;0;4;664;584;98.8;54.88;;;
37.710705;-1.394852;216;0;4;665;583;98.82;54.86;;;
37.710778;-1.395058;217;0;4;665;583;98.84;54.84;;;
37.710857;-1.395263;218;0;4;666;582;98.86;54.82;;;
37.710936;-1.395467;218;0;4;667;581;98.88;54.8;;;
37.711015;-1.395672;219;0;3;668;580;98.9;54.78;;;
37.711054;-1.395892;220;0;3;668;580;98.92;54.76;;;
37.711083;-1.396116;220;0;3;669;579;98.94;54.74;;;
37.711112;-1.396341;221;0;3;669;579;98.96;54.72;;;
37.711142;-1.396565;221;0;3;670;578;98.98;54.7;;;
37.711171;-1.396789;222;0;3;671;577;99;54.68;;;
37.711198;-1.397014;223;0;3;671;577;99.02;54.66;;;
37.711222;-1.397239;223;0;2;672;576;99.04;54.64;;;
37.711247;-1.397465;224;0;2;672;576;99.06;54.62;;;
37.711271;-1.397690;224;0;2;673;575;99.08;54.6;;;
37.711296;-1.397915;224;0;2;673;575;99.1;54.58;;;
37.711320;-1.398140;225;0;2;673;575;99.12;54.56;;;
37.711346;-1.398365;225;0;2;674;574;99.14;54.54;;;
37.711374;-1.398590;226;0;2;674;574;99.16;54.52;;;
37.711401;-1.398815;226;0;2;674;574;99.18;54.5;;;
37.711429;-1.399039;226;0;2;675;573;99.2;54.48;;;
37.711457;-1.399264;226;0;2;675;573;99.22;54.46;;;
37.711484;-1.399489;227;0;2;675;573;99.24;54.44;;;
37.711538;-1.399702;227;0;2;676;572;99.26;54.42;;;
37.711622;-1.399904;228;0;2;676;572;99.28;54.4;;;
37.711721;-1.400091;228;0;1;676;572;99.3;54.38;;;
37.711843;-1.400258;228;0;1;677;571;99.32;54.36;;;
37.711964;-1.400426;228;0;1;677;571;99.34;54.34;;;
37.712086;-1.400593;228;0;1;677;571;99.36;54.32;;;
37.712208;-1.400761;229;0;1;677;571;99.38;54.3;;;
37.712329;-1.400928;229;0;1;677;571;99.4;54.28;;;
37.712446;-1.401101;229;0;1;678;570;99.42;54.26;;;
37.712560;-1.401277;229;0;1;678;570;99.44;54.24;;;
37.712675;-1.401452;229;0;1;678;570;99.46;54.22;;;
37.712789;-1.401628;229;0;1;678;570;99.48;54.2;;;
37.712888;-1.401817;229;0;1;678;570;99.5;54.18;;;
37.712984;-1.402009;230;0;0;678;570;99.52;54.16;;;
37.713077;-1.402204;230;0;0;678;570;99.54;54.14;;;
37.713166;-1.402402;230;0;0;678;570;99.56;54.12;;;
37.713254;-1.402600;230;0;0;678;570;99.58;54.1;;;
37.713343;-1.402798;230;0;0;678;570;99.6;54.08;;;
37.713431;-1.402996;230;0;0;678;570;99.62;54.06;;;
37.713519;-1.403194;230;0;0;678;570;99.64;54.04;;;
37.713608;-1.403392;230;0;0;679;569;99.66;54.02;;;
37.713696;-1.403590;230;0;0;679;569;99.68;54;;;
37.713785;-1.403788;230;0;0;679;569;99.7;53.98;;;
37.713874;-1.403985;230;0;0;679;569;99.72;53.96;;;
37.713962;-1.404183;230;0;0;679;569;99.74;53.94;;;
37.714051;-1.404381;230;0;0;679;569;99.76;53.92;;;
37.714139;-1.404579;230;0;0;679;569;99.78;53.9;;;
37.714227;-1.404777;230;0;0;679;569;99.8;53.88;;;
37.714316;-1.404975;230;0;0;679;569;99.82;53.86;;;
37.714404;-1.405173;230;0;-1;679;569;99.84;53.84;;;
37.714493;-1.405371;229;0;-1;679;569;99.86;53.82;;;
37.714581;-1.405569;229;0;-1;679;569;99.88;53.8;;;
37.714670;-1.405767;229;0;-1;679;569;99.9;53.78;32;;
37.714759;-1.405965;229;0;-1;679;569;99.92;53.76;;;
37.714847;-1.406163;229;0;-1;679;569;99.94;53.74;;;
37.714936;-1.406360;229;0;-1;679;569;99.96;53.72;;;
37.715024;-1.406558;228;0;-1;679;569;99.98;53.7;;;
37.715112;-1.406757;228;0;-1;679;569;100;53.68;;;
37.715201;-1.406955;228;0;-1;679;569;100.02;53.66;;;
37.715289;-1.407153;228;0;-1;679;569;100.04;53.64;;;
37.715378;-1.407351;228;0;-1;679;569;100.06;53.62;;;
37.715466;-1.407549;227;0;-1;679;569;100.08;53.6;;;
37.715555;-1.407746;227;0;-1;679;569;100.1;53.58;;;
37.715644;-1.407944;227;0;-1;679;569;100.12;53.56;;;
37.715732;-1.408142;226;0;-1;679;569;100.14;53.54;;;
37.715821;-1.408340;226;0;-1;679;569;100.16;53.52;;;
37.715909;-1.408538;226;0;-1;679;569;100.18;53.5;;;
37.715997;-1.408736;226;0;-1;679;569;100.2;53.48;;;
37.716085;-1.408934;226;0;-1;679;569;100.22;53.46;;;
37.716174;-1.409132;225;0;-1;679;569;100.24;53.44;;;
37.716263;-1.409330;225;0;-1;679;569;100.26;53.42;;;
37.716351;-1.409528;225;0;-2;679;569;100.28;53.4;;;
37.716440;-1.409726;224;0;-2;679;569;100.3;53.38;;;
37.716527;-1.409925;224;0;-2;679;569;100.32;53.36;;;
37.716611;-1.410126;224;0;-2;679;569;100.34;53.34;;;
37.716684;-1.410333;223;0;-2;679;569;100.36;53.32;;;
37.716754;-1.410543;223;0;-2;679;569;100.38;53.3;;;
37.716824;-1.410753;223;0;-2;679;569;100.4;53.28;;;
37.716892;-1.410963;222;0;-2;679;569;100.42;53.26;;;
37.716959;-1.411174;222;0;-2;679;569;100.44;53.24;;;
37.717026;-1.411385;221;0;-2;679;569;100.46;53.22;;;
37.717092;-1.411596;221;0;-3;679;569;100.48;53.2;;;
37.717159;-1.411808;220;0;-3;679;569;100.5;53.18;;;
37.717225;-1.412019;220;0;-3;679;569;100.52;53.16;;;
37.717292;-1.412230;219;0;-3;679;569;100.54;53.14;;;
37.717358;-1.412441;219;0;-3;679;569;100.56;53.12;;;
37.717417;-1.412656;218;0;-3;679;569;100.58;53.1;;;
37.717470;-1.412873;217;0;-3;679;569;100.6;53.08;;;
37.717516;-1.413093;217;0;-3;679;569;100.62;53.06;;;
37.717545;-1.413317;216;0;-3;679;569;100.64;53.04;;;
37.717572;-1.413542;215;0;-3;679;569;100.66;53.02;;;
37.717600;-1.413767;215;0;-3;679;569;100.68;53;;;
37.717627;-1.413991;214;0;-3;679;569;100.7;52.98;;;
37.717655;-1.414216;214;0;-4;679;569;100.72;52.96;;;
37.717682;-1.414441;214;0;-3;679;569;100.74;52.94;;;
37.717710;-1.414665;213;0;-3;679;569;100.76;52.92;;;
37.717738;-1.414890;213;0;-3;679;569;100.78;52.9;;;
37.717766;-1.415115;210;0;-3;679;569;100.8;52.88;;;
37.717793;-1.415339;210;0;-3;679;569;100.82;52.86;;;
37.717820;-1.415564;210;0;-3;679;569;100.84;52.84;;;
37.717848;-1.415789;209;0;-3;679;569;100.86;52.82;;;
37.717876;-1.416014;209;0;-2;679;569;100.88;52.8;;;
37.717903;-1.416238;208;0;-2;679;569;100.9;52.78;;;
37.717931;-1.416463;208;0;-2;679;569;100.92;52.76;;;
37.717958;-1.416688;208;0;-2;679;569;100.94;52.74;;;
37.717986;-1.416912;207;0;-2;679;569;100.96;52.72;;;
37.718014;-1.417137;207;0;-2;679;569;100.98;52.7;;;
37.718042;-1.417362;207;0;-2;679;569;101;52.68;;;
37.718069;-1.417586;206;0;-2;679;569;101.02;52.66;;;
37.718097;-1.417811;206;0;-2;679;569;101.04;52.64;;;
37.718124;-1.418036;206;0;-1;679;569;101.06;52.62;;;
37.718152;-1.418260;206;0;-1;679;569;101.08;52.6;;;
37.718179;-1.418485;205;0;-1;679;569;101.1;52.58;;;
37.718207;-1.418710;205;0;-1;679;569;101.12;52.56;;;
37.718235;-1.418934;205;0;-1;679;569;101.14;52.54;;;
37.718263;-1.419159;204;0;-1;679;569;101.16;52.52;;;
37.718290;-1.419384;204;0;-1;679;569;101.18;52.5;;;
37.718318;-1.419608;204;0;-1;679;569;101.2;52.48;;;
37.718345;-1.419833;204;0;-1;679;569;101.22;52.46;;;
37.718373;-1.420058;203;0;-1;679;569;101.24;52.44;;;
37.718401;-1.420282;203;0;-1;679;569;101.26;52.42;;;
37.718429;-1.420507;203;0;-1;679;569;101.28;52.4;;;
37.718456;-1.420732;203;0;-1;679;569;101.3;52.38;;;
37.718492;-1.420954;203;0;-1;679;569;101.32;52.36;;;
37.718537;-1.421175;202;0;-1;679;569;101.34;52.34;;;
37.718595;-1.421387;202;0;-1;679;569;101.36;52.32;;;
37.718716;-1.421547;202;0;-1;679;569;101.38;52.3;;;
37.718875;-1.421653;201;0;-1;679;569;101.4;52.28;33;;
37.719040;-1.421740;201;0;-1;679;569;101.42;52.26;;;
37.719209;-1.421817;201;0;-1;679;569;101.44;52.24;;;
37.719376;-1.421904;201;0;-1;679;569;101.46;52.22;;;
37.719534;-1.422008;201;0;-1;679;569;101.48;52.2;;;
37.719668;-1.422160;201;0;-1;679;569;101.5;52.18;;;
37.719792;-1.422324;200;0;-1;679;569;101.52;52.16;;;
37.719911;-1.422495;200;0;-1;679;569;101.54;52.14;;;
37.720038;-1.422653;200;0;-1;679;569;101.56;52.12;;;
37.720202;-1.422733;200;0;0;679;569;101.58;52.1;;;
37.720355;-1.422846;200;0;0;679;569;101.6;52.08;;;
37.720388;-1.423066;200;0;0;679;569;101.62;52.06;;;
37.720433;-1.423284;200;0;0;679;569;101.64;52.04;;;
37.720516;-1.423483;200;0;0;679;569;101.66;52.02;;;
37.720622;-1.423667;200;0;0;679;569;101.68;52;;;
37.720727;-1.423851;200;0;0;679;569;101.7;51.98;;;
37.720833;-1.424035;200;0;0;679;569;101.72;51.96;;;
37.720941;-1.424218;200;0;0;679;569;101.74;51.94;;;
37.721050;-1.424398;200;0;0;679;569;101.76;51.92;;;
37.721159;-1.424579;200;0;0;679;569;101.78;51.9;;;
37.721269;-1.424759;200;0;0;679;569;101.8;51.88;;;
37.721380;-1.424937;200;0;0;679;569;101.82;51.86;;;
37.721495;-1.425113;200;0;0;679;569;101.84;51.84;;;
37.721610;-1.425288;200;0;0;679;569;101.86;51.82;;;
37.721724;-1.425464;200;0;0;679;569;101.88;51.8;;;
37.721838;-1.425639;200;0;0;679;569;101.9;51.78;;;
37.721953;-1.425814;200;0;0;679;569;101.92;51.76;;;
37.722067;-1.425990;200;0;0;679;569;101.94;51.74;;;
37.722181;-1.426166;200;0;0;679;569;101.96;51.72;;;
37.722295;-1.426342;200;0;0;679;569;101.98;51.7;;;
37.722410;-1.426517;200;0;0;679;569;102;51.68;;;
37.722524;-1.426692;201;0;0;679;569;102.02;51.66;;;
37.722638;-1.426868;201;0;0;680;568;102.04;51.64;;;
37.722753;-1.427044;201;0;0;680;568;102.06;51.62;;;
37.722861;-1.427225;201;0;0;680;568;102.08;51.6;;;
37.722969;-1.427407;201;0;0;680;568;102.1;51.58;;;
37.723076;-1.427589;201;0;0;680;568;102.12;51.56;;;
37.723188;-1.427768;201;0;1;680;568;102.14;51.54;;;
37.723300;-1.427946;201;0;1;680;568;102.16;51.52;;;
37.723411;-1.428124;201;0;1;680;568;102.18;51.5;;;
37.723522;-1.428303;201;0;1;680;568;102.2;51.48;;;
37.723634;-1.428482;202;0;1;680;568;102.22;51.46;;;
37.723747;-1.428658;202;0;1;681;567;102.24;51.44;;;
37.723860;-1.428835;202;0;1;681;567;102.26;51.42;;;
37.723974;-1.429011;202;0;0;681;567;102.28;51.4;;;
37.724086;-1.429189;202;0;0;681;567;102.3;51.38;;;
37.724195;-1.429370;202;0;0;681;567;102.32;51.36;;;
37.724304;-1.429551;202;0;0;681;567;102.34;51.34;;;
37.724413;-1.429731;202;0;0;681;567;102.36;51.32;;;
37.724523;-1.429912;202;0;0;681;567;102.38;51.3;;;
37.724632;-1.430092;202;0;0;681;567;102.4;51.28;;;
37.724742;-1.430273;202;0;1;681;567;102.42;51.26;;;
37.724851;-1.430453;203;0;1;682;566;102.44;51.24;;;
37.724960;-1.430634;203;0;1;682;566;102.46;51.22;;;
37.725069;-1.430815;203;0;1;682;566;102.48;51.2;;;
37.725179;-1.430995;203;0;0;682;566;102.5;51.18;;;
37.725288;-1.431176;203;0;0;682;566;102.52;51.16;;;
37.725397;-1.431357;203;0;0;682;566;102.54;51.14;;;
37.725507;-1.431537;203;0;0;682;566;102.56;51.12;;;
37.725616;-1.431717;203;0;0;682;566;102.58;51.1;;;
37.725726;-1.431898;203;0;0;682;566;102.6;51.08;;;
37.725835;-1.432079;203;0;0;682;566;102.62;51.06;;;
37.725945;-1.432258;203;0;0;682;566;102.64;51.04;;;
37.726056;-1.432437;204;0;0;682;566;102.66;51.02;;;
37.726167;-1.432616;204;0;0;683;565;102.68;51;;;
37.726278;-1.432795;204;0;0;683;565;102.7;50.98;;;
37.726389;-1.432974;204;0;0;683;565;102.72;50.96;;;
37.726500;-1.433153;204;0;0;683;565;102.74;50.94;;;
37.726611;-1.433332;204;0;0;683;565;102.76;50.92;;;
37.726722;-1.433511;204;0;0;683;565;102.78;50.9;;;
37.726833;-1.433689;204;0;0;683;565;102.8;50.88;;;
37.726944;-1.433868;204;0;0;683;565;102.82;50.86;;;
37.727055;-1.434047;204;0;0;683;565;102.84;50.84;;;
37.727166;-1.434227;204;0;0;683;565;102.86;50.82;;;
37.727276;-1.434406;204;0;0;683;565;102.88;50.8;;;
37.727386;-1.434586;204;0;0;683;565;102.9;50.78;;;
37.727502;-1.434760;204;0;0;683;565;102.92;50.76;;;
37.727620;-1.434932;204;0;0;683;565;102.94;50.74;;;
37.727737;-1.435104;204;0;0;683;565;102.96;50.72;;;
37.727855;-1.435277;204;0;0;683;565;102.98;50.7;;;
37.727972;-1.435449;204;0;0;683;565;103;50.68;;;
37.728090;-1.435621;204;0;0;683;565;103.02;50.66;;;
37.728202;-1.435798;205;0;0;683;565;103.04;50.64;;;
37.728313;-1.435977;205;0;0;684;564;103.06;50.62;;;
37.728424;-1.436156;205;0;0;684;564;103.08;50.6;;;
37.728535;-1.436335;205;0;0;684;564;103.1;50.58;;;
37.728646;-1.436514;205;0;0;684;564;103.12;50.56;;;
37.728757;-1.436693;205;0;0;684;564;103.14;50.54;;;
37.728868;-1.436872;205;0;0;684;564;103.16;50.52;;;
37.728979;-1.437051;205;0;0;684;564;103.18;50.5;;;
37.729090;-1.437230;205;0;0;684;564;103.2;50.48;;;
37.729201;-1.437409;205;0;0;684;564;103.22;50.46;;;
37.729312;-1.437588;205;0;0;684;564;103.24;50.44;;;
37.729423;-1.437767;205;0;0;684;564;103.26;50.42;;;
37.729534;-1.437946;205;0;0;684;564;103.28;50.4;;;
37.729645;-1.438125;205;0;0;684;564;103.3;50.38;;;
37.729756;-1.438304;205;0;0;684;564;103.32;50.36;;;
37.729867;-1.438482;205;0;0;684;564;103.34;50.34;;;
37.729978;-1.438661;205;0;0;684;564;103.36;50.32;;;
37.730089;-1.438840;205;0;0;684;564;103.38;50.3;;;
37.730200;-1.439020;205;0;0;684;564;103.4;50.28;;;
37.730311;-1.439199;205;0;0;684;564;103.42;50.26;;;
37.730422;-1.439377;205;0;0;684;564;103.44;50.24;;;
37.730533;-1.439556;205;0;0;684;564;103.46;50.22;;;
37.730644;-1.439736;205;0;0;684;564;103.48;50.2;;;
37.730754;-1.439915;205;0;0;684;564;103.5;50.18;;;
37.730866;-1.440094;205;0;0;684;564;103.52;50.16;;;
37.730977;-1.440272;205;0;0;684;564;103.54;50.14;;;
37.731088;-1.440451;205;0;0;684;564;103.56;50.12;;;
37.731198;-1.440631;205;0;0;684;564;103.58;50.1;;;
37.731309;-1.440809;205;0;0;684;564;103.6;50.08;;;
37.731421;-1.440988;205;0;0;684;564;103.62;50.06;;;
37.731532;-1.441166;205;0;0;684;564;103.64;50.04;;;
37.731644;-1.441345;205;0;0;684;564;103.66;50.02;;;
37.731755;-1.441523;205;0;0;684;564;103.68;50;;;
37.731867;-1.441702;205;0;0;684;564;103.7;49.98;;;
37.731979;-1.441880;205;0;0;684;564;103.72;49.96;;;
37.732090;-1.442058;205;0;0;684;564;103.74;49.94;;;
37.732202;-1.442237;205;0;0;684;564;103.76;49.92;;;
37.732313;-1.442415;205;0;0;684;564;103.78;49.9;;;
37.732425;-1.442593;205;0;0;684;564;103.8;49.88;;;
37.732537;-1.442772;205;0;0;684;564;103.82;49.86;;;
37.732648;-1.442950;205;0;0;684;564;103.84;49.84;;;
37.732760;-1.443128;205;0;0;684;564;103.86;49.82;;;
37.732871;-1.443307;205;0;0;684;564;103.88;49.8;;;
37.732983;-1.443485;205;0;0;684;564;103.9;49.78;;;
37.733094;-1.443664;205;0;0;684;564;103.92;49.76;;;
37.733205;-1.443843;205;0;0;684;564;103.94;49.74;;;
37.733317;-1.444021;205;0;0;684;564;103.96;49.72;;;
37.733429;-1.444199;205;0;0;684;564;103.98;49.7;;;
37.733540;-1.444378;205;0;0;684;564;104;49.68;;;
37.733652;-1.444556;205;0;0;685;563;104.02;49.66;;;
37.733763;-1.444734;205;0;0;685;563;104.04;49.64;;;
37.733875;-1.444913;205;0;0;685;563;104.06;49.62;;;
37.733986;-1.445091;205;0;0;685;563;104.08;49.6;;;
37.734098;-1.445270;205;0;0;685;563;104.1;49.58;;;
37.734210;-1.445448;206;0;0;685;563;104.12;49.56;;;
37.734321;-1.445626;206;0;0;685;563;104.14;49.54;;;
37.734432;-1.445805;206;0;0;685;563;104.16;49.52;;;
37.734544;-1.445984;206;0;0;685;563;104.18;49.5;;;
37.734655;-1.446162;206;0;0;685;563;104.2;49.48;;;
37.734766;-1.446341;206;0;0;685;563;104.22;49.46;;;
37.734877;-1.446520;206;0;0;685;563;104.24;49.44;;;
37.734989;-1.446699;206;0;0;685;563;104.26;49.42;;;
37.735100;-1.446877;206;0;0;685;563;104.28;49.4;;;
37.735211;-1.447056;206;0;0;685;563;104.3;49.38;;;
37.735322;-1.447235;206;0;0;685;563;104.32;49.36;;;
37.735434;-1.447414;206;0;0;685;563;104.34;49.34;;;
37.735545;-1.447592;206;0;0;685;563;104.36;49.32;;;
37.735656;-1.447771;206;0;0;685;563;104.38;49.3;;;
37.735767;-1.447950;206;0;0;685;563;104.4;49.28;;;
37.735879;-1.448128;206;0;0;685;563;104.42;49.26;;;
37.735990;-1.448307;206;0;0;685;563;104.44;49.24;;;
37.736101;-1.448486;206;0;0;685;563;104.46;49.22;;;
37.736212;-1.448664;206;0;0;685;563;104.48;49.2;;;
37.736324;-1.448843;206;0;0;685;563;104.5;49.18;;;
37.736435;-1.449022;206;0;0;685;563;104.52;49.16;;;
37.736546;-1.449201;206;0;0;685;563;104.54;49.14;;;
37.736657;-1.449379;206;0;0;685;563;104.56;49.12;;;
37.736769;-1.449558;206;0;0;685;563;104.58;49.1;;;
37.736880;-1.449737;206;0;0;685;563;104.6;49.08;;;
37.736991;-1.449916;206;0;0;685;563;104.62;49.06;;;
37.737102;-1.450094;206;0;0;685;563;104.64;49.04;;;
37.737217;-1.450270;206;0;0;685;563;104.66;49.02;;;
37.737331;-1.450445;206;0;0;685;563;104.68;49;;;
37.737446;-1.450620;206;0;0;685;563;104.7;48.98;;;
37.737560;-1.450796;206;0;0;685;563;104.72;48.96;;;
37.737674;-1.450972;206;0;0;685;563;104.74;48.94;;;
37.737789;-1.451147;206;0;0;685;563;104.76;48.92;;;
37.737903;-1.451323;206;0;0;685;563;104.78;48.9;;;
37.738017;-1.451499;206;0;0;685;563;104.8;48.88;;;
37.738130;-1.451676;206;0;0;685;563;104.82;48.86;;;
37.738240;-1.451856;206;0;0;685;563;104.84;48.84;;;
37.738350;-1.452036;206;0;0;685;563;104.86;48.82;;;
37.738460;-1.452216;206;0;0;685;563;104.88;48.8;;;
37.738569;-1.452396;206;0;0;685;563;104.9;48.78;;;
37.738680;-1.452576;206;0;0;685;563;104.92;48.76;;;
37.738790;-1.452756;206;0;0;685;563;104.94;48.74;;;
37.738900;-1.452935;206;0;0;685;563;104.96;48.72;;;
37.739010;-1.453116;206;0;0;685;563;104.98;48.7;;;
37.739120;-1.453296;206;0;0;685;563;105;48.68;;;
37.739230;-1.453475;206;0;0;685;563;105.02;48.66;;;
37.739340;-1.453655;206;0;0;685;563;105.04;48.64;;;
37.739450;-1.453835;206;0;0;685;563;105.06;48.62;;;
37.739560;-1.454016;206;0;0;685;563;105.08;48.6;;;
37.739670;-1.454195;206;0;0;685;563;105.1;48.58;;;
37.739780;-1.454375;206;0;0;685;563;105.12;48.56;;;
37.739890;-1.454555;206;0;0;685;563;105.14;48.54;;;
37.740000;-1.454735;206;0;0;685;563;105.16;48.52;;;
37.740110;-1.454915;206;0;0;685;563;105.18;48.5;;;
37.740219;-1.455095;206;0;0;685;563;105.2;48.48;;;
37.740329;-1.455275;206;0;0;685;563;105.22;48.46;;;
37.740439;-1.455456;206;0;0;685;563;105.24;48.44;;;
37.740549;-1.455636;206;0;0;685;563;105.26;48.42;;;
37.740659;-1.455815;206;0;0;685;563;105.28;48.4;;;
37.740769;-1.455995;206;0;0;685;563;105.3;48.38;;;
37.740879;-1.456175;206;0;0;685;563;105.32;48.36;;;
37.740989;-1.456356;206;0;0;686;562;105.34;48.34;;;
37.741099;-1.456535;206;0;0;686;562;105.36;48.32;;;
37.741209;-1.456715;206;0;0;686;562;105.38;48.3;;;
37.741319;-1.456895;206;0;0;686;562;105.4;48.28;;;
37.741429;-1.457076;206;0;0;686;562;105.42;48.26;;;
37.741539;-1.457256;206;0;0;686;562;105.44;48.24;;;
37.741649;-1.457435;206;0;0;686;562;105.46;48.22;;;
37.741759;-1.457615;206;0;0;686;562;105.48;48.2;;;
37.741869;-1.457795;206;0;0;686;562;105.5;48.18;;;
37.741979;-1.457976;206;0;0;686;562;105.52;48.16;;;
37.742092;-1.458152;206;0;0;686;562;105.54;48.14;;;
37.742207;-1.458327;206;0;0;686;562;105.56;48.12;;;
37.742321;-1.458503;206;0;0;686;562;105.58;48.1;;;
37.742436;-1.458678;206;0;0;686;562;105.6;48.08;;;
37.742550;-1.458854;206;0;0;686;562;105.62;48.06;;;
37.742665;-1.459029;206;0;0;686;562;105.64;48.04;;;
37.742779;-1.459205;206;0;0;686;562;105.66;48.02;;;
37.742893;-1.459380;206;0;0;686;562;105.68;48;;;
37.743008;-1.459555;206;0;0;686;562;105.7;47.98;;;
37.743123;-1.459730;206;0;0;686;562;105.72;47.96;;;
37.743237;-1.459906;206;0;0;686;562;105.74;47.94;;;
37.743348;-1.460085;206;0;0;686;562;105.76;47.92;;;
37.743459;-1.460265;206;0;0;686;562;105.78;47.9;;;
37.743569;-1.460444;207;0;0;686;562;105.8;47.88;;;
37.743679;-1.460624;207;0;0;686;562;105.82;47.86;;;
37.743790;-1.460803;207;0;0;686;562;105.84;47.84;;;
37.743900;-1.460983;207;0;0;686;562;105.86;47.82;;;
37.744011;-1.461162;207;0;0;686;562;105.88;47.8;;;
37.744122;-1.461341;207;0;0;686;562;105.9;47.78;;;
37.744232;-1.461521;207;0;0;686;562;105.92;47.76;;;
37.744343;-1.461700;207;0;0;687;561;105.94;47.74;;;
37.744454;-1.461879;207;0;0;687;561;105.96;47.72;;;
37.744564;-1.462059;207;0;0;687;561;105.98;47.7;;;
37.744675;-1.462238;207;0;0;687;561;106;47.68;;;
37.744785;-1.462417;207;0;0;687;561;106.02;47.66;;;
37.744896;-1.462597;207;0;0;687;561;106.04;47.64;;;
37.745006;-1.462776;207;0;0;687;561;106.06;47.62;;;
37.745117;-1.462956;207;0;0;687;561;106.08;47.6;;;
37.745228;-1.463135;207;0;0;687;561;106.1;47.58;;;
37.745339;-1.463314;207;0;0;687;561;106.12;47.56;;;
37.745449;-1.463494;207;0;0;687;561;106.14;47.54;;;
37.745559;-1.463673;207;0;0;687;561;106.16;47.52;;;
37.745669;-1.463853;207;0;0;687;561;106.18;47.5;;;
37.745780;-1.464032;207;0;0;687;561;106.2;47.48;;;
37.745891;-1.464212;207;0;0;687;561;106.22;47.46;;;
37.746001;-1.464391;207;0;0;687;561;106.24;47.44;;;
37.746112;-1.464571;207;0;0;687;561;106.26;47.42;;;
37.746222;-1.464750;207;0;0;687;561;106.28;47.4;;;
37.746333;-1.464930;207;0;0;687;561;106.3;47.38;;;
37.746443;-1.465109;207;0;0;687;561;106.32;47.36;;;
37.746554;-1.465289;207;0;0;687;561;106.34;47.34;;;
37.746665;-1.465468;207;0;0;687;561;106.36;47.32;;;
37.746775;-1.465647;207;0;0;687;561;106.38;47.3;;;
37.746886;-1.465827;207;0;0;687;561;106.4;47.28;;;
37.746996;-1.466006;207;0;0;687;561;106.42;47.26;;;
37.747107;-1.466186;207;0;0;687;561;106.44;47.24;;;
37.747231;-1.466350;207;0;0;687;561;106.46;47.22;;;
37.747378;-1.466480;207;0;0;687;561;106.48;47.2;;;
37.747554;-1.466501;207;0;0;687;561;106.5;47.18;;;
37.747723;-1.466429;206;0;0;687;561;106.52;47.16;;;
37.747860;-1.466283;206;0;0;687;561;106.54;47.14;;;
37.747978;-1.466112;206;0;0;687;561;106.56;47.12;;;
37.748096;-1.465940;206;0;0;687;561;106.58;47.1;;;
37.748213;-1.465767;206;0;0;687;561;106.6;47.08;;;
37.748323;-1.465587;206;0;0;687;561;106.62;47.06;;;
37.748432;-1.465406;206;0;0;687;561;106.64;47.04;;;
37.748529;-1.465216;206;0;0;687;561;106.66;47.02;;;
37.748552;-1.464994;206;0;0;687;561;106.68;47;;;
37.748694;-1.464873;206;0;0;687;561;106.7;46.98;;;
37.748818;-1.465016;206;0;0;687;561;106.72;46.96;;;
37.748746;-1.465206;206;0;0;687;561;106.74;46.94;;;
37.748661;-1.465406;206;0;0;687;561;106.76;46.92;;;
37.748628;-1.465625;206;0;0;687;561;106.78;46.9;;;
37.748640;-1.465851;206;0;0;687;561;106.8;46.88;;;
37.748668;-1.466075;206;0;0;687;561;106.82;46.86;;;
37.748718;-1.466294;206;0;0;687;561;106.84;46.84;;;
37.748774;-1.466510;207;0;0;687;561;106.86;46.82;;;
37.748831;-1.466726;207;0;0;688;560;106.88;46.8;;;
37.748887;-1.466942;207;0;0;688;560;106.9;46.78;;;
37.748946;-1.467156;207;0;0;688;560;106.92;46.76;;;
37.749010;-1.467369;207;0;0;688;560;106.94;46.74;;;
37.749072;-1.467583;207;0;0;688;560;106.96;46.72;;;
37.749135;-1.467796;207;0;0;688;560;106.98;46.7;;;
37.749192;-1.468011;207;0;0;688;560;107;46.68;;;
37.749249;-1.468227;207;0;0;688;560;107.02;46.66;;;
37.749306;-1.468443;207;0;0;688;560;107.04;46.64;;;
37.749365;-1.468658;207;0;0;688;560;107.06;46.62;;;
37.749429;-1.468871;207;0;1;688;560;107.08;46.6;;;
37.749495;-1.469082;207;0;1;688;560;107.1;46.58;34;;
37.749562;-1.469293;208;0;0;689;559;107.12;46.56;;;
37.749629;-1.469504;208;0;0;689;559;107.14;46.54;;;
37.749706;-1.469709;208;0;1;689;559;107.16;46.52;;;
37.749789;-1.469911;208;0;0;689;559;107.18;46.5;;;
37.749871;-1.470114;208;0;0;689;559;107.2;46.48;;;
37.749960;-1.470311;208;0;0;689;559;107.22;46.46;;;
37.750052;-1.470507;208;0;0;689;559;107.24;46.44;;;
37.750144;-1.470703;208;0;0;689;559;107.26;46.42;;;
37.750235;-1.470898;208;0;0;689;559;107.28;46.4;;;
37.750327;-1.471094;208;0;0;689;559;107.3;46.38;;;
37.750422;-1.471287;208;0;0;689;559;107.32;46.36;;;
37.750518;-1.471480;209;0;0;689;559;107.34;46.34;;;
37.750614;-1.471672;209;0;0;690;558;107.36;46.32;;;
37.750709;-1.471865;209;0;1;690;558;107.38;46.3;;;
37.750800;-1.472061;209;0;1;690;558;107.4;46.28;;;
37.750886;-1.472261;209;0;1;690;558;107.42;46.26;;;
37.750977;-1.472456;209;0;1;690;558;107.44;46.24;;;
37.751107;-1.472612;209;0;0;690;558;107.46;46.22;;;
37.751232;-1.472774;209;0;0;690;558;107.48;46.2;;;
37.751355;-1.472940;209;0;0;690;558;107.5;46.18;;;
37.751480;-1.473104;210;0;0;690;558;107.52;46.16;;;
37.751592;-1.473281;210;0;0;690;558;107.54;46.14;;;
37.751704;-1.473459;210;0;0;690;558;107.56;46.12;;;
37.751813;-1.473640;210;0;0;690;558;107.58;46.1;;;
37.751922;-1.473821;210;0;0;690;558;107.6;46.08;;;
37.752031;-1.474002;210;0;0;691;557;107.62;46.06;;;
37.752140;-1.474184;210;0;0;691;557;107.64;46.04;;;
37.752248;-1.474365;210;0;0;691;557;107.66;46.02;;;
37.752356;-1.474547;210;0;0;691;557;107.68;46;;;
37.752464;-1.474729;210;0;0;691;557;107.7;45.98;;;
37.752572;-1.474911;210;0;0;691;557;107.72;45.96;;;
37.752680;-1.475092;210;0;0;691;557;107.74;45.94;;;
37.752788;-1.475274;210;0;0;691;557;107.76;45.92;;;
37.752897;-1.475456;210;0;0;691;557;107.78;45.9;;;
37.753005;-1.475638;210;0;0;691;557;107.8;45.88;35;;
37.753113;-1.475819;210;0;0;691;557;107.82;45.86;;;
37.753221;-1.476001;210;0;0;691;557;107.84;45.84;;;
37.753330;-1.476182;210;0;0;691;557;107.86;45.82;;;
37.753441;-1.476361;210;0;0;691;557;107.88;45.8;;;
37.753552;-1.476540;210;0;0;691;557;107.9;45.78;;;
37.753663;-1.476719;210;0;0;691;557;107.92;45.76;;;
37.753774;-1.476898;210;0;0;691;557;107.94;45.74;;;
37.753886;-1.477077;210;0;0;691;557;107.96;45.72;;;
37.753997;-1.477255;210;0;0;691;557;107.98;45.7;;;
37.754108;-1.477434;210;0;0;691;557;108;45.68;;;
37.754219;-1.477614;210;0;0;691;557;108.02;45.66;;;
37.754330;-1.477793;210;0;0;691;557;108.04;45.64;;;
37.754441;-1.477971;210;0;0;691;557;108.06;45.62;;;
37.754552;-1.478150;210;0;0;691;557;108.08;45.6;;;
37.754663;-1.478330;210;0;0;691;557;108.1;45.58;;;
37.754774;-1.478509;210;0;0;691;557;108.12;45.56;;;
37.754885;-1.478687;210;0;0;691;557;108.14;45.54;;;
37.754996;-1.478866;210;0;0;691;557;108.16;45.52;;;
37.755107;-1.479045;210;0;0;691;557;108.18;45.5;;;
37.755218;-1.479224;210;0;0;691;557;108.2;45.48;;;
37.755329;-1.479403;210;0;0;691;557;108.22;45.46;;;
37.755440;-1.479582;210;0;0;691;557;108.24;45.44;;;
37.755552;-1.479761;210;0;0;691;557;108.26;45.42;;;
37.755662;-1.479940;210;0;0;691;557;108.28;45.4;;;
37.755774;-1.480119;210;0;0;691;557;108.3;45.38;;;
37.755885;-1.480298;210;0;0;691;557;108.32;45.36;;;
37.755996;-1.480477;210;0;0;691;557;108.34;45.34;;;
37.756107;-1.480656;210;0;1;691;557;108.36;45.32;;;
37.756217;-1.480835;210;0;1;692;556;108.38;45.3;;;
37.756327;-1.481016;210;0;1;692;556;108.4;45.28;;;
37.756436;-1.481196;211;0;1;692;556;108.42;45.26;;;
37.756545;-1.481377;211;0;1;692;556;108.44;45.24;;;
37.756655;-1.481558;211;0;1;692;556;108.46;45.22;;;
37.756764;-1.481738;211;0;1;692;556;108.48;45.2;;;
37.756873;-1.481919;211;0;1;692;556;108.5;45.18;;;
37.756983;-1.482100;211;0;1;692;556;108.52;45.16;;;
37.757094;-1.482278;211;0;1;693;555;108.54;45.14;;;
37.757207;-1.482455;212;0;1;693;555;108.56;45.12;;;
37.757321;-1.482631;212;0;1;693;555;108.58;45.1;;;
37.757434;-1.482808;212;0;1;693;555;108.6;45.08;;;
37.757548;-1.482984;212;0;1;693;555;108.62;45.06;;;
37.757661;-1.483161;212;0;1;693;555;108.64;45.04;;;
37.757774;-1.483338;212;0;1;694;554;108.66;45.02;;;
37.757888;-1.483514;213;0;1;694;554;108.68;45;;;
37.758001;-1.483691;213;0;1;694;554;108.7;44.98;;;
37.758115;-1.483867;213;0;1;694;554;108.72;44.96;;;
37.758228;-1.484044;213;0;1;695;553;108.74;44.94;;;
37.758342;-1.484220;214;0;1;695;553;108.76;44.92;;;
37.758455;-1.484397;214;0;1;695;553;108.78;44.9;;;
37.758569;-1.484573;214;0;1;695;553;108.8;44.88;;;
37.758682;-1.484750;215;0;2;696;552;108.82;44.86;;;
37.758795;-1.484927;215;0;2;696;552;108.84;44.84;;;
37.758907;-1.485105;215;0;2;696;552;108.86;44.82;;;
37.759018;-1.485284;215;0;2;697;551;108.88;44.8;;;
37.759128;-1.485464;216;0;2;697;551;108.9;44.78;;;
37.759239;-1.485643;216;0;2;697;551;108.92;44.76;;;
37.759349;-1.485823;217;0;2;698;550;108.94;44.74;;;
37.759460;-1.486002;217;0;2;698;550;108.96;44.72;;;
37.759571;-1.486181;217;0;2;698;550;108.98;44.7;;;
37.759682;-1.486361;217;0;2;699;549;109;44.68;;;
37.759792;-1.486540;218;0;2;699;549;109.02;44.66;;;
37.759903;-1.486719;218;0;2;699;549;109.04;44.64;;;
37.760014;-1.486899;218;0;2;700;548;109.06;44.62;;;
37.760124;-1.487078;219;0;2;700;548;109.08;44.6;;;
37.760235;-1.487258;219;0;2;700;548;109.1;44.58;;;
37.760345;-1.487437;219;0;2;701;547;109.12;44.56;;;
37.760456;-1.487616;220;0;2;701;547;109.14;44.54;;;
37.760567;-1.487795;220;0;2;701;547;109.16;44.52;;;
37.760677;-1.487975;221;0;2;702;546;109.18;44.5;;;
37.760788;-1.488155;221;0;2;702;546;109.2;44.48;;;
37.760899;-1.488334;221;0;2;703;545;109.22;44.46;;;
37.761009;-1.488513;222;0;2;703;545;109.24;44.44;;;
37.761120;-1.488692;222;0;2;703;545;109.26;44.42;;;
37.761230;-1.488872;223;0;2;704;544;109.28;44.4;;;
37.761339;-1.489053;223;0;2;704;544;109.3;44.38;;;
37.761447;-1.489235;223;0;2;705;543;109.32;44.36;;;
37.761556;-1.489417;224;0;2;705;543;109.34;44.34;;;
37.761664;-1.489598;224;0;2;705;543;109.36;44.32;;;
37.761772;-1.489780;224;0;2;706;542;109.38;44.3;;;
37.761880;-1.489962;225;0;2;706;542;109.4;44.28;;;
37.761988;-1.490144;225;0;2;706;542;109.42;44.26;;;
37.762097;-1.490325;226;0;2;707;541;109.44;44.24;;;
37.762205;-1.490507;226;0;2;707;541;109.46;44.22;;;
37.762314;-1.490687;226;0;2;708;540;109.48;44.2;;;
37.762430;-1.490862;227;0;2;708;540;109.5;44.18;;;
37.762545;-1.491037;227;0;2;708;540;109.52;44.16;;;
37.762660;-1.491211;227;0;2;709;539;109.54;44.14;;;
37.762776;-1.491386;228;0;2;709;539;109.56;44.12;;;
37.762891;-1.491560;228;0;2;709;539;109.58;44.1;;;
37.763006;-1.491735;229;0;2;710;538;109.6;44.08;;;
37.763122;-1.491909;229;0;2;710;538;109.62;44.06;;;
37.763240;-1.492081;230;0;2;711;537;109.64;44.04;;;
37.763357;-1.492253;230;0;2;711;537;109.66;44.02;;;
37.763473;-1.492427;231;0;3;712;536;109.68;44;;;
37.763588;-1.492603;231;0;2;713;535;109.7;43.98;;;
37.763699;-1.492781;232;0;2;713;535;109.72;43.96;;;
37.763810;-1.492960;232;0;2;713;535;109.74;43.94;;;
37.763922;-1.493138;233;0;2;714;534;109.76;43.92;;;
37.764033;-1.493317;233;0;2;714;534;109.78;43.9;;;
37.764145;-1.493496;233;0;2;715;533;109.8;43.88;;;
37.764256;-1.493674;234;0;2;715;533;109.82;43.86;;;
37.764368;-1.493853;234;0;2;715;533;109.84;43.84;;;
37.764479;-1.494032;235;0;2;716;532;109.86;43.82;;;
37.764590;-1.494210;235;0;2;716;532;109.88;43.8;;;
37.764702;-1.494389;235;0;2;717;531;109.9;43.78;;;
37.764813;-1.494568;236;0;2;717;531;109.92;43.76;;;
37.764922;-1.494748;236;0;2;717;531;109.94;43.74;;;
37.765031;-1.494930;237;0;2;718;530;109.96;43.72;;;
37.765133;-1.495117;237;0;2;718;530;109.98;43.7;;;
37.765234;-1.495305;237;0;2;719;529;110;43.68;;;
37.765334;-1.495494;238;0;2;719;529;110.02;43.66;;;
37.765441;-1.495677;238;0;2;719;529;110.04;43.64;;;
37.765553;-1.495855;239;0;2;720;528;110.06;43.62;;;
37.765665;-1.496033;239;0;2;720;528;110.08;43.6;;;
37.765782;-1.496205;239;0;2;721;527;110.1;43.58;;;
37.765901;-1.496376;240;0;2;721;527;110.12;43.56;;;
37.766034;-1.496527;240;0;2;721;527;110.14;43.54;;;
37.766203;-1.496568;241;0;2;722;526;110.16;43.52;;;
37.766353;-1.496446;241;0;2;722;526;110.18;43.5;;;
37.766501;-1.496317;242;0;2;723;525;110.2;43.48;;;
37.766648;-1.496187;242;0;2;723;525;110.22;43.46;;;
37.766791;-1.496048;242;0;1;723;525;110.24;43.44;;;
37.766932;-1.495907;242;0;1;723;525;110.26;43.42;;;
37.767073;-1.495766;242;0;1;724;524;110.28;43.4;;;
37.767220;-1.495637;243;0;1;724;524;110.3;43.38;36;;
37.767378;-1.495526;243;0;1;724;524;110.32;43.36;;;
37.767541;-1.495434;244;0;1;725;523;110.34;43.34;;;
37.767711;-1.495361;244;0;1;725;523;110.36;43.32;;;
37.767881;-1.495287;244;0;1;725;523;110.38;43.3;;;
37.768060;-1.495273;244;0;1;725;523;110.4;43.28;;;
37.768239;-1.495254;245;0;1;726;522;110.42;43.26;;;
37.768418;-1.495230;245;0;1;726;522;110.44;43.24;;;
37.768597;-1.495216;245;0;1;726;522;110.46;43.22;;;
37.768777;-1.495200;245;0;1;726;522;110.48;43.2;;;
37.768948;-1.495155;245;0;1;726;522;110.5;43.18;;;
37.769101;-1.495038;245;0;1;726;522;110.52;43.16;;;
37.769279;-1.495012;245;0;0;727;521;110.54;43.14;;;
37.769458;-1.494992;245;0;0;727;521;110.56;43.12;;;
37.769627;-1.495046;246;0;0;727;521;110.58;43.1;;;
37.769807;-1.495051;246;0;0;727;521;110.6;43.08;;;
37.769985;-1.495027;245;0;0;727;521;110.62;43.06;;;
37.770164;-1.495004;245;0;0;727;521;110.64;43.04;;;
37.770343;-1.494979;245;0;-1;727;521;110.66;43.02;;;
37.770522;-1.494955;245;0;-1;727;521;110.68;43;;;
37.770701;-1.494931;245;0;-1;727;521;110.7;42.98;;;
37.770880;-1.494907;245;0;-1;727;521;110.72;42.96;;;
37.771058;-1.494876;245;0;-1;727;521;110.74;42.94;;;
37.771233;-1.494827;245;0;-1;727;521;110.76;42.92;;;
37.771409;-1.494777;245;0;-1;727;521;110.78;42.9;;;
37.771584;-1.494727;244;0;-1;727;521;110.8;42.88;;;
37.771753;-1.494647;244;0;-1;727;521;110.82;42.86;;;
37.771921;-1.494568;244;0;-1;727;521;110.84;42.84;;;
37.772089;-1.494487;244;0;-2;727;521;110.86;42.82;;;
37.772247;-1.494379;244;0;-2;727;521;110.88;42.8;;;
37.772376;-1.494229;243;0;-2;727;521;110.9;42.78;;;
37.772537;-1.494129;242;0;-2;727;521;110.92;42.76;;;
37.772680;-1.493993;242;0;-2;727;521;110.94;42.74;;;
37.772815;-1.493842;241;0;-2;727;521;110.96;42.72;;;
37.772949;-1.493690;241;0;-2;727;521;110.98;42.7;;;
37.773082;-1.493538;241;0;-2;727;521;111;42.68;;;
37.773196;-1.493362;240;0;-2;727;521;111.02;42.66;;;
37.773306;-1.493182;240;0;-2;727;521;111.04;42.64;;;
37.773416;-1.493002;240;0;-2;727;521;111.06;42.62;;;
37.773526;-1.492821;239;0;-2;727;521;111.08;42.6;;;
37.773636;-1.492641;239;0;-2;727;521;111.1;42.58;;;
37.773746;-1.492462;238;0;-2;727;521;111.12;42.56;;;
37.773856;-1.492282;238;0;-2;727;521;111.14;42.54;;;
37.773966;-1.492102;238;0;-2;727;521;111.16;42.52;;;
37.774076;-1.491921;237;0;-2;727;521;111.18;42.5;;;
37.774183;-1.491738;237;0;-2;727;521;111.2;42.48;;;
37.774290;-1.491555;236;0;-2;727;521;111.22;42.46;;;
37.774396;-1.491372;236;0;-2;727;521;111.24;42.44;;;
37.774503;-1.491189;235;0;-2;727;521;111.26;42.42;;;
37.774609;-1.491005;235;0;-2;727;521;111.28;42.4;;;
37.774716;-1.490822;234;0;-2;727;521;111.3;42.38;;;
37.774822;-1.490639;234;0;-2;727;521;111.32;42.36;;;
37.774929;-1.490456;234;0;-2;727;521;111.34;42.34;;;
37.775035;-1.490272;233;0;-2;727;521;111.36;42.32;;;
37.775142;-1.490089;233;0;-2;727;521;111.38;42.3;;;
37.775250;-1.489907;232;0;-2;727;521;111.4;42.28;;;
37.775361;-1.489728;232;0;-2;727;521;111.42;42.26;;;
37.775472;-1.489549;231;0;-2;727;521;111.44;42.24;;;
37.775583;-1.489369;231;0;-2;727;521;111.46;42.22;;;
37.775692;-1.489189;230;0;-3;727;521;111.48;42.2;;;
37.775800;-1.489007;230;0;-3;727;521;111.5;42.18;;;
37.775908;-1.488825;229;0;-3;727;521;111.52;42.16;;;
37.776016;-1.488643;229;0;-2;727;521;111.54;42.14;;;
37.776124;-1.488461;228;0;-2;727;521;111.56;42.12;;;
37.776233;-1.488280;227;0;-2;727;521;111.58;42.1;;;
37.776342;-1.488099;227;0;-2;727;521;111.6;42.08;;;
37.776451;-1.487918;227;0;-2;727;521;111.62;42.06;;;
37.776559;-1.487736;226;0;-2;727;521;111.64;42.04;;;
37.776668;-1.487554;226;0;-2;727;521;111.66;42.02;;;
37.776776;-1.487372;225;0;-2;727;521;111.68;42;;;
37.776883;-1.487190;225;0;-2;727;521;111.7;41.98;;;
37.776991;-1.487008;224;0;-2;727;521;111.72;41.96;;;
37.777099;-1.486826;224;0;-2;727;521;111.74;41.94;;;
37.777208;-1.486644;224;0;-2;727;521;111.76;41.92;;;
37.777316;-1.486463;223;0;-2;727;521;111.78;41.9;;;
37.777424;-1.486281;223;0;-2;727;521;111.8;41.88;;;
37.777532;-1.486099;222;0;-2;727;521;111.82;41.86;;;
37.777640;-1.485917;222;0;-2;727;521;111.84;41.84;;;
37.777748;-1.485735;222;0;-2;727;521;111.86;41.82;;;
37.777857;-1.485554;221;0;-1;727;521;111.88;41.8;;;
37.777964;-1.485371;221;0;-1;727;521;111.9;41.78;37;sprint,bonus;
37.778072;-1.485189;221;0;-1;727;521;111.92;41.76;;;
37.778180;-1.485007;221;0;-1;727;521;111.94;41.74;;;
37.778288;-1.484825;220;0;-1;727;521;111.96;41.72;;;
37.778396;-1.484643;220;0;-1;727;521;111.98;41.7;;;
37.778504;-1.484461;220;0;0;727;521;112;41.68;;;
37.778613;-1.484280;220;0;0;727;521;112.02;41.66;;;
37.778721;-1.484098;220;0;1;727;521;112.04;41.64;;;
37.778852;-1.483950;220;0;1;727;521;112.06;41.62;;;
37.779026;-1.483981;220;0;1;727;521;112.08;41.6;;;
37.779134;-1.484145;221;0;2;728;520;112.1;41.58;;;
37.779172;-1.484368;221;0;2;728;520;112.12;41.56;;;
37.779198;-1.484592;222;0;2;728;520;112.14;41.54;;;
37.779209;-1.484820;222;0;2;729;519;112.16;41.52;;;
37.779223;-1.485047;223;0;2;729;519;112.18;41.5;;;
37.779238;-1.485273;223;0;2;730;518;112.2;41.48;38;;
37.779252;-1.485500;223;0;2;730;518;112.22;41.46;;;
37.779266;-1.485727;224;0;3;731;517;112.24;41.44;;;
37.779281;-1.485954;224;0;3;731;517;112.26;41.42;;;
37.779296;-1.486181;225;0;3;732;516;112.28;41.4;;;
37.779311;-1.486407;226;0;3;732;516;112.3;41.38;39;;
37.779325;-1.486634;226;0;3;733;515;112.32;41.36;;;
37.779341;-1.486861;227;0;3;734;514;112.34;41.34;;;
37.779355;-1.487088;228;0;3;734;514;112.36;41.32;;;
37.779369;-1.487315;228;0;3;735;513;112.38;41.3;;;
37.779387;-1.487541;229;0;3;736;512;112.4;41.28;;;
37.779411;-1.487767;230;0;4;736;512;112.42;41.26;;;
37.779436;-1.487992;230;0;4;737;511;112.44;41.24;;;
37.779460;-1.488217;231;0;4;738;510;112.46;41.22;;;
37.779484;-1.488443;232;0;4;738;510;112.48;41.2;;;
37.779519;-1.488666;233;0;4;739;509;112.5;41.18;;;
37.779555;-1.488889;233;0;4;740;508;112.52;41.16;;;
37.779592;-1.489112;234;0;4;741;507;112.54;41.14;;;
37.779629;-1.489335;235;0;5;742;506;112.56;41.12;;;
37.779666;-1.489557;236;0;5;743;505;112.58;41.1;;;
37.779703;-1.489780;237;0;5;744;504;112.6;41.08;;;
37.779740;-1.490003;238;0;5;745;503;112.62;41.06;;;
37.779777;-1.490225;239;0;5;746;502;112.64;41.04;;;
37.779814;-1.490448;240;0;5;747;501;112.66;41.02;;;
37.779851;-1.490671;241;0;5;748;500;112.68;41;;;
37.779888;-1.490893;242;0;5;749;499;112.7;40.98;;;
37.779920;-1.491117;243;0;5;750;498;112.72;40.96;;;
37.779949;-1.491342;244;0;5;750;498;112.74;40.94;;;
37.779978;-1.491567;245;0;5;751;497;112.76;40.92;;;
37.780007;-1.491791;246;0;5;752;496;112.78;40.9;;;
37.780036;-1.492016;247;0;5;753;495;112.8;40.88;;;
37.780058;-1.492241;248;0;5;754;494;112.82;40.86;;;
37.780074;-1.492468;249;0;5;755;493;112.84;40.84;;;
37.780090;-1.492695;250;0;5;756;492;112.86;40.82;;;
37.780105;-1.492922;251;0;5;757;491;112.88;40.8;;;
37.780109;-1.493149;252;0;5;758;490;112.9;40.78;;;
37.780109;-1.493376;252;0;5;759;489;112.92;40.76;;;
37.780109;-1.493604;253;0;4;760;488;112.94;40.74;;;
37.780098;-1.493831;254;0;4;761;487;112.96;40.72;;;
37.780083;-1.494058;255;0;4;762;486;112.98;40.7;;;
37.780065;-1.494284;256;0;5;763;485;113;40.68;;;
37.780030;-1.494507;257;0;5;764;484;113.02;40.66;;;
37.779994;-1.494730;258;0;5;764;484;113.04;40.64;;;
37.779955;-1.494952;259;0;6;765;483;113.06;40.62;;;
37.779907;-1.495172;260;0;6;767;481;113.08;40.6;;;
37.779859;-1.495391;261;0;7;768;480;113.1;40.58;;;
37.779829;-1.495615;262;0;7;769;479;113.12;40.56;;;
37.779823;-1.495842;264;0;7;771;477;113.14;40.54;;;
37.779776;-1.496061;266;0;6;773;475;113.16;40.52;;;
37.779739;-1.496283;267;0;6;774;474;113.18;40.5;;;
37.779717;-1.496509;268;0;6;775;473;113.2;40.48;;;
37.779712;-1.496736;269;0;5;776;472;113.22;40.46;;;
37.779707;-1.496964;270;0;4;777;471;113.24;40.44;;;
37.779701;-1.497191;271;0;4;777;471;113.26;40.42;;;
37.779692;-1.497418;272;0;4;778;470;113.28;40.4;;;
37.779679;-1.497645;272;0;3;779;469;113.3;40.38;;;
37.779665;-1.497872;273;0;3;779;469;113.32;40.36;;;
37.779651;-1.498099;273;0;3;780;468;113.34;40.34;;;
37.779637;-1.498326;274;0;3;781;467;113.36;40.32;;;
37.779624;-1.498553;274;0;3;781;467;113.38;40.3;;;
37.779609;-1.498780;275;0;3;782;466;113.4;40.28;;;
37.779596;-1.499007;275;0;3;782;466;113.42;40.26;;;
37.779583;-1.499233;276;0;3;783;465;113.44;40.24;;;
37.779569;-1.499460;277;0;3;783;465;113.46;40.22;;;
37.779559;-1.499687;277;0;3;784;464;113.48;40.2;;;
37.779561;-1.499915;278;0;3;784;464;113.5;40.18;;;
37.779562;-1.500143;278;0;3;785;463;113.52;40.16;;;
37.779564;-1.500370;279;0;3;785;463;113.54;40.14;;;
37.779565;-1.500598;279;0;3;786;462;113.56;40.12;;;
37.779567;-1.500825;280;0;2;786;462;113.58;40.1;;;
37.779569;-1.501053;280;0;2;787;461;113.6;40.08;;;
37.779570;-1.501280;281;0;2;787;461;113.62;40.06;;;
37.779571;-1.501508;281;0;2;788;460;113.64;40.04;;;
37.779573;-1.501736;282;0;2;788;460;113.66;40.02;;;
37.779575;-1.501963;282;0;2;789;459;113.68;40;;;
37.779577;-1.502191;282;0;2;789;459;113.7;39.98;;;
37.779578;-1.502418;283;0;1;789;459;113.72;39.96;;;
37.779575;-1.502646;283;0;1;790;458;113.74;39.94;;;
37.779560;-1.502872;283;0;1;790;458;113.76;39.92;;;
37.779546;-1.503099;283;0;1;790;458;113.78;39.9;;;
37.779531;-1.503326;283;0;1;790;458;113.8;39.88;;;
37.779498;-1.503550;284;0;1;791;457;113.82;39.86;;;
37.779462;-1.503772;284;0;1;791;457;113.84;39.84;;;
37.779442;-1.503998;284;0;1;791;457;113.86;39.82;;;
37.779453;-1.504218;284;0;1;791;457;113.88;39.8;;;
37.779432;-1.504423;285;0;1;792;456;113.9;39.78;;;
37.779296;-1.504557;285;0;1;792;456;113.92;39.76;;;
37.779201;-1.504750;285;0;1;792;456;113.94;39.74;;;
37.779122;-1.504954;286;0;1;792;456;113.96;39.72;;;
37.779042;-1.505158;286;0;1;792;456;113.98;39.7;;;
37.778962;-1.505362;286;0;1;793;455;114;39.68;;;
37.778882;-1.505566;286;0;1;793;455;114.02;39.66;;;
37.778802;-1.505770;286;0;1;793;455;114.04;39.64;;;
37.778723;-1.505974;286;0;1;793;455;114.06;39.62;;;
37.778643;-1.506178;287;0;1;793;455;114.08;39.6;;;
37.778567;-1.506384;287;0;1;794;454;114.1;39.58;;;
37.778496;-1.506593;287;0;1;794;454;114.12;39.56;;;
37.778425;-1.506802;287;0;1;794;454;114.14;39.54;;;
37.778378;-1.507022;287;0;1;794;454;114.16;39.52;;;
37.778333;-1.507242;288;0;1;794;454;114.18;39.5;;;
37.778288;-1.507463;288;0;1;794;454;114.2;39.48;;;
37.778259;-1.507687;288;0;1;795;453;114.22;39.46;;;
37.778233;-1.507912;288;0;1;795;453;114.24;39.44;;;
37.778225;-1.508139;289;0;2;795;453;114.26;39.42;;;
37.778220;-1.508367;289;0;2;796;452;114.28;39.4;;;
37.778227;-1.508594;289;0;2;796;452;114.3;39.38;;;
37.778235;-1.508821;290;0;2;796;452;114.32;39.36;;;
37.778250;-1.509048;290;0;2;797;451;114.34;39.34;;;
37.778274;-1.509273;290;0;2;797;451;114.36;39.32;;;
37.778299;-1.509499;291;0;3;798;450;114.38;39.3;;;
37.778299;-1.509726;291;0;3;798;450;114.4;39.28;;;
37.778299;-1.509954;292;0;3;798;450;114.42;39.26;;;
37.778304;-1.510181;293;0;3;800;448;114.44;39.24;;;
37.778347;-1.510400;294;0;3;801;447;114.46;39.22;;;
37.778446;-1.510588;294;0;3;801;447;114.48;39.2;;;
37.778556;-1.510768;295;0;3;801;447;114.5;39.18;;;
37.778666;-1.510948;295;0;2;802;446;114.52;39.16;;;
37.778776;-1.511128;296;0;2;802;446;114.54;39.14;;;
37.778885;-1.511309;296;0;2;803;445;114.56;39.12;;;
37.778996;-1.511488;296;0;2;803;445;114.58;39.1;;;
37.779106;-1.511668;297;0;2;803;445;114.6;39.08;;;
37.779216;-1.511848;297;0;2;804;444;114.62;39.06;;;
37.779327;-1.512028;298;0;2;804;444;114.64;39.04;;;
37.779437;-1.512207;298;0;2;805;443;114.66;39.02;;;
37.779548;-1.512386;299;0;2;805;443;114.68;39;;;
37.779659;-1.512566;299;0;2;806;442;114.7;38.98;;;
37.779769;-1.512746;300;0;2;806;442;114.72;38.96;;;
37.779879;-1.512925;300;0;2;807;441;114.74;38.94;;;
37.779989;-1.513105;301;0;2;807;441;114.76;38.92;;;
37.780100;-1.513285;301;0;3;808;440;114.78;38.9;;;
37.780210;-1.513465;302;0;3;808;440;114.8;38.88;;;
37.780321;-1.513644;302;0;3;809;439;114.82;38.86;;;
37.780431;-1.513824;303;0;3;809;439;114.84;38.84;;;
37.780542;-1.514003;303;0;3;810;438;114.86;38.82;;;
37.780652;-1.514183;304;0;3;810;438;114.88;38.8;;;
37.780763;-1.514362;304;0;3;811;437;114.9;38.78;;;
37.780873;-1.514542;305;0;3;812;436;114.92;38.76;;;
37.780983;-1.514722;305;0;3;812;436;114.94;38.74;;;
37.781093;-1.514902;306;0;3;813;435;114.96;38.72;;;
37.781204;-1.515081;306;0;3;813;435;114.98;38.7;;;
37.781314;-1.515261;307;0;3;814;434;115;38.68;;;
37.781425;-1.515441;308;0;3;814;434;115.02;38.66;;;
37.781535;-1.515620;308;0;3;815;433;115.04;38.64;;;
37.781646;-1.515800;309;0;3;816;432;115.06;38.62;;;
37.781756;-1.515980;309;0;4;816;432;115.08;38.6;;;
37.781866;-1.516159;310;0;4;817;431;115.1;38.58;;;
37.781977;-1.516339;311;0;4;817;431;115.12;38.56;;;
37.782062;-1.516538;312;0;4;819;429;115.14;38.54;;;
37.782132;-1.516748;313;0;4;820;428;115.16;38.52;;;
37.782205;-1.516956;314;0;4;820;428;115.18;38.5;;;
37.782290;-1.517156;314;0;4;821;427;115.2;38.48;;;
37.782375;-1.517356;315;0;3;822;426;115.22;38.46;;;
37.782460;-1.517557;316;0;3;822;426;115.24;38.44;;;
37.782546;-1.517757;316;0;3;823;425;115.26;38.42;;;
37.782631;-1.517958;317;0;3;824;424;115.28;38.4;;;
37.782717;-1.518158;318;0;3;824;424;115.3;38.38;;;
37.782802;-1.518358;318;0;3;825;423;115.32;38.36;;;
37.782887;-1.518559;319;0;3;826;422;115.34;38.34;;;
37.782972;-1.518759;319;0;3;826;422;115.36;38.32;;;
37.783057;-1.518960;320;0;3;827;421;115.38;38.3;;;
37.783143;-1.519160;321;0;3;827;421;115.4;38.28;;;
37.783228;-1.519360;321;0;3;828;420;115.42;38.26;;;
37.783313;-1.519561;322;0;3;829;419;115.44;38.24;;;
37.783398;-1.519761;323;0;3;829;419;115.46;38.22;;;
37.783484;-1.519961;323;0;3;830;418;115.48;38.2;;;
37.783569;-1.520162;324;0;3;831;417;115.5;38.18;;;
37.783654;-1.520362;325;0;3;831;417;115.52;38.16;;;
37.783739;-1.520563;325;0;4;832;416;115.54;38.14;;;
37.783834;-1.520755;326;0;4;833;415;115.56;38.12;;;
37.783942;-1.520937;327;0;4;834;414;115.58;38.1;;;
37.784050;-1.521120;328;0;4;834;414;115.6;38.08;;;
37.784158;-1.521302;328;0;4;835;413;115.62;38.06;;;
37.784265;-1.521484;329;0;4;836;412;115.64;38.04;;;
37.784373;-1.521666;330;0;4;837;411;115.66;38.02;;;
37.784481;-1.521849;331;0;4;837;411;115.68;38;;;
37.784588;-1.522031;331;0;4;838;410;115.7;37.98;;;
37.784696;-1.522213;332;0;4;839;409;115.72;37.96;;;
37.784804;-1.522395;333;0;4;840;408;115.74;37.94;;;
37.784912;-1.522577;334;0;4;841;407;115.76;37.92;;;
37.785020;-1.522760;335;0;4;841;407;115.78;37.9;;;
37.785127;-1.522942;336;0;4;842;406;115.8;37.88;;;
37.785235;-1.523124;336;0;4;843;405;115.82;37.86;;;
37.785343;-1.523306;337;0;4;844;404;115.84;37.84;;;
37.785450;-1.523489;338;0;4;845;403;115.86;37.82;;;
37.785558;-1.523671;339;0;4;845;403;115.88;37.8;;;
37.785678;-1.523840;339;0;4;846;402;115.9;37.78;;;
37.785803;-1.524003;340;0;4;847;401;115.92;37.76;;;
37.785953;-1.524129;341;0;4;848;400;115.94;37.74;;;
37.786109;-1.524241;342;0;4;849;399;115.96;37.72;;;
37.786266;-1.524353;343;0;4;850;398;115.98;37.7;;;
37.786422;-1.524465;344;0;4;851;397;116;37.68;;;
37.786579;-1.524578;345;0;4;851;397;116.02;37.66;;;
37.786735;-1.524690;345;0;4;852;396;116.04;37.64;;;
37.786892;-1.524802;346;0;4;853;395;116.06;37.62;;;
37.787048;-1.524914;347;0;4;854;394;116.08;37.6;;;
37.787205;-1.525026;348;0;4;855;393;116.1;37.58;;;
37.787361;-1.525138;349;0;4;856;392;116.12;37.56;;;
37.787518;-1.525250;350;0;4;856;392;116.14;37.54;;;
37.787674;-1.525362;351;0;4;857;391;116.16;37.52;;;
37.787831;-1.525475;351;0;4;858;390;116.18;37.5;;;
37.787987;-1.525587;352;0;4;859;389;116.2;37.48;;;
37.788144;-1.525699;353;0;4;860;388;116.22;37.46;;;
37.788300;-1.525811;354;0;4;861;387;116.24;37.44;;;
37.788457;-1.525923;355;0;4;862;386;116.26;37.42;;;
37.788613;-1.526035;356;0;4;862;386;116.28;37.4;;;
37.788770;-1.526147;357;0;4;863;385;116.3;37.38;;;
37.788927;-1.526260;358;0;4;864;384;116.32;37.36;;;
37.789083;-1.526372;359;0;4;865;383;116.34;37.34;;;
37.789241;-1.526481;359;0;4;866;382;116.36;37.32;;;
37.789399;-1.526589;360;0;4;867;381;116.38;37.3;;;
37.789557;-1.526697;361;0;4;868;380;116.4;37.28;;;
37.789726;-1.526775;362;0;4;869;379;116.42;37.26;;;
37.789897;-1.526844;363;0;4;870;378;116.44;37.24;;;
37.790068;-1.526914;364;0;4;870;378;116.46;37.22;;;
37.790240;-1.526983;365;0;4;871;377;116.48;37.2;;;
37.790411;-1.527052;365;0;5;872;376;116.5;37.18;;;
37.790583;-1.527120;366;0;5;873;375;116.52;37.16;;;
37.790754;-1.527188;367;0;5;874;374;116.54;37.14;;;
37.790926;-1.527256;368;0;5;875;373;116.56;37.12;;;
37.791098;-1.527325;369;0;5;876;372;116.58;37.1;;;
37.791269;-1.527393;370;0;5;877;371;116.6;37.08;;;
37.791441;-1.527461;371;0;5;878;370;116.62;37.06;;;
37.791613;-1.527529;372;0;5;879;369;116.64;37.04;;;
37.791784;-1.527597;373;0;5;880;368;116.66;37.02;;;
37.791950;-1.527687;374;0;5;881;367;116.68;37;;;
37.792115;-1.527777;375;0;5;882;366;116.7;36.98;;;
37.792280;-1.527867;376;0;4;883;365;116.72;36.96;;;
37.792443;-1.527961;377;0;4;884;364;116.74;36.94;;;
37.792606;-1.528058;378;0;4;885;363;116.76;36.92;;;
37.792769;-1.528155;379;0;4;885;363;116.78;36.9;;;
37.792930;-1.528256;380;0;5;886;362;116.8;36.88;;;
37.793082;-1.528377;380;0;5;887;361;116.82;36.86;;;
37.793232;-1.528503;381;0;5;888;360;116.84;36.84;;;
37.793379;-1.528634;382;0;5;889;359;116.86;36.82;;;
37.793527;-1.528764;384;0;5;890;358;116.88;36.8;;;
37.793674;-1.528895;385;0;5;891;357;116.9;36.78;;;
37.793814;-1.529037;386;0;5;892;356;116.92;36.76;;;
37.793940;-1.529199;387;0;5;893;355;116.94;36.74;;;
37.794066;-1.529361;388;0;5;894;354;116.96;36.72;;;
37.794178;-1.529538;389;0;5;895;353;116.98;36.7;;;
37.794280;-1.529726;390;0;5;896;352;117;36.68;;;
37.794381;-1.529914;391;0;5;897;351;117.02;36.66;;;
37.794485;-1.530100;392;0;5;898;350;117.04;36.64;;;
37.794592;-1.530283;393;0;5;899;349;117.06;36.62;;;
37.794699;-1.530465;394;0;5;900;348;117.08;36.6;;;
37.794806;-1.530648;395;0;6;902;346;117.1;36.58;;;
37.794914;-1.530831;396;0;6;903;345;117.12;36.56;;;
37.795021;-1.531014;397;0;6;904;344;117.14;36.54;;;
37.795128;-1.531196;398;0;6;905;343;117.16;36.52;;;
37.795235;-1.531379;399;0;6;906;342;117.18;36.5;;;
37.795344;-1.531560;401;0;6;907;341;117.2;36.48;;;
37.795466;-1.531727;402;0;6;908;340;117.22;36.46;;;
37.795588;-1.531895;403;0;6;909;339;117.24;36.44;;;
37.795710;-1.532062;404;0;6;911;337;117.26;36.42;;;
37.795832;-1.532229;405;0;6;912;336;117.28;36.4;;;
37.795950;-1.532401;406;0;6;913;335;117.3;36.38;;;
37.796068;-1.532573;408;0;6;914;334;117.32;36.36;;;
37.796186;-1.532745;409;0;6;916;332;117.34;36.34;;;
37.796304;-1.532917;410;0;6;917;331;117.36;36.32;;;
37.796422;-1.533089;411;0;6;918;330;117.38;36.3;;;
37.796535;-1.533266;412;0;6;919;329;117.4;36.28;;;
37.796648;-1.533442;414;0;6;921;327;117.42;36.26;;;
37.796770;-1.533610;415;0;6;922;326;117.44;36.24;;;
37.796893;-1.533776;416;0;6;923;325;117.46;36.22;;;
37.797016;-1.533942;417;0;6;924;324;117.48;36.2;;;
37.797139;-1.534108;418;0;5;925;323;117.5;36.18;;;
37.797247;-1.534290;419;0;6;926;322;117.52;36.16;;;
37.797330;-1.534490;421;0;6;927;321;117.54;36.14;;;
37.797378;-1.534708;422;0;6;929;319;117.56;36.12;;;
37.797419;-1.534930;423;0;6;929;319;117.58;36.1;;;
37.797524;-1.535114;425;0;6;931;317;117.6;36.08;;;
37.797643;-1.535285;426;0;6;932;316;117.62;36.06;;;
37.797763;-1.535454;427;0;6;934;314;117.64;36.04;;;
37.797882;-1.535625;428;0;6;935;313;117.66;36.02;;;
37.798001;-1.535795;429;0;5;936;312;117.68;36;;;
37.798121;-1.535966;430;0;5;937;311;117.7;35.98;;;
37.798240;-1.536136;431;0;5;938;310;117.72;35.96;;;
37.798359;-1.536307;432;0;5;939;309;117.74;35.94;;;
37.798478;-1.536477;433;0;5;940;308;117.76;35.92;;;
37.798598;-1.536647;434;0;5;941;307;117.78;35.9;;;
37.798717;-1.536818;435;0;5;942;306;117.8;35.88;;;
37.798805;-1.537014;437;0;4;943;305;117.82;35.86;;;
37.798869;-1.537227;437;0;4;944;304;117.84;35.84;;;
37.798932;-1.537440;438;0;4;945;303;117.86;35.82;;;
37.799001;-1.537650;438;0;4;945;303;117.88;35.8;;;
37.799090;-1.537848;439;0;3;946;302;117.9;35.78;;;
37.799177;-1.538047;440;0;3;947;301;117.92;35.76;;;
37.799265;-1.538246;441;0;4;947;301;117.94;35.74;;;
37.799352;-1.538445;441;0;4;948;300;117.96;35.72;;;
37.799438;-1.538644;442;0;4;949;299;117.98;35.7;;;
37.799524;-1.538845;443;0;4;949;299;118;35.68;;;
37.799635;-1.539023;444;0;4;950;298;118.02;35.66;;;
37.799767;-1.539177;444;0;4;951;297;118.04;35.64;;;
37.799917;-1.539301;445;0;4;952;296;118.06;35.62;;;
37.800072;-1.539416;446;0;4;953;295;118.08;35.6;;;
37.800228;-1.539530;447;0;4;953;295;118.1;35.58;;;
37.800383;-1.539644;447;0;4;954;294;118.12;35.56;;;
37.800539;-1.539759;448;0;4;955;293;118.14;35.54;;;
37.800694;-1.539873;449;0;4;955;293;118.16;35.52;;;
37.800840;-1.540006;450;0;4;956;292;118.18;35.5;;;
37.800983;-1.540144;451;0;4;957;291;118.2;35.48;;;
37.801113;-1.540301;452;0;4;958;290;118.22;35.46;;;
37.801238;-1.540464;453;0;4;959;289;118.24;35.44;;;
37.801335;-1.540656;453;0;4;960;288;118.26;35.42;;;
37.801429;-1.540850;454;0;4;960;288;118.28;35.4;;;
37.801523;-1.541044;454;0;4;961;287;118.3;35.38;;;
37.801633;-1.541223;455;0;4;962;286;118.32;35.36;;;
37.801753;-1.541392;456;0;4;963;285;118.34;35.34;;;
37.801863;-1.541571;457;0;5;964;284;118.36;35.32;;;
37.801957;-1.541765;458;0;5;964;284;118.38;35.3;;;
37.802020;-1.541978;459;0;5;966;282;118.4;35.28;;;
37.802039;-1.542203;460;0;5;967;281;118.42;35.26;;;
37.802036;-1.542431;461;0;5;968;280;118.44;35.24;;;
37.801998;-1.542652;462;0;5;969;279;118.46;35.22;;;
37.801938;-1.542866;463;0;5;970;278;118.48;35.2;;;
37.801877;-1.543081;464;0;5;970;278;118.5;35.18;;;
37.801816;-1.543295;464;0;5;971;277;118.52;35.16;;;
37.801737;-1.543499;465;0;5;972;276;118.54;35.14;;;
37.801654;-1.543701;467;0;5;973;275;118.56;35.12;;;
37.801620;-1.543923;468;0;6;975;273;118.58;35.1;;;
37.801670;-1.544140;469;0;6;976;272;118.6;35.08;;;
37.801802;-1.544293;471;0;5;977;271;118.62;35.06;;;
37.801962;-1.544395;472;0;5;978;270;118.64;35.04;;;
37.802123;-1.544498;472;0;5;979;269;118.66;35.02;;;
37.802284;-1.544600;473;0;5;980;268;118.68;35;;;
37.802445;-1.544702;474;0;5;981;267;118.7;34.98;;;
37.802605;-1.544804;475;0;5;982;266;118.72;34.96;;;
37.802766;-1.544906;476;0;5;982;266;118.74;34.94;;;
37.802920;-1.545022;477;0;6;984;264;118.76;34.92;;;
37.803067;-1.545153;478;0;6;985;263;118.78;34.9;;;
37.803205;-1.545299;480;0;6;986;262;118.8;34.88;;;
37.803329;-1.545462;481;0;6;988;260;118.82;34.86;;;
37.803404;-1.545668;482;0;5;989;259;118.84;34.84;;;
37.803473;-1.545878;483;0;5;990;258;118.86;34.82;;;
37.803541;-1.546089;484;0;5;991;257;118.88;34.8;;;
37.803615;-1.546296;485;0;4;992;256;118.9;34.78;;;
37.803704;-1.546494;486;0;4;992;256;118.92;34.76;;;
37.803793;-1.546692;487;0;4;993;255;118.94;34.74;;;
37.803882;-1.546890;487;0;5;994;254;118.96;34.72;;;
37.803955;-1.547097;488;0;5;995;253;118.98;34.7;;;
37.804025;-1.547307;489;0;5;996;252;119;34.68;;;
37.804095;-1.547517;490;0;6;997;251;119.02;34.66;;;
37.804165;-1.547727;491;0;7;998;250;119.04;34.64;;;
37.804235;-1.547936;492;0;7;999;249;119.06;34.62;;;
37.804316;-1.548137;494;0;9;1001;247;119.08;34.6;;;
37.804468;-1.548253;496;0;9;1003;245;119.1;34.58;;;
37.804641;-1.548313;498;0;9;1005;243;119.12;34.56;;;
37.804812;-1.548380;499;0;9;1006;242;119.14;34.54;;;
37.804893;-1.548568;504;0;9;1011;237;119.16;34.52;;;
37.804884;-1.548794;506;0;9;1012;236;119.18;34.5;;;
37.804862;-1.549020;507;0;9;1013;235;119.2;34.48;;;
37.804839;-1.549246;508;0;9;1015;233;119.22;34.46;;;
37.804713;-1.549388;512;0;9;1019;229;119.24;34.44;;;
37.804534;-1.549369;514;0;9;1020;228;119.26;34.42;;;
37.804376;-1.549461;516;0;9;1023;225;119.28;34.4;;;
37.804255;-1.549629;518;0;9;1024;224;119.3;34.38;;;
37.804150;-1.549813;519;0;7;1026;222;119.32;34.36;;;
37.804050;-1.550002;520;0;7;1027;221;119.34;34.34;;;
37.803949;-1.550191;521;0;6;1028;220;119.36;34.32;;;
37.803848;-1.550379;523;0;6;1029;219;119.38;34.3;;;
37.803771;-1.550581;524;0;6;1031;217;119.4;34.28;;;
37.803735;-1.550804;525;0;7;1032;216;119.42;34.26;;;
37.803721;-1.551031;526;0;7;1033;215;119.44;34.24;;;
37.803787;-1.551239;528;0;7;1034;214;119.46;34.22;;;
37.803863;-1.551445;529;0;7;1036;212;119.48;34.2;;;
37.803919;-1.551659;531;0;7;1038;210;119.5;34.18;;;
37.803904;-1.551886;533;0;7;1039;209;119.52;34.16;;;
37.803911;-1.552112;534;0;7;1040;208;119.54;34.14;;;
37.803922;-1.552336;535;0;7;1042;206;119.56;34.12;;;
37.803829;-1.552529;537;0;6;1043;205;119.58;34.1;;;
37.803688;-1.552671;538;0;7;1044;204;119.6;34.08;;;
37.803547;-1.552811;539;0;7;1046;202;119.62;34.06;;;
37.803411;-1.552960;540;0;8;1047;201;119.64;34.04;;;
37.803281;-1.553117;541;0;8;1048;200;119.66;34.02;;;
37.803130;-1.553237;543;0;8;1050;198;119.68;34;;;
37.802984;-1.553354;545;0;8;1052;196;119.7;33.98;;;
37.802929;-1.553566;547;0;8;1054;194;119.72;33.96;;;
37.802929;-1.553793;549;0;8;1056;192;119.74;33.94;;;
37.802941;-1.554020;550;0;9;1057;191;119.76;33.92;;;
37.802953;-1.554247;551;0;8;1058;190;119.78;33.9;;;
37.802985;-1.554470;553;0;7;1059;189;119.8;33.88;;;
37.803020;-1.554687;554;0;7;1061;187;119.82;33.86;;;
37.802913;-1.554857;557;0;7;1064;184;119.84;33.84;;;
37.802765;-1.554986;558;0;8;1065;183;119.86;33.82;;;
37.802616;-1.555113;559;0;8;1066;182;119.88;33.8;;;
37.802519;-1.555304;561;0;8;1067;181;119.9;33.78;;;
37.802424;-1.555498;562;0;7;1069;179;119.92;33.76;;;
37.802270;-1.555601;564;0;7;1070;178;119.94;33.74;;;
37.802094;-1.555613;565;0;8;1072;176;119.96;33.72;;;
37.801943;-1.555497;568;0;8;1074;174;119.98;33.7;;;
37.801821;-1.555331;568;0;8;1075;173;120;33.68;;;
37.801670;-1.555208;569;0;8;1076;172;120.02;33.66;;;
37.801496;-1.555222;572;0;7;1078;170;120.04;33.64;;;
37.801389;-1.555401;574;0;7;1080;168;120.06;33.62;;;
37.801353;-1.555623;575;0;7;1082;166;120.08;33.6;;;
37.801361;-1.555849;576;0;7;1083;165;120.1;33.58;;;
37.801378;-1.556076;577;0;6;1084;164;120.12;33.56;;;
37.801370;-1.556299;578;0;5;1085;163;120.14;33.54;;;
37.801235;-1.556432;579;0;4;1086;162;120.16;33.52;;;
37.801064;-1.556503;580;0;4;1087;161;120.18;33.5;;;
37.800894;-1.556578;581;0;4;1087;161;120.2;33.48;;;
37.800729;-1.556669;581;0;3;1088;160;120.22;33.46;;;
37.800587;-1.556806;582;0;3;1089;159;120.24;33.44;;;
37.800464;-1.556971;582;0;3;1089;159;120.26;33.42;;;
37.800340;-1.557137;583;0;3;1090;158;120.28;33.4;;;
37.800217;-1.557303;583;0;3;1090;158;120.3;33.38;;;
37.800130;-1.557502;584;0;3;1091;157;120.32;33.36;;;
37.800042;-1.557700;585;0;3;1091;157;120.34;33.34;;;
37.799902;-1.557823;586;0;3;1092;156;120.36;33.32;;;
37.799724;-1.557836;586;0;3;1093;155;120.38;33.3;;;
37.799544;-1.557831;587;0;3;1093;155;120.4;33.28;;;
37.799366;-1.557853;587;0;3;1094;154;120.42;33.26;;;
37.799196;-1.557925;588;0;2;1095;153;120.44;33.24;;;
37.799027;-1.558003;588;0;2;1095;153;120.46;33.22;;;
37.798858;-1.558081;589;0;3;1095;153;120.48;33.2;;;
37.798692;-1.558170;589;0;3;1096;152;120.5;33.18;;;
37.798527;-1.558261;590;0;3;1096;152;120.52;33.16;;;
37.798397;-1.558415;590;0;3;1097;151;120.54;33.14;;;
37.798264;-1.558567;591;0;2;1098;150;120.56;33.12;;;
37.798144;-1.558735;592;0;2;1098;150;120.58;33.1;;;
37.798044;-1.558924;592;0;2;1099;149;120.6;33.08;;;
37.797965;-1.559127;592;0;2;1099;149;120.62;33.06;;;
37.797897;-1.559338;592;0;1;1099;149;120.64;33.04;;;
37.797830;-1.559549;593;0;1;1099;149;120.66;33.02;;;
37.797762;-1.559760;593;0;1;1100;148;120.68;33;;;
37.797653;-1.559941;593;0;1;1100;148;120.7;32.98;;;
37.797520;-1.560089;594;0;1;1100;148;120.72;32.96;;;
37.797366;-1.560206;594;0;1;1100;148;120.74;32.94;;;
37.797211;-1.560322;594;0;1;1101;147;120.76;32.92;;;
37.797042;-1.560398;594;0;1;1101;147;120.78;32.9;;;
37.796867;-1.560442;595;0;2;1101;147;120.8;32.88;;;
37.796689;-1.560475;595;0;2;1102;146;120.82;32.86;;;
37.796511;-1.560509;595;0;2;1102;146;120.84;32.84;;;
37.796358;-1.560614;596;0;2;1102;146;120.86;32.82;;;
37.796241;-1.560785;596;0;3;1103;145;120.88;32.8;;;
37.796216;-1.561004;597;0;3;1104;144;120.9;32.78;;;
37.796243;-1.561228;598;0;3;1104;144;120.92;32.76;;;
37.796325;-1.561430;598;0;3;1105;143;120.94;32.74;;;
37.796421;-1.561622;599;0;3;1106;142;120.96;32.72;;;
37.796537;-1.561793;600;0;3;1106;142;120.98;32.7;;;
37.796668;-1.561950;600;0;3;1107;141;121;32.68;;;
37.796823;-1.562058;601;0;3;1108;140;121.02;32.66;;;
37.796991;-1.562136;602;0;3;1108;140;121.04;32.64;;;
37.797169;-1.562172;602;0;3;1109;139;121.06;32.62;;;
37.797348;-1.562193;603;0;4;1109;139;121.08;32.6;;;
37.797523;-1.562240;603;0;5;1110;138;121.1;32.58;;;
37.797679;-1.562336;604;0;5;1111;137;121.12;32.56;;;
37.797768;-1.562529;605;0;5;1112;136;121.14;32.54;;;
37.797701;-1.562732;607;0;5;1114;134;121.16;32.52;;;
37.797551;-1.562848;608;0;5;1115;133;121.18;32.5;;;
37.797371;-1.562836;609;0;5;1116;132;121.2;32.48;;;
37.797192;-1.562824;609;0;4;1116;132;121.22;32.46;;;
37.797012;-1.562812;610;0;3;1116;132;121.24;32.44;;;
37.796839;-1.562862;611;0;4;1118;130;121.26;32.42;;;
37.796680;-1.562966;611;0;4;1118;130;121.28;32.4;;;
37.796510;-1.563019;612;0;5;1119;129;121.3;32.38;;;
37.796331;-1.563026;613;0;5;1119;129;121.32;32.36;;;
37.796170;-1.563125;614;0;5;1121;127;121.34;32.34;;;
37.796063;-1.563301;616;0;5;1122;126;121.36;32.32;;;
37.796084;-1.563517;617;0;5;1124;124;121.38;32.3;;;
37.796184;-1.563706;617;0;6;1124;124;121.4;32.28;;;
37.796284;-1.563895;618;0;5;1125;123;121.42;32.26;;;
37.796351;-1.564101;619;0;4;1126;122;121.44;32.24;;;
37.796258;-1.564246;621;0;4;1128;120;121.46;32.22;;;
37.796080;-1.564230;622;0;4;1128;120;121.48;32.2;;;
37.795910;-1.564153;622;0;3;1129;119;121.5;32.18;;;
37.795736;-1.564149;622;0;3;1129;119;121.52;32.16;;;
37.795573;-1.564243;623;0;2;1130;118;121.54;32.14;;;
37.795417;-1.564349;623;0;1;1130;118;121.56;32.12;;;
37.795255;-1.564271;623;0;1;1130;118;121.58;32.1;;;
37.795119;-1.564122;624;0;1;1130;118;121.6;32.08;;;
37.794951;-1.564052;624;0;0;1130;118;121.62;32.06;;;
37.794773;-1.564017;624;0;0;1130;118;121.64;32.04;;;
37.794598;-1.564055;623;0;-1;1130;118;121.66;32.02;;;
37.794442;-1.564164;623;0;-1;1130;118;121.68;32;;;
37.794300;-1.564301;623;0;-2;1130;118;121.7;31.98;;;
37.794239;-1.564497;623;0;-2;1130;118;121.72;31.96;;;
37.794295;-1.564706;622;0;-2;1130;118;121.74;31.94;;;
37.794386;-1.564903;622;0;-2;1130;118;121.76;31.92;;;
37.794477;-1.565099;621;0;-3;1130;118;121.78;31.9;;;
37.794567;-1.565296;621;0;-3;1130;118;121.8;31.88;40;summit;3
37.794658;-1.565493;620;0;-3;1130;118;121.82;31.86;;;
37.794751;-1.565687;619;0;-3;1130;118;121.84;31.84;;;
37.794863;-1.565865;619;0;-3;1130;118;121.86;31.82;;;
37.794976;-1.566042;618;0;-4;1130;118;121.88;31.8;;;
37.795088;-1.566220;618;0;-4;1130;118;121.9;31.78;;;
37.795213;-1.566383;617;0;-4;1130;118;121.92;31.76;;;
37.795343;-1.566541;616;0;-5;1130;118;121.94;31.74;;;
37.795490;-1.566667;615;0;-5;1130;118;121.96;31.72;;;
37.795666;-1.566707;613;0;-6;1130;118;121.98;31.7;;;
37.795838;-1.566642;613;0;-6;1130;118;122;31.68;;;
37.796014;-1.566619;611;0;-6;1130;118;122.02;31.66;;;
37.796163;-1.566736;610;0;-6;1130;118;122.04;31.64;;;
37.796290;-1.566896;609;0;-6;1130;118;122.06;31.62;;;
37.796397;-1.567078;607;0;-6;1130;118;122.08;31.6;;;
37.796455;-1.567290;606;0;-6;1130;118;122.1;31.58;;;
37.796492;-1.567509;605;0;-6;1130;118;122.12;31.56;;;
37.796604;-1.567685;604;0;-6;1130;118;122.14;31.54;;;
37.796730;-1.567847;603;0;-6;1130;118;122.16;31.52;;;
37.796858;-1.568007;602;0;-6;1130;118;122.18;31.5;;;
37.797018;-1.568108;600;0;-6;1130;118;122.2;31.48;;;
37.797192;-1.568164;599;0;-5;1130;118;122.22;31.46;;;
37.797370;-1.568189;598;0;-5;1130;118;122.24;31.44;;;
37.797495;-1.568341;596;0;-5;1130;118;122.26;31.42;;;
37.797548;-1.568559;596;0;-4;1130;118;122.28;31.4;;;
37.797599;-1.568777;595;0;-3;1130;118;122.3;31.38;;;
37.797636;-1.568997;595;0;-3;1130;118;122.32;31.36;;;
37.797563;-1.569196;594;0;-2;1130;118;122.34;31.34;;;
37.797414;-1.569312;594;0;-2;1130;118;122.36;31.32;;;
37.797241;-1.569373;594;0;-1;1130;118;122.38;31.3;;;
37.797068;-1.569434;593;0;-1;1130;118;122.4;31.28;;;
37.796910;-1.569533;593;0;0;1130;118;122.42;31.26;;;
37.796838;-1.569722;593;0;0;1130;118;122.44;31.24;;;
37.796903;-1.569932;593;0;0;1130;118;122.46;31.22;;;
37.796961;-1.570144;593;0;1;1131;117;122.48;31.2;;;
37.796940;-1.570366;594;0;1;1131;117;122.5;31.18;;;
37.796888;-1.570584;594;0;1;1131;117;122.52;31.16;;;
37.796824;-1.570797;594;0;2;1131;117;122.54;31.14;;;
37.796780;-1.571016;594;0;2;1132;116;122.56;31.12;;;
37.796802;-1.571241;595;0;2;1132;116;122.58;31.1;;;
37.796863;-1.571455;595;0;2;1133;115;122.6;31.08;;;
37.796944;-1.571659;596;0;2;1133;115;122.62;31.06;;;
37.797024;-1.571862;596;0;2;1133;115;122.64;31.04;;;
37.797104;-1.572066;596;0;2;1133;115;122.66;31.02;;;
37.797158;-1.572283;597;0;2;1134;114;122.68;31;;;
37.797208;-1.572502;597;0;3;1134;114;122.7;30.98;;;
37.797299;-1.572696;598;0;3;1135;113;122.72;30.96;;;
37.797431;-1.572838;598;0;4;1136;112;122.74;30.94;;;
37.797604;-1.572799;599;0;4;1136;112;122.76;30.92;;;
37.797777;-1.572739;600;0;4;1137;111;122.78;30.9;;;
37.797923;-1.572826;601;0;3;1139;109;122.8;30.88;;;
37.797891;-1.573035;602;0;3;1140;108;122.82;30.86;;;
37.797752;-1.573178;602;0;3;1140;108;122.84;30.84;;;
37.797623;-1.573335;603;0;2;1140;108;122.86;30.82;;;
37.797518;-1.573517;603;0;1;1140;108;122.88;30.8;;;
37.797568;-1.573722;603;0;1;1140;108;122.9;30.78;;;
37.797678;-1.573902;603;0;1;1140;108;122.92;30.76;;;
37.797811;-1.574052;603;0;0;1141;107;122.94;30.74;;;
37.797958;-1.574184;603;0;0;1141;107;122.96;30.72;;;
37.798104;-1.574316;603;0;0;1141;107;122.98;30.7;;;
37.798250;-1.574449;603;0;-1;1141;107;123;30.68;;;
37.798395;-1.574583;603;0;-1;1141;107;123.02;30.66;;;
37.798541;-1.574718;603;0;-2;1141;107;123.04;30.64;;;
37.798686;-1.574852;603;0;-2;1141;107;123.06;30.62;;;
37.798773;-1.575041;602;0;-2;1141;107;123.08;30.6;;;
37.798736;-1.575253;601;0;-2;1141;107;123.1;30.58;;;
37.798603;-1.575402;601;0;-3;1141;107;123.12;30.56;;;
37.798460;-1.575540;600;0;-3;1141;107;123.14;30.54;;;
37.798319;-1.575681;600;0;-3;1141;107;123.16;30.52;;;
37.798180;-1.575825;599;0;-3;1141;107;123.18;30.5;;;
37.798040;-1.575968;599;0;-3;1141;107;123.2;30.48;41;;
37.797900;-1.576112;598;0;-3;1141;107;123.22;30.46;;;
37.797761;-1.576256;598;0;-3;1141;107;123.24;30.44;;;
37.797623;-1.576402;597;0;-3;1141;107;123.26;30.42;;;
37.797489;-1.576554;597;0;-3;1141;107;123.28;30.4;;;
37.797355;-1.576706;596;0;-3;1141;107;123.3;30.38;;;
37.797222;-1.576858;596;0;-3;1141;107;123.32;30.36;;;
37.797095;-1.577020;595;0;-3;1141;107;123.34;30.34;;;
37.796969;-1.577182;594;0;-3;1141;107;123.36;30.32;;;
37.796849;-1.577352;594;0;-3;1141;107;123.38;30.3;;;
37.796735;-1.577528;593;0;-3;1141;107;123.4;30.28;;;
37.796621;-1.577704;592;0;-4;1141;107;123.42;30.26;;;
37.796508;-1.577881;592;0;-4;1141;107;123.44;30.24;;;
37.796401;-1.578064;591;0;-4;1141;107;123.46;30.22;;;
37.796292;-1.578245;590;0;-4;1141;107;123.48;30.2;;;
37.796184;-1.578427;589;0;-4;1141;107;123.5;30.18;;;
37.796083;-1.578616;588;0;-4;1141;107;123.52;30.16;;;
37.795985;-1.578806;588;0;-4;1141;107;123.54;30.14;;;
37.795886;-1.578996;587;0;-4;1141;107;123.56;30.12;;;
37.795787;-1.579186;586;0;-4;1141;107;123.58;30.1;;;
37.795697;-1.579383;585;0;-4;1141;107;123.6;30.08;;;
37.795614;-1.579585;585;0;-4;1141;107;123.62;30.06;;;
37.795530;-1.579786;584;0;-4;1141;107;123.64;30.04;;;
37.795445;-1.579987;583;0;-4;1141;107;123.66;30.02;;;
37.795363;-1.580189;583;0;-4;1141;107;123.68;30;;;
37.795303;-1.580404;582;0;-3;1141;107;123.7;29.98;;;
37.795243;-1.580618;581;0;-3;1141;107;123.72;29.96;;;
37.795200;-1.580839;580;0;-3;1141;107;123.74;29.94;;;
37.795162;-1.581062;580;0;-3;1141;107;123.76;29.92;;;
37.795124;-1.581284;579;0;-3;1141;107;123.78;29.9;;;
37.795085;-1.581506;579;0;-3;1141;107;123.8;29.88;;;
37.795048;-1.581729;578;0;-2;1141;107;123.82;29.86;;;
37.795010;-1.581951;578;0;-2;1141;107;123.84;29.84;;;
37.794972;-1.582174;577;0;-2;1141;107;123.86;29.82;;;
37.794934;-1.582396;577;0;-2;1141;107;123.88;29.8;;;
37.794896;-1.582619;577;0;-2;1141;107;123.9;29.78;;;
37.794858;-1.582841;576;0;-1;1141;107;123.92;29.76;;;
37.794815;-1.583062;576;0;-1;1141;107;123.94;29.74;;;
37.794756;-1.583277;576;0;-1;1141;107;123.96;29.72;;;
37.794697;-1.583492;576;0;-1;1141;107;123.98;29.7;;;
37.794638;-1.583707;576;0;-1;1141;107;124;29.68;;;
37.794579;-1.583922;576;0;-1;1141;107;124.02;29.66;;;
37.794520;-1.584137;575;0;-1;1141;107;124.04;29.64;;;
37.794461;-1.584352;575;0;-1;1141;107;124.06;29.62;;;
37.794395;-1.584564;575;0;0;1141;107;124.08;29.6;;;
37.794320;-1.584770;575;0;0;1141;107;124.1;29.58;;;
37.794244;-1.584977;575;0;0;1141;107;124.12;29.56;;;
37.794163;-1.585180;575;0;0;1141;107;124.14;29.54;;;
37.794081;-1.585383;575;0;0;1141;107;124.16;29.52;;;
37.793999;-1.585585;575;0;0;1141;107;124.18;29.5;;;
37.793916;-1.585787;575;0;0;1141;107;124.2;29.48;;;
37.793822;-1.585981;575;0;0;1141;107;124.22;29.46;;;
37.793724;-1.586172;575;0;0;1141;107;124.24;29.44;;;
37.793626;-1.586363;575;0;1;1141;107;124.26;29.42;;;
37.793528;-1.586553;575;0;1;1141;107;124.28;29.4;;;
37.793423;-1.586738;576;0;1;1141;107;124.3;29.38;;;
37.793315;-1.586920;576;0;1;1141;107;124.32;29.36;;;
37.793207;-1.587102;576;0;1;1142;106;124.34;29.34;;;
37.793096;-1.587281;576;0;1;1142;106;124.36;29.32;;;
37.792976;-1.587451;576;0;1;1142;106;124.38;29.3;;;
37.792855;-1.587619;577;0;1;1142;106;124.4;29.28;;;
37.792734;-1.587787;577;0;0;1142;106;124.42;29.26;;;
37.792613;-1.587956;577;0;0;1142;106;124.44;29.24;;;
37.792492;-1.588125;577;0;0;1142;106;124.46;29.22;;;
37.792362;-1.588282;577;0;0;1142;106;124.48;29.2;;;
37.792232;-1.588439;577;0;0;1142;106;124.5;29.18;;;
37.792102;-1.588596;577;0;0;1142;106;124.52;29.16;;;
37.791972;-1.588753;577;0;0;1142;106;124.54;29.14;;;
37.791841;-1.588910;576;0;0;1142;106;124.56;29.12;;;
37.791711;-1.589067;576;0;-1;1142;106;124.58;29.1;;;
37.791581;-1.589224;576;0;-1;1142;106;124.6;29.08;;;
37.791451;-1.589381;576;0;-1;1142;106;124.62;29.06;;;
37.791330;-1.589550;576;0;-1;1142;106;124.64;29.04;;;
37.791213;-1.589722;576;0;-1;1142;106;124.66;29.02;;;
37.791103;-1.589901;576;0;-1;1142;106;124.68;29;;;
37.791006;-1.590094;575;0;-1;1142;106;124.7;28.98;;;
37.790909;-1.590285;575;0;-1;1142;106;124.72;28.96;;;
37.790812;-1.590477;575;0;-1;1142;106;124.74;28.94;;;
37.790716;-1.590669;575;0;-1;1142;106;124.76;28.92;;;
37.790619;-1.590861;574;0;-1;1142;106;124.78;28.9;;;
37.790522;-1.591053;574;0;-1;1142;106;124.8;28.88;;;
37.790431;-1.591249;574;0;-1;1142;106;124.82;28.86;;;
37.790341;-1.591446;574;0;-1;1142;106;124.84;28.84;;;
37.790251;-1.591643;573;0;-1;1142;106;124.86;28.82;;;
37.790160;-1.591839;573;0;-2;1142;106;124.88;28.8;;;
37.790070;-1.592036;573;0;-2;1142;106;124.9;28.78;;;
37.789980;-1.592233;572;0;-2;1142;106;124.92;28.76;;;
37.789890;-1.592430;572;0;-2;1142;106;124.94;28.74;;;
37.789799;-1.592627;572;0;-2;1142;106;124.96;28.72;;;
37.789709;-1.592824;571;0;-2;1142;106;124.98;28.7;;;
37.789625;-1.593025;571;0;-2;1142;106;125;28.68;;;
37.789544;-1.593228;571;0;-2;1142;106;125.02;28.66;;;
37.789468;-1.593434;570;0;-2;1142;106;125.04;28.64;;;
37.789415;-1.593651;570;0;-2;1142;106;125.06;28.62;;;
37.789361;-1.593868;569;0;-2;1142;106;125.08;28.6;;;
37.789324;-1.594090;569;0;-2;1142;106;125.1;28.58;;;
37.789298;-1.594316;568;0;-2;1142;106;125.12;28.56;;;
37.789272;-1.594541;568;0;-2;1142;106;125.14;28.54;;;
37.789246;-1.594766;568;0;-2;1142;106;125.16;28.52;;;
37.789220;-1.594991;567;0;-2;1142;106;125.18;28.5;;;
37.789194;-1.595216;567;0;-2;1142;106;125.2;28.48;;;
37.789167;-1.595441;566;0;-2;1142;106;125.22;28.46;;;
37.789123;-1.595662;566;0;-2;1142;106;125.24;28.44;;;
37.789078;-1.595883;566;0;-2;1142;106;125.26;28.42;;;
37.789030;-1.596101;565;0;-2;1142;106;125.28;28.4;;;
37.788945;-1.596302;565;0;-2;1142;106;125.3;28.38;;;
37.788860;-1.596503;564;0;-2;1142;106;125.32;28.36;;;
37.788775;-1.596703;564;0;-2;1142;106;125.34;28.34;;;
37.788683;-1.596897;563;0;-2;1142;106;125.36;28.32;;;
37.788564;-1.597068;563;0;-2;1142;106;125.38;28.3;;;
37.788430;-1.597218;563;0;-2;1142;106;125.4;28.28;;;
37.788289;-1.597359;562;0;-3;1142;106;125.42;28.26;;;
37.788137;-1.597480;562;0;-3;1142;106;125.44;28.24;;;
37.787981;-1.597595;561;0;-3;1142;106;125.46;28.22;;;
37.787814;-1.597678;560;0;-3;1142;106;125.48;28.2;;;
37.787644;-1.597752;559;0;-3;1142;106;125.5;28.18;;;
37.787467;-1.597791;559;0;-3;1142;106;125.52;28.16;;;
37.787290;-1.597831;558;0;-3;1142;106;125.54;28.14;;;
37.787111;-1.597855;558;0;-3;1142;106;125.56;28.12;;;
37.786932;-1.597878;557;0;-2;1142;106;125.58;28.1;;;
37.786754;-1.597901;557;0;-2;1142;106;125.6;28.08;;;
37.786576;-1.597933;556;0;-2;1142;106;125.62;28.06;;;
37.786398;-1.597971;556;0;-2;1142;106;125.64;28.04;;;
37.786221;-1.598009;556;0;-2;1142;106;125.66;28.02;;;
37.786046;-1.598060;555;0;-2;1142;106;125.68;28;;;
37.785873;-1.598124;555;0;-2;1142;106;125.7;27.98;;;
37.785707;-1.598211;554;0;-2;1142;106;125.72;27.96;;;
37.785543;-1.598304;554;0;-3;1142;106;125.74;27.94;;;
37.785383;-1.598407;553;0;-3;1142;106;125.76;27.92;;;
37.785236;-1.598538;553;0;-3;1142;106;125.78;27.9;;;
37.785102;-1.598688;552;0;-3;1142;106;125.8;27.88;;;
37.784977;-1.598853;551;0;-3;1142;106;125.82;27.86;;;
37.784853;-1.599017;551;0;-3;1142;106;125.84;27.84;;;
37.784736;-1.599190;550;0;-3;1142;106;125.86;27.82;;;
37.784621;-1.599365;550;0;-3;1142;106;125.88;27.8;;;
37.784506;-1.599540;549;0;-3;1142;106;125.9;27.78;;;
37.784390;-1.599714;549;0;-3;1142;106;125.92;27.76;;;
37.784275;-1.599889;548;0;-4;1142;106;125.94;27.74;;;
37.784161;-1.600064;548;0;-4;1142;106;125.96;27.72;;;
37.784045;-1.600239;547;0;-4;1142;106;125.98;27.7;;;
37.783930;-1.600414;547;0;-4;1142;106;126;27.68;;;
37.783815;-1.600588;544;0;-4;1142;106;126.02;27.66;;;
37.783700;-1.600763;543;0;-4;1142;106;126.04;27.64;;;
37.783585;-1.600938;543;0;-4;1142;106;126.06;27.62;;;
37.783470;-1.601113;542;0;-3;1142;106;126.08;27.6;;;
37.783373;-1.601304;542;0;-2;1142;106;126.1;27.58;;;
37.783278;-1.601498;542;0;-2;1142;106;126.12;27.56;;;
37.783183;-1.601691;541;0;-2;1142;106;126.14;27.54;;;
37.783103;-1.601894;541;0;-2;1142;106;126.16;27.52;;;
37.783025;-1.602100;541;0;-2;1142;106;126.18;27.5;;;
37.782947;-1.602305;540;0;-1;1142;106;126.2;27.48;;;
37.782882;-1.602517;540;0;-1;1142;106;126.22;27.46;;;
37.782817;-1.602729;540;0;-1;1142;106;126.24;27.44;;;
37.782774;-1.602950;540;0;-1;1142;106;126.26;27.42;;;
37.782730;-1.603171;539;0;-1;1142;106;126.28;27.4;;;
37.782698;-1.603394;539;0;-1;1142;106;126.3;27.38;;;
37.782676;-1.603620;539;0;-1;1142;106;126.32;27.36;;;
37.782663;-1.603847;539;0;0;1142;106;126.34;27.34;;;
37.782655;-1.604074;539;0;0;1142;106;126.36;27.32;;;
37.782646;-1.604302;539;0;0;1142;106;126.38;27.3;;;
37.782639;-1.604529;539;0;0;1142;106;126.4;27.28;;;
37.782636;-1.604756;539;0;0;1142;106;126.42;27.26;;;
37.782634;-1.604984;539;0;0;1143;105;126.44;27.24;;;
37.782631;-1.605212;539;0;1;1143;105;126.46;27.22;;;
37.782628;-1.605439;539;0;1;1143;105;126.48;27.2;;;
37.782625;-1.605667;540;0;1;1143;105;126.5;27.18;;;
37.782623;-1.605894;540;0;1;1143;105;126.52;27.16;;;
37.782619;-1.606122;540;0;1;1143;105;126.54;27.14;;;
37.782617;-1.606349;540;0;1;1144;104;126.56;27.12;;;
37.782614;-1.606577;540;0;1;1144;104;126.58;27.1;;;
37.782612;-1.606804;541;0;1;1144;104;126.6;27.08;;;
37.782612;-1.607032;541;0;1;1144;104;126.62;27.06;;;
37.782623;-1.607259;541;0;1;1145;103;126.64;27.04;;;
37.782634;-1.607486;541;0;1;1145;103;126.66;27.02;;;
37.782644;-1.607713;542;0;1;1145;103;126.68;27;;;
37.782655;-1.607941;542;0;2;1145;103;126.7;26.98;;;
37.782669;-1.608167;542;0;2;1146;102;126.72;26.96;;;
37.782685;-1.608394;543;0;2;1146;102;126.74;26.94;;;
37.782701;-1.608621;543;0;2;1147;101;126.76;26.92;;;
37.782718;-1.608847;544;0;2;1147;101;126.78;26.9;;;
37.782734;-1.609074;544;0;2;1148;100;126.8;26.88;;;
37.782751;-1.609301;545;0;2;1148;100;126.82;26.86;;;
37.782782;-1.609525;545;0;3;1149;99;126.84;26.84;;;
37.782812;-1.609749;546;0;3;1149;99;126.86;26.82;;;
37.782843;-1.609973;546;0;2;1150;98;126.88;26.8;;;
37.782874;-1.610197;547;0;3;1150;98;126.9;26.78;;;
37.782905;-1.610422;547;0;3;1151;97;126.92;26.76;;;
37.782935;-1.610646;548;0;3;1151;97;126.94;26.74;;;
37.782969;-1.610869;548;0;3;1152;96;126.96;26.72;;;
37.783011;-1.611091;549;0;3;1152;96;126.98;26.7;;;
37.783052;-1.611312;550;0;3;1153;95;127;26.68;;;
37.783092;-1.611534;550;0;4;1154;94;127.02;26.66;;;
37.783134;-1.611755;551;0;4;1155;93;127.04;26.64;;;
37.783176;-1.611977;552;0;4;1155;93;127.06;26.62;;;
37.783217;-1.612198;553;0;4;1156;92;127.08;26.6;;;
37.783257;-1.612420;553;0;4;1157;91;127.1;26.58;;;
37.783309;-1.612638;554;0;3;1158;90;127.12;26.56;;;
37.783360;-1.612856;555;0;3;1158;90;127.14;26.54;;;
37.783411;-1.613074;555;0;3;1159;89;127.16;26.52;;;
37.783462;-1.613293;556;0;3;1160;88;127.18;26.5;;;
37.783513;-1.613511;557;0;3;1160;88;127.2;26.48;;;
37.783565;-1.613729;557;0;3;1161;87;127.22;26.46;;;
37.783616;-1.613947;558;0;3;1161;87;127.24;26.44;;;
37.783667;-1.614165;559;0;3;1162;86;127.26;26.42;;;
37.783719;-1.614383;559;0;3;1163;85;127.28;26.4;;;
37.783770;-1.614601;560;0;3;1163;85;127.3;26.38;;;
37.783822;-1.614819;561;0;3;1164;84;127.32;26.36;;;
37.783873;-1.615038;561;0;3;1165;83;127.34;26.34;;;
37.783924;-1.615256;562;0;3;1165;83;127.36;26.32;;;
37.783975;-1.615474;563;0;3;1166;82;127.38;26.3;;;
37.784026;-1.615692;563;0;3;1167;81;127.4;26.28;;;
37.784078;-1.615910;564;0;3;1167;81;127.42;26.26;;;
37.784129;-1.616128;564;0;3;1168;80;127.44;26.24;;;
37.784180;-1.616347;565;0;3;1169;79;127.46;26.22;;;
37.784232;-1.616564;566;0;3;1169;79;127.48;26.2;;;
37.784285;-1.616782;566;0;3;1170;78;127.5;26.18;;;
37.784338;-1.616999;567;0;3;1170;78;127.52;26.16;;;
37.784391;-1.617217;568;0;3;1171;77;127.54;26.14;;;
37.784444;-1.617434;568;0;3;1172;76;127.56;26.12;;;
37.784497;-1.617652;569;0;3;1172;76;127.58;26.1;;;
37.784550;-1.617869;570;0;3;1173;75;127.6;26.08;;;
37.784603;-1.618087;570;0;3;1174;74;127.62;26.06;;;
37.784656;-1.618304;571;0;3;1174;74;127.64;26.04;;;
37.784714;-1.618520;571;0;3;1175;73;127.66;26.02;;;
37.784776;-1.618733;572;0;3;1175;73;127.68;26;;;
37.784837;-1.618947;573;0;3;1176;72;127.7;25.98;;;
37.784898;-1.619161;573;0;3;1177;71;127.72;25.96;;;
37.784960;-1.619375;574;0;3;1177;71;127.74;25.94;;;
37.785021;-1.619589;575;0;3;1178;70;127.76;25.92;;;
37.785083;-1.619803;575;0;3;1179;69;127.78;25.9;;;
37.785144;-1.620017;576;0;3;1179;69;127.8;25.88;;;
37.785206;-1.620230;577;0;3;1180;68;127.82;25.86;;;
37.785268;-1.620444;577;0;3;1181;67;127.84;25.84;;;
37.785329;-1.620658;578;0;3;1181;67;127.86;25.82;;;
37.785391;-1.620872;578;0;3;1182;66;127.88;25.8;;;
37.785444;-1.621089;579;0;3;1183;65;127.9;25.78;;;
37.785491;-1.621309;580;0;3;1183;65;127.92;25.76;;;
37.785518;-1.621534;580;0;3;1184;64;127.94;25.74;;;
37.785540;-1.621759;581;0;3;1184;64;127.96;25.72;;;
37.785562;-1.621985;581;0;3;1185;63;127.98;25.7;;;
37.785569;-1.622212;582;0;3;1185;63;128;25.68;;;
37.785545;-1.622666;583;0;3;1186;62;128.04;25.64;;;
37.785521;-1.622891;584;0;3;1187;61;128.06;25.62;;;
37.785436;-1.623333;585;0;3;1188;60;128.1;25.58;;;
37.785387;-1.623551;585;0;3;1189;59;128.12;25.56;;;
37.785267;-1.623980;587;0;3;1190;58;128.16;25.52;;;
37.785195;-1.624188;588;0;3;1191;57;128.18;25.5;;;
37.785015;-1.624581;589;0;3;1192;56;128.22;25.46;;;
37.784910;-1.624766;589;0;3;1193;55;128.24;25.44;;;
37.784796;-1.624942;590;0;2;1193;55;128.26;25.42;;;
37.784681;-1.625117;590;0;2;1194;54;128.28;25.4;;;
37.784451;-1.625467;591;0;2;1194;54;128.32;25.36;;;
37.784336;-1.625642;592;0;2;1195;53;128.34;25.34;;;
37.784107;-1.625993;592;0;2;1196;52;128.38;25.3;;;
37.783992;-1.626168;593;0;2;1196;52;128.4;25.28;;;
37.783762;-1.626517;594;0;2;1197;51;128.44;25.24;;;
37.783647;-1.626693;594;0;2;1198;50;128.46;25.22;;;
37.783417;-1.627043;595;0;2;1199;49;128.5;25.18;;;
37.783187;-1.627393;596;0;2;1199;49;128.54;25.14;;;
37.783072;-1.627568;596;0;2;1200;48;128.56;25.12;;;
37.782842;-1.627918;597;0;2;1200;48;128.6;25.08;;;
37.782732;-1.628098;597;0;2;1201;47;128.62;25.06;;;
37.782529;-1.628473;598;0;2;1202;46;128.66;25.02;;;
37.782427;-1.628661;598;0;2;1202;46;128.68;25;;;
37.782252;-1.629058;599;0;1;1203;45;128.72;24.96;;;
37.782177;-1.629264;599;0;1;1203;45;128.74;24.94;;;
37.782101;-1.629471;599;0;1;1203;45;128.76;24.92;;;
37.782025;-1.629677;600;0;1;1203;45;128.78;24.9;;;
37.781907;-1.630107;600;0;1;1204;44;128.82;24.86;;;
37.781851;-1.630323;600;0;1;1204;44;128.84;24.84;;;
37.781768;-1.630765;601;0;1;1204;44;128.88;24.8;;;
37.781730;-1.630988;601;0;1;1204;44;128.9;24.78;;;
37.781677;-1.631438;601;0;1;1205;43;128.94;24.74;;;
37.781654;-1.631663;601;0;1;1205;43;128.96;24.72;;;
37.781654;-1.632118;601;0;0;1205;43;129;24.68;;;
37.781659;-1.632573;602;0;0;1205;43;129.04;24.64;;;
37.781681;-1.632799;602;0;0;1205;43;129.06;24.62;;;
37.781732;-1.633249;602;0;0;1205;43;129.1;24.58;;;
37.781762;-1.633474;601;0;0;1205;43;129.12;24.56;;;
37.781857;-1.633913;601;0;-1;1205;43;129.16;24.52;;;
37.781903;-1.634133;601;0;-1;1205;43;129.18;24.5;;;
37.782028;-1.634559;601;0;-1;1205;43;129.22;24.46;;;
37.782099;-1.634768;601;0;-1;1205;43;129.24;24.44;;;
37.782173;-1.634976;600;0;-1;1205;43;129.26;24.42;;;
37.782247;-1.635183;600;0;-1;1205;43;129.28;24.4;;;
37.782395;-1.635598;600;0;-1;1205;43;129.32;24.36;;;
37.782469;-1.635806;599;0;-2;1205;43;129.34;24.34;;;
37.782617;-1.636220;599;0;-2;1205;43;129.38;24.3;;;
37.782691;-1.636428;598;0;-2;1205;43;129.4;24.28;;;
37.782839;-1.636842;598;0;-2;1205;43;129.44;24.24;;;
37.782914;-1.637050;597;0;-2;1205;43;129.46;24.22;;;
37.783040;-1.637474;596;0;-2;1205;43;129.5;24.18;;;
37.783119;-1.637917;595;0;-2;1205;43;129.54;24.14;;;
37.783137;-1.638144;595;0;-2;1205;43;129.56;24.12;;;
37.783143;-1.638598;594;0;-2;1205;43;129.6;24.08;;;
37.783139;-1.638825;594;0;-2;1205;43;129.62;24.06;;;
37.783075;-1.639273;593;0;-3;1205;43;129.66;24.02;;;
37.783024;-1.639490;592;0;-3;1205;43;129.68;24;;;
37.782889;-1.639912;591;0;-3;1205;43;129.72;23.96;;;
37.782821;-1.640123;590;0;-2;1205;43;129.74;23.94;;;
37.782750;-1.640332;590;0;-2;1205;43;129.76;23.92;;;
37.782679;-1.640541;590;0;-2;1205;43;129.78;23.9;;;
37.782536;-1.640958;589;0;-2;1205;43;129.82;23.86;;;
37.782465;-1.641168;588;0;-2;1205;43;129.84;23.84;;;
37.782322;-1.641585;587;0;-2;1205;43;129.88;23.8;;;
37.782251;-1.641795;587;0;-2;1205;43;129.9;23.78;;;
37.782109;-1.642212;586;0;-3;1205;43;129.94;23.74;;;
37.782042;-1.642424;585;0;-3;1205;43;129.96;23.72;;;
37.781925;-1.642854;584;0;-3;1205;43;130;23.68;;;
37.781832;-1.643293;583;0;-3;1205;43;130.04;23.64;;;
37.781785;-1.643513;582;0;-3;1205;43;130.06;23.62;;;
37.781725;-1.643961;581;0;-3;1205;43;130.1;23.58;;;
37.781697;-1.644186;580;0;-3;1205;43;130.12;23.56;;;
37.781656;-1.644638;579;0;-3;1205;43;130.16;23.52;;;
37.781651;-1.644865;579;0;-3;1205;43;130.18;23.5;;;
37.781640;-1.645320;577;0;-3;1205;43;130.22;23.46;;;
37.781646;-1.645547;577;0;-3;1205;43;130.24;23.44;;;
37.781653;-1.645775;576;0;-3;1205;43;130.26;23.42;;;
37.781659;-1.646002;576;0;-3;1205;43;130.28;23.4;;;
37.781673;-1.646457;575;0;-2;1205;43;130.32;23.36;;;
37.781680;-1.646685;574;0;-2;1205;43;130.34;23.34;;;
37.781695;-1.647139;573;0;-2;1205;43;130.38;23.3;;;
37.781702;-1.647367;573;0;-2;1205;43;130.4;23.28;;;
37.781716;-1.647821;572;0;-2;1205;43;130.44;23.24;;;
37.781723;-1.648049;571;0;-2;1205;43;130.46;23.22;;;
37.781738;-1.648504;571;0;-2;1205;43;130.5;23.18;;;
37.781750;-1.648959;570;0;-2;1205;43;130.54;23.14;;;
37.781757;-1.649186;569;0;-2;1205;43;130.56;23.12;;;
37.781769;-1.649641;568;0;-2;1205;43;130.6;23.08;;;
37.781776;-1.649868;568;0;-2;1205;43;130.62;23.06;;;
37.781788;-1.650323;567;0;-2;1205;43;130.66;23.02;;;
37.781795;-1.650551;567;0;-2;1205;43;130.68;23;;;
37.781808;-1.651005;566;0;-2;1205;43;130.72;22.96;;;
37.781814;-1.651233;565;0;-2;1205;43;130.74;22.94;;;
37.781820;-1.651460;565;0;-2;1205;43;130.76;22.92;;;
37.781826;-1.651688;564;0;-2;1205;43;130.78;22.9;;;
37.781840;-1.652143;564;0;-2;1205;43;130.82;22.86;;;
37.781845;-1.652370;563;0;-2;1205;43;130.84;22.84;;;
37.781858;-1.652825;563;0;-2;1205;43;130.88;22.8;;;
37.781870;-1.653052;562;0;-2;1205;43;130.9;22.78;;;
37.781898;-1.653506;562;0;-1;1205;43;130.94;22.74;;;
37.781933;-1.653729;562;0;-1;1205;43;130.96;22.72;;;
37.782006;-1.654174;561;0;-1;1205;43;131;22.68;;;
37.782122;-1.654605;560;0;-1;1205;43;131.04;22.64;;;
37.782195;-1.654813;560;0;-1;1205;43;131.06;22.62;;;
37.782362;-1.655216;560;0;-1;1205;43;131.1;22.58;;;
37.782451;-1.655413;560;0;-1;1205;43;131.12;22.56;;;
37.782653;-1.655789;559;0;0;1205;43;131.16;22.52;;;
37.782764;-1.655968;559;0;0;1205;43;131.18;22.5;;;
37.782991;-1.656322;559;0;0;1205;43;131.22;22.46;;;
37.783101;-1.656502;559;0;0;1205;43;131.24;22.44;;;
37.783206;-1.656686;559;0;0;1205;43;131.26;22.42;;;
37.783295;-1.656884;559;0;0;1205;43;131.28;22.4;;;
37.783458;-1.657289;559;0;0;1205;43;131.32;22.36;;;
37.783524;-1.657501;559;0;0;1205;43;131.34;22.34;;;
37.783620;-1.657939;559;0;0;1205;43;131.38;22.3;;;
37.783653;-1.658162;559;0;1;1206;42;131.4;22.28;;;
37.783669;-1.658616;560;0;1;1206;42;131.44;22.24;;;
37.783660;-1.658843;560;0;1;1206;42;131.46;22.22;;;
37.783610;-1.659293;560;0;1;1206;42;131.5;22.18;;;
37.783497;-1.659725;560;0;1;1206;42;131.54;22.14;;;
37.783423;-1.659931;560;0;1;1207;41;131.56;22.12;;;
37.783244;-1.660327;561;0;1;1207;41;131.6;22.08;;;
37.783144;-1.660516;561;0;1;1207;41;131.62;22.06;;;
37.782945;-1.660894;561;0;1;1207;41;131.66;22.02;;;
37.782844;-1.661083;561;0;1;1207;41;131.68;22;;;
37.782684;-1.661490;561;0;1;1208;40;131.72;21.96;;;
37.782623;-1.661703;562;0;1;1208;40;131.74;21.94;;;
37.782563;-1.661918;562;0;1;1208;40;131.76;21.92;;;
37.782521;-1.662139;562;0;1;1208;40;131.78;21.9;;;
37.782483;-1.662591;562;0;0;1208;40;131.82;21.86;;;
37.782485;-1.662818;562;0;0;1208;40;131.84;21.84;;;
37.782513;-1.663271;562;0;0;1208;40;131.88;21.8;;;
37.782545;-1.663496;562;0;0;1208;40;131.9;21.78;;;
37.782614;-1.663942;562;0;0;1208;40;131.94;21.74;;;
37.782654;-1.664164;562;0;0;1209;39;131.96;21.72;;;
37.782733;-1.664608;562;0;0;1209;39;132;21.68;;;
37.782812;-1.665052;562;0;0;1209;39;132.04;21.64;;;
37.782852;-1.665274;562;0;0;1209;39;132.06;21.62;;;
37.782930;-1.665718;562;0;0;1209;39;132.1;21.58;;;
37.782970;-1.665940;562;0;0;1209;39;132.12;21.56;;;
37.783050;-1.666384;562;0;0;1209;39;132.16;21.52;;;
37.783089;-1.666606;562;0;0;1209;39;132.18;21.5;;;
37.783172;-1.667049;562;0;0;1209;39;132.22;21.46;;;
37.783215;-1.667270;562;0;0;1209;39;132.24;21.44;;;
37.783258;-1.667491;562;0;0;1209;39;132.26;21.42;;;
37.783300;-1.667712;562;0;0;1209;39;132.28;21.4;;;
37.783387;-1.668154;562;0;0;1209;39;132.32;21.36;;;
37.783429;-1.668375;562;0;0;1209;39;132.34;21.34;;;
37.783532;-1.668811;561;0;-1;1209;39;132.38;21.3;;;
37.783586;-1.669028;561;0;-1;1209;39;132.4;21.28;;;
37.783734;-1.669442;561;0;-1;1209;39;132.44;21.24;;;
37.783829;-1.669635;561;0;-1;1209;39;132.46;21.22;;;
37.784034;-1.670009;561;0;-1;1209;39;132.5;21.18;;;
37.784292;-1.670326;560;0;-1;1209;39;132.54;21.14;;;
37.784424;-1.670479;560;0;-1;1209;39;132.56;21.12;;;
37.784729;-1.670719;559;0;-2;1209;39;132.6;21.08;;;
37.784889;-1.670825;559;0;-2;1209;39;132.62;21.06;;;
37.785219;-1.671003;558;0;-2;1209;39;132.66;21.02;;;
37.785388;-1.671081;558;0;-2;1209;39;132.68;21;;;
37.785740;-1.671173;557;0;-2;1209;39;132.72;20.96;;;
37.785916;-1.671219;557;0;-2;1209;39;132.74;20.94;;;
37.786093;-1.671264;556;0;-2;1209;39;132.76;20.92;;;
37.786267;-1.671318;556;0;-2;1209;39;132.78;20.9;;;
37.786614;-1.671436;555;0;-2;1209;39;132.82;20.86;;;
37.786782;-1.671518;555;0;-2;1209;39;132.84;20.84;;;
37.787101;-1.671723;554;0;-2;1209;39;132.88;20.8;;;
37.787250;-1.671851;553;0;-2;1209;39;132.9;20.78;;;
37.787531;-1.672134;552;0;-2;1209;39;132.94;20.74;;;
37.787665;-1.672285;552;0;-2;1209;39;132.96;20.72;;;
37.787886;-1.672644;551;0;-2;1209;39;133;20.68;;;
37.788087;-1.673021;550;0;-2;1209;39;133.04;20.64;;;
37.788158;-1.673230;549;0;-2;1209;39;133.06;20.62;;;
37.788294;-1.673651;549;0;-2;1209;39;133.1;20.58;;;
37.788347;-1.673869;548;0;-2;1209;39;133.12;20.56;;;
37.788397;-1.674319;548;0;-2;1209;39;133.16;20.52;;;
37.788419;-1.674545;547;0;-2;1209;39;133.18;20.5;;;
37.788432;-1.675000;547;0;-1;1209;39;133.22;20.46;;;
37.788438;-1.675227;547;0;-1;1209;39;133.24;20.44;;;
37.788444;-1.675455;546;0;-1;1209;39;133.26;20.42;;;
37.788451;-1.675682;546;0;-1;1209;39;133.28;20.4;;;
37.788451;-1.676137;545;0;-1;1209;39;133.32;20.36;;;
37.788439;-1.676364;545;0;-1;1209;39;133.34;20.34;;;
37.788409;-1.676818;545;0;-1;1209;39;133.38;20.3;;;
37.788385;-1.677043;544;0;-1;1209;39;133.4;20.28;;;
37.788328;-1.677492;544;0;-1;1209;39;133.44;20.24;;;
37.788287;-1.677714;544;0;-1;1209;39;133.46;20.22;;;
37.788202;-1.678156;543;0;-1;1209;39;133.5;20.18;;;
37.788085;-1.678586;543;0;-1;1209;39;133.54;20.14;;;
37.788026;-1.678801;543;0;-1;1209;39;133.56;20.12;;;
37.787909;-1.679232;543;0;0;1209;39;133.6;20.08;;;
37.787851;-1.679447;543;0;0;1209;39;133.62;20.06;;;
37.787733;-1.679877;542;0;0;1209;39;133.66;20.02;;;
37.787675;-1.680092;542;0;0;1209;39;133.68;20;;;
37.787557;-1.680523;542;0;0;1209;39;133.72;19.96;;;
37.787509;-1.680742;543;0;0;1209;39;133.74;19.94;;;
37.787465;-1.680962;543;0;0;1209;39;133.76;19.92;;;
37.787420;-1.681183;543;0;0;1209;39;133.78;19.9;;;
37.787352;-1.681629;543;0;1;1209;39;133.82;19.86;;;
37.787341;-1.681857;543;0;1;1209;39;133.84;19.84;;;
37.787323;-1.682311;543;0;0;1209;39;133.88;19.8;;;
37.787313;-1.682538;543;0;0;1209;39;133.9;19.78;;;
37.787329;-1.682993;543;0;0;1210;38;133.94;19.74;;;
37.787353;-1.683218;544;0;1;1210;38;133.96;19.72;;;
37.787418;-1.683665;544;0;1;1210;38;134;19.68;;;
37.787513;-1.684103;544;0;1;1210;38;134.04;19.64;;;
37.787576;-1.684316;544;0;1;1210;38;134.06;19.62;;;
37.787712;-1.684737;545;0;1;1211;37;134.1;19.58;;;
37.787785;-1.684945;545;0;1;1211;37;134.12;19.56;;;
37.787931;-1.685361;545;0;1;1211;37;134.16;19.52;;;
37.788004;-1.685569;545;0;1;1211;37;134.18;19.5;;;
37.788151;-1.685985;545;0;1;1211;37;134.22;19.46;;;
37.788224;-1.686193;546;0;1;1212;36;134.24;19.44;;;
37.788297;-1.686401;546;0;0;1212;36;134.26;19.42;;;
37.788370;-1.686609;546;0;0;1212;36;134.28;19.4;;;
37.788516;-1.687025;546;0;0;1212;36;134.32;19.36;;;
37.788589;-1.687233;546;0;0;1212;36;134.34;19.34;;;
37.788735;-1.687649;546;0;0;1212;36;134.38;19.3;;;
37.788808;-1.687857;546;0;0;1212;36;134.4;19.28;;;
37.788954;-1.688273;546;0;0;1212;36;134.44;19.24;;;
37.789026;-1.688481;546;0;0;1212;36;134.46;19.22;;;
37.789151;-1.688908;546;0;0;1212;36;134.5;19.18;;;
37.789230;-1.689351;546;0;0;1212;36;134.54;19.14;;;
37.789237;-1.689578;546;0;-1;1212;36;134.56;19.12;;;
37.789246;-1.690033;546;0;-1;1212;36;134.6;19.08;;;
37.789235;-1.690260;545;0;-1;1212;36;134.62;19.06;;;
37.789213;-1.690715;545;0;-1;1212;36;134.66;19.02;;;
37.789203;-1.690942;545;0;-1;1212;36;134.68;19;;;
37.789181;-1.691396;545;0;-1;1212;36;134.72;18.96;;;
37.789170;-1.691623;544;0;-1;1212;36;134.74;18.94;;;
37.789160;-1.691851;544;0;-1;1212;36;134.76;18.92;;;
37.789149;-1.692078;544;0;-1;1212;36;134.78;18.9;;;
37.789098;-1.692527;544;0;-2;1212;36;134.82;18.86;;;
37.789015;-1.692726;543;0;-2;1212;36;134.84;18.84;;;
37.788719;-1.692967;542;0;-2;1212;36;134.88;18.8;;;
37.788543;-1.693009;542;0;-2;1212;36;134.9;18.78;;;
37.788188;-1.693077;541;0;-2;1212;36;134.94;18.74;;;
37.788010;-1.693111;541;0;-2;1212;36;134.96;18.72;;;
37.787658;-1.693203;540;0;-2;1212;36;135;18.68;42;;
37.787309;-1.693314;539;0;-2;1212;36;135.04;18.64;;;
37.787142;-1.693396;539;0;-2;1212;36;135.06;18.62;;;
37.786828;-1.693617;538;0;-2;1212;36;135.1;18.58;;;
37.786674;-1.693735;537;0;-2;1212;36;135.12;18.56;;;
37.786366;-1.693970;537;0;-2;1212;36;135.16;18.52;;;
37.786212;-1.694087;536;0;-2;1212;36;135.18;18.5;;;
37.785899;-1.694311;536;0;-2;1212;36;135.22;18.46;;;
37.785739;-1.694415;535;0;-2;1212;36;135.24;18.44;;;
37.785578;-1.694516;535;0;-2;1212;36;135.26;18.42;;;
37.785414;-1.694608;534;0;-2;1212;36;135.28;18.4;;;
37.785083;-1.694789;533;0;-2;1212;36;135.32;18.36;;;
37.784918;-1.694879;533;0;-2;1212;36;135.34;18.34;;;
37.784589;-1.695061;532;0;-2;1212;36;135.38;18.3;;;
37.784424;-1.695152;532;0;-2;1212;36;135.4;18.28;;;
37.784080;-1.695280;531;0;-2;1212;36;135.44;18.24;;;
37.783901;-1.695294;531;0;-2;1212;36;135.46;18.22;;;
37.783542;-1.695320;530;0;-2;1212;36;135.5;18.18;;;
37.783182;-1.695347;529;0;-2;1212;36;135.54;18.14;;;
37.783003;-1.695360;529;0;-2;1212;36;135.56;18.12;;;
37.782644;-1.695386;528;0;-2;1212;36;135.6;18.08;;;
37.782464;-1.695399;528;0;-2;1212;36;135.62;18.06;;;
37.782105;-1.695425;527;0;-1;1212;36;135.66;18.02;;;
37.781925;-1.695438;527;0;-1;1212;36;135.68;18;;;
37.781566;-1.695465;526;0;-1;1212;36;135.72;17.96;;;
37.781387;-1.695478;526;0;-1;1212;36;135.74;17.94;;;
37.781211;-1.695525;526;0;-1;1212;36;135.76;17.92;;;
37.781039;-1.695591;526;0;-1;1212;36;135.78;17.9;;;
37.780702;-1.695750;525;0;-1;1212;36;135.82;17.86;;;
37.780536;-1.695837;525;0;-1;1212;36;135.84;17.84;;;
37.780221;-1.696055;525;0;-1;1212;36;135.88;17.8;;;
37.780070;-1.696177;525;0;-1;1212;36;135.9;17.78;;;
37.779766;-1.696421;524;0;-1;1212;36;135.94;17.74;;;
37.779614;-1.696543;524;0;-1;1212;36;135.96;17.72;;;
37.779311;-1.696788;524;0;-1;1212;36;136;17.68;;;
37.779007;-1.697031;524;0;-1;1212;36;136.04;17.64;;;
37.778856;-1.697154;524;0;-1;1212;36;136.06;17.62;;;
37.778552;-1.697398;523;0;-1;1212;36;136.1;17.58;;;
37.778400;-1.697519;523;0;-1;1212;36;136.12;17.56;;;
37.778097;-1.697764;523;0;0;1212;36;136.16;17.52;;;
37.777945;-1.697886;523;0;0;1212;36;136.18;17.5;;;
37.777636;-1.698119;523;0;-1;1212;36;136.22;17.46;;;
37.777475;-1.698220;523;0;-1;1212;36;136.24;17.44;;;
37.777300;-1.698271;523;0;-1;1212;36;136.26;17.42;;;
37.777124;-1.698317;522;0;-1;1212;36;136.28;17.4;;;
37.776770;-1.698404;522;0;-1;1212;36;136.32;17.36;;;
37.776593;-1.698443;522;0;-1;1212;36;136.34;17.34;;;
37.776238;-1.698515;522;0;-1;1212;36;136.38;17.3;;;
37.776061;-1.698553;521;0;-1;1212;36;136.4;17.28;;;
37.775706;-1.698629;521;0;-1;1212;36;136.44;17.24;;;
37.775529;-1.698667;521;0;-1;1212;36;136.46;17.22;;;
37.775174;-1.698743;521;0;-1;1212;36;136.5;17.18;;;
37.774819;-1.698818;520;0;-1;1212;36;136.54;17.14;;;
37.774640;-1.698831;520;0;-1;1212;36;136.56;17.12;;;
37.774280;-1.698834;519;0;-1;1212;36;136.6;17.08;;;
37.774101;-1.698837;519;0;-1;1212;36;136.62;17.06;;;
37.773744;-1.698869;519;0;-1;1212;36;136.66;17.02;;;
37.773569;-1.698923;518;0;-1;1212;36;136.68;17;;;
37.773220;-1.699031;518;0;-1;1212;36;136.72;16.96;;;
37.773045;-1.699085;518;0;-1;1212;36;136.74;16.94;;;
37.772866;-1.699108;517;0;-1;1212;36;136.76;16.92;;;
37.772687;-1.699120;517;0;-2;1212;36;136.78;16.9;;;
37.772328;-1.699143;516;0;-2;1212;36;136.82;16.86;;;
37.772148;-1.699155;516;0;-2;1212;36;136.84;16.84;;;
37.771789;-1.699182;515;0;-2;1212;36;136.88;16.8;;;
37.771609;-1.699198;515;0;-2;1212;36;136.9;16.78;;;
37.771259;-1.699301;514;0;-2;1212;36;136.94;16.74;;;
37.771084;-1.699354;513;0;-2;1212;36;136.96;16.72;;;
37.770734;-1.699459;512;0;-2;1212;36;137;16.68;;;
37.770384;-1.699564;511;0;-2;1212;36;137.04;16.64;;;
37.770209;-1.699616;511;0;-2;1212;36;137.06;16.62;;;
37.769852;-1.699668;510;0;-2;1212;36;137.1;16.58;;;
37.769673;-1.699691;510;0;-2;1212;36;137.12;16.56;;;
37.769314;-1.699722;509;0;-2;1212;36;137.16;16.52;;;
37.769135;-1.699737;509;0;-2;1212;36;137.18;16.5;;;
37.768776;-1.699767;508;0;-2;1212;36;137.22;16.46;;;
37.768596;-1.699779;507;0;-2;1212;36;137.24;16.44;;;
37.768416;-1.699779;507;0;-2;1212;36;137.26;16.42;;;
37.768236;-1.699779;506;0;-2;1212;36;137.28;16.4;;;
37.767880;-1.699716;505;0;-2;1212;36;137.32;16.36;;;
37.767702;-1.699684;505;0;-2;1212;36;137.34;16.34;;;
37.767346;-1.699622;504;0;-2;1212;36;137.38;16.3;;;
37.767167;-1.699590;504;0;-2;1212;36;137.4;16.28;;;
37.766811;-1.699527;503;0;-2;1212;36;137.44;16.24;;;
37.766633;-1.699496;502;0;-2;1212;36;137.46;16.22;;;
37.766277;-1.699434;502;0;-2;1212;36;137.5;16.18;;;
37.765920;-1.699375;501;0;-2;1212;36;137.54;16.14;;;
37.765741;-1.699362;501;0;-2;1212;36;137.56;16.12;;;
37.765381;-1.699343;500;0;-2;1212;36;137.6;16.08;;;
37.765201;-1.699343;500;0;-2;1212;36;137.62;16.06;;;
37.764842;-1.699355;499;0;-2;1212;36;137.66;16.02;;;
37.764662;-1.699360;499;0;-2;1212;36;137.68;16;;;
37.764302;-1.699371;498;0;-2;1212;36;137.72;15.96;;;
37.764123;-1.699377;498;0;-2;1212;36;137.74;15.94;;;
37.763943;-1.699383;498;0;-2;1212;36;137.76;15.92;;;
37.763763;-1.699389;497;0;-1;1212;36;137.78;15.9;;;
37.763403;-1.699401;497;0;-1;1212;36;137.82;15.86;;;
37.763224;-1.699407;496;0;-1;1212;36;137.84;15.84;;;
37.762864;-1.699418;496;0;-1;1212;36;137.88;15.8;;;
37.762684;-1.699424;496;0;-1;1212;36;137.9;15.78;;;
37.762324;-1.699436;495;0;-1;1212;36;137.94;15.74;;;
37.762145;-1.699441;495;0;-2;1212;36;137.96;15.72;;;
37.761785;-1.699453;494;0;-2;1212;36;138;15.68;;;
37.761425;-1.699464;493;0;-2;1212;36;138.04;15.64;;;
37.761246;-1.699470;493;0;-2;1212;36;138.06;15.62;;;
37.760886;-1.699482;492;0;-2;1212;36;138.1;15.58;;;
37.760706;-1.699488;492;0;-2;1212;36;138.12;15.56;;;
37.760347;-1.699497;492;0;-2;1212;36;138.16;15.52;;;
37.760167;-1.699482;491;0;-2;1212;36;138.18;15.5;;;
37.759811;-1.699427;490;0;-2;1212;36;138.22;15.46;;;
37.759633;-1.699390;490;0;-2;1212;36;138.24;15.44;;;
37.759455;-1.699354;490;0;-1;1212;36;138.26;15.42;;;
37.759278;-1.699317;490;0;-1;1212;36;138.28;15.4;;;
37.758923;-1.699244;489;0;-1;1212;36;138.32;15.36;;;
37.758745;-1.699207;489;0;-1;1212;36;138.34;15.34;;;
37.758390;-1.699134;488;0;-1;1212;36;138.38;15.3;;;
37.758213;-1.699097;488;0;-1;1212;36;138.4;15.28;;;
37.757858;-1.699024;487;0;-1;1212;36;138.44;15.24;;;
37.757680;-1.698988;487;0;-1;1212;36;138.46;15.22;;;
37.757324;-1.698924;486;0;-1;1212;36;138.5;15.18;;;
37.756966;-1.698926;486;0;-2;1212;36;138.54;15.14;;;
37.756786;-1.698946;486;0;-2;1212;36;138.56;15.12;;;
37.756428;-1.698985;485;0;-2;1212;36;138.6;15.08;;;
37.756249;-1.699004;485;0;-1;1212;36;138.62;15.06;;;
37.755890;-1.699044;484;0;-1;1212;36;138.66;15.02;;;
37.755711;-1.699064;484;0;-2;1212;36;138.68;15;;;
37.755354;-1.699110;483;0;-2;1212;36;138.72;14.96;;;
37.755186;-1.699189;483;0;-2;1212;36;138.74;14.94;;;
37.755025;-1.699291;482;0;-2;1212;36;138.76;14.92;;;
37.754881;-1.699426;482;0;-2;1212;36;138.78;14.9;;;
37.754591;-1.699696;481;0;-2;1212;36;138.82;14.86;;;
37.754446;-1.699831;481;0;-2;1212;36;138.84;14.84;;;
37.754152;-1.700091;481;0;-2;1212;36;138.88;14.8;;;
37.753981;-1.700158;480;0;-2;1212;36;138.9;14.78;;;
37.753626;-1.700146;480;0;-1;1212;36;138.94;14.74;;;
37.753450;-1.700102;479;0;-1;1212;36;138.96;14.72;;;
37.753097;-1.700012;479;0;-1;1212;36;139;14.68;;;
37.752744;-1.699922;478;0;-1;1212;36;139.04;14.64;;;
37.752568;-1.699878;478;0;-1;1212;36;139.06;14.62;;;
37.752215;-1.699788;478;0;-1;1212;36;139.1;14.58;;;
37.752039;-1.699743;477;0;-1;1212;36;139.12;14.56;;;
37.751686;-1.699654;477;0;-2;1212;36;139.16;14.52;;;
37.751510;-1.699609;476;0;-2;1212;36;139.18;14.5;;;
37.751157;-1.699519;476;0;-2;1212;36;139.22;14.46;;;
37.750981;-1.699474;475;0;-2;1212;36;139.24;14.44;;;
37.750805;-1.699430;475;0;-2;1212;36;139.26;14.42;;;
37.750628;-1.699385;475;0;-2;1212;36;139.28;14.4;;;
37.750276;-1.699295;474;0;-2;1212;36;139.32;14.36;;;
37.750099;-1.699251;474;0;-2;1212;36;139.34;14.34;;;
37.749747;-1.699161;473;0;-2;1212;36;139.38;14.3;;;
37.749570;-1.699116;473;0;-2;1212;36;139.4;14.28;;;
37.749218;-1.699027;472;0;-2;1212;36;139.44;14.24;;;
37.749041;-1.698982;472;0;-2;1212;36;139.46;14.22;;;
37.748689;-1.698891;471;0;-2;1212;36;139.5;14.18;;;
37.748344;-1.698762;470;0;-2;1212;36;139.54;14.14;;;
37.748171;-1.698697;469;0;-2;1212;36;139.56;14.12;;;
37.747827;-1.698566;468;0;-3;1212;36;139.6;14.08;;;
37.747655;-1.698500;468;0;-3;1212;36;139.62;14.06;;;
37.747310;-1.698370;467;0;-3;1212;36;139.66;14.02;;;
37.747138;-1.698305;466;0;-3;1212;36;139.68;14;;;
37.746793;-1.698174;465;0;-3;1212;36;139.72;13.96;;;
37.746621;-1.698109;464;0;-3;1212;36;139.74;13.94;;;
37.746449;-1.698044;464;0;-3;1212;36;139.76;13.92;;;
37.746276;-1.697978;463;0;-3;1212;36;139.78;13.9;;;
37.745920;-1.697955;462;0;-4;1212;36;139.82;13.86;;;
37.745742;-1.697982;461;0;-4;1212;36;139.84;13.84;;;
37.745384;-1.698035;459;0;-4;1212;36;139.88;13.8;;;
37.745206;-1.698062;458;0;-4;1212;36;139.9;13.78;;;
37.744849;-1.698115;456;0;-5;1212;36;139.94;13.74;;;
37.744670;-1.698142;455;0;-5;1212;36;139.96;13.72;;;
37.744313;-1.698195;454;0;-5;1212;36;140;13.68;;;
37.743955;-1.698248;452;0;-4;1212;36;140.04;13.64;;;
37.743776;-1.698257;451;0;-5;1212;36;140.06;13.62;;;
37.743418;-1.698214;449;0;-4;1212;36;140.1;13.58;;;
37.743249;-1.698137;448;0;-4;1212;36;140.12;13.56;;;
37.742919;-1.697959;447;0;-4;1212;36;140.16;13.52;;;
37.742757;-1.697858;446;0;-5;1212;36;140.18;13.5;;;
37.742440;-1.697646;444;0;-4;1212;36;140.22;13.46;;;
37.742287;-1.697525;443;0;-4;1212;36;140.24;13.44;;;
37.742126;-1.697425;442;0;-4;1212;36;140.26;13.42;;;
37.741956;-1.697360;441;0;-4;1212;36;140.28;13.4;;;
37.741599;-1.697377;440;0;-4;1212;36;140.32;13.36;;;
37.741421;-1.697410;439;0;-4;1212;36;140.34;13.34;;;
37.741067;-1.697488;438;0;-4;1212;36;140.38;13.3;;;
37.740893;-1.697544;437;0;-3;1212;36;140.4;13.28;;;
37.740562;-1.697718;436;0;-3;1212;36;140.44;13.24;;;
37.740412;-1.697843;435;0;-3;1212;36;140.46;13.22;;;
37.740082;-1.698013;434;0;-2;1212;36;140.5;13.18;;;
37.739733;-1.698118;433;0;-1;1212;36;140.54;13.14;;;
37.739555;-1.698151;433;0;-1;1212;36;140.56;13.12;;;
37.739196;-1.698180;433;0;-1;1212;36;140.6;13.08;;;
37.739016;-1.698192;433;0;0;1212;36;140.62;13.06;;;
37.738657;-1.698216;433;0;0;1212;36;140.66;13.02;;;
37.738478;-1.698237;433;0;0;1212;36;140.68;13;;;
37.738134;-1.698364;433;0;0;1212;36;140.72;12.96;;;
37.737968;-1.698451;433;0;0;1212;36;140.74;12.94;;;
37.737815;-1.698568;433;0;0;1212;36;140.76;12.92;;;
37.737675;-1.698710;433;0;0;1212;36;140.78;12.9;;;
37.737415;-1.699024;433;0;1;1213;35;140.82;12.86;;;
37.737281;-1.699175;433;0;1;1213;35;140.84;12.84;;;
37.736972;-1.699402;433;0;1;1213;35;140.88;12.8;;;
37.736807;-1.699494;433;0;1;1213;35;140.9;12.78;;;
37.736478;-1.699676;434;0;1;1214;34;140.94;12.74;;;
37.736313;-1.699768;434;0;1;1214;34;140.96;12.72;;;
37.735984;-1.699950;435;0;1;1215;33;141;12.68;;;
37.735645;-1.700102;435;0;1;1215;33;141.04;12.64;;;
37.735473;-1.700168;436;0;1;1215;33;141.06;12.62;;;
37.735121;-1.700264;436;0;1;1216;32;141.1;12.58;;;
37.734945;-1.700308;437;0;1;1216;32;141.12;12.56;;;
37.734592;-1.700396;437;0;1;1217;31;141.16;12.52;;;
37.734415;-1.700433;437;0;1;1217;31;141.18;12.5;;;
37.734056;-1.700468;438;0;1;1217;31;141.22;12.46;;;
37.733877;-1.700486;438;0;1;1218;30;141.24;12.44;;;
37.733698;-1.700503;438;0;1;1218;30;141.26;12.42;;;
37.733519;-1.700523;439;0;1;1218;30;141.28;12.4;;;
37.733173;-1.700651;439;0;1;1219;29;141.32;12.36;;;
37.733002;-1.700720;439;0;1;1219;29;141.34;12.34;;;
37.732664;-1.700876;440;0;1;1219;29;141.38;12.3;;;
37.732496;-1.700955;440;0;1;1220;28;141.4;12.28;;;
37.732158;-1.701111;441;0;1;1220;28;141.44;12.24;;;
37.731986;-1.701179;441;0;1;1220;28;141.46;12.22;;;
37.731641;-1.701309;441;0;1;1221;27;141.5;12.18;;;
37.731297;-1.701439;441;0;1;1221;27;141.54;12.14;;;
37.731124;-1.701504;442;0;1;1221;27;141.56;12.12;;;
37.730779;-1.701633;442;0;1;1221;27;141.6;12.08;;;
37.730607;-1.701698;442;0;1;1222;26;141.62;12.06;;;
37.730262;-1.701828;442;0;0;1222;26;141.66;12.02;;;
37.730090;-1.701892;442;0;0;1222;26;141.68;12;;;
37.729745;-1.702022;442;0;0;1222;26;141.72;11.96;;;
37.729573;-1.702087;442;0;0;1222;26;141.74;11.94;;;
37.729400;-1.702151;442;0;0;1222;26;141.76;11.92;;;
37.729227;-1.702212;442;0;0;1222;26;141.78;11.9;;;
37.728878;-1.702322;442;0;0;1222;26;141.82;11.86;;;
37.728703;-1.702376;442;0;0;1222;26;141.84;11.84;;;
37.728348;-1.702446;442;0;-1;1222;26;141.88;11.8;;;
37.728170;-1.702479;442;0;-1;1222;26;141.9;11.78;;;
37.727814;-1.702543;441;0;-1;1222;26;141.94;11.74;;;
37.727636;-1.702576;441;0;-1;1222;26;141.96;11.72;;;
37.727280;-1.702640;441;0;-1;1222;26;142;11.68;;;
37.726925;-1.702715;440;0;-1;1222;26;142.04;11.64;;;
37.726748;-1.702757;440;0;-2;1222;26;142.06;11.62;;;
37.726394;-1.702841;439;0;-2;1222;26;142.1;11.58;;;
37.726218;-1.702883;439;0;-2;1222;26;142.12;11.56;;;
37.725863;-1.702956;438;0;-2;1222;26;142.16;11.52;;;
37.725684;-1.702983;438;0;-2;1222;26;142.18;11.5;;;
37.725327;-1.703035;437;0;-2;1222;26;142.22;11.46;;;
37.725148;-1.703060;436;0;-3;1222;26;142.24;11.44;;;
37.724969;-1.703087;436;0;-3;1222;26;142.26;11.42;;;
37.724791;-1.703113;435;0;-3;1222;26;142.28;11.4;;;
37.724433;-1.703165;434;0;-3;1222;26;142.32;11.36;;;
37.724255;-1.703191;434;0;-3;1222;26;142.34;11.34;;;
37.723897;-1.703244;432;0;-3;1222;26;142.38;11.3;;;
37.723719;-1.703269;431;0;-4;1222;26;142.4;11.28;;;
37.723361;-1.703223;430;0;-4;1222;26;142.44;11.24;;;
37.723182;-1.703200;429;0;-4;1222;26;142.46;11.22;;;
37.722823;-1.703179;427;0;-5;1222;26;142.5;11.18;;;
37.722469;-1.703253;425;0;-5;1222;26;142.54;11.14;;;
37.722299;-1.703326;424;0;-5;1222;26;142.56;11.12;;;
37.721961;-1.703478;422;0;-5;1222;26;142.6;11.08;;;
37.721788;-1.703541;421;0;-6;1222;26;142.62;11.06;;;
37.721443;-1.703666;419;0;-5;1222;26;142.66;11.02;;;
37.721269;-1.703723;418;0;-5;1222;26;142.68;11;;;
37.720911;-1.703776;415;0;-5;1222;26;142.72;10.96;;;
37.720733;-1.703801;414;0;-5;1222;26;142.74;10.94;;;
37.720554;-1.703819;413;0;-5;1222;26;142.76;10.92;;;
37.720374;-1.703819;412;0;-5;1222;26;142.78;10.9;;;
37.720014;-1.703819;410;0;-5;1222;26;142.82;10.86;;;
37.719834;-1.703819;409;0;-5;1222;26;142.84;10.84;;;
37.719479;-1.703862;408;0;-5;1222;26;142.88;10.8;;;
37.719304;-1.703918;407;0;-5;1222;26;142.9;10.78;;;
37.718959;-1.704044;405;0;-5;1222;26;142.94;10.74;;;
37.718787;-1.704110;404;0;-5;1222;26;142.96;10.72;;;
37.718446;-1.704253;402;0;-5;1222;26;143;10.68;;;
37.718179;-1.704542;400;0;-5;1222;26;143.04;10.64;;;
37.718086;-1.704736;399;0;-5;1222;26;143.06;10.62;;;
37.717917;-1.705137;397;0;-5;1222;26;143.1;10.58;;;
37.717808;-1.705309;396;0;-5;1222;26;143.12;10.56;;;
37.717509;-1.705559;394;0;-4;1222;26;143.16;10.52;;;
37.717389;-1.705728;393;0;-4;1222;26;143.18;10.5;;;
37.717090;-1.705950;391;0;-4;1222;26;143.22;10.46;;;
37.716913;-1.705992;391;0;-4;1222;26;143.24;10.44;;;
37.716735;-1.706026;390;0;-3;1222;26;143.26;10.42;;;
37.716558;-1.706060;389;0;-3;1222;26;143.28;10.4;;;
37.716202;-1.706127;388;0;-3;1222;26;143.32;10.36;43;;
37.716024;-1.706159;388;0;-3;1222;26;143.34;10.34;;;
37.715668;-1.706223;387;0;-2;1222;26;143.38;10.3;;;
37.715490;-1.706255;386;0;-2;1222;26;143.4;10.28;;;
37.715135;-1.706330;385;0;-2;1222;26;143.44;10.24;;;
37.714957;-1.706368;385;0;-2;1222;26;143.46;10.22;;;
37.714602;-1.706442;384;0;-2;1222;26;143.5;10.18;;;
37.714248;-1.706517;383;0;-2;1222;26;143.54;10.14;;;
37.714070;-1.706554;383;0;-2;1222;26;143.56;10.12;;;
37.713715;-1.706628;382;0;-2;1222;26;143.6;10.08;;;
37.713538;-1.706666;382;0;-2;1222;26;143.62;10.06;;;
37.713183;-1.706740;381;0;-2;1222;26;143.66;10.02;;;
37.713005;-1.706777;381;0;-2;1222;26;143.68;10;;;
37.712651;-1.706852;380;0;-2;1222;26;143.72;9.96;;;
37.712473;-1.706889;380;0;-2;1222;26;143.74;9.94;;;
37.712296;-1.706926;380;0;-2;1222;26;143.76;9.92;;;
37.712118;-1.706963;379;0;-2;1222;26;143.78;9.9;;;
37.711764;-1.707038;379;0;-1;1222;26;143.82;9.86;;;
37.711586;-1.707075;378;0;-1;1222;26;143.84;9.84;;;
37.711230;-1.707141;378;0;-1;1222;26;143.88;9.8;;;
37.711052;-1.707171;378;0;-2;1222;26;143.9;9.78;;;
37.710695;-1.707232;377;0;-1;1222;26;143.94;9.74;;;
37.710517;-1.707263;377;0;-2;1222;26;143.96;9.72;;;
37.710161;-1.707325;376;0;-2;1222;26;144;9.68;;;
37.709806;-1.707401;375;0;-2;1222;26;144.04;9.64;;;
37.709630;-1.707448;375;0;-2;1222;26;144.06;9.62;;;
37.709277;-1.707535;374;0;-2;1222;26;144.1;9.58;;;
37.709100;-1.707574;374;0;-2;1222;26;144.12;9.56;;;
37.708746;-1.707651;373;0;-2;1222;26;144.16;9.52;;;
37.708567;-1.707680;373;0;-2;1222;26;144.18;9.5;;;
37.708210;-1.707737;372;0;-2;1222;26;144.22;9.46;;;
37.708033;-1.707771;372;0;-2;1222;26;144.24;9.44;;;
37.707856;-1.707811;372;0;-2;1222;26;144.26;9.42;;;
37.707678;-1.707780;371;0;-2;1222;26;144.28;9.4;;;
37.707337;-1.707916;370;0;-2;1222;26;144.32;9.36;;;
37.707160;-1.707952;370;0;-2;1222;26;144.34;9.34;;;
37.706805;-1.708025;369;0;-2;1222;26;144.38;9.3;;;
37.706627;-1.708061;369;0;-2;1222;26;144.4;9.28;;;
37.706272;-1.708134;368;0;-2;1222;26;144.44;9.24;;;
37.706094;-1.708170;368;0;-2;1222;26;144.46;9.22;;;
37.705739;-1.708243;367;0;-2;1222;26;144.5;9.18;;;
37.705384;-1.708315;366;0;-2;1222;26;144.54;9.14;;;
37.705207;-1.708351;366;0;-2;1222;26;144.56;9.12;;;
37.704851;-1.708424;365;0;-3;1222;26;144.6;9.08;;;
37.704674;-1.708460;364;0;-3;1222;26;144.62;9.06;;;
37.704316;-1.708472;363;0;-3;1222;26;144.66;9.02;;;
37.704137;-1.708454;362;0;-2;1222;26;144.68;9;;;
37.703781;-1.708393;361;0;-2;1222;26;144.72;8.96;;;
37.703605;-1.708346;361;0;-2;1222;26;144.74;8.94;;;
37.703433;-1.708280;361;0;-2;1222;26;144.76;8.92;;;
37.703266;-1.708195;360;0;-2;1222;26;144.78;8.9;;;
37.702928;-1.708043;359;0;-2;1222;26;144.82;8.86;;;
37.702755;-1.707981;359;0;-2;1222;26;144.84;8.84;;;
37.702409;-1.707858;358;0;-2;1222;26;144.88;8.8;;;
37.702234;-1.707806;358;0;-2;1222;26;144.9;8.78;;;
37.701875;-1.707779;357;0;-2;1222;26;144.94;8.74;;;
37.701695;-1.707779;356;0;-2;1222;26;144.96;8.72;;;
37.701335;-1.707779;356;0;-2;1222;26;145;8.68;;;
37.700976;-1.707779;355;0;-1;1222;26;145.04;8.64;;;
37.700796;-1.707779;355;0;-1;1222;26;145.06;8.62;;;
37.700437;-1.707770;354;0;-1;1222;26;145.1;8.58;;;
37.700262;-1.707719;354;0;-1;1222;26;145.12;8.56;;;
37.699915;-1.707600;354;0;-1;1222;26;145.16;8.52;;;
37.699750;-1.707510;354;0;-1;1222;26;145.18;8.5;;;
37.699428;-1.707308;353;0;0;1222;26;145.22;8.46;;;
37.699268;-1.707203;353;0;0;1222;26;145.24;8.44;;;
37.699111;-1.707092;353;0;0;1222;26;145.26;8.42;;;
37.698954;-1.706981;353;0;0;1222;26;145.28;8.4;;;
37.698641;-1.706759;353;0;0;1222;26;145.32;8.36;;;
37.698485;-1.706644;353;0;0;1222;26;145.34;8.34;;;
37.698176;-1.706412;353;0;0;1222;26;145.38;8.3;;;
37.698021;-1.706296;353;0;0;1222;26;145.4;8.28;;;
37.697712;-1.706065;353;0;0;1222;26;145.44;8.24;;;
37.697557;-1.705949;353;0;0;1222;26;145.46;8.22;;;
37.697247;-1.705717;353;0;0;1222;26;145.5;8.18;;;
37.696938;-1.705485;353;0;0;1222;26;145.54;8.14;;;
37.696783;-1.705369;353;0;0;1222;26;145.56;8.12;;;
37.696474;-1.705137;353;0;0;1222;26;145.6;8.08;;;
37.696302;-1.705074;353;0;0;1222;26;145.62;8.06;;;
37.695951;-1.704975;353;0;0;1222;26;145.66;8.02;;;
37.695772;-1.704963;353;0;0;1222;26;145.68;8;;;
37.695416;-1.704920;353;0;0;1222;26;145.72;7.96;;;
37.695241;-1.704874;353;0;0;1222;26;145.74;7.94;;;
37.695078;-1.704779;353;0;0;1222;26;145.76;7.92;;;
37.694925;-1.704664;353;0;0;1222;26;145.78;7.9;;;
37.694674;-1.704348;353;0;0;1222;26;145.82;7.86;44;;
37.694528;-1.704215;353;0;0;1222;26;145.84;7.84;;;
37.694230;-1.703960;353;0;0;1222;26;145.88;7.8;;;
37.694072;-1.703854;352;0;0;1222;26;145.9;7.78;;;
37.693743;-1.703669;352;0;0;1222;26;145.94;7.74;;;
37.693579;-1.703576;352;0;0;1222;26;145.96;7.72;;;
37.693250;-1.703391;352;0;0;1222;26;146;7.68;;;
37.692893;-1.703357;352;0;0;1222;26;146.04;7.64;;;
37.692713;-1.703346;352;0;-1;1222;26;146.06;7.62;;;
37.692386;-1.703181;352;0;-1;1222;26;146.1;7.58;;;
37.692242;-1.703046;351;0;-1;1222;26;146.12;7.56;;;
37.691962;-1.702762;351;0;-1;1222;26;146.16;7.52;;;
37.691839;-1.702595;351;0;-1;1222;26;146.18;7.5;;;
37.691617;-1.702240;350;0;-2;1222;26;146.22;7.46;;;
37.691532;-1.702040;350;0;-2;1222;26;146.24;7.44;;;
37.691447;-1.701839;349;0;-2;1222;26;146.26;7.42;;;
37.691362;-1.701639;349;0;-2;1222;26;146.28;7.4;;;
37.691126;-1.701300;348;0;-2;1222;26;146.32;7.36;;;
37.690989;-1.701153;347;0;-2;1222;26;146.34;7.34;;;
37.690662;-1.700976;347;0;-2;1222;26;146.38;7.3;;;
37.690484;-1.700944;346;0;-2;1222;26;146.4;7.28;;;
37.690128;-1.700885;346;0;-2;1222;26;146.44;7.24;;;
37.689949;-1.700856;345;0;-2;1222;26;146.46;7.22;;;
37.689592;-1.700798;345;0;-2;1222;26;146.5;7.18;;;
37.689235;-1.700748;344;0;-2;1222;26;146.54;7.14;;;
37.689056;-1.700722;343;0;-2;1222;26;146.56;7.12;;;
37.688699;-1.700672;343;0;-2;1222;26;146.6;7.08;;;
37.688520;-1.700647;342;0;-2;1222;26;146.62;7.06;;;
37.688162;-1.700596;342;0;-2;1222;26;146.66;7.02;;;
37.687984;-1.700571;341;0;-2;1222;26;146.68;7;;;
37.687626;-1.700524;341;0;-2;1222;26;146.72;6.96;;;
37.687446;-1.700508;340;0;-1;1222;26;146.74;6.94;;;
37.687267;-1.700491;340;0;-1;1222;26;146.76;6.92;;;
37.687088;-1.700466;340;0;-2;1222;26;146.78;6.9;;;
37.686731;-1.700415;339;0;-1;1222;26;146.82;6.86;;;
37.686570;-1.700321;339;0;-2;1222;26;146.84;6.84;;;
37.686280;-1.700055;338;0;-1;1222;26;146.88;6.8;;;
37.686131;-1.699927;338;0;-1;1222;26;146.9;6.78;;;
37.685788;-1.699818;338;0;-1;1222;26;146.94;6.74;;;
37.685608;-1.699804;337;0;-1;1222;26;146.96;6.72;;;
37.685249;-1.699776;337;0;-1;1222;26;147;6.68;45;;
37.684890;-1.699749;337;0;-1;1222;26;147.04;6.64;;;
37.684710;-1.699735;336;0;-1;1222;26;147.06;6.62;;;
37.684351;-1.699708;336;0;-1;1222;26;147.1;6.58;;;
37.684172;-1.699693;336;0;-1;1222;26;147.12;6.56;;;
37.683813;-1.699663;336;0;-1;1222;26;147.16;6.52;;;
37.683634;-1.699644;336;0;-1;1222;26;147.18;6.5;;;
37.683275;-1.699605;335;0;-1;1222;26;147.22;6.46;;;
37.683099;-1.699560;335;0;-1;1222;26;147.24;6.44;;;
37.682928;-1.699490;335;0;-1;1222;26;147.26;6.42;;;
37.682763;-1.699401;335;0;-1;1222;26;147.28;6.4;;;
37.682432;-1.699222;334;0;-1;1222;26;147.32;6.36;;;
37.682273;-1.699118;334;0;-1;1222;26;147.34;6.34;;;
37.682033;-1.698787;334;0;0;1222;26;147.38;6.3;;;
37.681925;-1.698611;334;0;0;1222;26;147.4;6.28;;;
37.681672;-1.698319;334;0;0;1222;26;147.44;6.24;;;
37.681598;-1.698111;334;0;0;1222;26;147.46;6.22;;;
37.681453;-1.697696;334;0;0;1222;26;147.5;6.18;;;
37.681311;-1.697278;334;0;0;1222;26;147.54;6.14;;;
37.681239;-1.697070;333;0;0;1222;26;147.56;6.12;;;
37.681096;-1.696652;333;0;0;1222;26;147.6;6.08;;;
37.681056;-1.696436;333;0;0;1222;26;147.62;6.06;;;
37.681392;-1.696316;334;0;1;1222;26;147.66;6.02;;;
37.681561;-1.696239;334;0;1;1223;25;147.68;6;;;
37.681775;-1.695876;334;0;1;1223;25;147.72;5.96;;;
37.681866;-1.695683;334;0;1;1223;25;147.74;5.94;;;
37.681899;-1.695460;334;0;0;1223;25;147.76;5.92;;;
37.681918;-1.695234;334;0;0;1223;25;147.78;5.9;;;
37.681955;-1.694782;334;0;0;1223;25;147.82;5.86;;;
37.681970;-1.694555;335;0;0;1223;25;147.84;5.84;;;
37.681980;-1.694101;335;0;0;1223;25;147.88;5.8;;;
37.681985;-1.693874;335;0;0;1223;25;147.9;5.78;;;
37.681995;-1.693419;335;0;0;1223;25;147.94;5.74;;;
37.681997;-1.693192;335;0;0;1223;25;147.96;5.72;;;
37.681979;-1.692738;335;0;0;1224;24;148;5.68;;;
37.682025;-1.692288;335;0;0;1224;24;148.04;5.64;;;
37.682049;-1.692062;335;0;0;1224;24;148.06;5.62;;;
37.682101;-1.691613;335;0;0;1224;24;148.1;5.58;;;
37.682152;-1.691396;335;0;0;1224;24;148.12;5.56;;;
37.682211;-1.690947;335;0;0;1224;24;148.16;5.52;;;
37.682233;-1.690722;335;0;0;1224;24;148.18;5.5;;;
37.682273;-1.690270;335;0;0;1224;24;148.22;5.46;;;
37.682294;-1.690044;335;0;0;1224;24;148.24;5.44;;;
37.682315;-1.689819;335;0;0;1224;24;148.26;5.42;;;
37.682336;-1.689593;335;0;0;1224;24;148.28;5.4;;;
37.682368;-1.689140;335;0;0;1224;24;148.32;5.36;;;
37.682379;-1.688914;334;0;-1;1224;24;148.34;5.34;;;
37.682364;-1.688463;334;0;-1;1224;24;148.38;5.3;;;
37.682278;-1.688300;334;0;-1;1224;24;148.4;5.28;;;
37.681925;-1.688380;334;0;-1;1224;24;148.44;5.24;;;
37.681749;-1.688427;333;0;-1;1224;24;148.46;5.22;;;
37.681397;-1.688521;333;0;-1;1224;24;148.5;5.18;;;
37.681049;-1.688628;332;0;-1;1224;24;148.54;5.14;;;
37.680938;-1.688797;332;0;-1;1224;24;148.56;5.12;;;
37.680820;-1.689217;332;0;-1;1224;24;148.6;5.08;;;
37.680784;-1.689440;331;0;-1;1224;24;148.62;5.06;;;
37.680713;-1.689885;331;0;-1;1224;24;148.66;5.02;;;
37.680678;-1.690108;331;0;-1;1224;24;148.68;5;;;
37.680607;-1.690554;331;0;-1;1224;24;148.72;4.96;;;
37.680499;-1.690734;330;0;-1;1224;24;148.74;4.94;;;
37.680334;-1.690810;330;0;-1;1224;24;148.76;4.92;;;
37.680156;-1.690802;330;0;-1;1224;24;148.78;4.9;;;
37.679803;-1.690718;330;0;-1;1224;24;148.82;4.86;;;
37.679626;-1.690677;329;0;-1;1224;24;148.84;4.84;;;
37.679275;-1.690580;329;0;-1;1224;24;148.88;4.8;;;
37.679113;-1.690481;329;0;-1;1224;24;148.9;4.78;;;
37.678829;-1.690203;328;0;-1;1224;24;148.94;4.74;;;
37.678694;-1.690054;328;0;-1;1224;24;148.96;4.72;;;
37.678423;-1.689755;328;0;-2;1224;24;149;4.68;;;
37.678141;-1.689488;327;0;-2;1224;24;149.04;4.64;;;
37.677964;-1.689468;325;0;-2;1224;24;149.06;4.62;;;
37.677605;-1.689497;325;0;-2;1224;24;149.1;4.58;;;
37.677425;-1.689503;325;0;-1;1224;24;149.12;4.56;;;
37.677069;-1.689554;325;0;0;1224;24;149.16;4.52;;;
37.676894;-1.689605;324;0;0;1224;24;149.18;4.5;;;
37.676564;-1.689779;324;0;0;1224;24;149.22;4.46;;;
37.676404;-1.689884;324;0;0;1224;24;149.24;4.44;;;
37.676245;-1.689989;324;0;0;1224;24;149.26;4.42;;;
37.676085;-1.690095;324;0;0;1224;24;149.28;4.4;;;
37.675766;-1.690305;325;0;0;1224;24;149.32;4.36;;;
37.675607;-1.690409;325;0;0;1224;24;149.34;4.34;;;
37.675288;-1.690620;325;0;1;1224;24;149.38;4.3;;;
37.675129;-1.690726;325;0;0;1224;24;149.4;4.28;;;
37.674805;-1.690923;325;0;1;1225;23;149.44;4.24;;;
37.674628;-1.690952;325;0;1;1225;23;149.46;4.22;;;
37.674269;-1.690981;326;0;2;1225;23;149.5;4.18;;;
37.673924;-1.691068;327;0;2;1226;22;149.54;4.14;;;
37.673754;-1.690996;327;0;2;1227;21;149.56;4.12;;;
37.673404;-1.690985;328;0;1;1227;21;149.6;4.08;;;
37.673226;-1.691017;328;0;1;1227;21;149.62;4.06;;;
37.672870;-1.691079;328;0;0;1227;21;149.66;4.02;;;
37.672691;-1.691110;328;0;0;1227;21;149.68;4;;;
37.672335;-1.691172;328;0;0;1227;21;149.72;3.96;;;
37.672157;-1.691202;328;0;0;1227;21;149.74;3.94;;;
37.671979;-1.691237;328;0;0;1227;21;149.76;3.92;;;
37.671801;-1.691273;328;0;0;1227;21;149.78;3.9;;;
37.671446;-1.691346;328;0;0;1227;21;149.82;3.86;;;
37.671269;-1.691382;328;0;0;1227;21;149.84;3.84;;;
37.670914;-1.691455;328;0;0;1227;21;149.88;3.8;;;
37.670736;-1.691491;328;0;0;1227;21;149.9;3.78;;;
37.670381;-1.691564;328;0;0;1227;21;149.94;3.74;;;
37.670204;-1.691600;328;0;0;1227;21;149.96;3.72;;;
37.669848;-1.691672;328;0;0;1227;21;150;3.68;;;
37.669493;-1.691745;328;0;-1;1227;21;150.04;3.64;;;
37.669316;-1.691782;328;0;-1;1227;21;150.06;3.62;;;
37.668986;-1.691881;327;0;-2;1227;21;150.1;3.58;;;
37.668812;-1.691938;326;0;-2;1227;21;150.12;3.56;;;
37.668458;-1.691970;325;0;-2;1227;21;150.16;3.52;;;
37.668282;-1.692014;325;0;-2;1227;21;150.18;3.5;;;
37.667937;-1.692143;325;0;-1;1227;21;150.22;3.46;;;
37.667764;-1.692208;325;0;-1;1227;21;150.24;3.44;;;
37.667590;-1.692262;324;0;-1;1227;21;150.26;3.42;;;
37.667414;-1.692309;324;0;-1;1227;21;150.28;3.4;;;
37.667059;-1.692385;324;0;-1;1227;21;150.32;3.36;;;
37.666881;-1.692417;324;0;-1;1227;21;150.34;3.34;;;
37.666524;-1.692466;323;0;-1;1227;21;150.38;3.3;;;
37.666345;-1.692484;323;0;-1;1227;21;150.4;3.28;;;
37.665986;-1.692519;323;0;0;1227;21;150.44;3.24;;;
37.665806;-1.692525;323;0;0;1227;21;150.46;3.22;;;
37.665447;-1.692537;323;0;-1;1227;21;150.5;3.18;;;
37.665088;-1.692570;323;0;0;1227;21;150.54;3.14;;;
37.664910;-1.692597;323;0;0;1227;21;150.56;3.12;;;
37.664561;-1.692708;322;0;0;1227;21;150.6;3.08;;;
37.664392;-1.692784;322;0;0;1227;21;150.62;3.06;;;
37.664059;-1.692955;322;0;-1;1227;21;150.66;3.02;;;
37.663892;-1.693041;322;0;0;1227;21;150.68;3;;;
37.663561;-1.693217;322;0;-1;1227;21;150.72;2.96;;;
37.663397;-1.693311;322;0;-1;1227;21;150.74;2.94;;;
37.663231;-1.693400;322;0;-1;1227;21;150.76;2.92;;;
37.663066;-1.693489;322;0;-1;1227;21;150.78;2.9;;;
37.662917;-1.693850;321;0;-1;1227;21;150.82;2.86;;;
37.662884;-1.694064;321;0;-1;1227;21;150.84;2.84;;;
37.662576;-1.694285;321;0;-1;1227;21;150.88;2.8;;;
37.662421;-1.694399;321;0;-1;1227;21;150.9;2.78;;;
37.662113;-1.694635;320;0;-1;1227;21;150.94;2.74;;;
37.661972;-1.694776;320;0;-1;1227;21;150.96;2.72;;;
37.661708;-1.695084;320;0;-1;1227;21;151;2.68;;;
37.661453;-1.695404;320;0;0;1227;21;151.04;2.64;;;
37.661331;-1.695571;320;0;0;1227;21;151.06;2.62;;;
37.661088;-1.695905;320;0;0;1227;21;151.1;2.58;;;
37.660966;-1.696073;320;0;0;1227;21;151.12;2.56;;;
37.660722;-1.696407;319;0;0;1227;21;151.16;2.52;;;
37.660601;-1.696574;319;0;-1;1227;21;151.18;2.5;;;
37.660357;-1.696909;319;0;-1;1227;21;151.22;2.46;;;
37.660235;-1.697076;319;0;-1;1227;21;151.24;2.44;;;
37.660107;-1.697235;319;0;-1;1227;21;151.26;2.42;;;
37.659976;-1.697390;319;0;-1;1227;21;151.28;2.4;;;
37.659695;-1.697672;318;0;0;1227;21;151.32;2.36;46;;
37.659545;-1.697798;318;0;0;1227;21;151.34;2.34;;;
37.659246;-1.698051;318;0;0;1227;21;151.38;2.3;;;
37.659097;-1.698177;318;0;0;1227;21;151.4;2.28;;;
37.658796;-1.698426;318;0;0;1227;21;151.44;2.24;;;
37.658645;-1.698550;318;0;0;1227;21;151.46;2.22;;;
37.658343;-1.698796;318;0;0;1227;21;151.5;2.18;;;
37.658041;-1.699043;318;0;0;1227;21;151.54;2.14;;;
37.657890;-1.699166;318;0;0;1227;21;151.56;2.12;;;
37.657588;-1.699414;318;0;0;1227;21;151.6;2.08;;;
37.657437;-1.699537;317;0;0;1227;21;151.62;2.06;;;
37.657135;-1.699784;317;0;0;1227;21;151.66;2.02;;;
37.656984;-1.699907;317;0;0;1227;21;151.68;2;;;
37.656679;-1.700149;317;0;0;1227;21;151.72;1.96;;;
37.656526;-1.700267;317;0;0;1227;21;151.74;1.94;;;
37.656372;-1.700385;317;0;0;1227;21;151.76;1.92;;;
37.656218;-1.700502;317;0;0;1227;21;151.78;1.9;;;
37.655911;-1.700739;317;0;0;1227;21;151.82;1.86;;;
37.655757;-1.700857;317;0;0;1227;21;151.84;1.84;;;
37.655454;-1.701099;317;0;0;1227;21;151.88;1.8;;;
37.655327;-1.701259;317;0;0;1227;21;151.9;1.78;;;
37.655231;-1.701684;317;0;1;1227;21;151.94;1.74;;;
37.655244;-1.701909;317;0;1;1228;20;151.96;1.72;;;
37.655408;-1.702305;318;0;1;1229;19;152;1.68;;;
37.655646;-1.702647;319;0;1;1229;19;152.04;1.64;;;
37.655764;-1.702818;319;0;1;1229;19;152.06;1.62;;;
37.656001;-1.703160;319;0;1;1230;18;152.1;1.58;;;
37.656119;-1.703331;319;0;1;1230;18;152.12;1.56;;;
37.656356;-1.703673;319;0;1;1230;18;152.16;1.52;;;
37.656475;-1.703843;320;0;1;1230;18;152.18;1.5;;;
37.656701;-1.704196;321;0;2;1231;17;152.22;1.46;;;
37.656814;-1.704373;321;0;2;1231;17;152.24;1.44;;;
37.656926;-1.704550;321;0;2;1231;17;152.26;1.42;;;
37.657039;-1.704727;321;0;2;1232;16;152.28;1.4;;;
37.657257;-1.705088;322;0;3;1232;16;152.32;1.36;;;
37.657370;-1.705265;323;0;3;1233;15;152.34;1.34;;;
37.657660;-1.705508;325;0;3;1235;13;152.38;1.3;;;
37.657839;-1.705514;325;0;3;1236;12;152.4;1.28;;;
37.658167;-1.705330;326;0;2;1236;12;152.44;1.24;;;
37.658318;-1.705207;326;0;2;1237;11;152.46;1.22;;;
37.658645;-1.705024;327;0;1;1237;11;152.5;1.18;;;
37.658990;-1.704896;328;0;1;1238;10;152.54;1.14;;;
37.659163;-1.704835;328;0;1;1238;10;152.56;1.12;;;
37.659503;-1.704690;328;0;1;1239;9;152.6;1.08;;;
37.659669;-1.704604;328;0;1;1239;9;152.62;1.06;;;
37.660023;-1.704518;329;0;1;1239;9;152.66;1.02;;;
37.660201;-1.704489;329;0;1;1240;8;152.68;1;;;
37.660558;-1.704437;329;0;1;1240;8;152.72;0.96;;;
37.660737;-1.704411;330;0;1;1240;8;152.74;0.94;;;
37.660916;-1.704384;330;0;1;1240;8;152.76;0.92;;;
37.661094;-1.704358;330;0;1;1241;7;152.78;0.9;;;
37.661452;-1.704306;330;0;1;1241;7;152.82;0.86;;;
37.661630;-1.704280;331;0;1;1241;7;152.84;0.84;;;
37.661988;-1.704228;331;0;1;1242;6;152.88;0.8;;;
37.662166;-1.704202;331;0;1;1242;6;152.9;0.78;;;
37.662524;-1.704150;332;0;1;1242;6;152.94;0.74;;;
37.662702;-1.704124;332;0;2;1243;5;152.96;0.72;;;
37.663060;-1.704071;332;0;2;1243;5;153;0.68;;;
37.663410;-1.703976;334;0;2;1244;4;153.04;0.64;;;
37.663581;-1.703906;334;0;2;1244;4;153.06;0.62;;;
37.663923;-1.703765;334;0;1;1245;3;153.1;0.58;;;
37.664094;-1.703694;334;0;1;1245;3;153.12;0.56;;;
37.664436;-1.703554;335;0;1;1245;3;153.16;0.52;;;
37.664607;-1.703483;335;0;1;1245;3;153.18;0.5;;;
37.664949;-1.703344;335;0;2;1246;2;153.22;0.46;;;
37.665124;-1.703289;335;0;2;1246;2;153.24;0.44;;;
37.665298;-1.703233;336;0;2;1246;2;153.26;0.42;;;
37.665361;-1.703385;337;0;2;1248;0;153.28;0.4;;;
37.665055;-1.703622;338;0;2;1248;0;153.32;0.36;;;
37.664902;-1.703742;338;0;1;1248;0;153.34;0.34;;;
37.664597;-1.703982;338;0;0;1248;0;153.38;0.3;;;
37.664443;-1.704101;338;0;0;1248;0;153.4;0.28;;;
37.664137;-1.704339;338;0;-1;1248;0;153.44;0.24;;;
37.663984;-1.704458;337;0;-1;1248;0;153.46;0.22;;;
37.663677;-1.704696;337;0;-1;1248;0;153.5;0.18;;;
37.663371;-1.704934;337;0;-1;1248;0;153.54;0.14;;;
37.663218;-1.705053;337;0;-1;1248;0;153.56;0.12;;;
37.662911;-1.705291;336;0;-1;1248;0;153.6;0.08;;;
37.662758;-1.705410;336;0;-1;1248;0;153.62;0.06;;;
37.662451;-1.705648;336;0;-1;1248;0;153.66;0.02;;;
37.662288;-1.705774;336;0;-1;1248;0;153.68;0;46;arrival;
